{"player":2,"street":0,"children":2,"sequence":[{"player":0,"type":"R","amount":200000,"street":0},{"player":1,"type":"F","amount":0,"street":0},{"player":2,"type":"C","amount":200000,"street":0},{"player":3,"type":"F","amount":0,"street":0},{"player":4,"type":"F","amount":0,"street":0},{"player":5,"type":"R","amount":945000,"street":0},{"player":0,"type":"R","amount":1465000,"street":0}],"actions":[{"type":"F","amount":0},{"type":"C","amount":785000}],"hands":{"22":{"weight":0.0,"played":[0.0256,0.9744],"evs":[0.0,1.57685]},"32o":{"weight":0.0,"played":[1.0,0.0],"evs":[0.0,-2.30237]},"42o":{"weight":0.0,"played":[1.0,0.0],"evs":[0.0,-2.46172]},"52o":{"weight":0.0,"played":[1.0,0.0],"evs":[0.0,-1.53462]},"62o":{"weight":0.0,"played":[1.0,0.0],"evs":[0.0,-1.77776]},"72o":{"weight":0.0,"played":[1.0,0.0],"evs":[0.0,-2.33297]},"82o":{"weight":0.0,"played":[1.0,0.0],"evs":[0.0,-2.37086]},"92o":{"weight":0.0,"played":[1.0,0.0],"evs":[0.0,-2.01013]},"T2o":{"weight":0.0,"played":[1.0,0.0],"evs":[0.0,-2.33108]},"J2o":{"weight":0.0,"played":[1.0,0.0],"evs":[0.0,-1.88631]},"Q2o":{"weight":0.0,"played":[1.0,0.0],"evs":[0.0,-1.69264]},"K2o":{"weight":0.0,"played":[0.9999,1.0E-4],"evs":[0.0,-1.35077]},"A2o":{"weight":0.0,"played":[0.9991,9.0E-4],"evs":[0.0,-2.99504]},"32s":{"weight":0.0,"played":[0.9993,7.0E-4],"evs":[0.0,-0.52273]},"33":{"weight":0.0,"played":[0.0037,0.9963],"evs":[0.0,2.62322]},"43o":{"weight":0.0,"played":[0.9998,2.0E-4],"evs":[0.0,-1.3211]},"53o":{"weight":0.0,"played":[1.0,0.0],"evs":[0.0,-0.7985]},"63o":{"weight":0.0,"played":[1.0,0.0],"evs":[0.0,-1.0548]},"73o":{"weight":0.0,"played":[1.0,0.0],"evs":[0.0,-1.75323]},"83o":{"weight":0.0,"played":[1.0,0.0],"evs":[0.0,-2.10637]},"93o":{"weight":0.0,"played":[0.9999,1.0E-4],"evs":[0.0,-1.75485]},"T3o":{"weight":0.0,"played":[1.0,0.0],"evs":[0.0,-1.72269]},"J3o":{"weight":0.0,"played":[1.0,0.0],"evs":[0.0,-1.4837]},"Q3o":{"weight":0.0,"played":[1.0,0.0],"evs":[0.0,-1.288]},"K3o":{"weight":0.0,"played":[1.0,0.0],"evs":[0.0,-0.90595]},"A3o":{"weight":0.0,"played":[0.999,0.001],"evs":[0.0,-2.25145]},"42s":{"weight":0.0,"played":[0.9989,0.0011],"evs":[0.0,-0.74038]},"43s":{"weight":0.0,"played":[0.8396,0.1604],"evs":[0.0,-0.06946]},"44":{"weight":0.0,"played":[0.0021,0.9979],"evs":[0.0,3.40919]},"54o":{"weight":0.0,"played":[0.9115,0.0885],"evs":[0.0,-0.24296]},"64o":{"weight":0.0,"played":[0.9996,4.0E-4],"evs":[0.0,-0.44736]},"74o":{"weight":0.0,"played":[1.0,0.0],"evs":[0.0,-0.72035]},"84o":{"weight":0.0,"played":[1.0,0.0],"evs":[0.0,-1.4346]},"94o":{"weight":0.0,"played":[1.0,0.0],"evs":[0.0,-1.59891]},"T4o":{"weight":0.0,"played":[1.0,0.0],"evs":[0.0,-1.55635]},"J4o":{"weight":0.0,"played":[1.0,0.0],"evs":[0.0,-1.05653]},"Q4o":{"weight":0.0,"played":[1.0,0.0],"evs":[0.0,-1.00236]},"K4o":{"weight":0.0,"played":[0.9998,2.0E-4],"evs":[0.0,-0.49784]},"A4o":{"weight":0.0,"played":[0.997,0.003],"evs":[0.0,-1.90677]},"52s":{"weight":0.0,"played":[0.6614,0.3386],"evs":[0.0,-0.29233]},"53s":{"weight":0.0,"played":[0.175,0.825],"evs":[0.0,0.32474]},"54s":{"weight":0.0,"played":[0.0322,0.9678],"evs":[0.0,0.84839]},"55":{"weight":3.0E-4,"played":[2.0E-4,0.9998],"evs":[0.0,3.98393]},"65o":{"weight":0.0,"played":[0.2595,0.7405],"evs":[0.0,0.65629]},"75o":{"weight":0.0,"played":[0.9773,0.0227],"evs":[0.0,0.02881]},"85o":{"weight":0.0,"played":[0.9999,1.0E-4],"evs":[0.0,-0.0688]},"95o":{"weight":0.0,"played":[1.0,0.0],"evs":[0.0,-0.63073]},"T5o":{"weight":0.0,"played":[1.0,0.0],"evs":[0.0,-0.81359]},"J5o":{"weight":0.0,"played":[0.9999,1.0E-4],"evs":[0.0,-0.55963]},"Q5o":{"weight":0.0,"played":[1.0,0.0],"evs":[0.0,-0.20315]},"K5o":{"weight":0.0,"played":[0.9109,0.0891],"evs":[0.0,-0.00107]},"A5o":{"weight":0.0,"played":[0.9977,0.0023],"evs":[0.0,-1.52259]},"62s":{"weight":0.0,"played":[0.9995,5.0E-4],"evs":[0.0,-0.72862]},"63s":{"weight":0.0,"played":[0.6007,0.3993],"evs":[0.0,-0.4031]},"64s":{"weight":0.0,"played":[0.0388,0.9612],"evs":[0.0,0.74408]},"65s":{"weight":0.0,"played":[0.0563,0.9437],"evs":[0.0,1.31118]},"66":{"weight":0.895,"played":[0.0,1.0],"evs":[0.0,4.41102]},"76o":{"weight":0.0,"played":[0.4179,0.5821],"evs":[0.0,0.65744]},"86o":{"weight":0.0,"played":[0.6715,0.3285],"evs":[0.0,0.14538]},"96o":{"weight":0.0,"played":[0.717,0.283],"evs":[0.0,0.05935]},"T6o":{"weight":0.0,"played":[1.0,0.0],"evs":[0.0,-0.16378]},"J6o":{"weight":0.0,"played":[1.0,0.0],"evs":[0.0,-0.42031]},"Q6o":{"weight":0.0,"played":[0.9514,0.0486],"evs":[0.0,0.09212]},"K6o":{"weight":0.0,"played":[0.6496,0.3504],"evs":[0.0,0.12843]},"A6o":{"weight":0.0,"played":[0.9998,2.0E-4],"evs":[0.0,-1.69509]},"72s":{"weight":0.0,"played":[1.0,0.0],"evs":[0.0,-1.26573]},"73s":{"weight":0.0,"played":[0.9595,0.0405],"evs":[0.0,-0.49366]},"74s":{"weight":0.0,"played":[0.4102,0.5898],"evs":[0.0,0.94181]},"75s":{"weight":0.0,"played":[0.0765,0.9235],"evs":[0.0,1.03533]},"76s":{"weight":0.0,"played":[1.0E-4,0.9999],"evs":[0.0,2.12112]},"77":{"weight":0.0071,"played":[0.0,1.0],"evs":[0.0,4.31074]},"87o":{"weight":0.0,"played":[0.4533,0.5467],"evs":[0.0,0.8335]},"97o":{"weight":0.0,"played":[0.2977,0.7023],"evs":[0.0,0.43771]},"T7o":{"weight":0.0,"played":[0.9173,0.0827],"evs":[0.0,0.04019]},"J7o":{"weight":0.0,"played":[0.913,0.087],"evs":[0.0,0.08352]},"Q7o":{"weight":0.0,"played":[1.0,0.0],"evs":[0.0,-0.04761]},"K7o":{"weight":0.0,"played":[0.623,0.377],"evs":[0.0,0.41838]},"A7o":{"weight":0.0,"played":[0.9997,3.0E-4],"evs":[0.0,-1.78237]},"82s":{"weight":0.0,"played":[0.9997,3.0E-4],"evs":[0.0,-0.84401]},"83s":{"weight":0.0,"played":[0.9998,2.0E-4],"evs":[0.0,-0.47149]},"84s":{"weight":0.0,"played":[0.8245,0.1755],"evs":[0.0,-0.1498]},"85s":{"weight":0.0,"played":[0.1855,0.8145],"evs":[0.0,0.67207]},"86s":{"weight":0.0,"played":[0.0043,0.9957],"evs":[0.0,1.5662]},"87s":{"weight":0.0,"played":[0.0916,0.9084],"evs":[0.0,1.69838]},"88":{"weight":0.3397,"played":[0.0,1.0],"evs":[0.0,4.78184]},"98o":{"weight":0.0,"played":[0.3581,0.6419],"evs":[0.0,0.69985]},"T8o":{"weight":0.0,"played":[0.2579,0.7421],"evs":[0.0,0.5805]},"J8o":{"weight":0.0,"played":[0.5977,0.4023],"evs":[0.0,0.4725]},"Q8o":{"weight":0.0,"played":[0.4761,0.5239],"evs":[0.0,0.52401]},"K8o":{"weight":0.0,"played":[0.5235,0.4765],"evs":[0.0,0.47922]},"A8o":{"weight":0.0,"played":[0.9992,8.0E-4],"evs":[0.0,-1.34574]},"92s":{"weight":0.0,"played":[1.0,0.0],"evs":[0.0,-0.76917]},"93s":{"weight":0.0,"played":[0.9999,1.0E-4],"evs":[0.0,-0.55194]},"94s":{"weight":0.0,"played":[0.9999,1.0E-4],"evs":[0.0,-0.48317]},"95s":{"weight":0.0,"played":[0.0128,0.9872],"evs":[0.0,0.78188]},"96s":{"weight":0.0,"played":[0.2154,0.7846],"evs":[0.0,1.37071]},"97s":{"weight":0.0,"played":[0.0669,0.9331],"evs":[0.0,1.91769]},"98s":{"weight":0.0,"played":[0.0229,0.9771],"evs":[0.0,2.18245]},"99":{"weight":3.0E-4,"played":[2.0E-4,0.9998],"evs":[0.0,5.28227]},"T9o":{"weight":0.0,"played":[0.1537,0.8463],"evs":[0.0,1.1155]},"J9o":{"weight":0.0,"played":[0.2612,0.7388],"evs":[0.0,0.94687]},"Q9o":{"weight":0.0,"played":[0.2681,0.7319],"evs":[0.0,0.65413]},"K9o":{"weight":0.0,"played":[0.0743,0.9257],"evs":[0.0,0.70561]},"A9o":{"weight":2.0E-4,"played":[0.9968,0.0032],"evs":[0.0,-1.02612]},"T2s":{"weight":0.0,"played":[1.0,0.0],"evs":[0.0,-1.05454]},"T3s":{"weight":0.0,"played":[0.9993,7.0E-4],"evs":[0.0,-0.54442]},"T4s":{"weight":0.0,"played":[0.9992,8.0E-4],"evs":[0.0,-0.46605]},"T5s":{"weight":0.0,"played":[0.4227,0.5773],"evs":[0.0,0.16766]},"T6s":{"weight":0.0,"played":[0.1026,0.8974],"evs":[0.0,1.09057]},"T7s":{"weight":0.0,"played":[0.0479,0.9521],"evs":[0.0,1.53368]},"T8s":{"weight":0.0,"played":[0.0357,0.9643],"evs":[0.0,1.96355]},"T9s":{"weight":0.0,"played":[0.0051,0.9949],"evs":[0.0,2.15657]},"TT":{"weight":0.0,"played":[0.0,1.0],"evs":[0.0,6.72588]},"JTo":{"weight":0.0,"played":[0.1279,0.8721],"evs":[0.0,1.5184]},"QTo":{"weight":0.0,"played":[0.0258,0.9742],"evs":[0.0,1.35271]},"KTo":{"weight":0.0,"played":[0.0121,0.9879],"evs":[0.0,1.1432]},"ATo":{"weight":0.0,"played":[0.0055,0.9945],"evs":[0.0,0.7657]},"J2s":{"weight":0.0,"played":[0.9989,0.0011],"evs":[0.0,-0.44465]},"J3s":{"weight":0.0,"played":[0.9981,0.0019],"evs":[0.0,-0.00487]},"J4s":{"weight":0.0,"played":[0.4234,0.5766],"evs":[0.0,0.58751]},"J5s":{"weight":0.0,"played":[0.0379,0.9621],"evs":[0.0,0.64554]},"J6s":{"weight":0.0,"played":[0.0461,0.9539],"evs":[0.0,0.42712]},"J7s":{"weight":0.0,"played":[0.2907,0.7093],"evs":[0.0,0.94104]},"J8s":{"weight":0.0,"played":[0.0597,0.9403],"evs":[0.0,1.16865]},"J9s":{"weight":0.0,"played":[0.0102,0.9898],"evs":[0.0,2.28727]},"JTs":{"weight":0.0,"played":[0.0331,0.9669],"evs":[0.0,2.40535]},"JJ":{"weight":0.0,"played":[0.0,1.0],"evs":[0.0,8.27766]},"QJo":{"weight":0.0,"played":[0.012,0.988],"evs":[0.0,1.47039]},"KJo":{"weight":0.0,"played":[2.0E-4,0.9998],"evs":[0.0,1.64259]},"AJo":{"weight":0.0,"played":[0.0,1.0],"evs":[0.0,1.87685]},"Q2s":{"weight":0.0,"played":[0.9199,0.0801],"evs":[0.0,-0.36896]},"Q3s":{"weight":0.0,"played":[0.5452,0.4548],"evs":[0.0,-0.23642]},"Q4s":{"weight":0.0,"played":[0.2575,0.7425],"evs":[0.0,0.21941]},"Q5s":{"weight":0.0,"played":[0.1011,0.8989],"evs":[0.0,0.7834]},"Q6s":{"weight":0.0,"played":[0.1487,0.8513],"evs":[0.0,1.43285]},"Q7s":{"weight":0.0,"played":[0.0405,0.9595],"evs":[0.0,1.03793]},"Q8s":{"weight":0.0,"played":[0.0094,0.9906],"evs":[0.0,2.09488]},"Q9s":{"weight":0.0,"played":[0.013,0.987],"evs":[0.0,2.06897]},"QTs":{"weight":0.0,"played":[0.0112,0.9888],"evs":[0.0,2.60264]},"QJs":{"weight":1.0,"played":[0.0,1.0],"evs":[0.0,2.71184]},"QQ":{"weight":0.0,"played":[0.0,1.0],"evs":[0.0,10.43656]},"KQo":{"weight":0.2777,"played":[1.0E-4,0.9999],"evs":[0.0,2.02291]},"AQo":{"weight":0.0,"played":[0.0,1.0],"evs":[0.0,3.37532]},"K2s":{"weight":0.0,"played":[0.2964,0.7036],"evs":[0.0,-0.01018]},"K3s":{"weight":0.0,"played":[0.1993,0.8007],"evs":[0.0,0.51974]},"K4s":{"weight":0.0,"played":[0.0232,0.9768],"evs":[0.0,0.39896]},"K5s":{"weight":0.0,"played":[0.0112,0.9888],"evs":[0.0,0.94862]},"K6s":{"weight":0.0,"played":[0.0132,0.9868],"evs":[0.0,1.67696]},"K7s":{"weight":0.0,"played":[0.0052,0.9948],"evs":[0.0,1.4446]},"K8s":{"weight":0.0,"played":[7.0E-4,0.9993],"evs":[0.0,1.54767]},"K9s":{"weight":0.0,"played":[0.0635,0.9365],"evs":[0.0,1.79442]},"KTs":{"weight":0.7009,"played":[7.0E-4,0.9993],"evs":[0.0,2.31876]},"KJs":{"weight":0.0139,"played":[0.0015,0.9985],"evs":[0.0,2.82292]},"KQs":{"weight":0.0,"played":[0.0,1.0],"evs":[0.0,2.76903]},"KK":{"weight":0.0,"played":[0.0,1.0],"evs":[0.0,12.31207]},"AKo":{"weight":0.0,"played":[0.0,1.0],"evs":[0.0,5.4082]},"A2s":{"weight":0.0,"played":[0.9737,0.0263],"evs":[0.0,-0.89973]},"A3s":{"weight":0.0,"played":[0.9076,0.0924],"evs":[0.0,-0.99306]},"A4s":{"weight":8.0E-4,"played":[0.9612,0.0388],"evs":[0.0,-0.73492]},"A5s":{"weight":0.5214,"played":[0.8395,0.1605],"evs":[0.0,-0.09326]},"A6s":{"weight":0.0,"played":[0.326,0.674],"evs":[0.0,0.27584]},"A7s":{"weight":0.0248,"played":[0.8826,0.1174],"evs":[0.0,0.08283]},"A8s":{"weight":0.2093,"played":[0.2527,0.7473],"evs":[0.0,0.44413]},"A9s":{"weight":0.0,"played":[2.0E-4,0.9998],"evs":[0.0,0.44733]},"ATs":{"weight":0.0,"played":[0.0,1.0],"evs":[0.0,1.84306]},"AJs":{"weight":0.0,"played":[0.0,1.0],"evs":[0.0,2.879]},"AQs":{"weight":0.0,"played":[0.0,1.0],"evs":[0.0,4.96729]},"AKs":{"weight":0.0,"played":[0.0,1.0],"evs":[0.0,6.47075]},"AA":{"weight":0.1302,"played":[0.0,1.0],"evs":[0.0,17.52794]}}}