{"player":5,"street":0,"children":3,"sequence":[{"player":0,"type":"R","amount":200000,"street":0},{"player":1,"type":"F","amount":0,"street":0},{"player":2,"type":"C","amount":200000,"street":0},{"player":3,"type":"F","amount":0,"street":0},{"player":4,"type":"C","amount":150000,"street":0}],"actions":[{"type":"F","amount":0},{"type":"C","amount":100000},{"type":"R","amount":945000,"node":166}],"hands":{"22":{"weight":1.0,"played":[0.0329,0.967,1.0E-4],"evs":[0.0,0.5934,-1.65529]},"32o":{"weight":1.0,"played":[0.9998,2.0E-4,0.0],"evs":[0.0,-0.66085,-3.75483]},"42o":{"weight":1.0,"played":[0.9996,4.0E-4,0.0],"evs":[0.0,-0.71334,-3.79879]},"52o":{"weight":1.0,"played":[1.0,0.0,0.0],"evs":[0.0,-0.68933,-3.70263]},"62o":{"weight":1.0,"played":[0.9996,4.0E-4,0.0],"evs":[0.0,-0.7944,-4.04161]},"72o":{"weight":1.0,"played":[0.9998,2.0E-4,0.0],"evs":[0.0,-0.75016,-4.33747]},"82o":{"weight":1.0,"played":[0.9999,1.0E-4,0.0],"evs":[0.0,-0.91521,-4.20166]},"92o":{"weight":1.0,"played":[1.0,0.0,0.0],"evs":[0.0,-0.77897,-4.10949]},"T2o":{"weight":1.0,"played":[1.0,0.0,0.0],"evs":[0.0,-0.94789,-4.12056]},"J2o":{"weight":1.0,"played":[0.9998,1.0E-4,0.0],"evs":[0.0,-0.8943,-4.08347]},"Q2o":{"weight":1.0,"played":[0.9992,8.0E-4,0.0],"evs":[0.0,-0.76079,-4.41863]},"K2o":{"weight":1.0,"played":[0.9998,2.0E-4,0.0],"evs":[0.0,-0.68342,-3.49995]},"A2o":{"weight":1.0,"played":[0.9537,0.0463,0.0],"evs":[0.0,-0.19961,-2.0886]},"32s":{"weight":1.0,"played":[0.9976,0.0023,1.0E-4],"evs":[0.0,-0.21181,-2.36633]},"33":{"weight":1.0,"played":[0.0077,0.9471,0.0452],"evs":[0.0,0.51424,-1.26112]},"43o":{"weight":1.0,"played":[0.9998,2.0E-4,0.0],"evs":[0.0,-0.5757,-3.32407]},"53o":{"weight":1.0,"played":[1.0,0.0,0.0],"evs":[0.0,-0.64843,-3.36723]},"63o":{"weight":1.0,"played":[0.9998,2.0E-4,0.0],"evs":[0.0,-0.64259,-3.36573]},"73o":{"weight":1.0,"played":[0.9997,3.0E-4,0.0],"evs":[0.0,-0.83083,-3.7847]},"83o":{"weight":1.0,"played":[1.0,0.0,0.0],"evs":[0.0,-0.64169,-4.1596]},"93o":{"weight":1.0,"played":[1.0,0.0,0.0],"evs":[0.0,-0.86997,-4.07701]},"T3o":{"weight":1.0,"played":[1.0,0.0,0.0],"evs":[0.0,-0.82497,-3.73129]},"J3o":{"weight":1.0,"played":[1.0,0.0,0.0],"evs":[0.0,-0.74847,-3.83836]},"Q3o":{"weight":1.0,"played":[1.0,0.0,0.0],"evs":[0.0,-0.59068,-4.12095]},"K3o":{"weight":1.0,"played":[0.9992,8.0E-4,0.0],"evs":[0.0,-0.60403,-3.56576]},"A3o":{"weight":1.0,"played":[0.9723,0.0275,2.0E-4],"evs":[0.0,-0.03551,-1.69791]},"42s":{"weight":1.0,"played":[0.9998,2.0E-4,0.0],"evs":[0.0,-0.69139,-3.18135]},"43s":{"weight":1.0,"played":[0.9805,0.0195,1.0E-4],"evs":[0.0,-0.17776,-1.41066]},"44":{"weight":1.0,"played":[0.0117,0.9871,0.0012],"evs":[0.0,0.32337,-1.28329]},"54o":{"weight":1.0,"played":[0.9995,3.0E-4,2.0E-4],"evs":[0.0,-0.4088,-2.65081]},"64o":{"weight":1.0,"played":[0.997,0.003,0.0],"evs":[0.0,-0.59821,-2.9456]},"74o":{"weight":1.0,"played":[1.0,0.0,0.0],"evs":[0.0,-0.49103,-2.82723]},"84o":{"weight":1.0,"played":[1.0,0.0,0.0],"evs":[0.0,-0.75291,-3.73135]},"94o":{"weight":1.0,"played":[0.9999,1.0E-4,0.0],"evs":[0.0,-0.8278,-4.1768]},"T4o":{"weight":1.0,"played":[0.9996,4.0E-4,0.0],"evs":[0.0,-0.71774,-3.58348]},"J4o":{"weight":1.0,"played":[0.9993,7.0E-4,0.0],"evs":[0.0,-0.76313,-3.73468]},"Q4o":{"weight":1.0,"played":[1.0,0.0,0.0],"evs":[0.0,-0.67562,-3.68804]},"K4o":{"weight":1.0,"played":[1.0,0.0,0.0],"evs":[0.0,-0.58794,-3.43119]},"A4o":{"weight":1.0,"played":[0.2017,0.7982,1.0E-4],"evs":[0.0,0.0234,-1.22851]},"52s":{"weight":1.0,"played":[0.9924,0.0076,0.0],"evs":[0.0,-0.14166,-1.86511]},"53s":{"weight":1.0,"played":[0.9996,2.0E-4,2.0E-4],"evs":[0.0,-0.08746,-1.63117]},"54s":{"weight":1.0,"played":[0.9523,0.0266,0.021],"evs":[0.0,-0.16661,-1.43185]},"55":{"weight":1.0,"played":[0.0202,0.9722,0.0076],"evs":[0.0,0.59106,-0.43024]},"65o":{"weight":1.0,"played":[0.9999,1.0E-4,0.0],"evs":[0.0,-0.25983,-1.83514]},"75o":{"weight":1.0,"played":[0.9999,1.0E-4,0.0],"evs":[0.0,-0.55142,-2.64701]},"85o":{"weight":1.0,"played":[0.9999,1.0E-4,0.0],"evs":[0.0,-0.59175,-3.10886]},"95o":{"weight":1.0,"played":[1.0,0.0,0.0],"evs":[0.0,-0.66236,-3.31435]},"T5o":{"weight":1.0,"played":[0.9998,2.0E-4,0.0],"evs":[0.0,-0.70542,-3.88525]},"J5o":{"weight":1.0,"played":[1.0,0.0,0.0],"evs":[0.0,-0.76867,-3.768]},"Q5o":{"weight":1.0,"played":[0.9993,6.0E-4,1.0E-4],"evs":[0.0,-0.68785,-3.84807]},"K5o":{"weight":1.0,"played":[0.9993,7.0E-4,0.0],"evs":[0.0,-0.60786,-3.22887]},"A5o":{"weight":1.0,"played":[0.2391,0.7607,2.0E-4],"evs":[0.0,0.18103,-0.81781]},"62s":{"weight":1.0,"played":[0.9696,0.0289,0.0015],"evs":[0.0,-0.43506,-2.51213]},"63s":{"weight":1.0,"played":[0.9936,0.0023,0.0042],"evs":[0.0,-0.12122,-1.79296]},"64s":{"weight":1.0,"played":[0.8592,0.1406,3.0E-4],"evs":[0.0,0.00983,-0.70434]},"65s":{"weight":1.0,"played":[0.8836,0.0501,0.0663],"evs":[0.0,-0.15979,-0.89356]},"66":{"weight":1.0,"played":[0.1789,0.6885,0.1325],"evs":[0.0,0.53871,0.03819]},"76o":{"weight":1.0,"played":[0.9999,1.0E-4,0.0],"evs":[0.0,-0.28827,-2.04005]},"86o":{"weight":1.0,"played":[0.9999,1.0E-4,0.0],"evs":[0.0,-0.34923,-2.2728]},"96o":{"weight":1.0,"played":[0.9993,6.0E-4,0.0],"evs":[0.0,-0.55503,-2.66922]},"T6o":{"weight":1.0,"played":[0.9998,2.0E-4,0.0],"evs":[0.0,-0.70713,-3.31274]},"J6o":{"weight":1.0,"played":[1.0,0.0,0.0],"evs":[0.0,-0.71434,-3.65163]},"Q6o":{"weight":1.0,"played":[0.9977,0.0023,0.0],"evs":[0.0,-0.80103,-3.52846]},"K6o":{"weight":1.0,"played":[0.9968,0.0032,0.0],"evs":[0.0,-0.57794,-3.06825]},"A6o":{"weight":1.0,"played":[0.6315,0.3682,3.0E-4],"evs":[0.0,-0.02189,-1.54331]},"72s":{"weight":1.0,"played":[0.9993,6.0E-4,0.0],"evs":[0.0,-0.46225,-1.90197]},"73s":{"weight":1.0,"played":[0.9849,0.015,1.0E-4],"evs":[0.0,-0.39475,-2.34508]},"74s":{"weight":1.0,"played":[0.9258,0.074,2.0E-4],"evs":[0.0,-0.00637,-1.61712]},"75s":{"weight":1.0,"played":[0.9901,0.0018,0.0082],"evs":[0.0,-0.40014,-1.37344]},"76s":{"weight":1.0,"played":[0.9093,0.0888,0.0019],"evs":[0.0,-0.20624,-0.66311]},"77":{"weight":1.0,"played":[0.0071,0.0321,0.9608],"evs":[0.0,0.88998,1.36305]},"87o":{"weight":1.0,"played":[1.0,0.0,0.0],"evs":[0.0,-0.3129,-1.7497]},"97o":{"weight":1.0,"played":[0.9932,0.0068,0.0],"evs":[0.0,-0.37784,-2.20714]},"T7o":{"weight":1.0,"played":[1.0,0.0,0.0],"evs":[0.0,-0.5,-2.36949]},"J7o":{"weight":1.0,"played":[0.9998,2.0E-4,0.0],"evs":[0.0,-0.50766,-2.75537]},"Q7o":{"weight":1.0,"played":[0.998,0.002,0.0],"evs":[0.0,-0.46641,-2.99664]},"K7o":{"weight":1.0,"played":[1.0,0.0,0.0],"evs":[0.0,-0.44276,-2.61206]},"A7o":{"weight":1.0,"played":[0.1456,0.854,4.0E-4],"evs":[0.0,0.09872,-0.72025]},"82s":{"weight":1.0,"played":[0.9959,0.0033,8.0E-4],"evs":[0.0,-0.7003,-3.42166]},"83s":{"weight":1.0,"played":[0.9977,0.0011,0.0012],"evs":[0.0,-0.37013,-2.17918]},"84s":{"weight":1.0,"played":[0.9986,0.0012,2.0E-4],"evs":[0.0,-0.40763,-2.74322]},"85s":{"weight":1.0,"played":[0.9989,2.0E-4,0.001],"evs":[0.0,-0.27818,-1.59869]},"86s":{"weight":1.0,"played":[0.8545,0.099,0.0465],"evs":[0.0,-0.13434,-1.2621]},"87s":{"weight":1.0,"played":[0.5008,0.4183,0.0808],"evs":[0.0,0.06709,-0.41974]},"88":{"weight":1.0,"played":[0.0,8.0E-4,0.9992],"evs":[0.0,1.118,2.3789]},"98o":{"weight":1.0,"played":[0.9939,0.0061,0.0],"evs":[0.0,-0.28931,-1.97305]},"T8o":{"weight":1.0,"played":[1.0,0.0,0.0],"evs":[0.0,-0.22324,-1.70416]},"J8o":{"weight":1.0,"played":[0.9962,0.0038,0.0],"evs":[0.0,-0.5395,-2.53345]},"Q8o":{"weight":1.0,"played":[0.9999,1.0E-4,0.0],"evs":[0.0,-0.71245,-2.85334]},"K8o":{"weight":1.0,"played":[0.9995,5.0E-4,1.0E-4],"evs":[0.0,-0.45754,-2.73745]},"A8o":{"weight":1.0,"played":[0.0023,0.9977,0.0],"evs":[0.0,0.3067,-0.36777]},"92s":{"weight":1.0,"played":[1.0,0.0,0.0],"evs":[0.0,-0.47356,-3.14965]},"93s":{"weight":1.0,"played":[0.9554,0.0444,2.0E-4],"evs":[0.0,-0.1552,-2.24217]},"94s":{"weight":1.0,"played":[0.9997,2.0E-4,1.0E-4],"evs":[0.0,-0.4567,-2.205]},"95s":{"weight":1.0,"played":[0.9804,0.0059,0.0137],"evs":[0.0,-0.30746,-1.97949]},"96s":{"weight":1.0,"played":[0.7886,0.2106,8.0E-4],"evs":[0.0,-0.23888,-1.46569]},"97s":{"weight":1.0,"played":[0.8188,0.1372,0.044],"evs":[0.0,-0.16886,-0.78572]},"98s":{"weight":1.0,"played":[0.3449,0.6451,0.01],"evs":[0.0,0.31952,-0.06392]},"99":{"weight":1.0,"played":[1.0E-4,0.0033,0.9966],"evs":[0.0,0.99244,2.15379]},"T9o":{"weight":1.0,"played":[0.9998,2.0E-4,0.0],"evs":[0.0,-0.46167,-2.08759]},"J9o":{"weight":1.0,"played":[0.4756,0.5244,0.0],"evs":[0.0,-0.01886,-1.81091]},"Q9o":{"weight":1.0,"played":[0.9978,0.0022,0.0],"evs":[0.0,-0.43184,-2.04882]},"K9o":{"weight":1.0,"played":[0.9993,7.0E-4,0.0],"evs":[0.0,-0.26762,-1.64987]},"A9o":{"weight":1.0,"played":[0.0313,0.9425,0.0262],"evs":[0.0,0.64693,0.29174]},"T2s":{"weight":1.0,"played":[0.9945,0.0049,6.0E-4],"evs":[0.0,-0.65164,-2.21355]},"T3s":{"weight":1.0,"played":[0.994,0.0055,4.0E-4],"evs":[0.0,-0.53145,-2.41342]},"T4s":{"weight":1.0,"played":[0.8879,0.1105,0.0016],"evs":[0.0,-0.48965,-2.5529]},"T5s":{"weight":1.0,"played":[0.9623,0.0289,0.0088],"evs":[0.0,-0.37717,-2.24078]},"T6s":{"weight":1.0,"played":[0.7011,0.2942,0.0047],"evs":[0.0,-0.09247,-1.62174]},"T7s":{"weight":1.0,"played":[0.6856,0.3073,0.0072],"evs":[0.0,-0.06894,-0.9458]},"T8s":{"weight":1.0,"played":[0.8168,0.1831,1.0E-4],"evs":[0.0,-0.10965,-1.02085]},"T9s":{"weight":1.0,"played":[0.4523,0.5116,0.036],"evs":[0.0,0.00481,-0.85521]},"TT":{"weight":1.0,"played":[0.0,2.0E-4,0.9998],"evs":[0.0,1.61439,4.06715]},"JTo":{"weight":1.0,"played":[0.9972,0.0026,2.0E-4],"evs":[0.0,-0.15667,-1.0783]},"QTo":{"weight":1.0,"played":[0.9592,0.0405,3.0E-4],"evs":[0.0,-0.3065,-1.57273]},"KTo":{"weight":1.0,"played":[0.7109,0.289,1.0E-4],"evs":[0.0,-0.08547,-1.27247]},"ATo":{"weight":1.0,"played":[1.0E-4,0.1194,0.8805],"evs":[0.0,0.99076,1.24097]},"J2s":{"weight":1.0,"played":[0.9977,0.0022,0.0],"evs":[0.0,-0.29368,-2.61096]},"J3s":{"weight":1.0,"played":[0.9492,0.0507,1.0E-4],"evs":[0.0,-0.39488,-2.33322]},"J4s":{"weight":1.0,"played":[0.9042,0.0955,2.0E-4],"evs":[0.0,-0.08631,-1.84455]},"J5s":{"weight":1.0,"played":[0.9997,3.0E-4,0.0],"evs":[0.0,-0.49038,-2.07246]},"J6s":{"weight":1.0,"played":[0.985,0.0011,0.0138],"evs":[0.0,-0.51319,-2.88897]},"J7s":{"weight":1.0,"played":[0.1488,0.8161,0.0351],"evs":[0.0,0.01337,-1.08615]},"J8s":{"weight":1.0,"played":[0.4192,0.5803,5.0E-4],"evs":[0.0,0.05577,-0.93713]},"J9s":{"weight":1.0,"played":[0.8624,0.1322,0.0054],"evs":[0.0,-0.08779,-0.70683]},"JTs":{"weight":1.0,"played":[0.0019,0.9907,0.0074],"evs":[0.0,0.32301,-0.3257]},"JJ":{"weight":1.0,"played":[0.0,2.0E-4,0.9998],"evs":[0.0,2.31701,5.21737]},"QJo":{"weight":1.0,"played":[0.8263,0.1728,9.0E-4],"evs":[0.0,-0.071,-1.21297]},"KJo":{"weight":1.0,"played":[0.0577,0.8078,0.1345],"evs":[0.0,0.65534,0.33433]},"AJo":{"weight":1.0,"played":[0.0,8.0E-4,0.9992],"evs":[0.0,1.08332,1.80098]},"Q2s":{"weight":1.0,"played":[0.9985,0.0015,0.0],"evs":[0.0,-0.49654,-2.85654]},"Q3s":{"weight":1.0,"played":[0.9991,6.0E-4,3.0E-4],"evs":[0.0,-0.35093,-2.30736]},"Q4s":{"weight":1.0,"played":[0.9983,0.0011,7.0E-4],"evs":[0.0,-0.12867,-1.63339]},"Q5s":{"weight":1.0,"played":[0.5642,0.4358,0.0],"evs":[0.0,-0.10501,-1.97643]},"Q6s":{"weight":1.0,"played":[0.9702,0.0294,4.0E-4],"evs":[0.0,-0.44479,-2.59389]},"Q7s":{"weight":1.0,"played":[0.7656,0.2343,1.0E-4],"evs":[0.0,0.15607,-1.79552]},"Q8s":{"weight":1.0,"played":[0.9217,0.0732,0.0051],"evs":[0.0,-0.20512,-1.10715]},"Q9s":{"weight":1.0,"played":[0.3607,0.6345,0.0049],"evs":[0.0,0.1016,-0.93146]},"QTs":{"weight":1.0,"played":[0.1014,0.4552,0.4434],"evs":[0.0,0.16866,0.12875]},"QJs":{"weight":1.0,"played":[0.0276,0.8869,0.0856],"evs":[0.0,0.77608,0.63335]},"QQ":{"weight":1.0,"played":[0.0,0.0,1.0],"evs":[0.0,3.91383,8.13645]},"KQo":{"weight":1.0,"played":[0.0013,0.9794,0.0193],"evs":[0.0,0.44888,0.09284]},"AQo":{"weight":1.0,"played":[0.0,1.0E-4,0.9999],"evs":[0.0,1.31534,2.15167]},"K2s":{"weight":1.0,"played":[0.9989,0.0011,0.0],"evs":[0.0,-0.16287,-2.52725]},"K3s":{"weight":1.0,"played":[0.9695,0.0291,0.0014],"evs":[0.0,-0.11947,-2.24231]},"K4s":{"weight":1.0,"played":[0.9799,0.0144,0.0057],"evs":[0.0,-0.37443,-2.04901]},"K5s":{"weight":1.0,"played":[0.4728,0.5246,0.0027],"evs":[0.0,0.0233,-1.51788]},"K6s":{"weight":1.0,"played":[0.7201,0.2798,1.0E-4],"evs":[0.0,-0.22778,-1.45636]},"K7s":{"weight":1.0,"played":[0.3571,0.5968,0.0461],"evs":[0.0,0.11898,-0.6573]},"K8s":{"weight":1.0,"played":[0.2939,0.7049,0.0012],"evs":[0.0,0.00471,-1.27712]},"K9s":{"weight":1.0,"played":[0.3593,0.6406,1.0E-4],"evs":[0.0,0.13537,-0.51435]},"KTs":{"weight":1.0,"played":[0.0175,0.3604,0.6221],"evs":[0.0,0.5451,0.47995]},"KJs":{"weight":1.0,"played":[1.0E-4,0.0017,0.9982],"evs":[0.0,0.86951,1.37104]},"KQs":{"weight":1.0,"played":[0.0,0.008,0.992],"evs":[0.0,0.84492,1.06772]},"KK":{"weight":1.0,"played":[0.0,0.0,1.0],"evs":[0.0,5.52473,10.79856]},"AKo":{"weight":1.0,"played":[0.0,3.0E-4,0.9997],"evs":[0.0,1.98194,3.38545]},"A2s":{"weight":1.0,"played":[0.3354,0.6499,0.0146],"evs":[0.0,0.23328,-0.04641]},"A3s":{"weight":1.0,"played":[0.0017,0.7666,0.2317],"evs":[0.0,0.2811,-0.4871]},"A4s":{"weight":1.0,"played":[0.0051,0.2981,0.6968],"evs":[0.0,0.53646,0.54798]},"A5s":{"weight":1.0,"played":[0.0,0.0458,0.9542],"evs":[0.0,0.62777,0.77478]},"A6s":{"weight":1.0,"played":[0.0137,0.8637,0.1226],"evs":[0.0,0.30636,0.14427]},"A7s":{"weight":1.0,"played":[0.0275,0.5395,0.433],"evs":[0.0,0.75601,0.93425]},"A8s":{"weight":1.0,"played":[0.0098,0.4542,0.5359],"evs":[0.0,0.81369,0.37778]},"A9s":{"weight":1.0,"played":[0.0146,0.2055,0.78],"evs":[0.0,1.54076,2.12196]},"ATs":{"weight":1.0,"played":[0.0,0.0787,0.9213],"evs":[0.0,1.39913,2.77979]},"AJs":{"weight":1.0,"played":[0.0,1.0E-4,0.9998],"evs":[0.0,1.49919,3.2333]},"AQs":{"weight":1.0,"played":[0.0,0.0023,0.9977],"evs":[0.0,2.11102,3.1642]},"AKs":{"weight":1.0,"played":[2.0E-4,2.0E-4,0.9995],"evs":[0.0,2.01318,4.214]},"AA":{"weight":1.0,"played":[0.0,0.0,1.0],"evs":[0.0,8.36078,15.32138]}}}