{"player":0,"street":0,"children":2,"sequence":[{"player":0,"type":"R","amount":200000,"street":0},{"player":1,"type":"F","amount":0,"street":0},{"player":2,"type":"C","amount":200000,"street":0},{"player":3,"type":"F","amount":0,"street":0},{"player":4,"type":"C","amount":150000,"street":0},{"player":5,"type":"R","amount":945000,"street":0},{"player":0,"type":"C","amount":745000,"street":0},{"player":2,"type":"R","amount":985000,"street":0},{"player":4,"type":"R","amount":1565000,"street":0}],"actions":[{"type":"F","amount":0},{"type":"C","amount":520000}],"hands":{"22":{"weight":0.0065,"played":[0.0,1.0],"evs":[0.0,8.66402]},"32o":{"weight":0.0,"played":[0.0019,0.9981],"evs":[0.0,4.03975]},"42o":{"weight":0.0,"played":[3.0E-4,0.9997],"evs":[0.0,3.91023]},"52o":{"weight":0.0,"played":[2.0E-4,0.9998],"evs":[0.0,5.05551]},"62o":{"weight":0.0,"played":[0.0025,0.9975],"evs":[0.0,3.8918]},"72o":{"weight":0.0,"played":[0.0019,0.9981],"evs":[0.0,3.40368]},"82o":{"weight":0.0,"played":[1.0E-4,0.9999],"evs":[0.0,3.30171]},"92o":{"weight":0.0,"played":[8.0E-4,0.9992],"evs":[0.0,3.87647]},"T2o":{"weight":0.0,"played":[1.0E-4,0.9999],"evs":[0.0,4.48774]},"J2o":{"weight":0.0,"played":[7.0E-4,0.9993],"evs":[0.0,4.3898]},"Q2o":{"weight":0.0,"played":[2.0E-4,0.9998],"evs":[0.0,4.84058]},"K2o":{"weight":0.0,"played":[1.0E-4,0.9999],"evs":[0.0,5.13582]},"A2o":{"weight":0.0,"played":[0.0,1.0],"evs":[0.0,5.96428]},"32s":{"weight":0.0,"played":[3.0E-4,0.9997],"evs":[0.0,7.08452]},"33":{"weight":0.0014,"played":[0.0,1.0],"evs":[0.0,9.33969]},"43o":{"weight":0.0,"played":[0.0,1.0],"evs":[0.0,5.92102]},"53o":{"weight":0.0,"played":[4.0E-4,0.9996],"evs":[0.0,4.85993]},"63o":{"weight":0.0,"played":[0.0,1.0],"evs":[0.0,4.58729]},"73o":{"weight":0.0,"played":[4.0E-4,0.9996],"evs":[0.0,5.67041]},"83o":{"weight":0.0,"played":[1.0E-4,0.9999],"evs":[0.0,4.43587]},"93o":{"weight":0.0,"played":[3.0E-4,0.9997],"evs":[0.0,4.32325]},"T3o":{"weight":0.0,"played":[0.0,1.0],"evs":[0.0,5.23261]},"J3o":{"weight":0.0,"played":[3.0E-4,0.9997],"evs":[0.0,4.31258]},"Q3o":{"weight":0.0,"played":[9.0E-4,0.9991],"evs":[0.0,4.88727]},"K3o":{"weight":0.0,"played":[0.0,1.0],"evs":[0.0,5.66637]},"A3o":{"weight":0.0,"played":[1.0E-4,0.9999],"evs":[0.0,7.58551]},"42s":{"weight":0.0,"played":[3.0E-4,0.9997],"evs":[0.0,6.58358]},"43s":{"weight":0.0,"played":[0.0,1.0],"evs":[0.0,8.56975]},"44":{"weight":0.0227,"played":[0.0,1.0],"evs":[0.0,9.6636]},"54o":{"weight":0.0,"played":[1.0E-4,0.9999],"evs":[0.0,5.54691]},"64o":{"weight":0.0,"played":[1.0E-4,0.9999],"evs":[0.0,6.12806]},"74o":{"weight":0.0,"played":[5.0E-4,0.9995],"evs":[0.0,6.12397]},"84o":{"weight":0.0,"played":[0.0,1.0],"evs":[0.0,4.86876]},"94o":{"weight":0.0,"played":[0.0,1.0],"evs":[0.0,4.68576]},"T4o":{"weight":0.0,"played":[1.0E-4,0.9999],"evs":[0.0,5.03247]},"J4o":{"weight":0.0,"played":[2.0E-4,0.9998],"evs":[0.0,4.68732]},"Q4o":{"weight":0.0,"played":[0.0,1.0],"evs":[0.0,4.87789]},"K4o":{"weight":0.0,"played":[0.0,1.0],"evs":[0.0,6.30564]},"A4o":{"weight":0.0,"played":[0.0,1.0],"evs":[0.0,7.29323]},"52s":{"weight":0.0,"played":[7.0E-4,0.9993],"evs":[0.0,6.22736]},"53s":{"weight":0.0,"played":[2.0E-4,0.9998],"evs":[0.0,7.88227]},"54s":{"weight":0.0,"played":[9.0E-4,0.9991],"evs":[0.0,7.86558]},"55":{"weight":0.0,"played":[0.0,1.0],"evs":[0.0,12.1857]},"65o":{"weight":0.0,"played":[0.0,1.0],"evs":[0.0,7.36777]},"75o":{"weight":0.0,"played":[0.0,1.0],"evs":[0.0,6.62893]},"85o":{"weight":0.0,"played":[1.0E-4,0.9999],"evs":[0.0,5.83922]},"95o":{"weight":0.0,"played":[4.0E-4,0.9996],"evs":[0.0,5.19093]},"T5o":{"weight":0.0,"played":[0.0,1.0],"evs":[0.0,4.70068]},"J5o":{"weight":0.0,"played":[0.0,1.0],"evs":[0.0,5.75828]},"Q5o":{"weight":0.0,"played":[7.0E-4,0.9993],"evs":[0.0,4.48705]},"K5o":{"weight":0.0,"played":[0.0,1.0],"evs":[0.0,4.20422]},"A5o":{"weight":0.0,"played":[0.0,1.0],"evs":[0.0,8.04819]},"62s":{"weight":0.0,"played":[5.0E-4,0.9995],"evs":[0.0,6.96209]},"63s":{"weight":0.0,"played":[6.0E-4,0.9994],"evs":[0.0,5.6138]},"64s":{"weight":0.0,"played":[0.0,1.0],"evs":[0.0,7.57025]},"65s":{"weight":0.0,"played":[5.0E-4,0.9995],"evs":[0.0,8.80309]},"66":{"weight":0.0,"played":[0.0,1.0],"evs":[0.0,12.43162]},"76o":{"weight":0.0,"played":[0.0,1.0],"evs":[0.0,7.49242]},"86o":{"weight":0.0,"played":[0.0,1.0],"evs":[0.0,7.33427]},"96o":{"weight":0.0,"played":[0.0,1.0],"evs":[0.0,6.94925]},"T6o":{"weight":0.0,"played":[0.0,1.0],"evs":[0.0,5.06847]},"J6o":{"weight":0.0,"played":[0.0,1.0],"evs":[0.0,4.8254]},"Q6o":{"weight":0.0,"played":[2.0E-4,0.9998],"evs":[0.0,4.53949]},"K6o":{"weight":0.0,"played":[0.0,1.0],"evs":[0.0,7.68207]},"A6o":{"weight":0.0,"played":[1.0E-4,0.9999],"evs":[0.0,6.52136]},"72s":{"weight":0.0,"played":[0.0,1.0],"evs":[0.0,6.43874]},"73s":{"weight":0.0,"played":[1.0E-4,0.9999],"evs":[0.0,7.65355]},"74s":{"weight":0.0,"played":[0.0016,0.9984],"evs":[0.0,9.08204]},"75s":{"weight":0.0,"played":[1.0E-4,0.9999],"evs":[0.0,6.06223]},"76s":{"weight":0.0,"played":[1.0E-4,0.9999],"evs":[0.0,9.09818]},"77":{"weight":0.0,"played":[0.0,1.0],"evs":[0.0,14.07879]},"87o":{"weight":0.0,"played":[0.0,1.0],"evs":[0.0,7.70095]},"97o":{"weight":0.0,"played":[0.0,1.0],"evs":[0.0,7.022]},"T7o":{"weight":0.0,"played":[1.0E-4,0.9999],"evs":[0.0,7.67989]},"J7o":{"weight":0.0,"played":[1.0E-4,0.9999],"evs":[0.0,6.52919]},"Q7o":{"weight":0.0,"played":[0.0,1.0],"evs":[0.0,6.56316]},"K7o":{"weight":0.0,"played":[0.0,1.0],"evs":[0.0,6.52087]},"A7o":{"weight":9.0E-4,"played":[0.0,1.0],"evs":[0.0,7.93134]},"82s":{"weight":0.0,"played":[2.0E-4,0.9998],"evs":[0.0,7.8904]},"83s":{"weight":0.0,"played":[1.0E-4,0.9999],"evs":[0.0,6.05404]},"84s":{"weight":0.0,"played":[1.0E-4,0.9999],"evs":[0.0,7.22427]},"85s":{"weight":0.0,"played":[8.0E-4,0.9992],"evs":[0.0,8.56298]},"86s":{"weight":0.0,"played":[0.0,1.0],"evs":[0.0,9.60384]},"87s":{"weight":0.0,"played":[0.0,1.0],"evs":[0.0,8.55912]},"88":{"weight":0.0196,"played":[0.0,1.0],"evs":[0.0,14.99035]},"98o":{"weight":0.0,"played":[0.0,1.0],"evs":[0.0,9.05725]},"T8o":{"weight":0.0,"played":[0.0,1.0],"evs":[0.0,7.8667]},"J8o":{"weight":0.0,"played":[0.0,1.0],"evs":[0.0,7.39846]},"Q8o":{"weight":0.0,"played":[0.0,1.0],"evs":[0.0,5.67759]},"K8o":{"weight":0.0,"played":[0.0,1.0],"evs":[0.0,6.9581]},"A8o":{"weight":0.0015,"played":[0.0,1.0],"evs":[0.0,9.0556]},"92s":{"weight":0.0,"played":[0.0,1.0],"evs":[0.0,7.10089]},"93s":{"weight":0.0,"played":[0.0,1.0],"evs":[0.0,7.21547]},"94s":{"weight":0.0,"played":[0.0,1.0],"evs":[0.0,7.99665]},"95s":{"weight":0.0,"played":[0.0011,0.9989],"evs":[0.0,8.83993]},"96s":{"weight":0.0,"played":[0.0,1.0],"evs":[0.0,8.45537]},"97s":{"weight":0.0,"played":[0.0,1.0],"evs":[0.0,9.3701]},"98s":{"weight":0.0433,"played":[0.0,1.0],"evs":[0.0,10.32742]},"99":{"weight":0.0,"played":[0.0,1.0],"evs":[0.0,17.36009]},"T9o":{"weight":0.0,"played":[0.0,1.0],"evs":[0.0,7.94254]},"J9o":{"weight":0.0,"played":[0.0,1.0],"evs":[0.0,8.50798]},"Q9o":{"weight":0.0,"played":[0.0,1.0],"evs":[0.0,7.48847]},"K9o":{"weight":0.0,"played":[0.0,1.0],"evs":[0.0,7.58493]},"A9o":{"weight":0.0143,"played":[0.0,1.0],"evs":[0.0,9.44375]},"T2s":{"weight":0.0,"played":[0.0019,0.9981],"evs":[0.0,7.28303]},"T3s":{"weight":0.0,"played":[6.0E-4,0.9994],"evs":[0.0,7.93395]},"T4s":{"weight":0.0,"played":[1.0E-4,0.9999],"evs":[0.0,7.10166]},"T5s":{"weight":0.0,"played":[0.0015,0.9985],"evs":[0.0,5.33415]},"T6s":{"weight":0.0,"played":[0.0,1.0],"evs":[0.0,6.94202]},"T7s":{"weight":0.0,"played":[0.0,1.0],"evs":[0.0,8.7485]},"T8s":{"weight":0.0,"played":[0.0,1.0],"evs":[0.0,10.05822]},"T9s":{"weight":0.4763,"played":[0.0,1.0],"evs":[0.0,9.81864]},"TT":{"weight":0.0,"played":[0.0,1.0],"evs":[0.0,17.4595]},"JTo":{"weight":0.0,"played":[0.0,1.0],"evs":[0.0,9.13856]},"QTo":{"weight":0.0,"played":[0.0,1.0],"evs":[0.0,8.75119]},"KTo":{"weight":0.2241,"played":[0.0,1.0],"evs":[0.0,9.37141]},"ATo":{"weight":0.0,"played":[0.0,1.0],"evs":[0.0,10.91494]},"J2s":{"weight":0.0,"played":[1.0E-4,0.9999],"evs":[0.0,4.84393]},"J3s":{"weight":0.0,"played":[1.0E-4,0.9999],"evs":[0.0,7.41438]},"J4s":{"weight":0.0,"played":[0.0,1.0],"evs":[0.0,6.24397]},"J5s":{"weight":0.0,"played":[8.0E-4,0.9992],"evs":[0.0,7.05521]},"J6s":{"weight":0.0,"played":[0.0,1.0],"evs":[0.0,7.52403]},"J7s":{"weight":0.0,"played":[1.0E-4,0.9999],"evs":[0.0,7.28599]},"J8s":{"weight":0.0,"played":[0.0,1.0],"evs":[0.0,9.07688]},"J9s":{"weight":0.7292,"played":[0.0,1.0],"evs":[0.0,10.38894]},"JTs":{"weight":0.0,"played":[0.0,1.0],"evs":[0.0,10.46838]},"JJ":{"weight":0.1556,"played":[0.0,1.0],"evs":[0.0,21.47993]},"QJo":{"weight":0.2337,"played":[0.0,1.0],"evs":[0.0,8.3925]},"KJo":{"weight":0.0,"played":[0.0,1.0],"evs":[0.0,8.80861]},"AJo":{"weight":0.0,"played":[0.0,1.0],"evs":[0.0,12.19519]},"Q2s":{"weight":0.0,"played":[1.0E-4,0.9999],"evs":[0.0,6.35499]},"Q3s":{"weight":0.0,"played":[0.0,1.0],"evs":[0.0,6.37687]},"Q4s":{"weight":0.0,"played":[1.0E-4,0.9999],"evs":[0.0,6.74706]},"Q5s":{"weight":0.0,"played":[1.0E-4,0.9999],"evs":[0.0,7.84618]},"Q6s":{"weight":0.0,"played":[2.0E-4,0.9998],"evs":[0.0,7.8716]},"Q7s":{"weight":0.0,"played":[0.0,1.0],"evs":[0.0,8.03291]},"Q8s":{"weight":0.0,"played":[4.0E-4,0.9996],"evs":[0.0,8.27472]},"Q9s":{"weight":0.094,"played":[1.0E-4,0.9999],"evs":[0.0,9.44769]},"QTs":{"weight":0.0,"played":[0.0,1.0],"evs":[0.0,10.60509]},"QJs":{"weight":0.0,"played":[0.0,1.0],"evs":[0.0,13.37475]},"QQ":{"weight":1.0E-4,"played":[0.0,1.0],"evs":[0.0,22.93507]},"KQo":{"weight":0.0,"played":[0.0,1.0],"evs":[0.0,9.78262]},"AQo":{"weight":0.0,"played":[0.0,1.0],"evs":[0.0,13.56335]},"K2s":{"weight":0.0,"played":[1.0E-4,0.9999],"evs":[0.0,8.2618]},"K3s":{"weight":0.0,"played":[0.0,1.0],"evs":[0.0,8.72174]},"K4s":{"weight":0.0,"played":[0.0,1.0],"evs":[0.0,7.46137]},"K5s":{"weight":0.0,"played":[1.0E-4,0.9999],"evs":[0.0,7.25159]},"K6s":{"weight":0.0,"played":[2.0E-4,0.9998],"evs":[0.0,8.27002]},"K7s":{"weight":0.0,"played":[4.0E-4,0.9996],"evs":[0.0,10.18724]},"K8s":{"weight":0.0,"played":[1.0E-4,0.9999],"evs":[0.0,9.75007]},"K9s":{"weight":0.0015,"played":[1.0E-4,0.9999],"evs":[0.0,8.79733]},"KTs":{"weight":0.0,"played":[1.0E-4,0.9999],"evs":[0.0,10.10596]},"KJs":{"weight":0.1099,"played":[0.0,1.0],"evs":[0.0,11.148]},"KQs":{"weight":0.0,"played":[3.0E-4,0.9997],"evs":[0.0,11.16889]},"KK":{"weight":0.0401,"played":[0.0,1.0],"evs":[0.0,25.31003]},"AKo":{"weight":0.0037,"played":[0.0,1.0],"evs":[0.0,15.26175]},"A2s":{"weight":0.0,"played":[0.0,1.0],"evs":[0.0,9.29829]},"A3s":{"weight":0.0209,"played":[0.0,1.0],"evs":[0.0,9.15811]},"A4s":{"weight":0.0052,"played":[0.0,1.0],"evs":[0.0,10.62327]},"A5s":{"weight":1.0E-4,"played":[1.0E-4,0.9999],"evs":[0.0,10.19351]},"A6s":{"weight":0.0385,"played":[0.0,1.0],"evs":[0.0,10.00008]},"A7s":{"weight":1.0E-4,"played":[0.0,1.0],"evs":[0.0,10.3514]},"A8s":{"weight":0.0026,"played":[0.0,1.0],"evs":[0.0,10.35687]},"A9s":{"weight":0.0,"played":[0.0,1.0],"evs":[0.0,12.36854]},"ATs":{"weight":1.0E-4,"played":[1.0E-4,0.9999],"evs":[0.0,12.9623]},"AJs":{"weight":0.3444,"played":[0.0,1.0],"evs":[0.0,14.05845]},"AQs":{"weight":0.3129,"played":[0.0,1.0],"evs":[0.0,16.7343]},"AKs":{"weight":0.4175,"played":[0.0,1.0],"evs":[0.0,16.61896]},"AA":{"weight":0.0,"played":[0.0,1.0],"evs":[0.0,33.16555]}}}