{"player":5,"street":0,"children":2,"sequence":[{"player":0,"type":"R","amount":200000,"street":0},{"player":1,"type":"F","amount":0,"street":0},{"player":2,"type":"C","amount":200000,"street":0},{"player":3,"type":"F","amount":0,"street":0},{"player":4,"type":"R","amount":1465000,"street":0}],"actions":[{"type":"F","amount":0,"node":183},{"type":"C","amount":845000,"node":186}],"hands":{"22":{"weight":1.0,"played":[0.9961,0.0039],"evs":[0.0,-1.91637]},"32o":{"weight":1.0,"played":[0.9999,1.0E-4],"evs":[0.0,-3.857]},"42o":{"weight":1.0,"played":[1.0,0.0],"evs":[0.0,-3.45429]},"52o":{"weight":1.0,"played":[1.0,0.0],"evs":[0.0,-3.60713]},"62o":{"weight":1.0,"played":[1.0,0.0],"evs":[0.0,-3.88774]},"72o":{"weight":1.0,"played":[1.0,0.0],"evs":[0.0,-3.82111]},"82o":{"weight":1.0,"played":[1.0,0.0],"evs":[0.0,-4.28161]},"92o":{"weight":1.0,"played":[1.0,0.0],"evs":[0.0,-4.42623]},"T2o":{"weight":1.0,"played":[1.0,0.0],"evs":[0.0,-4.28564]},"J2o":{"weight":1.0,"played":[1.0,0.0],"evs":[0.0,-3.70984]},"Q2o":{"weight":1.0,"played":[1.0,0.0],"evs":[0.0,-3.94464]},"K2o":{"weight":1.0,"played":[1.0,0.0],"evs":[0.0,-3.42192]},"A2o":{"weight":1.0,"played":[1.0,0.0],"evs":[0.0,-3.09227]},"32s":{"weight":1.0,"played":[0.9994,6.0E-4],"evs":[0.0,-2.8187]},"33":{"weight":1.0,"played":[0.9997,3.0E-4],"evs":[0.0,-1.57441]},"43o":{"weight":1.0,"played":[1.0,0.0],"evs":[0.0,-3.15908]},"53o":{"weight":1.0,"played":[1.0,0.0],"evs":[0.0,-2.95878]},"63o":{"weight":1.0,"played":[1.0,0.0],"evs":[0.0,-3.29621]},"73o":{"weight":1.0,"played":[1.0,0.0],"evs":[0.0,-3.79369]},"83o":{"weight":1.0,"played":[0.9999,1.0E-4],"evs":[0.0,-4.11856]},"93o":{"weight":1.0,"played":[1.0,0.0],"evs":[0.0,-3.62911]},"T3o":{"weight":1.0,"played":[1.0,0.0],"evs":[0.0,-3.62803]},"J3o":{"weight":1.0,"played":[1.0,0.0],"evs":[0.0,-3.90255]},"Q3o":{"weight":1.0,"played":[1.0,0.0],"evs":[0.0,-3.69423]},"K3o":{"weight":1.0,"played":[0.9999,1.0E-4],"evs":[0.0,-3.58001]},"A3o":{"weight":1.0,"played":[1.0,0.0],"evs":[0.0,-3.37033]},"42s":{"weight":1.0,"played":[0.9973,0.0027],"evs":[0.0,-2.05461]},"43s":{"weight":1.0,"played":[0.9999,1.0E-4],"evs":[0.0,-1.31601]},"44":{"weight":1.0,"played":[0.9879,0.0121],"evs":[0.0,-1.55168]},"54o":{"weight":1.0,"played":[0.9998,2.0E-4],"evs":[0.0,-3.08675]},"64o":{"weight":1.0,"played":[1.0,0.0],"evs":[0.0,-2.89092]},"74o":{"weight":1.0,"played":[1.0,0.0],"evs":[0.0,-3.11822]},"84o":{"weight":1.0,"played":[1.0,0.0],"evs":[0.0,-3.91487]},"94o":{"weight":1.0,"played":[1.0,0.0],"evs":[0.0,-3.87278]},"T4o":{"weight":1.0,"played":[1.0,0.0],"evs":[0.0,-3.80316]},"J4o":{"weight":1.0,"played":[1.0,0.0],"evs":[0.0,-3.44732]},"Q4o":{"weight":1.0,"played":[1.0,0.0],"evs":[0.0,-3.14021]},"K4o":{"weight":1.0,"played":[1.0,0.0],"evs":[0.0,-3.0009]},"A4o":{"weight":1.0,"played":[0.9999,1.0E-4],"evs":[0.0,-2.99232]},"52s":{"weight":1.0,"played":[0.9955,0.0045],"evs":[0.0,-2.11211]},"53s":{"weight":1.0,"played":[0.996,0.004],"evs":[0.0,-2.07991]},"54s":{"weight":1.0,"played":[0.9322,0.0678],"evs":[0.0,-1.72458]},"55":{"weight":1.0,"played":[0.9986,0.0014],"evs":[0.0,-1.65978]},"65o":{"weight":1.0,"played":[0.9998,2.0E-4],"evs":[0.0,-2.56655]},"75o":{"weight":1.0,"played":[0.9999,1.0E-4],"evs":[0.0,-3.05584]},"85o":{"weight":1.0,"played":[1.0,0.0],"evs":[0.0,-3.2812]},"95o":{"weight":1.0,"played":[1.0,0.0],"evs":[0.0,-3.39492]},"T5o":{"weight":1.0,"played":[1.0,0.0],"evs":[0.0,-3.72556]},"J5o":{"weight":1.0,"played":[1.0,0.0],"evs":[0.0,-3.82921]},"Q5o":{"weight":1.0,"played":[1.0,0.0],"evs":[0.0,-3.22972]},"K5o":{"weight":1.0,"played":[0.9999,1.0E-4],"evs":[0.0,-3.18012]},"A5o":{"weight":1.0,"played":[1.0,0.0],"evs":[0.0,-2.92679]},"62s":{"weight":1.0,"played":[0.9997,3.0E-4],"evs":[0.0,-3.17929]},"63s":{"weight":1.0,"played":[1.0,0.0],"evs":[0.0,-2.05294]},"64s":{"weight":1.0,"played":[0.9987,0.0013],"evs":[0.0,-1.61358]},"65s":{"weight":1.0,"played":[0.9575,0.0425],"evs":[0.0,-1.21562]},"66":{"weight":1.0,"played":[0.7017,0.2983],"evs":[0.0,-0.2291]},"76o":{"weight":1.0,"played":[0.9992,8.0E-4],"evs":[0.0,-2.21159]},"86o":{"weight":1.0,"played":[0.9997,3.0E-4],"evs":[0.0,-2.45435]},"96o":{"weight":1.0,"played":[1.0,0.0],"evs":[0.0,-2.5551]},"T6o":{"weight":1.0,"played":[0.9997,3.0E-4],"evs":[0.0,-3.42931]},"J6o":{"weight":1.0,"played":[1.0,0.0],"evs":[0.0,-3.67431]},"Q6o":{"weight":1.0,"played":[0.9998,2.0E-4],"evs":[0.0,-3.5746]},"K6o":{"weight":1.0,"played":[1.0,0.0],"evs":[0.0,-2.77378]},"A6o":{"weight":1.0,"played":[0.9999,1.0E-4],"evs":[0.0,-3.59384]},"72s":{"weight":1.0,"played":[0.9999,1.0E-4],"evs":[0.0,-3.37088]},"73s":{"weight":1.0,"played":[1.0,0.0],"evs":[0.0,-2.24234]},"74s":{"weight":1.0,"played":[0.9993,7.0E-4],"evs":[0.0,-2.44017]},"75s":{"weight":1.0,"played":[0.9965,0.0035],"evs":[0.0,-2.00519]},"76s":{"weight":1.0,"played":[0.9964,0.0036],"evs":[0.0,-1.82698]},"77":{"weight":1.0,"played":[0.1248,0.8752],"evs":[0.0,0.19275]},"87o":{"weight":1.0,"played":[1.0,0.0],"evs":[0.0,-2.78225]},"97o":{"weight":1.0,"played":[1.0,0.0],"evs":[0.0,-2.37367]},"T7o":{"weight":1.0,"played":[0.9998,2.0E-4],"evs":[0.0,-2.82179]},"J7o":{"weight":1.0,"played":[0.9998,2.0E-4],"evs":[0.0,-2.94651]},"Q7o":{"weight":1.0,"played":[1.0,0.0],"evs":[0.0,-3.30556]},"K7o":{"weight":1.0,"played":[0.9998,2.0E-4],"evs":[0.0,-2.54472]},"A7o":{"weight":1.0,"played":[0.9997,3.0E-4],"evs":[0.0,-3.12338]},"82s":{"weight":1.0,"played":[0.9998,2.0E-4],"evs":[0.0,-3.15671]},"83s":{"weight":1.0,"played":[0.9999,1.0E-4],"evs":[0.0,-3.2183]},"84s":{"weight":1.0,"played":[0.9972,0.0028],"evs":[0.0,-2.48993]},"85s":{"weight":1.0,"played":[0.9993,7.0E-4],"evs":[0.0,-1.4124]},"86s":{"weight":1.0,"played":[0.9969,0.0031],"evs":[0.0,-2.02339]},"87s":{"weight":1.0,"played":[0.988,0.012],"evs":[0.0,-0.55358]},"88":{"weight":1.0,"played":[8.0E-4,0.9992],"evs":[0.0,1.6544]},"98o":{"weight":1.0,"played":[0.9999,1.0E-4],"evs":[0.0,-2.18268]},"T8o":{"weight":1.0,"played":[1.0,0.0],"evs":[0.0,-2.7743]},"J8o":{"weight":1.0,"played":[1.0,0.0],"evs":[0.0,-2.5421]},"Q8o":{"weight":1.0,"played":[1.0,0.0],"evs":[0.0,-2.70366]},"K8o":{"weight":1.0,"played":[0.9999,1.0E-4],"evs":[0.0,-3.24298]},"A8o":{"weight":1.0,"played":[1.0,0.0],"evs":[0.0,-2.61235]},"92s":{"weight":1.0,"played":[1.0,0.0],"evs":[0.0,-2.46041]},"93s":{"weight":1.0,"played":[1.0,0.0],"evs":[0.0,-2.11907]},"94s":{"weight":1.0,"played":[1.0,0.0],"evs":[0.0,-2.66134]},"95s":{"weight":1.0,"played":[1.0,0.0],"evs":[0.0,-2.34552]},"96s":{"weight":1.0,"played":[0.9998,2.0E-4],"evs":[0.0,-1.63866]},"97s":{"weight":1.0,"played":[0.9999,1.0E-4],"evs":[0.0,-0.61768]},"98s":{"weight":1.0,"played":[0.7149,0.2851],"evs":[0.0,-0.79777]},"99":{"weight":1.0,"played":[0.0048,0.9952],"evs":[0.0,1.30222]},"T9o":{"weight":1.0,"played":[1.0,0.0],"evs":[0.0,-2.53962]},"J9o":{"weight":1.0,"played":[0.9999,1.0E-4],"evs":[0.0,-2.03208]},"Q9o":{"weight":1.0,"played":[0.9999,1.0E-4],"evs":[0.0,-2.43568]},"K9o":{"weight":1.0,"played":[1.0,0.0],"evs":[0.0,-2.10347]},"A9o":{"weight":1.0,"played":[0.9997,3.0E-4],"evs":[0.0,-2.302]},"T2s":{"weight":1.0,"played":[0.9982,0.0018],"evs":[0.0,-2.92211]},"T3s":{"weight":1.0,"played":[1.0,0.0],"evs":[0.0,-2.34644]},"T4s":{"weight":1.0,"played":[0.9998,2.0E-4],"evs":[0.0,-2.58272]},"T5s":{"weight":1.0,"played":[1.0,0.0],"evs":[0.0,-2.45612]},"T6s":{"weight":1.0,"played":[1.0,0.0],"evs":[0.0,-2.16179]},"T7s":{"weight":1.0,"played":[0.9918,0.0082],"evs":[0.0,-1.25268]},"T8s":{"weight":1.0,"played":[0.9963,0.0037],"evs":[0.0,-2.23631]},"T9s":{"weight":1.0,"played":[0.7443,0.2557],"evs":[0.0,0.13447]},"TT":{"weight":1.0,"played":[6.0E-4,0.9994],"evs":[0.0,2.80484]},"JTo":{"weight":1.0,"played":[0.9998,2.0E-4],"evs":[0.0,-1.81283]},"QTo":{"weight":1.0,"played":[1.0,0.0],"evs":[0.0,-2.06449]},"KTo":{"weight":1.0,"played":[0.999,0.001],"evs":[0.0,-1.84145]},"ATo":{"weight":1.0,"played":[0.9997,3.0E-4],"evs":[0.0,-1.3393]},"J2s":{"weight":1.0,"played":[0.9998,2.0E-4],"evs":[0.0,-2.84138]},"J3s":{"weight":1.0,"played":[1.0,0.0],"evs":[0.0,-2.35924]},"J4s":{"weight":1.0,"played":[0.9989,0.0011],"evs":[0.0,-3.04217]},"J5s":{"weight":1.0,"played":[0.9999,1.0E-4],"evs":[0.0,-2.41778]},"J6s":{"weight":1.0,"played":[1.0,0.0],"evs":[0.0,-2.01207]},"J7s":{"weight":1.0,"played":[0.9998,2.0E-4],"evs":[0.0,-1.8073]},"J8s":{"weight":1.0,"played":[0.9728,0.0272],"evs":[0.0,-1.50589]},"J9s":{"weight":1.0,"played":[0.991,0.009],"evs":[0.0,-1.47249]},"JTs":{"weight":1.0,"played":[0.4435,0.5565],"evs":[0.0,0.13699]},"JJ":{"weight":1.0,"played":[1.0E-4,0.9999],"evs":[0.0,5.0776]},"QJo":{"weight":1.0,"played":[0.9963,0.0037],"evs":[0.0,-1.53774]},"KJo":{"weight":1.0,"played":[0.9999,1.0E-4],"evs":[0.0,-1.08809]},"AJo":{"weight":1.0,"played":[0.9913,0.0087],"evs":[0.0,-0.6339]},"Q2s":{"weight":1.0,"played":[0.9996,4.0E-4],"evs":[0.0,-2.06169]},"Q3s":{"weight":1.0,"played":[0.9972,0.0028],"evs":[0.0,-2.65159]},"Q4s":{"weight":1.0,"played":[0.9998,2.0E-4],"evs":[0.0,-2.63363]},"Q5s":{"weight":1.0,"played":[0.9995,5.0E-4],"evs":[0.0,-2.894]},"Q6s":{"weight":1.0,"played":[0.9979,0.0021],"evs":[0.0,-1.31652]},"Q7s":{"weight":1.0,"played":[1.0,0.0],"evs":[0.0,-2.14088]},"Q8s":{"weight":1.0,"played":[0.9982,0.0018],"evs":[0.0,-1.55037]},"Q9s":{"weight":1.0,"played":[0.9945,0.0055],"evs":[0.0,-1.27455]},"QTs":{"weight":1.0,"played":[0.747,0.253],"evs":[0.0,-0.60431]},"QJs":{"weight":1.0,"played":[0.9921,0.0079],"evs":[0.0,-1.42072]},"QQ":{"weight":1.0,"played":[0.0,1.0],"evs":[0.0,6.63028]},"KQo":{"weight":1.0,"played":[0.9697,0.0303],"evs":[0.0,-0.72331]},"AQo":{"weight":1.0,"played":[0.0367,0.9633],"evs":[0.0,0.78136]},"K2s":{"weight":1.0,"played":[0.9991,9.0E-4],"evs":[0.0,-1.6583]},"K3s":{"weight":1.0,"played":[0.9998,2.0E-4],"evs":[0.0,-1.52466]},"K4s":{"weight":1.0,"played":[0.9043,0.0957],"evs":[0.0,-1.3575]},"K5s":{"weight":1.0,"played":[0.9823,0.0177],"evs":[0.0,-1.24194]},"K6s":{"weight":1.0,"played":[0.9918,0.0082],"evs":[0.0,-1.66635]},"K7s":{"weight":1.0,"played":[0.9997,3.0E-4],"evs":[0.0,-0.97706]},"K8s":{"weight":1.0,"played":[0.9993,7.0E-4],"evs":[0.0,-1.93828]},"K9s":{"weight":1.0,"played":[0.9216,0.0784],"evs":[0.0,0.39569]},"KTs":{"weight":1.0,"played":[0.9817,0.0183],"evs":[0.0,-0.98717]},"KJs":{"weight":1.0,"played":[0.6485,0.3515],"evs":[0.0,-0.49752]},"KQs":{"weight":1.0,"played":[0.789,0.211],"evs":[0.0,0.12637]},"KK":{"weight":1.0,"played":[0.0,1.0],"evs":[0.0,9.6763]},"AKo":{"weight":1.0,"played":[0.0,1.0],"evs":[0.0,2.34275]},"A2s":{"weight":1.0,"played":[0.9993,7.0E-4],"evs":[0.0,-2.49032]},"A3s":{"weight":1.0,"played":[0.9984,0.0016],"evs":[0.0,-1.8821]},"A4s":{"weight":1.0,"played":[0.9999,1.0E-4],"evs":[0.0,-1.92983]},"A5s":{"weight":1.0,"played":[0.9142,0.0858],"evs":[0.0,-1.83207]},"A6s":{"weight":1.0,"played":[0.9863,0.0137],"evs":[0.0,-1.97675]},"A7s":{"weight":1.0,"played":[0.9567,0.0433],"evs":[0.0,-1.23867]},"A8s":{"weight":1.0,"played":[0.9894,0.0106],"evs":[0.0,-0.7527]},"A9s":{"weight":1.0,"played":[0.9437,0.0563],"evs":[0.0,-1.08683]},"ATs":{"weight":1.0,"played":[0.3345,0.6655],"evs":[0.0,-0.27609]},"AJs":{"weight":1.0,"played":[0.0029,0.9971],"evs":[0.0,1.19398]},"AQs":{"weight":1.0,"played":[0.0088,0.9912],"evs":[0.0,1.81156]},"AKs":{"weight":1.0,"played":[0.0,1.0],"evs":[0.0,3.41678]},"AA":{"weight":1.0,"played":[0.0,1.0],"evs":[0.0,15.18769]}}}