{"player":0,"street":0,"children":2,"sequence":[{"player":0,"type":"R","amount":200000,"street":0},{"player":1,"type":"F","amount":0,"street":0},{"player":2,"type":"C","amount":200000,"street":0},{"player":3,"type":"F","amount":0,"street":0},{"player":4,"type":"R","amount":1465000,"street":0},{"player":5,"type":"C","amount":845000,"street":0}],"actions":[{"type":"F","amount":0,"node":187},{"type":"C","amount":1265000,"node":188}],"hands":{"22":{"weight":0.5835,"played":[0.9088,0.0912],"evs":[0.0,-0.76573]},"32o":{"weight":0.0,"played":[1.0,0.0],"evs":[0.0,-4.49512]},"42o":{"weight":0.0,"played":[0.9996,4.0E-4],"evs":[0.0,-4.10459]},"52o":{"weight":0.0,"played":[0.9996,4.0E-4],"evs":[0.0,-4.49883]},"62o":{"weight":0.0,"played":[0.9988,0.0012],"evs":[0.0,-4.44365]},"72o":{"weight":0.0,"played":[0.9998,2.0E-4],"evs":[0.0,-5.80074]},"82o":{"weight":0.0,"played":[1.0,0.0],"evs":[0.0,-5.59834]},"92o":{"weight":0.0,"played":[1.0,0.0],"evs":[0.0,-4.64987]},"T2o":{"weight":0.0,"played":[1.0,0.0],"evs":[0.0,-6.19908]},"J2o":{"weight":0.0,"played":[0.9999,1.0E-4],"evs":[0.0,-4.84126]},"Q2o":{"weight":0.0,"played":[0.9988,0.0012],"evs":[0.0,-4.47554]},"K2o":{"weight":0.0,"played":[1.0,0.0],"evs":[0.0,-5.37088]},"A2o":{"weight":0.0,"played":[0.9985,0.0015],"evs":[0.0,-4.56825]},"32s":{"weight":0.0,"played":[0.9927,0.0073],"evs":[0.0,-2.70198]},"33":{"weight":0.0026,"played":[0.9372,0.0628],"evs":[0.0,-1.83195]},"43o":{"weight":0.0,"played":[1.0,0.0],"evs":[0.0,-4.43967]},"53o":{"weight":0.0,"played":[0.9998,2.0E-4],"evs":[0.0,-3.78793]},"63o":{"weight":0.0,"played":[0.9989,0.0011],"evs":[0.0,-3.97826]},"73o":{"weight":0.0,"played":[1.0,0.0],"evs":[0.0,-5.07598]},"83o":{"weight":0.0,"played":[1.0,0.0],"evs":[0.0,-5.12171]},"93o":{"weight":0.0,"played":[1.0,0.0],"evs":[0.0,-4.21471]},"T3o":{"weight":0.0,"played":[1.0,0.0],"evs":[0.0,-4.71164]},"J3o":{"weight":0.0,"played":[0.9999,1.0E-4],"evs":[0.0,-4.14962]},"Q3o":{"weight":0.0,"played":[0.9987,0.0013],"evs":[0.0,-4.36047]},"K3o":{"weight":0.0,"played":[1.0,0.0],"evs":[0.0,-3.59405]},"A3o":{"weight":0.0,"played":[0.9996,4.0E-4],"evs":[0.0,-4.59973]},"42s":{"weight":0.0,"played":[0.9954,0.0046],"evs":[0.0,-2.42022]},"43s":{"weight":0.0,"played":[0.9418,0.0582],"evs":[0.0,-2.64997]},"44":{"weight":0.1029,"played":[0.5783,0.4217],"evs":[0.0,-0.81003]},"54o":{"weight":0.0,"played":[0.9995,5.0E-4],"evs":[0.0,-2.92958]},"64o":{"weight":0.0,"played":[0.9995,5.0E-4],"evs":[0.0,-4.12737]},"74o":{"weight":0.0,"played":[0.9997,3.0E-4],"evs":[0.0,-4.01413]},"84o":{"weight":0.0,"played":[0.9993,7.0E-4],"evs":[0.0,-4.32072]},"94o":{"weight":0.0,"played":[1.0,0.0],"evs":[0.0,-4.74917]},"T4o":{"weight":0.0,"played":[1.0,0.0],"evs":[0.0,-4.06768]},"J4o":{"weight":0.0,"played":[1.0,0.0],"evs":[0.0,-4.59713]},"Q4o":{"weight":0.0,"played":[0.9992,8.0E-4],"evs":[0.0,-4.50732]},"K4o":{"weight":0.0,"played":[1.0,0.0],"evs":[0.0,-3.50987]},"A4o":{"weight":0.0,"played":[0.9988,0.0012],"evs":[0.0,-3.77421]},"52s":{"weight":0.0,"played":[0.9983,0.0017],"evs":[0.0,-3.28665]},"53s":{"weight":0.0,"played":[0.9987,0.0013],"evs":[0.0,-1.08749]},"54s":{"weight":0.0,"played":[0.6638,0.3362],"evs":[0.0,-0.05644]},"55":{"weight":0.0,"played":[0.9928,0.0072],"evs":[0.0,-0.74718]},"65o":{"weight":0.0,"played":[0.9998,2.0E-4],"evs":[0.0,-2.52258]},"75o":{"weight":0.0,"played":[0.9984,0.0016],"evs":[0.0,-3.34487]},"85o":{"weight":0.0,"played":[0.9998,2.0E-4],"evs":[0.0,-4.05427]},"95o":{"weight":0.0,"played":[1.0,0.0],"evs":[0.0,-3.90448]},"T5o":{"weight":0.0,"played":[0.9992,8.0E-4],"evs":[0.0,-4.5813]},"J5o":{"weight":0.0,"played":[0.9998,2.0E-4],"evs":[0.0,-3.82218]},"Q5o":{"weight":0.0,"played":[0.9995,5.0E-4],"evs":[0.0,-4.20243]},"K5o":{"weight":0.0,"played":[0.9999,1.0E-4],"evs":[0.0,-3.7515]},"A5o":{"weight":0.0,"played":[0.9945,0.0055],"evs":[0.0,-4.48437]},"62s":{"weight":0.0,"played":[0.9991,9.0E-4],"evs":[0.0,-4.59852]},"63s":{"weight":0.0,"played":[0.9996,4.0E-4],"evs":[0.0,-3.41671]},"64s":{"weight":0.0,"played":[0.8084,0.1916],"evs":[0.0,-1.71057]},"65s":{"weight":0.0,"played":[0.6665,0.3335],"evs":[0.0,0.24825]},"66":{"weight":0.0,"played":[0.1266,0.8734],"evs":[0.0,0.87162]},"76o":{"weight":0.0,"played":[0.9991,9.0E-4],"evs":[0.0,-3.0531]},"86o":{"weight":0.0,"played":[0.999,0.001],"evs":[0.0,-3.34972]},"96o":{"weight":0.0,"played":[0.9977,0.0023],"evs":[0.0,-3.14721]},"T6o":{"weight":0.0,"played":[0.9967,0.0033],"evs":[0.0,-4.35406]},"J6o":{"weight":0.0,"played":[0.9998,2.0E-4],"evs":[0.0,-4.56503]},"Q6o":{"weight":0.0,"played":[0.9996,4.0E-4],"evs":[0.0,-4.99683]},"K6o":{"weight":0.0,"played":[0.9997,3.0E-4],"evs":[0.0,-4.3206]},"A6o":{"weight":0.0,"played":[0.9952,0.0048],"evs":[0.0,-4.98288]},"72s":{"weight":0.0,"played":[0.9982,0.0018],"evs":[0.0,-4.70992]},"73s":{"weight":0.0,"played":[0.9988,0.0012],"evs":[0.0,-2.82723]},"74s":{"weight":0.0,"played":[0.9522,0.0478],"evs":[0.0,-1.49383]},"75s":{"weight":0.0,"played":[0.8914,0.1086],"evs":[0.0,-1.38326]},"76s":{"weight":0.0,"played":[0.5264,0.4736],"evs":[0.0,-0.01155]},"77":{"weight":0.0,"played":[0.0076,0.9924],"evs":[0.0,1.84245]},"87o":{"weight":0.0,"played":[0.9991,9.0E-4],"evs":[0.0,-4.2638]},"97o":{"weight":0.0,"played":[0.9977,0.0023],"evs":[0.0,-2.09907]},"T7o":{"weight":0.0,"played":[0.9948,0.0052],"evs":[0.0,-3.14028]},"J7o":{"weight":0.0,"played":[0.9988,0.0012],"evs":[0.0,-4.13389]},"Q7o":{"weight":0.0,"played":[0.9981,0.0019],"evs":[0.0,-3.78094]},"K7o":{"weight":0.0,"played":[0.9968,0.0032],"evs":[0.0,-3.16864]},"A7o":{"weight":0.0048,"played":[0.9969,0.0031],"evs":[0.0,-3.86834]},"82s":{"weight":0.0,"played":[0.9985,0.0015],"evs":[0.0,-3.29854]},"83s":{"weight":0.0,"played":[0.9933,0.0067],"evs":[0.0,-3.48904]},"84s":{"weight":0.0,"played":[1.0,0.0],"evs":[0.0,-2.51505]},"85s":{"weight":0.0,"played":[0.8928,0.1072],"evs":[0.0,-2.77432]},"86s":{"weight":0.0,"played":[0.953,0.047],"evs":[0.0,-1.52268]},"87s":{"weight":0.0,"played":[0.9115,0.0885],"evs":[0.0,-0.69212]},"88":{"weight":0.0211,"played":[0.0,1.0],"evs":[0.0,2.37186]},"98o":{"weight":0.0,"played":[1.0,0.0],"evs":[0.0,-3.60824]},"T8o":{"weight":0.0,"played":[0.9964,0.0036],"evs":[0.0,-3.58281]},"J8o":{"weight":0.0,"played":[0.9982,0.0018],"evs":[0.0,-2.88905]},"Q8o":{"weight":0.0,"played":[0.9961,0.0039],"evs":[0.0,-3.16187]},"K8o":{"weight":0.0,"played":[0.9985,0.0015],"evs":[0.0,-3.64915]},"A8o":{"weight":0.9997,"played":[0.9934,0.0066],"evs":[0.0,-4.14703]},"92s":{"weight":0.0,"played":[0.9832,0.0168],"evs":[0.0,-2.33648]},"93s":{"weight":0.0,"played":[0.996,0.004],"evs":[0.0,-1.46163]},"94s":{"weight":0.0,"played":[0.9564,0.0436],"evs":[0.0,-1.66794]},"95s":{"weight":0.0,"played":[0.9807,0.0193],"evs":[0.0,-2.30699]},"96s":{"weight":0.0,"played":[0.9847,0.0153],"evs":[0.0,-2.30494]},"97s":{"weight":0.0,"played":[0.9635,0.0365],"evs":[0.0,-2.07135]},"98s":{"weight":0.106,"played":[0.1488,0.8512],"evs":[0.0,0.83958]},"99":{"weight":0.0,"played":[4.0E-4,0.9996],"evs":[0.0,4.96647]},"T9o":{"weight":0.0,"played":[0.9896,0.0104],"evs":[0.0,-1.98986]},"J9o":{"weight":0.0,"played":[0.9986,0.0014],"evs":[0.0,-1.84573]},"Q9o":{"weight":0.0,"played":[0.9961,0.0039],"evs":[0.0,-2.71056]},"K9o":{"weight":0.0,"played":[0.9966,0.0034],"evs":[0.0,-1.79821]},"A9o":{"weight":0.2578,"played":[0.9843,0.0157],"evs":[0.0,-2.65461]},"T2s":{"weight":0.0,"played":[0.9999,1.0E-4],"evs":[0.0,-4.45588]},"T3s":{"weight":0.0,"played":[0.996,0.004],"evs":[0.0,-3.63794]},"T4s":{"weight":0.0,"played":[0.9998,2.0E-4],"evs":[0.0,-3.26238]},"T5s":{"weight":0.0,"played":[0.9999,1.0E-4],"evs":[0.0,-2.72473]},"T6s":{"weight":0.0,"played":[0.9969,0.0031],"evs":[0.0,-3.87737]},"T7s":{"weight":0.0,"played":[0.9952,0.0048],"evs":[0.0,-1.51818]},"T8s":{"weight":0.0,"played":[0.811,0.189],"evs":[0.0,-1.75185]},"T9s":{"weight":0.7069,"played":[0.8731,0.1269],"evs":[0.0,-0.53696]},"TT":{"weight":0.8678,"played":[0.0,1.0],"evs":[0.0,6.00949]},"JTo":{"weight":0.0,"played":[0.9169,0.0831],"evs":[0.0,-1.86234]},"QTo":{"weight":0.0,"played":[0.9987,0.0013],"evs":[0.0,-1.85164]},"KTo":{"weight":0.6339,"played":[0.9931,0.0069],"evs":[0.0,-2.16094]},"ATo":{"weight":0.0,"played":[0.9928,0.0072],"evs":[0.0,-2.42615]},"J2s":{"weight":0.0,"played":[0.8915,0.1085],"evs":[0.0,-1.25418]},"J3s":{"weight":0.0,"played":[0.9989,0.0011],"evs":[0.0,-2.07067]},"J4s":{"weight":0.0,"played":[0.9285,0.0715],"evs":[0.0,-2.88665]},"J5s":{"weight":0.0,"played":[0.9574,0.0426],"evs":[0.0,-2.10696]},"J6s":{"weight":0.0,"played":[0.9969,0.0031],"evs":[0.0,-2.14301]},"J7s":{"weight":0.0,"played":[0.6733,0.3267],"evs":[0.0,-2.11751]},"J8s":{"weight":0.0,"played":[0.5777,0.4223],"evs":[0.0,0.95536]},"J9s":{"weight":1.0,"played":[0.3521,0.6479],"evs":[0.0,0.68476]},"JTs":{"weight":0.0,"played":[0.4347,0.5653],"evs":[0.0,0.5092]},"JJ":{"weight":1.0,"played":[0.0,1.0],"evs":[0.0,7.52756]},"QJo":{"weight":0.9993,"played":[0.978,0.022],"evs":[0.0,-0.95396]},"KJo":{"weight":0.2038,"played":[0.988,0.012],"evs":[0.0,-1.16664]},"AJo":{"weight":0.0,"played":[0.1974,0.8026],"evs":[0.0,0.6671]},"Q2s":{"weight":0.0,"played":[0.9835,0.0165],"evs":[0.0,-3.40781]},"Q3s":{"weight":0.0,"played":[0.9868,0.0132],"evs":[0.0,-3.15073]},"Q4s":{"weight":0.0,"played":[0.9979,0.0021],"evs":[0.0,-2.23192]},"Q5s":{"weight":0.0,"played":[0.9994,6.0E-4],"evs":[0.0,-2.99074]},"Q6s":{"weight":0.0,"played":[0.9742,0.0258],"evs":[0.0,-1.89465]},"Q7s":{"weight":0.0,"played":[0.8875,0.1125],"evs":[0.0,-2.65329]},"Q8s":{"weight":0.0,"played":[0.9739,0.0261],"evs":[0.0,-2.84041]},"Q9s":{"weight":0.9998,"played":[0.9779,0.0221],"evs":[0.0,-1.35772]},"QTs":{"weight":0.0,"played":[0.3813,0.6187],"evs":[0.0,0.06383]},"QJs":{"weight":0.0,"played":[0.2916,0.7084],"evs":[0.0,0.97088]},"QQ":{"weight":1.0,"played":[0.0,1.0],"evs":[0.0,10.85578]},"KQo":{"weight":0.0,"played":[0.5702,0.4298],"evs":[0.0,-0.57965]},"AQo":{"weight":0.0,"played":[0.0,1.0],"evs":[0.0,2.11503]},"K2s":{"weight":0.0,"played":[0.9991,9.0E-4],"evs":[0.0,-3.70331]},"K3s":{"weight":0.0,"played":[0.9958,0.0042],"evs":[0.0,-1.33832]},"K4s":{"weight":0.0,"played":[0.9905,0.0095],"evs":[0.0,-1.25379]},"K5s":{"weight":0.0,"played":[0.9909,0.0091],"evs":[0.0,-1.93814]},"K6s":{"weight":0.0,"played":[0.9998,2.0E-4],"evs":[0.0,-2.06055]},"K7s":{"weight":0.0,"played":[0.8894,0.1106],"evs":[0.0,-1.38948]},"K8s":{"weight":0.1697,"played":[0.9391,0.0609],"evs":[0.0,-1.21354]},"K9s":{"weight":0.98,"played":[0.5669,0.4331],"evs":[0.0,0.78035]},"KTs":{"weight":0.2716,"played":[0.6509,0.3491],"evs":[0.0,0.03846]},"KJs":{"weight":0.1682,"played":[0.606,0.394],"evs":[0.0,0.6236]},"KQs":{"weight":1.0E-4,"played":[0.0315,0.9685],"evs":[0.0,1.06197]},"KK":{"weight":1.0,"played":[0.0,1.0],"evs":[0.0,15.46695]},"AKo":{"weight":0.1586,"played":[0.0,1.0],"evs":[0.0,4.4394]},"A2s":{"weight":1.0,"played":[0.9769,0.0231],"evs":[0.0,-3.08034]},"A3s":{"weight":1.0,"played":[0.9948,0.0052],"evs":[0.0,-1.5222]},"A4s":{"weight":0.9993,"played":[0.9435,0.0565],"evs":[0.0,-1.89121]},"A5s":{"weight":0.0011,"played":[0.9653,0.0347],"evs":[0.0,-2.42986]},"A6s":{"weight":0.3289,"played":[0.9835,0.0165],"evs":[0.0,-2.9908]},"A7s":{"weight":0.7727,"played":[0.9864,0.0136],"evs":[0.0,-2.03782]},"A8s":{"weight":0.0406,"played":[0.9807,0.0193],"evs":[0.0,-2.56927]},"A9s":{"weight":5.0E-4,"played":[0.6798,0.3202],"evs":[0.0,-0.28208]},"ATs":{"weight":0.596,"played":[0.0,1.0],"evs":[0.0,1.17012]},"AJs":{"weight":0.3876,"played":[0.0,1.0],"evs":[0.0,1.40735]},"AQs":{"weight":0.9998,"played":[0.0,1.0],"evs":[0.0,3.8913]},"AKs":{"weight":1.0,"played":[1.0E-4,0.9999],"evs":[0.0,5.57715]},"AA":{"weight":1.0,"played":[0.0,1.0],"evs":[0.0,22.94287]}}}