{"player":3,"street":0,"children":2,"sequence":[{"player":0,"type":"R","amount":200000,"street":0},{"player":1,"type":"F","amount":0,"street":0},{"player":2,"type":"C","amount":200000,"street":0},{"player":3,"type":"C","amount":200000,"street":0},{"player":4,"type":"F","amount":0,"street":0},{"player":5,"type":"R","amount":945000,"street":0},{"player":0,"type":"F","amount":0,"street":0},{"player":2,"type":"F","amount":0,"street":0}],"actions":[{"type":"F","amount":0},{"type":"C","amount":745000}],"hands":{"22":{"weight":0.0378,"played":[0.0992,0.9008],"evs":[0.0,13.95813]},"32o":{"weight":0.0,"played":[0.12,0.88],"evs":[0.0,14.17771]},"42o":{"weight":0.0,"played":[1.0,0.0],"evs":[0.0,-8.07286]},"52o":{"weight":0.0,"played":[0.5893,0.4107],"evs":[0.0,-0.61857]},"62o":{"weight":0.0,"played":[0.7419,0.2581],"evs":[0.0,-3.78141]},"72o":{"weight":0.0,"played":[0.73,0.27],"evs":[0.0,0.70918]},"82o":{"weight":0.0,"played":[1.0,0.0],"evs":[0.0,20.59304]},"92o":{"weight":0.0,"played":[0.3821,0.6179],"evs":[0.0,2.26734]},"T2o":{"weight":0.0,"played":[0.0,1.0],"evs":[0.0,1.71626]},"J2o":{"weight":0.0,"played":[0.7589,0.2411],"evs":[0.0,-8.07286]},"Q2o":{"weight":0.0,"played":[0.8174,0.1826],"evs":[0.0,-7.88851]},"K2o":{"weight":0.0,"played":[1.0,0.0],"evs":[0.0,-8.07286]},"A2o":{"weight":0.0,"played":[0.963,0.037],"evs":[0.0,-7.89119]},"32s":{"weight":0.0,"played":[0.5,0.5],"evs":[0.0,-8.07286]},"33":{"weight":0.7755,"played":[0.9295,0.0705],"evs":[0.0,-0.88392]},"43o":{"weight":0.0,"played":[0.6312,0.3688],"evs":[0.0,-5.18202]},"53o":{"weight":0.0,"played":[0.665,0.335],"evs":[0.0,-0.42763]},"63o":{"weight":0.0,"played":[0.0814,0.9186],"evs":[0.0,19.43927]},"73o":{"weight":0.0,"played":[0.848,0.152],"evs":[0.0,-7.25559]},"83o":{"weight":0.0,"played":[1.0,0.0],"evs":[0.0,4.98934]},"93o":{"weight":0.0,"played":[0.253,0.747],"evs":[0.0,-1.43572]},"T3o":{"weight":0.0,"played":[0.2107,0.7893],"evs":[0.0,3.30751]},"J3o":{"weight":0.0,"played":[0.8554,0.1446],"evs":[0.0,-6.7603]},"Q3o":{"weight":0.0,"played":[1.0,0.0],"evs":[0.0,-8.07286]},"K3o":{"weight":0.0,"played":[0.3988,0.6012],"evs":[0.0,-2.83224]},"A3o":{"weight":0.0,"played":[0.2559,0.7441],"evs":[0.0,-0.21219]},"42s":{"weight":0.0,"played":[0.5,0.5],"evs":[0.0,-8.07286]},"43s":{"weight":1.0E-4,"played":[0.5,0.5],"evs":[0.0,0.0]},"44":{"weight":0.5905,"played":[0.3807,0.6193],"evs":[0.0,9.92123]},"54o":{"weight":0.0,"played":[0.9699,0.0301],"evs":[0.0,-8.07286]},"64o":{"weight":0.0,"played":[0.3875,0.6125],"evs":[0.0,3.21878]},"74o":{"weight":0.0,"played":[0.7484,0.2516],"evs":[0.0,6.27476]},"84o":{"weight":0.0,"played":[0.1763,0.8237],"evs":[0.0,14.07224]},"94o":{"weight":0.0,"played":[0.5948,0.4052],"evs":[0.0,11.63739]},"T4o":{"weight":0.0,"played":[0.2382,0.7618],"evs":[0.0,-1.92444]},"J4o":{"weight":0.0,"played":[0.4355,0.5645],"evs":[0.0,-2.88219]},"Q4o":{"weight":0.0,"played":[0.3218,0.6782],"evs":[0.0,1.62057]},"K4o":{"weight":0.0,"played":[0.4789,0.5211],"evs":[0.0,-4.61425]},"A4o":{"weight":1.0E-4,"played":[0.8744,0.1256],"evs":[0.0,-1.03545]},"52s":{"weight":2.0E-4,"played":[0.1642,0.8358],"evs":[0.0,1.33983]},"53s":{"weight":3.0E-4,"played":[0.0,1.0],"evs":[0.0,-1.72541]},"54s":{"weight":1.0E-4,"played":[1.0,0.0],"evs":[0.0,-8.07286]},"55":{"weight":0.9977,"played":[0.3166,0.6834],"evs":[0.0,3.03241]},"65o":{"weight":0.0,"played":[0.7439,0.2561],"evs":[0.0,4.39373]},"75o":{"weight":0.0,"played":[0.5781,0.4219],"evs":[0.0,-5.14776]},"85o":{"weight":0.0,"played":[0.0,1.0],"evs":[0.0,11.98111]},"95o":{"weight":0.0,"played":[0.4951,0.5049],"evs":[0.0,-5.98553]},"T5o":{"weight":0.0,"played":[0.145,0.855],"evs":[0.0,12.18498]},"J5o":{"weight":0.0,"played":[0.4273,0.5727],"evs":[0.0,-5.85927]},"Q5o":{"weight":1.0E-4,"played":[0.7445,0.2555],"evs":[0.0,-8.07286]},"K5o":{"weight":0.0,"played":[0.2198,0.7802],"evs":[0.0,3.69407]},"A5o":{"weight":3.0E-4,"played":[0.2127,0.7873],"evs":[0.0,-1.04432]},"62s":{"weight":2.0E-4,"played":[0.2261,0.7739],"evs":[0.0,4.88829]},"63s":{"weight":1.0E-4,"played":[1.0,0.0],"evs":[0.0,-8.07286]},"64s":{"weight":0.0,"played":[0.5,0.5],"evs":[0.0,-8.07286]},"65s":{"weight":0.0019,"played":[0.961,0.039],"evs":[0.0,3.55655]},"66":{"weight":0.9734,"played":[0.0,1.0],"evs":[0.0,8.55622]},"76o":{"weight":0.0,"played":[0.447,0.553],"evs":[0.0,2.59119]},"86o":{"weight":0.0,"played":[0.5217,0.4783],"evs":[0.0,3.94153]},"96o":{"weight":0.0,"played":[0.0018,0.9982],"evs":[0.0,2.61998]},"T6o":{"weight":0.0,"played":[0.4487,0.5513],"evs":[0.0,8.61458]},"J6o":{"weight":0.0,"played":[0.4768,0.5232],"evs":[0.0,7.95379]},"Q6o":{"weight":0.0,"played":[0.9551,0.0449],"evs":[0.0,-8.07286]},"K6o":{"weight":0.0,"played":[0.2686,0.7314],"evs":[0.0,3.11609]},"A6o":{"weight":0.0,"played":[0.8674,0.1326],"evs":[0.0,-8.07286]},"72s":{"weight":0.0,"played":[0.5,0.5],"evs":[0.0,-8.07286]},"73s":{"weight":0.0,"played":[0.2371,0.7629],"evs":[0.0,5.51989]},"74s":{"weight":0.0,"played":[0.0,1.0],"evs":[0.0,20.59304]},"75s":{"weight":6.0E-4,"played":[1.0,0.0],"evs":[0.0,20.59304]},"76s":{"weight":0.2349,"played":[0.0367,0.9633],"evs":[0.0,1.6698]},"77":{"weight":0.0656,"played":[0.0,1.0],"evs":[0.0,5.75273]},"87o":{"weight":0.0,"played":[0.2409,0.7591],"evs":[0.0,5.21957]},"97o":{"weight":0.0,"played":[0.2756,0.7244],"evs":[0.0,6.89396]},"T7o":{"weight":0.0,"played":[0.0642,0.9358],"evs":[0.0,7.36945]},"J7o":{"weight":0.0,"played":[0.0897,0.9103],"evs":[0.0,14.89041]},"Q7o":{"weight":0.0,"played":[0.9628,0.0372],"evs":[0.0,-8.07286]},"K7o":{"weight":0.0,"played":[0.0,1.0],"evs":[0.0,9.76271]},"A7o":{"weight":0.0,"played":[0.0,1.0],"evs":[0.0,3.42589]},"82s":{"weight":0.0,"played":[0.0,1.0],"evs":[0.0,-8.07286]},"83s":{"weight":0.0,"played":[1.0,0.0],"evs":[0.0,-8.07286]},"84s":{"weight":0.0,"played":[0.0678,0.9322],"evs":[0.0,20.59304]},"85s":{"weight":0.0,"played":[0.0981,0.9019],"evs":[0.0,-5.26128]},"86s":{"weight":0.0,"played":[0.0133,0.9867],"evs":[0.0,-0.47663]},"87s":{"weight":0.1319,"played":[0.5,0.5],"evs":[0.0,20.59304]},"88":{"weight":1.0E-4,"played":[0.0,1.0],"evs":[0.0,20.59304]},"98o":{"weight":0.0,"played":[0.2012,0.7988],"evs":[0.0,14.54675]},"T8o":{"weight":0.0,"played":[0.9218,0.0782],"evs":[0.0,-7.95501]},"J8o":{"weight":0.0,"played":[1.0,0.0],"evs":[0.0,-8.07286]},"Q8o":{"weight":0.0,"played":[0.1168,0.8832],"evs":[0.0,-0.81209]},"K8o":{"weight":0.0,"played":[0.5761,0.4239],"evs":[0.0,-5.48055]},"A8o":{"weight":0.1994,"played":[0.022,0.978],"evs":[0.0,20.59304]},"92s":{"weight":0.0,"played":[0.5,0.5],"evs":[0.0,0.0]},"93s":{"weight":0.0,"played":[1.0,0.0],"evs":[0.0,-4.9672]},"94s":{"weight":0.0,"played":[1.0,0.0],"evs":[0.0,-8.07286]},"95s":{"weight":0.0,"played":[0.0,1.0],"evs":[0.0,-8.07286]},"96s":{"weight":9.0E-4,"played":[1.0,0.0],"evs":[0.0,-8.07286]},"97s":{"weight":0.0057,"played":[0.0,1.0],"evs":[0.0,-4.82591]},"98s":{"weight":0.1636,"played":[0.5,0.5],"evs":[0.0,-8.07286]},"99":{"weight":2.0E-4,"played":[0.5,0.5],"evs":[0.0,20.59304]},"T9o":{"weight":0.0,"played":[0.8413,0.1587],"evs":[0.0,0.95466]},"J9o":{"weight":0.0,"played":[0.4996,0.5004],"evs":[0.0,-4.26599]},"Q9o":{"weight":0.0,"played":[0.0,1.0],"evs":[0.0,0.45232]},"K9o":{"weight":0.0,"played":[0.4523,0.5477],"evs":[0.0,3.17918]},"A9o":{"weight":0.9609,"played":[1.0,0.0],"evs":[0.0,-2.44164]},"T2s":{"weight":0.0,"played":[0.8136,0.1864],"evs":[0.0,9.90406]},"T3s":{"weight":0.0,"played":[0.0,1.0],"evs":[0.0,0.92037]},"T4s":{"weight":1.0E-4,"played":[0.3003,0.6997],"evs":[0.0,-2.12993]},"T5s":{"weight":2.0E-4,"played":[1.0,0.0],"evs":[0.0,-8.07286]},"T6s":{"weight":0.0,"played":[0.4086,0.5914],"evs":[0.0,-1.97723]},"T7s":{"weight":0.0,"played":[0.1983,0.8017],"evs":[0.0,4.62488]},"T8s":{"weight":5.0E-4,"played":[0.5788,0.4212],"evs":[0.0,-8.07286]},"T9s":{"weight":0.8092,"played":[0.5,0.5],"evs":[0.0,-8.07286]},"TT":{"weight":0.0,"played":[0.0,1.0],"evs":[0.0,20.59304]},"JTo":{"weight":2.0E-4,"played":[0.5691,0.4309],"evs":[0.0,-0.75239]},"QTo":{"weight":2.0E-4,"played":[0.8733,0.1267],"evs":[0.0,3.49483]},"KTo":{"weight":0.0,"played":[0.592,0.408],"evs":[0.0,-6.86759]},"ATo":{"weight":0.0879,"played":[0.0,1.0],"evs":[0.0,4.55081]},"J2s":{"weight":0.0,"played":[0.8546,0.1454],"evs":[0.0,-8.07286]},"J3s":{"weight":0.0012,"played":[0.5,0.5],"evs":[0.0,20.59304]},"J4s":{"weight":1.0E-4,"played":[0.5277,0.4723],"evs":[0.0,-7.33492]},"J5s":{"weight":0.0,"played":[0.5,0.5],"evs":[0.0,0.0]},"J6s":{"weight":0.0,"played":[0.0,1.0],"evs":[0.0,-8.07286]},"J7s":{"weight":0.0014,"played":[1.0,0.0],"evs":[0.0,-8.07286]},"J8s":{"weight":0.0,"played":[0.0,1.0],"evs":[0.0,20.59304]},"J9s":{"weight":0.7603,"played":[1.0,0.0],"evs":[0.0,-8.07286]},"JTs":{"weight":0.9967,"played":[0.2158,0.7842],"evs":[0.0,4.29749]},"JJ":{"weight":0.0,"played":[0.0,1.0],"evs":[0.0,20.59304]},"QJo":{"weight":0.1641,"played":[0.2987,0.7013],"evs":[0.0,-8.07286]},"KJo":{"weight":0.9521,"played":[0.437,0.563],"evs":[0.0,15.87554]},"AJo":{"weight":0.017,"played":[0.4089,0.5911],"evs":[0.0,13.871]},"Q2s":{"weight":0.0,"played":[0.5,0.5],"evs":[0.0,20.59304]},"Q3s":{"weight":0.0,"played":[1.0,0.0],"evs":[0.0,-8.07286]},"Q4s":{"weight":3.0E-4,"played":[1.0,0.0],"evs":[0.0,8.739]},"Q5s":{"weight":9.0E-4,"played":[0.5784,0.4216],"evs":[0.0,-8.07286]},"Q6s":{"weight":1.0E-4,"played":[1.0,0.0],"evs":[0.0,20.59304]},"Q7s":{"weight":2.0E-4,"played":[1.0,0.0],"evs":[0.0,3.88907]},"Q8s":{"weight":0.0013,"played":[0.7054,0.2946],"evs":[0.0,-4.69355]},"Q9s":{"weight":0.9998,"played":[0.4821,0.5179],"evs":[0.0,12.51635]},"QTs":{"weight":0.8258,"played":[1.0,0.0],"evs":[0.0,-8.07286]},"QJs":{"weight":0.998,"played":[0.1994,0.8006],"evs":[0.0,3.35833]},"QQ":{"weight":0.0,"played":[0.2384,0.7616],"evs":[0.0,18.38046]},"KQo":{"weight":0.2473,"played":[0.0,1.0],"evs":[0.0,7.65204]},"AQo":{"weight":0.0,"played":[0.0594,0.9406],"evs":[0.0,-0.7509]},"K2s":{"weight":0.0,"played":[0.8595,0.1405],"evs":[0.0,-8.07286]},"K3s":{"weight":0.0,"played":[0.5539,0.4461],"evs":[0.0,12.99035]},"K4s":{"weight":8.0E-4,"played":[1.0,0.0],"evs":[0.0,-8.07286]},"K5s":{"weight":0.0064,"played":[0.0,1.0],"evs":[0.0,-8.07286]},"K6s":{"weight":0.0165,"played":[0.1046,0.8954],"evs":[0.0,-5.07512]},"K7s":{"weight":0.1184,"played":[1.0,0.0],"evs":[0.0,-8.07286]},"K8s":{"weight":0.0051,"played":[0.0,1.0],"evs":[0.0,20.59304]},"K9s":{"weight":0.5942,"played":[0.5,0.5],"evs":[0.0,0.0]},"KTs":{"weight":0.4571,"played":[0.5,0.5],"evs":[0.0,20.59304]},"KJs":{"weight":0.774,"played":[0.2296,0.7704],"evs":[0.0,-1.49232]},"KQs":{"weight":0.0196,"played":[0.5,0.5],"evs":[0.0,0.0]},"KK":{"weight":0.0,"played":[0.0,1.0],"evs":[0.0,20.59304]},"AKo":{"weight":0.0026,"played":[0.1628,0.8372],"evs":[0.0,12.52552]},"A2s":{"weight":0.909,"played":[0.0909,0.9091],"evs":[0.0,-6.88155]},"A3s":{"weight":0.8019,"played":[0.2436,0.7564],"evs":[0.0,1.87879]},"A4s":{"weight":0.9957,"played":[1.0,0.0],"evs":[0.0,4.03279]},"A5s":{"weight":0.976,"played":[0.7758,0.2242],"evs":[0.0,5.32938]},"A6s":{"weight":0.0914,"played":[0.5,0.5],"evs":[0.0,-8.07286]},"A7s":{"weight":0.0017,"played":[0.5,0.5],"evs":[0.0,0.0]},"A8s":{"weight":0.2778,"played":[0.0539,0.9461],"evs":[0.0,20.59304]},"A9s":{"weight":0.7498,"played":[1.0,0.0],"evs":[0.0,-8.07286]},"ATs":{"weight":0.1,"played":[0.5,0.5],"evs":[0.0,20.59304]},"AJs":{"weight":9.0E-4,"played":[1.0,0.0],"evs":[0.0,-8.07286]},"AQs":{"weight":0.0,"played":[0.5,0.5],"evs":[0.0,0.0]},"AKs":{"weight":0.0,"played":[0.0,1.0],"evs":[0.0,1.62945]},"AA":{"weight":0.01,"played":[0.0,1.0],"evs":[0.0,20.59304]}}}