{"player":2,"street":0,"children":2,"sequence":[{"player":0,"type":"R","amount":200000,"street":0},{"player":1,"type":"F","amount":0,"street":0},{"player":2,"type":"C","amount":200000,"street":0},{"player":3,"type":"C","amount":200000,"street":0},{"player":4,"type":"F","amount":0,"street":0},{"player":5,"type":"R","amount":945000,"street":0},{"player":0,"type":"C","amount":745000,"street":0}],"actions":[{"type":"F","amount":0,"node":198},{"type":"R","amount":985000,"node":200}],"hands":{"22":{"weight":0.0,"played":[0.0711,0.9289],"evs":[0.0,0.0353]},"32o":{"weight":0.0,"played":[0.9994,6.0E-4],"evs":[0.0,-1.90409]},"42o":{"weight":0.0,"played":[0.9991,9.0E-4],"evs":[0.0,-2.37667]},"52o":{"weight":0.0,"played":[1.0,0.0],"evs":[0.0,-0.78329]},"62o":{"weight":0.0,"played":[0.9994,6.0E-4],"evs":[0.0,-1.41582]},"72o":{"weight":0.0,"played":[0.9998,2.0E-4],"evs":[0.0,-2.5117]},"82o":{"weight":0.0,"played":[1.0,0.0],"evs":[0.0,-2.64416]},"92o":{"weight":0.0,"played":[0.9998,2.0E-4],"evs":[0.0,-2.90369]},"T2o":{"weight":0.0,"played":[0.9998,2.0E-4],"evs":[0.0,-2.75258]},"J2o":{"weight":0.0,"played":[0.9891,0.0109],"evs":[0.0,-2.70621]},"Q2o":{"weight":0.0,"played":[0.9972,0.0028],"evs":[0.0,-1.73853]},"K2o":{"weight":0.0,"played":[0.9952,0.0048],"evs":[0.0,-2.46852]},"A2o":{"weight":0.0,"played":[0.9998,2.0E-4],"evs":[0.0,-0.7325]},"32s":{"weight":0.0,"played":[0.556,0.444],"evs":[0.0,0.06552]},"33":{"weight":0.0,"played":[1.0E-4,0.9999],"evs":[0.0,1.11147]},"43o":{"weight":0.0,"played":[0.9999,1.0E-4],"evs":[0.0,-0.4969]},"53o":{"weight":0.0,"played":[0.934,0.066],"evs":[0.0,-0.60476]},"63o":{"weight":0.0,"played":[0.9632,0.0368],"evs":[0.0,-0.92071]},"73o":{"weight":0.0,"played":[0.9982,0.0018],"evs":[0.0,-1.52795]},"83o":{"weight":0.0,"played":[0.9998,2.0E-4],"evs":[0.0,-2.50822]},"93o":{"weight":0.0,"played":[0.9996,4.0E-4],"evs":[0.0,-2.69342]},"T3o":{"weight":0.0,"played":[0.9948,0.0052],"evs":[0.0,-2.40593]},"J3o":{"weight":0.0,"played":[1.0,0.0],"evs":[0.0,-1.64796]},"Q3o":{"weight":0.0,"played":[0.9996,4.0E-4],"evs":[0.0,-1.82195]},"K3o":{"weight":0.0,"played":[0.9981,0.0019],"evs":[0.0,-1.66225]},"A3o":{"weight":0.0,"played":[0.9898,0.0102],"evs":[0.0,-1.32008]},"42s":{"weight":0.0,"played":[0.9252,0.0748],"evs":[0.0,-0.5725]},"43s":{"weight":0.0,"played":[0.1477,0.8523],"evs":[0.0,-0.06623]},"44":{"weight":0.0,"played":[0.0156,0.9844],"evs":[0.0,2.4155]},"54o":{"weight":0.0,"played":[0.8846,0.1154],"evs":[0.0,-0.33262]},"64o":{"weight":0.0,"played":[0.9675,0.0325],"evs":[0.0,-0.45489]},"74o":{"weight":0.0,"played":[0.8687,0.1313],"evs":[0.0,-0.76137]},"84o":{"weight":0.0,"played":[1.0,0.0],"evs":[0.0,-1.60389]},"94o":{"weight":0.0,"played":[0.9958,0.0042],"evs":[0.0,-2.88756]},"T4o":{"weight":0.0,"played":[1.0,0.0],"evs":[0.0,-2.20121]},"J4o":{"weight":0.0,"played":[0.9999,1.0E-4],"evs":[0.0,-2.22312]},"Q4o":{"weight":0.0,"played":[0.9969,0.0031],"evs":[0.0,-1.06716]},"K4o":{"weight":0.0,"played":[0.9995,5.0E-4],"evs":[0.0,-2.14452]},"A4o":{"weight":0.0,"played":[0.9639,0.0361],"evs":[0.0,-0.84596]},"52s":{"weight":0.0,"played":[0.0238,0.9762],"evs":[0.0,0.3484]},"53s":{"weight":0.0,"played":[0.0022,0.9978],"evs":[0.0,0.92935]},"54s":{"weight":0.0,"played":[0.0053,0.9947],"evs":[0.0,2.47838]},"55":{"weight":3.0E-4,"played":[1.0E-4,0.9999],"evs":[0.0,2.38883]},"65o":{"weight":0.0,"played":[4.0E-4,0.9996],"evs":[0.0,0.6077]},"75o":{"weight":0.0,"played":[0.2166,0.7834],"evs":[0.0,0.1318]},"85o":{"weight":0.0,"played":[0.9952,0.0048],"evs":[0.0,-0.50771]},"95o":{"weight":0.0,"played":[0.9957,0.0043],"evs":[0.0,-2.03227]},"T5o":{"weight":0.0,"played":[1.0,0.0],"evs":[0.0,-1.77243]},"J5o":{"weight":0.0,"played":[1.0,0.0],"evs":[0.0,-1.85837]},"Q5o":{"weight":0.0,"played":[0.9999,1.0E-4],"evs":[0.0,-1.55415]},"K5o":{"weight":0.0,"played":[0.9993,7.0E-4],"evs":[0.0,-1.33788]},"A5o":{"weight":0.0,"played":[0.5477,0.4523],"evs":[0.0,0.19239]},"62s":{"weight":0.0,"played":[0.2234,0.7766],"evs":[0.0,0.95302]},"63s":{"weight":0.0,"played":[0.2531,0.7469],"evs":[0.0,0.13463]},"64s":{"weight":0.0,"played":[0.0032,0.9968],"evs":[0.0,1.38611]},"65s":{"weight":0.0,"played":[0.0528,0.9472],"evs":[0.0,2.09095]},"66":{"weight":0.895,"played":[1.0E-4,0.9999],"evs":[0.0,3.55781]},"76o":{"weight":0.0,"played":[0.2102,0.7898],"evs":[0.0,0.27302]},"86o":{"weight":0.0,"played":[0.9949,0.0051],"evs":[0.0,-0.24477]},"96o":{"weight":0.0,"played":[0.9818,0.0182],"evs":[0.0,-1.11073]},"T6o":{"weight":0.0,"played":[0.9988,0.0012],"evs":[0.0,-1.68371]},"J6o":{"weight":0.0,"played":[0.9986,0.0014],"evs":[0.0,-2.14111]},"Q6o":{"weight":0.0,"played":[0.9938,0.0062],"evs":[0.0,-1.51828]},"K6o":{"weight":0.0,"played":[0.8959,0.1041],"evs":[0.0,-1.41179]},"A6o":{"weight":0.0,"played":[0.9866,0.0134],"evs":[0.0,-0.7324]},"72s":{"weight":0.0,"played":[0.3282,0.6718],"evs":[0.0,0.10272]},"73s":{"weight":0.0,"played":[0.9231,0.0769],"evs":[0.0,-0.8806]},"74s":{"weight":0.0,"played":[0.8683,0.1317],"evs":[0.0,-0.54211]},"75s":{"weight":0.0,"played":[0.0015,0.9985],"evs":[0.0,-0.02104]},"76s":{"weight":0.0,"played":[0.0,1.0],"evs":[0.0,2.42431]},"77":{"weight":0.0071,"played":[8.0E-4,0.9992],"evs":[0.0,3.45514]},"87o":{"weight":0.0,"played":[0.3099,0.6901],"evs":[0.0,0.15659]},"97o":{"weight":0.0,"played":[0.9992,8.0E-4],"evs":[0.0,-0.55176]},"T7o":{"weight":0.0,"played":[0.8845,0.1155],"evs":[0.0,-1.06964]},"J7o":{"weight":0.0,"played":[0.9982,0.0018],"evs":[0.0,-1.02222]},"Q7o":{"weight":0.0,"played":[0.9998,2.0E-4],"evs":[0.0,-0.84902]},"K7o":{"weight":0.0,"played":[0.9991,9.0E-4],"evs":[0.0,-0.99073]},"A7o":{"weight":0.0,"played":[0.9659,0.0341],"evs":[0.0,-0.5397]},"82s":{"weight":0.0,"played":[0.9922,0.0078],"evs":[0.0,-1.29342]},"83s":{"weight":0.0,"played":[0.7454,0.2546],"evs":[0.0,-0.69348]},"84s":{"weight":0.0,"played":[0.624,0.376],"evs":[0.0,0.08309]},"85s":{"weight":0.0,"played":[0.0016,0.9984],"evs":[0.0,1.28204]},"86s":{"weight":0.0,"played":[0.1091,0.8909],"evs":[0.0,1.16066]},"87s":{"weight":0.0,"played":[0.2038,0.7962],"evs":[0.0,2.04024]},"88":{"weight":0.3397,"played":[1.0E-4,0.9999],"evs":[0.0,3.53598]},"98o":{"weight":0.0,"played":[0.9456,0.0544],"evs":[0.0,-0.26266]},"T8o":{"weight":0.0,"played":[0.9712,0.0288],"evs":[0.0,-0.33287]},"J8o":{"weight":0.0,"played":[0.9794,0.0206],"evs":[0.0,-1.756]},"Q8o":{"weight":0.0,"played":[0.9985,0.0015],"evs":[0.0,-1.68852]},"K8o":{"weight":0.0,"played":[0.9968,0.0032],"evs":[0.0,-1.44527]},"A8o":{"weight":0.0,"played":[0.969,0.031],"evs":[0.0,-1.14812]},"92s":{"weight":0.0,"played":[0.9762,0.0238],"evs":[0.0,-1.00988]},"93s":{"weight":0.0,"played":[0.9136,0.0864],"evs":[0.0,-1.37506]},"94s":{"weight":0.0,"played":[0.9767,0.0233],"evs":[0.0,-0.19993]},"95s":{"weight":0.0,"played":[0.8462,0.1538],"evs":[0.0,-1.29075]},"96s":{"weight":0.0,"played":[0.4943,0.5057],"evs":[0.0,-0.25054]},"97s":{"weight":0.0,"played":[0.0021,0.9979],"evs":[0.0,1.26942]},"98s":{"weight":0.0,"played":[0.0072,0.9928],"evs":[0.0,0.73277]},"99":{"weight":3.0E-4,"played":[2.0E-4,0.9998],"evs":[0.0,3.4458]},"T9o":{"weight":0.0,"played":[0.2493,0.7507],"evs":[0.0,-0.27395]},"J9o":{"weight":0.0,"played":[0.9712,0.0288],"evs":[0.0,-1.14255]},"Q9o":{"weight":0.0,"played":[0.9891,0.0109],"evs":[0.0,-1.27003]},"K9o":{"weight":0.0,"played":[0.9913,0.0087],"evs":[0.0,-1.12594]},"A9o":{"weight":2.0E-4,"played":[0.4832,0.5168],"evs":[0.0,-0.29499]},"T2s":{"weight":0.0,"played":[0.6909,0.3091],"evs":[0.0,-0.57554]},"T3s":{"weight":0.0,"played":[0.5564,0.4436],"evs":[0.0,-0.07601]},"T4s":{"weight":0.0,"played":[0.9686,0.0314],"evs":[0.0,-0.23115]},"T5s":{"weight":0.0,"played":[0.441,0.559],"evs":[0.0,-0.56771]},"T6s":{"weight":0.0,"played":[0.0863,0.9137],"evs":[0.0,0.3957]},"T7s":{"weight":0.0,"played":[0.1286,0.8714],"evs":[0.0,0.59968]},"T8s":{"weight":0.0,"played":[0.0318,0.9682],"evs":[0.0,1.80909]},"T9s":{"weight":0.0,"played":[1.0E-4,0.9999],"evs":[0.0,0.60238]},"TT":{"weight":0.0,"played":[0.0,1.0],"evs":[0.0,5.98029]},"JTo":{"weight":0.0,"played":[0.2188,0.7812],"evs":[0.0,0.18372]},"QTo":{"weight":0.0,"played":[0.1296,0.8704],"evs":[0.0,0.08154]},"KTo":{"weight":0.0,"played":[0.3868,0.6132],"evs":[0.0,0.08401]},"ATo":{"weight":0.0,"played":[0.0,1.0],"evs":[0.0,1.43131]},"J2s":{"weight":0.0,"played":[0.8288,0.1712],"evs":[0.0,-0.25684]},"J3s":{"weight":0.0,"played":[0.9893,0.0107],"evs":[0.0,-0.87314]},"J4s":{"weight":0.0,"played":[0.3849,0.6151],"evs":[0.0,0.01847]},"J5s":{"weight":0.0,"played":[0.4047,0.5953],"evs":[0.0,-0.09424]},"J6s":{"weight":0.0,"played":[0.9601,0.0399],"evs":[0.0,-0.56621]},"J7s":{"weight":0.0,"played":[0.8393,0.1607],"evs":[0.0,0.11697]},"J8s":{"weight":0.0,"played":[0.4891,0.5109],"evs":[0.0,-0.14857]},"J9s":{"weight":0.0,"played":[0.0019,0.9981],"evs":[0.0,2.0658]},"JTs":{"weight":0.0,"played":[0.0079,0.9921],"evs":[0.0,1.51963]},"JJ":{"weight":0.0,"played":[0.0,1.0],"evs":[0.0,7.02516]},"QJo":{"weight":0.0,"played":[0.1291,0.8709],"evs":[0.0,0.60791]},"KJo":{"weight":0.0,"played":[0.1388,0.8612],"evs":[0.0,0.91004]},"AJo":{"weight":0.0,"played":[0.0,1.0],"evs":[0.0,1.48314]},"Q2s":{"weight":0.0,"played":[0.8585,0.1415],"evs":[0.0,-0.7336]},"Q3s":{"weight":0.0,"played":[0.4524,0.5476],"evs":[0.0,-0.01088]},"Q4s":{"weight":0.0,"played":[0.1094,0.8906],"evs":[0.0,0.40455]},"Q5s":{"weight":0.0,"played":[0.8715,0.1285],"evs":[0.0,-0.37917]},"Q6s":{"weight":0.0,"played":[0.3701,0.6299],"evs":[0.0,0.02782]},"Q7s":{"weight":0.0,"played":[0.7781,0.2219],"evs":[0.0,-0.04856]},"Q8s":{"weight":0.0,"played":[0.0032,0.9968],"evs":[0.0,0.88613]},"Q9s":{"weight":0.0,"played":[0.0179,0.9821],"evs":[0.0,0.51992]},"QTs":{"weight":0.0,"played":[7.0E-4,0.9993],"evs":[0.0,0.69389]},"QJs":{"weight":1.0,"played":[0.0016,0.9984],"evs":[0.0,3.07638]},"QQ":{"weight":0.0,"played":[0.0,1.0],"evs":[0.0,10.82245]},"KQo":{"weight":0.2777,"played":[0.0,1.0],"evs":[0.0,1.70337]},"AQo":{"weight":0.0,"played":[0.0,1.0],"evs":[0.0,3.50771]},"K2s":{"weight":0.0,"played":[0.9348,0.0652],"evs":[0.0,-0.89096]},"K3s":{"weight":0.0,"played":[0.1768,0.8232],"evs":[0.0,-0.20917]},"K4s":{"weight":0.0,"played":[0.9606,0.0394],"evs":[0.0,-0.75768]},"K5s":{"weight":0.0,"played":[0.5706,0.4294],"evs":[0.0,-0.23703]},"K6s":{"weight":0.0,"played":[0.0224,0.9776],"evs":[0.0,1.56694]},"K7s":{"weight":0.0,"played":[0.0216,0.9784],"evs":[0.0,1.26693]},"K8s":{"weight":0.0,"played":[0.2555,0.7445],"evs":[0.0,-0.02999]},"K9s":{"weight":0.0,"played":[0.0197,0.9803],"evs":[0.0,1.66311]},"KTs":{"weight":0.7009,"played":[0.0062,0.9938],"evs":[0.0,1.83056]},"KJs":{"weight":0.0139,"played":[0.0016,0.9984],"evs":[0.0,2.52823]},"KQs":{"weight":0.0,"played":[1.0E-4,0.9999],"evs":[0.0,1.57213]},"KK":{"weight":0.0,"played":[0.0,1.0],"evs":[0.0,14.18513]},"AKo":{"weight":0.0,"played":[0.0,1.0],"evs":[0.0,5.28652]},"A2s":{"weight":0.0,"played":[0.007,0.993],"evs":[0.0,0.55375]},"A3s":{"weight":0.0,"played":[0.5725,0.4275],"evs":[0.0,0.30348]},"A4s":{"weight":8.0E-4,"played":[0.0907,0.9093],"evs":[0.0,1.32746]},"A5s":{"weight":0.5214,"played":[0.0148,0.9852],"evs":[0.0,1.54105]},"A6s":{"weight":0.0,"played":[0.1104,0.8896],"evs":[0.0,1.06542]},"A7s":{"weight":0.0248,"played":[0.0015,0.9985],"evs":[0.0,2.79176]},"A8s":{"weight":0.2093,"played":[2.0E-4,0.9998],"evs":[0.0,1.64013]},"A9s":{"weight":0.0,"played":[5.0E-4,0.9995],"evs":[0.0,2.01661]},"ATs":{"weight":0.0,"played":[2.0E-4,0.9998],"evs":[0.0,1.801]},"AJs":{"weight":0.0,"played":[0.0,1.0],"evs":[0.0,3.14274]},"AQs":{"weight":0.0,"played":[0.0,1.0],"evs":[0.0,5.37656]},"AKs":{"weight":0.0,"played":[0.0,1.0],"evs":[0.0,6.55726]},"AA":{"weight":0.1302,"played":[0.0,1.0],"evs":[0.0,20.59125]}}}