{"player":0,"street":0,"children":2,"sequence":[{"player":0,"type":"R","amount":200000,"street":0},{"player":1,"type":"F","amount":0,"street":0},{"player":2,"type":"C","amount":200000,"street":0},{"player":3,"type":"C","amount":200000,"street":0},{"player":4,"type":"F","amount":0,"street":0},{"player":5,"type":"R","amount":945000,"street":0},{"player":0,"type":"C","amount":745000,"street":0},{"player":2,"type":"R","amount":985000,"street":0},{"player":3,"type":"F","amount":0,"street":0}],"actions":[{"type":"F","amount":0},{"type":"C","amount":40000}],"hands":{"22":{"weight":0.2108,"played":[0.0042,0.9958],"evs":[0.0,10.09595]},"32o":{"weight":0.0,"played":[0.0011,0.9989],"evs":[0.0,4.23786]},"42o":{"weight":0.0,"played":[0.0033,0.9967],"evs":[0.0,6.03178]},"52o":{"weight":0.0,"played":[8.0E-4,0.9992],"evs":[0.0,4.57584]},"62o":{"weight":0.0,"played":[2.0E-4,0.9998],"evs":[0.0,4.25958]},"72o":{"weight":0.0,"played":[0.0047,0.9953],"evs":[0.0,7.61298]},"82o":{"weight":0.0,"played":[0.0056,0.9944],"evs":[0.0,7.15075]},"92o":{"weight":0.0,"played":[0.0,1.0],"evs":[0.0,7.90649]},"T2o":{"weight":0.0,"played":[0.0089,0.9911],"evs":[0.0,6.34744]},"J2o":{"weight":0.0,"played":[0.0,1.0],"evs":[0.0,2.94198]},"Q2o":{"weight":0.0,"played":[0.0072,0.9928],"evs":[0.0,6.42094]},"K2o":{"weight":0.0,"played":[0.0052,0.9948],"evs":[0.0,7.85755]},"A2o":{"weight":0.0,"played":[0.0,1.0],"evs":[0.0,6.29826]},"32s":{"weight":0.0,"played":[0.0038,0.9962],"evs":[0.0,7.85222]},"33":{"weight":0.001,"played":[0.019,0.981],"evs":[0.0,6.92617]},"43o":{"weight":0.0,"played":[0.0058,0.9942],"evs":[0.0,8.79189]},"53o":{"weight":0.0,"played":[0.0,1.0],"evs":[0.0,8.72046]},"63o":{"weight":0.0,"played":[8.0E-4,0.9992],"evs":[0.0,7.3414]},"73o":{"weight":0.0,"played":[0.016,0.984],"evs":[0.0,9.50775]},"83o":{"weight":0.0,"played":[0.0,1.0],"evs":[0.0,9.5296]},"93o":{"weight":0.0,"played":[2.0E-4,0.9998],"evs":[0.0,5.11197]},"T3o":{"weight":0.0,"played":[0.0239,0.9761],"evs":[0.0,6.99373]},"J3o":{"weight":0.0,"played":[0.002,0.998],"evs":[0.0,11.48565]},"Q3o":{"weight":0.0,"played":[0.007,0.993],"evs":[0.0,9.14824]},"K3o":{"weight":0.0,"played":[0.0,1.0],"evs":[0.0,8.92515]},"A3o":{"weight":0.0,"played":[0.0,1.0],"evs":[0.0,7.88293]},"42s":{"weight":0.0,"played":[0.0032,0.9968],"evs":[0.0,8.83106]},"43s":{"weight":0.0,"played":[0.0081,0.9919],"evs":[0.0,9.83373]},"44":{"weight":0.015,"played":[0.0034,0.9966],"evs":[0.0,14.40644]},"54o":{"weight":0.0,"played":[0.0,1.0],"evs":[0.0,6.10013]},"64o":{"weight":0.0,"played":[8.0E-4,0.9992],"evs":[0.0,6.98572]},"74o":{"weight":0.0,"played":[0.0012,0.9988],"evs":[0.0,5.66463]},"84o":{"weight":0.0,"played":[6.0E-4,0.9994],"evs":[0.0,9.5316]},"94o":{"weight":0.0,"played":[0.0067,0.9933],"evs":[0.0,8.14206]},"T4o":{"weight":0.0,"played":[0.0014,0.9986],"evs":[0.0,10.28947]},"J4o":{"weight":0.0,"played":[0.0,1.0],"evs":[0.0,4.94306]},"Q4o":{"weight":0.0,"played":[0.0,1.0],"evs":[0.0,5.5895]},"K4o":{"weight":0.0,"played":[0.0169,0.9831],"evs":[0.0,6.88655]},"A4o":{"weight":0.0,"played":[0.0,1.0],"evs":[0.0,11.7425]},"52s":{"weight":0.0,"played":[0.0035,0.9965],"evs":[0.0,5.71235]},"53s":{"weight":0.0,"played":[0.0074,0.9926],"evs":[0.0,8.19479]},"54s":{"weight":0.0,"played":[0.0135,0.9865],"evs":[0.0,9.54732]},"55":{"weight":0.0,"played":[0.0032,0.9968],"evs":[0.0,9.56786]},"65o":{"weight":0.0,"played":[0.0,1.0],"evs":[0.0,8.32628]},"75o":{"weight":0.0,"played":[0.0,1.0],"evs":[0.0,9.46365]},"85o":{"weight":0.0,"played":[0.0,1.0],"evs":[0.0,9.8812]},"95o":{"weight":0.0,"played":[0.0032,0.9968],"evs":[0.0,4.31369]},"T5o":{"weight":0.0,"played":[0.0075,0.9925],"evs":[0.0,6.4318]},"J5o":{"weight":0.0,"played":[0.0056,0.9944],"evs":[0.0,6.31129]},"Q5o":{"weight":0.0,"played":[0.0,1.0],"evs":[0.0,7.88118]},"K5o":{"weight":0.0,"played":[0.0022,0.9978],"evs":[0.0,8.76298]},"A5o":{"weight":0.0,"played":[2.0E-4,0.9998],"evs":[0.0,9.12343]},"62s":{"weight":0.0,"played":[0.0,1.0],"evs":[0.0,3.29307]},"63s":{"weight":0.0,"played":[0.0375,0.9625],"evs":[0.0,6.07576]},"64s":{"weight":0.0,"played":[0.0032,0.9968],"evs":[0.0,11.24327]},"65s":{"weight":0.0,"played":[0.0,1.0],"evs":[0.0,9.6934]},"66":{"weight":0.0,"played":[8.0E-4,0.9992],"evs":[0.0,12.92179]},"76o":{"weight":0.0,"played":[0.0025,0.9975],"evs":[0.0,8.75909]},"86o":{"weight":0.0,"played":[6.0E-4,0.9994],"evs":[0.0,8.58646]},"96o":{"weight":0.0,"played":[1.0E-4,0.9999],"evs":[0.0,5.79493]},"T6o":{"weight":0.0,"played":[0.0022,0.9978],"evs":[0.0,7.58824]},"J6o":{"weight":0.0,"played":[0.0047,0.9953],"evs":[0.0,9.36959]},"Q6o":{"weight":0.0,"played":[0.0,1.0],"evs":[0.0,8.47478]},"K6o":{"weight":0.0,"played":[0.0025,0.9975],"evs":[0.0,8.85084]},"A6o":{"weight":0.0,"played":[0.0026,0.9974],"evs":[0.0,7.8763]},"72s":{"weight":0.0,"played":[0.0535,0.9465],"evs":[0.0,19.2753]},"73s":{"weight":0.0,"played":[0.0381,0.9619],"evs":[0.0,8.34527]},"74s":{"weight":0.0,"played":[0.0176,0.9824],"evs":[0.0,9.37969]},"75s":{"weight":0.0,"played":[0.0,1.0],"evs":[0.0,6.40999]},"76s":{"weight":0.0,"played":[0.0592,0.9408],"evs":[0.0,10.5838]},"77":{"weight":0.0,"played":[0.0019,0.9981],"evs":[0.0,17.8591]},"87o":{"weight":0.0,"played":[0.0081,0.9919],"evs":[0.0,8.26571]},"97o":{"weight":0.0,"played":[0.0,1.0],"evs":[0.0,7.51358]},"T7o":{"weight":0.0,"played":[0.0044,0.9956],"evs":[0.0,9.64391]},"J7o":{"weight":0.0,"played":[0.0,1.0],"evs":[0.0,8.08141]},"Q7o":{"weight":0.0,"played":[0.0013,0.9987],"evs":[0.0,7.73339]},"K7o":{"weight":0.0,"played":[0.0,1.0],"evs":[0.0,8.78177]},"A7o":{"weight":0.0015,"played":[0.0,1.0],"evs":[0.0,9.2492]},"82s":{"weight":0.0,"played":[0.1939,0.8061],"evs":[0.0,5.40262]},"83s":{"weight":0.0,"played":[0.0462,0.9538],"evs":[0.0,6.43453]},"84s":{"weight":0.0,"played":[0.0,1.0],"evs":[0.0,9.23925]},"85s":{"weight":0.0,"played":[0.0024,0.9976],"evs":[0.0,7.1614]},"86s":{"weight":0.0,"played":[0.0077,0.9923],"evs":[0.0,11.26896]},"87s":{"weight":0.0,"played":[0.0109,0.9891],"evs":[0.0,14.81827]},"88":{"weight":4.0E-4,"played":[0.0,1.0],"evs":[0.0,12.71164]},"98o":{"weight":0.0,"played":[0.0021,0.9979],"evs":[0.0,6.64668]},"T8o":{"weight":0.0,"played":[0.0037,0.9963],"evs":[0.0,12.83756]},"J8o":{"weight":0.0,"played":[0.0,1.0],"evs":[0.0,6.72849]},"Q8o":{"weight":0.0,"played":[1.0E-4,0.9999],"evs":[0.0,10.86633]},"K8o":{"weight":0.0,"played":[6.0E-4,0.9994],"evs":[0.0,7.41577]},"A8o":{"weight":0.2913,"played":[0.0,1.0],"evs":[0.0,8.46195]},"92s":{"weight":0.0,"played":[0.0,1.0],"evs":[0.0,9.21915]},"93s":{"weight":0.0,"played":[0.0556,0.9444],"evs":[0.0,7.93251]},"94s":{"weight":0.0,"played":[0.0457,0.9543],"evs":[0.0,10.61877]},"95s":{"weight":0.0,"played":[0.0033,0.9967],"evs":[0.0,6.25576]},"96s":{"weight":0.0,"played":[0.0128,0.9872],"evs":[0.0,9.53674]},"97s":{"weight":0.0,"played":[0.0148,0.9852],"evs":[0.0,9.97549]},"98s":{"weight":0.0373,"played":[0.0832,0.9168],"evs":[0.0,13.41972]},"99":{"weight":0.0,"played":[0.0,1.0],"evs":[0.0,17.02555]},"T9o":{"weight":0.0,"played":[0.0,1.0],"evs":[0.0,11.41205]},"J9o":{"weight":0.0,"played":[0.0,1.0],"evs":[0.0,8.87218]},"Q9o":{"weight":0.0,"played":[0.0,1.0],"evs":[0.0,9.54964]},"K9o":{"weight":0.0,"played":[0.0,1.0],"evs":[0.0,8.62491]},"A9o":{"weight":0.0,"played":[0.0,1.0],"evs":[0.0,11.16556]},"T2s":{"weight":0.0,"played":[0.0796,0.9204],"evs":[0.0,9.20324]},"T3s":{"weight":0.0,"played":[0.0027,0.9973],"evs":[0.0,16.99663]},"T4s":{"weight":0.0,"played":[0.0389,0.9611],"evs":[0.0,11.10963]},"T5s":{"weight":0.0,"played":[0.0057,0.9943],"evs":[0.0,8.22845]},"T6s":{"weight":0.0,"played":[0.0,1.0],"evs":[0.0,11.18108]},"T7s":{"weight":0.0,"played":[0.0,1.0],"evs":[0.0,10.56387]},"T8s":{"weight":0.0,"played":[0.0,1.0],"evs":[0.0,6.82993]},"T9s":{"weight":0.226,"played":[0.0,1.0],"evs":[0.0,13.44814]},"TT":{"weight":0.0072,"played":[0.021,0.979],"evs":[0.0,18.74737]},"JTo":{"weight":0.0,"played":[0.0,1.0],"evs":[0.0,15.15934]},"QTo":{"weight":0.0,"played":[0.0,1.0],"evs":[0.0,9.63901]},"KTo":{"weight":0.3109,"played":[0.0,1.0],"evs":[0.0,7.17052]},"ATo":{"weight":0.0,"played":[0.0,1.0],"evs":[0.0,13.37535]},"J2s":{"weight":0.0,"played":[0.0485,0.9515],"evs":[0.0,11.43868]},"J3s":{"weight":0.0,"played":[0.0514,0.9486],"evs":[0.0,5.21273]},"J4s":{"weight":0.0,"played":[0.0,1.0],"evs":[0.0,13.64109]},"J5s":{"weight":0.0,"played":[0.0,1.0],"evs":[0.0,5.48673]},"J6s":{"weight":0.0,"played":[0.0485,0.9515],"evs":[0.0,12.62791]},"J7s":{"weight":0.0,"played":[0.0,1.0],"evs":[0.0,7.66906]},"J8s":{"weight":0.0,"played":[0.031,0.969],"evs":[0.0,19.50818]},"J9s":{"weight":0.166,"played":[0.0154,0.9846],"evs":[0.0,9.40651]},"JTs":{"weight":0.0,"played":[0.0,1.0],"evs":[0.0,13.55021]},"JJ":{"weight":0.0014,"played":[0.0023,0.9977],"evs":[0.0,19.28778]},"QJo":{"weight":0.1818,"played":[5.0E-4,0.9995],"evs":[0.0,14.16652]},"KJo":{"weight":0.0331,"played":[7.0E-4,0.9993],"evs":[0.0,11.92357]},"AJo":{"weight":0.0,"played":[2.0E-4,0.9998],"evs":[0.0,13.82469]},"Q2s":{"weight":0.0,"played":[0.0,1.0],"evs":[0.0,11.91866]},"Q3s":{"weight":0.0,"played":[0.0906,0.9094],"evs":[0.0,15.62023]},"Q4s":{"weight":0.0,"played":[0.0613,0.9387],"evs":[0.0,9.95318]},"Q5s":{"weight":0.0,"played":[0.0,1.0],"evs":[0.0,13.00076]},"Q6s":{"weight":0.0,"played":[0.0695,0.9305],"evs":[0.0,8.58937]},"Q7s":{"weight":0.0,"played":[0.0,1.0],"evs":[0.0,13.98369]},"Q8s":{"weight":0.0,"played":[0.0,1.0],"evs":[0.0,8.51046]},"Q9s":{"weight":0.2685,"played":[0.0,1.0],"evs":[0.0,10.67152]},"QTs":{"weight":0.0,"played":[0.016,0.984],"evs":[0.0,9.26608]},"QJs":{"weight":0.0,"played":[0.0,1.0],"evs":[0.0,12.83105]},"QQ":{"weight":0.6913,"played":[0.0,1.0],"evs":[0.0,20.23564]},"KQo":{"weight":0.0,"played":[0.0,1.0],"evs":[0.0,12.92416]},"AQo":{"weight":0.0,"played":[0.0,1.0],"evs":[0.0,13.4078]},"K2s":{"weight":0.0,"played":[0.0697,0.9303],"evs":[0.0,2.74204]},"K3s":{"weight":0.0,"played":[0.0,1.0],"evs":[0.0,7.28355]},"K4s":{"weight":0.0,"played":[0.0295,0.9705],"evs":[0.0,13.46144]},"K5s":{"weight":0.0,"played":[0.0141,0.9859],"evs":[0.0,8.87095]},"K6s":{"weight":0.0,"played":[0.0,1.0],"evs":[0.0,8.19607]},"K7s":{"weight":0.0,"played":[0.0,1.0],"evs":[0.0,7.03759]},"K8s":{"weight":0.0482,"played":[0.0,1.0],"evs":[0.0,13.93705]},"K9s":{"weight":0.9572,"played":[0.0,1.0],"evs":[0.0,9.338]},"KTs":{"weight":0.0,"played":[0.025,0.975],"evs":[0.0,10.25229]},"KJs":{"weight":0.0437,"played":[0.0,1.0],"evs":[0.0,14.89262]},"KQs":{"weight":1.0E-4,"played":[0.0,1.0],"evs":[0.0,22.35531]},"KK":{"weight":1.0E-4,"played":[0.0014,0.9986],"evs":[0.0,23.72494]},"AKo":{"weight":0.158,"played":[2.0E-4,0.9998],"evs":[0.0,18.57164]},"A2s":{"weight":1.0E-4,"played":[0.0,1.0],"evs":[0.0,9.67165]},"A3s":{"weight":0.3576,"played":[0.0083,0.9917],"evs":[0.0,9.02719]},"A4s":{"weight":0.3793,"played":[0.0108,0.9892],"evs":[0.0,10.91968]},"A5s":{"weight":7.0E-4,"played":[0.0019,0.9981],"evs":[0.0,11.4508]},"A6s":{"weight":0.0301,"played":[0.0,1.0],"evs":[0.0,11.91269]},"A7s":{"weight":0.0,"played":[0.0506,0.9494],"evs":[0.0,6.35499]},"A8s":{"weight":0.0146,"played":[0.0,1.0],"evs":[0.0,11.13215]},"A9s":{"weight":2.0E-4,"played":[0.0037,0.9963],"evs":[0.0,15.76053]},"ATs":{"weight":0.0069,"played":[0.022,0.978],"evs":[0.0,16.82272]},"AJs":{"weight":0.0455,"played":[0.0,1.0],"evs":[0.0,15.28483]},"AQs":{"weight":0.0516,"played":[0.0,1.0],"evs":[0.0,18.69859]},"AKs":{"weight":1.0E-4,"played":[0.0029,0.9971],"evs":[0.0,16.69601]},"AA":{"weight":0.154,"played":[0.0,1.0],"evs":[0.0,27.66702]}}}