{"player":5,"street":0,"children":2,"sequence":[{"player":0,"type":"R","amount":200000,"street":0},{"player":1,"type":"F","amount":0,"street":0},{"player":2,"type":"C","amount":200000,"street":0},{"player":3,"type":"C","amount":200000,"street":0},{"player":4,"type":"R","amount":1565000,"street":0}],"actions":[{"type":"F","amount":0,"node":208},{"type":"C","amount":845000,"node":215}],"hands":{"22":{"weight":1.0,"played":[0.9736,0.0264],"evs":[0.0,-0.9587]},"32o":{"weight":1.0,"played":[0.9983,0.0017],"evs":[0.0,-4.08268]},"42o":{"weight":1.0,"played":[1.0,0.0],"evs":[0.0,-4.16991]},"52o":{"weight":1.0,"played":[0.9965,0.0035],"evs":[0.0,-4.15782]},"62o":{"weight":1.0,"played":[0.9998,2.0E-4],"evs":[0.0,-4.25152]},"72o":{"weight":1.0,"played":[0.9999,1.0E-4],"evs":[0.0,-3.94778]},"82o":{"weight":1.0,"played":[0.9997,3.0E-4],"evs":[0.0,-3.87828]},"92o":{"weight":1.0,"played":[0.9997,3.0E-4],"evs":[0.0,-4.82101]},"T2o":{"weight":1.0,"played":[1.0,0.0],"evs":[0.0,-4.55055]},"J2o":{"weight":1.0,"played":[1.0,0.0],"evs":[0.0,-3.75676]},"Q2o":{"weight":1.0,"played":[1.0,0.0],"evs":[0.0,-5.92076]},"K2o":{"weight":1.0,"played":[0.9992,8.0E-4],"evs":[0.0,-3.72272]},"A2o":{"weight":1.0,"played":[0.9994,6.0E-4],"evs":[0.0,-3.07113]},"32s":{"weight":1.0,"played":[0.9597,0.0403],"evs":[0.0,-3.22978]},"33":{"weight":1.0,"played":[0.8544,0.1456],"evs":[0.0,-0.8129]},"43o":{"weight":1.0,"played":[0.9996,4.0E-4],"evs":[0.0,-2.46391]},"53o":{"weight":1.0,"played":[0.9996,4.0E-4],"evs":[0.0,-2.6827]},"63o":{"weight":1.0,"played":[0.9976,0.0024],"evs":[0.0,-3.06682]},"73o":{"weight":1.0,"played":[0.9992,8.0E-4],"evs":[0.0,-2.76829]},"83o":{"weight":1.0,"played":[0.9984,0.0016],"evs":[0.0,-3.76492]},"93o":{"weight":1.0,"played":[0.9994,6.0E-4],"evs":[0.0,-4.49003]},"T3o":{"weight":1.0,"played":[0.9995,5.0E-4],"evs":[0.0,-3.98129]},"J3o":{"weight":1.0,"played":[0.9998,2.0E-4],"evs":[0.0,-4.24212]},"Q3o":{"weight":1.0,"played":[0.9995,5.0E-4],"evs":[0.0,-3.86252]},"K3o":{"weight":1.0,"played":[0.9984,0.0016],"evs":[0.0,-4.20676]},"A3o":{"weight":1.0,"played":[0.9853,0.0147],"evs":[0.0,-2.91826]},"42s":{"weight":1.0,"played":[0.9941,0.0059],"evs":[0.0,-2.12646]},"43s":{"weight":1.0,"played":[0.5443,0.4557],"evs":[0.0,0.29669]},"44":{"weight":1.0,"played":[0.3299,0.6701],"evs":[0.0,0.37551]},"54o":{"weight":1.0,"played":[0.9924,0.0076],"evs":[0.0,-2.57959]},"64o":{"weight":1.0,"played":[0.9965,0.0035],"evs":[0.0,-2.92448]},"74o":{"weight":1.0,"played":[0.981,0.019],"evs":[0.0,-2.82523]},"84o":{"weight":1.0,"played":[0.9906,0.0094],"evs":[0.0,-2.17465]},"94o":{"weight":1.0,"played":[0.9995,5.0E-4],"evs":[0.0,-3.792]},"T4o":{"weight":1.0,"played":[0.9958,0.0042],"evs":[0.0,-3.26837]},"J4o":{"weight":1.0,"played":[0.9962,0.0038],"evs":[0.0,-3.57112]},"Q4o":{"weight":1.0,"played":[0.9986,0.0014],"evs":[0.0,-3.61705]},"K4o":{"weight":1.0,"played":[1.0,0.0],"evs":[0.0,-3.79276]},"A4o":{"weight":1.0,"played":[0.9997,3.0E-4],"evs":[0.0,-1.76234]},"52s":{"weight":1.0,"played":[0.995,0.005],"evs":[0.0,-0.27593]},"53s":{"weight":1.0,"played":[0.5918,0.4082],"evs":[0.0,-0.02184]},"54s":{"weight":1.0,"played":[0.3482,0.6518],"evs":[0.0,0.042]},"55":{"weight":1.0,"played":[0.7361,0.2639],"evs":[0.0,0.15027]},"65o":{"weight":1.0,"played":[0.9942,0.0058],"evs":[0.0,-1.79269]},"75o":{"weight":1.0,"played":[0.9989,0.0011],"evs":[0.0,-2.8328]},"85o":{"weight":1.0,"played":[0.9999,1.0E-4],"evs":[0.0,-3.02596]},"95o":{"weight":1.0,"played":[0.9994,6.0E-4],"evs":[0.0,-2.58307]},"T5o":{"weight":1.0,"played":[0.9946,0.0054],"evs":[0.0,-3.31332]},"J5o":{"weight":1.0,"played":[0.9992,8.0E-4],"evs":[0.0,-2.42862]},"Q5o":{"weight":1.0,"played":[0.9972,0.0028],"evs":[0.0,-3.63116]},"K5o":{"weight":1.0,"played":[0.9996,4.0E-4],"evs":[0.0,-2.71822]},"A5o":{"weight":1.0,"played":[0.6435,0.3565],"evs":[0.0,-1.66436]},"62s":{"weight":1.0,"played":[0.6811,0.3189],"evs":[0.0,-0.3487]},"63s":{"weight":1.0,"played":[0.9792,0.0208],"evs":[0.0,-0.94777]},"64s":{"weight":1.0,"played":[0.4538,0.5462],"evs":[0.0,-1.21301]},"65s":{"weight":1.0,"played":[0.8285,0.1715],"evs":[0.0,-0.26453]},"66":{"weight":1.0,"played":[0.0192,0.9808],"evs":[0.0,1.85593]},"76o":{"weight":1.0,"played":[0.8933,0.1067],"evs":[0.0,-0.90942]},"86o":{"weight":1.0,"played":[0.924,0.076],"evs":[0.0,-0.79208]},"96o":{"weight":1.0,"played":[0.9998,2.0E-4],"evs":[0.0,-4.01649]},"T6o":{"weight":1.0,"played":[0.9891,0.0109],"evs":[0.0,-3.38988]},"J6o":{"weight":1.0,"played":[0.9997,3.0E-4],"evs":[0.0,-4.17812]},"Q6o":{"weight":1.0,"played":[0.9905,0.0095],"evs":[0.0,-3.83088]},"K6o":{"weight":1.0,"played":[0.9932,0.0068],"evs":[0.0,-3.20591]},"A6o":{"weight":1.0,"played":[0.9877,0.0123],"evs":[0.0,-1.62256]},"72s":{"weight":1.0,"played":[0.9619,0.0381],"evs":[0.0,-2.11897]},"73s":{"weight":1.0,"played":[0.9427,0.0573],"evs":[0.0,-1.97976]},"74s":{"weight":1.0,"played":[0.8766,0.1234],"evs":[0.0,-0.15665]},"75s":{"weight":1.0,"played":[0.6454,0.3546],"evs":[0.0,-0.4001]},"76s":{"weight":1.0,"played":[0.2702,0.7298],"evs":[0.0,1.1182]},"77":{"weight":1.0,"played":[0.3426,0.6574],"evs":[0.0,0.10062]},"87o":{"weight":1.0,"played":[0.9985,0.0015],"evs":[0.0,-2.21228]},"97o":{"weight":1.0,"played":[0.9985,0.0015],"evs":[0.0,-1.63191]},"T7o":{"weight":1.0,"played":[0.9967,0.0033],"evs":[0.0,-1.92782]},"J7o":{"weight":1.0,"played":[0.9915,0.0085],"evs":[0.0,-2.66151]},"Q7o":{"weight":1.0,"played":[0.9959,0.0041],"evs":[0.0,-2.89895]},"K7o":{"weight":1.0,"played":[0.9981,0.0019],"evs":[0.0,-3.07502]},"A7o":{"weight":1.0,"played":[0.5743,0.4257],"evs":[0.0,0.07993]},"82s":{"weight":1.0,"played":[0.8648,0.1352],"evs":[0.0,-1.88736]},"83s":{"weight":1.0,"played":[0.4621,0.5379],"evs":[0.0,-0.67848]},"84s":{"weight":1.0,"played":[0.8259,0.1741],"evs":[0.0,-2.04809]},"85s":{"weight":1.0,"played":[0.4043,0.5957],"evs":[0.0,0.14943]},"86s":{"weight":1.0,"played":[0.9049,0.0951],"evs":[0.0,-4.28798]},"87s":{"weight":1.0,"played":[0.6838,0.3162],"evs":[0.0,-0.08287]},"88":{"weight":1.0,"played":[0.5065,0.4935],"evs":[0.0,0.79935]},"98o":{"weight":1.0,"played":[0.9152,0.0848],"evs":[0.0,-3.01699]},"T8o":{"weight":1.0,"played":[0.9034,0.0966],"evs":[0.0,-1.75341]},"J8o":{"weight":1.0,"played":[0.9973,0.0027],"evs":[0.0,-2.29253]},"Q8o":{"weight":1.0,"played":[0.9991,9.0E-4],"evs":[0.0,-1.87345]},"K8o":{"weight":1.0,"played":[0.9976,0.0024],"evs":[0.0,-3.90522]},"A8o":{"weight":1.0,"played":[0.9976,0.0024],"evs":[0.0,-1.57277]},"92s":{"weight":1.0,"played":[0.8663,0.1337],"evs":[0.0,-2.71205]},"93s":{"weight":1.0,"played":[1.0,0.0],"evs":[0.0,-2.778]},"94s":{"weight":1.0,"played":[0.9955,0.0045],"evs":[0.0,-4.23798]},"95s":{"weight":1.0,"played":[0.5066,0.4934],"evs":[0.0,-0.03997]},"96s":{"weight":1.0,"played":[0.3458,0.6542],"evs":[0.0,-0.99261]},"97s":{"weight":1.0,"played":[0.6094,0.3906],"evs":[0.0,-0.12012]},"98s":{"weight":1.0,"played":[0.9713,0.0287],"evs":[0.0,-0.915]},"99":{"weight":1.0,"played":[0.6222,0.3778],"evs":[0.0,-0.09322]},"T9o":{"weight":1.0,"played":[0.9902,0.0098],"evs":[0.0,-1.12761]},"J9o":{"weight":1.0,"played":[0.982,0.018],"evs":[0.0,-0.74403]},"Q9o":{"weight":1.0,"played":[0.9993,7.0E-4],"evs":[0.0,-1.73197]},"K9o":{"weight":1.0,"played":[0.895,0.105],"evs":[0.0,-3.03057]},"A9o":{"weight":1.0,"played":[0.9884,0.0116],"evs":[0.0,-2.86987]},"T2s":{"weight":1.0,"played":[0.9533,0.0467],"evs":[0.0,-2.81275]},"T3s":{"weight":1.0,"played":[0.3894,0.6106],"evs":[0.0,0.39076]},"T4s":{"weight":1.0,"played":[0.9075,0.0925],"evs":[0.0,-1.55644]},"T5s":{"weight":1.0,"played":[0.9928,0.0072],"evs":[0.0,-2.3071]},"T6s":{"weight":1.0,"played":[0.4647,0.5353],"evs":[0.0,-0.15598]},"T7s":{"weight":1.0,"played":[0.6919,0.3081],"evs":[0.0,-0.70142]},"T8s":{"weight":1.0,"played":[0.9985,0.0015],"evs":[0.0,-0.29915]},"T9s":{"weight":1.0,"played":[0.7272,0.2728],"evs":[0.0,-2.5897]},"TT":{"weight":1.0,"played":[0.0151,0.9849],"evs":[0.0,5.04033]},"JTo":{"weight":1.0,"played":[0.9205,0.0795],"evs":[0.0,-1.93492]},"QTo":{"weight":1.0,"played":[0.9961,0.0039],"evs":[0.0,-2.74062]},"KTo":{"weight":1.0,"played":[0.6083,0.3917],"evs":[0.0,-0.8442]},"ATo":{"weight":1.0,"played":[0.5997,0.4003],"evs":[0.0,-0.15838]},"J2s":{"weight":1.0,"played":[0.9924,0.0076],"evs":[0.0,-2.65137]},"J3s":{"weight":1.0,"played":[0.9876,0.0124],"evs":[0.0,-3.20151]},"J4s":{"weight":1.0,"played":[0.9921,0.0079],"evs":[0.0,-2.83054]},"J5s":{"weight":1.0,"played":[0.9595,0.0405],"evs":[0.0,-3.1191]},"J6s":{"weight":1.0,"played":[0.7607,0.2393],"evs":[0.0,-0.63293]},"J7s":{"weight":1.0,"played":[0.9431,0.0569],"evs":[0.0,-2.91332]},"J8s":{"weight":1.0,"played":[0.5998,0.4002],"evs":[0.0,-0.31661]},"J9s":{"weight":1.0,"played":[0.9402,0.0598],"evs":[0.0,-2.59815]},"JTs":{"weight":1.0,"played":[0.8467,0.1533],"evs":[0.0,-0.65426]},"JJ":{"weight":1.0,"played":[0.0099,0.9901],"evs":[0.0,3.96949]},"QJo":{"weight":1.0,"played":[0.7319,0.2681],"evs":[0.0,-0.85269]},"KJo":{"weight":1.0,"played":[0.3938,0.6062],"evs":[0.0,-0.27366]},"AJo":{"weight":1.0,"played":[0.2014,0.7986],"evs":[0.0,1.05569]},"Q2s":{"weight":1.0,"played":[0.9954,0.0046],"evs":[0.0,-4.40462]},"Q3s":{"weight":1.0,"played":[0.9993,7.0E-4],"evs":[0.0,-1.83618]},"Q4s":{"weight":1.0,"played":[0.999,0.001],"evs":[0.0,-2.20921]},"Q5s":{"weight":1.0,"played":[0.6795,0.3205],"evs":[0.0,-0.392]},"Q6s":{"weight":1.0,"played":[0.901,0.099],"evs":[0.0,-1.22672]},"Q7s":{"weight":1.0,"played":[0.9785,0.0215],"evs":[0.0,-4.37083]},"Q8s":{"weight":1.0,"played":[0.3626,0.6374],"evs":[0.0,-0.52286]},"Q9s":{"weight":1.0,"played":[0.7984,0.2016],"evs":[0.0,-0.53118]},"QTs":{"weight":1.0,"played":[0.7943,0.2057],"evs":[0.0,-0.50086]},"QJs":{"weight":1.0,"played":[0.9753,0.0247],"evs":[0.0,-1.49179]},"QQ":{"weight":1.0,"played":[5.0E-4,0.9995],"evs":[0.0,6.34955]},"KQo":{"weight":1.0,"played":[0.8603,0.1397],"evs":[0.0,0.18828]},"AQo":{"weight":1.0,"played":[0.1906,0.8094],"evs":[0.0,1.32107]},"K2s":{"weight":1.0,"played":[0.9945,0.0055],"evs":[0.0,-2.33385]},"K3s":{"weight":1.0,"played":[0.7585,0.2415],"evs":[0.0,-1.74318]},"K4s":{"weight":1.0,"played":[0.7746,0.2254],"evs":[0.0,-1.6458]},"K5s":{"weight":1.0,"played":[0.6058,0.3942],"evs":[0.0,-0.25086]},"K6s":{"weight":1.0,"played":[0.9853,0.0147],"evs":[0.0,-3.41024]},"K7s":{"weight":1.0,"played":[0.786,0.214],"evs":[0.0,-0.65845]},"K8s":{"weight":1.0,"played":[0.5774,0.4226],"evs":[0.0,-2.15705]},"K9s":{"weight":1.0,"played":[0.1181,0.8819],"evs":[0.0,0.14826]},"KTs":{"weight":1.0,"played":[0.254,0.746],"evs":[0.0,0.14894]},"KJs":{"weight":1.0,"played":[0.2017,0.7983],"evs":[0.0,1.23391]},"KQs":{"weight":1.0,"played":[0.0389,0.9611],"evs":[0.0,-0.06835]},"KK":{"weight":1.0,"played":[0.0,1.0],"evs":[0.0,13.05736]},"AKo":{"weight":1.0,"played":[1.0E-4,0.9999],"evs":[0.0,5.30115]},"A2s":{"weight":1.0,"played":[0.7942,0.2058],"evs":[0.0,-1.64998]},"A3s":{"weight":1.0,"played":[0.5404,0.4596],"evs":[0.0,-0.84035]},"A4s":{"weight":1.0,"played":[0.5275,0.4725],"evs":[0.0,0.52518]},"A5s":{"weight":1.0,"played":[0.402,0.598],"evs":[0.0,1.2484]},"A6s":{"weight":1.0,"played":[0.4055,0.5945],"evs":[0.0,-0.69089]},"A7s":{"weight":1.0,"played":[0.815,0.185],"evs":[0.0,-1.78578]},"A8s":{"weight":1.0,"played":[0.365,0.635],"evs":[0.0,-0.72925]},"A9s":{"weight":1.0,"played":[0.7737,0.2263],"evs":[0.0,-0.30388]},"ATs":{"weight":1.0,"played":[0.0017,0.9983],"evs":[0.0,1.07973]},"AJs":{"weight":1.0,"played":[0.1255,0.8745],"evs":[0.0,1.5469]},"AQs":{"weight":1.0,"played":[0.0025,0.9975],"evs":[0.0,3.40802]},"AKs":{"weight":1.0,"played":[0.1058,0.8942],"evs":[0.0,2.62658]},"AA":{"weight":1.0,"played":[0.0,1.0],"evs":[0.0,17.65616]}}}