{"player":3,"street":0,"children":2,"sequence":[{"player":0,"type":"R","amount":200000,"street":0},{"player":1,"type":"F","amount":0,"street":0},{"player":2,"type":"C","amount":200000,"street":0},{"player":3,"type":"C","amount":200000,"street":0},{"player":4,"type":"R","amount":1565000,"street":0},{"player":5,"type":"F","amount":0,"street":0},{"player":0,"type":"F","amount":0,"street":0},{"player":2,"type":"F","amount":0,"street":0}],"actions":[{"type":"F","amount":0},{"type":"C","amount":1365000}],"hands":{"22":{"weight":0.0378,"played":[0.1453,0.8547],"evs":[0.0,17.25875]},"32o":{"weight":0.0,"played":[0.7067,0.2933],"evs":[0.0,-1.97393]},"42o":{"weight":0.0,"played":[0.0201,0.9799],"evs":[0.0,6.88174]},"52o":{"weight":0.0,"played":[0.7333,0.2667],"evs":[0.0,-10.07217]},"62o":{"weight":0.0,"played":[0.3808,0.6192],"evs":[0.0,5.39487]},"72o":{"weight":0.0,"played":[0.7475,0.2525],"evs":[0.0,-3.71153]},"82o":{"weight":0.0,"played":[0.0903,0.9097],"evs":[0.0,2.76627]},"92o":{"weight":0.0,"played":[0.8713,0.1287],"evs":[0.0,-4.81671]},"T2o":{"weight":0.0,"played":[0.7616,0.2384],"evs":[0.0,-0.81348]},"J2o":{"weight":0.0,"played":[0.3989,0.6011],"evs":[0.0,-0.66353]},"Q2o":{"weight":0.0,"played":[0.926,0.074],"evs":[0.0,-6.36349]},"K2o":{"weight":0.0,"played":[0.9373,0.0627],"evs":[0.0,-13.74388]},"A2o":{"weight":0.0,"played":[0.5704,0.4296],"evs":[0.0,2.74036]},"32s":{"weight":0.0,"played":[1.0,0.0],"evs":[0.0,-8.65618]},"33":{"weight":0.7755,"played":[0.0,1.0],"evs":[0.0,9.32478]},"43o":{"weight":0.0,"played":[0.9522,0.0478],"evs":[0.0,-13.05618]},"53o":{"weight":0.0,"played":[0.4076,0.5924],"evs":[0.0,1.22453]},"63o":{"weight":0.0,"played":[0.9947,0.0053],"evs":[0.0,-14.88656]},"73o":{"weight":0.0,"played":[0.9068,0.0932],"evs":[0.0,-6.48662]},"83o":{"weight":0.0,"played":[1.0,0.0],"evs":[0.0,-7.58989]},"93o":{"weight":0.0,"played":[0.0145,0.9855],"evs":[0.0,5.55979]},"T3o":{"weight":0.0,"played":[0.2968,0.7032],"evs":[0.0,5.31528]},"J3o":{"weight":0.0,"played":[0.5654,0.4346],"evs":[0.0,-8.48538]},"Q3o":{"weight":0.0,"played":[0.2041,0.7959],"evs":[0.0,-1.89561]},"K3o":{"weight":0.0,"played":[0.0366,0.9634],"evs":[0.0,2.3702]},"A3o":{"weight":0.0,"played":[0.2541,0.7459],"evs":[0.0,5.42541]},"42s":{"weight":0.0,"played":[1.0,0.0],"evs":[0.0,-14.88656]},"43s":{"weight":1.0E-4,"played":[0.8353,0.1647],"evs":[0.0,10.50672]},"44":{"weight":0.5905,"played":[0.3859,0.6141],"evs":[0.0,5.73936]},"54o":{"weight":0.0,"played":[0.3158,0.6842],"evs":[0.0,1.37566]},"64o":{"weight":0.0,"played":[0.3892,0.6108],"evs":[0.0,2.34502]},"74o":{"weight":0.0,"played":[0.8252,0.1748],"evs":[0.0,-5.2121]},"84o":{"weight":0.0,"played":[0.6239,0.3761],"evs":[0.0,-4.26826]},"94o":{"weight":0.0,"played":[0.0127,0.9873],"evs":[0.0,7.49842]},"T4o":{"weight":0.0,"played":[0.9141,0.0859],"evs":[0.0,-3.62353]},"J4o":{"weight":0.0,"played":[0.7248,0.2752],"evs":[0.0,-1.03156]},"Q4o":{"weight":0.0,"played":[0.2321,0.7679],"evs":[0.0,1.2607]},"K4o":{"weight":0.0,"played":[0.4748,0.5252],"evs":[0.0,1.10074]},"A4o":{"weight":1.0E-4,"played":[0.7009,0.2991],"evs":[0.0,-0.48685]},"52s":{"weight":2.0E-4,"played":[1.0,0.0],"evs":[0.0,4.01972]},"53s":{"weight":3.0E-4,"played":[0.6248,0.3752],"evs":[0.0,0.0287]},"54s":{"weight":1.0E-4,"played":[1.0,0.0],"evs":[0.0,-14.88655]},"55":{"weight":0.9977,"played":[0.3625,0.6375],"evs":[0.0,5.17027]},"65o":{"weight":0.0,"played":[0.8528,0.1472],"evs":[0.0,-5.30337]},"75o":{"weight":0.0,"played":[0.8957,0.1043],"evs":[0.0,-10.23692]},"85o":{"weight":0.0,"played":[0.3625,0.6375],"evs":[0.0,4.98623]},"95o":{"weight":0.0,"played":[0.1832,0.8168],"evs":[0.0,2.54568]},"T5o":{"weight":0.0,"played":[0.1069,0.8931],"evs":[0.0,9.26702]},"J5o":{"weight":0.0,"played":[0.1053,0.8947],"evs":[0.0,7.59369]},"Q5o":{"weight":1.0E-4,"played":[0.1679,0.8321],"evs":[0.0,-2.80233]},"K5o":{"weight":0.0,"played":[0.3633,0.6367],"evs":[0.0,-5.28373]},"A5o":{"weight":3.0E-4,"played":[0.8289,0.1711],"evs":[0.0,0.02231]},"62s":{"weight":2.0E-4,"played":[0.2007,0.7993],"evs":[0.0,6.37338]},"63s":{"weight":1.0E-4,"played":[0.6038,0.3962],"evs":[0.0,-6.20323]},"64s":{"weight":0.0,"played":[0.0,1.0],"evs":[0.0,14.7615]},"65s":{"weight":0.0019,"played":[0.431,0.569],"evs":[0.0,-3.10123]},"66":{"weight":0.9734,"played":[0.1078,0.8922],"evs":[0.0,12.25688]},"76o":{"weight":0.0,"played":[0.2296,0.7704],"evs":[0.0,5.2766]},"86o":{"weight":0.0,"played":[0.0073,0.9927],"evs":[0.0,11.21166]},"96o":{"weight":0.0,"played":[0.5383,0.4617],"evs":[0.0,2.06795]},"T6o":{"weight":0.0,"played":[0.1419,0.8581],"evs":[0.0,8.13399]},"J6o":{"weight":0.0,"played":[0.6538,0.3462],"evs":[0.0,-7.10786]},"Q6o":{"weight":0.0,"played":[0.0015,0.9985],"evs":[0.0,13.9667]},"K6o":{"weight":0.0,"played":[0.1739,0.8261],"evs":[0.0,-1.68543]},"A6o":{"weight":0.0,"played":[0.2572,0.7428],"evs":[0.0,5.89876]},"72s":{"weight":0.0,"played":[0.7047,0.2953],"evs":[0.0,-11.90837]},"73s":{"weight":0.0,"played":[0.6002,0.3998],"evs":[0.0,-4.7234]},"74s":{"weight":0.0,"played":[0.8577,0.1423],"evs":[0.0,-2.33223]},"75s":{"weight":6.0E-4,"played":[0.5235,0.4765],"evs":[0.0,-7.12124]},"76s":{"weight":0.2349,"played":[0.2052,0.7948],"evs":[0.0,-2.1025]},"77":{"weight":0.0656,"played":[0.0,1.0],"evs":[0.0,13.4013]},"87o":{"weight":0.0,"played":[0.4386,0.5614],"evs":[0.0,1.03511]},"97o":{"weight":0.0,"played":[0.9596,0.0404],"evs":[0.0,-3.30126]},"T7o":{"weight":0.0,"played":[0.2389,0.7611],"evs":[0.0,4.13863]},"J7o":{"weight":0.0,"played":[0.6927,0.3073],"evs":[0.0,-4.70933]},"Q7o":{"weight":0.0,"played":[0.9198,0.0802],"evs":[0.0,-1.72546]},"K7o":{"weight":0.0,"played":[0.1086,0.8914],"evs":[0.0,1.28878]},"A7o":{"weight":0.0,"played":[0.4365,0.5635],"evs":[0.0,-4.41225]},"82s":{"weight":0.0,"played":[0.4149,0.5851],"evs":[0.0,-7.11074]},"83s":{"weight":0.0,"played":[1.0,0.0],"evs":[0.0,-14.88656]},"84s":{"weight":0.0,"played":[0.1275,0.8725],"evs":[0.0,0.41475]},"85s":{"weight":0.0,"played":[0.9492,0.0508],"evs":[0.0,-14.88656]},"86s":{"weight":0.0,"played":[0.4326,0.5674],"evs":[0.0,8.1083]},"87s":{"weight":0.1319,"played":[0.1746,0.8254],"evs":[0.0,16.71622]},"88":{"weight":1.0E-4,"played":[0.3739,0.6261],"evs":[0.0,3.91543]},"98o":{"weight":0.0,"played":[0.0029,0.9971],"evs":[0.0,13.06227]},"T8o":{"weight":0.0,"played":[0.9983,0.0017],"evs":[0.0,-2.88698]},"J8o":{"weight":0.0,"played":[0.9247,0.0753],"evs":[0.0,-13.74116]},"Q8o":{"weight":0.0,"played":[0.2303,0.7697],"evs":[0.0,11.12956]},"K8o":{"weight":0.0,"played":[0.0473,0.9527],"evs":[0.0,2.71308]},"A8o":{"weight":0.1994,"played":[0.4449,0.5551],"evs":[0.0,2.56975]},"92s":{"weight":0.0,"played":[0.4987,0.5013],"evs":[0.0,7.08634]},"93s":{"weight":0.0,"played":[0.4484,0.5516],"evs":[0.0,4.74391]},"94s":{"weight":0.0,"played":[0.6199,0.3801],"evs":[0.0,-0.31887]},"95s":{"weight":0.0,"played":[0.4401,0.5599],"evs":[0.0,-8.01864]},"96s":{"weight":9.0E-4,"played":[0.0852,0.9148],"evs":[0.0,13.60684]},"97s":{"weight":0.0057,"played":[0.0,1.0],"evs":[0.0,2.42549]},"98s":{"weight":0.1636,"played":[0.8683,0.1317],"evs":[0.0,-0.52984]},"99":{"weight":2.0E-4,"played":[0.0,1.0],"evs":[0.0,11.36744]},"T9o":{"weight":0.0,"played":[0.7077,0.2923],"evs":[0.0,4.76602]},"J9o":{"weight":0.0,"played":[0.9912,0.0088],"evs":[0.0,-3.78208]},"Q9o":{"weight":0.0,"played":[0.6084,0.3916],"evs":[0.0,0.17894]},"K9o":{"weight":0.0,"played":[0.8778,0.1222],"evs":[0.0,-5.4303]},"A9o":{"weight":0.9609,"played":[0.0429,0.9571],"evs":[0.0,8.94853]},"T2s":{"weight":0.0,"played":[0.9129,0.0871],"evs":[0.0,-11.96219]},"T3s":{"weight":0.0,"played":[0.9555,0.0445],"evs":[0.0,-14.88656]},"T4s":{"weight":1.0E-4,"played":[0.7053,0.2947],"evs":[0.0,-1.92651]},"T5s":{"weight":2.0E-4,"played":[0.2175,0.7825],"evs":[0.0,2.64485]},"T6s":{"weight":0.0,"played":[0.7052,0.2948],"evs":[0.0,2.60138]},"T7s":{"weight":0.0,"played":[0.1978,0.8022],"evs":[0.0,10.64789]},"T8s":{"weight":5.0E-4,"played":[0.5598,0.4402],"evs":[0.0,-7.30312]},"T9s":{"weight":0.8092,"played":[0.0,1.0],"evs":[0.0,16.05934]},"TT":{"weight":0.0,"played":[0.2246,0.7754],"evs":[0.0,16.98479]},"JTo":{"weight":2.0E-4,"played":[0.2531,0.7469],"evs":[0.0,2.32594]},"QTo":{"weight":2.0E-4,"played":[0.9876,0.0124],"evs":[0.0,-14.83324]},"KTo":{"weight":0.0,"played":[0.3697,0.6303],"evs":[0.0,5.78584]},"ATo":{"weight":0.0879,"played":[0.2697,0.7303],"evs":[0.0,13.3407]},"J2s":{"weight":0.0,"played":[0.6836,0.3164],"evs":[0.0,-2.81666]},"J3s":{"weight":0.0012,"played":[0.6796,0.3204],"evs":[0.0,-8.9546]},"J4s":{"weight":1.0E-4,"played":[0.0,1.0],"evs":[0.0,3.28667]},"J5s":{"weight":0.0,"played":[0.0,1.0],"evs":[0.0,1.32843]},"J6s":{"weight":0.0,"played":[0.7769,0.2231],"evs":[0.0,1.5635]},"J7s":{"weight":0.0014,"played":[0.3326,0.6674],"evs":[0.0,-7.78299]},"J8s":{"weight":0.0,"played":[0.9845,0.0155],"evs":[0.0,-14.88656]},"J9s":{"weight":0.7603,"played":[0.9378,0.0622],"evs":[0.0,-9.8979]},"JTs":{"weight":0.9967,"played":[0.2347,0.7653],"evs":[0.0,22.10531]},"JJ":{"weight":0.0,"played":[0.0983,0.9017],"evs":[0.0,3.10657]},"QJo":{"weight":0.1641,"played":[0.0449,0.9551],"evs":[0.0,3.93306]},"KJo":{"weight":0.9521,"played":[0.0,1.0],"evs":[0.0,5.93058]},"AJo":{"weight":0.017,"played":[0.1893,0.8107],"evs":[0.0,5.29457]},"Q2s":{"weight":0.0,"played":[0.9596,0.0404],"evs":[0.0,3.25236]},"Q3s":{"weight":0.0,"played":[0.7727,0.2273],"evs":[0.0,1.55747]},"Q4s":{"weight":3.0E-4,"played":[0.339,0.661],"evs":[0.0,-6.59679]},"Q5s":{"weight":9.0E-4,"played":[0.6043,0.3957],"evs":[0.0,-0.14523]},"Q6s":{"weight":1.0E-4,"played":[0.4811,0.5189],"evs":[0.0,11.87522]},"Q7s":{"weight":2.0E-4,"played":[0.5129,0.4871],"evs":[0.0,-3.49379]},"Q8s":{"weight":0.0013,"played":[0.154,0.846],"evs":[0.0,26.63298]},"Q9s":{"weight":0.9998,"played":[0.4071,0.5929],"evs":[0.0,-4.63848]},"QTs":{"weight":0.8258,"played":[0.0011,0.9989],"evs":[0.0,21.27069]},"QJs":{"weight":0.998,"played":[0.3383,0.6617],"evs":[0.0,3.82997]},"QQ":{"weight":0.0,"played":[0.0,1.0],"evs":[0.0,23.47273]},"KQo":{"weight":0.2473,"played":[0.8867,0.1133],"evs":[0.0,-2.20622]},"AQo":{"weight":0.0,"played":[0.2115,0.7885],"evs":[0.0,1.73948]},"K2s":{"weight":0.0,"played":[0.8696,0.1304],"evs":[0.0,-10.60148]},"K3s":{"weight":0.0,"played":[0.0,1.0],"evs":[0.0,-0.71893]},"K4s":{"weight":8.0E-4,"played":[0.499,0.501],"evs":[0.0,7.31977]},"K5s":{"weight":0.0064,"played":[0.9945,0.0055],"evs":[0.0,-14.88656]},"K6s":{"weight":0.0165,"played":[0.6922,0.3078],"evs":[0.0,7.59404]},"K7s":{"weight":0.1184,"played":[0.3196,0.6804],"evs":[0.0,18.69043]},"K8s":{"weight":0.0051,"played":[0.8106,0.1894],"evs":[0.0,2.51908]},"K9s":{"weight":0.5942,"played":[0.6416,0.3584],"evs":[0.0,13.72845]},"KTs":{"weight":0.4571,"played":[0.4272,0.5728],"evs":[0.0,10.36853]},"KJs":{"weight":0.774,"played":[0.0122,0.9878],"evs":[0.0,6.26654]},"KQs":{"weight":0.0196,"played":[0.988,0.012],"evs":[0.0,-14.88656]},"KK":{"weight":0.0,"played":[0.324,0.676],"evs":[0.0,17.02136]},"AKo":{"weight":0.0026,"played":[0.2388,0.7612],"evs":[0.0,10.55766]},"A2s":{"weight":0.909,"played":[0.0116,0.9884],"evs":[0.0,7.56651]},"A3s":{"weight":0.8019,"played":[0.0,1.0],"evs":[0.0,9.82862]},"A4s":{"weight":0.9957,"played":[0.0,1.0],"evs":[0.0,9.509]},"A5s":{"weight":0.976,"played":[0.9125,0.0875],"evs":[0.0,-14.88655]},"A6s":{"weight":0.0914,"played":[0.8686,0.1314],"evs":[0.0,1.8855]},"A7s":{"weight":0.0017,"played":[1.0,0.0],"evs":[0.0,-14.88656]},"A8s":{"weight":0.2778,"played":[0.748,0.252],"evs":[0.0,-0.70709]},"A9s":{"weight":0.7498,"played":[0.7001,0.2999],"evs":[0.0,-8.39054]},"ATs":{"weight":0.1,"played":[0.2569,0.7431],"evs":[0.0,-3.19835]},"AJs":{"weight":9.0E-4,"played":[1.0,0.0],"evs":[0.0,28.89639]},"AQs":{"weight":0.0,"played":[0.0759,0.9241],"evs":[0.0,28.89639]},"AKs":{"weight":0.0,"played":[0.4841,0.5159],"evs":[0.0,7.38671]},"AA":{"weight":0.01,"played":[0.0,1.0],"evs":[0.0,28.89639]}}}