{"player":2,"street":0,"children":3,"sequence":[{"player":0,"type":"R","amount":200000,"street":0},{"player":1,"type":"F","amount":0,"street":0},{"player":2,"type":"C","amount":200000,"street":0},{"player":3,"type":"R","amount":600000,"street":0},{"player":4,"type":"F","amount":0,"street":0},{"player":5,"type":"F","amount":0,"street":0},{"player":0,"type":"C","amount":400000,"street":0}],"actions":[{"type":"F","amount":0},{"type":"C","amount":400000},{"type":"R","amount":985000,"node":228}],"hands":{"22":{"weight":0.0,"played":[0.9966,8.0E-4,0.0025],"evs":[0.0,-0.68836,-0.73616]},"32o":{"weight":0.0,"played":[1.0,0.0,0.0],"evs":[0.0,-1.6676,-2.78506]},"42o":{"weight":0.0,"played":[1.0,0.0,0.0],"evs":[0.0,-1.67217,-2.78947]},"52o":{"weight":0.0,"played":[1.0,0.0,0.0],"evs":[0.0,-1.54428,-2.51637]},"62o":{"weight":0.0,"played":[1.0,0.0,0.0],"evs":[0.0,-2.007,-3.25098]},"72o":{"weight":0.0,"played":[1.0,0.0,0.0],"evs":[0.0,-2.24925,-3.63146]},"82o":{"weight":0.0,"played":[1.0,0.0,0.0],"evs":[0.0,-2.30835,-3.56822]},"92o":{"weight":0.0,"played":[1.0,0.0,0.0],"evs":[0.0,-2.53523,-3.94279]},"T2o":{"weight":0.0,"played":[1.0,0.0,0.0],"evs":[0.0,-2.38306,-3.62879]},"J2o":{"weight":0.0,"played":[1.0,0.0,0.0],"evs":[0.0,-2.23683,-3.50976]},"Q2o":{"weight":0.0,"played":[1.0,0.0,0.0],"evs":[0.0,-2.04338,-3.24144]},"K2o":{"weight":0.0,"played":[0.9999,0.0,1.0E-4],"evs":[0.0,-1.63324,-2.57916]},"A2o":{"weight":0.0,"played":[1.0,0.0,0.0],"evs":[0.0,-1.47465,-2.2311]},"32s":{"weight":0.0,"played":[1.0,0.0,0.0],"evs":[0.0,-0.84451,-1.55929]},"33":{"weight":0.0,"played":[0.9849,0.0039,0.0113],"evs":[0.0,-0.39708,-0.43295]},"43o":{"weight":0.0,"played":[1.0,0.0,0.0],"evs":[0.0,-1.3462,-2.29015]},"53o":{"weight":0.0,"played":[1.0,0.0,0.0],"evs":[0.0,-1.19216,-2.0729]},"63o":{"weight":0.0,"played":[1.0,0.0,0.0],"evs":[0.0,-1.45615,-2.51087]},"73o":{"weight":0.0,"played":[1.0,0.0,0.0],"evs":[0.0,-1.96586,-3.19498]},"83o":{"weight":0.0,"played":[1.0,0.0,0.0],"evs":[0.0,-2.28153,-3.53495]},"93o":{"weight":0.0,"played":[1.0,0.0,0.0],"evs":[0.0,-2.48016,-3.80625]},"T3o":{"weight":0.0,"played":[1.0,0.0,0.0],"evs":[0.0,-2.34738,-3.55319]},"J3o":{"weight":0.0,"played":[1.0,0.0,0.0],"evs":[0.0,-2.09242,-3.22662]},"Q3o":{"weight":0.0,"played":[1.0,0.0,0.0],"evs":[0.0,-2.13734,-3.34888]},"K3o":{"weight":0.0,"played":[0.9999,0.0,0.0],"evs":[0.0,-1.57203,-2.51681]},"A3o":{"weight":0.0,"played":[0.9999,0.0,1.0E-4],"evs":[0.0,-1.38157,-2.19342]},"42s":{"weight":0.0,"played":[0.9971,0.0018,0.0011],"evs":[0.0,-0.75756,-1.50183]},"43s":{"weight":0.0,"played":[0.9913,0.0086,1.0E-4],"evs":[0.0,-0.50169,-1.1106]},"44":{"weight":0.0,"played":[0.9677,0.0022,0.03],"evs":[0.0,-0.40911,-0.4886]},"54o":{"weight":0.0,"played":[0.9978,0.0018,5.0E-4],"evs":[0.0,-0.86924,-1.61942]},"64o":{"weight":0.0,"played":[0.9995,0.0,5.0E-4],"evs":[0.0,-1.37259,-2.32242]},"74o":{"weight":0.0,"played":[0.9999,0.0,0.0],"evs":[0.0,-1.59986,-2.5992]},"84o":{"weight":0.0,"played":[1.0,0.0,0.0],"evs":[0.0,-1.9278,-3.09827]},"94o":{"weight":0.0,"played":[1.0,0.0,0.0],"evs":[0.0,-2.59959,-3.98271]},"T4o":{"weight":0.0,"played":[1.0,0.0,0.0],"evs":[0.0,-2.41459,-3.68473]},"J4o":{"weight":0.0,"played":[1.0,0.0,0.0],"evs":[0.0,-2.34205,-3.46466]},"Q4o":{"weight":0.0,"played":[1.0,0.0,0.0],"evs":[0.0,-2.06488,-3.21109]},"K4o":{"weight":0.0,"played":[0.9999,0.0,1.0E-4],"evs":[0.0,-1.53583,-2.34227]},"A4o":{"weight":0.0,"played":[1.0,0.0,0.0],"evs":[0.0,-1.33624,-2.14105]},"52s":{"weight":0.0,"played":[0.9979,6.0E-4,0.0015],"evs":[0.0,-0.56021,-1.42216]},"53s":{"weight":0.0,"played":[0.9159,0.0833,7.0E-4],"evs":[0.0,-0.29702,-0.90328]},"54s":{"weight":0.0,"played":[0.2789,0.7083,0.0129],"evs":[0.0,-0.01409,-0.64677]},"55":{"weight":3.0E-4,"played":[0.4079,0.2716,0.3205],"evs":[0.0,0.15763,0.13938]},"65o":{"weight":0.0,"played":[1.0,0.0,0.0],"evs":[0.0,-0.91824,-1.628]},"75o":{"weight":0.0,"played":[0.9999,0.0,0.0],"evs":[0.0,-1.07983,-1.93237]},"85o":{"weight":0.0,"played":[1.0,0.0,0.0],"evs":[0.0,-1.49486,-2.49356]},"95o":{"weight":0.0,"played":[1.0,0.0,0.0],"evs":[0.0,-2.0185,-3.20024]},"T5o":{"weight":0.0,"played":[1.0,0.0,0.0],"evs":[0.0,-2.31238,-3.43446]},"J5o":{"weight":0.0,"played":[1.0,0.0,0.0],"evs":[0.0,-2.00829,-2.99795]},"Q5o":{"weight":0.0,"played":[1.0,0.0,0.0],"evs":[0.0,-1.75758,-2.67753]},"K5o":{"weight":0.0,"played":[0.9999,1.0E-4,0.0],"evs":[0.0,-1.56784,-2.37738]},"A5o":{"weight":0.0,"played":[0.9984,3.0E-4,0.0014],"evs":[0.0,-1.15216,-1.74852]},"62s":{"weight":0.0,"played":[0.9992,7.0E-4,1.0E-4],"evs":[0.0,-1.04279,-2.01765]},"63s":{"weight":0.0,"played":[0.9847,0.0153,1.0E-4],"evs":[0.0,-0.79341,-1.49696]},"64s":{"weight":0.0,"played":[0.8537,0.1434,0.0029],"evs":[0.0,-0.25099,-0.78375]},"65s":{"weight":0.0,"played":[0.1404,0.8591,6.0E-4],"evs":[0.0,0.06552,-0.25776]},"66":{"weight":0.895,"played":[0.0465,0.4759,0.4776],"evs":[0.0,0.23189,0.23148]},"76o":{"weight":0.0,"played":[0.9981,9.0E-4,0.001],"evs":[0.0,-0.82792,-1.58835]},"86o":{"weight":0.0,"played":[0.9999,0.0,1.0E-4],"evs":[0.0,-1.19103,-1.99566]},"96o":{"weight":0.0,"played":[1.0,0.0,0.0],"evs":[0.0,-1.7295,-2.66446]},"T6o":{"weight":0.0,"played":[1.0,0.0,0.0],"evs":[0.0,-1.97124,-3.00041]},"J6o":{"weight":0.0,"played":[1.0,0.0,0.0],"evs":[0.0,-2.05434,-3.16178]},"Q6o":{"weight":0.0,"played":[1.0,0.0,0.0],"evs":[0.0,-1.80944,-2.85165]},"K6o":{"weight":0.0,"played":[0.9999,0.0,1.0E-4],"evs":[0.0,-1.35216,-2.0847]},"A6o":{"weight":0.0,"played":[1.0,0.0,0.0],"evs":[0.0,-1.51472,-2.22326]},"72s":{"weight":0.0,"played":[1.0,0.0,0.0],"evs":[0.0,-1.38768,-2.35245]},"73s":{"weight":0.0,"played":[0.9998,2.0E-4,0.0],"evs":[0.0,-1.17158,-1.94501]},"74s":{"weight":0.0,"played":[0.9973,0.0017,0.001],"evs":[0.0,-0.74348,-1.422]},"75s":{"weight":0.0,"played":[0.9423,0.0551,0.0027],"evs":[0.0,-0.28688,-0.93079]},"76s":{"weight":0.0,"played":[0.1001,0.8829,0.017],"evs":[0.0,0.35341,-0.12342]},"77":{"weight":0.0071,"played":[0.0,0.0113,0.9887],"evs":[0.0,0.31024,0.37838]},"87o":{"weight":0.0,"played":[0.9999,1.0E-4,1.0E-4],"evs":[0.0,-1.08891,-1.93793]},"97o":{"weight":0.0,"played":[0.9987,0.0013,0.0],"evs":[0.0,-1.65229,-2.58757]},"T7o":{"weight":0.0,"played":[1.0,0.0,0.0],"evs":[0.0,-1.80421,-2.71057]},"J7o":{"weight":0.0,"played":[1.0,0.0,0.0],"evs":[0.0,-1.84815,-2.78494]},"Q7o":{"weight":0.0,"played":[1.0,0.0,0.0],"evs":[0.0,-2.0111,-3.00685]},"K7o":{"weight":0.0,"played":[0.9991,2.0E-4,7.0E-4],"evs":[0.0,-1.4233,-2.1877]},"A7o":{"weight":0.0,"played":[0.9987,9.0E-4,4.0E-4],"evs":[0.0,-1.26469,-1.91766]},"82s":{"weight":0.0,"played":[0.9998,0.0,2.0E-4],"evs":[0.0,-1.31086,-2.15998]},"83s":{"weight":0.0,"played":[0.9999,0.0,1.0E-4],"evs":[0.0,-1.54777,-2.48561]},"84s":{"weight":0.0,"played":[0.9996,2.0E-4,2.0E-4],"evs":[0.0,-0.95309,-1.7796]},"85s":{"weight":0.0,"played":[0.9974,0.0017,9.0E-4],"evs":[0.0,-0.78511,-1.19749]},"86s":{"weight":0.0,"played":[0.9154,0.0838,8.0E-4],"evs":[0.0,-0.28852,-0.83243]},"87s":{"weight":0.0,"played":[0.9947,0.0034,0.0019],"evs":[0.0,-0.29176,-0.77769]},"88":{"weight":0.3397,"played":[0.0188,0.0514,0.9298],"evs":[0.0,0.24147,0.31146]},"98o":{"weight":0.0,"played":[1.0,0.0,0.0],"evs":[0.0,-1.35729,-2.25013]},"T8o":{"weight":0.0,"played":[1.0,0.0,0.0],"evs":[0.0,-1.70007,-2.53812]},"J8o":{"weight":0.0,"played":[1.0,0.0,0.0],"evs":[0.0,-1.79,-2.64372]},"Q8o":{"weight":0.0,"played":[1.0,0.0,0.0],"evs":[0.0,-1.91591,-2.82472]},"K8o":{"weight":0.0,"played":[1.0,0.0,0.0],"evs":[0.0,-1.70705,-2.6223]},"A8o":{"weight":0.0,"played":[1.0,0.0,0.0],"evs":[0.0,-1.25678,-1.84719]},"92s":{"weight":0.0,"played":[0.999,0.0,0.001],"evs":[0.0,-1.81328,-2.821]},"93s":{"weight":0.0,"played":[0.9999,1.0E-4,0.0],"evs":[0.0,-1.57184,-2.61397]},"94s":{"weight":0.0,"played":[0.9998,0.0,2.0E-4],"evs":[0.0,-1.57977,-2.49193]},"95s":{"weight":0.0,"played":[0.9951,0.0014,0.0035],"evs":[0.0,-0.92132,-1.58617]},"96s":{"weight":0.0,"played":[0.9997,1.0E-4,2.0E-4],"evs":[0.0,-0.77521,-1.36705]},"97s":{"weight":0.0,"played":[0.9838,0.0044,0.0118],"evs":[0.0,-0.81269,-1.419]},"98s":{"weight":0.0,"played":[0.9954,0.0,0.0046],"evs":[0.0,-0.32678,-0.93499]},"99":{"weight":3.0E-4,"played":[0.0035,0.0163,0.9801],"evs":[0.0,0.37646,0.56174]},"T9o":{"weight":0.0,"played":[0.9999,0.0,1.0E-4],"evs":[0.0,-1.72507,-2.51293]},"J9o":{"weight":0.0,"played":[0.9997,2.0E-4,1.0E-4],"evs":[0.0,-1.58717,-2.37945]},"Q9o":{"weight":0.0,"played":[0.9999,0.0,0.0],"evs":[0.0,-1.77288,-2.50659]},"K9o":{"weight":0.0,"played":[0.9994,2.0E-4,3.0E-4],"evs":[0.0,-1.3427,-2.02966]},"A9o":{"weight":2.0E-4,"played":[0.9999,0.0,1.0E-4],"evs":[0.0,-0.96381,-1.23532]},"T2s":{"weight":0.0,"played":[0.9998,0.0,1.0E-4],"evs":[0.0,-1.71091,-2.73651]},"T3s":{"weight":0.0,"played":[0.9991,2.0E-4,8.0E-4],"evs":[0.0,-1.5466,-2.41247]},"T4s":{"weight":0.0,"played":[0.9991,0.0,9.0E-4],"evs":[0.0,-1.52215,-2.31664]},"T5s":{"weight":0.0,"played":[0.9981,0.0014,5.0E-4],"evs":[0.0,-1.27604,-2.05672]},"T6s":{"weight":0.0,"played":[0.9986,0.0,0.0013],"evs":[0.0,-1.11293,-1.74485]},"T7s":{"weight":0.0,"played":[0.9841,0.0154,5.0E-4],"evs":[0.0,-0.90182,-1.50282]},"T8s":{"weight":0.0,"played":[1.0,0.0,0.0],"evs":[0.0,-0.36413,-0.9478]},"T9s":{"weight":0.0,"played":[0.9958,0.0031,0.001],"evs":[0.0,-0.64482,-1.12265]},"TT":{"weight":0.0,"played":[0.0,0.009,0.991],"evs":[0.0,1.41242,1.67454]},"JTo":{"weight":0.0,"played":[1.0,0.0,0.0],"evs":[0.0,-1.25767,-1.84067]},"QTo":{"weight":0.0,"played":[1.0,0.0,0.0],"evs":[0.0,-1.36035,-1.87744]},"KTo":{"weight":0.0,"played":[0.996,0.0017,0.0023],"evs":[0.0,-1.14487,-1.5869]},"ATo":{"weight":0.0,"played":[0.9984,2.0E-4,0.0014],"evs":[0.0,-0.39123,-0.466]},"J2s":{"weight":0.0,"played":[0.9999,0.0,0.0],"evs":[0.0,-1.1336,-1.88817]},"J3s":{"weight":0.0,"played":[0.9999,1.0E-4,0.0],"evs":[0.0,-1.08297,-1.86992]},"J4s":{"weight":0.0,"played":[0.9997,0.0,3.0E-4],"evs":[0.0,-1.2528,-2.04051]},"J5s":{"weight":0.0,"played":[0.991,0.009,0.0],"evs":[0.0,-1.22418,-1.86353]},"J6s":{"weight":0.0,"played":[0.993,0.0069,1.0E-4],"evs":[0.0,-1.04813,-1.67554]},"J7s":{"weight":0.0,"played":[0.9941,0.0052,7.0E-4],"evs":[0.0,-0.92579,-1.43769]},"J8s":{"weight":0.0,"played":[0.9974,0.0017,8.0E-4],"evs":[0.0,-0.68537,-1.29583]},"J9s":{"weight":0.0,"played":[0.975,0.0123,0.0128],"evs":[0.0,-0.50696,-0.92866]},"JTs":{"weight":0.0,"played":[0.996,0.0019,0.0022],"evs":[0.0,-0.47938,-0.81838]},"JJ":{"weight":0.0,"played":[0.0,0.0,1.0],"evs":[0.0,2.67093,3.04992]},"QJo":{"weight":0.0,"played":[0.9999,0.0,0.0],"evs":[0.0,-1.11925,-1.51348]},"KJo":{"weight":0.0,"played":[0.9957,0.0035,8.0E-4],"evs":[0.0,-0.79535,-1.10683]},"AJo":{"weight":0.0,"played":[0.02,0.0281,0.9519],"evs":[0.0,0.34501,0.41805]},"Q2s":{"weight":0.0,"played":[0.998,0.002,0.0],"evs":[0.0,-1.18778,-1.90301]},"Q3s":{"weight":0.0,"played":[1.0,0.0,0.0],"evs":[0.0,-1.22601,-2.02426]},"Q4s":{"weight":0.0,"played":[0.9918,0.005,0.0031],"evs":[0.0,-1.34277,-2.18477]},"Q5s":{"weight":0.0,"played":[0.9961,0.0022,0.0017],"evs":[0.0,-1.15363,-1.7629]},"Q6s":{"weight":0.0,"played":[0.9999,0.0,1.0E-4],"evs":[0.0,-0.96147,-1.72669]},"Q7s":{"weight":0.0,"played":[0.998,0.0015,5.0E-4],"evs":[0.0,-0.94314,-1.57885]},"Q8s":{"weight":0.0,"played":[0.9982,0.001,8.0E-4],"evs":[0.0,-0.96268,-1.70961]},"Q9s":{"weight":0.0,"played":[0.9944,0.0047,9.0E-4],"evs":[0.0,-0.52235,-1.10012]},"QTs":{"weight":0.0,"played":[0.9377,0.05,0.0123],"evs":[0.0,-0.68954,-1.0717]},"QJs":{"weight":1.0,"played":[0.4305,0.4879,0.0816],"evs":[0.0,0.07228,-0.10349]},"QQ":{"weight":0.0,"played":[0.0,0.0,1.0],"evs":[0.0,5.09112,5.53625]},"KQo":{"weight":0.2777,"played":[0.7265,0.2533,0.0203],"evs":[0.0,-0.43238,-0.63593]},"AQo":{"weight":0.0,"played":[0.0,3.0E-4,0.9997],"evs":[0.0,1.26569,1.36921]},"K2s":{"weight":0.0,"played":[0.9975,0.0019,6.0E-4],"evs":[0.0,-0.79962,-1.46301]},"K3s":{"weight":0.0,"played":[0.9731,0.0235,0.0034],"evs":[0.0,-0.492,-1.06744]},"K4s":{"weight":0.0,"played":[0.8617,0.1354,0.0029],"evs":[0.0,-0.45459,-1.03894]},"K5s":{"weight":0.0,"played":[0.9655,0.0302,0.0044],"evs":[0.0,-0.56171,-1.14734]},"K6s":{"weight":0.0,"played":[0.8654,0.1282,0.0064],"evs":[0.0,-0.22034,-0.71543]},"K7s":{"weight":0.0,"played":[0.9892,0.0062,0.0046],"evs":[0.0,-0.24942,-0.71359]},"K8s":{"weight":0.0,"played":[0.9943,0.0054,3.0E-4],"evs":[0.0,-0.45127,-1.01795]},"K9s":{"weight":0.0,"played":[0.7568,0.2423,8.0E-4],"evs":[0.0,-0.35642,-0.83514]},"KTs":{"weight":0.7009,"played":[0.6839,0.2205,0.0956],"evs":[0.0,-0.08444,-0.17674]},"KJs":{"weight":0.0139,"played":[2.0E-4,0.9996,2.0E-4],"evs":[0.0,0.62064,0.3464]},"KQs":{"weight":0.0,"played":[0.0,0.0652,0.9348],"evs":[0.0,0.93709,0.98964]},"KK":{"weight":0.0,"played":[0.0,0.0,1.0],"evs":[0.0,8.22821,8.85713]},"AKo":{"weight":0.0,"played":[0.0,0.0,1.0],"evs":[0.0,3.11748,3.37929]},"A2s":{"weight":0.0,"played":[0.8325,0.1672,2.0E-4],"evs":[0.0,-0.32272,-0.72088]},"A3s":{"weight":0.0,"played":[0.1957,0.8038,4.0E-4],"evs":[0.0,0.09013,-0.18989]},"A4s":{"weight":8.0E-4,"played":[0.4724,0.5014,0.0262],"evs":[0.0,-0.06907,-0.51353]},"A5s":{"weight":0.5214,"played":[0.2845,0.7145,0.001],"evs":[0.0,0.07209,-0.28189]},"A6s":{"weight":0.0,"played":[0.972,0.0255,0.0025],"evs":[0.0,-0.41309,-0.74118]},"A7s":{"weight":0.0248,"played":[0.8781,0.1209,0.0011],"evs":[0.0,-0.31694,-0.78187]},"A8s":{"weight":0.2093,"played":[0.7545,0.2334,0.0121],"evs":[0.0,-0.10556,-0.28324]},"A9s":{"weight":0.0,"played":[0.0891,0.8889,0.022],"evs":[0.0,0.17923,-0.00463]},"ATs":{"weight":0.0,"played":[0.0264,0.763,0.2106],"evs":[0.0,0.87414,0.79266]},"AJs":{"weight":0.0,"played":[0.0,0.0,1.0],"evs":[0.0,1.62559,1.7018]},"AQs":{"weight":0.0,"played":[1.0E-4,0.0,0.9999],"evs":[0.0,2.48036,2.73031]},"AKs":{"weight":0.0,"played":[0.0,0.0076,0.9924],"evs":[0.0,4.09881,4.48136]},"AA":{"weight":0.1302,"played":[0.0,0.0,1.0],"evs":[0.0,15.10387,16.061]}}}