{"player":3,"street":0,"children":2,"sequence":[{"player":0,"type":"R","amount":200000,"street":0},{"player":1,"type":"F","amount":0,"street":0},{"player":2,"type":"C","amount":200000,"street":0},{"player":3,"type":"R","amount":600000,"street":0},{"player":4,"type":"F","amount":0,"street":0},{"player":5,"type":"R","amount":945000,"street":0},{"player":0,"type":"F","amount":0,"street":0},{"player":2,"type":"C","amount":745000,"street":0}],"actions":[{"type":"F","amount":0},{"type":"C","amount":345000}],"hands":{"22":{"weight":0.0,"played":[0.0012,0.9988],"evs":[0.0,5.15045]},"32o":{"weight":0.0,"played":[0.0027,0.9973],"evs":[0.0,3.11561]},"42o":{"weight":0.0,"played":[1.0E-4,0.9999],"evs":[0.0,3.24767]},"52o":{"weight":0.0,"played":[0.0,1.0],"evs":[0.0,2.96807]},"62o":{"weight":0.0,"played":[4.0E-4,0.9996],"evs":[0.0,2.2372]},"72o":{"weight":0.0,"played":[0.0033,0.9967],"evs":[0.0,3.0368]},"82o":{"weight":0.0,"played":[3.0E-4,0.9997],"evs":[0.0,2.75259]},"92o":{"weight":0.0,"played":[0.0015,0.9985],"evs":[0.0,3.91521]},"T2o":{"weight":0.0,"played":[2.0E-4,0.9998],"evs":[0.0,2.75421]},"J2o":{"weight":0.0,"played":[0.0023,0.9977],"evs":[0.0,3.52106]},"Q2o":{"weight":0.0,"played":[1.0E-4,0.9999],"evs":[0.0,1.15953]},"K2o":{"weight":0.0,"played":[0.0056,0.9944],"evs":[0.0,2.98878]},"A2o":{"weight":0.0,"played":[1.0E-4,0.9999],"evs":[0.0,3.78094]},"32s":{"weight":0.0,"played":[0.0013,0.9987],"evs":[0.0,2.83836]},"33":{"weight":0.0,"played":[0.002,0.998],"evs":[0.0,4.88469]},"43o":{"weight":0.0,"played":[1.0E-4,0.9999],"evs":[0.0,2.03369]},"53o":{"weight":0.0,"played":[0.0013,0.9987],"evs":[0.0,3.61467]},"63o":{"weight":0.0,"played":[0.0013,0.9987],"evs":[0.0,2.8595]},"73o":{"weight":0.0,"played":[0.0,1.0],"evs":[0.0,2.4113]},"83o":{"weight":0.0,"played":[0.0372,0.9628],"evs":[0.0,2.20248]},"93o":{"weight":0.0,"played":[0.0018,0.9982],"evs":[0.0,2.95193]},"T3o":{"weight":0.0,"played":[2.0E-4,0.9998],"evs":[0.0,3.25715]},"J3o":{"weight":0.0,"played":[3.0E-4,0.9997],"evs":[0.0,2.61854]},"Q3o":{"weight":0.0,"played":[0.003,0.997],"evs":[0.0,2.49978]},"K3o":{"weight":0.0,"played":[3.0E-4,0.9997],"evs":[0.0,2.49455]},"A3o":{"weight":0.0,"played":[1.0E-4,0.9999],"evs":[0.0,4.65117]},"42s":{"weight":0.0,"played":[3.0E-4,0.9997],"evs":[0.0,5.18202]},"43s":{"weight":0.0,"played":[9.0E-4,0.9991],"evs":[0.0,3.9853]},"44":{"weight":1.0E-4,"played":[2.0E-4,0.9998],"evs":[0.0,5.55942]},"54o":{"weight":0.0,"played":[2.0E-4,0.9998],"evs":[0.0,3.22169]},"64o":{"weight":0.0,"played":[3.0E-4,0.9997],"evs":[0.0,4.44124]},"74o":{"weight":0.0,"played":[1.0E-4,0.9999],"evs":[0.0,3.2383]},"84o":{"weight":0.0,"played":[0.0,1.0],"evs":[0.0,4.70006]},"94o":{"weight":0.0,"played":[6.0E-4,0.9994],"evs":[0.0,4.47672]},"T4o":{"weight":0.0,"played":[1.0E-4,0.9999],"evs":[0.0,3.56111]},"J4o":{"weight":0.0,"played":[2.0E-4,0.9998],"evs":[0.0,2.95902]},"Q4o":{"weight":0.0,"played":[0.0,1.0],"evs":[0.0,2.5257]},"K4o":{"weight":0.0,"played":[2.0E-4,0.9998],"evs":[0.0,1.85167]},"A4o":{"weight":1.0E-4,"played":[0.0,1.0],"evs":[0.0,4.20183]},"52s":{"weight":0.0,"played":[0.0106,0.9894],"evs":[0.0,4.55268]},"53s":{"weight":0.0,"played":[0.0046,0.9954],"evs":[0.0,2.83759]},"54s":{"weight":0.0,"played":[0.0071,0.9929],"evs":[0.0,6.02109]},"55":{"weight":0.0,"played":[2.0E-4,0.9998],"evs":[0.0,4.89591]},"65o":{"weight":0.0,"played":[0.0,1.0],"evs":[0.0,3.89216]},"75o":{"weight":0.0,"played":[0.002,0.998],"evs":[0.0,3.40169]},"85o":{"weight":0.0,"played":[0.0,1.0],"evs":[0.0,3.58121]},"95o":{"weight":0.0,"played":[3.0E-4,0.9997],"evs":[0.0,3.17613]},"T5o":{"weight":0.0,"played":[0.0,1.0],"evs":[0.0,3.61793]},"J5o":{"weight":0.0,"played":[2.0E-4,0.9998],"evs":[0.0,3.19366]},"Q5o":{"weight":0.0,"played":[0.0011,0.9989],"evs":[0.0,3.39016]},"K5o":{"weight":0.0,"played":[0.002,0.998],"evs":[0.0,2.94943]},"A5o":{"weight":0.0,"played":[1.0E-4,0.9999],"evs":[0.0,5.29068]},"62s":{"weight":0.0,"played":[0.0036,0.9964],"evs":[0.0,2.05861]},"63s":{"weight":0.0,"played":[9.0E-4,0.9991],"evs":[0.0,4.67332]},"64s":{"weight":0.0,"played":[4.0E-4,0.9996],"evs":[0.0,5.48082]},"65s":{"weight":1.0E-4,"played":[7.0E-4,0.9993],"evs":[0.0,5.89159]},"66":{"weight":0.0173,"played":[1.0E-4,0.9999],"evs":[0.0,8.8901]},"76o":{"weight":0.0,"played":[7.0E-4,0.9993],"evs":[0.0,4.42819]},"86o":{"weight":0.0,"played":[4.0E-4,0.9996],"evs":[0.0,4.36765]},"96o":{"weight":0.0,"played":[0.0,1.0],"evs":[0.0,3.97634]},"T6o":{"weight":0.0,"played":[0.0016,0.9984],"evs":[0.0,2.25139]},"J6o":{"weight":0.0,"played":[0.0013,0.9987],"evs":[0.0,3.02913]},"Q6o":{"weight":0.0,"played":[0.0033,0.9967],"evs":[0.0,1.418]},"K6o":{"weight":0.0,"played":[8.0E-4,0.9992],"evs":[0.0,2.32109]},"A6o":{"weight":0.0,"played":[1.0E-4,0.9999],"evs":[0.0,6.2145]},"72s":{"weight":0.0,"played":[0.0016,0.9984],"evs":[0.0,2.99793]},"73s":{"weight":0.0,"played":[9.0E-4,0.9991],"evs":[0.0,6.1577]},"74s":{"weight":0.0,"played":[0.0023,0.9977],"evs":[0.0,4.73901]},"75s":{"weight":0.0,"played":[9.0E-4,0.9991],"evs":[0.0,7.0873]},"76s":{"weight":0.0,"played":[0.0,1.0],"evs":[0.0,7.52576]},"77":{"weight":0.1693,"played":[0.0,1.0],"evs":[0.0,10.36562]},"87o":{"weight":0.0,"played":[0.0,1.0],"evs":[0.0,4.74309]},"97o":{"weight":0.0,"played":[1.0E-4,0.9999],"evs":[0.0,5.23152]},"T7o":{"weight":0.0,"played":[3.0E-4,0.9997],"evs":[0.0,4.72926]},"J7o":{"weight":0.0,"played":[0.0036,0.9964],"evs":[0.0,4.09469]},"Q7o":{"weight":0.0,"played":[0.0107,0.9893],"evs":[0.0,4.26737]},"K7o":{"weight":0.0,"played":[0.0,1.0],"evs":[0.0,4.54743]},"A7o":{"weight":0.0,"played":[4.0E-4,0.9996],"evs":[0.0,6.1636]},"82s":{"weight":0.0,"played":[0.0143,0.9857],"evs":[0.0,3.58822]},"83s":{"weight":0.0,"played":[0.0019,0.9981],"evs":[0.0,3.35182]},"84s":{"weight":0.0,"played":[0.0024,0.9976],"evs":[0.0,4.95361]},"85s":{"weight":0.0,"played":[0.0022,0.9978],"evs":[0.0,6.56444]},"86s":{"weight":0.0,"played":[5.0E-4,0.9995],"evs":[0.0,5.4043]},"87s":{"weight":0.0,"played":[1.0E-4,0.9999],"evs":[0.0,6.98399]},"88":{"weight":0.065,"played":[0.0013,0.9987],"evs":[0.0,10.36519]},"98o":{"weight":0.0,"played":[1.0E-4,0.9999],"evs":[0.0,4.94561]},"T8o":{"weight":0.0,"played":[0.0032,0.9968],"evs":[0.0,4.73549]},"J8o":{"weight":0.0,"played":[5.0E-4,0.9995],"evs":[0.0,5.08982]},"Q8o":{"weight":0.0,"played":[2.0E-4,0.9998],"evs":[0.0,4.09969]},"K8o":{"weight":0.0,"played":[0.0,1.0],"evs":[0.0,4.6169]},"A8o":{"weight":0.2762,"played":[1.0E-4,0.9999],"evs":[0.0,4.75825]},"92s":{"weight":0.0,"played":[0.0053,0.9947],"evs":[0.0,5.53334]},"93s":{"weight":0.0,"played":[0.0024,0.9976],"evs":[0.0,4.51239]},"94s":{"weight":0.0,"played":[0.0018,0.9982],"evs":[0.0,4.62998]},"95s":{"weight":0.0,"played":[0.0,1.0],"evs":[0.0,5.52395]},"96s":{"weight":0.0,"played":[9.0E-4,0.9991],"evs":[0.0,4.72948]},"97s":{"weight":0.0,"played":[0.0024,0.9976],"evs":[0.0,7.88162]},"98s":{"weight":0.0,"played":[7.0E-4,0.9993],"evs":[0.0,6.42095]},"99":{"weight":0.5037,"played":[2.0E-4,0.9998],"evs":[0.0,8.87132]},"T9o":{"weight":0.0,"played":[8.0E-4,0.9992],"evs":[0.0,6.62611]},"J9o":{"weight":0.0,"played":[0.0013,0.9987],"evs":[0.0,5.73124]},"Q9o":{"weight":0.0,"played":[6.0E-4,0.9994],"evs":[0.0,5.7448]},"K9o":{"weight":0.0,"played":[0.0,1.0],"evs":[0.0,5.561]},"A9o":{"weight":0.0371,"played":[0.0,1.0],"evs":[0.0,7.19242]},"T2s":{"weight":0.0,"played":[0.0027,0.9973],"evs":[0.0,3.22654]},"T3s":{"weight":0.0,"played":[0.0028,0.9972],"evs":[0.0,4.87326]},"T4s":{"weight":0.0,"played":[0.0027,0.9973],"evs":[0.0,6.39396]},"T5s":{"weight":0.0,"played":[0.0028,0.9972],"evs":[0.0,2.58637]},"T6s":{"weight":0.0,"played":[0.0021,0.9979],"evs":[0.0,2.59283]},"T7s":{"weight":0.0,"played":[0.0044,0.9956],"evs":[0.0,9.36936]},"T8s":{"weight":0.0,"played":[0.0048,0.9952],"evs":[0.0,9.15893]},"T9s":{"weight":0.0,"played":[0.0,1.0],"evs":[0.0,7.76681]},"TT":{"weight":0.1138,"played":[1.0E-4,0.9999],"evs":[0.0,13.1147]},"JTo":{"weight":0.0,"played":[1.0E-4,0.9999],"evs":[0.0,8.50355]},"QTo":{"weight":0.0,"played":[2.0E-4,0.9998],"evs":[0.0,5.28359]},"KTo":{"weight":0.0,"played":[1.0E-4,0.9999],"evs":[0.0,6.4206]},"ATo":{"weight":0.3584,"played":[1.0E-4,0.9999],"evs":[0.0,7.09887]},"J2s":{"weight":0.0,"played":[8.0E-4,0.9992],"evs":[0.0,4.12229]},"J3s":{"weight":0.0,"played":[0.0034,0.9966],"evs":[0.0,3.43724]},"J4s":{"weight":0.0,"played":[0.0102,0.9898],"evs":[0.0,7.16268]},"J5s":{"weight":0.0,"played":[0.0039,0.9961],"evs":[0.0,4.40016]},"J6s":{"weight":0.0,"played":[0.0122,0.9878],"evs":[0.0,5.46785]},"J7s":{"weight":0.0,"played":[1.0E-4,0.9999],"evs":[0.0,8.49329]},"J8s":{"weight":0.0,"played":[1.0E-4,0.9999],"evs":[0.0,8.82844]},"J9s":{"weight":1.0E-4,"played":[0.0012,0.9988],"evs":[0.0,7.43463]},"JTs":{"weight":0.0,"played":[1.0E-4,0.9999],"evs":[0.0,8.46494]},"JJ":{"weight":0.3628,"played":[0.0,1.0],"evs":[0.0,14.1933]},"QJo":{"weight":3.0E-4,"played":[0.0,1.0],"evs":[0.0,4.84896]},"KJo":{"weight":0.0421,"played":[2.0E-4,0.9998],"evs":[0.0,7.09255]},"AJo":{"weight":0.0672,"played":[0.0,1.0],"evs":[0.0,8.89]},"Q2s":{"weight":0.0,"played":[0.002,0.998],"evs":[0.0,3.33569]},"Q3s":{"weight":0.0,"played":[4.0E-4,0.9996],"evs":[0.0,5.80799]},"Q4s":{"weight":0.0,"played":[0.0024,0.9976],"evs":[0.0,3.12975]},"Q5s":{"weight":0.0,"played":[4.0E-4,0.9996],"evs":[0.0,6.52824]},"Q6s":{"weight":0.0,"played":[3.0E-4,0.9997],"evs":[0.0,4.60128]},"Q7s":{"weight":0.0,"played":[0.0029,0.9971],"evs":[0.0,5.72112]},"Q8s":{"weight":0.0,"played":[3.0E-4,0.9997],"evs":[0.0,4.50293]},"Q9s":{"weight":0.0,"played":[0.0045,0.9955],"evs":[0.0,4.95591]},"QTs":{"weight":0.035,"played":[4.0E-4,0.9996],"evs":[0.0,7.15034]},"QJs":{"weight":1.0E-4,"played":[2.0E-4,0.9998],"evs":[0.0,6.90324]},"QQ":{"weight":0.9956,"played":[0.0,1.0],"evs":[0.0,17.22834]},"KQo":{"weight":0.233,"played":[0.0,1.0],"evs":[0.0,6.05667]},"AQo":{"weight":0.7091,"played":[0.0,1.0],"evs":[0.0,8.51618]},"K2s":{"weight":0.0,"played":[0.0038,0.9962],"evs":[0.0,4.34395]},"K3s":{"weight":0.0,"played":[6.0E-4,0.9994],"evs":[0.0,5.91858]},"K4s":{"weight":0.0,"played":[0.0151,0.9849],"evs":[0.0,7.2131]},"K5s":{"weight":0.0,"played":[4.0E-4,0.9996],"evs":[0.0,5.29193]},"K6s":{"weight":0.0,"played":[0.0052,0.9948],"evs":[0.0,5.05414]},"K7s":{"weight":0.0,"played":[0.0,1.0],"evs":[0.0,6.46476]},"K8s":{"weight":0.0,"played":[3.0E-4,0.9997],"evs":[0.0,6.36786]},"K9s":{"weight":0.0,"played":[0.0,1.0],"evs":[0.0,5.26341]},"KTs":{"weight":0.4968,"played":[4.0E-4,0.9996],"evs":[0.0,6.51036]},"KJs":{"weight":0.1915,"played":[2.0E-4,0.9998],"evs":[0.0,9.51792]},"KQs":{"weight":0.6573,"played":[3.0E-4,0.9997],"evs":[0.0,9.12323]},"KK":{"weight":0.4837,"played":[0.0,1.0],"evs":[0.0,20.98884]},"AKo":{"weight":0.3439,"played":[0.0,1.0],"evs":[0.0,10.61737]},"A2s":{"weight":0.0509,"played":[0.0,1.0],"evs":[0.0,6.13333]},"A3s":{"weight":0.109,"played":[6.0E-4,0.9994],"evs":[0.0,5.94646]},"A4s":{"weight":8.0E-4,"played":[0.0021,0.9979],"evs":[0.0,6.91125]},"A5s":{"weight":0.0159,"played":[0.0,1.0],"evs":[0.0,7.10712]},"A6s":{"weight":0.6385,"played":[2.0E-4,0.9998],"evs":[0.0,7.04527]},"A7s":{"weight":0.4111,"played":[8.0E-4,0.9992],"evs":[0.0,5.91336]},"A8s":{"weight":0.7201,"played":[3.0E-4,0.9997],"evs":[0.0,7.9265]},"A9s":{"weight":0.1541,"played":[3.0E-4,0.9997],"evs":[0.0,8.75409]},"ATs":{"weight":0.418,"played":[0.0,1.0],"evs":[0.0,8.43442]},"AJs":{"weight":0.5233,"played":[0.0013,0.9987],"evs":[0.0,6.74201]},"AQs":{"weight":0.218,"played":[6.0E-4,0.9994],"evs":[0.0,10.33994]},"AKs":{"weight":0.9522,"played":[1.0E-4,0.9999],"evs":[0.0,14.01775]},"AA":{"weight":0.9868,"played":[0.0,1.0],"evs":[0.0,23.77752]}}}