{"player":0,"street":0,"children":2,"sequence":[{"player":0,"type":"R","amount":200000,"street":0},{"player":1,"type":"F","amount":0,"street":0},{"player":2,"type":"C","amount":200000,"street":0},{"player":3,"type":"R","amount":600000,"street":0},{"player":4,"type":"F","amount":0,"street":0},{"player":5,"type":"R","amount":945000,"street":0},{"player":0,"type":"C","amount":745000,"street":0},{"player":2,"type":"R","amount":985000,"street":0},{"player":3,"type":"F","amount":0,"street":0}],"actions":[{"type":"F","amount":0},{"type":"C","amount":40000}],"hands":{"22":{"weight":0.0205,"played":[0.2293,0.7707],"evs":[0.0,15.66827]},"32o":{"weight":0.0,"played":[0.1048,0.8952],"evs":[0.0,14.08787]},"42o":{"weight":0.0,"played":[0.062,0.938],"evs":[0.0,5.74575]},"52o":{"weight":0.0,"played":[0.1401,0.8599],"evs":[0.0,10.09533]},"62o":{"weight":0.0,"played":[0.0,1.0],"evs":[0.0,0.74608]},"72o":{"weight":0.0,"played":[0.1158,0.8842],"evs":[0.0,7.51443]},"82o":{"weight":0.0,"played":[0.6577,0.3423],"evs":[0.0,-0.27531]},"92o":{"weight":0.0,"played":[0.1497,0.8503],"evs":[0.0,7.12777]},"T2o":{"weight":0.0,"played":[0.3934,0.6066],"evs":[0.0,-0.0505]},"J2o":{"weight":0.0,"played":[1.0E-4,0.9999],"evs":[0.0,9.84312]},"Q2o":{"weight":0.0,"played":[0.2403,0.7597],"evs":[0.0,17.35666]},"K2o":{"weight":0.0,"played":[0.0038,0.9962],"evs":[0.0,1.58515]},"A2o":{"weight":0.0,"played":[0.0815,0.9185],"evs":[0.0,8.11665]},"32s":{"weight":0.0,"played":[0.0218,0.9782],"evs":[0.0,22.49893]},"33":{"weight":1.0E-4,"played":[0.104,0.896],"evs":[0.0,1.77642]},"43o":{"weight":0.0,"played":[0.1482,0.8518],"evs":[0.0,10.50898]},"53o":{"weight":0.0,"played":[0.1838,0.8162],"evs":[0.0,12.57134]},"63o":{"weight":0.0,"played":[0.253,0.747],"evs":[0.0,4.32894]},"73o":{"weight":0.0,"played":[0.3756,0.6244],"evs":[0.0,-0.10689]},"83o":{"weight":0.0,"played":[5.0E-4,0.9995],"evs":[0.0,15.01245]},"93o":{"weight":0.0,"played":[0.0889,0.9111],"evs":[0.0,11.87308]},"T3o":{"weight":0.0,"played":[0.34,0.66],"evs":[0.0,6.70491]},"J3o":{"weight":0.0,"played":[0.2344,0.7656],"evs":[0.0,3.23598]},"Q3o":{"weight":0.0,"played":[0.3805,0.6195],"evs":[0.0,4.92085]},"K3o":{"weight":0.0,"played":[0.5914,0.4086],"evs":[0.0,2.60508]},"A3o":{"weight":0.0,"played":[0.0415,0.9585],"evs":[0.0,25.07694]},"42s":{"weight":0.0,"played":[0.319,0.681],"evs":[0.0,6.77542]},"43s":{"weight":0.0,"played":[0.9599,0.0401],"evs":[0.0,-0.45235]},"44":{"weight":0.0086,"played":[0.0,1.0],"evs":[0.0,4.25274]},"54o":{"weight":0.0,"played":[7.0E-4,0.9993],"evs":[0.0,4.79416]},"64o":{"weight":0.0,"played":[0.0447,0.9553],"evs":[0.0,23.87115]},"74o":{"weight":0.0,"played":[0.1118,0.8882],"evs":[0.0,1.12628]},"84o":{"weight":0.0,"played":[0.0401,0.9599],"evs":[0.0,9.0906]},"94o":{"weight":0.0,"played":[0.115,0.885],"evs":[0.0,3.72752]},"T4o":{"weight":0.0,"played":[0.1739,0.8261],"evs":[0.0,21.98433]},"J4o":{"weight":0.0,"played":[0.0869,0.9131],"evs":[0.0,19.09354]},"Q4o":{"weight":0.0,"played":[0.3658,0.6342],"evs":[0.0,17.79187]},"K4o":{"weight":0.0,"played":[3.0E-4,0.9997],"evs":[0.0,5.97651]},"A4o":{"weight":0.0,"played":[0.0,1.0],"evs":[0.0,12.95946]},"52s":{"weight":0.0,"played":[1.0,0.0],"evs":[0.0,-0.45235]},"53s":{"weight":0.0,"played":[0.1259,0.8741],"evs":[0.0,4.43088]},"54s":{"weight":0.0,"played":[0.3289,0.6711],"evs":[0.0,0.55369]},"55":{"weight":0.0,"played":[0.8863,0.1137],"evs":[0.0,-0.45254]},"65o":{"weight":0.0,"played":[0.1296,0.8704],"evs":[0.0,1.33094]},"75o":{"weight":0.0,"played":[0.2296,0.7704],"evs":[0.0,6.40187]},"85o":{"weight":0.0,"played":[0.0,1.0],"evs":[0.0,12.72743]},"95o":{"weight":0.0,"played":[0.6594,0.3406],"evs":[0.0,-0.33758]},"T5o":{"weight":0.0,"played":[0.1851,0.8149],"evs":[0.0,5.78384]},"J5o":{"weight":0.0,"played":[0.1271,0.8729],"evs":[0.0,9.64774]},"Q5o":{"weight":0.0,"played":[0.635,0.365],"evs":[0.0,0.20615]},"K5o":{"weight":0.0,"played":[0.054,0.946],"evs":[0.0,8.38787]},"A5o":{"weight":0.0,"played":[0.0504,0.9496],"evs":[0.0,10.39477]},"62s":{"weight":0.0,"played":[0.2121,0.7879],"evs":[0.0,6.23697]},"63s":{"weight":0.0,"played":[1.0,0.0],"evs":[0.0,-0.45286]},"64s":{"weight":0.0,"played":[0.9159,0.0841],"evs":[0.0,0.80665]},"65s":{"weight":0.0,"played":[0.2684,0.7316],"evs":[0.0,38.26738]},"66":{"weight":0.0,"played":[0.0,1.0],"evs":[0.0,44.89367]},"76o":{"weight":0.0,"played":[0.0265,0.9735],"evs":[0.0,11.65468]},"86o":{"weight":0.0,"played":[0.0,1.0],"evs":[0.0,12.12947]},"96o":{"weight":0.0,"played":[0.0337,0.9663],"evs":[0.0,6.1535]},"T6o":{"weight":0.0,"played":[0.598,0.402],"evs":[0.0,0.29133]},"J6o":{"weight":0.0,"played":[0.1005,0.8995],"evs":[0.0,10.14511]},"Q6o":{"weight":0.0,"played":[0.0,1.0],"evs":[0.0,9.22812]},"K6o":{"weight":0.0,"played":[0.59,0.41],"evs":[0.0,6.40368]},"A6o":{"weight":0.0,"played":[0.0399,0.9601],"evs":[0.0,13.37326]},"72s":{"weight":0.0,"played":[0.0544,0.9456],"evs":[0.0,6.76316]},"73s":{"weight":0.0,"played":[0.9685,0.0315],"evs":[0.0,-0.45262]},"74s":{"weight":0.0,"played":[0.9126,0.0874],"evs":[0.0,15.83059]},"75s":{"weight":0.0,"played":[0.3266,0.6734],"evs":[0.0,6.45791]},"76s":{"weight":0.0,"played":[0.2681,0.7319],"evs":[0.0,0.01133]},"77":{"weight":0.0,"played":[0.0,1.0],"evs":[0.0,12.42059]},"87o":{"weight":0.0,"played":[0.1928,0.8072],"evs":[0.0,9.39726]},"97o":{"weight":0.0,"played":[0.3362,0.6638],"evs":[0.0,13.73758]},"T7o":{"weight":0.0,"played":[0.0029,0.9971],"evs":[0.0,7.66713]},"J7o":{"weight":0.0,"played":[0.0899,0.9101],"evs":[0.0,16.28233]},"Q7o":{"weight":0.0,"played":[0.3045,0.6955],"evs":[0.0,3.23031]},"K7o":{"weight":0.0,"played":[0.0062,0.9938],"evs":[0.0,6.5329]},"A7o":{"weight":0.0,"played":[0.1353,0.8647],"evs":[0.0,16.91746]},"82s":{"weight":0.0,"played":[0.883,0.117],"evs":[0.0,21.35716]},"83s":{"weight":0.0,"played":[0.5,0.5],"evs":[0.0,-0.45235]},"84s":{"weight":0.0,"played":[1.0,0.0],"evs":[0.0,-0.45235]},"85s":{"weight":0.0,"played":[0.2753,0.7247],"evs":[0.0,11.75115]},"86s":{"weight":0.0,"played":[0.4382,0.5618],"evs":[0.0,11.79335]},"87s":{"weight":0.0,"played":[0.3829,0.6171],"evs":[0.0,1.72611]},"88":{"weight":0.01,"played":[0.0448,0.9552],"evs":[0.0,19.9205]},"98o":{"weight":0.0,"played":[0.4768,0.5232],"evs":[0.0,7.36334]},"T8o":{"weight":0.0,"played":[0.2399,0.7601],"evs":[0.0,7.23213]},"J8o":{"weight":0.0,"played":[0.0107,0.9893],"evs":[0.0,17.95595]},"Q8o":{"weight":0.0,"played":[0.0,1.0],"evs":[0.0,10.16172]},"K8o":{"weight":0.0,"played":[0.0,1.0],"evs":[0.0,17.26311]},"A8o":{"weight":0.0087,"played":[0.0,1.0],"evs":[0.0,11.0228]},"92s":{"weight":0.0,"played":[0.0205,0.9795],"evs":[0.0,44.89367]},"93s":{"weight":0.0,"played":[0.8264,0.1736],"evs":[0.0,-0.45235]},"94s":{"weight":0.0,"played":[0.9566,0.0434],"evs":[0.0,-0.45269]},"95s":{"weight":0.0,"played":[0.0,1.0],"evs":[0.0,1.72401]},"96s":{"weight":0.0,"played":[1.0,0.0],"evs":[0.0,1.08031]},"97s":{"weight":0.0,"played":[0.879,0.121],"evs":[0.0,-0.45235]},"98s":{"weight":0.0396,"played":[0.0,1.0],"evs":[0.0,22.22068]},"99":{"weight":0.0,"played":[0.1237,0.8763],"evs":[0.0,27.35068]},"T9o":{"weight":0.0,"played":[0.1293,0.8707],"evs":[0.0,21.65073]},"J9o":{"weight":0.0,"played":[0.0438,0.9562],"evs":[0.0,21.84583]},"Q9o":{"weight":0.0,"played":[0.001,0.999],"evs":[0.0,13.06061]},"K9o":{"weight":0.0,"played":[0.5989,0.4011],"evs":[0.0,-0.10083]},"A9o":{"weight":0.0218,"played":[0.0707,0.9293],"evs":[0.0,9.01098]},"T2s":{"weight":0.0,"played":[0.5,0.5],"evs":[0.0,-0.45235]},"T3s":{"weight":0.0,"played":[7.0E-4,0.9993],"evs":[0.0,10.23029]},"T4s":{"weight":0.0,"played":[1.0,0.0],"evs":[0.0,-0.45235]},"T5s":{"weight":0.0,"played":[0.0,1.0],"evs":[0.0,-0.45235]},"T6s":{"weight":0.0,"played":[0.0,1.0],"evs":[0.0,0.33653]},"T7s":{"weight":0.0,"played":[0.9375,0.0625],"evs":[0.0,-0.45261]},"T8s":{"weight":0.0,"played":[0.0477,0.9523],"evs":[0.0,31.69474]},"T9s":{"weight":0.2435,"played":[0.0,1.0],"evs":[0.0,12.55247]},"TT":{"weight":0.3003,"played":[0.0179,0.9821],"evs":[0.0,18.35917]},"JTo":{"weight":0.0,"played":[0.0835,0.9165],"evs":[0.0,6.8518]},"QTo":{"weight":0.0,"played":[0.0,1.0],"evs":[0.0,17.2019]},"KTo":{"weight":0.0024,"played":[0.1411,0.8589],"evs":[0.0,6.25249]},"ATo":{"weight":0.0,"played":[0.0,1.0],"evs":[0.0,16.44473]},"J2s":{"weight":0.0,"played":[0.7441,0.2559],"evs":[0.0,-0.45235]},"J3s":{"weight":0.0,"played":[0.8927,0.1073],"evs":[0.0,-0.4528]},"J4s":{"weight":0.0,"played":[0.0,1.0],"evs":[0.0,44.89931]},"J5s":{"weight":0.0,"played":[0.7106,0.2894],"evs":[0.0,-0.05935]},"J6s":{"weight":0.0,"played":[0.9094,0.0906],"evs":[0.0,-0.45265]},"J7s":{"weight":0.0,"played":[0.1718,0.8282],"evs":[0.0,6.47031]},"J8s":{"weight":0.0,"played":[0.8877,0.1123],"evs":[0.0,-0.45235]},"J9s":{"weight":0.6601,"played":[0.0968,0.9032],"evs":[0.0,7.37106]},"JTs":{"weight":0.0,"played":[0.0896,0.9104],"evs":[0.0,1.12846]},"JJ":{"weight":0.2235,"played":[0.0129,0.9871],"evs":[0.0,22.17926]},"QJo":{"weight":0.0608,"played":[0.0087,0.9913],"evs":[0.0,9.69517]},"KJo":{"weight":0.0109,"played":[0.0,1.0],"evs":[0.0,16.08667]},"AJo":{"weight":0.0,"played":[0.0,1.0],"evs":[0.0,22.20134]},"Q2s":{"weight":0.0,"played":[0.3647,0.6353],"evs":[0.0,16.08317]},"Q3s":{"weight":0.0,"played":[0.8935,0.1065],"evs":[0.0,1.20475]},"Q4s":{"weight":0.0,"played":[0.0866,0.9134],"evs":[0.0,5.49764]},"Q5s":{"weight":0.0,"played":[0.9375,0.0625],"evs":[0.0,23.87934]},"Q6s":{"weight":0.0,"played":[0.0909,0.9091],"evs":[0.0,2.06487]},"Q7s":{"weight":0.0,"played":[0.5577,0.4423],"evs":[0.0,-0.38852]},"Q8s":{"weight":0.0,"played":[0.1029,0.8971],"evs":[0.0,17.45152]},"Q9s":{"weight":0.4922,"played":[0.7785,0.2215],"evs":[0.0,-0.45268]},"QTs":{"weight":0.0,"played":[0.8093,0.1907],"evs":[0.0,24.16071]},"QJs":{"weight":0.0,"played":[0.34,0.66],"evs":[0.0,0.45519]},"QQ":{"weight":0.044,"played":[0.0,1.0],"evs":[0.0,24.36237]},"KQo":{"weight":0.0,"played":[0.0,1.0],"evs":[0.0,15.78406]},"AQo":{"weight":0.0,"played":[0.0038,0.9962],"evs":[0.0,28.40398]},"K2s":{"weight":0.0,"played":[0.0,1.0],"evs":[0.0,29.09073]},"K3s":{"weight":0.0,"played":[0.2703,0.7297],"evs":[0.0,4.34776]},"K4s":{"weight":0.0,"played":[1.0E-4,0.9999],"evs":[0.0,8.49165]},"K5s":{"weight":0.0,"played":[0.8863,0.1137],"evs":[0.0,-0.4528]},"K6s":{"weight":0.0,"played":[0.0443,0.9557],"evs":[0.0,23.96425]},"K7s":{"weight":0.0,"played":[1.0,0.0],"evs":[0.0,-0.45235]},"K8s":{"weight":0.0031,"played":[1.0,0.0],"evs":[0.0,44.89931]},"K9s":{"weight":0.4827,"played":[0.0246,0.9754],"evs":[0.0,7.49168]},"KTs":{"weight":0.1406,"played":[0.3638,0.6362],"evs":[0.0,8.16874]},"KJs":{"weight":0.1189,"played":[0.0,1.0],"evs":[0.0,20.27279]},"KQs":{"weight":1.0E-4,"played":[0.5369,0.4631],"evs":[0.0,2.19082]},"KK":{"weight":0.1646,"played":[0.0,1.0],"evs":[0.0,26.14902]},"AKo":{"weight":0.1365,"played":[0.0,1.0],"evs":[0.0,11.49452]},"A2s":{"weight":0.0274,"played":[1.0,0.0],"evs":[0.0,1.06639]},"A3s":{"weight":0.2163,"played":[0.3014,0.6986],"evs":[0.0,0.71806]},"A4s":{"weight":0.0611,"played":[0.2542,0.7458],"evs":[0.0,0.23221]},"A5s":{"weight":0.0,"played":[0.0,1.0],"evs":[0.0,3.25714]},"A6s":{"weight":0.0224,"played":[0.1495,0.8505],"evs":[0.0,39.34851]},"A7s":{"weight":0.183,"played":[0.0723,0.9277],"evs":[0.0,10.04723]},"A8s":{"weight":0.0047,"played":[0.0,1.0],"evs":[0.0,12.81711]},"A9s":{"weight":2.0E-4,"played":[0.0514,0.9486],"evs":[0.0,14.66705]},"ATs":{"weight":0.1423,"played":[0.2125,0.7875],"evs":[0.0,26.70359]},"AJs":{"weight":0.3854,"played":[0.0,1.0],"evs":[0.0,9.89251]},"AQs":{"weight":0.0017,"played":[0.0,1.0],"evs":[0.0,15.76984]},"AKs":{"weight":0.1417,"played":[0.0014,0.9986],"evs":[0.0,17.85876]},"AA":{"weight":0.2224,"played":[0.0,1.0],"evs":[0.0,32.01062]}}}