{"player":3,"street":0,"children":2,"sequence":[{"player":0,"type":"R","amount":200000,"street":0},{"player":1,"type":"F","amount":0,"street":0},{"player":2,"type":"C","amount":200000,"street":0},{"player":3,"type":"R","amount":600000,"street":0},{"player":4,"type":"F","amount":0,"street":0},{"player":5,"type":"R","amount":945000,"street":0},{"player":0,"type":"R","amount":1465000,"street":0},{"player":2,"type":"F","amount":0,"street":0}],"actions":[{"type":"F","amount":0},{"type":"C","amount":865000}],"hands":{"22":{"weight":0.0,"played":[0.103,0.897],"evs":[0.0,5.59349]},"32o":{"weight":0.0,"played":[0.0439,0.9561],"evs":[0.0,2.89483]},"42o":{"weight":0.0,"played":[0.0072,0.9928],"evs":[0.0,2.29385]},"52o":{"weight":0.0,"played":[0.0051,0.9949],"evs":[0.0,1.03376]},"62o":{"weight":0.0,"played":[0.5979,0.4021],"evs":[0.0,-0.02566]},"72o":{"weight":0.0,"played":[0.9246,0.0754],"evs":[0.0,-0.92642]},"82o":{"weight":0.0,"played":[0.9995,5.0E-4],"evs":[0.0,-0.41284]},"92o":{"weight":0.0,"played":[0.6969,0.3031],"evs":[0.0,-2.16641]},"T2o":{"weight":0.0,"played":[0.3976,0.6024],"evs":[0.0,-0.80953]},"J2o":{"weight":0.0,"played":[0.9786,0.0214],"evs":[0.0,-0.28636]},"Q2o":{"weight":0.0,"played":[0.7724,0.2276],"evs":[0.0,-0.78241]},"K2o":{"weight":0.0,"played":[0.5802,0.4198],"evs":[0.0,-0.82787]},"A2o":{"weight":0.0,"played":[0.0083,0.9917],"evs":[0.0,2.07236]},"32s":{"weight":0.0,"played":[0.4911,0.5089],"evs":[0.0,2.10489]},"33":{"weight":0.0,"played":[0.0048,0.9952],"evs":[0.0,3.7847]},"43o":{"weight":0.0,"played":[0.0478,0.9522],"evs":[0.0,0.40416]},"53o":{"weight":0.0,"played":[0.2016,0.7984],"evs":[0.0,0.48541]},"63o":{"weight":0.0,"played":[0.1495,0.8505],"evs":[0.0,-0.14939]},"73o":{"weight":0.0,"played":[0.021,0.979],"evs":[0.0,0.01222]},"83o":{"weight":0.0,"played":[0.2526,0.7474],"evs":[0.0,-0.83989]},"93o":{"weight":0.0,"played":[0.6967,0.3033],"evs":[0.0,-2.43518]},"T3o":{"weight":0.0,"played":[0.0045,0.9955],"evs":[0.0,0.75098]},"J3o":{"weight":0.0,"played":[0.6702,0.3298],"evs":[0.0,-0.40193]},"Q3o":{"weight":0.0,"played":[0.0591,0.9409],"evs":[0.0,-0.29606]},"K3o":{"weight":0.0,"played":[0.0085,0.9915],"evs":[0.0,1.26099]},"A3o":{"weight":0.0,"played":[0.009,0.991],"evs":[0.0,2.28256]},"42s":{"weight":0.0,"played":[0.2125,0.7875],"evs":[0.0,0.96194]},"43s":{"weight":0.0,"played":[0.2447,0.7553],"evs":[0.0,2.5588]},"44":{"weight":1.0E-4,"played":[0.0016,0.9984],"evs":[0.0,6.79982]},"54o":{"weight":0.0,"played":[0.0582,0.9418],"evs":[0.0,1.01075]},"64o":{"weight":0.0,"played":[0.2135,0.7865],"evs":[0.0,1.36521]},"74o":{"weight":0.0,"played":[0.0,1.0],"evs":[0.0,1.4491]},"84o":{"weight":0.0,"played":[1.0E-4,0.9999],"evs":[0.0,1.07499]},"94o":{"weight":0.0,"played":[0.8327,0.1673],"evs":[0.0,-1.07305]},"T4o":{"weight":0.0,"played":[0.0634,0.9366],"evs":[0.0,2.80246]},"J4o":{"weight":0.0,"played":[0.4921,0.5079],"evs":[0.0,0.11392]},"Q4o":{"weight":0.0,"played":[0.2544,0.7456],"evs":[0.0,0.13096]},"K4o":{"weight":0.0,"played":[0.1772,0.8228],"evs":[0.0,-0.55893]},"A4o":{"weight":1.0E-4,"played":[2.0E-4,0.9998],"evs":[0.0,0.45473]},"52s":{"weight":0.0,"played":[0.0396,0.9604],"evs":[0.0,3.26184]},"53s":{"weight":0.0,"played":[5.0E-4,0.9995],"evs":[0.0,3.17372]},"54s":{"weight":0.0,"played":[0.0017,0.9983],"evs":[0.0,2.75421]},"55":{"weight":0.0,"played":[4.0E-4,0.9996],"evs":[0.0,4.60293]},"65o":{"weight":0.0,"played":[0.1346,0.8654],"evs":[0.0,2.8439]},"75o":{"weight":0.0,"played":[0.3718,0.6282],"evs":[0.0,-0.75588]},"85o":{"weight":0.0,"played":[0.0228,0.9772],"evs":[0.0,0.64692]},"95o":{"weight":0.0,"played":[0.8606,0.1394],"evs":[0.0,-1.96195]},"T5o":{"weight":0.0,"played":[0.9179,0.0821],"evs":[0.0,-1.56189]},"J5o":{"weight":0.0,"played":[0.0013,0.9987],"evs":[0.0,0.73087]},"Q5o":{"weight":0.0,"played":[0.9178,0.0822],"evs":[0.0,-2.95013]},"K5o":{"weight":0.0,"played":[0.0555,0.9445],"evs":[0.0,1.5032]},"A5o":{"weight":0.0,"played":[0.0,1.0],"evs":[0.0,4.14813]},"62s":{"weight":0.0,"played":[0.0015,0.9985],"evs":[0.0,0.45997]},"63s":{"weight":0.0,"played":[0.1227,0.8773],"evs":[0.0,3.67575]},"64s":{"weight":0.0,"played":[0.0737,0.9263],"evs":[0.0,4.13886]},"65s":{"weight":1.0E-4,"played":[0.007,0.993],"evs":[0.0,2.74252]},"66":{"weight":0.0173,"played":[0.0031,0.9969],"evs":[0.0,3.45622]},"76o":{"weight":0.0,"played":[0.0093,0.9907],"evs":[0.0,1.43621]},"86o":{"weight":0.0,"played":[9.0E-4,0.9991],"evs":[0.0,0.4158]},"96o":{"weight":0.0,"played":[0.0357,0.9643],"evs":[0.0,0.59059]},"T6o":{"weight":0.0,"played":[0.4638,0.5362],"evs":[0.0,1.69189]},"J6o":{"weight":0.0,"played":[0.4719,0.5281],"evs":[0.0,0.84406]},"Q6o":{"weight":0.0,"played":[0.2545,0.7455],"evs":[0.0,-0.29814]},"K6o":{"weight":0.0,"played":[0.0107,0.9893],"evs":[0.0,0.81872]},"A6o":{"weight":0.0,"played":[0.0304,0.9696],"evs":[0.0,2.34304]},"72s":{"weight":0.0,"played":[0.4271,0.5729],"evs":[0.0,0.247]},"73s":{"weight":0.0,"played":[0.1399,0.8601],"evs":[0.0,4.16933]},"74s":{"weight":0.0,"played":[0.1015,0.8985],"evs":[0.0,3.40567]},"75s":{"weight":0.0,"played":[0.0052,0.9948],"evs":[0.0,5.56812]},"76s":{"weight":0.0,"played":[0.0147,0.9853],"evs":[0.0,4.16047]},"77":{"weight":0.1693,"played":[0.0189,0.9811],"evs":[0.0,3.35826]},"87o":{"weight":0.0,"played":[0.0043,0.9957],"evs":[0.0,1.65302]},"97o":{"weight":0.0,"played":[0.1761,0.8239],"evs":[0.0,-0.06022]},"T7o":{"weight":0.0,"played":[0.0526,0.9474],"evs":[0.0,0.07963]},"J7o":{"weight":0.0,"played":[0.3856,0.6144],"evs":[0.0,0.73681]},"Q7o":{"weight":0.0,"played":[0.8061,0.1939],"evs":[0.0,-2.5205]},"K7o":{"weight":0.0,"played":[0.0707,0.9293],"evs":[0.0,1.73014]},"A7o":{"weight":0.0,"played":[0.0261,0.9739],"evs":[0.0,3.28932]},"82s":{"weight":0.0,"played":[0.0484,0.9516],"evs":[0.0,1.16005]},"83s":{"weight":0.0,"played":[0.9432,0.0568],"evs":[0.0,-1.57473]},"84s":{"weight":0.0,"played":[0.8611,0.1389],"evs":[0.0,-1.52216]},"85s":{"weight":0.0,"played":[0.0012,0.9988],"evs":[0.0,4.8896]},"86s":{"weight":0.0,"played":[0.0133,0.9867],"evs":[0.0,2.67224]},"87s":{"weight":0.0,"played":[0.0051,0.9949],"evs":[0.0,3.99883]},"88":{"weight":0.065,"played":[0.0015,0.9985],"evs":[0.0,2.90256]},"98o":{"weight":0.0,"played":[0.0021,0.9979],"evs":[0.0,1.86637]},"T8o":{"weight":0.0,"played":[0.1226,0.8774],"evs":[0.0,2.44073]},"J8o":{"weight":0.0,"played":[0.0173,0.9827],"evs":[0.0,0.4224]},"Q8o":{"weight":0.0,"played":[0.0292,0.9708],"evs":[0.0,0.84392]},"K8o":{"weight":0.0,"played":[0.0171,0.9829],"evs":[0.0,1.12983]},"A8o":{"weight":0.2762,"played":[0.0035,0.9965],"evs":[0.0,2.59056]},"92s":{"weight":0.0,"played":[0.0807,0.9193],"evs":[0.0,0.19685]},"93s":{"weight":0.0,"played":[0.1849,0.8151],"evs":[0.0,-0.67244]},"94s":{"weight":0.0,"played":[0.2749,0.7251],"evs":[0.0,1.48613]},"95s":{"weight":0.0,"played":[0.2205,0.7795],"evs":[0.0,2.69177]},"96s":{"weight":0.0,"played":[0.4209,0.5791],"evs":[0.0,0.07944]},"97s":{"weight":0.0,"played":[0.5649,0.4351],"evs":[0.0,-2.43901]},"98s":{"weight":0.0,"played":[0.0081,0.9919],"evs":[0.0,7.05778]},"99":{"weight":0.5037,"played":[0.0,1.0],"evs":[0.0,4.36403]},"T9o":{"weight":0.0,"played":[0.046,0.954],"evs":[0.0,1.29853]},"J9o":{"weight":0.0,"played":[6.0E-4,0.9994],"evs":[0.0,1.83205]},"Q9o":{"weight":0.0,"played":[0.0318,0.9682],"evs":[0.0,-0.19906]},"K9o":{"weight":0.0,"played":[0.0126,0.9874],"evs":[0.0,1.0036]},"A9o":{"weight":0.0371,"played":[0.7392,0.2608],"evs":[0.0,-0.57752]},"T2s":{"weight":0.0,"played":[0.7634,0.2366],"evs":[0.0,-1.62205]},"T3s":{"weight":0.0,"played":[0.1776,0.8224],"evs":[0.0,1.58782]},"T4s":{"weight":0.0,"played":[0.0147,0.9853],"evs":[0.0,5.28015]},"T5s":{"weight":0.0,"played":[0.5539,0.4461],"evs":[0.0,-0.60255]},"T6s":{"weight":0.0,"played":[0.0761,0.9239],"evs":[0.0,1.13238]},"T7s":{"weight":0.0,"played":[0.0335,0.9665],"evs":[0.0,0.77445]},"T8s":{"weight":0.0,"played":[1.0E-4,0.9999],"evs":[0.0,3.2906]},"T9s":{"weight":0.0,"played":[0.0243,0.9757],"evs":[0.0,3.75061]},"TT":{"weight":0.1138,"played":[0.0012,0.9988],"evs":[0.0,5.9044]},"JTo":{"weight":0.0,"played":[0.0014,0.9986],"evs":[0.0,1.14274]},"QTo":{"weight":0.0,"played":[0.0035,0.9965],"evs":[0.0,1.04656]},"KTo":{"weight":0.0,"played":[0.0011,0.9989],"evs":[0.0,2.28079]},"ATo":{"weight":0.3584,"played":[5.0E-4,0.9995],"evs":[0.0,4.06518]},"J2s":{"weight":0.0,"played":[0.6956,0.3044],"evs":[0.0,-3.56485]},"J3s":{"weight":0.0,"played":[0.5575,0.4425],"evs":[0.0,-1.55701]},"J4s":{"weight":0.0,"played":[0.951,0.049],"evs":[0.0,-2.85009]},"J5s":{"weight":0.0,"played":[0.4009,0.5991],"evs":[0.0,-1.26968]},"J6s":{"weight":0.0,"played":[0.0889,0.9111],"evs":[0.0,3.85931]},"J7s":{"weight":0.0,"played":[0.0121,0.9879],"evs":[0.0,2.93503]},"J8s":{"weight":0.0,"played":[0.8678,0.1322],"evs":[0.0,-0.21339]},"J9s":{"weight":1.0E-4,"played":[0.3902,0.6098],"evs":[0.0,0.2839]},"JTs":{"weight":0.0,"played":[0.2635,0.7365],"evs":[0.0,1.674]},"JJ":{"weight":0.3628,"played":[0.0,1.0],"evs":[0.0,8.99567]},"QJo":{"weight":3.0E-4,"played":[2.0E-4,0.9998],"evs":[0.0,4.06803]},"KJo":{"weight":0.0421,"played":[0.0047,0.9953],"evs":[0.0,2.80805]},"AJo":{"weight":0.0672,"played":[0.0,1.0],"evs":[0.0,3.69519]},"Q2s":{"weight":0.0,"played":[0.0395,0.9605],"evs":[0.0,4.7861]},"Q3s":{"weight":0.0,"played":[0.0015,0.9985],"evs":[0.0,2.99546]},"Q4s":{"weight":0.0,"played":[0.1964,0.8036],"evs":[0.0,1.30566]},"Q5s":{"weight":0.0,"played":[0.5194,0.4806],"evs":[0.0,2.35019]},"Q6s":{"weight":0.0,"played":[0.383,0.617],"evs":[0.0,-0.47673]},"Q7s":{"weight":0.0,"played":[0.4108,0.5892],"evs":[0.0,-1.46158]},"Q8s":{"weight":0.0,"played":[3.0E-4,0.9997],"evs":[0.0,4.62152]},"Q9s":{"weight":0.0,"played":[0.0027,0.9973],"evs":[0.0,4.94586]},"QTs":{"weight":0.035,"played":[0.0134,0.9866],"evs":[0.0,-0.18768]},"QJs":{"weight":1.0E-4,"played":[2.0E-4,0.9998],"evs":[0.0,7.55376]},"QQ":{"weight":0.9956,"played":[0.0,1.0],"evs":[0.0,16.32367]},"KQo":{"weight":0.233,"played":[0.0,1.0],"evs":[0.0,3.56398]},"AQo":{"weight":0.7091,"played":[2.0E-4,0.9998],"evs":[0.0,4.63722]},"K2s":{"weight":0.0,"played":[0.0171,0.9829],"evs":[0.0,5.28827]},"K3s":{"weight":0.0,"played":[0.1399,0.8601],"evs":[0.0,-0.36947]},"K4s":{"weight":0.0,"played":[0.0058,0.9942],"evs":[0.0,3.27534]},"K5s":{"weight":0.0,"played":[0.1683,0.8317],"evs":[0.0,2.92101]},"K6s":{"weight":0.0,"played":[0.027,0.973],"evs":[0.0,1.11774]},"K7s":{"weight":0.0,"played":[0.0067,0.9933],"evs":[0.0,2.6038]},"K8s":{"weight":0.0,"played":[0.0837,0.9163],"evs":[0.0,3.88586]},"K9s":{"weight":0.0,"played":[0.0027,0.9973],"evs":[0.0,2.69794]},"KTs":{"weight":0.4968,"played":[3.0E-4,0.9997],"evs":[0.0,0.53582]},"KJs":{"weight":0.1915,"played":[0.2367,0.7633],"evs":[0.0,0.98012]},"KQs":{"weight":0.6573,"played":[0.0055,0.9945],"evs":[0.0,5.59792]},"KK":{"weight":0.4837,"played":[0.0,1.0],"evs":[0.0,20.98623]},"AKo":{"weight":0.3439,"played":[0.0,1.0],"evs":[0.0,8.55136]},"A2s":{"weight":0.0509,"played":[0.0042,0.9958],"evs":[0.0,4.82155]},"A3s":{"weight":0.109,"played":[0.0,1.0],"evs":[0.0,3.38038]},"A4s":{"weight":8.0E-4,"played":[0.0705,0.9295],"evs":[0.0,0.98928]},"A5s":{"weight":0.0159,"played":[0.002,0.998],"evs":[0.0,5.58479]},"A6s":{"weight":0.6385,"played":[0.059,0.941],"evs":[0.0,1.11115]},"A7s":{"weight":0.4111,"played":[0.3178,0.6822],"evs":[0.0,0.67313]},"A8s":{"weight":0.7201,"played":[0.0,1.0],"evs":[0.0,4.68265]},"A9s":{"weight":0.1541,"played":[0.0171,0.9829],"evs":[0.0,2.54495]},"ATs":{"weight":0.418,"played":[0.0056,0.9944],"evs":[0.0,4.83467]},"AJs":{"weight":0.5233,"played":[0.0757,0.9243],"evs":[0.0,3.67747]},"AQs":{"weight":0.218,"played":[0.0025,0.9975],"evs":[0.0,4.11253]},"AKs":{"weight":0.9522,"played":[0.0,1.0],"evs":[0.0,15.42497]},"AA":{"weight":0.9868,"played":[1.0E-4,0.9999],"evs":[0.0,26.84276]}}}