{"player":2,"street":0,"children":2,"sequence":[{"player":0,"type":"R","amount":200000,"street":0},{"player":1,"type":"F","amount":0,"street":0},{"player":2,"type":"C","amount":200000,"street":0},{"player":3,"type":"R","amount":600000,"street":0},{"player":4,"type":"R","amount":1565000,"street":0},{"player":5,"type":"F","amount":0,"street":0},{"player":0,"type":"F","amount":0,"street":0}],"actions":[{"type":"F","amount":0,"node":250},{"type":"C","amount":785000,"node":251}],"hands":{"22":{"weight":0.0,"played":[0.4835,0.5165],"evs":[0.0,-0.23619]},"32o":{"weight":0.0,"played":[0.9999,1.0E-4],"evs":[0.0,-2.94438]},"42o":{"weight":0.0,"played":[0.9997,3.0E-4],"evs":[0.0,-1.79921]},"52o":{"weight":0.0,"played":[0.9981,0.0019],"evs":[0.0,-1.84828]},"62o":{"weight":0.0,"played":[1.0,0.0],"evs":[0.0,-2.0059]},"72o":{"weight":0.0,"played":[0.9992,8.0E-4],"evs":[0.0,-2.90977]},"82o":{"weight":0.0,"played":[0.9994,6.0E-4],"evs":[0.0,-3.07018]},"92o":{"weight":0.0,"played":[0.9998,2.0E-4],"evs":[0.0,-3.02296]},"T2o":{"weight":0.0,"played":[0.9999,1.0E-4],"evs":[0.0,-3.43182]},"J2o":{"weight":0.0,"played":[0.9989,0.0011],"evs":[0.0,-3.0486]},"Q2o":{"weight":0.0,"played":[0.9994,6.0E-4],"evs":[0.0,-3.18276]},"K2o":{"weight":0.0,"played":[0.9927,0.0073],"evs":[0.0,-2.57729]},"A2o":{"weight":0.0,"played":[0.9999,1.0E-4],"evs":[0.0,-2.66684]},"32s":{"weight":0.0,"played":[0.8707,0.1293],"evs":[0.0,-0.54408]},"33":{"weight":0.0,"played":[0.028,0.972],"evs":[0.0,0.32539]},"43o":{"weight":0.0,"played":[1.0,0.0],"evs":[0.0,-1.53553]},"53o":{"weight":0.0,"played":[0.9983,0.0017],"evs":[0.0,-1.70858]},"63o":{"weight":0.0,"played":[1.0,0.0],"evs":[0.0,-1.77385]},"73o":{"weight":0.0,"played":[0.999,0.001],"evs":[0.0,-1.62406]},"83o":{"weight":0.0,"played":[0.9998,2.0E-4],"evs":[0.0,-3.11209]},"93o":{"weight":0.0,"played":[0.9994,6.0E-4],"evs":[0.0,-2.65641]},"T3o":{"weight":0.0,"played":[0.9998,2.0E-4],"evs":[0.0,-2.46283]},"J3o":{"weight":0.0,"played":[1.0,0.0],"evs":[0.0,-2.41748]},"Q3o":{"weight":0.0,"played":[0.9974,0.0026],"evs":[0.0,-2.86535]},"K3o":{"weight":0.0,"played":[0.9945,0.0055],"evs":[0.0,-1.56123]},"A3o":{"weight":0.0,"played":[0.9983,0.0017],"evs":[0.0,-2.24562]},"42s":{"weight":0.0,"played":[0.9626,0.0374],"evs":[0.0,-0.81043]},"43s":{"weight":0.0,"played":[0.7259,0.2741],"evs":[0.0,-0.45024]},"44":{"weight":0.0,"played":[0.2725,0.7275],"evs":[0.0,0.00422]},"54o":{"weight":0.0,"played":[0.9939,0.0061],"evs":[0.0,-0.69405]},"64o":{"weight":0.0,"played":[1.0,0.0],"evs":[0.0,-1.15321]},"74o":{"weight":0.0,"played":[1.0,0.0],"evs":[0.0,-1.73083]},"84o":{"weight":0.0,"played":[0.9999,1.0E-4],"evs":[0.0,-2.70792]},"94o":{"weight":0.0,"played":[0.9968,0.0032],"evs":[0.0,-3.57316]},"T4o":{"weight":0.0,"played":[1.0,0.0],"evs":[0.0,-2.59148]},"J4o":{"weight":0.0,"played":[0.9996,4.0E-4],"evs":[0.0,-2.23463]},"Q4o":{"weight":0.0,"played":[0.9965,0.0035],"evs":[0.0,-2.58644]},"K4o":{"weight":0.0,"played":[0.9971,0.0029],"evs":[0.0,-1.54199]},"A4o":{"weight":0.0,"played":[0.992,0.008],"evs":[0.0,-2.5303]},"52s":{"weight":0.0,"played":[0.9501,0.0499],"evs":[0.0,-0.98648]},"53s":{"weight":0.0,"played":[0.8029,0.1971],"evs":[0.0,0.17987]},"54s":{"weight":0.0,"played":[0.6266,0.3734],"evs":[0.0,-0.41796]},"55":{"weight":3.0E-4,"played":[0.236,0.764],"evs":[0.0,-0.01204]},"65o":{"weight":0.0,"played":[0.8901,0.1099],"evs":[0.0,0.07382]},"75o":{"weight":0.0,"played":[0.9956,0.0044],"evs":[0.0,-1.02625]},"85o":{"weight":0.0,"played":[0.9718,0.0282],"evs":[0.0,-1.39443]},"95o":{"weight":0.0,"played":[0.9975,0.0025],"evs":[0.0,-2.44931]},"T5o":{"weight":0.0,"played":[0.9996,4.0E-4],"evs":[0.0,-2.31]},"J5o":{"weight":0.0,"played":[0.9985,0.0015],"evs":[0.0,-1.68255]},"Q5o":{"weight":0.0,"played":[0.9339,0.0661],"evs":[0.0,-1.60923]},"K5o":{"weight":0.0,"played":[0.9981,0.0019],"evs":[0.0,-2.49797]},"A5o":{"weight":0.0,"played":[0.9981,0.0019],"evs":[0.0,-1.82897]},"62s":{"weight":0.0,"played":[0.9975,0.0025],"evs":[0.0,-1.58679]},"63s":{"weight":0.0,"played":[0.8124,0.1876],"evs":[0.0,-0.33269]},"64s":{"weight":0.0,"played":[0.8121,0.1879],"evs":[0.0,-0.27489]},"65s":{"weight":0.0,"played":[0.1269,0.8731],"evs":[0.0,0.65]},"66":{"weight":0.895,"played":[0.0,1.0],"evs":[0.0,1.33673]},"76o":{"weight":0.0,"played":[0.5933,0.4067],"evs":[0.0,-0.76599]},"86o":{"weight":0.0,"played":[0.9918,0.0082],"evs":[0.0,-1.17825]},"96o":{"weight":0.0,"played":[0.9956,0.0044],"evs":[0.0,-1.92586]},"T6o":{"weight":0.0,"played":[0.9997,3.0E-4],"evs":[0.0,-1.78952]},"J6o":{"weight":0.0,"played":[0.9988,0.0012],"evs":[0.0,-2.2484]},"Q6o":{"weight":0.0,"played":[0.9982,0.0018],"evs":[0.0,-2.44264]},"K6o":{"weight":0.0,"played":[0.9999,1.0E-4],"evs":[0.0,-2.22075]},"A6o":{"weight":0.0,"played":[0.9994,6.0E-4],"evs":[0.0,-2.84873]},"72s":{"weight":0.0,"played":[0.9891,0.0109],"evs":[0.0,-2.1906]},"73s":{"weight":0.0,"played":[0.815,0.185],"evs":[0.0,-0.06734]},"74s":{"weight":0.0,"played":[0.6093,0.3907],"evs":[0.0,-0.25532]},"75s":{"weight":0.0,"played":[0.0255,0.9745],"evs":[0.0,0.92673]},"76s":{"weight":0.0,"played":[0.1842,0.8158],"evs":[0.0,0.44021]},"77":{"weight":0.0071,"played":[0.0045,0.9955],"evs":[0.0,0.86992]},"87o":{"weight":0.0,"played":[0.9976,0.0024],"evs":[0.0,-1.26918]},"97o":{"weight":0.0,"played":[0.986,0.014],"evs":[0.0,-1.15463]},"T7o":{"weight":0.0,"played":[0.9993,7.0E-4],"evs":[0.0,-1.69059]},"J7o":{"weight":0.0,"played":[0.9848,0.0152],"evs":[0.0,-2.19549]},"Q7o":{"weight":0.0,"played":[0.9991,9.0E-4],"evs":[0.0,-3.2515]},"K7o":{"weight":0.0,"played":[0.9972,0.0028],"evs":[0.0,-2.33919]},"A7o":{"weight":0.0,"played":[0.9956,0.0044],"evs":[0.0,-3.14501]},"82s":{"weight":0.0,"played":[0.9992,8.0E-4],"evs":[0.0,-1.9567]},"83s":{"weight":0.0,"played":[0.9937,0.0063],"evs":[0.0,-1.7633]},"84s":{"weight":0.0,"played":[0.9839,0.0161],"evs":[0.0,-0.03902]},"85s":{"weight":0.0,"played":[0.5291,0.4709],"evs":[0.0,-0.13773]},"86s":{"weight":0.0,"played":[0.5774,0.4226],"evs":[0.0,0.32957]},"87s":{"weight":0.0,"played":[0.1365,0.8635],"evs":[0.0,0.30272]},"88":{"weight":0.3397,"played":[0.0,1.0],"evs":[0.0,0.6753]},"98o":{"weight":0.0,"played":[0.976,0.024],"evs":[0.0,-0.99034]},"T8o":{"weight":0.0,"played":[0.9921,0.0079],"evs":[0.0,-1.78502]},"J8o":{"weight":0.0,"played":[0.9896,0.0104],"evs":[0.0,-2.36433]},"Q8o":{"weight":0.0,"played":[0.9901,0.0099],"evs":[0.0,-1.98956]},"K8o":{"weight":0.0,"played":[1.0,0.0],"evs":[0.0,-1.8488]},"A8o":{"weight":0.0,"played":[0.9901,0.0099],"evs":[0.0,-3.26452]},"92s":{"weight":0.0,"played":[0.9898,0.0102],"evs":[0.0,-1.37481]},"93s":{"weight":0.0,"played":[0.9299,0.0701],"evs":[0.0,-1.38177]},"94s":{"weight":0.0,"played":[0.9494,0.0506],"evs":[0.0,-0.8227]},"95s":{"weight":0.0,"played":[0.9296,0.0704],"evs":[0.0,-0.99105]},"96s":{"weight":0.0,"played":[0.945,0.055],"evs":[0.0,-0.81892]},"97s":{"weight":0.0,"played":[0.3664,0.6336],"evs":[0.0,-0.06585]},"98s":{"weight":0.0,"played":[0.9914,0.0086],"evs":[0.0,-0.97339]},"99":{"weight":3.0E-4,"played":[0.0,1.0],"evs":[0.0,2.12653]},"T9o":{"weight":0.0,"played":[0.992,0.008],"evs":[0.0,-1.32099]},"J9o":{"weight":0.0,"played":[0.9917,0.0083],"evs":[0.0,-1.23754]},"Q9o":{"weight":0.0,"played":[0.9996,4.0E-4],"evs":[0.0,-1.95311]},"K9o":{"weight":0.0,"played":[0.9924,0.0076],"evs":[0.0,-2.74079]},"A9o":{"weight":2.0E-4,"played":[0.9948,0.0052],"evs":[0.0,-2.76727]},"T2s":{"weight":0.0,"played":[0.9895,0.0105],"evs":[0.0,-2.1208]},"T3s":{"weight":0.0,"played":[0.9816,0.0184],"evs":[0.0,-1.24321]},"T4s":{"weight":0.0,"played":[0.9484,0.0516],"evs":[0.0,-1.76123]},"T5s":{"weight":0.0,"played":[0.8198,0.1802],"evs":[0.0,-0.81197]},"T6s":{"weight":0.0,"played":[0.9845,0.0155],"evs":[0.0,-0.67292]},"T7s":{"weight":0.0,"played":[0.8015,0.1985],"evs":[0.0,-0.26084]},"T8s":{"weight":0.0,"played":[0.9166,0.0834],"evs":[0.0,-1.19744]},"T9s":{"weight":0.0,"played":[0.0167,0.9833],"evs":[0.0,0.26629]},"TT":{"weight":0.0,"played":[5.0E-4,0.9995],"evs":[0.0,2.39762]},"JTo":{"weight":0.0,"played":[0.9988,0.0012],"evs":[0.0,-1.55439]},"QTo":{"weight":0.0,"played":[0.9993,7.0E-4],"evs":[0.0,-1.74113]},"KTo":{"weight":0.0,"played":[0.9984,0.0016],"evs":[0.0,-0.5816]},"ATo":{"weight":0.0,"played":[0.9759,0.0241],"evs":[0.0,-1.31082]},"J2s":{"weight":0.0,"played":[0.9827,0.0173],"evs":[0.0,-1.40435]},"J3s":{"weight":0.0,"played":[0.9159,0.0841],"evs":[0.0,-1.62105]},"J4s":{"weight":0.0,"played":[0.9968,0.0032],"evs":[0.0,-0.77991]},"J5s":{"weight":0.0,"played":[0.9126,0.0874],"evs":[0.0,-1.07352]},"J6s":{"weight":0.0,"played":[0.901,0.099],"evs":[0.0,-1.25936]},"J7s":{"weight":0.0,"played":[0.6852,0.3148],"evs":[0.0,0.08743]},"J8s":{"weight":0.0,"played":[0.6851,0.3149],"evs":[0.0,-0.44781]},"J9s":{"weight":0.0,"played":[0.7212,0.2788],"evs":[0.0,-0.08533]},"JTs":{"weight":0.0,"played":[0.035,0.965],"evs":[0.0,-0.15847]},"JJ":{"weight":0.0,"played":[0.0,1.0],"evs":[0.0,5.20629]},"QJo":{"weight":0.0,"played":[0.9323,0.0677],"evs":[0.0,-1.05234]},"KJo":{"weight":0.0,"played":[0.833,0.167],"evs":[0.0,-0.88943]},"AJo":{"weight":0.0,"played":[0.8267,0.1733],"evs":[0.0,-0.5035]},"Q2s":{"weight":0.0,"played":[0.9828,0.0172],"evs":[0.0,-0.72889]},"Q3s":{"weight":0.0,"played":[0.9449,0.0551],"evs":[0.0,-1.37511]},"Q4s":{"weight":0.0,"played":[0.9678,0.0322],"evs":[0.0,-1.00108]},"Q5s":{"weight":0.0,"played":[0.7234,0.2766],"evs":[0.0,-0.48356]},"Q6s":{"weight":0.0,"played":[0.9873,0.0127],"evs":[0.0,-1.03423]},"Q7s":{"weight":0.0,"played":[0.948,0.052],"evs":[0.0,-1.57065]},"Q8s":{"weight":0.0,"played":[0.6249,0.3751],"evs":[0.0,-1.02887]},"Q9s":{"weight":0.0,"played":[0.615,0.385],"evs":[0.0,-0.93473]},"QTs":{"weight":0.0,"played":[0.0813,0.9187],"evs":[0.0,0.33073]},"QJs":{"weight":1.0,"played":[0.2539,0.7461],"evs":[0.0,0.44767]},"QQ":{"weight":0.0,"played":[0.0,1.0],"evs":[0.0,9.19497]},"KQo":{"weight":0.2777,"played":[0.866,0.134],"evs":[0.0,-0.93024]},"AQo":{"weight":0.0,"played":[0.155,0.845],"evs":[0.0,0.33103]},"K2s":{"weight":0.0,"played":[0.994,0.006],"evs":[0.0,-1.01865]},"K3s":{"weight":0.0,"played":[0.9553,0.0447],"evs":[0.0,-1.27848]},"K4s":{"weight":0.0,"played":[0.7336,0.2664],"evs":[0.0,-1.06873]},"K5s":{"weight":0.0,"played":[0.0751,0.9249],"evs":[0.0,0.63787]},"K6s":{"weight":0.0,"played":[0.6206,0.3794],"evs":[0.0,0.75963]},"K7s":{"weight":0.0,"played":[0.7995,0.2005],"evs":[0.0,-1.09744]},"K8s":{"weight":0.0,"played":[0.8726,0.1274],"evs":[0.0,-1.35237]},"K9s":{"weight":0.0,"played":[0.9912,0.0088],"evs":[0.0,-0.36976]},"KTs":{"weight":0.7009,"played":[0.4118,0.5882],"evs":[0.0,-0.02619]},"KJs":{"weight":0.0139,"played":[0.0027,0.9973],"evs":[0.0,1.74782]},"KQs":{"weight":0.0,"played":[0.0113,0.9887],"evs":[0.0,0.59332]},"KK":{"weight":0.0,"played":[0.0,1.0],"evs":[0.0,11.16952]},"AKo":{"weight":0.0,"played":[1.0E-4,0.9999],"evs":[0.0,3.05622]},"A2s":{"weight":0.0,"played":[0.9948,0.0052],"evs":[0.0,-0.92298]},"A3s":{"weight":0.0,"played":[0.7038,0.2962],"evs":[0.0,-0.95253]},"A4s":{"weight":8.0E-4,"played":[0.9462,0.0538],"evs":[0.0,-0.76648]},"A5s":{"weight":0.5214,"played":[0.8401,0.1599],"evs":[0.0,-0.92863]},"A6s":{"weight":0.0,"played":[0.9881,0.0119],"evs":[0.0,-1.24317]},"A7s":{"weight":0.0248,"played":[0.673,0.327],"evs":[0.0,-0.53252]},"A8s":{"weight":0.2093,"played":[0.903,0.097],"evs":[0.0,-0.84345]},"A9s":{"weight":0.0,"played":[0.9485,0.0515],"evs":[0.0,-2.28368]},"ATs":{"weight":0.0,"played":[0.0049,0.9951],"evs":[0.0,0.55916]},"AJs":{"weight":0.0,"played":[3.0E-4,0.9997],"evs":[0.0,0.60157]},"AQs":{"weight":0.0,"played":[0.0,1.0],"evs":[0.0,2.37839]},"AKs":{"weight":0.0,"played":[2.0E-4,0.9998],"evs":[0.0,3.89395]},"AA":{"weight":0.1302,"played":[0.0,1.0],"evs":[0.0,18.84616]}}}