{"player":5,"street":0,"children":2,"sequence":[{"player":0,"type":"F","amount":0,"street":0},{"player":1,"type":"F","amount":0,"street":0},{"player":2,"type":"R","amount":985000,"street":0},{"player":3,"type":"F","amount":0,"street":0},{"player":4,"type":"F","amount":0,"street":0}],"actions":[{"type":"F","amount":0},{"type":"C","amount":845000}],"hands":{"22":{"weight":1.0,"played":[0.0,1.0],"evs":[0.0,0.38188]},"32o":{"weight":1.0,"played":[1.0,0.0],"evs":[0.0,-3.28956]},"42o":{"weight":1.0,"played":[1.0,0.0],"evs":[0.0,-3.12591]},"52o":{"weight":1.0,"played":[1.0,0.0],"evs":[0.0,-2.97784]},"62o":{"weight":1.0,"played":[1.0,0.0],"evs":[0.0,-3.22913]},"72o":{"weight":1.0,"played":[1.0,0.0],"evs":[0.0,-3.38813]},"82o":{"weight":1.0,"played":[1.0,0.0],"evs":[0.0,-3.23417]},"92o":{"weight":1.0,"played":[1.0,0.0],"evs":[0.0,-3.13721]},"T2o":{"weight":1.0,"played":[1.0,0.0],"evs":[0.0,-3.04317]},"J2o":{"weight":1.0,"played":[1.0,0.0],"evs":[0.0,-2.78127]},"Q2o":{"weight":1.0,"played":[1.0,0.0],"evs":[0.0,-2.43516]},"K2o":{"weight":1.0,"played":[1.0,0.0],"evs":[0.0,-1.84581]},"A2o":{"weight":1.0,"played":[0.4829,0.5171],"evs":[0.0,0.00747]},"32s":{"weight":1.0,"played":[1.0,0.0],"evs":[0.0,-2.43319]},"33":{"weight":1.0,"played":[0.0,1.0],"evs":[0.0,0.84098]},"43o":{"weight":1.0,"played":[1.0,0.0],"evs":[0.0,-2.74856]},"53o":{"weight":1.0,"played":[1.0,0.0],"evs":[0.0,-2.59286]},"63o":{"weight":1.0,"played":[1.0,0.0],"evs":[0.0,-2.84366]},"73o":{"weight":1.0,"played":[1.0,0.0],"evs":[0.0,-3.00215]},"83o":{"weight":1.0,"played":[1.0,0.0],"evs":[0.0,-3.14851]},"93o":{"weight":1.0,"played":[1.0,0.0],"evs":[0.0,-2.98858]},"T3o":{"weight":1.0,"played":[1.0,0.0],"evs":[0.0,-2.88091]},"J3o":{"weight":1.0,"played":[1.0,0.0],"evs":[0.0,-2.63328]},"Q3o":{"weight":1.0,"played":[1.0,0.0],"evs":[0.0,-2.28567]},"K3o":{"weight":1.0,"played":[1.0,0.0],"evs":[0.0,-1.70719]},"A3o":{"weight":1.0,"played":[1.0E-4,0.9999],"evs":[0.0,0.15751]},"42s":{"weight":1.0,"played":[1.0,0.0],"evs":[0.0,-2.27123]},"43s":{"weight":1.0,"played":[1.0,0.0],"evs":[0.0,-1.91676]},"44":{"weight":1.0,"played":[0.0,1.0],"evs":[0.0,1.30466]},"54o":{"weight":1.0,"played":[1.0,0.0],"evs":[0.0,-2.20368]},"64o":{"weight":1.0,"played":[1.0,0.0],"evs":[0.0,-2.45793]},"74o":{"weight":1.0,"played":[1.0,0.0],"evs":[0.0,-2.6069]},"84o":{"weight":1.0,"played":[1.0,0.0],"evs":[0.0,-2.76461]},"94o":{"weight":1.0,"played":[1.0,0.0],"evs":[0.0,-2.91354]},"T4o":{"weight":1.0,"played":[1.0,0.0],"evs":[0.0,-2.7267]},"J4o":{"weight":1.0,"played":[1.0,0.0],"evs":[0.0,-2.47709]},"Q4o":{"weight":1.0,"played":[1.0,0.0],"evs":[0.0,-2.14701]},"K4o":{"weight":1.0,"played":[1.0,0.0],"evs":[0.0,-1.5583]},"A4o":{"weight":1.0,"played":[0.0,1.0],"evs":[0.0,0.31233]},"52s":{"weight":1.0,"played":[1.0,0.0],"evs":[0.0,-2.12661]},"53s":{"weight":1.0,"played":[1.0,0.0],"evs":[0.0,-1.79005]},"54s":{"weight":1.0,"played":[1.0,0.0],"evs":[0.0,-1.42831]},"55":{"weight":1.0,"played":[0.0,1.0],"evs":[0.0,1.77491]},"65o":{"weight":1.0,"played":[1.0,0.0],"evs":[0.0,-2.0939]},"75o":{"weight":1.0,"played":[1.0,0.0],"evs":[0.0,-2.23363]},"85o":{"weight":1.0,"played":[1.0,0.0],"evs":[0.0,-2.37978]},"95o":{"weight":1.0,"played":[1.0,0.0],"evs":[0.0,-2.52905]},"T5o":{"weight":1.0,"played":[1.0,0.0],"evs":[0.0,-2.64737]},"J5o":{"weight":1.0,"played":[1.0,0.0],"evs":[0.0,-2.33371]},"Q5o":{"weight":1.0,"played":[1.0,0.0],"evs":[0.0,-1.99498]},"K5o":{"weight":1.0,"played":[1.0,0.0],"evs":[0.0,-1.4148]},"A5o":{"weight":1.0,"played":[0.0,1.0],"evs":[0.0,0.53212]},"62s":{"weight":1.0,"played":[1.0,0.0],"evs":[0.0,-2.35654]},"63s":{"weight":1.0,"played":[1.0,0.0],"evs":[0.0,-1.99227]},"64s":{"weight":1.0,"played":[1.0,0.0],"evs":[0.0,-1.63508]},"65s":{"weight":1.0,"played":[1.0,0.0],"evs":[0.0,-1.30153]},"66":{"weight":1.0,"played":[0.0,1.0],"evs":[0.0,2.17394]},"76o":{"weight":1.0,"played":[1.0,0.0],"evs":[0.0,-1.91339]},"86o":{"weight":1.0,"played":[1.0,0.0],"evs":[0.0,-2.04339]},"96o":{"weight":1.0,"played":[1.0,0.0],"evs":[0.0,-2.19098]},"T6o":{"weight":1.0,"played":[1.0,0.0],"evs":[0.0,-2.32032]},"J6o":{"weight":1.0,"played":[1.0,0.0],"evs":[0.0,-2.28988]},"Q6o":{"weight":1.0,"played":[1.0,0.0],"evs":[0.0,-1.89646]},"K6o":{"weight":1.0,"played":[1.0,0.0],"evs":[0.0,-1.28218]},"A6o":{"weight":1.0,"played":[0.0,1.0],"evs":[0.0,0.61643]},"72s":{"weight":1.0,"played":[1.0,0.0],"evs":[0.0,-2.49708]},"73s":{"weight":1.0,"played":[1.0,0.0],"evs":[0.0,-2.13492]},"74s":{"weight":1.0,"played":[1.0,0.0],"evs":[0.0,-1.771]},"75s":{"weight":1.0,"played":[1.0,0.0],"evs":[0.0,-1.41286]},"76s":{"weight":1.0,"played":[1.0,0.0],"evs":[0.0,-1.10336]},"77":{"weight":1.0,"played":[0.0,1.0],"evs":[0.0,2.58001]},"87o":{"weight":1.0,"played":[1.0,0.0],"evs":[0.0,-1.74056]},"97o":{"weight":1.0,"played":[1.0,0.0],"evs":[0.0,-1.87396]},"T7o":{"weight":1.0,"played":[1.0,0.0],"evs":[0.0,-2.00192]},"J7o":{"weight":1.0,"played":[1.0,0.0],"evs":[0.0,-1.98371]},"Q7o":{"weight":1.0,"played":[1.0,0.0],"evs":[0.0,-1.85658]},"K7o":{"weight":1.0,"played":[1.0,0.0],"evs":[0.0,-1.15742]},"A7o":{"weight":1.0,"played":[0.0,1.0],"evs":[0.0,1.06443]},"82s":{"weight":1.0,"played":[1.0,0.0],"evs":[0.0,-2.35785]},"83s":{"weight":1.0,"played":[1.0,0.0],"evs":[0.0,-2.27115]},"84s":{"weight":1.0,"played":[1.0,0.0],"evs":[0.0,-1.91323]},"85s":{"weight":1.0,"played":[1.0,0.0],"evs":[0.0,-1.57391]},"86s":{"weight":1.0,"played":[1.0,0.0],"evs":[0.0,-1.24735]},"87s":{"weight":1.0,"played":[1.0,0.0],"evs":[0.0,-0.97904]},"88":{"weight":1.0,"played":[0.0,1.0],"evs":[0.0,3.07139]},"98o":{"weight":1.0,"played":[1.0,0.0],"evs":[0.0,-1.55755]},"T8o":{"weight":1.0,"played":[1.0,0.0],"evs":[0.0,-1.60728]},"J8o":{"weight":1.0,"played":[1.0,0.0],"evs":[0.0,-1.61389]},"Q8o":{"weight":1.0,"played":[1.0,0.0],"evs":[0.0,-1.50095]},"K8o":{"weight":1.0,"played":[1.0,0.0],"evs":[0.0,-1.01328]},"A8o":{"weight":1.0,"played":[0.0,1.0],"evs":[0.0,1.59245]},"92s":{"weight":1.0,"played":[1.0,0.0],"evs":[0.0,-2.26964]},"93s":{"weight":1.0,"played":[1.0,0.0],"evs":[0.0,-2.12593]},"94s":{"weight":1.0,"played":[1.0,0.0],"evs":[0.0,-2.05438]},"95s":{"weight":1.0,"played":[1.0,0.0],"evs":[0.0,-1.71697]},"96s":{"weight":1.0,"played":[1.0,0.0],"evs":[0.0,-1.37168]},"97s":{"weight":1.0,"played":[1.0,0.0],"evs":[0.0,-1.07948]},"98s":{"weight":1.0,"played":[1.0,0.0],"evs":[0.0,-0.77817]},"99":{"weight":1.0,"played":[0.0,1.0],"evs":[0.0,3.64361]},"T9o":{"weight":1.0,"played":[1.0,0.0],"evs":[0.0,-1.26363]},"J9o":{"weight":1.0,"played":[1.0,0.0],"evs":[0.0,-1.25578]},"Q9o":{"weight":1.0,"played":[1.0,0.0],"evs":[0.0,-1.11495]},"K9o":{"weight":1.0,"played":[1.0,0.0],"evs":[0.0,-0.57173]},"A9o":{"weight":1.0,"played":[0.0,1.0],"evs":[0.0,2.18737]},"T2s":{"weight":1.0,"played":[1.0,0.0],"evs":[0.0,-2.16297]},"T3s":{"weight":1.0,"played":[1.0,0.0],"evs":[0.0,-2.03123]},"T4s":{"weight":1.0,"played":[1.0,0.0],"evs":[0.0,-1.89444]},"T5s":{"weight":1.0,"played":[1.0,0.0],"evs":[0.0,-1.8156]},"T6s":{"weight":1.0,"played":[1.0,0.0],"evs":[0.0,-1.48942]},"T7s":{"weight":1.0,"played":[1.0,0.0],"evs":[0.0,-1.19175]},"T8s":{"weight":1.0,"played":[1.0,0.0],"evs":[0.0,-0.84012]},"T9s":{"weight":1.0,"played":[1.0,0.0],"evs":[0.0,-0.48]},"TT":{"weight":1.0,"played":[0.0,1.0],"evs":[0.0,4.57495]},"JTo":{"weight":1.0,"played":[1.0,0.0],"evs":[0.0,-0.67947]},"QTo":{"weight":1.0,"played":[1.0,0.0],"evs":[0.0,-0.43215]},"KTo":{"weight":1.0,"played":[0.0,1.0],"evs":[0.0,0.22068]},"ATo":{"weight":1.0,"played":[0.0,1.0],"evs":[0.0,3.25937]},"J2s":{"weight":1.0,"played":[1.0,0.0],"evs":[0.0,-1.91927]},"J3s":{"weight":1.0,"played":[1.0,0.0],"evs":[0.0,-1.78797]},"J4s":{"weight":1.0,"played":[1.0,0.0],"evs":[0.0,-1.64903]},"J5s":{"weight":1.0,"played":[1.0,0.0],"evs":[0.0,-1.50902]},"J6s":{"weight":1.0,"played":[1.0,0.0],"evs":[0.0,-1.46322]},"J7s":{"weight":1.0,"played":[1.0,0.0],"evs":[0.0,-1.18553]},"J8s":{"weight":1.0,"played":[1.0,0.0],"evs":[0.0,-0.83227]},"J9s":{"weight":1.0,"played":[1.0,0.0],"evs":[0.0,-0.48244]},"JTs":{"weight":1.0,"played":[0.0053,0.9947],"evs":[0.0,0.02509]},"JJ":{"weight":1.0,"played":[0.0,1.0],"evs":[0.0,5.40693]},"QJo":{"weight":1.0,"played":[0.2159,0.7841],"evs":[0.0,0.01027]},"KJo":{"weight":1.0,"played":[0.0,1.0],"evs":[0.0,0.65862]},"AJo":{"weight":1.0,"played":[0.0,1.0],"evs":[0.0,3.8676]},"Q2s":{"weight":1.0,"played":[1.0,0.0],"evs":[0.0,-1.58036]},"Q3s":{"weight":1.0,"played":[1.0,0.0],"evs":[0.0,-1.44987]},"Q4s":{"weight":1.0,"played":[1.0,0.0],"evs":[0.0,-1.32088]},"Q5s":{"weight":1.0,"played":[1.0,0.0],"evs":[0.0,-1.18973]},"Q6s":{"weight":1.0,"played":[1.0,0.0],"evs":[0.0,-1.08831]},"Q7s":{"weight":1.0,"played":[1.0,0.0],"evs":[0.0,-1.05144]},"Q8s":{"weight":1.0,"played":[1.0,0.0],"evs":[0.0,-0.71052]},"Q9s":{"weight":1.0,"played":[1.0,0.0],"evs":[0.0,-0.35033]},"QTs":{"weight":1.0,"played":[0.0,1.0],"evs":[0.0,0.27842]},"QJs":{"weight":1.0,"played":[0.0,1.0],"evs":[0.0,0.68068]},"QQ":{"weight":1.0,"played":[0.0,1.0],"evs":[0.0,6.21406]},"KQo":{"weight":1.0,"played":[0.0,1.0],"evs":[0.0,1.12672]},"AQo":{"weight":1.0,"played":[0.0,1.0],"evs":[0.0,4.48308]},"K2s":{"weight":1.0,"played":[1.0,0.0],"evs":[0.0,-1.01838]},"K3s":{"weight":1.0,"played":[1.0,0.0],"evs":[0.0,-0.87046]},"K4s":{"weight":1.0,"played":[1.0,0.0],"evs":[0.0,-0.75436]},"K5s":{"weight":1.0,"played":[1.0,0.0],"evs":[0.0,-0.60954]},"K6s":{"weight":1.0,"played":[1.0,0.0],"evs":[0.0,-0.50943]},"K7s":{"weight":1.0,"played":[1.0,0.0],"evs":[0.0,-0.36463]},"K8s":{"weight":1.0,"played":[1.0,0.0],"evs":[0.0,-0.25525]},"K9s":{"weight":1.0,"played":[0.0,1.0],"evs":[0.0,0.15174]},"KTs":{"weight":1.0,"played":[0.0,1.0],"evs":[0.0,0.8791]},"KJs":{"weight":1.0,"played":[0.0,1.0],"evs":[0.0,1.3036]},"KQs":{"weight":1.0,"played":[0.0,1.0],"evs":[0.0,1.74582]},"KK":{"weight":1.0,"played":[0.0,1.0],"evs":[0.0,7.14534]},"AKo":{"weight":1.0,"played":[0.0,1.0],"evs":[0.0,5.1964]},"A2s":{"weight":1.0,"played":[0.0,1.0],"evs":[0.0,0.7204]},"A3s":{"weight":1.0,"played":[0.0,1.0],"evs":[0.0,0.84041]},"A4s":{"weight":1.0,"played":[0.0,1.0],"evs":[0.0,0.98451]},"A5s":{"weight":1.0,"played":[0.0,1.0],"evs":[0.0,1.23014]},"A6s":{"weight":1.0,"played":[0.0,1.0],"evs":[0.0,1.28341]},"A7s":{"weight":1.0,"played":[0.0,1.0],"evs":[0.0,1.69324]},"A8s":{"weight":1.0,"played":[0.0,1.0],"evs":[0.0,2.18707]},"A9s":{"weight":1.0,"played":[0.0,1.0],"evs":[0.0,2.75803]},"ATs":{"weight":1.0,"played":[0.0,1.0],"evs":[0.0,3.74576]},"AJs":{"weight":1.0,"played":[0.0,1.0],"evs":[0.0,4.29058]},"AQs":{"weight":1.0,"played":[0.0,1.0],"evs":[0.0,4.89099]},"AKs":{"weight":1.0,"played":[0.0,1.0],"evs":[0.0,5.53713]},"AA":{"weight":1.0,"played":[0.0,1.0],"evs":[0.0,9.89096]}}}