{"player":3,"street":0,"children":2,"sequence":[{"player":0,"type":"R","amount":200000,"street":0},{"player":1,"type":"F","amount":0,"street":0},{"player":2,"type":"C","amount":200000,"street":0},{"player":3,"type":"R","amount":600000,"street":0},{"player":4,"type":"R","amount":1565000,"street":0},{"player":5,"type":"F","amount":0,"street":0},{"player":0,"type":"F","amount":0,"street":0},{"player":2,"type":"C","amount":785000,"street":0}],"actions":[{"type":"F","amount":0},{"type":"C","amount":965000}],"hands":{"22":{"weight":0.0,"played":[9.0E-4,0.9991],"evs":[0.0,2.38856]},"32o":{"weight":0.0,"played":[0.5027,0.4973],"evs":[0.0,0.32097]},"42o":{"weight":0.0,"played":[0.316,0.684],"evs":[0.0,-1.3558]},"52o":{"weight":0.0,"played":[0.7185,0.2815],"evs":[0.0,-0.60236]},"62o":{"weight":0.0,"played":[0.6995,0.3005],"evs":[0.0,-0.94233]},"72o":{"weight":0.0,"played":[0.6422,0.3578],"evs":[0.0,-0.17918]},"82o":{"weight":0.0,"played":[0.9809,0.0191],"evs":[0.0,-0.20974]},"92o":{"weight":0.0,"played":[0.7222,0.2778],"evs":[0.0,-1.08103]},"T2o":{"weight":0.0,"played":[0.5203,0.4797],"evs":[0.0,-0.14991]},"J2o":{"weight":0.0,"played":[0.2628,0.7372],"evs":[0.0,0.31231]},"Q2o":{"weight":0.0,"played":[0.8328,0.1672],"evs":[0.0,-0.13467]},"K2o":{"weight":0.0,"played":[0.1933,0.8067],"evs":[0.0,-0.24634]},"A2o":{"weight":0.0,"played":[0.0208,0.9792],"evs":[0.0,2.10407]},"32s":{"weight":0.0,"played":[0.0031,0.9969],"evs":[0.0,2.26172]},"33":{"weight":0.0,"played":[0.0,1.0],"evs":[0.0,3.63345]},"43o":{"weight":0.0,"played":[0.0066,0.9934],"evs":[0.0,1.05636]},"53o":{"weight":0.0,"played":[0.0036,0.9964],"evs":[0.0,0.00799]},"63o":{"weight":0.0,"played":[0.722,0.278],"evs":[0.0,-0.26357]},"73o":{"weight":0.0,"played":[0.6021,0.3979],"evs":[0.0,-0.17475]},"83o":{"weight":0.0,"played":[0.4343,0.5657],"evs":[0.0,-1.16078]},"93o":{"weight":0.0,"played":[0.6032,0.3968],"evs":[0.0,-1.06391]},"T3o":{"weight":0.0,"played":[0.3463,0.6537],"evs":[0.0,0.7928]},"J3o":{"weight":0.0,"played":[0.7563,0.2437],"evs":[0.0,-1.34074]},"Q3o":{"weight":0.0,"played":[0.8119,0.1881],"evs":[0.0,-1.36522]},"K3o":{"weight":0.0,"played":[1.0E-4,0.9999],"evs":[0.0,1.46723]},"A3o":{"weight":0.0,"played":[8.0E-4,0.9992],"evs":[0.0,2.07464]},"42s":{"weight":0.0,"played":[0.0382,0.9618],"evs":[0.0,3.9272]},"43s":{"weight":0.0,"played":[0.0407,0.9593],"evs":[0.0,1.32707]},"44":{"weight":1.0E-4,"played":[1.0E-4,0.9999],"evs":[0.0,3.96908]},"54o":{"weight":0.0,"played":[0.0679,0.9321],"evs":[0.0,0.78115]},"64o":{"weight":0.0,"played":[0.3177,0.6823],"evs":[0.0,1.58228]},"74o":{"weight":0.0,"played":[0.357,0.643],"evs":[0.0,-0.1028]},"84o":{"weight":0.0,"played":[0.3857,0.6143],"evs":[0.0,0.42582]},"94o":{"weight":0.0,"played":[0.428,0.572],"evs":[0.0,-0.24005]},"T4o":{"weight":0.0,"played":[0.3186,0.6814],"evs":[0.0,0.03578]},"J4o":{"weight":0.0,"played":[0.2984,0.7016],"evs":[0.0,-0.25571]},"Q4o":{"weight":0.0,"played":[0.3134,0.6866],"evs":[0.0,0.87352]},"K4o":{"weight":0.0,"played":[0.0384,0.9616],"evs":[0.0,0.90978]},"A4o":{"weight":1.0E-4,"played":[0.0,1.0],"evs":[0.0,3.27876]},"52s":{"weight":0.0,"played":[0.1985,0.8015],"evs":[0.0,1.5327]},"53s":{"weight":0.0,"played":[0.1394,0.8606],"evs":[0.0,1.52494]},"54s":{"weight":0.0,"played":[0.0021,0.9979],"evs":[0.0,0.25386]},"55":{"weight":0.0,"played":[0.0042,0.9958],"evs":[0.0,2.49549]},"65o":{"weight":0.0,"played":[4.0E-4,0.9996],"evs":[0.0,2.54664]},"75o":{"weight":0.0,"played":[0.5738,0.4262],"evs":[0.0,-0.26608]},"85o":{"weight":0.0,"played":[0.3461,0.6539],"evs":[0.0,0.28854]},"95o":{"weight":0.0,"played":[0.5752,0.4248],"evs":[0.0,-0.50487]},"T5o":{"weight":0.0,"played":[0.43,0.57],"evs":[0.0,-0.57725]},"J5o":{"weight":0.0,"played":[0.0081,0.9919],"evs":[0.0,0.76284]},"Q5o":{"weight":0.0,"played":[0.2308,0.7692],"evs":[0.0,0.04478]},"K5o":{"weight":0.0,"played":[1.0E-4,0.9999],"evs":[0.0,1.03004]},"A5o":{"weight":0.0,"played":[0.0,1.0],"evs":[0.0,2.48494]},"62s":{"weight":0.0,"played":[0.6839,0.3161],"evs":[0.0,-0.4223]},"63s":{"weight":0.0,"played":[0.872,0.128],"evs":[0.0,-0.48006]},"64s":{"weight":0.0,"played":[0.0355,0.9645],"evs":[0.0,3.24122]},"65s":{"weight":1.0E-4,"played":[0.0231,0.9769],"evs":[0.0,6.44126]},"66":{"weight":0.0173,"played":[0.0,1.0],"evs":[0.0,2.67517]},"76o":{"weight":0.0,"played":[0.001,0.999],"evs":[0.0,3.07455]},"86o":{"weight":0.0,"played":[0.3971,0.6029],"evs":[0.0,-0.17636]},"96o":{"weight":0.0,"played":[0.0608,0.9392],"evs":[0.0,0.4905]},"T6o":{"weight":0.0,"played":[0.1109,0.8891],"evs":[0.0,-0.61584]},"J6o":{"weight":0.0,"played":[0.9356,0.0644],"evs":[0.0,-0.43259]},"Q6o":{"weight":0.0,"played":[0.2481,0.7519],"evs":[0.0,-0.57322]},"K6o":{"weight":0.0,"played":[0.0071,0.9929],"evs":[0.0,2.31813]},"A6o":{"weight":0.0,"played":[0.0033,0.9967],"evs":[0.0,1.36278]},"72s":{"weight":0.0,"played":[0.0056,0.9944],"evs":[0.0,0.29874]},"73s":{"weight":0.0,"played":[0.0221,0.9779],"evs":[0.0,3.92087]},"74s":{"weight":0.0,"played":[0.0383,0.9617],"evs":[0.0,3.72532]},"75s":{"weight":0.0,"played":[0.2342,0.7658],"evs":[0.0,0.7903]},"76s":{"weight":0.0,"played":[0.0042,0.9958],"evs":[0.0,3.2109]},"77":{"weight":0.1693,"played":[0.0,1.0],"evs":[0.0,5.62369]},"87o":{"weight":0.0,"played":[0.1156,0.8844],"evs":[0.0,0.63329]},"97o":{"weight":0.0,"played":[0.0018,0.9982],"evs":[0.0,2.13602]},"T7o":{"weight":0.0,"played":[4.0E-4,0.9996],"evs":[0.0,0.67025]},"J7o":{"weight":0.0,"played":[0.0047,0.9953],"evs":[0.0,0.30646]},"Q7o":{"weight":0.0,"played":[0.0,1.0],"evs":[0.0,1.17007]},"K7o":{"weight":0.0,"played":[0.0026,0.9974],"evs":[0.0,3.52294]},"A7o":{"weight":0.0,"played":[0.0024,0.9976],"evs":[0.0,1.91596]},"82s":{"weight":0.0,"played":[0.004,0.996],"evs":[0.0,2.67909]},"83s":{"weight":0.0,"played":[0.1944,0.8056],"evs":[0.0,0.41224]},"84s":{"weight":0.0,"played":[0.0096,0.9904],"evs":[0.0,3.39434]},"85s":{"weight":0.0,"played":[0.0,1.0],"evs":[0.0,1.66692]},"86s":{"weight":0.0,"played":[0.1247,0.8753],"evs":[0.0,0.81684]},"87s":{"weight":0.0,"played":[0.0059,0.9941],"evs":[0.0,4.61057]},"88":{"weight":0.065,"played":[2.0E-4,0.9998],"evs":[0.0,6.97101]},"98o":{"weight":0.0,"played":[1.0E-4,0.9999],"evs":[0.0,2.96028]},"T8o":{"weight":0.0,"played":[0.0175,0.9825],"evs":[0.0,0.94343]},"J8o":{"weight":0.0,"played":[0.0,1.0],"evs":[0.0,1.9681]},"Q8o":{"weight":0.0,"played":[0.0078,0.9922],"evs":[0.0,0.42844]},"K8o":{"weight":0.0,"played":[0.0,1.0],"evs":[0.0,0.83738]},"A8o":{"weight":0.2762,"played":[0.0173,0.9827],"evs":[0.0,2.27063]},"92s":{"weight":0.0,"played":[0.3457,0.6543],"evs":[0.0,0.3132]},"93s":{"weight":0.0,"played":[0.0,1.0],"evs":[0.0,3.02283]},"94s":{"weight":0.0,"played":[0.5919,0.4081],"evs":[0.0,0.69355]},"95s":{"weight":0.0,"played":[0.0015,0.9985],"evs":[0.0,1.83202]},"96s":{"weight":0.0,"played":[5.0E-4,0.9995],"evs":[0.0,3.31899]},"97s":{"weight":0.0,"played":[0.0432,0.9568],"evs":[0.0,4.92683]},"98s":{"weight":0.0,"played":[0.001,0.999],"evs":[0.0,5.47705]},"99":{"weight":0.5037,"played":[0.0,1.0],"evs":[0.0,9.70338]},"T9o":{"weight":0.0,"played":[0.0014,0.9986],"evs":[0.0,5.03365]},"J9o":{"weight":0.0,"played":[0.0,1.0],"evs":[0.0,3.2166]},"Q9o":{"weight":0.0,"played":[5.0E-4,0.9995],"evs":[0.0,0.90205]},"K9o":{"weight":0.0,"played":[1.0E-4,0.9999],"evs":[0.0,3.54557]},"A9o":{"weight":0.0371,"played":[0.0,1.0],"evs":[0.0,1.95705]},"T2s":{"weight":0.0,"played":[0.1361,0.8639],"evs":[0.0,0.9239]},"T3s":{"weight":0.0,"played":[0.6424,0.3576],"evs":[0.0,-1.09023]},"T4s":{"weight":0.0,"played":[0.0055,0.9945],"evs":[0.0,1.20508]},"T5s":{"weight":0.0,"played":[0.905,0.095],"evs":[0.0,-1.29903]},"T6s":{"weight":0.0,"played":[0.1186,0.8814],"evs":[0.0,0.82411]},"T7s":{"weight":0.0,"played":[0.0559,0.9441],"evs":[0.0,2.71095]},"T8s":{"weight":0.0,"played":[0.0041,0.9959],"evs":[0.0,6.58431]},"T9s":{"weight":0.0,"played":[0.0171,0.9829],"evs":[0.0,3.52021]},"TT":{"weight":0.1138,"played":[0.0,1.0],"evs":[0.0,11.693]},"JTo":{"weight":0.0,"played":[1.0E-4,0.9999],"evs":[0.0,3.32022]},"QTo":{"weight":0.0,"played":[3.0E-4,0.9997],"evs":[0.0,2.8466]},"KTo":{"weight":0.0,"played":[0.0,1.0],"evs":[0.0,4.058]},"ATo":{"weight":0.3584,"played":[0.0,1.0],"evs":[0.0,3.65035]},"J2s":{"weight":0.0,"played":[0.0811,0.9189],"evs":[0.0,3.94626]},"J3s":{"weight":0.0,"played":[0.1026,0.8974],"evs":[0.0,0.60269]},"J4s":{"weight":0.0,"played":[0.0868,0.9132],"evs":[0.0,2.24714]},"J5s":{"weight":0.0,"played":[0.0162,0.9838],"evs":[0.0,3.64532]},"J6s":{"weight":0.0,"played":[0.013,0.987],"evs":[0.0,4.13509]},"J7s":{"weight":0.0,"played":[1.0E-4,0.9999],"evs":[0.0,4.62193]},"J8s":{"weight":0.0,"played":[0.0029,0.9971],"evs":[0.0,4.02944]},"J9s":{"weight":1.0E-4,"played":[3.0E-4,0.9997],"evs":[0.0,4.80523]},"JTs":{"weight":0.0,"played":[3.0E-4,0.9997],"evs":[0.0,8.1638]},"JJ":{"weight":0.3628,"played":[1.0E-4,0.9999],"evs":[0.0,14.67805]},"QJo":{"weight":3.0E-4,"played":[1.0E-4,0.9999],"evs":[0.0,5.67765]},"KJo":{"weight":0.0421,"played":[0.0,1.0],"evs":[0.0,5.54695]},"AJo":{"weight":0.0672,"played":[1.0E-4,0.9999],"evs":[0.0,5.83279]},"Q2s":{"weight":0.0,"played":[0.0014,0.9986],"evs":[0.0,3.59818]},"Q3s":{"weight":0.0,"played":[0.0334,0.9666],"evs":[0.0,1.99546]},"Q4s":{"weight":0.0,"played":[0.027,0.973],"evs":[0.0,0.3365]},"Q5s":{"weight":0.0,"played":[0.2749,0.7251],"evs":[0.0,0.03097]},"Q6s":{"weight":0.0,"played":[0.0016,0.9984],"evs":[0.0,3.77018]},"Q7s":{"weight":0.0,"played":[0.1002,0.8998],"evs":[0.0,4.81084]},"Q8s":{"weight":0.0,"played":[0.0062,0.9938],"evs":[0.0,5.05967]},"Q9s":{"weight":0.0,"played":[0.0054,0.9946],"evs":[0.0,5.50354]},"QTs":{"weight":0.035,"played":[0.0116,0.9884],"evs":[0.0,6.73669]},"QJs":{"weight":1.0E-4,"played":[3.0E-4,0.9997],"evs":[0.0,3.01033]},"QQ":{"weight":0.9956,"played":[0.0,1.0],"evs":[0.0,18.07315]},"KQo":{"weight":0.233,"played":[0.0043,0.9957],"evs":[0.0,4.90074]},"AQo":{"weight":0.7091,"played":[0.0,1.0],"evs":[0.0,3.94764]},"K2s":{"weight":0.0,"played":[0.0594,0.9406],"evs":[0.0,1.78621]},"K3s":{"weight":0.0,"played":[0.0163,0.9837],"evs":[0.0,2.75675]},"K4s":{"weight":0.0,"played":[0.0025,0.9975],"evs":[0.0,3.6634]},"K5s":{"weight":0.0,"played":[0.0016,0.9984],"evs":[0.0,5.82138]},"K6s":{"weight":0.0,"played":[0.0016,0.9984],"evs":[0.0,4.40059]},"K7s":{"weight":0.0,"played":[0.0276,0.9724],"evs":[0.0,6.26611]},"K8s":{"weight":0.0,"played":[0.0304,0.9696],"evs":[0.0,4.45197]},"K9s":{"weight":0.0,"played":[0.0049,0.9951],"evs":[0.0,5.7183]},"KTs":{"weight":0.4968,"played":[1.0E-4,0.9999],"evs":[0.0,5.82249]},"KJs":{"weight":0.1915,"played":[0.0022,0.9978],"evs":[0.0,3.93822]},"KQs":{"weight":0.6573,"played":[0.0022,0.9978],"evs":[0.0,6.17834]},"KK":{"weight":0.4837,"played":[0.0,1.0],"evs":[0.0,22.12752]},"AKo":{"weight":0.3439,"played":[0.0,1.0],"evs":[0.0,8.37123]},"A2s":{"weight":0.0509,"played":[0.0017,0.9983],"evs":[0.0,5.37886]},"A3s":{"weight":0.109,"played":[0.0017,0.9983],"evs":[0.0,2.6342]},"A4s":{"weight":8.0E-4,"played":[0.003,0.997],"evs":[0.0,3.69887]},"A5s":{"weight":0.0159,"played":[6.0E-4,0.9994],"evs":[0.0,3.33849]},"A6s":{"weight":0.6385,"played":[0.0,1.0],"evs":[0.0,5.00987]},"A7s":{"weight":0.4111,"played":[0.0168,0.9832],"evs":[0.0,3.71131]},"A8s":{"weight":0.7201,"played":[2.0E-4,0.9998],"evs":[0.0,2.39007]},"A9s":{"weight":0.1541,"played":[0.0019,0.9981],"evs":[0.0,2.03556]},"ATs":{"weight":0.418,"played":[5.0E-4,0.9995],"evs":[0.0,5.89646]},"AJs":{"weight":0.5233,"played":[9.0E-4,0.9991],"evs":[0.0,7.36948]},"AQs":{"weight":0.218,"played":[0.0,1.0],"evs":[0.0,6.97166]},"AKs":{"weight":0.9522,"played":[0.0,1.0],"evs":[0.0,12.34036]},"AA":{"weight":0.9868,"played":[0.0,1.0],"evs":[0.0,27.11696]}}}