{"player":0,"street":0,"children":2,"sequence":[{"player":0,"type":"R","amount":200000,"street":0},{"player":1,"type":"F","amount":0,"street":0},{"player":2,"type":"C","amount":200000,"street":0},{"player":3,"type":"R","amount":1565000,"street":0},{"player":4,"type":"F","amount":0,"street":0},{"player":5,"type":"C","amount":845000,"street":0}],"actions":[{"type":"F","amount":0,"node":268},{"type":"C","amount":1265000,"node":269}],"hands":{"22":{"weight":0.5835,"played":[0.7747,0.2253],"evs":[0.0,-0.22527]},"32o":{"weight":0.0,"played":[0.9989,0.0011],"evs":[0.0,-3.98751]},"42o":{"weight":0.0,"played":[0.9999,1.0E-4],"evs":[0.0,-3.47034]},"52o":{"weight":0.0,"played":[0.9999,1.0E-4],"evs":[0.0,-3.35551]},"62o":{"weight":0.0,"played":[0.9998,2.0E-4],"evs":[0.0,-4.85191]},"72o":{"weight":0.0,"played":[0.9999,1.0E-4],"evs":[0.0,-5.14009]},"82o":{"weight":0.0,"played":[0.9997,3.0E-4],"evs":[0.0,-4.9297]},"92o":{"weight":0.0,"played":[0.9998,2.0E-4],"evs":[0.0,-4.6339]},"T2o":{"weight":0.0,"played":[1.0,0.0],"evs":[0.0,-4.72191]},"J2o":{"weight":0.0,"played":[0.9988,0.0012],"evs":[0.0,-4.97579]},"Q2o":{"weight":0.0,"played":[0.9998,2.0E-4],"evs":[0.0,-4.7482]},"K2o":{"weight":0.0,"played":[0.9946,0.0054],"evs":[0.0,-3.8242]},"A2o":{"weight":0.0,"played":[0.9921,0.0079],"evs":[0.0,-3.7511]},"32s":{"weight":0.0,"played":[0.991,0.009],"evs":[0.0,-3.06848]},"33":{"weight":0.0026,"played":[0.8816,0.1184],"evs":[0.0,-0.66648]},"43o":{"weight":0.0,"played":[0.9999,1.0E-4],"evs":[0.0,-3.73453]},"53o":{"weight":0.0,"played":[0.991,0.009],"evs":[0.0,-3.44283]},"63o":{"weight":0.0,"played":[0.9997,3.0E-4],"evs":[0.0,-3.4112]},"73o":{"weight":0.0,"played":[0.9991,9.0E-4],"evs":[0.0,-4.34602]},"83o":{"weight":0.0,"played":[1.0,0.0],"evs":[0.0,-5.5127]},"93o":{"weight":0.0,"played":[0.9995,5.0E-4],"evs":[0.0,-4.409]},"T3o":{"weight":0.0,"played":[0.9998,2.0E-4],"evs":[0.0,-4.69889]},"J3o":{"weight":0.0,"played":[1.0,0.0],"evs":[0.0,-4.29314]},"Q3o":{"weight":0.0,"played":[0.9983,0.0017],"evs":[0.0,-4.54442]},"K3o":{"weight":0.0,"played":[0.999,0.001],"evs":[0.0,-4.05117]},"A3o":{"weight":0.0,"played":[0.9985,0.0015],"evs":[0.0,-4.2605]},"42s":{"weight":0.0,"played":[0.99,0.01],"evs":[0.0,-3.26185]},"43s":{"weight":0.0,"played":[0.8487,0.1513],"evs":[0.0,-0.7381]},"44":{"weight":0.1029,"played":[0.2938,0.7062],"evs":[0.0,-0.55008]},"54o":{"weight":0.0,"played":[0.9911,0.0089],"evs":[0.0,-1.7945]},"64o":{"weight":0.0,"played":[0.9962,0.0038],"evs":[0.0,-3.16534]},"74o":{"weight":0.0,"played":[0.9996,4.0E-4],"evs":[0.0,-4.27793]},"84o":{"weight":0.0,"played":[0.9995,5.0E-4],"evs":[0.0,-4.54937]},"94o":{"weight":0.0,"played":[0.9998,2.0E-4],"evs":[0.0,-4.35251]},"T4o":{"weight":0.0,"played":[0.9989,0.0011],"evs":[0.0,-5.40361]},"J4o":{"weight":0.0,"played":[0.9996,4.0E-4],"evs":[0.0,-4.15294]},"Q4o":{"weight":0.0,"played":[0.9995,5.0E-4],"evs":[0.0,-3.82118]},"K4o":{"weight":0.0,"played":[0.9893,0.0107],"evs":[0.0,-3.47691]},"A4o":{"weight":0.0,"played":[0.9985,0.0015],"evs":[0.0,-3.36469]},"52s":{"weight":0.0,"played":[0.9114,0.0886],"evs":[0.0,-3.61213]},"53s":{"weight":0.0,"played":[0.9638,0.0362],"evs":[0.0,-0.84594]},"54s":{"weight":0.0,"played":[0.7097,0.2903],"evs":[0.0,-0.21238]},"55":{"weight":0.0,"played":[0.6408,0.3592],"evs":[0.0,0.14842]},"65o":{"weight":0.0,"played":[0.9939,0.0061],"evs":[0.0,-2.68381]},"75o":{"weight":0.0,"played":[0.9966,0.0034],"evs":[0.0,-3.15908]},"85o":{"weight":0.0,"played":[0.9988,0.0012],"evs":[0.0,-3.70017]},"95o":{"weight":0.0,"played":[0.9813,0.0187],"evs":[0.0,-3.23343]},"T5o":{"weight":0.0,"played":[0.9988,0.0012],"evs":[0.0,-5.20024]},"J5o":{"weight":0.0,"played":[1.0,0.0],"evs":[0.0,-3.2409]},"Q5o":{"weight":0.0,"played":[0.9998,2.0E-4],"evs":[0.0,-5.04663]},"K5o":{"weight":0.0,"played":[0.9923,0.0077],"evs":[0.0,-3.83687]},"A5o":{"weight":0.0,"played":[0.9948,0.0052],"evs":[0.0,-1.92264]},"62s":{"weight":0.0,"played":[0.9973,0.0027],"evs":[0.0,-2.70757]},"63s":{"weight":0.0,"played":[0.9923,0.0077],"evs":[0.0,-3.03784]},"64s":{"weight":0.0,"played":[0.9962,0.0038],"evs":[0.0,-0.78922]},"65s":{"weight":0.0,"played":[0.8958,0.1042],"evs":[0.0,-1.44678]},"66":{"weight":0.0,"played":[0.0307,0.9693],"evs":[0.0,1.25845]},"76o":{"weight":0.0,"played":[0.9963,0.0037],"evs":[0.0,-3.02275]},"86o":{"weight":0.0,"played":[0.9989,0.0011],"evs":[0.0,-1.71298]},"96o":{"weight":0.0,"played":[0.9996,4.0E-4],"evs":[0.0,-3.00339]},"T6o":{"weight":0.0,"played":[0.9999,1.0E-4],"evs":[0.0,-4.5527]},"J6o":{"weight":0.0,"played":[0.9991,9.0E-4],"evs":[0.0,-5.54944]},"Q6o":{"weight":0.0,"played":[0.9994,6.0E-4],"evs":[0.0,-3.93355]},"K6o":{"weight":0.0,"played":[0.9921,0.0079],"evs":[0.0,-3.74205]},"A6o":{"weight":0.0,"played":[0.9799,0.0201],"evs":[0.0,-4.55761]},"72s":{"weight":0.0,"played":[0.9993,7.0E-4],"evs":[0.0,-3.71748]},"73s":{"weight":0.0,"played":[0.9998,2.0E-4],"evs":[0.0,-3.34311]},"74s":{"weight":0.0,"played":[0.8445,0.1555],"evs":[0.0,-1.92607]},"75s":{"weight":0.0,"played":[0.9566,0.0434],"evs":[0.0,-1.57414]},"76s":{"weight":0.0,"played":[0.9637,0.0363],"evs":[0.0,-2.31002]},"77":{"weight":0.0,"played":[5.0E-4,0.9995],"evs":[0.0,2.2528]},"87o":{"weight":0.0,"played":[0.9293,0.0707],"evs":[0.0,-2.19266]},"97o":{"weight":0.0,"played":[0.9977,0.0023],"evs":[0.0,-2.33512]},"T7o":{"weight":0.0,"played":[0.9983,0.0017],"evs":[0.0,-3.29804]},"J7o":{"weight":0.0,"played":[0.9999,1.0E-4],"evs":[0.0,-3.92459]},"Q7o":{"weight":0.0,"played":[0.9989,0.0011],"evs":[0.0,-4.08324]},"K7o":{"weight":0.0,"played":[0.9999,1.0E-4],"evs":[0.0,-4.63695]},"A7o":{"weight":0.0048,"played":[0.9716,0.0284],"evs":[0.0,-2.83504]},"82s":{"weight":0.0,"played":[0.9861,0.0139],"evs":[0.0,-4.03193]},"83s":{"weight":0.0,"played":[0.9901,0.0099],"evs":[0.0,-2.90192]},"84s":{"weight":0.0,"played":[0.9508,0.0492],"evs":[0.0,-1.70402]},"85s":{"weight":0.0,"played":[0.9281,0.0719],"evs":[0.0,-3.46703]},"86s":{"weight":0.0,"played":[0.1531,0.8469],"evs":[0.0,0.11377]},"87s":{"weight":0.0,"played":[0.9127,0.0873],"evs":[0.0,-1.92344]},"88":{"weight":0.0211,"played":[0.0,1.0],"evs":[0.0,4.3414]},"98o":{"weight":0.0,"played":[0.9649,0.0351],"evs":[0.0,-2.99418]},"T8o":{"weight":0.0,"played":[0.9675,0.0325],"evs":[0.0,-2.52008]},"J8o":{"weight":0.0,"played":[0.9996,4.0E-4],"evs":[0.0,-2.51524]},"Q8o":{"weight":0.0,"played":[0.997,0.003],"evs":[0.0,-3.54258]},"K8o":{"weight":0.0,"played":[0.9963,0.0037],"evs":[0.0,-3.02862]},"A8o":{"weight":0.9997,"played":[0.9908,0.0092],"evs":[0.0,-2.2628]},"92s":{"weight":0.0,"played":[0.9994,6.0E-4],"evs":[0.0,-2.94567]},"93s":{"weight":0.0,"played":[0.8715,0.1285],"evs":[0.0,-2.34313]},"94s":{"weight":0.0,"played":[0.9961,0.0039],"evs":[0.0,-3.07573]},"95s":{"weight":0.0,"played":[0.8654,0.1346],"evs":[0.0,-2.04506]},"96s":{"weight":0.0,"played":[0.4168,0.5832],"evs":[0.0,-0.52325]},"97s":{"weight":0.0,"played":[0.6184,0.3816],"evs":[0.0,-0.60201]},"98s":{"weight":0.106,"played":[0.9602,0.0398],"evs":[0.0,-1.72585]},"99":{"weight":0.0,"played":[0.0,1.0],"evs":[0.0,4.41749]},"T9o":{"weight":0.0,"played":[0.9991,9.0E-4],"evs":[0.0,-1.48781]},"J9o":{"weight":0.0,"played":[0.9971,0.0029],"evs":[0.0,-2.82638]},"Q9o":{"weight":0.0,"played":[0.9847,0.0153],"evs":[0.0,-2.07607]},"K9o":{"weight":0.0,"played":[0.9888,0.0112],"evs":[0.0,-1.72266]},"A9o":{"weight":0.2578,"played":[0.9901,0.0099],"evs":[0.0,-2.24961]},"T2s":{"weight":0.0,"played":[0.9947,0.0053],"evs":[0.0,-1.76009]},"T3s":{"weight":0.0,"played":[0.9806,0.0194],"evs":[0.0,-2.37558]},"T4s":{"weight":0.0,"played":[0.9949,0.0051],"evs":[0.0,-2.21995]},"T5s":{"weight":0.0,"played":[0.6195,0.3805],"evs":[0.0,-0.70061]},"T6s":{"weight":0.0,"played":[0.9996,4.0E-4],"evs":[0.0,-3.31411]},"T7s":{"weight":0.0,"played":[0.8575,0.1425],"evs":[0.0,-1.99128]},"T8s":{"weight":0.0,"played":[0.6655,0.3345],"evs":[0.0,-1.80705]},"T9s":{"weight":0.7069,"played":[0.0012,0.9988],"evs":[0.0,1.60877]},"TT":{"weight":0.8678,"played":[0.0,1.0],"evs":[0.0,7.09514]},"JTo":{"weight":0.0,"played":[0.9956,0.0044],"evs":[0.0,-0.91055]},"QTo":{"weight":0.0,"played":[0.9888,0.0112],"evs":[0.0,-1.22228]},"KTo":{"weight":0.6339,"played":[0.9828,0.0172],"evs":[0.0,-1.29893]},"ATo":{"weight":0.0,"played":[0.8787,0.1213],"evs":[0.0,-1.06161]},"J2s":{"weight":0.0,"played":[0.9704,0.0296],"evs":[0.0,-2.01518]},"J3s":{"weight":0.0,"played":[0.9608,0.0392],"evs":[0.0,-1.64833]},"J4s":{"weight":0.0,"played":[0.9892,0.0108],"evs":[0.0,-2.18914]},"J5s":{"weight":0.0,"played":[0.9402,0.0598],"evs":[0.0,-0.51559]},"J6s":{"weight":0.0,"played":[0.951,0.049],"evs":[0.0,-2.25638]},"J7s":{"weight":0.0,"played":[0.7383,0.2617],"evs":[0.0,-1.2704]},"J8s":{"weight":0.0,"played":[0.9677,0.0323],"evs":[0.0,-1.15015]},"J9s":{"weight":1.0,"played":[0.444,0.556],"evs":[0.0,-0.47442]},"JTs":{"weight":0.0,"played":[0.0072,0.9928],"evs":[0.0,2.75899]},"JJ":{"weight":1.0,"played":[0.0,1.0],"evs":[0.0,10.71927]},"QJo":{"weight":0.9993,"played":[0.9785,0.0215],"evs":[0.0,-1.99688]},"KJo":{"weight":0.2038,"played":[0.4432,0.5568],"evs":[0.0,-0.25532]},"AJo":{"weight":0.0,"played":[0.0287,0.9713],"evs":[0.0,1.2524]},"Q2s":{"weight":0.0,"played":[0.8573,0.1427],"evs":[0.0,-2.01311]},"Q3s":{"weight":0.0,"played":[0.9471,0.0529],"evs":[0.0,-2.62242]},"Q4s":{"weight":0.0,"played":[0.9996,4.0E-4],"evs":[0.0,-2.90027]},"Q5s":{"weight":0.0,"played":[0.9966,0.0034],"evs":[0.0,-3.43481]},"Q6s":{"weight":0.0,"played":[0.997,0.003],"evs":[0.0,-2.20114]},"Q7s":{"weight":0.0,"played":[0.9233,0.0767],"evs":[0.0,-3.0807]},"Q8s":{"weight":0.0,"played":[0.9375,0.0625],"evs":[0.0,-1.57064]},"Q9s":{"weight":0.9998,"played":[0.6434,0.3566],"evs":[0.0,-1.13538]},"QTs":{"weight":0.0,"played":[0.5135,0.4865],"evs":[0.0,-0.60083]},"QJs":{"weight":0.0,"played":[0.0076,0.9924],"evs":[0.0,1.95285]},"QQ":{"weight":1.0,"played":[0.0,1.0],"evs":[0.0,14.04428]},"KQo":{"weight":0.0,"played":[0.8622,0.1378],"evs":[0.0,-0.23508]},"AQo":{"weight":0.0,"played":[1.0E-4,0.9999],"evs":[0.0,4.1168]},"K2s":{"weight":0.0,"played":[0.6715,0.3285],"evs":[0.0,-0.5819]},"K3s":{"weight":0.0,"played":[0.9546,0.0454],"evs":[0.0,-1.88354]},"K4s":{"weight":0.0,"played":[0.9517,0.0483],"evs":[0.0,-2.05531]},"K5s":{"weight":0.0,"played":[0.9406,0.0594],"evs":[0.0,-1.42826]},"K6s":{"weight":0.0,"played":[0.3377,0.6623],"evs":[0.0,-0.71523]},"K7s":{"weight":0.0,"played":[0.8766,0.1234],"evs":[0.0,-2.0789]},"K8s":{"weight":0.1697,"played":[0.7664,0.2336],"evs":[0.0,-1.20103]},"K9s":{"weight":0.98,"played":[0.782,0.218],"evs":[0.0,-0.31852]},"KTs":{"weight":0.2716,"played":[0.0,1.0],"evs":[0.0,3.11184]},"KJs":{"weight":0.1682,"played":[0.0014,0.9986],"evs":[0.0,1.73887]},"KQs":{"weight":1.0E-4,"played":[0.0361,0.9639],"evs":[0.0,2.04795]},"KK":{"weight":1.0,"played":[0.0,1.0],"evs":[0.0,18.35371]},"AKo":{"weight":0.1586,"played":[0.0,1.0],"evs":[0.0,5.13521]},"A2s":{"weight":1.0,"played":[0.8661,0.1339],"evs":[0.0,-1.5997]},"A3s":{"weight":1.0,"played":[0.756,0.244],"evs":[0.0,-1.30939]},"A4s":{"weight":0.9993,"played":[0.9566,0.0434],"evs":[0.0,-1.41725]},"A5s":{"weight":0.0011,"played":[0.7581,0.2419],"evs":[0.0,-0.83282]},"A6s":{"weight":0.3289,"played":[0.8952,0.1048],"evs":[0.0,-1.11099]},"A7s":{"weight":0.7727,"played":[0.824,0.176],"evs":[0.0,-1.81314]},"A8s":{"weight":0.0406,"played":[0.1452,0.8548],"evs":[0.0,0.35777]},"A9s":{"weight":5.0E-4,"played":[0.0655,0.9345],"evs":[0.0,0.06406]},"ATs":{"weight":0.596,"played":[0.0045,0.9955],"evs":[0.0,1.63888]},"AJs":{"weight":0.3876,"played":[0.001,0.999],"evs":[0.0,2.36849]},"AQs":{"weight":0.9998,"played":[0.0,1.0],"evs":[0.0,5.58748]},"AKs":{"weight":1.0,"played":[4.0E-4,0.9996],"evs":[0.0,7.0821]},"AA":{"weight":1.0,"played":[0.0,1.0],"evs":[0.0,25.23116]}}}