{"player":2,"street":0,"children":2,"sequence":[{"player":0,"type":"R","amount":200000,"street":0},{"player":1,"type":"F","amount":0,"street":0},{"player":2,"type":"C","amount":200000,"street":0},{"player":3,"type":"R","amount":1565000,"street":0},{"player":4,"type":"F","amount":0,"street":0},{"player":5,"type":"C","amount":845000,"street":0},{"player":0,"type":"F","amount":0,"street":0}],"actions":[{"type":"F","amount":0},{"type":"C","amount":785000}],"hands":{"22":{"weight":0.0,"played":[0.0,1.0],"evs":[0.0,0.9348]},"32o":{"weight":0.0,"played":[0.9987,0.0013],"evs":[0.0,-2.05337]},"42o":{"weight":0.0,"played":[1.0,0.0],"evs":[0.0,-1.6467]},"52o":{"weight":0.0,"played":[0.9993,7.0E-4],"evs":[0.0,-1.07872]},"62o":{"weight":0.0,"played":[0.9968,0.0032],"evs":[0.0,-2.28421]},"72o":{"weight":0.0,"played":[0.9998,2.0E-4],"evs":[0.0,-3.08862]},"82o":{"weight":0.0,"played":[1.0,0.0],"evs":[0.0,-2.04729]},"92o":{"weight":0.0,"played":[0.9962,0.0038],"evs":[0.0,-1.85968]},"T2o":{"weight":0.0,"played":[1.0,0.0],"evs":[0.0,-2.13658]},"J2o":{"weight":0.0,"played":[0.9999,1.0E-4],"evs":[0.0,-2.29737]},"Q2o":{"weight":0.0,"played":[1.0,0.0],"evs":[0.0,-1.7507]},"K2o":{"weight":0.0,"played":[0.9962,0.0038],"evs":[0.0,-1.64915]},"A2o":{"weight":0.0,"played":[0.9979,0.0021],"evs":[0.0,-1.42697]},"32s":{"weight":0.0,"played":[0.702,0.298],"evs":[0.0,-0.76408]},"33":{"weight":0.0,"played":[3.0E-4,0.9997],"evs":[0.0,1.23957]},"43o":{"weight":0.0,"played":[0.9956,0.0044],"evs":[0.0,-1.11894]},"53o":{"weight":0.0,"played":[0.8627,0.1373],"evs":[0.0,-0.4627]},"63o":{"weight":0.0,"played":[0.9998,2.0E-4],"evs":[0.0,-1.25523]},"73o":{"weight":0.0,"played":[0.9999,1.0E-4],"evs":[0.0,-2.21231]},"83o":{"weight":0.0,"played":[0.9968,0.0032],"evs":[0.0,-2.55241]},"93o":{"weight":0.0,"played":[0.9983,0.0017],"evs":[0.0,-1.87707]},"T3o":{"weight":0.0,"played":[1.0,0.0],"evs":[0.0,-1.83467]},"J3o":{"weight":0.0,"played":[0.9975,0.0025],"evs":[0.0,-1.67689]},"Q3o":{"weight":0.0,"played":[0.9999,1.0E-4],"evs":[0.0,-1.60808]},"K3o":{"weight":0.0,"played":[0.9932,0.0068],"evs":[0.0,-1.19063]},"A3o":{"weight":0.0,"played":[0.9973,0.0027],"evs":[0.0,-1.51949]},"42s":{"weight":0.0,"played":[0.7518,0.2482],"evs":[0.0,-0.80193]},"43s":{"weight":0.0,"played":[0.6807,0.3193],"evs":[0.0,0.70943]},"44":{"weight":0.0,"played":[0.0039,0.9961],"evs":[0.0,1.50088]},"54o":{"weight":0.0,"played":[0.6028,0.3972],"evs":[0.0,-0.27205]},"64o":{"weight":0.0,"played":[0.9705,0.0295],"evs":[0.0,-0.78943]},"74o":{"weight":0.0,"played":[0.9922,0.0078],"evs":[0.0,-0.94669]},"84o":{"weight":0.0,"played":[0.9993,7.0E-4],"evs":[0.0,-1.4146]},"94o":{"weight":0.0,"played":[0.9967,0.0033],"evs":[0.0,-2.31015]},"T4o":{"weight":0.0,"played":[0.9962,0.0038],"evs":[0.0,-2.01239]},"J4o":{"weight":0.0,"played":[0.9992,8.0E-4],"evs":[0.0,-1.90633]},"Q4o":{"weight":0.0,"played":[0.9991,9.0E-4],"evs":[0.0,-0.93935]},"K4o":{"weight":0.0,"played":[0.9939,0.0061],"evs":[0.0,-1.27097]},"A4o":{"weight":0.0,"played":[0.9706,0.0294],"evs":[0.0,-1.07795]},"52s":{"weight":0.0,"played":[0.1514,0.8486],"evs":[0.0,0.01519]},"53s":{"weight":0.0,"played":[0.2614,0.7386],"evs":[0.0,-0.01884]},"54s":{"weight":0.0,"played":[0.0062,0.9938],"evs":[0.0,1.3423]},"55":{"weight":3.0E-4,"played":[0.0,1.0],"evs":[0.0,1.27652]},"65o":{"weight":0.0,"played":[0.0321,0.9679],"evs":[0.0,0.2549]},"75o":{"weight":0.0,"played":[0.9844,0.0156],"evs":[0.0,-0.81557]},"85o":{"weight":0.0,"played":[0.9993,7.0E-4],"evs":[0.0,-0.83037]},"95o":{"weight":0.0,"played":[0.9866,0.0134],"evs":[0.0,-1.49953]},"T5o":{"weight":0.0,"played":[0.9977,0.0023],"evs":[0.0,-1.68501]},"J5o":{"weight":0.0,"played":[0.9915,0.0085],"evs":[0.0,-1.745]},"Q5o":{"weight":0.0,"played":[0.9986,0.0014],"evs":[0.0,-1.22045]},"K5o":{"weight":0.0,"played":[0.9937,0.0063],"evs":[0.0,-1.20253]},"A5o":{"weight":0.0,"played":[0.9827,0.0173],"evs":[0.0,-1.39014]},"62s":{"weight":0.0,"played":[0.9515,0.0485],"evs":[0.0,-0.59369]},"63s":{"weight":0.0,"played":[0.5333,0.4667],"evs":[0.0,-0.59701]},"64s":{"weight":0.0,"played":[0.0362,0.9638],"evs":[0.0,1.93697]},"65s":{"weight":0.0,"played":[0.001,0.999],"evs":[0.0,1.32922]},"66":{"weight":0.895,"played":[0.0,1.0],"evs":[0.0,1.76702]},"76o":{"weight":0.0,"played":[0.1959,0.8041],"evs":[0.0,0.0183]},"86o":{"weight":0.0,"played":[0.9953,0.0047],"evs":[0.0,-0.68346]},"96o":{"weight":0.0,"played":[0.9994,6.0E-4],"evs":[0.0,-1.44992]},"T6o":{"weight":0.0,"played":[0.9951,0.0049],"evs":[0.0,-1.5468]},"J6o":{"weight":0.0,"played":[0.996,0.004],"evs":[0.0,-1.55581]},"Q6o":{"weight":0.0,"played":[0.9984,0.0016],"evs":[0.0,-1.33056]},"K6o":{"weight":0.0,"played":[0.9991,9.0E-4],"evs":[0.0,-0.78846]},"A6o":{"weight":0.0,"played":[0.9979,0.0021],"evs":[0.0,-1.42866]},"72s":{"weight":0.0,"played":[0.8556,0.1444],"evs":[0.0,-0.14125]},"73s":{"weight":0.0,"played":[0.1153,0.8847],"evs":[0.0,0.18155]},"74s":{"weight":0.0,"played":[0.2125,0.7875],"evs":[0.0,0.31279]},"75s":{"weight":0.0,"played":[0.1056,0.8944],"evs":[0.0,0.30494]},"76s":{"weight":0.0,"played":[1.0E-4,0.9999],"evs":[0.0,1.09147]},"77":{"weight":0.0071,"played":[0.0,1.0],"evs":[0.0,1.82687]},"87o":{"weight":0.0,"played":[0.9941,0.0059],"evs":[0.0,-0.52561]},"97o":{"weight":0.0,"played":[0.9846,0.0154],"evs":[0.0,-0.63539]},"T7o":{"weight":0.0,"played":[0.9867,0.0133],"evs":[0.0,-1.50887]},"J7o":{"weight":0.0,"played":[0.9938,0.0062],"evs":[0.0,-1.67929]},"Q7o":{"weight":0.0,"played":[0.9972,0.0028],"evs":[0.0,-1.08895]},"K7o":{"weight":0.0,"played":[0.9992,8.0E-4],"evs":[0.0,-0.80462]},"A7o":{"weight":0.0,"played":[0.9931,0.0069],"evs":[0.0,-1.95497]},"82s":{"weight":0.0,"played":[0.8661,0.1339],"evs":[0.0,-0.91191]},"83s":{"weight":0.0,"played":[0.8641,0.1359],"evs":[0.0,-1.21211]},"84s":{"weight":0.0,"played":[0.4816,0.5184],"evs":[0.0,-0.29119]},"85s":{"weight":0.0,"played":[0.1098,0.8902],"evs":[0.0,0.99107]},"86s":{"weight":0.0,"played":[0.0391,0.9609],"evs":[0.0,2.34065]},"87s":{"weight":0.0,"played":[0.0104,0.9896],"evs":[0.0,1.00895]},"88":{"weight":0.3397,"played":[1.0E-4,0.9999],"evs":[0.0,3.70797]},"98o":{"weight":0.0,"played":[0.5981,0.4019],"evs":[0.0,-0.31138]},"T8o":{"weight":0.0,"played":[0.9987,0.0013],"evs":[0.0,-0.47085]},"J8o":{"weight":0.0,"played":[0.9964,0.0036],"evs":[0.0,-0.85781]},"Q8o":{"weight":0.0,"played":[0.9966,0.0034],"evs":[0.0,-1.01206]},"K8o":{"weight":0.0,"played":[0.9329,0.0671],"evs":[0.0,-0.7617]},"A8o":{"weight":0.0,"played":[0.992,0.008],"evs":[0.0,-1.46129]},"92s":{"weight":0.0,"played":[0.6042,0.3958],"evs":[0.0,-0.69635]},"93s":{"weight":0.0,"played":[0.5105,0.4895],"evs":[0.0,-0.0367]},"94s":{"weight":0.0,"played":[0.8942,0.1058],"evs":[0.0,-0.36695]},"95s":{"weight":0.0,"played":[0.5049,0.4951],"evs":[0.0,0.23771]},"96s":{"weight":0.0,"played":[0.0247,0.9753],"evs":[0.0,0.16937]},"97s":{"weight":0.0,"played":[0.001,0.999],"evs":[0.0,0.45296]},"98s":{"weight":0.0,"played":[0.0554,0.9446],"evs":[0.0,1.06891]},"99":{"weight":3.0E-4,"played":[0.0,1.0],"evs":[0.0,3.91803]},"T9o":{"weight":0.0,"played":[0.6052,0.3948],"evs":[0.0,-0.25539]},"J9o":{"weight":0.0,"played":[0.3249,0.6751],"evs":[0.0,0.26551]},"Q9o":{"weight":0.0,"played":[0.3492,0.6508],"evs":[0.0,0.12809]},"K9o":{"weight":0.0,"played":[0.8905,0.1095],"evs":[0.0,-0.2583]},"A9o":{"weight":2.0E-4,"played":[0.9594,0.0406],"evs":[0.0,-1.31816]},"T2s":{"weight":0.0,"played":[0.9661,0.0339],"evs":[0.0,-1.26302]},"T3s":{"weight":0.0,"played":[0.9016,0.0984],"evs":[0.0,-1.32993]},"T4s":{"weight":0.0,"played":[0.0079,0.9921],"evs":[0.0,0.4854]},"T5s":{"weight":0.0,"played":[0.3858,0.6142],"evs":[0.0,0.13706]},"T6s":{"weight":0.0,"played":[0.2877,0.7123],"evs":[0.0,-0.13841]},"T7s":{"weight":0.0,"played":[0.6851,0.3149],"evs":[0.0,0.35696]},"T8s":{"weight":0.0,"played":[0.0059,0.9941],"evs":[0.0,0.56635]},"T9s":{"weight":0.0,"played":[0.0063,0.9937],"evs":[0.0,1.91655]},"TT":{"weight":0.0,"played":[0.0,1.0],"evs":[0.0,5.91814]},"JTo":{"weight":0.0,"played":[0.002,0.998],"evs":[0.0,0.46677]},"QTo":{"weight":0.0,"played":[0.4476,0.5524],"evs":[0.0,0.38579]},"KTo":{"weight":0.0,"played":[0.4407,0.5593],"evs":[0.0,-0.00752]},"ATo":{"weight":0.0,"played":[0.5038,0.4962],"evs":[0.0,-0.47055]},"J2s":{"weight":0.0,"played":[0.976,0.024],"evs":[0.0,-0.90118]},"J3s":{"weight":0.0,"played":[0.2343,0.7657],"evs":[0.0,-0.34583]},"J4s":{"weight":0.0,"played":[0.5546,0.4454],"evs":[0.0,-0.67646]},"J5s":{"weight":0.0,"played":[0.5488,0.4512],"evs":[0.0,0.31546]},"J6s":{"weight":0.0,"played":[0.003,0.997],"evs":[0.0,0.24377]},"J7s":{"weight":0.0,"played":[0.3881,0.6119],"evs":[0.0,-0.5802]},"J8s":{"weight":0.0,"played":[0.9701,0.0299],"evs":[0.0,-0.19492]},"J9s":{"weight":0.0,"played":[0.0015,0.9985],"evs":[0.0,0.63106]},"JTs":{"weight":0.0,"played":[3.0E-4,0.9997],"evs":[0.0,2.17452]},"JJ":{"weight":0.0,"played":[0.0,1.0],"evs":[0.0,8.26798]},"QJo":{"weight":0.0,"played":[0.3864,0.6136],"evs":[0.0,0.02585]},"KJo":{"weight":0.0,"played":[0.0052,0.9948],"evs":[0.0,1.11814]},"AJo":{"weight":0.0,"played":[0.0023,0.9977],"evs":[0.0,1.7387]},"Q2s":{"weight":0.0,"played":[0.4197,0.5803],"evs":[0.0,-0.31388]},"Q3s":{"weight":0.0,"played":[0.2952,0.7048],"evs":[0.0,0.44034]},"Q4s":{"weight":0.0,"played":[0.4832,0.5168],"evs":[0.0,-0.07242]},"Q5s":{"weight":0.0,"played":[0.4911,0.5089],"evs":[0.0,0.35897]},"Q6s":{"weight":0.0,"played":[0.001,0.999],"evs":[0.0,0.06964]},"Q7s":{"weight":0.0,"played":[0.5906,0.4094],"evs":[0.0,-0.08139]},"Q8s":{"weight":0.0,"played":[0.1379,0.8621],"evs":[0.0,0.67273]},"Q9s":{"weight":0.0,"played":[0.0676,0.9324],"evs":[0.0,0.60551]},"QTs":{"weight":0.0,"played":[0.0172,0.9828],"evs":[0.0,1.66388]},"QJs":{"weight":1.0,"played":[0.0016,0.9984],"evs":[0.0,1.85559]},"QQ":{"weight":0.0,"played":[0.0,1.0],"evs":[0.0,11.64771]},"KQo":{"weight":0.2777,"played":[0.0,1.0],"evs":[0.0,1.09018]},"AQo":{"weight":0.0,"played":[0.0,1.0],"evs":[0.0,2.90106]},"K2s":{"weight":0.0,"played":[0.5109,0.4891],"evs":[0.0,0.26427]},"K3s":{"weight":0.0,"played":[0.4899,0.5101],"evs":[0.0,0.42681]},"K4s":{"weight":0.0,"played":[0.6951,0.3049],"evs":[0.0,-0.10122]},"K5s":{"weight":0.0,"played":[0.3536,0.6464],"evs":[0.0,0.11726]},"K6s":{"weight":0.0,"played":[0.0091,0.9909],"evs":[0.0,1.23239]},"K7s":{"weight":0.0,"played":[0.4188,0.5812],"evs":[0.0,-0.11157]},"K8s":{"weight":0.0,"played":[0.0804,0.9196],"evs":[0.0,0.95912]},"K9s":{"weight":0.0,"played":[0.176,0.824],"evs":[0.0,0.08929]},"KTs":{"weight":0.7009,"played":[0.0,1.0],"evs":[0.0,1.3852]},"KJs":{"weight":0.0139,"played":[0.0023,0.9977],"evs":[0.0,1.68347]},"KQs":{"weight":0.0,"played":[1.0E-4,0.9999],"evs":[0.0,2.44591]},"KK":{"weight":0.0,"played":[0.0,1.0],"evs":[0.0,14.61022]},"AKo":{"weight":0.0,"played":[0.0,1.0],"evs":[0.0,4.93314]},"A2s":{"weight":0.0,"played":[0.1259,0.8741],"evs":[0.0,1.60084]},"A3s":{"weight":0.0,"played":[0.25,0.75],"evs":[0.0,0.53757]},"A4s":{"weight":8.0E-4,"played":[0.5841,0.4159],"evs":[0.0,-0.62549]},"A5s":{"weight":0.5214,"played":[0.0216,0.9784],"evs":[0.0,1.25469]},"A6s":{"weight":0.0,"played":[0.9941,0.0059],"evs":[0.0,-1.20291]},"A7s":{"weight":0.0248,"played":[0.0593,0.9407],"evs":[0.0,-0.2855]},"A8s":{"weight":0.2093,"played":[0.9278,0.0722],"evs":[0.0,-0.57599]},"A9s":{"weight":0.0,"played":[0.937,0.063],"evs":[0.0,-0.00697]},"ATs":{"weight":0.0,"played":[0.0,1.0],"evs":[0.0,2.11979]},"AJs":{"weight":0.0,"played":[0.0105,0.9895],"evs":[0.0,1.97007]},"AQs":{"weight":0.0,"played":[0.0,1.0],"evs":[0.0,3.2319]},"AKs":{"weight":0.0,"played":[0.0,1.0],"evs":[0.0,6.69428]},"AA":{"weight":0.1302,"played":[0.0,1.0],"evs":[0.0,19.31024]}}}