{"player":2,"street":0,"children":2,"sequence":[{"player":0,"type":"R","amount":200000,"street":0},{"player":1,"type":"F","amount":0,"street":0},{"player":2,"type":"C","amount":200000,"street":0},{"player":3,"type":"R","amount":1565000,"street":0},{"player":4,"type":"F","amount":0,"street":0},{"player":5,"type":"C","amount":845000,"street":0},{"player":0,"type":"C","amount":1265000,"street":0}],"actions":[{"type":"F","amount":0},{"type":"C","amount":785000}],"hands":{"22":{"weight":0.0,"played":[0.2331,0.7669],"evs":[0.0,-0.36581]},"32o":{"weight":0.0,"played":[1.0,0.0],"evs":[0.0,-2.64275]},"42o":{"weight":0.0,"played":[1.0,0.0],"evs":[0.0,-1.84422]},"52o":{"weight":0.0,"played":[0.9994,6.0E-4],"evs":[0.0,-1.95062]},"62o":{"weight":0.0,"played":[1.0,0.0],"evs":[0.0,-2.05476]},"72o":{"weight":0.0,"played":[1.0,0.0],"evs":[0.0,-3.70314]},"82o":{"weight":0.0,"played":[0.9995,5.0E-4],"evs":[0.0,-3.38446]},"92o":{"weight":0.0,"played":[1.0,0.0],"evs":[0.0,-3.80558]},"T2o":{"weight":0.0,"played":[0.9999,1.0E-4],"evs":[0.0,-3.88081]},"J2o":{"weight":0.0,"played":[0.9998,2.0E-4],"evs":[0.0,-3.63616]},"Q2o":{"weight":0.0,"played":[0.9999,1.0E-4],"evs":[0.0,-3.36011]},"K2o":{"weight":0.0,"played":[0.9959,0.0041],"evs":[0.0,-2.85743]},"A2o":{"weight":0.0,"played":[0.992,0.008],"evs":[0.0,-2.74676]},"32s":{"weight":0.0,"played":[0.9151,0.0849],"evs":[0.0,-1.73836]},"33":{"weight":0.0,"played":[0.2785,0.7215],"evs":[0.0,0.18715]},"43o":{"weight":0.0,"played":[0.9999,1.0E-4],"evs":[0.0,-1.49025]},"53o":{"weight":0.0,"played":[0.9922,0.0078],"evs":[0.0,-1.12119]},"63o":{"weight":0.0,"played":[0.9997,3.0E-4],"evs":[0.0,-1.82951]},"73o":{"weight":0.0,"played":[1.0,0.0],"evs":[0.0,-2.70045]},"83o":{"weight":0.0,"played":[0.9998,2.0E-4],"evs":[0.0,-3.69359]},"93o":{"weight":0.0,"played":[1.0,0.0],"evs":[0.0,-3.28515]},"T3o":{"weight":0.0,"played":[0.9997,3.0E-4],"evs":[0.0,-3.56927]},"J3o":{"weight":0.0,"played":[0.9986,0.0014],"evs":[0.0,-3.34477]},"Q3o":{"weight":0.0,"played":[0.9995,5.0E-4],"evs":[0.0,-2.86617]},"K3o":{"weight":0.0,"played":[0.9996,4.0E-4],"evs":[0.0,-2.5196]},"A3o":{"weight":0.0,"played":[0.9907,0.0093],"evs":[0.0,-2.32081]},"42s":{"weight":0.0,"played":[1.0,0.0],"evs":[0.0,-1.01211]},"43s":{"weight":0.0,"played":[0.2266,0.7734],"evs":[0.0,0.16184]},"44":{"weight":0.0,"played":[0.6018,0.3982],"evs":[0.0,-0.5267]},"54o":{"weight":0.0,"played":[0.991,0.009],"evs":[0.0,-0.76705]},"64o":{"weight":0.0,"played":[0.9999,1.0E-4],"evs":[0.0,-1.09264]},"74o":{"weight":0.0,"played":[0.9998,2.0E-4],"evs":[0.0,-1.25587]},"84o":{"weight":0.0,"played":[0.9991,9.0E-4],"evs":[0.0,-2.40025]},"94o":{"weight":0.0,"played":[1.0,0.0],"evs":[0.0,-3.1815]},"T4o":{"weight":0.0,"played":[0.9999,1.0E-4],"evs":[0.0,-2.83192]},"J4o":{"weight":0.0,"played":[0.9998,2.0E-4],"evs":[0.0,-2.75332]},"Q4o":{"weight":0.0,"played":[0.9995,5.0E-4],"evs":[0.0,-3.42659]},"K4o":{"weight":0.0,"played":[0.9981,0.0019],"evs":[0.0,-2.32868]},"A4o":{"weight":0.0,"played":[0.9992,8.0E-4],"evs":[0.0,-2.47931]},"52s":{"weight":0.0,"played":[0.9866,0.0134],"evs":[0.0,-0.96017]},"53s":{"weight":0.0,"played":[0.007,0.993],"evs":[0.0,0.37555]},"54s":{"weight":0.0,"played":[0.7031,0.2969],"evs":[0.0,-0.35573]},"55":{"weight":3.0E-4,"played":[0.0023,0.9977],"evs":[0.0,0.38352]},"65o":{"weight":0.0,"played":[0.8494,0.1506],"evs":[0.0,-0.43276]},"75o":{"weight":0.0,"played":[0.9978,0.0022],"evs":[0.0,-0.98392]},"85o":{"weight":0.0,"played":[0.9992,8.0E-4],"evs":[0.0,-1.76018]},"95o":{"weight":0.0,"played":[0.9999,1.0E-4],"evs":[0.0,-2.40551]},"T5o":{"weight":0.0,"played":[1.0,0.0],"evs":[0.0,-3.33558]},"J5o":{"weight":0.0,"played":[1.0,0.0],"evs":[0.0,-2.85697]},"Q5o":{"weight":0.0,"played":[0.9998,2.0E-4],"evs":[0.0,-2.55948]},"K5o":{"weight":0.0,"played":[0.9994,6.0E-4],"evs":[0.0,-2.21862]},"A5o":{"weight":0.0,"played":[0.9974,0.0026],"evs":[0.0,-1.95513]},"62s":{"weight":0.0,"played":[0.9764,0.0236],"evs":[0.0,-1.32522]},"63s":{"weight":0.0,"played":[0.2821,0.7179],"evs":[0.0,0.56728]},"64s":{"weight":0.0,"played":[0.0838,0.9162],"evs":[0.0,0.90676]},"65s":{"weight":0.0,"played":[0.012,0.988],"evs":[0.0,1.05262]},"66":{"weight":0.895,"played":[0.3283,0.6717],"evs":[0.0,-0.26704]},"76o":{"weight":0.0,"played":[0.9615,0.0385],"evs":[0.0,-0.57609]},"86o":{"weight":0.0,"played":[0.9987,0.0013],"evs":[0.0,-1.10632]},"96o":{"weight":0.0,"played":[0.9932,0.0068],"evs":[0.0,-2.78695]},"T6o":{"weight":0.0,"played":[0.9993,7.0E-4],"evs":[0.0,-2.58805]},"J6o":{"weight":0.0,"played":[0.9999,1.0E-4],"evs":[0.0,-3.17186]},"Q6o":{"weight":0.0,"played":[0.9919,0.0081],"evs":[0.0,-2.53595]},"K6o":{"weight":0.0,"played":[0.9996,4.0E-4],"evs":[0.0,-2.12141]},"A6o":{"weight":0.0,"played":[0.9917,0.0083],"evs":[0.0,-3.28969]},"72s":{"weight":0.0,"played":[0.9988,0.0012],"evs":[0.0,-2.73548]},"73s":{"weight":0.0,"played":[0.9961,0.0039],"evs":[0.0,-2.18231]},"74s":{"weight":0.0,"played":[0.3797,0.6203],"evs":[0.0,0.39053]},"75s":{"weight":0.0,"played":[0.0026,0.9974],"evs":[0.0,1.12092]},"76s":{"weight":0.0,"played":[0.0102,0.9898],"evs":[0.0,0.4611]},"77":{"weight":0.0071,"played":[0.2287,0.7713],"evs":[0.0,-0.30067]},"87o":{"weight":0.0,"played":[0.9621,0.0379],"evs":[0.0,-1.05096]},"97o":{"weight":0.0,"played":[0.9964,0.0036],"evs":[0.0,-1.7895]},"T7o":{"weight":0.0,"played":[0.994,0.006],"evs":[0.0,-2.47868]},"J7o":{"weight":0.0,"played":[0.9861,0.0139],"evs":[0.0,-3.08511]},"Q7o":{"weight":0.0,"played":[0.9997,3.0E-4],"evs":[0.0,-2.3665]},"K7o":{"weight":0.0,"played":[0.9977,0.0023],"evs":[0.0,-2.17524]},"A7o":{"weight":0.0,"played":[0.9997,3.0E-4],"evs":[0.0,-2.84519]},"82s":{"weight":0.0,"played":[0.9826,0.0174],"evs":[0.0,-1.97345]},"83s":{"weight":0.0,"played":[0.9159,0.0841],"evs":[0.0,-1.68396]},"84s":{"weight":0.0,"played":[0.9547,0.0453],"evs":[0.0,-0.93735]},"85s":{"weight":0.0,"played":[0.9277,0.0723],"evs":[0.0,-1.62854]},"86s":{"weight":0.0,"played":[0.2134,0.7866],"evs":[0.0,1.32988]},"87s":{"weight":0.0,"played":[0.0649,0.9351],"evs":[0.0,1.10056]},"88":{"weight":0.3397,"played":[8.0E-4,0.9992],"evs":[0.0,0.29761]},"98o":{"weight":0.0,"played":[0.9805,0.0195],"evs":[0.0,-1.53838]},"T8o":{"weight":0.0,"played":[0.9896,0.0104],"evs":[0.0,-1.83358]},"J8o":{"weight":0.0,"played":[0.9934,0.0066],"evs":[0.0,-2.47651]},"Q8o":{"weight":0.0,"played":[0.9971,0.0029],"evs":[0.0,-2.03211]},"K8o":{"weight":0.0,"played":[0.995,0.005],"evs":[0.0,-1.94311]},"A8o":{"weight":0.0,"played":[0.9952,0.0048],"evs":[0.0,-3.21307]},"92s":{"weight":0.0,"played":[0.9876,0.0124],"evs":[0.0,-2.40936]},"93s":{"weight":0.0,"played":[0.9847,0.0153],"evs":[0.0,-1.87052]},"94s":{"weight":0.0,"played":[0.9999,1.0E-4],"evs":[0.0,-1.18365]},"95s":{"weight":0.0,"played":[0.9697,0.0303],"evs":[0.0,-2.14879]},"96s":{"weight":0.0,"played":[0.5186,0.4814],"evs":[0.0,-0.23522]},"97s":{"weight":0.0,"played":[0.3421,0.6579],"evs":[0.0,0.06855]},"98s":{"weight":0.0,"played":[0.0287,0.9713],"evs":[0.0,0.63595]},"99":{"weight":3.0E-4,"played":[0.0,1.0],"evs":[0.0,0.64185]},"T9o":{"weight":0.0,"played":[0.9835,0.0165],"evs":[0.0,-1.68467]},"J9o":{"weight":0.0,"played":[0.9907,0.0093],"evs":[0.0,-1.87167]},"Q9o":{"weight":0.0,"played":[0.9976,0.0024],"evs":[0.0,-2.24165]},"K9o":{"weight":0.0,"played":[0.9947,0.0053],"evs":[0.0,-1.97978]},"A9o":{"weight":2.0E-4,"played":[0.9914,0.0086],"evs":[0.0,-2.63118]},"T2s":{"weight":0.0,"played":[0.9924,0.0076],"evs":[0.0,-1.60967]},"T3s":{"weight":0.0,"played":[0.978,0.022],"evs":[0.0,-0.96093]},"T4s":{"weight":0.0,"played":[0.9978,0.0022],"evs":[0.0,-2.96152]},"T5s":{"weight":0.0,"played":[0.9726,0.0274],"evs":[0.0,-2.22662]},"T6s":{"weight":0.0,"played":[0.9356,0.0644],"evs":[0.0,-1.49162]},"T7s":{"weight":0.0,"played":[0.5515,0.4485],"evs":[0.0,-0.88698]},"T8s":{"weight":0.0,"played":[0.5191,0.4809],"evs":[0.0,0.13335]},"T9s":{"weight":0.0,"played":[0.3669,0.6331],"evs":[0.0,-0.10584]},"TT":{"weight":0.0,"played":[0.0,1.0],"evs":[0.0,1.17104]},"JTo":{"weight":0.0,"played":[0.9813,0.0187],"evs":[0.0,-1.95451]},"QTo":{"weight":0.0,"played":[0.9698,0.0302],"evs":[0.0,-1.60759]},"KTo":{"weight":0.0,"played":[0.9881,0.0119],"evs":[0.0,-1.93906]},"ATo":{"weight":0.0,"played":[0.9592,0.0408],"evs":[0.0,-2.82873]},"J2s":{"weight":0.0,"played":[0.999,0.001],"evs":[0.0,-1.67276]},"J3s":{"weight":0.0,"played":[1.0,0.0],"evs":[0.0,-2.92088]},"J4s":{"weight":0.0,"played":[0.9875,0.0125],"evs":[0.0,-2.13618]},"J5s":{"weight":0.0,"played":[0.9835,0.0165],"evs":[0.0,-1.89397]},"J6s":{"weight":0.0,"played":[0.9972,0.0028],"evs":[0.0,-1.19606]},"J7s":{"weight":0.0,"played":[0.9945,0.0055],"evs":[0.0,-1.22447]},"J8s":{"weight":0.0,"played":[0.8001,0.1999],"evs":[0.0,-0.99863]},"J9s":{"weight":0.0,"played":[0.3045,0.6955],"evs":[0.0,-0.54411]},"JTs":{"weight":0.0,"played":[0.5735,0.4265],"evs":[0.0,0.02502]},"JJ":{"weight":0.0,"played":[0.0,1.0],"evs":[0.0,5.17784]},"QJo":{"weight":0.0,"played":[0.9466,0.0534],"evs":[0.0,-1.12142]},"KJo":{"weight":0.0,"played":[0.8549,0.1451],"evs":[0.0,-1.41637]},"AJo":{"weight":0.0,"played":[0.9517,0.0483],"evs":[0.0,-1.33309]},"Q2s":{"weight":0.0,"played":[0.9496,0.0504],"evs":[0.0,-1.67055]},"Q3s":{"weight":0.0,"played":[0.9819,0.0181],"evs":[0.0,-1.41337]},"Q4s":{"weight":0.0,"played":[0.986,0.014],"evs":[0.0,-2.00394]},"Q5s":{"weight":0.0,"played":[0.8488,0.1512],"evs":[0.0,-1.11177]},"Q6s":{"weight":0.0,"played":[0.9716,0.0284],"evs":[0.0,-0.9556]},"Q7s":{"weight":0.0,"played":[0.8633,0.1367],"evs":[0.0,-0.40691]},"Q8s":{"weight":0.0,"played":[0.7642,0.2358],"evs":[0.0,-0.65519]},"Q9s":{"weight":0.0,"played":[0.908,0.092],"evs":[0.0,-0.88505]},"QTs":{"weight":0.0,"played":[0.6211,0.3789],"evs":[0.0,0.17873]},"QJs":{"weight":1.0,"played":[0.0166,0.9834],"evs":[0.0,0.98313]},"QQ":{"weight":0.0,"played":[0.0,1.0],"evs":[0.0,8.12446]},"KQo":{"weight":0.2777,"played":[0.0812,0.9188],"evs":[0.0,0.31226]},"AQo":{"weight":0.0,"played":[0.1924,0.8076],"evs":[0.0,0.60665]},"K2s":{"weight":0.0,"played":[0.9825,0.0175],"evs":[0.0,-1.85243]},"K3s":{"weight":0.0,"played":[0.9031,0.0969],"evs":[0.0,-0.82001]},"K4s":{"weight":0.0,"played":[0.7405,0.2595],"evs":[0.0,-0.99521]},"K5s":{"weight":0.0,"played":[0.3406,0.6594],"evs":[0.0,0.03683]},"K6s":{"weight":0.0,"played":[0.661,0.339],"evs":[0.0,0.03976]},"K7s":{"weight":0.0,"played":[0.0805,0.9195],"evs":[0.0,0.30084]},"K8s":{"weight":0.0,"played":[0.6778,0.3222],"evs":[0.0,-0.70766]},"K9s":{"weight":0.0,"played":[0.3368,0.6632],"evs":[0.0,0.43495]},"KTs":{"weight":0.7009,"played":[0.9541,0.0459],"evs":[0.0,-0.26349]},"KJs":{"weight":0.0139,"played":[0.21,0.79],"evs":[0.0,1.75696]},"KQs":{"weight":0.0,"played":[0.0558,0.9442],"evs":[0.0,1.57952]},"KK":{"weight":0.0,"played":[0.0,1.0],"evs":[0.0,12.73259]},"AKo":{"weight":0.0,"played":[0.0,1.0],"evs":[0.0,2.51233]},"A2s":{"weight":0.0,"played":[0.9829,0.0171],"evs":[0.0,-0.36351]},"A3s":{"weight":0.0,"played":[0.7908,0.2092],"evs":[0.0,-0.71311]},"A4s":{"weight":8.0E-4,"played":[0.316,0.684],"evs":[0.0,-0.23043]},"A5s":{"weight":0.5214,"played":[0.9374,0.0626],"evs":[0.0,-0.78678]},"A6s":{"weight":0.0,"played":[0.4998,0.5002],"evs":[0.0,-0.06827]},"A7s":{"weight":0.0248,"played":[0.9757,0.0243],"evs":[0.0,-2.1245]},"A8s":{"weight":0.2093,"played":[0.9246,0.0754],"evs":[0.0,-0.72423]},"A9s":{"weight":0.0,"played":[0.842,0.158],"evs":[0.0,-1.13706]},"ATs":{"weight":0.0,"played":[0.4112,0.5888],"evs":[0.0,-0.17286]},"AJs":{"weight":0.0,"played":[7.0E-4,0.9993],"evs":[0.0,0.71419]},"AQs":{"weight":0.0,"played":[0.0,1.0],"evs":[0.0,2.2432]},"AKs":{"weight":0.0,"played":[0.0,1.0],"evs":[0.0,3.67454]},"AA":{"weight":0.1302,"played":[0.0,1.0],"evs":[0.0,18.27601]}}}