{"player":5,"street":0,"children":2,"sequence":[{"player":0,"type":"R","amount":200000,"street":0},{"player":1,"type":"F","amount":0,"street":0},{"player":2,"type":"R","amount":985000,"street":0},{"player":3,"type":"F","amount":0,"street":0},{"player":4,"type":"R","amount":1565000,"street":0}],"actions":[{"type":"F","amount":0,"node":283},{"type":"C","amount":845000,"node":284}],"hands":{"22":{"weight":1.0,"played":[0.9998,2.0E-4],"evs":[0.0,-1.76059]},"32o":{"weight":1.0,"played":[1.0,0.0],"evs":[0.0,-3.75627]},"42o":{"weight":1.0,"played":[1.0,0.0],"evs":[0.0,-3.67074]},"52o":{"weight":1.0,"played":[1.0,0.0],"evs":[0.0,-3.43672]},"62o":{"weight":1.0,"played":[1.0,0.0],"evs":[0.0,-3.89146]},"72o":{"weight":1.0,"played":[1.0,0.0],"evs":[0.0,-4.25769]},"82o":{"weight":1.0,"played":[1.0,0.0],"evs":[0.0,-4.18621]},"92o":{"weight":1.0,"played":[1.0,0.0],"evs":[0.0,-4.66325]},"T2o":{"weight":1.0,"played":[1.0,0.0],"evs":[0.0,-4.27782]},"J2o":{"weight":1.0,"played":[1.0,0.0],"evs":[0.0,-4.11724]},"Q2o":{"weight":1.0,"played":[1.0,0.0],"evs":[0.0,-4.01239]},"K2o":{"weight":1.0,"played":[1.0,0.0],"evs":[0.0,-3.57971]},"A2o":{"weight":1.0,"played":[1.0,0.0],"evs":[0.0,-4.15951]},"32s":{"weight":1.0,"played":[1.0,0.0],"evs":[0.0,-2.669]},"33":{"weight":1.0,"played":[0.9997,3.0E-4],"evs":[0.0,-1.8463]},"43o":{"weight":1.0,"played":[1.0,0.0],"evs":[0.0,-3.04501]},"53o":{"weight":1.0,"played":[1.0,0.0],"evs":[0.0,-2.77029]},"63o":{"weight":1.0,"played":[1.0,0.0],"evs":[0.0,-3.15641]},"73o":{"weight":1.0,"played":[1.0,0.0],"evs":[0.0,-3.77715]},"83o":{"weight":1.0,"played":[1.0,0.0],"evs":[0.0,-4.23292]},"93o":{"weight":1.0,"played":[1.0,0.0],"evs":[0.0,-4.13316]},"T3o":{"weight":1.0,"played":[1.0,0.0],"evs":[0.0,-4.06746]},"J3o":{"weight":1.0,"played":[1.0,0.0],"evs":[0.0,-3.98906]},"Q3o":{"weight":1.0,"played":[1.0,0.0],"evs":[0.0,-4.02597]},"K3o":{"weight":1.0,"played":[1.0,0.0],"evs":[0.0,-3.40942]},"A3o":{"weight":1.0,"played":[1.0,0.0],"evs":[0.0,-3.92362]},"42s":{"weight":1.0,"played":[1.0,0.0],"evs":[0.0,-2.13634]},"43s":{"weight":1.0,"played":[0.9992,8.0E-4],"evs":[0.0,-1.56125]},"44":{"weight":1.0,"played":[0.999,0.001],"evs":[0.0,-1.51792]},"54o":{"weight":1.0,"played":[1.0,0.0],"evs":[0.0,-2.33361]},"64o":{"weight":1.0,"played":[1.0,0.0],"evs":[0.0,-2.56083]},"74o":{"weight":1.0,"played":[1.0,0.0],"evs":[0.0,-3.00383]},"84o":{"weight":1.0,"played":[1.0,0.0],"evs":[0.0,-3.60487]},"94o":{"weight":1.0,"played":[1.0,0.0],"evs":[0.0,-4.02048]},"T4o":{"weight":1.0,"played":[1.0,0.0],"evs":[0.0,-3.83188]},"J4o":{"weight":1.0,"played":[1.0,0.0],"evs":[0.0,-3.90205]},"Q4o":{"weight":1.0,"played":[1.0,0.0],"evs":[0.0,-3.93267]},"K4o":{"weight":1.0,"played":[1.0,0.0],"evs":[0.0,-3.46255]},"A4o":{"weight":1.0,"played":[1.0,0.0],"evs":[0.0,-3.72039]},"52s":{"weight":1.0,"played":[0.9996,4.0E-4],"evs":[0.0,-1.92587]},"53s":{"weight":1.0,"played":[0.999,0.001],"evs":[0.0,-1.32912]},"54s":{"weight":1.0,"played":[0.9988,0.0012],"evs":[0.0,-1.18248]},"55":{"weight":1.0,"played":[0.9975,0.0025],"evs":[0.0,-1.03539]},"65o":{"weight":1.0,"played":[1.0,0.0],"evs":[0.0,-2.16545]},"75o":{"weight":1.0,"played":[1.0,0.0],"evs":[0.0,-2.51949]},"85o":{"weight":1.0,"played":[1.0,0.0],"evs":[0.0,-3.04329]},"95o":{"weight":1.0,"played":[1.0,0.0],"evs":[0.0,-3.69221]},"T5o":{"weight":1.0,"played":[1.0,0.0],"evs":[0.0,-3.91685]},"J5o":{"weight":1.0,"played":[1.0,0.0],"evs":[0.0,-3.70993]},"Q5o":{"weight":1.0,"played":[1.0,0.0],"evs":[0.0,-3.74504]},"K5o":{"weight":1.0,"played":[1.0,0.0],"evs":[0.0,-3.17419]},"A5o":{"weight":1.0,"played":[1.0,0.0],"evs":[0.0,-3.76363]},"62s":{"weight":1.0,"played":[0.9999,1.0E-4],"evs":[0.0,-2.59035]},"63s":{"weight":1.0,"played":[1.0,0.0],"evs":[0.0,-1.85133]},"64s":{"weight":1.0,"played":[0.9996,4.0E-4],"evs":[0.0,-1.09967]},"65s":{"weight":1.0,"played":[0.9968,0.0032],"evs":[0.0,-0.64913]},"66":{"weight":1.0,"played":[0.9948,0.0052],"evs":[0.0,-0.89217]},"76o":{"weight":1.0,"played":[0.9999,1.0E-4],"evs":[0.0,-2.21172]},"86o":{"weight":1.0,"played":[1.0,0.0],"evs":[0.0,-2.33634]},"96o":{"weight":1.0,"played":[1.0,0.0],"evs":[0.0,-3.04989]},"T6o":{"weight":1.0,"played":[1.0,0.0],"evs":[0.0,-3.38874]},"J6o":{"weight":1.0,"played":[1.0,0.0],"evs":[0.0,-3.68756]},"Q6o":{"weight":1.0,"played":[1.0,0.0],"evs":[0.0,-3.47457]},"K6o":{"weight":1.0,"played":[1.0,0.0],"evs":[0.0,-2.9028]},"A6o":{"weight":1.0,"played":[1.0,0.0],"evs":[0.0,-3.94619]},"72s":{"weight":1.0,"played":[1.0,0.0],"evs":[0.0,-3.2595]},"73s":{"weight":1.0,"played":[1.0,0.0],"evs":[0.0,-2.14689]},"74s":{"weight":1.0,"played":[1.0,0.0],"evs":[0.0,-2.02511]},"75s":{"weight":1.0,"played":[0.9998,2.0E-4],"evs":[0.0,-1.24959]},"76s":{"weight":1.0,"played":[0.9999,1.0E-4],"evs":[0.0,-1.14198]},"77":{"weight":1.0,"played":[0.8598,0.1402],"evs":[0.0,-0.39757]},"87o":{"weight":1.0,"played":[1.0,0.0],"evs":[0.0,-2.29895]},"97o":{"weight":1.0,"played":[1.0,0.0],"evs":[0.0,-2.47302]},"T7o":{"weight":1.0,"played":[1.0,0.0],"evs":[0.0,-2.84726]},"J7o":{"weight":1.0,"played":[1.0,0.0],"evs":[0.0,-3.58165]},"Q7o":{"weight":1.0,"played":[1.0,0.0],"evs":[0.0,-3.6353]},"K7o":{"weight":1.0,"played":[1.0,0.0],"evs":[0.0,-3.00454]},"A7o":{"weight":1.0,"played":[1.0,0.0],"evs":[0.0,-4.12054]},"82s":{"weight":1.0,"played":[0.9998,2.0E-4],"evs":[0.0,-2.71102]},"83s":{"weight":1.0,"played":[1.0,0.0],"evs":[0.0,-2.34449]},"84s":{"weight":1.0,"played":[0.9997,3.0E-4],"evs":[0.0,-2.28712]},"85s":{"weight":1.0,"played":[0.9998,2.0E-4],"evs":[0.0,-1.76225]},"86s":{"weight":1.0,"played":[0.9989,0.0011],"evs":[0.0,-1.5649]},"87s":{"weight":1.0,"played":[0.9992,8.0E-4],"evs":[0.0,-1.04616]},"88":{"weight":1.0,"played":[9.0E-4,0.9991],"evs":[0.0,0.24426]},"98o":{"weight":1.0,"played":[1.0,0.0],"evs":[0.0,-2.52187]},"T8o":{"weight":1.0,"played":[1.0,0.0],"evs":[0.0,-2.65946]},"J8o":{"weight":1.0,"played":[1.0,0.0],"evs":[0.0,-3.08244]},"Q8o":{"weight":1.0,"played":[1.0,0.0],"evs":[0.0,-3.16751]},"K8o":{"weight":1.0,"played":[1.0,0.0],"evs":[0.0,-3.12562]},"A8o":{"weight":1.0,"played":[1.0,0.0],"evs":[0.0,-3.76514]},"92s":{"weight":1.0,"played":[1.0,0.0],"evs":[0.0,-2.97894]},"93s":{"weight":1.0,"played":[1.0,0.0],"evs":[0.0,-2.54917]},"94s":{"weight":1.0,"played":[1.0,0.0],"evs":[0.0,-2.62253]},"95s":{"weight":1.0,"played":[1.0,0.0],"evs":[0.0,-1.92371]},"96s":{"weight":1.0,"played":[1.0,0.0],"evs":[0.0,-1.57653]},"97s":{"weight":1.0,"played":[0.9997,3.0E-4],"evs":[0.0,-1.6784]},"98s":{"weight":1.0,"played":[1.0,0.0],"evs":[0.0,-0.71862]},"99":{"weight":1.0,"played":[0.0,1.0],"evs":[0.0,0.90064]},"T9o":{"weight":1.0,"played":[1.0,0.0],"evs":[0.0,-2.36948]},"J9o":{"weight":1.0,"played":[1.0,0.0],"evs":[0.0,-2.56989]},"Q9o":{"weight":1.0,"played":[1.0,0.0],"evs":[0.0,-2.99415]},"K9o":{"weight":1.0,"played":[1.0,0.0],"evs":[0.0,-2.77702]},"A9o":{"weight":1.0,"played":[0.9999,1.0E-4],"evs":[0.0,-3.76382]},"T2s":{"weight":1.0,"played":[1.0,0.0],"evs":[0.0,-2.56138]},"T3s":{"weight":1.0,"played":[1.0,0.0],"evs":[0.0,-2.76597]},"T4s":{"weight":1.0,"played":[1.0,0.0],"evs":[0.0,-2.6532]},"T5s":{"weight":1.0,"played":[0.9999,1.0E-4],"evs":[0.0,-2.35768]},"T6s":{"weight":1.0,"played":[0.9998,2.0E-4],"evs":[0.0,-1.85363]},"T7s":{"weight":1.0,"played":[0.9991,9.0E-4],"evs":[0.0,-1.51441]},"T8s":{"weight":1.0,"played":[0.9991,9.0E-4],"evs":[0.0,-0.91317]},"T9s":{"weight":1.0,"played":[0.9992,8.0E-4],"evs":[0.0,-0.91009]},"TT":{"weight":1.0,"played":[0.0,1.0],"evs":[0.0,1.96241]},"JTo":{"weight":1.0,"played":[1.0,0.0],"evs":[0.0,-2.18336]},"QTo":{"weight":1.0,"played":[1.0,0.0],"evs":[0.0,-2.16961]},"KTo":{"weight":1.0,"played":[1.0,0.0],"evs":[0.0,-2.11915]},"ATo":{"weight":1.0,"played":[1.0,0.0],"evs":[0.0,-2.95176]},"J2s":{"weight":1.0,"played":[1.0,0.0],"evs":[0.0,-3.17833]},"J3s":{"weight":1.0,"played":[1.0,0.0],"evs":[0.0,-2.80425]},"J4s":{"weight":1.0,"played":[1.0,0.0],"evs":[0.0,-2.51331]},"J5s":{"weight":1.0,"played":[0.9999,1.0E-4],"evs":[0.0,-2.36102]},"J6s":{"weight":1.0,"played":[1.0,0.0],"evs":[0.0,-2.47138]},"J7s":{"weight":1.0,"played":[0.9999,1.0E-4],"evs":[0.0,-1.76158]},"J8s":{"weight":1.0,"played":[1.0,0.0],"evs":[0.0,-1.79511]},"J9s":{"weight":1.0,"played":[0.9995,5.0E-4],"evs":[0.0,-1.08071]},"JTs":{"weight":1.0,"played":[0.9991,9.0E-4],"evs":[0.0,-0.59657]},"JJ":{"weight":1.0,"played":[0.0,1.0],"evs":[0.0,3.43509]},"QJo":{"weight":1.0,"played":[0.9998,2.0E-4],"evs":[0.0,-2.24868]},"KJo":{"weight":1.0,"played":[0.9993,7.0E-4],"evs":[0.0,-1.98264]},"AJo":{"weight":1.0,"played":[0.9997,3.0E-4],"evs":[0.0,-2.45246]},"Q2s":{"weight":1.0,"played":[1.0,0.0],"evs":[0.0,-2.72112]},"Q3s":{"weight":1.0,"played":[1.0,0.0],"evs":[0.0,-2.24486]},"Q4s":{"weight":1.0,"played":[1.0,0.0],"evs":[0.0,-2.46069]},"Q5s":{"weight":1.0,"played":[0.9999,1.0E-4],"evs":[0.0,-2.14496]},"Q6s":{"weight":1.0,"played":[0.9996,4.0E-4],"evs":[0.0,-2.01633]},"Q7s":{"weight":1.0,"played":[0.9998,2.0E-4],"evs":[0.0,-1.74041]},"Q8s":{"weight":1.0,"played":[0.9995,5.0E-4],"evs":[0.0,-2.05454]},"Q9s":{"weight":1.0,"played":[0.9999,1.0E-4],"evs":[0.0,-1.16752]},"QTs":{"weight":1.0,"played":[0.9736,0.0264],"evs":[0.0,-0.65921]},"QJs":{"weight":1.0,"played":[0.9666,0.0334],"evs":[0.0,-0.50678]},"QQ":{"weight":1.0,"played":[0.0,1.0],"evs":[0.0,6.50127]},"KQo":{"weight":1.0,"played":[0.9999,1.0E-4],"evs":[0.0,-1.51139]},"AQo":{"weight":1.0,"played":[0.9993,7.0E-4],"evs":[0.0,-1.15923]},"K2s":{"weight":1.0,"played":[1.0,0.0],"evs":[0.0,-2.56773]},"K3s":{"weight":1.0,"played":[0.9994,6.0E-4],"evs":[0.0,-2.04807]},"K4s":{"weight":1.0,"played":[1.0,0.0],"evs":[0.0,-2.25404]},"K5s":{"weight":1.0,"played":[1.0,0.0],"evs":[0.0,-1.99302]},"K6s":{"weight":1.0,"played":[1.0,0.0],"evs":[0.0,-1.88305]},"K7s":{"weight":1.0,"played":[1.0,0.0],"evs":[0.0,-1.58625]},"K8s":{"weight":1.0,"played":[1.0,0.0],"evs":[0.0,-1.61497]},"K9s":{"weight":1.0,"played":[0.9957,0.0043],"evs":[0.0,-1.29891]},"KTs":{"weight":1.0,"played":[0.9976,0.0024],"evs":[0.0,-0.83513]},"KJs":{"weight":1.0,"played":[0.9779,0.0221],"evs":[0.0,-0.79255]},"KQs":{"weight":1.0,"played":[0.8895,0.1105],"evs":[0.0,-0.73009]},"KK":{"weight":1.0,"played":[0.0,1.0],"evs":[0.0,10.25196]},"AKo":{"weight":1.0,"played":[0.0,1.0],"evs":[0.0,0.94515]},"A2s":{"weight":1.0,"played":[1.0,0.0],"evs":[0.0,-2.3458]},"A3s":{"weight":1.0,"played":[0.9999,1.0E-4],"evs":[0.0,-2.36719]},"A4s":{"weight":1.0,"played":[0.9999,1.0E-4],"evs":[0.0,-2.13116]},"A5s":{"weight":1.0,"played":[0.9999,1.0E-4],"evs":[0.0,-2.12563]},"A6s":{"weight":1.0,"played":[1.0,0.0],"evs":[0.0,-2.84491]},"A7s":{"weight":1.0,"played":[0.9995,5.0E-4],"evs":[0.0,-2.54643]},"A8s":{"weight":1.0,"played":[0.9994,6.0E-4],"evs":[0.0,-2.60187]},"A9s":{"weight":1.0,"played":[0.9989,0.0011],"evs":[0.0,-2.14346]},"ATs":{"weight":1.0,"played":[0.9994,6.0E-4],"evs":[0.0,-1.4695]},"AJs":{"weight":1.0,"played":[0.987,0.013],"evs":[0.0,-1.16352]},"AQs":{"weight":1.0,"played":[0.3372,0.6628],"evs":[0.0,0.06232]},"AKs":{"weight":1.0,"played":[0.0,1.0],"evs":[0.0,1.88724]},"AA":{"weight":1.0,"played":[0.0,1.0],"evs":[0.0,14.88594]}}}