{"player":5,"street":0,"children":2,"sequence":[{"player":0,"type":"R","amount":200000,"street":0},{"player":1,"type":"F","amount":0,"street":0},{"player":2,"type":"R","amount":985000,"street":0},{"player":3,"type":"R","amount":1565000,"street":0},{"player":4,"type":"F","amount":0,"street":0}],"actions":[{"type":"F","amount":0,"node":287},{"type":"C","amount":845000,"node":288}],"hands":{"22":{"weight":1.0,"played":[1.0,0.0],"evs":[0.0,-1.61975]},"32o":{"weight":1.0,"played":[1.0,0.0],"evs":[0.0,-3.52411]},"42o":{"weight":1.0,"played":[1.0,0.0],"evs":[0.0,-3.5021]},"52o":{"weight":1.0,"played":[1.0,0.0],"evs":[0.0,-3.25394]},"62o":{"weight":1.0,"played":[1.0,0.0],"evs":[0.0,-3.59308]},"72o":{"weight":1.0,"played":[1.0,0.0],"evs":[0.0,-4.31338]},"82o":{"weight":1.0,"played":[1.0,0.0],"evs":[0.0,-4.33001]},"92o":{"weight":1.0,"played":[1.0,0.0],"evs":[0.0,-4.37934]},"T2o":{"weight":1.0,"played":[1.0,0.0],"evs":[0.0,-4.2461]},"J2o":{"weight":1.0,"played":[1.0,0.0],"evs":[0.0,-3.99832]},"Q2o":{"weight":1.0,"played":[1.0,0.0],"evs":[0.0,-4.366]},"K2o":{"weight":1.0,"played":[1.0,0.0],"evs":[0.0,-3.53821]},"A2o":{"weight":1.0,"played":[1.0,0.0],"evs":[0.0,-4.02735]},"32s":{"weight":1.0,"played":[1.0,0.0],"evs":[0.0,-2.13928]},"33":{"weight":1.0,"played":[0.9995,5.0E-4],"evs":[0.0,-1.41946]},"43o":{"weight":1.0,"played":[1.0,0.0],"evs":[0.0,-2.72583]},"53o":{"weight":1.0,"played":[1.0,0.0],"evs":[0.0,-2.82446]},"63o":{"weight":1.0,"played":[1.0,0.0],"evs":[0.0,-2.93626]},"73o":{"weight":1.0,"played":[1.0,0.0],"evs":[0.0,-3.64999]},"83o":{"weight":1.0,"played":[1.0,0.0],"evs":[0.0,-4.05753]},"93o":{"weight":1.0,"played":[1.0,0.0],"evs":[0.0,-4.1299]},"T3o":{"weight":1.0,"played":[1.0,0.0],"evs":[0.0,-4.0315]},"J3o":{"weight":1.0,"played":[1.0,0.0],"evs":[0.0,-3.90851]},"Q3o":{"weight":1.0,"played":[1.0,0.0],"evs":[0.0,-4.00068]},"K3o":{"weight":1.0,"played":[1.0,0.0],"evs":[0.0,-3.39204]},"A3o":{"weight":1.0,"played":[1.0,0.0],"evs":[0.0,-3.87357]},"42s":{"weight":1.0,"played":[0.9992,8.0E-4],"evs":[0.0,-1.94982]},"43s":{"weight":1.0,"played":[0.9997,3.0E-4],"evs":[0.0,-1.07318]},"44":{"weight":1.0,"played":[0.9993,7.0E-4],"evs":[0.0,-0.98488]},"54o":{"weight":1.0,"played":[1.0,0.0],"evs":[0.0,-2.07628]},"64o":{"weight":1.0,"played":[1.0,0.0],"evs":[0.0,-2.38519]},"74o":{"weight":1.0,"played":[1.0,0.0],"evs":[0.0,-3.06537]},"84o":{"weight":1.0,"played":[1.0,0.0],"evs":[0.0,-3.6051]},"94o":{"weight":1.0,"played":[1.0,0.0],"evs":[0.0,-4.23382]},"T4o":{"weight":1.0,"played":[1.0,0.0],"evs":[0.0,-3.91328]},"J4o":{"weight":1.0,"played":[0.9999,1.0E-4],"evs":[0.0,-3.65962]},"Q4o":{"weight":1.0,"played":[1.0,0.0],"evs":[0.0,-3.82002]},"K4o":{"weight":1.0,"played":[1.0,0.0],"evs":[0.0,-3.18161]},"A4o":{"weight":1.0,"played":[1.0,0.0],"evs":[0.0,-3.51422]},"52s":{"weight":1.0,"played":[1.0,0.0],"evs":[0.0,-1.55543]},"53s":{"weight":1.0,"played":[0.9956,0.0044],"evs":[0.0,-1.37942]},"54s":{"weight":1.0,"played":[1.0,0.0],"evs":[0.0,-0.84743]},"55":{"weight":1.0,"played":[0.9992,8.0E-4],"evs":[0.0,-1.36166]},"65o":{"weight":1.0,"played":[1.0,0.0],"evs":[0.0,-2.20186]},"75o":{"weight":1.0,"played":[1.0,0.0],"evs":[0.0,-2.50537]},"85o":{"weight":1.0,"played":[1.0,0.0],"evs":[0.0,-3.00062]},"95o":{"weight":1.0,"played":[1.0,0.0],"evs":[0.0,-3.65475]},"T5o":{"weight":1.0,"played":[1.0,0.0],"evs":[0.0,-3.82172]},"J5o":{"weight":1.0,"played":[1.0,0.0],"evs":[0.0,-3.58509]},"Q5o":{"weight":1.0,"played":[1.0,0.0],"evs":[0.0,-3.85484]},"K5o":{"weight":1.0,"played":[1.0,0.0],"evs":[0.0,-2.83707]},"A5o":{"weight":1.0,"played":[1.0,0.0],"evs":[0.0,-3.52811]},"62s":{"weight":1.0,"played":[0.9999,1.0E-4],"evs":[0.0,-2.53075]},"63s":{"weight":1.0,"played":[0.9993,7.0E-4],"evs":[0.0,-1.2658]},"64s":{"weight":1.0,"played":[0.9999,1.0E-4],"evs":[0.0,-1.1567]},"65s":{"weight":1.0,"played":[0.9852,0.0148],"evs":[0.0,-0.70406]},"66":{"weight":1.0,"played":[0.9953,0.0047],"evs":[0.0,-1.14454]},"76o":{"weight":1.0,"played":[1.0,0.0],"evs":[0.0,-2.0668]},"86o":{"weight":1.0,"played":[1.0,0.0],"evs":[0.0,-2.74368]},"96o":{"weight":1.0,"played":[1.0,0.0],"evs":[0.0,-3.15765]},"T6o":{"weight":1.0,"played":[1.0,0.0],"evs":[0.0,-3.30392]},"J6o":{"weight":1.0,"played":[1.0,0.0],"evs":[0.0,-3.77707]},"Q6o":{"weight":1.0,"played":[1.0,0.0],"evs":[0.0,-3.62472]},"K6o":{"weight":1.0,"played":[1.0,0.0],"evs":[0.0,-3.01253]},"A6o":{"weight":1.0,"played":[1.0,0.0],"evs":[0.0,-4.38476]},"72s":{"weight":1.0,"played":[0.9998,2.0E-4],"evs":[0.0,-2.85067]},"73s":{"weight":1.0,"played":[1.0,0.0],"evs":[0.0,-2.17917]},"74s":{"weight":1.0,"played":[0.9994,6.0E-4],"evs":[0.0,-1.60337]},"75s":{"weight":1.0,"played":[0.9983,0.0017],"evs":[0.0,-1.13188]},"76s":{"weight":1.0,"played":[0.9972,0.0028],"evs":[0.0,-0.93655]},"77":{"weight":1.0,"played":[0.9554,0.0446],"evs":[0.0,-1.27014]},"87o":{"weight":1.0,"played":[0.9999,1.0E-4],"evs":[0.0,-2.3794]},"97o":{"weight":1.0,"played":[0.9999,1.0E-4],"evs":[0.0,-2.99079]},"T7o":{"weight":1.0,"played":[1.0,0.0],"evs":[0.0,-3.18185]},"J7o":{"weight":1.0,"played":[1.0,0.0],"evs":[0.0,-3.48484]},"Q7o":{"weight":1.0,"played":[1.0,0.0],"evs":[0.0,-3.58345]},"K7o":{"weight":1.0,"played":[1.0,0.0],"evs":[0.0,-3.2631]},"A7o":{"weight":1.0,"played":[1.0,0.0],"evs":[0.0,-4.27049]},"82s":{"weight":1.0,"played":[0.9999,1.0E-4],"evs":[0.0,-2.87095]},"83s":{"weight":1.0,"played":[0.9992,8.0E-4],"evs":[0.0,-2.71544]},"84s":{"weight":1.0,"played":[0.9998,2.0E-4],"evs":[0.0,-2.10698]},"85s":{"weight":1.0,"played":[1.0,0.0],"evs":[0.0,-1.58554]},"86s":{"weight":1.0,"played":[0.9983,0.0017],"evs":[0.0,-1.15597]},"87s":{"weight":1.0,"played":[0.9985,0.0015],"evs":[0.0,-1.54645]},"88":{"weight":1.0,"played":[0.7301,0.2699],"evs":[0.0,-0.19599]},"98o":{"weight":1.0,"played":[1.0,0.0],"evs":[0.0,-2.54358]},"T8o":{"weight":1.0,"played":[1.0,0.0],"evs":[0.0,-2.88561]},"J8o":{"weight":1.0,"played":[1.0,0.0],"evs":[0.0,-3.23565]},"Q8o":{"weight":1.0,"played":[1.0,0.0],"evs":[0.0,-3.5132]},"K8o":{"weight":1.0,"played":[1.0,0.0],"evs":[0.0,-3.42967]},"A8o":{"weight":1.0,"played":[1.0,0.0],"evs":[0.0,-4.02345]},"92s":{"weight":1.0,"played":[0.9998,2.0E-4],"evs":[0.0,-2.9141]},"93s":{"weight":1.0,"played":[1.0,0.0],"evs":[0.0,-3.08371]},"94s":{"weight":1.0,"played":[0.9999,1.0E-4],"evs":[0.0,-2.68512]},"95s":{"weight":1.0,"played":[1.0,0.0],"evs":[0.0,-2.25807]},"96s":{"weight":1.0,"played":[0.9989,0.0011],"evs":[0.0,-2.13804]},"97s":{"weight":1.0,"played":[0.9998,2.0E-4],"evs":[0.0,-1.73016]},"98s":{"weight":1.0,"played":[0.9899,0.0101],"evs":[0.0,-1.54361]},"99":{"weight":1.0,"played":[1.0E-4,0.9999],"evs":[0.0,0.68602]},"T9o":{"weight":1.0,"played":[0.9999,1.0E-4],"evs":[0.0,-2.31778]},"J9o":{"weight":1.0,"played":[1.0,0.0],"evs":[0.0,-2.72356]},"Q9o":{"weight":1.0,"played":[0.9995,5.0E-4],"evs":[0.0,-3.3967]},"K9o":{"weight":1.0,"played":[1.0,0.0],"evs":[0.0,-3.09922]},"A9o":{"weight":1.0,"played":[1.0,0.0],"evs":[0.0,-3.80132]},"T2s":{"weight":1.0,"played":[1.0,0.0],"evs":[0.0,-2.75394]},"T3s":{"weight":1.0,"played":[1.0,0.0],"evs":[0.0,-2.49366]},"T4s":{"weight":1.0,"played":[1.0,0.0],"evs":[0.0,-2.11967]},"T5s":{"weight":1.0,"played":[0.9999,1.0E-4],"evs":[0.0,-2.326]},"T6s":{"weight":1.0,"played":[0.9998,2.0E-4],"evs":[0.0,-2.22908]},"T7s":{"weight":1.0,"played":[0.9989,0.0011],"evs":[0.0,-1.81266]},"T8s":{"weight":1.0,"played":[0.9994,6.0E-4],"evs":[0.0,-1.43583]},"T9s":{"weight":1.0,"played":[0.9994,6.0E-4],"evs":[0.0,-1.27655]},"TT":{"weight":1.0,"played":[0.0,1.0],"evs":[0.0,1.6689]},"JTo":{"weight":1.0,"played":[1.0,0.0],"evs":[0.0,-2.43295]},"QTo":{"weight":1.0,"played":[1.0,0.0],"evs":[0.0,-2.69046]},"KTo":{"weight":1.0,"played":[1.0,0.0],"evs":[0.0,-2.08061]},"ATo":{"weight":1.0,"played":[1.0,0.0],"evs":[0.0,-3.26184]},"J2s":{"weight":1.0,"played":[0.9999,1.0E-4],"evs":[0.0,-2.51449]},"J3s":{"weight":1.0,"played":[1.0,0.0],"evs":[0.0,-2.39689]},"J4s":{"weight":1.0,"played":[1.0,0.0],"evs":[0.0,-2.42477]},"J5s":{"weight":1.0,"played":[0.9993,7.0E-4],"evs":[0.0,-2.10436]},"J6s":{"weight":1.0,"played":[0.9999,1.0E-4],"evs":[0.0,-2.28441]},"J7s":{"weight":1.0,"played":[0.9999,1.0E-4],"evs":[0.0,-1.7388]},"J8s":{"weight":1.0,"played":[0.9994,6.0E-4],"evs":[0.0,-1.59938]},"J9s":{"weight":1.0,"played":[1.0,0.0],"evs":[0.0,-1.62576]},"JTs":{"weight":1.0,"played":[0.9892,0.0108],"evs":[0.0,-1.13618]},"JJ":{"weight":1.0,"played":[0.0,1.0],"evs":[0.0,3.42354]},"QJo":{"weight":1.0,"played":[0.9999,1.0E-4],"evs":[0.0,-2.23808]},"KJo":{"weight":1.0,"played":[1.0,0.0],"evs":[0.0,-2.14309]},"AJo":{"weight":1.0,"played":[0.9999,1.0E-4],"evs":[0.0,-2.59872]},"Q2s":{"weight":1.0,"played":[0.9994,6.0E-4],"evs":[0.0,-2.64592]},"Q3s":{"weight":1.0,"played":[1.0,0.0],"evs":[0.0,-2.76089]},"Q4s":{"weight":1.0,"played":[0.9999,1.0E-4],"evs":[0.0,-2.42817]},"Q5s":{"weight":1.0,"played":[0.9993,7.0E-4],"evs":[0.0,-2.13773]},"Q6s":{"weight":1.0,"played":[0.9981,0.0019],"evs":[0.0,-2.23006]},"Q7s":{"weight":1.0,"played":[0.9991,9.0E-4],"evs":[0.0,-2.58611]},"Q8s":{"weight":1.0,"played":[0.9999,1.0E-4],"evs":[0.0,-2.13149]},"Q9s":{"weight":1.0,"played":[1.0,0.0],"evs":[0.0,-1.99766]},"QTs":{"weight":1.0,"played":[1.0,0.0],"evs":[0.0,-1.35681]},"QJs":{"weight":1.0,"played":[0.9882,0.0118],"evs":[0.0,-0.83287]},"QQ":{"weight":1.0,"played":[0.0,1.0],"evs":[0.0,6.17039]},"KQo":{"weight":1.0,"played":[0.9998,2.0E-4],"evs":[0.0,-1.79913]},"AQo":{"weight":1.0,"played":[0.9994,6.0E-4],"evs":[0.0,-1.3019]},"K2s":{"weight":1.0,"played":[1.0,0.0],"evs":[0.0,-2.49968]},"K3s":{"weight":1.0,"played":[1.0,0.0],"evs":[0.0,-1.74447]},"K4s":{"weight":1.0,"played":[0.9998,2.0E-4],"evs":[0.0,-1.80279]},"K5s":{"weight":1.0,"played":[0.9999,1.0E-4],"evs":[0.0,-1.55398]},"K6s":{"weight":1.0,"played":[1.0,0.0],"evs":[0.0,-1.10081]},"K7s":{"weight":1.0,"played":[0.9997,3.0E-4],"evs":[0.0,-1.65366]},"K8s":{"weight":1.0,"played":[0.9999,1.0E-4],"evs":[0.0,-2.00865]},"K9s":{"weight":1.0,"played":[0.9993,7.0E-4],"evs":[0.0,-1.52394]},"KTs":{"weight":1.0,"played":[0.9998,2.0E-4],"evs":[0.0,-1.06855]},"KJs":{"weight":1.0,"played":[0.9315,0.0685],"evs":[0.0,-0.16617]},"KQs":{"weight":1.0,"played":[0.7646,0.2354],"evs":[0.0,0.1056]},"KK":{"weight":1.0,"played":[0.0,1.0],"evs":[0.0,10.50929]},"AKo":{"weight":1.0,"played":[0.0,1.0],"evs":[0.0,0.99187]},"A2s":{"weight":1.0,"played":[0.9997,3.0E-4],"evs":[0.0,-2.38936]},"A3s":{"weight":1.0,"played":[0.9996,4.0E-4],"evs":[0.0,-2.53758]},"A4s":{"weight":1.0,"played":[0.9993,7.0E-4],"evs":[0.0,-2.1582]},"A5s":{"weight":1.0,"played":[0.9995,5.0E-4],"evs":[0.0,-1.92954]},"A6s":{"weight":1.0,"played":[0.9995,5.0E-4],"evs":[0.0,-3.23678]},"A7s":{"weight":1.0,"played":[0.999,0.001],"evs":[0.0,-2.82627]},"A8s":{"weight":1.0,"played":[0.9984,0.0016],"evs":[0.0,-2.67569]},"A9s":{"weight":1.0,"played":[0.9943,0.0057],"evs":[0.0,-2.50855]},"ATs":{"weight":1.0,"played":[0.994,0.006],"evs":[0.0,-1.81201]},"AJs":{"weight":1.0,"played":[0.9586,0.0414],"evs":[0.0,-0.88364]},"AQs":{"weight":1.0,"played":[0.7552,0.2448],"evs":[0.0,-0.45669]},"AKs":{"weight":1.0,"played":[9.0E-4,0.9991],"evs":[0.0,1.74176]},"AA":{"weight":1.0,"played":[0.0,1.0],"evs":[0.0,16.2946]}}}