{"player":4,"street":0,"children":3,"sequence":[{"player":0,"type":"R","amount":200000,"street":0},{"player":1,"type":"C","amount":200000,"street":0},{"player":2,"type":"F","amount":0,"street":0},{"player":3,"type":"F","amount":0,"street":0}],"actions":[{"type":"F","amount":0,"node":295},{"type":"C","amount":150000,"node":299},{"type":"R","amount":1465000,"node":312}],"hands":{"22":{"weight":1.0,"played":[0.1026,0.8973,0.0],"evs":[0.0,0.52272,-1.69248]},"32o":{"weight":1.0,"played":[0.9999,1.0E-4,0.0],"evs":[0.0,-1.14086,-4.73809]},"42o":{"weight":1.0,"played":[1.0,0.0,0.0],"evs":[0.0,-0.85401,-4.35428]},"52o":{"weight":1.0,"played":[0.9999,1.0E-4,0.0],"evs":[0.0,-0.93134,-4.18199]},"62o":{"weight":1.0,"played":[1.0,0.0,0.0],"evs":[0.0,-1.09325,-4.70456]},"72o":{"weight":1.0,"played":[1.0,0.0,0.0],"evs":[0.0,-1.09828,-4.54274]},"82o":{"weight":1.0,"played":[1.0,0.0,0.0],"evs":[0.0,-1.08091,-4.24478]},"92o":{"weight":1.0,"played":[1.0,0.0,0.0],"evs":[0.0,-1.00547,-4.39524]},"T2o":{"weight":1.0,"played":[0.9999,1.0E-4,0.0],"evs":[0.0,-1.02865,-4.18903]},"J2o":{"weight":1.0,"played":[1.0,0.0,0.0],"evs":[0.0,-1.20783,-4.31738]},"Q2o":{"weight":1.0,"played":[0.9999,1.0E-4,0.0],"evs":[0.0,-1.098,-3.80749]},"K2o":{"weight":1.0,"played":[0.9999,1.0E-4,0.0],"evs":[0.0,-0.7597,-2.94221]},"A2o":{"weight":1.0,"played":[1.0,0.0,0.0],"evs":[0.0,-0.1908,-0.52009]},"32s":{"weight":1.0,"played":[0.9999,1.0E-4,0.0],"evs":[0.0,-0.65712,-2.97547]},"33":{"weight":1.0,"played":[0.1203,0.8793,4.0E-4],"evs":[0.0,0.48957,-1.34735]},"43o":{"weight":1.0,"played":[1.0,0.0,0.0],"evs":[0.0,-0.85776,-3.97041]},"53o":{"weight":1.0,"played":[0.9999,1.0E-4,0.0],"evs":[0.0,-0.79961,-3.64458]},"63o":{"weight":1.0,"played":[1.0,0.0,0.0],"evs":[0.0,-0.88498,-3.91723]},"73o":{"weight":1.0,"played":[1.0,0.0,0.0],"evs":[0.0,-0.95568,-3.96105]},"83o":{"weight":1.0,"played":[1.0,0.0,0.0],"evs":[0.0,-1.01257,-4.1758]},"93o":{"weight":1.0,"played":[1.0,0.0,0.0],"evs":[0.0,-1.06579,-4.01811]},"T3o":{"weight":1.0,"played":[1.0,0.0,0.0],"evs":[0.0,-0.93282,-3.88328]},"J3o":{"weight":1.0,"played":[1.0,0.0,0.0],"evs":[0.0,-1.07809,-4.11379]},"Q3o":{"weight":1.0,"played":[0.9998,2.0E-4,0.0],"evs":[0.0,-0.93307,-3.75319]},"K3o":{"weight":1.0,"played":[0.9999,0.0,1.0E-4],"evs":[0.0,-0.65305,-2.63107]},"A3o":{"weight":1.0,"played":[0.9943,0.0052,4.0E-4],"evs":[0.0,-0.1562,-0.83204]},"42s":{"weight":1.0,"played":[0.9992,8.0E-4,0.0],"evs":[0.0,-0.82735,-3.12243]},"43s":{"weight":1.0,"played":[0.9852,0.0148,0.0],"evs":[0.0,-0.40795,-2.79626]},"44":{"weight":1.0,"played":[0.0237,0.976,3.0E-4],"evs":[0.0,0.62799,-1.22716]},"54o":{"weight":1.0,"played":[0.9996,4.0E-4,0.0],"evs":[0.0,-0.73862,-3.31842]},"64o":{"weight":1.0,"played":[0.9999,1.0E-4,0.0],"evs":[0.0,-0.73181,-3.46433]},"74o":{"weight":1.0,"played":[1.0,0.0,0.0],"evs":[0.0,-0.92291,-3.58499]},"84o":{"weight":1.0,"played":[1.0,0.0,0.0],"evs":[0.0,-1.04967,-3.79524]},"94o":{"weight":1.0,"played":[1.0,0.0,0.0],"evs":[0.0,-0.94787,-4.25648]},"T4o":{"weight":1.0,"played":[1.0,0.0,0.0],"evs":[0.0,-0.89542,-3.85886]},"J4o":{"weight":1.0,"played":[1.0,0.0,0.0],"evs":[0.0,-1.08366,-4.11264]},"Q4o":{"weight":1.0,"played":[1.0,0.0,0.0],"evs":[0.0,-0.87596,-3.64872]},"K4o":{"weight":1.0,"played":[1.0,0.0,0.0],"evs":[0.0,-0.61613,-2.6675]},"A4o":{"weight":1.0,"played":[0.5912,0.3967,0.0121],"evs":[0.0,-0.12279,-0.56727]},"52s":{"weight":1.0,"played":[0.9987,0.0012,1.0E-4],"evs":[0.0,-0.58892,-3.2095]},"53s":{"weight":1.0,"played":[0.9986,0.0012,2.0E-4],"evs":[0.0,-0.22888,-2.09441]},"54s":{"weight":1.0,"played":[0.9702,0.0298,0.0],"evs":[0.0,-0.18309,-2.32947]},"55":{"weight":1.0,"played":[0.0609,0.9301,0.009],"evs":[0.0,0.63661,-0.76891]},"65o":{"weight":1.0,"played":[1.0,0.0,0.0],"evs":[0.0,-0.57628,-3.01461]},"75o":{"weight":1.0,"played":[1.0,0.0,0.0],"evs":[0.0,-0.74586,-2.98882]},"85o":{"weight":1.0,"played":[1.0,0.0,0.0],"evs":[0.0,-0.81609,-3.1051]},"95o":{"weight":1.0,"played":[1.0,0.0,0.0],"evs":[0.0,-0.90757,-3.7537]},"T5o":{"weight":1.0,"played":[1.0,0.0,0.0],"evs":[0.0,-0.99555,-3.6587]},"J5o":{"weight":1.0,"played":[0.9997,3.0E-4,0.0],"evs":[0.0,-1.01664,-3.64071]},"Q5o":{"weight":1.0,"played":[0.9999,1.0E-4,0.0],"evs":[0.0,-0.92472,-3.50525]},"K5o":{"weight":1.0,"played":[0.9999,1.0E-4,0.0],"evs":[0.0,-0.71244,-2.53247]},"A5o":{"weight":1.0,"played":[0.3043,0.6366,0.0591],"evs":[0.0,0.045,-0.36655]},"62s":{"weight":1.0,"played":[0.998,0.0019,1.0E-4],"evs":[0.0,-0.51369,-3.03907]},"63s":{"weight":1.0,"played":[0.9984,0.0015,1.0E-4],"evs":[0.0,-0.39056,-3.09803]},"64s":{"weight":1.0,"played":[0.9985,0.0015,0.0],"evs":[0.0,-0.51048,-2.4392]},"65s":{"weight":1.0,"played":[0.0493,0.95,7.0E-4],"evs":[0.0,0.33856,-1.52788]},"66":{"weight":1.0,"played":[0.0054,0.9373,0.0573],"evs":[0.0,0.70154,-0.27206]},"76o":{"weight":1.0,"played":[1.0,0.0,0.0],"evs":[0.0,-0.60669,-2.44041]},"86o":{"weight":1.0,"played":[1.0,0.0,0.0],"evs":[0.0,-0.69234,-2.68095]},"96o":{"weight":1.0,"played":[1.0,0.0,0.0],"evs":[0.0,-0.92612,-3.33015]},"T6o":{"weight":1.0,"played":[0.9999,1.0E-4,0.0],"evs":[0.0,-0.75628,-3.22849]},"J6o":{"weight":1.0,"played":[1.0,0.0,0.0],"evs":[0.0,-0.99705,-4.1648]},"Q6o":{"weight":1.0,"played":[1.0,0.0,0.0],"evs":[0.0,-0.8631,-3.56138]},"K6o":{"weight":1.0,"played":[1.0,0.0,0.0],"evs":[0.0,-0.68047,-2.44213]},"A6o":{"weight":1.0,"played":[0.6551,0.3449,0.0],"evs":[0.0,0.00502,-0.29318]},"72s":{"weight":1.0,"played":[1.0,0.0,0.0],"evs":[0.0,-0.93399,-3.69403]},"73s":{"weight":1.0,"played":[0.9989,0.0011,0.0],"evs":[0.0,-0.65489,-2.85578]},"74s":{"weight":1.0,"played":[0.9899,0.0101,0.0],"evs":[0.0,-0.64754,-2.27485]},"75s":{"weight":1.0,"played":[0.9853,0.0147,0.0],"evs":[0.0,-0.08768,-1.84309]},"76s":{"weight":1.0,"played":[0.5284,0.4698,0.0018],"evs":[0.0,0.07572,-1.25179]},"77":{"weight":1.0,"played":[0.0,0.0045,0.9955],"evs":[0.0,1.33462,2.08966]},"87o":{"weight":1.0,"played":[1.0,0.0,0.0],"evs":[0.0,-0.58685,-2.13458]},"97o":{"weight":1.0,"played":[1.0,0.0,0.0],"evs":[0.0,-0.61521,-2.36804]},"T7o":{"weight":1.0,"played":[0.999,0.001,0.0],"evs":[0.0,-0.61798,-2.27984]},"J7o":{"weight":1.0,"played":[0.9999,1.0E-4,0.0],"evs":[0.0,-0.83194,-3.01804]},"Q7o":{"weight":1.0,"played":[1.0,0.0,0.0],"evs":[0.0,-0.8381,-2.89119]},"K7o":{"weight":1.0,"played":[1.0,0.0,0.0],"evs":[0.0,-0.50844,-1.73939]},"A7o":{"weight":1.0,"played":[0.0963,0.546,0.3577],"evs":[0.0,0.12865,0.14535]},"82s":{"weight":1.0,"played":[0.9995,1.0E-4,4.0E-4],"evs":[0.0,-0.73747,-3.00279]},"83s":{"weight":1.0,"played":[0.9996,4.0E-4,0.0],"evs":[0.0,-0.5974,-2.91153]},"84s":{"weight":1.0,"played":[0.9994,6.0E-4,0.0],"evs":[0.0,-0.73695,-2.58735]},"85s":{"weight":1.0,"played":[0.9968,0.0026,6.0E-4],"evs":[0.0,-0.40343,-2.5282]},"86s":{"weight":1.0,"played":[0.8451,0.1548,1.0E-4],"evs":[0.0,0.11417,-1.09438]},"87s":{"weight":1.0,"played":[0.6103,0.3897,0.0],"evs":[0.0,-0.00845,-1.0008]},"88":{"weight":1.0,"played":[0.0,2.0E-4,0.9998],"evs":[0.0,1.84947,3.19851]},"98o":{"weight":1.0,"played":[0.9998,2.0E-4,0.0],"evs":[0.0,-0.63339,-1.85858]},"T8o":{"weight":1.0,"played":[1.0,0.0,0.0],"evs":[0.0,-0.36661,-1.93383]},"J8o":{"weight":1.0,"played":[1.0,0.0,0.0],"evs":[0.0,-0.76752,-2.59617]},"Q8o":{"weight":1.0,"played":[1.0,0.0,0.0],"evs":[0.0,-0.72402,-2.28163]},"K8o":{"weight":1.0,"played":[0.9998,2.0E-4,0.0],"evs":[0.0,-0.69211,-1.57237]},"A8o":{"weight":1.0,"played":[0.0536,0.2542,0.6922],"evs":[0.0,0.31677,0.43703]},"92s":{"weight":1.0,"played":[0.9996,3.0E-4,0.0],"evs":[0.0,-0.61465,-2.99845]},"93s":{"weight":1.0,"played":[0.9999,1.0E-4,0.0],"evs":[0.0,-0.45199,-2.39938]},"94s":{"weight":1.0,"played":[0.9976,0.0024,0.0],"evs":[0.0,-0.71579,-3.25812]},"95s":{"weight":1.0,"played":[0.9038,0.0962,0.0],"evs":[0.0,-0.32416,-2.11853]},"96s":{"weight":1.0,"played":[0.9997,2.0E-4,1.0E-4],"evs":[0.0,-0.27879,-2.00133]},"97s":{"weight":1.0,"played":[0.6089,0.3911,0.0],"evs":[0.0,-0.01273,-1.20379]},"98s":{"weight":1.0,"played":[0.6718,0.3282,0.0],"evs":[0.0,-0.01068,-0.94173]},"99":{"weight":1.0,"played":[0.0,1.0E-4,0.9999],"evs":[0.0,1.81945,2.61488]},"T9o":{"weight":1.0,"played":[0.9999,1.0E-4,0.0],"evs":[0.0,-0.39897,-1.96235]},"J9o":{"weight":1.0,"played":[1.0,0.0,0.0],"evs":[0.0,-0.45161,-2.01141]},"Q9o":{"weight":1.0,"played":[0.9999,1.0E-4,0.0],"evs":[0.0,-0.61479,-2.30148]},"K9o":{"weight":1.0,"played":[0.9995,5.0E-4,0.0],"evs":[0.0,-0.2219,-1.43217]},"A9o":{"weight":1.0,"played":[6.0E-4,0.9976,0.0018],"evs":[0.0,0.9432,0.49519]},"T2s":{"weight":1.0,"played":[0.9999,0.0,0.0],"evs":[0.0,-0.84491,-2.87241]},"T3s":{"weight":1.0,"played":[0.9999,0.0,0.0],"evs":[0.0,-0.52756,-2.72795]},"T4s":{"weight":1.0,"played":[0.9999,0.0,1.0E-4],"evs":[0.0,-0.61799,-3.01508]},"T5s":{"weight":1.0,"played":[0.9993,6.0E-4,1.0E-4],"evs":[0.0,-0.47362,-2.40796]},"T6s":{"weight":1.0,"played":[0.9997,3.0E-4,0.0],"evs":[0.0,-0.29214,-2.13573]},"T7s":{"weight":1.0,"played":[0.7078,0.2922,0.0],"evs":[0.0,-0.09858,-1.11361]},"T8s":{"weight":1.0,"played":[0.7017,0.2967,0.0016],"evs":[0.0,-0.01537,-0.84862]},"T9s":{"weight":1.0,"played":[0.1175,0.8816,9.0E-4],"evs":[0.0,0.13475,-0.58298]},"TT":{"weight":1.0,"played":[0.0,1.0E-4,0.9999],"evs":[0.0,2.73998,4.14246]},"JTo":{"weight":1.0,"played":[0.9992,7.0E-4,1.0E-4],"evs":[0.0,-0.13197,-1.50015]},"QTo":{"weight":1.0,"played":[0.9985,0.0015,0.0],"evs":[0.0,-0.45184,-1.62458]},"KTo":{"weight":1.0,"played":[0.6819,0.3175,6.0E-4],"evs":[0.0,-0.05007,-0.9517]},"ATo":{"weight":1.0,"played":[0.0,0.9638,0.0362],"evs":[0.0,1.31263,1.05287]},"J2s":{"weight":1.0,"played":[0.9991,9.0E-4,0.0],"evs":[0.0,-0.72621,-2.83279]},"J3s":{"weight":1.0,"played":[0.9999,1.0E-4,1.0E-4],"evs":[0.0,-0.70242,-2.51373]},"J4s":{"weight":1.0,"played":[0.9892,0.0106,3.0E-4],"evs":[0.0,-0.68151,-2.76006]},"J5s":{"weight":1.0,"played":[0.9993,5.0E-4,2.0E-4],"evs":[0.0,-0.53511,-2.61959]},"J6s":{"weight":1.0,"played":[0.9829,0.0169,2.0E-4],"evs":[0.0,-0.35422,-2.65757]},"J7s":{"weight":1.0,"played":[1.0,0.0,0.0],"evs":[0.0,-0.57373,-1.65017]},"J8s":{"weight":1.0,"played":[0.9705,0.0289,6.0E-4],"evs":[0.0,-0.53894,-1.49743]},"J9s":{"weight":1.0,"played":[0.3404,0.6595,1.0E-4],"evs":[0.0,0.32524,-0.85753]},"JTs":{"weight":1.0,"played":[0.0704,0.9151,0.0146],"evs":[0.0,0.937,-0.03557]},"JJ":{"weight":1.0,"played":[0.0,0.0,1.0],"evs":[0.0,4.16589,5.67992]},"QJo":{"weight":1.0,"played":[0.9986,0.0013,1.0E-4],"evs":[0.0,-0.14967,-1.17359]},"KJo":{"weight":1.0,"played":[0.1042,0.8923,0.0034],"evs":[0.0,0.54362,0.11167]},"AJo":{"weight":1.0,"played":[0.0,0.0043,0.9957],"evs":[0.0,1.81269,2.02892]},"Q2s":{"weight":1.0,"played":[0.9998,2.0E-4,0.0],"evs":[0.0,-0.5791,-2.38822]},"Q3s":{"weight":1.0,"played":[0.9985,0.0014,2.0E-4],"evs":[0.0,-0.15132,-2.09572]},"Q4s":{"weight":1.0,"played":[0.9988,6.0E-4,6.0E-4],"evs":[0.0,-0.54159,-2.10669]},"Q5s":{"weight":1.0,"played":[1.0,0.0,0.0],"evs":[0.0,-0.33717,-1.98838]},"Q6s":{"weight":1.0,"played":[0.9933,0.0057,0.001],"evs":[0.0,-0.34361,-2.2395]},"Q7s":{"weight":1.0,"played":[0.9579,0.0421,0.0],"evs":[0.0,-0.06763,-1.5581]},"Q8s":{"weight":1.0,"played":[0.9407,0.0509,0.0084],"evs":[0.0,-0.19946,-1.31022]},"Q9s":{"weight":1.0,"played":[0.0595,0.9405,0.0],"evs":[0.0,0.24596,-0.83207]},"QTs":{"weight":1.0,"played":[0.1918,0.7976,0.0106],"evs":[0.0,0.05286,-0.8697]},"QJs":{"weight":1.0,"played":[0.0195,0.9532,0.0272],"evs":[0.0,0.67805,0.05366]},"QQ":{"weight":1.0,"played":[0.0,0.0,1.0],"evs":[0.0,6.40444,8.67082]},"KQo":{"weight":1.0,"played":[0.0032,0.0278,0.969],"evs":[0.0,0.99061,1.23705]},"AQo":{"weight":1.0,"played":[0.0,2.0E-4,0.9998],"evs":[0.0,2.39133,2.77428]},"K2s":{"weight":1.0,"played":[0.9894,0.0106,0.0],"evs":[0.0,-0.22136,-1.64988]},"K3s":{"weight":1.0,"played":[0.9989,0.0011,0.0],"evs":[0.0,-0.31099,-1.53275]},"K4s":{"weight":1.0,"played":[0.8154,0.1815,0.0032],"evs":[0.0,0.01674,-1.36738]},"K5s":{"weight":1.0,"played":[0.9995,4.0E-4,1.0E-4],"evs":[0.0,-0.42524,-1.3638]},"K6s":{"weight":1.0,"played":[0.8399,0.1601,0.0],"evs":[0.0,-0.11231,-1.3189]},"K7s":{"weight":1.0,"played":[0.3083,0.6913,4.0E-4],"evs":[0.0,0.10611,-0.289]},"K8s":{"weight":1.0,"played":[0.0226,0.9766,8.0E-4],"evs":[0.0,0.1069,-0.29746]},"K9s":{"weight":1.0,"played":[0.0246,0.9161,0.0593],"evs":[0.0,0.60463,-0.14829]},"KTs":{"weight":1.0,"played":[0.0249,0.2927,0.6824],"evs":[0.0,0.97038,0.51888]},"KJs":{"weight":1.0,"played":[0.0,0.9071,0.0928],"evs":[0.0,1.06755,0.83486]},"KQs":{"weight":1.0,"played":[1.0E-4,0.1967,0.8032],"evs":[0.0,1.92956,2.37762]},"KK":{"weight":1.0,"played":[0.0,0.0,1.0],"evs":[0.0,9.17717,10.9675]},"AKo":{"weight":1.0,"played":[0.0,0.0,1.0],"evs":[0.0,3.13478,4.01427]},"A2s":{"weight":1.0,"played":[0.0372,0.7686,0.1942],"evs":[0.0,0.76023,0.55364]},"A3s":{"weight":1.0,"played":[0.0082,0.8804,0.1114],"evs":[0.0,0.75174,0.42632]},"A4s":{"weight":1.0,"played":[0.001,0.8508,0.1481],"evs":[0.0,1.37392,1.20722]},"A5s":{"weight":1.0,"played":[0.0013,0.7562,0.2425],"evs":[0.0,1.07684,0.93698]},"A6s":{"weight":1.0,"played":[0.0014,0.0149,0.9837],"evs":[0.0,0.69898,0.80801]},"A7s":{"weight":1.0,"played":[0.0,0.0143,0.9857],"evs":[0.0,0.75745,1.33353]},"A8s":{"weight":1.0,"played":[0.0,0.6354,0.3645],"evs":[0.0,1.47733,1.6893]},"A9s":{"weight":1.0,"played":[3.0E-4,0.9636,0.0361],"evs":[0.0,1.80568,1.3773]},"ATs":{"weight":1.0,"played":[0.0,0.2153,0.7847],"evs":[0.0,2.00106,1.97089]},"AJs":{"weight":1.0,"played":[1.0E-4,1.0E-4,0.9998],"evs":[0.0,2.96599,3.17679]},"AQs":{"weight":1.0,"played":[0.0,8.0E-4,0.9992],"evs":[0.0,3.31956,3.75889]},"AKs":{"weight":1.0,"played":[0.0,0.0023,0.9977],"evs":[0.0,4.05275,4.72562]},"AA":{"weight":1.0,"played":[0.0,0.0,1.0],"evs":[0.0,14.21435,14.87629]}}}