{"player":1,"street":0,"children":2,"sequence":[{"player":0,"type":"R","amount":200000,"street":0},{"player":1,"type":"C","amount":200000,"street":0},{"player":2,"type":"F","amount":0,"street":0},{"player":3,"type":"F","amount":0,"street":0},{"player":4,"type":"C","amount":150000,"street":0},{"player":5,"type":"R","amount":945000,"street":0},{"player":0,"type":"F","amount":0,"street":0}],"actions":[{"type":"F","amount":0,"node":302},{"type":"C","amount":585000,"node":303}],"hands":{"22":{"weight":0.0,"played":[0.4503,0.5497],"evs":[0.0,-0.78986]},"32o":{"weight":0.0,"played":[0.991,0.009],"evs":[0.0,-1.52945]},"42o":{"weight":0.0,"played":[0.9852,0.0148],"evs":[0.0,-1.14405]},"52o":{"weight":0.0,"played":[1.0,0.0],"evs":[0.0,-1.88803]},"62o":{"weight":0.0,"played":[0.9983,0.0017],"evs":[0.0,-2.66723]},"72o":{"weight":0.0,"played":[0.9986,0.0014],"evs":[0.0,-2.40105]},"82o":{"weight":0.0,"played":[0.9934,0.0066],"evs":[0.0,-2.41363]},"92o":{"weight":0.0,"played":[0.9934,0.0066],"evs":[0.0,-2.44825]},"T2o":{"weight":0.0,"played":[0.9921,0.0079],"evs":[0.0,-2.01594]},"J2o":{"weight":0.0,"played":[0.9542,0.0458],"evs":[0.0,-1.47188]},"Q2o":{"weight":0.0,"played":[0.937,0.063],"evs":[0.0,-0.52515]},"K2o":{"weight":0.0,"played":[0.9953,0.0047],"evs":[0.0,-0.8117]},"A2o":{"weight":0.0,"played":[0.896,0.104],"evs":[0.0,-1.16946]},"32s":{"weight":0.0,"played":[0.8809,0.1191],"evs":[0.0,-0.25759]},"33":{"weight":0.0,"played":[0.1297,0.8703],"evs":[0.0,1.37388]},"43o":{"weight":0.0,"played":[0.9944,0.0056],"evs":[0.0,-0.33897]},"53o":{"weight":0.0,"played":[0.4322,0.5678],"evs":[0.0,0.24713]},"63o":{"weight":0.0,"played":[0.7481,0.2519],"evs":[0.0,-0.07801]},"73o":{"weight":0.0,"played":[0.4766,0.5234],"evs":[0.0,-0.04453]},"83o":{"weight":0.0,"played":[0.9994,6.0E-4],"evs":[0.0,-1.04683]},"93o":{"weight":0.0,"played":[0.9531,0.0469],"evs":[0.0,-1.16417]},"T3o":{"weight":0.0,"played":[0.9959,0.0041],"evs":[0.0,-0.42607]},"J3o":{"weight":0.0,"played":[0.9531,0.0469],"evs":[0.0,-0.71008]},"Q3o":{"weight":0.0,"played":[0.4219,0.5781],"evs":[0.0,0.38135]},"K3o":{"weight":0.0,"played":[0.7665,0.2335],"evs":[0.0,0.00642]},"A3o":{"weight":0.0,"played":[0.2352,0.7648],"evs":[0.0,0.44398]},"42s":{"weight":0.0,"played":[0.7003,0.2997],"evs":[0.0,-0.97184]},"43s":{"weight":0.0,"played":[0.579,0.421],"evs":[0.0,-0.17933]},"44":{"weight":0.0,"played":[0.0,1.0],"evs":[0.0,3.12999]},"54o":{"weight":0.0,"played":[0.5032,0.4968],"evs":[0.0,-0.43924]},"64o":{"weight":0.0,"played":[0.4527,0.5473],"evs":[0.0,-0.19801]},"74o":{"weight":0.0,"played":[0.4985,0.5015],"evs":[0.0,0.0878]},"84o":{"weight":0.0,"played":[0.9974,0.0026],"evs":[0.0,-0.61869]},"94o":{"weight":0.0,"played":[0.9513,0.0487],"evs":[0.0,-1.54895]},"T4o":{"weight":0.0,"played":[0.9651,0.0349],"evs":[0.0,-0.50206]},"J4o":{"weight":0.0,"played":[0.5673,0.4327],"evs":[0.0,-0.06482]},"Q4o":{"weight":0.0,"played":[0.5269,0.4731],"evs":[0.0,-0.11109]},"K4o":{"weight":0.0,"played":[0.5699,0.4301],"evs":[0.0,0.21989]},"A4o":{"weight":0.0,"played":[0.363,0.637],"evs":[0.0,0.63677]},"52s":{"weight":0.0,"played":[0.995,0.005],"evs":[0.0,-1.68674]},"53s":{"weight":0.0,"played":[0.218,0.782],"evs":[0.0,0.83792]},"54s":{"weight":0.0,"played":[0.2552,0.7448],"evs":[0.0,0.46027]},"55":{"weight":0.0,"played":[0.005,0.995],"evs":[0.0,2.15267]},"65o":{"weight":0.0,"played":[0.3787,0.6213],"evs":[0.0,-0.11332]},"75o":{"weight":0.0,"played":[0.0967,0.9033],"evs":[0.0,0.03392]},"85o":{"weight":0.0,"played":[0.5987,0.4013],"evs":[0.0,0.11052]},"95o":{"weight":0.0,"played":[0.8474,0.1526],"evs":[0.0,-0.5575]},"T5o":{"weight":0.0,"played":[0.688,0.312],"evs":[0.0,-0.26586]},"J5o":{"weight":0.0,"played":[0.0364,0.9636],"evs":[0.0,0.76666]},"Q5o":{"weight":0.0,"played":[0.6302,0.3698],"evs":[0.0,-0.15916]},"K5o":{"weight":0.0,"played":[0.0605,0.9395],"evs":[0.0,0.09757]},"A5o":{"weight":0.0,"played":[0.3438,0.6562],"evs":[0.0,0.3038]},"62s":{"weight":0.0,"played":[0.8306,0.1694],"evs":[0.0,-2.55701]},"63s":{"weight":0.0,"played":[0.1651,0.8349],"evs":[0.0,0.30166]},"64s":{"weight":0.0,"played":[0.1733,0.8267],"evs":[0.0,0.96549]},"65s":{"weight":0.0,"played":[2.0E-4,0.9998],"evs":[0.0,1.44532]},"66":{"weight":0.282,"played":[0.0,1.0],"evs":[0.0,2.8035]},"76o":{"weight":0.0,"played":[0.3416,0.6584],"evs":[0.0,0.96837]},"86o":{"weight":0.0,"played":[0.0019,0.9981],"evs":[0.0,0.42602]},"96o":{"weight":0.0,"played":[0.9654,0.0346],"evs":[0.0,-0.1516]},"T6o":{"weight":0.0,"played":[0.8229,0.1771],"evs":[0.0,-0.05433]},"J6o":{"weight":0.0,"played":[0.2775,0.7225],"evs":[0.0,-0.30703]},"Q6o":{"weight":0.0,"played":[0.3574,0.6426],"evs":[0.0,0.75479]},"K6o":{"weight":0.0,"played":[0.0142,0.9858],"evs":[0.0,0.42465]},"A6o":{"weight":0.0,"played":[6.0E-4,0.9994],"evs":[0.0,0.27407]},"72s":{"weight":0.0,"played":[0.8448,0.1552],"evs":[0.0,-0.90566]},"73s":{"weight":0.0,"played":[0.1538,0.8462],"evs":[0.0,-0.07971]},"74s":{"weight":0.0,"played":[0.7093,0.2907],"evs":[0.0,0.87678]},"75s":{"weight":0.0,"played":[0.0345,0.9655],"evs":[0.0,1.86076]},"76s":{"weight":0.0,"played":[0.0024,0.9976],"evs":[0.0,3.15322]},"77":{"weight":0.0659,"played":[1.0E-4,0.9999],"evs":[0.0,3.48827]},"87o":{"weight":0.0,"played":[0.1258,0.8742],"evs":[0.0,0.69182]},"97o":{"weight":0.0,"played":[0.4606,0.5394],"evs":[0.0,-0.14265]},"T7o":{"weight":0.0,"played":[0.7862,0.2138],"evs":[0.0,-0.38568]},"J7o":{"weight":0.0,"played":[0.0883,0.9117],"evs":[0.0,0.8103]},"Q7o":{"weight":0.0,"played":[0.3356,0.6644],"evs":[0.0,0.28285]},"K7o":{"weight":0.0,"played":[0.0033,0.9967],"evs":[0.0,0.74708]},"A7o":{"weight":0.0,"played":[0.0095,0.9905],"evs":[0.0,1.45088]},"82s":{"weight":0.0,"played":[0.6899,0.3101],"evs":[0.0,-0.75106]},"83s":{"weight":0.0,"played":[0.9857,0.0143],"evs":[0.0,-0.61386]},"84s":{"weight":0.0,"played":[0.1453,0.8547],"evs":[0.0,1.72826]},"85s":{"weight":0.0,"played":[0.9282,0.0718],"evs":[0.0,-1.10393]},"86s":{"weight":0.0,"played":[5.0E-4,0.9995],"evs":[0.0,0.35784]},"87s":{"weight":0.0,"played":[0.1332,0.8668],"evs":[0.0,1.1253]},"88":{"weight":0.0228,"played":[0.0,1.0],"evs":[0.0,5.39298]},"98o":{"weight":0.0,"played":[0.1102,0.8898],"evs":[0.0,0.38826]},"T8o":{"weight":0.0,"played":[0.0583,0.9417],"evs":[0.0,-0.07912]},"J8o":{"weight":0.0,"played":[0.0,1.0],"evs":[0.0,0.85856]},"Q8o":{"weight":0.0,"played":[0.0189,0.9811],"evs":[0.0,1.09627]},"K8o":{"weight":0.0,"played":[0.0294,0.9706],"evs":[0.0,1.19282]},"A8o":{"weight":0.0,"played":[3.0E-4,0.9997],"evs":[0.0,1.86947]},"92s":{"weight":0.0,"played":[0.944,0.056],"evs":[0.0,-1.03444]},"93s":{"weight":0.0,"played":[0.0424,0.9576],"evs":[0.0,0.59841]},"94s":{"weight":0.0,"played":[0.4864,0.5136],"evs":[0.0,0.71214]},"95s":{"weight":0.0,"played":[0.0307,0.9693],"evs":[0.0,0.32387]},"96s":{"weight":0.0,"played":[0.3088,0.6912],"evs":[0.0,-0.60882]},"97s":{"weight":0.0,"played":[0.0062,0.9938],"evs":[0.0,0.53834]},"98s":{"weight":0.0,"played":[1.0E-4,0.9999],"evs":[0.0,2.47547]},"99":{"weight":0.0,"played":[0.0,1.0],"evs":[0.0,6.50619]},"T9o":{"weight":0.0,"played":[0.0,1.0],"evs":[0.0,1.65042]},"J9o":{"weight":0.0,"played":[0.0016,0.9984],"evs":[0.0,1.21484]},"Q9o":{"weight":0.0,"played":[0.0045,0.9955],"evs":[0.0,0.91872]},"K9o":{"weight":0.0,"played":[1.0E-4,0.9999],"evs":[0.0,1.3593]},"A9o":{"weight":0.0,"played":[0.0153,0.9847],"evs":[0.0,1.18225]},"T2s":{"weight":0.0,"played":[0.9991,9.0E-4],"evs":[0.0,-1.51825]},"T3s":{"weight":0.0,"played":[0.6713,0.3287],"evs":[0.0,-0.00938]},"T4s":{"weight":0.0,"played":[0.063,0.937],"evs":[0.0,0.83069]},"T5s":{"weight":0.0,"played":[0.0012,0.9988],"evs":[0.0,0.14833]},"T6s":{"weight":0.0,"played":[0.0372,0.9628],"evs":[0.0,1.76075]},"T7s":{"weight":0.0,"played":[0.0557,0.9443],"evs":[0.0,0.19917]},"T8s":{"weight":0.0,"played":[7.0E-4,0.9993],"evs":[0.0,1.57102]},"T9s":{"weight":0.0,"played":[0.0,1.0],"evs":[0.0,1.7887]},"TT":{"weight":3.0E-4,"played":[0.0,1.0],"evs":[0.0,6.63261]},"JTo":{"weight":0.0,"played":[0.0065,0.9935],"evs":[0.0,0.72942]},"QTo":{"weight":0.0,"played":[1.0E-4,0.9999],"evs":[0.0,2.43054]},"KTo":{"weight":0.0,"played":[6.0E-4,0.9994],"evs":[0.0,1.46375]},"ATo":{"weight":0.0,"played":[0.0,1.0],"evs":[0.0,3.59133]},"J2s":{"weight":0.0,"played":[0.8171,0.1829],"evs":[0.0,-0.85897]},"J3s":{"weight":0.0,"played":[0.2961,0.7039],"evs":[0.0,1.83973]},"J4s":{"weight":0.0,"played":[0.4135,0.5865],"evs":[0.0,-0.44874]},"J5s":{"weight":0.0,"played":[0.2476,0.7524],"evs":[0.0,0.8767]},"J6s":{"weight":0.0,"played":[0.0118,0.9882],"evs":[0.0,0.77847]},"J7s":{"weight":0.0,"played":[0.1162,0.8838],"evs":[0.0,1.48026]},"J8s":{"weight":0.0,"played":[0.0973,0.9027],"evs":[0.0,0.36962]},"J9s":{"weight":0.0,"played":[0.0099,0.9901],"evs":[0.0,2.01177]},"JTs":{"weight":0.0,"played":[0.0011,0.9989],"evs":[0.0,1.0047]},"JJ":{"weight":0.0,"played":[0.0,1.0],"evs":[0.0,8.06986]},"QJo":{"weight":0.0,"played":[0.0052,0.9948],"evs":[0.0,1.99139]},"KJo":{"weight":0.0,"played":[0.0,1.0],"evs":[0.0,2.33011]},"AJo":{"weight":0.0,"played":[0.0,1.0],"evs":[0.0,4.1715]},"Q2s":{"weight":0.0,"played":[0.9631,0.0369],"evs":[0.0,-2.0442]},"Q3s":{"weight":0.0,"played":[0.7677,0.2323],"evs":[0.0,-0.82209]},"Q4s":{"weight":0.0,"played":[0.0047,0.9953],"evs":[0.0,0.97177]},"Q5s":{"weight":0.0,"played":[0.3411,0.6589],"evs":[0.0,-0.47207]},"Q6s":{"weight":0.0,"played":[0.1682,0.8318],"evs":[0.0,0.43701]},"Q7s":{"weight":0.0,"played":[0.0239,0.9761],"evs":[0.0,0.20924]},"Q8s":{"weight":0.0,"played":[4.0E-4,0.9996],"evs":[0.0,0.89566]},"Q9s":{"weight":0.0,"played":[0.0299,0.9701],"evs":[0.0,1.38173]},"QTs":{"weight":0.0,"played":[0.0017,0.9983],"evs":[0.0,3.59916]},"QJs":{"weight":0.2507,"played":[7.0E-4,0.9993],"evs":[0.0,2.65349]},"QQ":{"weight":0.0,"played":[0.0,1.0],"evs":[0.0,9.10864]},"KQo":{"weight":0.0473,"played":[1.0E-4,0.9999],"evs":[0.0,3.25506]},"AQo":{"weight":0.0,"played":[0.0,1.0],"evs":[0.0,5.43924]},"K2s":{"weight":0.0,"played":[0.0214,0.9786],"evs":[0.0,1.07901]},"K3s":{"weight":0.0,"played":[7.0E-4,0.9993],"evs":[0.0,0.78321]},"K4s":{"weight":0.0,"played":[0.2219,0.7781],"evs":[0.0,0.46552]},"K5s":{"weight":0.0,"played":[1.0E-4,0.9999],"evs":[0.0,1.81036]},"K6s":{"weight":0.0,"played":[0.0,1.0],"evs":[0.0,1.405]},"K7s":{"weight":0.0,"played":[0.0964,0.9036],"evs":[0.0,2.04418]},"K8s":{"weight":0.0,"played":[0.0146,0.9854],"evs":[0.0,1.7691]},"K9s":{"weight":0.0,"played":[0.0152,0.9848],"evs":[0.0,2.23526]},"KTs":{"weight":0.0024,"played":[0.0354,0.9646],"evs":[0.0,2.57255]},"KJs":{"weight":0.1613,"played":[2.0E-4,0.9998],"evs":[0.0,4.18644]},"KQs":{"weight":0.082,"played":[2.0E-4,0.9998],"evs":[0.0,4.09056]},"KK":{"weight":0.0,"played":[2.0E-4,0.9998],"evs":[0.0,8.97109]},"AKo":{"weight":0.0,"played":[0.0,1.0],"evs":[0.0,5.69883]},"A2s":{"weight":0.0,"played":[0.2849,0.7151],"evs":[0.0,2.81126]},"A3s":{"weight":0.0,"played":[0.0049,0.9951],"evs":[0.0,1.32071]},"A4s":{"weight":0.0,"played":[0.0872,0.9128],"evs":[0.0,2.30862]},"A5s":{"weight":0.0,"played":[0.007,0.993],"evs":[0.0,0.11643]},"A6s":{"weight":0.0,"played":[0.0245,0.9755],"evs":[0.0,1.46705]},"A7s":{"weight":0.0,"played":[5.0E-4,0.9995],"evs":[0.0,1.61986]},"A8s":{"weight":0.0,"played":[0.0,1.0],"evs":[0.0,1.7122]},"A9s":{"weight":0.0,"played":[0.0121,0.9879],"evs":[0.0,1.54648]},"ATs":{"weight":0.0,"played":[0.0116,0.9884],"evs":[0.0,5.97183]},"AJs":{"weight":0.0,"played":[2.0E-4,0.9998],"evs":[0.0,4.87024]},"AQs":{"weight":0.0,"played":[1.0E-4,0.9999],"evs":[0.0,5.3661]},"AKs":{"weight":0.001,"played":[6.0E-4,0.9994],"evs":[0.0,7.23654]},"AA":{"weight":0.062,"played":[0.0,1.0],"evs":[0.0,13.9243]}}}