{"player":3,"street":0,"children":2,"sequence":[{"player":0,"type":"F","amount":0,"street":0},{"player":1,"type":"F","amount":0,"street":0},{"player":2,"type":"R","amount":985000,"street":0},{"player":3,"type":"C","amount":985000,"street":0},{"player":4,"type":"R","amount":1565000,"street":0},{"player":5,"type":"C","amount":845000,"street":0}],"actions":[{"type":"F","amount":0},{"type":"C","amount":580000}],"hands":{"22":{"weight":0.583,"played":[0.0,1.0],"evs":[0.0,9.39802]},"32o":{"weight":0.0,"played":[0.0,1.0],"evs":[0.0,4.62627]},"42o":{"weight":0.0,"played":[0.0,1.0],"evs":[0.0,5.25411]},"52o":{"weight":0.0,"played":[0.0,1.0],"evs":[0.0,5.56062]},"62o":{"weight":0.0,"played":[0.0,1.0],"evs":[0.0,5.11291]},"72o":{"weight":0.0,"played":[0.0,1.0],"evs":[0.0,4.51956]},"82o":{"weight":0.0,"played":[0.0,1.0],"evs":[0.0,4.53315]},"92o":{"weight":0.0,"played":[0.0,1.0],"evs":[0.0,4.65347]},"T2o":{"weight":0.0,"played":[0.0,1.0],"evs":[0.0,4.4293]},"J2o":{"weight":0.0,"played":[0.0,1.0],"evs":[0.0,4.75197]},"Q2o":{"weight":0.0,"played":[0.0,1.0],"evs":[0.0,4.70776]},"K2o":{"weight":0.0,"played":[0.0,1.0],"evs":[0.0,5.03154]},"A2o":{"weight":0.0,"played":[0.0,1.0],"evs":[0.0,5.80142]},"32s":{"weight":0.0,"played":[0.0,1.0],"evs":[0.0,7.01374]},"33":{"weight":0.5658,"played":[0.0,1.0],"evs":[0.0,9.98472]},"43o":{"weight":0.0,"played":[0.0,1.0],"evs":[0.0,6.03298]},"53o":{"weight":0.0,"played":[0.0,1.0],"evs":[0.0,6.49708]},"63o":{"weight":0.0,"played":[0.0,1.0],"evs":[0.0,6.07446]},"73o":{"weight":0.0,"played":[0.0,1.0],"evs":[0.0,5.36099]},"83o":{"weight":0.0,"played":[0.0,1.0],"evs":[0.0,4.62424]},"93o":{"weight":0.0,"played":[0.0,1.0],"evs":[0.0,4.81119]},"T3o":{"weight":0.0,"played":[0.0,1.0],"evs":[0.0,4.71003]},"J3o":{"weight":0.0,"played":[0.0,1.0],"evs":[0.0,5.22341]},"Q3o":{"weight":0.0,"played":[0.0,1.0],"evs":[0.0,5.2132]},"K3o":{"weight":0.0,"played":[0.0,1.0],"evs":[0.0,5.2149]},"A3o":{"weight":0.0,"played":[0.0,1.0],"evs":[0.0,6.2353]},"42s":{"weight":0.0,"played":[0.0,1.0],"evs":[0.0,7.69451]},"43s":{"weight":0.0,"played":[0.0,1.0],"evs":[0.0,8.34519]},"44":{"weight":0.4042,"played":[0.0,1.0],"evs":[0.0,10.79825]},"54o":{"weight":0.0,"played":[0.0,1.0],"evs":[0.0,7.41564]},"64o":{"weight":0.0,"played":[0.0,1.0],"evs":[0.0,6.92055]},"74o":{"weight":0.0,"played":[0.0,1.0],"evs":[0.0,6.59988]},"84o":{"weight":0.0,"played":[0.0,1.0],"evs":[0.0,5.67782]},"94o":{"weight":0.0,"played":[0.0,1.0],"evs":[0.0,4.8233]},"T4o":{"weight":0.0,"played":[0.0,1.0],"evs":[0.0,5.00533]},"J4o":{"weight":0.0,"played":[0.0,1.0],"evs":[0.0,5.41024]},"Q4o":{"weight":0.0,"played":[0.0,1.0],"evs":[0.0,5.27385]},"K4o":{"weight":0.0,"played":[0.0,1.0],"evs":[0.0,5.70644]},"A4o":{"weight":0.0,"played":[0.0,1.0],"evs":[0.0,6.83821]},"52s":{"weight":0.0,"played":[0.0,1.0],"evs":[0.0,7.83577]},"53s":{"weight":0.0,"played":[0.0,1.0],"evs":[0.0,8.73244]},"54s":{"weight":0.0,"played":[0.0,1.0],"evs":[0.0,9.40173]},"55":{"weight":0.3282,"played":[0.0,1.0],"evs":[0.0,11.85477]},"65o":{"weight":0.0,"played":[0.0,1.0],"evs":[0.0,7.88991]},"75o":{"weight":0.0,"played":[0.0,1.0],"evs":[0.0,7.37084]},"85o":{"weight":0.0,"played":[0.0,1.0],"evs":[0.0,6.72941]},"95o":{"weight":0.0,"played":[0.0,1.0],"evs":[0.0,5.98169]},"T5o":{"weight":0.0,"played":[0.0,1.0],"evs":[0.0,5.12533]},"J5o":{"weight":0.0,"played":[0.0,1.0],"evs":[0.0,5.7857]},"Q5o":{"weight":0.0,"played":[0.0,1.0],"evs":[0.0,5.61744]},"K5o":{"weight":0.0,"played":[0.0,1.0],"evs":[0.0,6.19456]},"A5o":{"weight":0.5907,"played":[0.0,1.0],"evs":[0.0,6.87364]},"62s":{"weight":0.0,"played":[0.0,1.0],"evs":[0.0,7.08692]},"63s":{"weight":0.0,"played":[0.0,1.0],"evs":[0.0,8.2269]},"64s":{"weight":0.0,"played":[0.0,1.0],"evs":[0.0,9.28206]},"65s":{"weight":0.0,"played":[0.0,1.0],"evs":[0.0,10.58842]},"66":{"weight":0.3121,"played":[0.0,1.0],"evs":[0.0,13.14958]},"76o":{"weight":0.0,"played":[0.0,1.0],"evs":[0.0,8.06188]},"86o":{"weight":0.0,"played":[0.0,1.0],"evs":[0.0,7.64966]},"96o":{"weight":0.0,"played":[0.0,1.0],"evs":[0.0,6.79945]},"T6o":{"weight":0.0,"played":[0.0,1.0],"evs":[0.0,6.15835]},"J6o":{"weight":0.0,"played":[0.0,1.0],"evs":[0.0,6.00965]},"Q6o":{"weight":0.0,"played":[0.0,1.0],"evs":[0.0,5.92551]},"K6o":{"weight":0.0,"played":[0.0,1.0],"evs":[0.0,6.41054]},"A6o":{"weight":0.4859,"played":[0.0,1.0],"evs":[0.0,6.33282]},"72s":{"weight":0.0,"played":[0.0,1.0],"evs":[0.0,6.87843]},"73s":{"weight":0.0,"played":[0.0,1.0],"evs":[0.0,7.62976]},"74s":{"weight":0.0,"played":[0.0,1.0],"evs":[0.0,8.47127]},"75s":{"weight":0.0,"played":[0.0,1.0],"evs":[0.0,9.77805]},"76s":{"weight":0.0,"played":[0.0,1.0],"evs":[0.0,10.36158]},"77":{"weight":0.3082,"played":[0.0,1.0],"evs":[0.0,13.93146]},"87o":{"weight":0.0,"played":[0.0,1.0],"evs":[0.0,8.00454]},"97o":{"weight":0.0,"played":[0.0,1.0],"evs":[0.0,7.60007]},"T7o":{"weight":0.0,"played":[0.0,1.0],"evs":[0.0,7.09844]},"J7o":{"weight":0.0,"played":[0.0,1.0],"evs":[0.0,6.72502]},"Q7o":{"weight":0.0,"played":[0.0,1.0],"evs":[0.0,6.33181]},"K7o":{"weight":0.0,"played":[0.0,1.0],"evs":[0.0,6.62646]},"A7o":{"weight":0.5334,"played":[0.0,1.0],"evs":[0.0,6.91614]},"82s":{"weight":0.0,"played":[0.0,1.0],"evs":[0.0,7.19434]},"83s":{"weight":0.0,"played":[0.0,1.0],"evs":[0.0,7.51084]},"84s":{"weight":0.0,"played":[0.0,1.0],"evs":[0.0,8.01448]},"85s":{"weight":0.0,"played":[0.0,1.0],"evs":[0.0,9.16898]},"86s":{"weight":0.0,"played":[0.0,1.0],"evs":[0.0,9.52994]},"87s":{"weight":0.0,"played":[0.0,1.0],"evs":[0.0,10.55798]},"88":{"weight":0.3456,"played":[0.0,1.0],"evs":[0.0,15.0841]},"98o":{"weight":0.0,"played":[0.0,1.0],"evs":[0.0,8.06345]},"T8o":{"weight":0.0,"played":[0.0,1.0],"evs":[0.0,7.59734]},"J8o":{"weight":0.0,"played":[0.0,1.0],"evs":[0.0,7.55822]},"Q8o":{"weight":0.0,"played":[0.0,1.0],"evs":[0.0,6.72309]},"K8o":{"weight":0.0,"played":[0.0,1.0],"evs":[0.0,6.91101]},"A8o":{"weight":0.8788,"played":[0.0,1.0],"evs":[0.0,7.29543]},"92s":{"weight":0.0,"played":[0.0,1.0],"evs":[0.0,6.77581]},"93s":{"weight":0.0,"played":[0.0,1.0],"evs":[0.0,6.96674]},"94s":{"weight":0.0,"played":[0.0,1.0],"evs":[0.0,7.52745]},"95s":{"weight":0.0,"played":[0.0,1.0],"evs":[0.0,8.42415]},"96s":{"weight":0.0,"played":[0.0,1.0],"evs":[0.0,9.62803]},"97s":{"weight":0.0,"played":[0.0,1.0],"evs":[0.0,10.11473]},"98s":{"weight":0.0,"played":[0.0,1.0],"evs":[0.0,10.15738]},"99":{"weight":0.3121,"played":[0.0,1.0],"evs":[0.0,16.4604]},"T9o":{"weight":0.0,"played":[0.0,1.0],"evs":[0.0,8.65679]},"J9o":{"weight":0.0,"played":[0.0,1.0],"evs":[0.0,8.23132]},"Q9o":{"weight":0.0,"played":[0.0,1.0],"evs":[0.0,7.49833]},"K9o":{"weight":0.0,"played":[0.0,1.0],"evs":[0.0,7.16609]},"A9o":{"weight":0.3289,"played":[0.0,1.0],"evs":[0.0,7.60981]},"T2s":{"weight":0.0,"played":[0.0,1.0],"evs":[0.0,6.69212]},"T3s":{"weight":0.0,"played":[0.0,1.0],"evs":[0.0,7.28465]},"T4s":{"weight":0.0,"played":[0.0,1.0],"evs":[0.0,7.89275]},"T5s":{"weight":0.0,"played":[0.0,1.0],"evs":[0.0,8.09747]},"T6s":{"weight":0.0,"played":[0.0,1.0],"evs":[0.0,8.42386]},"T7s":{"weight":0.0,"played":[0.0,1.0],"evs":[0.0,9.1453]},"T8s":{"weight":0.0,"played":[0.0,1.0],"evs":[0.0,9.81077]},"T9s":{"weight":0.0756,"played":[0.0,1.0],"evs":[0.0,10.76899]},"TT":{"weight":0.3173,"played":[0.0,1.0],"evs":[0.0,18.34855]},"JTo":{"weight":0.0,"played":[0.0,1.0],"evs":[0.0,8.75141]},"QTo":{"weight":0.0,"played":[0.0,1.0],"evs":[0.0,8.41295]},"KTo":{"weight":0.4143,"played":[0.0,1.0],"evs":[0.0,8.36052]},"ATo":{"weight":0.501,"played":[0.0,1.0],"evs":[0.0,9.42409]},"J2s":{"weight":0.0,"played":[0.0,1.0],"evs":[0.0,7.62412]},"J3s":{"weight":0.0,"played":[0.0,1.0],"evs":[0.0,7.32132]},"J4s":{"weight":0.0,"played":[0.0,1.0],"evs":[0.0,8.00243]},"J5s":{"weight":0.0,"played":[0.0,1.0],"evs":[0.0,8.11015]},"J6s":{"weight":0.0,"played":[0.0,1.0],"evs":[0.0,8.56093]},"J7s":{"weight":0.0,"played":[0.0,1.0],"evs":[0.0,9.15086]},"J8s":{"weight":0.0,"played":[0.0,1.0],"evs":[0.0,10.09762]},"J9s":{"weight":1.0E-4,"played":[0.0,1.0],"evs":[0.0,10.1171]},"JTs":{"weight":0.3793,"played":[0.0,1.0],"evs":[0.0,11.06483]},"JJ":{"weight":0.3884,"played":[0.0,1.0],"evs":[0.0,21.20041]},"QJo":{"weight":0.4447,"played":[0.0,1.0],"evs":[0.0,8.81544]},"KJo":{"weight":0.463,"played":[0.0,1.0],"evs":[0.0,9.40715]},"AJo":{"weight":0.6751,"played":[0.0,1.0],"evs":[0.0,11.39773]},"Q2s":{"weight":0.0,"played":[0.0,1.0],"evs":[0.0,7.32294]},"Q3s":{"weight":0.0,"played":[0.0,1.0],"evs":[0.0,7.65456]},"Q4s":{"weight":0.0,"played":[0.0,1.0],"evs":[0.0,7.80734]},"Q5s":{"weight":0.0,"played":[0.0,1.0],"evs":[0.0,8.08977]},"Q6s":{"weight":0.0,"played":[0.0,1.0],"evs":[0.0,8.77412]},"Q7s":{"weight":0.0,"played":[0.0,1.0],"evs":[0.0,8.5497]},"Q8s":{"weight":0.0,"played":[0.0,1.0],"evs":[0.0,9.52172]},"Q9s":{"weight":0.3868,"played":[0.0,1.0],"evs":[0.0,9.75073]},"QTs":{"weight":0.3162,"played":[0.0,1.0],"evs":[0.0,10.91012]},"QJs":{"weight":0.4195,"played":[0.0,1.0],"evs":[0.0,11.23724]},"QQ":{"weight":0.4145,"played":[0.0,1.0],"evs":[0.0,24.55269]},"KQo":{"weight":0.4542,"played":[0.0,1.0],"evs":[0.0,10.29567]},"AQo":{"weight":0.666,"played":[0.0,1.0],"evs":[0.0,13.51612]},"K2s":{"weight":0.0,"played":[0.0,1.0],"evs":[0.0,7.583]},"K3s":{"weight":0.0,"played":[0.0,1.0],"evs":[0.0,7.97675]},"K4s":{"weight":0.0,"played":[0.0,1.0],"evs":[0.0,8.04982]},"K5s":{"weight":0.0,"played":[0.0,1.0],"evs":[0.0,8.64724]},"K6s":{"weight":0.0,"played":[0.0,1.0],"evs":[0.0,8.75437]},"K7s":{"weight":1.0E-4,"played":[0.0,1.0],"evs":[0.0,8.96565]},"K8s":{"weight":0.4273,"played":[0.0,1.0],"evs":[0.0,9.4535]},"K9s":{"weight":0.3941,"played":[0.0,1.0],"evs":[0.0,9.86199]},"KTs":{"weight":0.4234,"played":[0.0,1.0],"evs":[0.0,10.72164]},"KJs":{"weight":0.4591,"played":[0.0,1.0],"evs":[0.0,11.4474]},"KQs":{"weight":0.457,"played":[0.0,1.0],"evs":[0.0,12.82698]},"KK":{"weight":0.4316,"played":[0.0,1.0],"evs":[0.0,29.66943]},"AKo":{"weight":0.6376,"played":[0.0,1.0],"evs":[0.0,16.32014]},"A2s":{"weight":0.6158,"played":[0.0,1.0],"evs":[0.0,8.37794]},"A3s":{"weight":0.555,"played":[0.0,1.0],"evs":[0.0,8.68171]},"A4s":{"weight":0.4648,"played":[0.0,1.0],"evs":[0.0,9.27476]},"A5s":{"weight":0.436,"played":[0.0,1.0],"evs":[0.0,9.52767]},"A6s":{"weight":0.5247,"played":[0.0,1.0],"evs":[0.0,9.37716]},"A7s":{"weight":0.439,"played":[0.0,1.0],"evs":[0.0,9.39397]},"A8s":{"weight":0.4469,"played":[0.0,1.0],"evs":[0.0,9.8868]},"A9s":{"weight":0.4097,"played":[0.0,1.0],"evs":[0.0,10.4518]},"ATs":{"weight":0.4042,"played":[0.0,1.0],"evs":[0.0,11.49332]},"AJs":{"weight":0.3836,"played":[0.0,1.0],"evs":[0.0,13.79143]},"AQs":{"weight":0.4515,"played":[0.0,1.0],"evs":[0.0,15.8717]},"AKs":{"weight":0.336,"played":[0.0,1.0],"evs":[0.0,18.34591]},"AA":{"weight":0.4249,"played":[0.0,1.0],"evs":[0.0,36.76761]}}}