{"player":5,"street":0,"children":2,"sequence":[{"player":0,"type":"R","amount":200000,"street":0},{"player":1,"type":"C","amount":200000,"street":0},{"player":2,"type":"F","amount":0,"street":0},{"player":3,"type":"C","amount":200000,"street":0},{"player":4,"type":"R","amount":1565000,"street":0}],"actions":[{"type":"F","amount":0,"node":334},{"type":"C","amount":845000,"node":341}],"hands":{"22":{"weight":1.0,"played":[0.8016,0.1984],"evs":[0.0,-1.51202]},"32o":{"weight":1.0,"played":[0.9891,0.0109],"evs":[0.0,-2.75809]},"42o":{"weight":1.0,"played":[0.9947,0.0053],"evs":[0.0,-3.45861]},"52o":{"weight":1.0,"played":[0.9603,0.0397],"evs":[0.0,-4.27508]},"62o":{"weight":1.0,"played":[0.9999,1.0E-4],"evs":[0.0,-4.13203]},"72o":{"weight":1.0,"played":[0.9689,0.0311],"evs":[0.0,-3.64042]},"82o":{"weight":1.0,"played":[1.0,0.0],"evs":[0.0,-3.46763]},"92o":{"weight":1.0,"played":[0.9993,7.0E-4],"evs":[0.0,-3.0196]},"T2o":{"weight":1.0,"played":[0.9883,0.0117],"evs":[0.0,-2.26708]},"J2o":{"weight":1.0,"played":[0.981,0.019],"evs":[0.0,-4.7473]},"Q2o":{"weight":1.0,"played":[0.9535,0.0465],"evs":[0.0,-4.01157]},"K2o":{"weight":1.0,"played":[0.9688,0.0312],"evs":[0.0,-2.05524]},"A2o":{"weight":1.0,"played":[0.8412,0.1588],"evs":[0.0,-0.89383]},"32s":{"weight":1.0,"played":[0.8922,0.1078],"evs":[0.0,-2.0215]},"33":{"weight":1.0,"played":[0.9047,0.0953],"evs":[0.0,-0.95716]},"43o":{"weight":1.0,"played":[0.972,0.028],"evs":[0.0,-1.19932]},"53o":{"weight":1.0,"played":[0.9943,0.0057],"evs":[0.0,-3.01116]},"63o":{"weight":1.0,"played":[0.8671,0.1329],"evs":[0.0,-1.75332]},"73o":{"weight":1.0,"played":[1.0,0.0],"evs":[0.0,-0.93254]},"83o":{"weight":1.0,"played":[1.0,0.0],"evs":[0.0,-2.63281]},"93o":{"weight":1.0,"played":[0.9894,0.0106],"evs":[0.0,-4.85027]},"T3o":{"weight":1.0,"played":[0.9963,0.0037],"evs":[0.0,-4.06197]},"J3o":{"weight":1.0,"played":[0.9743,0.0257],"evs":[0.0,-4.45949]},"Q3o":{"weight":1.0,"played":[0.9974,0.0026],"evs":[0.0,-2.30346]},"K3o":{"weight":1.0,"played":[0.9893,0.0107],"evs":[0.0,-4.56936]},"A3o":{"weight":1.0,"played":[0.99,0.01],"evs":[0.0,-2.87527]},"42s":{"weight":1.0,"played":[0.3849,0.6151],"evs":[0.0,3.00795]},"43s":{"weight":1.0,"played":[0.5142,0.4858],"evs":[0.0,-0.70961]},"44":{"weight":1.0,"played":[0.4691,0.5309],"evs":[0.0,-0.71491]},"54o":{"weight":1.0,"played":[0.9972,0.0028],"evs":[0.0,-3.29112]},"64o":{"weight":1.0,"played":[0.942,0.058],"evs":[0.0,-2.38239]},"74o":{"weight":1.0,"played":[0.9453,0.0547],"evs":[0.0,-2.1475]},"84o":{"weight":1.0,"played":[0.998,0.002],"evs":[0.0,-3.32856]},"94o":{"weight":1.0,"played":[0.9856,0.0144],"evs":[0.0,-3.17223]},"T4o":{"weight":1.0,"played":[0.9901,0.0099],"evs":[0.0,-2.37573]},"J4o":{"weight":1.0,"played":[0.9946,0.0054],"evs":[0.0,-3.35864]},"Q4o":{"weight":1.0,"played":[1.0,0.0],"evs":[0.0,-2.77456]},"K4o":{"weight":1.0,"played":[0.9913,0.0087],"evs":[0.0,-3.80472]},"A4o":{"weight":1.0,"played":[0.8443,0.1557],"evs":[0.0,-1.36991]},"52s":{"weight":1.0,"played":[0.2457,0.7543],"evs":[0.0,0.86527]},"53s":{"weight":1.0,"played":[0.5894,0.4106],"evs":[0.0,1.22498]},"54s":{"weight":1.0,"played":[0.1439,0.8561],"evs":[0.0,-0.36455]},"55":{"weight":1.0,"played":[0.5833,0.4167],"evs":[0.0,1.19278]},"65o":{"weight":1.0,"played":[0.9819,0.0181],"evs":[0.0,-1.98903]},"75o":{"weight":1.0,"played":[0.5545,0.4455],"evs":[0.0,0.69833]},"85o":{"weight":1.0,"played":[0.9033,0.0967],"evs":[0.0,-2.1828]},"95o":{"weight":1.0,"played":[0.9999,1.0E-4],"evs":[0.0,-1.77456]},"T5o":{"weight":1.0,"played":[0.9992,8.0E-4],"evs":[0.0,-2.93159]},"J5o":{"weight":1.0,"played":[0.9959,0.0041],"evs":[0.0,-3.65798]},"Q5o":{"weight":1.0,"played":[0.9012,0.0988],"evs":[0.0,-3.20057]},"K5o":{"weight":1.0,"played":[0.891,0.109],"evs":[0.0,-3.46005]},"A5o":{"weight":1.0,"played":[0.2518,0.7482],"evs":[0.0,0.25472]},"62s":{"weight":1.0,"played":[0.9077,0.0923],"evs":[0.0,-2.45743]},"63s":{"weight":1.0,"played":[0.6363,0.3637],"evs":[0.0,-0.01481]},"64s":{"weight":1.0,"played":[0.8054,0.1946],"evs":[0.0,0.38166]},"65s":{"weight":1.0,"played":[0.6732,0.3268],"evs":[0.0,-1.23844]},"66":{"weight":1.0,"played":[0.8824,0.1176],"evs":[0.0,-3.22916]},"76o":{"weight":1.0,"played":[0.8951,0.1049],"evs":[0.0,-3.19455]},"86o":{"weight":1.0,"played":[0.3613,0.6387],"evs":[0.0,0.26531]},"96o":{"weight":1.0,"played":[0.8129,0.1871],"evs":[0.0,-0.0424]},"T6o":{"weight":1.0,"played":[0.9692,0.0308],"evs":[0.0,-3.75753]},"J6o":{"weight":1.0,"played":[0.8692,0.1308],"evs":[0.0,-3.68634]},"Q6o":{"weight":1.0,"played":[1.0,0.0],"evs":[0.0,-5.11487]},"K6o":{"weight":1.0,"played":[0.9658,0.0342],"evs":[0.0,-3.90989]},"A6o":{"weight":1.0,"played":[0.995,0.005],"evs":[0.0,-3.34803]},"72s":{"weight":1.0,"played":[0.899,0.101],"evs":[0.0,1.19606]},"73s":{"weight":1.0,"played":[0.9719,0.0281],"evs":[0.0,-0.50638]},"74s":{"weight":1.0,"played":[0.92,0.08],"evs":[0.0,-2.18158]},"75s":{"weight":1.0,"played":[0.4309,0.5691],"evs":[0.0,0.98478]},"76s":{"weight":1.0,"played":[0.194,0.806],"evs":[0.0,3.6229]},"77":{"weight":1.0,"played":[3.0E-4,0.9997],"evs":[0.0,3.56138]},"87o":{"weight":1.0,"played":[0.9762,0.0238],"evs":[0.0,-1.18982]},"97o":{"weight":1.0,"played":[0.8876,0.1124],"evs":[0.0,-0.96771]},"T7o":{"weight":1.0,"played":[0.9998,2.0E-4],"evs":[0.0,-3.51489]},"J7o":{"weight":1.0,"played":[0.9979,0.0021],"evs":[0.0,-2.57045]},"Q7o":{"weight":1.0,"played":[1.0,0.0],"evs":[0.0,-2.18936]},"K7o":{"weight":1.0,"played":[0.9979,0.0021],"evs":[0.0,-2.73135]},"A7o":{"weight":1.0,"played":[0.956,0.044],"evs":[0.0,-1.89162]},"82s":{"weight":1.0,"played":[0.5015,0.4985],"evs":[0.0,-0.81165]},"83s":{"weight":1.0,"played":[0.9986,0.0014],"evs":[0.0,-2.33531]},"84s":{"weight":1.0,"played":[0.7135,0.2865],"evs":[0.0,-0.70756]},"85s":{"weight":1.0,"played":[0.6642,0.3358],"evs":[0.0,-1.16261]},"86s":{"weight":1.0,"played":[0.279,0.721],"evs":[0.0,-0.17487]},"87s":{"weight":1.0,"played":[0.4394,0.5606],"evs":[0.0,3.06392]},"88":{"weight":1.0,"played":[0.2764,0.7236],"evs":[0.0,0.7515]},"98o":{"weight":1.0,"played":[0.6542,0.3458],"evs":[0.0,-2.10541]},"T8o":{"weight":1.0,"played":[0.9989,0.0011],"evs":[0.0,-2.68325]},"J8o":{"weight":1.0,"played":[0.9835,0.0165],"evs":[0.0,-2.06317]},"Q8o":{"weight":1.0,"played":[0.981,0.019],"evs":[0.0,-3.36031]},"K8o":{"weight":1.0,"played":[0.9966,0.0034],"evs":[0.0,-4.49792]},"A8o":{"weight":1.0,"played":[0.8336,0.1664],"evs":[0.0,-2.70522]},"92s":{"weight":1.0,"played":[0.5986,0.4014],"evs":[0.0,-0.45064]},"93s":{"weight":1.0,"played":[0.7503,0.2497],"evs":[0.0,0.05521]},"94s":{"weight":1.0,"played":[0.2351,0.7649],"evs":[0.0,-0.0668]},"95s":{"weight":1.0,"played":[0.129,0.871],"evs":[0.0,4.77129]},"96s":{"weight":1.0,"played":[0.4229,0.5771],"evs":[0.0,0.20297]},"97s":{"weight":1.0,"played":[0.0197,0.9803],"evs":[0.0,0.26628]},"98s":{"weight":1.0,"played":[0.045,0.955],"evs":[0.0,0.12443]},"99":{"weight":1.0,"played":[0.0541,0.9459],"evs":[0.0,2.17875]},"T9o":{"weight":1.0,"played":[0.9996,4.0E-4],"evs":[0.0,-0.58806]},"J9o":{"weight":1.0,"played":[0.4804,0.5196],"evs":[0.0,0.37281]},"Q9o":{"weight":1.0,"played":[0.6704,0.3296],"evs":[0.0,0.30398]},"K9o":{"weight":1.0,"played":[0.9825,0.0175],"evs":[0.0,-2.61183]},"A9o":{"weight":1.0,"played":[0.989,0.011],"evs":[0.0,-1.35757]},"T2s":{"weight":1.0,"played":[0.7595,0.2405],"evs":[0.0,-1.77419]},"T3s":{"weight":1.0,"played":[0.2902,0.7098],"evs":[0.0,1.9836]},"T4s":{"weight":1.0,"played":[0.0081,0.9919],"evs":[0.0,2.00059]},"T5s":{"weight":1.0,"played":[0.1347,0.8653],"evs":[0.0,1.75964]},"T6s":{"weight":1.0,"played":[0.9855,0.0145],"evs":[0.0,-4.19714]},"T7s":{"weight":1.0,"played":[0.9661,0.0339],"evs":[0.0,-3.56305]},"T8s":{"weight":1.0,"played":[0.8894,0.1106],"evs":[0.0,-2.19565]},"T9s":{"weight":1.0,"played":[0.401,0.599],"evs":[0.0,-0.432]},"TT":{"weight":1.0,"played":[1.0E-4,0.9999],"evs":[0.0,4.76306]},"JTo":{"weight":1.0,"played":[0.8073,0.1927],"evs":[0.0,-3.21496]},"QTo":{"weight":1.0,"played":[0.9596,0.0404],"evs":[0.0,-2.35745]},"KTo":{"weight":1.0,"played":[0.9695,0.0305],"evs":[0.0,-0.54935]},"ATo":{"weight":1.0,"played":[0.8535,0.1465],"evs":[0.0,-0.85691]},"J2s":{"weight":1.0,"played":[0.956,0.044],"evs":[0.0,-2.3057]},"J3s":{"weight":1.0,"played":[0.696,0.304],"evs":[0.0,0.68232]},"J4s":{"weight":1.0,"played":[0.9338,0.0662],"evs":[0.0,-3.23992]},"J5s":{"weight":1.0,"played":[0.7896,0.2104],"evs":[0.0,0.66695]},"J6s":{"weight":1.0,"played":[0.9979,0.0021],"evs":[0.0,-3.87009]},"J7s":{"weight":1.0,"played":[0.0556,0.9444],"evs":[0.0,1.58508]},"J8s":{"weight":1.0,"played":[0.9606,0.0394],"evs":[0.0,0.38067]},"J9s":{"weight":1.0,"played":[0.3967,0.6033],"evs":[0.0,-2.30655]},"JTs":{"weight":1.0,"played":[0.9902,0.0098],"evs":[0.0,-4.5179]},"JJ":{"weight":1.0,"played":[0.0,1.0],"evs":[0.0,3.36541]},"QJo":{"weight":1.0,"played":[0.824,0.176],"evs":[0.0,-1.6808]},"KJo":{"weight":1.0,"played":[0.8167,0.1833],"evs":[0.0,-1.57536]},"AJo":{"weight":1.0,"played":[0.0042,0.9958],"evs":[0.0,2.42717]},"Q2s":{"weight":1.0,"played":[0.5287,0.4713],"evs":[0.0,-0.67876]},"Q3s":{"weight":1.0,"played":[0.7491,0.2509],"evs":[0.0,3.36277]},"Q4s":{"weight":1.0,"played":[0.8594,0.1406],"evs":[0.0,-0.11675]},"Q5s":{"weight":1.0,"played":[0.8412,0.1588],"evs":[0.0,-2.48359]},"Q6s":{"weight":1.0,"played":[0.5825,0.4175],"evs":[0.0,4.72771]},"Q7s":{"weight":1.0,"played":[0.0221,0.9779],"evs":[0.0,1.9213]},"Q8s":{"weight":1.0,"played":[0.8546,0.1454],"evs":[0.0,-1.00494]},"Q9s":{"weight":1.0,"played":[0.4367,0.5633],"evs":[0.0,0.78074]},"QTs":{"weight":1.0,"played":[0.2541,0.7459],"evs":[0.0,1.60454]},"QJs":{"weight":1.0,"played":[0.8388,0.1612],"evs":[0.0,-0.77828]},"QQ":{"weight":1.0,"played":[0.0501,0.9499],"evs":[0.0,4.97794]},"KQo":{"weight":1.0,"played":[0.0699,0.9301],"evs":[0.0,-0.27295]},"AQo":{"weight":1.0,"played":[0.0463,0.9537],"evs":[0.0,3.79212]},"K2s":{"weight":1.0,"played":[0.5723,0.4277],"evs":[0.0,-3.4087]},"K3s":{"weight":1.0,"played":[0.6972,0.3028],"evs":[0.0,-2.28573]},"K4s":{"weight":1.0,"played":[0.6677,0.3323],"evs":[0.0,-0.29244]},"K5s":{"weight":1.0,"played":[0.9705,0.0295],"evs":[0.0,-3.76743]},"K6s":{"weight":1.0,"played":[0.999,0.001],"evs":[0.0,-6.41076]},"K7s":{"weight":1.0,"played":[0.1965,0.8035],"evs":[0.0,2.4295]},"K8s":{"weight":1.0,"played":[0.9172,0.0828],"evs":[0.0,-2.54783]},"K9s":{"weight":1.0,"played":[0.2765,0.7235],"evs":[0.0,0.2723]},"KTs":{"weight":1.0,"played":[0.0143,0.9857],"evs":[0.0,1.8482]},"KJs":{"weight":1.0,"played":[0.5526,0.4474],"evs":[0.0,2.7181]},"KQs":{"weight":1.0,"played":[0.3473,0.6527],"evs":[0.0,3.06396]},"KK":{"weight":1.0,"played":[4.0E-4,0.9996],"evs":[0.0,18.46634]},"AKo":{"weight":1.0,"played":[0.1142,0.8858],"evs":[0.0,5.30534]},"A2s":{"weight":1.0,"played":[0.6992,0.3008],"evs":[0.0,-2.37855]},"A3s":{"weight":1.0,"played":[0.8667,0.1333],"evs":[0.0,-3.65906]},"A4s":{"weight":1.0,"played":[0.1584,0.8416],"evs":[0.0,3.19923]},"A5s":{"weight":1.0,"played":[0.0855,0.9145],"evs":[0.0,2.6778]},"A6s":{"weight":1.0,"played":[0.9794,0.0206],"evs":[0.0,-3.24127]},"A7s":{"weight":1.0,"played":[0.5785,0.4215],"evs":[0.0,0.67365]},"A8s":{"weight":1.0,"played":[0.6695,0.3305],"evs":[0.0,-0.29946]},"A9s":{"weight":1.0,"played":[0.7706,0.2294],"evs":[0.0,-3.44996]},"ATs":{"weight":1.0,"played":[0.2446,0.7554],"evs":[0.0,1.91751]},"AJs":{"weight":1.0,"played":[0.6107,0.3893],"evs":[0.0,-2.02923]},"AQs":{"weight":1.0,"played":[0.1558,0.8442],"evs":[0.0,2.67791]},"AKs":{"weight":1.0,"played":[0.0,1.0],"evs":[0.0,4.09272]},"AA":{"weight":1.0,"played":[3.0E-4,0.9997],"evs":[0.0,14.59092]}}}