{"player":3,"street":0,"children":2,"sequence":[{"player":0,"type":"R","amount":200000,"street":0},{"player":1,"type":"C","amount":200000,"street":0},{"player":2,"type":"F","amount":0,"street":0},{"player":3,"type":"C","amount":200000,"street":0},{"player":4,"type":"R","amount":1565000,"street":0},{"player":5,"type":"F","amount":0,"street":0},{"player":0,"type":"C","amount":1265000,"street":0},{"player":1,"type":"F","amount":0,"street":0}],"actions":[{"type":"F","amount":0},{"type":"C","amount":1365000}],"hands":{"22":{"weight":9.0E-4,"played":[0.9943,0.0057],"evs":[0.0,-12.527]},"32o":{"weight":0.0,"played":[0.2685,0.7315],"evs":[0.0,-2.89515]},"42o":{"weight":0.0,"played":[1.0,0.0],"evs":[0.0,-12.52891]},"52o":{"weight":0.0,"played":[0.2206,0.7794],"evs":[0.0,12.08264]},"62o":{"weight":0.0,"played":[1.0,0.0],"evs":[0.0,-13.28507]},"72o":{"weight":0.0,"played":[0.8001,0.1999],"evs":[0.0,-4.15236]},"82o":{"weight":0.0,"played":[0.5583,0.4417],"evs":[0.0,-6.48351]},"92o":{"weight":0.0,"played":[0.3646,0.6354],"evs":[0.0,-0.55751]},"T2o":{"weight":0.0,"played":[0.4779,0.5221],"evs":[0.0,5.80756]},"J2o":{"weight":0.0,"played":[0.3826,0.6174],"evs":[0.0,-1.09622]},"Q2o":{"weight":0.0,"played":[0.3819,0.6181],"evs":[0.0,7.3339]},"K2o":{"weight":0.0,"played":[0.6752,0.3248],"evs":[0.0,-5.73371]},"A2o":{"weight":2.0E-4,"played":[0.6522,0.3478],"evs":[0.0,-6.01354]},"32s":{"weight":0.0,"played":[0.4476,0.5524],"evs":[0.0,13.11322]},"33":{"weight":0.0086,"played":[0.0797,0.9203],"evs":[0.0,8.14357]},"43o":{"weight":1.0E-4,"played":[0.3408,0.6592],"evs":[0.0,-1.41753]},"53o":{"weight":0.0,"played":[0.678,0.322],"evs":[0.0,-2.15708]},"63o":{"weight":0.0,"played":[0.4689,0.5311],"evs":[0.0,16.66435]},"73o":{"weight":0.0,"played":[0.6814,0.3186],"evs":[0.0,-8.81667]},"83o":{"weight":0.0,"played":[1.0,0.0],"evs":[0.0,-14.5627]},"93o":{"weight":0.0,"played":[1.0,0.0],"evs":[0.0,-8.82577]},"T3o":{"weight":0.0,"played":[0.6921,0.3079],"evs":[0.0,-9.44688]},"J3o":{"weight":0.0,"played":[0.793,0.207],"evs":[0.0,-10.95749]},"Q3o":{"weight":0.0,"played":[0.7819,0.2181],"evs":[0.0,-0.91107]},"K3o":{"weight":0.0,"played":[0.7652,0.2348],"evs":[0.0,-5.19883]},"A3o":{"weight":2.0E-4,"played":[0.0,1.0],"evs":[0.0,7.96812]},"42s":{"weight":0.0,"played":[0.0448,0.9552],"evs":[0.0,45.85568]},"43s":{"weight":4.0E-4,"played":[0.8323,0.1677],"evs":[0.0,-0.86652]},"44":{"weight":0.6293,"played":[0.4954,0.5046],"evs":[0.0,2.98613]},"54o":{"weight":0.0,"played":[0.4652,0.5348],"evs":[0.0,-5.66301]},"64o":{"weight":0.0,"played":[0.6268,0.3732],"evs":[0.0,3.1049]},"74o":{"weight":0.0,"played":[0.9975,0.0025],"evs":[0.0,-13.25825]},"84o":{"weight":0.0,"played":[0.9938,0.0062],"evs":[0.0,-3.10486]},"94o":{"weight":0.0,"played":[0.7557,0.2443],"evs":[0.0,-7.54462]},"T4o":{"weight":0.0,"played":[0.3923,0.6077],"evs":[0.0,-2.0507]},"J4o":{"weight":0.0,"played":[0.7854,0.2146],"evs":[0.0,-7.94455]},"Q4o":{"weight":0.0,"played":[0.5974,0.4026],"evs":[0.0,-5.22828]},"K4o":{"weight":0.0,"played":[0.2678,0.7322],"evs":[0.0,9.24521]},"A4o":{"weight":1.0E-4,"played":[0.593,0.407],"evs":[0.0,-5.32674]},"52s":{"weight":6.0E-4,"played":[0.006,0.994],"evs":[0.0,14.11499]},"53s":{"weight":1.0E-4,"played":[0.2171,0.7829],"evs":[0.0,13.01325]},"54s":{"weight":0.0,"played":[0.5177,0.4823],"evs":[0.0,4.74463]},"55":{"weight":0.9921,"played":[0.242,0.758],"evs":[0.0,2.40091]},"65o":{"weight":1.0E-4,"played":[0.54,0.46],"evs":[0.0,6.29456]},"75o":{"weight":0.0,"played":[0.7586,0.2414],"evs":[0.0,-2.11443]},"85o":{"weight":0.0,"played":[0.2599,0.7401],"evs":[0.0,-3.52384]},"95o":{"weight":0.0,"played":[0.2706,0.7294],"evs":[0.0,11.17024]},"T5o":{"weight":0.0,"played":[0.9969,0.0031],"evs":[0.0,-6.08363]},"J5o":{"weight":0.0,"played":[0.0867,0.9133],"evs":[0.0,31.85451]},"Q5o":{"weight":0.0,"played":[0.1012,0.8988],"evs":[0.0,7.16714]},"K5o":{"weight":4.0E-4,"played":[0.3328,0.6672],"evs":[0.0,9.51306]},"A5o":{"weight":0.0262,"played":[0.4703,0.5297],"evs":[0.0,14.64106]},"62s":{"weight":1.0E-4,"played":[0.9795,0.0205],"evs":[0.0,-14.42581]},"63s":{"weight":2.0E-4,"played":[0.8769,0.1231],"evs":[0.0,-11.89791]},"64s":{"weight":1.0E-4,"played":[0.2816,0.7184],"evs":[0.0,12.20005]},"65s":{"weight":0.0018,"played":[0.68,0.32],"evs":[0.0,-7.28163]},"66":{"weight":0.9711,"played":[0.0109,0.9891],"evs":[0.0,13.3245]},"76o":{"weight":0.0,"played":[0.4788,0.5212],"evs":[0.0,3.01123]},"86o":{"weight":0.0,"played":[0.4022,0.5978],"evs":[0.0,-2.97043]},"96o":{"weight":0.0,"played":[0.9071,0.0929],"evs":[0.0,-10.28079]},"T6o":{"weight":0.0,"played":[0.1939,0.8061],"evs":[0.0,3.42996]},"J6o":{"weight":0.0,"played":[0.6926,0.3074],"evs":[0.0,12.17664]},"Q6o":{"weight":0.0,"played":[0.2538,0.7462],"evs":[0.0,3.71809]},"K6o":{"weight":0.0,"played":[0.5166,0.4834],"evs":[0.0,0.93019]},"A6o":{"weight":0.0,"played":[0.921,0.079],"evs":[0.0,-10.83382]},"72s":{"weight":1.0E-4,"played":[0.0274,0.9726],"evs":[0.0,-14.86498]},"73s":{"weight":0.0,"played":[0.426,0.574],"evs":[0.0,7.81344]},"74s":{"weight":1.0E-4,"played":[0.205,0.795],"evs":[0.0,4.41309]},"75s":{"weight":2.0E-4,"played":[1.0,0.0],"evs":[0.0,-14.88791]},"76s":{"weight":0.0056,"played":[0.8504,0.1496],"evs":[0.0,-13.33127]},"77":{"weight":2.0E-4,"played":[0.11,0.89],"evs":[0.0,23.74953]},"87o":{"weight":0.0,"played":[0.7853,0.2147],"evs":[0.0,-7.56961]},"97o":{"weight":0.0,"played":[0.8645,0.1355],"evs":[0.0,-11.45979]},"T7o":{"weight":0.0,"played":[0.9003,0.0997],"evs":[0.0,-4.33564]},"J7o":{"weight":0.0,"played":[1.0,0.0],"evs":[0.0,-14.8816]},"Q7o":{"weight":0.0,"played":[0.992,0.008],"evs":[0.0,-14.24504]},"K7o":{"weight":7.0E-4,"played":[0.8567,0.1433],"evs":[0.0,-13.27673]},"A7o":{"weight":2.0E-4,"played":[0.3119,0.6881],"evs":[0.0,3.40361]},"82s":{"weight":0.0,"played":[0.7026,0.2974],"evs":[0.0,-11.43559]},"83s":{"weight":2.0E-4,"played":[1.0,0.0],"evs":[0.0,-13.13755]},"84s":{"weight":3.0E-4,"played":[0.0045,0.9955],"evs":[0.0,36.8644]},"85s":{"weight":0.0,"played":[0.6247,0.3753],"evs":[0.0,22.64771]},"86s":{"weight":0.0015,"played":[1.0,0.0],"evs":[0.0,-14.87535]},"87s":{"weight":0.0014,"played":[0.9768,0.0232],"evs":[0.0,-14.72891]},"88":{"weight":0.013,"played":[0.4434,0.5566],"evs":[0.0,-3.26355]},"98o":{"weight":0.0,"played":[0.0238,0.9762],"evs":[0.0,4.5824]},"T8o":{"weight":5.0E-4,"played":[0.1914,0.8086],"evs":[0.0,4.36394]},"J8o":{"weight":0.0,"played":[0.9288,0.0712],"evs":[0.0,-12.40992]},"Q8o":{"weight":0.0,"played":[0.4616,0.5384],"evs":[0.0,-7.61115]},"K8o":{"weight":0.0,"played":[0.5438,0.4562],"evs":[0.0,0.57269]},"A8o":{"weight":0.2548,"played":[0.9003,0.0997],"evs":[0.0,-12.04462]},"92s":{"weight":1.0E-4,"played":[0.581,0.419],"evs":[0.0,-1.14064]},"93s":{"weight":0.0,"played":[0.1481,0.8519],"evs":[0.0,-5.87076]},"94s":{"weight":0.0,"played":[0.3588,0.6412],"evs":[0.0,-3.89637]},"95s":{"weight":0.0,"played":[0.5641,0.4359],"evs":[0.0,-1.31933]},"96s":{"weight":0.0011,"played":[0.9747,0.0253],"evs":[0.0,-11.98269]},"97s":{"weight":0.0669,"played":[1.0,0.0],"evs":[0.0,-14.86498]},"98s":{"weight":0.0411,"played":[0.3652,0.6348],"evs":[0.0,-0.56855]},"99":{"weight":0.0571,"played":[0.2019,0.7981],"evs":[0.0,13.33644]},"T9o":{"weight":0.0,"played":[0.6361,0.3639],"evs":[0.0,-6.4375]},"J9o":{"weight":4.0E-4,"played":[0.5498,0.4502],"evs":[0.0,-0.65046]},"Q9o":{"weight":1.0E-4,"played":[0.804,0.196],"evs":[0.0,-6.78628]},"K9o":{"weight":0.0,"played":[0.6964,0.3036],"evs":[0.0,-3.61468]},"A9o":{"weight":0.9558,"played":[0.5302,0.4698],"evs":[0.0,-7.81701]},"T2s":{"weight":1.0E-4,"played":[0.8178,0.1822],"evs":[0.0,4.96326]},"T3s":{"weight":1.0E-4,"played":[0.8184,0.1816],"evs":[0.0,30.88052]},"T4s":{"weight":4.0E-4,"played":[1.0,0.0],"evs":[0.0,-14.86498]},"T5s":{"weight":2.0E-4,"played":[7.0E-4,0.9993],"evs":[0.0,17.94876]},"T6s":{"weight":0.0,"played":[0.0,1.0],"evs":[0.0,8.79921]},"T7s":{"weight":2.0E-4,"played":[0.3242,0.6758],"evs":[0.0,6.1937]},"T8s":{"weight":1.0E-4,"played":[0.7119,0.2881],"evs":[0.0,-11.65305]},"T9s":{"weight":0.6563,"played":[0.9197,0.0803],"evs":[0.0,-14.8757]},"TT":{"weight":6.0E-4,"played":[0.6136,0.3864],"evs":[0.0,24.86342]},"JTo":{"weight":0.0025,"played":[0.0463,0.9537],"evs":[0.0,12.63122]},"QTo":{"weight":0.0,"played":[0.9004,0.0996],"evs":[0.0,-10.46514]},"KTo":{"weight":4.0E-4,"played":[0.2644,0.7356],"evs":[0.0,3.57193]},"ATo":{"weight":0.7669,"played":[0.0,1.0],"evs":[0.0,6.37727]},"J2s":{"weight":0.0,"played":[0.5872,0.4128],"evs":[0.0,-6.24095]},"J3s":{"weight":1.0E-4,"played":[0.0045,0.9955],"evs":[0.0,-8.49017]},"J4s":{"weight":1.0E-4,"played":[0.9489,0.0511],"evs":[0.0,13.54361]},"J5s":{"weight":0.0,"played":[0.2986,0.7014],"evs":[0.0,9.99796]},"J6s":{"weight":3.0E-4,"played":[0.5,0.5],"evs":[0.0,-8.49017]},"J7s":{"weight":1.0E-4,"played":[1.0,0.0],"evs":[0.0,-14.86696]},"J8s":{"weight":0.0,"played":[0.8264,0.1736],"evs":[0.0,-13.75093]},"J9s":{"weight":0.0055,"played":[0.0658,0.9342],"evs":[0.0,14.02556]},"JTs":{"weight":0.875,"played":[0.5791,0.4209],"evs":[0.0,6.16647]},"JJ":{"weight":0.0112,"played":[0.0,1.0],"evs":[0.0,45.85606]},"QJo":{"weight":0.0042,"played":[0.5055,0.4945],"evs":[0.0,6.3328]},"KJo":{"weight":0.9086,"played":[0.2584,0.7416],"evs":[0.0,-3.50719]},"AJo":{"weight":0.0108,"played":[0.2714,0.7286],"evs":[0.0,17.59395]},"Q2s":{"weight":5.0E-4,"played":[0.4598,0.5402],"evs":[0.0,38.70289]},"Q3s":{"weight":2.0E-4,"played":[0.8991,0.1009],"evs":[0.0,-6.34197]},"Q4s":{"weight":5.0E-4,"played":[1.0,0.0],"evs":[0.0,-14.86974]},"Q5s":{"weight":5.0E-4,"played":[0.9621,0.0379],"evs":[0.0,26.10379]},"Q6s":{"weight":1.0E-4,"played":[1.0,0.0],"evs":[0.0,-14.86498]},"Q7s":{"weight":5.0E-4,"played":[0.2046,0.7954],"evs":[0.0,7.16405]},"Q8s":{"weight":0.002,"played":[0.0,1.0],"evs":[0.0,8.03383]},"Q9s":{"weight":0.0197,"played":[0.9853,0.0147],"evs":[0.0,-14.36484]},"QTs":{"weight":0.9343,"played":[0.275,0.725],"evs":[0.0,-0.023]},"QJs":{"weight":0.9588,"played":[0.2524,0.7476],"evs":[0.0,34.94068]},"QQ":{"weight":0.0,"played":[0.0246,0.9754],"evs":[0.0,18.24497]},"KQo":{"weight":0.0763,"played":[0.4827,0.5173],"evs":[0.0,6.48892]},"AQo":{"weight":0.3482,"played":[0.3971,0.6029],"evs":[0.0,4.42431]},"K2s":{"weight":0.0041,"played":[0.6164,0.3836],"evs":[0.0,23.98678]},"K3s":{"weight":0.002,"played":[1.0,0.0],"evs":[0.0,4.34352]},"K4s":{"weight":0.0079,"played":[0.0035,0.9965],"evs":[0.0,45.90231]},"K5s":{"weight":0.0032,"played":[0.6422,0.3578],"evs":[0.0,-5.56182]},"K6s":{"weight":0.0,"played":[0.2775,0.7225],"evs":[0.0,11.66262]},"K7s":{"weight":5.0E-4,"played":[1.0,0.0],"evs":[0.0,-10.73196]},"K8s":{"weight":8.0E-4,"played":[0.7515,0.2485],"evs":[0.0,-8.64188]},"K9s":{"weight":0.8365,"played":[0.9991,9.0E-4],"evs":[0.0,-13.02575]},"KTs":{"weight":0.8616,"played":[0.5307,0.4693],"evs":[0.0,-2.07164]},"KJs":{"weight":0.5451,"played":[0.2666,0.7334],"evs":[0.0,12.76816]},"KQs":{"weight":0.0313,"played":[0.4876,0.5124],"evs":[0.0,5.65407]},"KK":{"weight":0.0,"played":[0.0,1.0],"evs":[0.0,30.7531]},"AKo":{"weight":0.0,"played":[0.2294,0.7706],"evs":[0.0,17.33575]},"A2s":{"weight":0.8605,"played":[0.7523,0.2477],"evs":[0.0,-0.59923]},"A3s":{"weight":0.7843,"played":[0.8843,0.1157],"evs":[0.0,-13.13257]},"A4s":{"weight":0.3309,"played":[0.9845,0.0155],"evs":[0.0,-2.06737]},"A5s":{"weight":0.9299,"played":[0.5936,0.4064],"evs":[0.0,-13.19223]},"A6s":{"weight":0.4439,"played":[0.8933,0.1067],"evs":[0.0,23.67698]},"A7s":{"weight":0.0281,"played":[0.7397,0.2603],"evs":[0.0,-7.54164]},"A8s":{"weight":0.4872,"played":[0.9673,0.0327],"evs":[0.0,-14.87542]},"A9s":{"weight":0.9955,"played":[0.3736,0.6264],"evs":[0.0,28.69835]},"ATs":{"weight":0.794,"played":[0.2452,0.7548],"evs":[0.0,37.37465]},"AJs":{"weight":0.0059,"played":[0.1146,0.8854],"evs":[0.0,8.10878]},"AQs":{"weight":3.0E-4,"played":[0.2688,0.7312],"evs":[0.0,18.93549]},"AKs":{"weight":0.3037,"played":[0.9085,0.0915],"evs":[0.0,-13.53096]},"AA":{"weight":0.1524,"played":[0.0,1.0],"evs":[0.0,36.10962]}}}