{"player":3,"street":0,"children":2,"sequence":[{"player":0,"type":"R","amount":200000,"street":0},{"player":1,"type":"C","amount":200000,"street":0},{"player":2,"type":"F","amount":0,"street":0},{"player":3,"type":"C","amount":200000,"street":0},{"player":4,"type":"R","amount":1565000,"street":0},{"player":5,"type":"C","amount":845000,"street":0},{"player":0,"type":"F","amount":0,"street":0},{"player":1,"type":"C","amount":585000,"street":0}],"actions":[{"type":"F","amount":0},{"type":"C","amount":1365000}],"hands":{"22":{"weight":9.0E-4,"played":[0.6131,0.3869],"evs":[0.0,1.46209]},"32o":{"weight":0.0,"played":[0.839,0.161],"evs":[0.0,-3.32597]},"42o":{"weight":0.0,"played":[0.82,0.18],"evs":[0.0,-2.80657]},"52o":{"weight":0.0,"played":[0.8164,0.1836],"evs":[0.0,-4.39815]},"62o":{"weight":0.0,"played":[0.9739,0.0261],"evs":[0.0,-4.6887]},"72o":{"weight":0.0,"played":[0.9947,0.0053],"evs":[0.0,-6.49009]},"82o":{"weight":0.0,"played":[0.9842,0.0158],"evs":[0.0,-2.40991]},"92o":{"weight":0.0,"played":[0.8417,0.1583],"evs":[0.0,-2.03125]},"T2o":{"weight":0.0,"played":[0.2819,0.7181],"evs":[0.0,-0.10697]},"J2o":{"weight":0.0,"played":[0.9814,0.0186],"evs":[0.0,-2.8505]},"Q2o":{"weight":0.0,"played":[0.7528,0.2472],"evs":[0.0,-0.97766]},"K2o":{"weight":0.0,"played":[0.8054,0.1946],"evs":[0.0,-1.99478]},"A2o":{"weight":2.0E-4,"played":[0.2025,0.7975],"evs":[0.0,-0.88983]},"32s":{"weight":0.0,"played":[0.5826,0.4174],"evs":[0.0,0.69419]},"33":{"weight":0.0086,"played":[0.393,0.607],"evs":[0.0,2.07725]},"43o":{"weight":1.0E-4,"played":[1.0,0.0],"evs":[0.0,-2.30439]},"53o":{"weight":0.0,"played":[0.5228,0.4772],"evs":[0.0,-1.25639]},"63o":{"weight":0.0,"played":[0.3239,0.6761],"evs":[0.0,-0.28409]},"73o":{"weight":0.0,"played":[0.8224,0.1776],"evs":[0.0,-0.15407]},"83o":{"weight":0.0,"played":[0.7479,0.2521],"evs":[0.0,-1.58608]},"93o":{"weight":0.0,"played":[0.9653,0.0347],"evs":[0.0,-4.91013]},"T3o":{"weight":0.0,"played":[0.5945,0.4055],"evs":[0.0,-2.96682]},"J3o":{"weight":0.0,"played":[0.9469,0.0531],"evs":[0.0,-2.77841]},"Q3o":{"weight":0.0,"played":[0.9954,0.0046],"evs":[0.0,-5.73764]},"K3o":{"weight":0.0,"played":[0.9003,0.0997],"evs":[0.0,-6.66055]},"A3o":{"weight":2.0E-4,"played":[0.2858,0.7142],"evs":[0.0,0.67746]},"42s":{"weight":0.0,"played":[0.9048,0.0952],"evs":[0.0,-2.17454]},"43s":{"weight":4.0E-4,"played":[0.9244,0.0756],"evs":[0.0,-2.29072]},"44":{"weight":0.6293,"played":[0.0351,0.9649],"evs":[0.0,5.92535]},"54o":{"weight":0.0,"played":[0.5746,0.4254],"evs":[0.0,-1.0462]},"64o":{"weight":0.0,"played":[0.8092,0.1908],"evs":[0.0,-0.64245]},"74o":{"weight":0.0,"played":[0.8868,0.1132],"evs":[0.0,-1.73382]},"84o":{"weight":0.0,"played":[0.5349,0.4651],"evs":[0.0,-0.31974]},"94o":{"weight":0.0,"played":[0.9463,0.0537],"evs":[0.0,-5.9849]},"T4o":{"weight":0.0,"played":[0.2812,0.7188],"evs":[0.0,-0.49586]},"J4o":{"weight":0.0,"played":[0.9951,0.0049],"evs":[0.0,-7.76962]},"Q4o":{"weight":0.0,"played":[0.6176,0.3824],"evs":[0.0,0.41208]},"K4o":{"weight":0.0,"played":[0.502,0.498],"evs":[0.0,0.58572]},"A4o":{"weight":1.0E-4,"played":[0.2132,0.7868],"evs":[0.0,1.46256]},"52s":{"weight":6.0E-4,"played":[0.8673,0.1327],"evs":[0.0,-2.15561]},"53s":{"weight":1.0E-4,"played":[0.3162,0.6838],"evs":[0.0,8.43076]},"54s":{"weight":0.0,"played":[0.0274,0.9726],"evs":[0.0,10.96641]},"55":{"weight":0.9921,"played":[0.2518,0.7482],"evs":[0.0,-1.17664]},"65o":{"weight":1.0E-4,"played":[0.8388,0.1612],"evs":[0.0,-1.06713]},"75o":{"weight":0.0,"played":[0.6101,0.3899],"evs":[0.0,0.58622]},"85o":{"weight":0.0,"played":[0.7307,0.2693],"evs":[0.0,0.18035]},"95o":{"weight":0.0,"played":[0.9922,0.0078],"evs":[0.0,-4.79191]},"T5o":{"weight":0.0,"played":[0.9924,0.0076],"evs":[0.0,-6.56358]},"J5o":{"weight":0.0,"played":[0.8354,0.1646],"evs":[0.0,1.0409]},"Q5o":{"weight":0.0,"played":[0.9842,0.0158],"evs":[0.0,-1.68456]},"K5o":{"weight":4.0E-4,"played":[0.4071,0.5929],"evs":[0.0,0.68749]},"A5o":{"weight":0.0262,"played":[0.517,0.483],"evs":[0.0,1.56014]},"62s":{"weight":1.0E-4,"played":[0.8755,0.1245],"evs":[0.0,-1.50867]},"63s":{"weight":2.0E-4,"played":[0.048,0.952],"evs":[0.0,3.34355]},"64s":{"weight":1.0E-4,"played":[0.6907,0.3093],"evs":[0.0,-2.32288]},"65s":{"weight":0.0018,"played":[0.2046,0.7954],"evs":[0.0,7.51741]},"66":{"weight":0.9711,"played":[0.0113,0.9887],"evs":[0.0,2.28909]},"76o":{"weight":0.0,"played":[0.0523,0.9477],"evs":[0.0,2.88813]},"86o":{"weight":0.0,"played":[0.5761,0.4239],"evs":[0.0,-1.22306]},"96o":{"weight":0.0,"played":[0.9082,0.0918],"evs":[0.0,-2.94828]},"T6o":{"weight":0.0,"played":[0.9324,0.0676],"evs":[0.0,-2.62322]},"J6o":{"weight":0.0,"played":[0.9763,0.0237],"evs":[0.0,-5.87623]},"Q6o":{"weight":0.0,"played":[0.9811,0.0189],"evs":[0.0,-4.23664]},"K6o":{"weight":0.0,"played":[0.6732,0.3268],"evs":[0.0,-4.17154]},"A6o":{"weight":0.0,"played":[0.9223,0.0777],"evs":[0.0,-4.19496]},"72s":{"weight":1.0E-4,"played":[0.3001,0.6999],"evs":[0.0,3.88234]},"73s":{"weight":0.0,"played":[0.5397,0.4603],"evs":[0.0,0.01724]},"74s":{"weight":1.0E-4,"played":[0.5521,0.4479],"evs":[0.0,4.24358]},"75s":{"weight":2.0E-4,"played":[0.4371,0.5629],"evs":[0.0,1.49914]},"76s":{"weight":0.0056,"played":[0.9994,6.0E-4],"evs":[0.0,-4.63756]},"77":{"weight":2.0E-4,"played":[0.4032,0.5968],"evs":[0.0,-0.55095]},"87o":{"weight":0.0,"played":[0.4997,0.5003],"evs":[0.0,-0.26783]},"97o":{"weight":0.0,"played":[0.9752,0.0248],"evs":[0.0,-5.08755]},"T7o":{"weight":0.0,"played":[0.776,0.224],"evs":[0.0,-3.27437]},"J7o":{"weight":0.0,"played":[0.4826,0.5174],"evs":[0.0,-3.68762]},"Q7o":{"weight":0.0,"played":[0.9684,0.0316],"evs":[0.0,-1.26402]},"K7o":{"weight":7.0E-4,"played":[0.5601,0.4399],"evs":[0.0,0.49806]},"A7o":{"weight":2.0E-4,"played":[0.9368,0.0632],"evs":[0.0,-4.81177]},"82s":{"weight":0.0,"played":[0.7706,0.2294],"evs":[0.0,-0.08281]},"83s":{"weight":2.0E-4,"played":[0.1431,0.8569],"evs":[0.0,6.67611]},"84s":{"weight":3.0E-4,"played":[0.5263,0.4737],"evs":[0.0,5.23093]},"85s":{"weight":0.0,"played":[0.1277,0.8723],"evs":[0.0,-0.79017]},"86s":{"weight":0.0015,"played":[0.2703,0.7297],"evs":[0.0,2.94969]},"87s":{"weight":0.0014,"played":[0.351,0.649],"evs":[0.0,-1.96554]},"88":{"weight":0.013,"played":[0.0,1.0],"evs":[0.0,10.7582]},"98o":{"weight":0.0,"played":[0.8472,0.1528],"evs":[0.0,-0.67535]},"T8o":{"weight":5.0E-4,"played":[0.2894,0.7106],"evs":[0.0,2.99001]},"J8o":{"weight":0.0,"played":[0.1998,0.8002],"evs":[0.0,-0.39651]},"Q8o":{"weight":0.0,"played":[0.6931,0.3069],"evs":[0.0,-0.02875]},"K8o":{"weight":0.0,"played":[0.5295,0.4705],"evs":[0.0,1.71979]},"A8o":{"weight":0.2548,"played":[0.2341,0.7659],"evs":[0.0,2.24934]},"92s":{"weight":1.0E-4,"played":[0.6505,0.3495],"evs":[0.0,0.22875]},"93s":{"weight":0.0,"played":[0.4566,0.5434],"evs":[0.0,2.35084]},"94s":{"weight":0.0,"played":[0.5199,0.4801],"evs":[0.0,4.24689]},"95s":{"weight":0.0,"played":[0.5355,0.4645],"evs":[0.0,-2.45436]},"96s":{"weight":0.0011,"played":[0.4486,0.5514],"evs":[0.0,-0.65522]},"97s":{"weight":0.0669,"played":[0.4897,0.5103],"evs":[0.0,1.85907]},"98s":{"weight":0.0411,"played":[0.2387,0.7613],"evs":[0.0,-1.76173]},"99":{"weight":0.0571,"played":[0.0,1.0],"evs":[0.0,1.56093]},"T9o":{"weight":0.0,"played":[0.121,0.879],"evs":[0.0,2.10157]},"J9o":{"weight":4.0E-4,"played":[0.8685,0.1315],"evs":[0.0,-6.74825]},"Q9o":{"weight":1.0E-4,"played":[0.0448,0.9552],"evs":[0.0,4.3452]},"K9o":{"weight":0.0,"played":[0.2692,0.7308],"evs":[0.0,1.30203]},"A9o":{"weight":0.9558,"played":[0.2454,0.7546],"evs":[0.0,2.65358]},"T2s":{"weight":1.0E-4,"played":[0.2857,0.7143],"evs":[0.0,0.62744]},"T3s":{"weight":1.0E-4,"played":[0.2458,0.7542],"evs":[0.0,7.81584]},"T4s":{"weight":4.0E-4,"played":[0.6868,0.3132],"evs":[0.0,2.66982]},"T5s":{"weight":2.0E-4,"played":[0.9744,0.0256],"evs":[0.0,-4.02173]},"T6s":{"weight":0.0,"played":[0.352,0.648],"evs":[0.0,5.45013]},"T7s":{"weight":2.0E-4,"played":[0.0123,0.9877],"evs":[0.0,1.77794]},"T8s":{"weight":1.0E-4,"played":[0.3259,0.6741],"evs":[0.0,11.27777]},"T9s":{"weight":0.6563,"played":[0.0386,0.9614],"evs":[0.0,5.8445]},"TT":{"weight":6.0E-4,"played":[0.0223,0.9777],"evs":[0.0,15.99557]},"JTo":{"weight":0.0025,"played":[0.051,0.949],"evs":[0.0,2.45602]},"QTo":{"weight":0.0,"played":[0.1584,0.8416],"evs":[0.0,5.03159]},"KTo":{"weight":4.0E-4,"played":[0.0181,0.9819],"evs":[0.0,3.83516]},"ATo":{"weight":0.7669,"played":[0.1714,0.8286],"evs":[0.0,5.46641]},"J2s":{"weight":0.0,"played":[1.0,0.0],"evs":[0.0,-0.93388]},"J3s":{"weight":1.0E-4,"played":[0.6563,0.3437],"evs":[0.0,3.89905]},"J4s":{"weight":1.0E-4,"played":[0.6544,0.3456],"evs":[0.0,-0.60243]},"J5s":{"weight":0.0,"played":[0.331,0.669],"evs":[0.0,8.5962]},"J6s":{"weight":3.0E-4,"played":[0.8196,0.1804],"evs":[0.0,-5.21374]},"J7s":{"weight":1.0E-4,"played":[0.9968,0.0032],"evs":[0.0,-7.44917]},"J8s":{"weight":0.0,"played":[0.1976,0.8024],"evs":[0.0,10.30223]},"J9s":{"weight":0.0055,"played":[0.4826,0.5174],"evs":[0.0,-1.62152]},"JTs":{"weight":0.875,"played":[0.1943,0.8057],"evs":[0.0,3.86638]},"JJ":{"weight":0.0112,"played":[0.0077,0.9923],"evs":[0.0,15.79688]},"QJo":{"weight":0.0042,"played":[0.6802,0.3198],"evs":[0.0,-0.00284]},"KJo":{"weight":0.9086,"played":[0.0287,0.9713],"evs":[0.0,2.06333]},"AJo":{"weight":0.0108,"played":[0.0281,0.9719],"evs":[0.0,3.71806]},"Q2s":{"weight":5.0E-4,"played":[0.8243,0.1757],"evs":[0.0,-0.72458]},"Q3s":{"weight":2.0E-4,"played":[0.6798,0.3202],"evs":[0.0,-0.28449]},"Q4s":{"weight":5.0E-4,"played":[0.5494,0.4506],"evs":[0.0,-0.6563]},"Q5s":{"weight":5.0E-4,"played":[0.1789,0.8211],"evs":[0.0,5.14786]},"Q6s":{"weight":1.0E-4,"played":[0.9723,0.0277],"evs":[0.0,-4.98344]},"Q7s":{"weight":5.0E-4,"played":[0.6634,0.3366],"evs":[0.0,0.43187]},"Q8s":{"weight":0.002,"played":[0.0046,0.9954],"evs":[0.0,6.61315]},"Q9s":{"weight":0.0197,"played":[0.0938,0.9062],"evs":[0.0,4.77463]},"QTs":{"weight":0.9343,"played":[0.5576,0.4424],"evs":[0.0,6.37471]},"QJs":{"weight":0.9588,"played":[0.0246,0.9754],"evs":[0.0,1.58946]},"QQ":{"weight":0.0,"played":[0.0016,0.9984],"evs":[0.0,10.22424]},"KQo":{"weight":0.0763,"played":[0.3464,0.6536],"evs":[0.0,4.41893]},"AQo":{"weight":0.3482,"played":[0.0106,0.9894],"evs":[0.0,6.79367]},"K2s":{"weight":0.0041,"played":[0.8236,0.1764],"evs":[0.0,-6.76546]},"K3s":{"weight":0.002,"played":[0.7141,0.2859],"evs":[0.0,-2.23661]},"K4s":{"weight":0.0079,"played":[0.4472,0.5528],"evs":[0.0,0.75329]},"K5s":{"weight":0.0032,"played":[0.851,0.149],"evs":[0.0,-1.79645]},"K6s":{"weight":0.0,"played":[0.3545,0.6455],"evs":[0.0,6.22466]},"K7s":{"weight":5.0E-4,"played":[0.8622,0.1378],"evs":[0.0,-3.53061]},"K8s":{"weight":8.0E-4,"played":[0.046,0.954],"evs":[0.0,1.53798]},"K9s":{"weight":0.8365,"played":[0.461,0.539],"evs":[0.0,1.46151]},"KTs":{"weight":0.8616,"played":[0.2304,0.7696],"evs":[0.0,-1.0349]},"KJs":{"weight":0.5451,"played":[0.1263,0.8737],"evs":[0.0,5.73077]},"KQs":{"weight":0.0313,"played":[0.3873,0.6127],"evs":[0.0,-0.56613]},"KK":{"weight":0.0,"played":[0.0,1.0],"evs":[0.0,24.57652]},"AKo":{"weight":0.0,"played":[0.0,1.0],"evs":[0.0,12.82763]},"A2s":{"weight":0.8605,"played":[0.2025,0.7975],"evs":[0.0,-1.11814]},"A3s":{"weight":0.7843,"played":[0.1729,0.8271],"evs":[0.0,2.03284]},"A4s":{"weight":0.3309,"played":[0.1178,0.8822],"evs":[0.0,8.90414]},"A5s":{"weight":0.9299,"played":[0.4033,0.5967],"evs":[0.0,4.5898]},"A6s":{"weight":0.4439,"played":[0.069,0.931],"evs":[0.0,9.20952]},"A7s":{"weight":0.0281,"played":[0.2716,0.7284],"evs":[0.0,-0.71619]},"A8s":{"weight":0.4872,"played":[0.1368,0.8632],"evs":[0.0,9.70409]},"A9s":{"weight":0.9955,"played":[0.5371,0.4629],"evs":[0.0,-1.37904]},"ATs":{"weight":0.794,"played":[0.0,1.0],"evs":[0.0,1.18358]},"AJs":{"weight":0.0059,"played":[0.3678,0.6322],"evs":[0.0,3.66282]},"AQs":{"weight":3.0E-4,"played":[0.0103,0.9897],"evs":[0.0,10.03292]},"AKs":{"weight":0.3037,"played":[0.0018,0.9982],"evs":[0.0,4.9672]},"AA":{"weight":0.1524,"played":[0.0,1.0],"evs":[0.0,34.86688]}}}