{"player":1,"street":0,"children":2,"sequence":[{"player":0,"type":"R","amount":200000,"street":0},{"player":1,"type":"C","amount":200000,"street":0},{"player":2,"type":"F","amount":0,"street":0},{"player":3,"type":"C","amount":200000,"street":0},{"player":4,"type":"R","amount":1565000,"street":0},{"player":5,"type":"C","amount":845000,"street":0},{"player":0,"type":"C","amount":1265000,"street":0}],"actions":[{"type":"F","amount":0,"node":346},{"type":"C","amount":585000,"node":347}],"hands":{"22":{"weight":0.0,"played":[0.208,0.792],"evs":[0.0,0.55539]},"32o":{"weight":0.0,"played":[0.9896,0.0104],"evs":[0.0,-1.4237]},"42o":{"weight":0.0,"played":[0.9996,4.0E-4],"evs":[0.0,-1.62093]},"52o":{"weight":0.0,"played":[0.9996,4.0E-4],"evs":[0.0,-1.07622]},"62o":{"weight":0.0,"played":[1.0,0.0],"evs":[0.0,-1.5644]},"72o":{"weight":0.0,"played":[0.9976,0.0024],"evs":[0.0,-2.23687]},"82o":{"weight":0.0,"played":[0.9988,0.0012],"evs":[0.0,-1.67528]},"92o":{"weight":0.0,"played":[0.9999,1.0E-4],"evs":[0.0,-2.05197]},"T2o":{"weight":0.0,"played":[0.9934,0.0066],"evs":[0.0,-2.68849]},"J2o":{"weight":0.0,"played":[0.9987,0.0013],"evs":[0.0,-1.89169]},"Q2o":{"weight":0.0,"played":[0.9851,0.0149],"evs":[0.0,-1.58489]},"K2o":{"weight":0.0,"played":[0.9662,0.0338],"evs":[0.0,-1.47753]},"A2o":{"weight":0.0,"played":[0.9945,0.0055],"evs":[0.0,-1.72237]},"32s":{"weight":0.0,"played":[0.9315,0.0685],"evs":[0.0,-0.96262]},"33":{"weight":0.0,"played":[0.0161,0.9839],"evs":[0.0,0.80935]},"43o":{"weight":0.0,"played":[0.8842,0.1158],"evs":[0.0,-0.60782]},"53o":{"weight":0.0,"played":[0.9847,0.0153],"evs":[0.0,-0.73601]},"63o":{"weight":0.0,"played":[0.9878,0.0122],"evs":[0.0,-0.89613]},"73o":{"weight":0.0,"played":[0.9996,4.0E-4],"evs":[0.0,-1.52954]},"83o":{"weight":0.0,"played":[1.0,0.0],"evs":[0.0,-2.26358]},"93o":{"weight":0.0,"played":[0.9977,0.0023],"evs":[0.0,-2.33542]},"T3o":{"weight":0.0,"played":[1.0,0.0],"evs":[0.0,-2.16207]},"J3o":{"weight":0.0,"played":[0.9993,7.0E-4],"evs":[0.0,-2.30764]},"Q3o":{"weight":0.0,"played":[0.9989,0.0011],"evs":[0.0,-1.75423]},"K3o":{"weight":0.0,"played":[0.9983,0.0017],"evs":[0.0,-1.45673]},"A3o":{"weight":0.0,"played":[0.9989,0.0011],"evs":[0.0,-1.86919]},"42s":{"weight":0.0,"played":[0.1008,0.8992],"evs":[0.0,0.30115]},"43s":{"weight":0.0,"played":[0.0886,0.9114],"evs":[0.0,0.99756]},"44":{"weight":0.0,"played":[0.0,1.0],"evs":[0.0,0.89027]},"54o":{"weight":0.0,"played":[0.5084,0.4916],"evs":[0.0,0.52745]},"64o":{"weight":0.0,"played":[0.983,0.017],"evs":[0.0,-0.44751]},"74o":{"weight":0.0,"played":[0.9918,0.0082],"evs":[0.0,-0.96064]},"84o":{"weight":0.0,"played":[0.9994,6.0E-4],"evs":[0.0,-1.46342]},"94o":{"weight":0.0,"played":[0.998,0.002],"evs":[0.0,-2.91872]},"T4o":{"weight":0.0,"played":[0.9992,8.0E-4],"evs":[0.0,-1.94942]},"J4o":{"weight":0.0,"played":[0.9985,0.0015],"evs":[0.0,-1.56085]},"Q4o":{"weight":0.0,"played":[0.9905,0.0095],"evs":[0.0,-1.82608]},"K4o":{"weight":0.0,"played":[0.9976,0.0024],"evs":[0.0,-1.28088]},"A4o":{"weight":0.0,"played":[0.9865,0.0135],"evs":[0.0,-1.04459]},"52s":{"weight":0.0,"played":[0.315,0.685],"evs":[0.0,-0.139]},"53s":{"weight":0.0,"played":[0.0044,0.9956],"evs":[0.0,0.98552]},"54s":{"weight":0.0,"played":[6.0E-4,0.9994],"evs":[0.0,2.29798]},"55":{"weight":0.0,"played":[0.0184,0.9816],"evs":[0.0,0.45085]},"65o":{"weight":0.0,"played":[0.122,0.878],"evs":[0.0,0.43192]},"75o":{"weight":0.0,"played":[0.8573,0.1427],"evs":[0.0,-0.41406]},"85o":{"weight":0.0,"played":[0.9973,0.0027],"evs":[0.0,-0.5879]},"95o":{"weight":0.0,"played":[0.9792,0.0208],"evs":[0.0,-1.77109]},"T5o":{"weight":0.0,"played":[0.9996,4.0E-4],"evs":[0.0,-1.83919]},"J5o":{"weight":0.0,"played":[0.9904,0.0096],"evs":[0.0,-1.74143]},"Q5o":{"weight":0.0,"played":[0.9418,0.0582],"evs":[0.0,-0.89486]},"K5o":{"weight":0.0,"played":[0.9625,0.0375],"evs":[0.0,-1.77867]},"A5o":{"weight":0.0,"played":[0.9969,0.0031],"evs":[0.0,-1.00081]},"62s":{"weight":0.0,"played":[0.1762,0.8238],"evs":[0.0,0.0032]},"63s":{"weight":0.0,"played":[0.5448,0.4552],"evs":[0.0,-0.21264]},"64s":{"weight":0.0,"played":[0.0233,0.9767],"evs":[0.0,1.81468]},"65s":{"weight":0.0,"played":[0.0334,0.9666],"evs":[0.0,1.26623]},"66":{"weight":0.282,"played":[0.0,1.0],"evs":[0.0,2.17063]},"76o":{"weight":0.0,"played":[0.9152,0.0848],"evs":[0.0,-0.39664]},"86o":{"weight":0.0,"played":[0.9789,0.0211],"evs":[0.0,-0.4408]},"96o":{"weight":0.0,"played":[0.9785,0.0215],"evs":[0.0,-0.80108]},"T6o":{"weight":0.0,"played":[0.9941,0.0059],"evs":[0.0,-1.18071]},"J6o":{"weight":0.0,"played":[0.9983,0.0017],"evs":[0.0,-1.87103]},"Q6o":{"weight":0.0,"played":[0.9678,0.0322],"evs":[0.0,-1.1908]},"K6o":{"weight":0.0,"played":[0.9963,0.0037],"evs":[0.0,-1.26068]},"A6o":{"weight":0.0,"played":[0.9981,0.0019],"evs":[0.0,-1.70363]},"72s":{"weight":0.0,"played":[0.972,0.028],"evs":[0.0,-1.39845]},"73s":{"weight":0.0,"played":[0.0736,0.9264],"evs":[0.0,0.74099]},"74s":{"weight":0.0,"played":[0.2524,0.7476],"evs":[0.0,0.43174]},"75s":{"weight":0.0,"played":[0.0145,0.9855],"evs":[0.0,0.88022]},"76s":{"weight":0.0,"played":[0.0565,0.9435],"evs":[0.0,1.44392]},"77":{"weight":0.0659,"played":[0.0,1.0],"evs":[0.0,2.49036]},"87o":{"weight":0.0,"played":[0.9084,0.0916],"evs":[0.0,-0.12456]},"97o":{"weight":0.0,"played":[0.9955,0.0045],"evs":[0.0,-0.89494]},"T7o":{"weight":0.0,"played":[0.9567,0.0433],"evs":[0.0,-1.08827]},"J7o":{"weight":0.0,"played":[0.9983,0.0017],"evs":[0.0,-1.25216]},"Q7o":{"weight":0.0,"played":[0.9647,0.0353],"evs":[0.0,-1.39117]},"K7o":{"weight":0.0,"played":[0.9992,8.0E-4],"evs":[0.0,-1.86748]},"A7o":{"weight":0.0,"played":[0.9971,0.0029],"evs":[0.0,-1.14762]},"82s":{"weight":0.0,"played":[0.7879,0.2121],"evs":[0.0,-0.74451]},"83s":{"weight":0.0,"played":[0.9946,0.0054],"evs":[0.0,-0.37363]},"84s":{"weight":0.0,"played":[0.1987,0.8013],"evs":[0.0,0.68588]},"85s":{"weight":0.0,"played":[0.072,0.928],"evs":[0.0,0.26297]},"86s":{"weight":0.0,"played":[0.002,0.998],"evs":[0.0,0.87921]},"87s":{"weight":0.0,"played":[0.0627,0.9373],"evs":[0.0,1.19829]},"88":{"weight":0.0228,"played":[4.0E-4,0.9996],"evs":[0.0,2.87358]},"98o":{"weight":0.0,"played":[0.6673,0.3327],"evs":[0.0,-0.49419]},"T8o":{"weight":0.0,"played":[0.9731,0.0269],"evs":[0.0,-0.21393]},"J8o":{"weight":0.0,"played":[0.9999,1.0E-4],"evs":[0.0,-0.55307]},"Q8o":{"weight":0.0,"played":[0.9218,0.0782],"evs":[0.0,-0.41189]},"K8o":{"weight":0.0,"played":[0.9956,0.0044],"evs":[0.0,-1.36488]},"A8o":{"weight":0.0,"played":[0.9927,0.0073],"evs":[0.0,-1.33925]},"92s":{"weight":0.0,"played":[0.9993,7.0E-4],"evs":[0.0,-2.08452]},"93s":{"weight":0.0,"played":[0.0835,0.9165],"evs":[0.0,0.40299]},"94s":{"weight":0.0,"played":[0.703,0.297],"evs":[0.0,-1.19579]},"95s":{"weight":0.0,"played":[0.9412,0.0588],"evs":[0.0,-0.39421]},"96s":{"weight":0.0,"played":[0.4657,0.5343],"evs":[0.0,0.19534]},"97s":{"weight":0.0,"played":[0.0026,0.9974],"evs":[0.0,0.97978]},"98s":{"weight":0.0,"played":[0.0038,0.9962],"evs":[0.0,1.47891]},"99":{"weight":0.0,"played":[1.0E-4,0.9999],"evs":[0.0,1.63317]},"T9o":{"weight":0.0,"played":[0.7629,0.2371],"evs":[0.0,-1.20391]},"J9o":{"weight":0.0,"played":[0.9961,0.0039],"evs":[0.0,-1.00831]},"Q9o":{"weight":0.0,"played":[0.5904,0.4096],"evs":[0.0,-0.46613]},"K9o":{"weight":0.0,"played":[0.8558,0.1442],"evs":[0.0,-0.85743]},"A9o":{"weight":0.0,"played":[0.9935,0.0065],"evs":[0.0,-1.31596]},"T2s":{"weight":0.0,"played":[0.9377,0.0623],"evs":[0.0,-1.21132]},"T3s":{"weight":0.0,"played":[0.5921,0.4079],"evs":[0.0,-0.59091]},"T4s":{"weight":0.0,"played":[0.8768,0.1232],"evs":[0.0,-0.64857]},"T5s":{"weight":0.0,"played":[0.9545,0.0455],"evs":[0.0,-1.05328]},"T6s":{"weight":0.0,"played":[0.0318,0.9682],"evs":[0.0,0.44889]},"T7s":{"weight":0.0,"played":[0.9011,0.0989],"evs":[0.0,-0.21451]},"T8s":{"weight":0.0,"played":[0.0469,0.9531],"evs":[0.0,2.05632]},"T9s":{"weight":0.0,"played":[0.2122,0.7878],"evs":[0.0,0.93909]},"TT":{"weight":3.0E-4,"played":[0.0,1.0],"evs":[0.0,2.66542]},"JTo":{"weight":0.0,"played":[0.9375,0.0625],"evs":[0.0,-0.19005]},"QTo":{"weight":0.0,"played":[0.7669,0.2331],"evs":[0.0,-0.55546]},"KTo":{"weight":0.0,"played":[0.5275,0.4725],"evs":[0.0,-0.5468]},"ATo":{"weight":0.0,"played":[0.6831,0.3169],"evs":[0.0,-0.36655]},"J2s":{"weight":0.0,"played":[0.9903,0.0097],"evs":[0.0,-1.20902]},"J3s":{"weight":0.0,"played":[0.8889,0.1111],"evs":[0.0,-0.6114]},"J4s":{"weight":0.0,"played":[0.8874,0.1126],"evs":[0.0,-0.4503]},"J5s":{"weight":0.0,"played":[0.1625,0.8375],"evs":[0.0,0.37715]},"J6s":{"weight":0.0,"played":[0.0492,0.9508],"evs":[0.0,0.38254]},"J7s":{"weight":0.0,"played":[0.0086,0.9914],"evs":[0.0,0.47069]},"J8s":{"weight":0.0,"played":[0.064,0.936],"evs":[0.0,1.36566]},"J9s":{"weight":0.0,"played":[0.4687,0.5313],"evs":[0.0,1.15926]},"JTs":{"weight":0.0,"played":[0.0083,0.9917],"evs":[0.0,1.76421]},"JJ":{"weight":0.0,"played":[0.0,1.0],"evs":[0.0,5.06374]},"QJo":{"weight":0.0,"played":[0.272,0.728],"evs":[0.0,0.50177]},"KJo":{"weight":0.0,"played":[0.0,1.0],"evs":[0.0,0.29265]},"AJo":{"weight":0.0,"played":[2.0E-4,0.9998],"evs":[0.0,1.16927]},"Q2s":{"weight":0.0,"played":[0.0065,0.9935],"evs":[0.0,0.41683]},"Q3s":{"weight":0.0,"played":[0.0031,0.9969],"evs":[0.0,1.43884]},"Q4s":{"weight":0.0,"played":[0.8099,0.1901],"evs":[0.0,-1.13262]},"Q5s":{"weight":0.0,"played":[0.2874,0.7126],"evs":[0.0,0.82333]},"Q6s":{"weight":0.0,"played":[0.664,0.336],"evs":[0.0,-0.21805]},"Q7s":{"weight":0.0,"played":[0.3187,0.6813],"evs":[0.0,-0.48411]},"Q8s":{"weight":0.0,"played":[0.7547,0.2453],"evs":[0.0,-0.07927]},"Q9s":{"weight":0.0,"played":[0.0216,0.9784],"evs":[0.0,1.90657]},"QTs":{"weight":0.0,"played":[0.0041,0.9959],"evs":[0.0,1.36779]},"QJs":{"weight":0.2507,"played":[3.0E-4,0.9997],"evs":[0.0,2.35938]},"QQ":{"weight":0.0,"played":[0.0,1.0],"evs":[0.0,8.4718]},"KQo":{"weight":0.0473,"played":[7.0E-4,0.9993],"evs":[0.0,0.95363]},"AQo":{"weight":0.0,"played":[0.0,1.0],"evs":[0.0,2.14283]},"K2s":{"weight":0.0,"played":[0.7377,0.2623],"evs":[0.0,0.35511]},"K3s":{"weight":0.0,"played":[0.7254,0.2746],"evs":[0.0,0.54227]},"K4s":{"weight":0.0,"played":[0.0415,0.9585],"evs":[0.0,1.29315]},"K5s":{"weight":0.0,"played":[0.001,0.999],"evs":[0.0,0.91512]},"K6s":{"weight":0.0,"played":[0.0023,0.9977],"evs":[0.0,1.17154]},"K7s":{"weight":0.0,"played":[0.4457,0.5543],"evs":[0.0,0.19339]},"K8s":{"weight":0.0,"played":[0.4517,0.5483],"evs":[0.0,0.1399]},"K9s":{"weight":0.0,"played":[0.1202,0.8798],"evs":[0.0,0.33354]},"KTs":{"weight":0.0024,"played":[0.0025,0.9975],"evs":[0.0,1.93753]},"KJs":{"weight":0.1613,"played":[0.0,1.0],"evs":[0.0,1.54333]},"KQs":{"weight":0.082,"played":[0.0022,0.9978],"evs":[0.0,2.59563]},"KK":{"weight":0.0,"played":[0.0,1.0],"evs":[0.0,11.77621]},"AKo":{"weight":0.0,"played":[0.0,1.0],"evs":[0.0,2.52107]},"A2s":{"weight":0.0,"played":[0.2734,0.7266],"evs":[0.0,0.31082]},"A3s":{"weight":0.0,"played":[7.0E-4,0.9993],"evs":[0.0,1.10294]},"A4s":{"weight":0.0,"played":[0.5674,0.4326],"evs":[0.0,-0.05775]},"A5s":{"weight":0.0,"played":[0.0714,0.9286],"evs":[0.0,0.39187]},"A6s":{"weight":0.0,"played":[0.242,0.758],"evs":[0.0,0.86531]},"A7s":{"weight":0.0,"played":[0.1042,0.8958],"evs":[0.0,0.87125]},"A8s":{"weight":0.0,"played":[0.0089,0.9911],"evs":[0.0,0.97304]},"A9s":{"weight":0.0,"played":[4.0E-4,0.9996],"evs":[0.0,1.4165]},"ATs":{"weight":0.0,"played":[0.0146,0.9854],"evs":[0.0,1.60511]},"AJs":{"weight":0.0,"played":[2.0E-4,0.9998],"evs":[0.0,1.607]},"AQs":{"weight":0.0,"played":[0.0,1.0],"evs":[0.0,2.17207]},"AKs":{"weight":0.001,"played":[0.0027,0.9973],"evs":[0.0,4.06087]},"AA":{"weight":0.062,"played":[0.0,1.0],"evs":[0.0,15.56717]}}}