{"player":3,"street":0,"children":2,"sequence":[{"player":0,"type":"R","amount":200000,"street":0},{"player":1,"type":"C","amount":200000,"street":0},{"player":2,"type":"F","amount":0,"street":0},{"player":3,"type":"C","amount":200000,"street":0},{"player":4,"type":"R","amount":1565000,"street":0},{"player":5,"type":"C","amount":845000,"street":0},{"player":0,"type":"C","amount":1265000,"street":0},{"player":1,"type":"F","amount":0,"street":0}],"actions":[{"type":"F","amount":0},{"type":"C","amount":1365000}],"hands":{"22":{"weight":9.0E-4,"played":[0.1479,0.8521],"evs":[0.0,12.59505]},"32o":{"weight":0.0,"played":[0.5373,0.4627],"evs":[0.0,-4.26652]},"42o":{"weight":0.0,"played":[0.4807,0.5193],"evs":[0.0,13.22102]},"52o":{"weight":0.0,"played":[0.4765,0.5235],"evs":[0.0,0.43086]},"62o":{"weight":0.0,"played":[0.5344,0.4656],"evs":[0.0,-7.52246]},"72o":{"weight":0.0,"played":[0.121,0.879],"evs":[0.0,23.25067]},"82o":{"weight":0.0,"played":[0.8167,0.1833],"evs":[0.0,-5.15395]},"92o":{"weight":0.0,"played":[0.5019,0.4981],"evs":[0.0,-1.48809]},"T2o":{"weight":0.0,"played":[0.827,0.173],"evs":[0.0,-8.60046]},"J2o":{"weight":0.0,"played":[0.0532,0.9468],"evs":[0.0,-8.3123]},"Q2o":{"weight":0.0,"played":[1.0,0.0],"evs":[0.0,-12.04799]},"K2o":{"weight":0.0,"played":[0.4689,0.5311],"evs":[0.0,-4.89945]},"A2o":{"weight":2.0E-4,"played":[0.0438,0.9562],"evs":[0.0,6.62409]},"32s":{"weight":0.0,"played":[0.4796,0.5204],"evs":[0.0,39.8151]},"33":{"weight":0.0086,"played":[0.0499,0.9501],"evs":[0.0,23.08866]},"43o":{"weight":1.0E-4,"played":[0.1229,0.8771],"evs":[0.0,12.77262]},"53o":{"weight":0.0,"played":[0.4068,0.5932],"evs":[0.0,-3.30647]},"63o":{"weight":0.0,"played":[0.7919,0.2081],"evs":[0.0,8.11341]},"73o":{"weight":0.0,"played":[1.0,0.0],"evs":[0.0,5.58454]},"83o":{"weight":0.0,"played":[0.8722,0.1278],"evs":[0.0,-9.78273]},"93o":{"weight":0.0,"played":[1.0,0.0],"evs":[0.0,-14.86331]},"T3o":{"weight":0.0,"played":[1.0,0.0],"evs":[0.0,-13.50689]},"J3o":{"weight":0.0,"played":[0.9064,0.0936],"evs":[0.0,-9.87645]},"Q3o":{"weight":0.0,"played":[0.5576,0.4424],"evs":[0.0,-6.56089]},"K3o":{"weight":0.0,"played":[0.9656,0.0344],"evs":[0.0,-12.45853]},"A3o":{"weight":2.0E-4,"played":[0.9482,0.0518],"evs":[0.0,-12.18608]},"42s":{"weight":0.0,"played":[0.8793,0.1207],"evs":[0.0,-14.87703]},"43s":{"weight":4.0E-4,"played":[1.0,0.0],"evs":[0.0,-14.87714]},"44":{"weight":0.6293,"played":[0.9422,0.0578],"evs":[0.0,-12.89802]},"54o":{"weight":0.0,"played":[0.8517,0.1483],"evs":[0.0,-4.73108]},"64o":{"weight":0.0,"played":[1.0,0.0],"evs":[0.0,12.9119]},"74o":{"weight":0.0,"played":[0.2564,0.7436],"evs":[0.0,36.42785]},"84o":{"weight":0.0,"played":[0.5364,0.4636],"evs":[0.0,-7.03481]},"94o":{"weight":0.0,"played":[0.6662,0.3338],"evs":[0.0,-1.52535]},"T4o":{"weight":0.0,"played":[0.0,1.0],"evs":[0.0,57.08147]},"J4o":{"weight":0.0,"played":[0.7023,0.2977],"evs":[0.0,-8.47845]},"Q4o":{"weight":0.0,"played":[0.5043,0.4957],"evs":[0.0,1.45995]},"K4o":{"weight":0.0,"played":[0.8349,0.1651],"evs":[0.0,-2.33378]},"A4o":{"weight":1.0E-4,"played":[1.0,0.0],"evs":[0.0,-11.47498]},"52s":{"weight":6.0E-4,"played":[1.0,0.0],"evs":[0.0,-14.47774]},"53s":{"weight":1.0E-4,"played":[0.5381,0.4619],"evs":[0.0,33.05967]},"54s":{"weight":0.0,"played":[1.0,0.0],"evs":[0.0,28.33772]},"55":{"weight":0.9921,"played":[0.3984,0.6016],"evs":[0.0,4.56442]},"65o":{"weight":1.0E-4,"played":[0.8794,0.1206],"evs":[0.0,-5.65504]},"75o":{"weight":0.0,"played":[1.0,0.0],"evs":[0.0,-8.42126]},"85o":{"weight":0.0,"played":[0.2831,0.7169],"evs":[0.0,12.38131]},"95o":{"weight":0.0,"played":[0.5422,0.4578],"evs":[0.0,9.05646]},"T5o":{"weight":0.0,"played":[0.849,0.151],"evs":[0.0,-6.90705]},"J5o":{"weight":0.0,"played":[1.0,0.0],"evs":[0.0,-14.67295]},"Q5o":{"weight":0.0,"played":[1.0,0.0],"evs":[0.0,-12.566]},"K5o":{"weight":4.0E-4,"played":[0.6633,0.3367],"evs":[0.0,20.47445]},"A5o":{"weight":0.0262,"played":[0.0883,0.9117],"evs":[0.0,9.73103]},"62s":{"weight":1.0E-4,"played":[0.0,1.0],"evs":[0.0,7.6138]},"63s":{"weight":2.0E-4,"played":[1.0,0.0],"evs":[0.0,31.70458]},"64s":{"weight":1.0E-4,"played":[0.0,1.0],"evs":[0.0,-14.87463]},"65s":{"weight":0.0018,"played":[0.4031,0.5969],"evs":[0.0,14.13693]},"66":{"weight":0.9711,"played":[0.0,1.0],"evs":[0.0,0.33362]},"76o":{"weight":0.0,"played":[1.0,0.0],"evs":[0.0,3.10542]},"86o":{"weight":0.0,"played":[0.7538,0.2462],"evs":[0.0,-8.53635]},"96o":{"weight":0.0,"played":[0.7616,0.2384],"evs":[0.0,-14.86266]},"T6o":{"weight":0.0,"played":[0.8415,0.1585],"evs":[0.0,-7.77527]},"J6o":{"weight":0.0,"played":[0.7163,0.2837],"evs":[0.0,-7.58504]},"Q6o":{"weight":0.0,"played":[0.1735,0.8265],"evs":[0.0,-1.13839]},"K6o":{"weight":0.0,"played":[0.9954,0.0046],"evs":[0.0,-2.34324]},"A6o":{"weight":0.0,"played":[0.2855,0.7145],"evs":[0.0,4.30195]},"72s":{"weight":1.0E-4,"played":[0.3065,0.6935],"evs":[0.0,6.59287]},"73s":{"weight":0.0,"played":[0.9861,0.0139],"evs":[0.0,-14.74101]},"74s":{"weight":1.0E-4,"played":[0.2667,0.7333],"evs":[0.0,-3.84087]},"75s":{"weight":2.0E-4,"played":[0.9464,0.0536],"evs":[0.0,-13.39145]},"76s":{"weight":0.0056,"played":[0.2695,0.7305],"evs":[0.0,23.51147]},"77":{"weight":2.0E-4,"played":[1.0,0.0],"evs":[0.0,-14.06247]},"87o":{"weight":0.0,"played":[0.0942,0.9058],"evs":[0.0,13.33088]},"97o":{"weight":0.0,"played":[0.5564,0.4436],"evs":[0.0,-2.02948]},"T7o":{"weight":0.0,"played":[0.8862,0.1138],"evs":[0.0,-13.78688]},"J7o":{"weight":0.0,"played":[0.0018,0.9982],"evs":[0.0,-2.42111]},"Q7o":{"weight":0.0,"played":[0.8625,0.1375],"evs":[0.0,6.87466]},"K7o":{"weight":7.0E-4,"played":[0.1637,0.8363],"evs":[0.0,7.16408]},"A7o":{"weight":2.0E-4,"played":[0.157,0.843],"evs":[0.0,8.17569]},"82s":{"weight":0.0,"played":[0.8148,0.1852],"evs":[0.0,15.19679]},"83s":{"weight":2.0E-4,"played":[0.4915,0.5085],"evs":[0.0,-10.46741]},"84s":{"weight":3.0E-4,"played":[1.0,0.0],"evs":[0.0,-13.38637]},"85s":{"weight":0.0,"played":[0.0333,0.9667],"evs":[0.0,-1.5452]},"86s":{"weight":0.0015,"played":[0.9633,0.0367],"evs":[0.0,-14.87443]},"87s":{"weight":0.0014,"played":[0.5278,0.4722],"evs":[0.0,21.39226]},"88":{"weight":0.013,"played":[0.8635,0.1365],"evs":[0.0,-1.84116]},"98o":{"weight":0.0,"played":[0.5271,0.4729],"evs":[0.0,0.63065]},"T8o":{"weight":5.0E-4,"played":[0.5967,0.4033],"evs":[0.0,-8.48746]},"J8o":{"weight":0.0,"played":[0.1701,0.8299],"evs":[0.0,10.58929]},"Q8o":{"weight":0.0,"played":[0.338,0.662],"evs":[0.0,9.3149]},"K8o":{"weight":0.0,"played":[0.1232,0.8768],"evs":[0.0,17.36067]},"A8o":{"weight":0.2548,"played":[0.5146,0.4854],"evs":[0.0,-1.54034]},"92s":{"weight":1.0E-4,"played":[1.0,0.0],"evs":[0.0,-14.85168]},"93s":{"weight":0.0,"played":[0.6784,0.3216],"evs":[0.0,25.52434]},"94s":{"weight":0.0,"played":[0.7079,0.2921],"evs":[0.0,-14.87657]},"95s":{"weight":0.0,"played":[0.3897,0.6103],"evs":[0.0,13.16125]},"96s":{"weight":0.0011,"played":[0.8812,0.1188],"evs":[0.0,-14.87463]},"97s":{"weight":0.0669,"played":[0.7735,0.2265],"evs":[0.0,-14.85168]},"98s":{"weight":0.0411,"played":[0.926,0.074],"evs":[0.0,-14.85168]},"99":{"weight":0.0571,"played":[0.6436,0.3564],"evs":[0.0,-8.45287]},"T9o":{"weight":0.0,"played":[0.9421,0.0579],"evs":[0.0,-11.00619]},"J9o":{"weight":4.0E-4,"played":[0.7069,0.2931],"evs":[0.0,-14.85168]},"Q9o":{"weight":1.0E-4,"played":[0.9999,1.0E-4],"evs":[0.0,-3.9428]},"K9o":{"weight":0.0,"played":[0.3243,0.6757],"evs":[0.0,22.23431]},"A9o":{"weight":0.9558,"played":[0.426,0.574],"evs":[0.0,-5.1237]},"T2s":{"weight":1.0E-4,"played":[1.0,0.0],"evs":[0.0,8.66475]},"T3s":{"weight":1.0E-4,"played":[1.0,0.0],"evs":[0.0,-14.85168]},"T4s":{"weight":4.0E-4,"played":[1.0,0.0],"evs":[0.0,-14.85929]},"T5s":{"weight":2.0E-4,"played":[0.2653,0.7347],"evs":[0.0,13.01565]},"T6s":{"weight":0.0,"played":[1.0,0.0],"evs":[0.0,-14.80236]},"T7s":{"weight":2.0E-4,"played":[1.0,0.0],"evs":[0.0,-13.24747]},"T8s":{"weight":1.0E-4,"played":[0.9401,0.0599],"evs":[0.0,-14.87389]},"T9s":{"weight":0.6563,"played":[0.2245,0.7755],"evs":[0.0,17.4521]},"TT":{"weight":6.0E-4,"played":[0.3179,0.6821],"evs":[0.0,25.52184]},"JTo":{"weight":0.0025,"played":[0.6085,0.3915],"evs":[0.0,-7.31747]},"QTo":{"weight":0.0,"played":[0.9724,0.0276],"evs":[0.0,-3.20834]},"KTo":{"weight":4.0E-4,"played":[0.2074,0.7926],"evs":[0.0,-0.40822]},"ATo":{"weight":0.7669,"played":[0.3268,0.6732],"evs":[0.0,50.14358]},"J2s":{"weight":0.0,"played":[0.3585,0.6415],"evs":[0.0,3.31783]},"J3s":{"weight":1.0E-4,"played":[1.0,0.0],"evs":[0.0,-14.68169]},"J4s":{"weight":1.0E-4,"played":[0.9553,0.0447],"evs":[0.0,-14.3873]},"J5s":{"weight":0.0,"played":[1.0,0.0],"evs":[0.0,-14.86565]},"J6s":{"weight":3.0E-4,"played":[0.3153,0.6847],"evs":[0.0,-8.49144]},"J7s":{"weight":1.0E-4,"played":[1.0,0.0],"evs":[0.0,28.28624]},"J8s":{"weight":0.0,"played":[1.0,0.0],"evs":[0.0,36.31971]},"J9s":{"weight":0.0055,"played":[0.9898,0.0102],"evs":[0.0,-13.77734]},"JTs":{"weight":0.875,"played":[0.7464,0.2536],"evs":[0.0,9.72232]},"JJ":{"weight":0.0112,"played":[0.0,1.0],"evs":[0.0,32.49449]},"QJo":{"weight":0.0042,"played":[0.1052,0.8948],"evs":[0.0,11.41866]},"KJo":{"weight":0.9086,"played":[0.3672,0.6328],"evs":[0.0,8.42853]},"AJo":{"weight":0.0108,"played":[1.0,0.0],"evs":[0.0,-8.82352]},"Q2s":{"weight":5.0E-4,"played":[0.5138,0.4862],"evs":[0.0,20.10017]},"Q3s":{"weight":2.0E-4,"played":[0.0197,0.9803],"evs":[0.0,57.04597]},"Q4s":{"weight":5.0E-4,"played":[0.4688,0.5312],"evs":[0.0,38.39349]},"Q5s":{"weight":5.0E-4,"played":[0.8923,0.1077],"evs":[0.0,-14.69111]},"Q6s":{"weight":1.0E-4,"played":[1.0,0.0],"evs":[0.0,-8.47845]},"Q7s":{"weight":5.0E-4,"played":[0.3748,0.6252],"evs":[0.0,11.23657]},"Q8s":{"weight":0.002,"played":[0.9921,0.0079],"evs":[0.0,22.34513]},"Q9s":{"weight":0.0197,"played":[1.0,0.0],"evs":[0.0,57.01827]},"QTs":{"weight":0.9343,"played":[0.6677,0.3323],"evs":[0.0,-8.49248]},"QJs":{"weight":0.9588,"played":[0.8901,0.1099],"evs":[0.0,-8.49248]},"QQ":{"weight":0.0,"played":[0.163,0.837],"evs":[0.0,25.89677]},"KQo":{"weight":0.0763,"played":[0.52,0.48],"evs":[0.0,4.11065]},"AQo":{"weight":0.3482,"played":[0.0,1.0],"evs":[0.0,4.89097]},"K2s":{"weight":0.0041,"played":[1.0,0.0],"evs":[0.0,26.69813]},"K3s":{"weight":0.002,"played":[1.0,0.0],"evs":[0.0,-12.45267]},"K4s":{"weight":0.0079,"played":[0.4897,0.5103],"evs":[0.0,-0.66756]},"K5s":{"weight":0.0032,"played":[0.8723,0.1277],"evs":[0.0,45.44334]},"K6s":{"weight":0.0,"played":[0.5139,0.4861],"evs":[0.0,-5.75523]},"K7s":{"weight":5.0E-4,"played":[1.0,0.0],"evs":[0.0,16.47624]},"K8s":{"weight":8.0E-4,"played":[0.0,1.0],"evs":[0.0,-0.22077]},"K9s":{"weight":0.8365,"played":[0.1244,0.8756],"evs":[0.0,-0.32796]},"KTs":{"weight":0.8616,"played":[0.3628,0.6372],"evs":[0.0,-7.00817]},"KJs":{"weight":0.5451,"played":[0.0827,0.9173],"evs":[0.0,25.59878]},"KQs":{"weight":0.0313,"played":[1.0,0.0],"evs":[0.0,-12.06057]},"KK":{"weight":0.0,"played":[0.5079,0.4921],"evs":[0.0,4.48846]},"AKo":{"weight":0.0,"played":[0.0,1.0],"evs":[0.0,-14.87463]},"A2s":{"weight":0.8605,"played":[1.0,0.0],"evs":[0.0,-12.44932]},"A3s":{"weight":0.7843,"played":[1.0,0.0],"evs":[0.0,-12.2579]},"A4s":{"weight":0.3309,"played":[0.4377,0.5623],"evs":[0.0,16.46114]},"A5s":{"weight":0.9299,"played":[0.0,1.0],"evs":[0.0,5.91218]},"A6s":{"weight":0.4439,"played":[0.4273,0.5727],"evs":[0.0,-14.87359]},"A7s":{"weight":0.0281,"played":[0.4765,0.5235],"evs":[0.0,19.4048]},"A8s":{"weight":0.4872,"played":[1.0,0.0],"evs":[0.0,-14.87114]},"A9s":{"weight":0.9955,"played":[0.0804,0.9196],"evs":[0.0,57.03502]},"ATs":{"weight":0.794,"played":[0.6295,0.3705],"evs":[0.0,3.04468]},"AJs":{"weight":0.0059,"played":[0.0,1.0],"evs":[0.0,-14.85168]},"AQs":{"weight":3.0E-4,"played":[0.0253,0.9747],"evs":[0.0,18.34626]},"AKs":{"weight":0.3037,"played":[0.0,1.0],"evs":[0.0,-8.49248]},"AA":{"weight":0.1524,"played":[0.0226,0.9774],"evs":[0.0,28.19796]}}}