{"player":0,"street":0,"children":3,"sequence":[{"player":0,"type":"R","amount":200000,"street":0},{"player":1,"type":"C","amount":200000,"street":0},{"player":2,"type":"F","amount":0,"street":0},{"player":3,"type":"R","amount":600000,"street":0},{"player":4,"type":"F","amount":0,"street":0},{"player":5,"type":"F","amount":0,"street":0}],"actions":[{"type":"F","amount":0,"node":351},{"type":"C","amount":400000,"node":353},{"type":"R","amount":1465000,"node":357}],"hands":{"22":{"weight":0.5835,"played":[0.9923,9.0E-4,0.0068],"evs":[0.0,-1.99738,-1.88423]},"32o":{"weight":0.0,"played":[0.9997,3.0E-4,0.0],"evs":[0.0,-2.79253,-5.00951]},"42o":{"weight":0.0,"played":[1.0,0.0,0.0],"evs":[0.0,-3.05062,-5.41628]},"52o":{"weight":0.0,"played":[0.9999,0.0,1.0E-4],"evs":[0.0,-3.02803,-4.99797]},"62o":{"weight":0.0,"played":[0.9999,1.0E-4,1.0E-4],"evs":[0.0,-3.55311,-5.70872]},"72o":{"weight":0.0,"played":[0.9999,0.0,0.0],"evs":[0.0,-3.89259,-5.83507]},"82o":{"weight":0.0,"played":[0.9999,0.0,0.0],"evs":[0.0,-3.0739,-5.2246]},"92o":{"weight":0.0,"played":[0.9999,1.0E-4,0.0],"evs":[0.0,-2.66692,-4.92893]},"T2o":{"weight":0.0,"played":[0.9998,0.0,1.0E-4],"evs":[0.0,-2.8301,-5.23342]},"J2o":{"weight":0.0,"played":[0.9999,1.0E-4,0.0],"evs":[0.0,-3.34909,-4.99687]},"Q2o":{"weight":0.0,"played":[0.9996,0.0,4.0E-4],"evs":[0.0,-3.40088,-5.60459]},"K2o":{"weight":0.0,"played":[0.9997,0.0,3.0E-4],"evs":[0.0,-2.44094,-4.42695]},"A2o":{"weight":0.0,"played":[0.9942,0.0052,6.0E-4],"evs":[0.0,-1.59244,-2.58207]},"32s":{"weight":0.0,"played":[0.9981,0.0011,8.0E-4],"evs":[0.0,-2.46477,-3.90882]},"33":{"weight":0.0026,"played":[0.9313,0.0145,0.0542],"evs":[0.0,-1.13878,-1.38167]},"43o":{"weight":0.0,"played":[0.9998,0.0,2.0E-4],"evs":[0.0,-2.44727,-4.45369]},"53o":{"weight":0.0,"played":[1.0,0.0,0.0],"evs":[0.0,-2.35751,-4.16658]},"63o":{"weight":0.0,"played":[0.9983,0.0017,1.0E-4],"evs":[0.0,-3.52795,-5.48858]},"73o":{"weight":0.0,"played":[0.9999,1.0E-4,0.0],"evs":[0.0,-3.35322,-5.76522]},"83o":{"weight":0.0,"played":[0.9999,1.0E-4,1.0E-4],"evs":[0.0,-3.59054,-6.17868]},"93o":{"weight":0.0,"played":[0.9999,0.0,1.0E-4],"evs":[0.0,-2.69259,-4.84045]},"T3o":{"weight":0.0,"played":[1.0,0.0,0.0],"evs":[0.0,-3.16158,-5.08512]},"J3o":{"weight":0.0,"played":[0.9998,1.0E-4,0.0],"evs":[0.0,-3.42155,-5.47143]},"Q3o":{"weight":0.0,"played":[0.9989,3.0E-4,8.0E-4],"evs":[0.0,-2.89303,-5.01794]},"K3o":{"weight":0.0,"played":[0.9997,0.0,3.0E-4],"evs":[0.0,-2.90282,-4.80138]},"A3o":{"weight":0.0,"played":[0.9923,0.0067,0.001],"evs":[0.0,-1.47466,-1.96249]},"42s":{"weight":0.0,"played":[0.9936,0.0051,0.0014],"evs":[0.0,-2.33702,-4.06234]},"43s":{"weight":0.0,"played":[0.9881,0.0097,0.0022],"evs":[0.0,-1.77298,-3.06683]},"44":{"weight":0.1029,"played":[0.7587,6.0E-4,0.2408],"evs":[0.0,-0.83642,-1.15725]},"54o":{"weight":0.0,"played":[0.9987,8.0E-4,4.0E-4],"evs":[0.0,-2.3684,-4.21154]},"64o":{"weight":0.0,"played":[1.0,0.0,0.0],"evs":[0.0,-3.0639,-4.90366]},"74o":{"weight":0.0,"played":[0.9998,0.0,2.0E-4],"evs":[0.0,-2.37337,-4.65946]},"84o":{"weight":0.0,"played":[0.9998,1.0E-4,2.0E-4],"evs":[0.0,-2.95998,-4.98753]},"94o":{"weight":0.0,"played":[0.9999,0.0,0.0],"evs":[0.0,-2.80868,-5.06541]},"T4o":{"weight":0.0,"played":[0.9999,0.0,1.0E-4],"evs":[0.0,-2.72772,-4.88447]},"J4o":{"weight":0.0,"played":[0.9986,0.0,0.0014],"evs":[0.0,-2.76905,-4.3912]},"Q4o":{"weight":0.0,"played":[1.0,0.0,0.0],"evs":[0.0,-2.63887,-4.57951]},"K4o":{"weight":0.0,"played":[0.9995,5.0E-4,0.0],"evs":[0.0,-3.00452,-4.7805]},"A4o":{"weight":0.0,"played":[0.9999,0.0,1.0E-4],"evs":[0.0,-1.4326,-2.36673]},"52s":{"weight":0.0,"played":[1.0,0.0,0.0],"evs":[0.0,-1.77601,-3.94031]},"53s":{"weight":0.0,"played":[0.9853,0.0105,0.0041],"evs":[0.0,-1.15084,-2.49276]},"54s":{"weight":0.0,"played":[0.9919,0.0067,0.0014],"evs":[0.0,-1.7947,-2.72479]},"55":{"weight":0.0,"played":[0.5386,0.25,0.2113],"evs":[0.0,-0.68144,-0.82648]},"65o":{"weight":0.0,"played":[1.0,0.0,0.0],"evs":[0.0,-1.93014,-3.69498]},"75o":{"weight":0.0,"played":[0.9994,4.0E-4,2.0E-4],"evs":[0.0,-2.41665,-4.16304]},"85o":{"weight":0.0,"played":[0.9996,2.0E-4,2.0E-4],"evs":[0.0,-2.17025,-3.88329]},"95o":{"weight":0.0,"played":[0.9998,1.0E-4,1.0E-4],"evs":[0.0,-2.79023,-4.90866]},"T5o":{"weight":0.0,"played":[0.9994,2.0E-4,4.0E-4],"evs":[0.0,-2.79917,-4.57158]},"J5o":{"weight":0.0,"played":[1.0,0.0,0.0],"evs":[0.0,-2.80493,-4.81654]},"Q5o":{"weight":0.0,"played":[0.9998,2.0E-4,0.0],"evs":[0.0,-2.81949,-5.0047]},"K5o":{"weight":0.0,"played":[0.9997,2.0E-4,1.0E-4],"evs":[0.0,-2.96608,-4.86133]},"A5o":{"weight":0.0,"played":[0.9943,0.0057,0.0],"evs":[0.0,-1.50088,-2.28019]},"62s":{"weight":0.0,"played":[0.9986,0.0013,1.0E-4],"evs":[0.0,-2.19439,-3.92408]},"63s":{"weight":0.0,"played":[0.9624,0.0367,9.0E-4],"evs":[0.0,-0.9255,-2.3885]},"64s":{"weight":0.0,"played":[0.9982,1.0E-4,0.0017],"evs":[0.0,-1.57425,-2.73521]},"65s":{"weight":0.0,"played":[0.3503,0.6497,0.0],"evs":[0.0,-0.04155,-1.59662]},"66":{"weight":0.0,"played":[0.077,0.6241,0.2988],"evs":[0.0,0.09175,0.59826]},"76o":{"weight":0.0,"played":[0.9984,0.0013,3.0E-4],"evs":[0.0,-1.96573,-3.73422]},"86o":{"weight":0.0,"played":[0.9994,0.0,6.0E-4],"evs":[0.0,-2.71233,-3.78977]},"96o":{"weight":0.0,"played":[0.9997,2.0E-4,1.0E-4],"evs":[0.0,-2.1826,-3.76283]},"T6o":{"weight":0.0,"played":[0.9993,7.0E-4,0.0],"evs":[0.0,-2.95313,-4.9343]},"J6o":{"weight":0.0,"played":[0.9997,1.0E-4,3.0E-4],"evs":[0.0,-3.35635,-5.81446]},"Q6o":{"weight":0.0,"played":[0.9995,3.0E-4,2.0E-4],"evs":[0.0,-2.45848,-4.57368]},"K6o":{"weight":0.0,"played":[0.9999,0.0,1.0E-4],"evs":[0.0,-3.21139,-4.98212]},"A6o":{"weight":0.0,"played":[0.9996,0.0,4.0E-4],"evs":[0.0,-1.83212,-2.68576]},"72s":{"weight":0.0,"played":[0.9996,3.0E-4,1.0E-4],"evs":[0.0,-2.80135,-4.87737]},"73s":{"weight":0.0,"played":[0.9995,2.0E-4,3.0E-4],"evs":[0.0,-2.55122,-4.09401]},"74s":{"weight":0.0,"played":[0.9992,6.0E-4,2.0E-4],"evs":[0.0,-1.65867,-3.37916]},"75s":{"weight":0.0,"played":[0.4227,0.5469,0.0304],"evs":[0.0,-0.04821,-1.50384]},"76s":{"weight":0.0,"played":[0.1103,0.8011,0.0885],"evs":[0.0,0.18909,-0.81994]},"77":{"weight":0.0,"played":[0.0211,0.7336,0.2453],"evs":[0.0,1.27487,1.43781]},"87o":{"weight":0.0,"played":[0.9816,0.0171,0.0013],"evs":[0.0,-1.99299,-3.62703]},"97o":{"weight":0.0,"played":[0.9979,0.0021,0.0],"evs":[0.0,-2.45897,-3.92297]},"T7o":{"weight":0.0,"played":[0.9999,0.0,1.0E-4],"evs":[0.0,-1.99855,-3.84243]},"J7o":{"weight":0.0,"played":[0.9997,2.0E-4,1.0E-4],"evs":[0.0,-2.14305,-4.21416]},"Q7o":{"weight":0.0,"played":[0.999,0.001,0.0],"evs":[0.0,-2.46043,-4.71661]},"K7o":{"weight":0.0,"played":[1.0,0.0,0.0],"evs":[0.0,-2.54185,-4.44941]},"A7o":{"weight":0.0048,"played":[0.8617,0.1376,7.0E-4],"evs":[0.0,-0.41893,-1.01427]},"82s":{"weight":0.0,"played":[0.9831,0.0125,0.0044],"evs":[0.0,-2.51103,-4.17829]},"83s":{"weight":0.0,"played":[0.9983,0.0017,0.0],"evs":[0.0,-1.885,-4.05316]},"84s":{"weight":0.0,"played":[0.9994,0.0,6.0E-4],"evs":[0.0,-1.68848,-3.31021]},"85s":{"weight":0.0,"played":[0.8789,0.0874,0.0337],"evs":[0.0,-1.5186,-2.77562]},"86s":{"weight":0.0,"played":[0.3724,0.5943,0.0333],"evs":[0.0,-0.42255,-1.00203]},"87s":{"weight":0.0,"played":[0.5547,0.3871,0.0582],"evs":[0.0,0.09773,-1.35109]},"88":{"weight":0.0211,"played":[0.0031,0.7238,0.2731],"evs":[0.0,2.20154,2.6127]},"98o":{"weight":0.0,"played":[0.9315,0.0672,0.0013],"evs":[0.0,-1.11782,-2.56979]},"T8o":{"weight":0.0,"played":[0.9867,0.0132,1.0E-4],"evs":[0.0,-1.80034,-3.17441]},"J8o":{"weight":0.0,"played":[0.9993,0.0,7.0E-4],"evs":[0.0,-1.83172,-3.52772]},"Q8o":{"weight":0.0,"played":[0.9998,1.0E-4,1.0E-4],"evs":[0.0,-1.90629,-3.57508]},"K8o":{"weight":0.0,"played":[1.0,0.0,0.0],"evs":[0.0,-2.64255,-4.50704]},"A8o":{"weight":0.9997,"played":[0.9803,0.0181,0.0016],"evs":[0.0,-0.76035,-0.9974]},"92s":{"weight":0.0,"played":[0.9913,8.0E-4,0.008],"evs":[0.0,-1.89875,-2.9241]},"93s":{"weight":0.0,"played":[0.95,0.0495,5.0E-4],"evs":[0.0,-1.09061,-3.08334]},"94s":{"weight":0.0,"played":[0.9995,5.0E-4,0.0],"evs":[0.0,-1.82911,-3.64095]},"95s":{"weight":0.0,"played":[0.9978,6.0E-4,0.0016],"evs":[0.0,-1.71685,-2.99156]},"96s":{"weight":0.0,"played":[0.6167,0.3832,1.0E-4],"evs":[0.0,-0.94837,-2.71238]},"97s":{"weight":0.0,"played":[0.9571,0.039,0.0039],"evs":[0.0,-0.63981,-1.68879]},"98s":{"weight":0.106,"played":[0.8141,0.1616,0.0244],"evs":[0.0,-1.25488,-1.85743]},"99":{"weight":0.0,"played":[0.0,0.7981,0.2019],"evs":[0.0,3.61151,3.61676]},"T9o":{"weight":0.0,"played":[0.9968,0.0015,0.0017],"evs":[0.0,-1.09119,-2.42579]},"J9o":{"weight":0.0,"played":[0.9999,1.0E-4,0.0],"evs":[0.0,-1.00464,-2.57305]},"Q9o":{"weight":0.0,"played":[0.9998,2.0E-4,1.0E-4],"evs":[0.0,-1.35093,-2.75124]},"K9o":{"weight":0.0,"played":[0.9995,0.0,5.0E-4],"evs":[0.0,-1.27804,-2.4415]},"A9o":{"weight":0.2578,"played":[0.6769,0.0885,0.2346],"evs":[0.0,0.0171,0.16626]},"T2s":{"weight":0.0,"played":[0.994,0.0057,3.0E-4],"evs":[0.0,-1.30545,-3.22492]},"T3s":{"weight":0.0,"played":[0.9952,0.0041,7.0E-4],"evs":[0.0,-2.37369,-3.775]},"T4s":{"weight":0.0,"played":[0.9893,0.0086,0.0021],"evs":[0.0,-1.28811,-2.95809]},"T5s":{"weight":0.0,"played":[0.9927,0.0059,0.0015],"evs":[0.0,-1.70455,-2.76567]},"T6s":{"weight":0.0,"played":[0.9789,0.0112,0.0099],"evs":[0.0,-1.82567,-3.51318]},"T7s":{"weight":0.0,"played":[0.9909,0.0031,0.006],"evs":[0.0,-1.69051,-3.31272]},"T8s":{"weight":0.0,"played":[0.5798,0.4056,0.0145],"evs":[0.0,-0.99667,-2.38493]},"T9s":{"weight":0.7069,"played":[0.3625,0.6328,0.0047],"evs":[0.0,0.26742,-0.96225]},"TT":{"weight":0.8678,"played":[0.0,0.4842,0.5158],"evs":[0.0,3.2337,3.19733]},"JTo":{"weight":0.0,"played":[0.9743,0.0239,0.0019],"evs":[0.0,-1.26943,-2.46886]},"QTo":{"weight":0.0,"played":[0.9987,0.0011,2.0E-4],"evs":[0.0,-0.80282,-2.0101]},"KTo":{"weight":0.6339,"played":[0.9998,0.0,2.0E-4],"evs":[0.0,-1.62866,-2.85929]},"ATo":{"weight":0.0,"played":[0.001,0.6375,0.3614],"evs":[0.0,0.68141,1.31438]},"J2s":{"weight":0.0,"played":[0.9873,0.0096,0.003],"evs":[0.0,-1.97105,-3.26987]},"J3s":{"weight":0.0,"played":[0.9416,0.0543,0.0042],"evs":[0.0,-0.78083,-2.64442]},"J4s":{"weight":0.0,"played":[0.9357,0.0606,0.0037],"evs":[0.0,-2.2438,-3.64884]},"J5s":{"weight":0.0,"played":[0.9974,5.0E-4,0.0021],"evs":[0.0,-1.24317,-1.97758]},"J6s":{"weight":0.0,"played":[0.9976,0.0,0.0023],"evs":[0.0,-0.74403,-2.67057]},"J7s":{"weight":0.0,"played":[0.9913,0.005,0.0037],"evs":[0.0,-1.35327,-2.68408]},"J8s":{"weight":0.0,"played":[0.3004,0.6486,0.051],"evs":[0.0,0.20377,-1.02696]},"J9s":{"weight":1.0,"played":[0.1524,0.843,0.0046],"evs":[0.0,0.19938,-0.95485]},"JTs":{"weight":0.0,"played":[0.058,0.8837,0.0584],"evs":[0.0,2.16491,0.62202]},"JJ":{"weight":1.0,"played":[0.0,0.281,0.719],"evs":[0.0,6.06858,6.17455]},"QJo":{"weight":0.9993,"played":[0.9903,0.007,0.0027],"evs":[0.0,-1.0818,-2.21757]},"KJo":{"weight":0.2038,"played":[0.9775,0.0216,8.0E-4],"evs":[0.0,-1.32597,-2.26302]},"AJo":{"weight":0.0,"played":[0.0,0.2855,0.7145],"evs":[0.0,2.55787,3.13151]},"Q2s":{"weight":0.0,"played":[0.9866,0.01,0.0034],"evs":[0.0,-2.94367,-4.49718]},"Q3s":{"weight":0.0,"played":[0.9928,0.0046,0.0026],"evs":[0.0,-2.18315,-3.86158]},"Q4s":{"weight":0.0,"played":[0.9973,0.0025,2.0E-4],"evs":[0.0,-1.9818,-3.19167]},"Q5s":{"weight":0.0,"played":[0.9775,0.0214,0.001],"evs":[0.0,-0.80008,-2.53914]},"Q6s":{"weight":0.0,"played":[0.9519,0.0468,0.0013],"evs":[0.0,-1.20503,-2.82991]},"Q7s":{"weight":0.0,"played":[0.997,0.0,0.003],"evs":[0.0,-1.17791,-2.44994]},"Q8s":{"weight":0.0,"played":[0.5126,0.4534,0.0341],"evs":[0.0,-0.23413,-1.70396]},"Q9s":{"weight":0.9998,"played":[0.804,0.1944,0.0016],"evs":[0.0,-0.12902,-1.00824]},"QTs":{"weight":0.0,"played":[0.156,0.8021,0.0419],"evs":[0.0,1.07832,0.51893]},"QJs":{"weight":0.0,"played":[0.0069,0.9504,0.0427],"evs":[0.0,0.51459,0.15678]},"QQ":{"weight":1.0,"played":[0.0,0.1476,0.8524],"evs":[0.0,9.50081,9.63343]},"KQo":{"weight":0.0,"played":[0.3033,0.6879,0.0088],"evs":[0.0,0.11908,-0.10274]},"AQo":{"weight":0.0,"played":[0.0,0.4538,0.5462],"evs":[0.0,3.20927,3.31007]},"K2s":{"weight":0.0,"played":[0.9995,0.0,4.0E-4],"evs":[0.0,-1.79667,-3.40751]},"K3s":{"weight":0.0,"played":[0.9989,4.0E-4,6.0E-4],"evs":[0.0,-2.39719,-4.22313]},"K4s":{"weight":0.0,"played":[0.993,0.0044,0.0026],"evs":[0.0,-1.42557,-2.84319]},"K5s":{"weight":0.0,"played":[0.9979,0.0,0.0021],"evs":[0.0,-2.13514,-4.23556]},"K6s":{"weight":0.0,"played":[0.9998,0.0,2.0E-4],"evs":[0.0,-1.58462,-2.98268]},"K7s":{"weight":0.0,"played":[0.8904,0.1089,7.0E-4],"evs":[0.0,-1.38568,-2.86126]},"K8s":{"weight":0.1697,"played":[0.9708,0.0214,0.0078],"evs":[0.0,-2.07116,-3.64176]},"K9s":{"weight":0.98,"played":[0.9888,0.0049,0.0063],"evs":[0.0,-0.16996,-1.05571]},"KTs":{"weight":0.2716,"played":[0.8582,0.1407,0.0011],"evs":[0.0,-0.98718,-1.79012]},"KJs":{"weight":0.1682,"played":[0.2185,0.7678,0.0136],"evs":[0.0,0.80975,0.03157]},"KQs":{"weight":1.0E-4,"played":[0.0428,0.9472,0.01],"evs":[0.0,0.96685,0.17842]},"KK":{"weight":1.0,"played":[0.0,0.3658,0.6342],"evs":[0.0,11.49709,11.16419]},"AKo":{"weight":0.1586,"played":[0.0,0.0246,0.9754],"evs":[0.0,4.29628,4.71401]},"A2s":{"weight":1.0,"played":[0.9192,0.047,0.0337],"evs":[0.0,-0.58818,-1.19857]},"A3s":{"weight":1.0,"played":[0.4442,0.3864,0.1694],"evs":[0.0,-0.20031,-0.65426]},"A4s":{"weight":0.9993,"played":[0.4308,0.4932,0.076],"evs":[0.0,-0.18307,-0.8843]},"A5s":{"weight":0.0011,"played":[0.0655,0.6903,0.2441],"evs":[0.0,1.49923,1.29703]},"A6s":{"weight":0.3289,"played":[0.4185,0.581,5.0E-4],"evs":[0.0,-0.04666,-0.81122]},"A7s":{"weight":0.7727,"played":[0.1477,0.5255,0.3268],"evs":[0.0,0.19381,0.08704]},"A8s":{"weight":0.0406,"played":[0.252,0.3738,0.3741],"evs":[0.0,0.43689,0.84839]},"A9s":{"weight":5.0E-4,"played":[8.0E-4,0.9497,0.0495],"evs":[0.0,1.8415,1.56742]},"ATs":{"weight":0.596,"played":[3.0E-4,0.8966,0.1032],"evs":[0.0,2.31317,2.03536]},"AJs":{"weight":0.3876,"played":[0.0,0.4118,0.5882],"evs":[0.0,3.15842,3.37291]},"AQs":{"weight":0.9998,"played":[0.0,0.1793,0.8207],"evs":[0.0,4.54719,4.84512]},"AKs":{"weight":1.0,"played":[0.0,0.0277,0.9722],"evs":[0.0,7.00467,7.4286]},"AA":{"weight":1.0,"played":[0.0,0.0,1.0],"evs":[0.0,18.3745,18.606]}}}