{"player":1,"street":0,"children":2,"sequence":[{"player":0,"type":"R","amount":200000,"street":0},{"player":1,"type":"C","amount":200000,"street":0},{"player":2,"type":"F","amount":0,"street":0},{"player":3,"type":"R","amount":600000,"street":0},{"player":4,"type":"F","amount":0,"street":0},{"player":5,"type":"R","amount":945000,"street":0},{"player":0,"type":"F","amount":0,"street":0}],"actions":[{"type":"F","amount":0,"node":362},{"type":"C","amount":585000,"node":363}],"hands":{"22":{"weight":0.0,"played":[0.0014,0.9986],"evs":[0.0,0.76052]},"32o":{"weight":0.0,"played":[0.9983,0.0017],"evs":[0.0,-1.05506]},"42o":{"weight":0.0,"played":[0.9635,0.0365],"evs":[0.0,-0.93411]},"52o":{"weight":0.0,"played":[0.9442,0.0558],"evs":[0.0,-1.25413]},"62o":{"weight":0.0,"played":[0.9998,2.0E-4],"evs":[0.0,-1.15258]},"72o":{"weight":0.0,"played":[0.9991,9.0E-4],"evs":[0.0,-1.93261]},"82o":{"weight":0.0,"played":[0.9999,1.0E-4],"evs":[0.0,-1.77461]},"92o":{"weight":0.0,"played":[0.9889,0.0111],"evs":[0.0,-1.52161]},"T2o":{"weight":0.0,"played":[0.9932,0.0068],"evs":[0.0,-1.552]},"J2o":{"weight":0.0,"played":[0.9955,0.0045],"evs":[0.0,-1.25668]},"Q2o":{"weight":0.0,"played":[1.0,0.0],"evs":[0.0,-0.69704]},"K2o":{"weight":0.0,"played":[0.9986,0.0014],"evs":[0.0,-0.55118]},"A2o":{"weight":0.0,"played":[0.8635,0.1365],"evs":[0.0,-1.17162]},"32s":{"weight":0.0,"played":[0.984,0.016],"evs":[0.0,-0.56879]},"33":{"weight":0.0,"played":[1.0E-4,0.9999],"evs":[0.0,1.9298]},"43o":{"weight":0.0,"played":[0.925,0.075],"evs":[0.0,-0.36679]},"53o":{"weight":0.0,"played":[0.9851,0.0149],"evs":[0.0,-0.57718]},"63o":{"weight":0.0,"played":[0.9955,0.0045],"evs":[0.0,-1.31717]},"73o":{"weight":0.0,"played":[0.9999,1.0E-4],"evs":[0.0,-1.35355]},"83o":{"weight":0.0,"played":[1.0,0.0],"evs":[0.0,-2.32831]},"93o":{"weight":0.0,"played":[0.9899,0.0101],"evs":[0.0,-0.73848]},"T3o":{"weight":0.0,"played":[0.9987,0.0013],"evs":[0.0,-1.54881]},"J3o":{"weight":0.0,"played":[0.9991,9.0E-4],"evs":[0.0,-0.79956]},"Q3o":{"weight":0.0,"played":[0.8534,0.1466],"evs":[0.0,-0.9862]},"K3o":{"weight":0.0,"played":[0.8507,0.1493],"evs":[0.0,-0.68342]},"A3o":{"weight":0.0,"played":[0.5792,0.4208],"evs":[0.0,0.04664]},"42s":{"weight":0.0,"played":[0.2825,0.7175],"evs":[0.0,-0.02431]},"43s":{"weight":0.0,"played":[0.625,0.375],"evs":[0.0,-0.21024]},"44":{"weight":0.0,"played":[0.0,1.0],"evs":[0.0,1.51799]},"54o":{"weight":0.0,"played":[0.2741,0.7259],"evs":[0.0,-0.12885]},"64o":{"weight":0.0,"played":[0.7458,0.2542],"evs":[0.0,-0.5558]},"74o":{"weight":0.0,"played":[0.9797,0.0203],"evs":[0.0,-0.86235]},"84o":{"weight":0.0,"played":[0.9989,0.0011],"evs":[0.0,-1.39885]},"94o":{"weight":0.0,"played":[0.9966,0.0034],"evs":[0.0,-1.41964]},"T4o":{"weight":0.0,"played":[0.9769,0.0231],"evs":[0.0,-1.09227]},"J4o":{"weight":0.0,"played":[0.9964,0.0036],"evs":[0.0,-1.25489]},"Q4o":{"weight":0.0,"played":[0.9639,0.0361],"evs":[0.0,-0.59309]},"K4o":{"weight":0.0,"played":[0.986,0.014],"evs":[0.0,-0.19753]},"A4o":{"weight":0.0,"played":[0.8568,0.1432],"evs":[0.0,-0.81059]},"52s":{"weight":0.0,"played":[0.7837,0.2163],"evs":[0.0,0.23322]},"53s":{"weight":0.0,"played":[0.4933,0.5067],"evs":[0.0,0.5762]},"54s":{"weight":0.0,"played":[0.6024,0.3976],"evs":[0.0,0.07967]},"55":{"weight":0.0,"played":[9.0E-4,0.9991],"evs":[0.0,1.63307]},"65o":{"weight":0.0,"played":[0.7631,0.2369],"evs":[0.0,-0.10285]},"75o":{"weight":0.0,"played":[0.8312,0.1688],"evs":[0.0,-0.49642]},"85o":{"weight":0.0,"played":[0.9625,0.0375],"evs":[0.0,-0.54638]},"95o":{"weight":0.0,"played":[0.909,0.091],"evs":[0.0,-0.54657]},"T5o":{"weight":0.0,"played":[0.9822,0.0178],"evs":[0.0,-0.88569]},"J5o":{"weight":0.0,"played":[0.9675,0.0325],"evs":[0.0,-0.65919]},"Q5o":{"weight":0.0,"played":[0.9624,0.0376],"evs":[0.0,-0.21605]},"K5o":{"weight":0.0,"played":[0.9987,0.0013],"evs":[0.0,-0.16476]},"A5o":{"weight":0.0,"played":[0.0284,0.9716],"evs":[0.0,0.35018]},"62s":{"weight":0.0,"played":[0.6477,0.3523],"evs":[0.0,-0.03699]},"63s":{"weight":0.0,"played":[0.1159,0.8841],"evs":[0.0,0.64192]},"64s":{"weight":0.0,"played":[0.0078,0.9922],"evs":[0.0,0.69367]},"65s":{"weight":0.0,"played":[3.0E-4,0.9997],"evs":[0.0,0.67072]},"66":{"weight":0.282,"played":[0.0,1.0],"evs":[0.0,1.98731]},"76o":{"weight":0.0,"played":[0.5042,0.4958],"evs":[0.0,0.19457]},"86o":{"weight":0.0,"played":[0.6707,0.3293],"evs":[0.0,-0.77737]},"96o":{"weight":0.0,"played":[0.8195,0.1805],"evs":[0.0,-0.555]},"T6o":{"weight":0.0,"played":[0.972,0.028],"evs":[0.0,-0.36482]},"J6o":{"weight":0.0,"played":[0.9993,7.0E-4],"evs":[0.0,-1.24828]},"Q6o":{"weight":0.0,"played":[0.992,0.008],"evs":[0.0,-0.41446]},"K6o":{"weight":0.0,"played":[0.8032,0.1968],"evs":[0.0,-0.61261]},"A6o":{"weight":0.0,"played":[0.5267,0.4733],"evs":[0.0,-0.4501]},"72s":{"weight":0.0,"played":[0.806,0.194],"evs":[0.0,-0.71727]},"73s":{"weight":0.0,"played":[0.4511,0.5489],"evs":[0.0,-0.58449]},"74s":{"weight":0.0,"played":[0.9827,0.0173],"evs":[0.0,-0.27988]},"75s":{"weight":0.0,"played":[0.305,0.695],"evs":[0.0,-0.39757]},"76s":{"weight":0.0,"played":[0.332,0.668],"evs":[0.0,1.03344]},"77":{"weight":0.0659,"played":[3.0E-4,0.9997],"evs":[0.0,2.16788]},"87o":{"weight":0.0,"played":[0.7886,0.2114],"evs":[0.0,-0.21423]},"97o":{"weight":0.0,"played":[0.8415,0.1585],"evs":[0.0,-0.1136]},"T7o":{"weight":0.0,"played":[0.7354,0.2646],"evs":[0.0,-0.5446]},"J7o":{"weight":0.0,"played":[0.8273,0.1727],"evs":[0.0,-0.83065]},"Q7o":{"weight":0.0,"played":[0.9563,0.0437],"evs":[0.0,-0.53705]},"K7o":{"weight":0.0,"played":[0.9728,0.0272],"evs":[0.0,-0.30754]},"A7o":{"weight":0.0,"played":[0.8945,0.1055],"evs":[0.0,-0.31358]},"82s":{"weight":0.0,"played":[0.7572,0.2428],"evs":[0.0,-0.99873]},"83s":{"weight":0.0,"played":[0.5503,0.4497],"evs":[0.0,-0.19618]},"84s":{"weight":0.0,"played":[0.8102,0.1898],"evs":[0.0,-0.40799]},"85s":{"weight":0.0,"played":[0.0381,0.9619],"evs":[0.0,0.55015]},"86s":{"weight":0.0,"played":[0.3561,0.6439],"evs":[0.0,-0.44106]},"87s":{"weight":0.0,"played":[0.001,0.999],"evs":[0.0,0.85021]},"88":{"weight":0.0228,"played":[1.0E-4,0.9999],"evs":[0.0,2.62218]},"98o":{"weight":0.0,"played":[0.234,0.766],"evs":[0.0,0.14437]},"T8o":{"weight":0.0,"played":[0.8866,0.1134],"evs":[0.0,-0.63386]},"J8o":{"weight":0.0,"played":[0.9055,0.0945],"evs":[0.0,-0.69867]},"Q8o":{"weight":0.0,"played":[0.9162,0.0838],"evs":[0.0,-0.07137]},"K8o":{"weight":0.0,"played":[0.9613,0.0387],"evs":[0.0,-0.39218]},"A8o":{"weight":0.0,"played":[0.8935,0.1065],"evs":[0.0,-0.19158]},"92s":{"weight":0.0,"played":[0.8464,0.1536],"evs":[0.0,-0.87829]},"93s":{"weight":0.0,"played":[0.9358,0.0642],"evs":[0.0,-0.29482]},"94s":{"weight":0.0,"played":[0.3512,0.6488],"evs":[0.0,-0.05681]},"95s":{"weight":0.0,"played":[0.5806,0.4194],"evs":[0.0,-0.12219]},"96s":{"weight":0.0,"played":[0.1921,0.8079],"evs":[0.0,0.18062]},"97s":{"weight":0.0,"played":[0.2528,0.7472],"evs":[0.0,0.80094]},"98s":{"weight":0.0,"played":[0.3911,0.6089],"evs":[0.0,0.32786]},"99":{"weight":0.0,"played":[0.0,1.0],"evs":[0.0,3.52509]},"T9o":{"weight":0.0,"played":[0.7353,0.2647],"evs":[0.0,-0.08129]},"J9o":{"weight":0.0,"played":[0.6093,0.3907],"evs":[0.0,-0.01272]},"Q9o":{"weight":0.0,"played":[0.2531,0.7469],"evs":[0.0,0.53661]},"K9o":{"weight":0.0,"played":[0.466,0.534],"evs":[0.0,0.25256]},"A9o":{"weight":0.0,"played":[0.0065,0.9935],"evs":[0.0,1.35912]},"T2s":{"weight":0.0,"played":[0.9212,0.0788],"evs":[0.0,-0.06864]},"T3s":{"weight":0.0,"played":[0.309,0.691],"evs":[0.0,0.18926]},"T4s":{"weight":0.0,"played":[0.9207,0.0793],"evs":[0.0,-0.8419]},"T5s":{"weight":0.0,"played":[0.6196,0.3804],"evs":[0.0,-0.39465]},"T6s":{"weight":0.0,"played":[0.6143,0.3857],"evs":[0.0,0.34772]},"T7s":{"weight":0.0,"played":[0.6721,0.3279],"evs":[0.0,-0.12999]},"T8s":{"weight":0.0,"played":[0.1753,0.8247],"evs":[0.0,0.27687]},"T9s":{"weight":0.0,"played":[0.0062,0.9938],"evs":[0.0,1.86994]},"TT":{"weight":3.0E-4,"played":[0.0,1.0],"evs":[0.0,4.15499]},"JTo":{"weight":0.0,"played":[0.6056,0.3944],"evs":[0.0,0.31746]},"QTo":{"weight":0.0,"played":[0.0784,0.9216],"evs":[0.0,0.6264]},"KTo":{"weight":0.0,"played":[0.1318,0.8682],"evs":[0.0,0.75092]},"ATo":{"weight":0.0,"played":[0.0424,0.9576],"evs":[0.0,0.92586]},"J2s":{"weight":0.0,"played":[0.6951,0.3049],"evs":[0.0,-0.1287]},"J3s":{"weight":0.0,"played":[0.3847,0.6153],"evs":[0.0,0.12395]},"J4s":{"weight":0.0,"played":[0.5509,0.4491],"evs":[0.0,-0.46624]},"J5s":{"weight":0.0,"played":[0.1201,0.8799],"evs":[0.0,0.59858]},"J6s":{"weight":0.0,"played":[0.0,1.0],"evs":[0.0,0.22874]},"J7s":{"weight":0.0,"played":[0.5226,0.4774],"evs":[0.0,-0.20599]},"J8s":{"weight":0.0,"played":[0.2872,0.7128],"evs":[0.0,0.08115]},"J9s":{"weight":0.0,"played":[0.0018,0.9982],"evs":[0.0,2.4398]},"JTs":{"weight":0.0,"played":[0.0029,0.9971],"evs":[0.0,2.35973]},"JJ":{"weight":0.0,"played":[1.0E-4,0.9999],"evs":[0.0,6.68307]},"QJo":{"weight":0.0,"played":[1.0E-4,0.9999],"evs":[0.0,0.75244]},"KJo":{"weight":0.0,"played":[0.0045,0.9955],"evs":[0.0,1.24083]},"AJo":{"weight":0.0,"played":[2.0E-4,0.9998],"evs":[0.0,1.7137]},"Q2s":{"weight":0.0,"played":[0.5887,0.4113],"evs":[0.0,-0.69369]},"Q3s":{"weight":0.0,"played":[0.6015,0.3985],"evs":[0.0,0.30855]},"Q4s":{"weight":0.0,"played":[0.4744,0.5256],"evs":[0.0,0.3062]},"Q5s":{"weight":0.0,"played":[0.084,0.916],"evs":[0.0,0.99587]},"Q6s":{"weight":0.0,"played":[0.0318,0.9682],"evs":[0.0,0.51711]},"Q7s":{"weight":0.0,"played":[0.2907,0.7093],"evs":[0.0,0.75203]},"Q8s":{"weight":0.0,"played":[0.1083,0.8917],"evs":[0.0,0.88883]},"Q9s":{"weight":0.0,"played":[0.0477,0.9523],"evs":[0.0,1.10532]},"QTs":{"weight":0.0,"played":[0.0143,0.9857],"evs":[0.0,2.87833]},"QJs":{"weight":0.2507,"played":[0.0,1.0],"evs":[0.0,1.93546]},"QQ":{"weight":0.0,"played":[0.0,1.0],"evs":[0.0,9.09838]},"KQo":{"weight":0.0473,"played":[1.0E-4,0.9999],"evs":[0.0,1.13012]},"AQo":{"weight":0.0,"played":[0.0,1.0],"evs":[0.0,2.51177]},"K2s":{"weight":0.0,"played":[0.018,0.982],"evs":[0.0,1.08217]},"K3s":{"weight":0.0,"played":[0.1117,0.8883],"evs":[0.0,1.29605]},"K4s":{"weight":0.0,"played":[0.0785,0.9215],"evs":[0.0,0.98563]},"K5s":{"weight":0.0,"played":[0.0219,0.9781],"evs":[0.0,1.57823]},"K6s":{"weight":0.0,"played":[0.1499,0.8501],"evs":[0.0,0.9952]},"K7s":{"weight":0.0,"played":[0.0331,0.9669],"evs":[0.0,0.78793]},"K8s":{"weight":0.0,"played":[0.0031,0.9969],"evs":[0.0,1.41744]},"K9s":{"weight":0.0,"played":[0.0651,0.9349],"evs":[0.0,1.20392]},"KTs":{"weight":0.0024,"played":[0.104,0.896],"evs":[0.0,1.947]},"KJs":{"weight":0.1613,"played":[0.0037,0.9963],"evs":[0.0,1.64801]},"KQs":{"weight":0.082,"played":[0.0,1.0],"evs":[0.0,1.96432]},"KK":{"weight":0.0,"played":[0.0,1.0],"evs":[0.0,10.485]},"AKo":{"weight":0.0,"played":[1.0E-4,0.9999],"evs":[0.0,4.35513]},"A2s":{"weight":0.0,"played":[0.0138,0.9862],"evs":[0.0,0.13115]},"A3s":{"weight":0.0,"played":[0.001,0.999],"evs":[0.0,0.57542]},"A4s":{"weight":0.0,"played":[0.1265,0.8735],"evs":[0.0,1.06415]},"A5s":{"weight":0.0,"played":[0.0232,0.9768],"evs":[0.0,1.75559]},"A6s":{"weight":0.0,"played":[0.6095,0.3905],"evs":[0.0,-0.41172]},"A7s":{"weight":0.0,"played":[0.0203,0.9797],"evs":[0.0,0.78183]},"A8s":{"weight":0.0,"played":[0.3876,0.6124],"evs":[0.0,0.36404]},"A9s":{"weight":0.0,"played":[0.0,1.0],"evs":[0.0,1.07733]},"ATs":{"weight":0.0,"played":[0.0012,0.9988],"evs":[0.0,2.92253]},"AJs":{"weight":0.0,"played":[0.0,1.0],"evs":[0.0,4.33507]},"AQs":{"weight":0.0,"played":[0.0,1.0],"evs":[0.0,3.99285]},"AKs":{"weight":0.001,"played":[0.0,1.0],"evs":[0.0,5.20006]},"AA":{"weight":0.062,"played":[0.0,1.0],"evs":[0.0,15.2105]}}}