{"player":3,"street":0,"children":3,"sequence":[{"player":0,"type":"F","amount":0,"street":0},{"player":1,"type":"R","amount":785000,"street":0},{"player":2,"type":"F","amount":0,"street":0}],"actions":[{"type":"F","amount":0,"node":38},{"type":"C","amount":785000,"node":43},{"type":"R","amount":1565000,"node":52}],"hands":{"22":{"weight":1.0,"played":[0.0,0.5014,0.4986],"evs":[0.0,0.50781,0.51478]},"32o":{"weight":1.0,"played":[1.0,0.0,0.0],"evs":[0.0,-3.00789,-3.01776]},"42o":{"weight":1.0,"played":[1.0,0.0,0.0],"evs":[0.0,-2.86408,-2.87895]},"52o":{"weight":1.0,"played":[1.0,0.0,0.0],"evs":[0.0,-2.65745,-2.67128]},"62o":{"weight":1.0,"played":[1.0,0.0,0.0],"evs":[0.0,-2.91772,-2.93295]},"72o":{"weight":1.0,"played":[1.0,0.0,0.0],"evs":[0.0,-3.13979,-3.15443]},"82o":{"weight":1.0,"played":[1.0,0.0,0.0],"evs":[0.0,-2.92312,-2.93317]},"92o":{"weight":1.0,"played":[1.0,0.0,0.0],"evs":[0.0,-2.83324,-2.84311]},"T2o":{"weight":1.0,"played":[1.0,0.0,0.0],"evs":[0.0,-2.75292,-2.76342]},"J2o":{"weight":1.0,"played":[1.0,0.0,0.0],"evs":[0.0,-2.60639,-2.61512]},"Q2o":{"weight":1.0,"played":[1.0,0.0,0.0],"evs":[0.0,-2.37046,-2.37196]},"K2o":{"weight":1.0,"played":[1.0,0.0,0.0],"evs":[0.0,-1.92919,-1.92111]},"A2o":{"weight":1.0,"played":[1.0,0.0,0.0],"evs":[0.0,-0.69295,-0.68159]},"32s":{"weight":1.0,"played":[1.0,0.0,0.0],"evs":[0.0,-1.93153,-1.93794]},"33":{"weight":1.0,"played":[0.0,0.4332,0.5668],"evs":[0.0,0.86872,0.881]},"43o":{"weight":1.0,"played":[1.0,0.0,0.0],"evs":[0.0,-2.43024,-2.43741]},"53o":{"weight":1.0,"played":[1.0,0.0,0.0],"evs":[0.0,-2.22371,-2.23056]},"63o":{"weight":1.0,"played":[1.0,0.0,0.0],"evs":[0.0,-2.47886,-2.48935]},"73o":{"weight":1.0,"played":[1.0,0.0,0.0],"evs":[0.0,-2.69598,-2.70367]},"83o":{"weight":1.0,"played":[1.0,0.0,0.0],"evs":[0.0,-2.86604,-2.87332]},"93o":{"weight":1.0,"played":[1.0,0.0,0.0],"evs":[0.0,-2.69467,-2.70271]},"T3o":{"weight":1.0,"played":[1.0,0.0,0.0],"evs":[0.0,-2.63049,-2.63579]},"J3o":{"weight":1.0,"played":[1.0,0.0,0.0],"evs":[0.0,-2.46966,-2.47415]},"Q3o":{"weight":1.0,"played":[1.0,0.0,0.0],"evs":[0.0,-2.23682,-2.23257]},"K3o":{"weight":1.0,"played":[1.0,0.0,0.0],"evs":[0.0,-1.79455,-1.78183]},"A3o":{"weight":1.0,"played":[1.0,0.0,0.0],"evs":[0.0,-0.55314,-0.54282]},"42s":{"weight":1.0,"played":[1.0,0.0,0.0],"evs":[0.0,-1.78147,-1.78876]},"43s":{"weight":1.0,"played":[1.0,0.0,0.0],"evs":[0.0,-1.37473,-1.37856]},"44":{"weight":1.0,"played":[0.0,0.5243,0.4757],"evs":[0.0,1.33081,1.33502]},"54o":{"weight":1.0,"played":[1.0,0.0,0.0],"evs":[0.0,-1.84064,-1.8505]},"64o":{"weight":1.0,"played":[1.0,0.0,0.0],"evs":[0.0,-2.05551,-2.06894]},"74o":{"weight":1.0,"played":[1.0,0.0,0.0],"evs":[0.0,-2.29569,-2.3064]},"84o":{"weight":1.0,"played":[1.0,0.0,0.0],"evs":[0.0,-2.48811,-2.49758]},"94o":{"weight":1.0,"played":[1.0,0.0,0.0],"evs":[0.0,-2.69568,-2.70689]},"T4o":{"weight":1.0,"played":[1.0,0.0,0.0],"evs":[0.0,-2.53612,-2.5456]},"J4o":{"weight":1.0,"played":[1.0,0.0,0.0],"evs":[0.0,-2.37791,-2.38452]},"Q4o":{"weight":1.0,"played":[1.0,0.0,0.0],"evs":[0.0,-2.15221,-2.15391]},"K4o":{"weight":1.0,"played":[1.0,0.0,0.0],"evs":[0.0,-1.70057,-1.69334]},"A4o":{"weight":1.0,"played":[1.0,0.0,0.0],"evs":[0.0,-0.37507,-0.36653]},"52s":{"weight":1.0,"played":[1.0,0.0,0.0],"evs":[0.0,-1.59574,-1.60304]},"53s":{"weight":1.0,"played":[1.0,0.0,0.0],"evs":[0.0,-1.16847,-1.17355]},"54s":{"weight":1.0,"played":[1.0,0.0,0.0],"evs":[0.0,-0.7993,-0.80503]},"55":{"weight":1.0,"played":[0.0,0.048,0.952],"evs":[0.0,1.96214,1.96511]},"65o":{"weight":1.0,"played":[1.0,0.0,0.0],"evs":[0.0,-1.5838,-1.59485]},"75o":{"weight":1.0,"played":[1.0,0.0,0.0],"evs":[0.0,-1.78447,-1.79344]},"85o":{"weight":1.0,"played":[1.0,0.0,0.0],"evs":[0.0,-1.97785,-1.98471]},"95o":{"weight":1.0,"played":[1.0,0.0,0.0],"evs":[0.0,-2.19576,-2.20432]},"T5o":{"weight":1.0,"played":[1.0,0.0,0.0],"evs":[0.0,-2.41318,-2.4208]},"J5o":{"weight":1.0,"played":[1.0,0.0,0.0],"evs":[0.0,-2.19139,-2.19671]},"Q5o":{"weight":1.0,"played":[1.0,0.0,0.0],"evs":[0.0,-1.95083,-1.94941]},"K5o":{"weight":1.0,"played":[1.0,0.0,0.0],"evs":[0.0,-1.5021,-1.49422]},"A5o":{"weight":1.0,"played":[0.9998,1.0E-4,0.0],"evs":[0.0,-0.09812,-0.0896]},"62s":{"weight":1.0,"played":[1.0,0.0,0.0],"evs":[0.0,-1.83058,-1.83956]},"63s":{"weight":1.0,"played":[1.0,0.0,0.0],"evs":[0.0,-1.41422,-1.42253]},"64s":{"weight":1.0,"played":[1.0,0.0,0.0],"evs":[0.0,-1.02186,-1.02777]},"65s":{"weight":1.0,"played":[1.0,0.0,0.0],"evs":[0.0,-0.58449,-0.59118]},"66":{"weight":1.0,"played":[0.0,0.2391,0.7609],"evs":[0.0,2.54387,2.54507]},"76o":{"weight":1.0,"played":[1.0,0.0,0.0],"evs":[0.0,-1.36533,-1.37267]},"86o":{"weight":1.0,"played":[1.0,0.0,0.0],"evs":[0.0,-1.51061,-1.51644]},"96o":{"weight":1.0,"played":[1.0,0.0,0.0],"evs":[0.0,-1.72902,-1.73635]},"T6o":{"weight":1.0,"played":[1.0,0.0,0.0],"evs":[0.0,-1.94483,-1.9532]},"J6o":{"weight":1.0,"played":[1.0,0.0,0.0],"evs":[0.0,-2.0821,-2.08723]},"Q6o":{"weight":1.0,"played":[1.0,0.0,0.0],"evs":[0.0,-1.78731,-1.78628]},"K6o":{"weight":1.0,"played":[1.0,0.0,0.0],"evs":[0.0,-1.33581,-1.33029]},"A6o":{"weight":1.0,"played":[1.0,0.0,0.0],"evs":[0.0,-0.13116,-0.1246]},"72s":{"weight":1.0,"played":[1.0,0.0,0.0],"evs":[0.0,-2.01455,-2.02307]},"73s":{"weight":1.0,"played":[1.0,0.0,0.0],"evs":[0.0,-1.61355,-1.61832]},"74s":{"weight":1.0,"played":[1.0,0.0,0.0],"evs":[0.0,-1.23487,-1.24105]},"75s":{"weight":1.0,"played":[1.0,0.0,0.0],"evs":[0.0,-0.76501,-0.77038]},"76s":{"weight":1.0,"played":[1.0,0.0,0.0],"evs":[0.0,-0.36626,-0.37245]},"77":{"weight":1.0,"played":[0.0,0.111,0.889],"evs":[0.0,3.12756,3.13137]},"87o":{"weight":1.0,"played":[1.0,0.0,0.0],"evs":[0.0,-1.14693,-1.14918]},"97o":{"weight":1.0,"played":[1.0,0.0,0.0],"evs":[0.0,-1.315,-1.32267]},"T7o":{"weight":1.0,"played":[1.0,0.0,0.0],"evs":[0.0,-1.52397,-1.52998]},"J7o":{"weight":1.0,"played":[1.0,0.0,0.0],"evs":[0.0,-1.68419,-1.6897]},"Q7o":{"weight":1.0,"played":[1.0,0.0,0.0],"evs":[0.0,-1.74802,-1.74641]},"K7o":{"weight":1.0,"played":[1.0,0.0,0.0],"evs":[0.0,-1.20592,-1.19836]},"A7o":{"weight":1.0,"played":[0.0,0.1554,0.8446],"evs":[0.0,0.31753,0.32679]},"82s":{"weight":1.0,"played":[1.0,0.0,0.0],"evs":[0.0,-1.81986,-1.82398]},"83s":{"weight":1.0,"played":[1.0,0.0,0.0],"evs":[0.0,-1.77688,-1.77776]},"84s":{"weight":1.0,"played":[1.0,0.0,0.0],"evs":[0.0,-1.40669,-1.40972]},"85s":{"weight":1.0,"played":[1.0,0.0,0.0],"evs":[0.0,-0.92173,-0.9222]},"86s":{"weight":1.0,"played":[1.0,0.0,0.0],"evs":[0.0,-0.51216,-0.51373]},"87s":{"weight":1.0,"played":[1.0,0.0,0.0],"evs":[0.0,-0.16267,-0.16332]},"88":{"weight":1.0,"played":[0.0,0.1715,0.8285],"evs":[0.0,3.81444,3.81605]},"98o":{"weight":1.0,"played":[1.0,0.0,0.0],"evs":[0.0,-0.92738,-0.93244]},"T8o":{"weight":1.0,"played":[1.0,0.0,0.0],"evs":[0.0,-1.10416,-1.1064]},"J8o":{"weight":1.0,"played":[1.0,0.0,0.0],"evs":[0.0,-1.25573,-1.25827]},"Q8o":{"weight":1.0,"played":[1.0,0.0,0.0],"evs":[0.0,-1.32306,-1.32047]},"K8o":{"weight":1.0,"played":[1.0,0.0,0.0],"evs":[0.0,-1.10687,-1.09903]},"A8o":{"weight":1.0,"played":[0.0,0.113,0.887],"evs":[0.0,0.83706,0.84374]},"92s":{"weight":1.0,"played":[1.0,0.0,0.0],"evs":[0.0,-1.75857,-1.76113]},"93s":{"weight":1.0,"played":[1.0,0.0,0.0],"evs":[0.0,-1.60285,-1.60431]},"94s":{"weight":1.0,"played":[1.0,0.0,0.0],"evs":[0.0,-1.61521,-1.62072]},"95s":{"weight":1.0,"played":[1.0,0.0,0.0],"evs":[0.0,-1.13734,-1.14539]},"96s":{"weight":1.0,"played":[1.0,0.0,0.0],"evs":[0.0,-0.68965,-0.69481]},"97s":{"weight":1.0,"played":[1.0,0.0,0.0],"evs":[0.0,-0.30362,-0.30856]},"98s":{"weight":1.0,"played":[0.0104,0.1955,0.7941],"evs":[0.0,0.02313,0.02231]},"99":{"weight":1.0,"played":[0.0,0.1787,0.8213],"evs":[0.0,4.57853,4.58092]},"T9o":{"weight":1.0,"played":[1.0,0.0,0.0],"evs":[0.0,-0.68921,-0.6949]},"J9o":{"weight":1.0,"played":[1.0,0.0,0.0],"evs":[0.0,-0.84889,-0.85527]},"Q9o":{"weight":1.0,"played":[1.0,0.0,0.0],"evs":[0.0,-0.88025,-0.87815]},"K9o":{"weight":1.0,"played":[1.0,0.0,0.0],"evs":[0.0,-0.6432,-0.63982]},"A9o":{"weight":1.0,"played":[0.0,0.0958,0.9042],"evs":[0.0,1.48979,1.49271]},"T2s":{"weight":1.0,"played":[1.0,0.0,0.0],"evs":[0.0,-1.66204,-1.66794]},"T3s":{"weight":1.0,"played":[1.0,0.0,0.0],"evs":[0.0,-1.5465,-1.54946]},"T4s":{"weight":1.0,"played":[1.0,0.0,0.0],"evs":[0.0,-1.46369,-1.47038]},"T5s":{"weight":1.0,"played":[1.0,0.0,0.0],"evs":[0.0,-1.34297,-1.34807]},"T6s":{"weight":1.0,"played":[1.0,0.0,0.0],"evs":[0.0,-0.91269,-0.91785]},"T7s":{"weight":1.0,"played":[1.0,0.0,0.0],"evs":[0.0,-0.52959,-0.53238]},"T8s":{"weight":1.0,"played":[1.0,0.0,0.0],"evs":[0.0,-0.12673,-0.12791]},"T9s":{"weight":1.0,"played":[0.0,0.6655,0.3345],"evs":[0.0,0.27799,0.27478]},"TT":{"weight":1.0,"played":[0.0,0.2366,0.7634],"evs":[0.0,5.65275,5.65416]},"JTo":{"weight":1.0,"played":[1.0,0.0,0.0],"evs":[0.0,-0.31982,-0.32268]},"QTo":{"weight":1.0,"played":[1.0,0.0,0.0],"evs":[0.0,-0.28603,-0.28526]},"KTo":{"weight":1.0,"played":[0.0,0.3031,0.6969],"evs":[0.0,0.12876,0.13122]},"ATo":{"weight":1.0,"played":[0.0,0.351,0.649],"evs":[0.0,2.68139,2.68297]},"J2s":{"weight":1.0,"played":[1.0,0.0,0.0],"evs":[0.0,-1.50809,-1.51548]},"J3s":{"weight":1.0,"played":[1.0,0.0,0.0],"evs":[0.0,-1.37118,-1.37304]},"J4s":{"weight":1.0,"played":[1.0,0.0,0.0],"evs":[0.0,-1.30901,-1.31544]},"J5s":{"weight":1.0,"played":[1.0,0.0,0.0],"evs":[0.0,-1.11832,-1.12218]},"J6s":{"weight":1.0,"played":[1.0,0.0,0.0],"evs":[0.0,-1.03538,-1.03886]},"J7s":{"weight":1.0,"played":[1.0,0.0,0.0],"evs":[0.0,-0.66517,-0.66898]},"J8s":{"weight":1.0,"played":[1.0,0.0,0.0],"evs":[0.0,-0.26495,-0.2663]},"J9s":{"weight":1.0,"played":[0.0,0.9215,0.0785],"evs":[0.0,0.13164,0.12592]},"JTs":{"weight":1.0,"played":[0.0,0.5833,0.4167],"evs":[0.0,0.60473,0.60294]},"JJ":{"weight":1.0,"played":[0.0,0.2448,0.7552],"evs":[0.0,6.85636,6.86009]},"QJo":{"weight":1.0,"played":[0.0,0.2779,0.7221],"evs":[0.0,0.09012,0.09173]},"KJo":{"weight":1.0,"played":[0.0,0.1204,0.8796],"evs":[0.0,0.74629,0.75267]},"AJo":{"weight":1.0,"played":[0.0,0.3153,0.6847],"evs":[0.0,3.6403,3.64435]},"Q2s":{"weight":1.0,"played":[1.0,0.0,0.0],"evs":[0.0,-1.2645,-1.26339]},"Q3s":{"weight":1.0,"played":[1.0,0.0,0.0],"evs":[0.0,-1.14262,-1.13716]},"Q4s":{"weight":1.0,"played":[1.0,0.0,0.0],"evs":[0.0,-1.08769,-1.08578]},"Q5s":{"weight":1.0,"played":[1.0,0.0,0.0],"evs":[0.0,-0.89406,-0.89339]},"Q6s":{"weight":1.0,"played":[1.0,0.0,0.0],"evs":[0.0,-0.72828,-0.72933]},"Q7s":{"weight":1.0,"played":[1.0,0.0,0.0],"evs":[0.0,-0.71106,-0.70974]},"Q8s":{"weight":1.0,"played":[1.0,0.0,0.0],"evs":[0.0,-0.28691,-0.28429]},"Q9s":{"weight":1.0,"played":[2.0E-4,0.3613,0.6385],"evs":[0.0,0.0988,0.09727]},"QTs":{"weight":1.0,"played":[0.0,0.3234,0.6766],"evs":[0.0,0.6544,0.65471]},"QJs":{"weight":1.0,"played":[0.0,0.3532,0.6468],"evs":[0.0,1.0135,1.0133]},"QQ":{"weight":1.0,"played":[0.0,0.2567,0.7433],"evs":[0.0,8.1303,8.13536]},"KQo":{"weight":1.0,"played":[0.0,0.1227,0.8773],"evs":[0.0,1.41145,1.41861]},"AQo":{"weight":1.0,"played":[0.0,0.4336,0.5664],"evs":[0.0,4.61295,4.61343]},"K2s":{"weight":1.0,"played":[1.0,0.0,0.0],"evs":[0.0,-0.83968,-0.83589]},"K3s":{"weight":1.0,"played":[1.0,0.0,0.0],"evs":[0.0,-0.73449,-0.72357]},"K4s":{"weight":1.0,"played":[1.0,0.0,0.0],"evs":[0.0,-0.63331,-0.62854]},"K5s":{"weight":1.0,"played":[1.0,0.0,0.0],"evs":[0.0,-0.43758,-0.43014]},"K6s":{"weight":1.0,"played":[0.9998,1.0E-4,1.0E-4],"evs":[0.0,-0.28386,-0.27896]},"K7s":{"weight":1.0,"played":[1.0,0.0,0.0],"evs":[0.0,-0.16297,-0.16109]},"K8s":{"weight":1.0,"played":[1.0,0.0,0.0],"evs":[0.0,-0.07752,-0.06978]},"K9s":{"weight":1.0,"played":[0.0,0.2784,0.7216],"evs":[0.0,0.34783,0.35021]},"KTs":{"weight":1.0,"played":[0.0,0.227,0.773],"evs":[0.0,1.05637,1.06034]},"KJs":{"weight":1.0,"played":[0.0,0.1341,0.8659],"evs":[0.0,1.64429,1.65104]},"KQs":{"weight":1.0,"played":[0.0,0.2701,0.7299],"evs":[0.0,2.26145,2.26498]},"KK":{"weight":1.0,"played":[0.0,0.3599,0.6401],"evs":[0.0,9.63866,9.63926]},"AKo":{"weight":1.0,"played":[0.0,0.454,0.546],"evs":[0.0,5.6693,5.67038]},"A2s":{"weight":1.0,"played":[0.0,0.0346,0.9654],"evs":[0.0,0.33785,0.34501]},"A3s":{"weight":1.0,"played":[0.0,0.0693,0.9307],"evs":[0.0,0.46413,0.47132]},"A4s":{"weight":1.0,"played":[0.0,0.141,0.859],"evs":[0.0,0.61957,0.62476]},"A5s":{"weight":1.0,"played":[0.0,0.2103,0.7897],"evs":[0.0,0.88356,0.88948]},"A6s":{"weight":1.0,"played":[0.0,0.1818,0.8182],"evs":[0.0,0.85665,0.86348]},"A7s":{"weight":1.0,"played":[0.0,0.1191,0.8809],"evs":[0.0,1.26663,1.27156]},"A8s":{"weight":1.0,"played":[0.0,0.122,0.878],"evs":[0.0,1.77653,1.78046]},"A9s":{"weight":1.0,"played":[0.0,0.1393,0.8607],"evs":[0.0,2.3443,2.34691]},"ATs":{"weight":1.0,"played":[0.0,0.3577,0.6423],"evs":[0.0,3.47631,3.47638]},"AJs":{"weight":1.0,"played":[0.0,0.4596,0.5404],"evs":[0.0,4.36094,4.36145]},"AQs":{"weight":1.0,"played":[0.0,0.5103,0.4897],"evs":[0.0,5.26131,5.25893]},"AKs":{"weight":1.0,"played":[0.0,0.5326,0.4674],"evs":[0.0,6.25086,6.24743]},"AA":{"weight":1.0,"played":[0.0,0.4312,0.5688],"evs":[0.0,12.76511,12.75763]}}}