{"player":3,"street":0,"children":2,"sequence":[{"player":0,"type":"R","amount":200000,"street":0},{"player":1,"type":"C","amount":200000,"street":0},{"player":2,"type":"F","amount":0,"street":0},{"player":3,"type":"R","amount":600000,"street":0},{"player":4,"type":"R","amount":1565000,"street":0},{"player":5,"type":"F","amount":0,"street":0},{"player":0,"type":"F","amount":0,"street":0},{"player":1,"type":"C","amount":585000,"street":0}],"actions":[{"type":"F","amount":0},{"type":"C","amount":965000}],"hands":{"22":{"weight":0.0,"played":[5.0E-4,0.9995],"evs":[0.0,3.56229]},"32o":{"weight":0.0,"played":[0.0091,0.9909],"evs":[0.0,0.60032]},"42o":{"weight":0.0,"played":[0.5918,0.4082],"evs":[0.0,-0.85218]},"52o":{"weight":0.0,"played":[0.5876,0.4124],"evs":[0.0,-0.53555]},"62o":{"weight":0.0,"played":[0.72,0.28],"evs":[0.0,-1.32273]},"72o":{"weight":0.0,"played":[0.5084,0.4916],"evs":[0.0,0.52757]},"82o":{"weight":0.0,"played":[6.0E-4,0.9994],"evs":[0.0,1.64333]},"92o":{"weight":0.0,"played":[0.0695,0.9305],"evs":[0.0,1.06774]},"T2o":{"weight":0.0,"played":[0.007,0.993],"evs":[0.0,1.43083]},"J2o":{"weight":0.0,"played":[0.3098,0.6902],"evs":[0.0,1.1457]},"Q2o":{"weight":0.0,"played":[0.3953,0.6047],"evs":[0.0,-1.2723]},"K2o":{"weight":0.0,"played":[0.0,1.0],"evs":[0.0,1.55201]},"A2o":{"weight":1.0E-4,"played":[0.0018,0.9982],"evs":[0.0,1.67676]},"32s":{"weight":0.0,"played":[0.2991,0.7009],"evs":[0.0,0.54206]},"33":{"weight":0.0,"played":[8.0E-4,0.9992],"evs":[0.0,5.57722]},"43o":{"weight":0.0,"played":[0.2916,0.7084],"evs":[0.0,-0.15129]},"53o":{"weight":0.0,"played":[0.421,0.579],"evs":[0.0,-0.14654]},"63o":{"weight":0.0,"played":[0.0026,0.9974],"evs":[0.0,0.85995]},"73o":{"weight":0.0,"played":[0.0242,0.9758],"evs":[0.0,0.5412]},"83o":{"weight":0.0,"played":[0.5832,0.4168],"evs":[0.0,-0.80771]},"93o":{"weight":0.0,"played":[0.0034,0.9966],"evs":[0.0,1.74805]},"T3o":{"weight":0.0,"played":[0.2624,0.7376],"evs":[0.0,0.27594]},"J3o":{"weight":0.0,"played":[0.7772,0.2228],"evs":[0.0,-0.08491]},"Q3o":{"weight":0.0,"played":[0.7623,0.2377],"evs":[0.0,-0.65789]},"K3o":{"weight":0.0,"played":[0.8672,0.1328],"evs":[0.0,-0.7288]},"A3o":{"weight":0.0,"played":[0.0019,0.9981],"evs":[0.0,2.16127]},"42s":{"weight":0.0,"played":[0.798,0.202],"evs":[0.0,-1.86865]},"43s":{"weight":0.0,"played":[0.0639,0.9361],"evs":[0.0,2.34522]},"44":{"weight":0.0,"played":[2.0E-4,0.9998],"evs":[0.0,5.66765]},"54o":{"weight":0.0,"played":[0.0155,0.9845],"evs":[0.0,4.17872]},"64o":{"weight":0.0,"played":[0.0061,0.9939],"evs":[0.0,0.35322]},"74o":{"weight":0.0,"played":[0.7979,0.2021],"evs":[0.0,-2.90739]},"84o":{"weight":0.0,"played":[0.0077,0.9923],"evs":[0.0,0.92214]},"94o":{"weight":0.0,"played":[0.5522,0.4478],"evs":[0.0,-0.22736]},"T4o":{"weight":0.0,"played":[0.0015,0.9985],"evs":[0.0,2.18774]},"J4o":{"weight":0.0,"played":[0.7593,0.2407],"evs":[0.0,-0.86006]},"Q4o":{"weight":0.0,"played":[0.0287,0.9713],"evs":[0.0,0.41848]},"K4o":{"weight":0.0,"played":[0.0019,0.9981],"evs":[0.0,1.67766]},"A4o":{"weight":0.0,"played":[1.0E-4,0.9999],"evs":[0.0,3.12964]},"52s":{"weight":0.0,"played":[0.4593,0.5407],"evs":[0.0,0.46064]},"53s":{"weight":0.0,"played":[0.2817,0.7183],"evs":[0.0,1.33405]},"54s":{"weight":0.0,"played":[0.0119,0.9881],"evs":[0.0,3.53773]},"55":{"weight":0.002,"played":[0.0,1.0],"evs":[0.0,3.40971]},"65o":{"weight":0.0,"played":[0.4802,0.5198],"evs":[0.0,-0.05481]},"75o":{"weight":0.0,"played":[2.0E-4,0.9998],"evs":[0.0,3.63546]},"85o":{"weight":0.0,"played":[0.1102,0.8898],"evs":[0.0,1.87862]},"95o":{"weight":0.0,"played":[0.0607,0.9393],"evs":[0.0,0.08535]},"T5o":{"weight":0.0,"played":[0.0509,0.9491],"evs":[0.0,0.98489]},"J5o":{"weight":0.0,"played":[0.5624,0.4376],"evs":[0.0,-0.61075]},"Q5o":{"weight":0.0,"played":[0.3956,0.6044],"evs":[0.0,-0.44381]},"K5o":{"weight":0.0,"played":[0.0,1.0],"evs":[0.0,3.40923]},"A5o":{"weight":6.0E-4,"played":[3.0E-4,0.9997],"evs":[0.0,2.51715]},"62s":{"weight":0.0,"played":[0.0656,0.9344],"evs":[0.0,-0.39536]},"63s":{"weight":0.0,"played":[0.0136,0.9864],"evs":[0.0,-0.00401]},"64s":{"weight":0.0,"played":[0.0012,0.9988],"evs":[0.0,3.73142]},"65s":{"weight":0.0,"played":[0.0323,0.9677],"evs":[0.0,5.49206]},"66":{"weight":7.0E-4,"played":[5.0E-4,0.9995],"evs":[0.0,4.03808]},"76o":{"weight":0.0,"played":[0.5069,0.4931],"evs":[0.0,0.37974]},"86o":{"weight":0.0,"played":[0.0029,0.9971],"evs":[0.0,3.60034]},"96o":{"weight":0.0,"played":[0.0729,0.9271],"evs":[0.0,1.62726]},"T6o":{"weight":0.0,"played":[0.0053,0.9947],"evs":[0.0,0.83747]},"J6o":{"weight":0.0,"played":[0.0194,0.9806],"evs":[0.0,0.56347]},"Q6o":{"weight":0.0,"played":[0.0059,0.9941],"evs":[0.0,1.88546]},"K6o":{"weight":0.0,"played":[0.0073,0.9927],"evs":[0.0,0.92652]},"A6o":{"weight":0.0,"played":[2.0E-4,0.9998],"evs":[0.0,2.88849]},"72s":{"weight":0.0,"played":[0.3744,0.6256],"evs":[0.0,-0.73934]},"73s":{"weight":0.0,"played":[0.1109,0.8891],"evs":[0.0,2.09651]},"74s":{"weight":0.0,"played":[0.1581,0.8419],"evs":[0.0,1.31713]},"75s":{"weight":0.0,"played":[0.0402,0.9598],"evs":[0.0,1.30035]},"76s":{"weight":0.0,"played":[4.0E-4,0.9996],"evs":[0.0,2.56939]},"77":{"weight":0.0039,"played":[0.0,1.0],"evs":[0.0,6.93089]},"87o":{"weight":0.0,"played":[0.001,0.999],"evs":[0.0,1.58709]},"97o":{"weight":0.0,"played":[0.0197,0.9803],"evs":[0.0,0.35737]},"T7o":{"weight":0.0,"played":[0.0023,0.9977],"evs":[0.0,3.06109]},"J7o":{"weight":0.0,"played":[0.0012,0.9988],"evs":[0.0,1.21456]},"Q7o":{"weight":0.0,"played":[0.0362,0.9638],"evs":[0.0,-0.28151]},"K7o":{"weight":0.0,"played":[5.0E-4,0.9995],"evs":[0.0,3.73537]},"A7o":{"weight":0.0039,"played":[0.0,1.0],"evs":[0.0,3.25456]},"82s":{"weight":0.0,"played":[0.2371,0.7629],"evs":[0.0,-0.59797]},"83s":{"weight":0.0,"played":[0.0694,0.9306],"evs":[0.0,3.36133]},"84s":{"weight":0.0,"played":[0.2711,0.7289],"evs":[0.0,0.86603]},"85s":{"weight":0.0,"played":[0.0515,0.9485],"evs":[0.0,6.48583]},"86s":{"weight":0.0,"played":[0.0022,0.9978],"evs":[0.0,4.66296]},"87s":{"weight":0.0,"played":[9.0E-4,0.9991],"evs":[0.0,2.89982]},"88":{"weight":0.2037,"played":[1.0E-4,0.9999],"evs":[0.0,10.93369]},"98o":{"weight":0.0,"played":[2.0E-4,0.9998],"evs":[0.0,3.70902]},"T8o":{"weight":0.0,"played":[0.0,1.0],"evs":[0.0,4.31549]},"J8o":{"weight":0.0,"played":[2.0E-4,0.9998],"evs":[0.0,1.55336]},"Q8o":{"weight":0.0,"played":[0.0271,0.9729],"evs":[0.0,3.23419]},"K8o":{"weight":0.0,"played":[0.0,1.0],"evs":[0.0,2.8826]},"A8o":{"weight":0.0883,"played":[7.0E-4,0.9993],"evs":[0.0,3.69224]},"92s":{"weight":0.0,"played":[0.0051,0.9949],"evs":[0.0,6.37924]},"93s":{"weight":0.0,"played":[0.4845,0.5155],"evs":[0.0,-0.4193]},"94s":{"weight":0.0,"played":[0.0085,0.9915],"evs":[0.0,3.18618]},"95s":{"weight":0.0,"played":[0.0026,0.9974],"evs":[0.0,3.7148]},"96s":{"weight":0.0,"played":[0.0214,0.9786],"evs":[0.0,6.30373]},"97s":{"weight":0.0,"played":[0.0146,0.9854],"evs":[0.0,7.14026]},"98s":{"weight":8.0E-4,"played":[0.0014,0.9986],"evs":[0.0,6.07062]},"99":{"weight":0.0387,"played":[0.0,1.0],"evs":[0.0,8.11632]},"T9o":{"weight":0.0,"played":[0.0018,0.9982],"evs":[0.0,3.93357]},"J9o":{"weight":0.0,"played":[0.0026,0.9974],"evs":[0.0,2.75684]},"Q9o":{"weight":0.0,"played":[5.0E-4,0.9995],"evs":[0.0,5.28884]},"K9o":{"weight":0.0,"played":[2.0E-4,0.9998],"evs":[0.0,4.79489]},"A9o":{"weight":0.02,"played":[4.0E-4,0.9996],"evs":[0.0,4.50305]},"T2s":{"weight":0.0,"played":[9.0E-4,0.9991],"evs":[0.0,6.24085]},"T3s":{"weight":0.0,"played":[0.0235,0.9765],"evs":[0.0,4.64751]},"T4s":{"weight":0.0,"played":[5.0E-4,0.9995],"evs":[0.0,3.49296]},"T5s":{"weight":1.0E-4,"played":[4.0E-4,0.9996],"evs":[0.0,4.232]},"T6s":{"weight":0.0,"played":[0.1957,0.8043],"evs":[0.0,5.00149]},"T7s":{"weight":0.0,"played":[0.0011,0.9989],"evs":[0.0,8.54351]},"T8s":{"weight":0.0,"played":[0.0,1.0],"evs":[0.0,7.59753]},"T9s":{"weight":0.0,"played":[0.0767,0.9233],"evs":[0.0,6.04105]},"TT":{"weight":0.14,"played":[0.0,1.0],"evs":[0.0,14.17948]},"JTo":{"weight":0.0,"played":[3.0E-4,0.9997],"evs":[0.0,5.1692]},"QTo":{"weight":0.0,"played":[0.0038,0.9962],"evs":[0.0,5.00536]},"KTo":{"weight":0.0,"played":[0.001,0.999],"evs":[0.0,6.26483]},"ATo":{"weight":0.1801,"played":[4.0E-4,0.9996],"evs":[0.0,6.47155]},"J2s":{"weight":0.0,"played":[7.0E-4,0.9993],"evs":[0.0,3.20551]},"J3s":{"weight":0.0,"played":[0.1268,0.8732],"evs":[0.0,3.52989]},"J4s":{"weight":0.0,"played":[0.4476,0.5524],"evs":[0.0,2.07308]},"J5s":{"weight":0.0,"played":[0.0,1.0],"evs":[0.0,0.39557]},"J6s":{"weight":0.0,"played":[0.2372,0.7628],"evs":[0.0,2.68001]},"J7s":{"weight":0.0,"played":[0.1405,0.8595],"evs":[0.0,3.12411]},"J8s":{"weight":0.0,"played":[0.139,0.861],"evs":[0.0,3.04108]},"J9s":{"weight":0.0,"played":[0.0011,0.9989],"evs":[0.0,5.84363]},"JTs":{"weight":0.0022,"played":[0.0013,0.9987],"evs":[0.0,9.25498]},"JJ":{"weight":0.6248,"played":[0.0,1.0],"evs":[0.0,15.22928]},"QJo":{"weight":0.0,"played":[3.0E-4,0.9997],"evs":[0.0,6.48443]},"KJo":{"weight":0.0,"played":[0.0024,0.9976],"evs":[0.0,3.53783]},"AJo":{"weight":0.0022,"played":[1.0E-4,0.9999],"evs":[0.0,7.51669]},"Q2s":{"weight":0.0,"played":[0.2358,0.7642],"evs":[0.0,0.7524]},"Q3s":{"weight":0.0,"played":[0.0848,0.9152],"evs":[0.0,3.22787]},"Q4s":{"weight":0.0,"played":[0.0013,0.9987],"evs":[0.0,2.96346]},"Q5s":{"weight":0.0,"played":[0.0725,0.9275],"evs":[0.0,0.19304]},"Q6s":{"weight":0.0,"played":[2.0E-4,0.9998],"evs":[0.0,1.67421]},"Q7s":{"weight":0.0,"played":[0.0016,0.9984],"evs":[0.0,1.85327]},"Q8s":{"weight":0.0,"played":[0.0028,0.9972],"evs":[0.0,4.04966]},"Q9s":{"weight":3.0E-4,"played":[0.0182,0.9818],"evs":[0.0,2.40499]},"QTs":{"weight":4.0E-4,"played":[0.0364,0.9636],"evs":[0.0,8.89777]},"QJs":{"weight":0.0,"played":[0.021,0.979],"evs":[0.0,5.02739]},"QQ":{"weight":0.338,"played":[0.0,1.0],"evs":[0.0,16.98375]},"KQo":{"weight":0.1607,"played":[2.0E-4,0.9998],"evs":[0.0,4.37656]},"AQo":{"weight":0.141,"played":[2.0E-4,0.9998],"evs":[0.0,8.49349]},"K2s":{"weight":0.0,"played":[0.1478,0.8522],"evs":[0.0,1.77082]},"K3s":{"weight":0.0,"played":[0.0034,0.9966],"evs":[0.0,2.20562]},"K4s":{"weight":0.0,"played":[0.0078,0.9922],"evs":[0.0,4.59786]},"K5s":{"weight":1.0E-4,"played":[0.0346,0.9654],"evs":[0.0,3.12241]},"K6s":{"weight":0.0,"played":[0.1479,0.8521],"evs":[0.0,1.91972]},"K7s":{"weight":0.0,"played":[0.0641,0.9359],"evs":[0.0,1.55579]},"K8s":{"weight":0.0,"played":[0.001,0.999],"evs":[0.0,6.08299]},"K9s":{"weight":0.0097,"played":[0.0041,0.9959],"evs":[0.0,1.47002]},"KTs":{"weight":6.0E-4,"played":[0.0034,0.9966],"evs":[0.0,5.36056]},"KJs":{"weight":0.0426,"played":[0.0,1.0],"evs":[0.0,6.84039]},"KQs":{"weight":0.2066,"played":[2.0E-4,0.9998],"evs":[0.0,7.77941]},"KK":{"weight":0.1222,"played":[2.0E-4,0.9998],"evs":[0.0,22.93367]},"AKo":{"weight":0.1257,"played":[0.0,1.0],"evs":[0.0,10.87628]},"A2s":{"weight":0.0094,"played":[0.0039,0.9961],"evs":[0.0,4.03161]},"A3s":{"weight":0.0796,"played":[0.0025,0.9975],"evs":[0.0,7.03132]},"A4s":{"weight":0.2022,"played":[5.0E-4,0.9995],"evs":[0.0,6.16733]},"A5s":{"weight":0.0436,"played":[3.0E-4,0.9997],"evs":[0.0,5.19783]},"A6s":{"weight":0.2855,"played":[0.0,1.0],"evs":[0.0,4.54586]},"A7s":{"weight":0.9158,"played":[0.0047,0.9953],"evs":[0.0,4.24204]},"A8s":{"weight":0.347,"played":[0.0037,0.9963],"evs":[0.0,4.90655]},"A9s":{"weight":0.0,"played":[0.0,1.0],"evs":[0.0,8.35616]},"ATs":{"weight":0.0205,"played":[0.0,1.0],"evs":[0.0,6.85423]},"AJs":{"weight":0.1302,"played":[8.0E-4,0.9992],"evs":[0.0,4.92491]},"AQs":{"weight":0.0176,"played":[0.0062,0.9938],"evs":[0.0,12.81792]},"AKs":{"weight":0.3448,"played":[0.0,1.0],"evs":[0.0,12.29833]},"AA":{"weight":0.6391,"played":[0.0,1.0],"evs":[0.0,29.89612]}}}