{"player":0,"street":0,"children":2,"sequence":[{"player":0,"type":"R","amount":200000,"street":0},{"player":1,"type":"C","amount":200000,"street":0},{"player":2,"type":"F","amount":0,"street":0},{"player":3,"type":"R","amount":600000,"street":0},{"player":4,"type":"R","amount":1565000,"street":0},{"player":5,"type":"C","amount":845000,"street":0}],"actions":[{"type":"F","amount":0,"node":379},{"type":"C","amount":1265000,"node":382}],"hands":{"22":{"weight":0.5835,"played":[0.3093,0.6907],"evs":[0.0,4.60643]},"32o":{"weight":0.0,"played":[1.0,0.0],"evs":[0.0,-7.36012]},"42o":{"weight":0.0,"played":[0.8164,0.1836],"evs":[0.0,-1.02474]},"52o":{"weight":0.0,"played":[0.8853,0.1147],"evs":[0.0,0.27011]},"62o":{"weight":0.0,"played":[1.0,0.0],"evs":[0.0,-5.37683]},"72o":{"weight":0.0,"played":[0.7632,0.2368],"evs":[0.0,-5.90442]},"82o":{"weight":0.0,"played":[0.9891,0.0109],"evs":[0.0,-6.2984]},"92o":{"weight":0.0,"played":[0.9899,0.0101],"evs":[0.0,-4.16951]},"T2o":{"weight":0.0,"played":[0.4813,0.5187],"evs":[0.0,-3.63949]},"J2o":{"weight":0.0,"played":[0.8884,0.1116],"evs":[0.0,-3.40396]},"Q2o":{"weight":0.0,"played":[0.9015,0.0985],"evs":[0.0,-4.95916]},"K2o":{"weight":0.0,"played":[0.6519,0.3481],"evs":[0.0,-1.15906]},"A2o":{"weight":0.0,"played":[0.6935,0.3065],"evs":[0.0,3.84476]},"32s":{"weight":0.0,"played":[0.5872,0.4128],"evs":[0.0,2.72767]},"33":{"weight":0.0026,"played":[0.6632,0.3368],"evs":[0.0,-2.39785]},"43o":{"weight":0.0,"played":[0.9617,0.0383],"evs":[0.0,-5.89465]},"53o":{"weight":0.0,"played":[0.9256,0.0744],"evs":[0.0,-3.43034]},"63o":{"weight":0.0,"played":[0.9767,0.0233],"evs":[0.0,-5.58944]},"73o":{"weight":0.0,"played":[0.96,0.04],"evs":[0.0,-4.11753]},"83o":{"weight":0.0,"played":[1.0,0.0],"evs":[0.0,-4.83923]},"93o":{"weight":0.0,"played":[0.9969,0.0031],"evs":[0.0,-7.69509]},"T3o":{"weight":0.0,"played":[0.9795,0.0205],"evs":[0.0,-8.18323]},"J3o":{"weight":0.0,"played":[0.995,0.005],"evs":[0.0,-6.61587]},"Q3o":{"weight":0.0,"played":[1.0,0.0],"evs":[0.0,-7.38949]},"K3o":{"weight":0.0,"played":[0.9896,0.0104],"evs":[0.0,-5.30179]},"A3o":{"weight":0.0,"played":[0.4231,0.5769],"evs":[0.0,1.54801]},"42s":{"weight":0.0,"played":[1.0,0.0],"evs":[0.0,-6.81085]},"43s":{"weight":0.0,"played":[0.2792,0.7208],"evs":[0.0,-0.46676]},"44":{"weight":0.1029,"played":[0.9643,0.0357],"evs":[0.0,-6.95375]},"54o":{"weight":0.0,"played":[0.9326,0.0674],"evs":[0.0,-2.40741]},"64o":{"weight":0.0,"played":[0.9678,0.0322],"evs":[0.0,-6.19456]},"74o":{"weight":0.0,"played":[0.7883,0.2117],"evs":[0.0,-5.48106]},"84o":{"weight":0.0,"played":[0.5326,0.4674],"evs":[0.0,-2.32076]},"94o":{"weight":0.0,"played":[0.7935,0.2065],"evs":[0.0,-4.45216]},"T4o":{"weight":0.0,"played":[0.9801,0.0199],"evs":[0.0,-1.71847]},"J4o":{"weight":0.0,"played":[0.9815,0.0185],"evs":[0.0,-4.53187]},"Q4o":{"weight":0.0,"played":[1.0,0.0],"evs":[0.0,-6.86001]},"K4o":{"weight":0.0,"played":[0.9183,0.0817],"evs":[0.0,-6.15019]},"A4o":{"weight":0.0,"played":[0.7496,0.2504],"evs":[0.0,-3.30491]},"52s":{"weight":0.0,"played":[0.523,0.477],"evs":[0.0,2.05588]},"53s":{"weight":0.0,"played":[0.9442,0.0558],"evs":[0.0,-6.63834]},"54s":{"weight":0.0,"played":[0.7481,0.2519],"evs":[0.0,-2.03895]},"55":{"weight":0.0,"played":[0.2979,0.7021],"evs":[0.0,5.0791]},"65o":{"weight":0.0,"played":[0.9882,0.0118],"evs":[0.0,-3.39846]},"75o":{"weight":0.0,"played":[0.9636,0.0364],"evs":[0.0,-4.96195]},"85o":{"weight":0.0,"played":[0.8799,0.1201],"evs":[0.0,-2.87256]},"95o":{"weight":0.0,"played":[0.8397,0.1603],"evs":[0.0,-4.23081]},"T5o":{"weight":0.0,"played":[0.9524,0.0476],"evs":[0.0,-5.20755]},"J5o":{"weight":0.0,"played":[0.9409,0.0591],"evs":[0.0,-7.31075]},"Q5o":{"weight":0.0,"played":[0.9214,0.0786],"evs":[0.0,-2.57477]},"K5o":{"weight":0.0,"played":[0.9344,0.0656],"evs":[0.0,-1.21561]},"A5o":{"weight":0.0,"played":[0.684,0.316],"evs":[0.0,-0.60104]},"62s":{"weight":0.0,"played":[0.9738,0.0262],"evs":[0.0,0.89031]},"63s":{"weight":0.0,"played":[0.6769,0.3231],"evs":[0.0,1.84722]},"64s":{"weight":0.0,"played":[0.5951,0.4049],"evs":[0.0,0.02245]},"65s":{"weight":0.0,"played":[0.5322,0.4678],"evs":[0.0,-6.38045]},"66":{"weight":0.0,"played":[0.4214,0.5786],"evs":[0.0,-0.62906]},"76o":{"weight":0.0,"played":[0.9849,0.0151],"evs":[0.0,-5.91265]},"86o":{"weight":0.0,"played":[0.715,0.285],"evs":[0.0,-0.3556]},"96o":{"weight":0.0,"played":[0.9965,0.0035],"evs":[0.0,-4.51357]},"T6o":{"weight":0.0,"played":[0.9691,0.0309],"evs":[0.0,-8.82645]},"J6o":{"weight":0.0,"played":[0.959,0.041],"evs":[0.0,0.50535]},"Q6o":{"weight":0.0,"played":[0.9652,0.0348],"evs":[0.0,-8.10433]},"K6o":{"weight":0.0,"played":[0.9466,0.0534],"evs":[0.0,-1.98016]},"A6o":{"weight":0.0,"played":[1.0,0.0],"evs":[0.0,-3.58031]},"72s":{"weight":0.0,"played":[0.5613,0.4387],"evs":[0.0,-1.90473]},"73s":{"weight":0.0,"played":[0.2383,0.7617],"evs":[0.0,0.97789]},"74s":{"weight":0.0,"played":[0.3533,0.6467],"evs":[0.0,2.81083]},"75s":{"weight":0.0,"played":[0.3518,0.6482],"evs":[0.0,-0.72095]},"76s":{"weight":0.0,"played":[0.8444,0.1556],"evs":[0.0,-0.02369]},"77":{"weight":0.0,"played":[0.9258,0.0742],"evs":[0.0,-6.37588]},"87o":{"weight":0.0,"played":[0.9189,0.0811],"evs":[0.0,-1.94522]},"97o":{"weight":0.0,"played":[0.9627,0.0373],"evs":[0.0,-4.54438]},"T7o":{"weight":0.0,"played":[0.2805,0.7195],"evs":[0.0,0.65436]},"J7o":{"weight":0.0,"played":[0.6232,0.3768],"evs":[0.0,-3.12829]},"Q7o":{"weight":0.0,"played":[0.876,0.124],"evs":[0.0,-2.13099]},"K7o":{"weight":0.0,"played":[0.8074,0.1926],"evs":[0.0,-4.42189]},"A7o":{"weight":0.0048,"played":[0.8794,0.1206],"evs":[0.0,-3.00218]},"82s":{"weight":0.0,"played":[0.8768,0.1232],"evs":[0.0,-3.3297]},"83s":{"weight":0.0,"played":[0.7794,0.2206],"evs":[0.0,0.72798]},"84s":{"weight":0.0,"played":[0.1647,0.8353],"evs":[0.0,3.32536]},"85s":{"weight":0.0,"played":[0.9586,0.0414],"evs":[0.0,-4.33947]},"86s":{"weight":0.0,"played":[0.7597,0.2403],"evs":[0.0,-1.65627]},"87s":{"weight":0.0,"played":[0.2501,0.7499],"evs":[0.0,4.20162]},"88":{"weight":0.0211,"played":[0.6799,0.3201],"evs":[0.0,-3.31044]},"98o":{"weight":0.0,"played":[0.9686,0.0314],"evs":[0.0,-5.43406]},"T8o":{"weight":0.0,"played":[0.8212,0.1788],"evs":[0.0,-3.73039]},"J8o":{"weight":0.0,"played":[0.8568,0.1432],"evs":[0.0,-1.65666]},"Q8o":{"weight":0.0,"played":[0.9923,0.0077],"evs":[0.0,-3.20847]},"K8o":{"weight":0.0,"played":[0.9971,0.0029],"evs":[0.0,-5.89825]},"A8o":{"weight":0.9997,"played":[0.9104,0.0896],"evs":[0.0,-5.36193]},"92s":{"weight":0.0,"played":[0.9939,0.0061],"evs":[0.0,-8.29996]},"93s":{"weight":0.0,"played":[0.7149,0.2851],"evs":[0.0,2.4859]},"94s":{"weight":0.0,"played":[0.2881,0.7119],"evs":[0.0,-0.11953]},"95s":{"weight":0.0,"played":[0.4389,0.5611],"evs":[0.0,1.91545]},"96s":{"weight":0.0,"played":[0.9362,0.0638],"evs":[0.0,-2.16622]},"97s":{"weight":0.0,"played":[0.2289,0.7711],"evs":[0.0,1.1823]},"98s":{"weight":0.106,"played":[0.3667,0.6333],"evs":[0.0,5.47065]},"99":{"weight":0.0,"played":[0.2077,0.7923],"evs":[0.0,2.79738]},"T9o":{"weight":0.0,"played":[0.6958,0.3042],"evs":[0.0,-2.85326]},"J9o":{"weight":0.0,"played":[0.4178,0.5822],"evs":[0.0,1.01732]},"Q9o":{"weight":0.0,"played":[0.7852,0.2148],"evs":[0.0,-1.53623]},"K9o":{"weight":0.0,"played":[0.9011,0.0989],"evs":[0.0,-7.12713]},"A9o":{"weight":0.2578,"played":[0.8711,0.1289],"evs":[0.0,-3.62185]},"T2s":{"weight":0.0,"played":[0.4381,0.5619],"evs":[0.0,-0.41499]},"T3s":{"weight":0.0,"played":[0.9779,0.0221],"evs":[0.0,-4.11408]},"T4s":{"weight":0.0,"played":[0.9341,0.0659],"evs":[0.0,-4.80435]},"T5s":{"weight":0.0,"played":[0.9848,0.0152],"evs":[0.0,-2.75283]},"T6s":{"weight":0.0,"played":[0.6259,0.3741],"evs":[0.0,0.7243]},"T7s":{"weight":0.0,"played":[0.2119,0.7881],"evs":[0.0,6.88584]},"T8s":{"weight":0.0,"played":[0.1687,0.8313],"evs":[0.0,5.50269]},"T9s":{"weight":0.7069,"played":[0.716,0.284],"evs":[0.0,-1.43417]},"TT":{"weight":0.8678,"played":[0.0015,0.9985],"evs":[0.0,5.51574]},"JTo":{"weight":0.0,"played":[0.4642,0.5358],"evs":[0.0,-0.74222]},"QTo":{"weight":0.0,"played":[0.5984,0.4016],"evs":[0.0,0.90829]},"KTo":{"weight":0.6339,"played":[0.9916,0.0084],"evs":[0.0,-5.17728]},"ATo":{"weight":0.0,"played":[0.4738,0.5262],"evs":[0.0,1.00803]},"J2s":{"weight":0.0,"played":[0.177,0.823],"evs":[0.0,1.00924]},"J3s":{"weight":0.0,"played":[0.8826,0.1174],"evs":[0.0,-7.95685]},"J4s":{"weight":0.0,"played":[0.8709,0.1291],"evs":[0.0,-7.92216]},"J5s":{"weight":0.0,"played":[0.1612,0.8388],"evs":[0.0,-1.93252]},"J6s":{"weight":0.0,"played":[0.1668,0.8332],"evs":[0.0,4.30311]},"J7s":{"weight":0.0,"played":[0.1948,0.8052],"evs":[0.0,6.90327]},"J8s":{"weight":0.0,"played":[0.3515,0.6485],"evs":[0.0,3.92761]},"J9s":{"weight":1.0,"played":[0.4397,0.5603],"evs":[0.0,-1.2796]},"JTs":{"weight":0.0,"played":[0.8663,0.1337],"evs":[0.0,-0.93137]},"JJ":{"weight":1.0,"played":[0.0,1.0],"evs":[0.0,6.61687]},"QJo":{"weight":0.9993,"played":[0.2931,0.7069],"evs":[0.0,0.17709]},"KJo":{"weight":0.2038,"played":[0.9026,0.0974],"evs":[0.0,-4.54612]},"AJo":{"weight":0.0,"played":[0.1219,0.8781],"evs":[0.0,-1.65343]},"Q2s":{"weight":0.0,"played":[0.6157,0.3843],"evs":[0.0,-2.62484]},"Q3s":{"weight":0.0,"played":[0.8205,0.1795],"evs":[0.0,-0.39596]},"Q4s":{"weight":0.0,"played":[1.0,0.0],"evs":[0.0,-2.52904]},"Q5s":{"weight":0.0,"played":[0.9398,0.0602],"evs":[0.0,-0.96096]},"Q6s":{"weight":0.0,"played":[0.67,0.33],"evs":[0.0,-5.23076]},"Q7s":{"weight":0.0,"played":[0.6733,0.3267],"evs":[0.0,-5.69439]},"Q8s":{"weight":0.0,"played":[0.9711,0.0289],"evs":[0.0,-7.42788]},"Q9s":{"weight":0.9998,"played":[0.8679,0.1321],"evs":[0.0,-5.64025]},"QTs":{"weight":0.0,"played":[0.4206,0.5794],"evs":[0.0,-1.95643]},"QJs":{"weight":0.0,"played":[0.7766,0.2234],"evs":[0.0,-8.43623]},"QQ":{"weight":1.0,"played":[0.0056,0.9944],"evs":[0.0,14.51667]},"KQo":{"weight":0.0,"played":[0.4387,0.5613],"evs":[0.0,2.12196]},"AQo":{"weight":0.0,"played":[0.1811,0.8189],"evs":[0.0,0.58021]},"K2s":{"weight":0.0,"played":[0.5176,0.4824],"evs":[0.0,-3.12995]},"K3s":{"weight":0.0,"played":[0.3261,0.6739],"evs":[0.0,0.80142]},"K4s":{"weight":0.0,"played":[0.9158,0.0842],"evs":[0.0,-8.83502]},"K5s":{"weight":0.0,"played":[0.9624,0.0376],"evs":[0.0,-10.88856]},"K6s":{"weight":0.0,"played":[0.9457,0.0543],"evs":[0.0,-8.55322]},"K7s":{"weight":0.0,"played":[0.334,0.666],"evs":[0.0,5.91988]},"K8s":{"weight":0.1697,"played":[0.809,0.191],"evs":[0.0,-0.30665]},"K9s":{"weight":0.98,"played":[0.851,0.149],"evs":[0.0,-5.8283]},"KTs":{"weight":0.2716,"played":[0.156,0.844],"evs":[0.0,1.57714]},"KJs":{"weight":0.1682,"played":[0.1037,0.8963],"evs":[0.0,9.04066]},"KQs":{"weight":1.0E-4,"played":[0.2968,0.7032],"evs":[0.0,6.19335]},"KK":{"weight":1.0,"played":[0.0,1.0],"evs":[0.0,20.26398]},"AKo":{"weight":0.1586,"played":[0.0352,0.9648],"evs":[0.0,6.28363]},"A2s":{"weight":1.0,"played":[0.3782,0.6218],"evs":[0.0,-0.58032]},"A3s":{"weight":1.0,"played":[0.8195,0.1805],"evs":[0.0,-2.90791]},"A4s":{"weight":0.9993,"played":[0.0112,0.9888],"evs":[0.0,8.34432]},"A5s":{"weight":0.0011,"played":[0.4464,0.5536],"evs":[0.0,1.25267]},"A6s":{"weight":0.3289,"played":[0.6508,0.3492],"evs":[0.0,0.1379]},"A7s":{"weight":0.7727,"played":[0.4101,0.5899],"evs":[0.0,1.76403]},"A8s":{"weight":0.0406,"played":[0.7204,0.2796],"evs":[0.0,2.57954]},"A9s":{"weight":5.0E-4,"played":[0.1823,0.8177],"evs":[0.0,11.66985]},"ATs":{"weight":0.596,"played":[0.2489,0.7511],"evs":[0.0,4.46705]},"AJs":{"weight":0.3876,"played":[0.0605,0.9395],"evs":[0.0,8.32078]},"AQs":{"weight":0.9998,"played":[0.0784,0.9216],"evs":[0.0,-0.3552]},"AKs":{"weight":1.0,"played":[0.042,0.958],"evs":[0.0,1.87651]},"AA":{"weight":1.0,"played":[0.0,1.0],"evs":[0.0,19.51624]}}}