{"player":1,"street":0,"children":2,"sequence":[{"player":0,"type":"R","amount":200000,"street":0},{"player":1,"type":"C","amount":200000,"street":0},{"player":2,"type":"F","amount":0,"street":0},{"player":3,"type":"R","amount":600000,"street":0},{"player":4,"type":"R","amount":1565000,"street":0},{"player":5,"type":"C","amount":845000,"street":0},{"player":0,"type":"F","amount":0,"street":0}],"actions":[{"type":"F","amount":0,"node":380},{"type":"C","amount":585000,"node":381}],"hands":{"22":{"weight":0.0,"played":[0.9628,0.0372],"evs":[0.0,-1.06393]},"32o":{"weight":0.0,"played":[0.8205,0.1795],"evs":[0.0,-1.39662]},"42o":{"weight":0.0,"played":[0.9183,0.0817],"evs":[0.0,-1.43198]},"52o":{"weight":0.0,"played":[0.9934,0.0066],"evs":[0.0,-1.42685]},"62o":{"weight":0.0,"played":[0.9689,0.0311],"evs":[0.0,-1.90534]},"72o":{"weight":0.0,"played":[0.9988,0.0012],"evs":[0.0,-2.15467]},"82o":{"weight":0.0,"played":[0.9699,0.0301],"evs":[0.0,-1.17122]},"92o":{"weight":0.0,"played":[0.855,0.145],"evs":[0.0,-2.08909]},"T2o":{"weight":0.0,"played":[0.9957,0.0043],"evs":[0.0,-2.51143]},"J2o":{"weight":0.0,"played":[0.9698,0.0302],"evs":[0.0,-2.13183]},"Q2o":{"weight":0.0,"played":[0.9539,0.0461],"evs":[0.0,-2.19946]},"K2o":{"weight":0.0,"played":[0.9594,0.0406],"evs":[0.0,-1.33761]},"A2o":{"weight":0.0,"played":[0.9747,0.0253],"evs":[0.0,-2.81671]},"32s":{"weight":0.0,"played":[0.4066,0.5934],"evs":[0.0,-1.37405]},"33":{"weight":0.0,"played":[0.6729,0.3271],"evs":[0.0,0.14552]},"43o":{"weight":0.0,"played":[0.6468,0.3532],"evs":[0.0,-1.49374]},"53o":{"weight":0.0,"played":[0.9785,0.0215],"evs":[0.0,-0.85181]},"63o":{"weight":0.0,"played":[0.707,0.293],"evs":[0.0,-0.428]},"73o":{"weight":0.0,"played":[0.9992,8.0E-4],"evs":[0.0,-1.72594]},"83o":{"weight":0.0,"played":[0.9794,0.0206],"evs":[0.0,-1.41106]},"93o":{"weight":0.0,"played":[0.9251,0.0749],"evs":[0.0,-2.61209]},"T3o":{"weight":0.0,"played":[0.9529,0.0471],"evs":[0.0,-1.66509]},"J3o":{"weight":0.0,"played":[0.9469,0.0531],"evs":[0.0,-0.6745]},"Q3o":{"weight":0.0,"played":[0.9795,0.0205],"evs":[0.0,-1.9269]},"K3o":{"weight":0.0,"played":[0.111,0.889],"evs":[0.0,0.61849]},"A3o":{"weight":0.0,"played":[0.8348,0.1652],"evs":[0.0,-1.51791]},"42s":{"weight":0.0,"played":[0.1391,0.8609],"evs":[0.0,1.35671]},"43s":{"weight":0.0,"played":[0.6606,0.3394],"evs":[0.0,0.68749]},"44":{"weight":0.0,"played":[0.1599,0.8401],"evs":[0.0,2.45323]},"54o":{"weight":0.0,"played":[0.5154,0.4846],"evs":[0.0,-0.5143]},"64o":{"weight":0.0,"played":[0.6844,0.3156],"evs":[0.0,0.506]},"74o":{"weight":0.0,"played":[0.4465,0.5535],"evs":[0.0,-0.36079]},"84o":{"weight":0.0,"played":[0.9982,0.0018],"evs":[0.0,-2.67872]},"94o":{"weight":0.0,"played":[0.9132,0.0868],"evs":[0.0,-1.36899]},"T4o":{"weight":0.0,"played":[0.9937,0.0063],"evs":[0.0,-2.4388]},"J4o":{"weight":0.0,"played":[0.7378,0.2622],"evs":[0.0,-2.36874]},"Q4o":{"weight":0.0,"played":[0.946,0.054],"evs":[0.0,-2.09609]},"K4o":{"weight":0.0,"played":[0.8115,0.1885],"evs":[0.0,-0.46583]},"A4o":{"weight":0.0,"played":[0.3355,0.6645],"evs":[0.0,-0.61391]},"52s":{"weight":0.0,"played":[0.2592,0.7408],"evs":[0.0,-0.02161]},"53s":{"weight":0.0,"played":[0.1557,0.8443],"evs":[0.0,0.82831]},"54s":{"weight":0.0,"played":[0.3314,0.6686],"evs":[0.0,1.61925]},"55":{"weight":0.0,"played":[0.0995,0.9005],"evs":[0.0,1.90156]},"65o":{"weight":0.0,"played":[0.5228,0.4772],"evs":[0.0,-0.35379]},"75o":{"weight":0.0,"played":[0.9262,0.0738],"evs":[0.0,-0.64299]},"85o":{"weight":0.0,"played":[0.7069,0.2931],"evs":[0.0,0.14355]},"95o":{"weight":0.0,"played":[0.867,0.133],"evs":[0.0,-1.82054]},"T5o":{"weight":0.0,"played":[0.9175,0.0825],"evs":[0.0,-2.49126]},"J5o":{"weight":0.0,"played":[0.3982,0.6018],"evs":[0.0,-0.04237]},"Q5o":{"weight":0.0,"played":[0.9478,0.0522],"evs":[0.0,-0.7552]},"K5o":{"weight":0.0,"played":[0.8534,0.1466],"evs":[0.0,-0.18307]},"A5o":{"weight":0.0,"played":[0.9774,0.0226],"evs":[0.0,-1.18158]},"62s":{"weight":0.0,"played":[0.4293,0.5707],"evs":[0.0,-0.82645]},"63s":{"weight":0.0,"played":[0.3656,0.6344],"evs":[0.0,1.85053]},"64s":{"weight":0.0,"played":[0.2557,0.7443],"evs":[0.0,2.51852]},"65s":{"weight":0.0,"played":[0.157,0.843],"evs":[0.0,-0.33426]},"66":{"weight":0.282,"played":[0.2181,0.7819],"evs":[0.0,0.64107]},"76o":{"weight":0.0,"played":[0.2212,0.7788],"evs":[0.0,-0.21715]},"86o":{"weight":0.0,"played":[0.8378,0.1622],"evs":[0.0,-0.42642]},"96o":{"weight":0.0,"played":[0.6958,0.3042],"evs":[0.0,0.05351]},"T6o":{"weight":0.0,"played":[0.6218,0.3782],"evs":[0.0,-1.2618]},"J6o":{"weight":0.0,"played":[0.4115,0.5885],"evs":[0.0,0.11496]},"Q6o":{"weight":0.0,"played":[0.5051,0.4949],"evs":[0.0,-1.20367]},"K6o":{"weight":0.0,"played":[0.848,0.152],"evs":[0.0,-1.12077]},"A6o":{"weight":0.0,"played":[0.7895,0.2105],"evs":[0.0,-0.83884]},"72s":{"weight":0.0,"played":[0.0492,0.9508],"evs":[0.0,1.10359]},"73s":{"weight":0.0,"played":[0.6999,0.3001],"evs":[0.0,-0.08173]},"74s":{"weight":0.0,"played":[0.1343,0.8657],"evs":[0.0,-0.2704]},"75s":{"weight":0.0,"played":[0.088,0.912],"evs":[0.0,1.6531]},"76s":{"weight":0.0,"played":[0.2408,0.7592],"evs":[0.0,0.52675]},"77":{"weight":0.0659,"played":[0.5199,0.4801],"evs":[0.0,0.53642]},"87o":{"weight":0.0,"played":[0.0426,0.9574],"evs":[0.0,1.52417]},"97o":{"weight":0.0,"played":[0.7313,0.2687],"evs":[0.0,-1.02896]},"T7o":{"weight":0.0,"played":[0.9147,0.0853],"evs":[0.0,-0.84357]},"J7o":{"weight":0.0,"played":[0.045,0.955],"evs":[0.0,0.66905]},"Q7o":{"weight":0.0,"played":[0.9587,0.0413],"evs":[0.0,-1.94568]},"K7o":{"weight":0.0,"played":[0.2488,0.7512],"evs":[0.0,-0.19682]},"A7o":{"weight":0.0,"played":[0.8927,0.1073],"evs":[0.0,-1.94755]},"82s":{"weight":0.0,"played":[0.6252,0.3748],"evs":[0.0,-0.96766]},"83s":{"weight":0.0,"played":[0.642,0.358],"evs":[0.0,-1.25805]},"84s":{"weight":0.0,"played":[0.4836,0.5164],"evs":[0.0,-1.02946]},"85s":{"weight":0.0,"played":[0.3676,0.6324],"evs":[0.0,0.03524]},"86s":{"weight":0.0,"played":[0.0043,0.9957],"evs":[0.0,1.64361]},"87s":{"weight":0.0,"played":[0.0441,0.9559],"evs":[0.0,2.21211]},"88":{"weight":0.0228,"played":[0.0257,0.9743],"evs":[0.0,4.48792]},"98o":{"weight":0.0,"played":[0.3479,0.6521],"evs":[0.0,0.83478]},"T8o":{"weight":0.0,"played":[0.8609,0.1391],"evs":[0.0,-0.43395]},"J8o":{"weight":0.0,"played":[0.7819,0.2181],"evs":[0.0,-0.65343]},"Q8o":{"weight":0.0,"played":[0.8307,0.1693],"evs":[0.0,-1.24343]},"K8o":{"weight":0.0,"played":[0.7108,0.2892],"evs":[0.0,0.75151]},"A8o":{"weight":0.0,"played":[0.8057,0.1943],"evs":[0.0,-1.30184]},"92s":{"weight":0.0,"played":[0.1366,0.8634],"evs":[0.0,2.25416]},"93s":{"weight":0.0,"played":[0.8881,0.1119],"evs":[0.0,-2.31976]},"94s":{"weight":0.0,"played":[0.692,0.308],"evs":[0.0,-0.07094]},"95s":{"weight":0.0,"played":[0.001,0.999],"evs":[0.0,1.73502]},"96s":{"weight":0.0,"played":[0.0876,0.9124],"evs":[0.0,0.71503]},"97s":{"weight":0.0,"played":[0.8801,0.1199],"evs":[0.0,-2.10909]},"98s":{"weight":0.0,"played":[9.0E-4,0.9991],"evs":[0.0,2.7093]},"99":{"weight":0.0,"played":[0.0188,0.9812],"evs":[0.0,2.81638]},"T9o":{"weight":0.0,"played":[0.0495,0.9505],"evs":[0.0,0.9306]},"J9o":{"weight":0.0,"played":[0.0156,0.9844],"evs":[0.0,1.18569]},"Q9o":{"weight":0.0,"played":[0.6988,0.3012],"evs":[0.0,0.10355]},"K9o":{"weight":0.0,"played":[0.8031,0.1969],"evs":[0.0,-1.19933]},"A9o":{"weight":0.0,"played":[0.6384,0.3616],"evs":[0.0,0.50633]},"T2s":{"weight":0.0,"played":[0.5382,0.4618],"evs":[0.0,0.98841]},"T3s":{"weight":0.0,"played":[0.9715,0.0285],"evs":[0.0,-4.15887]},"T4s":{"weight":0.0,"played":[0.2805,0.7195],"evs":[0.0,0.37093]},"T5s":{"weight":0.0,"played":[0.9539,0.0461],"evs":[0.0,-2.37883]},"T6s":{"weight":0.0,"played":[0.0106,0.9894],"evs":[0.0,0.80906]},"T7s":{"weight":0.0,"played":[0.3509,0.6491],"evs":[0.0,1.41384]},"T8s":{"weight":0.0,"played":[0.8721,0.1279],"evs":[0.0,-0.10466]},"T9s":{"weight":0.0,"played":[0.3826,0.6174],"evs":[0.0,-0.22854]},"TT":{"weight":3.0E-4,"played":[0.0358,0.9642],"evs":[0.0,1.68761]},"JTo":{"weight":0.0,"played":[0.0011,0.9989],"evs":[0.0,1.05698]},"QTo":{"weight":0.0,"played":[0.4226,0.5774],"evs":[0.0,-0.15186]},"KTo":{"weight":0.0,"played":[0.3852,0.6148],"evs":[0.0,-0.68492]},"ATo":{"weight":0.0,"played":[0.4281,0.5719],"evs":[0.0,-0.07736]},"J2s":{"weight":0.0,"played":[0.6319,0.3681],"evs":[0.0,2.08958]},"J3s":{"weight":0.0,"played":[0.2083,0.7917],"evs":[0.0,-0.19568]},"J4s":{"weight":0.0,"played":[0.2821,0.7179],"evs":[0.0,1.14641]},"J5s":{"weight":0.0,"played":[0.3802,0.6198],"evs":[0.0,1.76292]},"J6s":{"weight":0.0,"played":[0.0595,0.9405],"evs":[0.0,3.82964]},"J7s":{"weight":0.0,"played":[0.0271,0.9729],"evs":[0.0,1.77264]},"J8s":{"weight":0.0,"played":[0.7427,0.2573],"evs":[0.0,0.30683]},"J9s":{"weight":0.0,"played":[0.4694,0.5306],"evs":[0.0,1.08411]},"JTs":{"weight":0.0,"played":[0.4992,0.5008],"evs":[0.0,-0.88507]},"JJ":{"weight":0.0,"played":[0.0,1.0],"evs":[0.0,7.99622]},"QJo":{"weight":0.0,"played":[0.6452,0.3548],"evs":[0.0,-0.0059]},"KJo":{"weight":0.0,"played":[0.7945,0.2055],"evs":[0.0,-0.38812]},"AJo":{"weight":0.0,"played":[0.7844,0.2156],"evs":[0.0,-0.49346]},"Q2s":{"weight":0.0,"played":[0.3993,0.6007],"evs":[0.0,-1.33617]},"Q3s":{"weight":0.0,"played":[0.6956,0.3044],"evs":[0.0,-0.5844]},"Q4s":{"weight":0.0,"played":[0.919,0.081],"evs":[0.0,-2.22204]},"Q5s":{"weight":0.0,"played":[0.9612,0.0388],"evs":[0.0,0.97008]},"Q6s":{"weight":0.0,"played":[0.0211,0.9789],"evs":[0.0,2.24176]},"Q7s":{"weight":0.0,"played":[0.3178,0.6822],"evs":[0.0,-0.10046]},"Q8s":{"weight":0.0,"played":[0.0852,0.9148],"evs":[0.0,1.64963]},"Q9s":{"weight":0.0,"played":[0.1405,0.8595],"evs":[0.0,0.74775]},"QTs":{"weight":0.0,"played":[0.001,0.999],"evs":[0.0,2.2042]},"QJs":{"weight":0.2507,"played":[0.1093,0.8907],"evs":[0.0,3.62465]},"QQ":{"weight":0.0,"played":[2.0E-4,0.9998],"evs":[0.0,7.54618]},"KQo":{"weight":0.0473,"played":[0.0083,0.9917],"evs":[0.0,2.36973]},"AQo":{"weight":0.0,"played":[0.012,0.988],"evs":[0.0,2.30505]},"K2s":{"weight":0.0,"played":[0.095,0.905],"evs":[0.0,3.06925]},"K3s":{"weight":0.0,"played":[0.1367,0.8633],"evs":[0.0,0.43881]},"K4s":{"weight":0.0,"played":[0.0292,0.9708],"evs":[0.0,1.43013]},"K5s":{"weight":0.0,"played":[0.5011,0.4989],"evs":[0.0,1.74041]},"K6s":{"weight":0.0,"played":[0.0318,0.9682],"evs":[0.0,1.95811]},"K7s":{"weight":0.0,"played":[0.0578,0.9422],"evs":[0.0,4.77921]},"K8s":{"weight":0.0,"played":[0.268,0.732],"evs":[0.0,2.25622]},"K9s":{"weight":0.0,"played":[0.006,0.994],"evs":[0.0,0.9452]},"KTs":{"weight":0.0024,"played":[0.1781,0.8219],"evs":[0.0,5.89229]},"KJs":{"weight":0.1613,"played":[0.0751,0.9249],"evs":[0.0,1.24598]},"KQs":{"weight":0.082,"played":[0.2959,0.7041],"evs":[0.0,0.53897]},"KK":{"weight":0.0,"played":[0.0024,0.9976],"evs":[0.0,13.86781]},"AKo":{"weight":0.0,"played":[8.0E-4,0.9992],"evs":[0.0,3.14682]},"A2s":{"weight":0.0,"played":[0.4394,0.5606],"evs":[0.0,-0.95899]},"A3s":{"weight":0.0,"played":[0.4114,0.5886],"evs":[0.0,0.94039]},"A4s":{"weight":0.0,"played":[0.3585,0.6415],"evs":[0.0,3.44177]},"A5s":{"weight":0.0,"played":[0.1873,0.8127],"evs":[0.0,0.69377]},"A6s":{"weight":0.0,"played":[0.3797,0.6203],"evs":[0.0,-0.77389]},"A7s":{"weight":0.0,"played":[0.9932,0.0068],"evs":[0.0,-3.06891]},"A8s":{"weight":0.0,"played":[0.7192,0.2808],"evs":[0.0,-1.47468]},"A9s":{"weight":0.0,"played":[0.2469,0.7531],"evs":[0.0,1.31404]},"ATs":{"weight":0.0,"played":[0.0221,0.9779],"evs":[0.0,6.51458]},"AJs":{"weight":0.0,"played":[0.0272,0.9728],"evs":[0.0,2.93359]},"AQs":{"weight":0.0,"played":[0.0048,0.9952],"evs":[0.0,4.93418]},"AKs":{"weight":0.001,"played":[0.1351,0.8649],"evs":[0.0,0.76547]},"AA":{"weight":0.062,"played":[0.0,1.0],"evs":[0.0,15.74427]}}}