{"player":3,"street":0,"children":2,"sequence":[{"player":0,"type":"R","amount":200000,"street":0},{"player":1,"type":"C","amount":200000,"street":0},{"player":2,"type":"F","amount":0,"street":0},{"player":3,"type":"R","amount":600000,"street":0},{"player":4,"type":"R","amount":1565000,"street":0},{"player":5,"type":"C","amount":845000,"street":0},{"player":0,"type":"F","amount":0,"street":0},{"player":1,"type":"F","amount":0,"street":0}],"actions":[{"type":"F","amount":0},{"type":"C","amount":965000}],"hands":{"22":{"weight":0.0,"played":[0.0015,0.9985],"evs":[0.0,6.36422]},"32o":{"weight":0.0,"played":[0.0037,0.9963],"evs":[0.0,1.60357]},"42o":{"weight":0.0,"played":[0.047,0.953],"evs":[0.0,8.18831]},"52o":{"weight":0.0,"played":[0.197,0.803],"evs":[0.0,7.1275]},"62o":{"weight":0.0,"played":[0.271,0.729],"evs":[0.0,6.75374]},"72o":{"weight":0.0,"played":[0.038,0.962],"evs":[0.0,6.50302]},"82o":{"weight":0.0,"played":[0.5715,0.4285],"evs":[0.0,-3.31932]},"92o":{"weight":0.0,"played":[0.0,1.0],"evs":[0.0,6.61771]},"T2o":{"weight":0.0,"played":[0.4007,0.5993],"evs":[0.0,1.37607]},"J2o":{"weight":0.0,"played":[0.2909,0.7091],"evs":[0.0,2.13519]},"Q2o":{"weight":0.0,"played":[0.0055,0.9945],"evs":[0.0,10.98925]},"K2o":{"weight":0.0,"played":[0.0647,0.9353],"evs":[0.0,8.22302]},"A2o":{"weight":1.0E-4,"played":[0.3468,0.6532],"evs":[0.0,0.23754]},"32s":{"weight":0.0,"played":[0.2731,0.7269],"evs":[0.0,0.42114]},"33":{"weight":0.0,"played":[0.2719,0.7281],"evs":[0.0,-1.16602]},"43o":{"weight":0.0,"played":[0.196,0.804],"evs":[0.0,0.77511]},"53o":{"weight":0.0,"played":[0.0309,0.9691],"evs":[0.0,-0.15399]},"63o":{"weight":0.0,"played":[0.0,1.0],"evs":[0.0,11.3384]},"73o":{"weight":0.0,"played":[0.1367,0.8633],"evs":[0.0,3.4384]},"83o":{"weight":0.0,"played":[0.0278,0.9722],"evs":[0.0,5.94376]},"93o":{"weight":0.0,"played":[0.6619,0.3381],"evs":[0.0,-3.45135]},"T3o":{"weight":0.0,"played":[0.018,0.982],"evs":[0.0,3.08018]},"J3o":{"weight":0.0,"played":[0.0412,0.9588],"evs":[0.0,2.92196]},"Q3o":{"weight":0.0,"played":[0.1107,0.8893],"evs":[0.0,-0.37331]},"K3o":{"weight":0.0,"played":[0.1123,0.8877],"evs":[0.0,6.35841]},"A3o":{"weight":0.0,"played":[0.0213,0.9787],"evs":[0.0,8.90807]},"42s":{"weight":0.0,"played":[0.6107,0.3893],"evs":[0.0,11.17016]},"43s":{"weight":0.0,"played":[0.0363,0.9637],"evs":[0.0,1.07159]},"44":{"weight":0.0,"played":[0.0178,0.9822],"evs":[0.0,18.14489]},"54o":{"weight":0.0,"played":[0.0843,0.9157],"evs":[0.0,3.98294]},"64o":{"weight":0.0,"played":[0.4436,0.5564],"evs":[0.0,-4.10423]},"74o":{"weight":0.0,"played":[0.2252,0.7748],"evs":[0.0,5.73764]},"84o":{"weight":0.0,"played":[0.1291,0.8709],"evs":[0.0,4.48455]},"94o":{"weight":0.0,"played":[0.5319,0.4681],"evs":[0.0,0.32106]},"T4o":{"weight":0.0,"played":[0.15,0.85],"evs":[0.0,3.37165]},"J4o":{"weight":0.0,"played":[0.1865,0.8135],"evs":[0.0,-0.36965]},"Q4o":{"weight":0.0,"played":[0.5022,0.4978],"evs":[0.0,0.6631]},"K4o":{"weight":0.0,"played":[0.0151,0.9849],"evs":[0.0,3.72059]},"A4o":{"weight":0.0,"played":[0.0112,0.9888],"evs":[0.0,4.7946]},"52s":{"weight":0.0,"played":[0.4575,0.5425],"evs":[0.0,5.80152]},"53s":{"weight":0.0,"played":[0.7625,0.2375],"evs":[0.0,1.61561]},"54s":{"weight":0.0,"played":[0.6127,0.3873],"evs":[0.0,26.26949]},"55":{"weight":0.002,"played":[0.0839,0.9161],"evs":[0.0,12.20198]},"65o":{"weight":0.0,"played":[0.0539,0.9461],"evs":[0.0,11.29124]},"75o":{"weight":0.0,"played":[0.7294,0.2706],"evs":[0.0,-0.48202]},"85o":{"weight":0.0,"played":[0.4286,0.5714],"evs":[0.0,-1.54153]},"95o":{"weight":0.0,"played":[0.3475,0.6525],"evs":[0.0,-1.74574]},"T5o":{"weight":0.0,"played":[0.9537,0.0463],"evs":[0.0,1.13074]},"J5o":{"weight":0.0,"played":[0.0519,0.9481],"evs":[0.0,6.29148]},"Q5o":{"weight":0.0,"played":[0.3402,0.6598],"evs":[0.0,-0.08622]},"K5o":{"weight":0.0,"played":[0.9377,0.0623],"evs":[0.0,-6.98838]},"A5o":{"weight":6.0E-4,"played":[0.0,1.0],"evs":[0.0,4.83013]},"62s":{"weight":0.0,"played":[0.806,0.194],"evs":[0.0,14.93837]},"63s":{"weight":0.0,"played":[0.1107,0.8893],"evs":[0.0,17.81822]},"64s":{"weight":0.0,"played":[0.487,0.513],"evs":[0.0,-1.64288]},"65s":{"weight":0.0,"played":[0.0658,0.9342],"evs":[0.0,5.30095]},"66":{"weight":7.0E-4,"played":[0.7071,0.2929],"evs":[0.0,5.42071]},"76o":{"weight":0.0,"played":[0.4815,0.5185],"evs":[0.0,-1.52652]},"86o":{"weight":0.0,"played":[0.0857,0.9143],"evs":[0.0,-1.32552]},"96o":{"weight":0.0,"played":[0.3926,0.6074],"evs":[0.0,-4.04773]},"T6o":{"weight":0.0,"played":[0.0796,0.9204],"evs":[0.0,9.68561]},"J6o":{"weight":0.0,"played":[0.0411,0.9589],"evs":[0.0,4.84905]},"Q6o":{"weight":0.0,"played":[0.3001,0.6999],"evs":[0.0,2.61199]},"K6o":{"weight":0.0,"played":[0.29,0.71],"evs":[0.0,-2.22941]},"A6o":{"weight":0.0,"played":[0.0366,0.9634],"evs":[0.0,1.76777]},"72s":{"weight":0.0,"played":[0.0161,0.9839],"evs":[0.0,24.8504]},"73s":{"weight":0.0,"played":[0.702,0.298],"evs":[0.0,-7.39389]},"74s":{"weight":0.0,"played":[0.3123,0.6877],"evs":[0.0,0.73628]},"75s":{"weight":0.0,"played":[0.7426,0.2574],"evs":[0.0,-7.57372]},"76s":{"weight":0.0,"played":[0.2677,0.7323],"evs":[0.0,0.9638]},"77":{"weight":0.0039,"played":[0.3734,0.6266],"evs":[0.0,11.49956]},"87o":{"weight":0.0,"played":[0.0047,0.9953],"evs":[0.0,6.06558]},"97o":{"weight":0.0,"played":[0.1706,0.8294],"evs":[0.0,7.34362]},"T7o":{"weight":0.0,"played":[0.0,1.0],"evs":[0.0,14.06743]},"J7o":{"weight":0.0,"played":[0.0744,0.9256],"evs":[0.0,8.37591]},"Q7o":{"weight":0.0,"played":[0.1237,0.8763],"evs":[0.0,5.94778]},"K7o":{"weight":0.0,"played":[0.1289,0.8711],"evs":[0.0,-1.88186]},"A7o":{"weight":0.0039,"played":[0.0039,0.9961],"evs":[0.0,11.04825]},"82s":{"weight":0.0,"played":[0.5924,0.4076],"evs":[0.0,2.36214]},"83s":{"weight":0.0,"played":[0.3322,0.6678],"evs":[0.0,3.61699]},"84s":{"weight":0.0,"played":[0.1947,0.8053],"evs":[0.0,0.90737]},"85s":{"weight":0.0,"played":[0.5486,0.4514],"evs":[0.0,2.62009]},"86s":{"weight":0.0,"played":[0.0056,0.9944],"evs":[0.0,-0.09258]},"87s":{"weight":0.0,"played":[0.3302,0.6698],"evs":[0.0,8.40292]},"88":{"weight":0.2037,"played":[0.1019,0.8981],"evs":[0.0,3.3089]},"98o":{"weight":0.0,"played":[0.0101,0.9899],"evs":[0.0,10.95421]},"T8o":{"weight":0.0,"played":[0.8101,0.1899],"evs":[0.0,-7.74783]},"J8o":{"weight":0.0,"played":[0.0,1.0],"evs":[0.0,7.29693]},"Q8o":{"weight":0.0,"played":[0.3566,0.6434],"evs":[0.0,-0.45392]},"K8o":{"weight":0.0,"played":[0.1101,0.8899],"evs":[0.0,6.67188]},"A8o":{"weight":0.0883,"played":[0.0242,0.9758],"evs":[0.0,7.35613]},"92s":{"weight":0.0,"played":[0.0,1.0],"evs":[0.0,0.14467]},"93s":{"weight":0.0,"played":[0.2321,0.7679],"evs":[0.0,-0.93913]},"94s":{"weight":0.0,"played":[0.9993,7.0E-4],"evs":[0.0,4.0917]},"95s":{"weight":0.0,"played":[0.4981,0.5019],"evs":[0.0,12.05072]},"96s":{"weight":0.0,"played":[0.2939,0.7061],"evs":[0.0,-0.12928]},"97s":{"weight":0.0,"played":[0.9224,0.0776],"evs":[0.0,16.82493]},"98s":{"weight":8.0E-4,"played":[0.0,1.0],"evs":[0.0,5.47697]},"99":{"weight":0.0387,"played":[0.2533,0.7467],"evs":[0.0,7.71474]},"T9o":{"weight":0.0,"played":[4.0E-4,0.9996],"evs":[0.0,9.76892]},"J9o":{"weight":0.0,"played":[0.6447,0.3553],"evs":[0.0,-5.00677]},"Q9o":{"weight":0.0,"played":[0.0621,0.9379],"evs":[0.0,1.89382]},"K9o":{"weight":0.0,"played":[0.0,1.0],"evs":[0.0,7.66942]},"A9o":{"weight":0.02,"played":[0.028,0.972],"evs":[0.0,9.12152]},"T2s":{"weight":0.0,"played":[0.8745,0.1255],"evs":[0.0,3.13462]},"T3s":{"weight":0.0,"played":[0.0021,0.9979],"evs":[0.0,-1.16904]},"T4s":{"weight":0.0,"played":[0.6122,0.3878],"evs":[0.0,5.21596]},"T5s":{"weight":1.0E-4,"played":[0.3067,0.6933],"evs":[0.0,7.63333]},"T6s":{"weight":0.0,"played":[0.7562,0.2438],"evs":[0.0,-8.62198]},"T7s":{"weight":0.0,"played":[0.5653,0.4347],"evs":[0.0,2.94394]},"T8s":{"weight":0.0,"played":[0.9419,0.0581],"evs":[0.0,-7.73583]},"T9s":{"weight":0.0,"played":[0.4603,0.5397],"evs":[0.0,11.41772]},"TT":{"weight":0.14,"played":[0.1469,0.8531],"evs":[0.0,20.40624]},"JTo":{"weight":0.0,"played":[0.0,1.0],"evs":[0.0,13.16142]},"QTo":{"weight":0.0,"played":[0.2792,0.7208],"evs":[0.0,6.30356]},"KTo":{"weight":0.0,"played":[0.2539,0.7461],"evs":[0.0,3.66251]},"ATo":{"weight":0.1801,"played":[0.1134,0.8866],"evs":[0.0,11.03169]},"J2s":{"weight":0.0,"played":[0.1964,0.8036],"evs":[0.0,-2.23812]},"J3s":{"weight":0.0,"played":[0.3939,0.6061],"evs":[0.0,1.40408]},"J4s":{"weight":0.0,"played":[0.2278,0.7722],"evs":[0.0,18.90409]},"J5s":{"weight":0.0,"played":[0.6147,0.3853],"evs":[0.0,-7.49515]},"J6s":{"weight":0.0,"played":[0.3843,0.6157],"evs":[0.0,-2.55826]},"J7s":{"weight":0.0,"played":[0.1167,0.8833],"evs":[0.0,24.30881]},"J8s":{"weight":0.0,"played":[0.3003,0.6997],"evs":[0.0,-3.80077]},"J9s":{"weight":0.0,"played":[0.7387,0.2613],"evs":[0.0,9.67027]},"JTs":{"weight":0.0022,"played":[0.0,1.0],"evs":[0.0,2.44351]},"JJ":{"weight":0.6248,"played":[0.0,1.0],"evs":[0.0,16.80316]},"QJo":{"weight":0.0,"played":[0.0722,0.9278],"evs":[0.0,8.23316]},"KJo":{"weight":0.0,"played":[0.3396,0.6604],"evs":[0.0,10.93783]},"AJo":{"weight":0.0022,"played":[0.004,0.996],"evs":[0.0,1.84816]},"Q2s":{"weight":0.0,"played":[0.6493,0.3507],"evs":[0.0,0.29617]},"Q3s":{"weight":0.0,"played":[0.2742,0.7258],"evs":[0.0,19.49865]},"Q4s":{"weight":0.0,"played":[0.3775,0.6225],"evs":[0.0,14.56264]},"Q5s":{"weight":0.0,"played":[0.0848,0.9152],"evs":[0.0,8.69886]},"Q6s":{"weight":0.0,"played":[0.1016,0.8984],"evs":[0.0,0.83965]},"Q7s":{"weight":0.0,"played":[0.0949,0.9051],"evs":[0.0,14.41377]},"Q8s":{"weight":0.0,"played":[0.4539,0.5461],"evs":[0.0,1.79908]},"Q9s":{"weight":3.0E-4,"played":[0.4434,0.5566],"evs":[0.0,18.62417]},"QTs":{"weight":4.0E-4,"played":[0.0,1.0],"evs":[0.0,3.7199]},"QJs":{"weight":0.0,"played":[0.2149,0.7851],"evs":[0.0,14.75373]},"QQ":{"weight":0.338,"played":[0.0,1.0],"evs":[0.0,21.2283]},"KQo":{"weight":0.1607,"played":[0.0711,0.9289],"evs":[0.0,7.5954]},"AQo":{"weight":0.141,"played":[0.0182,0.9818],"evs":[0.0,14.87535]},"K2s":{"weight":0.0,"played":[0.0112,0.9888],"evs":[0.0,14.96306]},"K3s":{"weight":0.0,"played":[0.5188,0.4812],"evs":[0.0,0.69847]},"K4s":{"weight":0.0,"played":[0.4513,0.5487],"evs":[0.0,0.22825]},"K5s":{"weight":1.0E-4,"played":[0.0,1.0],"evs":[0.0,7.72358]},"K6s":{"weight":0.0,"played":[0.3169,0.6831],"evs":[0.0,14.28643]},"K7s":{"weight":0.0,"played":[0.635,0.365],"evs":[0.0,-7.68595]},"K8s":{"weight":0.0,"played":[0.4485,0.5515],"evs":[0.0,-2.44488]},"K9s":{"weight":0.0097,"played":[0.7877,0.2123],"evs":[0.0,-8.41477]},"KTs":{"weight":6.0E-4,"played":[0.3691,0.6309],"evs":[0.0,-1.29613]},"KJs":{"weight":0.0426,"played":[0.0151,0.9849],"evs":[0.0,16.84863]},"KQs":{"weight":0.2066,"played":[0.3119,0.6881],"evs":[0.0,0.21271]},"KK":{"weight":0.1222,"played":[7.0E-4,0.9993],"evs":[0.0,42.07681]},"AKo":{"weight":0.1257,"played":[0.0236,0.9764],"evs":[0.0,13.14143]},"A2s":{"weight":0.0094,"played":[0.7365,0.2635],"evs":[0.0,-5.57159]},"A3s":{"weight":0.0796,"played":[0.1453,0.8547],"evs":[0.0,24.16402]},"A4s":{"weight":0.2022,"played":[0.0816,0.9184],"evs":[0.0,4.81873]},"A5s":{"weight":0.0436,"played":[0.0,1.0],"evs":[0.0,-2.40037]},"A6s":{"weight":0.2855,"played":[0.0,1.0],"evs":[0.0,13.47149]},"A7s":{"weight":0.9158,"played":[0.1709,0.8291],"evs":[0.0,-2.808]},"A8s":{"weight":0.347,"played":[0.2546,0.7454],"evs":[0.0,2.83628]},"A9s":{"weight":0.0,"played":[0.0176,0.9824],"evs":[0.0,11.25816]},"ATs":{"weight":0.0205,"played":[0.0806,0.9194],"evs":[0.0,13.33535]},"AJs":{"weight":0.1302,"played":[0.0103,0.9897],"evs":[0.0,1.27164]},"AQs":{"weight":0.0176,"played":[0.0,1.0],"evs":[0.0,17.24103]},"AKs":{"weight":0.3448,"played":[0.8766,0.1234],"evs":[0.0,4.28019]},"AA":{"weight":0.6391,"played":[0.0,1.0],"evs":[0.0,33.23466]}}}