{"player":3,"street":0,"children":2,"sequence":[{"player":0,"type":"R","amount":200000,"street":0},{"player":1,"type":"C","amount":200000,"street":0},{"player":2,"type":"F","amount":0,"street":0},{"player":3,"type":"R","amount":600000,"street":0},{"player":4,"type":"R","amount":1565000,"street":0},{"player":5,"type":"C","amount":845000,"street":0},{"player":0,"type":"F","amount":0,"street":0},{"player":1,"type":"C","amount":585000,"street":0}],"actions":[{"type":"F","amount":0},{"type":"C","amount":965000}],"hands":{"22":{"weight":0.0,"played":[0.0112,0.9888],"evs":[0.0,2.96512]},"32o":{"weight":0.0,"played":[0.7521,0.2479],"evs":[0.0,0.3491]},"42o":{"weight":0.0,"played":[0.5363,0.4637],"evs":[0.0,0.44233]},"52o":{"weight":0.0,"played":[0.6651,0.3349],"evs":[0.0,-1.36615]},"62o":{"weight":0.0,"played":[0.0083,0.9917],"evs":[0.0,4.94461]},"72o":{"weight":0.0,"played":[0.3375,0.6625],"evs":[0.0,0.70943]},"82o":{"weight":0.0,"played":[0.2636,0.7364],"evs":[0.0,-0.39378]},"92o":{"weight":0.0,"played":[0.3284,0.6716],"evs":[0.0,-0.05823]},"T2o":{"weight":0.0,"played":[0.0432,0.9568],"evs":[0.0,1.45321]},"J2o":{"weight":0.0,"played":[0.0043,0.9957],"evs":[0.0,2.73432]},"Q2o":{"weight":0.0,"played":[0.5696,0.4304],"evs":[0.0,2.36372]},"K2o":{"weight":0.0,"played":[0.0037,0.9963],"evs":[0.0,4.14924]},"A2o":{"weight":1.0E-4,"played":[0.0039,0.9961],"evs":[0.0,2.14031]},"32s":{"weight":0.0,"played":[0.1214,0.8786],"evs":[0.0,4.71788]},"33":{"weight":0.0,"played":[0.6944,0.3056],"evs":[0.0,-1.02503]},"43o":{"weight":0.0,"played":[0.5066,0.4934],"evs":[0.0,0.8997]},"53o":{"weight":0.0,"played":[0.4985,0.5015],"evs":[0.0,-1.00921]},"63o":{"weight":0.0,"played":[0.2108,0.7892],"evs":[0.0,6.86194]},"73o":{"weight":0.0,"played":[0.9874,0.0126],"evs":[0.0,-0.97626]},"83o":{"weight":0.0,"played":[0.0352,0.9648],"evs":[0.0,1.05658]},"93o":{"weight":0.0,"played":[0.7314,0.2686],"evs":[0.0,-1.61962]},"T3o":{"weight":0.0,"played":[0.4444,0.5556],"evs":[0.0,-1.1695]},"J3o":{"weight":0.0,"played":[0.7613,0.2387],"evs":[0.0,-3.52794]},"Q3o":{"weight":0.0,"played":[0.6849,0.3151],"evs":[0.0,-0.77424]},"K3o":{"weight":0.0,"played":[0.007,0.993],"evs":[0.0,4.05029]},"A3o":{"weight":0.0,"played":[0.0,1.0],"evs":[0.0,5.76804]},"42s":{"weight":0.0,"played":[0.0402,0.9598],"evs":[0.0,11.6642]},"43s":{"weight":0.0,"played":[0.1642,0.8358],"evs":[0.0,4.40641]},"44":{"weight":0.0,"played":[0.0773,0.9227],"evs":[0.0,7.58398]},"54o":{"weight":0.0,"played":[0.1818,0.8182],"evs":[0.0,-0.21579]},"64o":{"weight":0.0,"played":[0.9433,0.0567],"evs":[0.0,-1.46009]},"74o":{"weight":0.0,"played":[0.8276,0.1724],"evs":[0.0,0.60396]},"84o":{"weight":0.0,"played":[0.413,0.587],"evs":[0.0,1.73939]},"94o":{"weight":0.0,"played":[0.8165,0.1835],"evs":[0.0,-0.93]},"T4o":{"weight":0.0,"played":[0.0051,0.9949],"evs":[0.0,3.70193]},"J4o":{"weight":0.0,"played":[0.4598,0.5402],"evs":[0.0,4.66663]},"Q4o":{"weight":0.0,"played":[0.0021,0.9979],"evs":[0.0,6.18936]},"K4o":{"weight":0.0,"played":[0.2877,0.7123],"evs":[0.0,2.9737]},"A4o":{"weight":0.0,"played":[0.0017,0.9983],"evs":[0.0,1.30639]},"52s":{"weight":0.0,"played":[0.1632,0.8368],"evs":[0.0,9.6615]},"53s":{"weight":0.0,"played":[0.7754,0.2246],"evs":[0.0,-3.41641]},"54s":{"weight":0.0,"played":[0.0402,0.9598],"evs":[0.0,5.02803]},"55":{"weight":0.002,"played":[0.0035,0.9965],"evs":[0.0,5.46129]},"65o":{"weight":0.0,"played":[0.2816,0.7184],"evs":[0.0,2.06829]},"75o":{"weight":0.0,"played":[0.7489,0.2511],"evs":[0.0,0.02652]},"85o":{"weight":0.0,"played":[0.4071,0.5929],"evs":[0.0,-0.1093]},"95o":{"weight":0.0,"played":[0.835,0.165],"evs":[0.0,-1.20648]},"T5o":{"weight":0.0,"played":[0.452,0.548],"evs":[0.0,1.72135]},"J5o":{"weight":0.0,"played":[0.0757,0.9243],"evs":[0.0,1.6814]},"Q5o":{"weight":0.0,"played":[0.0481,0.9519],"evs":[0.0,5.66784]},"K5o":{"weight":0.0,"played":[0.332,0.668],"evs":[0.0,1.61478]},"A5o":{"weight":6.0E-4,"played":[0.0051,0.9949],"evs":[0.0,0.96336]},"62s":{"weight":0.0,"played":[0.2723,0.7277],"evs":[0.0,2.84272]},"63s":{"weight":0.0,"played":[0.1748,0.8252],"evs":[0.0,5.1641]},"64s":{"weight":0.0,"played":[0.4048,0.5952],"evs":[0.0,-3.47451]},"65s":{"weight":0.0,"played":[0.0669,0.9331],"evs":[0.0,8.79238]},"66":{"weight":7.0E-4,"played":[0.173,0.827],"evs":[0.0,-2.23206]},"76o":{"weight":0.0,"played":[0.0559,0.9441],"evs":[0.0,1.96823]},"86o":{"weight":0.0,"played":[0.0267,0.9733],"evs":[0.0,6.38949]},"96o":{"weight":0.0,"played":[0.2569,0.7431],"evs":[0.0,0.2831]},"T6o":{"weight":0.0,"played":[0.2823,0.7177],"evs":[0.0,0.4236]},"J6o":{"weight":0.0,"played":[0.4722,0.5278],"evs":[0.0,1.53507]},"Q6o":{"weight":0.0,"played":[0.0624,0.9376],"evs":[0.0,-0.19127]},"K6o":{"weight":0.0,"played":[0.0191,0.9809],"evs":[0.0,1.79443]},"A6o":{"weight":0.0,"played":[0.5372,0.4628],"evs":[0.0,-1.39955]},"72s":{"weight":0.0,"played":[0.3281,0.6719],"evs":[0.0,7.67755]},"73s":{"weight":0.0,"played":[0.3659,0.6341],"evs":[0.0,1.2746]},"74s":{"weight":0.0,"played":[0.0989,0.9011],"evs":[0.0,3.18066]},"75s":{"weight":0.0,"played":[0.1099,0.8901],"evs":[0.0,9.692]},"76s":{"weight":0.0,"played":[0.2756,0.7244],"evs":[0.0,2.93303]},"77":{"weight":0.0039,"played":[0.0043,0.9957],"evs":[0.0,0.77182]},"87o":{"weight":0.0,"played":[0.4211,0.5789],"evs":[0.0,1.29841]},"97o":{"weight":0.0,"played":[0.8546,0.1454],"evs":[0.0,-2.12275]},"T7o":{"weight":0.0,"played":[0.0327,0.9673],"evs":[0.0,6.15563]},"J7o":{"weight":0.0,"played":[0.7837,0.2163],"evs":[0.0,-3.95748]},"Q7o":{"weight":0.0,"played":[0.0791,0.9209],"evs":[0.0,-0.38333]},"K7o":{"weight":0.0,"played":[0.1316,0.8684],"evs":[0.0,8.84371]},"A7o":{"weight":0.0039,"played":[0.0255,0.9745],"evs":[0.0,3.84538]},"82s":{"weight":0.0,"played":[0.5615,0.4385],"evs":[0.0,-5.80342]},"83s":{"weight":0.0,"played":[0.8399,0.1601],"evs":[0.0,1.02539]},"84s":{"weight":0.0,"played":[0.5732,0.4268],"evs":[0.0,7.12977]},"85s":{"weight":0.0,"played":[0.6431,0.3569],"evs":[0.0,-3.25326]},"86s":{"weight":0.0,"played":[0.2256,0.7744],"evs":[0.0,12.39995]},"87s":{"weight":0.0,"played":[0.0223,0.9777],"evs":[0.0,11.51036]},"88":{"weight":0.2037,"played":[0.0074,0.9926],"evs":[0.0,12.33954]},"98o":{"weight":0.0,"played":[0.1573,0.8427],"evs":[0.0,1.69022]},"T8o":{"weight":0.0,"played":[0.0147,0.9853],"evs":[0.0,3.27874]},"J8o":{"weight":0.0,"played":[0.0572,0.9428],"evs":[0.0,3.05861]},"Q8o":{"weight":0.0,"played":[0.0069,0.9931],"evs":[0.0,4.60572]},"K8o":{"weight":0.0,"played":[0.4019,0.5981],"evs":[0.0,-0.08516]},"A8o":{"weight":0.0883,"played":[0.0,1.0],"evs":[0.0,10.12205]},"92s":{"weight":0.0,"played":[0.1736,0.8264],"evs":[0.0,11.60757]},"93s":{"weight":0.0,"played":[0.2855,0.7145],"evs":[0.0,0.50914]},"94s":{"weight":0.0,"played":[6.0E-4,0.9994],"evs":[0.0,1.89706]},"95s":{"weight":0.0,"played":[0.3623,0.6377],"evs":[0.0,1.86365]},"96s":{"weight":0.0,"played":[0.2354,0.7646],"evs":[0.0,7.99578]},"97s":{"weight":0.0,"played":[0.6329,0.3671],"evs":[0.0,-2.11679]},"98s":{"weight":8.0E-4,"played":[0.1235,0.8765],"evs":[0.0,4.11576]},"99":{"weight":0.0387,"played":[0.039,0.961],"evs":[0.0,2.745]},"T9o":{"weight":0.0,"played":[0.0,1.0],"evs":[0.0,7.58359]},"J9o":{"weight":0.0,"played":[0.0409,0.9591],"evs":[0.0,2.48154]},"Q9o":{"weight":0.0,"played":[0.0573,0.9427],"evs":[0.0,6.5959]},"K9o":{"weight":0.0,"played":[0.0097,0.9903],"evs":[0.0,2.52399]},"A9o":{"weight":0.02,"played":[0.0039,0.9961],"evs":[0.0,1.98159]},"T2s":{"weight":0.0,"played":[0.1094,0.8906],"evs":[0.0,4.10826]},"T3s":{"weight":0.0,"played":[0.197,0.803],"evs":[0.0,10.57076]},"T4s":{"weight":0.0,"played":[0.1759,0.8241],"evs":[0.0,1.52941]},"T5s":{"weight":1.0E-4,"played":[0.0316,0.9684],"evs":[0.0,13.93235]},"T6s":{"weight":0.0,"played":[0.1533,0.8467],"evs":[0.0,0.86787]},"T7s":{"weight":0.0,"played":[0.2822,0.7178],"evs":[0.0,1.54361]},"T8s":{"weight":0.0,"played":[0.1338,0.8662],"evs":[0.0,5.56359]},"T9s":{"weight":0.0,"played":[0.3094,0.6906],"evs":[0.0,6.84089]},"TT":{"weight":0.14,"played":[0.0013,0.9987],"evs":[0.0,11.48123]},"JTo":{"weight":0.0,"played":[8.0E-4,0.9992],"evs":[0.0,8.53399]},"QTo":{"weight":0.0,"played":[0.0049,0.9951],"evs":[0.0,1.9126]},"KTo":{"weight":0.0,"played":[0.0257,0.9743],"evs":[0.0,7.45634]},"ATo":{"weight":0.1801,"played":[0.0127,0.9873],"evs":[0.0,4.12155]},"J2s":{"weight":0.0,"played":[0.0125,0.9875],"evs":[0.0,1.1263]},"J3s":{"weight":0.0,"played":[0.0441,0.9559],"evs":[0.0,5.15304]},"J4s":{"weight":0.0,"played":[0.015,0.985],"evs":[0.0,5.17723]},"J5s":{"weight":0.0,"played":[0.3268,0.6732],"evs":[0.0,7.85533]},"J6s":{"weight":0.0,"played":[0.4712,0.5288],"evs":[0.0,-2.53635]},"J7s":{"weight":0.0,"played":[0.0975,0.9025],"evs":[0.0,2.21417]},"J8s":{"weight":0.0,"played":[0.0096,0.9904],"evs":[0.0,16.1087]},"J9s":{"weight":0.0,"played":[0.0339,0.9661],"evs":[0.0,11.542]},"JTs":{"weight":0.0022,"played":[0.3972,0.6028],"evs":[0.0,-0.86232]},"JJ":{"weight":0.6248,"played":[0.0,1.0],"evs":[0.0,15.91263]},"QJo":{"weight":0.0,"played":[7.0E-4,0.9993],"evs":[0.0,9.82288]},"KJo":{"weight":0.0,"played":[0.1002,0.8998],"evs":[0.0,4.05023]},"AJo":{"weight":0.0022,"played":[0.0038,0.9962],"evs":[0.0,12.49096]},"Q2s":{"weight":0.0,"played":[0.5264,0.4736],"evs":[0.0,-3.76881]},"Q3s":{"weight":0.0,"played":[0.9376,0.0624],"evs":[0.0,-5.30651]},"Q4s":{"weight":0.0,"played":[0.0,1.0],"evs":[0.0,9.66812]},"Q5s":{"weight":0.0,"played":[0.3053,0.6947],"evs":[0.0,1.92071]},"Q6s":{"weight":0.0,"played":[0.0455,0.9545],"evs":[0.0,7.37495]},"Q7s":{"weight":0.0,"played":[0.0084,0.9916],"evs":[0.0,10.7549]},"Q8s":{"weight":0.0,"played":[0.3097,0.6903],"evs":[0.0,-3.59318]},"Q9s":{"weight":3.0E-4,"played":[0.0,1.0],"evs":[0.0,3.74184]},"QTs":{"weight":4.0E-4,"played":[0.0371,0.9629],"evs":[0.0,6.37181]},"QJs":{"weight":0.0,"played":[0.0,1.0],"evs":[0.0,5.44953]},"QQ":{"weight":0.338,"played":[0.0,1.0],"evs":[0.0,27.25706]},"KQo":{"weight":0.1607,"played":[0.0016,0.9984],"evs":[0.0,10.91374]},"AQo":{"weight":0.141,"played":[0.0,1.0],"evs":[0.0,9.81123]},"K2s":{"weight":0.0,"played":[0.059,0.941],"evs":[0.0,0.96164]},"K3s":{"weight":0.0,"played":[6.0E-4,0.9994],"evs":[0.0,5.95102]},"K4s":{"weight":0.0,"played":[0.2197,0.7803],"evs":[0.0,11.66488]},"K5s":{"weight":1.0E-4,"played":[0.0012,0.9988],"evs":[0.0,10.71642]},"K6s":{"weight":0.0,"played":[0.1872,0.8128],"evs":[0.0,0.14068]},"K7s":{"weight":0.0,"played":[0.0077,0.9923],"evs":[0.0,4.33837]},"K8s":{"weight":0.0,"played":[0.245,0.755],"evs":[0.0,2.24071]},"K9s":{"weight":0.0097,"played":[0.0032,0.9968],"evs":[0.0,9.10301]},"KTs":{"weight":6.0E-4,"played":[0.005,0.995],"evs":[0.0,11.24125]},"KJs":{"weight":0.0426,"played":[0.0063,0.9937],"evs":[0.0,20.43362]},"KQs":{"weight":0.2066,"played":[0.0,1.0],"evs":[0.0,9.98762]},"KK":{"weight":0.1222,"played":[0.0,1.0],"evs":[0.0,26.45338]},"AKo":{"weight":0.1257,"played":[0.0043,0.9957],"evs":[0.0,10.92919]},"A2s":{"weight":0.0094,"played":[0.3937,0.6063],"evs":[0.0,-0.94752]},"A3s":{"weight":0.0796,"played":[0.0112,0.9888],"evs":[0.0,8.70685]},"A4s":{"weight":0.2022,"played":[0.0979,0.9021],"evs":[0.0,5.78458]},"A5s":{"weight":0.0436,"played":[0.0493,0.9507],"evs":[0.0,5.5339]},"A6s":{"weight":0.2855,"played":[0.1546,0.8454],"evs":[0.0,7.39566]},"A7s":{"weight":0.9158,"played":[0.5495,0.4505],"evs":[0.0,-1.1064]},"A8s":{"weight":0.347,"played":[0.0,1.0],"evs":[0.0,7.59472]},"A9s":{"weight":0.0,"played":[0.0408,0.9592],"evs":[0.0,14.26201]},"ATs":{"weight":0.0205,"played":[0.0094,0.9906],"evs":[0.0,4.92697]},"AJs":{"weight":0.1302,"played":[0.0162,0.9838],"evs":[0.0,13.04156]},"AQs":{"weight":0.0176,"played":[0.0,1.0],"evs":[0.0,14.54689]},"AKs":{"weight":0.3448,"played":[0.068,0.932],"evs":[0.0,19.59245]},"AA":{"weight":0.6391,"played":[0.0027,0.9973],"evs":[0.0,30.64885]}}}