{"player":4,"street":0,"children":2,"sequence":[{"player":0,"type":"R","amount":200000,"street":0},{"player":1,"type":"C","amount":200000,"street":0},{"player":2,"type":"F","amount":0,"street":0},{"player":3,"type":"R","amount":1565000,"street":0}],"actions":[{"type":"F","amount":0,"node":386},{"type":"C","amount":1515000,"node":393}],"hands":{"22":{"weight":1.0,"played":[0.9995,5.0E-4],"evs":[0.0,-2.48631]},"32o":{"weight":1.0,"played":[0.9999,1.0E-4],"evs":[0.0,-6.53539]},"42o":{"weight":1.0,"played":[0.9994,6.0E-4],"evs":[0.0,-6.28715]},"52o":{"weight":1.0,"played":[0.9987,0.0013],"evs":[0.0,-7.25423]},"62o":{"weight":1.0,"played":[1.0,0.0],"evs":[0.0,-7.22612]},"72o":{"weight":1.0,"played":[1.0,0.0],"evs":[0.0,-7.83161]},"82o":{"weight":1.0,"played":[1.0,0.0],"evs":[0.0,-7.39261]},"92o":{"weight":1.0,"played":[0.9999,1.0E-4],"evs":[0.0,-6.41583]},"T2o":{"weight":1.0,"played":[0.9999,1.0E-4],"evs":[0.0,-7.14371]},"J2o":{"weight":1.0,"played":[0.9992,8.0E-4],"evs":[0.0,-7.91746]},"Q2o":{"weight":1.0,"played":[1.0,0.0],"evs":[0.0,-7.14614]},"K2o":{"weight":1.0,"played":[0.9995,5.0E-4],"evs":[0.0,-6.47594]},"A2o":{"weight":1.0,"played":[0.9971,0.0029],"evs":[0.0,-4.73519]},"32s":{"weight":1.0,"played":[0.9899,0.0101],"evs":[0.0,-6.57076]},"33":{"weight":1.0,"played":[0.9331,0.0669],"evs":[0.0,-3.85326]},"43o":{"weight":1.0,"played":[0.9999,1.0E-4],"evs":[0.0,-6.66137]},"53o":{"weight":1.0,"played":[0.9999,1.0E-4],"evs":[0.0,-5.19711]},"63o":{"weight":1.0,"played":[1.0,0.0],"evs":[0.0,-6.23299]},"73o":{"weight":1.0,"played":[1.0,0.0],"evs":[0.0,-7.07849]},"83o":{"weight":1.0,"played":[0.9997,3.0E-4],"evs":[0.0,-6.92114]},"93o":{"weight":1.0,"played":[0.9999,1.0E-4],"evs":[0.0,-6.87383]},"T3o":{"weight":1.0,"played":[1.0,0.0],"evs":[0.0,-6.78069]},"J3o":{"weight":1.0,"played":[0.9998,2.0E-4],"evs":[0.0,-7.43364]},"Q3o":{"weight":1.0,"played":[0.9999,1.0E-4],"evs":[0.0,-6.5489]},"K3o":{"weight":1.0,"played":[0.9993,7.0E-4],"evs":[0.0,-6.22052]},"A3o":{"weight":1.0,"played":[0.9977,0.0023],"evs":[0.0,-3.47278]},"42s":{"weight":1.0,"played":[0.9999,1.0E-4],"evs":[0.0,-5.12945]},"43s":{"weight":1.0,"played":[0.9993,7.0E-4],"evs":[0.0,-3.69761]},"44":{"weight":1.0,"played":[0.9784,0.0216],"evs":[0.0,-2.05469]},"54o":{"weight":1.0,"played":[0.9994,6.0E-4],"evs":[0.0,-4.49115]},"64o":{"weight":1.0,"played":[0.9965,0.0035],"evs":[0.0,-5.452]},"74o":{"weight":1.0,"played":[0.9999,1.0E-4],"evs":[0.0,-4.51483]},"84o":{"weight":1.0,"played":[1.0,0.0],"evs":[0.0,-6.81148]},"94o":{"weight":1.0,"played":[1.0,0.0],"evs":[0.0,-6.10036]},"T4o":{"weight":1.0,"played":[1.0,0.0],"evs":[0.0,-6.11845]},"J4o":{"weight":1.0,"played":[0.9999,1.0E-4],"evs":[0.0,-7.99319]},"Q4o":{"weight":1.0,"played":[1.0,0.0],"evs":[0.0,-6.99821]},"K4o":{"weight":1.0,"played":[0.9998,2.0E-4],"evs":[0.0,-5.91907]},"A4o":{"weight":1.0,"played":[0.9503,0.0497],"evs":[0.0,-4.54082]},"52s":{"weight":1.0,"played":[0.9959,0.0041],"evs":[0.0,-5.37705]},"53s":{"weight":1.0,"played":[0.9889,0.0111],"evs":[0.0,-4.35982]},"54s":{"weight":1.0,"played":[0.9811,0.0189],"evs":[0.0,-0.69276]},"55":{"weight":1.0,"played":[0.9397,0.0603],"evs":[0.0,-1.60668]},"65o":{"weight":1.0,"played":[0.9999,1.0E-4],"evs":[0.0,-5.2724]},"75o":{"weight":1.0,"played":[0.9997,3.0E-4],"evs":[0.0,-5.63189]},"85o":{"weight":1.0,"played":[1.0,0.0],"evs":[0.0,-5.40149]},"95o":{"weight":1.0,"played":[0.9996,4.0E-4],"evs":[0.0,-5.8639]},"T5o":{"weight":1.0,"played":[0.9999,1.0E-4],"evs":[0.0,-6.87995]},"J5o":{"weight":1.0,"played":[0.9999,1.0E-4],"evs":[0.0,-6.73524]},"Q5o":{"weight":1.0,"played":[0.9992,8.0E-4],"evs":[0.0,-5.98182]},"K5o":{"weight":1.0,"played":[0.9999,1.0E-4],"evs":[0.0,-6.90453]},"A5o":{"weight":1.0,"played":[0.9859,0.0141],"evs":[0.0,-3.56484]},"62s":{"weight":1.0,"played":[0.9992,8.0E-4],"evs":[0.0,-6.47872]},"63s":{"weight":1.0,"played":[0.998,0.002],"evs":[0.0,-3.91414]},"64s":{"weight":1.0,"played":[0.9575,0.0425],"evs":[0.0,-3.9068]},"65s":{"weight":1.0,"played":[0.8873,0.1127],"evs":[0.0,-2.52378]},"66":{"weight":1.0,"played":[0.9878,0.0122],"evs":[0.0,-3.48365]},"76o":{"weight":1.0,"played":[0.9872,0.0128],"evs":[0.0,-4.3362]},"86o":{"weight":1.0,"played":[1.0,0.0],"evs":[0.0,-4.44791]},"96o":{"weight":1.0,"played":[0.9993,7.0E-4],"evs":[0.0,-5.30748]},"T6o":{"weight":1.0,"played":[0.9985,0.0015],"evs":[0.0,-7.51897]},"J6o":{"weight":1.0,"played":[1.0,0.0],"evs":[0.0,-7.28296]},"Q6o":{"weight":1.0,"played":[0.9999,1.0E-4],"evs":[0.0,-6.60298]},"K6o":{"weight":1.0,"played":[0.9999,1.0E-4],"evs":[0.0,-5.79105]},"A6o":{"weight":1.0,"played":[0.9961,0.0039],"evs":[0.0,-4.19426]},"72s":{"weight":1.0,"played":[0.9777,0.0223],"evs":[0.0,-5.81971]},"73s":{"weight":1.0,"played":[0.9937,0.0063],"evs":[0.0,-4.38411]},"74s":{"weight":1.0,"played":[0.9747,0.0253],"evs":[0.0,-3.28567]},"75s":{"weight":1.0,"played":[0.9788,0.0212],"evs":[0.0,-2.10478]},"76s":{"weight":1.0,"played":[0.9469,0.0531],"evs":[0.0,-3.37935]},"77":{"weight":1.0,"played":[0.8329,0.1671],"evs":[0.0,0.4209]},"87o":{"weight":1.0,"played":[0.9999,1.0E-4],"evs":[0.0,-5.07685]},"97o":{"weight":1.0,"played":[0.9896,0.0104],"evs":[0.0,-4.55237]},"T7o":{"weight":1.0,"played":[0.9959,0.0041],"evs":[0.0,-4.37757]},"J7o":{"weight":1.0,"played":[0.9984,0.0016],"evs":[0.0,-6.61888]},"Q7o":{"weight":1.0,"played":[1.0,0.0],"evs":[0.0,-6.16169]},"K7o":{"weight":1.0,"played":[1.0,0.0],"evs":[0.0,-5.88692]},"A7o":{"weight":1.0,"played":[0.9995,5.0E-4],"evs":[0.0,-5.82662]},"82s":{"weight":1.0,"played":[0.9874,0.0126],"evs":[0.0,-4.41136]},"83s":{"weight":1.0,"played":[0.999,0.001],"evs":[0.0,-5.675]},"84s":{"weight":1.0,"played":[0.9803,0.0197],"evs":[0.0,-4.84811]},"85s":{"weight":1.0,"played":[0.9974,0.0026],"evs":[0.0,-2.84289]},"86s":{"weight":1.0,"played":[0.9405,0.0595],"evs":[0.0,-1.0371]},"87s":{"weight":1.0,"played":[0.9996,4.0E-4],"evs":[0.0,-2.25734]},"88":{"weight":1.0,"played":[0.1127,0.8873],"evs":[0.0,2.4386]},"98o":{"weight":1.0,"played":[0.9946,0.0054],"evs":[0.0,-4.24591]},"T8o":{"weight":1.0,"played":[1.0,0.0],"evs":[0.0,-4.63233]},"J8o":{"weight":1.0,"played":[0.9975,0.0025],"evs":[0.0,-6.02502]},"Q8o":{"weight":1.0,"played":[0.9978,0.0022],"evs":[0.0,-6.54944]},"K8o":{"weight":1.0,"played":[0.9995,5.0E-4],"evs":[0.0,-4.94237]},"A8o":{"weight":1.0,"played":[0.9982,0.0018],"evs":[0.0,-4.34846]},"92s":{"weight":1.0,"played":[0.9876,0.0124],"evs":[0.0,-4.95889]},"93s":{"weight":1.0,"played":[0.9593,0.0407],"evs":[0.0,-3.2405]},"94s":{"weight":1.0,"played":[0.9917,0.0083],"evs":[0.0,-4.16092]},"95s":{"weight":1.0,"played":[1.0,0.0],"evs":[0.0,-3.27747]},"96s":{"weight":1.0,"played":[0.9979,0.0021],"evs":[0.0,-2.57626]},"97s":{"weight":1.0,"played":[0.9997,3.0E-4],"evs":[0.0,-4.35722]},"98s":{"weight":1.0,"played":[0.9902,0.0098],"evs":[0.0,-2.31136]},"99":{"weight":1.0,"played":[0.0,1.0],"evs":[0.0,4.42626]},"T9o":{"weight":1.0,"played":[0.9959,0.0041],"evs":[0.0,-5.09684]},"J9o":{"weight":1.0,"played":[0.9976,0.0024],"evs":[0.0,-4.62155]},"Q9o":{"weight":1.0,"played":[0.9991,9.0E-4],"evs":[0.0,-4.0182]},"K9o":{"weight":1.0,"played":[0.9967,0.0033],"evs":[0.0,-4.80262]},"A9o":{"weight":1.0,"played":[0.9999,1.0E-4],"evs":[0.0,-3.76677]},"T2s":{"weight":1.0,"played":[0.9795,0.0205],"evs":[0.0,-5.18504]},"T3s":{"weight":1.0,"played":[1.0,0.0],"evs":[0.0,-4.41605]},"T4s":{"weight":1.0,"played":[0.9881,0.0119],"evs":[0.0,-4.99182]},"T5s":{"weight":1.0,"played":[0.9992,8.0E-4],"evs":[0.0,-4.17051]},"T6s":{"weight":1.0,"played":[0.9077,0.0923],"evs":[0.0,-2.52438]},"T7s":{"weight":1.0,"played":[0.991,0.009],"evs":[0.0,-4.59691]},"T8s":{"weight":1.0,"played":[0.9795,0.0205],"evs":[0.0,-1.46246]},"T9s":{"weight":1.0,"played":[0.9932,0.0068],"evs":[0.0,-2.27924]},"TT":{"weight":1.0,"played":[0.0037,0.9963],"evs":[0.0,4.72269]},"JTo":{"weight":1.0,"played":[0.9677,0.0323],"evs":[0.0,-3.24533]},"QTo":{"weight":1.0,"played":[0.998,0.002],"evs":[0.0,-3.414]},"KTo":{"weight":1.0,"played":[0.9991,9.0E-4],"evs":[0.0,-4.64235]},"ATo":{"weight":1.0,"played":[0.9647,0.0353],"evs":[0.0,-1.98446]},"J2s":{"weight":1.0,"played":[0.963,0.037],"evs":[0.0,-3.98816]},"J3s":{"weight":1.0,"played":[0.9987,0.0013],"evs":[0.0,-7.15429]},"J4s":{"weight":1.0,"played":[0.9998,2.0E-4],"evs":[0.0,-5.99535]},"J5s":{"weight":1.0,"played":[0.9991,9.0E-4],"evs":[0.0,-3.86807]},"J6s":{"weight":1.0,"played":[0.9815,0.0185],"evs":[0.0,-4.26574]},"J7s":{"weight":1.0,"played":[0.9929,0.0071],"evs":[0.0,-4.44201]},"J8s":{"weight":1.0,"played":[0.9921,0.0079],"evs":[0.0,-3.29658]},"J9s":{"weight":1.0,"played":[0.9787,0.0213],"evs":[0.0,-0.84592]},"JTs":{"weight":1.0,"played":[0.9371,0.0629],"evs":[0.0,-0.82431]},"JJ":{"weight":1.0,"played":[1.0E-4,0.9999],"evs":[0.0,8.30121]},"QJo":{"weight":1.0,"played":[0.9806,0.0194],"evs":[0.0,-4.43782]},"KJo":{"weight":1.0,"played":[0.9992,8.0E-4],"evs":[0.0,-4.21892]},"AJo":{"weight":1.0,"played":[0.6365,0.3635],"evs":[0.0,-0.13791]},"Q2s":{"weight":1.0,"played":[0.9993,7.0E-4],"evs":[0.0,-5.91431]},"Q3s":{"weight":1.0,"played":[0.996,0.004],"evs":[0.0,-4.77228]},"Q4s":{"weight":1.0,"played":[0.993,0.007],"evs":[0.0,-3.23722]},"Q5s":{"weight":1.0,"played":[0.9743,0.0257],"evs":[0.0,-5.00405]},"Q6s":{"weight":1.0,"played":[0.9747,0.0253],"evs":[0.0,-3.60464]},"Q7s":{"weight":1.0,"played":[0.985,0.015],"evs":[0.0,-4.87748]},"Q8s":{"weight":1.0,"played":[0.9976,0.0024],"evs":[0.0,-1.52452]},"Q9s":{"weight":1.0,"played":[0.9586,0.0414],"evs":[0.0,-2.40357]},"QTs":{"weight":1.0,"played":[0.9409,0.0591],"evs":[0.0,-3.24732]},"QJs":{"weight":1.0,"played":[0.9965,0.0035],"evs":[0.0,-0.36233]},"QQ":{"weight":1.0,"played":[0.0,1.0],"evs":[0.0,11.59593]},"KQo":{"weight":1.0,"played":[0.9915,0.0085],"evs":[0.0,-3.14328]},"AQo":{"weight":1.0,"played":[0.0797,0.9203],"evs":[0.0,1.0772]},"K2s":{"weight":1.0,"played":[0.9946,0.0054],"evs":[0.0,-4.34457]},"K3s":{"weight":1.0,"played":[0.9958,0.0042],"evs":[0.0,-4.01498]},"K4s":{"weight":1.0,"played":[0.9934,0.0066],"evs":[0.0,-5.16728]},"K5s":{"weight":1.0,"played":[0.9991,9.0E-4],"evs":[0.0,-3.91888]},"K6s":{"weight":1.0,"played":[0.9949,0.0051],"evs":[0.0,-5.14192]},"K7s":{"weight":1.0,"played":[0.9906,0.0094],"evs":[0.0,-3.98654]},"K8s":{"weight":1.0,"played":[0.9974,0.0026],"evs":[0.0,-3.33395]},"K9s":{"weight":1.0,"played":[0.9988,0.0012],"evs":[0.0,-4.23966]},"KTs":{"weight":1.0,"played":[0.2771,0.7229],"evs":[0.0,-0.58799]},"KJs":{"weight":1.0,"played":[0.9323,0.0677],"evs":[0.0,-3.18839]},"KQs":{"weight":1.0,"played":[0.829,0.171],"evs":[0.0,-2.07045]},"KK":{"weight":1.0,"played":[0.0,1.0],"evs":[0.0,16.2528]},"AKo":{"weight":1.0,"played":[0.0,1.0],"evs":[0.0,4.86915]},"A2s":{"weight":1.0,"played":[0.8246,0.1754],"evs":[0.0,-1.54326]},"A3s":{"weight":1.0,"played":[0.8122,0.1878],"evs":[0.0,-1.52795]},"A4s":{"weight":1.0,"played":[0.5759,0.4241],"evs":[0.0,-2.64123]},"A5s":{"weight":1.0,"played":[0.711,0.289],"evs":[0.0,-1.8807]},"A6s":{"weight":1.0,"played":[0.9056,0.0944],"evs":[0.0,-2.73383]},"A7s":{"weight":1.0,"played":[0.9995,5.0E-4],"evs":[0.0,-1.71675]},"A8s":{"weight":1.0,"played":[0.9667,0.0333],"evs":[0.0,-3.15076]},"A9s":{"weight":1.0,"played":[0.8515,0.1485],"evs":[0.0,-0.33252]},"ATs":{"weight":1.0,"played":[0.3072,0.6928],"evs":[0.0,0.92156]},"AJs":{"weight":1.0,"played":[0.0156,0.9844],"evs":[0.0,1.1058]},"AQs":{"weight":1.0,"played":[0.0016,0.9984],"evs":[0.0,4.57858]},"AKs":{"weight":1.0,"played":[0.0038,0.9962],"evs":[0.0,6.72421]},"AA":{"weight":1.0,"played":[1.0E-4,0.9999],"evs":[0.0,24.58401]}}}