{"player":5,"street":0,"children":2,"sequence":[{"player":0,"type":"F","amount":0,"street":0},{"player":1,"type":"R","amount":785000,"street":0},{"player":2,"type":"F","amount":0,"street":0},{"player":3,"type":"F","amount":0,"street":0},{"player":4,"type":"F","amount":0,"street":0}],"actions":[{"type":"F","amount":0},{"type":"C","amount":685000}],"hands":{"22":{"weight":1.0,"played":[0.0,1.0],"evs":[0.0,1.59291]},"32o":{"weight":1.0,"played":[1.0,0.0],"evs":[0.0,-1.75184]},"42o":{"weight":1.0,"played":[1.0,0.0],"evs":[0.0,-1.67811]},"52o":{"weight":1.0,"played":[1.0,0.0],"evs":[0.0,-1.52603]},"62o":{"weight":1.0,"played":[1.0,0.0],"evs":[0.0,-1.73693]},"72o":{"weight":1.0,"played":[1.0,0.0],"evs":[0.0,-1.84666]},"82o":{"weight":1.0,"played":[1.0,0.0],"evs":[0.0,-1.66344]},"92o":{"weight":1.0,"played":[1.0,0.0],"evs":[0.0,-1.57962]},"T2o":{"weight":1.0,"played":[1.0,0.0],"evs":[0.0,-1.47175]},"J2o":{"weight":1.0,"played":[1.0,0.0],"evs":[0.0,-1.35277]},"Q2o":{"weight":1.0,"played":[1.0,0.0],"evs":[0.0,-1.1983]},"K2o":{"weight":1.0,"played":[1.0,0.0],"evs":[0.0,-0.73394]},"A2o":{"weight":1.0,"played":[0.0,1.0],"evs":[0.0,0.72956]},"32s":{"weight":1.0,"played":[1.0,0.0],"evs":[0.0,-0.89505]},"33":{"weight":1.0,"played":[0.0,1.0],"evs":[0.0,1.89229]},"43o":{"weight":1.0,"played":[1.0,0.0],"evs":[0.0,-1.33593]},"53o":{"weight":1.0,"played":[1.0,0.0],"evs":[0.0,-1.19026]},"63o":{"weight":1.0,"played":[1.0,0.0],"evs":[0.0,-1.40182]},"73o":{"weight":1.0,"played":[1.0,0.0],"evs":[0.0,-1.51926]},"83o":{"weight":1.0,"played":[1.0,0.0],"evs":[0.0,-1.61634]},"93o":{"weight":1.0,"played":[1.0,0.0],"evs":[0.0,-1.46938]},"T3o":{"weight":1.0,"played":[1.0,0.0],"evs":[0.0,-1.37577]},"J3o":{"weight":1.0,"played":[1.0,0.0],"evs":[0.0,-1.26033]},"Q3o":{"weight":1.0,"played":[1.0,0.0],"evs":[0.0,-1.09314]},"K3o":{"weight":1.0,"played":[1.0,0.0],"evs":[0.0,-0.64298]},"A3o":{"weight":1.0,"played":[0.0,1.0],"evs":[0.0,0.83732]},"42s":{"weight":1.0,"played":[1.0,0.0],"evs":[0.0,-0.84393]},"43s":{"weight":1.0,"played":[1.0,0.0],"evs":[0.0,-0.52855]},"44":{"weight":1.0,"played":[0.0,1.0],"evs":[0.0,2.29291]},"54o":{"weight":1.0,"played":[1.0,0.0],"evs":[0.0,-0.91006]},"64o":{"weight":1.0,"played":[1.0,0.0],"evs":[0.0,-1.11796]},"74o":{"weight":1.0,"played":[1.0,0.0],"evs":[0.0,-1.23583]},"84o":{"weight":1.0,"played":[1.0,0.0],"evs":[0.0,-1.35539]},"94o":{"weight":1.0,"played":[1.0,0.0],"evs":[0.0,-1.48271]},"T4o":{"weight":1.0,"played":[1.0,0.0],"evs":[0.0,-1.33147]},"J4o":{"weight":1.0,"played":[1.0,0.0],"evs":[0.0,-1.21585]},"Q4o":{"weight":1.0,"played":[1.0,0.0],"evs":[0.0,-1.04742]},"K4o":{"weight":1.0,"played":[1.0,0.0],"evs":[0.0,-0.59562]},"A4o":{"weight":1.0,"played":[0.0,1.0],"evs":[0.0,0.95331]},"52s":{"weight":1.0,"played":[1.0,0.0],"evs":[0.0,-0.68705]},"53s":{"weight":1.0,"played":[1.0,0.0],"evs":[0.0,-0.35879]},"54s":{"weight":1.0,"played":[1.0,0.0],"evs":[0.0,-0.11643]},"55":{"weight":1.0,"played":[0.0,1.0],"evs":[0.0,2.82045]},"65o":{"weight":1.0,"played":[1.0,0.0],"evs":[0.0,-0.73374]},"75o":{"weight":1.0,"played":[1.0,0.0],"evs":[0.0,-0.86259]},"85o":{"weight":1.0,"played":[1.0,0.0],"evs":[0.0,-0.9725]},"95o":{"weight":1.0,"played":[1.0,0.0],"evs":[0.0,-1.09999]},"T5o":{"weight":1.0,"played":[1.0,0.0],"evs":[0.0,-1.23093]},"J5o":{"weight":1.0,"played":[1.0,0.0],"evs":[0.0,-1.06706]},"Q5o":{"weight":1.0,"played":[1.0,0.0],"evs":[0.0,-0.89832]},"K5o":{"weight":1.0,"played":[1.0,0.0],"evs":[0.0,-0.44972]},"A5o":{"weight":1.0,"played":[0.0,1.0],"evs":[0.0,1.18538]},"62s":{"weight":1.0,"played":[1.0,0.0],"evs":[0.0,-0.90744]},"63s":{"weight":1.0,"played":[1.0,0.0],"evs":[0.0,-0.5798]},"64s":{"weight":1.0,"played":[1.0,0.0],"evs":[0.0,-0.3048]},"65s":{"weight":1.0,"played":[0.0276,0.9724],"evs":[0.0,0.0518]},"66":{"weight":1.0,"played":[0.0,1.0],"evs":[0.0,3.26103]},"76o":{"weight":1.0,"played":[1.0,0.0],"evs":[0.0,-0.51637]},"86o":{"weight":1.0,"played":[1.0,0.0],"evs":[0.0,-0.61701]},"96o":{"weight":1.0,"played":[1.0,0.0],"evs":[0.0,-0.74943]},"T6o":{"weight":1.0,"played":[1.0,0.0],"evs":[0.0,-0.86907]},"J6o":{"weight":1.0,"played":[1.0,0.0],"evs":[0.0,-1.00188]},"Q6o":{"weight":1.0,"played":[1.0,0.0],"evs":[0.0,-0.75368]},"K6o":{"weight":1.0,"played":[1.0,0.0],"evs":[0.0,-0.32657]},"A6o":{"weight":1.0,"played":[0.0,1.0],"evs":[0.0,1.23723]},"72s":{"weight":1.0,"played":[1.0,0.0],"evs":[0.0,-0.97412]},"73s":{"weight":1.0,"played":[1.0,0.0],"evs":[0.0,-0.69755]},"74s":{"weight":1.0,"played":[1.0,0.0],"evs":[0.0,-0.41846]},"75s":{"weight":1.0,"played":[0.9999,1.0E-4],"evs":[0.0,-0.11489]},"76s":{"weight":1.0,"played":[1.0E-4,0.9999],"evs":[0.0,0.23339]},"77":{"weight":1.0,"played":[0.0,1.0],"evs":[0.0,3.72911]},"87o":{"weight":1.0,"played":[1.0,0.0],"evs":[0.0,-0.28324]},"97o":{"weight":1.0,"played":[1.0,0.0],"evs":[0.0,-0.41678]},"T7o":{"weight":1.0,"played":[1.0,0.0],"evs":[0.0,-0.53768]},"J7o":{"weight":1.0,"played":[1.0,0.0],"evs":[0.0,-0.65288]},"Q7o":{"weight":1.0,"played":[1.0,0.0],"evs":[0.0,-0.72075]},"K7o":{"weight":1.0,"played":[1.0,0.0],"evs":[0.0,-0.20625]},"A7o":{"weight":1.0,"played":[0.0,1.0],"evs":[0.0,1.70139]},"82s":{"weight":1.0,"played":[1.0,0.0],"evs":[0.0,-0.82935]},"83s":{"weight":1.0,"played":[1.0,0.0],"evs":[0.0,-0.80229]},"84s":{"weight":1.0,"played":[1.0,0.0],"evs":[0.0,-0.51353]},"85s":{"weight":1.0,"played":[1.0,0.0],"evs":[0.0,-0.17491]},"86s":{"weight":1.0,"played":[0.0,1.0],"evs":[0.0,0.17432]},"87s":{"weight":1.0,"played":[0.0,1.0],"evs":[0.0,0.46014]},"88":{"weight":1.0,"played":[0.0,1.0],"evs":[0.0,4.21655]},"98o":{"weight":1.0,"played":[1.0,0.0],"evs":[0.0,-0.08748]},"T8o":{"weight":1.0,"played":[1.0,0.0],"evs":[0.0,-0.1757]},"J8o":{"weight":1.0,"played":[1.0,0.0],"evs":[0.0,-0.32068]},"Q8o":{"weight":1.0,"played":[1.0,0.0],"evs":[0.0,-0.37809]},"K8o":{"weight":1.0,"played":[1.0,0.0],"evs":[0.0,-0.13305]},"A8o":{"weight":1.0,"played":[0.0,1.0],"evs":[0.0,2.25876]},"92s":{"weight":1.0,"played":[1.0,0.0],"evs":[0.0,-0.74772]},"93s":{"weight":1.0,"played":[1.0,0.0],"evs":[0.0,-0.64646]},"94s":{"weight":1.0,"played":[1.0,0.0],"evs":[0.0,-0.66071]},"95s":{"weight":1.0,"played":[1.0,0.0],"evs":[0.0,-0.31173]},"96s":{"weight":1.0,"played":[0.065,0.935],"evs":[0.0,0.03471]},"97s":{"weight":1.0,"played":[0.0,1.0],"evs":[0.0,0.34678]},"98s":{"weight":1.0,"played":[0.0,1.0],"evs":[0.0,0.65478]},"99":{"weight":1.0,"played":[0.0,1.0],"evs":[0.0,4.78917]},"T9o":{"weight":1.0,"played":[0.0,1.0],"evs":[0.0,0.13632]},"J9o":{"weight":1.0,"played":[0.2558,0.7442],"evs":[0.0,-0.00258]},"Q9o":{"weight":1.0,"played":[0.7182,0.2818],"evs":[0.0,-0.00957]},"K9o":{"weight":1.0,"played":[0.0,1.0],"evs":[0.0,0.27312]},"A9o":{"weight":1.0,"played":[0.0,1.0],"evs":[0.0,2.92175]},"T2s":{"weight":1.0,"played":[1.0,0.0],"evs":[0.0,-0.62564]},"T3s":{"weight":1.0,"played":[1.0,0.0],"evs":[0.0,-0.52822]},"T4s":{"weight":1.0,"played":[1.0,0.0],"evs":[0.0,-0.51026]},"T5s":{"weight":1.0,"played":[1.0,0.0],"evs":[0.0,-0.41423]},"T6s":{"weight":1.0,"played":[1.0,0.0],"evs":[0.0,-0.08391]},"T7s":{"weight":1.0,"played":[0.0,1.0],"evs":[0.0,0.22464]},"T8s":{"weight":1.0,"played":[0.0,1.0],"evs":[0.0,0.57024]},"T9s":{"weight":1.0,"played":[0.0,1.0],"evs":[0.0,0.86121]},"TT":{"weight":1.0,"played":[0.0,1.0],"evs":[0.0,5.62463]},"JTo":{"weight":1.0,"played":[0.0,1.0],"evs":[0.0,0.48489]},"QTo":{"weight":1.0,"played":[0.0,1.0],"evs":[0.0,0.53003]},"KTo":{"weight":1.0,"played":[0.0,1.0],"evs":[0.0,0.97484]},"ATo":{"weight":1.0,"played":[0.0,1.0],"evs":[0.0,3.95183]},"J2s":{"weight":1.0,"played":[1.0,0.0],"evs":[0.0,-0.5401]},"J3s":{"weight":1.0,"played":[1.0,0.0],"evs":[0.0,-0.4377]},"J4s":{"weight":1.0,"played":[1.0,0.0],"evs":[0.0,-0.38125]},"J5s":{"weight":1.0,"played":[1.0,0.0],"evs":[0.0,-0.25377]},"J6s":{"weight":1.0,"played":[1.0,0.0],"evs":[0.0,-0.18551]},"J7s":{"weight":1.0,"played":[1.0E-4,0.9999],"evs":[0.0,0.12329]},"J8s":{"weight":1.0,"played":[0.0,1.0],"evs":[0.0,0.4526]},"J9s":{"weight":1.0,"played":[0.0,1.0],"evs":[0.0,0.74003]},"JTs":{"weight":1.0,"played":[0.0,1.0],"evs":[0.0,1.1744]},"JJ":{"weight":1.0,"played":[0.0,1.0],"evs":[0.0,6.39939]},"QJo":{"weight":1.0,"played":[0.0,1.0],"evs":[0.0,0.83811]},"KJo":{"weight":1.0,"played":[0.0,1.0],"evs":[0.0,1.53671]},"AJo":{"weight":1.0,"played":[0.0,1.0],"evs":[0.0,4.7286]},"Q2s":{"weight":1.0,"played":[1.0,0.0],"evs":[0.0,-0.34134]},"Q3s":{"weight":1.0,"played":[1.0,0.0],"evs":[0.0,-0.26979]},"Q4s":{"weight":1.0,"played":[1.0,0.0],"evs":[0.0,-0.21975]},"Q5s":{"weight":1.0,"played":[0.9992,8.0E-4],"evs":[0.0,-0.0906]},"Q6s":{"weight":1.0,"played":[0.0425,0.9575],"evs":[0.0,0.02961]},"Q7s":{"weight":1.0,"played":[0.0014,0.9986],"evs":[0.0,0.06885]},"Q8s":{"weight":1.0,"played":[0.0,1.0],"evs":[0.0,0.39794]},"Q9s":{"weight":1.0,"played":[0.0,1.0],"evs":[0.0,0.74836]},"QTs":{"weight":1.0,"played":[0.0,1.0],"evs":[0.0,1.25121]},"QJs":{"weight":1.0,"played":[0.0,1.0],"evs":[0.0,1.53689]},"QQ":{"weight":1.0,"played":[0.0,1.0],"evs":[0.0,7.21955]},"KQo":{"weight":1.0,"played":[0.0,1.0],"evs":[0.0,2.05945]},"AQo":{"weight":1.0,"played":[0.0,1.0],"evs":[0.0,5.43414]},"K2s":{"weight":1.0,"played":[0.0,1.0],"evs":[0.0,0.0819]},"K3s":{"weight":1.0,"played":[0.0,1.0],"evs":[0.0,0.17146]},"K4s":{"weight":1.0,"played":[0.0,1.0],"evs":[0.0,0.20579]},"K5s":{"weight":1.0,"played":[0.0,1.0],"evs":[0.0,0.34839]},"K6s":{"weight":1.0,"played":[0.0,1.0],"evs":[0.0,0.45582]},"K7s":{"weight":1.0,"played":[0.0,1.0],"evs":[0.0,0.56157]},"K8s":{"weight":1.0,"played":[0.0,1.0],"evs":[0.0,0.63117]},"K9s":{"weight":1.0,"played":[0.0,1.0],"evs":[0.0,0.996]},"KTs":{"weight":1.0,"played":[0.0,1.0],"evs":[0.0,1.65889]},"KJs":{"weight":1.0,"played":[0.0,1.0],"evs":[0.0,2.16966]},"KQs":{"weight":1.0,"played":[0.0,1.0],"evs":[0.0,2.64492]},"KK":{"weight":1.0,"played":[0.0,1.0],"evs":[0.0,8.20938]},"AKo":{"weight":1.0,"played":[0.0,1.0],"evs":[0.0,6.25762]},"A2s":{"weight":1.0,"played":[0.0,1.0],"evs":[0.0,1.43732]},"A3s":{"weight":1.0,"played":[0.0,1.0],"evs":[0.0,1.54117]},"A4s":{"weight":1.0,"played":[0.0,1.0],"evs":[0.0,1.65911]},"A5s":{"weight":1.0,"played":[0.0,1.0],"evs":[0.0,1.88275]},"A6s":{"weight":1.0,"played":[0.0,1.0],"evs":[0.0,1.94214]},"A7s":{"weight":1.0,"played":[0.0,1.0],"evs":[0.0,2.36176]},"A8s":{"weight":1.0,"played":[0.0,1.0],"evs":[0.0,2.86905]},"A9s":{"weight":1.0,"played":[0.0,1.0],"evs":[0.0,3.47828]},"ATs":{"weight":1.0,"played":[0.0,1.0],"evs":[0.0,4.45134]},"AJs":{"weight":1.0,"played":[0.0,1.0],"evs":[0.0,5.17826]},"AQs":{"weight":1.0,"played":[0.0,1.0],"evs":[0.0,5.84703]},"AKs":{"weight":1.0,"played":[0.0,1.0],"evs":[0.0,6.60839]},"AA":{"weight":1.0,"played":[0.0,1.0],"evs":[0.0,11.09067]}}}