{"player":0,"street":0,"children":2,"sequence":[{"player":0,"type":"R","amount":200000,"street":0},{"player":1,"type":"C","amount":200000,"street":0},{"player":2,"type":"F","amount":0,"street":0},{"player":3,"type":"R","amount":1565000,"street":0},{"player":4,"type":"F","amount":0,"street":0},{"player":5,"type":"C","amount":845000,"street":0}],"actions":[{"type":"F","amount":0,"node":391},{"type":"C","amount":1265000,"node":392}],"hands":{"22":{"weight":0.5835,"played":[0.8375,0.1625],"evs":[0.0,-1.88239]},"32o":{"weight":0.0,"played":[0.9994,6.0E-4],"evs":[0.0,-5.15844]},"42o":{"weight":0.0,"played":[1.0,0.0],"evs":[0.0,-5.28815]},"52o":{"weight":0.0,"played":[1.0,0.0],"evs":[0.0,-4.18242]},"62o":{"weight":0.0,"played":[1.0,0.0],"evs":[0.0,-4.78367]},"72o":{"weight":0.0,"played":[0.9997,3.0E-4],"evs":[0.0,-4.35618]},"82o":{"weight":0.0,"played":[1.0,0.0],"evs":[0.0,-5.36197]},"92o":{"weight":0.0,"played":[0.9992,8.0E-4],"evs":[0.0,-5.09926]},"T2o":{"weight":0.0,"played":[0.9992,8.0E-4],"evs":[0.0,-4.61217]},"J2o":{"weight":0.0,"played":[0.9972,0.0028],"evs":[0.0,-5.1729]},"Q2o":{"weight":0.0,"played":[0.9983,0.0017],"evs":[0.0,-5.68698]},"K2o":{"weight":0.0,"played":[0.9986,0.0014],"evs":[0.0,-4.44372]},"A2o":{"weight":0.0,"played":[0.9895,0.0105],"evs":[0.0,-2.28735]},"32s":{"weight":0.0,"played":[0.9807,0.0193],"evs":[0.0,-2.24189]},"33":{"weight":0.0026,"played":[0.4071,0.5929],"evs":[0.0,0.2842]},"43o":{"weight":0.0,"played":[0.9997,3.0E-4],"evs":[0.0,-3.36127]},"53o":{"weight":0.0,"played":[0.999,0.001],"evs":[0.0,-3.11955]},"63o":{"weight":0.0,"played":[1.0,0.0],"evs":[0.0,-4.02536]},"73o":{"weight":0.0,"played":[0.9999,1.0E-4],"evs":[0.0,-5.4834]},"83o":{"weight":0.0,"played":[0.9996,4.0E-4],"evs":[0.0,-3.84545]},"93o":{"weight":0.0,"played":[0.9999,1.0E-4],"evs":[0.0,-4.46576]},"T3o":{"weight":0.0,"played":[1.0,0.0],"evs":[0.0,-4.23784]},"J3o":{"weight":0.0,"played":[0.9985,0.0015],"evs":[0.0,-4.82181]},"Q3o":{"weight":0.0,"played":[0.9995,5.0E-4],"evs":[0.0,-4.50001]},"K3o":{"weight":0.0,"played":[0.9983,0.0017],"evs":[0.0,-3.71793]},"A3o":{"weight":0.0,"played":[0.9895,0.0105],"evs":[0.0,-0.92839]},"42s":{"weight":0.0,"played":[0.9927,0.0073],"evs":[0.0,-3.14133]},"43s":{"weight":0.0,"played":[0.9343,0.0657],"evs":[0.0,-3.33884]},"44":{"weight":0.1029,"played":[0.1404,0.8596],"evs":[0.0,0.87095]},"54o":{"weight":0.0,"played":[0.9884,0.0116],"evs":[0.0,-3.64793]},"64o":{"weight":0.0,"played":[0.9863,0.0137],"evs":[0.0,-3.0086]},"74o":{"weight":0.0,"played":[0.9998,2.0E-4],"evs":[0.0,-4.10444]},"84o":{"weight":0.0,"played":[0.9991,9.0E-4],"evs":[0.0,-3.55667]},"94o":{"weight":0.0,"played":[0.9998,2.0E-4],"evs":[0.0,-4.26103]},"T4o":{"weight":0.0,"played":[0.9899,0.0101],"evs":[0.0,-4.16472]},"J4o":{"weight":0.0,"played":[0.9977,0.0023],"evs":[0.0,-4.98167]},"Q4o":{"weight":0.0,"played":[1.0,0.0],"evs":[0.0,-5.09434]},"K4o":{"weight":0.0,"played":[0.9986,0.0014],"evs":[0.0,-4.10076]},"A4o":{"weight":0.0,"played":[0.9971,0.0029],"evs":[0.0,-4.19256]},"52s":{"weight":0.0,"played":[0.9992,8.0E-4],"evs":[0.0,-3.34107]},"53s":{"weight":0.0,"played":[0.9274,0.0726],"evs":[0.0,-2.29468]},"54s":{"weight":0.0,"played":[0.9915,0.0085],"evs":[0.0,-1.75835]},"55":{"weight":0.0,"played":[0.2007,0.7993],"evs":[0.0,-0.00737]},"65o":{"weight":0.0,"played":[0.8379,0.1621],"evs":[0.0,-1.63434]},"75o":{"weight":0.0,"played":[1.0,0.0],"evs":[0.0,-3.68246]},"85o":{"weight":0.0,"played":[0.9941,0.0059],"evs":[0.0,-3.05678]},"95o":{"weight":0.0,"played":[0.9978,0.0022],"evs":[0.0,-3.65808]},"T5o":{"weight":0.0,"played":[0.9995,5.0E-4],"evs":[0.0,-4.38157]},"J5o":{"weight":0.0,"played":[0.9977,0.0023],"evs":[0.0,-4.10893]},"Q5o":{"weight":0.0,"played":[0.9998,2.0E-4],"evs":[0.0,-4.19548]},"K5o":{"weight":0.0,"played":[0.9894,0.0106],"evs":[0.0,-3.5942]},"A5o":{"weight":0.0,"played":[0.957,0.043],"evs":[0.0,-2.70317]},"62s":{"weight":0.0,"played":[0.9998,2.0E-4],"evs":[0.0,-2.61058]},"63s":{"weight":0.0,"played":[0.9845,0.0155],"evs":[0.0,-1.73481]},"64s":{"weight":0.0,"played":[0.9845,0.0155],"evs":[0.0,-1.44242]},"65s":{"weight":0.0,"played":[0.9833,0.0167],"evs":[0.0,-0.96361]},"66":{"weight":0.0,"played":[0.2523,0.7477],"evs":[0.0,0.83564]},"76o":{"weight":0.0,"played":[0.9784,0.0216],"evs":[0.0,-1.77286]},"86o":{"weight":0.0,"played":[0.9886,0.0114],"evs":[0.0,-4.43949]},"96o":{"weight":0.0,"played":[0.99,0.01],"evs":[0.0,-3.67425]},"T6o":{"weight":0.0,"played":[0.9997,3.0E-4],"evs":[0.0,-2.91825]},"J6o":{"weight":0.0,"played":[0.9955,0.0045],"evs":[0.0,-5.47721]},"Q6o":{"weight":0.0,"played":[0.9987,0.0013],"evs":[0.0,-5.52348]},"K6o":{"weight":0.0,"played":[0.9992,8.0E-4],"evs":[0.0,-4.42252]},"A6o":{"weight":0.0,"played":[0.9748,0.0252],"evs":[0.0,-4.19603]},"72s":{"weight":0.0,"played":[0.9709,0.0291],"evs":[0.0,-3.9699]},"73s":{"weight":0.0,"played":[0.939,0.061],"evs":[0.0,-2.31311]},"74s":{"weight":0.0,"played":[0.9495,0.0505],"evs":[0.0,-4.56546]},"75s":{"weight":0.0,"played":[0.5919,0.4081],"evs":[0.0,-0.51046]},"76s":{"weight":0.0,"played":[0.2279,0.7721],"evs":[0.0,-0.50844]},"77":{"weight":0.0,"played":[0.0011,0.9989],"evs":[0.0,2.79942]},"87o":{"weight":0.0,"played":[0.9926,0.0074],"evs":[0.0,-2.56226]},"97o":{"weight":0.0,"played":[0.9974,0.0026],"evs":[0.0,-3.01277]},"T7o":{"weight":0.0,"played":[0.9728,0.0272],"evs":[0.0,-2.13632]},"J7o":{"weight":0.0,"played":[0.9999,1.0E-4],"evs":[0.0,-3.33447]},"Q7o":{"weight":0.0,"played":[0.9938,0.0062],"evs":[0.0,-3.47451]},"K7o":{"weight":0.0,"played":[0.9743,0.0257],"evs":[0.0,-4.29609]},"A7o":{"weight":0.0048,"played":[0.988,0.012],"evs":[0.0,-3.17082]},"82s":{"weight":0.0,"played":[0.8669,0.1331],"evs":[0.0,-2.16642]},"83s":{"weight":0.0,"played":[0.9992,8.0E-4],"evs":[0.0,-3.02763]},"84s":{"weight":0.0,"played":[0.9643,0.0357],"evs":[0.0,-0.58352]},"85s":{"weight":0.0,"played":[0.9929,0.0071],"evs":[0.0,-3.35122]},"86s":{"weight":0.0,"played":[0.6688,0.3312],"evs":[0.0,-1.74538]},"87s":{"weight":0.0,"played":[0.9924,0.0076],"evs":[0.0,-1.76797]},"88":{"weight":0.0211,"played":[0.0,1.0],"evs":[0.0,3.31418]},"98o":{"weight":0.0,"played":[0.9866,0.0134],"evs":[0.0,-3.01048]},"T8o":{"weight":0.0,"played":[0.9813,0.0187],"evs":[0.0,-0.33018]},"J8o":{"weight":0.0,"played":[0.9915,0.0085],"evs":[0.0,-3.17573]},"Q8o":{"weight":0.0,"played":[0.9982,0.0018],"evs":[0.0,-4.24397]},"K8o":{"weight":0.0,"played":[0.9962,0.0038],"evs":[0.0,-2.63329]},"A8o":{"weight":0.9997,"played":[0.9068,0.0932],"evs":[0.0,-1.48747]},"92s":{"weight":0.0,"played":[0.9924,0.0076],"evs":[0.0,-4.33793]},"93s":{"weight":0.0,"played":[0.8203,0.1797],"evs":[0.0,-1.58393]},"94s":{"weight":0.0,"played":[0.9948,0.0052],"evs":[0.0,-4.53097]},"95s":{"weight":0.0,"played":[0.9953,0.0047],"evs":[0.0,-2.70579]},"96s":{"weight":0.0,"played":[0.5623,0.4377],"evs":[0.0,0.40511]},"97s":{"weight":0.0,"played":[0.0306,0.9694],"evs":[0.0,2.75635]},"98s":{"weight":0.106,"played":[0.9155,0.0845],"evs":[0.0,-0.25503]},"99":{"weight":0.0,"played":[0.0,1.0],"evs":[0.0,6.51204]},"T9o":{"weight":0.0,"played":[0.7979,0.2021],"evs":[0.0,-0.42488]},"J9o":{"weight":0.0,"played":[0.9822,0.0178],"evs":[0.0,-2.2574]},"Q9o":{"weight":0.0,"played":[0.9949,0.0051],"evs":[0.0,-3.06959]},"K9o":{"weight":0.0,"played":[0.9827,0.0173],"evs":[0.0,-3.14799]},"A9o":{"weight":0.2578,"played":[0.7947,0.2053],"evs":[0.0,-1.53371]},"T2s":{"weight":0.0,"played":[0.2153,0.7847],"evs":[0.0,0.39927]},"T3s":{"weight":0.0,"played":[0.9319,0.0681],"evs":[0.0,-3.00055]},"T4s":{"weight":0.0,"played":[0.9669,0.0331],"evs":[0.0,-2.20272]},"T5s":{"weight":0.0,"played":[0.9851,0.0149],"evs":[0.0,-2.91804]},"T6s":{"weight":0.0,"played":[0.6451,0.3549],"evs":[0.0,-1.28345]},"T7s":{"weight":0.0,"played":[0.966,0.034],"evs":[0.0,-1.25399]},"T8s":{"weight":0.0,"played":[0.7228,0.2772],"evs":[0.0,-0.00764]},"T9s":{"weight":0.7069,"played":[0.2446,0.7554],"evs":[0.0,0.29236]},"TT":{"weight":0.8678,"played":[1.0E-4,0.9999],"evs":[0.0,6.98249]},"JTo":{"weight":0.0,"played":[0.9275,0.0725],"evs":[0.0,-1.44531]},"QTo":{"weight":0.0,"played":[0.371,0.629],"evs":[0.0,-0.97531]},"KTo":{"weight":0.6339,"played":[0.8038,0.1962],"evs":[0.0,-0.86398]},"ATo":{"weight":0.0,"played":[0.0,1.0],"evs":[0.0,1.17021]},"J2s":{"weight":0.0,"played":[0.998,0.002],"evs":[0.0,-2.85674]},"J3s":{"weight":0.0,"played":[0.9978,0.0022],"evs":[0.0,-3.38843]},"J4s":{"weight":0.0,"played":[0.8106,0.1894],"evs":[0.0,-3.31226]},"J5s":{"weight":0.0,"played":[0.7247,0.2753],"evs":[0.0,-2.07103]},"J6s":{"weight":0.0,"played":[0.7681,0.2319],"evs":[0.0,0.95722]},"J7s":{"weight":0.0,"played":[0.8989,0.1011],"evs":[0.0,-3.15186]},"J8s":{"weight":0.0,"played":[0.8554,0.1446],"evs":[0.0,-1.01802]},"J9s":{"weight":1.0,"played":[0.9066,0.0934],"evs":[0.0,-0.72946]},"JTs":{"weight":0.0,"played":[2.0E-4,0.9998],"evs":[0.0,2.1008]},"JJ":{"weight":1.0,"played":[1.0E-4,0.9999],"evs":[0.0,9.06331]},"QJo":{"weight":0.9993,"played":[0.9511,0.0489],"evs":[0.0,-2.1688]},"KJo":{"weight":0.2038,"played":[0.7659,0.2341],"evs":[0.0,-0.62993]},"AJo":{"weight":0.0,"played":[0.037,0.963],"evs":[0.0,0.51978]},"Q2s":{"weight":0.0,"played":[0.9633,0.0367],"evs":[0.0,-3.78063]},"Q3s":{"weight":0.0,"played":[0.9747,0.0253],"evs":[0.0,-4.53248]},"Q4s":{"weight":0.0,"played":[0.975,0.025],"evs":[0.0,-2.10808]},"Q5s":{"weight":0.0,"played":[0.448,0.552],"evs":[0.0,-0.52297]},"Q6s":{"weight":0.0,"played":[0.9974,0.0026],"evs":[0.0,-3.68277]},"Q7s":{"weight":0.0,"played":[0.5398,0.4602],"evs":[0.0,-2.3062]},"Q8s":{"weight":0.0,"played":[0.9033,0.0967],"evs":[0.0,-0.1413]},"Q9s":{"weight":0.9998,"played":[0.5336,0.4664],"evs":[0.0,-1.59084]},"QTs":{"weight":0.0,"played":[0.211,0.789],"evs":[0.0,-0.10845]},"QJs":{"weight":0.0,"played":[0.0169,0.9831],"evs":[0.0,0.76788]},"QQ":{"weight":1.0,"played":[0.0,1.0],"evs":[0.0,12.78609]},"KQo":{"weight":0.0,"played":[0.135,0.865],"evs":[0.0,1.18336]},"AQo":{"weight":0.0,"played":[0.0,1.0],"evs":[0.0,1.68757]},"K2s":{"weight":0.0,"played":[0.9943,0.0057],"evs":[0.0,-1.47199]},"K3s":{"weight":0.0,"played":[0.8818,0.1182],"evs":[0.0,-1.20165]},"K4s":{"weight":0.0,"played":[1.0,0.0],"evs":[0.0,-3.27271]},"K5s":{"weight":0.0,"played":[0.8533,0.1467],"evs":[0.0,-1.21963]},"K6s":{"weight":0.0,"played":[0.543,0.457],"evs":[0.0,-0.9006]},"K7s":{"weight":0.0,"played":[0.9958,0.0042],"evs":[0.0,-1.39277]},"K8s":{"weight":0.1697,"played":[0.6652,0.3348],"evs":[0.0,-2.51774]},"K9s":{"weight":0.98,"played":[0.382,0.618],"evs":[0.0,0.82649]},"KTs":{"weight":0.2716,"played":[0.5732,0.4268],"evs":[0.0,1.0818]},"KJs":{"weight":0.1682,"played":[0.5983,0.4017],"evs":[0.0,0.77231]},"KQs":{"weight":1.0E-4,"played":[0.3772,0.6228],"evs":[0.0,0.7754]},"KK":{"weight":1.0,"played":[0.0,1.0],"evs":[0.0,16.91386]},"AKo":{"weight":0.1586,"played":[0.0,1.0],"evs":[0.0,5.47197]},"A2s":{"weight":1.0,"played":[0.8705,0.1295],"evs":[0.0,-1.05665]},"A3s":{"weight":1.0,"played":[0.6783,0.3217],"evs":[0.0,-1.63822]},"A4s":{"weight":0.9993,"played":[0.4913,0.5087],"evs":[0.0,-0.36009]},"A5s":{"weight":0.0011,"played":[0.7365,0.2635],"evs":[0.0,-0.46044]},"A6s":{"weight":0.3289,"played":[0.8031,0.1969],"evs":[0.0,-1.56318]},"A7s":{"weight":0.7727,"played":[0.3377,0.6623],"evs":[0.0,-0.0306]},"A8s":{"weight":0.0406,"played":[0.3738,0.6262],"evs":[0.0,0.71343]},"A9s":{"weight":5.0E-4,"played":[0.3974,0.6026],"evs":[0.0,1.15879]},"ATs":{"weight":0.596,"played":[0.0,1.0],"evs":[0.0,1.91039]},"AJs":{"weight":0.3876,"played":[0.0014,0.9986],"evs":[0.0,4.01431]},"AQs":{"weight":0.9998,"played":[1.0E-4,0.9999],"evs":[0.0,3.666]},"AKs":{"weight":1.0,"played":[0.0039,0.9961],"evs":[0.0,8.21724]},"AA":{"weight":1.0,"played":[0.0,1.0],"evs":[0.0,24.19337]}}}