{"player":0,"street":0,"children":2,"sequence":[{"player":0,"type":"R","amount":200000,"street":0},{"player":1,"type":"C","amount":200000,"street":0},{"player":2,"type":"C","amount":200000,"street":0},{"player":3,"type":"F","amount":0,"street":0},{"player":4,"type":"F","amount":0,"street":0},{"player":5,"type":"R","amount":945000,"street":0},{"player":0,"type":"C","amount":745000,"street":0},{"player":1,"type":"F","amount":0,"street":0},{"player":2,"type":"R","amount":985000,"street":0}],"actions":[{"type":"F","amount":0},{"type":"C","amount":40000}],"hands":{"22":{"weight":0.2391,"played":[0.0223,0.9777],"evs":[0.0,11.89755]},"32o":{"weight":0.0,"played":[0.0176,0.9824],"evs":[0.0,12.74846]},"42o":{"weight":0.0,"played":[0.0,1.0],"evs":[0.0,5.74697]},"52o":{"weight":0.0,"played":[0.001,0.999],"evs":[0.0,6.28592]},"62o":{"weight":0.0,"played":[0.0043,0.9957],"evs":[0.0,6.44369]},"72o":{"weight":0.0,"played":[0.5046,0.4954],"evs":[0.0,0.01884]},"82o":{"weight":0.0,"played":[0.0054,0.9946],"evs":[0.0,0.38181]},"92o":{"weight":0.0,"played":[0.0,1.0],"evs":[0.0,2.76672]},"T2o":{"weight":0.0,"played":[0.0034,0.9966],"evs":[0.0,9.79705]},"J2o":{"weight":0.0,"played":[0.1372,0.8628],"evs":[0.0,3.63538]},"Q2o":{"weight":0.0,"played":[0.1069,0.8931],"evs":[0.0,13.28727]},"K2o":{"weight":0.0,"played":[0.0025,0.9975],"evs":[0.0,15.35822]},"A2o":{"weight":0.0,"played":[0.0,1.0],"evs":[0.0,11.3068]},"32s":{"weight":0.0,"played":[0.0544,0.9456],"evs":[0.0,20.00145]},"33":{"weight":2.0E-4,"played":[0.0,1.0],"evs":[0.0,10.53285]},"43o":{"weight":0.0,"played":[0.0,1.0],"evs":[0.0,12.41176]},"53o":{"weight":0.0,"played":[0.5153,0.4847],"evs":[0.0,2.7664]},"63o":{"weight":0.0,"played":[0.1079,0.8921],"evs":[0.0,4.38595]},"73o":{"weight":0.0,"played":[0.1178,0.8822],"evs":[0.0,5.61366]},"83o":{"weight":0.0,"played":[0.0017,0.9983],"evs":[0.0,11.35466]},"93o":{"weight":0.0,"played":[0.077,0.923],"evs":[0.0,7.82937]},"T3o":{"weight":0.0,"played":[0.006,0.994],"evs":[0.0,5.24477]},"J3o":{"weight":0.0,"played":[0.0045,0.9955],"evs":[0.0,9.06051]},"Q3o":{"weight":0.0,"played":[0.0,1.0],"evs":[0.0,11.04101]},"K3o":{"weight":0.0,"played":[0.0665,0.9335],"evs":[0.0,9.26469]},"A3o":{"weight":0.0,"played":[0.002,0.998],"evs":[0.0,13.41963]},"42s":{"weight":0.0,"played":[0.5362,0.4638],"evs":[0.0,0.14532]},"43s":{"weight":0.0,"played":[0.5441,0.4559],"evs":[0.0,13.68497]},"44":{"weight":0.0699,"played":[0.0,1.0],"evs":[0.0,11.06433]},"54o":{"weight":0.0,"played":[0.0054,0.9946],"evs":[0.0,12.3698]},"64o":{"weight":0.0,"played":[0.0086,0.9914],"evs":[0.0,12.16674]},"74o":{"weight":0.0,"played":[0.0141,0.9859],"evs":[0.0,10.30017]},"84o":{"weight":0.0,"played":[0.0481,0.9519],"evs":[0.0,10.33327]},"94o":{"weight":0.0,"played":[0.0178,0.9822],"evs":[0.0,9.99675]},"T4o":{"weight":0.0,"played":[0.0134,0.9866],"evs":[0.0,6.16639]},"J4o":{"weight":0.0,"played":[0.0,1.0],"evs":[0.0,16.59156]},"Q4o":{"weight":0.0,"played":[0.0023,0.9977],"evs":[0.0,3.75786]},"K4o":{"weight":0.0,"played":[0.147,0.853],"evs":[0.0,6.35184]},"A4o":{"weight":0.0,"played":[0.0241,0.9759],"evs":[0.0,15.44164]},"52s":{"weight":0.0,"played":[0.0025,0.9975],"evs":[0.0,4.62617]},"53s":{"weight":0.0,"played":[0.0,1.0],"evs":[0.0,9.24684]},"54s":{"weight":0.0,"played":[0.0623,0.9377],"evs":[0.0,10.03467]},"55":{"weight":0.0,"played":[0.0122,0.9878],"evs":[0.0,5.46849]},"65o":{"weight":0.0,"played":[0.0,1.0],"evs":[0.0,14.10153]},"75o":{"weight":0.0,"played":[0.0,1.0],"evs":[0.0,10.31121]},"85o":{"weight":0.0,"played":[0.0058,0.9942],"evs":[0.0,12.37953]},"95o":{"weight":0.0,"played":[0.0032,0.9968],"evs":[0.0,2.48997]},"T5o":{"weight":0.0,"played":[0.0,1.0],"evs":[0.0,9.91443]},"J5o":{"weight":0.0,"played":[0.0315,0.9685],"evs":[0.0,9.22553]},"Q5o":{"weight":0.0,"played":[0.0899,0.9101],"evs":[0.0,11.10475]},"K5o":{"weight":0.0,"played":[0.0154,0.9846],"evs":[0.0,6.39625]},"A5o":{"weight":0.0,"played":[0.0,1.0],"evs":[0.0,9.7471]},"62s":{"weight":0.0,"played":[0.0302,0.9698],"evs":[0.0,2.04215]},"63s":{"weight":0.0,"played":[0.0,1.0],"evs":[0.0,5.79676]},"64s":{"weight":0.0,"played":[0.0058,0.9942],"evs":[0.0,7.72484]},"65s":{"weight":0.0,"played":[0.0177,0.9823],"evs":[0.0,3.82934]},"66":{"weight":0.0,"played":[0.0,1.0],"evs":[0.0,10.71994]},"76o":{"weight":0.0,"played":[0.0,1.0],"evs":[0.0,10.45347]},"86o":{"weight":0.0,"played":[0.0,1.0],"evs":[0.0,5.96848]},"96o":{"weight":0.0,"played":[0.2037,0.7963],"evs":[0.0,15.63556]},"T6o":{"weight":0.0,"played":[0.0,1.0],"evs":[0.0,6.42825]},"J6o":{"weight":0.0,"played":[0.034,0.966],"evs":[0.0,10.18902]},"Q6o":{"weight":0.0,"played":[0.1797,0.8203],"evs":[0.0,1.54939]},"K6o":{"weight":0.0,"played":[4.0E-4,0.9996],"evs":[0.0,5.123]},"A6o":{"weight":0.0,"played":[0.0,1.0],"evs":[0.0,15.05997]},"72s":{"weight":0.0,"played":[0.9802,0.0198],"evs":[0.0,-0.45257]},"73s":{"weight":0.0,"played":[0.0,1.0],"evs":[0.0,11.92682]},"74s":{"weight":0.0,"played":[0.8439,0.1561],"evs":[0.0,0.12188]},"75s":{"weight":0.0,"played":[0.0108,0.9892],"evs":[0.0,2.52868]},"76s":{"weight":0.0,"played":[0.4242,0.5758],"evs":[0.0,6.82222]},"77":{"weight":0.0,"played":[0.0,1.0],"evs":[0.0,11.20677]},"87o":{"weight":0.0,"played":[0.0,1.0],"evs":[0.0,2.23088]},"97o":{"weight":0.0,"played":[0.0039,0.9961],"evs":[0.0,21.9384]},"T7o":{"weight":0.0,"played":[0.005,0.995],"evs":[0.0,11.65835]},"J7o":{"weight":0.0,"played":[0.0,1.0],"evs":[0.0,3.39335]},"Q7o":{"weight":0.0,"played":[0.0,1.0],"evs":[0.0,11.07818]},"K7o":{"weight":0.0,"played":[0.0,1.0],"evs":[0.0,8.86985]},"A7o":{"weight":0.0023,"played":[0.0035,0.9965],"evs":[0.0,15.42041]},"82s":{"weight":0.0,"played":[0.7138,0.2862],"evs":[0.0,0.23336]},"83s":{"weight":0.0,"played":[0.0052,0.9948],"evs":[0.0,12.53077]},"84s":{"weight":0.0,"played":[0.026,0.974],"evs":[0.0,12.16045]},"85s":{"weight":0.0,"played":[0.0575,0.9425],"evs":[0.0,17.49811]},"86s":{"weight":0.0,"played":[0.0,1.0],"evs":[0.0,7.40167]},"87s":{"weight":0.0,"played":[0.0564,0.9436],"evs":[0.0,3.05558]},"88":{"weight":0.0063,"played":[0.0,1.0],"evs":[0.0,12.07198]},"98o":{"weight":0.0,"played":[0.0063,0.9937],"evs":[0.0,6.57859]},"T8o":{"weight":0.0,"played":[0.0075,0.9925],"evs":[0.0,7.86646]},"J8o":{"weight":0.0,"played":[0.0558,0.9442],"evs":[0.0,9.39432]},"Q8o":{"weight":0.0,"played":[0.0053,0.9947],"evs":[0.0,8.75468]},"K8o":{"weight":0.0,"played":[0.0036,0.9964],"evs":[0.0,6.81136]},"A8o":{"weight":0.0839,"played":[0.0,1.0],"evs":[0.0,8.83687]},"92s":{"weight":0.0,"played":[0.3245,0.6755],"evs":[0.0,1.81195]},"93s":{"weight":0.0,"played":[0.0207,0.9793],"evs":[0.0,5.53575]},"94s":{"weight":0.0,"played":[0.0,1.0],"evs":[0.0,2.53613]},"95s":{"weight":0.0,"played":[0.2361,0.7639],"evs":[0.0,5.91677]},"96s":{"weight":0.0,"played":[0.9789,0.0211],"evs":[0.0,-0.45263]},"97s":{"weight":0.0,"played":[0.0682,0.9318],"evs":[0.0,9.68523]},"98s":{"weight":0.0219,"played":[0.0,1.0],"evs":[0.0,16.08868]},"99":{"weight":0.0,"played":[0.0,1.0],"evs":[0.0,8.48285]},"T9o":{"weight":0.0,"played":[0.0443,0.9557],"evs":[0.0,13.10983]},"J9o":{"weight":0.0,"played":[0.004,0.996],"evs":[0.0,6.27954]},"Q9o":{"weight":0.0,"played":[0.0383,0.9617],"evs":[0.0,10.66718]},"K9o":{"weight":0.0,"played":[0.0,1.0],"evs":[0.0,9.15024]},"A9o":{"weight":0.0853,"played":[0.001,0.999],"evs":[0.0,14.08185]},"T2s":{"weight":0.0,"played":[0.0047,0.9953],"evs":[0.0,7.31272]},"T3s":{"weight":0.0,"played":[0.9069,0.0931],"evs":[0.0,-0.45263]},"T4s":{"weight":0.0,"played":[0.0042,0.9958],"evs":[0.0,11.51557]},"T5s":{"weight":0.0,"played":[0.0254,0.9746],"evs":[0.0,13.0531]},"T6s":{"weight":0.0,"played":[0.1016,0.8984],"evs":[0.0,13.27398]},"T7s":{"weight":0.0,"played":[0.0736,0.9264],"evs":[0.0,17.34998]},"T8s":{"weight":0.0,"played":[0.4015,0.5985],"evs":[0.0,8.3192]},"T9s":{"weight":0.043,"played":[0.0681,0.9319],"evs":[0.0,10.44506]},"TT":{"weight":0.0012,"played":[0.0,1.0],"evs":[0.0,16.99493]},"JTo":{"weight":0.0,"played":[0.0,1.0],"evs":[0.0,12.17124]},"QTo":{"weight":0.0,"played":[0.0,1.0],"evs":[0.0,18.2886]},"KTo":{"weight":0.3578,"played":[0.0114,0.9886],"evs":[0.0,13.26391]},"ATo":{"weight":0.0,"played":[0.005,0.995],"evs":[0.0,13.5626]},"J2s":{"weight":0.0,"played":[0.028,0.972],"evs":[0.0,7.21077]},"J3s":{"weight":0.0,"played":[0.0,1.0],"evs":[0.0,19.61496]},"J4s":{"weight":0.0,"played":[0.0212,0.9788],"evs":[0.0,18.90462]},"J5s":{"weight":0.0,"played":[0.071,0.929],"evs":[0.0,20.26396]},"J6s":{"weight":0.0,"played":[0.0,1.0],"evs":[0.0,19.39566]},"J7s":{"weight":0.0,"played":[0.1001,0.8999],"evs":[0.0,7.60165]},"J8s":{"weight":0.0,"played":[0.0048,0.9952],"evs":[0.0,5.61331]},"J9s":{"weight":0.2156,"played":[0.059,0.941],"evs":[0.0,6.67411]},"JTs":{"weight":0.0,"played":[4.0E-4,0.9996],"evs":[0.0,13.41059]},"JJ":{"weight":3.0E-4,"played":[0.0,1.0],"evs":[0.0,21.10988]},"QJo":{"weight":0.7681,"played":[0.0239,0.9761],"evs":[0.0,8.31971]},"KJo":{"weight":0.0058,"played":[0.0023,0.9977],"evs":[0.0,11.57603]},"AJo":{"weight":0.0,"played":[0.0062,0.9938],"evs":[0.0,16.50828]},"Q2s":{"weight":0.0,"played":[0.2543,0.7457],"evs":[0.0,3.48829]},"Q3s":{"weight":0.0,"played":[0.8895,0.1105],"evs":[0.0,-0.4526]},"Q4s":{"weight":0.0,"played":[0.0107,0.9893],"evs":[0.0,10.45415]},"Q5s":{"weight":0.0,"played":[0.08,0.92],"evs":[0.0,0.1721]},"Q6s":{"weight":0.0,"played":[0.0094,0.9906],"evs":[0.0,1.04652]},"Q7s":{"weight":0.0,"played":[0.0,1.0],"evs":[0.0,0.52729]},"Q8s":{"weight":0.0,"played":[0.0,1.0],"evs":[0.0,11.89466]},"Q9s":{"weight":0.8217,"played":[0.0025,0.9975],"evs":[0.0,6.29022]},"QTs":{"weight":0.0,"played":[0.0068,0.9932],"evs":[0.0,14.37619]},"QJs":{"weight":0.0,"played":[0.0,1.0],"evs":[0.0,12.36954]},"QQ":{"weight":0.9313,"played":[0.0,1.0],"evs":[0.0,21.21865]},"KQo":{"weight":0.0,"played":[0.0033,0.9967],"evs":[0.0,12.4592]},"AQo":{"weight":0.0,"played":[0.0291,0.9709],"evs":[0.0,19.48732]},"K2s":{"weight":0.0,"played":[0.0066,0.9934],"evs":[0.0,16.18173]},"K3s":{"weight":0.0,"played":[1.0,0.0],"evs":[0.0,-0.45267]},"K4s":{"weight":0.0,"played":[0.9157,0.0843],"evs":[0.0,6.9774]},"K5s":{"weight":0.0,"played":[0.9783,0.0217],"evs":[0.0,-0.45268]},"K6s":{"weight":0.0,"played":[0.174,0.826],"evs":[0.0,14.50749]},"K7s":{"weight":0.0,"played":[0.0,1.0],"evs":[0.0,21.26905]},"K8s":{"weight":0.0552,"played":[0.0,1.0],"evs":[0.0,17.26204]},"K9s":{"weight":0.3695,"played":[0.0223,0.9777],"evs":[0.0,9.67163]},"KTs":{"weight":0.082,"played":[0.0329,0.9671],"evs":[0.0,23.68103]},"KJs":{"weight":7.0E-4,"played":[0.5369,0.4631],"evs":[0.0,17.24977]},"KQs":{"weight":0.0,"played":[0.185,0.815],"evs":[0.0,13.98505]},"KK":{"weight":0.0131,"played":[0.0117,0.9883],"evs":[0.0,29.52048]},"AKo":{"weight":1.0E-4,"played":[0.0071,0.9929],"evs":[0.0,16.82001]},"A2s":{"weight":0.1033,"played":[0.0146,0.9854],"evs":[0.0,10.39752]},"A3s":{"weight":0.0016,"played":[0.0,1.0],"evs":[0.0,13.62181]},"A4s":{"weight":0.138,"played":[0.0058,0.9942],"evs":[0.0,9.18025]},"A5s":{"weight":3.0E-4,"played":[0.0306,0.9694],"evs":[0.0,25.17103]},"A6s":{"weight":0.1174,"played":[0.0685,0.9315],"evs":[0.0,15.7953]},"A7s":{"weight":0.3723,"played":[0.3107,0.6893],"evs":[0.0,14.75089]},"A8s":{"weight":1.0E-4,"played":[0.0103,0.9897],"evs":[0.0,19.94757]},"A9s":{"weight":3.0E-4,"played":[0.0,1.0],"evs":[0.0,18.05476]},"ATs":{"weight":0.2241,"played":[0.0448,0.9552],"evs":[0.0,20.65436]},"AJs":{"weight":7.0E-4,"played":[0.0,1.0],"evs":[0.0,20.52412]},"AQs":{"weight":0.008,"played":[0.0,1.0],"evs":[0.0,17.36739]},"AKs":{"weight":0.2775,"played":[0.0636,0.9364],"evs":[0.0,4.65765]},"AA":{"weight":0.4542,"played":[0.0,1.0],"evs":[0.0,28.65005]}}}