{"player":1,"street":0,"children":2,"sequence":[{"player":0,"type":"R","amount":200000,"street":0},{"player":1,"type":"C","amount":200000,"street":0},{"player":2,"type":"C","amount":200000,"street":0},{"player":3,"type":"F","amount":0,"street":0},{"player":4,"type":"R","amount":1465000,"street":0},{"player":5,"type":"F","amount":0,"street":0},{"player":0,"type":"F","amount":0,"street":0}],"actions":[{"type":"F","amount":0,"node":418},{"type":"C","amount":585000,"node":419}],"hands":{"22":{"weight":0.0,"played":[0.3927,0.6073],"evs":[0.0,1.85102]},"32o":{"weight":0.0,"played":[0.9927,0.0073],"evs":[0.0,-0.74715]},"42o":{"weight":0.0,"played":[0.4646,0.5354],"evs":[0.0,0.51864]},"52o":{"weight":0.0,"played":[0.9584,0.0416],"evs":[0.0,-0.48254]},"62o":{"weight":0.0,"played":[0.9993,7.0E-4],"evs":[0.0,-1.45556]},"72o":{"weight":0.0,"played":[0.9918,0.0082],"evs":[0.0,-1.54477]},"82o":{"weight":0.0,"played":[0.9844,0.0156],"evs":[0.0,-1.52321]},"92o":{"weight":0.0,"played":[0.9801,0.0199],"evs":[0.0,-2.07575]},"T2o":{"weight":0.0,"played":[0.9834,0.0166],"evs":[0.0,-1.43667]},"J2o":{"weight":0.0,"played":[0.9929,0.0071],"evs":[0.0,-1.77987]},"Q2o":{"weight":0.0,"played":[0.9637,0.0363],"evs":[0.0,-2.55307]},"K2o":{"weight":0.0,"played":[0.9439,0.0561],"evs":[0.0,-2.05311]},"A2o":{"weight":0.0,"played":[0.0529,0.9471],"evs":[0.0,2.42604]},"32s":{"weight":0.0,"played":[0.0441,0.9559],"evs":[0.0,1.85461]},"33":{"weight":0.0,"played":[0.1712,0.8288],"evs":[0.0,2.25687]},"43o":{"weight":0.0,"played":[0.5039,0.4961],"evs":[0.0,0.29742]},"53o":{"weight":0.0,"played":[0.3099,0.6901],"evs":[0.0,0.17621]},"63o":{"weight":0.0,"played":[0.6789,0.3211],"evs":[0.0,0.19899]},"73o":{"weight":0.0,"played":[0.9213,0.0787],"evs":[0.0,0.41256]},"83o":{"weight":0.0,"played":[0.9293,0.0707],"evs":[0.0,-0.44679]},"93o":{"weight":0.0,"played":[0.4707,0.5293],"evs":[0.0,1.31835]},"T3o":{"weight":0.0,"played":[0.3949,0.6051],"evs":[0.0,0.6493]},"J3o":{"weight":0.0,"played":[0.9687,0.0313],"evs":[0.0,-0.27747]},"Q3o":{"weight":0.0,"played":[0.7626,0.2374],"evs":[0.0,-2.70333]},"K3o":{"weight":0.0,"played":[0.8345,0.1655],"evs":[0.0,-2.19162]},"A3o":{"weight":0.0,"played":[0.208,0.792],"evs":[0.0,1.33111]},"42s":{"weight":0.0,"played":[0.0404,0.9596],"evs":[0.0,0.7859]},"43s":{"weight":0.0,"played":[0.0705,0.9295],"evs":[0.0,1.14422]},"44":{"weight":0.0,"played":[0.0165,0.9835],"evs":[0.0,3.21146]},"54o":{"weight":0.0,"played":[0.4622,0.5378],"evs":[0.0,1.0277]},"64o":{"weight":0.0,"played":[0.0,1.0],"evs":[0.0,1.75273]},"74o":{"weight":0.0,"played":[0.6316,0.3684],"evs":[0.0,0.25139]},"84o":{"weight":0.0,"played":[0.7055,0.2945],"evs":[0.0,0.66076]},"94o":{"weight":0.0,"played":[0.7755,0.2245],"evs":[0.0,-0.14388]},"T4o":{"weight":0.0,"played":[0.9447,0.0553],"evs":[0.0,-2.03703]},"J4o":{"weight":0.0,"played":[0.1045,0.8955],"evs":[0.0,1.37636]},"Q4o":{"weight":0.0,"played":[0.5874,0.4126],"evs":[0.0,-0.39433]},"K4o":{"weight":0.0,"played":[0.8599,0.1401],"evs":[0.0,-1.11968]},"A4o":{"weight":0.0,"played":[0.0,1.0],"evs":[0.0,2.13188]},"52s":{"weight":0.0,"played":[0.4557,0.5443],"evs":[0.0,-0.56635]},"53s":{"weight":0.0,"played":[0.4783,0.5217],"evs":[0.0,0.96267]},"54s":{"weight":0.0,"played":[0.1375,0.8625],"evs":[0.0,1.52271]},"55":{"weight":0.0,"played":[0.053,0.947],"evs":[0.0,2.7265]},"65o":{"weight":0.0,"played":[0.1352,0.8648],"evs":[0.0,2.01428]},"75o":{"weight":0.0,"played":[0.0878,0.9122],"evs":[0.0,0.81249]},"85o":{"weight":0.0,"played":[0.4762,0.5238],"evs":[0.0,0.33213]},"95o":{"weight":0.0,"played":[0.3378,0.6622],"evs":[0.0,0.89715]},"T5o":{"weight":0.0,"played":[0.8846,0.1154],"evs":[0.0,-0.5965]},"J5o":{"weight":0.0,"played":[0.862,0.138],"evs":[0.0,-0.54835]},"Q5o":{"weight":0.0,"played":[0.5216,0.4784],"evs":[0.0,-0.3959]},"K5o":{"weight":0.0,"played":[0.9904,0.0096],"evs":[0.0,-0.61221]},"A5o":{"weight":0.0,"played":[0.0,1.0],"evs":[0.0,1.63189]},"62s":{"weight":0.0,"played":[0.4722,0.5278],"evs":[0.0,-0.83384]},"63s":{"weight":0.0,"played":[0.7135,0.2865],"evs":[0.0,-0.54894]},"64s":{"weight":0.0,"played":[0.101,0.899],"evs":[0.0,1.97854]},"65s":{"weight":0.0,"played":[0.0388,0.9612],"evs":[0.0,1.0811]},"66":{"weight":0.282,"played":[0.0,1.0],"evs":[0.0,3.79394]},"76o":{"weight":0.0,"played":[4.0E-4,0.9996],"evs":[0.0,1.12066]},"86o":{"weight":0.0,"played":[0.6924,0.3076],"evs":[0.0,-0.12529]},"96o":{"weight":0.0,"played":[0.9853,0.0147],"evs":[0.0,-1.02185]},"T6o":{"weight":0.0,"played":[0.9779,0.0221],"evs":[0.0,-1.53178]},"J6o":{"weight":0.0,"played":[0.8202,0.1798],"evs":[0.0,-0.24189]},"Q6o":{"weight":0.0,"played":[0.7049,0.2951],"evs":[0.0,-0.38885]},"K6o":{"weight":0.0,"played":[0.5043,0.4957],"evs":[0.0,-0.71318]},"A6o":{"weight":0.0,"played":[0.0518,0.9482],"evs":[0.0,2.30952]},"72s":{"weight":0.0,"played":[0.5845,0.4155],"evs":[0.0,1.0264]},"73s":{"weight":0.0,"played":[0.4985,0.5015],"evs":[0.0,0.15614]},"74s":{"weight":0.0,"played":[0.1112,0.8888],"evs":[0.0,1.98232]},"75s":{"weight":0.0,"played":[0.0,1.0],"evs":[0.0,2.55777]},"76s":{"weight":0.0,"played":[0.0372,0.9628],"evs":[0.0,0.49708]},"77":{"weight":0.0659,"played":[0.0411,0.9589],"evs":[0.0,5.32534]},"87o":{"weight":0.0,"played":[0.0274,0.9726],"evs":[0.0,0.76184]},"97o":{"weight":0.0,"played":[0.402,0.598],"evs":[0.0,0.93237]},"T7o":{"weight":0.0,"played":[0.5511,0.4489],"evs":[0.0,-0.2536]},"J7o":{"weight":0.0,"played":[0.1149,0.8851],"evs":[0.0,0.96078]},"Q7o":{"weight":0.0,"played":[0.8077,0.1923],"evs":[0.0,-0.3629]},"K7o":{"weight":0.0,"played":[0.7426,0.2574],"evs":[0.0,-0.7379]},"A7o":{"weight":0.0,"played":[0.0545,0.9455],"evs":[0.0,2.48549]},"82s":{"weight":0.0,"played":[0.1054,0.8946],"evs":[0.0,1.41991]},"83s":{"weight":0.0,"played":[0.2452,0.7548],"evs":[0.0,0.50893]},"84s":{"weight":0.0,"played":[0.2436,0.7564],"evs":[0.0,1.48681]},"85s":{"weight":0.0,"played":[0.2323,0.7677],"evs":[0.0,1.22573]},"86s":{"weight":0.0,"played":[0.2491,0.7509],"evs":[0.0,1.61865]},"87s":{"weight":0.0,"played":[2.0E-4,0.9998],"evs":[0.0,1.86465]},"88":{"weight":0.0228,"played":[1.0E-4,0.9999],"evs":[0.0,5.96149]},"98o":{"weight":0.0,"played":[0.4647,0.5353],"evs":[0.0,0.70236]},"T8o":{"weight":0.0,"played":[0.0692,0.9308],"evs":[0.0,1.56683]},"J8o":{"weight":0.0,"played":[0.0286,0.9714],"evs":[0.0,1.01572]},"Q8o":{"weight":0.0,"played":[0.4954,0.5046],"evs":[0.0,-1.4474]},"K8o":{"weight":0.0,"played":[0.9527,0.0473],"evs":[0.0,-2.31059]},"A8o":{"weight":0.0,"played":[0.0426,0.9574],"evs":[0.0,3.08988]},"92s":{"weight":0.0,"played":[0.9977,0.0023],"evs":[0.0,-2.82276]},"93s":{"weight":0.0,"played":[0.1103,0.8897],"evs":[0.0,0.92122]},"94s":{"weight":0.0,"played":[0.8799,0.1201],"evs":[0.0,-0.27922]},"95s":{"weight":0.0,"played":[0.0218,0.9782],"evs":[0.0,1.79102]},"96s":{"weight":0.0,"played":[0.5146,0.4854],"evs":[0.0,-1.302]},"97s":{"weight":0.0,"played":[0.0433,0.9567],"evs":[0.0,3.08241]},"98s":{"weight":0.0,"played":[0.0212,0.9788],"evs":[0.0,2.19773]},"99":{"weight":0.0,"played":[2.0E-4,0.9998],"evs":[0.0,5.33858]},"T9o":{"weight":0.0,"played":[0.0806,0.9194],"evs":[0.0,0.81416]},"J9o":{"weight":0.0,"played":[0.3077,0.6923],"evs":[0.0,-0.02474]},"Q9o":{"weight":0.0,"played":[0.1464,0.8536],"evs":[0.0,0.47911]},"K9o":{"weight":0.0,"played":[0.2528,0.7472],"evs":[0.0,-0.61272]},"A9o":{"weight":0.0,"played":[0.0,1.0],"evs":[0.0,1.67803]},"T2s":{"weight":0.0,"played":[0.9026,0.0974],"evs":[0.0,-1.6843]},"T3s":{"weight":0.0,"played":[0.3543,0.6457],"evs":[0.0,0.49784]},"T4s":{"weight":0.0,"played":[0.5643,0.4357],"evs":[0.0,0.3955]},"T5s":{"weight":0.0,"played":[0.0028,0.9972],"evs":[0.0,1.73177]},"T6s":{"weight":0.0,"played":[8.0E-4,0.9992],"evs":[0.0,1.2995]},"T7s":{"weight":0.0,"played":[0.0668,0.9332],"evs":[0.0,2.36288]},"T8s":{"weight":0.0,"played":[0.1493,0.8507],"evs":[0.0,0.30694]},"T9s":{"weight":0.0,"played":[0.1019,0.8981],"evs":[0.0,4.18639]},"TT":{"weight":3.0E-4,"played":[2.0E-4,0.9998],"evs":[0.0,7.48065]},"JTo":{"weight":0.0,"played":[8.0E-4,0.9992],"evs":[0.0,0.6197]},"QTo":{"weight":0.0,"played":[0.8409,0.1591],"evs":[0.0,-0.77964]},"KTo":{"weight":0.0,"played":[0.6802,0.3198],"evs":[0.0,-1.16565]},"ATo":{"weight":0.0,"played":[0.0188,0.9812],"evs":[0.0,3.51668]},"J2s":{"weight":0.0,"played":[0.5327,0.4673],"evs":[0.0,1.03475]},"J3s":{"weight":0.0,"played":[0.5411,0.4589],"evs":[0.0,1.31418]},"J4s":{"weight":0.0,"played":[0.1398,0.8602],"evs":[0.0,1.04179]},"J5s":{"weight":0.0,"played":[0.0016,0.9984],"evs":[0.0,3.60375]},"J6s":{"weight":0.0,"played":[0.5836,0.4164],"evs":[0.0,-0.39622]},"J7s":{"weight":0.0,"played":[0.0326,0.9674],"evs":[0.0,1.66542]},"J8s":{"weight":0.0,"played":[0.4093,0.5907],"evs":[0.0,0.78565]},"J9s":{"weight":0.0,"played":[0.2674,0.7326],"evs":[0.0,1.42298]},"JTs":{"weight":0.0,"played":[0.2126,0.7874],"evs":[0.0,1.3564]},"JJ":{"weight":0.0,"played":[1.0E-4,0.9999],"evs":[0.0,5.44982]},"QJo":{"weight":0.0,"played":[0.0108,0.9892],"evs":[0.0,0.95983]},"KJo":{"weight":0.0,"played":[0.2758,0.7242],"evs":[0.0,0.15948]},"AJo":{"weight":0.0,"played":[0.0,1.0],"evs":[0.0,4.78771]},"Q2s":{"weight":0.0,"played":[0.6374,0.3626],"evs":[0.0,0.66662]},"Q3s":{"weight":0.0,"played":[0.2737,0.7263],"evs":[0.0,1.37311]},"Q4s":{"weight":0.0,"played":[0.672,0.328],"evs":[0.0,-0.88877]},"Q5s":{"weight":0.0,"played":[0.6894,0.3106],"evs":[0.0,-1.18933]},"Q6s":{"weight":0.0,"played":[7.0E-4,0.9993],"evs":[0.0,-0.04399]},"Q7s":{"weight":0.0,"played":[0.6604,0.3396],"evs":[0.0,0.80133]},"Q8s":{"weight":0.0,"played":[0.0039,0.9961],"evs":[0.0,0.80187]},"Q9s":{"weight":0.0,"played":[0.1767,0.8233],"evs":[0.0,2.24427]},"QTs":{"weight":0.0,"played":[0.0,1.0],"evs":[0.0,1.73463]},"QJs":{"weight":0.2507,"played":[0.43,0.57],"evs":[0.0,0.23134]},"QQ":{"weight":0.0,"played":[0.0017,0.9983],"evs":[0.0,7.31497]},"KQo":{"weight":0.0473,"played":[8.0E-4,0.9992],"evs":[0.0,2.17345]},"AQo":{"weight":0.0,"played":[1.0E-4,0.9999],"evs":[0.0,5.83586]},"K2s":{"weight":0.0,"played":[0.5272,0.4728],"evs":[0.0,-0.20037]},"K3s":{"weight":0.0,"played":[0.587,0.413],"evs":[0.0,-0.71119]},"K4s":{"weight":0.0,"played":[0.0538,0.9462],"evs":[0.0,1.30525]},"K5s":{"weight":0.0,"played":[0.1049,0.8951],"evs":[0.0,1.49083]},"K6s":{"weight":0.0,"played":[0.0115,0.9885],"evs":[0.0,1.04951]},"K7s":{"weight":0.0,"played":[0.3519,0.6481],"evs":[0.0,-0.23489]},"K8s":{"weight":0.0,"played":[0.225,0.775],"evs":[0.0,-0.89241]},"K9s":{"weight":0.0,"played":[0.109,0.891],"evs":[0.0,2.44411]},"KTs":{"weight":0.0024,"played":[0.1244,0.8756],"evs":[0.0,1.84144]},"KJs":{"weight":0.1613,"played":[0.0066,0.9934],"evs":[0.0,3.46253]},"KQs":{"weight":0.082,"played":[8.0E-4,0.9992],"evs":[0.0,5.10894]},"KK":{"weight":0.0,"played":[0.0,1.0],"evs":[0.0,13.81637]},"AKo":{"weight":0.0,"played":[0.0,1.0],"evs":[0.0,7.62741]},"A2s":{"weight":0.0,"played":[0.0204,0.9796],"evs":[0.0,3.62745]},"A3s":{"weight":0.0,"played":[0.0012,0.9988],"evs":[0.0,4.93615]},"A4s":{"weight":0.0,"played":[0.001,0.999],"evs":[0.0,3.5199]},"A5s":{"weight":0.0,"played":[0.0297,0.9703],"evs":[0.0,2.59713]},"A6s":{"weight":0.0,"played":[0.0801,0.9199],"evs":[0.0,4.284]},"A7s":{"weight":0.0,"played":[3.0E-4,0.9997],"evs":[0.0,4.22323]},"A8s":{"weight":0.0,"played":[0.0,1.0],"evs":[0.0,2.64437]},"A9s":{"weight":0.0,"played":[0.0029,0.9971],"evs":[0.0,6.18028]},"ATs":{"weight":0.0,"played":[0.0024,0.9976],"evs":[0.0,3.68602]},"AJs":{"weight":0.0,"played":[6.0E-4,0.9994],"evs":[0.0,5.4893]},"AQs":{"weight":0.0,"played":[2.0E-4,0.9998],"evs":[0.0,5.60265]},"AKs":{"weight":0.001,"played":[0.001,0.999],"evs":[0.0,7.03227]},"AA":{"weight":0.062,"played":[1.0E-4,0.9999],"evs":[0.0,15.25525]}}}