{"player":3,"street":0,"children":2,"sequence":[{"player":0,"type":"R","amount":200000,"street":0},{"player":1,"type":"C","amount":200000,"street":0},{"player":2,"type":"C","amount":200000,"street":0},{"player":3,"type":"R","amount":600000,"street":0},{"player":4,"type":"F","amount":0,"street":0},{"player":5,"type":"F","amount":0,"street":0},{"player":0,"type":"F","amount":0,"street":0},{"player":1,"type":"R","amount":785000,"street":0},{"player":2,"type":"C","amount":585000,"street":0}],"actions":[{"type":"F","amount":0},{"type":"C","amount":185000}],"hands":{"22":{"weight":0.0166,"played":[0.9795,0.0205],"evs":[0.0,-3.30057]},"32o":{"weight":0.0,"played":[1.0,0.0],"evs":[0.0,-3.41099]},"42o":{"weight":3.0E-4,"played":[0.6829,0.3171],"evs":[0.0,-1.4793]},"52o":{"weight":0.0,"played":[0.4286,0.5714],"evs":[0.0,-1.46536]},"62o":{"weight":0.0,"played":[0.9572,0.0428],"evs":[0.0,-2.67515]},"72o":{"weight":0.0,"played":[0.3284,0.6716],"evs":[0.0,5.59996]},"82o":{"weight":0.0,"played":[0.9584,0.0416],"evs":[0.0,-3.66257]},"92o":{"weight":1.0E-4,"played":[1.0,0.0],"evs":[0.0,-2.56073]},"T2o":{"weight":0.0,"played":[0.1858,0.8142],"evs":[0.0,11.44398]},"J2o":{"weight":0.0,"played":[1.0,0.0],"evs":[0.0,-2.35915]},"Q2o":{"weight":1.0E-4,"played":[0.9597,0.0403],"evs":[0.0,10.08819]},"K2o":{"weight":0.0012,"played":[0.9917,0.0083],"evs":[0.0,-0.08959]},"A2o":{"weight":0.025,"played":[0.4217,0.5783],"evs":[0.0,6.87832]},"32s":{"weight":0.0,"played":[1.0,0.0],"evs":[0.0,35.15828]},"33":{"weight":0.0296,"played":[1.0,0.0],"evs":[0.0,-3.62003]},"43o":{"weight":0.0,"played":[1.0,0.0],"evs":[0.0,-3.42704]},"53o":{"weight":0.0012,"played":[0.4911,0.5089],"evs":[0.0,-1.43131]},"63o":{"weight":2.0E-4,"played":[0.4435,0.5565],"evs":[0.0,10.55003]},"73o":{"weight":0.0,"played":[0.4672,0.5328],"evs":[0.0,2.48]},"83o":{"weight":2.0E-4,"played":[1.0,0.0],"evs":[0.0,-1.28869]},"93o":{"weight":0.0022,"played":[0.7158,0.2842],"evs":[0.0,-2.62732]},"T3o":{"weight":0.0102,"played":[1.0,0.0],"evs":[0.0,-1.99703]},"J3o":{"weight":0.0,"played":[0.8932,0.1068],"evs":[0.0,-3.61566]},"Q3o":{"weight":4.0E-4,"played":[0.0,1.0],"evs":[0.0,9.30155]},"K3o":{"weight":9.0E-4,"played":[0.6381,0.3619],"evs":[0.0,-2.00816]},"A3o":{"weight":0.002,"played":[0.5344,0.4656],"evs":[0.0,24.70115]},"42s":{"weight":2.0E-4,"played":[0.9231,0.0769],"evs":[0.0,-4.19152]},"43s":{"weight":0.0014,"played":[0.7997,0.2003],"evs":[0.0,-1.99381]},"44":{"weight":0.0173,"played":[1.0,0.0],"evs":[0.0,-2.00945]},"54o":{"weight":0.0,"played":[1.0,0.0],"evs":[0.0,-2.00945]},"64o":{"weight":1.0E-4,"played":[0.3476,0.6524],"evs":[0.0,13.16424]},"74o":{"weight":0.0,"played":[0.8457,0.1543],"evs":[0.0,-3.26698]},"84o":{"weight":0.0,"played":[1.0,0.0],"evs":[0.0,1.8348]},"94o":{"weight":6.0E-4,"played":[0.5123,0.4877],"evs":[0.0,1.37717]},"T4o":{"weight":0.0022,"played":[0.2751,0.7249],"evs":[0.0,2.95579]},"J4o":{"weight":0.0018,"played":[0.5088,0.4912],"evs":[0.0,-1.92324]},"Q4o":{"weight":0.02,"played":[0.4455,0.5545],"evs":[0.0,2.95603]},"K4o":{"weight":0.0052,"played":[1.0,0.0],"evs":[0.0,-4.18631]},"A4o":{"weight":3.0E-4,"played":[0.0184,0.9816],"evs":[0.0,16.39764]},"52s":{"weight":0.0124,"played":[0.5886,0.4114],"evs":[0.0,-2.82184]},"53s":{"weight":0.003,"played":[0.0,1.0],"evs":[0.0,-2.00945]},"54s":{"weight":4.0E-4,"played":[0.7582,0.2418],"evs":[0.0,14.72353]},"55":{"weight":0.0311,"played":[0.9187,0.0813],"evs":[0.0,-2.3621]},"65o":{"weight":0.0,"played":[0.7891,0.2109],"evs":[0.0,-0.27108]},"75o":{"weight":0.0,"played":[1.0,0.0],"evs":[0.0,-2.9961]},"85o":{"weight":0.0017,"played":[0.4386,0.5614],"evs":[0.0,5.91534]},"95o":{"weight":0.0,"played":[0.9646,0.0354],"evs":[0.0,-2.90873]},"T5o":{"weight":1.0E-4,"played":[0.4532,0.5468],"evs":[0.0,-0.36142]},"J5o":{"weight":0.0,"played":[0.8863,0.1137],"evs":[0.0,-3.02985]},"Q5o":{"weight":1.0E-4,"played":[0.1782,0.8218],"evs":[0.0,1.17545]},"K5o":{"weight":8.0E-4,"played":[0.6378,0.3622],"evs":[0.0,-2.07417]},"A5o":{"weight":0.0015,"played":[0.3307,0.6693],"evs":[0.0,17.0145]},"62s":{"weight":8.0E-4,"played":[0.5,0.5],"evs":[0.0,-2.00945]},"63s":{"weight":0.0,"played":[1.0,0.0],"evs":[0.0,-4.18631]},"64s":{"weight":0.0204,"played":[0.9247,0.0753],"evs":[0.0,-2.338]},"65s":{"weight":0.0,"played":[0.5,0.5],"evs":[0.0,30.34733]},"66":{"weight":0.02,"played":[0.5,0.5],"evs":[0.0,0.0]},"76o":{"weight":7.0E-4,"played":[0.4282,0.5718],"evs":[0.0,3.35735]},"86o":{"weight":5.0E-4,"played":[0.2317,0.7683],"evs":[0.0,-0.88978]},"96o":{"weight":0.0,"played":[0.4914,0.5086],"evs":[0.0,3.85426]},"T6o":{"weight":0.0,"played":[0.9935,0.0065],"evs":[0.0,-1.98837]},"J6o":{"weight":0.0,"played":[1.0,0.0],"evs":[0.0,21.12709]},"Q6o":{"weight":0.0,"played":[0.0,1.0],"evs":[0.0,-1.27341]},"K6o":{"weight":3.0E-4,"played":[0.3754,0.6246],"evs":[0.0,6.70295]},"A6o":{"weight":0.0172,"played":[0.2127,0.7873],"evs":[0.0,4.08719]},"72s":{"weight":0.0288,"played":[1.0,0.0],"evs":[0.0,-2.00945]},"73s":{"weight":6.0E-4,"played":[1.0,0.0],"evs":[0.0,-3.1449]},"74s":{"weight":0.0365,"played":[0.5,0.5],"evs":[0.0,-4.18631]},"75s":{"weight":0.0189,"played":[0.5,0.5],"evs":[0.0,-2.00623]},"76s":{"weight":3.0E-4,"played":[0.0,1.0],"evs":[0.0,2.94716]},"77":{"weight":0.066,"played":[0.9681,0.0319],"evs":[0.0,-3.26449]},"87o":{"weight":0.0,"played":[0.7828,0.2172],"evs":[0.0,-2.81828]},"97o":{"weight":1.0E-4,"played":[0.2862,0.7138],"evs":[0.0,7.30817]},"T7o":{"weight":1.0E-4,"played":[0.5792,0.4208],"evs":[0.0,4.53708]},"J7o":{"weight":0.0096,"played":[0.0683,0.9317],"evs":[0.0,12.96636]},"Q7o":{"weight":0.0012,"played":[0.7767,0.2233],"evs":[0.0,-2.62985]},"K7o":{"weight":3.0E-4,"played":[1.0,0.0],"evs":[0.0,-2.57958]},"A7o":{"weight":0.033,"played":[0.5742,0.4258],"evs":[0.0,-3.65051]},"82s":{"weight":0.0029,"played":[0.0,1.0],"evs":[0.0,9.65626]},"83s":{"weight":0.0,"played":[0.9281,0.0719],"evs":[0.0,-3.00477]},"84s":{"weight":0.0045,"played":[0.5,0.5],"evs":[0.0,0.0]},"85s":{"weight":0.0078,"played":[0.9916,0.0084],"evs":[0.0,-2.00812]},"86s":{"weight":0.0,"played":[0.5,0.5],"evs":[0.0,0.0]},"87s":{"weight":0.0749,"played":[0.9901,0.0099],"evs":[0.0,26.62736]},"88":{"weight":0.1697,"played":[0.034,0.966],"evs":[0.0,16.54354]},"98o":{"weight":2.0E-4,"played":[0.9956,0.0044],"evs":[0.0,-2.94012]},"T8o":{"weight":0.0,"played":[0.0732,0.9268],"evs":[0.0,0.12893]},"J8o":{"weight":5.0E-4,"played":[0.0674,0.9326],"evs":[0.0,9.29784]},"Q8o":{"weight":0.0172,"played":[0.9501,0.0499],"evs":[0.0,-2.88211]},"K8o":{"weight":0.0016,"played":[0.4545,0.5455],"evs":[0.0,7.72219]},"A8o":{"weight":1.0E-4,"played":[0.0,1.0],"evs":[0.0,12.16791]},"92s":{"weight":0.0015,"played":[0.5,0.5],"evs":[0.0,-4.19152]},"93s":{"weight":8.0E-4,"played":[0.4914,0.5086],"evs":[0.0,-2.78286]},"94s":{"weight":0.0175,"played":[0.2444,0.7556],"evs":[0.0,-0.2524]},"95s":{"weight":0.0081,"played":[0.8552,0.1448],"evs":[0.0,12.54697]},"96s":{"weight":2.0E-4,"played":[1.0,0.0],"evs":[0.0,-3.19214]},"97s":{"weight":0.0,"played":[0.5,0.5],"evs":[0.0,-2.00945]},"98s":{"weight":0.0,"played":[0.5,0.5],"evs":[0.0,-4.19152]},"99":{"weight":0.3973,"played":[0.0929,0.9071],"evs":[0.0,17.82808]},"T9o":{"weight":0.0032,"played":[0.0,1.0],"evs":[0.0,7.14233]},"J9o":{"weight":0.0138,"played":[0.0025,0.9975],"evs":[0.0,-1.0133]},"Q9o":{"weight":0.0014,"played":[0.8483,0.1517],"evs":[0.0,-2.00915]},"K9o":{"weight":0.0049,"played":[0.4914,0.5086],"evs":[0.0,13.82253]},"A9o":{"weight":0.0733,"played":[0.0154,0.9846],"evs":[0.0,0.61872]},"T2s":{"weight":8.0E-4,"played":[0.9323,0.0677],"evs":[0.0,-3.56548]},"T3s":{"weight":6.0E-4,"played":[0.8539,0.1461],"evs":[0.0,-2.00877]},"T4s":{"weight":0.0016,"played":[0.5,0.5],"evs":[0.0,0.0]},"T5s":{"weight":0.0046,"played":[0.5,0.5],"evs":[0.0,0.0]},"T6s":{"weight":0.0047,"played":[0.5,0.5],"evs":[0.0,0.0]},"T7s":{"weight":0.0016,"played":[0.5,0.5],"evs":[0.0,-2.00945]},"T8s":{"weight":0.0021,"played":[0.5,0.5],"evs":[0.0,30.37344]},"T9s":{"weight":0.0244,"played":[0.5,0.5],"evs":[0.0,-2.00742]},"TT":{"weight":0.001,"played":[0.9958,0.0042],"evs":[0.0,-2.00945]},"JTo":{"weight":0.0018,"played":[1.0,0.0],"evs":[0.0,13.20309]},"QTo":{"weight":6.0E-4,"played":[0.0387,0.9613],"evs":[0.0,3.71483]},"KTo":{"weight":2.0E-4,"played":[0.8581,0.1419],"evs":[0.0,-1.83598]},"ATo":{"weight":0.0014,"played":[0.0561,0.9439],"evs":[0.0,5.49639]},"J2s":{"weight":1.0E-4,"played":[0.5,0.5],"evs":[0.0,0.0]},"J3s":{"weight":0.0027,"played":[0.1011,0.8989],"evs":[0.0,6.39782]},"J4s":{"weight":1.0E-4,"played":[0.6572,0.3428],"evs":[0.0,-2.75429]},"J5s":{"weight":0.002,"played":[0.5,0.5],"evs":[0.0,-2.00972]},"J6s":{"weight":6.0E-4,"played":[0.5,0.5],"evs":[0.0,0.0]},"J7s":{"weight":9.0E-4,"played":[1.0,0.0],"evs":[0.0,-2.00742]},"J8s":{"weight":0.0215,"played":[0.5,0.5],"evs":[0.0,0.0]},"J9s":{"weight":0.1518,"played":[0.8892,0.1108],"evs":[0.0,-2.90932]},"JTs":{"weight":0.0078,"played":[0.5,0.5],"evs":[0.0,0.0]},"JJ":{"weight":3.0E-4,"played":[0.0,1.0],"evs":[0.0,23.04648]},"QJo":{"weight":0.0016,"played":[0.0,1.0],"evs":[0.0,-4.18631]},"KJo":{"weight":6.0E-4,"played":[0.5,0.5],"evs":[0.0,-2.00742]},"AJo":{"weight":4.0E-4,"played":[0.2804,0.7196],"evs":[0.0,27.01765]},"Q2s":{"weight":5.0E-4,"played":[0.5,0.5],"evs":[0.0,-2.00945]},"Q3s":{"weight":3.0E-4,"played":[1.0,0.0],"evs":[0.0,8.03562]},"Q4s":{"weight":0.0438,"played":[0.7933,0.2067],"evs":[0.0,3.89414]},"Q5s":{"weight":0.0,"played":[0.5,0.5],"evs":[0.0,-2.00972]},"Q6s":{"weight":0.0211,"played":[0.9945,0.0055],"evs":[0.0,-2.03285]},"Q7s":{"weight":0.1002,"played":[1.0,0.0],"evs":[0.0,-2.00768]},"Q8s":{"weight":0.008,"played":[0.5869,0.4131],"evs":[0.0,9.23564]},"Q9s":{"weight":0.0347,"played":[0.5,0.5],"evs":[0.0,35.15828]},"QTs":{"weight":1.0E-4,"played":[1.0,0.0],"evs":[0.0,35.15828]},"QJs":{"weight":5.0E-4,"played":[0.8513,0.1487],"evs":[0.0,-2.00803]},"QQ":{"weight":0.0046,"played":[0.09,0.91],"evs":[0.0,12.05267]},"KQo":{"weight":0.0133,"played":[0.1671,0.8329],"evs":[0.0,3.16144]},"AQo":{"weight":0.0178,"played":[0.7407,0.2593],"evs":[0.0,8.81436]},"K2s":{"weight":0.0285,"played":[1.0,0.0],"evs":[0.0,35.15828]},"K3s":{"weight":0.0,"played":[0.0,1.0],"evs":[0.0,-4.18631]},"K4s":{"weight":1.0E-4,"played":[0.3377,0.6623],"evs":[0.0,-1.38364]},"K5s":{"weight":0.0114,"played":[0.5,0.5],"evs":[0.0,-4.18631]},"K6s":{"weight":0.2194,"played":[0.0607,0.9393],"evs":[0.0,5.20774]},"K7s":{"weight":0.0,"played":[0.7923,0.2077],"evs":[0.0,-2.00742]},"K8s":{"weight":0.0286,"played":[0.0697,0.9303],"evs":[0.0,22.58295]},"K9s":{"weight":0.0,"played":[0.9364,0.0636],"evs":[0.0,-3.91101]},"KTs":{"weight":0.2866,"played":[0.5,0.5],"evs":[0.0,0.0]},"KJs":{"weight":0.0821,"played":[1.0,0.0],"evs":[0.0,2.94716]},"KQs":{"weight":0.0,"played":[0.9534,0.0466],"evs":[0.0,-3.78109]},"KK":{"weight":1.0E-4,"played":[0.5,0.5],"evs":[0.0,-2.00945]},"AKo":{"weight":0.0071,"played":[0.9979,0.0021],"evs":[0.0,-2.00945]},"A2s":{"weight":0.004,"played":[1.0,0.0],"evs":[0.0,-2.0033]},"A3s":{"weight":0.0,"played":[0.0,1.0],"evs":[0.0,35.15828]},"A4s":{"weight":4.0E-4,"played":[0.5228,0.4772],"evs":[0.0,-2.10579]},"A5s":{"weight":1.0E-4,"played":[1.0,0.0],"evs":[0.0,-2.00945]},"A6s":{"weight":0.1555,"played":[0.5,0.5],"evs":[0.0,-2.00742]},"A7s":{"weight":0.042,"played":[0.093,0.907],"evs":[0.0,3.12616]},"A8s":{"weight":0.0739,"played":[0.5,0.5],"evs":[0.0,-4.18631]},"A9s":{"weight":0.0116,"played":[0.5,0.5],"evs":[0.0,0.0]},"ATs":{"weight":0.1294,"played":[0.5,0.5],"evs":[0.0,0.0]},"AJs":{"weight":0.0046,"played":[1.0,0.0],"evs":[0.0,-2.00945]},"AQs":{"weight":0.0,"played":[1.0,0.0],"evs":[0.0,-2.00945]},"AKs":{"weight":0.014,"played":[0.5,0.5],"evs":[0.0,0.0]},"AA":{"weight":0.0274,"played":[0.073,0.927],"evs":[0.0,21.32387]}}}