{"player":2,"street":0,"children":3,"sequence":[{"player":0,"type":"R","amount":200000,"street":0},{"player":1,"type":"C","amount":200000,"street":0},{"player":2,"type":"C","amount":200000,"street":0},{"player":3,"type":"R","amount":600000,"street":0},{"player":4,"type":"F","amount":0,"street":0},{"player":5,"type":"F","amount":0,"street":0},{"player":0,"type":"C","amount":400000,"street":0},{"player":1,"type":"F","amount":0,"street":0}],"actions":[{"type":"F","amount":0},{"type":"C","amount":400000},{"type":"R","amount":985000,"node":446}],"hands":{"22":{"weight":0.0,"played":[0.2544,0.0618,0.6838],"evs":[0.0,28.54409,20.28398]},"32o":{"weight":0.0,"played":[0.6338,0.0,0.3662],"evs":[0.0,-6.69781,7.85428]},"42o":{"weight":0.0,"played":[0.2277,0.157,0.6153],"evs":[0.0,-4.16488,8.75916]},"52o":{"weight":0.0,"played":[0.0301,0.0089,0.9609],"evs":[0.0,-5.54482,7.28678]},"62o":{"weight":0.0,"played":[0.2003,0.0101,0.7896],"evs":[0.0,-8.32678,-4.49253]},"72o":{"weight":0.0,"played":[0.1173,0.0,0.8827],"evs":[0.0,-4.51846,23.15924]},"82o":{"weight":0.0,"played":[0.8578,0.0,0.1422],"evs":[0.0,-6.74635,-8.90515]},"92o":{"weight":0.0,"played":[1.0,0.0,0.0],"evs":[0.0,-4.51652,-8.90324]},"T2o":{"weight":0.0,"played":[0.622,0.0,0.378],"evs":[0.0,-5.70209,-1.02425]},"J2o":{"weight":0.0,"played":[0.0,0.0,1.0],"evs":[0.0,-4.51824,27.11479]},"Q2o":{"weight":0.0,"played":[0.1572,0.0,0.8428],"evs":[0.0,-4.51942,20.28328]},"K2o":{"weight":0.0,"played":[0.0,0.0,1.0],"evs":[0.0,-4.51879,13.66872]},"A2o":{"weight":0.0,"played":[0.1527,0.4566,0.3907],"evs":[0.0,-1.71362,-3.82771]},"32s":{"weight":1.0E-4,"played":[0.0624,0.0624,0.8752],"evs":[0.0,-5.33638,-1.89222]},"33":{"weight":7.0E-4,"played":[0.0,0.7524,0.2476],"evs":[0.0,-8.8995,20.29188]},"43o":{"weight":0.0,"played":[9.0E-4,0.0,0.9991],"evs":[0.0,-0.68047,18.69685]},"53o":{"weight":0.0,"played":[0.6501,0.0,0.3499],"evs":[0.0,15.44126,12.76728]},"63o":{"weight":0.0,"played":[0.3994,0.1967,0.4039],"evs":[0.0,-4.52169,-8.91037]},"73o":{"weight":0.0,"played":[1.0,0.0,0.0],"evs":[0.0,-6.78302,-8.9095]},"83o":{"weight":0.0,"played":[0.0,0.0,1.0],"evs":[0.0,-4.51428,-8.8995]},"93o":{"weight":0.0,"played":[0.0,0.0,1.0],"evs":[0.0,-4.52046,-8.90962]},"T3o":{"weight":0.0,"played":[0.5169,0.2492,0.2339],"evs":[0.0,10.45015,8.32347]},"J3o":{"weight":0.0,"played":[0.0,0.0,1.0],"evs":[0.0,24.42986,-8.9074]},"Q3o":{"weight":0.0,"played":[0.8757,0.0,0.1243],"evs":[0.0,-7.65449,-8.90853]},"K3o":{"weight":0.0,"played":[0.0537,0.0,0.9463],"evs":[0.0,-4.52131,-4.14493]},"A3o":{"weight":0.0,"played":[0.3502,0.0,0.6498],"evs":[0.0,4.85131,6.84698]},"42s":{"weight":0.0,"played":[0.3333,0.3333,0.3333],"evs":[0.0,28.54698,20.28328]},"43s":{"weight":0.0,"played":[0.0,0.6165,0.3835],"evs":[0.0,28.49267,28.49267]},"44":{"weight":0.0,"played":[0.6723,0.0169,0.3108],"evs":[0.0,2.37669,-7.21627]},"54o":{"weight":0.0,"played":[0.2014,0.0,0.7986],"evs":[0.0,24.42926,20.28176]},"64o":{"weight":0.0,"played":[0.0,0.0,1.0],"evs":[0.0,-4.51894,23.50758]},"74o":{"weight":0.0,"played":[0.026,0.0,0.974],"evs":[0.0,-7.06103,7.01055]},"84o":{"weight":0.0,"played":[1.0,0.0,0.0],"evs":[0.0,28.54361,24.42579]},"94o":{"weight":0.0,"played":[0.3963,0.2874,0.3162],"evs":[0.0,0.33826,-1.57074]},"T4o":{"weight":0.0,"played":[0.0,0.0,1.0],"evs":[0.0,-8.9081,-8.9081]},"J4o":{"weight":0.0,"played":[0.6304,0.0,0.3696],"evs":[0.0,12.1072,-8.91079]},"Q4o":{"weight":0.0,"played":[0.0876,0.002,0.9104],"evs":[0.0,-4.52503,-5.08018]},"K4o":{"weight":0.0,"played":[0.0,0.0,1.0],"evs":[0.0,-4.51809,14.51703]},"A4o":{"weight":1.0E-4,"played":[0.0,0.0,1.0],"evs":[0.0,-6.18617,-1.89113]},"52s":{"weight":0.0,"played":[0.0438,0.0,0.9562],"evs":[0.0,-4.51959,-8.90962]},"53s":{"weight":0.0,"played":[0.0,0.0,1.0],"evs":[0.0,-4.52218,-8.9074]},"54s":{"weight":0.0,"played":[0.4592,0.2851,0.2557],"evs":[0.0,2.22725,2.22725]},"55":{"weight":0.0387,"played":[0.8681,0.0,0.1319],"evs":[0.0,-5.09805,20.03313]},"65o":{"weight":0.0,"played":[0.1436,0.0,0.8564],"evs":[0.0,-6.23333,0.75197]},"75o":{"weight":0.0,"played":[0.6442,0.0,0.3558],"evs":[0.0,0.12151,4.16041]},"85o":{"weight":0.0,"played":[0.2632,0.0,0.7368],"evs":[0.0,4.19384,19.5003]},"95o":{"weight":0.0,"played":[0.0,0.0,1.0],"evs":[0.0,-4.51917,-8.9081]},"T5o":{"weight":0.0,"played":[0.1399,0.4325,0.4276],"evs":[0.0,1.71803,12.25584]},"J5o":{"weight":0.0,"played":[0.0,0.0,1.0],"evs":[0.0,-5.07253,23.90734]},"Q5o":{"weight":0.0,"played":[1.0,0.0,0.0],"evs":[0.0,-4.51325,8.03406]},"K5o":{"weight":0.0,"played":[0.0739,0.1263,0.7998],"evs":[0.0,-8.90766,20.28372]},"A5o":{"weight":0.0,"played":[0.0,0.0,1.0],"evs":[0.0,-4.51824,20.28398]},"62s":{"weight":0.0,"played":[0.469,0.0039,0.5271],"evs":[0.0,-4.57226,8.40355]},"63s":{"weight":3.0E-4,"played":[0.4676,0.0638,0.4686],"evs":[0.0,-6.72528,7.88827]},"64s":{"weight":0.0,"played":[0.0,0.0,1.0],"evs":[0.0,-8.9081,-8.9081]},"65s":{"weight":0.0,"played":[0.0,0.3527,0.6473],"evs":[0.0,2.84935,21.74613]},"66":{"weight":0.2925,"played":[0.0,0.0,1.0],"evs":[0.0,-6.58071,22.48145]},"76o":{"weight":0.0,"played":[0.1452,0.6169,0.2379],"evs":[0.0,-4.51807,24.43078]},"86o":{"weight":0.0,"played":[0.9518,0.0,0.0482],"evs":[0.0,11.69492,12.71181]},"96o":{"weight":0.0,"played":[0.0,0.0,1.0],"evs":[0.0,-7.68634,0.36123]},"T6o":{"weight":0.0,"played":[0.7107,0.1718,0.1174],"evs":[0.0,0.75791,6.59396]},"J6o":{"weight":0.0,"played":[0.4485,0.0,0.5515],"evs":[0.0,-8.91147,-8.91147]},"Q6o":{"weight":0.0,"played":[0.0,0.0,1.0],"evs":[0.0,-8.9081,-8.9081]},"K6o":{"weight":0.0,"played":[1.0,0.0,0.0],"evs":[0.0,-5.39426,-8.90773]},"A6o":{"weight":0.0,"played":[0.6432,0.285,0.0718],"evs":[0.0,-8.38819,6.02667]},"72s":{"weight":1.0E-4,"played":[1.0,0.0,0.0],"evs":[0.0,-8.9074,-8.9074]},"73s":{"weight":1.0E-4,"played":[0.0,0.0,1.0],"evs":[0.0,28.54698,20.28328]},"74s":{"weight":0.0,"played":[0.0,0.3849,0.6151],"evs":[0.0,-8.9074,-8.9074]},"75s":{"weight":0.0,"played":[0.3928,0.0444,0.5627],"evs":[0.0,-4.51807,2.74503]},"76s":{"weight":0.0078,"played":[0.0351,0.0351,0.9298],"evs":[0.0,-7.13711,20.89633]},"77":{"weight":0.0471,"played":[0.0,0.018,0.982],"evs":[0.0,-4.51731,22.04788]},"87o":{"weight":0.0,"played":[0.367,0.0191,0.6139],"evs":[0.0,-6.16487,6.43769]},"97o":{"weight":0.0,"played":[0.0,0.0,1.0],"evs":[0.0,-4.52231,20.27991]},"T7o":{"weight":0.0,"played":[0.6113,0.0,0.3887],"evs":[0.0,-5.91845,0.39172]},"J7o":{"weight":0.0,"played":[0.5799,0.2857,0.1343],"evs":[0.0,-4.51891,16.36214]},"Q7o":{"weight":0.0,"played":[0.6281,0.3094,0.0625],"evs":[0.0,-4.51907,-8.90819]},"K7o":{"weight":0.0,"played":[0.508,0.3496,0.1425],"evs":[0.0,-4.5197,-8.90885]},"A7o":{"weight":0.0,"played":[0.5934,0.2924,0.1143],"evs":[0.0,-4.51871,-8.90744]},"82s":{"weight":0.0,"played":[0.3333,0.3333,0.3333],"evs":[0.0,24.43148,20.28398]},"83s":{"weight":0.0,"played":[1.0,0.0,0.0],"evs":[0.0,28.54566,24.43148]},"84s":{"weight":0.0,"played":[0.0104,0.0104,0.9791],"evs":[0.0,-4.51603,24.43563]},"85s":{"weight":1.0E-4,"played":[0.0,0.0492,0.9508],"evs":[0.0,-4.50947,20.29188]},"86s":{"weight":0.0,"played":[0.4337,0.0449,0.5214],"evs":[0.0,-8.91097,20.28041]},"87s":{"weight":0.0,"played":[0.029,0.0,0.971],"evs":[0.0,-8.78018,-8.06127]},"88":{"weight":0.4485,"played":[0.0,0.1263,0.8737],"evs":[0.0,-8.91059,-0.18356]},"98o":{"weight":0.0,"played":[0.4197,0.0279,0.5523],"evs":[0.0,-5.1295,20.84335]},"T8o":{"weight":0.0,"played":[1.0,0.0,0.0],"evs":[0.0,17.16737,12.99366]},"J8o":{"weight":0.0,"played":[0.1131,0.0,0.8869],"evs":[0.0,-4.51866,-0.07763]},"Q8o":{"weight":0.0,"played":[0.2606,0.0411,0.6982],"evs":[0.0,-7.60282,21.21438]},"K8o":{"weight":0.0,"played":[0.0,0.0,1.0],"evs":[0.0,24.43111,-8.90777]},"A8o":{"weight":2.0E-4,"played":[0.3333,0.3333,0.3333],"evs":[0.0,-8.9074,-8.9074]},"92s":{"weight":0.0,"played":[0.3333,0.3333,0.3333],"evs":[0.0,0.0,0.0]},"93s":{"weight":1.0E-4,"played":[0.0,0.0,1.0],"evs":[0.0,-8.8995,-8.8995]},"94s":{"weight":0.0,"played":[0.7915,0.1042,0.1042],"evs":[0.0,18.17353,11.15936]},"95s":{"weight":0.0,"played":[0.0,0.0,1.0],"evs":[0.0,-5.79871,-0.40235]},"96s":{"weight":0.0,"played":[0.0,0.8461,0.1539],"evs":[0.0,-4.52094,28.49045]},"97s":{"weight":0.0,"played":[0.3333,0.3333,0.3333],"evs":[0.0,0.0,0.0]},"98s":{"weight":1.0E-4,"played":[0.0721,0.5553,0.3726],"evs":[0.0,2.63256,27.61172]},"99":{"weight":0.0935,"played":[0.0,0.0,1.0],"evs":[0.0,-4.51894,-8.9081]},"T9o":{"weight":0.0,"played":[0.4165,0.3375,0.246],"evs":[0.0,-6.82544,-8.9089]},"J9o":{"weight":0.0,"played":[0.3439,0.0395,0.6166],"evs":[0.0,8.77942,13.21971]},"Q9o":{"weight":0.0,"played":[0.4719,0.0,0.5281],"evs":[0.0,-6.8795,4.58167]},"K9o":{"weight":0.0,"played":[0.142,0.2074,0.6505],"evs":[0.0,-8.9081,-8.9081]},"A9o":{"weight":0.0191,"played":[0.0,0.0951,0.9049],"evs":[0.0,-6.71245,7.76053]},"T2s":{"weight":0.0,"played":[0.3333,0.3333,0.3333],"evs":[0.0,-8.90962,-8.90962]},"T3s":{"weight":0.0,"played":[0.9753,0.0123,0.0123],"evs":[0.0,-8.74486,-8.90743]},"T4s":{"weight":0.0,"played":[0.0,0.0,1.0],"evs":[0.0,-4.52046,-8.90962]},"T5s":{"weight":0.0011,"played":[0.2611,0.0,0.7389],"evs":[0.0,-4.51872,24.43148]},"T6s":{"weight":8.0E-4,"played":[0.3333,0.3333,0.3333],"evs":[0.0,-4.51835,-8.9074]},"T7s":{"weight":0.0,"played":[0.3333,0.3333,0.3333],"evs":[0.0,0.0,0.0]},"T8s":{"weight":7.0E-4,"played":[0.3333,0.3333,0.3333],"evs":[0.0,-4.51824,20.28398]},"T9s":{"weight":0.2187,"played":[0.0,0.3134,0.6866],"evs":[0.0,-4.51942,-8.9081]},"TT":{"weight":0.261,"played":[0.0052,0.304,0.6908],"evs":[0.0,16.71671,25.67134]},"JTo":{"weight":2.0E-4,"played":[0.0,0.8145,0.1855],"evs":[0.0,8.49027,4.2107]},"QTo":{"weight":0.0,"played":[0.3793,0.0,0.6207],"evs":[0.0,-5.77285,13.46921]},"KTo":{"weight":0.0,"played":[0.1528,0.5722,0.275],"evs":[0.0,3.45146,-8.8995]},"ATo":{"weight":0.0075,"played":[0.0,0.0,1.0],"evs":[0.0,28.54408,24.43148]},"J2s":{"weight":1.0E-4,"played":[0.539,0.0,0.461],"evs":[0.0,-5.05472,16.72304]},"J3s":{"weight":0.0,"played":[0.0,0.7093,0.2907],"evs":[0.0,1.97946,23.22561]},"J4s":{"weight":0.0,"played":[0.887,0.0565,0.0565],"evs":[0.0,-5.26306,15.33476]},"J5s":{"weight":0.0,"played":[0.3333,0.3333,0.3333],"evs":[0.0,24.42927,20.28177]},"J6s":{"weight":0.0,"played":[0.7632,0.1184,0.1184],"evs":[0.0,-6.07652,-8.90819]},"J7s":{"weight":0.0,"played":[0.0,0.2251,0.7749],"evs":[0.0,-4.52279,20.27991]},"J8s":{"weight":2.0E-4,"played":[0.3333,0.3333,0.3333],"evs":[0.0,-4.51909,20.28361]},"J9s":{"weight":3.0E-4,"played":[0.0,0.0,1.0],"evs":[0.0,-8.8995,-8.8995]},"JTs":{"weight":0.1339,"played":[0.6424,0.2112,0.1464],"evs":[0.0,-6.19919,-8.90783]},"JJ":{"weight":0.0,"played":[1.0,0.0,0.0],"evs":[0.0,-4.51428,-8.8995]},"QJo":{"weight":4.0E-4,"played":[0.0,0.0,1.0],"evs":[0.0,18.66245,-2.26626]},"KJo":{"weight":1.0E-4,"played":[0.4764,0.2348,0.2888],"evs":[0.0,18.99591,11.85371]},"AJo":{"weight":0.0,"played":[0.0,0.3545,0.6455],"evs":[0.0,2.58021,10.2727]},"Q2s":{"weight":1.0E-4,"played":[0.1603,0.582,0.2577],"evs":[0.0,-4.51428,24.43776]},"Q3s":{"weight":0.0,"played":[0.0,0.3922,0.6078],"evs":[0.0,-8.9074,-8.9074]},"Q4s":{"weight":0.0,"played":[0.3333,0.3333,0.3333],"evs":[0.0,-4.51872,-8.9074]},"Q5s":{"weight":0.0,"played":[0.3765,0.6235,0.0],"evs":[0.0,-8.91147,24.42579]},"Q6s":{"weight":0.0,"played":[1.0,0.0,0.0],"evs":[0.0,-8.90962,20.28176]},"Q7s":{"weight":0.0,"played":[0.0,0.0,1.0],"evs":[0.0,-4.52046,-8.90962]},"Q8s":{"weight":1.0E-4,"played":[0.3333,0.3333,0.3333],"evs":[0.0,24.43078,20.28328]},"Q9s":{"weight":0.0,"played":[0.1551,0.4225,0.4225],"evs":[0.0,4.67636,4.67636]},"QTs":{"weight":0.0044,"played":[0.0,0.6391,0.3609],"evs":[0.0,-8.9081,24.42916]},"QJs":{"weight":0.5241,"played":[0.0285,0.4613,0.5102],"evs":[0.0,-8.90962,20.28175]},"QQ":{"weight":0.0,"played":[0.0,0.0,1.0],"evs":[0.0,-8.90777,-8.90777]},"KQo":{"weight":0.5262,"played":[0.6232,0.2147,0.1621],"evs":[0.0,6.31815,2.69873]},"AQo":{"weight":0.0011,"played":[0.0507,0.0507,0.8987],"evs":[0.0,5.40101,22.60369]},"K2s":{"weight":0.0,"played":[0.7864,0.1246,0.089],"evs":[0.0,-4.51868,8.88597]},"K3s":{"weight":0.0,"played":[0.1553,0.4195,0.4252],"evs":[0.0,24.43148,24.43148]},"K4s":{"weight":0.0,"played":[1.0,0.0,0.0],"evs":[0.0,-4.51872,-8.9074]},"K5s":{"weight":0.0,"played":[0.3333,0.3333,0.3333],"evs":[0.0,-4.51872,20.28398]},"K6s":{"weight":1.0E-4,"played":[1.0,0.0,0.0],"evs":[0.0,24.42916,-8.9081]},"K7s":{"weight":0.0,"played":[0.4267,0.2476,0.3257],"evs":[0.0,-4.52131,-8.90868]},"K8s":{"weight":4.0E-4,"played":[0.3333,0.3333,0.3333],"evs":[0.0,28.54368,24.43078]},"K9s":{"weight":0.0088,"played":[0.3333,0.3333,0.3333],"evs":[0.0,24.43111,24.43111]},"KTs":{"weight":0.6347,"played":[0.3333,0.3333,0.3333],"evs":[0.0,0.0,0.0]},"KJs":{"weight":0.6954,"played":[0.3333,0.3333,0.3333],"evs":[0.0,-4.51835,-8.9074]},"KQs":{"weight":0.5785,"played":[0.0304,0.0304,0.9393],"evs":[0.0,-4.51468,27.80015]},"KK":{"weight":1.0E-4,"played":[0.0,0.0,1.0],"evs":[0.0,4.51405,23.60941]},"AKo":{"weight":0.0023,"played":[0.1648,0.7259,0.1093],"evs":[0.0,-4.34607,-6.28131]},"A2s":{"weight":0.0612,"played":[0.0,0.5,0.5],"evs":[0.0,-8.8995,-8.8995]},"A3s":{"weight":0.0728,"played":[0.0,0.8518,0.1482],"evs":[0.0,26.02371,3.9768]},"A4s":{"weight":0.0332,"played":[0.0,0.0,1.0],"evs":[0.0,-5.71501,23.30075]},"A5s":{"weight":1.0E-4,"played":[0.3333,0.3333,0.3333],"evs":[0.0,24.42938,24.431]},"A6s":{"weight":0.0011,"played":[0.1147,0.7706,0.1147],"evs":[0.0,6.85673,8.03078]},"A7s":{"weight":0.0017,"played":[0.3333,0.3333,0.3333],"evs":[0.0,24.43938,20.29188]},"A8s":{"weight":0.0167,"played":[0.9233,0.0384,0.0384],"evs":[0.0,20.59217,20.59217]},"A9s":{"weight":0.0,"played":[0.0,0.3356,0.6644],"evs":[0.0,24.42926,20.28176]},"ATs":{"weight":0.0,"played":[0.2545,0.0589,0.6866],"evs":[0.0,-5.68042,12.54817]},"AJs":{"weight":6.0E-4,"played":[0.6699,0.3301,0.0],"evs":[0.0,28.54493,20.28398]},"AQs":{"weight":0.0,"played":[0.0,0.0,1.0],"evs":[0.0,-4.52144,-8.91147]},"AKs":{"weight":0.0,"played":[0.3333,0.3333,0.3333],"evs":[0.0,-8.9074,-8.9074]},"AA":{"weight":0.0,"played":[1.0,0.0,0.0],"evs":[0.0,-4.51774,20.32188]}}}