{"player":3,"street":0,"children":2,"sequence":[{"player":0,"type":"R","amount":200000,"street":0},{"player":1,"type":"C","amount":200000,"street":0},{"player":2,"type":"C","amount":200000,"street":0},{"player":3,"type":"R","amount":600000,"street":0},{"player":4,"type":"F","amount":0,"street":0},{"player":5,"type":"F","amount":0,"street":0},{"player":0,"type":"C","amount":400000,"street":0},{"player":1,"type":"R","amount":785000,"street":0},{"player":2,"type":"R","amount":985000,"street":0}],"actions":[{"type":"F","amount":0,"node":457},{"type":"C","amount":385000,"node":458}],"hands":{"22":{"weight":0.0166,"played":[1.0,0.0],"evs":[0.0,-4.19155]},"32o":{"weight":0.0,"played":[0.7155,0.2845],"evs":[0.0,6.19932]},"42o":{"weight":3.0E-4,"played":[0.1238,0.8762],"evs":[0.0,4.72371]},"52o":{"weight":0.0,"played":[0.3152,0.6848],"evs":[0.0,5.36495]},"62o":{"weight":0.0,"played":[0.768,0.232],"evs":[0.0,-1.45799]},"72o":{"weight":0.0,"played":[0.468,0.532],"evs":[0.0,0.01989]},"82o":{"weight":0.0,"played":[0.5831,0.4169],"evs":[0.0,-3.2855]},"92o":{"weight":1.0E-4,"played":[0.9109,0.0891],"evs":[0.0,-4.35698]},"T2o":{"weight":0.0,"played":[0.8339,0.1661],"evs":[0.0,1.79776]},"J2o":{"weight":0.0,"played":[0.9243,0.0757],"evs":[0.0,-3.88793]},"Q2o":{"weight":1.0E-4,"played":[0.7039,0.2961],"evs":[0.0,1.13755]},"K2o":{"weight":0.0012,"played":[0.2491,0.7509],"evs":[0.0,21.58676]},"A2o":{"weight":0.025,"played":[0.3277,0.6723],"evs":[0.0,17.01197]},"32s":{"weight":0.0,"played":[0.8544,0.1456],"evs":[0.0,-4.177]},"33":{"weight":0.0296,"played":[0.8995,0.1005],"evs":[0.0,17.87361]},"43o":{"weight":0.0,"played":[0.3677,0.6323],"evs":[0.0,-1.38058]},"53o":{"weight":0.0012,"played":[0.3252,0.6748],"evs":[0.0,2.25892]},"63o":{"weight":2.0E-4,"played":[0.3678,0.6322],"evs":[0.0,10.69418]},"73o":{"weight":0.0,"played":[0.2268,0.7732],"evs":[0.0,6.87202]},"83o":{"weight":2.0E-4,"played":[0.3519,0.6481],"evs":[0.0,1.60172]},"93o":{"weight":0.0022,"played":[0.7964,0.2036],"evs":[0.0,2.6322]},"T3o":{"weight":0.0102,"played":[0.4337,0.5663],"evs":[0.0,8.11749]},"J3o":{"weight":0.0,"played":[0.561,0.439],"evs":[0.0,-1.63943]},"Q3o":{"weight":4.0E-4,"played":[0.278,0.722],"evs":[0.0,-2.26209]},"K3o":{"weight":9.0E-4,"played":[0.8449,0.1551],"evs":[0.0,-5.6994]},"A3o":{"weight":0.002,"played":[0.8885,0.1115],"evs":[0.0,9.45282]},"42s":{"weight":2.0E-4,"played":[0.4103,0.5897],"evs":[0.0,-0.74195]},"43s":{"weight":0.0014,"played":[0.8463,0.1537],"evs":[0.0,-3.2222]},"44":{"weight":0.0173,"played":[0.7202,0.2798],"evs":[0.0,2.57617]},"54o":{"weight":0.0,"played":[0.3183,0.6817],"evs":[0.0,0.34169]},"64o":{"weight":1.0E-4,"played":[0.3207,0.6793],"evs":[0.0,14.19474]},"74o":{"weight":0.0,"played":[0.7629,0.2371],"evs":[0.0,0.99104]},"84o":{"weight":0.0,"played":[0.279,0.721],"evs":[0.0,2.28089]},"94o":{"weight":6.0E-4,"played":[1.0,0.0],"evs":[0.0,-6.01889]},"T4o":{"weight":0.0022,"played":[0.9371,0.0629],"evs":[0.0,-9.46186]},"J4o":{"weight":0.0018,"played":[0.3367,0.6633],"evs":[0.0,4.84146]},"Q4o":{"weight":0.02,"played":[1.0,0.0],"evs":[0.0,-6.77548]},"K4o":{"weight":0.0052,"played":[0.8792,0.1208],"evs":[0.0,-5.27613]},"A4o":{"weight":3.0E-4,"played":[0.3852,0.6148],"evs":[0.0,11.43546]},"52s":{"weight":0.0124,"played":[1.0,0.0],"evs":[0.0,-4.1679]},"53s":{"weight":0.003,"played":[0.539,0.461],"evs":[0.0,-6.60761]},"54s":{"weight":4.0E-4,"played":[1.0,0.0],"evs":[0.0,-4.14482]},"55":{"weight":0.0311,"played":[0.6289,0.3711],"evs":[0.0,11.15938]},"65o":{"weight":0.0,"played":[0.1935,0.8065],"evs":[0.0,12.97138]},"75o":{"weight":0.0,"played":[0.2956,0.7044],"evs":[0.0,7.88798]},"85o":{"weight":0.0017,"played":[0.4739,0.5261],"evs":[0.0,3.11663]},"95o":{"weight":0.0,"played":[0.4131,0.5869],"evs":[0.0,10.0524]},"T5o":{"weight":1.0E-4,"played":[0.946,0.054],"evs":[0.0,4.8859]},"J5o":{"weight":0.0,"played":[0.4147,0.5853],"evs":[0.0,9.57754]},"Q5o":{"weight":1.0E-4,"played":[1.0,0.0],"evs":[0.0,4.16848]},"K5o":{"weight":8.0E-4,"played":[1.0,0.0],"evs":[0.0,-2.64239]},"A5o":{"weight":0.0015,"played":[0.2784,0.7216],"evs":[0.0,2.41362]},"62s":{"weight":8.0E-4,"played":[0.0468,0.9532],"evs":[0.0,-2.42592]},"63s":{"weight":0.0,"played":[1.0,0.0],"evs":[0.0,-4.18684]},"64s":{"weight":0.0204,"played":[0.5,0.5],"evs":[0.0,5.1577]},"65s":{"weight":0.0,"played":[0.0,1.0],"evs":[0.0,9.5287]},"66":{"weight":0.02,"played":[0.125,0.875],"evs":[0.0,23.6834]},"76o":{"weight":7.0E-4,"played":[0.3669,0.6331],"evs":[0.0,1.19979]},"86o":{"weight":5.0E-4,"played":[0.687,0.313],"evs":[0.0,19.58361]},"96o":{"weight":0.0,"played":[0.6208,0.3792],"evs":[0.0,-0.53814]},"T6o":{"weight":0.0,"played":[1.0,0.0],"evs":[0.0,-3.41041]},"J6o":{"weight":0.0,"played":[1.0,0.0],"evs":[0.0,-2.37609]},"Q6o":{"weight":0.0,"played":[1.0,0.0],"evs":[0.0,0.5634]},"K6o":{"weight":3.0E-4,"played":[0.293,0.707],"evs":[0.0,1.00944]},"A6o":{"weight":0.0172,"played":[0.0,1.0],"evs":[0.0,31.48841]},"72s":{"weight":0.0288,"played":[0.312,0.688],"evs":[0.0,24.30291]},"73s":{"weight":6.0E-4,"played":[0.9799,0.0201],"evs":[0.0,28.41419]},"74s":{"weight":0.0365,"played":[0.4286,0.5714],"evs":[0.0,7.43687]},"75s":{"weight":0.0189,"played":[0.5,0.5],"evs":[0.0,0.0]},"76s":{"weight":3.0E-4,"played":[0.5,0.5],"evs":[0.0,0.0]},"77":{"weight":0.066,"played":[0.2848,0.7152],"evs":[0.0,9.03928]},"87o":{"weight":0.0,"played":[0.6587,0.3413],"evs":[0.0,-5.47195]},"97o":{"weight":1.0E-4,"played":[0.3371,0.6629],"evs":[0.0,0.79069]},"T7o":{"weight":1.0E-4,"played":[1.0,0.0],"evs":[0.0,-3.85309]},"J7o":{"weight":0.0096,"played":[0.8564,0.1436],"evs":[0.0,-4.57774]},"Q7o":{"weight":0.0012,"played":[1.0,0.0],"evs":[0.0,-4.18719]},"K7o":{"weight":3.0E-4,"played":[0.6612,0.3388],"evs":[0.0,-3.85467]},"A7o":{"weight":0.033,"played":[0.3348,0.6652],"evs":[0.0,2.62771]},"82s":{"weight":0.0029,"played":[0.6018,0.3982],"evs":[0.0,-4.17456]},"83s":{"weight":0.0,"played":[0.9986,0.0014],"evs":[0.0,-5.18279]},"84s":{"weight":0.0045,"played":[0.1599,0.8401],"evs":[0.0,-1.19809]},"85s":{"weight":0.0078,"played":[0.5,0.5],"evs":[0.0,0.0]},"86s":{"weight":0.0,"played":[0.9345,0.0655],"evs":[0.0,-6.14374]},"87s":{"weight":0.0749,"played":[1.0,0.0],"evs":[0.0,-4.17662]},"88":{"weight":0.1697,"played":[0.0,1.0],"evs":[0.0,40.55778]},"98o":{"weight":2.0E-4,"played":[0.8209,0.1791],"evs":[0.0,-3.07676]},"T8o":{"weight":0.0,"played":[0.706,0.294],"evs":[0.0,-3.30888]},"J8o":{"weight":5.0E-4,"played":[0.6764,0.3236],"evs":[0.0,-5.57391]},"Q8o":{"weight":0.0172,"played":[0.3977,0.6023],"evs":[0.0,5.77012]},"K8o":{"weight":0.0016,"played":[0.8867,0.1133],"evs":[0.0,-4.18472]},"A8o":{"weight":1.0E-4,"played":[0.274,0.726],"evs":[0.0,-0.28952]},"92s":{"weight":0.0015,"played":[0.0956,0.9044],"evs":[0.0,2.83779]},"93s":{"weight":8.0E-4,"played":[1.0,0.0],"evs":[0.0,-4.18673]},"94s":{"weight":0.0175,"played":[0.5068,0.4932],"evs":[0.0,16.00123]},"95s":{"weight":0.0081,"played":[1.0,0.0],"evs":[0.0,-5.06368]},"96s":{"weight":2.0E-4,"played":[0.0,1.0],"evs":[0.0,-4.18853]},"97s":{"weight":0.0,"played":[0.4039,0.5961],"evs":[0.0,2.12043]},"98s":{"weight":0.0,"played":[1.0,0.0],"evs":[0.0,-9.45905]},"99":{"weight":0.3973,"played":[0.0872,0.9128],"evs":[0.0,6.86072]},"T9o":{"weight":0.0032,"played":[0.2272,0.7728],"evs":[0.0,10.95386]},"J9o":{"weight":0.0138,"played":[0.0,1.0],"evs":[0.0,2.70811]},"Q9o":{"weight":0.0014,"played":[0.8091,0.1909],"evs":[0.0,-4.18777]},"K9o":{"weight":0.0049,"played":[0.4921,0.5079],"evs":[0.0,-2.30681]},"A9o":{"weight":0.0733,"played":[0.0699,0.9301],"evs":[0.0,0.30082]},"T2s":{"weight":8.0E-4,"played":[0.5,0.5],"evs":[0.0,5.20765]},"T3s":{"weight":6.0E-4,"played":[0.5,0.5],"evs":[0.0,-4.21321]},"T4s":{"weight":0.0016,"played":[0.9484,0.0516],"evs":[0.0,34.21858]},"T5s":{"weight":0.0046,"played":[0.5,0.5],"evs":[0.0,-4.18719]},"T6s":{"weight":0.0047,"played":[0.5,0.5],"evs":[0.0,0.0]},"T7s":{"weight":0.0016,"played":[0.2436,0.7564],"evs":[0.0,-0.71167]},"T8s":{"weight":0.0021,"played":[0.9829,0.0171],"evs":[0.0,-4.17763]},"T9s":{"weight":0.0244,"played":[0.1406,0.8594],"evs":[0.0,1.93008]},"TT":{"weight":0.001,"played":[0.5726,0.4274],"evs":[0.0,5.45094]},"JTo":{"weight":0.0018,"played":[0.8421,0.1579],"evs":[0.0,-7.03994]},"QTo":{"weight":6.0E-4,"played":[0.3801,0.6199],"evs":[0.0,7.68116]},"KTo":{"weight":2.0E-4,"played":[0.9811,0.0189],"evs":[0.0,13.60222]},"ATo":{"weight":0.0014,"played":[0.0748,0.9252],"evs":[0.0,18.416]},"J2s":{"weight":1.0E-4,"played":[0.7459,0.2541],"evs":[0.0,-3.81798]},"J3s":{"weight":0.0027,"played":[0.2434,0.7566],"evs":[0.0,6.54336]},"J4s":{"weight":1.0E-4,"played":[1.0,0.0],"evs":[0.0,-4.18226]},"J5s":{"weight":0.002,"played":[0.8959,0.1041],"evs":[0.0,-8.09848]},"J6s":{"weight":6.0E-4,"played":[0.5197,0.4803],"evs":[0.0,-3.00482]},"J7s":{"weight":9.0E-4,"played":[0.5382,0.4618],"evs":[0.0,8.97674]},"J8s":{"weight":0.0215,"played":[0.3224,0.6776],"evs":[0.0,1.62709]},"J9s":{"weight":0.1518,"played":[0.5,0.5],"evs":[0.0,0.0]},"JTs":{"weight":0.0078,"played":[1.0,0.0],"evs":[0.0,-4.19109]},"JJ":{"weight":3.0E-4,"played":[0.0,1.0],"evs":[0.0,-4.18403]},"QJo":{"weight":0.0016,"played":[0.5475,0.4525],"evs":[0.0,9.15214]},"KJo":{"weight":6.0E-4,"played":[0.3574,0.6426],"evs":[0.0,14.63557]},"AJo":{"weight":4.0E-4,"played":[0.0258,0.9742],"evs":[0.0,8.71486]},"Q2s":{"weight":5.0E-4,"played":[0.5,0.5],"evs":[0.0,-4.19155]},"Q3s":{"weight":3.0E-4,"played":[0.0,1.0],"evs":[0.0,-4.18853]},"Q4s":{"weight":0.0438,"played":[0.0929,0.9071],"evs":[0.0,2.2297]},"Q5s":{"weight":0.0,"played":[0.5,0.5],"evs":[0.0,0.0]},"Q6s":{"weight":0.0211,"played":[1.0,0.0],"evs":[0.0,39.29283]},"Q7s":{"weight":0.1002,"played":[0.1179,0.8821],"evs":[0.0,5.77606]},"Q8s":{"weight":0.008,"played":[0.0166,0.9834],"evs":[0.0,-2.59211]},"Q9s":{"weight":0.0347,"played":[1.0,0.0],"evs":[0.0,-4.18853]},"QTs":{"weight":1.0E-4,"played":[0.4403,0.5597],"evs":[0.0,-3.27319]},"QJs":{"weight":5.0E-4,"played":[0.2431,0.7569],"evs":[0.0,16.95221]},"QQ":{"weight":0.0046,"played":[0.5,0.5],"evs":[0.0,-4.21321]},"KQo":{"weight":0.0133,"played":[0.1846,0.8154],"evs":[0.0,10.63296]},"AQo":{"weight":0.0178,"played":[0.0585,0.9415],"evs":[0.0,10.22898]},"K2s":{"weight":0.0285,"played":[0.0198,0.9802],"evs":[0.0,6.37077]},"K3s":{"weight":0.0,"played":[0.9534,0.0466],"evs":[0.0,1.94385]},"K4s":{"weight":1.0E-4,"played":[0.5,0.5],"evs":[0.0,0.0]},"K5s":{"weight":0.0114,"played":[0.8549,0.1451],"evs":[0.0,-4.18722]},"K6s":{"weight":0.2194,"played":[1.0,0.0],"evs":[0.0,39.29283]},"K7s":{"weight":0.0,"played":[1.0,0.0],"evs":[0.0,-5.15425]},"K8s":{"weight":0.0286,"played":[0.9778,0.0222],"evs":[0.0,-5.95046]},"K9s":{"weight":0.0,"played":[1.0,0.0],"evs":[0.0,-1.88172]},"KTs":{"weight":0.2866,"played":[0.8959,0.1041],"evs":[0.0,-6.95518]},"KJs":{"weight":0.0821,"played":[9.0E-4,0.9991],"evs":[0.0,7.86624]},"KQs":{"weight":0.0,"played":[0.5,0.5],"evs":[0.0,2.97334]},"KK":{"weight":1.0E-4,"played":[0.5159,0.4841],"evs":[0.0,3.91645]},"AKo":{"weight":0.0071,"played":[0.3444,0.6556],"evs":[0.0,6.18432]},"A2s":{"weight":0.004,"played":[0.2311,0.7689],"evs":[0.0,17.70627]},"A3s":{"weight":0.0,"played":[0.3384,0.6616],"evs":[0.0,26.67296]},"A4s":{"weight":4.0E-4,"played":[0.4936,0.5064],"evs":[0.0,19.43909]},"A5s":{"weight":1.0E-4,"played":[0.4627,0.5373],"evs":[0.0,22.00938]},"A6s":{"weight":0.1555,"played":[1.0,0.0],"evs":[0.0,-6.60861]},"A7s":{"weight":0.042,"played":[0.5,0.5],"evs":[0.0,39.29283]},"A8s":{"weight":0.0739,"played":[0.2261,0.7739],"evs":[0.0,17.95836]},"A9s":{"weight":0.0116,"played":[0.207,0.793],"evs":[0.0,7.31076]},"ATs":{"weight":0.1294,"played":[0.3507,0.6493],"evs":[0.0,11.64319]},"AJs":{"weight":0.0046,"played":[1.0,0.0],"evs":[0.0,-4.19239]},"AQs":{"weight":0.0,"played":[0.5,0.5],"evs":[0.0,5.20538]},"AKs":{"weight":0.014,"played":[0.3366,0.6634],"evs":[0.0,8.69755]},"AA":{"weight":0.0274,"played":[0.0914,0.9086],"evs":[0.0,39.28894]}}}