{"player":0,"street":0,"children":2,"sequence":[{"player":0,"type":"R","amount":200000,"street":0},{"player":1,"type":"C","amount":200000,"street":0},{"player":2,"type":"C","amount":200000,"street":0},{"player":3,"type":"R","amount":600000,"street":0},{"player":4,"type":"F","amount":0,"street":0},{"player":5,"type":"F","amount":0,"street":0},{"player":0,"type":"C","amount":400000,"street":0},{"player":1,"type":"R","amount":785000,"street":0},{"player":2,"type":"R","amount":985000,"street":0},{"player":3,"type":"F","amount":0,"street":0}],"actions":[{"type":"F","amount":0},{"type":"C","amount":385000}],"hands":{"22":{"weight":0.1847,"played":[0.6448,0.3552],"evs":[0.0,6.38225]},"32o":{"weight":0.0,"played":[0.2509,0.7491],"evs":[0.0,1.48754]},"42o":{"weight":0.0,"played":[0.3779,0.6221],"evs":[0.0,26.24056]},"52o":{"weight":0.0,"played":[0.0,1.0],"evs":[0.0,2.60568]},"62o":{"weight":0.0,"played":[1.0,0.0],"evs":[0.0,-4.33682]},"72o":{"weight":0.0,"played":[0.0301,0.9699],"evs":[0.0,4.84079]},"82o":{"weight":0.0,"played":[0.2458,0.7542],"evs":[0.0,0.62234]},"92o":{"weight":0.0,"played":[0.2016,0.7984],"evs":[0.0,13.69393]},"T2o":{"weight":0.0,"played":[0.2112,0.7888],"evs":[0.0,-4.34115]},"J2o":{"weight":0.0,"played":[0.9528,0.0472],"evs":[0.0,18.70441]},"Q2o":{"weight":0.0,"played":[0.0,1.0],"evs":[0.0,-4.34115]},"K2o":{"weight":0.0,"played":[0.0,1.0],"evs":[0.0,40.38583]},"A2o":{"weight":0.0,"played":[0.9938,0.0062],"evs":[0.0,-4.33682]},"32s":{"weight":0.0,"played":[0.5,0.5],"evs":[0.0,0.0]},"33":{"weight":0.0,"played":[0.5,0.5],"evs":[0.0,-4.34038]},"43o":{"weight":0.0,"played":[0.9688,0.0312],"evs":[0.0,-2.36032]},"53o":{"weight":0.0,"played":[1.0,0.0],"evs":[0.0,-1.99582]},"63o":{"weight":0.0,"played":[0.9592,0.0408],"evs":[0.0,2.67181]},"73o":{"weight":0.0,"played":[0.5494,0.4506],"evs":[0.0,-4.33877]},"83o":{"weight":0.0,"played":[0.95,0.05],"evs":[0.0,-4.13867]},"93o":{"weight":0.0,"played":[0.4166,0.5834],"evs":[0.0,0.53162]},"T3o":{"weight":0.0,"played":[0.7722,0.2278],"evs":[0.0,-4.34004]},"J3o":{"weight":0.0,"played":[0.3212,0.6788],"evs":[0.0,8.03436]},"Q3o":{"weight":0.0,"played":[1.0,0.0],"evs":[0.0,-4.34115]},"K3o":{"weight":0.0,"played":[1.0,0.0],"evs":[0.0,21.92246]},"A3o":{"weight":0.0,"played":[0.955,0.045],"evs":[0.0,-4.33842]},"42s":{"weight":0.0,"played":[0.1016,0.8984],"evs":[0.0,20.37558]},"43s":{"weight":0.0,"played":[0.9307,0.0693],"evs":[0.0,34.19096]},"44":{"weight":9.0E-4,"played":[0.5289,0.4711],"evs":[0.0,-0.47211]},"54o":{"weight":0.0,"played":[0.9236,0.0764],"evs":[0.0,-4.34002]},"64o":{"weight":0.0,"played":[1.0,0.0],"evs":[0.0,-4.33815]},"74o":{"weight":0.0,"played":[1.0,0.0],"evs":[0.0,-4.33682]},"84o":{"weight":0.0,"played":[0.8115,0.1885],"evs":[0.0,-4.21687]},"94o":{"weight":0.0,"played":[1.0,0.0],"evs":[0.0,-2.84308]},"T4o":{"weight":0.0,"played":[1.0,0.0],"evs":[0.0,-4.34115]},"J4o":{"weight":0.0,"played":[0.9264,0.0736],"evs":[0.0,-4.00481]},"Q4o":{"weight":0.0,"played":[0.0071,0.9929],"evs":[0.0,0.10145]},"K4o":{"weight":0.0,"played":[1.0,0.0],"evs":[0.0,-4.34115]},"A4o":{"weight":0.0,"played":[0.8674,0.1326],"evs":[0.0,-4.33682]},"52s":{"weight":0.0,"played":[0.0,1.0],"evs":[0.0,2.97005]},"53s":{"weight":0.0,"played":[0.5,0.5],"evs":[0.0,0.0]},"54s":{"weight":0.0,"played":[0.5,0.5],"evs":[0.0,2.97005]},"55":{"weight":0.0,"played":[0.7981,0.2019],"evs":[0.0,0.0192]},"65o":{"weight":0.0,"played":[0.5229,0.4771],"evs":[0.0,9.66136]},"75o":{"weight":0.0,"played":[0.916,0.084],"evs":[0.0,-4.09575]},"85o":{"weight":0.0,"played":[0.289,0.711],"evs":[0.0,3.21682]},"95o":{"weight":0.0,"played":[0.7333,0.2667],"evs":[0.0,16.39]},"T5o":{"weight":0.0,"played":[0.2019,0.7981],"evs":[0.0,13.72101]},"J5o":{"weight":0.0,"played":[0.9517,0.0483],"evs":[0.0,1.01668]},"Q5o":{"weight":0.0,"played":[0.5,0.5],"evs":[0.0,2.97005]},"K5o":{"weight":0.0,"played":[0.9521,0.0479],"evs":[0.0,-2.56967]},"A5o":{"weight":0.0,"played":[0.1109,0.8891],"evs":[0.0,12.89631]},"62s":{"weight":0.0,"played":[0.5,0.5],"evs":[0.0,0.0]},"63s":{"weight":0.0,"played":[0.0,1.0],"evs":[0.0,2.97005]},"64s":{"weight":0.0,"played":[1.0,0.0],"evs":[0.0,2.97005]},"65s":{"weight":0.0,"played":[0.2065,0.7935],"evs":[0.0,4.89409]},"66":{"weight":0.0,"played":[0.0,1.0],"evs":[0.0,26.51027]},"76o":{"weight":0.0,"played":[0.0593,0.9407],"evs":[0.0,7.72495]},"86o":{"weight":0.0,"played":[0.5,0.5],"evs":[0.0,40.38583]},"96o":{"weight":0.0,"played":[0.5,0.5],"evs":[0.0,2.97005]},"T6o":{"weight":0.0,"played":[0.9817,0.0183],"evs":[0.0,-4.33682]},"J6o":{"weight":0.0,"played":[1.0,0.0],"evs":[0.0,-4.33682]},"Q6o":{"weight":0.0,"played":[0.0,1.0],"evs":[0.0,-4.33682]},"K6o":{"weight":0.0,"played":[0.759,0.241],"evs":[0.0,18.82468]},"A6o":{"weight":0.0,"played":[1.0,0.0],"evs":[0.0,-4.33943]},"72s":{"weight":0.0,"played":[0.5,0.5],"evs":[0.0,0.0]},"73s":{"weight":0.0,"played":[0.4726,0.5274],"evs":[0.0,24.53784]},"74s":{"weight":0.0,"played":[0.5,0.5],"evs":[0.0,0.0]},"75s":{"weight":0.0,"played":[0.0,1.0],"evs":[0.0,2.97005]},"76s":{"weight":0.0,"played":[1.0,0.0],"evs":[0.0,-4.33701]},"77":{"weight":0.0,"played":[0.1618,0.8382],"evs":[0.0,34.32576]},"87o":{"weight":0.0,"played":[0.0,1.0],"evs":[0.0,11.23503]},"97o":{"weight":0.0,"played":[1.0,0.0],"evs":[0.0,40.37686]},"T7o":{"weight":0.0,"played":[0.7457,0.2543],"evs":[0.0,29.01306]},"J7o":{"weight":0.0,"played":[0.3421,0.6579],"evs":[0.0,9.31504]},"Q7o":{"weight":0.0,"played":[0.3415,0.6585],"evs":[0.0,10.88427]},"K7o":{"weight":0.0,"played":[0.0,1.0],"evs":[0.0,-0.51932]},"A7o":{"weight":2.0E-4,"played":[1.0,0.0],"evs":[0.0,-4.33682]},"82s":{"weight":0.0,"played":[1.0,0.0],"evs":[0.0,2.97005]},"83s":{"weight":0.0,"played":[1.0,0.0],"evs":[0.0,-4.33682]},"84s":{"weight":0.0,"played":[0.5,0.5],"evs":[0.0,40.37686]},"85s":{"weight":0.0,"played":[0.5,0.5],"evs":[0.0,40.37686]},"86s":{"weight":0.0,"played":[1.0,0.0],"evs":[0.0,-4.34115]},"87s":{"weight":0.0,"played":[0.3559,0.6441],"evs":[0.0,40.37686]},"88":{"weight":0.0069,"played":[0.0431,0.9569],"evs":[0.0,40.38583]},"98o":{"weight":0.0,"played":[0.2269,0.7731],"evs":[0.0,9.65305]},"T8o":{"weight":0.0,"played":[0.2367,0.7633],"evs":[0.0,3.33945]},"J8o":{"weight":0.0,"played":[0.0423,0.9577],"evs":[0.0,0.27717]},"Q8o":{"weight":0.0,"played":[0.0909,0.9091],"evs":[0.0,9.77129]},"K8o":{"weight":0.0,"played":[0.1794,0.8206],"evs":[0.0,8.51021]},"A8o":{"weight":0.3379,"played":[0.2458,0.7542],"evs":[0.0,6.902]},"92s":{"weight":0.0,"played":[0.5,0.5],"evs":[0.0,0.0]},"93s":{"weight":0.0,"played":[0.5,0.5],"evs":[0.0,0.0]},"94s":{"weight":0.0,"played":[0.5,0.5],"evs":[0.0,40.37686]},"95s":{"weight":0.0,"played":[1.0,0.0],"evs":[0.0,-4.33682]},"96s":{"weight":0.0,"played":[0.5,0.5],"evs":[0.0,40.37686]},"97s":{"weight":0.0,"played":[0.6841,0.3159],"evs":[0.0,0.66019]},"98s":{"weight":3.0E-4,"played":[0.5,0.5],"evs":[0.0,-4.33682]},"99":{"weight":0.0,"played":[0.5,0.5],"evs":[0.0,-4.33682]},"T9o":{"weight":0.0,"played":[0.7776,0.2224],"evs":[0.0,-4.33682]},"J9o":{"weight":0.0,"played":[0.0018,0.9982],"evs":[0.0,-4.28047]},"Q9o":{"weight":0.0,"played":[0.1951,0.8049],"evs":[0.0,6.07266]},"K9o":{"weight":0.0,"played":[0.0608,0.9392],"evs":[0.0,1.09558]},"A9o":{"weight":0.0036,"played":[0.0143,0.9857],"evs":[0.0,-4.33682]},"T2s":{"weight":0.0,"played":[0.5,0.5],"evs":[0.0,0.0]},"T3s":{"weight":0.0,"played":[0.9896,0.0104],"evs":[0.0,-4.34106]},"T4s":{"weight":0.0,"played":[1.0,0.0],"evs":[0.0,-4.34115]},"T5s":{"weight":0.0,"played":[0.5,0.5],"evs":[0.0,0.0]},"T6s":{"weight":0.0,"played":[0.5,0.5],"evs":[0.0,-4.33682]},"T7s":{"weight":0.0,"played":[0.5,0.5],"evs":[0.0,-4.33682]},"T8s":{"weight":0.0,"played":[0.0327,0.9673],"evs":[0.0,-4.34115]},"T9s":{"weight":0.0182,"played":[0.5,0.5],"evs":[0.0,0.0]},"TT":{"weight":0.0393,"played":[0.0,1.0],"evs":[0.0,40.38583]},"JTo":{"weight":0.0,"played":[0.4308,0.5692],"evs":[0.0,14.92586]},"QTo":{"weight":0.0,"played":[0.706,0.294],"evs":[0.0,-4.3386]},"KTo":{"weight":0.0011,"played":[0.8596,0.1404],"evs":[0.0,-0.73519]},"ATo":{"weight":0.0,"played":[1.0,0.0],"evs":[0.0,-2.081]},"J2s":{"weight":0.0,"played":[0.1408,0.8592],"evs":[0.0,8.255]},"J3s":{"weight":0.0,"played":[1.0,0.0],"evs":[0.0,-4.33682]},"J4s":{"weight":0.0,"played":[0.7096,0.2904],"evs":[0.0,-4.33807]},"J5s":{"weight":0.0,"played":[0.798,0.202],"evs":[0.0,-4.33682]},"J6s":{"weight":0.0,"played":[0.5,0.5],"evs":[0.0,40.38583]},"J7s":{"weight":0.0,"played":[0.5,0.5],"evs":[0.0,-4.33682]},"J8s":{"weight":0.0,"played":[0.0,1.0],"evs":[0.0,-4.33682]},"J9s":{"weight":0.3485,"played":[0.095,0.905],"evs":[0.0,22.31902]},"JTs":{"weight":0.0,"played":[0.5,0.5],"evs":[0.0,2.97005]},"JJ":{"weight":0.0039,"played":[1.0,0.0],"evs":[0.0,2.97005]},"QJo":{"weight":0.2726,"played":[0.1986,0.8014],"evs":[0.0,0.70287]},"KJo":{"weight":0.0108,"played":[0.0,1.0],"evs":[0.0,-1.8565]},"AJo":{"weight":0.0,"played":[0.7945,0.2055],"evs":[0.0,21.99762]},"Q2s":{"weight":0.0,"played":[0.5166,0.4834],"evs":[0.0,-4.34038]},"Q3s":{"weight":0.0,"played":[0.5,0.5],"evs":[0.0,0.0]},"Q4s":{"weight":0.0,"played":[0.5,0.5],"evs":[0.0,-4.34115]},"Q5s":{"weight":0.0,"played":[0.7507,0.2493],"evs":[0.0,-4.33682]},"Q6s":{"weight":0.0,"played":[0.5,0.5],"evs":[0.0,-4.34115]},"Q7s":{"weight":0.0,"played":[0.5,0.5],"evs":[0.0,2.97005]},"Q8s":{"weight":0.0,"played":[0.5,0.5],"evs":[0.0,40.38583]},"Q9s":{"weight":0.0108,"played":[1.0,0.0],"evs":[0.0,22.89799]},"QTs":{"weight":0.0,"played":[0.5,0.5],"evs":[0.0,2.97005]},"QJs":{"weight":0.0,"played":[0.5,0.5],"evs":[0.0,0.0]},"QQ":{"weight":0.3733,"played":[0.0,1.0],"evs":[0.0,40.38402]},"KQo":{"weight":0.0,"played":[0.1973,0.8027],"evs":[0.0,13.30623]},"AQo":{"weight":0.0,"played":[0.9201,0.0799],"evs":[0.0,36.81331]},"K2s":{"weight":0.0,"played":[0.9677,0.0323],"evs":[0.0,2.73434]},"K3s":{"weight":0.0,"played":[0.5,0.5],"evs":[0.0,0.0]},"K4s":{"weight":0.0,"played":[0.4907,0.5093],"evs":[0.0,10.79614]},"K5s":{"weight":0.0,"played":[1.0,0.0],"evs":[0.0,2.97005]},"K6s":{"weight":0.0,"played":[0.5,0.5],"evs":[0.0,40.38583]},"K7s":{"weight":0.0,"played":[0.0,1.0],"evs":[0.0,-4.33682]},"K8s":{"weight":0.0496,"played":[0.5,0.5],"evs":[0.0,0.0]},"K9s":{"weight":0.199,"played":[0.8226,0.1774],"evs":[0.0,-4.33789]},"KTs":{"weight":0.0049,"played":[0.5,0.5],"evs":[0.0,0.0]},"KJs":{"weight":0.0083,"played":[0.5,0.5],"evs":[0.0,-4.33682]},"KQs":{"weight":0.0,"played":[0.7688,0.2312],"evs":[0.0,19.70484]},"KK":{"weight":0.0287,"played":[0.0,1.0],"evs":[0.0,40.38196]},"AKo":{"weight":0.0093,"played":[0.2176,0.7824],"evs":[0.0,-2.7465]},"A2s":{"weight":0.1687,"played":[0.7682,0.2318],"evs":[0.0,-4.33682]},"A3s":{"weight":0.0031,"played":[0.3544,0.6456],"evs":[0.0,9.08726]},"A4s":{"weight":0.6083,"played":[0.0,1.0],"evs":[0.0,4.46107]},"A5s":{"weight":5.0E-4,"played":[0.1796,0.8204],"evs":[0.0,11.71781]},"A6s":{"weight":0.0161,"played":[0.5,0.5],"evs":[0.0,0.0]},"A7s":{"weight":0.0733,"played":[0.5308,0.4692],"evs":[0.0,19.39774]},"A8s":{"weight":0.015,"played":[0.0,1.0],"evs":[0.0,-4.33682]},"A9s":{"weight":0.0,"played":[0.5127,0.4873],"evs":[0.0,16.27252]},"ATs":{"weight":0.1706,"played":[0.0,1.0],"evs":[0.0,16.30637]},"AJs":{"weight":7.0E-4,"played":[0.5,0.5],"evs":[0.0,0.0]},"AQs":{"weight":0.372,"played":[1.0,0.0],"evs":[0.0,-4.33682]},"AKs":{"weight":0.0444,"played":[0.778,0.222],"evs":[0.0,-4.33682]},"AA":{"weight":0.0188,"played":[0.3995,0.6005],"evs":[0.0,34.0205]}}}