{"player":0,"street":0,"children":2,"sequence":[{"player":0,"type":"R","amount":200000,"street":0},{"player":1,"type":"C","amount":200000,"street":0},{"player":2,"type":"C","amount":200000,"street":0},{"player":3,"type":"R","amount":600000,"street":0},{"player":4,"type":"F","amount":0,"street":0},{"player":5,"type":"F","amount":0,"street":0},{"player":0,"type":"C","amount":400000,"street":0},{"player":1,"type":"R","amount":785000,"street":0},{"player":2,"type":"R","amount":985000,"street":0},{"player":3,"type":"C","amount":385000,"street":0}],"actions":[{"type":"F","amount":0},{"type":"C","amount":385000}],"hands":{"22":{"weight":0.1847,"played":[0.0998,0.9002],"evs":[0.0,17.3901]},"32o":{"weight":0.0,"played":[0.0,1.0],"evs":[0.0,1.06501]},"42o":{"weight":0.0,"played":[0.6884,0.3116],"evs":[0.0,-0.61563]},"52o":{"weight":0.0,"played":[1.0,0.0],"evs":[0.0,12.31499]},"62o":{"weight":0.0,"played":[1.0,0.0],"evs":[0.0,-2.29634]},"72o":{"weight":0.0,"played":[0.0,1.0],"evs":[0.0,-9.79833]},"82o":{"weight":0.0,"played":[0.4929,0.5071],"evs":[0.0,5.64114]},"92o":{"weight":0.0,"played":[0.0395,0.9605],"evs":[0.0,-0.48723]},"T2o":{"weight":0.0,"played":[1.0,0.0],"evs":[0.0,-9.79833]},"J2o":{"weight":0.0,"played":[1.0,0.0],"evs":[0.0,-9.79833]},"Q2o":{"weight":0.0,"played":[0.1368,0.8632],"evs":[0.0,-3.02825]},"K2o":{"weight":0.0,"played":[1.0,0.0],"evs":[0.0,-5.14582]},"A2o":{"weight":0.0,"played":[0.9161,0.0839],"evs":[0.0,7.1337]},"32s":{"weight":0.0,"played":[0.5,0.5],"evs":[0.0,-4.3335]},"33":{"weight":0.0,"played":[0.4595,0.5405],"evs":[0.0,49.37925]},"43o":{"weight":0.0,"played":[0.1191,0.8809],"evs":[0.0,10.8174]},"53o":{"weight":0.0,"played":[0.9843,0.0157],"evs":[0.0,-5.75051]},"63o":{"weight":0.0,"played":[0.8509,0.1491],"evs":[0.0,-4.73895]},"73o":{"weight":0.0,"played":[1.0,0.0],"evs":[0.0,-9.79833]},"83o":{"weight":0.0,"played":[1.0,0.0],"evs":[0.0,-9.79494]},"93o":{"weight":0.0,"played":[0.2276,0.7724],"evs":[0.0,14.22431]},"T3o":{"weight":0.0,"played":[0.2237,0.7763],"evs":[0.0,45.16546]},"J3o":{"weight":0.0,"played":[0.0945,0.9055],"evs":[0.0,-7.87683]},"Q3o":{"weight":0.0,"played":[0.1152,0.8848],"evs":[0.0,8.03569]},"K3o":{"weight":0.0,"played":[0.0,1.0],"evs":[0.0,49.38702]},"A3o":{"weight":0.0,"played":[0.752,0.248],"evs":[0.0,-4.33745]},"42s":{"weight":0.0,"played":[0.5,0.5],"evs":[0.0,5.21644]},"43s":{"weight":0.0,"played":[0.5,0.5],"evs":[0.0,0.0]},"44":{"weight":9.0E-4,"played":[0.5,0.5],"evs":[0.0,49.38398]},"54o":{"weight":0.0,"played":[0.3354,0.6646],"evs":[0.0,-5.44422]},"64o":{"weight":0.0,"played":[0.7025,0.2975],"evs":[0.0,-3.83564]},"74o":{"weight":0.0,"played":[0.2034,0.7966],"evs":[0.0,23.1856]},"84o":{"weight":0.0,"played":[0.9738,0.0262],"evs":[0.0,19.20549]},"94o":{"weight":0.0,"played":[0.9673,0.0327],"evs":[0.0,-7.17734]},"T4o":{"weight":0.0,"played":[1.0,0.0],"evs":[0.0,-9.7969]},"J4o":{"weight":0.0,"played":[0.9988,0.0012],"evs":[0.0,-6.98104]},"Q4o":{"weight":0.0,"played":[0.239,0.761],"evs":[0.0,13.69249]},"K4o":{"weight":0.0,"played":[0.9676,0.0324],"evs":[0.0,-4.42981]},"A4o":{"weight":0.0,"played":[0.7089,0.2911],"evs":[0.0,6.65926]},"52s":{"weight":0.0,"played":[0.5,0.5],"evs":[0.0,-4.33496]},"53s":{"weight":0.0,"played":[0.9645,0.0355],"evs":[0.0,-4.33374]},"54s":{"weight":0.0,"played":[0.9974,0.0026],"evs":[0.0,-8.96963]},"55":{"weight":0.0,"played":[0.0,1.0],"evs":[0.0,-4.18191]},"65o":{"weight":0.0,"played":[0.4828,0.5172],"evs":[0.0,-3.87578]},"75o":{"weight":0.0,"played":[0.734,0.266],"evs":[0.0,10.82959]},"85o":{"weight":0.0,"played":[1.0,0.0],"evs":[0.0,-4.33588]},"95o":{"weight":0.0,"played":[0.3493,0.6507],"evs":[0.0,-0.53799]},"T5o":{"weight":0.0,"played":[1.0,0.0],"evs":[0.0,5.21644]},"J5o":{"weight":0.0,"played":[0.6438,0.3562],"evs":[0.0,28.55855]},"Q5o":{"weight":0.0,"played":[1.0,0.0],"evs":[0.0,-9.79494]},"K5o":{"weight":0.0,"played":[0.162,0.838],"evs":[0.0,-8.09204]},"A5o":{"weight":0.0,"played":[0.3982,0.6018],"evs":[0.0,1.57481]},"62s":{"weight":0.0,"played":[0.1612,0.8388],"evs":[0.0,-6.2953]},"63s":{"weight":0.0,"played":[1.0,0.0],"evs":[0.0,-4.34101]},"64s":{"weight":0.0,"played":[1.0,0.0],"evs":[0.0,-9.79833]},"65s":{"weight":0.0,"played":[0.9535,0.0465],"evs":[0.0,14.78375]},"66":{"weight":0.0,"played":[1.0,0.0],"evs":[0.0,-6.00513]},"76o":{"weight":0.0,"played":[0.464,0.536],"evs":[0.0,-3.49477]},"86o":{"weight":0.0,"played":[1.0,0.0],"evs":[0.0,20.40573]},"96o":{"weight":0.0,"played":[0.9189,0.0811],"evs":[0.0,17.54975]},"T6o":{"weight":0.0,"played":[0.5,0.5],"evs":[0.0,0.0]},"J6o":{"weight":0.0,"played":[0.5,0.5],"evs":[0.0,-9.79494]},"Q6o":{"weight":0.0,"played":[0.7359,0.2641],"evs":[0.0,13.618]},"K6o":{"weight":0.0,"played":[1.0,0.0],"evs":[0.0,-4.3369]},"A6o":{"weight":0.0,"played":[0.8751,0.1249],"evs":[0.0,-0.95441]},"72s":{"weight":0.0,"played":[0.5,0.5],"evs":[0.0,0.0]},"73s":{"weight":0.0,"played":[0.0,1.0],"evs":[0.0,-9.79494]},"74s":{"weight":0.0,"played":[0.5,0.5],"evs":[0.0,5.21644]},"75s":{"weight":0.0,"played":[1.0,0.0],"evs":[0.0,-4.34101]},"76s":{"weight":0.0,"played":[0.5,0.5],"evs":[0.0,-4.3369]},"77":{"weight":0.0,"played":[0.0,1.0],"evs":[0.0,49.37522]},"87o":{"weight":0.0,"played":[0.9761,0.0239],"evs":[0.0,6.83015]},"97o":{"weight":0.0,"played":[0.9672,0.0328],"evs":[0.0,-5.76956]},"T7o":{"weight":0.0,"played":[0.0,1.0],"evs":[0.0,-4.3369]},"J7o":{"weight":0.0,"played":[0.8091,0.1909],"evs":[0.0,-9.79798]},"Q7o":{"weight":0.0,"played":[1.0,0.0],"evs":[0.0,15.51116]},"K7o":{"weight":0.0,"played":[1.0,0.0],"evs":[0.0,-4.34101]},"A7o":{"weight":2.0E-4,"played":[0.915,0.085],"evs":[0.0,40.2564]},"82s":{"weight":0.0,"played":[0.5617,0.4383],"evs":[0.0,34.30214]},"83s":{"weight":0.0,"played":[0.5,0.5],"evs":[0.0,-4.34101]},"84s":{"weight":0.0,"played":[0.5,0.5],"evs":[0.0,0.0]},"85s":{"weight":0.0,"played":[0.8834,0.1166],"evs":[0.0,-7.03928]},"86s":{"weight":0.0,"played":[0.766,0.234],"evs":[0.0,-9.8028]},"87s":{"weight":0.0,"played":[0.1929,0.8071],"evs":[0.0,16.39071]},"88":{"weight":0.0069,"played":[0.7663,0.2337],"evs":[0.0,33.01957]},"98o":{"weight":0.0,"played":[0.0805,0.9195],"evs":[0.0,4.30734]},"T8o":{"weight":0.0,"played":[0.052,0.948],"evs":[0.0,18.38944]},"J8o":{"weight":0.0,"played":[1.0,0.0],"evs":[0.0,-4.70686]},"Q8o":{"weight":0.0,"played":[1.0,0.0],"evs":[0.0,-4.33721]},"K8o":{"weight":0.0,"played":[1.0,0.0],"evs":[0.0,49.37522]},"A8o":{"weight":0.3379,"played":[0.1408,0.8592],"evs":[0.0,9.79184]},"92s":{"weight":0.0,"played":[0.5,0.5],"evs":[0.0,-4.33496]},"93s":{"weight":0.0,"played":[0.0,1.0],"evs":[0.0,-9.79494]},"94s":{"weight":0.0,"played":[0.1852,0.8148],"evs":[0.0,1.55443]},"95s":{"weight":0.0,"played":[0.8987,0.1013],"evs":[0.0,-4.33809]},"96s":{"weight":0.0,"played":[0.8425,0.1575],"evs":[0.0,-8.94518]},"97s":{"weight":0.0,"played":[1.0,0.0],"evs":[0.0,-4.33496]},"98s":{"weight":3.0E-4,"played":[0.5,0.5],"evs":[0.0,-4.34101]},"99":{"weight":0.0,"played":[0.4749,0.5251],"evs":[0.0,17.40386]},"T9o":{"weight":0.0,"played":[0.3258,0.6742],"evs":[0.0,-6.25952]},"J9o":{"weight":0.0,"played":[0.4665,0.5335],"evs":[0.0,-3.15408]},"Q9o":{"weight":0.0,"played":[0.0,1.0],"evs":[0.0,5.82308]},"K9o":{"weight":0.0,"played":[0.8449,0.1551],"evs":[0.0,11.02917]},"A9o":{"weight":0.0036,"played":[0.4138,0.5862],"evs":[0.0,-5.55488]},"T2s":{"weight":0.0,"played":[0.5,0.5],"evs":[0.0,5.2077]},"T3s":{"weight":0.0,"played":[0.5,0.5],"evs":[0.0,-9.80673]},"T4s":{"weight":0.0,"played":[1.0,0.0],"evs":[0.0,-0.85091]},"T5s":{"weight":0.0,"played":[0.4683,0.5317],"evs":[0.0,-2.63901]},"T6s":{"weight":0.0,"played":[1.0,0.0],"evs":[0.0,-1.45675]},"T7s":{"weight":0.0,"played":[1.0,0.0],"evs":[0.0,-9.79494]},"T8s":{"weight":0.0,"played":[0.5,0.5],"evs":[0.0,44.41138]},"T9s":{"weight":0.0182,"played":[1.0,0.0],"evs":[0.0,-4.33496]},"TT":{"weight":0.0393,"played":[1.0,0.0],"evs":[0.0,10.53761]},"JTo":{"weight":0.0,"played":[0.4088,0.5912],"evs":[0.0,-2.12628]},"QTo":{"weight":0.0,"played":[0.0,1.0],"evs":[0.0,-9.79494]},"KTo":{"weight":0.0011,"played":[0.286,0.714],"evs":[0.0,31.30892]},"ATo":{"weight":0.0,"played":[0.5409,0.4591],"evs":[0.0,0.13546]},"J2s":{"weight":0.0,"played":[1.0,0.0],"evs":[0.0,-4.33047]},"J3s":{"weight":0.0,"played":[1.0,0.0],"evs":[0.0,-9.79833]},"J4s":{"weight":0.0,"played":[0.9821,0.0179],"evs":[0.0,-5.31497]},"J5s":{"weight":0.0,"played":[0.8138,0.1862],"evs":[0.0,-4.33618]},"J6s":{"weight":0.0,"played":[0.5,0.5],"evs":[0.0,0.0]},"J7s":{"weight":0.0,"played":[0.5,0.5],"evs":[0.0,-9.80707]},"J8s":{"weight":0.0,"played":[0.5,0.5],"evs":[0.0,0.0]},"J9s":{"weight":0.3485,"played":[0.5,0.5],"evs":[0.0,44.39959]},"JTs":{"weight":0.0,"played":[0.5,0.5],"evs":[0.0,0.0]},"JJ":{"weight":0.0039,"played":[0.9863,0.0137],"evs":[0.0,-6.62313]},"QJo":{"weight":0.2726,"played":[0.5013,0.4987],"evs":[0.0,8.8903]},"KJo":{"weight":0.0108,"played":[0.0,1.0],"evs":[0.0,4.62469]},"AJo":{"weight":0.0,"played":[0.0,1.0],"evs":[0.0,27.55964]},"Q2s":{"weight":0.0,"played":[0.0,1.0],"evs":[0.0,-1.5168]},"Q3s":{"weight":0.0,"played":[0.926,0.074],"evs":[0.0,-5.44411]},"Q4s":{"weight":0.0,"played":[0.0,1.0],"evs":[0.0,-9.79833]},"Q5s":{"weight":0.0,"played":[0.0,1.0],"evs":[0.0,-9.79833]},"Q6s":{"weight":0.0,"played":[0.8507,0.1493],"evs":[0.0,-5.7017]},"Q7s":{"weight":0.0,"played":[0.5,0.5],"evs":[0.0,0.0]},"Q8s":{"weight":0.0,"played":[0.951,0.049],"evs":[0.0,-4.33555]},"Q9s":{"weight":0.0108,"played":[1.0,0.0],"evs":[0.0,49.37522]},"QTs":{"weight":0.0,"played":[0.7669,0.2331],"evs":[0.0,-4.33599]},"QJs":{"weight":0.0,"played":[0.3327,0.6673],"evs":[0.0,0.61525]},"QQ":{"weight":0.3733,"played":[0.0,1.0],"evs":[0.0,44.41138]},"KQo":{"weight":0.0,"played":[0.0102,0.9898],"evs":[0.0,11.35007]},"AQo":{"weight":0.0,"played":[0.0,1.0],"evs":[0.0,34.92972]},"K2s":{"weight":0.0,"played":[0.5,0.5],"evs":[0.0,0.0]},"K3s":{"weight":0.0,"played":[1.0,0.0],"evs":[0.0,-9.79685]},"K4s":{"weight":0.0,"played":[0.0,1.0],"evs":[0.0,-4.34101]},"K5s":{"weight":0.0,"played":[1.0,0.0],"evs":[0.0,49.37523]},"K6s":{"weight":0.0,"played":[0.5,0.5],"evs":[0.0,-9.79494]},"K7s":{"weight":0.0,"played":[0.5,0.5],"evs":[0.0,-4.3369]},"K8s":{"weight":0.0496,"played":[0.4257,0.5743],"evs":[0.0,-4.74162]},"K9s":{"weight":0.199,"played":[0.0,1.0],"evs":[0.0,-3.01363]},"KTs":{"weight":0.0049,"played":[0.0,1.0],"evs":[0.0,-5.54289]},"KJs":{"weight":0.0083,"played":[0.5,0.5],"evs":[0.0,0.0]},"KQs":{"weight":0.0,"played":[0.5,0.5],"evs":[0.0,0.0]},"KK":{"weight":0.0287,"played":[0.0,1.0],"evs":[0.0,33.38936]},"AKo":{"weight":0.0093,"played":[0.0,1.0],"evs":[0.0,32.80322]},"A2s":{"weight":0.1687,"played":[0.5591,0.4409],"evs":[0.0,10.43577]},"A3s":{"weight":0.0031,"played":[1.0,0.0],"evs":[0.0,-9.79734]},"A4s":{"weight":0.6083,"played":[0.7895,0.2105],"evs":[0.0,-7.04997]},"A5s":{"weight":5.0E-4,"played":[0.0,1.0],"evs":[0.0,-9.79494]},"A6s":{"weight":0.0161,"played":[0.5,0.5],"evs":[0.0,-9.79494]},"A7s":{"weight":0.0733,"played":[0.5,0.5],"evs":[0.0,-4.3369]},"A8s":{"weight":0.015,"played":[0.0,1.0],"evs":[0.0,38.78332]},"A9s":{"weight":0.0,"played":[0.3981,0.6019],"evs":[0.0,13.7669]},"ATs":{"weight":0.1706,"played":[0.759,0.241],"evs":[0.0,20.90684]},"AJs":{"weight":7.0E-4,"played":[0.9731,0.0269],"evs":[0.0,-4.33528]},"AQs":{"weight":0.372,"played":[0.8757,0.1243],"evs":[0.0,-4.85134]},"AKs":{"weight":0.0444,"played":[0.9253,0.0747],"evs":[0.0,0.25898]},"AA":{"weight":0.0188,"played":[0.0169,0.9831],"evs":[0.0,49.38362]}}}