{"player":2,"street":0,"children":2,"sequence":[{"player":0,"type":"R","amount":200000,"street":0},{"player":1,"type":"C","amount":200000,"street":0},{"player":2,"type":"C","amount":200000,"street":0},{"player":3,"type":"R","amount":600000,"street":0},{"player":4,"type":"F","amount":0,"street":0},{"player":5,"type":"F","amount":0,"street":0},{"player":0,"type":"R","amount":1465000,"street":0},{"player":1,"type":"C","amount":585000,"street":0}],"actions":[{"type":"F","amount":0,"node":464},{"type":"C","amount":785000,"node":465}],"hands":{"22":{"weight":0.0,"played":[0.8417,0.1583],"evs":[0.0,1.65325]},"32o":{"weight":0.0,"played":[0.9985,0.0015],"evs":[0.0,-2.16777]},"42o":{"weight":0.0,"played":[0.7004,0.2996],"evs":[0.0,-1.47457]},"52o":{"weight":0.0,"played":[0.8553,0.1447],"evs":[0.0,-5.90177]},"62o":{"weight":0.0,"played":[0.6593,0.3407],"evs":[0.0,-0.41012]},"72o":{"weight":0.0,"played":[0.992,0.008],"evs":[0.0,-4.58801]},"82o":{"weight":0.0,"played":[0.9976,0.0024],"evs":[0.0,-1.90139]},"92o":{"weight":0.0,"played":[0.7644,0.2356],"evs":[0.0,-4.06641]},"T2o":{"weight":0.0,"played":[0.5822,0.4178],"evs":[0.0,1.89048]},"J2o":{"weight":0.0,"played":[0.8851,0.1149],"evs":[0.0,-3.24311]},"Q2o":{"weight":0.0,"played":[0.7884,0.2116],"evs":[0.0,0.69405]},"K2o":{"weight":0.0,"played":[0.8211,0.1789],"evs":[0.0,-0.59973]},"A2o":{"weight":0.0,"played":[0.0776,0.9224],"evs":[0.0,3.67692]},"32s":{"weight":1.0E-4,"played":[0.9464,0.0536],"evs":[0.0,-3.50571]},"33":{"weight":7.0E-4,"played":[0.3342,0.6658],"evs":[0.0,1.75612]},"43o":{"weight":0.0,"played":[0.9088,0.0912],"evs":[0.0,-4.54799]},"53o":{"weight":0.0,"played":[0.0138,0.9862],"evs":[0.0,2.22699]},"63o":{"weight":0.0,"played":[0.9351,0.0649],"evs":[0.0,-4.99704]},"73o":{"weight":0.0,"played":[0.378,0.622],"evs":[0.0,-1.22032]},"83o":{"weight":0.0,"played":[0.9054,0.0946],"evs":[0.0,-2.28783]},"93o":{"weight":0.0,"played":[0.9009,0.0991],"evs":[0.0,-4.85585]},"T3o":{"weight":0.0,"played":[0.9778,0.0222],"evs":[0.0,-4.22426]},"J3o":{"weight":0.0,"played":[0.6938,0.3062],"evs":[0.0,-4.05254]},"Q3o":{"weight":0.0,"played":[0.9499,0.0501],"evs":[0.0,-1.14154]},"K3o":{"weight":0.0,"played":[0.9973,0.0027],"evs":[0.0,-3.58254]},"A3o":{"weight":0.0,"played":[0.9677,0.0323],"evs":[0.0,0.84449]},"42s":{"weight":0.0,"played":[0.2286,0.7714],"evs":[0.0,3.41647]},"43s":{"weight":0.0,"played":[0.9201,0.0799],"evs":[0.0,-0.04461]},"44":{"weight":0.0,"played":[0.228,0.772],"evs":[0.0,-0.99462]},"54o":{"weight":0.0,"played":[0.5024,0.4976],"evs":[0.0,5.50567]},"64o":{"weight":0.0,"played":[0.6551,0.3449],"evs":[0.0,0.82227]},"74o":{"weight":0.0,"played":[0.6932,0.3068],"evs":[0.0,-1.63065]},"84o":{"weight":0.0,"played":[0.8067,0.1933],"evs":[0.0,-2.12222]},"94o":{"weight":0.0,"played":[0.991,0.009],"evs":[0.0,-2.94771]},"T4o":{"weight":0.0,"played":[0.7488,0.2512],"evs":[0.0,-3.4457]},"J4o":{"weight":0.0,"played":[0.209,0.791],"evs":[0.0,-0.65558]},"Q4o":{"weight":0.0,"played":[1.0,0.0],"evs":[0.0,-2.15242]},"K4o":{"weight":0.0,"played":[0.916,0.084],"evs":[0.0,0.40299]},"A4o":{"weight":1.0E-4,"played":[0.8079,0.1921],"evs":[0.0,-1.91363]},"52s":{"weight":0.0,"played":[0.654,0.346],"evs":[0.0,-1.96926]},"53s":{"weight":0.0,"played":[0.8612,0.1388],"evs":[0.0,-6.6622]},"54s":{"weight":0.0,"played":[0.3578,0.6422],"evs":[0.0,0.36069]},"55":{"weight":0.0387,"played":[0.1515,0.8485],"evs":[0.0,2.8919]},"65o":{"weight":0.0,"played":[0.8337,0.1663],"evs":[0.0,-1.90652]},"75o":{"weight":0.0,"played":[0.8405,0.1595],"evs":[0.0,-0.82316]},"85o":{"weight":0.0,"played":[1.0,0.0],"evs":[0.0,0.25867]},"95o":{"weight":0.0,"played":[0.6732,0.3268],"evs":[0.0,1.54193]},"T5o":{"weight":0.0,"played":[0.7165,0.2835],"evs":[0.0,-0.47205]},"J5o":{"weight":0.0,"played":[0.179,0.821],"evs":[0.0,-1.69988]},"Q5o":{"weight":0.0,"played":[0.7813,0.2187],"evs":[0.0,-3.17101]},"K5o":{"weight":0.0,"played":[0.9888,0.0112],"evs":[0.0,-2.24519]},"A5o":{"weight":0.0,"played":[0.4216,0.5784],"evs":[0.0,-2.21258]},"62s":{"weight":0.0,"played":[0.0332,0.9668],"evs":[0.0,2.8024]},"63s":{"weight":3.0E-4,"played":[0.7627,0.2373],"evs":[0.0,2.00246]},"64s":{"weight":0.0,"played":[0.0,1.0],"evs":[0.0,9.14363]},"65s":{"weight":0.0,"played":[0.0536,0.9464],"evs":[0.0,2.92859]},"66":{"weight":0.2925,"played":[0.1594,0.8406],"evs":[0.0,2.25729]},"76o":{"weight":0.0,"played":[0.4376,0.5624],"evs":[0.0,1.38467]},"86o":{"weight":0.0,"played":[0.0397,0.9603],"evs":[0.0,6.64735]},"96o":{"weight":0.0,"played":[0.7552,0.2448],"evs":[0.0,-5.95392]},"T6o":{"weight":0.0,"played":[0.3549,0.6451],"evs":[0.0,-1.25243]},"J6o":{"weight":0.0,"played":[1.0,0.0],"evs":[0.0,-6.43085]},"Q6o":{"weight":0.0,"played":[0.8448,0.1552],"evs":[0.0,-1.75588]},"K6o":{"weight":0.0,"played":[0.7949,0.2051],"evs":[0.0,-2.26077]},"A6o":{"weight":0.0,"played":[0.823,0.177],"evs":[0.0,-1.01874]},"72s":{"weight":1.0E-4,"played":[0.119,0.881],"evs":[0.0,-1.14029]},"73s":{"weight":1.0E-4,"played":[0.4178,0.5822],"evs":[0.0,-2.60702]},"74s":{"weight":0.0,"played":[0.2202,0.7798],"evs":[0.0,4.8245]},"75s":{"weight":0.0,"played":[0.4227,0.5773],"evs":[0.0,1.44924]},"76s":{"weight":0.0078,"played":[0.28,0.72],"evs":[0.0,-2.75312]},"77":{"weight":0.0471,"played":[0.4418,0.5582],"evs":[0.0,4.38894]},"87o":{"weight":0.0,"played":[0.4676,0.5324],"evs":[0.0,3.13683]},"97o":{"weight":0.0,"played":[0.7358,0.2642],"evs":[0.0,-3.99827]},"T7o":{"weight":0.0,"played":[0.3005,0.6995],"evs":[0.0,-2.26989]},"J7o":{"weight":0.0,"played":[0.9724,0.0276],"evs":[0.0,-3.00471]},"Q7o":{"weight":0.0,"played":[0.9539,0.0461],"evs":[0.0,-5.20761]},"K7o":{"weight":0.0,"played":[0.9147,0.0853],"evs":[0.0,-2.95569]},"A7o":{"weight":0.0,"played":[0.1085,0.8915],"evs":[0.0,-0.42356]},"82s":{"weight":0.0,"played":[0.6901,0.3099],"evs":[0.0,-4.64123]},"83s":{"weight":0.0,"played":[0.9947,0.0053],"evs":[0.0,1.56989]},"84s":{"weight":0.0,"played":[0.5924,0.4076],"evs":[0.0,-5.73909]},"85s":{"weight":1.0E-4,"played":[0.3189,0.6811],"evs":[0.0,-2.52418]},"86s":{"weight":0.0,"played":[0.8362,0.1638],"evs":[0.0,-6.43284]},"87s":{"weight":0.0,"played":[0.3964,0.6036],"evs":[0.0,-3.74755]},"88":{"weight":0.4485,"played":[0.0864,0.9136],"evs":[0.0,8.84229]},"98o":{"weight":0.0,"played":[0.0187,0.9813],"evs":[0.0,1.44931]},"T8o":{"weight":0.0,"played":[0.6158,0.3842],"evs":[0.0,-0.83769]},"J8o":{"weight":0.0,"played":[0.5263,0.4737],"evs":[0.0,2.07244]},"Q8o":{"weight":0.0,"played":[0.4151,0.5849],"evs":[0.0,-2.45964]},"K8o":{"weight":0.0,"played":[0.5417,0.4583],"evs":[0.0,-1.33054]},"A8o":{"weight":2.0E-4,"played":[0.7489,0.2511],"evs":[0.0,-3.33214]},"92s":{"weight":0.0,"played":[0.8762,0.1238],"evs":[0.0,-5.77459]},"93s":{"weight":1.0E-4,"played":[0.6832,0.3168],"evs":[0.0,3.16569]},"94s":{"weight":0.0,"played":[0.5137,0.4863],"evs":[0.0,-1.45002]},"95s":{"weight":0.0,"played":[0.7964,0.2036],"evs":[0.0,-6.71387]},"96s":{"weight":0.0,"played":[0.9474,0.0526],"evs":[0.0,-4.83171]},"97s":{"weight":0.0,"played":[0.6856,0.3144],"evs":[0.0,4.58639]},"98s":{"weight":1.0E-4,"played":[0.8787,0.1213],"evs":[0.0,-2.16867]},"99":{"weight":0.0935,"played":[0.0908,0.9092],"evs":[0.0,5.4652]},"T9o":{"weight":0.0,"played":[0.8198,0.1802],"evs":[0.0,-2.24499]},"J9o":{"weight":0.0,"played":[0.571,0.429],"evs":[0.0,-3.29604]},"Q9o":{"weight":0.0,"played":[0.3875,0.6125],"evs":[0.0,-2.70373]},"K9o":{"weight":0.0,"played":[0.1671,0.8329],"evs":[0.0,5.53205]},"A9o":{"weight":0.0191,"played":[0.4608,0.5392],"evs":[0.0,-0.23591]},"T2s":{"weight":0.0,"played":[0.8949,0.1051],"evs":[0.0,-6.09349]},"T3s":{"weight":0.0,"played":[0.2303,0.7697],"evs":[0.0,0.66391]},"T4s":{"weight":0.0,"played":[0.504,0.496],"evs":[0.0,3.15758]},"T5s":{"weight":0.0011,"played":[0.8204,0.1796],"evs":[0.0,-3.22698]},"T6s":{"weight":8.0E-4,"played":[0.9997,3.0E-4],"evs":[0.0,-8.31181]},"T7s":{"weight":0.0,"played":[0.3531,0.6469],"evs":[0.0,-0.98062]},"T8s":{"weight":7.0E-4,"played":[0.0325,0.9675],"evs":[0.0,2.25448]},"T9s":{"weight":0.2187,"played":[0.9054,0.0946],"evs":[0.0,-2.58651]},"TT":{"weight":0.261,"played":[0.0221,0.9779],"evs":[0.0,6.33225]},"JTo":{"weight":2.0E-4,"played":[0.4134,0.5866],"evs":[0.0,0.88808]},"QTo":{"weight":0.0,"played":[0.4439,0.5561],"evs":[0.0,2.59132]},"KTo":{"weight":0.0,"played":[0.4823,0.5177],"evs":[0.0,1.05501]},"ATo":{"weight":0.0075,"played":[0.8229,0.1771],"evs":[0.0,-4.0358]},"J2s":{"weight":1.0E-4,"played":[0.8299,0.1701],"evs":[0.0,-4.49602]},"J3s":{"weight":0.0,"played":[0.9873,0.0127],"evs":[0.0,-7.58811]},"J4s":{"weight":0.0,"played":[0.4057,0.5943],"evs":[0.0,2.03651]},"J5s":{"weight":0.0,"played":[1.0,0.0],"evs":[0.0,-7.95309]},"J6s":{"weight":0.0,"played":[0.7209,0.2791],"evs":[0.0,-2.33382]},"J7s":{"weight":0.0,"played":[0.3493,0.6507],"evs":[0.0,0.66468]},"J8s":{"weight":2.0E-4,"played":[0.8612,0.1388],"evs":[0.0,-2.84934]},"J9s":{"weight":3.0E-4,"played":[0.1113,0.8887],"evs":[0.0,9.74813]},"JTs":{"weight":0.1339,"played":[0.0925,0.9075],"evs":[0.0,7.77534]},"JJ":{"weight":0.0,"played":[0.1672,0.8328],"evs":[0.0,0.58809]},"QJo":{"weight":4.0E-4,"played":[0.5988,0.4012],"evs":[0.0,1.39819]},"KJo":{"weight":1.0E-4,"played":[0.2809,0.7191],"evs":[0.0,6.85396]},"AJo":{"weight":0.0,"played":[0.9856,0.0144],"evs":[0.0,-4.25188]},"Q2s":{"weight":1.0E-4,"played":[0.2929,0.7071],"evs":[0.0,3.88176]},"Q3s":{"weight":0.0,"played":[0.0237,0.9763],"evs":[0.0,5.32887]},"Q4s":{"weight":0.0,"played":[0.6136,0.3864],"evs":[0.0,-5.39548]},"Q5s":{"weight":0.0,"played":[0.9998,2.0E-4],"evs":[0.0,2.32304]},"Q6s":{"weight":0.0,"played":[0.4788,0.5212],"evs":[0.0,5.2048]},"Q7s":{"weight":0.0,"played":[0.3529,0.6471],"evs":[0.0,4.95198]},"Q8s":{"weight":1.0E-4,"played":[0.8162,0.1838],"evs":[0.0,-3.42156]},"Q9s":{"weight":0.0,"played":[0.078,0.922],"evs":[0.0,17.31805]},"QTs":{"weight":0.0044,"played":[0.0627,0.9373],"evs":[0.0,2.33138]},"QJs":{"weight":0.5241,"played":[0.7227,0.2773],"evs":[0.0,-1.8023]},"QQ":{"weight":0.0,"played":[0.0644,0.9356],"evs":[0.0,9.8401]},"KQo":{"weight":0.5262,"played":[0.7735,0.2265],"evs":[0.0,-1.97944]},"AQo":{"weight":0.0011,"played":[0.1312,0.8688],"evs":[0.0,10.73916]},"K2s":{"weight":0.0,"played":[0.2603,0.7397],"evs":[0.0,-0.46454]},"K3s":{"weight":0.0,"played":[0.5339,0.4661],"evs":[0.0,2.49414]},"K4s":{"weight":0.0,"played":[0.6582,0.3418],"evs":[0.0,2.54507]},"K5s":{"weight":0.0,"played":[0.0184,0.9816],"evs":[0.0,5.41669]},"K6s":{"weight":1.0E-4,"played":[0.7591,0.2409],"evs":[0.0,-3.11811]},"K7s":{"weight":0.0,"played":[0.2713,0.7287],"evs":[0.0,3.92678]},"K8s":{"weight":4.0E-4,"played":[0.8535,0.1465],"evs":[0.0,-6.55649]},"K9s":{"weight":0.0088,"played":[0.0987,0.9013],"evs":[0.0,8.7652]},"KTs":{"weight":0.6347,"played":[0.0104,0.9896],"evs":[0.0,4.75669]},"KJs":{"weight":0.6954,"played":[0.9149,0.0851],"evs":[0.0,-5.59964]},"KQs":{"weight":0.5785,"played":[0.7942,0.2058],"evs":[0.0,2.23116]},"KK":{"weight":1.0E-4,"played":[0.0,1.0],"evs":[0.0,15.22448]},"AKo":{"weight":0.0023,"played":[0.1137,0.8863],"evs":[0.0,7.4577]},"A2s":{"weight":0.0612,"played":[0.1691,0.8309],"evs":[0.0,0.21536]},"A3s":{"weight":0.0728,"played":[0.489,0.511],"evs":[0.0,3.23401]},"A4s":{"weight":0.0332,"played":[0.8592,0.1408],"evs":[0.0,-3.86618]},"A5s":{"weight":1.0E-4,"played":[0.0877,0.9123],"evs":[0.0,12.93508]},"A6s":{"weight":0.0011,"played":[0.1207,0.8793],"evs":[0.0,0.9929]},"A7s":{"weight":0.0017,"played":[0.7061,0.2939],"evs":[0.0,-2.29379]},"A8s":{"weight":0.0167,"played":[0.6929,0.3071],"evs":[0.0,2.23855]},"A9s":{"weight":0.0,"played":[0.317,0.683],"evs":[0.0,20.23854]},"ATs":{"weight":0.0,"played":[0.6991,0.3009],"evs":[0.0,-1.08796]},"AJs":{"weight":6.0E-4,"played":[0.3802,0.6198],"evs":[0.0,-0.08803]},"AQs":{"weight":0.0,"played":[0.4325,0.5675],"evs":[0.0,-4.05134]},"AKs":{"weight":0.0,"played":[0.513,0.487],"evs":[0.0,-1.53594]},"AA":{"weight":0.0,"played":[0.0,1.0],"evs":[0.0,17.36007]}}}