{"player":3,"street":0,"children":2,"sequence":[{"player":0,"type":"R","amount":200000,"street":0},{"player":1,"type":"C","amount":200000,"street":0},{"player":2,"type":"C","amount":200000,"street":0},{"player":3,"type":"R","amount":600000,"street":0},{"player":4,"type":"F","amount":0,"street":0},{"player":5,"type":"R","amount":945000,"street":0},{"player":0,"type":"F","amount":0,"street":0},{"player":1,"type":"F","amount":0,"street":0},{"player":2,"type":"C","amount":745000,"street":0}],"actions":[{"type":"F","amount":0},{"type":"C","amount":345000}],"hands":{"22":{"weight":0.0166,"played":[0.5,0.5],"evs":[0.0,-4.19077]},"32o":{"weight":0.0,"played":[0.0,1.0],"evs":[0.0,-4.19077]},"42o":{"weight":3.0E-4,"played":[0.8017,0.1983],"evs":[0.0,-3.74057]},"52o":{"weight":0.0,"played":[0.5,0.5],"evs":[0.0,-4.19077]},"62o":{"weight":0.0,"played":[0.491,0.509],"evs":[0.0,18.30022]},"72o":{"weight":0.0,"played":[1.0,0.0],"evs":[0.0,-4.1863]},"82o":{"weight":0.0,"played":[0.5,0.5],"evs":[0.0,-3.75357]},"92o":{"weight":1.0E-4,"played":[1.0,0.0],"evs":[0.0,-4.1863]},"T2o":{"weight":0.0,"played":[0.5,0.5],"evs":[0.0,-0.52982]},"J2o":{"weight":0.0,"played":[0.771,0.229],"evs":[0.0,-3.98635]},"Q2o":{"weight":1.0E-4,"played":[0.5,0.5],"evs":[0.0,-3.74979]},"K2o":{"weight":0.0012,"played":[0.0,1.0],"evs":[0.0,37.8445]},"A2o":{"weight":0.025,"played":[0.8267,0.1733],"evs":[0.0,-4.19]},"32s":{"weight":0.0,"played":[0.5,0.5],"evs":[0.0,0.0]},"33":{"weight":0.0296,"played":[0.5,0.5],"evs":[0.0,0.0]},"43o":{"weight":0.0,"played":[0.8542,0.1458],"evs":[0.0,-2.81063]},"53o":{"weight":0.0012,"played":[1.0,0.0],"evs":[0.0,-3.75176]},"63o":{"weight":2.0E-4,"played":[0.7969,0.2031],"evs":[0.0,-4.00897]},"73o":{"weight":0.0,"played":[1.0,0.0],"evs":[0.0,-3.74151]},"83o":{"weight":2.0E-4,"played":[1.0,0.0],"evs":[0.0,-3.74979]},"93o":{"weight":0.0022,"played":[0.9856,0.0144],"evs":[0.0,-3.85041]},"T3o":{"weight":0.0102,"played":[1.0,0.0],"evs":[0.0,37.8445]},"J3o":{"weight":0.0,"played":[0.5,0.5],"evs":[0.0,-3.74979]},"Q3o":{"weight":4.0E-4,"played":[0.5,0.5],"evs":[0.0,0.0]},"K3o":{"weight":9.0E-4,"played":[0.5,0.5],"evs":[0.0,-3.74979]},"A3o":{"weight":0.002,"played":[1.0,0.0],"evs":[0.0,37.81749]},"42s":{"weight":2.0E-4,"played":[0.5,0.5],"evs":[0.0,-3.74979]},"43s":{"weight":0.0014,"played":[0.9838,0.0162],"evs":[0.0,-3.76458]},"44":{"weight":0.0173,"played":[0.9583,0.0417],"evs":[0.0,-4.15024]},"54o":{"weight":0.0,"played":[1.0,0.0],"evs":[0.0,-3.74979]},"64o":{"weight":1.0E-4,"played":[0.2011,0.7989],"evs":[0.0,3.54151]},"74o":{"weight":0.0,"played":[0.0322,0.9678],"evs":[0.0,-3.75357]},"84o":{"weight":0.0,"played":[0.7958,0.2042],"evs":[0.0,-3.74979]},"94o":{"weight":6.0E-4,"played":[1.0,0.0],"evs":[0.0,-1.67747]},"T4o":{"weight":0.0022,"played":[0.7543,0.2457],"evs":[0.0,-3.96648]},"J4o":{"weight":0.0018,"played":[0.5,0.5],"evs":[0.0,-3.75357]},"Q4o":{"weight":0.02,"played":[0.5,0.5],"evs":[0.0,-0.52982]},"K4o":{"weight":0.0052,"played":[1.0,0.0],"evs":[0.0,-3.74979]},"A4o":{"weight":3.0E-4,"played":[0.5,0.5],"evs":[0.0,0.0]},"52s":{"weight":0.0124,"played":[0.9967,0.0033],"evs":[0.0,-4.15477]},"53s":{"weight":0.003,"played":[0.5,0.5],"evs":[0.0,-3.74979]},"54s":{"weight":4.0E-4,"played":[0.5,0.5],"evs":[0.0,37.8445]},"55":{"weight":0.0311,"played":[0.8049,0.1951],"evs":[0.0,27.16414]},"65o":{"weight":0.0,"played":[0.2858,0.7142],"evs":[0.0,-2.20773]},"75o":{"weight":0.0,"played":[0.2575,0.7425],"evs":[0.0,3.84591]},"85o":{"weight":0.0017,"played":[0.3023,0.6977],"evs":[0.0,3.87289]},"95o":{"weight":0.0,"played":[1.0,0.0],"evs":[0.0,-3.79478]},"T5o":{"weight":1.0E-4,"played":[0.5,0.5],"evs":[0.0,-3.75357]},"J5o":{"weight":0.0,"played":[0.5,0.5],"evs":[0.0,-3.74979]},"Q5o":{"weight":1.0E-4,"played":[0.5,0.5],"evs":[0.0,37.8175]},"K5o":{"weight":8.0E-4,"played":[0.5,0.5],"evs":[0.0,37.81749]},"A5o":{"weight":0.0015,"played":[0.9751,0.0249],"evs":[0.0,9.07878]},"62s":{"weight":8.0E-4,"played":[0.5,0.5],"evs":[0.0,0.0]},"63s":{"weight":0.0,"played":[0.5,0.5],"evs":[0.0,-3.75357]},"64s":{"weight":0.0204,"played":[0.5,0.5],"evs":[0.0,0.0]},"65s":{"weight":0.0,"played":[1.0,0.0],"evs":[0.0,-3.75357]},"66":{"weight":0.02,"played":[0.5,0.5],"evs":[0.0,0.0]},"76o":{"weight":7.0E-4,"played":[0.8009,0.1991],"evs":[0.0,-3.92762]},"86o":{"weight":5.0E-4,"played":[1.0,0.0],"evs":[0.0,28.33126]},"96o":{"weight":0.0,"played":[0.5,0.5],"evs":[0.0,-4.1863]},"T6o":{"weight":0.0,"played":[1.0,0.0],"evs":[0.0,-4.19077]},"J6o":{"weight":0.0,"played":[0.5,0.5],"evs":[0.0,0.0]},"Q6o":{"weight":0.0,"played":[0.5,0.5],"evs":[0.0,0.0]},"K6o":{"weight":3.0E-4,"played":[0.9528,0.0472],"evs":[0.0,-4.18672]},"A6o":{"weight":0.0172,"played":[0.5,0.5],"evs":[0.0,0.0]},"72s":{"weight":0.0288,"played":[0.5,0.5],"evs":[0.0,-3.72656]},"73s":{"weight":6.0E-4,"played":[0.82,0.18],"evs":[0.0,-3.75221]},"74s":{"weight":0.0365,"played":[0.5,0.5],"evs":[0.0,0.0]},"75s":{"weight":0.0189,"played":[0.5,0.5],"evs":[0.0,0.0]},"76s":{"weight":3.0E-4,"played":[0.5,0.5],"evs":[0.0,0.0]},"77":{"weight":0.066,"played":[0.5,0.5],"evs":[0.0,-3.75401]},"87o":{"weight":0.0,"played":[0.5,0.5],"evs":[0.0,34.68543]},"97o":{"weight":1.0E-4,"played":[0.5,0.5],"evs":[0.0,0.0]},"T7o":{"weight":1.0E-4,"played":[0.0,1.0],"evs":[0.0,8.39142]},"J7o":{"weight":0.0096,"played":[0.5,0.5],"evs":[0.0,0.0]},"Q7o":{"weight":0.0012,"played":[0.5,0.5],"evs":[0.0,0.0]},"K7o":{"weight":3.0E-4,"played":[0.9804,0.0196],"evs":[0.0,-2.66618]},"A7o":{"weight":0.033,"played":[1.0,0.0],"evs":[0.0,-4.1863]},"82s":{"weight":0.0029,"played":[0.5,0.5],"evs":[0.0,-4.1863]},"83s":{"weight":0.0,"played":[0.8908,0.1092],"evs":[0.0,-4.19077]},"84s":{"weight":0.0045,"played":[0.5,0.5],"evs":[0.0,-3.74979]},"85s":{"weight":0.0078,"played":[0.5,0.5],"evs":[0.0,-3.75357]},"86s":{"weight":0.0,"played":[0.5,0.5],"evs":[0.0,0.0]},"87s":{"weight":0.0749,"played":[0.75,0.25],"evs":[0.0,-3.75143]},"88":{"weight":0.1697,"played":[0.5,0.5],"evs":[0.0,0.0]},"98o":{"weight":2.0E-4,"played":[0.5,0.5],"evs":[0.0,-3.75357]},"T8o":{"weight":0.0,"played":[0.5,0.5],"evs":[0.0,0.0]},"J8o":{"weight":5.0E-4,"played":[0.0,1.0],"evs":[0.0,-3.74979]},"Q8o":{"weight":0.0172,"played":[1.0,0.0],"evs":[0.0,-3.74979]},"K8o":{"weight":0.0016,"played":[0.5,0.5],"evs":[0.0,0.0]},"A8o":{"weight":1.0E-4,"played":[0.0833,0.9167],"evs":[0.0,12.12218]},"92s":{"weight":0.0015,"played":[0.5,0.5],"evs":[0.0,-3.75357]},"93s":{"weight":8.0E-4,"played":[0.5,0.5],"evs":[0.0,0.0]},"94s":{"weight":0.0175,"played":[0.5,0.5],"evs":[0.0,0.0]},"95s":{"weight":0.0081,"played":[0.5,0.5],"evs":[0.0,34.68544]},"96s":{"weight":2.0E-4,"played":[0.5,0.5],"evs":[0.0,0.0]},"97s":{"weight":0.0,"played":[0.5,0.5],"evs":[0.0,34.65843]},"98s":{"weight":0.0,"played":[0.5,0.5],"evs":[0.0,0.0]},"99":{"weight":0.3973,"played":[1.0,0.0],"evs":[0.0,-3.75008]},"T9o":{"weight":0.0032,"played":[0.2867,0.7133],"evs":[0.0,7.86253]},"J9o":{"weight":0.0138,"played":[0.8346,0.1654],"evs":[0.0,10.17187]},"Q9o":{"weight":0.0014,"played":[0.0,1.0],"evs":[0.0,37.84451]},"K9o":{"weight":0.0049,"played":[0.5,0.5],"evs":[0.0,-3.75401]},"A9o":{"weight":0.0733,"played":[0.5,0.5],"evs":[0.0,-3.75357]},"T2s":{"weight":8.0E-4,"played":[0.7842,0.2158],"evs":[0.0,-4.18884]},"T3s":{"weight":6.0E-4,"played":[0.5,0.5],"evs":[0.0,0.0]},"T4s":{"weight":0.0016,"played":[1.0,0.0],"evs":[0.0,-3.74979]},"T5s":{"weight":0.0046,"played":[0.5,0.5],"evs":[0.0,0.0]},"T6s":{"weight":0.0047,"played":[0.5,0.5],"evs":[0.0,37.8445]},"T7s":{"weight":0.0016,"played":[0.5,0.5],"evs":[0.0,0.0]},"T8s":{"weight":0.0021,"played":[0.5,0.5],"evs":[0.0,0.0]},"T9s":{"weight":0.0244,"played":[0.5,0.5],"evs":[0.0,-4.1863]},"TT":{"weight":0.001,"played":[0.5,0.5],"evs":[0.0,0.0]},"JTo":{"weight":0.0018,"played":[1.0,0.0],"evs":[0.0,-3.74979]},"QTo":{"weight":6.0E-4,"played":[0.9845,0.0155],"evs":[0.0,4.05965]},"KTo":{"weight":2.0E-4,"played":[0.5,0.5],"evs":[0.0,0.0]},"ATo":{"weight":0.0014,"played":[0.0,1.0],"evs":[0.0,-4.1863]},"J2s":{"weight":1.0E-4,"played":[0.5,0.5],"evs":[0.0,0.0]},"J3s":{"weight":0.0027,"played":[0.5,0.5],"evs":[0.0,0.0]},"J4s":{"weight":1.0E-4,"played":[0.5,0.5],"evs":[0.0,0.0]},"J5s":{"weight":0.002,"played":[0.5,0.5],"evs":[0.0,0.0]},"J6s":{"weight":6.0E-4,"played":[0.5,0.5],"evs":[0.0,-3.75357]},"J7s":{"weight":9.0E-4,"played":[0.2436,0.7564],"evs":[0.0,16.50094]},"J8s":{"weight":0.0215,"played":[0.5,0.5],"evs":[0.0,0.0]},"J9s":{"weight":0.1518,"played":[0.8333,0.1667],"evs":[0.0,-3.89529]},"JTs":{"weight":0.0078,"played":[0.5,0.5],"evs":[0.0,37.8175]},"JJ":{"weight":3.0E-4,"played":[0.5,0.5],"evs":[0.0,37.81749]},"QJo":{"weight":0.0016,"played":[0.5,0.5],"evs":[0.0,0.0]},"KJo":{"weight":6.0E-4,"played":[0.2124,0.7876],"evs":[0.0,4.7406]},"AJo":{"weight":4.0E-4,"played":[0.5,0.5],"evs":[0.0,-4.1863]},"Q2s":{"weight":5.0E-4,"played":[0.0,1.0],"evs":[0.0,-3.75357]},"Q3s":{"weight":3.0E-4,"played":[0.5,0.5],"evs":[0.0,0.0]},"Q4s":{"weight":0.0438,"played":[0.5,0.5],"evs":[0.0,0.0]},"Q5s":{"weight":0.0,"played":[0.5,0.5],"evs":[0.0,-4.1863]},"Q6s":{"weight":0.0211,"played":[0.5,0.5],"evs":[0.0,0.0]},"Q7s":{"weight":0.1002,"played":[0.5,0.5],"evs":[0.0,0.0]},"Q8s":{"weight":0.008,"played":[0.5,0.5],"evs":[0.0,-4.19077]},"Q9s":{"weight":0.0347,"played":[0.5,0.5],"evs":[0.0,0.0]},"QTs":{"weight":1.0E-4,"played":[0.5,0.5],"evs":[0.0,0.0]},"QJs":{"weight":5.0E-4,"played":[0.5,0.5],"evs":[0.0,37.8445]},"QQ":{"weight":0.0046,"played":[0.5,0.5],"evs":[0.0,37.81749]},"KQo":{"weight":0.0133,"played":[0.5,0.5],"evs":[0.0,37.81749]},"AQo":{"weight":0.0178,"played":[0.869,0.131],"evs":[0.0,26.95684]},"K2s":{"weight":0.0285,"played":[0.5,0.5],"evs":[0.0,37.84451]},"K3s":{"weight":0.0,"played":[0.5,0.5],"evs":[0.0,37.81749]},"K4s":{"weight":1.0E-4,"played":[0.5,0.5],"evs":[0.0,34.68543]},"K5s":{"weight":0.0114,"played":[0.4816,0.5184],"evs":[0.0,14.03722]},"K6s":{"weight":0.2194,"played":[0.5,0.5],"evs":[0.0,0.0]},"K7s":{"weight":0.0,"played":[0.5,0.5],"evs":[0.0,0.0]},"K8s":{"weight":0.0286,"played":[0.5,0.5],"evs":[0.0,-3.75357]},"K9s":{"weight":0.0,"played":[0.0,1.0],"evs":[0.0,-4.1863]},"KTs":{"weight":0.2866,"played":[0.5,0.5],"evs":[0.0,0.0]},"KJs":{"weight":0.0821,"played":[1.0,0.0],"evs":[0.0,-3.74979]},"KQs":{"weight":0.0,"played":[0.5,0.5],"evs":[0.0,0.0]},"KK":{"weight":1.0E-4,"played":[0.5,0.5],"evs":[0.0,0.0]},"AKo":{"weight":0.0071,"played":[0.5,0.5],"evs":[0.0,-3.75357]},"A2s":{"weight":0.004,"played":[0.2028,0.7972],"evs":[0.0,15.03712]},"A3s":{"weight":0.0,"played":[0.5,0.5],"evs":[0.0,0.0]},"A4s":{"weight":4.0E-4,"played":[1.0,0.0],"evs":[0.0,-3.74979]},"A5s":{"weight":1.0E-4,"played":[0.5,0.5],"evs":[0.0,0.0]},"A6s":{"weight":0.1555,"played":[0.5,0.5],"evs":[0.0,0.0]},"A7s":{"weight":0.042,"played":[0.5,0.5],"evs":[0.0,0.0]},"A8s":{"weight":0.0739,"played":[0.5,0.5],"evs":[0.0,0.0]},"A9s":{"weight":0.0116,"played":[0.5,0.5],"evs":[0.0,-0.52982]},"ATs":{"weight":0.1294,"played":[0.5,0.5],"evs":[0.0,-4.1863]},"AJs":{"weight":0.0046,"played":[0.5,0.5],"evs":[0.0,0.0]},"AQs":{"weight":0.0,"played":[0.5,0.5],"evs":[0.0,0.0]},"AKs":{"weight":0.014,"played":[0.5,0.5],"evs":[0.0,0.0]},"AA":{"weight":0.0274,"played":[0.0286,0.9714],"evs":[0.0,1.66146]}}}