{"player":3,"street":0,"children":2,"sequence":[{"player":0,"type":"R","amount":200000,"street":0},{"player":1,"type":"C","amount":200000,"street":0},{"player":2,"type":"C","amount":200000,"street":0},{"player":3,"type":"R","amount":600000,"street":0},{"player":4,"type":"F","amount":0,"street":0},{"player":5,"type":"R","amount":945000,"street":0},{"player":0,"type":"C","amount":745000,"street":0},{"player":1,"type":"F","amount":0,"street":0},{"player":2,"type":"F","amount":0,"street":0}],"actions":[{"type":"F","amount":0},{"type":"C","amount":345000}],"hands":{"22":{"weight":0.0166,"played":[0.1404,0.8596],"evs":[0.0,-1.93799]},"32o":{"weight":0.0,"played":[0.4833,0.5167],"evs":[0.0,6.05102]},"42o":{"weight":3.0E-4,"played":[1.0,0.0],"evs":[0.0,-3.74977]},"52o":{"weight":0.0,"played":[1.0,0.0],"evs":[0.0,-6.37239]},"62o":{"weight":0.0,"played":[1.0,0.0],"evs":[0.0,-9.01012]},"72o":{"weight":0.0,"played":[1.0,0.0],"evs":[0.0,-5.89049]},"82o":{"weight":0.0,"played":[0.0033,0.9967],"evs":[0.0,-2.12907]},"92o":{"weight":1.0E-4,"played":[0.3769,0.6231],"evs":[0.0,-1.13379]},"T2o":{"weight":0.0,"played":[0.0,1.0],"evs":[0.0,2.46571]},"J2o":{"weight":0.0,"played":[0.7568,0.2432],"evs":[0.0,-3.74977]},"Q2o":{"weight":1.0E-4,"played":[1.0,0.0],"evs":[0.0,-9.45368]},"K2o":{"weight":0.0012,"played":[0.4325,0.5675],"evs":[0.0,-2.74229]},"A2o":{"weight":0.025,"played":[0.7237,0.2763],"evs":[0.0,-3.73521]},"32s":{"weight":0.0,"played":[0.5,0.5],"evs":[0.0,-9.46493]},"33":{"weight":0.0296,"played":[0.5972,0.4028],"evs":[0.0,19.94854]},"43o":{"weight":0.0,"played":[1.0,0.0],"evs":[0.0,-9.46055]},"53o":{"weight":0.0012,"played":[1.0,0.0],"evs":[0.0,22.54591]},"63o":{"weight":2.0E-4,"played":[1.0,0.0],"evs":[0.0,-8.69365]},"73o":{"weight":0.0,"played":[0.24,0.76],"evs":[0.0,34.99564]},"83o":{"weight":2.0E-4,"played":[0.7696,0.2304],"evs":[0.0,-3.75191]},"93o":{"weight":0.0022,"played":[0.5191,0.4809],"evs":[0.0,23.97149]},"T3o":{"weight":0.0102,"played":[0.9955,0.0045],"evs":[0.0,-9.4319]},"J3o":{"weight":0.0,"played":[1.0,0.0],"evs":[0.0,-3.74977]},"Q3o":{"weight":4.0E-4,"played":[1.0,0.0],"evs":[0.0,-9.45368]},"K3o":{"weight":9.0E-4,"played":[0.4112,0.5888],"evs":[0.0,15.51896]},"A3o":{"weight":0.002,"played":[1.0,0.0],"evs":[0.0,-3.74977]},"42s":{"weight":2.0E-4,"played":[0.9731,0.0269],"evs":[0.0,-8.06211]},"43s":{"weight":0.0014,"played":[1.0,0.0],"evs":[0.0,-3.74977]},"44":{"weight":0.0173,"played":[1.0,0.0],"evs":[0.0,-9.05599]},"54o":{"weight":0.0,"played":[0.588,0.412],"evs":[0.0,-4.96781]},"64o":{"weight":1.0E-4,"played":[0.3966,0.6034],"evs":[0.0,0.14191]},"74o":{"weight":0.0,"played":[0.8286,0.1714],"evs":[0.0,-4.86246]},"84o":{"weight":0.0,"played":[1.0,0.0],"evs":[0.0,-6.309]},"94o":{"weight":6.0E-4,"played":[0.41,0.59],"evs":[0.0,40.22155]},"T4o":{"weight":0.0022,"played":[0.9332,0.0668],"evs":[0.0,-9.46493]},"J4o":{"weight":0.0018,"played":[1.0,0.0],"evs":[0.0,2.90926]},"Q4o":{"weight":0.02,"played":[0.5,0.5],"evs":[0.0,-3.74977]},"K4o":{"weight":0.0052,"played":[0.863,0.137],"evs":[0.0,22.58974]},"A4o":{"weight":3.0E-4,"played":[0.4529,0.5471],"evs":[0.0,0.41713]},"52s":{"weight":0.0124,"played":[0.1712,0.8288],"evs":[0.0,44.08749]},"53s":{"weight":0.003,"played":[0.7444,0.2556],"evs":[0.0,-3.75217]},"54s":{"weight":4.0E-4,"played":[1.0,0.0],"evs":[0.0,-3.74977]},"55":{"weight":0.0311,"played":[0.9663,0.0337],"evs":[0.0,-7.49501]},"65o":{"weight":0.0,"played":[0.5714,0.4286],"evs":[0.0,-3.74977]},"75o":{"weight":0.0,"played":[1.0,0.0],"evs":[0.0,0.34433]},"85o":{"weight":0.0017,"played":[0.1897,0.8103],"evs":[0.0,7.40756]},"95o":{"weight":0.0,"played":[0.9601,0.0399],"evs":[0.0,-3.75036]},"T5o":{"weight":1.0E-4,"played":[1.0,0.0],"evs":[0.0,-9.45368]},"J5o":{"weight":0.0,"played":[0.9762,0.0238],"evs":[0.0,-4.02139]},"Q5o":{"weight":1.0E-4,"played":[0.1689,0.8311],"evs":[0.0,-0.9409]},"K5o":{"weight":8.0E-4,"played":[0.6404,0.3596],"evs":[0.0,25.20667]},"A5o":{"weight":0.0015,"played":[0.2311,0.7689],"evs":[0.0,0.32638]},"62s":{"weight":8.0E-4,"played":[1.0,0.0],"evs":[0.0,-3.72965]},"63s":{"weight":0.0,"played":[1.0,0.0],"evs":[0.0,-3.74977]},"64s":{"weight":0.0204,"played":[0.5,0.5],"evs":[0.0,-9.45368]},"65s":{"weight":0.0,"played":[0.5,0.5],"evs":[0.0,0.0]},"66":{"weight":0.02,"played":[1.0,0.0],"evs":[0.0,-9.45368]},"76o":{"weight":7.0E-4,"played":[0.1118,0.8882],"evs":[0.0,19.84523]},"86o":{"weight":5.0E-4,"played":[0.6521,0.3479],"evs":[0.0,-3.74977]},"96o":{"weight":0.0,"played":[0.4443,0.5557],"evs":[0.0,1.60837]},"T6o":{"weight":0.0,"played":[0.5385,0.4615],"evs":[0.0,44.07183]},"J6o":{"weight":0.0,"played":[0.0093,0.9907],"evs":[0.0,-5.35525]},"Q6o":{"weight":0.0,"played":[0.4827,0.5173],"evs":[0.0,15.15831]},"K6o":{"weight":3.0E-4,"played":[1.0,0.0],"evs":[0.0,-3.74977]},"A6o":{"weight":0.0172,"played":[1.0,0.0],"evs":[0.0,23.10851]},"72s":{"weight":0.0288,"played":[1.0,0.0],"evs":[0.0,-9.45368]},"73s":{"weight":6.0E-4,"played":[1.0,0.0],"evs":[0.0,-9.46493]},"74s":{"weight":0.0365,"played":[0.0436,0.9564],"evs":[0.0,-9.46493]},"75s":{"weight":0.0189,"played":[0.5,0.5],"evs":[0.0,44.07183]},"76s":{"weight":3.0E-4,"played":[0.0198,0.9802],"evs":[0.0,-9.46493]},"77":{"weight":0.066,"played":[1.0,0.0],"evs":[0.0,34.68159]},"87o":{"weight":0.0,"played":[1.0,0.0],"evs":[0.0,-9.45368]},"97o":{"weight":1.0E-4,"played":[0.9155,0.0845],"evs":[0.0,-3.74977]},"T7o":{"weight":1.0E-4,"played":[0.1826,0.8174],"evs":[0.0,33.03597]},"J7o":{"weight":0.0096,"played":[1.0,0.0],"evs":[0.0,-3.72989]},"Q7o":{"weight":0.0012,"played":[1.0,0.0],"evs":[0.0,-9.30937]},"K7o":{"weight":3.0E-4,"played":[0.0,1.0],"evs":[0.0,-9.45368]},"A7o":{"weight":0.033,"played":[1.0,0.0],"evs":[0.0,-3.74977]},"82s":{"weight":0.0029,"played":[0.5,0.5],"evs":[0.0,0.0]},"83s":{"weight":0.0,"played":[0.5,0.5],"evs":[0.0,-3.72965]},"84s":{"weight":0.0045,"played":[1.0,0.0],"evs":[0.0,-6.60173]},"85s":{"weight":0.0078,"played":[0.5,0.5],"evs":[0.0,-9.45368]},"86s":{"weight":0.0,"played":[0.5,0.5],"evs":[0.0,0.0]},"87s":{"weight":0.0749,"played":[0.5,0.5],"evs":[0.0,0.0]},"88":{"weight":0.1697,"played":[0.5734,0.4266],"evs":[0.0,-3.75155]},"98o":{"weight":2.0E-4,"played":[0.9981,0.0019],"evs":[0.0,-8.78822]},"T8o":{"weight":0.0,"played":[1.0,0.0],"evs":[0.0,-3.75148]},"J8o":{"weight":5.0E-4,"played":[1.0,0.0],"evs":[0.0,-5.90458]},"Q8o":{"weight":0.0172,"played":[1.0,0.0],"evs":[0.0,44.07182]},"K8o":{"weight":0.0016,"played":[0.0,1.0],"evs":[0.0,-3.72965]},"A8o":{"weight":1.0E-4,"played":[1.0,0.0],"evs":[0.0,-3.72965]},"92s":{"weight":0.0015,"played":[0.5,0.5],"evs":[0.0,-3.74977]},"93s":{"weight":8.0E-4,"played":[0.2412,0.7588],"evs":[0.0,0.18016]},"94s":{"weight":0.0175,"played":[0.5,0.5],"evs":[0.0,0.0]},"95s":{"weight":0.0081,"played":[1.0,0.0],"evs":[0.0,-6.95422]},"96s":{"weight":2.0E-4,"played":[0.5,0.5],"evs":[0.0,0.0]},"97s":{"weight":0.0,"played":[0.5,0.5],"evs":[0.0,0.0]},"98s":{"weight":0.0,"played":[0.5,0.5],"evs":[0.0,34.68159]},"99":{"weight":0.3973,"played":[0.1579,0.8421],"evs":[0.0,-7.00262]},"T9o":{"weight":0.0032,"played":[0.035,0.965],"evs":[0.0,-9.45368]},"J9o":{"weight":0.0138,"played":[1.0,0.0],"evs":[0.0,44.07182]},"Q9o":{"weight":0.0014,"played":[1.0,0.0],"evs":[0.0,34.68159]},"K9o":{"weight":0.0049,"played":[0.8226,0.1774],"evs":[0.0,27.10156]},"A9o":{"weight":0.0733,"played":[0.1339,0.8661],"evs":[0.0,2.19609]},"T2s":{"weight":8.0E-4,"played":[0.5,0.5],"evs":[0.0,0.0]},"T3s":{"weight":6.0E-4,"played":[0.4086,0.5914],"evs":[0.0,12.41887]},"T4s":{"weight":0.0016,"played":[0.5,0.5],"evs":[0.0,-3.74978]},"T5s":{"weight":0.0046,"played":[0.5,0.5],"evs":[0.0,0.0]},"T6s":{"weight":0.0047,"played":[0.5,0.5],"evs":[0.0,0.0]},"T7s":{"weight":0.0016,"played":[0.0,1.0],"evs":[0.0,-3.75347]},"T8s":{"weight":0.0021,"played":[0.5,0.5],"evs":[0.0,-3.75347]},"T9s":{"weight":0.0244,"played":[0.5,0.5],"evs":[0.0,-3.74977]},"TT":{"weight":0.001,"played":[0.9643,0.0357],"evs":[0.0,40.67787]},"JTo":{"weight":0.0018,"played":[0.0,1.0],"evs":[0.0,9.64041]},"QTo":{"weight":6.0E-4,"played":[0.8653,0.1347],"evs":[0.0,-9.45368]},"KTo":{"weight":2.0E-4,"played":[0.0,1.0],"evs":[0.0,2.50875]},"ATo":{"weight":0.0014,"played":[1.0,0.0],"evs":[0.0,-3.75347]},"J2s":{"weight":1.0E-4,"played":[0.5,0.5],"evs":[0.0,0.0]},"J3s":{"weight":0.0027,"played":[0.5,0.5],"evs":[0.0,0.0]},"J4s":{"weight":1.0E-4,"played":[0.5,0.5],"evs":[0.0,0.0]},"J5s":{"weight":0.002,"played":[0.5,0.5],"evs":[0.0,0.0]},"J6s":{"weight":6.0E-4,"played":[1.0,0.0],"evs":[0.0,-3.74977]},"J7s":{"weight":9.0E-4,"played":[1.0,0.0],"evs":[0.0,-3.75347]},"J8s":{"weight":0.0215,"played":[0.5,0.5],"evs":[0.0,-3.74977]},"J9s":{"weight":0.1518,"played":[1.0,0.0],"evs":[0.0,-3.74977]},"JTs":{"weight":0.0078,"played":[0.5,0.5],"evs":[0.0,-9.46493]},"JJ":{"weight":3.0E-4,"played":[0.5,0.5],"evs":[0.0,-3.74977]},"QJo":{"weight":0.0016,"played":[0.0,1.0],"evs":[0.0,-3.74977]},"KJo":{"weight":6.0E-4,"played":[0.3556,0.6444],"evs":[0.0,7.77837]},"AJo":{"weight":4.0E-4,"played":[0.25,0.75],"evs":[0.0,40.96829]},"Q2s":{"weight":5.0E-4,"played":[0.5,0.5],"evs":[0.0,0.0]},"Q3s":{"weight":3.0E-4,"played":[1.0,0.0],"evs":[0.0,44.07182]},"Q4s":{"weight":0.0438,"played":[0.75,0.25],"evs":[0.0,-6.60358]},"Q5s":{"weight":0.0,"played":[0.5,0.5],"evs":[0.0,-3.74978]},"Q6s":{"weight":0.0211,"played":[0.5,0.5],"evs":[0.0,-3.75347]},"Q7s":{"weight":0.1002,"played":[0.2152,0.7848],"evs":[0.0,9.53852]},"Q8s":{"weight":0.008,"played":[0.5,0.5],"evs":[0.0,0.0]},"Q9s":{"weight":0.0347,"played":[0.5,0.5],"evs":[0.0,44.07183]},"QTs":{"weight":1.0E-4,"played":[1.0,0.0],"evs":[0.0,6.06968]},"QJs":{"weight":5.0E-4,"played":[0.5,0.5],"evs":[0.0,34.68159]},"QQ":{"weight":0.0046,"played":[0.0,1.0],"evs":[0.0,-3.74977]},"KQo":{"weight":0.0133,"played":[0.0,1.0],"evs":[0.0,-3.74977]},"AQo":{"weight":0.0178,"played":[0.5,0.5],"evs":[0.0,6.06968]},"K2s":{"weight":0.0285,"played":[0.2993,0.7007],"evs":[0.0,-4.84427]},"K3s":{"weight":0.0,"played":[0.5,0.5],"evs":[0.0,-9.45368]},"K4s":{"weight":1.0E-4,"played":[0.5,0.5],"evs":[0.0,0.0]},"K5s":{"weight":0.0114,"played":[0.5,0.5],"evs":[0.0,34.68159]},"K6s":{"weight":0.2194,"played":[0.5,0.5],"evs":[0.0,-9.45368]},"K7s":{"weight":0.0,"played":[1.0,0.0],"evs":[0.0,-3.74977]},"K8s":{"weight":0.0286,"played":[0.0,1.0],"evs":[0.0,-3.74977]},"K9s":{"weight":0.0,"played":[0.2268,0.7732],"evs":[0.0,13.68073]},"KTs":{"weight":0.2866,"played":[0.1114,0.8886],"evs":[0.0,-3.75347]},"KJs":{"weight":0.0821,"played":[0.5,0.5],"evs":[0.0,-3.74977]},"KQs":{"weight":0.0,"played":[0.5,0.5],"evs":[0.0,0.0]},"KK":{"weight":1.0E-4,"played":[0.5,0.5],"evs":[0.0,0.0]},"AKo":{"weight":0.0071,"played":[0.058,0.942],"evs":[0.0,43.52746]},"A2s":{"weight":0.004,"played":[1.0,0.0],"evs":[0.0,-6.5127]},"A3s":{"weight":0.0,"played":[0.5,0.5],"evs":[0.0,44.09565]},"A4s":{"weight":4.0E-4,"played":[0.5,0.5],"evs":[0.0,0.0]},"A5s":{"weight":1.0E-4,"played":[0.5,0.5],"evs":[0.0,44.09565]},"A6s":{"weight":0.1555,"played":[0.0606,0.9394],"evs":[0.0,-2.56279]},"A7s":{"weight":0.042,"played":[1.0,0.0],"evs":[0.0,-9.45368]},"A8s":{"weight":0.0739,"played":[0.0,1.0],"evs":[0.0,-3.75347]},"A9s":{"weight":0.0116,"played":[0.0,1.0],"evs":[0.0,-3.75347]},"ATs":{"weight":0.1294,"played":[0.5,0.5],"evs":[0.0,0.0]},"AJs":{"weight":0.0046,"played":[0.5,0.5],"evs":[0.0,-9.45368]},"AQs":{"weight":0.0,"played":[0.5,0.5],"evs":[0.0,-3.74978]},"AKs":{"weight":0.014,"played":[0.5,0.5],"evs":[0.0,-3.74977]},"AA":{"weight":0.0274,"played":[1.0,0.0],"evs":[0.0,-9.46325]}}}