{"player":4,"street":0,"children":2,"sequence":[{"player":0,"type":"F","amount":0,"street":0},{"player":1,"type":"R","amount":785000,"street":0},{"player":2,"type":"F","amount":0,"street":0},{"player":3,"type":"C","amount":785000,"street":0},{"player":4,"type":"C","amount":735000,"street":0},{"player":5,"type":"R","amount":945000,"street":0},{"player":3,"type":"C","amount":160000,"street":0}],"actions":[{"type":"F","amount":0},{"type":"C","amount":160000}],"hands":{"22":{"weight":0.0,"played":[0.0,1.0],"evs":[0.0,7.13818]},"32o":{"weight":0.0,"played":[0.0,1.0],"evs":[0.0,3.82863]},"42o":{"weight":0.0,"played":[0.0,1.0],"evs":[0.0,4.23854]},"52o":{"weight":0.0,"played":[0.0,1.0],"evs":[0.0,4.31986]},"62o":{"weight":0.0,"played":[0.0,1.0],"evs":[0.0,4.0223]},"72o":{"weight":0.0,"played":[0.0,1.0],"evs":[0.0,3.57573]},"82o":{"weight":0.0,"played":[0.0,1.0],"evs":[0.0,3.37023]},"92o":{"weight":0.0,"played":[0.0,1.0],"evs":[0.0,3.26968]},"T2o":{"weight":0.0,"played":[0.0,1.0],"evs":[0.0,3.15611]},"J2o":{"weight":0.0,"played":[0.0,1.0],"evs":[0.0,3.15704]},"Q2o":{"weight":0.0,"played":[0.0,1.0],"evs":[0.0,3.80277]},"K2o":{"weight":0.0,"played":[0.0,1.0],"evs":[0.0,3.55681]},"A2o":{"weight":0.0,"played":[0.0,1.0],"evs":[0.0,4.57143]},"32s":{"weight":0.0,"played":[0.0,1.0],"evs":[0.0,5.622]},"33":{"weight":0.008,"played":[0.0,1.0],"evs":[0.0,8.22393]},"43o":{"weight":0.0,"played":[0.0,1.0],"evs":[0.0,5.00231]},"53o":{"weight":0.0,"played":[0.0,1.0],"evs":[0.0,5.21446]},"63o":{"weight":0.0,"played":[0.0,1.0],"evs":[0.0,4.85608]},"73o":{"weight":0.0,"played":[0.0,1.0],"evs":[0.0,4.12509]},"83o":{"weight":0.0,"played":[0.0,1.0],"evs":[0.0,3.61739]},"93o":{"weight":0.0,"played":[0.0,1.0],"evs":[0.0,3.57169]},"T3o":{"weight":0.0,"played":[0.0,1.0],"evs":[0.0,3.37985]},"J3o":{"weight":0.0,"played":[0.0,1.0],"evs":[0.0,3.46616]},"Q3o":{"weight":0.0,"played":[0.0,1.0],"evs":[0.0,3.79687]},"K3o":{"weight":0.0,"played":[0.0,1.0],"evs":[0.0,3.8611]},"A3o":{"weight":0.0,"played":[0.0,1.0],"evs":[0.0,4.67427]},"42s":{"weight":0.0,"played":[0.0,1.0],"evs":[0.0,6.01027]},"43s":{"weight":0.0,"played":[0.0,1.0],"evs":[0.0,6.79655]},"44":{"weight":0.0154,"played":[0.0,1.0],"evs":[0.0,9.04022]},"54o":{"weight":0.0,"played":[0.0,1.0],"evs":[0.0,5.95739]},"64o":{"weight":0.0,"played":[0.0,1.0],"evs":[0.0,5.89303]},"74o":{"weight":0.0,"played":[0.0,1.0],"evs":[0.0,4.88085]},"84o":{"weight":0.0,"played":[0.0,1.0],"evs":[0.0,4.29602]},"94o":{"weight":0.0,"played":[0.0,1.0],"evs":[0.0,3.76819]},"T4o":{"weight":0.0,"played":[0.0,1.0],"evs":[0.0,3.50326]},"J4o":{"weight":0.0,"played":[0.0,1.0],"evs":[0.0,3.5868]},"Q4o":{"weight":0.0,"played":[0.0,1.0],"evs":[0.0,3.83963]},"K4o":{"weight":0.0,"played":[0.0,1.0],"evs":[0.0,4.26471]},"A4o":{"weight":0.0,"played":[0.0,1.0],"evs":[0.0,5.1102]},"52s":{"weight":0.0,"played":[0.0,1.0],"evs":[0.0,6.08783]},"53s":{"weight":0.0,"played":[0.0,1.0],"evs":[0.0,7.00735]},"54s":{"weight":0.0,"played":[0.0,1.0],"evs":[0.0,7.7467]},"55":{"weight":0.0571,"played":[0.0,1.0],"evs":[0.0,10.27758]},"65o":{"weight":0.0,"played":[0.0,1.0],"evs":[0.0,6.36962]},"75o":{"weight":0.0,"played":[0.0,1.0],"evs":[0.0,5.54238]},"85o":{"weight":0.0,"played":[0.0,1.0],"evs":[0.0,5.31608]},"95o":{"weight":0.0,"played":[0.0,1.0],"evs":[0.0,4.31996]},"T5o":{"weight":0.0,"played":[0.0,1.0],"evs":[0.0,3.81745]},"J5o":{"weight":0.0,"played":[0.0,1.0],"evs":[0.0,3.90058]},"Q5o":{"weight":0.0,"played":[0.0,1.0],"evs":[0.0,4.23694]},"K5o":{"weight":0.0,"played":[0.0,1.0],"evs":[0.0,4.2398]},"A5o":{"weight":0.0,"played":[0.0,1.0],"evs":[0.0,5.65695]},"62s":{"weight":0.0,"played":[0.0,1.0],"evs":[0.0,5.69716]},"63s":{"weight":0.0,"played":[0.0,1.0],"evs":[0.0,6.44742]},"64s":{"weight":0.0,"played":[0.0,1.0],"evs":[0.0,7.61398]},"65s":{"weight":1.0E-4,"played":[0.0,1.0],"evs":[0.0,8.27987]},"66":{"weight":0.0942,"played":[0.0,1.0],"evs":[0.0,11.08007]},"76o":{"weight":0.0,"played":[0.0,1.0],"evs":[0.0,6.492]},"86o":{"weight":0.0,"played":[0.0,1.0],"evs":[0.0,5.93439]},"96o":{"weight":0.0,"played":[0.0,1.0],"evs":[0.0,5.27909]},"T6o":{"weight":0.0,"played":[0.0,1.0],"evs":[0.0,4.57189]},"J6o":{"weight":0.0,"played":[0.0,1.0],"evs":[0.0,4.05939]},"Q6o":{"weight":0.0,"played":[0.0,1.0],"evs":[0.0,4.74654]},"K6o":{"weight":0.0,"played":[0.0,1.0],"evs":[0.0,4.61239]},"A6o":{"weight":0.0,"played":[0.0,1.0],"evs":[0.0,4.94309]},"72s":{"weight":0.0,"played":[0.0,1.0],"evs":[0.0,5.55042]},"73s":{"weight":0.0,"played":[0.0,1.0],"evs":[0.0,5.83344]},"74s":{"weight":0.0,"played":[0.0,1.0],"evs":[0.0,6.83378]},"75s":{"weight":0.0,"played":[0.0,1.0],"evs":[0.0,7.50135]},"76s":{"weight":1.0E-4,"played":[0.0,1.0],"evs":[0.0,8.36865]},"77":{"weight":0.113,"played":[0.0,1.0],"evs":[0.0,11.26592]},"87o":{"weight":0.0,"played":[0.0,1.0],"evs":[0.0,6.29218]},"97o":{"weight":0.0,"played":[0.0,1.0],"evs":[0.0,5.51926]},"T7o":{"weight":0.0,"played":[0.0,1.0],"evs":[0.0,5.23363]},"J7o":{"weight":0.0,"played":[0.0,1.0],"evs":[0.0,4.56146]},"Q7o":{"weight":0.0,"played":[0.0,1.0],"evs":[0.0,4.50163]},"K7o":{"weight":0.0,"played":[0.0,1.0],"evs":[0.0,4.8316]},"A7o":{"weight":0.0,"played":[0.0,1.0],"evs":[0.0,5.36283]},"82s":{"weight":0.0,"played":[0.0,1.0],"evs":[0.0,5.22524]},"83s":{"weight":0.0,"played":[0.0,1.0],"evs":[0.0,5.31928]},"84s":{"weight":0.0,"played":[0.0,1.0],"evs":[0.0,5.85679]},"85s":{"weight":0.0,"played":[0.0,1.0],"evs":[0.0,7.06293]},"86s":{"weight":0.0,"played":[0.0,1.0],"evs":[0.0,7.91673]},"87s":{"weight":6.0E-4,"played":[0.0,1.0],"evs":[0.0,8.01578]},"88":{"weight":0.0042,"played":[0.0,1.0],"evs":[0.0,12.54724]},"98o":{"weight":0.0,"played":[0.0,1.0],"evs":[0.0,6.15621]},"T8o":{"weight":0.0,"played":[0.0,1.0],"evs":[0.0,5.64671]},"J8o":{"weight":0.0,"played":[0.0,1.0],"evs":[0.0,5.30145]},"Q8o":{"weight":0.0,"played":[0.0,1.0],"evs":[0.0,5.30769]},"K8o":{"weight":0.0,"played":[0.0,1.0],"evs":[0.0,4.99476]},"A8o":{"weight":0.0,"played":[0.0,1.0],"evs":[0.0,5.93165]},"92s":{"weight":0.0,"played":[0.0,1.0],"evs":[0.0,5.39266]},"93s":{"weight":0.0,"played":[0.0,1.0],"evs":[0.0,5.29523]},"94s":{"weight":0.0,"played":[0.0,1.0],"evs":[0.0,5.84874]},"95s":{"weight":0.0,"played":[0.0,1.0],"evs":[0.0,6.44219]},"96s":{"weight":0.0,"played":[0.0,1.0],"evs":[0.0,7.2527]},"97s":{"weight":0.0,"played":[0.0,1.0],"evs":[0.0,7.89077]},"98s":{"weight":0.0,"played":[0.0,1.0],"evs":[0.0,8.26285]},"99":{"weight":4.0E-4,"played":[0.0,1.0],"evs":[0.0,13.5616]},"T9o":{"weight":0.0,"played":[0.0,1.0],"evs":[0.0,6.10199]},"J9o":{"weight":0.0,"played":[0.0,1.0],"evs":[0.0,5.81333]},"Q9o":{"weight":0.0,"played":[0.0,1.0],"evs":[0.0,5.78666]},"K9o":{"weight":0.0,"played":[0.0,1.0],"evs":[0.0,5.47732]},"A9o":{"weight":0.0,"played":[0.0,1.0],"evs":[0.0,6.30931]},"T2s":{"weight":0.0,"played":[0.0,1.0],"evs":[0.0,4.98456]},"T3s":{"weight":0.0,"played":[0.0,1.0],"evs":[0.0,5.43571]},"T4s":{"weight":0.0,"played":[0.0,1.0],"evs":[0.0,5.49292]},"T5s":{"weight":0.0,"played":[0.0,1.0],"evs":[0.0,6.05056]},"T6s":{"weight":0.0,"played":[0.0,1.0],"evs":[0.0,6.33454]},"T7s":{"weight":0.0,"played":[0.0,1.0],"evs":[0.0,6.778]},"T8s":{"weight":3.0E-4,"played":[0.0,1.0],"evs":[0.0,7.77273]},"T9s":{"weight":4.0E-4,"played":[0.0,1.0],"evs":[0.0,8.05612]},"TT":{"weight":0.0,"played":[0.0,1.0],"evs":[0.0,14.69654]},"JTo":{"weight":0.0,"played":[0.0,1.0],"evs":[0.0,6.15837]},"QTo":{"weight":0.0,"played":[0.0,1.0],"evs":[0.0,6.11484]},"KTo":{"weight":0.0,"played":[0.0,1.0],"evs":[0.0,6.21577]},"ATo":{"weight":0.0,"played":[0.0,1.0],"evs":[0.0,7.82072]},"J2s":{"weight":0.0,"played":[0.0,1.0],"evs":[0.0,4.88936]},"J3s":{"weight":0.0,"played":[0.0,1.0],"evs":[0.0,5.32666]},"J4s":{"weight":0.0,"played":[0.0,1.0],"evs":[0.0,5.25718]},"J5s":{"weight":0.0,"played":[0.0,1.0],"evs":[0.0,5.48941]},"J6s":{"weight":0.0,"played":[0.0,1.0],"evs":[0.0,5.62264]},"J7s":{"weight":0.0,"played":[0.0,1.0],"evs":[0.0,7.14839]},"J8s":{"weight":0.0,"played":[0.0,1.0],"evs":[0.0,7.16224]},"J9s":{"weight":0.0042,"played":[0.0,1.0],"evs":[0.0,7.54738]},"JTs":{"weight":0.4811,"played":[0.0,1.0],"evs":[0.0,7.92441]},"JJ":{"weight":1.0E-4,"played":[0.0,1.0],"evs":[0.0,17.88797]},"QJo":{"weight":0.0,"played":[0.0,1.0],"evs":[0.0,6.31469]},"KJo":{"weight":2.0E-4,"played":[0.0,1.0],"evs":[0.0,7.34249]},"AJo":{"weight":0.0,"played":[0.0,1.0],"evs":[0.0,9.60018]},"Q2s":{"weight":0.0,"played":[0.0,1.0],"evs":[0.0,5.66267]},"Q3s":{"weight":0.0,"played":[0.0,1.0],"evs":[0.0,5.90891]},"Q4s":{"weight":0.0,"played":[0.0,1.0],"evs":[0.0,5.84721]},"Q5s":{"weight":0.0,"played":[0.0,1.0],"evs":[0.0,6.03753]},"Q6s":{"weight":0.0,"played":[0.0,1.0],"evs":[0.0,6.73534]},"Q7s":{"weight":0.0,"played":[0.0,1.0],"evs":[0.0,6.59743]},"Q8s":{"weight":0.0,"played":[0.0,1.0],"evs":[0.0,7.01879]},"Q9s":{"weight":1.0E-4,"played":[0.0,1.0],"evs":[0.0,7.40917]},"QTs":{"weight":0.541,"played":[0.0,1.0],"evs":[0.0,8.20339]},"QJs":{"weight":0.9542,"played":[0.0,1.0],"evs":[0.0,8.40108]},"QQ":{"weight":7.0E-4,"played":[0.0,1.0],"evs":[0.0,21.35364]},"KQo":{"weight":0.0043,"played":[0.0,1.0],"evs":[0.0,8.42076]},"AQo":{"weight":0.0,"played":[0.0,1.0],"evs":[0.0,11.09414]},"K2s":{"weight":0.0,"played":[0.0,1.0],"evs":[0.0,5.41094]},"K3s":{"weight":0.0,"played":[0.0,1.0],"evs":[0.0,5.74416]},"K4s":{"weight":0.0,"played":[0.0,1.0],"evs":[0.0,6.13512]},"K5s":{"weight":0.0,"played":[0.0,1.0],"evs":[0.0,6.75186]},"K6s":{"weight":0.0,"played":[0.0,1.0],"evs":[0.0,7.33993]},"K7s":{"weight":0.0,"played":[0.0,1.0],"evs":[0.0,6.9839]},"K8s":{"weight":0.0,"played":[0.0,1.0],"evs":[0.0,6.89429]},"K9s":{"weight":3.0E-4,"played":[0.0,1.0],"evs":[0.0,7.6857]},"KTs":{"weight":0.3228,"played":[0.0,1.0],"evs":[0.0,8.70409]},"KJs":{"weight":0.0253,"played":[0.0,1.0],"evs":[0.0,9.85056]},"KQs":{"weight":0.0025,"played":[0.0,1.0],"evs":[0.0,10.2681]},"KK":{"weight":4.0E-4,"played":[0.0,1.0],"evs":[0.0,25.47909]},"AKo":{"weight":0.0,"played":[0.0,1.0],"evs":[0.0,13.18013]},"A2s":{"weight":0.0,"played":[0.0,1.0],"evs":[0.0,6.62525]},"A3s":{"weight":1.0E-4,"played":[0.0,1.0],"evs":[0.0,6.57877]},"A4s":{"weight":0.0,"played":[0.0,1.0],"evs":[0.0,7.65204]},"A5s":{"weight":1.0E-4,"played":[0.0,1.0],"evs":[0.0,8.24402]},"A6s":{"weight":1.0E-4,"played":[0.0,1.0],"evs":[0.0,7.65077]},"A7s":{"weight":0.0276,"played":[0.0,1.0],"evs":[0.0,8.14812]},"A8s":{"weight":0.5477,"played":[0.0,1.0],"evs":[0.0,8.21302]},"A9s":{"weight":0.0026,"played":[0.0,1.0],"evs":[0.0,8.98522]},"ATs":{"weight":0.0,"played":[0.0,1.0],"evs":[0.0,10.33272]},"AJs":{"weight":0.0,"played":[0.0,1.0],"evs":[0.0,11.09219]},"AQs":{"weight":0.0,"played":[0.0,1.0],"evs":[0.0,13.17731]},"AKs":{"weight":9.0E-4,"played":[0.0,1.0],"evs":[0.0,14.94251]},"AA":{"weight":0.0,"played":[0.0,1.0],"evs":[0.0,31.23313]}}}