{"player":0,"street":0,"children":2,"sequence":[{"player":0,"type":"R","amount":200000,"street":0},{"player":1,"type":"C","amount":200000,"street":0},{"player":2,"type":"C","amount":200000,"street":0},{"player":3,"type":"R","amount":600000,"street":0},{"player":4,"type":"F","amount":0,"street":0},{"player":5,"type":"R","amount":945000,"street":0},{"player":0,"type":"C","amount":745000,"street":0},{"player":1,"type":"F","amount":0,"street":0},{"player":2,"type":"R","amount":985000,"street":0},{"player":3,"type":"C","amount":385000,"street":0}],"actions":[{"type":"F","amount":0},{"type":"C","amount":40000}],"hands":{"22":{"weight":0.0059,"played":[1.0,0.0],"evs":[0.0,-5.91285]},"32o":{"weight":0.0,"played":[0.5,0.5],"evs":[0.0,-0.45242]},"42o":{"weight":0.0,"played":[0.1152,0.8848],"evs":[0.0,27.09005]},"52o":{"weight":0.0,"played":[1.0,0.0],"evs":[0.0,-0.45142]},"62o":{"weight":0.0,"played":[1.0,0.0],"evs":[0.0,-0.45239]},"72o":{"weight":0.0,"played":[0.994,0.006],"evs":[0.0,-0.45239]},"82o":{"weight":0.0,"played":[0.5,0.5],"evs":[0.0,0.0]},"92o":{"weight":0.0,"played":[0.0127,0.9873],"evs":[0.0,50.99513]},"T2o":{"weight":0.0,"played":[0.5,0.5],"evs":[0.0,-5.91416]},"J2o":{"weight":0.0,"played":[0.5,0.5],"evs":[0.0,0.0]},"Q2o":{"weight":0.0,"played":[0.7787,0.2213],"evs":[0.0,-3.49593]},"K2o":{"weight":0.0,"played":[0.5,0.5],"evs":[0.0,-0.45289]},"A2o":{"weight":0.0,"played":[0.5,0.5],"evs":[0.0,-0.44597]},"32s":{"weight":0.0,"played":[0.5,0.5],"evs":[0.0,-5.91424]},"33":{"weight":1.0E-4,"played":[0.5,0.5],"evs":[0.0,50.99374]},"43o":{"weight":0.0,"played":[0.0,1.0],"evs":[0.0,55.94731]},"53o":{"weight":0.0,"played":[1.0,0.0],"evs":[0.0,4.94991]},"63o":{"weight":0.0,"played":[0.8671,0.1329],"evs":[0.0,-0.45198]},"73o":{"weight":0.0,"played":[0.1147,0.8853],"evs":[0.0,11.9086]},"83o":{"weight":0.0,"played":[0.5,0.5],"evs":[0.0,0.0]},"93o":{"weight":0.0,"played":[0.5,0.5],"evs":[0.0,0.0]},"T3o":{"weight":0.0,"played":[0.5,0.5],"evs":[0.0,0.0]},"J3o":{"weight":0.0,"played":[0.5,0.5],"evs":[0.0,-0.451]},"Q3o":{"weight":0.0,"played":[1.0,0.0],"evs":[0.0,-1.95129]},"K3o":{"weight":0.0,"played":[0.7463,0.2537],"evs":[0.0,-1.83823]},"A3o":{"weight":0.0,"played":[0.0759,0.9241],"evs":[0.0,-0.04195]},"42s":{"weight":0.0,"played":[0.0,1.0],"evs":[0.0,-0.44728]},"43s":{"weight":0.0,"played":[0.5,0.5],"evs":[0.0,-0.45224]},"44":{"weight":0.0167,"played":[1.0,0.0],"evs":[0.0,-0.451]},"54o":{"weight":0.0,"played":[0.5,0.5],"evs":[0.0,0.0]},"64o":{"weight":0.0,"played":[1.0,0.0],"evs":[0.0,55.94592]},"74o":{"weight":0.0,"played":[0.6952,0.3048],"evs":[0.0,-5.91382]},"84o":{"weight":0.0,"played":[0.5,0.5],"evs":[0.0,-5.91978]},"94o":{"weight":0.0,"played":[1.0,0.0],"evs":[0.0,-5.91285]},"T4o":{"weight":0.0,"played":[0.5,0.5],"evs":[0.0,55.94593]},"J4o":{"weight":0.0,"played":[0.5,0.5],"evs":[0.0,-5.91978]},"Q4o":{"weight":0.0,"played":[0.6875,0.3125],"evs":[0.0,-5.91285]},"K4o":{"weight":0.0,"played":[0.5,0.5],"evs":[0.0,-0.451]},"A4o":{"weight":0.0,"played":[0.5,0.5],"evs":[0.0,-5.91285]},"52s":{"weight":0.0,"played":[0.5,0.5],"evs":[0.0,0.0]},"53s":{"weight":0.0,"played":[0.5,0.5],"evs":[0.0,0.0]},"54s":{"weight":0.0,"played":[0.5,0.5],"evs":[0.0,-5.91285]},"55":{"weight":0.0,"played":[0.8763,0.1237],"evs":[0.0,-0.4524]},"65o":{"weight":0.0,"played":[0.5,0.5],"evs":[0.0,55.94731]},"75o":{"weight":0.0,"played":[0.7059,0.2941],"evs":[0.0,-0.4527]},"85o":{"weight":0.0,"played":[0.5,0.5],"evs":[0.0,50.99512]},"95o":{"weight":0.0,"played":[0.5,0.5],"evs":[0.0,-0.45294]},"T5o":{"weight":0.0,"played":[0.5,0.5],"evs":[0.0,-0.44597]},"J5o":{"weight":0.0,"played":[0.5,0.5],"evs":[0.0,-0.45289]},"Q5o":{"weight":0.0,"played":[0.4874,0.5126],"evs":[0.0,-0.45289]},"K5o":{"weight":0.0,"played":[0.0206,0.9794],"evs":[0.0,-0.45242]},"A5o":{"weight":0.0,"played":[0.5,0.5],"evs":[0.0,-5.91285]},"62s":{"weight":0.0,"played":[0.5,0.5],"evs":[0.0,0.0]},"63s":{"weight":0.0,"played":[0.5,0.5],"evs":[0.0,50.99374]},"64s":{"weight":0.0,"played":[0.5,0.5],"evs":[0.0,-0.45239]},"65s":{"weight":0.0,"played":[0.5,0.5],"evs":[0.0,-0.45289]},"66":{"weight":0.0,"played":[0.5,0.5],"evs":[0.0,-5.91285]},"76o":{"weight":0.0,"played":[0.908,0.092],"evs":[0.0,-0.4523]},"86o":{"weight":0.0,"played":[0.0208,0.9792],"evs":[0.0,50.9938]},"96o":{"weight":0.0,"played":[0.0526,0.9474],"evs":[0.0,46.14826]},"T6o":{"weight":0.0,"played":[0.5,0.5],"evs":[0.0,55.94593]},"J6o":{"weight":0.0,"played":[0.1422,0.8578],"evs":[0.0,-2.82442]},"Q6o":{"weight":0.0,"played":[0.0833,0.9167],"evs":[0.0,31.35662]},"K6o":{"weight":0.0,"played":[0.5,0.5],"evs":[0.0,-0.45239]},"A6o":{"weight":0.0,"played":[0.5,0.5],"evs":[0.0,-0.45239]},"72s":{"weight":0.0,"played":[0.5,0.5],"evs":[0.0,0.0]},"73s":{"weight":0.0,"played":[0.5,0.5],"evs":[0.0,0.0]},"74s":{"weight":0.0,"played":[0.5,0.5],"evs":[0.0,-5.91285]},"75s":{"weight":0.0,"played":[0.5,0.5],"evs":[0.0,0.0]},"76s":{"weight":0.0,"played":[1.0,0.0],"evs":[0.0,-5.91285]},"77":{"weight":0.0,"played":[0.0,1.0],"evs":[0.0,54.83934]},"87o":{"weight":0.0,"played":[0.5714,0.4286],"evs":[0.0,26.6052]},"97o":{"weight":0.0,"played":[0.5,0.5],"evs":[0.0,-5.91416]},"T7o":{"weight":0.0,"played":[0.5,0.5],"evs":[0.0,-5.91285]},"J7o":{"weight":0.0,"played":[0.5,0.5],"evs":[0.0,-0.45239]},"Q7o":{"weight":0.0,"played":[0.5,0.5],"evs":[0.0,26.43294]},"K7o":{"weight":0.0,"played":[0.5,0.5],"evs":[0.0,0.0]},"A7o":{"weight":0.0035,"played":[0.0,1.0],"evs":[0.0,-0.45224]},"82s":{"weight":0.0,"played":[0.5,0.5],"evs":[0.0,0.0]},"83s":{"weight":0.0,"played":[0.0,1.0],"evs":[0.0,-0.45224]},"84s":{"weight":0.0,"played":[0.5,0.5],"evs":[0.0,0.0]},"85s":{"weight":0.0,"played":[0.5,0.5],"evs":[0.0,-0.451]},"86s":{"weight":0.0,"played":[0.5,0.5],"evs":[0.0,-0.45239]},"87s":{"weight":0.0,"played":[0.5,0.5],"evs":[0.0,0.0]},"88":{"weight":0.007,"played":[0.5,0.5],"evs":[0.0,4.94991]},"98o":{"weight":0.0,"played":[1.0,0.0],"evs":[0.0,-0.451]},"T8o":{"weight":0.0,"played":[0.5,0.5],"evs":[0.0,-0.4474]},"J8o":{"weight":0.0,"played":[0.0,1.0],"evs":[0.0,55.94592]},"Q8o":{"weight":0.0,"played":[0.8381,0.1619],"evs":[0.0,-2.221]},"K8o":{"weight":0.0,"played":[0.0,1.0],"evs":[0.0,3.71444]},"A8o":{"weight":0.3287,"played":[0.5,0.5],"evs":[0.0,-0.451]},"92s":{"weight":0.0,"played":[0.5,0.5],"evs":[0.0,0.0]},"93s":{"weight":0.0,"played":[0.5,0.5],"evs":[0.0,-0.45224]},"94s":{"weight":0.0,"played":[0.5,0.5],"evs":[0.0,-5.91424]},"95s":{"weight":0.0,"played":[0.5,0.5],"evs":[0.0,-0.45224]},"96s":{"weight":0.0,"played":[0.1508,0.8492],"evs":[0.0,41.81765]},"97s":{"weight":0.0,"played":[0.5,0.5],"evs":[0.0,0.0]},"98s":{"weight":0.0312,"played":[0.5,0.5],"evs":[0.0,-0.45289]},"99":{"weight":0.0,"played":[0.5,0.5],"evs":[0.0,0.0]},"T9o":{"weight":0.0,"played":[1.0,0.0],"evs":[0.0,-0.45242]},"J9o":{"weight":0.0,"played":[1.0,0.0],"evs":[0.0,55.94731]},"Q9o":{"weight":0.0,"played":[0.5,0.5],"evs":[0.0,-0.44597]},"K9o":{"weight":0.0,"played":[0.0,1.0],"evs":[0.0,-0.45239]},"A9o":{"weight":0.0,"played":[0.0,1.0],"evs":[0.0,-0.44597]},"T2s":{"weight":0.0,"played":[0.5,0.5],"evs":[0.0,0.0]},"T3s":{"weight":0.0,"played":[0.5,0.5],"evs":[0.0,0.0]},"T4s":{"weight":0.0,"played":[0.5,0.5],"evs":[0.0,0.0]},"T5s":{"weight":0.0,"played":[0.5,0.5],"evs":[0.0,0.0]},"T6s":{"weight":0.0,"played":[0.5,0.5],"evs":[0.0,0.0]},"T7s":{"weight":0.0,"played":[0.5,0.5],"evs":[0.0,0.0]},"T8s":{"weight":0.0,"played":[0.5,0.5],"evs":[0.0,0.0]},"T9s":{"weight":0.0237,"played":[0.5,0.5],"evs":[0.0,0.0]},"TT":{"weight":0.0989,"played":[0.8125,0.1875],"evs":[0.0,-0.45239]},"JTo":{"weight":0.0,"played":[0.8929,0.1071],"evs":[0.0,-4.74275]},"QTo":{"weight":0.0,"played":[0.5,0.5],"evs":[0.0,55.94731]},"KTo":{"weight":0.1991,"played":[0.0015,0.9985],"evs":[0.0,55.946]},"ATo":{"weight":0.0,"played":[0.0,1.0],"evs":[0.0,-0.44597]},"J2s":{"weight":0.0,"played":[1.0,0.0],"evs":[0.0,4.94991]},"J3s":{"weight":0.0,"played":[0.5,0.5],"evs":[0.0,-0.45239]},"J4s":{"weight":0.0,"played":[0.5,0.5],"evs":[0.0,0.0]},"J5s":{"weight":0.0,"played":[0.5,0.5],"evs":[0.0,0.0]},"J6s":{"weight":0.0,"played":[1.0,0.0],"evs":[0.0,55.94731]},"J7s":{"weight":0.0,"played":[0.5,0.5],"evs":[0.0,55.94732]},"J8s":{"weight":0.0,"played":[0.5,0.5],"evs":[0.0,0.0]},"J9s":{"weight":0.0715,"played":[1.0,0.0],"evs":[0.0,-5.91285]},"JTs":{"weight":0.0,"played":[0.5,0.5],"evs":[0.0,-5.91416]},"JJ":{"weight":0.0,"played":[0.1875,0.8125],"evs":[0.0,1.57357]},"QJo":{"weight":0.7442,"played":[0.0,1.0],"evs":[0.0,-5.91416]},"KJo":{"weight":0.0868,"played":[1.0,0.0],"evs":[0.0,-0.45239]},"AJo":{"weight":0.0,"played":[0.6429,0.3571],"evs":[0.0,1.50521]},"Q2s":{"weight":0.0,"played":[0.5,0.5],"evs":[0.0,4.94991]},"Q3s":{"weight":0.0,"played":[0.5,0.5],"evs":[0.0,0.0]},"Q4s":{"weight":0.0,"played":[0.5,0.5],"evs":[0.0,0.0]},"Q5s":{"weight":0.0,"played":[0.5,0.5],"evs":[0.0,0.0]},"Q6s":{"weight":0.0,"played":[0.5,0.5],"evs":[0.0,0.0]},"Q7s":{"weight":0.0,"played":[0.5,0.5],"evs":[0.0,55.946]},"Q8s":{"weight":0.0,"played":[0.5,0.5],"evs":[0.0,0.0]},"Q9s":{"weight":0.2598,"played":[0.9054,0.0946],"evs":[0.0,-0.45239]},"QTs":{"weight":0.0,"played":[0.5,0.5],"evs":[0.0,0.0]},"QJs":{"weight":0.0,"played":[0.5,0.5],"evs":[0.0,55.94731]},"QQ":{"weight":0.8717,"played":[0.5,0.5],"evs":[0.0,-0.45239]},"KQo":{"weight":0.0,"played":[0.5,0.5],"evs":[0.0,55.9473]},"AQo":{"weight":0.0,"played":[0.0,1.0],"evs":[0.0,4.95445]},"K2s":{"weight":0.0,"played":[0.8163,0.1837],"evs":[0.0,-5.91424]},"K3s":{"weight":0.0,"played":[0.5,0.5],"evs":[0.0,0.0]},"K4s":{"weight":0.0,"played":[1.0,0.0],"evs":[0.0,50.99374]},"K5s":{"weight":0.0,"played":[0.5,0.5],"evs":[0.0,-0.45239]},"K6s":{"weight":0.0,"played":[0.5,0.5],"evs":[0.0,0.0]},"K7s":{"weight":0.0,"played":[0.5,0.5],"evs":[0.0,0.0]},"K8s":{"weight":0.0127,"played":[0.5,0.5],"evs":[0.0,0.0]},"K9s":{"weight":0.4996,"played":[1.0,0.0],"evs":[0.0,-5.91424]},"KTs":{"weight":0.0,"played":[0.5,0.5],"evs":[0.0,0.0]},"KJs":{"weight":0.062,"played":[1.0,0.0],"evs":[0.0,4.94991]},"KQs":{"weight":0.0,"played":[0.5,0.5],"evs":[0.0,-5.91978]},"KK":{"weight":0.0161,"played":[0.0,1.0],"evs":[0.0,9.10197]},"AKo":{"weight":0.1342,"played":[0.5,0.5],"evs":[0.0,-5.91424]},"A2s":{"weight":0.0089,"played":[0.5,0.5],"evs":[0.0,0.0]},"A3s":{"weight":0.3835,"played":[0.5,0.5],"evs":[0.0,0.0]},"A4s":{"weight":0.3667,"played":[0.5,0.5],"evs":[0.0,55.94722]},"A5s":{"weight":0.0,"played":[0.5,0.5],"evs":[0.0,-0.45269]},"A6s":{"weight":0.1008,"played":[0.5,0.5],"evs":[0.0,0.0]},"A7s":{"weight":0.2413,"played":[0.5,0.5],"evs":[0.0,3.71575]},"A8s":{"weight":4.0E-4,"played":[0.5,0.5],"evs":[0.0,0.0]},"A9s":{"weight":3.0E-4,"played":[0.5,0.5],"evs":[0.0,3.70882]},"ATs":{"weight":0.2646,"played":[0.5,0.5],"evs":[0.0,-0.45224]},"AJs":{"weight":0.1466,"played":[0.5,0.5],"evs":[0.0,0.0]},"AQs":{"weight":0.1374,"played":[0.5,0.5],"evs":[0.0,0.0]},"AKs":{"weight":0.3944,"played":[0.5,0.5],"evs":[0.0,-5.91424]},"AA":{"weight":0.2072,"played":[0.5,0.5],"evs":[0.0,4.94991]}}}