{"player":3,"street":0,"children":2,"sequence":[{"player":0,"type":"R","amount":200000,"street":0},{"player":1,"type":"C","amount":200000,"street":0},{"player":2,"type":"C","amount":200000,"street":0},{"player":3,"type":"R","amount":600000,"street":0},{"player":4,"type":"F","amount":0,"street":0},{"player":5,"type":"R","amount":945000,"street":0},{"player":0,"type":"C","amount":745000,"street":0},{"player":1,"type":"C","amount":585000,"street":0},{"player":2,"type":"R","amount":985000,"street":0}],"actions":[{"type":"F","amount":0,"node":484},{"type":"C","amount":385000,"node":485}],"hands":{"22":{"weight":0.0166,"played":[0.4717,0.5283],"evs":[0.0,5.97755]},"32o":{"weight":0.0,"played":[0.5985,0.4015],"evs":[0.0,2.55856]},"42o":{"weight":3.0E-4,"played":[0.3955,0.6045],"evs":[0.0,1.55455]},"52o":{"weight":0.0,"played":[0.143,0.857],"evs":[0.0,0.8626]},"62o":{"weight":0.0,"played":[0.9279,0.0721],"evs":[0.0,-4.54823]},"72o":{"weight":0.0,"played":[1.0,0.0],"evs":[0.0,-1.33696]},"82o":{"weight":0.0,"played":[0.3558,0.6442],"evs":[0.0,2.42553]},"92o":{"weight":1.0E-4,"played":[0.3539,0.6461],"evs":[0.0,1.33312]},"T2o":{"weight":0.0,"played":[0.1727,0.8273],"evs":[0.0,6.74301]},"J2o":{"weight":0.0,"played":[0.4428,0.5572],"evs":[0.0,3.39873]},"Q2o":{"weight":1.0E-4,"played":[0.1951,0.8049],"evs":[0.0,1.2344]},"K2o":{"weight":0.0012,"played":[0.2264,0.7736],"evs":[0.0,3.4167]},"A2o":{"weight":0.025,"played":[1.0,0.0],"evs":[0.0,-4.18133]},"32s":{"weight":0.0,"played":[1.0,0.0],"evs":[0.0,-6.11792]},"33":{"weight":0.0296,"played":[0.9054,0.0946],"evs":[0.0,0.28376]},"43o":{"weight":0.0,"played":[0.496,0.504],"evs":[0.0,-1.06233]},"53o":{"weight":0.0012,"played":[0.8998,0.1002],"evs":[0.0,1.96182]},"63o":{"weight":2.0E-4,"played":[0.272,0.728],"evs":[0.0,0.21406]},"73o":{"weight":0.0,"played":[0.1451,0.8549],"evs":[0.0,9.17435]},"83o":{"weight":2.0E-4,"played":[1.0,0.0],"evs":[0.0,-4.58625]},"93o":{"weight":0.0022,"played":[1.0,0.0],"evs":[0.0,-4.66545]},"T3o":{"weight":0.0102,"played":[0.5428,0.4572],"evs":[0.0,18.98419]},"J3o":{"weight":0.0,"played":[0.5189,0.4811],"evs":[0.0,3.37257]},"Q3o":{"weight":4.0E-4,"played":[0.2695,0.7305],"evs":[0.0,-0.81329]},"K3o":{"weight":9.0E-4,"played":[1.0,0.0],"evs":[0.0,8.25256]},"A3o":{"weight":0.002,"played":[0.4773,0.5227],"evs":[0.0,3.55521]},"42s":{"weight":2.0E-4,"played":[0.1372,0.8628],"evs":[0.0,8.02489]},"43s":{"weight":0.0014,"played":[0.7482,0.2518],"evs":[0.0,14.59538]},"44":{"weight":0.0173,"played":[0.2733,0.7267],"evs":[0.0,25.03127]},"54o":{"weight":0.0,"played":[0.0118,0.9882],"evs":[0.0,14.75456]},"64o":{"weight":1.0E-4,"played":[0.6566,0.3434],"evs":[0.0,0.29613]},"74o":{"weight":0.0,"played":[0.0976,0.9024],"evs":[0.0,4.66486]},"84o":{"weight":0.0,"played":[0.1444,0.8556],"evs":[0.0,4.60611]},"94o":{"weight":6.0E-4,"played":[1.0,0.0],"evs":[0.0,-4.00967]},"T4o":{"weight":0.0022,"played":[0.8691,0.1309],"evs":[0.0,2.05583]},"J4o":{"weight":0.0018,"played":[0.0621,0.9379],"evs":[0.0,10.97848]},"Q4o":{"weight":0.02,"played":[1.0,0.0],"evs":[0.0,-5.51258]},"K4o":{"weight":0.0052,"played":[0.281,0.719],"evs":[0.0,2.71812]},"A4o":{"weight":3.0E-4,"played":[1.0,0.0],"evs":[0.0,16.07757]},"52s":{"weight":0.0124,"played":[0.4406,0.5594],"evs":[0.0,-3.04733]},"53s":{"weight":0.003,"played":[0.9886,0.0114],"evs":[0.0,-4.18064]},"54s":{"weight":4.0E-4,"played":[0.5868,0.4132],"evs":[0.0,-4.18095]},"55":{"weight":0.0311,"played":[0.6678,0.3322],"evs":[0.0,-0.03234]},"65o":{"weight":0.0,"played":[0.234,0.766],"evs":[0.0,11.49919]},"75o":{"weight":0.0,"played":[0.0396,0.9604],"evs":[0.0,1.02093]},"85o":{"weight":0.0017,"played":[0.8486,0.1514],"evs":[0.0,-3.77018]},"95o":{"weight":0.0,"played":[0.0881,0.9119],"evs":[0.0,2.40844]},"T5o":{"weight":1.0E-4,"played":[0.4831,0.5169],"evs":[0.0,8.29324]},"J5o":{"weight":0.0,"played":[0.0469,0.9531],"evs":[0.0,2.07213]},"Q5o":{"weight":1.0E-4,"played":[0.7223,0.2777],"evs":[0.0,9.25713]},"K5o":{"weight":8.0E-4,"played":[1.0,0.0],"evs":[0.0,-2.34938]},"A5o":{"weight":0.0015,"played":[0.1011,0.8989],"evs":[0.0,32.08245]},"62s":{"weight":8.0E-4,"played":[1.0,0.0],"evs":[0.0,-2.60039]},"63s":{"weight":0.0,"played":[1.0,0.0],"evs":[0.0,-6.63607]},"64s":{"weight":0.0204,"played":[0.2539,0.7461],"evs":[0.0,47.70253]},"65s":{"weight":0.0,"played":[1.0,0.0],"evs":[0.0,-4.16912]},"66":{"weight":0.02,"played":[0.3452,0.6548],"evs":[0.0,9.16754]},"76o":{"weight":7.0E-4,"played":[0.2642,0.7358],"evs":[0.0,1.0783]},"86o":{"weight":5.0E-4,"played":[0.2343,0.7657],"evs":[0.0,0.76094]},"96o":{"weight":0.0,"played":[0.116,0.884],"evs":[0.0,8.1586]},"T6o":{"weight":0.0,"played":[0.0781,0.9219],"evs":[0.0,19.50914]},"J6o":{"weight":0.0,"played":[0.0042,0.9958],"evs":[0.0,13.3742]},"Q6o":{"weight":0.0,"played":[1.0,0.0],"evs":[0.0,-4.53224]},"K6o":{"weight":3.0E-4,"played":[0.8392,0.1608],"evs":[0.0,4.50303]},"A6o":{"weight":0.0172,"played":[0.5272,0.4728],"evs":[0.0,24.8691]},"72s":{"weight":0.0288,"played":[0.291,0.709],"evs":[0.0,0.17874]},"73s":{"weight":6.0E-4,"played":[0.7386,0.2614],"evs":[0.0,-3.97898]},"74s":{"weight":0.0365,"played":[0.4145,0.5855],"evs":[0.0,-1.47075]},"75s":{"weight":0.0189,"played":[0.9867,0.0133],"evs":[0.0,-6.22654]},"76s":{"weight":3.0E-4,"played":[0.033,0.967],"evs":[0.0,54.03671]},"77":{"weight":0.066,"played":[0.6135,0.3865],"evs":[0.0,11.38036]},"87o":{"weight":0.0,"played":[0.4846,0.5154],"evs":[0.0,-0.35089]},"97o":{"weight":1.0E-4,"played":[0.609,0.391],"evs":[0.0,0.17992]},"T7o":{"weight":1.0E-4,"played":[0.4002,0.5998],"evs":[0.0,11.79343]},"J7o":{"weight":0.0096,"played":[0.1004,0.8996],"evs":[0.0,2.2701]},"Q7o":{"weight":0.0012,"played":[0.6899,0.3101],"evs":[0.0,7.69864]},"K7o":{"weight":3.0E-4,"played":[0.2621,0.7379],"evs":[0.0,6.6214]},"A7o":{"weight":0.033,"played":[1.0,0.0],"evs":[0.0,-5.0488]},"82s":{"weight":0.0029,"played":[1.0,0.0],"evs":[0.0,-4.45687]},"83s":{"weight":0.0,"played":[0.6449,0.3551],"evs":[0.0,32.9734]},"84s":{"weight":0.0045,"played":[0.2803,0.7197],"evs":[0.0,0.75908]},"85s":{"weight":0.0078,"played":[0.022,0.978],"evs":[0.0,2.45604]},"86s":{"weight":0.0,"played":[1.0,0.0],"evs":[0.0,-4.18691]},"87s":{"weight":0.0749,"played":[0.1326,0.8674],"evs":[0.0,20.58911]},"88":{"weight":0.1697,"played":[0.0332,0.9668],"evs":[0.0,6.05287]},"98o":{"weight":2.0E-4,"played":[0.0888,0.9112],"evs":[0.0,27.97719]},"T8o":{"weight":0.0,"played":[0.0558,0.9442],"evs":[0.0,7.48071]},"J8o":{"weight":5.0E-4,"played":[0.0,1.0],"evs":[0.0,13.35844]},"Q8o":{"weight":0.0172,"played":[0.3029,0.6971],"evs":[0.0,-1.65419]},"K8o":{"weight":0.0016,"played":[0.3736,0.6264],"evs":[0.0,7.68837]},"A8o":{"weight":1.0E-4,"played":[0.985,0.015],"evs":[0.0,-3.81027]},"92s":{"weight":0.0015,"played":[0.5442,0.4558],"evs":[0.0,10.14213]},"93s":{"weight":8.0E-4,"played":[0.1076,0.8924],"evs":[0.0,-1.28017]},"94s":{"weight":0.0175,"played":[1.0,0.0],"evs":[0.0,-1.62578]},"95s":{"weight":0.0081,"played":[1.0,0.0],"evs":[0.0,-6.7319]},"96s":{"weight":2.0E-4,"played":[0.0117,0.9883],"evs":[0.0,6.91571]},"97s":{"weight":0.0,"played":[0.9815,0.0185],"evs":[0.0,-6.02155]},"98s":{"weight":0.0,"played":[0.9111,0.0889],"evs":[0.0,-4.17411]},"99":{"weight":0.3973,"played":[0.417,0.583],"evs":[0.0,-2.49403]},"T9o":{"weight":0.0032,"played":[0.9463,0.0537],"evs":[0.0,7.48962]},"J9o":{"weight":0.0138,"played":[0.1447,0.8553],"evs":[0.0,25.49713]},"Q9o":{"weight":0.0014,"played":[0.0,1.0],"evs":[0.0,33.41664]},"K9o":{"weight":0.0049,"played":[0.6826,0.3174],"evs":[0.0,5.25292]},"A9o":{"weight":0.0733,"played":[0.327,0.673],"evs":[0.0,12.11408]},"T2s":{"weight":8.0E-4,"played":[0.2227,0.7773],"evs":[0.0,25.87737]},"T3s":{"weight":6.0E-4,"played":[0.5702,0.4298],"evs":[0.0,18.7754]},"T4s":{"weight":0.0016,"played":[0.918,0.082],"evs":[0.0,-4.16751]},"T5s":{"weight":0.0046,"played":[0.076,0.924],"evs":[0.0,-0.83129]},"T6s":{"weight":0.0047,"played":[0.9757,0.0243],"evs":[0.0,-4.17044]},"T7s":{"weight":0.0016,"played":[0.0202,0.9798],"evs":[0.0,-2.04905]},"T8s":{"weight":0.0021,"played":[0.428,0.572],"evs":[0.0,16.7017]},"T9s":{"weight":0.0244,"played":[1.0,0.0],"evs":[0.0,-7.91975]},"TT":{"weight":0.001,"played":[0.1413,0.8587],"evs":[0.0,30.38784]},"JTo":{"weight":0.0018,"played":[0.1414,0.8586],"evs":[0.0,5.10018]},"QTo":{"weight":6.0E-4,"played":[0.3929,0.6071],"evs":[0.0,4.28052]},"KTo":{"weight":2.0E-4,"played":[0.1828,0.8172],"evs":[0.0,13.7813]},"ATo":{"weight":0.0014,"played":[0.909,0.091],"evs":[0.0,-3.04257]},"J2s":{"weight":1.0E-4,"played":[0.1268,0.8732],"evs":[0.0,5.12274]},"J3s":{"weight":0.0027,"played":[0.9709,0.0291],"evs":[0.0,22.80634]},"J4s":{"weight":1.0E-4,"played":[0.6106,0.3894],"evs":[0.0,0.20719]},"J5s":{"weight":0.002,"played":[0.7023,0.2977],"evs":[0.0,-3.16725]},"J6s":{"weight":6.0E-4,"played":[0.8808,0.1192],"evs":[0.0,25.27639]},"J7s":{"weight":9.0E-4,"played":[0.7809,0.2191],"evs":[0.0,-5.71228]},"J8s":{"weight":0.0215,"played":[0.0912,0.9088],"evs":[0.0,24.76623]},"J9s":{"weight":0.1518,"played":[1.0,0.0],"evs":[0.0,-4.1827]},"JTs":{"weight":0.0078,"played":[0.8126,0.1874],"evs":[0.0,-2.16691]},"JJ":{"weight":3.0E-4,"played":[0.2339,0.7661],"evs":[0.0,5.37769]},"QJo":{"weight":0.0016,"played":[1.0,0.0],"evs":[0.0,-2.85566]},"KJo":{"weight":6.0E-4,"played":[0.3412,0.6588],"evs":[0.0,4.29492]},"AJo":{"weight":4.0E-4,"played":[0.8439,0.1561],"evs":[0.0,-2.99527]},"Q2s":{"weight":5.0E-4,"played":[0.5915,0.4085],"evs":[0.0,-4.18294]},"Q3s":{"weight":3.0E-4,"played":[1.0,0.0],"evs":[0.0,-3.58819]},"Q4s":{"weight":0.0438,"played":[1.0,0.0],"evs":[0.0,-7.94534]},"Q5s":{"weight":0.0,"played":[1.0,0.0],"evs":[0.0,-4.18066]},"Q6s":{"weight":0.0211,"played":[0.4776,0.5224],"evs":[0.0,8.03696]},"Q7s":{"weight":0.1002,"played":[1.0,0.0],"evs":[0.0,-4.1742]},"Q8s":{"weight":0.008,"played":[1.0,0.0],"evs":[0.0,-4.18695]},"Q9s":{"weight":0.0347,"played":[0.8446,0.1554],"evs":[0.0,3.39198]},"QTs":{"weight":1.0E-4,"played":[0.9605,0.0395],"evs":[0.0,-4.39987]},"QJs":{"weight":5.0E-4,"played":[0.9487,0.0513],"evs":[0.0,33.61783]},"QQ":{"weight":0.0046,"played":[0.466,0.534],"evs":[0.0,17.87476]},"KQo":{"weight":0.0133,"played":[0.4876,0.5124],"evs":[0.0,4.63334]},"AQo":{"weight":0.0178,"played":[0.297,0.703],"evs":[0.0,38.84302]},"K2s":{"weight":0.0285,"played":[0.8901,0.1099],"evs":[0.0,-6.43141]},"K3s":{"weight":0.0,"played":[0.9657,0.0343],"evs":[0.0,-4.1743]},"K4s":{"weight":1.0E-4,"played":[1.0,0.0],"evs":[0.0,-4.18239]},"K5s":{"weight":0.0114,"played":[1.0,0.0],"evs":[0.0,-9.45757]},"K6s":{"weight":0.2194,"played":[0.0,1.0],"evs":[0.0,19.54321]},"K7s":{"weight":0.0,"played":[1.0,0.0],"evs":[0.0,1.33067]},"K8s":{"weight":0.0286,"played":[0.2206,0.7794],"evs":[0.0,19.1035]},"K9s":{"weight":0.0,"played":[0.5196,0.4804],"evs":[0.0,1.69242]},"KTs":{"weight":0.2866,"played":[0.3083,0.6917],"evs":[0.0,6.38556]},"KJs":{"weight":0.0821,"played":[0.0,1.0],"evs":[0.0,-3.75002]},"KQs":{"weight":0.0,"played":[1.0,0.0],"evs":[0.0,1.35627]},"KK":{"weight":1.0E-4,"played":[0.0279,0.9721],"evs":[0.0,9.49941]},"AKo":{"weight":0.0071,"played":[0.1747,0.8253],"evs":[0.0,3.63176]},"A2s":{"weight":0.004,"played":[0.0039,0.9961],"evs":[0.0,19.39468]},"A3s":{"weight":0.0,"played":[1.0,0.0],"evs":[0.0,-9.47547]},"A4s":{"weight":4.0E-4,"played":[1.0,0.0],"evs":[0.0,-5.0753]},"A5s":{"weight":1.0E-4,"played":[0.9642,0.0358],"evs":[0.0,-3.91496]},"A6s":{"weight":0.1555,"played":[0.9731,0.0269],"evs":[0.0,-5.65686]},"A7s":{"weight":0.042,"played":[0.0153,0.9847],"evs":[0.0,41.23713]},"A8s":{"weight":0.0739,"played":[1.0,0.0],"evs":[0.0,-6.72416]},"A9s":{"weight":0.0116,"played":[0.7526,0.2474],"evs":[0.0,0.56002]},"ATs":{"weight":0.1294,"played":[0.2672,0.7328],"evs":[0.0,14.26124]},"AJs":{"weight":0.0046,"played":[0.287,0.713],"evs":[0.0,3.7496]},"AQs":{"weight":0.0,"played":[0.067,0.933],"evs":[0.0,9.28172]},"AKs":{"weight":0.014,"played":[0.2904,0.7096],"evs":[0.0,11.09686]},"AA":{"weight":0.0274,"played":[0.3516,0.6484],"evs":[0.0,39.93191]}}}