{"player":2,"street":0,"children":2,"sequence":[{"player":0,"type":"R","amount":200000,"street":0},{"player":1,"type":"C","amount":200000,"street":0},{"player":2,"type":"C","amount":200000,"street":0},{"player":3,"type":"R","amount":600000,"street":0},{"player":4,"type":"F","amount":0,"street":0},{"player":5,"type":"R","amount":945000,"street":0},{"player":0,"type":"R","amount":1465000,"street":0},{"player":1,"type":"F","amount":0,"street":0}],"actions":[{"type":"F","amount":0,"node":488},{"type":"C","amount":785000,"node":489}],"hands":{"22":{"weight":0.0,"played":[1.0,0.0],"evs":[0.0,-8.89754]},"32o":{"weight":0.0,"played":[0.4889,0.5111],"evs":[0.0,0.97271]},"42o":{"weight":0.0,"played":[0.8444,0.1556],"evs":[0.0,2.68377]},"52o":{"weight":0.0,"played":[0.2517,0.7483],"evs":[0.0,3.4953]},"62o":{"weight":0.0,"played":[0.3748,0.6252],"evs":[0.0,-3.98935]},"72o":{"weight":0.0,"played":[0.3383,0.6617],"evs":[0.0,9.86012]},"82o":{"weight":0.0,"played":[0.357,0.643],"evs":[0.0,-2.45569]},"92o":{"weight":0.0,"played":[0.8311,0.1689],"evs":[0.0,-6.19452]},"T2o":{"weight":0.0,"played":[0.6963,0.3037],"evs":[0.0,-0.43698]},"J2o":{"weight":0.0,"played":[0.2814,0.7186],"evs":[0.0,1.04131]},"Q2o":{"weight":0.0,"played":[0.9653,0.0347],"evs":[0.0,-8.90407]},"K2o":{"weight":0.0,"played":[0.3904,0.6096],"evs":[0.0,4.56175]},"A2o":{"weight":0.0,"played":[0.6752,0.3248],"evs":[0.0,-0.58516]},"32s":{"weight":1.0E-4,"played":[0.2476,0.7524],"evs":[0.0,18.18152]},"33":{"weight":7.0E-4,"played":[0.4234,0.5766],"evs":[0.0,-3.58763]},"43o":{"weight":0.0,"played":[1.0,0.0],"evs":[0.0,-8.90396]},"53o":{"weight":0.0,"played":[0.6524,0.3476],"evs":[0.0,-2.95845]},"63o":{"weight":0.0,"played":[0.1531,0.8469],"evs":[0.0,-0.99562]},"73o":{"weight":0.0,"played":[0.9839,0.0161],"evs":[0.0,-8.77792]},"83o":{"weight":0.0,"played":[1.0,0.0],"evs":[0.0,-8.90275]},"93o":{"weight":0.0,"played":[0.5765,0.4235],"evs":[0.0,-1.99914]},"T3o":{"weight":0.0,"played":[0.041,0.959],"evs":[0.0,3.53164]},"J3o":{"weight":0.0,"played":[0.957,0.043],"evs":[0.0,-8.62903]},"Q3o":{"weight":0.0,"played":[0.0039,0.9961],"evs":[0.0,19.43192]},"K3o":{"weight":0.0,"played":[0.3498,0.6502],"evs":[0.0,-2.13184]},"A3o":{"weight":0.0,"played":[1.0,0.0],"evs":[0.0,-8.72417]},"42s":{"weight":0.0,"played":[0.8532,0.1468],"evs":[0.0,-8.38643]},"43s":{"weight":0.0,"played":[0.9681,0.0319],"evs":[0.0,-8.90055]},"44":{"weight":0.0,"played":[0.9042,0.0958],"evs":[0.0,-8.90164]},"54o":{"weight":0.0,"played":[0.9725,0.0275],"evs":[0.0,-8.79524]},"64o":{"weight":0.0,"played":[1.0,0.0],"evs":[0.0,0.01268]},"74o":{"weight":0.0,"played":[0.5103,0.4897],"evs":[0.0,1.41075]},"84o":{"weight":0.0,"played":[1.0,0.0],"evs":[0.0,-8.90328]},"94o":{"weight":0.0,"played":[0.998,0.002],"evs":[0.0,-8.79009]},"T4o":{"weight":0.0,"played":[0.4458,0.5542],"evs":[0.0,1.96255]},"J4o":{"weight":0.0,"played":[0.4409,0.5591],"evs":[0.0,0.20676]},"Q4o":{"weight":0.0,"played":[0.4778,0.5222],"evs":[0.0,-4.87013]},"K4o":{"weight":0.0,"played":[0.6259,0.3741],"evs":[0.0,-1.25031]},"A4o":{"weight":1.0E-4,"played":[0.3319,0.6681],"evs":[0.0,1.56241]},"52s":{"weight":0.0,"played":[1.0,0.0],"evs":[0.0,-8.89509]},"53s":{"weight":0.0,"played":[0.9636,0.0364],"evs":[0.0,-8.86741]},"54s":{"weight":0.0,"played":[1.0,0.0],"evs":[0.0,-8.90018]},"55":{"weight":0.0387,"played":[0.5204,0.4796],"evs":[0.0,-4.9751]},"65o":{"weight":0.0,"played":[0.5495,0.4505],"evs":[0.0,8.8055]},"75o":{"weight":0.0,"played":[0.4122,0.5878],"evs":[0.0,-2.03911]},"85o":{"weight":0.0,"played":[0.8687,0.1313],"evs":[0.0,-8.07963]},"95o":{"weight":0.0,"played":[0.9102,0.0898],"evs":[0.0,3.36058]},"T5o":{"weight":0.0,"played":[0.9652,0.0348],"evs":[0.0,-8.81894]},"J5o":{"weight":0.0,"played":[1.0,0.0],"evs":[0.0,-8.90353]},"Q5o":{"weight":0.0,"played":[0.9562,0.0438],"evs":[0.0,-8.66316]},"K5o":{"weight":0.0,"played":[0.4002,0.5998],"evs":[0.0,10.28211]},"A5o":{"weight":0.0,"played":[0.1626,0.8374],"evs":[0.0,3.91939]},"62s":{"weight":0.0,"played":[0.3765,0.6235],"evs":[0.0,-2.69145]},"63s":{"weight":3.0E-4,"played":[1.0,0.0],"evs":[0.0,-8.90135]},"64s":{"weight":0.0,"played":[0.3361,0.6639],"evs":[0.0,4.59873]},"65s":{"weight":0.0,"played":[1.0,0.0],"evs":[0.0,-8.90058]},"66":{"weight":0.2925,"played":[0.9905,0.0095],"evs":[0.0,-8.90239]},"76o":{"weight":0.0,"played":[0.3667,0.6333],"evs":[0.0,6.69183]},"86o":{"weight":0.0,"played":[0.4349,0.5651],"evs":[0.0,5.67789]},"96o":{"weight":0.0,"played":[0.0472,0.9528],"evs":[0.0,4.54901]},"T6o":{"weight":0.0,"played":[0.6427,0.3573],"evs":[0.0,3.77714]},"J6o":{"weight":0.0,"played":[0.6964,0.3036],"evs":[0.0,-6.18866]},"Q6o":{"weight":0.0,"played":[0.5914,0.4086],"evs":[0.0,-4.53582]},"K6o":{"weight":0.0,"played":[0.0797,0.9203],"evs":[0.0,1.26285]},"A6o":{"weight":0.0,"played":[0.4427,0.5573],"evs":[0.0,-4.92141]},"72s":{"weight":1.0E-4,"played":[0.8018,0.1982],"evs":[0.0,-8.90179]},"73s":{"weight":1.0E-4,"played":[1.0,0.0],"evs":[0.0,-8.89829]},"74s":{"weight":0.0,"played":[1.0,0.0],"evs":[0.0,-8.90442]},"75s":{"weight":0.0,"played":[0.6723,0.3277],"evs":[0.0,-8.90393]},"76s":{"weight":0.0078,"played":[0.7699,0.2301],"evs":[0.0,10.40894]},"77":{"weight":0.0471,"played":[0.1389,0.8611],"evs":[0.0,3.58345]},"87o":{"weight":0.0,"played":[0.7197,0.2803],"evs":[0.0,4.69106]},"97o":{"weight":0.0,"played":[0.1491,0.8509],"evs":[0.0,6.81665]},"T7o":{"weight":0.0,"played":[0.0,1.0],"evs":[0.0,2.03157]},"J7o":{"weight":0.0,"played":[0.8263,0.1737],"evs":[0.0,-8.27862]},"Q7o":{"weight":0.0,"played":[1.0,0.0],"evs":[0.0,6.78562]},"K7o":{"weight":0.0,"played":[0.5612,0.4388],"evs":[0.0,6.95878]},"A7o":{"weight":0.0,"played":[0.8509,0.1491],"evs":[0.0,11.30948]},"82s":{"weight":0.0,"played":[1.0,0.0],"evs":[0.0,-8.58817]},"83s":{"weight":0.0,"played":[1.0,0.0],"evs":[0.0,-8.09697]},"84s":{"weight":0.0,"played":[1.0,0.0],"evs":[0.0,-8.89965]},"85s":{"weight":1.0E-4,"played":[1.0,0.0],"evs":[0.0,27.99229]},"86s":{"weight":0.0,"played":[0.2656,0.7344],"evs":[0.0,16.15526]},"87s":{"weight":0.0,"played":[1.0,0.0],"evs":[0.0,36.1937]},"88":{"weight":0.4485,"played":[0.0,1.0],"evs":[0.0,12.27637]},"98o":{"weight":0.0,"played":[0.0022,0.9978],"evs":[0.0,10.8387]},"T8o":{"weight":0.0,"played":[0.8412,0.1588],"evs":[0.0,-1.0127]},"J8o":{"weight":0.0,"played":[0.4832,0.5168],"evs":[0.0,6.61645]},"Q8o":{"weight":0.0,"played":[1.0,0.0],"evs":[0.0,-8.90678]},"K8o":{"weight":0.0,"played":[1.0,0.0],"evs":[0.0,-8.89975]},"A8o":{"weight":2.0E-4,"played":[0.6077,0.3923],"evs":[0.0,-2.70634]},"92s":{"weight":0.0,"played":[1.0,0.0],"evs":[0.0,-7.53568]},"93s":{"weight":1.0E-4,"played":[0.3572,0.6428],"evs":[0.0,0.4946]},"94s":{"weight":0.0,"played":[0.1539,0.8461],"evs":[0.0,-7.53568]},"95s":{"weight":0.0,"played":[0.5929,0.4071],"evs":[0.0,-8.89494]},"96s":{"weight":0.0,"played":[1.0,0.0],"evs":[0.0,-8.90366]},"97s":{"weight":0.0,"played":[0.9477,0.0523],"evs":[0.0,8.67173]},"98s":{"weight":1.0E-4,"played":[0.0,1.0],"evs":[0.0,36.20109]},"99":{"weight":0.0935,"played":[0.3333,0.6667],"evs":[0.0,6.74005]},"T9o":{"weight":0.0,"played":[0.0,1.0],"evs":[0.0,9.83002]},"J9o":{"weight":0.0,"played":[0.8122,0.1878],"evs":[0.0,4.23315]},"Q9o":{"weight":0.0,"played":[0.16,0.84],"evs":[0.0,0.09085]},"K9o":{"weight":0.0,"played":[0.4786,0.5214],"evs":[0.0,-1.98939]},"A9o":{"weight":0.0191,"played":[0.322,0.678],"evs":[0.0,4.91103]},"T2s":{"weight":0.0,"played":[0.9842,0.0158],"evs":[0.0,-8.8989]},"T3s":{"weight":0.0,"played":[1.0,0.0],"evs":[0.0,-8.89854]},"T4s":{"weight":0.0,"played":[1.0,0.0],"evs":[0.0,-8.20863]},"T5s":{"weight":0.0011,"played":[1.0,0.0],"evs":[0.0,-8.90058]},"T6s":{"weight":8.0E-4,"played":[1.0,0.0],"evs":[0.0,-8.90102]},"T7s":{"weight":0.0,"played":[1.0,0.0],"evs":[0.0,-8.8984]},"T8s":{"weight":7.0E-4,"played":[0.0553,0.9447],"evs":[0.0,-8.90796]},"T9s":{"weight":0.2187,"played":[0.0,1.0],"evs":[0.0,38.34834]},"TT":{"weight":0.261,"played":[0.0,1.0],"evs":[0.0,-8.90179]},"JTo":{"weight":2.0E-4,"played":[0.5083,0.4917],"evs":[0.0,0.05549]},"QTo":{"weight":0.0,"played":[0.0153,0.9847],"evs":[0.0,1.79911]},"KTo":{"weight":0.0,"played":[0.6597,0.3403],"evs":[0.0,8.44657]},"ATo":{"weight":0.0075,"played":[0.8641,0.1359],"evs":[0.0,-8.69845]},"J2s":{"weight":1.0E-4,"played":[0.8928,0.1072],"evs":[0.0,-8.90058]},"J3s":{"weight":0.0,"played":[1.0,0.0],"evs":[0.0,-8.89587]},"J4s":{"weight":0.0,"played":[0.0,1.0],"evs":[0.0,-8.90796]},"J5s":{"weight":0.0,"played":[0.0199,0.9801],"evs":[0.0,-8.90058]},"J6s":{"weight":0.0,"played":[0.926,0.074],"evs":[0.0,-8.90058]},"J7s":{"weight":0.0,"played":[0.2996,0.7004],"evs":[0.0,8.04037]},"J8s":{"weight":2.0E-4,"played":[0.3487,0.6513],"evs":[0.0,-1.83288]},"J9s":{"weight":3.0E-4,"played":[0.1645,0.8355],"evs":[0.0,2.26196]},"JTs":{"weight":0.1339,"played":[0.1194,0.8806],"evs":[0.0,3.33568]},"JJ":{"weight":0.0,"played":[0.3463,0.6537],"evs":[0.0,6.73896]},"QJo":{"weight":4.0E-4,"played":[0.1477,0.8523],"evs":[0.0,16.99057]},"KJo":{"weight":1.0E-4,"played":[0.6774,0.3226],"evs":[0.0,-7.08396]},"AJo":{"weight":0.0,"played":[0.2778,0.7222],"evs":[0.0,7.85154]},"Q2s":{"weight":1.0E-4,"played":[0.41,0.59],"evs":[0.0,24.68206]},"Q3s":{"weight":0.0,"played":[0.86,0.14],"evs":[0.0,-8.89742]},"Q4s":{"weight":0.0,"played":[0.5277,0.4723],"evs":[0.0,-8.8941]},"Q5s":{"weight":0.0,"played":[1.0,0.0],"evs":[0.0,-8.66833]},"Q6s":{"weight":0.0,"played":[0.0,1.0],"evs":[0.0,-8.90179]},"Q7s":{"weight":0.0,"played":[0.8838,0.1162],"evs":[0.0,20.02362]},"Q8s":{"weight":1.0E-4,"played":[1.0,0.0],"evs":[0.0,-8.8941]},"Q9s":{"weight":0.0,"played":[0.0,1.0],"evs":[0.0,-8.90179]},"QTs":{"weight":0.0044,"played":[1.0,0.0],"evs":[0.0,-7.99268]},"QJs":{"weight":0.5241,"played":[1.0,0.0],"evs":[0.0,-8.89883]},"QQ":{"weight":0.0,"played":[0.0,1.0],"evs":[0.0,29.70514]},"KQo":{"weight":0.5262,"played":[0.8816,0.1184],"evs":[0.0,5.28887]},"AQo":{"weight":0.0011,"played":[0.0,1.0],"evs":[0.0,3.51659]},"K2s":{"weight":0.0,"played":[0.6715,0.3285],"evs":[0.0,-8.89845]},"K3s":{"weight":0.0,"played":[0.6349,0.3651],"evs":[0.0,16.85252]},"K4s":{"weight":0.0,"played":[0.4258,0.5742],"evs":[0.0,-3.3193]},"K5s":{"weight":0.0,"played":[0.9212,0.0788],"evs":[0.0,2.05245]},"K6s":{"weight":1.0E-4,"played":[1.0,0.0],"evs":[0.0,-8.89969]},"K7s":{"weight":0.0,"played":[0.4744,0.5256],"evs":[0.0,11.04783]},"K8s":{"weight":4.0E-4,"played":[0.327,0.673],"evs":[0.0,1.30007]},"K9s":{"weight":0.0088,"played":[0.0,1.0],"evs":[0.0,12.74911]},"KTs":{"weight":0.6347,"played":[0.2579,0.7421],"evs":[0.0,34.46111]},"KJs":{"weight":0.6954,"played":[0.5,0.5],"evs":[0.0,-8.8941]},"KQs":{"weight":0.5785,"played":[0.1568,0.8432],"evs":[0.0,16.64608]},"KK":{"weight":1.0E-4,"played":[0.5,0.5],"evs":[0.0,36.20757]},"AKo":{"weight":0.0023,"played":[0.5683,0.4317],"evs":[0.0,0.92846]},"A2s":{"weight":0.0612,"played":[1.0,0.0],"evs":[0.0,-8.39209]},"A3s":{"weight":0.0728,"played":[0.9444,0.0556],"evs":[0.0,7.90196]},"A4s":{"weight":0.0332,"played":[1.0,0.0],"evs":[0.0,-8.90058]},"A5s":{"weight":1.0E-4,"played":[0.9913,0.0087],"evs":[0.0,-8.90067]},"A6s":{"weight":0.0011,"played":[0.0,1.0],"evs":[0.0,36.19839]},"A7s":{"weight":0.0017,"played":[1.0,0.0],"evs":[0.0,-8.22222]},"A8s":{"weight":0.0167,"played":[0.5407,0.4593],"evs":[0.0,13.45327]},"A9s":{"weight":0.0,"played":[0.1827,0.8173],"evs":[0.0,-8.90179]},"ATs":{"weight":0.0,"played":[0.0565,0.9435],"evs":[0.0,-8.8941]},"AJs":{"weight":6.0E-4,"played":[0.2166,0.7834],"evs":[0.0,36.20013]},"AQs":{"weight":0.0,"played":[0.7868,0.2132],"evs":[0.0,-1.33793]},"AKs":{"weight":0.0,"played":[0.5,0.5],"evs":[0.0,0.0]},"AA":{"weight":0.0,"played":[0.0,1.0],"evs":[0.0,37.57139]}}}