{"player":3,"street":0,"children":2,"sequence":[{"player":0,"type":"R","amount":200000,"street":0},{"player":1,"type":"C","amount":200000,"street":0},{"player":2,"type":"C","amount":200000,"street":0},{"player":3,"type":"R","amount":600000,"street":0},{"player":4,"type":"F","amount":0,"street":0},{"player":5,"type":"R","amount":945000,"street":0},{"player":0,"type":"R","amount":1465000,"street":0},{"player":1,"type":"C","amount":585000,"street":0},{"player":2,"type":"C","amount":785000,"street":0}],"actions":[{"type":"F","amount":0},{"type":"C","amount":865000}],"hands":{"22":{"weight":0.0166,"played":[0.3991,0.6009],"evs":[0.0,1.00982]},"32o":{"weight":0.0,"played":[0.1232,0.8768],"evs":[0.0,6.47547]},"42o":{"weight":3.0E-4,"played":[0.2809,0.7191],"evs":[0.0,7.60221]},"52o":{"weight":0.0,"played":[0.0032,0.9968],"evs":[0.0,3.35483]},"62o":{"weight":0.0,"played":[0.4674,0.5326],"evs":[0.0,-3.43068]},"72o":{"weight":0.0,"played":[0.2653,0.7347],"evs":[0.0,-0.11909]},"82o":{"weight":0.0,"played":[0.9539,0.0461],"evs":[0.0,-5.70818]},"92o":{"weight":1.0E-4,"played":[0.6255,0.3745],"evs":[0.0,-2.92235]},"T2o":{"weight":0.0,"played":[0.5727,0.4273],"evs":[0.0,7.17715]},"J2o":{"weight":0.0,"played":[0.3017,0.6983],"evs":[0.0,11.17713]},"Q2o":{"weight":1.0E-4,"played":[0.0367,0.9633],"evs":[0.0,6.78547]},"K2o":{"weight":0.0012,"played":[0.2333,0.7667],"evs":[0.0,-1.16828]},"A2o":{"weight":0.025,"played":[0.4212,0.5788],"evs":[0.0,7.44857]},"32s":{"weight":0.0,"played":[0.7574,0.2426],"evs":[0.0,3.54476]},"33":{"weight":0.0296,"played":[0.8469,0.1531],"evs":[0.0,-8.47072]},"43o":{"weight":0.0,"played":[0.8798,0.1202],"evs":[0.0,-1.60105]},"53o":{"weight":0.0012,"played":[0.4947,0.5053],"evs":[0.0,-0.79762]},"63o":{"weight":2.0E-4,"played":[0.396,0.604],"evs":[0.0,20.07755]},"73o":{"weight":0.0,"played":[0.9261,0.0739],"evs":[0.0,-6.2936]},"83o":{"weight":2.0E-4,"played":[1.0,0.0],"evs":[0.0,-7.49955]},"93o":{"weight":0.0022,"played":[0.7192,0.2808],"evs":[0.0,0.51996]},"T3o":{"weight":0.0102,"played":[0.0252,0.9748],"evs":[0.0,8.67595]},"J3o":{"weight":0.0,"played":[0.8868,0.1132],"evs":[0.0,-0.39348]},"Q3o":{"weight":4.0E-4,"played":[0.2431,0.7569],"evs":[0.0,8.74109]},"K3o":{"weight":9.0E-4,"played":[0.2868,0.7132],"evs":[0.0,9.45981]},"A3o":{"weight":0.002,"played":[0.6803,0.3197],"evs":[0.0,8.27752]},"42s":{"weight":2.0E-4,"played":[0.8376,0.1624],"evs":[0.0,-7.28806]},"43s":{"weight":0.0014,"played":[0.0556,0.9444],"evs":[0.0,19.79285]},"44":{"weight":0.0173,"played":[0.0,1.0],"evs":[0.0,20.35547]},"54o":{"weight":0.0,"played":[0.2715,0.7285],"evs":[0.0,0.40062]},"64o":{"weight":1.0E-4,"played":[0.6124,0.3876],"evs":[0.0,-4.419]},"74o":{"weight":0.0,"played":[0.2233,0.7767],"evs":[0.0,9.06461]},"84o":{"weight":0.0,"played":[0.9953,0.0047],"evs":[0.0,-7.13181]},"94o":{"weight":6.0E-4,"played":[0.0594,0.9406],"evs":[0.0,0.83703]},"T4o":{"weight":0.0022,"played":[0.2831,0.7169],"evs":[0.0,6.09273]},"J4o":{"weight":0.0018,"played":[0.5049,0.4951],"evs":[0.0,3.644]},"Q4o":{"weight":0.02,"played":[0.1954,0.8046],"evs":[0.0,17.01794]},"K4o":{"weight":0.0052,"played":[0.4966,0.5034],"evs":[0.0,-1.31349]},"A4o":{"weight":3.0E-4,"played":[0.5921,0.4079],"evs":[0.0,-4.36581]},"52s":{"weight":0.0124,"played":[1.0E-4,0.9999],"evs":[0.0,-1.47506]},"53s":{"weight":0.003,"played":[0.78,0.22],"evs":[0.0,24.47479]},"54s":{"weight":4.0E-4,"played":[0.6087,0.3913],"evs":[0.0,3.24617]},"55":{"weight":0.0311,"played":[0.0066,0.9934],"evs":[0.0,1.75876]},"65o":{"weight":0.0,"played":[0.3806,0.6194],"evs":[0.0,8.93629]},"75o":{"weight":0.0,"played":[1.0,0.0],"evs":[0.0,-8.74028]},"85o":{"weight":0.0017,"played":[0.4593,0.5407],"evs":[0.0,13.24846]},"95o":{"weight":0.0,"played":[0.849,0.151],"evs":[0.0,-7.25059]},"T5o":{"weight":1.0E-4,"played":[0.6144,0.3856],"evs":[0.0,-1.9903]},"J5o":{"weight":0.0,"played":[1.0,0.0],"evs":[0.0,-7.45059]},"Q5o":{"weight":1.0E-4,"played":[0.4943,0.5057],"evs":[0.0,-1.61527]},"K5o":{"weight":8.0E-4,"played":[0.9715,0.0285],"evs":[0.0,-5.49375]},"A5o":{"weight":0.0015,"played":[0.3523,0.6477],"evs":[0.0,3.66746]},"62s":{"weight":8.0E-4,"played":[0.4845,0.5155],"evs":[0.0,35.47128]},"63s":{"weight":0.0,"played":[0.4071,0.5929],"evs":[0.0,8.0217]},"64s":{"weight":0.0204,"played":[0.1788,0.8212],"evs":[0.0,9.90305]},"65s":{"weight":0.0,"played":[0.354,0.646],"evs":[0.0,-1.81134]},"66":{"weight":0.02,"played":[0.0892,0.9108],"evs":[0.0,3.1666]},"76o":{"weight":7.0E-4,"played":[0.8741,0.1259],"evs":[0.0,-2.96524]},"86o":{"weight":5.0E-4,"played":[0.7913,0.2087],"evs":[0.0,-7.74307]},"96o":{"weight":0.0,"played":[0.2971,0.7029],"evs":[0.0,3.54735]},"T6o":{"weight":0.0,"played":[0.1243,0.8757],"evs":[0.0,13.91016]},"J6o":{"weight":0.0,"played":[0.9803,0.0197],"evs":[0.0,3.27429]},"Q6o":{"weight":0.0,"played":[0.5134,0.4866],"evs":[0.0,-2.72996]},"K6o":{"weight":3.0E-4,"played":[0.8179,0.1821],"evs":[0.0,-5.13967]},"A6o":{"weight":0.0172,"played":[0.2394,0.7606],"evs":[0.0,17.47295]},"72s":{"weight":0.0288,"played":[1.0,0.0],"evs":[0.0,-9.445]},"73s":{"weight":6.0E-4,"played":[0.9727,0.0273],"evs":[0.0,-9.44451]},"74s":{"weight":0.0365,"played":[0.7628,0.2372],"evs":[0.0,10.58439]},"75s":{"weight":0.0189,"played":[0.9995,5.0E-4],"evs":[0.0,20.86694]},"76s":{"weight":3.0E-4,"played":[0.0,1.0],"evs":[0.0,-9.43663]},"77":{"weight":0.066,"played":[0.2136,0.7864],"evs":[0.0,14.17293]},"87o":{"weight":0.0,"played":[0.881,0.119],"evs":[0.0,8.39372]},"97o":{"weight":1.0E-4,"played":[0.0949,0.9051],"evs":[0.0,4.82342]},"T7o":{"weight":1.0E-4,"played":[0.8925,0.1075],"evs":[0.0,1.68676]},"J7o":{"weight":0.0096,"played":[0.5406,0.4594],"evs":[0.0,6.85479]},"Q7o":{"weight":0.0012,"played":[0.0499,0.9501],"evs":[0.0,10.06509]},"K7o":{"weight":3.0E-4,"played":[1.0,0.0],"evs":[0.0,-8.56592]},"A7o":{"weight":0.033,"played":[0.9938,0.0062],"evs":[0.0,-2.79218]},"82s":{"weight":0.0029,"played":[0.0,1.0],"evs":[0.0,4.25204]},"83s":{"weight":0.0,"played":[0.9818,0.0182],"evs":[0.0,-5.01937]},"84s":{"weight":0.0045,"played":[0.0436,0.9564],"evs":[0.0,16.92435]},"85s":{"weight":0.0078,"played":[0.3691,0.6309],"evs":[0.0,-2.67361]},"86s":{"weight":0.0,"played":[0.0858,0.9142],"evs":[0.0,3.02551]},"87s":{"weight":0.0749,"played":[0.9101,0.0899],"evs":[0.0,0.64861]},"88":{"weight":0.1697,"played":[0.2603,0.7397],"evs":[0.0,0.32479]},"98o":{"weight":2.0E-4,"played":[1.0,0.0],"evs":[0.0,-5.30332]},"T8o":{"weight":0.0,"played":[0.4491,0.5509],"evs":[0.0,8.4048]},"J8o":{"weight":5.0E-4,"played":[0.0936,0.9064],"evs":[0.0,4.02071]},"Q8o":{"weight":0.0172,"played":[0.3276,0.6724],"evs":[0.0,6.56523]},"K8o":{"weight":0.0016,"played":[0.0598,0.9402],"evs":[0.0,0.3268]},"A8o":{"weight":1.0E-4,"played":[0.3716,0.6284],"evs":[0.0,8.55796]},"92s":{"weight":0.0015,"played":[0.9998,2.0E-4],"evs":[0.0,4.20456]},"93s":{"weight":8.0E-4,"played":[1.0,0.0],"evs":[0.0,22.93844]},"94s":{"weight":0.0175,"played":[1.0,0.0],"evs":[0.0,30.544]},"95s":{"weight":0.0081,"played":[0.2095,0.7905],"evs":[0.0,19.69912]},"96s":{"weight":2.0E-4,"played":[0.5975,0.4025],"evs":[0.0,-4.21895]},"97s":{"weight":0.0,"played":[0.993,0.007],"evs":[0.0,-7.7413]},"98s":{"weight":0.0,"played":[0.0333,0.9667],"evs":[0.0,9.1499]},"99":{"weight":0.3973,"played":[0.5259,0.4741],"evs":[0.0,-1.24335]},"T9o":{"weight":0.0032,"played":[0.486,0.514],"evs":[0.0,1.57959]},"J9o":{"weight":0.0138,"played":[0.9346,0.0654],"evs":[0.0,-3.36343]},"Q9o":{"weight":0.0014,"played":[0.4813,0.5187],"evs":[0.0,12.24844]},"K9o":{"weight":0.0049,"played":[0.7447,0.2553],"evs":[0.0,2.57443]},"A9o":{"weight":0.0733,"played":[0.0037,0.9963],"evs":[0.0,5.68003]},"T2s":{"weight":8.0E-4,"played":[0.1099,0.8901],"evs":[0.0,61.80545]},"T3s":{"weight":6.0E-4,"played":[1.0,0.0],"evs":[0.0,-9.46196]},"T4s":{"weight":0.0016,"played":[0.9766,0.0234],"evs":[0.0,-6.40904]},"T5s":{"weight":0.0046,"played":[0.6353,0.3647],"evs":[0.0,-5.88445]},"T6s":{"weight":0.0047,"played":[0.0,1.0],"evs":[0.0,6.82252]},"T7s":{"weight":0.0016,"played":[1.0,0.0],"evs":[0.0,-9.44365]},"T8s":{"weight":0.0021,"played":[0.9696,0.0304],"evs":[0.0,-5.01166]},"T9s":{"weight":0.0244,"played":[0.4602,0.5398],"evs":[0.0,2.49264]},"TT":{"weight":0.001,"played":[0.7361,0.2639],"evs":[0.0,-9.4397]},"JTo":{"weight":0.0018,"played":[0.6398,0.3602],"evs":[0.0,-0.94327]},"QTo":{"weight":6.0E-4,"played":[0.9969,0.0031],"evs":[0.0,-3.40992]},"KTo":{"weight":2.0E-4,"played":[0.2779,0.7221],"evs":[0.0,5.87061]},"ATo":{"weight":0.0014,"played":[0.1061,0.8939],"evs":[0.0,8.15421]},"J2s":{"weight":1.0E-4,"played":[1.0,0.0],"evs":[0.0,8.98987]},"J3s":{"weight":0.0027,"played":[0.5217,0.4783],"evs":[0.0,-8.89907]},"J4s":{"weight":1.0E-4,"played":[0.7002,0.2998],"evs":[0.0,-3.39017]},"J5s":{"weight":0.002,"played":[0.4197,0.5803],"evs":[0.0,8.56117]},"J6s":{"weight":6.0E-4,"played":[0.1787,0.8213],"evs":[0.0,11.5814]},"J7s":{"weight":9.0E-4,"played":[0.4982,0.5018],"evs":[0.0,24.37172]},"J8s":{"weight":0.0215,"played":[0.5792,0.4208],"evs":[0.0,-8.0993]},"J9s":{"weight":0.1518,"played":[0.1863,0.8137],"evs":[0.0,24.8607]},"JTs":{"weight":0.0078,"played":[1.0,0.0],"evs":[0.0,-5.97625]},"JJ":{"weight":3.0E-4,"played":[0.0,1.0],"evs":[0.0,30.31128]},"QJo":{"weight":0.0016,"played":[0.4705,0.5295],"evs":[0.0,0.37498]},"KJo":{"weight":6.0E-4,"played":[0.5004,0.4996],"evs":[0.0,12.96147]},"AJo":{"weight":4.0E-4,"played":[0.238,0.762],"evs":[0.0,31.81646]},"Q2s":{"weight":5.0E-4,"played":[0.2772,0.7228],"evs":[0.0,2.1751]},"Q3s":{"weight":3.0E-4,"played":[0.7766,0.2234],"evs":[0.0,5.16799]},"Q4s":{"weight":0.0438,"played":[0.2171,0.7829],"evs":[0.0,7.89463]},"Q5s":{"weight":0.0,"played":[0.3795,0.6205],"evs":[0.0,-4.53391]},"Q6s":{"weight":0.0211,"played":[0.0,1.0],"evs":[0.0,-5.07331]},"Q7s":{"weight":0.1002,"played":[0.3396,0.6604],"evs":[0.0,10.56239]},"Q8s":{"weight":0.008,"played":[0.9035,0.0965],"evs":[0.0,39.06027]},"Q9s":{"weight":0.0347,"played":[0.4876,0.5124],"evs":[0.0,6.53536]},"QTs":{"weight":1.0E-4,"played":[0.3018,0.6982],"evs":[0.0,19.71444]},"QJs":{"weight":5.0E-4,"played":[0.7475,0.2525],"evs":[0.0,-2.37162]},"QQ":{"weight":0.0046,"played":[0.0124,0.9876],"evs":[0.0,12.40443]},"KQo":{"weight":0.0133,"played":[0.1335,0.8665],"evs":[0.0,10.57881]},"AQo":{"weight":0.0178,"played":[0.3846,0.6154],"evs":[0.0,6.75413]},"K2s":{"weight":0.0285,"played":[1.0,0.0],"evs":[0.0,21.78887]},"K3s":{"weight":0.0,"played":[0.6426,0.3574],"evs":[0.0,-6.6379]},"K4s":{"weight":1.0E-4,"played":[1.0,0.0],"evs":[0.0,39.95453]},"K5s":{"weight":0.0114,"played":[0.3295,0.6705],"evs":[0.0,19.70591]},"K6s":{"weight":0.2194,"played":[0.8642,0.1358],"evs":[0.0,0.963]},"K7s":{"weight":0.0,"played":[0.6028,0.3972],"evs":[0.0,1.61803]},"K8s":{"weight":0.0286,"played":[0.7351,0.2649],"evs":[0.0,1.13228]},"K9s":{"weight":0.0,"played":[0.442,0.558],"evs":[0.0,40.09296]},"KTs":{"weight":0.2866,"played":[0.6053,0.3947],"evs":[0.0,-9.45393]},"KJs":{"weight":0.0821,"played":[0.6689,0.3311],"evs":[0.0,28.53133]},"KQs":{"weight":0.0,"played":[0.0103,0.9897],"evs":[0.0,17.49698]},"KK":{"weight":1.0E-4,"played":[0.0,1.0],"evs":[0.0,15.77259]},"AKo":{"weight":0.0071,"played":[0.1093,0.8907],"evs":[0.0,30.30834]},"A2s":{"weight":0.004,"played":[0.9294,0.0706],"evs":[0.0,-9.45681]},"A3s":{"weight":0.0,"played":[0.5122,0.4878],"evs":[0.0,42.27571]},"A4s":{"weight":4.0E-4,"played":[0.2774,0.7226],"evs":[0.0,-0.26048]},"A5s":{"weight":1.0E-4,"played":[0.8066,0.1934],"evs":[0.0,-9.44582]},"A6s":{"weight":0.1555,"played":[0.0,1.0],"evs":[0.0,15.67357]},"A7s":{"weight":0.042,"played":[0.2655,0.7345],"evs":[0.0,26.01331]},"A8s":{"weight":0.0739,"played":[0.0,1.0],"evs":[0.0,9.29467]},"A9s":{"weight":0.0116,"played":[0.0,1.0],"evs":[0.0,2.10362]},"ATs":{"weight":0.1294,"played":[0.3638,0.6362],"evs":[0.0,27.73765]},"AJs":{"weight":0.0046,"played":[0.0,1.0],"evs":[0.0,0.63131]},"AQs":{"weight":0.0,"played":[0.0,1.0],"evs":[0.0,18.94558]},"AKs":{"weight":0.014,"played":[0.0,1.0],"evs":[0.0,22.65434]},"AA":{"weight":0.0274,"played":[0.0,1.0],"evs":[0.0,26.513]}}}