{"player":0,"street":0,"children":2,"sequence":[{"player":0,"type":"R","amount":200000,"street":0},{"player":1,"type":"C","amount":200000,"street":0},{"player":2,"type":"C","amount":200000,"street":0},{"player":3,"type":"R","amount":600000,"street":0},{"player":4,"type":"R","amount":1565000,"street":0},{"player":5,"type":"F","amount":0,"street":0}],"actions":[{"type":"F","amount":0,"node":495},{"type":"C","amount":1265000,"node":502}],"hands":{"22":{"weight":0.5835,"played":[0.0589,0.9411],"evs":[0.0,17.73085]},"32o":{"weight":0.0,"played":[0.9448,0.0552],"evs":[0.0,-11.65867]},"42o":{"weight":0.0,"played":[0.9891,0.0109],"evs":[0.0,-8.37332]},"52o":{"weight":0.0,"played":[0.9333,0.0667],"evs":[0.0,-5.34016]},"62o":{"weight":0.0,"played":[0.788,0.212],"evs":[0.0,-8.35442]},"72o":{"weight":0.0,"played":[0.4587,0.5413],"evs":[0.0,-3.21329]},"82o":{"weight":0.0,"played":[0.8179,0.1821],"evs":[0.0,-7.64706]},"92o":{"weight":0.0,"played":[0.9984,0.0016],"evs":[0.0,-10.52985]},"T2o":{"weight":0.0,"played":[0.9895,0.0105],"evs":[0.0,-10.18921]},"J2o":{"weight":0.0,"played":[0.9207,0.0793],"evs":[0.0,-8.17612]},"Q2o":{"weight":0.0,"played":[0.9576,0.0424],"evs":[0.0,-4.54154]},"K2o":{"weight":0.0,"played":[0.1845,0.8155],"evs":[0.0,9.74701]},"A2o":{"weight":0.0,"played":[0.3744,0.6256],"evs":[0.0,2.28888]},"32s":{"weight":0.0,"played":[0.2366,0.7634],"evs":[0.0,10.54538]},"33":{"weight":0.0026,"played":[0.8147,0.1853],"evs":[0.0,0.32481]},"43o":{"weight":0.0,"played":[0.8313,0.1687],"evs":[0.0,-2.96381]},"53o":{"weight":0.0,"played":[0.7593,0.2407],"evs":[0.0,-3.87627]},"63o":{"weight":0.0,"played":[0.9111,0.0889],"evs":[0.0,-1.9194]},"73o":{"weight":0.0,"played":[0.8957,0.1043],"evs":[0.0,-0.4812]},"83o":{"weight":0.0,"played":[0.0204,0.9796],"evs":[0.0,2.49348]},"93o":{"weight":0.0,"played":[0.9358,0.0642],"evs":[0.0,-9.94127]},"T3o":{"weight":0.0,"played":[0.8226,0.1774],"evs":[0.0,-1.57062]},"J3o":{"weight":0.0,"played":[0.9425,0.0575],"evs":[0.0,-1.08519]},"Q3o":{"weight":0.0,"played":[0.7078,0.2922],"evs":[0.0,-3.37951]},"K3o":{"weight":0.0,"played":[0.8911,0.1089],"evs":[0.0,-7.04838]},"A3o":{"weight":0.0,"played":[0.4547,0.5453],"evs":[0.0,1.91963]},"42s":{"weight":0.0,"played":[0.9207,0.0793],"evs":[0.0,41.84005]},"43s":{"weight":0.0,"played":[0.8468,0.1532],"evs":[0.0,-5.03938]},"44":{"weight":0.1029,"played":[0.4486,0.5514],"evs":[0.0,0.97455]},"54o":{"weight":0.0,"played":[0.9418,0.0582],"evs":[0.0,1.96797]},"64o":{"weight":0.0,"played":[0.9949,0.0051],"evs":[0.0,-9.71537]},"74o":{"weight":0.0,"played":[0.4017,0.5983],"evs":[0.0,1.68849]},"84o":{"weight":0.0,"played":[0.9957,0.0043],"evs":[0.0,-2.19297]},"94o":{"weight":0.0,"played":[0.8872,0.1128],"evs":[0.0,-6.31551]},"T4o":{"weight":0.0,"played":[0.8172,0.1828],"evs":[0.0,-1.26786]},"J4o":{"weight":0.0,"played":[1.0,0.0],"evs":[0.0,-6.12333]},"Q4o":{"weight":0.0,"played":[0.9008,0.0992],"evs":[0.0,1.79501]},"K4o":{"weight":0.0,"played":[0.7432,0.2568],"evs":[0.0,-7.0597]},"A4o":{"weight":0.0,"played":[0.8821,0.1179],"evs":[0.0,-0.84882]},"52s":{"weight":0.0,"played":[0.4048,0.5952],"evs":[0.0,-1.58763]},"53s":{"weight":0.0,"played":[0.6086,0.3914],"evs":[0.0,23.87772]},"54s":{"weight":0.0,"played":[0.0706,0.9294],"evs":[0.0,24.89565]},"55":{"weight":0.0,"played":[0.0029,0.9971],"evs":[0.0,13.13839]},"65o":{"weight":0.0,"played":[0.5116,0.4884],"evs":[0.0,2.50942]},"75o":{"weight":0.0,"played":[0.6368,0.3632],"evs":[0.0,-0.42273]},"85o":{"weight":0.0,"played":[0.7961,0.2039],"evs":[0.0,-10.16026]},"95o":{"weight":0.0,"played":[0.7058,0.2942],"evs":[0.0,-1.68872]},"T5o":{"weight":0.0,"played":[0.6562,0.3438],"evs":[0.0,-5.43523]},"J5o":{"weight":0.0,"played":[0.2189,0.7811],"evs":[0.0,1.76203]},"Q5o":{"weight":0.0,"played":[0.2345,0.7655],"evs":[0.0,4.68037]},"K5o":{"weight":0.0,"played":[0.0222,0.9778],"evs":[0.0,3.63758]},"A5o":{"weight":0.0,"played":[0.5445,0.4555],"evs":[0.0,0.84165]},"62s":{"weight":0.0,"played":[0.2901,0.7099],"evs":[0.0,9.63387]},"63s":{"weight":0.0,"played":[0.9569,0.0431],"evs":[0.0,-6.01214]},"64s":{"weight":0.0,"played":[0.391,0.609],"evs":[0.0,-6.49466]},"65s":{"weight":0.0,"played":[0.1026,0.8974],"evs":[0.0,-2.65498]},"66":{"weight":0.0,"played":[0.6933,0.3067],"evs":[0.0,3.62674]},"76o":{"weight":0.0,"played":[0.6682,0.3318],"evs":[0.0,-8.03745]},"86o":{"weight":0.0,"played":[0.9516,0.0484],"evs":[0.0,-4.29064]},"96o":{"weight":0.0,"played":[0.08,0.92],"evs":[0.0,8.69658]},"T6o":{"weight":0.0,"played":[0.8542,0.1458],"evs":[0.0,0.80077]},"J6o":{"weight":0.0,"played":[0.8545,0.1455],"evs":[0.0,-2.41915]},"Q6o":{"weight":0.0,"played":[0.1336,0.8664],"evs":[0.0,1.75822]},"K6o":{"weight":0.0,"played":[0.8183,0.1817],"evs":[0.0,-5.97321]},"A6o":{"weight":0.0,"played":[0.7793,0.2207],"evs":[0.0,8.69555]},"72s":{"weight":0.0,"played":[0.7436,0.2564],"evs":[0.0,-5.94567]},"73s":{"weight":0.0,"played":[0.7657,0.2343],"evs":[0.0,-11.613]},"74s":{"weight":0.0,"played":[0.7554,0.2446],"evs":[0.0,-10.10103]},"75s":{"weight":0.0,"played":[0.2957,0.7043],"evs":[0.0,6.09583]},"76s":{"weight":0.0,"played":[0.8077,0.1923],"evs":[0.0,6.19886]},"77":{"weight":0.0,"played":[0.1397,0.8603],"evs":[0.0,6.68119]},"87o":{"weight":0.0,"played":[0.0735,0.9265],"evs":[0.0,-0.68061]},"97o":{"weight":0.0,"played":[0.3241,0.6759],"evs":[0.0,8.86796]},"T7o":{"weight":0.0,"played":[0.6009,0.3991],"evs":[0.0,2.86474]},"J7o":{"weight":0.0,"played":[0.255,0.745],"evs":[0.0,-1.36783]},"Q7o":{"weight":0.0,"played":[0.9283,0.0717],"evs":[0.0,-3.19507]},"K7o":{"weight":0.0,"played":[0.1722,0.8278],"evs":[0.0,7.90211]},"A7o":{"weight":0.0048,"played":[0.1041,0.8959],"evs":[0.0,12.23338]},"82s":{"weight":0.0,"played":[0.7707,0.2293],"evs":[0.0,-3.12997]},"83s":{"weight":0.0,"played":[0.5749,0.4251],"evs":[0.0,-3.19228]},"84s":{"weight":0.0,"played":[0.2147,0.7853],"evs":[0.0,9.57013]},"85s":{"weight":0.0,"played":[0.7008,0.2992],"evs":[0.0,-9.66013]},"86s":{"weight":0.0,"played":[0.786,0.214],"evs":[0.0,-4.24383]},"87s":{"weight":0.0,"played":[0.2428,0.7572],"evs":[0.0,25.92422]},"88":{"weight":0.0211,"played":[0.1019,0.8981],"evs":[0.0,3.52443]},"98o":{"weight":0.0,"played":[0.598,0.402],"evs":[0.0,1.729]},"T8o":{"weight":0.0,"played":[0.8833,0.1167],"evs":[0.0,0.52758]},"J8o":{"weight":0.0,"played":[0.9669,0.0331],"evs":[0.0,-2.97164]},"Q8o":{"weight":0.0,"played":[0.7931,0.2069],"evs":[0.0,-3.50466]},"K8o":{"weight":0.0,"played":[0.5949,0.4051],"evs":[0.0,-3.9888]},"A8o":{"weight":0.9997,"played":[0.0621,0.9379],"evs":[0.0,1.19899]},"92s":{"weight":0.0,"played":[0.4846,0.5154],"evs":[0.0,-4.57315]},"93s":{"weight":0.0,"played":[0.3803,0.6197],"evs":[0.0,25.27681]},"94s":{"weight":0.0,"played":[0.0,1.0],"evs":[0.0,4.77289]},"95s":{"weight":0.0,"played":[0.0226,0.9774],"evs":[0.0,13.20779]},"96s":{"weight":0.0,"played":[0.716,0.284],"evs":[0.0,6.22588]},"97s":{"weight":0.0,"played":[0.1747,0.8253],"evs":[0.0,1.19146]},"98s":{"weight":0.106,"played":[0.8945,0.1055],"evs":[0.0,-11.5654]},"99":{"weight":0.0,"played":[0.3644,0.6356],"evs":[0.0,-0.66746]},"T9o":{"weight":0.0,"played":[0.1003,0.8997],"evs":[0.0,11.4027]},"J9o":{"weight":0.0,"played":[0.1594,0.8406],"evs":[0.0,8.94825]},"Q9o":{"weight":0.0,"played":[0.7135,0.2865],"evs":[0.0,-6.80184]},"K9o":{"weight":0.0,"played":[0.0739,0.9261],"evs":[0.0,15.63012]},"A9o":{"weight":0.2578,"played":[0.1451,0.8549],"evs":[0.0,8.03567]},"T2s":{"weight":0.0,"played":[0.0,1.0],"evs":[0.0,16.45671]},"T3s":{"weight":0.0,"played":[0.6691,0.3309],"evs":[0.0,12.95987]},"T4s":{"weight":0.0,"played":[1.0,0.0],"evs":[0.0,-14.26479]},"T5s":{"weight":0.0,"played":[0.6262,0.3738],"evs":[0.0,1.21371]},"T6s":{"weight":0.0,"played":[0.0105,0.9895],"evs":[0.0,-1.53075]},"T7s":{"weight":0.0,"played":[0.3614,0.6386],"evs":[0.0,-4.44209]},"T8s":{"weight":0.0,"played":[0.5903,0.4097],"evs":[0.0,-6.07552]},"T9s":{"weight":0.7069,"played":[0.9213,0.0787],"evs":[0.0,0.15659]},"TT":{"weight":0.8678,"played":[0.0638,0.9362],"evs":[0.0,21.13835]},"JTo":{"weight":0.0,"played":[0.8101,0.1899],"evs":[0.0,-2.78084]},"QTo":{"weight":0.0,"played":[0.5693,0.4307],"evs":[0.0,0.24828]},"KTo":{"weight":0.6339,"played":[0.1288,0.8712],"evs":[0.0,7.96667]},"ATo":{"weight":0.0,"played":[0.1754,0.8246],"evs":[0.0,6.09933]},"J2s":{"weight":0.0,"played":[0.5088,0.4912],"evs":[0.0,8.62386]},"J3s":{"weight":0.0,"played":[0.6029,0.3971],"evs":[0.0,11.02298]},"J4s":{"weight":0.0,"played":[1.0,0.0],"evs":[0.0,-8.85118]},"J5s":{"weight":0.0,"played":[0.7642,0.2358],"evs":[0.0,-1.87546]},"J6s":{"weight":0.0,"played":[0.9444,0.0556],"evs":[0.0,7.23979]},"J7s":{"weight":0.0,"played":[0.1263,0.8737],"evs":[0.0,1.63492]},"J8s":{"weight":0.0,"played":[0.1271,0.8729],"evs":[0.0,5.62007]},"J9s":{"weight":1.0,"played":[0.0137,0.9863],"evs":[0.0,10.51882]},"JTs":{"weight":0.0,"played":[0.099,0.901],"evs":[0.0,31.81094]},"JJ":{"weight":1.0,"played":[0.0231,0.9769],"evs":[0.0,19.99501]},"QJo":{"weight":0.9993,"played":[0.3191,0.6809],"evs":[0.0,5.51678]},"KJo":{"weight":0.2038,"played":[0.0,1.0],"evs":[0.0,3.82092]},"AJo":{"weight":0.0,"played":[0.7257,0.2743],"evs":[0.0,-5.64761]},"Q2s":{"weight":0.0,"played":[0.8004,0.1996],"evs":[0.0,-14.26246]},"Q3s":{"weight":0.0,"played":[0.3518,0.6482],"evs":[0.0,17.67891]},"Q4s":{"weight":0.0,"played":[0.6906,0.3094],"evs":[0.0,3.40874]},"Q5s":{"weight":0.0,"played":[0.5139,0.4861],"evs":[0.0,-7.12793]},"Q6s":{"weight":0.0,"played":[0.0,1.0],"evs":[0.0,-2.76807]},"Q7s":{"weight":0.0,"played":[0.0936,0.9064],"evs":[0.0,10.72527]},"Q8s":{"weight":0.0,"played":[0.8713,0.1287],"evs":[0.0,-5.51071]},"Q9s":{"weight":0.9998,"played":[0.3765,0.6235],"evs":[0.0,18.0813]},"QTs":{"weight":0.0,"played":[0.3214,0.6786],"evs":[0.0,7.23254]},"QJs":{"weight":0.0,"played":[0.0,1.0],"evs":[0.0,8.90671]},"QQ":{"weight":1.0,"played":[0.0,1.0],"evs":[0.0,15.12563]},"KQo":{"weight":0.0,"played":[0.648,0.352],"evs":[0.0,-1.5562]},"AQo":{"weight":0.0,"played":[0.1763,0.8237],"evs":[0.0,7.20432]},"K2s":{"weight":0.0,"played":[1.0,0.0],"evs":[0.0,-10.31348]},"K3s":{"weight":0.0,"played":[0.8197,0.1803],"evs":[0.0,-7.18259]},"K4s":{"weight":0.0,"played":[0.4066,0.5934],"evs":[0.0,8.88274]},"K5s":{"weight":0.0,"played":[0.2216,0.7784],"evs":[0.0,6.27866]},"K6s":{"weight":0.0,"played":[0.269,0.731],"evs":[0.0,-1.38377]},"K7s":{"weight":0.0,"played":[0.0696,0.9304],"evs":[0.0,9.12696]},"K8s":{"weight":0.1697,"played":[0.4073,0.5927],"evs":[0.0,2.14454]},"K9s":{"weight":0.98,"played":[0.8412,0.1588],"evs":[0.0,-3.61007]},"KTs":{"weight":0.2716,"played":[0.9956,0.0044],"evs":[0.0,-0.62796]},"KJs":{"weight":0.1682,"played":[0.5383,0.4617],"evs":[0.0,11.66679]},"KQs":{"weight":1.0E-4,"played":[0.6472,0.3528],"evs":[0.0,-8.49008]},"KK":{"weight":1.0,"played":[0.0,1.0],"evs":[0.0,23.28958]},"AKo":{"weight":0.1586,"played":[0.2065,0.7935],"evs":[0.0,-1.16413]},"A2s":{"weight":1.0,"played":[0.2297,0.7703],"evs":[0.0,6.63356]},"A3s":{"weight":1.0,"played":[0.1379,0.8621],"evs":[0.0,5.50268]},"A4s":{"weight":0.9993,"played":[0.825,0.175],"evs":[0.0,-8.23952]},"A5s":{"weight":0.0011,"played":[0.6717,0.3283],"evs":[0.0,-9.20629]},"A6s":{"weight":0.3289,"played":[0.0,1.0],"evs":[0.0,25.10369]},"A7s":{"weight":0.7727,"played":[0.7267,0.2733],"evs":[0.0,-10.43033]},"A8s":{"weight":0.0406,"played":[0.2225,0.7775],"evs":[0.0,13.74473]},"A9s":{"weight":5.0E-4,"played":[0.4525,0.5475],"evs":[0.0,5.52837]},"ATs":{"weight":0.596,"played":[0.0155,0.9845],"evs":[0.0,17.54325]},"AJs":{"weight":0.3876,"played":[0.4239,0.5761],"evs":[0.0,14.732]},"AQs":{"weight":0.9998,"played":[0.014,0.986],"evs":[0.0,19.94433]},"AKs":{"weight":1.0,"played":[0.0182,0.9818],"evs":[0.0,37.10964]},"AA":{"weight":1.0,"played":[0.0803,0.9197],"evs":[0.0,24.55729]}}}