{"player":5,"street":0,"children":2,"sequence":[{"player":0,"type":"F","amount":0,"street":0},{"player":1,"type":"R","amount":785000,"street":0},{"player":2,"type":"F","amount":0,"street":0},{"player":3,"type":"R","amount":1565000,"street":0},{"player":4,"type":"F","amount":0,"street":0}],"actions":[{"type":"F","amount":0},{"type":"C","amount":845000}],"hands":{"22":{"weight":1.0,"played":[0.0032,0.9968],"evs":[0.0,0.25478]},"32o":{"weight":1.0,"played":[1.0,0.0],"evs":[0.0,-2.82306]},"42o":{"weight":1.0,"played":[1.0,0.0],"evs":[0.0,-2.66495]},"52o":{"weight":1.0,"played":[1.0,0.0],"evs":[0.0,-2.45934]},"62o":{"weight":1.0,"played":[1.0,0.0],"evs":[0.0,-2.73727]},"72o":{"weight":1.0,"played":[1.0,0.0],"evs":[0.0,-3.13159]},"82o":{"weight":1.0,"played":[1.0,0.0],"evs":[0.0,-2.8958]},"92o":{"weight":1.0,"played":[1.0,0.0],"evs":[0.0,-2.81953]},"T2o":{"weight":1.0,"played":[1.0,0.0],"evs":[0.0,-2.64731]},"J2o":{"weight":1.0,"played":[1.0,0.0],"evs":[0.0,-2.53807]},"Q2o":{"weight":1.0,"played":[1.0,0.0],"evs":[0.0,-2.27203]},"K2o":{"weight":1.0,"played":[1.0,0.0],"evs":[0.0,-2.06019]},"A2o":{"weight":1.0,"played":[1.0,0.0],"evs":[0.0,-1.59764]},"32s":{"weight":1.0,"played":[1.0,0.0],"evs":[0.0,-1.49799]},"33":{"weight":1.0,"played":[0.0,1.0],"evs":[0.0,0.68352]},"43o":{"weight":1.0,"played":[1.0,0.0],"evs":[0.0,-2.10458]},"53o":{"weight":1.0,"played":[1.0,0.0],"evs":[0.0,-1.8395]},"63o":{"weight":1.0,"played":[1.0,0.0],"evs":[0.0,-2.14892]},"73o":{"weight":1.0,"played":[1.0,0.0],"evs":[0.0,-2.56136]},"83o":{"weight":1.0,"played":[1.0,0.0],"evs":[0.0,-2.78022]},"93o":{"weight":1.0,"played":[1.0,0.0],"evs":[0.0,-2.64168]},"T3o":{"weight":1.0,"played":[1.0,0.0],"evs":[0.0,-2.46573]},"J3o":{"weight":1.0,"played":[1.0,0.0],"evs":[0.0,-2.34158]},"Q3o":{"weight":1.0,"played":[1.0,0.0],"evs":[0.0,-2.08085]},"K3o":{"weight":1.0,"played":[1.0,0.0],"evs":[0.0,-1.85216]},"A3o":{"weight":1.0,"played":[1.0,0.0],"evs":[0.0,-1.38578]},"42s":{"weight":1.0,"played":[1.0,0.0],"evs":[0.0,-1.37903]},"43s":{"weight":1.0,"played":[1.0,0.0],"evs":[0.0,-0.84936]},"44":{"weight":1.0,"played":[0.0,1.0],"evs":[0.0,1.21398]},"54o":{"weight":1.0,"played":[1.0,0.0],"evs":[0.0,-1.38066]},"64o":{"weight":1.0,"played":[1.0,0.0],"evs":[0.0,-1.64632]},"74o":{"weight":1.0,"played":[1.0,0.0],"evs":[0.0,-2.02619]},"84o":{"weight":1.0,"played":[1.0,0.0],"evs":[0.0,-2.2746]},"94o":{"weight":1.0,"played":[1.0,0.0],"evs":[0.0,-2.59714]},"T4o":{"weight":1.0,"played":[1.0,0.0],"evs":[0.0,-2.36042]},"J4o":{"weight":1.0,"played":[1.0,0.0],"evs":[0.0,-2.24303]},"Q4o":{"weight":1.0,"played":[1.0,0.0],"evs":[0.0,-1.97014]},"K4o":{"weight":1.0,"played":[1.0,0.0],"evs":[0.0,-1.74348]},"A4o":{"weight":1.0,"played":[1.0,0.0],"evs":[0.0,-1.18809]},"52s":{"weight":1.0,"played":[1.0,0.0],"evs":[0.0,-1.14503]},"53s":{"weight":1.0,"played":[1.0,0.0],"evs":[0.0,-0.59698]},"54s":{"weight":1.0,"played":[0.9841,0.0159],"evs":[0.0,-0.17252]},"55":{"weight":1.0,"played":[0.0,1.0],"evs":[0.0,1.85807]},"65o":{"weight":1.0,"played":[1.0,0.0],"evs":[0.0,-1.08308]},"75o":{"weight":1.0,"played":[1.0,0.0],"evs":[0.0,-1.43825]},"85o":{"weight":1.0,"played":[1.0,0.0],"evs":[0.0,-1.69748]},"95o":{"weight":1.0,"played":[1.0,0.0],"evs":[0.0,-2.01265]},"T5o":{"weight":1.0,"played":[1.0,0.0],"evs":[0.0,-2.23427]},"J5o":{"weight":1.0,"played":[1.0,0.0],"evs":[0.0,-1.99177]},"Q5o":{"weight":1.0,"played":[1.0,0.0],"evs":[0.0,-1.72504]},"K5o":{"weight":1.0,"played":[1.0,0.0],"evs":[0.0,-1.5]},"A5o":{"weight":1.0,"played":[1.0,0.0],"evs":[0.0,-0.88023]},"62s":{"weight":1.0,"played":[1.0,0.0],"evs":[0.0,-1.3895]},"63s":{"weight":1.0,"played":[1.0,0.0],"evs":[0.0,-0.9101]},"64s":{"weight":1.0,"played":[0.9999,1.0E-4],"evs":[0.0,-0.40981]},"65s":{"weight":1.0,"played":[5.0E-4,0.9995],"evs":[0.0,0.14]},"66":{"weight":1.0,"played":[0.0,1.0],"evs":[0.0,2.46375]},"76o":{"weight":1.0,"played":[1.0,0.0],"evs":[0.0,-0.95246]},"86o":{"weight":1.0,"played":[1.0,0.0],"evs":[0.0,-1.11604]},"96o":{"weight":1.0,"played":[1.0,0.0],"evs":[0.0,-1.44908]},"T6o":{"weight":1.0,"played":[1.0,0.0],"evs":[0.0,-1.64411]},"J6o":{"weight":1.0,"played":[1.0,0.0],"evs":[0.0,-1.87934]},"Q6o":{"weight":1.0,"played":[1.0,0.0],"evs":[0.0,-1.55344]},"K6o":{"weight":1.0,"played":[1.0,0.0],"evs":[0.0,-1.27275]},"A6o":{"weight":1.0,"played":[1.0,0.0],"evs":[0.0,-0.99507]},"72s":{"weight":1.0,"played":[1.0,0.0],"evs":[0.0,-1.82361]},"73s":{"weight":1.0,"played":[1.0,0.0],"evs":[0.0,-1.2533]},"74s":{"weight":1.0,"played":[1.0,0.0],"evs":[0.0,-0.79471]},"75s":{"weight":1.0,"played":[0.991,0.009],"evs":[0.0,-0.20391]},"76s":{"weight":1.0,"played":[0.0,1.0],"evs":[0.0,0.2228]},"77":{"weight":1.0,"played":[0.0,1.0],"evs":[0.0,3.05835]},"87o":{"weight":1.0,"played":[1.0,0.0],"evs":[0.0,-0.83909]},"97o":{"weight":1.0,"played":[1.0,0.0],"evs":[0.0,-1.08742]},"T7o":{"weight":1.0,"played":[1.0,0.0],"evs":[0.0,-1.295]},"J7o":{"weight":1.0,"played":[1.0,0.0],"evs":[0.0,-1.55132]},"Q7o":{"weight":1.0,"played":[1.0,0.0],"evs":[0.0,-1.64923]},"K7o":{"weight":1.0,"played":[1.0,0.0],"evs":[0.0,-1.29715]},"A7o":{"weight":1.0,"played":[1.0,0.0],"evs":[0.0,-0.61795]},"82s":{"weight":1.0,"played":[1.0,0.0],"evs":[0.0,-1.6028]},"83s":{"weight":1.0,"played":[1.0,0.0],"evs":[0.0,-1.47225]},"84s":{"weight":1.0,"played":[1.0,0.0],"evs":[0.0,-1.02233]},"85s":{"weight":1.0,"played":[0.9999,1.0E-4],"evs":[0.0,-0.45844]},"86s":{"weight":1.0,"played":[0.0314,0.9686],"evs":[0.0,0.10173]},"87s":{"weight":1.0,"played":[0.0,1.0],"evs":[0.0,0.31485]},"88":{"weight":1.0,"played":[0.0,1.0],"evs":[0.0,3.88127]},"98o":{"weight":1.0,"played":[1.0,0.0],"evs":[0.0,-0.63359]},"T8o":{"weight":1.0,"played":[1.0,0.0],"evs":[0.0,-0.7566]},"J8o":{"weight":1.0,"played":[1.0,0.0],"evs":[0.0,-0.97705]},"Q8o":{"weight":1.0,"played":[1.0,0.0],"evs":[0.0,-1.09406]},"K8o":{"weight":1.0,"played":[1.0,0.0],"evs":[0.0,-1.19001]},"A8o":{"weight":1.0,"played":[0.8942,0.1058],"evs":[0.0,0.02904]},"92s":{"weight":1.0,"played":[1.0,0.0],"evs":[0.0,-1.51086]},"93s":{"weight":1.0,"played":[1.0,0.0],"evs":[0.0,-1.30267]},"94s":{"weight":1.0,"played":[1.0,0.0],"evs":[0.0,-1.2858]},"95s":{"weight":1.0,"played":[1.0,0.0],"evs":[0.0,-0.73007]},"96s":{"weight":1.0,"played":[1.0,0.0],"evs":[0.0,-0.18812]},"97s":{"weight":1.0,"played":[0.0062,0.9938],"evs":[0.0,0.12454]},"98s":{"weight":1.0,"played":[0.0,1.0],"evs":[0.0,0.55691]},"99":{"weight":1.0,"played":[0.0,1.0],"evs":[0.0,4.93866]},"T9o":{"weight":1.0,"played":[1.0,0.0],"evs":[0.0,-0.26206]},"J9o":{"weight":1.0,"played":[1.0,0.0],"evs":[0.0,-0.51323]},"Q9o":{"weight":1.0,"played":[1.0,0.0],"evs":[0.0,-0.56591]},"K9o":{"weight":1.0,"played":[1.0,0.0],"evs":[0.0,-0.63277]},"A9o":{"weight":1.0,"played":[0.0,1.0],"evs":[0.0,0.77318]},"T2s":{"weight":1.0,"played":[1.0,0.0],"evs":[0.0,-1.30196]},"T3s":{"weight":1.0,"played":[1.0,0.0],"evs":[0.0,-1.1899]},"T4s":{"weight":1.0,"played":[1.0,0.0],"evs":[0.0,-1.05551]},"T5s":{"weight":1.0,"played":[1.0,0.0],"evs":[0.0,-0.90427]},"T6s":{"weight":1.0,"played":[0.9994,6.0E-4],"evs":[0.0,-0.34306]},"T7s":{"weight":1.0,"played":[0.7068,0.2932],"evs":[0.0,-0.01811]},"T8s":{"weight":1.0,"played":[0.0,1.0],"evs":[0.0,0.46079]},"T9s":{"weight":1.0,"played":[0.0,1.0],"evs":[0.0,0.91668]},"TT":{"weight":1.0,"played":[0.0,1.0],"evs":[0.0,6.245]},"JTo":{"weight":1.0,"played":[0.2165,0.7835],"evs":[0.0,0.1361]},"QTo":{"weight":1.0,"played":[0.2569,0.7431],"evs":[0.0,0.15116]},"KTo":{"weight":1.0,"played":[0.0,1.0],"evs":[0.0,0.27928]},"ATo":{"weight":1.0,"played":[0.0,1.0],"evs":[0.0,2.21177]},"J2s":{"weight":1.0,"played":[1.0,0.0],"evs":[0.0,-1.24704]},"J3s":{"weight":1.0,"played":[1.0,0.0],"evs":[0.0,-1.01035]},"J4s":{"weight":1.0,"played":[1.0,0.0],"evs":[0.0,-0.90343]},"J5s":{"weight":1.0,"played":[1.0,0.0],"evs":[0.0,-0.72866]},"J6s":{"weight":1.0,"played":[1.0,0.0],"evs":[0.0,-0.63089]},"J7s":{"weight":1.0,"played":[1.0,0.0],"evs":[0.0,-0.23959]},"J8s":{"weight":1.0,"played":[0.0022,0.9978],"evs":[0.0,0.15662]},"J9s":{"weight":1.0,"played":[0.0,1.0],"evs":[0.0,0.65579]},"JTs":{"weight":1.0,"played":[0.0,1.0],"evs":[0.0,1.30019]},"JJ":{"weight":1.0,"played":[0.0,1.0],"evs":[0.0,7.82863]},"QJo":{"weight":1.0,"played":[0.0,1.0],"evs":[0.0,0.49781]},"KJo":{"weight":1.0,"played":[0.0,1.0],"evs":[0.0,0.91103]},"AJo":{"weight":1.0,"played":[0.0,1.0],"evs":[0.0,3.29741]},"Q2s":{"weight":1.0,"played":[1.0,0.0],"evs":[0.0,-0.95201]},"Q3s":{"weight":1.0,"played":[1.0,0.0],"evs":[0.0,-0.78178]},"Q4s":{"weight":1.0,"played":[1.0,0.0],"evs":[0.0,-0.65976]},"Q5s":{"weight":1.0,"played":[1.0,0.0],"evs":[0.0,-0.45973]},"Q6s":{"weight":1.0,"played":[1.0,0.0],"evs":[0.0,-0.30102]},"Q7s":{"weight":1.0,"played":[1.0,0.0],"evs":[0.0,-0.32481]},"Q8s":{"weight":1.0,"played":[0.0407,0.9593],"evs":[0.0,0.11612]},"Q9s":{"weight":1.0,"played":[0.0,1.0],"evs":[0.0,0.58342]},"QTs":{"weight":1.0,"played":[0.0,1.0],"evs":[0.0,1.25669]},"QJs":{"weight":1.0,"played":[0.0,1.0],"evs":[0.0,1.56684]},"QQ":{"weight":1.0,"played":[0.0,1.0],"evs":[0.0,9.59506]},"KQo":{"weight":1.0,"played":[0.0,1.0],"evs":[0.0,1.71286]},"AQo":{"weight":1.0,"played":[0.0,1.0],"evs":[0.0,4.33577]},"K2s":{"weight":1.0,"played":[1.0,0.0],"evs":[0.0,-0.73964]},"K3s":{"weight":1.0,"played":[1.0,0.0],"evs":[0.0,-0.48371]},"K4s":{"weight":1.0,"played":[0.9999,1.0E-4],"evs":[0.0,-0.43844]},"K5s":{"weight":1.0,"played":[0.9993,7.0E-4],"evs":[0.0,-0.17905]},"K6s":{"weight":1.0,"played":[0.5151,0.4849],"evs":[0.0,-4.5E-4]},"K7s":{"weight":1.0,"played":[0.4193,0.5807],"evs":[0.0,-0.03429]},"K8s":{"weight":1.0,"played":[0.0034,0.9966],"evs":[0.0,0.09176]},"K9s":{"weight":1.0,"played":[0.0,1.0],"evs":[0.0,0.55456]},"KTs":{"weight":1.0,"played":[0.0,1.0],"evs":[0.0,1.48103]},"KJs":{"weight":1.0,"played":[0.0,1.0],"evs":[0.0,2.12405]},"KQs":{"weight":1.0,"played":[0.0,1.0],"evs":[0.0,2.82927]},"KK":{"weight":1.0,"played":[0.0,1.0],"evs":[0.0,11.7378]},"AKo":{"weight":1.0,"played":[0.0,1.0],"evs":[0.0,5.54677]},"A2s":{"weight":1.0,"played":[1.0,0.0],"evs":[0.0,-0.25656]},"A3s":{"weight":1.0,"played":[0.9969,0.0031],"evs":[0.0,-0.03679]},"A4s":{"weight":1.0,"played":[3.0E-4,0.9997],"evs":[0.0,0.21182]},"A5s":{"weight":1.0,"played":[0.0,1.0],"evs":[0.0,0.48673]},"A6s":{"weight":1.0,"played":[0.0,1.0],"evs":[0.0,0.30862]},"A7s":{"weight":1.0,"played":[0.0,1.0],"evs":[0.0,0.67251]},"A8s":{"weight":1.0,"played":[0.0,1.0],"evs":[0.0,1.29048]},"A9s":{"weight":1.0,"played":[0.0,1.0],"evs":[0.0,2.10254]},"ATs":{"weight":1.0,"played":[0.0,1.0],"evs":[0.0,3.36717]},"AJs":{"weight":1.0,"played":[0.0,1.0],"evs":[0.0,4.33806]},"AQs":{"weight":1.0,"played":[0.0,1.0],"evs":[0.0,5.34106]},"AKs":{"weight":1.0,"played":[0.0,1.0],"evs":[0.0,6.44476]},"AA":{"weight":1.0,"played":[0.0,1.0],"evs":[0.0,15.86683]}}}