{"player":3,"street":0,"children":2,"sequence":[{"player":0,"type":"F","amount":0,"street":0},{"player":1,"type":"R","amount":785000,"street":0},{"player":2,"type":"C","amount":785000,"street":0},{"player":3,"type":"C","amount":785000,"street":0},{"player":4,"type":"F","amount":0,"street":0},{"player":5,"type":"R","amount":945000,"street":0},{"player":2,"type":"C","amount":160000,"street":0}],"actions":[{"type":"F","amount":0},{"type":"C","amount":160000}],"hands":{"22":{"weight":0.5649,"played":[0.0,1.0],"evs":[0.0,9.07893]},"32o":{"weight":0.0,"played":[0.0,1.0],"evs":[0.0,5.95495]},"42o":{"weight":0.0,"played":[0.0,1.0],"evs":[0.0,6.03906]},"52o":{"weight":0.0,"played":[0.0,1.0],"evs":[0.0,6.41422]},"62o":{"weight":0.0,"played":[0.0,1.0],"evs":[0.0,5.87462]},"72o":{"weight":0.0,"played":[0.0,1.0],"evs":[0.0,5.15628]},"82o":{"weight":0.0,"played":[0.0,1.0],"evs":[0.0,5.45687]},"92o":{"weight":0.0,"played":[0.0,1.0],"evs":[0.0,5.32862]},"T2o":{"weight":0.0,"played":[0.0,1.0],"evs":[0.0,5.30022]},"J2o":{"weight":0.0,"played":[0.0,1.0],"evs":[0.0,5.18336]},"Q2o":{"weight":0.0,"played":[0.0,1.0],"evs":[0.0,5.97636]},"K2o":{"weight":0.0,"played":[0.0,1.0],"evs":[0.0,6.05772]},"A2o":{"weight":0.0,"played":[0.0,1.0],"evs":[0.0,6.36422]},"32s":{"weight":0.0,"played":[0.0,1.0],"evs":[0.0,7.66896]},"33":{"weight":0.8367,"played":[0.0,1.0],"evs":[0.0,9.32829]},"43o":{"weight":0.0,"played":[0.0,1.0],"evs":[0.0,6.79492]},"53o":{"weight":0.0,"played":[0.0,1.0],"evs":[0.0,7.16082]},"63o":{"weight":0.0,"played":[0.0,1.0],"evs":[0.0,6.60744]},"73o":{"weight":0.0,"played":[0.0,1.0],"evs":[0.0,6.01431]},"83o":{"weight":0.0,"played":[0.0,1.0],"evs":[0.0,5.50279]},"93o":{"weight":0.0,"played":[0.0,1.0],"evs":[0.0,5.50242]},"T3o":{"weight":0.0,"played":[0.0,1.0],"evs":[0.0,5.47976]},"J3o":{"weight":0.0,"played":[0.0,1.0],"evs":[0.0,5.41593]},"Q3o":{"weight":0.0,"played":[0.0,1.0],"evs":[0.0,5.95439]},"K3o":{"weight":0.0,"played":[0.0,1.0],"evs":[0.0,6.42616]},"A3o":{"weight":0.0,"played":[0.0,1.0],"evs":[0.0,6.47692]},"42s":{"weight":0.0,"played":[0.0,1.0],"evs":[0.0,7.6347]},"43s":{"weight":0.0,"played":[0.0,1.0],"evs":[0.0,8.57086]},"44":{"weight":0.3877,"played":[0.0,1.0],"evs":[0.0,9.86722]},"54o":{"weight":0.0,"played":[0.0,1.0],"evs":[0.0,7.68777]},"64o":{"weight":0.0,"played":[0.0,1.0],"evs":[0.0,7.39151]},"74o":{"weight":0.0,"played":[0.0,1.0],"evs":[0.0,6.68666]},"84o":{"weight":0.0,"played":[0.0,1.0],"evs":[0.0,6.06109]},"94o":{"weight":0.0,"played":[0.0,1.0],"evs":[0.0,5.57114]},"T4o":{"weight":0.0,"played":[0.0,1.0],"evs":[0.0,5.61384]},"J4o":{"weight":0.0,"played":[0.0,1.0],"evs":[0.0,5.75863]},"Q4o":{"weight":0.0,"played":[0.0,1.0],"evs":[0.0,6.16854]},"K4o":{"weight":0.0,"played":[0.0,1.0],"evs":[0.0,6.52872]},"A4o":{"weight":0.0,"played":[0.0,1.0],"evs":[0.0,6.93821]},"52s":{"weight":0.0,"played":[0.0,1.0],"evs":[0.0,8.02051]},"53s":{"weight":0.0,"played":[0.0,1.0],"evs":[0.0,8.63616]},"54s":{"weight":0.4547,"played":[0.0,1.0],"evs":[0.0,9.55621]},"55":{"weight":0.6611,"played":[0.0,1.0],"evs":[0.0,10.48987]},"65o":{"weight":0.0,"played":[0.0,1.0],"evs":[0.0,8.04455]},"75o":{"weight":0.0,"played":[0.0,1.0],"evs":[0.0,7.40168]},"85o":{"weight":0.0,"played":[0.0,1.0],"evs":[0.0,7.02202]},"95o":{"weight":0.0,"played":[0.0,1.0],"evs":[0.0,6.46019]},"T5o":{"weight":0.0,"played":[0.0,1.0],"evs":[0.0,5.90385]},"J5o":{"weight":0.0,"played":[0.0,1.0],"evs":[0.0,5.92955]},"Q5o":{"weight":0.0,"played":[0.0,1.0],"evs":[0.0,6.48913]},"K5o":{"weight":0.0,"played":[0.0,1.0],"evs":[0.0,6.793]},"A5o":{"weight":0.0,"played":[0.0,1.0],"evs":[0.0,7.23692]},"62s":{"weight":0.0,"played":[0.0,1.0],"evs":[0.0,7.42709]},"63s":{"weight":0.0,"played":[0.0,1.0],"evs":[0.0,8.31932]},"64s":{"weight":1.0E-4,"played":[0.0,1.0],"evs":[0.0,9.1567]},"65s":{"weight":0.7722,"played":[0.0,1.0],"evs":[0.0,9.6587]},"66":{"weight":0.2474,"played":[0.0,1.0],"evs":[0.0,11.09432]},"76o":{"weight":0.0,"played":[0.0,1.0],"evs":[0.0,8.33901]},"86o":{"weight":0.0,"played":[0.0,1.0],"evs":[0.0,7.60135]},"96o":{"weight":0.0,"played":[0.0,1.0],"evs":[0.0,7.15923]},"T6o":{"weight":0.0,"played":[0.0,1.0],"evs":[0.0,6.6934]},"J6o":{"weight":0.0,"played":[0.0,1.0],"evs":[0.0,6.18662]},"Q6o":{"weight":0.0,"played":[0.0,1.0],"evs":[0.0,6.58723]},"K6o":{"weight":0.0,"played":[0.0,1.0],"evs":[0.0,6.94002]},"A6o":{"weight":0.0,"played":[0.0,1.0],"evs":[0.0,6.77887]},"72s":{"weight":0.0,"played":[0.0,1.0],"evs":[0.0,7.38576]},"73s":{"weight":0.0,"played":[0.0,1.0],"evs":[0.0,8.11751]},"74s":{"weight":0.0,"played":[0.0,1.0],"evs":[0.0,8.6312]},"75s":{"weight":0.0358,"played":[0.0,1.0],"evs":[0.0,9.38873]},"76s":{"weight":0.001,"played":[0.0,1.0],"evs":[0.0,9.81852]},"77":{"weight":0.4638,"played":[0.0,1.0],"evs":[0.0,11.92761]},"87o":{"weight":0.0,"played":[0.0,1.0],"evs":[0.0,8.05737]},"97o":{"weight":0.0,"played":[0.0,1.0],"evs":[0.0,7.65286]},"T7o":{"weight":0.0,"played":[0.0,1.0],"evs":[0.0,7.17288]},"J7o":{"weight":0.0,"played":[0.0,1.0],"evs":[0.0,6.68956]},"Q7o":{"weight":0.0,"played":[0.0,1.0],"evs":[0.0,6.72719]},"K7o":{"weight":0.0,"played":[0.0,1.0],"evs":[0.0,7.13029]},"A7o":{"weight":0.0,"played":[0.0,1.0],"evs":[0.0,6.98083]},"82s":{"weight":0.0,"played":[0.0,1.0],"evs":[0.0,7.65814]},"83s":{"weight":0.0,"played":[0.0,1.0],"evs":[0.0,7.22216]},"84s":{"weight":0.0,"played":[0.0,1.0],"evs":[0.0,8.18665]},"85s":{"weight":0.0,"played":[0.0,1.0],"evs":[0.0,8.98228]},"86s":{"weight":0.268,"played":[0.0,1.0],"evs":[0.0,9.43426]},"87s":{"weight":8.0E-4,"played":[0.0,1.0],"evs":[0.0,9.49292]},"88":{"weight":0.1417,"played":[0.0,1.0],"evs":[0.0,12.86689]},"98o":{"weight":0.0,"played":[0.0,1.0],"evs":[0.0,8.07698]},"T8o":{"weight":0.0,"played":[0.0,1.0],"evs":[0.0,7.54998]},"J8o":{"weight":0.0,"played":[0.0,1.0],"evs":[0.0,7.04002]},"Q8o":{"weight":0.0,"played":[0.0,1.0],"evs":[0.0,7.2641]},"K8o":{"weight":0.0,"played":[0.0,1.0],"evs":[0.0,7.37562]},"A8o":{"weight":2.0E-4,"played":[0.0,1.0],"evs":[0.0,7.56619]},"92s":{"weight":0.0,"played":[0.0,1.0],"evs":[0.0,7.23937]},"93s":{"weight":0.0,"played":[0.0,1.0],"evs":[0.0,7.5296]},"94s":{"weight":0.0,"played":[0.0,1.0],"evs":[0.0,7.53015]},"95s":{"weight":0.0,"played":[0.0,1.0],"evs":[0.0,8.18032]},"96s":{"weight":0.0065,"played":[0.0,1.0],"evs":[0.0,8.89703]},"97s":{"weight":0.0938,"played":[0.0,1.0],"evs":[0.0,9.67564]},"98s":{"weight":0.2627,"played":[0.0,1.0],"evs":[0.0,9.84464]},"99":{"weight":0.4333,"played":[0.0,1.0],"evs":[0.0,14.13717]},"T9o":{"weight":0.0,"played":[0.0,1.0],"evs":[0.0,8.11643]},"J9o":{"weight":0.0,"played":[0.0,1.0],"evs":[0.0,7.46835]},"Q9o":{"weight":0.0,"played":[0.0,1.0],"evs":[0.0,7.93502]},"K9o":{"weight":0.0,"played":[0.0,1.0],"evs":[0.0,7.49093]},"A9o":{"weight":0.6373,"played":[0.0,1.0],"evs":[0.0,8.03087]},"T2s":{"weight":0.0,"played":[0.0,1.0],"evs":[0.0,7.28225]},"T3s":{"weight":0.0,"played":[0.0,1.0],"evs":[0.0,7.31152]},"T4s":{"weight":0.0,"played":[0.0,1.0],"evs":[0.0,7.57571]},"T5s":{"weight":0.0,"played":[0.0,1.0],"evs":[0.0,7.63296]},"T6s":{"weight":1.0E-4,"played":[0.0,1.0],"evs":[0.0,8.16781]},"T7s":{"weight":0.0984,"played":[0.0,1.0],"evs":[0.0,8.88659]},"T8s":{"weight":0.4115,"played":[0.0,1.0],"evs":[0.0,9.45048]},"T9s":{"weight":0.4093,"played":[0.0,1.0],"evs":[0.0,9.64087]},"TT":{"weight":0.4075,"played":[0.0,1.0],"evs":[0.0,15.61545]},"JTo":{"weight":0.2864,"played":[0.0,1.0],"evs":[0.0,8.60342]},"QTo":{"weight":0.138,"played":[0.0,1.0],"evs":[0.0,8.29055]},"KTo":{"weight":0.7302,"played":[0.0,1.0],"evs":[0.0,8.84792]},"ATo":{"weight":0.3356,"played":[0.0,1.0],"evs":[0.0,9.47435]},"J2s":{"weight":0.0,"played":[0.0,1.0],"evs":[0.0,7.14172]},"J3s":{"weight":0.0,"played":[0.0,1.0],"evs":[0.0,7.57134]},"J4s":{"weight":0.0,"played":[0.0,1.0],"evs":[0.0,7.79465]},"J5s":{"weight":0.0,"played":[0.0,1.0],"evs":[0.0,8.0108]},"J6s":{"weight":0.0,"played":[0.0,1.0],"evs":[0.0,7.80698]},"J7s":{"weight":2.0E-4,"played":[0.0,1.0],"evs":[0.0,8.57088]},"J8s":{"weight":0.6847,"played":[0.0,1.0],"evs":[0.0,8.92562]},"J9s":{"weight":0.6784,"played":[0.0,1.0],"evs":[0.0,9.10335]},"JTs":{"weight":0.0703,"played":[0.0,1.0],"evs":[0.0,10.16727]},"JJ":{"weight":0.4277,"played":[0.0,1.0],"evs":[0.0,18.19495]},"QJo":{"weight":0.6573,"played":[0.0,1.0],"evs":[0.0,8.78776]},"KJo":{"weight":0.6659,"played":[0.0,1.0],"evs":[0.0,9.3262]},"AJo":{"weight":0.8914,"played":[0.0,1.0],"evs":[0.0,10.68669]},"Q2s":{"weight":0.0,"played":[0.0,1.0],"evs":[0.0,7.51298]},"Q3s":{"weight":0.0,"played":[0.0,1.0],"evs":[0.0,8.05778]},"Q4s":{"weight":0.0,"played":[0.0,1.0],"evs":[0.0,8.2835]},"Q5s":{"weight":2.0E-4,"played":[0.0,1.0],"evs":[0.0,8.25932]},"Q6s":{"weight":0.0025,"played":[0.0,1.0],"evs":[0.0,8.32913]},"Q7s":{"weight":1.0E-4,"played":[0.0,1.0],"evs":[0.0,8.5932]},"Q8s":{"weight":0.3444,"played":[0.0,1.0],"evs":[0.0,8.73148]},"Q9s":{"weight":0.0762,"played":[0.0,1.0],"evs":[0.0,9.63968]},"QTs":{"weight":0.6785,"played":[0.0,1.0],"evs":[0.0,10.34534]},"QJs":{"weight":0.5407,"played":[0.0,1.0],"evs":[0.0,10.86099]},"QQ":{"weight":0.4619,"played":[0.0,1.0],"evs":[0.0,21.38197]},"KQo":{"weight":0.5784,"played":[0.0,1.0],"evs":[0.0,10.63338]},"AQo":{"weight":0.4427,"played":[0.0,1.0],"evs":[0.0,12.1819]},"K2s":{"weight":0.0,"played":[0.0,1.0],"evs":[0.0,8.12144]},"K3s":{"weight":0.0,"played":[0.0,1.0],"evs":[0.0,8.58318]},"K4s":{"weight":0.0011,"played":[0.0,1.0],"evs":[0.0,8.45561]},"K5s":{"weight":0.0017,"played":[0.0,1.0],"evs":[0.0,8.84278]},"K6s":{"weight":0.3684,"played":[0.0,1.0],"evs":[0.0,8.80699]},"K7s":{"weight":0.7365,"played":[0.0,1.0],"evs":[0.0,9.1617]},"K8s":{"weight":0.2146,"played":[0.0,1.0],"evs":[0.0,8.99487]},"K9s":{"weight":0.6699,"played":[0.0,1.0],"evs":[0.0,9.90222]},"KTs":{"weight":0.6908,"played":[0.0,1.0],"evs":[0.0,10.20572]},"KJs":{"weight":0.6003,"played":[0.0,1.0],"evs":[0.0,11.41923]},"KQs":{"weight":0.598,"played":[0.0,1.0],"evs":[0.0,12.07688]},"KK":{"weight":0.5415,"played":[0.0,1.0],"evs":[0.0,24.28437]},"AKo":{"weight":0.9172,"played":[0.0,1.0],"evs":[0.0,13.86721]},"A2s":{"weight":0.1621,"played":[0.0,1.0],"evs":[0.0,8.28098]},"A3s":{"weight":0.3932,"played":[0.0,1.0],"evs":[0.0,8.8827]},"A4s":{"weight":0.6398,"played":[0.0,1.0],"evs":[0.0,8.50365]},"A5s":{"weight":0.3251,"played":[0.0,1.0],"evs":[0.0,8.87213]},"A6s":{"weight":0.4292,"played":[0.0,1.0],"evs":[0.0,8.41446]},"A7s":{"weight":0.4538,"played":[0.0,1.0],"evs":[0.0,9.01397]},"A8s":{"weight":0.0142,"played":[0.0,1.0],"evs":[0.0,9.72388]},"A9s":{"weight":0.6125,"played":[0.0,1.0],"evs":[0.0,10.11901]},"ATs":{"weight":0.6273,"played":[0.0,1.0],"evs":[0.0,11.41625]},"AJs":{"weight":0.3823,"played":[0.0,1.0],"evs":[0.0,12.9031]},"AQs":{"weight":0.6297,"played":[0.0,1.0],"evs":[0.0,14.18825]},"AKs":{"weight":0.7632,"played":[0.0,1.0],"evs":[0.0,15.34435]},"AA":{"weight":0.5839,"played":[0.0,1.0],"evs":[0.0,29.85662]}}}