{"player":2,"street":0,"children":2,"sequence":[{"player":0,"type":"F","amount":0,"street":0},{"player":1,"type":"R","amount":785000,"street":0},{"player":2,"type":"C","amount":785000,"street":0},{"player":3,"type":"C","amount":785000,"street":0},{"player":4,"type":"R","amount":1565000,"street":0},{"player":5,"type":"C","amount":845000,"street":0}],"actions":[{"type":"F","amount":0},{"type":"C","amount":200000,"node":73}],"hands":{"22":{"weight":2.0E-4,"played":[0.0,1.0],"evs":[0.0,7.32642]},"32o":{"weight":0.0,"played":[0.0,1.0],"evs":[0.0,4.83234]},"42o":{"weight":0.0,"played":[0.0,1.0],"evs":[0.0,5.27483]},"52o":{"weight":0.0,"played":[0.0,1.0],"evs":[0.0,5.5797]},"62o":{"weight":0.0,"played":[0.0,1.0],"evs":[0.0,4.98975]},"72o":{"weight":0.0,"played":[0.0,1.0],"evs":[0.0,4.07173]},"82o":{"weight":0.0,"played":[0.0,1.0],"evs":[0.0,4.20691]},"92o":{"weight":0.0,"played":[0.0,1.0],"evs":[0.0,4.38742]},"T2o":{"weight":0.0,"played":[0.0,1.0],"evs":[0.0,3.8579]},"J2o":{"weight":0.0,"played":[0.0,1.0],"evs":[0.0,4.0107]},"Q2o":{"weight":0.0,"played":[0.0,1.0],"evs":[0.0,4.00515]},"K2o":{"weight":0.0,"played":[0.0,1.0],"evs":[0.0,4.37926]},"A2o":{"weight":0.0,"played":[0.0,1.0],"evs":[0.0,4.59204]},"32s":{"weight":0.0,"played":[0.0,1.0],"evs":[0.0,7.1123]},"33":{"weight":0.4383,"played":[0.0,1.0],"evs":[0.0,8.28896]},"43o":{"weight":0.0,"played":[0.0,1.0],"evs":[0.0,6.0474]},"53o":{"weight":0.0,"played":[0.0,1.0],"evs":[0.0,6.27628]},"63o":{"weight":0.0,"played":[0.0,1.0],"evs":[0.0,5.69831]},"73o":{"weight":0.0,"played":[0.0,1.0],"evs":[0.0,4.85807]},"83o":{"weight":0.0,"played":[0.0,1.0],"evs":[0.0,4.44964]},"93o":{"weight":0.0,"played":[0.0,1.0],"evs":[0.0,4.58868]},"T3o":{"weight":0.0,"played":[0.0,1.0],"evs":[0.0,3.96979]},"J3o":{"weight":0.0,"played":[0.0,1.0],"evs":[0.0,4.41921]},"Q3o":{"weight":0.0,"played":[0.0,1.0],"evs":[0.0,4.51817]},"K3o":{"weight":0.0,"played":[0.0,1.0],"evs":[0.0,4.16083]},"A3o":{"weight":0.0,"played":[0.0,1.0],"evs":[0.0,4.81048]},"42s":{"weight":0.0,"played":[0.0,1.0],"evs":[0.0,7.34763]},"43s":{"weight":0.0,"played":[0.0,1.0],"evs":[0.0,7.15865]},"44":{"weight":0.5299,"played":[0.0,1.0],"evs":[0.0,8.73441]},"54o":{"weight":0.0,"played":[0.0,1.0],"evs":[0.0,6.74748]},"64o":{"weight":0.0,"played":[0.0,1.0],"evs":[0.0,6.18086]},"74o":{"weight":0.0,"played":[0.0,1.0],"evs":[0.0,5.82216]},"84o":{"weight":0.0,"played":[0.0,1.0],"evs":[0.0,5.01417]},"94o":{"weight":0.0,"played":[0.0,1.0],"evs":[0.0,4.49697]},"T4o":{"weight":0.0,"played":[0.0,1.0],"evs":[0.0,4.09768]},"J4o":{"weight":0.0,"played":[0.0,1.0],"evs":[0.0,4.21818]},"Q4o":{"weight":0.0,"played":[0.0,1.0],"evs":[0.0,4.5762]},"K4o":{"weight":0.0,"played":[0.0,1.0],"evs":[0.0,4.86504]},"A4o":{"weight":0.0,"played":[0.0,1.0],"evs":[0.0,5.15852]},"52s":{"weight":0.0,"played":[0.0,1.0],"evs":[0.0,6.87757]},"53s":{"weight":0.0,"played":[0.0,1.0],"evs":[0.0,8.26416]},"54s":{"weight":0.0,"played":[0.0,1.0],"evs":[0.0,7.95806]},"55":{"weight":0.5977,"played":[0.0,1.0],"evs":[0.0,9.09816]},"65o":{"weight":0.0,"played":[0.0,1.0],"evs":[0.0,7.24715]},"75o":{"weight":0.0,"played":[0.0,1.0],"evs":[0.0,6.44672]},"85o":{"weight":0.0,"played":[0.0,1.0],"evs":[0.0,5.86034]},"95o":{"weight":0.0,"played":[0.0,1.0],"evs":[0.0,5.04533]},"T5o":{"weight":0.0,"played":[0.0,1.0],"evs":[0.0,4.44808]},"J5o":{"weight":0.0,"played":[0.0,1.0],"evs":[0.0,4.3447]},"Q5o":{"weight":0.0,"played":[0.0,1.0],"evs":[0.0,4.97278]},"K5o":{"weight":0.0,"played":[0.0,1.0],"evs":[0.0,4.98656]},"A5o":{"weight":0.0,"played":[0.0,1.0],"evs":[0.0,5.42991]},"62s":{"weight":0.0,"played":[0.0,1.0],"evs":[0.0,6.94756]},"63s":{"weight":0.0,"played":[0.0,1.0],"evs":[0.0,7.96891]},"64s":{"weight":0.0,"played":[0.0,1.0],"evs":[0.0,8.09517]},"65s":{"weight":0.0,"played":[0.0,1.0],"evs":[0.0,9.31626]},"66":{"weight":0.5699,"played":[0.0,1.0],"evs":[0.0,9.35092]},"76o":{"weight":0.0,"played":[0.0,1.0],"evs":[0.0,6.87417]},"86o":{"weight":0.0,"played":[0.0,1.0],"evs":[0.0,6.56164]},"96o":{"weight":0.0,"played":[0.0,1.0],"evs":[0.0,6.08678]},"T6o":{"weight":0.0,"played":[0.0,1.0],"evs":[0.0,5.36339]},"J6o":{"weight":0.0,"played":[0.0,1.0],"evs":[0.0,4.98755]},"Q6o":{"weight":0.0,"played":[0.0,1.0],"evs":[0.0,4.51662]},"K6o":{"weight":0.0,"played":[0.0,1.0],"evs":[0.0,5.09121]},"A6o":{"weight":0.0,"played":[0.0,1.0],"evs":[0.0,4.60924]},"72s":{"weight":0.0,"played":[0.0,1.0],"evs":[0.0,6.61109]},"73s":{"weight":0.0,"played":[0.0,1.0],"evs":[0.0,6.882]},"74s":{"weight":0.0,"played":[0.0,1.0],"evs":[0.0,7.68799]},"75s":{"weight":0.0,"played":[0.0,1.0],"evs":[0.0,8.50707]},"76s":{"weight":0.0,"played":[0.0,1.0],"evs":[0.0,9.25134]},"77":{"weight":0.5073,"played":[0.0,1.0],"evs":[0.0,9.97359]},"87o":{"weight":0.0,"played":[0.0,1.0],"evs":[0.0,7.03344]},"97o":{"weight":0.0,"played":[0.0,1.0],"evs":[0.0,6.46685]},"T7o":{"weight":0.0,"played":[0.0,1.0],"evs":[0.0,5.81131]},"J7o":{"weight":0.0,"played":[0.0,1.0],"evs":[0.0,4.98428]},"Q7o":{"weight":0.0,"played":[0.0,1.0],"evs":[0.0,5.29212]},"K7o":{"weight":0.0,"played":[0.0,1.0],"evs":[0.0,5.39457]},"A7o":{"weight":0.0,"played":[0.0,1.0],"evs":[0.0,5.32581]},"82s":{"weight":0.0,"played":[0.0,1.0],"evs":[0.0,6.00227]},"83s":{"weight":0.0,"played":[0.0,1.0],"evs":[0.0,6.55649]},"84s":{"weight":0.0,"played":[0.0,1.0],"evs":[0.0,7.28032]},"85s":{"weight":0.0,"played":[0.0,1.0],"evs":[0.0,8.62037]},"86s":{"weight":0.0,"played":[0.0,1.0],"evs":[0.0,7.73796]},"87s":{"weight":0.0,"played":[0.0,1.0],"evs":[0.0,8.76577]},"88":{"weight":0.4501,"played":[0.0,1.0],"evs":[0.0,10.59468]},"98o":{"weight":0.0,"played":[0.0,1.0],"evs":[0.0,7.06504]},"T8o":{"weight":0.0,"played":[0.0,1.0],"evs":[0.0,6.79371]},"J8o":{"weight":0.0,"played":[0.0,1.0],"evs":[0.0,5.79671]},"Q8o":{"weight":0.0,"played":[0.0,1.0],"evs":[0.0,5.6366]},"K8o":{"weight":0.0,"played":[0.0,1.0],"evs":[0.0,5.20953]},"A8o":{"weight":0.5893,"played":[0.0,1.0],"evs":[0.0,5.87519]},"92s":{"weight":0.0,"played":[0.0,1.0],"evs":[0.0,5.9209]},"93s":{"weight":0.0,"played":[0.0,1.0],"evs":[0.0,6.56467]},"94s":{"weight":0.0,"played":[0.0,1.0],"evs":[0.0,6.43683]},"95s":{"weight":0.0,"played":[0.0,1.0],"evs":[0.0,7.1354]},"96s":{"weight":0.0,"played":[0.0,1.0],"evs":[0.0,7.763]},"97s":{"weight":0.0,"played":[0.0,1.0],"evs":[0.0,8.46346]},"98s":{"weight":0.001,"played":[0.0,1.0],"evs":[0.0,9.79899]},"99":{"weight":0.5498,"played":[0.0,1.0],"evs":[0.0,11.82014]},"T9o":{"weight":0.0,"played":[0.0,1.0],"evs":[0.0,7.531]},"J9o":{"weight":0.0,"played":[0.0,1.0],"evs":[0.0,6.36664]},"Q9o":{"weight":0.0,"played":[0.0,1.0],"evs":[0.0,6.66959]},"K9o":{"weight":0.0,"played":[0.0,1.0],"evs":[0.0,6.30533]},"A9o":{"weight":0.5588,"played":[0.0,1.0],"evs":[0.0,6.07577]},"T2s":{"weight":0.0,"played":[0.0,1.0],"evs":[0.0,6.10655]},"T3s":{"weight":0.0,"played":[0.0,1.0],"evs":[0.0,6.26035]},"T4s":{"weight":0.0,"played":[0.0,1.0],"evs":[0.0,5.49565]},"T5s":{"weight":0.0,"played":[0.0,1.0],"evs":[0.0,6.17433]},"T6s":{"weight":0.0,"played":[0.0,1.0],"evs":[0.0,7.09893]},"T7s":{"weight":0.0,"played":[0.0,1.0],"evs":[0.0,7.85024]},"T8s":{"weight":0.0,"played":[0.0,1.0],"evs":[0.0,8.53976]},"T9s":{"weight":0.4861,"played":[0.0,1.0],"evs":[0.0,8.74933]},"TT":{"weight":0.5349,"played":[0.0,1.0],"evs":[0.0,13.28778]},"JTo":{"weight":0.0,"played":[0.0,1.0],"evs":[0.0,7.00116]},"QTo":{"weight":0.0,"played":[0.0,1.0],"evs":[0.0,7.20401]},"KTo":{"weight":0.2929,"played":[0.0,1.0],"evs":[0.0,7.16244]},"ATo":{"weight":0.4097,"played":[0.0,1.0],"evs":[0.0,6.7624]},"J2s":{"weight":0.0,"played":[0.0,1.0],"evs":[0.0,5.73012]},"J3s":{"weight":0.0,"played":[0.0,1.0],"evs":[0.0,6.28905]},"J4s":{"weight":0.0,"played":[0.0,1.0],"evs":[0.0,6.04486]},"J5s":{"weight":0.0,"played":[0.0,1.0],"evs":[0.0,6.61314]},"J6s":{"weight":0.0,"played":[1.0E-4,0.9999],"evs":[0.0,7.20985]},"J7s":{"weight":0.0,"played":[0.0,1.0],"evs":[0.0,7.53075]},"J8s":{"weight":0.0,"played":[0.0,1.0],"evs":[0.0,8.35069]},"J9s":{"weight":0.5689,"played":[0.0,1.0],"evs":[0.0,8.99503]},"JTs":{"weight":0.5793,"played":[0.0,1.0],"evs":[0.0,9.49684]},"JJ":{"weight":0.396,"played":[0.0,1.0],"evs":[0.0,15.52866]},"QJo":{"weight":0.2782,"played":[0.0,1.0],"evs":[0.0,7.21594]},"KJo":{"weight":0.2738,"played":[0.0,1.0],"evs":[0.0,7.37461]},"AJo":{"weight":0.3797,"played":[0.0,1.0],"evs":[0.0,7.58374]},"Q2s":{"weight":0.0,"played":[0.0,1.0],"evs":[0.0,5.9761]},"Q3s":{"weight":0.0,"played":[0.0,1.0],"evs":[0.0,6.60978]},"Q4s":{"weight":0.0,"played":[0.0,1.0],"evs":[0.0,6.72698]},"Q5s":{"weight":0.0,"played":[0.0,1.0],"evs":[0.0,7.04124]},"Q6s":{"weight":0.0,"played":[0.0,1.0],"evs":[0.0,7.55878]},"Q7s":{"weight":0.0,"played":[0.0,1.0],"evs":[0.0,7.99364]},"Q8s":{"weight":0.0,"played":[0.0,1.0],"evs":[0.0,8.03848]},"Q9s":{"weight":0.4827,"played":[0.0,1.0],"evs":[0.0,7.78464]},"QTs":{"weight":0.6777,"played":[0.0,1.0],"evs":[0.0,9.55929]},"QJs":{"weight":0.5891,"played":[0.0,1.0],"evs":[0.0,8.94403]},"QQ":{"weight":0.4548,"played":[0.0,1.0],"evs":[0.0,18.70552]},"KQo":{"weight":0.4037,"played":[0.0,1.0],"evs":[0.0,8.37645]},"AQo":{"weight":0.3365,"played":[0.0,1.0],"evs":[0.0,9.11632]},"K2s":{"weight":0.0,"played":[0.0,1.0],"evs":[0.0,6.21263]},"K3s":{"weight":0.0,"played":[0.0,1.0],"evs":[0.0,6.804]},"K4s":{"weight":0.0,"played":[0.0,1.0],"evs":[0.0,6.40867]},"K5s":{"weight":0.0,"played":[0.0,1.0],"evs":[0.0,7.12506]},"K6s":{"weight":0.0,"played":[0.0,1.0],"evs":[0.0,6.74877]},"K7s":{"weight":0.0,"played":[0.0,1.0],"evs":[0.0,7.74384]},"K8s":{"weight":0.0,"played":[0.0,1.0],"evs":[0.0,7.66185]},"K9s":{"weight":0.4806,"played":[0.0,1.0],"evs":[0.0,8.30142]},"KTs":{"weight":0.6465,"played":[0.0,1.0],"evs":[0.0,8.77072]},"KJs":{"weight":0.6887,"played":[0.0,1.0],"evs":[0.0,9.38568]},"KQs":{"weight":0.3333,"played":[0.0,1.0],"evs":[0.0,9.78654]},"KK":{"weight":0.4017,"played":[0.0,1.0],"evs":[0.0,22.94645]},"AKo":{"weight":0.4314,"played":[0.0,1.0],"evs":[0.0,10.55299]},"A2s":{"weight":0.0119,"played":[0.0,1.0],"evs":[0.0,7.45356]},"A3s":{"weight":0.2077,"played":[0.0,1.0],"evs":[0.0,7.82533]},"A4s":{"weight":0.5582,"played":[0.0,1.0],"evs":[0.0,8.08998]},"A5s":{"weight":0.4655,"played":[0.0,1.0],"evs":[0.0,7.24931]},"A6s":{"weight":0.4357,"played":[0.0,1.0],"evs":[0.0,7.36177]},"A7s":{"weight":0.3544,"played":[0.0,1.0],"evs":[0.0,7.96316]},"A8s":{"weight":0.5733,"played":[0.0,1.0],"evs":[0.0,7.84948]},"A9s":{"weight":0.6908,"played":[0.0,1.0],"evs":[0.0,8.51728]},"ATs":{"weight":0.4826,"played":[0.0,1.0],"evs":[0.0,9.26032]},"AJs":{"weight":0.3996,"played":[0.0,1.0],"evs":[0.0,10.13677]},"AQs":{"weight":0.3819,"played":[0.0,1.0],"evs":[0.0,12.27045]},"AKs":{"weight":0.2511,"played":[0.0,1.0],"evs":[0.0,12.58892]},"AA":{"weight":0.5012,"played":[0.0,1.0],"evs":[0.0,27.72294]}}}