{"player":2,"street":0,"children":2,"sequence":[{"player":0,"type":"F","amount":0,"street":0},{"player":1,"type":"R","amount":785000,"street":0},{"player":2,"type":"C","amount":785000,"street":0},{"player":3,"type":"R","amount":1565000,"street":0},{"player":4,"type":"F","amount":0,"street":0},{"player":5,"type":"C","amount":845000,"street":0}],"actions":[{"type":"F","amount":0},{"type":"C","amount":200000}],"hands":{"22":{"weight":2.0E-4,"played":[0.0,1.0],"evs":[0.0,7.80636]},"32o":{"weight":0.0,"played":[0.0,1.0],"evs":[0.0,4.90226]},"42o":{"weight":0.0,"played":[0.0,1.0],"evs":[0.0,5.12027]},"52o":{"weight":0.0,"played":[0.0,1.0],"evs":[0.0,5.39719]},"62o":{"weight":0.0,"played":[0.0,1.0],"evs":[0.0,4.81742]},"72o":{"weight":0.0,"played":[0.0,1.0],"evs":[0.0,4.29449]},"82o":{"weight":0.0,"played":[0.0,1.0],"evs":[0.0,4.36791]},"92o":{"weight":0.0,"played":[0.0,1.0],"evs":[0.0,4.46744]},"T2o":{"weight":0.0,"played":[0.0,1.0],"evs":[0.0,4.61894]},"J2o":{"weight":0.0,"played":[0.0,1.0],"evs":[0.0,4.88467]},"Q2o":{"weight":0.0,"played":[0.0,1.0],"evs":[0.0,5.15769]},"K2o":{"weight":0.0,"played":[0.0,1.0],"evs":[0.0,5.65384]},"A2o":{"weight":0.0,"played":[0.0,1.0],"evs":[0.0,5.98062]},"32s":{"weight":0.0,"played":[0.0,1.0],"evs":[0.0,6.47622]},"33":{"weight":0.4383,"played":[0.0,1.0],"evs":[0.0,8.09596]},"43o":{"weight":0.0,"played":[0.0,1.0],"evs":[0.0,5.86335]},"53o":{"weight":0.0,"played":[0.0,1.0],"evs":[0.0,6.17823]},"63o":{"weight":0.0,"played":[0.0,1.0],"evs":[0.0,5.53432]},"73o":{"weight":0.0,"played":[0.0,1.0],"evs":[0.0,4.85625]},"83o":{"weight":0.0,"played":[0.0,1.0],"evs":[0.0,4.36774]},"93o":{"weight":0.0,"played":[0.0,1.0],"evs":[0.0,4.72041]},"T3o":{"weight":0.0,"played":[0.0,1.0],"evs":[0.0,4.78089]},"J3o":{"weight":0.0,"played":[0.0,1.0],"evs":[0.0,4.89745]},"Q3o":{"weight":0.0,"played":[0.0,1.0],"evs":[0.0,5.27849]},"K3o":{"weight":0.0,"played":[0.0,1.0],"evs":[0.0,5.81886]},"A3o":{"weight":0.0,"played":[0.0,1.0],"evs":[0.0,6.35067]},"42s":{"weight":0.0,"played":[0.0,1.0],"evs":[0.0,6.72313]},"43s":{"weight":0.0,"played":[0.0,1.0],"evs":[0.0,7.57479]},"44":{"weight":0.5299,"played":[0.0,1.0],"evs":[0.0,8.45782]},"54o":{"weight":0.0,"played":[0.0,1.0],"evs":[0.0,6.65546]},"64o":{"weight":0.0,"played":[0.0,1.0],"evs":[0.0,6.17154]},"74o":{"weight":0.0,"played":[0.0,1.0],"evs":[0.0,5.50114]},"84o":{"weight":0.0,"played":[0.0,1.0],"evs":[0.0,5.13406]},"94o":{"weight":0.0,"played":[0.0,1.0],"evs":[0.0,4.75977]},"T4o":{"weight":0.0,"played":[0.0,1.0],"evs":[0.0,4.93621]},"J4o":{"weight":0.0,"played":[0.0,1.0],"evs":[0.0,5.06311]},"Q4o":{"weight":0.0,"played":[0.0,1.0],"evs":[0.0,5.4152]},"K4o":{"weight":0.0,"played":[0.0,1.0],"evs":[0.0,6.11084]},"A4o":{"weight":0.0,"played":[0.0,1.0],"evs":[0.0,6.61746]},"52s":{"weight":0.0,"played":[0.0,1.0],"evs":[0.0,7.02206]},"53s":{"weight":0.0,"played":[0.0,1.0],"evs":[0.0,7.44104]},"54s":{"weight":0.0,"played":[0.0,1.0],"evs":[0.0,8.29765]},"55":{"weight":0.5977,"played":[0.0,1.0],"evs":[0.0,9.22292]},"65o":{"weight":0.0,"played":[0.0,1.0],"evs":[0.0,6.77978]},"75o":{"weight":0.0,"played":[0.0,1.0],"evs":[0.0,6.31744]},"85o":{"weight":0.0,"played":[0.0,1.0],"evs":[0.0,5.79293]},"95o":{"weight":0.0,"played":[0.0,1.0],"evs":[0.0,5.51502]},"T5o":{"weight":0.0,"played":[0.0,1.0],"evs":[0.0,5.07517]},"J5o":{"weight":0.0,"played":[0.0,1.0],"evs":[0.0,5.36139]},"Q5o":{"weight":0.0,"played":[0.0,1.0],"evs":[0.0,5.56742]},"K5o":{"weight":0.0,"played":[0.0,1.0],"evs":[0.0,6.1278]},"A5o":{"weight":0.0,"played":[0.0,1.0],"evs":[0.0,6.82723]},"62s":{"weight":0.0,"played":[0.0,1.0],"evs":[0.0,6.53057]},"63s":{"weight":0.0,"played":[0.0,1.0],"evs":[0.0,7.13156]},"64s":{"weight":0.0,"played":[0.0,1.0],"evs":[0.0,7.75562]},"65s":{"weight":0.0,"played":[0.0,1.0],"evs":[0.0,8.25881]},"66":{"weight":0.5699,"played":[0.0,1.0],"evs":[0.0,9.81958]},"76o":{"weight":0.0,"played":[0.0,1.0],"evs":[0.0,6.79602]},"86o":{"weight":0.0,"played":[0.0,1.0],"evs":[0.0,6.29511]},"96o":{"weight":0.0,"played":[0.0,1.0],"evs":[0.0,6.0784]},"T6o":{"weight":0.0,"played":[0.0,1.0],"evs":[0.0,5.63255]},"J6o":{"weight":0.0,"played":[0.0,1.0],"evs":[0.0,5.31998]},"Q6o":{"weight":0.0,"played":[0.0,1.0],"evs":[0.0,5.71822]},"K6o":{"weight":0.0,"played":[0.0,1.0],"evs":[0.0,6.35346]},"A6o":{"weight":0.0,"played":[0.0,1.0],"evs":[0.0,6.46776]},"72s":{"weight":0.0,"played":[0.0,1.0],"evs":[0.0,5.94009]},"73s":{"weight":0.0,"played":[0.0,1.0],"evs":[0.0,6.56066]},"74s":{"weight":0.0,"played":[0.0,1.0],"evs":[0.0,7.53844]},"75s":{"weight":0.0,"played":[0.0,1.0],"evs":[0.0,8.06488]},"76s":{"weight":0.0,"played":[0.0,1.0],"evs":[0.0,8.44003]},"77":{"weight":0.5073,"played":[0.0,1.0],"evs":[0.0,10.41849]},"87o":{"weight":0.0,"played":[0.0,1.0],"evs":[0.0,6.76704]},"97o":{"weight":0.0,"played":[0.0,1.0],"evs":[0.0,6.58647]},"T7o":{"weight":0.0,"played":[0.0,1.0],"evs":[0.0,6.24108]},"J7o":{"weight":0.0,"played":[0.0,1.0],"evs":[0.0,5.98342]},"Q7o":{"weight":0.0,"played":[0.0,1.0],"evs":[0.0,5.82759]},"K7o":{"weight":0.0,"played":[0.0,1.0],"evs":[0.0,6.53293]},"A7o":{"weight":0.0,"played":[0.0,1.0],"evs":[0.0,6.8933]},"82s":{"weight":0.0,"played":[0.0,1.0],"evs":[0.0,6.32864]},"83s":{"weight":0.0,"played":[0.0,1.0],"evs":[0.0,6.39798]},"84s":{"weight":0.0,"played":[0.0,1.0],"evs":[0.0,6.79236]},"85s":{"weight":0.0,"played":[0.0,1.0],"evs":[0.0,7.50576]},"86s":{"weight":0.0,"played":[0.0,1.0],"evs":[0.0,8.0314]},"87s":{"weight":0.0,"played":[0.0,1.0],"evs":[0.0,8.47927]},"88":{"weight":0.4501,"played":[0.0,1.0],"evs":[0.0,11.60185]},"98o":{"weight":0.0,"played":[0.0,1.0],"evs":[0.0,7.039]},"T8o":{"weight":0.0,"played":[0.0,1.0],"evs":[0.0,6.91591]},"J8o":{"weight":0.0,"played":[0.0,1.0],"evs":[0.0,6.5402]},"Q8o":{"weight":0.0,"played":[0.0,1.0],"evs":[0.0,6.39178]},"K8o":{"weight":0.0,"played":[0.0,1.0],"evs":[0.0,6.6623]},"A8o":{"weight":0.5893,"played":[0.0,1.0],"evs":[0.0,7.20006]},"92s":{"weight":0.0,"played":[0.0,1.0],"evs":[0.0,6.30799]},"93s":{"weight":0.0,"played":[0.0,1.0],"evs":[0.0,6.32077]},"94s":{"weight":0.0,"played":[0.0,1.0],"evs":[0.0,6.5852]},"95s":{"weight":0.0,"played":[0.0,1.0],"evs":[0.0,7.49659]},"96s":{"weight":0.0,"played":[0.0,1.0],"evs":[0.0,7.7506]},"97s":{"weight":0.0,"played":[0.0,1.0],"evs":[0.0,8.43524]},"98s":{"weight":0.001,"played":[0.0,1.0],"evs":[0.0,8.54655]},"99":{"weight":0.5498,"played":[0.0,1.0],"evs":[0.0,12.87682]},"T9o":{"weight":0.0,"played":[0.0,1.0],"evs":[0.0,7.37007]},"J9o":{"weight":0.0,"played":[0.0,1.0],"evs":[0.0,7.15106]},"Q9o":{"weight":0.0,"played":[0.0,1.0],"evs":[0.0,7.27143]},"K9o":{"weight":0.0,"played":[0.0,1.0],"evs":[0.0,7.29518]},"A9o":{"weight":0.5588,"played":[0.0,1.0],"evs":[0.0,7.8209]},"T2s":{"weight":0.0,"played":[0.0,1.0],"evs":[0.0,6.55657]},"T3s":{"weight":0.0,"played":[0.0,1.0],"evs":[0.0,6.58625]},"T4s":{"weight":0.0,"played":[0.0,1.0],"evs":[0.0,6.75326]},"T5s":{"weight":0.0,"played":[0.0,1.0],"evs":[0.0,6.89359]},"T6s":{"weight":0.0,"played":[0.0,1.0],"evs":[0.0,7.37512]},"T7s":{"weight":0.0,"played":[0.0,1.0],"evs":[0.0,8.06096]},"T8s":{"weight":0.0,"played":[0.0,1.0],"evs":[0.0,8.4973]},"T9s":{"weight":0.4861,"played":[0.0,1.0],"evs":[0.0,9.31149]},"TT":{"weight":0.5349,"played":[0.0,1.0],"evs":[0.0,14.56693]},"JTo":{"weight":0.0,"played":[0.0,1.0],"evs":[0.0,8.0622]},"QTo":{"weight":0.0,"played":[0.0,1.0],"evs":[0.0,7.88666]},"KTo":{"weight":0.2929,"played":[0.0,1.0],"evs":[0.0,8.32887]},"ATo":{"weight":0.4097,"played":[0.0,1.0],"evs":[0.0,9.12456]},"J2s":{"weight":0.0,"played":[0.0,1.0],"evs":[0.0,6.76921]},"J3s":{"weight":0.0,"played":[0.0,1.0],"evs":[0.0,6.76117]},"J4s":{"weight":0.0,"played":[0.0,1.0],"evs":[0.0,6.76242]},"J5s":{"weight":0.0,"played":[0.0,1.0],"evs":[0.0,6.85329]},"J6s":{"weight":0.0,"played":[0.0,1.0],"evs":[0.0,7.33848]},"J7s":{"weight":0.0,"played":[0.0,1.0],"evs":[0.0,7.63471]},"J8s":{"weight":0.0,"played":[0.0,1.0],"evs":[0.0,8.15515]},"J9s":{"weight":0.5689,"played":[0.0,1.0],"evs":[0.0,8.86689]},"JTs":{"weight":0.5793,"played":[0.0,1.0],"evs":[0.0,9.57175]},"JJ":{"weight":0.396,"played":[0.0,1.0],"evs":[0.0,16.75529]},"QJo":{"weight":0.2782,"played":[0.0,1.0],"evs":[0.0,8.5042]},"KJo":{"weight":0.2738,"played":[0.0,1.0],"evs":[0.0,9.2825]},"AJo":{"weight":0.3797,"played":[0.0,1.0],"evs":[0.0,10.29505]},"Q2s":{"weight":0.0,"played":[0.0,1.0],"evs":[0.0,6.99772]},"Q3s":{"weight":0.0,"played":[0.0,1.0],"evs":[0.0,7.31718]},"Q4s":{"weight":0.0,"played":[0.0,1.0],"evs":[0.0,7.21343]},"Q5s":{"weight":0.0,"played":[0.0,1.0],"evs":[0.0,7.38013]},"Q6s":{"weight":0.0,"played":[0.0,1.0],"evs":[0.0,7.81522]},"Q7s":{"weight":0.0,"played":[0.0,1.0],"evs":[0.0,7.57338]},"Q8s":{"weight":0.0,"played":[0.0,1.0],"evs":[0.0,8.26043]},"Q9s":{"weight":0.4827,"played":[0.0,1.0],"evs":[0.0,8.97436]},"QTs":{"weight":0.6777,"played":[0.0,1.0],"evs":[0.0,9.70393]},"QJs":{"weight":0.5891,"played":[0.0,1.0],"evs":[0.0,10.13258]},"QQ":{"weight":0.4548,"played":[0.0,1.0],"evs":[0.0,19.44173]},"KQo":{"weight":0.4037,"played":[0.0,1.0],"evs":[0.0,10.05467]},"AQo":{"weight":0.3365,"played":[0.0,1.0],"evs":[0.0,11.57266]},"K2s":{"weight":0.0,"played":[0.0,1.0],"evs":[0.0,7.63403]},"K3s":{"weight":0.0,"played":[0.0,1.0],"evs":[0.0,7.53604]},"K4s":{"weight":0.0,"played":[0.0,1.0],"evs":[0.0,7.87022]},"K5s":{"weight":0.0,"played":[0.0,1.0],"evs":[0.0,8.22519]},"K6s":{"weight":0.0,"played":[0.0,1.0],"evs":[0.0,8.27769]},"K7s":{"weight":0.0,"played":[0.0,1.0],"evs":[0.0,8.3869]},"K8s":{"weight":0.0,"played":[0.0,1.0],"evs":[0.0,8.50467]},"K9s":{"weight":0.4806,"played":[0.0,1.0],"evs":[0.0,9.18554]},"KTs":{"weight":0.6465,"played":[0.0,1.0],"evs":[0.0,10.10813]},"KJs":{"weight":0.6887,"played":[0.0,1.0],"evs":[0.0,10.7081]},"KQs":{"weight":0.3333,"played":[0.0,1.0],"evs":[0.0,11.6425]},"KK":{"weight":0.4017,"played":[0.0,1.0],"evs":[0.0,22.83593]},"AKo":{"weight":0.4314,"played":[0.0,1.0],"evs":[0.0,12.92544]},"A2s":{"weight":0.0119,"played":[0.0,1.0],"evs":[0.0,7.84798]},"A3s":{"weight":0.2077,"played":[0.0,1.0],"evs":[0.0,8.13979]},"A4s":{"weight":0.5582,"played":[0.0,1.0],"evs":[0.0,8.65208]},"A5s":{"weight":0.4655,"played":[0.0,1.0],"evs":[0.0,8.87971]},"A6s":{"weight":0.4357,"played":[0.0,1.0],"evs":[0.0,8.37863]},"A7s":{"weight":0.3544,"played":[0.0,1.0],"evs":[0.0,8.88375]},"A8s":{"weight":0.5733,"played":[0.0,1.0],"evs":[0.0,8.9882]},"A9s":{"weight":0.6908,"played":[0.0,1.0],"evs":[0.0,9.61348]},"ATs":{"weight":0.4826,"played":[0.0,1.0],"evs":[0.0,10.92139]},"AJs":{"weight":0.3996,"played":[0.0,1.0],"evs":[0.0,12.09738]},"AQs":{"weight":0.3819,"played":[0.0,1.0],"evs":[0.0,13.10798]},"AKs":{"weight":0.2511,"played":[0.0,1.0],"evs":[0.0,14.43214]},"AA":{"weight":0.5012,"played":[0.0,1.0],"evs":[0.0,27.59135]}}}