{"player":2,"street":0,"children":2,"sequence":[{"player":0,"type":"F","amount":0,"street":0},{"player":1,"type":"R","amount":785000,"street":0},{"player":2,"type":"C","amount":785000,"street":0},{"player":3,"type":"R","amount":1565000,"street":0},{"player":4,"type":"C","amount":1515000,"street":0},{"player":5,"type":"C","amount":845000,"street":0}],"actions":[{"type":"F","amount":0},{"type":"C","amount":200000}],"hands":{"22":{"weight":2.0E-4,"played":[0.0,1.0],"evs":[0.0,7.33368]},"32o":{"weight":0.0,"played":[0.0,1.0],"evs":[0.0,4.60401]},"42o":{"weight":0.0,"played":[0.0,1.0],"evs":[0.0,4.9518]},"52o":{"weight":0.0,"played":[0.0,1.0],"evs":[0.0,5.35926]},"62o":{"weight":0.0,"played":[0.0,1.0],"evs":[0.0,4.62687]},"72o":{"weight":0.0,"played":[0.0,1.0],"evs":[0.0,3.8136]},"82o":{"weight":0.0,"played":[0.0,1.0],"evs":[0.0,3.82403]},"92o":{"weight":0.0,"played":[0.0,1.0],"evs":[0.0,4.23582]},"T2o":{"weight":0.0,"played":[0.0,1.0],"evs":[0.0,3.98882]},"J2o":{"weight":0.0,"played":[0.0,1.0],"evs":[0.0,4.00762]},"Q2o":{"weight":0.0,"played":[0.0,1.0],"evs":[0.0,4.08095]},"K2o":{"weight":0.0,"played":[0.0,1.0],"evs":[0.0,4.20311]},"A2o":{"weight":0.0,"played":[0.0,1.0],"evs":[0.0,4.76536]},"32s":{"weight":0.0,"played":[0.0,1.0],"evs":[0.0,6.38433]},"33":{"weight":0.4383,"played":[0.0,1.0],"evs":[0.0,7.60082]},"43o":{"weight":0.0,"played":[0.0,1.0],"evs":[0.0,5.82011]},"53o":{"weight":0.0,"played":[0.0,1.0],"evs":[0.0,5.83512]},"63o":{"weight":0.0,"played":[0.0,1.0],"evs":[0.0,5.21607]},"73o":{"weight":0.0,"played":[0.0,1.0],"evs":[0.0,4.34225]},"83o":{"weight":0.0,"played":[0.0,1.0],"evs":[0.0,4.01947]},"93o":{"weight":0.0,"played":[0.0,1.0],"evs":[0.0,4.00216]},"T3o":{"weight":0.0,"played":[0.0,1.0],"evs":[0.0,4.16088]},"J3o":{"weight":0.0,"played":[0.0,1.0],"evs":[0.0,4.35869]},"Q3o":{"weight":0.0,"played":[0.0,1.0],"evs":[0.0,4.40712]},"K3o":{"weight":0.0,"played":[0.0,1.0],"evs":[0.0,4.64653]},"A3o":{"weight":0.0,"played":[0.0,1.0],"evs":[0.0,5.18465]},"42s":{"weight":0.0,"played":[0.0,1.0],"evs":[0.0,7.23185]},"43s":{"weight":0.0,"played":[0.0,1.0],"evs":[0.0,7.5274]},"44":{"weight":0.5299,"played":[0.0,1.0],"evs":[0.0,8.08141]},"54o":{"weight":0.0,"played":[0.0,1.0],"evs":[0.0,6.50583]},"64o":{"weight":0.0,"played":[0.0,1.0],"evs":[0.0,6.15376]},"74o":{"weight":0.0,"played":[0.0,1.0],"evs":[0.0,5.21619]},"84o":{"weight":0.0,"played":[0.0,1.0],"evs":[0.0,4.70889]},"94o":{"weight":0.0,"played":[0.0,1.0],"evs":[0.0,4.07026]},"T4o":{"weight":0.0,"played":[0.0,1.0],"evs":[0.0,4.50522]},"J4o":{"weight":0.0,"played":[0.0,1.0],"evs":[0.0,4.239]},"Q4o":{"weight":0.0,"played":[0.0,1.0],"evs":[0.0,4.3089]},"K4o":{"weight":0.0,"played":[0.0,1.0],"evs":[0.0,4.91483]},"A4o":{"weight":0.0,"played":[0.0,1.0],"evs":[0.0,5.99512]},"52s":{"weight":0.0,"played":[0.0,1.0],"evs":[0.0,6.78902]},"53s":{"weight":0.0,"played":[0.0,1.0],"evs":[0.0,7.5972]},"54s":{"weight":0.0,"played":[0.0,1.0],"evs":[0.0,8.2426]},"55":{"weight":0.5977,"played":[0.0,1.0],"evs":[0.0,8.88169]},"65o":{"weight":0.0,"played":[0.0,1.0],"evs":[0.0,6.58414]},"75o":{"weight":0.0,"played":[0.0,1.0],"evs":[0.0,6.23009]},"85o":{"weight":0.0,"played":[0.0,1.0],"evs":[0.0,5.4371]},"95o":{"weight":0.0,"played":[0.0,1.0],"evs":[0.0,4.89975]},"T5o":{"weight":0.0,"played":[0.0,1.0],"evs":[0.0,4.18224]},"J5o":{"weight":0.0,"played":[0.0,1.0],"evs":[0.0,4.8717]},"Q5o":{"weight":0.0,"played":[0.0,1.0],"evs":[0.0,4.37523]},"K5o":{"weight":0.0,"played":[0.0,1.0],"evs":[0.0,5.34545]},"A5o":{"weight":0.0,"played":[0.0,1.0],"evs":[0.0,6.2462]},"62s":{"weight":0.0,"played":[0.0,1.0],"evs":[0.0,6.52667]},"63s":{"weight":0.0,"played":[0.0,1.0],"evs":[0.0,7.4537]},"64s":{"weight":0.0,"played":[0.0,1.0],"evs":[0.0,7.42935]},"65s":{"weight":0.0,"played":[0.0,1.0],"evs":[0.0,8.14497]},"66":{"weight":0.5699,"played":[0.0,1.0],"evs":[0.0,9.20849]},"76o":{"weight":0.0,"played":[0.0,1.0],"evs":[0.0,6.66218]},"86o":{"weight":0.0,"played":[0.0,1.0],"evs":[0.0,6.19277]},"96o":{"weight":0.0,"played":[0.0,1.0],"evs":[0.0,5.28574]},"T6o":{"weight":0.0,"played":[0.0,1.0],"evs":[0.0,4.82893]},"J6o":{"weight":0.0,"played":[0.0,1.0],"evs":[0.0,4.59842]},"Q6o":{"weight":0.0,"played":[0.0,1.0],"evs":[0.0,4.78259]},"K6o":{"weight":0.0,"played":[0.0,1.0],"evs":[0.0,5.34633]},"A6o":{"weight":0.0,"played":[0.0,1.0],"evs":[0.0,4.68948]},"72s":{"weight":0.0,"played":[0.0,1.0],"evs":[0.0,5.90907]},"73s":{"weight":0.0,"played":[0.0,1.0],"evs":[0.0,6.83829]},"74s":{"weight":0.0,"played":[0.0,1.0],"evs":[0.0,7.38712]},"75s":{"weight":0.0,"played":[0.0,1.0],"evs":[0.0,7.80585]},"76s":{"weight":0.0,"played":[0.0,1.0],"evs":[0.0,8.56437]},"77":{"weight":0.5073,"played":[0.0,1.0],"evs":[0.0,9.71553]},"87o":{"weight":0.0,"played":[0.0,1.0],"evs":[0.0,6.30608]},"97o":{"weight":0.0,"played":[0.0,1.0],"evs":[0.0,6.3431]},"T7o":{"weight":0.0,"played":[0.0,1.0],"evs":[0.0,5.54033]},"J7o":{"weight":0.0,"played":[0.0,1.0],"evs":[0.0,5.21022]},"Q7o":{"weight":0.0,"played":[0.0,1.0],"evs":[0.0,4.61364]},"K7o":{"weight":0.0,"played":[0.0,1.0],"evs":[0.0,5.60867]},"A7o":{"weight":0.0,"played":[0.0,1.0],"evs":[0.0,5.45697]},"82s":{"weight":0.0,"played":[0.0,1.0],"evs":[0.0,6.25926]},"83s":{"weight":0.0,"played":[0.0,1.0],"evs":[0.0,5.63989]},"84s":{"weight":0.0,"played":[0.0,1.0],"evs":[0.0,6.26795]},"85s":{"weight":0.0,"played":[0.0,1.0],"evs":[0.0,7.22294]},"86s":{"weight":0.0,"played":[0.0,1.0],"evs":[0.0,7.78474]},"87s":{"weight":0.0,"played":[0.0,1.0],"evs":[0.0,9.29691]},"88":{"weight":0.4501,"played":[0.0,1.0],"evs":[0.0,10.42166]},"98o":{"weight":0.0,"played":[0.0,1.0],"evs":[0.0,6.72203]},"T8o":{"weight":0.0,"played":[0.0,1.0],"evs":[0.0,6.23057]},"J8o":{"weight":0.0,"played":[0.0,1.0],"evs":[0.0,5.90709]},"Q8o":{"weight":0.0,"played":[0.0,1.0],"evs":[0.0,5.17927]},"K8o":{"weight":0.0,"played":[0.0,1.0],"evs":[0.0,5.27854]},"A8o":{"weight":0.5893,"played":[0.0,1.0],"evs":[0.0,5.22854]},"92s":{"weight":0.0,"played":[0.0,1.0],"evs":[0.0,6.16752]},"93s":{"weight":0.0,"played":[0.0,1.0],"evs":[0.0,6.3118]},"94s":{"weight":0.0,"played":[0.0,1.0],"evs":[0.0,6.25119]},"95s":{"weight":0.0,"played":[0.0,1.0],"evs":[0.0,7.08658]},"96s":{"weight":0.0,"played":[0.0,1.0],"evs":[0.0,7.55197]},"97s":{"weight":0.0,"played":[0.0,1.0],"evs":[0.0,8.07073]},"98s":{"weight":0.001,"played":[0.0,1.0],"evs":[0.0,8.57771]},"99":{"weight":0.5498,"played":[0.0,1.0],"evs":[0.0,11.41308]},"T9o":{"weight":0.0,"played":[0.0,1.0],"evs":[0.0,6.52301]},"J9o":{"weight":0.0,"played":[0.0,1.0],"evs":[0.0,6.92179]},"Q9o":{"weight":0.0,"played":[0.0,1.0],"evs":[0.0,5.82045]},"K9o":{"weight":0.0,"played":[0.0,1.0],"evs":[0.0,5.74545]},"A9o":{"weight":0.5588,"played":[0.0,1.0],"evs":[0.0,5.79362]},"T2s":{"weight":0.0,"played":[0.0,1.0],"evs":[0.0,5.79234]},"T3s":{"weight":0.0,"played":[0.0,1.0],"evs":[0.0,6.1809]},"T4s":{"weight":0.0,"played":[0.0,1.0],"evs":[0.0,6.13089]},"T5s":{"weight":0.0,"played":[0.0,1.0],"evs":[0.0,6.47763]},"T6s":{"weight":0.0,"played":[0.0,1.0],"evs":[0.0,7.34219]},"T7s":{"weight":0.0,"played":[0.0,1.0],"evs":[0.0,7.34805]},"T8s":{"weight":0.0,"played":[0.0,1.0],"evs":[0.0,7.61475]},"T9s":{"weight":0.4861,"played":[0.0,1.0],"evs":[0.0,9.11569]},"TT":{"weight":0.5349,"played":[0.0,1.0],"evs":[0.0,13.10297]},"JTo":{"weight":0.0,"played":[0.0,1.0],"evs":[0.0,6.89888]},"QTo":{"weight":0.0,"played":[0.0,1.0],"evs":[0.0,7.35687]},"KTo":{"weight":0.2929,"played":[0.0,1.0],"evs":[0.0,6.96994]},"ATo":{"weight":0.4097,"played":[0.0,1.0],"evs":[0.0,6.98954]},"J2s":{"weight":0.0,"played":[0.0,1.0],"evs":[0.0,6.52587]},"J3s":{"weight":0.0,"played":[0.0,1.0],"evs":[0.0,7.21975]},"J4s":{"weight":0.0,"played":[0.0,1.0],"evs":[0.0,6.79897]},"J5s":{"weight":0.0,"played":[0.0,1.0],"evs":[0.0,6.87054]},"J6s":{"weight":0.0,"played":[0.0,1.0],"evs":[0.0,7.01804]},"J7s":{"weight":0.0,"played":[0.0,1.0],"evs":[0.0,7.33021]},"J8s":{"weight":0.0,"played":[0.0,1.0],"evs":[0.0,7.79883]},"J9s":{"weight":0.5689,"played":[0.0,1.0],"evs":[0.0,8.66065]},"JTs":{"weight":0.5793,"played":[0.0,1.0],"evs":[0.0,8.95877]},"JJ":{"weight":0.396,"played":[0.0,1.0],"evs":[0.0,14.93685]},"QJo":{"weight":0.2782,"played":[0.0,1.0],"evs":[0.0,7.43579]},"KJo":{"weight":0.2738,"played":[0.0,1.0],"evs":[0.0,7.5571]},"AJo":{"weight":0.3797,"played":[0.0,1.0],"evs":[0.0,7.97414]},"Q2s":{"weight":0.0,"played":[0.0,1.0],"evs":[0.0,5.52262]},"Q3s":{"weight":0.0,"played":[0.0,1.0],"evs":[0.0,6.37353]},"Q4s":{"weight":0.0,"played":[0.0,1.0],"evs":[0.0,6.13903]},"Q5s":{"weight":0.0,"played":[0.0,1.0],"evs":[0.0,6.66503]},"Q6s":{"weight":0.0,"played":[0.0,1.0],"evs":[0.0,7.06121]},"Q7s":{"weight":0.0,"played":[0.0,1.0],"evs":[0.0,7.42549]},"Q8s":{"weight":0.0,"played":[0.0,1.0],"evs":[0.0,7.02777]},"Q9s":{"weight":0.4827,"played":[0.0,1.0],"evs":[0.0,8.44277]},"QTs":{"weight":0.6777,"played":[0.0,1.0],"evs":[0.0,9.19085]},"QJs":{"weight":0.5891,"played":[0.0,1.0],"evs":[0.0,9.20524]},"QQ":{"weight":0.4548,"played":[0.0,1.0],"evs":[0.0,18.29728]},"KQo":{"weight":0.4037,"played":[0.0,1.0],"evs":[0.0,8.41283]},"AQo":{"weight":0.3365,"played":[0.0,1.0],"evs":[0.0,9.61469]},"K2s":{"weight":0.0,"played":[0.0,1.0],"evs":[0.0,6.6335]},"K3s":{"weight":0.0,"played":[0.0,1.0],"evs":[0.0,7.29438]},"K4s":{"weight":0.0,"played":[1.0E-4,0.9999],"evs":[0.0,7.41241]},"K5s":{"weight":0.0,"played":[0.0,1.0],"evs":[0.0,7.27839]},"K6s":{"weight":0.0,"played":[0.0,1.0],"evs":[0.0,7.51779]},"K7s":{"weight":0.0,"played":[0.0,1.0],"evs":[0.0,7.19012]},"K8s":{"weight":0.0,"played":[0.0,1.0],"evs":[0.0,8.00646]},"K9s":{"weight":0.4806,"played":[0.0,1.0],"evs":[0.0,7.91096]},"KTs":{"weight":0.6465,"played":[0.0,1.0],"evs":[0.0,9.61791]},"KJs":{"weight":0.6887,"played":[0.0,1.0],"evs":[0.0,9.55883]},"KQs":{"weight":0.3333,"played":[0.0,1.0],"evs":[0.0,10.11914]},"KK":{"weight":0.4017,"played":[0.0,1.0],"evs":[0.0,22.623]},"AKo":{"weight":0.4314,"played":[0.0,1.0],"evs":[0.0,10.82165]},"A2s":{"weight":0.0119,"played":[0.0,1.0],"evs":[0.0,7.63687]},"A3s":{"weight":0.2077,"played":[0.0,1.0],"evs":[0.0,7.86462]},"A4s":{"weight":0.5582,"played":[0.0,1.0],"evs":[0.0,7.33171]},"A5s":{"weight":0.4655,"played":[0.0,1.0],"evs":[0.0,7.86671]},"A6s":{"weight":0.4357,"played":[0.0,1.0],"evs":[0.0,7.84961]},"A7s":{"weight":0.3544,"played":[0.0,1.0],"evs":[0.0,7.48164]},"A8s":{"weight":0.5733,"played":[0.0,1.0],"evs":[0.0,7.61931]},"A9s":{"weight":0.6908,"played":[0.0,1.0],"evs":[0.0,8.73334]},"ATs":{"weight":0.4826,"played":[0.0,1.0],"evs":[0.0,9.28235]},"AJs":{"weight":0.3996,"played":[0.0,1.0],"evs":[0.0,10.7454]},"AQs":{"weight":0.3819,"played":[0.0,1.0],"evs":[0.0,12.15115]},"AKs":{"weight":0.2511,"played":[0.0,1.0],"evs":[0.0,13.48187]},"AA":{"weight":0.5012,"played":[0.0,1.0],"evs":[0.0,27.70862]}}}