{"player":5,"street":0,"children":2,"sequence":[{"player":0,"type":"F","amount":0,"street":0},{"player":1,"type":"R","amount":785000,"street":0},{"player":2,"type":"R","amount":985000,"street":0},{"player":3,"type":"R","amount":1565000,"street":0},{"player":4,"type":"C","amount":1515000,"street":0}],"actions":[{"type":"F","amount":0},{"type":"C","amount":845000}],"hands":{"22":{"weight":1.0,"played":[0.9652,0.0348],"evs":[0.0,-0.25061]},"32o":{"weight":1.0,"played":[1.0,0.0],"evs":[0.0,-2.7601]},"42o":{"weight":1.0,"played":[1.0,0.0],"evs":[0.0,-2.54728]},"52o":{"weight":1.0,"played":[1.0,0.0],"evs":[0.0,-2.44125]},"62o":{"weight":1.0,"played":[1.0,0.0],"evs":[0.0,-2.88995]},"72o":{"weight":1.0,"played":[1.0,0.0],"evs":[0.0,-3.35788]},"82o":{"weight":1.0,"played":[1.0,0.0],"evs":[0.0,-3.17905]},"92o":{"weight":1.0,"played":[1.0,0.0],"evs":[0.0,-3.32722]},"T2o":{"weight":1.0,"played":[1.0,0.0],"evs":[0.0,-3.87087]},"J2o":{"weight":1.0,"played":[1.0,0.0],"evs":[0.0,-3.69346]},"Q2o":{"weight":1.0,"played":[1.0,0.0],"evs":[0.0,-3.30551]},"K2o":{"weight":1.0,"played":[1.0,0.0],"evs":[0.0,-3.68629]},"A2o":{"weight":1.0,"played":[1.0,0.0],"evs":[0.0,-3.32932]},"32s":{"weight":1.0,"played":[0.9999,1.0E-4],"evs":[0.0,-1.09707]},"33":{"weight":1.0,"played":[0.5699,0.4301],"evs":[0.0,-0.01172]},"43o":{"weight":1.0,"played":[0.9998,2.0E-4],"evs":[0.0,-1.90878]},"53o":{"weight":1.0,"played":[1.0,0.0],"evs":[0.0,-1.50523]},"63o":{"weight":1.0,"played":[1.0,0.0],"evs":[0.0,-1.91303]},"73o":{"weight":1.0,"played":[1.0,0.0],"evs":[0.0,-2.78366]},"83o":{"weight":1.0,"played":[1.0,0.0],"evs":[0.0,-3.35649]},"93o":{"weight":1.0,"played":[1.0,0.0],"evs":[0.0,-3.4818]},"T3o":{"weight":1.0,"played":[1.0,0.0],"evs":[0.0,-3.43529]},"J3o":{"weight":1.0,"played":[1.0,0.0],"evs":[0.0,-3.70209]},"Q3o":{"weight":1.0,"played":[1.0,0.0],"evs":[0.0,-3.3364]},"K3o":{"weight":1.0,"played":[1.0,0.0],"evs":[0.0,-3.19477]},"A3o":{"weight":1.0,"played":[1.0,0.0],"evs":[0.0,-3.30189]},"42s":{"weight":1.0,"played":[0.9998,2.0E-4],"evs":[0.0,-0.72182]},"43s":{"weight":1.0,"played":[0.9842,0.0158],"evs":[0.0,-0.26463]},"44":{"weight":1.0,"played":[0.058,0.942],"evs":[0.0,0.29987]},"54o":{"weight":1.0,"played":[0.9996,4.0E-4],"evs":[0.0,-0.91804]},"64o":{"weight":1.0,"played":[0.9998,2.0E-4],"evs":[0.0,-1.19999]},"74o":{"weight":1.0,"played":[0.9999,1.0E-4],"evs":[0.0,-2.20124]},"84o":{"weight":1.0,"played":[1.0,0.0],"evs":[0.0,-2.77802]},"94o":{"weight":1.0,"played":[1.0,0.0],"evs":[0.0,-3.46368]},"T4o":{"weight":1.0,"played":[1.0,0.0],"evs":[0.0,-3.69301]},"J4o":{"weight":1.0,"played":[1.0,0.0],"evs":[0.0,-3.53161]},"Q4o":{"weight":1.0,"played":[1.0,0.0],"evs":[0.0,-3.18092]},"K4o":{"weight":1.0,"played":[1.0,0.0],"evs":[0.0,-3.32384]},"A4o":{"weight":1.0,"played":[0.9993,7.0E-4],"evs":[0.0,-2.93468]},"52s":{"weight":1.0,"played":[0.9969,0.0031],"evs":[0.0,-0.37221]},"53s":{"weight":1.0,"played":[0.2295,0.7705],"evs":[0.0,0.16951]},"54s":{"weight":1.0,"played":[0.0055,0.9945],"evs":[0.0,1.1159]},"55":{"weight":1.0,"played":[2.0E-4,0.9998],"evs":[0.0,1.2161]},"65o":{"weight":1.0,"played":[0.9981,0.0019],"evs":[0.0,-0.40429]},"75o":{"weight":1.0,"played":[1.0,0.0],"evs":[0.0,-1.28767]},"85o":{"weight":1.0,"played":[0.9999,1.0E-4],"evs":[0.0,-1.62832]},"95o":{"weight":1.0,"played":[1.0,0.0],"evs":[0.0,-2.59729]},"T5o":{"weight":1.0,"played":[1.0,0.0],"evs":[0.0,-3.33942]},"J5o":{"weight":1.0,"played":[1.0,0.0],"evs":[0.0,-3.28219]},"Q5o":{"weight":1.0,"played":[1.0,0.0],"evs":[0.0,-2.80961]},"K5o":{"weight":1.0,"played":[0.9999,1.0E-4],"evs":[0.0,-2.67031]},"A5o":{"weight":1.0,"played":[1.0,0.0],"evs":[0.0,-2.55654]},"62s":{"weight":1.0,"played":[0.9998,2.0E-4],"evs":[0.0,-0.7918]},"63s":{"weight":1.0,"played":[0.7306,0.2694],"evs":[0.0,-0.15635]},"64s":{"weight":1.0,"played":[0.0915,0.9085],"evs":[0.0,0.56406]},"65s":{"weight":1.0,"played":[0.0,1.0],"evs":[0.0,1.22465]},"66":{"weight":1.0,"played":[3.0E-4,0.9997],"evs":[0.0,1.79987]},"76o":{"weight":1.0,"played":[0.9998,2.0E-4],"evs":[0.0,-0.68937]},"86o":{"weight":1.0,"played":[0.9999,1.0E-4],"evs":[0.0,-0.96513]},"96o":{"weight":1.0,"played":[1.0,0.0],"evs":[0.0,-1.79214]},"T6o":{"weight":1.0,"played":[1.0,0.0],"evs":[0.0,-2.32632]},"J6o":{"weight":1.0,"played":[1.0,0.0],"evs":[0.0,-3.09605]},"Q6o":{"weight":1.0,"played":[1.0,0.0],"evs":[0.0,-2.7246]},"K6o":{"weight":1.0,"played":[1.0,0.0],"evs":[0.0,-2.70408]},"A6o":{"weight":1.0,"played":[1.0,0.0],"evs":[0.0,-3.10534]},"72s":{"weight":1.0,"played":[0.9988,0.0012],"evs":[0.0,-1.95505]},"73s":{"weight":1.0,"played":[0.9993,7.0E-4],"evs":[0.0,-0.84218]},"74s":{"weight":1.0,"played":[0.9806,0.0194],"evs":[0.0,-0.53778]},"75s":{"weight":1.0,"played":[0.0039,0.9961],"evs":[0.0,0.24618]},"76s":{"weight":1.0,"played":[0.013,0.987],"evs":[0.0,1.25581]},"77":{"weight":1.0,"played":[0.0,1.0],"evs":[0.0,2.06504]},"87o":{"weight":1.0,"played":[0.9999,1.0E-4],"evs":[0.0,-1.03446]},"97o":{"weight":1.0,"played":[1.0,0.0],"evs":[0.0,-1.37185]},"T7o":{"weight":1.0,"played":[0.9999,1.0E-4],"evs":[0.0,-2.0084]},"J7o":{"weight":1.0,"played":[1.0,0.0],"evs":[0.0,-2.76943]},"Q7o":{"weight":1.0,"played":[0.9999,1.0E-4],"evs":[0.0,-2.61395]},"K7o":{"weight":1.0,"played":[0.9999,1.0E-4],"evs":[0.0,-2.52187]},"A7o":{"weight":1.0,"played":[1.0,0.0],"evs":[0.0,-2.86642]},"82s":{"weight":1.0,"played":[0.9997,3.0E-4],"evs":[0.0,-1.74038]},"83s":{"weight":1.0,"played":[0.9999,1.0E-4],"evs":[0.0,-1.46207]},"84s":{"weight":1.0,"played":[0.9994,6.0E-4],"evs":[0.0,-0.82608]},"85s":{"weight":1.0,"played":[0.6916,0.3084],"evs":[0.0,-0.25809]},"86s":{"weight":1.0,"played":[0.0572,0.9428],"evs":[0.0,0.59706]},"87s":{"weight":1.0,"played":[0.0036,0.9964],"evs":[0.0,1.05084]},"88":{"weight":1.0,"played":[0.0,1.0],"evs":[0.0,2.59742]},"98o":{"weight":1.0,"played":[1.0,0.0],"evs":[0.0,-1.00935]},"T8o":{"weight":1.0,"played":[1.0,0.0],"evs":[0.0,-1.54758]},"J8o":{"weight":1.0,"played":[1.0,0.0],"evs":[0.0,-2.21166]},"Q8o":{"weight":1.0,"played":[1.0,0.0],"evs":[0.0,-2.59993]},"K8o":{"weight":1.0,"played":[0.9999,1.0E-4],"evs":[0.0,-2.65223]},"A8o":{"weight":1.0,"played":[1.0,0.0],"evs":[0.0,-2.61842]},"92s":{"weight":1.0,"played":[0.9997,3.0E-4],"evs":[0.0,-1.2058]},"93s":{"weight":1.0,"played":[0.9996,4.0E-4],"evs":[0.0,-1.42127]},"94s":{"weight":1.0,"played":[0.9979,0.0021],"evs":[0.0,-1.10999]},"95s":{"weight":1.0,"played":[0.8485,0.1515],"evs":[0.0,0.00571]},"96s":{"weight":1.0,"played":[0.6526,0.3474],"evs":[0.0,0.03666]},"97s":{"weight":1.0,"played":[0.1609,0.8391],"evs":[0.0,0.70781]},"98s":{"weight":1.0,"played":[0.0897,0.9103],"evs":[0.0,1.14251]},"99":{"weight":1.0,"played":[0.0,1.0],"evs":[0.0,3.60777]},"T9o":{"weight":1.0,"played":[1.0,0.0],"evs":[0.0,-1.00858]},"J9o":{"weight":1.0,"played":[1.0,0.0],"evs":[0.0,-1.56388]},"Q9o":{"weight":1.0,"played":[0.9998,2.0E-4],"evs":[0.0,-1.79139]},"K9o":{"weight":1.0,"played":[1.0,0.0],"evs":[0.0,-2.02808]},"A9o":{"weight":1.0,"played":[0.9998,2.0E-4],"evs":[0.0,-2.32546]},"T2s":{"weight":1.0,"played":[0.9995,5.0E-4],"evs":[0.0,-1.81911]},"T3s":{"weight":1.0,"played":[1.0,0.0],"evs":[0.0,-1.28207]},"T4s":{"weight":1.0,"played":[1.0,0.0],"evs":[0.0,-1.4215]},"T5s":{"weight":1.0,"played":[0.9962,0.0038],"evs":[0.0,-1.28886]},"T6s":{"weight":1.0,"played":[0.9999,1.0E-4],"evs":[0.0,-0.72804]},"T7s":{"weight":1.0,"played":[0.4621,0.5379],"evs":[0.0,8.9E-4]},"T8s":{"weight":1.0,"played":[0.023,0.977],"evs":[0.0,0.42369]},"T9s":{"weight":1.0,"played":[0.0484,0.9516],"evs":[0.0,0.33821]},"TT":{"weight":1.0,"played":[0.0,1.0],"evs":[0.0,4.76359]},"JTo":{"weight":1.0,"played":[0.9998,2.0E-4],"evs":[0.0,-1.04545]},"QTo":{"weight":1.0,"played":[0.9993,7.0E-4],"evs":[0.0,-1.36265]},"KTo":{"weight":1.0,"played":[0.9999,1.0E-4],"evs":[0.0,-1.35448]},"ATo":{"weight":1.0,"played":[0.9848,0.0152],"evs":[0.0,-1.35293]},"J2s":{"weight":1.0,"played":[0.9891,0.0109],"evs":[0.0,-1.42086]},"J3s":{"weight":1.0,"played":[1.0,0.0],"evs":[0.0,-1.65946]},"J4s":{"weight":1.0,"played":[0.9964,0.0036],"evs":[0.0,-1.82864]},"J5s":{"weight":1.0,"played":[0.9964,0.0036],"evs":[0.0,-1.27402]},"J6s":{"weight":1.0,"played":[0.9949,0.0051],"evs":[0.0,-1.19215]},"J7s":{"weight":1.0,"played":[0.8925,0.1075],"evs":[0.0,-0.72889]},"J8s":{"weight":1.0,"played":[0.9819,0.0181],"evs":[0.0,-0.56903]},"J9s":{"weight":1.0,"played":[0.0018,0.9982],"evs":[0.0,0.19062]},"JTs":{"weight":1.0,"played":[2.0E-4,0.9998],"evs":[0.0,0.56433]},"JJ":{"weight":1.0,"played":[0.0,1.0],"evs":[0.0,7.22345]},"QJo":{"weight":1.0,"played":[0.9991,9.0E-4],"evs":[0.0,-0.97794]},"KJo":{"weight":1.0,"played":[0.999,0.001],"evs":[0.0,-0.83621]},"AJo":{"weight":1.0,"played":[0.9441,0.0559],"evs":[0.0,-0.41411]},"Q2s":{"weight":1.0,"played":[0.9999,1.0E-4],"evs":[0.0,-1.61345]},"Q3s":{"weight":1.0,"played":[0.9719,0.0281],"evs":[0.0,-0.93557]},"Q4s":{"weight":1.0,"played":[0.9963,0.0037],"evs":[0.0,-1.2509]},"Q5s":{"weight":1.0,"played":[0.9932,0.0068],"evs":[0.0,-1.13147]},"Q6s":{"weight":1.0,"played":[0.9981,0.0019],"evs":[0.0,-0.77545]},"Q7s":{"weight":1.0,"played":[0.969,0.031],"evs":[0.0,-0.57861]},"Q8s":{"weight":1.0,"played":[0.7919,0.2081],"evs":[0.0,-0.09988]},"Q9s":{"weight":1.0,"played":[0.6599,0.3401],"evs":[0.0,-0.0851]},"QTs":{"weight":1.0,"played":[0.1289,0.8711],"evs":[0.0,0.60669]},"QJs":{"weight":1.0,"played":[4.0E-4,0.9996],"evs":[0.0,1.28638]},"QQ":{"weight":1.0,"played":[0.0,1.0],"evs":[0.0,9.7242]},"KQo":{"weight":1.0,"played":[0.0096,0.9904],"evs":[0.0,0.45098]},"AQo":{"weight":1.0,"played":[0.0,1.0],"evs":[0.0,0.82794]},"K2s":{"weight":1.0,"played":[0.9995,5.0E-4],"evs":[0.0,-1.51291]},"K3s":{"weight":1.0,"played":[0.9997,3.0E-4],"evs":[0.0,-1.3115]},"K4s":{"weight":1.0,"played":[0.9524,0.0476],"evs":[0.0,-0.97543]},"K5s":{"weight":1.0,"played":[0.9959,0.0041],"evs":[0.0,-0.5469]},"K6s":{"weight":1.0,"played":[0.9904,0.0096],"evs":[0.0,-0.33998]},"K7s":{"weight":1.0,"played":[0.7373,0.2627],"evs":[0.0,-0.56904]},"K8s":{"weight":1.0,"played":[0.9867,0.0133],"evs":[0.0,-0.74169]},"K9s":{"weight":1.0,"played":[0.4752,0.5248],"evs":[0.0,-0.25735]},"KTs":{"weight":1.0,"played":[0.0014,0.9986],"evs":[0.0,0.45318]},"KJs":{"weight":1.0,"played":[3.0E-4,0.9997],"evs":[0.0,1.04351]},"KQs":{"weight":1.0,"played":[0.0,1.0],"evs":[0.0,2.06323]},"KK":{"weight":1.0,"played":[0.0,1.0],"evs":[0.0,14.09169]},"AKo":{"weight":1.0,"played":[0.0,1.0],"evs":[0.0,2.37431]},"A2s":{"weight":1.0,"played":[0.9998,2.0E-4],"evs":[0.0,-1.40073]},"A3s":{"weight":1.0,"played":[0.9389,0.0611],"evs":[0.0,-0.81839]},"A4s":{"weight":1.0,"played":[0.9974,0.0026],"evs":[0.0,-0.92858]},"A5s":{"weight":1.0,"played":[0.9455,0.0545],"evs":[0.0,-0.48379]},"A6s":{"weight":1.0,"played":[0.9824,0.0176],"evs":[0.0,-0.67766]},"A7s":{"weight":1.0,"played":[0.969,0.031],"evs":[0.0,-0.52152]},"A8s":{"weight":1.0,"played":[0.9903,0.0097],"evs":[0.0,-0.49908]},"A9s":{"weight":1.0,"played":[0.6711,0.3289],"evs":[0.0,0.09221]},"ATs":{"weight":1.0,"played":[4.0E-4,0.9996],"evs":[0.0,0.51991]},"AJs":{"weight":1.0,"played":[0.0,1.0],"evs":[0.0,1.76222]},"AQs":{"weight":1.0,"played":[0.0,1.0],"evs":[0.0,3.59039]},"AKs":{"weight":1.0,"played":[4.0E-4,0.9996],"evs":[0.0,4.90187]},"AA":{"weight":1.0,"played":[0.0,1.0],"evs":[0.0,19.61559]}}}