{"player":4,"street":0,"children":2,"sequence":[{"player":0,"type":"R","amount":200000,"street":0},{"player":1,"type":"F","amount":0,"street":0},{"player":2,"type":"F","amount":0,"street":0},{"player":3,"type":"F","amount":0,"street":0},{"player":4,"type":"C","amount":150000,"street":0},{"player":5,"type":"R","amount":945000,"street":0},{"player":0,"type":"R","amount":1465000,"street":0}],"actions":[{"type":"F","amount":0},{"type":"C","amount":1265000}],"hands":{"22":{"weight":0.5068,"played":[0.0,1.0],"evs":[0.0,1.52601]},"32o":{"weight":0.0,"played":[1.0,0.0],"evs":[0.0,-3.50174]},"42o":{"weight":0.0,"played":[1.0,0.0],"evs":[0.0,-3.16446]},"52o":{"weight":0.0,"played":[1.0,0.0],"evs":[0.0,-2.83313]},"62o":{"weight":0.0,"played":[1.0,0.0],"evs":[0.0,-3.4322]},"72o":{"weight":0.0,"played":[1.0,0.0],"evs":[0.0,-4.29317]},"82o":{"weight":0.0,"played":[1.0,0.0],"evs":[0.0,-4.47476]},"92o":{"weight":0.0,"played":[1.0,0.0],"evs":[0.0,-4.46951]},"T2o":{"weight":0.0,"played":[1.0,0.0],"evs":[0.0,-4.01952]},"J2o":{"weight":0.0,"played":[1.0,0.0],"evs":[0.0,-3.58758]},"Q2o":{"weight":0.0,"played":[1.0,0.0],"evs":[0.0,-2.92918]},"K2o":{"weight":0.0,"played":[1.0,0.0],"evs":[0.0,-2.02396]},"A2o":{"weight":3.0E-4,"played":[1.0,0.0],"evs":[0.0,-1.90185]},"32s":{"weight":0.0,"played":[1.0,0.0],"evs":[0.0,-1.76425]},"33":{"weight":0.0011,"played":[0.0,1.0],"evs":[0.0,2.19567]},"43o":{"weight":0.0,"played":[1.0,0.0],"evs":[0.0,-2.32636]},"53o":{"weight":0.0,"played":[1.0,0.0],"evs":[0.0,-2.03784]},"63o":{"weight":0.0,"played":[1.0,0.0],"evs":[0.0,-2.49764]},"73o":{"weight":0.0,"played":[1.0,0.0],"evs":[0.0,-3.46924]},"83o":{"weight":0.0,"played":[1.0,0.0],"evs":[0.0,-4.27593]},"93o":{"weight":0.0,"played":[1.0,0.0],"evs":[0.0,-4.1669]},"T3o":{"weight":0.0,"played":[1.0,0.0],"evs":[0.0,-3.64129]},"J3o":{"weight":0.0,"played":[1.0,0.0],"evs":[0.0,-3.24159]},"Q3o":{"weight":0.0,"played":[1.0,0.0],"evs":[0.0,-2.58114]},"K3o":{"weight":0.0,"played":[1.0,0.0],"evs":[0.0,-1.73118]},"A3o":{"weight":0.5347,"played":[0.9997,3.0E-4],"evs":[0.0,-1.56998]},"42s":{"weight":0.0,"played":[0.9999,1.0E-4],"evs":[0.0,-1.51042]},"43s":{"weight":0.8596,"played":[0.9952,0.0048],"evs":[0.0,-0.47]},"44":{"weight":0.0,"played":[0.0,1.0],"evs":[0.0,2.74729]},"54o":{"weight":0.0,"played":[0.9999,1.0E-4],"evs":[0.0,-1.15576]},"64o":{"weight":0.0,"played":[1.0,0.0],"evs":[0.0,-1.79389]},"74o":{"weight":0.0,"played":[1.0,0.0],"evs":[0.0,-2.61034]},"84o":{"weight":0.0,"played":[1.0,0.0],"evs":[0.0,-3.39682]},"94o":{"weight":0.0,"played":[1.0,0.0],"evs":[0.0,-4.1212]},"T4o":{"weight":0.0,"played":[1.0,0.0],"evs":[0.0,-3.55973]},"J4o":{"weight":0.0,"played":[1.0,0.0],"evs":[0.0,-2.99284]},"Q4o":{"weight":0.0,"played":[1.0,0.0],"evs":[0.0,-2.34131]},"K4o":{"weight":0.0,"played":[1.0,0.0],"evs":[0.0,-1.62541]},"A4o":{"weight":0.6591,"played":[0.9997,3.0E-4],"evs":[0.0,-1.35505]},"52s":{"weight":0.0,"played":[0.9999,1.0E-4],"evs":[0.0,-1.16409]},"53s":{"weight":0.9852,"played":[0.9887,0.0113],"evs":[0.0,-0.39655]},"54s":{"weight":1.0,"played":[0.0,1.0],"evs":[0.0,0.29351]},"55":{"weight":0.0,"played":[0.0,1.0],"evs":[0.0,3.21047]},"65o":{"weight":0.0,"played":[1.0,0.0],"evs":[0.0,-0.9499]},"75o":{"weight":0.0,"played":[1.0,0.0],"evs":[0.0,-1.64705]},"85o":{"weight":0.0,"played":[1.0,0.0],"evs":[0.0,-2.46363]},"95o":{"weight":0.0,"played":[1.0,0.0],"evs":[0.0,-3.23802]},"T5o":{"weight":0.0,"played":[1.0,0.0],"evs":[0.0,-3.43264]},"J5o":{"weight":0.0,"played":[1.0,0.0],"evs":[0.0,-2.69173]},"Q5o":{"weight":0.0,"played":[1.0,0.0],"evs":[0.0,-1.9786]},"K5o":{"weight":0.0,"played":[1.0,0.0],"evs":[0.0,-1.22544]},"A5o":{"weight":0.0069,"played":[0.9997,3.0E-4],"evs":[0.0,-1.09169]},"62s":{"weight":0.0,"played":[1.0,0.0],"evs":[0.0,-1.80302]},"63s":{"weight":7.0E-4,"played":[0.9996,4.0E-4],"evs":[0.0,-0.87016]},"64s":{"weight":0.9998,"played":[0.7777,0.2223],"evs":[0.0,-0.05873]},"65s":{"weight":1.0,"played":[2.0E-4,0.9998],"evs":[0.0,0.75015]},"66":{"weight":0.0,"played":[0.0,1.0],"evs":[0.0,3.37963]},"76o":{"weight":0.0,"played":[1.0,0.0],"evs":[0.0,-0.98882]},"86o":{"weight":0.0,"played":[1.0,0.0],"evs":[0.0,-1.90523]},"96o":{"weight":0.0,"played":[1.0,0.0],"evs":[0.0,-2.54081]},"T6o":{"weight":0.0,"played":[1.0,0.0],"evs":[0.0,-2.64419]},"J6o":{"weight":0.0,"played":[1.0,0.0],"evs":[0.0,-2.72975]},"Q6o":{"weight":0.0,"played":[1.0,0.0],"evs":[0.0,-1.89579]},"K6o":{"weight":0.0,"played":[1.0,0.0],"evs":[0.0,-0.9723]},"A6o":{"weight":0.0576,"played":[1.0,0.0],"evs":[0.0,-1.65204]},"72s":{"weight":0.0,"played":[1.0,0.0],"evs":[0.0,-2.37517]},"73s":{"weight":0.0,"played":[1.0,0.0],"evs":[0.0,-1.56453]},"74s":{"weight":0.0,"played":[0.9976,0.0024],"evs":[0.0,-0.6129]},"75s":{"weight":0.9998,"played":[0.0351,0.9649],"evs":[0.0,0.13308]},"76s":{"weight":1.0,"played":[1.0E-4,0.9999],"evs":[0.0,0.43786]},"77":{"weight":0.0,"played":[0.0,1.0],"evs":[0.0,3.56984]},"87o":{"weight":0.0,"played":[1.0,0.0],"evs":[0.0,-1.54037]},"97o":{"weight":0.0,"played":[1.0,0.0],"evs":[0.0,-2.13589]},"T7o":{"weight":0.0,"played":[1.0,0.0],"evs":[0.0,-2.29562]},"J7o":{"weight":0.0,"played":[1.0,0.0],"evs":[0.0,-2.36318]},"Q7o":{"weight":0.0,"played":[1.0,0.0],"evs":[0.0,-2.21484]},"K7o":{"weight":0.0,"played":[1.0,0.0],"evs":[0.0,-1.22503]},"A7o":{"weight":0.9092,"played":[1.0,0.0],"evs":[0.0,-1.35576]},"82s":{"weight":0.0,"played":[1.0,0.0],"evs":[0.0,-2.56481]},"83s":{"weight":0.0,"played":[1.0,0.0],"evs":[0.0,-2.24062]},"84s":{"weight":0.0,"played":[0.9998,2.0E-4],"evs":[0.0,-1.6927]},"85s":{"weight":2.0E-4,"played":[0.9998,2.0E-4],"evs":[0.0,-0.69384]},"86s":{"weight":0.9994,"played":[0.9048,0.0952],"evs":[0.0,-0.13952]},"87s":{"weight":0.9999,"played":[0.0115,0.9885],"evs":[0.0,0.2056]},"88":{"weight":0.0,"played":[0.0,1.0],"evs":[0.0,4.1594]},"98o":{"weight":0.0,"played":[1.0,0.0],"evs":[0.0,-2.17457]},"T8o":{"weight":0.0,"played":[1.0,0.0],"evs":[0.0,-2.08264]},"J8o":{"weight":0.0,"played":[1.0,0.0],"evs":[0.0,-2.27719]},"Q8o":{"weight":0.0,"played":[1.0,0.0],"evs":[0.0,-2.00187]},"K8o":{"weight":0.0,"played":[1.0,0.0],"evs":[0.0,-1.58221]},"A8o":{"weight":2.0E-4,"played":[0.9807,0.0193],"evs":[0.0,-0.92447]},"92s":{"weight":0.0,"played":[1.0,0.0],"evs":[0.0,-2.63794]},"93s":{"weight":0.0,"played":[1.0,0.0],"evs":[0.0,-2.35847]},"94s":{"weight":0.0,"played":[1.0,0.0],"evs":[0.0,-2.11471]},"95s":{"weight":0.0,"played":[0.9999,1.0E-4],"evs":[0.0,-1.48807]},"96s":{"weight":0.0,"played":[0.9872,0.0128],"evs":[0.0,-0.728]},"97s":{"weight":0.999,"played":[0.9945,0.0055],"evs":[0.0,-0.47786]},"98s":{"weight":0.9993,"played":[0.9586,0.0414],"evs":[0.0,-0.33052]},"99":{"weight":0.0,"played":[0.0,1.0],"evs":[0.0,5.1791]},"T9o":{"weight":0.0,"played":[0.9998,2.0E-4],"evs":[0.0,-1.66034]},"J9o":{"weight":0.0,"played":[0.9999,1.0E-4],"evs":[0.0,-1.55695]},"Q9o":{"weight":0.0,"played":[1.0,0.0],"evs":[0.0,-1.4367]},"K9o":{"weight":0.0,"played":[1.0,0.0],"evs":[0.0,-0.624]},"A9o":{"weight":0.0,"played":[0.0,1.0],"evs":[0.0,0.2852]},"T2s":{"weight":0.0,"played":[1.0,0.0],"evs":[0.0,-2.08807]},"T3s":{"weight":0.0,"played":[1.0,0.0],"evs":[0.0,-1.80501]},"T4s":{"weight":0.0,"played":[0.9998,2.0E-4],"evs":[0.0,-1.76651]},"T5s":{"weight":0.0,"played":[1.0,0.0],"evs":[0.0,-1.53705]},"T6s":{"weight":0.0,"played":[0.9969,0.0031],"evs":[0.0,-0.65783]},"T7s":{"weight":0.645,"played":[0.9775,0.0225],"evs":[0.0,-0.54849]},"T8s":{"weight":0.9888,"played":[0.9739,0.0261],"evs":[0.0,-0.44382]},"T9s":{"weight":1.0,"played":[0.0016,0.9984],"evs":[0.0,0.12143]},"TT":{"weight":0.0,"played":[0.0,1.0],"evs":[0.0,7.46486]},"JTo":{"weight":0.0,"played":[0.998,0.002],"evs":[0.0,-0.41942]},"QTo":{"weight":0.0035,"played":[0.835,0.165],"evs":[0.0,-0.12467]},"KTo":{"weight":0.9536,"played":[5.0E-4,0.9995],"evs":[0.0,0.5145]},"ATo":{"weight":0.0,"played":[0.0,1.0],"evs":[0.0,2.35155]},"J2s":{"weight":0.0,"played":[0.9999,1.0E-4],"evs":[0.0,-1.78577]},"J3s":{"weight":0.0,"played":[1.0,0.0],"evs":[0.0,-1.29769]},"J4s":{"weight":0.0,"played":[0.9998,2.0E-4],"evs":[0.0,-1.26465]},"J5s":{"weight":1.0E-4,"played":[0.9998,2.0E-4],"evs":[0.0,-0.95181]},"J6s":{"weight":1.0E-4,"played":[0.9993,7.0E-4],"evs":[0.0,-0.84596]},"J7s":{"weight":0.0,"played":[0.998,0.002],"evs":[0.0,-0.59813]},"J8s":{"weight":0.6169,"played":[0.9966,0.0034],"evs":[0.0,-0.28178]},"J9s":{"weight":1.0,"played":[0.015,0.985],"evs":[0.0,0.15462]},"JTs":{"weight":0.9998,"played":[0.0,1.0],"evs":[0.0,1.2695]},"JJ":{"weight":0.0,"played":[0.0,1.0],"evs":[0.0,10.4743]},"QJo":{"weight":0.8839,"played":[1.0E-4,0.9999],"evs":[0.0,0.69198]},"KJo":{"weight":1.0,"played":[0.0,1.0],"evs":[0.0,1.81168]},"AJo":{"weight":0.0,"played":[0.0,1.0],"evs":[0.0,4.00503]},"Q2s":{"weight":1.0E-4,"played":[1.0,0.0],"evs":[0.0,-1.07463]},"Q3s":{"weight":0.0,"played":[0.9975,0.0025],"evs":[0.0,-0.70335]},"Q4s":{"weight":0.0016,"played":[0.9992,8.0E-4],"evs":[0.0,-0.44908]},"Q5s":{"weight":0.0266,"played":[0.9869,0.0131],"evs":[0.0,-0.23227]},"Q6s":{"weight":0.3423,"played":[0.7075,0.2925],"evs":[0.0,0.06849]},"Q7s":{"weight":0.7428,"played":[0.9999,1.0E-4],"evs":[0.0,-0.48562]},"Q8s":{"weight":0.9986,"played":[0.9995,5.0E-4],"evs":[0.0,-0.08651]},"Q9s":{"weight":0.9996,"played":[0.01,0.99],"evs":[0.0,0.58928]},"QTs":{"weight":0.0325,"played":[0.0,1.0],"evs":[0.0,1.63916]},"QJs":{"weight":0.8365,"played":[0.0,1.0],"evs":[0.0,2.26894]},"QQ":{"weight":0.0,"played":[0.0,1.0],"evs":[0.0,13.64639]},"KQo":{"weight":0.9899,"played":[0.0,1.0],"evs":[0.0,2.70951]},"AQo":{"weight":0.0,"played":[0.0,1.0],"evs":[0.0,5.83904]},"K2s":{"weight":0.9991,"played":[0.9436,0.0564],"evs":[0.0,-0.13826]},"K3s":{"weight":0.8799,"played":[0.0452,0.9548],"evs":[0.0,0.21843]},"K4s":{"weight":0.7118,"played":[0.0047,0.9953],"evs":[0.0,0.3609]},"K5s":{"weight":0.0019,"played":[4.0E-4,0.9996],"evs":[0.0,0.73873]},"K6s":{"weight":0.113,"played":[0.0,1.0],"evs":[0.0,0.69039]},"K7s":{"weight":0.1965,"played":[0.0109,0.9891],"evs":[0.0,0.38596]},"K8s":{"weight":1.0,"played":[0.0077,0.9923],"evs":[0.0,0.14242]},"K9s":{"weight":1.0,"played":[0.0,1.0],"evs":[0.0,1.09783]},"KTs":{"weight":0.9514,"played":[0.0,1.0],"evs":[0.0,2.38538]},"KJs":{"weight":1.0,"played":[0.0,1.0],"evs":[0.0,3.49933]},"KQs":{"weight":0.9739,"played":[0.0,1.0],"evs":[0.0,4.07304]},"KK":{"weight":0.0,"played":[0.0,1.0],"evs":[0.0,17.49424]},"AKo":{"weight":0.0,"played":[0.0,1.0],"evs":[0.0,8.28232]},"A2s":{"weight":1.0E-4,"played":[5.0E-4,0.9995],"evs":[0.0,0.13984]},"A3s":{"weight":0.0,"played":[0.0,1.0],"evs":[0.0,0.10041]},"A4s":{"weight":0.0014,"played":[1.0E-4,0.9999],"evs":[0.0,0.45298]},"A5s":{"weight":0.001,"played":[0.0,1.0],"evs":[0.0,0.71146]},"A6s":{"weight":0.0314,"played":[0.0,1.0],"evs":[0.0,0.18527]},"A7s":{"weight":0.0413,"played":[1.0E-4,0.9999],"evs":[0.0,0.85515]},"A8s":{"weight":0.0017,"played":[0.0,1.0],"evs":[0.0,1.06429]},"A9s":{"weight":1.0E-4,"played":[0.0,1.0],"evs":[0.0,2.09889]},"ATs":{"weight":0.0,"played":[0.0,1.0],"evs":[0.0,4.08099]},"AJs":{"weight":0.0,"played":[0.0,1.0],"evs":[0.0,5.6165]},"AQs":{"weight":0.0,"played":[0.0,1.0],"evs":[0.0,7.4448]},"AKs":{"weight":0.0,"played":[0.0,1.0],"evs":[0.0,9.76257]},"AA":{"weight":0.9971,"played":[0.0,1.0],"evs":[0.0,24.13759]}}}