{"player":2,"street":0,"children":2,"sequence":[{"player":0,"type":"F","amount":0,"street":0},{"player":1,"type":"R","amount":200000,"street":0},{"player":2,"type":"C","amount":200000,"street":0},{"player":3,"type":"F","amount":0,"street":0},{"player":4,"type":"C","amount":150000,"street":0},{"player":5,"type":"R","amount":735000,"street":0},{"player":1,"type":"C","amount":535000,"street":0}],"actions":[{"type":"F","amount":0,"node":105},{"type":"R","amount":985000,"node":107}],"hands":{"22":{"weight":0.0,"played":[1.0E-4,0.9999],"evs":[0.0,1.13499]},"32o":{"weight":0.0,"played":[0.9999,1.0E-4],"evs":[0.0,-1.60117]},"42o":{"weight":0.0,"played":[0.9999,1.0E-4],"evs":[0.0,-0.82821]},"52o":{"weight":0.0,"played":[0.9998,2.0E-4],"evs":[0.0,-0.65]},"62o":{"weight":0.0,"played":[1.0,0.0],"evs":[0.0,-1.33984]},"72o":{"weight":0.0,"played":[1.0,0.0],"evs":[0.0,-1.51112]},"82o":{"weight":0.0,"played":[0.9987,0.0013],"evs":[0.0,-1.76317]},"92o":{"weight":0.0,"played":[1.0,0.0],"evs":[0.0,-1.71054]},"T2o":{"weight":0.0,"played":[1.0,0.0],"evs":[0.0,-1.76599]},"J2o":{"weight":0.0,"played":[0.9999,1.0E-4],"evs":[0.0,-1.04386]},"Q2o":{"weight":0.0,"played":[0.9998,2.0E-4],"evs":[0.0,-0.97893]},"K2o":{"weight":0.0,"played":[0.9996,4.0E-4],"evs":[0.0,-1.08451]},"A2o":{"weight":0.0,"played":[0.1361,0.8639],"evs":[0.0,0.114]},"32s":{"weight":0.0,"played":[0.9909,0.0091],"evs":[0.0,-0.3834]},"33":{"weight":0.0,"played":[3.0E-4,0.9997],"evs":[0.0,1.45961]},"43o":{"weight":0.0,"played":[0.9778,0.0222],"evs":[0.0,-0.53833]},"53o":{"weight":0.0,"played":[0.9999,1.0E-4],"evs":[0.0,-0.16333]},"63o":{"weight":0.0,"played":[0.9953,0.0047],"evs":[0.0,-0.69565]},"73o":{"weight":0.0,"played":[0.9999,1.0E-4],"evs":[0.0,-1.30423]},"83o":{"weight":0.0,"played":[0.9999,1.0E-4],"evs":[0.0,-1.44708]},"93o":{"weight":0.0,"played":[0.9994,6.0E-4],"evs":[0.0,-1.79102]},"T3o":{"weight":0.0,"played":[1.0,0.0],"evs":[0.0,-1.55186]},"J3o":{"weight":0.0,"played":[0.9984,0.0016],"evs":[0.0,-0.8258]},"Q3o":{"weight":0.0,"played":[0.9998,2.0E-4],"evs":[0.0,-0.86758]},"K3o":{"weight":0.0,"played":[0.9998,2.0E-4],"evs":[0.0,-0.74566]},"A3o":{"weight":0.0,"played":[0.0088,0.9912],"evs":[0.0,0.25028]},"42s":{"weight":0.0,"played":[0.3411,0.6589],"evs":[0.0,0.11142]},"43s":{"weight":0.0,"played":[0.0105,0.9895],"evs":[0.0,0.23516]},"44":{"weight":0.2944,"played":[0.0,1.0],"evs":[0.0,1.97045]},"54o":{"weight":0.0,"played":[0.3067,0.6933],"evs":[0.0,0.07953]},"64o":{"weight":0.0,"played":[0.9097,0.0903],"evs":[0.0,-0.35713]},"74o":{"weight":0.0,"played":[0.9963,0.0037],"evs":[0.0,-1.00656]},"84o":{"weight":0.0,"played":[0.9997,3.0E-4],"evs":[0.0,-1.0824]},"94o":{"weight":0.0,"played":[1.0,0.0],"evs":[0.0,-1.54834]},"T4o":{"weight":0.0,"played":[1.0,0.0],"evs":[0.0,-1.05948]},"J4o":{"weight":0.0,"played":[0.9999,1.0E-4],"evs":[0.0,-0.65278]},"Q4o":{"weight":0.0,"played":[0.9936,0.0064],"evs":[0.0,-0.74158]},"K4o":{"weight":0.0,"played":[0.9924,0.0076],"evs":[0.0,-0.47711]},"A4o":{"weight":0.0,"played":[7.0E-4,0.9993],"evs":[0.0,0.31059]},"52s":{"weight":0.0,"played":[0.0711,0.9289],"evs":[0.0,0.66796]},"53s":{"weight":0.0,"played":[0.047,0.953],"evs":[0.0,0.63797]},"54s":{"weight":0.0,"played":[4.0E-4,0.9996],"evs":[0.0,0.99424]},"55":{"weight":0.8068,"played":[0.0,1.0],"evs":[0.0,2.18916]},"65o":{"weight":0.0,"played":[0.3615,0.6385],"evs":[0.0,0.35687]},"75o":{"weight":0.0,"played":[0.9992,8.0E-4],"evs":[0.0,-0.41406]},"85o":{"weight":0.0,"played":[0.9938,0.0062],"evs":[0.0,-0.72876]},"95o":{"weight":0.0,"played":[0.9941,0.0059],"evs":[0.0,-1.10179]},"T5o":{"weight":0.0,"played":[1.0,0.0],"evs":[0.0,-1.2496]},"J5o":{"weight":0.0,"played":[0.9994,6.0E-4],"evs":[0.0,-0.73432]},"Q5o":{"weight":0.0,"played":[0.9805,0.0195],"evs":[0.0,-0.61013]},"K5o":{"weight":0.0,"played":[0.6778,0.3222],"evs":[0.0,-0.20894]},"A5o":{"weight":0.0,"played":[1.0E-4,0.9999],"evs":[0.0,0.4967]},"62s":{"weight":0.0,"played":[0.887,0.113],"evs":[0.0,-0.14233]},"63s":{"weight":0.0,"played":[0.2651,0.7349],"evs":[0.0,0.61126]},"64s":{"weight":0.0,"played":[0.0,1.0],"evs":[0.0,0.7147]},"65s":{"weight":0.0,"played":[0.0354,0.9646],"evs":[0.0,1.36327]},"66":{"weight":0.0905,"played":[0.0,1.0],"evs":[0.0,2.74625]},"76o":{"weight":0.0,"played":[0.8452,0.1548],"evs":[0.0,-0.35774]},"86o":{"weight":0.0,"played":[0.9371,0.0629],"evs":[0.0,0.00558]},"96o":{"weight":0.0,"played":[0.993,0.007],"evs":[0.0,-0.31339]},"T6o":{"weight":0.0,"played":[1.0,0.0],"evs":[0.0,-0.78266]},"J6o":{"weight":0.0,"played":[0.9991,9.0E-4],"evs":[0.0,-0.58996]},"Q6o":{"weight":0.0,"played":[0.9899,0.0101],"evs":[0.0,-0.72644]},"K6o":{"weight":0.0,"played":[0.822,0.178],"evs":[0.0,-0.21708]},"A6o":{"weight":0.0,"played":[3.0E-4,0.9997],"evs":[0.0,0.29756]},"72s":{"weight":0.0,"played":[0.963,0.037],"evs":[0.0,-0.54303]},"73s":{"weight":0.0,"played":[0.6604,0.3396],"evs":[0.0,0.31534]},"74s":{"weight":0.0,"played":[0.4884,0.5116],"evs":[0.0,0.53406]},"75s":{"weight":0.0,"played":[0.0024,0.9976],"evs":[0.0,0.9041]},"76s":{"weight":0.0,"played":[1.0E-4,0.9999],"evs":[0.0,0.47745]},"77":{"weight":1.0E-4,"played":[2.0E-4,0.9998],"evs":[0.0,2.83339]},"87o":{"weight":0.0,"played":[0.9896,0.0104],"evs":[0.0,-0.12752]},"97o":{"weight":0.0,"played":[0.9627,0.0373],"evs":[0.0,-0.28941]},"T7o":{"weight":0.0,"played":[0.9911,0.0089],"evs":[0.0,-0.81732]},"J7o":{"weight":0.0,"played":[0.9297,0.0703],"evs":[0.0,-0.70293]},"Q7o":{"weight":0.0,"played":[0.9994,6.0E-4],"evs":[0.0,-0.85682]},"K7o":{"weight":0.0,"played":[0.995,0.005],"evs":[0.0,-0.49206]},"A7o":{"weight":0.0,"played":[0.0762,0.9238],"evs":[0.0,0.3345]},"82s":{"weight":0.0,"played":[0.9582,0.0418],"evs":[0.0,-0.96892]},"83s":{"weight":0.0,"played":[0.9081,0.0919],"evs":[0.0,-0.43052]},"84s":{"weight":0.0,"played":[0.784,0.216],"evs":[0.0,-0.28245]},"85s":{"weight":0.0,"played":[0.3113,0.6887],"evs":[0.0,0.38836]},"86s":{"weight":0.0,"played":[0.0548,0.9452],"evs":[0.0,0.62047]},"87s":{"weight":0.0,"played":[6.0E-4,0.9994],"evs":[0.0,0.6124]},"88":{"weight":0.0,"played":[0.0,1.0],"evs":[0.0,3.63983]},"98o":{"weight":0.0,"played":[0.9087,0.0913],"evs":[0.0,-0.1517]},"T8o":{"weight":0.0,"played":[0.9852,0.0148],"evs":[0.0,-0.69611]},"J8o":{"weight":0.0,"played":[0.6385,0.3615],"evs":[0.0,-0.10811]},"Q8o":{"weight":0.0,"played":[0.9562,0.0438],"evs":[0.0,-0.40753]},"K8o":{"weight":0.0,"played":[0.8463,0.1537],"evs":[0.0,-0.30293]},"A8o":{"weight":0.0,"played":[4.0E-4,0.9996],"evs":[0.0,0.86373]},"92s":{"weight":0.0,"played":[0.9977,0.0023],"evs":[0.0,-0.41235]},"93s":{"weight":0.0,"played":[0.6888,0.3112],"evs":[0.0,-0.21419]},"94s":{"weight":0.0,"played":[0.9702,0.0298],"evs":[0.0,-0.40767]},"95s":{"weight":0.0,"played":[0.0554,0.9446],"evs":[0.0,0.95286]},"96s":{"weight":0.0,"played":[0.1211,0.8789],"evs":[0.0,0.34552]},"97s":{"weight":0.0,"played":[1.0E-4,0.9999],"evs":[0.0,0.48122]},"98s":{"weight":0.0,"played":[2.0E-4,0.9998],"evs":[0.0,1.14956]},"99":{"weight":0.0,"played":[0.0,1.0],"evs":[0.0,4.36788]},"T9o":{"weight":0.0,"played":[0.3825,0.6175],"evs":[0.0,0.17013]},"J9o":{"weight":0.0,"played":[0.0292,0.9708],"evs":[0.0,0.29305]},"Q9o":{"weight":0.0,"played":[0.3572,0.6428],"evs":[0.0,0.17982]},"K9o":{"weight":0.0,"played":[0.4586,0.5414],"evs":[0.0,-0.17676]},"A9o":{"weight":0.0,"played":[0.0,1.0],"evs":[0.0,1.20547]},"T2s":{"weight":0.0,"played":[0.9999,1.0E-4],"evs":[0.0,-0.34633]},"T3s":{"weight":0.0,"played":[0.9839,0.0161],"evs":[0.0,-0.68864]},"T4s":{"weight":0.0,"played":[0.8835,0.1165],"evs":[0.0,0.11258]},"T5s":{"weight":0.0,"played":[0.8705,0.1295],"evs":[0.0,0.0582]},"T6s":{"weight":0.0,"played":[0.189,0.811],"evs":[0.0,0.42731]},"T7s":{"weight":0.0,"played":[0.1371,0.8629],"evs":[0.0,0.47411]},"T8s":{"weight":0.0,"played":[0.0,1.0],"evs":[0.0,0.9716]},"T9s":{"weight":0.3329,"played":[9.0E-4,0.9991],"evs":[0.0,1.13688]},"TT":{"weight":0.0,"played":[0.0,1.0],"evs":[0.0,5.71098]},"JTo":{"weight":0.0,"played":[0.034,0.966],"evs":[0.0,0.58767]},"QTo":{"weight":0.0,"played":[1.0E-4,0.9999],"evs":[0.0,0.67838]},"KTo":{"weight":0.0,"played":[1.0E-4,0.9999],"evs":[0.0,0.95014]},"ATo":{"weight":0.0,"played":[0.0,1.0],"evs":[0.0,2.24345]},"J2s":{"weight":0.0,"played":[0.4735,0.5265],"evs":[0.0,-0.1557]},"J3s":{"weight":0.0,"played":[0.4926,0.5074],"evs":[0.0,0.22845]},"J4s":{"weight":0.0,"played":[0.0353,0.9647],"evs":[0.0,0.57798]},"J5s":{"weight":0.0,"played":[0.1046,0.8954],"evs":[0.0,0.81292]},"J6s":{"weight":0.0,"played":[0.3893,0.6107],"evs":[0.0,0.34516]},"J7s":{"weight":0.0,"played":[0.0471,0.9529],"evs":[0.0,0.53607]},"J8s":{"weight":0.0,"played":[5.0E-4,0.9995],"evs":[0.0,1.01076]},"J9s":{"weight":0.0216,"played":[0.0,1.0],"evs":[0.0,1.2295]},"JTs":{"weight":1.0,"played":[0.0,1.0],"evs":[0.0,1.34088]},"JJ":{"weight":0.0,"played":[0.0,1.0],"evs":[0.0,7.24759]},"QJo":{"weight":0.0012,"played":[0.0,1.0],"evs":[0.0,1.46731]},"KJo":{"weight":0.4177,"played":[0.0,1.0],"evs":[0.0,1.85553]},"AJo":{"weight":0.0,"played":[0.0,1.0],"evs":[0.0,2.68273]},"Q2s":{"weight":0.0,"played":[0.4163,0.5837],"evs":[0.0,-0.08862]},"Q3s":{"weight":0.0,"played":[0.4942,0.5058],"evs":[0.0,0.31357]},"Q4s":{"weight":0.0,"played":[0.2512,0.7488],"evs":[0.0,0.60156]},"Q5s":{"weight":0.0,"played":[0.3671,0.6329],"evs":[0.0,0.45455]},"Q6s":{"weight":0.0,"played":[0.0,1.0],"evs":[0.0,0.58173]},"Q7s":{"weight":0.0,"played":[0.0862,0.9138],"evs":[0.0,0.24404]},"Q8s":{"weight":0.0,"played":[6.0E-4,0.9994],"evs":[0.0,0.64825]},"Q9s":{"weight":2.0E-4,"played":[0.0201,0.9799],"evs":[0.0,1.06124]},"QTs":{"weight":1.0,"played":[0.0,1.0],"evs":[0.0,1.88692]},"QJs":{"weight":1.0,"played":[1.0E-4,0.9999],"evs":[0.0,2.38154]},"QQ":{"weight":0.0,"played":[0.0,1.0],"evs":[0.0,8.81619]},"KQo":{"weight":1.0E-4,"played":[0.0,1.0],"evs":[0.0,1.86036]},"AQo":{"weight":0.0,"played":[0.0,1.0],"evs":[0.0,3.3882]},"K2s":{"weight":0.0,"played":[0.0275,0.9725],"evs":[0.0,0.75239]},"K3s":{"weight":0.0,"played":[0.001,0.999],"evs":[0.0,0.71456]},"K4s":{"weight":0.0,"played":[0.012,0.988],"evs":[0.0,0.54895]},"K5s":{"weight":0.0,"played":[0.0065,0.9935],"evs":[0.0,0.61367]},"K6s":{"weight":0.0,"played":[0.0241,0.9759],"evs":[0.0,1.11073]},"K7s":{"weight":0.0,"played":[0.001,0.999],"evs":[0.0,1.04962]},"K8s":{"weight":0.0,"played":[3.0E-4,0.9997],"evs":[0.0,0.47346]},"K9s":{"weight":0.6086,"played":[0.0,1.0],"evs":[0.0,1.79493]},"KTs":{"weight":0.9999,"played":[0.0,1.0],"evs":[0.0,2.26156]},"KJs":{"weight":0.2749,"played":[1.0E-4,0.9999],"evs":[0.0,2.85575]},"KQs":{"weight":4.0E-4,"played":[2.0E-4,0.9998],"evs":[0.0,3.51697]},"KK":{"weight":0.0,"played":[0.0,1.0],"evs":[0.0,10.6182]},"AKo":{"weight":0.0,"played":[0.0,1.0],"evs":[0.0,5.22829]},"A2s":{"weight":7.0E-4,"played":[0.0,1.0],"evs":[0.0,1.33903]},"A3s":{"weight":0.5787,"played":[0.0,1.0],"evs":[0.0,1.36433]},"A4s":{"weight":0.9879,"played":[0.0,1.0],"evs":[0.0,1.8251]},"A5s":{"weight":0.1411,"played":[1.0E-4,0.9999],"evs":[0.0,1.8188]},"A6s":{"weight":0.0047,"played":[0.0,1.0],"evs":[0.0,1.12633]},"A7s":{"weight":0.0,"played":[3.0E-4,0.9997],"evs":[0.0,1.32281]},"A8s":{"weight":0.0,"played":[1.0E-4,0.9999],"evs":[0.0,2.10542]},"A9s":{"weight":0.0,"played":[3.0E-4,0.9997],"evs":[0.0,2.43605]},"ATs":{"weight":0.0,"played":[1.0E-4,0.9999],"evs":[0.0,3.15042]},"AJs":{"weight":0.0,"played":[0.0,1.0],"evs":[0.0,3.76965]},"AQs":{"weight":0.0,"played":[0.0,1.0],"evs":[0.0,4.55841]},"AKs":{"weight":0.0,"played":[0.0,1.0],"evs":[0.0,5.94138]},"AA":{"weight":0.2137,"played":[0.0,1.0],"evs":[0.0,14.19719]}}}