{"player":4,"street":0,"children":3,"sequence":[{"player":0,"type":"F","amount":0,"street":0},{"player":1,"type":"R","amount":200000,"street":0},{"player":2,"type":"C","amount":200000,"street":0},{"player":3,"type":"F","amount":0,"street":0},{"player":4,"type":"C","amount":150000,"street":0},{"player":5,"type":"R","amount":735000,"street":0},{"player":1,"type":"C","amount":535000,"street":0},{"player":2,"type":"R","amount":985000,"street":0}],"actions":[{"type":"F","amount":0,"node":108},{"type":"C","amount":785000,"node":109},{"type":"R","amount":2035000,"node":110}],"hands":{"22":{"weight":0.9867,"played":[0.1851,0.0935,0.7214],"evs":[0.0,-0.06486,0.34913]},"32o":{"weight":0.0,"played":[0.9999,0.0,0.0],"evs":[0.0,-2.94437,-5.25233]},"42o":{"weight":0.0,"played":[1.0,0.0,0.0],"evs":[0.0,-2.83941,-4.98765]},"52o":{"weight":0.0,"played":[0.9989,8.0E-4,3.0E-4],"evs":[0.0,-1.69984,-3.6233]},"62o":{"weight":0.0,"played":[1.0,0.0,0.0],"evs":[0.0,-2.21715,-4.20137]},"72o":{"weight":0.0,"played":[1.0,0.0,0.0],"evs":[0.0,-2.95144,-5.84252]},"82o":{"weight":0.0,"played":[0.9996,4.0E-4,1.0E-4],"evs":[0.0,-2.93543,-5.37585]},"92o":{"weight":0.0,"played":[0.9999,0.0,1.0E-4],"evs":[0.0,-3.43035,-5.45992]},"T2o":{"weight":0.0,"played":[0.9998,1.0E-4,1.0E-4],"evs":[0.0,-3.10946,-5.36696]},"J2o":{"weight":0.0,"played":[0.9999,1.0E-4,0.0],"evs":[0.0,-2.8312,-4.50306]},"Q2o":{"weight":0.0,"played":[0.9996,2.0E-4,2.0E-4],"evs":[0.0,-2.17343,-3.16512]},"K2o":{"weight":0.0,"played":[0.9998,1.0E-4,1.0E-4],"evs":[0.0,-2.13541,-3.20511]},"A2o":{"weight":0.0,"played":[0.9952,0.0034,0.0013],"evs":[0.0,-0.98515,-1.18064]},"32s":{"weight":0.0,"played":[0.9922,0.0049,0.003],"evs":[0.0,-1.62938,-3.24811]},"33":{"weight":0.9969,"played":[0.1311,3.0E-4,0.8685],"evs":[0.0,0.51559,1.06463]},"43o":{"weight":0.0,"played":[0.9994,6.0E-4,0.0],"evs":[0.0,-1.73318,-3.33619]},"53o":{"weight":0.0,"played":[0.9982,0.0015,3.0E-4],"evs":[0.0,-1.7466,-3.78929]},"63o":{"weight":0.0,"played":[0.9955,0.0045,0.0],"evs":[0.0,-1.61813,-3.47434]},"73o":{"weight":0.0,"played":[0.9997,1.0E-4,1.0E-4],"evs":[0.0,-1.93499,-4.03006]},"83o":{"weight":0.0,"played":[1.0,0.0,0.0],"evs":[0.0,-2.90282,-5.53271]},"93o":{"weight":0.0,"played":[1.0,0.0,0.0],"evs":[0.0,-3.31321,-5.51775]},"T3o":{"weight":0.0,"played":[0.9999,1.0E-4,0.0],"evs":[0.0,-2.85971,-5.02472]},"J3o":{"weight":0.0,"played":[0.9999,0.0,1.0E-4],"evs":[0.0,-1.81351,-3.67357]},"Q3o":{"weight":0.0,"played":[1.0,0.0,0.0],"evs":[0.0,-1.58713,-2.66612]},"K3o":{"weight":0.0,"played":[1.0,0.0,0.0],"evs":[0.0,-2.08628,-3.39034]},"A3o":{"weight":2.0E-4,"played":[0.9834,0.0105,0.0061],"evs":[0.0,-1.55996,-1.5503]},"42s":{"weight":0.0,"played":[0.981,0.0187,3.0E-4],"evs":[0.0,-0.99308,-2.45413]},"43s":{"weight":0.0,"played":[0.7195,0.2804,1.0E-4],"evs":[0.0,0.19922,-0.84085]},"44":{"weight":0.9977,"played":[0.0025,0.0047,0.9928],"evs":[0.0,0.47307,0.87092]},"54o":{"weight":0.0,"played":[0.9994,5.0E-4,1.0E-4],"evs":[0.0,-1.27242,-3.38158]},"64o":{"weight":0.0,"played":[1.0,0.0,0.0],"evs":[0.0,-0.89133,-2.69503]},"74o":{"weight":0.0,"played":[0.9995,5.0E-4,0.0],"evs":[0.0,-1.76619,-3.6783]},"84o":{"weight":0.0,"played":[1.0,0.0,0.0],"evs":[0.0,-2.25175,-3.94149]},"94o":{"weight":0.0,"played":[0.999,8.0E-4,1.0E-4],"evs":[0.0,-2.60622,-4.71943]},"T4o":{"weight":0.0,"played":[0.9999,0.0,1.0E-4],"evs":[0.0,-3.07128,-4.55714]},"J4o":{"weight":0.0,"played":[1.0,0.0,0.0],"evs":[0.0,-2.18438,-3.64419]},"Q4o":{"weight":0.0,"played":[0.9999,1.0E-4,0.0],"evs":[0.0,-2.17872,-3.27461]},"K4o":{"weight":0.0,"played":[0.9994,4.0E-4,3.0E-4],"evs":[0.0,-2.0264,-3.07049]},"A4o":{"weight":0.0082,"played":[0.8269,0.0225,0.1507],"evs":[0.0,-0.73195,-1.05097]},"52s":{"weight":0.0,"played":[0.7223,0.2749,0.0028],"evs":[0.0,-0.01999,-2.11798]},"53s":{"weight":1.0E-4,"played":[0.9937,0.0028,0.0036],"evs":[0.0,-1.91196,-3.8234]},"54s":{"weight":0.0686,"played":[0.525,0.4708,0.0042],"evs":[0.0,-0.90908,-2.33779]},"55":{"weight":0.1681,"played":[0.0011,0.3385,0.6604],"evs":[0.0,1.72253,1.84273]},"65o":{"weight":0.0,"played":[0.9998,1.0E-4,2.0E-4],"evs":[0.0,-0.14933,-1.58081]},"75o":{"weight":0.0,"played":[0.9687,0.0295,0.0017],"evs":[0.0,-1.17717,-2.82928]},"85o":{"weight":0.0,"played":[0.9951,0.0048,0.0],"evs":[0.0,-1.35639,-3.05503]},"95o":{"weight":0.0,"played":[0.9999,1.0E-4,0.0],"evs":[0.0,-1.71227,-3.48587]},"T5o":{"weight":0.0,"played":[1.0,0.0,0.0],"evs":[0.0,-2.63085,-4.21068]},"J5o":{"weight":0.0,"played":[0.9999,0.0,0.0],"evs":[0.0,-2.34309,-3.75565]},"Q5o":{"weight":0.0,"played":[0.9994,2.0E-4,4.0E-4],"evs":[0.0,-2.20016,-3.03235]},"K5o":{"weight":0.0,"played":[0.9943,0.0052,5.0E-4],"evs":[0.0,-2.16306,-2.7512]},"A5o":{"weight":0.5248,"played":[0.6307,0.1324,0.2369],"evs":[0.0,-0.83656,-0.86372]},"62s":{"weight":0.0,"played":[0.9788,0.0211,1.0E-4],"evs":[0.0,-1.47943,-3.38333]},"63s":{"weight":1.0E-4,"played":[0.943,0.0484,0.0086],"evs":[0.0,-0.43853,-2.25356]},"64s":{"weight":1.0E-4,"played":[0.4706,0.4245,0.1049],"evs":[0.0,-0.14047,-1.0788]},"65s":{"weight":0.5464,"played":[0.1592,0.8392,0.0017],"evs":[0.0,0.86697,-0.20547]},"66":{"weight":1.0E-4,"played":[9.0E-4,0.0302,0.969],"evs":[0.0,2.58369,2.95027]},"76o":{"weight":0.0,"played":[0.9448,0.0548,4.0E-4],"evs":[0.0,-0.91559,-2.67031]},"86o":{"weight":0.0,"played":[0.9917,0.0071,0.0012],"evs":[0.0,-1.36416,-2.99719]},"96o":{"weight":0.0,"played":[0.9967,0.0031,2.0E-4],"evs":[0.0,-1.46191,-3.11755]},"T6o":{"weight":0.0,"played":[1.0,0.0,0.0],"evs":[0.0,-2.27625,-3.76359]},"J6o":{"weight":0.0,"played":[0.9907,0.0073,0.0021],"evs":[0.0,-2.4768,-3.74934]},"Q6o":{"weight":0.0,"played":[0.9969,0.0018,0.0013],"evs":[0.0,-1.92182,-2.99843]},"K6o":{"weight":0.0,"played":[0.9911,0.0089,0.0],"evs":[0.0,-1.88078,-2.38907]},"A6o":{"weight":0.3544,"played":[0.9318,0.0624,0.0058],"evs":[0.0,-0.90328,-0.79091]},"72s":{"weight":0.0,"played":[0.9651,0.0349,0.0],"evs":[0.0,-1.48224,-3.19183]},"73s":{"weight":0.0,"played":[0.977,0.0229,1.0E-4],"evs":[0.0,-0.43175,-2.10535]},"74s":{"weight":0.0,"played":[0.9972,7.0E-4,0.002],"evs":[0.0,-1.46477,-2.87352]},"75s":{"weight":0.0,"played":[0.8808,0.116,0.0032],"evs":[0.0,0.05175,-0.99084]},"76s":{"weight":0.96,"played":[0.1435,0.8525,0.0039],"evs":[0.0,0.98021,-0.08341]},"77":{"weight":1.0E-4,"played":[1.0E-4,7.0E-4,0.9992],"evs":[0.0,2.4928,2.6147]},"87o":{"weight":0.0,"played":[0.9994,5.0E-4,1.0E-4],"evs":[0.0,-0.6916,-1.80989]},"97o":{"weight":0.0,"played":[0.992,0.0079,0.0],"evs":[0.0,-1.53303,-3.00303]},"T7o":{"weight":0.0,"played":[0.998,0.0016,4.0E-4],"evs":[0.0,-1.63509,-2.72098]},"J7o":{"weight":0.0,"played":[0.9992,7.0E-4,1.0E-4],"evs":[0.0,-1.72818,-2.8059]},"Q7o":{"weight":0.0,"played":[0.9998,0.0,2.0E-4],"evs":[0.0,-1.14194,-2.37266]},"K7o":{"weight":0.0,"played":[0.9999,0.0,1.0E-4],"evs":[0.0,-1.83997,-2.1575]},"A7o":{"weight":0.9941,"played":[0.0231,0.1753,0.8016],"evs":[0.0,-0.08308,0.02987]},"82s":{"weight":0.0,"played":[0.9965,0.0034,1.0E-4],"evs":[0.0,-0.72176,-2.32649]},"83s":{"weight":1.0E-4,"played":[0.9959,0.003,0.001],"evs":[0.0,-2.16278,-3.45859]},"84s":{"weight":0.0,"played":[0.9465,0.0459,0.0075],"evs":[0.0,-2.2561,-4.44906]},"85s":{"weight":1.0E-4,"played":[0.4574,0.5367,0.0059],"evs":[0.0,0.35699,-1.30646]},"86s":{"weight":0.2592,"played":[0.031,0.9653,0.0038],"evs":[0.0,0.60011,-0.76314]},"87s":{"weight":0.9727,"played":[0.027,0.962,0.0109],"evs":[0.0,0.91497,-0.0443]},"88":{"weight":0.0,"played":[1.0E-4,0.4556,0.5443],"evs":[0.0,3.51007,3.51308]},"98o":{"weight":0.0,"played":[0.9991,7.0E-4,2.0E-4],"evs":[0.0,-1.37803,-2.75227]},"T8o":{"weight":0.0,"played":[0.9957,0.0033,0.001],"evs":[0.0,-1.68224,-2.80791]},"J8o":{"weight":0.0,"played":[0.9985,9.0E-4,6.0E-4],"evs":[0.0,-1.54108,-2.33021]},"Q8o":{"weight":0.0,"played":[0.9846,0.011,0.0044],"evs":[0.0,-1.1694,-1.45661]},"K8o":{"weight":0.0,"played":[0.9997,1.0E-4,2.0E-4],"evs":[0.0,-1.72048,-2.13974]},"A8o":{"weight":0.1907,"played":[1.0E-4,3.0E-4,0.9996],"evs":[0.0,0.03107,0.46589]},"92s":{"weight":0.0,"played":[1.0,0.0,0.0],"evs":[0.0,-1.91004,-3.19803]},"93s":{"weight":0.0,"played":[0.9874,0.0124,2.0E-4],"evs":[0.0,-2.90391,-4.75894]},"94s":{"weight":0.0,"played":[0.9496,0.0499,5.0E-4],"evs":[0.0,-0.68065,-2.552]},"95s":{"weight":0.0,"played":[0.9949,0.0021,0.003],"evs":[0.0,-1.40411,-2.4354]},"96s":{"weight":0.0154,"played":[0.9902,2.0E-4,0.0096],"evs":[0.0,-0.40322,-1.28978]},"97s":{"weight":0.1328,"played":[0.6973,0.3003,0.0024],"evs":[0.0,0.28011,-0.03307]},"98s":{"weight":0.9508,"played":[0.7855,0.1903,0.0242],"evs":[0.0,0.23401,-0.67294]},"99":{"weight":0.0,"played":[0.0,0.006,0.994],"evs":[0.0,6.059,6.72062]},"T9o":{"weight":2.0E-4,"played":[0.9492,0.0482,0.0026],"evs":[0.0,-1.2522,-1.99786]},"J9o":{"weight":0.0,"played":[0.9968,0.003,2.0E-4],"evs":[0.0,-1.03358,-1.68175]},"Q9o":{"weight":0.0,"played":[0.9863,0.0063,0.0075],"evs":[0.0,-1.32238,-1.332]},"K9o":{"weight":0.0,"played":[0.9334,0.0515,0.0151],"evs":[0.0,-1.74255,-1.43524]},"A9o":{"weight":7.0E-4,"played":[0.0,0.0,1.0],"evs":[0.0,0.09877,0.42492]},"T2s":{"weight":0.0,"played":[0.9958,0.0034,8.0E-4],"evs":[0.0,-1.92309,-3.92467]},"T3s":{"weight":0.0,"played":[0.9615,0.0345,0.004],"evs":[0.0,-1.46296,-2.41378]},"T4s":{"weight":0.0,"played":[0.9953,0.0014,0.0033],"evs":[0.0,-2.10215,-3.98944]},"T5s":{"weight":0.0,"played":[0.9451,0.0549,0.0],"evs":[0.0,-0.50695,-1.67379]},"T6s":{"weight":0.0,"played":[0.9833,0.0151,0.0016],"evs":[0.0,-1.0328,-2.7843]},"T7s":{"weight":0.0237,"played":[0.9924,9.0E-4,0.0066],"evs":[0.0,-1.6337,-2.74452]},"T8s":{"weight":0.1431,"played":[0.591,0.3782,0.0307],"evs":[0.0,0.24123,-0.69505]},"T9s":{"weight":0.8783,"played":[0.3596,0.5669,0.0735],"evs":[0.0,-0.11337,-0.52465]},"TT":{"weight":0.0,"played":[0.0,0.0029,0.997],"evs":[0.0,6.15066,6.69843]},"JTo":{"weight":1.0E-4,"played":[0.991,0.0084,7.0E-4],"evs":[0.0,-1.12707,-1.42959]},"QTo":{"weight":0.9866,"played":[0.3035,0.3149,0.3816],"evs":[0.0,-0.0972,-0.11888]},"KTo":{"weight":0.9986,"played":[0.0014,0.0342,0.9644],"evs":[0.0,0.56726,0.94371]},"ATo":{"weight":5.0E-4,"played":[0.0,1.0E-4,0.9999],"evs":[0.0,1.48433,2.17969]},"J2s":{"weight":0.0,"played":[0.9998,1.0E-4,1.0E-4],"evs":[0.0,-3.0679,-4.01586]},"J3s":{"weight":0.0,"played":[0.9932,0.0047,0.0021],"evs":[0.0,-1.71908,-2.52715]},"J4s":{"weight":0.0,"played":[0.9996,3.0E-4,1.0E-4],"evs":[0.0,-1.51857,-1.48821]},"J5s":{"weight":0.0,"played":[0.9996,2.0E-4,2.0E-4],"evs":[0.0,-0.72772,-1.77628]},"J6s":{"weight":0.0,"played":[0.9944,0.0052,4.0E-4],"evs":[0.0,-0.87397,-2.67783]},"J7s":{"weight":0.0028,"played":[0.8595,0.1397,9.0E-4],"evs":[0.0,-0.92515,-1.92761]},"J8s":{"weight":0.3523,"played":[0.6697,0.2593,0.071],"evs":[0.0,0.05915,-0.30832]},"J9s":{"weight":0.3013,"played":[0.1981,0.7986,0.0033],"evs":[0.0,0.21395,-0.22113]},"JTs":{"weight":0.9996,"played":[0.7793,0.0931,0.1276],"evs":[0.0,-0.46027,-0.35818]},"JJ":{"weight":0.0,"played":[0.0,1.0E-4,0.9999],"evs":[0.0,9.39124,10.19739]},"QJo":{"weight":0.9996,"played":[0.4023,0.3686,0.2291],"evs":[0.0,-0.11702,-0.17471]},"KJo":{"weight":0.1688,"played":[7.0E-4,0.0609,0.9383],"evs":[0.0,0.53391,1.04504]},"AJo":{"weight":0.0,"played":[8.0E-4,0.0017,0.9974],"evs":[0.0,3.17131,3.70315]},"Q2s":{"weight":0.0,"played":[0.9999,0.0,0.0],"evs":[0.0,-1.46777,-2.51822]},"Q3s":{"weight":3.0E-4,"played":[0.9981,0.0018,1.0E-4],"evs":[0.0,-0.37942,-1.27134]},"Q4s":{"weight":0.003,"played":[0.9873,0.0068,0.0059],"evs":[0.0,-0.87477,-1.29196]},"Q5s":{"weight":0.0,"played":[0.3883,0.3186,0.2931],"evs":[0.0,-0.10264,-0.40438]},"Q6s":{"weight":1.0E-4,"played":[0.9671,0.0302,0.0027],"evs":[0.0,-0.57295,-1.21907]},"Q7s":{"weight":0.1876,"played":[0.9719,0.0224,0.0056],"evs":[0.0,-0.7636,-1.59872]},"Q8s":{"weight":0.7415,"played":[0.8464,0.0756,0.078],"evs":[0.0,-0.5614,-0.34112]},"Q9s":{"weight":0.9963,"played":[0.1134,0.6269,0.2597],"evs":[0.0,1.02466,1.01964]},"QTs":{"weight":0.9957,"played":[0.0206,0.0847,0.8947],"evs":[0.0,0.54577,0.66616]},"QJs":{"weight":0.9991,"played":[0.022,0.2818,0.6961],"evs":[0.0,0.70734,0.57846]},"QQ":{"weight":0.0,"played":[0.0,0.0087,0.9913],"evs":[0.0,11.67836,12.69952]},"KQo":{"weight":0.0011,"played":[0.0013,0.0028,0.9959],"evs":[0.0,1.90803,2.46272]},"AQo":{"weight":0.0,"played":[0.0,0.0036,0.9964],"evs":[0.0,3.65839,4.16175]},"K2s":{"weight":0.0,"played":[0.8293,0.1186,0.0521],"evs":[0.0,-0.72852,-1.34607]},"K3s":{"weight":0.0,"played":[0.7386,0.2442,0.0172],"evs":[0.0,-0.60648,-1.23827]},"K4s":{"weight":0.0,"played":[0.6563,0.2207,0.1229],"evs":[0.0,-1.02771,-1.03347]},"K5s":{"weight":0.0469,"played":[0.6669,0.2531,0.08],"evs":[0.0,-0.75568,-1.41777]},"K6s":{"weight":0.989,"played":[0.7857,0.1771,0.0372],"evs":[0.0,-0.63162,-1.19596]},"K7s":{"weight":0.928,"played":[0.1049,0.4355,0.4596],"evs":[0.0,0.52574,0.59327]},"K8s":{"weight":0.978,"played":[0.0221,0.5013,0.4766],"evs":[0.0,0.31002,0.1654]},"K9s":{"weight":0.9994,"played":[0.0521,0.4677,0.4802],"evs":[0.0,0.60386,0.77688]},"KTs":{"weight":1.0,"played":[1.0E-4,2.0E-4,0.9997],"evs":[0.0,1.29768,1.82197]},"KJs":{"weight":0.0626,"played":[0.0197,0.0202,0.9602],"evs":[0.0,1.80296,2.42636]},"KQs":{"weight":3.0E-4,"played":[3.0E-4,0.0045,0.9951],"evs":[0.0,3.2448,3.81403]},"KK":{"weight":0.0,"played":[0.0,3.0E-4,0.9997],"evs":[0.0,14.7061,15.39213]},"AKo":{"weight":0.0,"played":[0.0,0.001,0.999],"evs":[0.0,5.39768,6.05007]},"A2s":{"weight":0.3047,"played":[3.0E-4,0.1795,0.8202],"evs":[0.0,0.32753,0.7058]},"A3s":{"weight":0.8629,"played":[0.4292,0.0738,0.497],"evs":[0.0,-0.66457,-0.32089]},"A4s":{"weight":0.3795,"played":[0.0024,0.1196,0.878],"evs":[0.0,1.4142,1.43477]},"A5s":{"weight":1.0E-4,"played":[0.0016,0.1947,0.8037],"evs":[0.0,1.60274,1.80269]},"A6s":{"weight":0.0402,"played":[0.0028,0.2312,0.766],"evs":[0.0,0.9797,0.9062]},"A7s":{"weight":0.0144,"played":[0.0014,0.0378,0.9608],"evs":[0.0,1.16221,1.66698]},"A8s":{"weight":0.0495,"played":[6.0E-4,0.0108,0.9885],"evs":[0.0,1.68643,2.16763]},"A9s":{"weight":0.0056,"played":[0.0047,0.0569,0.9384],"evs":[0.0,1.74528,2.22225]},"ATs":{"weight":7.0E-4,"played":[9.0E-4,0.2323,0.7668],"evs":[0.0,1.82431,2.21403]},"AJs":{"weight":0.0,"played":[1.0E-4,0.007,0.9929],"evs":[0.0,4.98687,5.47714]},"AQs":{"weight":0.0,"played":[1.0E-4,0.0025,0.9974],"evs":[0.0,5.99033,6.27879]},"AKs":{"weight":0.0,"played":[0.0,1.0E-4,0.9999],"evs":[0.0,7.74094,8.08686]},"AA":{"weight":0.0,"played":[0.0,3.0E-4,0.9997],"evs":[0.0,19.48307,20.5387]}}}