{"player":1,"street":0,"children":2,"sequence":[{"player":0,"type":"F","amount":0,"street":0},{"player":1,"type":"R","amount":200000,"street":0},{"player":2,"type":"C","amount":200000,"street":0},{"player":3,"type":"F","amount":0,"street":0},{"player":4,"type":"C","amount":150000,"street":0},{"player":5,"type":"R","amount":735000,"street":0},{"player":1,"type":"C","amount":535000,"street":0},{"player":2,"type":"R","amount":985000,"street":0},{"player":4,"type":"C","amount":785000,"street":0}],"actions":[{"type":"F","amount":0},{"type":"C","amount":250000}],"hands":{"22":{"weight":0.0,"played":[1.0E-4,0.9999],"evs":[0.0,4.41564]},"32o":{"weight":0.0,"played":[2.0E-4,0.9998],"evs":[0.0,2.61693]},"42o":{"weight":0.0,"played":[0.0055,0.9945],"evs":[0.0,3.54738]},"52o":{"weight":0.0,"played":[0.001,0.999],"evs":[0.0,2.84315]},"62o":{"weight":0.0,"played":[0.014,0.986],"evs":[0.0,1.88276]},"72o":{"weight":0.0,"played":[0.001,0.999],"evs":[0.0,1.47394]},"82o":{"weight":0.0,"played":[0.0024,0.9976],"evs":[0.0,2.79617]},"92o":{"weight":0.0,"played":[2.0E-4,0.9998],"evs":[0.0,1.86097]},"T2o":{"weight":0.0,"played":[0.0011,0.9989],"evs":[0.0,2.31706]},"J2o":{"weight":0.0,"played":[0.0154,0.9846],"evs":[0.0,2.16911]},"Q2o":{"weight":0.0,"played":[0.001,0.999],"evs":[0.0,3.08956]},"K2o":{"weight":0.0,"played":[0.001,0.999],"evs":[0.0,2.98916]},"A2o":{"weight":0.0,"played":[1.0E-4,0.9999],"evs":[0.0,4.84223]},"32s":{"weight":0.0,"played":[0.005,0.995],"evs":[0.0,2.63066]},"33":{"weight":0.0,"played":[0.0,1.0],"evs":[0.0,7.4391]},"43o":{"weight":0.0,"played":[1.0E-4,0.9999],"evs":[0.0,2.52505]},"53o":{"weight":0.0,"played":[1.0E-4,0.9999],"evs":[0.0,2.90318]},"63o":{"weight":0.0,"played":[0.001,0.999],"evs":[0.0,3.0501]},"73o":{"weight":0.0,"played":[0.0036,0.9964],"evs":[0.0,2.83839]},"83o":{"weight":0.0,"played":[0.0036,0.9964],"evs":[0.0,3.3451]},"93o":{"weight":0.0,"played":[0.0,1.0],"evs":[0.0,2.73243]},"T3o":{"weight":0.0,"played":[0.0013,0.9987],"evs":[0.0,2.79529]},"J3o":{"weight":0.0,"played":[1.0E-4,0.9999],"evs":[0.0,3.1954]},"Q3o":{"weight":0.0,"played":[0.0069,0.9931],"evs":[0.0,2.66277]},"K3o":{"weight":0.0,"played":[0.0066,0.9934],"evs":[0.0,4.21752]},"A3o":{"weight":0.0181,"played":[0.0,1.0],"evs":[0.0,5.36758]},"42s":{"weight":0.0,"played":[0.002,0.998],"evs":[0.0,4.58061]},"43s":{"weight":0.0,"played":[7.0E-4,0.9993],"evs":[0.0,4.41093]},"44":{"weight":0.0029,"played":[0.0,1.0],"evs":[0.0,4.88875]},"54o":{"weight":0.0,"played":[4.0E-4,0.9996],"evs":[0.0,3.78593]},"64o":{"weight":0.0,"played":[0.0066,0.9934],"evs":[0.0,2.44362]},"74o":{"weight":0.0,"played":[0.0066,0.9934],"evs":[0.0,3.03447]},"84o":{"weight":0.0,"played":[7.0E-4,0.9993],"evs":[0.0,3.8736]},"94o":{"weight":0.0,"played":[1.0E-4,0.9999],"evs":[0.0,2.59674]},"T4o":{"weight":0.0,"played":[3.0E-4,0.9997],"evs":[0.0,3.37802]},"J4o":{"weight":0.0,"played":[2.0E-4,0.9998],"evs":[0.0,2.58402]},"Q4o":{"weight":0.0,"played":[0.0016,0.9984],"evs":[0.0,2.31987]},"K4o":{"weight":0.0,"played":[0.0,1.0],"evs":[0.0,3.43972]},"A4o":{"weight":0.0024,"played":[0.0,1.0],"evs":[0.0,5.4413]},"52s":{"weight":0.0,"played":[0.0042,0.9958],"evs":[0.0,5.45375]},"53s":{"weight":0.0,"played":[0.0041,0.9959],"evs":[0.0,5.77031]},"54s":{"weight":0.0,"played":[0.0195,0.9805],"evs":[0.0,4.69086]},"55":{"weight":0.0258,"played":[1.0E-4,0.9999],"evs":[0.0,8.46628]},"65o":{"weight":0.0,"played":[7.0E-4,0.9993],"evs":[0.0,3.91953]},"75o":{"weight":0.0,"played":[3.0E-4,0.9997],"evs":[0.0,4.21906]},"85o":{"weight":0.0,"played":[0.006,0.994],"evs":[0.0,3.68766]},"95o":{"weight":0.0,"played":[1.0E-4,0.9999],"evs":[0.0,2.87092]},"T5o":{"weight":0.0,"played":[0.0318,0.9682],"evs":[0.0,2.8454]},"J5o":{"weight":0.0,"played":[0.0,1.0],"evs":[0.0,2.58489]},"Q5o":{"weight":0.0,"played":[0.0176,0.9824],"evs":[0.0,3.70243]},"K5o":{"weight":0.0,"played":[4.0E-4,0.9996],"evs":[0.0,5.0952]},"A5o":{"weight":0.0357,"played":[0.0,1.0],"evs":[0.0,7.58446]},"62s":{"weight":0.0,"played":[0.006,0.994],"evs":[0.0,5.65398]},"63s":{"weight":0.0,"played":[4.0E-4,0.9996],"evs":[0.0,4.44183]},"64s":{"weight":0.0,"played":[0.0017,0.9983],"evs":[0.0,4.65995]},"65s":{"weight":0.0,"played":[2.0E-4,0.9998],"evs":[0.0,5.10816]},"66":{"weight":0.0,"played":[0.0,1.0],"evs":[0.0,9.50979]},"76o":{"weight":0.0,"played":[2.0E-4,0.9998],"evs":[0.0,4.55396]},"86o":{"weight":0.0,"played":[9.0E-4,0.9991],"evs":[0.0,4.83357]},"96o":{"weight":0.0,"played":[0.0015,0.9985],"evs":[0.0,4.49441]},"T6o":{"weight":0.0,"played":[4.0E-4,0.9996],"evs":[0.0,3.8256]},"J6o":{"weight":0.0,"played":[0.002,0.998],"evs":[0.0,4.10142]},"Q6o":{"weight":0.0,"played":[0.0016,0.9984],"evs":[0.0,3.27024]},"K6o":{"weight":0.0,"played":[1.0E-4,0.9999],"evs":[0.0,4.58858]},"A6o":{"weight":0.0924,"played":[4.0E-4,0.9996],"evs":[0.0,6.11009]},"72s":{"weight":0.0,"played":[0.0053,0.9947],"evs":[0.0,4.00154]},"73s":{"weight":0.0,"played":[0.0101,0.9899],"evs":[0.0,4.87524]},"74s":{"weight":0.0,"played":[0.0032,0.9968],"evs":[0.0,4.78366]},"75s":{"weight":0.0,"played":[0.0013,0.9987],"evs":[0.0,5.49975]},"76s":{"weight":0.2412,"played":[0.0,1.0],"evs":[0.0,7.02091]},"77":{"weight":0.0016,"played":[0.0,1.0],"evs":[0.0,9.53491]},"87o":{"weight":0.0,"played":[5.0E-4,0.9995],"evs":[0.0,4.37763]},"97o":{"weight":0.0,"played":[5.0E-4,0.9995],"evs":[0.0,4.32981]},"T7o":{"weight":0.0,"played":[1.0E-4,0.9999],"evs":[0.0,2.82785]},"J7o":{"weight":0.0,"played":[0.0024,0.9976],"evs":[0.0,1.98184]},"Q7o":{"weight":0.0,"played":[0.0018,0.9982],"evs":[0.0,2.55169]},"K7o":{"weight":0.0,"played":[1.0E-4,0.9999],"evs":[0.0,4.92556]},"A7o":{"weight":0.0299,"played":[0.0,1.0],"evs":[0.0,7.64683]},"82s":{"weight":0.0,"played":[0.0064,0.9936],"evs":[0.0,4.73134]},"83s":{"weight":0.0,"played":[1.0E-4,0.9999],"evs":[0.0,4.33223]},"84s":{"weight":0.0,"played":[3.0E-4,0.9997],"evs":[0.0,2.75155]},"85s":{"weight":0.0,"played":[0.0027,0.9973],"evs":[0.0,5.5484]},"86s":{"weight":0.0,"played":[1.0E-4,0.9999],"evs":[0.0,4.29206]},"87s":{"weight":0.8067,"played":[1.0E-4,0.9999],"evs":[0.0,5.85575]},"88":{"weight":0.036,"played":[0.0,1.0],"evs":[0.0,11.08854]},"98o":{"weight":0.0,"played":[1.0E-4,0.9999],"evs":[0.0,5.58653]},"T8o":{"weight":0.0,"played":[0.0,1.0],"evs":[0.0,4.71389]},"J8o":{"weight":0.0,"played":[0.0,1.0],"evs":[0.0,5.20061]},"Q8o":{"weight":0.0,"played":[1.0E-4,0.9999],"evs":[0.0,5.06568]},"K8o":{"weight":0.0,"played":[1.0E-4,0.9999],"evs":[0.0,5.23596]},"A8o":{"weight":0.0813,"played":[2.0E-4,0.9998],"evs":[0.0,7.99089]},"92s":{"weight":0.0,"played":[0.002,0.998],"evs":[0.0,2.59768]},"93s":{"weight":0.0,"played":[0.0345,0.9655],"evs":[0.0,3.5612]},"94s":{"weight":0.0,"played":[4.0E-4,0.9996],"evs":[0.0,4.45241]},"95s":{"weight":0.0,"played":[0.0024,0.9976],"evs":[0.0,5.67066]},"96s":{"weight":0.0,"played":[6.0E-4,0.9994],"evs":[0.0,4.77933]},"97s":{"weight":0.2935,"played":[0.0017,0.9983],"evs":[0.0,5.22118]},"98s":{"weight":0.8547,"played":[0.0012,0.9988],"evs":[0.0,7.49661]},"99":{"weight":0.1403,"played":[0.0,1.0],"evs":[0.0,13.63036]},"T9o":{"weight":0.035,"played":[1.0E-4,0.9999],"evs":[0.0,5.31368]},"J9o":{"weight":0.0,"played":[6.0E-4,0.9994],"evs":[0.0,5.06263]},"Q9o":{"weight":0.0,"played":[3.0E-4,0.9997],"evs":[0.0,5.28167]},"K9o":{"weight":0.0097,"played":[2.0E-4,0.9998],"evs":[0.0,6.9572]},"A9o":{"weight":0.0603,"played":[0.0,1.0],"evs":[0.0,8.49216]},"T2s":{"weight":0.0,"played":[0.0172,0.9828],"evs":[0.0,3.74311]},"T3s":{"weight":0.0,"played":[0.0084,0.9916],"evs":[0.0,3.81796]},"T4s":{"weight":0.0,"played":[7.0E-4,0.9993],"evs":[0.0,4.50814]},"T5s":{"weight":0.0,"played":[2.0E-4,0.9998],"evs":[0.0,3.06145]},"T6s":{"weight":0.0,"played":[6.0E-4,0.9994],"evs":[0.0,4.07654]},"T7s":{"weight":0.0067,"played":[0.0019,0.9981],"evs":[0.0,5.78879]},"T8s":{"weight":0.2491,"played":[0.0,1.0],"evs":[0.0,5.23563]},"T9s":{"weight":0.7209,"played":[0.0019,0.9981],"evs":[0.0,6.40704]},"TT":{"weight":0.1845,"played":[0.0,1.0],"evs":[0.0,14.47517]},"JTo":{"weight":0.2234,"played":[0.0,1.0],"evs":[0.0,4.89397]},"QTo":{"weight":0.0418,"played":[0.0,1.0],"evs":[0.0,6.07195]},"KTo":{"weight":0.3959,"played":[0.0,1.0],"evs":[0.0,7.83254]},"ATo":{"weight":0.0083,"played":[0.0,1.0],"evs":[0.0,10.11418]},"J2s":{"weight":0.0,"played":[0.0091,0.9909],"evs":[0.0,4.41195]},"J3s":{"weight":0.0,"played":[0.0312,0.9688],"evs":[0.0,3.37582]},"J4s":{"weight":0.0,"played":[0.0123,0.9877],"evs":[0.0,3.5464]},"J5s":{"weight":0.0,"played":[0.117,0.883],"evs":[0.0,3.79409]},"J6s":{"weight":0.0,"played":[0.0023,0.9977],"evs":[0.0,5.51263]},"J7s":{"weight":0.0094,"played":[0.0175,0.9825],"evs":[0.0,4.26136]},"J8s":{"weight":0.0027,"played":[0.0,1.0],"evs":[0.0,5.66339]},"J9s":{"weight":0.2637,"played":[0.0,1.0],"evs":[0.0,5.7017]},"JTs":{"weight":0.0068,"played":[1.0E-4,0.9999],"evs":[0.0,4.78568]},"JJ":{"weight":0.0786,"played":[0.0,1.0],"evs":[0.0,17.23883]},"QJo":{"weight":0.2323,"played":[0.0,1.0],"evs":[0.0,7.42512]},"KJo":{"weight":0.0349,"played":[0.0,1.0],"evs":[0.0,9.82264]},"AJo":{"weight":0.0,"played":[0.0,1.0],"evs":[0.0,10.79615]},"Q2s":{"weight":0.0,"played":[0.0235,0.9765],"evs":[0.0,5.16377]},"Q3s":{"weight":0.0,"played":[0.0039,0.9961],"evs":[0.0,4.83958]},"Q4s":{"weight":0.0,"played":[0.0024,0.9976],"evs":[0.0,5.40224]},"Q5s":{"weight":0.0,"played":[4.0E-4,0.9996],"evs":[0.0,5.30623]},"Q6s":{"weight":0.0,"played":[1.0E-4,0.9999],"evs":[0.0,5.68404]},"Q7s":{"weight":0.1365,"played":[0.0,1.0],"evs":[0.0,5.11726]},"Q8s":{"weight":0.0013,"played":[0.002,0.998],"evs":[0.0,7.14665]},"Q9s":{"weight":0.0371,"played":[0.0,1.0],"evs":[0.0,7.71442]},"QTs":{"weight":0.0603,"played":[0.0,1.0],"evs":[0.0,7.56795]},"QJs":{"weight":0.0728,"played":[1.0E-4,0.9999],"evs":[0.0,9.81691]},"QQ":{"weight":0.1535,"played":[0.0,1.0],"evs":[0.0,19.71996]},"KQo":{"weight":0.0026,"played":[0.0,1.0],"evs":[0.0,9.66351]},"AQo":{"weight":0.1549,"played":[0.0,1.0],"evs":[0.0,11.0314]},"K2s":{"weight":0.0,"played":[2.0E-4,0.9998],"evs":[0.0,5.82977]},"K3s":{"weight":0.0,"played":[0.0,1.0],"evs":[0.0,6.61569]},"K4s":{"weight":0.0,"played":[0.0381,0.9619],"evs":[0.0,6.25505]},"K5s":{"weight":0.0225,"played":[8.0E-4,0.9992],"evs":[0.0,5.59647]},"K6s":{"weight":0.0195,"played":[0.0,1.0],"evs":[0.0,7.08405]},"K7s":{"weight":0.0139,"played":[0.0,1.0],"evs":[0.0,7.65121]},"K8s":{"weight":0.0033,"played":[5.0E-4,0.9995],"evs":[0.0,7.54003]},"K9s":{"weight":1.0E-4,"played":[0.0106,0.9894],"evs":[0.0,5.38336]},"KTs":{"weight":0.0,"played":[0.0,1.0],"evs":[0.0,9.59974]},"KJs":{"weight":0.0026,"played":[1.0E-4,0.9999],"evs":[0.0,9.12579]},"KQs":{"weight":0.4162,"played":[0.0,1.0],"evs":[0.0,11.22804]},"KK":{"weight":0.3666,"played":[0.0,1.0],"evs":[0.0,21.01687]},"AKo":{"weight":0.5575,"played":[0.0,1.0],"evs":[0.0,12.41603]},"A2s":{"weight":0.4054,"played":[5.0E-4,0.9995],"evs":[0.0,7.69777]},"A3s":{"weight":1.0E-4,"played":[2.0E-4,0.9998],"evs":[0.0,7.84991]},"A4s":{"weight":0.0169,"played":[0.0,1.0],"evs":[0.0,7.73678]},"A5s":{"weight":0.0,"played":[0.0014,0.9986],"evs":[0.0,7.73607]},"A6s":{"weight":1.0E-4,"played":[0.0051,0.9949],"evs":[0.0,7.98447]},"A7s":{"weight":3.0E-4,"played":[0.0,1.0],"evs":[0.0,8.74023]},"A8s":{"weight":0.0,"played":[0.0,1.0],"evs":[0.0,9.14151]},"A9s":{"weight":0.3221,"played":[1.0E-4,0.9999],"evs":[0.0,10.51086]},"ATs":{"weight":0.0254,"played":[1.0E-4,0.9999],"evs":[0.0,12.01051]},"AJs":{"weight":0.1491,"played":[0.0,1.0],"evs":[0.0,10.76496]},"AQs":{"weight":0.576,"played":[0.0,1.0],"evs":[0.0,13.96894]},"AKs":{"weight":0.0851,"played":[1.0E-4,0.9999],"evs":[0.0,14.23355]},"AA":{"weight":0.2183,"played":[0.0,1.0],"evs":[0.0,23.75114]}}}