{"player":5,"street":0,"children":3,"sequence":[{"player":0,"type":"F","amount":0,"street":0},{"player":1,"type":"F","amount":0,"street":0},{"player":2,"type":"F","amount":0,"street":0},{"player":3,"type":"R","amount":200000,"street":0},{"player":4,"type":"C","amount":150000,"street":0}],"actions":[{"type":"F","amount":0},{"type":"C","amount":100000},{"type":"R","amount":735000,"node":12}],"hands":{"22":{"weight":1.0,"played":[0.0,0.0,1.0],"evs":[0.0,0.7312,0.94821]},"32o":{"weight":1.0,"played":[0.0051,0.9949,0.0],"evs":[0.0,0.06991,-1.11367]},"42o":{"weight":1.0,"played":[3.0E-4,0.9997,0.0],"evs":[0.0,0.06556,-1.12562]},"52o":{"weight":1.0,"played":[9.0E-4,0.9991,0.0],"evs":[0.0,0.07909,-1.06722]},"62o":{"weight":1.0,"played":[0.9996,4.0E-4,0.0],"evs":[0.0,-0.01198,-1.27149]},"72o":{"weight":1.0,"played":[1.0,0.0,0.0],"evs":[0.0,-0.12229,-1.46309]},"82o":{"weight":1.0,"played":[1.0,0.0,0.0],"evs":[0.0,-0.06737,-1.26943]},"92o":{"weight":1.0,"played":[1.0,0.0,0.0],"evs":[0.0,-0.10728,-1.287]},"T2o":{"weight":1.0,"played":[1.0,0.0,0.0],"evs":[0.0,-0.06446,-1.15827]},"J2o":{"weight":1.0,"played":[0.0022,0.9978,0.0],"evs":[0.0,0.07632,-0.82199]},"Q2o":{"weight":1.0,"played":[2.0E-4,0.9998,0.0],"evs":[0.0,0.06489,-0.74459]},"K2o":{"weight":1.0,"played":[1.0E-4,0.9999,0.0],"evs":[0.0,0.16404,-0.26874]},"A2o":{"weight":1.0,"played":[0.0,0.0,1.0],"evs":[0.0,1.03572,1.47285]},"32s":{"weight":1.0,"played":[1.0E-4,0.9999,0.0],"evs":[0.0,0.30169,-0.57939]},"33":{"weight":1.0,"played":[0.0,0.0,1.0],"evs":[0.0,0.81616,1.10868]},"43o":{"weight":1.0,"played":[1.0E-4,0.9999,0.0],"evs":[0.0,0.18236,-0.82514]},"53o":{"weight":1.0,"played":[1.0E-4,0.9999,0.0],"evs":[0.0,0.20053,-0.78979]},"63o":{"weight":1.0,"played":[7.0E-4,0.9993,0.0],"evs":[0.0,0.08601,-1.00606]},"73o":{"weight":1.0,"played":[0.6254,0.3746,0.0],"evs":[0.0,-0.00423,-1.14234]},"83o":{"weight":1.0,"played":[1.0,0.0,0.0],"evs":[0.0,-0.04577,-1.21726]},"93o":{"weight":1.0,"played":[1.0,0.0,0.0],"evs":[0.0,-0.04098,-1.15004]},"T3o":{"weight":1.0,"played":[1.0,0.0,0.0],"evs":[0.0,-0.03008,-1.02783]},"J3o":{"weight":1.0,"played":[0.0019,0.9981,0.0],"evs":[0.0,0.11041,-0.72927]},"Q3o":{"weight":1.0,"played":[0.003,0.997,0.0],"evs":[0.0,0.10164,-0.60995]},"K3o":{"weight":1.0,"played":[1.0E-4,0.9999,0.0],"evs":[0.0,0.22154,-0.14041]},"A3o":{"weight":1.0,"played":[0.0,0.0,1.0],"evs":[0.0,1.0586,1.50543]},"42s":{"weight":1.0,"played":[1.0E-4,0.9999,0.0],"evs":[0.0,0.34896,-0.499]},"43s":{"weight":1.0,"played":[0.0,1.0,0.0],"evs":[0.0,0.43448,-0.27148]},"44":{"weight":1.0,"played":[0.0,0.0,1.0],"evs":[0.0,0.8927,1.25553]},"54o":{"weight":1.0,"played":[1.0E-4,0.9999,0.0],"evs":[0.0,0.26356,-0.60602]},"64o":{"weight":1.0,"played":[3.0E-4,0.9997,0.0],"evs":[0.0,0.16817,-0.80901]},"74o":{"weight":1.0,"played":[1.0E-4,0.9999,0.0],"evs":[0.0,0.07644,-0.93053]},"84o":{"weight":1.0,"played":[0.0091,0.9909,0.0],"evs":[0.0,0.01662,-1.0014]},"94o":{"weight":1.0,"played":[1.0,0.0,0.0],"evs":[0.0,-0.05062,-1.15508]},"T4o":{"weight":1.0,"played":[1.0,0.0,0.0],"evs":[0.0,-0.01342,-0.97731]},"J4o":{"weight":1.0,"played":[0.0018,0.9982,0.0],"evs":[0.0,0.10908,-0.72655]},"Q4o":{"weight":1.0,"played":[1.0E-4,0.9999,0.0],"evs":[0.0,0.12083,-0.56212]},"K4o":{"weight":1.0,"played":[0.0011,0.9989,0.0],"evs":[0.0,0.24603,-0.06922]},"A4o":{"weight":1.0,"played":[0.0,0.0,1.0],"evs":[0.0,1.11322,1.59322]},"52s":{"weight":1.0,"played":[0.0,1.0,0.0],"evs":[0.0,0.35977,-0.50205]},"53s":{"weight":1.0,"played":[0.0,1.0,0.0],"evs":[0.0,0.42905,-0.25802]},"54s":{"weight":1.0,"played":[0.0,1.0,0.0],"evs":[0.0,0.54502,-0.06316]},"55":{"weight":1.0,"played":[0.0,0.0,1.0],"evs":[0.0,0.95973,1.36416]},"65o":{"weight":1.0,"played":[1.0E-4,0.9999,0.0],"evs":[0.0,0.2566,-0.6044]},"75o":{"weight":1.0,"played":[6.0E-4,0.9994,0.0],"evs":[0.0,0.17921,-0.71468]},"85o":{"weight":1.0,"played":[1.0E-4,0.9999,0.0],"evs":[0.0,0.1185,-0.79429]},"95o":{"weight":1.0,"played":[0.03,0.97,0.0],"evs":[0.0,0.02841,-0.93754]},"T5o":{"weight":1.0,"played":[0.8931,0.1069,0.0],"evs":[0.0,-0.01214,-0.96275]},"J5o":{"weight":1.0,"played":[9.0E-4,0.9991,0.0],"evs":[0.0,0.11622,-0.65093]},"Q5o":{"weight":1.0,"played":[0.0067,0.9933,0.0],"evs":[0.0,0.14451,-0.49348]},"K5o":{"weight":1.0,"played":[1.0E-4,0.9999,0.0],"evs":[0.0,0.26497,-0.03991]},"A5o":{"weight":1.0,"played":[0.0,0.0,1.0],"evs":[0.0,1.1753,1.65721]},"62s":{"weight":1.0,"played":[0.0,1.0,0.0],"evs":[0.0,0.23154,-0.73377]},"63s":{"weight":1.0,"played":[0.0,1.0,0.0],"evs":[0.0,0.35795,-0.43304]},"64s":{"weight":1.0,"played":[0.0,1.0,0.0],"evs":[0.0,0.42625,-0.287]},"65s":{"weight":1.0,"played":[0.0,1.0,0.0],"evs":[0.0,0.52867,-0.05806]},"66":{"weight":1.0,"played":[0.0,0.0,1.0],"evs":[0.0,1.08473,1.61585]},"76o":{"weight":1.0,"played":[1.0E-4,0.9999,0.0],"evs":[0.0,0.21965,-0.60677]},"86o":{"weight":1.0,"played":[3.0E-4,0.9997,0.0],"evs":[0.0,0.19337,-0.61704]},"96o":{"weight":1.0,"played":[2.0E-4,0.9998,0.0],"evs":[0.0,0.0933,-0.77866]},"T6o":{"weight":1.0,"played":[8.0E-4,0.9992,0.0],"evs":[0.0,0.04876,-0.80744]},"J6o":{"weight":1.0,"played":[0.005,0.995,0.0],"evs":[0.0,0.12359,-0.68024]},"Q6o":{"weight":1.0,"played":[0.0,1.0,0.0],"evs":[0.0,0.16387,-0.43614]},"K6o":{"weight":1.0,"played":[3.0E-4,0.9997,0.0],"evs":[0.0,0.29392,0.01797]},"A6o":{"weight":1.0,"played":[0.0,0.0,1.0],"evs":[0.0,1.09154,1.6137]},"72s":{"weight":1.0,"played":[0.0,1.0,0.0],"evs":[0.0,0.15534,-0.79865]},"73s":{"weight":1.0,"played":[0.0,1.0,0.0],"evs":[0.0,0.28118,-0.54831]},"74s":{"weight":1.0,"played":[0.0,1.0,0.0],"evs":[0.0,0.38388,-0.35592]},"75s":{"weight":1.0,"played":[1.0E-4,0.9999,0.0],"evs":[0.0,0.44786,-0.14335]},"76s":{"weight":1.0,"played":[0.0,1.0,0.0],"evs":[0.0,0.52717,0.00378]},"77":{"weight":1.0,"played":[0.0,0.0,1.0],"evs":[0.0,1.22653,1.91793]},"87o":{"weight":1.0,"played":[0.0,1.0,0.0],"evs":[0.0,0.24259,-0.4606]},"97o":{"weight":1.0,"played":[2.0E-4,0.9998,0.0],"evs":[0.0,0.17334,-0.58907]},"T7o":{"weight":1.0,"played":[0.0017,0.9983,0.0],"evs":[0.0,0.1125,-0.64316]},"J7o":{"weight":1.0,"played":[0.0,1.0,0.0],"evs":[0.0,0.20327,-0.47444]},"Q7o":{"weight":1.0,"played":[2.0E-4,0.9998,0.0],"evs":[0.0,0.18165,-0.45398]},"K7o":{"weight":1.0,"played":[1.0E-4,0.9999,0.0],"evs":[0.0,0.31638,0.07062]},"A7o":{"weight":1.0,"played":[0.0,0.0,1.0],"evs":[0.0,1.20645,1.75164]},"82s":{"weight":1.0,"played":[0.0,1.0,0.0],"evs":[0.0,0.19725,-0.67601]},"83s":{"weight":1.0,"played":[0.0,1.0,0.0],"evs":[0.0,0.23291,-0.56275]},"84s":{"weight":1.0,"played":[0.0,1.0,0.0],"evs":[0.0,0.30813,-0.39389]},"85s":{"weight":1.0,"played":[1.0E-4,0.9999,0.0],"evs":[0.0,0.39299,-0.24024]},"86s":{"weight":1.0,"played":[0.0,1.0,0.0],"evs":[0.0,0.49389,-0.03978]},"87s":{"weight":1.0,"played":[0.0,1.0,0.0],"evs":[0.0,0.56049,0.14719]},"88":{"weight":1.0,"played":[0.0,0.0,1.0],"evs":[0.0,1.49487,2.35455]},"98o":{"weight":1.0,"played":[0.0,1.0,0.0],"evs":[0.0,0.2715,-0.38093]},"T8o":{"weight":1.0,"played":[1.0E-4,0.9999,0.0],"evs":[0.0,0.2408,-0.39729]},"J8o":{"weight":1.0,"played":[0.0,1.0,0.0],"evs":[0.0,0.31496,-0.24229]},"Q8o":{"weight":1.0,"played":[0.0,1.0,0.0],"evs":[0.0,0.29356,-0.19601]},"K8o":{"weight":1.0,"played":[0.0,1.0,0.0],"evs":[0.0,0.43106,0.22742]},"A8o":{"weight":1.0,"played":[0.0,0.0,1.0],"evs":[0.0,1.26595,1.93101]},"92s":{"weight":1.0,"played":[0.0019,0.9981,0.0],"evs":[0.0,0.2278,-0.62538]},"93s":{"weight":1.0,"played":[2.0E-4,0.9998,0.0],"evs":[0.0,0.22559,-0.56889]},"94s":{"weight":1.0,"played":[4.0E-4,0.9996,0.0],"evs":[0.0,0.23779,-0.54191]},"95s":{"weight":1.0,"played":[1.0E-4,0.9999,0.0],"evs":[0.0,0.29934,-0.38541]},"96s":{"weight":1.0,"played":[1.0E-4,0.9999,0.0],"evs":[0.0,0.39731,-0.19342]},"97s":{"weight":1.0,"played":[1.0E-4,0.9999,0.0],"evs":[0.0,0.51034,0.02368]},"98s":{"weight":1.0,"played":[0.0,1.0,0.0],"evs":[0.0,0.5981,0.17427]},"99":{"weight":1.0,"played":[0.0,0.0,1.0],"evs":[0.0,1.77618,2.78316]},"T9o":{"weight":1.0,"played":[0.0,1.0,0.0],"evs":[0.0,0.30895,-0.23404]},"J9o":{"weight":1.0,"played":[0.0,1.0,0.0],"evs":[0.0,0.41209,-0.1075]},"Q9o":{"weight":1.0,"played":[0.0,1.0,0.0],"evs":[0.0,0.43766,-0.05101]},"K9o":{"weight":1.0,"played":[0.0,0.9956,0.0044],"evs":[0.0,0.66023,0.5913]},"A9o":{"weight":1.0,"played":[0.0,0.0,1.0],"evs":[0.0,1.42654,2.15563]},"T2s":{"weight":1.0,"played":[1.0E-4,0.9999,0.0],"evs":[0.0,0.24071,-0.54996]},"T3s":{"weight":1.0,"played":[1.0E-4,0.9999,0.0],"evs":[0.0,0.24575,-0.46701]},"T4s":{"weight":1.0,"played":[2.0E-4,0.9998,0.0],"evs":[0.0,0.28038,-0.41358]},"T5s":{"weight":1.0,"played":[0.0,1.0,0.0],"evs":[0.0,0.29764,-0.35317]},"T6s":{"weight":1.0,"played":[1.0E-4,0.9999,0.0],"evs":[0.0,0.32986,-0.28653]},"T7s":{"weight":1.0,"played":[0.0,1.0,0.0],"evs":[0.0,0.41027,-0.13178]},"T8s":{"weight":1.0,"played":[0.0,1.0,0.0],"evs":[0.0,0.59088,0.17921]},"T9s":{"weight":1.0,"played":[0.0,1.0,0.0],"evs":[0.0,0.66834,0.30954]},"TT":{"weight":1.0,"played":[0.0,0.0,1.0],"evs":[0.0,2.3949,3.69124]},"JTo":{"weight":1.0,"played":[0.0,1.0,0.0],"evs":[0.0,0.58084,0.1896]},"QTo":{"weight":1.0,"played":[0.0,1.0,0.0],"evs":[0.0,0.69815,0.47674]},"KTo":{"weight":1.0,"played":[0.0,0.0,1.0],"evs":[0.0,1.1256,1.50261]},"ATo":{"weight":1.0,"played":[0.0,0.0,1.0],"evs":[0.0,1.74035,2.756]},"J2s":{"weight":1.0,"played":[1.0E-4,0.9999,0.0],"evs":[0.0,0.40096,-0.2647]},"J3s":{"weight":1.0,"played":[0.0,1.0,0.0],"evs":[0.0,0.44158,-0.13881]},"J4s":{"weight":1.0,"played":[0.0,1.0,0.0],"evs":[0.0,0.43486,-0.09375]},"J5s":{"weight":1.0,"played":[0.0,1.0,0.0],"evs":[0.0,0.42134,-0.09215]},"J6s":{"weight":1.0,"played":[0.0,1.0,0.0],"evs":[0.0,0.44781,-0.09441]},"J7s":{"weight":1.0,"played":[0.0,1.0,0.0],"evs":[0.0,0.52545,0.05363]},"J8s":{"weight":1.0,"played":[0.0,1.0,0.0],"evs":[0.0,0.6711,0.33142]},"J9s":{"weight":1.0,"played":[0.0,1.0,0.0],"evs":[0.0,0.77974,0.44932]},"JTs":{"weight":1.0,"played":[0.0,0.9991,9.0E-4],"evs":[0.0,0.99286,0.76632]},"JJ":{"weight":1.0,"played":[0.0,0.0,1.0],"evs":[0.0,3.01967,4.35946]},"QJo":{"weight":1.0,"played":[0.0,0.5604,0.4396],"evs":[0.0,1.00214,0.99888]},"KJo":{"weight":1.0,"played":[0.0,0.0,1.0],"evs":[0.0,1.40954,2.01487]},"AJo":{"weight":1.0,"played":[0.0,0.0,1.0],"evs":[0.0,1.92766,3.01062]},"Q2s":{"weight":1.0,"played":[0.0,1.0,0.0],"evs":[0.0,0.42572,-0.13657]},"Q3s":{"weight":1.0,"played":[0.0,1.0,0.0],"evs":[0.0,0.46037,-0.01665]},"Q4s":{"weight":1.0,"played":[0.0,1.0,0.0],"evs":[0.0,0.48942,0.04014]},"Q5s":{"weight":1.0,"played":[0.0,0.9999,1.0E-4],"evs":[0.0,0.48788,0.09494]},"Q6s":{"weight":1.0,"played":[0.0,1.0,0.0],"evs":[0.0,0.48323,0.1269]},"Q7s":{"weight":1.0,"played":[0.0,1.0,0.0],"evs":[0.0,0.55029,0.13714]},"Q8s":{"weight":1.0,"played":[0.0,1.0,0.0],"evs":[0.0,0.6747,0.39117]},"Q9s":{"weight":1.0,"played":[0.0,0.9993,7.0E-4],"evs":[0.0,0.84491,0.53371]},"QTs":{"weight":1.0,"played":[0.0,0.9998,2.0E-4],"evs":[0.0,1.12103,1.0135]},"QJs":{"weight":1.0,"played":[0.0,0.0086,0.9914],"evs":[0.0,1.42061,1.48539]},"QQ":{"weight":1.0,"played":[0.0,0.0,1.0],"evs":[0.0,3.82538,5.13501]},"KQo":{"weight":1.0,"played":[0.0,0.0,1.0],"evs":[0.0,1.64917,2.41922]},"AQo":{"weight":1.0,"played":[0.0,0.0,1.0],"evs":[0.0,2.16072,3.36382]},"K2s":{"weight":1.0,"played":[0.0,0.9999,1.0E-4],"evs":[0.0,0.60629,0.36437]},"K3s":{"weight":1.0,"played":[0.0,0.9996,3.0E-4],"evs":[0.0,0.63664,0.43412]},"K4s":{"weight":1.0,"played":[0.0,0.9999,1.0E-4],"evs":[0.0,0.6561,0.50301]},"K5s":{"weight":1.0,"played":[0.0,0.9997,3.0E-4],"evs":[0.0,0.68446,0.5793]},"K6s":{"weight":1.0,"played":[0.0,0.9122,0.0878],"evs":[0.0,0.70839,0.64812]},"K7s":{"weight":1.0,"played":[0.0,0.9861,0.0138],"evs":[0.0,0.777,0.65996]},"K8s":{"weight":1.0,"played":[0.0,0.9454,0.0546],"evs":[0.0,0.88946,0.80421]},"K9s":{"weight":1.0,"played":[0.0,0.2191,0.7809],"evs":[0.0,1.15779,1.15701]},"KTs":{"weight":1.0,"played":[0.0,0.0,1.0],"evs":[0.0,1.55581,1.97835]},"KJs":{"weight":1.0,"played":[0.0,0.0,1.0],"evs":[0.0,1.8562,2.50385]},"KQs":{"weight":1.0,"played":[0.0,0.0,1.0],"evs":[0.0,2.07394,2.87188]},"KK":{"weight":1.0,"played":[0.0,0.0,1.0],"evs":[0.0,4.87994,6.25574]},"AKo":{"weight":1.0,"played":[0.0,0.0,1.0],"evs":[0.0,2.55084,4.00019]},"A2s":{"weight":1.0,"played":[0.0,0.0,1.0],"evs":[0.0,1.44944,1.95843]},"A3s":{"weight":1.0,"played":[0.0,0.0,1.0],"evs":[0.0,1.49895,2.00401]},"A4s":{"weight":1.0,"played":[0.0,0.0,1.0],"evs":[0.0,1.56147,2.12204]},"A5s":{"weight":1.0,"played":[0.0,0.0,1.0],"evs":[0.0,1.60498,2.13853]},"A6s":{"weight":1.0,"played":[0.0,0.0,1.0],"evs":[0.0,1.53851,2.14568]},"A7s":{"weight":1.0,"played":[0.0,0.0,1.0],"evs":[0.0,1.64102,2.27185]},"A8s":{"weight":1.0,"played":[0.0,0.0,1.0],"evs":[0.0,1.70149,2.41538]},"A9s":{"weight":1.0,"played":[0.0,0.0,1.0],"evs":[0.0,1.84814,2.61034]},"ATs":{"weight":1.0,"played":[0.0,0.0,1.0],"evs":[0.0,2.16609,3.1681]},"AJs":{"weight":1.0,"played":[0.0,0.0,1.0],"evs":[0.0,2.30533,3.37053]},"AQs":{"weight":1.0,"played":[0.0,0.0,1.0],"evs":[0.0,2.58686,3.7978]},"AKs":{"weight":1.0,"played":[0.0,0.0,1.0],"evs":[0.0,2.91647,4.35026]},"AA":{"weight":1.0,"played":[0.0,0.0,1.0],"evs":[0.0,6.00753,7.54287]}}}