{"player":4,"street":0,"children":2,"sequence":[{"player":0,"type":"F","amount":0,"street":0},{"player":1,"type":"R","amount":200000,"street":0},{"player":2,"type":"C","amount":200000,"street":0},{"player":3,"type":"F","amount":0,"street":0},{"player":4,"type":"C","amount":150000,"street":0},{"player":5,"type":"R","amount":735000,"street":0},{"player":1,"type":"R","amount":2035000,"street":0},{"player":2,"type":"C","amount":785000,"street":0}],"actions":[{"type":"F","amount":0},{"type":"C","amount":1835000}],"hands":{"22":{"weight":0.9867,"played":[0.0022,0.9978],"evs":[0.0,0.21615]},"32o":{"weight":0.0,"played":[1.0,0.0],"evs":[0.0,-4.81978]},"42o":{"weight":0.0,"played":[1.0,0.0],"evs":[0.0,-4.978]},"52o":{"weight":0.0,"played":[1.0,0.0],"evs":[0.0,-3.98253]},"62o":{"weight":0.0,"played":[1.0,0.0],"evs":[0.0,-4.27911]},"72o":{"weight":0.0,"played":[1.0,0.0],"evs":[0.0,-4.93064]},"82o":{"weight":0.0,"played":[1.0,0.0],"evs":[0.0,-4.57337]},"92o":{"weight":0.0,"played":[1.0,0.0],"evs":[0.0,-4.92268]},"T2o":{"weight":0.0,"played":[1.0,0.0],"evs":[0.0,-5.0538]},"J2o":{"weight":0.0,"played":[1.0,0.0],"evs":[0.0,-5.02544]},"Q2o":{"weight":0.0,"played":[1.0,0.0],"evs":[0.0,-4.33607]},"K2o":{"weight":0.0,"played":[0.9999,1.0E-4],"evs":[0.0,-3.46239]},"A2o":{"weight":0.0,"played":[1.0,0.0],"evs":[0.0,-1.35335]},"32s":{"weight":0.0,"played":[1.0,0.0],"evs":[0.0,-2.55319]},"33":{"weight":0.9969,"played":[0.0558,0.9442],"evs":[0.0,0.54306]},"43o":{"weight":0.0,"played":[1.0,0.0],"evs":[0.0,-3.85283]},"53o":{"weight":0.0,"played":[1.0,0.0],"evs":[0.0,-3.66908]},"63o":{"weight":0.0,"played":[1.0,0.0],"evs":[0.0,-3.80146]},"73o":{"weight":0.0,"played":[1.0,0.0],"evs":[0.0,-4.54907]},"83o":{"weight":0.0,"played":[1.0,0.0],"evs":[0.0,-4.87918]},"93o":{"weight":0.0,"played":[1.0,0.0],"evs":[0.0,-5.09607]},"T3o":{"weight":0.0,"played":[1.0,0.0],"evs":[0.0,-5.1825]},"J3o":{"weight":0.0,"played":[1.0,0.0],"evs":[0.0,-4.95307]},"Q3o":{"weight":0.0,"played":[1.0,0.0],"evs":[0.0,-4.05783]},"K3o":{"weight":0.0,"played":[1.0,0.0],"evs":[0.0,-3.60589]},"A3o":{"weight":2.0E-4,"played":[0.9999,1.0E-4],"evs":[0.0,-1.14112]},"42s":{"weight":0.0,"played":[1.0,0.0],"evs":[0.0,-2.889]},"43s":{"weight":0.0,"played":[1.0,0.0],"evs":[0.0,-2.59636]},"44":{"weight":0.9977,"played":[6.0E-4,0.9994],"evs":[0.0,1.37622]},"54o":{"weight":0.0,"played":[1.0,0.0],"evs":[0.0,-2.85344]},"64o":{"weight":0.0,"played":[1.0,0.0],"evs":[0.0,-3.42328]},"74o":{"weight":0.0,"played":[1.0,0.0],"evs":[0.0,-3.56949]},"84o":{"weight":0.0,"played":[1.0,0.0],"evs":[0.0,-4.23918]},"94o":{"weight":0.0,"played":[1.0,0.0],"evs":[0.0,-4.93629]},"T4o":{"weight":0.0,"played":[1.0,0.0],"evs":[0.0,-5.39404]},"J4o":{"weight":0.0,"played":[1.0,0.0],"evs":[0.0,-4.74569]},"Q4o":{"weight":0.0,"played":[1.0,0.0],"evs":[0.0,-3.92233]},"K4o":{"weight":0.0,"played":[1.0,0.0],"evs":[0.0,-3.45686]},"A4o":{"weight":0.0082,"played":[0.9989,0.0011],"evs":[0.0,-0.88951]},"52s":{"weight":0.0,"played":[0.9999,1.0E-4],"evs":[0.0,-2.96083]},"53s":{"weight":1.0E-4,"played":[0.9994,6.0E-4],"evs":[0.0,-1.61903]},"54s":{"weight":0.0686,"played":[0.9867,0.0133],"evs":[0.0,-0.90727]},"55":{"weight":0.1681,"played":[1.0E-4,0.9999],"evs":[0.0,2.29553]},"65o":{"weight":0.0,"played":[1.0,0.0],"evs":[0.0,-2.39004]},"75o":{"weight":0.0,"played":[0.9999,1.0E-4],"evs":[0.0,-3.12827]},"85o":{"weight":0.0,"played":[1.0,0.0],"evs":[0.0,-3.59787]},"95o":{"weight":0.0,"played":[1.0,0.0],"evs":[0.0,-3.78815]},"T5o":{"weight":0.0,"played":[1.0,0.0],"evs":[0.0,-5.04612]},"J5o":{"weight":0.0,"played":[1.0,0.0],"evs":[0.0,-4.71932]},"Q5o":{"weight":0.0,"played":[1.0,0.0],"evs":[0.0,-3.43762]},"K5o":{"weight":0.0,"played":[1.0,0.0],"evs":[0.0,-2.77897]},"A5o":{"weight":0.5248,"played":[0.6955,0.3045],"evs":[0.0,-0.19502]},"62s":{"weight":0.0,"played":[1.0,0.0],"evs":[0.0,-2.69288]},"63s":{"weight":1.0E-4,"played":[0.9994,6.0E-4],"evs":[0.0,-2.21358]},"64s":{"weight":1.0E-4,"played":[0.9985,0.0015],"evs":[0.0,-0.93015]},"65s":{"weight":0.5464,"played":[0.8939,0.1061],"evs":[0.0,-0.62883]},"66":{"weight":1.0E-4,"played":[3.0E-4,0.9997],"evs":[0.0,3.91804]},"76o":{"weight":0.0,"played":[1.0,0.0],"evs":[0.0,-2.14078]},"86o":{"weight":0.0,"played":[1.0,0.0],"evs":[0.0,-2.37673]},"96o":{"weight":0.0,"played":[1.0,0.0],"evs":[0.0,-2.69732]},"T6o":{"weight":0.0,"played":[1.0,0.0],"evs":[0.0,-3.53999]},"J6o":{"weight":0.0,"played":[1.0,0.0],"evs":[0.0,-4.04642]},"Q6o":{"weight":0.0,"played":[1.0,0.0],"evs":[0.0,-2.90696]},"K6o":{"weight":0.0,"played":[1.0,0.0],"evs":[0.0,-2.40046]},"A6o":{"weight":0.3544,"played":[0.9985,0.0015],"evs":[0.0,-0.27866]},"72s":{"weight":0.0,"played":[1.0,0.0],"evs":[0.0,-3.29905]},"73s":{"weight":0.0,"played":[1.0,0.0],"evs":[0.0,-3.16448]},"74s":{"weight":0.0,"played":[1.0,0.0],"evs":[0.0,-2.55338]},"75s":{"weight":0.0,"played":[0.9911,0.0089],"evs":[0.0,-0.96808]},"76s":{"weight":0.96,"played":[0.8278,0.1722],"evs":[0.0,-0.56033]},"77":{"weight":1.0E-4,"played":[0.0,1.0],"evs":[0.0,4.00956]},"87o":{"weight":0.0,"played":[1.0,0.0],"evs":[0.0,-1.90936]},"97o":{"weight":0.0,"played":[1.0,0.0],"evs":[0.0,-2.23914]},"T7o":{"weight":0.0,"played":[1.0,0.0],"evs":[0.0,-2.88069]},"J7o":{"weight":0.0,"played":[1.0,0.0],"evs":[0.0,-3.39977]},"Q7o":{"weight":0.0,"played":[1.0,0.0],"evs":[0.0,-3.0219]},"K7o":{"weight":0.0,"played":[1.0,0.0],"evs":[0.0,-2.24807]},"A7o":{"weight":0.9941,"played":[0.0109,0.9891],"evs":[0.0,0.39619]},"82s":{"weight":0.0,"played":[0.9999,1.0E-4],"evs":[0.0,-3.17203]},"83s":{"weight":1.0E-4,"played":[1.0,0.0],"evs":[0.0,-2.18294]},"84s":{"weight":0.0,"played":[0.9997,3.0E-4],"evs":[0.0,-2.37309]},"85s":{"weight":1.0E-4,"played":[0.9999,1.0E-4],"evs":[0.0,-2.17511]},"86s":{"weight":0.2592,"played":[0.7817,0.2183],"evs":[0.0,-0.35551]},"87s":{"weight":0.9727,"played":[0.4224,0.5776],"evs":[0.0,0.04953]},"88":{"weight":0.0,"played":[0.0,1.0],"evs":[0.0,5.40182]},"98o":{"weight":0.0,"played":[1.0,0.0],"evs":[0.0,-1.55584]},"T8o":{"weight":0.0,"played":[1.0,0.0],"evs":[0.0,-2.36634]},"J8o":{"weight":0.0,"played":[1.0,0.0],"evs":[0.0,-2.57542]},"Q8o":{"weight":0.0,"played":[0.9998,2.0E-4],"evs":[0.0,-2.40998]},"K8o":{"weight":0.0,"played":[1.0,0.0],"evs":[0.0,-1.901]},"A8o":{"weight":0.1907,"played":[0.0012,0.9988],"evs":[0.0,1.54862]},"92s":{"weight":0.0,"played":[1.0,0.0],"evs":[0.0,-2.70622]},"93s":{"weight":0.0,"played":[1.0,0.0],"evs":[0.0,-2.91323]},"94s":{"weight":0.0,"played":[0.9999,1.0E-4],"evs":[0.0,-2.75655]},"95s":{"weight":0.0,"played":[1.0,0.0],"evs":[0.0,-2.03714]},"96s":{"weight":0.0154,"played":[0.9999,1.0E-4],"evs":[0.0,-1.60983]},"97s":{"weight":0.1328,"played":[0.9923,0.0077],"evs":[0.0,-1.24575]},"98s":{"weight":0.9508,"played":[0.1094,0.8906],"evs":[0.0,0.33201]},"99":{"weight":0.0,"played":[0.0,1.0],"evs":[0.0,6.73072]},"T9o":{"weight":2.0E-4,"played":[0.9964,0.0036],"evs":[0.0,-1.9692]},"J9o":{"weight":0.0,"played":[1.0,0.0],"evs":[0.0,-1.86109]},"Q9o":{"weight":0.0,"played":[0.9991,9.0E-4],"evs":[0.0,-1.39029]},"K9o":{"weight":0.0,"played":[1.0,0.0],"evs":[0.0,-1.16958]},"A9o":{"weight":7.0E-4,"played":[1.0E-4,0.9999],"evs":[0.0,2.08096]},"T2s":{"weight":0.0,"played":[1.0,0.0],"evs":[0.0,-3.04486]},"T3s":{"weight":0.0,"played":[0.9997,3.0E-4],"evs":[0.0,-3.06366]},"T4s":{"weight":0.0,"played":[0.9998,2.0E-4],"evs":[0.0,-2.88769]},"T5s":{"weight":0.0,"played":[1.0,0.0],"evs":[0.0,-2.85954]},"T6s":{"weight":0.0,"played":[0.9668,0.0332],"evs":[0.0,-1.17567]},"T7s":{"weight":0.0237,"played":[0.9999,1.0E-4],"evs":[0.0,-0.97569]},"T8s":{"weight":0.1431,"played":[0.5254,0.4746],"evs":[0.0,-0.22752]},"T9s":{"weight":0.8783,"played":[0.458,0.542],"evs":[0.0,-0.13889]},"TT":{"weight":0.0,"played":[0.0,1.0],"evs":[0.0,8.76367]},"JTo":{"weight":1.0E-4,"played":[0.9809,0.0191],"evs":[0.0,-1.22501]},"QTo":{"weight":0.9866,"played":[0.9964,0.0036],"evs":[0.0,-0.54305]},"KTo":{"weight":0.9986,"played":[0.0109,0.9891],"evs":[0.0,0.1498]},"ATo":{"weight":5.0E-4,"played":[0.0,1.0],"evs":[0.0,3.98685]},"J2s":{"weight":0.0,"played":[0.9999,1.0E-4],"evs":[0.0,-2.88292]},"J3s":{"weight":0.0,"played":[0.9801,0.0199],"evs":[0.0,-2.97235]},"J4s":{"weight":0.0,"played":[0.9981,0.0019],"evs":[0.0,-2.32993]},"J5s":{"weight":0.0,"played":[1.0,0.0],"evs":[0.0,-2.51863]},"J6s":{"weight":0.0,"played":[0.9975,0.0025],"evs":[0.0,-1.84608]},"J7s":{"weight":0.0028,"played":[0.9985,0.0015],"evs":[0.0,-1.2589]},"J8s":{"weight":0.3523,"played":[0.9879,0.0121],"evs":[0.0,-1.03143]},"J9s":{"weight":0.3013,"played":[0.5323,0.4677],"evs":[0.0,-0.09212]},"JTs":{"weight":0.9996,"played":[0.0021,0.9979],"evs":[0.0,0.3113]},"JJ":{"weight":0.0,"played":[0.0,1.0],"evs":[0.0,10.57181]},"QJo":{"weight":0.9996,"played":[0.2705,0.7295],"evs":[0.0,0.1185]},"KJo":{"weight":0.1688,"played":[0.0,1.0],"evs":[0.0,1.18597]},"AJo":{"weight":0.0,"played":[0.0,1.0],"evs":[0.0,4.32296]},"Q2s":{"weight":0.0,"played":[1.0,0.0],"evs":[0.0,-2.11229]},"Q3s":{"weight":3.0E-4,"played":[0.9846,0.0154],"evs":[0.0,-2.05028]},"Q4s":{"weight":0.003,"played":[0.9961,0.0039],"evs":[0.0,-1.8398]},"Q5s":{"weight":0.0,"played":[0.9948,0.0052],"evs":[0.0,-1.44843]},"Q6s":{"weight":1.0E-4,"played":[0.8333,0.1667],"evs":[0.0,-0.60049]},"Q7s":{"weight":0.1876,"played":[0.9995,5.0E-4],"evs":[0.0,-1.56642]},"Q8s":{"weight":0.7415,"played":[0.7989,0.2011],"evs":[0.0,-0.387]},"Q9s":{"weight":0.9963,"played":[0.1886,0.8114],"evs":[0.0,0.21785]},"QTs":{"weight":0.9957,"played":[1.0E-4,0.9999],"evs":[0.0,1.44897]},"QJs":{"weight":0.9991,"played":[3.0E-4,0.9997],"evs":[0.0,1.4927]},"QQ":{"weight":0.0,"played":[0.0,1.0],"evs":[0.0,12.83022]},"KQo":{"weight":0.0011,"played":[0.0,1.0],"evs":[0.0,2.1858]},"AQo":{"weight":0.0,"played":[0.0,1.0],"evs":[0.0,5.84074]},"K2s":{"weight":0.0,"played":[0.9977,0.0023],"evs":[0.0,-0.99081]},"K3s":{"weight":0.0,"played":[0.9876,0.0124],"evs":[0.0,-1.11371]},"K4s":{"weight":0.0,"played":[0.9997,3.0E-4],"evs":[0.0,-0.64414]},"K5s":{"weight":0.0469,"played":[0.9995,5.0E-4],"evs":[0.0,-0.99669]},"K6s":{"weight":0.989,"played":[0.9542,0.0458],"evs":[0.0,-0.44675]},"K7s":{"weight":0.928,"played":[0.9764,0.0236],"evs":[0.0,-0.48731]},"K8s":{"weight":0.978,"played":[0.2548,0.7452],"evs":[0.0,0.07824]},"K9s":{"weight":0.9994,"played":[0.1799,0.8201],"evs":[0.0,0.5806]},"KTs":{"weight":1.0,"played":[4.0E-4,0.9996],"evs":[0.0,1.62801]},"KJs":{"weight":0.0626,"played":[5.0E-4,0.9995],"evs":[0.0,2.78882]},"KQs":{"weight":3.0E-4,"played":[0.0,1.0],"evs":[0.0,4.29749]},"KK":{"weight":0.0,"played":[0.0,1.0],"evs":[0.0,16.21296]},"AKo":{"weight":0.0,"played":[0.0,1.0],"evs":[0.0,7.07738]},"A2s":{"weight":0.3047,"played":[0.3133,0.6867],"evs":[0.0,0.36271]},"A3s":{"weight":0.8629,"played":[0.0018,0.9982],"evs":[0.0,0.97186]},"A4s":{"weight":0.3795,"played":[0.0027,0.9973],"evs":[0.0,1.45983]},"A5s":{"weight":1.0E-4,"played":[0.0029,0.9971],"evs":[0.0,2.00233]},"A6s":{"weight":0.0402,"played":[6.0E-4,0.9994],"evs":[0.0,1.39321]},"A7s":{"weight":0.0144,"played":[0.0,1.0],"evs":[0.0,2.16315]},"A8s":{"weight":0.0495,"played":[2.0E-4,0.9998],"evs":[0.0,3.43366]},"A9s":{"weight":0.0056,"played":[5.0E-4,0.9995],"evs":[0.0,4.41658]},"ATs":{"weight":7.0E-4,"played":[0.0,1.0],"evs":[0.0,5.16705]},"AJs":{"weight":0.0,"played":[0.0,1.0],"evs":[0.0,6.8782]},"AQs":{"weight":0.0,"played":[0.0,1.0],"evs":[0.0,7.98125]},"AKs":{"weight":0.0,"played":[0.0,1.0],"evs":[0.0,8.613]},"AA":{"weight":0.0,"played":[0.0,1.0],"evs":[0.0,21.35258]}}}