{"player":1,"street":0,"children":2,"sequence":[{"player":0,"type":"F","amount":0,"street":0},{"player":1,"type":"R","amount":200000,"street":0},{"player":2,"type":"C","amount":200000,"street":0},{"player":3,"type":"F","amount":0,"street":0},{"player":4,"type":"R","amount":2035000,"street":0},{"player":5,"type":"F","amount":0,"street":0}],"actions":[{"type":"F","amount":0,"node":116},{"type":"C","amount":1835000,"node":117}],"hands":{"22":{"weight":0.0,"played":[0.032,0.968],"evs":[0.0,0.08936]},"32o":{"weight":0.0,"played":[1.0,0.0],"evs":[0.0,-4.91476]},"42o":{"weight":0.0,"played":[1.0,0.0],"evs":[0.0,-4.58561]},"52o":{"weight":0.0,"played":[1.0,0.0],"evs":[0.0,-4.3365]},"62o":{"weight":0.0,"played":[1.0,0.0],"evs":[0.0,-4.39559]},"72o":{"weight":0.0,"played":[1.0,0.0],"evs":[0.0,-4.77233]},"82o":{"weight":0.0,"played":[1.0,0.0],"evs":[0.0,-4.67749]},"92o":{"weight":0.0,"played":[1.0,0.0],"evs":[0.0,-4.75972]},"T2o":{"weight":0.0,"played":[1.0,0.0],"evs":[0.0,-4.6723]},"J2o":{"weight":0.0,"played":[1.0,0.0],"evs":[0.0,-4.7352]},"Q2o":{"weight":0.0,"played":[1.0,0.0],"evs":[0.0,-3.9202]},"K2o":{"weight":0.0,"played":[1.0,0.0],"evs":[0.0,-4.13279]},"A2o":{"weight":1.0E-4,"played":[1.0,0.0],"evs":[0.0,-1.75988]},"32s":{"weight":0.0,"played":[1.0,0.0],"evs":[0.0,-3.18083]},"33":{"weight":0.0,"played":[0.0096,0.9904],"evs":[0.0,0.62129]},"43o":{"weight":0.0,"played":[1.0,0.0],"evs":[0.0,-4.13951]},"53o":{"weight":0.0,"played":[1.0,0.0],"evs":[0.0,-3.72733]},"63o":{"weight":0.0,"played":[1.0,0.0],"evs":[0.0,-3.91022]},"73o":{"weight":0.0,"played":[1.0,0.0],"evs":[0.0,-4.05209]},"83o":{"weight":0.0,"played":[1.0,0.0],"evs":[0.0,-4.75956]},"93o":{"weight":0.0,"played":[1.0,0.0],"evs":[0.0,-4.6297]},"T3o":{"weight":0.0,"played":[1.0,0.0],"evs":[0.0,-4.42725]},"J3o":{"weight":0.0,"played":[1.0,0.0],"evs":[0.0,-4.69846]},"Q3o":{"weight":0.0,"played":[1.0,0.0],"evs":[0.0,-3.93652]},"K3o":{"weight":0.0,"played":[1.0,0.0],"evs":[0.0,-3.78136]},"A3o":{"weight":0.9966,"played":[1.0,0.0],"evs":[0.0,-1.785]},"42s":{"weight":0.0,"played":[1.0,0.0],"evs":[0.0,-2.48082]},"43s":{"weight":0.0,"played":[1.0,0.0],"evs":[0.0,-2.36711]},"44":{"weight":0.412,"played":[0.0,1.0],"evs":[0.0,0.90512]},"54o":{"weight":0.0,"played":[1.0,0.0],"evs":[0.0,-3.00652]},"64o":{"weight":0.0,"played":[1.0,0.0],"evs":[0.0,-3.27031]},"74o":{"weight":0.0,"played":[1.0,0.0],"evs":[0.0,-3.67703]},"84o":{"weight":0.0,"played":[1.0,0.0],"evs":[0.0,-3.89304]},"94o":{"weight":0.0,"played":[1.0,0.0],"evs":[0.0,-4.8002]},"T4o":{"weight":0.0,"played":[1.0,0.0],"evs":[0.0,-4.59459]},"J4o":{"weight":0.0,"played":[1.0,0.0],"evs":[0.0,-4.75939]},"Q4o":{"weight":0.0,"played":[1.0,0.0],"evs":[0.0,-3.78414]},"K4o":{"weight":0.0,"played":[1.0,0.0],"evs":[0.0,-3.86496]},"A4o":{"weight":1.0,"played":[1.0,0.0],"evs":[0.0,-1.47025]},"52s":{"weight":0.0,"played":[1.0,0.0],"evs":[0.0,-2.61536]},"53s":{"weight":0.0,"played":[1.0,0.0],"evs":[0.0,-1.84019]},"54s":{"weight":0.0,"played":[0.9999,1.0E-4],"evs":[0.0,-1.00365]},"55":{"weight":0.2646,"played":[3.0E-4,0.9997],"evs":[0.0,2.04945]},"65o":{"weight":0.0,"played":[1.0,0.0],"evs":[0.0,-2.6531]},"75o":{"weight":0.0,"played":[1.0,0.0],"evs":[0.0,-2.8211]},"85o":{"weight":0.0,"played":[1.0,0.0],"evs":[0.0,-3.20609]},"95o":{"weight":0.0,"played":[1.0,0.0],"evs":[0.0,-3.60426]},"T5o":{"weight":0.0,"played":[1.0,0.0],"evs":[0.0,-4.75071]},"J5o":{"weight":0.0,"played":[1.0,0.0],"evs":[0.0,-4.32887]},"Q5o":{"weight":0.0,"played":[1.0,0.0],"evs":[0.0,-3.60809]},"K5o":{"weight":0.0,"played":[1.0,0.0],"evs":[0.0,-3.74952]},"A5o":{"weight":1.0,"played":[1.0,0.0],"evs":[0.0,-1.17377]},"62s":{"weight":0.0,"played":[1.0,0.0],"evs":[0.0,-3.00958]},"63s":{"weight":0.0,"played":[1.0,0.0],"evs":[0.0,-2.24829]},"64s":{"weight":0.0,"played":[1.0,0.0],"evs":[0.0,-1.59289]},"65s":{"weight":0.0,"played":[0.9982,0.0018],"evs":[0.0,-1.13267]},"66":{"weight":0.5833,"played":[0.0,1.0],"evs":[0.0,3.22263]},"76o":{"weight":0.0,"played":[1.0,0.0],"evs":[0.0,-1.87793]},"86o":{"weight":0.0,"played":[1.0,0.0],"evs":[0.0,-2.53648]},"96o":{"weight":0.0,"played":[1.0,0.0],"evs":[0.0,-2.68926]},"T6o":{"weight":0.0,"played":[1.0,0.0],"evs":[0.0,-3.37953]},"J6o":{"weight":0.0,"played":[1.0,0.0],"evs":[0.0,-3.78638]},"Q6o":{"weight":0.0,"played":[1.0,0.0],"evs":[0.0,-3.02845]},"K6o":{"weight":0.0,"played":[1.0,0.0],"evs":[0.0,-3.22834]},"A6o":{"weight":1.0,"played":[1.0,0.0],"evs":[0.0,-1.34408]},"72s":{"weight":0.0,"played":[1.0,0.0],"evs":[0.0,-3.05159]},"73s":{"weight":0.0,"played":[1.0,0.0],"evs":[0.0,-2.3964]},"74s":{"weight":0.0,"played":[1.0,0.0],"evs":[0.0,-1.52032]},"75s":{"weight":0.0,"played":[1.0,0.0],"evs":[0.0,-1.43543]},"76s":{"weight":0.4161,"played":[0.9943,0.0057],"evs":[0.0,-0.44308]},"77":{"weight":0.9983,"played":[0.0,1.0],"evs":[0.0,4.0364]},"87o":{"weight":0.0,"played":[1.0,0.0],"evs":[0.0,-1.7195]},"97o":{"weight":0.0,"played":[1.0,0.0],"evs":[0.0,-2.00682]},"T7o":{"weight":0.0,"played":[1.0,0.0],"evs":[0.0,-2.47076]},"J7o":{"weight":0.0,"played":[1.0,0.0],"evs":[0.0,-3.12426]},"Q7o":{"weight":0.0,"played":[1.0,0.0],"evs":[0.0,-2.94443]},"K7o":{"weight":0.0,"played":[1.0,0.0],"evs":[0.0,-2.78357]},"A7o":{"weight":1.0,"played":[0.9999,1.0E-4],"evs":[0.0,-0.78523]},"82s":{"weight":0.0,"played":[1.0,0.0],"evs":[0.0,-2.81441]},"83s":{"weight":0.0,"played":[0.9999,1.0E-4],"evs":[0.0,-2.76559]},"84s":{"weight":0.0,"played":[1.0,0.0],"evs":[0.0,-2.55385]},"85s":{"weight":0.0,"played":[0.9999,1.0E-4],"evs":[0.0,-1.52462]},"86s":{"weight":0.0,"played":[0.997,0.003],"evs":[0.0,-0.72547]},"87s":{"weight":1.0,"played":[0.9755,0.0245],"evs":[0.0,-0.3074]},"88":{"weight":1.0,"played":[0.0,1.0],"evs":[0.0,5.11449]},"98o":{"weight":0.0,"played":[1.0,0.0],"evs":[0.0,-1.82151]},"T8o":{"weight":0.0,"played":[1.0,0.0],"evs":[0.0,-2.08514]},"J8o":{"weight":0.0,"played":[1.0,0.0],"evs":[0.0,-2.63536]},"Q8o":{"weight":0.0,"played":[1.0,0.0],"evs":[0.0,-2.53955]},"K8o":{"weight":0.0,"played":[1.0,0.0],"evs":[0.0,-3.01317]},"A8o":{"weight":0.9993,"played":[0.226,0.774],"evs":[0.0,0.05986]},"92s":{"weight":0.0,"played":[1.0,0.0],"evs":[0.0,-2.93542]},"93s":{"weight":0.0,"played":[1.0,0.0],"evs":[0.0,-2.74619]},"94s":{"weight":0.0,"played":[1.0,0.0],"evs":[0.0,-2.80949]},"95s":{"weight":0.0,"played":[1.0,0.0],"evs":[0.0,-2.14108]},"96s":{"weight":0.0,"played":[0.9998,2.0E-4],"evs":[0.0,-1.27709]},"97s":{"weight":1.0,"played":[1.0,0.0],"evs":[0.0,-0.58331]},"98s":{"weight":1.0,"played":[0.8224,0.1776],"evs":[0.0,-0.09167]},"99":{"weight":1.0,"played":[0.0,1.0],"evs":[0.0,6.24947]},"T9o":{"weight":0.1224,"played":[1.0,0.0],"evs":[0.0,-1.60097]},"J9o":{"weight":0.0,"played":[1.0,0.0],"evs":[0.0,-2.32684]},"Q9o":{"weight":0.0,"played":[1.0,0.0],"evs":[0.0,-1.88507]},"K9o":{"weight":0.5394,"played":[1.0,0.0],"evs":[0.0,-2.37335]},"A9o":{"weight":0.6022,"played":[7.0E-4,0.9993],"evs":[0.0,0.97454]},"T2s":{"weight":0.0,"played":[1.0,0.0],"evs":[0.0,-2.8499]},"T3s":{"weight":0.0,"played":[1.0,0.0],"evs":[0.0,-3.01309]},"T4s":{"weight":0.0,"played":[0.9999,1.0E-4],"evs":[0.0,-2.61048]},"T5s":{"weight":0.0,"played":[1.0,0.0],"evs":[0.0,-2.5934]},"T6s":{"weight":0.0,"played":[0.9999,1.0E-4],"evs":[0.0,-1.80033]},"T7s":{"weight":0.9986,"played":[0.9998,2.0E-4],"evs":[0.0,-0.96864]},"T8s":{"weight":0.9992,"played":[0.9999,1.0E-4],"evs":[0.0,-0.34]},"T9s":{"weight":0.985,"played":[0.2413,0.7587],"evs":[0.0,0.11081]},"TT":{"weight":1.0,"played":[0.0,1.0],"evs":[0.0,8.188]},"JTo":{"weight":1.0,"played":[1.0,0.0],"evs":[0.0,-1.37203]},"QTo":{"weight":1.0,"played":[1.0,0.0],"evs":[0.0,-1.11386]},"KTo":{"weight":0.9998,"played":[1.0,0.0],"evs":[0.0,-1.4116]},"ATo":{"weight":0.4938,"played":[0.0,1.0],"evs":[0.0,3.12837]},"J2s":{"weight":0.0,"played":[1.0,0.0],"evs":[0.0,-2.8463]},"J3s":{"weight":0.0,"played":[1.0,0.0],"evs":[0.0,-2.73818]},"J4s":{"weight":0.0,"played":[1.0,0.0],"evs":[0.0,-2.87361]},"J5s":{"weight":0.0,"played":[1.0,0.0],"evs":[0.0,-2.19068]},"J6s":{"weight":0.0,"played":[0.9999,1.0E-4],"evs":[0.0,-2.32161]},"J7s":{"weight":0.2271,"played":[0.9994,6.0E-4],"evs":[0.0,-1.26404]},"J8s":{"weight":1.0,"played":[0.9911,0.0089],"evs":[0.0,-0.88928]},"J9s":{"weight":0.9377,"played":[0.9989,0.0011],"evs":[0.0,-0.46764]},"JTs":{"weight":0.3888,"played":[0.0537,0.9463],"evs":[0.0,0.08391]},"JJ":{"weight":1.0,"played":[0.0,1.0],"evs":[0.0,9.92676]},"QJo":{"weight":1.0,"played":[0.9999,1.0E-4],"evs":[0.0,-1.08144]},"KJo":{"weight":0.9066,"played":[1.0,0.0],"evs":[0.0,-0.72896]},"AJo":{"weight":0.0459,"played":[0.0,1.0],"evs":[0.0,4.66963]},"Q2s":{"weight":0.0,"played":[1.0,0.0],"evs":[0.0,-2.02894]},"Q3s":{"weight":0.0,"played":[0.9999,1.0E-4],"evs":[0.0,-1.8269]},"Q4s":{"weight":0.0,"played":[0.9999,1.0E-4],"evs":[0.0,-2.06115]},"Q5s":{"weight":0.0,"played":[0.9995,5.0E-4],"evs":[0.0,-1.56986]},"Q6s":{"weight":7.0E-4,"played":[0.9997,3.0E-4],"evs":[0.0,-1.09273]},"Q7s":{"weight":0.8892,"played":[0.9999,1.0E-4],"evs":[0.0,-1.09613]},"Q8s":{"weight":1.0,"played":[1.0,0.0],"evs":[0.0,-0.64667]},"Q9s":{"weight":1.0,"played":[0.9655,0.0345],"evs":[0.0,-0.16162]},"QTs":{"weight":0.6879,"played":[7.0E-4,0.9993],"evs":[0.0,0.38356]},"QJs":{"weight":0.3726,"played":[5.0E-4,0.9995],"evs":[0.0,0.39508]},"QQ":{"weight":1.0,"played":[0.0,1.0],"evs":[0.0,12.30008]},"KQo":{"weight":0.6902,"played":[0.0012,0.9988],"evs":[0.0,0.91571]},"AQo":{"weight":0.9397,"played":[0.0,1.0],"evs":[0.0,6.72873]},"K2s":{"weight":0.0,"played":[0.9997,3.0E-4],"evs":[0.0,-2.12428]},"K3s":{"weight":0.0,"played":[1.0,0.0],"evs":[0.0,-2.10464]},"K4s":{"weight":0.0,"played":[0.999,0.001],"evs":[0.0,-2.13367]},"K5s":{"weight":1.0,"played":[1.0,0.0],"evs":[0.0,-1.96908]},"K6s":{"weight":1.0,"played":[0.999,0.001],"evs":[0.0,-1.62435]},"K7s":{"weight":0.9951,"played":[0.9999,1.0E-4],"evs":[0.0,-1.1195]},"K8s":{"weight":0.1085,"played":[1.0,0.0],"evs":[0.0,-1.09514]},"K9s":{"weight":4.0E-4,"played":[0.9995,5.0E-4],"evs":[0.0,-0.47842]},"KTs":{"weight":0.0,"played":[0.36,0.64],"evs":[0.0,-0.02031]},"KJs":{"weight":0.9991,"played":[0.035,0.965],"evs":[0.0,0.70259]},"KQs":{"weight":1.0,"played":[1.0E-4,0.9999],"evs":[0.0,2.52328]},"KK":{"weight":1.0,"played":[0.0,1.0],"evs":[0.0,14.99327]},"AKo":{"weight":1.0,"played":[0.0,1.0],"evs":[0.0,8.65619]},"A2s":{"weight":0.9968,"played":[0.9793,0.0207],"evs":[0.0,-0.23728]},"A3s":{"weight":0.9939,"played":[0.6231,0.3769],"evs":[0.0,-0.17669]},"A4s":{"weight":0.1121,"played":[0.0292,0.9708],"evs":[0.0,0.08423]},"A5s":{"weight":0.0,"played":[0.0242,0.9758],"evs":[0.0,0.79323]},"A6s":{"weight":6.0E-4,"played":[0.0327,0.9673],"evs":[0.0,0.90955]},"A7s":{"weight":0.0031,"played":[0.0128,0.9872],"evs":[0.0,1.30935]},"A8s":{"weight":1.0,"played":[2.0E-4,0.9998],"evs":[0.0,1.56618]},"A9s":{"weight":1.0,"played":[0.0,1.0],"evs":[0.0,2.79073]},"ATs":{"weight":1.0,"played":[0.0,1.0],"evs":[0.0,4.66816]},"AJs":{"weight":1.0,"played":[0.0,1.0],"evs":[0.0,6.0611]},"AQs":{"weight":1.0,"played":[0.0,1.0],"evs":[0.0,8.07609]},"AKs":{"weight":1.0,"played":[0.0,1.0],"evs":[0.0,9.40551]},"AA":{"weight":1.0,"played":[0.0,1.0],"evs":[0.0,21.66758]}}}