{"player":2,"street":0,"children":2,"sequence":[{"player":0,"type":"F","amount":0,"street":0},{"player":1,"type":"R","amount":200000,"street":0},{"player":2,"type":"C","amount":200000,"street":0},{"player":3,"type":"F","amount":0,"street":0},{"player":4,"type":"R","amount":2035000,"street":0},{"player":5,"type":"C","amount":635000,"street":0},{"player":1,"type":"F","amount":0,"street":0}],"actions":[{"type":"F","amount":0},{"type":"C","amount":785000}],"hands":{"22":{"weight":0.0,"played":[0.0,1.0],"evs":[0.0,1.06136]},"32o":{"weight":0.0,"played":[1.0,0.0],"evs":[0.0,-1.15341]},"42o":{"weight":0.0,"played":[1.0,0.0],"evs":[0.0,-1.06294]},"52o":{"weight":0.0,"played":[1.0,0.0],"evs":[0.0,-0.87489]},"62o":{"weight":0.0,"played":[1.0,0.0],"evs":[0.0,-1.29871]},"72o":{"weight":0.0,"played":[1.0,0.0],"evs":[0.0,-1.58979]},"82o":{"weight":0.0,"played":[1.0,0.0],"evs":[0.0,-1.33636]},"92o":{"weight":0.0,"played":[1.0,0.0],"evs":[0.0,-1.28233]},"T2o":{"weight":0.0,"played":[1.0,0.0],"evs":[0.0,-1.28974]},"J2o":{"weight":0.0,"played":[1.0,0.0],"evs":[0.0,-1.10779]},"Q2o":{"weight":0.0,"played":[1.0,0.0],"evs":[0.0,-0.91083]},"K2o":{"weight":0.0,"played":[0.9999,1.0E-4],"evs":[0.0,-0.87294]},"A2o":{"weight":0.0,"played":[0.9996,4.0E-4],"evs":[0.0,-0.71607]},"32s":{"weight":0.0,"played":[0.9697,0.0303],"evs":[0.0,-0.1187]},"33":{"weight":0.0,"played":[0.0,1.0],"evs":[0.0,1.1894]},"43o":{"weight":0.0,"played":[1.0,0.0],"evs":[0.0,-0.61911]},"53o":{"weight":0.0,"played":[0.9999,1.0E-4],"evs":[0.0,-0.64339]},"63o":{"weight":0.0,"played":[0.9999,1.0E-4],"evs":[0.0,-0.77866]},"73o":{"weight":0.0,"played":[1.0,0.0],"evs":[0.0,-1.18113]},"83o":{"weight":0.0,"played":[1.0,0.0],"evs":[0.0,-1.38222]},"93o":{"weight":0.0,"played":[1.0,0.0],"evs":[0.0,-1.22078]},"T3o":{"weight":0.0,"played":[1.0,0.0],"evs":[0.0,-1.21518]},"J3o":{"weight":0.0,"played":[1.0,0.0],"evs":[0.0,-1.04101]},"Q3o":{"weight":0.0,"played":[1.0,0.0],"evs":[0.0,-0.82766]},"K3o":{"weight":0.0,"played":[1.0,0.0],"evs":[0.0,-0.83805]},"A3o":{"weight":0.0,"played":[0.9997,3.0E-4],"evs":[0.0,-0.48097]},"42s":{"weight":0.0,"played":[0.633,0.367],"evs":[0.0,-0.16701]},"43s":{"weight":0.0,"played":[0.0,1.0],"evs":[0.0,0.28424]},"44":{"weight":0.2944,"played":[0.0,1.0],"evs":[0.0,1.49869]},"54o":{"weight":0.0,"played":[0.9996,4.0E-4],"evs":[0.0,-0.18877]},"64o":{"weight":0.0,"played":[0.9998,2.0E-4],"evs":[0.0,-0.54517]},"74o":{"weight":0.0,"played":[1.0,0.0],"evs":[0.0,-0.73051]},"84o":{"weight":0.0,"played":[1.0,0.0],"evs":[0.0,-0.99935]},"94o":{"weight":0.0,"played":[1.0,0.0],"evs":[0.0,-1.24735]},"T4o":{"weight":0.0,"played":[1.0,0.0],"evs":[0.0,-1.1262]},"J4o":{"weight":0.0,"played":[1.0,0.0],"evs":[0.0,-1.04834]},"Q4o":{"weight":0.0,"played":[1.0,0.0],"evs":[0.0,-0.76329]},"K4o":{"weight":0.0,"played":[0.9984,0.0016],"evs":[0.0,-0.72874]},"A4o":{"weight":0.0,"played":[0.9927,0.0073],"evs":[0.0,-0.46339]},"52s":{"weight":0.0,"played":[0.8418,0.1582],"evs":[0.0,-0.09583]},"53s":{"weight":0.0,"played":[3.0E-4,0.9997],"evs":[0.0,0.38369]},"54s":{"weight":0.0,"played":[5.0E-4,0.9995],"evs":[0.0,0.70081]},"55":{"weight":0.8068,"played":[0.0,1.0],"evs":[0.0,1.81739]},"65o":{"weight":0.0,"played":[0.0716,0.9284],"evs":[0.0,0.09918]},"75o":{"weight":0.0,"played":[0.9969,0.0031],"evs":[0.0,-0.38247]},"85o":{"weight":0.0,"played":[1.0,0.0],"evs":[0.0,-0.69979]},"95o":{"weight":0.0,"played":[1.0,0.0],"evs":[0.0,-0.78752]},"T5o":{"weight":0.0,"played":[1.0,0.0],"evs":[0.0,-1.05714]},"J5o":{"weight":0.0,"played":[1.0,0.0],"evs":[0.0,-0.91606]},"Q5o":{"weight":0.0,"played":[1.0,0.0],"evs":[0.0,-0.7105]},"K5o":{"weight":0.0,"played":[0.9983,0.0017],"evs":[0.0,-0.62971]},"A5o":{"weight":0.0,"played":[0.9894,0.0106],"evs":[0.0,-0.25827]},"62s":{"weight":0.0,"played":[0.8953,0.1047],"evs":[0.0,-0.30019]},"63s":{"weight":0.0,"played":[0.534,0.466],"evs":[0.0,-0.05905]},"64s":{"weight":0.0,"played":[0.0,1.0],"evs":[0.0,0.40866]},"65s":{"weight":0.0,"played":[0.0,1.0],"evs":[0.0,0.93914]},"66":{"weight":0.0905,"played":[0.0,1.0],"evs":[0.0,2.50576]},"76o":{"weight":0.0,"played":[0.3253,0.6747],"evs":[0.0,0.07618]},"86o":{"weight":0.0,"played":[0.8802,0.1198],"evs":[0.0,-0.13485]},"96o":{"weight":0.0,"played":[0.9999,1.0E-4],"evs":[0.0,-0.37298]},"T6o":{"weight":0.0,"played":[0.9996,4.0E-4],"evs":[0.0,-0.72303]},"J6o":{"weight":0.0,"played":[0.9999,1.0E-4],"evs":[0.0,-1.02275]},"Q6o":{"weight":0.0,"played":[0.9999,1.0E-4],"evs":[0.0,-0.48019]},"K6o":{"weight":0.0,"played":[1.0,0.0],"evs":[0.0,-0.40166]},"A6o":{"weight":0.0,"played":[0.9996,4.0E-4],"evs":[0.0,-0.59261]},"72s":{"weight":0.0,"played":[0.9945,0.0055],"evs":[0.0,-0.30006]},"73s":{"weight":0.0,"played":[0.3102,0.6898],"evs":[0.0,0.04963]},"74s":{"weight":0.0,"played":[0.0736,0.9264],"evs":[0.0,0.20067]},"75s":{"weight":0.0,"played":[2.0E-4,0.9998],"evs":[0.0,0.50728]},"76s":{"weight":0.0,"played":[0.0,1.0],"evs":[0.0,1.06374]},"77":{"weight":1.0E-4,"played":[0.0,1.0],"evs":[0.0,2.97468]},"87o":{"weight":0.0,"played":[0.0664,0.9336],"evs":[0.0,0.22428]},"97o":{"weight":0.0,"played":[0.7886,0.2114],"evs":[0.0,-0.09649]},"T7o":{"weight":0.0,"played":[0.8502,0.1498],"evs":[0.0,-0.24031]},"J7o":{"weight":0.0,"played":[0.9986,0.0014],"evs":[0.0,-0.48445]},"Q7o":{"weight":0.0,"played":[0.999,0.001],"evs":[0.0,-0.49809]},"K7o":{"weight":0.0,"played":[0.9933,0.0067],"evs":[0.0,-0.39179]},"A7o":{"weight":0.0,"played":[0.9988,0.0012],"evs":[0.0,-0.2315]},"82s":{"weight":0.0,"played":[0.9972,0.0028],"evs":[0.0,-0.39827]},"83s":{"weight":0.0,"played":[0.9998,2.0E-4],"evs":[0.0,-0.3745]},"84s":{"weight":0.0,"played":[0.7639,0.2361],"evs":[0.0,-0.28133]},"85s":{"weight":0.0,"played":[0.0012,0.9988],"evs":[0.0,0.28499]},"86s":{"weight":0.0,"played":[0.0051,0.9949],"evs":[0.0,0.88029]},"87s":{"weight":0.0,"played":[5.0E-4,0.9995],"evs":[0.0,1.26596]},"88":{"weight":0.0,"played":[0.0,1.0],"evs":[0.0,3.61171]},"98o":{"weight":0.0,"played":[0.0229,0.9771],"evs":[0.0,0.21292]},"T8o":{"weight":0.0,"played":[0.1438,0.8562],"evs":[0.0,0.11076]},"J8o":{"weight":0.0,"played":[0.9937,0.0063],"evs":[0.0,-0.24633]},"Q8o":{"weight":0.0,"played":[0.9916,0.0084],"evs":[0.0,-0.31928]},"K8o":{"weight":0.0,"played":[0.9992,8.0E-4],"evs":[0.0,-0.29851]},"A8o":{"weight":0.0,"played":[0.0157,0.9843],"evs":[0.0,0.03251]},"92s":{"weight":0.0,"played":[0.9993,7.0E-4],"evs":[0.0,-0.14734]},"93s":{"weight":0.0,"played":[0.9911,0.0089],"evs":[0.0,-0.12533]},"94s":{"weight":0.0,"played":[0.311,0.689],"evs":[0.0,-0.18187]},"95s":{"weight":0.0,"played":[1.0E-4,0.9999],"evs":[0.0,0.37907]},"96s":{"weight":0.0,"played":[0.012,0.988],"evs":[0.0,0.45433]},"97s":{"weight":0.0,"played":[0.0,1.0],"evs":[0.0,0.99287]},"98s":{"weight":0.0,"played":[1.0E-4,0.9999],"evs":[0.0,1.1102]},"99":{"weight":0.0,"played":[0.0,1.0],"evs":[0.0,4.40368]},"T9o":{"weight":0.0,"played":[0.0,1.0],"evs":[0.0,0.43888]},"J9o":{"weight":0.0,"played":[3.0E-4,0.9997],"evs":[0.0,0.36542]},"Q9o":{"weight":0.0,"played":[0.0139,0.9861],"evs":[0.0,0.27934]},"K9o":{"weight":0.0,"played":[0.0015,0.9985],"evs":[0.0,0.13699]},"A9o":{"weight":0.0,"played":[0.0,1.0],"evs":[0.0,0.60651]},"T2s":{"weight":0.0,"played":[0.9971,0.0029],"evs":[0.0,-0.19363]},"T3s":{"weight":0.0,"played":[0.8416,0.1584],"evs":[0.0,-0.20333]},"T4s":{"weight":0.0,"played":[0.9012,0.0988],"evs":[0.0,-0.12478]},"T5s":{"weight":0.0,"played":[0.8453,0.1547],"evs":[0.0,-0.25458]},"T6s":{"weight":0.0,"played":[0.0011,0.9989],"evs":[0.0,0.37169]},"T7s":{"weight":0.0,"played":[6.0E-4,0.9994],"evs":[0.0,0.73899]},"T8s":{"weight":0.0,"played":[1.0E-4,0.9999],"evs":[0.0,1.08135]},"T9s":{"weight":0.3329,"played":[0.0,1.0],"evs":[0.0,1.40562]},"TT":{"weight":0.0,"played":[0.0,1.0],"evs":[0.0,5.56673]},"JTo":{"weight":0.0,"played":[0.0,1.0],"evs":[0.0,0.71262]},"QTo":{"weight":0.0,"played":[0.0,1.0],"evs":[0.0,0.85589]},"KTo":{"weight":0.0,"played":[0.0,1.0],"evs":[0.0,0.60876]},"ATo":{"weight":0.0,"played":[0.0,1.0],"evs":[0.0,1.52271]},"J2s":{"weight":0.0,"played":[0.7758,0.2242],"evs":[0.0,-0.03993]},"J3s":{"weight":0.0,"played":[0.0372,0.9628],"evs":[0.0,0.12425]},"J4s":{"weight":0.0,"played":[0.5884,0.4116],"evs":[0.0,-0.16156]},"J5s":{"weight":0.0,"played":[0.0217,0.9783],"evs":[0.0,0.19157]},"J6s":{"weight":0.0,"played":[0.364,0.636],"evs":[0.0,-0.09794]},"J7s":{"weight":0.0,"played":[0.0021,0.9979],"evs":[0.0,0.65248]},"J8s":{"weight":0.0,"played":[0.0,1.0],"evs":[0.0,0.82127]},"J9s":{"weight":0.0216,"played":[1.0E-4,0.9999],"evs":[0.0,1.24599]},"JTs":{"weight":1.0,"played":[0.0,1.0],"evs":[0.0,1.63464]},"JJ":{"weight":0.0,"played":[0.0,1.0],"evs":[0.0,6.69618]},"QJo":{"weight":0.0012,"played":[1.0E-4,0.9999],"evs":[0.0,0.7068]},"KJo":{"weight":0.4177,"played":[0.0,1.0],"evs":[0.0,0.84014]},"AJo":{"weight":0.0,"played":[0.0,1.0],"evs":[0.0,2.20686]},"Q2s":{"weight":0.0,"played":[0.0634,0.9366],"evs":[0.0,0.03574]},"Q3s":{"weight":0.0,"played":[0.0606,0.9394],"evs":[0.0,0.07167]},"Q4s":{"weight":0.0,"played":[0.071,0.929],"evs":[0.0,0.23449]},"Q5s":{"weight":0.0,"played":[0.0332,0.9668],"evs":[0.0,0.13121]},"Q6s":{"weight":0.0,"played":[6.0E-4,0.9994],"evs":[0.0,0.46952]},"Q7s":{"weight":0.0,"played":[1.0E-4,0.9999],"evs":[0.0,0.75403]},"Q8s":{"weight":0.0,"played":[0.0,1.0],"evs":[0.0,1.06026]},"Q9s":{"weight":2.0E-4,"played":[3.0E-4,0.9997],"evs":[0.0,1.09906]},"QTs":{"weight":1.0,"played":[0.0,1.0],"evs":[0.0,1.58074]},"QJs":{"weight":1.0,"played":[0.0,1.0],"evs":[0.0,1.62699]},"QQ":{"weight":0.0,"played":[0.0,1.0],"evs":[0.0,8.29327]},"KQo":{"weight":1.0E-4,"played":[0.0,1.0],"evs":[0.0,1.43555]},"AQo":{"weight":0.0,"played":[0.0,1.0],"evs":[0.0,3.41026]},"K2s":{"weight":0.0,"played":[0.1738,0.8262],"evs":[0.0,0.14935]},"K3s":{"weight":0.0,"played":[0.0013,0.9987],"evs":[0.0,0.39345]},"K4s":{"weight":0.0,"played":[0.0015,0.9985],"evs":[0.0,0.57888]},"K5s":{"weight":0.0,"played":[5.0E-4,0.9995],"evs":[0.0,0.59662]},"K6s":{"weight":0.0,"played":[1.0E-4,0.9999],"evs":[0.0,0.54632]},"K7s":{"weight":0.0,"played":[7.0E-4,0.9993],"evs":[0.0,0.99375]},"K8s":{"weight":0.0,"played":[2.0E-4,0.9998],"evs":[0.0,0.73339]},"K9s":{"weight":0.6086,"played":[0.0,1.0],"evs":[0.0,1.05909]},"KTs":{"weight":0.9999,"played":[0.0,1.0],"evs":[0.0,1.31087]},"KJs":{"weight":0.2749,"played":[0.0,1.0],"evs":[0.0,1.93158]},"KQs":{"weight":4.0E-4,"played":[0.0,1.0],"evs":[0.0,2.42467]},"KK":{"weight":0.0,"played":[0.0,1.0],"evs":[0.0,10.22019]},"AKo":{"weight":0.0,"played":[0.0,1.0],"evs":[0.0,4.70552]},"A2s":{"weight":7.0E-4,"played":[0.01,0.99],"evs":[0.0,0.33311]},"A3s":{"weight":0.5787,"played":[0.0019,0.9981],"evs":[0.0,0.45806]},"A4s":{"weight":0.9879,"played":[2.0E-4,0.9998],"evs":[0.0,0.44437]},"A5s":{"weight":0.1411,"played":[0.0,1.0],"evs":[0.0,0.73842]},"A6s":{"weight":0.0047,"played":[0.001,0.999],"evs":[0.0,0.84329]},"A7s":{"weight":0.0,"played":[0.0,1.0],"evs":[0.0,0.61997]},"A8s":{"weight":0.0,"played":[0.0,1.0],"evs":[0.0,1.12745]},"A9s":{"weight":0.0,"played":[0.0,1.0],"evs":[0.0,1.43651]},"ATs":{"weight":0.0,"played":[0.0,1.0],"evs":[0.0,2.41968]},"AJs":{"weight":0.0,"played":[0.0,1.0],"evs":[0.0,3.0162]},"AQs":{"weight":0.0,"played":[0.0,1.0],"evs":[0.0,4.10588]},"AKs":{"weight":0.0,"played":[0.0,1.0],"evs":[0.0,5.29103]},"AA":{"weight":0.2137,"played":[0.0,1.0],"evs":[0.0,13.22081]}}}