{"player":1,"street":0,"children":2,"sequence":[{"player":0,"type":"F","amount":0,"street":0},{"player":1,"type":"R","amount":200000,"street":0},{"player":2,"type":"C","amount":200000,"street":0},{"player":3,"type":"C","amount":200000,"street":0},{"player":4,"type":"F","amount":0,"street":0},{"player":5,"type":"R","amount":735000,"street":0},{"player":1,"type":"C","amount":535000,"street":0},{"player":2,"type":"F","amount":0,"street":0},{"player":3,"type":"R","amount":1905000,"street":0}],"actions":[{"type":"F","amount":0},{"type":"C","amount":1170000}],"hands":{"22":{"weight":0.0,"played":[0.0307,0.9693],"evs":[0.0,8.6474]},"32o":{"weight":0.0,"played":[0.928,0.072],"evs":[0.0,-2.58804]},"42o":{"weight":0.0,"played":[0.2471,0.7529],"evs":[0.0,7.45268]},"52o":{"weight":0.0,"played":[0.0949,0.9051],"evs":[0.0,1.69759]},"62o":{"weight":0.0,"played":[0.7443,0.2557],"evs":[0.0,-2.13793]},"72o":{"weight":0.0,"played":[0.0109,0.9891],"evs":[0.0,1.63547]},"82o":{"weight":0.0,"played":[0.4807,0.5193],"evs":[0.0,2.51945]},"92o":{"weight":0.0,"played":[0.6939,0.3061],"evs":[0.0,-0.52394]},"T2o":{"weight":0.0,"played":[0.309,0.691],"evs":[0.0,5.11776]},"J2o":{"weight":0.0,"played":[0.3274,0.6726],"evs":[0.0,4.73428]},"Q2o":{"weight":0.0,"played":[0.926,0.074],"evs":[0.0,-6.77736]},"K2o":{"weight":0.0,"played":[0.2149,0.7851],"evs":[0.0,8.48106]},"A2o":{"weight":0.0,"played":[0.2088,0.7912],"evs":[0.0,0.31053]},"32s":{"weight":0.0,"played":[1.0,0.0],"evs":[0.0,-9.72702]},"33":{"weight":0.0,"played":[0.0161,0.9839],"evs":[0.0,29.44853]},"43o":{"weight":0.0,"played":[0.8914,0.1086],"evs":[0.0,-3.31959]},"53o":{"weight":0.0,"played":[0.2815,0.7185],"evs":[0.0,11.83555]},"63o":{"weight":0.0,"played":[0.1834,0.8166],"evs":[0.0,6.7113]},"73o":{"weight":0.0,"played":[0.964,0.036],"evs":[0.0,-3.89606]},"83o":{"weight":0.0,"played":[0.7219,0.2781],"evs":[0.0,-4.77484]},"93o":{"weight":0.0,"played":[0.5913,0.4087],"evs":[0.0,-1.89955]},"T3o":{"weight":0.0,"played":[0.9442,0.0558],"evs":[0.0,-4.4416]},"J3o":{"weight":0.0,"played":[0.4767,0.5233],"evs":[0.0,-0.78975]},"Q3o":{"weight":0.0,"played":[0.2221,0.7779],"evs":[0.0,3.89603]},"K3o":{"weight":0.0,"played":[0.3769,0.6231],"evs":[0.0,0.67848]},"A3o":{"weight":0.0168,"played":[0.0687,0.9313],"evs":[0.0,9.99221]},"42s":{"weight":0.0,"played":[0.3805,0.6195],"evs":[0.0,7.47798]},"43s":{"weight":0.0,"played":[0.9702,0.0298],"evs":[0.0,-9.48349]},"44":{"weight":0.0016,"played":[0.0027,0.9973],"evs":[0.0,8.18596]},"54o":{"weight":0.0,"played":[0.4144,0.5856],"evs":[0.0,1.79334]},"64o":{"weight":0.0,"played":[0.5448,0.4552],"evs":[0.0,-2.74232]},"74o":{"weight":0.0,"played":[0.2246,0.7754],"evs":[0.0,2.09479]},"84o":{"weight":0.0,"played":[0.8415,0.1585],"evs":[0.0,2.86724]},"94o":{"weight":0.0,"played":[0.6482,0.3518],"evs":[0.0,0.53918]},"T4o":{"weight":0.0,"played":[0.8148,0.1852],"evs":[0.0,-4.72725]},"J4o":{"weight":0.0,"played":[0.9765,0.0235],"evs":[0.0,-5.93509]},"Q4o":{"weight":0.0,"played":[0.6018,0.3982],"evs":[0.0,2.68737]},"K4o":{"weight":0.0,"played":[0.0543,0.9457],"evs":[0.0,0.02122]},"A4o":{"weight":0.4056,"played":[0.3014,0.6986],"evs":[0.0,4.93419]},"52s":{"weight":0.0,"played":[0.054,0.946],"evs":[0.0,7.11757]},"53s":{"weight":0.0,"played":[0.4682,0.5318],"evs":[0.0,-1.49809]},"54s":{"weight":0.0,"played":[1.0,0.0],"evs":[0.0,-9.72594]},"55":{"weight":0.0,"played":[0.2087,0.7913],"evs":[0.0,8.11538]},"65o":{"weight":0.0,"played":[0.1293,0.8707],"evs":[0.0,10.77676]},"75o":{"weight":0.0,"played":[0.1617,0.8383],"evs":[0.0,0.77693]},"85o":{"weight":0.0,"played":[0.2788,0.7212],"evs":[0.0,3.30103]},"95o":{"weight":0.0,"played":[0.2884,0.7116],"evs":[0.0,11.66521]},"T5o":{"weight":0.0,"played":[0.204,0.796],"evs":[0.0,1.4155]},"J5o":{"weight":0.0,"played":[0.0252,0.9748],"evs":[0.0,2.54911]},"Q5o":{"weight":0.0,"played":[0.243,0.757],"evs":[0.0,1.06627]},"K5o":{"weight":0.0,"played":[0.0588,0.9412],"evs":[0.0,8.13226]},"A5o":{"weight":0.0016,"played":[0.1946,0.8054],"evs":[0.0,3.2568]},"62s":{"weight":0.0,"played":[0.5979,0.4021],"evs":[0.0,20.33545]},"63s":{"weight":0.0,"played":[0.0421,0.9579],"evs":[0.0,5.99636]},"64s":{"weight":0.0,"played":[0.7424,0.2576],"evs":[0.0,-1.43699]},"65s":{"weight":0.0,"played":[0.0304,0.9696],"evs":[0.0,12.52625]},"66":{"weight":0.0021,"played":[2.0E-4,0.9998],"evs":[0.0,15.31827]},"76o":{"weight":0.0,"played":[0.6915,0.3085],"evs":[0.0,-0.55794]},"86o":{"weight":0.0,"played":[0.1121,0.8879],"evs":[0.0,13.3525]},"96o":{"weight":0.0,"played":[0.6047,0.3953],"evs":[0.0,0.60878]},"T6o":{"weight":0.0,"played":[0.4663,0.5337],"evs":[0.0,-2.7562]},"J6o":{"weight":0.0,"played":[0.3276,0.6724],"evs":[0.0,5.53251]},"Q6o":{"weight":0.0,"played":[0.9216,0.0784],"evs":[0.0,3.46218]},"K6o":{"weight":0.0,"played":[0.9977,0.0023],"evs":[0.0,-2.87825]},"A6o":{"weight":2.0E-4,"played":[0.018,0.982],"evs":[0.0,11.8832]},"72s":{"weight":0.0,"played":[0.37,0.63],"evs":[0.0,-3.53583]},"73s":{"weight":0.0,"played":[0.3658,0.6342],"evs":[0.0,0.04024]},"74s":{"weight":0.0,"played":[0.0084,0.9916],"evs":[0.0,14.68796]},"75s":{"weight":0.0,"played":[0.7604,0.2396],"evs":[0.0,-7.39948]},"76s":{"weight":0.0987,"played":[0.0119,0.9881],"evs":[0.0,1.86319]},"77":{"weight":0.0,"played":[0.007,0.993],"evs":[0.0,18.35351]},"87o":{"weight":0.0,"played":[0.0231,0.9769],"evs":[0.0,6.18637]},"97o":{"weight":0.0,"played":[0.8643,0.1357],"evs":[0.0,-5.04823]},"T7o":{"weight":0.0,"played":[0.3202,0.6798],"evs":[0.0,0.57029]},"J7o":{"weight":0.0,"played":[0.0069,0.9931],"evs":[0.0,8.02711]},"Q7o":{"weight":0.0,"played":[0.3097,0.6903],"evs":[0.0,-0.43497]},"K7o":{"weight":0.0,"played":[0.2654,0.7346],"evs":[0.0,2.64269]},"A7o":{"weight":0.2719,"played":[0.0174,0.9826],"evs":[0.0,5.88437]},"82s":{"weight":0.0,"played":[0.2737,0.7263],"evs":[0.0,4.65175]},"83s":{"weight":0.0,"played":[0.5813,0.4187],"evs":[0.0,-0.63482]},"84s":{"weight":0.0,"played":[0.7404,0.2596],"evs":[0.0,-7.92693]},"85s":{"weight":0.0,"played":[0.14,0.86],"evs":[0.0,5.67913]},"86s":{"weight":0.0,"played":[0.1638,0.8362],"evs":[0.0,-3.09181]},"87s":{"weight":0.0981,"played":[0.5072,0.4928],"evs":[0.0,-3.80893]},"88":{"weight":0.0125,"played":[0.0277,0.9723],"evs":[0.0,14.30385]},"98o":{"weight":0.0,"played":[0.0537,0.9463],"evs":[0.0,4.04528]},"T8o":{"weight":0.0,"played":[0.9278,0.0722],"evs":[0.0,-4.65296]},"J8o":{"weight":0.0,"played":[0.7218,0.2782],"evs":[0.0,-5.54756]},"Q8o":{"weight":0.0,"played":[0.2189,0.7811],"evs":[0.0,4.76912]},"K8o":{"weight":0.0,"played":[0.2887,0.7113],"evs":[0.0,14.30966]},"A8o":{"weight":0.0,"played":[1.0E-4,0.9999],"evs":[0.0,4.07892]},"92s":{"weight":0.0,"played":[0.2909,0.7091],"evs":[0.0,12.54323]},"93s":{"weight":0.0,"played":[0.7222,0.2778],"evs":[0.0,0.01445]},"94s":{"weight":0.0,"played":[0.2312,0.7688],"evs":[0.0,-1.32249]},"95s":{"weight":0.0,"played":[0.1825,0.8175],"evs":[0.0,3.54553]},"96s":{"weight":0.0,"played":[0.5406,0.4594],"evs":[0.0,-2.4135]},"97s":{"weight":0.3196,"played":[0.2012,0.7988],"evs":[0.0,-1.12475]},"98s":{"weight":0.2063,"played":[0.4015,0.5985],"evs":[0.0,4.17372]},"99":{"weight":0.0,"played":[0.0,1.0],"evs":[0.0,18.05799]},"T9o":{"weight":0.0485,"played":[0.0548,0.9452],"evs":[0.0,12.18685]},"J9o":{"weight":0.0,"played":[0.6166,0.3834],"evs":[0.0,-2.77154]},"Q9o":{"weight":0.0,"played":[0.1438,0.8562],"evs":[0.0,6.60663]},"K9o":{"weight":0.0994,"played":[0.0553,0.9447],"evs":[0.0,7.2277]},"A9o":{"weight":0.0032,"played":[0.0035,0.9965],"evs":[0.0,9.79378]},"T2s":{"weight":0.0,"played":[0.7283,0.2717],"evs":[0.0,-2.01732]},"T3s":{"weight":0.0,"played":[0.5106,0.4894],"evs":[0.0,-4.2504]},"T4s":{"weight":0.0,"played":[0.8406,0.1594],"evs":[0.0,7.25675]},"T5s":{"weight":0.0,"played":[0.3115,0.6885],"evs":[0.0,2.7943]},"T6s":{"weight":0.0,"played":[0.4087,0.5913],"evs":[0.0,5.31389]},"T7s":{"weight":0.4016,"played":[0.2056,0.7944],"evs":[0.0,12.04678]},"T8s":{"weight":0.1741,"played":[0.0645,0.9355],"evs":[0.0,13.99203]},"T9s":{"weight":0.0649,"played":[0.1011,0.8989],"evs":[0.0,9.17401]},"TT":{"weight":0.042,"played":[0.0,1.0],"evs":[0.0,15.38254]},"JTo":{"weight":0.0659,"played":[0.2424,0.7576],"evs":[0.0,5.83629]},"QTo":{"weight":0.0562,"played":[0.0052,0.9948],"evs":[0.0,9.71683]},"KTo":{"weight":0.0264,"played":[0.0166,0.9834],"evs":[0.0,16.68653]},"ATo":{"weight":0.0082,"played":[0.0096,0.9904],"evs":[0.0,16.23169]},"J2s":{"weight":0.0,"played":[0.3448,0.6552],"evs":[0.0,18.3444]},"J3s":{"weight":0.0,"played":[1.0,0.0],"evs":[0.0,1.7075]},"J4s":{"weight":0.0,"played":[0.3803,0.6197],"evs":[0.0,6.03254]},"J5s":{"weight":0.0,"played":[0.3809,0.6191],"evs":[0.0,6.52358]},"J6s":{"weight":0.0,"played":[0.3152,0.6848],"evs":[0.0,14.49916]},"J7s":{"weight":0.0,"played":[1.0,0.0],"evs":[0.0,-1.11024]},"J8s":{"weight":0.0103,"played":[0.7145,0.2855],"evs":[0.0,-4.94394]},"J9s":{"weight":0.1305,"played":[0.7431,0.2569],"evs":[0.0,1.32967]},"JTs":{"weight":0.1014,"played":[0.3518,0.6482],"evs":[0.0,5.09021]},"JJ":{"weight":0.0075,"played":[0.0643,0.9357],"evs":[0.0,9.57561]},"QJo":{"weight":0.0074,"played":[0.0313,0.9687],"evs":[0.0,4.80261]},"KJo":{"weight":0.0017,"played":[0.0477,0.9523],"evs":[0.0,5.59944]},"AJo":{"weight":1.0E-4,"played":[0.5826,0.4174],"evs":[0.0,0.81526]},"Q2s":{"weight":0.0,"played":[0.4033,0.5967],"evs":[0.0,-3.33166]},"Q3s":{"weight":0.0,"played":[0.1353,0.8647],"evs":[0.0,0.1259]},"Q4s":{"weight":0.0,"played":[0.1352,0.8648],"evs":[0.0,1.70873]},"Q5s":{"weight":0.0,"played":[0.6399,0.3601],"evs":[0.0,-6.73971]},"Q6s":{"weight":2.0E-4,"played":[0.1199,0.8801],"evs":[0.0,8.50274]},"Q7s":{"weight":0.01,"played":[0.2847,0.7153],"evs":[0.0,0.72684]},"Q8s":{"weight":0.2986,"played":[0.9987,0.0013],"evs":[0.0,-4.33731]},"Q9s":{"weight":0.01,"played":[0.6597,0.3403],"evs":[0.0,2.49883]},"QTs":{"weight":0.113,"played":[0.0,1.0],"evs":[0.0,9.70583]},"QJs":{"weight":0.0455,"played":[0.9584,0.0416],"evs":[0.0,-0.57279]},"QQ":{"weight":1.0E-4,"played":[0.0,1.0],"evs":[0.0,19.28569]},"KQo":{"weight":0.0024,"played":[0.0055,0.9945],"evs":[0.0,5.40616]},"AQo":{"weight":7.0E-4,"played":[0.0095,0.9905],"evs":[0.0,18.07801]},"K2s":{"weight":0.0,"played":[0.3367,0.6633],"evs":[0.0,19.36459]},"K3s":{"weight":0.0,"played":[0.9814,0.0186],"evs":[0.0,-9.72176]},"K4s":{"weight":0.0,"played":[0.4024,0.5976],"evs":[0.0,23.60308]},"K5s":{"weight":0.3206,"played":[0.0242,0.9758],"evs":[0.0,4.53592]},"K6s":{"weight":0.0023,"played":[0.0949,0.9051],"evs":[0.0,4.00502]},"K7s":{"weight":0.1253,"played":[0.3775,0.6225],"evs":[0.0,16.30106]},"K8s":{"weight":0.0332,"played":[0.4732,0.5268],"evs":[0.0,4.66369]},"K9s":{"weight":2.0E-4,"played":[0.1263,0.8737],"evs":[0.0,10.93953]},"KTs":{"weight":0.0,"played":[0.1054,0.8946],"evs":[0.0,6.10895]},"KJs":{"weight":0.0051,"played":[0.9027,0.0973],"evs":[0.0,-9.72488]},"KQs":{"weight":0.002,"played":[0.3618,0.6382],"evs":[0.0,11.08404]},"KK":{"weight":0.001,"played":[0.0,1.0],"evs":[0.0,27.86918]},"AKo":{"weight":0.0216,"played":[0.0046,0.9954],"evs":[0.0,9.70077]},"A2s":{"weight":0.0616,"played":[0.1842,0.8158],"evs":[0.0,6.2697]},"A3s":{"weight":3.0E-4,"played":[0.0,1.0],"evs":[0.0,19.58429]},"A4s":{"weight":0.0299,"played":[0.2084,0.7916],"evs":[0.0,1.09256]},"A5s":{"weight":0.0,"played":[0.4831,0.5169],"evs":[0.0,0.23368]},"A6s":{"weight":0.0,"played":[0.0981,0.9019],"evs":[0.0,14.40345]},"A7s":{"weight":0.0,"played":[0.375,0.625],"evs":[0.0,-0.64186]},"A8s":{"weight":0.0,"played":[0.2785,0.7215],"evs":[0.0,2.24423]},"A9s":{"weight":0.0,"played":[0.2301,0.7699],"evs":[0.0,9.35343]},"ATs":{"weight":4.0E-4,"played":[0.1943,0.8057],"evs":[0.0,9.0143]},"AJs":{"weight":0.0491,"played":[0.0824,0.9176],"evs":[0.0,19.51909]},"AQs":{"weight":0.0449,"played":[0.0147,0.9853],"evs":[0.0,22.20798]},"AKs":{"weight":0.0,"played":[0.2241,0.7759],"evs":[0.0,29.10768]},"AA":{"weight":0.0,"played":[0.0147,0.9853],"evs":[0.0,29.29787]}}}