{"player":5,"street":0,"children":2,"sequence":[{"player":0,"type":"F","amount":0,"street":0},{"player":1,"type":"R","amount":200000,"street":0},{"player":2,"type":"C","amount":200000,"street":0},{"player":3,"type":"C","amount":200000,"street":0},{"player":4,"type":"R","amount":2035000,"street":0}],"actions":[{"type":"F","amount":0,"node":140},{"type":"C","amount":635000,"node":147}],"hands":{"22":{"weight":1.0,"played":[0.9983,0.0017],"evs":[0.0,-1.29353]},"32o":{"weight":1.0,"played":[0.9995,5.0E-4],"evs":[0.0,-1.70337]},"42o":{"weight":1.0,"played":[0.9958,0.0042],"evs":[0.0,-1.51257]},"52o":{"weight":1.0,"played":[0.9986,0.0014],"evs":[0.0,-1.61023]},"62o":{"weight":1.0,"played":[0.9985,0.0015],"evs":[0.0,-1.36416]},"72o":{"weight":1.0,"played":[0.9995,5.0E-4],"evs":[0.0,-1.84965]},"82o":{"weight":1.0,"played":[0.9998,2.0E-4],"evs":[0.0,-1.97331]},"92o":{"weight":1.0,"played":[1.0,0.0],"evs":[0.0,-1.62164]},"T2o":{"weight":1.0,"played":[0.9974,0.0026],"evs":[0.0,-2.681]},"J2o":{"weight":1.0,"played":[1.0,0.0],"evs":[0.0,-2.31554]},"Q2o":{"weight":1.0,"played":[0.9989,0.0011],"evs":[0.0,-1.54556]},"K2o":{"weight":1.0,"played":[1.0,0.0],"evs":[0.0,-1.77714]},"A2o":{"weight":1.0,"played":[0.9287,0.0713],"evs":[0.0,-1.21038]},"32s":{"weight":1.0,"played":[0.5542,0.4458],"evs":[0.0,-0.79261]},"33":{"weight":1.0,"played":[0.2088,0.7912],"evs":[0.0,0.50699]},"43o":{"weight":1.0,"played":[0.995,0.005],"evs":[0.0,-1.03435]},"53o":{"weight":1.0,"played":[0.9841,0.0159],"evs":[0.0,-0.83434]},"63o":{"weight":1.0,"played":[0.7368,0.2632],"evs":[0.0,-0.40483]},"73o":{"weight":1.0,"played":[0.9969,0.0031],"evs":[0.0,-1.30201]},"83o":{"weight":1.0,"played":[0.9999,1.0E-4],"evs":[0.0,-2.26382]},"93o":{"weight":1.0,"played":[0.9999,1.0E-4],"evs":[0.0,-1.22937]},"T3o":{"weight":1.0,"played":[0.9993,7.0E-4],"evs":[0.0,-2.23827]},"J3o":{"weight":1.0,"played":[0.9997,3.0E-4],"evs":[0.0,-2.30763]},"Q3o":{"weight":1.0,"played":[0.9948,0.0052],"evs":[0.0,-1.10532]},"K3o":{"weight":1.0,"played":[0.9994,6.0E-4],"evs":[0.0,-2.36286]},"A3o":{"weight":1.0,"played":[0.9999,1.0E-4],"evs":[0.0,-1.03212]},"42s":{"weight":1.0,"played":[0.8964,0.1036],"evs":[0.0,0.51928]},"43s":{"weight":1.0,"played":[0.9573,0.0427],"evs":[0.0,-0.98276]},"44":{"weight":1.0,"played":[0.2938,0.7062],"evs":[0.0,0.82718]},"54o":{"weight":1.0,"played":[0.3056,0.6944],"evs":[0.0,-0.04932]},"64o":{"weight":1.0,"played":[0.9555,0.0445],"evs":[0.0,-0.91275]},"74o":{"weight":1.0,"played":[0.9998,2.0E-4],"evs":[0.0,-0.7358]},"84o":{"weight":1.0,"played":[0.9998,2.0E-4],"evs":[0.0,-1.75245]},"94o":{"weight":1.0,"played":[0.9997,3.0E-4],"evs":[0.0,-1.81387]},"T4o":{"weight":1.0,"played":[0.9974,0.0026],"evs":[0.0,-2.29518]},"J4o":{"weight":1.0,"played":[0.9999,1.0E-4],"evs":[0.0,-2.22328]},"Q4o":{"weight":1.0,"played":[0.9982,0.0018],"evs":[0.0,-1.90146]},"K4o":{"weight":1.0,"played":[0.9786,0.0214],"evs":[0.0,-1.72057]},"A4o":{"weight":1.0,"played":[0.9748,0.0252],"evs":[0.0,-1.38146]},"52s":{"weight":1.0,"played":[0.5083,0.4917],"evs":[0.0,-0.20575]},"53s":{"weight":1.0,"played":[0.3811,0.6189],"evs":[0.0,-0.15085]},"54s":{"weight":1.0,"played":[0.8353,0.1647],"evs":[0.0,-0.19534]},"55":{"weight":1.0,"played":[0.0321,0.9679],"evs":[0.0,1.90001]},"65o":{"weight":1.0,"played":[0.4247,0.5753],"evs":[0.0,-0.23863]},"75o":{"weight":1.0,"played":[0.5859,0.4141],"evs":[0.0,0.30593]},"85o":{"weight":1.0,"played":[0.7862,0.2138],"evs":[0.0,-0.38898]},"95o":{"weight":1.0,"played":[0.9891,0.0109],"evs":[0.0,-1.08711]},"T5o":{"weight":1.0,"played":[0.9584,0.0416],"evs":[0.0,-2.0745]},"J5o":{"weight":1.0,"played":[0.9993,7.0E-4],"evs":[0.0,-2.02659]},"Q5o":{"weight":1.0,"played":[0.9655,0.0345],"evs":[0.0,-1.63199]},"K5o":{"weight":1.0,"played":[0.9974,0.0026],"evs":[0.0,-2.01209]},"A5o":{"weight":1.0,"played":[0.6632,0.3368],"evs":[0.0,-0.11485]},"62s":{"weight":1.0,"played":[0.8695,0.1305],"evs":[0.0,-1.16115]},"63s":{"weight":1.0,"played":[0.7231,0.2769],"evs":[0.0,0.1993]},"64s":{"weight":1.0,"played":[0.1905,0.8095],"evs":[0.0,0.63915]},"65s":{"weight":1.0,"played":[0.2113,0.7887],"evs":[0.0,1.55911]},"66":{"weight":1.0,"played":[0.0016,0.9984],"evs":[0.0,1.76265]},"76o":{"weight":1.0,"played":[0.9828,0.0172],"evs":[0.0,-0.55863]},"86o":{"weight":1.0,"played":[0.7429,0.2571],"evs":[0.0,-0.34771]},"96o":{"weight":1.0,"played":[0.716,0.284],"evs":[0.0,0.11194]},"T6o":{"weight":1.0,"played":[0.9999,1.0E-4],"evs":[0.0,-1.66978]},"J6o":{"weight":1.0,"played":[1.0,0.0],"evs":[0.0,-1.10284]},"Q6o":{"weight":1.0,"played":[0.9903,0.0097],"evs":[0.0,-1.29183]},"K6o":{"weight":1.0,"played":[0.9448,0.0552],"evs":[0.0,-1.01093]},"A6o":{"weight":1.0,"played":[0.9199,0.0801],"evs":[0.0,-0.56046]},"72s":{"weight":1.0,"played":[0.9319,0.0681],"evs":[0.0,-0.80491]},"73s":{"weight":1.0,"played":[0.0821,0.9179],"evs":[0.0,0.22827]},"74s":{"weight":1.0,"played":[0.2817,0.7183],"evs":[0.0,-0.18275]},"75s":{"weight":1.0,"played":[0.3821,0.6179],"evs":[0.0,1.18519]},"76s":{"weight":1.0,"played":[0.0,1.0],"evs":[0.0,1.3574]},"77":{"weight":1.0,"played":[0.0025,0.9975],"evs":[0.0,1.69745]},"87o":{"weight":1.0,"played":[0.7219,0.2781],"evs":[0.0,-0.15466]},"97o":{"weight":1.0,"played":[0.9957,0.0043],"evs":[0.0,-0.66229]},"T7o":{"weight":1.0,"played":[0.9047,0.0953],"evs":[0.0,-0.47068]},"J7o":{"weight":1.0,"played":[0.9924,0.0076],"evs":[0.0,-1.12086]},"Q7o":{"weight":1.0,"played":[1.0,0.0],"evs":[0.0,-1.12383]},"K7o":{"weight":1.0,"played":[0.9865,0.0135],"evs":[0.0,-1.67601]},"A7o":{"weight":1.0,"played":[0.9871,0.0129],"evs":[0.0,-1.38519]},"82s":{"weight":1.0,"played":[0.9902,0.0098],"evs":[0.0,-1.0797]},"83s":{"weight":1.0,"played":[0.6048,0.3952],"evs":[0.0,-0.49308]},"84s":{"weight":1.0,"played":[0.942,0.058],"evs":[0.0,-1.18496]},"85s":{"weight":1.0,"played":[0.515,0.485],"evs":[0.0,-0.12797]},"86s":{"weight":1.0,"played":[0.0097,0.9903],"evs":[0.0,0.90766]},"87s":{"weight":1.0,"played":[3.0E-4,0.9997],"evs":[0.0,0.27885]},"88":{"weight":1.0,"played":[7.0E-4,0.9993],"evs":[0.0,2.25445]},"98o":{"weight":1.0,"played":[0.4984,0.5016],"evs":[0.0,0.11803]},"T8o":{"weight":1.0,"played":[0.9844,0.0156],"evs":[0.0,-0.74571]},"J8o":{"weight":1.0,"played":[0.9972,0.0028],"evs":[0.0,-1.17672]},"Q8o":{"weight":1.0,"played":[0.9497,0.0503],"evs":[0.0,-0.59734]},"K8o":{"weight":1.0,"played":[0.9944,0.0056],"evs":[0.0,-1.35741]},"A8o":{"weight":1.0,"played":[0.7431,0.2569],"evs":[0.0,-0.23758]},"92s":{"weight":1.0,"played":[0.9984,0.0016],"evs":[0.0,-1.04776]},"93s":{"weight":1.0,"played":[0.5694,0.4306],"evs":[0.0,-0.99648]},"94s":{"weight":1.0,"played":[0.9849,0.0151],"evs":[0.0,-1.00538]},"95s":{"weight":1.0,"played":[0.3745,0.6255],"evs":[0.0,0.48015]},"96s":{"weight":1.0,"played":[0.076,0.924],"evs":[0.0,0.21444]},"97s":{"weight":1.0,"played":[0.2306,0.7694],"evs":[0.0,1.20119]},"98s":{"weight":1.0,"played":[0.4472,0.5528],"evs":[0.0,0.27422]},"99":{"weight":1.0,"played":[9.0E-4,0.9991],"evs":[0.0,3.35011]},"T9o":{"weight":1.0,"played":[0.9496,0.0504],"evs":[0.0,-0.94635]},"J9o":{"weight":1.0,"played":[0.9982,0.0018],"evs":[0.0,-0.57174]},"Q9o":{"weight":1.0,"played":[0.9012,0.0988],"evs":[0.0,-0.50022]},"K9o":{"weight":1.0,"played":[0.98,0.02],"evs":[0.0,-1.20616]},"A9o":{"weight":1.0,"played":[0.1579,0.8421],"evs":[0.0,0.16209]},"T2s":{"weight":1.0,"played":[0.9833,0.0167],"evs":[0.0,-1.80083]},"T3s":{"weight":1.0,"played":[0.8705,0.1295],"evs":[0.0,-0.91939]},"T4s":{"weight":1.0,"played":[0.9741,0.0259],"evs":[0.0,-0.78656]},"T5s":{"weight":1.0,"played":[0.7007,0.2993],"evs":[0.0,-0.42164]},"T6s":{"weight":1.0,"played":[0.2369,0.7631],"evs":[0.0,0.12365]},"T7s":{"weight":1.0,"played":[0.5913,0.4087],"evs":[0.0,-0.18538]},"T8s":{"weight":1.0,"played":[0.1263,0.8737],"evs":[0.0,-0.15812]},"T9s":{"weight":1.0,"played":[0.5093,0.4907],"evs":[0.0,-0.18045]},"TT":{"weight":1.0,"played":[0.0094,0.9906],"evs":[0.0,3.63267]},"JTo":{"weight":1.0,"played":[0.831,0.169],"evs":[0.0,-0.37657]},"QTo":{"weight":1.0,"played":[0.7678,0.2322],"evs":[0.0,-0.47821]},"KTo":{"weight":1.0,"played":[0.961,0.039],"evs":[0.0,-1.3119]},"ATo":{"weight":1.0,"played":[0.0403,0.9597],"evs":[0.0,0.06904]},"J2s":{"weight":1.0,"played":[0.9868,0.0132],"evs":[0.0,-0.51104]},"J3s":{"weight":1.0,"played":[0.9766,0.0234],"evs":[0.0,-0.40344]},"J4s":{"weight":1.0,"played":[0.9722,0.0278],"evs":[0.0,0.36116]},"J5s":{"weight":1.0,"played":[0.9997,3.0E-4],"evs":[0.0,-0.70852]},"J6s":{"weight":1.0,"played":[0.6134,0.3866],"evs":[0.0,-0.63175]},"J7s":{"weight":1.0,"played":[0.9932,0.0068],"evs":[0.0,-0.27805]},"J8s":{"weight":1.0,"played":[0.466,0.534],"evs":[0.0,0.36575]},"J9s":{"weight":1.0,"played":[0.5883,0.4117],"evs":[0.0,-0.47597]},"JTs":{"weight":1.0,"played":[0.4679,0.5321],"evs":[0.0,-0.40923]},"JJ":{"weight":1.0,"played":[0.0,1.0],"evs":[0.0,5.65049]},"QJo":{"weight":1.0,"played":[0.1198,0.8802],"evs":[0.0,0.02772]},"KJo":{"weight":1.0,"played":[0.3459,0.6541],"evs":[0.0,-0.03244]},"AJo":{"weight":1.0,"played":[0.0903,0.9097],"evs":[0.0,0.34828]},"Q2s":{"weight":1.0,"played":[0.9626,0.0374],"evs":[0.0,-1.25052]},"Q3s":{"weight":1.0,"played":[0.2376,0.7624],"evs":[0.0,0.10669]},"Q4s":{"weight":1.0,"played":[0.7582,0.2418],"evs":[0.0,-0.80862]},"Q5s":{"weight":1.0,"played":[0.4045,0.5955],"evs":[0.0,0.03306]},"Q6s":{"weight":1.0,"played":[0.614,0.386],"evs":[0.0,-0.22222]},"Q7s":{"weight":1.0,"played":[0.0521,0.9479],"evs":[0.0,0.18733]},"Q8s":{"weight":1.0,"played":[0.0817,0.9183],"evs":[0.0,0.07219]},"Q9s":{"weight":1.0,"played":[0.029,0.971],"evs":[0.0,1.09866]},"QTs":{"weight":1.0,"played":[0.7095,0.2905],"evs":[0.0,-0.88597]},"QJs":{"weight":1.0,"played":[0.0178,0.9822],"evs":[0.0,0.08871]},"QQ":{"weight":1.0,"played":[0.0,1.0],"evs":[0.0,4.80223]},"KQo":{"weight":1.0,"played":[0.0055,0.9945],"evs":[0.0,1.27053]},"AQo":{"weight":1.0,"played":[0.0115,0.9885],"evs":[0.0,1.15145]},"K2s":{"weight":1.0,"played":[0.5596,0.4404],"evs":[0.0,-0.48989]},"K3s":{"weight":1.0,"played":[0.9199,0.0801],"evs":[0.0,-0.49115]},"K4s":{"weight":1.0,"played":[0.4162,0.5838],"evs":[0.0,0.27863]},"K5s":{"weight":1.0,"played":[0.9274,0.0726],"evs":[0.0,-0.64216]},"K6s":{"weight":1.0,"played":[0.6151,0.3849],"evs":[0.0,0.60156]},"K7s":{"weight":1.0,"played":[0.2254,0.7746],"evs":[0.0,0.95641]},"K8s":{"weight":1.0,"played":[0.2776,0.7224],"evs":[0.0,0.0584]},"K9s":{"weight":1.0,"played":[0.3574,0.6426],"evs":[0.0,0.1012]},"KTs":{"weight":1.0,"played":[0.2912,0.7088],"evs":[0.0,0.65597]},"KJs":{"weight":1.0,"played":[0.0274,0.9726],"evs":[0.0,0.83564]},"KQs":{"weight":1.0,"played":[0.0103,0.9897],"evs":[0.0,3.28612]},"KK":{"weight":1.0,"played":[1.0E-4,0.9999],"evs":[0.0,7.12584]},"AKo":{"weight":1.0,"played":[0.0101,0.9899],"evs":[0.0,2.58114]},"A2s":{"weight":1.0,"played":[0.2457,0.7543],"evs":[0.0,0.94089]},"A3s":{"weight":1.0,"played":[0.1023,0.8977],"evs":[0.0,1.36466]},"A4s":{"weight":1.0,"played":[0.1678,0.8322],"evs":[0.0,0.04429]},"A5s":{"weight":1.0,"played":[0.762,0.238],"evs":[0.0,-1.23019]},"A6s":{"weight":1.0,"played":[0.5591,0.4409],"evs":[0.0,-0.43916]},"A7s":{"weight":1.0,"played":[0.3153,0.6847],"evs":[0.0,0.07163]},"A8s":{"weight":1.0,"played":[0.2914,0.7086],"evs":[0.0,1.24135]},"A9s":{"weight":1.0,"played":[0.018,0.982],"evs":[0.0,0.84925]},"ATs":{"weight":1.0,"played":[0.0299,0.9701],"evs":[0.0,2.88585]},"AJs":{"weight":1.0,"played":[0.2256,0.7744],"evs":[0.0,-0.40406]},"AQs":{"weight":1.0,"played":[0.0868,0.9132],"evs":[0.0,0.63866]},"AKs":{"weight":1.0,"played":[0.0016,0.9984],"evs":[0.0,3.13221]},"AA":{"weight":1.0,"played":[0.0,1.0],"evs":[0.0,10.89279]}}}