{"player":2,"street":0,"children":2,"sequence":[{"player":0,"type":"F","amount":0,"street":0},{"player":1,"type":"R","amount":200000,"street":0},{"player":2,"type":"C","amount":200000,"street":0},{"player":3,"type":"C","amount":200000,"street":0},{"player":4,"type":"R","amount":2035000,"street":0},{"player":5,"type":"F","amount":0,"street":0},{"player":1,"type":"F","amount":0,"street":0}],"actions":[{"type":"F","amount":0,"node":142},{"type":"C","amount":785000,"node":143}],"hands":{"22":{"weight":0.0,"played":[0.0022,0.9978],"evs":[0.0,0.70893]},"32o":{"weight":0.0,"played":[0.9999,1.0E-4],"evs":[0.0,-1.16907]},"42o":{"weight":0.0,"played":[0.9826,0.0174],"evs":[0.0,-1.31213]},"52o":{"weight":0.0,"played":[0.7652,0.2348],"evs":[0.0,-0.76134]},"62o":{"weight":0.0,"played":[0.9966,0.0034],"evs":[0.0,-0.70522]},"72o":{"weight":0.0,"played":[0.9995,5.0E-4],"evs":[0.0,-0.97945]},"82o":{"weight":0.0,"played":[0.9994,6.0E-4],"evs":[0.0,-1.32043]},"92o":{"weight":0.0,"played":[0.9998,2.0E-4],"evs":[0.0,-1.08264]},"T2o":{"weight":0.0,"played":[0.9965,0.0035],"evs":[0.0,-1.04012]},"J2o":{"weight":0.0,"played":[0.9672,0.0328],"evs":[0.0,-0.73567]},"Q2o":{"weight":0.0,"played":[0.9882,0.0118],"evs":[0.0,-0.61416]},"K2o":{"weight":0.0,"played":[0.9998,2.0E-4],"evs":[0.0,-0.9163]},"A2o":{"weight":0.0,"played":[0.7164,0.2836],"evs":[0.0,-0.74308]},"32s":{"weight":0.0,"played":[0.8397,0.1603],"evs":[0.0,-0.50466]},"33":{"weight":0.0,"played":[0.0,1.0],"evs":[0.0,0.7582]},"43o":{"weight":0.0,"played":[0.9488,0.0512],"evs":[0.0,-0.70789]},"53o":{"weight":0.0,"played":[0.9284,0.0716],"evs":[0.0,-0.92013]},"63o":{"weight":0.0,"played":[1.0,0.0],"evs":[0.0,-0.71643]},"73o":{"weight":0.0,"played":[0.9723,0.0277],"evs":[0.0,-0.81759]},"83o":{"weight":0.0,"played":[0.9982,0.0018],"evs":[0.0,-1.61501]},"93o":{"weight":0.0,"played":[0.9695,0.0305],"evs":[0.0,-0.97267]},"T3o":{"weight":0.0,"played":[0.9524,0.0476],"evs":[0.0,-1.17222]},"J3o":{"weight":0.0,"played":[0.9935,0.0065],"evs":[0.0,-0.88584]},"Q3o":{"weight":0.0,"played":[0.9941,0.0059],"evs":[0.0,-0.67121]},"K3o":{"weight":0.0,"played":[0.9597,0.0403],"evs":[0.0,-0.05002]},"A3o":{"weight":0.0,"played":[0.7165,0.2835],"evs":[0.0,-0.2494]},"42s":{"weight":0.0,"played":[0.7906,0.2094],"evs":[0.0,-0.12532]},"43s":{"weight":0.0,"played":[0.1013,0.8987],"evs":[0.0,0.17048]},"44":{"weight":0.2944,"played":[4.0E-4,0.9996],"evs":[0.0,2.48253]},"54o":{"weight":0.0,"played":[0.7895,0.2105],"evs":[0.0,-0.28147]},"64o":{"weight":0.0,"played":[0.7812,0.2188],"evs":[0.0,-0.08688]},"74o":{"weight":0.0,"played":[0.9958,0.0042],"evs":[0.0,-0.77537]},"84o":{"weight":0.0,"played":[0.9808,0.0192],"evs":[0.0,-0.82695]},"94o":{"weight":0.0,"played":[0.9958,0.0042],"evs":[0.0,-0.80394]},"T4o":{"weight":0.0,"played":[0.979,0.021],"evs":[0.0,-0.67992]},"J4o":{"weight":0.0,"played":[0.9929,0.0071],"evs":[0.0,-0.71723]},"Q4o":{"weight":0.0,"played":[0.8938,0.1062],"evs":[0.0,-0.07515]},"K4o":{"weight":0.0,"played":[0.7117,0.2883],"evs":[0.0,-0.04959]},"A4o":{"weight":0.0,"played":[0.185,0.815],"evs":[0.0,-0.10629]},"52s":{"weight":0.0,"played":[0.0492,0.9508],"evs":[0.0,0.11494]},"53s":{"weight":0.0,"played":[0.3527,0.6473],"evs":[0.0,-0.05225]},"54s":{"weight":0.0,"played":[0.0496,0.9504],"evs":[0.0,0.92218]},"55":{"weight":0.8068,"played":[1.0E-4,0.9999],"evs":[0.0,2.7508]},"65o":{"weight":0.0,"played":[0.1153,0.8847],"evs":[0.0,0.26892]},"75o":{"weight":0.0,"played":[0.1674,0.8326],"evs":[0.0,0.10013]},"85o":{"weight":0.0,"played":[0.9392,0.0608],"evs":[0.0,-1.12852]},"95o":{"weight":0.0,"played":[0.8629,0.1371],"evs":[0.0,-0.30241]},"T5o":{"weight":0.0,"played":[0.9997,3.0E-4],"evs":[0.0,-0.78877]},"J5o":{"weight":0.0,"played":[0.9556,0.0444],"evs":[0.0,-0.50173]},"Q5o":{"weight":0.0,"played":[0.9004,0.0996],"evs":[0.0,0.01139]},"K5o":{"weight":0.0,"played":[0.3242,0.6758],"evs":[0.0,0.20731]},"A5o":{"weight":0.0,"played":[0.7963,0.2037],"evs":[0.0,-0.15807]},"62s":{"weight":0.0,"played":[0.8688,0.1312],"evs":[0.0,-0.427]},"63s":{"weight":0.0,"played":[0.0075,0.9925],"evs":[0.0,1.0014]},"64s":{"weight":0.0,"played":[0.0415,0.9585],"evs":[0.0,0.57535]},"65s":{"weight":0.0,"played":[3.0E-4,0.9997],"evs":[0.0,1.30795]},"66":{"weight":0.0905,"played":[1.0E-4,0.9999],"evs":[0.0,4.04687]},"76o":{"weight":0.0,"played":[0.261,0.739],"evs":[0.0,0.00239]},"86o":{"weight":0.0,"played":[0.4903,0.5097],"evs":[0.0,0.05385]},"96o":{"weight":0.0,"played":[0.7774,0.2226],"evs":[0.0,-0.32439]},"T6o":{"weight":0.0,"played":[0.8069,0.1931],"evs":[0.0,-0.0776]},"J6o":{"weight":0.0,"played":[0.9788,0.0212],"evs":[0.0,-0.36591]},"Q6o":{"weight":0.0,"played":[0.6766,0.3234],"evs":[0.0,-0.05339]},"K6o":{"weight":0.0,"played":[0.5148,0.4852],"evs":[0.0,-0.01879]},"A6o":{"weight":0.0,"played":[0.6093,0.3907],"evs":[0.0,-0.26642]},"72s":{"weight":0.0,"played":[0.9042,0.0958],"evs":[0.0,-0.59517]},"73s":{"weight":0.0,"played":[0.394,0.606],"evs":[0.0,-0.01838]},"74s":{"weight":0.0,"played":[0.0026,0.9974],"evs":[0.0,1.07933]},"75s":{"weight":0.0,"played":[0.006,0.994],"evs":[0.0,1.10423]},"76s":{"weight":0.0,"played":[3.0E-4,0.9997],"evs":[0.0,1.13629]},"77":{"weight":1.0E-4,"played":[4.0E-4,0.9996],"evs":[0.0,3.93677]},"87o":{"weight":0.0,"played":[0.0218,0.9782],"evs":[0.0,0.46783]},"97o":{"weight":0.0,"played":[0.465,0.535],"evs":[0.0,0.2205]},"T7o":{"weight":0.0,"played":[0.657,0.343],"evs":[0.0,-0.30451]},"J7o":{"weight":0.0,"played":[0.7539,0.2461],"evs":[0.0,-0.27303]},"Q7o":{"weight":0.0,"played":[0.0547,0.9453],"evs":[0.0,0.14554]},"K7o":{"weight":0.0,"played":[0.5839,0.4161],"evs":[0.0,-0.02039]},"A7o":{"weight":0.0,"played":[0.0166,0.9834],"evs":[0.0,0.1825]},"82s":{"weight":0.0,"played":[0.918,0.082],"evs":[0.0,-0.93465]},"83s":{"weight":0.0,"played":[0.6671,0.3329],"evs":[0.0,-0.10089]},"84s":{"weight":0.0,"played":[0.4731,0.5269],"evs":[0.0,0.5683]},"85s":{"weight":0.0,"played":[0.1455,0.8545],"evs":[0.0,0.30767]},"86s":{"weight":0.0,"played":[0.0016,0.9984],"evs":[0.0,0.60858]},"87s":{"weight":0.0,"played":[0.0324,0.9676],"evs":[0.0,1.86467]},"88":{"weight":0.0,"played":[0.0,1.0],"evs":[0.0,4.30981]},"98o":{"weight":0.0,"played":[0.0109,0.9891],"evs":[0.0,0.69862]},"T8o":{"weight":0.0,"played":[0.253,0.747],"evs":[0.0,0.27131]},"J8o":{"weight":0.0,"played":[0.6291,0.3709],"evs":[0.0,-0.03407]},"Q8o":{"weight":0.0,"played":[0.488,0.512],"evs":[0.0,0.13307]},"K8o":{"weight":0.0,"played":[0.716,0.284],"evs":[0.0,-0.5848]},"A8o":{"weight":0.0,"played":[0.0015,0.9985],"evs":[0.0,1.0741]},"92s":{"weight":0.0,"played":[0.4585,0.5415],"evs":[0.0,-0.41408]},"93s":{"weight":0.0,"played":[0.9561,0.0439],"evs":[0.0,-0.43695]},"94s":{"weight":0.0,"played":[0.9602,0.0398],"evs":[0.0,-0.1874]},"95s":{"weight":0.0,"played":[0.5951,0.4049],"evs":[0.0,-0.19319]},"96s":{"weight":0.0,"played":[0.0097,0.9903],"evs":[0.0,0.53871]},"97s":{"weight":0.0,"played":[0.0114,0.9886],"evs":[0.0,1.30019]},"98s":{"weight":0.0,"played":[0.0069,0.9931],"evs":[0.0,2.2217]},"99":{"weight":0.0,"played":[0.0,1.0],"evs":[0.0,5.98047]},"T9o":{"weight":0.0,"played":[0.0,1.0],"evs":[0.0,0.84329]},"J9o":{"weight":0.0,"played":[0.2968,0.7032],"evs":[0.0,0.88953]},"Q9o":{"weight":0.0,"played":[0.0975,0.9025],"evs":[0.0,0.20746]},"K9o":{"weight":0.0,"played":[0.0016,0.9984],"evs":[0.0,0.97317]},"A9o":{"weight":0.0,"played":[0.0,1.0],"evs":[0.0,1.62863]},"T2s":{"weight":0.0,"played":[0.7779,0.2221],"evs":[0.0,-0.39939]},"T3s":{"weight":0.0,"played":[0.9263,0.0737],"evs":[0.0,-0.85328]},"T4s":{"weight":0.0,"played":[0.0061,0.9939],"evs":[0.0,0.50596]},"T5s":{"weight":0.0,"played":[0.6696,0.3304],"evs":[0.0,0.17376]},"T6s":{"weight":0.0,"played":[0.0088,0.9912],"evs":[0.0,0.71965]},"T7s":{"weight":0.0,"played":[3.0E-4,0.9997],"evs":[0.0,0.80209]},"T8s":{"weight":0.0,"played":[2.0E-4,0.9998],"evs":[0.0,1.09423]},"T9s":{"weight":0.3329,"played":[0.0056,0.9944],"evs":[0.0,2.03551]},"TT":{"weight":0.0,"played":[0.0,1.0],"evs":[0.0,6.00336]},"JTo":{"weight":0.0,"played":[0.0048,0.9952],"evs":[0.0,1.2212]},"QTo":{"weight":0.0,"played":[1.0E-4,0.9999],"evs":[0.0,1.52222]},"KTo":{"weight":0.0,"played":[0.0023,0.9977],"evs":[0.0,1.44562]},"ATo":{"weight":0.0,"played":[0.0011,0.9989],"evs":[0.0,2.50804]},"J2s":{"weight":0.0,"played":[0.9269,0.0731],"evs":[0.0,-0.01236]},"J3s":{"weight":0.0,"played":[0.2933,0.7067],"evs":[0.0,-0.10717]},"J4s":{"weight":0.0,"played":[0.0194,0.9806],"evs":[0.0,0.67026]},"J5s":{"weight":0.0,"played":[1.0E-4,0.9999],"evs":[0.0,1.73714]},"J6s":{"weight":0.0,"played":[0.0637,0.9363],"evs":[0.0,0.22359]},"J7s":{"weight":0.0,"played":[0.0026,0.9974],"evs":[0.0,0.54998]},"J8s":{"weight":0.0,"played":[0.0938,0.9062],"evs":[0.0,0.57621]},"J9s":{"weight":0.0216,"played":[1.0E-4,0.9999],"evs":[0.0,1.88076]},"JTs":{"weight":1.0,"played":[1.0E-4,0.9999],"evs":[0.0,2.21001]},"JJ":{"weight":0.0,"played":[0.0,1.0],"evs":[0.0,7.23827]},"QJo":{"weight":0.0012,"played":[0.003,0.997],"evs":[0.0,1.29261]},"KJo":{"weight":0.4177,"played":[1.0E-4,0.9999],"evs":[0.0,1.73835]},"AJo":{"weight":0.0,"played":[3.0E-4,0.9997],"evs":[0.0,3.30136]},"Q2s":{"weight":0.0,"played":[0.1798,0.8202],"evs":[0.0,-0.00162]},"Q3s":{"weight":0.0,"played":[0.6591,0.3409],"evs":[0.0,0.09459]},"Q4s":{"weight":0.0,"played":[0.2198,0.7802],"evs":[0.0,0.25609]},"Q5s":{"weight":0.0,"played":[0.0036,0.9964],"evs":[0.0,0.87688]},"Q6s":{"weight":0.0,"played":[0.0372,0.9628],"evs":[0.0,0.76448]},"Q7s":{"weight":0.0,"played":[0.0591,0.9409],"evs":[0.0,0.79597]},"Q8s":{"weight":0.0,"played":[0.005,0.995],"evs":[0.0,1.00275]},"Q9s":{"weight":2.0E-4,"played":[0.0013,0.9987],"evs":[0.0,1.75104]},"QTs":{"weight":1.0,"played":[2.0E-4,0.9998],"evs":[0.0,1.62243]},"QJs":{"weight":1.0,"played":[8.0E-4,0.9992],"evs":[0.0,2.2257]},"QQ":{"weight":0.0,"played":[0.0,1.0],"evs":[0.0,9.51312]},"KQo":{"weight":1.0E-4,"played":[1.0E-4,0.9999],"evs":[0.0,2.6249]},"AQo":{"weight":0.0,"played":[0.0,1.0],"evs":[0.0,4.6777]},"K2s":{"weight":0.0,"played":[0.3975,0.6025],"evs":[0.0,0.64758]},"K3s":{"weight":0.0,"played":[0.0087,0.9913],"evs":[0.0,1.26865]},"K4s":{"weight":0.0,"played":[0.0365,0.9635],"evs":[0.0,1.47804]},"K5s":{"weight":0.0,"played":[0.1617,0.8383],"evs":[0.0,0.97562]},"K6s":{"weight":0.0,"played":[0.0017,0.9983],"evs":[0.0,0.7271]},"K7s":{"weight":0.0,"played":[0.0396,0.9604],"evs":[0.0,0.7024]},"K8s":{"weight":0.0,"played":[0.0014,0.9986],"evs":[0.0,0.87288]},"K9s":{"weight":0.6086,"played":[0.0498,0.9502],"evs":[0.0,1.19805]},"KTs":{"weight":0.9999,"played":[4.0E-4,0.9996],"evs":[0.0,1.13267]},"KJs":{"weight":0.2749,"played":[6.0E-4,0.9994],"evs":[0.0,3.09635]},"KQs":{"weight":4.0E-4,"played":[0.0,1.0],"evs":[0.0,3.91658]},"KK":{"weight":0.0,"played":[0.0,1.0],"evs":[0.0,11.65219]},"AKo":{"weight":0.0,"played":[1.0E-4,0.9999],"evs":[0.0,4.9945]},"A2s":{"weight":7.0E-4,"played":[0.2454,0.7546],"evs":[0.0,-0.01101]},"A3s":{"weight":0.5787,"played":[0.0042,0.9958],"evs":[0.0,1.51629]},"A4s":{"weight":0.9879,"played":[3.0E-4,0.9997],"evs":[0.0,1.18846]},"A5s":{"weight":0.1411,"played":[0.0,1.0],"evs":[0.0,2.11908]},"A6s":{"weight":0.0047,"played":[0.0033,0.9967],"evs":[0.0,1.36587]},"A7s":{"weight":0.0,"played":[0.0015,0.9985],"evs":[0.0,1.11456]},"A8s":{"weight":0.0,"played":[0.0017,0.9983],"evs":[0.0,2.18854]},"A9s":{"weight":0.0,"played":[6.0E-4,0.9994],"evs":[0.0,1.78381]},"ATs":{"weight":0.0,"played":[2.0E-4,0.9998],"evs":[0.0,2.89723]},"AJs":{"weight":0.0,"played":[0.0,1.0],"evs":[0.0,2.8877]},"AQs":{"weight":0.0,"played":[0.0,1.0],"evs":[0.0,4.51249]},"AKs":{"weight":0.0,"played":[1.0E-4,0.9999],"evs":[0.0,5.32467]},"AA":{"weight":0.2137,"played":[0.0,1.0],"evs":[0.0,13.75732]}}}