{"player":3,"street":0,"children":2,"sequence":[{"player":0,"type":"F","amount":0,"street":0},{"player":1,"type":"R","amount":200000,"street":0},{"player":2,"type":"C","amount":200000,"street":0},{"player":3,"type":"C","amount":200000,"street":0},{"player":4,"type":"R","amount":2035000,"street":0},{"player":5,"type":"F","amount":0,"street":0},{"player":1,"type":"F","amount":0,"street":0},{"player":2,"type":"C","amount":785000,"street":0}],"actions":[{"type":"F","amount":0},{"type":"C","amount":1705000}],"hands":{"22":{"weight":0.0,"played":[0.861,0.139],"evs":[0.0,-0.97992]},"32o":{"weight":0.0,"played":[1.0,0.0],"evs":[0.0,-5.02607]},"42o":{"weight":0.0,"played":[1.0,0.0],"evs":[0.0,-4.27405]},"52o":{"weight":0.0,"played":[1.0,0.0],"evs":[0.0,-4.38242]},"62o":{"weight":0.0,"played":[0.9996,4.0E-4],"evs":[0.0,-3.58237]},"72o":{"weight":0.0,"played":[1.0,0.0],"evs":[0.0,-4.73476]},"82o":{"weight":0.0,"played":[1.0,0.0],"evs":[0.0,-4.15992]},"92o":{"weight":0.0,"played":[1.0,0.0],"evs":[0.0,-4.67501]},"T2o":{"weight":0.0,"played":[1.0,0.0],"evs":[0.0,-4.46919]},"J2o":{"weight":0.0,"played":[0.9997,3.0E-4],"evs":[0.0,-5.30025]},"Q2o":{"weight":0.0,"played":[1.0,0.0],"evs":[0.0,-3.58876]},"K2o":{"weight":0.0,"played":[1.0,0.0],"evs":[0.0,-3.65979]},"A2o":{"weight":0.0,"played":[0.9958,0.0042],"evs":[0.0,-2.07679]},"32s":{"weight":0.0,"played":[0.9911,0.0089],"evs":[0.0,-3.7365]},"33":{"weight":0.0,"played":[0.3991,0.6009],"evs":[0.0,0.06858]},"43o":{"weight":0.0,"played":[1.0,0.0],"evs":[0.0,-4.32539]},"53o":{"weight":0.0,"played":[1.0,0.0],"evs":[0.0,-3.20159]},"63o":{"weight":0.0,"played":[1.0,0.0],"evs":[0.0,-3.56346]},"73o":{"weight":0.0,"played":[0.9987,0.0013],"evs":[0.0,-3.54005]},"83o":{"weight":0.0,"played":[0.9999,1.0E-4],"evs":[0.0,-3.98179]},"93o":{"weight":0.0,"played":[0.9999,1.0E-4],"evs":[0.0,-4.24968]},"T3o":{"weight":0.0,"played":[0.9998,2.0E-4],"evs":[0.0,-4.33488]},"J3o":{"weight":0.0,"played":[1.0,0.0],"evs":[0.0,-4.67689]},"Q3o":{"weight":0.0,"played":[0.9999,1.0E-4],"evs":[0.0,-3.46026]},"K3o":{"weight":0.0,"played":[0.9995,5.0E-4],"evs":[0.0,-4.02682]},"A3o":{"weight":0.0,"played":[0.9922,0.0078],"evs":[0.0,-1.89935]},"42s":{"weight":0.0,"played":[0.9955,0.0045],"evs":[0.0,-2.94896]},"43s":{"weight":0.0,"played":[0.9945,0.0055],"evs":[0.0,-2.42706]},"44":{"weight":0.2635,"played":[0.1641,0.8359],"evs":[0.0,0.48591]},"54o":{"weight":0.0,"played":[0.9996,4.0E-4],"evs":[0.0,-2.83072]},"64o":{"weight":0.0,"played":[0.9999,1.0E-4],"evs":[0.0,-3.40246]},"74o":{"weight":0.0,"played":[0.9998,2.0E-4],"evs":[0.0,-3.70183]},"84o":{"weight":0.0,"played":[0.9999,1.0E-4],"evs":[0.0,-3.35316]},"94o":{"weight":0.0,"played":[0.9998,2.0E-4],"evs":[0.0,-3.47663]},"T4o":{"weight":0.0,"played":[1.0,0.0],"evs":[0.0,-4.63473]},"J4o":{"weight":0.0,"played":[0.9999,1.0E-4],"evs":[0.0,-3.95335]},"Q4o":{"weight":0.0,"played":[0.9999,1.0E-4],"evs":[0.0,-3.22367]},"K4o":{"weight":0.0,"played":[0.9999,1.0E-4],"evs":[0.0,-4.33288]},"A4o":{"weight":0.0,"played":[0.9946,0.0054],"evs":[0.0,-1.8327]},"52s":{"weight":0.0,"played":[0.9788,0.0212],"evs":[0.0,-2.49034]},"53s":{"weight":0.0,"played":[0.9978,0.0022],"evs":[0.0,-1.7135]},"54s":{"weight":1.0E-4,"played":[0.9983,0.0017],"evs":[0.0,-1.91661]},"55":{"weight":0.478,"played":[0.028,0.972],"evs":[0.0,2.47483]},"65o":{"weight":0.0,"played":[0.9999,1.0E-4],"evs":[0.0,-2.04312]},"75o":{"weight":0.0,"played":[1.0,0.0],"evs":[0.0,-2.67826]},"85o":{"weight":0.0,"played":[1.0,0.0],"evs":[0.0,-2.51329]},"95o":{"weight":0.0,"played":[0.9979,0.0021],"evs":[0.0,-4.38863]},"T5o":{"weight":0.0,"played":[0.9993,7.0E-4],"evs":[0.0,-3.34497]},"J5o":{"weight":0.0,"played":[1.0,0.0],"evs":[0.0,-3.73363]},"Q5o":{"weight":0.0,"played":[0.9947,0.0053],"evs":[0.0,-3.10127]},"K5o":{"weight":0.0,"played":[0.9984,0.0016],"evs":[0.0,-2.71233]},"A5o":{"weight":0.0,"played":[0.9768,0.0232],"evs":[0.0,-1.19083]},"62s":{"weight":0.0,"played":[0.9995,5.0E-4],"evs":[0.0,-2.83033]},"63s":{"weight":0.0,"played":[0.9978,0.0022],"evs":[0.0,-2.59672]},"64s":{"weight":0.0,"played":[0.7391,0.2609],"evs":[0.0,-1.00387]},"65s":{"weight":0.0,"played":[0.3978,0.6022],"evs":[0.0,0.77925]},"66":{"weight":1.0E-4,"played":[0.0,1.0],"evs":[0.0,2.644]},"76o":{"weight":0.0,"played":[0.9956,0.0044],"evs":[0.0,-1.8261]},"86o":{"weight":0.0,"played":[0.9996,4.0E-4],"evs":[0.0,-1.38492]},"96o":{"weight":0.0,"played":[0.9998,2.0E-4],"evs":[0.0,-2.86027]},"T6o":{"weight":0.0,"played":[0.9905,0.0095],"evs":[0.0,-3.25745]},"J6o":{"weight":0.0,"played":[1.0,0.0],"evs":[0.0,-3.47201]},"Q6o":{"weight":0.0,"played":[0.9904,0.0096],"evs":[0.0,-2.73053]},"K6o":{"weight":0.0,"played":[0.9994,6.0E-4],"evs":[0.0,-1.86822]},"A6o":{"weight":0.0,"played":[0.9989,0.0011],"evs":[0.0,-1.8932]},"72s":{"weight":0.0,"played":[0.9927,0.0073],"evs":[0.0,-2.22207]},"73s":{"weight":0.0,"played":[0.9917,0.0083],"evs":[0.0,-2.60129]},"74s":{"weight":0.0,"played":[0.9964,0.0036],"evs":[0.0,-0.42873]},"75s":{"weight":0.0,"played":[0.9804,0.0196],"evs":[0.0,-1.51794]},"76s":{"weight":0.0,"played":[0.0269,0.9731],"evs":[0.0,1.03678]},"77":{"weight":3.0E-4,"played":[4.0E-4,0.9996],"evs":[0.0,5.01972]},"87o":{"weight":0.0,"played":[0.9933,0.0067],"evs":[0.0,-0.81988]},"97o":{"weight":0.0,"played":[0.9977,0.0023],"evs":[0.0,-1.97929]},"T7o":{"weight":0.0,"played":[0.9977,0.0023],"evs":[0.0,-2.20575]},"J7o":{"weight":0.0,"played":[0.9962,0.0038],"evs":[0.0,-2.61151]},"Q7o":{"weight":0.0,"played":[0.9988,0.0012],"evs":[0.0,-2.43864]},"K7o":{"weight":0.0,"played":[0.9998,2.0E-4],"evs":[0.0,-2.77035]},"A7o":{"weight":0.0082,"played":[0.7318,0.2682],"evs":[0.0,-0.54654]},"82s":{"weight":0.0,"played":[0.9951,0.0049],"evs":[0.0,-2.85134]},"83s":{"weight":0.0,"played":[0.9997,3.0E-4],"evs":[0.0,-3.42138]},"84s":{"weight":0.0,"played":[0.9538,0.0462],"evs":[0.0,-2.78817]},"85s":{"weight":0.0,"played":[0.9827,0.0173],"evs":[0.0,-1.91964]},"86s":{"weight":0.0,"played":[0.2595,0.7405],"evs":[0.0,-0.04135]},"87s":{"weight":0.0,"played":[0.5336,0.4664],"evs":[0.0,-0.07616]},"88":{"weight":2.0E-4,"played":[1.0E-4,0.9999],"evs":[0.0,5.7077]},"98o":{"weight":0.0,"played":[0.9949,0.0051],"evs":[0.0,-0.73396]},"T8o":{"weight":0.0,"played":[0.9977,0.0023],"evs":[0.0,-1.83031]},"J8o":{"weight":0.0,"played":[0.9987,0.0013],"evs":[0.0,-1.49876]},"Q8o":{"weight":0.0,"played":[0.9979,0.0021],"evs":[0.0,-1.09904]},"K8o":{"weight":0.0,"played":[0.999,0.001],"evs":[0.0,-2.26921]},"A8o":{"weight":0.9917,"played":[0.239,0.761],"evs":[0.0,0.20152]},"92s":{"weight":0.0,"played":[0.9949,0.0051],"evs":[0.0,-2.68414]},"93s":{"weight":0.0,"played":[1.0,0.0],"evs":[0.0,-3.83988]},"94s":{"weight":0.0,"played":[0.9981,0.0019],"evs":[0.0,-2.27167]},"95s":{"weight":0.0,"played":[0.9898,0.0102],"evs":[0.0,-1.59276]},"96s":{"weight":0.0,"played":[0.8236,0.1764],"evs":[0.0,-0.43859]},"97s":{"weight":1.0E-4,"played":[0.6027,0.3973],"evs":[0.0,-0.65745]},"98s":{"weight":0.007,"played":[0.6727,0.3273],"evs":[0.0,-0.49468]},"99":{"weight":0.0,"played":[0.0,1.0],"evs":[0.0,7.15658]},"T9o":{"weight":0.0,"played":[0.9995,5.0E-4],"evs":[0.0,-0.89722]},"J9o":{"weight":0.0,"played":[0.9876,0.0124],"evs":[0.0,-1.67827]},"Q9o":{"weight":0.0,"played":[0.9848,0.0152],"evs":[0.0,-1.53574]},"K9o":{"weight":0.0,"played":[0.9723,0.0277],"evs":[0.0,-1.98329]},"A9o":{"weight":0.0639,"played":[0.0,1.0],"evs":[0.0,0.96481]},"T2s":{"weight":0.0,"played":[0.9735,0.0265],"evs":[0.0,-4.10811]},"T3s":{"weight":0.0,"played":[0.9916,0.0084],"evs":[0.0,-2.57513]},"T4s":{"weight":0.0,"played":[0.9987,0.0013],"evs":[0.0,-2.79969]},"T5s":{"weight":0.0,"played":[0.9852,0.0148],"evs":[0.0,-3.28205]},"T6s":{"weight":0.0,"played":[0.9964,0.0036],"evs":[0.0,-1.25272]},"T7s":{"weight":0.0,"played":[0.7218,0.2782],"evs":[0.0,-0.85252]},"T8s":{"weight":0.0,"played":[0.9816,0.0184],"evs":[0.0,-1.75739]},"T9s":{"weight":0.0017,"played":[0.4448,0.5552],"evs":[0.0,-0.15479]},"TT":{"weight":0.0,"played":[0.0,1.0],"evs":[0.0,7.84646]},"JTo":{"weight":0.0,"played":[0.9828,0.0172],"evs":[0.0,-1.06182]},"QTo":{"weight":0.0,"played":[0.9196,0.0804],"evs":[0.0,-0.91533]},"KTo":{"weight":0.0,"played":[0.9439,0.0561],"evs":[0.0,-1.38352]},"ATo":{"weight":0.003,"played":[1.0E-4,0.9999],"evs":[0.0,2.95061]},"J2s":{"weight":0.0,"played":[0.9995,5.0E-4],"evs":[0.0,-2.25235]},"J3s":{"weight":0.0,"played":[0.9946,0.0054],"evs":[0.0,-3.65175]},"J4s":{"weight":0.0,"played":[0.9782,0.0218],"evs":[0.0,-1.8765]},"J5s":{"weight":0.0,"played":[0.9985,0.0015],"evs":[0.0,-1.72882]},"J6s":{"weight":0.0,"played":[0.9849,0.0151],"evs":[0.0,-1.91187]},"J7s":{"weight":0.0,"played":[0.8861,0.1139],"evs":[0.0,-1.09312]},"J8s":{"weight":0.0,"played":[0.871,0.129],"evs":[0.0,-0.88321]},"J9s":{"weight":1.0E-4,"played":[0.4253,0.5747],"evs":[0.0,0.88634]},"JTs":{"weight":0.6828,"played":[0.0903,0.9097],"evs":[0.0,0.97962]},"JJ":{"weight":0.0,"played":[0.0,1.0],"evs":[0.0,8.93485]},"QJo":{"weight":0.0,"played":[0.7767,0.2233],"evs":[0.0,-0.96349]},"KJo":{"weight":0.2426,"played":[0.5258,0.4742],"evs":[0.0,-0.42237]},"AJo":{"weight":0.0,"played":[2.0E-4,0.9998],"evs":[0.0,4.43484]},"Q2s":{"weight":0.0,"played":[0.9989,0.0011],"evs":[0.0,-3.55826]},"Q3s":{"weight":0.0,"played":[0.9987,0.0013],"evs":[0.0,-2.93229]},"Q4s":{"weight":0.0,"played":[0.9988,0.0012],"evs":[0.0,-2.40563]},"Q5s":{"weight":0.0,"played":[0.9705,0.0295],"evs":[0.0,-1.68657]},"Q6s":{"weight":0.0,"played":[0.9917,0.0083],"evs":[0.0,-1.03478]},"Q7s":{"weight":0.0,"played":[0.8231,0.1769],"evs":[0.0,-0.51564]},"Q8s":{"weight":0.0,"played":[0.9453,0.0547],"evs":[0.0,-0.10606]},"Q9s":{"weight":0.0022,"played":[0.8981,0.1019],"evs":[0.0,-0.57985]},"QTs":{"weight":0.9933,"played":[0.0178,0.9822],"evs":[0.0,0.78184]},"QJs":{"weight":0.9996,"played":[1.0E-4,0.9999],"evs":[0.0,0.90239]},"QQ":{"weight":0.0,"played":[0.0,1.0],"evs":[0.0,12.10325]},"KQo":{"weight":1.0E-4,"played":[0.0,1.0],"evs":[0.0,1.49563]},"AQo":{"weight":0.0,"played":[0.0,1.0],"evs":[0.0,5.68563]},"K2s":{"weight":0.0,"played":[0.9932,0.0068],"evs":[0.0,-1.94709]},"K3s":{"weight":0.0,"played":[0.9948,0.0052],"evs":[0.0,-2.53019]},"K4s":{"weight":0.0,"played":[0.9915,0.0085],"evs":[0.0,-2.25041]},"K5s":{"weight":0.0,"played":[0.9903,0.0097],"evs":[0.0,-1.32798]},"K6s":{"weight":0.0,"played":[0.9863,0.0137],"evs":[0.0,-2.23746]},"K7s":{"weight":0.0,"played":[0.7214,0.2786],"evs":[0.0,-0.29847]},"K8s":{"weight":0.0,"played":[0.4754,0.5246],"evs":[0.0,0.02042]},"K9s":{"weight":0.1313,"played":[0.2676,0.7324],"evs":[0.0,0.80347]},"KTs":{"weight":0.9855,"played":[0.3169,0.6831],"evs":[0.0,-0.0041]},"KJs":{"weight":0.0337,"played":[0.0597,0.9403],"evs":[0.0,2.61146]},"KQs":{"weight":0.0041,"played":[1.0E-4,0.9999],"evs":[0.0,3.05151]},"KK":{"weight":1.0E-4,"played":[0.0,1.0],"evs":[0.0,14.09026]},"AKo":{"weight":0.0,"played":[0.0,1.0],"evs":[0.0,6.96143]},"A2s":{"weight":0.0434,"played":[0.79,0.21],"evs":[0.0,0.00345]},"A3s":{"weight":0.2259,"played":[0.6536,0.3464],"evs":[0.0,-0.3268]},"A4s":{"weight":0.5705,"played":[0.636,0.364],"evs":[0.0,0.1202]},"A5s":{"weight":0.0311,"played":[0.2474,0.7526],"evs":[0.0,0.75501]},"A6s":{"weight":0.0847,"played":[0.6656,0.3344],"evs":[0.0,0.91275]},"A7s":{"weight":0.0014,"played":[0.1656,0.8344],"evs":[0.0,1.752]},"A8s":{"weight":0.01,"played":[0.0049,0.9951],"evs":[0.0,2.37137]},"A9s":{"weight":0.0073,"played":[8.0E-4,0.9992],"evs":[0.0,3.2822]},"ATs":{"weight":0.01,"played":[0.0,1.0],"evs":[0.0,4.04585]},"AJs":{"weight":1.0E-4,"played":[2.0E-4,0.9998],"evs":[0.0,6.0229]},"AQs":{"weight":0.0072,"played":[3.0E-4,0.9997],"evs":[0.0,7.28028]},"AKs":{"weight":0.0028,"played":[0.0,1.0],"evs":[0.0,7.38881]},"AA":{"weight":0.0253,"played":[0.0,1.0],"evs":[0.0,19.70343]}}}