{"player":1,"street":0,"children":2,"sequence":[{"player":0,"type":"F","amount":0,"street":0},{"player":1,"type":"R","amount":200000,"street":0},{"player":2,"type":"C","amount":200000,"street":0},{"player":3,"type":"C","amount":200000,"street":0},{"player":4,"type":"R","amount":2035000,"street":0},{"player":5,"type":"C","amount":635000,"street":0}],"actions":[{"type":"F","amount":0,"node":148},{"type":"C","amount":1835000,"node":151}],"hands":{"22":{"weight":0.0,"played":[0.0138,0.9862],"evs":[0.0,0.72619]},"32o":{"weight":0.0,"played":[0.9483,0.0517],"evs":[0.0,-4.04286]},"42o":{"weight":0.0,"played":[0.9932,0.0068],"evs":[0.0,-3.24306]},"52o":{"weight":0.0,"played":[0.9358,0.0642],"evs":[0.0,-2.21325]},"62o":{"weight":0.0,"played":[0.9634,0.0366],"evs":[0.0,-5.40843]},"72o":{"weight":0.0,"played":[0.9998,2.0E-4],"evs":[0.0,-3.79449]},"82o":{"weight":0.0,"played":[1.0,0.0],"evs":[0.0,-2.53568]},"92o":{"weight":0.0,"played":[0.9706,0.0294],"evs":[0.0,-2.84033]},"T2o":{"weight":0.0,"played":[0.9952,0.0048],"evs":[0.0,-2.93074]},"J2o":{"weight":0.0,"played":[0.9995,5.0E-4],"evs":[0.0,-3.74299]},"Q2o":{"weight":0.0,"played":[0.9938,0.0062],"evs":[0.0,-2.65437]},"K2o":{"weight":0.0,"played":[0.9986,0.0014],"evs":[0.0,-5.19031]},"A2o":{"weight":1.0E-4,"played":[0.9891,0.0109],"evs":[0.0,-2.58866]},"32s":{"weight":0.0,"played":[0.9869,0.0131],"evs":[0.0,-2.28813]},"33":{"weight":0.0,"played":[0.1108,0.8892],"evs":[0.0,1.79033]},"43o":{"weight":0.0,"played":[0.9893,0.0107],"evs":[0.0,-1.33717]},"53o":{"weight":0.0,"played":[0.9901,0.0099],"evs":[0.0,-2.65515]},"63o":{"weight":0.0,"played":[0.8859,0.1141],"evs":[0.0,-1.31648]},"73o":{"weight":0.0,"played":[0.9951,0.0049],"evs":[0.0,-2.46135]},"83o":{"weight":0.0,"played":[0.9763,0.0237],"evs":[0.0,-2.94957]},"93o":{"weight":0.0,"played":[0.9928,0.0072],"evs":[0.0,-3.43609]},"T3o":{"weight":0.0,"played":[1.0,0.0],"evs":[0.0,-3.88251]},"J3o":{"weight":0.0,"played":[0.972,0.028],"evs":[0.0,-3.77295]},"Q3o":{"weight":0.0,"played":[0.9987,0.0013],"evs":[0.0,-2.74382]},"K3o":{"weight":0.0,"played":[0.9951,0.0049],"evs":[0.0,-2.76437]},"A3o":{"weight":0.9966,"played":[0.9186,0.0814],"evs":[0.0,-0.9928]},"42s":{"weight":0.0,"played":[0.6634,0.3366],"evs":[0.0,-1.74591]},"43s":{"weight":0.0,"played":[0.9241,0.0759],"evs":[0.0,-2.48087]},"44":{"weight":0.412,"played":[0.0014,0.9986],"evs":[0.0,3.56958]},"54o":{"weight":0.0,"played":[0.9852,0.0148],"evs":[0.0,-1.47857]},"64o":{"weight":0.0,"played":[0.9005,0.0995],"evs":[0.0,-1.81718]},"74o":{"weight":0.0,"played":[0.9976,0.0024],"evs":[0.0,-2.13501]},"84o":{"weight":0.0,"played":[0.8325,0.1675],"evs":[0.0,-2.87223]},"94o":{"weight":0.0,"played":[0.9857,0.0143],"evs":[0.0,-1.78839]},"T4o":{"weight":0.0,"played":[0.9949,0.0051],"evs":[0.0,-6.13029]},"J4o":{"weight":0.0,"played":[1.0,0.0],"evs":[0.0,-4.43553]},"Q4o":{"weight":0.0,"played":[0.9654,0.0346],"evs":[0.0,-4.49947]},"K4o":{"weight":0.0,"played":[0.8637,0.1363],"evs":[0.0,-0.75861]},"A4o":{"weight":1.0,"played":[0.4492,0.5508],"evs":[0.0,-0.62665]},"52s":{"weight":0.0,"played":[0.5167,0.4833],"evs":[0.0,-0.00857]},"53s":{"weight":0.0,"played":[0.6632,0.3368],"evs":[0.0,-0.19708]},"54s":{"weight":0.0,"played":[0.0069,0.9931],"evs":[0.0,4.01449]},"55":{"weight":0.2646,"played":[8.0E-4,0.9992],"evs":[0.0,5.23203]},"65o":{"weight":0.0,"played":[0.1427,0.8573],"evs":[0.0,0.85223]},"75o":{"weight":0.0,"played":[0.9083,0.0917],"evs":[0.0,-0.25232]},"85o":{"weight":0.0,"played":[0.8887,0.1113],"evs":[0.0,-2.49915]},"95o":{"weight":0.0,"played":[0.8937,0.1063],"evs":[0.0,-1.79006]},"T5o":{"weight":0.0,"played":[0.9995,5.0E-4],"evs":[0.0,-3.69422]},"J5o":{"weight":0.0,"played":[0.9997,3.0E-4],"evs":[0.0,-2.28701]},"Q5o":{"weight":0.0,"played":[0.974,0.026],"evs":[0.0,-4.22279]},"K5o":{"weight":0.0,"played":[0.9978,0.0022],"evs":[0.0,-3.45137]},"A5o":{"weight":1.0,"played":[0.1212,0.8788],"evs":[0.0,1.50691]},"62s":{"weight":0.0,"played":[0.9956,0.0044],"evs":[0.0,-1.23688]},"63s":{"weight":0.0,"played":[0.689,0.311],"evs":[0.0,-1.21555]},"64s":{"weight":0.0,"played":[0.4225,0.5775],"evs":[0.0,1.68501]},"65s":{"weight":0.0,"played":[0.0,1.0],"evs":[0.0,1.45553]},"66":{"weight":0.5833,"played":[6.0E-4,0.9994],"evs":[0.0,8.05716]},"76o":{"weight":0.0,"played":[0.3527,0.6473],"evs":[0.0,-0.07681]},"86o":{"weight":0.0,"played":[0.9163,0.0837],"evs":[0.0,-1.7694]},"96o":{"weight":0.0,"played":[0.9082,0.0918],"evs":[0.0,-1.32032]},"T6o":{"weight":0.0,"played":[0.8852,0.1148],"evs":[0.0,-1.53007]},"J6o":{"weight":0.0,"played":[0.8637,0.1363],"evs":[0.0,-4.65169]},"Q6o":{"weight":0.0,"played":[0.9925,0.0075],"evs":[0.0,-1.33829]},"K6o":{"weight":0.0,"played":[0.993,0.007],"evs":[0.0,-1.37711]},"A6o":{"weight":1.0,"played":[0.3671,0.6329],"evs":[0.0,-0.31886]},"72s":{"weight":0.0,"played":[0.6489,0.3511],"evs":[0.0,0.78464]},"73s":{"weight":0.0,"played":[0.4311,0.5689],"evs":[0.0,0.2024]},"74s":{"weight":0.0,"played":[0.0014,0.9986],"evs":[0.0,1.63717]},"75s":{"weight":0.0,"played":[0.2777,0.7223],"evs":[0.0,2.31421]},"76s":{"weight":0.4161,"played":[0.0459,0.9541],"evs":[0.0,2.94412]},"77":{"weight":0.9983,"played":[0.0,1.0],"evs":[0.0,8.27612]},"87o":{"weight":0.0,"played":[0.0662,0.9338],"evs":[0.0,1.5086]},"97o":{"weight":0.0,"played":[0.9593,0.0407],"evs":[0.0,-1.24423]},"T7o":{"weight":0.0,"played":[0.9844,0.0156],"evs":[0.0,-1.17672]},"J7o":{"weight":0.0,"played":[0.9992,8.0E-4],"evs":[0.0,-3.28985]},"Q7o":{"weight":0.0,"played":[0.4169,0.5831],"evs":[0.0,-1.81289]},"K7o":{"weight":0.0,"played":[0.6716,0.3284],"evs":[0.0,-1.46709]},"A7o":{"weight":1.0,"played":[0.254,0.746],"evs":[0.0,0.81184]},"82s":{"weight":0.0,"played":[1.0,0.0],"evs":[0.0,-4.24602]},"83s":{"weight":0.0,"played":[0.2799,0.7201],"evs":[0.0,-1.07753]},"84s":{"weight":0.0,"played":[0.7472,0.2528],"evs":[0.0,-0.29249]},"85s":{"weight":0.0,"played":[0.9313,0.0687],"evs":[0.0,-2.39449]},"86s":{"weight":0.0,"played":[0.5441,0.4559],"evs":[0.0,2.13556]},"87s":{"weight":1.0,"played":[0.0287,0.9713],"evs":[0.0,3.05332]},"88":{"weight":1.0,"played":[0.0,1.0],"evs":[0.0,6.9556]},"98o":{"weight":0.0,"played":[0.5904,0.4096],"evs":[0.0,-0.44674]},"T8o":{"weight":0.0,"played":[0.744,0.256],"evs":[0.0,-1.91217]},"J8o":{"weight":0.0,"played":[0.9908,0.0092],"evs":[0.0,-1.70348]},"Q8o":{"weight":0.0,"played":[0.7549,0.2451],"evs":[0.0,-0.97369]},"K8o":{"weight":0.0,"played":[0.9743,0.0257],"evs":[0.0,-1.52533]},"A8o":{"weight":0.9993,"played":[0.6221,0.3779],"evs":[0.0,0.13914]},"92s":{"weight":0.0,"played":[0.5191,0.4809],"evs":[0.0,1.37854]},"93s":{"weight":0.0,"played":[0.1567,0.8433],"evs":[0.0,0.26137]},"94s":{"weight":0.0,"played":[0.6039,0.3961],"evs":[0.0,0.12834]},"95s":{"weight":0.0,"played":[0.7708,0.2292],"evs":[0.0,-2.34946]},"96s":{"weight":0.0,"played":[0.0209,0.9791],"evs":[0.0,2.86876]},"97s":{"weight":1.0,"played":[0.3617,0.6383],"evs":[0.0,0.97174]},"98s":{"weight":1.0,"played":[0.0753,0.9247],"evs":[0.0,3.73799]},"99":{"weight":1.0,"played":[2.0E-4,0.9998],"evs":[0.0,10.8278]},"T9o":{"weight":0.1224,"played":[0.4711,0.5289],"evs":[0.0,-1.58759]},"J9o":{"weight":0.0,"played":[0.7962,0.2038],"evs":[0.0,-0.80819]},"Q9o":{"weight":0.0,"played":[0.8632,0.1368],"evs":[0.0,-1.95461]},"K9o":{"weight":0.5394,"played":[0.4689,0.5311],"evs":[0.0,0.50813]},"A9o":{"weight":0.6022,"played":[0.2702,0.7298],"evs":[0.0,0.89206]},"T2s":{"weight":0.0,"played":[0.6677,0.3323],"evs":[0.0,-1.94028]},"T3s":{"weight":0.0,"played":[0.44,0.56],"evs":[0.0,-0.61467]},"T4s":{"weight":0.0,"played":[0.9805,0.0195],"evs":[0.0,-3.64096]},"T5s":{"weight":0.0,"played":[0.497,0.503],"evs":[0.0,1.05431]},"T6s":{"weight":0.0,"played":[0.0957,0.9043],"evs":[0.0,1.94575]},"T7s":{"weight":0.9986,"played":[0.7025,0.2975],"evs":[0.0,-1.73061]},"T8s":{"weight":0.9992,"played":[0.0559,0.9441],"evs":[0.0,1.04036]},"T9s":{"weight":0.985,"played":[0.3649,0.6351],"evs":[0.0,2.94847]},"TT":{"weight":1.0,"played":[1.0E-4,0.9999],"evs":[0.0,9.45812]},"JTo":{"weight":1.0,"played":[0.3819,0.6181],"evs":[0.0,0.10733]},"QTo":{"weight":1.0,"played":[4.0E-4,0.9996],"evs":[0.0,1.02989]},"KTo":{"weight":0.9998,"played":[0.2062,0.7938],"evs":[0.0,0.63398]},"ATo":{"weight":0.4938,"played":[2.0E-4,0.9998],"evs":[0.0,4.64856]},"J2s":{"weight":0.0,"played":[0.8615,0.1385],"evs":[0.0,-1.95114]},"J3s":{"weight":0.0,"played":[0.7646,0.2354],"evs":[0.0,-5.17583]},"J4s":{"weight":0.0,"played":[0.9004,0.0996],"evs":[0.0,-6.08404]},"J5s":{"weight":0.0,"played":[0.7018,0.2982],"evs":[0.0,-3.71183]},"J6s":{"weight":0.0,"played":[0.491,0.509],"evs":[0.0,0.11641]},"J7s":{"weight":0.2271,"played":[0.6858,0.3142],"evs":[0.0,0.12717]},"J8s":{"weight":1.0,"played":[0.1189,0.8811],"evs":[0.0,3.06637]},"J9s":{"weight":0.9377,"played":[0.8495,0.1505],"evs":[0.0,-0.545]},"JTs":{"weight":0.3888,"played":[0.1184,0.8816],"evs":[0.0,1.56324]},"JJ":{"weight":1.0,"played":[1.0E-4,0.9999],"evs":[0.0,14.35624]},"QJo":{"weight":1.0,"played":[0.0315,0.9685],"evs":[0.0,0.74983]},"KJo":{"weight":0.9066,"played":[0.0,1.0],"evs":[0.0,1.50976]},"AJo":{"weight":0.0459,"played":[0.0,1.0],"evs":[0.0,1.81404]},"Q2s":{"weight":0.0,"played":[0.0131,0.9869],"evs":[0.0,1.53831]},"Q3s":{"weight":0.0,"played":[0.6612,0.3388],"evs":[0.0,-0.50373]},"Q4s":{"weight":0.0,"played":[0.8426,0.1574],"evs":[0.0,-0.28615]},"Q5s":{"weight":0.0,"played":[0.6312,0.3688],"evs":[0.0,0.05817]},"Q6s":{"weight":7.0E-4,"played":[0.0072,0.9928],"evs":[0.0,4.57472]},"Q7s":{"weight":0.8892,"played":[0.383,0.617],"evs":[0.0,-0.36308]},"Q8s":{"weight":1.0,"played":[0.5117,0.4883],"evs":[0.0,0.37731]},"Q9s":{"weight":1.0,"played":[6.0E-4,0.9994],"evs":[0.0,2.48506]},"QTs":{"weight":0.6879,"played":[0.1819,0.8181],"evs":[0.0,0.46586]},"QJs":{"weight":0.3726,"played":[1.0E-4,0.9999],"evs":[0.0,5.05811]},"QQ":{"weight":1.0,"played":[0.0,1.0],"evs":[0.0,17.77198]},"KQo":{"weight":0.6902,"played":[1.0E-4,0.9999],"evs":[0.0,4.92679]},"AQo":{"weight":0.9397,"played":[0.0,1.0],"evs":[0.0,8.19173]},"K2s":{"weight":0.0,"played":[0.7663,0.2337],"evs":[0.0,-4.42371]},"K3s":{"weight":0.0,"played":[0.6017,0.3983],"evs":[0.0,0.97468]},"K4s":{"weight":0.0,"played":[0.7237,0.2763],"evs":[0.0,-0.2873]},"K5s":{"weight":1.0,"played":[0.3088,0.6912],"evs":[0.0,2.01765]},"K6s":{"weight":1.0,"played":[0.7894,0.2106],"evs":[0.0,-0.12261]},"K7s":{"weight":0.9951,"played":[0.0515,0.9485],"evs":[0.0,0.73173]},"K8s":{"weight":0.1085,"played":[0.0647,0.9353],"evs":[0.0,2.30035]},"K9s":{"weight":4.0E-4,"played":[0.5134,0.4866],"evs":[0.0,-0.02491]},"KTs":{"weight":0.0,"played":[0.3411,0.6589],"evs":[0.0,1.38729]},"KJs":{"weight":0.9991,"played":[0.0083,0.9917],"evs":[0.0,3.94101]},"KQs":{"weight":1.0,"played":[0.0062,0.9938],"evs":[0.0,4.70573]},"KK":{"weight":1.0,"played":[0.0,1.0],"evs":[0.0,21.1353]},"AKo":{"weight":1.0,"played":[5.0E-4,0.9995],"evs":[0.0,7.57349]},"A2s":{"weight":0.9968,"played":[0.1498,0.8502],"evs":[0.0,1.39793]},"A3s":{"weight":0.9939,"played":[0.5995,0.4005],"evs":[0.0,1.00085]},"A4s":{"weight":0.1121,"played":[0.0179,0.9821],"evs":[0.0,5.42456]},"A5s":{"weight":0.0,"played":[0.1133,0.8867],"evs":[0.0,4.06229]},"A6s":{"weight":6.0E-4,"played":[0.0014,0.9986],"evs":[0.0,5.61884]},"A7s":{"weight":0.0031,"played":[0.013,0.987],"evs":[0.0,2.38159]},"A8s":{"weight":1.0,"played":[0.0028,0.9972],"evs":[0.0,4.14879]},"A9s":{"weight":1.0,"played":[0.0052,0.9948],"evs":[0.0,5.70099]},"ATs":{"weight":1.0,"played":[1.0E-4,0.9999],"evs":[0.0,5.86751]},"AJs":{"weight":1.0,"played":[0.0,1.0],"evs":[0.0,4.54035]},"AQs":{"weight":1.0,"played":[7.0E-4,0.9993],"evs":[0.0,5.06537]},"AKs":{"weight":1.0,"played":[2.0E-4,0.9998],"evs":[0.0,12.48581]},"AA":{"weight":1.0,"played":[0.0,1.0],"evs":[0.0,25.03689]}}}