{"player":2,"street":0,"children":2,"sequence":[{"player":0,"type":"F","amount":0,"street":0},{"player":1,"type":"R","amount":200000,"street":0},{"player":2,"type":"C","amount":200000,"street":0},{"player":3,"type":"C","amount":200000,"street":0},{"player":4,"type":"R","amount":2035000,"street":0},{"player":5,"type":"C","amount":635000,"street":0},{"player":1,"type":"F","amount":0,"street":0}],"actions":[{"type":"F","amount":0,"node":149},{"type":"C","amount":785000,"node":150}],"hands":{"22":{"weight":0.0,"played":[0.0129,0.9871],"evs":[0.0,1.3154]},"32o":{"weight":0.0,"played":[0.9934,0.0066],"evs":[0.0,-1.36934]},"42o":{"weight":0.0,"played":[0.9328,0.0672],"evs":[0.0,-0.9859]},"52o":{"weight":0.0,"played":[0.8078,0.1922],"evs":[0.0,-2.05315]},"62o":{"weight":0.0,"played":[0.9801,0.0199],"evs":[0.0,-1.51126]},"72o":{"weight":0.0,"played":[1.0,0.0],"evs":[0.0,-1.65188]},"82o":{"weight":0.0,"played":[0.9953,0.0047],"evs":[0.0,-1.62412]},"92o":{"weight":0.0,"played":[0.9993,7.0E-4],"evs":[0.0,-1.06933]},"T2o":{"weight":0.0,"played":[0.9972,0.0028],"evs":[0.0,-1.95468]},"J2o":{"weight":0.0,"played":[0.9488,0.0512],"evs":[0.0,-1.57411]},"Q2o":{"weight":0.0,"played":[0.6778,0.3222],"evs":[0.0,-0.34333]},"K2o":{"weight":0.0,"played":[0.9911,0.0089],"evs":[0.0,-1.69058]},"A2o":{"weight":0.0,"played":[0.6352,0.3648],"evs":[0.0,-0.32913]},"32s":{"weight":0.0,"played":[0.8444,0.1556],"evs":[0.0,-1.20627]},"33":{"weight":0.0,"played":[0.0154,0.9846],"evs":[0.0,2.34288]},"43o":{"weight":0.0,"played":[0.7469,0.2531],"evs":[0.0,-0.46636]},"53o":{"weight":0.0,"played":[0.808,0.192],"evs":[0.0,-0.53411]},"63o":{"weight":0.0,"played":[0.9744,0.0256],"evs":[0.0,-0.80314]},"73o":{"weight":0.0,"played":[0.9974,0.0026],"evs":[0.0,-0.42453]},"83o":{"weight":0.0,"played":[0.9989,0.0011],"evs":[0.0,-1.53635]},"93o":{"weight":0.0,"played":[0.9552,0.0448],"evs":[0.0,-0.61694]},"T3o":{"weight":0.0,"played":[0.9636,0.0364],"evs":[0.0,-1.56721]},"J3o":{"weight":0.0,"played":[0.9787,0.0213],"evs":[0.0,-1.37573]},"Q3o":{"weight":0.0,"played":[0.9403,0.0597],"evs":[0.0,-0.72434]},"K3o":{"weight":0.0,"played":[0.9434,0.0566],"evs":[0.0,-0.26582]},"A3o":{"weight":0.0,"played":[0.5679,0.4321],"evs":[0.0,-0.44744]},"42s":{"weight":0.0,"played":[0.6395,0.3605],"evs":[0.0,-0.66781]},"43s":{"weight":0.0,"played":[0.1185,0.8815],"evs":[0.0,-0.35272]},"44":{"weight":0.2944,"played":[2.0E-4,0.9998],"evs":[0.0,1.46952]},"54o":{"weight":0.0,"played":[0.4534,0.5466],"evs":[0.0,0.08057]},"64o":{"weight":0.0,"played":[0.4657,0.5343],"evs":[0.0,-0.14883]},"74o":{"weight":0.0,"played":[0.818,0.182],"evs":[0.0,-0.79345]},"84o":{"weight":0.0,"played":[0.7537,0.2463],"evs":[0.0,-0.53842]},"94o":{"weight":0.0,"played":[0.8834,0.1166],"evs":[0.0,-0.89232]},"T4o":{"weight":0.0,"played":[0.9865,0.0135],"evs":[0.0,-1.09878]},"J4o":{"weight":0.0,"played":[0.9859,0.0141],"evs":[0.0,-0.89954]},"Q4o":{"weight":0.0,"played":[0.9238,0.0762],"evs":[0.0,-0.70886]},"K4o":{"weight":0.0,"played":[0.9756,0.0244],"evs":[0.0,-0.12967]},"A4o":{"weight":0.0,"played":[0.9736,0.0264],"evs":[0.0,-0.88384]},"52s":{"weight":0.0,"played":[0.4643,0.5357],"evs":[0.0,-0.11824]},"53s":{"weight":0.0,"played":[0.3761,0.6239],"evs":[0.0,0.03869]},"54s":{"weight":0.0,"played":[0.0445,0.9555],"evs":[0.0,1.85382]},"55":{"weight":0.8068,"played":[9.0E-4,0.9991],"evs":[0.0,3.49873]},"65o":{"weight":0.0,"played":[0.0841,0.9159],"evs":[0.0,0.00479]},"75o":{"weight":0.0,"played":[0.7699,0.2301],"evs":[0.0,-0.85045]},"85o":{"weight":0.0,"played":[0.412,0.588],"evs":[0.0,0.32217]},"95o":{"weight":0.0,"played":[0.9885,0.0115],"evs":[0.0,-0.59832]},"T5o":{"weight":0.0,"played":[0.9863,0.0137],"evs":[0.0,-1.26242]},"J5o":{"weight":0.0,"played":[0.3553,0.6447],"evs":[0.0,-0.03743]},"Q5o":{"weight":0.0,"played":[0.8057,0.1943],"evs":[0.0,-0.98628]},"K5o":{"weight":0.0,"played":[0.2131,0.7869],"evs":[0.0,0.1463]},"A5o":{"weight":0.0,"played":[0.1414,0.8586],"evs":[0.0,0.58407]},"62s":{"weight":0.0,"played":[0.8774,0.1226],"evs":[0.0,-0.64355]},"63s":{"weight":0.0,"played":[0.0507,0.9493],"evs":[0.0,1.07719]},"64s":{"weight":0.0,"played":[0.0196,0.9804],"evs":[0.0,1.20875]},"65s":{"weight":0.0,"played":[0.198,0.802],"evs":[0.0,1.80729]},"66":{"weight":0.0905,"played":[0.0,1.0],"evs":[0.0,3.43192]},"76o":{"weight":0.0,"played":[0.0,1.0],"evs":[0.0,0.65632]},"86o":{"weight":0.0,"played":[0.7475,0.2525],"evs":[0.0,-0.46035]},"96o":{"weight":0.0,"played":[0.6424,0.3576],"evs":[0.0,-0.00923]},"T6o":{"weight":0.0,"played":[0.669,0.331],"evs":[0.0,0.17619]},"J6o":{"weight":0.0,"played":[0.797,0.203],"evs":[0.0,-0.30883]},"Q6o":{"weight":0.0,"played":[2.0E-4,0.9998],"evs":[0.0,0.49018]},"K6o":{"weight":0.0,"played":[0.2973,0.7027],"evs":[0.0,0.56894]},"A6o":{"weight":0.0,"played":[0.2919,0.7081],"evs":[0.0,0.47495]},"72s":{"weight":0.0,"played":[0.5686,0.4314],"evs":[0.0,0.12394]},"73s":{"weight":0.0,"played":[0.876,0.124],"evs":[0.0,-0.75998]},"74s":{"weight":0.0,"played":[0.0432,0.9568],"evs":[0.0,0.84712]},"75s":{"weight":0.0,"played":[0.0089,0.9911],"evs":[0.0,2.32451]},"76s":{"weight":0.0,"played":[3.0E-4,0.9997],"evs":[0.0,0.98289]},"77":{"weight":1.0E-4,"played":[0.0036,0.9964],"evs":[0.0,4.69394]},"87o":{"weight":0.0,"played":[0.0029,0.9971],"evs":[0.0,0.67235]},"97o":{"weight":0.0,"played":[0.2354,0.7646],"evs":[0.0,0.04405]},"T7o":{"weight":0.0,"played":[0.0225,0.9775],"evs":[0.0,0.1845]},"J7o":{"weight":0.0,"played":[0.7833,0.2167],"evs":[0.0,0.08532]},"Q7o":{"weight":0.0,"played":[0.2401,0.7599],"evs":[0.0,0.32498]},"K7o":{"weight":0.0,"played":[0.752,0.248],"evs":[0.0,-0.28128]},"A7o":{"weight":0.0,"played":[0.4822,0.5178],"evs":[0.0,-0.3345]},"82s":{"weight":0.0,"played":[0.7711,0.2289],"evs":[0.0,-0.05204]},"83s":{"weight":0.0,"played":[0.1626,0.8374],"evs":[0.0,-0.29446]},"84s":{"weight":0.0,"played":[0.3172,0.6828],"evs":[0.0,-0.18442]},"85s":{"weight":0.0,"played":[0.0588,0.9412],"evs":[0.0,1.18452]},"86s":{"weight":0.0,"played":[0.2726,0.7274],"evs":[0.0,0.29437]},"87s":{"weight":0.0,"played":[0.3083,0.6917],"evs":[0.0,0.07118]},"88":{"weight":0.0,"played":[2.0E-4,0.9998],"evs":[0.0,4.03943]},"98o":{"weight":0.0,"played":[0.1056,0.8944],"evs":[0.0,0.69906]},"T8o":{"weight":0.0,"played":[0.2923,0.7077],"evs":[0.0,0.23584]},"J8o":{"weight":0.0,"played":[0.6057,0.3943],"evs":[0.0,0.32591]},"Q8o":{"weight":0.0,"played":[0.2389,0.7611],"evs":[0.0,0.37086]},"K8o":{"weight":0.0,"played":[0.2593,0.7407],"evs":[0.0,0.40046]},"A8o":{"weight":0.0,"played":[0.2695,0.7305],"evs":[0.0,0.65819]},"92s":{"weight":0.0,"played":[0.4091,0.5909],"evs":[0.0,-0.08036]},"93s":{"weight":0.0,"played":[0.4903,0.5097],"evs":[0.0,-0.19979]},"94s":{"weight":0.0,"played":[0.2914,0.7086],"evs":[0.0,-0.02277]},"95s":{"weight":0.0,"played":[0.0221,0.9779],"evs":[0.0,0.81861]},"96s":{"weight":0.0,"played":[0.6913,0.3087],"evs":[0.0,-0.42314]},"97s":{"weight":0.0,"played":[0.0107,0.9893],"evs":[0.0,1.53524]},"98s":{"weight":0.0,"played":[0.0011,0.9989],"evs":[0.0,2.95231]},"99":{"weight":0.0,"played":[0.0,1.0],"evs":[0.0,5.98165]},"T9o":{"weight":0.0,"played":[0.1452,0.8548],"evs":[0.0,0.62697]},"J9o":{"weight":0.0,"played":[0.0476,0.9524],"evs":[0.0,0.64337]},"Q9o":{"weight":0.0,"played":[0.2166,0.7834],"evs":[0.0,0.42393]},"K9o":{"weight":0.0,"played":[0.0741,0.9259],"evs":[0.0,1.74993]},"A9o":{"weight":0.0,"played":[0.1923,0.8077],"evs":[0.0,1.52214]},"T2s":{"weight":0.0,"played":[0.2676,0.7324],"evs":[0.0,0.49841]},"T3s":{"weight":0.0,"played":[0.0782,0.9218],"evs":[0.0,-0.1675]},"T4s":{"weight":0.0,"played":[0.1991,0.8009],"evs":[0.0,0.22307]},"T5s":{"weight":0.0,"played":[0.3537,0.6463],"evs":[0.0,0.93101]},"T6s":{"weight":0.0,"played":[0.0734,0.9266],"evs":[0.0,1.49757]},"T7s":{"weight":0.0,"played":[0.3297,0.6703],"evs":[0.0,0.13996]},"T8s":{"weight":0.0,"played":[0.1063,0.8937],"evs":[0.0,1.82017]},"T9s":{"weight":0.3329,"played":[0.0194,0.9806],"evs":[0.0,2.55375]},"TT":{"weight":0.0,"played":[1.0E-4,0.9999],"evs":[0.0,7.8025]},"JTo":{"weight":0.0,"played":[0.0041,0.9959],"evs":[0.0,0.71563]},"QTo":{"weight":0.0,"played":[1.0E-4,0.9999],"evs":[0.0,0.89668]},"KTo":{"weight":0.0,"played":[0.0357,0.9643],"evs":[0.0,0.65314]},"ATo":{"weight":0.0,"played":[1.0E-4,0.9999],"evs":[0.0,1.4487]},"J2s":{"weight":0.0,"played":[0.4505,0.5495],"evs":[0.0,-0.47626]},"J3s":{"weight":0.0,"played":[0.0195,0.9805],"evs":[0.0,0.1636]},"J4s":{"weight":0.0,"played":[0.2029,0.7971],"evs":[0.0,0.07467]},"J5s":{"weight":0.0,"played":[0.4721,0.5279],"evs":[0.0,0.0774]},"J6s":{"weight":0.0,"played":[0.8344,0.1656],"evs":[0.0,-0.66672]},"J7s":{"weight":0.0,"played":[0.1174,0.8826],"evs":[0.0,1.79193]},"J8s":{"weight":0.0,"played":[0.5527,0.4473],"evs":[0.0,0.11925]},"J9s":{"weight":0.0216,"played":[0.1231,0.8769],"evs":[0.0,1.17676]},"JTs":{"weight":1.0,"played":[7.0E-4,0.9993],"evs":[0.0,1.46539]},"JJ":{"weight":0.0,"played":[1.0E-4,0.9999],"evs":[0.0,10.07161]},"QJo":{"weight":0.0012,"played":[1.0E-4,0.9999],"evs":[0.0,1.89231]},"KJo":{"weight":0.4177,"played":[4.0E-4,0.9996],"evs":[0.0,2.06865]},"AJo":{"weight":0.0,"played":[3.0E-4,0.9997],"evs":[0.0,3.09079]},"Q2s":{"weight":0.0,"played":[0.6287,0.3713],"evs":[0.0,-0.97179]},"Q3s":{"weight":0.0,"played":[0.2744,0.7256],"evs":[0.0,1.51943]},"Q4s":{"weight":0.0,"played":[0.0368,0.9632],"evs":[0.0,0.21505]},"Q5s":{"weight":0.0,"played":[0.0587,0.9413],"evs":[0.0,0.09526]},"Q6s":{"weight":0.0,"played":[0.0241,0.9759],"evs":[0.0,0.98681]},"Q7s":{"weight":0.0,"played":[0.5026,0.4974],"evs":[0.0,0.70203]},"Q8s":{"weight":0.0,"played":[0.0193,0.9807],"evs":[0.0,1.15178]},"Q9s":{"weight":2.0E-4,"played":[0.0113,0.9887],"evs":[0.0,-0.04279]},"QTs":{"weight":1.0,"played":[0.0,1.0],"evs":[0.0,2.04949]},"QJs":{"weight":1.0,"played":[5.0E-4,0.9995],"evs":[0.0,0.88538]},"QQ":{"weight":0.0,"played":[0.0,1.0],"evs":[0.0,10.65454]},"KQo":{"weight":1.0E-4,"played":[2.0E-4,0.9998],"evs":[0.0,3.2384]},"AQo":{"weight":0.0,"played":[6.0E-4,0.9994],"evs":[0.0,3.08618]},"K2s":{"weight":0.0,"played":[0.0118,0.9882],"evs":[0.0,0.49032]},"K3s":{"weight":0.0,"played":[0.0046,0.9954],"evs":[0.0,0.14684]},"K4s":{"weight":0.0,"played":[0.0846,0.9154],"evs":[0.0,2.03052]},"K5s":{"weight":0.0,"played":[0.0047,0.9953],"evs":[0.0,1.94706]},"K6s":{"weight":0.0,"played":[0.4132,0.5868],"evs":[0.0,-0.10772]},"K7s":{"weight":0.0,"played":[7.0E-4,0.9993],"evs":[0.0,0.73991]},"K8s":{"weight":0.0,"played":[0.1942,0.8058],"evs":[0.0,0.3369]},"K9s":{"weight":0.6086,"played":[0.0306,0.9694],"evs":[0.0,1.43753]},"KTs":{"weight":0.9999,"played":[0.0352,0.9648],"evs":[0.0,3.07]},"KJs":{"weight":0.2749,"played":[0.0077,0.9923],"evs":[0.0,3.40371]},"KQs":{"weight":4.0E-4,"played":[1.0E-4,0.9999],"evs":[0.0,5.36465]},"KK":{"weight":0.0,"played":[0.0,1.0],"evs":[0.0,11.94514]},"AKo":{"weight":0.0,"played":[1.0E-4,0.9999],"evs":[0.0,4.36987]},"A2s":{"weight":7.0E-4,"played":[0.0057,0.9943],"evs":[0.0,0.21995]},"A3s":{"weight":0.5787,"played":[0.2904,0.7096],"evs":[0.0,0.13584]},"A4s":{"weight":0.9879,"played":[0.34,0.66],"evs":[0.0,0.20603]},"A5s":{"weight":0.1411,"played":[2.0E-4,0.9998],"evs":[0.0,1.32926]},"A6s":{"weight":0.0047,"played":[0.2479,0.7521],"evs":[0.0,0.46217]},"A7s":{"weight":0.0,"played":[0.0743,0.9257],"evs":[0.0,0.87658]},"A8s":{"weight":0.0,"played":[0.0102,0.9898],"evs":[0.0,1.27376]},"A9s":{"weight":0.0,"played":[0.0031,0.9969],"evs":[0.0,2.67699]},"ATs":{"weight":0.0,"played":[3.0E-4,0.9997],"evs":[0.0,5.06788]},"AJs":{"weight":0.0,"played":[0.0,1.0],"evs":[0.0,6.77036]},"AQs":{"weight":0.0,"played":[0.0,1.0],"evs":[0.0,5.27181]},"AKs":{"weight":0.0,"played":[1.0E-4,0.9999],"evs":[0.0,7.30011]},"AA":{"weight":0.2137,"played":[0.0,1.0],"evs":[0.0,13.94728]}}}