{"player":2,"street":0,"children":2,"sequence":[{"player":0,"type":"F","amount":0,"street":0},{"player":1,"type":"R","amount":200000,"street":0},{"player":2,"type":"C","amount":200000,"street":0},{"player":3,"type":"C","amount":200000,"street":0},{"player":4,"type":"R","amount":2035000,"street":0},{"player":5,"type":"C","amount":635000,"street":0},{"player":1,"type":"C","amount":1835000,"street":0}],"actions":[{"type":"F","amount":0,"node":152},{"type":"C","amount":785000,"node":153}],"hands":{"22":{"weight":0.0,"played":[0.0055,0.9945],"evs":[0.0,0.78879]},"32o":{"weight":0.0,"played":[0.9994,6.0E-4],"evs":[0.0,-1.59963]},"42o":{"weight":0.0,"played":[0.9722,0.0278],"evs":[0.0,-1.38715]},"52o":{"weight":0.0,"played":[0.978,0.022],"evs":[0.0,-1.2322]},"62o":{"weight":0.0,"played":[0.9997,3.0E-4],"evs":[0.0,-1.58876]},"72o":{"weight":0.0,"played":[1.0,0.0],"evs":[0.0,-1.75855]},"82o":{"weight":0.0,"played":[0.999,0.001],"evs":[0.0,-1.75408]},"92o":{"weight":0.0,"played":[0.9995,5.0E-4],"evs":[0.0,-1.86175]},"T2o":{"weight":0.0,"played":[0.9999,1.0E-4],"evs":[0.0,-1.87702]},"J2o":{"weight":0.0,"played":[0.9987,0.0013],"evs":[0.0,-1.89405]},"Q2o":{"weight":0.0,"played":[0.9999,1.0E-4],"evs":[0.0,-1.91211]},"K2o":{"weight":0.0,"played":[0.9995,5.0E-4],"evs":[0.0,-1.70158]},"A2o":{"weight":0.0,"played":[0.9988,0.0012],"evs":[0.0,-1.52345]},"32s":{"weight":0.0,"played":[0.0741,0.9259],"evs":[0.0,-0.0188]},"33":{"weight":0.0,"played":[0.0255,0.9745],"evs":[0.0,0.7855]},"43o":{"weight":0.0,"played":[0.9995,5.0E-4],"evs":[0.0,-0.85288]},"53o":{"weight":0.0,"played":[0.7685,0.2315],"evs":[0.0,-0.2496]},"63o":{"weight":0.0,"played":[0.9907,0.0093],"evs":[0.0,-1.14608]},"73o":{"weight":0.0,"played":[0.9978,0.0022],"evs":[0.0,-1.72685]},"83o":{"weight":0.0,"played":[0.9985,0.0015],"evs":[0.0,-1.88074]},"93o":{"weight":0.0,"played":[0.9999,1.0E-4],"evs":[0.0,-1.74955]},"T3o":{"weight":0.0,"played":[0.9997,3.0E-4],"evs":[0.0,-1.63152]},"J3o":{"weight":0.0,"played":[0.9999,1.0E-4],"evs":[0.0,-1.65759]},"Q3o":{"weight":0.0,"played":[0.9996,4.0E-4],"evs":[0.0,-2.06598]},"K3o":{"weight":0.0,"played":[0.9858,0.0142],"evs":[0.0,-0.90359]},"A3o":{"weight":0.0,"played":[0.965,0.035],"evs":[0.0,-0.92338]},"42s":{"weight":0.0,"played":[0.4854,0.5146],"evs":[0.0,0.25238]},"43s":{"weight":0.0,"played":[0.0163,0.9837],"evs":[0.0,0.85833]},"44":{"weight":0.2944,"played":[0.008,0.992],"evs":[0.0,0.97651]},"54o":{"weight":0.0,"played":[0.9933,0.0067],"evs":[0.0,-0.26924]},"64o":{"weight":0.0,"played":[0.9425,0.0575],"evs":[0.0,-0.2167]},"74o":{"weight":0.0,"played":[0.9974,0.0026],"evs":[0.0,-1.22151]},"84o":{"weight":0.0,"played":[0.9968,0.0032],"evs":[0.0,-1.25023]},"94o":{"weight":0.0,"played":[0.9997,3.0E-4],"evs":[0.0,-1.29625]},"T4o":{"weight":0.0,"played":[0.9999,1.0E-4],"evs":[0.0,-2.25903]},"J4o":{"weight":0.0,"played":[1.0,0.0],"evs":[0.0,-1.65504]},"Q4o":{"weight":0.0,"played":[0.9992,8.0E-4],"evs":[0.0,-1.65773]},"K4o":{"weight":0.0,"played":[0.9912,0.0088],"evs":[0.0,-0.95506]},"A4o":{"weight":0.0,"played":[0.9944,0.0056],"evs":[0.0,-0.95133]},"52s":{"weight":0.0,"played":[0.1604,0.8396],"evs":[0.0,-0.22329]},"53s":{"weight":0.0,"played":[0.0141,0.9859],"evs":[0.0,0.80895]},"54s":{"weight":0.0,"played":[0.15,0.85],"evs":[0.0,0.49034]},"55":{"weight":0.8068,"played":[0.0,1.0],"evs":[0.0,1.74978]},"65o":{"weight":0.0,"played":[0.0028,0.9972],"evs":[0.0,0.34558]},"75o":{"weight":0.0,"played":[0.7335,0.2665],"evs":[0.0,-0.3103]},"85o":{"weight":0.0,"played":[0.9999,1.0E-4],"evs":[0.0,-0.74449]},"95o":{"weight":0.0,"played":[0.9998,2.0E-4],"evs":[0.0,-0.73232]},"T5o":{"weight":0.0,"played":[1.0,0.0],"evs":[0.0,-1.63444]},"J5o":{"weight":0.0,"played":[0.9995,5.0E-4],"evs":[0.0,-1.49583]},"Q5o":{"weight":0.0,"played":[0.9995,5.0E-4],"evs":[0.0,-1.16671]},"K5o":{"weight":0.0,"played":[0.9991,9.0E-4],"evs":[0.0,-0.68344]},"A5o":{"weight":0.0,"played":[0.9968,0.0032],"evs":[0.0,-0.49393]},"62s":{"weight":0.0,"played":[0.4643,0.5357],"evs":[0.0,-0.08001]},"63s":{"weight":0.0,"played":[0.8866,0.1134],"evs":[0.0,-0.46549]},"64s":{"weight":0.0,"played":[0.0125,0.9875],"evs":[0.0,0.21182]},"65s":{"weight":0.0,"played":[0.0,1.0],"evs":[0.0,1.49795]},"66":{"weight":0.0905,"played":[7.0E-4,0.9993],"evs":[0.0,2.51305]},"76o":{"weight":0.0,"played":[0.3771,0.6229],"evs":[0.0,0.51608]},"86o":{"weight":0.0,"played":[0.9906,0.0094],"evs":[0.0,-0.51554]},"96o":{"weight":0.0,"played":[0.9406,0.0594],"evs":[0.0,-0.30569]},"T6o":{"weight":0.0,"played":[0.9958,0.0042],"evs":[0.0,-1.10472]},"J6o":{"weight":0.0,"played":[0.9971,0.0029],"evs":[0.0,-0.95647]},"Q6o":{"weight":0.0,"played":[0.9985,0.0015],"evs":[0.0,-1.2932]},"K6o":{"weight":0.0,"played":[0.9803,0.0197],"evs":[0.0,-0.60034]},"A6o":{"weight":0.0,"played":[0.951,0.049],"evs":[0.0,-0.81607]},"72s":{"weight":0.0,"played":[0.9966,0.0034],"evs":[0.0,-1.16928]},"73s":{"weight":0.0,"played":[0.0408,0.9592],"evs":[0.0,0.2698]},"74s":{"weight":0.0,"played":[0.2557,0.7443],"evs":[0.0,0.1404]},"75s":{"weight":0.0,"played":[0.0396,0.9604],"evs":[0.0,0.95898]},"76s":{"weight":0.0,"played":[0.0043,0.9957],"evs":[0.0,1.21323]},"77":{"weight":1.0E-4,"played":[3.0E-4,0.9997],"evs":[0.0,2.91709]},"87o":{"weight":0.0,"played":[0.735,0.265],"evs":[0.0,-0.18582]},"97o":{"weight":0.0,"played":[0.9814,0.0186],"evs":[0.0,-0.49916]},"T7o":{"weight":0.0,"played":[0.9368,0.0632],"evs":[0.0,-0.18074]},"J7o":{"weight":0.0,"played":[0.9995,5.0E-4],"evs":[0.0,-1.0233]},"Q7o":{"weight":0.0,"played":[0.996,0.004],"evs":[0.0,-0.9809]},"K7o":{"weight":0.0,"played":[0.9796,0.0204],"evs":[0.0,-0.74871]},"A7o":{"weight":0.0,"played":[0.9996,4.0E-4],"evs":[0.0,-0.49232]},"82s":{"weight":0.0,"played":[0.6598,0.3402],"evs":[0.0,-0.5483]},"83s":{"weight":0.0,"played":[0.9468,0.0532],"evs":[0.0,-0.96847]},"84s":{"weight":0.0,"played":[0.6634,0.3366],"evs":[0.0,-0.20275]},"85s":{"weight":0.0,"played":[0.3978,0.6022],"evs":[0.0,0.55721]},"86s":{"weight":0.0,"played":[0.0018,0.9982],"evs":[0.0,1.30717]},"87s":{"weight":0.0,"played":[0.0274,0.9726],"evs":[0.0,1.41643]},"88":{"weight":0.0,"played":[2.0E-4,0.9998],"evs":[0.0,2.97303]},"98o":{"weight":0.0,"played":[0.9096,0.0904],"evs":[0.0,-0.41586]},"T8o":{"weight":0.0,"played":[0.983,0.017],"evs":[0.0,-0.43976]},"J8o":{"weight":0.0,"played":[0.973,0.027],"evs":[0.0,-0.29943]},"Q8o":{"weight":0.0,"played":[0.6771,0.3229],"evs":[0.0,0.12829]},"K8o":{"weight":0.0,"played":[0.9988,0.0012],"evs":[0.0,-0.95093]},"A8o":{"weight":0.0,"played":[0.2723,0.7277],"evs":[0.0,-0.01204]},"92s":{"weight":0.0,"played":[0.8912,0.1088],"evs":[0.0,-0.74965]},"93s":{"weight":0.0,"played":[0.9487,0.0513],"evs":[0.0,-0.62317]},"94s":{"weight":0.0,"played":[0.2208,0.7792],"evs":[0.0,-0.10441]},"95s":{"weight":0.0,"played":[0.7021,0.2979],"evs":[0.0,-0.07147]},"96s":{"weight":0.0,"played":[7.0E-4,0.9993],"evs":[0.0,1.62694]},"97s":{"weight":0.0,"played":[0.0,1.0],"evs":[0.0,0.744]},"98s":{"weight":0.0,"played":[0.0225,0.9775],"evs":[0.0,0.97908]},"99":{"weight":0.0,"played":[4.0E-4,0.9996],"evs":[0.0,3.49959]},"T9o":{"weight":0.0,"played":[0.0114,0.9886],"evs":[0.0,0.56783]},"J9o":{"weight":0.0,"played":[0.4048,0.5952],"evs":[0.0,0.17649]},"Q9o":{"weight":0.0,"played":[0.5094,0.4906],"evs":[0.0,-0.09499]},"K9o":{"weight":0.0,"played":[0.599,0.401],"evs":[0.0,-0.32777]},"A9o":{"weight":0.0,"played":[0.2513,0.7487],"evs":[0.0,0.12457]},"T2s":{"weight":0.0,"played":[0.9609,0.0391],"evs":[0.0,-0.86828]},"T3s":{"weight":0.0,"played":[0.3595,0.6405],"evs":[0.0,-0.00476]},"T4s":{"weight":0.0,"played":[0.9769,0.0231],"evs":[0.0,-0.65673]},"T5s":{"weight":0.0,"played":[0.2913,0.7087],"evs":[0.0,1.05284]},"T6s":{"weight":0.0,"played":[0.7594,0.2406],"evs":[0.0,-0.70343]},"T7s":{"weight":0.0,"played":[3.0E-4,0.9997],"evs":[0.0,1.16956]},"T8s":{"weight":0.0,"played":[0.0156,0.9844],"evs":[0.0,0.613]},"T9s":{"weight":0.3329,"played":[5.0E-4,0.9995],"evs":[0.0,1.58124]},"TT":{"weight":0.0,"played":[2.0E-4,0.9998],"evs":[0.0,5.66111]},"JTo":{"weight":0.0,"played":[0.264,0.736],"evs":[0.0,0.7431]},"QTo":{"weight":0.0,"played":[0.0487,0.9513],"evs":[0.0,0.3745]},"KTo":{"weight":0.0,"played":[0.4565,0.5435],"evs":[0.0,0.04919]},"ATo":{"weight":0.0,"played":[0.0438,0.9562],"evs":[0.0,0.79081]},"J2s":{"weight":0.0,"played":[0.7671,0.2329],"evs":[0.0,0.26704]},"J3s":{"weight":0.0,"played":[0.4372,0.5628],"evs":[0.0,0.25192]},"J4s":{"weight":0.0,"played":[0.1302,0.8698],"evs":[0.0,-0.13324]},"J5s":{"weight":0.0,"played":[0.2053,0.7947],"evs":[0.0,0.78984]},"J6s":{"weight":0.0,"played":[0.1563,0.8437],"evs":[0.0,0.56342]},"J7s":{"weight":0.0,"played":[0.3609,0.6391],"evs":[0.0,0.33942]},"J8s":{"weight":0.0,"played":[0.001,0.999],"evs":[0.0,0.99401]},"J9s":{"weight":0.0216,"played":[2.0E-4,0.9998],"evs":[0.0,1.46323]},"JTs":{"weight":1.0,"played":[3.0E-4,0.9997],"evs":[0.0,1.87087]},"JJ":{"weight":0.0,"played":[0.0,1.0],"evs":[0.0,7.42325]},"QJo":{"weight":0.0012,"played":[0.0047,0.9953],"evs":[0.0,1.3914]},"KJo":{"weight":0.4177,"played":[0.0041,0.9959],"evs":[0.0,1.25041]},"AJo":{"weight":0.0,"played":[0.0,1.0],"evs":[0.0,1.97462]},"Q2s":{"weight":0.0,"played":[0.7322,0.2678],"evs":[0.0,-0.5706]},"Q3s":{"weight":0.0,"played":[0.2848,0.7152],"evs":[0.0,0.0191]},"Q4s":{"weight":0.0,"played":[0.0305,0.9695],"evs":[0.0,0.7319]},"Q5s":{"weight":0.0,"played":[0.4884,0.5116],"evs":[0.0,0.06636]},"Q6s":{"weight":0.0,"played":[0.4846,0.5154],"evs":[0.0,-0.03916]},"Q7s":{"weight":0.0,"played":[0.1197,0.8803],"evs":[0.0,0.64714]},"Q8s":{"weight":0.0,"played":[0.0952,0.9048],"evs":[0.0,1.00095]},"Q9s":{"weight":2.0E-4,"played":[0.0325,0.9675],"evs":[0.0,0.60334]},"QTs":{"weight":1.0,"played":[9.0E-4,0.9991],"evs":[0.0,1.85411]},"QJs":{"weight":1.0,"played":[0.0022,0.9978],"evs":[0.0,2.396]},"QQ":{"weight":0.0,"played":[0.0,1.0],"evs":[0.0,8.96823]},"KQo":{"weight":1.0E-4,"played":[1.0E-4,0.9999],"evs":[0.0,2.27819]},"AQo":{"weight":0.0,"played":[0.0,1.0],"evs":[0.0,2.95523]},"K2s":{"weight":0.0,"played":[0.095,0.905],"evs":[0.0,0.78389]},"K3s":{"weight":0.0,"played":[0.0437,0.9563],"evs":[0.0,0.34979]},"K4s":{"weight":0.0,"played":[0.0316,0.9684],"evs":[0.0,0.82727]},"K5s":{"weight":0.0,"played":[0.0157,0.9843],"evs":[0.0,0.71628]},"K6s":{"weight":0.0,"played":[0.0,1.0],"evs":[0.0,0.90378]},"K7s":{"weight":0.0,"played":[0.3053,0.6947],"evs":[0.0,0.8786]},"K8s":{"weight":0.0,"played":[0.3102,0.6898],"evs":[0.0,0.91249]},"K9s":{"weight":0.6086,"played":[2.0E-4,0.9998],"evs":[0.0,1.08667]},"KTs":{"weight":0.9999,"played":[0.0,1.0],"evs":[0.0,2.6003]},"KJs":{"weight":0.2749,"played":[1.0E-4,0.9999],"evs":[0.0,3.26858]},"KQs":{"weight":4.0E-4,"played":[0.0,1.0],"evs":[0.0,4.01409]},"KK":{"weight":0.0,"played":[0.0,1.0],"evs":[0.0,12.79534]},"AKo":{"weight":0.0,"played":[0.0,1.0],"evs":[0.0,3.84518]},"A2s":{"weight":7.0E-4,"played":[0.2571,0.7429],"evs":[0.0,0.45948]},"A3s":{"weight":0.5787,"played":[0.0175,0.9825],"evs":[0.0,1.33546]},"A4s":{"weight":0.9879,"played":[0.0267,0.9733],"evs":[0.0,0.82954]},"A5s":{"weight":0.1411,"played":[0.0052,0.9948],"evs":[0.0,1.03971]},"A6s":{"weight":0.0047,"played":[0.0694,0.9306],"evs":[0.0,1.29075]},"A7s":{"weight":0.0,"played":[0.0198,0.9802],"evs":[0.0,1.50522]},"A8s":{"weight":0.0,"played":[0.0,1.0],"evs":[0.0,0.96181]},"A9s":{"weight":0.0,"played":[5.0E-4,0.9995],"evs":[0.0,2.50591]},"ATs":{"weight":0.0,"played":[3.0E-4,0.9997],"evs":[0.0,2.94915]},"AJs":{"weight":0.0,"played":[0.017,0.983],"evs":[0.0,3.11103]},"AQs":{"weight":0.0,"played":[0.0,1.0],"evs":[0.0,3.68019]},"AKs":{"weight":0.0,"played":[0.0,1.0],"evs":[0.0,6.31496]},"AA":{"weight":0.2137,"played":[0.0,1.0],"evs":[0.0,15.08305]}}}