{"player":5,"street":0,"children":2,"sequence":[{"player":0,"type":"F","amount":0,"street":0},{"player":1,"type":"R","amount":200000,"street":0},{"player":2,"type":"C","amount":200000,"street":0},{"player":3,"type":"R","amount":600000,"street":0},{"player":4,"type":"F","amount":0,"street":0}],"actions":[{"type":"F","amount":0,"node":156},{"type":"R","amount":735000,"node":165}],"hands":{"22":{"weight":1.0,"played":[0.5064,0.4936],"evs":[0.0,-0.3475]},"32o":{"weight":1.0,"played":[0.9998,2.0E-4],"evs":[0.0,-1.5629]},"42o":{"weight":1.0,"played":[1.0,0.0],"evs":[0.0,-1.78261]},"52o":{"weight":1.0,"played":[1.0,0.0],"evs":[0.0,-1.64692]},"62o":{"weight":1.0,"played":[1.0,0.0],"evs":[0.0,-1.48075]},"72o":{"weight":1.0,"played":[0.9998,2.0E-4],"evs":[0.0,-1.90701]},"82o":{"weight":1.0,"played":[0.9999,1.0E-4],"evs":[0.0,-1.83703]},"92o":{"weight":1.0,"played":[0.9992,8.0E-4],"evs":[0.0,-2.00348]},"T2o":{"weight":1.0,"played":[1.0,0.0],"evs":[0.0,-1.91491]},"J2o":{"weight":1.0,"played":[0.9995,5.0E-4],"evs":[0.0,-1.99861]},"Q2o":{"weight":1.0,"played":[1.0,0.0],"evs":[0.0,-1.46487]},"K2o":{"weight":1.0,"played":[1.0,0.0],"evs":[0.0,-2.10246]},"A2o":{"weight":1.0,"played":[0.9996,4.0E-4],"evs":[0.0,-0.68144]},"32s":{"weight":1.0,"played":[0.9897,0.0103],"evs":[0.0,-1.40343]},"33":{"weight":1.0,"played":[0.4725,0.5275],"evs":[0.0,0.09609]},"43o":{"weight":1.0,"played":[0.998,0.002],"evs":[0.0,-1.36963]},"53o":{"weight":1.0,"played":[0.9998,2.0E-4],"evs":[0.0,-1.05468]},"63o":{"weight":1.0,"played":[1.0,0.0],"evs":[0.0,-1.2294]},"73o":{"weight":1.0,"played":[0.9999,1.0E-4],"evs":[0.0,-1.69722]},"83o":{"weight":1.0,"played":[1.0,0.0],"evs":[0.0,-2.0876]},"93o":{"weight":1.0,"played":[0.9999,1.0E-4],"evs":[0.0,-1.78477]},"T3o":{"weight":1.0,"played":[1.0,0.0],"evs":[0.0,-1.65464]},"J3o":{"weight":1.0,"played":[0.9987,0.0013],"evs":[0.0,-2.23901]},"Q3o":{"weight":1.0,"played":[0.9974,0.0026],"evs":[0.0,-1.49051]},"K3o":{"weight":1.0,"played":[0.9999,1.0E-4],"evs":[0.0,-1.81815]},"A3o":{"weight":1.0,"played":[0.931,0.069],"evs":[0.0,-0.35524]},"42s":{"weight":1.0,"played":[0.5518,0.4482],"evs":[0.0,0.0279]},"43s":{"weight":1.0,"played":[0.9736,0.0264],"evs":[0.0,-0.76984]},"44":{"weight":1.0,"played":[0.0396,0.9604],"evs":[0.0,0.86269]},"54o":{"weight":1.0,"played":[0.9988,0.0012],"evs":[0.0,-1.05434]},"64o":{"weight":1.0,"played":[0.9999,1.0E-4],"evs":[0.0,-0.75813]},"74o":{"weight":1.0,"played":[0.9997,3.0E-4],"evs":[0.0,-1.09569]},"84o":{"weight":1.0,"played":[0.9998,2.0E-4],"evs":[0.0,-1.40402]},"94o":{"weight":1.0,"played":[1.0,0.0],"evs":[0.0,-2.12347]},"T4o":{"weight":1.0,"played":[0.9999,1.0E-4],"evs":[0.0,-1.66528]},"J4o":{"weight":1.0,"played":[0.9982,0.0018],"evs":[0.0,-1.86143]},"Q4o":{"weight":1.0,"played":[0.9996,4.0E-4],"evs":[0.0,-1.60629]},"K4o":{"weight":1.0,"played":[0.9994,6.0E-4],"evs":[0.0,-1.55415]},"A4o":{"weight":1.0,"played":[0.9994,6.0E-4],"evs":[0.0,-0.82166]},"52s":{"weight":1.0,"played":[0.8458,0.1542],"evs":[0.0,-1.11858]},"53s":{"weight":1.0,"played":[0.8026,0.1974],"evs":[0.0,-0.58159]},"54s":{"weight":1.0,"played":[0.2453,0.7547],"evs":[0.0,0.19831]},"55":{"weight":1.0,"played":[0.24,0.76],"evs":[0.0,0.50028]},"65o":{"weight":1.0,"played":[0.9991,9.0E-4],"evs":[0.0,-0.2815]},"75o":{"weight":1.0,"played":[0.999,0.001],"evs":[0.0,-0.94663]},"85o":{"weight":1.0,"played":[0.9999,1.0E-4],"evs":[0.0,-1.15018]},"95o":{"weight":1.0,"played":[0.9999,1.0E-4],"evs":[0.0,-1.35426]},"T5o":{"weight":1.0,"played":[0.9983,0.0017],"evs":[0.0,-2.1634]},"J5o":{"weight":1.0,"played":[0.9967,0.0033],"evs":[0.0,-1.65308]},"Q5o":{"weight":1.0,"played":[1.0,0.0],"evs":[0.0,-1.46671]},"K5o":{"weight":1.0,"played":[0.9998,2.0E-4],"evs":[0.0,-1.71185]},"A5o":{"weight":1.0,"played":[0.997,0.003],"evs":[0.0,-0.53849]},"62s":{"weight":1.0,"played":[0.9376,0.0624],"evs":[0.0,-0.31342]},"63s":{"weight":1.0,"played":[0.849,0.151],"evs":[0.0,-0.93969]},"64s":{"weight":1.0,"played":[0.9911,0.0089],"evs":[0.0,-0.77846]},"65s":{"weight":1.0,"played":[0.0385,0.9615],"evs":[0.0,0.51239]},"66":{"weight":1.0,"played":[0.0054,0.9946],"evs":[0.0,1.40107]},"76o":{"weight":1.0,"played":[0.9979,0.0021],"evs":[0.0,-0.90146]},"86o":{"weight":1.0,"played":[0.9709,0.0291],"evs":[0.0,-0.53315]},"96o":{"weight":1.0,"played":[1.0,0.0],"evs":[0.0,-0.56983]},"T6o":{"weight":1.0,"played":[0.9906,0.0094],"evs":[0.0,-0.96754]},"J6o":{"weight":1.0,"played":[0.9999,1.0E-4],"evs":[0.0,-1.52493]},"Q6o":{"weight":1.0,"played":[0.9997,3.0E-4],"evs":[0.0,-0.94964]},"K6o":{"weight":1.0,"played":[0.9997,3.0E-4],"evs":[0.0,-1.37057]},"A6o":{"weight":1.0,"played":[0.9963,0.0037],"evs":[0.0,-0.57529]},"72s":{"weight":1.0,"played":[0.9996,4.0E-4],"evs":[0.0,-1.03755]},"73s":{"weight":1.0,"played":[0.9999,1.0E-4],"evs":[0.0,-0.69352]},"74s":{"weight":1.0,"played":[0.6164,0.3836],"evs":[0.0,0.03726]},"75s":{"weight":1.0,"played":[0.7728,0.2272],"evs":[0.0,-0.45327]},"76s":{"weight":1.0,"played":[0.4641,0.5359],"evs":[0.0,-0.37708]},"77":{"weight":1.0,"played":[0.0025,0.9975],"evs":[0.0,0.94146]},"87o":{"weight":1.0,"played":[0.8251,0.1749],"evs":[0.0,-0.43382]},"97o":{"weight":1.0,"played":[0.9851,0.0149],"evs":[0.0,-0.92578]},"T7o":{"weight":1.0,"played":[0.9999,1.0E-4],"evs":[0.0,-0.93814]},"J7o":{"weight":1.0,"played":[0.9873,0.0127],"evs":[0.0,-1.7188]},"Q7o":{"weight":1.0,"played":[1.0,0.0],"evs":[0.0,-1.20342]},"K7o":{"weight":1.0,"played":[0.9999,1.0E-4],"evs":[0.0,-1.62875]},"A7o":{"weight":1.0,"played":[0.8086,0.1914],"evs":[0.0,-0.44072]},"82s":{"weight":1.0,"played":[0.9761,0.0239],"evs":[0.0,-0.30602]},"83s":{"weight":1.0,"played":[0.9968,0.0032],"evs":[0.0,-0.38419]},"84s":{"weight":1.0,"played":[0.9972,0.0028],"evs":[0.0,-0.82648]},"85s":{"weight":1.0,"played":[0.9619,0.0381],"evs":[0.0,-0.5133]},"86s":{"weight":1.0,"played":[0.5895,0.4105],"evs":[0.0,0.41873]},"87s":{"weight":1.0,"played":[0.5321,0.4679],"evs":[0.0,0.18504]},"88":{"weight":1.0,"played":[0.0128,0.9872],"evs":[0.0,1.09541]},"98o":{"weight":1.0,"played":[0.9724,0.0276],"evs":[0.0,-0.10172]},"T8o":{"weight":1.0,"played":[0.9947,0.0053],"evs":[0.0,-0.8638]},"J8o":{"weight":1.0,"played":[0.9998,2.0E-4],"evs":[0.0,-1.01928]},"Q8o":{"weight":1.0,"played":[0.9865,0.0135],"evs":[0.0,-1.06238]},"K8o":{"weight":1.0,"played":[0.9999,1.0E-4],"evs":[0.0,-1.23774]},"A8o":{"weight":1.0,"played":[0.9734,0.0266],"evs":[0.0,-0.30484]},"92s":{"weight":1.0,"played":[0.9933,0.0067],"evs":[0.0,-1.17687]},"93s":{"weight":1.0,"played":[0.869,0.131],"evs":[0.0,-1.11499]},"94s":{"weight":1.0,"played":[0.9883,0.0117],"evs":[0.0,-1.39099]},"95s":{"weight":1.0,"played":[0.9973,0.0027],"evs":[0.0,-0.81315]},"96s":{"weight":1.0,"played":[0.9193,0.0807],"evs":[0.0,-0.14923]},"97s":{"weight":1.0,"played":[0.634,0.366],"evs":[0.0,-0.75697]},"98s":{"weight":1.0,"played":[0.8225,0.1775],"evs":[0.0,0.12732]},"99":{"weight":1.0,"played":[0.0025,0.9975],"evs":[0.0,2.31475]},"T9o":{"weight":1.0,"played":[0.9837,0.0163],"evs":[0.0,-0.5035]},"J9o":{"weight":1.0,"played":[0.9437,0.0563],"evs":[0.0,-1.65534]},"Q9o":{"weight":1.0,"played":[0.8379,0.1621],"evs":[0.0,-0.25755]},"K9o":{"weight":1.0,"played":[0.9898,0.0102],"evs":[0.0,-1.00168]},"A9o":{"weight":1.0,"played":[0.7254,0.2746],"evs":[0.0,-0.74888]},"T2s":{"weight":1.0,"played":[0.9931,0.0069],"evs":[0.0,-0.8906]},"T3s":{"weight":1.0,"played":[0.9706,0.0294],"evs":[0.0,-0.94931]},"T4s":{"weight":1.0,"played":[0.9961,0.0039],"evs":[0.0,-0.80647]},"T5s":{"weight":1.0,"played":[0.9464,0.0536],"evs":[0.0,-0.4625]},"T6s":{"weight":1.0,"played":[0.2822,0.7178],"evs":[0.0,0.09838]},"T7s":{"weight":1.0,"played":[0.4414,0.5586],"evs":[0.0,0.56115]},"T8s":{"weight":1.0,"played":[0.8735,0.1265],"evs":[0.0,-0.18296]},"T9s":{"weight":1.0,"played":[0.0067,0.9933],"evs":[0.0,0.46414]},"TT":{"weight":1.0,"played":[0.0016,0.9984],"evs":[0.0,3.0609]},"JTo":{"weight":1.0,"played":[0.9866,0.0134],"evs":[0.0,-0.26918]},"QTo":{"weight":1.0,"played":[0.8622,0.1378],"evs":[0.0,-0.60592]},"KTo":{"weight":1.0,"played":[0.7866,0.2134],"evs":[0.0,-0.91372]},"ATo":{"weight":1.0,"played":[0.02,0.98],"evs":[0.0,0.24173]},"J2s":{"weight":1.0,"played":[0.9968,0.0032],"evs":[0.0,-0.9317]},"J3s":{"weight":1.0,"played":[0.9977,0.0023],"evs":[0.0,-0.61054]},"J4s":{"weight":1.0,"played":[0.9758,0.0242],"evs":[0.0,-1.16689]},"J5s":{"weight":1.0,"played":[0.8376,0.1624],"evs":[0.0,-0.12743]},"J6s":{"weight":1.0,"played":[0.9987,0.0013],"evs":[0.0,-1.56422]},"J7s":{"weight":1.0,"played":[0.9883,0.0117],"evs":[0.0,-0.71072]},"J8s":{"weight":1.0,"played":[0.9082,0.0918],"evs":[0.0,-0.63305]},"J9s":{"weight":1.0,"played":[0.5073,0.4927],"evs":[0.0,0.07875]},"JTs":{"weight":1.0,"played":[0.7751,0.2249],"evs":[0.0,-0.82768]},"JJ":{"weight":1.0,"played":[0.0,1.0],"evs":[0.0,3.66961]},"QJo":{"weight":1.0,"played":[0.9394,0.0606],"evs":[0.0,-0.10922]},"KJo":{"weight":1.0,"played":[0.8652,0.1348],"evs":[0.0,-0.33998]},"AJo":{"weight":1.0,"played":[0.019,0.981],"evs":[0.0,1.26691]},"Q2s":{"weight":1.0,"played":[0.2804,0.7196],"evs":[0.0,1.05611]},"Q3s":{"weight":1.0,"played":[0.9967,0.0033],"evs":[0.0,-0.60705]},"Q4s":{"weight":1.0,"played":[0.9965,0.0035],"evs":[0.0,-0.16356]},"Q5s":{"weight":1.0,"played":[0.7269,0.2731],"evs":[0.0,0.51469]},"Q6s":{"weight":1.0,"played":[0.9996,4.0E-4],"evs":[0.0,-0.47815]},"Q7s":{"weight":1.0,"played":[0.7196,0.2804],"evs":[0.0,-0.30121]},"Q8s":{"weight":1.0,"played":[0.771,0.229],"evs":[0.0,-0.49497]},"Q9s":{"weight":1.0,"played":[0.4539,0.5461],"evs":[0.0,-0.10019]},"QTs":{"weight":1.0,"played":[0.7603,0.2397],"evs":[0.0,0.18164]},"QJs":{"weight":1.0,"played":[0.5203,0.4797],"evs":[0.0,-0.07732]},"QQ":{"weight":1.0,"played":[0.0,1.0],"evs":[0.0,5.74031]},"KQo":{"weight":1.0,"played":[0.0049,0.9951],"evs":[0.0,0.42162]},"AQo":{"weight":1.0,"played":[0.0,1.0],"evs":[0.0,1.28827]},"K2s":{"weight":1.0,"played":[0.97,0.03],"evs":[0.0,-0.78319]},"K3s":{"weight":1.0,"played":[0.9228,0.0772],"evs":[0.0,-1.70007]},"K4s":{"weight":1.0,"played":[0.9035,0.0965],"evs":[0.0,-0.89391]},"K5s":{"weight":1.0,"played":[0.992,0.008],"evs":[0.0,-1.5525]},"K6s":{"weight":1.0,"played":[0.1367,0.8633],"evs":[0.0,-0.05273]},"K7s":{"weight":1.0,"played":[0.8447,0.1553],"evs":[0.0,-0.65985]},"K8s":{"weight":1.0,"played":[0.9068,0.0932],"evs":[0.0,-0.39706]},"K9s":{"weight":1.0,"played":[0.9679,0.0321],"evs":[0.0,-0.17066]},"KTs":{"weight":1.0,"played":[0.2023,0.7977],"evs":[0.0,0.45255]},"KJs":{"weight":1.0,"played":[0.0434,0.9566],"evs":[0.0,0.97359]},"KQs":{"weight":1.0,"played":[0.0248,0.9752],"evs":[0.0,1.87618]},"KK":{"weight":1.0,"played":[0.0,1.0],"evs":[0.0,6.28661]},"AKo":{"weight":1.0,"played":[0.0,1.0],"evs":[0.0,2.09792]},"A2s":{"weight":1.0,"played":[0.634,0.366],"evs":[0.0,-0.66878]},"A3s":{"weight":1.0,"played":[0.0224,0.9776],"evs":[0.0,0.46179]},"A4s":{"weight":1.0,"played":[0.3882,0.6118],"evs":[0.0,0.35657]},"A5s":{"weight":1.0,"played":[0.1821,0.8179],"evs":[0.0,0.25484]},"A6s":{"weight":1.0,"played":[0.4726,0.5274],"evs":[0.0,0.17735]},"A7s":{"weight":1.0,"played":[0.6574,0.3426],"evs":[0.0,-0.19195]},"A8s":{"weight":1.0,"played":[0.6282,0.3718],"evs":[0.0,0.11402]},"A9s":{"weight":1.0,"played":[0.0164,0.9836],"evs":[0.0,0.96574]},"ATs":{"weight":1.0,"played":[3.0E-4,0.9997],"evs":[0.0,0.39778]},"AJs":{"weight":1.0,"played":[0.0049,0.9951],"evs":[0.0,2.48392]},"AQs":{"weight":1.0,"played":[0.0161,0.9839],"evs":[0.0,2.32881]},"AKs":{"weight":1.0,"played":[2.0E-4,0.9998],"evs":[0.0,3.96053]},"AA":{"weight":1.0,"played":[0.0,1.0],"evs":[0.0,10.13026]}}}