{"player":2,"street":0,"children":3,"sequence":[{"player":0,"type":"F","amount":0,"street":0},{"player":1,"type":"R","amount":200000,"street":0},{"player":2,"type":"C","amount":200000,"street":0},{"player":3,"type":"R","amount":600000,"street":0},{"player":4,"type":"F","amount":0,"street":0},{"player":5,"type":"F","amount":0,"street":0},{"player":1,"type":"C","amount":400000,"street":0}],"actions":[{"type":"F","amount":0},{"type":"C","amount":400000},{"type":"R","amount":985000,"node":160}],"hands":{"22":{"weight":0.0,"played":[0.0928,0.0027,0.9045],"evs":[0.0,0.03442,0.40719]},"32o":{"weight":0.0,"played":[0.9999,1.0E-4,1.0E-4],"evs":[0.0,-1.23235,-1.74453]},"42o":{"weight":0.0,"played":[0.9996,0.0,4.0E-4],"evs":[0.0,-1.25598,-1.6201]},"52o":{"weight":0.0,"played":[0.9999,1.0E-4,0.0],"evs":[0.0,-1.27603,-1.77021]},"62o":{"weight":0.0,"played":[0.9999,1.0E-4,0.0],"evs":[0.0,-1.24712,-2.01231]},"72o":{"weight":0.0,"played":[1.0,0.0,0.0],"evs":[0.0,-1.58139,-2.31442]},"82o":{"weight":0.0,"played":[0.9995,0.0,5.0E-4],"evs":[0.0,-1.30114,-1.89675]},"92o":{"weight":0.0,"played":[0.9995,0.0,5.0E-4],"evs":[0.0,-1.66184,-2.26214]},"T2o":{"weight":0.0,"played":[0.9991,0.0,9.0E-4],"evs":[0.0,-1.43564,-1.85351]},"J2o":{"weight":0.0,"played":[0.9996,0.0,4.0E-4],"evs":[0.0,-1.38192,-1.88613]},"Q2o":{"weight":0.0,"played":[1.0,0.0,0.0],"evs":[0.0,-1.21631,-1.57307]},"K2o":{"weight":0.0,"played":[0.9997,2.0E-4,1.0E-4],"evs":[0.0,-1.309,-1.68376]},"A2o":{"weight":0.0,"played":[0.9668,0.0194,0.0138],"evs":[0.0,-0.40838,-0.57183]},"32s":{"weight":0.0,"played":[0.9955,0.0039,6.0E-4],"evs":[0.0,-0.51869,-0.70989]},"33":{"weight":0.0,"played":[0.5958,0.1375,0.2667],"evs":[0.0,-0.04603,0.21771]},"43o":{"weight":0.0,"played":[0.9997,0.0,3.0E-4],"evs":[0.0,-1.10429,-1.67283]},"53o":{"weight":0.0,"played":[0.9963,0.0,0.0036],"evs":[0.0,-0.80964,-1.11981]},"63o":{"weight":0.0,"played":[0.9998,1.0E-4,1.0E-4],"evs":[0.0,-1.06491,-1.73462]},"73o":{"weight":0.0,"played":[1.0,0.0,0.0],"evs":[0.0,-0.89581,-1.53977]},"83o":{"weight":0.0,"played":[1.0,0.0,0.0],"evs":[0.0,-1.32115,-2.0036]},"93o":{"weight":0.0,"played":[1.0,0.0,0.0],"evs":[0.0,-1.51814,-2.1521]},"T3o":{"weight":0.0,"played":[0.9984,2.0E-4,0.0014],"evs":[0.0,-1.11978,-1.70628]},"J3o":{"weight":0.0,"played":[0.9999,0.0,1.0E-4],"evs":[0.0,-1.12844,-1.76655]},"Q3o":{"weight":0.0,"played":[0.9999,0.0,1.0E-4],"evs":[0.0,-0.88438,-1.25856]},"K3o":{"weight":0.0,"played":[0.9989,1.0E-4,0.001],"evs":[0.0,-1.10249,-1.50427]},"A3o":{"weight":0.0,"played":[0.9794,0.0177,0.0029],"evs":[0.0,-0.29625,-0.391]},"42s":{"weight":0.0,"played":[0.7871,4.0E-4,0.2124],"evs":[0.0,-0.55064,-0.72922]},"43s":{"weight":0.0,"played":[0.995,0.0017,0.0033],"evs":[0.0,-0.21397,-0.60626]},"44":{"weight":0.2944,"played":[0.0525,0.0,0.9474],"evs":[0.0,0.33626,0.57247]},"54o":{"weight":0.0,"played":[0.9966,0.0,0.0034],"evs":[0.0,-0.52625,-0.72328]},"64o":{"weight":0.0,"played":[0.9995,0.0,5.0E-4],"evs":[0.0,-0.86184,-1.27328]},"74o":{"weight":0.0,"played":[0.9997,0.0,3.0E-4],"evs":[0.0,-0.78885,-1.15525]},"84o":{"weight":0.0,"played":[0.9998,0.0,2.0E-4],"evs":[0.0,-1.01644,-1.53632]},"94o":{"weight":0.0,"played":[1.0,0.0,0.0],"evs":[0.0,-1.44305,-2.03564]},"T4o":{"weight":0.0,"played":[0.9997,0.0,3.0E-4],"evs":[0.0,-1.1782,-1.72273]},"J4o":{"weight":0.0,"played":[0.9996,1.0E-4,4.0E-4],"evs":[0.0,-1.32156,-1.74821]},"Q4o":{"weight":0.0,"played":[0.9999,0.0,1.0E-4],"evs":[0.0,-0.97647,-1.31004]},"K4o":{"weight":0.0,"played":[0.9963,0.0,0.0036],"evs":[0.0,-0.91193,-1.05378]},"A4o":{"weight":0.0,"played":[0.8645,0.1057,0.0298],"evs":[0.0,-0.30222,-0.57938]},"52s":{"weight":0.0,"played":[0.9991,7.0E-4,2.0E-4],"evs":[0.0,-0.58486,-0.83596]},"53s":{"weight":0.0,"played":[0.5251,0.2579,0.217],"evs":[0.0,-0.23058,-0.54729]},"54s":{"weight":0.0,"played":[0.2731,0.3753,0.3516],"evs":[0.0,0.42309,0.33659]},"55":{"weight":0.8068,"played":[0.0,0.0025,0.9975],"evs":[0.0,0.80863,1.04162]},"65o":{"weight":0.0,"played":[0.9686,0.0137,0.0177],"evs":[0.0,-0.62104,-0.81498]},"75o":{"weight":0.0,"played":[0.9876,0.0033,0.0091],"evs":[0.0,-0.75039,-1.18092]},"85o":{"weight":0.0,"played":[0.9998,0.0,2.0E-4],"evs":[0.0,-1.03359,-1.35454]},"95o":{"weight":0.0,"played":[0.9999,0.0,1.0E-4],"evs":[0.0,-1.17853,-1.72814]},"T5o":{"weight":0.0,"played":[0.9981,0.0,0.0019],"evs":[0.0,-1.37349,-2.02777]},"J5o":{"weight":0.0,"played":[1.0,0.0,0.0],"evs":[0.0,-0.86522,-1.19438]},"Q5o":{"weight":0.0,"played":[0.9998,0.0,2.0E-4],"evs":[0.0,-0.98812,-1.17874]},"K5o":{"weight":0.0,"played":[0.9973,0.0,0.0027],"evs":[0.0,-1.04224,-1.33188]},"A5o":{"weight":0.0,"played":[0.9289,0.0615,0.0096],"evs":[0.0,-0.12594,-0.12121]},"62s":{"weight":0.0,"played":[0.7923,0.062,0.1457],"evs":[0.0,-0.08761,-0.30784]},"63s":{"weight":0.0,"played":[0.9936,0.0052,0.0012],"evs":[0.0,-0.77828,-1.18673]},"64s":{"weight":0.0,"played":[0.8553,0.0451,0.0995],"evs":[0.0,-0.26592,-0.63825]},"65s":{"weight":0.0,"played":[0.241,0.3376,0.4213],"evs":[0.0,0.29905,0.05048]},"66":{"weight":0.0905,"played":[1.0E-4,0.0031,0.9968],"evs":[0.0,0.47795,0.76208]},"76o":{"weight":0.0,"played":[0.8946,0.0955,0.0099],"evs":[0.0,-0.36481,-0.51631]},"86o":{"weight":0.0,"played":[0.9923,0.0018,0.0059],"evs":[0.0,-0.6728,-0.68291]},"96o":{"weight":0.0,"played":[0.9999,0.0,1.0E-4],"evs":[0.0,-0.96823,-1.35313]},"T6o":{"weight":0.0,"played":[0.9998,0.0,2.0E-4],"evs":[0.0,-1.03765,-1.39974]},"J6o":{"weight":0.0,"played":[0.9996,1.0E-4,3.0E-4],"evs":[0.0,-1.05952,-1.35401]},"Q6o":{"weight":0.0,"played":[0.9984,0.0,0.0016],"evs":[0.0,-0.73165,-0.79713]},"K6o":{"weight":0.0,"played":[0.997,2.0E-4,0.0028],"evs":[0.0,-0.84512,-1.09651]},"A6o":{"weight":0.0,"played":[0.9755,0.0,0.0244],"evs":[0.0,-0.74963,-0.96226]},"72s":{"weight":0.0,"played":[0.9993,2.0E-4,5.0E-4],"evs":[0.0,-0.85409,-1.2262]},"73s":{"weight":0.0,"played":[0.8488,0.0014,0.1498],"evs":[0.0,-1.0749,-1.04377]},"74s":{"weight":0.0,"played":[0.8569,0.0817,0.0614],"evs":[0.0,-0.28223,-0.65675]},"75s":{"weight":0.0,"played":[0.1782,0.5703,0.2514],"evs":[0.0,0.20194,0.10907]},"76s":{"weight":0.0,"played":[0.0085,0.2974,0.6941],"evs":[0.0,0.52429,0.46647]},"77":{"weight":1.0E-4,"played":[0.0,0.0361,0.9639],"evs":[0.0,1.30837,1.46942]},"87o":{"weight":0.0,"played":[0.9499,0.0324,0.0178],"evs":[0.0,-0.58022,-0.90049]},"97o":{"weight":0.0,"played":[0.9414,0.0051,0.0535],"evs":[0.0,-0.49935,-0.84924]},"T7o":{"weight":0.0,"played":[0.9905,0.0091,3.0E-4],"evs":[0.0,-0.73343,-0.95435]},"J7o":{"weight":0.0,"played":[0.9997,0.0,3.0E-4],"evs":[0.0,-0.94479,-1.15861]},"Q7o":{"weight":0.0,"played":[1.0,0.0,0.0],"evs":[0.0,-1.00211,-1.16679]},"K7o":{"weight":0.0,"played":[0.9993,0.0,7.0E-4],"evs":[0.0,-1.04728,-1.23989]},"A7o":{"weight":0.0,"played":[0.4289,0.4143,0.1568],"evs":[0.0,0.0903,0.08323]},"82s":{"weight":0.0,"played":[0.9489,0.0487,0.0024],"evs":[0.0,-0.59797,-0.9238]},"83s":{"weight":0.0,"played":[0.9931,6.0E-4,0.0062],"evs":[0.0,-0.69186,-0.98768]},"84s":{"weight":0.0,"played":[0.784,0.0604,0.1556],"evs":[0.0,-0.5785,-0.73807]},"85s":{"weight":0.0,"played":[0.5509,0.3294,0.1197],"evs":[0.0,-0.06654,-0.28069]},"86s":{"weight":0.0,"played":[0.7269,0.1253,0.1479],"evs":[0.0,-0.32517,-0.64709]},"87s":{"weight":0.0,"played":[0.2309,0.4661,0.303],"evs":[0.0,0.33721,0.27966]},"88":{"weight":0.0,"played":[0.0,1.0E-4,0.9999],"evs":[0.0,2.29454,2.55325]},"98o":{"weight":0.0,"played":[0.9513,0.0432,0.0055],"evs":[0.0,-0.61128,-0.91753]},"T8o":{"weight":0.0,"played":[0.9947,0.0,0.0053],"evs":[0.0,-0.66976,-0.85243]},"J8o":{"weight":0.0,"played":[0.9956,0.002,0.0024],"evs":[0.0,-1.133,-1.27413]},"Q8o":{"weight":0.0,"played":[0.9937,0.0,0.0063],"evs":[0.0,-0.67994,-0.96993]},"K8o":{"weight":0.0,"played":[0.9998,1.0E-4,1.0E-4],"evs":[0.0,-1.01731,-1.21647]},"A8o":{"weight":0.0,"played":[0.1521,0.508,0.3399],"evs":[0.0,-0.02298,0.02613]},"92s":{"weight":0.0,"played":[0.9493,0.0477,0.0029],"evs":[0.0,-0.69428,-1.06651]},"93s":{"weight":0.0,"played":[0.9935,4.0E-4,0.0062],"evs":[0.0,-0.80348,-1.55844]},"94s":{"weight":0.0,"played":[0.9944,3.0E-4,0.0053],"evs":[0.0,-1.20816,-1.7681]},"95s":{"weight":0.0,"played":[0.8655,0.0318,0.1026],"evs":[0.0,-0.60261,-0.81438]},"96s":{"weight":0.0,"played":[0.8913,0.0726,0.0361],"evs":[0.0,-0.63439,-0.85193]},"97s":{"weight":0.0,"played":[3.0E-4,0.0052,0.9945],"evs":[0.0,0.60604,0.68276]},"98s":{"weight":0.0,"played":[0.6112,0.1725,0.2163],"evs":[0.0,-0.00165,-0.11429]},"99":{"weight":0.0,"played":[0.0,0.0,1.0],"evs":[0.0,2.8504,3.19441]},"T9o":{"weight":0.0,"played":[0.9068,0.0723,0.0209],"evs":[0.0,-0.22225,-0.29197]},"J9o":{"weight":0.0,"played":[0.9524,0.0393,0.0082],"evs":[0.0,-0.53414,-0.61988]},"Q9o":{"weight":0.0,"played":[0.9327,0.0,0.0673],"evs":[0.0,-0.43648,-0.40266]},"K9o":{"weight":0.0,"played":[0.8918,0.0067,0.1014],"evs":[0.0,-0.68077,-0.71217]},"A9o":{"weight":0.0,"played":[0.1251,0.3673,0.5076],"evs":[0.0,0.27102,0.18639]},"T2s":{"weight":0.0,"played":[0.9579,0.0145,0.0275],"evs":[0.0,-0.6572,-0.74132]},"T3s":{"weight":0.0,"played":[0.9999,0.0,1.0E-4],"evs":[0.0,-0.71899,-1.04022]},"T4s":{"weight":0.0,"played":[0.8832,0.0301,0.0867],"evs":[0.0,-0.3927,-0.61623]},"T5s":{"weight":0.0,"played":[0.8279,0.038,0.1341],"evs":[0.0,-0.06205,-0.12011]},"T6s":{"weight":0.0,"played":[0.8569,0.0093,0.1338],"evs":[0.0,-0.76781,-0.70794]},"T7s":{"weight":0.0,"played":[0.6093,0.1614,0.2293],"evs":[0.0,-0.38498,-0.57309]},"T8s":{"weight":0.0,"played":[0.3585,0.2349,0.4065],"evs":[0.0,0.23285,0.37341]},"T9s":{"weight":0.3329,"played":[0.005,0.1075,0.8875],"evs":[0.0,0.37517,0.59705]},"TT":{"weight":0.0,"played":[0.0,0.0,1.0],"evs":[0.0,4.20531,4.60828]},"JTo":{"weight":0.0,"played":[0.0973,0.0941,0.8086],"evs":[0.0,0.39054,0.41913]},"QTo":{"weight":0.0,"played":[0.4659,0.1825,0.3516],"evs":[0.0,0.16343,0.21884]},"KTo":{"weight":0.0,"played":[0.3399,0.4169,0.2432],"evs":[0.0,0.06889,-0.13379]},"ATo":{"weight":0.0,"played":[0.0,0.0105,0.9895],"evs":[0.0,1.57681,1.82536]},"J2s":{"weight":0.0,"played":[0.9397,0.0423,0.018],"evs":[0.0,-0.33673,-0.49714]},"J3s":{"weight":0.0,"played":[0.8878,0.0014,0.1108],"evs":[0.0,-0.40931,-0.87945]},"J4s":{"weight":0.0,"played":[0.9939,1.0E-4,0.0061],"evs":[0.0,-0.50368,-0.94534]},"J5s":{"weight":0.0,"played":[0.2395,0.2087,0.5518],"evs":[0.0,0.10129,0.25202]},"J6s":{"weight":0.0,"played":[0.7092,0.0565,0.2344],"evs":[0.0,-0.23782,-0.28917]},"J7s":{"weight":0.0,"played":[0.6789,0.2277,0.0934],"evs":[0.0,-0.14575,-0.17636]},"J8s":{"weight":0.0,"played":[0.5991,0.1516,0.2493],"evs":[0.0,-0.50807,-0.48879]},"J9s":{"weight":0.0216,"played":[2.0E-4,0.1328,0.867],"evs":[0.0,0.537,0.59431]},"JTs":{"weight":1.0,"played":[0.0,0.0351,0.9649],"evs":[0.0,0.91512,1.30525]},"JJ":{"weight":0.0,"played":[0.0,0.0,1.0],"evs":[0.0,5.13147,5.60489]},"QJo":{"weight":0.0012,"played":[0.5692,0.1233,0.3075],"evs":[0.0,-0.04186,0.07148]},"KJo":{"weight":0.4177,"played":[0.1391,0.0069,0.854],"evs":[0.0,0.19935,0.24612]},"AJo":{"weight":0.0,"played":[0.0,0.0694,0.9306],"evs":[0.0,2.03927,2.26939]},"Q2s":{"weight":0.0,"played":[0.8659,0.0488,0.0853],"evs":[0.0,0.10368,0.17455]},"Q3s":{"weight":0.0,"played":[0.8643,0.0649,0.0708],"evs":[0.0,0.05402,0.07878]},"Q4s":{"weight":0.0,"played":[0.9952,0.0,0.0048],"evs":[0.0,-0.69501,-0.92132]},"Q5s":{"weight":0.0,"played":[0.1576,0.8287,0.0137],"evs":[0.0,0.11541,-0.01167]},"Q6s":{"weight":0.0,"played":[0.9177,0.0465,0.0359],"evs":[0.0,-0.18641,-0.19262]},"Q7s":{"weight":0.0,"played":[0.9001,0.0915,0.0084],"evs":[0.0,0.09244,-0.1965]},"Q8s":{"weight":0.0,"played":[0.2812,0.239,0.4798],"evs":[0.0,0.5564,0.58649]},"Q9s":{"weight":2.0E-4,"played":[0.011,0.8393,0.1497],"evs":[0.0,0.4817,0.32517]},"QTs":{"weight":1.0,"played":[7.0E-4,0.0237,0.9755],"evs":[0.0,1.25221,1.52997]},"QJs":{"weight":1.0,"played":[0.0,0.2053,0.7947],"evs":[0.0,0.979,1.05694]},"QQ":{"weight":0.0,"played":[0.0,1.0E-4,0.9999],"evs":[0.0,5.82873,6.73567]},"KQo":{"weight":1.0E-4,"played":[0.0021,0.0144,0.9835],"evs":[0.0,1.06094,1.3634]},"AQo":{"weight":0.0,"played":[0.0,0.0,1.0],"evs":[0.0,2.5434,2.86613]},"K2s":{"weight":0.0,"played":[0.4968,0.4605,0.0427],"evs":[0.0,-0.00588,-0.24638]},"K3s":{"weight":0.0,"played":[0.9676,0.0098,0.0227],"evs":[0.0,-0.43159,-0.49774]},"K4s":{"weight":0.0,"played":[0.9533,0.0272,0.0195],"evs":[0.0,-0.26918,-0.38425]},"K5s":{"weight":0.0,"played":[0.4456,0.3546,0.1998],"evs":[0.0,-2.8E-4,-0.20503]},"K6s":{"weight":0.0,"played":[0.263,0.349,0.388],"evs":[0.0,0.28454,0.30734]},"K7s":{"weight":0.0,"played":[0.7737,0.0609,0.1654],"evs":[0.0,-0.59069,-0.45454]},"K8s":{"weight":0.0,"played":[0.1232,0.8649,0.0119],"evs":[0.0,0.13482,-0.23915]},"K9s":{"weight":0.6086,"played":[0.0013,0.0162,0.9825],"evs":[0.0,0.1482,0.28744]},"KTs":{"weight":0.9999,"played":[8.0E-4,0.2061,0.7931],"evs":[0.0,0.66975,0.64137]},"KJs":{"weight":0.2749,"played":[1.0E-4,0.4021,0.5978],"evs":[0.0,1.64419,1.61301]},"KQs":{"weight":4.0E-4,"played":[0.0,0.0,1.0],"evs":[0.0,1.93142,2.54296]},"KK":{"weight":0.0,"played":[0.0,1.0E-4,0.9999],"evs":[0.0,7.22779,8.14092]},"AKo":{"weight":0.0,"played":[0.0,1.0E-4,0.9999],"evs":[0.0,3.75126,4.12265]},"A2s":{"weight":7.0E-4,"played":[0.6002,0.3844,0.0155],"evs":[0.0,0.33619,0.17874]},"A3s":{"weight":0.5787,"played":[0.0348,0.0258,0.9395],"evs":[0.0,0.57228,0.68041]},"A4s":{"weight":0.9879,"played":[2.0E-4,0.3113,0.6886],"evs":[0.0,0.84854,0.94115]},"A5s":{"weight":0.1411,"played":[0.0,0.5472,0.4528],"evs":[0.0,1.01404,1.14759]},"A6s":{"weight":0.0047,"played":[0.0,0.0013,0.9987],"evs":[0.0,0.5938,0.67172]},"A7s":{"weight":0.0,"played":[0.1161,0.3127,0.5712],"evs":[0.0,0.83928,0.87452]},"A8s":{"weight":0.0,"played":[6.0E-4,0.6161,0.3834],"evs":[0.0,0.65128,0.68787]},"A9s":{"weight":0.0,"played":[0.0018,0.6499,0.3483],"evs":[0.0,1.20455,1.27989]},"ATs":{"weight":0.0,"played":[2.0E-4,0.3166,0.6832],"evs":[0.0,2.55376,2.63444]},"AJs":{"weight":0.0,"played":[0.0,0.0,1.0],"evs":[0.0,2.90953,3.24652]},"AQs":{"weight":0.0,"played":[0.0,0.002,0.998],"evs":[0.0,2.68696,3.19274]},"AKs":{"weight":0.0,"played":[0.0,0.0083,0.9917],"evs":[0.0,4.20766,4.8555]},"AA":{"weight":0.2137,"played":[0.0,0.0,1.0],"evs":[0.0,11.12839,12.16831]}}}