{"player":1,"street":0,"children":2,"sequence":[{"player":0,"type":"F","amount":0,"street":0},{"player":1,"type":"R","amount":200000,"street":0},{"player":2,"type":"C","amount":200000,"street":0},{"player":3,"type":"R","amount":600000,"street":0},{"player":4,"type":"F","amount":0,"street":0},{"player":5,"type":"F","amount":0,"street":0},{"player":1,"type":"C","amount":400000,"street":0},{"player":2,"type":"R","amount":985000,"street":0},{"player":3,"type":"C","amount":385000,"street":0}],"actions":[{"type":"F","amount":0},{"type":"C","amount":385000}],"hands":{"22":{"weight":0.0,"played":[0.0157,0.9843],"evs":[0.0,3.66779]},"32o":{"weight":0.0,"played":[0.2467,0.7533],"evs":[0.0,0.70159]},"42o":{"weight":0.0,"played":[0.3996,0.6004],"evs":[0.0,1.24656]},"52o":{"weight":0.0,"played":[0.4006,0.5994],"evs":[0.0,0.63282]},"62o":{"weight":0.0,"played":[0.0664,0.9336],"evs":[0.0,1.55015]},"72o":{"weight":0.0,"played":[0.8211,0.1789],"evs":[0.0,-0.129]},"82o":{"weight":0.0,"played":[0.5174,0.4826],"evs":[0.0,0.18147]},"92o":{"weight":0.0,"played":[0.2693,0.7307],"evs":[0.0,0.39597]},"T2o":{"weight":0.0,"played":[0.4198,0.5802],"evs":[0.0,0.53881]},"J2o":{"weight":0.0,"played":[0.0064,0.9936],"evs":[0.0,1.21149]},"Q2o":{"weight":0.0,"played":[0.0497,0.9503],"evs":[0.0,1.11148]},"K2o":{"weight":0.0,"played":[0.0145,0.9855],"evs":[0.0,1.10384]},"A2o":{"weight":0.0,"played":[4.0E-4,0.9996],"evs":[0.0,2.83147]},"32s":{"weight":0.0,"played":[0.5193,0.4807],"evs":[0.0,1.78317]},"33":{"weight":0.0,"played":[4.0E-4,0.9996],"evs":[0.0,1.07401]},"43o":{"weight":0.0,"played":[0.2045,0.7955],"evs":[0.0,0.71629]},"53o":{"weight":0.0,"played":[0.0941,0.9059],"evs":[0.0,1.29347]},"63o":{"weight":0.0,"played":[8.0E-4,0.9992],"evs":[0.0,1.25875]},"73o":{"weight":0.0,"played":[0.4898,0.5102],"evs":[0.0,0.94899]},"83o":{"weight":0.0,"played":[0.3146,0.6854],"evs":[0.0,0.47002]},"93o":{"weight":0.0,"played":[0.3416,0.6584],"evs":[0.0,0.83693]},"T3o":{"weight":0.0,"played":[0.0455,0.9545],"evs":[0.0,0.58284]},"J3o":{"weight":0.0,"played":[0.0751,0.9249],"evs":[0.0,0.38928]},"Q3o":{"weight":0.0,"played":[0.2937,0.7063],"evs":[0.0,0.95544]},"K3o":{"weight":0.0,"played":[0.055,0.945],"evs":[0.0,1.31892]},"A3o":{"weight":2.0E-4,"played":[0.0043,0.9957],"evs":[0.0,2.80745]},"42s":{"weight":0.0,"played":[0.5938,0.4062],"evs":[0.0,-0.29323]},"43s":{"weight":0.0,"played":[0.0256,0.9744],"evs":[0.0,2.36807]},"44":{"weight":0.0696,"played":[4.0E-4,0.9996],"evs":[0.0,2.47353]},"54o":{"weight":0.0,"played":[0.0027,0.9973],"evs":[0.0,1.67179]},"64o":{"weight":0.0,"played":[0.123,0.877],"evs":[0.0,1.54125]},"74o":{"weight":0.0,"played":[0.0541,0.9459],"evs":[0.0,0.50348]},"84o":{"weight":0.0,"played":[0.15,0.85],"evs":[0.0,0.77439]},"94o":{"weight":0.0,"played":[0.2197,0.7803],"evs":[0.0,-0.14096]},"T4o":{"weight":0.0,"played":[0.3215,0.6785],"evs":[0.0,0.23265]},"J4o":{"weight":0.0,"played":[0.3694,0.6306],"evs":[0.0,0.26382]},"Q4o":{"weight":0.0,"played":[0.5616,0.4384],"evs":[0.0,0.68044]},"K4o":{"weight":0.0,"played":[0.3354,0.6646],"evs":[0.0,0.30179]},"A4o":{"weight":0.0087,"played":[2.0E-4,0.9998],"evs":[0.0,1.75437]},"52s":{"weight":0.0,"played":[0.0042,0.9958],"evs":[0.0,0.68471]},"53s":{"weight":0.0,"played":[0.1709,0.8291],"evs":[0.0,0.87549]},"54s":{"weight":0.0,"played":[0.037,0.963],"evs":[0.0,2.20692]},"55":{"weight":0.0706,"played":[0.0,1.0],"evs":[0.0,3.71402]},"65o":{"weight":0.0,"played":[0.2294,0.7706],"evs":[0.0,1.17742]},"75o":{"weight":0.0,"played":[0.0229,0.9771],"evs":[0.0,1.81114]},"85o":{"weight":0.0,"played":[0.0646,0.9354],"evs":[0.0,1.56323]},"95o":{"weight":0.0,"played":[0.0936,0.9064],"evs":[0.0,0.56459]},"T5o":{"weight":0.0,"played":[0.1667,0.8333],"evs":[0.0,0.99697]},"J5o":{"weight":0.0,"played":[0.3241,0.6759],"evs":[0.0,0.10098]},"Q5o":{"weight":0.0,"played":[0.0351,0.9649],"evs":[0.0,1.50983]},"K5o":{"weight":0.0,"played":[0.1201,0.8799],"evs":[0.0,0.78295]},"A5o":{"weight":0.0624,"played":[1.0E-4,0.9999],"evs":[0.0,3.18947]},"62s":{"weight":0.0,"played":[0.2545,0.7455],"evs":[0.0,1.51096]},"63s":{"weight":0.0,"played":[0.1472,0.8528],"evs":[0.0,1.43789]},"64s":{"weight":0.0,"played":[0.0428,0.9572],"evs":[0.0,3.9109]},"65s":{"weight":0.0,"played":[2.0E-4,0.9998],"evs":[0.0,2.19836]},"66":{"weight":0.4224,"played":[0.0,1.0],"evs":[0.0,5.75086]},"76o":{"weight":0.0,"played":[0.001,0.999],"evs":[0.0,1.53966]},"86o":{"weight":0.0,"played":[0.1108,0.8892],"evs":[0.0,2.03909]},"96o":{"weight":0.0,"played":[0.0788,0.9212],"evs":[0.0,0.63403]},"T6o":{"weight":0.0,"played":[2.0E-4,0.9998],"evs":[0.0,1.71268]},"J6o":{"weight":0.0,"played":[0.021,0.979],"evs":[0.0,0.75515]},"Q6o":{"weight":0.0,"played":[0.0075,0.9925],"evs":[0.0,0.7871]},"K6o":{"weight":0.0,"played":[0.0398,0.9602],"evs":[0.0,1.11825]},"A6o":{"weight":0.3439,"played":[0.0,1.0],"evs":[0.0,3.1969]},"72s":{"weight":0.0,"played":[0.0322,0.9678],"evs":[0.0,2.8043]},"73s":{"weight":0.0,"played":[0.1746,0.8254],"evs":[0.0,3.04991]},"74s":{"weight":0.0,"played":[0.0269,0.9731],"evs":[0.0,4.60475]},"75s":{"weight":0.0,"played":[0.0377,0.9623],"evs":[0.0,4.10105]},"76s":{"weight":0.2404,"played":[2.0E-4,0.9998],"evs":[0.0,3.60361]},"77":{"weight":0.7553,"played":[0.0,1.0],"evs":[0.0,5.06988]},"87o":{"weight":0.0,"played":[0.0122,0.9878],"evs":[0.0,3.29135]},"97o":{"weight":0.0,"played":[0.0081,0.9919],"evs":[0.0,2.39273]},"T7o":{"weight":0.0,"played":[0.0292,0.9708],"evs":[0.0,0.83369]},"J7o":{"weight":0.0,"played":[0.5477,0.4523],"evs":[0.0,-0.02179]},"Q7o":{"weight":0.0,"played":[0.1669,0.8331],"evs":[0.0,1.52074]},"K7o":{"weight":0.0,"played":[0.0088,0.9912],"evs":[0.0,1.18989]},"A7o":{"weight":0.0527,"played":[1.0E-4,0.9999],"evs":[0.0,3.06031]},"82s":{"weight":0.0,"played":[0.0117,0.9883],"evs":[0.0,2.65516]},"83s":{"weight":0.0,"played":[0.1225,0.8775],"evs":[0.0,1.04387]},"84s":{"weight":0.0,"played":[0.0123,0.9877],"evs":[0.0,1.80494]},"85s":{"weight":0.0,"played":[0.0674,0.9326],"evs":[0.0,4.07224]},"86s":{"weight":0.0,"played":[0.0085,0.9915],"evs":[0.0,4.23428]},"87s":{"weight":0.0264,"played":[0.0071,0.9929],"evs":[0.0,1.76845]},"88":{"weight":0.0198,"played":[0.002,0.998],"evs":[0.0,6.05006]},"98o":{"weight":0.0,"played":[0.0282,0.9718],"evs":[0.0,2.28114]},"T8o":{"weight":0.0,"played":[0.0034,0.9966],"evs":[0.0,3.06076]},"J8o":{"weight":0.0,"played":[0.0427,0.9573],"evs":[0.0,1.46143]},"Q8o":{"weight":0.0,"played":[1.0E-4,0.9999],"evs":[0.0,1.56065]},"K8o":{"weight":0.0,"played":[0.0503,0.9497],"evs":[0.0,0.21463]},"A8o":{"weight":0.1713,"played":[3.0E-4,0.9997],"evs":[0.0,3.92637]},"92s":{"weight":0.0,"played":[0.5425,0.4575],"evs":[0.0,-0.4213]},"93s":{"weight":0.0,"played":[0.0046,0.9954],"evs":[0.0,3.61088]},"94s":{"weight":0.0,"played":[0.384,0.616],"evs":[0.0,1.97825]},"95s":{"weight":0.0,"played":[0.0022,0.9978],"evs":[0.0,3.33799]},"96s":{"weight":0.0,"played":[0.0639,0.9361],"evs":[0.0,3.39195]},"97s":{"weight":0.0054,"played":[0.0053,0.9947],"evs":[0.0,2.8653]},"98s":{"weight":0.0246,"played":[0.0032,0.9968],"evs":[0.0,2.83679]},"99":{"weight":0.0,"played":[1.0E-4,0.9999],"evs":[0.0,7.34952]},"T9o":{"weight":1.0E-4,"played":[2.0E-4,0.9998],"evs":[0.0,2.52269]},"J9o":{"weight":0.0,"played":[2.0E-4,0.9998],"evs":[0.0,1.9135]},"Q9o":{"weight":0.0,"played":[0.106,0.894],"evs":[0.0,2.07388]},"K9o":{"weight":2.0E-4,"played":[0.0048,0.9952],"evs":[0.0,1.01186]},"A9o":{"weight":0.3115,"played":[2.0E-4,0.9998],"evs":[0.0,3.49182]},"T2s":{"weight":0.0,"played":[0.2876,0.7124],"evs":[0.0,1.6547]},"T3s":{"weight":0.0,"played":[0.0455,0.9545],"evs":[0.0,2.01287]},"T4s":{"weight":0.0,"played":[0.001,0.999],"evs":[0.0,0.26778]},"T5s":{"weight":0.0,"played":[0.0571,0.9429],"evs":[0.0,1.41308]},"T6s":{"weight":0.0,"played":[0.0047,0.9953],"evs":[0.0,3.01071]},"T7s":{"weight":0.52,"played":[0.0028,0.9972],"evs":[0.0,3.58424]},"T8s":{"weight":0.8435,"played":[0.0,1.0],"evs":[0.0,3.4955]},"T9s":{"weight":0.5576,"played":[0.0068,0.9932],"evs":[0.0,4.58393]},"TT":{"weight":0.0916,"played":[0.0,1.0],"evs":[0.0,8.5289]},"JTo":{"weight":0.0031,"played":[2.0E-4,0.9998],"evs":[0.0,2.72418]},"QTo":{"weight":0.1726,"played":[7.0E-4,0.9993],"evs":[0.0,2.81327]},"KTo":{"weight":0.1116,"played":[0.0,1.0],"evs":[0.0,1.67398]},"ATo":{"weight":0.0283,"played":[0.0,1.0],"evs":[0.0,4.28278]},"J2s":{"weight":0.0,"played":[0.4419,0.5581],"evs":[0.0,0.21108]},"J3s":{"weight":0.0,"played":[0.0074,0.9926],"evs":[0.0,1.33399]},"J4s":{"weight":0.0,"played":[0.2261,0.7739],"evs":[0.0,2.74933]},"J5s":{"weight":0.0,"played":[0.038,0.962],"evs":[0.0,1.08516]},"J6s":{"weight":0.0,"played":[0.0033,0.9967],"evs":[0.0,2.70143]},"J7s":{"weight":0.0017,"played":[0.2125,0.7875],"evs":[0.0,1.95934]},"J8s":{"weight":0.0013,"played":[0.0097,0.9903],"evs":[0.0,1.68663]},"J9s":{"weight":0.656,"played":[1.0E-4,0.9999],"evs":[0.0,3.73098]},"JTs":{"weight":0.3821,"played":[0.0,1.0],"evs":[0.0,3.82773]},"JJ":{"weight":0.2307,"played":[0.0,1.0],"evs":[0.0,12.68454]},"QJo":{"weight":0.0138,"played":[0.0,1.0],"evs":[0.0,2.36172]},"KJo":{"weight":0.0828,"played":[0.002,0.998],"evs":[0.0,2.54835]},"AJo":{"weight":0.004,"played":[0.0,1.0],"evs":[0.0,6.56641]},"Q2s":{"weight":0.0,"played":[0.0149,0.9851],"evs":[0.0,1.88626]},"Q3s":{"weight":0.0,"played":[0.0766,0.9234],"evs":[0.0,3.55064]},"Q4s":{"weight":0.0,"played":[0.0107,0.9893],"evs":[0.0,2.08425]},"Q5s":{"weight":0.0,"played":[0.0239,0.9761],"evs":[0.0,2.60155]},"Q6s":{"weight":0.0,"played":[6.0E-4,0.9994],"evs":[0.0,3.96302]},"Q7s":{"weight":0.1284,"played":[0.0138,0.9862],"evs":[0.0,3.06184]},"Q8s":{"weight":0.2748,"played":[0.0,1.0],"evs":[0.0,2.70149]},"Q9s":{"weight":0.6694,"played":[0.0,1.0],"evs":[0.0,3.33842]},"QTs":{"weight":0.6267,"played":[2.0E-4,0.9998],"evs":[0.0,4.22424]},"QJs":{"weight":0.3241,"played":[0.0,1.0],"evs":[0.0,4.21651]},"QQ":{"weight":0.0,"played":[0.0,1.0],"evs":[0.0,14.85076]},"KQo":{"weight":0.248,"played":[0.0,1.0],"evs":[0.0,4.10186]},"AQo":{"weight":0.0,"played":[0.0,1.0],"evs":[0.0,8.1649]},"K2s":{"weight":0.0,"played":[0.034,0.966],"evs":[0.0,0.16312]},"K3s":{"weight":0.0,"played":[9.0E-4,0.9991],"evs":[0.0,2.7567]},"K4s":{"weight":0.0,"played":[0.0177,0.9823],"evs":[0.0,1.73292]},"K5s":{"weight":8.0E-4,"played":[0.0165,0.9835],"evs":[0.0,1.73426]},"K6s":{"weight":0.1636,"played":[7.0E-4,0.9993],"evs":[0.0,3.15705]},"K7s":{"weight":5.0E-4,"played":[9.0E-4,0.9991],"evs":[0.0,1.56003]},"K8s":{"weight":0.0063,"played":[0.0115,0.9885],"evs":[0.0,2.20738]},"K9s":{"weight":1.0E-4,"played":[0.0037,0.9963],"evs":[0.0,1.99188]},"KTs":{"weight":0.0,"played":[0.0015,0.9985],"evs":[0.0,2.8764]},"KJs":{"weight":0.9653,"played":[0.0,1.0],"evs":[0.0,4.65556]},"KQs":{"weight":0.4339,"played":[0.0,1.0],"evs":[0.0,6.77372]},"KK":{"weight":0.2481,"played":[0.0,1.0],"evs":[0.0,15.98278]},"AKo":{"weight":0.0016,"played":[0.0,1.0],"evs":[0.0,9.0947]},"A2s":{"weight":0.6436,"played":[1.0E-4,0.9999],"evs":[0.0,4.22837]},"A3s":{"weight":0.8709,"played":[5.0E-4,0.9995],"evs":[0.0,3.78648]},"A4s":{"weight":0.0652,"played":[0.0,1.0],"evs":[0.0,3.36098]},"A5s":{"weight":0.0,"played":[7.0E-4,0.9993],"evs":[0.0,6.91063]},"A6s":{"weight":2.0E-4,"played":[0.0075,0.9925],"evs":[0.0,4.55798]},"A7s":{"weight":0.0019,"played":[4.0E-4,0.9996],"evs":[0.0,3.50759]},"A8s":{"weight":0.9473,"played":[0.0,1.0],"evs":[0.0,4.54082]},"A9s":{"weight":0.4088,"played":[1.0E-4,0.9999],"evs":[0.0,6.12541]},"ATs":{"weight":0.8789,"played":[2.0E-4,0.9998],"evs":[0.0,6.86816]},"AJs":{"weight":0.0955,"played":[0.0,1.0],"evs":[0.0,7.59025]},"AQs":{"weight":0.1343,"played":[0.0,1.0],"evs":[0.0,8.8652]},"AKs":{"weight":0.115,"played":[3.0E-4,0.9997],"evs":[0.0,11.14652]},"AA":{"weight":0.9052,"played":[0.0,1.0],"evs":[0.0,23.20964]}}}