{"player":3,"street":0,"children":2,"sequence":[{"player":0,"type":"F","amount":0,"street":0},{"player":1,"type":"R","amount":200000,"street":0},{"player":2,"type":"C","amount":200000,"street":0},{"player":3,"type":"R","amount":600000,"street":0},{"player":4,"type":"F","amount":0,"street":0},{"player":5,"type":"F","amount":0,"street":0},{"player":1,"type":"R","amount":1905000,"street":0},{"player":2,"type":"F","amount":0,"street":0}],"actions":[{"type":"F","amount":0},{"type":"C","amount":1305000}],"hands":{"22":{"weight":0.0,"played":[0.0,1.0],"evs":[0.0,1.96777]},"32o":{"weight":0.0,"played":[0.9983,0.0017],"evs":[0.0,-2.29858]},"42o":{"weight":0.0,"played":[0.9994,6.0E-4],"evs":[0.0,-1.9992]},"52o":{"weight":0.0,"played":[1.0,0.0],"evs":[0.0,-2.15539]},"62o":{"weight":0.0,"played":[0.9999,1.0E-4],"evs":[0.0,-2.41528]},"72o":{"weight":0.0,"played":[1.0,0.0],"evs":[0.0,-2.7777]},"82o":{"weight":0.0,"played":[1.0,0.0],"evs":[0.0,-2.45915]},"92o":{"weight":0.0,"played":[1.0,0.0],"evs":[0.0,-1.99329]},"T2o":{"weight":0.0,"played":[0.9998,2.0E-4],"evs":[0.0,-1.32126]},"J2o":{"weight":0.0,"played":[0.9995,5.0E-4],"evs":[0.0,-1.41015]},"Q2o":{"weight":0.0,"played":[0.9943,0.0057],"evs":[0.0,-1.90803]},"K2o":{"weight":0.0,"played":[0.9818,0.0182],"evs":[0.0,-1.85245]},"A2o":{"weight":0.0,"played":[0.6874,0.3126],"evs":[0.0,0.10723]},"32s":{"weight":0.0,"played":[0.9999,1.0E-4],"evs":[0.0,-1.03703]},"33":{"weight":0.0,"played":[0.0,1.0],"evs":[0.0,2.52797]},"43o":{"weight":0.0,"played":[0.9991,9.0E-4],"evs":[0.0,-1.97987]},"53o":{"weight":0.0,"played":[0.9998,2.0E-4],"evs":[0.0,-1.37664]},"63o":{"weight":0.0,"played":[0.9999,1.0E-4],"evs":[0.0,-1.66127]},"73o":{"weight":0.0,"played":[0.9986,0.0014],"evs":[0.0,-2.30258]},"83o":{"weight":0.0,"played":[1.0,0.0],"evs":[0.0,-2.69459]},"93o":{"weight":0.0,"played":[0.9997,3.0E-4],"evs":[0.0,-2.0549]},"T3o":{"weight":0.0,"played":[0.997,0.003],"evs":[0.0,-1.94263]},"J3o":{"weight":0.0,"played":[0.9989,0.0011],"evs":[0.0,-2.08171]},"Q3o":{"weight":0.0,"played":[0.9906,0.0094],"evs":[0.0,-1.46379]},"K3o":{"weight":0.0,"played":[0.9977,0.0023],"evs":[0.0,-1.5796]},"A3o":{"weight":0.0,"played":[0.5943,0.4057],"evs":[0.0,0.06711]},"42s":{"weight":0.0,"played":[0.9995,5.0E-4],"evs":[0.0,-0.5831]},"43s":{"weight":0.0,"played":[0.545,0.455],"evs":[0.0,0.20035]},"44":{"weight":0.0,"played":[2.0E-4,0.9998],"evs":[0.0,2.2513]},"54o":{"weight":0.0,"played":[0.9998,2.0E-4],"evs":[0.0,-0.77945]},"64o":{"weight":0.0,"played":[0.9994,6.0E-4],"evs":[0.0,-1.49023]},"74o":{"weight":0.0,"played":[0.9999,1.0E-4],"evs":[0.0,-1.67969]},"84o":{"weight":0.0,"played":[1.0,0.0],"evs":[0.0,-2.07081]},"94o":{"weight":0.0,"played":[0.9997,3.0E-4],"evs":[0.0,-2.22666]},"T4o":{"weight":0.0,"played":[0.9996,4.0E-4],"evs":[0.0,-1.85562]},"J4o":{"weight":0.0,"played":[0.9999,1.0E-4],"evs":[0.0,-1.47101]},"Q4o":{"weight":0.0,"played":[0.9782,0.0218],"evs":[0.0,-1.58899]},"K4o":{"weight":0.0,"played":[0.9978,0.0022],"evs":[0.0,-1.39251]},"A4o":{"weight":0.0,"played":[0.2099,0.7901],"evs":[0.0,0.51414]},"52s":{"weight":0.0,"played":[0.5487,0.4513],"evs":[0.0,-0.74393]},"53s":{"weight":0.0,"played":[0.6341,0.3659],"evs":[0.0,-0.29873]},"54s":{"weight":0.0,"played":[0.1535,0.8465],"evs":[0.0,0.40679]},"55":{"weight":0.028,"played":[0.0,1.0],"evs":[0.0,2.90175]},"65o":{"weight":0.0,"played":[0.9988,0.0012],"evs":[0.0,-0.68679]},"75o":{"weight":0.0,"played":[0.9972,0.0028],"evs":[0.0,-1.17131]},"85o":{"weight":0.0,"played":[0.9995,5.0E-4],"evs":[0.0,-1.55988]},"95o":{"weight":0.0,"played":[0.9991,9.0E-4],"evs":[0.0,-1.0946]},"T5o":{"weight":0.0,"played":[0.9998,2.0E-4],"evs":[0.0,-1.7597]},"J5o":{"weight":0.0,"played":[0.9987,0.0013],"evs":[0.0,-1.64951]},"Q5o":{"weight":0.0,"played":[0.9986,0.0014],"evs":[0.0,-1.27392]},"K5o":{"weight":0.0,"played":[0.9965,0.0035],"evs":[0.0,-0.97291]},"A5o":{"weight":0.0,"played":[0.7799,0.2201],"evs":[0.0,-0.00449]},"62s":{"weight":0.0,"played":[0.995,0.005],"evs":[0.0,-1.12898]},"63s":{"weight":0.0,"played":[0.5195,0.4805],"evs":[0.0,0.03011]},"64s":{"weight":0.0,"played":[0.9556,0.0444],"evs":[0.0,-0.73941]},"65s":{"weight":0.0,"played":[0.0472,0.9528],"evs":[0.0,1.19661]},"66":{"weight":0.0,"played":[0.0,1.0],"evs":[0.0,3.28892]},"76o":{"weight":0.0,"played":[0.9933,0.0067],"evs":[0.0,-0.64146]},"86o":{"weight":0.0,"played":[0.8762,0.1238],"evs":[0.0,-0.34675]},"96o":{"weight":0.0,"played":[0.999,0.001],"evs":[0.0,-1.01297]},"T6o":{"weight":0.0,"played":[0.9986,0.0014],"evs":[0.0,-0.56388]},"J6o":{"weight":0.0,"played":[0.999,0.001],"evs":[0.0,-0.68173]},"Q6o":{"weight":0.0,"played":[0.7796,0.2204],"evs":[0.0,-0.67255]},"K6o":{"weight":0.0,"played":[0.7509,0.2491],"evs":[0.0,-0.82454]},"A6o":{"weight":0.0,"played":[0.0214,0.9786],"evs":[0.0,0.6919]},"72s":{"weight":0.0,"played":[0.9797,0.0203],"evs":[0.0,-1.31847]},"73s":{"weight":0.0,"played":[0.9788,0.0212],"evs":[0.0,-1.28369]},"74s":{"weight":0.0,"played":[0.6061,0.3939],"evs":[0.0,0.00518]},"75s":{"weight":0.0,"played":[0.3643,0.6357],"evs":[0.0,-0.21127]},"76s":{"weight":0.0,"played":[0.0161,0.9839],"evs":[0.0,0.89152]},"77":{"weight":3.0E-4,"played":[0.0,1.0],"evs":[0.0,3.67771]},"87o":{"weight":0.0,"played":[0.575,0.425],"evs":[0.0,-0.1045]},"97o":{"weight":0.0,"played":[0.9391,0.0609],"evs":[0.0,-0.57731]},"T7o":{"weight":0.0,"played":[0.9797,0.0203],"evs":[0.0,-0.33838]},"J7o":{"weight":0.0,"played":[0.9039,0.0961],"evs":[0.0,-0.56729]},"Q7o":{"weight":0.0,"played":[0.9358,0.0642],"evs":[0.0,-0.87131]},"K7o":{"weight":0.0,"played":[0.8349,0.1651],"evs":[0.0,-0.46604]},"A7o":{"weight":0.0,"played":[0.1201,0.8799],"evs":[0.0,0.36145]},"82s":{"weight":0.0,"played":[0.999,0.001],"evs":[0.0,-1.66432]},"83s":{"weight":0.0,"played":[0.9999,1.0E-4],"evs":[0.0,-1.08785]},"84s":{"weight":0.0,"played":[0.9882,0.0118],"evs":[0.0,-1.57084]},"85s":{"weight":0.0,"played":[0.7167,0.2833],"evs":[0.0,0.00909]},"86s":{"weight":0.0,"played":[0.4289,0.5711],"evs":[0.0,0.14074]},"87s":{"weight":0.0,"played":[0.0047,0.9953],"evs":[0.0,0.7087]},"88":{"weight":0.0534,"played":[0.0,1.0],"evs":[0.0,4.04273]},"98o":{"weight":0.0,"played":[0.8807,0.1193],"evs":[0.0,-0.41998]},"T8o":{"weight":0.0,"played":[0.0867,0.9133],"evs":[0.0,0.09304]},"J8o":{"weight":0.0,"played":[0.9983,0.0017],"evs":[0.0,-0.64009]},"Q8o":{"weight":0.0,"played":[0.9795,0.0205],"evs":[0.0,-0.7824]},"K8o":{"weight":0.0,"played":[0.843,0.157],"evs":[0.0,-0.66098]},"A8o":{"weight":0.0022,"played":[0.6009,0.3991],"evs":[0.0,0.15475]},"92s":{"weight":0.0,"played":[0.9242,0.0758],"evs":[0.0,-0.01736]},"93s":{"weight":0.0,"played":[0.9904,0.0096],"evs":[0.0,-1.35241]},"94s":{"weight":0.0,"played":[0.9474,0.0526],"evs":[0.0,-0.97546]},"95s":{"weight":0.0,"played":[0.2236,0.7764],"evs":[0.0,0.01313]},"96s":{"weight":0.0,"played":[0.3619,0.6381],"evs":[0.0,0.51664]},"97s":{"weight":0.0,"played":[0.0073,0.9927],"evs":[0.0,0.73405]},"98s":{"weight":0.0,"played":[0.0037,0.9963],"evs":[0.0,0.3237]},"99":{"weight":0.0519,"played":[0.0,1.0],"evs":[0.0,6.39673]},"T9o":{"weight":0.0,"played":[0.0129,0.9871],"evs":[0.0,0.56746]},"J9o":{"weight":0.0,"played":[0.5144,0.4856],"evs":[0.0,-0.151]},"Q9o":{"weight":0.0,"played":[0.7136,0.2864],"evs":[0.0,-0.07073]},"K9o":{"weight":0.0,"played":[0.6202,0.3798],"evs":[0.0,-0.32567]},"A9o":{"weight":6.0E-4,"played":[0.01,0.99],"evs":[0.0,0.84198]},"T2s":{"weight":0.0,"played":[0.4713,0.5287],"evs":[0.0,-0.08814]},"T3s":{"weight":0.0,"played":[0.6209,0.3791],"evs":[0.0,-0.50529]},"T4s":{"weight":0.0,"played":[0.8163,0.1837],"evs":[0.0,0.18708]},"T5s":{"weight":0.0,"played":[0.3247,0.6753],"evs":[0.0,0.08817]},"T6s":{"weight":0.0,"played":[0.4057,0.5943],"evs":[0.0,0.13457]},"T7s":{"weight":0.0,"played":[0.0456,0.9544],"evs":[0.0,1.29488]},"T8s":{"weight":0.0,"played":[0.0388,0.9612],"evs":[0.0,1.25916]},"T9s":{"weight":0.0,"played":[0.0,1.0],"evs":[0.0,2.43495]},"TT":{"weight":0.1528,"played":[0.0,1.0],"evs":[0.0,8.28509]},"JTo":{"weight":0.0,"played":[0.0033,0.9967],"evs":[0.0,0.82195]},"QTo":{"weight":0.0,"played":[0.0,1.0],"evs":[0.0,0.40594]},"KTo":{"weight":0.0,"played":[1.0E-4,0.9999],"evs":[0.0,0.71284]},"ATo":{"weight":2.0E-4,"played":[0.0,1.0],"evs":[0.0,2.41227]},"J2s":{"weight":0.0,"played":[0.8468,0.1532],"evs":[0.0,-0.58423]},"J3s":{"weight":0.0,"played":[0.8419,0.1581],"evs":[0.0,-0.28092]},"J4s":{"weight":0.0,"played":[0.8634,0.1366],"evs":[0.0,-0.90625]},"J5s":{"weight":0.0,"played":[0.7402,0.2598],"evs":[0.0,-0.64026]},"J6s":{"weight":0.0,"played":[0.9831,0.0169],"evs":[0.0,-0.70684]},"J7s":{"weight":0.0,"played":[0.0012,0.9988],"evs":[0.0,0.47608]},"J8s":{"weight":0.0,"played":[0.0039,0.9961],"evs":[0.0,0.78408]},"J9s":{"weight":0.0,"played":[0.0017,0.9983],"evs":[0.0,1.83569]},"JTs":{"weight":0.0,"played":[1.0E-4,0.9999],"evs":[0.0,2.19055]},"JJ":{"weight":0.0351,"played":[0.0,1.0],"evs":[0.0,9.10982]},"QJo":{"weight":0.0,"played":[0.0,1.0],"evs":[0.0,0.66776]},"KJo":{"weight":0.0974,"played":[0.0,1.0],"evs":[0.0,1.14778]},"AJo":{"weight":0.0094,"played":[0.0,1.0],"evs":[0.0,3.09969]},"Q2s":{"weight":0.0,"played":[0.4137,0.5863],"evs":[0.0,-0.45126]},"Q3s":{"weight":0.0,"played":[0.7704,0.2296],"evs":[0.0,-0.41607]},"Q4s":{"weight":0.0,"played":[0.275,0.725],"evs":[0.0,0.31954]},"Q5s":{"weight":0.0,"played":[0.3394,0.6606],"evs":[0.0,0.14037]},"Q6s":{"weight":0.0,"played":[0.0166,0.9834],"evs":[0.0,0.36049]},"Q7s":{"weight":0.0,"played":[0.2568,0.7432],"evs":[0.0,0.08496]},"Q8s":{"weight":0.0,"played":[0.0155,0.9845],"evs":[0.0,0.02725]},"Q9s":{"weight":0.0,"played":[0.0045,0.9955],"evs":[0.0,0.67801]},"QTs":{"weight":0.0,"played":[2.0E-4,0.9998],"evs":[0.0,2.12485]},"QJs":{"weight":1.0E-4,"played":[0.0,1.0],"evs":[0.0,1.74779]},"QQ":{"weight":0.0017,"played":[0.0,1.0],"evs":[0.0,12.75848]},"KQo":{"weight":0.0167,"played":[0.0,1.0],"evs":[0.0,1.64329]},"AQo":{"weight":0.0216,"played":[0.0,1.0],"evs":[0.0,5.54203]},"K2s":{"weight":0.0,"played":[0.5918,0.4082],"evs":[0.0,-0.16488]},"K3s":{"weight":0.0,"played":[0.3336,0.6664],"evs":[0.0,0.17825]},"K4s":{"weight":0.0,"played":[0.4527,0.5473],"evs":[0.0,-0.03877]},"K5s":{"weight":0.0,"played":[0.1482,0.8518],"evs":[0.0,0.26241]},"K6s":{"weight":0.0,"played":[0.0124,0.9876],"evs":[0.0,0.25492]},"K7s":{"weight":0.0,"played":[0.0661,0.9339],"evs":[0.0,0.69479]},"K8s":{"weight":0.0,"played":[6.0E-4,0.9994],"evs":[0.0,0.53249]},"K9s":{"weight":0.0,"played":[0.012,0.988],"evs":[0.0,1.00611]},"KTs":{"weight":0.0026,"played":[0.0,1.0],"evs":[0.0,1.67605]},"KJs":{"weight":0.127,"played":[0.0013,0.9987],"evs":[0.0,1.85855]},"KQs":{"weight":0.0212,"played":[0.0,1.0],"evs":[0.0,2.9015]},"KK":{"weight":0.0062,"played":[0.0,1.0],"evs":[0.0,15.57057]},"AKo":{"weight":0.0321,"played":[0.0,1.0],"evs":[0.0,7.79655]},"A2s":{"weight":0.0,"played":[0.0,1.0],"evs":[0.0,0.74497]},"A3s":{"weight":0.0,"played":[0.0499,0.9501],"evs":[0.0,1.6052]},"A4s":{"weight":0.008,"played":[0.0553,0.9447],"evs":[0.0,0.74877]},"A5s":{"weight":0.0139,"played":[0.0,1.0],"evs":[0.0,0.78458]},"A6s":{"weight":0.0,"played":[0.2742,0.7258],"evs":[0.0,0.86238]},"A7s":{"weight":0.0599,"played":[0.0,1.0],"evs":[0.0,2.22949]},"A8s":{"weight":0.0216,"played":[1.0E-4,0.9999],"evs":[0.0,1.83159]},"A9s":{"weight":0.0826,"played":[0.0,1.0],"evs":[0.0,1.94453]},"ATs":{"weight":0.0795,"played":[0.0,1.0],"evs":[0.0,3.31375]},"AJs":{"weight":0.0037,"played":[0.0,1.0],"evs":[0.0,4.27114]},"AQs":{"weight":0.2499,"played":[0.0,1.0],"evs":[0.0,6.58491]},"AKs":{"weight":0.0732,"played":[0.0,1.0],"evs":[0.0,8.25733]},"AA":{"weight":0.0758,"played":[0.0,1.0],"evs":[0.0,19.42606]}}}