{"player":3,"street":0,"children":2,"sequence":[{"player":0,"type":"F","amount":0,"street":0},{"player":1,"type":"R","amount":200000,"street":0},{"player":2,"type":"C","amount":200000,"street":0},{"player":3,"type":"R","amount":600000,"street":0},{"player":4,"type":"F","amount":0,"street":0},{"player":5,"type":"R","amount":735000,"street":0},{"player":1,"type":"C","amount":535000,"street":0},{"player":2,"type":"F","amount":0,"street":0}],"actions":[{"type":"F","amount":0},{"type":"C","amount":135000}],"hands":{"22":{"weight":0.0,"played":[0.0812,0.9188],"evs":[0.0,1.67347]},"32o":{"weight":0.0,"played":[0.4546,0.5454],"evs":[0.0,-0.53942]},"42o":{"weight":0.0,"played":[0.0678,0.9322],"evs":[0.0,4.7793]},"52o":{"weight":0.0,"played":[0.3183,0.6817],"evs":[0.0,1.04478]},"62o":{"weight":0.0,"played":[0.2041,0.7959],"evs":[0.0,1.22774]},"72o":{"weight":0.0,"played":[0.36,0.64],"evs":[0.0,-1.23232]},"82o":{"weight":0.0,"played":[0.0167,0.9833],"evs":[0.0,3.44553]},"92o":{"weight":0.0,"played":[0.0186,0.9814],"evs":[0.0,4.89787]},"T2o":{"weight":0.0,"played":[0.0467,0.9533],"evs":[0.0,0.78637]},"J2o":{"weight":0.0,"played":[0.1243,0.8757],"evs":[0.0,0.91223]},"Q2o":{"weight":0.0,"played":[0.1057,0.8943],"evs":[0.0,2.07579]},"K2o":{"weight":0.0,"played":[0.0029,0.9971],"evs":[0.0,3.8748]},"A2o":{"weight":0.0,"played":[0.0,1.0],"evs":[0.0,3.307]},"32s":{"weight":0.0,"played":[0.1063,0.8937],"evs":[0.0,1.43581]},"33":{"weight":0.0,"played":[0.0019,0.9981],"evs":[0.0,7.40635]},"43o":{"weight":0.0,"played":[0.0627,0.9373],"evs":[0.0,2.81827]},"53o":{"weight":0.0,"played":[0.0455,0.9545],"evs":[0.0,2.40956]},"63o":{"weight":0.0,"played":[0.0143,0.9857],"evs":[0.0,2.18708]},"73o":{"weight":0.0,"played":[0.0823,0.9177],"evs":[0.0,1.57522]},"83o":{"weight":0.0,"played":[0.2803,0.7197],"evs":[0.0,-1.30592]},"93o":{"weight":0.0,"played":[0.3071,0.6929],"evs":[0.0,1.55202]},"T3o":{"weight":0.0,"played":[0.0011,0.9989],"evs":[0.0,3.16079]},"J3o":{"weight":0.0,"played":[0.0194,0.9806],"evs":[0.0,2.78301]},"Q3o":{"weight":0.0,"played":[0.0023,0.9977],"evs":[0.0,3.24377]},"K3o":{"weight":0.0,"played":[0.0019,0.9981],"evs":[0.0,0.89367]},"A3o":{"weight":0.0,"played":[0.0,1.0],"evs":[0.0,4.8138]},"42s":{"weight":0.0,"played":[0.0111,0.9889],"evs":[0.0,3.43914]},"43s":{"weight":0.0,"played":[0.2023,0.7977],"evs":[0.0,1.70975]},"44":{"weight":0.0,"played":[0.1919,0.8081],"evs":[0.0,2.00691]},"54o":{"weight":0.0,"played":[0.02,0.98],"evs":[0.0,0.9573]},"64o":{"weight":0.0,"played":[9.0E-4,0.9991],"evs":[0.0,4.0057]},"74o":{"weight":0.0,"played":[0.0059,0.9941],"evs":[0.0,1.88889]},"84o":{"weight":0.0,"played":[0.1219,0.8781],"evs":[0.0,2.33883]},"94o":{"weight":0.0,"played":[0.4672,0.5328],"evs":[0.0,1.31485]},"T4o":{"weight":0.0,"played":[0.1516,0.8484],"evs":[0.0,0.56469]},"J4o":{"weight":0.0,"played":[0.0427,0.9573],"evs":[0.0,3.20899]},"Q4o":{"weight":0.0,"played":[0.0164,0.9836],"evs":[0.0,2.93459]},"K4o":{"weight":0.0,"played":[0.0131,0.9869],"evs":[0.0,5.3555]},"A4o":{"weight":0.0,"played":[0.0045,0.9955],"evs":[0.0,3.73349]},"52s":{"weight":0.0,"played":[0.1309,0.8691],"evs":[0.0,8.33658]},"53s":{"weight":0.0,"played":[0.097,0.903],"evs":[0.0,5.90127]},"54s":{"weight":0.0,"played":[0.0023,0.9977],"evs":[0.0,4.87423]},"55":{"weight":0.028,"played":[0.2624,0.7376],"evs":[0.0,2.37869]},"65o":{"weight":0.0,"played":[0.0557,0.9443],"evs":[0.0,1.11678]},"75o":{"weight":0.0,"played":[0.1367,0.8633],"evs":[0.0,2.9852]},"85o":{"weight":0.0,"played":[0.0224,0.9776],"evs":[0.0,1.43524]},"95o":{"weight":0.0,"played":[0.2953,0.7047],"evs":[0.0,1.62888]},"T5o":{"weight":0.0,"played":[0.0545,0.9455],"evs":[0.0,2.02349]},"J5o":{"weight":0.0,"played":[0.0,1.0],"evs":[0.0,3.44197]},"Q5o":{"weight":0.0,"played":[0.0137,0.9863],"evs":[0.0,3.0924]},"K5o":{"weight":0.0,"played":[0.0184,0.9816],"evs":[0.0,2.48145]},"A5o":{"weight":0.0,"played":[0.0544,0.9456],"evs":[0.0,6.90795]},"62s":{"weight":0.0,"played":[0.0252,0.9748],"evs":[0.0,4.99586]},"63s":{"weight":0.0,"played":[0.0278,0.9722],"evs":[0.0,4.3206]},"64s":{"weight":0.0,"played":[0.357,0.643],"evs":[0.0,3.1641]},"65s":{"weight":0.0,"played":[0.0047,0.9953],"evs":[0.0,2.95437]},"66":{"weight":0.0,"played":[0.0081,0.9919],"evs":[0.0,6.73188]},"76o":{"weight":0.0,"played":[0.0946,0.9054],"evs":[0.0,2.09984]},"86o":{"weight":0.0,"played":[7.0E-4,0.9993],"evs":[0.0,5.40316]},"96o":{"weight":0.0,"played":[0.0073,0.9927],"evs":[0.0,0.8082]},"T6o":{"weight":0.0,"played":[0.0032,0.9968],"evs":[0.0,1.94358]},"J6o":{"weight":0.0,"played":[0.0055,0.9945],"evs":[0.0,2.95036]},"Q6o":{"weight":0.0,"played":[0.0019,0.9981],"evs":[0.0,2.22291]},"K6o":{"weight":0.0,"played":[0.0136,0.9864],"evs":[0.0,2.03305]},"A6o":{"weight":0.0,"played":[0.0169,0.9831],"evs":[0.0,6.63977]},"72s":{"weight":0.0,"played":[0.1834,0.8166],"evs":[0.0,1.43335]},"73s":{"weight":0.0,"played":[0.0134,0.9866],"evs":[0.0,1.73517]},"74s":{"weight":0.0,"played":[0.002,0.998],"evs":[0.0,5.51236]},"75s":{"weight":0.0,"played":[0.2313,0.7687],"evs":[0.0,1.33365]},"76s":{"weight":0.0,"played":[0.0415,0.9585],"evs":[0.0,6.38835]},"77":{"weight":3.0E-4,"played":[0.0069,0.9931],"evs":[0.0,10.7734]},"87o":{"weight":0.0,"played":[0.0767,0.9233],"evs":[0.0,1.68557]},"97o":{"weight":0.0,"played":[0.0173,0.9827],"evs":[0.0,3.35008]},"T7o":{"weight":0.0,"played":[0.055,0.945],"evs":[0.0,3.7137]},"J7o":{"weight":0.0,"played":[0.1159,0.8841],"evs":[0.0,2.20257]},"Q7o":{"weight":0.0,"played":[0.2613,0.7387],"evs":[0.0,0.91694]},"K7o":{"weight":0.0,"played":[0.3537,0.6463],"evs":[0.0,0.81327]},"A7o":{"weight":0.0,"played":[8.0E-4,0.9992],"evs":[0.0,2.74096]},"82s":{"weight":0.0,"played":[0.0616,0.9384],"evs":[0.0,6.24571]},"83s":{"weight":0.0,"played":[0.6445,0.3555],"evs":[0.0,0.62906]},"84s":{"weight":0.0,"played":[0.0069,0.9931],"evs":[0.0,3.53092]},"85s":{"weight":0.0,"played":[0.037,0.963],"evs":[0.0,4.48906]},"86s":{"weight":0.0,"played":[0.4543,0.5457],"evs":[0.0,3.00226]},"87s":{"weight":0.0,"played":[0.0051,0.9949],"evs":[0.0,6.1231]},"88":{"weight":0.0534,"played":[0.0019,0.9981],"evs":[0.0,11.10952]},"98o":{"weight":0.0,"played":[0.0489,0.9511],"evs":[0.0,1.50893]},"T8o":{"weight":0.0,"played":[0.0934,0.9066],"evs":[0.0,4.59839]},"J8o":{"weight":0.0,"played":[0.0077,0.9923],"evs":[0.0,3.43221]},"Q8o":{"weight":0.0,"played":[0.0148,0.9852],"evs":[0.0,5.97297]},"K8o":{"weight":0.0,"played":[0.203,0.797],"evs":[0.0,3.21508]},"A8o":{"weight":0.0022,"played":[0.0106,0.9894],"evs":[0.0,4.30487]},"92s":{"weight":0.0,"played":[0.2983,0.7017],"evs":[0.0,1.75569]},"93s":{"weight":0.0,"played":[0.6096,0.3904],"evs":[0.0,-1.551]},"94s":{"weight":0.0,"played":[0.0294,0.9706],"evs":[0.0,1.87612]},"95s":{"weight":0.0,"played":[0.5009,0.4991],"evs":[0.0,-0.40342]},"96s":{"weight":0.0,"played":[0.0147,0.9853],"evs":[0.0,9.0178]},"97s":{"weight":0.0,"played":[0.0302,0.9698],"evs":[0.0,2.94686]},"98s":{"weight":0.0,"played":[0.055,0.945],"evs":[0.0,5.71748]},"99":{"weight":0.0519,"played":[0.005,0.995],"evs":[0.0,7.41304]},"T9o":{"weight":0.0,"played":[0.0048,0.9952],"evs":[0.0,5.65786]},"J9o":{"weight":0.0,"played":[2.0E-4,0.9998],"evs":[0.0,2.85846]},"Q9o":{"weight":0.0,"played":[0.0175,0.9825],"evs":[0.0,4.63683]},"K9o":{"weight":0.0,"played":[0.0573,0.9427],"evs":[0.0,3.69439]},"A9o":{"weight":6.0E-4,"played":[6.0E-4,0.9994],"evs":[0.0,4.68144]},"T2s":{"weight":0.0,"played":[0.4853,0.5147],"evs":[0.0,1.32055]},"T3s":{"weight":0.0,"played":[0.8333,0.1667],"evs":[0.0,0.22763]},"T4s":{"weight":0.0,"played":[0.1976,0.8024],"evs":[0.0,5.4926]},"T5s":{"weight":0.0,"played":[0.0364,0.9636],"evs":[0.0,4.11768]},"T6s":{"weight":0.0,"played":[0.0161,0.9839],"evs":[0.0,3.64414]},"T7s":{"weight":0.0,"played":[0.1008,0.8992],"evs":[0.0,2.06469]},"T8s":{"weight":0.0,"played":[0.7878,0.2122],"evs":[0.0,0.26087]},"T9s":{"weight":0.0,"played":[0.267,0.733],"evs":[0.0,2.34089]},"TT":{"weight":0.1528,"played":[0.0033,0.9967],"evs":[0.0,13.78297]},"JTo":{"weight":0.0,"played":[0.025,0.975],"evs":[0.0,5.26912]},"QTo":{"weight":0.0,"played":[0.0215,0.9785],"evs":[0.0,4.2218]},"KTo":{"weight":0.0,"played":[1.0E-4,0.9999],"evs":[0.0,5.42264]},"ATo":{"weight":2.0E-4,"played":[0.0,1.0],"evs":[0.0,7.19733]},"J2s":{"weight":0.0,"played":[0.4772,0.5228],"evs":[0.0,1.59156]},"J3s":{"weight":0.0,"played":[0.7462,0.2538],"evs":[0.0,-1.14747]},"J4s":{"weight":0.0,"played":[0.0828,0.9172],"evs":[0.0,5.08921]},"J5s":{"weight":0.0,"played":[0.0426,0.9574],"evs":[0.0,3.3199]},"J6s":{"weight":0.0,"played":[0.2974,0.7026],"evs":[0.0,-0.63255]},"J7s":{"weight":0.0,"played":[0.1519,0.8481],"evs":[0.0,5.40211]},"J8s":{"weight":0.0,"played":[0.2548,0.7452],"evs":[0.0,7.52398]},"J9s":{"weight":0.0,"played":[0.0332,0.9668],"evs":[0.0,7.66368]},"JTs":{"weight":0.0,"played":[0.0055,0.9945],"evs":[0.0,1.20418]},"JJ":{"weight":0.0351,"played":[7.0E-4,0.9993],"evs":[0.0,9.77549]},"QJo":{"weight":0.0,"played":[0.0,1.0],"evs":[0.0,5.3591]},"KJo":{"weight":0.0974,"played":[0.0011,0.9989],"evs":[0.0,3.49289]},"AJo":{"weight":0.0094,"played":[0.0,1.0],"evs":[0.0,7.48881]},"Q2s":{"weight":0.0,"played":[0.1842,0.8158],"evs":[0.0,9.53844]},"Q3s":{"weight":0.0,"played":[0.006,0.994],"evs":[0.0,2.74888]},"Q4s":{"weight":0.0,"played":[0.0803,0.9197],"evs":[0.0,2.53418]},"Q5s":{"weight":0.0,"played":[0.0571,0.9429],"evs":[0.0,1.13359]},"Q6s":{"weight":0.0,"played":[0.0048,0.9952],"evs":[0.0,3.96209]},"Q7s":{"weight":0.0,"played":[0.0118,0.9882],"evs":[0.0,7.29721]},"Q8s":{"weight":0.0,"played":[0.0171,0.9829],"evs":[0.0,4.13962]},"Q9s":{"weight":0.0,"played":[0.026,0.974],"evs":[0.0,2.45366]},"QTs":{"weight":0.0,"played":[0.0251,0.9749],"evs":[0.0,3.12438]},"QJs":{"weight":1.0E-4,"played":[0.0453,0.9547],"evs":[0.0,4.09537]},"QQ":{"weight":0.0017,"played":[0.0034,0.9966],"evs":[0.0,15.52909]},"KQo":{"weight":0.0167,"played":[5.0E-4,0.9995],"evs":[0.0,3.31233]},"AQo":{"weight":0.0216,"played":[0.0023,0.9977],"evs":[0.0,11.47743]},"K2s":{"weight":0.0,"played":[0.0661,0.9339],"evs":[0.0,8.03401]},"K3s":{"weight":0.0,"played":[0.1754,0.8246],"evs":[0.0,3.00483]},"K4s":{"weight":0.0,"played":[0.0164,0.9836],"evs":[0.0,10.07116]},"K5s":{"weight":0.0,"played":[0.0206,0.9794],"evs":[0.0,7.10712]},"K6s":{"weight":0.0,"played":[0.368,0.632],"evs":[0.0,3.21115]},"K7s":{"weight":0.0,"played":[3.0E-4,0.9997],"evs":[0.0,2.72291]},"K8s":{"weight":0.0,"played":[0.2445,0.7555],"evs":[0.0,2.25971]},"K9s":{"weight":0.0,"played":[0.4166,0.5834],"evs":[0.0,-1.27986]},"KTs":{"weight":0.0026,"played":[0.0,1.0],"evs":[0.0,13.3508]},"KJs":{"weight":0.127,"played":[0.0,1.0],"evs":[0.0,5.31467]},"KQs":{"weight":0.0212,"played":[0.0359,0.9641],"evs":[0.0,3.91258]},"KK":{"weight":0.0062,"played":[0.0039,0.9961],"evs":[0.0,18.12125]},"AKo":{"weight":0.0321,"played":[9.0E-4,0.9991],"evs":[0.0,11.00421]},"A2s":{"weight":0.0,"played":[0.1751,0.8249],"evs":[0.0,3.92165]},"A3s":{"weight":0.0,"played":[0.2036,0.7964],"evs":[0.0,0.53136]},"A4s":{"weight":0.008,"played":[0.0488,0.9512],"evs":[0.0,6.69558]},"A5s":{"weight":0.0139,"played":[0.021,0.979],"evs":[0.0,7.05531]},"A6s":{"weight":0.0,"played":[0.0568,0.9432],"evs":[0.0,4.66412]},"A7s":{"weight":0.0599,"played":[0.0,1.0],"evs":[0.0,10.04002]},"A8s":{"weight":0.0216,"played":[0.0374,0.9626],"evs":[0.0,5.56499]},"A9s":{"weight":0.0826,"played":[0.0722,0.9278],"evs":[0.0,6.4956]},"ATs":{"weight":0.0795,"played":[0.1553,0.8447],"evs":[0.0,0.08767]},"AJs":{"weight":0.0037,"played":[0.0092,0.9908],"evs":[0.0,9.97614]},"AQs":{"weight":0.2499,"played":[0.0,1.0],"evs":[0.0,8.27743]},"AKs":{"weight":0.0732,"played":[0.0039,0.9961],"evs":[0.0,9.70441]},"AA":{"weight":0.0758,"played":[0.0115,0.9885],"evs":[0.0,19.58924]}}}