{"player":3,"street":0,"children":2,"sequence":[{"player":0,"type":"F","amount":0,"street":0},{"player":1,"type":"F","amount":0,"street":0},{"player":2,"type":"F","amount":0,"street":0},{"player":3,"type":"R","amount":200000,"street":0},{"player":4,"type":"R","amount":1905000,"street":0},{"player":5,"type":"F","amount":0,"street":0}],"actions":[{"type":"F","amount":0},{"type":"C","amount":1705000}],"hands":{"22":{"weight":0.0,"played":[0.9989,0.0011],"evs":[0.0,-0.17595]},"32o":{"weight":0.0,"played":[1.0,0.0],"evs":[0.0,-5.60449]},"42o":{"weight":0.0,"played":[1.0,0.0],"evs":[0.0,-5.37697]},"52o":{"weight":0.0,"played":[1.0,0.0],"evs":[0.0,-5.09567]},"62o":{"weight":0.0,"played":[1.0,0.0],"evs":[0.0,-5.43226]},"72o":{"weight":0.0,"played":[1.0,0.0],"evs":[0.0,-5.54131]},"82o":{"weight":0.0,"played":[1.0,0.0],"evs":[0.0,-5.27343]},"92o":{"weight":0.0,"played":[1.0,0.0],"evs":[0.0,-5.12692]},"T2o":{"weight":0.0,"played":[1.0,0.0],"evs":[0.0,-4.72285]},"J2o":{"weight":0.0,"played":[1.0,0.0],"evs":[0.0,-4.54164]},"Q2o":{"weight":0.0,"played":[1.0,0.0],"evs":[0.0,-3.99193]},"K2o":{"weight":0.0,"played":[1.0,0.0],"evs":[0.0,-3.22288]},"A2o":{"weight":0.9648,"played":[1.0,0.0],"evs":[0.0,-0.95521]},"32s":{"weight":0.0,"played":[1.0,0.0],"evs":[0.0,-4.2794]},"33":{"weight":0.0,"played":[0.0,1.0],"evs":[0.0,0.64718]},"43o":{"weight":0.0,"played":[1.0,0.0],"evs":[0.0,-4.77515]},"53o":{"weight":0.0,"played":[1.0,0.0],"evs":[0.0,-4.53874]},"63o":{"weight":0.0,"played":[1.0,0.0],"evs":[0.0,-4.85459]},"73o":{"weight":0.0,"played":[1.0,0.0],"evs":[0.0,-4.99035]},"83o":{"weight":0.0,"played":[1.0,0.0],"evs":[0.0,-5.17126]},"93o":{"weight":0.0,"played":[1.0,0.0],"evs":[0.0,-4.92766]},"T3o":{"weight":0.0,"played":[1.0,0.0],"evs":[0.0,-4.49349]},"J3o":{"weight":0.0,"played":[1.0,0.0],"evs":[0.0,-4.32792]},"Q3o":{"weight":0.0,"played":[1.0,0.0],"evs":[0.0,-3.73879]},"K3o":{"weight":0.0,"played":[1.0,0.0],"evs":[0.0,-3.01645]},"A3o":{"weight":0.1162,"played":[1.0,0.0],"evs":[0.0,-0.71098]},"42s":{"weight":0.0,"played":[1.0,0.0],"evs":[0.0,-4.02076]},"43s":{"weight":0.0,"played":[1.0,0.0],"evs":[0.0,-3.5688]},"44":{"weight":0.0,"played":[0.0,1.0],"evs":[0.0,1.38372]},"54o":{"weight":0.0,"played":[1.0,0.0],"evs":[0.0,-3.90216]},"64o":{"weight":0.0,"played":[1.0,0.0],"evs":[0.0,-4.25445]},"74o":{"weight":0.0,"played":[1.0,0.0],"evs":[0.0,-4.40309]},"84o":{"weight":0.0,"played":[1.0,0.0],"evs":[0.0,-4.57617]},"94o":{"weight":0.0,"played":[1.0,0.0],"evs":[0.0,-4.74028]},"T4o":{"weight":0.0,"played":[1.0,0.0],"evs":[0.0,-4.23633]},"J4o":{"weight":0.0,"played":[1.0,0.0],"evs":[0.0,-4.07224]},"Q4o":{"weight":0.0,"played":[1.0,0.0],"evs":[0.0,-3.51022]},"K4o":{"weight":0.0,"played":[1.0,0.0],"evs":[0.0,-2.75591]},"A4o":{"weight":4.0E-4,"played":[1.0,0.0],"evs":[0.0,-0.45563]},"52s":{"weight":0.0,"played":[1.0,0.0],"evs":[0.0,-3.82928]},"53s":{"weight":0.0,"played":[1.0,0.0],"evs":[0.0,-3.32307]},"54s":{"weight":0.0,"played":[1.0,0.0],"evs":[0.0,-2.7963]},"55":{"weight":0.0286,"played":[0.0,1.0],"evs":[0.0,2.20524]},"65o":{"weight":0.0,"played":[1.0,0.0],"evs":[0.0,-3.69221]},"75o":{"weight":0.0,"played":[1.0,0.0],"evs":[0.0,-3.83083]},"85o":{"weight":0.0,"played":[1.0,0.0],"evs":[0.0,-3.9592]},"95o":{"weight":0.0,"played":[1.0,0.0],"evs":[0.0,-4.16009]},"T5o":{"weight":0.0,"played":[1.0,0.0],"evs":[0.0,-4.07621]},"J5o":{"weight":0.0,"played":[1.0,0.0],"evs":[0.0,-3.81293]},"Q5o":{"weight":0.0,"played":[1.0,0.0],"evs":[0.0,-3.26768]},"K5o":{"weight":0.0,"played":[1.0,0.0],"evs":[0.0,-2.51042]},"A5o":{"weight":0.0,"played":[0.998,0.002],"evs":[0.0,-0.10448]},"62s":{"weight":0.0,"played":[1.0,0.0],"evs":[0.0,-4.10332]},"63s":{"weight":0.0,"played":[1.0,0.0],"evs":[0.0,-3.64143]},"64s":{"weight":0.0,"played":[1.0,0.0],"evs":[0.0,-3.03187]},"65s":{"weight":1.0E-4,"played":[1.0,0.0],"evs":[0.0,-2.60099]},"66":{"weight":1.0,"played":[0.0,1.0],"evs":[0.0,2.76771]},"76o":{"weight":0.0,"played":[1.0,0.0],"evs":[0.0,-3.29772]},"86o":{"weight":0.0,"played":[1.0,0.0],"evs":[0.0,-3.4315]},"96o":{"weight":0.0,"played":[1.0,0.0],"evs":[0.0,-3.59632]},"T6o":{"weight":0.0,"played":[1.0,0.0],"evs":[0.0,-3.5646]},"J6o":{"weight":0.0,"played":[1.0,0.0],"evs":[0.0,-3.69258]},"Q6o":{"weight":0.0,"played":[1.0,0.0],"evs":[0.0,-3.08918]},"K6o":{"weight":0.0018,"played":[1.0,0.0],"evs":[0.0,-2.20651]},"A6o":{"weight":0.0,"played":[0.1748,0.8252],"evs":[0.0,0.04933]},"72s":{"weight":0.0,"played":[1.0,0.0],"evs":[0.0,-4.28285]},"73s":{"weight":0.0,"played":[1.0,0.0],"evs":[0.0,-3.76911]},"74s":{"weight":0.0,"played":[1.0,0.0],"evs":[0.0,-3.16233]},"75s":{"weight":0.0,"played":[1.0,0.0],"evs":[0.0,-2.64267]},"76s":{"weight":0.999,"played":[1.0,0.0],"evs":[0.0,-2.10281]},"77":{"weight":1.0,"played":[0.0,1.0],"evs":[0.0,3.44214]},"87o":{"weight":0.0,"played":[1.0,0.0],"evs":[0.0,-2.90953]},"97o":{"weight":0.0,"played":[1.0,0.0],"evs":[0.0,-3.1054]},"T7o":{"weight":0.0,"played":[1.0,0.0],"evs":[0.0,-3.0267]},"J7o":{"weight":0.0,"played":[1.0,0.0],"evs":[0.0,-3.14172]},"Q7o":{"weight":0.0,"played":[1.0,0.0],"evs":[0.0,-2.97882]},"K7o":{"weight":1.0,"played":[1.0,0.0],"evs":[0.0,-1.95243]},"A7o":{"weight":0.0,"played":[0.0,1.0],"evs":[0.0,0.77602]},"82s":{"weight":0.0,"played":[1.0,0.0],"evs":[0.0,-4.05601]},"83s":{"weight":0.0,"played":[1.0,0.0],"evs":[0.0,-3.87201]},"84s":{"weight":0.0,"played":[1.0,0.0],"evs":[0.0,-3.27074]},"85s":{"weight":0.0,"played":[1.0,0.0],"evs":[0.0,-2.84053]},"86s":{"weight":0.7174,"played":[1.0,0.0],"evs":[0.0,-2.2612]},"87s":{"weight":1.0,"played":[1.0,0.0],"evs":[0.0,-1.77773]},"88":{"weight":1.0,"played":[0.0,1.0],"evs":[0.0,4.30486]},"98o":{"weight":0.0,"played":[1.0,0.0],"evs":[0.0,-2.55479]},"T8o":{"weight":0.0031,"played":[1.0,0.0],"evs":[0.0,-2.40755]},"J8o":{"weight":3.0E-4,"played":[1.0,0.0],"evs":[0.0,-2.55161]},"Q8o":{"weight":0.7396,"played":[1.0,0.0],"evs":[0.0,-2.31756]},"K8o":{"weight":1.0,"played":[1.0,0.0],"evs":[0.0,-1.64419]},"A8o":{"weight":0.0,"played":[0.0,1.0],"evs":[0.0,1.57403]},"92s":{"weight":0.0,"played":[1.0,0.0],"evs":[0.0,-3.77176]},"93s":{"weight":0.0,"played":[1.0,0.0],"evs":[0.0,-3.65898]},"94s":{"weight":0.0,"played":[1.0,0.0],"evs":[0.0,-3.51927]},"95s":{"weight":0.0,"played":[1.0,0.0],"evs":[0.0,-2.90453]},"96s":{"weight":0.0013,"played":[1.0,0.0],"evs":[0.0,-2.47859]},"97s":{"weight":1.0,"played":[1.0,0.0],"evs":[0.0,-1.96355]},"98s":{"weight":1.0,"played":[1.0,0.0],"evs":[0.0,-1.4255]},"99":{"weight":1.0,"played":[0.0,1.0],"evs":[0.0,5.12677]},"T9o":{"weight":1.0,"played":[1.0,0.0],"evs":[0.0,-1.88451]},"J9o":{"weight":1.0,"played":[1.0,0.0],"evs":[0.0,-1.95172]},"Q9o":{"weight":1.0,"played":[1.0,0.0],"evs":[0.0,-1.73396]},"K9o":{"weight":1.0,"played":[1.0,0.0],"evs":[0.0,-1.08208]},"A9o":{"weight":0.0,"played":[0.0,1.0],"evs":[0.0,2.43451]},"T2s":{"weight":0.0,"played":[1.0,0.0],"evs":[0.0,-3.4653]},"T3s":{"weight":0.0,"played":[1.0,0.0],"evs":[0.0,-3.26797]},"T4s":{"weight":0.0,"played":[1.0,0.0],"evs":[0.0,-2.92792]},"T5s":{"weight":0.0,"played":[1.0,0.0],"evs":[0.0,-2.81514]},"T6s":{"weight":0.2291,"played":[1.0,0.0],"evs":[0.0,-2.39772]},"T7s":{"weight":1.0,"played":[1.0,0.0],"evs":[0.0,-1.87871]},"T8s":{"weight":1.0,"played":[1.0,0.0],"evs":[0.0,-1.37577]},"T9s":{"weight":1.0,"played":[1.0,0.0],"evs":[0.0,-0.78339]},"TT":{"weight":1.0,"played":[0.0,1.0],"evs":[0.0,6.39987]},"JTo":{"weight":1.0,"played":[1.0,0.0],"evs":[0.0,-0.89342]},"QTo":{"weight":1.0,"played":[1.0,0.0],"evs":[0.0,-0.7082]},"KTo":{"weight":1.0,"played":[0.9997,3.0E-4],"evs":[0.0,-0.13307]},"ATo":{"weight":0.568,"played":[0.0,1.0],"evs":[0.0,3.92354]},"J2s":{"weight":0.0,"played":[1.0,0.0],"evs":[0.0,-3.30942]},"J3s":{"weight":0.0,"played":[1.0,0.0],"evs":[0.0,-3.11791]},"J4s":{"weight":0.0,"played":[1.0,0.0],"evs":[0.0,-2.83545]},"J5s":{"weight":0.0,"played":[1.0,0.0],"evs":[0.0,-2.58529]},"J6s":{"weight":0.6479,"played":[1.0,0.0],"evs":[0.0,-2.47661]},"J7s":{"weight":1.0,"played":[1.0,0.0],"evs":[0.0,-1.96083]},"J8s":{"weight":1.0,"played":[1.0,0.0],"evs":[0.0,-1.46988]},"J9s":{"weight":0.9979,"played":[1.0,0.0],"evs":[0.0,-0.87783]},"JTs":{"weight":0.0127,"played":[4.0E-4,0.9996],"evs":[0.0,0.10203]},"JJ":{"weight":1.0,"played":[0.0,1.0],"evs":[0.0,7.41119]},"QJo":{"weight":0.1229,"played":[1.0,0.0],"evs":[0.0,-0.44417]},"KJo":{"weight":0.0099,"played":[0.0,1.0],"evs":[0.0,0.15634]},"AJo":{"weight":0.9603,"played":[0.0,1.0],"evs":[0.0,4.9901]},"Q2s":{"weight":0.0,"played":[1.0,0.0],"evs":[0.0,-2.72742]},"Q3s":{"weight":0.0,"played":[1.0,0.0],"evs":[0.0,-2.56027]},"Q4s":{"weight":0.0025,"played":[1.0,0.0],"evs":[0.0,-2.38974]},"Q5s":{"weight":1.0,"played":[1.0,0.0],"evs":[0.0,-2.11196]},"Q6s":{"weight":1.0,"played":[1.0,0.0],"evs":[0.0,-1.932]},"Q7s":{"weight":1.0,"played":[1.0,0.0],"evs":[0.0,-1.7945]},"Q8s":{"weight":1.0,"played":[1.0,0.0],"evs":[0.0,-1.19316]},"Q9s":{"weight":0.9957,"played":[1.0,0.0],"evs":[0.0,-0.6766]},"QTs":{"weight":0.8803,"played":[1.0E-4,0.9999],"evs":[0.0,0.27687]},"QJs":{"weight":1.0,"played":[0.0,1.0],"evs":[0.0,0.51489]},"QQ":{"weight":1.0,"played":[0.0,1.0],"evs":[0.0,8.53569]},"KQo":{"weight":0.0098,"played":[0.0,1.0],"evs":[0.0,0.62597]},"AQo":{"weight":1.0,"played":[0.0,1.0],"evs":[0.0,5.93528]},"K2s":{"weight":0.9988,"played":[1.0,0.0],"evs":[0.0,-2.04072]},"K3s":{"weight":1.0,"played":[1.0,0.0],"evs":[0.0,-1.82541]},"K4s":{"weight":1.0,"played":[1.0,0.0],"evs":[0.0,-1.58972]},"K5s":{"weight":0.9999,"played":[1.0,0.0],"evs":[0.0,-1.32723]},"K6s":{"weight":1.0,"played":[1.0,0.0],"evs":[0.0,-1.04295]},"K7s":{"weight":0.9999,"played":[1.0,0.0],"evs":[0.0,-0.77402]},"K8s":{"weight":1.0,"played":[1.0,0.0],"evs":[0.0,-0.55267]},"K9s":{"weight":0.9991,"played":[0.9553,0.0447],"evs":[0.0,-0.0424]},"KTs":{"weight":1.0,"played":[0.0,1.0],"evs":[0.0,0.86865]},"KJs":{"weight":1.0,"played":[0.0,1.0],"evs":[0.0,1.11179]},"KQs":{"weight":1.0,"played":[0.0,1.0],"evs":[0.0,1.58461]},"KK":{"weight":1.0,"played":[0.0,1.0],"evs":[0.0,9.69169]},"AKo":{"weight":1.0,"played":[0.0,1.0],"evs":[0.0,7.0417]},"A2s":{"weight":0.0,"played":[0.0241,0.9759],"evs":[0.0,0.0948]},"A3s":{"weight":0.0,"played":[0.0011,0.9989],"evs":[0.0,0.28408]},"A4s":{"weight":0.0,"played":[0.0,1.0],"evs":[0.0,0.56521]},"A5s":{"weight":6.0E-4,"played":[0.0,1.0],"evs":[0.0,0.93849]},"A6s":{"weight":0.0,"played":[0.0,1.0],"evs":[0.0,1.06246]},"A7s":{"weight":0.1633,"played":[0.0,1.0],"evs":[0.0,1.66879]},"A8s":{"weight":1.0,"played":[0.0,1.0],"evs":[0.0,2.43653]},"A9s":{"weight":1.0,"played":[0.0,1.0],"evs":[0.0,3.23787]},"ATs":{"weight":1.0,"played":[0.0,1.0],"evs":[0.0,4.70698]},"AJs":{"weight":1.0,"played":[0.0,1.0],"evs":[0.0,5.61704]},"AQs":{"weight":1.0,"played":[0.0,1.0],"evs":[0.0,6.56069]},"AKs":{"weight":1.0,"played":[0.0,1.0],"evs":[0.0,7.55339]},"AA":{"weight":1.0,"played":[0.0,1.0],"evs":[0.0,14.08058]}}}