{"player":2,"street":0,"children":2,"sequence":[{"player":0,"type":"F","amount":0,"street":0},{"player":1,"type":"R","amount":200000,"street":0},{"player":2,"type":"C","amount":200000,"street":0},{"player":3,"type":"R","amount":600000,"street":0},{"player":4,"type":"R","amount":2035000,"street":0},{"player":5,"type":"F","amount":0,"street":0},{"player":1,"type":"F","amount":0,"street":0}],"actions":[{"type":"F","amount":0,"node":181},{"type":"C","amount":785000,"node":182}],"hands":{"22":{"weight":0.0,"played":[0.0216,0.9784],"evs":[0.0,0.23957]},"32o":{"weight":0.0,"played":[1.0,0.0],"evs":[0.0,-2.04582]},"42o":{"weight":0.0,"played":[0.9988,0.0012],"evs":[0.0,-1.3025]},"52o":{"weight":0.0,"played":[0.9969,0.0031],"evs":[0.0,-0.94042]},"62o":{"weight":0.0,"played":[0.9996,4.0E-4],"evs":[0.0,-1.14133]},"72o":{"weight":0.0,"played":[1.0,0.0],"evs":[0.0,-2.47675]},"82o":{"weight":0.0,"played":[0.9919,0.0081],"evs":[0.0,-1.44356]},"92o":{"weight":0.0,"played":[0.9961,0.0039],"evs":[0.0,-2.22612]},"T2o":{"weight":0.0,"played":[0.9987,0.0013],"evs":[0.0,-2.04406]},"J2o":{"weight":0.0,"played":[0.9986,0.0014],"evs":[0.0,-1.73724]},"Q2o":{"weight":0.0,"played":[0.9885,0.0115],"evs":[0.0,-1.34599]},"K2o":{"weight":0.0,"played":[0.9978,0.0022],"evs":[0.0,-1.73148]},"A2o":{"weight":0.0,"played":[0.9947,0.0053],"evs":[0.0,-2.01817]},"32s":{"weight":0.0,"played":[0.6394,0.3606],"evs":[0.0,-0.32816]},"33":{"weight":0.0,"played":[0.1672,0.8328],"evs":[0.0,0.22176]},"43o":{"weight":0.0,"played":[0.9931,0.0069],"evs":[0.0,-1.53237]},"53o":{"weight":0.0,"played":[0.9905,0.0095],"evs":[0.0,-0.84992]},"63o":{"weight":0.0,"played":[0.9906,0.0094],"evs":[0.0,-2.15474]},"73o":{"weight":0.0,"played":[0.9981,0.0019],"evs":[0.0,-1.76669]},"83o":{"weight":0.0,"played":[0.9969,0.0031],"evs":[0.0,-1.69366]},"93o":{"weight":0.0,"played":[1.0,0.0],"evs":[0.0,-1.61372]},"T3o":{"weight":0.0,"played":[0.9993,7.0E-4],"evs":[0.0,-1.7324]},"J3o":{"weight":0.0,"played":[1.0,0.0],"evs":[0.0,-1.76353]},"Q3o":{"weight":0.0,"played":[0.9999,1.0E-4],"evs":[0.0,-0.95399]},"K3o":{"weight":0.0,"played":[0.9921,0.0079],"evs":[0.0,-1.24741]},"A3o":{"weight":0.0,"played":[0.9992,8.0E-4],"evs":[0.0,-0.98054]},"42s":{"weight":0.0,"played":[0.7792,0.2208],"evs":[0.0,-1.11489]},"43s":{"weight":0.0,"played":[0.9899,0.0101],"evs":[0.0,-0.55556]},"44":{"weight":0.2944,"played":[0.3108,0.6892],"evs":[0.0,0.89912]},"54o":{"weight":0.0,"played":[0.9876,0.0124],"evs":[0.0,-0.13941]},"64o":{"weight":0.0,"played":[0.9106,0.0894],"evs":[0.0,-0.63817]},"74o":{"weight":0.0,"played":[0.9989,0.0011],"evs":[0.0,-1.58659]},"84o":{"weight":0.0,"played":[0.9875,0.0125],"evs":[0.0,-1.42578]},"94o":{"weight":0.0,"played":[0.9929,0.0071],"evs":[0.0,-1.77092]},"T4o":{"weight":0.0,"played":[0.9887,0.0113],"evs":[0.0,-1.65325]},"J4o":{"weight":0.0,"played":[0.9952,0.0048],"evs":[0.0,-2.22956]},"Q4o":{"weight":0.0,"played":[0.9999,1.0E-4],"evs":[0.0,-1.84205]},"K4o":{"weight":0.0,"played":[0.9994,6.0E-4],"evs":[0.0,-0.98289]},"A4o":{"weight":0.0,"played":[0.9979,0.0021],"evs":[0.0,-1.61158]},"52s":{"weight":0.0,"played":[0.7212,0.2788],"evs":[0.0,0.09774]},"53s":{"weight":0.0,"played":[0.1179,0.8821],"evs":[0.0,-0.25178]},"54s":{"weight":0.0,"played":[0.1507,0.8493],"evs":[0.0,0.41368]},"55":{"weight":0.8068,"played":[0.0251,0.9749],"evs":[0.0,0.75654]},"65o":{"weight":0.0,"played":[0.9616,0.0384],"evs":[0.0,-0.25161]},"75o":{"weight":0.0,"played":[0.9887,0.0113],"evs":[0.0,-0.14964]},"85o":{"weight":0.0,"played":[0.9895,0.0105],"evs":[0.0,-1.36908]},"95o":{"weight":0.0,"played":[0.9685,0.0315],"evs":[0.0,-1.4045]},"T5o":{"weight":0.0,"played":[0.9886,0.0114],"evs":[0.0,-1.11434]},"J5o":{"weight":0.0,"played":[0.9743,0.0257],"evs":[0.0,-2.02466]},"Q5o":{"weight":0.0,"played":[0.9996,4.0E-4],"evs":[0.0,-1.31194]},"K5o":{"weight":0.0,"played":[0.9933,0.0067],"evs":[0.0,-0.83659]},"A5o":{"weight":0.0,"played":[0.9617,0.0383],"evs":[0.0,-0.9421]},"62s":{"weight":0.0,"played":[0.6906,0.3094],"evs":[0.0,-0.5848]},"63s":{"weight":0.0,"played":[0.5252,0.4748],"evs":[0.0,-0.04775]},"64s":{"weight":0.0,"played":[0.8485,0.1515],"evs":[0.0,0.12917]},"65s":{"weight":0.0,"played":[0.9313,0.0687],"evs":[0.0,-0.0413]},"66":{"weight":0.0905,"played":[0.001,0.999],"evs":[0.0,1.09226]},"76o":{"weight":0.0,"played":[0.8807,0.1193],"evs":[0.0,0.00615]},"86o":{"weight":0.0,"played":[0.9915,0.0085],"evs":[0.0,-1.22546]},"96o":{"weight":0.0,"played":[0.983,0.017],"evs":[0.0,-1.82331]},"T6o":{"weight":0.0,"played":[0.9068,0.0932],"evs":[0.0,-1.49836]},"J6o":{"weight":0.0,"played":[0.9731,0.0269],"evs":[0.0,-1.42176]},"Q6o":{"weight":0.0,"played":[0.9964,0.0036],"evs":[0.0,-1.44181]},"K6o":{"weight":0.0,"played":[0.9986,0.0014],"evs":[0.0,-1.36162]},"A6o":{"weight":0.0,"played":[0.967,0.033],"evs":[0.0,-2.08577]},"72s":{"weight":0.0,"played":[0.9889,0.0111],"evs":[0.0,-0.57532]},"73s":{"weight":0.0,"played":[0.9896,0.0104],"evs":[0.0,-1.42202]},"74s":{"weight":0.0,"played":[0.9822,0.0178],"evs":[0.0,-0.60801]},"75s":{"weight":0.0,"played":[0.7901,0.2099],"evs":[0.0,-1.15635]},"76s":{"weight":0.0,"played":[0.5709,0.4291],"evs":[0.0,-0.81942]},"77":{"weight":1.0E-4,"played":[0.007,0.993],"evs":[0.0,2.32281]},"87o":{"weight":0.0,"played":[0.8896,0.1104],"evs":[0.0,-1.0497]},"97o":{"weight":0.0,"played":[0.9989,0.0011],"evs":[0.0,-1.05348]},"T7o":{"weight":0.0,"played":[0.9789,0.0211],"evs":[0.0,-1.03244]},"J7o":{"weight":0.0,"played":[0.9985,0.0015],"evs":[0.0,-1.4757]},"Q7o":{"weight":0.0,"played":[0.9998,2.0E-4],"evs":[0.0,-1.77046]},"K7o":{"weight":0.0,"played":[0.9632,0.0368],"evs":[0.0,-1.23512]},"A7o":{"weight":0.0,"played":[0.9779,0.0221],"evs":[0.0,-2.07637]},"82s":{"weight":0.0,"played":[0.9996,4.0E-4],"evs":[0.0,-1.77126]},"83s":{"weight":0.0,"played":[0.9753,0.0247],"evs":[0.0,-1.63101]},"84s":{"weight":0.0,"played":[0.4265,0.5735],"evs":[0.0,0.90348]},"85s":{"weight":0.0,"played":[0.8904,0.1096],"evs":[0.0,-1.60156]},"86s":{"weight":0.0,"played":[0.7943,0.2057],"evs":[0.0,-0.83658]},"87s":{"weight":0.0,"played":[0.0425,0.9575],"evs":[0.0,0.0302]},"88":{"weight":0.0,"played":[0.1585,0.8415],"evs":[0.0,0.83519]},"98o":{"weight":0.0,"played":[0.7753,0.2247],"evs":[0.0,-0.91085]},"T8o":{"weight":0.0,"played":[0.9341,0.0659],"evs":[0.0,-1.1617]},"J8o":{"weight":0.0,"played":[0.9928,0.0072],"evs":[0.0,-1.05574]},"Q8o":{"weight":0.0,"played":[0.9998,2.0E-4],"evs":[0.0,-1.15812]},"K8o":{"weight":0.0,"played":[0.9764,0.0236],"evs":[0.0,-1.27638]},"A8o":{"weight":0.0,"played":[0.9844,0.0156],"evs":[0.0,-0.38625]},"92s":{"weight":0.0,"played":[0.9955,0.0045],"evs":[0.0,-1.7215]},"93s":{"weight":0.0,"played":[0.5399,0.4601],"evs":[0.0,0.19696]},"94s":{"weight":0.0,"played":[0.9997,3.0E-4],"evs":[0.0,-1.09204]},"95s":{"weight":0.0,"played":[0.8833,0.1167],"evs":[0.0,-0.43114]},"96s":{"weight":0.0,"played":[0.9388,0.0612],"evs":[0.0,-0.37785]},"97s":{"weight":0.0,"played":[0.8711,0.1289],"evs":[0.0,-0.61127]},"98s":{"weight":0.0,"played":[0.0303,0.9697],"evs":[0.0,0.30367]},"99":{"weight":0.0,"played":[0.0086,0.9914],"evs":[0.0,1.95908]},"T9o":{"weight":0.0,"played":[0.8763,0.1237],"evs":[0.0,-0.42948]},"J9o":{"weight":0.0,"played":[0.594,0.406],"evs":[0.0,-0.16113]},"Q9o":{"weight":0.0,"played":[0.761,0.239],"evs":[0.0,-0.98828]},"K9o":{"weight":0.0,"played":[0.8315,0.1685],"evs":[0.0,-1.2294]},"A9o":{"weight":0.0,"played":[0.9922,0.0078],"evs":[0.0,-0.82807]},"T2s":{"weight":0.0,"played":[0.9,0.1],"evs":[0.0,-0.31176]},"T3s":{"weight":0.0,"played":[0.6289,0.3711],"evs":[0.0,-0.71026]},"T4s":{"weight":0.0,"played":[0.5724,0.4276],"evs":[0.0,-0.24311]},"T5s":{"weight":0.0,"played":[0.8295,0.1705],"evs":[0.0,0.47886]},"T6s":{"weight":0.0,"played":[0.9879,0.0121],"evs":[0.0,-0.02096]},"T7s":{"weight":0.0,"played":[0.5755,0.4245],"evs":[0.0,0.53554]},"T8s":{"weight":0.0,"played":[0.2482,0.7518],"evs":[0.0,0.31745]},"T9s":{"weight":0.3329,"played":[0.0024,0.9976],"evs":[0.0,1.00231]},"TT":{"weight":0.0,"played":[8.0E-4,0.9992],"evs":[0.0,4.52792]},"JTo":{"weight":0.0,"played":[0.1182,0.8818],"evs":[0.0,0.26478]},"QTo":{"weight":0.0,"played":[0.9073,0.0927],"evs":[0.0,-0.73929]},"KTo":{"weight":0.0,"played":[0.2811,0.7189],"evs":[0.0,0.15936]},"ATo":{"weight":0.0,"played":[0.9473,0.0527],"evs":[0.0,-1.20735]},"J2s":{"weight":0.0,"played":[0.6247,0.3753],"evs":[0.0,-0.1901]},"J3s":{"weight":0.0,"played":[0.6433,0.3567],"evs":[0.0,-0.69932]},"J4s":{"weight":0.0,"played":[0.3855,0.6145],"evs":[0.0,0.74438]},"J5s":{"weight":0.0,"played":[0.9687,0.0313],"evs":[0.0,-0.67607]},"J6s":{"weight":0.0,"played":[0.7516,0.2484],"evs":[0.0,-0.46256]},"J7s":{"weight":0.0,"played":[0.1983,0.8017],"evs":[0.0,0.00514]},"J8s":{"weight":0.0,"played":[0.7903,0.2097],"evs":[0.0,-0.04247]},"J9s":{"weight":0.0216,"played":[4.0E-4,0.9996],"evs":[0.0,2.54679]},"JTs":{"weight":1.0,"played":[0.0145,0.9855],"evs":[0.0,1.68514]},"JJ":{"weight":0.0,"played":[0.0,1.0],"evs":[0.0,6.58495]},"QJo":{"weight":0.0012,"played":[0.5469,0.4531],"evs":[0.0,0.36968]},"KJo":{"weight":0.4177,"played":[0.3235,0.6765],"evs":[0.0,0.62967]},"AJo":{"weight":0.0,"played":[0.0024,0.9976],"evs":[0.0,0.78616]},"Q2s":{"weight":0.0,"played":[0.9369,0.0631],"evs":[0.0,0.07554]},"Q3s":{"weight":0.0,"played":[0.8217,0.1783],"evs":[0.0,-1.06871]},"Q4s":{"weight":0.0,"played":[0.9183,0.0817],"evs":[0.0,-1.05924]},"Q5s":{"weight":0.0,"played":[0.9171,0.0829],"evs":[0.0,-0.6244]},"Q6s":{"weight":0.0,"played":[0.9463,0.0537],"evs":[0.0,-0.11853]},"Q7s":{"weight":0.0,"played":[0.7231,0.2769],"evs":[0.0,-0.77986]},"Q8s":{"weight":0.0,"played":[0.7491,0.2509],"evs":[0.0,-0.09832]},"Q9s":{"weight":2.0E-4,"played":[0.8565,0.1435],"evs":[0.0,-0.25206]},"QTs":{"weight":1.0,"played":[0.534,0.466],"evs":[0.0,-0.27397]},"QJs":{"weight":1.0,"played":[0.0612,0.9388],"evs":[0.0,1.34228]},"QQ":{"weight":0.0,"played":[0.0,1.0],"evs":[0.0,8.46818]},"KQo":{"weight":1.0E-4,"played":[0.006,0.994],"evs":[0.0,1.5262]},"AQo":{"weight":0.0,"played":[9.0E-4,0.9991],"evs":[0.0,2.43519]},"K2s":{"weight":0.0,"played":[0.9929,0.0071],"evs":[0.0,-1.60478]},"K3s":{"weight":0.0,"played":[0.5169,0.4831],"evs":[0.0,-0.94043]},"K4s":{"weight":0.0,"played":[0.7334,0.2666],"evs":[0.0,-1.23708]},"K5s":{"weight":0.0,"played":[0.6065,0.3935],"evs":[0.0,-0.38413]},"K6s":{"weight":0.0,"played":[0.3615,0.6385],"evs":[0.0,-0.201]},"K7s":{"weight":0.0,"played":[0.0204,0.9796],"evs":[0.0,0.36776]},"K8s":{"weight":0.0,"played":[0.9098,0.0902],"evs":[0.0,-0.90847]},"K9s":{"weight":0.6086,"played":[0.2488,0.7512],"evs":[0.0,-0.48597]},"KTs":{"weight":0.9999,"played":[0.3417,0.6583],"evs":[0.0,0.28933]},"KJs":{"weight":0.2749,"played":[0.0787,0.9213],"evs":[0.0,2.53308]},"KQs":{"weight":4.0E-4,"played":[0.0144,0.9856],"evs":[0.0,0.61533]},"KK":{"weight":0.0,"played":[0.0,1.0],"evs":[0.0,10.36537]},"AKo":{"weight":0.0,"played":[0.0,1.0],"evs":[0.0,2.67182]},"A2s":{"weight":7.0E-4,"played":[0.747,0.253],"evs":[0.0,-0.46914]},"A3s":{"weight":0.5787,"played":[0.1641,0.8359],"evs":[0.0,0.00195]},"A4s":{"weight":0.9879,"played":[0.3735,0.6265],"evs":[0.0,0.43472]},"A5s":{"weight":0.1411,"played":[0.3223,0.6777],"evs":[0.0,0.44248]},"A6s":{"weight":0.0047,"played":[0.3218,0.6782],"evs":[0.0,0.5941]},"A7s":{"weight":0.0,"played":[0.9074,0.0926],"evs":[0.0,-0.33387]},"A8s":{"weight":0.0,"played":[0.049,0.951],"evs":[0.0,0.23141]},"A9s":{"weight":0.0,"played":[0.0588,0.9412],"evs":[0.0,1.02017]},"ATs":{"weight":0.0,"played":[0.1324,0.8676],"evs":[0.0,1.11837]},"AJs":{"weight":0.0,"played":[0.002,0.998],"evs":[0.0,3.38947]},"AQs":{"weight":0.0,"played":[3.0E-4,0.9997],"evs":[0.0,1.20091]},"AKs":{"weight":0.0,"played":[3.0E-4,0.9997],"evs":[0.0,4.06717]},"AA":{"weight":0.2137,"played":[0.0,1.0],"evs":[0.0,12.65153]}}}