{"player":3,"street":0,"children":2,"sequence":[{"player":0,"type":"F","amount":0,"street":0},{"player":1,"type":"R","amount":200000,"street":0},{"player":2,"type":"C","amount":200000,"street":0},{"player":3,"type":"R","amount":600000,"street":0},{"player":4,"type":"R","amount":2035000,"street":0},{"player":5,"type":"F","amount":0,"street":0},{"player":1,"type":"F","amount":0,"street":0},{"player":2,"type":"C","amount":785000,"street":0}],"actions":[{"type":"F","amount":0},{"type":"C","amount":1305000}],"hands":{"22":{"weight":0.0,"played":[1.0E-4,0.9999],"evs":[0.0,2.34525]},"32o":{"weight":0.0,"played":[0.9999,1.0E-4],"evs":[0.0,-1.82383]},"42o":{"weight":0.0,"played":[0.9784,0.0216],"evs":[0.0,-1.63501]},"52o":{"weight":0.0,"played":[0.9956,0.0044],"evs":[0.0,-1.55924]},"62o":{"weight":0.0,"played":[0.9968,0.0032],"evs":[0.0,-1.84751]},"72o":{"weight":0.0,"played":[0.9998,2.0E-4],"evs":[0.0,-2.33018]},"82o":{"weight":0.0,"played":[0.9979,0.0021],"evs":[0.0,-1.92006]},"92o":{"weight":0.0,"played":[1.0,0.0],"evs":[0.0,-2.03015]},"T2o":{"weight":0.0,"played":[0.9987,0.0013],"evs":[0.0,-1.95507]},"J2o":{"weight":0.0,"played":[1.0,0.0],"evs":[0.0,-2.70978]},"Q2o":{"weight":0.0,"played":[0.9918,0.0082],"evs":[0.0,-0.994]},"K2o":{"weight":0.0,"played":[0.8814,0.1186],"evs":[0.0,-0.35978]},"A2o":{"weight":0.0,"played":[0.9558,0.0442],"evs":[0.0,-0.04587]},"32s":{"weight":0.0,"played":[0.4723,0.5277],"evs":[0.0,0.01393]},"33":{"weight":0.0,"played":[0.0,1.0],"evs":[0.0,1.99455]},"43o":{"weight":0.0,"played":[0.9914,0.0086],"evs":[0.0,-0.46703]},"53o":{"weight":0.0,"played":[0.9816,0.0184],"evs":[0.0,-0.84897]},"63o":{"weight":0.0,"played":[0.9976,0.0024],"evs":[0.0,-1.18089]},"73o":{"weight":0.0,"played":[0.9847,0.0153],"evs":[0.0,-1.68173]},"83o":{"weight":0.0,"played":[0.9896,0.0104],"evs":[0.0,-1.52007]},"93o":{"weight":0.0,"played":[0.9996,4.0E-4],"evs":[0.0,-1.37047]},"T3o":{"weight":0.0,"played":[0.9785,0.0215],"evs":[0.0,-2.6145]},"J3o":{"weight":0.0,"played":[0.9992,8.0E-4],"evs":[0.0,-1.84532]},"Q3o":{"weight":0.0,"played":[0.946,0.054],"evs":[0.0,-1.52533]},"K3o":{"weight":0.0,"played":[0.9856,0.0144],"evs":[0.0,-0.91005]},"A3o":{"weight":0.0,"played":[0.3086,0.6914],"evs":[0.0,0.40104]},"42s":{"weight":0.0,"played":[0.9125,0.0875],"evs":[0.0,-0.71831]},"43s":{"weight":0.0,"played":[0.3603,0.6397],"evs":[0.0,0.2926]},"44":{"weight":0.0,"played":[1.0E-4,0.9999],"evs":[0.0,2.70039]},"54o":{"weight":0.0,"played":[0.709,0.291],"evs":[0.0,-0.09286]},"64o":{"weight":0.0,"played":[0.9873,0.0127],"evs":[0.0,-1.07978]},"74o":{"weight":0.0,"played":[0.9547,0.0453],"evs":[0.0,-1.02164]},"84o":{"weight":0.0,"played":[0.9995,5.0E-4],"evs":[0.0,-1.23453]},"94o":{"weight":0.0,"played":[0.9994,6.0E-4],"evs":[0.0,-2.00026]},"T4o":{"weight":0.0,"played":[0.999,0.001],"evs":[0.0,-2.72114]},"J4o":{"weight":0.0,"played":[1.0,0.0],"evs":[0.0,-2.16456]},"Q4o":{"weight":0.0,"played":[0.9925,0.0075],"evs":[0.0,-1.06259]},"K4o":{"weight":0.0,"played":[0.8692,0.1308],"evs":[0.0,-1.18722]},"A4o":{"weight":0.0,"played":[0.0,1.0],"evs":[0.0,0.66166]},"52s":{"weight":0.0,"played":[0.6256,0.3744],"evs":[0.0,-0.72556]},"53s":{"weight":0.0,"played":[0.2348,0.7652],"evs":[0.0,0.16485]},"54s":{"weight":0.0,"played":[0.0021,0.9979],"evs":[0.0,0.9754]},"55":{"weight":0.028,"played":[1.0E-4,0.9999],"evs":[0.0,2.81872]},"65o":{"weight":0.0,"played":[0.2442,0.7558],"evs":[0.0,0.12742]},"75o":{"weight":0.0,"played":[0.3389,0.6611],"evs":[0.0,0.43312]},"85o":{"weight":0.0,"played":[0.9232,0.0768],"evs":[0.0,-0.6573]},"95o":{"weight":0.0,"played":[0.9865,0.0135],"evs":[0.0,-0.6817]},"T5o":{"weight":0.0,"played":[0.9988,0.0012],"evs":[0.0,-1.1483]},"J5o":{"weight":0.0,"played":[0.9869,0.0131],"evs":[0.0,-1.82628]},"Q5o":{"weight":0.0,"played":[0.977,0.023],"evs":[0.0,-0.89504]},"K5o":{"weight":0.0,"played":[0.1523,0.8477],"evs":[0.0,-0.20162]},"A5o":{"weight":0.0,"played":[0.123,0.877],"evs":[0.0,1.03777]},"62s":{"weight":0.0,"played":[0.3891,0.6109],"evs":[0.0,0.00437]},"63s":{"weight":0.0,"played":[0.7574,0.2426],"evs":[0.0,-0.5691]},"64s":{"weight":0.0,"played":[0.1961,0.8039],"evs":[0.0,0.5852]},"65s":{"weight":0.0,"played":[0.003,0.997],"evs":[0.0,2.91774]},"66":{"weight":0.0,"played":[0.0,1.0],"evs":[0.0,4.0289]},"76o":{"weight":0.0,"played":[0.2524,0.7476],"evs":[0.0,0.33113]},"86o":{"weight":0.0,"played":[0.5449,0.4551],"evs":[0.0,0.03524]},"96o":{"weight":0.0,"played":[0.4886,0.5114],"evs":[0.0,0.21089]},"T6o":{"weight":0.0,"played":[0.8678,0.1322],"evs":[0.0,-0.76496]},"J6o":{"weight":0.0,"played":[0.9275,0.0725],"evs":[0.0,-0.92328]},"Q6o":{"weight":0.0,"played":[0.8987,0.1013],"evs":[0.0,-0.35918]},"K6o":{"weight":0.0,"played":[0.0671,0.9329],"evs":[0.0,0.91675]},"A6o":{"weight":0.0,"played":[0.3147,0.6853],"evs":[0.0,-0.01564]},"72s":{"weight":0.0,"played":[0.9821,0.0179],"evs":[0.0,-0.78344]},"73s":{"weight":0.0,"played":[0.008,0.992],"evs":[0.0,1.25091]},"74s":{"weight":0.0,"played":[0.604,0.396],"evs":[0.0,0.07527]},"75s":{"weight":0.0,"played":[0.0039,0.9961],"evs":[0.0,0.78179]},"76s":{"weight":0.0,"played":[0.121,0.879],"evs":[0.0,1.43267]},"77":{"weight":3.0E-4,"played":[0.0,1.0],"evs":[0.0,4.87752]},"87o":{"weight":0.0,"played":[0.0036,0.9964],"evs":[0.0,0.44382]},"97o":{"weight":0.0,"played":[0.0183,0.9817],"evs":[0.0,0.37475]},"T7o":{"weight":0.0,"played":[0.4556,0.5444],"evs":[0.0,-0.31387]},"J7o":{"weight":0.0,"played":[0.8199,0.1801],"evs":[0.0,-0.40117]},"Q7o":{"weight":0.0,"played":[0.7191,0.2809],"evs":[0.0,-0.41788]},"K7o":{"weight":0.0,"played":[0.0,1.0],"evs":[0.0,0.57533]},"A7o":{"weight":0.0,"played":[0.241,0.759],"evs":[0.0,1.33471]},"82s":{"weight":0.0,"played":[0.989,0.011],"evs":[0.0,-0.54943]},"83s":{"weight":0.0,"played":[0.8905,0.1095],"evs":[0.0,-0.49248]},"84s":{"weight":0.0,"played":[0.5674,0.4326],"evs":[0.0,-0.60184]},"85s":{"weight":0.0,"played":[0.1727,0.8273],"evs":[0.0,0.97995]},"86s":{"weight":0.0,"played":[0.0033,0.9967],"evs":[0.0,2.17555]},"87s":{"weight":0.0,"played":[0.0105,0.9895],"evs":[0.0,2.83327]},"88":{"weight":0.0534,"played":[0.0,1.0],"evs":[0.0,5.93168]},"98o":{"weight":0.0,"played":[9.0E-4,0.9991],"evs":[0.0,0.84883]},"T8o":{"weight":0.0,"played":[0.5068,0.4932],"evs":[0.0,-0.30009]},"J8o":{"weight":0.0,"played":[0.3212,0.6788],"evs":[0.0,0.0702]},"Q8o":{"weight":0.0,"played":[0.0015,0.9985],"evs":[0.0,0.84276]},"K8o":{"weight":0.0,"played":[0.4241,0.5759],"evs":[0.0,0.31925]},"A8o":{"weight":0.0022,"played":[0.0,1.0],"evs":[0.0,1.47052]},"92s":{"weight":0.0,"played":[0.1023,0.8977],"evs":[0.0,0.34911]},"93s":{"weight":0.0,"played":[0.7044,0.2956],"evs":[0.0,-0.34657]},"94s":{"weight":0.0,"played":[0.6919,0.3081],"evs":[0.0,-0.45514]},"95s":{"weight":0.0,"played":[0.5259,0.4741],"evs":[0.0,0.44871]},"96s":{"weight":0.0,"played":[0.0236,0.9764],"evs":[0.0,0.96193]},"97s":{"weight":0.0,"played":[0.0026,0.9974],"evs":[0.0,2.19065]},"98s":{"weight":0.0,"played":[1.0E-4,0.9999],"evs":[0.0,2.88329]},"99":{"weight":0.0519,"played":[0.0,1.0],"evs":[0.0,8.18984]},"T9o":{"weight":0.0,"played":[0.0431,0.9569],"evs":[0.0,1.20598]},"J9o":{"weight":0.0,"played":[0.2424,0.7576],"evs":[0.0,0.15148]},"Q9o":{"weight":0.0,"played":[0.0676,0.9324],"evs":[0.0,0.80905]},"K9o":{"weight":0.0,"played":[0.0301,0.9699],"evs":[0.0,0.89252]},"A9o":{"weight":6.0E-4,"played":[0.0,1.0],"evs":[0.0,2.45327]},"T2s":{"weight":0.0,"played":[0.7304,0.2696],"evs":[0.0,0.35704]},"T3s":{"weight":0.0,"played":[0.465,0.535],"evs":[0.0,-0.14261]},"T4s":{"weight":0.0,"played":[0.9673,0.0327],"evs":[0.0,-1.16854]},"T5s":{"weight":0.0,"played":[0.8059,0.1941],"evs":[0.0,-0.62236]},"T6s":{"weight":0.0,"played":[5.0E-4,0.9995],"evs":[0.0,2.01533]},"T7s":{"weight":0.0,"played":[0.0188,0.9812],"evs":[0.0,0.55564]},"T8s":{"weight":0.0,"played":[0.0024,0.9976],"evs":[0.0,1.44474]},"T9s":{"weight":0.0,"played":[0.0,1.0],"evs":[0.0,3.52416]},"TT":{"weight":0.1528,"played":[0.0,1.0],"evs":[0.0,9.62259]},"JTo":{"weight":0.0,"played":[4.0E-4,0.9996],"evs":[0.0,0.49174]},"QTo":{"weight":0.0,"played":[2.0E-4,0.9998],"evs":[0.0,1.36192]},"KTo":{"weight":0.0,"played":[0.0,1.0],"evs":[0.0,1.96719]},"ATo":{"weight":2.0E-4,"played":[0.0,1.0],"evs":[0.0,3.37052]},"J2s":{"weight":0.0,"played":[0.7694,0.2306],"evs":[0.0,-0.36475]},"J3s":{"weight":0.0,"played":[0.0016,0.9984],"evs":[0.0,0.17805]},"J4s":{"weight":0.0,"played":[0.7041,0.2959],"evs":[0.0,-0.54793]},"J5s":{"weight":0.0,"played":[0.3309,0.6691],"evs":[0.0,0.70293]},"J6s":{"weight":0.0,"played":[0.7101,0.2899],"evs":[0.0,-0.50633]},"J7s":{"weight":0.0,"played":[0.0039,0.9961],"evs":[0.0,1.96058]},"J8s":{"weight":0.0,"played":[0.0105,0.9895],"evs":[0.0,1.53188]},"J9s":{"weight":0.0,"played":[0.0048,0.9952],"evs":[0.0,2.38536]},"JTs":{"weight":0.0,"played":[4.0E-4,0.9996],"evs":[0.0,2.33397]},"JJ":{"weight":0.0351,"played":[0.0,1.0],"evs":[0.0,11.49439]},"QJo":{"weight":0.0,"played":[1.0E-4,0.9999],"evs":[0.0,2.22978]},"KJo":{"weight":0.0974,"played":[0.0,1.0],"evs":[0.0,2.28658]},"AJo":{"weight":0.0094,"played":[0.0,1.0],"evs":[0.0,3.87626]},"Q2s":{"weight":0.0,"played":[0.5881,0.4119],"evs":[0.0,-0.5408]},"Q3s":{"weight":0.0,"played":[0.5418,0.4582],"evs":[0.0,0.44896]},"Q4s":{"weight":0.0,"played":[0.0027,0.9973],"evs":[0.0,0.71648]},"Q5s":{"weight":0.0,"played":[0.0505,0.9495],"evs":[0.0,0.50726]},"Q6s":{"weight":0.0,"played":[2.0E-4,0.9998],"evs":[0.0,2.1922]},"Q7s":{"weight":0.0,"played":[0.0478,0.9522],"evs":[0.0,0.72694]},"Q8s":{"weight":0.0,"played":[0.0626,0.9374],"evs":[0.0,2.49711]},"Q9s":{"weight":0.0,"played":[0.13,0.87],"evs":[0.0,1.90291]},"QTs":{"weight":0.0,"played":[1.0E-4,0.9999],"evs":[0.0,2.32515]},"QJs":{"weight":1.0E-4,"played":[0.002,0.998],"evs":[0.0,3.89306]},"QQ":{"weight":0.0017,"played":[0.0,1.0],"evs":[0.0,15.41132]},"KQo":{"weight":0.0167,"played":[1.0E-4,0.9999],"evs":[0.0,3.34754]},"AQo":{"weight":0.0216,"played":[0.0,1.0],"evs":[0.0,5.40022]},"K2s":{"weight":0.0,"played":[0.261,0.739],"evs":[0.0,0.69472]},"K3s":{"weight":0.0,"played":[0.072,0.928],"evs":[0.0,0.64234]},"K4s":{"weight":0.0,"played":[3.0E-4,0.9997],"evs":[0.0,1.26795]},"K5s":{"weight":0.0,"played":[0.0684,0.9316],"evs":[0.0,0.75302]},"K6s":{"weight":0.0,"played":[0.0055,0.9945],"evs":[0.0,0.72239]},"K7s":{"weight":0.0,"played":[0.0124,0.9876],"evs":[0.0,0.90344]},"K8s":{"weight":0.0,"played":[0.0,1.0],"evs":[0.0,2.51374]},"K9s":{"weight":0.0,"played":[0.0,1.0],"evs":[0.0,3.45403]},"KTs":{"weight":0.0026,"played":[1.0E-4,0.9999],"evs":[0.0,4.56126]},"KJs":{"weight":0.127,"played":[0.0,1.0],"evs":[0.0,3.18429]},"KQs":{"weight":0.0212,"played":[0.0,1.0],"evs":[0.0,4.55054]},"KK":{"weight":0.0062,"played":[0.0,1.0],"evs":[0.0,18.12257]},"AKo":{"weight":0.0321,"played":[0.0,1.0],"evs":[0.0,8.13161]},"A2s":{"weight":0.0,"played":[6.0E-4,0.9994],"evs":[0.0,2.43973]},"A3s":{"weight":0.0,"played":[6.0E-4,0.9994],"evs":[0.0,3.97797]},"A4s":{"weight":0.008,"played":[0.0061,0.9939],"evs":[0.0,2.00912]},"A5s":{"weight":0.0139,"played":[1.0E-4,0.9999],"evs":[0.0,1.4567]},"A6s":{"weight":0.0,"played":[0.0,1.0],"evs":[0.0,3.3963]},"A7s":{"weight":0.0599,"played":[0.0,1.0],"evs":[0.0,2.5994]},"A8s":{"weight":0.0216,"played":[0.0,1.0],"evs":[0.0,3.14339]},"A9s":{"weight":0.0826,"played":[3.0E-4,0.9997],"evs":[0.0,4.55547]},"ATs":{"weight":0.0795,"played":[6.0E-4,0.9994],"evs":[0.0,5.20988]},"AJs":{"weight":0.0037,"played":[3.0E-4,0.9997],"evs":[0.0,5.67248]},"AQs":{"weight":0.2499,"played":[0.0,1.0],"evs":[0.0,7.81774]},"AKs":{"weight":0.0732,"played":[2.0E-4,0.9998],"evs":[0.0,10.43234]},"AA":{"weight":0.0758,"played":[0.0,1.0],"evs":[0.0,22.0926]}}}