{"player":2,"street":0,"children":2,"sequence":[{"player":0,"type":"F","amount":0,"street":0},{"player":1,"type":"R","amount":200000,"street":0},{"player":2,"type":"C","amount":200000,"street":0},{"player":3,"type":"R","amount":600000,"street":0},{"player":4,"type":"R","amount":2035000,"street":0},{"player":5,"type":"F","amount":0,"street":0},{"player":1,"type":"C","amount":1835000,"street":0}],"actions":[{"type":"F","amount":0,"node":184},{"type":"C","amount":785000,"node":185}],"hands":{"22":{"weight":0.0,"played":[0.7427,0.2573],"evs":[0.0,-0.46261]},"32o":{"weight":0.0,"played":[0.9993,7.0E-4],"evs":[0.0,-2.06412]},"42o":{"weight":0.0,"played":[0.9996,4.0E-4],"evs":[0.0,-1.42991]},"52o":{"weight":0.0,"played":[0.9997,3.0E-4],"evs":[0.0,-1.85865]},"62o":{"weight":0.0,"played":[0.9995,5.0E-4],"evs":[0.0,-2.11341]},"72o":{"weight":0.0,"played":[1.0,0.0],"evs":[0.0,-2.67866]},"82o":{"weight":0.0,"played":[0.9999,1.0E-4],"evs":[0.0,-2.37156]},"92o":{"weight":0.0,"played":[0.9999,1.0E-4],"evs":[0.0,-2.6884]},"T2o":{"weight":0.0,"played":[0.9999,1.0E-4],"evs":[0.0,-2.3325]},"J2o":{"weight":0.0,"played":[0.9953,0.0047],"evs":[0.0,-2.89457]},"Q2o":{"weight":0.0,"played":[0.9992,8.0E-4],"evs":[0.0,-2.63632]},"K2o":{"weight":0.0,"played":[0.9895,0.0105],"evs":[0.0,-1.50618]},"A2o":{"weight":0.0,"played":[0.9917,0.0083],"evs":[0.0,-1.9247]},"32s":{"weight":0.0,"played":[0.5116,0.4884],"evs":[0.0,-0.44257]},"33":{"weight":0.0,"played":[0.164,0.836],"evs":[0.0,0.42444]},"43o":{"weight":0.0,"played":[0.9492,0.0508],"evs":[0.0,-1.23139]},"53o":{"weight":0.0,"played":[1.0,0.0],"evs":[0.0,-0.90023]},"63o":{"weight":0.0,"played":[0.9993,7.0E-4],"evs":[0.0,-1.24062]},"73o":{"weight":0.0,"played":[0.9999,1.0E-4],"evs":[0.0,-2.32458]},"83o":{"weight":0.0,"played":[1.0,0.0],"evs":[0.0,-2.76992]},"93o":{"weight":0.0,"played":[0.9969,0.0031],"evs":[0.0,-2.40695]},"T3o":{"weight":0.0,"played":[0.9996,4.0E-4],"evs":[0.0,-2.52856]},"J3o":{"weight":0.0,"played":[0.9989,0.0011],"evs":[0.0,-2.39352]},"Q3o":{"weight":0.0,"played":[0.9922,0.0078],"evs":[0.0,-2.47889]},"K3o":{"weight":0.0,"played":[0.9676,0.0324],"evs":[0.0,-2.31577]},"A3o":{"weight":0.0,"played":[0.9932,0.0068],"evs":[0.0,-1.40516]},"42s":{"weight":0.0,"played":[0.7563,0.2437],"evs":[0.0,-0.83475]},"43s":{"weight":0.0,"played":[0.0663,0.9337],"evs":[0.0,1.36324]},"44":{"weight":0.2944,"played":[0.3238,0.6762],"evs":[0.0,0.09398]},"54o":{"weight":0.0,"played":[0.9049,0.0951],"evs":[0.0,-0.54272]},"64o":{"weight":0.0,"played":[0.983,0.017],"evs":[0.0,-0.87688]},"74o":{"weight":0.0,"played":[0.9819,0.0181],"evs":[0.0,-1.62827]},"84o":{"weight":0.0,"played":[0.9966,0.0034],"evs":[0.0,-2.25937]},"94o":{"weight":0.0,"played":[0.9993,7.0E-4],"evs":[0.0,-1.58696]},"T4o":{"weight":0.0,"played":[0.9994,6.0E-4],"evs":[0.0,-2.07626]},"J4o":{"weight":0.0,"played":[0.9995,5.0E-4],"evs":[0.0,-1.99324]},"Q4o":{"weight":0.0,"played":[0.999,0.001],"evs":[0.0,-2.23288]},"K4o":{"weight":0.0,"played":[0.9624,0.0376],"evs":[0.0,-2.12117]},"A4o":{"weight":0.0,"played":[0.9973,0.0027],"evs":[0.0,-2.69803]},"52s":{"weight":0.0,"played":[0.9605,0.0395],"evs":[0.0,-1.10745]},"53s":{"weight":0.0,"played":[0.3006,0.6994],"evs":[0.0,1.0767]},"54s":{"weight":0.0,"played":[0.9616,0.0384],"evs":[0.0,-0.46723]},"55":{"weight":0.8068,"played":[0.1112,0.8888],"evs":[0.0,0.42466]},"65o":{"weight":0.0,"played":[0.9604,0.0396],"evs":[0.0,-0.11479]},"75o":{"weight":0.0,"played":[0.9888,0.0112],"evs":[0.0,-1.04674]},"85o":{"weight":0.0,"played":[0.9939,0.0061],"evs":[0.0,-1.33622]},"95o":{"weight":0.0,"played":[0.9996,4.0E-4],"evs":[0.0,-2.47462]},"T5o":{"weight":0.0,"played":[0.9982,0.0018],"evs":[0.0,-1.88527]},"J5o":{"weight":0.0,"played":[0.9986,0.0014],"evs":[0.0,-1.95862]},"Q5o":{"weight":0.0,"played":[0.9997,3.0E-4],"evs":[0.0,-2.18705]},"K5o":{"weight":0.0,"played":[0.9877,0.0123],"evs":[0.0,-2.36053]},"A5o":{"weight":0.0,"played":[0.978,0.022],"evs":[0.0,-1.29293]},"62s":{"weight":0.0,"played":[0.1594,0.8406],"evs":[0.0,0.20708]},"63s":{"weight":0.0,"played":[0.9322,0.0678],"evs":[0.0,-0.88735]},"64s":{"weight":0.0,"played":[0.4536,0.5464],"evs":[0.0,0.03228]},"65s":{"weight":0.0,"played":[0.0082,0.9918],"evs":[0.0,1.26053]},"66":{"weight":0.0905,"played":[0.0428,0.9572],"evs":[0.0,0.00441]},"76o":{"weight":0.0,"played":[0.9044,0.0956],"evs":[0.0,-0.79134]},"86o":{"weight":0.0,"played":[0.8572,0.1428],"evs":[0.0,-1.35691]},"96o":{"weight":0.0,"played":[0.9432,0.0568],"evs":[0.0,-2.00766]},"T6o":{"weight":0.0,"played":[0.9983,0.0017],"evs":[0.0,-2.20018]},"J6o":{"weight":0.0,"played":[0.9983,0.0017],"evs":[0.0,-2.49813]},"Q6o":{"weight":0.0,"played":[0.9995,5.0E-4],"evs":[0.0,-2.00252]},"K6o":{"weight":0.0,"played":[0.9768,0.0232],"evs":[0.0,-1.71212]},"A6o":{"weight":0.0,"played":[0.9924,0.0076],"evs":[0.0,-2.63365]},"72s":{"weight":0.0,"played":[0.9906,0.0094],"evs":[0.0,-1.37364]},"73s":{"weight":0.0,"played":[0.9101,0.0899],"evs":[0.0,-1.01051]},"74s":{"weight":0.0,"played":[0.775,0.225],"evs":[0.0,-0.35457]},"75s":{"weight":0.0,"played":[0.5983,0.4017],"evs":[0.0,-0.64934]},"76s":{"weight":0.0,"played":[0.6938,0.3062],"evs":[0.0,0.34523]},"77":{"weight":1.0E-4,"played":[0.0792,0.9208],"evs":[0.0,-0.02737]},"87o":{"weight":0.0,"played":[0.9498,0.0502],"evs":[0.0,-0.67]},"97o":{"weight":0.0,"played":[0.9986,0.0014],"evs":[0.0,-1.46425]},"T7o":{"weight":0.0,"played":[0.98,0.02],"evs":[0.0,-2.36643]},"J7o":{"weight":0.0,"played":[0.9946,0.0054],"evs":[0.0,-2.00516]},"Q7o":{"weight":0.0,"played":[0.9964,0.0036],"evs":[0.0,-2.56954]},"K7o":{"weight":0.0,"played":[0.9846,0.0154],"evs":[0.0,-2.36427]},"A7o":{"weight":0.0,"played":[1.0,0.0],"evs":[0.0,-1.76222]},"82s":{"weight":0.0,"played":[0.9993,7.0E-4],"evs":[0.0,-1.31297]},"83s":{"weight":0.0,"played":[0.9647,0.0353],"evs":[0.0,-1.66767]},"84s":{"weight":0.0,"played":[0.3455,0.6545],"evs":[0.0,0.70818]},"85s":{"weight":0.0,"played":[0.226,0.774],"evs":[0.0,0.35281]},"86s":{"weight":0.0,"played":[0.4868,0.5132],"evs":[0.0,-0.1524]},"87s":{"weight":0.0,"played":[0.4436,0.5564],"evs":[0.0,0.7855]},"88":{"weight":0.0,"played":[0.0091,0.9909],"evs":[0.0,1.26942]},"98o":{"weight":0.0,"played":[0.9759,0.0241],"evs":[0.0,-1.07138]},"T8o":{"weight":0.0,"played":[0.9854,0.0146],"evs":[0.0,-1.45361]},"J8o":{"weight":0.0,"played":[0.9628,0.0372],"evs":[0.0,-1.48163]},"Q8o":{"weight":0.0,"played":[0.9959,0.0041],"evs":[0.0,-1.98705]},"K8o":{"weight":0.0,"played":[0.9958,0.0042],"evs":[0.0,-1.09566]},"A8o":{"weight":0.0,"played":[0.9734,0.0266],"evs":[0.0,-2.40936]},"92s":{"weight":0.0,"played":[0.9976,0.0024],"evs":[0.0,-2.13721]},"93s":{"weight":0.0,"played":[0.9606,0.0394],"evs":[0.0,-0.93365]},"94s":{"weight":0.0,"played":[0.9974,0.0026],"evs":[0.0,-1.18869]},"95s":{"weight":0.0,"played":[0.711,0.289],"evs":[0.0,-0.93824]},"96s":{"weight":0.0,"played":[4.0E-4,0.9996],"evs":[0.0,1.29364]},"97s":{"weight":0.0,"played":[0.9815,0.0185],"evs":[0.0,-0.31244]},"98s":{"weight":0.0,"played":[0.3876,0.6124],"evs":[0.0,0.34324]},"99":{"weight":0.0,"played":[1.0E-4,0.9999],"evs":[0.0,2.62034]},"T9o":{"weight":0.0,"played":[0.9723,0.0277],"evs":[0.0,-0.5286]},"J9o":{"weight":0.0,"played":[0.9866,0.0134],"evs":[0.0,-1.02791]},"Q9o":{"weight":0.0,"played":[0.9455,0.0545],"evs":[0.0,-1.38787]},"K9o":{"weight":0.0,"played":[0.9665,0.0335],"evs":[0.0,-0.78213]},"A9o":{"weight":0.0,"played":[0.9831,0.0169],"evs":[0.0,-0.86815]},"T2s":{"weight":0.0,"played":[0.9994,6.0E-4],"evs":[0.0,-1.81764]},"T3s":{"weight":0.0,"played":[0.9914,0.0086],"evs":[0.0,-1.53191]},"T4s":{"weight":0.0,"played":[0.9144,0.0856],"evs":[0.0,-0.51337]},"T5s":{"weight":0.0,"played":[0.9834,0.0166],"evs":[0.0,-1.18271]},"T6s":{"weight":0.0,"played":[0.8733,0.1267],"evs":[0.0,-0.89116]},"T7s":{"weight":0.0,"played":[0.6324,0.3676],"evs":[0.0,-0.37681]},"T8s":{"weight":0.0,"played":[0.9433,0.0567],"evs":[0.0,0.21869]},"T9s":{"weight":0.3329,"played":[0.1263,0.8737],"evs":[0.0,0.42682]},"TT":{"weight":0.0,"played":[5.0E-4,0.9995],"evs":[0.0,3.25872]},"JTo":{"weight":0.0,"played":[0.7428,0.2572],"evs":[0.0,-0.76683]},"QTo":{"weight":0.0,"played":[0.7879,0.2121],"evs":[0.0,-0.51515]},"KTo":{"weight":0.0,"played":[0.9414,0.0586],"evs":[0.0,-0.48156]},"ATo":{"weight":0.0,"played":[0.681,0.319],"evs":[0.0,-1.25252]},"J2s":{"weight":0.0,"played":[0.9902,0.0098],"evs":[0.0,-1.88293]},"J3s":{"weight":0.0,"played":[0.999,0.001],"evs":[0.0,-0.27086]},"J4s":{"weight":0.0,"played":[0.5797,0.4203],"evs":[0.0,-0.22996]},"J5s":{"weight":0.0,"played":[0.4439,0.5561],"evs":[0.0,-0.52651]},"J6s":{"weight":0.0,"played":[0.1271,0.8729],"evs":[0.0,0.34226]},"J7s":{"weight":0.0,"played":[0.9014,0.0986],"evs":[0.0,-2.83371]},"J8s":{"weight":0.0,"played":[0.9559,0.0441],"evs":[0.0,-0.88481]},"J9s":{"weight":0.0216,"played":[0.7958,0.2042],"evs":[0.0,-0.11813]},"JTs":{"weight":1.0,"played":[0.2558,0.7442],"evs":[0.0,0.92133]},"JJ":{"weight":0.0,"played":[0.0119,0.9881],"evs":[0.0,2.66362]},"QJo":{"weight":0.0012,"played":[0.9807,0.0193],"evs":[0.0,-1.01431]},"KJo":{"weight":0.4177,"played":[0.5119,0.4881],"evs":[0.0,-0.72082]},"AJo":{"weight":0.0,"played":[0.8761,0.1239],"evs":[0.0,-0.77207]},"Q2s":{"weight":0.0,"played":[0.9805,0.0195],"evs":[0.0,-0.58971]},"Q3s":{"weight":0.0,"played":[0.9973,0.0027],"evs":[0.0,-1.81278]},"Q4s":{"weight":0.0,"played":[0.7933,0.2067],"evs":[0.0,-0.10421]},"Q5s":{"weight":0.0,"played":[0.9561,0.0439],"evs":[0.0,-1.02735]},"Q6s":{"weight":0.0,"played":[0.5638,0.4362],"evs":[0.0,-0.64024]},"Q7s":{"weight":0.0,"played":[0.9628,0.0372],"evs":[0.0,-0.71507]},"Q8s":{"weight":0.0,"played":[0.2221,0.7779],"evs":[0.0,0.73416]},"Q9s":{"weight":2.0E-4,"played":[0.8065,0.1935],"evs":[0.0,-0.58405]},"QTs":{"weight":1.0,"played":[0.1965,0.8035],"evs":[0.0,0.0461]},"QJs":{"weight":1.0,"played":[0.2168,0.7832],"evs":[0.0,0.27519]},"QQ":{"weight":0.0,"played":[1.0E-4,0.9999],"evs":[0.0,5.9639]},"KQo":{"weight":1.0E-4,"played":[0.7676,0.2324],"evs":[0.0,-0.36276]},"AQo":{"weight":0.0,"played":[0.0368,0.9632],"evs":[0.0,0.2284]},"K2s":{"weight":0.0,"played":[0.8508,0.1492],"evs":[0.0,-1.39821]},"K3s":{"weight":0.0,"played":[0.7843,0.2157],"evs":[0.0,-1.05379]},"K4s":{"weight":0.0,"played":[0.9546,0.0454],"evs":[0.0,-2.224]},"K5s":{"weight":0.0,"played":[0.2991,0.7009],"evs":[0.0,0.89162]},"K6s":{"weight":0.0,"played":[0.5554,0.4446],"evs":[0.0,-0.58347]},"K7s":{"weight":0.0,"played":[0.6817,0.3183],"evs":[0.0,-0.4239]},"K8s":{"weight":0.0,"played":[0.6417,0.3583],"evs":[0.0,-0.66459]},"K9s":{"weight":0.6086,"played":[0.6405,0.3595],"evs":[0.0,-1.36301]},"KTs":{"weight":0.9999,"played":[0.2353,0.7647],"evs":[0.0,0.84724]},"KJs":{"weight":0.2749,"played":[0.2441,0.7559],"evs":[0.0,0.76418]},"KQs":{"weight":4.0E-4,"played":[0.1749,0.8251],"evs":[0.0,-1.0E-5]},"KK":{"weight":0.0,"played":[0.0,1.0],"evs":[0.0,9.20158]},"AKo":{"weight":0.0,"played":[0.0,1.0],"evs":[0.0,3.63366]},"A2s":{"weight":7.0E-4,"played":[0.0068,0.9932],"evs":[0.0,0.65856]},"A3s":{"weight":0.5787,"played":[0.9226,0.0774],"evs":[0.0,-0.75142]},"A4s":{"weight":0.9879,"played":[0.8881,0.1119],"evs":[0.0,-0.68577]},"A5s":{"weight":0.1411,"played":[0.2929,0.7071],"evs":[0.0,0.61789]},"A6s":{"weight":0.0047,"played":[0.7994,0.2006],"evs":[0.0,-0.52943]},"A7s":{"weight":0.0,"played":[0.9976,0.0024],"evs":[0.0,-0.27163]},"A8s":{"weight":0.0,"played":[0.9838,0.0162],"evs":[0.0,-1.03293]},"A9s":{"weight":0.0,"played":[0.082,0.918],"evs":[0.0,0.64448]},"ATs":{"weight":0.0,"played":[0.0988,0.9012],"evs":[0.0,0.69626]},"AJs":{"weight":0.0,"played":[0.0078,0.9922],"evs":[0.0,1.0018]},"AQs":{"weight":0.0,"played":[0.039,0.961],"evs":[0.0,1.53667]},"AKs":{"weight":0.0,"played":[0.004,0.996],"evs":[0.0,4.10129]},"AA":{"weight":0.2137,"played":[0.0,1.0],"evs":[0.0,14.30543]}}}