{"player":5,"street":0,"children":2,"sequence":[{"player":0,"type":"F","amount":0,"street":0},{"player":1,"type":"R","amount":200000,"street":0},{"player":2,"type":"C","amount":200000,"street":0},{"player":3,"type":"R","amount":1905000,"street":0},{"player":4,"type":"F","amount":0,"street":0}],"actions":[{"type":"F","amount":0,"node":195},{"type":"C","amount":635000,"node":198}],"hands":{"22":{"weight":1.0,"played":[0.9479,0.0521],"evs":[0.0,-0.2221]},"32o":{"weight":1.0,"played":[1.0,0.0],"evs":[0.0,-1.60646]},"42o":{"weight":1.0,"played":[1.0,0.0],"evs":[0.0,-1.66578]},"52o":{"weight":1.0,"played":[1.0,0.0],"evs":[0.0,-1.47684]},"62o":{"weight":1.0,"played":[1.0,0.0],"evs":[0.0,-1.63309]},"72o":{"weight":1.0,"played":[1.0,0.0],"evs":[0.0,-1.84857]},"82o":{"weight":1.0,"played":[1.0,0.0],"evs":[0.0,-1.80812]},"92o":{"weight":1.0,"played":[1.0,0.0],"evs":[0.0,-1.67176]},"T2o":{"weight":1.0,"played":[1.0,0.0],"evs":[0.0,-1.97291]},"J2o":{"weight":1.0,"played":[1.0,0.0],"evs":[0.0,-1.9374]},"Q2o":{"weight":1.0,"played":[1.0,0.0],"evs":[0.0,-1.48936]},"K2o":{"weight":1.0,"played":[1.0,0.0],"evs":[0.0,-1.65439]},"A2o":{"weight":1.0,"played":[1.0,0.0],"evs":[0.0,-1.24999]},"32s":{"weight":1.0,"played":[0.9994,6.0E-4],"evs":[0.0,-0.90829]},"33":{"weight":1.0,"played":[0.8956,0.1044],"evs":[0.0,0.0396]},"43o":{"weight":1.0,"played":[1.0,0.0],"evs":[0.0,-1.32668]},"53o":{"weight":1.0,"played":[1.0,0.0],"evs":[0.0,-1.09828]},"63o":{"weight":1.0,"played":[1.0,0.0],"evs":[0.0,-1.2414]},"73o":{"weight":1.0,"played":[1.0,0.0],"evs":[0.0,-1.43943]},"83o":{"weight":1.0,"played":[1.0,0.0],"evs":[0.0,-1.4834]},"93o":{"weight":1.0,"played":[1.0,0.0],"evs":[0.0,-1.7517]},"T3o":{"weight":1.0,"played":[1.0,0.0],"evs":[0.0,-1.83035]},"J3o":{"weight":1.0,"played":[1.0,0.0],"evs":[0.0,-1.95253]},"Q3o":{"weight":1.0,"played":[1.0,0.0],"evs":[0.0,-1.65725]},"K3o":{"weight":1.0,"played":[1.0,0.0],"evs":[0.0,-1.60225]},"A3o":{"weight":1.0,"played":[1.0,0.0],"evs":[0.0,-1.06144]},"42s":{"weight":1.0,"played":[0.9999,1.0E-4],"evs":[0.0,-0.73262]},"43s":{"weight":1.0,"played":[0.9887,0.0113],"evs":[0.0,-0.5784]},"44":{"weight":1.0,"played":[0.0433,0.9567],"evs":[0.0,0.32354]},"54o":{"weight":1.0,"played":[1.0,0.0],"evs":[0.0,-0.78987]},"64o":{"weight":1.0,"played":[1.0,0.0],"evs":[0.0,-1.04911]},"74o":{"weight":1.0,"played":[1.0,0.0],"evs":[0.0,-1.251]},"84o":{"weight":1.0,"played":[1.0,0.0],"evs":[0.0,-1.45555]},"94o":{"weight":1.0,"played":[1.0,0.0],"evs":[0.0,-1.84334]},"T4o":{"weight":1.0,"played":[1.0,0.0],"evs":[0.0,-1.91081]},"J4o":{"weight":1.0,"played":[1.0,0.0],"evs":[0.0,-1.87744]},"Q4o":{"weight":1.0,"played":[1.0,0.0],"evs":[0.0,-1.67595]},"K4o":{"weight":1.0,"played":[1.0,0.0],"evs":[0.0,-1.64185]},"A4o":{"weight":1.0,"played":[1.0,0.0],"evs":[0.0,-0.99758]},"52s":{"weight":1.0,"played":[0.9976,0.0024],"evs":[0.0,-0.43039]},"53s":{"weight":1.0,"played":[0.9994,6.0E-4],"evs":[0.0,-0.4308]},"54s":{"weight":1.0,"played":[0.4957,0.5043],"evs":[0.0,0.19273]},"55":{"weight":1.0,"played":[0.0,1.0],"evs":[0.0,0.71794]},"65o":{"weight":1.0,"played":[0.9999,1.0E-4],"evs":[0.0,-0.56837]},"75o":{"weight":1.0,"played":[1.0,0.0],"evs":[0.0,-0.80478]},"85o":{"weight":1.0,"played":[1.0,0.0],"evs":[0.0,-0.88026]},"95o":{"weight":1.0,"played":[1.0,0.0],"evs":[0.0,-1.37688]},"T5o":{"weight":1.0,"played":[1.0,0.0],"evs":[0.0,-1.75274]},"J5o":{"weight":1.0,"played":[1.0,0.0],"evs":[0.0,-1.72887]},"Q5o":{"weight":1.0,"played":[1.0,0.0],"evs":[0.0,-1.34337]},"K5o":{"weight":1.0,"played":[1.0,0.0],"evs":[0.0,-1.26883]},"A5o":{"weight":1.0,"played":[0.9998,2.0E-4],"evs":[0.0,-0.60195]},"62s":{"weight":1.0,"played":[0.9993,7.0E-4],"evs":[0.0,-0.87177]},"63s":{"weight":1.0,"played":[0.9936,0.0064],"evs":[0.0,-0.55147]},"64s":{"weight":1.0,"played":[0.6425,0.3575],"evs":[0.0,0.1357]},"65s":{"weight":1.0,"played":[0.0139,0.9861],"evs":[0.0,0.31025]},"66":{"weight":1.0,"played":[5.0E-4,0.9995],"evs":[0.0,1.02522]},"76o":{"weight":1.0,"played":[1.0,0.0],"evs":[0.0,-0.47578]},"86o":{"weight":1.0,"played":[0.9999,1.0E-4],"evs":[0.0,-0.53113]},"96o":{"weight":1.0,"played":[1.0,0.0],"evs":[0.0,-1.16256]},"T6o":{"weight":1.0,"played":[0.9999,1.0E-4],"evs":[0.0,-1.22501]},"J6o":{"weight":1.0,"played":[1.0,0.0],"evs":[0.0,-1.47949]},"Q6o":{"weight":1.0,"played":[1.0,0.0],"evs":[0.0,-1.08695]},"K6o":{"weight":1.0,"played":[0.9999,1.0E-4],"evs":[0.0,-1.18901]},"A6o":{"weight":1.0,"played":[1.0,0.0],"evs":[0.0,-0.67257]},"72s":{"weight":1.0,"played":[1.0,0.0],"evs":[0.0,-0.89394]},"73s":{"weight":1.0,"played":[0.9998,2.0E-4],"evs":[0.0,-0.72126]},"74s":{"weight":1.0,"played":[0.9909,0.0091],"evs":[0.0,-0.30683]},"75s":{"weight":1.0,"played":[0.8811,0.1189],"evs":[0.0,0.01128]},"76s":{"weight":1.0,"played":[0.0028,0.9972],"evs":[0.0,0.36142]},"77":{"weight":1.0,"played":[0.0,1.0],"evs":[0.0,1.52971]},"87o":{"weight":1.0,"played":[0.9987,0.0013],"evs":[0.0,-0.37042]},"97o":{"weight":1.0,"played":[1.0,0.0],"evs":[0.0,-0.63876]},"T7o":{"weight":1.0,"played":[1.0,0.0],"evs":[0.0,-0.93947]},"J7o":{"weight":1.0,"played":[1.0,0.0],"evs":[0.0,-1.2996]},"Q7o":{"weight":1.0,"played":[1.0,0.0],"evs":[0.0,-1.12082]},"K7o":{"weight":1.0,"played":[1.0,0.0],"evs":[0.0,-1.12225]},"A7o":{"weight":1.0,"played":[0.9999,1.0E-4],"evs":[0.0,-0.56665]},"82s":{"weight":1.0,"played":[1.0,0.0],"evs":[0.0,-0.78457]},"83s":{"weight":1.0,"played":[0.9999,1.0E-4],"evs":[0.0,-1.08355]},"84s":{"weight":1.0,"played":[1.0,0.0],"evs":[0.0,-0.56814]},"85s":{"weight":1.0,"played":[0.9976,0.0024],"evs":[0.0,-0.08904]},"86s":{"weight":1.0,"played":[0.0263,0.9737],"evs":[0.0,0.40123]},"87s":{"weight":1.0,"played":[0.0045,0.9955],"evs":[0.0,0.61992]},"88":{"weight":1.0,"played":[0.0,1.0],"evs":[0.0,1.87123]},"98o":{"weight":1.0,"played":[0.9993,7.0E-4],"evs":[0.0,-0.47017]},"T8o":{"weight":1.0,"played":[1.0,0.0],"evs":[0.0,-0.75319]},"J8o":{"weight":1.0,"played":[1.0,0.0],"evs":[0.0,-0.90549]},"Q8o":{"weight":1.0,"played":[1.0,0.0],"evs":[0.0,-0.8911]},"K8o":{"weight":1.0,"played":[1.0,0.0],"evs":[0.0,-0.88046]},"A8o":{"weight":1.0,"played":[0.9988,0.0012],"evs":[0.0,-0.565]},"92s":{"weight":1.0,"played":[1.0,0.0],"evs":[0.0,-1.15704]},"93s":{"weight":1.0,"played":[1.0,0.0],"evs":[0.0,-1.05532]},"94s":{"weight":1.0,"played":[0.9993,7.0E-4],"evs":[0.0,-1.19069]},"95s":{"weight":1.0,"played":[0.9992,8.0E-4],"evs":[0.0,-0.42078]},"96s":{"weight":1.0,"played":[0.9963,0.0037],"evs":[0.0,-0.22007]},"97s":{"weight":1.0,"played":[0.1067,0.8933],"evs":[0.0,0.29764]},"98s":{"weight":1.0,"played":[0.011,0.989],"evs":[0.0,0.34549]},"99":{"weight":1.0,"played":[0.0,1.0],"evs":[0.0,2.20621]},"T9o":{"weight":1.0,"played":[0.9994,6.0E-4],"evs":[0.0,-0.50377]},"J9o":{"weight":1.0,"played":[1.0,0.0],"evs":[0.0,-0.69422]},"Q9o":{"weight":1.0,"played":[1.0,0.0],"evs":[0.0,-0.65033]},"K9o":{"weight":1.0,"played":[1.0,0.0],"evs":[0.0,-0.86548]},"A9o":{"weight":1.0,"played":[0.9999,1.0E-4],"evs":[0.0,-0.26636]},"T2s":{"weight":1.0,"played":[0.9999,1.0E-4],"evs":[0.0,-1.29258]},"T3s":{"weight":1.0,"played":[0.9999,1.0E-4],"evs":[0.0,-1.07351]},"T4s":{"weight":1.0,"played":[0.9985,0.0015],"evs":[0.0,-1.12163]},"T5s":{"weight":1.0,"played":[0.999,0.001],"evs":[0.0,-0.72559]},"T6s":{"weight":1.0,"played":[0.999,0.001],"evs":[0.0,-0.46769]},"T7s":{"weight":1.0,"played":[0.9985,0.0015],"evs":[0.0,-0.30477]},"T8s":{"weight":1.0,"played":[0.5464,0.4536],"evs":[0.0,0.15329]},"T9s":{"weight":1.0,"played":[0.003,0.997],"evs":[0.0,0.34439]},"TT":{"weight":1.0,"played":[0.0,1.0],"evs":[0.0,2.9904]},"JTo":{"weight":1.0,"played":[0.9991,9.0E-4],"evs":[0.0,-0.507]},"QTo":{"weight":1.0,"played":[0.9976,0.0024],"evs":[0.0,-0.31523]},"KTo":{"weight":1.0,"played":[0.9998,2.0E-4],"evs":[0.0,-0.41561]},"ATo":{"weight":1.0,"played":[0.0021,0.9979],"evs":[0.0,0.53441]},"J2s":{"weight":1.0,"played":[1.0,0.0],"evs":[0.0,-0.98379]},"J3s":{"weight":1.0,"played":[0.9996,4.0E-4],"evs":[0.0,-1.08806]},"J4s":{"weight":1.0,"played":[1.0,0.0],"evs":[0.0,-1.05062]},"J5s":{"weight":1.0,"played":[0.9999,1.0E-4],"evs":[0.0,-0.92036]},"J6s":{"weight":1.0,"played":[0.9947,0.0053],"evs":[0.0,-0.41421]},"J7s":{"weight":1.0,"played":[0.9968,0.0032],"evs":[0.0,-0.50353]},"J8s":{"weight":1.0,"played":[0.8668,0.1332],"evs":[0.0,-0.18526]},"J9s":{"weight":1.0,"played":[0.263,0.737],"evs":[0.0,0.13644]},"JTs":{"weight":1.0,"played":[0.0035,0.9965],"evs":[0.0,0.24639]},"JJ":{"weight":1.0,"played":[0.0,1.0],"evs":[0.0,3.971]},"QJo":{"weight":1.0,"played":[0.9722,0.0278],"evs":[0.0,-0.33955]},"KJo":{"weight":1.0,"played":[0.9909,0.0091],"evs":[0.0,-0.18996]},"AJo":{"weight":1.0,"played":[2.0E-4,0.9998],"evs":[0.0,0.91193]},"Q2s":{"weight":1.0,"played":[0.9992,8.0E-4],"evs":[0.0,-0.72687]},"Q3s":{"weight":1.0,"played":[0.9968,0.0032],"evs":[0.0,-0.37136]},"Q4s":{"weight":1.0,"played":[0.9943,0.0057],"evs":[0.0,-0.88437]},"Q5s":{"weight":1.0,"played":[0.8903,0.1097],"evs":[0.0,-0.30887]},"Q6s":{"weight":1.0,"played":[0.9958,0.0042],"evs":[0.0,-0.4288]},"Q7s":{"weight":1.0,"played":[0.9441,0.0559],"evs":[0.0,-0.04313]},"Q8s":{"weight":1.0,"played":[0.3761,0.6239],"evs":[0.0,0.04444]},"Q9s":{"weight":1.0,"played":[0.0897,0.9103],"evs":[0.0,0.10491]},"QTs":{"weight":1.0,"played":[6.0E-4,0.9994],"evs":[0.0,0.58589]},"QJs":{"weight":1.0,"played":[0.0018,0.9982],"evs":[0.0,0.67917]},"QQ":{"weight":1.0,"played":[0.0,1.0],"evs":[0.0,5.62294]},"KQo":{"weight":1.0,"played":[0.0,1.0],"evs":[0.0,0.6395]},"AQo":{"weight":1.0,"played":[3.0E-4,0.9997],"evs":[0.0,1.75336]},"K2s":{"weight":1.0,"played":[0.9994,6.0E-4],"evs":[0.0,-0.82325]},"K3s":{"weight":1.0,"played":[0.9995,5.0E-4],"evs":[0.0,-0.63251]},"K4s":{"weight":1.0,"played":[0.9943,0.0057],"evs":[0.0,-0.8118]},"K5s":{"weight":1.0,"played":[0.9598,0.0402],"evs":[0.0,-0.44824]},"K6s":{"weight":1.0,"played":[0.9975,0.0025],"evs":[0.0,-0.18614]},"K7s":{"weight":1.0,"played":[0.817,0.183],"evs":[0.0,-0.04958]},"K8s":{"weight":1.0,"played":[0.804,0.196],"evs":[0.0,-0.09748]},"K9s":{"weight":1.0,"played":[0.9507,0.0493],"evs":[0.0,-0.08956]},"KTs":{"weight":1.0,"played":[9.0E-4,0.9991],"evs":[0.0,0.47119]},"KJs":{"weight":1.0,"played":[0.0,1.0],"evs":[0.0,0.98419]},"KQs":{"weight":1.0,"played":[2.0E-4,0.9998],"evs":[0.0,1.34935]},"KK":{"weight":1.0,"played":[0.0,1.0],"evs":[0.0,7.22269]},"AKo":{"weight":1.0,"played":[0.0,1.0],"evs":[0.0,2.44623]},"A2s":{"weight":1.0,"played":[0.8715,0.1285],"evs":[0.0,-0.1764]},"A3s":{"weight":1.0,"played":[0.7854,0.2146],"evs":[0.0,-0.01608]},"A4s":{"weight":1.0,"played":[0.5997,0.4003],"evs":[0.0,0.02549]},"A5s":{"weight":1.0,"played":[0.1521,0.8479],"evs":[0.0,0.42291]},"A6s":{"weight":1.0,"played":[0.8276,0.1724],"evs":[0.0,-0.0774]},"A7s":{"weight":1.0,"played":[0.0188,0.9812],"evs":[0.0,0.23351]},"A8s":{"weight":1.0,"played":[0.0024,0.9976],"evs":[0.0,0.55216]},"A9s":{"weight":1.0,"played":[0.0025,0.9975],"evs":[0.0,0.61272]},"ATs":{"weight":1.0,"played":[4.0E-4,0.9996],"evs":[0.0,1.26936]},"AJs":{"weight":1.0,"played":[1.0E-4,0.9999],"evs":[0.0,1.91157]},"AQs":{"weight":1.0,"played":[0.0,1.0],"evs":[0.0,2.62105]},"AKs":{"weight":1.0,"played":[0.0,1.0],"evs":[0.0,3.23677]},"AA":{"weight":1.0,"played":[0.0,1.0],"evs":[0.0,9.8488]}}}