{"player":2,"street":0,"children":2,"sequence":[{"player":0,"type":"F","amount":0,"street":0},{"player":1,"type":"R","amount":200000,"street":0},{"player":2,"type":"C","amount":200000,"street":0},{"player":3,"type":"R","amount":1905000,"street":0},{"player":4,"type":"R","amount":2035000,"street":0},{"player":5,"type":"F","amount":0,"street":0},{"player":1,"type":"C","amount":1835000,"street":0}],"actions":[{"type":"F","amount":0},{"type":"C","amount":785000}],"hands":{"22":{"weight":0.0,"played":[0.9938,0.0062],"evs":[0.0,-0.6368]},"32o":{"weight":0.0,"played":[1.0,0.0],"evs":[0.0,-2.18066]},"42o":{"weight":0.0,"played":[1.0,0.0],"evs":[0.0,-2.00076]},"52o":{"weight":0.0,"played":[1.0,0.0],"evs":[0.0,-2.09282]},"62o":{"weight":0.0,"played":[0.9999,1.0E-4],"evs":[0.0,-2.24931]},"72o":{"weight":0.0,"played":[1.0,0.0],"evs":[0.0,-2.87304]},"82o":{"weight":0.0,"played":[1.0,0.0],"evs":[0.0,-2.47574]},"92o":{"weight":0.0,"played":[1.0,0.0],"evs":[0.0,-2.66642]},"T2o":{"weight":0.0,"played":[1.0,0.0],"evs":[0.0,-2.54524]},"J2o":{"weight":0.0,"played":[0.9999,1.0E-4],"evs":[0.0,-2.7024]},"Q2o":{"weight":0.0,"played":[1.0,0.0],"evs":[0.0,-2.52234]},"K2o":{"weight":0.0,"played":[0.9999,1.0E-4],"evs":[0.0,-2.08418]},"A2o":{"weight":0.0,"played":[1.0,0.0],"evs":[0.0,-2.54283]},"32s":{"weight":0.0,"played":[0.9741,0.0259],"evs":[0.0,-1.0219]},"33":{"weight":0.0,"played":[0.9778,0.0222],"evs":[0.0,-0.56779]},"43o":{"weight":0.0,"played":[0.9997,3.0E-4],"evs":[0.0,-1.69735]},"53o":{"weight":0.0,"played":[0.9991,9.0E-4],"evs":[0.0,-1.18683]},"63o":{"weight":0.0,"played":[1.0,0.0],"evs":[0.0,-1.75169]},"73o":{"weight":0.0,"played":[0.9999,1.0E-4],"evs":[0.0,-2.48837]},"83o":{"weight":0.0,"played":[1.0,0.0],"evs":[0.0,-2.53792]},"93o":{"weight":0.0,"played":[1.0,0.0],"evs":[0.0,-2.54988]},"T3o":{"weight":0.0,"played":[1.0,0.0],"evs":[0.0,-2.44234]},"J3o":{"weight":0.0,"played":[1.0,0.0],"evs":[0.0,-2.57297]},"Q3o":{"weight":0.0,"played":[1.0,0.0],"evs":[0.0,-2.30298]},"K3o":{"weight":0.0,"played":[0.9996,4.0E-4],"evs":[0.0,-1.74082]},"A3o":{"weight":0.0,"played":[1.0,0.0],"evs":[0.0,-2.33478]},"42s":{"weight":0.0,"played":[0.9259,0.0741],"evs":[0.0,-0.35228]},"43s":{"weight":0.0,"played":[0.9705,0.0295],"evs":[0.0,-0.22724]},"44":{"weight":0.2944,"played":[0.8172,0.1828],"evs":[0.0,-0.45655]},"54o":{"weight":0.0,"played":[0.9999,1.0E-4],"evs":[0.0,-1.19304]},"64o":{"weight":0.0,"played":[0.9997,3.0E-4],"evs":[0.0,-1.16928]},"74o":{"weight":0.0,"played":[1.0,0.0],"evs":[0.0,-1.74913]},"84o":{"weight":0.0,"played":[1.0,0.0],"evs":[0.0,-2.10727]},"94o":{"weight":0.0,"played":[1.0,0.0],"evs":[0.0,-2.45034]},"T4o":{"weight":0.0,"played":[1.0,0.0],"evs":[0.0,-2.38198]},"J4o":{"weight":0.0,"played":[1.0,0.0],"evs":[0.0,-2.37501]},"Q4o":{"weight":0.0,"played":[1.0,0.0],"evs":[0.0,-2.0711]},"K4o":{"weight":0.0,"played":[0.9999,1.0E-4],"evs":[0.0,-1.84173]},"A4o":{"weight":0.0,"played":[1.0,0.0],"evs":[0.0,-2.16775]},"52s":{"weight":0.0,"played":[0.6198,0.3802],"evs":[0.0,-0.39389]},"53s":{"weight":0.0,"played":[0.9548,0.0452],"evs":[0.0,-0.53495]},"54s":{"weight":0.0,"played":[0.0315,0.9685],"evs":[0.0,0.43623]},"55":{"weight":0.8068,"played":[0.2162,0.7838],"evs":[0.0,0.20948]},"65o":{"weight":0.0,"played":[0.9887,0.0113],"evs":[0.0,-0.69601]},"75o":{"weight":0.0,"played":[0.9975,0.0025],"evs":[0.0,-1.33035]},"85o":{"weight":0.0,"played":[0.9989,0.0011],"evs":[0.0,-1.85024]},"95o":{"weight":0.0,"played":[1.0,0.0],"evs":[0.0,-2.02663]},"T5o":{"weight":0.0,"played":[1.0,0.0],"evs":[0.0,-2.17859]},"J5o":{"weight":0.0,"played":[0.9999,1.0E-4],"evs":[0.0,-1.98924]},"Q5o":{"weight":0.0,"played":[1.0,0.0],"evs":[0.0,-2.34206]},"K5o":{"weight":0.0,"played":[0.9997,3.0E-4],"evs":[0.0,-1.82539]},"A5o":{"weight":0.0,"played":[0.9998,2.0E-4],"evs":[0.0,-1.84474]},"62s":{"weight":0.0,"played":[0.9998,2.0E-4],"evs":[0.0,-1.2002]},"63s":{"weight":0.0,"played":[0.768,0.232],"evs":[0.0,-0.55809]},"64s":{"weight":0.0,"played":[0.7087,0.2913],"evs":[0.0,-0.32207]},"65s":{"weight":0.0,"played":[1.0E-4,0.9999],"evs":[0.0,0.65911]},"66":{"weight":0.0905,"played":[0.26,0.74],"evs":[0.0,0.2584]},"76o":{"weight":0.0,"played":[0.9996,4.0E-4],"evs":[0.0,-0.65341]},"86o":{"weight":0.0,"played":[0.9999,1.0E-4],"evs":[0.0,-1.33046]},"96o":{"weight":0.0,"played":[1.0,0.0],"evs":[0.0,-1.69894]},"T6o":{"weight":0.0,"played":[1.0,0.0],"evs":[0.0,-1.94528]},"J6o":{"weight":0.0,"played":[1.0,0.0],"evs":[0.0,-2.37206]},"Q6o":{"weight":0.0,"played":[1.0,0.0],"evs":[0.0,-2.15246]},"K6o":{"weight":0.0,"played":[0.9997,3.0E-4],"evs":[0.0,-1.76934]},"A6o":{"weight":0.0,"played":[0.9999,1.0E-4],"evs":[0.0,-2.73332]},"72s":{"weight":0.0,"played":[1.0,0.0],"evs":[0.0,-1.63124]},"73s":{"weight":0.0,"played":[0.9967,0.0033],"evs":[0.0,-1.07341]},"74s":{"weight":0.0,"played":[0.8126,0.1874],"evs":[0.0,-0.63951]},"75s":{"weight":0.0,"played":[0.8428,0.1572],"evs":[0.0,-0.31272]},"76s":{"weight":0.0,"played":[0.523,0.477],"evs":[0.0,0.0201]},"77":{"weight":1.0E-4,"played":[0.0062,0.9938],"evs":[0.0,0.4606]},"87o":{"weight":0.0,"played":[0.9995,5.0E-4],"evs":[0.0,-1.23128]},"97o":{"weight":0.0,"played":[0.9998,2.0E-4],"evs":[0.0,-1.62155]},"T7o":{"weight":0.0,"played":[0.9999,1.0E-4],"evs":[0.0,-1.53622]},"J7o":{"weight":0.0,"played":[1.0,0.0],"evs":[0.0,-2.06492]},"Q7o":{"weight":0.0,"played":[1.0,0.0],"evs":[0.0,-2.23205]},"K7o":{"weight":0.0,"played":[1.0,0.0],"evs":[0.0,-1.63074]},"A7o":{"weight":0.0,"played":[0.9997,3.0E-4],"evs":[0.0,-2.41829]},"82s":{"weight":0.0,"played":[0.9997,3.0E-4],"evs":[0.0,-1.30605]},"83s":{"weight":0.0,"played":[0.9982,0.0018],"evs":[0.0,-1.45702]},"84s":{"weight":0.0,"played":[0.9867,0.0133],"evs":[0.0,-0.63666]},"85s":{"weight":0.0,"played":[0.9861,0.0139],"evs":[0.0,-0.52334]},"86s":{"weight":0.0,"played":[0.4739,0.5261],"evs":[0.0,-0.10347]},"87s":{"weight":0.0,"played":[0.1572,0.8428],"evs":[0.0,0.17437]},"88":{"weight":0.0,"played":[1.0E-4,0.9999],"evs":[0.0,0.93454]},"98o":{"weight":0.0,"played":[0.9996,4.0E-4],"evs":[0.0,-0.97001]},"T8o":{"weight":0.0,"played":[0.9994,6.0E-4],"evs":[0.0,-1.06468]},"J8o":{"weight":0.0,"played":[1.0,0.0],"evs":[0.0,-1.57074]},"Q8o":{"weight":0.0,"played":[0.9999,1.0E-4],"evs":[0.0,-1.80483]},"K8o":{"weight":0.0,"played":[0.9999,1.0E-4],"evs":[0.0,-1.62614]},"A8o":{"weight":0.0,"played":[0.9994,6.0E-4],"evs":[0.0,-2.15855]},"92s":{"weight":0.0,"played":[0.9997,3.0E-4],"evs":[0.0,-1.46628]},"93s":{"weight":0.0,"played":[0.9924,0.0076],"evs":[0.0,-0.98672]},"94s":{"weight":0.0,"played":[0.9989,0.0011],"evs":[0.0,-1.01807]},"95s":{"weight":0.0,"played":[0.9926,0.0074],"evs":[0.0,-1.05925]},"96s":{"weight":0.0,"played":[0.9627,0.0373],"evs":[0.0,-0.58114]},"97s":{"weight":0.0,"played":[0.8269,0.1731],"evs":[0.0,-0.09647]},"98s":{"weight":0.0,"played":[0.4348,0.5652],"evs":[0.0,-0.12362]},"99":{"weight":0.0,"played":[0.0,1.0],"evs":[0.0,2.26704]},"T9o":{"weight":0.0,"played":[0.9995,5.0E-4],"evs":[0.0,-0.80144]},"J9o":{"weight":0.0,"played":[0.9998,2.0E-4],"evs":[0.0,-0.79276]},"Q9o":{"weight":0.0,"played":[0.9999,1.0E-4],"evs":[0.0,-1.2992]},"K9o":{"weight":0.0,"played":[0.9997,3.0E-4],"evs":[0.0,-1.19393]},"A9o":{"weight":0.0,"played":[1.0,0.0],"evs":[0.0,-1.87562]},"T2s":{"weight":0.0,"played":[1.0,0.0],"evs":[0.0,-0.98369]},"T3s":{"weight":0.0,"played":[1.0,0.0],"evs":[0.0,-0.98338]},"T4s":{"weight":0.0,"played":[0.9994,6.0E-4],"evs":[0.0,-1.41955]},"T5s":{"weight":0.0,"played":[0.956,0.044],"evs":[0.0,-0.30112]},"T6s":{"weight":0.0,"played":[0.9733,0.0267],"evs":[0.0,-0.77563]},"T7s":{"weight":0.0,"played":[0.8852,0.1148],"evs":[0.0,-0.18821]},"T8s":{"weight":0.0,"played":[3.0E-4,0.9997],"evs":[0.0,0.3344]},"T9s":{"weight":0.3329,"played":[0.3228,0.6772],"evs":[0.0,0.28631]},"TT":{"weight":0.0,"played":[0.0,1.0],"evs":[0.0,2.77912]},"JTo":{"weight":0.0,"played":[0.8644,0.1356],"evs":[0.0,-0.57783]},"QTo":{"weight":0.0,"played":[0.9882,0.0118],"evs":[0.0,-0.82843]},"KTo":{"weight":0.0,"played":[0.9973,0.0027],"evs":[0.0,-0.88323]},"ATo":{"weight":0.0,"played":[0.9998,2.0E-4],"evs":[0.0,-1.12111]},"J2s":{"weight":0.0,"played":[0.9995,5.0E-4],"evs":[0.0,-1.02603]},"J3s":{"weight":0.0,"played":[1.0,0.0],"evs":[0.0,-1.16288]},"J4s":{"weight":0.0,"played":[0.9897,0.0103],"evs":[0.0,-1.14878]},"J5s":{"weight":0.0,"played":[0.9985,0.0015],"evs":[0.0,-0.8298]},"J6s":{"weight":0.0,"played":[0.9722,0.0278],"evs":[0.0,-0.34579]},"J7s":{"weight":0.0,"played":[0.8553,0.1447],"evs":[0.0,-0.33443]},"J8s":{"weight":0.0,"played":[0.9857,0.0143],"evs":[0.0,-0.20615]},"J9s":{"weight":0.0216,"played":[0.9248,0.0752],"evs":[0.0,-0.27187]},"JTs":{"weight":1.0,"played":[0.0275,0.9725],"evs":[0.0,0.74606]},"JJ":{"weight":0.0,"played":[0.0,1.0],"evs":[0.0,3.89969]},"QJo":{"weight":0.0012,"played":[0.994,0.006],"evs":[0.0,-0.69006]},"KJo":{"weight":0.4177,"played":[0.9962,0.0038],"evs":[0.0,-0.44797]},"AJo":{"weight":0.0,"played":[0.9886,0.0114],"evs":[0.0,-0.57913]},"Q2s":{"weight":0.0,"played":[0.9996,4.0E-4],"evs":[0.0,-1.12836]},"Q3s":{"weight":0.0,"played":[0.9983,0.0017],"evs":[0.0,-0.73366]},"Q4s":{"weight":0.0,"played":[0.999,0.001],"evs":[0.0,-1.23461]},"Q5s":{"weight":0.0,"played":[0.9996,4.0E-4],"evs":[0.0,-1.1234]},"Q6s":{"weight":0.0,"played":[0.9726,0.0274],"evs":[0.0,-0.52539]},"Q7s":{"weight":0.0,"played":[0.9964,0.0036],"evs":[0.0,-0.64588]},"Q8s":{"weight":0.0,"played":[0.8796,0.1204],"evs":[0.0,-0.70814]},"Q9s":{"weight":2.0E-4,"played":[0.2995,0.7005],"evs":[0.0,-0.07657]},"QTs":{"weight":1.0,"played":[0.008,0.992],"evs":[0.0,0.75828]},"QJs":{"weight":1.0,"played":[0.0024,0.9976],"evs":[0.0,0.23517]},"QQ":{"weight":0.0,"played":[0.0,1.0],"evs":[0.0,6.40939]},"KQo":{"weight":1.0E-4,"played":[0.1389,0.8611],"evs":[0.0,0.1286]},"AQo":{"weight":0.0,"played":[0.0,1.0],"evs":[0.0,0.25366]},"K2s":{"weight":0.0,"played":[0.9977,0.0023],"evs":[0.0,-0.79499]},"K3s":{"weight":0.0,"played":[0.9503,0.0497],"evs":[0.0,-0.92129]},"K4s":{"weight":0.0,"played":[0.9852,0.0148],"evs":[0.0,-0.76388]},"K5s":{"weight":0.0,"played":[0.9686,0.0314],"evs":[0.0,-0.37133]},"K6s":{"weight":0.0,"played":[0.9315,0.0685],"evs":[0.0,-0.37094]},"K7s":{"weight":0.0,"played":[0.8314,0.1686],"evs":[0.0,0.05243]},"K8s":{"weight":0.0,"played":[0.9695,0.0305],"evs":[0.0,-0.3401]},"K9s":{"weight":0.6086,"played":[0.5739,0.4261],"evs":[0.0,-0.18492]},"KTs":{"weight":0.9999,"played":[7.0E-4,0.9993],"evs":[0.0,0.71451]},"KJs":{"weight":0.2749,"played":[3.0E-4,0.9997],"evs":[0.0,0.72114]},"KQs":{"weight":4.0E-4,"played":[1.0E-4,0.9999],"evs":[0.0,1.20113]},"KK":{"weight":0.0,"played":[0.0,1.0],"evs":[0.0,9.43688]},"AKo":{"weight":0.0,"played":[0.0,1.0],"evs":[0.0,1.79129]},"A2s":{"weight":7.0E-4,"played":[0.9903,0.0097],"evs":[0.0,-1.02311]},"A3s":{"weight":0.5787,"played":[0.9907,0.0093],"evs":[0.0,-0.84485]},"A4s":{"weight":0.9879,"played":[0.9826,0.0174],"evs":[0.0,-0.45005]},"A5s":{"weight":0.1411,"played":[0.5526,0.4474],"evs":[0.0,-0.33693]},"A6s":{"weight":0.0047,"played":[0.9997,3.0E-4],"evs":[0.0,-0.95782]},"A7s":{"weight":0.0,"played":[0.8625,0.1375],"evs":[0.0,-0.58028]},"A8s":{"weight":0.0,"played":[0.9703,0.0297],"evs":[0.0,-0.8582]},"A9s":{"weight":0.0,"played":[0.9834,0.0166],"evs":[0.0,-0.27189]},"ATs":{"weight":0.0,"played":[0.0024,0.9976],"evs":[0.0,0.88147]},"AJs":{"weight":0.0,"played":[0.0618,0.9382],"evs":[0.0,0.63171]},"AQs":{"weight":0.0,"played":[0.0,1.0],"evs":[0.0,1.65299]},"AKs":{"weight":0.0,"played":[0.0,1.0],"evs":[0.0,3.17428]},"AA":{"weight":0.2137,"played":[0.0,1.0],"evs":[0.0,14.2688]}}}