{"player":1,"street":0,"children":2,"sequence":[{"player":0,"type":"F","amount":0,"street":0},{"player":1,"type":"R","amount":200000,"street":0},{"player":2,"type":"R","amount":985000,"street":0},{"player":3,"type":"F","amount":0,"street":0},{"player":4,"type":"R","amount":2035000,"street":0},{"player":5,"type":"C","amount":635000,"street":0}],"actions":[{"type":"F","amount":0},{"type":"C","amount":1835000}],"hands":{"22":{"weight":0.0,"played":[0.9999,1.0E-4],"evs":[0.0,-1.03606]},"32o":{"weight":0.0,"played":[1.0,0.0],"evs":[0.0,-4.85141]},"42o":{"weight":0.0,"played":[1.0,0.0],"evs":[0.0,-4.9128]},"52o":{"weight":0.0,"played":[1.0,0.0],"evs":[0.0,-4.50331]},"62o":{"weight":0.0,"played":[1.0,0.0],"evs":[0.0,-4.99169]},"72o":{"weight":0.0,"played":[1.0,0.0],"evs":[0.0,-5.45928]},"82o":{"weight":0.0,"played":[1.0,0.0],"evs":[0.0,-5.37136]},"92o":{"weight":0.0,"played":[1.0,0.0],"evs":[0.0,-5.15481]},"T2o":{"weight":0.0,"played":[1.0,0.0],"evs":[0.0,-4.80828]},"J2o":{"weight":0.0,"played":[1.0,0.0],"evs":[0.0,-4.76062]},"Q2o":{"weight":0.0,"played":[1.0,0.0],"evs":[0.0,-4.63296]},"K2o":{"weight":0.0,"played":[1.0,0.0],"evs":[0.0,-4.63743]},"A2o":{"weight":1.0E-4,"played":[0.9999,1.0E-4],"evs":[0.0,-4.78597]},"32s":{"weight":0.0,"played":[0.9975,0.0025],"evs":[0.0,-2.77047]},"33":{"weight":0.0,"played":[0.9945,0.0055],"evs":[0.0,-1.05782]},"43o":{"weight":0.0,"played":[1.0,0.0],"evs":[0.0,-4.15102]},"53o":{"weight":0.0,"played":[1.0,0.0],"evs":[0.0,-3.72694]},"63o":{"weight":0.0,"played":[1.0,0.0],"evs":[0.0,-4.08484]},"73o":{"weight":0.0,"played":[0.9998,2.0E-4],"evs":[0.0,-4.67922]},"83o":{"weight":0.0,"played":[1.0,0.0],"evs":[0.0,-5.20701]},"93o":{"weight":0.0,"played":[1.0,0.0],"evs":[0.0,-4.78092]},"T3o":{"weight":0.0,"played":[1.0,0.0],"evs":[0.0,-4.5842]},"J3o":{"weight":0.0,"played":[1.0,0.0],"evs":[0.0,-4.54882]},"Q3o":{"weight":0.0,"played":[1.0,0.0],"evs":[0.0,-4.50781]},"K3o":{"weight":0.0,"played":[1.0,0.0],"evs":[0.0,-4.2216]},"A3o":{"weight":0.9966,"played":[0.9998,2.0E-4],"evs":[0.0,-4.50309]},"42s":{"weight":0.0,"played":[0.9999,1.0E-4],"evs":[0.0,-2.36169]},"43s":{"weight":0.0,"played":[1.0,0.0],"evs":[0.0,-1.69137]},"44":{"weight":0.412,"played":[0.991,0.009],"evs":[0.0,-0.8184]},"54o":{"weight":0.0,"played":[0.9998,2.0E-4],"evs":[0.0,-3.01069]},"64o":{"weight":0.0,"played":[1.0,0.0],"evs":[0.0,-3.11914]},"74o":{"weight":0.0,"played":[1.0,0.0],"evs":[0.0,-4.09342]},"84o":{"weight":0.0,"played":[1.0,0.0],"evs":[0.0,-4.37086]},"94o":{"weight":0.0,"played":[1.0,0.0],"evs":[0.0,-4.68256]},"T4o":{"weight":0.0,"played":[1.0,0.0],"evs":[0.0,-4.44018]},"J4o":{"weight":0.0,"played":[1.0,0.0],"evs":[0.0,-4.47071]},"Q4o":{"weight":0.0,"played":[1.0,0.0],"evs":[0.0,-4.53879]},"K4o":{"weight":0.0,"played":[1.0,0.0],"evs":[0.0,-4.02182]},"A4o":{"weight":1.0,"played":[0.9999,1.0E-4],"evs":[0.0,-4.19723]},"52s":{"weight":0.0,"played":[0.9998,2.0E-4],"evs":[0.0,-2.68565]},"53s":{"weight":0.0,"played":[0.9947,0.0053],"evs":[0.0,-1.97079]},"54s":{"weight":0.0,"played":[0.9919,0.0081],"evs":[0.0,-1.10442]},"55":{"weight":0.2646,"played":[0.6866,0.3134],"evs":[0.0,-0.34727]},"65o":{"weight":0.0,"played":[0.9996,4.0E-4],"evs":[0.0,-2.43754]},"75o":{"weight":0.0,"played":[1.0,0.0],"evs":[0.0,-3.08759]},"85o":{"weight":0.0,"played":[1.0,0.0],"evs":[0.0,-3.63502]},"95o":{"weight":0.0,"played":[1.0,0.0],"evs":[0.0,-3.72231]},"T5o":{"weight":0.0,"played":[0.9999,1.0E-4],"evs":[0.0,-4.61718]},"J5o":{"weight":0.0,"played":[1.0,0.0],"evs":[0.0,-4.53686]},"Q5o":{"weight":0.0,"played":[0.9999,1.0E-4],"evs":[0.0,-4.08813]},"K5o":{"weight":0.0,"played":[0.9997,3.0E-4],"evs":[0.0,-3.93339]},"A5o":{"weight":1.0,"played":[0.9999,1.0E-4],"evs":[0.0,-4.27826]},"62s":{"weight":0.0,"played":[0.9977,0.0023],"evs":[0.0,-3.57408]},"63s":{"weight":0.0,"played":[0.9988,0.0012],"evs":[0.0,-2.40296]},"64s":{"weight":0.0,"played":[0.985,0.015],"evs":[0.0,-1.02448]},"65s":{"weight":0.0,"played":[0.7541,0.2459],"evs":[0.0,-0.60437]},"66":{"weight":0.5833,"played":[0.0018,0.9982],"evs":[0.0,1.13922]},"76o":{"weight":0.0,"played":[0.9999,1.0E-4],"evs":[0.0,-2.1942]},"86o":{"weight":0.0,"played":[1.0,0.0],"evs":[0.0,-2.9769]},"96o":{"weight":0.0,"played":[1.0,0.0],"evs":[0.0,-3.16495]},"T6o":{"weight":0.0,"played":[0.9999,1.0E-4],"evs":[0.0,-3.36012]},"J6o":{"weight":0.0,"played":[0.9998,2.0E-4],"evs":[0.0,-4.32268]},"Q6o":{"weight":0.0,"played":[0.9999,1.0E-4],"evs":[0.0,-4.06584]},"K6o":{"weight":0.0,"played":[0.9997,3.0E-4],"evs":[0.0,-3.38968]},"A6o":{"weight":1.0,"played":[0.9999,1.0E-4],"evs":[0.0,-5.07572]},"72s":{"weight":0.0,"played":[0.9999,1.0E-4],"evs":[0.0,-3.12578]},"73s":{"weight":0.0,"played":[0.9978,0.0022],"evs":[0.0,-3.1913]},"74s":{"weight":0.0,"played":[0.9984,0.0016],"evs":[0.0,-1.28]},"75s":{"weight":0.0,"played":[0.9692,0.0308],"evs":[0.0,-1.21713]},"76s":{"weight":0.4161,"played":[0.0373,0.9627],"evs":[0.0,0.26896]},"77":{"weight":0.9983,"played":[0.0,1.0],"evs":[0.0,2.60384]},"87o":{"weight":0.0,"played":[0.9988,0.0012],"evs":[0.0,-2.43545]},"97o":{"weight":0.0,"played":[1.0,0.0],"evs":[0.0,-2.34991]},"T7o":{"weight":0.0,"played":[0.9988,0.0012],"evs":[0.0,-2.90856]},"J7o":{"weight":0.0,"played":[0.9998,2.0E-4],"evs":[0.0,-3.92304]},"Q7o":{"weight":0.0,"played":[0.9999,1.0E-4],"evs":[0.0,-3.67084]},"K7o":{"weight":0.0,"played":[0.9999,1.0E-4],"evs":[0.0,-3.30805]},"A7o":{"weight":1.0,"played":[0.9999,1.0E-4],"evs":[0.0,-4.73072]},"82s":{"weight":0.0,"played":[0.9999,1.0E-4],"evs":[0.0,-3.37638]},"83s":{"weight":0.0,"played":[0.9994,6.0E-4],"evs":[0.0,-3.25314]},"84s":{"weight":0.0,"played":[0.998,0.002],"evs":[0.0,-2.67574]},"85s":{"weight":0.0,"played":[1.0,0.0],"evs":[0.0,-1.0196]},"86s":{"weight":0.0,"played":[0.9966,0.0034],"evs":[0.0,-0.62409]},"87s":{"weight":1.0,"played":[0.9747,0.0253],"evs":[0.0,-0.34181]},"88":{"weight":1.0,"played":[0.0,1.0],"evs":[0.0,4.21258]},"98o":{"weight":0.0,"played":[0.9999,1.0E-4],"evs":[0.0,-1.84219]},"T8o":{"weight":0.0,"played":[0.9996,4.0E-4],"evs":[0.0,-2.06009]},"J8o":{"weight":0.0,"played":[0.9997,3.0E-4],"evs":[0.0,-2.73603]},"Q8o":{"weight":0.0,"played":[1.0,0.0],"evs":[0.0,-3.25184]},"K8o":{"weight":0.0,"played":[1.0,0.0],"evs":[0.0,-3.05557]},"A8o":{"weight":0.9993,"played":[0.9997,3.0E-4],"evs":[0.0,-4.30964]},"92s":{"weight":0.0,"played":[1.0,0.0],"evs":[0.0,-3.07556]},"93s":{"weight":0.0,"played":[0.9998,2.0E-4],"evs":[0.0,-2.5778]},"94s":{"weight":0.0,"played":[1.0,0.0],"evs":[0.0,-2.70583]},"95s":{"weight":0.0,"played":[0.9998,2.0E-4],"evs":[0.0,-2.1062]},"96s":{"weight":0.0,"played":[0.9886,0.0114],"evs":[0.0,-1.52132]},"97s":{"weight":1.0,"played":[0.9386,0.0614],"evs":[0.0,-0.8628]},"98s":{"weight":1.0,"played":[0.9795,0.0205],"evs":[0.0,-0.34361]},"99":{"weight":1.0,"played":[0.0,1.0],"evs":[0.0,5.40094]},"T9o":{"weight":0.1224,"played":[0.9974,0.0026],"evs":[0.0,-1.68508]},"J9o":{"weight":0.0,"played":[0.9978,0.0022],"evs":[0.0,-1.64349]},"Q9o":{"weight":0.0,"played":[0.9998,2.0E-4],"evs":[0.0,-2.38557]},"K9o":{"weight":0.5394,"played":[1.0,0.0],"evs":[0.0,-2.4078]},"A9o":{"weight":0.6022,"played":[0.9999,1.0E-4],"evs":[0.0,-3.55752]},"T2s":{"weight":0.0,"played":[0.9999,1.0E-4],"evs":[0.0,-2.59941]},"T3s":{"weight":0.0,"played":[0.9971,0.0029],"evs":[0.0,-2.83471]},"T4s":{"weight":0.0,"played":[0.9978,0.0022],"evs":[0.0,-2.29628]},"T5s":{"weight":0.0,"played":[0.9992,8.0E-4],"evs":[0.0,-2.78264]},"T6s":{"weight":0.0,"played":[0.997,0.003],"evs":[0.0,-2.01905]},"T7s":{"weight":0.9986,"played":[0.9928,0.0072],"evs":[0.0,-0.77323]},"T8s":{"weight":0.9992,"played":[0.8351,0.1649],"evs":[0.0,-0.55397]},"T9s":{"weight":0.985,"played":[0.0096,0.9904],"evs":[0.0,0.71147]},"TT":{"weight":1.0,"played":[0.0,1.0],"evs":[0.0,7.92643]},"JTo":{"weight":1.0,"played":[0.9983,0.0017],"evs":[0.0,-1.50327]},"QTo":{"weight":1.0,"played":[0.9999,1.0E-4],"evs":[0.0,-1.43613]},"KTo":{"weight":0.9998,"played":[0.9994,6.0E-4],"evs":[0.0,-1.62329]},"ATo":{"weight":0.4938,"played":[0.9992,8.0E-4],"evs":[0.0,-2.65098]},"J2s":{"weight":0.0,"played":[1.0,0.0],"evs":[0.0,-2.91643]},"J3s":{"weight":0.0,"played":[0.9993,7.0E-4],"evs":[0.0,-2.71167]},"J4s":{"weight":0.0,"played":[0.9991,9.0E-4],"evs":[0.0,-2.31182]},"J5s":{"weight":0.0,"played":[0.9999,1.0E-4],"evs":[0.0,-2.2353]},"J6s":{"weight":0.0,"played":[0.9998,2.0E-4],"evs":[0.0,-2.11045]},"J7s":{"weight":0.2271,"played":[0.9714,0.0286],"evs":[0.0,-1.59034]},"J8s":{"weight":1.0,"played":[0.9383,0.0617],"evs":[0.0,-1.13686]},"J9s":{"weight":0.9377,"played":[0.2957,0.7043],"evs":[0.0,-0.1788]},"JTs":{"weight":0.3888,"played":[1.0E-4,0.9999],"evs":[0.0,0.93936]},"JJ":{"weight":1.0,"played":[0.0,1.0],"evs":[0.0,9.88461]},"QJo":{"weight":1.0,"played":[0.9994,6.0E-4],"evs":[0.0,-1.66188]},"KJo":{"weight":0.9066,"played":[0.9935,0.0065],"evs":[0.0,-1.36007]},"AJo":{"weight":0.0459,"played":[0.9913,0.0087],"evs":[0.0,-0.52003]},"Q2s":{"weight":0.0,"played":[0.9997,3.0E-4],"evs":[0.0,-3.6255]},"Q3s":{"weight":0.0,"played":[0.9973,0.0027],"evs":[0.0,-2.17213]},"Q4s":{"weight":0.0,"played":[0.9948,0.0052],"evs":[0.0,-2.27766]},"Q5s":{"weight":0.0,"played":[0.9982,0.0018],"evs":[0.0,-2.1554]},"Q6s":{"weight":7.0E-4,"played":[0.9705,0.0295],"evs":[0.0,-2.96489]},"Q7s":{"weight":0.8892,"played":[0.9997,3.0E-4],"evs":[0.0,-1.9605]},"Q8s":{"weight":1.0,"played":[0.9928,0.0072],"evs":[0.0,-0.71106]},"Q9s":{"weight":1.0,"played":[0.9964,0.0036],"evs":[0.0,-0.8452]},"QTs":{"weight":0.6879,"played":[0.0055,0.9945],"evs":[0.0,0.55122]},"QJs":{"weight":0.3726,"played":[0.0965,0.9035],"evs":[0.0,0.49611]},"QQ":{"weight":1.0,"played":[0.0,1.0],"evs":[0.0,12.81735]},"KQo":{"weight":0.6902,"played":[0.9972,0.0028],"evs":[0.0,-0.81575]},"AQo":{"weight":0.9397,"played":[0.0,1.0],"evs":[0.0,1.56699]},"K2s":{"weight":0.0,"played":[0.9422,0.0578],"evs":[0.0,-2.17939]},"K3s":{"weight":0.0,"played":[0.9993,7.0E-4],"evs":[0.0,-1.67114]},"K4s":{"weight":0.0,"played":[0.9954,0.0046],"evs":[0.0,-1.96135]},"K5s":{"weight":1.0,"played":[0.9899,0.0101],"evs":[0.0,-1.38363]},"K6s":{"weight":1.0,"played":[0.9985,0.0015],"evs":[0.0,-1.15321]},"K7s":{"weight":0.9951,"played":[0.9171,0.0829],"evs":[0.0,-1.11066]},"K8s":{"weight":0.1085,"played":[0.991,0.009],"evs":[0.0,-0.60827]},"K9s":{"weight":4.0E-4,"played":[0.761,0.239],"evs":[0.0,-0.42672]},"KTs":{"weight":0.0,"played":[0.6068,0.3932],"evs":[0.0,0.38235]},"KJs":{"weight":0.9991,"played":[0.0182,0.9818],"evs":[0.0,0.56005]},"KQs":{"weight":1.0,"played":[0.0616,0.9384],"evs":[0.0,0.68963]},"KK":{"weight":1.0,"played":[0.0,1.0],"evs":[0.0,17.14626]},"AKo":{"weight":1.0,"played":[0.0,1.0],"evs":[0.0,4.38445]},"A2s":{"weight":0.9968,"played":[0.9999,1.0E-4],"evs":[0.0,-2.44072]},"A3s":{"weight":0.9939,"played":[0.9985,0.0015],"evs":[0.0,-2.66585]},"A4s":{"weight":0.1121,"played":[0.9983,0.0017],"evs":[0.0,-1.43246]},"A5s":{"weight":0.0,"played":[0.9971,0.0029],"evs":[0.0,-1.66963]},"A6s":{"weight":6.0E-4,"played":[0.9994,6.0E-4],"evs":[0.0,-3.48019]},"A7s":{"weight":0.0031,"played":[0.9978,0.0022],"evs":[0.0,-2.12399]},"A8s":{"weight":1.0,"played":[0.9986,0.0014],"evs":[0.0,-1.64961]},"A9s":{"weight":1.0,"played":[0.9868,0.0132],"evs":[0.0,-0.98466]},"ATs":{"weight":1.0,"played":[0.9568,0.0432],"evs":[0.0,-0.45739]},"AJs":{"weight":1.0,"played":[0.0,1.0],"evs":[0.0,1.46398]},"AQs":{"weight":1.0,"played":[0.0,1.0],"evs":[0.0,2.99948]},"AKs":{"weight":1.0,"played":[0.0,1.0],"evs":[0.0,6.38621]},"AA":{"weight":1.0,"played":[0.0,1.0],"evs":[0.0,23.66713]}}}