{"player":5,"street":0,"children":2,"sequence":[{"player":0,"type":"F","amount":0,"street":0},{"player":1,"type":"R","amount":200000,"street":0},{"player":2,"type":"R","amount":985000,"street":0},{"player":3,"type":"R","amount":1905000,"street":0},{"player":4,"type":"F","amount":0,"street":0}],"actions":[{"type":"F","amount":0,"node":218},{"type":"C","amount":635000,"node":219}],"hands":{"22":{"weight":1.0,"played":[0.9866,0.0134],"evs":[0.0,-0.30974]},"32o":{"weight":1.0,"played":[1.0,0.0],"evs":[0.0,-1.64012]},"42o":{"weight":1.0,"played":[1.0,0.0],"evs":[0.0,-1.56464]},"52o":{"weight":1.0,"played":[1.0,0.0],"evs":[0.0,-1.53015]},"62o":{"weight":1.0,"played":[1.0,0.0],"evs":[0.0,-1.84528]},"72o":{"weight":1.0,"played":[1.0,0.0],"evs":[0.0,-1.9973]},"82o":{"weight":1.0,"played":[1.0,0.0],"evs":[0.0,-2.00793]},"92o":{"weight":1.0,"played":[1.0,0.0],"evs":[0.0,-1.90963]},"T2o":{"weight":1.0,"played":[1.0,0.0],"evs":[0.0,-1.79061]},"J2o":{"weight":1.0,"played":[1.0,0.0],"evs":[0.0,-1.83464]},"Q2o":{"weight":1.0,"played":[1.0,0.0],"evs":[0.0,-1.80964]},"K2o":{"weight":1.0,"played":[1.0,0.0],"evs":[0.0,-1.49731]},"A2o":{"weight":1.0,"played":[1.0,0.0],"evs":[0.0,-2.01923]},"32s":{"weight":1.0,"played":[1.0,0.0],"evs":[0.0,-0.83072]},"33":{"weight":1.0,"played":[0.9971,0.0029],"evs":[0.0,-0.25567]},"43o":{"weight":1.0,"played":[1.0,0.0],"evs":[0.0,-1.23895]},"53o":{"weight":1.0,"played":[1.0,0.0],"evs":[0.0,-1.15406]},"63o":{"weight":1.0,"played":[1.0,0.0],"evs":[0.0,-1.412]},"73o":{"weight":1.0,"played":[1.0,0.0],"evs":[0.0,-1.71723]},"83o":{"weight":1.0,"played":[1.0,0.0],"evs":[0.0,-1.98699]},"93o":{"weight":1.0,"played":[1.0,0.0],"evs":[0.0,-1.75402]},"T3o":{"weight":1.0,"played":[1.0,0.0],"evs":[0.0,-1.68012]},"J3o":{"weight":1.0,"played":[1.0,0.0],"evs":[0.0,-1.7313]},"Q3o":{"weight":1.0,"played":[1.0,0.0],"evs":[0.0,-1.61328]},"K3o":{"weight":1.0,"played":[1.0,0.0],"evs":[0.0,-1.41781]},"A3o":{"weight":1.0,"played":[1.0,0.0],"evs":[0.0,-1.84771]},"42s":{"weight":1.0,"played":[0.9999,1.0E-4],"evs":[0.0,-0.55569]},"43s":{"weight":1.0,"played":[0.9991,9.0E-4],"evs":[0.0,-0.51873]},"44":{"weight":1.0,"played":[1.0,0.0],"evs":[0.0,-0.13097]},"54o":{"weight":1.0,"played":[1.0,0.0],"evs":[0.0,-0.86916]},"64o":{"weight":1.0,"played":[1.0,0.0],"evs":[0.0,-1.05685]},"74o":{"weight":1.0,"played":[1.0,0.0],"evs":[0.0,-1.37261]},"84o":{"weight":1.0,"played":[1.0,0.0],"evs":[0.0,-1.65436]},"94o":{"weight":1.0,"played":[1.0,0.0],"evs":[0.0,-1.77017]},"T4o":{"weight":1.0,"played":[1.0,0.0],"evs":[0.0,-1.6134]},"J4o":{"weight":1.0,"played":[1.0,0.0],"evs":[0.0,-1.6465]},"Q4o":{"weight":1.0,"played":[1.0,0.0],"evs":[0.0,-1.5451]},"K4o":{"weight":1.0,"played":[1.0,0.0],"evs":[0.0,-1.37016]},"A4o":{"weight":1.0,"played":[1.0,0.0],"evs":[0.0,-1.7814]},"52s":{"weight":1.0,"played":[0.9999,1.0E-4],"evs":[0.0,-0.66705]},"53s":{"weight":1.0,"played":[0.9986,0.0014],"evs":[0.0,-0.37599]},"54s":{"weight":1.0,"played":[0.9256,0.0744],"evs":[0.0,-0.07785]},"55":{"weight":1.0,"played":[0.9515,0.0485],"evs":[0.0,-0.06396]},"65o":{"weight":1.0,"played":[1.0,0.0],"evs":[0.0,-0.84109]},"75o":{"weight":1.0,"played":[1.0,0.0],"evs":[0.0,-1.11866]},"85o":{"weight":1.0,"played":[1.0,0.0],"evs":[0.0,-1.32143]},"95o":{"weight":1.0,"played":[1.0,0.0],"evs":[0.0,-1.49827]},"T5o":{"weight":1.0,"played":[1.0,0.0],"evs":[0.0,-1.73088]},"J5o":{"weight":1.0,"played":[1.0,0.0],"evs":[0.0,-1.6301]},"Q5o":{"weight":1.0,"played":[1.0,0.0],"evs":[0.0,-1.49472]},"K5o":{"weight":1.0,"played":[1.0,0.0],"evs":[0.0,-1.17826]},"A5o":{"weight":1.0,"played":[1.0,0.0],"evs":[0.0,-1.7263]},"62s":{"weight":1.0,"played":[0.9999,1.0E-4],"evs":[0.0,-0.81334]},"63s":{"weight":1.0,"played":[0.997,0.003],"evs":[0.0,-0.6401]},"64s":{"weight":1.0,"played":[0.996,0.004],"evs":[0.0,-0.2723]},"65s":{"weight":1.0,"played":[0.2535,0.7465],"evs":[0.0,0.0619]},"66":{"weight":1.0,"played":[0.0312,0.9688],"evs":[0.0,0.13048]},"76o":{"weight":1.0,"played":[1.0,0.0],"evs":[0.0,-0.8406]},"86o":{"weight":1.0,"played":[1.0,0.0],"evs":[0.0,-1.12298]},"96o":{"weight":1.0,"played":[1.0,0.0],"evs":[0.0,-1.28023]},"T6o":{"weight":1.0,"played":[1.0,0.0],"evs":[0.0,-1.47882]},"J6o":{"weight":1.0,"played":[1.0,0.0],"evs":[0.0,-1.72821]},"Q6o":{"weight":1.0,"played":[1.0,0.0],"evs":[0.0,-1.50394]},"K6o":{"weight":1.0,"played":[1.0,0.0],"evs":[0.0,-1.25701]},"A6o":{"weight":1.0,"played":[1.0,0.0],"evs":[0.0,-2.07278]},"72s":{"weight":1.0,"played":[1.0,0.0],"evs":[0.0,-1.18537]},"73s":{"weight":1.0,"played":[1.0,0.0],"evs":[0.0,-0.7941]},"74s":{"weight":1.0,"played":[0.9983,0.0017],"evs":[0.0,-0.57321]},"75s":{"weight":1.0,"played":[0.9961,0.0039],"evs":[0.0,-0.33441]},"76s":{"weight":1.0,"played":[0.4745,0.5255],"evs":[0.0,0.02748]},"77":{"weight":1.0,"played":[0.0,1.0],"evs":[0.0,0.61721]},"87o":{"weight":1.0,"played":[1.0,0.0],"evs":[0.0,-0.84096]},"97o":{"weight":1.0,"played":[1.0,0.0],"evs":[0.0,-0.98095]},"T7o":{"weight":1.0,"played":[1.0,0.0],"evs":[0.0,-1.1529]},"J7o":{"weight":1.0,"played":[1.0,0.0],"evs":[0.0,-1.39567]},"Q7o":{"weight":1.0,"played":[1.0,0.0],"evs":[0.0,-1.53716]},"K7o":{"weight":1.0,"played":[1.0,0.0],"evs":[0.0,-1.13655]},"A7o":{"weight":1.0,"played":[1.0,0.0],"evs":[0.0,-1.97499]},"82s":{"weight":1.0,"played":[1.0,0.0],"evs":[0.0,-1.06746]},"83s":{"weight":1.0,"played":[1.0,0.0],"evs":[0.0,-1.04982]},"84s":{"weight":1.0,"played":[1.0,0.0],"evs":[0.0,-0.9565]},"85s":{"weight":1.0,"played":[1.0,0.0],"evs":[0.0,-0.50708]},"86s":{"weight":1.0,"played":[0.9695,0.0305],"evs":[0.0,-0.25382]},"87s":{"weight":1.0,"played":[0.8136,0.1864],"evs":[0.0,-0.08989]},"88":{"weight":1.0,"played":[0.0,1.0],"evs":[0.0,1.17273]},"98o":{"weight":1.0,"played":[1.0,0.0],"evs":[0.0,-0.88344]},"T8o":{"weight":1.0,"played":[1.0,0.0],"evs":[0.0,-0.85155]},"J8o":{"weight":1.0,"played":[1.0,0.0],"evs":[0.0,-1.10909]},"Q8o":{"weight":1.0,"played":[1.0,0.0],"evs":[0.0,-1.29124]},"K8o":{"weight":1.0,"played":[1.0,0.0],"evs":[0.0,-1.18063]},"A8o":{"weight":1.0,"played":[1.0,0.0],"evs":[0.0,-1.86573]},"92s":{"weight":1.0,"played":[1.0,0.0],"evs":[0.0,-0.92945]},"93s":{"weight":1.0,"played":[1.0,0.0],"evs":[0.0,-0.98057]},"94s":{"weight":1.0,"played":[0.9998,2.0E-4],"evs":[0.0,-0.9549]},"95s":{"weight":1.0,"played":[1.0,0.0],"evs":[0.0,-0.72466]},"96s":{"weight":1.0,"played":[0.9844,0.0156],"evs":[0.0,-0.5396]},"97s":{"weight":1.0,"played":[0.9997,3.0E-4],"evs":[0.0,-0.20067]},"98s":{"weight":1.0,"played":[0.4681,0.5319],"evs":[0.0,0.02413]},"99":{"weight":1.0,"played":[0.0,1.0],"evs":[0.0,1.60668]},"T9o":{"weight":1.0,"played":[1.0,0.0],"evs":[0.0,-0.55233]},"J9o":{"weight":1.0,"played":[1.0,0.0],"evs":[0.0,-0.80213]},"Q9o":{"weight":1.0,"played":[1.0,0.0],"evs":[0.0,-0.95533]},"K9o":{"weight":1.0,"played":[1.0,0.0],"evs":[0.0,-0.93108]},"A9o":{"weight":1.0,"played":[1.0,0.0],"evs":[0.0,-1.65363]},"T2s":{"weight":1.0,"played":[1.0,0.0],"evs":[0.0,-0.88466]},"T3s":{"weight":1.0,"played":[1.0,0.0],"evs":[0.0,-0.79292]},"T4s":{"weight":1.0,"played":[1.0,0.0],"evs":[0.0,-0.66478]},"T5s":{"weight":1.0,"played":[0.9993,7.0E-4],"evs":[0.0,-0.8341]},"T6s":{"weight":1.0,"played":[0.9998,2.0E-4],"evs":[0.0,-0.60636]},"T7s":{"weight":1.0,"played":[0.9979,0.0021],"evs":[0.0,-0.39139]},"T8s":{"weight":1.0,"played":[0.9981,0.0019],"evs":[0.0,-0.1664]},"T9s":{"weight":1.0,"played":[0.2421,0.7579],"evs":[0.0,0.10564]},"TT":{"weight":1.0,"played":[0.0,1.0],"evs":[0.0,2.50801]},"JTo":{"weight":1.0,"played":[0.9999,1.0E-4],"evs":[0.0,-0.39449]},"QTo":{"weight":1.0,"played":[1.0,0.0],"evs":[0.0,-0.49493]},"KTo":{"weight":1.0,"played":[0.9996,4.0E-4],"evs":[0.0,-0.50656]},"ATo":{"weight":1.0,"played":[1.0,0.0],"evs":[0.0,-1.08431]},"J2s":{"weight":1.0,"played":[0.9999,1.0E-4],"evs":[0.0,-0.86091]},"J3s":{"weight":1.0,"played":[1.0,0.0],"evs":[0.0,-0.90262]},"J4s":{"weight":1.0,"played":[0.9999,1.0E-4],"evs":[0.0,-0.87487]},"J5s":{"weight":1.0,"played":[1.0,0.0],"evs":[0.0,-0.71446]},"J6s":{"weight":1.0,"played":[0.9998,2.0E-4],"evs":[0.0,-0.68875]},"J7s":{"weight":1.0,"played":[0.9998,2.0E-4],"evs":[0.0,-0.51187]},"J8s":{"weight":1.0,"played":[0.9983,0.0017],"evs":[0.0,-0.33407]},"J9s":{"weight":1.0,"played":[0.3931,0.6069],"evs":[0.0,0.06832]},"JTs":{"weight":1.0,"played":[0.0048,0.9952],"evs":[0.0,0.48834]},"JJ":{"weight":1.0,"played":[0.0,1.0],"evs":[0.0,3.50749]},"QJo":{"weight":1.0,"played":[1.0,0.0],"evs":[0.0,-0.56715]},"KJo":{"weight":1.0,"played":[0.9996,4.0E-4],"evs":[0.0,-0.35287]},"AJo":{"weight":1.0,"played":[0.9994,6.0E-4],"evs":[0.0,-0.64498]},"Q2s":{"weight":1.0,"played":[1.0,0.0],"evs":[0.0,-0.84777]},"Q3s":{"weight":1.0,"played":[1.0,0.0],"evs":[0.0,-0.66416]},"Q4s":{"weight":1.0,"played":[0.9998,2.0E-4],"evs":[0.0,-0.55509]},"Q5s":{"weight":1.0,"played":[0.9991,9.0E-4],"evs":[0.0,-0.66637]},"Q6s":{"weight":1.0,"played":[0.9963,0.0037],"evs":[0.0,-0.71637]},"Q7s":{"weight":1.0,"played":[1.0,0.0],"evs":[0.0,-0.55839]},"Q8s":{"weight":1.0,"played":[0.9997,3.0E-4],"evs":[0.0,-0.38855]},"Q9s":{"weight":1.0,"played":[0.5583,0.4417],"evs":[0.0,0.07322]},"QTs":{"weight":1.0,"played":[0.0135,0.9865],"evs":[0.0,0.25019]},"QJs":{"weight":1.0,"played":[3.0E-4,0.9997],"evs":[0.0,0.27072]},"QQ":{"weight":1.0,"played":[0.0,1.0],"evs":[0.0,5.11414]},"KQo":{"weight":1.0,"played":[0.9998,2.0E-4],"evs":[0.0,-0.05637]},"AQo":{"weight":1.0,"played":[1.0E-4,0.9999],"evs":[0.0,0.53601]},"K2s":{"weight":1.0,"played":[0.9992,8.0E-4],"evs":[0.0,-0.67548]},"K3s":{"weight":1.0,"played":[1.0,0.0],"evs":[0.0,-0.51043]},"K4s":{"weight":1.0,"played":[0.9998,2.0E-4],"evs":[0.0,-0.4152]},"K5s":{"weight":1.0,"played":[0.9999,1.0E-4],"evs":[0.0,-0.44979]},"K6s":{"weight":1.0,"played":[0.9981,0.0019],"evs":[0.0,-0.40791]},"K7s":{"weight":1.0,"played":[0.9807,0.0193],"evs":[0.0,-0.24029]},"K8s":{"weight":1.0,"played":[0.9999,1.0E-4],"evs":[0.0,-0.33834]},"K9s":{"weight":1.0,"played":[0.0279,0.9721],"evs":[0.0,0.04442]},"KTs":{"weight":1.0,"played":[0.0177,0.9823],"evs":[0.0,0.41213]},"KJs":{"weight":1.0,"played":[0.0021,0.9979],"evs":[0.0,0.21333]},"KQs":{"weight":1.0,"played":[0.0,1.0],"evs":[0.0,0.7601]},"KK":{"weight":1.0,"played":[0.0,1.0],"evs":[0.0,7.27606]},"AKo":{"weight":1.0,"played":[0.0,1.0],"evs":[0.0,1.6644]},"A2s":{"weight":1.0,"played":[1.0,0.0],"evs":[0.0,-0.91986]},"A3s":{"weight":1.0,"played":[0.9999,1.0E-4],"evs":[0.0,-0.81022]},"A4s":{"weight":1.0,"played":[1.0,0.0],"evs":[0.0,-0.80523]},"A5s":{"weight":1.0,"played":[0.9984,0.0016],"evs":[0.0,-0.74565]},"A6s":{"weight":1.0,"played":[1.0,0.0],"evs":[0.0,-1.21867]},"A7s":{"weight":1.0,"played":[1.0,0.0],"evs":[0.0,-0.83995]},"A8s":{"weight":1.0,"played":[1.0,0.0],"evs":[0.0,-0.7602]},"A9s":{"weight":1.0,"played":[0.9976,0.0024],"evs":[0.0,-0.63339]},"ATs":{"weight":1.0,"played":[0.9895,0.0105],"evs":[0.0,-0.05445]},"AJs":{"weight":1.0,"played":[0.0095,0.9905],"evs":[0.0,0.23348]},"AQs":{"weight":1.0,"played":[0.0,1.0],"evs":[0.0,1.23135]},"AKs":{"weight":1.0,"played":[0.0,1.0],"evs":[0.0,2.28438]},"AA":{"weight":1.0,"played":[0.0,1.0],"evs":[0.0,10.01828]}}}