{"player":4,"street":0,"children":2,"sequence":[{"player":0,"type":"F","amount":0,"street":0},{"player":1,"type":"R","amount":2035000,"street":0},{"player":2,"type":"F","amount":0,"street":0},{"player":3,"type":"F","amount":0,"street":0}],"actions":[{"type":"F","amount":0,"node":226},{"type":"C","amount":1985000,"node":227}],"hands":{"22":{"weight":1.0,"played":[1.0,0.0],"evs":[0.0,-1.62105]},"32o":{"weight":1.0,"played":[1.0,0.0],"evs":[0.0,-6.7737]},"42o":{"weight":1.0,"played":[1.0,0.0],"evs":[0.0,-6.40169]},"52o":{"weight":1.0,"played":[1.0,0.0],"evs":[0.0,-5.95353]},"62o":{"weight":1.0,"played":[1.0,0.0],"evs":[0.0,-6.14295]},"72o":{"weight":1.0,"played":[1.0,0.0],"evs":[0.0,-6.29643]},"82o":{"weight":1.0,"played":[1.0,0.0],"evs":[0.0,-6.04499]},"92o":{"weight":1.0,"played":[1.0,0.0],"evs":[0.0,-6.18269]},"T2o":{"weight":1.0,"played":[1.0,0.0],"evs":[0.0,-6.05494]},"J2o":{"weight":1.0,"played":[1.0,0.0],"evs":[0.0,-6.05195]},"Q2o":{"weight":1.0,"played":[1.0,0.0],"evs":[0.0,-5.3077]},"K2o":{"weight":1.0,"played":[1.0,0.0],"evs":[0.0,-5.07944]},"A2o":{"weight":1.0,"played":[1.0,0.0],"evs":[0.0,-2.85559]},"32s":{"weight":1.0,"played":[1.0,0.0],"evs":[0.0,-5.38959]},"33":{"weight":1.0,"played":[0.0111,0.9889],"evs":[0.0,0.06337]},"43o":{"weight":1.0,"played":[1.0,0.0],"evs":[0.0,-5.51136]},"53o":{"weight":1.0,"played":[1.0,0.0],"evs":[0.0,-5.13225]},"63o":{"weight":1.0,"played":[1.0,0.0],"evs":[0.0,-5.297]},"73o":{"weight":1.0,"played":[1.0,0.0],"evs":[0.0,-5.48314]},"83o":{"weight":1.0,"played":[1.0,0.0],"evs":[0.0,-5.70154]},"93o":{"weight":1.0,"played":[1.0,0.0],"evs":[0.0,-5.71081]},"T3o":{"weight":1.0,"played":[1.0,0.0],"evs":[0.0,-5.5794]},"J3o":{"weight":1.0,"played":[1.0,0.0],"evs":[0.0,-5.53923]},"Q3o":{"weight":1.0,"played":[1.0,0.0],"evs":[0.0,-4.86138]},"K3o":{"weight":1.0,"played":[1.0,0.0],"evs":[0.0,-4.60033]},"A3o":{"weight":1.0,"played":[1.0,0.0],"evs":[0.0,-2.3769]},"42s":{"weight":1.0,"played":[1.0,0.0],"evs":[0.0,-5.07952]},"43s":{"weight":1.0,"played":[1.0,0.0],"evs":[0.0,-4.28889]},"44":{"weight":1.0,"played":[0.0,1.0],"evs":[0.0,1.59718]},"54o":{"weight":1.0,"played":[1.0,0.0],"evs":[0.0,-4.4237]},"64o":{"weight":1.0,"played":[1.0,0.0],"evs":[0.0,-4.54477]},"74o":{"weight":1.0,"played":[1.0,0.0],"evs":[0.0,-4.75622]},"84o":{"weight":1.0,"played":[1.0,0.0],"evs":[0.0,-5.01486]},"94o":{"weight":1.0,"played":[1.0,0.0],"evs":[0.0,-5.49464]},"T4o":{"weight":1.0,"played":[1.0,0.0],"evs":[0.0,-5.26781]},"J4o":{"weight":1.0,"played":[1.0,0.0],"evs":[0.0,-5.18845]},"Q4o":{"weight":1.0,"played":[1.0,0.0],"evs":[0.0,-4.51748]},"K4o":{"weight":1.0,"played":[1.0,0.0],"evs":[0.0,-4.28685]},"A4o":{"weight":1.0,"played":[1.0,0.0],"evs":[0.0,-1.93544]},"52s":{"weight":1.0,"played":[1.0,0.0],"evs":[0.0,-4.64954]},"53s":{"weight":1.0,"played":[1.0,0.0],"evs":[0.0,-3.82311]},"54s":{"weight":1.0,"played":[1.0,0.0],"evs":[0.0,-3.13803]},"55":{"weight":1.0,"played":[0.0,1.0],"evs":[0.0,3.05233]},"65o":{"weight":1.0,"played":[1.0,0.0],"evs":[0.0,-3.83757]},"75o":{"weight":1.0,"played":[1.0,0.0],"evs":[0.0,-4.01074]},"85o":{"weight":1.0,"played":[1.0,0.0],"evs":[0.0,-4.22046]},"95o":{"weight":1.0,"played":[1.0,0.0],"evs":[0.0,-4.72282]},"T5o":{"weight":1.0,"played":[1.0,0.0],"evs":[0.0,-4.9707]},"J5o":{"weight":1.0,"played":[1.0,0.0],"evs":[0.0,-4.82032]},"Q5o":{"weight":1.0,"played":[1.0,0.0],"evs":[0.0,-4.18669]},"K5o":{"weight":1.0,"played":[1.0,0.0],"evs":[0.0,-3.89066]},"A5o":{"weight":1.0,"played":[1.0,0.0],"evs":[0.0,-1.44613]},"62s":{"weight":1.0,"played":[1.0,0.0],"evs":[0.0,-4.7693]},"63s":{"weight":1.0,"played":[1.0,0.0],"evs":[0.0,-4.07114]},"64s":{"weight":1.0,"played":[1.0,0.0],"evs":[0.0,-3.33433]},"65s":{"weight":1.0,"played":[1.0,0.0],"evs":[0.0,-2.67303]},"66":{"weight":1.0,"played":[0.0,1.0],"evs":[0.0,4.24861]},"76o":{"weight":1.0,"played":[1.0,0.0],"evs":[0.0,-3.33883]},"86o":{"weight":1.0,"played":[1.0,0.0],"evs":[0.0,-3.51443]},"96o":{"weight":1.0,"played":[1.0,0.0],"evs":[0.0,-3.99632]},"T6o":{"weight":1.0,"played":[1.0,0.0],"evs":[0.0,-4.2373]},"J6o":{"weight":1.0,"played":[1.0,0.0],"evs":[0.0,-4.55601]},"Q6o":{"weight":1.0,"played":[1.0,0.0],"evs":[0.0,-3.8255]},"K6o":{"weight":1.0,"played":[1.0,0.0],"evs":[0.0,-3.52821]},"A6o":{"weight":1.0,"played":[1.0,0.0],"evs":[0.0,-1.2599]},"72s":{"weight":1.0,"played":[1.0,0.0],"evs":[0.0,-4.96397]},"73s":{"weight":1.0,"played":[1.0,0.0],"evs":[0.0,-4.2344]},"74s":{"weight":1.0,"played":[1.0,0.0],"evs":[0.0,-3.54629]},"75s":{"weight":1.0,"played":[1.0,0.0],"evs":[0.0,-2.81562]},"76s":{"weight":1.0,"played":[1.0,0.0],"evs":[0.0,-2.16682]},"77":{"weight":1.0,"played":[0.0,1.0],"evs":[0.0,4.89572]},"87o":{"weight":1.0,"played":[1.0,0.0],"evs":[0.0,-2.98553]},"97o":{"weight":1.0,"played":[1.0,0.0],"evs":[0.0,-3.40164]},"T7o":{"weight":1.0,"played":[1.0,0.0],"evs":[0.0,-3.59373]},"J7o":{"weight":1.0,"played":[1.0,0.0],"evs":[0.0,-3.97932]},"Q7o":{"weight":1.0,"played":[1.0,0.0],"evs":[0.0,-3.73742]},"K7o":{"weight":1.0,"played":[1.0,0.0],"evs":[0.0,-3.3164]},"A7o":{"weight":1.0,"played":[1.0,0.0],"evs":[0.0,-0.55623]},"82s":{"weight":1.0,"played":[1.0,0.0],"evs":[0.0,-4.76625]},"83s":{"weight":1.0,"played":[1.0,0.0],"evs":[0.0,-4.43504]},"84s":{"weight":1.0,"played":[1.0,0.0],"evs":[0.0,-3.77655]},"85s":{"weight":1.0,"played":[1.0,0.0],"evs":[0.0,-2.98201]},"86s":{"weight":1.0,"played":[1.0,0.0],"evs":[0.0,-2.39472]},"87s":{"weight":1.0,"played":[1.0,0.0],"evs":[0.0,-1.87958]},"88":{"weight":1.0,"played":[0.0,1.0],"evs":[0.0,5.32594]},"98o":{"weight":1.0,"played":[1.0,0.0],"evs":[0.0,-2.9284]},"T8o":{"weight":1.0,"played":[1.0,0.0],"evs":[0.0,-3.14007]},"J8o":{"weight":1.0,"played":[1.0,0.0],"evs":[0.0,-3.49898]},"Q8o":{"weight":1.0,"played":[1.0,0.0],"evs":[0.0,-3.27531]},"K8o":{"weight":1.0,"played":[1.0,0.0],"evs":[0.0,-3.05218]},"A8o":{"weight":1.0,"played":[0.9923,0.0077],"evs":[0.0,-0.04009]},"92s":{"weight":1.0,"played":[1.0,0.0],"evs":[0.0,-4.87247]},"93s":{"weight":1.0,"played":[1.0,0.0],"evs":[0.0,-4.4317]},"94s":{"weight":1.0,"played":[1.0,0.0],"evs":[0.0,-4.22489]},"95s":{"weight":1.0,"played":[1.0,0.0],"evs":[0.0,-3.43637]},"96s":{"weight":1.0,"played":[1.0,0.0],"evs":[0.0,-2.78185]},"97s":{"weight":1.0,"played":[1.0,0.0],"evs":[0.0,-2.29416]},"98s":{"weight":1.0,"played":[1.0,0.0],"evs":[0.0,-1.7684]},"99":{"weight":1.0,"played":[0.0,1.0],"evs":[0.0,5.96269]},"T9o":{"weight":1.0,"played":[1.0,0.0],"evs":[0.0,-2.84566]},"J9o":{"weight":1.0,"played":[1.0,0.0],"evs":[0.0,-3.22644]},"Q9o":{"weight":1.0,"played":[1.0,0.0],"evs":[0.0,-2.93884]},"K9o":{"weight":1.0,"played":[1.0,0.0],"evs":[0.0,-2.37934]},"A9o":{"weight":1.0,"played":[0.0,1.0],"evs":[0.0,0.53305]},"T2s":{"weight":1.0,"played":[1.0,0.0],"evs":[0.0,-4.70247]},"T3s":{"weight":1.0,"played":[1.0,0.0],"evs":[0.0,-4.29062]},"T4s":{"weight":1.0,"played":[1.0,0.0],"evs":[0.0,-3.98572]},"T5s":{"weight":1.0,"played":[1.0,0.0],"evs":[0.0,-3.75131]},"T6s":{"weight":1.0,"played":[1.0,0.0],"evs":[0.0,-3.02004]},"T7s":{"weight":1.0,"played":[1.0,0.0],"evs":[0.0,-2.4285]},"T8s":{"weight":1.0,"played":[1.0,0.0],"evs":[0.0,-1.96048]},"T9s":{"weight":1.0,"played":[1.0,0.0],"evs":[0.0,-1.7325]},"TT":{"weight":1.0,"played":[0.0,1.0],"evs":[0.0,7.21656]},"JTo":{"weight":1.0,"played":[1.0,0.0],"evs":[0.0,-2.33103]},"QTo":{"weight":1.0,"played":[1.0,0.0],"evs":[0.0,-2.09542]},"KTo":{"weight":1.0,"played":[1.0,0.0],"evs":[0.0,-1.07274]},"ATo":{"weight":1.0,"played":[0.0,1.0],"evs":[0.0,2.234]},"J2s":{"weight":1.0,"played":[1.0,0.0],"evs":[0.0,-4.71335]},"J3s":{"weight":1.0,"played":[1.0,0.0],"evs":[0.0,-4.30267]},"J4s":{"weight":1.0,"played":[1.0,0.0],"evs":[0.0,-3.87839]},"J5s":{"weight":1.0,"played":[1.0,0.0],"evs":[0.0,-3.61886]},"J6s":{"weight":1.0,"played":[1.0,0.0],"evs":[0.0,-3.36801]},"J7s":{"weight":1.0,"played":[1.0,0.0],"evs":[0.0,-2.75093]},"J8s":{"weight":1.0,"played":[1.0,0.0],"evs":[0.0,-2.31998]},"J9s":{"weight":1.0,"played":[1.0,0.0],"evs":[0.0,-2.11289]},"JTs":{"weight":1.0,"played":[1.0,0.0],"evs":[0.0,-1.23718]},"JJ":{"weight":1.0,"played":[0.0,1.0],"evs":[0.0,8.42559]},"QJo":{"weight":1.0,"played":[1.0,0.0],"evs":[0.0,-1.85583]},"KJo":{"weight":1.0,"played":[1.0,0.0],"evs":[0.0,-0.70449]},"AJo":{"weight":1.0,"played":[0.0,1.0],"evs":[0.0,3.89802]},"Q2s":{"weight":1.0,"played":[1.0,0.0],"evs":[0.0,-4.00609]},"Q3s":{"weight":1.0,"played":[1.0,0.0],"evs":[0.0,-3.63966]},"Q4s":{"weight":1.0,"played":[1.0,0.0],"evs":[0.0,-3.30196]},"Q5s":{"weight":1.0,"played":[1.0,0.0],"evs":[0.0,-2.99074]},"Q6s":{"weight":1.0,"played":[1.0,0.0],"evs":[0.0,-2.64359]},"Q7s":{"weight":1.0,"played":[1.0,0.0],"evs":[0.0,-2.55477]},"Q8s":{"weight":1.0,"played":[1.0,0.0],"evs":[0.0,-2.07358]},"Q9s":{"weight":1.0,"played":[1.0,0.0],"evs":[0.0,-1.77515]},"QTs":{"weight":1.0,"played":[1.0,0.0],"evs":[0.0,-0.97509]},"QJs":{"weight":1.0,"played":[1.0,0.0],"evs":[0.0,-0.78159]},"QQ":{"weight":1.0,"played":[0.0,1.0],"evs":[0.0,9.06572]},"KQo":{"weight":1.0,"played":[0.0,1.0],"evs":[0.0,0.14815]},"AQo":{"weight":1.0,"played":[0.0,1.0],"evs":[0.0,5.10616]},"K2s":{"weight":1.0,"played":[1.0,0.0],"evs":[0.0,-3.75476]},"K3s":{"weight":1.0,"played":[1.0,0.0],"evs":[0.0,-3.30746]},"K4s":{"weight":1.0,"played":[1.0,0.0],"evs":[0.0,-2.98336]},"K5s":{"weight":1.0,"played":[1.0,0.0],"evs":[0.0,-2.62569]},"K6s":{"weight":1.0,"played":[1.0,0.0],"evs":[0.0,-2.37015]},"K7s":{"weight":1.0,"played":[1.0,0.0],"evs":[0.0,-2.14591]},"K8s":{"weight":1.0,"played":[1.0,0.0],"evs":[0.0,-1.80113]},"K9s":{"weight":1.0,"played":[1.0,0.0],"evs":[0.0,-1.1944]},"KTs":{"weight":1.0,"played":[0.46,0.54],"evs":[0.0,0.00819]},"KJs":{"weight":1.0,"played":[0.0,1.0],"evs":[0.0,0.27808]},"KQs":{"weight":1.0,"played":[0.0,1.0],"evs":[0.0,1.1016]},"KK":{"weight":1.0,"played":[0.0,1.0],"evs":[0.0,10.11729]},"AKo":{"weight":1.0,"played":[0.0,1.0],"evs":[0.0,5.715]},"A2s":{"weight":1.0,"played":[1.0,0.0],"evs":[0.0,-1.66227]},"A3s":{"weight":1.0,"played":[1.0,0.0],"evs":[0.0,-1.16724]},"A4s":{"weight":1.0,"played":[1.0,0.0],"evs":[0.0,-0.69322]},"A5s":{"weight":1.0,"played":[0.9998,2.0E-4],"evs":[0.0,-0.24692]},"A6s":{"weight":1.0,"played":[0.9988,0.0012],"evs":[0.0,-0.12909]},"A7s":{"weight":1.0,"played":[0.0,1.0],"evs":[0.0,0.49141]},"A8s":{"weight":1.0,"played":[0.0,1.0],"evs":[0.0,0.95404]},"A9s":{"weight":1.0,"played":[0.0,1.0],"evs":[0.0,1.53417]},"ATs":{"weight":1.0,"played":[0.0,1.0],"evs":[0.0,3.06635]},"AJs":{"weight":1.0,"played":[0.0,1.0],"evs":[0.0,4.73352]},"AQs":{"weight":1.0,"played":[0.0,1.0],"evs":[0.0,5.84405]},"AKs":{"weight":1.0,"played":[0.0,1.0],"evs":[0.0,6.33979]},"AA":{"weight":1.0,"played":[0.0,1.0],"evs":[0.0,13.60587]}}}