{"player":5,"street":0,"children":2,"sequence":[{"player":0,"type":"F","amount":0,"street":0},{"player":1,"type":"R","amount":2035000,"street":0},{"player":2,"type":"F","amount":0,"street":0},{"player":3,"type":"F","amount":0,"street":0},{"player":4,"type":"F","amount":0,"street":0}],"actions":[{"type":"F","amount":0},{"type":"C","amount":635000}],"hands":{"22":{"weight":1.0,"played":[0.0,1.0],"evs":[0.0,0.48429]},"32o":{"weight":1.0,"played":[1.0,0.0],"evs":[0.0,-1.56458]},"42o":{"weight":1.0,"played":[1.0,0.0],"evs":[0.0,-1.4265]},"52o":{"weight":1.0,"played":[1.0,0.0],"evs":[0.0,-1.25778]},"62o":{"weight":1.0,"played":[1.0,0.0],"evs":[0.0,-1.31731]},"72o":{"weight":1.0,"played":[1.0,0.0],"evs":[0.0,-1.37991]},"82o":{"weight":1.0,"played":[1.0,0.0],"evs":[0.0,-1.27187]},"92o":{"weight":1.0,"played":[1.0,0.0],"evs":[0.0,-1.32588]},"T2o":{"weight":1.0,"played":[1.0,0.0],"evs":[0.0,-1.26861]},"J2o":{"weight":1.0,"played":[1.0,0.0],"evs":[0.0,-1.25661]},"Q2o":{"weight":1.0,"played":[1.0,0.0],"evs":[0.0,-0.98491]},"K2o":{"weight":1.0,"played":[1.0,0.0],"evs":[0.0,-0.88882]},"A2o":{"weight":1.0,"played":[0.0525,0.9475],"evs":[0.0,0.01183]},"32s":{"weight":1.0,"played":[1.0,0.0],"evs":[0.0,-1.06616]},"33":{"weight":1.0,"played":[0.0,1.0],"evs":[0.0,1.14155]},"43o":{"weight":1.0,"played":[1.0,0.0],"evs":[0.0,-1.08462]},"53o":{"weight":1.0,"played":[1.0,0.0],"evs":[0.0,-0.91717]},"63o":{"weight":1.0,"played":[1.0,0.0],"evs":[0.0,-1.00413]},"73o":{"weight":1.0,"played":[1.0,0.0],"evs":[0.0,-1.04687]},"83o":{"weight":1.0,"played":[1.0,0.0],"evs":[0.0,-1.1539]},"93o":{"weight":1.0,"played":[1.0,0.0],"evs":[0.0,-1.15063]},"T3o":{"weight":1.0,"played":[1.0,0.0],"evs":[0.0,-1.07953]},"J3o":{"weight":1.0,"played":[1.0,0.0],"evs":[0.0,-1.07901]},"Q3o":{"weight":1.0,"played":[1.0,0.0],"evs":[0.0,-0.80501]},"K3o":{"weight":1.0,"played":[1.0,0.0],"evs":[0.0,-0.73726]},"A3o":{"weight":1.0,"played":[0.0,1.0],"evs":[0.0,0.20711]},"42s":{"weight":1.0,"played":[1.0,0.0],"evs":[0.0,-0.92803]},"43s":{"weight":1.0,"played":[1.0,0.0],"evs":[0.0,-0.64334]},"44":{"weight":1.0,"played":[0.0,1.0],"evs":[0.0,1.7325]},"54o":{"weight":1.0,"played":[1.0,0.0],"evs":[0.0,-0.65964]},"64o":{"weight":1.0,"played":[1.0,0.0],"evs":[0.0,-0.71908]},"74o":{"weight":1.0,"played":[1.0,0.0],"evs":[0.0,-0.7843]},"84o":{"weight":1.0,"played":[1.0,0.0],"evs":[0.0,-0.86428]},"94o":{"weight":1.0,"played":[1.0,0.0],"evs":[0.0,-1.05167]},"T4o":{"weight":1.0,"played":[1.0,0.0],"evs":[0.0,-0.94665]},"J4o":{"weight":1.0,"played":[1.0,0.0],"evs":[0.0,-0.9477]},"Q4o":{"weight":1.0,"played":[1.0,0.0],"evs":[0.0,-0.67798]},"K4o":{"weight":1.0,"played":[1.0,0.0],"evs":[0.0,-0.59833]},"A4o":{"weight":1.0,"played":[0.0,1.0],"evs":[0.0,0.36343]},"52s":{"weight":1.0,"played":[1.0,0.0],"evs":[0.0,-0.76253]},"53s":{"weight":1.0,"played":[1.0,0.0],"evs":[0.0,-0.46179]},"54s":{"weight":1.0,"played":[0.9999,1.0E-4],"evs":[0.0,-0.18546]},"55":{"weight":1.0,"played":[0.0,1.0],"evs":[0.0,2.30992]},"65o":{"weight":1.0,"played":[1.0,0.0],"evs":[0.0,-0.43205]},"75o":{"weight":1.0,"played":[1.0,0.0],"evs":[0.0,-0.50401]},"85o":{"weight":1.0,"played":[1.0,0.0],"evs":[0.0,-0.58577]},"95o":{"weight":1.0,"played":[1.0,0.0],"evs":[0.0,-0.7453]},"T5o":{"weight":1.0,"played":[1.0,0.0],"evs":[0.0,-0.85604]},"J5o":{"weight":1.0,"played":[1.0,0.0],"evs":[0.0,-0.80969]},"Q5o":{"weight":1.0,"played":[1.0,0.0],"evs":[0.0,-0.55179]},"K5o":{"weight":1.0,"played":[1.0,0.0],"evs":[0.0,-0.4453]},"A5o":{"weight":1.0,"played":[0.0,1.0],"evs":[0.0,0.56706]},"62s":{"weight":1.0,"played":[1.0,0.0],"evs":[0.0,-0.83385]},"63s":{"weight":1.0,"played":[1.0,0.0],"evs":[0.0,-0.50683]},"64s":{"weight":1.0,"played":[1.0,0.0],"evs":[0.0,-0.25384]},"65s":{"weight":1.0,"played":[0.1952,0.8048],"evs":[0.0,0.00708]},"66":{"weight":1.0,"played":[0.0,1.0],"evs":[0.0,2.77167]},"76o":{"weight":1.0,"played":[1.0,0.0],"evs":[0.0,-0.22809]},"86o":{"weight":1.0,"played":[1.0,0.0],"evs":[0.0,-0.31931]},"96o":{"weight":1.0,"played":[1.0,0.0],"evs":[0.0,-0.49034]},"T6o":{"weight":1.0,"played":[1.0,0.0],"evs":[0.0,-0.55781]},"J6o":{"weight":1.0,"played":[1.0,0.0],"evs":[0.0,-0.70068]},"Q6o":{"weight":1.0,"played":[1.0,0.0],"evs":[0.0,-0.41316]},"K6o":{"weight":1.0,"played":[1.0,0.0],"evs":[0.0,-0.31184]},"A6o":{"weight":1.0,"played":[0.0,1.0],"evs":[0.0,0.63799]},"72s":{"weight":1.0,"played":[1.0,0.0],"evs":[0.0,-0.88293]},"73s":{"weight":1.0,"played":[1.0,0.0],"evs":[0.0,-0.58062]},"74s":{"weight":1.0,"played":[1.0,0.0],"evs":[0.0,-0.33409]},"75s":{"weight":1.0,"played":[0.9997,3.0E-4],"evs":[0.0,-0.0695]},"76s":{"weight":1.0,"played":[0.0,1.0],"evs":[0.0,0.2138]},"77":{"weight":1.0,"played":[0.0,1.0],"evs":[0.0,3.0115]},"87o":{"weight":1.0,"played":[1.0,0.0],"evs":[0.0,-0.10873]},"97o":{"weight":1.0,"played":[1.0,0.0],"evs":[0.0,-0.26512]},"T7o":{"weight":1.0,"played":[1.0,0.0],"evs":[0.0,-0.34688]},"J7o":{"weight":1.0,"played":[1.0,0.0],"evs":[0.0,-0.47986]},"Q7o":{"weight":1.0,"played":[1.0,0.0],"evs":[0.0,-0.38197]},"K7o":{"weight":1.0,"played":[1.0,0.0],"evs":[0.0,-0.22194]},"A7o":{"weight":1.0,"played":[0.0,1.0],"evs":[0.0,0.89785]},"82s":{"weight":1.0,"played":[1.0,0.0],"evs":[0.0,-0.79875]},"83s":{"weight":1.0,"played":[1.0,0.0],"evs":[0.0,-0.65334]},"84s":{"weight":1.0,"played":[1.0,0.0],"evs":[0.0,-0.40851]},"85s":{"weight":1.0,"played":[1.0,0.0],"evs":[0.0,-0.12995]},"86s":{"weight":1.0,"played":[0.0,1.0],"evs":[0.0,0.11171]},"87s":{"weight":1.0,"played":[0.0,1.0],"evs":[0.0,0.32215]},"88":{"weight":1.0,"played":[0.0,1.0],"evs":[0.0,3.15559]},"98o":{"weight":1.0,"played":[1.0,0.0],"evs":[0.0,-0.07217]},"T8o":{"weight":1.0,"played":[1.0,0.0],"evs":[0.0,-0.15405]},"J8o":{"weight":1.0,"played":[1.0,0.0],"evs":[0.0,-0.29193]},"Q8o":{"weight":1.0,"played":[1.0,0.0],"evs":[0.0,-0.19763]},"K8o":{"weight":1.0,"played":[0.9999,1.0E-4],"evs":[0.0,-0.10947]},"A8o":{"weight":1.0,"played":[0.0,1.0],"evs":[0.0,1.11721]},"92s":{"weight":1.0,"played":[1.0,0.0],"evs":[0.0,-0.82813]},"93s":{"weight":1.0,"played":[1.0,0.0],"evs":[0.0,-0.64717]},"94s":{"weight":1.0,"played":[1.0,0.0],"evs":[0.0,-0.57397]},"95s":{"weight":1.0,"played":[1.0,0.0],"evs":[0.0,-0.32257]},"96s":{"weight":1.0,"played":[0.9622,0.0378],"evs":[0.0,-0.05285]},"97s":{"weight":1.0,"played":[0.0,1.0],"evs":[0.0,0.1559]},"98s":{"weight":1.0,"played":[0.0,1.0],"evs":[0.0,0.31504]},"99":{"weight":1.0,"played":[0.0,1.0],"evs":[0.0,3.38791]},"T9o":{"weight":1.0,"played":[0.9887,0.0113],"evs":[0.0,-0.06242]},"J9o":{"weight":1.0,"played":[1.0,0.0],"evs":[0.0,-0.19391]},"Q9o":{"weight":1.0,"played":[0.9882,0.0118],"evs":[0.0,-0.0952]},"K9o":{"weight":1.0,"played":[1.0E-4,0.9999],"evs":[0.0,0.14507]},"A9o":{"weight":1.0,"played":[0.0,1.0],"evs":[0.0,1.33733]},"T2s":{"weight":1.0,"played":[1.0,0.0],"evs":[0.0,-0.78146]},"T3s":{"weight":1.0,"played":[1.0,0.0],"evs":[0.0,-0.59462]},"T4s":{"weight":1.0,"played":[1.0,0.0],"evs":[0.0,-0.47785]},"T5s":{"weight":1.0,"played":[1.0,0.0],"evs":[0.0,-0.36101]},"T6s":{"weight":1.0,"played":[1.0,0.0],"evs":[0.0,-0.12833]},"T7s":{"weight":1.0,"played":[4.0E-4,0.9996],"evs":[0.0,0.11143]},"T8s":{"weight":1.0,"played":[0.0,1.0],"evs":[0.0,0.24995]},"T9s":{"weight":1.0,"played":[0.0,1.0],"evs":[0.0,0.34612]},"TT":{"weight":1.0,"played":[0.0,1.0],"evs":[0.0,3.81412]},"JTo":{"weight":1.0,"played":[0.0,1.0],"evs":[0.0,0.14278]},"QTo":{"weight":1.0,"played":[0.0,1.0],"evs":[0.0,0.24305]},"KTo":{"weight":1.0,"played":[0.0,1.0],"evs":[0.0,0.65526]},"ATo":{"weight":1.0,"played":[0.0,1.0],"evs":[0.0,2.00551]},"J2s":{"weight":1.0,"played":[1.0,0.0],"evs":[0.0,-0.76226]},"J3s":{"weight":1.0,"played":[1.0,0.0],"evs":[0.0,-0.60629]},"J4s":{"weight":1.0,"played":[1.0,0.0],"evs":[0.0,-0.4704]},"J5s":{"weight":1.0,"played":[1.0,0.0],"evs":[0.0,-0.31308]},"J6s":{"weight":1.0,"played":[0.9999,1.0E-4],"evs":[0.0,-0.23197]},"J7s":{"weight":1.0,"played":[0.7144,0.2856],"evs":[0.0,-0.01885]},"J8s":{"weight":1.0,"played":[0.0,1.0],"evs":[0.0,0.14346]},"J9s":{"weight":1.0,"played":[0.0,1.0],"evs":[0.0,0.22298]},"JTs":{"weight":1.0,"played":[0.0,1.0],"evs":[0.0,0.57529]},"JJ":{"weight":1.0,"played":[0.0,1.0],"evs":[0.0,4.28047]},"QJo":{"weight":1.0,"played":[0.0,1.0],"evs":[0.0,0.34377]},"KJo":{"weight":1.0,"played":[0.0,1.0],"evs":[0.0,0.79148]},"AJo":{"weight":1.0,"played":[0.0,1.0],"evs":[0.0,2.63398]},"Q2s":{"weight":1.0,"played":[1.0,0.0],"evs":[0.0,-0.52993]},"Q3s":{"weight":1.0,"played":[1.0,0.0],"evs":[0.0,-0.33038]},"Q4s":{"weight":1.0,"played":[1.0,0.0],"evs":[0.0,-0.22047]},"Q5s":{"weight":1.0,"played":[0.9993,7.0E-4],"evs":[0.0,-0.08777]},"Q6s":{"weight":1.0,"played":[0.0739,0.9261],"evs":[0.0,0.02524]},"Q7s":{"weight":1.0,"played":[4.0E-4,0.9996],"evs":[0.0,0.08386]},"Q8s":{"weight":1.0,"played":[0.0,1.0],"evs":[0.0,0.24115]},"Q9s":{"weight":1.0,"played":[0.0,1.0],"evs":[0.0,0.34622]},"QTs":{"weight":1.0,"played":[0.0,1.0],"evs":[0.0,0.66005]},"QJs":{"weight":1.0,"played":[0.0,1.0],"evs":[0.0,0.709]},"QQ":{"weight":1.0,"played":[0.0,1.0],"evs":[0.0,4.50592]},"KQo":{"weight":1.0,"played":[0.0,1.0],"evs":[0.0,1.12444]},"AQo":{"weight":1.0,"played":[0.0,1.0],"evs":[0.0,3.09954]},"K2s":{"weight":1.0,"played":[1.0,0.0],"evs":[0.0,-0.38354]},"K3s":{"weight":1.0,"played":[1.0,0.0],"evs":[0.0,-0.21711]},"K4s":{"weight":1.0,"played":[0.9997,3.0E-4],"evs":[0.0,-0.09657]},"K5s":{"weight":1.0,"played":[0.0511,0.9489],"evs":[0.0,0.0241]},"K6s":{"weight":1.0,"played":[2.0E-4,0.9998],"evs":[0.0,0.16455]},"K7s":{"weight":1.0,"played":[0.0,1.0],"evs":[0.0,0.24201]},"K8s":{"weight":1.0,"played":[0.0,1.0],"evs":[0.0,0.3315]},"K9s":{"weight":1.0,"played":[0.0,1.0],"evs":[0.0,0.59097]},"KTs":{"weight":1.0,"played":[0.0,1.0],"evs":[0.0,1.04303]},"KJs":{"weight":1.0,"played":[0.0,1.0],"evs":[0.0,1.16433]},"KQs":{"weight":1.0,"played":[0.0,1.0],"evs":[0.0,1.47491]},"KK":{"weight":1.0,"played":[0.0,1.0],"evs":[0.0,4.83267]},"AKo":{"weight":1.0,"played":[0.0,1.0],"evs":[0.0,3.32473]},"A2s":{"weight":1.0,"played":[0.0,1.0],"evs":[0.0,0.50966]},"A3s":{"weight":1.0,"played":[0.0,1.0],"evs":[0.0,0.64948]},"A4s":{"weight":1.0,"played":[0.0,1.0],"evs":[0.0,0.80933]},"A5s":{"weight":1.0,"played":[0.0,1.0],"evs":[0.0,0.97633]},"A6s":{"weight":1.0,"played":[0.0,1.0],"evs":[0.0,1.04296]},"A7s":{"weight":1.0,"played":[0.0,1.0],"evs":[0.0,1.26975]},"A8s":{"weight":1.0,"played":[0.0,1.0],"evs":[0.0,1.4815]},"A9s":{"weight":1.0,"played":[0.0,1.0],"evs":[0.0,1.67899]},"ATs":{"weight":1.0,"played":[0.0,1.0],"evs":[0.0,2.32231]},"AJs":{"weight":1.0,"played":[0.0,1.0],"evs":[0.0,2.92748]},"AQs":{"weight":1.0,"played":[0.0,1.0],"evs":[0.0,3.35022]},"AKs":{"weight":1.0,"played":[0.0,1.0],"evs":[0.0,3.50605]},"AA":{"weight":1.0,"played":[0.0,1.0],"evs":[0.0,6.18662]}}}