{"player":3,"street":0,"children":2,"sequence":[{"player":0,"type":"F","amount":0,"street":0},{"player":1,"type":"R","amount":2035000,"street":0},{"player":2,"type":"C","amount":985000,"street":0}],"actions":[{"type":"F","amount":0,"node":232},{"type":"C","amount":1905000,"node":235}],"hands":{"22":{"weight":1.0,"played":[1.0,0.0],"evs":[0.0,-2.29334]},"32o":{"weight":1.0,"played":[1.0,0.0],"evs":[0.0,-6.61431]},"42o":{"weight":1.0,"played":[1.0,0.0],"evs":[0.0,-6.21758]},"52o":{"weight":1.0,"played":[1.0,0.0],"evs":[0.0,-5.85688]},"62o":{"weight":1.0,"played":[1.0,0.0],"evs":[0.0,-6.0865]},"72o":{"weight":1.0,"played":[1.0,0.0],"evs":[0.0,-6.38761]},"82o":{"weight":1.0,"played":[1.0,0.0],"evs":[0.0,-6.06226]},"92o":{"weight":1.0,"played":[1.0,0.0],"evs":[0.0,-6.25027]},"T2o":{"weight":1.0,"played":[1.0,0.0],"evs":[0.0,-6.23153]},"J2o":{"weight":1.0,"played":[1.0,0.0],"evs":[0.0,-6.11767]},"Q2o":{"weight":1.0,"played":[1.0,0.0],"evs":[0.0,-5.48171]},"K2o":{"weight":1.0,"played":[1.0,0.0],"evs":[0.0,-5.42674]},"A2o":{"weight":1.0,"played":[1.0,0.0],"evs":[0.0,-4.71675]},"32s":{"weight":1.0,"played":[1.0,0.0],"evs":[0.0,-5.00448]},"33":{"weight":1.0,"played":[1.0,0.0],"evs":[0.0,-1.00519]},"43o":{"weight":1.0,"played":[1.0,0.0],"evs":[0.0,-5.42051]},"53o":{"weight":1.0,"played":[1.0,0.0],"evs":[0.0,-4.91163]},"63o":{"weight":1.0,"played":[1.0,0.0],"evs":[0.0,-5.14247]},"73o":{"weight":1.0,"played":[1.0,0.0],"evs":[0.0,-5.52358]},"83o":{"weight":1.0,"played":[1.0,0.0],"evs":[0.0,-5.69032]},"93o":{"weight":1.0,"played":[1.0,0.0],"evs":[0.0,-5.73404]},"T3o":{"weight":1.0,"played":[1.0,0.0],"evs":[0.0,-5.68305]},"J3o":{"weight":1.0,"played":[1.0,0.0],"evs":[0.0,-5.57655]},"Q3o":{"weight":1.0,"played":[1.0,0.0],"evs":[0.0,-5.02401]},"K3o":{"weight":1.0,"played":[1.0,0.0],"evs":[0.0,-4.91502]},"A3o":{"weight":1.0,"played":[1.0,0.0],"evs":[0.0,-4.46096]},"42s":{"weight":1.0,"played":[1.0,0.0],"evs":[0.0,-4.70235]},"43s":{"weight":1.0,"played":[1.0,0.0],"evs":[0.0,-3.73228]},"44":{"weight":1.0,"played":[0.001,0.999],"evs":[0.0,0.24503]},"54o":{"weight":1.0,"played":[1.0,0.0],"evs":[0.0,-4.13472]},"64o":{"weight":1.0,"played":[1.0,0.0],"evs":[0.0,-4.37818]},"74o":{"weight":1.0,"played":[1.0,0.0],"evs":[0.0,-4.61654]},"84o":{"weight":1.0,"played":[1.0,0.0],"evs":[0.0,-4.92638]},"94o":{"weight":1.0,"played":[1.0,0.0],"evs":[0.0,-5.65716]},"T4o":{"weight":1.0,"played":[1.0,0.0],"evs":[0.0,-5.44024]},"J4o":{"weight":1.0,"played":[1.0,0.0],"evs":[0.0,-5.30793]},"Q4o":{"weight":1.0,"played":[1.0,0.0],"evs":[0.0,-4.74002]},"K4o":{"weight":1.0,"played":[1.0,0.0],"evs":[0.0,-4.67545]},"A4o":{"weight":1.0,"played":[1.0,0.0],"evs":[0.0,-3.90736]},"52s":{"weight":1.0,"played":[1.0,0.0],"evs":[0.0,-4.2564]},"53s":{"weight":1.0,"played":[1.0,0.0],"evs":[0.0,-3.19796]},"54s":{"weight":1.0,"played":[1.0,0.0],"evs":[0.0,-2.69585]},"55":{"weight":1.0,"played":[0.0,1.0],"evs":[0.0,1.71687]},"65o":{"weight":1.0,"played":[1.0,0.0],"evs":[0.0,-3.46714]},"75o":{"weight":1.0,"played":[1.0,0.0],"evs":[0.0,-3.77519]},"85o":{"weight":1.0,"played":[1.0,0.0],"evs":[0.0,-4.03823]},"95o":{"weight":1.0,"played":[1.0,0.0],"evs":[0.0,-4.73453]},"T5o":{"weight":1.0,"played":[1.0,0.0],"evs":[0.0,-5.13503]},"J5o":{"weight":1.0,"played":[1.0,0.0],"evs":[0.0,-4.94976]},"Q5o":{"weight":1.0,"played":[1.0,0.0],"evs":[0.0,-4.34982]},"K5o":{"weight":1.0,"played":[1.0,0.0],"evs":[0.0,-4.22474]},"A5o":{"weight":1.0,"played":[1.0,0.0],"evs":[0.0,-3.29626]},"62s":{"weight":1.0,"played":[1.0,0.0],"evs":[0.0,-4.41505]},"63s":{"weight":1.0,"played":[1.0,0.0],"evs":[0.0,-3.62109]},"64s":{"weight":1.0,"played":[1.0,0.0],"evs":[0.0,-2.75849]},"65s":{"weight":1.0,"played":[1.0,0.0],"evs":[0.0,-1.90283]},"66":{"weight":1.0,"played":[0.0,1.0],"evs":[0.0,2.79261]},"76o":{"weight":1.0,"played":[1.0,0.0],"evs":[0.0,-3.00371]},"86o":{"weight":1.0,"played":[1.0,0.0],"evs":[0.0,-3.23141]},"96o":{"weight":1.0,"played":[1.0,0.0],"evs":[0.0,-3.88994]},"T6o":{"weight":1.0,"played":[1.0,0.0],"evs":[0.0,-4.17995]},"J6o":{"weight":1.0,"played":[1.0,0.0],"evs":[0.0,-4.61249]},"Q6o":{"weight":1.0,"played":[1.0,0.0],"evs":[0.0,-3.94457]},"K6o":{"weight":1.0,"played":[1.0,0.0],"evs":[0.0,-3.788]},"A6o":{"weight":1.0,"played":[1.0,0.0],"evs":[0.0,-3.3205]},"72s":{"weight":1.0,"played":[1.0,0.0],"evs":[0.0,-4.80205]},"73s":{"weight":1.0,"played":[1.0,0.0],"evs":[0.0,-3.92713]},"74s":{"weight":1.0,"played":[1.0,0.0],"evs":[0.0,-3.02987]},"75s":{"weight":1.0,"played":[1.0,0.0],"evs":[0.0,-2.23475]},"76s":{"weight":1.0,"played":[1.0,0.0],"evs":[0.0,-1.5687]},"77":{"weight":1.0,"played":[0.0,1.0],"evs":[0.0,3.77336]},"87o":{"weight":1.0,"played":[1.0,0.0],"evs":[0.0,-2.76796]},"97o":{"weight":1.0,"played":[1.0,0.0],"evs":[0.0,-3.27655]},"T7o":{"weight":1.0,"played":[1.0,0.0],"evs":[0.0,-3.50282]},"J7o":{"weight":1.0,"played":[1.0,0.0],"evs":[0.0,-3.99873]},"Q7o":{"weight":1.0,"played":[1.0,0.0],"evs":[0.0,-3.83507]},"K7o":{"weight":1.0,"played":[1.0,0.0],"evs":[0.0,-3.67951]},"A7o":{"weight":1.0,"played":[1.0,0.0],"evs":[0.0,-2.76271]},"82s":{"weight":1.0,"played":[1.0,0.0],"evs":[0.0,-4.46336]},"83s":{"weight":1.0,"played":[1.0,0.0],"evs":[0.0,-3.85387]},"84s":{"weight":1.0,"played":[1.0,0.0],"evs":[0.0,-3.38242]},"85s":{"weight":1.0,"played":[1.0,0.0],"evs":[0.0,-2.38634]},"86s":{"weight":1.0,"played":[0.9999,1.0E-4],"evs":[0.0,-1.74874]},"87s":{"weight":1.0,"played":[1.0,0.0],"evs":[0.0,-1.24466]},"88":{"weight":1.0,"played":[0.0,1.0],"evs":[0.0,4.6087]},"98o":{"weight":1.0,"played":[1.0,0.0],"evs":[0.0,-2.55837]},"T8o":{"weight":1.0,"played":[1.0,0.0],"evs":[0.0,-2.88929]},"J8o":{"weight":1.0,"played":[1.0,0.0],"evs":[0.0,-3.25905]},"Q8o":{"weight":1.0,"played":[1.0,0.0],"evs":[0.0,-3.33206]},"K8o":{"weight":1.0,"played":[1.0,0.0],"evs":[0.0,-3.32508]},"A8o":{"weight":1.0,"played":[1.0,0.0],"evs":[0.0,-2.33403]},"92s":{"weight":1.0,"played":[1.0,0.0],"evs":[0.0,-4.66822]},"93s":{"weight":1.0,"played":[1.0,0.0],"evs":[0.0,-4.20174]},"94s":{"weight":1.0,"played":[1.0,0.0],"evs":[0.0,-3.98435]},"95s":{"weight":1.0,"played":[1.0,0.0],"evs":[0.0,-3.19044]},"96s":{"weight":1.0,"played":[1.0,0.0],"evs":[0.0,-2.39658]},"97s":{"weight":1.0,"played":[1.0,0.0],"evs":[0.0,-1.76431]},"98s":{"weight":1.0,"played":[0.9997,3.0E-4],"evs":[0.0,-1.09712]},"99":{"weight":1.0,"played":[0.0,1.0],"evs":[0.0,5.38846]},"T9o":{"weight":1.0,"played":[1.0,0.0],"evs":[0.0,-2.60626]},"J9o":{"weight":1.0,"played":[1.0,0.0],"evs":[0.0,-2.9872]},"Q9o":{"weight":1.0,"played":[1.0,0.0],"evs":[0.0,-2.89154]},"K9o":{"weight":1.0,"played":[1.0,0.0],"evs":[0.0,-2.93149]},"A9o":{"weight":1.0,"played":[1.0,0.0],"evs":[0.0,-1.83972]},"T2s":{"weight":1.0,"played":[1.0,0.0],"evs":[0.0,-4.39611]},"T3s":{"weight":1.0,"played":[1.0,0.0],"evs":[0.0,-3.97611]},"T4s":{"weight":1.0,"played":[1.0,0.0],"evs":[0.0,-3.76649]},"T5s":{"weight":1.0,"played":[1.0,0.0],"evs":[0.0,-3.54554]},"T6s":{"weight":1.0,"played":[1.0,0.0],"evs":[0.0,-2.6505]},"T7s":{"weight":1.0,"played":[1.0,0.0],"evs":[0.0,-2.01646]},"T8s":{"weight":1.0,"played":[1.0,0.0],"evs":[0.0,-1.3952]},"T9s":{"weight":1.0,"played":[0.9998,2.0E-4],"evs":[0.0,-1.06349]},"TT":{"weight":1.0,"played":[0.0,1.0],"evs":[0.0,7.03397]},"JTo":{"weight":1.0,"played":[1.0,0.0],"evs":[0.0,-2.10161]},"QTo":{"weight":1.0,"played":[1.0,0.0],"evs":[0.0,-2.10954]},"KTo":{"weight":1.0,"played":[1.0,0.0],"evs":[0.0,-1.58995]},"ATo":{"weight":1.0,"played":[0.9857,0.0143],"evs":[0.0,-0.08107]},"J2s":{"weight":1.0,"played":[1.0,0.0],"evs":[0.0,-4.36157]},"J3s":{"weight":1.0,"played":[1.0,0.0],"evs":[0.0,-3.98132]},"J4s":{"weight":1.0,"played":[1.0,0.0],"evs":[0.0,-3.77611]},"J5s":{"weight":1.0,"played":[1.0,0.0],"evs":[0.0,-3.19083]},"J6s":{"weight":1.0,"played":[1.0,0.0],"evs":[0.0,-3.03418]},"J7s":{"weight":1.0,"played":[1.0,0.0],"evs":[0.0,-2.37947]},"J8s":{"weight":1.0,"played":[1.0,0.0],"evs":[0.0,-1.7452]},"J9s":{"weight":1.0,"played":[1.0,0.0],"evs":[0.0,-1.39992]},"JTs":{"weight":1.0,"played":[0.998,0.002],"evs":[0.0,-0.65986]},"JJ":{"weight":1.0,"played":[0.0,1.0],"evs":[0.0,9.01874]},"QJo":{"weight":1.0,"played":[1.0,0.0],"evs":[0.0,-1.73597]},"KJo":{"weight":1.0,"played":[1.0,0.0],"evs":[0.0,-1.31028]},"AJo":{"weight":1.0,"played":[0.0,1.0],"evs":[0.0,1.45066]},"Q2s":{"weight":1.0,"played":[1.0,0.0],"evs":[0.0,-3.84101]},"Q3s":{"weight":1.0,"played":[1.0,0.0],"evs":[0.0,-3.31949]},"Q4s":{"weight":1.0,"played":[1.0,0.0],"evs":[0.0,-3.13322]},"Q5s":{"weight":1.0,"played":[1.0,0.0],"evs":[0.0,-2.6577]},"Q6s":{"weight":1.0,"played":[1.0,0.0],"evs":[0.0,-2.58165]},"Q7s":{"weight":1.0,"played":[1.0,0.0],"evs":[0.0,-2.2403]},"Q8s":{"weight":1.0,"played":[1.0,0.0],"evs":[0.0,-1.83433]},"Q9s":{"weight":1.0,"played":[1.0,0.0],"evs":[0.0,-1.38428]},"QTs":{"weight":1.0,"played":[0.9998,2.0E-4],"evs":[0.0,-0.5746]},"QJs":{"weight":1.0,"played":[0.9579,0.0421],"evs":[0.0,-0.36197]},"QQ":{"weight":1.0,"played":[0.0,1.0],"evs":[0.0,10.57641]},"KQo":{"weight":1.0,"played":[0.9959,0.0041],"evs":[0.0,-0.26132]},"AQo":{"weight":1.0,"played":[0.0,1.0],"evs":[0.0,3.06907]},"K2s":{"weight":1.0,"played":[1.0,0.0],"evs":[0.0,-3.63006]},"K3s":{"weight":1.0,"played":[1.0,0.0],"evs":[0.0,-3.26638]},"K4s":{"weight":1.0,"played":[1.0,0.0],"evs":[0.0,-2.79948]},"K5s":{"weight":1.0,"played":[1.0,0.0],"evs":[0.0,-2.60636]},"K6s":{"weight":1.0,"played":[1.0,0.0],"evs":[0.0,-2.16507]},"K7s":{"weight":1.0,"played":[1.0,0.0],"evs":[0.0,-2.04137]},"K8s":{"weight":1.0,"played":[1.0,0.0],"evs":[0.0,-1.75966]},"K9s":{"weight":1.0,"played":[1.0,0.0],"evs":[0.0,-1.23257]},"KTs":{"weight":1.0,"played":[0.998,0.002],"evs":[0.0,-0.30898]},"KJs":{"weight":1.0,"played":[0.0319,0.9681],"evs":[0.0,0.1771]},"KQs":{"weight":1.0,"played":[0.0,1.0],"evs":[0.0,1.40912]},"KK":{"weight":1.0,"played":[0.0,1.0],"evs":[0.0,13.15744]},"AKo":{"weight":1.0,"played":[0.0,1.0],"evs":[0.0,4.27507]},"A2s":{"weight":1.0,"played":[1.0,0.0],"evs":[0.0,-3.027]},"A3s":{"weight":1.0,"played":[1.0,0.0],"evs":[0.0,-2.60624]},"A4s":{"weight":1.0,"played":[0.9998,2.0E-4],"evs":[0.0,-2.23244]},"A5s":{"weight":1.0,"played":[1.0,0.0],"evs":[0.0,-1.68048]},"A6s":{"weight":1.0,"played":[1.0,0.0],"evs":[0.0,-1.73265]},"A7s":{"weight":1.0,"played":[1.0,0.0],"evs":[0.0,-1.17175]},"A8s":{"weight":1.0,"played":[0.9996,4.0E-4],"evs":[0.0,-0.66868]},"A9s":{"weight":1.0,"played":[0.9997,3.0E-4],"evs":[0.0,-0.32696]},"ATs":{"weight":1.0,"played":[0.0,1.0],"evs":[0.0,1.41175]},"AJs":{"weight":1.0,"played":[0.0,1.0],"evs":[0.0,2.83373]},"AQs":{"weight":1.0,"played":[0.0,1.0],"evs":[0.0,4.27039]},"AKs":{"weight":1.0,"played":[0.0,1.0],"evs":[0.0,5.36969]},"AA":{"weight":1.0,"played":[0.0,1.0],"evs":[0.0,17.46318]}}}