{"player":4,"street":0,"children":2,"sequence":[{"player":0,"type":"F","amount":0,"street":0},{"player":1,"type":"R","amount":2035000,"street":0},{"player":2,"type":"C","amount":985000,"street":0},{"player":3,"type":"F","amount":0,"street":0}],"actions":[{"type":"F","amount":0,"node":233},{"type":"C","amount":1985000,"node":234}],"hands":{"22":{"weight":1.0,"played":[1.0,0.0],"evs":[0.0,-1.88956]},"32o":{"weight":1.0,"played":[1.0,0.0],"evs":[0.0,-6.62747]},"42o":{"weight":1.0,"played":[1.0,0.0],"evs":[0.0,-6.16857]},"52o":{"weight":1.0,"played":[1.0,0.0],"evs":[0.0,-5.68893]},"62o":{"weight":1.0,"played":[1.0,0.0],"evs":[0.0,-6.01514]},"72o":{"weight":1.0,"played":[1.0,0.0],"evs":[0.0,-6.23228]},"82o":{"weight":1.0,"played":[1.0,0.0],"evs":[0.0,-5.87971]},"92o":{"weight":1.0,"played":[1.0,0.0],"evs":[0.0,-6.2057]},"T2o":{"weight":1.0,"played":[1.0,0.0],"evs":[0.0,-6.05711]},"J2o":{"weight":1.0,"played":[1.0,0.0],"evs":[0.0,-5.987]},"Q2o":{"weight":1.0,"played":[1.0,0.0],"evs":[0.0,-5.43926]},"K2o":{"weight":1.0,"played":[1.0,0.0],"evs":[0.0,-5.28068]},"A2o":{"weight":1.0,"played":[1.0,0.0],"evs":[0.0,-4.58237]},"32s":{"weight":1.0,"played":[1.0,0.0],"evs":[0.0,-4.98538]},"33":{"weight":1.0,"played":[0.9995,5.0E-4],"evs":[0.0,-0.44155]},"43o":{"weight":1.0,"played":[1.0,0.0],"evs":[0.0,-5.25621]},"53o":{"weight":1.0,"played":[1.0,0.0],"evs":[0.0,-4.79261]},"63o":{"weight":1.0,"played":[1.0,0.0],"evs":[0.0,-4.98427]},"73o":{"weight":1.0,"played":[1.0,0.0],"evs":[0.0,-5.36367]},"83o":{"weight":1.0,"played":[1.0,0.0],"evs":[0.0,-5.62503]},"93o":{"weight":1.0,"played":[1.0,0.0],"evs":[0.0,-5.76636]},"T3o":{"weight":1.0,"played":[1.0,0.0],"evs":[0.0,-5.5612]},"J3o":{"weight":1.0,"played":[1.0,0.0],"evs":[0.0,-5.52327]},"Q3o":{"weight":1.0,"played":[1.0,0.0],"evs":[0.0,-4.89566]},"K3o":{"weight":1.0,"played":[1.0,0.0],"evs":[0.0,-4.7688]},"A3o":{"weight":1.0,"played":[1.0,0.0],"evs":[0.0,-3.98594]},"42s":{"weight":1.0,"played":[1.0,0.0],"evs":[0.0,-4.46055]},"43s":{"weight":1.0,"played":[1.0,0.0],"evs":[0.0,-3.64802]},"44":{"weight":1.0,"played":[0.0,1.0],"evs":[0.0,0.92578]},"54o":{"weight":1.0,"played":[1.0,0.0],"evs":[0.0,-3.99238]},"64o":{"weight":1.0,"played":[1.0,0.0],"evs":[0.0,-4.16062]},"74o":{"weight":1.0,"played":[1.0,0.0],"evs":[0.0,-4.55088]},"84o":{"weight":1.0,"played":[1.0,0.0],"evs":[0.0,-4.83423]},"94o":{"weight":1.0,"played":[1.0,0.0],"evs":[0.0,-5.66482]},"T4o":{"weight":1.0,"played":[1.0,0.0],"evs":[0.0,-5.25935]},"J4o":{"weight":1.0,"played":[1.0,0.0],"evs":[0.0,-5.21933]},"Q4o":{"weight":1.0,"played":[1.0,0.0],"evs":[0.0,-4.68119]},"K4o":{"weight":1.0,"played":[1.0,0.0],"evs":[0.0,-4.48583]},"A4o":{"weight":1.0,"played":[1.0,0.0],"evs":[0.0,-3.48563]},"52s":{"weight":1.0,"played":[1.0,0.0],"evs":[0.0,-4.22241]},"53s":{"weight":1.0,"played":[1.0,0.0],"evs":[0.0,-3.32946]},"54s":{"weight":1.0,"played":[1.0,0.0],"evs":[0.0,-2.28415]},"55":{"weight":1.0,"played":[0.0,1.0],"evs":[0.0,2.36035]},"65o":{"weight":1.0,"played":[1.0,0.0],"evs":[0.0,-3.22039]},"75o":{"weight":1.0,"played":[1.0,0.0],"evs":[0.0,-3.47861]},"85o":{"weight":1.0,"played":[1.0,0.0],"evs":[0.0,-3.911]},"95o":{"weight":1.0,"played":[1.0,0.0],"evs":[0.0,-4.5948]},"T5o":{"weight":1.0,"played":[1.0,0.0],"evs":[0.0,-4.93289]},"J5o":{"weight":1.0,"played":[1.0,0.0],"evs":[0.0,-4.71712]},"Q5o":{"weight":1.0,"played":[1.0,0.0],"evs":[0.0,-4.15021]},"K5o":{"weight":1.0,"played":[1.0,0.0],"evs":[0.0,-3.97867]},"A5o":{"weight":1.0,"played":[1.0,0.0],"evs":[0.0,-2.93478]},"62s":{"weight":1.0,"played":[1.0,0.0],"evs":[0.0,-4.25595]},"63s":{"weight":1.0,"played":[1.0,0.0],"evs":[0.0,-3.41744]},"64s":{"weight":1.0,"played":[1.0,0.0],"evs":[0.0,-2.68119]},"65s":{"weight":1.0,"played":[1.0,0.0],"evs":[0.0,-1.71447]},"66":{"weight":1.0,"played":[0.0,1.0],"evs":[0.0,3.68952]},"76o":{"weight":1.0,"played":[1.0,0.0],"evs":[0.0,-2.87937]},"86o":{"weight":1.0,"played":[1.0,0.0],"evs":[0.0,-3.04838]},"96o":{"weight":1.0,"played":[1.0,0.0],"evs":[0.0,-3.59303]},"T6o":{"weight":1.0,"played":[1.0,0.0],"evs":[0.0,-4.10374]},"J6o":{"weight":1.0,"played":[1.0,0.0],"evs":[0.0,-4.40807]},"Q6o":{"weight":1.0,"played":[1.0,0.0],"evs":[0.0,-3.9106]},"K6o":{"weight":1.0,"played":[1.0,0.0],"evs":[0.0,-3.53342]},"A6o":{"weight":1.0,"played":[1.0,0.0],"evs":[0.0,-2.89999]},"72s":{"weight":1.0,"played":[1.0,0.0],"evs":[0.0,-4.63507]},"73s":{"weight":1.0,"played":[1.0,0.0],"evs":[0.0,-3.74491]},"74s":{"weight":1.0,"played":[1.0,0.0],"evs":[0.0,-2.9984]},"75s":{"weight":1.0,"played":[1.0,0.0],"evs":[0.0,-2.03485]},"76s":{"weight":1.0,"played":[0.9999,1.0E-4],"evs":[0.0,-1.39243]},"77":{"weight":1.0,"played":[0.0,1.0],"evs":[0.0,4.65642]},"87o":{"weight":1.0,"played":[1.0,0.0],"evs":[0.0,-2.50714]},"97o":{"weight":1.0,"played":[1.0,0.0],"evs":[0.0,-2.99204]},"T7o":{"weight":1.0,"played":[1.0,0.0],"evs":[0.0,-3.30377]},"J7o":{"weight":1.0,"played":[1.0,0.0],"evs":[0.0,-3.75713]},"Q7o":{"weight":1.0,"played":[1.0,0.0],"evs":[0.0,-3.65073]},"K7o":{"weight":1.0,"played":[1.0,0.0],"evs":[0.0,-3.41907]},"A7o":{"weight":1.0,"played":[1.0,0.0],"evs":[0.0,-2.24497]},"82s":{"weight":1.0,"played":[1.0,0.0],"evs":[0.0,-4.27011]},"83s":{"weight":1.0,"played":[1.0,0.0],"evs":[0.0,-3.90489]},"84s":{"weight":1.0,"played":[1.0,0.0],"evs":[0.0,-3.27344]},"85s":{"weight":1.0,"played":[1.0,0.0],"evs":[0.0,-2.49997]},"86s":{"weight":1.0,"played":[0.9999,1.0E-4],"evs":[0.0,-1.70682]},"87s":{"weight":1.0,"played":[1.0,0.0],"evs":[0.0,-1.02834]},"88":{"weight":1.0,"played":[0.0,1.0],"evs":[0.0,5.30139]},"98o":{"weight":1.0,"played":[1.0,0.0],"evs":[0.0,-2.53626]},"T8o":{"weight":1.0,"played":[1.0,0.0],"evs":[0.0,-2.72336]},"J8o":{"weight":1.0,"played":[1.0,0.0],"evs":[0.0,-3.02676]},"Q8o":{"weight":1.0,"played":[1.0,0.0],"evs":[0.0,-3.0381]},"K8o":{"weight":1.0,"played":[1.0,0.0],"evs":[0.0,-3.10136]},"A8o":{"weight":1.0,"played":[1.0,0.0],"evs":[0.0,-1.83092]},"92s":{"weight":1.0,"played":[1.0,0.0],"evs":[0.0,-4.55575]},"93s":{"weight":1.0,"played":[1.0,0.0],"evs":[0.0,-4.18544]},"94s":{"weight":1.0,"played":[1.0,0.0],"evs":[0.0,-4.0854]},"95s":{"weight":1.0,"played":[1.0,0.0],"evs":[0.0,-2.95833]},"96s":{"weight":1.0,"played":[1.0,0.0],"evs":[0.0,-2.10889]},"97s":{"weight":1.0,"played":[1.0,0.0],"evs":[0.0,-1.62968]},"98s":{"weight":1.0,"played":[1.0,0.0],"evs":[0.0,-1.09693]},"99":{"weight":1.0,"played":[0.0,1.0],"evs":[0.0,6.27064]},"T9o":{"weight":1.0,"played":[1.0,0.0],"evs":[0.0,-2.41813]},"J9o":{"weight":1.0,"played":[1.0,0.0],"evs":[0.0,-2.84562]},"Q9o":{"weight":1.0,"played":[1.0,0.0],"evs":[0.0,-2.82831]},"K9o":{"weight":1.0,"played":[1.0,0.0],"evs":[0.0,-2.6879]},"A9o":{"weight":1.0,"played":[0.9999,1.0E-4],"evs":[0.0,-1.26116]},"T2s":{"weight":1.0,"played":[1.0,0.0],"evs":[0.0,-4.36176]},"T3s":{"weight":1.0,"played":[1.0,0.0],"evs":[0.0,-3.85579]},"T4s":{"weight":1.0,"played":[1.0,0.0],"evs":[0.0,-3.69081]},"T5s":{"weight":1.0,"played":[1.0,0.0],"evs":[0.0,-3.42644]},"T6s":{"weight":1.0,"played":[1.0,0.0],"evs":[0.0,-2.42885]},"T7s":{"weight":1.0,"played":[1.0,0.0],"evs":[0.0,-1.98251]},"T8s":{"weight":1.0,"played":[1.0,0.0],"evs":[0.0,-1.1148]},"T9s":{"weight":1.0,"played":[1.0,0.0],"evs":[0.0,-0.90008]},"TT":{"weight":1.0,"played":[0.0,1.0],"evs":[0.0,7.95979]},"JTo":{"weight":1.0,"played":[1.0,0.0],"evs":[0.0,-1.9313]},"QTo":{"weight":1.0,"played":[1.0,0.0],"evs":[0.0,-1.90913]},"KTo":{"weight":1.0,"played":[1.0,0.0],"evs":[0.0,-1.32288]},"ATo":{"weight":1.0,"played":[0.0,1.0],"evs":[0.0,0.53359]},"J2s":{"weight":1.0,"played":[1.0,0.0],"evs":[0.0,-4.29489]},"J3s":{"weight":1.0,"played":[1.0,0.0],"evs":[0.0,-3.85169]},"J4s":{"weight":1.0,"played":[1.0,0.0],"evs":[0.0,-3.47342]},"J5s":{"weight":1.0,"played":[1.0,0.0],"evs":[0.0,-3.05785]},"J6s":{"weight":1.0,"played":[1.0,0.0],"evs":[0.0,-2.89388]},"J7s":{"weight":1.0,"played":[1.0,0.0],"evs":[0.0,-2.31703]},"J8s":{"weight":1.0,"played":[1.0,0.0],"evs":[0.0,-1.3803]},"J9s":{"weight":1.0,"played":[0.9992,8.0E-4],"evs":[0.0,-1.27544]},"JTs":{"weight":1.0,"played":[0.9852,0.0148],"evs":[0.0,-0.3756]},"JJ":{"weight":1.0,"played":[0.0,1.0],"evs":[0.0,9.69043]},"QJo":{"weight":1.0,"played":[1.0,0.0],"evs":[0.0,-1.58973]},"KJo":{"weight":1.0,"played":[1.0,0.0],"evs":[0.0,-0.93495]},"AJo":{"weight":1.0,"played":[0.0,1.0],"evs":[0.0,2.18613]},"Q2s":{"weight":1.0,"played":[1.0,0.0],"evs":[0.0,-3.71994]},"Q3s":{"weight":1.0,"played":[1.0,0.0],"evs":[0.0,-3.44254]},"Q4s":{"weight":1.0,"played":[1.0,0.0],"evs":[0.0,-3.09623]},"Q5s":{"weight":1.0,"played":[1.0,0.0],"evs":[0.0,-2.63595]},"Q6s":{"weight":1.0,"played":[1.0,0.0],"evs":[0.0,-2.16614]},"Q7s":{"weight":1.0,"played":[1.0,0.0],"evs":[0.0,-2.16645]},"Q8s":{"weight":1.0,"played":[1.0,0.0],"evs":[0.0,-1.61862]},"Q9s":{"weight":1.0,"played":[0.9997,3.0E-4],"evs":[0.0,-1.24347]},"QTs":{"weight":1.0,"played":[0.9997,3.0E-4],"evs":[0.0,-0.56767]},"QJs":{"weight":1.0,"played":[0.9488,0.0512],"evs":[0.0,-0.22574]},"QQ":{"weight":1.0,"played":[0.0,1.0],"evs":[0.0,11.22873]},"KQo":{"weight":1.0,"played":[0.0212,0.9788],"evs":[0.0,0.11095]},"AQo":{"weight":1.0,"played":[0.0,1.0],"evs":[0.0,3.74181]},"K2s":{"weight":1.0,"played":[1.0,0.0],"evs":[0.0,-3.67501]},"K3s":{"weight":1.0,"played":[1.0,0.0],"evs":[0.0,-3.24442]},"K4s":{"weight":1.0,"played":[1.0,0.0],"evs":[0.0,-2.78138]},"K5s":{"weight":1.0,"played":[1.0,0.0],"evs":[0.0,-2.51455]},"K6s":{"weight":1.0,"played":[1.0,0.0],"evs":[0.0,-2.00743]},"K7s":{"weight":1.0,"played":[0.9998,2.0E-4],"evs":[0.0,-1.83077]},"K8s":{"weight":1.0,"played":[1.0,0.0],"evs":[0.0,-1.52504]},"K9s":{"weight":1.0,"played":[1.0,0.0],"evs":[0.0,-1.15274]},"KTs":{"weight":1.0,"played":[0.0742,0.9258],"evs":[0.0,0.04349]},"KJs":{"weight":1.0,"played":[0.0,1.0],"evs":[0.0,0.46997]},"KQs":{"weight":1.0,"played":[0.0,1.0],"evs":[0.0,1.59471]},"KK":{"weight":1.0,"played":[0.0,1.0],"evs":[0.0,13.52488]},"AKo":{"weight":1.0,"played":[0.0,1.0],"evs":[0.0,4.84839]},"A2s":{"weight":1.0,"played":[1.0,0.0],"evs":[0.0,-2.83655]},"A3s":{"weight":1.0,"played":[1.0,0.0],"evs":[0.0,-2.10169]},"A4s":{"weight":1.0,"played":[1.0,0.0],"evs":[0.0,-1.81965]},"A5s":{"weight":1.0,"played":[0.9999,1.0E-4],"evs":[0.0,-1.22852]},"A6s":{"weight":1.0,"played":[0.9999,1.0E-4],"evs":[0.0,-1.28684]},"A7s":{"weight":1.0,"played":[0.9991,9.0E-4],"evs":[0.0,-0.76653]},"A8s":{"weight":1.0,"played":[0.9592,0.0408],"evs":[0.0,-0.0763]},"A9s":{"weight":1.0,"played":[0.0,1.0],"evs":[0.0,0.11774]},"ATs":{"weight":1.0,"played":[0.0,1.0],"evs":[0.0,2.02924]},"AJs":{"weight":1.0,"played":[0.0,1.0],"evs":[0.0,3.51816]},"AQs":{"weight":1.0,"played":[0.0,1.0],"evs":[0.0,5.08445]},"AKs":{"weight":1.0,"played":[0.0,1.0],"evs":[0.0,6.1408]},"AA":{"weight":1.0,"played":[0.0,1.0],"evs":[0.0,17.89252]}}}