{"player":5,"street":0,"children":2,"sequence":[{"player":0,"type":"F","amount":0,"street":0},{"player":1,"type":"R","amount":2035000,"street":0},{"player":2,"type":"C","amount":985000,"street":0},{"player":3,"type":"F","amount":0,"street":0},{"player":4,"type":"C","amount":1985000,"street":0}],"actions":[{"type":"F","amount":0},{"type":"C","amount":635000}],"hands":{"22":{"weight":1.0,"played":[0.9999,1.0E-4],"evs":[0.0,-0.68111]},"32o":{"weight":1.0,"played":[1.0,0.0],"evs":[0.0,-2.00643]},"42o":{"weight":1.0,"played":[1.0,0.0],"evs":[0.0,-1.85252]},"52o":{"weight":1.0,"played":[1.0,0.0],"evs":[0.0,-1.80892]},"62o":{"weight":1.0,"played":[1.0,0.0],"evs":[0.0,-1.93128]},"72o":{"weight":1.0,"played":[1.0,0.0],"evs":[0.0,-2.04302]},"82o":{"weight":1.0,"played":[1.0,0.0],"evs":[0.0,-1.88507]},"92o":{"weight":1.0,"played":[1.0,0.0],"evs":[0.0,-1.94407]},"T2o":{"weight":1.0,"played":[1.0,0.0],"evs":[0.0,-2.08797]},"J2o":{"weight":1.0,"played":[1.0,0.0],"evs":[0.0,-2.13233]},"Q2o":{"weight":1.0,"played":[1.0,0.0],"evs":[0.0,-1.85173]},"K2o":{"weight":1.0,"played":[1.0,0.0],"evs":[0.0,-1.93477]},"A2o":{"weight":1.0,"played":[1.0,0.0],"evs":[0.0,-2.24617]},"32s":{"weight":1.0,"played":[0.999,0.001],"evs":[0.0,-1.10284]},"33":{"weight":1.0,"played":[0.9997,3.0E-4],"evs":[0.0,-0.32611]},"43o":{"weight":1.0,"played":[0.9999,1.0E-4],"evs":[0.0,-1.47152]},"53o":{"weight":1.0,"played":[1.0,0.0],"evs":[0.0,-1.33059]},"63o":{"weight":1.0,"played":[1.0,0.0],"evs":[0.0,-1.5887]},"73o":{"weight":1.0,"played":[1.0,0.0],"evs":[0.0,-1.75821]},"83o":{"weight":1.0,"played":[1.0,0.0],"evs":[0.0,-1.8627]},"93o":{"weight":1.0,"played":[1.0,0.0],"evs":[0.0,-1.89194]},"T3o":{"weight":1.0,"played":[1.0,0.0],"evs":[0.0,-2.00225]},"J3o":{"weight":1.0,"played":[1.0,0.0],"evs":[0.0,-1.93162]},"Q3o":{"weight":1.0,"played":[1.0,0.0],"evs":[0.0,-1.8645]},"K3o":{"weight":1.0,"played":[1.0,0.0],"evs":[0.0,-1.79861]},"A3o":{"weight":1.0,"played":[1.0,0.0],"evs":[0.0,-2.12322]},"42s":{"weight":1.0,"played":[0.9998,2.0E-4],"evs":[0.0,-1.07139]},"43s":{"weight":1.0,"played":[0.9983,0.0017],"evs":[0.0,-0.79033]},"44":{"weight":1.0,"played":[0.8706,0.1294],"evs":[0.0,-0.2687]},"54o":{"weight":1.0,"played":[1.0,0.0],"evs":[0.0,-0.92325]},"64o":{"weight":1.0,"played":[0.9998,2.0E-4],"evs":[0.0,-1.14398]},"74o":{"weight":1.0,"played":[1.0,0.0],"evs":[0.0,-1.31621]},"84o":{"weight":1.0,"played":[1.0,0.0],"evs":[0.0,-1.42458]},"94o":{"weight":1.0,"played":[1.0,0.0],"evs":[0.0,-1.86075]},"T4o":{"weight":1.0,"played":[1.0,0.0],"evs":[0.0,-1.8606]},"J4o":{"weight":1.0,"played":[1.0,0.0],"evs":[0.0,-1.82325]},"Q4o":{"weight":1.0,"played":[1.0,0.0],"evs":[0.0,-1.72211]},"K4o":{"weight":1.0,"played":[1.0,0.0],"evs":[0.0,-1.62899]},"A4o":{"weight":1.0,"played":[0.9999,1.0E-4],"evs":[0.0,-2.08733]},"52s":{"weight":1.0,"played":[0.9935,0.0065],"evs":[0.0,-0.76882]},"53s":{"weight":1.0,"played":[0.9985,0.0015],"evs":[0.0,-0.38607]},"54s":{"weight":1.0,"played":[0.9851,0.0149],"evs":[0.0,-0.08311]},"55":{"weight":1.0,"played":[0.0138,0.9862],"evs":[0.0,0.22601]},"65o":{"weight":1.0,"played":[0.9992,8.0E-4],"evs":[0.0,-0.65053]},"75o":{"weight":1.0,"played":[1.0,0.0],"evs":[0.0,-1.02855]},"85o":{"weight":1.0,"played":[1.0,0.0],"evs":[0.0,-1.01166]},"95o":{"weight":1.0,"played":[1.0,0.0],"evs":[0.0,-1.4043]},"T5o":{"weight":1.0,"played":[1.0,0.0],"evs":[0.0,-1.63682]},"J5o":{"weight":1.0,"played":[1.0,0.0],"evs":[0.0,-1.60344]},"Q5o":{"weight":1.0,"played":[1.0,0.0],"evs":[0.0,-1.40738]},"K5o":{"weight":1.0,"played":[1.0,0.0],"evs":[0.0,-1.38004]},"A5o":{"weight":1.0,"played":[1.0,0.0],"evs":[0.0,-1.80814]},"62s":{"weight":1.0,"played":[0.9985,0.0015],"evs":[0.0,-0.94977]},"63s":{"weight":1.0,"played":[0.9859,0.0141],"evs":[0.0,-0.61098]},"64s":{"weight":1.0,"played":[0.9817,0.0183],"evs":[0.0,-0.36123]},"65s":{"weight":1.0,"played":[9.0E-4,0.9991],"evs":[0.0,0.35745]},"66":{"weight":1.0,"played":[1.0E-4,0.9999],"evs":[0.0,0.73461]},"76o":{"weight":1.0,"played":[0.9994,6.0E-4],"evs":[0.0,-0.62837]},"86o":{"weight":1.0,"played":[1.0,0.0],"evs":[0.0,-0.81591]},"96o":{"weight":1.0,"played":[1.0,0.0],"evs":[0.0,-0.99098]},"T6o":{"weight":1.0,"played":[1.0,0.0],"evs":[0.0,-1.36002]},"J6o":{"weight":1.0,"played":[1.0,0.0],"evs":[0.0,-1.61387]},"Q6o":{"weight":1.0,"played":[1.0,0.0],"evs":[0.0,-1.40908]},"K6o":{"weight":1.0,"played":[1.0,0.0],"evs":[0.0,-1.31738]},"A6o":{"weight":1.0,"played":[1.0,0.0],"evs":[0.0,-1.81481]},"72s":{"weight":1.0,"played":[1.0,0.0],"evs":[0.0,-1.16055]},"73s":{"weight":1.0,"played":[0.9983,0.0017],"evs":[0.0,-0.80488]},"74s":{"weight":1.0,"played":[0.998,0.002],"evs":[0.0,-0.46281]},"75s":{"weight":1.0,"played":[0.8378,0.1622],"evs":[0.0,-0.04083]},"76s":{"weight":1.0,"played":[0.014,0.986],"evs":[0.0,0.23732]},"77":{"weight":1.0,"played":[3.0E-4,0.9997],"evs":[0.0,1.1762]},"87o":{"weight":1.0,"played":[1.0,0.0],"evs":[0.0,-0.55123]},"97o":{"weight":1.0,"played":[0.9999,1.0E-4],"evs":[0.0,-0.72193]},"T7o":{"weight":1.0,"played":[1.0,0.0],"evs":[0.0,-0.90859]},"J7o":{"weight":1.0,"played":[1.0,0.0],"evs":[0.0,-1.10593]},"Q7o":{"weight":1.0,"played":[1.0,0.0],"evs":[0.0,-1.41236]},"K7o":{"weight":1.0,"played":[1.0,0.0],"evs":[0.0,-1.30054]},"A7o":{"weight":1.0,"played":[1.0,0.0],"evs":[0.0,-1.68502]},"82s":{"weight":1.0,"played":[0.9999,1.0E-4],"evs":[0.0,-1.23417]},"83s":{"weight":1.0,"played":[1.0,0.0],"evs":[0.0,-0.96672]},"84s":{"weight":1.0,"played":[0.9993,7.0E-4],"evs":[0.0,-0.93767]},"85s":{"weight":1.0,"played":[0.9773,0.0227],"evs":[0.0,-0.33856]},"86s":{"weight":1.0,"played":[0.2217,0.7783],"evs":[0.0,0.17204]},"87s":{"weight":1.0,"played":[0.0051,0.9949],"evs":[0.0,0.35932]},"88":{"weight":1.0,"played":[0.0,1.0],"evs":[0.0,1.73941]},"98o":{"weight":1.0,"played":[1.0,0.0],"evs":[0.0,-0.3894]},"T8o":{"weight":1.0,"played":[0.9998,2.0E-4],"evs":[0.0,-0.74009]},"J8o":{"weight":1.0,"played":[1.0,0.0],"evs":[0.0,-0.87019]},"Q8o":{"weight":1.0,"played":[1.0,0.0],"evs":[0.0,-1.00423]},"K8o":{"weight":1.0,"played":[0.9998,2.0E-4],"evs":[0.0,-1.02207]},"A8o":{"weight":1.0,"played":[1.0,0.0],"evs":[0.0,-1.42894]},"92s":{"weight":1.0,"played":[0.9999,1.0E-4],"evs":[0.0,-1.27473]},"93s":{"weight":1.0,"played":[0.9976,0.0024],"evs":[0.0,-0.86032]},"94s":{"weight":1.0,"played":[0.9999,1.0E-4],"evs":[0.0,-0.80868]},"95s":{"weight":1.0,"played":[0.9991,9.0E-4],"evs":[0.0,-0.64678]},"96s":{"weight":1.0,"played":[0.9962,0.0038],"evs":[0.0,-0.35966]},"97s":{"weight":1.0,"played":[0.3087,0.6913],"evs":[0.0,0.05889]},"98s":{"weight":1.0,"played":[0.0243,0.9757],"evs":[0.0,0.44578]},"99":{"weight":1.0,"played":[0.0,1.0],"evs":[0.0,1.86419]},"T9o":{"weight":1.0,"played":[0.9988,0.0012],"evs":[0.0,-0.43266]},"J9o":{"weight":1.0,"played":[1.0,0.0],"evs":[0.0,-0.58838]},"Q9o":{"weight":1.0,"played":[0.9999,1.0E-4],"evs":[0.0,-0.72862]},"K9o":{"weight":1.0,"played":[1.0,0.0],"evs":[0.0,-0.9078]},"A9o":{"weight":1.0,"played":[0.9999,1.0E-4],"evs":[0.0,-1.50862]},"T2s":{"weight":1.0,"played":[1.0,0.0],"evs":[0.0,-1.47074]},"T3s":{"weight":1.0,"played":[1.0,0.0],"evs":[0.0,-0.99257]},"T4s":{"weight":1.0,"played":[0.9979,0.0021],"evs":[0.0,-0.83542]},"T5s":{"weight":1.0,"played":[0.9997,3.0E-4],"evs":[0.0,-0.95701]},"T6s":{"weight":1.0,"played":[0.9983,0.0017],"evs":[0.0,-0.4355]},"T7s":{"weight":1.0,"played":[0.9576,0.0424],"evs":[0.0,0.0394]},"T8s":{"weight":1.0,"played":[0.0173,0.9827],"evs":[0.0,0.13911]},"T9s":{"weight":1.0,"played":[2.0E-4,0.9998],"evs":[0.0,0.29072]},"TT":{"weight":1.0,"played":[0.0,1.0],"evs":[0.0,3.12806]},"JTo":{"weight":1.0,"played":[0.9814,0.0186],"evs":[0.0,-0.29033]},"QTo":{"weight":1.0,"played":[0.9999,1.0E-4],"evs":[0.0,-0.52627]},"KTo":{"weight":1.0,"played":[0.9995,5.0E-4],"evs":[0.0,-0.45099]},"ATo":{"weight":1.0,"played":[0.9995,5.0E-4],"evs":[0.0,-0.70838]},"J2s":{"weight":1.0,"played":[0.9996,4.0E-4],"evs":[0.0,-1.17371]},"J3s":{"weight":1.0,"played":[1.0,0.0],"evs":[0.0,-1.13922]},"J4s":{"weight":1.0,"played":[0.9996,4.0E-4],"evs":[0.0,-0.84535]},"J5s":{"weight":1.0,"played":[1.0,0.0],"evs":[0.0,-0.57224]},"J6s":{"weight":1.0,"played":[1.0,0.0],"evs":[0.0,-0.5919]},"J7s":{"weight":1.0,"played":[0.999,0.001],"evs":[0.0,-0.24993]},"J8s":{"weight":1.0,"played":[0.0945,0.9055],"evs":[0.0,-0.01344]},"J9s":{"weight":1.0,"played":[0.3897,0.6103],"evs":[0.0,0.18104]},"JTs":{"weight":1.0,"played":[6.0E-4,0.9994],"evs":[0.0,0.14793]},"JJ":{"weight":1.0,"played":[0.0,1.0],"evs":[0.0,4.17938]},"QJo":{"weight":1.0,"played":[0.9103,0.0897],"evs":[0.0,-0.22855]},"KJo":{"weight":1.0,"played":[0.9845,0.0155],"evs":[0.0,-0.20286]},"AJo":{"weight":1.0,"played":[0.9963,0.0037],"evs":[0.0,-0.25957]},"Q2s":{"weight":1.0,"played":[0.9999,1.0E-4],"evs":[0.0,-0.9571]},"Q3s":{"weight":1.0,"played":[0.9996,4.0E-4],"evs":[0.0,-0.77048]},"Q4s":{"weight":1.0,"played":[0.9895,0.0105],"evs":[0.0,-0.78767]},"Q5s":{"weight":1.0,"played":[0.9992,8.0E-4],"evs":[0.0,-0.42813]},"Q6s":{"weight":1.0,"played":[0.9994,6.0E-4],"evs":[0.0,-0.57911]},"Q7s":{"weight":1.0,"played":[0.9752,0.0248],"evs":[0.0,-0.48362]},"Q8s":{"weight":1.0,"played":[0.6996,0.3004],"evs":[0.0,-0.09198]},"Q9s":{"weight":1.0,"played":[0.1363,0.8637],"evs":[0.0,0.08801]},"QTs":{"weight":1.0,"played":[0.0057,0.9943],"evs":[0.0,0.65391]},"QJs":{"weight":1.0,"played":[0.0,1.0],"evs":[0.0,0.47122]},"QQ":{"weight":1.0,"played":[0.0,1.0],"evs":[0.0,5.26488]},"KQo":{"weight":1.0,"played":[0.1622,0.8378],"evs":[0.0,0.2945]},"AQo":{"weight":1.0,"played":[0.0,1.0],"evs":[0.0,0.70159]},"K2s":{"weight":1.0,"played":[0.9999,1.0E-4],"evs":[0.0,-0.97805]},"K3s":{"weight":1.0,"played":[0.9999,1.0E-4],"evs":[0.0,-0.94899]},"K4s":{"weight":1.0,"played":[0.9645,0.0355],"evs":[0.0,-0.72168]},"K5s":{"weight":1.0,"played":[0.8398,0.1602],"evs":[0.0,-0.49357]},"K6s":{"weight":1.0,"played":[0.9994,6.0E-4],"evs":[0.0,-0.51221]},"K7s":{"weight":1.0,"played":[0.8242,0.1758],"evs":[0.0,-0.12334]},"K8s":{"weight":1.0,"played":[0.977,0.023],"evs":[0.0,-0.19201]},"K9s":{"weight":1.0,"played":[0.1348,0.8652],"evs":[0.0,-0.03108]},"KTs":{"weight":1.0,"played":[5.0E-4,0.9995],"evs":[0.0,0.24331]},"KJs":{"weight":1.0,"played":[0.0227,0.9773],"evs":[0.0,0.36613]},"KQs":{"weight":1.0,"played":[2.0E-4,0.9998],"evs":[0.0,1.41668]},"KK":{"weight":1.0,"played":[0.0,1.0],"evs":[0.0,7.59818]},"AKo":{"weight":1.0,"played":[0.0,1.0],"evs":[0.0,1.42566]},"A2s":{"weight":1.0,"played":[0.9997,3.0E-4],"evs":[0.0,-1.1171]},"A3s":{"weight":1.0,"played":[0.9997,3.0E-4],"evs":[0.0,-0.88327]},"A4s":{"weight":1.0,"played":[0.9981,0.0019],"evs":[0.0,-0.78866]},"A5s":{"weight":1.0,"played":[0.9929,0.0071],"evs":[0.0,-0.77435]},"A6s":{"weight":1.0,"played":[1.0,0.0],"evs":[0.0,-0.93607]},"A7s":{"weight":1.0,"played":[0.9936,0.0064],"evs":[0.0,-0.8108]},"A8s":{"weight":1.0,"played":[0.9863,0.0137],"evs":[0.0,-0.54341]},"A9s":{"weight":1.0,"played":[0.6308,0.3692],"evs":[0.0,0.07418]},"ATs":{"weight":1.0,"played":[0.6111,0.3889],"evs":[0.0,-0.0991]},"AJs":{"weight":1.0,"played":[0.0,1.0],"evs":[0.0,0.88099]},"AQs":{"weight":1.0,"played":[0.0,1.0],"evs":[0.0,1.35041]},"AKs":{"weight":1.0,"played":[2.0E-4,0.9998],"evs":[0.0,2.22338]},"AA":{"weight":1.0,"played":[0.0,1.0],"evs":[0.0,10.0767]}}}