{"player":5,"street":0,"children":2,"sequence":[{"player":0,"type":"F","amount":0,"street":0},{"player":1,"type":"R","amount":2035000,"street":0},{"player":2,"type":"C","amount":985000,"street":0},{"player":3,"type":"C","amount":1905000,"street":0},{"player":4,"type":"F","amount":0,"street":0}],"actions":[{"type":"F","amount":0},{"type":"C","amount":635000}],"hands":{"22":{"weight":1.0,"played":[0.9994,6.0E-4],"evs":[0.0,-0.62917]},"32o":{"weight":1.0,"played":[1.0,0.0],"evs":[0.0,-2.14837]},"42o":{"weight":1.0,"played":[1.0,0.0],"evs":[0.0,-2.00342]},"52o":{"weight":1.0,"played":[1.0,0.0],"evs":[0.0,-1.83411]},"62o":{"weight":1.0,"played":[1.0,0.0],"evs":[0.0,-2.0224]},"72o":{"weight":1.0,"played":[1.0,0.0],"evs":[0.0,-2.20531]},"82o":{"weight":1.0,"played":[1.0,0.0],"evs":[0.0,-1.89007]},"92o":{"weight":1.0,"played":[1.0,0.0],"evs":[0.0,-2.18116]},"T2o":{"weight":1.0,"played":[1.0,0.0],"evs":[0.0,-1.9301]},"J2o":{"weight":1.0,"played":[1.0,0.0],"evs":[0.0,-2.11498]},"Q2o":{"weight":1.0,"played":[1.0,0.0],"evs":[0.0,-1.89504]},"K2o":{"weight":1.0,"played":[1.0,0.0],"evs":[0.0,-1.66642]},"A2o":{"weight":1.0,"played":[1.0,0.0],"evs":[0.0,-2.21495]},"32s":{"weight":1.0,"played":[0.9999,1.0E-4],"evs":[0.0,-1.40792]},"33":{"weight":1.0,"played":[0.9945,0.0055],"evs":[0.0,-0.54021]},"43o":{"weight":1.0,"played":[1.0,0.0],"evs":[0.0,-1.67279]},"53o":{"weight":1.0,"played":[1.0,0.0],"evs":[0.0,-1.46381]},"63o":{"weight":1.0,"played":[1.0,0.0],"evs":[0.0,-1.655]},"73o":{"weight":1.0,"played":[1.0,0.0],"evs":[0.0,-1.82604]},"83o":{"weight":1.0,"played":[1.0,0.0],"evs":[0.0,-2.06261]},"93o":{"weight":1.0,"played":[1.0,0.0],"evs":[0.0,-1.96937]},"T3o":{"weight":1.0,"played":[1.0,0.0],"evs":[0.0,-1.98384]},"J3o":{"weight":1.0,"played":[1.0,0.0],"evs":[0.0,-1.97303]},"Q3o":{"weight":1.0,"played":[1.0,0.0],"evs":[0.0,-1.80754]},"K3o":{"weight":1.0,"played":[1.0,0.0],"evs":[0.0,-1.56374]},"A3o":{"weight":1.0,"played":[0.9999,1.0E-4],"evs":[0.0,-2.19581]},"42s":{"weight":1.0,"played":[0.9999,1.0E-4],"evs":[0.0,-1.01544]},"43s":{"weight":1.0,"played":[0.9993,7.0E-4],"evs":[0.0,-0.73295]},"44":{"weight":1.0,"played":[0.9956,0.0044],"evs":[0.0,-0.19255]},"54o":{"weight":1.0,"played":[1.0,0.0],"evs":[0.0,-1.03642]},"64o":{"weight":1.0,"played":[1.0,0.0],"evs":[0.0,-1.1694]},"74o":{"weight":1.0,"played":[1.0,0.0],"evs":[0.0,-1.47475]},"84o":{"weight":1.0,"played":[1.0,0.0],"evs":[0.0,-1.68857]},"94o":{"weight":1.0,"played":[1.0,0.0],"evs":[0.0,-2.02407]},"T4o":{"weight":1.0,"played":[1.0,0.0],"evs":[0.0,-1.8904]},"J4o":{"weight":1.0,"played":[1.0,0.0],"evs":[0.0,-1.9836]},"Q4o":{"weight":1.0,"played":[1.0,0.0],"evs":[0.0,-1.64956]},"K4o":{"weight":1.0,"played":[1.0,0.0],"evs":[0.0,-1.43558]},"A4o":{"weight":1.0,"played":[0.9999,1.0E-4],"evs":[0.0,-2.09336]},"52s":{"weight":1.0,"played":[0.9994,6.0E-4],"evs":[0.0,-1.01958]},"53s":{"weight":1.0,"played":[0.9764,0.0236],"evs":[0.0,-0.28811]},"54s":{"weight":1.0,"played":[0.9547,0.0453],"evs":[0.0,-0.26689]},"55":{"weight":1.0,"played":[0.0447,0.9553],"evs":[0.0,0.10929]},"65o":{"weight":1.0,"played":[1.0,0.0],"evs":[0.0,-0.97505]},"75o":{"weight":1.0,"played":[1.0,0.0],"evs":[0.0,-1.16863]},"85o":{"weight":1.0,"played":[1.0,0.0],"evs":[0.0,-1.22252]},"95o":{"weight":1.0,"played":[1.0,0.0],"evs":[0.0,-1.41125]},"T5o":{"weight":1.0,"played":[0.9999,1.0E-4],"evs":[0.0,-1.74509]},"J5o":{"weight":1.0,"played":[1.0,0.0],"evs":[0.0,-1.80878]},"Q5o":{"weight":1.0,"played":[1.0,0.0],"evs":[0.0,-1.60637]},"K5o":{"weight":1.0,"played":[1.0,0.0],"evs":[0.0,-1.47963]},"A5o":{"weight":1.0,"played":[1.0,0.0],"evs":[0.0,-1.91722]},"62s":{"weight":1.0,"played":[1.0,0.0],"evs":[0.0,-1.04867]},"63s":{"weight":1.0,"played":[0.9951,0.0049],"evs":[0.0,-0.53666]},"64s":{"weight":1.0,"played":[0.9776,0.0224],"evs":[0.0,-0.37016]},"65s":{"weight":1.0,"played":[0.0212,0.9788],"evs":[0.0,0.04663]},"66":{"weight":1.0,"played":[0.0,1.0],"evs":[0.0,0.50411]},"76o":{"weight":1.0,"played":[0.9987,0.0013],"evs":[0.0,-0.51009]},"86o":{"weight":1.0,"played":[0.9999,1.0E-4],"evs":[0.0,-0.85375]},"96o":{"weight":1.0,"played":[1.0,0.0],"evs":[0.0,-1.07751]},"T6o":{"weight":1.0,"played":[1.0,0.0],"evs":[0.0,-1.35921]},"J6o":{"weight":1.0,"played":[1.0,0.0],"evs":[0.0,-1.64325]},"Q6o":{"weight":1.0,"played":[1.0,0.0],"evs":[0.0,-1.36188]},"K6o":{"weight":1.0,"played":[0.9998,2.0E-4],"evs":[0.0,-1.15063]},"A6o":{"weight":1.0,"played":[1.0,0.0],"evs":[0.0,-1.95939]},"72s":{"weight":1.0,"played":[0.9999,1.0E-4],"evs":[0.0,-1.50536]},"73s":{"weight":1.0,"played":[1.0,0.0],"evs":[0.0,-0.70028]},"74s":{"weight":1.0,"played":[0.9591,0.0409],"evs":[0.0,-0.68211]},"75s":{"weight":1.0,"played":[0.9919,0.0081],"evs":[0.0,-0.30424]},"76s":{"weight":1.0,"played":[0.0403,0.9597],"evs":[0.0,0.2327]},"77":{"weight":1.0,"played":[0.0,1.0],"evs":[0.0,1.27134]},"87o":{"weight":1.0,"played":[0.9998,2.0E-4],"evs":[0.0,-0.60242]},"97o":{"weight":1.0,"played":[1.0,0.0],"evs":[0.0,-0.75566]},"T7o":{"weight":1.0,"played":[1.0,0.0],"evs":[0.0,-0.98446]},"J7o":{"weight":1.0,"played":[1.0,0.0],"evs":[0.0,-1.47992]},"Q7o":{"weight":1.0,"played":[0.9994,6.0E-4],"evs":[0.0,-1.16598]},"K7o":{"weight":1.0,"played":[1.0,0.0],"evs":[0.0,-1.29309]},"A7o":{"weight":1.0,"played":[1.0,0.0],"evs":[0.0,-1.78963]},"82s":{"weight":1.0,"played":[1.0,0.0],"evs":[0.0,-1.08611]},"83s":{"weight":1.0,"played":[0.9998,2.0E-4],"evs":[0.0,-0.7542]},"84s":{"weight":1.0,"played":[0.9962,0.0038],"evs":[0.0,-0.42601]},"85s":{"weight":1.0,"played":[0.9541,0.0459],"evs":[0.0,-0.10941]},"86s":{"weight":1.0,"played":[0.0152,0.9848],"evs":[0.0,0.38133]},"87s":{"weight":1.0,"played":[0.0625,0.9375],"evs":[0.0,0.19326]},"88":{"weight":1.0,"played":[0.0,1.0],"evs":[0.0,1.28156]},"98o":{"weight":1.0,"played":[0.9999,1.0E-4],"evs":[0.0,-0.52913]},"T8o":{"weight":1.0,"played":[0.9999,1.0E-4],"evs":[0.0,-0.59954]},"J8o":{"weight":1.0,"played":[1.0,0.0],"evs":[0.0,-1.03101]},"Q8o":{"weight":1.0,"played":[0.9999,1.0E-4],"evs":[0.0,-0.93395]},"K8o":{"weight":1.0,"played":[0.9999,1.0E-4],"evs":[0.0,-1.11569]},"A8o":{"weight":1.0,"played":[1.0,0.0],"evs":[0.0,-1.424]},"92s":{"weight":1.0,"played":[0.9993,7.0E-4],"evs":[0.0,-0.96425]},"93s":{"weight":1.0,"played":[0.9999,1.0E-4],"evs":[0.0,-1.04202]},"94s":{"weight":1.0,"played":[1.0,0.0],"evs":[0.0,-0.95587]},"95s":{"weight":1.0,"played":[1.0,0.0],"evs":[0.0,-0.51506]},"96s":{"weight":1.0,"played":[0.305,0.695],"evs":[0.0,-0.1016]},"97s":{"weight":1.0,"played":[0.3048,0.6952],"evs":[0.0,0.10778]},"98s":{"weight":1.0,"played":[0.0,1.0],"evs":[0.0,0.36191]},"99":{"weight":1.0,"played":[0.0,1.0],"evs":[0.0,2.15211]},"T9o":{"weight":1.0,"played":[1.0,0.0],"evs":[0.0,-0.37696]},"J9o":{"weight":1.0,"played":[1.0,0.0],"evs":[0.0,-0.98635]},"Q9o":{"weight":1.0,"played":[0.9992,8.0E-4],"evs":[0.0,-0.7117]},"K9o":{"weight":1.0,"played":[1.0,0.0],"evs":[0.0,-0.83497]},"A9o":{"weight":1.0,"played":[1.0,0.0],"evs":[0.0,-1.60508]},"T2s":{"weight":1.0,"played":[0.9983,0.0017],"evs":[0.0,-1.1561]},"T3s":{"weight":1.0,"played":[1.0,0.0],"evs":[0.0,-1.1638]},"T4s":{"weight":1.0,"played":[0.9987,0.0013],"evs":[0.0,-0.82974]},"T5s":{"weight":1.0,"played":[1.0,0.0],"evs":[0.0,-0.95017]},"T6s":{"weight":1.0,"played":[0.9552,0.0448],"evs":[0.0,-0.1932]},"T7s":{"weight":1.0,"played":[0.5069,0.4931],"evs":[0.0,0.20546]},"T8s":{"weight":1.0,"played":[0.0451,0.9549],"evs":[0.0,0.00527]},"T9s":{"weight":1.0,"played":[0.0016,0.9984],"evs":[0.0,0.40027]},"TT":{"weight":1.0,"played":[0.0,1.0],"evs":[0.0,2.85438]},"JTo":{"weight":1.0,"played":[0.9935,0.0065],"evs":[0.0,-0.39683]},"QTo":{"weight":1.0,"played":[0.9995,5.0E-4],"evs":[0.0,-0.17918]},"KTo":{"weight":1.0,"played":[0.974,0.026],"evs":[0.0,-0.18922]},"ATo":{"weight":1.0,"played":[0.9997,3.0E-4],"evs":[0.0,-0.86417]},"J2s":{"weight":1.0,"played":[1.0,0.0],"evs":[0.0,-1.2768]},"J3s":{"weight":1.0,"played":[0.9993,7.0E-4],"evs":[0.0,-0.79689]},"J4s":{"weight":1.0,"played":[0.9999,1.0E-4],"evs":[0.0,-0.92547]},"J5s":{"weight":1.0,"played":[0.9746,0.0254],"evs":[0.0,-0.83203]},"J6s":{"weight":1.0,"played":[0.995,0.005],"evs":[0.0,-0.77277]},"J7s":{"weight":1.0,"played":[0.9999,1.0E-4],"evs":[0.0,-0.33838]},"J8s":{"weight":1.0,"played":[0.7435,0.2565],"evs":[0.0,-0.30126]},"J9s":{"weight":1.0,"played":[0.2191,0.7809],"evs":[0.0,0.126]},"JTs":{"weight":1.0,"played":[0.002,0.998],"evs":[0.0,0.35297]},"JJ":{"weight":1.0,"played":[0.0,1.0],"evs":[0.0,3.55536]},"QJo":{"weight":1.0,"played":[0.9999,1.0E-4],"evs":[0.0,-0.3853]},"KJo":{"weight":1.0,"played":[0.9215,0.0785],"evs":[0.0,-0.20379]},"AJo":{"weight":1.0,"played":[0.9919,0.0081],"evs":[0.0,-0.42496]},"Q2s":{"weight":1.0,"played":[0.9995,5.0E-4],"evs":[0.0,-0.79893]},"Q3s":{"weight":1.0,"played":[1.0,0.0],"evs":[0.0,-1.02164]},"Q4s":{"weight":1.0,"played":[0.9984,0.0016],"evs":[0.0,-0.85742]},"Q5s":{"weight":1.0,"played":[0.9988,0.0012],"evs":[0.0,-0.33211]},"Q6s":{"weight":1.0,"played":[0.9977,0.0023],"evs":[0.0,-0.49124]},"Q7s":{"weight":1.0,"played":[0.9868,0.0132],"evs":[0.0,-0.43325]},"Q8s":{"weight":1.0,"played":[0.465,0.535],"evs":[0.0,0.06647]},"Q9s":{"weight":1.0,"played":[0.4367,0.5633],"evs":[0.0,0.06563]},"QTs":{"weight":1.0,"played":[0.0055,0.9945],"evs":[0.0,0.54509]},"QJs":{"weight":1.0,"played":[6.0E-4,0.9994],"evs":[0.0,0.6543]},"QQ":{"weight":1.0,"played":[0.0,1.0],"evs":[0.0,5.54072]},"KQo":{"weight":1.0,"played":[1.0E-4,0.9999],"evs":[0.0,0.28997]},"AQo":{"weight":1.0,"played":[1.0E-4,0.9999],"evs":[0.0,0.57969]},"K2s":{"weight":1.0,"played":[0.997,0.003],"evs":[0.0,-0.82952]},"K3s":{"weight":1.0,"played":[0.9971,0.0029],"evs":[0.0,-0.67354]},"K4s":{"weight":1.0,"played":[0.9939,0.0061],"evs":[0.0,-0.72462]},"K5s":{"weight":1.0,"played":[0.9691,0.0309],"evs":[0.0,-0.67088]},"K6s":{"weight":1.0,"played":[0.9993,7.0E-4],"evs":[0.0,-0.17815]},"K7s":{"weight":1.0,"played":[0.8747,0.1253],"evs":[0.0,-0.2005]},"K8s":{"weight":1.0,"played":[0.3048,0.6952],"evs":[0.0,0.01192]},"K9s":{"weight":1.0,"played":[0.0468,0.9532],"evs":[0.0,0.14997]},"KTs":{"weight":1.0,"played":[0.0087,0.9913],"evs":[0.0,0.61529]},"KJs":{"weight":1.0,"played":[0.0512,0.9488],"evs":[0.0,0.36308]},"KQs":{"weight":1.0,"played":[0.0,1.0],"evs":[0.0,1.24375]},"KK":{"weight":1.0,"played":[0.0,1.0],"evs":[0.0,7.51377]},"AKo":{"weight":1.0,"played":[0.0,1.0],"evs":[0.0,1.37921]},"A2s":{"weight":1.0,"played":[0.9999,1.0E-4],"evs":[0.0,-1.15021]},"A3s":{"weight":1.0,"played":[0.9992,8.0E-4],"evs":[0.0,-1.17381]},"A4s":{"weight":1.0,"played":[0.9999,1.0E-4],"evs":[0.0,-0.92624]},"A5s":{"weight":1.0,"played":[0.9977,0.0023],"evs":[0.0,-0.64523]},"A6s":{"weight":1.0,"played":[0.9997,3.0E-4],"evs":[0.0,-1.03167]},"A7s":{"weight":1.0,"played":[0.9981,0.0019],"evs":[0.0,-0.90286]},"A8s":{"weight":1.0,"played":[0.9971,0.0029],"evs":[0.0,-0.65591]},"A9s":{"weight":1.0,"played":[0.9701,0.0299],"evs":[0.0,-0.48015]},"ATs":{"weight":1.0,"played":[0.4223,0.5777],"evs":[0.0,-0.0604]},"AJs":{"weight":1.0,"played":[0.0089,0.9911],"evs":[0.0,0.95191]},"AQs":{"weight":1.0,"played":[6.0E-4,0.9994],"evs":[0.0,0.9602]},"AKs":{"weight":1.0,"played":[6.0E-4,0.9994],"evs":[0.0,2.29193]},"AA":{"weight":1.0,"played":[0.0,1.0],"evs":[0.0,10.0377]}}}