{"player":4,"street":0,"children":3,"sequence":[{"player":0,"type":"R","amount":200000,"street":0},{"player":1,"type":"F","amount":0,"street":0},{"player":2,"type":"F","amount":0,"street":0},{"player":3,"type":"F","amount":0,"street":0}],"actions":[{"type":"F","amount":0,"node":242},{"type":"C","amount":150000,"node":244},{"type":"R","amount":2035000,"node":250}],"hands":{"22":{"weight":1.0,"played":[0.0,0.2875,0.7124],"evs":[0.0,0.10002,0.10433]},"32o":{"weight":1.0,"played":[1.0,0.0,0.0],"evs":[0.0,-0.52607,-1.98]},"42o":{"weight":1.0,"played":[1.0,0.0,0.0],"evs":[0.0,-0.48994,-1.82666]},"52o":{"weight":1.0,"played":[1.0,0.0,0.0],"evs":[0.0,-0.4618,-1.6918]},"62o":{"weight":1.0,"played":[1.0,0.0,0.0],"evs":[0.0,-0.53973,-1.81187]},"72o":{"weight":1.0,"played":[1.0,0.0,0.0],"evs":[0.0,-0.62065,-1.98393]},"82o":{"weight":1.0,"played":[1.0,0.0,0.0],"evs":[0.0,-0.59964,-1.87497]},"92o":{"weight":1.0,"played":[1.0,0.0,0.0],"evs":[0.0,-0.58545,-1.77334]},"T2o":{"weight":1.0,"played":[1.0,0.0,0.0],"evs":[0.0,-0.59747,-1.74442]},"J2o":{"weight":1.0,"played":[1.0,0.0,0.0],"evs":[0.0,-0.54013,-1.57771]},"Q2o":{"weight":1.0,"played":[1.0,0.0,0.0],"evs":[0.0,-0.47675,-1.36498]},"K2o":{"weight":1.0,"played":[1.0,0.0,0.0],"evs":[0.0,-0.41359,-1.0551]},"A2o":{"weight":1.0,"played":[1.0,0.0,0.0],"evs":[0.0,-0.2407,-0.49896]},"32s":{"weight":1.0,"played":[1.0,0.0,0.0],"evs":[0.0,-0.24762,-1.32501]},"33":{"weight":1.0,"played":[0.0,0.9629,0.0371],"evs":[0.0,0.17813,0.16132]},"43o":{"weight":1.0,"played":[1.0,0.0,0.0],"evs":[0.0,-0.39455,-1.63435]},"53o":{"weight":1.0,"played":[1.0,0.0,0.0],"evs":[0.0,-0.34669,-1.49542]},"63o":{"weight":1.0,"played":[1.0,0.0,0.0],"evs":[0.0,-0.42811,-1.61695]},"73o":{"weight":1.0,"played":[1.0,0.0,0.0],"evs":[0.0,-0.5272,-1.77903]},"83o":{"weight":1.0,"played":[1.0,0.0,0.0],"evs":[0.0,-0.58524,-1.91391]},"93o":{"weight":1.0,"played":[1.0,0.0,0.0],"evs":[0.0,-0.55361,-1.72939]},"T3o":{"weight":1.0,"played":[1.0,0.0,0.0],"evs":[0.0,-0.57274,-1.74169]},"J3o":{"weight":1.0,"played":[1.0,0.0,0.0],"evs":[0.0,-0.51986,-1.55481]},"Q3o":{"weight":1.0,"played":[1.0,0.0,0.0],"evs":[0.0,-0.45069,-1.33261]},"K3o":{"weight":1.0,"played":[1.0,0.0,0.0],"evs":[0.0,-0.39294,-1.03572]},"A3o":{"weight":1.0,"played":[1.0,0.0,0.0],"evs":[0.0,-0.18339,-0.46658]},"42s":{"weight":1.0,"played":[1.0,0.0,0.0],"evs":[0.0,-0.20999,-1.1894]},"43s":{"weight":1.0,"played":[1.0,0.0,0.0],"evs":[0.0,-0.11131,-1.01144]},"44":{"weight":1.0,"played":[0.0,0.8705,0.1295],"evs":[0.0,0.41442,0.40743]},"54o":{"weight":1.0,"played":[1.0,0.0,0.0],"evs":[0.0,-0.25138,-1.1866]},"64o":{"weight":1.0,"played":[1.0,0.0,0.0],"evs":[0.0,-0.32127,-1.30967]},"74o":{"weight":1.0,"played":[1.0,0.0,0.0],"evs":[0.0,-0.42092,-1.46804]},"84o":{"weight":1.0,"played":[1.0,0.0,0.0],"evs":[0.0,-0.4842,-1.59764]},"94o":{"weight":1.0,"played":[1.0,0.0,0.0],"evs":[0.0,-0.52761,-1.65988]},"T4o":{"weight":1.0,"played":[1.0,0.0,0.0],"evs":[0.0,-0.53929,-1.58863]},"J4o":{"weight":1.0,"played":[1.0,0.0,0.0],"evs":[0.0,-0.48923,-1.41807]},"Q4o":{"weight":1.0,"played":[1.0,0.0,0.0],"evs":[0.0,-0.41756,-1.2182]},"K4o":{"weight":1.0,"played":[1.0,0.0,0.0],"evs":[0.0,-0.34912,-0.88674]},"A4o":{"weight":1.0,"played":[1.0,0.0,0.0],"evs":[0.0,-0.12772,-0.33515]},"52s":{"weight":1.0,"played":[1.0,0.0,0.0],"evs":[0.0,-0.18689,-1.06566]},"53s":{"weight":1.0,"played":[1.0,0.0,0.0],"evs":[0.0,-0.06191,-0.87705]},"54s":{"weight":1.0,"played":[6.0E-4,0.9994,0.0],"evs":[0.0,0.05092,-0.58901]},"55":{"weight":1.0,"played":[0.0,1.0E-4,0.9999],"evs":[0.0,0.67009,0.7959]},"65o":{"weight":1.0,"played":[1.0,0.0,0.0],"evs":[0.0,-0.22229,-1.03183]},"75o":{"weight":1.0,"played":[1.0,0.0,0.0],"evs":[0.0,-0.30459,-1.19185]},"85o":{"weight":1.0,"played":[1.0,0.0,0.0],"evs":[0.0,-0.37965,-1.30812]},"95o":{"weight":1.0,"played":[1.0,0.0,0.0],"evs":[0.0,-0.44855,-1.37085]},"T5o":{"weight":1.0,"played":[1.0,0.0,0.0],"evs":[0.0,-0.53349,-1.53913]},"J5o":{"weight":1.0,"played":[1.0,0.0,0.0],"evs":[0.0,-0.47516,-1.30833]},"Q5o":{"weight":1.0,"played":[1.0,0.0,0.0],"evs":[0.0,-0.40899,-1.1001]},"K5o":{"weight":1.0,"played":[1.0,0.0,0.0],"evs":[0.0,-0.34215,-0.79478]},"A5o":{"weight":1.0,"played":[1.0,0.0,0.0],"evs":[0.0,-0.08039,-0.2177]},"62s":{"weight":1.0,"played":[1.0,0.0,0.0],"evs":[0.0,-0.24996,-1.19501]},"63s":{"weight":1.0,"played":[1.0,0.0,0.0],"evs":[0.0,-0.13818,-0.96954]},"64s":{"weight":1.0,"played":[0.987,0.013,0.0],"evs":[0.0,-0.02766,-0.70993]},"65s":{"weight":1.0,"played":[2.0E-4,0.9998,0.0],"evs":[0.0,0.07192,-0.44436]},"66":{"weight":1.0,"played":[0.0,0.0,1.0],"evs":[0.0,0.92314,1.24981]},"76o":{"weight":1.0,"played":[1.0,0.0,0.0],"evs":[0.0,-0.22774,-0.88146]},"86o":{"weight":1.0,"played":[1.0,0.0,0.0],"evs":[0.0,-0.28363,-0.99762]},"96o":{"weight":1.0,"played":[1.0,0.0,0.0],"evs":[0.0,-0.35011,-1.06124]},"T6o":{"weight":1.0,"played":[1.0,0.0,0.0],"evs":[0.0,-0.44581,-1.2293]},"J6o":{"weight":1.0,"played":[1.0,0.0,0.0],"evs":[0.0,-0.43667,-1.23792]},"Q6o":{"weight":1.0,"played":[1.0,0.0,0.0],"evs":[0.0,-0.36525,-0.97919]},"K6o":{"weight":1.0,"played":[1.0,0.0,0.0],"evs":[0.0,-0.28935,-0.65633]},"A6o":{"weight":1.0,"played":[1.0,0.0,0.0],"evs":[0.0,-0.14891,-0.3129]},"72s":{"weight":1.0,"played":[1.0,0.0,0.0],"evs":[0.0,-0.33853,-1.30345]},"73s":{"weight":1.0,"played":[1.0,0.0,0.0],"evs":[0.0,-0.2367,-1.12358]},"74s":{"weight":1.0,"played":[1.0,0.0,0.0],"evs":[0.0,-0.11797,-0.84569]},"75s":{"weight":1.0,"played":[0.8407,0.1593,0.0],"evs":[0.0,-0.00324,-0.57513]},"76s":{"weight":1.0,"played":[1.0E-4,0.9999,0.0],"evs":[0.0,0.07669,-0.28064]},"77":{"weight":1.0,"played":[0.0,0.0,1.0],"evs":[0.0,1.14363,1.61152]},"87o":{"weight":1.0,"played":[1.0,0.0,0.0],"evs":[0.0,-0.23049,-0.79664]},"97o":{"weight":1.0,"played":[1.0,0.0,0.0],"evs":[0.0,-0.26358,-0.85232]},"T7o":{"weight":1.0,"played":[1.0,0.0,0.0],"evs":[0.0,-0.34273,-0.99987]},"J7o":{"weight":1.0,"played":[1.0,0.0,0.0],"evs":[0.0,-0.36338,-1.02674]},"Q7o":{"weight":1.0,"played":[1.0,0.0,0.0],"evs":[0.0,-0.34569,-0.98454]},"K7o":{"weight":1.0,"played":[1.0,0.0,0.0],"evs":[0.0,-0.26452,-0.62355]},"A7o":{"weight":1.0,"played":[1.0,0.0,0.0],"evs":[0.0,-0.08616,-0.21208]},"82s":{"weight":1.0,"played":[1.0,0.0,0.0],"evs":[0.0,-0.31453,-1.2199]},"83s":{"weight":1.0,"played":[1.0,0.0,0.0],"evs":[0.0,-0.29303,-1.25486]},"84s":{"weight":1.0,"played":[1.0,0.0,0.0],"evs":[0.0,-0.19885,-0.96388]},"85s":{"weight":1.0,"played":[1.0,0.0,0.0],"evs":[0.0,-0.08758,-0.69729]},"86s":{"weight":1.0,"played":[0.0084,0.9916,0.0],"evs":[0.0,0.01792,-0.41345]},"87s":{"weight":1.0,"played":[0.0,1.0,0.0],"evs":[0.0,0.05836,-0.20233]},"88":{"weight":1.0,"played":[0.0,0.0,1.0],"evs":[0.0,1.50859,2.05344]},"98o":{"weight":1.0,"played":[1.0,0.0,0.0],"evs":[0.0,-0.19874,-0.65803]},"T8o":{"weight":1.0,"played":[1.0,0.0,0.0],"evs":[0.0,-0.2531,-0.76613]},"J8o":{"weight":1.0,"played":[1.0,0.0,0.0],"evs":[0.0,-0.27335,-0.78552]},"Q8o":{"weight":1.0,"played":[1.0,0.0,0.0],"evs":[0.0,-0.26438,-0.75799]},"K8o":{"weight":1.0,"played":[1.0,0.0,0.0],"evs":[0.0,-0.23187,-0.62693]},"A8o":{"weight":1.0,"played":[0.852,0.148,0.0],"evs":[0.0,-0.00342,-0.11988]},"92s":{"weight":1.0,"played":[1.0,0.0,0.0],"evs":[0.0,-0.29825,-1.1096]},"93s":{"weight":1.0,"played":[1.0,0.0,0.0],"evs":[0.0,-0.26994,-1.08405]},"94s":{"weight":1.0,"played":[1.0,0.0,0.0],"evs":[0.0,-0.24093,-1.00577]},"95s":{"weight":1.0,"played":[1.0,0.0,0.0],"evs":[0.0,-0.16069,-0.75779]},"96s":{"weight":1.0,"played":[1.0,0.0,0.0],"evs":[0.0,-0.0471,-0.45612]},"97s":{"weight":1.0,"played":[6.0E-4,0.9994,0.0],"evs":[0.0,0.04011,-0.24193]},"98s":{"weight":1.0,"played":[0.0,1.0,0.0],"evs":[0.0,0.11073,-0.05895]},"99":{"weight":1.0,"played":[0.0,0.0,1.0],"evs":[0.0,1.98021,2.6042]},"T9o":{"weight":1.0,"played":[1.0,0.0,0.0],"evs":[0.0,-0.15292,-0.49523]},"J9o":{"weight":1.0,"played":[1.0,0.0,0.0],"evs":[0.0,-0.16065,-0.49146]},"Q9o":{"weight":1.0,"played":[1.0,0.0,0.0],"evs":[0.0,-0.15881,-0.48523]},"K9o":{"weight":1.0,"played":[1.0,0.0,0.0],"evs":[0.0,-0.12929,-0.32225]},"A9o":{"weight":1.0,"played":[0.0,1.0,0.0],"evs":[0.0,0.20532,0.10166]},"T2s":{"weight":1.0,"played":[1.0,0.0,0.0],"evs":[0.0,-0.30437,-1.12378]},"T3s":{"weight":1.0,"played":[1.0,0.0,0.0],"evs":[0.0,-0.27144,-1.07635]},"T4s":{"weight":1.0,"played":[1.0,0.0,0.0],"evs":[0.0,-0.24418,-0.98806]},"T5s":{"weight":1.0,"played":[1.0,0.0,0.0],"evs":[0.0,-0.23827,-0.92005]},"T6s":{"weight":1.0,"played":[1.0,0.0,0.0],"evs":[0.0,-0.13507,-0.61907]},"T7s":{"weight":1.0,"played":[1.0,0.0,0.0],"evs":[0.0,-0.02768,-0.40699]},"T8s":{"weight":1.0,"played":[0.0,1.0,0.0],"evs":[0.0,0.07285,-0.17156]},"T9s":{"weight":1.0,"played":[0.0,1.0,0.0],"evs":[0.0,0.17295,0.09397]},"TT":{"weight":1.0,"played":[0.0,0.0,1.0],"evs":[0.0,2.49795,3.34728]},"JTo":{"weight":1.0,"played":[1.0,0.0,0.0],"evs":[0.0,-0.02712,-0.23299]},"QTo":{"weight":1.0,"played":[0.0078,0.9922,0.0],"evs":[0.0,0.01431,-0.16494]},"KTo":{"weight":1.0,"played":[0.0,0.9888,0.0112],"evs":[0.0,0.0674,0.06669]},"ATo":{"weight":1.0,"played":[0.0,0.2334,0.7666],"evs":[0.0,0.793,0.79487]},"J2s":{"weight":1.0,"played":[1.0,0.0,0.0],"evs":[0.0,-0.22966,-0.91589]},"J3s":{"weight":1.0,"played":[1.0,0.0,0.0],"evs":[0.0,-0.21142,-0.90476]},"J4s":{"weight":1.0,"played":[1.0,0.0,0.0],"evs":[0.0,-0.17568,-0.79357]},"J5s":{"weight":1.0,"played":[1.0,0.0,0.0],"evs":[0.0,-0.15765,-0.69755]},"J6s":{"weight":1.0,"played":[1.0,0.0,0.0],"evs":[0.0,-0.12536,-0.5823]},"J7s":{"weight":1.0,"played":[1.0,0.0,0.0],"evs":[0.0,-0.052,-0.39772]},"J8s":{"weight":1.0,"played":[2.0E-4,0.9998,0.0],"evs":[0.0,0.04788,-0.16336]},"J9s":{"weight":1.0,"played":[0.0,0.9999,0.0],"evs":[0.0,0.15938,0.07586]},"JTs":{"weight":1.0,"played":[0.0,0.4434,0.5566],"evs":[0.0,0.30649,0.3181]},"JJ":{"weight":1.0,"played":[0.0,0.0,1.0],"evs":[0.0,3.34315,4.22319]},"QJo":{"weight":1.0,"played":[0.0,0.9998,2.0E-4],"evs":[0.0,0.16124,0.11342]},"KJo":{"weight":1.0,"played":[0.0,0.9393,0.0607],"evs":[0.0,0.35801,0.35867]},"AJo":{"weight":1.0,"played":[0.0,0.0,1.0],"evs":[0.0,1.2933,1.60426]},"Q2s":{"weight":1.0,"played":[1.0,0.0,0.0],"evs":[0.0,-0.16106,-0.72776]},"Q3s":{"weight":1.0,"played":[1.0,0.0,0.0],"evs":[0.0,-0.13605,-0.69112]},"Q4s":{"weight":1.0,"played":[1.0,0.0,0.0],"evs":[0.0,-0.10624,-0.60977]},"Q5s":{"weight":1.0,"played":[1.0,0.0,0.0],"evs":[0.0,-0.08233,-0.47742]},"Q6s":{"weight":1.0,"played":[0.9994,6.0E-4,0.0],"evs":[0.0,-0.02557,-0.33317]},"Q7s":{"weight":1.0,"played":[0.9937,0.0063,0.0],"evs":[0.0,-0.01115,-0.3496]},"Q8s":{"weight":1.0,"played":[8.0E-4,0.9992,0.0],"evs":[0.0,0.06269,-0.15299]},"Q9s":{"weight":1.0,"played":[0.0,1.0,0.0],"evs":[0.0,0.19437,0.11854]},"QTs":{"weight":1.0,"played":[0.0,0.9999,1.0E-4],"evs":[0.0,0.44338,0.40027]},"QJs":{"weight":1.0,"played":[0.0,0.9998,2.0E-4],"evs":[0.0,0.68761,0.64287]},"QQ":{"weight":1.0,"played":[0.0,0.0,1.0],"evs":[0.0,4.49274,5.16647]},"KQo":{"weight":1.0,"played":[0.0,0.2843,0.7157],"evs":[0.0,0.76502,0.77143]},"AQo":{"weight":1.0,"played":[0.0,0.0,1.0],"evs":[0.0,1.84042,2.51113]},"K2s":{"weight":1.0,"played":[1.0,0.0,0.0],"evs":[0.0,-0.07348,-0.41651]},"K3s":{"weight":1.0,"played":[1.0,0.0,0.0],"evs":[0.0,-0.03325,-0.38636]},"K4s":{"weight":1.0,"played":[0.7079,0.2921,0.0],"evs":[0.0,0.00245,-0.26295]},"K5s":{"weight":1.0,"played":[0.0992,0.9008,0.0],"evs":[0.0,0.01079,-0.15412]},"K6s":{"weight":1.0,"played":[1.0E-4,0.9999,1.0E-4],"evs":[0.0,0.06717,-0.04481]},"K7s":{"weight":1.0,"played":[0.0,1.0,0.0],"evs":[0.0,0.07823,0.00143]},"K8s":{"weight":1.0,"played":[1.0E-4,0.9999,0.0],"evs":[0.0,0.12125,0.01106]},"K9s":{"weight":1.0,"played":[0.0,0.1411,0.8589],"evs":[0.0,0.22225,0.2557]},"KTs":{"weight":1.0,"played":[0.0,1.0,0.0],"evs":[0.0,0.63687,0.62329]},"KJs":{"weight":1.0,"played":[0.0,0.9968,0.0032],"evs":[0.0,0.93951,0.89873]},"KQs":{"weight":1.0,"played":[0.0,0.9999,1.0E-4],"evs":[0.0,1.32938,1.27802]},"KK":{"weight":1.0,"played":[0.0,0.0,1.0],"evs":[0.0,5.8759,6.18]},"AKo":{"weight":1.0,"played":[0.0,0.0,1.0],"evs":[0.0,2.45722,3.43288]},"A2s":{"weight":1.0,"played":[0.0,0.998,0.002],"evs":[0.0,0.16515,0.12306]},"A3s":{"weight":1.0,"played":[0.0,0.9982,0.0018],"evs":[0.0,0.23116,0.16344]},"A4s":{"weight":1.0,"played":[0.0,0.4629,0.5371],"evs":[0.0,0.28181,0.27472]},"A5s":{"weight":1.0,"played":[0.0,0.0564,0.9436],"evs":[0.0,0.34573,0.36853]},"A6s":{"weight":1.0,"played":[0.0,6.0E-4,0.9994],"evs":[0.0,0.26337,0.28378]},"A7s":{"weight":1.0,"played":[0.0,0.6377,0.3623],"evs":[0.0,0.36934,0.37041]},"A8s":{"weight":1.0,"played":[0.0,0.9996,4.0E-4],"evs":[0.0,0.58249,0.44368]},"A9s":{"weight":1.0,"played":[0.0,1.0,0.0],"evs":[0.0,0.83564,0.69665]},"ATs":{"weight":1.0,"played":[0.0,0.9999,1.0E-4],"evs":[0.0,1.43375,1.30985]},"AJs":{"weight":1.0,"played":[0.0,0.0,1.0],"evs":[0.0,1.89016,2.04558]},"AQs":{"weight":1.0,"played":[0.0,0.0,1.0],"evs":[0.0,2.43893,2.91925]},"AKs":{"weight":1.0,"played":[0.0,0.0,1.0],"evs":[0.0,2.97611,3.7555]},"AA":{"weight":1.0,"played":[0.0,0.925,0.075],"evs":[0.0,7.89907,7.86712]}}}