{"player":0,"street":0,"children":2,"sequence":[{"player":0,"type":"R","amount":200000,"street":0},{"player":1,"type":"F","amount":0,"street":0},{"player":2,"type":"F","amount":0,"street":0},{"player":3,"type":"F","amount":0,"street":0},{"player":4,"type":"C","amount":150000,"street":0},{"player":5,"type":"R","amount":735000,"street":0},{"player":0,"type":"C","amount":535000,"street":0},{"player":4,"type":"R","amount":2035000,"street":0}],"actions":[{"type":"F","amount":0},{"type":"C","amount":1300000}],"hands":{"22":{"weight":0.0,"played":[0.0,1.0],"evs":[0.0,6.48837]},"32o":{"weight":0.0,"played":[2.0E-4,0.9998],"evs":[0.0,0.79244]},"42o":{"weight":0.0,"played":[4.0E-4,0.9996],"evs":[0.0,1.13452]},"52o":{"weight":0.0,"played":[0.0,1.0],"evs":[0.0,1.39441]},"62o":{"weight":0.0,"played":[0.0,1.0],"evs":[0.0,1.08276]},"72o":{"weight":0.0,"played":[0.0013,0.9987],"evs":[0.0,0.50068]},"82o":{"weight":0.0,"played":[3.0E-4,0.9997],"evs":[0.0,0.32309]},"92o":{"weight":0.0,"played":[0.7629,0.2371],"evs":[0.0,-0.06407]},"T2o":{"weight":0.0,"played":[2.0E-4,0.9998],"evs":[0.0,0.28896]},"J2o":{"weight":0.0,"played":[7.0E-4,0.9993],"evs":[0.0,0.64945]},"Q2o":{"weight":0.0,"played":[1.0E-4,0.9999],"evs":[0.0,1.06486]},"K2o":{"weight":0.0,"played":[0.0481,0.9519],"evs":[0.0,0.82725]},"A2o":{"weight":0.0,"played":[0.0,1.0],"evs":[0.0,4.13786]},"32s":{"weight":0.0,"played":[0.0,1.0],"evs":[0.0,2.32018]},"33":{"weight":0.12,"played":[0.0,1.0],"evs":[0.0,6.97236]},"43o":{"weight":0.0,"played":[0.0,1.0],"evs":[0.0,1.77894]},"53o":{"weight":0.0,"played":[0.0,1.0],"evs":[0.0,2.05733]},"63o":{"weight":0.0,"played":[0.0,1.0],"evs":[0.0,1.55407]},"73o":{"weight":0.0,"played":[0.0,1.0],"evs":[0.0,1.14798]},"83o":{"weight":0.0,"played":[0.0,1.0],"evs":[0.0,0.46423]},"93o":{"weight":0.0,"played":[0.114,0.886],"evs":[0.0,0.0443]},"T3o":{"weight":0.0,"played":[4.0E-4,0.9996],"evs":[0.0,0.62652]},"J3o":{"weight":0.0,"played":[0.0011,0.9989],"evs":[0.0,0.57403]},"Q3o":{"weight":0.0,"played":[0.0,1.0],"evs":[0.0,1.05909]},"K3o":{"weight":0.0,"played":[0.0,1.0],"evs":[0.0,0.95355]},"A3o":{"weight":0.0,"played":[0.0,1.0],"evs":[0.0,4.14675]},"42s":{"weight":0.0,"played":[1.0E-4,0.9999],"evs":[0.0,2.76585]},"43s":{"weight":0.0,"played":[0.0,1.0],"evs":[0.0,3.38011]},"44":{"weight":5.0E-4,"played":[0.0,1.0],"evs":[0.0,7.9444]},"54o":{"weight":0.0,"played":[0.0,1.0],"evs":[0.0,2.76439]},"64o":{"weight":0.0,"played":[0.0,1.0],"evs":[0.0,2.7975]},"74o":{"weight":0.0,"played":[0.0,1.0],"evs":[0.0,1.79579]},"84o":{"weight":0.0,"played":[0.0,1.0],"evs":[0.0,1.25259]},"94o":{"weight":0.0,"played":[0.0367,0.9633],"evs":[0.0,0.27069]},"T4o":{"weight":0.0,"played":[3.0E-4,0.9997],"evs":[0.0,0.98257]},"J4o":{"weight":0.0,"played":[0.0,1.0],"evs":[0.0,0.877]},"Q4o":{"weight":0.0,"played":[0.0,1.0],"evs":[0.0,1.22613]},"K4o":{"weight":0.0,"played":[2.0E-4,0.9998],"evs":[0.0,1.05374]},"A4o":{"weight":0.0,"played":[0.0,1.0],"evs":[0.0,4.66369]},"52s":{"weight":0.0,"played":[0.0,1.0],"evs":[0.0,2.87654]},"53s":{"weight":0.0,"played":[1.0E-4,0.9999],"evs":[0.0,3.68041]},"54s":{"weight":0.0,"played":[0.0,1.0],"evs":[0.0,4.36761]},"55":{"weight":0.0,"played":[0.0,1.0],"evs":[0.0,8.72646]},"65o":{"weight":0.0,"played":[0.0,1.0],"evs":[0.0,3.13695]},"75o":{"weight":0.0,"played":[0.0,1.0],"evs":[0.0,2.85152]},"85o":{"weight":0.0,"played":[0.0,1.0],"evs":[0.0,2.09539]},"95o":{"weight":0.0,"played":[2.0E-4,0.9998],"evs":[0.0,1.3124]},"T5o":{"weight":0.0,"played":[6.0E-4,0.9994],"evs":[0.0,1.20552]},"J5o":{"weight":0.0,"played":[0.0,1.0],"evs":[0.0,1.53356]},"Q5o":{"weight":0.0,"played":[2.0E-4,0.9998],"evs":[0.0,1.85156]},"K5o":{"weight":0.0,"played":[0.0,1.0],"evs":[0.0,1.79482]},"A5o":{"weight":0.0,"played":[0.0,1.0],"evs":[0.0,4.95896]},"62s":{"weight":0.0,"played":[0.0,1.0],"evs":[0.0,2.75446]},"63s":{"weight":0.0,"played":[0.0,1.0],"evs":[0.0,2.92313]},"64s":{"weight":0.0,"played":[0.0,1.0],"evs":[0.0,3.84383]},"65s":{"weight":0.0,"played":[0.0,1.0],"evs":[0.0,4.87694]},"66":{"weight":0.0,"played":[0.0,1.0],"evs":[0.0,9.33599]},"76o":{"weight":0.0,"played":[0.0,1.0],"evs":[0.0,3.32823]},"86o":{"weight":0.0,"played":[0.0,1.0],"evs":[0.0,2.67725]},"96o":{"weight":0.0,"played":[0.0,1.0],"evs":[0.0,2.02667]},"T6o":{"weight":0.0,"played":[0.0,1.0],"evs":[0.0,1.88405]},"J6o":{"weight":0.0,"played":[0.0,1.0],"evs":[0.0,1.69243]},"Q6o":{"weight":0.0,"played":[0.0,1.0],"evs":[0.0,1.86504]},"K6o":{"weight":0.0,"played":[0.0,1.0],"evs":[0.0,1.81763]},"A6o":{"weight":0.0,"played":[0.0,1.0],"evs":[0.0,4.69057]},"72s":{"weight":0.0,"played":[1.0E-4,0.9999],"evs":[0.0,2.02594]},"73s":{"weight":0.0,"played":[0.0,1.0],"evs":[0.0,2.79478]},"74s":{"weight":0.0,"played":[0.0,1.0],"evs":[0.0,3.43352]},"75s":{"weight":0.0,"played":[0.0,1.0],"evs":[0.0,4.03713]},"76s":{"weight":0.0,"played":[0.0,1.0],"evs":[0.0,4.99776]},"77":{"weight":0.0,"played":[0.0,1.0],"evs":[0.0,9.39072]},"87o":{"weight":0.0,"played":[0.0,1.0],"evs":[0.0,3.00761]},"97o":{"weight":0.0,"played":[0.0,1.0],"evs":[0.0,2.20618]},"T7o":{"weight":0.0,"played":[0.0,1.0],"evs":[0.0,2.19305]},"J7o":{"weight":0.0,"played":[0.0,1.0],"evs":[0.0,1.70817]},"Q7o":{"weight":0.0,"played":[0.0,1.0],"evs":[0.0,1.53253]},"K7o":{"weight":0.0,"played":[0.0,1.0],"evs":[0.0,1.55051]},"A7o":{"weight":0.0,"played":[0.0,1.0],"evs":[0.0,4.82304]},"82s":{"weight":0.0,"played":[0.0,1.0],"evs":[0.0,2.30117]},"83s":{"weight":0.0,"played":[0.0,1.0],"evs":[0.0,2.41475]},"84s":{"weight":0.0,"played":[0.0,1.0],"evs":[0.0,2.91247]},"85s":{"weight":0.0,"played":[0.0,1.0],"evs":[0.0,3.79083]},"86s":{"weight":0.0,"played":[0.0,1.0],"evs":[0.0,4.32453]},"87s":{"weight":0.2129,"played":[0.0,1.0],"evs":[0.0,4.5742]},"88":{"weight":0.0011,"played":[0.0,1.0],"evs":[0.0,10.05111]},"98o":{"weight":0.0,"played":[0.0,1.0],"evs":[0.0,2.46116]},"T8o":{"weight":0.0,"played":[0.0,1.0],"evs":[0.0,2.41603]},"J8o":{"weight":0.0,"played":[0.0,1.0],"evs":[0.0,2.03828]},"Q8o":{"weight":0.0,"played":[0.0,1.0],"evs":[0.0,2.0691]},"K8o":{"weight":0.0,"played":[0.0,1.0],"evs":[0.0,1.49196]},"A8o":{"weight":4.0E-4,"played":[0.0,1.0],"evs":[0.0,5.26379]},"92s":{"weight":0.0,"played":[0.0,1.0],"evs":[0.0,1.59878]},"93s":{"weight":0.0,"played":[0.0,1.0],"evs":[0.0,1.97369]},"94s":{"weight":0.0,"played":[0.0,1.0],"evs":[0.0,1.7547]},"95s":{"weight":0.0,"played":[0.0,1.0],"evs":[0.0,2.63463]},"96s":{"weight":0.0,"played":[0.0,1.0],"evs":[0.0,3.39835]},"97s":{"weight":0.0023,"played":[0.0,1.0],"evs":[0.0,3.77597]},"98s":{"weight":5.0E-4,"played":[0.0,1.0],"evs":[0.0,3.96016]},"99":{"weight":3.0E-4,"played":[0.0,1.0],"evs":[0.0,11.25759]},"T9o":{"weight":0.0,"played":[0.0,1.0],"evs":[0.0,2.32259]},"J9o":{"weight":0.0,"played":[0.0,1.0],"evs":[0.0,2.22161]},"Q9o":{"weight":0.0,"played":[0.0,1.0],"evs":[0.0,2.00365]},"K9o":{"weight":0.0,"played":[0.0,1.0],"evs":[0.0,1.47737]},"A9o":{"weight":2.0E-4,"played":[0.0,1.0],"evs":[0.0,6.94671]},"T2s":{"weight":0.0,"played":[0.0,1.0],"evs":[0.0,2.26937]},"T3s":{"weight":0.0,"played":[0.0,1.0],"evs":[0.0,2.11761]},"T4s":{"weight":0.0,"played":[4.0E-4,0.9996],"evs":[0.0,2.52607]},"T5s":{"weight":0.0,"played":[0.0,1.0],"evs":[0.0,2.73707]},"T6s":{"weight":0.0,"played":[0.0,1.0],"evs":[0.0,3.37278]},"T7s":{"weight":0.0,"played":[0.0,1.0],"evs":[0.0,3.66937]},"T8s":{"weight":0.0764,"played":[0.0,1.0],"evs":[0.0,4.11367]},"T9s":{"weight":0.0122,"played":[0.0,1.0],"evs":[0.0,3.79261]},"TT":{"weight":4.0E-4,"played":[0.0,1.0],"evs":[0.0,13.21296]},"JTo":{"weight":0.1353,"played":[0.0,1.0],"evs":[0.0,3.33636]},"QTo":{"weight":4.0E-4,"played":[0.0,1.0],"evs":[0.0,3.3771]},"KTo":{"weight":1.0E-4,"played":[0.0,1.0],"evs":[0.0,3.17769]},"ATo":{"weight":4.0E-4,"played":[0.0,1.0],"evs":[0.0,10.26822]},"J2s":{"weight":0.0,"played":[0.0,1.0],"evs":[0.0,2.3405]},"J3s":{"weight":0.0,"played":[0.0,1.0],"evs":[0.0,2.19708]},"J4s":{"weight":0.0,"played":[0.0,1.0],"evs":[0.0,2.51859]},"J5s":{"weight":0.0,"played":[0.0,1.0],"evs":[0.0,2.9255]},"J6s":{"weight":0.0,"played":[0.0,1.0],"evs":[0.0,3.22848]},"J7s":{"weight":0.0,"played":[0.0,1.0],"evs":[0.0,3.49467]},"J8s":{"weight":0.5937,"played":[0.0,1.0],"evs":[0.0,3.85312]},"J9s":{"weight":0.5889,"played":[0.0,1.0],"evs":[0.0,3.66512]},"JTs":{"weight":0.3684,"played":[0.0,1.0],"evs":[0.0,4.91049]},"JJ":{"weight":8.0E-4,"played":[0.0,1.0],"evs":[0.0,15.06036]},"QJo":{"weight":5.0E-4,"played":[0.0,1.0],"evs":[0.0,3.98322]},"KJo":{"weight":0.018,"played":[0.0,1.0],"evs":[0.0,4.93771]},"AJo":{"weight":7.0E-4,"played":[0.0,1.0],"evs":[0.0,12.33314]},"Q2s":{"weight":0.0,"played":[0.0,1.0],"evs":[0.0,2.57153]},"Q3s":{"weight":0.0,"played":[0.0,1.0],"evs":[0.0,2.97137]},"Q4s":{"weight":0.0,"played":[0.0,1.0],"evs":[0.0,2.78526]},"Q5s":{"weight":0.0,"played":[0.0,1.0],"evs":[0.0,3.66756]},"Q6s":{"weight":0.0,"played":[0.0,1.0],"evs":[0.0,3.62236]},"Q7s":{"weight":0.0,"played":[0.0,1.0],"evs":[0.0,3.36119]},"Q8s":{"weight":0.0024,"played":[0.0,1.0],"evs":[0.0,3.53363]},"Q9s":{"weight":0.0017,"played":[0.0,1.0],"evs":[0.0,3.29385]},"QTs":{"weight":7.0E-4,"played":[0.0,1.0],"evs":[0.0,4.95007]},"QJs":{"weight":0.1215,"played":[0.0,1.0],"evs":[0.0,5.21122]},"QQ":{"weight":7.0E-4,"played":[0.0,1.0],"evs":[0.0,16.55008]},"KQo":{"weight":0.0,"played":[0.0,1.0],"evs":[0.0,7.44929]},"AQo":{"weight":0.032,"played":[0.0,1.0],"evs":[0.0,12.8283]},"K2s":{"weight":0.0,"played":[0.0,1.0],"evs":[0.0,2.8683]},"K3s":{"weight":0.0,"played":[0.0,1.0],"evs":[0.0,3.1877]},"K4s":{"weight":0.0,"played":[0.0,1.0],"evs":[0.0,3.03358]},"K5s":{"weight":0.0,"played":[0.0,1.0],"evs":[0.0,3.57122]},"K6s":{"weight":1.0E-4,"played":[0.0,1.0],"evs":[0.0,3.41023]},"K7s":{"weight":0.011,"played":[0.0,1.0],"evs":[0.0,3.14237]},"K8s":{"weight":1.0E-4,"played":[0.0,1.0],"evs":[0.0,3.3326]},"K9s":{"weight":0.026,"played":[0.0,1.0],"evs":[0.0,3.17848]},"KTs":{"weight":7.0E-4,"played":[0.0,1.0],"evs":[0.0,4.59933]},"KJs":{"weight":0.4066,"played":[0.0,1.0],"evs":[0.0,6.58346]},"KQs":{"weight":0.0,"played":[0.0,1.0],"evs":[0.0,8.26152]},"KK":{"weight":0.0032,"played":[0.0,1.0],"evs":[0.0,19.12044]},"AKo":{"weight":0.0026,"played":[0.0,1.0],"evs":[0.0,14.1444]},"A2s":{"weight":0.1511,"played":[0.0,1.0],"evs":[0.0,5.6265]},"A3s":{"weight":0.0021,"played":[0.0,1.0],"evs":[0.0,5.94542]},"A4s":{"weight":0.0,"played":[0.0,1.0],"evs":[0.0,6.16738]},"A5s":{"weight":0.0029,"played":[0.0,1.0],"evs":[0.0,6.59026]},"A6s":{"weight":0.0014,"played":[0.0,1.0],"evs":[0.0,5.99134]},"A7s":{"weight":0.001,"played":[0.0,1.0],"evs":[0.0,6.48011]},"A8s":{"weight":0.0027,"played":[0.0,1.0],"evs":[0.0,6.86028]},"A9s":{"weight":0.0018,"played":[0.0,1.0],"evs":[0.0,8.1711]},"ATs":{"weight":0.001,"played":[0.0,1.0],"evs":[0.0,11.4475]},"AJs":{"weight":0.0126,"played":[0.0,1.0],"evs":[0.0,12.97899]},"AQs":{"weight":0.316,"played":[0.0,1.0],"evs":[0.0,13.96756]},"AKs":{"weight":0.0011,"played":[0.0,1.0],"evs":[0.0,15.12156]},"AA":{"weight":0.4909,"played":[0.0,1.0],"evs":[0.0,25.19785]}}}