{"player":5,"street":0,"children":2,"sequence":[{"player":0,"type":"R","amount":200000,"street":0},{"player":1,"type":"F","amount":0,"street":0},{"player":2,"type":"F","amount":0,"street":0},{"player":3,"type":"F","amount":0,"street":0},{"player":4,"type":"R","amount":2035000,"street":0}],"actions":[{"type":"F","amount":0,"node":251},{"type":"C","amount":635000,"node":252}],"hands":{"22":{"weight":1.0,"played":[1.0,0.0],"evs":[0.0,-0.21361]},"32o":{"weight":1.0,"played":[1.0,0.0],"evs":[0.0,-1.87133]},"42o":{"weight":1.0,"played":[1.0,0.0],"evs":[0.0,-1.79648]},"52o":{"weight":1.0,"played":[1.0,0.0],"evs":[0.0,-1.71549]},"62o":{"weight":1.0,"played":[1.0,0.0],"evs":[0.0,-1.80487]},"72o":{"weight":1.0,"played":[1.0,0.0],"evs":[0.0,-1.92373]},"82o":{"weight":1.0,"played":[1.0,0.0],"evs":[0.0,-1.78786]},"92o":{"weight":1.0,"played":[1.0,0.0],"evs":[0.0,-1.74214]},"T2o":{"weight":1.0,"played":[1.0,0.0],"evs":[0.0,-1.74296]},"J2o":{"weight":1.0,"played":[1.0,0.0],"evs":[0.0,-1.66481]},"Q2o":{"weight":1.0,"played":[1.0,0.0],"evs":[0.0,-1.50817]},"K2o":{"weight":1.0,"played":[1.0,0.0],"evs":[0.0,-1.33721]},"A2o":{"weight":1.0,"played":[1.0,0.0],"evs":[0.0,-1.12111]},"32s":{"weight":1.0,"played":[1.0,0.0],"evs":[0.0,-1.21468]},"33":{"weight":1.0,"played":[0.9691,0.0309],"evs":[0.0,-0.04243]},"43o":{"weight":1.0,"played":[1.0,0.0],"evs":[0.0,-1.51496]},"53o":{"weight":1.0,"played":[1.0,0.0],"evs":[0.0,-1.39798]},"63o":{"weight":1.0,"played":[1.0,0.0],"evs":[0.0,-1.52532]},"73o":{"weight":1.0,"played":[1.0,0.0],"evs":[0.0,-1.63406]},"83o":{"weight":1.0,"played":[1.0,0.0],"evs":[0.0,-1.72991]},"93o":{"weight":1.0,"played":[1.0,0.0],"evs":[0.0,-1.60318]},"T3o":{"weight":1.0,"played":[1.0,0.0],"evs":[0.0,-1.6084]},"J3o":{"weight":1.0,"played":[1.0,0.0],"evs":[0.0,-1.54734]},"Q3o":{"weight":1.0,"played":[1.0,0.0],"evs":[0.0,-1.37948]},"K3o":{"weight":1.0,"played":[1.0,0.0],"evs":[0.0,-1.20677]},"A3o":{"weight":1.0,"played":[1.0,0.0],"evs":[0.0,-0.98267]},"42s":{"weight":1.0,"played":[1.0,0.0],"evs":[0.0,-1.1484]},"43s":{"weight":1.0,"played":[1.0,0.0],"evs":[0.0,-0.8702]},"44":{"weight":1.0,"played":[2.0E-4,0.9998],"evs":[0.0,0.08843]},"54o":{"weight":1.0,"played":[1.0,0.0],"evs":[0.0,-1.1829]},"64o":{"weight":1.0,"played":[1.0,0.0],"evs":[0.0,-1.30942]},"74o":{"weight":1.0,"played":[1.0,0.0],"evs":[0.0,-1.39384]},"84o":{"weight":1.0,"played":[1.0,0.0],"evs":[0.0,-1.48925]},"94o":{"weight":1.0,"played":[1.0,0.0],"evs":[0.0,-1.58243]},"T4o":{"weight":1.0,"played":[1.0,0.0],"evs":[0.0,-1.58839]},"J4o":{"weight":1.0,"played":[1.0,0.0],"evs":[0.0,-1.49031]},"Q4o":{"weight":1.0,"played":[1.0,0.0],"evs":[0.0,-1.34127]},"K4o":{"weight":1.0,"played":[1.0,0.0],"evs":[0.0,-1.17439]},"A4o":{"weight":1.0,"played":[1.0,0.0],"evs":[0.0,-0.93064]},"52s":{"weight":1.0,"played":[1.0,0.0],"evs":[0.0,-1.11495]},"53s":{"weight":1.0,"played":[1.0,0.0],"evs":[0.0,-0.765]},"54s":{"weight":1.0,"played":[1.0,0.0],"evs":[0.0,-0.59135]},"55":{"weight":1.0,"played":[0.0,1.0],"evs":[0.0,0.40762]},"65o":{"weight":1.0,"played":[1.0,0.0],"evs":[0.0,-1.07168]},"75o":{"weight":1.0,"played":[1.0,0.0],"evs":[0.0,-1.16318]},"85o":{"weight":1.0,"played":[1.0,0.0],"evs":[0.0,-1.26429]},"95o":{"weight":1.0,"played":[1.0,0.0],"evs":[0.0,-1.365]},"T5o":{"weight":1.0,"played":[1.0,0.0],"evs":[0.0,-1.56]},"J5o":{"weight":1.0,"played":[1.0,0.0],"evs":[0.0,-1.45068]},"Q5o":{"weight":1.0,"played":[1.0,0.0],"evs":[0.0,-1.28128]},"K5o":{"weight":1.0,"played":[1.0,0.0],"evs":[0.0,-1.09593]},"A5o":{"weight":1.0,"played":[1.0,0.0],"evs":[0.0,-0.80923]},"62s":{"weight":1.0,"played":[1.0,0.0],"evs":[0.0,-1.2063]},"63s":{"weight":1.0,"played":[1.0,0.0],"evs":[0.0,-0.89168]},"64s":{"weight":1.0,"played":[1.0,0.0],"evs":[0.0,-0.70377]},"65s":{"weight":1.0,"played":[1.0,0.0],"evs":[0.0,-0.48939]},"66":{"weight":1.0,"played":[0.0,1.0],"evs":[0.0,0.84631]},"76o":{"weight":1.0,"played":[1.0,0.0],"evs":[0.0,-0.89541]},"86o":{"weight":1.0,"played":[1.0,0.0],"evs":[0.0,-0.99779]},"96o":{"weight":1.0,"played":[1.0,0.0],"evs":[0.0,-1.06273]},"T6o":{"weight":1.0,"played":[1.0,0.0],"evs":[0.0,-1.2311]},"J6o":{"weight":1.0,"played":[1.0,0.0],"evs":[0.0,-1.33296]},"Q6o":{"weight":1.0,"played":[1.0,0.0],"evs":[0.0,-1.14602]},"K6o":{"weight":1.0,"played":[1.0,0.0],"evs":[0.0,-0.97206]},"A6o":{"weight":1.0,"played":[1.0,0.0],"evs":[0.0,-0.89181]},"72s":{"weight":1.0,"played":[1.0,0.0],"evs":[0.0,-1.27745]},"73s":{"weight":1.0,"played":[1.0,0.0],"evs":[0.0,-0.98905]},"74s":{"weight":1.0,"played":[1.0,0.0],"evs":[0.0,-0.80122]},"75s":{"weight":1.0,"played":[1.0,0.0],"evs":[0.0,-0.57131]},"76s":{"weight":1.0,"played":[1.0,0.0],"evs":[0.0,-0.31895]},"77":{"weight":1.0,"played":[0.0,1.0],"evs":[0.0,1.25487]},"87o":{"weight":1.0,"played":[1.0,0.0],"evs":[0.0,-0.72046]},"97o":{"weight":1.0,"played":[1.0,0.0],"evs":[0.0,-0.80715]},"T7o":{"weight":1.0,"played":[1.0,0.0],"evs":[0.0,-0.99593]},"J7o":{"weight":1.0,"played":[1.0,0.0],"evs":[0.0,-1.09951]},"Q7o":{"weight":1.0,"played":[1.0,0.0],"evs":[0.0,-1.05886]},"K7o":{"weight":1.0,"played":[1.0,0.0],"evs":[0.0,-0.85971]},"A7o":{"weight":1.0,"played":[1.0,0.0],"evs":[0.0,-0.69197]},"82s":{"weight":1.0,"played":[1.0,0.0],"evs":[0.0,-1.16473]},"83s":{"weight":1.0,"played":[1.0,0.0],"evs":[0.0,-1.13562]},"84s":{"weight":1.0,"played":[1.0,0.0],"evs":[0.0,-0.88111]},"85s":{"weight":1.0,"played":[1.0,0.0],"evs":[0.0,-0.63846]},"86s":{"weight":1.0,"played":[1.0,0.0],"evs":[0.0,-0.34628]},"87s":{"weight":1.0,"played":[0.9985,0.0015],"evs":[0.0,-0.1561]},"88":{"weight":1.0,"played":[0.0,1.0],"evs":[0.0,1.69553]},"98o":{"weight":1.0,"played":[1.0,0.0],"evs":[0.0,-0.58649]},"T8o":{"weight":1.0,"played":[1.0,0.0],"evs":[0.0,-0.713]},"J8o":{"weight":1.0,"played":[1.0,0.0],"evs":[0.0,-0.80859]},"Q8o":{"weight":1.0,"played":[1.0,0.0],"evs":[0.0,-0.8059]},"K8o":{"weight":1.0,"played":[1.0,0.0],"evs":[0.0,-0.81679]},"A8o":{"weight":1.0,"played":[1.0,0.0],"evs":[0.0,-0.57875]},"92s":{"weight":1.0,"played":[1.0,0.0],"evs":[0.0,-1.06852]},"93s":{"weight":1.0,"played":[1.0,0.0],"evs":[0.0,-0.99423]},"94s":{"weight":1.0,"played":[1.0,0.0],"evs":[0.0,-0.9309]},"95s":{"weight":1.0,"played":[1.0,0.0],"evs":[0.0,-0.7959]},"96s":{"weight":1.0,"played":[1.0,0.0],"evs":[0.0,-0.43535]},"97s":{"weight":1.0,"played":[1.0,0.0],"evs":[0.0,-0.20761]},"98s":{"weight":1.0,"played":[0.9916,0.0084],"evs":[0.0,-0.04956]},"99":{"weight":1.0,"played":[0.0,1.0],"evs":[0.0,2.16434]},"T9o":{"weight":1.0,"played":[1.0,0.0],"evs":[0.0,-0.44996]},"J9o":{"weight":1.0,"played":[1.0,0.0],"evs":[0.0,-0.59242]},"Q9o":{"weight":1.0,"played":[1.0,0.0],"evs":[0.0,-0.57334]},"K9o":{"weight":1.0,"played":[1.0,0.0],"evs":[0.0,-0.52849]},"A9o":{"weight":1.0,"played":[1.0,0.0],"evs":[0.0,-0.43539]},"T2s":{"weight":1.0,"played":[1.0,0.0],"evs":[0.0,-1.09035]},"T3s":{"weight":1.0,"played":[1.0,0.0],"evs":[0.0,-0.98839]},"T4s":{"weight":1.0,"played":[1.0,0.0],"evs":[0.0,-0.94157]},"T5s":{"weight":1.0,"played":[1.0,0.0],"evs":[0.0,-0.89549]},"T6s":{"weight":1.0,"played":[1.0,0.0],"evs":[0.0,-0.65463]},"T7s":{"weight":1.0,"played":[1.0,0.0],"evs":[0.0,-0.37782]},"T8s":{"weight":1.0,"played":[1.0,0.0],"evs":[0.0,-0.1379]},"T9s":{"weight":1.0,"played":[0.0019,0.9981],"evs":[0.0,0.07452]},"TT":{"weight":1.0,"played":[0.0,1.0],"evs":[0.0,2.80999]},"JTo":{"weight":1.0,"played":[1.0,0.0],"evs":[0.0,-0.3383]},"QTo":{"weight":1.0,"played":[1.0,0.0],"evs":[0.0,-0.30326]},"KTo":{"weight":1.0,"played":[0.9998,2.0E-4],"evs":[0.0,-0.20599]},"ATo":{"weight":1.0,"played":[0.9993,7.0E-4],"evs":[0.0,-0.01278]},"J2s":{"weight":1.0,"played":[1.0,0.0],"evs":[0.0,-1.03499]},"J3s":{"weight":1.0,"played":[1.0,0.0],"evs":[0.0,-0.91885]},"J4s":{"weight":1.0,"played":[1.0,0.0],"evs":[0.0,-0.83165]},"J5s":{"weight":1.0,"played":[1.0,0.0],"evs":[0.0,-0.80032]},"J6s":{"weight":1.0,"played":[1.0,0.0],"evs":[0.0,-0.69029]},"J7s":{"weight":1.0,"played":[0.9999,1.0E-4],"evs":[0.0,-0.42772]},"J8s":{"weight":1.0,"played":[1.0,0.0],"evs":[0.0,-0.2282]},"J9s":{"weight":1.0,"played":[0.13,0.87],"evs":[0.0,0.0131]},"JTs":{"weight":1.0,"played":[0.0,1.0],"evs":[0.0,0.21148]},"JJ":{"weight":1.0,"played":[0.0,1.0],"evs":[0.0,3.64003]},"QJo":{"weight":1.0,"played":[1.0,0.0],"evs":[0.0,-0.24566]},"KJo":{"weight":1.0,"played":[0.9961,0.0039],"evs":[0.0,-0.12942]},"AJo":{"weight":1.0,"played":[0.0,1.0],"evs":[0.0,0.56295]},"Q2s":{"weight":1.0,"played":[1.0,0.0],"evs":[0.0,-0.84372]},"Q3s":{"weight":1.0,"played":[1.0,0.0],"evs":[0.0,-0.79964]},"Q4s":{"weight":1.0,"played":[1.0,0.0],"evs":[0.0,-0.71392]},"Q5s":{"weight":1.0,"played":[1.0,0.0],"evs":[0.0,-0.6392]},"Q6s":{"weight":1.0,"played":[1.0,0.0],"evs":[0.0,-0.57549]},"Q7s":{"weight":1.0,"played":[1.0,0.0],"evs":[0.0,-0.45518]},"Q8s":{"weight":1.0,"played":[1.0,0.0],"evs":[0.0,-0.21376]},"Q9s":{"weight":1.0,"played":[0.6544,0.3456],"evs":[0.0,-0.01782]},"QTs":{"weight":1.0,"played":[0.0,1.0],"evs":[0.0,0.24809]},"QJs":{"weight":1.0,"played":[2.0E-4,0.9998],"evs":[0.0,0.33774]},"QQ":{"weight":1.0,"played":[0.0,1.0],"evs":[0.0,4.72772]},"KQo":{"weight":1.0,"played":[0.0,1.0],"evs":[0.0,0.2341]},"AQo":{"weight":1.0,"played":[0.0,1.0],"evs":[0.0,1.47149]},"K2s":{"weight":1.0,"played":[1.0,0.0],"evs":[0.0,-0.68932]},"K3s":{"weight":1.0,"played":[1.0,0.0],"evs":[0.0,-0.56885]},"K4s":{"weight":1.0,"played":[1.0,0.0],"evs":[0.0,-0.56477]},"K5s":{"weight":1.0,"played":[1.0,0.0],"evs":[0.0,-0.47557]},"K6s":{"weight":1.0,"played":[1.0,0.0],"evs":[0.0,-0.34262]},"K7s":{"weight":1.0,"played":[0.9998,2.0E-4],"evs":[0.0,-0.2623]},"K8s":{"weight":1.0,"played":[1.0,0.0],"evs":[0.0,-0.19926]},"K9s":{"weight":1.0,"played":[1.0E-4,0.9999],"evs":[0.0,0.05162]},"KTs":{"weight":1.0,"played":[0.0,1.0],"evs":[0.0,0.34867]},"KJs":{"weight":1.0,"played":[0.0,1.0],"evs":[0.0,0.45077]},"KQs":{"weight":1.0,"played":[0.0,1.0],"evs":[0.0,0.79183]},"KK":{"weight":1.0,"played":[0.0,1.0],"evs":[0.0,5.98064]},"AKo":{"weight":1.0,"played":[0.0,1.0],"evs":[0.0,2.40051]},"A2s":{"weight":1.0,"played":[1.0,0.0],"evs":[0.0,-0.46423]},"A3s":{"weight":1.0,"played":[0.9999,1.0E-4],"evs":[0.0,-0.37452]},"A4s":{"weight":1.0,"played":[1.0,0.0],"evs":[0.0,-0.25192]},"A5s":{"weight":1.0,"played":[0.997,0.003],"evs":[0.0,-0.14865]},"A6s":{"weight":1.0,"played":[1.0,0.0],"evs":[0.0,-0.25388]},"A7s":{"weight":1.0,"played":[0.9962,0.0038],"evs":[0.0,-0.07895]},"A8s":{"weight":1.0,"played":[0.2412,0.7588],"evs":[0.0,0.02761]},"A9s":{"weight":1.0,"played":[7.0E-4,0.9993],"evs":[0.0,0.18344]},"ATs":{"weight":1.0,"played":[0.0,1.0],"evs":[0.0,0.54117]},"AJs":{"weight":1.0,"played":[0.0,1.0],"evs":[0.0,1.10315]},"AQs":{"weight":1.0,"played":[0.0,1.0],"evs":[0.0,1.92765]},"AKs":{"weight":1.0,"played":[0.0,1.0],"evs":[0.0,2.81204]},"AA":{"weight":1.0,"played":[0.0,1.0],"evs":[0.0,7.6408]}}}