{"player":0,"street":0,"children":2,"sequence":[{"player":0,"type":"R","amount":200000,"street":0},{"player":1,"type":"F","amount":0,"street":0},{"player":2,"type":"F","amount":0,"street":0},{"player":3,"type":"F","amount":0,"street":0},{"player":4,"type":"R","amount":2035000,"street":0},{"player":5,"type":"C","amount":635000,"street":0}],"actions":[{"type":"F","amount":0},{"type":"C","amount":1835000}],"hands":{"22":{"weight":0.0,"played":[0.9999,1.0E-4],"evs":[0.0,-1.05843]},"32o":{"weight":0.0,"played":[1.0,0.0],"evs":[0.0,-5.44918]},"42o":{"weight":0.0,"played":[1.0,0.0],"evs":[0.0,-5.21524]},"52o":{"weight":0.0,"played":[1.0,0.0],"evs":[0.0,-4.97335]},"62o":{"weight":0.0,"played":[1.0,0.0],"evs":[0.0,-5.33404]},"72o":{"weight":0.0,"played":[1.0,0.0],"evs":[0.0,-5.54069]},"82o":{"weight":0.0,"played":[1.0,0.0],"evs":[0.0,-5.07217]},"92o":{"weight":0.0,"played":[1.0,0.0],"evs":[0.0,-4.9255]},"T2o":{"weight":0.0,"played":[1.0,0.0],"evs":[0.0,-4.91755]},"J2o":{"weight":0.0,"played":[1.0,0.0],"evs":[0.0,-4.80756]},"Q2o":{"weight":0.0,"played":[1.0,0.0],"evs":[0.0,-4.56966]},"K2o":{"weight":0.0,"played":[1.0,0.0],"evs":[0.0,-4.10298]},"A2o":{"weight":0.0,"played":[1.0,0.0],"evs":[0.0,-3.24335]},"32s":{"weight":0.0,"played":[1.0,0.0],"evs":[0.0,-3.64065]},"33":{"weight":1.0,"played":[0.9996,4.0E-4],"evs":[0.0,-0.18737]},"43o":{"weight":0.0,"played":[1.0,0.0],"evs":[0.0,-4.53936]},"53o":{"weight":0.0,"played":[1.0,0.0],"evs":[0.0,-4.09869]},"63o":{"weight":0.0,"played":[1.0,0.0],"evs":[0.0,-4.39146]},"73o":{"weight":0.0,"played":[1.0,0.0],"evs":[0.0,-4.62526]},"83o":{"weight":0.0,"played":[1.0,0.0],"evs":[0.0,-4.92985]},"93o":{"weight":0.0,"played":[1.0,0.0],"evs":[0.0,-4.76411]},"T3o":{"weight":0.0,"played":[1.0,0.0],"evs":[0.0,-4.49141]},"J3o":{"weight":0.0,"played":[1.0,0.0],"evs":[0.0,-4.47897]},"Q3o":{"weight":0.0,"played":[1.0,0.0],"evs":[0.0,-4.15072]},"K3o":{"weight":0.0,"played":[1.0,0.0],"evs":[0.0,-3.75783]},"A3o":{"weight":0.0,"played":[1.0,0.0],"evs":[0.0,-3.00472]},"42s":{"weight":0.0,"played":[1.0,0.0],"evs":[0.0,-3.49427]},"43s":{"weight":0.0,"played":[1.0,0.0],"evs":[0.0,-2.71688]},"44":{"weight":1.0,"played":[0.3633,0.6367],"evs":[0.0,0.10875]},"54o":{"weight":0.0,"played":[1.0,0.0],"evs":[0.0,-3.49497]},"64o":{"weight":0.0,"played":[1.0,0.0],"evs":[0.0,-3.89756]},"74o":{"weight":0.0,"played":[1.0,0.0],"evs":[0.0,-4.03728]},"84o":{"weight":0.0,"played":[1.0,0.0],"evs":[0.0,-4.35735]},"94o":{"weight":0.0,"played":[1.0,0.0],"evs":[0.0,-4.68298]},"T4o":{"weight":0.0,"played":[1.0,0.0],"evs":[0.0,-4.5528]},"J4o":{"weight":0.0,"played":[1.0,0.0],"evs":[0.0,-4.43721]},"Q4o":{"weight":0.0,"played":[1.0,0.0],"evs":[0.0,-4.10561]},"K4o":{"weight":0.0,"played":[1.0,0.0],"evs":[0.0,-3.5781]},"A4o":{"weight":0.0,"played":[1.0,0.0],"evs":[0.0,-2.7724]},"52s":{"weight":0.0,"played":[1.0,0.0],"evs":[0.0,-3.20034]},"53s":{"weight":0.0,"played":[1.0,0.0],"evs":[0.0,-2.48448]},"54s":{"weight":0.0,"played":[1.0,0.0],"evs":[0.0,-2.06959]},"55":{"weight":1.0,"played":[0.0,1.0],"evs":[0.0,1.00286]},"65o":{"weight":0.0,"played":[1.0,0.0],"evs":[0.0,-3.05603]},"75o":{"weight":0.0,"played":[1.0,0.0],"evs":[0.0,-3.35947]},"85o":{"weight":0.0,"played":[1.0,0.0],"evs":[0.0,-3.53054]},"95o":{"weight":0.0,"played":[1.0,0.0],"evs":[0.0,-3.94609]},"T5o":{"weight":0.0,"played":[1.0,0.0],"evs":[0.0,-4.37088]},"J5o":{"weight":0.0,"played":[1.0,0.0],"evs":[0.0,-4.14231]},"Q5o":{"weight":0.0,"played":[1.0,0.0],"evs":[0.0,-3.82565]},"K5o":{"weight":0.0,"played":[1.0,0.0],"evs":[0.0,-3.38842]},"A5o":{"weight":1.0,"played":[1.0,0.0],"evs":[0.0,-2.40067]},"62s":{"weight":0.0,"played":[1.0,0.0],"evs":[0.0,-3.57243]},"63s":{"weight":0.0,"played":[1.0,0.0],"evs":[0.0,-2.70105]},"64s":{"weight":0.0,"played":[1.0,0.0],"evs":[0.0,-2.10617]},"65s":{"weight":0.0,"played":[0.9999,1.0E-4],"evs":[0.0,-1.51275]},"66":{"weight":1.0,"played":[0.0,1.0],"evs":[0.0,2.06504]},"76o":{"weight":0.0,"played":[1.0,0.0],"evs":[0.0,-2.67823]},"86o":{"weight":0.0,"played":[1.0,0.0],"evs":[0.0,-2.87606]},"96o":{"weight":0.0,"played":[1.0,0.0],"evs":[0.0,-3.26025]},"T6o":{"weight":0.0,"played":[1.0,0.0],"evs":[0.0,-3.61566]},"J6o":{"weight":0.0,"played":[1.0,0.0],"evs":[0.0,-3.9113]},"Q6o":{"weight":0.0,"played":[1.0,0.0],"evs":[0.0,-3.45994]},"K6o":{"weight":0.0,"played":[1.0,0.0],"evs":[0.0,-3.03357]},"A6o":{"weight":0.0,"played":[1.0,0.0],"evs":[0.0,-2.71013]},"72s":{"weight":0.0,"played":[1.0,0.0],"evs":[0.0,-3.85731]},"73s":{"weight":0.0,"played":[1.0,0.0],"evs":[0.0,-2.99367]},"74s":{"weight":0.0,"played":[1.0,0.0],"evs":[0.0,-2.37929]},"75s":{"weight":0.0,"played":[1.0,0.0],"evs":[0.0,-1.78409]},"76s":{"weight":0.0,"played":[0.9997,3.0E-4],"evs":[0.0,-1.16775]},"77":{"weight":1.0,"played":[0.0,1.0],"evs":[0.0,3.47535]},"87o":{"weight":0.0,"played":[1.0,0.0],"evs":[0.0,-2.06303]},"97o":{"weight":0.0,"played":[1.0,0.0],"evs":[0.0,-2.48726]},"T7o":{"weight":0.0,"played":[1.0,0.0],"evs":[0.0,-2.79236]},"J7o":{"weight":0.0,"played":[1.0,0.0],"evs":[0.0,-3.03632]},"Q7o":{"weight":0.0,"played":[1.0,0.0],"evs":[0.0,-3.19765]},"K7o":{"weight":0.0,"played":[1.0,0.0],"evs":[0.0,-2.72709]},"A7o":{"weight":1.0,"played":[1.0,0.0],"evs":[0.0,-2.10588]},"82s":{"weight":0.0,"played":[1.0,0.0],"evs":[0.0,-3.42424]},"83s":{"weight":0.0,"played":[1.0,0.0],"evs":[0.0,-3.29051]},"84s":{"weight":0.0,"played":[1.0,0.0],"evs":[0.0,-2.77057]},"85s":{"weight":0.0,"played":[1.0,0.0],"evs":[0.0,-2.20582]},"86s":{"weight":0.0,"played":[1.0,0.0],"evs":[0.0,-1.28793]},"87s":{"weight":0.9973,"played":[0.9993,7.0E-4],"evs":[0.0,-0.73365]},"88":{"weight":0.9995,"played":[0.0,1.0],"evs":[0.0,4.68113]},"98o":{"weight":0.0,"played":[1.0,0.0],"evs":[0.0,-1.97229]},"T8o":{"weight":0.0,"played":[1.0,0.0],"evs":[0.0,-2.00745]},"J8o":{"weight":0.0,"played":[1.0,0.0],"evs":[0.0,-2.35598]},"Q8o":{"weight":0.0,"played":[1.0,0.0],"evs":[0.0,-2.57807]},"K8o":{"weight":0.0,"played":[1.0,0.0],"evs":[0.0,-2.55463]},"A8o":{"weight":1.0,"played":[1.0,0.0],"evs":[0.0,-1.6479]},"92s":{"weight":0.0,"played":[1.0,0.0],"evs":[0.0,-3.3705]},"93s":{"weight":0.0,"played":[1.0,0.0],"evs":[0.0,-3.02009]},"94s":{"weight":0.0,"played":[1.0,0.0],"evs":[0.0,-3.05797]},"95s":{"weight":0.0,"played":[1.0,0.0],"evs":[0.0,-2.25538]},"96s":{"weight":0.0,"played":[1.0,0.0],"evs":[0.0,-1.64629]},"97s":{"weight":0.012,"played":[1.0,0.0],"evs":[0.0,-0.76964]},"98s":{"weight":1.0,"played":[0.9995,5.0E-4],"evs":[0.0,-0.30603]},"99":{"weight":1.0,"played":[0.0,1.0],"evs":[0.0,5.7907]},"T9o":{"weight":0.0,"played":[1.0,0.0],"evs":[0.0,-1.3862]},"J9o":{"weight":0.0,"played":[1.0,0.0],"evs":[0.0,-1.96658]},"Q9o":{"weight":0.0,"played":[1.0,0.0],"evs":[0.0,-1.92137]},"K9o":{"weight":0.0,"played":[1.0,0.0],"evs":[0.0,-1.94886]},"A9o":{"weight":1.0,"played":[1.0,0.0],"evs":[0.0,-1.36091]},"T2s":{"weight":0.0,"played":[1.0,0.0],"evs":[0.0,-3.40887]},"T3s":{"weight":0.0,"played":[1.0,0.0],"evs":[0.0,-2.61767]},"T4s":{"weight":0.0,"played":[1.0,0.0],"evs":[0.0,-2.77575]},"T5s":{"weight":0.0,"played":[1.0,0.0],"evs":[0.0,-2.66599]},"T6s":{"weight":0.0,"played":[1.0,0.0],"evs":[0.0,-1.79275]},"T7s":{"weight":0.0,"played":[1.0,0.0],"evs":[0.0,-1.26497]},"T8s":{"weight":0.9999,"played":[0.9982,0.0018],"evs":[0.0,-0.43821]},"T9s":{"weight":1.0,"played":[0.8708,0.1292],"evs":[0.0,-0.01606]},"TT":{"weight":1.0,"played":[0.0,1.0],"evs":[0.0,7.76403]},"JTo":{"weight":1.0,"played":[1.0,0.0],"evs":[0.0,-1.0457]},"QTo":{"weight":1.0,"played":[1.0,0.0],"evs":[0.0,-1.12945]},"KTo":{"weight":1.0,"played":[1.0,0.0],"evs":[0.0,-0.9394]},"ATo":{"weight":1.0,"played":[0.9901,0.0099],"evs":[0.0,-0.15751]},"J2s":{"weight":0.0,"played":[1.0,0.0],"evs":[0.0,-3.10998]},"J3s":{"weight":0.0,"played":[1.0,0.0],"evs":[0.0,-2.76505]},"J4s":{"weight":0.0,"played":[1.0,0.0],"evs":[0.0,-2.40087]},"J5s":{"weight":0.0,"played":[1.0,0.0],"evs":[0.0,-2.36796]},"J6s":{"weight":0.0,"played":[1.0,0.0],"evs":[0.0,-2.36038]},"J7s":{"weight":0.0,"played":[0.9999,1.0E-4],"evs":[0.0,-1.4119]},"J8s":{"weight":1.0,"played":[1.0,0.0],"evs":[0.0,-0.69116]},"J9s":{"weight":1.0,"played":[0.9996,4.0E-4],"evs":[0.0,-0.32497]},"JTs":{"weight":1.0,"played":[0.001,0.999],"evs":[0.0,0.49917]},"JJ":{"weight":1.0,"played":[0.0,1.0],"evs":[0.0,9.96698]},"QJo":{"weight":1.0,"played":[1.0,0.0],"evs":[0.0,-0.94329]},"KJo":{"weight":1.0,"played":[0.9986,0.0014],"evs":[0.0,-0.75323]},"AJo":{"weight":1.0,"played":[0.0,1.0],"evs":[0.0,1.32035]},"Q2s":{"weight":0.0,"played":[1.0,0.0],"evs":[0.0,-2.74763]},"Q3s":{"weight":0.0,"played":[1.0,0.0],"evs":[0.0,-2.45982]},"Q4s":{"weight":0.0,"played":[1.0,0.0],"evs":[0.0,-2.29732]},"Q5s":{"weight":0.0,"played":[1.0,0.0],"evs":[0.0,-2.12455]},"Q6s":{"weight":0.0,"played":[1.0,0.0],"evs":[0.0,-1.74302]},"Q7s":{"weight":0.0,"played":[0.9999,1.0E-4],"evs":[0.0,-1.72394]},"Q8s":{"weight":1.0,"played":[1.0,0.0],"evs":[0.0,-0.99454]},"Q9s":{"weight":1.0,"played":[0.9973,0.0027],"evs":[0.0,-0.41501]},"QTs":{"weight":1.0,"played":[3.0E-4,0.9997],"evs":[0.0,0.4687]},"QJs":{"weight":1.0,"played":[0.0,1.0],"evs":[0.0,0.40749]},"QQ":{"weight":1.0,"played":[0.0,1.0],"evs":[0.0,12.56288]},"KQo":{"weight":1.0,"played":[0.6806,0.3194],"evs":[0.0,-0.03253]},"AQo":{"weight":1.0,"played":[0.0,1.0],"evs":[0.0,3.59206]},"K2s":{"weight":0.0,"played":[1.0,0.0],"evs":[0.0,-2.21848]},"K3s":{"weight":0.0,"played":[1.0,0.0],"evs":[0.0,-1.97955]},"K4s":{"weight":0.0,"played":[1.0,0.0],"evs":[0.0,-2.00937]},"K5s":{"weight":0.0113,"played":[1.0,0.0],"evs":[0.0,-1.70244]},"K6s":{"weight":0.9998,"played":[0.9998,2.0E-4],"evs":[0.0,-1.45976]},"K7s":{"weight":1.0,"played":[1.0,0.0],"evs":[0.0,-1.24294]},"K8s":{"weight":1.0,"played":[1.0,0.0],"evs":[0.0,-0.90332]},"K9s":{"weight":1.0,"played":[0.9715,0.0285],"evs":[0.0,-0.17344]},"KTs":{"weight":0.9992,"played":[0.0,1.0],"evs":[0.0,0.75855]},"KJs":{"weight":1.0,"played":[0.0,1.0],"evs":[0.0,0.83312]},"KQs":{"weight":1.0,"played":[0.0,1.0],"evs":[0.0,1.53964]},"KK":{"weight":1.0,"played":[0.0,1.0],"evs":[0.0,15.90941]},"AKo":{"weight":0.9994,"played":[0.0,1.0],"evs":[0.0,6.22726]},"A2s":{"weight":1.0,"played":[1.0,0.0],"evs":[0.0,-1.44164]},"A3s":{"weight":1.0,"played":[1.0,0.0],"evs":[0.0,-1.1428]},"A4s":{"weight":1.0,"played":[0.9999,1.0E-4],"evs":[0.0,-0.87022]},"A5s":{"weight":1.0,"played":[1.0,0.0],"evs":[0.0,-0.65942]},"A6s":{"weight":1.0,"played":[1.0,0.0],"evs":[0.0,-0.97758]},"A7s":{"weight":1.0,"played":[0.9987,0.0013],"evs":[0.0,-0.36135]},"A8s":{"weight":1.0,"played":[0.9793,0.0207],"evs":[0.0,-0.10771]},"A9s":{"weight":1.0,"played":[0.0563,0.9437],"evs":[0.0,0.18422]},"ATs":{"weight":1.0,"played":[0.0,1.0],"evs":[0.0,1.29239]},"AJs":{"weight":1.0,"played":[0.0,1.0],"evs":[0.0,2.8823]},"AQs":{"weight":1.0,"played":[0.0,1.0],"evs":[0.0,4.94293]},"AKs":{"weight":1.0,"played":[0.0,1.0],"evs":[0.0,7.41412]},"AA":{"weight":1.0,"played":[0.0,1.0],"evs":[0.0,20.36566]}}}