{"player":5,"street":0,"children":3,"sequence":[{"player":0,"type":"R","amount":200000,"street":0},{"player":1,"type":"F","amount":0,"street":0},{"player":2,"type":"F","amount":0,"street":0},{"player":3,"type":"C","amount":200000,"street":0},{"player":4,"type":"C","amount":150000,"street":0}],"actions":[{"type":"F","amount":0},{"type":"C","amount":100000},{"type":"R","amount":735000,"node":261}],"hands":{"22":{"weight":1.0,"played":[2.0E-4,0.998,0.0019],"evs":[0.0,0.71064,0.34037]},"32o":{"weight":1.0,"played":[0.9999,1.0E-4,0.0],"evs":[0.0,-0.11179,-1.43365]},"42o":{"weight":1.0,"played":[1.0,0.0,0.0],"evs":[0.0,-0.06124,-1.22575]},"52o":{"weight":1.0,"played":[0.9996,4.0E-4,0.0],"evs":[0.0,-0.08098,-1.19047]},"62o":{"weight":1.0,"played":[1.0,0.0,0.0],"evs":[0.0,-0.11734,-1.33877]},"72o":{"weight":1.0,"played":[0.9999,1.0E-4,0.0],"evs":[0.0,-0.19309,-1.62687]},"82o":{"weight":1.0,"played":[0.9999,1.0E-4,0.0],"evs":[0.0,-0.16436,-1.59247]},"92o":{"weight":1.0,"played":[1.0,0.0,0.0],"evs":[0.0,-0.24095,-1.77118]},"T2o":{"weight":1.0,"played":[1.0,0.0,0.0],"evs":[0.0,-0.21912,-1.64051]},"J2o":{"weight":1.0,"played":[1.0,0.0,0.0],"evs":[0.0,-0.25571,-1.75833]},"Q2o":{"weight":1.0,"played":[1.0,0.0,0.0],"evs":[0.0,-0.08372,-1.38718]},"K2o":{"weight":1.0,"played":[1.0,0.0,0.0],"evs":[0.0,-0.02856,-1.29022]},"A2o":{"weight":1.0,"played":[0.073,0.9266,4.0E-4],"evs":[0.0,0.16687,-0.35643]},"32s":{"weight":1.0,"played":[0.0146,0.9854,0.0],"evs":[0.0,0.12479,-0.57971]},"33":{"weight":1.0,"played":[0.0,0.8841,0.1159],"evs":[0.0,0.71338,0.52865]},"43o":{"weight":1.0,"played":[0.2234,0.7766,0.0],"evs":[0.0,0.0401,-0.89172]},"53o":{"weight":1.0,"played":[0.0825,0.9175,0.0],"evs":[0.0,0.05903,-0.83555]},"63o":{"weight":1.0,"played":[0.5886,0.4114,0.0],"evs":[0.0,-0.01101,-0.99187]},"73o":{"weight":1.0,"played":[0.9997,3.0E-4,0.0],"evs":[0.0,-0.08104,-1.20858]},"83o":{"weight":1.0,"played":[1.0,0.0,0.0],"evs":[0.0,-0.17293,-1.54109]},"93o":{"weight":1.0,"played":[1.0,0.0,0.0],"evs":[0.0,-0.21219,-1.64863]},"T3o":{"weight":1.0,"played":[1.0,0.0,0.0],"evs":[0.0,-0.21827,-1.658]},"J3o":{"weight":1.0,"played":[1.0,0.0,0.0],"evs":[0.0,-0.24387,-1.64043]},"Q3o":{"weight":1.0,"played":[1.0,0.0,0.0],"evs":[0.0,-0.1009,-1.36889]},"K3o":{"weight":1.0,"played":[0.9999,1.0E-4,0.0],"evs":[0.0,-0.04174,-1.20688]},"A3o":{"weight":1.0,"played":[0.0012,0.9988,0.0],"evs":[0.0,0.20238,-0.21767]},"42s":{"weight":1.0,"played":[0.0247,0.9753,0.0],"evs":[0.0,0.23633,-0.4471]},"43s":{"weight":1.0,"played":[0.0183,0.9817,0.0],"evs":[0.0,0.31068,-0.07282]},"44":{"weight":1.0,"played":[0.0,1.0E-4,0.9999],"evs":[0.0,0.77379,0.8433]},"54o":{"weight":1.0,"played":[0.0376,0.9624,0.0],"evs":[0.0,0.2187,-0.32493]},"64o":{"weight":1.0,"played":[0.0062,0.9938,0.0],"evs":[0.0,0.10693,-0.65076]},"74o":{"weight":1.0,"played":[0.7391,0.2609,0.0],"evs":[0.0,0.00702,-0.88842]},"84o":{"weight":1.0,"played":[0.9999,1.0E-4,0.0],"evs":[0.0,-0.09129,-1.12119]},"94o":{"weight":1.0,"played":[1.0,0.0,0.0],"evs":[0.0,-0.2277,-1.57488]},"T4o":{"weight":1.0,"played":[1.0,0.0,0.0],"evs":[0.0,-0.15989,-1.44679]},"J4o":{"weight":1.0,"played":[0.9999,1.0E-4,0.0],"evs":[0.0,-0.19629,-1.50913]},"Q4o":{"weight":1.0,"played":[1.0,0.0,0.0],"evs":[0.0,-0.07384,-1.10579]},"K4o":{"weight":1.0,"played":[1.0,0.0,0.0],"evs":[0.0,-0.06217,-1.15036]},"A4o":{"weight":1.0,"played":[0.0015,0.9983,2.0E-4],"evs":[0.0,0.2831,-0.03156]},"52s":{"weight":1.0,"played":[0.0072,0.9838,0.009],"evs":[0.0,0.18617,-0.42465]},"53s":{"weight":1.0,"played":[6.0E-4,0.9988,6.0E-4],"evs":[0.0,0.35154,-0.03418]},"54s":{"weight":1.0,"played":[2.0E-4,0.9672,0.0327],"evs":[0.0,0.44171,0.32189]},"55":{"weight":1.0,"played":[0.0,1.0E-4,0.9999],"evs":[0.0,0.98039,1.34847]},"65o":{"weight":1.0,"played":[0.0,0.9999,1.0E-4],"evs":[0.0,0.23253,-0.22997]},"75o":{"weight":1.0,"played":[0.0047,0.9953,0.0],"evs":[0.0,0.14868,-0.44989]},"85o":{"weight":1.0,"played":[0.2247,0.7753,0.0],"evs":[0.0,0.04587,-0.76133]},"95o":{"weight":1.0,"played":[0.9999,1.0E-4,0.0],"evs":[0.0,-0.08632,-1.21665]},"T5o":{"weight":1.0,"played":[1.0,0.0,0.0],"evs":[0.0,-0.14749,-1.34459]},"J5o":{"weight":1.0,"played":[0.9999,1.0E-4,0.0],"evs":[0.0,-0.14403,-1.35239]},"Q5o":{"weight":1.0,"played":[0.9989,0.001,1.0E-4],"evs":[0.0,-0.02952,-1.02224]},"K5o":{"weight":1.0,"played":[0.7744,0.2256,0.0],"evs":[0.0,0.01247,-0.88705]},"A5o":{"weight":1.0,"played":[4.0E-4,0.9926,0.007],"evs":[0.0,0.37215,0.08353]},"62s":{"weight":1.0,"played":[0.0388,0.9612,0.0],"evs":[0.0,0.19169,-0.48652]},"63s":{"weight":1.0,"played":[0.0377,0.9619,4.0E-4],"evs":[0.0,0.29538,-0.10247]},"64s":{"weight":1.0,"played":[4.0E-4,0.9905,0.009],"evs":[0.0,0.38948,0.15935]},"65s":{"weight":1.0,"played":[1.0E-4,0.9455,0.0544],"evs":[0.0,0.61912,0.51616]},"66":{"weight":1.0,"played":[0.0,1.0E-4,0.9999],"evs":[0.0,1.06057,1.67853]},"76o":{"weight":1.0,"played":[0.0011,0.9989,1.0E-4],"evs":[0.0,0.23772,-0.25372]},"86o":{"weight":1.0,"played":[0.0268,0.9732,0.0],"evs":[0.0,0.15845,-0.43975]},"96o":{"weight":1.0,"played":[0.4662,0.5338,1.0E-4],"evs":[0.0,0.05988,-0.72988]},"T6o":{"weight":1.0,"played":[0.9995,5.0E-4,0.0],"evs":[0.0,-0.0387,-0.95602]},"J6o":{"weight":1.0,"played":[0.9993,7.0E-4,0.0],"evs":[0.0,-0.10308,-1.17035]},"Q6o":{"weight":1.0,"played":[0.6487,0.3513,0.0],"evs":[0.0,0.00901,-0.91333]},"K6o":{"weight":1.0,"played":[0.321,0.679,0.0],"evs":[0.0,0.05891,-0.77]},"A6o":{"weight":1.0,"played":[0.0016,0.9972,0.0012],"evs":[0.0,0.29436,-0.08029]},"72s":{"weight":1.0,"played":[0.1508,0.8492,0.0],"evs":[0.0,0.11214,-0.79252]},"73s":{"weight":1.0,"played":[0.0209,0.979,1.0E-4],"evs":[0.0,0.17103,-0.62971]},"74s":{"weight":1.0,"played":[0.0,0.9916,0.0084],"evs":[0.0,0.26153,-0.11954]},"75s":{"weight":1.0,"played":[0.0,0.4801,0.5199],"evs":[0.0,0.40383,0.26994]},"76s":{"weight":1.0,"played":[0.0,0.6995,0.3005],"evs":[0.0,0.50775,0.40988]},"77":{"weight":1.0,"played":[0.0,1.0E-4,0.9999],"evs":[0.0,1.07583,1.92916]},"87o":{"weight":1.0,"played":[0.0295,0.9705,0.0],"evs":[0.0,0.28999,-0.20997]},"97o":{"weight":1.0,"played":[0.0036,0.9964,0.0],"evs":[0.0,0.12444,-0.59651]},"T7o":{"weight":1.0,"played":[0.0506,0.9494,0.0],"evs":[0.0,0.10055,-0.64622]},"J7o":{"weight":1.0,"played":[1.0,0.0,0.0],"evs":[0.0,-0.04473,-0.94087]},"Q7o":{"weight":1.0,"played":[1.0,0.0,0.0],"evs":[0.0,-0.01663,-1.00568]},"K7o":{"weight":1.0,"played":[0.3669,0.6331,0.0],"evs":[0.0,0.05117,-0.76286]},"A7o":{"weight":1.0,"played":[5.0E-4,0.9016,0.0979],"evs":[0.0,0.30982,0.13511]},"82s":{"weight":1.0,"played":[0.3658,0.6342,0.0],"evs":[0.0,0.06929,-0.72609]},"83s":{"weight":1.0,"played":[0.0161,0.9828,0.0011],"evs":[0.0,0.11202,-0.72354]},"84s":{"weight":1.0,"played":[0.0151,0.9849,0.0],"evs":[0.0,0.22019,-0.19699]},"85s":{"weight":1.0,"played":[0.0043,0.9952,5.0E-4],"evs":[0.0,0.31124,-0.05396]},"86s":{"weight":1.0,"played":[3.0E-4,0.6455,0.3542],"evs":[0.0,0.44355,0.37299]},"87s":{"weight":1.0,"played":[0.0,0.2452,0.7547],"evs":[0.0,0.5966,0.61644]},"88":{"weight":1.0,"played":[0.0,1.0E-4,0.9999],"evs":[0.0,1.24073,2.42021]},"98o":{"weight":1.0,"played":[0.0059,0.9941,0.0],"evs":[0.0,0.13667,-0.39231]},"T8o":{"weight":1.0,"played":[0.079,0.921,0.0],"evs":[0.0,0.15671,-0.50077]},"J8o":{"weight":1.0,"played":[0.3591,0.6409,0.0],"evs":[0.0,0.04177,-0.76191]},"Q8o":{"weight":1.0,"played":[0.1442,0.8558,0.0],"evs":[0.0,0.08082,-0.76407]},"K8o":{"weight":1.0,"played":[0.1767,0.8233,0.0],"evs":[0.0,0.06213,-0.76374]},"A8o":{"weight":1.0,"played":[1.0E-4,0.5809,0.419],"evs":[0.0,0.45992,0.45803]},"92s":{"weight":1.0,"played":[0.3458,0.6542,0.0],"evs":[0.0,0.0927,-0.87099]},"93s":{"weight":1.0,"played":[0.4567,0.5433,0.0],"evs":[0.0,0.07512,-0.71402]},"94s":{"weight":1.0,"played":[0.351,0.649,0.0],"evs":[0.0,0.09924,-0.71821]},"95s":{"weight":1.0,"played":[0.0014,0.9978,8.0E-4],"evs":[0.0,0.16371,-0.46278]},"96s":{"weight":1.0,"played":[6.0E-4,0.9992,2.0E-4],"evs":[0.0,0.38931,0.1155]},"97s":{"weight":1.0,"played":[8.0E-4,0.9846,0.0146],"evs":[0.0,0.45318,0.27554]},"98s":{"weight":1.0,"played":[0.0019,0.9184,0.0797],"evs":[0.0,0.45021,0.26262]},"99":{"weight":1.0,"played":[0.0,0.0,1.0],"evs":[0.0,1.44054,2.6725]},"T9o":{"weight":1.0,"played":[0.0816,0.9184,0.0],"evs":[0.0,0.12807,-0.41543]},"J9o":{"weight":1.0,"played":[0.4258,0.5742,0.0],"evs":[0.0,0.04921,-0.65053]},"Q9o":{"weight":1.0,"played":[0.0286,0.9714,0.0],"evs":[0.0,0.10367,-0.5276]},"K9o":{"weight":1.0,"played":[0.0175,0.9825,0.0],"evs":[0.0,0.13127,-0.6305]},"A9o":{"weight":1.0,"played":[0.0,0.3872,0.6128],"evs":[0.0,0.64352,0.63436]},"T2s":{"weight":1.0,"played":[0.3373,0.6627,0.0],"evs":[0.0,0.12067,-0.7833]},"T3s":{"weight":1.0,"played":[0.0462,0.9536,2.0E-4],"evs":[0.0,0.10957,-0.69533]},"T4s":{"weight":1.0,"played":[0.006,0.9939,1.0E-4],"evs":[0.0,0.21596,-0.47858]},"T5s":{"weight":1.0,"played":[0.2462,0.7527,0.0012],"evs":[0.0,0.19122,-0.43403]},"T6s":{"weight":1.0,"played":[0.002,0.9974,6.0E-4],"evs":[0.0,0.32871,-0.07074]},"T7s":{"weight":1.0,"played":[0.0055,0.9724,0.022],"evs":[0.0,0.37401,0.0746]},"T8s":{"weight":1.0,"played":[0.0,0.9767,0.0233],"evs":[0.0,0.50878,0.31954]},"T9s":{"weight":1.0,"played":[0.0012,0.8571,0.1416],"evs":[0.0,0.60551,0.51306]},"TT":{"weight":1.0,"played":[0.0,0.0,1.0],"evs":[0.0,1.79228,3.39378]},"JTo":{"weight":1.0,"played":[2.0E-4,0.9995,3.0E-4],"evs":[0.0,0.20656,-0.39216]},"QTo":{"weight":1.0,"played":[0.0222,0.9777,2.0E-4],"evs":[0.0,0.34987,-0.0907]},"KTo":{"weight":1.0,"played":[0.0107,0.988,0.0012],"evs":[0.0,0.3397,-0.06658]},"ATo":{"weight":1.0,"played":[0.0,1.0E-4,0.9999],"evs":[0.0,1.03341,1.66881]},"J2s":{"weight":1.0,"played":[0.037,0.963,0.0],"evs":[0.0,0.12826,-0.88165]},"J3s":{"weight":1.0,"played":[0.4321,0.5679,0.0],"evs":[0.0,0.08307,-0.72963]},"J4s":{"weight":1.0,"played":[0.0375,0.9616,9.0E-4],"evs":[0.0,0.17998,-0.54587]},"J5s":{"weight":1.0,"played":[0.0089,0.991,1.0E-4],"evs":[0.0,0.16431,-0.60993]},"J6s":{"weight":1.0,"played":[0.0373,0.9626,0.0],"evs":[0.0,0.17959,-0.34515]},"J7s":{"weight":1.0,"played":[0.0036,0.9964,0.0],"evs":[0.0,0.26294,-0.27679]},"J8s":{"weight":1.0,"played":[3.0E-4,0.9984,0.0013],"evs":[0.0,0.29814,-0.03593]},"J9s":{"weight":1.0,"played":[0.0051,0.9895,0.0054],"evs":[0.0,0.44994,0.18709]},"JTs":{"weight":1.0,"played":[1.0E-4,0.9549,0.0449],"evs":[0.0,0.59374,0.38828]},"JJ":{"weight":1.0,"played":[0.0,0.0,1.0],"evs":[0.0,2.4234,4.233]},"QJo":{"weight":1.0,"played":[0.0,0.9956,0.0044],"evs":[0.0,0.41871,0.05893]},"KJo":{"weight":1.0,"played":[0.001,0.9967,0.0023],"evs":[0.0,0.5376,0.22817]},"AJo":{"weight":1.0,"played":[0.0,0.0,1.0],"evs":[0.0,1.28215,2.11379]},"Q2s":{"weight":1.0,"played":[0.0321,0.9678,1.0E-4],"evs":[0.0,0.23442,-0.51875]},"Q3s":{"weight":1.0,"played":[0.0147,0.9849,5.0E-4],"evs":[0.0,0.36138,-0.33127]},"Q4s":{"weight":1.0,"played":[0.0044,0.9956,0.0],"evs":[0.0,0.30726,-0.22083]},"Q5s":{"weight":1.0,"played":[0.0085,0.9888,0.0027],"evs":[0.0,0.37215,-0.02409]},"Q6s":{"weight":1.0,"played":[0.0036,0.9952,0.0012],"evs":[0.0,0.32582,-0.13005]},"Q7s":{"weight":1.0,"played":[0.0116,0.9851,0.0032],"evs":[0.0,0.30727,-0.18354]},"Q8s":{"weight":1.0,"played":[0.0028,0.9966,7.0E-4],"evs":[0.0,0.40415,0.00112]},"Q9s":{"weight":1.0,"played":[6.0E-4,0.9538,0.0456],"evs":[0.0,0.38921,0.18032]},"QTs":{"weight":1.0,"played":[9.0E-4,0.9615,0.0376],"evs":[0.0,0.68391,0.40002]},"QJs":{"weight":1.0,"played":[0.0,0.6299,0.3701],"evs":[0.0,0.86387,0.81547]},"QQ":{"weight":1.0,"played":[0.0,0.0,1.0],"evs":[0.0,3.22778,5.32294]},"KQo":{"weight":1.0,"played":[0.0,2.0E-4,0.9998],"evs":[0.0,0.89303,1.05407]},"AQo":{"weight":1.0,"played":[0.0,0.0,1.0],"evs":[0.0,1.59925,2.63208]},"K2s":{"weight":1.0,"played":[0.0019,0.9931,0.0049],"evs":[0.0,0.35653,-0.47192]},"K3s":{"weight":1.0,"played":[0.0159,0.9841,0.0],"evs":[0.0,0.38111,-0.30812]},"K4s":{"weight":1.0,"played":[0.0351,0.9645,4.0E-4],"evs":[0.0,0.33125,-0.26833]},"K5s":{"weight":1.0,"played":[0.0059,0.9924,0.0017],"evs":[0.0,0.49671,0.00363]},"K6s":{"weight":1.0,"played":[0.0014,0.971,0.0275],"evs":[0.0,0.45807,0.06296]},"K7s":{"weight":1.0,"played":[0.0,0.9945,0.0055],"evs":[0.0,0.49889,0.02347]},"K8s":{"weight":1.0,"played":[0.0041,0.9913,0.0045],"evs":[0.0,0.54954,0.01566]},"K9s":{"weight":1.0,"played":[0.0057,0.9582,0.0361],"evs":[0.0,0.49458,0.09014]},"KTs":{"weight":1.0,"played":[1.0E-4,0.6639,0.336],"evs":[0.0,0.68127,0.6569]},"KJs":{"weight":1.0,"played":[0.0,0.2244,0.7756],"evs":[0.0,0.89638,0.94255]},"KQs":{"weight":1.0,"played":[0.0,1.0E-4,0.9999],"evs":[0.0,1.3513,1.78747]},"KK":{"weight":1.0,"played":[0.0,0.0,1.0],"evs":[0.0,4.45641,6.97217]},"AKo":{"weight":1.0,"played":[0.0,0.0,1.0],"evs":[0.0,1.90915,3.23627]},"A2s":{"weight":1.0,"played":[0.0,0.9369,0.0631],"evs":[0.0,0.76529,0.64788]},"A3s":{"weight":1.0,"played":[0.0,0.6284,0.3716],"evs":[0.0,0.79488,0.77028]},"A4s":{"weight":1.0,"played":[0.0,0.1191,0.8809],"evs":[0.0,0.80538,0.84194]},"A5s":{"weight":1.0,"played":[0.0,0.0132,0.9868],"evs":[0.0,0.85178,0.94215]},"A6s":{"weight":1.0,"played":[5.0E-4,0.0545,0.9451],"evs":[0.0,0.79233,0.93184]},"A7s":{"weight":1.0,"played":[1.0E-4,2.0E-4,0.9997],"evs":[0.0,0.80775,0.88998]},"A8s":{"weight":1.0,"played":[1.0E-4,0.0027,0.9972],"evs":[0.0,0.91462,1.19938]},"A9s":{"weight":1.0,"played":[0.0,1.0E-4,0.9999],"evs":[0.0,1.08546,1.4401]},"ATs":{"weight":1.0,"played":[0.0,1.0E-4,0.9999],"evs":[0.0,1.52308,2.58392]},"AJs":{"weight":1.0,"played":[0.0,0.0,1.0],"evs":[0.0,1.85624,2.96521]},"AQs":{"weight":1.0,"played":[0.0,0.0,1.0],"evs":[0.0,2.10957,3.50741]},"AKs":{"weight":1.0,"played":[0.0,0.0,1.0],"evs":[0.0,2.39525,3.92648]},"AA":{"weight":1.0,"played":[0.0,0.0,1.0],"evs":[0.0,6.19849,9.64929]}}}