{"player":4,"street":0,"children":2,"sequence":[{"player":0,"type":"R","amount":200000,"street":0},{"player":1,"type":"F","amount":0,"street":0},{"player":2,"type":"F","amount":0,"street":0},{"player":3,"type":"C","amount":200000,"street":0},{"player":4,"type":"C","amount":150000,"street":0},{"player":5,"type":"R","amount":735000,"street":0},{"player":0,"type":"F","amount":0,"street":0},{"player":3,"type":"F","amount":0,"street":0}],"actions":[{"type":"F","amount":0},{"type":"C","amount":535000}],"hands":{"22":{"weight":1.0,"played":[0.0022,0.9978],"evs":[0.0,3.36472]},"32o":{"weight":0.0,"played":[0.0255,0.9745],"evs":[0.0,1.32663]},"42o":{"weight":0.0,"played":[0.4109,0.5891],"evs":[0.0,0.14259]},"52o":{"weight":0.0,"played":[0.0362,0.9638],"evs":[0.0,0.67343]},"62o":{"weight":0.0,"played":[0.0387,0.9613],"evs":[0.0,1.54902]},"72o":{"weight":0.0,"played":[0.07,0.93],"evs":[0.0,1.06163]},"82o":{"weight":0.0,"played":[0.0012,0.9988],"evs":[0.0,1.06336]},"92o":{"weight":0.0,"played":[0.325,0.675],"evs":[0.0,0.07693]},"T2o":{"weight":0.0,"played":[0.0835,0.9165],"evs":[0.0,1.89059]},"J2o":{"weight":0.0,"played":[0.6583,0.3417],"evs":[0.0,-0.71288]},"Q2o":{"weight":0.0,"played":[0.0066,0.9934],"evs":[0.0,0.4248]},"K2o":{"weight":0.0,"played":[0.4298,0.5702],"evs":[0.0,0.56005]},"A2o":{"weight":0.0,"played":[0.0437,0.9563],"evs":[0.0,2.50632]},"32s":{"weight":0.0,"played":[0.2955,0.7045],"evs":[0.0,3.78567]},"33":{"weight":0.9999,"played":[7.0E-4,0.9993],"evs":[0.0,4.77132]},"43o":{"weight":0.0,"played":[0.3273,0.6727],"evs":[0.0,1.03138]},"53o":{"weight":0.0,"played":[0.5498,0.4502],"evs":[0.0,1.01832]},"63o":{"weight":0.0,"played":[0.0073,0.9927],"evs":[0.0,2.10078]},"73o":{"weight":0.0,"played":[0.0238,0.9762],"evs":[0.0,1.03554]},"83o":{"weight":0.0,"played":[0.0045,0.9955],"evs":[0.0,1.62711]},"93o":{"weight":0.0,"played":[0.0509,0.9491],"evs":[0.0,2.56833]},"T3o":{"weight":0.0,"played":[0.2711,0.7289],"evs":[0.0,1.24236]},"J3o":{"weight":0.0,"played":[0.2103,0.7897],"evs":[0.0,0.06245]},"Q3o":{"weight":0.0,"played":[0.544,0.456],"evs":[0.0,-0.84085]},"K3o":{"weight":0.0,"played":[0.0058,0.9942],"evs":[0.0,3.56458]},"A3o":{"weight":0.0,"played":[0.0179,0.9821],"evs":[0.0,2.90062]},"42s":{"weight":0.0,"played":[0.0073,0.9927],"evs":[0.0,0.38406]},"43s":{"weight":0.0,"played":[0.5234,0.4766],"evs":[0.0,-0.12255]},"44":{"weight":0.8604,"played":[8.0E-4,0.9992],"evs":[0.0,4.01282]},"54o":{"weight":0.0,"played":[0.0209,0.9791],"evs":[0.0,2.07454]},"64o":{"weight":0.0,"played":[0.1179,0.8821],"evs":[0.0,1.0834]},"74o":{"weight":0.0,"played":[0.1294,0.8706],"evs":[0.0,0.31928]},"84o":{"weight":0.0,"played":[0.0294,0.9706],"evs":[0.0,0.96157]},"94o":{"weight":0.0,"played":[0.0022,0.9978],"evs":[0.0,0.75038]},"T4o":{"weight":0.0,"played":[9.0E-4,0.9991],"evs":[0.0,1.71012]},"J4o":{"weight":0.0,"played":[0.0011,0.9989],"evs":[0.0,0.40842]},"Q4o":{"weight":0.0,"played":[0.2013,0.7987],"evs":[0.0,1.17502]},"K4o":{"weight":0.0,"played":[9.0E-4,0.9991],"evs":[0.0,1.41026]},"A4o":{"weight":0.0,"played":[0.026,0.974],"evs":[0.0,3.20624]},"52s":{"weight":0.0,"played":[0.4537,0.5463],"evs":[0.0,1.3019]},"53s":{"weight":0.0,"played":[0.2212,0.7788],"evs":[0.0,2.51761]},"54s":{"weight":0.9752,"played":[0.0011,0.9989],"evs":[0.0,1.38652]},"55":{"weight":0.0,"played":[0.0014,0.9986],"evs":[0.0,6.37533]},"65o":{"weight":0.0,"played":[6.0E-4,0.9994],"evs":[0.0,1.32552]},"75o":{"weight":0.0,"played":[6.0E-4,0.9994],"evs":[0.0,1.60388]},"85o":{"weight":0.0,"played":[0.0318,0.9682],"evs":[0.0,2.39411]},"95o":{"weight":0.0,"played":[0.0024,0.9976],"evs":[0.0,2.38689]},"T5o":{"weight":0.0,"played":[0.1051,0.8949],"evs":[0.0,0.55324]},"J5o":{"weight":0.0,"played":[0.7786,0.2214],"evs":[0.0,-1.11451]},"Q5o":{"weight":0.0,"played":[0.3223,0.6777],"evs":[0.0,-0.37182]},"K5o":{"weight":0.0,"played":[0.1696,0.8304],"evs":[0.0,0.72418]},"A5o":{"weight":0.0,"played":[0.0035,0.9965],"evs":[0.0,4.1444]},"62s":{"weight":0.0,"played":[0.0418,0.9582],"evs":[0.0,1.47466]},"63s":{"weight":0.0,"played":[0.9502,0.0498],"evs":[0.0,-0.55782]},"64s":{"weight":0.0662,"played":[0.538,0.462],"evs":[0.0,0.96797]},"65s":{"weight":0.9719,"played":[0.1701,0.8299],"evs":[0.0,1.06894]},"66":{"weight":1.0E-4,"played":[0.0079,0.9921],"evs":[0.0,3.89207]},"76o":{"weight":0.0,"played":[0.0079,0.9921],"evs":[0.0,1.76391]},"86o":{"weight":0.0,"played":[0.0069,0.9931],"evs":[0.0,1.75099]},"96o":{"weight":0.0,"played":[0.0042,0.9958],"evs":[0.0,1.99117]},"T6o":{"weight":0.0,"played":[0.0016,0.9984],"evs":[0.0,1.51779]},"J6o":{"weight":0.0,"played":[0.6604,0.3396],"evs":[0.0,-0.17775]},"Q6o":{"weight":0.0,"played":[0.3251,0.6749],"evs":[0.0,1.86046]},"K6o":{"weight":0.0,"played":[0.0032,0.9968],"evs":[0.0,2.77283]},"A6o":{"weight":0.0,"played":[0.0116,0.9884],"evs":[0.0,3.76037]},"72s":{"weight":0.0,"played":[0.1289,0.8711],"evs":[0.0,0.38551]},"73s":{"weight":0.0,"played":[0.022,0.978],"evs":[0.0,2.30814]},"74s":{"weight":0.0,"played":[0.1712,0.8288],"evs":[0.0,0.8888]},"75s":{"weight":0.9367,"played":[0.4345,0.5655],"evs":[0.0,1.74663]},"76s":{"weight":0.9674,"played":[0.0,1.0],"evs":[0.0,2.46332]},"77":{"weight":0.0,"played":[0.0059,0.9941],"evs":[0.0,4.32538]},"87o":{"weight":0.0,"played":[0.0155,0.9845],"evs":[0.0,2.33737]},"97o":{"weight":0.0,"played":[0.0015,0.9985],"evs":[0.0,0.17442]},"T7o":{"weight":0.0,"played":[0.6165,0.3835],"evs":[0.0,-0.8844]},"J7o":{"weight":0.0,"played":[0.048,0.952],"evs":[0.0,2.29518]},"Q7o":{"weight":0.0,"played":[0.0335,0.9665],"evs":[0.0,3.27248]},"K7o":{"weight":0.0,"played":[0.0368,0.9632],"evs":[0.0,2.18599]},"A7o":{"weight":0.0,"played":[0.0,1.0],"evs":[0.0,3.30898]},"82s":{"weight":0.0,"played":[0.0512,0.9488],"evs":[0.0,2.1645]},"83s":{"weight":0.0,"played":[0.2223,0.7777],"evs":[0.0,0.76284]},"84s":{"weight":0.0,"played":[0.6575,0.3425],"evs":[0.0,-0.74707]},"85s":{"weight":0.0,"played":[0.0296,0.9704],"evs":[0.0,2.05974]},"86s":{"weight":0.9951,"played":[0.004,0.996],"evs":[0.0,2.98907]},"87s":{"weight":0.8314,"played":[0.0114,0.9886],"evs":[0.0,2.01815]},"88":{"weight":0.0,"played":[0.0169,0.9831],"evs":[0.0,4.77824]},"98o":{"weight":0.0,"played":[0.1612,0.8388],"evs":[0.0,1.36587]},"T8o":{"weight":0.0,"played":[0.0246,0.9754],"evs":[0.0,1.74]},"J8o":{"weight":0.0,"played":[0.5778,0.4222],"evs":[0.0,-0.15401]},"Q8o":{"weight":0.0,"played":[2.0E-4,0.9998],"evs":[0.0,2.87825]},"K8o":{"weight":0.0,"played":[0.0357,0.9643],"evs":[0.0,2.73109]},"A8o":{"weight":1.0E-4,"played":[4.0E-4,0.9996],"evs":[0.0,4.00066]},"92s":{"weight":0.0,"played":[0.742,0.258],"evs":[0.0,0.45373]},"93s":{"weight":0.0,"played":[0.0356,0.9644],"evs":[0.0,3.03122]},"94s":{"weight":0.0,"played":[0.1717,0.8283],"evs":[0.0,2.72223]},"95s":{"weight":0.0,"played":[0.0385,0.9615],"evs":[0.0,3.5271]},"96s":{"weight":0.0,"played":[0.0041,0.9959],"evs":[0.0,4.11726]},"97s":{"weight":0.8899,"played":[0.1,0.9],"evs":[0.0,0.91895]},"98s":{"weight":0.4876,"played":[0.0061,0.9939],"evs":[0.0,5.14277]},"99":{"weight":0.0,"played":[0.0096,0.9904],"evs":[0.0,6.69856]},"T9o":{"weight":0.0,"played":[0.0743,0.9257],"evs":[0.0,3.14794]},"J9o":{"weight":0.0,"played":[0.0016,0.9984],"evs":[0.0,2.33359]},"Q9o":{"weight":0.0,"played":[0.3721,0.6279],"evs":[0.0,-0.03455]},"K9o":{"weight":0.0,"played":[3.0E-4,0.9997],"evs":[0.0,4.01464]},"A9o":{"weight":0.9899,"played":[0.0054,0.9946],"evs":[0.0,4.26629]},"T2s":{"weight":0.0,"played":[0.0461,0.9539],"evs":[0.0,1.26551]},"T3s":{"weight":0.0,"played":[0.0947,0.9053],"evs":[0.0,0.51483]},"T4s":{"weight":0.0,"played":[0.0118,0.9882],"evs":[0.0,2.26183]},"T5s":{"weight":0.0,"played":[0.0083,0.9917],"evs":[0.0,3.53214]},"T6s":{"weight":0.0,"played":[0.1614,0.8386],"evs":[0.0,0.47756]},"T7s":{"weight":0.0,"played":[0.0766,0.9234],"evs":[0.0,0.32939]},"T8s":{"weight":0.2198,"played":[0.7259,0.2741],"evs":[0.0,-1.74189]},"T9s":{"weight":0.6103,"played":[0.0447,0.9553],"evs":[0.0,2.92625]},"TT":{"weight":0.0,"played":[0.0014,0.9986],"evs":[0.0,5.72555]},"JTo":{"weight":0.0,"played":[0.0063,0.9937],"evs":[0.0,0.99174]},"QTo":{"weight":0.0,"played":[0.0281,0.9719],"evs":[0.0,0.46552]},"KTo":{"weight":0.0,"played":[0.0025,0.9975],"evs":[0.0,6.03637]},"ATo":{"weight":0.0,"played":[0.0,1.0],"evs":[0.0,4.40222]},"J2s":{"weight":0.0,"played":[0.4952,0.5048],"evs":[0.0,-0.71083]},"J3s":{"weight":0.0,"played":[0.5314,0.4686],"evs":[0.0,-0.21488]},"J4s":{"weight":0.0,"played":[0.0233,0.9767],"evs":[0.0,3.52733]},"J5s":{"weight":0.0,"played":[0.0035,0.9965],"evs":[0.0,1.98561]},"J6s":{"weight":0.0,"played":[0.0619,0.9381],"evs":[0.0,2.83708]},"J7s":{"weight":1.0E-4,"played":[0.0357,0.9643],"evs":[0.0,1.04588]},"J8s":{"weight":0.0,"played":[0.0303,0.9697],"evs":[0.0,0.59025]},"J9s":{"weight":0.0163,"played":[0.03,0.97],"evs":[0.0,3.71603]},"JTs":{"weight":0.7539,"played":[0.0,1.0],"evs":[0.0,2.43971]},"JJ":{"weight":0.0,"played":[0.002,0.998],"evs":[0.0,4.35234]},"QJo":{"weight":2.0E-4,"played":[9.0E-4,0.9991],"evs":[0.0,1.83604]},"KJo":{"weight":0.9997,"played":[3.0E-4,0.9997],"evs":[0.0,3.05936]},"AJo":{"weight":3.0E-4,"played":[0.0013,0.9987],"evs":[0.0,3.72928]},"Q2s":{"weight":0.0,"played":[0.1128,0.8872],"evs":[0.0,3.42956]},"Q3s":{"weight":0.0,"played":[0.5455,0.4545],"evs":[0.0,-1.00072]},"Q4s":{"weight":0.0,"played":[0.606,0.394],"evs":[0.0,-0.32031]},"Q5s":{"weight":0.0,"played":[0.7472,0.2528],"evs":[0.0,-0.6248]},"Q6s":{"weight":0.0038,"played":[0.1043,0.8957],"evs":[0.0,3.23857]},"Q7s":{"weight":1.0E-4,"played":[0.0232,0.9768],"evs":[0.0,2.65017]},"Q8s":{"weight":0.2124,"played":[0.0166,0.9834],"evs":[0.0,2.02556]},"Q9s":{"weight":0.9232,"played":[0.171,0.829],"evs":[0.0,2.55066]},"QTs":{"weight":0.9762,"played":[0.0457,0.9543],"evs":[0.0,1.25636]},"QJs":{"weight":0.998,"played":[0.002,0.998],"evs":[0.0,1.74933]},"QQ":{"weight":0.0,"played":[0.0,1.0],"evs":[0.0,7.74694]},"KQo":{"weight":0.9977,"played":[0.0,1.0],"evs":[0.0,2.90695]},"AQo":{"weight":0.0,"played":[0.0,1.0],"evs":[0.0,4.04584]},"K2s":{"weight":0.0,"played":[0.0135,0.9865],"evs":[0.0,1.91635]},"K3s":{"weight":2.0E-4,"played":[0.0259,0.9741],"evs":[0.0,3.06323]},"K4s":{"weight":0.0,"played":[0.0113,0.9887],"evs":[0.0,1.04888]},"K5s":{"weight":0.0139,"played":[0.6834,0.3166],"evs":[0.0,0.44414]},"K6s":{"weight":0.2441,"played":[0.3534,0.6466],"evs":[0.0,0.32301]},"K7s":{"weight":0.1764,"played":[0.0,1.0],"evs":[0.0,2.29219]},"K8s":{"weight":0.718,"played":[0.1097,0.8903],"evs":[0.0,2.10502]},"K9s":{"weight":0.1786,"played":[0.0226,0.9774],"evs":[0.0,2.74558]},"KTs":{"weight":0.0407,"played":[0.0,1.0],"evs":[0.0,4.58775]},"KJs":{"weight":0.9996,"played":[0.0527,0.9473],"evs":[0.0,2.87225]},"KQs":{"weight":0.9906,"played":[0.0181,0.9819],"evs":[0.0,3.43097]},"KK":{"weight":0.0,"played":[9.0E-4,0.9991],"evs":[0.0,8.25257]},"AKo":{"weight":0.0,"played":[4.0E-4,0.9996],"evs":[0.0,6.34744]},"A2s":{"weight":0.9083,"played":[0.0087,0.9913],"evs":[0.0,2.7283]},"A3s":{"weight":0.0398,"played":[0.0014,0.9986],"evs":[0.0,3.16465]},"A4s":{"weight":0.0628,"played":[0.0,1.0],"evs":[0.0,1.8102]},"A5s":{"weight":2.0E-4,"played":[0.0128,0.9872],"evs":[0.0,1.53064]},"A6s":{"weight":4.0E-4,"played":[0.0059,0.9941],"evs":[0.0,3.60413]},"A7s":{"weight":0.0044,"played":[0.0094,0.9906],"evs":[0.0,6.60299]},"A8s":{"weight":0.0149,"played":[0.0,1.0],"evs":[0.0,3.74797]},"A9s":{"weight":0.4039,"played":[0.0035,0.9965],"evs":[0.0,5.01062]},"ATs":{"weight":0.0314,"played":[0.0017,0.9983],"evs":[0.0,3.43639]},"AJs":{"weight":2.0E-4,"played":[0.0083,0.9917],"evs":[0.0,4.63911]},"AQs":{"weight":0.0,"played":[0.0145,0.9855],"evs":[0.0,8.62767]},"AKs":{"weight":3.0E-4,"played":[0.0114,0.9886],"evs":[0.0,7.70238]},"AA":{"weight":0.0168,"played":[0.0,1.0],"evs":[0.0,11.61175]}}}