{"player":3,"street":0,"children":2,"sequence":[{"player":0,"type":"R","amount":200000,"street":0},{"player":1,"type":"F","amount":0,"street":0},{"player":2,"type":"F","amount":0,"street":0},{"player":3,"type":"C","amount":200000,"street":0},{"player":4,"type":"R","amount":2035000,"street":0},{"player":5,"type":"C","amount":635000,"street":0},{"player":0,"type":"F","amount":0,"street":0}],"actions":[{"type":"F","amount":0},{"type":"C","amount":1705000}],"hands":{"22":{"weight":0.0,"played":[1.0,0.0],"evs":[0.0,-1.18098]},"32o":{"weight":0.0,"played":[1.0,0.0],"evs":[0.0,-5.28526]},"42o":{"weight":0.0,"played":[1.0,0.0],"evs":[0.0,-4.94944]},"52o":{"weight":0.0,"played":[1.0,0.0],"evs":[0.0,-4.77354]},"62o":{"weight":0.0,"played":[1.0,0.0],"evs":[0.0,-5.05822]},"72o":{"weight":0.0,"played":[1.0,0.0],"evs":[0.0,-5.57338]},"82o":{"weight":0.0,"played":[1.0,0.0],"evs":[0.0,-5.38495]},"92o":{"weight":0.0,"played":[1.0,0.0],"evs":[0.0,-5.063]},"T2o":{"weight":0.0,"played":[1.0,0.0],"evs":[0.0,-5.21155]},"J2o":{"weight":0.0,"played":[1.0,0.0],"evs":[0.0,-4.62028]},"Q2o":{"weight":0.0,"played":[1.0,0.0],"evs":[0.0,-4.19932]},"K2o":{"weight":0.0,"played":[1.0,0.0],"evs":[0.0,-4.01071]},"A2o":{"weight":0.0,"played":[1.0,0.0],"evs":[0.0,-3.85717]},"32s":{"weight":0.0,"played":[1.0,0.0],"evs":[0.0,-3.72304]},"33":{"weight":0.0,"played":[1.0,0.0],"evs":[0.0,-0.97125]},"43o":{"weight":0.0,"played":[1.0,0.0],"evs":[0.0,-4.47676]},"53o":{"weight":0.0,"played":[1.0,0.0],"evs":[0.0,-4.10309]},"63o":{"weight":0.0,"played":[1.0,0.0],"evs":[0.0,-4.54637]},"73o":{"weight":0.0,"played":[1.0,0.0],"evs":[0.0,-4.96664]},"83o":{"weight":0.0,"played":[1.0,0.0],"evs":[0.0,-5.37786]},"93o":{"weight":0.0,"played":[1.0,0.0],"evs":[0.0,-4.92873]},"T3o":{"weight":0.0,"played":[1.0,0.0],"evs":[0.0,-4.95442]},"J3o":{"weight":0.0,"played":[1.0,0.0],"evs":[0.0,-4.62014]},"Q3o":{"weight":0.0,"played":[1.0,0.0],"evs":[0.0,-4.06705]},"K3o":{"weight":0.0,"played":[1.0,0.0],"evs":[0.0,-3.98914]},"A3o":{"weight":0.0,"played":[1.0,0.0],"evs":[0.0,-3.62759]},"42s":{"weight":0.0,"played":[1.0,0.0],"evs":[0.0,-3.20291]},"43s":{"weight":0.0,"played":[1.0,0.0],"evs":[0.0,-2.84245]},"44":{"weight":0.9997,"played":[0.9998,2.0E-4],"evs":[0.0,-0.38382]},"54o":{"weight":0.0,"played":[1.0,0.0],"evs":[0.0,-3.47334]},"64o":{"weight":0.0,"played":[1.0,0.0],"evs":[0.0,-3.97446]},"74o":{"weight":0.0,"played":[1.0,0.0],"evs":[0.0,-4.22076]},"84o":{"weight":0.0,"played":[1.0,0.0],"evs":[0.0,-4.56414]},"94o":{"weight":0.0,"played":[1.0,0.0],"evs":[0.0,-4.64412]},"T4o":{"weight":0.0,"played":[1.0,0.0],"evs":[0.0,-4.88619]},"J4o":{"weight":0.0,"played":[1.0,0.0],"evs":[0.0,-4.43821]},"Q4o":{"weight":0.0,"played":[1.0,0.0],"evs":[0.0,-3.93283]},"K4o":{"weight":0.0,"played":[1.0,0.0],"evs":[0.0,-3.79486]},"A4o":{"weight":0.0,"played":[1.0,0.0],"evs":[0.0,-3.47292]},"52s":{"weight":0.0,"played":[1.0,0.0],"evs":[0.0,-3.34739]},"53s":{"weight":0.0,"played":[1.0,0.0],"evs":[0.0,-2.45839]},"54s":{"weight":0.0,"played":[1.0,0.0],"evs":[0.0,-1.72078]},"55":{"weight":0.9363,"played":[0.054,0.946],"evs":[0.0,0.26769]},"65o":{"weight":0.0,"played":[1.0,0.0],"evs":[0.0,-3.27531]},"75o":{"weight":0.0,"played":[1.0,0.0],"evs":[0.0,-3.55416]},"85o":{"weight":0.0,"played":[1.0,0.0],"evs":[0.0,-4.04255]},"95o":{"weight":0.0,"played":[1.0,0.0],"evs":[0.0,-4.25909]},"T5o":{"weight":0.0,"played":[1.0,0.0],"evs":[0.0,-4.75192]},"J5o":{"weight":0.0,"played":[1.0,0.0],"evs":[0.0,-4.06082]},"Q5o":{"weight":0.0,"played":[1.0,0.0],"evs":[0.0,-3.71435]},"K5o":{"weight":0.0,"played":[1.0,0.0],"evs":[0.0,-3.60445]},"A5o":{"weight":0.0,"played":[1.0,0.0],"evs":[0.0,-3.18195]},"62s":{"weight":0.0,"played":[1.0,0.0],"evs":[0.0,-3.28225]},"63s":{"weight":0.0,"played":[1.0,0.0],"evs":[0.0,-2.90282]},"64s":{"weight":0.0,"played":[1.0,0.0],"evs":[0.0,-2.24748]},"65s":{"weight":0.001,"played":[1.0,0.0],"evs":[0.0,-1.99166]},"66":{"weight":0.0016,"played":[0.0,1.0],"evs":[0.0,1.56837]},"76o":{"weight":0.0,"played":[1.0,0.0],"evs":[0.0,-2.94595]},"86o":{"weight":0.0,"played":[1.0,0.0],"evs":[0.0,-3.20296]},"96o":{"weight":0.0,"played":[1.0,0.0],"evs":[0.0,-3.50623]},"T6o":{"weight":0.0,"played":[1.0,0.0],"evs":[0.0,-4.01229]},"J6o":{"weight":0.0,"played":[1.0,0.0],"evs":[0.0,-4.12457]},"Q6o":{"weight":0.0,"played":[1.0,0.0],"evs":[0.0,-3.40221]},"K6o":{"weight":0.0,"played":[1.0,0.0],"evs":[0.0,-3.28818]},"A6o":{"weight":0.0,"played":[1.0,0.0],"evs":[0.0,-3.25234]},"72s":{"weight":0.0,"played":[1.0,0.0],"evs":[0.0,-3.99482]},"73s":{"weight":0.0,"played":[1.0,0.0],"evs":[0.0,-3.40795]},"74s":{"weight":0.0,"played":[1.0,0.0],"evs":[0.0,-2.82225]},"75s":{"weight":0.0,"played":[1.0,0.0],"evs":[0.0,-2.08821]},"76s":{"weight":0.3419,"played":[0.9996,4.0E-4],"evs":[0.0,-1.38191]},"77":{"weight":0.0,"played":[0.0,1.0],"evs":[0.0,2.6095]},"87o":{"weight":0.0,"played":[1.0,0.0],"evs":[0.0,-2.84031]},"97o":{"weight":0.0,"played":[1.0,0.0],"evs":[0.0,-2.84174]},"T7o":{"weight":0.0,"played":[1.0,0.0],"evs":[0.0,-3.48759]},"J7o":{"weight":0.0,"played":[1.0,0.0],"evs":[0.0,-3.48777]},"Q7o":{"weight":0.0,"played":[1.0,0.0],"evs":[0.0,-3.25888]},"K7o":{"weight":0.0,"played":[1.0,0.0],"evs":[0.0,-3.11554]},"A7o":{"weight":0.0,"played":[1.0,0.0],"evs":[0.0,-2.92192]},"82s":{"weight":0.0,"played":[1.0,0.0],"evs":[0.0,-3.78505]},"83s":{"weight":0.0,"played":[1.0,0.0],"evs":[0.0,-3.66586]},"84s":{"weight":0.0,"played":[1.0,0.0],"evs":[0.0,-3.54714]},"85s":{"weight":0.0,"played":[1.0,0.0],"evs":[0.0,-2.60937]},"86s":{"weight":0.0,"played":[0.9974,0.0026],"evs":[0.0,-2.00032]},"87s":{"weight":0.5622,"played":[1.0,0.0],"evs":[0.0,-1.252]},"88":{"weight":0.0,"played":[0.0,1.0],"evs":[0.0,3.66566]},"98o":{"weight":0.0,"played":[1.0,0.0],"evs":[0.0,-2.24506]},"T8o":{"weight":0.0,"played":[1.0,0.0],"evs":[0.0,-2.6044]},"J8o":{"weight":0.0,"played":[1.0,0.0],"evs":[0.0,-2.88494]},"Q8o":{"weight":0.0,"played":[1.0,0.0],"evs":[0.0,-2.73717]},"K8o":{"weight":0.0,"played":[1.0,0.0],"evs":[0.0,-3.11202]},"A8o":{"weight":0.0,"played":[1.0,0.0],"evs":[0.0,-2.39883]},"92s":{"weight":0.0,"played":[1.0,0.0],"evs":[0.0,-3.51997]},"93s":{"weight":0.0,"played":[1.0,0.0],"evs":[0.0,-2.94238]},"94s":{"weight":0.0,"played":[1.0,0.0],"evs":[0.0,-3.52219]},"95s":{"weight":0.0,"played":[1.0,0.0],"evs":[0.0,-2.94503]},"96s":{"weight":0.0,"played":[1.0,0.0],"evs":[0.0,-1.93144]},"97s":{"weight":0.0,"played":[0.998,0.002],"evs":[0.0,-1.77744]},"98s":{"weight":0.9964,"played":[0.9992,8.0E-4],"evs":[0.0,-0.75126]},"99":{"weight":0.0,"played":[0.0,1.0],"evs":[0.0,4.85394]},"T9o":{"weight":0.0,"played":[1.0,0.0],"evs":[0.0,-1.88274]},"J9o":{"weight":0.0,"played":[1.0,0.0],"evs":[0.0,-2.21706]},"Q9o":{"weight":0.0,"played":[1.0,0.0],"evs":[0.0,-2.15408]},"K9o":{"weight":0.0,"played":[1.0,0.0],"evs":[0.0,-2.3179]},"A9o":{"weight":0.4806,"played":[0.9998,2.0E-4],"evs":[0.0,-1.72824]},"T2s":{"weight":0.0,"played":[1.0,0.0],"evs":[0.0,-3.35141]},"T3s":{"weight":0.0,"played":[1.0,0.0],"evs":[0.0,-3.38642]},"T4s":{"weight":0.0,"played":[1.0,0.0],"evs":[0.0,-2.89882]},"T5s":{"weight":0.0,"played":[1.0,0.0],"evs":[0.0,-3.31546]},"T6s":{"weight":0.0,"played":[1.0,0.0],"evs":[0.0,-2.3081]},"T7s":{"weight":0.0,"played":[0.9991,9.0E-4],"evs":[0.0,-1.88562]},"T8s":{"weight":0.0,"played":[0.9999,1.0E-4],"evs":[0.0,-1.64052]},"T9s":{"weight":0.9992,"played":[0.9998,2.0E-4],"evs":[0.0,-0.61179]},"TT":{"weight":0.0,"played":[0.0,1.0],"evs":[0.0,6.83525]},"JTo":{"weight":0.0,"played":[1.0,0.0],"evs":[0.0,-1.58292]},"QTo":{"weight":0.0,"played":[0.9996,4.0E-4],"evs":[0.0,-1.67252]},"KTo":{"weight":0.0,"played":[1.0,0.0],"evs":[0.0,-1.44075]},"ATo":{"weight":0.8109,"played":[0.999,0.001],"evs":[0.0,-0.48472]},"J2s":{"weight":0.0,"played":[1.0,0.0],"evs":[0.0,-2.82598]},"J3s":{"weight":0.0,"played":[1.0,0.0],"evs":[0.0,-2.86434]},"J4s":{"weight":0.0,"played":[0.9999,1.0E-4],"evs":[0.0,-2.61248]},"J5s":{"weight":0.0,"played":[0.9999,1.0E-4],"evs":[0.0,-3.01974]},"J6s":{"weight":0.0,"played":[1.0,0.0],"evs":[0.0,-2.53021]},"J7s":{"weight":0.0,"played":[1.0,0.0],"evs":[0.0,-2.01589]},"J8s":{"weight":0.0,"played":[0.9999,1.0E-4],"evs":[0.0,-0.82371]},"J9s":{"weight":0.9964,"played":[0.999,0.001],"evs":[0.0,-0.56011]},"JTs":{"weight":0.997,"played":[0.5767,0.4233],"evs":[0.0,-0.16983]},"JJ":{"weight":0.0,"played":[0.0,1.0],"evs":[0.0,8.59177]},"QJo":{"weight":0.9999,"played":[1.0,0.0],"evs":[0.0,-1.11933]},"KJo":{"weight":1.0,"played":[0.9988,0.0012],"evs":[0.0,-0.91184]},"AJo":{"weight":2.0E-4,"played":[0.0023,0.9977],"evs":[0.0,0.97437]},"Q2s":{"weight":0.0,"played":[1.0,0.0],"evs":[0.0,-2.51541]},"Q3s":{"weight":0.0,"played":[1.0,0.0],"evs":[0.0,-2.53214]},"Q4s":{"weight":0.0,"played":[0.9996,4.0E-4],"evs":[0.0,-2.53669]},"Q5s":{"weight":0.0,"played":[1.0,0.0],"evs":[0.0,-2.42758]},"Q6s":{"weight":0.0,"played":[1.0,0.0],"evs":[0.0,-1.34943]},"Q7s":{"weight":0.0,"played":[1.0,0.0],"evs":[0.0,-2.05934]},"Q8s":{"weight":0.0,"played":[0.9994,6.0E-4],"evs":[0.0,-1.15703]},"Q9s":{"weight":0.9999,"played":[0.9955,0.0045],"evs":[0.0,-0.49538]},"QTs":{"weight":0.8155,"played":[0.5888,0.4112],"evs":[0.0,-0.16237]},"QJs":{"weight":0.8962,"played":[0.1448,0.8552],"evs":[0.0,0.04728]},"QQ":{"weight":0.0031,"played":[0.0,1.0],"evs":[0.0,10.76797]},"KQo":{"weight":0.0386,"played":[0.9635,0.0365],"evs":[0.0,-0.39015]},"AQo":{"weight":0.0,"played":[0.0,1.0],"evs":[0.0,2.71809]},"K2s":{"weight":0.0,"played":[1.0,0.0],"evs":[0.0,-2.67663]},"K3s":{"weight":0.0,"played":[0.9999,1.0E-4],"evs":[0.0,-2.30601]},"K4s":{"weight":0.0,"played":[1.0,0.0],"evs":[0.0,-2.20941]},"K5s":{"weight":0.0,"played":[0.9997,3.0E-4],"evs":[0.0,-1.89444]},"K6s":{"weight":0.0,"played":[0.9996,4.0E-4],"evs":[0.0,-1.69165]},"K7s":{"weight":1.0E-4,"played":[1.0,0.0],"evs":[0.0,-1.58705]},"K8s":{"weight":0.2393,"played":[0.9997,3.0E-4],"evs":[0.0,-1.93172]},"K9s":{"weight":0.9998,"played":[0.996,0.004],"evs":[0.0,-0.75017]},"KTs":{"weight":0.6604,"played":[0.3159,0.6841],"evs":[0.0,0.0277]},"KJs":{"weight":0.9235,"played":[0.0061,0.9939],"evs":[0.0,0.39762]},"KQs":{"weight":0.7587,"played":[0.001,0.999],"evs":[0.0,0.68058]},"KK":{"weight":1.0,"played":[0.0,1.0],"evs":[0.0,13.20344]},"AKo":{"weight":0.0,"played":[0.0,1.0],"evs":[0.0,4.39062]},"A2s":{"weight":0.001,"played":[0.9998,2.0E-4],"evs":[0.0,-2.43682]},"A3s":{"weight":0.998,"played":[1.0,0.0],"evs":[0.0,-2.11916]},"A4s":{"weight":1.0,"played":[1.0,0.0],"evs":[0.0,-2.0072]},"A5s":{"weight":0.0644,"played":[1.0,0.0],"evs":[0.0,-1.31674]},"A6s":{"weight":0.9973,"played":[0.9999,1.0E-4],"evs":[0.0,-1.60418]},"A7s":{"weight":0.5288,"played":[0.9998,2.0E-4],"evs":[0.0,-1.54756]},"A8s":{"weight":1.0,"played":[0.9982,0.0018],"evs":[0.0,-0.84579]},"A9s":{"weight":0.9987,"played":[0.8059,0.1941],"evs":[0.0,-0.15545]},"ATs":{"weight":1.0,"played":[0.0015,0.9985],"evs":[0.0,1.03989]},"AJs":{"weight":0.8668,"played":[0.0,1.0],"evs":[0.0,2.25782]},"AQs":{"weight":0.0,"played":[0.0,1.0],"evs":[0.0,3.83577]},"AKs":{"weight":0.0,"played":[0.0,1.0],"evs":[0.0,6.19698]},"AA":{"weight":1.0,"played":[0.0,1.0],"evs":[0.0,17.64341]}}}