{"player":0,"street":0,"children":2,"sequence":[{"player":0,"type":"R","amount":200000,"street":0},{"player":1,"type":"F","amount":0,"street":0},{"player":2,"type":"F","amount":0,"street":0},{"player":3,"type":"R","amount":1905000,"street":0},{"player":4,"type":"R","amount":2035000,"street":0},{"player":5,"type":"C","amount":635000,"street":0}],"actions":[{"type":"F","amount":0},{"type":"C","amount":1835000}],"hands":{"22":{"weight":0.0,"played":[0.9993,7.0E-4],"evs":[0.0,-2.00578]},"32o":{"weight":0.0,"played":[0.9999,1.0E-4],"evs":[0.0,-4.76038]},"42o":{"weight":0.0,"played":[1.0,0.0],"evs":[0.0,-4.02912]},"52o":{"weight":0.0,"played":[1.0,0.0],"evs":[0.0,-3.59861]},"62o":{"weight":0.0,"played":[0.9995,5.0E-4],"evs":[0.0,-5.45554]},"72o":{"weight":0.0,"played":[0.9996,4.0E-4],"evs":[0.0,-6.52207]},"82o":{"weight":0.0,"played":[0.9998,2.0E-4],"evs":[0.0,-5.73945]},"92o":{"weight":0.0,"played":[1.0,0.0],"evs":[0.0,-5.5188]},"T2o":{"weight":0.0,"played":[1.0,0.0],"evs":[0.0,-4.92843]},"J2o":{"weight":0.0,"played":[0.9999,1.0E-4],"evs":[0.0,-4.95483]},"Q2o":{"weight":0.0,"played":[0.9982,0.0018],"evs":[0.0,-6.16944]},"K2o":{"weight":0.0,"played":[1.0,0.0],"evs":[0.0,-5.11388]},"A2o":{"weight":0.0,"played":[0.9998,2.0E-4],"evs":[0.0,-4.54997]},"32s":{"weight":0.0,"played":[0.9576,0.0424],"evs":[0.0,-2.11009]},"33":{"weight":1.0,"played":[0.9975,0.0025],"evs":[0.0,-1.28758]},"43o":{"weight":0.0,"played":[0.9997,3.0E-4],"evs":[0.0,-3.64822]},"53o":{"weight":0.0,"played":[1.0,0.0],"evs":[0.0,-3.54465]},"63o":{"weight":0.0,"played":[1.0,0.0],"evs":[0.0,-4.28578]},"73o":{"weight":0.0,"played":[1.0,0.0],"evs":[0.0,-5.39809]},"83o":{"weight":0.0,"played":[0.9989,0.0011],"evs":[0.0,-5.60337]},"93o":{"weight":0.0,"played":[0.9999,1.0E-4],"evs":[0.0,-5.23532]},"T3o":{"weight":0.0,"played":[1.0,0.0],"evs":[0.0,-5.13347]},"J3o":{"weight":0.0,"played":[0.9999,1.0E-4],"evs":[0.0,-4.79357]},"Q3o":{"weight":0.0,"played":[1.0,0.0],"evs":[0.0,-5.23703]},"K3o":{"weight":0.0,"played":[0.9998,2.0E-4],"evs":[0.0,-4.24656]},"A3o":{"weight":0.0,"played":[0.9989,0.0011],"evs":[0.0,-4.48155]},"42s":{"weight":0.0,"played":[0.9877,0.0123],"evs":[0.0,-2.90483]},"43s":{"weight":0.0,"played":[0.8509,0.1491],"evs":[0.0,-2.31299]},"44":{"weight":1.0,"played":[0.9166,0.0834],"evs":[0.0,-0.82594]},"54o":{"weight":0.0,"played":[0.9999,1.0E-4],"evs":[0.0,-3.02634]},"64o":{"weight":0.0,"played":[0.9982,0.0018],"evs":[0.0,-2.62482]},"74o":{"weight":0.0,"played":[1.0,0.0],"evs":[0.0,-4.01816]},"84o":{"weight":0.0,"played":[0.9999,1.0E-4],"evs":[0.0,-4.42602]},"94o":{"weight":0.0,"played":[0.9998,2.0E-4],"evs":[0.0,-5.9264]},"T4o":{"weight":0.0,"played":[0.9997,3.0E-4],"evs":[0.0,-4.7934]},"J4o":{"weight":0.0,"played":[0.9999,1.0E-4],"evs":[0.0,-5.35671]},"Q4o":{"weight":0.0,"played":[0.9999,1.0E-4],"evs":[0.0,-4.81362]},"K4o":{"weight":0.0,"played":[0.9987,0.0013],"evs":[0.0,-4.40317]},"A4o":{"weight":0.0,"played":[0.9999,1.0E-4],"evs":[0.0,-4.23054]},"52s":{"weight":0.0,"played":[0.9968,0.0032],"evs":[0.0,-1.85022]},"53s":{"weight":0.0,"played":[0.8818,0.1182],"evs":[0.0,-1.4059]},"54s":{"weight":0.0,"played":[0.3032,0.6968],"evs":[0.0,-0.24049]},"55":{"weight":1.0,"played":[0.8371,0.1629],"evs":[0.0,-0.5522]},"65o":{"weight":0.0,"played":[0.9999,1.0E-4],"evs":[0.0,-2.67278]},"75o":{"weight":0.0,"played":[0.9983,0.0017],"evs":[0.0,-3.70437]},"85o":{"weight":0.0,"played":[0.9997,3.0E-4],"evs":[0.0,-4.51812]},"95o":{"weight":0.0,"played":[1.0,0.0],"evs":[0.0,-4.01113]},"T5o":{"weight":0.0,"played":[0.9999,1.0E-4],"evs":[0.0,-4.34375]},"J5o":{"weight":0.0,"played":[0.999,0.001],"evs":[0.0,-5.10563]},"Q5o":{"weight":0.0,"played":[1.0,0.0],"evs":[0.0,-5.35808]},"K5o":{"weight":0.0,"played":[0.9997,3.0E-4],"evs":[0.0,-4.66715]},"A5o":{"weight":1.0,"played":[0.9988,0.0012],"evs":[0.0,-4.54466]},"62s":{"weight":0.0,"played":[0.9994,6.0E-4],"evs":[0.0,-3.58805]},"63s":{"weight":0.0,"played":[0.9389,0.0611],"evs":[0.0,-2.07693]},"64s":{"weight":0.0,"played":[0.6899,0.3101],"evs":[0.0,-0.64189]},"65s":{"weight":0.0,"played":[0.9146,0.0854],"evs":[0.0,-0.1819]},"66":{"weight":1.0,"played":[0.2083,0.7917],"evs":[0.0,0.55857]},"76o":{"weight":0.0,"played":[0.9963,0.0037],"evs":[0.0,-3.0009]},"86o":{"weight":0.0,"played":[0.9997,3.0E-4],"evs":[0.0,-3.49104]},"96o":{"weight":0.0,"played":[0.9996,4.0E-4],"evs":[0.0,-4.15258]},"T6o":{"weight":0.0,"played":[0.9991,9.0E-4],"evs":[0.0,-3.99475]},"J6o":{"weight":0.0,"played":[0.9999,1.0E-4],"evs":[0.0,-4.62686]},"Q6o":{"weight":0.0,"played":[0.9997,3.0E-4],"evs":[0.0,-4.98409]},"K6o":{"weight":0.0,"played":[0.9977,0.0023],"evs":[0.0,-3.55316]},"A6o":{"weight":0.0,"played":[1.0,0.0],"evs":[0.0,-5.77933]},"72s":{"weight":0.0,"played":[0.9968,0.0032],"evs":[0.0,-2.65852]},"73s":{"weight":0.0,"played":[0.9823,0.0177],"evs":[0.0,-3.19503]},"74s":{"weight":0.0,"played":[0.9742,0.0258],"evs":[0.0,-2.32785]},"75s":{"weight":0.0,"played":[0.9758,0.0242],"evs":[0.0,-1.79097]},"76s":{"weight":0.0,"played":[0.5946,0.4054],"evs":[0.0,0.46589]},"77":{"weight":1.0,"played":[0.6538,0.3462],"evs":[0.0,0.29636]},"87o":{"weight":0.0,"played":[0.9992,8.0E-4],"evs":[0.0,-2.2691]},"97o":{"weight":0.0,"played":[1.0,0.0],"evs":[0.0,-3.58406]},"T7o":{"weight":0.0,"played":[0.9978,0.0022],"evs":[0.0,-4.18812]},"J7o":{"weight":0.0,"played":[0.9979,0.0021],"evs":[0.0,-4.69558]},"Q7o":{"weight":0.0,"played":[0.9999,1.0E-4],"evs":[0.0,-5.12403]},"K7o":{"weight":0.0,"played":[0.9961,0.0039],"evs":[0.0,-4.95951]},"A7o":{"weight":1.0,"played":[0.9993,7.0E-4],"evs":[0.0,-5.29973]},"82s":{"weight":0.0,"played":[0.9997,3.0E-4],"evs":[0.0,-4.26031]},"83s":{"weight":0.0,"played":[0.9975,0.0025],"evs":[0.0,-2.79766]},"84s":{"weight":0.0,"played":[0.9999,1.0E-4],"evs":[0.0,-2.41698]},"85s":{"weight":0.0,"played":[0.9451,0.0549],"evs":[0.0,-2.56621]},"86s":{"weight":0.0,"played":[0.8432,0.1568],"evs":[0.0,-2.21478]},"87s":{"weight":0.9973,"played":[0.6669,0.3331],"evs":[0.0,-0.07015]},"88":{"weight":0.9995,"played":[2.0E-4,0.9998],"evs":[0.0,1.85927]},"98o":{"weight":0.0,"played":[0.9986,0.0014],"evs":[0.0,-2.82542]},"T8o":{"weight":0.0,"played":[0.9991,9.0E-4],"evs":[0.0,-1.86684]},"J8o":{"weight":0.0,"played":[0.9996,4.0E-4],"evs":[0.0,-3.22748]},"Q8o":{"weight":0.0,"played":[0.9996,4.0E-4],"evs":[0.0,-5.09813]},"K8o":{"weight":0.0,"played":[1.0,0.0],"evs":[0.0,-4.59945]},"A8o":{"weight":1.0,"played":[0.9997,3.0E-4],"evs":[0.0,-4.35808]},"92s":{"weight":0.0,"played":[0.9984,0.0016],"evs":[0.0,-3.09826]},"93s":{"weight":0.0,"played":[1.0,0.0],"evs":[0.0,-4.3661]},"94s":{"weight":0.0,"played":[0.9734,0.0266],"evs":[0.0,-2.71102]},"95s":{"weight":0.0,"played":[0.9996,4.0E-4],"evs":[0.0,-2.23572]},"96s":{"weight":0.0,"played":[0.9915,0.0085],"evs":[0.0,-2.0005]},"97s":{"weight":0.012,"played":[0.9971,0.0029],"evs":[0.0,-1.89259]},"98s":{"weight":1.0,"played":[0.9998,2.0E-4],"evs":[0.0,-1.05879]},"99":{"weight":1.0,"played":[0.0,1.0],"evs":[0.0,4.07099]},"T9o":{"weight":0.0,"played":[0.9986,0.0014],"evs":[0.0,-1.94499]},"J9o":{"weight":0.0,"played":[0.9984,0.0016],"evs":[0.0,-3.25055]},"Q9o":{"weight":0.0,"played":[0.9984,0.0016],"evs":[0.0,-3.74019]},"K9o":{"weight":0.0,"played":[0.9987,0.0013],"evs":[0.0,-3.35608]},"A9o":{"weight":1.0,"played":[0.9995,5.0E-4],"evs":[0.0,-4.57486]},"T2s":{"weight":0.0,"played":[0.8963,0.1037],"evs":[0.0,-1.34404]},"T3s":{"weight":0.0,"played":[0.9987,0.0013],"evs":[0.0,-3.7109]},"T4s":{"weight":0.0,"played":[0.9989,0.0011],"evs":[0.0,-2.33007]},"T5s":{"weight":0.0,"played":[0.9998,2.0E-4],"evs":[0.0,-2.92376]},"T6s":{"weight":0.0,"played":[0.9879,0.0121],"evs":[0.0,-1.97478]},"T7s":{"weight":0.0,"played":[0.6621,0.3379],"evs":[0.0,-0.57559]},"T8s":{"weight":0.9999,"played":[0.6301,0.3699],"evs":[0.0,-0.25767]},"T9s":{"weight":1.0,"played":[0.3215,0.6785],"evs":[0.0,0.25664]},"TT":{"weight":1.0,"played":[0.0,1.0],"evs":[0.0,5.47783]},"JTo":{"weight":1.0,"played":[0.962,0.038],"evs":[0.0,-1.3484]},"QTo":{"weight":1.0,"played":[0.9979,0.0021],"evs":[0.0,-2.58216]},"KTo":{"weight":1.0,"played":[0.9954,0.0046],"evs":[0.0,-2.32897]},"ATo":{"weight":1.0,"played":[0.9994,6.0E-4],"evs":[0.0,-3.93847]},"J2s":{"weight":0.0,"played":[0.9896,0.0104],"evs":[0.0,-2.28848]},"J3s":{"weight":0.0,"played":[1.0,0.0],"evs":[0.0,-1.96343]},"J4s":{"weight":0.0,"played":[0.9999,1.0E-4],"evs":[0.0,-2.7128]},"J5s":{"weight":0.0,"played":[0.9881,0.0119],"evs":[0.0,-2.63989]},"J6s":{"weight":0.0,"played":[0.9782,0.0218],"evs":[0.0,-2.67924]},"J7s":{"weight":0.0,"played":[0.848,0.152],"evs":[0.0,-2.36656]},"J8s":{"weight":1.0,"played":[0.9769,0.0231],"evs":[0.0,-1.05524]},"J9s":{"weight":1.0,"played":[0.8836,0.1164],"evs":[0.0,-0.53231]},"JTs":{"weight":1.0,"played":[0.1297,0.8703],"evs":[0.0,0.54442]},"JJ":{"weight":1.0,"played":[0.0,1.0],"evs":[0.0,9.27433]},"QJo":{"weight":1.0,"played":[0.9961,0.0039],"evs":[0.0,-3.04485]},"KJo":{"weight":1.0,"played":[0.9829,0.0171],"evs":[0.0,-1.7554]},"AJo":{"weight":1.0,"played":[0.9976,0.0024],"evs":[0.0,-2.5402]},"Q2s":{"weight":0.0,"played":[0.9978,0.0022],"evs":[0.0,-2.22663]},"Q3s":{"weight":0.0,"played":[0.9655,0.0345],"evs":[0.0,-2.98941]},"Q4s":{"weight":0.0,"played":[1.0,0.0],"evs":[0.0,-3.67757]},"Q5s":{"weight":0.0,"played":[0.7913,0.2087],"evs":[0.0,-1.95072]},"Q6s":{"weight":0.0,"played":[0.9647,0.0353],"evs":[0.0,-1.90735]},"Q7s":{"weight":0.0,"played":[0.9915,0.0085],"evs":[0.0,-3.0738]},"Q8s":{"weight":1.0,"played":[0.9806,0.0194],"evs":[0.0,-2.49318]},"Q9s":{"weight":1.0,"played":[0.9839,0.0161],"evs":[0.0,-1.23206]},"QTs":{"weight":1.0,"played":[0.8969,0.1031],"evs":[0.0,-0.90443]},"QJs":{"weight":1.0,"played":[0.0122,0.9878],"evs":[0.0,0.6466]},"QQ":{"weight":1.0,"played":[0.0,1.0],"evs":[0.0,13.76937]},"KQo":{"weight":1.0,"played":[0.9994,6.0E-4],"evs":[0.0,-1.82815]},"AQo":{"weight":1.0,"played":[0.9025,0.0975],"evs":[0.0,-0.58027]},"K2s":{"weight":0.0,"played":[0.9998,2.0E-4],"evs":[0.0,-2.34457]},"K3s":{"weight":0.0,"played":[0.9863,0.0137],"evs":[0.0,-2.75987]},"K4s":{"weight":0.0,"played":[0.9962,0.0038],"evs":[0.0,-1.31856]},"K5s":{"weight":0.0113,"played":[0.6109,0.3891],"evs":[0.0,-0.02096]},"K6s":{"weight":0.9998,"played":[0.9993,7.0E-4],"evs":[0.0,-2.99412]},"K7s":{"weight":1.0,"played":[0.9435,0.0565],"evs":[0.0,-1.52983]},"K8s":{"weight":1.0,"played":[0.9923,0.0077],"evs":[0.0,-1.99962]},"K9s":{"weight":1.0,"played":[0.8756,0.1244],"evs":[0.0,-1.89713]},"KTs":{"weight":0.9992,"played":[0.7392,0.2608],"evs":[0.0,-0.39095]},"KJs":{"weight":1.0,"played":[0.0978,0.9022],"evs":[0.0,0.20052]},"KQs":{"weight":1.0,"played":[0.0,1.0],"evs":[0.0,0.55757]},"KK":{"weight":1.0,"played":[0.0,1.0],"evs":[0.0,18.11813]},"AKo":{"weight":0.9994,"played":[0.0,1.0],"evs":[0.0,3.12909]},"A2s":{"weight":1.0,"played":[1.0,0.0],"evs":[0.0,-2.53831]},"A3s":{"weight":1.0,"played":[0.9806,0.0194],"evs":[0.0,-2.06]},"A4s":{"weight":1.0,"played":[0.9857,0.0143],"evs":[0.0,-2.2447]},"A5s":{"weight":1.0,"played":[0.9329,0.0671],"evs":[0.0,-2.37588]},"A6s":{"weight":1.0,"played":[0.9967,0.0033],"evs":[0.0,-3.66553]},"A7s":{"weight":1.0,"played":[0.9975,0.0025],"evs":[0.0,-3.79828]},"A8s":{"weight":1.0,"played":[0.9979,0.0021],"evs":[0.0,-2.48153]},"A9s":{"weight":1.0,"played":[0.9806,0.0194],"evs":[0.0,-1.76009]},"ATs":{"weight":1.0,"played":[0.1548,0.8452],"evs":[0.0,-0.10141]},"AJs":{"weight":1.0,"played":[0.7763,0.2237],"evs":[0.0,-0.07691]},"AQs":{"weight":1.0,"played":[0.0257,0.9743],"evs":[0.0,2.96492]},"AKs":{"weight":1.0,"played":[0.0013,0.9987],"evs":[0.0,4.98607]},"AA":{"weight":1.0,"played":[0.0,1.0],"evs":[0.0,26.71693]}}}