{"player":4,"street":0,"children":3,"sequence":[{"player":0,"type":"R","amount":200000,"street":0},{"player":1,"type":"F","amount":0,"street":0},{"player":2,"type":"C","amount":200000,"street":0},{"player":3,"type":"F","amount":0,"street":0}],"actions":[{"type":"F","amount":0,"node":294},{"type":"C","amount":150000,"node":300},{"type":"R","amount":2035000,"node":317}],"hands":{"22":{"weight":1.0,"played":[0.0024,0.9976,0.0],"evs":[0.0,0.37216,-0.72215]},"32o":{"weight":1.0,"played":[1.0,0.0,0.0],"evs":[0.0,-0.55326,-4.4487]},"42o":{"weight":1.0,"played":[1.0,0.0,0.0],"evs":[0.0,-0.51924,-4.28849]},"52o":{"weight":1.0,"played":[1.0,0.0,0.0],"evs":[0.0,-0.52142,-4.13656]},"62o":{"weight":1.0,"played":[1.0,0.0,0.0],"evs":[0.0,-0.57714,-4.21065]},"72o":{"weight":1.0,"played":[1.0,0.0,0.0],"evs":[0.0,-0.64231,-4.4629]},"82o":{"weight":1.0,"played":[1.0,0.0,0.0],"evs":[0.0,-0.58808,-4.30032]},"92o":{"weight":1.0,"played":[1.0,0.0,0.0],"evs":[0.0,-0.66468,-4.4475]},"T2o":{"weight":1.0,"played":[1.0,0.0,0.0],"evs":[0.0,-0.71758,-4.64955]},"J2o":{"weight":1.0,"played":[1.0,0.0,0.0],"evs":[0.0,-0.6975,-4.45155]},"Q2o":{"weight":1.0,"played":[1.0,0.0,0.0],"evs":[0.0,-0.55134,-3.68118]},"K2o":{"weight":1.0,"played":[1.0,0.0,0.0],"evs":[0.0,-0.53155,-3.2842]},"A2o":{"weight":1.0,"played":[1.0,0.0,0.0],"evs":[0.0,-0.2609,-1.07495]},"32s":{"weight":1.0,"played":[1.0,0.0,0.0],"evs":[0.0,-0.33061,-3.25586]},"33":{"weight":1.0,"played":[0.0049,0.9951,0.0],"evs":[0.0,0.48972,-0.50967]},"43o":{"weight":1.0,"played":[1.0,0.0,0.0],"evs":[0.0,-0.43979,-3.84699]},"53o":{"weight":1.0,"played":[1.0,0.0,0.0],"evs":[0.0,-0.42766,-3.65939]},"63o":{"weight":1.0,"played":[1.0,0.0,0.0],"evs":[0.0,-0.44043,-3.65524]},"73o":{"weight":1.0,"played":[1.0,0.0,0.0],"evs":[0.0,-0.52905,-4.00507]},"83o":{"weight":1.0,"played":[1.0,0.0,0.0],"evs":[0.0,-0.58012,-4.27473]},"93o":{"weight":1.0,"played":[1.0,0.0,0.0],"evs":[0.0,-0.58552,-4.18331]},"T3o":{"weight":1.0,"played":[1.0,0.0,0.0],"evs":[0.0,-0.71697,-4.42713]},"J3o":{"weight":1.0,"played":[1.0,0.0,0.0],"evs":[0.0,-0.69851,-4.36313]},"Q3o":{"weight":1.0,"played":[1.0,0.0,0.0],"evs":[0.0,-0.52818,-3.53978]},"K3o":{"weight":1.0,"played":[1.0,0.0,0.0],"evs":[0.0,-0.51252,-3.08511]},"A3o":{"weight":1.0,"played":[1.0,0.0,0.0],"evs":[0.0,-0.24098,-1.06001]},"42s":{"weight":1.0,"played":[1.0,0.0,0.0],"evs":[0.0,-0.30466,-3.20127]},"43s":{"weight":1.0,"played":[1.0,0.0,0.0],"evs":[0.0,-0.23492,-2.65625]},"44":{"weight":1.0,"played":[0.0023,0.9969,9.0E-4],"evs":[0.0,0.68539,0.09255]},"54o":{"weight":1.0,"played":[1.0,0.0,0.0],"evs":[0.0,-0.28403,-3.11291]},"64o":{"weight":1.0,"played":[1.0,0.0,0.0],"evs":[0.0,-0.33501,-3.21361]},"74o":{"weight":1.0,"played":[1.0,0.0,0.0],"evs":[0.0,-0.4407,-3.52326]},"84o":{"weight":1.0,"played":[1.0,0.0,0.0],"evs":[0.0,-0.55201,-3.78614]},"94o":{"weight":1.0,"played":[1.0,0.0,0.0],"evs":[0.0,-0.62229,-4.2026]},"T4o":{"weight":1.0,"played":[1.0,0.0,0.0],"evs":[0.0,-0.66252,-4.28741]},"J4o":{"weight":1.0,"played":[1.0,0.0,0.0],"evs":[0.0,-0.68212,-4.19451]},"Q4o":{"weight":1.0,"played":[1.0,0.0,0.0],"evs":[0.0,-0.51478,-3.38489]},"K4o":{"weight":1.0,"played":[1.0,0.0,0.0],"evs":[0.0,-0.51879,-2.94152]},"A4o":{"weight":1.0,"played":[0.9999,1.0E-4,0.0],"evs":[0.0,-0.17925,-0.77327]},"52s":{"weight":1.0,"played":[1.0,0.0,0.0],"evs":[0.0,-0.25781,-2.91464]},"53s":{"weight":1.0,"played":[1.0,0.0,0.0],"evs":[0.0,-0.15438,-2.56236]},"54s":{"weight":1.0,"played":[0.7296,0.2704,0.0],"evs":[0.0,-0.06282,-1.89207]},"55":{"weight":1.0,"played":[0.0,0.3352,0.6648],"evs":[0.0,0.87957,0.89372]},"65o":{"weight":1.0,"played":[1.0,0.0,0.0],"evs":[0.0,-0.25006,-2.75941]},"75o":{"weight":1.0,"played":[1.0,0.0,0.0],"evs":[0.0,-0.33042,-3.02641]},"85o":{"weight":1.0,"played":[1.0,0.0,0.0],"evs":[0.0,-0.38716,-3.22903]},"95o":{"weight":1.0,"played":[1.0,0.0,0.0],"evs":[0.0,-0.51987,-3.74255]},"T5o":{"weight":1.0,"played":[1.0,0.0,0.0],"evs":[0.0,-0.67908,-4.32999]},"J5o":{"weight":1.0,"played":[1.0,0.0,0.0],"evs":[0.0,-0.696,-4.15226]},"Q5o":{"weight":1.0,"played":[1.0,0.0,0.0],"evs":[0.0,-0.49215,-3.26015]},"K5o":{"weight":1.0,"played":[1.0,0.0,0.0],"evs":[0.0,-0.49992,-2.8194]},"A5o":{"weight":1.0,"played":[0.9749,0.0251,0.0],"evs":[0.0,-0.08866,-0.48445]},"62s":{"weight":1.0,"played":[1.0,0.0,0.0],"evs":[0.0,-0.35291,-3.16091]},"63s":{"weight":1.0,"played":[1.0,0.0,0.0],"evs":[0.0,-0.24451,-2.67763]},"64s":{"weight":1.0,"played":[0.9915,0.0085,0.0],"evs":[0.0,-0.07672,-2.00366]},"65s":{"weight":1.0,"played":[0.0566,0.9434,0.0],"evs":[0.0,0.06964,-1.63893]},"66":{"weight":1.0,"played":[0.0,0.0,1.0],"evs":[0.0,1.29501,1.95246]},"76o":{"weight":1.0,"played":[1.0,0.0,0.0],"evs":[0.0,-0.183,-2.42298]},"86o":{"weight":1.0,"played":[1.0,0.0,0.0],"evs":[0.0,-0.26266,-2.63677]},"96o":{"weight":1.0,"played":[1.0,0.0,0.0],"evs":[0.0,-0.34951,-3.04831]},"T6o":{"weight":1.0,"played":[1.0,0.0,0.0],"evs":[0.0,-0.5356,-3.54704]},"J6o":{"weight":1.0,"played":[1.0,0.0,0.0],"evs":[0.0,-0.58561,-3.73585]},"Q6o":{"weight":1.0,"played":[1.0,0.0,0.0],"evs":[0.0,-0.43801,-2.95782]},"K6o":{"weight":1.0,"played":[1.0,0.0,0.0],"evs":[0.0,-0.43045,-2.47309]},"A6o":{"weight":1.0,"played":[1.0,0.0,0.0],"evs":[0.0,-0.13423,-0.50127]},"72s":{"weight":1.0,"played":[1.0,0.0,0.0],"evs":[0.0,-0.41907,-3.26946]},"73s":{"weight":1.0,"played":[1.0,0.0,0.0],"evs":[0.0,-0.32436,-2.90751]},"74s":{"weight":1.0,"played":[1.0,0.0,0.0],"evs":[0.0,-0.20545,-2.22263]},"75s":{"weight":1.0,"played":[0.9997,3.0E-4,0.0],"evs":[0.0,-0.09577,-1.93398]},"76s":{"weight":1.0,"played":[0.075,0.925,0.0],"evs":[0.0,0.01315,-1.39147]},"77":{"weight":1.0,"played":[0.0,0.0,1.0],"evs":[0.0,1.53359,2.6548]},"87o":{"weight":1.0,"played":[1.0,0.0,0.0],"evs":[0.0,-0.20977,-2.29185]},"97o":{"weight":1.0,"played":[1.0,0.0,0.0],"evs":[0.0,-0.29334,-2.55734]},"T7o":{"weight":1.0,"played":[1.0,0.0,0.0],"evs":[0.0,-0.46555,-3.02719]},"J7o":{"weight":1.0,"played":[1.0,0.0,0.0],"evs":[0.0,-0.56559,-3.27059]},"Q7o":{"weight":1.0,"played":[1.0,0.0,0.0],"evs":[0.0,-0.43585,-2.80555]},"K7o":{"weight":1.0,"played":[1.0,0.0,0.0],"evs":[0.0,-0.41694,-2.34516]},"A7o":{"weight":1.0,"played":[0.0342,0.5773,0.3885],"evs":[0.0,0.05944,0.00142]},"82s":{"weight":1.0,"played":[1.0,0.0,0.0],"evs":[0.0,-0.40333,-3.10615]},"83s":{"weight":1.0,"played":[1.0,0.0,0.0],"evs":[0.0,-0.39797,-3.15821]},"84s":{"weight":1.0,"played":[1.0,0.0,0.0],"evs":[0.0,-0.26624,-2.64237]},"85s":{"weight":1.0,"played":[1.0,0.0,0.0],"evs":[0.0,-0.05696,-2.08112]},"86s":{"weight":1.0,"played":[0.6442,0.3558,0.0],"evs":[0.0,-0.00114,-1.53599]},"87s":{"weight":1.0,"played":[0.2468,0.7532,0.0],"evs":[0.0,0.03341,-1.20353]},"88":{"weight":1.0,"played":[0.0,0.0,1.0],"evs":[0.0,1.94889,3.24631]},"98o":{"weight":1.0,"played":[1.0,0.0,0.0],"evs":[0.0,-0.21225,-2.1413]},"T8o":{"weight":1.0,"played":[1.0,0.0,0.0],"evs":[0.0,-0.32504,-2.55417]},"J8o":{"weight":1.0,"played":[1.0,0.0,0.0],"evs":[0.0,-0.41413,-2.81567]},"Q8o":{"weight":1.0,"played":[1.0,0.0,0.0],"evs":[0.0,-0.31936,-2.44101]},"K8o":{"weight":1.0,"played":[1.0,0.0,0.0],"evs":[0.0,-0.37272,-2.20424]},"A8o":{"weight":1.0,"played":[2.0E-4,0.8349,0.1649],"evs":[0.0,0.2236,0.18938]},"92s":{"weight":1.0,"played":[1.0,0.0,0.0],"evs":[0.0,-0.36454,-3.19633]},"93s":{"weight":1.0,"played":[1.0,0.0,0.0],"evs":[0.0,-0.29645,-2.96536]},"94s":{"weight":1.0,"played":[1.0,0.0,0.0],"evs":[0.0,-0.30416,-2.93248]},"95s":{"weight":1.0,"played":[0.999,0.001,0.0],"evs":[0.0,-0.30763,-2.62869]},"96s":{"weight":1.0,"played":[1.0,0.0,0.0],"evs":[0.0,-0.1165,-1.97395]},"97s":{"weight":1.0,"played":[0.4796,0.5204,0.0],"evs":[0.0,-0.00346,-1.48639]},"98s":{"weight":1.0,"played":[0.1837,0.8162,0.0],"evs":[0.0,0.08493,-1.02628]},"99":{"weight":1.0,"played":[0.0,0.0,1.0],"evs":[0.0,2.07572,4.03307]},"T9o":{"weight":1.0,"played":[1.0,0.0,0.0],"evs":[0.0,-0.28875,-2.32921]},"J9o":{"weight":1.0,"played":[1.0,0.0,0.0],"evs":[0.0,-0.30031,-2.55491]},"Q9o":{"weight":1.0,"played":[1.0,0.0,0.0],"evs":[0.0,-0.27053,-2.16167]},"K9o":{"weight":1.0,"played":[1.0,0.0,0.0],"evs":[0.0,-0.23746,-1.64601]},"A9o":{"weight":1.0,"played":[0.0,0.0149,0.9851],"evs":[0.0,0.49076,0.72443]},"T2s":{"weight":1.0,"played":[1.0,0.0,0.0],"evs":[0.0,-0.45314,-3.3596]},"T3s":{"weight":1.0,"played":[1.0,0.0,0.0],"evs":[0.0,-0.41893,-3.23403]},"T4s":{"weight":1.0,"played":[0.9999,1.0E-4,0.0],"evs":[0.0,-0.44326,-3.09022]},"T5s":{"weight":1.0,"played":[1.0,0.0,0.0],"evs":[0.0,-0.41643,-3.20878]},"T6s":{"weight":1.0,"played":[1.0,0.0,0.0],"evs":[0.0,-0.24647,-2.35519]},"T7s":{"weight":1.0,"played":[1.0,0.0,0.0],"evs":[0.0,-0.1747,-1.95012]},"T8s":{"weight":1.0,"played":[0.3439,0.6561,0.0],"evs":[0.0,-0.02638,-1.36177]},"T9s":{"weight":1.0,"played":[4.0E-4,0.9994,2.0E-4],"evs":[0.0,0.07761,-1.16508]},"TT":{"weight":1.0,"played":[0.0,0.0,1.0],"evs":[0.0,2.7628,5.31373]},"JTo":{"weight":1.0,"played":[1.0,0.0,0.0],"evs":[0.0,-0.25347,-2.07336]},"QTo":{"weight":1.0,"played":[0.5185,0.4815,0.0],"evs":[0.0,-0.03346,-1.44421]},"KTo":{"weight":1.0,"played":[0.1107,0.8893,0.0],"evs":[0.0,0.07347,-0.66001]},"ATo":{"weight":1.0,"played":[0.0,1.0E-4,0.9999],"evs":[0.0,1.12807,1.79]},"J2s":{"weight":1.0,"played":[1.0,0.0,0.0],"evs":[0.0,-0.46073,-3.20122]},"J3s":{"weight":1.0,"played":[1.0,0.0,0.0],"evs":[0.0,-0.38836,-3.23626]},"J4s":{"weight":1.0,"played":[1.0,0.0,0.0],"evs":[0.0,-0.37349,-2.79655]},"J5s":{"weight":1.0,"played":[1.0,0.0,0.0],"evs":[0.0,-0.36134,-2.8455]},"J6s":{"weight":1.0,"played":[1.0,0.0,0.0],"evs":[0.0,-0.32962,-2.52821]},"J7s":{"weight":1.0,"played":[1.0,0.0,0.0],"evs":[0.0,-0.27302,-2.14022]},"J8s":{"weight":1.0,"played":[0.9999,1.0E-4,0.0],"evs":[0.0,-0.07933,-1.6717]},"J9s":{"weight":1.0,"played":[0.9941,0.0059,0.0],"evs":[0.0,-0.00368,-1.38744]},"JTs":{"weight":1.0,"played":[0.0428,0.9572,0.0],"evs":[0.0,0.10599,-0.99197]},"JJ":{"weight":1.0,"played":[0.0,0.0,1.0],"evs":[0.0,4.18054,7.23016]},"QJo":{"weight":1.0,"played":[0.0029,0.9971,0.0],"evs":[0.0,0.12743,-0.8647]},"KJo":{"weight":1.0,"played":[2.0E-4,0.9998,0.0],"evs":[0.0,0.52718,0.22617]},"AJo":{"weight":1.0,"played":[0.0,0.0,1.0],"evs":[0.0,1.62548,2.88238]},"Q2s":{"weight":1.0,"played":[1.0,0.0,0.0],"evs":[0.0,-0.27955,-2.55929]},"Q3s":{"weight":1.0,"played":[0.9998,2.0E-4,0.0],"evs":[0.0,-0.22422,-2.37518]},"Q4s":{"weight":1.0,"played":[1.0,0.0,0.0],"evs":[0.0,-0.13215,-2.09643]},"Q5s":{"weight":1.0,"played":[1.0,0.0,0.0],"evs":[0.0,-0.14791,-2.06113]},"Q6s":{"weight":1.0,"played":[0.8156,0.1844,0.0],"evs":[0.0,-0.08645,-1.56137]},"Q7s":{"weight":1.0,"played":[0.9999,1.0E-4,0.0],"evs":[0.0,-0.10228,-1.66819]},"Q8s":{"weight":1.0,"played":[0.4255,0.5745,0.0],"evs":[0.0,0.04103,-1.25265]},"Q9s":{"weight":1.0,"played":[0.0028,0.9972,0.0],"evs":[0.0,0.18789,-0.92151]},"QTs":{"weight":1.0,"played":[5.0E-4,0.9995,0.0],"evs":[0.0,0.56174,-0.26146]},"QJs":{"weight":1.0,"played":[0.0,0.9999,1.0E-4],"evs":[0.0,0.70443,0.07006]},"QQ":{"weight":1.0,"played":[0.0,0.0,1.0],"evs":[0.0,5.89652,8.82877]},"KQo":{"weight":1.0,"played":[0.0,0.0018,0.9982],"evs":[0.0,1.09609,1.30742]},"AQo":{"weight":1.0,"played":[0.0,0.0,1.0],"evs":[0.0,2.09548,3.74393]},"K2s":{"weight":1.0,"played":[1.0,0.0,0.0],"evs":[0.0,-0.16152,-1.96092]},"K3s":{"weight":1.0,"played":[0.9969,0.0031,0.0],"evs":[0.0,-0.10892,-1.8204]},"K4s":{"weight":1.0,"played":[0.9998,2.0E-4,0.0],"evs":[0.0,-0.10984,-1.74123]},"K5s":{"weight":1.0,"played":[0.9997,3.0E-4,0.0],"evs":[0.0,-0.12425,-1.59599]},"K6s":{"weight":1.0,"played":[0.9992,7.0E-4,1.0E-4],"evs":[0.0,-0.03696,-1.27313]},"K7s":{"weight":1.0,"played":[0.8079,0.1921,0.0],"evs":[0.0,-0.03639,-1.09037]},"K8s":{"weight":1.0,"played":[0.7672,0.2328,0.0],"evs":[0.0,-2.1E-4,-0.99043]},"K9s":{"weight":1.0,"played":[0.0278,0.9722,0.0],"evs":[0.0,0.13855,-0.51474]},"KTs":{"weight":1.0,"played":[0.0,0.9998,2.0E-4],"evs":[0.0,0.77425,0.38006]},"KJs":{"weight":1.0,"played":[9.0E-4,0.8402,0.1589],"evs":[0.0,1.12426,1.10549]},"KQs":{"weight":1.0,"played":[0.0,1.0E-4,0.9999],"evs":[0.0,1.84113,2.28164]},"KK":{"weight":1.0,"played":[0.0,0.0,1.0],"evs":[0.0,7.56068,10.85315]},"AKo":{"weight":1.0,"played":[0.0,0.0,1.0],"evs":[0.0,2.86379,4.89899]},"A2s":{"weight":1.0,"played":[0.0067,0.9925,9.0E-4],"evs":[0.0,0.35761,0.12438]},"A3s":{"weight":1.0,"played":[3.0E-4,0.9979,0.0018],"evs":[0.0,0.38614,0.34425]},"A4s":{"weight":1.0,"played":[2.0E-4,0.306,0.6938],"evs":[0.0,0.3688,0.4276]},"A5s":{"weight":1.0,"played":[3.0E-4,0.1612,0.8385],"evs":[0.0,0.65687,0.65307]},"A6s":{"weight":1.0,"played":[1.0E-4,0.1112,0.8887],"evs":[0.0,0.6012,0.74173]},"A7s":{"weight":1.0,"played":[0.0,8.0E-4,0.9992],"evs":[0.0,0.804,1.1142]},"A8s":{"weight":1.0,"played":[0.0,0.0024,0.9976],"evs":[0.0,0.99663,1.26766]},"A9s":{"weight":1.0,"played":[0.0,0.0043,0.9957],"evs":[0.0,1.45701,1.78625]},"ATs":{"weight":1.0,"played":[0.0,0.0,1.0],"evs":[0.0,2.0375,2.91906]},"AJs":{"weight":1.0,"played":[0.0,5.0E-4,0.9995],"evs":[0.0,2.44328,3.83364]},"AQs":{"weight":1.0,"played":[0.0,0.0,1.0],"evs":[0.0,3.00746,4.63469]},"AKs":{"weight":1.0,"played":[0.0,0.0,1.0],"evs":[0.0,3.68274,5.78837]},"AA":{"weight":1.0,"played":[0.0,0.0,1.0],"evs":[0.0,10.49408,13.74732]}}}