{"player":0,"street":0,"children":3,"sequence":[{"player":0,"type":"R","amount":200000,"street":0},{"player":1,"type":"F","amount":0,"street":0},{"player":2,"type":"C","amount":200000,"street":0},{"player":3,"type":"F","amount":0,"street":0},{"player":4,"type":"C","amount":150000,"street":0},{"player":5,"type":"R","amount":735000,"street":0}],"actions":[{"type":"F","amount":0,"node":302},{"type":"C","amount":535000,"node":307},{"type":"R","amount":2035000,"node":314}],"hands":{"22":{"weight":0.0,"played":[0.0,6.0E-4,0.9994],"evs":[0.0,2.03264,2.28983]},"32o":{"weight":0.0,"played":[1.0,0.0,0.0],"evs":[0.0,-1.91428,-2.12711]},"42o":{"weight":0.0,"played":[1.0,0.0,0.0],"evs":[0.0,-1.47733,-1.48044]},"52o":{"weight":0.0,"played":[0.9951,0.001,0.0039],"evs":[0.0,-0.82758,-0.99193]},"62o":{"weight":0.0,"played":[0.9999,0.0,1.0E-4],"evs":[0.0,-1.85075,-1.77083]},"72o":{"weight":0.0,"played":[0.9999,0.0,0.0],"evs":[0.0,-1.66377,-2.00054]},"82o":{"weight":0.0,"played":[0.9996,0.0,4.0E-4],"evs":[0.0,-1.99152,-2.15064]},"92o":{"weight":0.0,"played":[0.9989,1.0E-4,0.0011],"evs":[0.0,-2.02169,-2.14756]},"T2o":{"weight":0.0,"played":[1.0,0.0,0.0],"evs":[0.0,-2.39217,-2.52275]},"J2o":{"weight":0.0,"played":[0.9998,0.0,2.0E-4],"evs":[0.0,-2.41835,-2.23499]},"Q2o":{"weight":0.0,"played":[0.9998,0.0,2.0E-4],"evs":[0.0,-1.47404,-1.41757]},"K2o":{"weight":0.0,"played":[0.9999,0.0,1.0E-4],"evs":[0.0,-1.4634,-1.28127]},"A2o":{"weight":0.0,"played":[2.0E-4,0.0274,0.9724],"evs":[0.0,0.80528,1.10042]},"32s":{"weight":0.0,"played":[0.9966,9.0E-4,0.0025],"evs":[0.0,-0.44848,-0.55608]},"33":{"weight":1.0,"played":[0.0,7.0E-4,0.9993],"evs":[0.0,2.38461,2.9222]},"43o":{"weight":0.0,"played":[0.9995,0.0,5.0E-4],"evs":[0.0,-1.08901,-0.94015]},"53o":{"weight":0.0,"played":[0.9852,0.0076,0.0071],"evs":[0.0,-0.59719,-0.59547]},"63o":{"weight":0.0,"played":[0.9998,2.0E-4,0.0],"evs":[0.0,-0.78514,-0.80899]},"73o":{"weight":0.0,"played":[0.9985,0.0,0.0015],"evs":[0.0,-1.50752,-1.451]},"83o":{"weight":0.0,"played":[1.0,0.0,0.0],"evs":[0.0,-1.3333,-1.41409]},"93o":{"weight":0.0,"played":[0.9999,0.0,1.0E-4],"evs":[0.0,-1.64344,-1.82138]},"T3o":{"weight":0.0,"played":[0.9997,1.0E-4,2.0E-4],"evs":[0.0,-1.77814,-1.81837]},"J3o":{"weight":0.0,"played":[1.0,0.0,0.0],"evs":[0.0,-2.04156,-2.05735]},"Q3o":{"weight":0.0,"played":[0.9997,0.0,3.0E-4],"evs":[0.0,-0.84496,-0.7793]},"K3o":{"weight":0.0,"played":[1.0,0.0,0.0],"evs":[0.0,-1.11374,-1.14319]},"A3o":{"weight":0.0,"played":[0.0,0.4589,0.5411],"evs":[0.0,1.29977,1.46968]},"42s":{"weight":0.0,"played":[0.5237,0.3583,0.118],"evs":[0.0,-0.51676,-0.75177]},"43s":{"weight":0.0,"played":[0.0653,0.2671,0.6676],"evs":[0.0,0.62754,0.63861]},"44":{"weight":1.0,"played":[4.0E-4,0.0078,0.9919],"evs":[0.0,4.14785,4.48507]},"54o":{"weight":0.0,"played":[0.1656,0.3458,0.4886],"evs":[0.0,-0.0445,-7.3E-4]},"64o":{"weight":0.0,"played":[0.1606,0.63,0.2095],"evs":[0.0,0.13113,0.12263]},"74o":{"weight":0.0,"played":[0.7107,0.0455,0.2439],"evs":[0.0,-0.17731,-0.02399]},"84o":{"weight":0.0,"played":[0.9995,0.0,5.0E-4],"evs":[0.0,-1.23028,-1.2501]},"94o":{"weight":0.0,"played":[0.9999,0.0,1.0E-4],"evs":[0.0,-1.1379,-1.38335]},"T4o":{"weight":0.0,"played":[0.9965,0.0,0.0034],"evs":[0.0,-1.65701,-1.63196]},"J4o":{"weight":0.0,"played":[0.9989,1.0E-4,0.001],"evs":[0.0,-1.44128,-1.50745]},"Q4o":{"weight":0.0,"played":[0.9972,1.0E-4,0.0028],"evs":[0.0,-0.61532,-0.60527]},"K4o":{"weight":0.0,"played":[0.9989,3.0E-4,8.0E-4],"evs":[0.0,-0.38754,-0.3158]},"A4o":{"weight":0.0,"played":[0.0,0.0087,0.9912],"evs":[0.0,1.99774,2.19701]},"52s":{"weight":0.0,"played":[0.7241,0.0,0.2759],"evs":[0.0,-0.60373,-0.20177]},"53s":{"weight":0.0,"played":[0.0851,0.2449,0.6701],"evs":[0.0,0.62756,0.82661]},"54s":{"weight":0.0,"played":[0.027,0.5565,0.4165],"evs":[0.0,1.42638,1.46467]},"55":{"weight":1.0,"played":[0.0,0.0816,0.9184],"evs":[0.0,5.87145,6.18144]},"65o":{"weight":0.0,"played":[3.0E-4,0.5265,0.4732],"evs":[0.0,0.44867,0.4476]},"75o":{"weight":0.0,"played":[0.0075,0.6237,0.3688],"evs":[0.0,0.31141,0.19224]},"85o":{"weight":0.0,"played":[0.9967,0.0023,0.001],"evs":[0.0,-0.30609,-0.4622]},"95o":{"weight":0.0,"played":[0.9999,0.0,0.0],"evs":[0.0,-0.84991,-0.89201]},"T5o":{"weight":0.0,"played":[0.9989,0.0,0.001],"evs":[0.0,-1.65599,-1.63172]},"J5o":{"weight":0.0,"played":[0.9987,0.001,3.0E-4],"evs":[0.0,-0.8837,-0.99306]},"Q5o":{"weight":0.0,"played":[1.0,0.0,0.0],"evs":[0.0,-0.58902,-0.62718]},"K5o":{"weight":0.0,"played":[0.995,2.0E-4,0.0048],"evs":[0.0,-0.42546,-0.21436]},"A5o":{"weight":1.0,"played":[0.0,0.0055,0.9945],"evs":[0.0,2.24481,2.56186]},"62s":{"weight":0.0,"played":[0.2357,0.6164,0.1479],"evs":[0.0,0.27482,-0.07849]},"63s":{"weight":0.0,"played":[0.016,0.0561,0.9279],"evs":[0.0,0.47826,0.95102]},"64s":{"weight":0.0,"played":[0.0432,0.1295,0.8273],"evs":[0.0,1.23749,1.63226]},"65s":{"weight":0.0,"played":[6.0E-4,0.7108,0.2886],"evs":[0.0,2.5481,2.66721]},"66":{"weight":1.0,"played":[0.0,0.0013,0.9987],"evs":[0.0,6.47456,6.63175]},"76o":{"weight":0.0,"played":[0.0017,0.793,0.2053],"evs":[0.0,1.31132,1.24362]},"86o":{"weight":0.0,"played":[8.0E-4,0.5799,0.4193],"evs":[0.0,0.61944,0.55232]},"96o":{"weight":0.0,"played":[0.8812,0.0692,0.0497],"evs":[0.0,-0.32015,-0.34707]},"T6o":{"weight":0.0,"played":[0.9755,0.0076,0.0169],"evs":[0.0,-0.66961,-0.59548]},"J6o":{"weight":0.0,"played":[1.0,0.0,0.0],"evs":[0.0,-0.60029,-0.70002]},"Q6o":{"weight":0.0,"played":[0.8264,0.0311,0.1424],"evs":[0.0,0.02965,0.01337]},"K6o":{"weight":0.0,"played":[0.6675,0.0467,0.2858],"evs":[0.0,-0.28415,-0.18775]},"A6o":{"weight":0.0,"played":[0.0,1.0E-4,0.9999],"evs":[0.0,1.99294,2.35594]},"72s":{"weight":0.0,"played":[0.9941,0.001,0.0049],"evs":[0.0,-1.28963,-1.34167]},"73s":{"weight":0.0,"played":[0.0538,0.5416,0.4045],"evs":[0.0,0.35179,0.26604]},"74s":{"weight":0.0,"played":[0.0185,0.4427,0.5388],"evs":[0.0,1.05313,1.07172]},"75s":{"weight":0.0,"played":[0.002,1.0E-4,0.998],"evs":[0.0,1.04376,1.11307]},"76s":{"weight":0.0,"played":[0.0046,0.091,0.9044],"evs":[0.0,2.04668,2.29301]},"77":{"weight":1.0,"played":[0.0,0.0798,0.9202],"evs":[0.0,7.02173,7.2939]},"87o":{"weight":0.0,"played":[0.0026,0.7459,0.2514],"evs":[0.0,1.01026,0.78048]},"97o":{"weight":0.0,"played":[0.0054,0.5466,0.448],"evs":[0.0,0.96509,0.96593]},"T7o":{"weight":0.0,"played":[0.5642,0.2923,0.1435],"evs":[0.0,-0.06767,-0.09419]},"J7o":{"weight":0.0,"played":[0.9143,0.0,0.0857],"evs":[0.0,-0.37422,-0.24042]},"Q7o":{"weight":0.0,"played":[0.1878,0.1144,0.6978],"evs":[0.0,0.08672,0.21046]},"K7o":{"weight":0.0,"played":[0.051,0.0961,0.8529],"evs":[0.0,0.06571,0.22107]},"A7o":{"weight":1.0,"played":[0.0,0.0051,0.9949],"evs":[0.0,3.07711,3.39528]},"82s":{"weight":0.0,"played":[0.9672,0.0147,0.0182],"evs":[0.0,-0.32388,-0.25858]},"83s":{"weight":0.0,"played":[0.9066,9.0E-4,0.0925],"evs":[0.0,-0.5932,-0.9505]},"84s":{"weight":0.0,"played":[0.0358,0.1506,0.8136],"evs":[0.0,0.0282,0.29338]},"85s":{"weight":0.0,"played":[0.0203,0.5532,0.4265],"evs":[0.0,0.79914,0.842]},"86s":{"weight":0.0,"played":[1.0E-4,0.1189,0.881],"evs":[0.0,1.10615,1.31618]},"87s":{"weight":0.9973,"played":[2.0E-4,0.5031,0.4967],"evs":[0.0,1.85345,1.72856]},"88":{"weight":0.9995,"played":[0.0,0.085,0.915],"evs":[0.0,7.50404,7.5514]},"98o":{"weight":0.0,"played":[1.0E-4,0.7474,0.2525],"evs":[0.0,0.74538,0.596]},"T8o":{"weight":0.0,"played":[0.2963,0.3632,0.3405],"evs":[0.0,0.15386,-0.05601]},"J8o":{"weight":0.0,"played":[0.7458,0.0432,0.211],"evs":[0.0,-0.26224,-0.25269]},"Q8o":{"weight":0.0,"played":[0.2029,0.4882,0.3089],"evs":[0.0,0.37195,0.2167]},"K8o":{"weight":0.0,"played":[0.2598,3.0E-4,0.7399],"evs":[0.0,0.13852,0.34163]},"A8o":{"weight":1.0,"played":[0.0,0.0,1.0],"evs":[0.0,3.25129,3.39516]},"92s":{"weight":0.0,"played":[0.7313,0.0373,0.2314],"evs":[0.0,-0.14912,-0.04789]},"93s":{"weight":0.0,"played":[0.4738,0.2886,0.2376],"evs":[0.0,0.0378,0.06885]},"94s":{"weight":0.0,"played":[0.1699,0.1162,0.7139],"evs":[0.0,0.37144,0.36906]},"95s":{"weight":0.0,"played":[0.0199,0.2193,0.7608],"evs":[0.0,0.65155,0.73023]},"96s":{"weight":0.0,"played":[0.0012,0.2272,0.7716],"evs":[0.0,2.14634,2.34367]},"97s":{"weight":0.012,"played":[0.0081,0.6065,0.3854],"evs":[0.0,1.48733,1.39521]},"98s":{"weight":1.0,"played":[9.0E-4,0.5584,0.4408],"evs":[0.0,1.92949,1.74563]},"99":{"weight":1.0,"played":[0.0,0.0289,0.9711],"evs":[0.0,8.46992,8.83744]},"T9o":{"weight":0.0,"played":[1.0E-4,0.2871,0.7129],"evs":[0.0,1.02446,1.08736]},"J9o":{"weight":0.0,"played":[0.2114,0.0058,0.7828],"evs":[0.0,0.63474,0.72911]},"Q9o":{"weight":0.0,"played":[7.0E-4,0.0802,0.919],"evs":[0.0,0.4551,0.65844]},"K9o":{"weight":0.0,"played":[0.0032,0.016,0.9808],"evs":[0.0,0.87898,0.91467]},"A9o":{"weight":1.0,"played":[0.0,0.0178,0.9822],"evs":[0.0,4.42879,4.58916]},"T2s":{"weight":0.0,"played":[0.9977,0.0,0.0023],"evs":[0.0,-0.92591,-0.99512]},"T3s":{"weight":0.0,"played":[0.4179,0.3257,0.2565],"evs":[0.0,-0.35528,-0.42542]},"T4s":{"weight":0.0,"played":[0.5998,0.0016,0.3986],"evs":[0.0,-0.65114,-0.31635]},"T5s":{"weight":0.0,"played":[0.1894,0.3463,0.4643],"evs":[0.0,-0.07572,-0.24233]},"T6s":{"weight":0.0,"played":[2.0E-4,0.177,0.8228],"evs":[0.0,1.38841,1.48069]},"T7s":{"weight":0.0,"played":[0.0025,0.8269,0.1706],"evs":[0.0,1.75366,1.44184]},"T8s":{"weight":0.9999,"played":[7.0E-4,8.0E-4,0.9985],"evs":[0.0,1.70496,1.74949]},"T9s":{"weight":1.0,"played":[4.0E-4,0.4342,0.5654],"evs":[0.0,2.21009,2.25788]},"TT":{"weight":1.0,"played":[0.0,0.163,0.837],"evs":[0.0,9.94418,9.9609]},"JTo":{"weight":1.0,"played":[0.0024,0.2068,0.7907],"evs":[0.0,1.05764,0.99897]},"QTo":{"weight":1.0,"played":[0.0,0.066,0.934],"evs":[0.0,1.66153,1.66019]},"KTo":{"weight":1.0,"played":[0.0,0.0432,0.9568],"evs":[0.0,2.56443,2.54798]},"ATo":{"weight":1.0,"played":[0.0,0.421,0.579],"evs":[0.0,5.31989,5.32205]},"J2s":{"weight":0.0,"played":[0.7403,0.1315,0.1282],"evs":[0.0,0.15185,0.16363]},"J3s":{"weight":0.0,"played":[0.2397,0.192,0.5683],"evs":[0.0,0.35111,0.51262]},"J4s":{"weight":0.0,"played":[0.9806,0.0103,0.0091],"evs":[0.0,-0.00426,-0.2466]},"J5s":{"weight":0.0,"played":[0.4892,0.0744,0.4364],"evs":[0.0,0.06598,0.12654]},"J6s":{"weight":0.0,"played":[0.474,0.1334,0.3926],"evs":[0.0,0.12161,0.08611]},"J7s":{"weight":0.0,"played":[0.0067,0.4144,0.5789],"evs":[0.0,0.86812,0.82238]},"J8s":{"weight":1.0,"played":[0.0116,0.7001,0.2884],"evs":[0.0,1.07446,0.80399]},"J9s":{"weight":1.0,"played":[5.0E-4,6.0E-4,0.9989],"evs":[0.0,2.38062,2.4869]},"JTs":{"weight":1.0,"played":[0.0011,0.0567,0.9422],"evs":[0.0,1.66754,1.75462]},"JJ":{"weight":1.0,"played":[0.0,0.2311,0.7689],"evs":[0.0,11.6228,11.69798]},"QJo":{"weight":1.0,"played":[0.0,0.0204,0.9796],"evs":[0.0,1.82971,1.94052]},"KJo":{"weight":1.0,"played":[0.0,0.484,0.516],"evs":[0.0,3.28635,3.24526]},"AJo":{"weight":1.0,"played":[0.0,0.0047,0.9953],"evs":[0.0,5.92407,6.29167]},"Q2s":{"weight":0.0,"played":[0.4374,0.0028,0.5598],"evs":[0.0,0.15465,0.28338]},"Q3s":{"weight":0.0,"played":[0.5604,0.1574,0.2822],"evs":[0.0,-0.29024,-0.18947]},"Q4s":{"weight":0.0,"played":[0.0202,0.0012,0.9786],"evs":[0.0,0.39538,0.7659]},"Q5s":{"weight":0.0,"played":[0.0185,0.4115,0.5699],"evs":[0.0,0.4823,0.31718]},"Q6s":{"weight":0.0,"played":[0.0148,0.348,0.6372],"evs":[0.0,1.30538,1.49383]},"Q7s":{"weight":0.0,"played":[3.0E-4,0.0951,0.9046],"evs":[0.0,1.26797,1.49682]},"Q8s":{"weight":1.0,"played":[0.0,0.0081,0.9919],"evs":[0.0,1.2032,1.38578]},"Q9s":{"weight":1.0,"played":[2.0E-4,0.1245,0.8753],"evs":[0.0,1.78145,1.92178]},"QTs":{"weight":1.0,"played":[0.0,0.0018,0.9982],"evs":[0.0,2.37359,2.47895]},"QJs":{"weight":1.0,"played":[3.0E-4,0.3248,0.6749],"evs":[0.0,2.69998,2.79644]},"QQ":{"weight":1.0,"played":[0.0,0.2319,0.7681],"evs":[0.0,13.56816,13.67064]},"KQo":{"weight":1.0,"played":[0.0,0.0,1.0],"evs":[0.0,4.98454,5.28049]},"AQo":{"weight":1.0,"played":[0.0,0.0189,0.9811],"evs":[0.0,6.88904,7.06254]},"K2s":{"weight":0.0,"played":[0.3278,0.5247,0.1475],"evs":[0.0,0.3053,0.18316]},"K3s":{"weight":0.0,"played":[0.0017,0.4598,0.5385],"evs":[0.0,1.01,1.04797]},"K4s":{"weight":0.0,"played":[0.0272,0.7025,0.2703],"evs":[0.0,0.80629,0.60114]},"K5s":{"weight":0.0113,"played":[0.001,0.0037,0.9953],"evs":[0.0,1.55782,1.7074]},"K6s":{"weight":0.9998,"played":[0.0039,0.3506,0.6455],"evs":[0.0,1.67914,1.66242]},"K7s":{"weight":1.0,"played":[0.0,0.0588,0.9412],"evs":[0.0,1.82861,2.07724]},"K8s":{"weight":1.0,"played":[1.0E-4,0.4539,0.5461],"evs":[0.0,1.03375,0.91596]},"K9s":{"weight":1.0,"played":[0.0,0.0163,0.9837],"evs":[0.0,2.28252,2.4149]},"KTs":{"weight":0.9992,"played":[0.0,0.4974,0.5026],"evs":[0.0,3.73837,3.54278]},"KJs":{"weight":1.0,"played":[0.0,0.5822,0.4178],"evs":[0.0,4.2116,4.13049]},"KQs":{"weight":1.0,"played":[0.0,0.6038,0.3961],"evs":[0.0,5.99663,5.9768]},"KK":{"weight":1.0,"played":[0.0,0.6418,0.3582],"evs":[0.0,16.23301,16.06451]},"AKo":{"weight":0.9994,"played":[0.0,0.0093,0.9907],"evs":[0.0,7.69905,7.96748]},"A2s":{"weight":1.0,"played":[0.0,0.1973,0.8027],"evs":[0.0,2.76412,3.09845]},"A3s":{"weight":1.0,"played":[0.0,0.2552,0.7448],"evs":[0.0,2.3603,2.55892]},"A4s":{"weight":1.0,"played":[0.0,0.0542,0.9458],"evs":[0.0,3.4153,3.88713]},"A5s":{"weight":1.0,"played":[0.0,0.219,0.781],"evs":[0.0,3.67493,3.84855]},"A6s":{"weight":1.0,"played":[0.0,0.2473,0.7527],"evs":[0.0,3.49661,3.85997]},"A7s":{"weight":1.0,"played":[0.0,0.0011,0.9989],"evs":[0.0,4.28578,4.46802]},"A8s":{"weight":1.0,"played":[0.0,0.692,0.308],"evs":[0.0,5.19065,5.21853]},"A9s":{"weight":1.0,"played":[0.0,0.0843,0.9157],"evs":[0.0,5.45194,5.72353]},"ATs":{"weight":1.0,"played":[0.0,0.0092,0.9908],"evs":[0.0,6.90389,7.12235]},"AJs":{"weight":1.0,"played":[0.0,0.064,0.936],"evs":[0.0,7.28905,7.61641]},"AQs":{"weight":1.0,"played":[0.0,0.0613,0.9387],"evs":[0.0,7.76522,8.24789]},"AKs":{"weight":1.0,"played":[0.0,0.5849,0.4151],"evs":[0.0,9.09043,9.05974]},"AA":{"weight":1.0,"played":[0.0,0.1707,0.8293],"evs":[0.0,18.64362,18.79259]}}}