{"player":4,"street":0,"children":2,"sequence":[{"player":0,"type":"R","amount":200000,"street":0},{"player":1,"type":"F","amount":0,"street":0},{"player":2,"type":"C","amount":200000,"street":0},{"player":3,"type":"F","amount":0,"street":0},{"player":4,"type":"C","amount":150000,"street":0},{"player":5,"type":"R","amount":735000,"street":0},{"player":0,"type":"F","amount":0,"street":0},{"player":2,"type":"F","amount":0,"street":0}],"actions":[{"type":"F","amount":0},{"type":"C","amount":535000}],"hands":{"22":{"weight":0.9976,"played":[0.9348,0.0652],"evs":[0.0,1.32846]},"32o":{"weight":0.0,"played":[1.0,0.0],"evs":[0.0,-4.47265]},"42o":{"weight":0.0,"played":[0.3496,0.6504],"evs":[0.0,-4.47265]},"52o":{"weight":0.0,"played":[0.1776,0.8224],"evs":[0.0,7.93117]},"62o":{"weight":0.0,"played":[0.1118,0.8882],"evs":[0.0,-2.43013]},"72o":{"weight":0.0,"played":[0.7947,0.2053],"evs":[0.0,2.01918]},"82o":{"weight":0.0,"played":[0.9036,0.0964],"evs":[0.0,2.82971]},"92o":{"weight":0.0,"played":[0.4002,0.5998],"evs":[0.0,6.76281]},"T2o":{"weight":0.0,"played":[1.0,0.0],"evs":[0.0,-4.47265]},"J2o":{"weight":0.0,"played":[0.0,1.0],"evs":[0.0,1.51625]},"Q2o":{"weight":0.0,"played":[0.0,1.0],"evs":[0.0,4.09235]},"K2o":{"weight":0.0,"played":[0.4321,0.5679],"evs":[0.0,-1.31851]},"A2o":{"weight":0.0,"played":[0.9028,0.0972],"evs":[0.0,-1.10851]},"32s":{"weight":0.0,"played":[0.5566,0.4434],"evs":[0.0,-0.33333]},"33":{"weight":0.9951,"played":[0.0,1.0],"evs":[0.0,7.70912]},"43o":{"weight":0.0,"played":[0.8053,0.1947],"evs":[0.0,4.9504]},"53o":{"weight":0.0,"played":[0.0055,0.9945],"evs":[0.0,3.94866]},"63o":{"weight":0.0,"played":[0.1314,0.8686],"evs":[0.0,2.93333]},"73o":{"weight":0.0,"played":[0.0,1.0],"evs":[0.0,-1.59025]},"83o":{"weight":0.0,"played":[0.1411,0.8589],"evs":[0.0,4.78304]},"93o":{"weight":0.0,"played":[0.5624,0.4376],"evs":[0.0,-2.62529]},"T3o":{"weight":0.0,"played":[0.0,1.0],"evs":[0.0,13.79654]},"J3o":{"weight":0.0,"played":[1.0,0.0],"evs":[0.0,-4.47265]},"Q3o":{"weight":0.0,"played":[0.1978,0.8022],"evs":[0.0,3.02091]},"K3o":{"weight":0.0,"played":[0.0,1.0],"evs":[0.0,13.79654]},"A3o":{"weight":0.0,"played":[0.0323,0.9677],"evs":[0.0,7.14885]},"42s":{"weight":0.0,"played":[0.0,1.0],"evs":[0.0,-4.47265]},"43s":{"weight":0.0,"played":[1.0,0.0],"evs":[0.0,5.26349]},"44":{"weight":0.9969,"played":[0.4041,0.5959],"evs":[0.0,-0.35715]},"54o":{"weight":0.0,"played":[0.4447,0.5553],"evs":[0.0,9.94696]},"64o":{"weight":0.0,"played":[0.2627,0.7373],"evs":[0.0,8.83531]},"74o":{"weight":0.0,"played":[0.0,1.0],"evs":[0.0,-4.47265]},"84o":{"weight":0.0,"played":[0.3086,0.6914],"evs":[0.0,1.49058]},"94o":{"weight":0.0,"played":[0.6688,0.3312],"evs":[0.0,-1.41982]},"T4o":{"weight":0.0,"played":[0.4059,0.5941],"evs":[0.0,13.65183]},"J4o":{"weight":0.0,"played":[0.7581,0.2419],"evs":[0.0,2.32916]},"Q4o":{"weight":0.0,"played":[0.8693,0.1307],"evs":[0.0,2.04887]},"K4o":{"weight":0.0,"played":[0.9928,0.0072],"evs":[0.0,5.36713]},"A4o":{"weight":1.0E-4,"played":[0.0,1.0],"evs":[0.0,13.79654]},"52s":{"weight":0.0,"played":[0.5,0.5],"evs":[0.0,-4.47265]},"53s":{"weight":0.0,"played":[0.0,1.0],"evs":[0.0,13.79654]},"54s":{"weight":0.2704,"played":[0.4565,0.5435],"evs":[0.0,13.79654]},"55":{"weight":0.3352,"played":[0.5,0.5],"evs":[0.0,13.79654]},"65o":{"weight":0.0,"played":[0.5566,0.4434],"evs":[0.0,2.72343]},"75o":{"weight":0.0,"played":[0.0515,0.9485],"evs":[0.0,6.20819]},"85o":{"weight":0.0,"played":[1.0,0.0],"evs":[0.0,1.53604]},"95o":{"weight":0.0,"played":[0.3954,0.6046],"evs":[0.0,7.52557]},"T5o":{"weight":0.0,"played":[0.239,0.761],"evs":[0.0,4.95238]},"J5o":{"weight":0.0,"played":[0.0,1.0],"evs":[0.0,13.79654]},"Q5o":{"weight":0.0,"played":[0.41,0.59],"evs":[0.0,6.04654]},"K5o":{"weight":0.0,"played":[0.4379,0.5621],"evs":[0.0,10.08525]},"A5o":{"weight":0.0251,"played":[0.0523,0.9477],"evs":[0.0,4.69253]},"62s":{"weight":0.0,"played":[0.4526,0.5474],"evs":[0.0,-4.03421]},"63s":{"weight":0.0,"played":[0.8442,0.1558],"evs":[0.0,10.95087]},"64s":{"weight":0.0085,"played":[1.0,0.0],"evs":[0.0,13.79654]},"65s":{"weight":0.9434,"played":[0.7531,0.2469],"evs":[0.0,9.28606]},"66":{"weight":0.0,"played":[0.0,1.0],"evs":[0.0,1.83772]},"76o":{"weight":0.0,"played":[0.2194,0.7806],"evs":[0.0,6.91593]},"86o":{"weight":0.0,"played":[0.0822,0.9178],"evs":[0.0,3.94079]},"96o":{"weight":0.0,"played":[0.3921,0.6079],"evs":[0.0,-0.58559]},"T6o":{"weight":0.0,"played":[0.5541,0.4459],"evs":[0.0,-2.58007]},"J6o":{"weight":0.0,"played":[0.4012,0.5988],"evs":[0.0,-0.63178]},"Q6o":{"weight":0.0,"played":[1.0,0.0],"evs":[0.0,-4.47265]},"K6o":{"weight":0.0,"played":[0.0,1.0],"evs":[0.0,13.79654]},"A6o":{"weight":0.0,"played":[0.0,1.0],"evs":[0.0,7.21873]},"72s":{"weight":0.0,"played":[0.3693,0.6307],"evs":[0.0,3.66578]},"73s":{"weight":0.0,"played":[0.1435,0.8565],"evs":[0.0,7.28297]},"74s":{"weight":0.0,"played":[0.0,1.0],"evs":[0.0,0.7693]},"75s":{"weight":3.0E-4,"played":[0.3575,0.6425],"evs":[0.0,-1.59857]},"76s":{"weight":0.925,"played":[0.3916,0.6084],"evs":[0.0,6.87574]},"77":{"weight":0.0,"played":[1.0,0.0],"evs":[0.0,4.19616]},"87o":{"weight":0.0,"played":[0.4908,0.5092],"evs":[0.0,-0.21396]},"97o":{"weight":0.0,"played":[0.6203,0.3797],"evs":[0.0,2.43072]},"T7o":{"weight":0.0,"played":[0.0,1.0],"evs":[0.0,0.1046]},"J7o":{"weight":0.0,"played":[0.2472,0.7528],"evs":[0.0,3.39004]},"Q7o":{"weight":0.0,"played":[0.1337,0.8663],"evs":[0.0,10.99549]},"K7o":{"weight":0.0,"played":[0.6765,0.3235],"evs":[0.0,7.88592]},"A7o":{"weight":0.5773,"played":[0.0,1.0],"evs":[0.0,-3.0644]},"82s":{"weight":0.0,"played":[0.7535,0.2465],"evs":[0.0,-4.47265]},"83s":{"weight":0.0,"played":[0.5,0.5],"evs":[0.0,0.0]},"84s":{"weight":0.0,"played":[1.0,0.0],"evs":[0.0,13.79654]},"85s":{"weight":0.0,"played":[0.0,1.0],"evs":[0.0,-4.47265]},"86s":{"weight":0.3558,"played":[0.6348,0.3652],"evs":[0.0,3.48329]},"87s":{"weight":0.7532,"played":[0.575,0.425],"evs":[0.0,6.03213]},"88":{"weight":0.0,"played":[0.7012,0.2988],"evs":[0.0,-4.47265]},"98o":{"weight":0.0,"played":[0.2092,0.7908],"evs":[0.0,-1.16326]},"T8o":{"weight":0.0,"played":[0.8877,0.1123],"evs":[0.0,2.7416]},"J8o":{"weight":0.0,"played":[0.0,1.0],"evs":[0.0,13.79654]},"Q8o":{"weight":0.0,"played":[0.7393,0.2607],"evs":[0.0,-4.47265]},"K8o":{"weight":0.0,"played":[0.5629,0.4371],"evs":[0.0,-2.58746]},"A8o":{"weight":0.8349,"played":[0.8802,0.1198],"evs":[0.0,0.00691]},"92s":{"weight":0.0,"played":[0.4457,0.5543],"evs":[0.0,-4.47265]},"93s":{"weight":0.0,"played":[0.5122,0.4878],"evs":[0.0,13.79654]},"94s":{"weight":0.0,"played":[1.0,0.0],"evs":[0.0,-4.47265]},"95s":{"weight":0.001,"played":[1.0,0.0],"evs":[0.0,-4.47265]},"96s":{"weight":0.0,"played":[0.0,1.0],"evs":[0.0,13.79654]},"97s":{"weight":0.5204,"played":[0.657,0.343],"evs":[0.0,-4.47265]},"98s":{"weight":0.8162,"played":[1.0,0.0],"evs":[0.0,13.79654]},"99":{"weight":0.0,"played":[0.0,1.0],"evs":[0.0,13.79654]},"T9o":{"weight":0.0,"played":[1.0,0.0],"evs":[0.0,-4.47265]},"J9o":{"weight":0.0,"played":[0.7337,0.2663],"evs":[0.0,-4.47265]},"Q9o":{"weight":0.0,"played":[1.0,0.0],"evs":[0.0,13.79654]},"K9o":{"weight":0.0,"played":[0.0,1.0],"evs":[0.0,10.31981]},"A9o":{"weight":0.0149,"played":[0.8844,0.1156],"evs":[0.0,-4.47265]},"T2s":{"weight":0.0,"played":[0.9905,0.0095],"evs":[0.0,-4.47265]},"T3s":{"weight":0.0,"played":[0.0,1.0],"evs":[0.0,-4.47265]},"T4s":{"weight":1.0E-4,"played":[1.0,0.0],"evs":[0.0,-4.47265]},"T5s":{"weight":0.0,"played":[1.0,0.0],"evs":[0.0,-4.47265]},"T6s":{"weight":0.0,"played":[0.0,1.0],"evs":[0.0,7.85905]},"T7s":{"weight":0.0,"played":[1.0,0.0],"evs":[0.0,6.48886]},"T8s":{"weight":0.6561,"played":[0.0,1.0],"evs":[0.0,-4.47265]},"T9s":{"weight":0.9994,"played":[0.9576,0.0424],"evs":[0.0,5.32836]},"TT":{"weight":0.0,"played":[0.0,1.0],"evs":[0.0,13.79654]},"JTo":{"weight":0.0,"played":[0.0,1.0],"evs":[0.0,13.79654]},"QTo":{"weight":0.4815,"played":[0.0089,0.9911],"evs":[0.0,1.82148]},"KTo":{"weight":0.8893,"played":[0.5494,0.4506],"evs":[0.0,-3.04289]},"ATo":{"weight":1.0E-4,"played":[0.0,1.0],"evs":[0.0,-4.47265]},"J2s":{"weight":0.0,"played":[1.0,0.0],"evs":[0.0,-4.47265]},"J3s":{"weight":0.0,"played":[0.2219,0.7781],"evs":[0.0,2.2883]},"J4s":{"weight":0.0,"played":[0.0,1.0],"evs":[0.0,13.79654]},"J5s":{"weight":0.0,"played":[0.0,1.0],"evs":[0.0,13.79654]},"J6s":{"weight":0.0,"played":[0.5,0.5],"evs":[0.0,0.0]},"J7s":{"weight":0.0,"played":[1.0,0.0],"evs":[0.0,13.79654]},"J8s":{"weight":1.0E-4,"played":[0.4298,0.5702],"evs":[0.0,13.79654]},"J9s":{"weight":0.0059,"played":[0.0,1.0],"evs":[0.0,5.08354]},"JTs":{"weight":0.9572,"played":[0.0268,0.9732],"evs":[0.0,2.97265]},"JJ":{"weight":0.0,"played":[0.0,1.0],"evs":[0.0,-4.47265]},"QJo":{"weight":0.9971,"played":[0.9934,0.0066],"evs":[0.0,-4.47265]},"KJo":{"weight":0.9998,"played":[0.2673,0.7327],"evs":[0.0,-2.22201]},"AJo":{"weight":0.0,"played":[0.0,1.0],"evs":[0.0,3.68243]},"Q2s":{"weight":0.0,"played":[0.1286,0.8714],"evs":[0.0,1.33121]},"Q3s":{"weight":2.0E-4,"played":[0.2617,0.7383],"evs":[0.0,13.79654]},"Q4s":{"weight":0.0,"played":[0.0,1.0],"evs":[0.0,13.79654]},"Q5s":{"weight":0.0,"played":[0.0,1.0],"evs":[0.0,13.79654]},"Q6s":{"weight":0.1844,"played":[0.3013,0.6987],"evs":[0.0,2.70671]},"Q7s":{"weight":1.0E-4,"played":[0.3426,0.6574],"evs":[0.0,-4.47265]},"Q8s":{"weight":0.5745,"played":[0.0,1.0],"evs":[0.0,13.79654]},"Q9s":{"weight":0.9972,"played":[0.4496,0.5504],"evs":[0.0,2.93322]},"QTs":{"weight":0.9995,"played":[0.0,1.0],"evs":[0.0,-4.47265]},"QJs":{"weight":0.9999,"played":[0.0,1.0],"evs":[0.0,-0.90591]},"QQ":{"weight":0.0,"played":[0.6952,0.3048],"evs":[0.0,6.86507]},"KQo":{"weight":0.0018,"played":[0.2705,0.7295],"evs":[0.0,8.60939]},"AQo":{"weight":0.0,"played":[0.5168,0.4832],"evs":[0.0,13.79654]},"K2s":{"weight":0.0,"played":[0.0,1.0],"evs":[0.0,13.79654]},"K3s":{"weight":0.0031,"played":[0.1656,0.8344],"evs":[0.0,-4.47265]},"K4s":{"weight":2.0E-4,"played":[0.0,1.0],"evs":[0.0,3.68242]},"K5s":{"weight":3.0E-4,"played":[0.0,1.0],"evs":[0.0,-0.08319]},"K6s":{"weight":7.0E-4,"played":[0.1011,0.8989],"evs":[0.0,13.79654]},"K7s":{"weight":0.1921,"played":[0.0,1.0],"evs":[0.0,-2.25454]},"K8s":{"weight":0.2328,"played":[0.0,1.0],"evs":[0.0,-1.9669]},"K9s":{"weight":0.9722,"played":[0.0,1.0],"evs":[0.0,13.79654]},"KTs":{"weight":0.9998,"played":[0.3385,0.6615],"evs":[0.0,13.79654]},"KJs":{"weight":0.8402,"played":[0.3148,0.6852],"evs":[0.0,-4.47265]},"KQs":{"weight":1.0E-4,"played":[0.0,1.0],"evs":[0.0,13.79654]},"KK":{"weight":0.0,"played":[0.1399,0.8601],"evs":[0.0,13.79654]},"AKo":{"weight":0.0,"played":[0.0,1.0],"evs":[0.0,13.79654]},"A2s":{"weight":0.9925,"played":[0.0421,0.9579],"evs":[0.0,4.56967]},"A3s":{"weight":0.9979,"played":[0.8453,0.1547],"evs":[0.0,-4.47265]},"A4s":{"weight":0.306,"played":[0.0,1.0],"evs":[0.0,13.79654]},"A5s":{"weight":0.1612,"played":[0.9053,0.0947],"evs":[0.0,13.79654]},"A6s":{"weight":0.1112,"played":[0.8382,0.1618],"evs":[0.0,7.88592]},"A7s":{"weight":8.0E-4,"played":[0.5136,0.4864],"evs":[0.0,2.62953]},"A8s":{"weight":0.0024,"played":[0.7478,0.2522],"evs":[0.0,-4.47265]},"A9s":{"weight":0.0043,"played":[0.0,1.0],"evs":[0.0,13.79654]},"ATs":{"weight":0.0,"played":[1.0,0.0],"evs":[0.0,13.79654]},"AJs":{"weight":5.0E-4,"played":[0.5,0.5],"evs":[0.0,-4.47265]},"AQs":{"weight":0.0,"played":[0.5272,0.4728],"evs":[0.0,7.3805]},"AKs":{"weight":0.0,"played":[0.0,1.0],"evs":[0.0,13.79654]},"AA":{"weight":0.0,"played":[0.0,1.0],"evs":[0.0,13.79654]}}}