{"player":0,"street":0,"children":2,"sequence":[{"player":0,"type":"R","amount":200000,"street":0},{"player":1,"type":"F","amount":0,"street":0},{"player":2,"type":"C","amount":200000,"street":0},{"player":3,"type":"F","amount":0,"street":0},{"player":4,"type":"C","amount":150000,"street":0},{"player":5,"type":"R","amount":735000,"street":0},{"player":0,"type":"C","amount":535000,"street":0},{"player":2,"type":"R","amount":985000,"street":0},{"player":4,"type":"R","amount":2035000,"street":0}],"actions":[{"type":"F","amount":0},{"type":"C","amount":1300000}],"hands":{"22":{"weight":0.0,"played":[0.0,1.0],"evs":[0.0,6.47609]},"32o":{"weight":0.0,"played":[8.0E-4,0.9992],"evs":[0.0,1.45549]},"42o":{"weight":0.0,"played":[0.1055,0.8945],"evs":[0.0,1.06243]},"52o":{"weight":0.0,"played":[4.0E-4,0.9996],"evs":[0.0,3.13371]},"62o":{"weight":0.0,"played":[2.0E-4,0.9998],"evs":[0.0,1.1536]},"72o":{"weight":0.0,"played":[0.0271,0.9729],"evs":[0.0,2.70489]},"82o":{"weight":0.0,"played":[0.0331,0.9669],"evs":[0.0,0.91374]},"92o":{"weight":0.0,"played":[3.0E-4,0.9997],"evs":[0.0,1.11182]},"T2o":{"weight":0.0,"played":[0.0118,0.9882],"evs":[0.0,1.26102]},"J2o":{"weight":0.0,"played":[0.853,0.147],"evs":[0.0,-0.3061]},"Q2o":{"weight":0.0,"played":[0.0046,0.9954],"evs":[0.0,2.11581]},"K2o":{"weight":0.0,"played":[8.0E-4,0.9992],"evs":[0.0,1.00879]},"A2o":{"weight":0.0,"played":[0.0,1.0],"evs":[0.0,4.5293]},"32s":{"weight":0.0,"played":[0.0169,0.9831],"evs":[0.0,2.99475]},"33":{"weight":7.0E-4,"played":[1.0E-4,0.9999],"evs":[0.0,7.63645]},"43o":{"weight":0.0,"played":[1.0E-4,0.9999],"evs":[0.0,2.70276]},"53o":{"weight":0.0,"played":[0.0,1.0],"evs":[0.0,2.86298]},"63o":{"weight":0.0,"played":[5.0E-4,0.9995],"evs":[0.0,2.37414]},"73o":{"weight":0.0,"played":[0.0047,0.9953],"evs":[0.0,1.51071]},"83o":{"weight":0.0,"played":[8.0E-4,0.9992],"evs":[0.0,1.96254]},"93o":{"weight":0.0,"played":[1.0E-4,0.9999],"evs":[0.0,1.70931]},"T3o":{"weight":0.0,"played":[0.0177,0.9823],"evs":[0.0,1.74004]},"J3o":{"weight":0.0,"played":[0.0215,0.9785],"evs":[0.0,0.83376]},"Q3o":{"weight":0.0,"played":[0.0023,0.9977],"evs":[0.0,2.50043]},"K3o":{"weight":0.0,"played":[1.0E-4,0.9999],"evs":[0.0,0.69547]},"A3o":{"weight":0.0,"played":[0.0,1.0],"evs":[0.0,4.82637]},"42s":{"weight":0.0,"played":[1.0E-4,0.9999],"evs":[0.0,2.44075]},"43s":{"weight":0.0,"played":[0.0105,0.9895],"evs":[0.0,2.94871]},"44":{"weight":0.0078,"played":[2.0E-4,0.9998],"evs":[0.0,10.73129]},"54o":{"weight":0.0,"played":[0.0,1.0],"evs":[0.0,3.70374]},"64o":{"weight":0.0,"played":[8.0E-4,0.9992],"evs":[0.0,4.61646]},"74o":{"weight":0.0,"played":[6.0E-4,0.9994],"evs":[0.0,3.60508]},"84o":{"weight":0.0,"played":[6.0E-4,0.9994],"evs":[0.0,1.57902]},"94o":{"weight":0.0,"played":[0.0113,0.9887],"evs":[0.0,2.96868]},"T4o":{"weight":0.0,"played":[6.0E-4,0.9994],"evs":[0.0,1.62768]},"J4o":{"weight":0.0,"played":[0.0011,0.9989],"evs":[0.0,2.90799]},"Q4o":{"weight":0.0,"played":[0.0137,0.9863],"evs":[0.0,2.67056]},"K4o":{"weight":0.0,"played":[0.0011,0.9989],"evs":[0.0,4.03892]},"A4o":{"weight":0.0,"played":[3.0E-4,0.9997],"evs":[0.0,4.93292]},"52s":{"weight":0.0,"played":[0.0529,0.9471],"evs":[0.0,2.53568]},"53s":{"weight":0.0,"played":[0.0,1.0],"evs":[0.0,3.75165]},"54s":{"weight":0.0,"played":[1.0E-4,0.9999],"evs":[0.0,7.16115]},"55":{"weight":0.0816,"played":[0.0,1.0],"evs":[0.0,13.67161]},"65o":{"weight":0.0,"played":[0.0,1.0],"evs":[0.0,4.74113]},"75o":{"weight":0.0,"played":[2.0E-4,0.9998],"evs":[0.0,3.53163]},"85o":{"weight":0.0,"played":[0.0014,0.9986],"evs":[0.0,3.7293]},"95o":{"weight":0.0,"played":[0.0036,0.9964],"evs":[0.0,3.08956]},"T5o":{"weight":0.0,"played":[0.0065,0.9935],"evs":[0.0,1.25596]},"J5o":{"weight":0.0,"played":[0.001,0.999],"evs":[0.0,3.45373]},"Q5o":{"weight":0.0,"played":[0.0167,0.9833],"evs":[0.0,2.39755]},"K5o":{"weight":0.0,"played":[8.0E-4,0.9992],"evs":[0.0,3.13232]},"A5o":{"weight":0.0055,"played":[0.0,1.0],"evs":[0.0,6.25015]},"62s":{"weight":0.0,"played":[2.0E-4,0.9998],"evs":[0.0,4.20345]},"63s":{"weight":0.0,"played":[0.0028,0.9972],"evs":[0.0,5.20691]},"64s":{"weight":0.0,"played":[0.0075,0.9925],"evs":[0.0,6.09374]},"65s":{"weight":0.0,"played":[4.0E-4,0.9996],"evs":[0.0,7.82357]},"66":{"weight":0.0013,"played":[0.0,1.0],"evs":[0.0,14.18287]},"76o":{"weight":0.0,"played":[0.0,1.0],"evs":[0.0,5.67849]},"86o":{"weight":0.0,"played":[0.0,1.0],"evs":[0.0,5.34407]},"96o":{"weight":0.0,"played":[8.0E-4,0.9992],"evs":[0.0,4.17058]},"T6o":{"weight":0.0,"played":[0.0,1.0],"evs":[0.0,3.42842]},"J6o":{"weight":0.0,"played":[0.0059,0.9941],"evs":[0.0,3.5764]},"Q6o":{"weight":0.0,"played":[0.005,0.995],"evs":[0.0,4.058]},"K6o":{"weight":0.0,"played":[0.0,1.0],"evs":[0.0,3.31891]},"A6o":{"weight":0.0,"played":[0.0,1.0],"evs":[0.0,6.79107]},"72s":{"weight":0.0,"played":[0.0084,0.9916],"evs":[0.0,2.41084]},"73s":{"weight":0.0,"played":[0.0,1.0],"evs":[0.0,3.36534]},"74s":{"weight":0.0,"played":[0.0013,0.9987],"evs":[0.0,5.70416]},"75s":{"weight":0.0,"played":[0.0059,0.9941],"evs":[0.0,4.14151]},"76s":{"weight":0.0,"played":[3.0E-4,0.9997],"evs":[0.0,8.02543]},"77":{"weight":0.0798,"played":[0.0,1.0],"evs":[0.0,13.77474]},"87o":{"weight":0.0,"played":[0.0,1.0],"evs":[0.0,5.67396]},"97o":{"weight":0.0,"played":[0.0,1.0],"evs":[0.0,5.20458]},"T7o":{"weight":0.0,"played":[0.0,1.0],"evs":[0.0,5.03634]},"J7o":{"weight":0.0,"played":[3.0E-4,0.9997],"evs":[0.0,3.77054]},"Q7o":{"weight":0.0,"played":[1.0E-4,0.9999],"evs":[0.0,2.83355]},"K7o":{"weight":0.0,"played":[7.0E-4,0.9993],"evs":[0.0,3.92064]},"A7o":{"weight":0.0051,"played":[0.0,1.0],"evs":[0.0,7.12248]},"82s":{"weight":0.0,"played":[0.0102,0.9898],"evs":[0.0,4.96769]},"83s":{"weight":0.0,"played":[0.0,1.0],"evs":[0.0,2.09113]},"84s":{"weight":0.0,"played":[0.003,0.997],"evs":[0.0,4.88423]},"85s":{"weight":0.0,"played":[0.0152,0.9848],"evs":[0.0,4.68143]},"86s":{"weight":0.0,"played":[0.0,1.0],"evs":[0.0,5.03471]},"87s":{"weight":0.5017,"played":[0.0,1.0],"evs":[0.0,6.40923]},"88":{"weight":0.085,"played":[0.0,1.0],"evs":[0.0,14.04701]},"98o":{"weight":0.0,"played":[1.0E-4,0.9999],"evs":[0.0,5.03507]},"T8o":{"weight":0.0,"played":[1.0E-4,0.9999],"evs":[0.0,4.56425]},"J8o":{"weight":0.0,"played":[3.0E-4,0.9997],"evs":[0.0,2.77337]},"Q8o":{"weight":0.0,"played":[0.0011,0.9989],"evs":[0.0,4.4114]},"K8o":{"weight":0.0,"played":[0.0133,0.9867],"evs":[0.0,3.33993]},"A8o":{"weight":0.0,"played":[0.0,1.0],"evs":[0.0,7.90686]},"92s":{"weight":0.0,"played":[0.0035,0.9965],"evs":[0.0,4.96005]},"93s":{"weight":0.0,"played":[6.0E-4,0.9994],"evs":[0.0,4.28169]},"94s":{"weight":0.0,"played":[0.0047,0.9953],"evs":[0.0,4.60338]},"95s":{"weight":0.0,"played":[1.0E-4,0.9999],"evs":[0.0,5.03042]},"96s":{"weight":0.0,"played":[0.0038,0.9962],"evs":[0.0,7.35715]},"97s":{"weight":0.0073,"played":[0.0024,0.9976],"evs":[0.0,6.73293]},"98s":{"weight":0.5583,"played":[3.0E-4,0.9997],"evs":[0.0,5.95477]},"99":{"weight":0.0289,"played":[0.0,1.0],"evs":[0.0,15.04728]},"T9o":{"weight":0.0,"played":[3.0E-4,0.9997],"evs":[0.0,5.35373]},"J9o":{"weight":0.0,"played":[2.0E-4,0.9998],"evs":[0.0,5.14816]},"Q9o":{"weight":0.0,"played":[0.0021,0.9979],"evs":[0.0,4.59496]},"K9o":{"weight":0.0,"played":[0.0,1.0],"evs":[0.0,4.68023]},"A9o":{"weight":0.0178,"played":[0.0,1.0],"evs":[0.0,9.02122]},"T2s":{"weight":0.0,"played":[0.0871,0.9129],"evs":[0.0,1.94969]},"T3s":{"weight":0.0,"played":[3.0E-4,0.9997],"evs":[0.0,4.83821]},"T4s":{"weight":0.0,"played":[0.0144,0.9856],"evs":[0.0,2.60309]},"T5s":{"weight":0.0,"played":[5.0E-4,0.9995],"evs":[0.0,2.94146]},"T6s":{"weight":0.0,"played":[1.0E-4,0.9999],"evs":[0.0,7.10938]},"T7s":{"weight":0.0,"played":[0.0,1.0],"evs":[0.0,5.77682]},"T8s":{"weight":8.0E-4,"played":[0.0,1.0],"evs":[0.0,6.1428]},"T9s":{"weight":0.4342,"played":[0.0,1.0],"evs":[0.0,7.06369]},"TT":{"weight":0.163,"played":[0.0,1.0],"evs":[0.0,17.29748]},"JTo":{"weight":0.2068,"played":[0.0,1.0],"evs":[0.0,5.30675]},"QTo":{"weight":0.066,"played":[4.0E-4,0.9996],"evs":[0.0,5.03713]},"KTo":{"weight":0.0432,"played":[9.0E-4,0.9991],"evs":[0.0,7.77379]},"ATo":{"weight":0.421,"played":[0.0,1.0],"evs":[0.0,9.7305]},"J2s":{"weight":0.0,"played":[0.0106,0.9894],"evs":[0.0,3.7543]},"J3s":{"weight":0.0,"played":[2.0E-4,0.9998],"evs":[0.0,2.85099]},"J4s":{"weight":0.0,"played":[0.001,0.999],"evs":[0.0,4.42476]},"J5s":{"weight":0.0,"played":[3.0E-4,0.9997],"evs":[0.0,3.09459]},"J6s":{"weight":0.0,"played":[0.0099,0.9901],"evs":[0.0,5.05281]},"J7s":{"weight":0.0,"played":[0.0064,0.9936],"evs":[0.0,6.28348]},"J8s":{"weight":0.7001,"played":[1.0E-4,0.9999],"evs":[0.0,4.76367]},"J9s":{"weight":6.0E-4,"played":[1.0E-4,0.9999],"evs":[0.0,8.70191]},"JTs":{"weight":0.0567,"played":[0.0,1.0],"evs":[0.0,5.89972]},"JJ":{"weight":0.2311,"played":[0.0,1.0],"evs":[0.0,17.67051]},"QJo":{"weight":0.0204,"played":[0.0,1.0],"evs":[0.0,5.50028]},"KJo":{"weight":0.484,"played":[0.0,1.0],"evs":[0.0,7.46228]},"AJo":{"weight":0.0047,"played":[0.0,1.0],"evs":[0.0,10.82523]},"Q2s":{"weight":0.0,"played":[0.0173,0.9827],"evs":[0.0,4.60304]},"Q3s":{"weight":0.0,"played":[0.0,1.0],"evs":[0.0,3.73889]},"Q4s":{"weight":0.0,"played":[7.0E-4,0.9993],"evs":[0.0,5.71421]},"Q5s":{"weight":0.0,"played":[0.0014,0.9986],"evs":[0.0,3.74628]},"Q6s":{"weight":0.0,"played":[0.0,1.0],"evs":[0.0,5.78823]},"Q7s":{"weight":0.0,"played":[2.0E-4,0.9998],"evs":[0.0,6.23767]},"Q8s":{"weight":0.0081,"played":[1.0E-4,0.9999],"evs":[0.0,4.26703]},"Q9s":{"weight":0.1245,"played":[1.0E-4,0.9999],"evs":[0.0,6.53178]},"QTs":{"weight":0.0018,"played":[0.0,1.0],"evs":[0.0,6.43119]},"QJs":{"weight":0.3248,"played":[2.0E-4,0.9998],"evs":[0.0,6.5112]},"QQ":{"weight":0.2319,"played":[0.0,1.0],"evs":[0.0,22.0574]},"KQo":{"weight":0.0,"played":[0.0,1.0],"evs":[0.0,9.91899]},"AQo":{"weight":0.0189,"played":[0.0,1.0],"evs":[0.0,11.9349]},"K2s":{"weight":0.0,"played":[6.0E-4,0.9994],"evs":[0.0,2.63315]},"K3s":{"weight":0.0,"played":[4.0E-4,0.9996],"evs":[0.0,3.22567]},"K4s":{"weight":0.0,"played":[0.0,1.0],"evs":[0.0,4.63571]},"K5s":{"weight":0.0,"played":[2.0E-4,0.9998],"evs":[0.0,5.38713]},"K6s":{"weight":0.3506,"played":[0.0,1.0],"evs":[0.0,5.76575]},"K7s":{"weight":0.0588,"played":[1.0E-4,0.9999],"evs":[0.0,5.50419]},"K8s":{"weight":0.4539,"played":[1.0E-4,0.9999],"evs":[0.0,4.08932]},"K9s":{"weight":0.0163,"played":[1.0E-4,0.9999],"evs":[0.0,5.40612]},"KTs":{"weight":0.497,"played":[0.0,1.0],"evs":[0.0,8.02636]},"KJs":{"weight":0.5822,"played":[2.0E-4,0.9998],"evs":[0.0,9.98071]},"KQs":{"weight":0.6038,"played":[0.0,1.0],"evs":[0.0,11.38537]},"KK":{"weight":0.6418,"played":[0.0,1.0],"evs":[0.0,24.29638]},"AKo":{"weight":0.0093,"played":[0.0,1.0],"evs":[0.0,13.3832]},"A2s":{"weight":0.1973,"played":[1.0E-4,0.9999],"evs":[0.0,7.45459]},"A3s":{"weight":0.2552,"played":[0.0,1.0],"evs":[0.0,6.70445]},"A4s":{"weight":0.0542,"played":[0.0,1.0],"evs":[0.0,9.18178]},"A5s":{"weight":0.219,"played":[0.0,1.0],"evs":[0.0,8.03083]},"A6s":{"weight":0.2473,"played":[0.0,1.0],"evs":[0.0,8.1821]},"A7s":{"weight":0.0011,"played":[0.0,1.0],"evs":[0.0,9.87921]},"A8s":{"weight":0.692,"played":[0.0,1.0],"evs":[0.0,10.45107]},"A9s":{"weight":0.0843,"played":[1.0E-4,0.9999],"evs":[0.0,11.30682]},"ATs":{"weight":0.0092,"played":[0.0,1.0],"evs":[0.0,12.16386]},"AJs":{"weight":0.064,"played":[1.0E-4,0.9999],"evs":[0.0,11.33475]},"AQs":{"weight":0.0613,"played":[0.0,1.0],"evs":[0.0,12.72691]},"AKs":{"weight":0.5849,"played":[0.0,1.0],"evs":[0.0,14.43179]},"AA":{"weight":0.1707,"played":[0.0,1.0],"evs":[0.0,27.05806]}}}