{"player":4,"street":0,"children":2,"sequence":[{"player":0,"type":"R","amount":200000,"street":0},{"player":1,"type":"F","amount":0,"street":0},{"player":2,"type":"C","amount":200000,"street":0},{"player":3,"type":"F","amount":0,"street":0},{"player":4,"type":"C","amount":150000,"street":0},{"player":5,"type":"R","amount":735000,"street":0},{"player":0,"type":"R","amount":2035000,"street":0},{"player":2,"type":"F","amount":0,"street":0}],"actions":[{"type":"F","amount":0},{"type":"C","amount":1835000}],"hands":{"22":{"weight":0.9976,"played":[0.5566,0.4434],"evs":[0.0,3.43378]},"32o":{"weight":0.0,"played":[0.9947,0.0053],"evs":[0.0,-13.41076]},"42o":{"weight":0.0,"played":[1.0,0.0],"evs":[0.0,-8.19301]},"52o":{"weight":0.0,"played":[0.8874,0.1126],"evs":[0.0,0.73088]},"62o":{"weight":0.0,"played":[0.6778,0.3222],"evs":[0.0,-6.8607]},"72o":{"weight":0.0,"played":[0.8761,0.1239],"evs":[0.0,-5.80557]},"82o":{"weight":0.0,"played":[0.8948,0.1052],"evs":[0.0,-5.60856]},"92o":{"weight":0.0,"played":[0.93,0.07],"evs":[0.0,-4.45318]},"T2o":{"weight":0.0,"played":[0.9818,0.0182],"evs":[0.0,-10.84705]},"J2o":{"weight":0.0,"played":[0.9594,0.0406],"evs":[0.0,-5.97224]},"Q2o":{"weight":0.0,"played":[0.8564,0.1436],"evs":[0.0,-4.43683]},"K2o":{"weight":0.0,"played":[0.2209,0.7791],"evs":[0.0,0.14288]},"A2o":{"weight":0.0,"played":[0.8388,0.1612],"evs":[0.0,0.45967]},"32s":{"weight":0.0,"played":[0.6255,0.3745],"evs":[0.0,-5.95935]},"33":{"weight":0.9951,"played":[0.0768,0.9232],"evs":[0.0,10.3502]},"43o":{"weight":0.0,"played":[1.0,0.0],"evs":[0.0,-4.89437]},"53o":{"weight":0.0,"played":[0.9997,3.0E-4],"evs":[0.0,-3.5354]},"63o":{"weight":0.0,"played":[0.9531,0.0469],"evs":[0.0,-4.5709]},"73o":{"weight":0.0,"played":[0.9992,8.0E-4],"evs":[0.0,-9.99526]},"83o":{"weight":0.0,"played":[0.7216,0.2784],"evs":[0.0,-1.36111]},"93o":{"weight":0.0,"played":[0.9928,0.0072],"evs":[0.0,-10.13347]},"T3o":{"weight":0.0,"played":[0.9962,0.0038],"evs":[0.0,-0.5004]},"J3o":{"weight":0.0,"played":[0.7309,0.2691],"evs":[0.0,-4.70584]},"Q3o":{"weight":0.0,"played":[1.0,0.0],"evs":[0.0,-6.35101]},"K3o":{"weight":0.0,"played":[0.8135,0.1865],"evs":[0.0,-4.24257]},"A3o":{"weight":0.0,"played":[0.1024,0.8976],"evs":[0.0,0.32405]},"42s":{"weight":0.0,"played":[0.9819,0.0181],"evs":[0.0,-9.75661]},"43s":{"weight":0.0,"played":[1.0,0.0],"evs":[0.0,-4.47225]},"44":{"weight":0.9969,"played":[0.3129,0.6871],"evs":[0.0,4.661]},"54o":{"weight":0.0,"played":[0.9091,0.0909],"evs":[0.0,-6.58786]},"64o":{"weight":0.0,"played":[0.986,0.014],"evs":[0.0,-4.0073]},"74o":{"weight":0.0,"played":[0.4676,0.5324],"evs":[0.0,-3.97816]},"84o":{"weight":0.0,"played":[0.5509,0.4491],"evs":[0.0,-4.48852]},"94o":{"weight":0.0,"played":[0.9662,0.0338],"evs":[0.0,-5.34256]},"T4o":{"weight":0.0,"played":[0.3385,0.6615],"evs":[0.0,-3.53329]},"J4o":{"weight":0.0,"played":[0.6512,0.3488],"evs":[0.0,-3.5484]},"Q4o":{"weight":0.0,"played":[0.8659,0.1341],"evs":[0.0,-7.19807]},"K4o":{"weight":0.0,"played":[0.5621,0.4379],"evs":[0.0,1.95121]},"A4o":{"weight":1.0E-4,"played":[0.4408,0.5592],"evs":[0.0,1.11426]},"52s":{"weight":0.0,"played":[0.7163,0.2837],"evs":[0.0,-0.05002]},"53s":{"weight":0.0,"played":[0.9709,0.0291],"evs":[0.0,-15.55745]},"54s":{"weight":0.2704,"played":[0.6176,0.3824],"evs":[0.0,-5.46862]},"55":{"weight":0.3352,"played":[0.1886,0.8114],"evs":[0.0,3.18934]},"65o":{"weight":0.0,"played":[0.7448,0.2552],"evs":[0.0,-3.33344]},"75o":{"weight":0.0,"played":[0.3813,0.6187],"evs":[0.0,-1.40951]},"85o":{"weight":0.0,"played":[0.4451,0.5549],"evs":[0.0,-0.80493]},"95o":{"weight":0.0,"played":[0.7932,0.2068],"evs":[0.0,-8.30177]},"T5o":{"weight":0.0,"played":[0.1677,0.8323],"evs":[0.0,1.91564]},"J5o":{"weight":0.0,"played":[0.9236,0.0764],"evs":[0.0,-7.15131]},"Q5o":{"weight":0.0,"played":[0.7069,0.2931],"evs":[0.0,-8.98759]},"K5o":{"weight":0.0,"played":[0.5558,0.4442],"evs":[0.0,-3.97124]},"A5o":{"weight":0.0251,"played":[0.2939,0.7061],"evs":[0.0,2.50894]},"62s":{"weight":0.0,"played":[0.8274,0.1726],"evs":[0.0,-2.10092]},"63s":{"weight":0.0,"played":[0.5282,0.4718],"evs":[0.0,9.297]},"64s":{"weight":0.0085,"played":[0.3271,0.6729],"evs":[0.0,-5.71695]},"65s":{"weight":0.9434,"played":[0.426,0.574],"evs":[0.0,-6.80863]},"66":{"weight":0.0,"played":[0.2579,0.7421],"evs":[0.0,3.46721]},"76o":{"weight":0.0,"played":[0.6694,0.3306],"evs":[0.0,-3.20152]},"86o":{"weight":0.0,"played":[0.8715,0.1285],"evs":[0.0,-2.91989]},"96o":{"weight":0.0,"played":[0.8714,0.1286],"evs":[0.0,-9.52022]},"T6o":{"weight":0.0,"played":[0.7281,0.2719],"evs":[0.0,-1.17297]},"J6o":{"weight":0.0,"played":[0.7667,0.2333],"evs":[0.0,-7.21349]},"Q6o":{"weight":0.0,"played":[0.9751,0.0249],"evs":[0.0,-0.71387]},"K6o":{"weight":0.0,"played":[0.995,0.005],"evs":[0.0,-7.243]},"A6o":{"weight":0.0,"played":[0.317,0.683],"evs":[0.0,0.30289]},"72s":{"weight":0.0,"played":[0.8798,0.1202],"evs":[0.0,-6.11705]},"73s":{"weight":0.0,"played":[0.4637,0.5363],"evs":[0.0,-8.07287]},"74s":{"weight":0.0,"played":[0.6638,0.3362],"evs":[0.0,-0.58677]},"75s":{"weight":3.0E-4,"played":[0.1912,0.8088],"evs":[0.0,7.61208]},"76s":{"weight":0.925,"played":[0.3753,0.6247],"evs":[0.0,0.07282]},"77":{"weight":0.0,"played":[0.8688,0.1312],"evs":[0.0,-6.25331]},"87o":{"weight":0.0,"played":[0.999,0.001],"evs":[0.0,-0.38712]},"97o":{"weight":0.0,"played":[0.317,0.683],"evs":[0.0,-3.42077]},"T7o":{"weight":0.0,"played":[0.6385,0.3615],"evs":[0.0,-3.48967]},"J7o":{"weight":0.0,"played":[0.9769,0.0231],"evs":[0.0,-12.42698]},"Q7o":{"weight":0.0,"played":[1.0,0.0],"evs":[0.0,-6.89935]},"K7o":{"weight":0.0,"played":[0.9956,0.0044],"evs":[0.0,-4.34701]},"A7o":{"weight":0.5773,"played":[0.4392,0.5608],"evs":[0.0,-4.05708]},"82s":{"weight":0.0,"played":[1.0,0.0],"evs":[0.0,-15.55563]},"83s":{"weight":0.0,"played":[0.0084,0.9916],"evs":[0.0,-1.78436]},"84s":{"weight":0.0,"played":[1.0,0.0],"evs":[0.0,-3.71935]},"85s":{"weight":0.0,"played":[0.3205,0.6795],"evs":[0.0,9.77835]},"86s":{"weight":0.3558,"played":[0.4494,0.5506],"evs":[0.0,3.84254]},"87s":{"weight":0.7532,"played":[0.1933,0.8067],"evs":[0.0,-1.83361]},"88":{"weight":0.0,"played":[0.0634,0.9366],"evs":[0.0,23.20074]},"98o":{"weight":0.0,"played":[0.7405,0.2595],"evs":[0.0,-11.16237]},"T8o":{"weight":0.0,"played":[0.0146,0.9854],"evs":[0.0,3.06365]},"J8o":{"weight":0.0,"played":[0.9909,0.0091],"evs":[0.0,-5.08534]},"Q8o":{"weight":0.0,"played":[0.999,0.001],"evs":[0.0,-3.99093]},"K8o":{"weight":0.0,"played":[0.6622,0.3378],"evs":[0.0,-3.40402]},"A8o":{"weight":0.8349,"played":[0.2694,0.7306],"evs":[0.0,4.847]},"92s":{"weight":0.0,"played":[0.3203,0.6797],"evs":[0.0,-1.28937]},"93s":{"weight":0.0,"played":[0.1615,0.8385],"evs":[0.0,11.32854]},"94s":{"weight":0.0,"played":[0.672,0.328],"evs":[0.0,-8.2078]},"95s":{"weight":0.001,"played":[0.6682,0.3318],"evs":[0.0,-10.84198]},"96s":{"weight":0.0,"played":[0.9072,0.0928],"evs":[0.0,-3.08656]},"97s":{"weight":0.5204,"played":[0.6454,0.3546],"evs":[0.0,-10.12619]},"98s":{"weight":0.8162,"played":[0.3491,0.6509],"evs":[0.0,-1.51763]},"99":{"weight":0.0,"played":[0.2752,0.7248],"evs":[0.0,11.35832]},"T9o":{"weight":0.0,"played":[0.4313,0.5687],"evs":[0.0,-2.22311]},"J9o":{"weight":0.0,"played":[0.8744,0.1256],"evs":[0.0,-5.45968]},"Q9o":{"weight":0.0,"played":[0.4467,0.5533],"evs":[0.0,4.07178]},"K9o":{"weight":0.0,"played":[0.6778,0.3222],"evs":[0.0,3.81999]},"A9o":{"weight":0.0149,"played":[0.0842,0.9158],"evs":[0.0,2.78611]},"T2s":{"weight":0.0,"played":[0.4444,0.5556],"evs":[0.0,-3.36072]},"T3s":{"weight":0.0,"played":[0.9992,8.0E-4],"evs":[0.0,-9.0554]},"T4s":{"weight":1.0E-4,"played":[0.7136,0.2864],"evs":[0.0,-3.04226]},"T5s":{"weight":0.0,"played":[0.8265,0.1735],"evs":[0.0,-13.56528]},"T6s":{"weight":0.0,"played":[0.0,1.0],"evs":[0.0,-9.38894]},"T7s":{"weight":0.0,"played":[0.0,1.0],"evs":[0.0,17.01791]},"T8s":{"weight":0.6561,"played":[0.8566,0.1434],"evs":[0.0,-2.25254]},"T9s":{"weight":0.9994,"played":[1.0,0.0],"evs":[0.0,-3.49874]},"TT":{"weight":0.0,"played":[0.265,0.735],"evs":[0.0,-1.36355]},"JTo":{"weight":0.0,"played":[0.0418,0.9582],"evs":[0.0,19.09664]},"QTo":{"weight":0.4815,"played":[0.1704,0.8296],"evs":[0.0,2.27954]},"KTo":{"weight":0.8893,"played":[0.4868,0.5132],"evs":[0.0,-2.77335]},"ATo":{"weight":1.0E-4,"played":[0.5456,0.4544],"evs":[0.0,0.10771]},"J2s":{"weight":0.0,"played":[0.9157,0.0843],"evs":[0.0,2.54918]},"J3s":{"weight":0.0,"played":[1.0,0.0],"evs":[0.0,-9.39203]},"J4s":{"weight":0.0,"played":[0.3433,0.6567],"evs":[0.0,6.77756]},"J5s":{"weight":0.0,"played":[0.7549,0.2451],"evs":[0.0,-2.19205]},"J6s":{"weight":0.0,"played":[0.9021,0.0979],"evs":[0.0,3.23556]},"J7s":{"weight":0.0,"played":[0.4991,0.5009],"evs":[0.0,4.23571]},"J8s":{"weight":1.0E-4,"played":[0.6619,0.3381],"evs":[0.0,3.75468]},"J9s":{"weight":0.0059,"played":[0.5262,0.4738],"evs":[0.0,0.54133]},"JTs":{"weight":0.9572,"played":[0.9752,0.0248],"evs":[0.0,-14.25678]},"JJ":{"weight":0.0,"played":[0.2999,0.7001],"evs":[0.0,3.72064]},"QJo":{"weight":0.9971,"played":[0.7977,0.2023],"evs":[0.0,-3.84479]},"KJo":{"weight":0.9998,"played":[0.5391,0.4609],"evs":[0.0,-0.46714]},"AJo":{"weight":0.0,"played":[0.3305,0.6695],"evs":[0.0,6.63469]},"Q2s":{"weight":0.0,"played":[0.7882,0.2118],"evs":[0.0,-1.49113]},"Q3s":{"weight":2.0E-4,"played":[0.8323,0.1677],"evs":[0.0,-11.62126]},"Q4s":{"weight":0.0,"played":[0.7886,0.2114],"evs":[0.0,-9.03808]},"Q5s":{"weight":0.0,"played":[0.6529,0.3471],"evs":[0.0,-3.978]},"Q6s":{"weight":0.1844,"played":[0.8259,0.1741],"evs":[0.0,-9.32963]},"Q7s":{"weight":1.0E-4,"played":[0.3736,0.6264],"evs":[0.0,2.55365]},"Q8s":{"weight":0.5745,"played":[0.0777,0.9223],"evs":[0.0,18.56201]},"Q9s":{"weight":0.9972,"played":[0.0,1.0],"evs":[0.0,6.35844]},"QTs":{"weight":0.9995,"played":[0.8101,0.1899],"evs":[0.0,-1.16513]},"QJs":{"weight":0.9999,"played":[0.6084,0.3916],"evs":[0.0,0.89089]},"QQ":{"weight":0.0,"played":[0.0581,0.9419],"evs":[0.0,17.49466]},"KQo":{"weight":0.0018,"played":[0.6468,0.3532],"evs":[0.0,1.94973]},"AQo":{"weight":0.0,"played":[0.0558,0.9442],"evs":[0.0,10.03803]},"K2s":{"weight":0.0,"played":[0.6729,0.3271],"evs":[0.0,-3.14004]},"K3s":{"weight":0.0031,"played":[0.3006,0.6994],"evs":[0.0,1.72515]},"K4s":{"weight":2.0E-4,"played":[1.0,0.0],"evs":[0.0,-4.75414]},"K5s":{"weight":3.0E-4,"played":[0.9528,0.0472],"evs":[0.0,-8.23147]},"K6s":{"weight":7.0E-4,"played":[0.9704,0.0296],"evs":[0.0,-9.61952]},"K7s":{"weight":0.1921,"played":[0.469,0.531],"evs":[0.0,1.21882]},"K8s":{"weight":0.2328,"played":[0.6543,0.3457],"evs":[0.0,-2.64721]},"K9s":{"weight":0.9722,"played":[0.481,0.519],"evs":[0.0,2.84875]},"KTs":{"weight":0.9998,"played":[0.4371,0.5629],"evs":[0.0,7.94494]},"KJs":{"weight":0.8402,"played":[0.3313,0.6687],"evs":[0.0,4.50383]},"KQs":{"weight":1.0E-4,"played":[0.369,0.631],"evs":[0.0,15.8692]},"KK":{"weight":0.0,"played":[0.0,1.0],"evs":[0.0,11.3872]},"AKo":{"weight":0.0,"played":[0.021,0.979],"evs":[0.0,1.01891]},"A2s":{"weight":0.9925,"played":[0.061,0.939],"evs":[0.0,10.31614]},"A3s":{"weight":0.9979,"played":[0.645,0.355],"evs":[0.0,-1.1003]},"A4s":{"weight":0.306,"played":[0.3984,0.6016],"evs":[0.0,0.70578]},"A5s":{"weight":0.1612,"played":[0.9424,0.0576],"evs":[0.0,3.08905]},"A6s":{"weight":0.1112,"played":[0.2943,0.7057],"evs":[0.0,8.53856]},"A7s":{"weight":8.0E-4,"played":[0.3916,0.6084],"evs":[0.0,17.39764]},"A8s":{"weight":0.0024,"played":[0.4626,0.5374],"evs":[0.0,-0.3376]},"A9s":{"weight":0.0043,"played":[0.6936,0.3064],"evs":[0.0,-14.40952]},"ATs":{"weight":0.0,"played":[0.8743,0.1257],"evs":[0.0,3.62619]},"AJs":{"weight":5.0E-4,"played":[1.0,0.0],"evs":[0.0,-10.42982]},"AQs":{"weight":0.0,"played":[0.4496,0.5504],"evs":[0.0,28.35322]},"AKs":{"weight":0.0,"played":[0.0,1.0],"evs":[0.0,5.22508]},"AA":{"weight":0.0,"played":[0.0,1.0],"evs":[0.0,28.35083]}}}