{"player":5,"street":0,"children":2,"sequence":[{"player":0,"type":"R","amount":200000,"street":0},{"player":1,"type":"F","amount":0,"street":0},{"player":2,"type":"C","amount":200000,"street":0},{"player":3,"type":"F","amount":0,"street":0},{"player":4,"type":"R","amount":2035000,"street":0}],"actions":[{"type":"F","amount":0,"node":318},{"type":"C","amount":635000,"node":321}],"hands":{"22":{"weight":1.0,"played":[0.9987,0.0013],"evs":[0.0,-0.26952]},"32o":{"weight":1.0,"played":[1.0,0.0],"evs":[0.0,-1.57008]},"42o":{"weight":1.0,"played":[1.0,0.0],"evs":[0.0,-1.5719]},"52o":{"weight":1.0,"played":[1.0,0.0],"evs":[0.0,-1.49101]},"62o":{"weight":1.0,"played":[1.0,0.0],"evs":[0.0,-1.59756]},"72o":{"weight":1.0,"played":[1.0,0.0],"evs":[0.0,-1.83414]},"82o":{"weight":1.0,"played":[1.0,0.0],"evs":[0.0,-1.6382]},"92o":{"weight":1.0,"played":[1.0,0.0],"evs":[0.0,-1.7982]},"T2o":{"weight":1.0,"played":[1.0,0.0],"evs":[0.0,-1.97425]},"J2o":{"weight":1.0,"played":[1.0,0.0],"evs":[0.0,-1.95342]},"Q2o":{"weight":1.0,"played":[1.0,0.0],"evs":[0.0,-1.74516]},"K2o":{"weight":1.0,"played":[1.0,0.0],"evs":[0.0,-1.68961]},"A2o":{"weight":1.0,"played":[1.0,0.0],"evs":[0.0,-1.14903]},"32s":{"weight":1.0,"played":[0.9995,5.0E-4],"evs":[0.0,-0.83699]},"33":{"weight":1.0,"played":[0.7435,0.2565],"evs":[0.0,-0.09388]},"43o":{"weight":1.0,"played":[1.0,0.0],"evs":[0.0,-1.25435]},"53o":{"weight":1.0,"played":[1.0,0.0],"evs":[0.0,-1.12011]},"63o":{"weight":1.0,"played":[1.0,0.0],"evs":[0.0,-1.27371]},"73o":{"weight":1.0,"played":[1.0,0.0],"evs":[0.0,-1.52619]},"83o":{"weight":1.0,"played":[1.0,0.0],"evs":[0.0,-1.69528]},"93o":{"weight":1.0,"played":[1.0,0.0],"evs":[0.0,-1.71889]},"T3o":{"weight":1.0,"played":[1.0,0.0],"evs":[0.0,-1.93718]},"J3o":{"weight":1.0,"played":[1.0,0.0],"evs":[0.0,-1.79048]},"Q3o":{"weight":1.0,"played":[1.0,0.0],"evs":[0.0,-1.61285]},"K3o":{"weight":1.0,"played":[1.0,0.0],"evs":[0.0,-1.58552]},"A3o":{"weight":1.0,"played":[1.0,0.0],"evs":[0.0,-1.22517]},"42s":{"weight":1.0,"played":[0.9997,3.0E-4],"evs":[0.0,-0.77154]},"43s":{"weight":1.0,"played":[0.9959,0.0041],"evs":[0.0,-0.50526]},"44":{"weight":1.0,"played":[0.5451,0.4549],"evs":[0.0,0.08835]},"54o":{"weight":1.0,"played":[1.0,0.0],"evs":[0.0,-0.78521]},"64o":{"weight":1.0,"played":[1.0,0.0],"evs":[0.0,-0.9597]},"74o":{"weight":1.0,"played":[1.0,0.0],"evs":[0.0,-1.31993]},"84o":{"weight":1.0,"played":[1.0,0.0],"evs":[0.0,-1.4211]},"94o":{"weight":1.0,"played":[1.0,0.0],"evs":[0.0,-1.85685]},"T4o":{"weight":1.0,"played":[1.0,0.0],"evs":[0.0,-1.92108]},"J4o":{"weight":1.0,"played":[1.0,0.0],"evs":[0.0,-1.86722]},"Q4o":{"weight":1.0,"played":[1.0,0.0],"evs":[0.0,-1.49769]},"K4o":{"weight":1.0,"played":[1.0,0.0],"evs":[0.0,-1.44451]},"A4o":{"weight":1.0,"played":[0.9999,1.0E-4],"evs":[0.0,-1.27498]},"52s":{"weight":1.0,"played":[0.9999,1.0E-4],"evs":[0.0,-0.69426]},"53s":{"weight":1.0,"played":[1.0,0.0],"evs":[0.0,-0.35651]},"54s":{"weight":1.0,"played":[0.9247,0.0753],"evs":[0.0,-0.09413]},"55":{"weight":1.0,"played":[0.0042,0.9958],"evs":[0.0,0.45116]},"65o":{"weight":1.0,"played":[0.9999,1.0E-4],"evs":[0.0,-0.66658]},"75o":{"weight":1.0,"played":[1.0,0.0],"evs":[0.0,-0.86523]},"85o":{"weight":1.0,"played":[1.0,0.0],"evs":[0.0,-1.07868]},"95o":{"weight":1.0,"played":[1.0,0.0],"evs":[0.0,-1.54531]},"T5o":{"weight":1.0,"played":[1.0,0.0],"evs":[0.0,-1.99066]},"J5o":{"weight":1.0,"played":[1.0,0.0],"evs":[0.0,-1.78757]},"Q5o":{"weight":1.0,"played":[1.0,0.0],"evs":[0.0,-1.53855]},"K5o":{"weight":1.0,"played":[1.0,0.0],"evs":[0.0,-1.48663]},"A5o":{"weight":1.0,"played":[1.0,0.0],"evs":[0.0,-0.9457]},"62s":{"weight":1.0,"played":[0.9999,1.0E-4],"evs":[0.0,-0.68325]},"63s":{"weight":1.0,"played":[0.9909,0.0091],"evs":[0.0,-0.33782]},"64s":{"weight":1.0,"played":[0.2503,0.7497],"evs":[0.0,-0.03719]},"65s":{"weight":1.0,"played":[0.4415,0.5585],"evs":[0.0,0.01898]},"66":{"weight":1.0,"played":[1.0E-4,0.9999],"evs":[0.0,0.94378]},"76o":{"weight":1.0,"played":[1.0,0.0],"evs":[0.0,-0.54949]},"86o":{"weight":1.0,"played":[0.9996,4.0E-4],"evs":[0.0,-0.78312]},"96o":{"weight":1.0,"played":[1.0,0.0],"evs":[0.0,-1.09716]},"T6o":{"weight":1.0,"played":[1.0,0.0],"evs":[0.0,-1.39244]},"J6o":{"weight":1.0,"played":[1.0,0.0],"evs":[0.0,-1.55512]},"Q6o":{"weight":1.0,"played":[1.0,0.0],"evs":[0.0,-1.21928]},"K6o":{"weight":1.0,"played":[1.0,0.0],"evs":[0.0,-1.23066]},"A6o":{"weight":1.0,"played":[1.0,0.0],"evs":[0.0,-1.21409]},"72s":{"weight":1.0,"played":[0.9998,2.0E-4],"evs":[0.0,-1.11023]},"73s":{"weight":1.0,"played":[0.9995,5.0E-4],"evs":[0.0,-0.81394]},"74s":{"weight":1.0,"played":[1.0,0.0],"evs":[0.0,-0.58587]},"75s":{"weight":1.0,"played":[0.6234,0.3766],"evs":[0.0,-0.20525]},"76s":{"weight":1.0,"played":[2.0E-4,0.9998],"evs":[0.0,0.22244]},"77":{"weight":1.0,"played":[1.0E-4,0.9999],"evs":[0.0,1.35185]},"87o":{"weight":1.0,"played":[1.0,0.0],"evs":[0.0,-0.5402]},"97o":{"weight":1.0,"played":[1.0,0.0],"evs":[0.0,-0.85689]},"T7o":{"weight":1.0,"played":[1.0,0.0],"evs":[0.0,-1.09092]},"J7o":{"weight":1.0,"played":[1.0,0.0],"evs":[0.0,-1.28682]},"Q7o":{"weight":1.0,"played":[1.0,0.0],"evs":[0.0,-1.17121]},"K7o":{"weight":1.0,"played":[1.0,0.0],"evs":[0.0,-1.3046]},"A7o":{"weight":1.0,"played":[1.0,0.0],"evs":[0.0,-0.91708]},"82s":{"weight":1.0,"played":[0.9999,1.0E-4],"evs":[0.0,-0.87077]},"83s":{"weight":1.0,"played":[1.0,0.0],"evs":[0.0,-1.04618]},"84s":{"weight":1.0,"played":[1.0,0.0],"evs":[0.0,-0.59955]},"85s":{"weight":1.0,"played":[0.9903,0.0097],"evs":[0.0,-0.42433]},"86s":{"weight":1.0,"played":[0.3482,0.6518],"evs":[0.0,-0.05059]},"87s":{"weight":1.0,"played":[0.0566,0.9434],"evs":[0.0,0.08194]},"88":{"weight":1.0,"played":[0.0,1.0],"evs":[0.0,1.58274]},"98o":{"weight":1.0,"played":[0.9993,7.0E-4],"evs":[0.0,-0.61237]},"T8o":{"weight":1.0,"played":[1.0,0.0],"evs":[0.0,-0.81806]},"J8o":{"weight":1.0,"played":[1.0,0.0],"evs":[0.0,-0.98352]},"Q8o":{"weight":1.0,"played":[1.0,0.0],"evs":[0.0,-1.01703]},"K8o":{"weight":1.0,"played":[0.9998,2.0E-4],"evs":[0.0,-1.06376]},"A8o":{"weight":1.0,"played":[1.0,0.0],"evs":[0.0,-0.8924]},"92s":{"weight":1.0,"played":[1.0,0.0],"evs":[0.0,-1.16556]},"93s":{"weight":1.0,"played":[0.9999,1.0E-4],"evs":[0.0,-1.16248]},"94s":{"weight":1.0,"played":[1.0,0.0],"evs":[0.0,-1.00826]},"95s":{"weight":1.0,"played":[0.9942,0.0058],"evs":[0.0,-0.60678]},"96s":{"weight":1.0,"played":[1.0,0.0],"evs":[0.0,-0.17896]},"97s":{"weight":1.0,"played":[0.6185,0.3815],"evs":[0.0,-0.08575]},"98s":{"weight":1.0,"played":[0.124,0.876],"evs":[0.0,0.22869]},"99":{"weight":1.0,"played":[0.0,1.0],"evs":[0.0,2.0648]},"T9o":{"weight":1.0,"played":[0.9981,0.0019],"evs":[0.0,-0.72086]},"J9o":{"weight":1.0,"played":[1.0,0.0],"evs":[0.0,-0.96953]},"Q9o":{"weight":1.0,"played":[1.0,0.0],"evs":[0.0,-0.8507]},"K9o":{"weight":1.0,"played":[1.0,0.0],"evs":[0.0,-1.02686]},"A9o":{"weight":1.0,"played":[0.9999,1.0E-4],"evs":[0.0,-0.57056]},"T2s":{"weight":1.0,"played":[1.0,0.0],"evs":[0.0,-1.0707]},"T3s":{"weight":1.0,"played":[0.9991,9.0E-4],"evs":[0.0,-0.90788]},"T4s":{"weight":1.0,"played":[0.9999,1.0E-4],"evs":[0.0,-0.87922]},"T5s":{"weight":1.0,"played":[1.0,0.0],"evs":[0.0,-0.97695]},"T6s":{"weight":1.0,"played":[0.9988,0.0012],"evs":[0.0,-0.65374]},"T7s":{"weight":1.0,"played":[0.9417,0.0583],"evs":[0.0,-0.39244]},"T8s":{"weight":1.0,"played":[0.0126,0.9874],"evs":[0.0,0.15898]},"T9s":{"weight":1.0,"played":[0.1616,0.8384],"evs":[0.0,0.16119]},"TT":{"weight":1.0,"played":[0.0,1.0],"evs":[0.0,2.66936]},"JTo":{"weight":1.0,"played":[1.0,0.0],"evs":[0.0,-0.47054]},"QTo":{"weight":1.0,"played":[0.9988,0.0012],"evs":[0.0,-0.53183]},"KTo":{"weight":1.0,"played":[1.0,0.0],"evs":[0.0,-0.35693]},"ATo":{"weight":1.0,"played":[0.0255,0.9745],"evs":[0.0,0.17635]},"J2s":{"weight":1.0,"played":[0.9997,3.0E-4],"evs":[0.0,-1.05098]},"J3s":{"weight":1.0,"played":[1.0,0.0],"evs":[0.0,-0.9342]},"J4s":{"weight":1.0,"played":[1.0,0.0],"evs":[0.0,-1.00785]},"J5s":{"weight":1.0,"played":[1.0,0.0],"evs":[0.0,-1.01731]},"J6s":{"weight":1.0,"played":[0.9998,2.0E-4],"evs":[0.0,-0.69912]},"J7s":{"weight":1.0,"played":[0.9927,0.0073],"evs":[0.0,-0.46889]},"J8s":{"weight":1.0,"played":[1.0,0.0],"evs":[0.0,-0.22845]},"J9s":{"weight":1.0,"played":[0.8042,0.1958],"evs":[0.0,-0.05216]},"JTs":{"weight":1.0,"played":[0.003,0.997],"evs":[0.0,0.22623]},"JJ":{"weight":1.0,"played":[0.0,1.0],"evs":[0.0,4.06128]},"QJo":{"weight":1.0,"played":[0.9538,0.0462],"evs":[0.0,-0.13814]},"KJo":{"weight":1.0,"played":[0.9996,4.0E-4],"evs":[0.0,-0.1474]},"AJo":{"weight":1.0,"played":[0.0048,0.9952],"evs":[0.0,0.74411]},"Q2s":{"weight":1.0,"played":[0.9998,2.0E-4],"evs":[0.0,-0.86312]},"Q3s":{"weight":1.0,"played":[0.9974,0.0026],"evs":[0.0,-0.64343]},"Q4s":{"weight":1.0,"played":[0.9999,1.0E-4],"evs":[0.0,-0.8222]},"Q5s":{"weight":1.0,"played":[0.9998,2.0E-4],"evs":[0.0,-0.81807]},"Q6s":{"weight":1.0,"played":[0.9984,0.0016],"evs":[0.0,-0.42713]},"Q7s":{"weight":1.0,"played":[0.9926,0.0074],"evs":[0.0,-0.61721]},"Q8s":{"weight":1.0,"played":[0.8271,0.1729],"evs":[0.0,-0.09954]},"Q9s":{"weight":1.0,"played":[0.6056,0.3944],"evs":[0.0,-0.01482]},"QTs":{"weight":1.0,"played":[0.3015,0.6985],"evs":[0.0,0.20733]},"QJs":{"weight":1.0,"played":[0.0082,0.9918],"evs":[0.0,0.4856]},"QQ":{"weight":1.0,"played":[0.0,1.0],"evs":[0.0,5.32272]},"KQo":{"weight":1.0,"played":[0.0267,0.9733],"evs":[0.0,0.30725]},"AQo":{"weight":1.0,"played":[0.0,1.0],"evs":[0.0,1.62439]},"K2s":{"weight":1.0,"played":[0.9998,2.0E-4],"evs":[0.0,-0.85164]},"K3s":{"weight":1.0,"played":[0.9999,1.0E-4],"evs":[0.0,-0.62403]},"K4s":{"weight":1.0,"played":[0.9991,9.0E-4],"evs":[0.0,-0.62201]},"K5s":{"weight":1.0,"played":[0.9967,0.0033],"evs":[0.0,-0.37147]},"K6s":{"weight":1.0,"played":[0.9995,5.0E-4],"evs":[0.0,-0.21387]},"K7s":{"weight":1.0,"played":[0.9989,0.0011],"evs":[0.0,-0.25348]},"K8s":{"weight":1.0,"played":[0.8617,0.1383],"evs":[0.0,-0.19825]},"K9s":{"weight":1.0,"played":[0.8055,0.1945],"evs":[0.0,-0.00502]},"KTs":{"weight":1.0,"played":[0.0011,0.9989],"evs":[0.0,0.50639]},"KJs":{"weight":1.0,"played":[6.0E-4,0.9994],"evs":[0.0,0.53703]},"KQs":{"weight":1.0,"played":[1.0E-4,0.9999],"evs":[0.0,1.32885]},"KK":{"weight":1.0,"played":[0.0,1.0],"evs":[0.0,6.95687]},"AKo":{"weight":1.0,"played":[0.0,1.0],"evs":[0.0,2.35903]},"A2s":{"weight":1.0,"played":[0.9814,0.0186],"evs":[0.0,-0.297]},"A3s":{"weight":1.0,"played":[0.8748,0.1252],"evs":[0.0,-0.49381]},"A4s":{"weight":1.0,"played":[0.9896,0.0104],"evs":[0.0,-0.32164]},"A5s":{"weight":1.0,"played":[0.0706,0.9294],"evs":[0.0,-0.02863]},"A6s":{"weight":1.0,"played":[0.1297,0.8703],"evs":[0.0,0.01918]},"A7s":{"weight":1.0,"played":[0.2474,0.7526],"evs":[0.0,-0.04378]},"A8s":{"weight":1.0,"played":[0.0457,0.9543],"evs":[0.0,0.12942]},"A9s":{"weight":1.0,"played":[0.0199,0.9801],"evs":[0.0,0.38114]},"ATs":{"weight":1.0,"played":[2.0E-4,0.9998],"evs":[0.0,0.99756]},"AJs":{"weight":1.0,"played":[9.0E-4,0.9991],"evs":[0.0,1.73592]},"AQs":{"weight":1.0,"played":[0.0,1.0],"evs":[0.0,2.3855]},"AKs":{"weight":1.0,"played":[0.0,1.0],"evs":[0.0,3.07584]},"AA":{"weight":1.0,"played":[0.0,1.0],"evs":[0.0,9.63337]}}}