{"player":0,"street":0,"children":2,"sequence":[{"player":0,"type":"R","amount":200000,"street":0},{"player":1,"type":"F","amount":0,"street":0},{"player":2,"type":"C","amount":200000,"street":0},{"player":3,"type":"F","amount":0,"street":0},{"player":4,"type":"R","amount":2035000,"street":0},{"player":5,"type":"C","amount":635000,"street":0}],"actions":[{"type":"F","amount":0,"node":322},{"type":"C","amount":1835000,"node":323}],"hands":{"22":{"weight":0.0,"played":[0.0141,0.9859],"evs":[0.0,0.77411]},"32o":{"weight":0.0,"played":[1.0,0.0],"evs":[0.0,-3.98696]},"42o":{"weight":0.0,"played":[1.0,0.0],"evs":[0.0,-4.1387]},"52o":{"weight":0.0,"played":[1.0,0.0],"evs":[0.0,-3.37834]},"62o":{"weight":0.0,"played":[1.0,0.0],"evs":[0.0,-4.16522]},"72o":{"weight":0.0,"played":[1.0,0.0],"evs":[0.0,-4.5683]},"82o":{"weight":0.0,"played":[1.0,0.0],"evs":[0.0,-4.41717]},"92o":{"weight":0.0,"played":[1.0,0.0],"evs":[0.0,-4.65411]},"T2o":{"weight":0.0,"played":[1.0,0.0],"evs":[0.0,-4.43478]},"J2o":{"weight":0.0,"played":[1.0,0.0],"evs":[0.0,-3.94866]},"Q2o":{"weight":0.0,"played":[1.0,0.0],"evs":[0.0,-3.8222]},"K2o":{"weight":0.0,"played":[1.0,0.0],"evs":[0.0,-3.79119]},"A2o":{"weight":0.0,"played":[0.9997,3.0E-4],"evs":[0.0,-3.11841]},"32s":{"weight":0.0,"played":[0.9999,1.0E-4],"evs":[0.0,-2.39105]},"33":{"weight":1.0,"played":[0.0017,0.9983],"evs":[0.0,1.20256]},"43o":{"weight":0.0,"played":[0.9999,1.0E-4],"evs":[0.0,-3.36028]},"53o":{"weight":0.0,"played":[0.9999,1.0E-4],"evs":[0.0,-3.20762]},"63o":{"weight":0.0,"played":[1.0,0.0],"evs":[0.0,-3.4777]},"73o":{"weight":0.0,"played":[1.0,0.0],"evs":[0.0,-4.13029]},"83o":{"weight":0.0,"played":[1.0,0.0],"evs":[0.0,-4.3617]},"93o":{"weight":0.0,"played":[1.0,0.0],"evs":[0.0,-4.22285]},"T3o":{"weight":0.0,"played":[1.0,0.0],"evs":[0.0,-4.39229]},"J3o":{"weight":0.0,"played":[0.9999,1.0E-4],"evs":[0.0,-4.58172]},"Q3o":{"weight":0.0,"played":[1.0,0.0],"evs":[0.0,-3.29163]},"K3o":{"weight":0.0,"played":[1.0,0.0],"evs":[0.0,-3.61644]},"A3o":{"weight":0.0,"played":[0.9991,9.0E-4],"evs":[0.0,-2.40975]},"42s":{"weight":0.0,"played":[1.0,0.0],"evs":[0.0,-1.54294]},"43s":{"weight":0.0,"played":[0.9997,3.0E-4],"evs":[0.0,-1.32526]},"44":{"weight":1.0,"played":[0.0036,0.9964],"evs":[0.0,1.17041]},"54o":{"weight":0.0,"played":[1.0,0.0],"evs":[0.0,-2.5444]},"64o":{"weight":0.0,"played":[1.0,0.0],"evs":[0.0,-2.86049]},"74o":{"weight":0.0,"played":[1.0,0.0],"evs":[0.0,-3.13723]},"84o":{"weight":0.0,"played":[1.0,0.0],"evs":[0.0,-3.4062]},"94o":{"weight":0.0,"played":[1.0,0.0],"evs":[0.0,-4.69914]},"T4o":{"weight":0.0,"played":[1.0,0.0],"evs":[0.0,-3.97404]},"J4o":{"weight":0.0,"played":[1.0,0.0],"evs":[0.0,-4.05552]},"Q4o":{"weight":0.0,"played":[0.9999,1.0E-4],"evs":[0.0,-3.54129]},"K4o":{"weight":0.0,"played":[0.9999,1.0E-4],"evs":[0.0,-3.76137]},"A4o":{"weight":0.0,"played":[0.9999,1.0E-4],"evs":[0.0,-2.67118]},"52s":{"weight":0.0,"played":[0.9992,8.0E-4],"evs":[0.0,-1.86582]},"53s":{"weight":0.0,"played":[0.9975,0.0025],"evs":[0.0,-1.4657]},"54s":{"weight":0.0,"played":[0.9001,0.0999],"evs":[0.0,-0.41661]},"55":{"weight":1.0,"played":[0.0,1.0],"evs":[0.0,2.02575]},"65o":{"weight":0.0,"played":[1.0,0.0],"evs":[0.0,-1.73858]},"75o":{"weight":0.0,"played":[1.0,0.0],"evs":[0.0,-2.72257]},"85o":{"weight":0.0,"played":[0.9999,1.0E-4],"evs":[0.0,-2.61572]},"95o":{"weight":0.0,"played":[1.0,0.0],"evs":[0.0,-3.60645]},"T5o":{"weight":0.0,"played":[1.0,0.0],"evs":[0.0,-4.55685]},"J5o":{"weight":0.0,"played":[1.0,0.0],"evs":[0.0,-3.72309]},"Q5o":{"weight":0.0,"played":[0.9999,1.0E-4],"evs":[0.0,-3.42738]},"K5o":{"weight":0.0,"played":[0.9999,1.0E-4],"evs":[0.0,-3.49168]},"A5o":{"weight":1.0,"played":[1.0,0.0],"evs":[0.0,-2.37451]},"62s":{"weight":0.0,"played":[0.9889,0.0111],"evs":[0.0,-2.49016]},"63s":{"weight":0.0,"played":[0.9984,0.0016],"evs":[0.0,-1.93743]},"64s":{"weight":0.0,"played":[0.9487,0.0513],"evs":[0.0,-0.9886]},"65s":{"weight":0.0,"played":[0.6204,0.3796],"evs":[0.0,0.00996]},"66":{"weight":1.0,"played":[0.0022,0.9978],"evs":[0.0,2.9182]},"76o":{"weight":0.0,"played":[0.9993,7.0E-4],"evs":[0.0,-2.31662]},"86o":{"weight":0.0,"played":[0.9999,1.0E-4],"evs":[0.0,-2.2062]},"96o":{"weight":0.0,"played":[0.9998,2.0E-4],"evs":[0.0,-2.57343]},"T6o":{"weight":0.0,"played":[1.0,0.0],"evs":[0.0,-3.80961]},"J6o":{"weight":0.0,"played":[1.0,0.0],"evs":[0.0,-3.50758]},"Q6o":{"weight":0.0,"played":[0.9998,2.0E-4],"evs":[0.0,-3.05431]},"K6o":{"weight":0.0,"played":[1.0,0.0],"evs":[0.0,-3.30649]},"A6o":{"weight":0.0,"played":[0.9999,1.0E-4],"evs":[0.0,-2.69453]},"72s":{"weight":0.0,"played":[0.9968,0.0032],"evs":[0.0,-3.81398]},"73s":{"weight":0.0,"played":[0.9513,0.0487],"evs":[0.0,-2.01143]},"74s":{"weight":0.0,"played":[0.964,0.036],"evs":[0.0,-1.65096]},"75s":{"weight":0.0,"played":[0.9883,0.0117],"evs":[0.0,-0.2179]},"76s":{"weight":0.0,"played":[0.044,0.956],"evs":[0.0,0.44055]},"77":{"weight":1.0,"played":[0.0,1.0],"evs":[0.0,4.34337]},"87o":{"weight":0.0,"played":[0.9974,0.0026],"evs":[0.0,-1.78688]},"97o":{"weight":0.0,"played":[0.9996,4.0E-4],"evs":[0.0,-2.12646]},"T7o":{"weight":0.0,"played":[1.0,0.0],"evs":[0.0,-3.15466]},"J7o":{"weight":0.0,"played":[1.0,0.0],"evs":[0.0,-3.00425]},"Q7o":{"weight":0.0,"played":[0.9999,1.0E-4],"evs":[0.0,-3.26947]},"K7o":{"weight":0.0,"played":[1.0,0.0],"evs":[0.0,-3.517]},"A7o":{"weight":1.0,"played":[1.0,0.0],"evs":[0.0,-2.23129]},"82s":{"weight":0.0,"played":[0.9977,0.0023],"evs":[0.0,-2.54503]},"83s":{"weight":0.0,"played":[0.9986,0.0014],"evs":[0.0,-3.02427]},"84s":{"weight":0.0,"played":[0.9997,3.0E-4],"evs":[0.0,-1.42065]},"85s":{"weight":0.0,"played":[0.9965,0.0035],"evs":[0.0,-0.56811]},"86s":{"weight":0.0,"played":[0.7161,0.2839],"evs":[0.0,-0.24462]},"87s":{"weight":0.9973,"played":[0.3075,0.6925],"evs":[0.0,-0.19818]},"88":{"weight":0.9995,"played":[0.0,1.0],"evs":[0.0,5.41523]},"98o":{"weight":0.0,"played":[0.9971,0.0029],"evs":[0.0,-1.05916]},"T8o":{"weight":0.0,"played":[1.0,0.0],"evs":[0.0,-1.80664]},"J8o":{"weight":0.0,"played":[1.0,0.0],"evs":[0.0,-1.77791]},"Q8o":{"weight":0.0,"played":[0.9996,4.0E-4],"evs":[0.0,-2.01928]},"K8o":{"weight":0.0,"played":[0.9999,1.0E-4],"evs":[0.0,-2.56863]},"A8o":{"weight":1.0,"played":[0.9981,0.0019],"evs":[0.0,-1.32573]},"92s":{"weight":0.0,"played":[1.0,0.0],"evs":[0.0,-2.48623]},"93s":{"weight":0.0,"played":[1.0,0.0],"evs":[0.0,-2.27907]},"94s":{"weight":0.0,"played":[1.0,0.0],"evs":[0.0,-2.26032]},"95s":{"weight":0.0,"played":[0.9989,0.0011],"evs":[0.0,-2.65272]},"96s":{"weight":0.0,"played":[0.958,0.042],"evs":[0.0,-0.85536]},"97s":{"weight":0.012,"played":[0.723,0.277],"evs":[0.0,-0.13342]},"98s":{"weight":1.0,"played":[0.0252,0.9748],"evs":[0.0,0.47035]},"99":{"weight":1.0,"played":[0.0,1.0],"evs":[0.0,6.61259]},"T9o":{"weight":0.0,"played":[0.9994,6.0E-4],"evs":[0.0,-1.46902]},"J9o":{"weight":0.0,"played":[0.9992,8.0E-4],"evs":[0.0,-1.36539]},"Q9o":{"weight":0.0,"played":[0.9999,1.0E-4],"evs":[0.0,-1.64444]},"K9o":{"weight":0.0,"played":[1.0,0.0],"evs":[0.0,-2.33409]},"A9o":{"weight":1.0,"played":[0.9227,0.0773],"evs":[0.0,-0.7175]},"T2s":{"weight":0.0,"played":[1.0,0.0],"evs":[0.0,-2.16836]},"T3s":{"weight":0.0,"played":[0.9999,1.0E-4],"evs":[0.0,-1.46308]},"T4s":{"weight":0.0,"played":[0.9993,7.0E-4],"evs":[0.0,-2.10571]},"T5s":{"weight":0.0,"played":[0.9296,0.0704],"evs":[0.0,-1.47477]},"T6s":{"weight":0.0,"played":[0.9813,0.0187],"evs":[0.0,-1.43834]},"T7s":{"weight":0.0,"played":[0.6729,0.3271],"evs":[0.0,-0.46094]},"T8s":{"weight":0.9999,"played":[0.7872,0.2128],"evs":[0.0,-0.24072]},"T9s":{"weight":1.0,"played":[0.6348,0.3652],"evs":[0.0,0.07619]},"TT":{"weight":1.0,"played":[0.0,1.0],"evs":[0.0,8.18836]},"JTo":{"weight":1.0,"played":[0.9999,1.0E-4],"evs":[0.0,-1.177]},"QTo":{"weight":1.0,"played":[0.9944,0.0056],"evs":[0.0,-1.12243]},"KTo":{"weight":1.0,"played":[0.9998,2.0E-4],"evs":[0.0,-1.43967]},"ATo":{"weight":1.0,"played":[0.0138,0.9862],"evs":[0.0,0.78809]},"J2s":{"weight":0.0,"played":[0.9997,3.0E-4],"evs":[0.0,-2.24142]},"J3s":{"weight":0.0,"played":[0.9993,7.0E-4],"evs":[0.0,-2.62355]},"J4s":{"weight":0.0,"played":[0.992,0.008],"evs":[0.0,-1.99767]},"J5s":{"weight":0.0,"played":[0.9989,0.0011],"evs":[0.0,-2.3548]},"J6s":{"weight":0.0,"played":[0.9998,2.0E-4],"evs":[0.0,-2.04756]},"J7s":{"weight":0.0,"played":[0.9947,0.0053],"evs":[0.0,-1.37884]},"J8s":{"weight":1.0,"played":[0.9441,0.0559],"evs":[0.0,-0.27083]},"J9s":{"weight":1.0,"played":[0.6313,0.3687],"evs":[0.0,-0.19427]},"JTs":{"weight":1.0,"played":[0.0464,0.9536],"evs":[0.0,0.91059]},"JJ":{"weight":1.0,"played":[0.0,1.0],"evs":[0.0,10.8794]},"QJo":{"weight":1.0,"played":[0.9867,0.0133],"evs":[0.0,-0.96885]},"KJo":{"weight":1.0,"played":[0.9909,0.0091],"evs":[0.0,-0.667]},"AJo":{"weight":1.0,"played":[0.0,1.0],"evs":[0.0,2.86013]},"Q2s":{"weight":0.0,"played":[0.9995,5.0E-4],"evs":[0.0,-1.24024]},"Q3s":{"weight":0.0,"played":[0.977,0.023],"evs":[0.0,-2.31605]},"Q4s":{"weight":0.0,"played":[0.9997,3.0E-4],"evs":[0.0,-2.6329]},"Q5s":{"weight":0.0,"played":[0.9993,7.0E-4],"evs":[0.0,-1.57716]},"Q6s":{"weight":0.0,"played":[0.993,0.007],"evs":[0.0,-1.78016]},"Q7s":{"weight":0.0,"played":[0.9988,0.0012],"evs":[0.0,-1.39879]},"Q8s":{"weight":1.0,"played":[0.9625,0.0375],"evs":[0.0,-0.44738]},"Q9s":{"weight":1.0,"played":[0.0047,0.9953],"evs":[0.0,0.326]},"QTs":{"weight":1.0,"played":[0.0724,0.9276],"evs":[0.0,0.13376]},"QJs":{"weight":1.0,"played":[0.0037,0.9963],"evs":[0.0,1.00803]},"QQ":{"weight":1.0,"played":[0.0,1.0],"evs":[0.0,13.70851]},"KQo":{"weight":1.0,"played":[0.0134,0.9866],"evs":[0.0,0.33136]},"AQo":{"weight":1.0,"played":[0.0,1.0],"evs":[0.0,5.29636]},"K2s":{"weight":0.0,"played":[0.9846,0.0154],"evs":[0.0,-1.77465]},"K3s":{"weight":0.0,"played":[0.9991,9.0E-4],"evs":[0.0,-1.83045]},"K4s":{"weight":0.0,"played":[0.9827,0.0173],"evs":[0.0,-1.21283]},"K5s":{"weight":0.0113,"played":[0.9967,0.0033],"evs":[0.0,-2.23813]},"K6s":{"weight":0.9998,"played":[0.9999,1.0E-4],"evs":[0.0,-0.79941]},"K7s":{"weight":1.0,"played":[0.9842,0.0158],"evs":[0.0,-0.31444]},"K8s":{"weight":1.0,"played":[0.9704,0.0296],"evs":[0.0,-0.81953]},"K9s":{"weight":1.0,"played":[0.9511,0.0489],"evs":[0.0,-0.21905]},"KTs":{"weight":0.9992,"played":[0.4881,0.5119],"evs":[0.0,-0.3704]},"KJs":{"weight":1.0,"played":[0.0011,0.9989],"evs":[0.0,1.26857]},"KQs":{"weight":1.0,"played":[6.0E-4,0.9994],"evs":[0.0,2.7493]},"KK":{"weight":1.0,"played":[0.0,1.0],"evs":[0.0,17.73676]},"AKo":{"weight":0.9994,"played":[0.0,1.0],"evs":[0.0,7.33884]},"A2s":{"weight":1.0,"played":[0.9991,9.0E-4],"evs":[0.0,-0.40349]},"A3s":{"weight":1.0,"played":[0.8675,0.1325],"evs":[0.0,-0.86353]},"A4s":{"weight":1.0,"played":[0.5881,0.4119],"evs":[0.0,0.12098]},"A5s":{"weight":1.0,"played":[0.9727,0.0273],"evs":[0.0,-0.1463]},"A6s":{"weight":1.0,"played":[0.9796,0.0204],"evs":[0.0,-0.73923]},"A7s":{"weight":1.0,"played":[0.966,0.034],"evs":[0.0,-0.64498]},"A8s":{"weight":1.0,"played":[0.4075,0.5925],"evs":[0.0,0.23702]},"A9s":{"weight":1.0,"played":[0.0106,0.9894],"evs":[0.0,2.06819]},"ATs":{"weight":1.0,"played":[1.0E-4,0.9999],"evs":[0.0,3.23344]},"AJs":{"weight":1.0,"played":[0.0,1.0],"evs":[0.0,4.9738]},"AQs":{"weight":1.0,"played":[0.0,1.0],"evs":[0.0,6.62967]},"AKs":{"weight":1.0,"played":[0.0,1.0],"evs":[0.0,9.87018]},"AA":{"weight":1.0,"played":[0.0,1.0],"evs":[0.0,24.5809]}}}