{"player":3,"street":0,"children":2,"sequence":[{"player":0,"type":"R","amount":200000,"street":0},{"player":1,"type":"F","amount":0,"street":0},{"player":2,"type":"C","amount":200000,"street":0},{"player":3,"type":"C","amount":200000,"street":0},{"player":4,"type":"F","amount":0,"street":0},{"player":5,"type":"R","amount":735000,"street":0},{"player":0,"type":"F","amount":0,"street":0},{"player":2,"type":"F","amount":0,"street":0}],"actions":[{"type":"F","amount":0},{"type":"C","amount":535000}],"hands":{"22":{"weight":0.0,"played":[0.1525,0.8475],"evs":[0.0,7.55316]},"32o":{"weight":0.0,"played":[0.2449,0.7551],"evs":[0.0,0.75437]},"42o":{"weight":0.0,"played":[0.2253,0.7747],"evs":[0.0,3.16475]},"52o":{"weight":0.0,"played":[0.0,1.0],"evs":[0.0,0.37463]},"62o":{"weight":0.0,"played":[0.8351,0.1649],"evs":[0.0,-0.155]},"72o":{"weight":0.0,"played":[0.6422,0.3578],"evs":[0.0,-3.1299]},"82o":{"weight":0.0,"played":[0.1007,0.8993],"evs":[0.0,4.78641]},"92o":{"weight":0.0,"played":[0.0019,0.9981],"evs":[0.0,4.89345]},"T2o":{"weight":0.0,"played":[0.2516,0.7484],"evs":[0.0,0.78385]},"J2o":{"weight":0.0,"played":[0.1585,0.8415],"evs":[0.0,0.30773]},"Q2o":{"weight":0.0,"played":[0.0223,0.9777],"evs":[0.0,1.97846]},"K2o":{"weight":0.0,"played":[0.4934,0.5066],"evs":[0.0,-2.10516]},"A2o":{"weight":0.0,"played":[0.0778,0.9222],"evs":[0.0,4.11659]},"32s":{"weight":0.0,"played":[0.3615,0.6385],"evs":[0.0,8.99808]},"33":{"weight":0.0,"played":[0.1505,0.8495],"evs":[0.0,2.11018]},"43o":{"weight":0.0,"played":[0.1525,0.8475],"evs":[0.0,3.82612]},"53o":{"weight":0.0,"played":[0.0,1.0],"evs":[0.0,-0.84307]},"63o":{"weight":0.0,"played":[0.1557,0.8443],"evs":[0.0,3.79006]},"73o":{"weight":0.0,"played":[0.3177,0.6823],"evs":[0.0,6.61431]},"83o":{"weight":0.0,"played":[0.9589,0.0411],"evs":[0.0,-2.85501]},"93o":{"weight":0.0,"played":[0.1411,0.8589],"evs":[0.0,0.81707]},"T3o":{"weight":0.0,"played":[0.592,0.408],"evs":[0.0,4.58046]},"J3o":{"weight":0.0,"played":[0.4193,0.5807],"evs":[0.0,-0.16391]},"Q3o":{"weight":0.0,"played":[0.5273,0.4727],"evs":[0.0,3.82583]},"K3o":{"weight":0.0,"played":[0.1415,0.8585],"evs":[0.0,4.05752]},"A3o":{"weight":0.0,"played":[0.1418,0.8582],"evs":[0.0,6.82793]},"42s":{"weight":0.0,"played":[0.4251,0.5749],"evs":[0.0,0.03509]},"43s":{"weight":0.0,"played":[0.488,0.512],"evs":[0.0,0.74359]},"44":{"weight":0.9773,"played":[0.9482,0.0518],"evs":[0.0,-4.48502]},"54o":{"weight":0.0,"played":[0.2579,0.7421],"evs":[0.0,1.64346]},"64o":{"weight":0.0,"played":[0.0904,0.9096],"evs":[0.0,4.22768]},"74o":{"weight":0.0,"played":[0.4602,0.5398],"evs":[0.0,1.11942]},"84o":{"weight":0.0,"played":[0.2328,0.7672],"evs":[0.0,2.11148]},"94o":{"weight":0.0,"played":[0.518,0.482],"evs":[0.0,0.18526]},"T4o":{"weight":0.0,"played":[0.2886,0.7114],"evs":[0.0,2.64782]},"J4o":{"weight":0.0,"played":[0.0435,0.9565],"evs":[0.0,1.10801]},"Q4o":{"weight":0.0,"played":[0.0,1.0],"evs":[0.0,4.5946]},"K4o":{"weight":0.0,"played":[0.0031,0.9969],"evs":[0.0,12.58148]},"A4o":{"weight":0.0,"played":[0.0017,0.9983],"evs":[0.0,4.55222]},"52s":{"weight":0.0,"played":[0.0,1.0],"evs":[0.0,5.92493]},"53s":{"weight":0.0,"played":[0.4443,0.5557],"evs":[0.0,8.50168]},"54s":{"weight":0.0,"played":[1.0,0.0],"evs":[0.0,-4.48502]},"55":{"weight":0.8847,"played":[0.0,1.0],"evs":[0.0,7.2176]},"65o":{"weight":0.0,"played":[0.5638,0.4362],"evs":[0.0,2.44224]},"75o":{"weight":0.0,"played":[0.0169,0.9831],"evs":[0.0,6.01894]},"85o":{"weight":0.0,"played":[0.6445,0.3555],"evs":[0.0,-0.78029]},"95o":{"weight":0.0,"played":[0.2359,0.7641],"evs":[0.0,3.75042]},"T5o":{"weight":0.0,"played":[0.7486,0.2514],"evs":[0.0,4.73211]},"J5o":{"weight":0.0,"played":[0.708,0.292],"evs":[0.0,6.47461]},"Q5o":{"weight":0.0,"played":[0.0737,0.9263],"evs":[0.0,4.47879]},"K5o":{"weight":0.0,"played":[0.2319,0.7681],"evs":[0.0,-0.52551]},"A5o":{"weight":0.0,"played":[0.5108,0.4892],"evs":[0.0,-0.41836]},"62s":{"weight":0.0,"played":[0.0,1.0],"evs":[0.0,-4.48502]},"63s":{"weight":0.0,"played":[0.7018,0.2982],"evs":[0.0,-3.73343]},"64s":{"weight":0.0,"played":[0.4266,0.5734],"evs":[0.0,1.92069]},"65s":{"weight":0.0,"played":[0.0309,0.9691],"evs":[0.0,14.23269]},"66":{"weight":0.0,"played":[1.0,0.0],"evs":[0.0,-4.48502]},"76o":{"weight":0.0,"played":[0.1638,0.8362],"evs":[0.0,2.47677]},"86o":{"weight":0.0,"played":[0.448,0.552],"evs":[0.0,5.93257]},"96o":{"weight":0.0,"played":[0.1285,0.8715],"evs":[0.0,3.24599]},"T6o":{"weight":0.0,"played":[1.0,0.0],"evs":[0.0,-4.48502]},"J6o":{"weight":0.0,"played":[0.0317,0.9683],"evs":[0.0,11.83919]},"Q6o":{"weight":0.0,"played":[0.0,1.0],"evs":[0.0,6.04407]},"K6o":{"weight":0.0,"played":[0.6637,0.3363],"evs":[0.0,-1.96443]},"A6o":{"weight":0.0,"played":[0.0628,0.9372],"evs":[0.0,11.79346]},"72s":{"weight":0.0,"played":[0.2299,0.7701],"evs":[0.0,5.48559]},"73s":{"weight":0.0,"played":[0.3596,0.6404],"evs":[0.0,-1.00742]},"74s":{"weight":0.0,"played":[0.4018,0.5982],"evs":[0.0,3.40521]},"75s":{"weight":0.0,"played":[0.6074,0.3926],"evs":[0.0,2.59554]},"76s":{"weight":0.0,"played":[0.1025,0.8975],"evs":[0.0,5.69064]},"77":{"weight":0.0,"played":[0.0,1.0],"evs":[0.0,7.86141]},"87o":{"weight":0.0,"played":[0.4122,0.5878],"evs":[0.0,4.27144]},"97o":{"weight":0.0,"played":[0.6303,0.3697],"evs":[0.0,-0.55915]},"T7o":{"weight":0.0,"played":[0.1339,0.8661],"evs":[0.0,6.72707]},"J7o":{"weight":0.0,"played":[0.1401,0.8599],"evs":[0.0,9.79819]},"Q7o":{"weight":0.0,"played":[0.0971,0.9029],"evs":[0.0,-0.83092]},"K7o":{"weight":0.0,"played":[0.4819,0.5181],"evs":[0.0,1.62573]},"A7o":{"weight":0.0,"played":[0.0,1.0],"evs":[0.0,3.9232]},"82s":{"weight":0.0,"played":[0.0814,0.9186],"evs":[0.0,6.80158]},"83s":{"weight":0.0,"played":[0.0,1.0],"evs":[0.0,-4.48502]},"84s":{"weight":0.0,"played":[0.0145,0.9855],"evs":[0.0,-4.48502]},"85s":{"weight":0.0,"played":[0.0,1.0],"evs":[0.0,14.23269]},"86s":{"weight":0.0,"played":[0.9385,0.0615],"evs":[0.0,2.88904]},"87s":{"weight":0.0,"played":[0.3854,0.6146],"evs":[0.0,2.65332]},"88":{"weight":0.0,"played":[0.0865,0.9135],"evs":[0.0,14.23269]},"98o":{"weight":0.0,"played":[0.9359,0.0641],"evs":[0.0,3.14206]},"T8o":{"weight":0.0,"played":[0.5822,0.4178],"evs":[0.0,-2.09924]},"J8o":{"weight":0.0,"played":[0.1767,0.8233],"evs":[0.0,5.89835]},"Q8o":{"weight":0.0,"played":[0.5848,0.4152],"evs":[0.0,0.51412]},"K8o":{"weight":0.0,"played":[0.2831,0.7169],"evs":[0.0,5.19505]},"A8o":{"weight":0.3041,"played":[0.0,1.0],"evs":[0.0,4.85342]},"92s":{"weight":0.0,"played":[0.3201,0.6799],"evs":[0.0,1.50579]},"93s":{"weight":0.0,"played":[0.4842,0.5158],"evs":[0.0,6.43534]},"94s":{"weight":0.0,"played":[0.3898,0.6102],"evs":[0.0,0.94014]},"95s":{"weight":0.0,"played":[0.8763,0.1237],"evs":[0.0,-4.48502]},"96s":{"weight":0.0,"played":[0.0,1.0],"evs":[0.0,14.23269]},"97s":{"weight":0.0,"played":[0.5252,0.4748],"evs":[0.0,-4.48502]},"98s":{"weight":4.0E-4,"played":[0.3792,0.6208],"evs":[0.0,-0.16631]},"99":{"weight":0.0,"played":[0.0,1.0],"evs":[0.0,-4.48502]},"T9o":{"weight":0.0,"played":[0.531,0.469],"evs":[0.0,-0.02872]},"J9o":{"weight":0.0,"played":[0.1106,0.8894],"evs":[0.0,-0.87652]},"Q9o":{"weight":0.0,"played":[0.856,0.144],"evs":[0.0,-4.43192]},"K9o":{"weight":0.0,"played":[0.2172,0.7828],"evs":[0.0,8.37174]},"A9o":{"weight":0.8053,"played":[0.0,1.0],"evs":[0.0,1.32563]},"T2s":{"weight":0.0,"played":[0.6609,0.3391],"evs":[0.0,-4.48502]},"T3s":{"weight":0.0,"played":[0.4631,0.5369],"evs":[0.0,4.18268]},"T4s":{"weight":0.0,"played":[0.9304,0.0696],"evs":[0.0,-4.48502]},"T5s":{"weight":0.0,"played":[0.3687,0.6313],"evs":[0.0,4.62667]},"T6s":{"weight":0.0,"played":[0.9287,0.0713],"evs":[0.0,-4.48502]},"T7s":{"weight":0.0,"played":[0.8611,0.1389],"evs":[0.0,-4.11602]},"T8s":{"weight":6.0E-4,"played":[0.524,0.476],"evs":[0.0,6.26324]},"T9s":{"weight":0.0,"played":[0.9126,0.0874],"evs":[0.0,-4.48502]},"TT":{"weight":0.0,"played":[0.0,1.0],"evs":[0.0,6.41084]},"JTo":{"weight":0.0,"played":[0.6438,0.3562],"evs":[0.0,1.9707]},"QTo":{"weight":0.0,"played":[0.4033,0.5967],"evs":[0.0,0.2406]},"KTo":{"weight":0.0,"played":[0.0,1.0],"evs":[0.0,14.23269]},"ATo":{"weight":0.0,"played":[0.1332,0.8668],"evs":[0.0,8.78362]},"J2s":{"weight":0.0,"played":[0.8867,0.1133],"evs":[0.0,4.51412]},"J3s":{"weight":0.0,"played":[1.0,0.0],"evs":[0.0,10.82947]},"J4s":{"weight":0.0,"played":[0.773,0.227],"evs":[0.0,-4.48502]},"J5s":{"weight":0.0,"played":[0.0,1.0],"evs":[0.0,14.23269]},"J6s":{"weight":0.0,"played":[0.2382,0.7618],"evs":[0.0,2.36127]},"J7s":{"weight":0.0,"played":[1.0,0.0],"evs":[0.0,-4.48502]},"J8s":{"weight":0.0016,"played":[0.0,1.0],"evs":[0.0,4.22589]},"J9s":{"weight":0.0018,"played":[0.0,1.0],"evs":[0.0,14.23269]},"JTs":{"weight":0.0888,"played":[0.4265,0.5735],"evs":[0.0,6.33102]},"JJ":{"weight":0.0,"played":[0.0,1.0],"evs":[0.0,14.23269]},"QJo":{"weight":0.0,"played":[0.0039,0.9961],"evs":[0.0,5.51801]},"KJo":{"weight":0.7255,"played":[0.1596,0.8404],"evs":[0.0,1.76422]},"AJo":{"weight":0.0,"played":[0.2476,0.7524],"evs":[0.0,9.49525]},"Q2s":{"weight":0.0,"played":[0.7197,0.2803],"evs":[0.0,8.98632]},"Q3s":{"weight":0.0,"played":[0.3983,0.6017],"evs":[0.0,5.40814]},"Q4s":{"weight":0.0,"played":[0.5798,0.4202],"evs":[0.0,7.06927]},"Q5s":{"weight":0.0,"played":[0.2713,0.7287],"evs":[0.0,13.04268]},"Q6s":{"weight":0.0,"played":[0.0424,0.9576],"evs":[0.0,1.83077]},"Q7s":{"weight":0.0,"played":[0.0,1.0],"evs":[0.0,1.07379]},"Q8s":{"weight":0.0,"played":[0.0403,0.9597],"evs":[0.0,-0.06358]},"Q9s":{"weight":2.0E-4,"played":[0.7127,0.2873],"evs":[0.0,5.97292]},"QTs":{"weight":0.999,"played":[0.5,0.5],"evs":[0.0,4.87383]},"QJs":{"weight":0.996,"played":[0.0,1.0],"evs":[0.0,8.41241]},"QQ":{"weight":0.0,"played":[0.0,1.0],"evs":[0.0,8.48592]},"KQo":{"weight":0.0246,"played":[0.0184,0.9816],"evs":[0.0,7.13318]},"AQo":{"weight":0.0,"played":[0.0025,0.9975],"evs":[0.0,9.51797]},"K2s":{"weight":0.0,"played":[0.5736,0.4264],"evs":[0.0,-4.48502]},"K3s":{"weight":0.0,"played":[0.0,1.0],"evs":[0.0,-4.48502]},"K4s":{"weight":0.0,"played":[0.6124,0.3876],"evs":[0.0,6.97702]},"K5s":{"weight":0.0,"played":[1.0,0.0],"evs":[0.0,-4.48502]},"K6s":{"weight":0.0,"played":[0.0,1.0],"evs":[0.0,-0.94685]},"K7s":{"weight":0.0,"played":[0.2625,0.7375],"evs":[0.0,7.62408]},"K8s":{"weight":0.0,"played":[0.5823,0.4177],"evs":[0.0,2.64735]},"K9s":{"weight":1.0E-4,"played":[0.9582,0.0418],"evs":[0.0,6.85905]},"KTs":{"weight":0.9988,"played":[0.4295,0.5705],"evs":[0.0,3.70842]},"KJs":{"weight":0.9329,"played":[0.0088,0.9912],"evs":[0.0,0.62652]},"KQs":{"weight":0.0068,"played":[0.1244,0.8756],"evs":[0.0,9.13436]},"KK":{"weight":0.0,"played":[0.0,1.0],"evs":[0.0,8.39598]},"AKo":{"weight":0.0,"played":[0.0,1.0],"evs":[0.0,9.94618]},"A2s":{"weight":0.3722,"played":[0.7015,0.2985],"evs":[0.0,5.44364]},"A3s":{"weight":0.8202,"played":[0.6231,0.3769],"evs":[0.0,-4.48502]},"A4s":{"weight":0.7694,"played":[0.0,1.0],"evs":[0.0,1.86261]},"A5s":{"weight":0.3406,"played":[0.0,1.0],"evs":[0.0,4.1596]},"A6s":{"weight":0.0023,"played":[1.0,0.0],"evs":[0.0,14.23269]},"A7s":{"weight":0.0051,"played":[0.4271,0.5729],"evs":[0.0,9.01599]},"A8s":{"weight":0.0456,"played":[0.0,1.0],"evs":[0.0,-4.48502]},"A9s":{"weight":0.0015,"played":[0.2859,0.7141],"evs":[0.0,4.21402]},"ATs":{"weight":2.0E-4,"played":[0.0,1.0],"evs":[0.0,14.23269]},"AJs":{"weight":2.0E-4,"played":[0.3147,0.6853],"evs":[0.0,8.93399]},"AQs":{"weight":1.0E-4,"played":[0.7107,0.2893],"evs":[0.0,8.81848]},"AKs":{"weight":1.0E-4,"played":[0.0289,0.9711],"evs":[0.0,14.0534]},"AA":{"weight":0.0016,"played":[0.0,1.0],"evs":[0.0,14.23269]}}}