{"player":3,"street":0,"children":2,"sequence":[{"player":0,"type":"R","amount":200000,"street":0},{"player":1,"type":"F","amount":0,"street":0},{"player":2,"type":"C","amount":200000,"street":0},{"player":3,"type":"C","amount":200000,"street":0},{"player":4,"type":"F","amount":0,"street":0},{"player":5,"type":"R","amount":735000,"street":0},{"player":0,"type":"R","amount":1905000,"street":0},{"player":2,"type":"C","amount":785000,"street":0}],"actions":[{"type":"F","amount":0},{"type":"C","amount":1705000}],"hands":{"22":{"weight":0.0,"played":[0.1482,0.8518],"evs":[0.0,0.5073]},"32o":{"weight":0.0,"played":[1.0,0.0],"evs":[0.0,-4.36302]},"42o":{"weight":0.0,"played":[1.0,0.0],"evs":[0.0,-4.19547]},"52o":{"weight":0.0,"played":[1.0,0.0],"evs":[0.0,-4.23177]},"62o":{"weight":0.0,"played":[1.0,0.0],"evs":[0.0,-3.99457]},"72o":{"weight":0.0,"played":[1.0,0.0],"evs":[0.0,-5.0564]},"82o":{"weight":0.0,"played":[1.0,0.0],"evs":[0.0,-4.40935]},"92o":{"weight":0.0,"played":[1.0,0.0],"evs":[0.0,-4.97906]},"T2o":{"weight":0.0,"played":[1.0,0.0],"evs":[0.0,-4.52401]},"J2o":{"weight":0.0,"played":[1.0,0.0],"evs":[0.0,-4.89247]},"Q2o":{"weight":0.0,"played":[1.0,0.0],"evs":[0.0,-3.54404]},"K2o":{"weight":0.0,"played":[1.0,0.0],"evs":[0.0,-3.15158]},"A2o":{"weight":0.0,"played":[0.9999,1.0E-4],"evs":[0.0,-1.58788]},"32s":{"weight":0.0,"played":[1.0,0.0],"evs":[0.0,-2.47604]},"33":{"weight":0.0,"played":[0.0037,0.9963],"evs":[0.0,0.82885]},"43o":{"weight":0.0,"played":[1.0,0.0],"evs":[0.0,-3.54958]},"53o":{"weight":0.0,"played":[1.0,0.0],"evs":[0.0,-3.12071]},"63o":{"weight":0.0,"played":[1.0,0.0],"evs":[0.0,-3.49436]},"73o":{"weight":0.0,"played":[1.0,0.0],"evs":[0.0,-4.0987]},"83o":{"weight":0.0,"played":[1.0,0.0],"evs":[0.0,-4.38211]},"93o":{"weight":0.0,"played":[1.0,0.0],"evs":[0.0,-4.27997]},"T3o":{"weight":0.0,"played":[1.0,0.0],"evs":[0.0,-4.39442]},"J3o":{"weight":0.0,"played":[1.0,0.0],"evs":[0.0,-4.22268]},"Q3o":{"weight":0.0,"played":[1.0,0.0],"evs":[0.0,-3.66931]},"K3o":{"weight":0.0,"played":[1.0,0.0],"evs":[0.0,-3.1948]},"A3o":{"weight":0.0,"played":[0.9995,5.0E-4],"evs":[0.0,-1.18992]},"42s":{"weight":0.0,"played":[0.9996,4.0E-4],"evs":[0.0,-2.66245]},"43s":{"weight":0.0,"played":[0.9918,0.0082],"evs":[0.0,-2.45842]},"44":{"weight":0.9773,"played":[0.0,1.0],"evs":[0.0,1.35017]},"54o":{"weight":0.0,"played":[1.0,0.0],"evs":[0.0,-2.69094]},"64o":{"weight":0.0,"played":[1.0,0.0],"evs":[0.0,-2.44786]},"74o":{"weight":0.0,"played":[1.0,0.0],"evs":[0.0,-3.64172]},"84o":{"weight":0.0,"played":[1.0,0.0],"evs":[0.0,-3.5256]},"94o":{"weight":0.0,"played":[1.0,0.0],"evs":[0.0,-4.31981]},"T4o":{"weight":0.0,"played":[1.0,0.0],"evs":[0.0,-4.55288]},"J4o":{"weight":0.0,"played":[1.0,0.0],"evs":[0.0,-4.57666]},"Q4o":{"weight":0.0,"played":[1.0,0.0],"evs":[0.0,-3.55117]},"K4o":{"weight":0.0,"played":[1.0,0.0],"evs":[0.0,-3.10012]},"A4o":{"weight":0.0,"played":[1.0,0.0],"evs":[0.0,-1.02141]},"52s":{"weight":0.0,"played":[0.9915,0.0085],"evs":[0.0,-2.20523]},"53s":{"weight":0.0,"played":[0.987,0.013],"evs":[0.0,-0.88665]},"54s":{"weight":0.0,"played":[0.9939,0.0061],"evs":[0.0,-1.46863]},"55":{"weight":0.8847,"played":[2.0E-4,0.9998],"evs":[0.0,1.95743]},"65o":{"weight":0.0,"played":[1.0,0.0],"evs":[0.0,-1.94098]},"75o":{"weight":0.0,"played":[1.0,0.0],"evs":[0.0,-2.59681]},"85o":{"weight":0.0,"played":[1.0,0.0],"evs":[0.0,-3.1994]},"95o":{"weight":0.0,"played":[1.0,0.0],"evs":[0.0,-3.728]},"T5o":{"weight":0.0,"played":[1.0,0.0],"evs":[0.0,-4.74222]},"J5o":{"weight":0.0,"played":[1.0,0.0],"evs":[0.0,-4.30158]},"Q5o":{"weight":0.0,"played":[1.0,0.0],"evs":[0.0,-3.74607]},"K5o":{"weight":0.0,"played":[1.0,0.0],"evs":[0.0,-2.66562]},"A5o":{"weight":0.0,"played":[0.9995,5.0E-4],"evs":[0.0,-0.83445]},"62s":{"weight":0.0,"played":[0.9996,4.0E-4],"evs":[0.0,-1.53124]},"63s":{"weight":0.0,"played":[0.9998,2.0E-4],"evs":[0.0,-1.94493]},"64s":{"weight":0.0,"played":[0.9996,4.0E-4],"evs":[0.0,-1.42669]},"65s":{"weight":0.0,"played":[0.9705,0.0295],"evs":[0.0,-1.16375]},"66":{"weight":0.0,"played":[1.0E-4,0.9999],"evs":[0.0,3.4351]},"76o":{"weight":0.0,"played":[1.0,0.0],"evs":[0.0,-2.26646]},"86o":{"weight":0.0,"played":[0.9999,1.0E-4],"evs":[0.0,-1.96466]},"96o":{"weight":0.0,"played":[1.0,0.0],"evs":[0.0,-2.72194]},"T6o":{"weight":0.0,"played":[1.0,0.0],"evs":[0.0,-3.72636]},"J6o":{"weight":0.0,"played":[1.0,0.0],"evs":[0.0,-3.83522]},"Q6o":{"weight":0.0,"played":[0.9999,1.0E-4],"evs":[0.0,-3.02099]},"K6o":{"weight":0.0,"played":[1.0,0.0],"evs":[0.0,-2.52476]},"A6o":{"weight":0.0,"played":[1.0,0.0],"evs":[0.0,-0.60134]},"72s":{"weight":0.0,"played":[1.0,0.0],"evs":[0.0,-3.11642]},"73s":{"weight":0.0,"played":[1.0,0.0],"evs":[0.0,-2.48172]},"74s":{"weight":0.0,"played":[0.9989,0.0011],"evs":[0.0,-1.45113]},"75s":{"weight":0.0,"played":[0.9985,0.0015],"evs":[0.0,-0.89005]},"76s":{"weight":0.0,"played":[0.7121,0.2879],"evs":[0.0,-0.40751]},"77":{"weight":0.0,"played":[0.0,1.0],"evs":[0.0,3.82899]},"87o":{"weight":0.0,"played":[1.0,0.0],"evs":[0.0,-1.81621]},"97o":{"weight":0.0,"played":[1.0,0.0],"evs":[0.0,-2.31254]},"T7o":{"weight":0.0,"played":[1.0,0.0],"evs":[0.0,-3.27791]},"J7o":{"weight":0.0,"played":[0.9999,1.0E-4],"evs":[0.0,-3.31951]},"Q7o":{"weight":0.0,"played":[1.0,0.0],"evs":[0.0,-3.06796]},"K7o":{"weight":0.0,"played":[1.0,0.0],"evs":[0.0,-2.09894]},"A7o":{"weight":0.0,"played":[0.9826,0.0174],"evs":[0.0,-0.67497]},"82s":{"weight":0.0,"played":[0.9999,1.0E-4],"evs":[0.0,-3.0098]},"83s":{"weight":0.0,"played":[0.9991,9.0E-4],"evs":[0.0,-3.02398]},"84s":{"weight":0.0,"played":[0.9998,2.0E-4],"evs":[0.0,-2.20019]},"85s":{"weight":0.0,"played":[0.9803,0.0197],"evs":[0.0,-0.62934]},"86s":{"weight":0.0,"played":[0.9391,0.0609],"evs":[0.0,-0.37533]},"87s":{"weight":0.0,"played":[0.9751,0.0249],"evs":[0.0,-0.30832]},"88":{"weight":0.0,"played":[1.0E-4,0.9999],"evs":[0.0,4.9798]},"98o":{"weight":0.0,"played":[1.0,0.0],"evs":[0.0,-1.41306]},"T8o":{"weight":0.0,"played":[0.9998,2.0E-4],"evs":[0.0,-2.29818]},"J8o":{"weight":0.0,"played":[1.0,0.0],"evs":[0.0,-2.47746]},"Q8o":{"weight":0.0,"played":[1.0,0.0],"evs":[0.0,-2.41818]},"K8o":{"weight":0.0,"played":[0.9999,1.0E-4],"evs":[0.0,-2.11044]},"A8o":{"weight":0.3041,"played":[7.0E-4,0.9993],"evs":[0.0,0.42715]},"92s":{"weight":0.0,"played":[0.9998,2.0E-4],"evs":[0.0,-2.68697]},"93s":{"weight":0.0,"played":[1.0,0.0],"evs":[0.0,-2.45741]},"94s":{"weight":0.0,"played":[0.9962,0.0038],"evs":[0.0,-2.51024]},"95s":{"weight":0.0,"played":[0.9972,0.0028],"evs":[0.0,-2.12193]},"96s":{"weight":0.0,"played":[0.9998,2.0E-4],"evs":[0.0,-0.8637]},"97s":{"weight":0.0,"played":[0.863,0.137],"evs":[0.0,-0.79107]},"98s":{"weight":4.0E-4,"played":[0.266,0.734],"evs":[0.0,-0.16172]},"99":{"weight":0.0,"played":[0.0,1.0],"evs":[0.0,6.234]},"T9o":{"weight":0.0,"played":[1.0,0.0],"evs":[0.0,-1.77507]},"J9o":{"weight":0.0,"played":[1.0,0.0],"evs":[0.0,-2.26827]},"Q9o":{"weight":0.0,"played":[1.0,0.0],"evs":[0.0,-1.9284]},"K9o":{"weight":0.0,"played":[1.0,0.0],"evs":[0.0,-1.27292]},"A9o":{"weight":0.8053,"played":[0.0,1.0],"evs":[0.0,1.10192]},"T2s":{"weight":0.0,"played":[1.0,0.0],"evs":[0.0,-3.36595]},"T3s":{"weight":0.0,"played":[1.0,0.0],"evs":[0.0,-3.00661]},"T4s":{"weight":0.0,"played":[0.9989,0.0011],"evs":[0.0,-2.28065]},"T5s":{"weight":0.0,"played":[1.0,0.0],"evs":[0.0,-2.7249]},"T6s":{"weight":0.0,"played":[0.9543,0.0457],"evs":[0.0,-1.27989]},"T7s":{"weight":0.0,"played":[0.8186,0.1814],"evs":[0.0,-0.88295]},"T8s":{"weight":6.0E-4,"played":[0.9267,0.0733],"evs":[0.0,-0.24861]},"T9s":{"weight":0.0,"played":[0.4809,0.5191],"evs":[0.0,-0.00388]},"TT":{"weight":0.0,"played":[0.0,1.0],"evs":[0.0,7.81029]},"JTo":{"weight":0.0,"played":[0.9999,1.0E-4],"evs":[0.0,-1.32864]},"QTo":{"weight":0.0,"played":[0.9997,3.0E-4],"evs":[0.0,-0.765]},"KTo":{"weight":0.0,"played":[0.7272,0.2728],"evs":[0.0,-0.13007]},"ATo":{"weight":0.0,"played":[1.0E-4,0.9999],"evs":[0.0,2.38384]},"J2s":{"weight":0.0,"played":[1.0,0.0],"evs":[0.0,-3.33621]},"J3s":{"weight":0.0,"played":[0.9999,1.0E-4],"evs":[0.0,-2.61801]},"J4s":{"weight":0.0,"played":[0.9943,0.0057],"evs":[0.0,-2.0767]},"J5s":{"weight":0.0,"played":[1.0,0.0],"evs":[0.0,-2.74639]},"J6s":{"weight":0.0,"played":[0.999,0.001],"evs":[0.0,-1.78868]},"J7s":{"weight":0.0,"played":[0.9989,0.0011],"evs":[0.0,-1.08092]},"J8s":{"weight":0.0016,"played":[0.9993,7.0E-4],"evs":[0.0,-1.3408]},"J9s":{"weight":0.0018,"played":[0.9774,0.0226],"evs":[0.0,-0.40103]},"JTs":{"weight":0.0888,"played":[0.2933,0.7067],"evs":[0.0,0.26459]},"JJ":{"weight":0.0,"played":[0.0,1.0],"evs":[0.0,10.05479]},"QJo":{"weight":0.0,"played":[0.6122,0.3878],"evs":[0.0,0.11153]},"KJo":{"weight":0.7255,"played":[0.0839,0.9161],"evs":[0.0,0.84275]},"AJo":{"weight":0.0,"played":[0.0,1.0],"evs":[0.0,3.67075]},"Q2s":{"weight":0.0,"played":[0.9968,0.0032],"evs":[0.0,-1.96211]},"Q3s":{"weight":0.0,"played":[0.9992,8.0E-4],"evs":[0.0,-1.71826]},"Q4s":{"weight":0.0,"played":[0.9984,0.0016],"evs":[0.0,-1.49793]},"Q5s":{"weight":0.0,"played":[0.9978,0.0022],"evs":[0.0,-1.9917]},"Q6s":{"weight":0.0,"played":[0.9998,2.0E-4],"evs":[0.0,-1.07558]},"Q7s":{"weight":0.0,"played":[0.9531,0.0469],"evs":[0.0,-0.81311]},"Q8s":{"weight":0.0,"played":[0.9007,0.0993],"evs":[0.0,-0.5333]},"Q9s":{"weight":2.0E-4,"played":[0.1202,0.8798],"evs":[0.0,0.89605]},"QTs":{"weight":0.999,"played":[5.0E-4,0.9995],"evs":[0.0,0.61505]},"QJs":{"weight":0.996,"played":[6.0E-4,0.9994],"evs":[0.0,0.97554]},"QQ":{"weight":0.0,"played":[0.0,1.0],"evs":[0.0,12.74564]},"KQo":{"weight":0.0246,"played":[0.0,1.0],"evs":[0.0,2.02083]},"AQo":{"weight":0.0,"played":[0.0,1.0],"evs":[0.0,5.0096]},"K2s":{"weight":0.0,"played":[0.9916,0.0084],"evs":[0.0,-1.10278]},"K3s":{"weight":0.0,"played":[0.9982,0.0018],"evs":[0.0,-1.6053]},"K4s":{"weight":0.0,"played":[0.9993,7.0E-4],"evs":[0.0,-0.91417]},"K5s":{"weight":0.0,"played":[0.9996,4.0E-4],"evs":[0.0,-1.76221]},"K6s":{"weight":0.0,"played":[0.7723,0.2277],"evs":[0.0,-0.36264]},"K7s":{"weight":0.0,"played":[0.5245,0.4755],"evs":[0.0,0.07039]},"K8s":{"weight":0.0,"played":[0.5197,0.4803],"evs":[0.0,0.17052]},"K9s":{"weight":1.0E-4,"played":[0.3932,0.6068],"evs":[0.0,0.20692]},"KTs":{"weight":0.9988,"played":[0.0016,0.9984],"evs":[0.0,1.48532]},"KJs":{"weight":0.9329,"played":[1.0E-4,0.9999],"evs":[0.0,2.72967]},"KQs":{"weight":0.0068,"played":[2.0E-4,0.9998],"evs":[0.0,4.05207]},"KK":{"weight":0.0,"played":[0.0,1.0],"evs":[0.0,15.31032]},"AKo":{"weight":0.0,"played":[0.0,1.0],"evs":[0.0,6.65784]},"A2s":{"weight":0.3722,"played":[0.0021,0.9979],"evs":[0.0,0.27251]},"A3s":{"weight":0.8202,"played":[0.0265,0.9735],"evs":[0.0,0.54953]},"A4s":{"weight":0.7694,"played":[0.0079,0.9921],"evs":[0.0,1.12642]},"A5s":{"weight":0.3406,"played":[0.0186,0.9814],"evs":[0.0,1.57873]},"A6s":{"weight":0.0023,"played":[7.0E-4,0.9993],"evs":[0.0,0.96214]},"A7s":{"weight":0.0051,"played":[0.005,0.995],"evs":[0.0,1.65014]},"A8s":{"weight":0.0456,"played":[0.0,1.0],"evs":[0.0,1.98524]},"A9s":{"weight":0.0015,"played":[1.0E-4,0.9999],"evs":[0.0,2.65666]},"ATs":{"weight":2.0E-4,"played":[0.0,1.0],"evs":[0.0,4.4362]},"AJs":{"weight":2.0E-4,"played":[0.0,1.0],"evs":[0.0,5.6371]},"AQs":{"weight":1.0E-4,"played":[0.0,1.0],"evs":[0.0,7.2594]},"AKs":{"weight":1.0E-4,"played":[0.0,1.0],"evs":[0.0,7.66476]},"AA":{"weight":0.0016,"played":[0.0,1.0],"evs":[0.0,21.29037]}}}