{"player":5,"street":0,"children":2,"sequence":[{"player":0,"type":"R","amount":200000,"street":0},{"player":1,"type":"F","amount":0,"street":0},{"player":2,"type":"C","amount":200000,"street":0},{"player":3,"type":"C","amount":200000,"street":0},{"player":4,"type":"R","amount":2035000,"street":0}],"actions":[{"type":"F","amount":0,"node":343},{"type":"C","amount":635000,"node":350}],"hands":{"22":{"weight":1.0,"played":[0.2579,0.7421],"evs":[0.0,0.3475]},"32o":{"weight":1.0,"played":[1.0,0.0],"evs":[0.0,-1.65449]},"42o":{"weight":1.0,"played":[0.9999,1.0E-4],"evs":[0.0,-1.52505]},"52o":{"weight":1.0,"played":[0.9999,1.0E-4],"evs":[0.0,-1.19897]},"62o":{"weight":1.0,"played":[1.0,0.0],"evs":[0.0,-1.42295]},"72o":{"weight":1.0,"played":[0.9998,2.0E-4],"evs":[0.0,-1.58394]},"82o":{"weight":1.0,"played":[0.9999,1.0E-4],"evs":[0.0,-1.90305]},"92o":{"weight":1.0,"played":[0.9999,1.0E-4],"evs":[0.0,-2.13027]},"T2o":{"weight":1.0,"played":[0.9999,1.0E-4],"evs":[0.0,-1.96671]},"J2o":{"weight":1.0,"played":[0.9993,7.0E-4],"evs":[0.0,-1.6914]},"Q2o":{"weight":1.0,"played":[0.998,0.002],"evs":[0.0,-1.77909]},"K2o":{"weight":1.0,"played":[1.0,0.0],"evs":[0.0,-1.57772]},"A2o":{"weight":1.0,"played":[0.9998,2.0E-4],"evs":[0.0,-2.10496]},"32s":{"weight":1.0,"played":[0.8449,0.1551],"evs":[0.0,-0.32765]},"33":{"weight":1.0,"played":[0.3812,0.6188],"evs":[0.0,0.45485]},"43o":{"weight":1.0,"played":[0.9937,0.0063],"evs":[0.0,-1.44972]},"53o":{"weight":1.0,"played":[1.0,0.0],"evs":[0.0,-1.0621]},"63o":{"weight":1.0,"played":[0.9995,5.0E-4],"evs":[0.0,-1.49845]},"73o":{"weight":1.0,"played":[0.9997,3.0E-4],"evs":[0.0,-1.6332]},"83o":{"weight":1.0,"played":[0.9999,1.0E-4],"evs":[0.0,-1.70274]},"93o":{"weight":1.0,"played":[0.9978,0.0022],"evs":[0.0,-2.24229]},"T3o":{"weight":1.0,"played":[0.9999,1.0E-4],"evs":[0.0,-1.63313]},"J3o":{"weight":1.0,"played":[1.0,0.0],"evs":[0.0,-2.04024]},"Q3o":{"weight":1.0,"played":[0.9988,0.0012],"evs":[0.0,-1.79894]},"K3o":{"weight":1.0,"played":[1.0,0.0],"evs":[0.0,-1.86222]},"A3o":{"weight":1.0,"played":[0.9998,2.0E-4],"evs":[0.0,-1.58249]},"42s":{"weight":1.0,"played":[0.8988,0.1012],"evs":[0.0,-1.27051]},"43s":{"weight":1.0,"played":[0.9724,0.0276],"evs":[0.0,-1.08766]},"44":{"weight":1.0,"played":[0.13,0.87],"evs":[0.0,0.74337]},"54o":{"weight":1.0,"played":[0.9807,0.0193],"evs":[0.0,-0.24154]},"64o":{"weight":1.0,"played":[0.9974,0.0026],"evs":[0.0,-0.56788]},"74o":{"weight":1.0,"played":[0.9881,0.0119],"evs":[0.0,-1.26229]},"84o":{"weight":1.0,"played":[0.9962,0.0038],"evs":[0.0,-1.55125]},"94o":{"weight":1.0,"played":[0.9994,6.0E-4],"evs":[0.0,-1.75151]},"T4o":{"weight":1.0,"played":[1.0,0.0],"evs":[0.0,-1.74474]},"J4o":{"weight":1.0,"played":[0.9984,0.0016],"evs":[0.0,-1.7314]},"Q4o":{"weight":1.0,"played":[0.9913,0.0087],"evs":[0.0,-1.4492]},"K4o":{"weight":1.0,"played":[0.999,0.001],"evs":[0.0,-1.48413]},"A4o":{"weight":1.0,"played":[0.9971,0.0029],"evs":[0.0,-0.18661]},"52s":{"weight":1.0,"played":[0.797,0.203],"evs":[0.0,0.02207]},"53s":{"weight":1.0,"played":[0.5391,0.4609],"evs":[0.0,-0.11225]},"54s":{"weight":1.0,"played":[0.0155,0.9845],"evs":[0.0,0.65758]},"55":{"weight":1.0,"played":[0.0435,0.9565],"evs":[0.0,2.09534]},"65o":{"weight":1.0,"played":[0.9036,0.0964],"evs":[0.0,-0.4061]},"75o":{"weight":1.0,"played":[0.4925,0.5075],"evs":[0.0,-0.33447]},"85o":{"weight":1.0,"played":[0.99,0.01],"evs":[0.0,-0.70426]},"95o":{"weight":1.0,"played":[1.0,0.0],"evs":[0.0,-2.00315]},"T5o":{"weight":1.0,"played":[0.9998,2.0E-4],"evs":[0.0,-1.99075]},"J5o":{"weight":1.0,"played":[0.9998,2.0E-4],"evs":[0.0,-2.29015]},"Q5o":{"weight":1.0,"played":[0.9946,0.0054],"evs":[0.0,-1.57203]},"K5o":{"weight":1.0,"played":[0.9997,3.0E-4],"evs":[0.0,-1.64309]},"A5o":{"weight":1.0,"played":[0.9748,0.0252],"evs":[0.0,-1.01323]},"62s":{"weight":1.0,"played":[0.6204,0.3796],"evs":[0.0,-0.47303]},"63s":{"weight":1.0,"played":[0.5417,0.4583],"evs":[0.0,-0.42435]},"64s":{"weight":1.0,"played":[0.0841,0.9159],"evs":[0.0,0.65177]},"65s":{"weight":1.0,"played":[0.305,0.695],"evs":[0.0,-0.08583]},"66":{"weight":1.0,"played":[0.0014,0.9986],"evs":[0.0,2.73667]},"76o":{"weight":1.0,"played":[0.527,0.473],"evs":[0.0,-0.01877]},"86o":{"weight":1.0,"played":[0.9698,0.0302],"evs":[0.0,-0.60384]},"96o":{"weight":1.0,"played":[0.9772,0.0228],"evs":[0.0,-0.51095]},"T6o":{"weight":1.0,"played":[1.0,0.0],"evs":[0.0,-1.47816]},"J6o":{"weight":1.0,"played":[0.9996,4.0E-4],"evs":[0.0,-1.67755]},"Q6o":{"weight":1.0,"played":[0.9998,2.0E-4],"evs":[0.0,-1.12339]},"K6o":{"weight":1.0,"played":[0.9987,0.0013],"evs":[0.0,-1.17033]},"A6o":{"weight":1.0,"played":[0.9978,0.0022],"evs":[0.0,-0.58572]},"72s":{"weight":1.0,"played":[0.9541,0.0459],"evs":[0.0,-0.85738]},"73s":{"weight":1.0,"played":[0.0518,0.9482],"evs":[0.0,0.10811]},"74s":{"weight":1.0,"played":[0.6835,0.3165],"evs":[0.0,-0.27999]},"75s":{"weight":1.0,"played":[0.3888,0.6112],"evs":[0.0,0.26619]},"76s":{"weight":1.0,"played":[0.013,0.987],"evs":[0.0,0.85016]},"77":{"weight":1.0,"played":[5.0E-4,0.9995],"evs":[0.0,2.07041]},"87o":{"weight":1.0,"played":[0.247,0.753],"evs":[0.0,0.59716]},"97o":{"weight":1.0,"played":[0.9904,0.0096],"evs":[0.0,-0.94727]},"T7o":{"weight":1.0,"played":[0.9549,0.0451],"evs":[0.0,-0.89265]},"J7o":{"weight":1.0,"played":[0.9998,2.0E-4],"evs":[0.0,-1.04098]},"Q7o":{"weight":1.0,"played":[0.9976,0.0024],"evs":[0.0,-1.25823]},"K7o":{"weight":1.0,"played":[0.9776,0.0224],"evs":[0.0,-1.05968]},"A7o":{"weight":1.0,"played":[0.9386,0.0614],"evs":[0.0,-0.96689]},"82s":{"weight":1.0,"played":[0.9999,1.0E-4],"evs":[0.0,-1.62119]},"83s":{"weight":1.0,"played":[0.8784,0.1216],"evs":[0.0,-0.44709]},"84s":{"weight":1.0,"played":[0.9909,0.0091],"evs":[0.0,-0.336]},"85s":{"weight":1.0,"played":[0.0866,0.9134],"evs":[0.0,1.00899]},"86s":{"weight":1.0,"played":[0.1038,0.8962],"evs":[0.0,1.13491]},"87s":{"weight":1.0,"played":[0.0062,0.9938],"evs":[0.0,0.25233]},"88":{"weight":1.0,"played":[7.0E-4,0.9993],"evs":[0.0,2.01972]},"98o":{"weight":1.0,"played":[0.9992,8.0E-4],"evs":[0.0,-0.73085]},"T8o":{"weight":1.0,"played":[0.9941,0.0059],"evs":[0.0,-1.05902]},"J8o":{"weight":1.0,"played":[0.9962,0.0038],"evs":[0.0,-0.56112]},"Q8o":{"weight":1.0,"played":[0.9456,0.0544],"evs":[0.0,-0.6216]},"K8o":{"weight":1.0,"played":[0.9922,0.0078],"evs":[0.0,-1.4195]},"A8o":{"weight":1.0,"played":[0.9645,0.0355],"evs":[0.0,-0.90661]},"92s":{"weight":1.0,"played":[0.984,0.016],"evs":[0.0,-1.77469]},"93s":{"weight":1.0,"played":[0.3425,0.6575],"evs":[0.0,0.05145]},"94s":{"weight":1.0,"played":[0.9901,0.0099],"evs":[0.0,-1.61411]},"95s":{"weight":1.0,"played":[0.5511,0.4489],"evs":[0.0,-0.79118]},"96s":{"weight":1.0,"played":[0.6747,0.3253],"evs":[0.0,-0.2549]},"97s":{"weight":1.0,"played":[0.1508,0.8492],"evs":[0.0,0.17793]},"98s":{"weight":1.0,"played":[0.4686,0.5314],"evs":[0.0,0.21311]},"99":{"weight":1.0,"played":[2.0E-4,0.9998],"evs":[0.0,2.41174]},"T9o":{"weight":1.0,"played":[0.9398,0.0602],"evs":[0.0,-0.79228]},"J9o":{"weight":1.0,"played":[0.8606,0.1394],"evs":[0.0,-0.51668]},"Q9o":{"weight":1.0,"played":[0.345,0.655],"evs":[0.0,0.2007]},"K9o":{"weight":1.0,"played":[0.9983,0.0017],"evs":[0.0,-0.77501]},"A9o":{"weight":1.0,"played":[0.6768,0.3232],"evs":[0.0,-0.19841]},"T2s":{"weight":1.0,"played":[0.8431,0.1569],"evs":[0.0,-1.61672]},"T3s":{"weight":1.0,"played":[0.9322,0.0678],"evs":[0.0,-0.40553]},"T4s":{"weight":1.0,"played":[0.9069,0.0931],"evs":[0.0,-0.74093]},"T5s":{"weight":1.0,"played":[0.9266,0.0734],"evs":[0.0,-0.67277]},"T6s":{"weight":1.0,"played":[0.8973,0.1027],"evs":[0.0,-1.72298]},"T7s":{"weight":1.0,"played":[0.9892,0.0108],"evs":[0.0,-0.0879]},"T8s":{"weight":1.0,"played":[0.5887,0.4113],"evs":[0.0,-0.0426]},"T9s":{"weight":1.0,"played":[0.3304,0.6696],"evs":[0.0,-0.08083]},"TT":{"weight":1.0,"played":[2.0E-4,0.9998],"evs":[0.0,3.1986]},"JTo":{"weight":1.0,"played":[0.9706,0.0294],"evs":[0.0,-0.52117]},"QTo":{"weight":1.0,"played":[0.5472,0.4528],"evs":[0.0,-0.2931]},"KTo":{"weight":1.0,"played":[0.8517,0.1483],"evs":[0.0,0.2115]},"ATo":{"weight":1.0,"played":[0.4583,0.5417],"evs":[0.0,0.45432]},"J2s":{"weight":1.0,"played":[0.9996,4.0E-4],"evs":[0.0,-0.65358]},"J3s":{"weight":1.0,"played":[0.9994,6.0E-4],"evs":[0.0,-1.1349]},"J4s":{"weight":1.0,"played":[0.9929,0.0071],"evs":[0.0,-0.85716]},"J5s":{"weight":1.0,"played":[0.8756,0.1244],"evs":[0.0,-1.42494]},"J6s":{"weight":1.0,"played":[0.9689,0.0311],"evs":[0.0,-1.55187]},"J7s":{"weight":1.0,"played":[0.9362,0.0638],"evs":[0.0,-1.11238]},"J8s":{"weight":1.0,"played":[0.467,0.533],"evs":[0.0,1.17751]},"J9s":{"weight":1.0,"played":[0.9189,0.0811],"evs":[0.0,-0.88327]},"JTs":{"weight":1.0,"played":[0.0151,0.9849],"evs":[0.0,1.28836]},"JJ":{"weight":1.0,"played":[1.0E-4,0.9999],"evs":[0.0,3.5119]},"QJo":{"weight":1.0,"played":[0.4389,0.5611],"evs":[0.0,0.09184]},"KJo":{"weight":1.0,"played":[0.1698,0.8302],"evs":[0.0,0.19866]},"AJo":{"weight":1.0,"played":[0.0287,0.9713],"evs":[0.0,0.94161]},"Q2s":{"weight":1.0,"played":[0.9513,0.0487],"evs":[0.0,-0.64176]},"Q3s":{"weight":1.0,"played":[0.8729,0.1271],"evs":[0.0,-1.17807]},"Q4s":{"weight":1.0,"played":[0.1313,0.8687],"evs":[0.0,-0.29933]},"Q5s":{"weight":1.0,"played":[0.987,0.013],"evs":[0.0,-0.41164]},"Q6s":{"weight":1.0,"played":[0.6066,0.3934],"evs":[0.0,0.24268]},"Q7s":{"weight":1.0,"played":[0.3926,0.6074],"evs":[0.0,0.31056]},"Q8s":{"weight":1.0,"played":[9.0E-4,0.9991],"evs":[0.0,1.20076]},"Q9s":{"weight":1.0,"played":[0.6111,0.3889],"evs":[0.0,-0.44578]},"QTs":{"weight":1.0,"played":[0.3126,0.6874],"evs":[0.0,0.5974]},"QJs":{"weight":1.0,"played":[0.0014,0.9986],"evs":[0.0,0.84204]},"QQ":{"weight":1.0,"played":[2.0E-4,0.9998],"evs":[0.0,6.27841]},"KQo":{"weight":1.0,"played":[0.0141,0.9859],"evs":[0.0,0.43653]},"AQo":{"weight":1.0,"played":[4.0E-4,0.9996],"evs":[0.0,1.68682]},"K2s":{"weight":1.0,"played":[0.9009,0.0991],"evs":[0.0,-0.45183]},"K3s":{"weight":1.0,"played":[0.9182,0.0818],"evs":[0.0,0.13769]},"K4s":{"weight":1.0,"played":[0.9458,0.0542],"evs":[0.0,-1.01406]},"K5s":{"weight":1.0,"played":[0.9676,0.0324],"evs":[0.0,-0.43876]},"K6s":{"weight":1.0,"played":[0.1202,0.8798],"evs":[0.0,1.04123]},"K7s":{"weight":1.0,"played":[0.1091,0.8909],"evs":[0.0,0.12963]},"K8s":{"weight":1.0,"played":[0.4321,0.5679],"evs":[0.0,0.72804]},"K9s":{"weight":1.0,"played":[0.8145,0.1855],"evs":[0.0,-0.54311]},"KTs":{"weight":1.0,"played":[0.2842,0.7158],"evs":[0.0,-0.30777]},"KJs":{"weight":1.0,"played":[0.2264,0.7736],"evs":[0.0,1.59963]},"KQs":{"weight":1.0,"played":[0.0025,0.9975],"evs":[0.0,3.14038]},"KK":{"weight":1.0,"played":[3.0E-4,0.9997],"evs":[0.0,8.50718]},"AKo":{"weight":1.0,"played":[2.0E-4,0.9998],"evs":[0.0,2.73104]},"A2s":{"weight":1.0,"played":[0.959,0.041],"evs":[0.0,-1.2533]},"A3s":{"weight":1.0,"played":[0.619,0.381],"evs":[0.0,-0.39268]},"A4s":{"weight":1.0,"played":[0.9153,0.0847],"evs":[0.0,-1.09103]},"A5s":{"weight":1.0,"played":[0.2541,0.7459],"evs":[0.0,-0.00959]},"A6s":{"weight":1.0,"played":[0.1118,0.8882],"evs":[0.0,0.89826]},"A7s":{"weight":1.0,"played":[0.5695,0.4305],"evs":[0.0,-0.23917]},"A8s":{"weight":1.0,"played":[0.0265,0.9735],"evs":[0.0,0.92903]},"A9s":{"weight":1.0,"played":[1.0E-4,0.9999],"evs":[0.0,1.00725]},"ATs":{"weight":1.0,"played":[7.0E-4,0.9993],"evs":[0.0,1.70568]},"AJs":{"weight":1.0,"played":[0.0158,0.9842],"evs":[0.0,3.12483]},"AQs":{"weight":1.0,"played":[0.0032,0.9968],"evs":[0.0,2.55078]},"AKs":{"weight":1.0,"played":[0.0102,0.9898],"evs":[0.0,2.13563]},"AA":{"weight":1.0,"played":[1.0E-4,0.9999],"evs":[0.0,10.99837]}}}