{"player":2,"street":0,"children":2,"sequence":[{"player":0,"type":"R","amount":200000,"street":0},{"player":1,"type":"F","amount":0,"street":0},{"player":2,"type":"C","amount":200000,"street":0},{"player":3,"type":"C","amount":200000,"street":0},{"player":4,"type":"R","amount":2035000,"street":0},{"player":5,"type":"F","amount":0,"street":0},{"player":0,"type":"F","amount":0,"street":0}],"actions":[{"type":"F","amount":0,"node":345},{"type":"C","amount":785000,"node":346}],"hands":{"22":{"weight":0.0,"played":[0.0062,0.9938],"evs":[0.0,0.7078]},"32o":{"weight":0.0,"played":[0.9464,0.0536],"evs":[0.0,-1.81666]},"42o":{"weight":0.0,"played":[0.9905,0.0095],"evs":[0.0,-1.02301]},"52o":{"weight":0.0,"played":[0.9995,5.0E-4],"evs":[0.0,-1.00897]},"62o":{"weight":0.0,"played":[0.9819,0.0181],"evs":[0.0,-0.95429]},"72o":{"weight":0.0,"played":[0.9988,0.0012],"evs":[0.0,-0.95875]},"82o":{"weight":0.0,"played":[0.9861,0.0139],"evs":[0.0,-1.40407]},"92o":{"weight":0.0,"played":[0.9998,2.0E-4],"evs":[0.0,-1.33592]},"T2o":{"weight":0.0,"played":[0.9982,0.0018],"evs":[0.0,-1.62527]},"J2o":{"weight":0.0,"played":[0.9859,0.0141],"evs":[0.0,-1.24161]},"Q2o":{"weight":0.0,"played":[0.93,0.07],"evs":[0.0,-1.03483]},"K2o":{"weight":0.0,"played":[0.7755,0.2245],"evs":[0.0,-0.56889]},"A2o":{"weight":0.0,"played":[0.664,0.336],"evs":[0.0,-0.18016]},"32s":{"weight":0.0,"played":[0.9814,0.0186],"evs":[0.0,-0.77514]},"33":{"weight":0.0,"played":[0.0014,0.9986],"evs":[0.0,1.40566]},"43o":{"weight":0.0,"played":[0.9183,0.0817],"evs":[0.0,-0.52426]},"53o":{"weight":0.0,"played":[0.9697,0.0303],"evs":[0.0,-0.58934]},"63o":{"weight":0.0,"played":[0.9064,0.0936],"evs":[0.0,-0.26077]},"73o":{"weight":0.0,"played":[0.996,0.004],"evs":[0.0,-0.82372]},"83o":{"weight":0.0,"played":[0.9992,8.0E-4],"evs":[0.0,-1.23887]},"93o":{"weight":0.0,"played":[0.9116,0.0884],"evs":[0.0,-1.24853]},"T3o":{"weight":0.0,"played":[0.9997,3.0E-4],"evs":[0.0,-1.21941]},"J3o":{"weight":0.0,"played":[0.9977,0.0023],"evs":[0.0,-0.95962]},"Q3o":{"weight":0.0,"played":[0.9998,2.0E-4],"evs":[0.0,-0.76552]},"K3o":{"weight":0.0,"played":[0.8784,0.1216],"evs":[0.0,-0.28317]},"A3o":{"weight":0.0,"played":[0.916,0.084],"evs":[0.0,-0.41772]},"42s":{"weight":0.0,"played":[0.599,0.401],"evs":[0.0,0.12548]},"43s":{"weight":0.0,"played":[0.5396,0.4604],"evs":[0.0,-0.23578]},"44":{"weight":0.0345,"played":[3.0E-4,0.9997],"evs":[0.0,2.65066]},"54o":{"weight":0.0,"played":[0.736,0.264],"evs":[0.0,-0.03116]},"64o":{"weight":0.0,"played":[0.5779,0.4221],"evs":[0.0,0.06397]},"74o":{"weight":0.0,"played":[0.9053,0.0947],"evs":[0.0,-0.60641]},"84o":{"weight":0.0,"played":[0.9825,0.0175],"evs":[0.0,-0.63223]},"94o":{"weight":0.0,"played":[0.9996,4.0E-4],"evs":[0.0,-1.12904]},"T4o":{"weight":0.0,"played":[0.9968,0.0032],"evs":[0.0,-1.05244]},"J4o":{"weight":0.0,"played":[0.9497,0.0503],"evs":[0.0,-1.00779]},"Q4o":{"weight":0.0,"played":[0.9913,0.0087],"evs":[0.0,-0.83209]},"K4o":{"weight":0.0,"played":[0.8939,0.1061],"evs":[0.0,-0.26817]},"A4o":{"weight":0.0,"played":[0.8783,0.1217],"evs":[0.0,-0.44345]},"52s":{"weight":0.0,"played":[0.317,0.683],"evs":[0.0,0.53376]},"53s":{"weight":0.0,"played":[0.0613,0.9387],"evs":[0.0,1.70232]},"54s":{"weight":0.0,"played":[0.0108,0.9892],"evs":[0.0,1.18178]},"55":{"weight":0.5116,"played":[0.0,1.0],"evs":[0.0,3.0034]},"65o":{"weight":0.0,"played":[0.0558,0.9442],"evs":[0.0,0.44193]},"75o":{"weight":0.0,"played":[0.3145,0.6855],"evs":[0.0,0.02867]},"85o":{"weight":0.0,"played":[0.5533,0.4467],"evs":[0.0,0.03042]},"95o":{"weight":0.0,"played":[0.4418,0.5582],"evs":[0.0,-0.15595]},"T5o":{"weight":0.0,"played":[0.9812,0.0188],"evs":[0.0,-0.90198]},"J5o":{"weight":0.0,"played":[0.8135,0.1865],"evs":[0.0,-0.6795]},"Q5o":{"weight":0.0,"played":[0.3678,0.6322],"evs":[0.0,-0.22676]},"K5o":{"weight":0.0,"played":[0.8998,0.1002],"evs":[0.0,-0.716]},"A5o":{"weight":0.0,"played":[0.0262,0.9738],"evs":[0.0,0.26563]},"62s":{"weight":0.0,"played":[0.0545,0.9455],"evs":[0.0,0.02445]},"63s":{"weight":0.0,"played":[0.398,0.602],"evs":[0.0,0.7599]},"64s":{"weight":0.0,"played":[0.328,0.672],"evs":[0.0,0.82271]},"65s":{"weight":0.0,"played":[0.0,1.0],"evs":[0.0,1.41366]},"66":{"weight":0.3021,"played":[1.0E-4,0.9999],"evs":[0.0,3.70274]},"76o":{"weight":0.0,"played":[0.0737,0.9263],"evs":[0.0,0.82124]},"86o":{"weight":0.0,"played":[0.0731,0.9269],"evs":[0.0,0.3897]},"96o":{"weight":0.0,"played":[0.0419,0.9581],"evs":[0.0,0.90437]},"T6o":{"weight":0.0,"played":[0.8704,0.1296],"evs":[0.0,-0.16245]},"J6o":{"weight":0.0,"played":[0.3776,0.6224],"evs":[0.0,-0.07462]},"Q6o":{"weight":0.0,"played":[0.3136,0.6864],"evs":[0.0,-0.24047]},"K6o":{"weight":0.0,"played":[0.3009,0.6991],"evs":[0.0,0.10434]},"A6o":{"weight":0.0,"played":[0.1437,0.8563],"evs":[0.0,0.20888]},"72s":{"weight":0.0,"played":[0.9068,0.0932],"evs":[0.0,-0.51158]},"73s":{"weight":0.0,"played":[0.1788,0.8212],"evs":[0.0,0.59954]},"74s":{"weight":0.0,"played":[0.0175,0.9825],"evs":[0.0,1.27081]},"75s":{"weight":0.0,"played":[0.0153,0.9847],"evs":[0.0,0.31241]},"76s":{"weight":0.0,"played":[1.0E-4,0.9999],"evs":[0.0,1.60462]},"77":{"weight":1.0E-4,"played":[0.0,1.0],"evs":[0.0,3.44972]},"87o":{"weight":0.0,"played":[2.0E-4,0.9998],"evs":[0.0,1.08664]},"97o":{"weight":0.0,"played":[0.1139,0.8861],"evs":[0.0,0.83128]},"T7o":{"weight":0.0,"played":[0.1275,0.8725],"evs":[0.0,0.32656]},"J7o":{"weight":0.0,"played":[0.7058,0.2942],"evs":[0.0,-0.417]},"Q7o":{"weight":0.0,"played":[0.0423,0.9577],"evs":[0.0,0.35971]},"K7o":{"weight":0.0,"played":[0.0359,0.9641],"evs":[0.0,0.79152]},"A7o":{"weight":0.0,"played":[0.0696,0.9304],"evs":[0.0,0.71651]},"82s":{"weight":0.0,"played":[0.1394,0.8606],"evs":[0.0,0.70524]},"83s":{"weight":0.0,"played":[0.0205,0.9795],"evs":[0.0,0.56065]},"84s":{"weight":0.0,"played":[0.3151,0.6849],"evs":[0.0,0.36491]},"85s":{"weight":0.0,"played":[0.4503,0.5497],"evs":[0.0,0.09146]},"86s":{"weight":0.0,"played":[0.0203,0.9797],"evs":[0.0,1.26862]},"87s":{"weight":0.0,"played":[1.0E-4,0.9999],"evs":[0.0,1.31481]},"88":{"weight":0.0,"played":[0.0,1.0],"evs":[0.0,4.45029]},"98o":{"weight":0.0,"played":[0.0801,0.9199],"evs":[0.0,0.50786]},"T8o":{"weight":0.0,"played":[0.0031,0.9969],"evs":[0.0,0.23748]},"J8o":{"weight":0.0,"played":[0.2578,0.7422],"evs":[0.0,0.43395]},"Q8o":{"weight":0.0,"played":[0.1864,0.8136],"evs":[0.0,0.33693]},"K8o":{"weight":0.0,"played":[0.6773,0.3227],"evs":[0.0,0.02143]},"A8o":{"weight":0.0,"played":[0.0056,0.9944],"evs":[0.0,0.90096]},"92s":{"weight":0.0,"played":[0.3231,0.6769],"evs":[0.0,0.35499]},"93s":{"weight":0.0,"played":[0.4986,0.5014],"evs":[0.0,0.21774]},"94s":{"weight":0.0,"played":[0.9815,0.0185],"evs":[0.0,-0.41058]},"95s":{"weight":0.0,"played":[0.1135,0.8865],"evs":[0.0,1.22124]},"96s":{"weight":0.0,"played":[0.0308,0.9692],"evs":[0.0,1.23727]},"97s":{"weight":0.0,"played":[0.0208,0.9792],"evs":[0.0,1.79375]},"98s":{"weight":0.0,"played":[0.0024,0.9976],"evs":[0.0,1.34107]},"99":{"weight":0.0,"played":[0.0,1.0],"evs":[0.0,5.10058]},"T9o":{"weight":0.0,"played":[0.0033,0.9967],"evs":[0.0,0.49539]},"J9o":{"weight":0.0,"played":[0.0209,0.9791],"evs":[0.0,0.6089]},"Q9o":{"weight":0.0,"played":[0.0055,0.9945],"evs":[0.0,0.82867]},"K9o":{"weight":0.0,"played":[2.0E-4,0.9998],"evs":[0.0,0.36875]},"A9o":{"weight":0.0,"played":[2.0E-4,0.9998],"evs":[0.0,1.17698]},"T2s":{"weight":0.0,"played":[0.979,0.021],"evs":[0.0,-0.4599]},"T3s":{"weight":0.0,"played":[0.3719,0.6281],"evs":[0.0,0.15848]},"T4s":{"weight":0.0,"played":[0.2634,0.7366],"evs":[0.0,0.38855]},"T5s":{"weight":0.0,"played":[0.2314,0.7686],"evs":[0.0,0.08779]},"T6s":{"weight":0.0,"played":[0.2294,0.7706],"evs":[0.0,0.77653]},"T7s":{"weight":0.0,"played":[0.0352,0.9648],"evs":[0.0,0.5084]},"T8s":{"weight":0.0,"played":[0.0039,0.9961],"evs":[0.0,1.88426]},"T9s":{"weight":0.138,"played":[1.0E-4,0.9999],"evs":[0.0,1.36437]},"TT":{"weight":0.0,"played":[0.0,1.0],"evs":[0.0,6.14862]},"JTo":{"weight":0.0,"played":[0.0078,0.9922],"evs":[0.0,1.26165]},"QTo":{"weight":0.0,"played":[0.0197,0.9803],"evs":[0.0,1.42776]},"KTo":{"weight":0.0,"played":[0.0,1.0],"evs":[0.0,1.31994]},"ATo":{"weight":0.0,"played":[0.0,1.0],"evs":[0.0,2.7221]},"J2s":{"weight":0.0,"played":[0.4281,0.5719],"evs":[0.0,-0.619]},"J3s":{"weight":0.0,"played":[0.7913,0.2087],"evs":[0.0,-0.59046]},"J4s":{"weight":0.0,"played":[0.188,0.812],"evs":[0.0,0.22176]},"J5s":{"weight":0.0,"played":[0.5013,0.4987],"evs":[0.0,-0.34281]},"J6s":{"weight":0.0,"played":[0.018,0.982],"evs":[0.0,1.02038]},"J7s":{"weight":0.0,"played":[0.0115,0.9885],"evs":[0.0,0.82374]},"J8s":{"weight":0.0,"played":[0.0025,0.9975],"evs":[0.0,1.38805]},"J9s":{"weight":0.0086,"played":[1.0E-4,0.9999],"evs":[0.0,1.25756]},"JTs":{"weight":1.0,"played":[5.0E-4,0.9995],"evs":[0.0,1.65458]},"JJ":{"weight":0.0,"played":[0.0,1.0],"evs":[0.0,6.78755]},"QJo":{"weight":0.0,"played":[0.0111,0.9889],"evs":[0.0,1.15344]},"KJo":{"weight":0.2081,"played":[2.0E-4,0.9998],"evs":[0.0,1.4665]},"AJo":{"weight":0.0,"played":[0.0,1.0],"evs":[0.0,3.22008]},"Q2s":{"weight":0.0,"played":[0.0629,0.9371],"evs":[0.0,0.64139]},"Q3s":{"weight":0.0,"played":[0.011,0.989],"evs":[0.0,0.68332]},"Q4s":{"weight":0.0,"played":[0.0192,0.9808],"evs":[0.0,0.97784]},"Q5s":{"weight":0.0,"played":[0.0012,0.9988],"evs":[0.0,0.80697]},"Q6s":{"weight":0.0,"played":[0.0048,0.9952],"evs":[0.0,0.25229]},"Q7s":{"weight":0.0,"played":[0.0246,0.9754],"evs":[0.0,1.05259]},"Q8s":{"weight":0.0,"played":[0.0076,0.9924],"evs":[0.0,0.96312]},"Q9s":{"weight":0.0,"played":[0.0023,0.9977],"evs":[0.0,1.39872]},"QTs":{"weight":1.0,"played":[0.002,0.998],"evs":[0.0,1.47593]},"QJs":{"weight":1.0,"played":[5.0E-4,0.9995],"evs":[0.0,2.46762]},"QQ":{"weight":0.0,"played":[0.0,1.0],"evs":[0.0,8.50456]},"KQo":{"weight":1.0E-4,"played":[2.0E-4,0.9998],"evs":[0.0,2.22617]},"AQo":{"weight":0.0,"played":[0.0,1.0],"evs":[0.0,3.91583]},"K2s":{"weight":0.0,"played":[0.094,0.906],"evs":[0.0,0.45773]},"K3s":{"weight":0.0,"played":[0.1521,0.8479],"evs":[0.0,0.36786]},"K4s":{"weight":0.0,"played":[0.0669,0.9331],"evs":[0.0,1.26584]},"K5s":{"weight":0.0,"played":[0.002,0.998],"evs":[0.0,1.26392]},"K6s":{"weight":0.0,"played":[3.0E-4,0.9997],"evs":[0.0,1.77835]},"K7s":{"weight":0.0,"played":[3.0E-4,0.9997],"evs":[0.0,1.30455]},"K8s":{"weight":0.0,"played":[0.0338,0.9662],"evs":[0.0,1.2847]},"K9s":{"weight":0.9409,"played":[8.0E-4,0.9992],"evs":[0.0,1.36523]},"KTs":{"weight":1.0,"played":[0.0014,0.9986],"evs":[0.0,2.3538]},"KJs":{"weight":0.8885,"played":[0.0,1.0],"evs":[0.0,2.61595]},"KQs":{"weight":0.0,"played":[0.001,0.999],"evs":[0.0,3.09063]},"KK":{"weight":0.0,"played":[0.0,1.0],"evs":[0.0,9.90293]},"AKo":{"weight":0.0,"played":[0.0,1.0],"evs":[0.0,5.26267]},"A2s":{"weight":0.0,"played":[0.6759,0.3241],"evs":[0.0,0.10689]},"A3s":{"weight":0.0,"played":[0.3179,0.6821],"evs":[0.0,1.03633]},"A4s":{"weight":0.3055,"played":[0.001,0.999],"evs":[0.0,1.34458]},"A5s":{"weight":0.9999,"played":[3.0E-4,0.9997],"evs":[0.0,0.43355]},"A6s":{"weight":0.4875,"played":[0.0311,0.9689],"evs":[0.0,1.11261]},"A7s":{"weight":0.5579,"played":[0.0,1.0],"evs":[0.0,1.87172]},"A8s":{"weight":2.0E-4,"played":[0.0,1.0],"evs":[0.0,1.90853]},"A9s":{"weight":0.0,"played":[0.0075,0.9925],"evs":[0.0,3.15129]},"ATs":{"weight":0.0,"played":[9.0E-4,0.9991],"evs":[0.0,2.19621]},"AJs":{"weight":0.0,"played":[0.0051,0.9949],"evs":[0.0,3.75648]},"AQs":{"weight":0.0,"played":[0.002,0.998],"evs":[0.0,5.09682]},"AKs":{"weight":0.0,"played":[4.0E-4,0.9996],"evs":[0.0,5.75748]},"AA":{"weight":0.1092,"played":[0.0,1.0],"evs":[0.0,12.64419]}}}