{"player":5,"street":0,"children":2,"sequence":[{"player":0,"type":"F","amount":0,"street":0},{"player":1,"type":"F","amount":0,"street":0},{"player":2,"type":"R","amount":985000,"street":0},{"player":3,"type":"R","amount":1905000,"street":0},{"player":4,"type":"C","amount":1855000,"street":0}],"actions":[{"type":"F","amount":0},{"type":"C","amount":635000}],"hands":{"22":{"weight":1.0,"played":[0.9998,2.0E-4],"evs":[0.0,-0.23472]},"32o":{"weight":1.0,"played":[1.0,0.0],"evs":[0.0,-1.80134]},"42o":{"weight":1.0,"played":[1.0,0.0],"evs":[0.0,-1.67461]},"52o":{"weight":1.0,"played":[1.0,0.0],"evs":[0.0,-1.56107]},"62o":{"weight":1.0,"played":[1.0,0.0],"evs":[0.0,-1.74893]},"72o":{"weight":1.0,"played":[1.0,0.0],"evs":[0.0,-2.05428]},"82o":{"weight":1.0,"played":[1.0,0.0],"evs":[0.0,-1.92098]},"92o":{"weight":1.0,"played":[1.0,0.0],"evs":[0.0,-1.98085]},"T2o":{"weight":1.0,"played":[1.0,0.0],"evs":[0.0,-2.00406]},"J2o":{"weight":1.0,"played":[1.0,0.0],"evs":[0.0,-1.93322]},"Q2o":{"weight":1.0,"played":[1.0,0.0],"evs":[0.0,-1.71899]},"K2o":{"weight":1.0,"played":[1.0,0.0],"evs":[0.0,-1.66541]},"A2o":{"weight":1.0,"played":[1.0,0.0],"evs":[0.0,-1.85609]},"32s":{"weight":1.0,"played":[1.0,0.0],"evs":[0.0,-0.83769]},"33":{"weight":1.0,"played":[0.8392,0.1608],"evs":[0.0,-0.02559]},"43o":{"weight":1.0,"played":[1.0,0.0],"evs":[0.0,-1.25656]},"53o":{"weight":1.0,"played":[1.0,0.0],"evs":[0.0,-1.11161]},"63o":{"weight":1.0,"played":[1.0,0.0],"evs":[0.0,-1.34378]},"73o":{"weight":1.0,"played":[1.0,0.0],"evs":[0.0,-1.58874]},"83o":{"weight":1.0,"played":[1.0,0.0],"evs":[0.0,-1.81047]},"93o":{"weight":1.0,"played":[1.0,0.0],"evs":[0.0,-1.85683]},"T3o":{"weight":1.0,"played":[1.0,0.0],"evs":[0.0,-1.87174]},"J3o":{"weight":1.0,"played":[1.0,0.0],"evs":[0.0,-1.83572]},"Q3o":{"weight":1.0,"played":[1.0,0.0],"evs":[0.0,-1.59803]},"K3o":{"weight":1.0,"played":[1.0,0.0],"evs":[0.0,-1.58769]},"A3o":{"weight":1.0,"played":[1.0,0.0],"evs":[0.0,-1.66979]},"42s":{"weight":1.0,"played":[1.0,0.0],"evs":[0.0,-0.70864]},"43s":{"weight":1.0,"played":[0.9992,8.0E-4],"evs":[0.0,-0.37978]},"44":{"weight":1.0,"played":[3.0E-4,0.9997],"evs":[0.0,0.24484]},"54o":{"weight":1.0,"played":[1.0,0.0],"evs":[0.0,-0.79154]},"64o":{"weight":1.0,"played":[1.0,0.0],"evs":[0.0,-0.88919]},"74o":{"weight":1.0,"played":[1.0,0.0],"evs":[0.0,-1.20217]},"84o":{"weight":1.0,"played":[1.0,0.0],"evs":[0.0,-1.45189]},"94o":{"weight":1.0,"played":[1.0,0.0],"evs":[0.0,-1.76813]},"T4o":{"weight":1.0,"played":[1.0,0.0],"evs":[0.0,-1.74573]},"J4o":{"weight":1.0,"played":[1.0,0.0],"evs":[0.0,-1.70721]},"Q4o":{"weight":1.0,"played":[1.0,0.0],"evs":[0.0,-1.49561]},"K4o":{"weight":1.0,"played":[1.0,0.0],"evs":[0.0,-1.41166]},"A4o":{"weight":1.0,"played":[1.0,0.0],"evs":[0.0,-1.47173]},"52s":{"weight":1.0,"played":[1.0,0.0],"evs":[0.0,-0.59787]},"53s":{"weight":1.0,"played":[0.9996,4.0E-4],"evs":[0.0,-0.22136]},"54s":{"weight":1.0,"played":[0.0029,0.9971],"evs":[0.0,0.1281]},"55":{"weight":1.0,"played":[1.0E-4,0.9999],"evs":[0.0,0.6162]},"65o":{"weight":1.0,"played":[1.0,0.0],"evs":[0.0,-0.5445]},"75o":{"weight":1.0,"played":[1.0,0.0],"evs":[0.0,-0.82567]},"85o":{"weight":1.0,"played":[1.0,0.0],"evs":[0.0,-1.04149]},"95o":{"weight":1.0,"played":[1.0,0.0],"evs":[0.0,-1.42359]},"T5o":{"weight":1.0,"played":[1.0,0.0],"evs":[0.0,-1.68682]},"J5o":{"weight":1.0,"played":[1.0,0.0],"evs":[0.0,-1.57168]},"Q5o":{"weight":1.0,"played":[1.0,0.0],"evs":[0.0,-1.36121]},"K5o":{"weight":1.0,"played":[1.0,0.0],"evs":[0.0,-1.3556]},"A5o":{"weight":1.0,"played":[1.0,0.0],"evs":[0.0,-1.34988]},"62s":{"weight":1.0,"played":[1.0,0.0],"evs":[0.0,-0.80383]},"63s":{"weight":1.0,"played":[0.9998,2.0E-4],"evs":[0.0,-0.39408]},"64s":{"weight":1.0,"played":[0.0866,0.9134],"evs":[0.0,0.06577]},"65s":{"weight":1.0,"played":[2.0E-4,0.9998],"evs":[0.0,0.26917]},"66":{"weight":1.0,"played":[0.0,1.0],"evs":[0.0,0.92577]},"76o":{"weight":1.0,"played":[1.0,0.0],"evs":[0.0,-0.50298]},"86o":{"weight":1.0,"played":[1.0,0.0],"evs":[0.0,-0.72881]},"96o":{"weight":1.0,"played":[1.0,0.0],"evs":[0.0,-1.03787]},"T6o":{"weight":1.0,"played":[1.0,0.0],"evs":[0.0,-1.30839]},"J6o":{"weight":1.0,"played":[1.0,0.0],"evs":[0.0,-1.4897]},"Q6o":{"weight":1.0,"played":[1.0,0.0],"evs":[0.0,-1.2618]},"K6o":{"weight":1.0,"played":[1.0,0.0],"evs":[0.0,-1.14694]},"A6o":{"weight":1.0,"played":[1.0,0.0],"evs":[0.0,-1.52749]},"72s":{"weight":1.0,"played":[1.0,0.0],"evs":[0.0,-1.06412]},"73s":{"weight":1.0,"played":[1.0,0.0],"evs":[0.0,-0.65332]},"74s":{"weight":1.0,"played":[0.9932,0.0068],"evs":[0.0,-0.17911]},"75s":{"weight":1.0,"played":[0.4682,0.5318],"evs":[0.0,0.00935]},"76s":{"weight":1.0,"played":[0.0,1.0],"evs":[0.0,0.38674]},"77":{"weight":1.0,"played":[0.0,1.0],"evs":[0.0,1.42731]},"87o":{"weight":1.0,"played":[1.0,0.0],"evs":[0.0,-0.46417]},"97o":{"weight":1.0,"played":[1.0,0.0],"evs":[0.0,-0.72598]},"T7o":{"weight":1.0,"played":[1.0,0.0],"evs":[0.0,-0.92588]},"J7o":{"weight":1.0,"played":[1.0,0.0],"evs":[0.0,-1.13798]},"Q7o":{"weight":1.0,"played":[1.0,0.0],"evs":[0.0,-1.21453]},"K7o":{"weight":1.0,"played":[1.0,0.0],"evs":[0.0,-1.01991]},"A7o":{"weight":1.0,"played":[1.0,0.0],"evs":[0.0,-1.33268]},"82s":{"weight":1.0,"played":[1.0,0.0],"evs":[0.0,-1.037]},"83s":{"weight":1.0,"played":[1.0,0.0],"evs":[0.0,-0.87325]},"84s":{"weight":1.0,"played":[0.9999,1.0E-4],"evs":[0.0,-0.57831]},"85s":{"weight":1.0,"played":[0.9993,7.0E-4],"evs":[0.0,-0.12177]},"86s":{"weight":1.0,"played":[0.0011,0.9989],"evs":[0.0,0.24735]},"87s":{"weight":1.0,"played":[1.0E-4,0.9999],"evs":[0.0,0.36993]},"88":{"weight":1.0,"played":[0.0,1.0],"evs":[0.0,1.7666]},"98o":{"weight":1.0,"played":[1.0,0.0],"evs":[0.0,-0.50512]},"T8o":{"weight":1.0,"played":[1.0,0.0],"evs":[0.0,-0.59355]},"J8o":{"weight":1.0,"played":[1.0,0.0],"evs":[0.0,-0.83874]},"Q8o":{"weight":1.0,"played":[1.0,0.0],"evs":[0.0,-0.89258]},"K8o":{"weight":1.0,"played":[1.0,0.0],"evs":[0.0,-1.03714]},"A8o":{"weight":1.0,"played":[1.0,0.0],"evs":[0.0,-1.03276]},"92s":{"weight":1.0,"played":[1.0,0.0],"evs":[0.0,-0.97673]},"93s":{"weight":1.0,"played":[1.0,0.0],"evs":[0.0,-0.91889]},"94s":{"weight":1.0,"played":[1.0,0.0],"evs":[0.0,-0.79091]},"95s":{"weight":1.0,"played":[1.0,0.0],"evs":[0.0,-0.50019]},"96s":{"weight":1.0,"played":[0.9919,0.0081],"evs":[0.0,-0.19456]},"97s":{"weight":1.0,"played":[0.0088,0.9912],"evs":[0.0,0.18349]},"98s":{"weight":1.0,"played":[0.0,1.0],"evs":[0.0,0.48699]},"99":{"weight":1.0,"played":[0.0,1.0],"evs":[0.0,2.2887]},"T9o":{"weight":1.0,"played":[0.9999,1.0E-4],"evs":[0.0,-0.3584]},"J9o":{"weight":1.0,"played":[1.0,0.0],"evs":[0.0,-0.58751]},"Q9o":{"weight":1.0,"played":[1.0,0.0],"evs":[0.0,-0.66637]},"K9o":{"weight":1.0,"played":[1.0,0.0],"evs":[0.0,-0.7474]},"A9o":{"weight":1.0,"played":[1.0,0.0],"evs":[0.0,-0.81967]},"T2s":{"weight":1.0,"played":[1.0,0.0],"evs":[0.0,-0.99807]},"T3s":{"weight":1.0,"played":[1.0,0.0],"evs":[0.0,-0.92297]},"T4s":{"weight":1.0,"played":[1.0,0.0],"evs":[0.0,-0.78683]},"T5s":{"weight":1.0,"played":[1.0,0.0],"evs":[0.0,-0.76602]},"T6s":{"weight":1.0,"played":[1.0,0.0],"evs":[0.0,-0.26528]},"T7s":{"weight":1.0,"played":[0.4525,0.5475],"evs":[0.0,0.01225]},"T8s":{"weight":1.0,"played":[0.0,1.0],"evs":[0.0,0.28968]},"T9s":{"weight":1.0,"played":[0.0,1.0],"evs":[0.0,0.41658]},"TT":{"weight":1.0,"played":[0.0,1.0],"evs":[0.0,3.15761]},"JTo":{"weight":1.0,"played":[0.9992,8.0E-4],"evs":[0.0,-0.20099]},"QTo":{"weight":1.0,"played":[0.9999,1.0E-4],"evs":[0.0,-0.19075]},"KTo":{"weight":1.0,"played":[0.9989,0.0011],"evs":[0.0,-0.32847]},"ATo":{"weight":1.0,"played":[0.8542,0.1458],"evs":[0.0,-0.06625]},"J2s":{"weight":1.0,"played":[1.0,0.0],"evs":[0.0,-0.99585]},"J3s":{"weight":1.0,"played":[1.0,0.0],"evs":[0.0,-0.89794]},"J4s":{"weight":1.0,"played":[1.0,0.0],"evs":[0.0,-0.61342]},"J5s":{"weight":1.0,"played":[0.9999,1.0E-4],"evs":[0.0,-0.65859]},"J6s":{"weight":1.0,"played":[0.9999,1.0E-4],"evs":[0.0,-0.45404]},"J7s":{"weight":1.0,"played":[0.9999,1.0E-4],"evs":[0.0,-0.22516]},"J8s":{"weight":1.0,"played":[0.0046,0.9954],"evs":[0.0,0.0656]},"J9s":{"weight":1.0,"played":[0.0,1.0],"evs":[0.0,0.26419]},"JTs":{"weight":1.0,"played":[0.0,1.0],"evs":[0.0,0.60396]},"JJ":{"weight":1.0,"played":[0.0,1.0],"evs":[0.0,4.29099]},"QJo":{"weight":1.0,"played":[0.6209,0.3791],"evs":[0.0,0.01109]},"KJo":{"weight":1.0,"played":[0.0115,0.9885],"evs":[0.0,0.14509]},"AJo":{"weight":1.0,"played":[0.0,1.0],"evs":[0.0,0.5874]},"Q2s":{"weight":1.0,"played":[1.0,0.0],"evs":[0.0,-0.71598]},"Q3s":{"weight":1.0,"played":[1.0,0.0],"evs":[0.0,-0.68427]},"Q4s":{"weight":1.0,"played":[0.9995,5.0E-4],"evs":[0.0,-0.44635]},"Q5s":{"weight":1.0,"played":[1.0,0.0],"evs":[0.0,-0.39396]},"Q6s":{"weight":1.0,"played":[0.9996,4.0E-4],"evs":[0.0,-0.26855]},"Q7s":{"weight":1.0,"played":[0.995,0.005],"evs":[0.0,-0.28007]},"Q8s":{"weight":1.0,"played":[0.1167,0.8833],"evs":[0.0,0.07365]},"Q9s":{"weight":1.0,"played":[0.0,1.0],"evs":[0.0,0.2253]},"QTs":{"weight":1.0,"played":[0.0,1.0],"evs":[0.0,0.56786]},"QJs":{"weight":1.0,"played":[0.0,1.0],"evs":[0.0,0.86148]},"QQ":{"weight":1.0,"played":[0.0,1.0],"evs":[0.0,5.75829]},"KQo":{"weight":1.0,"played":[0.0,1.0],"evs":[0.0,0.69162]},"AQo":{"weight":1.0,"played":[0.0,1.0],"evs":[0.0,1.36543]},"K2s":{"weight":1.0,"played":[1.0,0.0],"evs":[0.0,-0.6975]},"K3s":{"weight":1.0,"played":[0.9995,5.0E-4],"evs":[0.0,-0.66033]},"K4s":{"weight":1.0,"played":[1.0,0.0],"evs":[0.0,-0.41864]},"K5s":{"weight":1.0,"played":[1.0,0.0],"evs":[0.0,-0.39816]},"K6s":{"weight":1.0,"played":[1.0,0.0],"evs":[0.0,-0.15467]},"K7s":{"weight":1.0,"played":[0.9832,0.0168],"evs":[0.0,-0.10678]},"K8s":{"weight":1.0,"played":[0.9499,0.0501],"evs":[0.0,-0.12103]},"K9s":{"weight":1.0,"played":[0.1632,0.8368],"evs":[0.0,0.19879]},"KTs":{"weight":1.0,"played":[0.0,1.0],"evs":[0.0,0.75138]},"KJs":{"weight":1.0,"played":[0.0,1.0],"evs":[0.0,1.05112]},"KQs":{"weight":1.0,"played":[0.0,1.0],"evs":[0.0,1.57682]},"KK":{"weight":1.0,"played":[0.0,1.0],"evs":[0.0,7.6568]},"AKo":{"weight":1.0,"played":[0.0,1.0],"evs":[0.0,2.0819]},"A2s":{"weight":1.0,"played":[0.9999,1.0E-4],"evs":[0.0,-0.80687]},"A3s":{"weight":1.0,"played":[0.9999,1.0E-4],"evs":[0.0,-0.56593]},"A4s":{"weight":1.0,"played":[0.9979,0.0021],"evs":[0.0,-0.45439]},"A5s":{"weight":1.0,"played":[0.9961,0.0039],"evs":[0.0,-0.27103]},"A6s":{"weight":1.0,"played":[0.9994,6.0E-4],"evs":[0.0,-0.37998]},"A7s":{"weight":1.0,"played":[1.0,0.0],"evs":[0.0,-0.18679]},"A8s":{"weight":1.0,"played":[0.7312,0.2688],"evs":[0.0,-0.01361]},"A9s":{"weight":1.0,"played":[0.0029,0.9971],"evs":[0.0,0.29576]},"ATs":{"weight":1.0,"played":[0.0,1.0],"evs":[0.0,0.99897]},"AJs":{"weight":1.0,"played":[0.0,1.0],"evs":[0.0,1.57769]},"AQs":{"weight":1.0,"played":[0.0,1.0],"evs":[0.0,2.22668]},"AKs":{"weight":1.0,"played":[0.0,1.0],"evs":[0.0,2.96656]},"AA":{"weight":1.0,"played":[0.0,1.0],"evs":[0.0,10.50341]}}}