{"player":5,"street":0,"children":2,"sequence":[{"player":0,"type":"R","amount":200000,"street":0},{"player":1,"type":"F","amount":0,"street":0},{"player":2,"type":"C","amount":200000,"street":0},{"player":3,"type":"R","amount":600000,"street":0},{"player":4,"type":"F","amount":0,"street":0}],"actions":[{"type":"F","amount":0,"node":359},{"type":"R","amount":735000,"node":368}],"hands":{"22":{"weight":1.0,"played":[0.5948,0.4052],"evs":[0.0,-0.17853]},"32o":{"weight":1.0,"played":[0.9989,0.0011],"evs":[0.0,-1.84838]},"42o":{"weight":1.0,"played":[0.9999,1.0E-4],"evs":[0.0,-1.42106]},"52o":{"weight":1.0,"played":[1.0,0.0],"evs":[0.0,-1.55627]},"62o":{"weight":1.0,"played":[0.9885,0.0115],"evs":[0.0,-2.12439]},"72o":{"weight":1.0,"played":[0.9984,0.0016],"evs":[0.0,-1.78537]},"82o":{"weight":1.0,"played":[0.9997,3.0E-4],"evs":[0.0,-1.9654]},"92o":{"weight":1.0,"played":[0.9993,7.0E-4],"evs":[0.0,-1.86978]},"T2o":{"weight":1.0,"played":[1.0,0.0],"evs":[0.0,-2.18041]},"J2o":{"weight":1.0,"played":[1.0,0.0],"evs":[0.0,-2.16204]},"Q2o":{"weight":1.0,"played":[1.0,0.0],"evs":[0.0,-2.14668]},"K2o":{"weight":1.0,"played":[1.0,0.0],"evs":[0.0,-1.59804]},"A2o":{"weight":1.0,"played":[0.9871,0.0129],"evs":[0.0,-1.11845]},"32s":{"weight":1.0,"played":[0.8537,0.1463],"evs":[0.0,-0.86073]},"33":{"weight":1.0,"played":[0.5738,0.4262],"evs":[0.0,-0.27621]},"43o":{"weight":1.0,"played":[0.9999,1.0E-4],"evs":[0.0,-1.145]},"53o":{"weight":1.0,"played":[0.998,0.002],"evs":[0.0,-1.33417]},"63o":{"weight":1.0,"played":[0.9885,0.0115],"evs":[0.0,-1.07607]},"73o":{"weight":1.0,"played":[0.9997,3.0E-4],"evs":[0.0,-1.73341]},"83o":{"weight":1.0,"played":[0.9996,4.0E-4],"evs":[0.0,-2.1059]},"93o":{"weight":1.0,"played":[1.0,0.0],"evs":[0.0,-1.80065]},"T3o":{"weight":1.0,"played":[0.9989,0.0011],"evs":[0.0,-1.67043]},"J3o":{"weight":1.0,"played":[0.997,0.003],"evs":[0.0,-2.17109]},"Q3o":{"weight":1.0,"played":[1.0,0.0],"evs":[0.0,-1.68542]},"K3o":{"weight":1.0,"played":[0.9998,2.0E-4],"evs":[0.0,-1.72103]},"A3o":{"weight":1.0,"played":[0.9959,0.0041],"evs":[0.0,-1.4296]},"42s":{"weight":1.0,"played":[0.9479,0.0521],"evs":[0.0,-1.44052]},"43s":{"weight":1.0,"played":[0.3729,0.6271],"evs":[0.0,-0.19886]},"44":{"weight":1.0,"played":[0.5001,0.4999],"evs":[0.0,-0.11634]},"54o":{"weight":1.0,"played":[0.9974,0.0026],"evs":[0.0,-1.27402]},"64o":{"weight":1.0,"played":[0.9961,0.0039],"evs":[0.0,-0.68361]},"74o":{"weight":1.0,"played":[0.9996,4.0E-4],"evs":[0.0,-1.26032]},"84o":{"weight":1.0,"played":[0.9997,3.0E-4],"evs":[0.0,-1.84723]},"94o":{"weight":1.0,"played":[0.9987,0.0013],"evs":[0.0,-1.87365]},"T4o":{"weight":1.0,"played":[0.9999,1.0E-4],"evs":[0.0,-1.88003]},"J4o":{"weight":1.0,"played":[0.9997,3.0E-4],"evs":[0.0,-2.08109]},"Q4o":{"weight":1.0,"played":[0.9994,6.0E-4],"evs":[0.0,-2.0181]},"K4o":{"weight":1.0,"played":[0.9924,0.0076],"evs":[0.0,-1.9579]},"A4o":{"weight":1.0,"played":[0.992,0.008],"evs":[0.0,-0.82657]},"52s":{"weight":1.0,"played":[0.9775,0.0225],"evs":[0.0,-0.92144]},"53s":{"weight":1.0,"played":[0.9087,0.0913],"evs":[0.0,-0.84763]},"54s":{"weight":1.0,"played":[0.8866,0.1134],"evs":[0.0,0.07623]},"55":{"weight":1.0,"played":[0.5525,0.4475],"evs":[0.0,0.23198]},"65o":{"weight":1.0,"played":[0.9644,0.0356],"evs":[0.0,-0.47843]},"75o":{"weight":1.0,"played":[0.965,0.035],"evs":[0.0,-1.08912]},"85o":{"weight":1.0,"played":[0.9996,4.0E-4],"evs":[0.0,-1.61273]},"95o":{"weight":1.0,"played":[0.9999,1.0E-4],"evs":[0.0,-1.47393]},"T5o":{"weight":1.0,"played":[0.999,0.001],"evs":[0.0,-2.06784]},"J5o":{"weight":1.0,"played":[0.9988,0.0012],"evs":[0.0,-2.07516]},"Q5o":{"weight":1.0,"played":[0.9982,0.0018],"evs":[0.0,-1.27538]},"K5o":{"weight":1.0,"played":[0.9995,5.0E-4],"evs":[0.0,-1.74526]},"A5o":{"weight":1.0,"played":[0.9609,0.0391],"evs":[0.0,-0.7953]},"62s":{"weight":1.0,"played":[0.9503,0.0497],"evs":[0.0,-0.39509]},"63s":{"weight":1.0,"played":[0.7244,0.2756],"evs":[0.0,0.00694]},"64s":{"weight":1.0,"played":[0.7526,0.2474],"evs":[0.0,-0.05158]},"65s":{"weight":1.0,"played":[0.6444,0.3556],"evs":[0.0,0.29762]},"66":{"weight":1.0,"played":[0.1656,0.8344],"evs":[0.0,0.7992]},"76o":{"weight":1.0,"played":[0.9736,0.0264],"evs":[0.0,-0.7076]},"86o":{"weight":1.0,"played":[0.9962,0.0038],"evs":[0.0,-0.83188]},"96o":{"weight":1.0,"played":[0.9858,0.0142],"evs":[0.0,-1.30152]},"T6o":{"weight":1.0,"played":[1.0,0.0],"evs":[0.0,-1.55584]},"J6o":{"weight":1.0,"played":[1.0,0.0],"evs":[0.0,-1.90398]},"Q6o":{"weight":1.0,"played":[0.9864,0.0136],"evs":[0.0,-1.62234]},"K6o":{"weight":1.0,"played":[0.9996,4.0E-4],"evs":[0.0,-0.9465]},"A6o":{"weight":1.0,"played":[0.9994,6.0E-4],"evs":[0.0,-1.25299]},"72s":{"weight":1.0,"played":[0.9968,0.0032],"evs":[0.0,-1.3688]},"73s":{"weight":1.0,"played":[0.8851,0.1149],"evs":[0.0,-1.14149]},"74s":{"weight":1.0,"played":[0.9692,0.0308],"evs":[0.0,-0.48621]},"75s":{"weight":1.0,"played":[0.8894,0.1106],"evs":[0.0,-0.58237]},"76s":{"weight":1.0,"played":[0.4833,0.5167],"evs":[0.0,-0.13536]},"77":{"weight":1.0,"played":[0.0414,0.9586],"evs":[0.0,0.71166]},"87o":{"weight":1.0,"played":[0.9981,0.0019],"evs":[0.0,-0.54714]},"97o":{"weight":1.0,"played":[0.998,0.002],"evs":[0.0,-0.98232]},"T7o":{"weight":1.0,"played":[0.9637,0.0363],"evs":[0.0,-1.74988]},"J7o":{"weight":1.0,"played":[0.9997,3.0E-4],"evs":[0.0,-1.1328]},"Q7o":{"weight":1.0,"played":[0.9965,0.0035],"evs":[0.0,-1.25147]},"K7o":{"weight":1.0,"played":[0.9998,2.0E-4],"evs":[0.0,-1.25356]},"A7o":{"weight":1.0,"played":[0.9757,0.0243],"evs":[0.0,-0.92147]},"82s":{"weight":1.0,"played":[0.927,0.073],"evs":[0.0,-0.98427]},"83s":{"weight":1.0,"played":[0.9424,0.0576],"evs":[0.0,-1.50674]},"84s":{"weight":1.0,"played":[0.9929,0.0071],"evs":[0.0,-0.63791]},"85s":{"weight":1.0,"played":[0.3062,0.6938],"evs":[0.0,0.11368]},"86s":{"weight":1.0,"played":[0.9957,0.0043],"evs":[0.0,-1.26077]},"87s":{"weight":1.0,"played":[0.6315,0.3685],"evs":[0.0,-0.19373]},"88":{"weight":1.0,"played":[0.0,1.0],"evs":[0.0,1.0973]},"98o":{"weight":1.0,"played":[0.9686,0.0314],"evs":[0.0,-1.04517]},"T8o":{"weight":1.0,"played":[0.9793,0.0207],"evs":[0.0,-0.80806]},"J8o":{"weight":1.0,"played":[0.9981,0.0019],"evs":[0.0,-1.15302]},"Q8o":{"weight":1.0,"played":[0.9986,0.0014],"evs":[0.0,-1.09346]},"K8o":{"weight":1.0,"played":[0.9995,5.0E-4],"evs":[0.0,-1.80781]},"A8o":{"weight":1.0,"played":[0.9715,0.0285],"evs":[0.0,-0.72009]},"92s":{"weight":1.0,"played":[0.991,0.009],"evs":[0.0,-1.27081]},"93s":{"weight":1.0,"played":[0.9145,0.0855],"evs":[0.0,-0.58196]},"94s":{"weight":1.0,"played":[0.9936,0.0064],"evs":[0.0,-1.41241]},"95s":{"weight":1.0,"played":[0.4445,0.5555],"evs":[0.0,-0.38586]},"96s":{"weight":1.0,"played":[0.9154,0.0846],"evs":[0.0,-0.57439]},"97s":{"weight":1.0,"played":[0.392,0.608],"evs":[0.0,-0.17945]},"98s":{"weight":1.0,"played":[0.3774,0.6226],"evs":[0.0,0.70111]},"99":{"weight":1.0,"played":[0.0,1.0],"evs":[0.0,2.51364]},"T9o":{"weight":1.0,"played":[0.5608,0.4392],"evs":[0.0,-0.33062]},"J9o":{"weight":1.0,"played":[0.9999,1.0E-4],"evs":[0.0,-0.76062]},"Q9o":{"weight":1.0,"played":[0.7301,0.2699],"evs":[0.0,-0.42957]},"K9o":{"weight":1.0,"played":[0.9999,1.0E-4],"evs":[0.0,-1.03062]},"A9o":{"weight":1.0,"played":[0.9715,0.0285],"evs":[0.0,-0.33617]},"T2s":{"weight":1.0,"played":[0.9802,0.0198],"evs":[0.0,-1.21523]},"T3s":{"weight":1.0,"played":[0.9919,0.0081],"evs":[0.0,-1.1482]},"T4s":{"weight":1.0,"played":[0.8369,0.1631],"evs":[0.0,-0.55275]},"T5s":{"weight":1.0,"played":[0.8363,0.1637],"evs":[0.0,-0.50615]},"T6s":{"weight":1.0,"played":[0.3393,0.6607],"evs":[0.0,0.09926]},"T7s":{"weight":1.0,"played":[0.7294,0.2706],"evs":[0.0,0.08466]},"T8s":{"weight":1.0,"played":[0.6926,0.3074],"evs":[0.0,0.23898]},"T9s":{"weight":1.0,"played":[0.5621,0.4379],"evs":[0.0,-0.16765]},"TT":{"weight":1.0,"played":[7.0E-4,0.9993],"evs":[0.0,2.04106]},"JTo":{"weight":1.0,"played":[0.9524,0.0476],"evs":[0.0,-0.90878]},"QTo":{"weight":1.0,"played":[0.8824,0.1176],"evs":[0.0,-0.73372]},"KTo":{"weight":1.0,"played":[0.9912,0.0088],"evs":[0.0,-0.77817]},"ATo":{"weight":1.0,"played":[0.0242,0.9758],"evs":[0.0,0.21486]},"J2s":{"weight":1.0,"played":[0.9787,0.0213],"evs":[0.0,-1.3065]},"J3s":{"weight":1.0,"played":[0.9318,0.0682],"evs":[0.0,-1.09219]},"J4s":{"weight":1.0,"played":[0.9471,0.0529],"evs":[0.0,-1.30462]},"J5s":{"weight":1.0,"played":[0.9883,0.0117],"evs":[0.0,-1.76088]},"J6s":{"weight":1.0,"played":[0.9887,0.0113],"evs":[0.0,-0.84508]},"J7s":{"weight":1.0,"played":[0.9793,0.0207],"evs":[0.0,-1.38792]},"J8s":{"weight":1.0,"played":[0.9075,0.0925],"evs":[0.0,-0.77762]},"J9s":{"weight":1.0,"played":[0.8736,0.1264],"evs":[0.0,0.0736]},"JTs":{"weight":1.0,"played":[1.0E-4,0.9999],"evs":[0.0,0.75414]},"JJ":{"weight":1.0,"played":[0.0,1.0],"evs":[0.0,2.99386]},"QJo":{"weight":1.0,"played":[0.9237,0.0763],"evs":[0.0,-0.40675]},"KJo":{"weight":1.0,"played":[0.9525,0.0475],"evs":[0.0,-0.10743]},"AJo":{"weight":1.0,"played":[0.0,1.0],"evs":[0.0,0.6645]},"Q2s":{"weight":1.0,"played":[0.996,0.004],"evs":[0.0,-1.3142]},"Q3s":{"weight":1.0,"played":[0.9935,0.0065],"evs":[0.0,-0.46043]},"Q4s":{"weight":1.0,"played":[0.9054,0.0946],"evs":[0.0,-0.84338]},"Q5s":{"weight":1.0,"played":[0.8706,0.1294],"evs":[0.0,-0.40776]},"Q6s":{"weight":1.0,"played":[0.6925,0.3075],"evs":[0.0,0.58036]},"Q7s":{"weight":1.0,"played":[1.0,0.0],"evs":[0.0,-0.88535]},"Q8s":{"weight":1.0,"played":[0.9982,0.0018],"evs":[0.0,-0.64256]},"Q9s":{"weight":1.0,"played":[0.0573,0.9427],"evs":[0.0,-0.12966]},"QTs":{"weight":1.0,"played":[0.4523,0.5477],"evs":[0.0,-0.14197]},"QJs":{"weight":1.0,"played":[0.8131,0.1869],"evs":[0.0,-0.04718]},"QQ":{"weight":1.0,"played":[0.0,1.0],"evs":[0.0,5.12152]},"KQo":{"weight":1.0,"played":[0.0981,0.9019],"evs":[0.0,0.08956]},"AQo":{"weight":1.0,"played":[4.0E-4,0.9996],"evs":[0.0,1.12633]},"K2s":{"weight":1.0,"played":[0.9384,0.0616],"evs":[0.0,-1.02029]},"K3s":{"weight":1.0,"played":[0.6822,0.3178],"evs":[0.0,-0.14647]},"K4s":{"weight":1.0,"played":[0.5766,0.4234],"evs":[0.0,-0.54606]},"K5s":{"weight":1.0,"played":[0.9202,0.0798],"evs":[0.0,-1.24581]},"K6s":{"weight":1.0,"played":[0.9873,0.0127],"evs":[0.0,-1.50217]},"K7s":{"weight":1.0,"played":[0.4639,0.5361],"evs":[0.0,0.04662]},"K8s":{"weight":1.0,"played":[0.9951,0.0049],"evs":[0.0,-0.13451]},"K9s":{"weight":1.0,"played":[0.5575,0.4425],"evs":[0.0,-0.39661]},"KTs":{"weight":1.0,"played":[0.6034,0.3966],"evs":[0.0,-0.52475]},"KJs":{"weight":1.0,"played":[0.2616,0.7384],"evs":[0.0,0.30062]},"KQs":{"weight":1.0,"played":[0.0768,0.9232],"evs":[0.0,1.54982]},"KK":{"weight":1.0,"played":[0.0,1.0],"evs":[0.0,6.43342]},"AKo":{"weight":1.0,"played":[2.0E-4,0.9998],"evs":[0.0,2.20571]},"A2s":{"weight":1.0,"played":[0.3686,0.6314],"evs":[0.0,-0.67942]},"A3s":{"weight":1.0,"played":[0.5512,0.4488],"evs":[0.0,-0.42687]},"A4s":{"weight":1.0,"played":[0.5913,0.4087],"evs":[0.0,-0.25597]},"A5s":{"weight":1.0,"played":[0.1345,0.8655],"evs":[0.0,0.7708]},"A6s":{"weight":1.0,"played":[0.4894,0.5106],"evs":[0.0,-0.52077]},"A7s":{"weight":1.0,"played":[0.0262,0.9738],"evs":[0.0,0.08031]},"A8s":{"weight":1.0,"played":[0.313,0.687],"evs":[0.0,0.85492]},"A9s":{"weight":1.0,"played":[0.1286,0.8714],"evs":[0.0,0.42946]},"ATs":{"weight":1.0,"played":[0.0243,0.9757],"evs":[0.0,1.7449]},"AJs":{"weight":1.0,"played":[0.0823,0.9177],"evs":[0.0,1.40496]},"AQs":{"weight":1.0,"played":[0.0072,0.9928],"evs":[0.0,3.84563]},"AKs":{"weight":1.0,"played":[0.0029,0.9971],"evs":[0.0,1.77399]},"AA":{"weight":1.0,"played":[0.0,1.0],"evs":[0.0,9.61248]}}}