{"player":2,"street":0,"children":3,"sequence":[{"player":0,"type":"R","amount":200000,"street":0},{"player":1,"type":"F","amount":0,"street":0},{"player":2,"type":"C","amount":200000,"street":0},{"player":3,"type":"R","amount":600000,"street":0},{"player":4,"type":"F","amount":0,"street":0},{"player":5,"type":"F","amount":0,"street":0},{"player":0,"type":"F","amount":0,"street":0}],"actions":[{"type":"F","amount":0},{"type":"C","amount":400000},{"type":"R","amount":985000,"node":361}],"hands":{"22":{"weight":0.0,"played":[0.021,0.0012,0.9778],"evs":[0.0,1.32778,1.39544]},"32o":{"weight":0.0,"played":[0.9998,2.0E-4,0.0],"evs":[0.0,-0.77028,-1.36886]},"42o":{"weight":0.0,"played":[0.9997,3.0E-4,0.0],"evs":[0.0,-0.64057,-1.20176]},"52o":{"weight":0.0,"played":[0.9957,0.0042,1.0E-4],"evs":[0.0,-0.80568,-1.34758]},"62o":{"weight":0.0,"played":[0.9997,2.0E-4,1.0E-4],"evs":[0.0,-0.75634,-1.32005]},"72o":{"weight":0.0,"played":[0.9999,0.0,0.0],"evs":[0.0,-1.01396,-1.6275]},"82o":{"weight":0.0,"played":[0.9995,3.0E-4,2.0E-4],"evs":[0.0,-1.12161,-1.74781]},"92o":{"weight":0.0,"played":[0.9991,6.0E-4,3.0E-4],"evs":[0.0,-1.00811,-1.55663]},"T2o":{"weight":0.0,"played":[0.9997,2.0E-4,1.0E-4],"evs":[0.0,-1.10525,-1.50311]},"J2o":{"weight":0.0,"played":[0.9999,0.0,0.0],"evs":[0.0,-0.89449,-1.25393]},"Q2o":{"weight":0.0,"played":[0.9996,3.0E-4,2.0E-4],"evs":[0.0,-0.79402,-1.18785]},"K2o":{"weight":0.0,"played":[0.9996,1.0E-4,4.0E-4],"evs":[0.0,-0.81925,-1.23766]},"A2o":{"weight":0.0,"played":[0.8705,0.0074,0.1221],"evs":[0.0,-0.09823,-0.03542]},"32s":{"weight":0.0,"played":[0.911,0.0822,0.0068],"evs":[0.0,-0.24825,-0.69921]},"33":{"weight":0.0,"played":[0.0,0.0,1.0],"evs":[0.0,1.19046,1.24767]},"43o":{"weight":0.0,"played":[0.9994,3.0E-4,3.0E-4],"evs":[0.0,-0.40904,-0.8991]},"53o":{"weight":0.0,"played":[0.9987,9.0E-4,4.0E-4],"evs":[0.0,-0.43071,-0.9352]},"63o":{"weight":0.0,"played":[0.9989,0.0011,0.0],"evs":[0.0,-0.49905,-0.94662]},"73o":{"weight":0.0,"played":[0.9975,0.0025,0.0],"evs":[0.0,-0.64571,-1.13427]},"83o":{"weight":0.0,"played":[0.9998,1.0E-4,1.0E-4],"evs":[0.0,-1.30639,-2.08405]},"93o":{"weight":0.0,"played":[1.0,0.0,0.0],"evs":[0.0,-0.83485,-1.2931]},"T3o":{"weight":0.0,"played":[0.9995,4.0E-4,0.0],"evs":[0.0,-0.94357,-1.33827]},"J3o":{"weight":0.0,"played":[0.9998,1.0E-4,0.0],"evs":[0.0,-0.82082,-1.13639]},"Q3o":{"weight":0.0,"played":[1.0,0.0,0.0],"evs":[0.0,-0.71504,-1.07164]},"K3o":{"weight":0.0,"played":[0.9971,0.0017,0.0011],"evs":[0.0,-0.87686,-1.15515]},"A3o":{"weight":0.0,"played":[0.5188,0.104,0.3772],"evs":[0.0,-0.02334,0.10816]},"42s":{"weight":0.0,"played":[0.9951,0.0027,0.0022],"evs":[0.0,-0.25955,-0.61578]},"43s":{"weight":0.0,"played":[0.0737,0.9242,0.0022],"evs":[0.0,0.13518,-0.25716]},"44":{"weight":0.0345,"played":[0.0,0.0235,0.9765],"evs":[0.0,1.48948,1.52359]},"54o":{"weight":0.0,"played":[0.9974,0.0023,3.0E-4],"evs":[0.0,-0.16829,-0.52175]},"64o":{"weight":0.0,"played":[0.9977,0.0023,0.0],"evs":[0.0,-0.27993,-0.80789]},"74o":{"weight":0.0,"played":[1.0,0.0,0.0],"evs":[0.0,-0.59544,-1.05681]},"84o":{"weight":0.0,"played":[0.9997,3.0E-4,0.0],"evs":[0.0,-1.00289,-1.5459]},"94o":{"weight":0.0,"played":[0.9988,7.0E-4,4.0E-4],"evs":[0.0,-0.83972,-1.1623]},"T4o":{"weight":0.0,"played":[0.9982,6.0E-4,0.0012],"evs":[0.0,-0.86495,-1.19933]},"J4o":{"weight":0.0,"played":[0.9988,0.001,1.0E-4],"evs":[0.0,-0.75377,-1.05014]},"Q4o":{"weight":0.0,"played":[1.0,0.0,0.0],"evs":[0.0,-0.96745,-1.33303]},"K4o":{"weight":0.0,"played":[0.9675,0.0085,0.0239],"evs":[0.0,-0.72015,-0.9877]},"A4o":{"weight":0.0,"played":[0.3482,0.2015,0.4502],"evs":[0.0,0.0938,0.14206]},"52s":{"weight":0.0,"played":[0.5146,0.4851,3.0E-4],"evs":[0.0,-3.7E-4,-0.36635]},"53s":{"weight":0.0,"played":[0.2646,0.5735,0.1619],"evs":[0.0,0.0394,-0.24939]},"54s":{"weight":0.0,"played":[0.0521,0.9475,4.0E-4],"evs":[0.0,0.26754,0.03517]},"55":{"weight":0.5116,"played":[0.0,0.0038,0.9962],"evs":[0.0,1.6741,1.71599]},"65o":{"weight":0.0,"played":[0.7607,0.2392,1.0E-4],"evs":[0.0,-0.08972,-0.49032]},"75o":{"weight":0.0,"played":[0.9993,6.0E-4,1.0E-4],"evs":[0.0,-0.45542,-0.92938]},"85o":{"weight":0.0,"played":[0.9996,2.0E-4,2.0E-4],"evs":[0.0,-0.98894,-1.39861]},"95o":{"weight":0.0,"played":[1.0,0.0,0.0],"evs":[0.0,-0.72993,-1.1076]},"T5o":{"weight":0.0,"played":[0.9995,5.0E-4,0.0],"evs":[0.0,-0.89271,-1.30567]},"J5o":{"weight":0.0,"played":[0.9949,0.0031,0.002],"evs":[0.0,-0.65713,-1.03056]},"Q5o":{"weight":0.0,"played":[0.9995,2.0E-4,3.0E-4],"evs":[0.0,-0.69288,-0.9869]},"K5o":{"weight":0.0,"played":[0.9849,0.0136,0.0015],"evs":[0.0,-0.76097,-1.0991]},"A5o":{"weight":0.0,"played":[0.4953,0.1006,0.4041],"evs":[0.0,0.1106,0.15565]},"62s":{"weight":0.0,"played":[0.8163,0.182,0.0017],"evs":[0.0,-0.20637,-0.46808]},"63s":{"weight":0.0,"played":[0.8236,0.1758,6.0E-4],"evs":[0.0,-0.35262,-0.73505]},"64s":{"weight":0.0,"played":[0.7936,0.2037,0.0027],"evs":[0.0,-0.31794,-0.72736]},"65s":{"weight":0.0,"played":[1.0E-4,0.9976,0.0023],"evs":[0.0,0.42603,0.13801]},"66":{"weight":0.3021,"played":[0.0,0.0271,0.9729],"evs":[0.0,1.678,1.685]},"76o":{"weight":0.0,"played":[0.6743,0.3254,3.0E-4],"evs":[0.0,0.08995,-0.34475]},"86o":{"weight":0.0,"played":[0.9323,0.0677,0.0],"evs":[0.0,-0.53855,-0.9969]},"96o":{"weight":0.0,"played":[0.9822,0.0178,0.0],"evs":[0.0,-0.58586,-0.96593]},"T6o":{"weight":0.0,"played":[0.9998,1.0E-4,0.0],"evs":[0.0,-0.70754,-0.98024]},"J6o":{"weight":0.0,"played":[1.0,0.0,0.0],"evs":[0.0,-0.60802,-0.98029]},"Q6o":{"weight":0.0,"played":[0.9995,2.0E-4,4.0E-4],"evs":[0.0,-0.68855,-1.04481]},"K6o":{"weight":0.0,"played":[0.9935,0.0053,0.0012],"evs":[0.0,-0.64022,-0.82673]},"A6o":{"weight":0.0,"played":[0.3815,0.2189,0.3996],"evs":[0.0,0.0531,0.10763]},"72s":{"weight":0.0,"played":[0.9992,7.0E-4,1.0E-4],"evs":[0.0,-0.58251,-1.0593]},"73s":{"weight":0.0,"played":[0.9794,0.0205,1.0E-4],"evs":[0.0,-0.38616,-0.86675]},"74s":{"weight":0.0,"played":[0.2815,0.7185,1.0E-4],"evs":[0.0,0.3426,-0.19542]},"75s":{"weight":0.0,"played":[0.0514,0.9422,0.0064],"evs":[0.0,0.3921,0.11315]},"76s":{"weight":0.0,"played":[0.2246,0.7574,0.018],"evs":[0.0,-0.05575,-0.21224]},"77":{"weight":1.0E-4,"played":[0.0,0.6346,0.3654],"evs":[0.0,1.78807,1.7933]},"87o":{"weight":0.0,"played":[0.9794,0.0205,1.0E-4],"evs":[0.0,-0.39776,-0.80147]},"97o":{"weight":0.0,"played":[0.9351,0.0624,0.0025],"evs":[0.0,-0.46492,-0.82935]},"T7o":{"weight":0.0,"played":[0.9972,0.0024,4.0E-4],"evs":[0.0,-0.46133,-0.63304]},"J7o":{"weight":0.0,"played":[0.9999,0.0,0.0],"evs":[0.0,-0.44153,-0.76629]},"Q7o":{"weight":0.0,"played":[0.9987,0.001,3.0E-4],"evs":[0.0,-0.77692,-1.13895]},"K7o":{"weight":0.0,"played":[0.9415,0.057,0.0014],"evs":[0.0,-0.64267,-0.90464]},"A7o":{"weight":0.0,"played":[0.5257,0.3078,0.1665],"evs":[0.0,0.00965,0.00169]},"82s":{"weight":0.0,"played":[0.9794,0.0194,0.0012],"evs":[0.0,-0.7643,-1.28292]},"83s":{"weight":0.0,"played":[0.9975,0.0018,7.0E-4],"evs":[0.0,-0.83239,-1.13201]},"84s":{"weight":0.0,"played":[0.9924,0.0073,3.0E-4],"evs":[0.0,-0.59548,-1.14862]},"85s":{"weight":0.0,"played":[0.801,0.1973,0.0017],"evs":[0.0,-0.54993,-0.83844]},"86s":{"weight":0.0,"played":[0.7909,0.1649,0.0442],"evs":[0.0,-0.12566,-0.31154]},"87s":{"weight":0.0,"played":[0.0492,0.9341,0.0166],"evs":[0.0,0.21885,-0.02243]},"88":{"weight":0.0,"played":[0.0,0.0,1.0],"evs":[0.0,2.15199,2.20752]},"98o":{"weight":0.0,"played":[0.6078,0.3918,4.0E-4],"evs":[0.0,-0.41377,-0.71443]},"T8o":{"weight":0.0,"played":[0.8665,0.133,6.0E-4],"evs":[0.0,-0.57572,-0.8906]},"J8o":{"weight":0.0,"played":[0.8977,0.1021,3.0E-4],"evs":[0.0,-0.57565,-0.95112]},"Q8o":{"weight":0.0,"played":[0.9991,7.0E-4,2.0E-4],"evs":[0.0,-0.82792,-1.35402]},"K8o":{"weight":0.0,"played":[0.9912,0.0087,0.0],"evs":[0.0,-0.93853,-1.19975]},"A8o":{"weight":0.0,"played":[0.1306,0.352,0.5174],"evs":[0.0,0.44029,0.48952]},"92s":{"weight":0.0,"played":[0.996,0.0025,0.0015],"evs":[0.0,-0.64469,-1.09437]},"93s":{"weight":0.0,"played":[0.7963,0.2016,0.0021],"evs":[0.0,-0.34686,-0.69007]},"94s":{"weight":0.0,"played":[0.8589,0.13,0.0111],"evs":[0.0,-0.10789,-0.48451]},"95s":{"weight":0.0,"played":[0.6466,0.3529,4.0E-4],"evs":[0.0,-0.22185,-0.48517]},"96s":{"weight":0.0,"played":[0.0482,0.9305,0.0214],"evs":[0.0,0.31764,0.04504]},"97s":{"weight":0.0,"played":[0.3594,0.64,6.0E-4],"evs":[0.0,-0.02656,-0.3988]},"98s":{"weight":0.0,"played":[0.0053,0.977,0.0177],"evs":[0.0,0.4409,0.17783]},"99":{"weight":0.0,"played":[0.0,0.0,1.0],"evs":[0.0,3.72338,3.73664]},"T9o":{"weight":0.0,"played":[0.5499,0.4211,0.0291],"evs":[0.0,-0.10283,-0.23683]},"J9o":{"weight":0.0,"played":[0.5081,0.404,0.0879],"evs":[0.0,-0.18809,-0.34499]},"Q9o":{"weight":0.0,"played":[0.789,0.1779,0.0331],"evs":[0.0,-0.42271,-0.57997]},"K9o":{"weight":0.0,"played":[0.5122,0.4875,3.0E-4],"evs":[0.0,-0.23157,-0.37849]},"A9o":{"weight":0.0,"played":[0.0055,0.0141,0.9803],"evs":[0.0,1.53915,1.65923]},"T2s":{"weight":0.0,"played":[0.7567,0.2174,0.0259],"evs":[0.0,-0.21467,-0.47049]},"T3s":{"weight":0.0,"played":[0.9935,0.0049,0.0016],"evs":[0.0,-0.43624,-0.60581]},"T4s":{"weight":0.0,"played":[0.9629,0.0359,0.0012],"evs":[0.0,-0.25261,-0.44616]},"T5s":{"weight":0.0,"played":[0.9717,0.0238,0.0045],"evs":[0.0,-0.34998,-0.73195]},"T6s":{"weight":0.0,"played":[0.5612,0.2441,0.1946],"evs":[0.0,-0.01603,-0.11082]},"T7s":{"weight":0.0,"played":[0.8567,0.1263,0.017],"evs":[0.0,-0.13244,-0.4048]},"T8s":{"weight":0.0,"played":[0.1615,0.8351,0.0034],"evs":[0.0,0.09532,-0.06091]},"T9s":{"weight":0.138,"played":[0.0168,0.7188,0.2644],"evs":[0.0,0.31316,0.15409]},"TT":{"weight":0.0,"played":[0.0,0.0717,0.9283],"evs":[0.0,3.88754,3.90144]},"JTo":{"weight":0.0,"played":[0.1046,0.819,0.0764],"evs":[0.0,0.1885,0.09858]},"QTo":{"weight":0.0,"played":[0.6673,0.2297,0.103],"evs":[0.0,-0.0744,-0.28863]},"KTo":{"weight":0.0,"played":[0.6501,0.211,0.1389],"evs":[0.0,-0.23224,-0.26824]},"ATo":{"weight":0.0,"played":[0.0,0.052,0.948],"evs":[0.0,2.29502,2.39551]},"J2s":{"weight":0.0,"played":[0.9808,0.0125,0.0067],"evs":[0.0,-0.28868,-0.55711]},"J3s":{"weight":0.0,"played":[0.8935,0.106,6.0E-4],"evs":[0.0,-0.12184,-0.42758]},"J4s":{"weight":0.0,"played":[0.2121,0.7771,0.0108],"evs":[0.0,-0.04527,-0.1802]},"J5s":{"weight":0.0,"played":[0.7252,0.2741,7.0E-4],"evs":[0.0,0.13801,-0.08518]},"J6s":{"weight":0.0,"played":[0.9276,0.062,0.0104],"evs":[0.0,-0.31586,-0.45099]},"J7s":{"weight":0.0,"played":[0.5816,0.3969,0.0216],"evs":[0.0,-0.05004,-0.38419]},"J8s":{"weight":0.0,"played":[0.1187,0.859,0.0223],"evs":[0.0,-0.02663,-0.27034]},"J9s":{"weight":0.0086,"played":[0.0114,0.7973,0.1912],"evs":[0.0,0.4046,0.28043]},"JTs":{"weight":1.0,"played":[6.0E-4,0.8261,0.1734],"evs":[0.0,0.4232,0.35717]},"JJ":{"weight":0.0,"played":[0.0,5.0E-4,0.9995],"evs":[0.0,4.57305,4.60692]},"QJo":{"weight":0.0,"played":[0.0449,0.7995,0.1556],"evs":[0.0,0.11572,-0.00447]},"KJo":{"weight":0.2081,"played":[0.0242,0.4001,0.5757],"evs":[0.0,0.02395,0.01924]},"AJo":{"weight":0.0,"played":[0.0,1.0E-4,0.9999],"evs":[0.0,2.73195,2.81542]},"Q2s":{"weight":0.0,"played":[0.9689,0.0299,0.0012],"evs":[0.0,-0.18049,-0.25174]},"Q3s":{"weight":0.0,"played":[0.9374,0.0603,0.0023],"evs":[0.0,-0.11406,-0.37699]},"Q4s":{"weight":0.0,"played":[0.9033,0.0966,1.0E-4],"evs":[0.0,-0.25464,-0.64945]},"Q5s":{"weight":0.0,"played":[0.423,0.5127,0.0644],"evs":[0.0,-0.09305,-0.26557]},"Q6s":{"weight":0.0,"played":[0.1583,0.818,0.0237],"evs":[0.0,-0.00312,-0.20161]},"Q7s":{"weight":0.0,"played":[0.6201,0.3305,0.0494],"evs":[0.0,-0.10817,-0.22624]},"Q8s":{"weight":0.0,"played":[0.806,0.1913,0.0027],"evs":[0.0,-0.54465,-0.76235]},"Q9s":{"weight":0.0,"played":[0.0097,0.7109,0.2794],"evs":[0.0,0.74999,0.67503]},"QTs":{"weight":1.0,"played":[0.0012,0.9949,0.0039],"evs":[0.0,0.60051,0.53386]},"QJs":{"weight":1.0,"played":[1.0E-4,0.9942,0.0057],"evs":[0.0,0.49688,0.39025]},"QQ":{"weight":0.0,"played":[0.0,0.0,1.0],"evs":[0.0,5.80974,5.84074]},"KQo":{"weight":1.0E-4,"played":[0.0,0.0017,0.9983],"evs":[0.0,0.62898,0.75719]},"AQo":{"weight":0.0,"played":[0.0,0.0,1.0],"evs":[0.0,3.51264,3.5785]},"K2s":{"weight":0.0,"played":[0.7628,0.2231,0.0141],"evs":[0.0,-0.07204,-0.37326]},"K3s":{"weight":0.0,"played":[0.6523,0.3014,0.0462],"evs":[0.0,-0.18742,-0.42336]},"K4s":{"weight":0.0,"played":[0.3489,0.6052,0.046],"evs":[0.0,0.1999,0.0539]},"K5s":{"weight":0.0,"played":[0.0052,0.8827,0.1121],"evs":[0.0,0.20681,0.04428]},"K6s":{"weight":0.0,"played":[0.0203,0.8704,0.1093],"evs":[0.0,0.27743,0.20387]},"K7s":{"weight":0.0,"played":[6.0E-4,0.983,0.0164],"evs":[0.0,0.16768,0.0806]},"K8s":{"weight":0.0,"played":[0.4845,0.4026,0.1129],"evs":[0.0,-0.38484,-0.58118]},"K9s":{"weight":0.9409,"played":[2.0E-4,0.4776,0.5221],"evs":[0.0,0.24629,0.1963]},"KTs":{"weight":1.0,"played":[6.0E-4,0.4967,0.5026],"evs":[0.0,0.43613,0.47582]},"KJs":{"weight":0.8885,"played":[0.0,0.8934,0.1066],"evs":[0.0,0.74933,0.72748]},"KQs":{"weight":0.0,"played":[0.0,0.249,0.751],"evs":[0.0,1.01702,1.0655]},"KK":{"weight":0.0,"played":[0.0,1.0E-4,0.9999],"evs":[0.0,7.12796,7.15826]},"AKo":{"weight":0.0,"played":[0.0,0.0,1.0],"evs":[0.0,4.5626,4.59275]},"A2s":{"weight":0.0,"played":[0.0,0.0047,0.9953],"evs":[0.0,0.67216,0.73604]},"A3s":{"weight":0.0,"played":[1.0E-4,0.0075,0.9924],"evs":[0.0,0.23927,0.40182]},"A4s":{"weight":0.3055,"played":[0.1148,0.5964,0.2888],"evs":[0.0,0.72917,0.75041]},"A5s":{"weight":0.9999,"played":[0.0,0.3451,0.6549],"evs":[0.0,1.11355,1.15228]},"A6s":{"weight":0.4875,"played":[1.0E-4,0.9769,0.023],"evs":[0.0,0.61314,0.60967]},"A7s":{"weight":0.5579,"played":[8.0E-4,0.9132,0.086],"evs":[0.0,0.68718,0.62775]},"A8s":{"weight":2.0E-4,"played":[3.0E-4,0.004,0.9957],"evs":[0.0,1.40685,1.4755]},"A9s":{"weight":0.0,"played":[0.0,0.1557,0.8442],"evs":[0.0,2.1271,2.2494]},"ATs":{"weight":0.0,"played":[0.0,0.0,1.0],"evs":[0.0,2.65399,2.71595]},"AJs":{"weight":0.0,"played":[0.0,0.0,1.0],"evs":[0.0,3.34293,3.46728]},"AQs":{"weight":0.0,"played":[0.0,1.0E-4,0.9999],"evs":[0.0,3.90324,3.93387]},"AKs":{"weight":0.0,"played":[0.0,0.0147,0.9853],"evs":[0.0,5.02908,5.08176]},"AA":{"weight":0.1092,"played":[0.0,0.0,1.0],"evs":[0.0,10.17709,10.21262]}}}