{"player":2,"street":0,"children":2,"sequence":[{"player":0,"type":"R","amount":200000,"street":0},{"player":1,"type":"F","amount":0,"street":0},{"player":2,"type":"C","amount":200000,"street":0},{"player":3,"type":"R","amount":600000,"street":0},{"player":4,"type":"F","amount":0,"street":0},{"player":5,"type":"F","amount":0,"street":0},{"player":0,"type":"R","amount":1905000,"street":0}],"actions":[{"type":"F","amount":0,"node":366},{"type":"C","amount":785000,"node":367}],"hands":{"22":{"weight":0.0,"played":[0.9665,0.0335],"evs":[0.0,-0.88515]},"32o":{"weight":0.0,"played":[1.0,0.0],"evs":[0.0,-2.49636]},"42o":{"weight":0.0,"played":[1.0,0.0],"evs":[0.0,-2.02166]},"52o":{"weight":0.0,"played":[1.0,0.0],"evs":[0.0,-1.7844]},"62o":{"weight":0.0,"played":[1.0,0.0],"evs":[0.0,-1.95397]},"72o":{"weight":0.0,"played":[0.9999,1.0E-4],"evs":[0.0,-2.33859]},"82o":{"weight":0.0,"played":[1.0,0.0],"evs":[0.0,-2.67581]},"92o":{"weight":0.0,"played":[0.9997,3.0E-4],"evs":[0.0,-2.25068]},"T2o":{"weight":0.0,"played":[1.0,0.0],"evs":[0.0,-2.2169]},"J2o":{"weight":0.0,"played":[1.0,0.0],"evs":[0.0,-2.0755]},"Q2o":{"weight":0.0,"played":[1.0,0.0],"evs":[0.0,-2.01585]},"K2o":{"weight":0.0,"played":[0.9995,5.0E-4],"evs":[0.0,-1.85357]},"A2o":{"weight":0.0,"played":[0.9999,1.0E-4],"evs":[0.0,-2.2309]},"32s":{"weight":0.0,"played":[0.9955,0.0045],"evs":[0.0,-1.63499]},"33":{"weight":0.0,"played":[0.6587,0.3413],"evs":[0.0,-0.08659]},"43o":{"weight":0.0,"played":[1.0,0.0],"evs":[0.0,-1.67382]},"53o":{"weight":0.0,"played":[0.9994,6.0E-4],"evs":[0.0,-1.4939]},"63o":{"weight":0.0,"played":[0.9991,9.0E-4],"evs":[0.0,-1.55575]},"73o":{"weight":0.0,"played":[0.9999,1.0E-4],"evs":[0.0,-2.21611]},"83o":{"weight":0.0,"played":[0.9999,1.0E-4],"evs":[0.0,-2.60635]},"93o":{"weight":0.0,"played":[0.9997,3.0E-4],"evs":[0.0,-2.51319]},"T3o":{"weight":0.0,"played":[1.0,0.0],"evs":[0.0,-2.2689]},"J3o":{"weight":0.0,"played":[1.0,0.0],"evs":[0.0,-2.02574]},"Q3o":{"weight":0.0,"played":[0.9999,1.0E-4],"evs":[0.0,-1.96281]},"K3o":{"weight":0.0,"played":[0.9999,1.0E-4],"evs":[0.0,-2.03339]},"A3o":{"weight":0.0,"played":[0.996,0.004],"evs":[0.0,-2.43007]},"42s":{"weight":0.0,"played":[0.9951,0.0049],"evs":[0.0,-0.77255]},"43s":{"weight":0.0,"played":[0.986,0.014],"evs":[0.0,-0.34923]},"44":{"weight":0.0345,"played":[0.7567,0.2433],"evs":[0.0,-0.2467]},"54o":{"weight":0.0,"played":[0.9981,0.0019],"evs":[0.0,-1.0471]},"64o":{"weight":0.0,"played":[0.9979,0.0021],"evs":[0.0,-1.21385]},"74o":{"weight":0.0,"played":[1.0,0.0],"evs":[0.0,-1.57528]},"84o":{"weight":0.0,"played":[0.9999,1.0E-4],"evs":[0.0,-2.2018]},"94o":{"weight":0.0,"played":[0.9999,1.0E-4],"evs":[0.0,-2.26621]},"T4o":{"weight":0.0,"played":[0.9998,2.0E-4],"evs":[0.0,-1.91587]},"J4o":{"weight":0.0,"played":[0.9996,4.0E-4],"evs":[0.0,-1.84093]},"Q4o":{"weight":0.0,"played":[0.9992,8.0E-4],"evs":[0.0,-1.91867]},"K4o":{"weight":0.0,"played":[0.9999,1.0E-4],"evs":[0.0,-1.51334]},"A4o":{"weight":0.0,"played":[1.0,0.0],"evs":[0.0,-2.02891]},"52s":{"weight":0.0,"played":[0.9673,0.0327],"evs":[0.0,-0.95942]},"53s":{"weight":0.0,"played":[0.9336,0.0664],"evs":[0.0,-0.3876]},"54s":{"weight":0.0,"played":[0.9007,0.0993],"evs":[0.0,-0.22612]},"55":{"weight":0.5116,"played":[0.1934,0.8066],"evs":[0.0,0.55248]},"65o":{"weight":0.0,"played":[0.9991,9.0E-4],"evs":[0.0,-1.17582]},"75o":{"weight":0.0,"played":[0.9995,5.0E-4],"evs":[0.0,-1.25475]},"85o":{"weight":0.0,"played":[1.0,0.0],"evs":[0.0,-1.59458]},"95o":{"weight":0.0,"played":[0.999,0.001],"evs":[0.0,-1.64751]},"T5o":{"weight":0.0,"played":[0.9998,2.0E-4],"evs":[0.0,-1.79902]},"J5o":{"weight":0.0,"played":[0.9998,2.0E-4],"evs":[0.0,-1.925]},"Q5o":{"weight":0.0,"played":[0.9983,0.0017],"evs":[0.0,-1.47142]},"K5o":{"weight":0.0,"played":[0.9998,2.0E-4],"evs":[0.0,-1.5718]},"A5o":{"weight":0.0,"played":[0.9999,1.0E-4],"evs":[0.0,-1.89749]},"62s":{"weight":0.0,"played":[0.9996,4.0E-4],"evs":[0.0,-1.13093]},"63s":{"weight":0.0,"played":[0.9969,0.0031],"evs":[0.0,-0.67803]},"64s":{"weight":0.0,"played":[0.848,0.152],"evs":[0.0,-0.19751]},"65s":{"weight":0.0,"played":[0.9462,0.0538],"evs":[0.0,-0.1952]},"66":{"weight":0.3021,"played":[0.0635,0.9365],"evs":[0.0,0.47543]},"76o":{"weight":0.0,"played":[0.9994,6.0E-4],"evs":[0.0,-1.05896]},"86o":{"weight":0.0,"played":[1.0,0.0],"evs":[0.0,-1.11165]},"96o":{"weight":0.0,"played":[0.9997,3.0E-4],"evs":[0.0,-1.36445]},"T6o":{"weight":0.0,"played":[0.9996,4.0E-4],"evs":[0.0,-1.67574]},"J6o":{"weight":0.0,"played":[0.9999,1.0E-4],"evs":[0.0,-1.59305]},"Q6o":{"weight":0.0,"played":[0.9998,2.0E-4],"evs":[0.0,-1.42543]},"K6o":{"weight":0.0,"played":[0.9997,3.0E-4],"evs":[0.0,-1.2998]},"A6o":{"weight":0.0,"played":[0.9998,2.0E-4],"evs":[0.0,-2.14107]},"72s":{"weight":0.0,"played":[0.9984,0.0016],"evs":[0.0,-1.11119]},"73s":{"weight":0.0,"played":[0.987,0.013],"evs":[0.0,-0.94956]},"74s":{"weight":0.0,"played":[0.98,0.02],"evs":[0.0,-0.45663]},"75s":{"weight":0.0,"played":[0.7737,0.2263],"evs":[0.0,-0.08988]},"76s":{"weight":0.0,"played":[0.4431,0.5569],"evs":[0.0,0.55603]},"77":{"weight":1.0E-4,"played":[2.0E-4,0.9998],"evs":[0.0,0.66706]},"87o":{"weight":0.0,"played":[0.9997,3.0E-4],"evs":[0.0,-1.11211]},"97o":{"weight":0.0,"played":[0.9962,0.0038],"evs":[0.0,-1.04504]},"T7o":{"weight":0.0,"played":[0.9868,0.0132],"evs":[0.0,-1.20308]},"J7o":{"weight":0.0,"played":[0.9997,3.0E-4],"evs":[0.0,-1.48499]},"Q7o":{"weight":0.0,"played":[1.0,0.0],"evs":[0.0,-1.92814]},"K7o":{"weight":0.0,"played":[1.0,0.0],"evs":[0.0,-1.42343]},"A7o":{"weight":0.0,"played":[0.9997,3.0E-4],"evs":[0.0,-2.13127]},"82s":{"weight":0.0,"played":[1.0,0.0],"evs":[0.0,-1.38453]},"83s":{"weight":0.0,"played":[0.9996,4.0E-4],"evs":[0.0,-1.41331]},"84s":{"weight":0.0,"played":[0.9737,0.0263],"evs":[0.0,-1.5544]},"85s":{"weight":0.0,"played":[0.9987,0.0013],"evs":[0.0,-0.93881]},"86s":{"weight":0.0,"played":[0.6982,0.3018],"evs":[0.0,-0.31371]},"87s":{"weight":0.0,"played":[0.9075,0.0925],"evs":[0.0,-0.86439]},"88":{"weight":0.0,"played":[0.0037,0.9963],"evs":[0.0,1.43631]},"98o":{"weight":0.0,"played":[0.9985,0.0015],"evs":[0.0,-1.1546]},"T8o":{"weight":0.0,"played":[0.991,0.009],"evs":[0.0,-1.12073]},"J8o":{"weight":0.0,"played":[0.9983,0.0017],"evs":[0.0,-1.4175]},"Q8o":{"weight":0.0,"played":[0.9997,3.0E-4],"evs":[0.0,-1.82727]},"K8o":{"weight":0.0,"played":[0.9999,1.0E-4],"evs":[0.0,-1.50004]},"A8o":{"weight":0.0,"played":[0.9999,1.0E-4],"evs":[0.0,-1.80542]},"92s":{"weight":0.0,"played":[0.9996,4.0E-4],"evs":[0.0,-1.41928]},"93s":{"weight":0.0,"played":[0.976,0.024],"evs":[0.0,-1.03522]},"94s":{"weight":0.0,"played":[0.993,0.007],"evs":[0.0,-1.09273]},"95s":{"weight":0.0,"played":[0.9997,3.0E-4],"evs":[0.0,-1.21352]},"96s":{"weight":0.0,"played":[0.9789,0.0211],"evs":[0.0,-0.33134]},"97s":{"weight":0.0,"played":[0.8289,0.1711],"evs":[0.0,-0.41513]},"98s":{"weight":0.0,"played":[0.4563,0.5437],"evs":[0.0,-0.26972]},"99":{"weight":0.0,"played":[0.0,1.0],"evs":[0.0,2.31477]},"T9o":{"weight":0.0,"played":[0.997,0.003],"evs":[0.0,-0.77179]},"J9o":{"weight":0.0,"played":[0.9994,6.0E-4],"evs":[0.0,-0.78519]},"Q9o":{"weight":0.0,"played":[0.9983,0.0017],"evs":[0.0,-1.01027]},"K9o":{"weight":0.0,"played":[0.9994,6.0E-4],"evs":[0.0,-1.02335]},"A9o":{"weight":0.0,"played":[0.9996,4.0E-4],"evs":[0.0,-1.73971]},"T2s":{"weight":0.0,"played":[0.9906,0.0094],"evs":[0.0,-1.57049]},"T3s":{"weight":0.0,"played":[0.9685,0.0315],"evs":[0.0,-0.86133]},"T4s":{"weight":0.0,"played":[0.993,0.007],"evs":[0.0,-0.99719]},"T5s":{"weight":0.0,"played":[0.9171,0.0829],"evs":[0.0,-1.25345]},"T6s":{"weight":0.0,"played":[0.954,0.046],"evs":[0.0,-0.87912]},"T7s":{"weight":0.0,"played":[0.9283,0.0717],"evs":[0.0,-0.16119]},"T8s":{"weight":0.0,"played":[0.8362,0.1638],"evs":[0.0,-0.60051]},"T9s":{"weight":0.138,"played":[0.0853,0.9147],"evs":[0.0,0.35001]},"TT":{"weight":0.0,"played":[0.0,1.0],"evs":[0.0,3.02889]},"JTo":{"weight":0.0,"played":[0.9804,0.0196],"evs":[0.0,-0.30595]},"QTo":{"weight":0.0,"played":[0.9978,0.0022],"evs":[0.0,-0.81282]},"KTo":{"weight":0.0,"played":[0.9625,0.0375],"evs":[0.0,-0.48115]},"ATo":{"weight":0.0,"played":[0.9704,0.0296],"evs":[0.0,-0.79397]},"J2s":{"weight":0.0,"played":[0.9962,0.0038],"evs":[0.0,-1.25064]},"J3s":{"weight":0.0,"played":[0.9922,0.0078],"evs":[0.0,-1.23274]},"J4s":{"weight":0.0,"played":[0.9998,2.0E-4],"evs":[0.0,-0.89099]},"J5s":{"weight":0.0,"played":[0.9955,0.0045],"evs":[0.0,-0.92761]},"J6s":{"weight":0.0,"played":[0.5601,0.4399],"evs":[0.0,-0.10771]},"J7s":{"weight":0.0,"played":[0.9987,0.0013],"evs":[0.0,-0.59633]},"J8s":{"weight":0.0,"played":[0.9669,0.0331],"evs":[0.0,-0.01331]},"J9s":{"weight":0.0086,"played":[0.0157,0.9843],"evs":[0.0,0.26667]},"JTs":{"weight":1.0,"played":[0.0151,0.9849],"evs":[0.0,0.9698]},"JJ":{"weight":0.0,"played":[0.0,1.0],"evs":[0.0,4.12771]},"QJo":{"weight":0.0,"played":[0.5846,0.4154],"evs":[0.0,-0.08992]},"KJo":{"weight":0.2081,"played":[0.7573,0.2427],"evs":[0.0,-0.43386]},"AJo":{"weight":0.0,"played":[0.6857,0.3143],"evs":[0.0,-0.28173]},"Q2s":{"weight":0.0,"played":[0.8315,0.1685],"evs":[0.0,-0.50513]},"Q3s":{"weight":0.0,"played":[0.9926,0.0074],"evs":[0.0,-1.91201]},"Q4s":{"weight":0.0,"played":[0.9945,0.0055],"evs":[0.0,-0.94541]},"Q5s":{"weight":0.0,"played":[0.9859,0.0141],"evs":[0.0,-0.42359]},"Q6s":{"weight":0.0,"played":[0.7987,0.2013],"evs":[0.0,-0.57264]},"Q7s":{"weight":0.0,"played":[0.9874,0.0126],"evs":[0.0,-0.52427]},"Q8s":{"weight":0.0,"played":[0.8215,0.1785],"evs":[0.0,-0.04979]},"Q9s":{"weight":0.0,"played":[0.1646,0.8354],"evs":[0.0,0.28939]},"QTs":{"weight":1.0,"played":[0.0029,0.9971],"evs":[0.0,0.50582]},"QJs":{"weight":1.0,"played":[0.0012,0.9988],"evs":[0.0,0.76589]},"QQ":{"weight":0.0,"played":[0.0,1.0],"evs":[0.0,5.79973]},"KQo":{"weight":1.0E-4,"played":[0.0,1.0],"evs":[0.0,0.1765]},"AQo":{"weight":0.0,"played":[0.0,1.0],"evs":[0.0,0.92127]},"K2s":{"weight":0.0,"played":[0.9612,0.0388],"evs":[0.0,-1.33179]},"K3s":{"weight":0.0,"played":[0.9977,0.0023],"evs":[0.0,-0.91719]},"K4s":{"weight":0.0,"played":[0.9552,0.0448],"evs":[0.0,-0.65011]},"K5s":{"weight":0.0,"played":[0.8845,0.1155],"evs":[0.0,-0.1559]},"K6s":{"weight":0.0,"played":[0.7509,0.2491],"evs":[0.0,-0.4344]},"K7s":{"weight":0.0,"played":[0.4542,0.5458],"evs":[0.0,-0.32151]},"K8s":{"weight":0.0,"played":[0.9859,0.0141],"evs":[0.0,-0.41787]},"K9s":{"weight":0.9409,"played":[0.0119,0.9881],"evs":[0.0,0.41508]},"KTs":{"weight":1.0,"played":[0.0019,0.9981],"evs":[0.0,0.308]},"KJs":{"weight":0.8885,"played":[0.0047,0.9953],"evs":[0.0,0.44112]},"KQs":{"weight":0.0,"played":[3.0E-4,0.9997],"evs":[0.0,0.11129]},"KK":{"weight":0.0,"played":[0.0,1.0],"evs":[0.0,8.03271]},"AKo":{"weight":0.0,"played":[0.0,1.0],"evs":[0.0,2.33826]},"A2s":{"weight":0.0,"played":[0.9869,0.0131],"evs":[0.0,-1.20828]},"A3s":{"weight":0.0,"played":[0.9892,0.0108],"evs":[0.0,-0.75539]},"A4s":{"weight":0.3055,"played":[0.9574,0.0426],"evs":[0.0,-0.48625]},"A5s":{"weight":0.9999,"played":[0.7334,0.2666],"evs":[0.0,-0.42548]},"A6s":{"weight":0.4875,"played":[0.9867,0.0133],"evs":[0.0,-0.949]},"A7s":{"weight":0.5579,"played":[0.9872,0.0128],"evs":[0.0,-0.80625]},"A8s":{"weight":2.0E-4,"played":[0.7292,0.2708],"evs":[0.0,-0.97949]},"A9s":{"weight":0.0,"played":[0.993,0.007],"evs":[0.0,-0.37992]},"ATs":{"weight":0.0,"played":[0.3568,0.6432],"evs":[0.0,0.15961]},"AJs":{"weight":0.0,"played":[0.0071,0.9929],"evs":[0.0,1.33079]},"AQs":{"weight":0.0,"played":[1.0E-4,0.9999],"evs":[0.0,1.46486]},"AKs":{"weight":0.0,"played":[0.0,1.0],"evs":[0.0,3.25858]},"AA":{"weight":0.1092,"played":[0.0,1.0],"evs":[0.0,12.78944]}}}