{"player":3,"street":0,"children":2,"sequence":[{"player":0,"type":"R","amount":200000,"street":0},{"player":1,"type":"F","amount":0,"street":0},{"player":2,"type":"C","amount":200000,"street":0},{"player":3,"type":"R","amount":600000,"street":0},{"player":4,"type":"F","amount":0,"street":0},{"player":5,"type":"F","amount":0,"street":0},{"player":0,"type":"R","amount":1905000,"street":0},{"player":2,"type":"F","amount":0,"street":0}],"actions":[{"type":"F","amount":0},{"type":"C","amount":1305000}],"hands":{"22":{"weight":0.0,"played":[0.0,1.0],"evs":[0.0,1.83241]},"32o":{"weight":0.0,"played":[0.9998,2.0E-4],"evs":[0.0,-2.36033]},"42o":{"weight":0.0,"played":[1.0,0.0],"evs":[0.0,-2.01165]},"52o":{"weight":0.0,"played":[1.0,0.0],"evs":[0.0,-2.06819]},"62o":{"weight":0.0,"played":[0.9995,5.0E-4],"evs":[0.0,-1.78708]},"72o":{"weight":0.0,"played":[0.9999,1.0E-4],"evs":[0.0,-2.27211]},"82o":{"weight":0.0,"played":[0.9997,3.0E-4],"evs":[0.0,-2.35024]},"92o":{"weight":0.0,"played":[0.9995,5.0E-4],"evs":[0.0,-1.65758]},"T2o":{"weight":0.0,"played":[0.9998,2.0E-4],"evs":[0.0,-1.66762]},"J2o":{"weight":0.0,"played":[0.998,0.002],"evs":[0.0,-1.68159]},"Q2o":{"weight":0.0,"played":[0.9967,0.0033],"evs":[0.0,-0.86061]},"K2o":{"weight":0.0,"played":[0.9999,1.0E-4],"evs":[0.0,-0.22425]},"A2o":{"weight":0.0,"played":[0.9754,0.0246],"evs":[0.0,-1.41467]},"32s":{"weight":0.0,"played":[0.9981,0.0019],"evs":[0.0,-0.48537]},"33":{"weight":0.0,"played":[0.0,1.0],"evs":[0.0,1.72665]},"43o":{"weight":0.0,"played":[0.9998,2.0E-4],"evs":[0.0,-2.07418]},"53o":{"weight":0.0,"played":[0.9991,9.0E-4],"evs":[0.0,-1.67276]},"63o":{"weight":0.0,"played":[0.9996,4.0E-4],"evs":[0.0,-1.31331]},"73o":{"weight":0.0,"played":[1.0,0.0],"evs":[0.0,-2.09801]},"83o":{"weight":0.0,"played":[1.0,0.0],"evs":[0.0,-1.73622]},"93o":{"weight":0.0,"played":[1.0,0.0],"evs":[0.0,-1.73035]},"T3o":{"weight":0.0,"played":[1.0,0.0],"evs":[0.0,-1.3766]},"J3o":{"weight":0.0,"played":[0.9997,3.0E-4],"evs":[0.0,-0.91401]},"Q3o":{"weight":0.0,"played":[0.9969,0.0031],"evs":[0.0,-0.95363]},"K3o":{"weight":0.0,"played":[0.9838,0.0162],"evs":[0.0,-0.53435]},"A3o":{"weight":0.0,"played":[0.9244,0.0756],"evs":[0.0,-1.36309]},"42s":{"weight":0.0,"played":[0.9894,0.0106],"evs":[0.0,-0.80098]},"43s":{"weight":0.0,"played":[0.9784,0.0216],"evs":[0.0,-0.11247]},"44":{"weight":0.0,"played":[0.0,1.0],"evs":[0.0,3.59043]},"54o":{"weight":0.0,"played":[0.9979,0.0021],"evs":[0.0,-0.97073]},"64o":{"weight":0.0,"played":[0.9937,0.0063],"evs":[0.0,-0.88443]},"74o":{"weight":0.0,"played":[0.9995,5.0E-4],"evs":[0.0,-1.69314]},"84o":{"weight":0.0,"played":[0.9994,6.0E-4],"evs":[0.0,-1.35981]},"94o":{"weight":0.0,"played":[0.9981,0.0019],"evs":[0.0,-1.35351]},"T4o":{"weight":0.0,"played":[0.9994,6.0E-4],"evs":[0.0,-1.27449]},"J4o":{"weight":0.0,"played":[0.9983,0.0017],"evs":[0.0,-0.7998]},"Q4o":{"weight":0.0,"played":[0.9926,0.0074],"evs":[0.0,-0.36872]},"K4o":{"weight":0.0,"played":[0.9928,0.0072],"evs":[0.0,-0.29717]},"A4o":{"weight":0.0,"played":[0.9801,0.0199],"evs":[0.0,-1.52983]},"52s":{"weight":0.0,"played":[0.7968,0.2032],"evs":[0.0,-0.41402]},"53s":{"weight":0.0,"played":[0.9279,0.0721],"evs":[0.0,-0.32791]},"54s":{"weight":0.0,"played":[0.3805,0.6195],"evs":[0.0,0.29906]},"55":{"weight":0.0014,"played":[0.0,1.0],"evs":[0.0,4.5878]},"65o":{"weight":0.0,"played":[0.9995,5.0E-4],"evs":[0.0,-0.23206]},"75o":{"weight":0.0,"played":[0.9982,0.0018],"evs":[0.0,-0.54096]},"85o":{"weight":0.0,"played":[0.9987,0.0013],"evs":[0.0,-0.90086]},"95o":{"weight":0.0,"played":[0.9997,3.0E-4],"evs":[0.0,-0.86747]},"T5o":{"weight":0.0,"played":[0.9921,0.0079],"evs":[0.0,-1.09915]},"J5o":{"weight":0.0,"played":[0.9865,0.0135],"evs":[0.0,-0.98639]},"Q5o":{"weight":0.0,"played":[0.9851,0.0149],"evs":[0.0,-0.24398]},"K5o":{"weight":0.0,"played":[0.5436,0.4564],"evs":[0.0,0.15542]},"A5o":{"weight":0.0,"played":[0.962,0.038],"evs":[0.0,-1.03743]},"62s":{"weight":0.0,"played":[0.9961,0.0039],"evs":[0.0,-1.19054]},"63s":{"weight":0.0,"played":[0.3151,0.6849],"evs":[0.0,0.90782]},"64s":{"weight":0.0,"played":[0.6668,0.3332],"evs":[0.0,-0.1042]},"65s":{"weight":0.0,"played":[0.1154,0.8846],"evs":[0.0,0.56597]},"66":{"weight":0.0,"played":[0.0,1.0],"evs":[0.0,5.31817]},"76o":{"weight":0.0,"played":[0.1007,0.8993],"evs":[0.0,0.41375]},"86o":{"weight":0.0,"played":[0.5143,0.4857],"evs":[0.0,0.12385]},"96o":{"weight":0.0,"played":[0.7684,0.2316],"evs":[0.0,0.00965]},"T6o":{"weight":0.0,"played":[0.9923,0.0077],"evs":[0.0,-0.13955]},"J6o":{"weight":0.0,"played":[0.9979,0.0021],"evs":[0.0,-0.39203]},"Q6o":{"weight":0.0,"played":[0.1337,0.8663],"evs":[0.0,0.25686]},"K6o":{"weight":0.0,"played":[0.9569,0.0431],"evs":[0.0,0.03206]},"A6o":{"weight":0.0,"played":[0.9907,0.0093],"evs":[0.0,-0.95324]},"72s":{"weight":0.0,"played":[0.9998,2.0E-4],"evs":[0.0,-0.79076]},"73s":{"weight":0.0,"played":[0.9486,0.0514],"evs":[0.0,-0.80002]},"74s":{"weight":0.0,"played":[0.4421,0.5579],"evs":[0.0,-0.00412]},"75s":{"weight":0.0,"played":[0.0011,0.9989],"evs":[0.0,0.77985]},"76s":{"weight":0.0,"played":[0.0019,0.9981],"evs":[0.0,1.27638]},"77":{"weight":0.0055,"played":[0.0,1.0],"evs":[0.0,5.87008]},"87o":{"weight":0.0,"played":[0.1596,0.8404],"evs":[0.0,0.28409]},"97o":{"weight":0.0,"played":[0.3134,0.6866],"evs":[0.0,0.13189]},"T7o":{"weight":0.0,"played":[0.0865,0.9135],"evs":[0.0,0.56112]},"J7o":{"weight":0.0,"played":[0.9887,0.0113],"evs":[0.0,-0.21876]},"Q7o":{"weight":0.0,"played":[0.5837,0.4163],"evs":[0.0,0.25008]},"K7o":{"weight":0.0,"played":[0.3303,0.6697],"evs":[0.0,0.51383]},"A7o":{"weight":0.0,"played":[0.9364,0.0636],"evs":[0.0,-0.90218]},"82s":{"weight":0.0,"played":[0.9373,0.0627],"evs":[0.0,-0.51126]},"83s":{"weight":0.0,"played":[0.9951,0.0049],"evs":[0.0,-0.95293]},"84s":{"weight":0.0,"played":[0.9567,0.0433],"evs":[0.0,-0.57171]},"85s":{"weight":0.0,"played":[0.1162,0.8838],"evs":[0.0,1.04781]},"86s":{"weight":0.0,"played":[7.0E-4,0.9993],"evs":[0.0,1.10968]},"87s":{"weight":0.0,"played":[4.0E-4,0.9996],"evs":[0.0,1.83054]},"88":{"weight":0.0398,"played":[0.0,1.0],"evs":[0.0,6.09143]},"98o":{"weight":0.0,"played":[0.0056,0.9944],"evs":[0.0,0.55209]},"T8o":{"weight":0.0,"played":[0.1181,0.8819],"evs":[0.0,0.73344]},"J8o":{"weight":0.0,"played":[0.4774,0.5226],"evs":[0.0,0.54506]},"Q8o":{"weight":0.0,"played":[0.0415,0.9585],"evs":[0.0,0.60124]},"K8o":{"weight":0.0,"played":[0.5906,0.4094],"evs":[0.0,0.54424]},"A8o":{"weight":0.0,"played":[0.8888,0.1112],"evs":[0.0,-0.46186]},"92s":{"weight":0.0,"played":[0.705,0.295],"evs":[0.0,-0.28314]},"93s":{"weight":0.0,"played":[0.5892,0.4108],"evs":[0.0,0.16775]},"94s":{"weight":0.0,"played":[0.9136,0.0864],"evs":[0.0,-0.84546]},"95s":{"weight":0.0,"played":[0.0011,0.9989],"evs":[0.0,0.75984]},"96s":{"weight":0.0,"played":[0.0093,0.9907],"evs":[0.0,1.21847]},"97s":{"weight":0.0,"played":[0.0266,0.9734],"evs":[0.0,1.58653]},"98s":{"weight":0.0,"played":[0.0,1.0],"evs":[0.0,2.37339]},"99":{"weight":0.0056,"played":[0.0,1.0],"evs":[0.0,7.85005]},"T9o":{"weight":0.0,"played":[5.0E-4,0.9995],"evs":[0.0,1.16092]},"J9o":{"weight":0.0,"played":[0.1083,0.8917],"evs":[0.0,0.69499]},"Q9o":{"weight":0.0,"played":[1.0E-4,0.9999],"evs":[0.0,0.82664]},"K9o":{"weight":0.0,"played":[0.0116,0.9884],"evs":[0.0,0.68283]},"A9o":{"weight":0.0012,"played":[0.3527,0.6473],"evs":[0.0,-0.17684]},"T2s":{"weight":0.0,"played":[0.5094,0.4906],"evs":[0.0,-0.28391]},"T3s":{"weight":0.0,"played":[0.039,0.961],"evs":[0.0,0.26178]},"T4s":{"weight":0.0,"played":[0.9654,0.0346],"evs":[0.0,-0.10761]},"T5s":{"weight":0.0,"played":[0.5388,0.4612],"evs":[0.0,-0.15419]},"T6s":{"weight":0.0,"played":[0.0836,0.9164],"evs":[0.0,1.17982]},"T7s":{"weight":0.0,"played":[2.0E-4,0.9998],"evs":[0.0,1.29057]},"T8s":{"weight":0.0,"played":[0.0,1.0],"evs":[0.0,1.88076]},"T9s":{"weight":0.0,"played":[1.0E-4,0.9999],"evs":[0.0,2.11288]},"TT":{"weight":0.0404,"played":[0.0,1.0],"evs":[0.0,9.82663]},"JTo":{"weight":0.0,"played":[5.0E-4,0.9995],"evs":[0.0,1.90561]},"QTo":{"weight":0.0,"played":[0.0,1.0],"evs":[0.0,1.83697]},"KTo":{"weight":0.0,"played":[0.0,1.0],"evs":[0.0,1.46583]},"ATo":{"weight":0.0044,"played":[0.0,1.0],"evs":[0.0,1.4042]},"J2s":{"weight":0.0,"played":[0.9527,0.0473],"evs":[0.0,-0.24726]},"J3s":{"weight":0.0,"played":[0.8708,0.1292],"evs":[0.0,0.05468]},"J4s":{"weight":0.0,"played":[0.7756,0.2244],"evs":[0.0,-0.08092]},"J5s":{"weight":0.0,"played":[0.3367,0.6633],"evs":[0.0,0.43283]},"J6s":{"weight":0.0,"played":[0.2126,0.7874],"evs":[0.0,0.64776]},"J7s":{"weight":0.0,"played":[0.0024,0.9976],"evs":[0.0,1.55272]},"J8s":{"weight":0.0,"played":[1.0E-4,0.9999],"evs":[0.0,1.57155]},"J9s":{"weight":0.0,"played":[0.0095,0.9905],"evs":[0.0,1.86649]},"JTs":{"weight":0.0,"played":[0.0014,0.9986],"evs":[0.0,3.11612]},"JJ":{"weight":0.0065,"played":[0.0,1.0],"evs":[0.0,11.52376]},"QJo":{"weight":0.0,"played":[1.0E-4,0.9999],"evs":[0.0,1.85818]},"KJo":{"weight":2.0E-4,"played":[0.0,1.0],"evs":[0.0,1.78327]},"AJo":{"weight":0.0015,"played":[0.0,1.0],"evs":[0.0,3.07234]},"Q2s":{"weight":0.0,"played":[0.3473,0.6527],"evs":[0.0,0.21346]},"Q3s":{"weight":0.0,"played":[0.1684,0.8316],"evs":[0.0,-0.15155]},"Q4s":{"weight":0.0,"played":[0.0691,0.9309],"evs":[0.0,0.95879]},"Q5s":{"weight":0.0,"played":[0.0118,0.9882],"evs":[0.0,1.36512]},"Q6s":{"weight":0.0,"played":[0.0456,0.9544],"evs":[0.0,1.25203]},"Q7s":{"weight":0.0,"played":[0.0098,0.9902],"evs":[0.0,1.22124]},"Q8s":{"weight":0.0,"played":[0.0607,0.9393],"evs":[0.0,1.27184]},"Q9s":{"weight":0.0,"played":[0.0,1.0],"evs":[0.0,2.25241]},"QTs":{"weight":0.0,"played":[0.0,1.0],"evs":[0.0,2.72222]},"QJs":{"weight":0.0,"played":[0.0,1.0],"evs":[0.0,2.86366]},"QQ":{"weight":0.0967,"played":[0.0,1.0],"evs":[0.0,12.46601]},"KQo":{"weight":0.032,"played":[0.0,1.0],"evs":[0.0,2.44961]},"AQo":{"weight":0.0057,"played":[0.0,1.0],"evs":[0.0,5.38204]},"K2s":{"weight":0.0,"played":[0.047,0.953],"evs":[0.0,0.67671]},"K3s":{"weight":0.0,"played":[0.0023,0.9977],"evs":[0.0,1.212]},"K4s":{"weight":0.0,"played":[0.1223,0.8777],"evs":[0.0,1.20848]},"K5s":{"weight":0.0,"played":[0.0417,0.9583],"evs":[0.0,1.18492]},"K6s":{"weight":0.0,"played":[0.1213,0.8787],"evs":[0.0,1.59339]},"K7s":{"weight":0.0,"played":[0.0,1.0],"evs":[0.0,1.7025]},"K8s":{"weight":0.0,"played":[0.0201,0.9799],"evs":[0.0,2.59538]},"K9s":{"weight":0.0,"played":[0.0,1.0],"evs":[0.0,2.20196]},"KTs":{"weight":0.0,"played":[2.0E-4,0.9998],"evs":[0.0,2.55664]},"KJs":{"weight":0.0386,"played":[1.0E-4,0.9999],"evs":[0.0,3.22346]},"KQs":{"weight":0.022,"played":[0.0,1.0],"evs":[0.0,3.71673]},"KK":{"weight":0.0107,"played":[0.0,1.0],"evs":[0.0,14.75831]},"AKo":{"weight":0.0195,"played":[0.0,1.0],"evs":[0.0,7.31391]},"A2s":{"weight":0.0,"played":[0.3263,0.6737],"evs":[0.0,0.07672]},"A3s":{"weight":0.0,"played":[0.836,0.164],"evs":[0.0,-0.66533]},"A4s":{"weight":0.0193,"played":[0.0161,0.9839],"evs":[0.0,0.6742]},"A5s":{"weight":0.0168,"played":[0.3139,0.6861],"evs":[0.0,-0.11835]},"A6s":{"weight":0.0,"played":[0.1976,0.8024],"evs":[0.0,0.02946]},"A7s":{"weight":0.0082,"played":[2.0E-4,0.9998],"evs":[0.0,0.60575]},"A8s":{"weight":0.2039,"played":[0.0273,0.9727],"evs":[0.0,0.6281]},"A9s":{"weight":0.1096,"played":[0.0,1.0],"evs":[0.0,1.21716]},"ATs":{"weight":0.0384,"played":[0.0,1.0],"evs":[0.0,3.24336]},"AJs":{"weight":1.0E-4,"played":[0.0,1.0],"evs":[0.0,4.07105]},"AQs":{"weight":0.0409,"played":[0.0,1.0],"evs":[0.0,5.89686]},"AKs":{"weight":0.0469,"played":[0.0,1.0],"evs":[0.0,8.30412]},"AA":{"weight":0.0902,"played":[0.0,1.0],"evs":[0.0,18.32]}}}