{"player":3,"street":0,"children":2,"sequence":[{"player":0,"type":"R","amount":200000,"street":0},{"player":1,"type":"F","amount":0,"street":0},{"player":2,"type":"C","amount":200000,"street":0},{"player":3,"type":"R","amount":600000,"street":0},{"player":4,"type":"F","amount":0,"street":0},{"player":5,"type":"R","amount":735000,"street":0},{"player":0,"type":"F","amount":0,"street":0},{"player":2,"type":"R","amount":985000,"street":0}],"actions":[{"type":"F","amount":0},{"type":"C","amount":385000}],"hands":{"22":{"weight":0.0,"played":[0.0,1.0],"evs":[0.0,6.27506]},"32o":{"weight":0.0,"played":[1.0E-4,0.9999],"evs":[0.0,2.97538]},"42o":{"weight":0.0,"played":[0.0,1.0],"evs":[0.0,3.2589]},"52o":{"weight":0.0,"played":[0.0,1.0],"evs":[0.0,2.91323]},"62o":{"weight":0.0,"played":[0.0,1.0],"evs":[0.0,3.17493]},"72o":{"weight":0.0,"played":[0.0,1.0],"evs":[0.0,2.99269]},"82o":{"weight":0.0,"played":[0.0,1.0],"evs":[0.0,3.16561]},"92o":{"weight":0.0,"played":[1.0E-4,0.9999],"evs":[0.0,2.63457]},"T2o":{"weight":0.0,"played":[0.0,1.0],"evs":[0.0,2.75389]},"J2o":{"weight":0.0,"played":[1.0E-4,0.9999],"evs":[0.0,2.79295]},"Q2o":{"weight":0.0,"played":[1.0E-4,0.9999],"evs":[0.0,3.40374]},"K2o":{"weight":0.0,"played":[1.0E-4,0.9999],"evs":[0.0,3.93796]},"A2o":{"weight":0.0,"played":[0.0,1.0],"evs":[0.0,5.30194]},"32s":{"weight":0.0,"played":[2.0E-4,0.9998],"evs":[0.0,3.76224]},"33":{"weight":0.0,"played":[0.0,1.0],"evs":[0.0,6.07983]},"43o":{"weight":0.0,"played":[0.0,1.0],"evs":[0.0,3.53265]},"53o":{"weight":0.0,"played":[0.0,1.0],"evs":[0.0,3.49069]},"63o":{"weight":0.0,"played":[0.0,1.0],"evs":[0.0,3.78483]},"73o":{"weight":0.0,"played":[1.0E-4,0.9999],"evs":[0.0,3.94597]},"83o":{"weight":0.0,"played":[0.0,1.0],"evs":[0.0,3.10146]},"93o":{"weight":0.0,"played":[0.0,1.0],"evs":[0.0,2.99018]},"T3o":{"weight":0.0,"played":[8.0E-4,0.9992],"evs":[0.0,2.49823]},"J3o":{"weight":0.0,"played":[0.0,1.0],"evs":[0.0,3.11391]},"Q3o":{"weight":0.0,"played":[0.0,1.0],"evs":[0.0,3.87746]},"K3o":{"weight":0.0,"played":[0.0,1.0],"evs":[0.0,3.98575]},"A3o":{"weight":0.0,"played":[0.0,1.0],"evs":[0.0,5.21922]},"42s":{"weight":0.0,"played":[0.0,1.0],"evs":[0.0,4.44356]},"43s":{"weight":0.0,"played":[0.0,1.0],"evs":[0.0,4.49234]},"44":{"weight":0.0,"played":[0.0,1.0],"evs":[0.0,6.02023]},"54o":{"weight":0.0,"played":[1.0E-4,0.9999],"evs":[0.0,3.80541]},"64o":{"weight":0.0,"played":[2.0E-4,0.9998],"evs":[0.0,3.7457]},"74o":{"weight":0.0,"played":[0.0,1.0],"evs":[0.0,3.3164]},"84o":{"weight":0.0,"played":[0.0,1.0],"evs":[0.0,3.81144]},"94o":{"weight":0.0,"played":[2.0E-4,0.9998],"evs":[0.0,3.29009]},"T4o":{"weight":0.0,"played":[0.0,1.0],"evs":[0.0,3.26868]},"J4o":{"weight":0.0,"played":[0.0,1.0],"evs":[0.0,2.89406]},"Q4o":{"weight":0.0,"played":[0.0,1.0],"evs":[0.0,3.67494]},"K4o":{"weight":0.0,"played":[0.0,1.0],"evs":[0.0,3.77986]},"A4o":{"weight":0.0,"played":[0.0,1.0],"evs":[0.0,5.50822]},"52s":{"weight":0.0,"played":[1.0E-4,0.9999],"evs":[0.0,3.85378]},"53s":{"weight":0.0,"played":[0.0,1.0],"evs":[0.0,5.27398]},"54s":{"weight":0.0,"played":[0.0,1.0],"evs":[0.0,5.09914]},"55":{"weight":0.0014,"played":[0.0,1.0],"evs":[0.0,6.51397]},"65o":{"weight":0.0,"played":[0.0,1.0],"evs":[0.0,4.46904]},"75o":{"weight":0.0,"played":[0.0,1.0],"evs":[0.0,3.87717]},"85o":{"weight":0.0,"played":[0.0,1.0],"evs":[0.0,3.02727]},"95o":{"weight":0.0,"played":[0.0,1.0],"evs":[0.0,3.53188]},"T5o":{"weight":0.0,"played":[0.0,1.0],"evs":[0.0,2.5835]},"J5o":{"weight":0.0,"played":[1.0E-4,0.9999],"evs":[0.0,2.84851]},"Q5o":{"weight":0.0,"played":[0.0,1.0],"evs":[0.0,3.39405]},"K5o":{"weight":0.0,"played":[0.0,1.0],"evs":[0.0,4.47437]},"A5o":{"weight":0.0,"played":[0.0,1.0],"evs":[0.0,5.5234]},"62s":{"weight":0.0,"played":[2.0E-4,0.9998],"evs":[0.0,3.43764]},"63s":{"weight":0.0,"played":[3.0E-4,0.9997],"evs":[0.0,4.47869]},"64s":{"weight":0.0,"played":[0.0025,0.9975],"evs":[0.0,4.5305]},"65s":{"weight":0.0,"played":[0.0,1.0],"evs":[0.0,4.76088]},"66":{"weight":0.0,"played":[0.0,1.0],"evs":[0.0,8.90595]},"76o":{"weight":0.0,"played":[0.0,1.0],"evs":[0.0,4.147]},"86o":{"weight":0.0,"played":[0.0,1.0],"evs":[0.0,4.77175]},"96o":{"weight":0.0,"played":[0.0,1.0],"evs":[0.0,3.85539]},"T6o":{"weight":0.0,"played":[0.0,1.0],"evs":[0.0,3.46969]},"J6o":{"weight":0.0,"played":[0.0,1.0],"evs":[0.0,3.38402]},"Q6o":{"weight":0.0,"played":[0.0,1.0],"evs":[0.0,4.31552]},"K6o":{"weight":0.0,"played":[0.0,1.0],"evs":[0.0,4.49911]},"A6o":{"weight":0.0,"played":[0.0,1.0],"evs":[0.0,5.91432]},"72s":{"weight":0.0,"played":[0.0,1.0],"evs":[0.0,3.36165]},"73s":{"weight":0.0,"played":[8.0E-4,0.9992],"evs":[0.0,4.84095]},"74s":{"weight":0.0,"played":[1.0E-4,0.9999],"evs":[0.0,4.70322]},"75s":{"weight":0.0,"played":[0.0,1.0],"evs":[0.0,4.47761]},"76s":{"weight":0.0,"played":[4.0E-4,0.9996],"evs":[0.0,6.39736]},"77":{"weight":0.0055,"played":[0.0,1.0],"evs":[0.0,8.27151]},"87o":{"weight":0.0,"played":[0.0,1.0],"evs":[0.0,5.00947]},"97o":{"weight":0.0,"played":[0.0,1.0],"evs":[0.0,4.50703]},"T7o":{"weight":0.0,"played":[0.0,1.0],"evs":[0.0,4.1184]},"J7o":{"weight":0.0,"played":[0.0,1.0],"evs":[0.0,3.8932]},"Q7o":{"weight":0.0,"played":[0.0,1.0],"evs":[0.0,3.49899]},"K7o":{"weight":0.0,"played":[0.0,1.0],"evs":[0.0,4.43415]},"A7o":{"weight":0.0,"played":[0.0,1.0],"evs":[0.0,6.21961]},"82s":{"weight":0.0,"played":[0.0,1.0],"evs":[0.0,3.86806]},"83s":{"weight":0.0,"played":[5.0E-4,0.9995],"evs":[0.0,4.19822]},"84s":{"weight":0.0,"played":[0.0,1.0],"evs":[0.0,4.64412]},"85s":{"weight":0.0,"played":[5.0E-4,0.9995],"evs":[0.0,4.90087]},"86s":{"weight":0.0,"played":[2.0E-4,0.9998],"evs":[0.0,5.50216]},"87s":{"weight":0.0,"played":[0.0,1.0],"evs":[0.0,5.84817]},"88":{"weight":0.0398,"played":[0.0,1.0],"evs":[0.0,9.16256]},"98o":{"weight":0.0,"played":[0.0,1.0],"evs":[0.0,4.48428]},"T8o":{"weight":0.0,"played":[0.0,1.0],"evs":[0.0,4.38645]},"J8o":{"weight":0.0,"played":[0.0,1.0],"evs":[0.0,4.0663]},"Q8o":{"weight":0.0,"played":[0.0,1.0],"evs":[0.0,4.31879]},"K8o":{"weight":0.0,"played":[0.0,1.0],"evs":[0.0,4.96838]},"A8o":{"weight":0.0,"played":[0.0,1.0],"evs":[0.0,6.63332]},"92s":{"weight":0.0,"played":[0.0,1.0],"evs":[0.0,3.62195]},"93s":{"weight":0.0,"played":[0.0,1.0],"evs":[0.0,4.58133]},"94s":{"weight":0.0,"played":[0.0,1.0],"evs":[0.0,4.13875]},"95s":{"weight":0.0,"played":[0.0,1.0],"evs":[0.0,3.94919]},"96s":{"weight":0.0,"played":[4.0E-4,0.9996],"evs":[0.0,5.65871]},"97s":{"weight":0.0,"played":[1.0E-4,0.9999],"evs":[0.0,5.0441]},"98s":{"weight":0.0,"played":[1.0E-4,0.9999],"evs":[0.0,5.39309]},"99":{"weight":0.0056,"played":[0.0,1.0],"evs":[0.0,9.0659]},"T9o":{"weight":0.0,"played":[1.0E-4,0.9999],"evs":[0.0,4.40492]},"J9o":{"weight":0.0,"played":[0.0,1.0],"evs":[0.0,4.39094]},"Q9o":{"weight":0.0,"played":[0.0,1.0],"evs":[0.0,4.60465]},"K9o":{"weight":0.0,"played":[0.0,1.0],"evs":[0.0,4.69443]},"A9o":{"weight":0.0012,"played":[0.0,1.0],"evs":[0.0,7.22718]},"T2s":{"weight":0.0,"played":[0.0,1.0],"evs":[0.0,3.74214]},"T3s":{"weight":0.0,"played":[1.0E-4,0.9999],"evs":[0.0,4.77368]},"T4s":{"weight":0.0,"played":[0.0,1.0],"evs":[0.0,4.08852]},"T5s":{"weight":0.0,"played":[1.0E-4,0.9999],"evs":[0.0,3.59525]},"T6s":{"weight":0.0,"played":[1.0E-4,0.9999],"evs":[0.0,4.46557]},"T7s":{"weight":0.0,"played":[0.0,1.0],"evs":[0.0,5.63313]},"T8s":{"weight":0.0,"played":[0.0,1.0],"evs":[0.0,5.77971]},"T9s":{"weight":0.0,"played":[0.0,1.0],"evs":[0.0,5.87885]},"TT":{"weight":0.0404,"played":[0.0,1.0],"evs":[0.0,10.46742]},"JTo":{"weight":0.0,"played":[0.0,1.0],"evs":[0.0,4.73649]},"QTo":{"weight":0.0,"played":[0.0,1.0],"evs":[0.0,5.21398]},"KTo":{"weight":0.0,"played":[0.0,1.0],"evs":[0.0,5.78046]},"ATo":{"weight":0.0044,"played":[0.0,1.0],"evs":[0.0,7.479]},"J2s":{"weight":0.0,"played":[3.0E-4,0.9997],"evs":[0.0,3.96296]},"J3s":{"weight":0.0,"played":[7.0E-4,0.9993],"evs":[0.0,3.74242]},"J4s":{"weight":0.0,"played":[1.0E-4,0.9999],"evs":[0.0,3.88367]},"J5s":{"weight":0.0,"played":[1.0E-4,0.9999],"evs":[0.0,5.78107]},"J6s":{"weight":0.0,"played":[0.0,1.0],"evs":[0.0,4.7196]},"J7s":{"weight":0.0,"played":[0.0,1.0],"evs":[0.0,3.87607]},"J8s":{"weight":0.0,"played":[0.0,1.0],"evs":[0.0,5.08299]},"J9s":{"weight":0.0,"played":[5.0E-4,0.9995],"evs":[0.0,5.81682]},"JTs":{"weight":0.0,"played":[0.0,1.0],"evs":[0.0,5.0098]},"JJ":{"weight":0.0065,"played":[0.0,1.0],"evs":[0.0,12.33374]},"QJo":{"weight":0.0,"played":[0.0,1.0],"evs":[0.0,5.38013]},"KJo":{"weight":2.0E-4,"played":[0.0,1.0],"evs":[0.0,7.07715]},"AJo":{"weight":0.0015,"played":[0.0,1.0],"evs":[0.0,8.78357]},"Q2s":{"weight":0.0,"played":[6.0E-4,0.9994],"evs":[0.0,4.1208]},"Q3s":{"weight":0.0,"played":[2.0E-4,0.9998],"evs":[0.0,4.65964]},"Q4s":{"weight":0.0,"played":[0.0,1.0],"evs":[0.0,4.56594]},"Q5s":{"weight":0.0,"played":[0.0,1.0],"evs":[0.0,4.53754]},"Q6s":{"weight":0.0,"played":[1.0E-4,0.9999],"evs":[0.0,4.92459]},"Q7s":{"weight":0.0,"played":[0.0,1.0],"evs":[0.0,5.33378]},"Q8s":{"weight":0.0,"played":[1.0E-4,0.9999],"evs":[0.0,4.92584]},"Q9s":{"weight":0.0,"played":[0.0,1.0],"evs":[0.0,5.82489]},"QTs":{"weight":0.0,"played":[1.0E-4,0.9999],"evs":[0.0,6.46244]},"QJs":{"weight":0.0,"played":[0.0,1.0],"evs":[0.0,6.38192]},"QQ":{"weight":0.0967,"played":[0.0,1.0],"evs":[0.0,13.34937]},"KQo":{"weight":0.032,"played":[0.0,1.0],"evs":[0.0,7.77848]},"AQo":{"weight":0.0057,"played":[0.0,1.0],"evs":[0.0,8.57097]},"K2s":{"weight":0.0,"played":[0.0,1.0],"evs":[0.0,4.66529]},"K3s":{"weight":0.0,"played":[0.0,1.0],"evs":[0.0,4.44976]},"K4s":{"weight":0.0,"played":[0.0,1.0],"evs":[0.0,5.34961]},"K5s":{"weight":0.0,"played":[1.0E-4,0.9999],"evs":[0.0,4.5872]},"K6s":{"weight":0.0,"played":[0.0,1.0],"evs":[0.0,5.2864]},"K7s":{"weight":0.0,"played":[0.0,1.0],"evs":[0.0,6.03899]},"K8s":{"weight":0.0,"played":[0.0,1.0],"evs":[0.0,5.30629]},"K9s":{"weight":0.0,"played":[0.0,1.0],"evs":[0.0,6.07102]},"KTs":{"weight":0.0,"played":[1.0E-4,0.9999],"evs":[0.0,7.56783]},"KJs":{"weight":0.0386,"played":[1.0E-4,0.9999],"evs":[0.0,7.53557]},"KQs":{"weight":0.022,"played":[0.0,1.0],"evs":[0.0,7.72263]},"KK":{"weight":0.0107,"played":[0.0,1.0],"evs":[0.0,15.60955]},"AKo":{"weight":0.0195,"played":[0.0,1.0],"evs":[0.0,10.10046]},"A2s":{"weight":0.0,"played":[0.0,1.0],"evs":[0.0,6.16458]},"A3s":{"weight":0.0,"played":[1.0E-4,0.9999],"evs":[0.0,6.22319]},"A4s":{"weight":0.0193,"played":[0.0,1.0],"evs":[0.0,6.25689]},"A5s":{"weight":0.0168,"played":[0.0,1.0],"evs":[0.0,8.02764]},"A6s":{"weight":0.0,"played":[0.0,1.0],"evs":[0.0,6.26169]},"A7s":{"weight":0.0082,"played":[0.0,1.0],"evs":[0.0,8.26407]},"A8s":{"weight":0.2039,"played":[0.0,1.0],"evs":[0.0,8.63119]},"A9s":{"weight":0.1096,"played":[0.0,1.0],"evs":[0.0,8.05765]},"ATs":{"weight":0.0384,"played":[0.0,1.0],"evs":[0.0,8.41214]},"AJs":{"weight":1.0E-4,"played":[0.0,1.0],"evs":[0.0,9.29778]},"AQs":{"weight":0.0409,"played":[0.0,1.0],"evs":[0.0,9.4]},"AKs":{"weight":0.0469,"played":[0.0,1.0],"evs":[0.0,10.37828]},"AA":{"weight":0.0902,"played":[0.0,1.0],"evs":[0.0,18.01813]}}}