{"player":4,"street":0,"children":3,"sequence":[{"player":0,"type":"F","amount":0,"street":0},{"player":1,"type":"R","amount":200000,"street":0},{"player":2,"type":"F","amount":0,"street":0},{"player":3,"type":"F","amount":0,"street":0}],"actions":[{"type":"F","amount":0,"node":39},{"type":"C","amount":150000,"node":41},{"type":"R","amount":2035000,"node":47}],"hands":{"22":{"weight":1.0,"played":[0.0,0.0,1.0],"evs":[0.0,0.15284,0.2674]},"32o":{"weight":1.0,"played":[1.0,0.0,0.0],"evs":[0.0,-0.52193,-1.86863]},"42o":{"weight":1.0,"played":[1.0,0.0,0.0],"evs":[0.0,-0.48948,-1.75334]},"52o":{"weight":1.0,"played":[1.0,0.0,0.0],"evs":[0.0,-0.45157,-1.66969]},"62o":{"weight":1.0,"played":[1.0,0.0,0.0],"evs":[0.0,-0.54567,-1.86293]},"72o":{"weight":1.0,"played":[1.0,0.0,0.0],"evs":[0.0,-0.62701,-2.03594]},"82o":{"weight":1.0,"played":[1.0,0.0,0.0],"evs":[0.0,-0.60052,-1.87243]},"92o":{"weight":1.0,"played":[1.0,0.0,0.0],"evs":[0.0,-0.593,-1.75154]},"T2o":{"weight":1.0,"played":[1.0,0.0,0.0],"evs":[0.0,-0.58534,-1.63902]},"J2o":{"weight":1.0,"played":[1.0,0.0,0.0],"evs":[0.0,-0.51686,-1.4195]},"Q2o":{"weight":1.0,"played":[1.0,0.0,0.0],"evs":[0.0,-0.47075,-1.26269]},"K2o":{"weight":1.0,"played":[1.0,0.0,0.0],"evs":[0.0,-0.40802,-0.93773]},"A2o":{"weight":1.0,"played":[1.0,0.0,0.0],"evs":[0.0,-0.15333,-0.1931]},"32s":{"weight":1.0,"played":[1.0,0.0,0.0],"evs":[0.0,-0.24031,-1.20944]},"33":{"weight":1.0,"played":[0.0,0.0454,0.9546],"evs":[0.0,0.29692,0.30309]},"43o":{"weight":1.0,"played":[1.0,0.0,0.0],"evs":[0.0,-0.39582,-1.53063]},"53o":{"weight":1.0,"played":[1.0,0.0,0.0],"evs":[0.0,-0.35595,-1.45694]},"63o":{"weight":1.0,"played":[1.0,0.0,0.0],"evs":[0.0,-0.45208,-1.65273]},"73o":{"weight":1.0,"played":[1.0,0.0,0.0],"evs":[0.0,-0.54827,-1.81525]},"83o":{"weight":1.0,"played":[1.0,0.0,0.0],"evs":[0.0,-0.60065,-1.89499]},"93o":{"weight":1.0,"played":[1.0,0.0,0.0],"evs":[0.0,-0.57475,-1.72981]},"T3o":{"weight":1.0,"played":[1.0,0.0,0.0],"evs":[0.0,-0.57632,-1.62481]},"J3o":{"weight":1.0,"played":[1.0,0.0,0.0],"evs":[0.0,-0.50933,-1.40078]},"Q3o":{"weight":1.0,"played":[1.0,0.0,0.0],"evs":[0.0,-0.46189,-1.23807]},"K3o":{"weight":1.0,"played":[1.0,0.0,0.0],"evs":[0.0,-0.39803,-0.91837]},"A3o":{"weight":1.0,"played":[1.0,0.0,0.0],"evs":[0.0,-0.10903,-0.14328]},"42s":{"weight":1.0,"played":[1.0,0.0,0.0],"evs":[0.0,-0.21064,-1.09005]},"43s":{"weight":1.0,"played":[1.0,0.0,0.0],"evs":[0.0,-0.11839,-0.90774]},"44":{"weight":1.0,"played":[0.0,0.0077,0.9923],"evs":[0.0,0.50307,0.53323]},"54o":{"weight":1.0,"played":[1.0,0.0,0.0],"evs":[0.0,-0.25817,-1.18122]},"64o":{"weight":1.0,"played":[1.0,0.0,0.0],"evs":[0.0,-0.34289,-1.3696]},"74o":{"weight":1.0,"played":[1.0,0.0,0.0],"evs":[0.0,-0.43819,-1.51863]},"84o":{"weight":1.0,"played":[1.0,0.0,0.0],"evs":[0.0,-0.50868,-1.60483]},"94o":{"weight":1.0,"played":[1.0,0.0,0.0],"evs":[0.0,-0.55254,-1.67581]},"T4o":{"weight":1.0,"played":[1.0,0.0,0.0],"evs":[0.0,-0.54367,-1.52527]},"J4o":{"weight":1.0,"played":[1.0,0.0,0.0],"evs":[0.0,-0.47005,-1.30561]},"Q4o":{"weight":1.0,"played":[1.0,0.0,0.0],"evs":[0.0,-0.43362,-1.14299]},"K4o":{"weight":1.0,"played":[1.0,0.0,0.0],"evs":[0.0,-0.35981,-0.81069]},"A4o":{"weight":1.0,"played":[1.0,0.0,0.0],"evs":[0.0,-0.05088,-0.06264]},"52s":{"weight":1.0,"played":[1.0,0.0,0.0],"evs":[0.0,-0.17348,-1.02383]},"53s":{"weight":1.0,"played":[1.0,0.0,0.0],"evs":[0.0,-0.0745,-0.8236]},"54s":{"weight":1.0,"played":[0.0018,0.9982,0.0],"evs":[0.0,0.02765,-0.56947]},"55":{"weight":1.0,"played":[0.0,0.308,0.692],"evs":[0.0,0.75065,0.76051]},"65o":{"weight":1.0,"played":[1.0,0.0,0.0],"evs":[0.0,-0.24032,-1.11009]},"75o":{"weight":1.0,"played":[1.0,0.0,0.0],"evs":[0.0,-0.31683,-1.25627]},"85o":{"weight":1.0,"played":[1.0,0.0,0.0],"evs":[0.0,-0.38654,-1.35451]},"95o":{"weight":1.0,"played":[1.0,0.0,0.0],"evs":[0.0,-0.45798,-1.40956]},"T5o":{"weight":1.0,"played":[1.0,0.0,0.0],"evs":[0.0,-0.51906,-1.4722]},"J5o":{"weight":1.0,"played":[1.0,0.0,0.0],"evs":[0.0,-0.44851,-1.21403]},"Q5o":{"weight":1.0,"played":[1.0,0.0,0.0],"evs":[0.0,-0.40015,-1.05573]},"K5o":{"weight":1.0,"played":[1.0,0.0,0.0],"evs":[0.0,-0.33302,-0.73428]},"A5o":{"weight":1.0,"played":[0.0184,0.3438,0.6379],"evs":[0.0,0.0192,0.02251]},"62s":{"weight":1.0,"played":[1.0,0.0,0.0],"evs":[0.0,-0.28372,-1.20539]},"63s":{"weight":1.0,"played":[1.0,0.0,0.0],"evs":[0.0,-0.15996,-1.01394]},"64s":{"weight":1.0,"played":[0.9963,0.0037,0.0],"evs":[0.0,-0.04758,-0.74178]},"65s":{"weight":1.0,"played":[0.0015,0.9985,0.0],"evs":[0.0,0.05013,-0.51733]},"66":{"weight":1.0,"played":[0.0,4.0E-4,0.9996],"evs":[0.0,0.93407,0.97492]},"76o":{"weight":1.0,"played":[1.0,0.0,0.0],"evs":[0.0,-0.2592,-1.03891]},"86o":{"weight":1.0,"played":[1.0,0.0,0.0],"evs":[0.0,-0.3153,-1.10581]},"96o":{"weight":1.0,"played":[1.0,0.0,0.0],"evs":[0.0,-0.38677,-1.17152]},"T6o":{"weight":1.0,"played":[1.0,0.0,0.0],"evs":[0.0,-0.45565,-1.24672]},"J6o":{"weight":1.0,"played":[1.0,0.0,0.0],"evs":[0.0,-0.43449,-1.2136]},"Q6o":{"weight":1.0,"played":[1.0,0.0,0.0],"evs":[0.0,-0.38366,-0.98415]},"K6o":{"weight":1.0,"played":[1.0,0.0,0.0],"evs":[0.0,-0.30684,-0.66978]},"A6o":{"weight":1.0,"played":[1.0,0.0,0.0],"evs":[0.0,-0.0895,-0.13337]},"72s":{"weight":1.0,"played":[1.0,0.0,0.0],"evs":[0.0,-0.34939,-1.3656]},"73s":{"weight":1.0,"played":[1.0,0.0,0.0],"evs":[0.0,-0.26164,-1.15223]},"74s":{"weight":1.0,"played":[1.0,0.0,0.0],"evs":[0.0,-0.16257,-0.91619]},"75s":{"weight":1.0,"played":[1.0,0.0,0.0],"evs":[0.0,-0.02727,-0.65007]},"76s":{"weight":1.0,"played":[2.0E-4,0.9998,0.0],"evs":[0.0,0.03786,-0.42981]},"77":{"weight":1.0,"played":[0.0,4.0E-4,0.9996],"evs":[0.0,1.22661,1.30322]},"87o":{"weight":1.0,"played":[1.0,0.0,0.0],"evs":[0.0,-0.25946,-0.92305]},"97o":{"weight":1.0,"played":[1.0,0.0,0.0],"evs":[0.0,-0.29945,-0.97988]},"T7o":{"weight":1.0,"played":[1.0,0.0,0.0],"evs":[0.0,-0.35025,-1.02774]},"J7o":{"weight":1.0,"played":[1.0,0.0,0.0],"evs":[0.0,-0.35053,-1.01187]},"Q7o":{"weight":1.0,"played":[1.0,0.0,0.0],"evs":[0.0,-0.35001,-1.00138]},"K7o":{"weight":1.0,"played":[1.0,0.0,0.0],"evs":[0.0,-0.27246,-0.63516]},"A7o":{"weight":1.0,"played":[0.6533,0.3463,4.0E-4],"evs":[0.0,-0.0027,-0.03375]},"82s":{"weight":1.0,"played":[1.0,0.0,0.0],"evs":[0.0,-0.3148,-1.188]},"83s":{"weight":1.0,"played":[1.0,0.0,0.0],"evs":[0.0,-0.31528,-1.21106]},"84s":{"weight":1.0,"played":[1.0,0.0,0.0],"evs":[0.0,-0.20731,-0.95483]},"85s":{"weight":1.0,"played":[1.0,0.0,0.0],"evs":[0.0,-0.09645,-0.70915]},"86s":{"weight":1.0,"played":[0.8776,0.1224,0.0],"evs":[0.0,-0.01232,-0.47644]},"87s":{"weight":1.0,"played":[0.002,0.998,0.0],"evs":[0.0,0.05052,-0.31918]},"88":{"weight":1.0,"played":[0.0,0.0,1.0],"evs":[0.0,1.64069,1.85722]},"98o":{"weight":1.0,"played":[1.0,0.0,0.0],"evs":[0.0,-0.22727,-0.73135]},"T8o":{"weight":1.0,"played":[1.0,0.0,0.0],"evs":[0.0,-0.25708,-0.74189]},"J8o":{"weight":1.0,"played":[1.0,0.0,0.0],"evs":[0.0,-0.25987,-0.72147]},"Q8o":{"weight":1.0,"played":[1.0,0.0,0.0],"evs":[0.0,-0.26134,-0.72356]},"K8o":{"weight":1.0,"played":[1.0,0.0,0.0],"evs":[0.0,-0.23648,-0.56174]},"A8o":{"weight":1.0,"played":[0.0,0.9996,4.0E-4],"evs":[0.0,0.18834,0.1639]},"92s":{"weight":1.0,"played":[1.0,0.0,0.0],"evs":[0.0,-0.29492,-1.09703]},"93s":{"weight":1.0,"played":[1.0,0.0,0.0],"evs":[0.0,-0.28638,-1.08074]},"94s":{"weight":1.0,"played":[1.0,0.0,0.0],"evs":[0.0,-0.25688,-1.02413]},"95s":{"weight":1.0,"played":[1.0,0.0,0.0],"evs":[0.0,-0.16911,-0.77383]},"96s":{"weight":1.0,"played":[1.0,0.0,0.0],"evs":[0.0,-0.08159,-0.55942]},"97s":{"weight":1.0,"played":[0.1584,0.8416,0.0],"evs":[0.0,5.5E-4,-0.35386]},"98s":{"weight":1.0,"played":[2.0E-4,0.9998,0.0],"evs":[0.0,0.07695,-0.12317]},"99":{"weight":1.0,"played":[0.0,0.0,1.0],"evs":[0.0,2.07008,2.51467]},"T9o":{"weight":1.0,"played":[1.0,0.0,0.0],"evs":[0.0,-0.15494,-0.46803]},"J9o":{"weight":1.0,"played":[1.0,0.0,0.0],"evs":[0.0,-0.14223,-0.43481]},"Q9o":{"weight":1.0,"played":[1.0,0.0,0.0],"evs":[0.0,-0.16716,-0.45485]},"K9o":{"weight":1.0,"played":[1.0,0.0,0.0],"evs":[0.0,-0.12877,-0.29102]},"A9o":{"weight":1.0,"played":[0.0,1.0E-4,0.9999],"evs":[0.0,0.51362,0.55851]},"T2s":{"weight":1.0,"played":[1.0,0.0,0.0],"evs":[0.0,-0.2826,-0.9849]},"T3s":{"weight":1.0,"played":[1.0,0.0,0.0],"evs":[0.0,-0.26933,-0.94999]},"T4s":{"weight":1.0,"played":[1.0,0.0,0.0],"evs":[0.0,-0.23585,-0.88615]},"T5s":{"weight":1.0,"played":[1.0,0.0,0.0],"evs":[0.0,-0.22066,-0.84795]},"T6s":{"weight":1.0,"played":[1.0,0.0,0.0],"evs":[0.0,-0.15543,-0.62937]},"T7s":{"weight":1.0,"played":[0.9993,7.0E-4,0.0],"evs":[0.0,-0.03758,-0.39498]},"T8s":{"weight":1.0,"played":[1.0E-4,0.9999,0.0],"evs":[0.0,0.06358,-0.11142]},"T9s":{"weight":1.0,"played":[0.0,0.9988,0.0012],"evs":[0.0,0.16058,0.1204]},"TT":{"weight":1.0,"played":[0.0,0.0,1.0],"evs":[0.0,2.74864,3.35009]},"JTo":{"weight":1.0,"played":[0.721,0.279,0.0],"evs":[0.0,-0.00145,-0.04498]},"QTo":{"weight":1.0,"played":[0.0,0.9882,0.0118],"evs":[0.0,0.02099,-0.02225]},"KTo":{"weight":1.0,"played":[0.0,0.9998,2.0E-4],"evs":[0.0,0.17006,0.13227]},"ATo":{"weight":1.0,"played":[0.0,0.0,1.0],"evs":[0.0,1.15977,1.29566]},"J2s":{"weight":1.0,"played":[1.0,0.0,0.0],"evs":[0.0,-0.2004,-0.77489]},"J3s":{"weight":1.0,"played":[1.0,0.0,0.0],"evs":[0.0,-0.193,-0.74353]},"J4s":{"weight":1.0,"played":[1.0,0.0,0.0],"evs":[0.0,-0.17052,-0.65279]},"J5s":{"weight":1.0,"played":[1.0,0.0,0.0],"evs":[0.0,-0.12493,-0.59253]},"J6s":{"weight":1.0,"played":[1.0,0.0,0.0],"evs":[0.0,-0.12832,-0.58699]},"J7s":{"weight":1.0,"played":[1.0,0.0,0.0],"evs":[0.0,-0.03397,-0.37073]},"J8s":{"weight":1.0,"played":[0.0016,0.9984,0.0],"evs":[0.0,0.07019,-0.09678]},"J9s":{"weight":1.0,"played":[0.0,1.0,0.0],"evs":[0.0,0.19363,0.14674]},"JTs":{"weight":1.0,"played":[0.0,0.0404,0.9596],"evs":[0.0,0.46782,0.50833]},"JJ":{"weight":1.0,"played":[0.0,0.0,1.0],"evs":[0.0,3.51607,4.0978]},"QJo":{"weight":1.0,"played":[0.0,0.6888,0.3112],"evs":[0.0,0.24672,0.24146]},"KJo":{"weight":1.0,"played":[0.0,1.0,0.0],"evs":[0.0,0.51362,0.44883]},"AJo":{"weight":1.0,"played":[0.0,0.0,1.0],"evs":[0.0,1.56647,1.83305]},"Q2s":{"weight":1.0,"played":[1.0,0.0,0.0],"evs":[0.0,-0.14373,-0.61662]},"Q3s":{"weight":1.0,"played":[1.0,0.0,0.0],"evs":[0.0,-0.12672,-0.56893]},"Q4s":{"weight":1.0,"played":[1.0,0.0,0.0],"evs":[0.0,-0.10205,-0.48391]},"Q5s":{"weight":1.0,"played":[1.0,0.0,0.0],"evs":[0.0,-0.07061,-0.43767]},"Q6s":{"weight":1.0,"played":[0.9999,1.0E-4,0.0],"evs":[0.0,-0.05118,-0.3736]},"Q7s":{"weight":1.0,"played":[0.9999,1.0E-4,0.0],"evs":[0.0,-0.02054,-0.37038]},"Q8s":{"weight":1.0,"played":[2.0E-4,0.9998,0.0],"evs":[0.0,0.07211,-0.12757]},"Q9s":{"weight":1.0,"played":[1.0E-4,0.871,0.1289],"evs":[0.0,0.18143,0.16111]},"QTs":{"weight":1.0,"played":[0.0,0.9951,0.0049],"evs":[0.0,0.59,0.54191]},"QJs":{"weight":1.0,"played":[0.0,0.9999,1.0E-4],"evs":[0.0,0.87027,0.80541]},"QQ":{"weight":1.0,"played":[0.0,0.0,1.0],"evs":[0.0,4.58627,5.02787]},"KQo":{"weight":1.0,"played":[0.0,3.0E-4,0.9997],"evs":[0.0,0.84789,0.88793]},"AQo":{"weight":1.0,"played":[0.0,0.0,1.0],"evs":[0.0,2.05515,2.61692]},"K2s":{"weight":1.0,"played":[0.9992,8.0E-4,0.0],"evs":[0.0,-0.06978,-0.29965]},"K3s":{"weight":1.0,"played":[0.9997,3.0E-4,0.0],"evs":[0.0,-0.06464,-0.26596]},"K4s":{"weight":1.0,"played":[0.9933,0.0067,0.0],"evs":[0.0,-0.01011,-0.19602]},"K5s":{"weight":1.0,"played":[0.0583,0.9417,0.0],"evs":[0.0,0.02186,-0.11155]},"K6s":{"weight":1.0,"played":[7.0E-4,0.9993,0.0],"evs":[0.0,0.03504,-0.05944]},"K7s":{"weight":1.0,"played":[3.0E-4,0.9997,0.0],"evs":[0.0,0.08005,-0.00967]},"K8s":{"weight":1.0,"played":[0.0,0.9951,0.0049],"evs":[0.0,0.11014,0.03975]},"K9s":{"weight":1.0,"played":[0.0,0.9995,5.0E-4],"evs":[0.0,0.3326,0.29717]},"KTs":{"weight":1.0,"played":[0.0,1.0,0.0],"evs":[0.0,0.80202,0.69458]},"KJs":{"weight":1.0,"played":[0.0,1.0,0.0],"evs":[0.0,1.12018,0.97541]},"KQs":{"weight":1.0,"played":[0.0,0.9998,2.0E-4],"evs":[0.0,1.45034,1.39569]},"KK":{"weight":1.0,"played":[0.0,0.0,1.0],"evs":[0.0,5.92678,6.14274]},"AKo":{"weight":1.0,"played":[0.0,0.0,1.0],"evs":[0.0,2.68128,3.548]},"A2s":{"weight":1.0,"played":[0.0,2.0E-4,0.9998],"evs":[0.0,0.27425,0.45296]},"A3s":{"weight":1.0,"played":[0.0,0.0,1.0],"evs":[0.0,0.30023,0.43489]},"A4s":{"weight":1.0,"played":[0.0,0.0,1.0],"evs":[0.0,0.383,0.54206]},"A5s":{"weight":1.0,"played":[0.0,0.0,1.0],"evs":[0.0,0.51174,0.60325]},"A6s":{"weight":1.0,"played":[0.0,0.0023,0.9977],"evs":[0.0,0.38834,0.45623]},"A7s":{"weight":1.0,"played":[0.0,0.9613,0.0387],"evs":[0.0,0.57457,0.5398]},"A8s":{"weight":1.0,"played":[0.0,0.9999,1.0E-4],"evs":[0.0,0.84068,0.73857]},"A9s":{"weight":1.0,"played":[0.0,1.0,0.0],"evs":[0.0,1.16079,1.09726]},"ATs":{"weight":1.0,"played":[0.0,0.2782,0.7218],"evs":[0.0,1.79675,1.80522]},"AJs":{"weight":1.0,"played":[0.0,1.0E-4,0.9999],"evs":[0.0,2.17547,2.2868]},"AQs":{"weight":1.0,"played":[0.0,0.0,1.0],"evs":[0.0,2.63812,3.00177]},"AKs":{"weight":1.0,"played":[0.0,0.0,1.0],"evs":[0.0,3.24284,3.88532]},"AA":{"weight":1.0,"played":[0.0,0.9514,0.0486],"evs":[0.0,8.00527,7.98631]}}}