{"player":0,"street":0,"children":2,"sequence":[{"player":0,"type":"R","amount":200000,"street":0},{"player":1,"type":"F","amount":0,"street":0},{"player":2,"type":"C","amount":200000,"street":0},{"player":3,"type":"R","amount":600000,"street":0},{"player":4,"type":"R","amount":2035000,"street":0},{"player":5,"type":"F","amount":0,"street":0}],"actions":[{"type":"F","amount":0,"node":383},{"type":"C","amount":1835000,"node":386}],"hands":{"22":{"weight":0.0,"played":[0.994,0.006],"evs":[0.0,-2.80029]},"32o":{"weight":0.0,"played":[0.998,0.002],"evs":[0.0,-3.79942]},"42o":{"weight":0.0,"played":[0.951,0.049],"evs":[0.0,-3.96521]},"52o":{"weight":0.0,"played":[0.9196,0.0804],"evs":[0.0,-4.0758]},"62o":{"weight":0.0,"played":[0.9857,0.0143],"evs":[0.0,-5.55332]},"72o":{"weight":0.0,"played":[0.991,0.009],"evs":[0.0,-6.17506]},"82o":{"weight":0.0,"played":[0.9973,0.0027],"evs":[0.0,-2.1548]},"92o":{"weight":0.0,"played":[0.9999,1.0E-4],"evs":[0.0,-5.94728]},"T2o":{"weight":0.0,"played":[0.9833,0.0167],"evs":[0.0,-4.49698]},"J2o":{"weight":0.0,"played":[0.9974,0.0026],"evs":[0.0,-5.27212]},"Q2o":{"weight":0.0,"played":[0.9628,0.0372],"evs":[0.0,-3.79229]},"K2o":{"weight":0.0,"played":[0.7453,0.2547],"evs":[0.0,-3.33981]},"A2o":{"weight":0.0,"played":[0.9718,0.0282],"evs":[0.0,-6.2309]},"32s":{"weight":0.0,"played":[0.4651,0.5349],"evs":[0.0,-1.15292]},"33":{"weight":1.0,"played":[0.1259,0.8741],"evs":[0.0,1.5761]},"43o":{"weight":0.0,"played":[0.9996,4.0E-4],"evs":[0.0,-4.14934]},"53o":{"weight":0.0,"played":[0.9847,0.0153],"evs":[0.0,-2.62221]},"63o":{"weight":0.0,"played":[0.9997,3.0E-4],"evs":[0.0,-4.99592]},"73o":{"weight":0.0,"played":[0.9803,0.0197],"evs":[0.0,-4.90084]},"83o":{"weight":0.0,"played":[0.9718,0.0282],"evs":[0.0,-7.56681]},"93o":{"weight":0.0,"played":[0.9819,0.0181],"evs":[0.0,-3.22321]},"T3o":{"weight":0.0,"played":[0.9977,0.0023],"evs":[0.0,-3.22414]},"J3o":{"weight":0.0,"played":[0.9389,0.0611],"evs":[0.0,-6.17667]},"Q3o":{"weight":0.0,"played":[0.9119,0.0881],"evs":[0.0,-3.98171]},"K3o":{"weight":0.0,"played":[0.9893,0.0107],"evs":[0.0,-3.98728]},"A3o":{"weight":0.0,"played":[0.7265,0.2735],"evs":[0.0,-2.35398]},"42s":{"weight":0.0,"played":[0.1773,0.8227],"evs":[0.0,1.93551]},"43s":{"weight":0.0,"played":[0.304,0.696],"evs":[0.0,-0.5424]},"44":{"weight":1.0,"played":[0.4099,0.5901],"evs":[0.0,-0.97382]},"54o":{"weight":0.0,"played":[0.6234,0.3766],"evs":[0.0,-1.32743]},"64o":{"weight":0.0,"played":[0.9956,0.0044],"evs":[0.0,-3.00136]},"74o":{"weight":0.0,"played":[0.9416,0.0584],"evs":[0.0,-4.31893]},"84o":{"weight":0.0,"played":[0.9921,0.0079],"evs":[0.0,-4.25188]},"94o":{"weight":0.0,"played":[0.9929,0.0071],"evs":[0.0,-3.84864]},"T4o":{"weight":0.0,"played":[0.9925,0.0075],"evs":[0.0,-3.95922]},"J4o":{"weight":0.0,"played":[0.9382,0.0618],"evs":[0.0,-6.02552]},"Q4o":{"weight":0.0,"played":[0.9889,0.0111],"evs":[0.0,-4.94185]},"K4o":{"weight":0.0,"played":[0.9678,0.0322],"evs":[0.0,-3.84442]},"A4o":{"weight":0.0,"played":[0.8876,0.1124],"evs":[0.0,-2.23922]},"52s":{"weight":0.0,"played":[1.0,0.0],"evs":[0.0,-4.20445]},"53s":{"weight":0.0,"played":[0.8834,0.1166],"evs":[0.0,-2.80473]},"54s":{"weight":0.0,"played":[0.1822,0.8178],"evs":[0.0,2.28012]},"55":{"weight":1.0,"played":[0.1123,0.8877],"evs":[0.0,3.61367]},"65o":{"weight":0.0,"played":[0.8576,0.1424],"evs":[0.0,-4.1297]},"75o":{"weight":0.0,"played":[0.9973,0.0027],"evs":[0.0,-3.54247]},"85o":{"weight":0.0,"played":[0.9977,0.0023],"evs":[0.0,-5.23478]},"95o":{"weight":0.0,"played":[0.9976,0.0024],"evs":[0.0,-4.96863]},"T5o":{"weight":0.0,"played":[0.9935,0.0065],"evs":[0.0,-2.23847]},"J5o":{"weight":0.0,"played":[0.9976,0.0024],"evs":[0.0,-7.77751]},"Q5o":{"weight":0.0,"played":[0.775,0.225],"evs":[0.0,-2.91214]},"K5o":{"weight":0.0,"played":[0.9848,0.0152],"evs":[0.0,-7.56135]},"A5o":{"weight":1.0,"played":[0.9719,0.0281],"evs":[0.0,-5.08817]},"62s":{"weight":0.0,"played":[0.85,0.15],"evs":[0.0,-1.7179]},"63s":{"weight":0.0,"played":[0.0569,0.9431],"evs":[0.0,-0.82289]},"64s":{"weight":0.0,"played":[0.7709,0.2291],"evs":[0.0,-2.58746]},"65s":{"weight":0.0,"played":[0.9637,0.0363],"evs":[0.0,-5.42006]},"66":{"weight":1.0,"played":[0.0064,0.9936],"evs":[0.0,1.55513]},"76o":{"weight":0.0,"played":[0.851,0.149],"evs":[0.0,-2.13288]},"86o":{"weight":0.0,"played":[0.6143,0.3857],"evs":[0.0,-1.63885]},"96o":{"weight":0.0,"played":[0.6854,0.3146],"evs":[0.0,-0.76609]},"T6o":{"weight":0.0,"played":[0.9911,0.0089],"evs":[0.0,-3.49002]},"J6o":{"weight":0.0,"played":[0.9981,0.0019],"evs":[0.0,-5.78117]},"Q6o":{"weight":0.0,"played":[0.9832,0.0168],"evs":[0.0,-5.46672]},"K6o":{"weight":0.0,"played":[0.9866,0.0134],"evs":[0.0,-4.16143]},"A6o":{"weight":0.0,"played":[0.9023,0.0977],"evs":[0.0,-1.99912]},"72s":{"weight":0.0,"played":[0.8038,0.1962],"evs":[0.0,-2.78866]},"73s":{"weight":0.0,"played":[0.9948,0.0052],"evs":[0.0,-3.84857]},"74s":{"weight":0.0,"played":[0.74,0.26],"evs":[0.0,0.82543]},"75s":{"weight":0.0,"played":[0.4059,0.5941],"evs":[0.0,-3.65116]},"76s":{"weight":0.0,"played":[0.5089,0.4911],"evs":[0.0,-0.69973]},"77":{"weight":1.0,"played":[0.0591,0.9409],"evs":[0.0,2.17707]},"87o":{"weight":0.0,"played":[0.8858,0.1142],"evs":[0.0,-3.92587]},"97o":{"weight":0.0,"played":[0.8537,0.1463],"evs":[0.0,-3.22699]},"T7o":{"weight":0.0,"played":[0.9274,0.0726],"evs":[0.0,-2.89747]},"J7o":{"weight":0.0,"played":[0.9358,0.0642],"evs":[0.0,-7.7335]},"Q7o":{"weight":0.0,"played":[0.7948,0.2052],"evs":[0.0,-1.09672]},"K7o":{"weight":0.0,"played":[0.9968,0.0032],"evs":[0.0,-2.72881]},"A7o":{"weight":1.0,"played":[0.976,0.024],"evs":[0.0,-2.73246]},"82s":{"weight":0.0,"played":[0.7824,0.2176],"evs":[0.0,-3.78896]},"83s":{"weight":0.0,"played":[0.9779,0.0221],"evs":[0.0,-3.12533]},"84s":{"weight":0.0,"played":[0.2876,0.7124],"evs":[0.0,-0.2632]},"85s":{"weight":0.0,"played":[0.8918,0.1082],"evs":[0.0,-1.06366]},"86s":{"weight":0.0,"played":[0.3275,0.6725],"evs":[0.0,2.22217]},"87s":{"weight":0.9973,"played":[0.1249,0.8751],"evs":[0.0,0.99764]},"88":{"weight":0.9995,"played":[0.0056,0.9944],"evs":[0.0,3.33216]},"98o":{"weight":0.0,"played":[0.8465,0.1535],"evs":[0.0,-1.88963]},"T8o":{"weight":0.0,"played":[0.9275,0.0725],"evs":[0.0,-0.71388]},"J8o":{"weight":0.0,"played":[0.0331,0.9669],"evs":[0.0,-0.21544]},"Q8o":{"weight":0.0,"played":[0.9823,0.0177],"evs":[0.0,-1.2971]},"K8o":{"weight":0.0,"played":[0.9961,0.0039],"evs":[0.0,-3.99821]},"A8o":{"weight":1.0,"played":[0.9658,0.0342],"evs":[0.0,-3.12791]},"92s":{"weight":0.0,"played":[0.8172,0.1828],"evs":[0.0,-2.97116]},"93s":{"weight":0.0,"played":[0.9338,0.0662],"evs":[0.0,-3.02586]},"94s":{"weight":0.0,"played":[0.2532,0.7468],"evs":[0.0,-1.49642]},"95s":{"weight":0.0,"played":[0.3618,0.6382],"evs":[0.0,-4.13195]},"96s":{"weight":0.0,"played":[0.6239,0.3761],"evs":[0.0,0.76867]},"97s":{"weight":0.012,"played":[0.7598,0.2402],"evs":[0.0,0.81241]},"98s":{"weight":1.0,"played":[0.1946,0.8054],"evs":[0.0,1.0019]},"99":{"weight":1.0,"played":[0.0,1.0],"evs":[0.0,5.18535]},"T9o":{"weight":0.0,"played":[0.6568,0.3432],"evs":[0.0,-1.32456]},"J9o":{"weight":0.0,"played":[0.6947,0.3053],"evs":[0.0,-0.26034]},"Q9o":{"weight":0.0,"played":[0.5835,0.4165],"evs":[0.0,-1.69931]},"K9o":{"weight":0.0,"played":[0.9402,0.0598],"evs":[0.0,-2.06198]},"A9o":{"weight":1.0,"played":[0.8033,0.1967],"evs":[0.0,-1.08207]},"T2s":{"weight":0.0,"played":[0.9973,0.0027],"evs":[0.0,-8.60772]},"T3s":{"weight":0.0,"played":[0.5494,0.4506],"evs":[0.0,-4.14894]},"T4s":{"weight":0.0,"played":[0.9306,0.0694],"evs":[0.0,-3.57454]},"T5s":{"weight":0.0,"played":[0.5683,0.4317],"evs":[0.0,-0.87266]},"T6s":{"weight":0.0,"played":[0.0025,0.9975],"evs":[0.0,2.25718]},"T7s":{"weight":0.0,"played":[0.494,0.506],"evs":[0.0,-0.80558]},"T8s":{"weight":0.9999,"played":[0.2512,0.7488],"evs":[0.0,-0.66783]},"T9s":{"weight":1.0,"played":[0.3523,0.6477],"evs":[0.0,0.34987]},"TT":{"weight":1.0,"played":[0.0,1.0],"evs":[0.0,5.81459]},"JTo":{"weight":1.0,"played":[0.3949,0.6051],"evs":[0.0,-0.03242]},"QTo":{"weight":1.0,"played":[0.7381,0.2619],"evs":[0.0,-1.41424]},"KTo":{"weight":1.0,"played":[0.6774,0.3226],"evs":[0.0,-1.38136]},"ATo":{"weight":1.0,"played":[0.8815,0.1185],"evs":[0.0,-1.41435]},"J2s":{"weight":0.0,"played":[0.9933,0.0067],"evs":[0.0,-1.84175]},"J3s":{"weight":0.0,"played":[0.7929,0.2071],"evs":[0.0,-0.59066]},"J4s":{"weight":0.0,"played":[0.7381,0.2619],"evs":[0.0,-4.70912]},"J5s":{"weight":0.0,"played":[0.6054,0.3946],"evs":[0.0,3.26603]},"J6s":{"weight":0.0,"played":[0.9162,0.0838],"evs":[0.0,-2.5992]},"J7s":{"weight":0.0,"played":[0.6773,0.3227],"evs":[0.0,-2.06395]},"J8s":{"weight":1.0,"played":[0.9104,0.0896],"evs":[0.0,-2.46031]},"J9s":{"weight":1.0,"played":[0.7329,0.2671],"evs":[0.0,-4.73841]},"JTs":{"weight":1.0,"played":[0.9161,0.0839],"evs":[0.0,-2.47515]},"JJ":{"weight":1.0,"played":[0.0,1.0],"evs":[0.0,7.52609]},"QJo":{"weight":1.0,"played":[0.8605,0.1395],"evs":[0.0,-3.83412]},"KJo":{"weight":1.0,"played":[0.4713,0.5287],"evs":[0.0,-1.51169]},"AJo":{"weight":1.0,"played":[0.3031,0.6969],"evs":[0.0,0.07359]},"Q2s":{"weight":0.0,"played":[0.3925,0.6075],"evs":[0.0,-1.25169]},"Q3s":{"weight":0.0,"played":[0.7883,0.2117],"evs":[0.0,-4.20517]},"Q4s":{"weight":0.0,"played":[0.8348,0.1652],"evs":[0.0,-5.11648]},"Q5s":{"weight":0.0,"played":[0.817,0.183],"evs":[0.0,-6.49049]},"Q6s":{"weight":0.0,"played":[0.5549,0.4451],"evs":[0.0,-1.98722]},"Q7s":{"weight":0.0,"played":[0.4728,0.5272],"evs":[0.0,-1.73078]},"Q8s":{"weight":1.0,"played":[0.9331,0.0669],"evs":[0.0,-1.74443]},"Q9s":{"weight":1.0,"played":[0.7785,0.2215],"evs":[0.0,0.11433]},"QTs":{"weight":1.0,"played":[0.0015,0.9985],"evs":[0.0,1.34834]},"QJs":{"weight":1.0,"played":[0.049,0.951],"evs":[0.0,2.007]},"QQ":{"weight":1.0,"played":[0.0016,0.9984],"evs":[0.0,15.80041]},"KQo":{"weight":1.0,"played":[0.8847,0.1153],"evs":[0.0,-2.80983]},"AQo":{"weight":1.0,"played":[9.0E-4,0.9991],"evs":[0.0,0.38569]},"K2s":{"weight":0.0,"played":[0.7043,0.2957],"evs":[0.0,-3.75543]},"K3s":{"weight":0.0,"played":[0.3992,0.6008],"evs":[0.0,-3.88285]},"K4s":{"weight":0.0,"played":[0.4054,0.5946],"evs":[0.0,-0.57076]},"K5s":{"weight":0.0113,"played":[0.9474,0.0526],"evs":[0.0,-5.41991]},"K6s":{"weight":0.9998,"played":[0.9238,0.0762],"evs":[0.0,-1.96745]},"K7s":{"weight":1.0,"played":[0.7685,0.2315],"evs":[0.0,-4.14681]},"K8s":{"weight":1.0,"played":[0.5926,0.4074],"evs":[0.0,0.37444]},"K9s":{"weight":1.0,"played":[0.1984,0.8016],"evs":[0.0,3.38454]},"KTs":{"weight":0.9992,"played":[0.1065,0.8935],"evs":[0.0,-0.14906]},"KJs":{"weight":1.0,"played":[0.0972,0.9028],"evs":[0.0,2.87857]},"KQs":{"weight":1.0,"played":[0.0048,0.9952],"evs":[0.0,5.10071]},"KK":{"weight":1.0,"played":[1.0E-4,0.9999],"evs":[0.0,15.19574]},"AKo":{"weight":0.9994,"played":[0.0,1.0],"evs":[0.0,0.70297]},"A2s":{"weight":1.0,"played":[0.964,0.036],"evs":[0.0,-2.44613]},"A3s":{"weight":1.0,"played":[0.5446,0.4554],"evs":[0.0,-0.2525]},"A4s":{"weight":1.0,"played":[0.6735,0.3265],"evs":[0.0,-0.54307]},"A5s":{"weight":1.0,"played":[0.4789,0.5211],"evs":[0.0,-2.82151]},"A6s":{"weight":1.0,"played":[0.9523,0.0477],"evs":[0.0,-5.48193]},"A7s":{"weight":1.0,"played":[0.9842,0.0158],"evs":[0.0,-2.65376]},"A8s":{"weight":1.0,"played":[0.3796,0.6204],"evs":[0.0,-0.02756]},"A9s":{"weight":1.0,"played":[0.1065,0.8935],"evs":[0.0,-1.52274]},"ATs":{"weight":1.0,"played":[0.2028,0.7972],"evs":[0.0,3.22469]},"AJs":{"weight":1.0,"played":[0.0058,0.9942],"evs":[0.0,2.59674]},"AQs":{"weight":1.0,"played":[0.0249,0.9751],"evs":[0.0,2.73114]},"AKs":{"weight":1.0,"played":[0.0071,0.9929],"evs":[0.0,7.7935]},"AA":{"weight":1.0,"played":[1.0E-4,0.9999],"evs":[0.0,26.72027]}}}