{"player":2,"street":0,"children":2,"sequence":[{"player":0,"type":"R","amount":200000,"street":0},{"player":1,"type":"F","amount":0,"street":0},{"player":2,"type":"C","amount":200000,"street":0},{"player":3,"type":"R","amount":600000,"street":0},{"player":4,"type":"R","amount":2035000,"street":0},{"player":5,"type":"F","amount":0,"street":0},{"player":0,"type":"C","amount":1835000,"street":0}],"actions":[{"type":"F","amount":0,"node":387},{"type":"C","amount":785000,"node":388}],"hands":{"22":{"weight":0.0,"played":[0.7654,0.2346],"evs":[0.0,-0.8929]},"32o":{"weight":0.0,"played":[0.9952,0.0048],"evs":[0.0,-2.75191]},"42o":{"weight":0.0,"played":[0.9988,0.0012],"evs":[0.0,-2.27064]},"52o":{"weight":0.0,"played":[0.9991,9.0E-4],"evs":[0.0,-2.13989]},"62o":{"weight":0.0,"played":[1.0,0.0],"evs":[0.0,-2.47756]},"72o":{"weight":0.0,"played":[0.995,0.005],"evs":[0.0,-2.80457]},"82o":{"weight":0.0,"played":[0.9825,0.0175],"evs":[0.0,-2.56572]},"92o":{"weight":0.0,"played":[0.9968,0.0032],"evs":[0.0,-3.15806]},"T2o":{"weight":0.0,"played":[0.9977,0.0023],"evs":[0.0,-2.2406]},"J2o":{"weight":0.0,"played":[0.9841,0.0159],"evs":[0.0,-2.99324]},"Q2o":{"weight":0.0,"played":[0.9992,8.0E-4],"evs":[0.0,-3.06752]},"K2o":{"weight":0.0,"played":[1.0,0.0],"evs":[0.0,-1.71918]},"A2o":{"weight":0.0,"played":[0.9975,0.0025],"evs":[0.0,-1.24884]},"32s":{"weight":0.0,"played":[0.6376,0.3624],"evs":[0.0,-1.00567]},"33":{"weight":0.0,"played":[0.7961,0.2039],"evs":[0.0,-0.38913]},"43o":{"weight":0.0,"played":[1.0,0.0],"evs":[0.0,-1.12606]},"53o":{"weight":0.0,"played":[0.9899,0.0101],"evs":[0.0,-1.33399]},"63o":{"weight":0.0,"played":[0.9682,0.0318],"evs":[0.0,-1.3207]},"73o":{"weight":0.0,"played":[0.9987,0.0013],"evs":[0.0,-2.56832]},"83o":{"weight":0.0,"played":[0.9981,0.0019],"evs":[0.0,-2.18908]},"93o":{"weight":0.0,"played":[0.9927,0.0073],"evs":[0.0,-2.47315]},"T3o":{"weight":0.0,"played":[0.999,0.001],"evs":[0.0,-3.25281]},"J3o":{"weight":0.0,"played":[0.9998,2.0E-4],"evs":[0.0,-2.76819]},"Q3o":{"weight":0.0,"played":[1.0,0.0],"evs":[0.0,-2.31469]},"K3o":{"weight":0.0,"played":[0.9988,0.0012],"evs":[0.0,-2.43899]},"A3o":{"weight":0.0,"played":[0.9374,0.0626],"evs":[0.0,-1.63457]},"42s":{"weight":0.0,"played":[0.2689,0.7311],"evs":[0.0,0.9916]},"43s":{"weight":0.0,"played":[0.3692,0.6308],"evs":[0.0,0.96718]},"44":{"weight":0.0345,"played":[0.7803,0.2197],"evs":[0.0,0.23802]},"54o":{"weight":0.0,"played":[0.9918,0.0082],"evs":[0.0,-1.61082]},"64o":{"weight":0.0,"played":[0.999,0.001],"evs":[0.0,-1.72163]},"74o":{"weight":0.0,"played":[0.9999,1.0E-4],"evs":[0.0,-2.63657]},"84o":{"weight":0.0,"played":[0.989,0.011],"evs":[0.0,-1.23149]},"94o":{"weight":0.0,"played":[0.9979,0.0021],"evs":[0.0,-2.22876]},"T4o":{"weight":0.0,"played":[0.9967,0.0033],"evs":[0.0,-2.3987]},"J4o":{"weight":0.0,"played":[0.9982,0.0018],"evs":[0.0,-2.7869]},"Q4o":{"weight":0.0,"played":[0.9997,3.0E-4],"evs":[0.0,-2.44947]},"K4o":{"weight":0.0,"played":[0.997,0.003],"evs":[0.0,-2.06937]},"A4o":{"weight":0.0,"played":[0.9997,3.0E-4],"evs":[0.0,-1.85649]},"52s":{"weight":0.0,"played":[0.3081,0.6919],"evs":[0.0,0.31359]},"53s":{"weight":0.0,"played":[0.4017,0.5983],"evs":[0.0,0.02399]},"54s":{"weight":0.0,"played":[0.0112,0.9888],"evs":[0.0,1.88034]},"55":{"weight":0.5116,"played":[0.9263,0.0737],"evs":[0.0,-0.60434]},"65o":{"weight":0.0,"played":[0.9965,0.0035],"evs":[0.0,-0.85031]},"75o":{"weight":0.0,"played":[0.9998,2.0E-4],"evs":[0.0,-1.81045]},"85o":{"weight":0.0,"played":[1.0,0.0],"evs":[0.0,-2.34893]},"95o":{"weight":0.0,"played":[0.9979,0.0021],"evs":[0.0,-2.42613]},"T5o":{"weight":0.0,"played":[0.9996,4.0E-4],"evs":[0.0,-2.85641]},"J5o":{"weight":0.0,"played":[0.9652,0.0348],"evs":[0.0,-2.3671]},"Q5o":{"weight":0.0,"played":[0.9358,0.0642],"evs":[0.0,-1.8755]},"K5o":{"weight":0.0,"played":[0.9983,0.0017],"evs":[0.0,-2.23093]},"A5o":{"weight":0.0,"played":[0.858,0.142],"evs":[0.0,-0.94938]},"62s":{"weight":0.0,"played":[0.8572,0.1428],"evs":[0.0,-1.48098]},"63s":{"weight":0.0,"played":[0.5507,0.4493],"evs":[0.0,-0.32424]},"64s":{"weight":0.0,"played":[0.2746,0.7254],"evs":[0.0,0.94348]},"65s":{"weight":0.0,"played":[0.0137,0.9863],"evs":[0.0,0.80145]},"66":{"weight":0.3021,"played":[0.7177,0.2823],"evs":[0.0,-0.64226]},"76o":{"weight":0.0,"played":[0.9373,0.0627],"evs":[0.0,-0.85566]},"86o":{"weight":0.0,"played":[0.943,0.057],"evs":[0.0,-1.1827]},"96o":{"weight":0.0,"played":[0.9701,0.0299],"evs":[0.0,-1.46196]},"T6o":{"weight":0.0,"played":[1.0,0.0],"evs":[0.0,-1.72188]},"J6o":{"weight":0.0,"played":[0.9987,0.0013],"evs":[0.0,-2.49969]},"Q6o":{"weight":0.0,"played":[0.9653,0.0347],"evs":[0.0,-2.77705]},"K6o":{"weight":0.0,"played":[0.999,0.001],"evs":[0.0,-2.90017]},"A6o":{"weight":0.0,"played":[0.9981,0.0019],"evs":[0.0,-2.68016]},"72s":{"weight":0.0,"played":[0.8467,0.1533],"evs":[0.0,-0.5708]},"73s":{"weight":0.0,"played":[0.9821,0.0179],"evs":[0.0,-0.87372]},"74s":{"weight":0.0,"played":[0.3819,0.6181],"evs":[0.0,-0.47064]},"75s":{"weight":0.0,"played":[0.6398,0.3602],"evs":[0.0,-0.83847]},"76s":{"weight":0.0,"played":[0.0287,0.9713],"evs":[0.0,1.32098]},"77":{"weight":1.0E-4,"played":[0.0033,0.9967],"evs":[0.0,2.04491]},"87o":{"weight":0.0,"played":[0.8647,0.1353],"evs":[0.0,-0.79471]},"97o":{"weight":0.0,"played":[0.9741,0.0259],"evs":[0.0,-1.94255]},"T7o":{"weight":0.0,"played":[0.9996,4.0E-4],"evs":[0.0,-2.16659]},"J7o":{"weight":0.0,"played":[0.9559,0.0441],"evs":[0.0,-1.90677]},"Q7o":{"weight":0.0,"played":[0.9982,0.0018],"evs":[0.0,-2.13586]},"K7o":{"weight":0.0,"played":[1.0,0.0],"evs":[0.0,-1.83625]},"A7o":{"weight":0.0,"played":[0.9944,0.0056],"evs":[0.0,-1.74562]},"82s":{"weight":0.0,"played":[0.5684,0.4316],"evs":[0.0,0.42208]},"83s":{"weight":0.0,"played":[0.8351,0.1649],"evs":[0.0,-1.28288]},"84s":{"weight":0.0,"played":[0.55,0.45],"evs":[0.0,-0.52888]},"85s":{"weight":0.0,"played":[0.758,0.242],"evs":[0.0,0.32067]},"86s":{"weight":0.0,"played":[0.391,0.609],"evs":[0.0,-0.55818]},"87s":{"weight":0.0,"played":[0.3983,0.6017],"evs":[0.0,-0.06087]},"88":{"weight":0.0,"played":[0.181,0.819],"evs":[0.0,0.46878]},"98o":{"weight":0.0,"played":[0.9694,0.0306],"evs":[0.0,-1.01696]},"T8o":{"weight":0.0,"played":[0.9676,0.0324],"evs":[0.0,-0.85752]},"J8o":{"weight":0.0,"played":[0.9773,0.0227],"evs":[0.0,-2.30635]},"Q8o":{"weight":0.0,"played":[0.9744,0.0256],"evs":[0.0,-1.86523]},"K8o":{"weight":0.0,"played":[0.9801,0.0199],"evs":[0.0,-1.47603]},"A8o":{"weight":0.0,"played":[0.9987,0.0013],"evs":[0.0,-2.38595]},"92s":{"weight":0.0,"played":[0.9939,0.0061],"evs":[0.0,-1.83099]},"93s":{"weight":0.0,"played":[0.8598,0.1402],"evs":[0.0,-2.00523]},"94s":{"weight":0.0,"played":[0.8533,0.1467],"evs":[0.0,-1.18247]},"95s":{"weight":0.0,"played":[0.6937,0.3063],"evs":[0.0,-1.01524]},"96s":{"weight":0.0,"played":[0.223,0.777],"evs":[0.0,0.11897]},"97s":{"weight":0.0,"played":[0.3106,0.6894],"evs":[0.0,0.14939]},"98s":{"weight":0.0,"played":[0.641,0.359],"evs":[0.0,-0.61451]},"99":{"weight":0.0,"played":[0.0248,0.9752],"evs":[0.0,1.04862]},"T9o":{"weight":0.0,"played":[0.9964,0.0036],"evs":[0.0,-1.19654]},"J9o":{"weight":0.0,"played":[0.7037,0.2963],"evs":[0.0,-0.35917]},"Q9o":{"weight":0.0,"played":[0.9863,0.0137],"evs":[0.0,-1.78588]},"K9o":{"weight":0.0,"played":[0.9791,0.0209],"evs":[0.0,-1.28973]},"A9o":{"weight":0.0,"played":[0.9949,0.0051],"evs":[0.0,-2.1083]},"T2s":{"weight":0.0,"played":[0.9705,0.0295],"evs":[0.0,-0.53533]},"T3s":{"weight":0.0,"played":[0.9837,0.0163],"evs":[0.0,-1.80248]},"T4s":{"weight":0.0,"played":[0.7965,0.2035],"evs":[0.0,-1.45947]},"T5s":{"weight":0.0,"played":[0.9175,0.0825],"evs":[0.0,-0.40187]},"T6s":{"weight":0.0,"played":[0.9993,7.0E-4],"evs":[0.0,-1.44637]},"T7s":{"weight":0.0,"played":[0.6796,0.3204],"evs":[0.0,-0.76126]},"T8s":{"weight":0.0,"played":[0.3796,0.6204],"evs":[0.0,0.2974]},"T9s":{"weight":0.138,"played":[0.968,0.032],"evs":[0.0,-0.25262]},"TT":{"weight":0.0,"played":[0.0,1.0],"evs":[0.0,1.44472]},"JTo":{"weight":0.0,"played":[0.8652,0.1348],"evs":[0.0,-0.87999]},"QTo":{"weight":0.0,"played":[0.9954,0.0046],"evs":[0.0,-0.98801]},"KTo":{"weight":0.0,"played":[0.3654,0.6346],"evs":[0.0,0.67453]},"ATo":{"weight":0.0,"played":[0.739,0.261],"evs":[0.0,-1.20686]},"J2s":{"weight":0.0,"played":[0.8119,0.1881],"evs":[0.0,-1.63523]},"J3s":{"weight":0.0,"played":[0.9739,0.0261],"evs":[0.0,-0.82238]},"J4s":{"weight":0.0,"played":[0.949,0.051],"evs":[0.0,-0.09413]},"J5s":{"weight":0.0,"played":[0.9996,4.0E-4],"evs":[0.0,-0.90666]},"J6s":{"weight":0.0,"played":[0.7625,0.2375],"evs":[0.0,-0.98542]},"J7s":{"weight":0.0,"played":[0.7277,0.2723],"evs":[0.0,0.34688]},"J8s":{"weight":0.0,"played":[0.9673,0.0327],"evs":[0.0,-1.53163]},"J9s":{"weight":0.0086,"played":[0.7552,0.2448],"evs":[0.0,-0.81973]},"JTs":{"weight":1.0,"played":[0.1102,0.8898],"evs":[0.0,1.11929]},"JJ":{"weight":0.0,"played":[0.0,1.0],"evs":[0.0,5.23673]},"QJo":{"weight":0.0,"played":[0.2499,0.7501],"evs":[0.0,-0.21134]},"KJo":{"weight":0.2081,"played":[0.9919,0.0081],"evs":[0.0,-0.95609]},"AJo":{"weight":0.0,"played":[0.366,0.634],"evs":[0.0,-0.56464]},"Q2s":{"weight":0.0,"played":[0.5332,0.4668],"evs":[0.0,-0.74018]},"Q3s":{"weight":0.0,"played":[0.287,0.713],"evs":[0.0,-0.05195]},"Q4s":{"weight":0.0,"played":[0.6904,0.3096],"evs":[0.0,-1.29339]},"Q5s":{"weight":0.0,"played":[0.276,0.724],"evs":[0.0,-0.84823]},"Q6s":{"weight":0.0,"played":[0.9823,0.0177],"evs":[0.0,-1.4233]},"Q7s":{"weight":0.0,"played":[0.6801,0.3199],"evs":[0.0,-0.55048]},"Q8s":{"weight":0.0,"played":[0.8094,0.1906],"evs":[0.0,-0.05918]},"Q9s":{"weight":0.0,"played":[0.9267,0.0733],"evs":[0.0,-2.00681]},"QTs":{"weight":1.0,"played":[0.9284,0.0716],"evs":[0.0,-0.32371]},"QJs":{"weight":1.0,"played":[0.4597,0.5403],"evs":[0.0,-0.44616]},"QQ":{"weight":0.0,"played":[3.0E-4,0.9997],"evs":[0.0,4.85448]},"KQo":{"weight":1.0E-4,"played":[0.7275,0.2725],"evs":[0.0,-0.2156]},"AQo":{"weight":0.0,"played":[0.0158,0.9842],"evs":[0.0,1.82266]},"K2s":{"weight":0.0,"played":[0.8131,0.1869],"evs":[0.0,-0.85454]},"K3s":{"weight":0.0,"played":[0.8091,0.1909],"evs":[0.0,-1.0346]},"K4s":{"weight":0.0,"played":[0.934,0.066],"evs":[0.0,-2.32945]},"K5s":{"weight":0.0,"played":[0.9999,1.0E-4],"evs":[0.0,-1.45336]},"K6s":{"weight":0.0,"played":[0.6499,0.3501],"evs":[0.0,-0.42969]},"K7s":{"weight":0.0,"played":[0.7733,0.2267],"evs":[0.0,-0.59243]},"K8s":{"weight":0.0,"played":[0.9382,0.0618],"evs":[0.0,-1.53984]},"K9s":{"weight":0.9409,"played":[0.5797,0.4203],"evs":[0.0,-0.10593]},"KTs":{"weight":1.0,"played":[9.0E-4,0.9991],"evs":[0.0,1.0237]},"KJs":{"weight":0.8885,"played":[0.0479,0.9521],"evs":[0.0,0.8084]},"KQs":{"weight":0.0,"played":[0.0036,0.9964],"evs":[0.0,0.31685]},"KK":{"weight":0.0,"played":[0.0,1.0],"evs":[0.0,9.57347]},"AKo":{"weight":0.0,"played":[5.0E-4,0.9995],"evs":[0.0,1.24616]},"A2s":{"weight":0.0,"played":[0.2095,0.7905],"evs":[0.0,0.259]},"A3s":{"weight":0.0,"played":[0.4518,0.5482],"evs":[0.0,-0.27778]},"A4s":{"weight":0.3055,"played":[0.8527,0.1473],"evs":[0.0,-0.75255]},"A5s":{"weight":0.9999,"played":[0.1598,0.8402],"evs":[0.0,0.46853]},"A6s":{"weight":0.4875,"played":[0.8541,0.1459],"evs":[0.0,-0.63218]},"A7s":{"weight":0.5579,"played":[0.9131,0.0869],"evs":[0.0,-1.23031]},"A8s":{"weight":2.0E-4,"played":[0.0199,0.9801],"evs":[0.0,0.15534]},"A9s":{"weight":0.0,"played":[0.6231,0.3769],"evs":[0.0,-0.274]},"ATs":{"weight":0.0,"played":[0.255,0.745],"evs":[0.0,-0.73538]},"AJs":{"weight":0.0,"played":[0.0877,0.9123],"evs":[0.0,2.28022]},"AQs":{"weight":0.0,"played":[3.0E-4,0.9997],"evs":[0.0,2.74342]},"AKs":{"weight":0.0,"played":[0.0039,0.9961],"evs":[0.0,5.54959]},"AA":{"weight":0.1092,"played":[0.0,1.0],"evs":[0.0,14.54436]}}}