{"player":3,"street":0,"children":2,"sequence":[{"player":0,"type":"R","amount":200000,"street":0},{"player":1,"type":"F","amount":0,"street":0},{"player":2,"type":"C","amount":200000,"street":0},{"player":3,"type":"R","amount":600000,"street":0},{"player":4,"type":"R","amount":2035000,"street":0},{"player":5,"type":"C","amount":635000,"street":0},{"player":0,"type":"C","amount":1835000,"street":0},{"player":2,"type":"C","amount":785000,"street":0}],"actions":[{"type":"F","amount":0},{"type":"C","amount":1305000}],"hands":{"22":{"weight":0.0,"played":[0.0736,0.9264],"evs":[0.0,1.07645]},"32o":{"weight":0.0,"played":[0.999,0.001],"evs":[0.0,-2.60922]},"42o":{"weight":0.0,"played":[0.9975,0.0025],"evs":[0.0,-1.9425]},"52o":{"weight":0.0,"played":[0.8327,0.1673],"evs":[0.0,-0.95366]},"62o":{"weight":0.0,"played":[0.9976,0.0024],"evs":[0.0,-2.0884]},"72o":{"weight":0.0,"played":[0.9972,0.0028],"evs":[0.0,-2.9316]},"82o":{"weight":0.0,"played":[0.9325,0.0675],"evs":[0.0,-2.45055]},"92o":{"weight":0.0,"played":[0.9918,0.0082],"evs":[0.0,-3.30436]},"T2o":{"weight":0.0,"played":[0.9991,9.0E-4],"evs":[0.0,-2.44154]},"J2o":{"weight":0.0,"played":[0.9841,0.0159],"evs":[0.0,-3.57366]},"Q2o":{"weight":0.0,"played":[0.954,0.046],"evs":[0.0,-2.45959]},"K2o":{"weight":0.0,"played":[0.8847,0.1153],"evs":[0.0,-2.73608]},"A2o":{"weight":0.0,"played":[0.749,0.251],"evs":[0.0,-0.69747]},"32s":{"weight":0.0,"played":[0.0272,0.9728],"evs":[0.0,1.30255]},"33":{"weight":0.0,"played":[0.0523,0.9477],"evs":[0.0,2.60899]},"43o":{"weight":0.0,"played":[0.8268,0.1732],"evs":[0.0,-1.17442]},"53o":{"weight":0.0,"played":[0.1094,0.8906],"evs":[0.0,0.38555]},"63o":{"weight":0.0,"played":[0.9994,6.0E-4],"evs":[0.0,-2.1048]},"73o":{"weight":0.0,"played":[0.9995,5.0E-4],"evs":[0.0,-1.87958]},"83o":{"weight":0.0,"played":[0.9896,0.0104],"evs":[0.0,-2.75797]},"93o":{"weight":0.0,"played":[0.8855,0.1145],"evs":[0.0,-1.05633]},"T3o":{"weight":0.0,"played":[0.9488,0.0512],"evs":[0.0,-3.15741]},"J3o":{"weight":0.0,"played":[0.9973,0.0027],"evs":[0.0,-3.84685]},"Q3o":{"weight":0.0,"played":[0.959,0.041],"evs":[0.0,-2.07259]},"K3o":{"weight":0.0,"played":[0.9988,0.0012],"evs":[0.0,-0.44027]},"A3o":{"weight":0.0,"played":[0.9519,0.0481],"evs":[0.0,-1.28824]},"42s":{"weight":0.0,"played":[0.4618,0.5382],"evs":[0.0,0.11513]},"43s":{"weight":0.0,"played":[0.9256,0.0744],"evs":[0.0,-0.6558]},"44":{"weight":0.0,"played":[0.2363,0.7637],"evs":[0.0,0.35126]},"54o":{"weight":0.0,"played":[0.0154,0.9846],"evs":[0.0,0.11052]},"64o":{"weight":0.0,"played":[0.5211,0.4789],"evs":[0.0,-0.79607]},"74o":{"weight":0.0,"played":[0.9847,0.0153],"evs":[0.0,-2.00901]},"84o":{"weight":0.0,"played":[0.8481,0.1519],"evs":[0.0,-1.48995]},"94o":{"weight":0.0,"played":[0.9517,0.0483],"evs":[0.0,-2.03379]},"T4o":{"weight":0.0,"played":[0.9916,0.0084],"evs":[0.0,-2.65237]},"J4o":{"weight":0.0,"played":[0.9557,0.0443],"evs":[0.0,-3.04653]},"Q4o":{"weight":0.0,"played":[0.6955,0.3045],"evs":[0.0,-2.00145]},"K4o":{"weight":0.0,"played":[0.9487,0.0513],"evs":[0.0,-2.72425]},"A4o":{"weight":0.0,"played":[0.3106,0.6894],"evs":[0.0,-0.27359]},"52s":{"weight":0.0,"played":[0.0382,0.9618],"evs":[0.0,1.08412]},"53s":{"weight":0.0,"played":[0.0018,0.9982],"evs":[0.0,2.36222]},"54s":{"weight":0.0,"played":[0.0034,0.9966],"evs":[0.0,6.57034]},"55":{"weight":0.0014,"played":[4.0E-4,0.9996],"evs":[0.0,2.44444]},"65o":{"weight":0.0,"played":[0.6214,0.3786],"evs":[0.0,-1.53702]},"75o":{"weight":0.0,"played":[0.4618,0.5382],"evs":[0.0,-0.73153]},"85o":{"weight":0.0,"played":[0.9699,0.0301],"evs":[0.0,-2.42789]},"95o":{"weight":0.0,"played":[0.9051,0.0949],"evs":[0.0,-0.90529]},"T5o":{"weight":0.0,"played":[0.9711,0.0289],"evs":[0.0,-1.79452]},"J5o":{"weight":0.0,"played":[0.9912,0.0088],"evs":[0.0,-3.72215]},"Q5o":{"weight":0.0,"played":[0.8356,0.1644],"evs":[0.0,-1.49296]},"K5o":{"weight":0.0,"played":[0.9972,0.0028],"evs":[0.0,-2.18007]},"A5o":{"weight":0.0,"played":[0.6449,0.3551],"evs":[0.0,-0.71321]},"62s":{"weight":0.0,"played":[0.8721,0.1279],"evs":[0.0,-1.99921]},"63s":{"weight":0.0,"played":[0.6437,0.3563],"evs":[0.0,0.7861]},"64s":{"weight":0.0,"played":[0.6077,0.3923],"evs":[0.0,0.98759]},"65s":{"weight":0.0,"played":[0.0184,0.9816],"evs":[0.0,3.86316]},"66":{"weight":0.0,"played":[0.0069,0.9931],"evs":[0.0,2.58508]},"76o":{"weight":0.0,"played":[0.4473,0.5527],"evs":[0.0,0.85236]},"86o":{"weight":0.0,"played":[0.5916,0.4084],"evs":[0.0,0.47186]},"96o":{"weight":0.0,"played":[0.9517,0.0483],"evs":[0.0,-0.58912]},"T6o":{"weight":0.0,"played":[0.9411,0.0589],"evs":[0.0,-2.31611]},"J6o":{"weight":0.0,"played":[0.9582,0.0418],"evs":[0.0,-1.54954]},"Q6o":{"weight":0.0,"played":[0.8645,0.1355],"evs":[0.0,-2.42787]},"K6o":{"weight":0.0,"played":[0.9773,0.0227],"evs":[0.0,-2.93624]},"A6o":{"weight":0.0,"played":[0.8955,0.1045],"evs":[0.0,-0.43188]},"72s":{"weight":0.0,"played":[0.7583,0.2417],"evs":[0.0,-0.3558]},"73s":{"weight":0.0,"played":[0.7848,0.2152],"evs":[0.0,0.03498]},"74s":{"weight":0.0,"played":[0.1672,0.8328],"evs":[0.0,0.57112]},"75s":{"weight":0.0,"played":[0.1908,0.8092],"evs":[0.0,2.49314]},"76s":{"weight":0.0,"played":[0.0041,0.9959],"evs":[0.0,2.54355]},"77":{"weight":0.0055,"played":[0.0086,0.9914],"evs":[0.0,4.01029]},"87o":{"weight":0.0,"played":[0.0712,0.9288],"evs":[0.0,0.41923]},"97o":{"weight":0.0,"played":[0.6079,0.3921],"evs":[0.0,-0.12054]},"T7o":{"weight":0.0,"played":[0.7899,0.2101],"evs":[0.0,-1.00677]},"J7o":{"weight":0.0,"played":[0.9683,0.0317],"evs":[0.0,-1.551]},"Q7o":{"weight":0.0,"played":[0.8511,0.1489],"evs":[0.0,-1.441]},"K7o":{"weight":0.0,"played":[0.9942,0.0058],"evs":[0.0,-2.18444]},"A7o":{"weight":0.0,"played":[0.4639,0.5361],"evs":[0.0,-0.0741]},"82s":{"weight":0.0,"played":[0.3838,0.6162],"evs":[0.0,-0.60826]},"83s":{"weight":0.0,"played":[0.4072,0.5928],"evs":[0.0,1.29808]},"84s":{"weight":0.0,"played":[0.2608,0.7392],"evs":[0.0,0.62067]},"85s":{"weight":0.0,"played":[0.1584,0.8416],"evs":[0.0,1.51711]},"86s":{"weight":0.0,"played":[0.013,0.987],"evs":[0.0,1.38168]},"87s":{"weight":0.0,"played":[0.1376,0.8624],"evs":[0.0,3.30433]},"88":{"weight":0.0398,"played":[0.001,0.999],"evs":[0.0,6.20231]},"98o":{"weight":0.0,"played":[0.0395,0.9605],"evs":[0.0,0.53714]},"T8o":{"weight":0.0,"played":[0.7921,0.2079],"evs":[0.0,-0.62474]},"J8o":{"weight":0.0,"played":[0.9472,0.0528],"evs":[0.0,-1.48139]},"Q8o":{"weight":0.0,"played":[0.7759,0.2241],"evs":[0.0,-0.45556]},"K8o":{"weight":0.0,"played":[0.4229,0.5771],"evs":[0.0,-0.85884]},"A8o":{"weight":0.0,"played":[0.2568,0.7432],"evs":[0.0,-0.59161]},"92s":{"weight":0.0,"played":[0.5447,0.4553],"evs":[0.0,0.85728]},"93s":{"weight":0.0,"played":[0.0351,0.9649],"evs":[0.0,1.62018]},"94s":{"weight":0.0,"played":[0.7404,0.2596],"evs":[0.0,-1.16311]},"95s":{"weight":0.0,"played":[0.5586,0.4414],"evs":[0.0,0.25371]},"96s":{"weight":0.0,"played":[0.006,0.994],"evs":[0.0,3.44003]},"97s":{"weight":0.0,"played":[0.2988,0.7012],"evs":[0.0,-0.92576]},"98s":{"weight":0.0,"played":[0.0483,0.9517],"evs":[0.0,-0.33934]},"99":{"weight":0.0056,"played":[0.0015,0.9985],"evs":[0.0,9.17822]},"T9o":{"weight":0.0,"played":[0.4628,0.5372],"evs":[0.0,0.59047]},"J9o":{"weight":0.0,"played":[0.8462,0.1538],"evs":[0.0,-0.18036]},"Q9o":{"weight":0.0,"played":[1.0E-4,0.9999],"evs":[0.0,0.23351]},"K9o":{"weight":0.0,"played":[0.576,0.424],"evs":[0.0,0.07271]},"A9o":{"weight":0.0012,"played":[0.4796,0.5204],"evs":[0.0,-1.19664]},"T2s":{"weight":0.0,"played":[0.9881,0.0119],"evs":[0.0,-1.62303]},"T3s":{"weight":0.0,"played":[0.5722,0.4278],"evs":[0.0,-0.85354]},"T4s":{"weight":0.0,"played":[0.0529,0.9471],"evs":[0.0,2.39294]},"T5s":{"weight":0.0,"played":[0.117,0.883],"evs":[0.0,0.51101]},"T6s":{"weight":0.0,"played":[0.0235,0.9765],"evs":[0.0,1.78645]},"T7s":{"weight":0.0,"played":[8.0E-4,0.9992],"evs":[0.0,0.51094]},"T8s":{"weight":0.0,"played":[0.0646,0.9354],"evs":[0.0,2.92001]},"T9s":{"weight":0.0,"played":[0.0264,0.9736],"evs":[0.0,2.8091]},"TT":{"weight":0.0404,"played":[0.0,1.0],"evs":[0.0,8.46385]},"JTo":{"weight":0.0,"played":[4.0E-4,0.9996],"evs":[0.0,0.35936]},"QTo":{"weight":0.0,"played":[0.2269,0.7731],"evs":[0.0,-0.34735]},"KTo":{"weight":0.0,"played":[7.0E-4,0.9993],"evs":[0.0,1.90509]},"ATo":{"weight":0.0044,"played":[0.0068,0.9932],"evs":[0.0,2.26793]},"J2s":{"weight":0.0,"played":[0.2823,0.7177],"evs":[0.0,-0.68121]},"J3s":{"weight":0.0,"played":[0.9926,0.0074],"evs":[0.0,-0.43825]},"J4s":{"weight":0.0,"played":[0.6947,0.3053],"evs":[0.0,0.45645]},"J5s":{"weight":0.0,"played":[0.8997,0.1003],"evs":[0.0,-1.28213]},"J6s":{"weight":0.0,"played":[0.2447,0.7553],"evs":[0.0,-0.49375]},"J7s":{"weight":0.0,"played":[0.3912,0.6088],"evs":[0.0,2.16328]},"J8s":{"weight":0.0,"played":[0.1996,0.8004],"evs":[0.0,0.63761]},"J9s":{"weight":0.0,"played":[0.084,0.916],"evs":[0.0,4.43655]},"JTs":{"weight":0.0,"played":[0.2359,0.7641],"evs":[0.0,5.12562]},"JJ":{"weight":0.0065,"played":[0.0,1.0],"evs":[0.0,12.69918]},"QJo":{"weight":0.0,"played":[2.0E-4,0.9998],"evs":[0.0,0.77635]},"KJo":{"weight":2.0E-4,"played":[0.0175,0.9825],"evs":[0.0,1.97275]},"AJo":{"weight":0.0015,"played":[1.0E-4,0.9999],"evs":[0.0,3.26119]},"Q2s":{"weight":0.0,"played":[0.4593,0.5407],"evs":[0.0,0.52561]},"Q3s":{"weight":0.0,"played":[0.9741,0.0259],"evs":[0.0,-0.05295]},"Q4s":{"weight":0.0,"played":[0.3621,0.6379],"evs":[0.0,1.08461]},"Q5s":{"weight":0.0,"played":[9.0E-4,0.9991],"evs":[0.0,2.24369]},"Q6s":{"weight":0.0,"played":[0.1884,0.8116],"evs":[0.0,-0.36834]},"Q7s":{"weight":0.0,"played":[0.0018,0.9982],"evs":[0.0,2.06623]},"Q8s":{"weight":0.0,"played":[0.0163,0.9837],"evs":[0.0,4.03232]},"Q9s":{"weight":0.0,"played":[0.3288,0.6712],"evs":[0.0,2.37773]},"QTs":{"weight":0.0,"played":[0.0791,0.9209],"evs":[0.0,1.15302]},"QJs":{"weight":0.0,"played":[0.0067,0.9933],"evs":[0.0,0.68288]},"QQ":{"weight":0.0967,"played":[1.0E-4,0.9999],"evs":[0.0,15.13515]},"KQo":{"weight":0.032,"played":[0.0135,0.9865],"evs":[0.0,1.99553]},"AQo":{"weight":0.0057,"played":[0.0021,0.9979],"evs":[0.0,5.03651]},"K2s":{"weight":0.0,"played":[0.6766,0.3234],"evs":[0.0,-0.21855]},"K3s":{"weight":0.0,"played":[0.0757,0.9243],"evs":[0.0,2.77977]},"K4s":{"weight":0.0,"played":[0.1247,0.8753],"evs":[0.0,1.32143]},"K5s":{"weight":0.0,"played":[0.0201,0.9799],"evs":[0.0,1.55245]},"K6s":{"weight":0.0,"played":[0.9431,0.0569],"evs":[0.0,-0.40567]},"K7s":{"weight":0.0,"played":[0.465,0.535],"evs":[0.0,0.67359]},"K8s":{"weight":0.0,"played":[0.7316,0.2684],"evs":[0.0,-0.97779]},"K9s":{"weight":0.0,"played":[0.0151,0.9849],"evs":[0.0,2.54944]},"KTs":{"weight":0.0,"played":[0.0298,0.9702],"evs":[0.0,3.18642]},"KJs":{"weight":0.0386,"played":[0.0825,0.9175],"evs":[0.0,3.95472]},"KQs":{"weight":0.022,"played":[0.0106,0.9894],"evs":[0.0,6.3433]},"KK":{"weight":0.0107,"played":[1.0E-4,0.9999],"evs":[0.0,24.02026]},"AKo":{"weight":0.0195,"played":[0.0,1.0],"evs":[0.0,6.46386]},"A2s":{"weight":0.0,"played":[9.0E-4,0.9991],"evs":[0.0,3.30593]},"A3s":{"weight":0.0,"played":[0.047,0.953],"evs":[0.0,0.59455]},"A4s":{"weight":0.0193,"played":[0.1775,0.8225],"evs":[0.0,0.3023]},"A5s":{"weight":0.0168,"played":[0.407,0.593],"evs":[0.0,1.10142]},"A6s":{"weight":0.0,"played":[0.0251,0.9749],"evs":[0.0,0.48137]},"A7s":{"weight":0.0082,"played":[0.0035,0.9965],"evs":[0.0,3.19111]},"A8s":{"weight":0.2039,"played":[0.0,1.0],"evs":[0.0,3.09601]},"A9s":{"weight":0.1096,"played":[0.0582,0.9418],"evs":[0.0,2.41295]},"ATs":{"weight":0.0384,"played":[0.0114,0.9886],"evs":[0.0,2.0581]},"AJs":{"weight":1.0E-4,"played":[0.0223,0.9777],"evs":[0.0,6.06742]},"AQs":{"weight":0.0409,"played":[0.0022,0.9978],"evs":[0.0,6.33501]},"AKs":{"weight":0.0469,"played":[6.0E-4,0.9994],"evs":[0.0,13.56493]},"AA":{"weight":0.0902,"played":[1.0E-4,0.9999],"evs":[0.0,25.67085]}}}