{"player":0,"street":0,"children":2,"sequence":[{"player":0,"type":"R","amount":200000,"street":0},{"player":1,"type":"F","amount":0,"street":0},{"player":2,"type":"C","amount":200000,"street":0},{"player":3,"type":"R","amount":1905000,"street":0},{"player":4,"type":"F","amount":0,"street":0},{"player":5,"type":"F","amount":0,"street":0}],"actions":[{"type":"F","amount":0,"node":399},{"type":"C","amount":1705000,"node":400}],"hands":{"22":{"weight":0.0,"played":[0.0959,0.9041],"evs":[0.0,0.20333]},"32o":{"weight":0.0,"played":[1.0,0.0],"evs":[0.0,-4.33504]},"42o":{"weight":0.0,"played":[1.0,0.0],"evs":[0.0,-4.2921]},"52o":{"weight":0.0,"played":[1.0,0.0],"evs":[0.0,-4.00522]},"62o":{"weight":0.0,"played":[1.0,0.0],"evs":[0.0,-4.371]},"72o":{"weight":0.0,"played":[1.0,0.0],"evs":[0.0,-4.68862]},"82o":{"weight":0.0,"played":[1.0,0.0],"evs":[0.0,-4.16315]},"92o":{"weight":0.0,"played":[1.0,0.0],"evs":[0.0,-4.41419]},"T2o":{"weight":0.0,"played":[1.0,0.0],"evs":[0.0,-4.749]},"J2o":{"weight":0.0,"played":[1.0,0.0],"evs":[0.0,-4.43439]},"Q2o":{"weight":0.0,"played":[1.0,0.0],"evs":[0.0,-3.9296]},"K2o":{"weight":0.0,"played":[1.0,0.0],"evs":[0.0,-3.71262]},"A2o":{"weight":0.0,"played":[1.0,0.0],"evs":[0.0,-2.04836]},"32s":{"weight":0.0,"played":[1.0,0.0],"evs":[0.0,-2.55157]},"33":{"weight":1.0,"played":[0.0064,0.9936],"evs":[0.0,0.5724]},"43o":{"weight":0.0,"played":[1.0,0.0],"evs":[0.0,-3.53697]},"53o":{"weight":0.0,"played":[1.0,0.0],"evs":[0.0,-3.15691]},"63o":{"weight":0.0,"played":[1.0,0.0],"evs":[0.0,-3.809]},"73o":{"weight":0.0,"played":[1.0,0.0],"evs":[0.0,-3.94776]},"83o":{"weight":0.0,"played":[1.0,0.0],"evs":[0.0,-4.06453]},"93o":{"weight":0.0,"played":[1.0,0.0],"evs":[0.0,-4.17408]},"T3o":{"weight":0.0,"played":[1.0,0.0],"evs":[0.0,-4.59826]},"J3o":{"weight":0.0,"played":[1.0,0.0],"evs":[0.0,-4.07276]},"Q3o":{"weight":0.0,"played":[1.0,0.0],"evs":[0.0,-3.81176]},"K3o":{"weight":0.0,"played":[1.0,0.0],"evs":[0.0,-3.47331]},"A3o":{"weight":0.0,"played":[1.0,0.0],"evs":[0.0,-2.07388]},"42s":{"weight":0.0,"played":[0.9995,5.0E-4],"evs":[0.0,-2.43301]},"43s":{"weight":0.0,"played":[1.0,0.0],"evs":[0.0,-1.95501]},"44":{"weight":1.0,"played":[0.0,1.0],"evs":[0.0,0.61659]},"54o":{"weight":0.0,"played":[1.0,0.0],"evs":[0.0,-2.72588]},"64o":{"weight":0.0,"played":[1.0,0.0],"evs":[0.0,-3.31773]},"74o":{"weight":0.0,"played":[1.0,0.0],"evs":[0.0,-3.63494]},"84o":{"weight":0.0,"played":[1.0,0.0],"evs":[0.0,-3.72684]},"94o":{"weight":0.0,"played":[1.0,0.0],"evs":[0.0,-4.21187]},"T4o":{"weight":0.0,"played":[1.0,0.0],"evs":[0.0,-4.32816]},"J4o":{"weight":0.0,"played":[1.0,0.0],"evs":[0.0,-4.1738]},"Q4o":{"weight":0.0,"played":[1.0,0.0],"evs":[0.0,-3.80463]},"K4o":{"weight":0.0,"played":[1.0,0.0],"evs":[0.0,-3.45544]},"A4o":{"weight":0.0,"played":[1.0,0.0],"evs":[0.0,-1.98821]},"52s":{"weight":0.0,"played":[0.9992,8.0E-4],"evs":[0.0,-2.37031]},"53s":{"weight":0.0,"played":[1.0,0.0],"evs":[0.0,-1.6465]},"54s":{"weight":0.0,"played":[1.0,0.0],"evs":[0.0,-1.09186]},"55":{"weight":1.0,"played":[2.0E-4,0.9998],"evs":[0.0,1.1115]},"65o":{"weight":0.0,"played":[1.0,0.0],"evs":[0.0,-2.6856]},"75o":{"weight":0.0,"played":[1.0,0.0],"evs":[0.0,-3.12506]},"85o":{"weight":0.0,"played":[1.0,0.0],"evs":[0.0,-3.18382]},"95o":{"weight":0.0,"played":[1.0,0.0],"evs":[0.0,-3.68492]},"T5o":{"weight":0.0,"played":[1.0,0.0],"evs":[0.0,-4.38489]},"J5o":{"weight":0.0,"played":[1.0,0.0],"evs":[0.0,-4.26892]},"Q5o":{"weight":0.0,"played":[1.0,0.0],"evs":[0.0,-3.57696]},"K5o":{"weight":0.0,"played":[1.0,0.0],"evs":[0.0,-3.5344]},"A5o":{"weight":1.0,"played":[1.0,0.0],"evs":[0.0,-1.55601]},"62s":{"weight":0.0,"played":[1.0,0.0],"evs":[0.0,-3.0442]},"63s":{"weight":0.0,"played":[0.9999,1.0E-4],"evs":[0.0,-1.91927]},"64s":{"weight":0.0,"played":[1.0,0.0],"evs":[0.0,-1.60758]},"65s":{"weight":0.0,"played":[0.9984,0.0016],"evs":[0.0,-1.34185]},"66":{"weight":1.0,"played":[0.0,1.0],"evs":[0.0,1.97698]},"76o":{"weight":0.0,"played":[1.0,0.0],"evs":[0.0,-2.41927]},"86o":{"weight":0.0,"played":[1.0,0.0],"evs":[0.0,-2.399]},"96o":{"weight":0.0,"played":[1.0,0.0],"evs":[0.0,-2.95602]},"T6o":{"weight":0.0,"played":[1.0,0.0],"evs":[0.0,-3.68155]},"J6o":{"weight":0.0,"played":[1.0,0.0],"evs":[0.0,-3.97748]},"Q6o":{"weight":0.0,"played":[1.0,0.0],"evs":[0.0,-3.46294]},"K6o":{"weight":0.0,"played":[1.0,0.0],"evs":[0.0,-3.11701]},"A6o":{"weight":0.0,"played":[1.0,0.0],"evs":[0.0,-2.07647]},"72s":{"weight":0.0,"played":[1.0,0.0],"evs":[0.0,-2.90568]},"73s":{"weight":0.0,"played":[1.0,0.0],"evs":[0.0,-2.74413]},"74s":{"weight":0.0,"played":[0.9992,8.0E-4],"evs":[0.0,-1.80728]},"75s":{"weight":0.0,"played":[1.0,0.0],"evs":[0.0,-1.58887]},"76s":{"weight":0.0,"played":[0.9973,0.0027],"evs":[0.0,-0.72735]},"77":{"weight":1.0,"played":[0.0,1.0],"evs":[0.0,3.06703]},"87o":{"weight":0.0,"played":[0.9999,1.0E-4],"evs":[0.0,-1.91775]},"97o":{"weight":0.0,"played":[1.0,0.0],"evs":[0.0,-2.09599]},"T7o":{"weight":0.0,"played":[1.0,0.0],"evs":[0.0,-3.0716]},"J7o":{"weight":0.0,"played":[1.0,0.0],"evs":[0.0,-3.1516]},"Q7o":{"weight":0.0,"played":[1.0,0.0],"evs":[0.0,-3.27424]},"K7o":{"weight":0.0,"played":[1.0,0.0],"evs":[0.0,-3.07812]},"A7o":{"weight":1.0,"played":[0.9999,1.0E-4],"evs":[0.0,-1.44683]},"82s":{"weight":0.0,"played":[1.0,0.0],"evs":[0.0,-2.39354]},"83s":{"weight":0.0,"played":[1.0,0.0],"evs":[0.0,-2.75111]},"84s":{"weight":0.0,"played":[0.9999,1.0E-4],"evs":[0.0,-2.19056]},"85s":{"weight":0.0,"played":[0.9999,1.0E-4],"evs":[0.0,-1.4372]},"86s":{"weight":0.0,"played":[0.9991,9.0E-4],"evs":[0.0,-1.13007]},"87s":{"weight":0.9973,"played":[0.9491,0.0509],"evs":[0.0,-0.43012]},"88":{"weight":0.9995,"played":[0.0,1.0],"evs":[0.0,4.34715]},"98o":{"weight":0.0,"played":[1.0,0.0],"evs":[0.0,-1.89282]},"T8o":{"weight":0.0,"played":[1.0,0.0],"evs":[0.0,-1.99712]},"J8o":{"weight":0.0,"played":[1.0,0.0],"evs":[0.0,-2.37474]},"Q8o":{"weight":0.0,"played":[1.0,0.0],"evs":[0.0,-2.51705]},"K8o":{"weight":0.0,"played":[1.0,0.0],"evs":[0.0,-2.82973]},"A8o":{"weight":1.0,"played":[0.9991,9.0E-4],"evs":[0.0,-0.85165]},"92s":{"weight":0.0,"played":[0.9997,3.0E-4],"evs":[0.0,-2.77006]},"93s":{"weight":0.0,"played":[0.9996,4.0E-4],"evs":[0.0,-2.37078]},"94s":{"weight":0.0,"played":[1.0,0.0],"evs":[0.0,-2.82416]},"95s":{"weight":0.0,"played":[1.0,0.0],"evs":[0.0,-1.94127]},"96s":{"weight":0.0,"played":[0.9998,2.0E-4],"evs":[0.0,-1.45162]},"97s":{"weight":0.012,"played":[0.9858,0.0142],"evs":[0.0,-1.20369]},"98s":{"weight":1.0,"played":[0.8016,0.1984],"evs":[0.0,-0.235]},"99":{"weight":1.0,"played":[0.0,1.0],"evs":[0.0,5.36403]},"T9o":{"weight":0.0,"played":[1.0,0.0],"evs":[0.0,-1.84102]},"J9o":{"weight":0.0,"played":[1.0,0.0],"evs":[0.0,-2.14584]},"Q9o":{"weight":0.0,"played":[1.0,0.0],"evs":[0.0,-2.2596]},"K9o":{"weight":0.0,"played":[1.0,0.0],"evs":[0.0,-2.09914]},"A9o":{"weight":1.0,"played":[0.9997,3.0E-4],"evs":[0.0,-0.25791]},"T2s":{"weight":0.0,"played":[0.9999,1.0E-4],"evs":[0.0,-2.5303]},"T3s":{"weight":0.0,"played":[1.0,0.0],"evs":[0.0,-2.81624]},"T4s":{"weight":0.0,"played":[1.0,0.0],"evs":[0.0,-2.4597]},"T5s":{"weight":0.0,"played":[1.0,0.0],"evs":[0.0,-2.73811]},"T6s":{"weight":0.0,"played":[1.0,0.0],"evs":[0.0,-2.18552]},"T7s":{"weight":0.0,"played":[0.9994,6.0E-4],"evs":[0.0,-1.06935]},"T8s":{"weight":0.9999,"played":[0.9916,0.0084],"evs":[0.0,-0.84831]},"T9s":{"weight":1.0,"played":[0.5263,0.4737],"evs":[0.0,-0.05053]},"TT":{"weight":1.0,"played":[0.0,1.0],"evs":[0.0,7.13471]},"JTo":{"weight":1.0,"played":[1.0,0.0],"evs":[0.0,-1.73211]},"QTo":{"weight":1.0,"played":[1.0,0.0],"evs":[0.0,-1.52804]},"KTo":{"weight":1.0,"played":[1.0,0.0],"evs":[0.0,-1.62798]},"ATo":{"weight":1.0,"played":[0.0,1.0],"evs":[0.0,1.19271]},"J2s":{"weight":0.0,"played":[1.0,0.0],"evs":[0.0,-2.84789]},"J3s":{"weight":0.0,"played":[0.9999,1.0E-4],"evs":[0.0,-2.44495]},"J4s":{"weight":0.0,"played":[1.0,0.0],"evs":[0.0,-2.69129]},"J5s":{"weight":0.0,"played":[0.9994,6.0E-4],"evs":[0.0,-2.89804]},"J6s":{"weight":0.0,"played":[1.0,0.0],"evs":[0.0,-2.80668]},"J7s":{"weight":0.0,"played":[0.999,0.001],"evs":[0.0,-1.70143]},"J8s":{"weight":1.0,"played":[0.9999,1.0E-4],"evs":[0.0,-0.95529]},"J9s":{"weight":1.0,"played":[0.9313,0.0687],"evs":[0.0,-0.59341]},"JTs":{"weight":1.0,"played":[0.9984,0.0016],"evs":[0.0,-0.30483]},"JJ":{"weight":1.0,"played":[0.0,1.0],"evs":[0.0,9.30122]},"QJo":{"weight":1.0,"played":[1.0,0.0],"evs":[0.0,-1.20555]},"KJo":{"weight":1.0,"played":[1.0,0.0],"evs":[0.0,-1.09228]},"AJo":{"weight":1.0,"played":[0.0,1.0],"evs":[0.0,2.80937]},"Q2s":{"weight":0.0,"played":[0.9996,4.0E-4],"evs":[0.0,-2.23289]},"Q3s":{"weight":0.0,"played":[1.0,0.0],"evs":[0.0,-2.28671]},"Q4s":{"weight":0.0,"played":[1.0,0.0],"evs":[0.0,-2.18483]},"Q5s":{"weight":0.0,"played":[0.9999,1.0E-4],"evs":[0.0,-1.92763]},"Q6s":{"weight":0.0,"played":[1.0,0.0],"evs":[0.0,-1.77993]},"Q7s":{"weight":0.0,"played":[0.9994,6.0E-4],"evs":[0.0,-1.61215]},"Q8s":{"weight":1.0,"played":[0.9857,0.0143],"evs":[0.0,-1.05063]},"Q9s":{"weight":1.0,"played":[0.9409,0.0591],"evs":[0.0,-0.48267]},"QTs":{"weight":1.0,"played":[0.7827,0.2173],"evs":[0.0,-0.29716]},"QJs":{"weight":1.0,"played":[0.2274,0.7726],"evs":[0.0,0.03661]},"QQ":{"weight":1.0,"played":[0.0,1.0],"evs":[0.0,11.60503]},"KQo":{"weight":1.0,"played":[0.0633,0.9367],"evs":[0.0,0.09892]},"AQo":{"weight":1.0,"played":[0.0,1.0],"evs":[0.0,5.26446]},"K2s":{"weight":0.0,"played":[1.0,0.0],"evs":[0.0,-1.71246]},"K3s":{"weight":0.0,"played":[1.0,0.0],"evs":[0.0,-1.86953]},"K4s":{"weight":0.0,"played":[0.9999,1.0E-4],"evs":[0.0,-1.38799]},"K5s":{"weight":0.0113,"played":[0.9998,2.0E-4],"evs":[0.0,-1.70627]},"K6s":{"weight":0.9998,"played":[1.0,0.0],"evs":[0.0,-1.33832]},"K7s":{"weight":1.0,"played":[1.0,0.0],"evs":[0.0,-1.1017]},"K8s":{"weight":1.0,"played":[0.9999,1.0E-4],"evs":[0.0,-1.03191]},"K9s":{"weight":1.0,"played":[0.9993,7.0E-4],"evs":[0.0,-0.61268]},"KTs":{"weight":0.9992,"played":[0.8985,0.1015],"evs":[0.0,-0.03766]},"KJs":{"weight":1.0,"played":[0.0063,0.9937],"evs":[0.0,0.35297]},"KQs":{"weight":1.0,"played":[0.0,1.0],"evs":[0.0,1.37285]},"KK":{"weight":1.0,"played":[0.0,1.0],"evs":[0.0,14.31155]},"AKo":{"weight":0.9994,"played":[0.0,1.0],"evs":[0.0,7.33889]},"A2s":{"weight":1.0,"played":[0.9996,4.0E-4],"evs":[0.0,-0.5127]},"A3s":{"weight":1.0,"played":[0.9986,0.0014],"evs":[0.0,-0.29609]},"A4s":{"weight":1.0,"played":[0.9953,0.0047],"evs":[0.0,-0.232]},"A5s":{"weight":1.0,"played":[0.6059,0.3941],"evs":[0.0,-0.08613]},"A6s":{"weight":1.0,"played":[0.9995,5.0E-4],"evs":[0.0,-0.20669]},"A7s":{"weight":1.0,"played":[0.0277,0.9723],"evs":[0.0,0.4883]},"A8s":{"weight":1.0,"played":[2.0E-4,0.9998],"evs":[0.0,0.61772]},"A9s":{"weight":1.0,"played":[1.0E-4,0.9999],"evs":[0.0,1.17914]},"ATs":{"weight":1.0,"played":[0.0,1.0],"evs":[0.0,2.23006]},"AJs":{"weight":1.0,"played":[0.0,1.0],"evs":[0.0,4.42209]},"AQs":{"weight":1.0,"played":[0.0,1.0],"evs":[0.0,6.68262]},"AKs":{"weight":1.0,"played":[0.0,1.0],"evs":[0.0,8.61131]},"AA":{"weight":1.0,"played":[0.0,1.0],"evs":[0.0,20.52665]}}}