{"player":1,"street":0,"children":2,"sequence":[{"player":0,"type":"F","amount":0,"street":0},{"player":1,"type":"R","amount":200000,"street":0},{"player":2,"type":"F","amount":0,"street":0},{"player":3,"type":"F","amount":0,"street":0},{"player":4,"type":"F","amount":0,"street":0},{"player":5,"type":"R","amount":735000,"street":0}],"actions":[{"type":"F","amount":0},{"type":"C","amount":535000}],"hands":{"22":{"weight":0.0,"played":[0.0,1.0],"evs":[0.0,1.63475]},"32o":{"weight":0.0,"played":[1.0,0.0],"evs":[0.0,-0.45123]},"42o":{"weight":0.0,"played":[1.0,0.0],"evs":[0.0,-0.33252]},"52o":{"weight":0.0,"played":[1.0,0.0],"evs":[0.0,-0.22007]},"62o":{"weight":0.0,"played":[1.0,0.0],"evs":[0.0,-0.41051]},"72o":{"weight":0.0,"played":[1.0,0.0],"evs":[0.0,-0.55244]},"82o":{"weight":0.0,"played":[1.0,0.0],"evs":[0.0,-0.38268]},"92o":{"weight":0.0,"played":[1.0,0.0],"evs":[0.0,-0.28737]},"T2o":{"weight":0.0,"played":[0.9999,1.0E-4],"evs":[0.0,-0.14112]},"J2o":{"weight":0.0,"played":[0.9985,0.0015],"evs":[0.0,-0.105]},"Q2o":{"weight":0.0,"played":[3.0E-4,0.9997],"evs":[0.0,0.00468]},"K2o":{"weight":0.0,"played":[0.0,1.0],"evs":[0.0,0.07115]},"A2o":{"weight":1.0E-4,"played":[0.0,1.0],"evs":[0.0,0.7417]},"32s":{"weight":0.0,"played":[8.0E-4,0.9992],"evs":[0.0,0.14044]},"33":{"weight":0.0,"played":[0.0,1.0],"evs":[0.0,1.8083]},"43o":{"weight":0.0,"played":[0.9999,1.0E-4],"evs":[0.0,-0.13547]},"53o":{"weight":0.0,"played":[0.9603,0.0397],"evs":[0.0,-0.02445]},"63o":{"weight":0.0,"played":[1.0,0.0],"evs":[0.0,-0.20526]},"73o":{"weight":0.0,"played":[1.0,0.0],"evs":[0.0,-0.3511]},"83o":{"weight":0.0,"played":[1.0,0.0],"evs":[0.0,-0.37627]},"93o":{"weight":0.0,"played":[1.0,0.0],"evs":[0.0,-0.25554]},"T3o":{"weight":0.0,"played":[0.9996,4.0E-4],"evs":[0.0,-0.10045]},"J3o":{"weight":0.0,"played":[0.9787,0.0213],"evs":[0.0,-0.05942]},"Q3o":{"weight":0.0,"played":[0.0,1.0],"evs":[0.0,0.07962]},"K3o":{"weight":0.0,"played":[0.0,1.0],"evs":[0.0,0.133]},"A3o":{"weight":0.9966,"played":[0.0,1.0],"evs":[0.0,0.80574]},"42s":{"weight":0.0,"played":[0.0,1.0],"evs":[0.0,0.25041]},"43s":{"weight":0.0,"played":[0.0,1.0],"evs":[0.0,0.42686]},"44":{"weight":0.412,"played":[0.0,1.0],"evs":[0.0,2.09646]},"54o":{"weight":0.0,"played":[0.0,1.0],"evs":[0.0,0.25132]},"64o":{"weight":0.0,"played":[0.0,1.0],"evs":[0.0,0.07895]},"74o":{"weight":0.0,"played":[0.9998,2.0E-4],"evs":[0.0,-0.08665]},"84o":{"weight":0.0,"played":[0.9986,0.0014],"evs":[0.0,-0.11661]},"94o":{"weight":0.0,"played":[1.0,0.0],"evs":[0.0,-0.17543]},"T4o":{"weight":0.0,"played":[0.0,1.0],"evs":[0.0,0.01433]},"J4o":{"weight":0.0,"played":[1.0E-4,0.9999],"evs":[0.0,0.04979]},"Q4o":{"weight":0.0,"played":[0.0,1.0],"evs":[0.0,0.16758]},"K4o":{"weight":0.0,"played":[0.0,1.0],"evs":[0.0,0.22981]},"A4o":{"weight":1.0,"played":[0.0,1.0],"evs":[0.0,0.91365]},"52s":{"weight":0.0,"played":[0.0,1.0],"evs":[0.0,0.35305]},"53s":{"weight":0.0,"played":[0.0,1.0],"evs":[0.0,0.5439]},"54s":{"weight":0.0,"played":[0.0,1.0],"evs":[0.0,0.79254]},"55":{"weight":0.2646,"played":[0.0,1.0],"evs":[0.0,2.44991]},"65o":{"weight":0.0,"played":[0.0,1.0],"evs":[0.0,0.3404]},"75o":{"weight":0.0,"played":[0.0,1.0],"evs":[0.0,0.19866]},"85o":{"weight":0.0,"played":[0.0,1.0],"evs":[0.0,0.15322]},"95o":{"weight":0.0,"played":[0.0,1.0],"evs":[0.0,0.10715]},"T5o":{"weight":0.0,"played":[0.0,1.0],"evs":[0.0,0.08303]},"J5o":{"weight":0.0,"played":[0.0,1.0],"evs":[0.0,0.16116]},"Q5o":{"weight":0.0,"played":[0.0,1.0],"evs":[0.0,0.29124]},"K5o":{"weight":0.0,"played":[0.0,1.0],"evs":[0.0,0.34974]},"A5o":{"weight":1.0,"played":[0.0,1.0],"evs":[0.0,1.01776]},"62s":{"weight":0.0,"played":[4.0E-4,0.9996],"evs":[0.0,0.19401]},"63s":{"weight":0.0,"played":[0.0,1.0],"evs":[0.0,0.36974]},"64s":{"weight":0.0,"played":[0.0,1.0],"evs":[0.0,0.6209]},"65s":{"weight":0.0,"played":[0.0,1.0],"evs":[0.0,0.88091]},"66":{"weight":0.5833,"played":[0.0,1.0],"evs":[0.0,2.71749]},"76o":{"weight":0.0,"played":[0.0,1.0],"evs":[0.0,0.39023]},"86o":{"weight":0.0,"played":[0.0,1.0],"evs":[0.0,0.35259]},"96o":{"weight":0.0,"played":[0.0,1.0],"evs":[0.0,0.2858]},"T6o":{"weight":0.0,"played":[0.0,1.0],"evs":[0.0,0.27397]},"J6o":{"weight":0.0,"played":[0.0,1.0],"evs":[0.0,0.13785]},"Q6o":{"weight":0.0,"played":[0.0,1.0],"evs":[0.0,0.31936]},"K6o":{"weight":0.0,"played":[0.0,1.0],"evs":[0.0,0.38555]},"A6o":{"weight":1.0,"played":[0.0,1.0],"evs":[0.0,0.9091]},"72s":{"weight":0.0,"played":[0.0,1.0],"evs":[0.0,0.0547]},"73s":{"weight":0.0,"played":[0.0,1.0],"evs":[0.0,0.23814]},"74s":{"weight":0.0,"played":[0.0,1.0],"evs":[0.0,0.48718]},"75s":{"weight":0.0,"played":[0.0,1.0],"evs":[0.0,0.75007]},"76s":{"weight":0.4161,"played":[0.0,1.0],"evs":[0.0,0.92101]},"77":{"weight":0.9983,"played":[0.0,1.0],"evs":[0.0,3.05189]},"87o":{"weight":0.0,"played":[0.0,1.0],"evs":[0.0,0.50497]},"97o":{"weight":0.0,"played":[0.0,1.0],"evs":[0.0,0.45908]},"T7o":{"weight":0.0,"played":[0.0,1.0],"evs":[0.0,0.42829]},"J7o":{"weight":0.0,"played":[0.0,1.0],"evs":[0.0,0.31142]},"Q7o":{"weight":0.0,"played":[0.0,1.0],"evs":[0.0,0.26539]},"K7o":{"weight":0.0,"played":[0.0,1.0],"evs":[0.0,0.36526]},"A7o":{"weight":1.0,"played":[0.0,1.0],"evs":[0.0,1.12114]},"82s":{"weight":0.0,"played":[0.0,1.0],"evs":[0.0,0.19044]},"83s":{"weight":0.0,"played":[0.0,1.0],"evs":[0.0,0.17322]},"84s":{"weight":0.0,"played":[0.0,1.0],"evs":[0.0,0.44865]},"85s":{"weight":0.0,"played":[0.0,1.0],"evs":[0.0,0.72731]},"86s":{"weight":0.0,"played":[0.0,1.0],"evs":[0.0,0.89077]},"87s":{"weight":1.0,"played":[0.0,1.0],"evs":[0.0,1.05968]},"88":{"weight":1.0,"played":[0.0,1.0],"evs":[0.0,3.54183]},"98o":{"weight":0.0,"played":[0.0,1.0],"evs":[0.0,0.71901]},"T8o":{"weight":0.0,"played":[0.0,1.0],"evs":[0.0,0.72172]},"J8o":{"weight":0.0,"played":[0.0,1.0],"evs":[0.0,0.60056]},"Q8o":{"weight":0.0,"played":[0.0,1.0],"evs":[0.0,0.54761]},"K8o":{"weight":0.0,"played":[0.0,1.0],"evs":[0.0,0.45548]},"A8o":{"weight":0.9993,"played":[0.0,1.0],"evs":[0.0,1.54928]},"92s":{"weight":0.0,"played":[0.0,1.0],"evs":[0.0,0.31613]},"93s":{"weight":0.0,"played":[0.0,1.0],"evs":[0.0,0.32403]},"94s":{"weight":0.0,"played":[0.0,1.0],"evs":[0.0,0.41559]},"95s":{"weight":0.0,"played":[0.0,1.0],"evs":[0.0,0.67525]},"96s":{"weight":0.0,"played":[0.0,1.0],"evs":[0.0,0.82686]},"97s":{"weight":1.0,"played":[0.0,1.0],"evs":[0.0,0.99236]},"98s":{"weight":1.0,"played":[0.0,1.0],"evs":[0.0,1.2277]},"99":{"weight":1.0,"played":[0.0,1.0],"evs":[0.0,4.02862]},"T9o":{"weight":0.1224,"played":[0.0,1.0],"evs":[0.0,0.98398]},"J9o":{"weight":0.0,"played":[0.0,1.0],"evs":[0.0,0.83935]},"Q9o":{"weight":0.0,"played":[0.0,1.0],"evs":[0.0,0.80253]},"K9o":{"weight":0.5394,"played":[0.0,1.0],"evs":[0.0,0.69321]},"A9o":{"weight":0.6022,"played":[0.0,1.0],"evs":[0.0,2.0317]},"T2s":{"weight":0.0,"played":[0.0,1.0],"evs":[0.0,0.44631]},"T3s":{"weight":0.0,"played":[0.0,1.0],"evs":[0.0,0.47541]},"T4s":{"weight":0.0,"played":[0.0,1.0],"evs":[0.0,0.58663]},"T5s":{"weight":0.0,"played":[0.0,1.0],"evs":[0.0,0.66112]},"T6s":{"weight":0.0,"played":[0.0,1.0],"evs":[0.0,0.83397]},"T7s":{"weight":0.9986,"played":[0.0,1.0],"evs":[0.0,0.97528]},"T8s":{"weight":0.9992,"played":[0.0,1.0],"evs":[0.0,1.23779]},"T9s":{"weight":0.985,"played":[0.0,1.0],"evs":[0.0,1.47629]},"TT":{"weight":1.0,"played":[0.0,1.0],"evs":[0.0,4.62598]},"JTo":{"weight":1.0,"played":[0.0,1.0],"evs":[0.0,1.23599]},"QTo":{"weight":1.0,"played":[0.0,1.0],"evs":[0.0,1.19979]},"KTo":{"weight":0.9998,"played":[0.0,1.0],"evs":[0.0,1.07514]},"ATo":{"weight":0.4938,"played":[0.0,1.0],"evs":[0.0,2.79352]},"J2s":{"weight":0.0,"played":[0.0,1.0],"evs":[0.0,0.46921]},"J3s":{"weight":0.0,"played":[0.0,1.0],"evs":[0.0,0.51389]},"J4s":{"weight":0.0,"played":[0.0,1.0],"evs":[0.0,0.59597]},"J5s":{"weight":0.0,"played":[0.0,1.0],"evs":[0.0,0.72675]},"J6s":{"weight":0.0,"played":[0.0,1.0],"evs":[0.0,0.69418]},"J7s":{"weight":0.2271,"played":[0.0,1.0],"evs":[0.0,0.86248]},"J8s":{"weight":1.0,"played":[0.0,1.0],"evs":[0.0,1.12005]},"J9s":{"weight":0.9377,"played":[0.0,1.0],"evs":[0.0,1.3588]},"JTs":{"weight":0.3888,"played":[0.0,1.0],"evs":[0.0,1.71916]},"JJ":{"weight":1.0,"played":[0.0,1.0],"evs":[0.0,5.17626]},"QJo":{"weight":1.0,"played":[0.0,1.0],"evs":[0.0,1.19191]},"KJo":{"weight":0.9066,"played":[0.0,1.0],"evs":[0.0,1.30631]},"AJo":{"weight":0.0459,"played":[0.0,1.0],"evs":[0.0,3.47805]},"Q2s":{"weight":0.0,"played":[0.0,1.0],"evs":[0.0,0.61592]},"Q3s":{"weight":0.0,"played":[0.0,1.0],"evs":[0.0,0.64619]},"Q4s":{"weight":0.0,"played":[0.0,1.0],"evs":[0.0,0.72624]},"Q5s":{"weight":0.0,"played":[0.0,1.0],"evs":[0.0,0.85211]},"Q6s":{"weight":7.0E-4,"played":[0.0,1.0],"evs":[0.0,0.86867]},"Q7s":{"weight":0.8892,"played":[0.0,1.0],"evs":[0.0,0.81815]},"Q8s":{"weight":1.0,"played":[0.0,1.0],"evs":[0.0,1.09632]},"Q9s":{"weight":1.0,"played":[0.0,1.0],"evs":[0.0,1.33465]},"QTs":{"weight":0.6879,"played":[0.0,1.0],"evs":[0.0,1.70402]},"QJs":{"weight":0.3726,"played":[0.0,1.0],"evs":[0.0,1.69256]},"QQ":{"weight":1.0,"played":[0.0,1.0],"evs":[0.0,5.80489]},"KQo":{"weight":0.6902,"played":[0.0,1.0],"evs":[0.0,1.8189]},"AQo":{"weight":0.9397,"played":[0.0,1.0],"evs":[0.0,4.13064]},"K2s":{"weight":0.0,"played":[0.0,1.0],"evs":[0.0,0.63346]},"K3s":{"weight":0.0,"played":[0.0,1.0],"evs":[0.0,0.71598]},"K4s":{"weight":0.0,"played":[0.0,1.0],"evs":[0.0,0.79171]},"K5s":{"weight":1.0,"played":[0.0,1.0],"evs":[0.0,0.92004]},"K6s":{"weight":1.0,"played":[0.0,1.0],"evs":[0.0,0.93452]},"K7s":{"weight":0.9951,"played":[0.0,1.0],"evs":[0.0,0.93267]},"K8s":{"weight":0.1085,"played":[0.0,1.0],"evs":[0.0,0.97669]},"K9s":{"weight":4.0E-4,"played":[0.0,1.0],"evs":[0.0,1.23418]},"KTs":{"weight":0.0,"played":[0.0,1.0],"evs":[0.0,1.59479]},"KJs":{"weight":0.9991,"played":[0.0,1.0],"evs":[0.0,1.78571]},"KQs":{"weight":1.0,"played":[0.0,1.0],"evs":[0.0,2.27251]},"KK":{"weight":1.0,"played":[0.0,1.0],"evs":[0.0,6.50902]},"AKo":{"weight":1.0,"played":[0.0,1.0],"evs":[0.0,4.85928]},"A2s":{"weight":0.9968,"played":[0.0,1.0],"evs":[0.0,1.27257]},"A3s":{"weight":0.9939,"played":[0.0,1.0],"evs":[0.0,1.33951]},"A4s":{"weight":0.1121,"played":[0.0,1.0],"evs":[0.0,1.43632]},"A5s":{"weight":0.0,"played":[0.0,1.0],"evs":[0.0,1.55815]},"A6s":{"weight":6.0E-4,"played":[0.0,1.0],"evs":[0.0,1.45088]},"A7s":{"weight":0.0031,"played":[0.0,1.0],"evs":[0.0,1.64652]},"A8s":{"weight":1.0,"played":[0.0,1.0],"evs":[0.0,2.03039]},"A9s":{"weight":1.0,"played":[0.0,1.0],"evs":[0.0,2.47792]},"ATs":{"weight":1.0,"played":[0.0,1.0],"evs":[0.0,3.18758]},"AJs":{"weight":1.0,"played":[0.0,1.0],"evs":[0.0,3.82472]},"AQs":{"weight":1.0,"played":[0.0,1.0],"evs":[0.0,4.43071]},"AKs":{"weight":1.0,"played":[0.0,1.0],"evs":[0.0,5.14047]},"AA":{"weight":1.0,"played":[0.0,1.0],"evs":[0.0,8.62413]}}}