{"player":0,"street":0,"children":2,"sequence":[{"player":0,"type":"R","amount":200000,"street":0},{"player":1,"type":"F","amount":0,"street":0},{"player":2,"type":"C","amount":200000,"street":0},{"player":3,"type":"R","amount":1905000,"street":0},{"player":4,"type":"R","amount":2035000,"street":0},{"player":5,"type":"F","amount":0,"street":0}],"actions":[{"type":"F","amount":0,"node":406},{"type":"C","amount":1835000,"node":407}],"hands":{"22":{"weight":0.0,"played":[0.9534,0.0466],"evs":[0.0,-0.51452]},"32o":{"weight":0.0,"played":[0.9999,1.0E-4],"evs":[0.0,-5.01855]},"42o":{"weight":0.0,"played":[0.9999,1.0E-4],"evs":[0.0,-4.25033]},"52o":{"weight":0.0,"played":[0.9996,4.0E-4],"evs":[0.0,-3.89279]},"62o":{"weight":0.0,"played":[1.0,0.0],"evs":[0.0,-4.92648]},"72o":{"weight":0.0,"played":[0.9999,1.0E-4],"evs":[0.0,-6.06976]},"82o":{"weight":0.0,"played":[0.9998,2.0E-4],"evs":[0.0,-5.00857]},"92o":{"weight":0.0,"played":[1.0,0.0],"evs":[0.0,-4.97436]},"T2o":{"weight":0.0,"played":[0.9999,1.0E-4],"evs":[0.0,-4.87088]},"J2o":{"weight":0.0,"played":[1.0,0.0],"evs":[0.0,-4.89941]},"Q2o":{"weight":0.0,"played":[0.9999,1.0E-4],"evs":[0.0,-4.94514]},"K2o":{"weight":0.0,"played":[0.9994,6.0E-4],"evs":[0.0,-4.26745]},"A2o":{"weight":0.0,"played":[0.9998,2.0E-4],"evs":[0.0,-5.2389]},"32s":{"weight":0.0,"played":[0.9943,0.0057],"evs":[0.0,-3.14546]},"33":{"weight":1.0,"played":[0.3358,0.6642],"evs":[0.0,0.27261]},"43o":{"weight":0.0,"played":[0.9999,1.0E-4],"evs":[0.0,-3.74423]},"53o":{"weight":0.0,"played":[0.9998,2.0E-4],"evs":[0.0,-3.22903]},"63o":{"weight":0.0,"played":[0.9997,3.0E-4],"evs":[0.0,-3.39083]},"73o":{"weight":0.0,"played":[0.9996,4.0E-4],"evs":[0.0,-4.06121]},"83o":{"weight":0.0,"played":[0.9999,1.0E-4],"evs":[0.0,-5.08823]},"93o":{"weight":0.0,"played":[0.9988,0.0012],"evs":[0.0,-4.94861]},"T3o":{"weight":0.0,"played":[1.0,0.0],"evs":[0.0,-5.71271]},"J3o":{"weight":0.0,"played":[1.0,0.0],"evs":[0.0,-5.58492]},"Q3o":{"weight":0.0,"played":[0.9995,5.0E-4],"evs":[0.0,-4.31741]},"K3o":{"weight":0.0,"played":[0.9998,2.0E-4],"evs":[0.0,-4.48799]},"A3o":{"weight":0.0,"played":[1.0,0.0],"evs":[0.0,-5.53048]},"42s":{"weight":0.0,"played":[0.9491,0.0509],"evs":[0.0,-1.9244]},"43s":{"weight":0.0,"played":[0.9878,0.0122],"evs":[0.0,-1.43037]},"44":{"weight":1.0,"played":[0.9506,0.0494],"evs":[0.0,-1.18437]},"54o":{"weight":0.0,"played":[0.9995,5.0E-4],"evs":[0.0,-2.6479]},"64o":{"weight":0.0,"played":[1.0,0.0],"evs":[0.0,-2.38266]},"74o":{"weight":0.0,"played":[0.9998,2.0E-4],"evs":[0.0,-3.6665]},"84o":{"weight":0.0,"played":[1.0,0.0],"evs":[0.0,-3.83464]},"94o":{"weight":0.0,"played":[0.9992,8.0E-4],"evs":[0.0,-4.79654]},"T4o":{"weight":0.0,"played":[0.9996,4.0E-4],"evs":[0.0,-4.866]},"J4o":{"weight":0.0,"played":[0.9999,1.0E-4],"evs":[0.0,-4.80943]},"Q4o":{"weight":0.0,"played":[1.0,0.0],"evs":[0.0,-4.62886]},"K4o":{"weight":0.0,"played":[0.9988,0.0012],"evs":[0.0,-3.74703]},"A4o":{"weight":0.0,"played":[0.9991,9.0E-4],"evs":[0.0,-4.44672]},"52s":{"weight":0.0,"played":[0.9886,0.0114],"evs":[0.0,-0.91075]},"53s":{"weight":0.0,"played":[0.921,0.079],"evs":[0.0,-1.0656]},"54s":{"weight":0.0,"played":[0.7449,0.2551],"evs":[0.0,-0.24068]},"55":{"weight":1.0,"played":[0.0011,0.9989],"evs":[0.0,0.11798]},"65o":{"weight":0.0,"played":[0.9999,1.0E-4],"evs":[0.0,-1.68799]},"75o":{"weight":0.0,"played":[0.9968,0.0032],"evs":[0.0,-3.2451]},"85o":{"weight":0.0,"played":[0.9998,2.0E-4],"evs":[0.0,-3.14741]},"95o":{"weight":0.0,"played":[1.0,0.0],"evs":[0.0,-4.1114]},"T5o":{"weight":0.0,"played":[1.0,0.0],"evs":[0.0,-5.30701]},"J5o":{"weight":0.0,"played":[0.9993,7.0E-4],"evs":[0.0,-4.92565]},"Q5o":{"weight":0.0,"played":[0.9998,2.0E-4],"evs":[0.0,-3.53276]},"K5o":{"weight":0.0,"played":[0.9996,4.0E-4],"evs":[0.0,-3.92632]},"A5o":{"weight":1.0,"played":[0.993,0.007],"evs":[0.0,-3.42856]},"62s":{"weight":0.0,"played":[0.995,0.005],"evs":[0.0,-2.12922]},"63s":{"weight":0.0,"played":[0.9975,0.0025],"evs":[0.0,-1.89229]},"64s":{"weight":0.0,"played":[0.9633,0.0367],"evs":[0.0,-1.77548]},"65s":{"weight":0.0,"played":[0.5741,0.4259],"evs":[0.0,-0.1956]},"66":{"weight":1.0,"played":[0.0203,0.9797],"evs":[0.0,0.28725]},"76o":{"weight":0.0,"played":[0.9977,0.0023],"evs":[0.0,-1.74408]},"86o":{"weight":0.0,"played":[0.9998,2.0E-4],"evs":[0.0,-3.27944]},"96o":{"weight":0.0,"played":[0.9997,3.0E-4],"evs":[0.0,-2.83129]},"T6o":{"weight":0.0,"played":[0.9999,1.0E-4],"evs":[0.0,-4.62009]},"J6o":{"weight":0.0,"played":[0.9998,2.0E-4],"evs":[0.0,-4.98295]},"Q6o":{"weight":0.0,"played":[1.0,0.0],"evs":[0.0,-4.41506]},"K6o":{"weight":0.0,"played":[0.9892,0.0108],"evs":[0.0,-3.96845]},"A6o":{"weight":0.0,"played":[0.9992,8.0E-4],"evs":[0.0,-4.71054]},"72s":{"weight":0.0,"played":[0.9736,0.0264],"evs":[0.0,-4.44142]},"73s":{"weight":0.0,"played":[0.9952,0.0048],"evs":[0.0,-1.96855]},"74s":{"weight":0.0,"played":[0.9903,0.0097],"evs":[0.0,-1.33445]},"75s":{"weight":0.0,"played":[0.2738,0.7262],"evs":[0.0,2.02175]},"76s":{"weight":0.0,"played":[0.6452,0.3548],"evs":[0.0,0.11104]},"77":{"weight":1.0,"played":[0.0487,0.9513],"evs":[0.0,1.19405]},"87o":{"weight":0.0,"played":[1.0,0.0],"evs":[0.0,-2.0066]},"97o":{"weight":0.0,"played":[0.9972,0.0028],"evs":[0.0,-1.82285]},"T7o":{"weight":0.0,"played":[0.9997,3.0E-4],"evs":[0.0,-2.85985]},"J7o":{"weight":0.0,"played":[0.9999,1.0E-4],"evs":[0.0,-3.83591]},"Q7o":{"weight":0.0,"played":[0.998,0.002],"evs":[0.0,-3.48353]},"K7o":{"weight":0.0,"played":[1.0,0.0],"evs":[0.0,-3.0239]},"A7o":{"weight":1.0,"played":[1.0,0.0],"evs":[0.0,-4.41332]},"82s":{"weight":0.0,"played":[0.9948,0.0052],"evs":[0.0,-3.66116]},"83s":{"weight":0.0,"played":[1.0,0.0],"evs":[0.0,-2.41987]},"84s":{"weight":0.0,"played":[0.9892,0.0108],"evs":[0.0,-1.47016]},"85s":{"weight":0.0,"played":[0.9858,0.0142],"evs":[0.0,-1.15499]},"86s":{"weight":0.0,"played":[0.9902,0.0098],"evs":[0.0,-1.37517]},"87s":{"weight":0.9973,"played":[0.1058,0.8942],"evs":[0.0,0.56982]},"88":{"weight":0.9995,"played":[0.0,1.0],"evs":[0.0,3.81551]},"98o":{"weight":0.0,"played":[0.9987,0.0013],"evs":[0.0,-1.75424]},"T8o":{"weight":0.0,"played":[0.9973,0.0027],"evs":[0.0,-1.75414]},"J8o":{"weight":0.0,"played":[0.9961,0.0039],"evs":[0.0,-2.30438]},"Q8o":{"weight":0.0,"played":[0.9798,0.0202],"evs":[0.0,-3.26739]},"K8o":{"weight":0.0,"played":[0.9999,1.0E-4],"evs":[0.0,-3.03675]},"A8o":{"weight":1.0,"played":[0.9997,3.0E-4],"evs":[0.0,-3.37505]},"92s":{"weight":0.0,"played":[0.9995,5.0E-4],"evs":[0.0,-3.84414]},"93s":{"weight":0.0,"played":[0.9954,0.0046],"evs":[0.0,-2.015]},"94s":{"weight":0.0,"played":[0.9708,0.0292],"evs":[0.0,-3.43963]},"95s":{"weight":0.0,"played":[0.8957,0.1043],"evs":[0.0,-1.76476]},"96s":{"weight":0.0,"played":[0.7959,0.2041],"evs":[0.0,-0.30362]},"97s":{"weight":0.012,"played":[0.7756,0.2244],"evs":[0.0,-0.70177]},"98s":{"weight":1.0,"played":[0.1571,0.8429],"evs":[0.0,0.81004]},"99":{"weight":1.0,"played":[0.0,1.0],"evs":[0.0,6.09057]},"T9o":{"weight":0.0,"played":[0.9942,0.0058],"evs":[0.0,-2.10199]},"J9o":{"weight":0.0,"played":[0.9978,0.0022],"evs":[0.0,-2.23122]},"Q9o":{"weight":0.0,"played":[0.9929,0.0071],"evs":[0.0,-3.03108]},"K9o":{"weight":0.0,"played":[0.994,0.006],"evs":[0.0,-2.41727]},"A9o":{"weight":1.0,"played":[0.994,0.006],"evs":[0.0,-4.19002]},"T2s":{"weight":0.0,"played":[0.9995,5.0E-4],"evs":[0.0,-2.956]},"T3s":{"weight":0.0,"played":[0.9714,0.0286],"evs":[0.0,-2.45545]},"T4s":{"weight":0.0,"played":[0.9983,0.0017],"evs":[0.0,-1.48316]},"T5s":{"weight":0.0,"played":[0.9967,0.0033],"evs":[0.0,-1.05558]},"T6s":{"weight":0.0,"played":[0.9986,0.0014],"evs":[0.0,-2.53841]},"T7s":{"weight":0.0,"played":[0.073,0.927],"evs":[0.0,0.32572]},"T8s":{"weight":0.9999,"played":[0.4837,0.5163],"evs":[0.0,-0.36178]},"T9s":{"weight":1.0,"played":[0.0012,0.9988],"evs":[0.0,1.3731]},"TT":{"weight":1.0,"played":[0.0,1.0],"evs":[0.0,6.93031]},"JTo":{"weight":1.0,"played":[0.995,0.005],"evs":[0.0,-1.1602]},"QTo":{"weight":1.0,"played":[0.9946,0.0054],"evs":[0.0,-1.59477]},"KTo":{"weight":1.0,"played":[0.9944,0.0056],"evs":[0.0,-1.51068]},"ATo":{"weight":1.0,"played":[0.9976,0.0024],"evs":[0.0,-2.51688]},"J2s":{"weight":0.0,"played":[0.9532,0.0468],"evs":[0.0,-2.91055]},"J3s":{"weight":0.0,"played":[0.9999,1.0E-4],"evs":[0.0,-2.93569]},"J4s":{"weight":0.0,"played":[0.9953,0.0047],"evs":[0.0,-3.06876]},"J5s":{"weight":0.0,"played":[0.992,0.008],"evs":[0.0,-2.5757]},"J6s":{"weight":0.0,"played":[0.9527,0.0473],"evs":[0.0,-3.57086]},"J7s":{"weight":0.0,"played":[0.9844,0.0156],"evs":[0.0,-1.8079]},"J8s":{"weight":1.0,"played":[0.7417,0.2583],"evs":[0.0,-0.5073]},"J9s":{"weight":1.0,"played":[0.27,0.73],"evs":[0.0,0.26481]},"JTs":{"weight":1.0,"played":[0.1482,0.8518],"evs":[0.0,0.46148]},"JJ":{"weight":1.0,"played":[0.0,1.0],"evs":[0.0,9.26961]},"QJo":{"weight":1.0,"played":[0.9851,0.0149],"evs":[0.0,-1.22441]},"KJo":{"weight":1.0,"played":[0.9912,0.0088],"evs":[0.0,-1.63665]},"AJo":{"weight":1.0,"played":[0.9778,0.0222],"evs":[0.0,-1.59997]},"Q2s":{"weight":0.0,"played":[0.9455,0.0545],"evs":[0.0,-1.63171]},"Q3s":{"weight":0.0,"played":[0.9933,0.0067],"evs":[0.0,-2.05441]},"Q4s":{"weight":0.0,"played":[0.9993,7.0E-4],"evs":[0.0,-3.10335]},"Q5s":{"weight":0.0,"played":[0.924,0.076],"evs":[0.0,-2.0526]},"Q6s":{"weight":0.0,"played":[0.857,0.143],"evs":[0.0,-0.00496]},"Q7s":{"weight":0.0,"played":[0.9929,0.0071],"evs":[0.0,-2.67027]},"Q8s":{"weight":1.0,"played":[0.7758,0.2242],"evs":[0.0,-0.44358]},"Q9s":{"weight":1.0,"played":[0.6941,0.3059],"evs":[0.0,-0.33839]},"QTs":{"weight":1.0,"played":[0.0041,0.9959],"evs":[0.0,1.78067]},"QJs":{"weight":1.0,"played":[0.192,0.808],"evs":[0.0,0.30253]},"QQ":{"weight":1.0,"played":[0.0,1.0],"evs":[0.0,14.98605]},"KQo":{"weight":1.0,"played":[0.6252,0.3748],"evs":[0.0,0.16924]},"AQo":{"weight":1.0,"played":[0.0,1.0],"evs":[0.0,1.93781]},"K2s":{"weight":0.0,"played":[0.9556,0.0444],"evs":[0.0,-1.20217]},"K3s":{"weight":0.0,"played":[0.9921,0.0079],"evs":[0.0,-2.4982]},"K4s":{"weight":0.0,"played":[0.9056,0.0944],"evs":[0.0,-0.16044]},"K5s":{"weight":0.0113,"played":[0.9765,0.0235],"evs":[0.0,-0.80107]},"K6s":{"weight":0.9998,"played":[0.836,0.164],"evs":[0.0,-1.35903]},"K7s":{"weight":1.0,"played":[0.9824,0.0176],"evs":[0.0,-0.46924]},"K8s":{"weight":1.0,"played":[0.2004,0.7996],"evs":[0.0,1.1609]},"K9s":{"weight":1.0,"played":[0.051,0.949],"evs":[0.0,0.39475]},"KTs":{"weight":0.9992,"played":[0.1801,0.8199],"evs":[0.0,0.81405]},"KJs":{"weight":1.0,"played":[0.0568,0.9432],"evs":[0.0,0.73715]},"KQs":{"weight":1.0,"played":[3.0E-4,0.9997],"evs":[0.0,3.42221]},"KK":{"weight":1.0,"played":[0.0,1.0],"evs":[0.0,19.36741]},"AKo":{"weight":0.9994,"played":[0.0,1.0],"evs":[0.0,4.5511]},"A2s":{"weight":1.0,"played":[0.9741,0.0259],"evs":[0.0,-1.70896]},"A3s":{"weight":1.0,"played":[0.9973,0.0027],"evs":[0.0,-1.54289]},"A4s":{"weight":1.0,"played":[0.9963,0.0037],"evs":[0.0,-2.62768]},"A5s":{"weight":1.0,"played":[0.9724,0.0276],"evs":[0.0,-0.95122]},"A6s":{"weight":1.0,"played":[0.9983,0.0017],"evs":[0.0,-2.79594]},"A7s":{"weight":1.0,"played":[0.9944,0.0056],"evs":[0.0,-2.76955]},"A8s":{"weight":1.0,"played":[0.9798,0.0202],"evs":[0.0,-1.31914]},"A9s":{"weight":1.0,"played":[0.8444,0.1556],"evs":[0.0,-1.6571]},"ATs":{"weight":1.0,"played":[0.2549,0.7451],"evs":[0.0,-0.19868]},"AJs":{"weight":1.0,"played":[0.0,1.0],"evs":[0.0,1.10887]},"AQs":{"weight":1.0,"played":[0.0,1.0],"evs":[0.0,3.98344]},"AKs":{"weight":1.0,"played":[0.0,1.0],"evs":[0.0,7.17707]},"AA":{"weight":1.0,"played":[0.0,1.0],"evs":[0.0,27.54729]}}}