{"player":2,"street":0,"children":2,"sequence":[{"player":0,"type":"R","amount":200000,"street":0},{"player":1,"type":"F","amount":0,"street":0},{"player":2,"type":"C","amount":200000,"street":0},{"player":3,"type":"R","amount":1905000,"street":0},{"player":4,"type":"R","amount":2035000,"street":0},{"player":5,"type":"F","amount":0,"street":0},{"player":0,"type":"F","amount":0,"street":0}],"actions":[{"type":"F","amount":0},{"type":"C","amount":785000}],"hands":{"22":{"weight":0.0,"played":[0.9994,6.0E-4],"evs":[0.0,-0.12135]},"32o":{"weight":0.0,"played":[1.0,0.0],"evs":[0.0,-1.75666]},"42o":{"weight":0.0,"played":[1.0,0.0],"evs":[0.0,-1.77515]},"52o":{"weight":0.0,"played":[0.9999,1.0E-4],"evs":[0.0,-1.60991]},"62o":{"weight":0.0,"played":[1.0,0.0],"evs":[0.0,-1.97056]},"72o":{"weight":0.0,"played":[1.0,0.0],"evs":[0.0,-2.16526]},"82o":{"weight":0.0,"played":[1.0,0.0],"evs":[0.0,-1.90745]},"92o":{"weight":0.0,"played":[1.0,0.0],"evs":[0.0,-1.90908]},"T2o":{"weight":0.0,"played":[1.0,0.0],"evs":[0.0,-2.01613]},"J2o":{"weight":0.0,"played":[1.0,0.0],"evs":[0.0,-1.82796]},"Q2o":{"weight":0.0,"played":[1.0,0.0],"evs":[0.0,-1.59089]},"K2o":{"weight":0.0,"played":[0.9999,1.0E-4],"evs":[0.0,-1.46034]},"A2o":{"weight":0.0,"played":[1.0,0.0],"evs":[0.0,-1.9087]},"32s":{"weight":0.0,"played":[0.9976,0.0024],"evs":[0.0,-0.33444]},"33":{"weight":0.0,"played":[0.2043,0.7957],"evs":[0.0,-0.05913]},"43o":{"weight":0.0,"played":[1.0,0.0],"evs":[0.0,-1.31269]},"53o":{"weight":0.0,"played":[0.9999,1.0E-4],"evs":[0.0,-1.09948]},"63o":{"weight":0.0,"played":[1.0,0.0],"evs":[0.0,-1.54435]},"73o":{"weight":0.0,"played":[1.0,0.0],"evs":[0.0,-1.85523]},"83o":{"weight":0.0,"played":[1.0,0.0],"evs":[0.0,-1.95827]},"93o":{"weight":0.0,"played":[1.0,0.0],"evs":[0.0,-1.83838]},"T3o":{"weight":0.0,"played":[1.0,0.0],"evs":[0.0,-2.00708]},"J3o":{"weight":0.0,"played":[1.0,0.0],"evs":[0.0,-1.8149]},"Q3o":{"weight":0.0,"played":[0.9999,1.0E-4],"evs":[0.0,-1.63814]},"K3o":{"weight":0.0,"played":[0.9997,3.0E-4],"evs":[0.0,-1.28218]},"A3o":{"weight":0.0,"played":[1.0,0.0],"evs":[0.0,-1.84083]},"42s":{"weight":0.0,"played":[0.9999,1.0E-4],"evs":[0.0,-0.47539]},"43s":{"weight":0.0,"played":[0.5502,0.4498],"evs":[0.0,-0.14224]},"44":{"weight":0.0345,"played":[0.0244,0.9756],"evs":[0.0,0.4505]},"54o":{"weight":0.0,"played":[1.0,0.0],"evs":[0.0,-0.79948]},"64o":{"weight":0.0,"played":[0.9986,0.0014],"evs":[0.0,-0.93312]},"74o":{"weight":0.0,"played":[1.0,0.0],"evs":[0.0,-1.35075]},"84o":{"weight":0.0,"played":[0.9999,1.0E-4],"evs":[0.0,-1.45063]},"94o":{"weight":0.0,"played":[1.0,0.0],"evs":[0.0,-1.52098]},"T4o":{"weight":0.0,"played":[1.0,0.0],"evs":[0.0,-1.61259]},"J4o":{"weight":0.0,"played":[0.9993,7.0E-4],"evs":[0.0,-1.59079]},"Q4o":{"weight":0.0,"played":[0.9996,4.0E-4],"evs":[0.0,-1.60569]},"K4o":{"weight":0.0,"played":[1.0,0.0],"evs":[0.0,-1.09806]},"A4o":{"weight":0.0,"played":[0.9998,2.0E-4],"evs":[0.0,-1.81961]},"52s":{"weight":0.0,"played":[0.9988,0.0012],"evs":[0.0,-0.70101]},"53s":{"weight":0.0,"played":[0.408,0.592],"evs":[0.0,-0.12774]},"54s":{"weight":0.0,"played":[0.0056,0.9944],"evs":[0.0,0.41012]},"55":{"weight":0.5116,"played":[0.0012,0.9988],"evs":[0.0,0.42249]},"65o":{"weight":0.0,"played":[0.9972,0.0028],"evs":[0.0,-0.44395]},"75o":{"weight":0.0,"played":[1.0,0.0],"evs":[0.0,-0.89531]},"85o":{"weight":0.0,"played":[0.9999,1.0E-4],"evs":[0.0,-1.18113]},"95o":{"weight":0.0,"played":[0.9997,3.0E-4],"evs":[0.0,-1.33263]},"T5o":{"weight":0.0,"played":[0.9999,1.0E-4],"evs":[0.0,-1.89979]},"J5o":{"weight":0.0,"played":[0.9997,3.0E-4],"evs":[0.0,-1.83122]},"Q5o":{"weight":0.0,"played":[0.9993,7.0E-4],"evs":[0.0,-1.47901]},"K5o":{"weight":0.0,"played":[1.0,0.0],"evs":[0.0,-0.96177]},"A5o":{"weight":0.0,"played":[0.9999,1.0E-4],"evs":[0.0,-1.57905]},"62s":{"weight":0.0,"played":[0.9942,0.0058],"evs":[0.0,-0.92428]},"63s":{"weight":0.0,"played":[0.9917,0.0083],"evs":[0.0,-0.4443]},"64s":{"weight":0.0,"played":[0.021,0.979],"evs":[0.0,0.25421]},"65s":{"weight":0.0,"played":[0.0711,0.9289],"evs":[0.0,0.54274]},"66":{"weight":0.3021,"played":[0.0064,0.9936],"evs":[0.0,0.75625]},"76o":{"weight":0.0,"played":[0.9998,2.0E-4],"evs":[0.0,-0.68373]},"86o":{"weight":0.0,"played":[0.9998,2.0E-4],"evs":[0.0,-0.78195]},"96o":{"weight":0.0,"played":[0.9999,1.0E-4],"evs":[0.0,-0.7344]},"T6o":{"weight":0.0,"played":[1.0,0.0],"evs":[0.0,-1.50492]},"J6o":{"weight":0.0,"played":[0.9999,1.0E-4],"evs":[0.0,-1.48912]},"Q6o":{"weight":0.0,"played":[0.9997,3.0E-4],"evs":[0.0,-1.29764]},"K6o":{"weight":0.0,"played":[0.9997,3.0E-4],"evs":[0.0,-0.90802]},"A6o":{"weight":0.0,"played":[1.0,0.0],"evs":[0.0,-2.16822]},"72s":{"weight":0.0,"played":[0.999,0.001],"evs":[0.0,-1.12437]},"73s":{"weight":0.0,"played":[0.9968,0.0032],"evs":[0.0,-0.87264]},"74s":{"weight":0.0,"played":[0.9111,0.0889],"evs":[0.0,-0.34673]},"75s":{"weight":0.0,"played":[0.292,0.708],"evs":[0.0,0.27651]},"76s":{"weight":0.0,"played":[0.0505,0.9495],"evs":[0.0,0.32738]},"77":{"weight":1.0E-4,"played":[0.0016,0.9984],"evs":[0.0,1.35004]},"87o":{"weight":0.0,"played":[0.9989,0.0011],"evs":[0.0,-0.89283]},"97o":{"weight":0.0,"played":[0.9998,2.0E-4],"evs":[0.0,-0.76434]},"T7o":{"weight":0.0,"played":[0.9997,3.0E-4],"evs":[0.0,-1.01718]},"J7o":{"weight":0.0,"played":[0.9999,1.0E-4],"evs":[0.0,-1.05059]},"Q7o":{"weight":0.0,"played":[0.9957,0.0043],"evs":[0.0,-1.39059]},"K7o":{"weight":0.0,"played":[0.9997,3.0E-4],"evs":[0.0,-1.02028]},"A7o":{"weight":0.0,"played":[1.0,0.0],"evs":[0.0,-1.88195]},"82s":{"weight":0.0,"played":[0.9997,3.0E-4],"evs":[0.0,-0.80277]},"83s":{"weight":0.0,"played":[0.9992,8.0E-4],"evs":[0.0,-1.08858]},"84s":{"weight":0.0,"played":[0.9987,0.0013],"evs":[0.0,-0.39646]},"85s":{"weight":0.0,"played":[0.4767,0.5233],"evs":[0.0,-0.11321]},"86s":{"weight":0.0,"played":[0.4366,0.5634],"evs":[0.0,-0.02446]},"87s":{"weight":0.0,"played":[9.0E-4,0.9991],"evs":[0.0,0.56103]},"88":{"weight":0.0,"played":[0.0,1.0],"evs":[0.0,2.01172]},"98o":{"weight":0.0,"played":[0.9995,5.0E-4],"evs":[0.0,-0.6582]},"T8o":{"weight":0.0,"played":[0.9982,0.0018],"evs":[0.0,-0.51236]},"J8o":{"weight":0.0,"played":[0.9996,4.0E-4],"evs":[0.0,-0.89778]},"Q8o":{"weight":0.0,"played":[0.9972,0.0028],"evs":[0.0,-1.01614]},"K8o":{"weight":0.0,"played":[0.9996,4.0E-4],"evs":[0.0,-0.66616]},"A8o":{"weight":0.0,"played":[0.9998,2.0E-4],"evs":[0.0,-1.52228]},"92s":{"weight":0.0,"played":[1.0,0.0],"evs":[0.0,-1.03036]},"93s":{"weight":0.0,"played":[0.9994,6.0E-4],"evs":[0.0,-0.62018]},"94s":{"weight":0.0,"played":[0.9958,0.0042],"evs":[0.0,-1.02661]},"95s":{"weight":0.0,"played":[0.7554,0.2446],"evs":[0.0,0.04627]},"96s":{"weight":0.0,"played":[0.51,0.49],"evs":[0.0,-0.33565]},"97s":{"weight":0.0,"played":[0.2136,0.7864],"evs":[0.0,0.47566]},"98s":{"weight":0.0,"played":[0.0028,0.9972],"evs":[0.0,0.83683]},"99":{"weight":0.0,"played":[0.0,1.0],"evs":[0.0,2.99317]},"T9o":{"weight":0.0,"played":[0.7937,0.2063],"evs":[0.0,-0.17202]},"J9o":{"weight":0.0,"played":[0.9802,0.0198],"evs":[0.0,-0.31008]},"Q9o":{"weight":0.0,"played":[0.9981,0.0019],"evs":[0.0,-0.28392]},"K9o":{"weight":0.0,"played":[0.9993,7.0E-4],"evs":[0.0,-0.08782]},"A9o":{"weight":0.0,"played":[0.9996,4.0E-4],"evs":[0.0,-1.29908]},"T2s":{"weight":0.0,"played":[0.9902,0.0098],"evs":[0.0,-1.18252]},"T3s":{"weight":0.0,"played":[0.9963,0.0037],"evs":[0.0,-0.66069]},"T4s":{"weight":0.0,"played":[0.9996,4.0E-4],"evs":[0.0,-0.61239]},"T5s":{"weight":0.0,"played":[0.9983,0.0017],"evs":[0.0,-1.12739]},"T6s":{"weight":0.0,"played":[0.8856,0.1144],"evs":[0.0,-0.2241]},"T7s":{"weight":0.0,"played":[0.1994,0.8006],"evs":[0.0,0.22344]},"T8s":{"weight":0.0,"played":[0.3989,0.6011],"evs":[0.0,0.48164]},"T9s":{"weight":0.138,"played":[1.0E-4,0.9999],"evs":[0.0,0.90615]},"TT":{"weight":0.0,"played":[0.0,1.0],"evs":[0.0,4.11675]},"JTo":{"weight":0.0,"played":[0.5477,0.4523],"evs":[0.0,-0.10673]},"QTo":{"weight":0.0,"played":[0.573,0.427],"evs":[0.0,-0.2106]},"KTo":{"weight":0.0,"played":[0.3958,0.6042],"evs":[0.0,0.05506]},"ATo":{"weight":0.0,"played":[0.9982,0.0018],"evs":[0.0,-0.87475]},"J2s":{"weight":0.0,"played":[0.9986,0.0014],"evs":[0.0,-1.13982]},"J3s":{"weight":0.0,"played":[0.9935,0.0065],"evs":[0.0,-0.49896]},"J4s":{"weight":0.0,"played":[0.9958,0.0042],"evs":[0.0,-0.67059]},"J5s":{"weight":0.0,"played":[0.9984,0.0016],"evs":[0.0,-0.61802]},"J6s":{"weight":0.0,"played":[0.9989,0.0011],"evs":[0.0,-0.64767]},"J7s":{"weight":0.0,"played":[0.9901,0.0099],"evs":[0.0,-0.53591]},"J8s":{"weight":0.0,"played":[0.158,0.842],"evs":[0.0,0.58842]},"J9s":{"weight":0.0086,"played":[0.1441,0.8559],"evs":[0.0,0.47236]},"JTs":{"weight":1.0,"played":[0.0,1.0],"evs":[0.0,1.07299]},"JJ":{"weight":0.0,"played":[0.0,1.0],"evs":[0.0,5.32625]},"QJo":{"weight":0.0,"played":[0.9226,0.0774],"evs":[0.0,-0.18244]},"KJo":{"weight":0.2081,"played":[0.1513,0.8487],"evs":[0.0,0.0694]},"AJo":{"weight":0.0,"played":[0.5363,0.4637],"evs":[0.0,-0.04917]},"Q2s":{"weight":0.0,"played":[0.9828,0.0172],"evs":[0.0,-0.65113]},"Q3s":{"weight":0.0,"played":[0.9974,0.0026],"evs":[0.0,-0.93827]},"Q4s":{"weight":0.0,"played":[0.9905,0.0095],"evs":[0.0,-0.63159]},"Q5s":{"weight":0.0,"played":[0.9914,0.0086],"evs":[0.0,-0.38111]},"Q6s":{"weight":0.0,"played":[0.9947,0.0053],"evs":[0.0,-0.67126]},"Q7s":{"weight":0.0,"played":[0.8668,0.1332],"evs":[0.0,-0.1909]},"Q8s":{"weight":0.0,"played":[0.1603,0.8397],"evs":[0.0,0.12702]},"Q9s":{"weight":0.0,"played":[0.0646,0.9354],"evs":[0.0,0.91976]},"QTs":{"weight":1.0,"played":[0.0,1.0],"evs":[0.0,0.73202]},"QJs":{"weight":1.0,"played":[2.0E-4,0.9998],"evs":[0.0,0.78843]},"QQ":{"weight":0.0,"played":[0.0,1.0],"evs":[0.0,7.45952]},"KQo":{"weight":1.0E-4,"played":[0.1154,0.8846],"evs":[0.0,0.50374]},"AQo":{"weight":0.0,"played":[0.0,1.0],"evs":[0.0,0.94757]},"K2s":{"weight":0.0,"played":[0.9989,0.0011],"evs":[0.0,-0.09348]},"K3s":{"weight":0.0,"played":[0.6482,0.3518],"evs":[0.0,0.09215]},"K4s":{"weight":0.0,"played":[0.9373,0.0627],"evs":[0.0,-0.5169]},"K5s":{"weight":0.0,"played":[0.5711,0.4289],"evs":[0.0,0.03081]},"K6s":{"weight":0.0,"played":[0.389,0.611],"evs":[0.0,0.09991]},"K7s":{"weight":0.0,"played":[0.2951,0.7049],"evs":[0.0,-0.05239]},"K8s":{"weight":0.0,"played":[0.0805,0.9195],"evs":[0.0,0.24731]},"K9s":{"weight":0.9409,"played":[8.0E-4,0.9992],"evs":[0.0,0.71703]},"KTs":{"weight":1.0,"played":[0.0,1.0],"evs":[0.0,0.89]},"KJs":{"weight":0.8885,"played":[0.0011,0.9989],"evs":[0.0,0.68057]},"KQs":{"weight":0.0,"played":[0.0,1.0],"evs":[0.0,1.12342]},"KK":{"weight":0.0,"played":[0.0,1.0],"evs":[0.0,9.91036]},"AKo":{"weight":0.0,"played":[0.0,1.0],"evs":[0.0,2.5401]},"A2s":{"weight":0.0,"played":[0.9963,0.0037],"evs":[0.0,-1.06867]},"A3s":{"weight":0.0,"played":[0.9465,0.0535],"evs":[0.0,-0.53956]},"A4s":{"weight":0.3055,"played":[0.9698,0.0302],"evs":[0.0,-0.5878]},"A5s":{"weight":0.9999,"played":[0.9964,0.0036],"evs":[0.0,-0.80778]},"A6s":{"weight":0.4875,"played":[0.9999,1.0E-4],"evs":[0.0,-1.09244]},"A7s":{"weight":0.5579,"played":[0.987,0.013],"evs":[0.0,-0.74401]},"A8s":{"weight":2.0E-4,"played":[0.8713,0.1287],"evs":[0.0,-0.60103]},"A9s":{"weight":0.0,"played":[0.9483,0.0517],"evs":[0.0,-0.00252]},"ATs":{"weight":0.0,"played":[0.0224,0.9776],"evs":[0.0,0.22221]},"AJs":{"weight":0.0,"played":[1.0E-4,0.9999],"evs":[0.0,0.83718]},"AQs":{"weight":0.0,"played":[0.0,1.0],"evs":[0.0,2.30588]},"AKs":{"weight":0.0,"played":[1.0E-4,0.9999],"evs":[0.0,3.2352]},"AA":{"weight":0.1092,"played":[0.0,1.0],"evs":[0.0,13.27392]}}}