{"player":2,"street":0,"children":2,"sequence":[{"player":0,"type":"R","amount":200000,"street":0},{"player":1,"type":"F","amount":0,"street":0},{"player":2,"type":"C","amount":200000,"street":0},{"player":3,"type":"R","amount":1905000,"street":0},{"player":4,"type":"R","amount":2035000,"street":0},{"player":5,"type":"F","amount":0,"street":0},{"player":0,"type":"C","amount":1835000,"street":0}],"actions":[{"type":"F","amount":0},{"type":"C","amount":785000}],"hands":{"22":{"weight":0.0,"played":[0.9875,0.0125],"evs":[0.0,-0.9993]},"32o":{"weight":0.0,"played":[1.0,0.0],"evs":[0.0,-2.24143]},"42o":{"weight":0.0,"played":[1.0,0.0],"evs":[0.0,-1.94219]},"52o":{"weight":0.0,"played":[1.0,0.0],"evs":[0.0,-1.88432]},"62o":{"weight":0.0,"played":[0.9998,2.0E-4],"evs":[0.0,-2.29104]},"72o":{"weight":0.0,"played":[0.9999,1.0E-4],"evs":[0.0,-2.54749]},"82o":{"weight":0.0,"played":[1.0,0.0],"evs":[0.0,-2.6134]},"92o":{"weight":0.0,"played":[0.9996,4.0E-4],"evs":[0.0,-2.4789]},"T2o":{"weight":0.0,"played":[1.0,0.0],"evs":[0.0,-2.54565]},"J2o":{"weight":0.0,"played":[1.0,0.0],"evs":[0.0,-2.49795]},"Q2o":{"weight":0.0,"played":[1.0,0.0],"evs":[0.0,-2.3492]},"K2o":{"weight":0.0,"played":[0.9999,1.0E-4],"evs":[0.0,-1.99675]},"A2o":{"weight":0.0,"played":[1.0,0.0],"evs":[0.0,-2.61376]},"32s":{"weight":0.0,"played":[0.997,0.003],"evs":[0.0,-1.1306]},"33":{"weight":0.0,"played":[0.8777,0.1223],"evs":[0.0,-0.1749]},"43o":{"weight":0.0,"played":[1.0,0.0],"evs":[0.0,-1.63936]},"53o":{"weight":0.0,"played":[0.9999,1.0E-4],"evs":[0.0,-1.39352]},"63o":{"weight":0.0,"played":[1.0,0.0],"evs":[0.0,-1.65985]},"73o":{"weight":0.0,"played":[1.0,0.0],"evs":[0.0,-2.02862]},"83o":{"weight":0.0,"played":[1.0,0.0],"evs":[0.0,-2.48735]},"93o":{"weight":0.0,"played":[1.0,0.0],"evs":[0.0,-2.42733]},"T3o":{"weight":0.0,"played":[0.9999,1.0E-4],"evs":[0.0,-2.41482]},"J3o":{"weight":0.0,"played":[1.0,0.0],"evs":[0.0,-2.40321]},"Q3o":{"weight":0.0,"played":[1.0,0.0],"evs":[0.0,-2.62813]},"K3o":{"weight":0.0,"played":[0.9997,3.0E-4],"evs":[0.0,-2.00534]},"A3o":{"weight":0.0,"played":[0.9999,1.0E-4],"evs":[0.0,-2.04552]},"42s":{"weight":0.0,"played":[0.9972,0.0028],"evs":[0.0,-0.80988]},"43s":{"weight":0.0,"played":[0.9312,0.0688],"evs":[0.0,-0.30916]},"44":{"weight":0.0345,"played":[0.9554,0.0446],"evs":[0.0,-0.53459]},"54o":{"weight":0.0,"played":[0.9991,9.0E-4],"evs":[0.0,-0.77169]},"64o":{"weight":0.0,"played":[0.9999,1.0E-4],"evs":[0.0,-1.20476]},"74o":{"weight":0.0,"played":[0.9998,2.0E-4],"evs":[0.0,-1.85162]},"84o":{"weight":0.0,"played":[0.9999,1.0E-4],"evs":[0.0,-2.08003]},"94o":{"weight":0.0,"played":[1.0,0.0],"evs":[0.0,-2.49257]},"T4o":{"weight":0.0,"played":[1.0,0.0],"evs":[0.0,-2.18772]},"J4o":{"weight":0.0,"played":[1.0,0.0],"evs":[0.0,-2.08376]},"Q4o":{"weight":0.0,"played":[1.0,0.0],"evs":[0.0,-2.35645]},"K4o":{"weight":0.0,"played":[1.0,0.0],"evs":[0.0,-1.94232]},"A4o":{"weight":0.0,"played":[1.0,0.0],"evs":[0.0,-2.32517]},"52s":{"weight":0.0,"played":[0.9875,0.0125],"evs":[0.0,-0.58854]},"53s":{"weight":0.0,"played":[0.178,0.822],"evs":[0.0,0.11105]},"54s":{"weight":0.0,"played":[0.1059,0.8941],"evs":[0.0,0.27046]},"55":{"weight":0.5116,"played":[0.8399,0.1601],"evs":[0.0,-0.25826]},"65o":{"weight":0.0,"played":[0.9999,1.0E-4],"evs":[0.0,-0.76772]},"75o":{"weight":0.0,"played":[0.9999,1.0E-4],"evs":[0.0,-1.20823]},"85o":{"weight":0.0,"played":[0.9997,3.0E-4],"evs":[0.0,-1.64112]},"95o":{"weight":0.0,"played":[1.0,0.0],"evs":[0.0,-1.89904]},"T5o":{"weight":0.0,"played":[1.0,0.0],"evs":[0.0,-2.37876]},"J5o":{"weight":0.0,"played":[1.0,0.0],"evs":[0.0,-2.09355]},"Q5o":{"weight":0.0,"played":[0.9999,1.0E-4],"evs":[0.0,-2.28023]},"K5o":{"weight":0.0,"played":[0.9997,3.0E-4],"evs":[0.0,-1.94531]},"A5o":{"weight":0.0,"played":[0.9989,0.0011],"evs":[0.0,-2.08846]},"62s":{"weight":0.0,"played":[1.0,0.0],"evs":[0.0,-1.11474]},"63s":{"weight":0.0,"played":[0.943,0.057],"evs":[0.0,-0.47612]},"64s":{"weight":0.0,"played":[0.3977,0.6023],"evs":[0.0,0.1166]},"65s":{"weight":0.0,"played":[0.0349,0.9651],"evs":[0.0,0.46157]},"66":{"weight":0.3021,"played":[0.0226,0.9774],"evs":[0.0,0.32533]},"76o":{"weight":0.0,"played":[0.9999,1.0E-4],"evs":[0.0,-1.10398]},"86o":{"weight":0.0,"played":[0.9999,1.0E-4],"evs":[0.0,-1.09522]},"96o":{"weight":0.0,"played":[1.0,0.0],"evs":[0.0,-1.62732]},"T6o":{"weight":0.0,"played":[0.9997,3.0E-4],"evs":[0.0,-1.88913]},"J6o":{"weight":0.0,"played":[1.0,0.0],"evs":[0.0,-2.19691]},"Q6o":{"weight":0.0,"played":[0.9996,4.0E-4],"evs":[0.0,-2.33169]},"K6o":{"weight":0.0,"played":[0.9985,0.0015],"evs":[0.0,-1.85681]},"A6o":{"weight":0.0,"played":[1.0,0.0],"evs":[0.0,-2.67499]},"72s":{"weight":0.0,"played":[0.9806,0.0194],"evs":[0.0,-1.31959]},"73s":{"weight":0.0,"played":[0.9971,0.0029],"evs":[0.0,-1.18506]},"74s":{"weight":0.0,"played":[0.963,0.037],"evs":[0.0,-0.80974]},"75s":{"weight":0.0,"played":[0.3944,0.6056],"evs":[0.0,-0.01772]},"76s":{"weight":0.0,"played":[0.1056,0.8944],"evs":[0.0,-0.03692]},"77":{"weight":1.0E-4,"played":[1.0E-4,0.9999],"evs":[0.0,0.48105]},"87o":{"weight":0.0,"played":[0.9988,0.0012],"evs":[0.0,-0.81496]},"97o":{"weight":0.0,"played":[1.0,0.0],"evs":[0.0,-1.51744]},"T7o":{"weight":0.0,"played":[1.0,0.0],"evs":[0.0,-1.52586]},"J7o":{"weight":0.0,"played":[0.9999,1.0E-4],"evs":[0.0,-1.60962]},"Q7o":{"weight":0.0,"played":[1.0,0.0],"evs":[0.0,-2.09905]},"K7o":{"weight":0.0,"played":[0.9998,2.0E-4],"evs":[0.0,-1.79622]},"A7o":{"weight":0.0,"played":[0.9999,1.0E-4],"evs":[0.0,-2.15985]},"82s":{"weight":0.0,"played":[0.9971,0.0029],"evs":[0.0,-1.46807]},"83s":{"weight":0.0,"played":[0.9957,0.0043],"evs":[0.0,-1.22917]},"84s":{"weight":0.0,"played":[0.9996,4.0E-4],"evs":[0.0,-1.14145]},"85s":{"weight":0.0,"played":[0.8863,0.1137],"evs":[0.0,-0.47036]},"86s":{"weight":0.0,"played":[0.7507,0.2493],"evs":[0.0,-0.18403]},"87s":{"weight":0.0,"played":[0.0194,0.9806],"evs":[0.0,0.11311]},"88":{"weight":0.0,"played":[2.0E-4,0.9998],"evs":[0.0,0.90426]},"98o":{"weight":0.0,"played":[1.0,0.0],"evs":[0.0,-1.1515]},"T8o":{"weight":0.0,"played":[0.9954,0.0046],"evs":[0.0,-1.28984]},"J8o":{"weight":0.0,"played":[0.9993,7.0E-4],"evs":[0.0,-1.35637]},"Q8o":{"weight":0.0,"played":[0.9999,1.0E-4],"evs":[0.0,-1.82265]},"K8o":{"weight":0.0,"played":[0.9995,5.0E-4],"evs":[0.0,-1.88071]},"A8o":{"weight":0.0,"played":[0.9998,2.0E-4],"evs":[0.0,-2.46274]},"92s":{"weight":0.0,"played":[0.9996,4.0E-4],"evs":[0.0,-0.99013]},"93s":{"weight":0.0,"played":[0.958,0.042],"evs":[0.0,-0.96809]},"94s":{"weight":0.0,"played":[0.9817,0.0183],"evs":[0.0,-1.26794]},"95s":{"weight":0.0,"played":[0.9781,0.0219],"evs":[0.0,-0.99561]},"96s":{"weight":0.0,"played":[0.5247,0.4753],"evs":[0.0,-0.55993]},"97s":{"weight":0.0,"played":[0.875,0.125],"evs":[0.0,-0.24406]},"98s":{"weight":0.0,"played":[0.7953,0.2047],"evs":[0.0,0.2396]},"99":{"weight":0.0,"played":[0.0,1.0],"evs":[0.0,1.71084]},"T9o":{"weight":0.0,"played":[0.9913,0.0087],"evs":[0.0,-0.93198]},"J9o":{"weight":0.0,"played":[0.9985,0.0015],"evs":[0.0,-0.92546]},"Q9o":{"weight":0.0,"played":[0.9994,6.0E-4],"evs":[0.0,-1.27889]},"K9o":{"weight":0.0,"played":[0.996,0.004],"evs":[0.0,-1.46267]},"A9o":{"weight":0.0,"played":[1.0,0.0],"evs":[0.0,-2.32574]},"T2s":{"weight":0.0,"played":[1.0,0.0],"evs":[0.0,-1.65125]},"T3s":{"weight":0.0,"played":[0.9979,0.0021],"evs":[0.0,-1.2368]},"T4s":{"weight":0.0,"played":[0.9962,0.0038],"evs":[0.0,-1.21615]},"T5s":{"weight":0.0,"played":[0.9971,0.0029],"evs":[0.0,-0.6902]},"T6s":{"weight":0.0,"played":[0.9181,0.0819],"evs":[0.0,-0.75862]},"T7s":{"weight":0.0,"played":[0.5269,0.4731],"evs":[0.0,-0.2886]},"T8s":{"weight":0.0,"played":[0.7461,0.2539],"evs":[0.0,-0.58872]},"T9s":{"weight":0.138,"played":[0.299,0.701],"evs":[0.0,0.3944]},"TT":{"weight":0.0,"played":[2.0E-4,0.9998],"evs":[0.0,2.98229]},"JTo":{"weight":0.0,"played":[0.9957,0.0043],"evs":[0.0,-0.49384]},"QTo":{"weight":0.0,"played":[0.9895,0.0105],"evs":[0.0,-0.83997]},"KTo":{"weight":0.0,"played":[0.9979,0.0021],"evs":[0.0,-0.63064]},"ATo":{"weight":0.0,"played":[0.9975,0.0025],"evs":[0.0,-1.29062]},"J2s":{"weight":0.0,"played":[0.9994,6.0E-4],"evs":[0.0,-0.7966]},"J3s":{"weight":0.0,"played":[0.9974,0.0026],"evs":[0.0,-1.21801]},"J4s":{"weight":0.0,"played":[0.9969,0.0031],"evs":[0.0,-0.73569]},"J5s":{"weight":0.0,"played":[0.9889,0.0111],"evs":[0.0,-0.49014]},"J6s":{"weight":0.0,"played":[0.944,0.056],"evs":[0.0,-0.3669]},"J7s":{"weight":0.0,"played":[0.9998,2.0E-4],"evs":[0.0,-0.9835]},"J8s":{"weight":0.0,"played":[0.7648,0.2352],"evs":[0.0,-0.40977]},"J9s":{"weight":0.0086,"played":[0.0354,0.9646],"evs":[0.0,0.33203]},"JTs":{"weight":1.0,"played":[0.0025,0.9975],"evs":[0.0,0.76214]},"JJ":{"weight":0.0,"played":[0.0,1.0],"evs":[0.0,3.58509]},"QJo":{"weight":0.0,"played":[0.9821,0.0179],"evs":[0.0,-0.65669]},"KJo":{"weight":0.2081,"played":[0.9755,0.0245],"evs":[0.0,-0.24851]},"AJo":{"weight":0.0,"played":[0.9708,0.0292],"evs":[0.0,-0.7448]},"Q2s":{"weight":0.0,"played":[0.9813,0.0187],"evs":[0.0,-0.60604]},"Q3s":{"weight":0.0,"played":[0.9938,0.0062],"evs":[0.0,-1.17671]},"Q4s":{"weight":0.0,"played":[0.969,0.031],"evs":[0.0,-1.35884]},"Q5s":{"weight":0.0,"played":[0.9964,0.0036],"evs":[0.0,-1.38464]},"Q6s":{"weight":0.0,"played":[0.9815,0.0185],"evs":[0.0,-0.76999]},"Q7s":{"weight":0.0,"played":[0.9939,0.0061],"evs":[0.0,-0.72466]},"Q8s":{"weight":0.0,"played":[0.954,0.046],"evs":[0.0,-0.64716]},"Q9s":{"weight":0.0,"played":[0.1079,0.8921],"evs":[0.0,0.09772]},"QTs":{"weight":1.0,"played":[0.0172,0.9828],"evs":[0.0,0.33304]},"QJs":{"weight":1.0,"played":[1.0E-4,0.9999],"evs":[0.0,0.65957]},"QQ":{"weight":0.0,"played":[0.0,1.0],"evs":[0.0,6.95472]},"KQo":{"weight":1.0E-4,"played":[0.9852,0.0148],"evs":[0.0,-0.31379]},"AQo":{"weight":0.0,"played":[0.0028,0.9972],"evs":[0.0,0.26722]},"K2s":{"weight":0.0,"played":[0.8381,0.1619],"evs":[0.0,-0.84912]},"K3s":{"weight":0.0,"played":[0.9905,0.0095],"evs":[0.0,-0.89383]},"K4s":{"weight":0.0,"played":[0.9304,0.0696],"evs":[0.0,-0.51905]},"K5s":{"weight":0.0,"played":[0.9795,0.0205],"evs":[0.0,-0.18338]},"K6s":{"weight":0.0,"played":[0.7925,0.2075],"evs":[0.0,-0.26402]},"K7s":{"weight":0.0,"played":[0.9917,0.0083],"evs":[0.0,-0.76337]},"K8s":{"weight":0.0,"played":[0.769,0.231],"evs":[0.0,-0.11663]},"K9s":{"weight":0.9409,"played":[0.5252,0.4748],"evs":[0.0,0.20331]},"KTs":{"weight":1.0,"played":[1.0E-4,0.9999],"evs":[0.0,0.30235]},"KJs":{"weight":0.8885,"played":[0.0014,0.9986],"evs":[0.0,0.61936]},"KQs":{"weight":0.0,"played":[3.0E-4,0.9997],"evs":[0.0,1.08231]},"KK":{"weight":0.0,"played":[0.0,1.0],"evs":[0.0,9.5891]},"AKo":{"weight":0.0,"played":[0.0,1.0],"evs":[0.0,1.795]},"A2s":{"weight":0.0,"played":[0.9683,0.0317],"evs":[0.0,-1.1767]},"A3s":{"weight":0.0,"played":[0.9726,0.0274],"evs":[0.0,-1.46781]},"A4s":{"weight":0.3055,"played":[0.9857,0.0143],"evs":[0.0,-0.96834]},"A5s":{"weight":0.9999,"played":[0.7083,0.2917],"evs":[0.0,-0.59185]},"A6s":{"weight":0.4875,"played":[0.9835,0.0165],"evs":[0.0,-0.92941]},"A7s":{"weight":0.5579,"played":[0.9914,0.0086],"evs":[0.0,-1.01426]},"A8s":{"weight":2.0E-4,"played":[0.9969,0.0031],"evs":[0.0,-1.00733]},"A9s":{"weight":0.0,"played":[0.9087,0.0913],"evs":[0.0,-0.5829]},"ATs":{"weight":0.0,"played":[0.9961,0.0039],"evs":[0.0,-0.4217]},"AJs":{"weight":0.0,"played":[2.0E-4,0.9998],"evs":[0.0,0.84673]},"AQs":{"weight":0.0,"played":[0.0,1.0],"evs":[0.0,1.03521]},"AKs":{"weight":0.0,"played":[0.0,1.0],"evs":[0.0,3.29482]},"AA":{"weight":0.1092,"played":[0.0,1.0],"evs":[0.0,13.8325]}}}