{"player":0,"street":0,"children":2,"sequence":[{"player":0,"type":"R","amount":200000,"street":0},{"player":1,"type":"F","amount":0,"street":0},{"player":2,"type":"R","amount":985000,"street":0},{"player":3,"type":"F","amount":0,"street":0},{"player":4,"type":"F","amount":0,"street":0},{"player":5,"type":"F","amount":0,"street":0}],"actions":[{"type":"F","amount":0},{"type":"C","amount":785000}],"hands":{"22":{"weight":0.0,"played":[0.0,1.0],"evs":[0.0,1.43941]},"32o":{"weight":0.0,"played":[1.0,0.0],"evs":[0.0,-1.24407]},"42o":{"weight":0.0,"played":[1.0,0.0],"evs":[0.0,-1.18472]},"52o":{"weight":0.0,"played":[1.0,0.0],"evs":[0.0,-1.08588]},"62o":{"weight":0.0,"played":[1.0,0.0],"evs":[0.0,-1.28785]},"72o":{"weight":0.0,"played":[1.0,0.0],"evs":[0.0,-1.47584]},"82o":{"weight":0.0,"played":[1.0,0.0],"evs":[0.0,-1.31917]},"92o":{"weight":0.0,"played":[1.0,0.0],"evs":[0.0,-1.3511]},"T2o":{"weight":0.0,"played":[1.0,0.0],"evs":[0.0,-1.14742]},"J2o":{"weight":0.0,"played":[1.0,0.0],"evs":[0.0,-0.96594]},"Q2o":{"weight":0.0,"played":[1.0,0.0],"evs":[0.0,-0.89207]},"K2o":{"weight":0.0,"played":[1.0,0.0],"evs":[0.0,-0.68067]},"A2o":{"weight":0.0,"played":[0.9986,0.0014],"evs":[0.0,-0.15378]},"32s":{"weight":0.0,"played":[1.0,0.0],"evs":[0.0,-0.52024]},"33":{"weight":1.0,"played":[0.0,1.0],"evs":[0.0,1.54357]},"43o":{"weight":0.0,"played":[1.0,0.0],"evs":[0.0,-0.88239]},"53o":{"weight":0.0,"played":[1.0,0.0],"evs":[0.0,-0.79563]},"63o":{"weight":0.0,"played":[1.0,0.0],"evs":[0.0,-1.00579]},"73o":{"weight":0.0,"played":[1.0,0.0],"evs":[0.0,-1.16733]},"83o":{"weight":0.0,"played":[1.0,0.0],"evs":[0.0,-1.31133]},"93o":{"weight":0.0,"played":[1.0,0.0],"evs":[0.0,-1.26575]},"T3o":{"weight":0.0,"played":[1.0,0.0],"evs":[0.0,-1.04067]},"J3o":{"weight":0.0,"played":[1.0,0.0],"evs":[0.0,-0.86783]},"Q3o":{"weight":0.0,"played":[1.0,0.0],"evs":[0.0,-0.82207]},"K3o":{"weight":0.0,"played":[1.0,0.0],"evs":[0.0,-0.60711]},"A3o":{"weight":0.0,"played":[0.9994,6.0E-4],"evs":[0.0,-0.08341]},"42s":{"weight":0.0,"played":[1.0,0.0],"evs":[0.0,-0.42696]},"43s":{"weight":0.0,"played":[0.9989,0.0011],"evs":[0.0,-0.13033]},"44":{"weight":1.0,"played":[0.0,1.0],"evs":[0.0,1.65153]},"54o":{"weight":0.0,"played":[1.0,0.0],"evs":[0.0,-0.52126]},"64o":{"weight":0.0,"played":[1.0,0.0],"evs":[0.0,-0.74019]},"74o":{"weight":0.0,"played":[1.0,0.0],"evs":[0.0,-0.89297]},"84o":{"weight":0.0,"played":[1.0,0.0],"evs":[0.0,-1.0297]},"94o":{"weight":0.0,"played":[1.0,0.0],"evs":[0.0,-1.23977]},"T4o":{"weight":0.0,"played":[1.0,0.0],"evs":[0.0,-0.99391]},"J4o":{"weight":0.0,"played":[1.0,0.0],"evs":[0.0,-0.81439]},"Q4o":{"weight":0.0,"played":[1.0,0.0],"evs":[0.0,-0.70594]},"K4o":{"weight":0.0,"played":[1.0,0.0],"evs":[0.0,-0.51362]},"A4o":{"weight":0.0,"played":[0.655,0.345],"evs":[0.0,-0.00462]},"52s":{"weight":0.0,"played":[1.0,0.0],"evs":[0.0,-0.30864]},"53s":{"weight":0.0,"played":[0.6616,0.3384],"evs":[0.0,-0.06117]},"54s":{"weight":0.0,"played":[0.0,1.0],"evs":[0.0,0.22053]},"55":{"weight":1.0,"played":[0.0,1.0],"evs":[0.0,1.83233]},"65o":{"weight":0.0,"played":[1.0,0.0],"evs":[0.0,-0.44401]},"75o":{"weight":0.0,"played":[1.0,0.0],"evs":[0.0,-0.60678]},"85o":{"weight":0.0,"played":[1.0,0.0],"evs":[0.0,-0.73867]},"95o":{"weight":0.0,"played":[1.0,0.0],"evs":[0.0,-0.97066]},"T5o":{"weight":0.0,"played":[1.0,0.0],"evs":[0.0,-0.99067]},"J5o":{"weight":0.0,"played":[1.0,0.0],"evs":[0.0,-0.75077]},"Q5o":{"weight":0.0,"played":[1.0,0.0],"evs":[0.0,-0.67762]},"K5o":{"weight":0.0,"played":[1.0,0.0],"evs":[0.0,-0.45435]},"A5o":{"weight":1.0,"played":[0.0,1.0],"evs":[0.0,0.0769]},"62s":{"weight":0.0,"played":[1.0,0.0],"evs":[0.0,-0.53435]},"63s":{"weight":0.0,"played":[1.0,0.0],"evs":[0.0,-0.27592]},"64s":{"weight":0.0,"played":[0.4615,0.5385],"evs":[0.0,-0.00763]},"65s":{"weight":0.0,"played":[0.0,1.0],"evs":[0.0,0.28055]},"66":{"weight":1.0,"played":[0.0,1.0],"evs":[0.0,2.13959]},"76o":{"weight":0.0,"played":[1.0,0.0],"evs":[0.0,-0.33098]},"86o":{"weight":0.0,"played":[1.0,0.0],"evs":[0.0,-0.43209]},"96o":{"weight":0.0,"played":[1.0,0.0],"evs":[0.0,-0.68691]},"T6o":{"weight":0.0,"played":[1.0,0.0],"evs":[0.0,-0.69257]},"J6o":{"weight":0.0,"played":[1.0,0.0],"evs":[0.0,-0.71352]},"Q6o":{"weight":0.0,"played":[1.0,0.0],"evs":[0.0,-0.58727]},"K6o":{"weight":0.0,"played":[1.0,0.0],"evs":[0.0,-0.39399]},"A6o":{"weight":0.0,"played":[1.0,0.0],"evs":[0.0,-0.1387]},"72s":{"weight":0.0,"played":[1.0,0.0],"evs":[0.0,-0.70534]},"73s":{"weight":0.0,"played":[1.0,0.0],"evs":[0.0,-0.4057]},"74s":{"weight":0.0,"played":[0.9995,5.0E-4],"evs":[0.0,-0.13502]},"75s":{"weight":0.0,"played":[0.0,1.0],"evs":[0.0,0.11374]},"76s":{"weight":0.0,"played":[0.0,1.0],"evs":[0.0,0.3513]},"77":{"weight":1.0,"played":[0.0,1.0],"evs":[0.0,2.56455]},"87o":{"weight":0.0,"played":[1.0,0.0],"evs":[0.0,-0.22289]},"97o":{"weight":0.0,"played":[1.0,0.0],"evs":[0.0,-0.3952]},"T7o":{"weight":0.0,"played":[1.0,0.0],"evs":[0.0,-0.42873]},"J7o":{"weight":0.0,"played":[1.0,0.0],"evs":[0.0,-0.46006]},"Q7o":{"weight":0.0,"played":[1.0,0.0],"evs":[0.0,-0.61634]},"K7o":{"weight":0.0,"played":[1.0,0.0],"evs":[0.0,-0.33857]},"A7o":{"weight":1.0,"played":[0.5281,0.4719],"evs":[0.0,0.00651]},"82s":{"weight":0.0,"played":[1.0,0.0],"evs":[0.0,-0.52511]},"83s":{"weight":0.0,"played":[1.0,0.0],"evs":[0.0,-0.492]},"84s":{"weight":0.0,"played":[1.0,0.0],"evs":[0.0,-0.23646]},"85s":{"weight":0.0,"played":[0.1175,0.8825],"evs":[0.0,0.02954]},"86s":{"weight":0.0,"played":[0.0,1.0],"evs":[0.0,0.25908]},"87s":{"weight":0.9973,"played":[0.0,1.0],"evs":[0.0,0.49928]},"88":{"weight":0.9995,"played":[0.0,1.0],"evs":[0.0,3.17439]},"98o":{"weight":0.0,"played":[1.0,0.0],"evs":[0.0,-0.13934]},"T8o":{"weight":0.0,"played":[1.0,0.0],"evs":[0.0,-0.12552]},"J8o":{"weight":0.0,"played":[1.0,0.0],"evs":[0.0,-0.15604]},"Q8o":{"weight":0.0,"played":[1.0,0.0],"evs":[0.0,-0.31703]},"K8o":{"weight":0.0,"played":[1.0,0.0],"evs":[0.0,-0.31154]},"A8o":{"weight":1.0,"played":[0.0,1.0],"evs":[0.0,0.20533]},"92s":{"weight":0.0,"played":[1.0,0.0],"evs":[0.0,-0.53559]},"93s":{"weight":0.0,"played":[1.0,0.0],"evs":[0.0,-0.49835]},"94s":{"weight":0.0,"played":[1.0,0.0],"evs":[0.0,-0.46977]},"95s":{"weight":0.0,"played":[0.9999,1.0E-4],"evs":[0.0,-0.21273]},"96s":{"weight":0.0,"played":[1.0E-4,0.9999],"evs":[0.0,0.07824]},"97s":{"weight":0.012,"played":[0.0,1.0],"evs":[0.0,0.37336]},"98s":{"weight":1.0,"played":[0.0,1.0],"evs":[0.0,0.5518]},"99":{"weight":1.0,"played":[0.0,1.0],"evs":[0.0,3.82133]},"T9o":{"weight":0.0,"played":[0.0203,0.9797],"evs":[0.0,0.06771]},"J9o":{"weight":0.0,"played":[0.5385,0.4615],"evs":[0.0,-0.00811]},"Q9o":{"weight":0.0,"played":[1.0,0.0],"evs":[0.0,-0.13882]},"K9o":{"weight":0.0,"played":[1.0,0.0],"evs":[0.0,-0.16815]},"A9o":{"weight":1.0,"played":[0.0,1.0],"evs":[0.0,0.66744]},"T2s":{"weight":0.0,"played":[1.0,0.0],"evs":[0.0,-0.37179]},"T3s":{"weight":0.0,"played":[1.0,0.0],"evs":[0.0,-0.24325]},"T4s":{"weight":0.0,"played":[1.0,0.0],"evs":[0.0,-0.23837]},"T5s":{"weight":0.0,"played":[0.9999,1.0E-4],"evs":[0.0,-0.22311]},"T6s":{"weight":0.0,"played":[0.0054,0.9946],"evs":[0.0,0.06227]},"T7s":{"weight":0.0,"played":[0.0,1.0],"evs":[0.0,0.31938]},"T8s":{"weight":0.9999,"played":[0.0,1.0],"evs":[0.0,0.59986]},"T9s":{"weight":1.0,"played":[0.0,1.0],"evs":[0.0,0.73829]},"TT":{"weight":1.0,"played":[0.0,1.0],"evs":[0.0,4.80249]},"JTo":{"weight":1.0,"played":[0.0,1.0],"evs":[0.0,0.52123]},"QTo":{"weight":1.0,"played":[0.0,1.0],"evs":[0.0,0.36025]},"KTo":{"weight":1.0,"played":[0.0,1.0],"evs":[0.0,0.34549]},"ATo":{"weight":1.0,"played":[0.0,1.0],"evs":[0.0,1.81923]},"J2s":{"weight":0.0,"played":[0.999,0.001],"evs":[0.0,-0.20843]},"J3s":{"weight":0.0,"played":[0.9998,2.0E-4],"evs":[0.0,-0.12003]},"J4s":{"weight":0.0,"played":[0.6976,0.3024],"evs":[0.0,-0.01658]},"J5s":{"weight":0.0,"played":[0.0397,0.9603],"evs":[0.0,-0.00201]},"J6s":{"weight":0.0,"played":[0.0841,0.9159],"evs":[0.0,0.05015]},"J7s":{"weight":0.0,"played":[2.0E-4,0.9998],"evs":[0.0,0.28222]},"J8s":{"weight":1.0,"played":[0.0,1.0],"evs":[0.0,0.56136]},"J9s":{"weight":1.0,"played":[0.0,1.0],"evs":[0.0,0.70239]},"JTs":{"weight":1.0,"played":[0.0,1.0],"evs":[0.0,1.20369]},"JJ":{"weight":1.0,"played":[0.0,1.0],"evs":[0.0,5.69133]},"QJo":{"weight":1.0,"played":[0.0,1.0],"evs":[0.0,0.5452]},"KJo":{"weight":1.0,"played":[0.0,1.0],"evs":[0.0,0.55586]},"AJo":{"weight":1.0,"played":[0.0,1.0],"evs":[0.0,2.85833]},"Q2s":{"weight":0.0,"played":[0.9936,0.0064],"evs":[0.0,-0.13508]},"Q3s":{"weight":0.0,"played":[0.6164,0.3836],"evs":[0.0,-0.02145]},"Q4s":{"weight":0.0,"played":[5.0E-4,0.9995],"evs":[0.0,0.03484]},"Q5s":{"weight":0.0,"played":[0.0,1.0],"evs":[0.0,0.08186]},"Q6s":{"weight":0.0,"played":[0.0,1.0],"evs":[0.0,0.19542]},"Q7s":{"weight":0.0,"played":[1.0E-4,0.9999],"evs":[0.0,0.13246]},"Q8s":{"weight":1.0,"played":[0.0,1.0],"evs":[0.0,0.42143]},"Q9s":{"weight":1.0,"played":[0.0,1.0],"evs":[0.0,0.57487]},"QTs":{"weight":1.0,"played":[0.0,1.0],"evs":[0.0,1.04837]},"QJs":{"weight":1.0,"played":[0.0,1.0],"evs":[0.0,1.21971]},"QQ":{"weight":1.0,"played":[0.0,1.0],"evs":[0.0,6.77101]},"KQo":{"weight":1.0,"played":[0.0,1.0],"evs":[0.0,1.05263]},"AQo":{"weight":1.0,"played":[0.0,1.0],"evs":[0.0,4.17776]},"K2s":{"weight":0.0,"played":[0.0,1.0],"evs":[0.0,0.05379]},"K3s":{"weight":0.0,"played":[0.0,1.0],"evs":[0.0,0.15008]},"K4s":{"weight":0.0,"played":[0.0,1.0],"evs":[0.0,0.23871]},"K5s":{"weight":0.0113,"played":[0.0,1.0],"evs":[0.0,0.27132]},"K6s":{"weight":0.9998,"played":[0.0,1.0],"evs":[0.0,0.36926]},"K7s":{"weight":1.0,"played":[0.0,1.0],"evs":[0.0,0.39415]},"K8s":{"weight":1.0,"played":[0.0,1.0],"evs":[0.0,0.44173]},"K9s":{"weight":1.0,"played":[0.0,1.0],"evs":[0.0,0.5959]},"KTs":{"weight":0.9992,"played":[0.0,1.0],"evs":[0.0,1.06319]},"KJs":{"weight":1.0,"played":[0.0,1.0],"evs":[0.0,1.24225]},"KQs":{"weight":1.0,"played":[0.0,1.0],"evs":[0.0,1.70025]},"KK":{"weight":1.0,"played":[0.0,1.0],"evs":[0.0,7.95063]},"AKo":{"weight":0.9994,"played":[0.0,1.0],"evs":[0.0,5.32599]},"A2s":{"weight":1.0,"played":[0.0,1.0],"evs":[0.0,0.59736]},"A3s":{"weight":1.0,"played":[0.0,1.0],"evs":[0.0,0.67503]},"A4s":{"weight":1.0,"played":[0.0,1.0],"evs":[0.0,0.70519]},"A5s":{"weight":1.0,"played":[0.0,1.0],"evs":[0.0,0.7826]},"A6s":{"weight":1.0,"played":[0.0,1.0],"evs":[0.0,0.62588]},"A7s":{"weight":1.0,"played":[0.0,1.0],"evs":[0.0,0.739]},"A8s":{"weight":1.0,"played":[0.0,1.0],"evs":[0.0,0.90618]},"A9s":{"weight":1.0,"played":[0.0,1.0],"evs":[0.0,1.33516]},"ATs":{"weight":1.0,"played":[0.0,1.0],"evs":[0.0,2.45668]},"AJs":{"weight":1.0,"played":[0.0,1.0],"evs":[0.0,3.39518]},"AQs":{"weight":1.0,"played":[0.0,1.0],"evs":[0.0,4.61506]},"AKs":{"weight":1.0,"played":[0.0,1.0],"evs":[0.0,5.66346]},"AA":{"weight":1.0,"played":[0.0,1.0],"evs":[0.0,10.67908]}}}