{"player":0,"street":0,"children":2,"sequence":[{"player":0,"type":"R","amount":200000,"street":0},{"player":1,"type":"F","amount":0,"street":0},{"player":2,"type":"R","amount":985000,"street":0},{"player":3,"type":"F","amount":0,"street":0},{"player":4,"type":"F","amount":0,"street":0},{"player":5,"type":"C","amount":635000,"street":0}],"actions":[{"type":"F","amount":0},{"type":"C","amount":785000}],"hands":{"22":{"weight":0.0,"played":[0.0,1.0],"evs":[0.0,1.11946]},"32o":{"weight":0.0,"played":[1.0,0.0],"evs":[0.0,-1.16154]},"42o":{"weight":0.0,"played":[1.0,0.0],"evs":[0.0,-1.04049]},"52o":{"weight":0.0,"played":[1.0,0.0],"evs":[0.0,-0.87865]},"62o":{"weight":0.0,"played":[1.0,0.0],"evs":[0.0,-1.19622]},"72o":{"weight":0.0,"played":[1.0,0.0],"evs":[0.0,-1.42406]},"82o":{"weight":0.0,"played":[1.0,0.0],"evs":[0.0,-1.23807]},"92o":{"weight":0.0,"played":[1.0,0.0],"evs":[0.0,-1.25922]},"T2o":{"weight":0.0,"played":[1.0,0.0],"evs":[0.0,-1.17309]},"J2o":{"weight":0.0,"played":[1.0,0.0],"evs":[0.0,-1.08064]},"Q2o":{"weight":0.0,"played":[1.0,0.0],"evs":[0.0,-1.11493]},"K2o":{"weight":0.0,"played":[1.0,0.0],"evs":[0.0,-0.83337]},"A2o":{"weight":0.0,"played":[1.0,0.0],"evs":[0.0,-0.63634]},"32s":{"weight":0.0,"played":[0.9601,0.0399],"evs":[0.0,-0.14801]},"33":{"weight":1.0,"played":[0.0,1.0],"evs":[0.0,1.31083]},"43o":{"weight":0.0,"played":[1.0,0.0],"evs":[0.0,-0.63062]},"53o":{"weight":0.0,"played":[0.9998,2.0E-4],"evs":[0.0,-0.43401]},"63o":{"weight":0.0,"played":[1.0,0.0],"evs":[0.0,-0.69456]},"73o":{"weight":0.0,"played":[1.0,0.0],"evs":[0.0,-0.98813]},"83o":{"weight":0.0,"played":[1.0,0.0],"evs":[0.0,-1.20323]},"93o":{"weight":0.0,"played":[1.0,0.0],"evs":[0.0,-1.12636]},"T3o":{"weight":0.0,"played":[1.0,0.0],"evs":[0.0,-1.16482]},"J3o":{"weight":0.0,"played":[1.0,0.0],"evs":[0.0,-0.94818]},"Q3o":{"weight":0.0,"played":[1.0,0.0],"evs":[0.0,-1.00059]},"K3o":{"weight":0.0,"played":[1.0,0.0],"evs":[0.0,-0.64318]},"A3o":{"weight":0.0,"played":[1.0,0.0],"evs":[0.0,-0.57564]},"42s":{"weight":0.0,"played":[0.0382,0.9618],"evs":[0.0,0.03562]},"43s":{"weight":0.0,"played":[0.0,1.0],"evs":[0.0,0.37756]},"44":{"weight":1.0,"played":[0.0,1.0],"evs":[0.0,1.48903]},"54o":{"weight":0.0,"played":[0.7277,0.2723],"evs":[0.0,-0.03774]},"64o":{"weight":0.0,"played":[1.0,0.0],"evs":[0.0,-0.35754]},"74o":{"weight":0.0,"played":[0.9999,1.0E-4],"evs":[0.0,-0.61962]},"84o":{"weight":0.0,"played":[1.0,0.0],"evs":[0.0,-0.81413]},"94o":{"weight":0.0,"played":[1.0,0.0],"evs":[0.0,-1.16744]},"T4o":{"weight":0.0,"played":[1.0,0.0],"evs":[0.0,-1.0143]},"J4o":{"weight":0.0,"played":[1.0,0.0],"evs":[0.0,-0.86847]},"Q4o":{"weight":0.0,"played":[1.0,0.0],"evs":[0.0,-0.87861]},"K4o":{"weight":0.0,"played":[0.9999,1.0E-4],"evs":[0.0,-0.59418]},"A4o":{"weight":0.0,"played":[1.0,0.0],"evs":[0.0,-0.45854]},"52s":{"weight":0.0,"played":[0.0207,0.9793],"evs":[0.0,0.12574]},"53s":{"weight":0.0,"played":[0.0,1.0],"evs":[0.0,0.55973]},"54s":{"weight":0.0,"played":[0.0,1.0],"evs":[0.0,0.92146]},"55":{"weight":1.0,"played":[0.0,1.0],"evs":[0.0,1.78392]},"65o":{"weight":0.0,"played":[0.0035,0.9965],"evs":[0.0,0.15491]},"75o":{"weight":0.0,"played":[0.9997,3.0E-4],"evs":[0.0,-0.14754]},"85o":{"weight":0.0,"played":[0.9998,2.0E-4],"evs":[0.0,-0.35032]},"95o":{"weight":0.0,"played":[1.0,0.0],"evs":[0.0,-0.70671]},"T5o":{"weight":0.0,"played":[1.0,0.0],"evs":[0.0,-0.89181]},"J5o":{"weight":0.0,"played":[1.0,0.0],"evs":[0.0,-0.73299]},"Q5o":{"weight":0.0,"played":[1.0,0.0],"evs":[0.0,-0.76325]},"K5o":{"weight":0.0,"played":[0.9999,1.0E-4],"evs":[0.0,-0.39994]},"A5o":{"weight":1.0,"played":[0.9961,0.0039],"evs":[0.0,-0.25359]},"62s":{"weight":0.0,"played":[0.8087,0.1913],"evs":[0.0,-0.01093]},"63s":{"weight":0.0,"played":[1.0E-4,0.9999],"evs":[0.0,0.35826]},"64s":{"weight":0.0,"played":[0.0,1.0],"evs":[0.0,0.73755]},"65s":{"weight":0.0,"played":[0.0,1.0],"evs":[0.0,1.10939]},"66":{"weight":1.0,"played":[0.0,1.0],"evs":[0.0,2.25279]},"76o":{"weight":0.0,"played":[1.0E-4,0.9999],"evs":[0.0,0.20476]},"86o":{"weight":0.0,"played":[0.4926,0.5074],"evs":[0.0,-0.03385]},"96o":{"weight":0.0,"played":[1.0,0.0],"evs":[0.0,-0.28239]},"T6o":{"weight":0.0,"played":[0.9999,1.0E-4],"evs":[0.0,-0.61099]},"J6o":{"weight":0.0,"played":[1.0,0.0],"evs":[0.0,-0.65636]},"Q6o":{"weight":0.0,"played":[1.0,0.0],"evs":[0.0,-0.64444]},"K6o":{"weight":0.0,"played":[0.9992,8.0E-4],"evs":[0.0,-0.2781]},"A6o":{"weight":0.0,"played":[1.0,0.0],"evs":[0.0,-0.57915]},"72s":{"weight":0.0,"played":[0.9989,0.0011],"evs":[0.0,-0.40938]},"73s":{"weight":0.0,"played":[5.0E-4,0.9995],"evs":[0.0,0.01397]},"74s":{"weight":0.0,"played":[0.0,1.0],"evs":[0.0,0.2971]},"75s":{"weight":0.0,"played":[1.0E-4,0.9999],"evs":[0.0,0.71907]},"76s":{"weight":0.0,"played":[0.0,1.0],"evs":[0.0,1.12536]},"77":{"weight":1.0,"played":[0.0,1.0],"evs":[0.0,2.70927]},"87o":{"weight":0.0,"played":[2.0E-4,0.9998],"evs":[0.0,0.29155]},"97o":{"weight":0.0,"played":[0.0167,0.9833],"evs":[0.0,0.03549]},"T7o":{"weight":0.0,"played":[0.9998,2.0E-4],"evs":[0.0,-0.06551]},"J7o":{"weight":0.0,"played":[1.0,0.0],"evs":[0.0,-0.31743]},"Q7o":{"weight":0.0,"played":[0.9999,1.0E-4],"evs":[0.0,-0.64996]},"K7o":{"weight":0.0,"played":[0.9999,1.0E-4],"evs":[0.0,-0.21004]},"A7o":{"weight":1.0,"played":[1.0,0.0],"evs":[0.0,-0.36216]},"82s":{"weight":0.0,"played":[0.961,0.039],"evs":[0.0,-0.13849]},"83s":{"weight":0.0,"played":[0.9765,0.0235],"evs":[0.0,-0.19438]},"84s":{"weight":0.0,"played":[0.0023,0.9977],"evs":[0.0,0.10702]},"85s":{"weight":0.0,"played":[0.0,1.0],"evs":[0.0,0.56395]},"86s":{"weight":0.0,"played":[0.0,1.0],"evs":[0.0,0.9671]},"87s":{"weight":0.9973,"played":[0.0,1.0],"evs":[0.0,1.25464]},"88":{"weight":0.9995,"played":[0.0,1.0],"evs":[0.0,3.3013]},"98o":{"weight":0.0,"played":[0.0,1.0],"evs":[0.0,0.34032]},"T8o":{"weight":0.0,"played":[0.0,1.0],"evs":[0.0,0.23577]},"J8o":{"weight":0.0,"played":[0.0037,0.9963],"evs":[0.0,0.02865]},"Q8o":{"weight":0.0,"played":[0.9982,0.0018],"evs":[0.0,-0.25363]},"K8o":{"weight":0.0,"played":[0.9997,3.0E-4],"evs":[0.0,-0.16913]},"A8o":{"weight":1.0,"played":[0.9997,3.0E-4],"evs":[0.0,-0.19662]},"92s":{"weight":0.0,"played":[0.8315,0.1685],"evs":[0.0,-0.08079]},"93s":{"weight":0.0,"played":[0.7685,0.2315],"evs":[0.0,-0.02994]},"94s":{"weight":0.0,"played":[0.5782,0.4218],"evs":[0.0,-0.04512]},"95s":{"weight":0.0,"played":[0.0,1.0],"evs":[0.0,0.28192]},"96s":{"weight":0.0,"played":[0.0,1.0],"evs":[0.0,0.5682]},"97s":{"weight":0.012,"played":[1.0E-4,0.9999],"evs":[0.0,0.92472]},"98s":{"weight":1.0,"played":[0.0,1.0],"evs":[0.0,1.30631]},"99":{"weight":1.0,"played":[0.0,1.0],"evs":[0.0,4.01497]},"T9o":{"weight":0.0,"played":[0.0,1.0],"evs":[0.0,0.47478]},"J9o":{"weight":0.0,"played":[0.0,1.0],"evs":[0.0,0.24791]},"Q9o":{"weight":0.0,"played":[0.6893,0.3107],"evs":[0.0,-0.07974]},"K9o":{"weight":0.0,"played":[3.0E-4,0.9997],"evs":[0.0,0.03242]},"A9o":{"weight":1.0,"played":[9.0E-4,0.9991],"evs":[0.0,0.0603]},"T2s":{"weight":0.0,"played":[0.8124,0.1876],"evs":[0.0,-0.18464]},"T3s":{"weight":0.0,"played":[0.8126,0.1874],"evs":[0.0,-0.07868]},"T4s":{"weight":0.0,"played":[0.0033,0.9967],"evs":[0.0,0.10962]},"T5s":{"weight":0.0,"played":[6.0E-4,0.9994],"evs":[0.0,0.21153]},"T6s":{"weight":0.0,"played":[0.0,1.0],"evs":[0.0,0.52139]},"T7s":{"weight":0.0,"played":[0.0,1.0],"evs":[0.0,0.82216]},"T8s":{"weight":0.9999,"played":[0.0,1.0],"evs":[0.0,1.18586]},"T9s":{"weight":1.0,"played":[0.0,1.0],"evs":[0.0,1.42021]},"TT":{"weight":1.0,"played":[0.0,1.0],"evs":[0.0,5.16634]},"JTo":{"weight":1.0,"played":[0.0,1.0],"evs":[0.0,0.74331]},"QTo":{"weight":1.0,"played":[0.0,1.0],"evs":[0.0,0.49552]},"KTo":{"weight":1.0,"played":[0.0,1.0],"evs":[0.0,0.54896]},"ATo":{"weight":1.0,"played":[0.0,1.0],"evs":[0.0,1.02666]},"J2s":{"weight":0.0,"played":[0.5351,0.4649],"evs":[0.0,0.02306]},"J3s":{"weight":0.0,"played":[0.0316,0.9684],"evs":[0.0,0.05542]},"J4s":{"weight":0.0,"played":[0.177,0.823],"evs":[0.0,0.08872]},"J5s":{"weight":0.0,"played":[4.0E-4,0.9996],"evs":[0.0,0.24102]},"J6s":{"weight":0.0,"played":[0.0029,0.9971],"evs":[0.0,0.4179]},"J7s":{"weight":0.0,"played":[0.0,1.0],"evs":[0.0,0.57847]},"J8s":{"weight":1.0,"played":[0.0,1.0],"evs":[0.0,1.03722]},"J9s":{"weight":1.0,"played":[0.0,1.0],"evs":[0.0,1.20131]},"JTs":{"weight":1.0,"played":[0.0,1.0],"evs":[0.0,1.71725]},"JJ":{"weight":1.0,"played":[0.0,1.0],"evs":[0.0,6.31666]},"QJo":{"weight":1.0,"played":[0.0,1.0],"evs":[0.0,0.69376]},"KJo":{"weight":1.0,"played":[0.0,1.0],"evs":[0.0,0.72454]},"AJo":{"weight":1.0,"played":[0.0,1.0],"evs":[0.0,1.94239]},"Q2s":{"weight":0.0,"played":[0.8296,0.1704],"evs":[0.0,-0.0916]},"Q3s":{"weight":0.0,"played":[2.0E-4,0.9998],"evs":[0.0,0.10108]},"Q4s":{"weight":0.0,"played":[0.1468,0.8532],"evs":[0.0,0.03602]},"Q5s":{"weight":0.0,"played":[0.0,1.0],"evs":[0.0,0.33279]},"Q6s":{"weight":0.0,"played":[0.0,1.0],"evs":[0.0,0.48269]},"Q7s":{"weight":0.0,"played":[0.0,1.0],"evs":[0.0,0.37599]},"Q8s":{"weight":1.0,"played":[0.0,1.0],"evs":[0.0,0.68284]},"Q9s":{"weight":1.0,"played":[0.0,1.0],"evs":[0.0,0.96185]},"QTs":{"weight":1.0,"played":[0.0,1.0],"evs":[0.0,1.46315]},"QJs":{"weight":1.0,"played":[0.0,1.0],"evs":[0.0,1.61656]},"QQ":{"weight":1.0,"played":[0.0,1.0],"evs":[0.0,8.18671]},"KQo":{"weight":1.0,"played":[0.0,1.0],"evs":[0.0,1.15122]},"AQo":{"weight":1.0,"played":[0.0,1.0],"evs":[0.0,3.24088]},"K2s":{"weight":0.0,"played":[9.0E-4,0.9991],"evs":[0.0,0.22674]},"K3s":{"weight":0.0,"played":[0.0,1.0],"evs":[0.0,0.32278]},"K4s":{"weight":0.0,"played":[2.0E-4,0.9998],"evs":[0.0,0.61339]},"K5s":{"weight":0.0113,"played":[0.0,1.0],"evs":[0.0,0.51015]},"K6s":{"weight":0.9998,"played":[0.0,1.0],"evs":[0.0,0.81305]},"K7s":{"weight":1.0,"played":[0.0,1.0],"evs":[0.0,0.78997]},"K8s":{"weight":1.0,"played":[0.0,1.0],"evs":[0.0,0.81932]},"K9s":{"weight":1.0,"played":[0.0,1.0],"evs":[0.0,1.0008]},"KTs":{"weight":0.9992,"played":[0.0,1.0],"evs":[0.0,1.52218]},"KJs":{"weight":1.0,"played":[0.0,1.0],"evs":[0.0,1.67544]},"KQs":{"weight":1.0,"played":[0.0,1.0],"evs":[0.0,2.15401]},"KK":{"weight":1.0,"played":[0.0,1.0],"evs":[0.0,10.27376]},"AKo":{"weight":0.9994,"played":[0.0,1.0],"evs":[0.0,4.78774]},"A2s":{"weight":1.0,"played":[0.0,1.0],"evs":[0.0,0.37583]},"A3s":{"weight":1.0,"played":[0.0,1.0],"evs":[0.0,0.59454]},"A4s":{"weight":1.0,"played":[0.0,1.0],"evs":[0.0,0.68264]},"A5s":{"weight":1.0,"played":[0.0,1.0],"evs":[0.0,0.80502]},"A6s":{"weight":1.0,"played":[0.0,1.0],"evs":[0.0,0.59482]},"A7s":{"weight":1.0,"played":[0.0,1.0],"evs":[0.0,0.65627]},"A8s":{"weight":1.0,"played":[0.0,1.0],"evs":[0.0,0.92721]},"A9s":{"weight":1.0,"played":[0.0,1.0],"evs":[0.0,1.14775]},"ATs":{"weight":1.0,"played":[0.0,1.0],"evs":[0.0,2.10027]},"AJs":{"weight":1.0,"played":[0.0,1.0],"evs":[0.0,2.95834]},"AQs":{"weight":1.0,"played":[0.0,1.0],"evs":[0.0,4.14584]},"AKs":{"weight":1.0,"played":[0.0,1.0],"evs":[0.0,5.50823]},"AA":{"weight":1.0,"played":[0.0,1.0],"evs":[0.0,13.95767]}}}