{"player":1,"street":0,"children":3,"sequence":[{"player":0,"type":"F","amount":0,"street":0},{"player":1,"type":"R","amount":200000,"street":0},{"player":2,"type":"F","amount":0,"street":0},{"player":3,"type":"F","amount":0,"street":0},{"player":4,"type":"C","amount":150000,"street":0},{"player":5,"type":"R","amount":735000,"street":0}],"actions":[{"type":"F","amount":0,"node":43},{"type":"C","amount":535000,"node":44},{"type":"R","amount":2035000,"node":46}],"hands":{"22":{"weight":0.0,"played":[0.0,0.5159,0.4841],"evs":[0.0,2.35293,2.35587]},"32o":{"weight":0.0,"played":[1.0,0.0,0.0],"evs":[0.0,-1.70258,-1.77152]},"42o":{"weight":0.0,"played":[1.0,0.0,0.0],"evs":[0.0,-1.52596,-1.59298]},"52o":{"weight":0.0,"played":[1.0,0.0,0.0],"evs":[0.0,-1.4872,-1.49446]},"62o":{"weight":0.0,"played":[1.0,0.0,0.0],"evs":[0.0,-1.8036,-1.8268]},"72o":{"weight":0.0,"played":[1.0,0.0,0.0],"evs":[0.0,-2.18256,-2.18569]},"82o":{"weight":0.0,"played":[1.0,0.0,0.0],"evs":[0.0,-2.18935,-2.23878]},"92o":{"weight":0.0,"played":[1.0,0.0,0.0],"evs":[0.0,-1.91193,-1.93409]},"T2o":{"weight":0.0,"played":[1.0,0.0,0.0],"evs":[0.0,-1.92032,-1.96638]},"J2o":{"weight":0.0,"played":[1.0,0.0,0.0],"evs":[0.0,-1.73285,-1.74951]},"Q2o":{"weight":0.0,"played":[1.0,0.0,0.0],"evs":[0.0,-1.4963,-1.51016]},"K2o":{"weight":0.0,"played":[1.0,0.0,0.0],"evs":[0.0,-1.0872,-1.04494]},"A2o":{"weight":1.0E-4,"played":[0.0,2.0E-4,0.9998],"evs":[0.0,1.31238,1.36954]},"32s":{"weight":0.0,"played":[0.9983,3.0E-4,0.0014],"evs":[0.0,-0.63976,-0.69717]},"33":{"weight":0.0,"played":[0.0,0.5153,0.4847],"evs":[0.0,2.73101,2.74342]},"43o":{"weight":0.0,"played":[1.0,0.0,0.0],"evs":[0.0,-1.07288,-1.13504]},"53o":{"weight":0.0,"played":[1.0,0.0,0.0],"evs":[0.0,-0.98837,-0.99865]},"63o":{"weight":0.0,"played":[1.0,0.0,0.0],"evs":[0.0,-1.24957,-1.26707]},"73o":{"weight":0.0,"played":[1.0,0.0,0.0],"evs":[0.0,-1.71115,-1.74632]},"83o":{"weight":0.0,"played":[1.0,0.0,0.0],"evs":[0.0,-2.18403,-2.20848]},"93o":{"weight":0.0,"played":[1.0,0.0,0.0],"evs":[0.0,-1.7394,-1.76195]},"T3o":{"weight":0.0,"played":[1.0,0.0,0.0],"evs":[0.0,-1.74412,-1.77505]},"J3o":{"weight":0.0,"played":[1.0,0.0,0.0],"evs":[0.0,-1.61216,-1.65438]},"Q3o":{"weight":0.0,"played":[1.0,0.0,0.0],"evs":[0.0,-1.40165,-1.4241]},"K3o":{"weight":0.0,"played":[1.0,0.0,0.0],"evs":[0.0,-0.97903,-0.93464]},"A3o":{"weight":0.9966,"played":[0.0,0.0328,0.9672],"evs":[0.0,1.40532,1.45664]},"42s":{"weight":0.0,"played":[0.9991,8.0E-4,2.0E-4],"evs":[0.0,-0.42846,-0.47391]},"43s":{"weight":0.0,"played":[0.1817,0.774,0.0443],"evs":[0.0,0.06258,0.04015]},"44":{"weight":0.412,"played":[0.0,0.0507,0.9493],"evs":[0.0,3.07008,3.13277]},"54o":{"weight":0.0,"played":[1.0,0.0,0.0],"evs":[0.0,-0.50431,-0.49736]},"64o":{"weight":0.0,"played":[1.0,0.0,0.0],"evs":[0.0,-0.78171,-0.7861]},"74o":{"weight":0.0,"played":[1.0,0.0,0.0],"evs":[0.0,-1.26681,-1.27929]},"84o":{"weight":0.0,"played":[1.0,0.0,0.0],"evs":[0.0,-1.67478,-1.69496]},"94o":{"weight":0.0,"played":[1.0,0.0,0.0],"evs":[0.0,-1.72633,-1.73177]},"T4o":{"weight":0.0,"played":[1.0,0.0,0.0],"evs":[0.0,-1.6582,-1.67953]},"J4o":{"weight":0.0,"played":[1.0,0.0,0.0],"evs":[0.0,-1.4673,-1.48254]},"Q4o":{"weight":0.0,"played":[1.0,0.0,0.0],"evs":[0.0,-1.22708,-1.23169]},"K4o":{"weight":0.0,"played":[1.0,0.0,0.0],"evs":[0.0,-0.88462,-0.83411]},"A4o":{"weight":1.0,"played":[0.0,0.012,0.988],"evs":[0.0,1.51132,1.5642]},"52s":{"weight":0.0,"played":[0.9977,0.0012,0.0011],"evs":[0.0,-0.39672,-0.39272]},"53s":{"weight":0.0,"played":[0.0068,0.6479,0.3453],"evs":[0.0,0.05862,0.08262]},"54s":{"weight":0.0,"played":[9.0E-4,0.5567,0.4424],"evs":[0.0,0.5422,0.56595]},"55":{"weight":0.2646,"played":[0.0,1.0E-4,0.9999],"evs":[0.0,3.52727,3.66653]},"65o":{"weight":0.0,"played":[1.0,0.0,0.0],"evs":[0.0,-0.47022,-0.43671]},"75o":{"weight":0.0,"played":[1.0,0.0,0.0],"evs":[0.0,-0.8754,-0.83106]},"85o":{"weight":0.0,"played":[1.0,0.0,0.0],"evs":[0.0,-1.34844,-1.34661]},"95o":{"weight":0.0,"played":[1.0,0.0,0.0],"evs":[0.0,-1.35659,-1.35134]},"T5o":{"weight":0.0,"played":[1.0,0.0,0.0],"evs":[0.0,-1.67413,-1.6427]},"J5o":{"weight":0.0,"played":[1.0,0.0,0.0],"evs":[0.0,-1.52008,-1.50791]},"Q5o":{"weight":0.0,"played":[1.0,0.0,0.0],"evs":[0.0,-1.25552,-1.2057]},"K5o":{"weight":0.0,"played":[1.0,0.0,0.0],"evs":[0.0,-0.88629,-0.78834]},"A5o":{"weight":1.0,"played":[0.0,2.0E-4,0.9998],"evs":[0.0,1.7202,1.79394]},"62s":{"weight":0.0,"played":[1.0,0.0,0.0],"evs":[0.0,-0.66061,-0.65181]},"63s":{"weight":0.0,"played":[0.9993,7.0E-4,0.0],"evs":[0.0,-0.19025,-0.16719]},"64s":{"weight":0.0,"played":[0.0121,0.3165,0.6714],"evs":[0.0,0.3022,0.31024]},"65s":{"weight":0.0,"played":[2.0E-4,0.03,0.9699],"evs":[0.0,0.54014,0.60887]},"66":{"weight":0.5833,"played":[0.0,1.0E-4,0.9999],"evs":[0.0,3.96807,4.14917]},"76o":{"weight":0.0,"played":[1.0,0.0,0.0],"evs":[0.0,-0.38059,-0.36005]},"86o":{"weight":0.0,"played":[1.0,0.0,0.0],"evs":[0.0,-0.79983,-0.78552]},"96o":{"weight":0.0,"played":[1.0,0.0,0.0],"evs":[0.0,-0.85831,-0.84404]},"T6o":{"weight":0.0,"played":[1.0,0.0,0.0],"evs":[0.0,-1.19135,-1.167]},"J6o":{"weight":0.0,"played":[1.0,0.0,0.0],"evs":[0.0,-1.43526,-1.42443]},"Q6o":{"weight":0.0,"played":[1.0,0.0,0.0],"evs":[0.0,-1.16549,-1.13232]},"K6o":{"weight":0.0,"played":[0.9999,0.0,0.0],"evs":[0.0,-0.73618,-0.66117]},"A6o":{"weight":1.0,"played":[0.0,1.0E-4,0.9999],"evs":[0.0,1.60091,1.67585]},"72s":{"weight":0.0,"played":[1.0,0.0,0.0],"evs":[0.0,-1.00121,-0.99166]},"73s":{"weight":0.0,"played":[0.9957,0.0019,0.0025],"evs":[0.0,-0.56651,-0.55575]},"74s":{"weight":0.0,"played":[0.9989,0.0,0.0011],"evs":[0.0,-0.16676,-0.15597]},"75s":{"weight":0.0,"played":[0.0106,0.0971,0.8923],"evs":[0.0,0.33614,0.39464]},"76s":{"weight":0.4161,"played":[0.0,0.0129,0.9871],"evs":[0.0,0.55312,0.60643]},"77":{"weight":0.9983,"played":[0.0,0.0,1.0],"evs":[0.0,4.31864,4.48987]},"87o":{"weight":0.0,"played":[0.9997,1.0E-4,2.0E-4],"evs":[0.0,-0.57486,-0.54186]},"97o":{"weight":0.0,"played":[1.0,0.0,0.0],"evs":[0.0,-0.62123,-0.59159]},"T7o":{"weight":0.0,"played":[1.0,0.0,0.0],"evs":[0.0,-0.95286,-0.93247]},"J7o":{"weight":0.0,"played":[1.0,0.0,0.0],"evs":[0.0,-1.14466,-1.14007]},"Q7o":{"weight":0.0,"played":[1.0,0.0,0.0],"evs":[0.0,-1.17332,-1.13753]},"K7o":{"weight":0.0,"played":[1.0,0.0,0.0],"evs":[0.0,-0.71829,-0.63939]},"A7o":{"weight":1.0,"played":[0.0,0.0,1.0],"evs":[0.0,1.97509,2.03583]},"82s":{"weight":0.0,"played":[1.0,0.0,0.0],"evs":[0.0,-0.94145,-0.94421]},"83s":{"weight":0.0,"played":[1.0,0.0,0.0],"evs":[0.0,-1.08589,-1.09491]},"84s":{"weight":0.0,"played":[0.9995,0.0,5.0E-4],"evs":[0.0,-0.41366,-0.41832]},"85s":{"weight":0.0,"played":[0.9938,0.0027,0.0035],"evs":[0.0,-0.1851,-0.1326]},"86s":{"weight":0.0,"played":[0.0089,0.3746,0.6165],"evs":[0.0,0.22113,0.22139]},"87s":{"weight":1.0,"played":[1.0E-4,0.2579,0.742],"evs":[0.0,0.52139,0.53518]},"88":{"weight":1.0,"played":[0.0,3.0E-4,0.9997],"evs":[0.0,4.91715,5.02893]},"98o":{"weight":0.0,"played":[0.9998,2.0E-4,0.0],"evs":[0.0,-0.49249,-0.46572]},"T8o":{"weight":0.0,"played":[1.0,0.0,0.0],"evs":[0.0,-0.76822,-0.76007]},"J8o":{"weight":0.0,"played":[0.9998,1.0E-4,1.0E-4],"evs":[0.0,-0.98784,-0.98236]},"Q8o":{"weight":0.0,"played":[0.9999,1.0E-4,0.0],"evs":[0.0,-1.09584,-1.07747]},"K8o":{"weight":0.0,"played":[1.0,0.0,0.0],"evs":[0.0,-0.87118,-0.86235]},"A8o":{"weight":0.9993,"played":[0.0,0.0019,0.9981],"evs":[0.0,2.6995,2.73673]},"92s":{"weight":0.0,"played":[0.9999,1.0E-4,0.0],"evs":[0.0,-0.70213,-0.75574]},"93s":{"weight":0.0,"played":[1.0,0.0,0.0],"evs":[0.0,-0.61229,-0.64792]},"94s":{"weight":0.0,"played":[1.0,0.0,0.0],"evs":[0.0,-0.60527,-0.59911]},"95s":{"weight":0.0,"played":[0.9812,0.0082,0.0106],"evs":[0.0,-0.23233,-0.20821]},"96s":{"weight":0.0,"played":[8.0E-4,0.396,0.6032],"evs":[0.0,0.19061,0.19667]},"97s":{"weight":1.0,"played":[1.0E-4,0.0802,0.9197],"evs":[0.0,0.49296,0.53099]},"98s":{"weight":1.0,"played":[0.0,0.1336,0.8664],"evs":[0.0,0.68576,0.71326]},"99":{"weight":1.0,"played":[0.0,0.0083,0.9917],"evs":[0.0,5.99644,6.06242]},"T9o":{"weight":0.1224,"played":[0.9733,0.008,0.0186],"evs":[0.0,-0.07973,-0.06912]},"J9o":{"weight":0.0,"played":[0.9981,6.0E-4,0.0012],"evs":[0.0,-0.27968,-0.27233]},"Q9o":{"weight":0.0,"played":[0.9928,9.0E-4,0.0063],"evs":[0.0,-0.2719,-0.26138]},"K9o":{"weight":0.5394,"played":[0.0047,0.2404,0.7549],"evs":[0.0,0.02484,0.02816]},"A9o":{"weight":0.6022,"played":[0.0,1.0E-4,0.9999],"evs":[0.0,3.79038,3.87419]},"T2s":{"weight":0.0,"played":[0.9989,5.0E-4,6.0E-4],"evs":[0.0,-0.69173,-0.7321]},"T3s":{"weight":0.0,"played":[1.0,0.0,0.0],"evs":[0.0,-0.69493,-0.73233]},"T4s":{"weight":0.0,"played":[1.0,0.0,0.0],"evs":[0.0,-0.5147,-0.5261]},"T5s":{"weight":0.0,"played":[0.9999,0.0,1.0E-4],"evs":[0.0,-0.44832,-0.41959]},"T6s":{"weight":0.0,"played":[0.8538,0.0517,0.0945],"evs":[0.0,-0.0574,-0.04535]},"T7s":{"weight":0.9986,"played":[0.0011,0.0137,0.9853],"evs":[0.0,0.2498,0.27948]},"T8s":{"weight":0.9992,"played":[0.0,0.1528,0.8472],"evs":[0.0,0.32316,0.33328]},"T9s":{"weight":0.985,"played":[0.0,0.2709,0.7291],"evs":[0.0,0.95467,0.9774]},"TT":{"weight":1.0,"played":[0.0,7.0E-4,0.9993],"evs":[0.0,7.07271,7.10396]},"JTo":{"weight":1.0,"played":[3.0E-4,0.3365,0.6632],"evs":[0.0,0.1665,0.15169]},"QTo":{"weight":1.0,"played":[0.0,0.0442,0.9558],"evs":[0.0,0.31709,0.32063]},"KTo":{"weight":0.9998,"played":[0.0,0.1509,0.8491],"evs":[0.0,1.0208,1.04451]},"ATo":{"weight":0.4938,"played":[0.0,0.0,1.0],"evs":[0.0,5.25605,5.37332]},"J2s":{"weight":0.0,"played":[0.9994,6.0E-4,0.0],"evs":[0.0,-0.68586,-0.68684]},"J3s":{"weight":0.0,"played":[0.9999,0.0,0.0],"evs":[0.0,-0.42146,-0.45977]},"J4s":{"weight":0.0,"played":[0.9978,9.0E-4,0.0014],"evs":[0.0,-0.38726,-0.36302]},"J5s":{"weight":0.0,"played":[0.999,2.0E-4,9.0E-4],"evs":[0.0,-0.36542,-0.35148]},"J6s":{"weight":0.0,"played":[0.9878,0.0036,0.0086],"evs":[0.0,-0.29417,-0.27674]},"J7s":{"weight":0.2271,"played":[0.6419,0.0793,0.2789],"evs":[0.0,-0.10622,-0.06682]},"J8s":{"weight":1.0,"played":[1.0E-4,0.0021,0.9977],"evs":[0.0,0.09941,0.11588]},"J9s":{"weight":0.9377,"played":[0.0,0.5187,0.4813],"evs":[0.0,0.86885,0.86942]},"JTs":{"weight":0.3888,"played":[0.0,0.2881,0.7119],"evs":[0.0,1.07391,1.04099]},"JJ":{"weight":1.0,"played":[0.0,1.0E-4,0.9999],"evs":[0.0,8.30656,8.34664]},"QJo":{"weight":1.0,"played":[0.0,0.056,0.944],"evs":[0.0,0.81614,0.82579]},"KJo":{"weight":0.9066,"played":[0.0,1.0E-4,0.9999],"evs":[0.0,2.40632,2.47326]},"AJo":{"weight":0.0459,"played":[0.0,0.0,1.0],"evs":[0.0,6.20942,6.31062]},"Q2s":{"weight":0.0,"played":[0.9999,1.0E-4,1.0E-4],"evs":[0.0,-0.28428,-0.29742]},"Q3s":{"weight":0.0,"played":[0.9732,0.0058,0.021],"evs":[0.0,-0.26961,-0.26857]},"Q4s":{"weight":0.0,"played":[0.5839,0.2477,0.1683],"evs":[0.0,0.01916,0.01336]},"Q5s":{"weight":0.0,"played":[0.8696,0.054,0.0764],"evs":[0.0,-0.15869,-0.13327]},"Q6s":{"weight":7.0E-4,"played":[8.0E-4,0.0502,0.949],"evs":[0.0,0.13264,0.14405]},"Q7s":{"weight":0.8892,"played":[0.4033,0.0259,0.5708],"evs":[0.0,0.00327,0.04272]},"Q8s":{"weight":1.0,"played":[0.0326,0.1387,0.8287],"evs":[0.0,0.08553,0.0938]},"Q9s":{"weight":1.0,"played":[0.0,2.0E-4,0.9998],"evs":[0.0,0.77455,0.77776]},"QTs":{"weight":0.6879,"played":[0.0,0.4872,0.5128],"evs":[0.0,1.33047,1.29487]},"QJs":{"weight":0.3726,"played":[0.0,0.1455,0.8545],"evs":[0.0,1.86478,1.85539]},"QQ":{"weight":1.0,"played":[0.0,0.0266,0.9734],"evs":[0.0,9.76322,9.78183]},"KQo":{"weight":0.6902,"played":[0.0,1.0E-4,0.9999],"evs":[0.0,3.65138,3.69551]},"AQo":{"weight":0.9397,"played":[0.0,3.0E-4,0.9997],"evs":[0.0,6.82137,6.90362]},"K2s":{"weight":0.0,"played":[0.1631,0.228,0.6089],"evs":[0.0,0.02547,0.03263]},"K3s":{"weight":0.0,"played":[0.0374,0.028,0.9345],"evs":[0.0,0.30643,0.36255]},"K4s":{"weight":0.0,"played":[0.0011,0.0527,0.9462],"evs":[0.0,0.20781,0.27011]},"K5s":{"weight":1.0,"played":[1.0E-4,0.0217,0.9782],"evs":[0.0,0.32833,0.3965]},"K6s":{"weight":1.0,"played":[1.0E-4,8.0E-4,0.9991],"evs":[0.0,0.48225,0.53607]},"K7s":{"weight":0.9951,"played":[4.0E-4,6.0E-4,0.999],"evs":[0.0,0.41971,0.47644]},"K8s":{"weight":0.1085,"played":[3.0E-4,5.0E-4,0.9993],"evs":[0.0,0.29971,0.33093]},"K9s":{"weight":4.0E-4,"played":[0.0,0.2867,0.7133],"evs":[0.0,1.11442,1.11726]},"KTs":{"weight":0.0,"played":[0.0,0.0233,0.9767],"evs":[0.0,2.08086,2.08992]},"KJs":{"weight":0.9991,"played":[0.0,2.0E-4,0.9998],"evs":[0.0,3.36186,3.40382]},"KQs":{"weight":1.0,"played":[0.0,7.0E-4,0.9993],"evs":[0.0,4.48622,4.50769]},"KK":{"weight":1.0,"played":[0.0,0.1157,0.8843],"evs":[0.0,11.35765,11.34907]},"AKo":{"weight":1.0,"played":[0.0,0.0342,0.9658],"evs":[0.0,7.76363,7.84693]},"A2s":{"weight":0.9968,"played":[0.0,0.168,0.832],"evs":[0.0,2.39626,2.42655]},"A3s":{"weight":0.9939,"played":[0.0,0.1839,0.8161],"evs":[0.0,2.55237,2.57107]},"A4s":{"weight":0.1121,"played":[0.0,0.0015,0.9985],"evs":[0.0,2.57539,2.62244]},"A5s":{"weight":0.0,"played":[0.0,0.1213,0.8787],"evs":[0.0,2.62454,2.66233]},"A6s":{"weight":6.0E-4,"played":[0.0,0.2057,0.7943],"evs":[0.0,2.66433,2.66739]},"A7s":{"weight":0.0031,"played":[0.0,1.0E-4,0.9999],"evs":[0.0,3.02725,3.08291]},"A8s":{"weight":1.0,"played":[0.0,0.0176,0.9824],"evs":[0.0,3.75821,3.78728]},"A9s":{"weight":1.0,"played":[0.0,0.0052,0.9948],"evs":[0.0,4.83243,4.85378]},"ATs":{"weight":1.0,"played":[0.0,0.0139,0.9861],"evs":[0.0,6.01757,6.09733]},"AJs":{"weight":1.0,"played":[0.0,7.0E-4,0.9993],"evs":[0.0,7.00675,7.07682]},"AQs":{"weight":1.0,"played":[0.0,0.0138,0.9862],"evs":[0.0,7.429,7.48737]},"AKs":{"weight":1.0,"played":[0.0,0.2083,0.7917],"evs":[0.0,8.45023,8.48153]},"AA":{"weight":1.0,"played":[0.0,0.6879,0.3121],"evs":[0.0,15.08749,15.01252]}}}