{"player":2,"street":0,"children":3,"sequence":[{"player":0,"type":"R","amount":200000,"street":0},{"player":1,"type":"C","amount":200000,"street":0}],"actions":[{"type":"F","amount":0,"node":427},{"type":"C","amount":200000,"node":561},{"type":"R","amount":985000,"node":748}],"hands":{"22":{"weight":1.0,"played":[1.0,0.0,0.0],"evs":[0.0,-0.28589,-0.71752]},"32o":{"weight":1.0,"played":[1.0,0.0,0.0],"evs":[0.0,-0.99485,-3.09793]},"42o":{"weight":1.0,"played":[1.0,0.0,0.0],"evs":[0.0,-0.95433,-2.95983]},"52o":{"weight":1.0,"played":[1.0,0.0,0.0],"evs":[0.0,-0.92846,-2.82772]},"62o":{"weight":1.0,"played":[1.0,0.0,0.0],"evs":[0.0,-0.99459,-3.02098]},"72o":{"weight":1.0,"played":[1.0,0.0,0.0],"evs":[0.0,-1.06325,-3.27244]},"82o":{"weight":1.0,"played":[1.0,0.0,0.0],"evs":[0.0,-1.05072,-3.08185]},"92o":{"weight":1.0,"played":[1.0,0.0,0.0],"evs":[0.0,-1.04562,-2.94373]},"T2o":{"weight":1.0,"played":[1.0,0.0,0.0],"evs":[0.0,-1.03775,-2.85246]},"J2o":{"weight":1.0,"played":[1.0,0.0,0.0],"evs":[0.0,-1.02545,-2.77988]},"Q2o":{"weight":1.0,"played":[1.0,0.0,0.0],"evs":[0.0,-0.92884,-2.51009]},"K2o":{"weight":1.0,"played":[1.0,0.0,0.0],"evs":[0.0,-0.80869,-2.04054]},"A2o":{"weight":1.0,"played":[1.0,0.0,0.0],"evs":[0.0,-0.69052,-1.31274]},"32s":{"weight":1.0,"played":[1.0,0.0,0.0],"evs":[0.0,-0.77404,-2.30394]},"33":{"weight":1.0,"played":[1.0,0.0,0.0],"evs":[0.0,-0.182,-0.48729]},"43o":{"weight":1.0,"played":[1.0,0.0,0.0],"evs":[0.0,-0.87462,-2.66237]},"53o":{"weight":1.0,"played":[1.0,0.0,0.0],"evs":[0.0,-0.82171,-2.503]},"63o":{"weight":1.0,"played":[1.0,0.0,0.0],"evs":[0.0,-0.89184,-2.70488]},"73o":{"weight":1.0,"played":[1.0,0.0,0.0],"evs":[0.0,-0.99346,-2.95868]},"83o":{"weight":1.0,"played":[1.0,0.0,0.0],"evs":[0.0,-1.04563,-3.09038]},"93o":{"weight":1.0,"played":[1.0,0.0,0.0],"evs":[0.0,-1.05112,-2.89659]},"T3o":{"weight":1.0,"played":[1.0,0.0,0.0],"evs":[0.0,-1.04446,-2.80082]},"J3o":{"weight":1.0,"played":[1.0,0.0,0.0],"evs":[0.0,-1.01731,-2.69025]},"Q3o":{"weight":1.0,"played":[1.0,0.0,0.0],"evs":[0.0,-0.92667,-2.45802]},"K3o":{"weight":1.0,"played":[1.0,0.0,0.0],"evs":[0.0,-0.79692,-1.97466]},"A3o":{"weight":1.0,"played":[1.0,0.0,0.0],"evs":[0.0,-0.65485,-1.23552]},"42s":{"weight":1.0,"played":[1.0,0.0,0.0],"evs":[0.0,-0.75004,-2.19276]},"43s":{"weight":1.0,"played":[1.0,0.0,0.0],"evs":[0.0,-0.57606,-1.87237]},"44":{"weight":1.0,"played":[0.9548,0.0452,0.0],"evs":[0.0,-0.01592,-0.15516]},"54o":{"weight":1.0,"played":[1.0,0.0,0.0],"evs":[0.0,-0.7233,-2.14495]},"64o":{"weight":1.0,"played":[1.0,0.0,0.0],"evs":[0.0,-0.77749,-2.35029]},"74o":{"weight":1.0,"played":[1.0,0.0,0.0],"evs":[0.0,-0.88349,-2.58943]},"84o":{"weight":1.0,"played":[1.0,0.0,0.0],"evs":[0.0,-0.95698,-2.70479]},"94o":{"weight":1.0,"played":[1.0,0.0,0.0],"evs":[0.0,-1.01743,-2.8296]},"T4o":{"weight":1.0,"played":[1.0,0.0,0.0],"evs":[0.0,-1.00767,-2.65447]},"J4o":{"weight":1.0,"played":[1.0,0.0,0.0],"evs":[0.0,-0.98062,-2.58111]},"Q4o":{"weight":1.0,"played":[1.0,0.0,0.0],"evs":[0.0,-0.89308,-2.31133]},"K4o":{"weight":1.0,"played":[1.0,0.0,0.0],"evs":[0.0,-0.76716,-1.85802]},"A4o":{"weight":1.0,"played":[1.0,0.0,0.0],"evs":[0.0,-0.60044,-1.06672]},"52s":{"weight":1.0,"played":[1.0,0.0,0.0],"evs":[0.0,-0.70654,-2.02206]},"53s":{"weight":1.0,"played":[1.0,0.0,0.0],"evs":[0.0,-0.50948,-1.70659]},"54s":{"weight":1.0,"played":[1.0,0.0,0.0],"evs":[0.0,-0.31026,-1.417]},"55":{"weight":1.0,"played":[0.0,0.6865,0.3135],"evs":[0.0,0.19807,0.19061]},"65o":{"weight":1.0,"played":[1.0,0.0,0.0],"evs":[0.0,-0.64242,-2.00821]},"75o":{"weight":1.0,"played":[1.0,0.0,0.0],"evs":[0.0,-0.75858,-2.23009]},"85o":{"weight":1.0,"played":[1.0,0.0,0.0],"evs":[0.0,-0.84431,-2.36435]},"95o":{"weight":1.0,"played":[1.0,0.0,0.0],"evs":[0.0,-0.93993,-2.48738]},"T5o":{"weight":1.0,"played":[1.0,0.0,0.0],"evs":[0.0,-0.99073,-2.59715]},"J5o":{"weight":1.0,"played":[1.0,0.0,0.0],"evs":[0.0,-0.96247,-2.45101]},"Q5o":{"weight":1.0,"played":[1.0,0.0,0.0],"evs":[0.0,-0.87439,-2.20718]},"K5o":{"weight":1.0,"played":[1.0,0.0,0.0],"evs":[0.0,-0.74691,-1.71577]},"A5o":{"weight":1.0,"played":[1.0,0.0,0.0],"evs":[0.0,-0.51496,-0.89885]},"62s":{"weight":1.0,"played":[1.0,0.0,0.0],"evs":[0.0,-0.74982,-2.21235]},"63s":{"weight":1.0,"played":[1.0,0.0,0.0],"evs":[0.0,-0.61074,-1.90836]},"64s":{"weight":1.0,"played":[1.0,0.0,0.0],"evs":[0.0,-0.40771,-1.56362]},"65s":{"weight":1.0,"played":[1.0,0.0,0.0],"evs":[0.0,-0.18259,-1.25057]},"66":{"weight":1.0,"played":[0.0,0.0027,0.9973],"evs":[0.0,0.51911,0.64575]},"76o":{"weight":1.0,"played":[1.0,0.0,0.0],"evs":[0.0,-0.60975,-1.89916]},"86o":{"weight":1.0,"played":[1.0,0.0,0.0],"evs":[0.0,-0.69933,-2.0091]},"96o":{"weight":1.0,"played":[1.0,0.0,0.0],"evs":[0.0,-0.80218,-2.11215]},"T6o":{"weight":1.0,"played":[1.0,0.0,0.0],"evs":[0.0,-0.89129,-2.26175]},"J6o":{"weight":1.0,"played":[1.0,0.0,0.0],"evs":[0.0,-0.92949,-2.38014]},"Q6o":{"weight":1.0,"played":[1.0,0.0,0.0],"evs":[0.0,-0.83141,-2.06167]},"K6o":{"weight":1.0,"played":[1.0,0.0,0.0],"evs":[0.0,-0.67217,-1.54656]},"A6o":{"weight":1.0,"played":[1.0,0.0,0.0],"evs":[0.0,-0.60809,-1.05216]},"72s":{"weight":1.0,"played":[1.0,0.0,0.0],"evs":[0.0,-0.84283,-2.41816]},"73s":{"weight":1.0,"played":[1.0,0.0,0.0],"evs":[0.0,-0.72317,-2.07794]},"74s":{"weight":1.0,"played":[1.0,0.0,0.0],"evs":[0.0,-0.57131,-1.77038]},"75s":{"weight":1.0,"played":[1.0,0.0,0.0],"evs":[0.0,-0.39008,-1.47151]},"76s":{"weight":1.0,"played":[1.0,0.0,0.0],"evs":[0.0,-0.15417,-1.13497]},"77":{"weight":1.0,"played":[0.0,0.0,1.0],"evs":[0.0,0.81715,1.1487]},"87o":{"weight":1.0,"played":[1.0,0.0,0.0],"evs":[0.0,-0.61275,-1.73886]},"97o":{"weight":1.0,"played":[1.0,0.0,0.0],"evs":[0.0,-0.68971,-1.83346]},"T7o":{"weight":1.0,"played":[1.0,0.0,0.0],"evs":[0.0,-0.80703,-1.96843]},"J7o":{"weight":1.0,"played":[1.0,0.0,0.0],"evs":[0.0,-0.87211,-2.09289]},"Q7o":{"weight":1.0,"played":[1.0,0.0,0.0],"evs":[0.0,-0.82678,-2.04423]},"K7o":{"weight":1.0,"played":[1.0,0.0,0.0],"evs":[0.0,-0.67226,-1.47192]},"A7o":{"weight":1.0,"played":[1.0,0.0,0.0],"evs":[0.0,-0.52995,-0.81611]},"82s":{"weight":1.0,"played":[1.0,0.0,0.0],"evs":[0.0,-0.82117,-2.26162]},"83s":{"weight":1.0,"played":[1.0,0.0,0.0],"evs":[0.0,-0.81283,-2.23425]},"84s":{"weight":1.0,"played":[1.0,0.0,0.0],"evs":[0.0,-0.69791,-1.88612]},"85s":{"weight":1.0,"played":[1.0,0.0,0.0],"evs":[0.0,-0.50285,-1.57418]},"86s":{"weight":1.0,"played":[1.0,0.0,0.0],"evs":[0.0,-0.26729,-1.23273]},"87s":{"weight":1.0,"played":[1.0,0.0,0.0],"evs":[0.0,-0.16805,-1.00069]},"88":{"weight":1.0,"played":[0.0,0.0,1.0],"evs":[0.0,1.26249,1.86574]},"98o":{"weight":1.0,"played":[1.0,0.0,0.0],"evs":[0.0,-0.59289,-1.51335]},"T8o":{"weight":1.0,"played":[1.0,0.0,0.0],"evs":[0.0,-0.67642,-1.63376]},"J8o":{"weight":1.0,"played":[1.0,0.0,0.0],"evs":[0.0,-0.75307,-1.75318]},"Q8o":{"weight":1.0,"played":[1.0,0.0,0.0],"evs":[0.0,-0.73423,-1.71111]},"K8o":{"weight":1.0,"played":[1.0,0.0,0.0],"evs":[0.0,-0.63436,-1.36849]},"A8o":{"weight":1.0,"played":[1.0,0.0,0.0],"evs":[0.0,-0.41617,-0.58799]},"92s":{"weight":1.0,"played":[1.0,0.0,0.0],"evs":[0.0,-0.78572,-2.13159]},"93s":{"weight":1.0,"played":[1.0,0.0,0.0],"evs":[0.0,-0.80811,-2.05578]},"94s":{"weight":1.0,"played":[1.0,0.0,0.0],"evs":[0.0,-0.7445,-2.002]},"95s":{"weight":1.0,"played":[1.0,0.0,0.0],"evs":[0.0,-0.62602,-1.66751]},"96s":{"weight":1.0,"played":[1.0,0.0,0.0],"evs":[0.0,-0.38383,-1.32829]},"97s":{"weight":1.0,"played":[0.9999,1.0E-4,0.0],"evs":[0.0,-0.21786,-1.05911]},"98s":{"weight":1.0,"played":[0.9928,0.0072,0.0],"evs":[0.0,-0.06269,-0.77215]},"99":{"weight":1.0,"played":[0.0,0.0,1.0],"evs":[0.0,1.72055,2.68891]},"T9o":{"weight":1.0,"played":[1.0,0.0,0.0],"evs":[0.0,-0.5643,-1.28184]},"J9o":{"weight":1.0,"played":[1.0,0.0,0.0],"evs":[0.0,-0.63581,-1.42555]},"Q9o":{"weight":1.0,"played":[1.0,0.0,0.0],"evs":[0.0,-0.59124,-1.35761]},"K9o":{"weight":1.0,"played":[1.0,0.0,0.0],"evs":[0.0,-0.49378,-0.9685]},"A9o":{"weight":1.0,"played":[1.0,0.0,0.0],"evs":[0.0,-0.26154,-0.30869]},"T2s":{"weight":1.0,"played":[1.0,0.0,0.0],"evs":[0.0,-0.78469,-2.01295]},"T3s":{"weight":1.0,"played":[1.0,0.0,0.0],"evs":[0.0,-0.77379,-1.97007]},"T4s":{"weight":1.0,"played":[1.0,0.0,0.0],"evs":[0.0,-0.74588,-1.85019]},"T5s":{"weight":1.0,"played":[1.0,0.0,0.0],"evs":[0.0,-0.7085,-1.78041]},"T6s":{"weight":1.0,"played":[1.0,0.0,0.0],"evs":[0.0,-0.51546,-1.43415]},"T7s":{"weight":1.0,"played":[1.0,0.0,0.0],"evs":[0.0,-0.35494,-1.15587]},"T8s":{"weight":1.0,"played":[1.0,0.0,0.0],"evs":[0.0,-0.18982,-0.8659]},"T9s":{"weight":1.0,"played":[0.0019,0.9981,0.0],"evs":[0.0,0.00782,-0.52625]},"TT":{"weight":1.0,"played":[0.0,0.0,1.0],"evs":[0.0,2.32937,3.459]},"JTo":{"weight":1.0,"played":[1.0,0.0,0.0],"evs":[0.0,-0.44438,-1.01934]},"QTo":{"weight":1.0,"played":[1.0,0.0,0.0],"evs":[0.0,-0.39883,-0.97635]},"KTo":{"weight":1.0,"played":[1.0,0.0,0.0],"evs":[0.0,-0.26577,-0.53509]},"ATo":{"weight":1.0,"played":[0.0,3.0E-4,0.9997],"evs":[0.0,0.0764,0.28681]},"J2s":{"weight":1.0,"played":[1.0,0.0,0.0],"evs":[0.0,-0.76637,-1.91455]},"J3s":{"weight":1.0,"played":[1.0,0.0,0.0],"evs":[0.0,-0.765,-1.88368]},"J4s":{"weight":1.0,"played":[1.0,0.0,0.0],"evs":[0.0,-0.69601,-1.73209]},"J5s":{"weight":1.0,"played":[1.0,0.0,0.0],"evs":[0.0,-0.65565,-1.65896]},"J6s":{"weight":1.0,"played":[1.0,0.0,0.0],"evs":[0.0,-0.59365,-1.53946]},"J7s":{"weight":1.0,"played":[1.0,0.0,0.0],"evs":[0.0,-0.46405,-1.2832]},"J8s":{"weight":1.0,"played":[1.0,0.0,0.0],"evs":[0.0,-0.2888,-0.97658]},"J9s":{"weight":1.0,"played":[0.9946,0.0054,0.0],"evs":[0.0,-0.09669,-0.64389]},"JTs":{"weight":1.0,"played":[3.0E-4,0.9997,0.0],"evs":[0.0,0.09762,-0.30031]},"JJ":{"weight":1.0,"played":[0.0,0.0,1.0],"evs":[0.0,3.24848,4.4176]},"QJo":{"weight":1.0,"played":[1.0,0.0,0.0],"evs":[0.0,-0.26903,-0.78034]},"KJo":{"weight":1.0,"played":[0.9998,2.0E-4,0.0],"evs":[0.0,-0.06303,-0.2294]},"AJo":{"weight":1.0,"played":[0.0,0.0,1.0],"evs":[0.0,0.57407,0.99031]},"Q2s":{"weight":1.0,"played":[1.0,0.0,0.0],"evs":[0.0,-0.65391,-1.69539]},"Q3s":{"weight":1.0,"played":[1.0,0.0,0.0],"evs":[0.0,-0.60479,-1.6145]},"Q4s":{"weight":1.0,"played":[1.0,0.0,0.0],"evs":[0.0,-0.54936,-1.48248]},"Q5s":{"weight":1.0,"played":[1.0,0.0,0.0],"evs":[0.0,-0.54244,-1.39124]},"Q6s":{"weight":1.0,"played":[1.0,0.0,0.0],"evs":[0.0,-0.45884,-1.23618]},"Q7s":{"weight":1.0,"played":[1.0,0.0,0.0],"evs":[0.0,-0.4553,-1.23966]},"Q8s":{"weight":1.0,"played":[1.0,0.0,0.0],"evs":[0.0,-0.29709,-0.9416]},"Q9s":{"weight":1.0,"played":[0.9432,0.0568,0.0],"evs":[0.0,-0.05861,-0.57316]},"QTs":{"weight":1.0,"played":[0.0,1.0,0.0],"evs":[0.0,0.13849,-0.26906]},"QJs":{"weight":1.0,"played":[1.0E-4,0.9999,0.0],"evs":[0.0,0.30783,-0.05427]},"QQ":{"weight":1.0,"played":[0.0,0.0,1.0],"evs":[0.0,4.58485,5.71443]},"KQo":{"weight":1.0,"played":[0.0,0.2735,0.7265],"evs":[0.0,0.27383,0.27076]},"AQo":{"weight":1.0,"played":[0.0,0.0,1.0],"evs":[0.0,1.29207,1.92362]},"K2s":{"weight":1.0,"played":[1.0,0.0,0.0],"evs":[0.0,-0.44897,-1.21033]},"K3s":{"weight":1.0,"played":[1.0,0.0,0.0],"evs":[0.0,-0.42751,-1.15995]},"K4s":{"weight":1.0,"played":[1.0,0.0,0.0],"evs":[0.0,-0.36111,-1.01935]},"K5s":{"weight":1.0,"played":[1.0,0.0,0.0],"evs":[0.0,-0.28406,-0.87786]},"K6s":{"weight":1.0,"played":[1.0,0.0,0.0],"evs":[0.0,-0.20427,-0.77923]},"K7s":{"weight":1.0,"played":[1.0,0.0,0.0],"evs":[0.0,-0.1681,-0.68669]},"K8s":{"weight":1.0,"played":[1.0,0.0,0.0],"evs":[0.0,-0.13592,-0.58338]},"K9s":{"weight":1.0,"played":[0.0,0.9999,0.0],"evs":[0.0,0.04821,-0.23267]},"KTs":{"weight":1.0,"played":[0.0,1.0,0.0],"evs":[0.0,0.31989,0.16428]},"KJs":{"weight":1.0,"played":[0.0,1.0,0.0],"evs":[0.0,0.54607,0.47975]},"KQs":{"weight":1.0,"played":[0.0,0.0062,0.9938],"evs":[0.0,0.86268,0.97468]},"KK":{"weight":1.0,"played":[0.0,1.0E-4,0.9999],"evs":[0.0,6.12636,7.16607]},"AKo":{"weight":1.0,"played":[0.0,0.0,1.0],"evs":[0.0,2.02877,2.86876]},"A2s":{"weight":1.0,"played":[1.0,0.0,0.0],"evs":[0.0,-0.22786,-0.51394]},"A3s":{"weight":1.0,"played":[1.0,0.0,0.0],"evs":[0.0,-0.18547,-0.41581]},"A4s":{"weight":1.0,"played":[1.0,0.0,0.0],"evs":[0.0,-0.12246,-0.30798]},"A5s":{"weight":1.0,"played":[0.5932,0.4068,0.0],"evs":[0.0,-0.00858,-0.08856]},"A6s":{"weight":1.0,"played":[1.0,0.0,0.0],"evs":[0.0,-0.10386,-0.25567]},"A7s":{"weight":1.0,"played":[0.5132,0.135,0.3518],"evs":[0.0,-0.01763,-0.01537]},"A8s":{"weight":1.0,"played":[2.0E-4,0.0075,0.9923],"evs":[0.0,0.15226,0.22078]},"A9s":{"weight":1.0,"played":[0.0,4.0E-4,0.9996],"evs":[0.0,0.26808,0.42685]},"ATs":{"weight":1.0,"played":[0.0,3.0E-4,0.9997],"evs":[0.0,0.73463,0.97627]},"AJs":{"weight":1.0,"played":[0.0,0.0,1.0],"evs":[0.0,1.23295,1.63929]},"AQs":{"weight":1.0,"played":[0.0,0.0,1.0],"evs":[0.0,1.9229,2.51324]},"AKs":{"weight":1.0,"played":[0.0,0.0,1.0],"evs":[0.0,2.67051,3.38927]},"AA":{"weight":1.0,"played":[0.0,6.0E-4,0.9994],"evs":[0.0,8.34167,9.14488]}}}