{"player":5,"street":0,"children":3,"sequence":[{"player":0,"type":"R","amount":200000,"street":0},{"player":1,"type":"C","amount":200000,"street":0},{"player":2,"type":"F","amount":0,"street":0},{"player":3,"type":"F","amount":0,"street":0},{"player":4,"type":"F","amount":0,"street":0}],"actions":[{"type":"F","amount":0},{"type":"C","amount":100000},{"type":"R","amount":735000,"node":430}],"hands":{"22":{"weight":1.0,"played":[0.0,0.9849,0.0151],"evs":[0.0,0.55448,0.5105]},"32o":{"weight":1.0,"played":[1.0,0.0,0.0],"evs":[0.0,-0.09048,-1.40468]},"42o":{"weight":1.0,"played":[1.0,0.0,0.0],"evs":[0.0,-0.05418,-1.29948]},"52o":{"weight":1.0,"played":[0.9999,1.0E-4,0.0],"evs":[0.0,-0.02793,-1.19153]},"62o":{"weight":1.0,"played":[0.9998,2.0E-4,0.0],"evs":[0.0,-0.08982,-1.32302]},"72o":{"weight":1.0,"played":[1.0,0.0,0.0],"evs":[0.0,-0.16135,-1.49183]},"82o":{"weight":1.0,"played":[1.0,0.0,0.0],"evs":[0.0,-0.14273,-1.36485]},"92o":{"weight":1.0,"played":[1.0,0.0,0.0],"evs":[0.0,-0.09863,-1.27041]},"T2o":{"weight":1.0,"played":[1.0,0.0,0.0],"evs":[0.0,-0.10935,-1.2305]},"J2o":{"weight":1.0,"played":[1.0,0.0,0.0],"evs":[0.0,-0.07111,-1.13984]},"Q2o":{"weight":1.0,"played":[0.0094,0.9906,0.0],"evs":[0.0,0.02545,-0.94237]},"K2o":{"weight":1.0,"played":[0.0,1.0,0.0],"evs":[0.0,0.17528,-0.53619]},"A2o":{"weight":1.0,"played":[0.0,1.0,0.0],"evs":[0.0,0.24893,0.07523]},"32s":{"weight":1.0,"played":[0.0,1.0,0.0],"evs":[0.0,0.19147,-0.82468]},"33":{"weight":1.0,"played":[0.0,0.0028,0.9972],"evs":[0.0,0.59904,0.65727]},"43o":{"weight":1.0,"played":[0.0,1.0,0.0],"evs":[0.0,0.05107,-1.07336]},"53o":{"weight":1.0,"played":[1.0E-4,0.9999,0.0],"evs":[0.0,0.07536,-0.96187]},"63o":{"weight":1.0,"played":[0.1601,0.8399,0.0],"evs":[0.0,0.00322,-1.11717]},"73o":{"weight":1.0,"played":[1.0,0.0,0.0],"evs":[0.0,-0.09117,-1.27482]},"83o":{"weight":1.0,"played":[1.0,0.0,0.0],"evs":[0.0,-0.14366,-1.38344]},"93o":{"weight":1.0,"played":[1.0,0.0,0.0],"evs":[0.0,-0.10934,-1.24375]},"T3o":{"weight":1.0,"played":[1.0,0.0,0.0],"evs":[0.0,-0.10376,-1.17806]},"J3o":{"weight":1.0,"played":[1.0,0.0,0.0],"evs":[0.0,-0.07581,-1.11517]},"Q3o":{"weight":1.0,"played":[0.007,0.993,0.0],"evs":[0.0,0.04128,-0.8844]},"K3o":{"weight":1.0,"played":[0.0,1.0,0.0],"evs":[0.0,0.18046,-0.51589]},"A3o":{"weight":1.0,"played":[0.0,1.0,0.0],"evs":[0.0,0.27538,0.11083]},"42s":{"weight":1.0,"played":[0.0,1.0,0.0],"evs":[0.0,0.24702,-0.70051]},"43s":{"weight":1.0,"played":[0.0,1.0,0.0],"evs":[0.0,0.31393,-0.544]},"44":{"weight":1.0,"played":[0.0,0.0,1.0],"evs":[0.0,0.71578,0.93013]},"54o":{"weight":1.0,"played":[0.0,1.0,0.0],"evs":[0.0,0.18785,-0.71857]},"64o":{"weight":1.0,"played":[0.0,1.0,0.0],"evs":[0.0,0.1327,-0.83969]},"74o":{"weight":1.0,"played":[1.0E-4,0.9999,0.0],"evs":[0.0,0.02186,-1.00658]},"84o":{"weight":1.0,"played":[0.9996,4.0E-4,0.0],"evs":[0.0,-0.03762,-1.10873]},"94o":{"weight":1.0,"played":[1.0,0.0,0.0],"evs":[0.0,-0.08279,-1.1844]},"T4o":{"weight":1.0,"played":[1.0,0.0,0.0],"evs":[0.0,-0.0758,-1.09398]},"J4o":{"weight":1.0,"played":[1.0,0.0,0.0],"evs":[0.0,-0.03878,-0.99807]},"Q4o":{"weight":1.0,"played":[3.0E-4,0.9997,0.0],"evs":[0.0,0.07504,-0.78041]},"K4o":{"weight":1.0,"played":[0.0,1.0,0.0],"evs":[0.0,0.21955,-0.39513]},"A4o":{"weight":1.0,"played":[0.0,1.0,0.0],"evs":[0.0,0.33585,0.21673]},"52s":{"weight":1.0,"played":[0.0,1.0,0.0],"evs":[0.0,0.28222,-0.60235]},"53s":{"weight":1.0,"played":[0.0,1.0,0.0],"evs":[0.0,0.39418,-0.38359]},"54s":{"weight":1.0,"played":[0.0,1.0,0.0],"evs":[0.0,0.48697,-0.17676]},"55":{"weight":1.0,"played":[0.0,0.0,1.0],"evs":[0.0,0.87547,1.2177]},"65o":{"weight":1.0,"played":[0.0,1.0,0.0],"evs":[0.0,0.23019,-0.59541]},"75o":{"weight":1.0,"played":[0.0,1.0,0.0],"evs":[0.0,0.14869,-0.7354]},"85o":{"weight":1.0,"played":[1.0E-4,0.9999,0.0],"evs":[0.0,0.0831,-0.82327]},"95o":{"weight":1.0,"played":[0.0031,0.9969,0.0],"evs":[0.0,0.00636,-0.92968]},"T5o":{"weight":1.0,"played":[1.0,0.0,0.0],"evs":[0.0,-0.05225,-1.02538]},"J5o":{"weight":1.0,"played":[1.0,0.0,0.0],"evs":[0.0,-0.03305,-0.90816]},"Q5o":{"weight":1.0,"played":[0.0,1.0,0.0],"evs":[0.0,0.07177,-0.68415]},"K5o":{"weight":1.0,"played":[0.0,1.0,0.0],"evs":[0.0,0.24187,-0.30426]},"A5o":{"weight":1.0,"played":[0.0,0.9999,1.0E-4],"evs":[0.0,0.40528,0.34061]},"62s":{"weight":1.0,"played":[0.0,1.0,0.0],"evs":[0.0,0.20564,-0.74645]},"63s":{"weight":1.0,"played":[0.0,1.0,0.0],"evs":[0.0,0.30641,-0.54085]},"64s":{"weight":1.0,"played":[0.0,1.0,0.0],"evs":[0.0,0.44331,-0.28121]},"65s":{"weight":1.0,"played":[0.0,1.0,0.0],"evs":[0.0,0.56385,-0.03531]},"66":{"weight":1.0,"played":[0.0,0.0,1.0],"evs":[0.0,1.02378,1.59715]},"76o":{"weight":1.0,"played":[0.0,1.0,0.0],"evs":[0.0,0.28372,-0.47325]},"86o":{"weight":1.0,"played":[0.0,1.0,0.0],"evs":[0.0,0.21998,-0.56371]},"96o":{"weight":1.0,"played":[0.0,1.0,0.0],"evs":[0.0,0.15586,-0.64515]},"T6o":{"weight":1.0,"played":[0.0,1.0,0.0],"evs":[0.0,0.04646,-0.78178]},"J6o":{"weight":1.0,"played":[0.1706,0.8294,0.0],"evs":[0.0,0.01921,-0.84746]},"Q6o":{"weight":1.0,"played":[1.0E-4,0.9999,0.0],"evs":[0.0,0.12083,-0.59204]},"K6o":{"weight":1.0,"played":[0.0,1.0,0.0],"evs":[0.0,0.28867,-0.19457]},"A6o":{"weight":1.0,"played":[0.0,0.7244,0.2756],"evs":[0.0,0.29907,0.28099]},"72s":{"weight":1.0,"played":[1.0E-4,0.9999,0.0],"evs":[0.0,0.12088,-0.86533]},"73s":{"weight":1.0,"played":[0.0,1.0,0.0],"evs":[0.0,0.21732,-0.64479]},"74s":{"weight":1.0,"played":[0.0,1.0,0.0],"evs":[0.0,0.35129,-0.3859]},"75s":{"weight":1.0,"played":[0.0,1.0,0.0],"evs":[0.0,0.45088,-0.17842]},"76s":{"weight":1.0,"played":[0.0,1.0,0.0],"evs":[0.0,0.60362,0.0784]},"77":{"weight":1.0,"played":[0.0,0.0,1.0],"evs":[0.0,1.18546,1.97911]},"87o":{"weight":1.0,"played":[0.0,1.0,0.0],"evs":[0.0,0.28824,-0.37725]},"97o":{"weight":1.0,"played":[0.0,1.0,0.0],"evs":[0.0,0.25081,-0.4312]},"T7o":{"weight":1.0,"played":[1.0E-4,0.9999,0.0],"evs":[0.0,0.1463,-0.5536]},"J7o":{"weight":1.0,"played":[0.0,1.0,0.0],"evs":[0.0,0.09168,-0.63369]},"Q7o":{"weight":1.0,"played":[0.0,1.0,0.0],"evs":[0.0,0.14022,-0.55089]},"K7o":{"weight":1.0,"played":[0.0,1.0,0.0],"evs":[0.0,0.29225,-0.14794]},"A7o":{"weight":1.0,"played":[0.0,0.0016,0.9984],"evs":[0.0,0.37722,0.43524]},"82s":{"weight":1.0,"played":[1.0E-4,0.9999,0.0],"evs":[0.0,0.17901,-0.73397]},"83s":{"weight":1.0,"played":[0.0,1.0,0.0],"evs":[0.0,0.15018,-0.76243]},"84s":{"weight":1.0,"played":[0.0,1.0,0.0],"evs":[0.0,0.27492,-0.48665]},"85s":{"weight":1.0,"played":[0.0,1.0,0.0],"evs":[0.0,0.41371,-0.24208]},"86s":{"weight":1.0,"played":[0.0,1.0,0.0],"evs":[0.0,0.5439,-0.0076]},"87s":{"weight":1.0,"played":[0.0,1.0,0.0],"evs":[0.0,0.62596,0.20725]},"88":{"weight":1.0,"played":[0.0,0.0,1.0],"evs":[0.0,1.42614,2.43658]},"98o":{"weight":1.0,"played":[0.0,1.0,0.0],"evs":[0.0,0.34542,-0.19526]},"T8o":{"weight":1.0,"played":[0.0,1.0,0.0],"evs":[0.0,0.26696,-0.31946]},"J8o":{"weight":1.0,"played":[0.0,1.0,0.0],"evs":[0.0,0.22071,-0.38107]},"Q8o":{"weight":1.0,"played":[0.0,1.0,0.0],"evs":[0.0,0.25182,-0.34711]},"K8o":{"weight":1.0,"played":[0.0,1.0,0.0],"evs":[0.0,0.35493,-0.07286]},"A8o":{"weight":1.0,"played":[0.0,1.0E-4,0.9999],"evs":[0.0,0.48908,0.59622]},"92s":{"weight":1.0,"played":[1.0E-4,0.9999,0.0],"evs":[0.0,0.19896,-0.66361]},"93s":{"weight":1.0,"played":[0.0,1.0,0.0],"evs":[0.0,0.21334,-0.62352]},"94s":{"weight":1.0,"played":[1.0E-4,0.9999,0.0],"evs":[0.0,0.2297,-0.56714]},"95s":{"weight":1.0,"played":[0.0,1.0,0.0],"evs":[0.0,0.33434,-0.36273]},"96s":{"weight":1.0,"played":[0.0,1.0,0.0],"evs":[0.0,0.47137,-0.0752]},"97s":{"weight":1.0,"played":[0.0,1.0,0.0],"evs":[0.0,0.5741,0.12263]},"98s":{"weight":1.0,"played":[0.0,1.0,0.0],"evs":[0.0,0.68723,0.34735]},"99":{"weight":1.0,"played":[0.0,0.0,1.0],"evs":[0.0,1.85159,3.03995]},"T9o":{"weight":1.0,"played":[0.0,1.0,0.0],"evs":[0.0,0.37559,-0.0578]},"J9o":{"weight":1.0,"played":[0.0,1.0,0.0],"evs":[0.0,0.35043,-0.16484]},"Q9o":{"weight":1.0,"played":[0.0,1.0,0.0],"evs":[0.0,0.39101,-0.09074]},"K9o":{"weight":1.0,"played":[0.0,1.0,0.0],"evs":[0.0,0.48009,0.23183]},"A9o":{"weight":1.0,"played":[0.0,0.0,1.0],"evs":[0.0,0.65194,0.86273]},"T2s":{"weight":1.0,"played":[1.0E-4,0.9999,0.0],"evs":[0.0,0.20966,-0.61568]},"T3s":{"weight":1.0,"played":[0.0,1.0,0.0],"evs":[0.0,0.20865,-0.57525]},"T4s":{"weight":1.0,"played":[0.0,1.0,0.0],"evs":[0.0,0.24348,-0.50701]},"T5s":{"weight":1.0,"played":[0.0,1.0,0.0],"evs":[0.0,0.24155,-0.45582]},"T6s":{"weight":1.0,"played":[0.0,1.0,0.0],"evs":[0.0,0.37075,-0.1869]},"T7s":{"weight":1.0,"played":[0.0,1.0,0.0],"evs":[0.0,0.50334,0.03707]},"T8s":{"weight":1.0,"played":[0.0,1.0,0.0],"evs":[0.0,0.63247,0.26397]},"T9s":{"weight":1.0,"played":[0.0,1.0,0.0],"evs":[0.0,0.74701,0.51795]},"TT":{"weight":1.0,"played":[0.0,0.0,1.0],"evs":[0.0,2.32462,3.55515]},"JTo":{"weight":1.0,"played":[0.0,1.0,0.0],"evs":[0.0,0.4911,0.13258]},"QTo":{"weight":1.0,"played":[0.0,1.0,0.0],"evs":[0.0,0.53691,0.19147]},"KTo":{"weight":1.0,"played":[0.0,0.9993,7.0E-4],"evs":[0.0,0.65283,0.53679]},"ATo":{"weight":1.0,"played":[0.0,0.0,1.0],"evs":[0.0,0.96998,1.34823]},"J2s":{"weight":1.0,"played":[1.0E-4,0.9999,0.0],"evs":[0.0,0.23464,-0.55609]},"J3s":{"weight":1.0,"played":[0.0,1.0,0.0],"evs":[0.0,0.26783,-0.46631]},"J4s":{"weight":1.0,"played":[0.0,1.0,0.0],"evs":[0.0,0.24946,-0.44683]},"J5s":{"weight":1.0,"played":[0.0,1.0,0.0],"evs":[0.0,0.28146,-0.32255]},"J6s":{"weight":1.0,"played":[0.0,1.0,0.0],"evs":[0.0,0.34505,-0.26247]},"J7s":{"weight":1.0,"played":[0.0,1.0,0.0],"evs":[0.0,0.44786,-0.02854]},"J8s":{"weight":1.0,"played":[0.0,1.0,0.0],"evs":[0.0,0.57188,0.17067]},"J9s":{"weight":1.0,"played":[0.0,1.0,0.0],"evs":[0.0,0.69298,0.37359]},"JTs":{"weight":1.0,"played":[0.0,1.0,0.0],"evs":[0.0,0.81463,0.62891]},"JJ":{"weight":1.0,"played":[0.0,0.0,1.0],"evs":[0.0,3.00597,4.26382]},"QJo":{"weight":1.0,"played":[0.0,1.0,0.0],"evs":[0.0,0.65709,0.36668]},"KJo":{"weight":1.0,"played":[0.0,0.9697,0.0303],"evs":[0.0,0.80482,0.77495]},"AJo":{"weight":1.0,"played":[0.0,0.0,1.0],"evs":[0.0,1.38093,1.96566]},"Q2s":{"weight":1.0,"played":[0.0,1.0,0.0],"evs":[0.0,0.37304,-0.34104]},"Q3s":{"weight":1.0,"played":[0.0,1.0,0.0],"evs":[0.0,0.36469,-0.29575]},"Q4s":{"weight":1.0,"played":[0.0,1.0,0.0],"evs":[0.0,0.43232,-0.16737]},"Q5s":{"weight":1.0,"played":[0.0,1.0,0.0],"evs":[0.0,0.44535,-0.08919]},"Q6s":{"weight":1.0,"played":[0.0,1.0,0.0],"evs":[0.0,0.45347,-0.02441]},"Q7s":{"weight":1.0,"played":[0.0,1.0,0.0],"evs":[0.0,0.47315,0.02031]},"Q8s":{"weight":1.0,"played":[0.0,1.0,0.0],"evs":[0.0,0.59001,0.19814]},"Q9s":{"weight":1.0,"played":[0.0,1.0,0.0],"evs":[0.0,0.73236,0.46747]},"QTs":{"weight":1.0,"played":[0.0,1.0,0.0],"evs":[0.0,0.92446,0.7807]},"QJs":{"weight":1.0,"played":[0.0,1.0,0.0],"evs":[0.0,1.02393,0.8968]},"QQ":{"weight":1.0,"played":[0.0,0.0,1.0],"evs":[0.0,3.94928,5.2318]},"KQo":{"weight":1.0,"played":[0.0,0.0,1.0],"evs":[0.0,1.07278,1.25587]},"AQo":{"weight":1.0,"played":[0.0,0.0,1.0],"evs":[0.0,1.82957,2.76179]},"K2s":{"weight":1.0,"played":[0.0,1.0,0.0],"evs":[0.0,0.53211,0.02457]},"K3s":{"weight":1.0,"played":[0.0,1.0,0.0],"evs":[0.0,0.53152,0.08387]},"K4s":{"weight":1.0,"played":[0.0,1.0,0.0],"evs":[0.0,0.60001,0.19694]},"K5s":{"weight":1.0,"played":[0.0,1.0,0.0],"evs":[0.0,0.59054,0.26409]},"K6s":{"weight":1.0,"played":[0.0,1.0,0.0],"evs":[0.0,0.65605,0.38852]},"K7s":{"weight":1.0,"played":[0.0,1.0,0.0],"evs":[0.0,0.67159,0.43779]},"K8s":{"weight":1.0,"played":[0.0,1.0,0.0],"evs":[0.0,0.71273,0.48399]},"K9s":{"weight":1.0,"played":[0.0,0.998,0.002],"evs":[0.0,0.85912,0.79175]},"KTs":{"weight":1.0,"played":[0.0,0.0389,0.9611],"evs":[0.0,1.03301,1.06844]},"KJs":{"weight":1.0,"played":[0.0,8.0E-4,0.9992],"evs":[0.0,1.20526,1.2675]},"KQs":{"weight":1.0,"played":[0.0,1.0E-4,0.9999],"evs":[0.0,1.46091,1.74826]},"KK":{"weight":1.0,"played":[0.0,0.0,1.0],"evs":[0.0,4.91979,6.15003]},"AKo":{"weight":1.0,"played":[0.0,0.0,1.0],"evs":[0.0,2.22941,3.35596]},"A2s":{"weight":1.0,"played":[0.0,0.9371,0.0629],"evs":[0.0,0.68008,0.63575]},"A3s":{"weight":1.0,"played":[0.0,0.7436,0.2564],"evs":[0.0,0.73967,0.737]},"A4s":{"weight":1.0,"played":[0.0,0.0792,0.9208],"evs":[0.0,0.79008,0.8032]},"A5s":{"weight":1.0,"played":[0.0,0.0081,0.9919],"evs":[0.0,0.85075,0.90299]},"A6s":{"weight":1.0,"played":[0.0,5.0E-4,0.9995],"evs":[0.0,0.75489,0.85193]},"A7s":{"weight":1.0,"played":[0.0,1.0E-4,0.9999],"evs":[0.0,0.85787,0.99821]},"A8s":{"weight":1.0,"played":[0.0,0.0,1.0],"evs":[0.0,0.96652,1.14408]},"A9s":{"weight":1.0,"played":[0.0,0.0,1.0],"evs":[0.0,1.13802,1.3706]},"ATs":{"weight":1.0,"played":[0.0,0.0,1.0],"evs":[0.0,1.46059,1.81324]},"AJs":{"weight":1.0,"played":[0.0,0.0,1.0],"evs":[0.0,1.87698,2.42209]},"AQs":{"weight":1.0,"played":[0.0,0.0,1.0],"evs":[0.0,2.2642,3.1718]},"AKs":{"weight":1.0,"played":[0.0,0.0,1.0],"evs":[0.0,2.65068,3.71923]},"AA":{"weight":1.0,"played":[0.0,0.0,1.0],"evs":[0.0,6.66002,7.65797]}}}