{"player":4,"street":0,"children":2,"sequence":[{"player":0,"type":"F","amount":0,"street":0},{"player":1,"type":"R","amount":200000,"street":0},{"player":2,"type":"F","amount":0,"street":0},{"player":3,"type":"F","amount":0,"street":0},{"player":4,"type":"C","amount":150000,"street":0},{"player":5,"type":"R","amount":735000,"street":0},{"player":1,"type":"F","amount":0,"street":0}],"actions":[{"type":"F","amount":0},{"type":"C","amount":535000}],"hands":{"22":{"weight":0.0,"played":[0.0,1.0],"evs":[0.0,2.69059]},"32o":{"weight":0.0,"played":[6.0E-4,0.9994],"evs":[0.0,0.35588]},"42o":{"weight":0.0,"played":[0.056,0.944],"evs":[0.0,0.36538]},"52o":{"weight":0.0,"played":[7.0E-4,0.9993],"evs":[0.0,0.28496]},"62o":{"weight":0.0,"played":[0.0058,0.9942],"evs":[0.0,0.27579]},"72o":{"weight":0.0,"played":[0.9873,0.0127],"evs":[0.0,-0.23857]},"82o":{"weight":0.0,"played":[0.0428,0.9572],"evs":[0.0,0.35211]},"92o":{"weight":0.0,"played":[0.1873,0.8127],"evs":[0.0,0.13779]},"T2o":{"weight":0.0,"played":[0.0056,0.9944],"evs":[0.0,0.23346]},"J2o":{"weight":0.0,"played":[2.0E-4,0.9998],"evs":[0.0,0.5987]},"Q2o":{"weight":0.0,"played":[1.0E-4,0.9999],"evs":[0.0,0.41126]},"K2o":{"weight":0.0,"played":[0.0135,0.9865],"evs":[0.0,0.64513]},"A2o":{"weight":0.0,"played":[0.0,1.0],"evs":[0.0,1.47696]},"32s":{"weight":0.0,"played":[1.0E-4,0.9999],"evs":[0.0,0.5416]},"33":{"weight":0.0454,"played":[0.0,1.0],"evs":[0.0,3.04013]},"43o":{"weight":0.0,"played":[2.0E-4,0.9998],"evs":[0.0,0.56674]},"53o":{"weight":0.0,"played":[0.0042,0.9958],"evs":[0.0,0.82861]},"63o":{"weight":0.0,"played":[0.0,1.0],"evs":[0.0,0.58506]},"73o":{"weight":0.0,"played":[0.0029,0.9971],"evs":[0.0,0.21082]},"83o":{"weight":0.0,"played":[0.0028,0.9972],"evs":[0.0,0.38469]},"93o":{"weight":0.0,"played":[0.0147,0.9853],"evs":[0.0,0.33246]},"T3o":{"weight":0.0,"played":[8.0E-4,0.9992],"evs":[0.0,0.14544]},"J3o":{"weight":0.0,"played":[0.0725,0.9275],"evs":[0.0,0.31968]},"Q3o":{"weight":0.0,"played":[2.0E-4,0.9998],"evs":[0.0,0.3906]},"K3o":{"weight":0.0,"played":[0.0,1.0],"evs":[0.0,0.61469]},"A3o":{"weight":0.0,"played":[0.0,1.0],"evs":[0.0,1.67222]},"42s":{"weight":0.0,"played":[4.0E-4,0.9996],"evs":[0.0,0.98836]},"43s":{"weight":0.0,"played":[0.0,1.0],"evs":[0.0,1.14127]},"44":{"weight":0.0077,"played":[0.0,1.0],"evs":[0.0,3.29869]},"54o":{"weight":0.0,"played":[0.0,1.0],"evs":[0.0,1.00371]},"64o":{"weight":0.0,"played":[5.0E-4,0.9995],"evs":[0.0,0.79743]},"74o":{"weight":0.0,"played":[0.0124,0.9876],"evs":[0.0,0.56182]},"84o":{"weight":0.0,"played":[0.0055,0.9945],"evs":[0.0,0.48946]},"94o":{"weight":0.0,"played":[0.1326,0.8674],"evs":[0.0,0.10297]},"T4o":{"weight":0.0,"played":[0.0015,0.9985],"evs":[0.0,0.39031]},"J4o":{"weight":0.0,"played":[0.0011,0.9989],"evs":[0.0,0.57641]},"Q4o":{"weight":0.0,"played":[2.0E-4,0.9998],"evs":[0.0,0.56966]},"K4o":{"weight":0.0,"played":[0.0012,0.9988],"evs":[0.0,0.78464]},"A4o":{"weight":0.0,"played":[1.0E-4,0.9999],"evs":[0.0,1.58598]},"52s":{"weight":0.0,"played":[0.0037,0.9963],"evs":[0.0,1.16934]},"53s":{"weight":0.0,"played":[0.0017,0.9983],"evs":[0.0,0.77274]},"54s":{"weight":0.9982,"played":[6.0E-4,0.9994],"evs":[0.0,1.53178]},"55":{"weight":0.308,"played":[0.0,1.0],"evs":[0.0,3.53706]},"65o":{"weight":0.0,"played":[0.0,1.0],"evs":[0.0,1.03136]},"75o":{"weight":0.0,"played":[7.0E-4,0.9993],"evs":[0.0,0.77319]},"85o":{"weight":0.0,"played":[0.0,1.0],"evs":[0.0,0.75757]},"95o":{"weight":0.0,"played":[0.0023,0.9977],"evs":[0.0,0.28822]},"T5o":{"weight":0.0,"played":[4.0E-4,0.9996],"evs":[0.0,0.56077]},"J5o":{"weight":0.0,"played":[0.001,0.999],"evs":[0.0,0.59365]},"Q5o":{"weight":0.0,"played":[0.0031,0.9969],"evs":[0.0,0.6964]},"K5o":{"weight":0.0,"played":[0.0,1.0],"evs":[0.0,1.03793]},"A5o":{"weight":0.3438,"played":[0.0,1.0],"evs":[0.0,1.67855]},"62s":{"weight":0.0,"played":[4.0E-4,0.9996],"evs":[0.0,1.30246]},"63s":{"weight":0.0,"played":[0.0012,0.9988],"evs":[0.0,0.48925]},"64s":{"weight":0.0037,"played":[0.0028,0.9972],"evs":[0.0,1.36044]},"65s":{"weight":0.9985,"played":[1.0E-4,0.9999],"evs":[0.0,1.40028]},"66":{"weight":4.0E-4,"played":[0.0,1.0],"evs":[0.0,3.83798]},"76o":{"weight":0.0,"played":[0.0,1.0],"evs":[0.0,0.92817]},"86o":{"weight":0.0,"played":[1.0E-4,0.9999],"evs":[0.0,1.00007]},"96o":{"weight":0.0,"played":[0.0,1.0],"evs":[0.0,0.71701]},"T6o":{"weight":0.0,"played":[2.0E-4,0.9998],"evs":[0.0,0.70146]},"J6o":{"weight":0.0,"played":[0.0012,0.9988],"evs":[0.0,0.73787]},"Q6o":{"weight":0.0,"played":[1.0E-4,0.9999],"evs":[0.0,0.70938]},"K6o":{"weight":0.0,"played":[0.0,1.0],"evs":[0.0,1.1544]},"A6o":{"weight":0.0,"played":[0.0,1.0],"evs":[0.0,2.03133]},"72s":{"weight":0.0,"played":[0.0057,0.9943],"evs":[0.0,0.51085]},"73s":{"weight":0.0,"played":[0.0,1.0],"evs":[0.0,1.01399]},"74s":{"weight":0.0,"played":[0.0025,0.9975],"evs":[0.0,1.07908]},"75s":{"weight":0.0,"played":[0.0,1.0],"evs":[0.0,1.16191]},"76s":{"weight":0.9998,"played":[2.0E-4,0.9998],"evs":[0.0,1.69861]},"77":{"weight":4.0E-4,"played":[0.0,1.0],"evs":[0.0,4.34605]},"87o":{"weight":0.0,"played":[6.0E-4,0.9994],"evs":[0.0,1.06835]},"97o":{"weight":0.0,"played":[0.0,1.0],"evs":[0.0,0.62005]},"T7o":{"weight":0.0,"played":[6.0E-4,0.9994],"evs":[0.0,0.72962]},"J7o":{"weight":0.0,"played":[0.0019,0.9981],"evs":[0.0,0.6212]},"Q7o":{"weight":0.0,"played":[3.0E-4,0.9997],"evs":[0.0,0.51281]},"K7o":{"weight":0.0,"played":[0.0,1.0],"evs":[0.0,0.93768]},"A7o":{"weight":0.3463,"played":[0.0,1.0],"evs":[0.0,1.9748]},"82s":{"weight":0.0,"played":[0.0089,0.9911],"evs":[0.0,0.47006]},"83s":{"weight":0.0,"played":[0.0,1.0],"evs":[0.0,1.18504]},"84s":{"weight":0.0,"played":[0.0,1.0],"evs":[0.0,0.98987]},"85s":{"weight":0.0,"played":[0.0,1.0],"evs":[0.0,1.15772]},"86s":{"weight":0.1224,"played":[0.0,1.0],"evs":[0.0,1.51605]},"87s":{"weight":0.998,"played":[0.0,1.0],"evs":[0.0,1.95653]},"88":{"weight":0.0,"played":[0.0,1.0],"evs":[0.0,4.8111]},"98o":{"weight":0.0,"played":[0.0,1.0],"evs":[0.0,1.27775]},"T8o":{"weight":0.0,"played":[0.0,1.0],"evs":[0.0,1.20172]},"J8o":{"weight":0.0,"played":[0.0,1.0],"evs":[0.0,1.25764]},"Q8o":{"weight":0.0,"played":[0.0012,0.9988],"evs":[0.0,0.72705]},"K8o":{"weight":0.0,"played":[0.0016,0.9984],"evs":[0.0,1.08698]},"A8o":{"weight":0.9996,"played":[0.0,1.0],"evs":[0.0,2.68059]},"92s":{"weight":0.0,"played":[0.0018,0.9982],"evs":[0.0,0.51299]},"93s":{"weight":0.0,"played":[3.0E-4,0.9997],"evs":[0.0,0.85532]},"94s":{"weight":0.0,"played":[2.0E-4,0.9998],"evs":[0.0,0.9358]},"95s":{"weight":0.0,"played":[0.0,1.0],"evs":[0.0,0.70547]},"96s":{"weight":0.0,"played":[0.004,0.996],"evs":[0.0,0.89525]},"97s":{"weight":0.8416,"played":[0.0,1.0],"evs":[0.0,1.58813]},"98s":{"weight":0.9998,"played":[0.0,1.0],"evs":[0.0,1.6985]},"99":{"weight":0.0,"played":[0.0,1.0],"evs":[0.0,5.22932]},"T9o":{"weight":0.0,"played":[0.0,1.0],"evs":[0.0,1.57947]},"J9o":{"weight":0.0,"played":[0.0,1.0],"evs":[0.0,1.17661]},"Q9o":{"weight":0.0,"played":[1.0E-4,0.9999],"evs":[0.0,0.90991]},"K9o":{"weight":0.0,"played":[0.0,1.0],"evs":[0.0,1.39882]},"A9o":{"weight":1.0E-4,"played":[0.0,1.0],"evs":[0.0,3.45847]},"T2s":{"weight":0.0,"played":[2.0E-4,0.9998],"evs":[0.0,0.88707]},"T3s":{"weight":0.0,"played":[0.0023,0.9977],"evs":[0.0,0.84634]},"T4s":{"weight":0.0,"played":[0.0034,0.9966],"evs":[0.0,0.98999]},"T5s":{"weight":0.0,"played":[1.0E-4,0.9999],"evs":[0.0,0.82528]},"T6s":{"weight":0.0,"played":[5.0E-4,0.9995],"evs":[0.0,1.13282]},"T7s":{"weight":7.0E-4,"played":[0.0,1.0],"evs":[0.0,1.63423]},"T8s":{"weight":0.9999,"played":[1.0E-4,0.9999],"evs":[0.0,1.64187]},"T9s":{"weight":0.9988,"played":[0.0,1.0],"evs":[0.0,2.00317]},"TT":{"weight":0.0,"played":[0.0,1.0],"evs":[0.0,5.59712]},"JTo":{"weight":0.279,"played":[0.0,1.0],"evs":[0.0,1.59597]},"QTo":{"weight":0.9882,"played":[0.0,1.0],"evs":[0.0,1.79305]},"KTo":{"weight":0.9998,"played":[0.0,1.0],"evs":[0.0,1.63033]},"ATo":{"weight":0.0,"played":[0.0,1.0],"evs":[0.0,3.98251]},"J2s":{"weight":0.0,"played":[6.0E-4,0.9994],"evs":[0.0,0.56138]},"J3s":{"weight":0.0,"played":[0.0,1.0],"evs":[0.0,1.18084]},"J4s":{"weight":0.0,"played":[3.0E-4,0.9997],"evs":[0.0,0.8449]},"J5s":{"weight":0.0,"played":[0.0014,0.9986],"evs":[0.0,1.01802]},"J6s":{"weight":0.0,"played":[0.0,1.0],"evs":[0.0,1.18565]},"J7s":{"weight":0.0,"played":[6.0E-4,0.9994],"evs":[0.0,1.47727]},"J8s":{"weight":0.9984,"played":[0.0,1.0],"evs":[0.0,1.80735]},"J9s":{"weight":1.0,"played":[1.0E-4,0.9999],"evs":[0.0,2.03168]},"JTs":{"weight":0.0404,"played":[0.0,1.0],"evs":[0.0,1.83812]},"JJ":{"weight":0.0,"played":[0.0,1.0],"evs":[0.0,6.07314]},"QJo":{"weight":0.6888,"played":[0.0,1.0],"evs":[0.0,1.58611]},"KJo":{"weight":1.0,"played":[0.0,1.0],"evs":[0.0,1.80664]},"AJo":{"weight":0.0,"played":[0.0,1.0],"evs":[0.0,4.58513]},"Q2s":{"weight":0.0,"played":[1.0E-4,0.9999],"evs":[0.0,0.99848]},"Q3s":{"weight":0.0,"played":[1.0E-4,0.9999],"evs":[0.0,1.05176]},"Q4s":{"weight":0.0,"played":[0.0048,0.9952],"evs":[0.0,1.37942]},"Q5s":{"weight":0.0,"played":[2.0E-4,0.9998],"evs":[0.0,1.44033]},"Q6s":{"weight":1.0E-4,"played":[0.0,1.0],"evs":[0.0,1.57658]},"Q7s":{"weight":1.0E-4,"played":[0.0,1.0],"evs":[0.0,1.15389]},"Q8s":{"weight":0.9998,"played":[3.0E-4,0.9997],"evs":[0.0,1.68172]},"Q9s":{"weight":0.871,"played":[0.0,1.0],"evs":[0.0,1.56542]},"QTs":{"weight":0.9951,"played":[0.0,1.0],"evs":[0.0,2.16886]},"QJs":{"weight":0.9999,"played":[0.0,1.0],"evs":[0.0,2.02879]},"QQ":{"weight":0.0,"played":[0.0,1.0],"evs":[0.0,6.56318]},"KQo":{"weight":3.0E-4,"played":[0.0,1.0],"evs":[0.0,2.21441]},"AQo":{"weight":0.0,"played":[0.0,1.0],"evs":[0.0,5.02003]},"K2s":{"weight":8.0E-4,"played":[2.0E-4,0.9998],"evs":[0.0,1.44475]},"K3s":{"weight":3.0E-4,"played":[3.0E-4,0.9997],"evs":[0.0,1.143]},"K4s":{"weight":0.0067,"played":[9.0E-4,0.9991],"evs":[0.0,1.45254]},"K5s":{"weight":0.9417,"played":[0.0,1.0],"evs":[0.0,1.59938]},"K6s":{"weight":0.9993,"played":[0.0,1.0],"evs":[0.0,1.17858]},"K7s":{"weight":0.9997,"played":[0.0013,0.9987],"evs":[0.0,1.38817]},"K8s":{"weight":0.9951,"played":[0.0,1.0],"evs":[0.0,1.7841]},"K9s":{"weight":0.9995,"played":[0.0,1.0],"evs":[0.0,1.51614]},"KTs":{"weight":1.0,"played":[0.0,1.0],"evs":[0.0,1.99067]},"KJs":{"weight":1.0,"played":[3.0E-4,0.9997],"evs":[0.0,2.364]},"KQs":{"weight":0.9998,"played":[0.0,1.0],"evs":[0.0,2.81588]},"KK":{"weight":0.0,"played":[0.0,1.0],"evs":[0.0,7.36623]},"AKo":{"weight":0.0,"played":[0.0,1.0],"evs":[0.0,6.19618]},"A2s":{"weight":2.0E-4,"played":[0.0,1.0],"evs":[0.0,1.99109]},"A3s":{"weight":0.0,"played":[6.0E-4,0.9994],"evs":[0.0,2.20032]},"A4s":{"weight":0.0,"played":[0.0,1.0],"evs":[0.0,2.40947]},"A5s":{"weight":0.0,"played":[2.0E-4,0.9998],"evs":[0.0,2.45234]},"A6s":{"weight":0.0023,"played":[0.0,1.0],"evs":[0.0,2.45598]},"A7s":{"weight":0.9613,"played":[1.0E-4,0.9999],"evs":[0.0,2.34344]},"A8s":{"weight":0.9999,"played":[0.0,1.0],"evs":[0.0,2.93763]},"A9s":{"weight":1.0,"played":[0.0,1.0],"evs":[0.0,3.79031]},"ATs":{"weight":0.2782,"played":[0.0,1.0],"evs":[0.0,4.25568]},"AJs":{"weight":1.0E-4,"played":[0.0,1.0],"evs":[0.0,5.19611]},"AQs":{"weight":0.0,"played":[0.0,1.0],"evs":[0.0,5.18286]},"AKs":{"weight":0.0,"played":[0.0,1.0],"evs":[0.0,6.10689]},"AA":{"weight":0.9514,"played":[0.0,1.0],"evs":[0.0,10.06065]}}}