{"player":1,"street":0,"children":3,"sequence":[{"player":0,"type":"R","amount":200000,"street":0},{"player":1,"type":"C","amount":200000,"street":0},{"player":2,"type":"F","amount":0,"street":0},{"player":3,"type":"F","amount":0,"street":0},{"player":4,"type":"C","amount":150000,"street":0},{"player":5,"type":"R","amount":735000,"street":0},{"player":0,"type":"F","amount":0,"street":0}],"actions":[{"type":"F","amount":0,"node":438},{"type":"C","amount":535000,"node":439},{"type":"R","amount":2035000,"node":441}],"hands":{"22":{"weight":0.2491,"played":[0.0,0.137,0.863],"evs":[0.0,2.01373,2.04506]},"32o":{"weight":0.0,"played":[1.0,0.0,0.0],"evs":[0.0,-2.66586,-2.77195]},"42o":{"weight":0.0,"played":[1.0,0.0,0.0],"evs":[0.0,-2.33502,-2.45966]},"52o":{"weight":0.0,"played":[0.9999,0.0,1.0E-4],"evs":[0.0,-1.67986,-1.8072]},"62o":{"weight":0.0,"played":[1.0,0.0,0.0],"evs":[0.0,-1.97102,-2.03716]},"72o":{"weight":0.0,"played":[1.0,0.0,0.0],"evs":[0.0,-2.4038,-2.52869]},"82o":{"weight":0.0,"played":[1.0,0.0,0.0],"evs":[0.0,-2.15545,-2.30376]},"92o":{"weight":0.0,"played":[1.0,0.0,0.0],"evs":[0.0,-1.87317,-2.0041]},"T2o":{"weight":0.0,"played":[1.0,0.0,0.0],"evs":[0.0,-2.58232,-2.76066]},"J2o":{"weight":0.0,"played":[1.0,0.0,0.0],"evs":[0.0,-2.06794,-2.28732]},"Q2o":{"weight":0.0,"played":[1.0,0.0,0.0],"evs":[0.0,-1.82633,-1.90432]},"K2o":{"weight":0.0,"played":[1.0,0.0,0.0],"evs":[0.0,-1.69505,-1.70003]},"A2o":{"weight":0.0,"played":[0.0011,0.0326,0.9663],"evs":[0.0,0.57615,0.67747]},"32s":{"weight":0.0,"played":[0.9999,0.0,1.0E-4],"evs":[0.0,-0.93926,-1.15159]},"33":{"weight":0.9788,"played":[1.0E-4,0.1184,0.8816],"evs":[0.0,2.65728,2.82401]},"43o":{"weight":0.0,"played":[0.9999,0.0,0.0],"evs":[0.0,-1.64753,-1.62176]},"53o":{"weight":0.0,"played":[1.0,0.0,0.0],"evs":[0.0,-0.95086,-0.91022]},"63o":{"weight":0.0,"played":[1.0,0.0,0.0],"evs":[0.0,-0.94632,-0.91283]},"73o":{"weight":0.0,"played":[1.0,0.0,0.0],"evs":[0.0,-1.75137,-1.73129]},"83o":{"weight":0.0,"played":[1.0,0.0,0.0],"evs":[0.0,-2.136,-2.18119]},"93o":{"weight":0.0,"played":[0.9999,0.0,1.0E-4],"evs":[0.0,-2.08866,-2.16813]},"T3o":{"weight":0.0,"played":[1.0,0.0,0.0],"evs":[0.0,-2.36784,-2.43072]},"J3o":{"weight":0.0,"played":[1.0,0.0,0.0],"evs":[0.0,-1.8457,-1.9269]},"Q3o":{"weight":0.0,"played":[0.9999,0.0,1.0E-4],"evs":[0.0,-1.7335,-1.70083]},"K3o":{"weight":0.0,"played":[1.0,0.0,0.0],"evs":[0.0,-1.4812,-1.44042]},"A3o":{"weight":0.0,"played":[0.0021,0.0763,0.9217],"evs":[0.0,0.49857,0.67849]},"42s":{"weight":0.0,"played":[0.9994,5.0E-4,0.0],"evs":[0.0,-0.54354,-0.59003]},"43s":{"weight":0.0,"played":[0.2606,0.1868,0.5526],"evs":[0.0,-0.07565,0.07029]},"44":{"weight":0.9073,"played":[0.0,1.0E-4,0.9999],"evs":[0.0,3.69198,4.27982]},"54o":{"weight":0.0,"played":[0.4378,0.1088,0.4535],"evs":[0.0,-0.22018,-0.06178]},"64o":{"weight":0.0,"played":[0.9946,0.0053,1.0E-4],"evs":[0.0,-0.32281,-0.24907]},"74o":{"weight":0.0,"played":[0.9936,0.0025,0.004],"evs":[0.0,-0.85437,-0.75268]},"84o":{"weight":0.0,"played":[0.9995,0.0,5.0E-4],"evs":[0.0,-1.35931,-1.29867]},"94o":{"weight":0.0,"played":[1.0,0.0,0.0],"evs":[0.0,-1.95107,-1.92381]},"T4o":{"weight":0.0,"played":[1.0,0.0,0.0],"evs":[0.0,-1.71464,-1.69964]},"J4o":{"weight":0.0,"played":[0.9999,0.0,1.0E-4],"evs":[0.0,-1.55945,-1.54258]},"Q4o":{"weight":0.0,"played":[0.9998,0.0,2.0E-4],"evs":[0.0,-1.27963,-1.09554]},"K4o":{"weight":0.0,"played":[1.0,0.0,0.0],"evs":[0.0,-1.33763,-1.09421]},"A4o":{"weight":0.0,"played":[2.0E-4,0.001,0.9988],"evs":[0.0,1.1768,1.4069]},"52s":{"weight":0.0,"played":[0.9961,0.003,9.0E-4],"evs":[0.0,-0.67649,-0.75784]},"53s":{"weight":0.0,"played":[0.138,0.3571,0.5049],"evs":[0.0,0.25464,0.32902]},"54s":{"weight":0.0,"played":[0.0012,0.2877,0.7111],"evs":[0.0,1.02751,1.19197]},"55":{"weight":0.9719,"played":[0.0,0.0,1.0],"evs":[0.0,5.56086,6.00742]},"65o":{"weight":0.0,"played":[3.0E-4,0.0512,0.9485],"evs":[0.0,0.4336,0.52712]},"75o":{"weight":0.0,"played":[0.3607,0.1218,0.5175],"evs":[0.0,-0.10399,0.02799]},"85o":{"weight":0.0,"played":[0.997,0.0024,6.0E-4],"evs":[0.0,-0.44352,-0.46277]},"95o":{"weight":0.0,"played":[0.9996,2.0E-4,2.0E-4],"evs":[0.0,-0.89895,-0.91091]},"T5o":{"weight":0.0,"played":[1.0,0.0,0.0],"evs":[0.0,-1.46589,-1.53999]},"J5o":{"weight":0.0,"played":[1.0,0.0,0.0],"evs":[0.0,-1.28834,-1.23542]},"Q5o":{"weight":0.0,"played":[0.9994,1.0E-4,6.0E-4],"evs":[0.0,-0.74512,-0.58241]},"K5o":{"weight":0.0,"played":[0.9992,3.0E-4,5.0E-4],"evs":[0.0,-0.61552,-0.47688]},"A5o":{"weight":0.0,"played":[0.001,0.0047,0.9942],"evs":[0.0,1.70313,1.8739]},"62s":{"weight":0.0,"played":[0.9541,0.0347,0.0112],"evs":[0.0,-0.28161,-0.3639]},"63s":{"weight":0.0,"played":[0.3716,0.3545,0.2738],"evs":[0.0,0.16106,0.19481]},"64s":{"weight":0.0,"played":[0.0,0.2111,0.7889],"evs":[0.0,0.59854,0.71188]},"65s":{"weight":0.0,"played":[0.0,0.8482,0.1518],"evs":[0.0,1.55447,1.5486]},"66":{"weight":0.9837,"played":[0.0,0.0019,0.9981],"evs":[0.0,6.90246,7.28983]},"76o":{"weight":0.0,"played":[0.0022,0.2428,0.755],"evs":[0.0,0.75865,0.84574]},"86o":{"weight":0.0,"played":[5.0E-4,0.7083,0.2913],"evs":[0.0,0.38482,0.35046]},"96o":{"weight":0.0,"played":[0.0046,0.9945,8.0E-4],"evs":[0.0,0.13051,0.122]},"T6o":{"weight":0.0,"played":[0.9986,1.0E-4,0.0013],"evs":[0.0,-0.5712,-0.58893]},"J6o":{"weight":0.0,"played":[0.9999,0.0,0.0],"evs":[0.0,-0.62128,-0.5689]},"Q6o":{"weight":0.0,"played":[0.9998,1.0E-4,1.0E-4],"evs":[0.0,-0.598,-0.45415]},"K6o":{"weight":0.0,"played":[0.8779,0.0037,0.1184],"evs":[0.0,-0.40779,-0.24487]},"A6o":{"weight":0.0,"played":[0.0,0.0176,0.9824],"evs":[0.0,1.41976,1.66418]},"72s":{"weight":0.0,"played":[0.9702,0.0283,0.0015],"evs":[0.0,-0.88534,-0.975]},"73s":{"weight":0.0,"played":[0.8763,0.1125,0.0112],"evs":[0.0,-0.47865,-0.48442]},"74s":{"weight":0.0,"played":[0.0034,0.3129,0.6837],"evs":[0.0,0.28659,0.33494]},"75s":{"weight":0.0,"played":[0.006,0.4445,0.5496],"evs":[0.0,1.31787,1.4001]},"76s":{"weight":0.8881,"played":[0.0016,0.1359,0.8626],"evs":[0.0,2.05483,2.12231]},"77":{"weight":0.997,"played":[0.0,0.0051,0.9949],"evs":[0.0,7.62144,7.9458]},"87o":{"weight":0.0,"played":[1.0E-4,0.1118,0.8881],"evs":[0.0,0.5717,0.62231]},"97o":{"weight":0.0,"played":[2.0E-4,0.5085,0.4913],"evs":[0.0,0.11393,0.10633]},"T7o":{"weight":0.0,"played":[0.9911,0.0051,0.0038],"evs":[0.0,-0.11536,-0.23477]},"J7o":{"weight":0.0,"played":[0.9994,1.0E-4,6.0E-4],"evs":[0.0,-0.67414,-0.69126]},"Q7o":{"weight":0.0,"played":[0.999,0.0,9.0E-4],"evs":[0.0,-0.45243,-0.42217]},"K7o":{"weight":0.0,"played":[0.9334,3.0E-4,0.0664],"evs":[0.0,-0.52427,-0.33788]},"A7o":{"weight":0.0,"played":[3.0E-4,0.0,0.9997],"evs":[0.0,2.07065,2.27107]},"82s":{"weight":0.0,"played":[0.9985,7.0E-4,8.0E-4],"evs":[0.0,-1.00697,-1.0195]},"83s":{"weight":0.0,"played":[0.99,0.0068,0.0031],"evs":[0.0,-0.76894,-0.80003]},"84s":{"weight":0.0,"played":[0.8244,0.1505,0.0251],"evs":[0.0,-0.26163,-0.20791]},"85s":{"weight":0.0,"played":[3.0E-4,0.293,0.7067],"evs":[0.0,0.87026,0.93411]},"86s":{"weight":0.0,"played":[1.0E-4,0.2746,0.7254],"evs":[0.0,1.51549,1.67273]},"87s":{"weight":0.9734,"played":[0.0,0.1192,0.8808],"evs":[0.0,1.81843,1.85888]},"88":{"weight":0.9968,"played":[0.0,0.0218,0.9782],"evs":[0.0,8.34694,8.54695]},"98o":{"weight":0.0,"played":[1.0E-4,0.1649,0.8349],"evs":[0.0,0.55875,0.61573]},"T8o":{"weight":0.0,"played":[0.0023,0.549,0.4487],"evs":[0.0,0.24418,0.23606]},"J8o":{"weight":0.0,"played":[0.3823,0.5569,0.0607],"evs":[0.0,-0.02725,-0.07609]},"Q8o":{"weight":0.0,"played":[0.4512,0.1117,0.4371],"evs":[0.0,-0.01518,0.13486]},"K8o":{"weight":0.0,"played":[0.3451,0.2912,0.3637],"evs":[0.0,-0.02948,0.02509]},"A8o":{"weight":0.0,"played":[0.0,0.0025,0.9974],"evs":[0.0,2.28455,2.49307]},"92s":{"weight":0.0,"played":[0.9898,0.0089,0.0013],"evs":[0.0,-0.68307,-0.67791]},"93s":{"weight":0.0,"played":[0.9993,6.0E-4,1.0E-4],"evs":[0.0,-0.79936,-0.79765]},"94s":{"weight":0.0,"played":[0.9504,0.0356,0.014],"evs":[0.0,-0.35358,-0.21291]},"95s":{"weight":0.0,"played":[0.0,1.0E-4,0.9999],"evs":[0.0,0.30867,0.43757]},"96s":{"weight":0.0,"played":[3.0E-4,0.4408,0.5589],"evs":[0.0,1.46483,1.51927]},"97s":{"weight":0.6529,"played":[0.0,0.392,0.608],"evs":[0.0,1.81846,1.79369]},"98s":{"weight":0.9996,"played":[0.0,0.5191,0.4809],"evs":[0.0,1.98782,1.97163]},"99":{"weight":0.9546,"played":[0.0,0.0419,0.9581],"evs":[0.0,9.07142,9.18967]},"T9o":{"weight":0.0,"played":[0.0022,0.0675,0.9302],"evs":[0.0,0.40098,0.45641]},"J9o":{"weight":0.0,"played":[0.0018,0.826,0.1722],"evs":[0.0,0.37029,0.34091]},"Q9o":{"weight":0.0,"played":[0.0012,0.5864,0.4123],"evs":[0.0,0.40572,0.42758]},"K9o":{"weight":0.0,"played":[1.0E-4,0.1434,0.8565],"evs":[0.0,0.02102,0.10716]},"A9o":{"weight":0.3272,"played":[0.0,1.0E-4,0.9999],"evs":[0.0,3.18767,3.31437]},"T2s":{"weight":0.0,"played":[1.0,0.0,0.0],"evs":[0.0,-1.17562,-1.28168]},"T3s":{"weight":0.0,"played":[0.9996,2.0E-4,1.0E-4],"evs":[0.0,-1.03122,-0.98967]},"T4s":{"weight":0.0,"played":[0.8578,0.0568,0.0854],"evs":[0.0,-0.34557,-0.3396]},"T5s":{"weight":0.0,"played":[0.957,0.0409,0.0021],"evs":[0.0,-0.50715,-0.49037]},"T6s":{"weight":0.0,"played":[0.0262,0.6779,0.2959],"evs":[0.0,0.4933,0.59013]},"T7s":{"weight":0.0,"played":[0.0013,0.7043,0.2944],"evs":[0.0,0.52854,0.5625]},"T8s":{"weight":0.99,"played":[0.0,0.1923,0.8077],"evs":[0.0,1.07637,1.09267]},"T9s":{"weight":0.9864,"played":[0.0,0.2735,0.7264],"evs":[0.0,1.46046,1.50352]},"TT":{"weight":0.0196,"played":[0.0,0.7419,0.2581],"evs":[0.0,10.5175,10.47318]},"JTo":{"weight":0.0,"played":[0.0029,0.3679,0.6292],"evs":[0.0,0.62358,0.70053]},"QTo":{"weight":0.0,"played":[0.0,0.0073,0.9927],"evs":[0.0,0.65038,0.82003]},"KTo":{"weight":0.0,"played":[0.0014,0.0034,0.9953],"evs":[0.0,0.67622,0.79004]},"ATo":{"weight":0.9469,"played":[0.0,1.0E-4,0.9999],"evs":[0.0,4.79998,4.89562]},"J2s":{"weight":0.0,"played":[0.9564,0.0306,0.013],"evs":[0.0,-0.56254,-0.69389]},"J3s":{"weight":0.0,"played":[0.9952,1.0E-4,0.0047],"evs":[0.0,-0.46507,-0.61248]},"J4s":{"weight":0.0,"played":[0.982,0.0058,0.0122],"evs":[0.0,-0.14198,-0.06869]},"J5s":{"weight":0.0,"played":[0.0108,0.455,0.5342],"evs":[0.0,0.66192,0.63574]},"J6s":{"weight":0.0,"played":[0.0053,0.8028,0.1918],"evs":[0.0,0.62319,0.57329]},"J7s":{"weight":0.0,"played":[0.003,0.5237,0.4734],"evs":[0.0,0.80438,0.8387]},"J8s":{"weight":0.0,"played":[0.0,0.5846,0.4154],"evs":[0.0,1.28006,1.27405]},"J9s":{"weight":0.9996,"played":[0.0,0.5123,0.4877],"evs":[0.0,1.60811,1.61359]},"JTs":{"weight":0.547,"played":[1.0E-4,0.3029,0.697],"evs":[0.0,2.3263,2.33297]},"JJ":{"weight":0.6688,"played":[0.0,0.1395,0.8605],"evs":[0.0,11.99747,12.03613]},"QJo":{"weight":0.9365,"played":[2.0E-4,0.0345,0.9653],"evs":[0.0,1.13777,1.28804]},"KJo":{"weight":0.9517,"played":[2.0E-4,0.0044,0.9953],"evs":[0.0,1.8772,2.06131]},"AJo":{"weight":1.0,"played":[0.0,3.0E-4,0.9997],"evs":[0.0,6.60201,6.75449]},"Q2s":{"weight":0.0,"played":[0.9623,3.0E-4,0.0374],"evs":[0.0,-0.47723,-0.46268]},"Q3s":{"weight":0.0,"played":[0.4295,0.2826,0.2879],"evs":[0.0,-0.02433,0.04513]},"Q4s":{"weight":0.0,"played":[0.0609,0.1023,0.8368],"evs":[0.0,0.53427,0.6945]},"Q5s":{"weight":0.0,"played":[7.0E-4,0.6911,0.3083],"evs":[0.0,0.60977,0.72502]},"Q6s":{"weight":0.0,"played":[0.0015,0.557,0.4414],"evs":[0.0,1.18961,1.22903]},"Q7s":{"weight":0.0,"played":[0.0162,0.507,0.4768],"evs":[0.0,0.73701,0.81446]},"Q8s":{"weight":0.0,"played":[2.0E-4,0.1596,0.8402],"evs":[0.0,1.64424,1.77659]},"Q9s":{"weight":0.9842,"played":[2.0E-4,0.706,0.2938],"evs":[0.0,1.71386,1.75141]},"QTs":{"weight":0.5009,"played":[1.0E-4,0.1785,0.8214],"evs":[0.0,1.49302,1.6496]},"QJs":{"weight":0.0161,"played":[0.0,0.982,0.018],"evs":[0.0,2.62297,2.63595]},"QQ":{"weight":0.7503,"played":[0.0,0.1944,0.8056],"evs":[0.0,13.84758,13.85709]},"KQo":{"weight":0.8895,"played":[0.0,0.0071,0.9929],"evs":[0.0,3.50639,3.76617]},"AQo":{"weight":0.8805,"played":[0.0,6.0E-4,0.9994],"evs":[0.0,7.44912,7.55321]},"K2s":{"weight":0.0,"played":[0.1008,0.433,0.4663],"evs":[0.0,0.11563,0.13746]},"K3s":{"weight":0.0,"played":[0.8101,0.0931,0.0968],"evs":[0.0,-0.11807,-0.10644]},"K4s":{"weight":0.0,"played":[0.007,0.0302,0.9628],"evs":[0.0,0.66615,0.82818]},"K5s":{"weight":0.0,"played":[8.0E-4,0.0704,0.9288],"evs":[0.0,0.92761,0.98516]},"K6s":{"weight":6.0E-4,"played":[0.0025,0.1549,0.8426],"evs":[0.0,1.29889,1.42191]},"K7s":{"weight":0.2345,"played":[0.003,0.1048,0.8922],"evs":[0.0,0.78862,0.86114]},"K8s":{"weight":0.7933,"played":[0.0,0.159,0.841],"evs":[0.0,1.15953,1.22691]},"K9s":{"weight":0.9039,"played":[3.0E-4,0.4094,0.5904],"evs":[0.0,1.67611,1.75015]},"KTs":{"weight":0.7947,"played":[0.0,0.0,1.0],"evs":[0.0,1.95876,2.08607]},"KJs":{"weight":0.0619,"played":[1.0E-4,0.0315,0.9684],"evs":[0.0,3.20937,3.34249]},"KQs":{"weight":0.9961,"played":[0.0,0.7413,0.2587],"evs":[0.0,4.87198,4.89826]},"KK":{"weight":0.9274,"played":[0.0,0.4158,0.5842],"evs":[0.0,15.5214,15.54574]},"AKo":{"weight":0.0,"played":[0.0,0.0617,0.9383],"evs":[0.0,8.15405,8.28562]},"A2s":{"weight":0.096,"played":[3.0E-4,0.5943,0.4054],"evs":[0.0,2.17829,2.17277]},"A3s":{"weight":0.9068,"played":[0.0,0.168,0.832],"evs":[0.0,2.49618,2.59615]},"A4s":{"weight":0.8745,"played":[0.0,0.0804,0.9196],"evs":[0.0,2.3594,2.60756]},"A5s":{"weight":0.8769,"played":[0.0,0.0843,0.9157],"evs":[0.0,2.83633,2.99489]},"A6s":{"weight":0.998,"played":[0.0,0.1246,0.8754],"evs":[0.0,2.70481,2.83271]},"A7s":{"weight":0.9998,"played":[0.0,0.0296,0.9704],"evs":[0.0,3.5727,3.71868]},"A8s":{"weight":0.9997,"played":[0.0,0.0166,0.9834],"evs":[0.0,3.89196,3.98636]},"A9s":{"weight":0.9992,"played":[0.0,0.1957,0.8043],"evs":[0.0,4.81196,4.79622]},"ATs":{"weight":1.0,"played":[0.0,0.0489,0.9511],"evs":[0.0,6.1894,6.30416]},"AJs":{"weight":0.9999,"played":[0.0,0.0084,0.9916],"evs":[0.0,7.51147,7.59796]},"AQs":{"weight":0.9997,"played":[0.0,0.002,0.998],"evs":[0.0,8.47107,8.54364]},"AKs":{"weight":0.2369,"played":[0.0,0.4926,0.5074],"evs":[0.0,9.28695,9.26631]},"AA":{"weight":0.9289,"played":[0.0,0.1482,0.8518],"evs":[0.0,18.99069,19.0315]}}}