{"player":0,"street":0,"children":2,"sequence":[{"player":0,"type":"R","amount":200000,"street":0},{"player":1,"type":"C","amount":200000,"street":0},{"player":2,"type":"F","amount":0,"street":0},{"player":3,"type":"F","amount":0,"street":0},{"player":4,"type":"C","amount":150000,"street":0},{"player":5,"type":"R","amount":735000,"street":0},{"player":0,"type":"C","amount":535000,"street":0},{"player":1,"type":"R","amount":2975000,"street":0},{"player":4,"type":"C","amount":1835000,"street":0}],"actions":[{"type":"F","amount":0},{"type":"C","amount":2240000}],"hands":{"22":{"weight":0.0,"played":[0.8235,0.1765],"evs":[0.0,-1.94384]},"32o":{"weight":0.0,"played":[0.9987,0.0013],"evs":[0.0,-1.95482]},"42o":{"weight":0.0,"played":[0.995,0.005],"evs":[0.0,-7.6035]},"52o":{"weight":0.0,"played":[0.9258,0.0742],"evs":[0.0,-5.75204]},"62o":{"weight":0.0,"played":[1.0,0.0],"evs":[0.0,-3.07894]},"72o":{"weight":0.0,"played":[0.9895,0.0105],"evs":[0.0,-5.30327]},"82o":{"weight":0.0,"played":[0.9965,0.0035],"evs":[0.0,-8.76323]},"92o":{"weight":0.0,"played":[0.9579,0.0421],"evs":[0.0,-9.58926]},"T2o":{"weight":0.0,"played":[0.9966,0.0034],"evs":[0.0,-6.89384]},"J2o":{"weight":0.0,"played":[0.9985,0.0015],"evs":[0.0,-8.863]},"Q2o":{"weight":0.0,"played":[0.98,0.02],"evs":[0.0,-7.32927]},"K2o":{"weight":0.0,"played":[0.9747,0.0253],"evs":[0.0,-2.93797]},"A2o":{"weight":0.0,"played":[0.6995,0.3005],"evs":[0.0,-3.05781]},"32s":{"weight":0.0,"played":[0.9861,0.0139],"evs":[0.0,-4.28354]},"33":{"weight":9.0E-4,"played":[0.032,0.968],"evs":[0.0,1.99641]},"43o":{"weight":0.0,"played":[0.9997,3.0E-4],"evs":[0.0,-7.19007]},"53o":{"weight":0.0,"played":[0.9426,0.0574],"evs":[0.0,-3.4258]},"63o":{"weight":0.0,"played":[0.8385,0.1615],"evs":[0.0,-4.57261]},"73o":{"weight":0.0,"played":[0.9581,0.0419],"evs":[0.0,-1.58444]},"83o":{"weight":0.0,"played":[0.9982,0.0018],"evs":[0.0,-4.70744]},"93o":{"weight":0.0,"played":[0.9818,0.0182],"evs":[0.0,-6.0591]},"T3o":{"weight":0.0,"played":[0.9297,0.0703],"evs":[0.0,-4.30187]},"J3o":{"weight":0.0,"played":[0.9978,0.0022],"evs":[0.0,-6.18614]},"Q3o":{"weight":0.0,"played":[0.9782,0.0218],"evs":[0.0,-4.47043]},"K3o":{"weight":0.0,"played":[0.9808,0.0192],"evs":[0.0,-6.3397]},"A3o":{"weight":0.0,"played":[0.1597,0.8403],"evs":[0.0,-0.29814]},"42s":{"weight":0.0,"played":[0.9993,7.0E-4],"evs":[0.0,-6.28103]},"43s":{"weight":0.0,"played":[0.5473,0.4527],"evs":[0.0,1.74883]},"44":{"weight":0.1074,"played":[0.5686,0.4314],"evs":[0.0,0.64166]},"54o":{"weight":0.0,"played":[0.9951,0.0049],"evs":[0.0,-1.73518]},"64o":{"weight":0.0,"played":[0.8636,0.1364],"evs":[0.0,-2.41326]},"74o":{"weight":0.0,"played":[0.9846,0.0154],"evs":[0.0,-3.8897]},"84o":{"weight":0.0,"played":[0.9479,0.0521],"evs":[0.0,-2.17322]},"94o":{"weight":0.0,"played":[0.9331,0.0669],"evs":[0.0,-5.28342]},"T4o":{"weight":0.0,"played":[0.994,0.006],"evs":[0.0,-4.89353]},"J4o":{"weight":0.0,"played":[0.992,0.008],"evs":[0.0,-5.61804]},"Q4o":{"weight":0.0,"played":[0.9837,0.0163],"evs":[0.0,-5.7667]},"K4o":{"weight":0.0,"played":[0.8904,0.1096],"evs":[0.0,-1.52541]},"A4o":{"weight":0.0,"played":[0.9464,0.0536],"evs":[0.0,-4.5946]},"52s":{"weight":0.0,"played":[0.6001,0.3999],"evs":[0.0,3.71596]},"53s":{"weight":0.0,"played":[0.9429,0.0571],"evs":[0.0,-2.08372]},"54s":{"weight":0.0,"played":[0.5937,0.4063],"evs":[0.0,-1.65851]},"55":{"weight":0.1216,"played":[0.2259,0.7741],"evs":[0.0,1.31886]},"65o":{"weight":0.0,"played":[0.9694,0.0306],"evs":[0.0,-5.74611]},"75o":{"weight":0.0,"played":[0.8688,0.1312],"evs":[0.0,-2.58016]},"85o":{"weight":0.0,"played":[0.3474,0.6526],"evs":[0.0,-1.66641]},"95o":{"weight":0.0,"played":[0.9716,0.0284],"evs":[0.0,-2.29746]},"T5o":{"weight":0.0,"played":[0.9916,0.0084],"evs":[0.0,-4.03081]},"J5o":{"weight":0.0,"played":[0.9884,0.0116],"evs":[0.0,-6.32607]},"Q5o":{"weight":0.0,"played":[0.9947,0.0053],"evs":[0.0,-4.19517]},"K5o":{"weight":0.0,"played":[0.8949,0.1051],"evs":[0.0,-0.53594]},"A5o":{"weight":0.0,"played":[0.9937,0.0063],"evs":[0.0,-1.7729]},"62s":{"weight":0.0,"played":[0.5146,0.4854],"evs":[0.0,-0.76167]},"63s":{"weight":0.0,"played":[0.4349,0.5651],"evs":[0.0,1.08576]},"64s":{"weight":0.0,"played":[0.9854,0.0146],"evs":[0.0,-3.94705]},"65s":{"weight":0.0,"played":[0.4502,0.5498],"evs":[0.0,-3.0581]},"66":{"weight":0.004,"played":[0.0016,0.9984],"evs":[0.0,3.89928]},"76o":{"weight":0.0,"played":[0.6208,0.3792],"evs":[0.0,-3.07212]},"86o":{"weight":0.0,"played":[0.0991,0.9009],"evs":[0.0,2.70177]},"96o":{"weight":0.0,"played":[0.8106,0.1894],"evs":[0.0,-2.17881]},"T6o":{"weight":0.0,"played":[0.8057,0.1943],"evs":[0.0,-5.3E-4]},"J6o":{"weight":0.0,"played":[0.9834,0.0166],"evs":[0.0,-4.29312]},"Q6o":{"weight":0.0,"played":[0.8346,0.1654],"evs":[0.0,-4.35868]},"K6o":{"weight":0.0,"played":[0.7884,0.2116],"evs":[0.0,-4.05724]},"A6o":{"weight":0.0,"played":[0.555,0.445],"evs":[0.0,-0.61807]},"72s":{"weight":0.0,"played":[0.6561,0.3439],"evs":[0.0,-4.2789]},"73s":{"weight":0.0,"played":[0.7609,0.2391],"evs":[0.0,-4.70117]},"74s":{"weight":0.0,"played":[0.9033,0.0967],"evs":[0.0,-6.69862]},"75s":{"weight":0.0,"played":[0.2793,0.7207],"evs":[0.0,6.01715]},"76s":{"weight":0.0,"played":[0.0726,0.9274],"evs":[0.0,7.32842]},"77":{"weight":1.0E-4,"played":[0.1683,0.8317],"evs":[0.0,1.62322]},"87o":{"weight":0.0,"played":[0.9916,0.0084],"evs":[0.0,-2.59992]},"97o":{"weight":0.0,"played":[0.9349,0.0651],"evs":[0.0,-2.49253]},"T7o":{"weight":0.0,"played":[0.5843,0.4157],"evs":[0.0,-2.19268]},"J7o":{"weight":0.0,"played":[0.9695,0.0305],"evs":[0.0,-7.08119]},"Q7o":{"weight":0.0,"played":[0.9784,0.0216],"evs":[0.0,-1.18765]},"K7o":{"weight":0.0,"played":[0.776,0.224],"evs":[0.0,-3.76074]},"A7o":{"weight":0.0,"played":[0.8309,0.1691],"evs":[0.0,-3.48133]},"82s":{"weight":0.0,"played":[0.9317,0.0683],"evs":[0.0,-5.33992]},"83s":{"weight":0.0,"played":[0.964,0.036],"evs":[0.0,-2.20986]},"84s":{"weight":0.0,"played":[0.8029,0.1971],"evs":[0.0,-2.69607]},"85s":{"weight":0.0,"played":[0.5614,0.4386],"evs":[0.0,-4.55223]},"86s":{"weight":0.0,"played":[0.0171,0.9829],"evs":[0.0,5.76892]},"87s":{"weight":0.0416,"played":[0.5854,0.4146],"evs":[0.0,-1.26872]},"88":{"weight":0.0319,"played":[0.0075,0.9925],"evs":[0.0,9.16295]},"98o":{"weight":0.0,"played":[0.2392,0.7608],"evs":[0.0,2.45765]},"T8o":{"weight":0.0,"played":[0.0776,0.9224],"evs":[0.0,3.59887]},"J8o":{"weight":0.0,"played":[0.8894,0.1106],"evs":[0.0,-7.00521]},"Q8o":{"weight":0.0,"played":[0.7439,0.2561],"evs":[0.0,-0.03467]},"K8o":{"weight":0.0,"played":[0.9524,0.0476],"evs":[0.0,-4.18585]},"A8o":{"weight":0.0,"played":[0.9968,0.0032],"evs":[0.0,-2.4528]},"92s":{"weight":0.0,"played":[0.0457,0.9543],"evs":[0.0,2.50743]},"93s":{"weight":0.0,"played":[0.3312,0.6688],"evs":[0.0,-3.82965]},"94s":{"weight":0.0,"played":[0.9892,0.0108],"evs":[0.0,-3.49744]},"95s":{"weight":0.0,"played":[0.277,0.723],"evs":[0.0,-0.08778]},"96s":{"weight":0.0,"played":[0.3121,0.6879],"evs":[0.0,-1.64745]},"97s":{"weight":1.0E-4,"played":[0.5554,0.4446],"evs":[0.0,-2.23291]},"98s":{"weight":0.0066,"played":[0.0168,0.9832],"evs":[0.0,3.08813]},"99":{"weight":0.0037,"played":[0.0048,0.9952],"evs":[0.0,9.98434]},"T9o":{"weight":0.0,"played":[0.0965,0.9035],"evs":[0.0,1.7378]},"J9o":{"weight":0.0,"played":[0.9243,0.0757],"evs":[0.0,-7.73836]},"Q9o":{"weight":0.0,"played":[0.9853,0.0147],"evs":[0.0,-2.51146]},"K9o":{"weight":0.0,"played":[0.0427,0.9573],"evs":[0.0,2.14483]},"A9o":{"weight":0.0,"played":[0.3553,0.6447],"evs":[0.0,-1.12928]},"T2s":{"weight":0.0,"played":[0.4956,0.5044],"evs":[0.0,-3.68889]},"T3s":{"weight":0.0,"played":[0.9626,0.0374],"evs":[0.0,-5.79768]},"T4s":{"weight":0.0,"played":[0.946,0.054],"evs":[0.0,-3.24446]},"T5s":{"weight":0.0,"played":[0.9342,0.0658],"evs":[0.0,-4.82273]},"T6s":{"weight":0.0,"played":[0.5881,0.4119],"evs":[0.0,-1.04234]},"T7s":{"weight":0.0,"played":[0.3767,0.6233],"evs":[0.0,4.43256]},"T8s":{"weight":1.0E-4,"played":[0.4389,0.5611],"evs":[0.0,4.05574]},"T9s":{"weight":0.4797,"played":[0.1143,0.8857],"evs":[0.0,5.50071]},"TT":{"weight":0.1125,"played":[2.0E-4,0.9998],"evs":[0.0,11.12926]},"JTo":{"weight":0.0,"played":[0.9712,0.0288],"evs":[0.0,-2.43631]},"QTo":{"weight":0.0,"played":[0.4775,0.5225],"evs":[0.0,-0.48461]},"KTo":{"weight":0.0,"played":[0.2076,0.7924],"evs":[0.0,-0.50972]},"ATo":{"weight":0.0035,"played":[0.1181,0.8819],"evs":[0.0,0.83757]},"J2s":{"weight":0.0,"played":[0.6674,0.3326],"evs":[0.0,-6.16559]},"J3s":{"weight":0.0,"played":[0.5975,0.4025],"evs":[0.0,0.52041]},"J4s":{"weight":0.0,"played":[0.8367,0.1633],"evs":[0.0,-4.57541]},"J5s":{"weight":0.0,"played":[0.8859,0.1141],"evs":[0.0,-2.72596]},"J6s":{"weight":0.0,"played":[0.686,0.314],"evs":[0.0,-0.12948]},"J7s":{"weight":0.0,"played":[0.4048,0.5952],"evs":[0.0,-3.09728]},"J8s":{"weight":8.0E-4,"played":[0.7912,0.2088],"evs":[0.0,-4.51837]},"J9s":{"weight":0.0,"played":[0.1665,0.8335],"evs":[0.0,-0.22552]},"JTs":{"weight":0.0664,"played":[0.3563,0.6437],"evs":[0.0,-0.03655]},"JJ":{"weight":0.1384,"played":[0.0012,0.9988],"evs":[0.0,14.63786]},"QJo":{"weight":0.0,"played":[0.1616,0.8384],"evs":[0.0,1.36174]},"KJo":{"weight":3.0E-4,"played":[0.9552,0.0448],"evs":[0.0,-4.29017]},"AJo":{"weight":0.0917,"played":[0.0017,0.9983],"evs":[0.0,2.89926]},"Q2s":{"weight":0.0,"played":[0.9909,0.0091],"evs":[0.0,-6.97489]},"Q3s":{"weight":0.0,"played":[0.7795,0.2205],"evs":[0.0,-1.36597]},"Q4s":{"weight":0.0,"played":[0.3154,0.6846],"evs":[0.0,6.11452]},"Q5s":{"weight":0.0,"played":[0.2035,0.7965],"evs":[0.0,2.7039]},"Q6s":{"weight":0.0,"played":[0.945,0.055],"evs":[0.0,-1.33857]},"Q7s":{"weight":0.0,"played":[0.2828,0.7172],"evs":[0.0,1.77854]},"Q8s":{"weight":0.0,"played":[0.0876,0.9124],"evs":[0.0,1.63876]},"Q9s":{"weight":0.0177,"played":[0.7543,0.2457],"evs":[0.0,-5.0168]},"QTs":{"weight":0.1003,"played":[0.7627,0.2373],"evs":[0.0,-0.8776]},"QJs":{"weight":0.4213,"played":[0.0069,0.9931],"evs":[0.0,3.50787]},"QQ":{"weight":0.6157,"played":[2.0E-4,0.9998],"evs":[0.0,17.69538]},"KQo":{"weight":0.0017,"played":[0.0215,0.9785],"evs":[0.0,2.23423]},"AQo":{"weight":0.0639,"played":[1.0E-4,0.9999],"evs":[0.0,8.32932]},"K2s":{"weight":0.0,"played":[0.318,0.682],"evs":[0.0,5.77009]},"K3s":{"weight":0.0,"played":[0.1405,0.8595],"evs":[0.0,-0.22955]},"K4s":{"weight":0.0,"played":[0.6046,0.3954],"evs":[0.0,2.99206]},"K5s":{"weight":0.0,"played":[0.9719,0.0281],"evs":[0.0,-6.79429]},"K6s":{"weight":1.0E-4,"played":[0.5612,0.4388],"evs":[0.0,1.39832]},"K7s":{"weight":0.0,"played":[0.5088,0.4912],"evs":[0.0,-0.44139]},"K8s":{"weight":8.0E-4,"played":[0.0958,0.9042],"evs":[0.0,2.56786]},"K9s":{"weight":0.0994,"played":[0.3043,0.6957],"evs":[0.0,4.41571]},"KTs":{"weight":0.006,"played":[0.528,0.472],"evs":[0.0,2.66923]},"KJs":{"weight":0.6671,"played":[0.1732,0.8268],"evs":[0.0,2.26127]},"KQs":{"weight":0.1142,"played":[0.0757,0.9243],"evs":[0.0,8.46154]},"KK":{"weight":0.3635,"played":[1.0E-4,0.9999],"evs":[0.0,23.27695]},"AKo":{"weight":0.0698,"played":[0.0033,0.9967],"evs":[0.0,6.64594]},"A2s":{"weight":0.0,"played":[0.9525,0.0475],"evs":[0.0,0.32902]},"A3s":{"weight":0.0013,"played":[0.3027,0.6973],"evs":[0.0,2.6601]},"A4s":{"weight":1.0E-4,"played":[0.5803,0.4197],"evs":[0.0,-0.93675]},"A5s":{"weight":0.1494,"played":[0.3521,0.6479],"evs":[0.0,-1.72772]},"A6s":{"weight":0.3738,"played":[0.1245,0.8755],"evs":[0.0,2.18023]},"A7s":{"weight":0.5085,"played":[0.1141,0.8859],"evs":[0.0,-1.3853]},"A8s":{"weight":0.5563,"played":[0.5168,0.4832],"evs":[0.0,-5.68414]},"A9s":{"weight":0.2804,"played":[0.0042,0.9958],"evs":[0.0,6.93474]},"ATs":{"weight":0.0241,"played":[0.4596,0.5404],"evs":[0.0,-0.22369]},"AJs":{"weight":0.6564,"played":[0.0724,0.9276],"evs":[0.0,3.51558]},"AQs":{"weight":0.0765,"played":[0.001,0.999],"evs":[0.0,8.20522]},"AKs":{"weight":0.6994,"played":[0.0025,0.9975],"evs":[0.0,14.56815]},"AA":{"weight":0.8344,"played":[0.0,1.0],"evs":[0.0,34.34416]}}}