{"player":5,"street":0,"children":2,"sequence":[{"player":0,"type":"R","amount":200000,"street":0},{"player":1,"type":"C","amount":200000,"street":0},{"player":2,"type":"F","amount":0,"street":0},{"player":3,"type":"F","amount":0,"street":0},{"player":4,"type":"R","amount":2035000,"street":0}],"actions":[{"type":"F","amount":0,"node":452},{"type":"C","amount":635000,"node":457}],"hands":{"22":{"weight":1.0,"played":[0.9978,0.0022],"evs":[0.0,-0.02021]},"32o":{"weight":1.0,"played":[1.0,0.0],"evs":[0.0,-1.64039]},"42o":{"weight":1.0,"played":[1.0,0.0],"evs":[0.0,-1.5722]},"52o":{"weight":1.0,"played":[1.0,0.0],"evs":[0.0,-1.46603]},"62o":{"weight":1.0,"played":[1.0,0.0],"evs":[0.0,-1.61629]},"72o":{"weight":1.0,"played":[1.0,0.0],"evs":[0.0,-1.92602]},"82o":{"weight":1.0,"played":[1.0,0.0],"evs":[0.0,-1.80021]},"92o":{"weight":1.0,"played":[1.0,0.0],"evs":[0.0,-1.69048]},"T2o":{"weight":1.0,"played":[1.0,0.0],"evs":[0.0,-1.63277]},"J2o":{"weight":1.0,"played":[1.0,0.0],"evs":[0.0,-1.6352]},"Q2o":{"weight":1.0,"played":[1.0,0.0],"evs":[0.0,-1.47849]},"K2o":{"weight":1.0,"played":[1.0,0.0],"evs":[0.0,-1.2291]},"A2o":{"weight":1.0,"played":[1.0,0.0],"evs":[0.0,-1.11166]},"32s":{"weight":1.0,"played":[1.0,0.0],"evs":[0.0,-0.98283]},"33":{"weight":1.0,"played":[0.2259,0.7741],"evs":[0.0,0.00374]},"43o":{"weight":1.0,"played":[1.0,0.0],"evs":[0.0,-1.29507]},"53o":{"weight":1.0,"played":[1.0,0.0],"evs":[0.0,-1.18564]},"63o":{"weight":1.0,"played":[1.0,0.0],"evs":[0.0,-1.36771]},"73o":{"weight":1.0,"played":[1.0,0.0],"evs":[0.0,-1.62346]},"83o":{"weight":1.0,"played":[1.0,0.0],"evs":[0.0,-1.73368]},"93o":{"weight":1.0,"played":[1.0,0.0],"evs":[0.0,-1.63994]},"T3o":{"weight":1.0,"played":[1.0,0.0],"evs":[0.0,-1.6655]},"J3o":{"weight":1.0,"played":[1.0,0.0],"evs":[0.0,-1.60757]},"Q3o":{"weight":1.0,"played":[1.0,0.0],"evs":[0.0,-1.46644]},"K3o":{"weight":1.0,"played":[1.0,0.0],"evs":[0.0,-1.22052]},"A3o":{"weight":1.0,"played":[1.0,0.0],"evs":[0.0,-0.98534]},"42s":{"weight":1.0,"played":[1.0,0.0],"evs":[0.0,-0.83895]},"43s":{"weight":1.0,"played":[1.0,0.0],"evs":[0.0,-0.61738]},"44":{"weight":1.0,"played":[0.0298,0.9702],"evs":[0.0,0.04807]},"54o":{"weight":1.0,"played":[1.0,0.0],"evs":[0.0,-0.88936]},"64o":{"weight":1.0,"played":[1.0,0.0],"evs":[0.0,-1.11303]},"74o":{"weight":1.0,"played":[1.0,0.0],"evs":[0.0,-1.30963]},"84o":{"weight":1.0,"played":[1.0,0.0],"evs":[0.0,-1.44534]},"94o":{"weight":1.0,"played":[1.0,0.0],"evs":[0.0,-1.53524]},"T4o":{"weight":1.0,"played":[1.0,0.0],"evs":[0.0,-1.50259]},"J4o":{"weight":1.0,"played":[1.0,0.0],"evs":[0.0,-1.51501]},"Q4o":{"weight":1.0,"played":[1.0,0.0],"evs":[0.0,-1.42683]},"K4o":{"weight":1.0,"played":[1.0,0.0],"evs":[0.0,-1.07513]},"A4o":{"weight":1.0,"played":[1.0,0.0],"evs":[0.0,-0.95287]},"52s":{"weight":1.0,"played":[1.0,0.0],"evs":[0.0,-0.82797]},"53s":{"weight":1.0,"played":[0.9998,2.0E-4],"evs":[0.0,-0.48615]},"54s":{"weight":1.0,"played":[0.9991,9.0E-4],"evs":[0.0,-0.2048]},"55":{"weight":1.0,"played":[1.0E-4,0.9999],"evs":[0.0,0.22825]},"65o":{"weight":1.0,"played":[1.0,0.0],"evs":[0.0,-0.85269]},"75o":{"weight":1.0,"played":[1.0,0.0],"evs":[0.0,-1.07203]},"85o":{"weight":1.0,"played":[1.0,0.0],"evs":[0.0,-1.22599]},"95o":{"weight":1.0,"played":[1.0,0.0],"evs":[0.0,-1.37819]},"T5o":{"weight":1.0,"played":[1.0,0.0],"evs":[0.0,-1.54618]},"J5o":{"weight":1.0,"played":[1.0,0.0],"evs":[0.0,-1.49139]},"Q5o":{"weight":1.0,"played":[1.0,0.0],"evs":[0.0,-1.38616]},"K5o":{"weight":1.0,"played":[1.0,0.0],"evs":[0.0,-1.03061]},"A5o":{"weight":1.0,"played":[1.0,0.0],"evs":[0.0,-0.89316]},"62s":{"weight":1.0,"played":[1.0,0.0],"evs":[0.0,-0.91934]},"63s":{"weight":1.0,"played":[0.9993,7.0E-4],"evs":[0.0,-0.71003]},"64s":{"weight":1.0,"played":[0.9998,2.0E-4],"evs":[0.0,-0.41989]},"65s":{"weight":1.0,"played":[0.9982,0.0018],"evs":[0.0,-0.07942]},"66":{"weight":1.0,"played":[0.0013,0.9987],"evs":[0.0,0.38966]},"76o":{"weight":1.0,"played":[1.0,0.0],"evs":[0.0,-0.81737]},"86o":{"weight":1.0,"played":[1.0,0.0],"evs":[0.0,-0.95758]},"96o":{"weight":1.0,"played":[1.0,0.0],"evs":[0.0,-1.10978]},"T6o":{"weight":1.0,"played":[1.0,0.0],"evs":[0.0,-1.24331]},"J6o":{"weight":1.0,"played":[1.0,0.0],"evs":[0.0,-1.45671]},"Q6o":{"weight":1.0,"played":[1.0,0.0],"evs":[0.0,-1.23344]},"K6o":{"weight":1.0,"played":[1.0,0.0],"evs":[0.0,-0.9612]},"A6o":{"weight":1.0,"played":[1.0,0.0],"evs":[0.0,-1.20186]},"72s":{"weight":1.0,"played":[0.9999,1.0E-4],"evs":[0.0,-1.15924]},"73s":{"weight":1.0,"played":[1.0,0.0],"evs":[0.0,-0.98805]},"74s":{"weight":1.0,"played":[1.0,0.0],"evs":[0.0,-0.69759]},"75s":{"weight":1.0,"played":[1.0,0.0],"evs":[0.0,-0.37511]},"76s":{"weight":1.0,"played":[0.9999,1.0E-4],"evs":[0.0,-0.11926]},"77":{"weight":1.0,"played":[6.0E-4,0.9994],"evs":[0.0,0.77265]},"87o":{"weight":1.0,"played":[1.0,0.0],"evs":[0.0,-0.75962]},"97o":{"weight":1.0,"played":[1.0,0.0],"evs":[0.0,-0.87012]},"T7o":{"weight":1.0,"played":[1.0,0.0],"evs":[0.0,-1.09235]},"J7o":{"weight":1.0,"played":[1.0,0.0],"evs":[0.0,-1.25328]},"Q7o":{"weight":1.0,"played":[1.0,0.0],"evs":[0.0,-1.33611]},"K7o":{"weight":1.0,"played":[1.0,0.0],"evs":[0.0,-0.89676]},"A7o":{"weight":1.0,"played":[1.0,0.0],"evs":[0.0,-0.97524]},"82s":{"weight":1.0,"played":[1.0,0.0],"evs":[0.0,-0.94573]},"83s":{"weight":1.0,"played":[1.0,0.0],"evs":[0.0,-1.03541]},"84s":{"weight":1.0,"played":[1.0,0.0],"evs":[0.0,-0.74528]},"85s":{"weight":1.0,"played":[0.9999,1.0E-4],"evs":[0.0,-0.48136]},"86s":{"weight":1.0,"played":[0.9829,0.0171],"evs":[0.0,-0.18386]},"87s":{"weight":1.0,"played":[0.9839,0.0161],"evs":[0.0,-0.13056]},"88":{"weight":1.0,"played":[1.0E-4,0.9999],"evs":[0.0,1.39045]},"98o":{"weight":1.0,"played":[1.0,0.0],"evs":[0.0,-0.63642]},"T8o":{"weight":1.0,"played":[1.0,0.0],"evs":[0.0,-0.75293]},"J8o":{"weight":1.0,"played":[1.0,0.0],"evs":[0.0,-1.06747]},"Q8o":{"weight":1.0,"played":[1.0,0.0],"evs":[0.0,-1.07857]},"K8o":{"weight":1.0,"played":[1.0,0.0],"evs":[0.0,-0.84881]},"A8o":{"weight":1.0,"played":[1.0,0.0],"evs":[0.0,-0.82037]},"92s":{"weight":1.0,"played":[1.0,0.0],"evs":[0.0,-1.00367]},"93s":{"weight":1.0,"played":[1.0,0.0],"evs":[0.0,-0.99235]},"94s":{"weight":1.0,"played":[1.0,0.0],"evs":[0.0,-0.99219]},"95s":{"weight":1.0,"played":[1.0,0.0],"evs":[0.0,-0.65557]},"96s":{"weight":1.0,"played":[1.0,0.0],"evs":[0.0,-0.45327]},"97s":{"weight":1.0,"played":[0.9997,3.0E-4],"evs":[0.0,-0.18606]},"98s":{"weight":1.0,"played":[0.3564,0.6436],"evs":[0.0,0.06576]},"99":{"weight":1.0,"played":[0.0,1.0],"evs":[0.0,2.01653]},"T9o":{"weight":1.0,"played":[1.0,0.0],"evs":[0.0,-0.48114]},"J9o":{"weight":1.0,"played":[1.0,0.0],"evs":[0.0,-0.73527]},"Q9o":{"weight":1.0,"played":[1.0,0.0],"evs":[0.0,-0.71585]},"K9o":{"weight":1.0,"played":[1.0,0.0],"evs":[0.0,-0.54089]},"A9o":{"weight":1.0,"played":[1.0,0.0],"evs":[0.0,-0.6256]},"T2s":{"weight":1.0,"played":[1.0,0.0],"evs":[0.0,-0.94635]},"T3s":{"weight":1.0,"played":[1.0,0.0],"evs":[0.0,-0.797]},"T4s":{"weight":1.0,"played":[1.0,0.0],"evs":[0.0,-0.83062]},"T5s":{"weight":1.0,"played":[1.0,0.0],"evs":[0.0,-0.7952]},"T6s":{"weight":1.0,"played":[0.9996,4.0E-4],"evs":[0.0,-0.50495]},"T7s":{"weight":1.0,"played":[0.9988,0.0012],"evs":[0.0,-0.39102]},"T8s":{"weight":1.0,"played":[0.9997,3.0E-4],"evs":[0.0,-0.10168]},"T9s":{"weight":1.0,"played":[0.0011,0.9989],"evs":[0.0,0.26905]},"TT":{"weight":1.0,"played":[0.0,1.0],"evs":[0.0,2.75664]},"JTo":{"weight":1.0,"played":[1.0,0.0],"evs":[0.0,-0.42276]},"QTo":{"weight":1.0,"played":[1.0,0.0],"evs":[0.0,-0.3732]},"KTo":{"weight":1.0,"played":[0.9656,0.0344],"evs":[0.0,-0.06809]},"ATo":{"weight":1.0,"played":[0.9999,1.0E-4],"evs":[0.0,-0.2705]},"J2s":{"weight":1.0,"played":[1.0,0.0],"evs":[0.0,-0.90194]},"J3s":{"weight":1.0,"played":[0.9999,1.0E-4],"evs":[0.0,-0.87258]},"J4s":{"weight":1.0,"played":[1.0,0.0],"evs":[0.0,-0.86802]},"J5s":{"weight":1.0,"played":[1.0,0.0],"evs":[0.0,-0.7167]},"J6s":{"weight":1.0,"played":[1.0,0.0],"evs":[0.0,-0.85639]},"J7s":{"weight":1.0,"played":[1.0,0.0],"evs":[0.0,-0.50593]},"J8s":{"weight":1.0,"played":[1.0,0.0],"evs":[0.0,-0.16179]},"J9s":{"weight":1.0,"played":[0.9803,0.0197],"evs":[0.0,-0.07264]},"JTs":{"weight":1.0,"played":[4.0E-4,0.9996],"evs":[0.0,0.29181]},"JJ":{"weight":1.0,"played":[0.0,1.0],"evs":[0.0,3.68932]},"QJo":{"weight":1.0,"played":[1.0,0.0],"evs":[0.0,-0.32784]},"KJo":{"weight":1.0,"played":[0.9928,0.0072],"evs":[0.0,-0.11062]},"AJo":{"weight":1.0,"played":[0.9244,0.0756],"evs":[0.0,-0.00261]},"Q2s":{"weight":1.0,"played":[1.0,0.0],"evs":[0.0,-0.77032]},"Q3s":{"weight":1.0,"played":[1.0,0.0],"evs":[0.0,-0.62986]},"Q4s":{"weight":1.0,"played":[1.0,0.0],"evs":[0.0,-0.5616]},"Q5s":{"weight":1.0,"played":[0.9999,1.0E-4],"evs":[0.0,-0.76762]},"Q6s":{"weight":1.0,"played":[0.9999,1.0E-4],"evs":[0.0,-0.6054]},"Q7s":{"weight":1.0,"played":[0.9998,2.0E-4],"evs":[0.0,-0.50003]},"Q8s":{"weight":1.0,"played":[0.9984,0.0016],"evs":[0.0,-0.30073]},"Q9s":{"weight":1.0,"played":[0.9998,2.0E-4],"evs":[0.0,-0.12049]},"QTs":{"weight":1.0,"played":[8.0E-4,0.9992],"evs":[0.0,0.37553]},"QJs":{"weight":1.0,"played":[3.0E-4,0.9997],"evs":[0.0,0.2323]},"QQ":{"weight":1.0,"played":[0.0,1.0],"evs":[0.0,4.96312]},"KQo":{"weight":1.0,"played":[0.0015,0.9985],"evs":[0.0,0.17748]},"AQo":{"weight":1.0,"played":[0.0,1.0],"evs":[0.0,1.15962]},"K2s":{"weight":1.0,"played":[0.9999,1.0E-4],"evs":[0.0,-0.48069]},"K3s":{"weight":1.0,"played":[1.0,0.0],"evs":[0.0,-0.25609]},"K4s":{"weight":1.0,"played":[1.0,0.0],"evs":[0.0,-0.41174]},"K5s":{"weight":1.0,"played":[0.9286,0.0714],"evs":[0.0,-0.2955]},"K6s":{"weight":1.0,"played":[0.9985,0.0015],"evs":[0.0,-0.19658]},"K7s":{"weight":1.0,"played":[0.9998,2.0E-4],"evs":[0.0,-0.23089]},"K8s":{"weight":1.0,"played":[0.9997,3.0E-4],"evs":[0.0,-0.18261]},"K9s":{"weight":1.0,"played":[0.0054,0.9946],"evs":[0.0,0.25851]},"KTs":{"weight":1.0,"played":[0.0,1.0],"evs":[0.0,0.4735]},"KJs":{"weight":1.0,"played":[0.0,1.0],"evs":[0.0,0.5872]},"KQs":{"weight":1.0,"played":[0.0016,0.9984],"evs":[0.0,0.91883]},"KK":{"weight":1.0,"played":[0.0,1.0],"evs":[0.0,6.86117]},"AKo":{"weight":1.0,"played":[0.0,1.0],"evs":[0.0,2.30616]},"A2s":{"weight":1.0,"played":[0.9999,1.0E-4],"evs":[0.0,-0.2437]},"A3s":{"weight":1.0,"played":[0.9991,9.0E-4],"evs":[0.0,-0.31301]},"A4s":{"weight":1.0,"played":[0.9978,0.0022],"evs":[0.0,-0.16736]},"A5s":{"weight":1.0,"played":[0.9628,0.0372],"evs":[0.0,-0.0439]},"A6s":{"weight":1.0,"played":[0.9992,8.0E-4],"evs":[0.0,-0.33688]},"A7s":{"weight":1.0,"played":[0.9995,5.0E-4],"evs":[0.0,-0.29376]},"A8s":{"weight":1.0,"played":[0.9558,0.0442],"evs":[0.0,-0.14624]},"A9s":{"weight":1.0,"played":[0.1975,0.8025],"evs":[0.0,0.09523]},"ATs":{"weight":1.0,"played":[0.0014,0.9986],"evs":[0.0,0.38084]},"AJs":{"weight":1.0,"played":[1.0E-4,0.9999],"evs":[0.0,0.68612]},"AQs":{"weight":1.0,"played":[0.0,1.0],"evs":[0.0,1.61383]},"AKs":{"weight":1.0,"played":[0.0,1.0],"evs":[0.0,2.84372]},"AA":{"weight":1.0,"played":[0.0,1.0],"evs":[0.0,8.81222]}}}