{"player":0,"street":0,"children":3,"sequence":[{"player":0,"type":"R","amount":200000,"street":0},{"player":1,"type":"C","amount":200000,"street":0},{"player":2,"type":"F","amount":0,"street":0},{"player":3,"type":"F","amount":0,"street":0},{"player":4,"type":"R","amount":2035000,"street":0},{"player":5,"type":"F","amount":0,"street":0}],"actions":[{"type":"F","amount":0,"node":453},{"type":"C","amount":1835000,"node":454},{"type":"R","amount":2975000,"node":456}],"hands":{"22":{"weight":0.0,"played":[1.0,0.0,0.0],"evs":[0.0,-1.86333,-1.87673]},"32o":{"weight":0.0,"played":[1.0,0.0,0.0],"evs":[0.0,-6.44733,-6.45948]},"42o":{"weight":0.0,"played":[1.0,0.0,0.0],"evs":[0.0,-6.06465,-6.07824]},"52o":{"weight":0.0,"played":[1.0,0.0,0.0],"evs":[0.0,-5.99386,-6.00575]},"62o":{"weight":0.0,"played":[1.0,0.0,0.0],"evs":[0.0,-6.53047,-6.54821]},"72o":{"weight":0.0,"played":[1.0,0.0,0.0],"evs":[0.0,-7.05018,-7.06839]},"82o":{"weight":0.0,"played":[1.0,0.0,0.0],"evs":[0.0,-6.64648,-6.62238]},"92o":{"weight":0.0,"played":[1.0,0.0,0.0],"evs":[0.0,-6.31263,-6.33126]},"T2o":{"weight":0.0,"played":[1.0,0.0,0.0],"evs":[0.0,-6.04052,-6.04363]},"J2o":{"weight":0.0,"played":[1.0,0.0,0.0],"evs":[0.0,-6.18559,-6.1921]},"Q2o":{"weight":0.0,"played":[1.0,0.0,0.0],"evs":[0.0,-5.62844,-5.63951]},"K2o":{"weight":0.0,"played":[1.0,0.0,0.0],"evs":[0.0,-4.67382,-4.6811]},"A2o":{"weight":0.0,"played":[1.0,0.0,0.0],"evs":[0.0,-3.58985,-3.60579]},"32s":{"weight":0.0,"played":[1.0,0.0,0.0],"evs":[0.0,-4.63987,-4.63356]},"33":{"weight":1.0,"played":[1.0,0.0,0.0],"evs":[0.0,-1.6376,-1.64643]},"43o":{"weight":0.0,"played":[1.0,0.0,0.0],"evs":[0.0,-5.54126,-5.55377]},"53o":{"weight":0.0,"played":[1.0,0.0,0.0],"evs":[0.0,-5.37817,-5.37759]},"63o":{"weight":0.0,"played":[1.0,0.0,0.0],"evs":[0.0,-5.94302,-5.94863]},"73o":{"weight":0.0,"played":[1.0,0.0,0.0],"evs":[0.0,-6.32784,-6.33803]},"83o":{"weight":0.0,"played":[1.0,0.0,0.0],"evs":[0.0,-6.64235,-6.60701]},"93o":{"weight":0.0,"played":[1.0,0.0,0.0],"evs":[0.0,-6.29034,-6.29749]},"T3o":{"weight":0.0,"played":[1.0,0.0,0.0],"evs":[0.0,-6.03599,-6.04759]},"J3o":{"weight":0.0,"played":[1.0,0.0,0.0],"evs":[0.0,-5.9478,-5.95557]},"Q3o":{"weight":0.0,"played":[1.0,0.0,0.0],"evs":[0.0,-5.46116,-5.47002]},"K3o":{"weight":0.0,"played":[1.0,0.0,0.0],"evs":[0.0,-4.61756,-4.62704]},"A3o":{"weight":0.0,"played":[1.0,0.0,0.0],"evs":[0.0,-3.59966,-3.60191]},"42s":{"weight":0.0,"played":[1.0,0.0,0.0],"evs":[0.0,-4.66413,-4.66491]},"43s":{"weight":0.0,"played":[1.0,0.0,0.0],"evs":[0.0,-3.81168,-3.81696]},"44":{"weight":1.0,"played":[1.0,0.0,0.0],"evs":[0.0,-1.49896,-1.50004]},"54o":{"weight":0.0,"played":[1.0,0.0,0.0],"evs":[0.0,-4.92165,-4.91763]},"64o":{"weight":0.0,"played":[1.0,0.0,0.0],"evs":[0.0,-5.25845,-5.26029]},"74o":{"weight":0.0,"played":[1.0,0.0,0.0],"evs":[0.0,-5.71764,-5.73008]},"84o":{"weight":0.0,"played":[1.0,0.0,0.0],"evs":[0.0,-6.07015,-6.08553]},"94o":{"weight":0.0,"played":[1.0,0.0,0.0],"evs":[0.0,-6.21649,-6.24061]},"T4o":{"weight":0.0,"played":[1.0,0.0,0.0],"evs":[0.0,-5.75139,-5.76883]},"J4o":{"weight":0.0,"played":[1.0,0.0,0.0],"evs":[0.0,-5.74353,-5.75039]},"Q4o":{"weight":0.0,"played":[1.0,0.0,0.0],"evs":[0.0,-5.21551,-5.2225]},"K4o":{"weight":0.0,"played":[1.0,0.0,0.0],"evs":[0.0,-4.49243,-4.5016]},"A4o":{"weight":0.0,"played":[1.0,0.0,0.0],"evs":[0.0,-3.33354,-3.34733]},"52s":{"weight":0.0,"played":[1.0,0.0,0.0],"evs":[0.0,-4.29077,-4.30392]},"53s":{"weight":0.0,"played":[1.0,0.0,0.0],"evs":[0.0,-3.81009,-3.81345]},"54s":{"weight":0.0,"played":[1.0,0.0,0.0],"evs":[0.0,-3.18277,-3.19653]},"55":{"weight":1.0,"played":[0.9998,1.0E-4,1.0E-4],"evs":[0.0,-1.24927,-1.24867]},"65o":{"weight":0.0,"played":[1.0,0.0,0.0],"evs":[0.0,-4.75148,-4.75124]},"75o":{"weight":0.0,"played":[1.0,0.0,0.0],"evs":[0.0,-5.18478,-5.18934]},"85o":{"weight":0.0,"played":[1.0,0.0,0.0],"evs":[0.0,-5.38853,-5.39141]},"95o":{"weight":0.0,"played":[1.0,0.0,0.0],"evs":[0.0,-5.54062,-5.5565]},"T5o":{"weight":0.0,"played":[1.0,0.0,0.0],"evs":[0.0,-5.88315,-5.89935]},"J5o":{"weight":0.0,"played":[1.0,0.0,0.0],"evs":[0.0,-5.64215,-5.64753]},"Q5o":{"weight":0.0,"played":[1.0,0.0,0.0],"evs":[0.0,-5.09522,-5.09069]},"K5o":{"weight":0.0,"played":[1.0,0.0,0.0],"evs":[0.0,-4.33484,-4.34378]},"A5o":{"weight":1.0,"played":[1.0,0.0,0.0],"evs":[0.0,-3.19491,-3.2025]},"62s":{"weight":0.0,"played":[1.0,0.0,0.0],"evs":[0.0,-4.84655,-4.84988]},"63s":{"weight":0.0,"played":[1.0,0.0,0.0],"evs":[0.0,-4.18357,-4.19454]},"64s":{"weight":0.0,"played":[1.0,0.0,0.0],"evs":[0.0,-3.62835,-3.6309]},"65s":{"weight":0.0,"played":[1.0,0.0,0.0],"evs":[0.0,-2.81763,-2.81385]},"66":{"weight":1.0,"played":[1.0,0.0,0.0],"evs":[0.0,-0.87873,-0.87318]},"76o":{"weight":0.0,"played":[1.0,0.0,0.0],"evs":[0.0,-4.547,-4.57231]},"86o":{"weight":0.0,"played":[1.0,0.0,0.0],"evs":[0.0,-5.00454,-5.00956]},"96o":{"weight":0.0,"played":[1.0,0.0,0.0],"evs":[0.0,-5.19091,-5.20164]},"T6o":{"weight":0.0,"played":[1.0,0.0,0.0],"evs":[0.0,-5.31346,-5.31545]},"J6o":{"weight":0.0,"played":[1.0,0.0,0.0],"evs":[0.0,-5.80953,-5.82228]},"Q6o":{"weight":0.0,"played":[1.0,0.0,0.0],"evs":[0.0,-5.0496,-5.06198]},"K6o":{"weight":0.0,"played":[1.0,0.0,0.0],"evs":[0.0,-4.17844,-4.19768]},"A6o":{"weight":0.0,"played":[1.0,0.0,0.0],"evs":[0.0,-3.6131,-3.61995]},"72s":{"weight":0.0,"played":[1.0,0.0,0.0],"evs":[0.0,-5.28738,-5.28096]},"73s":{"weight":0.0,"played":[1.0,0.0,0.0],"evs":[0.0,-4.73307,-4.73409]},"74s":{"weight":0.0,"played":[1.0,0.0,0.0],"evs":[0.0,-4.14289,-4.1331]},"75s":{"weight":0.0,"played":[1.0,0.0,0.0],"evs":[0.0,-3.47581,-3.49371]},"76s":{"weight":0.0,"played":[1.0,0.0,0.0],"evs":[0.0,-2.97624,-2.99831]},"77":{"weight":1.0,"played":[0.8364,0.1635,1.0E-4],"evs":[0.0,0.05624,0.04739]},"87o":{"weight":0.0,"played":[1.0,0.0,0.0],"evs":[0.0,-4.35471,-4.35595]},"97o":{"weight":0.0,"played":[1.0,0.0,0.0],"evs":[0.0,-4.55406,-4.56452]},"T7o":{"weight":0.0,"played":[1.0,0.0,0.0],"evs":[0.0,-4.79802,-4.7988]},"J7o":{"weight":0.0,"played":[1.0,0.0,0.0],"evs":[0.0,-5.14931,-5.15923]},"Q7o":{"weight":0.0,"played":[1.0,0.0,0.0],"evs":[0.0,-4.98533,-4.99058]},"K7o":{"weight":0.0,"played":[1.0,0.0,0.0],"evs":[0.0,-4.11039,-4.11684]},"A7o":{"weight":1.0,"played":[1.0,0.0,0.0],"evs":[0.0,-3.53408,-3.55132]},"82s":{"weight":0.0,"played":[1.0,0.0,0.0],"evs":[0.0,-4.94815,-4.9702]},"83s":{"weight":0.0,"played":[1.0,0.0,0.0],"evs":[0.0,-4.9612,-4.97641]},"84s":{"weight":0.0,"played":[1.0,0.0,0.0],"evs":[0.0,-4.28827,-4.29031]},"85s":{"weight":0.0,"played":[1.0,0.0,0.0],"evs":[0.0,-3.92132,-3.93021]},"86s":{"weight":0.0,"played":[1.0,0.0,0.0],"evs":[0.0,-3.15819,-3.1665]},"87s":{"weight":0.9973,"played":[1.0,0.0,0.0],"evs":[0.0,-2.91654,-2.93033]},"88":{"weight":0.9995,"played":[0.0,0.289,0.711],"evs":[0.0,1.30474,1.30545]},"98o":{"weight":0.0,"played":[1.0,0.0,0.0],"evs":[0.0,-4.10797,-4.11704]},"T8o":{"weight":0.0,"played":[1.0,0.0,0.0],"evs":[0.0,-4.14216,-4.15219]},"J8o":{"weight":0.0,"played":[1.0,0.0,0.0],"evs":[0.0,-4.43478,-4.44841]},"Q8o":{"weight":0.0,"played":[1.0,0.0,0.0],"evs":[0.0,-4.42205,-4.42607]},"K8o":{"weight":0.0,"played":[1.0,0.0,0.0],"evs":[0.0,-4.06261,-4.07825]},"A8o":{"weight":1.0,"played":[1.0,0.0,0.0],"evs":[0.0,-3.16306,-3.176]},"92s":{"weight":0.0,"played":[1.0,0.0,0.0],"evs":[0.0,-4.7361,-4.74874]},"93s":{"weight":0.0,"played":[1.0,0.0,0.0],"evs":[0.0,-4.51927,-4.53125]},"94s":{"weight":0.0,"played":[1.0,0.0,0.0],"evs":[0.0,-4.49909,-4.49384]},"95s":{"weight":0.0,"played":[1.0,0.0,0.0],"evs":[0.0,-4.05674,-4.08085]},"96s":{"weight":0.0,"played":[1.0,0.0,0.0],"evs":[0.0,-3.55002,-3.55957]},"97s":{"weight":0.012,"played":[1.0,0.0,0.0],"evs":[0.0,-2.87896,-2.8965]},"98s":{"weight":1.0,"played":[1.0,0.0,0.0],"evs":[0.0,-2.49236,-2.49948]},"99":{"weight":1.0,"played":[0.0,0.5063,0.4937],"evs":[0.0,3.13601,3.14725]},"T9o":{"weight":0.0,"played":[1.0,0.0,0.0],"evs":[0.0,-3.43411,-3.43584]},"J9o":{"weight":0.0,"played":[1.0,0.0,0.0],"evs":[0.0,-3.8743,-3.8818]},"Q9o":{"weight":0.0,"played":[1.0,0.0,0.0],"evs":[0.0,-3.66392,-3.66966]},"K9o":{"weight":0.0,"played":[1.0,0.0,0.0],"evs":[0.0,-3.14501,-3.15055]},"A9o":{"weight":1.0,"played":[1.0,0.0,0.0],"evs":[0.0,-2.72102,-2.73879]},"T2s":{"weight":0.0,"played":[1.0,0.0,0.0],"evs":[0.0,-4.27458,-4.2925]},"T3s":{"weight":0.0,"played":[1.0,0.0,0.0],"evs":[0.0,-4.38883,-4.39082]},"T4s":{"weight":0.0,"played":[1.0,0.0,0.0],"evs":[0.0,-3.82435,-3.8391]},"T5s":{"weight":0.0,"played":[1.0,0.0,0.0],"evs":[0.0,-4.09844,-4.13432]},"T6s":{"weight":0.0,"played":[1.0,0.0,0.0],"evs":[0.0,-3.69294,-3.71938]},"T7s":{"weight":0.0,"played":[1.0,0.0,0.0],"evs":[0.0,-3.25988,-3.25705]},"T8s":{"weight":0.9999,"played":[1.0,0.0,0.0],"evs":[0.0,-2.4959,-2.49576]},"T9s":{"weight":1.0,"played":[1.0,0.0,0.0],"evs":[0.0,-1.93585,-1.93815]},"TT":{"weight":1.0,"played":[0.0,0.3947,0.6053],"evs":[0.0,5.11951,5.11753]},"JTo":{"weight":1.0,"played":[1.0,0.0,0.0],"evs":[0.0,-2.95803,-2.95853]},"QTo":{"weight":1.0,"played":[1.0,0.0,0.0],"evs":[0.0,-2.72329,-2.73033]},"KTo":{"weight":1.0,"played":[1.0,0.0,0.0],"evs":[0.0,-1.76947,-1.76976]},"ATo":{"weight":1.0,"played":[1.0,0.0,0.0],"evs":[0.0,-1.57064,-1.56761]},"J2s":{"weight":0.0,"played":[1.0,0.0,0.0],"evs":[0.0,-4.23881,-4.2488]},"J3s":{"weight":0.0,"played":[1.0,0.0,0.0],"evs":[0.0,-4.33385,-4.33798]},"J4s":{"weight":0.0,"played":[1.0,0.0,0.0],"evs":[0.0,-4.09969,-4.12934]},"J5s":{"weight":0.0,"played":[1.0,0.0,0.0],"evs":[0.0,-4.06187,-4.07045]},"J6s":{"weight":0.0,"played":[1.0,0.0,0.0],"evs":[0.0,-4.19454,-4.19267]},"J7s":{"weight":0.0,"played":[1.0,0.0,0.0],"evs":[0.0,-3.64845,-3.66177]},"J8s":{"weight":1.0,"played":[1.0,0.0,0.0],"evs":[0.0,-2.93114,-2.95297]},"J9s":{"weight":1.0,"played":[1.0,0.0,0.0],"evs":[0.0,-2.44532,-2.43607]},"JTs":{"weight":1.0,"played":[1.0,0.0,0.0],"evs":[0.0,-1.55516,-1.56046]},"JJ":{"weight":1.0,"played":[0.0,0.3746,0.6254],"evs":[0.0,6.87741,6.88432]},"QJo":{"weight":1.0,"played":[1.0,0.0,0.0],"evs":[0.0,-2.65585,-2.65538]},"KJo":{"weight":1.0,"played":[1.0,0.0,0.0],"evs":[0.0,-1.62562,-1.63791]},"AJo":{"weight":1.0,"played":[1.0,0.0,0.0],"evs":[0.0,-0.62976,-0.64595]},"Q2s":{"weight":0.0,"played":[1.0,0.0,0.0],"evs":[0.0,-3.93636,-3.9409]},"Q3s":{"weight":0.0,"played":[1.0,0.0,0.0],"evs":[0.0,-3.75876,-3.75641]},"Q4s":{"weight":0.0,"played":[1.0,0.0,0.0],"evs":[0.0,-3.67676,-3.69094]},"Q5s":{"weight":0.0,"played":[1.0,0.0,0.0],"evs":[0.0,-3.38246,-3.38969]},"Q6s":{"weight":0.0,"played":[1.0,0.0,0.0],"evs":[0.0,-3.4457,-3.46129]},"Q7s":{"weight":0.0,"played":[1.0,0.0,0.0],"evs":[0.0,-3.33966,-3.34877]},"Q8s":{"weight":1.0,"played":[1.0,0.0,0.0],"evs":[0.0,-2.89673,-2.89709]},"Q9s":{"weight":1.0,"played":[1.0,0.0,0.0],"evs":[0.0,-2.28885,-2.2942]},"QTs":{"weight":1.0,"played":[1.0,0.0,0.0],"evs":[0.0,-1.08583,-1.0811]},"QJs":{"weight":1.0,"played":[1.0,0.0,0.0],"evs":[0.0,-0.91987,-0.94039]},"QQ":{"weight":1.0,"played":[0.0,0.2775,0.7225],"evs":[0.0,10.016,10.02096]},"KQo":{"weight":1.0,"played":[1.0,0.0,0.0],"evs":[0.0,-0.84895,-0.85393]},"AQo":{"weight":1.0,"played":[0.0,0.0673,0.9327],"evs":[0.0,2.04901,2.04974]},"K2s":{"weight":0.0,"played":[1.0,0.0,0.0],"evs":[0.0,-3.01287,-3.02396]},"K3s":{"weight":0.0,"played":[1.0,0.0,0.0],"evs":[0.0,-2.95298,-2.97028]},"K4s":{"weight":0.0,"played":[1.0,0.0,0.0],"evs":[0.0,-2.69149,-2.70578]},"K5s":{"weight":0.0113,"played":[1.0,0.0,0.0],"evs":[0.0,-2.79041,-2.79001]},"K6s":{"weight":0.9998,"played":[1.0,0.0,0.0],"evs":[0.0,-2.66955,-2.67793]},"K7s":{"weight":1.0,"played":[1.0,0.0,0.0],"evs":[0.0,-2.52134,-2.53274]},"K8s":{"weight":1.0,"played":[1.0,0.0,0.0],"evs":[0.0,-2.20633,-2.22621]},"K9s":{"weight":1.0,"played":[1.0,0.0,0.0],"evs":[0.0,-1.72211,-1.72599]},"KTs":{"weight":0.9992,"played":[0.9967,0.0012,0.0021],"evs":[0.0,-0.28791,-0.29017]},"KJs":{"weight":1.0,"played":[0.9865,0.0106,0.0029],"evs":[0.0,-0.2305,-0.23666]},"KQs":{"weight":1.0,"played":[1.0E-4,0.9411,0.0588],"evs":[0.0,0.38733,0.37253]},"KK":{"weight":1.0,"played":[0.0,0.8821,0.1179],"evs":[0.0,13.8551,13.84579]},"AKo":{"weight":0.9994,"played":[0.0,0.7943,0.2057],"evs":[0.0,5.10827,5.10771]},"A2s":{"weight":1.0,"played":[1.0,0.0,0.0],"evs":[0.0,-2.02246,-2.02362]},"A3s":{"weight":1.0,"played":[1.0,0.0,0.0],"evs":[0.0,-1.90726,-1.91252]},"A4s":{"weight":1.0,"played":[1.0,0.0,0.0],"evs":[0.0,-1.80263,-1.80961]},"A5s":{"weight":1.0,"played":[1.0,0.0,0.0],"evs":[0.0,-1.51071,-1.52014]},"A6s":{"weight":1.0,"played":[1.0,0.0,0.0],"evs":[0.0,-2.23286,-2.24359]},"A7s":{"weight":1.0,"played":[1.0,0.0,0.0],"evs":[0.0,-1.77433,-1.7827]},"A8s":{"weight":1.0,"played":[1.0,0.0,0.0],"evs":[0.0,-1.40292,-1.41815]},"A9s":{"weight":1.0,"played":[1.0,0.0,0.0],"evs":[0.0,-0.88699,-0.882]},"ATs":{"weight":1.0,"played":[0.8453,0.078,0.0766],"evs":[0.0,-0.10337,-0.10817]},"AJs":{"weight":1.0,"played":[5.0E-4,0.6343,0.3652],"evs":[0.0,0.7342,0.73312]},"AQs":{"weight":1.0,"played":[0.0,0.6263,0.3737],"evs":[0.0,3.27675,3.27041]},"AKs":{"weight":1.0,"played":[0.0,0.5976,0.4024],"evs":[0.0,6.14219,6.13572]},"AA":{"weight":1.0,"played":[0.0,0.2134,0.7866],"evs":[0.0,18.97152,18.98477]}}}