{"player":4,"street":0,"children":2,"sequence":[{"player":0,"type":"R","amount":200000,"street":0},{"player":1,"type":"C","amount":200000,"street":0},{"player":2,"type":"F","amount":0,"street":0},{"player":3,"type":"C","amount":200000,"street":0}],"actions":[{"type":"F","amount":0,"node":461},{"type":"R","amount":2035000,"node":477}],"hands":{"22":{"weight":1.0,"played":[0.9999,1.0E-4],"evs":[0.0,-1.40685]},"32o":{"weight":1.0,"played":[1.0,0.0],"evs":[0.0,-4.98829]},"42o":{"weight":1.0,"played":[1.0,0.0],"evs":[0.0,-4.76791]},"52o":{"weight":1.0,"played":[1.0,0.0],"evs":[0.0,-4.47548]},"62o":{"weight":1.0,"played":[1.0,0.0],"evs":[0.0,-4.6634]},"72o":{"weight":1.0,"played":[1.0,0.0],"evs":[0.0,-4.91037]},"82o":{"weight":1.0,"played":[1.0,0.0],"evs":[0.0,-4.67591]},"92o":{"weight":1.0,"played":[1.0,0.0],"evs":[0.0,-4.36557]},"T2o":{"weight":1.0,"played":[1.0,0.0],"evs":[0.0,-4.42472]},"J2o":{"weight":1.0,"played":[1.0,0.0],"evs":[0.0,-4.38805]},"Q2o":{"weight":1.0,"played":[1.0,0.0],"evs":[0.0,-4.24415]},"K2o":{"weight":1.0,"played":[1.0,0.0],"evs":[0.0,-3.68571]},"A2o":{"weight":1.0,"played":[1.0,0.0],"evs":[0.0,-2.77474]},"32s":{"weight":1.0,"played":[1.0,0.0],"evs":[0.0,-3.5799]},"33":{"weight":1.0,"played":[0.9985,0.0015],"evs":[0.0,-1.11561]},"43o":{"weight":1.0,"played":[1.0,0.0],"evs":[0.0,-4.49983]},"53o":{"weight":1.0,"played":[1.0,0.0],"evs":[0.0,-4.13201]},"63o":{"weight":1.0,"played":[1.0,0.0],"evs":[0.0,-4.08524]},"73o":{"weight":1.0,"played":[1.0,0.0],"evs":[0.0,-4.48889]},"83o":{"weight":1.0,"played":[1.0,0.0],"evs":[0.0,-4.45394]},"93o":{"weight":1.0,"played":[1.0,0.0],"evs":[0.0,-4.41797]},"T3o":{"weight":1.0,"played":[1.0,0.0],"evs":[0.0,-4.40594]},"J3o":{"weight":1.0,"played":[1.0,0.0],"evs":[0.0,-4.56912]},"Q3o":{"weight":1.0,"played":[1.0,0.0],"evs":[0.0,-4.10039]},"K3o":{"weight":1.0,"played":[1.0,0.0],"evs":[0.0,-3.41807]},"A3o":{"weight":1.0,"played":[1.0,0.0],"evs":[0.0,-2.41726]},"42s":{"weight":1.0,"played":[1.0,0.0],"evs":[0.0,-3.63804]},"43s":{"weight":1.0,"played":[1.0,0.0],"evs":[0.0,-2.98169]},"44":{"weight":1.0,"played":[0.9996,4.0E-4],"evs":[0.0,-0.51896]},"54o":{"weight":1.0,"played":[1.0,0.0],"evs":[0.0,-3.42134]},"64o":{"weight":1.0,"played":[1.0,0.0],"evs":[0.0,-3.46554]},"74o":{"weight":1.0,"played":[1.0,0.0],"evs":[0.0,-3.81223]},"84o":{"weight":1.0,"played":[1.0,0.0],"evs":[0.0,-3.98713]},"94o":{"weight":1.0,"played":[1.0,0.0],"evs":[0.0,-4.48936]},"T4o":{"weight":1.0,"played":[1.0,0.0],"evs":[0.0,-4.27547]},"J4o":{"weight":1.0,"played":[1.0,0.0],"evs":[0.0,-4.29276]},"Q4o":{"weight":1.0,"played":[1.0,0.0],"evs":[0.0,-4.00026]},"K4o":{"weight":1.0,"played":[1.0,0.0],"evs":[0.0,-3.51561]},"A4o":{"weight":1.0,"played":[1.0,0.0],"evs":[0.0,-2.40465]},"52s":{"weight":1.0,"played":[1.0,0.0],"evs":[0.0,-3.2671]},"53s":{"weight":1.0,"played":[1.0,0.0],"evs":[0.0,-2.88633]},"54s":{"weight":1.0,"played":[0.9998,2.0E-4],"evs":[0.0,-1.87031]},"55":{"weight":1.0,"played":[0.0118,0.9882],"evs":[0.0,0.15953]},"65o":{"weight":1.0,"played":[1.0,0.0],"evs":[0.0,-2.82256]},"75o":{"weight":1.0,"played":[1.0,0.0],"evs":[0.0,-3.1085]},"85o":{"weight":1.0,"played":[1.0,0.0],"evs":[0.0,-3.56516]},"95o":{"weight":1.0,"played":[1.0,0.0],"evs":[0.0,-3.50379]},"T5o":{"weight":1.0,"played":[1.0,0.0],"evs":[0.0,-4.03989]},"J5o":{"weight":1.0,"played":[1.0,0.0],"evs":[0.0,-3.90666]},"Q5o":{"weight":1.0,"played":[1.0,0.0],"evs":[0.0,-3.50213]},"K5o":{"weight":1.0,"played":[1.0,0.0],"evs":[0.0,-2.96758]},"A5o":{"weight":1.0,"played":[1.0,0.0],"evs":[0.0,-2.05237]},"62s":{"weight":1.0,"played":[1.0,0.0],"evs":[0.0,-3.47511]},"63s":{"weight":1.0,"played":[1.0,0.0],"evs":[0.0,-2.72471]},"64s":{"weight":1.0,"played":[1.0,0.0],"evs":[0.0,-2.2981]},"65s":{"weight":1.0,"played":[0.9999,1.0E-4],"evs":[0.0,-1.37213]},"66":{"weight":1.0,"played":[0.0015,0.9985],"evs":[0.0,1.84758]},"76o":{"weight":1.0,"played":[1.0,0.0],"evs":[0.0,-2.44549]},"86o":{"weight":1.0,"played":[1.0,0.0],"evs":[0.0,-2.73093]},"96o":{"weight":1.0,"played":[1.0,0.0],"evs":[0.0,-2.94517]},"T6o":{"weight":1.0,"played":[1.0,0.0],"evs":[0.0,-3.1538]},"J6o":{"weight":1.0,"played":[1.0,0.0],"evs":[0.0,-3.61659]},"Q6o":{"weight":1.0,"played":[1.0,0.0],"evs":[0.0,-3.12466]},"K6o":{"weight":1.0,"played":[1.0,0.0],"evs":[0.0,-2.48825]},"A6o":{"weight":1.0,"played":[1.0,0.0],"evs":[0.0,-1.78388]},"72s":{"weight":1.0,"played":[1.0,0.0],"evs":[0.0,-3.60172]},"73s":{"weight":1.0,"played":[1.0,0.0],"evs":[0.0,-3.0855]},"74s":{"weight":1.0,"played":[1.0,0.0],"evs":[0.0,-2.85267]},"75s":{"weight":1.0,"played":[1.0,0.0],"evs":[0.0,-2.03736]},"76s":{"weight":1.0,"played":[1.0,0.0],"evs":[0.0,-1.28952]},"77":{"weight":1.0,"played":[0.0,1.0],"evs":[0.0,2.91224]},"87o":{"weight":1.0,"played":[1.0,0.0],"evs":[0.0,-2.04949]},"97o":{"weight":1.0,"played":[1.0,0.0],"evs":[0.0,-2.14993]},"T7o":{"weight":1.0,"played":[1.0,0.0],"evs":[0.0,-2.50928]},"J7o":{"weight":1.0,"played":[1.0,0.0],"evs":[0.0,-2.97705]},"Q7o":{"weight":1.0,"played":[1.0,0.0],"evs":[0.0,-3.03637]},"K7o":{"weight":1.0,"played":[1.0,0.0],"evs":[0.0,-2.285]},"A7o":{"weight":1.0,"played":[1.0,0.0],"evs":[0.0,-1.60901]},"82s":{"weight":1.0,"played":[1.0,0.0],"evs":[0.0,-3.1118]},"83s":{"weight":1.0,"played":[1.0,0.0],"evs":[0.0,-3.33232]},"84s":{"weight":1.0,"played":[1.0,0.0],"evs":[0.0,-2.90303]},"85s":{"weight":1.0,"played":[1.0,0.0],"evs":[0.0,-2.42836]},"86s":{"weight":1.0,"played":[1.0,0.0],"evs":[0.0,-1.34615]},"87s":{"weight":1.0,"played":[1.0,0.0],"evs":[0.0,-0.91173]},"88":{"weight":1.0,"played":[0.0,1.0],"evs":[0.0,3.61177]},"98o":{"weight":1.0,"played":[1.0,0.0],"evs":[0.0,-1.86239]},"T8o":{"weight":1.0,"played":[1.0,0.0],"evs":[0.0,-2.10786]},"J8o":{"weight":1.0,"played":[1.0,0.0],"evs":[0.0,-2.64823]},"Q8o":{"weight":1.0,"played":[1.0,0.0],"evs":[0.0,-2.57859]},"K8o":{"weight":1.0,"played":[1.0,0.0],"evs":[0.0,-2.24976]},"A8o":{"weight":1.0,"played":[0.9999,1.0E-4],"evs":[0.0,-1.40009]},"92s":{"weight":1.0,"played":[1.0,0.0],"evs":[0.0,-3.09]},"93s":{"weight":1.0,"played":[1.0,0.0],"evs":[0.0,-2.75499]},"94s":{"weight":1.0,"played":[1.0,0.0],"evs":[0.0,-2.84556]},"95s":{"weight":1.0,"played":[1.0,0.0],"evs":[0.0,-2.28993]},"96s":{"weight":1.0,"played":[1.0,0.0],"evs":[0.0,-1.42294]},"97s":{"weight":1.0,"played":[1.0,0.0],"evs":[0.0,-0.94908]},"98s":{"weight":1.0,"played":[0.9957,0.0043],"evs":[0.0,-0.48021]},"99":{"weight":1.0,"played":[0.0,1.0],"evs":[0.0,5.23518]},"T9o":{"weight":1.0,"played":[1.0,0.0],"evs":[0.0,-1.68834]},"J9o":{"weight":1.0,"played":[1.0,0.0],"evs":[0.0,-2.12041]},"Q9o":{"weight":1.0,"played":[1.0,0.0],"evs":[0.0,-1.92444]},"K9o":{"weight":1.0,"played":[1.0,0.0],"evs":[0.0,-1.51049]},"A9o":{"weight":1.0,"played":[1.0,0.0],"evs":[0.0,-1.07235]},"T2s":{"weight":1.0,"played":[1.0,0.0],"evs":[0.0,-3.36549]},"T3s":{"weight":1.0,"played":[1.0,0.0],"evs":[0.0,-3.05147]},"T4s":{"weight":1.0,"played":[1.0,0.0],"evs":[0.0,-2.91393]},"T5s":{"weight":1.0,"played":[1.0,0.0],"evs":[0.0,-2.9906]},"T6s":{"weight":1.0,"played":[1.0,0.0],"evs":[0.0,-2.0633]},"T7s":{"weight":1.0,"played":[0.9998,2.0E-4],"evs":[0.0,-1.34517]},"T8s":{"weight":1.0,"played":[0.9999,1.0E-4],"evs":[0.0,-1.07325]},"T9s":{"weight":1.0,"played":[0.9928,0.0072],"evs":[0.0,-0.40041]},"TT":{"weight":1.0,"played":[0.0,1.0],"evs":[0.0,6.45021]},"JTo":{"weight":1.0,"played":[1.0,0.0],"evs":[0.0,-1.44399]},"QTo":{"weight":1.0,"played":[1.0,0.0],"evs":[0.0,-1.54744]},"KTo":{"weight":1.0,"played":[1.0,0.0],"evs":[0.0,-1.13974]},"ATo":{"weight":1.0,"played":[0.9437,0.0563],"evs":[0.0,-0.05854]},"J2s":{"weight":1.0,"played":[1.0,0.0],"evs":[0.0,-3.21184]},"J3s":{"weight":1.0,"played":[1.0,0.0],"evs":[0.0,-2.86895]},"J4s":{"weight":1.0,"played":[1.0,0.0],"evs":[0.0,-2.85155]},"J5s":{"weight":1.0,"played":[1.0,0.0],"evs":[0.0,-2.65994]},"J6s":{"weight":1.0,"played":[1.0,0.0],"evs":[0.0,-2.54521]},"J7s":{"weight":1.0,"played":[1.0,0.0],"evs":[0.0,-1.63282]},"J8s":{"weight":1.0,"played":[1.0,0.0],"evs":[0.0,-1.35981]},"J9s":{"weight":1.0,"played":[0.9995,5.0E-4],"evs":[0.0,-1.06914]},"JTs":{"weight":1.0,"played":[0.5783,0.4217],"evs":[0.0,-0.18461]},"JJ":{"weight":1.0,"played":[0.0,1.0],"evs":[0.0,7.56025]},"QJo":{"weight":1.0,"played":[1.0,0.0],"evs":[0.0,-1.30876]},"KJo":{"weight":1.0,"played":[0.9999,1.0E-4],"evs":[0.0,-0.88617]},"AJo":{"weight":1.0,"played":[3.0E-4,0.9997],"evs":[0.0,1.02752]},"Q2s":{"weight":1.0,"played":[1.0,0.0],"evs":[0.0,-2.74417]},"Q3s":{"weight":1.0,"played":[1.0,0.0],"evs":[0.0,-2.57275]},"Q4s":{"weight":1.0,"played":[1.0,0.0],"evs":[0.0,-2.45391]},"Q5s":{"weight":1.0,"played":[1.0,0.0],"evs":[0.0,-2.51446]},"Q6s":{"weight":1.0,"played":[1.0,0.0],"evs":[0.0,-1.97608]},"Q7s":{"weight":1.0,"played":[1.0,0.0],"evs":[0.0,-1.79242]},"Q8s":{"weight":1.0,"played":[1.0,0.0],"evs":[0.0,-1.05546]},"Q9s":{"weight":1.0,"played":[0.9969,0.0031],"evs":[0.0,-0.37213]},"QTs":{"weight":1.0,"played":[0.9912,0.0088],"evs":[0.0,-0.51259]},"QJs":{"weight":1.0,"played":[0.9997,3.0E-4],"evs":[0.0,-0.39986]},"QQ":{"weight":1.0,"played":[0.0,1.0],"evs":[0.0,9.63466]},"KQo":{"weight":1.0,"played":[0.5401,0.4599],"evs":[0.0,0.07222]},"AQo":{"weight":1.0,"played":[0.0,1.0],"evs":[0.0,2.59695]},"K2s":{"weight":1.0,"played":[1.0,0.0],"evs":[0.0,-2.13177]},"K3s":{"weight":1.0,"played":[1.0,0.0],"evs":[0.0,-1.83933]},"K4s":{"weight":1.0,"played":[1.0,0.0],"evs":[0.0,-1.88606]},"K5s":{"weight":1.0,"played":[1.0,0.0],"evs":[0.0,-1.64025]},"K6s":{"weight":1.0,"played":[1.0,0.0],"evs":[0.0,-0.90607]},"K7s":{"weight":1.0,"played":[0.9998,2.0E-4],"evs":[0.0,-1.00826]},"K8s":{"weight":1.0,"played":[0.9998,2.0E-4],"evs":[0.0,-0.72085]},"K9s":{"weight":1.0,"played":[0.9996,4.0E-4],"evs":[0.0,-0.39369]},"KTs":{"weight":1.0,"played":[0.4711,0.5289],"evs":[0.0,-0.10469]},"KJs":{"weight":1.0,"played":[0.0226,0.9774],"evs":[0.0,0.64716]},"KQs":{"weight":1.0,"played":[2.0E-4,0.9998],"evs":[0.0,0.98052]},"KK":{"weight":1.0,"played":[0.0,1.0],"evs":[0.0,11.89484]},"AKo":{"weight":1.0,"played":[0.0,1.0],"evs":[0.0,3.95173]},"A2s":{"weight":1.0,"played":[1.0,0.0],"evs":[0.0,-1.23999]},"A3s":{"weight":1.0,"played":[1.0,0.0],"evs":[0.0,-1.20726]},"A4s":{"weight":1.0,"played":[0.9999,1.0E-4],"evs":[0.0,-1.12263]},"A5s":{"weight":1.0,"played":[1.0,0.0],"evs":[0.0,-0.65364]},"A6s":{"weight":1.0,"played":[0.9967,0.0033],"evs":[0.0,-0.44916]},"A7s":{"weight":1.0,"played":[0.4048,0.5952],"evs":[0.0,-0.06568]},"A8s":{"weight":1.0,"played":[0.9172,0.0828],"evs":[0.0,-0.08586]},"A9s":{"weight":1.0,"played":[0.0106,0.9894],"evs":[0.0,0.27531]},"ATs":{"weight":1.0,"played":[1.0E-4,0.9999],"evs":[0.0,1.08717]},"AJs":{"weight":1.0,"played":[3.0E-4,0.9997],"evs":[0.0,1.88479]},"AQs":{"weight":1.0,"played":[0.0,1.0],"evs":[0.0,4.03478]},"AKs":{"weight":1.0,"played":[1.0E-4,0.9999],"evs":[0.0,4.95032]},"AA":{"weight":1.0,"played":[0.0,1.0],"evs":[0.0,14.72836]}}}