{"player":3,"street":0,"children":2,"sequence":[{"player":0,"type":"R","amount":200000,"street":0},{"player":1,"type":"C","amount":200000,"street":0},{"player":2,"type":"F","amount":0,"street":0},{"player":3,"type":"C","amount":200000,"street":0},{"player":4,"type":"F","amount":0,"street":0},{"player":5,"type":"R","amount":735000,"street":0},{"player":0,"type":"F","amount":0,"street":0},{"player":1,"type":"F","amount":0,"street":0}],"actions":[{"type":"F","amount":0},{"type":"C","amount":535000}],"hands":{"22":{"weight":0.0,"played":[9.0E-4,0.9991],"evs":[0.0,2.7993]},"32o":{"weight":0.0,"played":[4.0E-4,0.9996],"evs":[0.0,1.39728]},"42o":{"weight":0.0,"played":[2.0E-4,0.9998],"evs":[0.0,1.37026]},"52o":{"weight":0.0,"played":[0.004,0.996],"evs":[0.0,1.33278]},"62o":{"weight":0.0,"played":[4.0E-4,0.9996],"evs":[0.0,0.95287]},"72o":{"weight":0.0,"played":[4.0E-4,0.9996],"evs":[0.0,1.28038]},"82o":{"weight":0.0,"played":[0.005,0.995],"evs":[0.0,1.07253]},"92o":{"weight":0.0,"played":[0.0,1.0],"evs":[0.0,1.31539]},"T2o":{"weight":0.0,"played":[0.0023,0.9977],"evs":[0.0,0.87717]},"J2o":{"weight":0.0,"played":[0.0,1.0],"evs":[0.0,0.87857]},"Q2o":{"weight":0.0,"played":[0.0,1.0],"evs":[0.0,2.16185]},"K2o":{"weight":0.0,"played":[0.0014,0.9986],"evs":[0.0,2.29253]},"A2o":{"weight":0.0,"played":[1.0E-4,0.9999],"evs":[0.0,2.54259]},"32s":{"weight":0.0,"played":[6.0E-4,0.9994],"evs":[0.0,3.06472]},"33":{"weight":0.0,"played":[0.001,0.999],"evs":[0.0,4.44607]},"43o":{"weight":0.0,"played":[5.0E-4,0.9995],"evs":[0.0,1.39039]},"53o":{"weight":0.0,"played":[7.0E-4,0.9993],"evs":[0.0,1.82333]},"63o":{"weight":0.0,"played":[6.0E-4,0.9994],"evs":[0.0,1.54894]},"73o":{"weight":0.0,"played":[1.0E-4,0.9999],"evs":[0.0,1.21859]},"83o":{"weight":0.0,"played":[1.0E-4,0.9999],"evs":[0.0,0.71155]},"93o":{"weight":0.0,"played":[0.0,1.0],"evs":[0.0,1.2763]},"T3o":{"weight":0.0,"played":[0.0,1.0],"evs":[0.0,1.30732]},"J3o":{"weight":0.0,"played":[0.0,1.0],"evs":[0.0,2.08275]},"Q3o":{"weight":0.0,"played":[0.0,1.0],"evs":[0.0,1.76554]},"K3o":{"weight":0.0,"played":[0.0,1.0],"evs":[0.0,1.67284]},"A3o":{"weight":0.0,"played":[1.0E-4,0.9999],"evs":[0.0,3.43815]},"42s":{"weight":0.0,"played":[0.014,0.986],"evs":[0.0,2.45349]},"43s":{"weight":0.0,"played":[6.0E-4,0.9994],"evs":[0.0,2.36355]},"44":{"weight":0.9937,"played":[0.0,1.0],"evs":[0.0,4.52077]},"54o":{"weight":0.0,"played":[0.0,1.0],"evs":[0.0,1.60627]},"64o":{"weight":0.0,"played":[0.0029,0.9971],"evs":[0.0,1.25624]},"74o":{"weight":0.0,"played":[2.0E-4,0.9998],"evs":[0.0,1.33378]},"84o":{"weight":0.0,"played":[5.0E-4,0.9995],"evs":[0.0,1.88818]},"94o":{"weight":0.0,"played":[7.0E-4,0.9993],"evs":[0.0,1.76138]},"T4o":{"weight":0.0,"played":[1.0E-4,0.9999],"evs":[0.0,2.57095]},"J4o":{"weight":0.0,"played":[9.0E-4,0.9991],"evs":[0.0,1.47989]},"Q4o":{"weight":0.0,"played":[0.0,1.0],"evs":[0.0,2.44265]},"K4o":{"weight":0.0,"played":[1.0E-4,0.9999],"evs":[0.0,2.39619]},"A4o":{"weight":0.0,"played":[0.0,1.0],"evs":[0.0,3.01587]},"52s":{"weight":0.0,"played":[0.0021,0.9979],"evs":[0.0,1.50392]},"53s":{"weight":0.0,"played":[0.0088,0.9912],"evs":[0.0,2.29007]},"54s":{"weight":0.0,"played":[2.0E-4,0.9998],"evs":[0.0,1.52079]},"55":{"weight":0.9888,"played":[1.0E-4,0.9999],"evs":[0.0,4.42456]},"65o":{"weight":0.0,"played":[2.0E-4,0.9998],"evs":[0.0,2.08864]},"75o":{"weight":0.0,"played":[1.0E-4,0.9999],"evs":[0.0,1.4004]},"85o":{"weight":0.0,"played":[1.0E-4,0.9999],"evs":[0.0,2.1839]},"95o":{"weight":0.0,"played":[4.0E-4,0.9996],"evs":[0.0,1.98079]},"T5o":{"weight":0.0,"played":[1.0E-4,0.9999],"evs":[0.0,2.21681]},"J5o":{"weight":0.0,"played":[1.0E-4,0.9999],"evs":[0.0,2.00392]},"Q5o":{"weight":0.0,"played":[1.0E-4,0.9999],"evs":[0.0,2.27008]},"K5o":{"weight":0.0,"played":[3.0E-4,0.9997],"evs":[0.0,1.75162]},"A5o":{"weight":0.0,"played":[0.0,1.0],"evs":[0.0,3.47964]},"62s":{"weight":0.0,"played":[0.2218,0.7782],"evs":[0.0,0.62123]},"63s":{"weight":0.0,"played":[0.0082,0.9918],"evs":[0.0,2.61814]},"64s":{"weight":0.0,"played":[0.0044,0.9956],"evs":[0.0,2.81909]},"65s":{"weight":0.0,"played":[0.0057,0.9943],"evs":[0.0,3.1457]},"66":{"weight":0.4325,"played":[2.0E-4,0.9998],"evs":[0.0,5.30259]},"76o":{"weight":0.0,"played":[0.001,0.999],"evs":[0.0,2.23764]},"86o":{"weight":0.0,"played":[3.0E-4,0.9997],"evs":[0.0,1.96053]},"96o":{"weight":0.0,"played":[3.0E-4,0.9997],"evs":[0.0,2.13837]},"T6o":{"weight":0.0,"played":[2.0E-4,0.9998],"evs":[0.0,1.39517]},"J6o":{"weight":0.0,"played":[0.0,1.0],"evs":[0.0,1.53769]},"Q6o":{"weight":0.0,"played":[0.0,1.0],"evs":[0.0,2.24317]},"K6o":{"weight":0.0,"played":[1.0E-4,0.9999],"evs":[0.0,2.66372]},"A6o":{"weight":0.0,"played":[1.0E-4,0.9999],"evs":[0.0,3.07511]},"72s":{"weight":0.0,"played":[0.0,1.0],"evs":[0.0,0.75299]},"73s":{"weight":0.0,"played":[0.0786,0.9214],"evs":[0.0,1.4905]},"74s":{"weight":0.0,"played":[0.001,0.999],"evs":[0.0,1.32967]},"75s":{"weight":0.0,"played":[3.0E-4,0.9997],"evs":[0.0,2.73804]},"76s":{"weight":0.0,"played":[0.0019,0.9981],"evs":[0.0,3.06317]},"77":{"weight":0.0,"played":[2.0E-4,0.9998],"evs":[0.0,5.5901]},"87o":{"weight":0.0,"played":[0.0,1.0],"evs":[0.0,2.42421]},"97o":{"weight":0.0,"played":[2.0E-4,0.9998],"evs":[0.0,2.62667]},"T7o":{"weight":0.0,"played":[0.0,1.0],"evs":[0.0,2.75389]},"J7o":{"weight":0.0,"played":[0.0,1.0],"evs":[0.0,1.67907]},"Q7o":{"weight":0.0,"played":[0.0,1.0],"evs":[0.0,2.32467]},"K7o":{"weight":0.0,"played":[0.0,1.0],"evs":[0.0,2.58039]},"A7o":{"weight":0.0,"played":[0.0,1.0],"evs":[0.0,4.19738]},"82s":{"weight":0.0,"played":[0.0114,0.9886],"evs":[0.0,2.08934]},"83s":{"weight":0.0,"played":[0.0615,0.9385],"evs":[0.0,1.14464]},"84s":{"weight":0.0,"played":[1.0E-4,0.9999],"evs":[0.0,2.05894]},"85s":{"weight":0.0,"played":[0.0036,0.9964],"evs":[0.0,3.06066]},"86s":{"weight":0.0,"played":[0.0016,0.9984],"evs":[0.0,2.15409]},"87s":{"weight":0.0,"played":[2.0E-4,0.9998],"evs":[0.0,3.1032]},"88":{"weight":0.0,"played":[0.0,1.0],"evs":[0.0,5.77427]},"98o":{"weight":0.0,"played":[2.0E-4,0.9998],"evs":[0.0,2.88806]},"T8o":{"weight":0.0,"played":[1.0E-4,0.9999],"evs":[0.0,2.53125]},"J8o":{"weight":0.0,"played":[0.0,1.0],"evs":[0.0,2.23111]},"Q8o":{"weight":0.0,"played":[1.0E-4,0.9999],"evs":[0.0,2.72952]},"K8o":{"weight":0.0,"played":[0.0,1.0],"evs":[0.0,2.43325]},"A8o":{"weight":0.0,"played":[0.0,1.0],"evs":[0.0,4.33772]},"92s":{"weight":0.0,"played":[1.0E-4,0.9999],"evs":[0.0,2.42124]},"93s":{"weight":0.0,"played":[6.0E-4,0.9994],"evs":[0.0,2.46376]},"94s":{"weight":0.0,"played":[1.0E-4,0.9999],"evs":[0.0,1.72331]},"95s":{"weight":0.0,"played":[0.0,1.0],"evs":[0.0,2.13162]},"96s":{"weight":0.0,"played":[0.0026,0.9974],"evs":[0.0,2.12885]},"97s":{"weight":0.0,"played":[0.0,1.0],"evs":[0.0,3.53011]},"98s":{"weight":0.0,"played":[0.002,0.998],"evs":[0.0,2.22741]},"99":{"weight":0.0,"played":[1.0E-4,0.9999],"evs":[0.0,7.51466]},"T9o":{"weight":0.0,"played":[0.0,1.0],"evs":[0.0,2.3617]},"J9o":{"weight":0.0,"played":[0.0,1.0],"evs":[0.0,2.79819]},"Q9o":{"weight":0.0,"played":[0.0,1.0],"evs":[0.0,2.31111]},"K9o":{"weight":0.0,"played":[1.0E-4,0.9999],"evs":[0.0,3.30357]},"A9o":{"weight":0.0,"played":[0.0,1.0],"evs":[0.0,4.94561]},"T2s":{"weight":0.0,"played":[5.0E-4,0.9995],"evs":[0.0,2.60374]},"T3s":{"weight":0.0,"played":[0.0339,0.9661],"evs":[0.0,3.22893]},"T4s":{"weight":0.0,"played":[2.0E-4,0.9998],"evs":[0.0,1.89685]},"T5s":{"weight":0.0,"played":[1.0E-4,0.9999],"evs":[0.0,2.57588]},"T6s":{"weight":0.0,"played":[0.0081,0.9919],"evs":[0.0,3.60907]},"T7s":{"weight":0.0,"played":[0.0039,0.9961],"evs":[0.0,2.56863]},"T8s":{"weight":0.0,"played":[2.0E-4,0.9998],"evs":[0.0,4.15872]},"T9s":{"weight":0.0,"played":[0.0,1.0],"evs":[0.0,3.15231]},"TT":{"weight":0.0,"played":[0.0,1.0],"evs":[0.0,7.31467]},"JTo":{"weight":0.0,"played":[1.0E-4,0.9999],"evs":[0.0,1.80699]},"QTo":{"weight":0.0,"played":[0.0,1.0],"evs":[0.0,3.84611]},"KTo":{"weight":0.0,"played":[0.0,1.0],"evs":[0.0,3.67171]},"ATo":{"weight":0.0819,"played":[0.0,1.0],"evs":[0.0,4.75587]},"J2s":{"weight":0.0,"played":[4.0E-4,0.9996],"evs":[0.0,1.80415]},"J3s":{"weight":0.0,"played":[0.0474,0.9526],"evs":[0.0,1.6931]},"J4s":{"weight":0.0,"played":[2.0E-4,0.9998],"evs":[0.0,3.16521]},"J5s":{"weight":0.0,"played":[1.0E-4,0.9999],"evs":[0.0,0.60067]},"J6s":{"weight":0.0,"played":[0.0021,0.9979],"evs":[0.0,2.85402]},"J7s":{"weight":0.0,"played":[0.0,1.0],"evs":[0.0,1.73861]},"J8s":{"weight":0.0,"played":[0.0,1.0],"evs":[0.0,2.9303]},"J9s":{"weight":0.0,"played":[2.0E-4,0.9998],"evs":[0.0,3.83672]},"JTs":{"weight":0.6559,"played":[1.0E-4,0.9999],"evs":[0.0,3.66254]},"JJ":{"weight":0.0,"played":[1.0E-4,0.9999],"evs":[0.0,7.26785]},"QJo":{"weight":0.0,"played":[0.0,1.0],"evs":[0.0,2.73514]},"KJo":{"weight":0.0,"played":[0.0,1.0],"evs":[0.0,3.38202]},"AJo":{"weight":0.2829,"played":[0.0,1.0],"evs":[0.0,5.33992]},"Q2s":{"weight":0.0,"played":[7.0E-4,0.9993],"evs":[0.0,3.34693]},"Q3s":{"weight":0.0,"played":[1.0E-4,0.9999],"evs":[0.0,2.19121]},"Q4s":{"weight":0.0,"played":[9.0E-4,0.9991],"evs":[0.0,2.61483]},"Q5s":{"weight":0.0,"played":[6.0E-4,0.9994],"evs":[0.0,1.89713]},"Q6s":{"weight":0.0,"played":[0.0015,0.9985],"evs":[0.0,2.32674]},"Q7s":{"weight":0.0,"played":[0.0,1.0],"evs":[0.0,2.56598]},"Q8s":{"weight":0.0,"played":[0.0,1.0],"evs":[0.0,2.81311]},"Q9s":{"weight":1.0E-4,"played":[0.0,1.0],"evs":[0.0,3.87911]},"QTs":{"weight":0.5966,"played":[0.0,1.0],"evs":[0.0,4.52645]},"QJs":{"weight":0.9902,"played":[0.0011,0.9989],"evs":[0.0,3.09002]},"QQ":{"weight":0.0,"played":[0.0,1.0],"evs":[0.0,8.12266]},"KQo":{"weight":0.9196,"played":[0.0,1.0],"evs":[0.0,3.73827]},"AQo":{"weight":0.0,"played":[0.0,1.0],"evs":[0.0,6.26829]},"K2s":{"weight":0.0,"played":[0.0,1.0],"evs":[0.0,2.34066]},"K3s":{"weight":0.0,"played":[0.0,1.0],"evs":[0.0,3.21288]},"K4s":{"weight":0.0,"played":[0.0013,0.9987],"evs":[0.0,2.77432]},"K5s":{"weight":0.0,"played":[0.0,1.0],"evs":[0.0,2.25515]},"K6s":{"weight":0.0,"played":[2.0E-4,0.9998],"evs":[0.0,3.5788]},"K7s":{"weight":0.0,"played":[0.0,1.0],"evs":[0.0,2.29711]},"K8s":{"weight":0.0,"played":[2.0E-4,0.9998],"evs":[0.0,3.39731]},"K9s":{"weight":0.2271,"played":[0.0,1.0],"evs":[0.0,2.80172]},"KTs":{"weight":0.0645,"played":[3.0E-4,0.9997],"evs":[0.0,5.13039]},"KJs":{"weight":0.5682,"played":[1.0E-4,0.9999],"evs":[0.0,3.89238]},"KQs":{"weight":0.001,"played":[0.0015,0.9985],"evs":[0.0,4.04076]},"KK":{"weight":5.0E-4,"played":[0.0,1.0],"evs":[0.0,10.3806]},"AKo":{"weight":0.0,"played":[0.0,1.0],"evs":[0.0,6.27303]},"A2s":{"weight":0.0,"played":[1.0E-4,0.9999],"evs":[0.0,3.37122]},"A3s":{"weight":0.0,"played":[0.0,1.0],"evs":[0.0,3.95756]},"A4s":{"weight":0.0,"played":[0.0,1.0],"evs":[0.0,3.83061]},"A5s":{"weight":0.2989,"played":[1.0E-4,0.9999],"evs":[0.0,5.00175]},"A6s":{"weight":6.0E-4,"played":[4.0E-4,0.9996],"evs":[0.0,4.84269]},"A7s":{"weight":0.0082,"played":[0.0,1.0],"evs":[0.0,4.94118]},"A8s":{"weight":0.9915,"played":[0.0,1.0],"evs":[0.0,5.45275]},"A9s":{"weight":0.7859,"played":[0.0,1.0],"evs":[0.0,5.80149]},"ATs":{"weight":0.6394,"played":[0.0,1.0],"evs":[0.0,5.62272]},"AJs":{"weight":0.2893,"played":[0.0,1.0],"evs":[0.0,5.35329]},"AQs":{"weight":0.0,"played":[0.0,1.0],"evs":[0.0,7.84863]},"AKs":{"weight":0.0,"played":[8.0E-4,0.9992],"evs":[0.0,6.91975]},"AA":{"weight":0.1907,"played":[0.0,1.0],"evs":[0.0,12.01188]}}}