{"player":3,"street":0,"children":3,"sequence":[{"player":0,"type":"R","amount":200000,"street":0},{"player":1,"type":"C","amount":200000,"street":0},{"player":2,"type":"F","amount":0,"street":0},{"player":3,"type":"C","amount":200000,"street":0},{"player":4,"type":"F","amount":0,"street":0},{"player":5,"type":"R","amount":735000,"street":0},{"player":0,"type":"F","amount":0,"street":0},{"player":1,"type":"C","amount":535000,"street":0}],"actions":[{"type":"F","amount":0},{"type":"C","amount":535000},{"type":"R","amount":1905000,"node":466}],"hands":{"22":{"weight":0.0,"played":[0.0121,0.058,0.9299],"evs":[0.0,1.3785,1.6473]},"32o":{"weight":0.0,"played":[1.0,0.0,0.0],"evs":[0.0,-0.42067,-3.21972]},"42o":{"weight":0.0,"played":[0.9648,0.0352,0.0],"evs":[0.0,-0.29946,-2.7664]},"52o":{"weight":0.0,"played":[0.9999,1.0E-4,0.0],"evs":[0.0,-0.71474,-3.39585]},"62o":{"weight":0.0,"played":[1.0,0.0,0.0],"evs":[0.0,-0.7958,-3.75149]},"72o":{"weight":0.0,"played":[1.0,0.0,0.0],"evs":[0.0,-1.16254,-4.48617]},"82o":{"weight":0.0,"played":[1.0,0.0,0.0],"evs":[0.0,-1.26871,-4.16624]},"92o":{"weight":0.0,"played":[0.9999,1.0E-4,0.0],"evs":[0.0,-1.36879,-3.93733]},"T2o":{"weight":0.0,"played":[1.0,0.0,0.0],"evs":[0.0,-0.85902,-3.0296]},"J2o":{"weight":0.0,"played":[0.9998,1.0E-4,0.0],"evs":[0.0,-0.62859,-2.3124]},"Q2o":{"weight":0.0,"played":[0.748,0.2519,1.0E-4],"evs":[0.0,-0.10864,-1.30127]},"K2o":{"weight":0.0,"played":[0.0735,0.557,0.3695],"evs":[0.0,0.1441,-0.25796]},"A2o":{"weight":0.0,"played":[0.0045,0.0337,0.9619],"evs":[0.0,1.09852,1.35661]},"32s":{"weight":0.0,"played":[0.539,0.4609,2.0E-4],"evs":[0.0,0.03705,-1.89062]},"33":{"weight":0.0,"played":[0.0029,0.0011,0.996],"evs":[0.0,1.83429,2.17875]},"43o":{"weight":0.0,"played":[0.8577,0.1423,0.0],"evs":[0.0,-0.09858,-2.36079]},"53o":{"weight":0.0,"played":[0.8326,0.1674,0.0],"evs":[0.0,-0.02182,-2.33883]},"63o":{"weight":0.0,"played":[0.6057,0.3943,0.0],"evs":[0.0,0.0579,-2.54654]},"73o":{"weight":0.0,"played":[1.0,0.0,0.0],"evs":[0.0,-0.82763,-3.42598]},"83o":{"weight":0.0,"played":[1.0,0.0,0.0],"evs":[0.0,-1.07392,-3.9357]},"93o":{"weight":0.0,"played":[1.0,0.0,0.0],"evs":[0.0,-0.78871,-3.03551]},"T3o":{"weight":0.0,"played":[0.9999,0.0,0.0],"evs":[0.0,-0.78626,-2.50663]},"J3o":{"weight":0.0,"played":[0.9999,0.0,0.0],"evs":[0.0,-0.40629,-2.11447]},"Q3o":{"weight":0.0,"played":[0.826,0.174,0.0],"evs":[0.0,-0.11649,-1.31739]},"K3o":{"weight":0.0,"played":[0.084,0.8657,0.0503],"evs":[0.0,0.41609,-0.04357]},"A3o":{"weight":0.0,"played":[0.0234,0.1776,0.799],"evs":[0.0,1.38595,1.53035]},"42s":{"weight":0.0,"played":[0.4186,0.5814,0.0],"evs":[0.0,0.3193,-1.84185]},"43s":{"weight":0.0,"played":[0.0229,0.9762,0.001],"evs":[0.0,0.82198,-0.90096]},"44":{"weight":0.9937,"played":[0.0048,0.0151,0.9801],"evs":[0.0,2.96413,3.29838]},"54o":{"weight":0.0,"played":[0.1461,0.8539,0.0],"evs":[0.0,0.54269,-1.59769]},"64o":{"weight":0.0,"played":[0.3892,0.6108,0.0],"evs":[0.0,0.31917,-1.96561]},"74o":{"weight":0.0,"played":[0.9944,0.0056,0.0],"evs":[0.0,-0.45673,-2.99138]},"84o":{"weight":0.0,"played":[1.0,0.0,0.0],"evs":[0.0,-0.4495,-3.10815]},"94o":{"weight":0.0,"played":[0.9994,5.0E-4,1.0E-4],"evs":[0.0,-0.87706,-3.28907]},"T4o":{"weight":0.0,"played":[1.0,0.0,0.0],"evs":[0.0,-0.78331,-2.42832]},"J4o":{"weight":0.0,"played":[1.0,0.0,0.0],"evs":[0.0,-0.68269,-2.23208]},"Q4o":{"weight":0.0,"played":[0.7799,0.22,1.0E-4],"evs":[0.0,0.02619,-0.80922]},"K4o":{"weight":0.0,"played":[0.0065,0.691,0.3025],"evs":[0.0,0.47594,0.18329]},"A4o":{"weight":0.0,"played":[0.0177,0.2892,0.6931],"evs":[0.0,1.41671,1.46098]},"52s":{"weight":0.0,"played":[0.8183,0.1812,5.0E-4],"evs":[0.0,-0.00406,-1.92375]},"53s":{"weight":0.0,"played":[0.2494,0.7505,2.0E-4],"evs":[0.0,0.61976,-1.20301]},"54s":{"weight":0.0,"played":[0.0014,0.9959,0.0026],"evs":[0.0,1.43961,-0.39647]},"55":{"weight":0.9888,"played":[1.0E-4,1.0E-4,0.9998],"evs":[0.0,2.85652,3.15024]},"65o":{"weight":0.0,"played":[0.0303,0.9697,0.0],"evs":[0.0,0.51156,-1.58282]},"75o":{"weight":0.0,"played":[0.8754,0.1246,0.0],"evs":[0.0,-0.0409,-2.25212]},"85o":{"weight":0.0,"played":[0.9998,2.0E-4,0.0],"evs":[0.0,-0.5517,-2.99862]},"95o":{"weight":0.0,"played":[0.9986,0.0013,0.0],"evs":[0.0,-0.77693,-2.72978]},"T5o":{"weight":0.0,"played":[0.9999,1.0E-4,0.0],"evs":[0.0,-0.68491,-2.34071]},"J5o":{"weight":0.0,"played":[1.0,0.0,0.0],"evs":[0.0,-0.36094,-1.84838]},"Q5o":{"weight":0.0,"played":[0.1917,0.808,3.0E-4],"evs":[0.0,0.12451,-0.7527]},"K5o":{"weight":0.0,"played":[0.0497,0.9503,0.0],"evs":[0.0,0.48118,0.06912]},"A5o":{"weight":0.0,"played":[0.0086,0.0191,0.9722],"evs":[0.0,1.66197,1.84255]},"62s":{"weight":0.0,"played":[0.2205,0.7786,8.0E-4],"evs":[0.0,0.40439,-1.85836]},"63s":{"weight":0.0,"played":[0.0868,0.9131,1.0E-4],"evs":[0.0,0.8232,-1.18735]},"64s":{"weight":0.0,"played":[0.0419,0.9581,0.0],"evs":[0.0,1.03068,-0.66044]},"65s":{"weight":0.0,"played":[0.0592,0.9398,0.0011],"evs":[0.0,1.32669,-0.45436]},"66":{"weight":0.4325,"played":[0.0,0.0,1.0],"evs":[0.0,2.70254,2.81698]},"76o":{"weight":0.0,"played":[0.4358,0.5641,1.0E-4],"evs":[0.0,0.01671,-2.2854]},"86o":{"weight":0.0,"played":[0.9943,0.0054,2.0E-4],"evs":[0.0,-0.66224,-2.69351]},"96o":{"weight":0.0,"played":[1.0,0.0,0.0],"evs":[0.0,-0.48548,-2.25297]},"T6o":{"weight":0.0,"played":[1.0,0.0,0.0],"evs":[0.0,-0.25052,-1.61222]},"J6o":{"weight":0.0,"played":[0.9999,1.0E-4,0.0],"evs":[0.0,-0.33855,-1.49937]},"Q6o":{"weight":0.0,"played":[0.9764,0.0236,0.0],"evs":[0.0,-0.29784,-1.10284]},"K6o":{"weight":0.0,"played":[0.0113,0.9831,0.0056],"evs":[0.0,0.85657,0.6879]},"A6o":{"weight":0.0,"played":[0.0282,0.1867,0.7851],"evs":[0.0,1.30283,1.36285]},"72s":{"weight":0.0,"played":[0.9998,2.0E-4,0.0],"evs":[0.0,-0.96843,-3.37945]},"73s":{"weight":0.0,"played":[0.1111,0.8888,0.0],"evs":[0.0,0.21847,-2.17439]},"74s":{"weight":0.0,"played":[0.1019,0.8981,0.0],"evs":[0.0,0.31644,-1.96708]},"75s":{"weight":0.0,"played":[0.1986,0.7987,0.0027],"evs":[0.0,0.78589,-1.04687]},"76s":{"weight":0.0,"played":[0.0203,0.9751,0.0046],"evs":[0.0,1.32174,-0.51181]},"77":{"weight":0.0,"played":[0.0,0.1015,0.8985],"evs":[0.0,4.1403,4.34414]},"87o":{"weight":0.0,"played":[0.9796,0.0204,0.0],"evs":[0.0,-0.01892,-1.72764]},"97o":{"weight":0.0,"played":[0.8615,0.1384,1.0E-4],"evs":[0.0,-0.1638,-1.77475]},"T7o":{"weight":0.0,"played":[0.7074,0.2925,1.0E-4],"evs":[0.0,-0.12653,-1.07998]},"J7o":{"weight":0.0,"played":[0.9956,0.0044,1.0E-4],"evs":[0.0,-0.78707,-1.57026]},"Q7o":{"weight":0.0,"played":[0.3165,0.63,0.0535],"evs":[0.0,0.07808,-0.51334]},"K7o":{"weight":0.0,"played":[0.0265,0.5724,0.4011],"evs":[0.0,0.48552,0.40994]},"A7o":{"weight":0.0,"played":[0.0062,0.0015,0.9922],"evs":[0.0,1.93149,2.39788]},"82s":{"weight":0.0,"played":[0.1463,0.8537,0.0],"evs":[0.0,-0.04469,-2.63461]},"83s":{"weight":0.0,"played":[0.5995,0.4004,1.0E-4],"evs":[0.0,0.28404,-2.48053]},"84s":{"weight":0.0,"played":[0.0973,0.9027,1.0E-4],"evs":[0.0,0.70784,-1.28815]},"85s":{"weight":0.0,"played":[0.7118,0.2881,1.0E-4],"evs":[0.0,0.20523,-1.37132]},"86s":{"weight":0.0,"played":[0.1157,0.8838,5.0E-4],"evs":[0.0,0.37507,-1.34561]},"87s":{"weight":0.0,"played":[0.0381,0.9617,2.0E-4],"evs":[0.0,1.09147,-0.42195]},"88":{"weight":0.0,"played":[0.0,0.0098,0.9902],"evs":[0.0,5.11553,5.62088]},"98o":{"weight":0.0,"played":[0.9619,0.0381,0.0],"evs":[0.0,-0.20975,-1.46574]},"T8o":{"weight":0.0,"played":[0.3363,0.6637,0.0],"evs":[0.0,0.0882,-1.08122]},"J8o":{"weight":0.0,"played":[0.2821,0.7178,1.0E-4],"evs":[0.0,-0.07328,-0.6629]},"Q8o":{"weight":0.0,"played":[0.1316,0.2622,0.6062],"evs":[0.0,0.02797,-0.27491]},"K8o":{"weight":0.0,"played":[0.0321,8.0E-4,0.9672],"evs":[0.0,1.122,1.37858]},"A8o":{"weight":0.0,"played":[0.0135,0.0127,0.9738],"evs":[0.0,2.74547,3.13093]},"92s":{"weight":0.0,"played":[0.9639,0.0358,3.0E-4],"evs":[0.0,-0.64677,-2.47887]},"93s":{"weight":0.0,"played":[0.284,0.7149,0.0012],"evs":[0.0,0.4451,-1.17054]},"94s":{"weight":0.0,"played":[0.4226,0.5772,1.0E-4],"evs":[0.0,0.09793,-1.48218]},"95s":{"weight":0.0,"played":[0.0367,0.9632,1.0E-4],"evs":[0.0,0.21431,-1.38906]},"96s":{"weight":0.0,"played":[0.0358,0.9642,0.0],"evs":[0.0,1.23769,-0.19078]},"97s":{"weight":0.0,"played":[0.2448,0.7551,0.0],"evs":[0.0,0.31939,-0.93579]},"98s":{"weight":0.0,"played":[0.0636,0.9188,0.0175],"evs":[0.0,0.57031,-0.4983]},"99":{"weight":0.0,"played":[0.0,0.0,1.0],"evs":[0.0,6.621,7.24539]},"T9o":{"weight":0.0,"played":[0.146,0.844,0.01],"evs":[0.0,0.74693,0.20587]},"J9o":{"weight":0.0,"played":[0.2275,0.6099,0.1625],"evs":[0.0,0.05549,-0.62291]},"Q9o":{"weight":0.0,"played":[0.0197,0.0226,0.9578],"evs":[0.0,0.84065,1.04653]},"K9o":{"weight":0.0,"played":[0.0123,0.0036,0.9841],"evs":[0.0,1.50575,2.02247]},"A9o":{"weight":0.0,"played":[0.0038,0.0022,0.9939],"evs":[0.0,3.21176,3.76567]},"T2s":{"weight":0.0,"played":[0.01,0.99,0.0],"evs":[0.0,0.50362,-0.75559]},"T3s":{"weight":0.0,"played":[0.8081,0.1914,6.0E-4],"evs":[0.0,-0.18786,-1.59695]},"T4s":{"weight":0.0,"played":[0.3034,0.6964,2.0E-4],"evs":[0.0,0.28108,-0.79516]},"T5s":{"weight":0.0,"played":[0.0605,0.9387,8.0E-4],"evs":[0.0,0.1212,-0.24205]},"T6s":{"weight":0.0,"played":[0.0265,0.9725,9.0E-4],"evs":[0.0,1.10143,0.34753]},"T7s":{"weight":0.0,"played":[0.0045,0.9913,0.0041],"evs":[0.0,1.28999,0.75101]},"T8s":{"weight":0.0,"played":[0.0062,0.993,8.0E-4],"evs":[0.0,1.80206,1.4872]},"T9s":{"weight":0.0,"played":[0.006,0.6532,0.3409],"evs":[0.0,2.01821,1.9849]},"TT":{"weight":0.0,"played":[0.0,3.0E-4,0.9997],"evs":[0.0,8.78995,9.79397]},"JTo":{"weight":0.0,"played":[0.0143,0.0108,0.9749],"evs":[0.0,1.32513,1.42873]},"QTo":{"weight":0.0,"played":[0.0169,0.0032,0.9799],"evs":[0.0,1.37168,1.98806]},"KTo":{"weight":0.0,"played":[0.018,5.0E-4,0.9815],"evs":[0.0,2.56514,3.30069]},"ATo":{"weight":0.0819,"played":[1.0E-4,6.0E-4,0.9993],"evs":[0.0,3.91838,4.41216]},"J2s":{"weight":0.0,"played":[0.0267,0.9511,0.0221],"evs":[0.0,0.81399,0.01466]},"J3s":{"weight":0.0,"played":[0.2034,0.7955,0.0011],"evs":[0.0,0.6706,-0.4723]},"J4s":{"weight":0.0,"played":[0.1342,0.8658,0.0],"evs":[0.0,0.05943,-1.41105]},"J5s":{"weight":0.0,"played":[0.0628,0.9372,0.0],"evs":[0.0,0.21534,-0.49221]},"J6s":{"weight":0.0,"played":[0.3674,0.6123,0.0203],"evs":[0.0,0.04544,-0.96815]},"J7s":{"weight":0.0,"played":[0.0773,0.7231,0.1996],"evs":[0.0,0.44404,0.45632]},"J8s":{"weight":0.0,"played":[0.0043,0.6625,0.3332],"evs":[0.0,1.38778,1.20196]},"J9s":{"weight":0.0,"played":[3.0E-4,0.7732,0.2266],"evs":[0.0,1.20524,1.04273]},"JTs":{"weight":0.6559,"played":[0.0129,0.0373,0.9498],"evs":[0.0,1.75618,1.89528]},"JJ":{"weight":0.0,"played":[0.0,0.0,1.0],"evs":[0.0,10.41755,11.51092]},"QJo":{"weight":0.0,"played":[0.0038,0.0148,0.9814],"evs":[0.0,1.52559,2.11717]},"KJo":{"weight":0.0,"played":[0.0066,0.0304,0.963],"evs":[0.0,3.35757,4.12057]},"AJo":{"weight":0.2829,"played":[0.0,0.0043,0.9957],"evs":[0.0,5.15532,5.79403]},"Q2s":{"weight":0.0,"played":[0.0288,0.8249,0.1463],"evs":[0.0,0.72727,-0.14908]},"Q3s":{"weight":0.0,"played":[0.0192,0.9206,0.0602],"evs":[0.0,0.80478,0.21029]},"Q4s":{"weight":0.0,"played":[0.0232,0.4862,0.4906],"evs":[0.0,0.6905,0.17275]},"Q5s":{"weight":0.0,"played":[0.0396,0.9405,0.0198],"evs":[0.0,0.83394,0.07181]},"Q6s":{"weight":0.0,"played":[0.0696,0.8412,0.0892],"evs":[0.0,0.93066,0.56983]},"Q7s":{"weight":0.0,"played":[0.0038,0.9839,0.0123],"evs":[0.0,1.38074,0.89224]},"Q8s":{"weight":0.0,"played":[0.0428,0.6309,0.3263],"evs":[0.0,1.43426,1.16005]},"Q9s":{"weight":1.0E-4,"played":[0.0156,0.1254,0.8591],"evs":[0.0,2.0465,1.97566]},"QTs":{"weight":0.5966,"played":[0.0012,0.0019,0.9969],"evs":[0.0,2.13815,2.59969]},"QJs":{"weight":0.9902,"played":[0.0012,0.029,0.9698],"evs":[0.0,2.94587,3.59223]},"QQ":{"weight":0.0,"played":[0.0,0.0,1.0],"evs":[0.0,12.54662,13.74337]},"KQo":{"weight":0.9196,"played":[0.0,0.0053,0.9947],"evs":[0.0,4.04784,4.77248]},"AQo":{"weight":0.0,"played":[0.0,0.0,1.0],"evs":[0.0,5.1874,5.61413]},"K2s":{"weight":0.0,"played":[0.0252,0.9642,0.0106],"evs":[0.0,1.78762,1.42661]},"K3s":{"weight":0.0,"played":[0.0108,0.0281,0.9611],"evs":[0.0,1.42968,1.84756]},"K4s":{"weight":0.0,"played":[0.0075,0.122,0.8705],"evs":[0.0,1.59976,1.93469]},"K5s":{"weight":0.0,"played":[0.0073,0.1538,0.8389],"evs":[0.0,1.84708,1.78562]},"K6s":{"weight":0.0,"played":[0.022,0.0616,0.9164],"evs":[0.0,2.56904,2.9696]},"K7s":{"weight":0.0,"played":[0.0104,0.1585,0.8311],"evs":[0.0,2.24112,2.5317]},"K8s":{"weight":0.0,"played":[0.013,0.0025,0.9845],"evs":[0.0,2.25766,2.64532]},"K9s":{"weight":0.2271,"played":[0.0022,0.0136,0.9843],"evs":[0.0,2.96191,3.61649]},"KTs":{"weight":0.0645,"played":[0.002,0.0051,0.993],"evs":[0.0,3.73951,4.64079]},"KJs":{"weight":0.5682,"played":[3.0E-4,0.0168,0.9829],"evs":[0.0,3.80937,4.56155]},"KQs":{"weight":0.001,"played":[0.0,3.0E-4,0.9997],"evs":[0.0,5.63263,6.6669]},"KK":{"weight":5.0E-4,"played":[0.0,0.0,1.0],"evs":[0.0,13.84427,15.06682]},"AKo":{"weight":0.0,"played":[0.0,0.0,0.9999],"evs":[0.0,5.9325,6.57533]},"A2s":{"weight":0.0,"played":[0.0091,0.0216,0.9692],"evs":[0.0,2.74962,3.335]},"A3s":{"weight":0.0,"played":[7.0E-4,0.1425,0.8568],"evs":[0.0,1.88107,2.28387]},"A4s":{"weight":0.0,"played":[0.0064,0.0745,0.9191],"evs":[0.0,2.10455,2.36471]},"A5s":{"weight":0.2989,"played":[1.0E-4,0.0281,0.9718],"evs":[0.0,3.81774,4.0756]},"A6s":{"weight":6.0E-4,"played":[0.0012,0.0511,0.9476],"evs":[0.0,2.98564,3.30823]},"A7s":{"weight":0.0082,"played":[0.0,6.0E-4,0.9994],"evs":[0.0,3.05397,3.32596]},"A8s":{"weight":0.9915,"played":[9.0E-4,0.0054,0.9938],"evs":[0.0,3.64713,4.38475]},"A9s":{"weight":0.7859,"played":[0.0,0.0066,0.9934],"evs":[0.0,4.29247,4.95277]},"ATs":{"weight":0.6394,"played":[0.0,1.0E-4,0.9999],"evs":[0.0,5.79034,6.65016]},"AJs":{"weight":0.2893,"played":[0.0,1.0E-4,0.9999],"evs":[0.0,6.01513,6.83837]},"AQs":{"weight":0.0,"played":[0.0,3.0E-4,0.9997],"evs":[0.0,6.97026,7.57254]},"AKs":{"weight":0.0,"played":[0.0,1.0E-4,0.9999],"evs":[0.0,7.06875,7.83174]},"AA":{"weight":0.1907,"played":[0.0,0.0,1.0],"evs":[0.0,16.45362,17.75697]}}}