{"player":3,"street":0,"children":3,"sequence":[{"player":0,"type":"R","amount":200000,"street":0},{"player":1,"type":"C","amount":200000,"street":0},{"player":2,"type":"F","amount":0,"street":0},{"player":3,"type":"C","amount":200000,"street":0},{"player":4,"type":"F","amount":0,"street":0},{"player":5,"type":"R","amount":735000,"street":0},{"player":0,"type":"C","amount":535000,"street":0},{"player":1,"type":"F","amount":0,"street":0}],"actions":[{"type":"F","amount":0},{"type":"C","amount":535000},{"type":"R","amount":1905000,"node":470}],"hands":{"22":{"weight":0.0,"played":[0.9231,0.0702,0.0067],"evs":[0.0,-1.2185,-1.64085]},"32o":{"weight":0.0,"played":[1.0,0.0,0.0],"evs":[0.0,-2.0356,-5.21772]},"42o":{"weight":0.0,"played":[0.9989,0.0011,0.0],"evs":[0.0,-1.62154,-4.73484]},"52o":{"weight":0.0,"played":[0.9999,0.0,1.0E-4],"evs":[0.0,-1.86823,-4.71171]},"62o":{"weight":0.0,"played":[1.0,0.0,0.0],"evs":[0.0,-2.01038,-5.26422]},"72o":{"weight":0.0,"played":[0.9999,0.0,1.0E-4],"evs":[0.0,-2.44277,-6.02398]},"82o":{"weight":0.0,"played":[0.9999,1.0E-4,0.0],"evs":[0.0,-2.07486,-5.6445]},"92o":{"weight":0.0,"played":[0.9999,0.0,1.0E-4],"evs":[0.0,-2.1824,-5.8323]},"T2o":{"weight":0.0,"played":[0.9999,0.0,1.0E-4],"evs":[0.0,-2.81427,-6.65484]},"J2o":{"weight":0.0,"played":[0.9999,1.0E-4,0.0],"evs":[0.0,-2.35005,-6.03035]},"Q2o":{"weight":0.0,"played":[0.9995,4.0E-4,1.0E-4],"evs":[0.0,-1.56994,-5.15159]},"K2o":{"weight":0.0,"played":[1.0,0.0,0.0],"evs":[0.0,-1.54909,-4.36734]},"A2o":{"weight":0.0,"played":[0.9996,2.0E-4,2.0E-4],"evs":[0.0,-1.23999,-3.45161]},"32s":{"weight":0.0,"played":[0.9829,0.0158,0.0013],"evs":[0.0,-1.22025,-3.76744]},"33":{"weight":0.0,"played":[0.3916,0.1816,0.4268],"evs":[0.0,-0.24343,-0.24574]},"43o":{"weight":0.0,"played":[1.0,0.0,0.0],"evs":[0.0,-1.70126,-4.18448]},"53o":{"weight":0.0,"played":[1.0,0.0,0.0],"evs":[0.0,-1.48986,-4.07079]},"63o":{"weight":0.0,"played":[0.9999,0.0,1.0E-4],"evs":[0.0,-1.45929,-4.71148]},"73o":{"weight":0.0,"played":[1.0,0.0,0.0],"evs":[0.0,-1.95629,-5.31801]},"83o":{"weight":0.0,"played":[0.9999,1.0E-4,0.0],"evs":[0.0,-2.32505,-5.84628]},"93o":{"weight":0.0,"played":[0.9999,1.0E-4,0.0],"evs":[0.0,-2.37122,-5.73949]},"T3o":{"weight":0.0,"played":[1.0,0.0,0.0],"evs":[0.0,-2.2923,-5.77778]},"J3o":{"weight":0.0,"played":[0.9999,1.0E-4,1.0E-4],"evs":[0.0,-2.41604,-6.01895]},"Q3o":{"weight":0.0,"played":[0.9999,1.0E-4,0.0],"evs":[0.0,-1.80701,-4.66367]},"K3o":{"weight":0.0,"played":[0.9993,7.0E-4,0.0],"evs":[0.0,-1.75281,-4.5001]},"A3o":{"weight":0.0,"played":[0.9998,0.0,2.0E-4],"evs":[0.0,-1.21089,-2.84293]},"42s":{"weight":0.0,"played":[0.857,0.1429,1.0E-4],"evs":[0.0,-0.41228,-2.37777]},"43s":{"weight":0.0,"played":[0.9983,0.0015,2.0E-4],"evs":[0.0,-0.66332,-2.63928]},"44":{"weight":0.9937,"played":[0.7622,0.1513,0.0865],"evs":[0.0,-0.55312,-0.95028]},"54o":{"weight":0.0,"played":[0.9999,1.0E-4,0.0],"evs":[0.0,-0.93138,-3.10439]},"64o":{"weight":0.0,"played":[0.9999,0.0,1.0E-4],"evs":[0.0,-0.6102,-3.68274]},"74o":{"weight":0.0,"played":[0.9999,0.0,1.0E-4],"evs":[0.0,-1.85679,-5.03507]},"84o":{"weight":0.0,"played":[0.9999,0.0,1.0E-4],"evs":[0.0,-2.11592,-5.47405]},"94o":{"weight":0.0,"played":[0.9999,0.0,0.0],"evs":[0.0,-1.87927,-5.29588]},"T4o":{"weight":0.0,"played":[0.9997,2.0E-4,0.0],"evs":[0.0,-2.24189,-5.69981]},"J4o":{"weight":0.0,"played":[0.9999,1.0E-4,0.0],"evs":[0.0,-2.42715,-5.56425]},"Q4o":{"weight":0.0,"played":[0.9999,0.0,1.0E-4],"evs":[0.0,-1.3397,-4.72683]},"K4o":{"weight":0.0,"played":[0.9998,2.0E-4,1.0E-4],"evs":[0.0,-1.81144,-4.49405]},"A4o":{"weight":0.0,"played":[0.9995,1.0E-4,5.0E-4],"evs":[0.0,-1.34029,-3.25863]},"52s":{"weight":0.0,"played":[0.8124,0.1875,1.0E-4],"evs":[0.0,-0.34003,-2.77488]},"53s":{"weight":0.0,"played":[0.7528,0.247,2.0E-4],"evs":[0.0,0.03398,-2.04179]},"54s":{"weight":0.0,"played":[0.9091,0.0845,0.0064],"evs":[0.0,-0.83145,-3.23732]},"55":{"weight":0.9888,"played":[0.0496,0.3145,0.6359],"evs":[0.0,0.15784,0.26701]},"65o":{"weight":0.0,"played":[1.0,0.0,0.0],"evs":[0.0,-0.83376,-3.00814]},"75o":{"weight":0.0,"played":[0.9983,0.0012,5.0E-4],"evs":[0.0,-1.12338,-3.88421]},"85o":{"weight":0.0,"played":[1.0,0.0,0.0],"evs":[0.0,-1.64808,-4.24162]},"95o":{"weight":0.0,"played":[0.9996,3.0E-4,0.0],"evs":[0.0,-1.46856,-4.44634]},"T5o":{"weight":0.0,"played":[0.9996,4.0E-4,0.0],"evs":[0.0,-2.45468,-5.68145]},"J5o":{"weight":0.0,"played":[1.0,0.0,0.0],"evs":[0.0,-1.86363,-5.35113]},"Q5o":{"weight":0.0,"played":[0.9991,5.0E-4,4.0E-4],"evs":[0.0,-1.28904,-4.04469]},"K5o":{"weight":0.0,"played":[0.9902,0.0088,0.001],"evs":[0.0,-1.28577,-3.53152]},"A5o":{"weight":0.0,"played":[0.9998,0.0,2.0E-4],"evs":[0.0,-1.22497,-2.51806]},"62s":{"weight":0.0,"played":[0.9504,0.0495,0.0],"evs":[0.0,-0.92656,-3.212]},"63s":{"weight":0.0,"played":[0.3545,0.6455,0.0],"evs":[0.0,-0.55746,-3.25619]},"64s":{"weight":0.0,"played":[0.5385,0.4593,0.0021],"evs":[0.0,0.1318,-1.78785]},"65s":{"weight":0.0,"played":[0.2807,0.7179,0.0013],"evs":[0.0,0.22718,-1.68742]},"66":{"weight":0.4325,"played":[6.0E-4,0.1107,0.8887],"evs":[0.0,0.42562,0.44822]},"76o":{"weight":0.0,"played":[0.9999,1.0E-4,0.0],"evs":[0.0,-0.89019,-3.34708]},"86o":{"weight":0.0,"played":[0.9992,5.0E-4,3.0E-4],"evs":[0.0,-1.38282,-3.90909]},"96o":{"weight":0.0,"played":[0.9984,0.0016,0.0],"evs":[0.0,-1.48152,-4.29468]},"T6o":{"weight":0.0,"played":[1.0,0.0,0.0],"evs":[0.0,-1.83582,-5.00359]},"J6o":{"weight":0.0,"played":[0.9999,1.0E-4,1.0E-4],"evs":[0.0,-1.4377,-4.33332]},"Q6o":{"weight":0.0,"played":[0.9996,0.0,4.0E-4],"evs":[0.0,-1.63407,-4.62433]},"K6o":{"weight":0.0,"played":[0.9935,0.0065,0.0],"evs":[0.0,-1.23604,-3.38954]},"A6o":{"weight":0.0,"played":[0.9985,7.0E-4,8.0E-4],"evs":[0.0,-0.917,-2.70304]},"72s":{"weight":0.0,"played":[0.987,0.0128,2.0E-4],"evs":[0.0,-1.44614,-4.6511]},"73s":{"weight":0.0,"played":[0.9809,0.019,1.0E-4],"evs":[0.0,-1.34982,-4.19156]},"74s":{"weight":0.0,"played":[0.9987,8.0E-4,5.0E-4],"evs":[0.0,-0.62774,-2.85123]},"75s":{"weight":0.0,"played":[0.9995,1.0E-4,4.0E-4],"evs":[0.0,-0.24816,-2.06825]},"76s":{"weight":0.0,"played":[0.5454,0.4494,0.0053],"evs":[0.0,-0.1283,-1.61518]},"77":{"weight":0.0,"played":[4.0E-4,0.1408,0.8588],"evs":[0.0,0.83024,0.88443]},"87o":{"weight":0.0,"played":[0.9986,0.0012,2.0E-4],"evs":[0.0,-1.07966,-3.9391]},"97o":{"weight":0.0,"played":[1.0,0.0,0.0],"evs":[0.0,-1.5858,-4.30812]},"T7o":{"weight":0.0,"played":[1.0,0.0,0.0],"evs":[0.0,-1.82399,-4.77037]},"J7o":{"weight":0.0,"played":[0.9944,0.0055,1.0E-4],"evs":[0.0,-1.88542,-4.79514]},"Q7o":{"weight":0.0,"played":[0.9999,1.0E-4,0.0],"evs":[0.0,-1.36288,-4.66235]},"K7o":{"weight":0.0,"played":[0.9998,1.0E-4,2.0E-4],"evs":[0.0,-0.99191,-3.58031]},"A7o":{"weight":0.0,"played":[0.9985,0.0012,3.0E-4],"evs":[0.0,-1.42493,-2.93386]},"82s":{"weight":0.0,"played":[0.9998,2.0E-4,0.0],"evs":[0.0,-1.72812,-5.06785]},"83s":{"weight":0.0,"played":[0.9998,2.0E-4,0.0],"evs":[0.0,-1.9311,-5.4758]},"84s":{"weight":0.0,"played":[0.9997,2.0E-4,0.0],"evs":[0.0,-0.91051,-3.39509]},"85s":{"weight":0.0,"played":[0.9945,0.0045,9.0E-4],"evs":[0.0,-0.62771,-2.64328]},"86s":{"weight":0.0,"played":[0.7649,0.2342,8.0E-4],"evs":[0.0,-0.19446,-1.9833]},"87s":{"weight":0.0,"played":[0.208,0.792,0.0],"evs":[0.0,0.28858,-1.44824]},"88":{"weight":0.0,"played":[0.0192,0.0218,0.9591],"evs":[0.0,0.05922,0.39274]},"98o":{"weight":0.0,"played":[0.9991,7.0E-4,3.0E-4],"evs":[0.0,-1.40028,-3.85634]},"T8o":{"weight":0.0,"played":[0.999,8.0E-4,2.0E-4],"evs":[0.0,-1.41271,-4.11791]},"J8o":{"weight":0.0,"played":[1.0,0.0,0.0],"evs":[0.0,-1.33913,-4.29623]},"Q8o":{"weight":0.0,"played":[0.9996,3.0E-4,1.0E-4],"evs":[0.0,-1.32075,-4.09053]},"K8o":{"weight":0.0,"played":[0.9985,0.0015,0.0],"evs":[0.0,-1.29279,-3.94758]},"A8o":{"weight":0.0,"played":[0.9975,0.001,0.0015],"evs":[0.0,-0.91275,-2.54306]},"92s":{"weight":0.0,"played":[0.9995,5.0E-4,0.0],"evs":[0.0,-1.0599,-3.79348]},"93s":{"weight":0.0,"played":[0.9998,2.0E-4,0.0],"evs":[0.0,-0.58151,-3.08245]},"94s":{"weight":0.0,"played":[0.9967,0.0033,0.0],"evs":[0.0,-1.55598,-4.48825]},"95s":{"weight":0.0,"played":[0.9994,5.0E-4,1.0E-4],"evs":[0.0,-1.14578,-3.85527]},"96s":{"weight":0.0,"played":[0.8973,0.1024,2.0E-4],"evs":[0.0,-0.54852,-3.03228]},"97s":{"weight":0.0,"played":[0.471,0.5276,0.0014],"evs":[0.0,-0.63175,-2.69285]},"98s":{"weight":0.0,"played":[0.7993,0.2006,1.0E-4],"evs":[0.0,-0.17118,-2.11078]},"99":{"weight":0.0,"played":[0.0,1.0E-4,0.9999],"evs":[0.0,1.50944,2.16467]},"T9o":{"weight":0.0,"played":[0.9994,3.0E-4,3.0E-4],"evs":[0.0,-1.30062,-4.22652]},"J9o":{"weight":0.0,"played":[0.9922,0.0067,0.0011],"evs":[0.0,-1.58522,-4.85808]},"Q9o":{"weight":0.0,"played":[0.9993,5.0E-4,2.0E-4],"evs":[0.0,-1.72187,-4.06277]},"K9o":{"weight":0.0,"played":[0.988,0.0113,7.0E-4],"evs":[0.0,-0.97898,-3.2218]},"A9o":{"weight":0.0,"played":[0.9995,2.0E-4,3.0E-4],"evs":[0.0,-0.92196,-1.73049]},"T2s":{"weight":0.0,"played":[0.9821,0.0176,3.0E-4],"evs":[0.0,-1.80161,-4.91059]},"T3s":{"weight":0.0,"played":[0.9987,0.0011,2.0E-4],"evs":[0.0,-1.12896,-4.07158]},"T4s":{"weight":0.0,"played":[0.9925,0.0074,1.0E-4],"evs":[0.0,-1.29513,-4.73654]},"T5s":{"weight":0.0,"played":[0.9942,0.0022,0.0036],"evs":[0.0,-1.72455,-4.06363]},"T6s":{"weight":0.0,"played":[0.9934,0.0066,0.0],"evs":[0.0,-1.54338,-3.95958]},"T7s":{"weight":0.0,"played":[0.9689,0.0283,0.0028],"evs":[0.0,-0.95907,-3.43929]},"T8s":{"weight":0.0,"played":[0.4595,0.5405,0.0],"evs":[0.0,0.31894,-1.83593]},"T9s":{"weight":0.0,"played":[0.5831,0.4168,2.0E-4],"evs":[0.0,-0.30196,-2.8811]},"TT":{"weight":0.0,"played":[0.0,0.0,1.0],"evs":[0.0,2.17322,2.6108]},"JTo":{"weight":0.0,"played":[0.9993,0.0,7.0E-4],"evs":[0.0,-1.52461,-3.86235]},"QTo":{"weight":0.0,"played":[0.8549,0.1423,0.0029],"evs":[0.0,-1.47698,-3.72389]},"KTo":{"weight":0.0,"played":[0.9054,0.0937,8.0E-4],"evs":[0.0,-0.57419,-2.91786]},"ATo":{"weight":0.0819,"played":[0.683,0.0373,0.2796],"evs":[0.0,-0.04088,0.15348]},"J2s":{"weight":0.0,"played":[0.9623,0.0335,0.0043],"evs":[0.0,-0.90986,-4.4118]},"J3s":{"weight":0.0,"played":[0.8243,0.1741,0.0016],"evs":[0.0,-0.66112,-3.40489]},"J4s":{"weight":0.0,"played":[0.9249,0.075,1.0E-4],"evs":[0.0,-1.38397,-3.82975]},"J5s":{"weight":0.0,"played":[0.8061,0.1939,0.0],"evs":[0.0,-0.65803,-3.10257]},"J6s":{"weight":0.0,"played":[0.9981,0.0017,2.0E-4],"evs":[0.0,-1.06934,-3.59106]},"J7s":{"weight":0.0,"played":[0.9817,0.0161,0.0022],"evs":[0.0,-0.6471,-3.19669]},"J8s":{"weight":0.0,"played":[0.5562,0.4363,0.0075],"evs":[0.0,-0.72262,-2.74912]},"J9s":{"weight":0.0,"played":[0.9754,0.0245,1.0E-4],"evs":[0.0,-0.52663,-3.13458]},"JTs":{"weight":0.6559,"played":[0.4003,0.5935,0.0062],"evs":[0.0,-0.04705,-1.80789]},"JJ":{"weight":0.0,"played":[0.0,0.0,1.0],"evs":[0.0,4.38066,5.04782]},"QJo":{"weight":0.0,"played":[0.8266,0.173,4.0E-4],"evs":[0.0,-0.49664,-2.61578]},"KJo":{"weight":0.0,"played":[0.7264,0.272,0.0016],"evs":[0.0,-0.69069,-1.88764]},"AJo":{"weight":0.2829,"played":[0.0181,0.0376,0.9444],"evs":[0.0,0.80422,1.30455]},"Q2s":{"weight":0.0,"played":[0.9936,0.0029,0.0035],"evs":[0.0,-1.03876,-3.5276]},"Q3s":{"weight":0.0,"played":[0.9924,0.0064,0.0012],"evs":[0.0,-0.07078,-2.42581]},"Q4s":{"weight":0.0,"played":[0.8746,0.1252,1.0E-4],"evs":[0.0,-1.24814,-3.93131]},"Q5s":{"weight":0.0,"played":[0.3533,0.6462,5.0E-4],"evs":[0.0,-0.55633,-2.73566]},"Q6s":{"weight":0.0,"played":[0.9837,0.0158,5.0E-4],"evs":[0.0,-1.44589,-4.11249]},"Q7s":{"weight":0.0,"played":[0.5405,0.4595,0.0],"evs":[0.0,-0.53615,-3.97629]},"Q8s":{"weight":0.0,"played":[0.6828,0.315,0.0022],"evs":[0.0,-0.25361,-2.32238]},"Q9s":{"weight":1.0E-4,"played":[0.9883,0.0102,0.0016],"evs":[0.0,-0.686,-2.59894]},"QTs":{"weight":0.5966,"played":[0.8105,0.1874,0.0022],"evs":[0.0,-0.63083,-2.59382]},"QJs":{"weight":0.9902,"played":[0.2494,0.7502,5.0E-4],"evs":[0.0,-0.06662,-1.67167]},"QQ":{"weight":0.0,"played":[0.0,2.0E-4,0.9998],"evs":[0.0,7.54226,8.35411]},"KQo":{"weight":0.9196,"played":[0.6476,0.3491,0.0033],"evs":[0.0,-0.25911,-1.16636]},"AQo":{"weight":0.0,"played":[2.0E-4,0.0116,0.9882],"evs":[0.0,2.39466,2.91152]},"K2s":{"weight":0.0,"played":[0.914,0.0848,0.0013],"evs":[0.0,-0.67821,-2.89529]},"K3s":{"weight":0.0,"played":[0.3174,0.6819,7.0E-4],"evs":[0.0,0.04953,-1.9134]},"K4s":{"weight":0.0,"played":[0.5651,0.4346,3.0E-4],"evs":[0.0,-0.36304,-1.6779]},"K5s":{"weight":0.0,"played":[0.077,0.9219,0.0011],"evs":[0.0,0.21384,-2.10875]},"K6s":{"weight":0.0,"played":[0.3153,0.6835,0.0012],"evs":[0.0,0.16193,-1.80399]},"K7s":{"weight":0.0,"played":[0.4151,0.5846,2.0E-4],"evs":[0.0,0.21247,-1.64265]},"K8s":{"weight":0.0,"played":[0.0077,0.9851,0.0071],"evs":[0.0,0.56685,-0.46866]},"K9s":{"weight":0.2271,"played":[0.2986,0.7,0.0013],"evs":[0.0,0.5079,-1.5361]},"KTs":{"weight":0.0645,"played":[0.1394,0.7853,0.0753],"evs":[0.0,0.33494,-1.13871]},"KJs":{"weight":0.5682,"played":[0.5397,0.4351,0.0251],"evs":[0.0,-0.2528,-0.79437]},"KQs":{"weight":0.001,"played":[0.0021,0.9925,0.0054],"evs":[0.0,2.74166,2.55332]},"KK":{"weight":5.0E-4,"played":[0.0,3.0E-4,0.9997],"evs":[0.0,11.30957,12.22125]},"AKo":{"weight":0.0,"played":[0.0,1.0E-4,0.9999],"evs":[0.0,3.21447,4.40261]},"A2s":{"weight":0.0,"played":[0.9658,0.0291,0.0052],"evs":[0.0,-0.25704,-1.86793]},"A3s":{"weight":0.0,"played":[0.8782,0.0916,0.0302],"evs":[0.0,-0.7726,-1.94389]},"A4s":{"weight":0.0,"played":[0.9011,0.0634,0.0354],"evs":[0.0,-0.4817,-1.84673]},"A5s":{"weight":0.2989,"played":[0.4159,0.584,2.0E-4],"evs":[0.0,0.4165,-1.14393]},"A6s":{"weight":6.0E-4,"played":[0.9725,0.0191,0.0084],"evs":[0.0,-0.64667,-1.73936]},"A7s":{"weight":0.0082,"played":[0.6036,0.3963,0.0],"evs":[0.0,-0.03063,-0.80963]},"A8s":{"weight":0.9915,"played":[0.8406,0.1511,0.0082],"evs":[0.0,-0.27361,-1.1456]},"A9s":{"weight":0.7859,"played":[0.2732,0.7174,0.0094],"evs":[0.0,0.45492,-0.3952]},"ATs":{"weight":0.6394,"played":[0.0028,0.4418,0.5554],"evs":[0.0,1.74819,1.94368]},"AJs":{"weight":0.2893,"played":[3.0E-4,0.264,0.7357],"evs":[0.0,2.6471,3.05656]},"AQs":{"weight":0.0,"played":[0.0017,0.0718,0.9265],"evs":[0.0,3.08046,3.8727]},"AKs":{"weight":0.0,"played":[2.0E-4,0.3351,0.6647],"evs":[0.0,4.11853,4.21872]},"AA":{"weight":0.1907,"played":[0.0,0.0,1.0],"evs":[0.0,17.63764,18.44419]}}}