{"player":5,"street":0,"children":2,"sequence":[{"player":0,"type":"F","amount":0,"street":0},{"player":1,"type":"R","amount":200000,"street":0},{"player":2,"type":"F","amount":0,"street":0},{"player":3,"type":"F","amount":0,"street":0},{"player":4,"type":"R","amount":2035000,"street":0}],"actions":[{"type":"F","amount":0,"node":48},{"type":"C","amount":635000,"node":49}],"hands":{"22":{"weight":1.0,"played":[0.9941,0.0059],"evs":[0.0,-0.0639]},"32o":{"weight":1.0,"played":[1.0,0.0],"evs":[0.0,-1.83866]},"42o":{"weight":1.0,"played":[1.0,0.0],"evs":[0.0,-1.68735]},"52o":{"weight":1.0,"played":[1.0,0.0],"evs":[0.0,-1.62052]},"62o":{"weight":1.0,"played":[1.0,0.0],"evs":[0.0,-1.72006]},"72o":{"weight":1.0,"played":[1.0,0.0],"evs":[0.0,-1.83721]},"82o":{"weight":1.0,"played":[1.0,0.0],"evs":[0.0,-1.72452]},"92o":{"weight":1.0,"played":[1.0,0.0],"evs":[0.0,-1.72641]},"T2o":{"weight":1.0,"played":[1.0,0.0],"evs":[0.0,-1.6441]},"J2o":{"weight":1.0,"played":[1.0,0.0],"evs":[0.0,-1.49166]},"Q2o":{"weight":1.0,"played":[1.0,0.0],"evs":[0.0,-1.42711]},"K2o":{"weight":1.0,"played":[1.0,0.0],"evs":[0.0,-1.14564]},"A2o":{"weight":1.0,"played":[1.0,0.0],"evs":[0.0,-0.99977]},"32s":{"weight":1.0,"played":[1.0,0.0],"evs":[0.0,-1.17031]},"33":{"weight":1.0,"played":[0.0,1.0],"evs":[0.0,0.22986]},"43o":{"weight":1.0,"played":[1.0,0.0],"evs":[0.0,-1.41155]},"53o":{"weight":1.0,"played":[1.0,0.0],"evs":[0.0,-1.31612]},"63o":{"weight":1.0,"played":[1.0,0.0],"evs":[0.0,-1.40338]},"73o":{"weight":1.0,"played":[1.0,0.0],"evs":[0.0,-1.55886]},"83o":{"weight":1.0,"played":[1.0,0.0],"evs":[0.0,-1.65985]},"93o":{"weight":1.0,"played":[1.0,0.0],"evs":[0.0,-1.61903]},"T3o":{"weight":1.0,"played":[1.0,0.0],"evs":[0.0,-1.53519]},"J3o":{"weight":1.0,"played":[1.0,0.0],"evs":[0.0,-1.39431]},"Q3o":{"weight":1.0,"played":[1.0,0.0],"evs":[0.0,-1.32057]},"K3o":{"weight":1.0,"played":[1.0,0.0],"evs":[0.0,-1.03326]},"A3o":{"weight":1.0,"played":[1.0,0.0],"evs":[0.0,-0.87467]},"42s":{"weight":1.0,"played":[1.0,0.0],"evs":[0.0,-1.0899]},"43s":{"weight":1.0,"played":[1.0,0.0],"evs":[0.0,-0.78225]},"44":{"weight":1.0,"played":[0.0,1.0],"evs":[0.0,0.56467]},"54o":{"weight":1.0,"played":[1.0,0.0],"evs":[0.0,-1.03676]},"64o":{"weight":1.0,"played":[1.0,0.0],"evs":[0.0,-1.11145]},"74o":{"weight":1.0,"played":[1.0,0.0],"evs":[0.0,-1.26227]},"84o":{"weight":1.0,"played":[1.0,0.0],"evs":[0.0,-1.37745]},"94o":{"weight":1.0,"played":[1.0,0.0],"evs":[0.0,-1.52778]},"T4o":{"weight":1.0,"played":[1.0,0.0],"evs":[0.0,-1.41638]},"J4o":{"weight":1.0,"played":[1.0,0.0],"evs":[0.0,-1.27528]},"Q4o":{"weight":1.0,"played":[1.0,0.0],"evs":[0.0,-1.19078]},"K4o":{"weight":1.0,"played":[1.0,0.0],"evs":[0.0,-0.9361]},"A4o":{"weight":1.0,"played":[1.0,0.0],"evs":[0.0,-0.7426]},"52s":{"weight":1.0,"played":[1.0,0.0],"evs":[0.0,-0.96756]},"53s":{"weight":1.0,"played":[1.0,0.0],"evs":[0.0,-0.69706]},"54s":{"weight":1.0,"played":[1.0,0.0],"evs":[0.0,-0.36914]},"55":{"weight":1.0,"played":[0.0,1.0],"evs":[0.0,0.90283]},"65o":{"weight":1.0,"played":[1.0,0.0],"evs":[0.0,-0.89016]},"75o":{"weight":1.0,"played":[1.0,0.0],"evs":[0.0,-0.99825]},"85o":{"weight":1.0,"played":[1.0,0.0],"evs":[0.0,-1.09375]},"95o":{"weight":1.0,"played":[1.0,0.0],"evs":[0.0,-1.29399]},"T5o":{"weight":1.0,"played":[1.0,0.0],"evs":[0.0,-1.38405]},"J5o":{"weight":1.0,"played":[1.0,0.0],"evs":[0.0,-1.19768]},"Q5o":{"weight":1.0,"played":[1.0,0.0],"evs":[0.0,-1.09988]},"K5o":{"weight":1.0,"played":[1.0,0.0],"evs":[0.0,-0.85338]},"A5o":{"weight":1.0,"played":[1.0,0.0],"evs":[0.0,-0.60267]},"62s":{"weight":1.0,"played":[1.0,0.0],"evs":[0.0,-1.04395]},"63s":{"weight":1.0,"played":[1.0,0.0],"evs":[0.0,-0.83297]},"64s":{"weight":1.0,"played":[1.0,0.0],"evs":[0.0,-0.51129]},"65s":{"weight":1.0,"played":[1.0,0.0],"evs":[0.0,-0.28898]},"66":{"weight":1.0,"played":[0.0,1.0],"evs":[0.0,1.23762]},"76o":{"weight":1.0,"played":[1.0,0.0],"evs":[0.0,-0.70567]},"86o":{"weight":1.0,"played":[1.0,0.0],"evs":[0.0,-0.79129]},"96o":{"weight":1.0,"played":[1.0,0.0],"evs":[0.0,-0.95434]},"T6o":{"weight":1.0,"played":[1.0,0.0],"evs":[0.0,-1.05488]},"J6o":{"weight":1.0,"played":[1.0,0.0],"evs":[0.0,-1.11364]},"Q6o":{"weight":1.0,"played":[1.0,0.0],"evs":[0.0,-0.97814]},"K6o":{"weight":1.0,"played":[1.0,0.0],"evs":[0.0,-0.69474]},"A6o":{"weight":1.0,"played":[1.0,0.0],"evs":[0.0,-0.65126]},"72s":{"weight":1.0,"played":[1.0,0.0],"evs":[0.0,-1.2026]},"73s":{"weight":1.0,"played":[1.0,0.0],"evs":[0.0,-0.93478]},"74s":{"weight":1.0,"played":[1.0,0.0],"evs":[0.0,-0.63859]},"75s":{"weight":1.0,"played":[1.0,0.0],"evs":[0.0,-0.41612]},"76s":{"weight":1.0,"played":[1.0,0.0],"evs":[0.0,-0.1505]},"77":{"weight":1.0,"played":[0.0,1.0],"evs":[0.0,1.51938]},"87o":{"weight":1.0,"played":[1.0,0.0],"evs":[0.0,-0.58398]},"97o":{"weight":1.0,"played":[1.0,0.0],"evs":[0.0,-0.71873]},"T7o":{"weight":1.0,"played":[1.0,0.0],"evs":[0.0,-0.79429]},"J7o":{"weight":1.0,"played":[1.0,0.0],"evs":[0.0,-0.84953]},"Q7o":{"weight":1.0,"played":[1.0,0.0],"evs":[0.0,-0.9231]},"K7o":{"weight":1.0,"played":[1.0,0.0],"evs":[0.0,-0.61735]},"A7o":{"weight":1.0,"played":[1.0,0.0],"evs":[0.0,-0.4885]},"82s":{"weight":1.0,"played":[1.0,0.0],"evs":[0.0,-1.07018]},"83s":{"weight":1.0,"played":[1.0,0.0],"evs":[0.0,-1.01262]},"84s":{"weight":1.0,"played":[1.0,0.0],"evs":[0.0,-0.73051]},"85s":{"weight":1.0,"played":[1.0,0.0],"evs":[0.0,-0.4742]},"86s":{"weight":1.0,"played":[0.9999,1.0E-4],"evs":[0.0,-0.1557]},"87s":{"weight":1.0,"played":[0.5508,0.4492],"evs":[0.0,0.01046]},"88":{"weight":1.0,"played":[0.0,1.0],"evs":[0.0,1.93522]},"98o":{"weight":1.0,"played":[1.0,0.0],"evs":[0.0,-0.48445]},"T8o":{"weight":1.0,"played":[1.0,0.0],"evs":[0.0,-0.54045]},"J8o":{"weight":1.0,"played":[1.0,0.0],"evs":[0.0,-0.57504]},"Q8o":{"weight":1.0,"played":[1.0,0.0],"evs":[0.0,-0.65116]},"K8o":{"weight":1.0,"played":[1.0,0.0],"evs":[0.0,-0.56555]},"A8o":{"weight":1.0,"played":[1.0,0.0],"evs":[0.0,-0.30964]},"92s":{"weight":1.0,"played":[1.0,0.0],"evs":[0.0,-1.06184]},"93s":{"weight":1.0,"played":[1.0,0.0],"evs":[0.0,-0.94699]},"94s":{"weight":1.0,"played":[1.0,0.0],"evs":[0.0,-0.90113]},"95s":{"weight":1.0,"played":[1.0,0.0],"evs":[0.0,-0.64493]},"96s":{"weight":1.0,"played":[1.0,0.0],"evs":[0.0,-0.39155]},"97s":{"weight":1.0,"played":[0.9997,3.0E-4],"evs":[0.0,-0.15058]},"98s":{"weight":1.0,"played":[0.047,0.953],"evs":[0.0,0.10077]},"99":{"weight":1.0,"played":[0.0,1.0],"evs":[0.0,2.47318]},"T9o":{"weight":1.0,"played":[1.0,0.0],"evs":[0.0,-0.3691]},"J9o":{"weight":1.0,"played":[1.0,0.0],"evs":[0.0,-0.4236]},"Q9o":{"weight":1.0,"played":[1.0,0.0],"evs":[0.0,-0.47361]},"K9o":{"weight":1.0,"played":[1.0,0.0],"evs":[0.0,-0.38762]},"A9o":{"weight":1.0,"played":[1.0,0.0],"evs":[0.0,-0.08118]},"T2s":{"weight":1.0,"played":[1.0,0.0],"evs":[0.0,-0.98365]},"T3s":{"weight":1.0,"played":[1.0,0.0],"evs":[0.0,-0.8908]},"T4s":{"weight":1.0,"played":[1.0,0.0],"evs":[0.0,-0.77297]},"T5s":{"weight":1.0,"played":[1.0,0.0],"evs":[0.0,-0.7744]},"T6s":{"weight":1.0,"played":[1.0,0.0],"evs":[0.0,-0.41553]},"T7s":{"weight":1.0,"played":[1.0,0.0],"evs":[0.0,-0.18643]},"T8s":{"weight":1.0,"played":[0.0032,0.9968],"evs":[0.0,0.09162]},"T9s":{"weight":1.0,"played":[7.0E-4,0.9993],"evs":[0.0,0.23668]},"TT":{"weight":1.0,"played":[0.0,1.0],"evs":[0.0,3.19154]},"JTo":{"weight":1.0,"played":[0.9995,5.0E-4],"evs":[0.0,-0.01808]},"QTo":{"weight":1.0,"played":[0.9999,1.0E-4],"evs":[0.0,-0.10657]},"KTo":{"weight":1.0,"played":[0.6883,0.3117],"evs":[0.0,-0.01505]},"ATo":{"weight":1.0,"played":[0.0,1.0],"evs":[0.0,0.5578]},"J2s":{"weight":1.0,"played":[1.0,0.0],"evs":[0.0,-0.85912]},"J3s":{"weight":1.0,"played":[1.0,0.0],"evs":[0.0,-0.76221]},"J4s":{"weight":1.0,"played":[1.0,0.0],"evs":[0.0,-0.64101]},"J5s":{"weight":1.0,"played":[1.0,0.0],"evs":[0.0,-0.58133]},"J6s":{"weight":1.0,"played":[1.0,0.0],"evs":[0.0,-0.48757]},"J7s":{"weight":1.0,"played":[1.0,0.0],"evs":[0.0,-0.19957]},"J8s":{"weight":1.0,"played":[0.4264,0.5736],"evs":[0.0,0.01174]},"J9s":{"weight":1.0,"played":[0.0026,0.9974],"evs":[0.0,0.19059]},"JTs":{"weight":1.0,"played":[0.0,1.0],"evs":[0.0,0.54186]},"JJ":{"weight":1.0,"played":[0.0,1.0],"evs":[0.0,3.92547]},"QJo":{"weight":1.0,"played":[1.0E-4,0.9999],"evs":[0.0,0.08611]},"KJo":{"weight":1.0,"played":[0.0,1.0],"evs":[0.0,0.13725]},"AJo":{"weight":1.0,"played":[0.0,1.0],"evs":[0.0,1.13425]},"Q2s":{"weight":1.0,"played":[1.0,0.0],"evs":[0.0,-0.78603]},"Q3s":{"weight":1.0,"played":[1.0,0.0],"evs":[0.0,-0.65868]},"Q4s":{"weight":1.0,"played":[1.0,0.0],"evs":[0.0,-0.58435]},"Q5s":{"weight":1.0,"played":[1.0,0.0],"evs":[0.0,-0.46531]},"Q6s":{"weight":1.0,"played":[1.0,0.0],"evs":[0.0,-0.37697]},"Q7s":{"weight":1.0,"played":[1.0,0.0],"evs":[0.0,-0.33011]},"Q8s":{"weight":1.0,"played":[0.9595,0.0405],"evs":[0.0,-0.10863]},"Q9s":{"weight":1.0,"played":[8.0E-4,0.9992],"evs":[0.0,0.05363]},"QTs":{"weight":1.0,"played":[0.0,1.0],"evs":[0.0,0.49028]},"QJs":{"weight":1.0,"played":[0.0,1.0],"evs":[0.0,0.65337]},"QQ":{"weight":1.0,"played":[0.0,1.0],"evs":[0.0,4.88192]},"KQo":{"weight":1.0,"played":[0.0,1.0],"evs":[0.0,0.40577]},"AQo":{"weight":1.0,"played":[0.0,1.0],"evs":[0.0,1.877]},"K2s":{"weight":1.0,"played":[1.0,0.0],"evs":[0.0,-0.52633]},"K3s":{"weight":1.0,"played":[1.0,0.0],"evs":[0.0,-0.40809]},"K4s":{"weight":1.0,"played":[1.0,0.0],"evs":[0.0,-0.30384]},"K5s":{"weight":1.0,"played":[1.0,0.0],"evs":[0.0,-0.1972]},"K6s":{"weight":1.0,"played":[0.9956,0.0044],"evs":[0.0,-0.07907]},"K7s":{"weight":1.0,"played":[0.9089,0.0911],"evs":[0.0,-0.01054]},"K8s":{"weight":1.0,"played":[0.0552,0.9448],"evs":[0.0,0.022]},"K9s":{"weight":1.0,"played":[0.0,1.0],"evs":[0.0,0.19078]},"KTs":{"weight":1.0,"played":[0.0,1.0],"evs":[0.0,0.52635]},"KJs":{"weight":1.0,"played":[0.0,1.0],"evs":[0.0,0.6946]},"KQs":{"weight":1.0,"played":[0.0,1.0],"evs":[0.0,0.93221]},"KK":{"weight":1.0,"played":[0.0,1.0],"evs":[0.0,5.91482]},"AKo":{"weight":1.0,"played":[0.0,1.0],"evs":[0.0,2.67634]},"A2s":{"weight":1.0,"played":[1.0,0.0],"evs":[0.0,-0.33658]},"A3s":{"weight":1.0,"played":[1.0,0.0],"evs":[0.0,-0.23654]},"A4s":{"weight":1.0,"played":[0.9963,0.0037],"evs":[0.0,-0.0949]},"A5s":{"weight":1.0,"played":[0.069,0.931],"evs":[0.0,0.03503]},"A6s":{"weight":1.0,"played":[0.7624,0.2376],"evs":[0.0,0.01042]},"A7s":{"weight":1.0,"played":[0.0,1.0],"evs":[0.0,0.11484]},"A8s":{"weight":1.0,"played":[0.0,1.0],"evs":[0.0,0.26454]},"A9s":{"weight":1.0,"played":[0.0,1.0],"evs":[0.0,0.48072]},"ATs":{"weight":1.0,"played":[0.0,1.0],"evs":[0.0,1.08927]},"AJs":{"weight":1.0,"played":[0.0,1.0],"evs":[0.0,1.65699]},"AQs":{"weight":1.0,"played":[0.0,1.0],"evs":[0.0,2.33867]},"AKs":{"weight":1.0,"played":[0.0,1.0],"evs":[0.0,3.07165]},"AA":{"weight":1.0,"played":[0.0,1.0],"evs":[0.0,7.79289]}}}