{"player":5,"street":0,"children":3,"sequence":[{"player":0,"type":"F","amount":0,"street":0},{"player":1,"type":"R","amount":200000,"street":0},{"player":2,"type":"F","amount":0,"street":0},{"player":3,"type":"C","amount":200000,"street":0},{"player":4,"type":"F","amount":0,"street":0}],"actions":[{"type":"F","amount":0},{"type":"C","amount":100000},{"type":"R","amount":735000,"node":52}],"hands":{"22":{"weight":1.0,"played":[0.0,0.9978,0.0022],"evs":[0.0,0.58701,0.52579]},"32o":{"weight":1.0,"played":[0.9996,4.0E-4,0.0],"evs":[0.0,-0.05718,-1.42729]},"42o":{"weight":1.0,"played":[0.991,0.009,0.0],"evs":[0.0,-0.01442,-1.33068]},"52o":{"weight":1.0,"played":[0.0166,0.9834,0.0],"evs":[0.0,0.03368,-1.22345]},"62o":{"weight":1.0,"played":[0.9997,3.0E-4,0.0],"evs":[0.0,-0.05555,-1.39275]},"72o":{"weight":1.0,"played":[1.0,0.0,0.0],"evs":[0.0,-0.12926,-1.617]},"82o":{"weight":1.0,"played":[1.0,0.0,0.0],"evs":[0.0,-0.12787,-1.55454]},"92o":{"weight":1.0,"played":[1.0,0.0,0.0],"evs":[0.0,-0.14432,-1.56783]},"T2o":{"weight":1.0,"played":[1.0,0.0,0.0],"evs":[0.0,-0.12244,-1.41691]},"J2o":{"weight":1.0,"played":[1.0,0.0,0.0],"evs":[0.0,-0.04896,-1.28066]},"Q2o":{"weight":1.0,"played":[9.0E-4,0.9991,0.0],"evs":[0.0,0.0649,-1.05625]},"K2o":{"weight":1.0,"played":[1.0E-4,0.9999,0.0],"evs":[0.0,0.11689,-0.77134]},"A2o":{"weight":1.0,"played":[0.0,1.0,0.0],"evs":[0.0,0.37009,0.14651]},"32s":{"weight":1.0,"played":[1.0E-4,0.9999,0.0],"evs":[0.0,0.22295,-0.79504]},"33":{"weight":1.0,"played":[0.0,0.8538,0.1462],"evs":[0.0,0.6604,0.6268]},"43o":{"weight":1.0,"played":[4.0E-4,0.9996,0.0],"evs":[0.0,0.05462,-1.12078]},"53o":{"weight":1.0,"played":[6.0E-4,0.9994,0.0],"evs":[0.0,0.0997,-0.98777]},"63o":{"weight":1.0,"played":[0.0032,0.9968,0.0],"evs":[0.0,0.02586,-1.16682]},"73o":{"weight":1.0,"played":[1.0,0.0,0.0],"evs":[0.0,-0.06766,-1.37479]},"83o":{"weight":1.0,"played":[1.0,0.0,0.0],"evs":[0.0,-0.12975,-1.5321]},"93o":{"weight":1.0,"played":[1.0,0.0,0.0],"evs":[0.0,-0.16597,-1.54163]},"T3o":{"weight":1.0,"played":[1.0,0.0,0.0],"evs":[0.0,-0.13608,-1.40454]},"J3o":{"weight":1.0,"played":[0.9999,1.0E-4,0.0],"evs":[0.0,-0.0825,-1.27643]},"Q3o":{"weight":1.0,"played":[0.0041,0.9959,0.0],"evs":[0.0,0.06724,-1.01631]},"K3o":{"weight":1.0,"played":[7.0E-4,0.9993,0.0],"evs":[0.0,0.11415,-0.72326]},"A3o":{"weight":1.0,"played":[0.0,1.0,0.0],"evs":[0.0,0.41755,0.1917]},"42s":{"weight":1.0,"played":[1.0E-4,0.9999,0.0],"evs":[0.0,0.29092,-0.67308]},"43s":{"weight":1.0,"played":[1.0E-4,0.9999,0.0],"evs":[0.0,0.32925,-0.51738]},"44":{"weight":1.0,"played":[0.0,0.0309,0.9691],"evs":[0.0,0.77438,0.79555]},"54o":{"weight":1.0,"played":[4.0E-4,0.9996,0.0],"evs":[0.0,0.22229,-0.73584]},"64o":{"weight":1.0,"played":[1.0E-4,0.9999,0.0],"evs":[0.0,0.16044,-0.8634]},"74o":{"weight":1.0,"played":[0.002,0.998,0.0],"evs":[0.0,0.05729,-1.08068]},"84o":{"weight":1.0,"played":[1.0,0.0,0.0],"evs":[0.0,-0.02509,-1.26343]},"94o":{"weight":1.0,"played":[1.0,0.0,0.0],"evs":[0.0,-0.12496,-1.48484]},"T4o":{"weight":1.0,"played":[1.0,0.0,0.0],"evs":[0.0,-0.09336,-1.29401]},"J4o":{"weight":1.0,"played":[0.9976,0.0024,0.0],"evs":[0.0,-0.01874,-1.15208]},"Q4o":{"weight":1.0,"played":[9.0E-4,0.9991,0.0],"evs":[0.0,0.09424,-0.927]},"K4o":{"weight":1.0,"played":[3.0E-4,0.9997,0.0],"evs":[0.0,0.15267,-0.64412]},"A4o":{"weight":1.0,"played":[0.0,1.0,0.0],"evs":[0.0,0.45702,0.25305]},"52s":{"weight":1.0,"played":[1.0E-4,0.9999,0.0],"evs":[0.0,0.31369,-0.6061]},"53s":{"weight":1.0,"played":[0.0,1.0,0.0],"evs":[0.0,0.41444,-0.39728]},"54s":{"weight":1.0,"played":[0.0,1.0,0.0],"evs":[0.0,0.51847,-0.16244]},"55":{"weight":1.0,"played":[0.0,0.0,1.0],"evs":[0.0,0.92235,1.10478]},"65o":{"weight":1.0,"played":[1.0E-4,0.9999,0.0],"evs":[0.0,0.28136,-0.61552]},"75o":{"weight":1.0,"played":[1.0E-4,0.9999,0.0],"evs":[0.0,0.17501,-0.84175]},"85o":{"weight":1.0,"played":[7.0E-4,0.9993,0.0],"evs":[0.0,0.07954,-1.0152]},"95o":{"weight":1.0,"played":[0.9999,1.0E-4,0.0],"evs":[0.0,-0.04767,-1.25493]},"T5o":{"weight":1.0,"played":[1.0,0.0,0.0],"evs":[0.0,-0.07856,-1.27892]},"J5o":{"weight":1.0,"played":[1.0,0.0,0.0],"evs":[0.0,-0.0322,-1.14493]},"Q5o":{"weight":1.0,"played":[1.0E-4,0.9999,0.0],"evs":[0.0,0.11459,-0.85507]},"K5o":{"weight":1.0,"played":[0.0,1.0,0.0],"evs":[0.0,0.18294,-0.56004]},"A5o":{"weight":1.0,"played":[0.0,0.9999,1.0E-4],"evs":[0.0,0.55564,0.44931]},"62s":{"weight":1.0,"played":[0.0,1.0,0.0],"evs":[0.0,0.20511,-0.78536]},"63s":{"weight":1.0,"played":[4.0E-4,0.9996,0.0],"evs":[0.0,0.29422,-0.53703]},"64s":{"weight":1.0,"played":[0.0,1.0,0.0],"evs":[0.0,0.42418,-0.3069]},"65s":{"weight":1.0,"played":[0.0,1.0,0.0],"evs":[0.0,0.615,0.00508]},"66":{"weight":1.0,"played":[0.0,0.0,1.0],"evs":[0.0,1.04227,1.4228]},"76o":{"weight":1.0,"played":[0.0,1.0,0.0],"evs":[0.0,0.27088,-0.57523]},"86o":{"weight":1.0,"played":[1.0E-4,0.9999,0.0],"evs":[0.0,0.19253,-0.73159]},"96o":{"weight":1.0,"played":[3.0E-4,0.9997,0.0],"evs":[0.0,0.06127,-0.94896]},"T6o":{"weight":1.0,"played":[0.3451,0.6549,0.0],"evs":[0.0,-0.00685,-1.00719]},"J6o":{"weight":1.0,"played":[0.9784,0.0216,0.0],"evs":[0.0,-0.0192,-1.08736]},"Q6o":{"weight":1.0,"played":[1.0E-4,0.9999,0.0],"evs":[0.0,0.12402,-0.78306]},"K6o":{"weight":1.0,"played":[1.0E-4,0.9999,0.0],"evs":[0.0,0.21167,-0.43265]},"A6o":{"weight":1.0,"played":[0.0,1.0,0.0],"evs":[0.0,0.43622,0.33559]},"72s":{"weight":1.0,"played":[1.0E-4,0.9999,0.0],"evs":[0.0,0.1462,-0.9746]},"73s":{"weight":1.0,"played":[0.0,1.0,0.0],"evs":[0.0,0.22128,-0.74399]},"74s":{"weight":1.0,"played":[0.0,1.0,0.0],"evs":[0.0,0.3464,-0.47882]},"75s":{"weight":1.0,"played":[0.0,1.0,0.0],"evs":[0.0,0.47728,-0.20952]},"76s":{"weight":1.0,"played":[0.0,1.0,0.0],"evs":[0.0,0.55179,-0.03568]},"77":{"weight":1.0,"played":[0.0,0.0,1.0],"evs":[0.0,1.21896,1.81539]},"87o":{"weight":1.0,"played":[0.0,1.0,0.0],"evs":[0.0,0.26737,-0.57045]},"97o":{"weight":1.0,"played":[0.0,1.0,0.0],"evs":[0.0,0.18648,-0.74438]},"T7o":{"weight":1.0,"played":[2.0E-4,0.9998,0.0],"evs":[0.0,0.11107,-0.80428]},"J7o":{"weight":1.0,"played":[0.0017,0.9983,0.0],"evs":[0.0,0.07392,-0.90672]},"Q7o":{"weight":1.0,"played":[0.0,1.0,0.0],"evs":[0.0,0.15317,-0.7869]},"K7o":{"weight":1.0,"played":[0.0,1.0,0.0],"evs":[0.0,0.24097,-0.40355]},"A7o":{"weight":1.0,"played":[0.0,0.7366,0.2634],"evs":[0.0,0.53914,0.5428]},"82s":{"weight":1.0,"played":[3.0E-4,0.9997,0.0],"evs":[0.0,0.19228,-0.87179]},"83s":{"weight":1.0,"played":[1.0E-4,0.9999,0.0],"evs":[0.0,0.15311,-0.89551]},"84s":{"weight":1.0,"played":[0.0,1.0,0.0],"evs":[0.0,0.27913,-0.65027]},"85s":{"weight":1.0,"played":[0.0,1.0,0.0],"evs":[0.0,0.40113,-0.38771]},"86s":{"weight":1.0,"played":[0.0,1.0,0.0],"evs":[0.0,0.52268,-0.08959]},"87s":{"weight":1.0,"played":[0.0,1.0,0.0],"evs":[0.0,0.59402,0.03169]},"88":{"weight":1.0,"played":[0.0,0.0,1.0],"evs":[0.0,1.34379,2.11709]},"98o":{"weight":1.0,"played":[1.0E-4,0.9999,0.0],"evs":[0.0,0.23483,-0.58287]},"T8o":{"weight":1.0,"played":[3.0E-4,0.9997,0.0],"evs":[0.0,0.2092,-0.59881]},"J8o":{"weight":1.0,"played":[1.0E-4,0.9999,0.0],"evs":[0.0,0.16874,-0.67076]},"Q8o":{"weight":1.0,"played":[0.0,1.0,0.0],"evs":[0.0,0.23338,-0.57192]},"K8o":{"weight":1.0,"played":[1.0E-4,0.9999,0.0],"evs":[0.0,0.26432,-0.35867]},"A8o":{"weight":1.0,"played":[0.0,0.0,1.0],"evs":[0.0,0.65232,0.79523]},"92s":{"weight":1.0,"played":[0.0,1.0,0.0],"evs":[0.0,0.13761,-0.91782]},"93s":{"weight":1.0,"played":[0.0,1.0,0.0],"evs":[0.0,0.15999,-0.83535]},"94s":{"weight":1.0,"played":[4.0E-4,0.9996,0.0],"evs":[0.0,0.17333,-0.82007]},"95s":{"weight":1.0,"played":[4.0E-4,0.9996,0.0],"evs":[0.0,0.26162,-0.63159]},"96s":{"weight":1.0,"played":[2.0E-4,0.9998,0.0],"evs":[0.0,0.37068,-0.33647]},"97s":{"weight":1.0,"played":[0.0,1.0,0.0],"evs":[0.0,0.53023,-0.10628]},"98s":{"weight":1.0,"played":[0.0,1.0,0.0],"evs":[0.0,0.58399,0.05867]},"99":{"weight":1.0,"played":[0.0,0.0,1.0],"evs":[0.0,1.62875,2.59932]},"T9o":{"weight":1.0,"played":[4.0E-4,0.9996,0.0],"evs":[0.0,0.26582,-0.39921]},"J9o":{"weight":1.0,"played":[0.0,1.0,0.0],"evs":[0.0,0.24167,-0.48226]},"Q9o":{"weight":1.0,"played":[0.0,1.0,0.0],"evs":[0.0,0.30763,-0.38361]},"K9o":{"weight":1.0,"played":[0.0,1.0,0.0],"evs":[0.0,0.34958,-0.13706]},"A9o":{"weight":1.0,"played":[0.0,0.0,1.0],"evs":[0.0,0.91467,1.22829]},"T2s":{"weight":1.0,"played":[4.0E-4,0.9996,0.0],"evs":[0.0,0.19301,-0.73298]},"T3s":{"weight":1.0,"played":[0.0,1.0,0.0],"evs":[0.0,0.18967,-0.69569]},"T4s":{"weight":1.0,"played":[1.0E-4,0.9999,0.0],"evs":[0.0,0.19004,-0.65157]},"T5s":{"weight":1.0,"played":[0.0,1.0,0.0],"evs":[0.0,0.24116,-0.63677]},"T6s":{"weight":1.0,"played":[0.0,1.0,0.0],"evs":[0.0,0.33362,-0.32166]},"T7s":{"weight":1.0,"played":[1.0E-4,0.9999,0.0],"evs":[0.0,0.434,-0.19233]},"T8s":{"weight":1.0,"played":[0.0,1.0,0.0],"evs":[0.0,0.53014,0.02234]},"T9s":{"weight":1.0,"played":[0.0,1.0,0.0],"evs":[0.0,0.59446,0.1625]},"TT":{"weight":1.0,"played":[0.0,0.0,1.0],"evs":[0.0,2.17906,3.26962]},"JTo":{"weight":1.0,"played":[0.0,1.0,0.0],"evs":[0.0,0.43638,-0.08508]},"QTo":{"weight":1.0,"played":[0.0,1.0,0.0],"evs":[0.0,0.51556,0.02723]},"KTo":{"weight":1.0,"played":[0.0,1.0,0.0],"evs":[0.0,0.57501,0.34602]},"ATo":{"weight":1.0,"played":[0.0,0.0,1.0],"evs":[0.0,1.37616,2.02512]},"J2s":{"weight":1.0,"played":[0.0,1.0,0.0],"evs":[0.0,0.24135,-0.65636]},"J3s":{"weight":1.0,"played":[1.0E-4,0.9999,0.0],"evs":[0.0,0.26693,-0.6107]},"J4s":{"weight":1.0,"played":[3.0E-4,0.9997,0.0],"evs":[0.0,0.27282,-0.55939]},"J5s":{"weight":1.0,"played":[2.0E-4,0.9998,0.0],"evs":[0.0,0.29166,-0.47749]},"J6s":{"weight":1.0,"played":[0.0,1.0,0.0],"evs":[0.0,0.34395,-0.39718]},"J7s":{"weight":1.0,"played":[0.0,1.0,0.0],"evs":[0.0,0.45654,-0.16096]},"J8s":{"weight":1.0,"played":[0.0,1.0,0.0],"evs":[0.0,0.52039,-0.01955]},"J9s":{"weight":1.0,"played":[0.0,1.0,0.0],"evs":[0.0,0.60556,0.13604]},"JTs":{"weight":1.0,"played":[0.0,1.0,0.0],"evs":[0.0,0.7862,0.48383]},"JJ":{"weight":1.0,"played":[0.0,0.0,1.0],"evs":[0.0,2.84221,4.01817]},"QJo":{"weight":1.0,"played":[0.0,1.0,0.0],"evs":[0.0,0.66386,0.266]},"KJo":{"weight":1.0,"played":[0.0,0.5842,0.4158],"evs":[0.0,0.8887,0.87836]},"AJo":{"weight":1.0,"played":[0.0,0.0,1.0],"evs":[0.0,1.75988,2.61167]},"Q2s":{"weight":1.0,"played":[0.0,1.0,0.0],"evs":[0.0,0.42235,-0.36469]},"Q3s":{"weight":1.0,"played":[0.0,1.0,0.0],"evs":[0.0,0.40843,-0.33695]},"Q4s":{"weight":1.0,"played":[1.0E-4,0.9999,0.0],"evs":[0.0,0.41841,-0.30581]},"Q5s":{"weight":1.0,"played":[0.0,1.0,0.0],"evs":[0.0,0.43989,-0.22958]},"Q6s":{"weight":1.0,"played":[0.0,1.0,0.0],"evs":[0.0,0.50217,-0.05647]},"Q7s":{"weight":1.0,"played":[0.0,1.0,0.0],"evs":[0.0,0.466,-0.19061]},"Q8s":{"weight":1.0,"played":[0.0,1.0,0.0],"evs":[0.0,0.59521,0.07714]},"Q9s":{"weight":1.0,"played":[0.0,1.0,0.0],"evs":[0.0,0.65888,0.24585]},"QTs":{"weight":1.0,"played":[0.0,0.9998,2.0E-4],"evs":[0.0,0.88558,0.618]},"QJs":{"weight":1.0,"played":[0.0,0.9996,4.0E-4],"evs":[0.0,1.07744,0.88973]},"QQ":{"weight":1.0,"played":[0.0,0.0,1.0],"evs":[0.0,3.60895,4.77353]},"KQo":{"weight":1.0,"played":[0.0,0.0,1.0],"evs":[0.0,1.19052,1.41672]},"AQo":{"weight":1.0,"played":[0.0,0.0,1.0],"evs":[0.0,1.99781,2.91373]},"K2s":{"weight":1.0,"played":[0.0,1.0,0.0],"evs":[0.0,0.53799,-0.05574]},"K3s":{"weight":1.0,"played":[0.0,1.0,0.0],"evs":[0.0,0.49481,-0.08874]},"K4s":{"weight":1.0,"played":[0.0,0.9999,1.0E-4],"evs":[0.0,0.54675,0.00757]},"K5s":{"weight":1.0,"played":[0.0,1.0,0.0],"evs":[0.0,0.58119,0.15355]},"K6s":{"weight":1.0,"played":[0.0,0.9999,1.0E-4],"evs":[0.0,0.60474,0.22593]},"K7s":{"weight":1.0,"played":[0.0,0.9996,4.0E-4],"evs":[0.0,0.62882,0.21969]},"K8s":{"weight":1.0,"played":[0.0,1.0,0.0],"evs":[0.0,0.67253,0.29799]},"K9s":{"weight":1.0,"played":[0.0,0.9998,2.0E-4],"evs":[0.0,0.74349,0.42302]},"KTs":{"weight":1.0,"played":[0.0,0.9955,0.0045],"evs":[0.0,0.99787,0.89359]},"KJs":{"weight":1.0,"played":[0.0,1.0E-4,0.9999],"evs":[0.0,1.27762,1.41611]},"KQs":{"weight":1.0,"played":[0.0,0.0,1.0],"evs":[0.0,1.57459,1.92876]},"KK":{"weight":1.0,"played":[0.0,0.0,1.0],"evs":[0.0,4.77092,5.99687]},"AKo":{"weight":1.0,"played":[0.0,0.0,1.0],"evs":[0.0,2.4021,3.55828]},"A2s":{"weight":1.0,"played":[0.0,0.9964,0.0036],"evs":[0.0,0.82887,0.78841]},"A3s":{"weight":1.0,"played":[0.0,0.9999,1.0E-4],"evs":[0.0,0.8786,0.84553]},"A4s":{"weight":1.0,"played":[0.0,0.0913,0.9087],"evs":[0.0,0.94953,0.94956]},"A5s":{"weight":1.0,"played":[0.0,0.0487,0.9513],"evs":[0.0,0.96911,1.00239]},"A6s":{"weight":1.0,"played":[0.0,9.0E-4,0.9991],"evs":[0.0,0.93173,0.96864]},"A7s":{"weight":1.0,"played":[0.0,2.0E-4,0.9998],"evs":[0.0,1.01414,1.15105]},"A8s":{"weight":1.0,"played":[0.0,0.0,1.0],"evs":[0.0,1.13115,1.40842]},"A9s":{"weight":1.0,"played":[0.0,0.0,1.0],"evs":[0.0,1.39619,1.7736]},"ATs":{"weight":1.0,"played":[0.0,0.0,1.0],"evs":[0.0,1.84807,2.51313]},"AJs":{"weight":1.0,"played":[0.0,0.0,1.0],"evs":[0.0,2.18046,3.05828]},"AQs":{"weight":1.0,"played":[0.0,0.0,1.0],"evs":[0.0,2.44495,3.41062]},"AKs":{"weight":1.0,"played":[0.0,0.0,1.0],"evs":[0.0,2.81872,3.93806]},"AA":{"weight":1.0,"played":[0.0,0.0,1.0],"evs":[0.0,6.68793,8.09013]}}}