{"player":3,"street":0,"children":3,"sequence":[{"player":0,"type":"F","amount":0,"street":0},{"player":1,"type":"R","amount":200000,"street":0},{"player":2,"type":"F","amount":0,"street":0},{"player":3,"type":"C","amount":200000,"street":0},{"player":4,"type":"C","amount":150000,"street":0},{"player":5,"type":"R","amount":735000,"street":0},{"player":1,"type":"F","amount":0,"street":0}],"actions":[{"type":"F","amount":0,"node":60},{"type":"C","amount":535000,"node":61},{"type":"R","amount":1905000,"node":63}],"hands":{"22":{"weight":0.0,"played":[0.0055,0.0429,0.9515],"evs":[0.0,1.22911,2.11688]},"32o":{"weight":0.0,"played":[0.9979,0.0,0.0021],"evs":[0.0,-3.01551,-2.98754]},"42o":{"weight":0.0,"played":[0.9998,1.0E-4,1.0E-4],"evs":[0.0,-2.03336,-2.08208]},"52o":{"weight":0.0,"played":[0.9981,1.0E-4,0.0018],"evs":[0.0,-2.3014,-2.37401]},"62o":{"weight":0.0,"played":[0.9997,0.0,3.0E-4],"evs":[0.0,-2.28225,-2.33621]},"72o":{"weight":0.0,"played":[0.9997,3.0E-4,0.0],"evs":[0.0,-2.81036,-2.78844]},"82o":{"weight":0.0,"played":[0.9983,2.0E-4,0.0015],"evs":[0.0,-3.13345,-2.96422]},"92o":{"weight":0.0,"played":[0.9989,0.0,0.001],"evs":[0.0,-3.48174,-3.52801]},"T2o":{"weight":0.0,"played":[0.9984,2.0E-4,0.0014],"evs":[0.0,-3.42163,-3.28686]},"J2o":{"weight":0.0,"played":[0.9999,1.0E-4,0.0],"evs":[0.0,-2.89462,-2.86769]},"Q2o":{"weight":0.0,"played":[0.9993,4.0E-4,3.0E-4],"evs":[0.0,-2.63737,-2.47491]},"K2o":{"weight":0.0,"played":[0.996,0.0014,0.0026],"evs":[0.0,-2.34917,-2.25734]},"A2o":{"weight":0.0,"played":[0.2767,0.3974,0.3259],"evs":[0.0,-0.01081,0.24232]},"32s":{"weight":0.0,"played":[0.917,0.0164,0.0667],"evs":[0.0,-0.49898,-0.53597]},"33":{"weight":0.011,"played":[3.0E-4,0.3863,0.6134],"evs":[0.0,2.0516,2.21473]},"43o":{"weight":0.0,"played":[0.9994,1.0E-4,6.0E-4],"evs":[0.0,-1.68366,-1.79647]},"53o":{"weight":0.0,"played":[0.991,0.0035,0.0054],"evs":[0.0,-1.1748,-1.40719]},"63o":{"weight":0.0,"played":[0.9998,2.0E-4,0.0],"evs":[0.0,-2.06828,-2.06848]},"73o":{"weight":0.0,"played":[0.9988,4.0E-4,8.0E-4],"evs":[0.0,-2.57241,-2.4487]},"83o":{"weight":0.0,"played":[0.9996,2.0E-4,3.0E-4],"evs":[0.0,-2.02849,-2.04141]},"93o":{"weight":0.0,"played":[0.9987,0.0,0.0013],"evs":[0.0,-2.51165,-2.33072]},"T3o":{"weight":0.0,"played":[0.9995,0.0,5.0E-4],"evs":[0.0,-3.28465,-3.0578]},"J3o":{"weight":0.0,"played":[0.9971,7.0E-4,0.0023],"evs":[0.0,-2.36377,-2.12815]},"Q3o":{"weight":0.0,"played":[0.9976,6.0E-4,0.0018],"evs":[0.0,-2.6939,-2.60671]},"K3o":{"weight":0.0,"played":[0.993,4.0E-4,0.0066],"evs":[0.0,-1.62393,-1.69254]},"A3o":{"weight":0.0,"played":[0.0,0.0037,0.9963],"evs":[0.0,0.30762,0.67394]},"42s":{"weight":0.0,"played":[0.9979,0.0,0.002],"evs":[0.0,-1.41507,-1.12429]},"43s":{"weight":0.0,"played":[0.9488,0.0404,0.0108],"evs":[0.0,-0.55425,-0.84748]},"44":{"weight":0.1815,"played":[3.0E-4,0.0883,0.9114],"evs":[0.0,3.31792,3.52248]},"54o":{"weight":0.0,"played":[0.8736,0.122,0.0044],"evs":[0.0,-0.50654,-0.67045]},"64o":{"weight":0.0,"played":[0.8269,0.0541,0.1191],"evs":[0.0,-0.26274,-0.28504]},"74o":{"weight":0.0,"played":[0.9989,3.0E-4,8.0E-4],"evs":[0.0,-0.91489,-0.6902]},"84o":{"weight":0.0,"played":[0.9989,9.0E-4,2.0E-4],"evs":[0.0,-1.89064,-1.63616]},"94o":{"weight":0.0,"played":[0.9971,0.0,0.0029],"evs":[0.0,-2.53522,-2.25299]},"T4o":{"weight":0.0,"played":[0.9988,1.0E-4,0.0011],"evs":[0.0,-2.57997,-2.42187]},"J4o":{"weight":0.0,"played":[0.9987,1.0E-4,0.0012],"evs":[0.0,-2.84598,-2.24256]},"Q4o":{"weight":0.0,"played":[0.9886,0.0096,0.0019],"evs":[0.0,-1.80774,-1.61588]},"K4o":{"weight":0.0,"played":[0.9968,2.0E-4,0.0029],"evs":[0.0,-1.21621,-1.01565]},"A4o":{"weight":0.0,"played":[0.0019,0.0556,0.9425],"evs":[0.0,1.31219,1.48088]},"52s":{"weight":0.0,"played":[0.8757,0.0539,0.0703],"evs":[0.0,-0.82427,-1.19172]},"53s":{"weight":0.0,"played":[0.862,0.045,0.093],"evs":[0.0,-0.62176,-0.39591]},"54s":{"weight":0.0,"played":[0.1845,0.0587,0.7568],"evs":[0.0,0.41258,0.69144]},"55":{"weight":0.9994,"played":[0.0,4.0E-4,0.9996],"evs":[0.0,5.00033,5.35843]},"65o":{"weight":0.0,"played":[0.7867,0.0397,0.1736],"evs":[0.0,-0.50617,-0.34171]},"75o":{"weight":0.0,"played":[0.9713,0.0199,0.0088],"evs":[0.0,-0.80653,-0.71708]},"85o":{"weight":0.0,"played":[0.9998,1.0E-4,2.0E-4],"evs":[0.0,-1.0466,-0.61178]},"95o":{"weight":0.0,"played":[0.9989,0.0,0.0011],"evs":[0.0,-2.31194,-1.90599]},"T5o":{"weight":0.0,"played":[0.9995,4.0E-4,1.0E-4],"evs":[0.0,-1.84443,-1.78204]},"J5o":{"weight":0.0,"played":[0.9989,4.0E-4,7.0E-4],"evs":[0.0,-1.70582,-1.50948]},"Q5o":{"weight":0.0,"played":[0.9957,3.0E-4,0.004],"evs":[0.0,-0.75068,-0.35507]},"K5o":{"weight":0.0,"played":[0.9969,8.0E-4,0.0024],"evs":[0.0,-0.32801,-0.21129]},"A5o":{"weight":0.0,"played":[1.0E-4,0.0319,0.9679],"evs":[0.0,1.62099,1.90385]},"62s":{"weight":0.0,"played":[0.998,0.0012,8.0E-4],"evs":[0.0,-2.19153,-2.414]},"63s":{"weight":0.0,"played":[0.6855,0.0159,0.2986],"evs":[0.0,-1.05789,-0.63263]},"64s":{"weight":0.0,"played":[0.386,0.0852,0.5288],"evs":[0.0,0.43656,0.70281]},"65s":{"weight":0.0,"played":[0.0156,2.0E-4,0.9842],"evs":[0.0,1.10244,1.37979]},"66":{"weight":0.897,"played":[0.0,0.0071,0.9929],"evs":[0.0,5.38108,5.52177]},"76o":{"weight":0.0,"played":[0.9311,0.0172,0.0517],"evs":[0.0,-0.31194,-0.22091]},"86o":{"weight":0.0,"played":[0.8262,0.021,0.1528],"evs":[0.0,-0.36136,-0.37642]},"96o":{"weight":0.0,"played":[0.9992,1.0E-4,7.0E-4],"evs":[0.0,-1.11827,-0.9291]},"T6o":{"weight":0.0,"played":[0.9996,2.0E-4,2.0E-4],"evs":[0.0,-1.19231,-1.05457]},"J6o":{"weight":0.0,"played":[0.9986,8.0E-4,6.0E-4],"evs":[0.0,-2.00939,-1.96246]},"Q6o":{"weight":0.0,"played":[0.9994,2.0E-4,4.0E-4],"evs":[0.0,-1.39161,-1.21756]},"K6o":{"weight":0.0,"played":[0.6177,1.0E-4,0.3822],"evs":[0.0,-0.15987,0.17675]},"A6o":{"weight":0.0,"played":[0.0058,0.0592,0.935],"evs":[0.0,1.53534,1.81363]},"72s":{"weight":0.0,"played":[0.9992,6.0E-4,2.0E-4],"evs":[0.0,-2.22256,-2.4189]},"73s":{"weight":0.0,"played":[0.9695,0.0129,0.0176],"evs":[0.0,-1.5101,-1.05724]},"74s":{"weight":0.0,"played":[0.903,0.0033,0.0937],"evs":[0.0,-2.03877,-1.91663]},"75s":{"weight":0.0,"played":[0.4625,0.2644,0.2731],"evs":[0.0,0.08101,0.0058]},"76s":{"weight":0.2443,"played":[0.0429,0.0281,0.929],"evs":[0.0,0.95823,1.18571]},"77":{"weight":0.0171,"played":[0.0,0.169,0.831],"evs":[0.0,4.42795,4.73108]},"87o":{"weight":0.0,"played":[0.3504,1.0E-4,0.6495],"evs":[0.0,-0.2527,-0.01813]},"97o":{"weight":0.0,"played":[0.8278,0.065,0.1072],"evs":[0.0,-0.96006,-0.87494]},"T7o":{"weight":0.0,"played":[0.9989,0.001,1.0E-4],"evs":[0.0,-0.76009,-0.51337]},"J7o":{"weight":0.0,"played":[0.9964,2.0E-4,0.0034],"evs":[0.0,-1.6489,-1.43917]},"Q7o":{"weight":0.0,"played":[0.9884,0.0028,0.0088],"evs":[0.0,-1.35821,-1.25289]},"K7o":{"weight":0.0,"played":[0.9653,0.0119,0.0228],"evs":[0.0,-1.17379,-1.12943]},"A7o":{"weight":0.0,"played":[5.0E-4,0.0097,0.9899],"evs":[0.0,1.27629,1.41161]},"82s":{"weight":0.0,"played":[0.9917,0.0044,0.0039],"evs":[0.0,-1.80309,-1.47943]},"83s":{"weight":0.0,"played":[0.8193,0.0754,0.1053],"evs":[0.0,-0.93756,-0.64627]},"84s":{"weight":0.0,"played":[0.4593,0.033,0.5077],"evs":[0.0,0.03303,0.3685]},"85s":{"weight":0.0,"played":[0.1163,0.1632,0.7205],"evs":[0.0,0.57259,0.70556]},"86s":{"weight":0.0,"played":[0.298,0.0379,0.664],"evs":[0.0,0.23552,0.63332]},"87s":{"weight":0.6572,"played":[0.036,0.2432,0.7209],"evs":[0.0,0.65818,0.90254]},"88":{"weight":0.0,"played":[6.0E-4,0.0096,0.9898],"evs":[0.0,6.94045,7.31317]},"98o":{"weight":0.0,"played":[0.9968,0.0028,5.0E-4],"evs":[0.0,-0.8121,-0.63752]},"T8o":{"weight":0.0,"played":[0.8143,0.0671,0.1186],"evs":[0.0,-0.87077,-0.72204]},"J8o":{"weight":0.0,"played":[0.9991,1.0E-4,8.0E-4],"evs":[0.0,-1.15051,-1.09646]},"Q8o":{"weight":0.0,"played":[0.8107,5.0E-4,0.1888],"evs":[0.0,-1.01632,-0.71699]},"K8o":{"weight":0.0,"played":[0.3998,0.0579,0.5424],"evs":[0.0,0.46579,0.70185]},"A8o":{"weight":0.0754,"played":[0.0,0.061,0.939],"evs":[0.0,2.72651,2.96224]},"92s":{"weight":0.0,"played":[0.9993,2.0E-4,6.0E-4],"evs":[0.0,-2.92138,-1.86188]},"93s":{"weight":0.0,"played":[0.9983,3.0E-4,0.0014],"evs":[0.0,-2.47393,-2.05803]},"94s":{"weight":0.0,"played":[0.9919,0.0014,0.0067],"evs":[0.0,-2.98105,-2.41155]},"95s":{"weight":0.0,"played":[0.2722,0.0593,0.6685],"evs":[0.0,-0.15799,0.30613]},"96s":{"weight":0.0,"played":[0.1875,0.1842,0.6283],"evs":[0.0,0.3939,0.26353]},"97s":{"weight":0.0092,"played":[0.2882,0.1147,0.5971],"evs":[0.0,1.07398,1.43551]},"98s":{"weight":0.9714,"played":[0.4441,0.1027,0.4532],"evs":[0.0,-0.11175,0.06476]},"99":{"weight":0.0,"played":[1.0E-4,0.0015,0.9985],"evs":[0.0,6.89441,7.40458]},"T9o":{"weight":0.0,"played":[0.9425,0.0289,0.0286],"evs":[0.0,-1.02743,-0.69621]},"J9o":{"weight":0.0,"played":[0.9546,0.0035,0.0419],"evs":[0.0,-1.65037,-1.13617]},"Q9o":{"weight":0.0,"played":[0.9763,0.0114,0.0124],"evs":[0.0,-1.15378,-1.06481]},"K9o":{"weight":0.0,"played":[0.8414,0.0615,0.0971],"evs":[0.0,-0.74901,-0.66675]},"A9o":{"weight":1.0,"played":[0.0,0.0366,0.9634],"evs":[0.0,2.43468,2.67999]},"T2s":{"weight":0.0,"played":[0.956,6.0E-4,0.0433],"evs":[0.0,-1.34164,-1.13368]},"T3s":{"weight":0.0,"played":[0.4867,0.1037,0.4097],"evs":[0.0,-0.10995,0.15694]},"T4s":{"weight":0.0,"played":[0.5291,0.1196,0.3513],"evs":[0.0,-0.71676,-0.15277]},"T5s":{"weight":0.0,"played":[0.9978,1.0E-4,0.0022],"evs":[0.0,-0.9557,-0.9265]},"T6s":{"weight":0.0,"played":[0.4354,0.252,0.3126],"evs":[0.0,-0.57484,-0.53921]},"T7s":{"weight":0.0,"played":[0.4602,0.0649,0.4749],"evs":[0.0,-0.56281,-0.31012]},"T8s":{"weight":0.4859,"played":[0.1805,0.0724,0.7471],"evs":[0.0,0.22539,0.64832]},"T9s":{"weight":0.9999,"played":[0.0182,0.0929,0.8889],"evs":[0.0,0.74574,1.10487]},"TT":{"weight":0.0,"played":[0.0,0.0071,0.9929],"evs":[0.0,7.26914,7.83029]},"JTo":{"weight":0.0,"played":[0.7194,0.0277,0.2529],"evs":[0.0,-0.34532,-0.04798]},"QTo":{"weight":0.0013,"played":[0.2648,0.1835,0.5516],"evs":[0.0,0.0974,0.24794]},"KTo":{"weight":0.5349,"played":[0.0295,0.0658,0.9047],"evs":[0.0,-0.06222,0.30201]},"ATo":{"weight":0.5,"played":[1.0E-4,0.0246,0.9753],"evs":[0.0,3.53694,3.77688]},"J2s":{"weight":0.0,"played":[0.9142,0.0209,0.0649],"evs":[0.0,-1.78709,-1.17337]},"J3s":{"weight":0.0,"played":[0.6457,0.0,0.3543],"evs":[0.0,-1.17232,-0.70702]},"J4s":{"weight":0.0,"played":[0.845,0.0021,0.1529],"evs":[0.0,-0.64493,-0.14775]},"J5s":{"weight":0.0,"played":[0.9642,0.0071,0.0287],"evs":[0.0,-1.01019,-1.07849]},"J6s":{"weight":0.0,"played":[0.5148,0.002,0.4832],"evs":[0.0,-0.09874,0.5283]},"J7s":{"weight":0.0,"played":[0.2353,0.3554,0.4093],"evs":[0.0,-0.8751,-0.4319]},"J8s":{"weight":0.0015,"played":[0.2405,0.0201,0.7394],"evs":[0.0,0.38897,0.94587]},"J9s":{"weight":0.9998,"played":[0.0778,0.0506,0.8716],"evs":[0.0,-0.31967,0.14266]},"JTs":{"weight":0.4295,"played":[1.0E-4,0.2644,0.7355],"evs":[0.0,1.16677,1.20803]},"JJ":{"weight":0.0,"played":[0.0,0.0433,0.9567],"evs":[0.0,9.65527,10.02752]},"QJo":{"weight":0.9998,"played":[0.0,0.1382,0.8618],"evs":[0.0,0.48609,0.7471]},"KJo":{"weight":1.0,"played":[5.0E-4,0.0046,0.9949],"evs":[0.0,1.2593,1.48705]},"AJo":{"weight":0.0,"played":[1.0E-4,0.0765,0.9234],"evs":[0.0,4.11309,4.5065]},"Q2s":{"weight":0.0,"played":[0.8848,0.0994,0.0158],"evs":[0.0,-1.40896,-1.28878]},"Q3s":{"weight":0.0,"played":[0.3604,0.1573,0.4823],"evs":[0.0,0.08765,0.2228]},"Q4s":{"weight":0.0,"played":[0.6553,0.0169,0.3278],"evs":[0.0,-0.59041,-0.37448]},"Q5s":{"weight":0.0,"played":[0.7395,0.0553,0.2052],"evs":[0.0,0.14609,0.05908]},"Q6s":{"weight":0.0,"played":[0.164,5.0E-4,0.8355],"evs":[0.0,0.27896,0.84414]},"Q7s":{"weight":0.0,"played":[0.8654,0.01,0.1247],"evs":[0.0,0.03387,0.12435]},"Q8s":{"weight":0.0167,"played":[0.8226,0.1755,0.0019],"evs":[0.0,0.0739,-0.27167]},"Q9s":{"weight":0.9998,"played":[0.003,0.1498,0.8472],"evs":[0.0,0.57224,0.92419]},"QTs":{"weight":0.7889,"played":[0.0811,0.3217,0.5972],"evs":[0.0,0.9211,0.83052]},"QJs":{"weight":0.8479,"played":[0.0065,0.4457,0.5477],"evs":[0.0,1.59483,1.61146]},"QQ":{"weight":0.3473,"played":[0.0,0.0117,0.9883],"evs":[0.0,11.08917,11.49353]},"KQo":{"weight":0.0147,"played":[0.0,0.0027,0.9973],"evs":[0.0,2.21445,2.37008]},"AQo":{"weight":0.0,"played":[0.0,0.0045,0.9955],"evs":[0.0,5.7789,6.15112]},"K2s":{"weight":0.0,"played":[0.935,8.0E-4,0.0642],"evs":[0.0,-1.83818,-1.63123]},"K3s":{"weight":0.0,"played":[0.4799,0.2146,0.3055],"evs":[0.0,-0.40063,-0.34658]},"K4s":{"weight":0.0,"played":[0.6879,0.0831,0.229],"evs":[0.0,-0.99823,-0.45419]},"K5s":{"weight":0.0,"played":[0.0966,0.1198,0.7836],"evs":[0.0,0.39874,0.94592]},"K6s":{"weight":0.0,"played":[0.6825,3.0E-4,0.3172],"evs":[0.0,0.00733,0.61611]},"K7s":{"weight":0.0037,"played":[5.0E-4,0.7035,0.296],"evs":[0.0,1.30777,1.19324]},"K8s":{"weight":0.9835,"played":[0.0579,0.0559,0.8862],"evs":[0.0,0.79449,1.17763]},"K9s":{"weight":0.7926,"played":[0.062,0.7466,0.1913],"evs":[0.0,0.16737,0.1341]},"KTs":{"weight":0.9857,"played":[0.0016,0.5755,0.423],"evs":[0.0,1.03021,0.98704]},"KJs":{"weight":1.0,"played":[0.0,0.265,0.735],"evs":[0.0,2.44034,2.39117]},"KQs":{"weight":0.8111,"played":[0.0,0.069,0.931],"evs":[0.0,4.37757,4.59959]},"KK":{"weight":1.0,"played":[0.0,0.1845,0.8155],"evs":[0.0,13.15017,13.22086]},"AKo":{"weight":0.0,"played":[0.0,0.0179,0.9821],"evs":[0.0,7.34548,7.67113]},"A2s":{"weight":0.0059,"played":[0.4179,0.0132,0.5689],"evs":[0.0,0.02975,0.45331]},"A3s":{"weight":0.6082,"played":[0.0,0.2091,0.7909],"evs":[0.0,2.1398,2.34328]},"A4s":{"weight":0.0509,"played":[0.0,0.9058,0.0942],"evs":[0.0,3.06328,2.98799]},"A5s":{"weight":0.0697,"played":[0.0075,0.2481,0.7443],"evs":[0.0,3.13768,3.15502]},"A6s":{"weight":0.9716,"played":[0.0021,0.3694,0.6286],"evs":[0.0,1.97876,2.38207]},"A7s":{"weight":0.9922,"played":[0.0,0.1138,0.8862],"evs":[0.0,2.35956,2.35472]},"A8s":{"weight":0.9999,"played":[0.0025,0.1204,0.8771],"evs":[0.0,3.36633,3.7767]},"A9s":{"weight":0.9999,"played":[1.0E-4,0.1029,0.897],"evs":[0.0,3.3618,3.76221]},"ATs":{"weight":0.9999,"played":[6.0E-4,0.0,0.9994],"evs":[0.0,4.83272,5.10342]},"AJs":{"weight":0.9938,"played":[0.0,0.0791,0.9208],"evs":[0.0,6.56192,6.87936]},"AQs":{"weight":0.0,"played":[0.0,0.7679,0.2321],"evs":[0.0,6.95527,6.835]},"AKs":{"weight":0.0,"played":[0.0,0.0266,0.9734],"evs":[0.0,7.66717,8.09195]},"AA":{"weight":1.0,"played":[0.0,0.1813,0.8187],"evs":[0.0,16.90047,17.00839]}}}