{"player":1,"street":0,"children":2,"sequence":[{"player":0,"type":"F","amount":0,"street":0},{"player":1,"type":"R","amount":200000,"street":0},{"player":2,"type":"F","amount":0,"street":0},{"player":3,"type":"C","amount":200000,"street":0},{"player":4,"type":"C","amount":150000,"street":0},{"player":5,"type":"R","amount":735000,"street":0},{"player":1,"type":"C","amount":535000,"street":0},{"player":3,"type":"F","amount":0,"street":0},{"player":4,"type":"R","amount":2035000,"street":0}],"actions":[{"type":"F","amount":0},{"type":"C","amount":1300000}],"hands":{"22":{"weight":0.0,"played":[1.0E-4,0.9999],"evs":[0.0,6.27724]},"32o":{"weight":0.0,"played":[0.0072,0.9928],"evs":[0.0,1.72622]},"42o":{"weight":0.0,"played":[0.0,1.0],"evs":[0.0,2.46748]},"52o":{"weight":0.0,"played":[0.0014,0.9986],"evs":[0.0,2.95845]},"62o":{"weight":0.0,"played":[0.001,0.999],"evs":[0.0,1.70304]},"72o":{"weight":0.0,"played":[0.0733,0.9267],"evs":[0.0,1.56061]},"82o":{"weight":0.0,"played":[0.015,0.985],"evs":[0.0,1.70076]},"92o":{"weight":0.0,"played":[0.0437,0.9563],"evs":[0.0,1.28665]},"T2o":{"weight":0.0,"played":[0.0073,0.9927],"evs":[0.0,1.98796]},"J2o":{"weight":0.0,"played":[0.0687,0.9313],"evs":[0.0,0.75701]},"Q2o":{"weight":0.0,"played":[0.028,0.972],"evs":[0.0,1.00753]},"K2o":{"weight":0.0,"played":[1.0E-4,0.9999],"evs":[0.0,1.32322]},"A2o":{"weight":0.0,"played":[8.0E-4,0.9992],"evs":[0.0,6.16361]},"32s":{"weight":0.0,"played":[4.0E-4,0.9996],"evs":[0.0,2.74058]},"33":{"weight":0.0,"played":[1.0E-4,0.9999],"evs":[0.0,8.75008]},"43o":{"weight":0.0,"played":[0.0,1.0],"evs":[0.0,4.18724]},"53o":{"weight":0.0,"played":[0.0044,0.9956],"evs":[0.0,3.3899]},"63o":{"weight":0.0,"played":[8.0E-4,0.9992],"evs":[0.0,2.47892]},"73o":{"weight":0.0,"played":[0.003,0.997],"evs":[0.0,2.56848]},"83o":{"weight":0.0,"played":[6.0E-4,0.9994],"evs":[0.0,2.0843]},"93o":{"weight":0.0,"played":[0.1094,0.8906],"evs":[0.0,0.92714]},"T3o":{"weight":0.0,"played":[0.0033,0.9967],"evs":[0.0,2.13001]},"J3o":{"weight":0.0,"played":[0.3435,0.6565],"evs":[0.0,1.16317]},"Q3o":{"weight":0.0,"played":[0.0014,0.9986],"evs":[0.0,2.18605]},"K3o":{"weight":0.0,"played":[0.005,0.995],"evs":[0.0,2.3302]},"A3o":{"weight":1.0E-4,"played":[0.0015,0.9985],"evs":[0.0,6.98528]},"42s":{"weight":0.0,"played":[2.0E-4,0.9998],"evs":[0.0,4.76939]},"43s":{"weight":0.0,"played":[0.0115,0.9885],"evs":[0.0,4.92543]},"44":{"weight":1.0E-4,"played":[0.0,1.0],"evs":[0.0,10.41667]},"54o":{"weight":0.0,"played":[0.0025,0.9975],"evs":[0.0,4.29737]},"64o":{"weight":0.0,"played":[0.0054,0.9946],"evs":[0.0,3.48821]},"74o":{"weight":0.0,"played":[0.0034,0.9966],"evs":[0.0,3.65289]},"84o":{"weight":0.0,"played":[4.0E-4,0.9996],"evs":[0.0,4.05201]},"94o":{"weight":0.0,"played":[0.0087,0.9913],"evs":[0.0,2.49939]},"T4o":{"weight":0.0,"played":[0.0199,0.9801],"evs":[0.0,3.52132]},"J4o":{"weight":0.0,"played":[0.0267,0.9733],"evs":[0.0,1.78211]},"Q4o":{"weight":0.0,"played":[0.0018,0.9982],"evs":[0.0,2.21286]},"K4o":{"weight":0.0,"played":[0.0014,0.9986],"evs":[0.0,2.4534]},"A4o":{"weight":0.4927,"played":[0.0,1.0],"evs":[0.0,6.80316]},"52s":{"weight":0.0,"played":[0.0058,0.9942],"evs":[0.0,1.86053]},"53s":{"weight":0.0,"played":[0.0011,0.9989],"evs":[0.0,6.25026]},"54s":{"weight":0.0,"played":[3.0E-4,0.9997],"evs":[0.0,5.03537]},"55":{"weight":0.0112,"played":[0.0,1.0],"evs":[0.0,11.94449]},"65o":{"weight":0.0,"played":[0.0017,0.9983],"evs":[0.0,5.38657]},"75o":{"weight":0.0,"played":[7.0E-4,0.9993],"evs":[0.0,4.96453]},"85o":{"weight":0.0,"played":[1.0E-4,0.9999],"evs":[0.0,5.01411]},"95o":{"weight":0.0,"played":[0.0095,0.9905],"evs":[0.0,2.65358]},"T5o":{"weight":0.0,"played":[0.0015,0.9985],"evs":[0.0,2.68232]},"J5o":{"weight":0.0,"played":[9.0E-4,0.9991],"evs":[0.0,1.72054]},"Q5o":{"weight":0.0,"played":[0.0012,0.9988],"evs":[0.0,2.18316]},"K5o":{"weight":0.0,"played":[3.0E-4,0.9997],"evs":[0.0,3.8692]},"A5o":{"weight":0.2323,"played":[0.0,1.0],"evs":[0.0,8.28045]},"62s":{"weight":0.0,"played":[1.0E-4,0.9999],"evs":[0.0,4.05802]},"63s":{"weight":0.0,"played":[0.0,1.0],"evs":[0.0,6.07253]},"64s":{"weight":0.0,"played":[0.0,1.0],"evs":[0.0,5.14469]},"65s":{"weight":0.0,"played":[0.002,0.998],"evs":[0.0,7.31065]},"66":{"weight":0.0775,"played":[0.0,1.0],"evs":[0.0,11.48555]},"76o":{"weight":0.0,"played":[0.0017,0.9983],"evs":[0.0,5.73548]},"86o":{"weight":0.0,"played":[2.0E-4,0.9998],"evs":[0.0,5.25434]},"96o":{"weight":0.0,"played":[0.0,1.0],"evs":[0.0,3.03892]},"T6o":{"weight":0.0,"played":[3.0E-4,0.9997],"evs":[0.0,3.39663]},"J6o":{"weight":0.0,"played":[0.004,0.996],"evs":[0.0,1.79971]},"Q6o":{"weight":0.0,"played":[1.0E-4,0.9999],"evs":[0.0,3.4367]},"K6o":{"weight":0.0,"played":[0.0,1.0],"evs":[0.0,2.62507]},"A6o":{"weight":0.3369,"played":[0.0,1.0],"evs":[0.0,7.42053]},"72s":{"weight":0.0,"played":[0.002,0.998],"evs":[0.0,3.39354]},"73s":{"weight":0.0,"played":[0.0049,0.9951],"evs":[0.0,3.52158]},"74s":{"weight":0.0,"played":[0.0012,0.9988],"evs":[0.0,5.72091]},"75s":{"weight":0.0,"played":[1.0E-4,0.9999],"evs":[0.0,6.72442]},"76s":{"weight":0.1958,"played":[0.0,1.0],"evs":[0.0,7.20818]},"77":{"weight":0.3069,"played":[1.0E-4,0.9999],"evs":[0.0,11.49306]},"87o":{"weight":0.0,"played":[0.0026,0.9974],"evs":[0.0,3.68628]},"97o":{"weight":0.0,"played":[2.0E-4,0.9998],"evs":[0.0,4.31347]},"T7o":{"weight":0.0,"played":[4.0E-4,0.9996],"evs":[0.0,2.75586]},"J7o":{"weight":0.0,"played":[4.0E-4,0.9996],"evs":[0.0,4.07747]},"Q7o":{"weight":0.0,"played":[4.0E-4,0.9996],"evs":[0.0,2.03214]},"K7o":{"weight":0.0,"played":[0.0012,0.9988],"evs":[0.0,2.1444]},"A7o":{"weight":0.0105,"played":[0.0,1.0],"evs":[0.0,7.09693]},"82s":{"weight":0.0,"played":[4.0E-4,0.9996],"evs":[0.0,2.8564]},"83s":{"weight":0.0,"played":[0.0106,0.9894],"evs":[0.0,3.22979]},"84s":{"weight":0.0,"played":[0.003,0.997],"evs":[0.0,4.59869]},"85s":{"weight":0.0,"played":[0.0011,0.9989],"evs":[0.0,4.65676]},"86s":{"weight":0.0,"played":[0.0,1.0],"evs":[0.0,4.936]},"87s":{"weight":0.7695,"played":[1.0E-4,0.9999],"evs":[0.0,5.02958]},"88":{"weight":0.1943,"played":[0.0,1.0],"evs":[0.0,12.72326]},"98o":{"weight":0.0,"played":[0.0016,0.9984],"evs":[0.0,4.39377]},"T8o":{"weight":0.0,"played":[4.0E-4,0.9996],"evs":[0.0,3.73242]},"J8o":{"weight":0.0,"played":[0.0,1.0],"evs":[0.0,1.8652]},"Q8o":{"weight":0.0,"played":[0.0058,0.9942],"evs":[0.0,2.52818]},"K8o":{"weight":0.0,"played":[0.0032,0.9968],"evs":[0.0,2.59282]},"A8o":{"weight":0.5421,"played":[0.0,1.0],"evs":[0.0,7.73435]},"92s":{"weight":0.0,"played":[0.0562,0.9438],"evs":[0.0,1.96709]},"93s":{"weight":0.0,"played":[0.0091,0.9909],"evs":[0.0,3.04917]},"94s":{"weight":0.0,"played":[0.027,0.973],"evs":[0.0,2.25656]},"95s":{"weight":0.0,"played":[0.0033,0.9967],"evs":[0.0,3.03907]},"96s":{"weight":0.0,"played":[0.0,1.0],"evs":[0.0,5.61361]},"97s":{"weight":0.2522,"played":[0.0,1.0],"evs":[0.0,4.84975]},"98s":{"weight":0.9456,"played":[0.0,1.0],"evs":[0.0,5.68035]},"99":{"weight":0.0321,"played":[0.0,1.0],"evs":[0.0,14.37031]},"T9o":{"weight":6.0E-4,"played":[3.0E-4,0.9997],"evs":[0.0,3.0638]},"J9o":{"weight":0.0,"played":[0.0023,0.9977],"evs":[0.0,2.28495]},"Q9o":{"weight":0.0,"played":[0.0057,0.9943],"evs":[0.0,1.34927]},"K9o":{"weight":0.0,"played":[6.0E-4,0.9994],"evs":[0.0,3.96209]},"A9o":{"weight":0.0,"played":[1.0E-4,0.9999],"evs":[0.0,8.38646]},"T2s":{"weight":0.0,"played":[3.0E-4,0.9997],"evs":[0.0,3.55189]},"T3s":{"weight":0.0,"played":[0.0089,0.9911],"evs":[0.0,2.41271]},"T4s":{"weight":0.0,"played":[0.0187,0.9813],"evs":[0.0,3.58005]},"T5s":{"weight":0.0,"played":[0.0,1.0],"evs":[0.0,4.49512]},"T6s":{"weight":0.0,"played":[0.0112,0.9888],"evs":[0.0,5.47081]},"T7s":{"weight":0.1649,"played":[0.0013,0.9987],"evs":[0.0,4.68459]},"T8s":{"weight":0.9454,"played":[0.0,1.0],"evs":[0.0,5.21014]},"T9s":{"weight":0.2152,"played":[1.0E-4,0.9999],"evs":[0.0,4.77937]},"TT":{"weight":0.2808,"played":[0.0,1.0],"evs":[0.0,15.53547]},"JTo":{"weight":0.0644,"played":[0.0,1.0],"evs":[0.0,4.37696]},"QTo":{"weight":0.1113,"played":[2.0E-4,0.9998],"evs":[0.0,4.28622]},"KTo":{"weight":0.352,"played":[0.0,1.0],"evs":[0.0,5.36213]},"ATo":{"weight":0.0694,"played":[0.0,1.0],"evs":[0.0,11.49197]},"J2s":{"weight":0.0,"played":[0.0567,0.9433],"evs":[0.0,2.96472]},"J3s":{"weight":0.0,"played":[0.0121,0.9879],"evs":[0.0,2.66439]},"J4s":{"weight":0.0,"played":[0.0162,0.9838],"evs":[0.0,3.48365]},"J5s":{"weight":0.0,"played":[0.0,1.0],"evs":[0.0,4.86149]},"J6s":{"weight":0.0,"played":[0.0063,0.9937],"evs":[0.0,1.63044]},"J7s":{"weight":0.0428,"played":[0.0028,0.9972],"evs":[0.0,4.69337]},"J8s":{"weight":0.5297,"played":[1.0E-4,0.9999],"evs":[0.0,5.51731]},"J9s":{"weight":0.0341,"played":[1.0E-4,0.9999],"evs":[0.0,4.03672]},"JTs":{"weight":0.1075,"played":[8.0E-4,0.9992],"evs":[0.0,4.70466]},"JJ":{"weight":0.0014,"played":[0.0,1.0],"evs":[0.0,16.09185]},"QJo":{"weight":0.1199,"played":[0.0,1.0],"evs":[0.0,4.57861]},"KJo":{"weight":0.0052,"played":[0.0,1.0],"evs":[0.0,6.33722]},"AJo":{"weight":0.0033,"played":[0.0,1.0],"evs":[0.0,13.30459]},"Q2s":{"weight":0.0,"played":[0.0,1.0],"evs":[0.0,1.97824]},"Q3s":{"weight":0.0,"played":[0.0632,0.9368],"evs":[0.0,5.30123]},"Q4s":{"weight":0.0,"played":[1.0E-4,0.9999],"evs":[0.0,3.15458]},"Q5s":{"weight":0.0,"played":[0.0022,0.9978],"evs":[0.0,5.09796]},"Q6s":{"weight":0.0,"played":[3.0E-4,0.9997],"evs":[0.0,4.75048]},"Q7s":{"weight":0.0058,"played":[0.0,1.0],"evs":[0.0,3.68558]},"Q8s":{"weight":0.0059,"played":[3.0E-4,0.9997],"evs":[0.0,2.99632]},"Q9s":{"weight":0.2603,"played":[3.0E-4,0.9997],"evs":[0.0,4.89397]},"QTs":{"weight":0.1058,"played":[9.0E-4,0.9991],"evs":[0.0,6.67941]},"QJs":{"weight":0.0377,"played":[2.0E-4,0.9998],"evs":[0.0,5.23561]},"QQ":{"weight":0.3536,"played":[0.0,1.0],"evs":[0.0,19.54283]},"KQo":{"weight":0.3181,"played":[0.0,1.0],"evs":[0.0,8.76413]},"AQo":{"weight":0.1204,"played":[0.0,1.0],"evs":[0.0,13.61148]},"K2s":{"weight":0.0,"played":[0.0121,0.9879],"evs":[0.0,2.64929]},"K3s":{"weight":0.0,"played":[7.0E-4,0.9993],"evs":[0.0,4.38635]},"K4s":{"weight":0.0,"played":[0.051,0.949],"evs":[0.0,3.06675]},"K5s":{"weight":0.1886,"played":[0.0115,0.9885],"evs":[0.0,4.54785]},"K6s":{"weight":0.1957,"played":[0.0,1.0],"evs":[0.0,4.16302]},"K7s":{"weight":5.0E-4,"played":[4.0E-4,0.9996],"evs":[0.0,3.19446]},"K8s":{"weight":0.0575,"played":[0.0012,0.9988],"evs":[0.0,4.39983]},"K9s":{"weight":1.0E-4,"played":[0.0,1.0],"evs":[0.0,3.54647]},"KTs":{"weight":0.0,"played":[0.0173,0.9827],"evs":[0.0,4.90858]},"KJs":{"weight":0.5497,"played":[0.0,1.0],"evs":[0.0,6.70326]},"KQs":{"weight":0.1124,"played":[0.0,1.0],"evs":[0.0,10.29672]},"KK":{"weight":0.5657,"played":[0.0,1.0],"evs":[0.0,22.98524]},"AKo":{"weight":0.6561,"played":[0.0,1.0],"evs":[0.0,15.02717]},"A2s":{"weight":0.3891,"played":[0.0,1.0],"evs":[0.0,9.30896]},"A3s":{"weight":0.1047,"played":[0.0026,0.9974],"evs":[0.0,8.39656]},"A4s":{"weight":0.0108,"played":[0.001,0.999],"evs":[0.0,8.02432]},"A5s":{"weight":0.0,"played":[4.0E-4,0.9996],"evs":[0.0,10.66728]},"A6s":{"weight":0.0,"played":[0.001,0.999],"evs":[0.0,6.9636]},"A7s":{"weight":0.002,"played":[1.0E-4,0.9999],"evs":[0.0,9.73653]},"A8s":{"weight":0.4133,"played":[1.0E-4,0.9999],"evs":[0.0,8.14184]},"A9s":{"weight":0.2293,"played":[1.0E-4,0.9999],"evs":[0.0,9.45944]},"ATs":{"weight":0.06,"played":[2.0E-4,0.9998],"evs":[0.0,11.66867]},"AJs":{"weight":0.0308,"played":[1.0E-4,0.9999],"evs":[0.0,12.48768]},"AQs":{"weight":0.5517,"played":[1.0E-4,0.9999],"evs":[0.0,15.1568]},"AKs":{"weight":0.477,"played":[0.0,1.0],"evs":[0.0,17.07795]},"AA":{"weight":0.4901,"played":[0.0,1.0],"evs":[0.0,27.06385]}}}