{"player":1,"street":0,"children":2,"sequence":[{"player":0,"type":"F","amount":0,"street":0},{"player":1,"type":"R","amount":200000,"street":0},{"player":2,"type":"F","amount":0,"street":0},{"player":3,"type":"C","amount":200000,"street":0},{"player":4,"type":"C","amount":150000,"street":0},{"player":5,"type":"R","amount":735000,"street":0},{"player":1,"type":"C","amount":535000,"street":0},{"player":3,"type":"R","amount":1905000,"street":0},{"player":4,"type":"R","amount":2035000,"street":0}],"actions":[{"type":"F","amount":0},{"type":"C","amount":1300000}],"hands":{"22":{"weight":0.0,"played":[2.0E-4,0.9998],"evs":[0.0,6.56038]},"32o":{"weight":0.0,"played":[0.0754,0.9246],"evs":[0.0,0.05995]},"42o":{"weight":0.0,"played":[0.0025,0.9975],"evs":[0.0,1.52159]},"52o":{"weight":0.0,"played":[0.0023,0.9977],"evs":[0.0,2.038]},"62o":{"weight":0.0,"played":[0.0196,0.9804],"evs":[0.0,1.31554]},"72o":{"weight":0.0,"played":[0.0566,0.9434],"evs":[0.0,1.76174]},"82o":{"weight":0.0,"played":[0.5731,0.4269],"evs":[0.0,0.04158]},"92o":{"weight":0.0,"played":[0.0222,0.9778],"evs":[0.0,0.5362]},"T2o":{"weight":0.0,"played":[0.4895,0.5105],"evs":[0.0,-0.01215]},"J2o":{"weight":0.0,"played":[0.7029,0.2971],"evs":[0.0,-0.24296]},"Q2o":{"weight":0.0,"played":[0.9983,0.0017],"evs":[0.0,-0.30649]},"K2o":{"weight":0.0,"played":[0.0467,0.9533],"evs":[0.0,-0.01172]},"A2o":{"weight":0.0,"played":[0.0063,0.9937],"evs":[0.0,4.85351]},"32s":{"weight":0.0,"played":[0.001,0.999],"evs":[0.0,1.23459]},"33":{"weight":0.0,"played":[0.0017,0.9983],"evs":[0.0,7.76316]},"43o":{"weight":0.0,"played":[0.0,1.0],"evs":[0.0,3.02977]},"53o":{"weight":0.0,"played":[5.0E-4,0.9995],"evs":[0.0,3.88432]},"63o":{"weight":0.0,"played":[0.0,1.0],"evs":[0.0,2.7912]},"73o":{"weight":0.0,"played":[0.0013,0.9987],"evs":[0.0,2.78129]},"83o":{"weight":0.0,"played":[0.1262,0.8738],"evs":[0.0,0.8677]},"93o":{"weight":0.0,"played":[0.1562,0.8438],"evs":[0.0,0.3485]},"T3o":{"weight":0.0,"played":[0.3891,0.6109],"evs":[0.0,0.55596]},"J3o":{"weight":0.0,"played":[0.143,0.857],"evs":[0.0,0.61118]},"Q3o":{"weight":0.0,"played":[0.1736,0.8264],"evs":[0.0,0.26168]},"K3o":{"weight":0.0,"played":[0.2943,0.7057],"evs":[0.0,0.60574]},"A3o":{"weight":1.0E-4,"played":[0.0,1.0],"evs":[0.0,4.39122]},"42s":{"weight":0.0,"played":[0.0215,0.9785],"evs":[0.0,2.97739]},"43s":{"weight":0.0,"played":[1.0E-4,0.9999],"evs":[0.0,2.93374]},"44":{"weight":1.0E-4,"played":[0.0,1.0],"evs":[0.0,7.0576]},"54o":{"weight":0.0,"played":[8.0E-4,0.9992],"evs":[0.0,4.64196]},"64o":{"weight":0.0,"played":[0.0121,0.9879],"evs":[0.0,3.47233]},"74o":{"weight":0.0,"played":[0.0012,0.9988],"evs":[0.0,4.24872]},"84o":{"weight":0.0,"played":[0.0145,0.9855],"evs":[0.0,1.79058]},"94o":{"weight":0.0,"played":[0.0368,0.9632],"evs":[0.0,1.25842]},"T4o":{"weight":0.0,"played":[0.0048,0.9952],"evs":[0.0,1.09332]},"J4o":{"weight":0.0,"played":[5.0E-4,0.9995],"evs":[0.0,0.57135]},"Q4o":{"weight":0.0,"played":[0.0018,0.9982],"evs":[0.0,1.29927]},"K4o":{"weight":0.0,"played":[0.0272,0.9728],"evs":[0.0,1.29902]},"A4o":{"weight":0.4927,"played":[1.0E-4,0.9999],"evs":[0.0,5.57224]},"52s":{"weight":0.0,"played":[0.0015,0.9985],"evs":[0.0,4.11686]},"53s":{"weight":0.0,"played":[0.0,1.0],"evs":[0.0,6.89223]},"54s":{"weight":0.0,"played":[1.0E-4,0.9999],"evs":[0.0,6.24106]},"55":{"weight":0.0112,"played":[0.0,1.0],"evs":[0.0,9.64786]},"65o":{"weight":0.0,"played":[0.0,1.0],"evs":[0.0,4.56484]},"75o":{"weight":0.0,"played":[2.0E-4,0.9998],"evs":[0.0,4.80422]},"85o":{"weight":0.0,"played":[8.0E-4,0.9992],"evs":[0.0,2.76397]},"95o":{"weight":0.0,"played":[0.001,0.999],"evs":[0.0,1.67326]},"T5o":{"weight":0.0,"played":[0.0032,0.9968],"evs":[0.0,1.42737]},"J5o":{"weight":0.0,"played":[0.0907,0.9093],"evs":[0.0,0.68223]},"Q5o":{"weight":0.0,"played":[0.0,1.0],"evs":[0.0,0.38362]},"K5o":{"weight":0.0,"played":[0.2658,0.7342],"evs":[0.0,0.52826]},"A5o":{"weight":0.2323,"played":[0.0,1.0],"evs":[0.0,6.17919]},"62s":{"weight":0.0,"played":[0.0073,0.9927],"evs":[0.0,1.92949]},"63s":{"weight":0.0,"played":[1.0E-4,0.9999],"evs":[0.0,4.73962]},"64s":{"weight":0.0,"played":[0.0,1.0],"evs":[0.0,4.10604]},"65s":{"weight":0.0,"played":[0.0,1.0],"evs":[0.0,6.17333]},"66":{"weight":0.0775,"played":[0.0,1.0],"evs":[0.0,10.24591]},"76o":{"weight":0.0,"played":[1.0E-4,0.9999],"evs":[0.0,4.83511]},"86o":{"weight":0.0,"played":[2.0E-4,0.9998],"evs":[0.0,4.78466]},"96o":{"weight":0.0,"played":[0.0415,0.9585],"evs":[0.0,2.73842]},"T6o":{"weight":0.0,"played":[0.0455,0.9545],"evs":[0.0,2.01251]},"J6o":{"weight":0.0,"played":[0.0332,0.9668],"evs":[0.0,1.62052]},"Q6o":{"weight":0.0,"played":[6.0E-4,0.9994],"evs":[0.0,1.54286]},"K6o":{"weight":0.0,"played":[0.0066,0.9934],"evs":[0.0,1.00109]},"A6o":{"weight":0.3369,"played":[0.0,1.0],"evs":[0.0,5.39653]},"72s":{"weight":0.0,"played":[0.0048,0.9952],"evs":[0.0,3.44812]},"73s":{"weight":0.0,"played":[6.0E-4,0.9994],"evs":[0.0,4.2344]},"74s":{"weight":0.0,"played":[0.0067,0.9933],"evs":[0.0,2.43601]},"75s":{"weight":0.0,"played":[0.0015,0.9985],"evs":[0.0,4.66359]},"76s":{"weight":0.1958,"played":[6.0E-4,0.9994],"evs":[0.0,7.85565]},"77":{"weight":0.3069,"played":[0.0,1.0],"evs":[0.0,11.70812]},"87o":{"weight":0.0,"played":[0.0,1.0],"evs":[0.0,4.40008]},"97o":{"weight":0.0,"played":[7.0E-4,0.9993],"evs":[0.0,2.81036]},"T7o":{"weight":0.0,"played":[0.0248,0.9752],"evs":[0.0,3.33103]},"J7o":{"weight":0.0,"played":[0.0048,0.9952],"evs":[0.0,1.97985]},"Q7o":{"weight":0.0,"played":[0.0058,0.9942],"evs":[0.0,2.47549]},"K7o":{"weight":0.0,"played":[0.0019,0.9981],"evs":[0.0,2.82385]},"A7o":{"weight":0.0105,"played":[2.0E-4,0.9998],"evs":[0.0,5.69649]},"82s":{"weight":0.0,"played":[0.009,0.991],"evs":[0.0,3.89668]},"83s":{"weight":0.0,"played":[6.0E-4,0.9994],"evs":[0.0,2.89884]},"84s":{"weight":0.0,"played":[0.0015,0.9985],"evs":[0.0,4.65574]},"85s":{"weight":0.0,"played":[6.0E-4,0.9994],"evs":[0.0,5.9775]},"86s":{"weight":0.0,"played":[1.0E-4,0.9999],"evs":[0.0,6.42094]},"87s":{"weight":0.7695,"played":[1.0E-4,0.9999],"evs":[0.0,6.06339]},"88":{"weight":0.1943,"played":[0.0,1.0],"evs":[0.0,11.38933]},"98o":{"weight":0.0,"played":[4.0E-4,0.9996],"evs":[0.0,4.39202]},"T8o":{"weight":0.0,"played":[0.0015,0.9985],"evs":[0.0,3.42385]},"J8o":{"weight":0.0,"played":[4.0E-4,0.9996],"evs":[0.0,2.30312]},"Q8o":{"weight":0.0,"played":[0.0056,0.9944],"evs":[0.0,2.34119]},"K8o":{"weight":0.0,"played":[0.0,1.0],"evs":[0.0,1.9119]},"A8o":{"weight":0.5421,"played":[0.0,1.0],"evs":[0.0,5.89961]},"92s":{"weight":0.0,"played":[0.0519,0.9481],"evs":[0.0,3.28916]},"93s":{"weight":0.0,"played":[0.0085,0.9915],"evs":[0.0,1.66066]},"94s":{"weight":0.0,"played":[0.009,0.991],"evs":[0.0,2.60336]},"95s":{"weight":0.0,"played":[2.0E-4,0.9998],"evs":[0.0,3.37847]},"96s":{"weight":0.0,"played":[1.0E-4,0.9999],"evs":[0.0,7.63772]},"97s":{"weight":0.2522,"played":[0.0,1.0],"evs":[0.0,5.31944]},"98s":{"weight":0.9456,"played":[1.0E-4,0.9999],"evs":[0.0,6.3317]},"99":{"weight":0.0321,"played":[0.0,1.0],"evs":[0.0,12.01437]},"T9o":{"weight":6.0E-4,"played":[1.0E-4,0.9999],"evs":[0.0,3.02941]},"J9o":{"weight":0.0,"played":[2.0E-4,0.9998],"evs":[0.0,2.16756]},"Q9o":{"weight":0.0,"played":[0.0861,0.9139],"evs":[0.0,2.45877]},"K9o":{"weight":0.0,"played":[0.0035,0.9965],"evs":[0.0,1.77316]},"A9o":{"weight":0.0,"played":[0.0,1.0],"evs":[0.0,8.44566]},"T2s":{"weight":0.0,"played":[0.0046,0.9954],"evs":[0.0,1.44736]},"T3s":{"weight":0.0,"played":[5.0E-4,0.9995],"evs":[0.0,1.57113]},"T4s":{"weight":0.0,"played":[0.0037,0.9963],"evs":[0.0,2.65777]},"T5s":{"weight":0.0,"played":[0.0034,0.9966],"evs":[0.0,3.95702]},"T6s":{"weight":0.0,"played":[0.0052,0.9948],"evs":[0.0,2.95083]},"T7s":{"weight":0.1649,"played":[1.0E-4,0.9999],"evs":[0.0,5.40382]},"T8s":{"weight":0.9454,"played":[0.0,1.0],"evs":[0.0,6.11535]},"T9s":{"weight":0.2152,"played":[0.0,1.0],"evs":[0.0,7.09701]},"TT":{"weight":0.2808,"played":[0.0,1.0],"evs":[0.0,13.55118]},"JTo":{"weight":0.0644,"played":[5.0E-4,0.9995],"evs":[0.0,3.51144]},"QTo":{"weight":0.1113,"played":[0.0,1.0],"evs":[0.0,3.7829]},"KTo":{"weight":0.352,"played":[0.0,1.0],"evs":[0.0,3.40505]},"ATo":{"weight":0.0694,"played":[0.0,1.0],"evs":[0.0,10.21613]},"J2s":{"weight":0.0,"played":[2.0E-4,0.9998],"evs":[0.0,2.20791]},"J3s":{"weight":0.0,"played":[1.0E-4,0.9999],"evs":[0.0,3.85252]},"J4s":{"weight":0.0,"played":[0.0332,0.9668],"evs":[0.0,1.84031]},"J5s":{"weight":0.0,"played":[0.0,1.0],"evs":[0.0,2.11838]},"J6s":{"weight":0.0,"played":[7.0E-4,0.9993],"evs":[0.0,2.713]},"J7s":{"weight":0.0428,"played":[0.0024,0.9976],"evs":[0.0,4.782]},"J8s":{"weight":0.5297,"played":[0.0,1.0],"evs":[0.0,4.24342]},"J9s":{"weight":0.0341,"played":[0.0,1.0],"evs":[0.0,4.72292]},"JTs":{"weight":0.1075,"played":[0.0,1.0],"evs":[0.0,5.19698]},"JJ":{"weight":0.0014,"played":[0.0,1.0],"evs":[0.0,16.37328]},"QJo":{"weight":0.1199,"played":[0.0,1.0],"evs":[0.0,2.97121]},"KJo":{"weight":0.0052,"played":[0.0,1.0],"evs":[0.0,5.45714]},"AJo":{"weight":0.0033,"played":[0.0,1.0],"evs":[0.0,10.52955]},"Q2s":{"weight":0.0,"played":[0.0186,0.9814],"evs":[0.0,3.12539]},"Q3s":{"weight":0.0,"played":[0.0082,0.9918],"evs":[0.0,2.46508]},"Q4s":{"weight":0.0,"played":[0.0112,0.9888],"evs":[0.0,4.92057]},"Q5s":{"weight":0.0,"played":[6.0E-4,0.9994],"evs":[0.0,3.57433]},"Q6s":{"weight":0.0,"played":[0.01,0.99],"evs":[0.0,2.68716]},"Q7s":{"weight":0.0058,"played":[2.0E-4,0.9998],"evs":[0.0,4.38076]},"Q8s":{"weight":0.0059,"played":[0.0,1.0],"evs":[0.0,5.21626]},"Q9s":{"weight":0.2603,"played":[0.0,1.0],"evs":[0.0,4.88908]},"QTs":{"weight":0.1058,"played":[1.0E-4,0.9999],"evs":[0.0,6.95764]},"QJs":{"weight":0.0377,"played":[2.0E-4,0.9998],"evs":[0.0,6.29103]},"QQ":{"weight":0.3536,"played":[0.0,1.0],"evs":[0.0,20.53622]},"KQo":{"weight":0.3181,"played":[0.0,1.0],"evs":[0.0,7.62442]},"AQo":{"weight":0.1204,"played":[0.0,1.0],"evs":[0.0,13.04321]},"K2s":{"weight":0.0,"played":[0.0013,0.9987],"evs":[0.0,2.72013]},"K3s":{"weight":0.0,"played":[0.0,1.0],"evs":[0.0,3.14651]},"K4s":{"weight":0.0,"played":[0.0068,0.9932],"evs":[0.0,4.63142]},"K5s":{"weight":0.1886,"played":[4.0E-4,0.9996],"evs":[0.0,3.15532]},"K6s":{"weight":0.1957,"played":[1.0E-4,0.9999],"evs":[0.0,3.52024]},"K7s":{"weight":5.0E-4,"played":[9.0E-4,0.9991],"evs":[0.0,4.15096]},"K8s":{"weight":0.0575,"played":[5.0E-4,0.9995],"evs":[0.0,4.06601]},"K9s":{"weight":1.0E-4,"played":[0.003,0.997],"evs":[0.0,5.54121]},"KTs":{"weight":0.0,"played":[1.0E-4,0.9999],"evs":[0.0,5.44538]},"KJs":{"weight":0.5497,"played":[0.0,1.0],"evs":[0.0,7.07835]},"KQs":{"weight":0.1124,"played":[0.0,1.0],"evs":[0.0,8.30604]},"KK":{"weight":0.5657,"played":[0.0,1.0],"evs":[0.0,25.44843]},"AKo":{"weight":0.6561,"played":[0.0,1.0],"evs":[0.0,14.20892]},"A2s":{"weight":0.3891,"played":[2.0E-4,0.9998],"evs":[0.0,6.93406]},"A3s":{"weight":0.1047,"played":[0.0,1.0],"evs":[0.0,7.87159]},"A4s":{"weight":0.0108,"played":[0.0,1.0],"evs":[0.0,8.06669]},"A5s":{"weight":0.0,"played":[0.001,0.999],"evs":[0.0,9.17607]},"A6s":{"weight":0.0,"played":[0.0011,0.9989],"evs":[0.0,6.56721]},"A7s":{"weight":0.002,"played":[0.0,1.0],"evs":[0.0,9.20595]},"A8s":{"weight":0.4133,"played":[0.0,1.0],"evs":[0.0,8.91754]},"A9s":{"weight":0.2293,"played":[0.0,1.0],"evs":[0.0,9.07761]},"ATs":{"weight":0.06,"played":[0.0,1.0],"evs":[0.0,11.78682]},"AJs":{"weight":0.0308,"played":[0.0,1.0],"evs":[0.0,12.55695]},"AQs":{"weight":0.5517,"played":[0.0,1.0],"evs":[0.0,14.51548]},"AKs":{"weight":0.477,"played":[0.0,1.0],"evs":[0.0,16.56216]},"AA":{"weight":0.4901,"played":[0.0,1.0],"evs":[0.0,31.48386]}}}