{"player":4,"street":0,"children":2,"sequence":[{"player":0,"type":"F","amount":0,"street":0},{"player":1,"type":"R","amount":200000,"street":0},{"player":2,"type":"F","amount":0,"street":0},{"player":3,"type":"C","amount":200000,"street":0},{"player":4,"type":"C","amount":150000,"street":0},{"player":5,"type":"R","amount":735000,"street":0},{"player":1,"type":"R","amount":2035000,"street":0},{"player":3,"type":"C","amount":1705000,"street":0}],"actions":[{"type":"F","amount":0},{"type":"C","amount":1835000}],"hands":{"22":{"weight":0.9999,"played":[0.9497,0.0503],"evs":[0.0,-0.2054]},"32o":{"weight":0.0,"played":[1.0,0.0],"evs":[0.0,-5.1049]},"42o":{"weight":0.0,"played":[1.0,0.0],"evs":[0.0,-4.69075]},"52o":{"weight":0.0,"played":[1.0,0.0],"evs":[0.0,-4.69867]},"62o":{"weight":0.0,"played":[1.0,0.0],"evs":[0.0,-4.57441]},"72o":{"weight":0.0,"played":[1.0,0.0],"evs":[0.0,-5.40663]},"82o":{"weight":0.0,"played":[1.0,0.0],"evs":[0.0,-4.84647]},"92o":{"weight":0.0,"played":[1.0,0.0],"evs":[0.0,-5.17163]},"T2o":{"weight":0.0,"played":[1.0,0.0],"evs":[0.0,-4.99265]},"J2o":{"weight":0.0,"played":[1.0,0.0],"evs":[0.0,-5.13121]},"Q2o":{"weight":0.0,"played":[1.0,0.0],"evs":[0.0,-4.51797]},"K2o":{"weight":0.0,"played":[1.0,0.0],"evs":[0.0,-4.31382]},"A2o":{"weight":0.0,"played":[1.0,0.0],"evs":[0.0,-3.7776]},"32s":{"weight":0.0,"played":[0.9995,5.0E-4],"evs":[0.0,-2.57616]},"33":{"weight":0.9998,"played":[0.5227,0.4773],"evs":[0.0,0.15985]},"43o":{"weight":0.0,"played":[1.0,0.0],"evs":[0.0,-3.75216]},"53o":{"weight":0.0,"played":[1.0,0.0],"evs":[0.0,-3.24575]},"63o":{"weight":0.0,"played":[1.0,0.0],"evs":[0.0,-3.63474]},"73o":{"weight":0.0,"played":[1.0,0.0],"evs":[0.0,-4.8069]},"83o":{"weight":0.0,"played":[1.0,0.0],"evs":[0.0,-5.0042]},"93o":{"weight":0.0,"played":[1.0,0.0],"evs":[0.0,-5.27783]},"T3o":{"weight":0.0,"played":[1.0,0.0],"evs":[0.0,-5.09188]},"J3o":{"weight":0.0,"played":[1.0,0.0],"evs":[0.0,-5.09659]},"Q3o":{"weight":0.0,"played":[1.0,0.0],"evs":[0.0,-4.58099]},"K3o":{"weight":0.0,"played":[1.0,0.0],"evs":[0.0,-3.93738]},"A3o":{"weight":0.0,"played":[1.0,0.0],"evs":[0.0,-3.04171]},"42s":{"weight":0.0,"played":[0.9998,2.0E-4],"evs":[0.0,-2.7892]},"43s":{"weight":0.0,"played":[0.9999,1.0E-4],"evs":[0.0,-1.83214]},"44":{"weight":0.9995,"played":[0.0,1.0],"evs":[0.0,0.49825]},"54o":{"weight":0.0,"played":[1.0,0.0],"evs":[0.0,-2.41926]},"64o":{"weight":0.0,"played":[1.0,0.0],"evs":[0.0,-2.30421]},"74o":{"weight":0.0,"played":[1.0,0.0],"evs":[0.0,-3.82674]},"84o":{"weight":0.0,"played":[1.0,0.0],"evs":[0.0,-4.35019]},"94o":{"weight":0.0,"played":[1.0,0.0],"evs":[0.0,-5.19468]},"T4o":{"weight":0.0,"played":[1.0,0.0],"evs":[0.0,-4.82765]},"J4o":{"weight":0.0,"played":[1.0,0.0],"evs":[0.0,-4.50245]},"Q4o":{"weight":0.0,"played":[1.0,0.0],"evs":[0.0,-4.2978]},"K4o":{"weight":0.0,"played":[1.0,0.0],"evs":[0.0,-3.51479]},"A4o":{"weight":0.0,"played":[0.9999,1.0E-4],"evs":[0.0,-3.09596]},"52s":{"weight":0.0,"played":[0.9991,9.0E-4],"evs":[0.0,-1.67301]},"53s":{"weight":0.0,"played":[0.9997,3.0E-4],"evs":[0.0,-2.02908]},"54s":{"weight":0.9926,"played":[0.9828,0.0172],"evs":[0.0,-0.2443]},"55":{"weight":0.0185,"played":[0.0023,0.9977],"evs":[0.0,1.38887]},"65o":{"weight":0.0,"played":[1.0,0.0],"evs":[0.0,-2.2026]},"75o":{"weight":0.0,"played":[1.0,0.0],"evs":[0.0,-2.57462]},"85o":{"weight":0.0,"played":[1.0,0.0],"evs":[0.0,-3.2355]},"95o":{"weight":0.0,"played":[1.0,0.0],"evs":[0.0,-4.17826]},"T5o":{"weight":0.0,"played":[1.0,0.0],"evs":[0.0,-4.80786]},"J5o":{"weight":0.0,"played":[1.0,0.0],"evs":[0.0,-4.47665]},"Q5o":{"weight":0.0,"played":[1.0,0.0],"evs":[0.0,-3.82385]},"K5o":{"weight":0.0,"played":[1.0,0.0],"evs":[0.0,-3.53894]},"A5o":{"weight":1.0E-4,"played":[1.0,0.0],"evs":[0.0,-2.59785]},"62s":{"weight":0.0,"played":[0.9996,4.0E-4],"evs":[0.0,-2.42496]},"63s":{"weight":0.0,"played":[0.9997,3.0E-4],"evs":[0.0,-1.7399]},"64s":{"weight":0.9322,"played":[0.9809,0.0191],"evs":[0.0,-1.05666]},"65s":{"weight":0.9971,"played":[0.3907,0.6093],"evs":[0.0,0.10586]},"66":{"weight":0.0,"played":[1.0E-4,0.9999],"evs":[0.0,3.16128]},"76o":{"weight":0.0,"played":[1.0,0.0],"evs":[0.0,-1.81789]},"86o":{"weight":0.0,"played":[1.0,0.0],"evs":[0.0,-2.60845]},"96o":{"weight":0.0,"played":[1.0,0.0],"evs":[0.0,-3.6124]},"T6o":{"weight":0.0,"played":[1.0,0.0],"evs":[0.0,-3.91586]},"J6o":{"weight":0.0,"played":[1.0,0.0],"evs":[0.0,-4.03109]},"Q6o":{"weight":0.0,"played":[1.0,0.0],"evs":[0.0,-3.22438]},"K6o":{"weight":0.0,"played":[1.0,0.0],"evs":[0.0,-3.0421]},"A6o":{"weight":0.0,"played":[1.0,0.0],"evs":[0.0,-2.98488]},"72s":{"weight":0.0,"played":[1.0,0.0],"evs":[0.0,-3.14072]},"73s":{"weight":0.0,"played":[0.9995,5.0E-4],"evs":[0.0,-2.38665]},"74s":{"weight":0.0,"played":[0.9974,0.0026],"evs":[0.0,-1.46919]},"75s":{"weight":0.2878,"played":[0.6322,0.3678],"evs":[0.0,-0.01862]},"76s":{"weight":0.9753,"played":[0.6109,0.3891],"evs":[0.0,-0.12849]},"77":{"weight":0.0,"played":[2.0E-4,0.9998],"evs":[0.0,4.24946]},"87o":{"weight":0.0,"played":[1.0,0.0],"evs":[0.0,-2.00222]},"97o":{"weight":0.0,"played":[1.0,0.0],"evs":[0.0,-2.67905]},"T7o":{"weight":0.0,"played":[0.9999,1.0E-4],"evs":[0.0,-2.95358]},"J7o":{"weight":0.0,"played":[1.0,0.0],"evs":[0.0,-3.3412]},"Q7o":{"weight":0.0,"played":[1.0,0.0],"evs":[0.0,-3.52462]},"K7o":{"weight":0.0,"played":[0.9999,1.0E-4],"evs":[0.0,-2.66821]},"A7o":{"weight":0.0,"played":[1.0,0.0],"evs":[0.0,-2.69462]},"82s":{"weight":0.0,"played":[0.9999,1.0E-4],"evs":[0.0,-2.33852]},"83s":{"weight":0.0,"played":[1.0,0.0],"evs":[0.0,-3.36591]},"84s":{"weight":0.0,"played":[1.0,0.0],"evs":[0.0,-1.57149]},"85s":{"weight":0.0,"played":[1.0,0.0],"evs":[0.0,-0.80184]},"86s":{"weight":0.3962,"played":[0.9049,0.0951],"evs":[0.0,-0.6961]},"87s":{"weight":0.8695,"played":[0.0032,0.9968],"evs":[0.0,0.22319]},"88":{"weight":0.0,"played":[0.0,1.0],"evs":[0.0,5.37579]},"98o":{"weight":0.0,"played":[1.0,0.0],"evs":[0.0,-1.76995]},"T8o":{"weight":0.0,"played":[1.0,0.0],"evs":[0.0,-2.15157]},"J8o":{"weight":0.0,"played":[1.0,0.0],"evs":[0.0,-2.60849]},"Q8o":{"weight":0.0,"played":[1.0,0.0],"evs":[0.0,-2.37299]},"K8o":{"weight":0.0,"played":[1.0,0.0],"evs":[0.0,-2.46633]},"A8o":{"weight":0.0197,"played":[0.9999,1.0E-4],"evs":[0.0,-1.85327]},"92s":{"weight":0.0,"played":[1.0,0.0],"evs":[0.0,-3.61441]},"93s":{"weight":0.0,"played":[1.0,0.0],"evs":[0.0,-3.26305]},"94s":{"weight":0.0,"played":[1.0,0.0],"evs":[0.0,-2.67209]},"95s":{"weight":0.0,"played":[0.9997,3.0E-4],"evs":[0.0,-2.02404]},"96s":{"weight":0.0,"played":[0.9981,0.0019],"evs":[0.0,-1.95758]},"97s":{"weight":0.5959,"played":[0.9722,0.0278],"evs":[0.0,-0.47966]},"98s":{"weight":0.4501,"played":[0.1207,0.8793],"evs":[0.0,0.36943]},"99":{"weight":0.0,"played":[0.0,1.0],"evs":[0.0,5.78422]},"T9o":{"weight":0.0,"played":[1.0,0.0],"evs":[0.0,-1.6928]},"J9o":{"weight":0.0,"played":[1.0,0.0],"evs":[0.0,-2.3813]},"Q9o":{"weight":0.0,"played":[1.0,0.0],"evs":[0.0,-1.93687]},"K9o":{"weight":0.0,"played":[1.0,0.0],"evs":[0.0,-2.31811]},"A9o":{"weight":0.9117,"played":[0.9978,0.0022],"evs":[0.0,-0.41781]},"T2s":{"weight":0.0,"played":[0.9997,3.0E-4],"evs":[0.0,-3.2539]},"T3s":{"weight":0.0,"played":[1.0,0.0],"evs":[0.0,-3.28184]},"T4s":{"weight":0.0,"played":[0.9997,3.0E-4],"evs":[0.0,-2.17336]},"T5s":{"weight":0.0,"played":[1.0,0.0],"evs":[0.0,-2.02682]},"T6s":{"weight":0.0,"played":[0.9987,0.0013],"evs":[0.0,-1.79919]},"T7s":{"weight":0.0,"played":[0.9922,0.0078],"evs":[0.0,-0.88821]},"T8s":{"weight":0.2886,"played":[0.9898,0.0102],"evs":[0.0,-0.14952]},"T9s":{"weight":0.9783,"played":[0.0086,0.9914],"evs":[0.0,0.4643]},"TT":{"weight":0.0,"played":[0.0,1.0],"evs":[0.0,8.24086]},"JTo":{"weight":0.0,"played":[0.9927,0.0073],"evs":[0.0,-1.54905]},"QTo":{"weight":0.0,"played":[1.0,0.0],"evs":[0.0,-0.809]},"KTo":{"weight":0.0,"played":[0.9994,6.0E-4],"evs":[0.0,-0.82718]},"ATo":{"weight":6.0E-4,"played":[0.0,1.0],"evs":[0.0,1.93982]},"J2s":{"weight":0.0,"played":[1.0,0.0],"evs":[0.0,-2.73786]},"J3s":{"weight":0.0,"played":[0.9998,2.0E-4],"evs":[0.0,-2.76461]},"J4s":{"weight":0.0,"played":[0.9999,1.0E-4],"evs":[0.0,-2.69763]},"J5s":{"weight":0.0,"played":[0.996,0.004],"evs":[0.0,-1.98648]},"J6s":{"weight":0.0,"played":[0.9742,0.0258],"evs":[0.0,-1.15517]},"J7s":{"weight":0.0,"played":[0.9989,0.0011],"evs":[0.0,-1.22006]},"J8s":{"weight":0.0614,"played":[0.8234,0.1766],"evs":[0.0,-0.65934]},"J9s":{"weight":0.2246,"played":[0.6725,0.3275],"evs":[0.0,-0.02478]},"JTs":{"weight":0.6859,"played":[0.0033,0.9967],"evs":[0.0,0.73214]},"JJ":{"weight":0.0,"played":[0.0,1.0],"evs":[0.0,11.6253]},"QJo":{"weight":0.5515,"played":[0.8333,0.1667],"evs":[0.0,-0.43058]},"KJo":{"weight":0.9992,"played":[0.0017,0.9983],"evs":[0.0,0.69349]},"AJo":{"weight":0.0,"played":[0.0,1.0],"evs":[0.0,3.67738]},"Q2s":{"weight":0.0,"played":[0.9988,0.0012],"evs":[0.0,-2.51232]},"Q3s":{"weight":0.0,"played":[1.0,0.0],"evs":[0.0,-1.98869]},"Q4s":{"weight":0.0,"played":[1.0,0.0],"evs":[0.0,-1.73036]},"Q5s":{"weight":0.0,"played":[0.9989,0.0011],"evs":[0.0,-1.38369]},"Q6s":{"weight":1.0E-4,"played":[0.9999,1.0E-4],"evs":[0.0,-1.33237]},"Q7s":{"weight":0.0,"played":[1.0,0.0],"evs":[0.0,-1.31529]},"Q8s":{"weight":0.152,"played":[0.8399,0.1601],"evs":[0.0,-0.66298]},"Q9s":{"weight":0.5749,"played":[0.9189,0.0811],"evs":[0.0,-0.56213]},"QTs":{"weight":0.9268,"played":[8.0E-4,0.9992],"evs":[0.0,1.42274]},"QJs":{"weight":0.8305,"played":[7.0E-4,0.9993],"evs":[0.0,1.72877]},"QQ":{"weight":0.0,"played":[0.0,1.0],"evs":[0.0,14.57578]},"KQo":{"weight":0.9987,"played":[0.0,1.0],"evs":[0.0,2.40157]},"AQo":{"weight":0.0,"played":[0.0,1.0],"evs":[0.0,5.23296]},"K2s":{"weight":0.0,"played":[0.9995,5.0E-4],"evs":[0.0,-1.6888]},"K3s":{"weight":0.0,"played":[1.0,0.0],"evs":[0.0,-1.13856]},"K4s":{"weight":0.0,"played":[0.9977,0.0023],"evs":[0.0,-0.99349]},"K5s":{"weight":0.5716,"played":[0.9768,0.0232],"evs":[0.0,-0.9439]},"K6s":{"weight":0.2072,"played":[0.9637,0.0363],"evs":[0.0,-0.77165]},"K7s":{"weight":0.198,"played":[0.5226,0.4774],"evs":[0.0,-0.24338]},"K8s":{"weight":0.7452,"played":[0.4475,0.5525],"evs":[0.0,0.03146]},"K9s":{"weight":0.0078,"played":[0.2195,0.7805],"evs":[0.0,0.04299]},"KTs":{"weight":0.9914,"played":[0.0018,0.9982],"evs":[0.0,1.99714]},"KJs":{"weight":1.0,"played":[0.0,1.0],"evs":[0.0,3.10975]},"KQs":{"weight":0.981,"played":[7.0E-4,0.9993],"evs":[0.0,4.34716]},"KK":{"weight":2.0E-4,"played":[0.0,1.0],"evs":[0.0,18.87382]},"AKo":{"weight":0.0,"played":[0.0,1.0],"evs":[0.0,6.69669]},"A2s":{"weight":0.0452,"played":[0.9998,2.0E-4],"evs":[0.0,-1.46185]},"A3s":{"weight":0.0163,"played":[0.9823,0.0177],"evs":[0.0,-0.57981]},"A4s":{"weight":0.0441,"played":[0.993,0.007],"evs":[0.0,-0.23046]},"A5s":{"weight":0.0035,"played":[0.7805,0.2195],"evs":[0.0,-0.13933]},"A6s":{"weight":2.0E-4,"played":[0.4046,0.5954],"evs":[0.0,0.07058]},"A7s":{"weight":0.0012,"played":[0.7351,0.2649],"evs":[0.0,0.36022]},"A8s":{"weight":0.001,"played":[0.0341,0.9659],"evs":[0.0,0.75432]},"A9s":{"weight":0.572,"played":[0.0,1.0],"evs":[0.0,1.62401]},"ATs":{"weight":3.0E-4,"played":[0.0,1.0],"evs":[0.0,3.35253]},"AJs":{"weight":0.002,"played":[0.0,1.0],"evs":[0.0,5.43922]},"AQs":{"weight":0.0,"played":[0.0,1.0],"evs":[0.0,6.77145]},"AKs":{"weight":1.0E-4,"played":[0.0,1.0],"evs":[0.0,9.18498]},"AA":{"weight":0.0209,"played":[0.0,1.0],"evs":[0.0,25.13302]}}}