{"player":4,"street":0,"children":3,"sequence":[{"player":0,"type":"F","amount":0,"street":0},{"player":1,"type":"F","amount":0,"street":0},{"player":2,"type":"F","amount":0,"street":0},{"player":3,"type":"R","amount":200000,"street":0}],"actions":[{"type":"F","amount":0,"node":9},{"type":"C","amount":150000,"node":11},{"type":"R","amount":1905000,"node":17}],"hands":{"22":{"weight":1.0,"played":[0.0,0.0,1.0],"evs":[0.0,0.5294,0.85716]},"32o":{"weight":1.0,"played":[1.0,0.0,0.0],"evs":[0.0,-0.51797,-1.50885]},"42o":{"weight":1.0,"played":[1.0,0.0,0.0],"evs":[0.0,-0.47238,-1.41813]},"52o":{"weight":1.0,"played":[1.0,0.0,0.0],"evs":[0.0,-0.44653,-1.36265]},"62o":{"weight":1.0,"played":[1.0,0.0,0.0],"evs":[0.0,-0.56971,-1.58705]},"72o":{"weight":1.0,"played":[1.0,0.0,0.0],"evs":[0.0,-0.66632,-1.80737]},"82o":{"weight":1.0,"played":[1.0,0.0,0.0],"evs":[0.0,-0.63065,-1.63652]},"92o":{"weight":1.0,"played":[1.0,0.0,0.0],"evs":[0.0,-0.63212,-1.60523]},"T2o":{"weight":1.0,"played":[1.0,0.0,0.0],"evs":[0.0,-0.57554,-1.45819]},"J2o":{"weight":1.0,"played":[1.0,0.0,0.0],"evs":[0.0,-0.50343,-1.20779]},"Q2o":{"weight":1.0,"played":[1.0,0.0,0.0],"evs":[0.0,-0.45574,-1.01585]},"K2o":{"weight":1.0,"played":[1.0,0.0,0.0],"evs":[0.0,-0.32756,-0.64444]},"A2o":{"weight":1.0,"played":[0.0,0.0112,0.9888],"evs":[0.0,0.37387,0.39916]},"32s":{"weight":1.0,"played":[1.0,0.0,0.0],"evs":[0.0,-0.19566,-0.75904]},"33":{"weight":1.0,"played":[0.0,0.0,1.0],"evs":[0.0,0.72408,1.03054]},"43o":{"weight":1.0,"played":[1.0,0.0,0.0],"evs":[0.0,-0.34964,-1.11672]},"53o":{"weight":1.0,"played":[1.0,0.0,0.0],"evs":[0.0,-0.30387,-1.04207]},"63o":{"weight":1.0,"played":[1.0,0.0,0.0],"evs":[0.0,-0.44754,-1.27665]},"73o":{"weight":1.0,"played":[1.0,0.0,0.0],"evs":[0.0,-0.53286,-1.45647]},"83o":{"weight":1.0,"played":[1.0,0.0,0.0],"evs":[0.0,-0.5979,-1.56941]},"93o":{"weight":1.0,"played":[1.0,0.0,0.0],"evs":[0.0,-0.57614,-1.47808]},"T3o":{"weight":1.0,"played":[1.0,0.0,0.0],"evs":[0.0,-0.51468,-1.31702]},"J3o":{"weight":1.0,"played":[1.0,0.0,0.0],"evs":[0.0,-0.45762,-1.08055]},"Q3o":{"weight":1.0,"played":[1.0,0.0,0.0],"evs":[0.0,-0.40699,-0.91272]},"K3o":{"weight":1.0,"played":[1.0,0.0,0.0],"evs":[0.0,-0.26368,-0.53458]},"A3o":{"weight":1.0,"played":[0.0,0.0,1.0],"evs":[0.0,0.45549,0.49004]},"42s":{"weight":1.0,"played":[1.0,0.0,0.0],"evs":[0.0,-0.14152,-0.70282]},"43s":{"weight":1.0,"played":[0.9916,0.0084,0.0],"evs":[0.0,-0.01579,-0.41886]},"44":{"weight":1.0,"played":[0.0,0.0,1.0],"evs":[0.0,0.91729,1.22005]},"54o":{"weight":1.0,"played":[1.0,0.0,0.0],"evs":[0.0,-0.21982,-0.78534]},"64o":{"weight":1.0,"played":[1.0,0.0,0.0],"evs":[0.0,-0.3155,-1.00468]},"74o":{"weight":1.0,"played":[1.0,0.0,0.0],"evs":[0.0,-0.41311,-1.1783]},"84o":{"weight":1.0,"played":[1.0,0.0,0.0],"evs":[0.0,-0.48481,-1.30731]},"94o":{"weight":1.0,"played":[1.0,0.0,0.0],"evs":[0.0,-0.54933,-1.46135]},"T4o":{"weight":1.0,"played":[1.0,0.0,0.0],"evs":[0.0,-0.48328,-1.24088]},"J4o":{"weight":1.0,"played":[1.0,0.0,0.0],"evs":[0.0,-0.41171,-1.02567]},"Q4o":{"weight":1.0,"played":[1.0,0.0,0.0],"evs":[0.0,-0.37366,-0.83241]},"K4o":{"weight":1.0,"played":[1.0,0.0,0.0],"evs":[0.0,-0.22604,-0.47405]},"A4o":{"weight":1.0,"played":[0.0,0.0,1.0],"evs":[0.0,0.51103,0.54926]},"52s":{"weight":1.0,"played":[1.0,0.0,0.0],"evs":[0.0,-0.1155,-0.6471]},"53s":{"weight":1.0,"played":[0.0278,0.9722,0.0],"evs":[0.0,0.02241,-0.3183]},"54s":{"weight":1.0,"played":[0.0,0.9993,7.0E-4],"evs":[0.0,0.13701,-0.08036]},"55":{"weight":1.0,"played":[0.0,0.0,1.0],"evs":[0.0,1.08822,1.36237]},"65o":{"weight":1.0,"played":[1.0,0.0,0.0],"evs":[0.0,-0.23071,-0.74251]},"75o":{"weight":1.0,"played":[1.0,0.0,0.0],"evs":[0.0,-0.29734,-0.91208]},"85o":{"weight":1.0,"played":[1.0,0.0,0.0],"evs":[0.0,-0.36509,-1.04314]},"95o":{"weight":1.0,"played":[1.0,0.0,0.0],"evs":[0.0,-0.45495,-1.19587]},"T5o":{"weight":1.0,"played":[1.0,0.0,0.0],"evs":[0.0,-0.4604,-1.23775]},"J5o":{"weight":1.0,"played":[1.0,0.0,0.0],"evs":[0.0,-0.39118,-0.94405]},"Q5o":{"weight":1.0,"played":[1.0,0.0,0.0],"evs":[0.0,-0.33079,-0.77506]},"K5o":{"weight":1.0,"played":[1.0,0.0,0.0],"evs":[0.0,-0.18478,-0.39635]},"A5o":{"weight":1.0,"played":[0.0,0.0,1.0],"evs":[0.0,0.59188,0.62443]},"62s":{"weight":1.0,"played":[1.0,0.0,0.0],"evs":[0.0,-0.25205,-0.87202]},"63s":{"weight":1.0,"played":[1.0,0.0,0.0],"evs":[0.0,-0.11259,-0.57605]},"64s":{"weight":1.0,"played":[0.0307,0.9693,0.0],"evs":[0.0,0.01271,-0.2938]},"65s":{"weight":1.0,"played":[0.0,1.0,0.0],"evs":[0.0,0.11809,-0.08092]},"66":{"weight":1.0,"played":[0.0,0.0,1.0],"evs":[0.0,1.28843,1.58239]},"76o":{"weight":1.0,"played":[1.0,0.0,0.0],"evs":[0.0,-0.21773,-0.67328]},"86o":{"weight":1.0,"played":[1.0,0.0,0.0],"evs":[0.0,-0.27768,-0.78426]},"96o":{"weight":1.0,"played":[1.0,0.0,0.0],"evs":[0.0,-0.36768,-0.95914]},"T6o":{"weight":1.0,"played":[1.0,0.0,0.0],"evs":[0.0,-0.38737,-0.99508]},"J6o":{"weight":1.0,"played":[1.0,0.0,0.0],"evs":[0.0,-0.37112,-0.9632]},"Q6o":{"weight":1.0,"played":[1.0,0.0,0.0],"evs":[0.0,-0.32641,-0.72937]},"K6o":{"weight":1.0,"played":[1.0,0.0,0.0],"evs":[0.0,-0.17033,-0.35014]},"A6o":{"weight":1.0,"played":[0.0,0.0079,0.9921],"evs":[0.0,0.46231,0.49868]},"72s":{"weight":1.0,"played":[1.0,0.0,0.0],"evs":[0.0,-0.31275,-1.02549]},"73s":{"weight":1.0,"played":[1.0,0.0,0.0],"evs":[0.0,-0.20043,-0.73766]},"74s":{"weight":1.0,"played":[1.0,0.0,0.0],"evs":[0.0,-0.07369,-0.43761]},"75s":{"weight":1.0,"played":[6.0E-4,0.9994,0.0],"evs":[0.0,0.03796,-0.19941]},"76s":{"weight":1.0,"played":[1.0E-4,0.9999,0.0],"evs":[0.0,0.12146,0.0035]},"77":{"weight":1.0,"played":[0.0,0.0,1.0],"evs":[0.0,1.57415,2.01329]},"87o":{"weight":1.0,"played":[1.0,0.0,0.0],"evs":[0.0,-0.21719,-0.56216]},"97o":{"weight":1.0,"played":[1.0,0.0,0.0],"evs":[0.0,-0.27772,-0.71055]},"T7o":{"weight":1.0,"played":[1.0,0.0,0.0],"evs":[0.0,-0.27664,-0.75458]},"J7o":{"weight":1.0,"played":[1.0,0.0,0.0],"evs":[0.0,-0.27748,-0.7069]},"Q7o":{"weight":1.0,"played":[1.0,0.0,0.0],"evs":[0.0,-0.30335,-0.73681]},"K7o":{"weight":1.0,"played":[1.0,0.0,0.0],"evs":[0.0,-0.11833,-0.29148]},"A7o":{"weight":1.0,"played":[0.0,0.0,1.0],"evs":[0.0,0.61082,0.63059]},"82s":{"weight":1.0,"played":[1.0,0.0,0.0],"evs":[0.0,-0.28349,-0.86957]},"83s":{"weight":1.0,"played":[1.0,0.0,0.0],"evs":[0.0,-0.25577,-0.83103]},"84s":{"weight":1.0,"played":[1.0,0.0,0.0],"evs":[0.0,-0.14383,-0.58935]},"85s":{"weight":1.0,"played":[0.9648,0.0352,0.0],"evs":[0.0,-0.02018,-0.32421]},"86s":{"weight":1.0,"played":[9.0E-4,0.9991,0.0],"evs":[0.0,0.06088,-0.0824]},"87s":{"weight":1.0,"played":[0.0,0.689,0.311],"evs":[0.0,0.12988,0.13658]},"88":{"weight":1.0,"played":[0.0,0.0,1.0],"evs":[0.0,1.97609,2.56719]},"98o":{"weight":1.0,"played":[1.0,0.0,0.0],"evs":[0.0,-0.17657,-0.47749]},"T8o":{"weight":1.0,"played":[1.0,0.0,0.0],"evs":[0.0,-0.16851,-0.49187]},"J8o":{"weight":1.0,"played":[1.0,0.0,0.0],"evs":[0.0,-0.15281,-0.43101]},"Q8o":{"weight":1.0,"played":[1.0,0.0,0.0],"evs":[0.0,-0.17761,-0.45648]},"K8o":{"weight":1.0,"played":[0.9992,8.0E-4,0.0],"evs":[0.0,-0.04915,-0.24154]},"A8o":{"weight":1.0,"played":[0.0,0.0,1.0],"evs":[0.0,0.79602,0.85304]},"92s":{"weight":1.0,"played":[1.0,0.0,0.0],"evs":[0.0,-0.28163,-0.85441]},"93s":{"weight":1.0,"played":[1.0,0.0,0.0],"evs":[0.0,-0.22052,-0.72612]},"94s":{"weight":1.0,"played":[1.0,0.0,0.0],"evs":[0.0,-0.2128,-0.72594]},"95s":{"weight":1.0,"played":[0.9999,1.0E-4,0.0],"evs":[0.0,-0.09814,-0.47397]},"96s":{"weight":1.0,"played":[0.9794,0.0206,0.0],"evs":[0.0,-0.01634,-0.24642]},"97s":{"weight":1.0,"played":[1.0E-4,0.9926,0.0074],"evs":[0.0,0.09206,-0.00304]},"98s":{"weight":1.0,"played":[0.0,2.0E-4,0.9998],"evs":[0.0,0.20888,0.23064]},"99":{"weight":1.0,"played":[0.0,0.0,1.0],"evs":[0.0,2.43095,3.10764]},"T9o":{"weight":1.0,"played":[1.0,0.0,0.0],"evs":[0.0,-0.0374,-0.23049]},"J9o":{"weight":1.0,"played":[1.0,0.0,0.0],"evs":[0.0,-0.03118,-0.19291]},"Q9o":{"weight":1.0,"played":[0.9087,0.0913,0.0],"evs":[0.0,-0.01189,-0.18748]},"K9o":{"weight":1.0,"played":[0.0,1.0,0.0],"evs":[0.0,0.11767,0.05123]},"A9o":{"weight":1.0,"played":[0.0,0.0,1.0],"evs":[0.0,1.03127,1.11623]},"T2s":{"weight":1.0,"played":[1.0,0.0,0.0],"evs":[0.0,-0.21694,-0.71898]},"T3s":{"weight":1.0,"played":[1.0,0.0,0.0],"evs":[0.0,-0.16697,-0.59891]},"T4s":{"weight":1.0,"played":[1.0,0.0,0.0],"evs":[0.0,-0.12513,-0.53894]},"T5s":{"weight":1.0,"played":[0.9999,1.0E-4,0.0],"evs":[0.0,-0.10183,-0.51465]},"T6s":{"weight":1.0,"played":[1.0,0.0,0.0],"evs":[0.0,-0.0273,-0.3184]},"T7s":{"weight":1.0,"played":[0.0,1.0,0.0],"evs":[0.0,0.0939,-0.03994]},"T8s":{"weight":1.0,"played":[0.0,0.6924,0.3076],"evs":[0.0,0.1984,0.17725]},"T9s":{"weight":1.0,"played":[0.0,0.0016,0.9984],"evs":[0.0,0.41178,0.4517]},"TT":{"weight":1.0,"played":[0.0,0.0,1.0],"evs":[0.0,3.32493,4.08562]},"JTo":{"weight":1.0,"played":[0.0,0.152,0.848],"evs":[0.0,0.22703,0.23846]},"QTo":{"weight":1.0,"played":[0.0,0.6111,0.3889],"evs":[0.0,0.30071,0.297]},"KTo":{"weight":1.0,"played":[0.0,1.0,0.0],"evs":[0.0,0.74095,0.66848]},"ATo":{"weight":1.0,"played":[0.0,0.0,1.0],"evs":[0.0,1.64868,1.92094]},"J2s":{"weight":1.0,"played":[1.0,0.0,0.0],"evs":[0.0,-0.14487,-0.48281]},"J3s":{"weight":1.0,"played":[1.0,0.0,0.0],"evs":[0.0,-0.09517,-0.37833]},"J4s":{"weight":1.0,"played":[1.0,0.0,0.0],"evs":[0.0,-0.0416,-0.32494]},"J5s":{"weight":1.0,"played":[0.9347,0.0653,0.0],"evs":[0.0,-0.01555,-0.22972]},"J6s":{"weight":1.0,"played":[0.9981,0.0019,0.0],"evs":[0.0,-0.01649,-0.26413]},"J7s":{"weight":1.0,"played":[0.0,0.9989,0.0011],"evs":[0.0,0.08821,-0.01868]},"J8s":{"weight":1.0,"played":[0.0,0.2475,0.7525],"evs":[0.0,0.23085,0.23282]},"J9s":{"weight":1.0,"played":[0.0,0.0182,0.9818],"evs":[0.0,0.45997,0.4792]},"JTs":{"weight":1.0,"played":[0.0,0.4363,0.5637],"evs":[0.0,0.85862,0.85742]},"JJ":{"weight":1.0,"played":[0.0,0.0,1.0],"evs":[0.0,4.21645,4.99421]},"QJo":{"weight":1.0,"played":[0.0,0.2926,0.7074],"evs":[0.0,0.67031,0.67994]},"KJo":{"weight":1.0,"played":[0.0,0.3969,0.6031],"evs":[0.0,1.08677,1.08918]},"AJo":{"weight":1.0,"played":[0.0,0.0,1.0],"evs":[0.0,2.02575,2.65097]},"Q2s":{"weight":1.0,"played":[1.0,0.0,0.0],"evs":[0.0,-0.07822,-0.29433]},"Q3s":{"weight":1.0,"played":[0.9988,0.0012,0.0],"evs":[0.0,-0.02271,-0.18278]},"Q4s":{"weight":1.0,"played":[0.0037,0.9963,0.0],"evs":[0.0,0.02887,-0.11335]},"Q5s":{"weight":1.0,"played":[0.0,0.9999,0.0],"evs":[0.0,0.04006,-0.05348]},"Q6s":{"weight":1.0,"played":[2.0E-4,0.9998,0.0],"evs":[0.0,0.05748,-0.0331]},"Q7s":{"weight":1.0,"played":[0.0,0.9992,8.0E-4],"evs":[0.0,0.08335,-0.02109]},"Q8s":{"weight":1.0,"played":[0.0,0.3133,0.6867],"evs":[0.0,0.23392,0.23946]},"Q9s":{"weight":1.0,"played":[0.0,0.4837,0.5163],"evs":[0.0,0.49709,0.50393]},"QTs":{"weight":1.0,"played":[0.0,0.9998,2.0E-4],"evs":[0.0,0.9416,0.9135]},"QJs":{"weight":1.0,"played":[0.0,0.8996,0.1004],"evs":[0.0,1.29632,1.27205]},"QQ":{"weight":1.0,"played":[0.0,0.0,1.0],"evs":[0.0,5.34559,5.96902]},"KQo":{"weight":1.0,"played":[0.0,0.0042,0.9958],"evs":[0.0,1.4636,1.46953]},"AQo":{"weight":1.0,"played":[0.0,0.0,1.0],"evs":[0.0,2.61192,3.51934]},"K2s":{"weight":1.0,"played":[6.0E-4,0.3211,0.6784],"evs":[0.0,0.07798,0.10146]},"K3s":{"weight":1.0,"played":[1.0E-4,0.0108,0.9891],"evs":[0.0,0.15449,0.19421]},"K4s":{"weight":1.0,"played":[0.0,0.0927,0.9072],"evs":[0.0,0.18544,0.22332]},"K5s":{"weight":1.0,"played":[0.0,4.0E-4,0.9996],"evs":[0.0,0.21514,0.31741]},"K6s":{"weight":1.0,"played":[0.0,3.0E-4,0.9997],"evs":[0.0,0.24329,0.34543]},"K7s":{"weight":1.0,"played":[0.0,0.0016,0.9984],"evs":[0.0,0.35498,0.42899]},"K8s":{"weight":1.0,"played":[0.0,0.806,0.194],"evs":[0.0,0.44621,0.43773]},"K9s":{"weight":1.0,"played":[0.0,1.0,0.0],"evs":[0.0,0.81886,0.73177]},"KTs":{"weight":1.0,"played":[0.0,1.0,0.0],"evs":[0.0,1.42276,1.29621]},"KJs":{"weight":1.0,"played":[0.0,0.9985,0.0015],"evs":[0.0,1.74761,1.66375]},"KQs":{"weight":1.0,"played":[0.0,0.9989,0.0011],"evs":[0.0,2.09804,2.03605]},"KK":{"weight":1.0,"played":[0.0,1.0E-4,0.9999],"evs":[0.0,6.86027,7.1706]},"AKo":{"weight":1.0,"played":[0.0,0.0,1.0],"evs":[0.0,3.35944,4.509]},"A2s":{"weight":1.0,"played":[0.0,0.0,1.0],"evs":[0.0,0.95617,1.04709]},"A3s":{"weight":1.0,"played":[0.0,4.0E-4,0.9996],"evs":[0.0,1.04445,1.089]},"A4s":{"weight":1.0,"played":[0.0,0.0325,0.9675],"evs":[0.0,1.16589,1.18277]},"A5s":{"weight":1.0,"played":[0.0,0.2448,0.7552],"evs":[0.0,1.25647,1.25606]},"A6s":{"weight":1.0,"played":[0.0,0.4718,0.5282],"evs":[0.0,1.11216,1.11889]},"A7s":{"weight":1.0,"played":[0.0,0.8497,0.1503],"evs":[0.0,1.24674,1.22947]},"A8s":{"weight":1.0,"played":[0.0,0.4506,0.5494],"evs":[0.0,1.42826,1.42735]},"A9s":{"weight":1.0,"played":[0.0,0.0,1.0],"evs":[0.0,1.67861,1.69438]},"ATs":{"weight":1.0,"played":[0.0,0.0,1.0],"evs":[0.0,2.27184,2.44857]},"AJs":{"weight":1.0,"played":[0.0,0.0,1.0],"evs":[0.0,2.6153,3.125]},"AQs":{"weight":1.0,"played":[0.0,0.0,1.0],"evs":[0.0,3.18155,3.96359]},"AKs":{"weight":1.0,"played":[0.0,0.0,1.0],"evs":[0.0,3.88344,4.87578]},"AA":{"weight":1.0,"played":[0.0,0.231,0.769],"evs":[0.0,8.6164,8.61099]}}}