{"player":1,"street":0,"children":3,"sequence":[{"player":0,"type":"F","amount":0,"street":0},{"player":1,"type":"R","amount":200000,"street":0},{"player":2,"type":"C","amount":200000,"street":0},{"player":3,"type":"F","amount":0,"street":0},{"player":4,"type":"F","amount":0,"street":0},{"player":5,"type":"R","amount":735000,"street":0}],"actions":[{"type":"F","amount":0,"node":93},{"type":"C","amount":535000,"node":94},{"type":"R","amount":985000,"node":96}],"hands":{"22":{"weight":0.0,"played":[6.0E-4,0.0884,0.911],"evs":[0.0,1.42774,1.43305]},"32o":{"weight":0.0,"played":[1.0,0.0,0.0],"evs":[0.0,-1.0071,-1.00904]},"42o":{"weight":0.0,"played":[1.0,0.0,0.0],"evs":[0.0,-0.88329,-0.88073]},"52o":{"weight":0.0,"played":[1.0,0.0,0.0],"evs":[0.0,-0.5998,-0.60103]},"62o":{"weight":0.0,"played":[1.0,0.0,0.0],"evs":[0.0,-0.73931,-0.7392]},"72o":{"weight":0.0,"played":[0.9999,0.0,1.0E-4],"evs":[0.0,-1.01454,-1.01503]},"82o":{"weight":0.0,"played":[1.0,0.0,0.0],"evs":[0.0,-0.85977,-0.85702]},"92o":{"weight":0.0,"played":[0.9998,0.0,1.0E-4],"evs":[0.0,-1.18475,-1.18611]},"T2o":{"weight":0.0,"played":[1.0,0.0,0.0],"evs":[0.0,-1.18297,-1.18233]},"J2o":{"weight":0.0,"played":[1.0,0.0,0.0],"evs":[0.0,-1.0912,-1.08861]},"Q2o":{"weight":0.0,"played":[1.0,0.0,0.0],"evs":[0.0,-0.57961,-0.57286]},"K2o":{"weight":0.0,"played":[0.9991,2.0E-4,7.0E-4],"evs":[0.0,-0.25711,-0.25587]},"A2o":{"weight":1.0E-4,"played":[1.0E-4,6.0E-4,0.9993],"evs":[0.0,0.83932,0.84334]},"32s":{"weight":0.0,"played":[0.8551,0.0689,0.076],"evs":[0.0,-0.07704,-0.07129]},"33":{"weight":0.0,"played":[0.0,0.2964,0.7036],"evs":[0.0,1.50117,1.50315]},"43o":{"weight":0.0,"played":[1.0,0.0,0.0],"evs":[0.0,-0.78429,-0.78602]},"53o":{"weight":0.0,"played":[0.9998,1.0E-4,2.0E-4],"evs":[0.0,-0.23975,-0.24168]},"63o":{"weight":0.0,"played":[0.9996,0.0,4.0E-4],"evs":[0.0,-0.515,-0.5139]},"73o":{"weight":0.0,"played":[1.0,0.0,0.0],"evs":[0.0,-0.65817,-0.65527]},"83o":{"weight":0.0,"played":[0.9999,0.0,1.0E-4],"evs":[0.0,-0.96675,-0.96609]},"93o":{"weight":0.0,"played":[0.9997,1.0E-4,2.0E-4],"evs":[0.0,-1.05624,-1.05277]},"T3o":{"weight":0.0,"played":[0.9997,2.0E-4,1.0E-4],"evs":[0.0,-1.09941,-1.09884]},"J3o":{"weight":0.0,"played":[0.9999,0.0,0.0],"evs":[0.0,-1.03909,-1.03381]},"Q3o":{"weight":0.0,"played":[0.996,0.0013,0.0027],"evs":[0.0,-0.47538,-0.47789]},"K3o":{"weight":0.0,"played":[0.9996,1.0E-4,3.0E-4],"evs":[0.0,-0.24861,-0.24666]},"A3o":{"weight":0.9966,"played":[0.0,2.0E-4,0.9998],"evs":[0.0,0.98945,0.99498]},"42s":{"weight":0.0,"played":[0.3812,0.3073,0.3114],"evs":[0.0,-0.0441,-0.04101]},"43s":{"weight":0.0,"played":[0.0743,0.5887,0.3371],"evs":[0.0,0.05615,0.05171]},"44":{"weight":0.412,"played":[0.0,1.0E-4,0.9999],"evs":[0.0,1.74475,1.75122]},"54o":{"weight":0.0,"played":[0.8079,0.0508,0.1413],"evs":[0.0,-0.05073,-0.04437]},"64o":{"weight":0.0,"played":[0.8959,0.0272,0.0769],"evs":[0.0,-0.07997,-0.07582]},"74o":{"weight":0.0,"played":[0.9996,0.0,4.0E-4],"evs":[0.0,-0.2016,-0.19954]},"84o":{"weight":0.0,"played":[1.0,0.0,0.0],"evs":[0.0,-0.55564,-0.54838]},"94o":{"weight":0.0,"played":[1.0,0.0,0.0],"evs":[0.0,-1.13818,-1.13502]},"T4o":{"weight":0.0,"played":[1.0,0.0,0.0],"evs":[0.0,-1.14759,-1.14485]},"J4o":{"weight":0.0,"played":[1.0,0.0,0.0],"evs":[0.0,-1.10322,-1.09998]},"Q4o":{"weight":0.0,"played":[0.999,3.0E-4,6.0E-4],"evs":[0.0,-0.53123,-0.52721]},"K4o":{"weight":0.0,"played":[0.9625,0.0194,0.0181],"evs":[0.0,-0.18823,-0.18609]},"A4o":{"weight":1.0,"played":[0.0,1.0E-4,0.9999],"evs":[0.0,1.2252,1.22637]},"52s":{"weight":0.0,"played":[0.008,0.3303,0.6618],"evs":[0.0,0.44071,0.44328]},"53s":{"weight":0.0,"played":[0.0021,0.5157,0.4822],"evs":[0.0,0.46869,0.46714]},"54s":{"weight":0.0,"played":[0.0013,0.2289,0.7698],"evs":[0.0,1.0117,1.01418]},"55":{"weight":0.2646,"played":[0.0,1.0E-4,0.9999],"evs":[0.0,2.79814,2.80017]},"65o":{"weight":0.0,"played":[3.0E-4,3.0E-4,0.9994],"evs":[0.0,0.48039,0.4848]},"75o":{"weight":0.0,"played":[0.0037,0.0904,0.9059],"evs":[0.0,0.32618,0.32999]},"85o":{"weight":0.0,"played":[0.094,0.4517,0.4543],"evs":[0.0,0.18807,0.19107]},"95o":{"weight":0.0,"played":[1.0,0.0,0.0],"evs":[0.0,-0.30545,-0.30822]},"T5o":{"weight":0.0,"played":[1.0,0.0,0.0],"evs":[0.0,-0.88183,-0.88056]},"J5o":{"weight":0.0,"played":[1.0,0.0,0.0],"evs":[0.0,-0.63207,-0.62833]},"Q5o":{"weight":0.0,"played":[0.9978,0.001,0.0012],"evs":[0.0,-0.05155,-0.04432]},"K5o":{"weight":0.0,"played":[0.3882,0.2745,0.3372],"evs":[0.0,0.07709,0.07898]},"A5o":{"weight":1.0,"played":[0.0,0.0,1.0],"evs":[0.0,1.49382,1.49829]},"62s":{"weight":0.0,"played":[0.1604,0.3566,0.483],"evs":[0.0,0.12617,0.13216]},"63s":{"weight":0.0,"played":[0.0028,0.1026,0.8946],"evs":[0.0,0.70326,0.70898]},"64s":{"weight":0.0,"played":[0.0,0.0186,0.9814],"evs":[0.0,0.83293,0.83822]},"65s":{"weight":0.0,"played":[2.0E-4,0.4299,0.5699],"evs":[0.0,1.30768,1.31021]},"66":{"weight":0.5833,"played":[0.0,0.0,1.0],"evs":[0.0,3.5222,3.52649]},"76o":{"weight":0.0,"played":[6.0E-4,0.1405,0.859],"evs":[0.0,0.65474,0.65619]},"86o":{"weight":0.0,"played":[2.0E-4,0.0011,0.9987],"evs":[0.0,0.59072,0.5951]},"96o":{"weight":0.0,"played":[0.7561,0.118,0.1259],"evs":[0.0,0.0398,0.04024]},"T6o":{"weight":0.0,"played":[0.9957,0.0019,0.0023],"evs":[0.0,-0.26013,-0.25532]},"J6o":{"weight":0.0,"played":[0.9994,2.0E-4,4.0E-4],"evs":[0.0,-0.34629,-0.34197]},"Q6o":{"weight":0.0,"played":[0.01,0.2864,0.7036],"evs":[0.0,0.19663,0.20204]},"K6o":{"weight":0.0,"played":[0.0026,0.6581,0.3393],"evs":[0.0,0.57783,0.5767]},"A6o":{"weight":1.0,"played":[0.0,5.0E-4,0.9995],"evs":[0.0,1.42573,1.42986]},"72s":{"weight":0.0,"played":[0.9856,0.0089,0.0055],"evs":[0.0,-0.23782,-0.23667]},"73s":{"weight":0.0,"played":[0.0024,0.1647,0.8329],"evs":[0.0,0.26447,0.26829]},"74s":{"weight":0.0,"played":[0.004,0.3912,0.6048],"evs":[0.0,0.4766,0.47766]},"75s":{"weight":0.0,"played":[3.0E-4,0.4862,0.5135],"evs":[0.0,1.06629,1.06609]},"76s":{"weight":0.4161,"played":[0.0,0.032,0.968],"evs":[0.0,1.60288,1.60576]},"77":{"weight":0.9983,"played":[0.0,0.6198,0.3802],"evs":[0.0,3.95231,3.95015]},"87o":{"weight":0.0,"played":[5.0E-4,0.1719,0.8276],"evs":[0.0,0.86683,0.86753]},"97o":{"weight":0.0,"played":[0.0019,0.2093,0.7888],"evs":[0.0,0.43892,0.43938]},"T7o":{"weight":0.0,"played":[0.0189,0.4094,0.5717],"evs":[0.0,0.20252,0.20593]},"J7o":{"weight":0.0,"played":[0.1176,0.416,0.4664],"evs":[0.0,-0.01288,-0.0116]},"Q7o":{"weight":0.0,"played":[0.0127,0.2444,0.7429],"evs":[0.0,0.17396,0.17691]},"K7o":{"weight":0.0,"played":[2.0E-4,0.024,0.9758],"evs":[0.0,0.47243,0.47664]},"A7o":{"weight":1.0,"played":[0.0,1.0E-4,0.9999],"evs":[0.0,1.67039,1.67511]},"82s":{"weight":0.0,"played":[0.1195,0.419,0.4615],"evs":[0.0,0.20985,0.21763]},"83s":{"weight":0.0,"played":[0.0331,0.304,0.6629],"evs":[0.0,0.23493,0.2383]},"84s":{"weight":0.0,"played":[0.009,0.3701,0.621],"evs":[0.0,0.49814,0.50464]},"85s":{"weight":0.0,"played":[7.0E-4,0.0088,0.9904],"evs":[0.0,0.78842,0.79552]},"86s":{"weight":0.0,"played":[5.0E-4,0.4909,0.5087],"evs":[0.0,1.25939,1.25928]},"87s":{"weight":1.0,"played":[0.0,0.217,0.783],"evs":[0.0,1.47304,1.47536]},"88":{"weight":1.0,"played":[0.0,4.0E-4,0.9996],"evs":[0.0,4.35117,4.36051]},"98o":{"weight":0.0,"played":[0.0,0.3903,0.6097],"evs":[0.0,0.81449,0.81402]},"T8o":{"weight":0.0,"played":[1.0E-4,0.6585,0.3414],"evs":[0.0,0.63868,0.63984]},"J8o":{"weight":0.0,"played":[0.0,0.0569,0.9431],"evs":[0.0,0.33333,0.33787]},"Q8o":{"weight":0.0,"played":[2.0E-4,5.0E-4,0.9993],"evs":[0.0,0.5184,0.52515]},"K8o":{"weight":0.0,"played":[0.0,0.4526,0.5474],"evs":[0.0,0.5557,0.55843]},"A8o":{"weight":0.9993,"played":[0.0,0.0,1.0],"evs":[0.0,1.93353,1.93677]},"92s":{"weight":0.0,"played":[0.5914,0.1985,0.2101],"evs":[0.0,-0.10437,-0.09572]},"93s":{"weight":0.0,"played":[0.5824,0.2078,0.2098],"evs":[0.0,-0.1605,-0.16216]},"94s":{"weight":0.0,"played":[0.8752,0.0503,0.0745],"evs":[0.0,-0.01728,-0.01549]},"95s":{"weight":0.0,"played":[0.0014,0.5593,0.4392],"evs":[0.0,0.69709,0.69519]},"96s":{"weight":0.0,"played":[5.0E-4,0.1016,0.8979],"evs":[0.0,1.23307,1.23852]},"97s":{"weight":1.0,"played":[0.0,0.1808,0.8192],"evs":[0.0,1.2332,1.23587]},"98s":{"weight":1.0,"played":[0.0,0.2288,0.7712],"evs":[0.0,1.71941,1.72334]},"99":{"weight":1.0,"played":[0.0,0.0,1.0],"evs":[0.0,4.73648,4.74139]},"T9o":{"weight":0.1224,"played":[1.0E-4,0.1986,0.8013],"evs":[0.0,0.71048,0.71079]},"J9o":{"weight":0.0,"played":[0.0,0.2379,0.7621],"evs":[0.0,0.40465,0.40488]},"Q9o":{"weight":0.0,"played":[0.0,0.2302,0.7698],"evs":[0.0,0.67919,0.68203]},"K9o":{"weight":0.5394,"played":[0.0,0.001,0.999],"evs":[0.0,0.78674,0.79079]},"A9o":{"weight":0.6022,"played":[0.0,2.0E-4,0.9998],"evs":[0.0,2.2086,2.21375]},"T2s":{"weight":0.0,"played":[0.2416,0.3736,0.3848],"evs":[0.0,-0.0428,-0.04213]},"T3s":{"weight":0.0,"played":[0.7209,0.1118,0.1673],"evs":[0.0,-0.16612,-0.16389]},"T4s":{"weight":0.0,"played":[0.1561,0.3792,0.4647],"evs":[0.0,0.23112,0.24026]},"T5s":{"weight":0.0,"played":[0.0105,0.3935,0.5959],"evs":[0.0,0.22302,0.22512]},"T6s":{"weight":0.0,"played":[7.0E-4,0.0425,0.9568],"evs":[0.0,0.6684,0.67099]},"T7s":{"weight":0.9986,"played":[3.0E-4,2.0E-4,0.9996],"evs":[0.0,1.21686,1.22235]},"T8s":{"weight":0.9992,"played":[0.0,0.0218,0.9782],"evs":[0.0,1.44341,1.4497]},"T9s":{"weight":0.985,"played":[0.0,0.012,0.988],"evs":[0.0,1.63285,1.63399]},"TT":{"weight":1.0,"played":[0.0,0.0,1.0],"evs":[0.0,5.9572,5.9626]},"JTo":{"weight":1.0,"played":[0.0,0.0,1.0],"evs":[0.0,0.84075,0.84176]},"QTo":{"weight":1.0,"played":[0.0,0.0,1.0],"evs":[0.0,1.27219,1.2764]},"KTo":{"weight":0.9998,"played":[0.0,1.0E-4,0.9999],"evs":[0.0,1.69054,1.69531]},"ATo":{"weight":0.4938,"played":[0.0,3.0E-4,0.9997],"evs":[0.0,3.46692,3.47264]},"J2s":{"weight":0.0,"played":[0.0396,0.4787,0.4817],"evs":[0.0,0.07774,0.07823]},"J3s":{"weight":0.0,"played":[0.2576,0.4087,0.3337],"evs":[0.0,0.1249,0.11895]},"J4s":{"weight":0.0,"played":[0.1052,0.4326,0.4622],"evs":[0.0,0.2165,0.22049]},"J5s":{"weight":0.0,"played":[3.0E-4,0.0012,0.9985],"evs":[0.0,0.42365,0.43258]},"J6s":{"weight":0.0,"played":[0.0016,0.1645,0.8339],"evs":[0.0,0.58546,0.58927]},"J7s":{"weight":0.2271,"played":[2.0E-4,0.2294,0.7704],"evs":[0.0,1.04065,1.04127]},"J8s":{"weight":1.0,"played":[5.0E-4,0.0026,0.9969],"evs":[0.0,1.41746,1.41957]},"J9s":{"weight":0.9377,"played":[0.0,0.2017,0.7983],"evs":[0.0,1.43324,1.43577]},"JTs":{"weight":0.3888,"played":[0.0,3.0E-4,0.9997],"evs":[0.0,1.80431,1.81034]},"JJ":{"weight":1.0,"played":[0.0,0.0,1.0],"evs":[0.0,7.26545,7.27324]},"QJo":{"weight":1.0,"played":[0.0,0.0,1.0],"evs":[0.0,1.55616,1.56195]},"KJo":{"weight":0.9066,"played":[0.0,0.0,1.0],"evs":[0.0,2.10245,2.10528]},"AJo":{"weight":0.0459,"played":[0.0,2.0E-4,0.9998],"evs":[0.0,4.20526,4.20712]},"Q2s":{"weight":0.0,"played":[3.0E-4,0.4988,0.5009],"evs":[0.0,0.25199,0.25325]},"Q3s":{"weight":0.0,"played":[0.0182,0.3463,0.6355],"evs":[0.0,0.50859,0.51606]},"Q4s":{"weight":0.0,"played":[3.0E-4,0.0386,0.961],"evs":[0.0,0.67101,0.68209]},"Q5s":{"weight":0.0,"played":[1.0E-4,0.8532,0.1467],"evs":[0.0,0.6203,0.61898]},"Q6s":{"weight":7.0E-4,"played":[1.0E-4,0.0832,0.9168],"evs":[0.0,1.01699,1.01877]},"Q7s":{"weight":0.8892,"played":[1.0E-4,0.0918,0.9082],"evs":[0.0,1.20134,1.20539]},"Q8s":{"weight":1.0,"played":[1.0E-4,7.0E-4,0.9993],"evs":[0.0,1.43631,1.43845]},"Q9s":{"weight":1.0,"played":[0.0,0.0088,0.9912],"evs":[0.0,1.60696,1.61007]},"QTs":{"weight":0.6879,"played":[0.0,0.002,0.9979],"evs":[0.0,2.14789,2.15817]},"QJs":{"weight":0.3726,"played":[0.0,2.0E-4,0.9998],"evs":[0.0,2.29979,2.30914]},"QQ":{"weight":1.0,"played":[0.0,0.0016,0.9984],"evs":[0.0,8.6865,8.69364]},"KQo":{"weight":0.6902,"played":[0.0,0.0,1.0],"evs":[0.0,2.99669,3.0031]},"AQo":{"weight":0.9397,"played":[0.0,0.0,1.0],"evs":[0.0,4.88716,4.89275]},"K2s":{"weight":0.0,"played":[0.0011,0.0169,0.982],"evs":[0.0,0.68982,0.6976]},"K3s":{"weight":0.0,"played":[2.0E-4,0.0535,0.9463],"evs":[0.0,0.76684,0.7858]},"K4s":{"weight":0.0,"played":[6.0E-4,0.1543,0.8451],"evs":[0.0,0.6527,0.66223]},"K5s":{"weight":1.0,"played":[0.0,0.3043,0.6957],"evs":[0.0,1.24079,1.2414]},"K6s":{"weight":1.0,"played":[0.0,3.0E-4,0.9997],"evs":[0.0,1.55351,1.55874]},"K7s":{"weight":0.9951,"played":[0.0,0.6404,0.3596],"evs":[0.0,1.61439,1.61715]},"K8s":{"weight":0.1085,"played":[1.0E-4,0.0094,0.9905],"evs":[0.0,1.556,1.5567]},"K9s":{"weight":4.0E-4,"played":[0.0,0.4592,0.5408],"evs":[0.0,1.73218,1.73087]},"KTs":{"weight":0.0,"played":[0.0,0.2968,0.7032],"evs":[0.0,2.57645,2.58348]},"KJs":{"weight":0.9991,"played":[0.0,0.0116,0.9884],"evs":[0.0,3.12295,3.12663]},"KQs":{"weight":1.0,"played":[0.0,0.0258,0.9742],"evs":[0.0,3.84886,3.85438]},"KK":{"weight":1.0,"played":[0.0,0.0,1.0],"evs":[0.0,10.22648,10.23354]},"AKo":{"weight":1.0,"played":[0.0,6.0E-4,0.9994],"evs":[0.0,5.8052,5.80886]},"A2s":{"weight":0.9968,"played":[0.0,0.0588,0.9412],"evs":[0.0,1.90771,1.90862]},"A3s":{"weight":0.9939,"played":[0.0,1.0E-4,0.9999],"evs":[0.0,2.07178,2.075]},"A4s":{"weight":0.1121,"played":[0.0,0.0315,0.9685],"evs":[0.0,2.16689,2.17314]},"A5s":{"weight":0.0,"played":[1.0E-4,0.469,0.531],"evs":[0.0,2.5307,2.53214]},"A6s":{"weight":6.0E-4,"played":[0.0,4.0E-4,0.9996],"evs":[0.0,2.52191,2.52604]},"A7s":{"weight":0.0031,"played":[0.0,0.004,0.996],"evs":[0.0,2.65855,2.66277]},"A8s":{"weight":1.0,"played":[0.0,0.0021,0.9979],"evs":[0.0,2.78283,2.78837]},"A9s":{"weight":1.0,"played":[0.0,0.0014,0.9986],"evs":[0.0,3.06094,3.06424]},"ATs":{"weight":1.0,"played":[0.0,0.1317,0.8683],"evs":[0.0,4.12391,4.12307]},"AJs":{"weight":1.0,"played":[0.0,0.0051,0.9949],"evs":[0.0,5.10009,5.11103]},"AQs":{"weight":1.0,"played":[0.0,0.0089,0.9911],"evs":[0.0,5.58869,5.59179]},"AKs":{"weight":1.0,"played":[0.0,0.0,1.0],"evs":[0.0,6.33336,6.33891]},"AA":{"weight":1.0,"played":[0.0,0.0,1.0],"evs":[0.0,13.54696,13.55739]}}}