{"player":1,"street":0,"children":3,"sequence":[{"player":0,"type":"F","amount":0,"street":0},{"player":1,"type":"R","amount":200000,"street":0},{"player":2,"type":"C","amount":200000,"street":0},{"player":3,"type":"F","amount":0,"street":0},{"player":4,"type":"C","amount":150000,"street":0},{"player":5,"type":"R","amount":735000,"street":0}],"actions":[{"type":"F","amount":0,"node":99},{"type":"C","amount":535000,"node":104},{"type":"R","amount":2035000,"node":111}],"hands":{"22":{"weight":0.0,"played":[1.0E-4,2.0E-4,0.9997],"evs":[0.0,1.59293,1.82008]},"32o":{"weight":0.0,"played":[1.0,0.0,0.0],"evs":[0.0,-2.21011,-2.27792]},"42o":{"weight":0.0,"played":[0.9995,2.0E-4,2.0E-4],"evs":[0.0,-2.04678,-2.33387]},"52o":{"weight":0.0,"played":[0.9994,2.0E-4,4.0E-4],"evs":[0.0,-1.53783,-1.78687]},"62o":{"weight":0.0,"played":[1.0,0.0,0.0],"evs":[0.0,-1.99823,-2.16491]},"72o":{"weight":0.0,"played":[1.0,0.0,0.0],"evs":[0.0,-2.74581,-2.86805]},"82o":{"weight":0.0,"played":[1.0,0.0,0.0],"evs":[0.0,-1.79226,-1.99022]},"92o":{"weight":0.0,"played":[0.9995,2.0E-4,3.0E-4],"evs":[0.0,-2.11607,-2.09624]},"T2o":{"weight":0.0,"played":[0.9998,2.0E-4,0.0],"evs":[0.0,-2.84322,-2.81657]},"J2o":{"weight":0.0,"played":[0.9998,1.0E-4,1.0E-4],"evs":[0.0,-2.44207,-2.3103]},"Q2o":{"weight":0.0,"played":[1.0,0.0,0.0],"evs":[0.0,-1.84565,-1.43901]},"K2o":{"weight":0.0,"played":[0.9997,1.0E-4,2.0E-4],"evs":[0.0,-1.05747,-0.93573]},"A2o":{"weight":1.0E-4,"played":[0.001,0.001,0.9981],"evs":[0.0,0.88609,1.16925]},"32s":{"weight":0.0,"played":[0.9926,2.0E-4,0.0072],"evs":[0.0,-1.34065,-1.24692]},"33":{"weight":0.0,"played":[6.0E-4,0.0106,0.9888],"evs":[0.0,2.59714,2.8223]},"43o":{"weight":0.0,"played":[1.0,0.0,0.0],"evs":[0.0,-1.41673,-1.43389]},"53o":{"weight":0.0,"played":[0.9985,6.0E-4,9.0E-4],"evs":[0.0,-1.12454,-1.13483]},"63o":{"weight":0.0,"played":[0.9997,0.0,3.0E-4],"evs":[0.0,-0.98295,-1.02876]},"73o":{"weight":0.0,"played":[1.0,0.0,0.0],"evs":[0.0,-1.54395,-1.68066]},"83o":{"weight":0.0,"played":[0.9995,4.0E-4,1.0E-4],"evs":[0.0,-1.97609,-2.06098]},"93o":{"weight":0.0,"played":[0.9999,1.0E-4,0.0],"evs":[0.0,-1.91517,-2.00495]},"T3o":{"weight":0.0,"played":[1.0,0.0,0.0],"evs":[0.0,-2.75646,-2.57983]},"J3o":{"weight":0.0,"played":[0.9999,0.0,1.0E-4],"evs":[0.0,-2.23284,-2.18343]},"Q3o":{"weight":0.0,"played":[0.9993,0.0,7.0E-4],"evs":[0.0,-1.71298,-1.39049]},"K3o":{"weight":0.0,"played":[1.0,0.0,0.0],"evs":[0.0,-0.86969,-0.76743]},"A3o":{"weight":0.9966,"played":[0.0,0.0181,0.9819],"evs":[0.0,1.89422,2.0149]},"42s":{"weight":0.0,"played":[0.969,0.0235,0.0075],"evs":[0.0,-0.30483,-0.36105]},"43s":{"weight":0.0,"played":[0.0021,0.7503,0.2477],"evs":[0.0,0.136,-0.2809]},"44":{"weight":0.412,"played":[0.0,0.007,0.993],"evs":[0.0,4.03601,4.45907]},"54o":{"weight":0.0,"played":[0.8723,0.106,0.0217],"evs":[0.0,-0.57078,-0.5239]},"64o":{"weight":0.0,"played":[0.9769,0.0069,0.0162],"evs":[0.0,-0.53035,-0.52523]},"74o":{"weight":0.0,"played":[0.9995,0.0,5.0E-4],"evs":[0.0,-1.13184,-1.00642]},"84o":{"weight":0.0,"played":[0.9994,1.0E-4,5.0E-4],"evs":[0.0,-0.83892,-1.14271]},"94o":{"weight":0.0,"played":[0.9999,0.0,1.0E-4],"evs":[0.0,-1.59119,-1.55256]},"T4o":{"weight":0.0,"played":[0.9999,1.0E-4,0.0],"evs":[0.0,-2.28653,-2.09541]},"J4o":{"weight":0.0,"played":[0.9999,0.0,1.0E-4],"evs":[0.0,-1.89596,-1.84515]},"Q4o":{"weight":0.0,"played":[0.9996,2.0E-4,2.0E-4],"evs":[0.0,-1.82716,-1.30674]},"K4o":{"weight":0.0,"played":[0.99,0.0016,0.0084],"evs":[0.0,-0.59817,-0.33968]},"A4o":{"weight":1.0,"played":[1.0E-4,0.0024,0.9975],"evs":[0.0,1.88317,2.08526]},"52s":{"weight":0.0,"played":[0.3033,0.4343,0.2624],"evs":[0.0,1.07069,1.00034]},"53s":{"weight":0.0,"played":[0.0392,0.3337,0.6271],"evs":[0.0,0.80805,0.76082]},"54s":{"weight":0.0,"played":[0.0572,0.6272,0.3156],"evs":[0.0,0.72173,0.71918]},"55":{"weight":0.2646,"played":[0.0,0.0974,0.9025],"evs":[0.0,5.55203,6.10569]},"65o":{"weight":0.0,"played":[0.0064,0.4028,0.5907],"evs":[0.0,0.4827,0.67248]},"75o":{"weight":0.0,"played":[0.5,0.3023,0.1978],"evs":[0.0,0.08229,0.04238]},"85o":{"weight":0.0,"played":[0.8238,0.0366,0.1396],"evs":[0.0,-0.20155,-0.26872]},"95o":{"weight":0.0,"played":[0.9914,0.0038,0.0048],"evs":[0.0,-1.01718,-1.21854]},"T5o":{"weight":0.0,"played":[0.9999,0.0,1.0E-4],"evs":[0.0,-1.49318,-1.28092]},"J5o":{"weight":0.0,"played":[0.999,0.0,0.001],"evs":[0.0,-1.44102,-1.56011]},"Q5o":{"weight":0.0,"played":[0.9914,6.0E-4,0.008],"evs":[0.0,-1.00552,-0.81706]},"K5o":{"weight":0.0,"played":[0.5032,0.0,0.4968],"evs":[0.0,-0.0815,0.22747]},"A5o":{"weight":1.0,"played":[0.0,0.0357,0.9642],"evs":[0.0,3.03513,3.30573]},"62s":{"weight":0.0,"played":[0.3274,0.2473,0.4253],"evs":[0.0,-0.09424,-0.0176]},"63s":{"weight":0.0,"played":[0.2245,0.4009,0.3746],"evs":[0.0,0.04428,0.00366]},"64s":{"weight":0.0,"played":[0.0245,0.7695,0.206],"evs":[0.0,2.10051,2.01915]},"65s":{"weight":0.0,"played":[0.0,0.5074,0.4926],"evs":[0.0,2.63166,2.50853]},"66":{"weight":0.5833,"played":[0.0,0.0,1.0],"evs":[0.0,6.49014,6.87062]},"76o":{"weight":0.0,"played":[0.021,0.3677,0.6113],"evs":[0.0,0.84532,0.9813]},"86o":{"weight":0.0,"played":[0.0044,0.3789,0.6167],"evs":[0.0,0.59173,0.45881]},"96o":{"weight":0.0,"played":[0.3017,0.156,0.5423],"evs":[0.0,0.11131,0.20756]},"T6o":{"weight":0.0,"played":[0.9988,3.0E-4,9.0E-4],"evs":[0.0,-0.50624,-0.41994]},"J6o":{"weight":0.0,"played":[0.9928,0.0011,0.0061],"evs":[0.0,-0.79467,-0.68349]},"Q6o":{"weight":0.0,"played":[0.999,2.0E-4,9.0E-4],"evs":[0.0,-0.80179,-0.51568]},"K6o":{"weight":0.0,"played":[0.0242,0.096,0.8798],"evs":[0.0,0.73401,0.81344]},"A6o":{"weight":1.0,"played":[9.0E-4,0.0924,0.9067],"evs":[0.0,2.67231,2.71459]},"72s":{"weight":0.0,"played":[0.9145,0.0611,0.0244],"evs":[0.0,-0.69972,-0.80234]},"73s":{"weight":0.0,"played":[0.9052,0.0684,0.0264],"evs":[0.0,-0.02453,-0.0892]},"74s":{"weight":0.0,"played":[0.0305,0.7927,0.1768],"evs":[0.0,1.35289,1.21348]},"75s":{"weight":0.0,"played":[0.0177,0.0028,0.9795],"evs":[0.0,2.19958,2.33614]},"76s":{"weight":0.4161,"played":[1.0E-4,0.5798,0.4202],"evs":[0.0,1.83057,1.87049]},"77":{"weight":0.9983,"played":[0.0,0.0017,0.9983],"evs":[0.0,6.96692,7.11016]},"87o":{"weight":0.0,"played":[0.0036,0.5485,0.4479],"evs":[0.0,0.44006,0.40274]},"97o":{"weight":0.0,"played":[0.0626,0.9058,0.0316],"evs":[0.0,0.33044,0.2179]},"T7o":{"weight":0.0,"played":[0.999,2.0E-4,8.0E-4],"evs":[0.0,-0.97439,-0.70765]},"J7o":{"weight":0.0,"played":[0.998,6.0E-4,0.0014],"evs":[0.0,-0.80094,-0.77607]},"Q7o":{"weight":0.0,"played":[0.9717,0.0032,0.0251],"evs":[0.0,-1.22486,-0.98838]},"K7o":{"weight":0.0,"played":[0.0083,0.1219,0.8698],"evs":[0.0,0.21885,0.21906]},"A7o":{"weight":1.0,"played":[0.0,0.0299,0.9701],"evs":[0.0,3.17008,3.20582]},"82s":{"weight":0.0,"played":[0.5921,0.2584,0.1495],"evs":[0.0,0.08011,0.02055]},"83s":{"weight":0.0,"played":[0.4082,0.3095,0.2823],"evs":[0.0,-0.65282,-0.94664]},"84s":{"weight":0.0,"played":[0.0016,0.8151,0.1833],"evs":[0.0,0.48797,0.17483]},"85s":{"weight":0.0,"played":[0.0115,0.9256,0.0629],"evs":[0.0,1.80956,1.57393]},"86s":{"weight":0.0,"played":[4.0E-4,0.0101,0.9896],"evs":[0.0,1.59815,1.87412]},"87s":{"weight":1.0,"played":[0.0,0.8067,0.1933],"evs":[0.0,2.01079,1.88625]},"88":{"weight":1.0,"played":[0.0,0.036,0.964],"evs":[0.0,8.12283,8.09447]},"98o":{"weight":0.0,"played":[0.0042,0.4862,0.5096],"evs":[0.0,1.27594,1.07755]},"T8o":{"weight":0.0,"played":[0.0345,0.2884,0.677],"evs":[0.0,0.11593,0.09477]},"J8o":{"weight":0.0,"played":[0.0282,0.5779,0.3938],"evs":[0.0,0.24061,0.2664]},"Q8o":{"weight":0.0,"played":[0.0727,0.0039,0.9234],"evs":[0.0,-0.07718,0.389]},"K8o":{"weight":0.0,"played":[0.0161,0.053,0.9309],"evs":[0.0,0.22732,0.40084]},"A8o":{"weight":0.9993,"played":[0.0,0.0813,0.9187],"evs":[0.0,3.99862,4.29844]},"92s":{"weight":0.0,"played":[0.8212,0.0263,0.1525],"evs":[0.0,-0.66859,-0.59452]},"93s":{"weight":0.0,"played":[0.9925,0.0,0.0075],"evs":[0.0,-0.95959,-0.68737]},"94s":{"weight":0.0,"played":[0.787,0.0473,0.1657],"evs":[0.0,-0.89967,-0.83153]},"95s":{"weight":0.0,"played":[0.5223,0.2659,0.2118],"evs":[0.0,0.25509,0.23805]},"96s":{"weight":0.0,"played":[0.001,0.4513,0.5477],"evs":[0.0,0.71946,0.90985]},"97s":{"weight":1.0,"played":[5.0E-4,0.2936,0.706],"evs":[0.0,2.00079,2.11176]},"98s":{"weight":1.0,"played":[1.0E-4,0.8548,0.1451],"evs":[0.0,2.37253,2.11363]},"99":{"weight":1.0,"played":[0.0,0.1403,0.8597],"evs":[0.0,9.10719,9.16062]},"T9o":{"weight":0.1224,"played":[0.0122,0.2861,0.7016],"evs":[0.0,1.12199,1.17827]},"J9o":{"weight":0.0,"played":[0.2542,0.444,0.3019],"evs":[0.0,0.25571,0.13526]},"Q9o":{"weight":0.0,"played":[0.0022,0.0012,0.9966],"evs":[0.0,0.46874,0.72726]},"K9o":{"weight":0.5394,"played":[0.0,0.0179,0.9821],"evs":[0.0,1.60962,1.71588]},"A9o":{"weight":0.6022,"played":[0.0,0.1002,0.8998],"evs":[0.0,4.22846,4.4103]},"T2s":{"weight":0.0,"played":[0.8794,0.0069,0.1137],"evs":[0.0,-0.81538,-0.5852]},"T3s":{"weight":0.0,"played":[0.9923,0.0,0.0077],"evs":[0.0,-1.18039,-1.18917]},"T4s":{"weight":0.0,"played":[0.9195,0.0332,0.0473],"evs":[0.0,-0.3117,-0.4405]},"T5s":{"weight":0.0,"played":[0.5384,0.1621,0.2995],"evs":[0.0,-0.73307,-0.8927]},"T6s":{"weight":0.0,"played":[0.0987,0.4689,0.4324],"evs":[0.0,0.73458,0.72875]},"T7s":{"weight":0.9986,"played":[0.0035,0.0067,0.9898],"evs":[0.0,1.00707,1.32913]},"T8s":{"weight":0.9992,"played":[1.0E-4,0.2493,0.7506],"evs":[0.0,1.50989,1.85454]},"T9s":{"weight":0.985,"played":[0.0026,0.7319,0.2655],"evs":[0.0,2.0979,1.91932]},"TT":{"weight":1.0,"played":[0.0,0.1845,0.8155],"evs":[0.0,9.97285,10.25214]},"JTo":{"weight":1.0,"played":[0.0094,0.2234,0.7672],"evs":[0.0,0.58514,0.82919]},"QTo":{"weight":1.0,"played":[1.0E-4,0.0418,0.9581],"evs":[0.0,1.17842,1.37286]},"KTo":{"weight":0.9998,"played":[0.0,0.396,0.604],"evs":[0.0,2.88677,2.81921]},"ATo":{"weight":0.4938,"played":[0.0,0.0169,0.9831],"evs":[0.0,6.12198,6.19753]},"J2s":{"weight":0.0,"played":[0.7053,0.2232,0.0715],"evs":[0.0,0.25804,0.06858]},"J3s":{"weight":0.0,"played":[0.8442,0.0369,0.119],"evs":[0.0,-1.07146,-1.10762]},"J4s":{"weight":0.0,"played":[0.9998,1.0E-4,1.0E-4],"evs":[0.0,-0.61534,-0.51743]},"J5s":{"weight":0.0,"played":[0.2818,0.045,0.6732],"evs":[0.0,-0.05903,0.27792]},"J6s":{"weight":0.0,"played":[0.1073,0.3069,0.5859],"evs":[0.0,0.81687,0.97615]},"J7s":{"weight":0.2271,"played":[0.079,0.0415,0.8795],"evs":[0.0,0.77384,1.11073]},"J8s":{"weight":1.0,"played":[0.0015,0.0027,0.9958],"evs":[0.0,1.43305,1.67087]},"J9s":{"weight":0.9377,"played":[0.0,0.2813,0.7187],"evs":[0.0,2.08759,2.13556]},"JTs":{"weight":0.3888,"played":[0.0103,0.0174,0.9723],"evs":[0.0,1.9543,2.14865]},"JJ":{"weight":1.0,"played":[0.0,0.0786,0.9214],"evs":[0.0,12.68131,12.98479]},"QJo":{"weight":1.0,"played":[0.0,0.2323,0.7677],"evs":[0.0,2.79148,2.75165]},"KJo":{"weight":0.9066,"played":[0.0,0.0385,0.9615],"evs":[0.0,4.21835,4.27918]},"AJo":{"weight":0.0459,"played":[0.0,0.0,1.0],"evs":[0.0,6.9604,7.30534]},"Q2s":{"weight":0.0,"played":[0.4276,0.0027,0.5697],"evs":[0.0,-0.36889,0.28366]},"Q3s":{"weight":0.0,"played":[0.5724,0.0102,0.4174],"evs":[0.0,-0.09909,0.24205]},"Q4s":{"weight":0.0,"played":[0.3424,0.2086,0.449],"evs":[0.0,0.03112,0.36172]},"Q5s":{"weight":0.0,"played":[0.0428,0.4729,0.4843],"evs":[0.0,0.47571,0.48444]},"Q6s":{"weight":7.0E-4,"played":[0.0643,0.0018,0.9338],"evs":[0.0,0.98617,1.46852]},"Q7s":{"weight":0.8892,"played":[0.0907,0.1535,0.7558],"evs":[0.0,-0.05688,0.34553]},"Q8s":{"weight":1.0,"played":[0.0119,0.0013,0.9868],"evs":[0.0,1.50792,1.82955]},"Q9s":{"weight":1.0,"played":[0.0,0.0371,0.9629],"evs":[0.0,2.22585,2.56434]},"QTs":{"weight":0.6879,"played":[0.0,0.0877,0.9123],"evs":[0.0,2.52792,2.53633]},"QJs":{"weight":0.3726,"played":[1.0E-4,0.1953,0.8046],"evs":[0.0,4.50389,4.616]},"QQ":{"weight":1.0,"played":[0.0,0.1535,0.8465],"evs":[0.0,14.46611,14.58187]},"KQo":{"weight":0.6902,"played":[0.0,0.0038,0.9962],"evs":[0.0,4.94597,5.00874]},"AQo":{"weight":0.9397,"played":[0.0,0.1648,0.8352],"evs":[0.0,7.02552,7.21197]},"K2s":{"weight":0.0,"played":[0.0348,0.0335,0.9317],"evs":[0.0,0.12603,0.38469]},"K3s":{"weight":0.0,"played":[0.003,0.0545,0.9425],"evs":[0.0,0.90084,0.978]},"K4s":{"weight":0.0,"played":[0.0647,0.3249,0.6103],"evs":[0.0,0.90267,1.08826]},"K5s":{"weight":1.0,"played":[0.0023,0.0225,0.9751],"evs":[0.0,1.11747,1.31852]},"K6s":{"weight":1.0,"played":[0.0,0.0195,0.9805],"evs":[0.0,1.89773,2.08778]},"K7s":{"weight":0.9951,"played":[0.0,0.014,0.986],"evs":[0.0,2.14988,2.29287]},"K8s":{"weight":0.1085,"played":[0.012,0.0304,0.9576],"evs":[0.0,2.60308,2.88577]},"K9s":{"weight":4.0E-4,"played":[0.0,0.1929,0.807],"evs":[0.0,2.21963,2.11653]},"KTs":{"weight":0.0,"played":[0.0,0.9929,0.0071],"evs":[0.0,4.93329,4.69134]},"KJs":{"weight":0.9991,"played":[0.0,0.0026,0.9974],"evs":[0.0,4.90435,5.02308]},"KQs":{"weight":1.0,"played":[0.0,0.4162,0.5838],"evs":[0.0,6.78508,6.85194]},"KK":{"weight":1.0,"played":[0.0,0.3666,0.6334],"evs":[0.0,16.29477,16.27453]},"AKo":{"weight":1.0,"played":[0.0,0.5575,0.4425],"evs":[0.0,8.09423,8.02113]},"A2s":{"weight":0.9968,"played":[6.0E-4,0.4067,0.5927],"evs":[0.0,3.01064,3.00003]},"A3s":{"weight":0.9939,"played":[5.0E-4,1.0E-4,0.9995],"evs":[0.0,2.89601,3.32485]},"A4s":{"weight":0.1121,"played":[6.0E-4,0.1509,0.8485],"evs":[0.0,3.18485,3.55319]},"A5s":{"weight":0.0,"played":[5.0E-4,0.1891,0.8104],"evs":[0.0,4.53875,4.84733]},"A6s":{"weight":6.0E-4,"played":[1.0E-4,0.2537,0.7462],"evs":[0.0,4.21,4.23061]},"A7s":{"weight":0.0031,"played":[0.0,0.0966,0.9034],"evs":[0.0,4.31111,4.4567]},"A8s":{"weight":1.0,"played":[0.0,0.0,1.0],"evs":[0.0,6.04231,6.12824]},"A9s":{"weight":1.0,"played":[0.0,0.3221,0.6779],"evs":[0.0,6.12191,6.27014]},"ATs":{"weight":1.0,"played":[0.0,0.0254,0.9746],"evs":[0.0,7.74117,8.04276]},"AJs":{"weight":1.0,"played":[0.0,0.1491,0.8509],"evs":[0.0,7.54135,7.83248]},"AQs":{"weight":1.0,"played":[0.0,0.576,0.424],"evs":[0.0,8.92976,9.14617]},"AKs":{"weight":1.0,"played":[0.0,0.0851,0.9149],"evs":[0.0,9.48144,9.53749]},"AA":{"weight":1.0,"played":[0.0,0.2183,0.7817],"evs":[0.0,19.8485,19.68731]}}}