{"player":4,"street":0,"children":2,"sequence":[{"player":0,"type":"F","amount":0,"street":0},{"player":1,"type":"R","amount":925000,"street":0},{"player":2,"type":"F","amount":0,"street":0},{"player":3,"type":"C","amount":925000,"street":0},{"player":4,"type":"C","amount":875000,"street":0},{"player":5,"type":"R","amount":2335000,"street":0},{"player":3,"type":"F","amount":0,"street":0}],"actions":[{"type":"F","amount":0},{"type":"C","amount":420000}],"hands":{"22":{"weight":0.0,"played":[0.2787,0.7213],"evs":[0.0,11.28436]},"32o":{"weight":0.0,"played":[0.7846,0.2154],"evs":[0.0,2.76102]},"42o":{"weight":0.0,"played":[0.5873,0.4127],"evs":[0.0,-1.57536]},"52o":{"weight":0.0,"played":[0.1603,0.8397],"evs":[0.0,4.67632]},"62o":{"weight":0.0,"played":[0.7974,0.2026],"evs":[0.0,-2.45246]},"72o":{"weight":0.0,"played":[0.0388,0.9612],"evs":[0.0,1.85145]},"82o":{"weight":0.0,"played":[0.0,1.0],"evs":[0.0,6.55979]},"92o":{"weight":0.0,"played":[0.0591,0.9409],"evs":[0.0,-0.2875]},"T2o":{"weight":0.0,"played":[0.6087,0.3913],"evs":[0.0,-1.04509]},"J2o":{"weight":0.0,"played":[0.0039,0.9961],"evs":[0.0,2.92198]},"Q2o":{"weight":0.0,"played":[0.232,0.768],"evs":[0.0,4.21607]},"K2o":{"weight":0.0,"played":[0.2324,0.7676],"evs":[0.0,6.96956]},"A2o":{"weight":0.0,"played":[0.0164,0.9836],"evs":[0.0,1.46733]},"32s":{"weight":0.0,"played":[0.5092,0.4908],"evs":[0.0,8.66958]},"33":{"weight":0.0,"played":[0.5944,0.4056],"evs":[0.0,6.49412]},"43o":{"weight":0.0,"played":[0.6641,0.3359],"evs":[0.0,-0.45101]},"53o":{"weight":0.0,"played":[0.3805,0.6195],"evs":[0.0,3.21034]},"63o":{"weight":0.0,"played":[0.6177,0.3823],"evs":[0.0,0.92698]},"73o":{"weight":0.0,"played":[0.1702,0.8298],"evs":[0.0,4.57246]},"83o":{"weight":0.0,"played":[0.0613,0.9387],"evs":[0.0,2.9979]},"93o":{"weight":0.0,"played":[0.0751,0.9249],"evs":[0.0,1.60559]},"T3o":{"weight":0.0,"played":[0.067,0.933],"evs":[0.0,3.15265]},"J3o":{"weight":0.0,"played":[0.6994,0.3006],"evs":[0.0,-2.1245]},"Q3o":{"weight":0.0,"played":[7.0E-4,0.9993],"evs":[0.0,4.27497]},"K3o":{"weight":0.0,"played":[0.2566,0.7434],"evs":[0.0,8.93235]},"A3o":{"weight":0.0,"played":[0.1323,0.8677],"evs":[0.0,11.26739]},"42s":{"weight":0.0,"played":[0.9714,0.0286],"evs":[0.0,-3.0084]},"43s":{"weight":0.0,"played":[0.143,0.857],"evs":[0.0,4.80588]},"44":{"weight":0.0078,"played":[0.4337,0.5663],"evs":[0.0,7.49151]},"54o":{"weight":0.0,"played":[0.008,0.992],"evs":[0.0,0.43148]},"64o":{"weight":0.0,"played":[0.066,0.934],"evs":[0.0,0.77093]},"74o":{"weight":0.0,"played":[0.3909,0.6091],"evs":[0.0,-0.21671]},"84o":{"weight":0.0,"played":[0.0307,0.9693],"evs":[0.0,4.63993]},"94o":{"weight":0.0,"played":[0.2112,0.7888],"evs":[0.0,9.44851]},"T4o":{"weight":0.0,"played":[0.6102,0.3898],"evs":[0.0,-1.28454]},"J4o":{"weight":0.0,"played":[0.1367,0.8633],"evs":[0.0,1.69072]},"Q4o":{"weight":0.0,"played":[0.0014,0.9986],"evs":[0.0,2.15099]},"K4o":{"weight":0.0,"played":[0.6409,0.3591],"evs":[0.0,-2.03723]},"A4o":{"weight":0.0,"played":[0.3078,0.6922],"evs":[0.0,3.64184]},"52s":{"weight":0.0,"played":[0.0,1.0],"evs":[0.0,1.87519]},"53s":{"weight":0.0,"played":[0.3716,0.6284],"evs":[0.0,-1.64358]},"54s":{"weight":0.0,"played":[0.971,0.029],"evs":[0.0,0.20578]},"55":{"weight":0.2081,"played":[0.0,1.0],"evs":[0.0,14.09392]},"65o":{"weight":0.0,"played":[0.5331,0.4669],"evs":[0.0,-0.16929]},"75o":{"weight":0.0,"played":[0.0,1.0],"evs":[0.0,3.00517]},"85o":{"weight":0.0,"played":[0.1876,0.8124],"evs":[0.0,3.58275]},"95o":{"weight":0.0,"played":[0.1959,0.8041],"evs":[0.0,4.32289]},"T5o":{"weight":0.0,"played":[0.0066,0.9934],"evs":[0.0,2.24913]},"J5o":{"weight":0.0,"played":[0.4532,0.5468],"evs":[0.0,-0.32353]},"Q5o":{"weight":0.0,"played":[0.0061,0.9939],"evs":[0.0,14.92072]},"K5o":{"weight":0.0,"played":[0.0462,0.9538],"evs":[0.0,4.15921]},"A5o":{"weight":0.0,"played":[0.0185,0.9815],"evs":[0.0,8.54984]},"62s":{"weight":0.0,"played":[0.2212,0.7788],"evs":[0.0,9.20697]},"63s":{"weight":0.0,"played":[1.0,0.0],"evs":[0.0,-3.00776]},"64s":{"weight":0.0,"played":[0.9969,0.0031],"evs":[0.0,-3.00839]},"65s":{"weight":0.0,"played":[1.0,0.0],"evs":[0.0,-3.00789]},"66":{"weight":0.0103,"played":[0.3142,0.6858],"evs":[0.0,4.82776]},"76o":{"weight":0.0,"played":[0.4762,0.5238],"evs":[0.0,8.41963]},"86o":{"weight":0.0,"played":[0.0175,0.9825],"evs":[0.0,4.39678]},"96o":{"weight":0.0,"played":[0.2486,0.7514],"evs":[0.0,3.00406]},"T6o":{"weight":0.0,"played":[0.0324,0.9676],"evs":[0.0,10.1195]},"J6o":{"weight":0.0,"played":[0.349,0.651],"evs":[0.0,6.03727]},"Q6o":{"weight":0.0,"played":[0.0197,0.9803],"evs":[0.0,6.8999]},"K6o":{"weight":0.0,"played":[0.3006,0.6994],"evs":[0.0,12.77353]},"A6o":{"weight":0.0,"played":[0.9613,0.0387],"evs":[0.0,-2.25972]},"72s":{"weight":0.0,"played":[0.4538,0.5462],"evs":[0.0,0.79081]},"73s":{"weight":0.0,"played":[0.3253,0.6747],"evs":[0.0,4.72566]},"74s":{"weight":0.0,"played":[0.9143,0.0857],"evs":[0.0,-2.90405]},"75s":{"weight":0.0,"played":[0.3053,0.6947],"evs":[0.0,16.19282]},"76s":{"weight":0.0,"played":[1.0,0.0],"evs":[0.0,-3.00776]},"77":{"weight":0.1,"played":[0.0035,0.9965],"evs":[0.0,12.95475]},"87o":{"weight":0.0,"played":[0.0107,0.9893],"evs":[0.0,7.62994]},"97o":{"weight":0.0,"played":[0.0029,0.9971],"evs":[0.0,6.63705]},"T7o":{"weight":0.0,"played":[0.7385,0.2615],"evs":[0.0,-2.4945]},"J7o":{"weight":0.0,"played":[0.0886,0.9114],"evs":[0.0,5.92832]},"Q7o":{"weight":0.0,"played":[0.1121,0.8879],"evs":[0.0,8.67866]},"K7o":{"weight":0.0,"played":[0.0982,0.9018],"evs":[0.0,6.835]},"A7o":{"weight":0.0,"played":[0.0729,0.9271],"evs":[0.0,5.09273]},"82s":{"weight":0.0,"played":[0.11,0.89],"evs":[0.0,7.10137]},"83s":{"weight":0.0,"played":[0.3415,0.6585],"evs":[0.0,7.70591]},"84s":{"weight":0.0,"played":[0.6249,0.3751],"evs":[0.0,-0.81397]},"85s":{"weight":0.0,"played":[0.0,1.0],"evs":[0.0,11.33148]},"86s":{"weight":0.0,"played":[0.0287,0.9713],"evs":[0.0,6.15282]},"87s":{"weight":1.0E-4,"played":[0.6967,0.3033],"evs":[0.0,-1.80973]},"88":{"weight":0.4713,"played":[0.0643,0.9357],"evs":[0.0,9.59173]},"98o":{"weight":0.0,"played":[0.4393,0.5607],"evs":[0.0,4.84572]},"T8o":{"weight":0.0,"played":[0.5425,0.4575],"evs":[0.0,4.7925]},"J8o":{"weight":0.0,"played":[0.5355,0.4645],"evs":[0.0,4.25133]},"Q8o":{"weight":0.0,"played":[0.0123,0.9877],"evs":[0.0,15.80277]},"K8o":{"weight":0.0,"played":[0.1119,0.8881],"evs":[0.0,12.76391]},"A8o":{"weight":0.0,"played":[0.6156,0.3844],"evs":[0.0,0.96409]},"92s":{"weight":0.0,"played":[0.0,1.0],"evs":[0.0,-3.00918]},"93s":{"weight":0.0,"played":[0.2866,0.7134],"evs":[0.0,7.39651]},"94s":{"weight":0.0,"played":[0.0,1.0],"evs":[0.0,10.59352]},"95s":{"weight":0.0,"played":[0.932,0.068],"evs":[0.0,-3.00776]},"96s":{"weight":0.0,"played":[1.0,0.0],"evs":[0.0,-3.00776]},"97s":{"weight":0.0,"played":[0.4263,0.5737],"evs":[0.0,30.49065]},"98s":{"weight":1.0E-4,"played":[0.9052,0.0948],"evs":[0.0,-3.00891]},"99":{"weight":0.033,"played":[0.0,1.0],"evs":[0.0,25.66795]},"T9o":{"weight":0.0,"played":[0.2443,0.7557],"evs":[0.0,3.63192]},"J9o":{"weight":0.0,"played":[0.5085,0.4915],"evs":[0.0,3.0292]},"Q9o":{"weight":0.0,"played":[0.8605,0.1395],"evs":[0.0,6.51406]},"K9o":{"weight":0.0,"played":[0.5218,0.4782],"evs":[0.0,0.04378]},"A9o":{"weight":0.0,"played":[0.0201,0.9799],"evs":[0.0,0.62042]},"T2s":{"weight":0.0,"played":[0.7533,0.2467],"evs":[0.0,13.96143]},"T3s":{"weight":0.0,"played":[0.0053,0.9947],"evs":[0.0,7.61935]},"T4s":{"weight":0.0,"played":[0.9758,0.0242],"evs":[0.0,-3.00875]},"T5s":{"weight":0.0,"played":[0.0758,0.9242],"evs":[0.0,8.14398]},"T6s":{"weight":0.0,"played":[0.6299,0.3701],"evs":[0.0,16.32886]},"T7s":{"weight":1.0E-4,"played":[0.2688,0.7312],"evs":[0.0,4.16582]},"T8s":{"weight":0.0,"played":[0.5358,0.4642],"evs":[0.0,-0.33462]},"T9s":{"weight":3.0E-4,"played":[0.137,0.863],"evs":[0.0,1.6556]},"TT":{"weight":0.687,"played":[0.0058,0.9942],"evs":[0.0,22.16723]},"JTo":{"weight":0.0,"played":[0.8723,0.1277],"evs":[0.0,1.86892]},"QTo":{"weight":0.0,"played":[0.0518,0.9482],"evs":[0.0,7.08339]},"KTo":{"weight":0.0,"played":[0.0,1.0],"evs":[0.0,1.20491]},"ATo":{"weight":0.0107,"played":[0.3085,0.6915],"evs":[0.0,2.28543]},"J2s":{"weight":0.0,"played":[0.617,0.383],"evs":[0.0,-2.176]},"J3s":{"weight":0.0,"played":[0.9915,0.0085],"evs":[0.0,14.9634]},"J4s":{"weight":0.0,"played":[0.091,0.909],"evs":[0.0,26.15138]},"J5s":{"weight":0.0,"played":[0.0311,0.9689],"evs":[0.0,11.91546]},"J6s":{"weight":0.0,"played":[0.5,0.5],"evs":[0.0,-3.00776]},"J7s":{"weight":0.0,"played":[0.0,1.0],"evs":[0.0,8.28573]},"J8s":{"weight":0.0,"played":[1.0,0.0],"evs":[0.0,-1.21501]},"J9s":{"weight":0.0,"played":[1.0E-4,0.9999],"evs":[0.0,16.77667]},"JTs":{"weight":1.0E-4,"played":[0.0348,0.9652],"evs":[0.0,8.3806]},"JJ":{"weight":0.0101,"played":[0.0,1.0],"evs":[0.0,19.10084]},"QJo":{"weight":0.0,"played":[0.1177,0.8823],"evs":[0.0,5.96545]},"KJo":{"weight":1.0E-4,"played":[0.0212,0.9788],"evs":[0.0,7.70281]},"AJo":{"weight":0.0787,"played":[0.0455,0.9545],"evs":[0.0,1.1651]},"Q2s":{"weight":0.0,"played":[0.0137,0.9863],"evs":[0.0,9.76774]},"Q3s":{"weight":0.0,"played":[0.3262,0.6738],"evs":[0.0,6.77717]},"Q4s":{"weight":0.0,"played":[0.5368,0.4632],"evs":[0.0,-1.64798]},"Q5s":{"weight":0.0,"played":[0.04,0.96],"evs":[0.0,30.49074]},"Q6s":{"weight":0.0,"played":[1.0,0.0],"evs":[0.0,-3.00819]},"Q7s":{"weight":0.0,"played":[0.0081,0.9919],"evs":[0.0,8.64861]},"Q8s":{"weight":0.0,"played":[0.1462,0.8538],"evs":[0.0,7.39117]},"Q9s":{"weight":0.0,"played":[0.0,1.0],"evs":[0.0,21.04523]},"QTs":{"weight":0.0023,"played":[0.6336,0.3664],"evs":[0.0,4.05789]},"QJs":{"weight":0.1516,"played":[0.1577,0.8423],"evs":[0.0,19.6989]},"QQ":{"weight":0.2163,"played":[0.1205,0.8795],"evs":[0.0,18.9971]},"KQo":{"weight":0.0933,"played":[0.0,1.0],"evs":[0.0,5.74495]},"AQo":{"weight":0.0298,"played":[0.327,0.673],"evs":[0.0,0.14332]},"K2s":{"weight":0.0,"played":[0.3222,0.6778],"evs":[0.0,9.33981]},"K3s":{"weight":0.0,"played":[0.693,0.307],"evs":[0.0,-1.44524]},"K4s":{"weight":0.0,"played":[0.0,1.0],"evs":[0.0,-3.00776]},"K5s":{"weight":0.0,"played":[0.5173,0.4827],"evs":[0.0,1.15618]},"K6s":{"weight":0.0,"played":[0.2385,0.7615],"evs":[0.0,9.7357]},"K7s":{"weight":1.0E-4,"played":[0.3749,0.6251],"evs":[0.0,4.72344]},"K8s":{"weight":0.0,"played":[0.1485,0.8515],"evs":[0.0,4.5151]},"K9s":{"weight":0.0,"played":[0.7176,0.2824],"evs":[0.0,5.11049]},"KTs":{"weight":0.067,"played":[0.0034,0.9966],"evs":[0.0,8.8663]},"KJs":{"weight":0.6823,"played":[0.406,0.594],"evs":[0.0,5.32766]},"KQs":{"weight":0.3132,"played":[0.0,1.0],"evs":[0.0,16.53454]},"KK":{"weight":0.0366,"played":[0.2971,0.7029],"evs":[0.0,8.1353]},"AKo":{"weight":0.0423,"played":[0.3355,0.6645],"evs":[0.0,18.75127]},"A2s":{"weight":0.0,"played":[0.7833,0.2167],"evs":[0.0,-3.00776]},"A3s":{"weight":0.0,"played":[0.1399,0.8601],"evs":[0.0,4.45029]},"A4s":{"weight":0.0,"played":[0.2392,0.7608],"evs":[0.0,-1.24482]},"A5s":{"weight":0.0,"played":[0.9533,0.0467],"evs":[0.0,-3.00776]},"A6s":{"weight":1.0E-4,"played":[0.3042,0.6958],"evs":[0.0,-0.32016]},"A7s":{"weight":1.0E-4,"played":[0.0,1.0],"evs":[0.0,8.54009]},"A8s":{"weight":0.0,"played":[0.2151,0.7849],"evs":[0.0,8.67866]},"A9s":{"weight":0.0539,"played":[0.5173,0.4827],"evs":[0.0,1.29966]},"ATs":{"weight":0.2035,"played":[0.0563,0.9437],"evs":[0.0,7.47462]},"AJs":{"weight":0.0992,"played":[0.0,1.0],"evs":[0.0,14.41813]},"AQs":{"weight":0.1043,"played":[0.019,0.981],"evs":[0.0,21.55896]},"AKs":{"weight":0.0168,"played":[0.0015,0.9985],"evs":[0.0,3.6194]},"AA":{"weight":0.1196,"played":[0.9989,0.0011],"evs":[0.0,15.43483]}}}