{"player":3,"street":0,"children":3,"sequence":[{"player":0,"type":"F","amount":0,"street":0},{"player":1,"type":"R","amount":925000,"street":0},{"player":2,"type":"C","amount":925000,"street":0}],"actions":[{"type":"F","amount":0,"node":110},{"type":"C","amount":925000,"node":119},{"type":"R","amount":2335000,"node":129}],"hands":{"22":{"weight":1.0,"played":[0.9998,0.0,2.0E-4],"evs":[0.0,-0.53169,-0.46246]},"32o":{"weight":1.0,"played":[1.0,0.0,0.0],"evs":[0.0,-2.97733,-3.44278]},"42o":{"weight":1.0,"played":[1.0,0.0,0.0],"evs":[0.0,-2.83744,-3.25559]},"52o":{"weight":1.0,"played":[1.0,0.0,0.0],"evs":[0.0,-2.77827,-3.16037]},"62o":{"weight":1.0,"played":[1.0,0.0,0.0],"evs":[0.0,-2.89092,-3.36182]},"72o":{"weight":1.0,"played":[1.0,0.0,0.0],"evs":[0.0,-3.16762,-3.69114]},"82o":{"weight":1.0,"played":[1.0,0.0,0.0],"evs":[0.0,-3.04113,-3.47294]},"92o":{"weight":1.0,"played":[1.0,0.0,0.0],"evs":[0.0,-3.123,-3.54376]},"T2o":{"weight":1.0,"played":[1.0,0.0,0.0],"evs":[0.0,-3.02063,-3.30139]},"J2o":{"weight":1.0,"played":[1.0,0.0,0.0],"evs":[0.0,-2.92938,-3.18753]},"Q2o":{"weight":1.0,"played":[1.0,0.0,0.0],"evs":[0.0,-2.64444,-2.84842]},"K2o":{"weight":1.0,"played":[1.0,0.0,0.0],"evs":[0.0,-2.47153,-2.62946]},"A2o":{"weight":1.0,"played":[1.0,0.0,0.0],"evs":[0.0,-2.77655,-2.84098]},"32s":{"weight":1.0,"played":[1.0,0.0,0.0],"evs":[0.0,-1.87859,-2.17441]},"33":{"weight":1.0,"played":[0.99,0.0028,0.0072],"evs":[0.0,-0.23508,-0.22528]},"43o":{"weight":1.0,"played":[1.0,0.0,0.0],"evs":[0.0,-2.4135,-2.74474]},"53o":{"weight":1.0,"played":[1.0,0.0,0.0],"evs":[0.0,-2.3699,-2.70228]},"63o":{"weight":1.0,"played":[1.0,0.0,0.0],"evs":[0.0,-2.48067,-2.83468]},"73o":{"weight":1.0,"played":[1.0,0.0,0.0],"evs":[0.0,-2.81708,-3.20576]},"83o":{"weight":1.0,"played":[1.0,0.0,0.0],"evs":[0.0,-3.01646,-3.40922]},"93o":{"weight":1.0,"played":[1.0,0.0,0.0],"evs":[0.0,-3.02005,-3.3906]},"T3o":{"weight":1.0,"played":[1.0,0.0,0.0],"evs":[0.0,-2.92666,-3.1587]},"J3o":{"weight":1.0,"played":[1.0,0.0,0.0],"evs":[0.0,-2.82986,-3.07478]},"Q3o":{"weight":1.0,"played":[1.0,0.0,0.0],"evs":[0.0,-2.62167,-2.78843]},"K3o":{"weight":1.0,"played":[1.0,0.0,0.0],"evs":[0.0,-2.39238,-2.52915]},"A3o":{"weight":1.0,"played":[1.0,0.0,0.0],"evs":[0.0,-2.64722,-2.67671]},"42s":{"weight":1.0,"played":[1.0,0.0,0.0],"evs":[0.0,-1.75993,-2.00658]},"43s":{"weight":1.0,"played":[1.0,0.0,0.0],"evs":[0.0,-1.30948,-1.52537]},"44":{"weight":1.0,"played":[0.2616,9.0E-4,0.7374],"evs":[0.0,0.0505,0.05928]},"54o":{"weight":1.0,"played":[1.0,0.0,0.0],"evs":[0.0,-1.76929,-2.02761]},"64o":{"weight":1.0,"played":[1.0,0.0,0.0],"evs":[0.0,-1.97624,-2.30557]},"74o":{"weight":1.0,"played":[1.0,0.0,0.0],"evs":[0.0,-2.40622,-2.70929]},"84o":{"weight":1.0,"played":[1.0,0.0,0.0],"evs":[0.0,-2.62419,-2.92328]},"94o":{"weight":1.0,"played":[1.0,0.0,0.0],"evs":[0.0,-2.9758,-3.33293]},"T4o":{"weight":1.0,"played":[1.0,0.0,0.0],"evs":[0.0,-2.87646,-3.11564]},"J4o":{"weight":1.0,"played":[1.0,0.0,0.0],"evs":[0.0,-2.69563,-2.89358]},"Q4o":{"weight":1.0,"played":[1.0,0.0,0.0],"evs":[0.0,-2.47264,-2.64634]},"K4o":{"weight":1.0,"played":[1.0,0.0,0.0],"evs":[0.0,-2.2077,-2.35206]},"A4o":{"weight":1.0,"played":[1.0,0.0,0.0],"evs":[0.0,-2.51772,-2.5447]},"52s":{"weight":1.0,"played":[1.0,0.0,0.0],"evs":[0.0,-1.6785,-1.91203]},"53s":{"weight":1.0,"played":[1.0,0.0,0.0],"evs":[0.0,-1.20572,-1.43554]},"54s":{"weight":1.0,"played":[1.0,0.0,0.0],"evs":[0.0,-0.72484,-0.91663]},"55":{"weight":1.0,"played":[0.0,0.6969,0.3031],"evs":[0.0,0.53496,0.51996]},"65o":{"weight":1.0,"played":[1.0,0.0,0.0],"evs":[0.0,-1.64258,-1.87382]},"75o":{"weight":1.0,"played":[1.0,0.0,0.0],"evs":[0.0,-1.92143,-2.19416]},"85o":{"weight":1.0,"played":[1.0,0.0,0.0],"evs":[0.0,-2.17105,-2.42285]},"95o":{"weight":1.0,"played":[1.0,0.0,0.0],"evs":[0.0,-2.57717,-2.83145]},"T5o":{"weight":1.0,"played":[1.0,0.0,0.0],"evs":[0.0,-2.87674,-3.06087]},"J5o":{"weight":1.0,"played":[1.0,0.0,0.0],"evs":[0.0,-2.57869,-2.75265]},"Q5o":{"weight":1.0,"played":[1.0,0.0,0.0],"evs":[0.0,-2.3947,-2.53296]},"K5o":{"weight":1.0,"played":[1.0,0.0,0.0],"evs":[0.0,-2.09007,-2.22837]},"A5o":{"weight":1.0,"played":[1.0,0.0,0.0],"evs":[0.0,-2.28869,-2.31728]},"62s":{"weight":1.0,"played":[1.0,0.0,0.0],"evs":[0.0,-1.87334,-2.14879]},"63s":{"weight":1.0,"played":[1.0,0.0,0.0],"evs":[0.0,-1.3929,-1.61558]},"64s":{"weight":1.0,"played":[1.0,0.0,0.0],"evs":[0.0,-0.96119,-1.16876]},"65s":{"weight":1.0,"played":[1.0,0.0,0.0],"evs":[0.0,-0.5443,-0.71836]},"66":{"weight":1.0,"played":[0.0,0.4568,0.5432],"evs":[0.0,1.17881,1.17301]},"76o":{"weight":1.0,"played":[1.0,0.0,0.0],"evs":[0.0,-1.54541,-1.74951]},"86o":{"weight":1.0,"played":[1.0,0.0,0.0],"evs":[0.0,-1.68834,-1.90463]},"96o":{"weight":1.0,"played":[1.0,0.0,0.0],"evs":[0.0,-2.13399,-2.36376]},"T6o":{"weight":1.0,"played":[1.0,0.0,0.0],"evs":[0.0,-2.32466,-2.46208]},"J6o":{"weight":1.0,"played":[1.0,0.0,0.0],"evs":[0.0,-2.44603,-2.60999]},"Q6o":{"weight":1.0,"played":[1.0,0.0,0.0],"evs":[0.0,-2.16839,-2.31239]},"K6o":{"weight":1.0,"played":[1.0,0.0,0.0],"evs":[0.0,-1.89226,-2.0361]},"A6o":{"weight":1.0,"played":[1.0,0.0,0.0],"evs":[0.0,-2.57006,-2.6097]},"72s":{"weight":1.0,"played":[1.0,0.0,0.0],"evs":[0.0,-2.19229,-2.48466]},"73s":{"weight":1.0,"played":[1.0,0.0,0.0],"evs":[0.0,-1.82248,-2.00555]},"74s":{"weight":1.0,"played":[1.0,0.0,0.0],"evs":[0.0,-1.22968,-1.43488]},"75s":{"weight":1.0,"played":[0.9999,0.0,1.0E-4],"evs":[0.0,-0.87914,-1.05753]},"76s":{"weight":1.0,"played":[0.9992,6.0E-4,2.0E-4],"evs":[0.0,-0.43674,-0.57565]},"77":{"weight":1.0,"played":[0.0,0.0267,0.9733],"evs":[0.0,1.7744,1.79206]},"87o":{"weight":1.0,"played":[1.0,0.0,0.0],"evs":[0.0,-1.40147,-1.56991]},"97o":{"weight":1.0,"played":[1.0,0.0,0.0],"evs":[0.0,-1.77354,-1.95074]},"T7o":{"weight":1.0,"played":[1.0,0.0,0.0],"evs":[0.0,-1.96833,-2.10399]},"J7o":{"weight":1.0,"played":[1.0,0.0,0.0],"evs":[0.0,-2.15995,-2.28125]},"Q7o":{"weight":1.0,"played":[1.0,0.0,0.0],"evs":[0.0,-2.11786,-2.24728]},"K7o":{"weight":1.0,"played":[1.0,0.0,0.0],"evs":[0.0,-1.88001,-1.99656]},"A7o":{"weight":1.0,"played":[1.0,0.0,0.0],"evs":[0.0,-2.30487,-2.30369]},"82s":{"weight":1.0,"played":[1.0,0.0,0.0],"evs":[0.0,-2.00345,-2.22376]},"83s":{"weight":1.0,"played":[1.0,0.0,0.0],"evs":[0.0,-1.94756,-2.18889]},"84s":{"weight":1.0,"played":[1.0,0.0,0.0],"evs":[0.0,-1.49488,-1.70626]},"85s":{"weight":1.0,"played":[1.0,0.0,0.0],"evs":[0.0,-1.06689,-1.23634]},"86s":{"weight":1.0,"played":[1.0,0.0,0.0],"evs":[0.0,-0.67448,-0.83881]},"87s":{"weight":1.0,"played":[0.9988,7.0E-4,6.0E-4],"evs":[0.0,-0.27781,-0.39086]},"88":{"weight":1.0,"played":[0.0,0.0863,0.9137],"evs":[0.0,2.59333,2.60032]},"98o":{"weight":1.0,"played":[1.0,0.0,0.0],"evs":[0.0,-1.38881,-1.52791]},"T8o":{"weight":1.0,"played":[1.0,0.0,0.0],"evs":[0.0,-1.4817,-1.57655]},"J8o":{"weight":1.0,"played":[1.0,0.0,0.0],"evs":[0.0,-1.6462,-1.74732]},"Q8o":{"weight":1.0,"played":[1.0,0.0,0.0],"evs":[0.0,-1.75393,-1.86785]},"K8o":{"weight":1.0,"played":[1.0,0.0,0.0],"evs":[0.0,-1.82504,-1.90268]},"A8o":{"weight":1.0,"played":[1.0,0.0,0.0],"evs":[0.0,-1.9282,-1.89623]},"92s":{"weight":1.0,"played":[1.0,0.0,0.0],"evs":[0.0,-2.03774,-2.28131]},"93s":{"weight":1.0,"played":[1.0,0.0,0.0],"evs":[0.0,-2.02792,-2.23767]},"94s":{"weight":1.0,"played":[1.0,0.0,0.0],"evs":[0.0,-1.82364,-2.04992]},"95s":{"weight":1.0,"played":[1.0,0.0,0.0],"evs":[0.0,-1.45841,-1.63075]},"96s":{"weight":1.0,"played":[0.9999,0.0,0.0],"evs":[0.0,-1.10156,-1.27106]},"97s":{"weight":1.0,"played":[0.9995,3.0E-4,1.0E-4],"evs":[0.0,-0.64308,-0.77169]},"98s":{"weight":1.0,"played":[0.9794,0.0144,0.0063],"evs":[0.0,-0.27277,-0.36632]},"99":{"weight":1.0,"played":[0.0,0.2042,0.7958],"evs":[0.0,3.47645,3.49431]},"T9o":{"weight":1.0,"played":[1.0,0.0,0.0],"evs":[0.0,-1.269,-1.34919]},"J9o":{"weight":1.0,"played":[1.0,0.0,0.0],"evs":[0.0,-1.45475,-1.5114]},"Q9o":{"weight":1.0,"played":[1.0,0.0,0.0],"evs":[0.0,-1.48509,-1.56837]},"K9o":{"weight":1.0,"played":[1.0,0.0,0.0],"evs":[0.0,-1.55399,-1.66029]},"A9o":{"weight":1.0,"played":[1.0,0.0,0.0],"evs":[0.0,-1.47505,-1.42339]},"T2s":{"weight":1.0,"played":[1.0,0.0,0.0],"evs":[0.0,-1.88004,-2.03209]},"T3s":{"weight":1.0,"played":[1.0,0.0,0.0],"evs":[0.0,-1.78771,-1.93155]},"T4s":{"weight":1.0,"played":[1.0,0.0,0.0],"evs":[0.0,-1.56664,-1.72665]},"T5s":{"weight":1.0,"played":[1.0,0.0,0.0],"evs":[0.0,-1.53163,-1.70348]},"T6s":{"weight":1.0,"played":[1.0,0.0,0.0],"evs":[0.0,-1.15239,-1.26199]},"T7s":{"weight":1.0,"played":[1.0,0.0,0.0],"evs":[0.0,-0.81253,-0.87396]},"T8s":{"weight":1.0,"played":[0.9801,0.012,0.0079],"evs":[0.0,-0.40459,-0.45171]},"T9s":{"weight":1.0,"played":[0.7794,0.146,0.0746],"evs":[0.0,-0.19421,-0.22884]},"TT":{"weight":1.0,"played":[0.0,0.2695,0.7305],"evs":[0.0,5.05528,5.06718]},"JTo":{"weight":1.0,"played":[0.9999,0.0,0.0],"evs":[0.0,-0.80564,-0.78884]},"QTo":{"weight":1.0,"played":[1.0,0.0,0.0],"evs":[0.0,-0.83341,-0.85922]},"KTo":{"weight":1.0,"played":[0.9999,1.0E-4,0.0],"evs":[0.0,-0.86333,-0.86678]},"ATo":{"weight":1.0,"played":[0.276,6.0E-4,0.7234],"evs":[0.0,-0.00305,0.07437]},"J2s":{"weight":1.0,"played":[1.0,0.0,0.0],"evs":[0.0,-1.76766,-1.9042]},"J3s":{"weight":1.0,"played":[1.0,0.0,0.0],"evs":[0.0,-1.58622,-1.74753]},"J4s":{"weight":1.0,"played":[1.0,0.0,0.0],"evs":[0.0,-1.51439,-1.66529]},"J5s":{"weight":1.0,"played":[1.0,0.0,0.0],"evs":[0.0,-1.41075,-1.53627]},"J6s":{"weight":1.0,"played":[1.0,0.0,0.0],"evs":[0.0,-1.35721,-1.46704]},"J7s":{"weight":1.0,"played":[1.0,0.0,0.0],"evs":[0.0,-1.04712,-1.11683]},"J8s":{"weight":1.0,"played":[1.0,0.0,0.0],"evs":[0.0,-0.51506,-0.59961]},"J9s":{"weight":1.0,"played":[0.9882,0.0,0.0118],"evs":[0.0,-0.36244,-0.42168]},"JTs":{"weight":1.0,"played":[0.1117,0.4001,0.4881],"evs":[0.0,0.21926,0.21897]},"JJ":{"weight":1.0,"played":[0.0,0.7533,0.2467],"evs":[0.0,6.6004,6.58651]},"QJo":{"weight":1.0,"played":[1.0,0.0,0.0],"evs":[0.0,-0.53086,-0.54823]},"KJo":{"weight":1.0,"played":[0.9985,3.0E-4,0.0013],"evs":[0.0,-0.4731,-0.47457]},"AJo":{"weight":1.0,"played":[0.0,0.0028,0.9972],"evs":[0.0,1.29285,1.33818]},"Q2s":{"weight":1.0,"played":[1.0,0.0,0.0],"evs":[0.0,-1.53152,-1.65718]},"Q3s":{"weight":1.0,"played":[0.9999,0.0,0.0],"evs":[0.0,-1.46698,-1.60496]},"Q4s":{"weight":1.0,"played":[1.0,0.0,0.0],"evs":[0.0,-1.24579,-1.34989]},"Q5s":{"weight":1.0,"played":[1.0,0.0,0.0],"evs":[0.0,-1.14994,-1.24466]},"Q6s":{"weight":1.0,"played":[1.0,0.0,0.0],"evs":[0.0,-0.9532,-1.07309]},"Q7s":{"weight":1.0,"played":[0.9999,0.0,0.0],"evs":[0.0,-0.89853,-1.00286]},"Q8s":{"weight":1.0,"played":[1.0,0.0,0.0],"evs":[0.0,-0.61399,-0.69214]},"Q9s":{"weight":1.0,"played":[0.9989,8.0E-4,3.0E-4],"evs":[0.0,-0.40875,-0.47672]},"QTs":{"weight":1.0,"played":[0.3684,0.5933,0.0383],"evs":[0.0,0.1964,0.18615]},"QJs":{"weight":1.0,"played":[0.0011,0.9543,0.0447],"evs":[0.0,0.47201,0.47484]},"QQ":{"weight":1.0,"played":[0.0,0.7259,0.2741],"evs":[0.0,8.37331,8.35345]},"KQo":{"weight":1.0,"played":[0.0987,0.3519,0.5494],"evs":[0.0,0.2561,0.2626]},"AQo":{"weight":1.0,"played":[0.0,0.0389,0.9611],"evs":[0.0,2.63157,2.66674]},"K2s":{"weight":1.0,"played":[1.0,0.0,0.0],"evs":[0.0,-1.27806,-1.41289]},"K3s":{"weight":1.0,"played":[1.0,0.0,0.0],"evs":[0.0,-1.16429,-1.2582]},"K4s":{"weight":1.0,"played":[1.0,0.0,0.0],"evs":[0.0,-0.96221,-1.06595]},"K5s":{"weight":1.0,"played":[1.0,0.0,0.0],"evs":[0.0,-0.87217,-0.9313]},"K6s":{"weight":1.0,"played":[0.9998,1.0E-4,1.0E-4],"evs":[0.0,-0.7855,-0.88493]},"K7s":{"weight":1.0,"played":[0.9998,2.0E-4,1.0E-4],"evs":[0.0,-0.62063,-0.73749]},"K8s":{"weight":1.0,"played":[0.9998,0.0,1.0E-4],"evs":[0.0,-0.59211,-0.66804]},"K9s":{"weight":1.0,"played":[0.9969,0.0016,0.0015],"evs":[0.0,-0.37877,-0.41922]},"KTs":{"weight":1.0,"played":[0.1231,0.8021,0.0747],"evs":[0.0,0.26044,0.23478]},"KJs":{"weight":1.0,"played":[0.0,0.0147,0.9853],"evs":[0.0,0.70738,0.72178]},"KQs":{"weight":1.0,"played":[0.0,0.9577,0.0423],"evs":[0.0,1.21637,1.20278]},"KK":{"weight":1.0,"played":[0.0,0.3125,0.6875],"evs":[0.0,10.39054,10.3856]},"AKo":{"weight":1.0,"played":[0.0,2.0E-4,0.9998],"evs":[0.0,3.95902,3.97672]},"A2s":{"weight":1.0,"played":[1.0,0.0,0.0],"evs":[0.0,-1.47764,-1.50679]},"A3s":{"weight":1.0,"played":[1.0,0.0,0.0],"evs":[0.0,-1.40714,-1.39084]},"A4s":{"weight":1.0,"played":[0.9997,1.0E-4,2.0E-4],"evs":[0.0,-1.26533,-1.31671]},"A5s":{"weight":1.0,"played":[0.9995,3.0E-4,2.0E-4],"evs":[0.0,-1.06247,-1.06992]},"A6s":{"weight":1.0,"played":[0.9998,1.0E-4,1.0E-4],"evs":[0.0,-1.17156,-1.18526]},"A7s":{"weight":1.0,"played":[0.9988,7.0E-4,5.0E-4],"evs":[0.0,-1.01732,-0.98762]},"A8s":{"weight":1.0,"played":[0.9946,0.0029,0.0025],"evs":[0.0,-0.69248,-0.6646]},"A9s":{"weight":1.0,"played":[0.8651,0.0643,0.0705],"evs":[0.0,-0.22422,-0.16063]},"ATs":{"weight":1.0,"played":[0.0,0.1039,0.8961],"evs":[0.0,1.24783,1.32893]},"AJs":{"weight":1.0,"played":[0.0,0.0153,0.9847],"evs":[0.0,2.32371,2.36036]},"AQs":{"weight":1.0,"played":[0.0,0.0543,0.9457],"evs":[0.0,3.544,3.58464]},"AKs":{"weight":1.0,"played":[0.0,0.0193,0.9807],"evs":[0.0,4.85725,4.88528]},"AA":{"weight":1.0,"played":[0.0,0.1481,0.8519],"evs":[0.0,14.22128,14.24132]}}}