{"player":5,"street":0,"children":3,"sequence":[{"player":0,"type":"F","amount":0,"street":0},{"player":1,"type":"R","amount":925000,"street":0},{"player":2,"type":"C","amount":925000,"street":0},{"player":3,"type":"C","amount":925000,"street":0},{"player":4,"type":"F","amount":0,"street":0}],"actions":[{"type":"F","amount":0},{"type":"C","amount":825000},{"type":"R","amount":2335000,"node":121}],"hands":{"22":{"weight":1.0,"played":[0.9996,4.0E-4,0.0],"evs":[0.0,-1.6831,-3.33857]},"32o":{"weight":1.0,"played":[1.0,0.0,0.0],"evs":[0.0,-3.38566,-6.7969]},"42o":{"weight":1.0,"played":[1.0,0.0,0.0],"evs":[0.0,-3.21782,-6.7272]},"52o":{"weight":1.0,"played":[0.9999,1.0E-4,0.0],"evs":[0.0,-3.42707,-6.67694]},"62o":{"weight":1.0,"played":[1.0,0.0,0.0],"evs":[0.0,-3.12968,-6.51857]},"72o":{"weight":1.0,"played":[1.0,0.0,0.0],"evs":[0.0,-3.44157,-7.07603]},"82o":{"weight":1.0,"played":[1.0,0.0,0.0],"evs":[0.0,-3.4474,-6.8355]},"92o":{"weight":1.0,"played":[1.0,0.0,0.0],"evs":[0.0,-3.50949,-7.22143]},"T2o":{"weight":1.0,"played":[1.0,0.0,0.0],"evs":[0.0,-4.15292,-7.89753]},"J2o":{"weight":1.0,"played":[1.0,0.0,0.0],"evs":[0.0,-3.3013,-6.83036]},"Q2o":{"weight":1.0,"played":[1.0,0.0,0.0],"evs":[0.0,-3.3357,-6.7893]},"K2o":{"weight":1.0,"played":[0.9999,1.0E-4,0.0],"evs":[0.0,-2.40554,-5.10272]},"A2o":{"weight":1.0,"played":[0.9992,3.0E-4,5.0E-4],"evs":[0.0,-2.50435,-4.32581]},"32s":{"weight":1.0,"played":[0.9995,5.0E-4,0.0],"evs":[0.0,-2.69639,-5.60695]},"33":{"weight":1.0,"played":[0.9995,4.0E-4,1.0E-4],"evs":[0.0,-1.48376,-3.01602]},"43o":{"weight":1.0,"played":[1.0,0.0,0.0],"evs":[0.0,-2.9397,-6.12657]},"53o":{"weight":1.0,"played":[1.0,0.0,0.0],"evs":[0.0,-2.51054,-5.4304]},"63o":{"weight":1.0,"played":[1.0,0.0,0.0],"evs":[0.0,-3.01964,-5.94988]},"73o":{"weight":1.0,"played":[1.0,0.0,0.0],"evs":[0.0,-3.0377,-6.19583]},"83o":{"weight":1.0,"played":[0.9999,1.0E-4,0.0],"evs":[0.0,-3.70143,-7.13934]},"93o":{"weight":1.0,"played":[1.0,0.0,0.0],"evs":[0.0,-3.79451,-7.78354]},"T3o":{"weight":1.0,"played":[1.0,0.0,0.0],"evs":[0.0,-3.87888,-7.33836]},"J3o":{"weight":1.0,"played":[1.0,0.0,0.0],"evs":[0.0,-3.38157,-6.82979]},"Q3o":{"weight":1.0,"played":[1.0,0.0,0.0],"evs":[0.0,-3.46512,-6.8508]},"K3o":{"weight":1.0,"played":[1.0,0.0,0.0],"evs":[0.0,-2.3168,-5.1157]},"A3o":{"weight":1.0,"played":[1.0,0.0,0.0],"evs":[0.0,-2.53061,-4.64056]},"42s":{"weight":1.0,"played":[0.9998,0.0,2.0E-4],"evs":[0.0,-2.49133,-5.2964]},"43s":{"weight":1.0,"played":[0.9998,1.0E-4,0.0],"evs":[0.0,-1.32879,-3.6727]},"44":{"weight":1.0,"played":[0.9951,0.004,9.0E-4],"evs":[0.0,-1.15345,-2.37661]},"54o":{"weight":1.0,"played":[1.0,0.0,0.0],"evs":[0.0,-2.25231,-5.06173]},"64o":{"weight":1.0,"played":[0.9999,0.0,0.0],"evs":[0.0,-2.54657,-5.1244]},"74o":{"weight":1.0,"played":[1.0,0.0,0.0],"evs":[0.0,-2.51439,-5.47797]},"84o":{"weight":1.0,"played":[1.0,0.0,0.0],"evs":[0.0,-3.20155,-6.28406]},"94o":{"weight":1.0,"played":[1.0,0.0,0.0],"evs":[0.0,-3.52503,-7.12713]},"T4o":{"weight":1.0,"played":[1.0,0.0,0.0],"evs":[0.0,-3.54258,-6.83448]},"J4o":{"weight":1.0,"played":[1.0,0.0,0.0],"evs":[0.0,-3.63952,-6.8746]},"Q4o":{"weight":1.0,"played":[0.9997,3.0E-4,0.0],"evs":[0.0,-3.3617,-6.71495]},"K4o":{"weight":1.0,"played":[1.0,0.0,0.0],"evs":[0.0,-2.38782,-4.83589]},"A4o":{"weight":1.0,"played":[1.0,0.0,0.0],"evs":[0.0,-2.22575,-3.70901]},"52s":{"weight":1.0,"played":[0.9993,5.0E-4,1.0E-4],"evs":[0.0,-2.33801,-4.67384]},"53s":{"weight":1.0,"played":[0.9977,0.0023,0.0],"evs":[0.0,-1.78851,-3.74839]},"54s":{"weight":1.0,"played":[0.7436,0.2564,0.0],"evs":[0.0,-0.69289,-2.28844]},"55":{"weight":1.0,"played":[0.9905,0.0041,0.0053],"evs":[0.0,-1.43364,-2.50801]},"65o":{"weight":1.0,"played":[1.0,0.0,0.0],"evs":[0.0,-2.29849,-4.55023]},"75o":{"weight":1.0,"played":[0.9999,1.0E-4,1.0E-4],"evs":[0.0,-2.33363,-4.81645]},"85o":{"weight":1.0,"played":[0.9999,0.0,0.0],"evs":[0.0,-2.68055,-5.34113]},"95o":{"weight":1.0,"played":[0.9999,1.0E-4,0.0],"evs":[0.0,-3.34125,-6.55159]},"T5o":{"weight":1.0,"played":[1.0,0.0,0.0],"evs":[0.0,-3.63436,-7.16906]},"J5o":{"weight":1.0,"played":[1.0,0.0,0.0],"evs":[0.0,-3.41484,-6.83656]},"Q5o":{"weight":1.0,"played":[1.0,0.0,0.0],"evs":[0.0,-3.50381,-6.84075]},"K5o":{"weight":1.0,"played":[0.9998,1.0E-4,0.0],"evs":[0.0,-2.52336,-4.85775]},"A5o":{"weight":1.0,"played":[0.9999,1.0E-4,0.0],"evs":[0.0,-2.37674,-3.61474]},"62s":{"weight":1.0,"played":[0.9941,0.0059,0.0],"evs":[0.0,-1.66279,-4.33335]},"63s":{"weight":1.0,"played":[0.9951,0.0045,4.0E-4],"evs":[0.0,-1.78691,-3.93259]},"64s":{"weight":1.0,"played":[0.9952,0.0019,0.003],"evs":[0.0,-1.49538,-3.36224]},"65s":{"weight":1.0,"played":[0.9007,0.0984,9.0E-4],"evs":[0.0,-0.71909,-2.42778]},"66":{"weight":1.0,"played":[0.4248,0.0089,0.5663],"evs":[0.0,-0.56655,-0.42799]},"76o":{"weight":1.0,"played":[1.0,0.0,0.0],"evs":[0.0,-1.811,-3.87676]},"86o":{"weight":1.0,"played":[1.0,0.0,0.0],"evs":[0.0,-2.24721,-4.69738]},"96o":{"weight":1.0,"played":[0.9999,0.0,1.0E-4],"evs":[0.0,-2.87886,-5.59521]},"T6o":{"weight":1.0,"played":[0.9999,1.0E-4,1.0E-4],"evs":[0.0,-3.37681,-6.32162]},"J6o":{"weight":1.0,"played":[1.0,0.0,0.0],"evs":[0.0,-3.2531,-6.31]},"Q6o":{"weight":1.0,"played":[0.9999,1.0E-4,0.0],"evs":[0.0,-2.9854,-6.09888]},"K6o":{"weight":1.0,"played":[1.0,0.0,0.0],"evs":[0.0,-2.17924,-4.46861]},"A6o":{"weight":1.0,"played":[0.9999,0.0,0.0],"evs":[0.0,-2.78459,-4.17781]},"72s":{"weight":1.0,"played":[0.9999,1.0E-4,0.0],"evs":[0.0,-2.52412,-5.24043]},"73s":{"weight":1.0,"played":[0.9997,3.0E-4,0.0],"evs":[0.0,-2.34437,-4.54916]},"74s":{"weight":1.0,"played":[0.9231,0.0768,1.0E-4],"evs":[0.0,-1.63518,-3.66714]},"75s":{"weight":1.0,"played":[0.9881,0.0073,0.0046],"evs":[0.0,-0.90114,-2.72042]},"76s":{"weight":1.0,"played":[0.7311,0.2659,0.003],"evs":[0.0,-0.15443,-1.90937]},"77":{"weight":1.0,"played":[0.0,0.0652,0.9348],"evs":[0.0,0.88897,0.8717]},"87o":{"weight":1.0,"played":[0.9994,3.0E-4,2.0E-4],"evs":[0.0,-1.79391,-4.04478]},"97o":{"weight":1.0,"played":[1.0,0.0,0.0],"evs":[0.0,-2.19567,-4.38291]},"T7o":{"weight":1.0,"played":[0.9999,0.0,0.0],"evs":[0.0,-2.90354,-5.54225]},"J7o":{"weight":1.0,"played":[1.0,0.0,0.0],"evs":[0.0,-2.71787,-5.44433]},"Q7o":{"weight":1.0,"played":[0.9998,1.0E-4,1.0E-4],"evs":[0.0,-2.69946,-5.50759]},"K7o":{"weight":1.0,"played":[1.0,0.0,0.0],"evs":[0.0,-2.14708,-4.27277]},"A7o":{"weight":1.0,"played":[1.0,0.0,0.0],"evs":[0.0,-1.94955,-3.39809]},"82s":{"weight":1.0,"played":[0.9995,5.0E-4,0.0],"evs":[0.0,-2.85122,-5.42083]},"83s":{"weight":1.0,"played":[0.9997,3.0E-4,0.0],"evs":[0.0,-2.67303,-5.40112]},"84s":{"weight":1.0,"played":[1.0,0.0,0.0],"evs":[0.0,-2.05082,-4.36942]},"85s":{"weight":1.0,"played":[0.9999,1.0E-4,0.0],"evs":[0.0,-2.11975,-4.55068]},"86s":{"weight":1.0,"played":[0.9678,0.0311,0.0011],"evs":[0.0,-0.56608,-2.03173]},"87s":{"weight":1.0,"played":[0.9806,0.0194,0.0],"evs":[0.0,-1.3777,-2.959]},"88":{"weight":1.0,"played":[0.0014,0.006,0.9926],"evs":[0.0,0.88284,1.01788]},"98o":{"weight":1.0,"played":[1.0,0.0,0.0],"evs":[0.0,-1.78101,-3.95586]},"T8o":{"weight":1.0,"played":[1.0,0.0,0.0],"evs":[0.0,-2.14958,-4.72035]},"J8o":{"weight":1.0,"played":[1.0,0.0,0.0],"evs":[0.0,-2.6952,-5.34104]},"Q8o":{"weight":1.0,"played":[0.9998,2.0E-4,0.0],"evs":[0.0,-2.80498,-5.43974]},"K8o":{"weight":1.0,"played":[0.9998,1.0E-4,1.0E-4],"evs":[0.0,-2.7243,-5.05514]},"A8o":{"weight":1.0,"played":[0.9992,3.0E-4,5.0E-4],"evs":[0.0,-2.19671,-3.42732]},"92s":{"weight":1.0,"played":[0.9997,3.0E-4,1.0E-4],"evs":[0.0,-2.9973,-5.61209]},"93s":{"weight":1.0,"played":[0.9985,0.0014,1.0E-4],"evs":[0.0,-2.70199,-4.99722]},"94s":{"weight":1.0,"played":[0.9996,1.0E-4,3.0E-4],"evs":[0.0,-2.41993,-5.09839]},"95s":{"weight":1.0,"played":[0.9999,0.0,1.0E-4],"evs":[0.0,-2.26748,-4.94696]},"96s":{"weight":1.0,"played":[0.871,0.1287,3.0E-4],"evs":[0.0,-0.73224,-2.60707]},"97s":{"weight":1.0,"played":[0.9999,0.0,0.0],"evs":[0.0,-1.5945,-3.52581]},"98s":{"weight":1.0,"played":[0.9943,0.0045,0.0011],"evs":[0.0,-1.09592,-2.70175]},"99":{"weight":1.0,"played":[0.0,0.0017,0.9983],"evs":[0.0,1.14588,1.5914]},"T9o":{"weight":1.0,"played":[1.0,0.0,0.0],"evs":[0.0,-2.65269,-4.94021]},"J9o":{"weight":1.0,"played":[0.9995,5.0E-4,0.0],"evs":[0.0,-2.67299,-4.73022]},"Q9o":{"weight":1.0,"played":[1.0,0.0,0.0],"evs":[0.0,-2.57839,-4.93057]},"K9o":{"weight":1.0,"played":[0.9999,1.0E-4,1.0E-4],"evs":[0.0,-2.29313,-4.02961]},"A9o":{"weight":1.0,"played":[0.9997,1.0E-4,2.0E-4],"evs":[0.0,-2.07043,-3.19893]},"T2s":{"weight":1.0,"played":[1.0,0.0,0.0],"evs":[0.0,-2.71527,-5.38682]},"T3s":{"weight":1.0,"played":[0.9999,0.0,1.0E-4],"evs":[0.0,-2.39319,-4.95396]},"T4s":{"weight":1.0,"played":[0.9998,2.0E-4,0.0],"evs":[0.0,-2.97637,-5.56577]},"T5s":{"weight":1.0,"played":[0.9991,4.0E-4,4.0E-4],"evs":[0.0,-2.37807,-5.436]},"T6s":{"weight":1.0,"played":[0.9996,4.0E-4,0.0],"evs":[0.0,-2.2642,-4.65852]},"T7s":{"weight":1.0,"played":[0.9998,0.0,2.0E-4],"evs":[0.0,-1.584,-3.833]},"T8s":{"weight":1.0,"played":[0.9567,0.0411,0.0022],"evs":[0.0,-1.23191,-3.32606]},"T9s":{"weight":1.0,"played":[0.815,0.1371,0.0479],"evs":[0.0,-0.44861,-1.80609]},"TT":{"weight":1.0,"played":[0.0,0.0,1.0],"evs":[0.0,2.19619,2.55519]},"JTo":{"weight":1.0,"played":[0.9999,0.0,1.0E-4],"evs":[0.0,-1.87606,-3.88197]},"QTo":{"weight":1.0,"played":[0.9999,0.0,1.0E-4],"evs":[0.0,-2.24815,-4.69204]},"KTo":{"weight":1.0,"played":[0.9986,5.0E-4,9.0E-4],"evs":[0.0,-1.67893,-2.77344]},"ATo":{"weight":1.0,"played":[0.9978,0.0013,9.0E-4],"evs":[0.0,-1.15452,-1.36061]},"J2s":{"weight":1.0,"played":[0.9998,2.0E-4,0.0],"evs":[0.0,-2.43689,-4.98577]},"J3s":{"weight":1.0,"played":[0.9998,2.0E-4,0.0],"evs":[0.0,-1.65987,-4.18488]},"J4s":{"weight":1.0,"played":[0.9911,0.0087,2.0E-4],"evs":[0.0,-2.70506,-5.63342]},"J5s":{"weight":1.0,"played":[0.9984,2.0E-4,0.0013],"evs":[0.0,-2.76778,-5.39514]},"J6s":{"weight":1.0,"played":[0.9985,0.0011,4.0E-4],"evs":[0.0,-2.15161,-4.04485]},"J7s":{"weight":1.0,"played":[0.9982,8.0E-4,0.001],"evs":[0.0,-1.28761,-3.53961]},"J8s":{"weight":1.0,"played":[0.9268,0.0732,0.0],"evs":[0.0,-0.72247,-2.69599]},"J9s":{"weight":1.0,"played":[0.9469,0.0531,0.0],"evs":[0.0,-1.01344,-2.66335]},"JTs":{"weight":1.0,"played":[0.7359,0.2597,0.0044],"evs":[0.0,-0.27667,-1.60109]},"JJ":{"weight":1.0,"played":[0.0,0.0052,0.9948],"evs":[0.0,5.75447,6.38569]},"QJo":{"weight":1.0,"played":[0.9989,0.001,1.0E-4],"evs":[0.0,-1.47001,-2.75189]},"KJo":{"weight":1.0,"played":[0.999,2.0E-4,8.0E-4],"evs":[0.0,-1.28919,-1.92846]},"AJo":{"weight":1.0,"played":[0.7394,0.0606,0.2],"evs":[0.0,-0.96513,-0.93556]},"Q2s":{"weight":1.0,"played":[0.9997,2.0E-4,0.0],"evs":[0.0,-1.90668,-4.23015]},"Q3s":{"weight":1.0,"played":[0.9992,1.0E-4,7.0E-4],"evs":[0.0,-2.10423,-4.55015]},"Q4s":{"weight":1.0,"played":[0.9974,0.0026,0.0],"evs":[0.0,-1.77185,-4.3569]},"Q5s":{"weight":1.0,"played":[1.0,0.0,0.0],"evs":[0.0,-1.79985,-3.91]},"Q6s":{"weight":1.0,"played":[0.9999,0.0,1.0E-4],"evs":[0.0,-2.19648,-4.87278]},"Q7s":{"weight":1.0,"played":[0.9787,0.0048,0.0165],"evs":[0.0,-1.20235,-3.41704]},"Q8s":{"weight":1.0,"played":[0.9996,0.0,4.0E-4],"evs":[0.0,-1.45316,-3.28119]},"Q9s":{"weight":1.0,"played":[0.9495,0.0288,0.0217],"evs":[0.0,-1.19673,-2.52562]},"QTs":{"weight":1.0,"played":[0.9177,0.0794,0.0029],"evs":[0.0,-0.25099,-1.9032]},"QJs":{"weight":1.0,"played":[0.6283,0.3556,0.0161],"evs":[0.0,-0.1693,-0.76979]},"QQ":{"weight":1.0,"played":[0.0,0.0,1.0],"evs":[0.0,10.14469,11.23672]},"KQo":{"weight":1.0,"played":[0.9457,0.0158,0.0385],"evs":[0.0,-0.56176,-0.3994]},"AQo":{"weight":1.0,"played":[1.0E-4,0.0665,0.9335],"evs":[0.0,1.1169,1.56496]},"K2s":{"weight":1.0,"played":[0.999,6.0E-4,3.0E-4],"evs":[0.0,-1.16156,-3.15575]},"K3s":{"weight":1.0,"played":[0.9936,0.0053,0.0011],"evs":[0.0,-1.27911,-3.07573]},"K4s":{"weight":1.0,"played":[0.9997,2.0E-4,1.0E-4],"evs":[0.0,-0.98871,-2.71341]},"K5s":{"weight":1.0,"played":[0.9795,0.02,6.0E-4],"evs":[0.0,-0.88812,-2.33631]},"K6s":{"weight":1.0,"played":[0.9978,9.0E-4,0.0013],"evs":[0.0,-0.95886,-2.73622]},"K7s":{"weight":1.0,"played":[0.9986,0.0014,0.0],"evs":[0.0,-1.34096,-2.80094]},"K8s":{"weight":1.0,"played":[0.9265,0.0733,2.0E-4],"evs":[0.0,-0.78829,-2.74161]},"K9s":{"weight":1.0,"played":[0.9251,0.0707,0.0042],"evs":[0.0,-0.87472,-2.26834]},"KTs":{"weight":1.0,"played":[0.9026,0.0892,0.0081],"evs":[0.0,-0.00402,-0.44579]},"KJs":{"weight":1.0,"played":[0.3499,0.598,0.0522],"evs":[0.0,-0.02999,-0.52475]},"KQs":{"weight":1.0,"played":[0.4998,0.2256,0.2746],"evs":[0.0,0.94817,1.07143]},"KK":{"weight":1.0,"played":[0.0,0.0,1.0],"evs":[0.0,14.47794,15.56978]},"AKo":{"weight":1.0,"played":[0.0,0.0014,0.9986],"evs":[0.0,2.42664,2.85113]},"A2s":{"weight":1.0,"played":[0.9997,2.0E-4,1.0E-4],"evs":[0.0,-1.38579,-2.45734]},"A3s":{"weight":1.0,"played":[0.9915,0.0078,7.0E-4],"evs":[0.0,-0.79581,-1.59292]},"A4s":{"weight":1.0,"played":[0.985,0.0073,0.0077],"evs":[0.0,-1.04147,-2.13225]},"A5s":{"weight":1.0,"played":[0.9592,0.0408,0.0],"evs":[0.0,-1.1583,-2.08417]},"A6s":{"weight":1.0,"played":[0.9966,0.0034,0.0],"evs":[0.0,-1.17777,-1.9787]},"A7s":{"weight":1.0,"played":[0.9651,0.0266,0.0083],"evs":[0.0,-0.90049,-1.56561]},"A8s":{"weight":1.0,"played":[0.9604,0.03,0.0096],"evs":[0.0,-0.75765,-1.21463]},"A9s":{"weight":1.0,"played":[0.8748,0.1141,0.0111],"evs":[0.0,-0.93574,-1.67885]},"ATs":{"weight":1.0,"played":[0.0689,0.5964,0.3347],"evs":[0.0,0.48435,0.31911]},"AJs":{"weight":1.0,"played":[0.0039,0.0893,0.9068],"evs":[0.0,1.10647,1.46391]},"AQs":{"weight":1.0,"played":[0.0054,0.0021,0.9925],"evs":[0.0,2.38262,2.64332]},"AKs":{"weight":1.0,"played":[1.0E-4,0.0024,0.9975],"evs":[0.0,4.82287,5.39437]},"AA":{"weight":1.0,"played":[0.0,0.0,1.0],"evs":[0.0,18.04846,19.24655]}}}