{"player":5,"street":0,"children":2,"sequence":[{"player":0,"type":"F","amount":0,"street":0},{"player":1,"type":"R","amount":925000,"street":0},{"player":2,"type":"C","amount":925000,"street":0},{"player":3,"type":"C","amount":925000,"street":0},{"player":4,"type":"R","amount":1345000,"street":0}],"actions":[{"type":"F","amount":0,"node":124},{"type":"R","amount":2335000,"node":126}],"hands":{"22":{"weight":1.0,"played":[0.918,0.082],"evs":[0.0,-2.65196]},"32o":{"weight":1.0,"played":[0.9988,0.0012],"evs":[0.0,-6.02385]},"42o":{"weight":1.0,"played":[0.9985,0.0015],"evs":[0.0,-5.08821]},"52o":{"weight":1.0,"played":[1.0,0.0],"evs":[0.0,-6.44293]},"62o":{"weight":1.0,"played":[0.9995,5.0E-4],"evs":[0.0,-5.68649]},"72o":{"weight":1.0,"played":[1.0,0.0],"evs":[0.0,-7.52184]},"82o":{"weight":1.0,"played":[0.9736,0.0264],"evs":[0.0,-5.96409]},"92o":{"weight":1.0,"played":[0.9999,1.0E-4],"evs":[0.0,-7.80562]},"T2o":{"weight":1.0,"played":[0.9999,1.0E-4],"evs":[0.0,-5.83996]},"J2o":{"weight":1.0,"played":[0.9949,0.0051],"evs":[0.0,-6.21061]},"Q2o":{"weight":1.0,"played":[0.9999,1.0E-4],"evs":[0.0,-7.05155]},"K2o":{"weight":1.0,"played":[0.9881,0.0119],"evs":[0.0,-6.93792]},"A2o":{"weight":1.0,"played":[0.9906,0.0094],"evs":[0.0,-5.64494]},"32s":{"weight":1.0,"played":[0.9987,0.0013],"evs":[0.0,-4.64392]},"33":{"weight":1.0,"played":[0.9424,0.0576],"evs":[0.0,-2.03337]},"43o":{"weight":1.0,"played":[1.0,0.0],"evs":[0.0,-4.55539]},"53o":{"weight":1.0,"played":[0.9899,0.0101],"evs":[0.0,-4.99697]},"63o":{"weight":1.0,"played":[0.9999,1.0E-4],"evs":[0.0,-4.67348]},"73o":{"weight":1.0,"played":[0.9994,6.0E-4],"evs":[0.0,-5.77563]},"83o":{"weight":1.0,"played":[0.9984,0.0016],"evs":[0.0,-7.75851]},"93o":{"weight":1.0,"played":[1.0,0.0],"evs":[0.0,-8.33336]},"T3o":{"weight":1.0,"played":[0.9838,0.0162],"evs":[0.0,-5.60683]},"J3o":{"weight":1.0,"played":[0.9928,0.0072],"evs":[0.0,-7.52904]},"Q3o":{"weight":1.0,"played":[0.9991,9.0E-4],"evs":[0.0,-6.04245]},"K3o":{"weight":1.0,"played":[0.9991,9.0E-4],"evs":[0.0,-6.49016]},"A3o":{"weight":1.0,"played":[0.9988,0.0012],"evs":[0.0,-4.19394]},"42s":{"weight":1.0,"played":[0.9909,0.0091],"evs":[0.0,-6.23323]},"43s":{"weight":1.0,"played":[0.7617,0.2383],"evs":[0.0,-3.37564]},"44":{"weight":1.0,"played":[0.5723,0.4277],"evs":[0.0,-3.01166]},"54o":{"weight":1.0,"played":[0.969,0.031],"evs":[0.0,-3.24918]},"64o":{"weight":1.0,"played":[1.0,0.0],"evs":[0.0,-5.11314]},"74o":{"weight":1.0,"played":[0.9956,0.0044],"evs":[0.0,-5.17219]},"84o":{"weight":1.0,"played":[1.0,0.0],"evs":[0.0,-5.23834]},"94o":{"weight":1.0,"played":[0.9998,2.0E-4],"evs":[0.0,-6.42352]},"T4o":{"weight":1.0,"played":[0.9999,1.0E-4],"evs":[0.0,-6.67472]},"J4o":{"weight":1.0,"played":[0.9992,8.0E-4],"evs":[0.0,-5.46112]},"Q4o":{"weight":1.0,"played":[0.9937,0.0063],"evs":[0.0,-5.94744]},"K4o":{"weight":1.0,"played":[0.9994,6.0E-4],"evs":[0.0,-5.01145]},"A4o":{"weight":1.0,"played":[0.9976,0.0024],"evs":[0.0,-4.80695]},"52s":{"weight":1.0,"played":[0.2838,0.7162],"evs":[0.0,-0.63745]},"53s":{"weight":1.0,"played":[0.7525,0.2475],"evs":[0.0,-3.60852]},"54s":{"weight":1.0,"played":[0.9954,0.0046],"evs":[0.0,-3.10289]},"55":{"weight":1.0,"played":[0.4625,0.5375],"evs":[0.0,0.18828]},"65o":{"weight":1.0,"played":[0.9807,0.0193],"evs":[0.0,-2.41023]},"75o":{"weight":1.0,"played":[0.994,0.006],"evs":[0.0,-5.113]},"85o":{"weight":1.0,"played":[0.9972,0.0028],"evs":[0.0,-3.22823]},"95o":{"weight":1.0,"played":[1.0,0.0],"evs":[0.0,-6.4267]},"T5o":{"weight":1.0,"played":[0.9999,1.0E-4],"evs":[0.0,-6.92874]},"J5o":{"weight":1.0,"played":[0.9948,0.0052],"evs":[0.0,-6.14877]},"Q5o":{"weight":1.0,"played":[0.9939,0.0061],"evs":[0.0,-6.97053]},"K5o":{"weight":1.0,"played":[0.9978,0.0022],"evs":[0.0,-4.80023]},"A5o":{"weight":1.0,"played":[0.9999,1.0E-4],"evs":[0.0,-4.92316]},"62s":{"weight":1.0,"played":[0.9984,0.0016],"evs":[0.0,-4.71527]},"63s":{"weight":1.0,"played":[0.9579,0.0421],"evs":[0.0,-4.2156]},"64s":{"weight":1.0,"played":[0.8629,0.1371],"evs":[0.0,0.12982]},"65s":{"weight":1.0,"played":[0.9692,0.0308],"evs":[0.0,-4.0651]},"66":{"weight":1.0,"played":[0.7617,0.2383],"evs":[0.0,-0.96807]},"76o":{"weight":1.0,"played":[0.9999,1.0E-4],"evs":[0.0,-2.9058]},"86o":{"weight":1.0,"played":[0.9718,0.0282],"evs":[0.0,-3.77099]},"96o":{"weight":1.0,"played":[0.9996,4.0E-4],"evs":[0.0,-2.28356]},"T6o":{"weight":1.0,"played":[0.9937,0.0063],"evs":[0.0,-3.50437]},"J6o":{"weight":1.0,"played":[0.9969,0.0031],"evs":[0.0,-6.00837]},"Q6o":{"weight":1.0,"played":[0.9891,0.0109],"evs":[0.0,-7.21898]},"K6o":{"weight":1.0,"played":[0.9768,0.0232],"evs":[0.0,-5.07974]},"A6o":{"weight":1.0,"played":[0.9991,9.0E-4],"evs":[0.0,-1.98762]},"72s":{"weight":1.0,"played":[0.6343,0.3657],"evs":[0.0,-3.55459]},"73s":{"weight":1.0,"played":[0.9966,0.0034],"evs":[0.0,-6.32282]},"74s":{"weight":1.0,"played":[0.9998,2.0E-4],"evs":[0.0,-6.4224]},"75s":{"weight":1.0,"played":[0.7423,0.2577],"evs":[0.0,-1.66673]},"76s":{"weight":1.0,"played":[0.7405,0.2595],"evs":[0.0,-2.41186]},"77":{"weight":1.0,"played":[0.0124,0.9876],"evs":[0.0,1.27539]},"87o":{"weight":1.0,"played":[0.9234,0.0766],"evs":[0.0,-3.20924]},"97o":{"weight":1.0,"played":[1.0,0.0],"evs":[0.0,-3.72354]},"T7o":{"weight":1.0,"played":[0.9987,0.0013],"evs":[0.0,-5.28797]},"J7o":{"weight":1.0,"played":[0.9995,5.0E-4],"evs":[0.0,-5.20447]},"Q7o":{"weight":1.0,"played":[0.9944,0.0056],"evs":[0.0,-4.67367]},"K7o":{"weight":1.0,"played":[0.9253,0.0747],"evs":[0.0,-2.76365]},"A7o":{"weight":1.0,"played":[0.9977,0.0023],"evs":[0.0,-4.76097]},"82s":{"weight":1.0,"played":[0.9978,0.0022],"evs":[0.0,-4.10111]},"83s":{"weight":1.0,"played":[0.6848,0.3152],"evs":[0.0,-3.91761]},"84s":{"weight":1.0,"played":[0.9974,0.0026],"evs":[0.0,-3.85342]},"85s":{"weight":1.0,"played":[0.6973,0.3027],"evs":[0.0,-4.29633]},"86s":{"weight":1.0,"played":[0.7288,0.2712],"evs":[0.0,-3.04103]},"87s":{"weight":1.0,"played":[0.2971,0.7029],"evs":[0.0,-0.04912]},"88":{"weight":1.0,"played":[0.5653,0.4347],"evs":[0.0,0.78318]},"98o":{"weight":1.0,"played":[0.9979,0.0021],"evs":[0.0,-4.6662]},"T8o":{"weight":1.0,"played":[0.9995,5.0E-4],"evs":[0.0,-3.57728]},"J8o":{"weight":1.0,"played":[0.9988,0.0012],"evs":[0.0,-5.72971]},"Q8o":{"weight":1.0,"played":[0.9994,6.0E-4],"evs":[0.0,-4.50551]},"K8o":{"weight":1.0,"played":[0.9998,2.0E-4],"evs":[0.0,-3.28085]},"A8o":{"weight":1.0,"played":[0.9931,0.0069],"evs":[0.0,-2.62795]},"92s":{"weight":1.0,"played":[0.6283,0.3717],"evs":[0.0,-2.71438]},"93s":{"weight":1.0,"played":[0.9363,0.0637],"evs":[0.0,-4.48125]},"94s":{"weight":1.0,"played":[0.9513,0.0487],"evs":[0.0,-8.47515]},"95s":{"weight":1.0,"played":[0.9256,0.0744],"evs":[0.0,-3.19111]},"96s":{"weight":1.0,"played":[0.6771,0.3229],"evs":[0.0,-1.24602]},"97s":{"weight":1.0,"played":[0.7234,0.2766],"evs":[0.0,-0.50461]},"98s":{"weight":1.0,"played":[0.7202,0.2798],"evs":[0.0,-1.75164]},"99":{"weight":1.0,"played":[0.173,0.827],"evs":[0.0,-0.08729]},"T9o":{"weight":1.0,"played":[0.9468,0.0532],"evs":[0.0,-2.88902]},"J9o":{"weight":1.0,"played":[0.9953,0.0047],"evs":[0.0,-5.42033]},"Q9o":{"weight":1.0,"played":[0.9754,0.0246],"evs":[0.0,-4.44122]},"K9o":{"weight":1.0,"played":[0.9938,0.0062],"evs":[0.0,-3.1911]},"A9o":{"weight":1.0,"played":[0.987,0.013],"evs":[0.0,-3.42349]},"T2s":{"weight":1.0,"played":[0.9617,0.0383],"evs":[0.0,-5.5729]},"T3s":{"weight":1.0,"played":[0.9984,0.0016],"evs":[0.0,-5.83192]},"T4s":{"weight":1.0,"played":[0.9764,0.0236],"evs":[0.0,-6.23322]},"T5s":{"weight":1.0,"played":[0.9009,0.0991],"evs":[0.0,-6.5052]},"T6s":{"weight":1.0,"played":[0.9639,0.0361],"evs":[0.0,-3.92524]},"T7s":{"weight":1.0,"played":[0.9982,0.0018],"evs":[0.0,-4.07473]},"T8s":{"weight":1.0,"played":[0.5884,0.4116],"evs":[0.0,0.29433]},"T9s":{"weight":1.0,"played":[0.9377,0.0623],"evs":[0.0,-0.71155]},"TT":{"weight":1.0,"played":[0.0124,0.9876],"evs":[0.0,4.02652]},"JTo":{"weight":1.0,"played":[0.9999,1.0E-4],"evs":[0.0,-3.50669]},"QTo":{"weight":1.0,"played":[0.8458,0.1542],"evs":[0.0,-3.77252]},"KTo":{"weight":1.0,"played":[0.9692,0.0308],"evs":[0.0,-2.05401]},"ATo":{"weight":1.0,"played":[0.9406,0.0594],"evs":[0.0,-2.93078]},"J2s":{"weight":1.0,"played":[0.9998,2.0E-4],"evs":[0.0,-0.40543]},"J3s":{"weight":1.0,"played":[1.0,0.0],"evs":[0.0,-4.8334]},"J4s":{"weight":1.0,"played":[0.9973,0.0027],"evs":[0.0,-3.60625]},"J5s":{"weight":1.0,"played":[0.8524,0.1476],"evs":[0.0,-4.10531]},"J6s":{"weight":1.0,"played":[0.7804,0.2196],"evs":[0.0,-1.71827]},"J7s":{"weight":1.0,"played":[0.9876,0.0124],"evs":[0.0,-3.93144]},"J8s":{"weight":1.0,"played":[0.4934,0.5066],"evs":[0.0,-1.78315]},"J9s":{"weight":1.0,"played":[0.9923,0.0077],"evs":[0.0,-3.70735]},"JTs":{"weight":1.0,"played":[0.6051,0.3949],"evs":[0.0,-2.04813]},"JJ":{"weight":1.0,"played":[1.0E-4,0.9999],"evs":[0.0,5.26004]},"QJo":{"weight":1.0,"played":[0.8704,0.1296],"evs":[0.0,-2.64964]},"KJo":{"weight":1.0,"played":[0.8691,0.1309],"evs":[0.0,-0.22907]},"AJo":{"weight":1.0,"played":[0.7872,0.2128],"evs":[0.0,-2.26465]},"Q2s":{"weight":1.0,"played":[0.9662,0.0338],"evs":[0.0,-2.37855]},"Q3s":{"weight":1.0,"played":[0.9852,0.0148],"evs":[0.0,-3.57315]},"Q4s":{"weight":1.0,"played":[0.9228,0.0772],"evs":[0.0,-3.8866]},"Q5s":{"weight":1.0,"played":[0.9743,0.0257],"evs":[0.0,-6.26498]},"Q6s":{"weight":1.0,"played":[0.9569,0.0431],"evs":[0.0,-4.08468]},"Q7s":{"weight":1.0,"played":[0.9797,0.0203],"evs":[0.0,-3.80671]},"Q8s":{"weight":1.0,"played":[0.812,0.188],"evs":[0.0,-2.38483]},"Q9s":{"weight":1.0,"played":[0.9843,0.0157],"evs":[0.0,-1.90739]},"QTs":{"weight":1.0,"played":[0.6039,0.3961],"evs":[0.0,2.15471]},"QJs":{"weight":1.0,"played":[0.6733,0.3267],"evs":[0.0,-2.19217]},"QQ":{"weight":1.0,"played":[0.0,1.0],"evs":[0.0,14.75969]},"KQo":{"weight":1.0,"played":[0.5818,0.4182],"evs":[0.0,1.07673]},"AQo":{"weight":1.0,"played":[0.1723,0.8277],"evs":[0.0,0.30003]},"K2s":{"weight":1.0,"played":[1.0,0.0],"evs":[0.0,-1.16727]},"K3s":{"weight":1.0,"played":[0.9372,0.0628],"evs":[0.0,-3.74788]},"K4s":{"weight":1.0,"played":[0.9635,0.0365],"evs":[0.0,-4.26743]},"K5s":{"weight":1.0,"played":[0.8137,0.1863],"evs":[0.0,-2.00086]},"K6s":{"weight":1.0,"played":[0.9265,0.0735],"evs":[0.0,-0.59335]},"K7s":{"weight":1.0,"played":[0.2831,0.7169],"evs":[0.0,1.02197]},"K8s":{"weight":1.0,"played":[0.9991,9.0E-4],"evs":[0.0,-3.52856]},"K9s":{"weight":1.0,"played":[0.4619,0.5381],"evs":[0.0,-0.47298]},"KTs":{"weight":1.0,"played":[0.9764,0.0236],"evs":[0.0,-6.08779]},"KJs":{"weight":1.0,"played":[0.227,0.773],"evs":[0.0,3.65318]},"KQs":{"weight":1.0,"played":[0.8228,0.1772],"evs":[0.0,-1.32578]},"KK":{"weight":1.0,"played":[0.0,1.0],"evs":[0.0,18.72676]},"AKo":{"weight":1.0,"played":[0.0718,0.9282],"evs":[0.0,-0.14333]},"A2s":{"weight":1.0,"played":[0.4853,0.5147],"evs":[0.0,2.20355]},"A3s":{"weight":1.0,"played":[0.8311,0.1689],"evs":[0.0,-2.77508]},"A4s":{"weight":1.0,"played":[0.8005,0.1995],"evs":[0.0,1.70727]},"A5s":{"weight":1.0,"played":[0.9654,0.0346],"evs":[0.0,-4.19894]},"A6s":{"weight":1.0,"played":[0.9933,0.0067],"evs":[0.0,-3.004]},"A7s":{"weight":1.0,"played":[0.9956,0.0044],"evs":[0.0,-6.10065]},"A8s":{"weight":1.0,"played":[0.8072,0.1928],"evs":[0.0,-2.36645]},"A9s":{"weight":1.0,"played":[0.8453,0.1547],"evs":[0.0,-3.51993]},"ATs":{"weight":1.0,"played":[0.8858,0.1142],"evs":[0.0,-2.96928]},"AJs":{"weight":1.0,"played":[0.0735,0.9265],"evs":[0.0,3.37544]},"AQs":{"weight":1.0,"played":[0.0407,0.9593],"evs":[0.0,6.3346]},"AKs":{"weight":1.0,"played":[2.0E-4,0.9998],"evs":[0.0,5.13926]},"AA":{"weight":1.0,"played":[0.0,1.0],"evs":[0.0,25.20429]}}}