{"player":3,"street":0,"children":2,"sequence":[{"player":0,"type":"F","amount":0,"street":0},{"player":1,"type":"R","amount":925000,"street":0},{"player":2,"type":"C","amount":925000,"street":0},{"player":3,"type":"C","amount":925000,"street":0},{"player":4,"type":"R","amount":1345000,"street":0},{"player":5,"type":"F","amount":0,"street":0},{"player":2,"type":"C","amount":420000,"street":0}],"actions":[{"type":"F","amount":0},{"type":"C","amount":420000}],"hands":{"22":{"weight":0.0,"played":[0.0,1.0],"evs":[0.0,5.91632]},"32o":{"weight":0.0,"played":[0.0,1.0],"evs":[0.0,3.14067]},"42o":{"weight":0.0,"played":[0.0,1.0],"evs":[0.0,3.32539]},"52o":{"weight":0.0,"played":[0.0,1.0],"evs":[0.0,3.38743]},"62o":{"weight":0.0,"played":[0.0,1.0],"evs":[0.0,2.74221]},"72o":{"weight":0.0,"played":[0.0,1.0],"evs":[0.0,2.68649]},"82o":{"weight":0.0,"played":[0.0,1.0],"evs":[0.0,2.47507]},"92o":{"weight":0.0,"played":[0.0,1.0],"evs":[0.0,2.61571]},"T2o":{"weight":0.0,"played":[0.0,1.0],"evs":[0.0,2.98364]},"J2o":{"weight":0.0,"played":[0.0,1.0],"evs":[0.0,3.22388]},"Q2o":{"weight":0.0,"played":[0.0,1.0],"evs":[0.0,2.97598]},"K2o":{"weight":0.0,"played":[0.0,1.0],"evs":[0.0,3.64281]},"A2o":{"weight":0.0,"played":[0.0,1.0],"evs":[0.0,2.64367]},"32s":{"weight":0.0,"played":[0.0,1.0],"evs":[0.0,4.4431]},"33":{"weight":0.0028,"played":[0.0,1.0],"evs":[0.0,5.28764]},"43o":{"weight":0.0,"played":[0.0,1.0],"evs":[0.0,3.86333]},"53o":{"weight":0.0,"played":[0.0,1.0],"evs":[0.0,3.78033]},"63o":{"weight":0.0,"played":[0.0,1.0],"evs":[0.0,3.68689]},"73o":{"weight":0.0,"played":[0.0,1.0],"evs":[0.0,3.4672]},"83o":{"weight":0.0,"played":[0.0,1.0],"evs":[0.0,2.92581]},"93o":{"weight":0.0,"played":[0.0,1.0],"evs":[0.0,3.0754]},"T3o":{"weight":0.0,"played":[0.0,1.0],"evs":[0.0,3.28029]},"J3o":{"weight":0.0,"played":[0.0,1.0],"evs":[0.0,3.26572]},"Q3o":{"weight":0.0,"played":[0.0,1.0],"evs":[0.0,3.25576]},"K3o":{"weight":0.0,"played":[0.0,1.0],"evs":[0.0,3.60338]},"A3o":{"weight":0.0,"played":[0.0,1.0],"evs":[0.0,3.12453]},"42s":{"weight":0.0,"played":[0.0,1.0],"evs":[0.0,5.08011]},"43s":{"weight":0.0,"played":[0.0,1.0],"evs":[0.0,5.44506]},"44":{"weight":9.0E-4,"played":[0.0,1.0],"evs":[0.0,5.90718]},"54o":{"weight":0.0,"played":[0.0,1.0],"evs":[0.0,4.88069]},"64o":{"weight":0.0,"played":[0.0,1.0],"evs":[0.0,4.41722]},"74o":{"weight":0.0,"played":[0.0,1.0],"evs":[0.0,3.64661]},"84o":{"weight":0.0,"played":[0.0,1.0],"evs":[0.0,3.3289]},"94o":{"weight":0.0,"played":[0.0,1.0],"evs":[0.0,3.20688]},"T4o":{"weight":0.0,"played":[0.0,1.0],"evs":[0.0,3.06805]},"J4o":{"weight":0.0,"played":[1.0E-4,0.9999],"evs":[0.0,3.57061]},"Q4o":{"weight":0.0,"played":[0.0,1.0],"evs":[0.0,3.84745]},"K4o":{"weight":0.0,"played":[0.0,1.0],"evs":[0.0,3.67541]},"A4o":{"weight":0.0,"played":[0.0,1.0],"evs":[0.0,3.28776]},"52s":{"weight":0.0,"played":[0.0,1.0],"evs":[0.0,5.25918]},"53s":{"weight":0.0,"played":[0.0,1.0],"evs":[0.0,5.10153]},"54s":{"weight":0.0,"played":[0.0,1.0],"evs":[0.0,5.08576]},"55":{"weight":0.6969,"played":[0.0,1.0],"evs":[0.0,6.41471]},"65o":{"weight":0.0,"played":[0.0,1.0],"evs":[0.0,4.56837]},"75o":{"weight":0.0,"played":[0.0,1.0],"evs":[0.0,4.29258]},"85o":{"weight":0.0,"played":[0.0,1.0],"evs":[0.0,3.98895]},"95o":{"weight":0.0,"played":[0.0,1.0],"evs":[0.0,3.74208]},"T5o":{"weight":0.0,"played":[0.0,1.0],"evs":[0.0,2.90999]},"J5o":{"weight":0.0,"played":[1.0E-4,0.9999],"evs":[0.0,3.45886]},"Q5o":{"weight":0.0,"played":[0.0,1.0],"evs":[0.0,3.56721]},"K5o":{"weight":0.0,"played":[0.0,1.0],"evs":[0.0,3.69652]},"A5o":{"weight":0.0,"played":[0.0,1.0],"evs":[0.0,2.94386]},"62s":{"weight":0.0,"played":[1.0E-4,0.9999],"evs":[0.0,4.60565]},"63s":{"weight":0.0,"played":[0.0,1.0],"evs":[0.0,5.1673]},"64s":{"weight":0.0,"played":[0.0,1.0],"evs":[0.0,5.27749]},"65s":{"weight":0.0,"played":[0.0,1.0],"evs":[0.0,5.73566]},"66":{"weight":0.4568,"played":[0.0,1.0],"evs":[0.0,6.76215]},"76o":{"weight":0.0,"played":[0.0,1.0],"evs":[0.0,4.96798]},"86o":{"weight":0.0,"played":[0.0,1.0],"evs":[0.0,4.33827]},"96o":{"weight":0.0,"played":[0.0,1.0],"evs":[0.0,3.76393]},"T6o":{"weight":0.0,"played":[0.0,1.0],"evs":[0.0,3.51683]},"J6o":{"weight":0.0,"played":[0.0,1.0],"evs":[0.0,3.63344]},"Q6o":{"weight":0.0,"played":[0.0,1.0],"evs":[0.0,3.72022]},"K6o":{"weight":0.0,"played":[0.0,1.0],"evs":[0.0,4.1577]},"A6o":{"weight":0.0,"played":[0.0,1.0],"evs":[0.0,2.94856]},"72s":{"weight":0.0,"played":[0.0,1.0],"evs":[0.0,4.09976]},"73s":{"weight":0.0,"played":[0.0,1.0],"evs":[0.0,4.71953]},"74s":{"weight":0.0,"played":[0.0,1.0],"evs":[0.0,5.51973]},"75s":{"weight":0.0,"played":[0.0,1.0],"evs":[0.0,5.69217]},"76s":{"weight":6.0E-4,"played":[0.0,1.0],"evs":[0.0,6.36516]},"77":{"weight":0.0267,"played":[0.0,1.0],"evs":[0.0,7.3513]},"87o":{"weight":0.0,"played":[0.0,1.0],"evs":[0.0,4.88486]},"97o":{"weight":0.0,"played":[0.0,1.0],"evs":[0.0,4.37905]},"T7o":{"weight":0.0,"played":[0.0,1.0],"evs":[0.0,4.07921]},"J7o":{"weight":0.0,"played":[0.0,1.0],"evs":[0.0,3.74241]},"Q7o":{"weight":0.0,"played":[0.0,1.0],"evs":[0.0,3.68158]},"K7o":{"weight":0.0,"played":[0.0,1.0],"evs":[0.0,4.10261]},"A7o":{"weight":0.0,"played":[0.0,1.0],"evs":[0.0,2.92759]},"82s":{"weight":0.0,"played":[4.0E-4,0.9996],"evs":[0.0,3.98991]},"83s":{"weight":0.0,"played":[1.0E-4,0.9999],"evs":[0.0,4.16493]},"84s":{"weight":0.0,"played":[0.0,1.0],"evs":[0.0,4.42822]},"85s":{"weight":0.0,"played":[0.0,1.0],"evs":[0.0,5.73738]},"86s":{"weight":0.0,"played":[0.0,1.0],"evs":[0.0,5.25237]},"87s":{"weight":7.0E-4,"played":[1.0E-4,0.9999],"evs":[0.0,6.46986]},"88":{"weight":0.0863,"played":[0.0,1.0],"evs":[0.0,8.74902]},"98o":{"weight":0.0,"played":[0.0,1.0],"evs":[0.0,4.44077]},"T8o":{"weight":0.0,"played":[0.0,1.0],"evs":[0.0,4.40776]},"J8o":{"weight":0.0,"played":[0.0,1.0],"evs":[0.0,4.35776]},"Q8o":{"weight":0.0,"played":[0.0,1.0],"evs":[0.0,4.06724]},"K8o":{"weight":0.0,"played":[0.0,1.0],"evs":[0.0,4.31828]},"A8o":{"weight":0.0,"played":[0.0,1.0],"evs":[0.0,3.48714]},"92s":{"weight":0.0,"played":[0.0,1.0],"evs":[0.0,3.98081]},"93s":{"weight":0.0,"played":[0.0,1.0],"evs":[0.0,4.52293]},"94s":{"weight":0.0,"played":[0.0,1.0],"evs":[0.0,4.55911]},"95s":{"weight":0.0,"played":[1.0E-4,0.9999],"evs":[0.0,4.92011]},"96s":{"weight":0.0,"played":[0.0,1.0],"evs":[0.0,5.41182]},"97s":{"weight":3.0E-4,"played":[0.0,1.0],"evs":[0.0,5.5147]},"98s":{"weight":0.0144,"played":[0.0,1.0],"evs":[0.0,5.65131]},"99":{"weight":0.2042,"played":[0.0,1.0],"evs":[0.0,9.13271]},"T9o":{"weight":0.0,"played":[0.0,1.0],"evs":[0.0,5.00455]},"J9o":{"weight":0.0,"played":[0.0,1.0],"evs":[0.0,4.34559]},"Q9o":{"weight":0.0,"played":[0.0,1.0],"evs":[0.0,4.58164]},"K9o":{"weight":0.0,"played":[0.0,1.0],"evs":[0.0,4.76583]},"A9o":{"weight":0.0,"played":[0.0,1.0],"evs":[0.0,3.63403]},"T2s":{"weight":0.0,"played":[0.0,1.0],"evs":[0.0,4.38725]},"T3s":{"weight":0.0,"played":[0.0,1.0],"evs":[0.0,4.80019]},"T4s":{"weight":0.0,"played":[0.0,1.0],"evs":[0.0,4.36119]},"T5s":{"weight":0.0,"played":[0.0,1.0],"evs":[0.0,5.11906]},"T6s":{"weight":0.0,"played":[3.0E-4,0.9997],"evs":[0.0,5.25498]},"T7s":{"weight":0.0,"played":[0.0,1.0],"evs":[0.0,5.77661]},"T8s":{"weight":0.012,"played":[0.0,1.0],"evs":[0.0,5.29689]},"T9s":{"weight":0.146,"played":[0.0,1.0],"evs":[0.0,6.13289]},"TT":{"weight":0.2695,"played":[0.0,1.0],"evs":[0.0,10.72941]},"JTo":{"weight":0.0,"played":[0.0,1.0],"evs":[0.0,5.49228]},"QTo":{"weight":0.0,"played":[0.0,1.0],"evs":[0.0,5.37066]},"KTo":{"weight":1.0E-4,"played":[0.0,1.0],"evs":[0.0,5.59856]},"ATo":{"weight":6.0E-4,"played":[0.0,1.0],"evs":[0.0,5.01548]},"J2s":{"weight":0.0,"played":[2.0E-4,0.9998],"evs":[0.0,4.75425]},"J3s":{"weight":0.0,"played":[1.0E-4,0.9999],"evs":[0.0,4.90053]},"J4s":{"weight":0.0,"played":[0.0,1.0],"evs":[0.0,5.05066]},"J5s":{"weight":0.0,"played":[0.0,1.0],"evs":[0.0,5.12832]},"J6s":{"weight":0.0,"played":[0.0,1.0],"evs":[0.0,4.85687]},"J7s":{"weight":0.0,"played":[0.0,1.0],"evs":[0.0,5.30587]},"J8s":{"weight":0.0,"played":[0.0,1.0],"evs":[0.0,5.16476]},"J9s":{"weight":0.0,"played":[0.0,1.0],"evs":[0.0,5.98295]},"JTs":{"weight":0.4001,"played":[0.0,1.0],"evs":[0.0,7.03205]},"JJ":{"weight":0.7533,"played":[0.0,1.0],"evs":[0.0,12.91947]},"QJo":{"weight":0.0,"played":[0.0,1.0],"evs":[0.0,5.8521]},"KJo":{"weight":3.0E-4,"played":[0.0,1.0],"evs":[0.0,5.75706]},"AJo":{"weight":0.0028,"played":[0.0,1.0],"evs":[0.0,6.22937]},"Q2s":{"weight":0.0,"played":[0.0012,0.9988],"evs":[0.0,4.56683]},"Q3s":{"weight":0.0,"played":[0.0,1.0],"evs":[0.0,5.24729]},"Q4s":{"weight":0.0,"played":[0.0,1.0],"evs":[0.0,4.25423]},"Q5s":{"weight":0.0,"played":[1.0E-4,0.9999],"evs":[0.0,4.79174]},"Q6s":{"weight":0.0,"played":[0.0,1.0],"evs":[0.0,5.87163]},"Q7s":{"weight":0.0,"played":[0.0,1.0],"evs":[0.0,5.53828]},"Q8s":{"weight":0.0,"played":[0.0,1.0],"evs":[0.0,5.05504]},"Q9s":{"weight":8.0E-4,"played":[0.0,1.0],"evs":[0.0,5.20379]},"QTs":{"weight":0.5933,"played":[0.0,1.0],"evs":[0.0,6.68263]},"QJs":{"weight":0.9543,"played":[0.0,1.0],"evs":[0.0,7.24744]},"QQ":{"weight":0.7259,"played":[0.0,1.0],"evs":[0.0,15.98318]},"KQo":{"weight":0.3519,"played":[0.0,1.0],"evs":[0.0,6.7877]},"AQo":{"weight":0.0389,"played":[0.0,1.0],"evs":[0.0,7.14465]},"K2s":{"weight":0.0,"played":[0.0,1.0],"evs":[0.0,5.13411]},"K3s":{"weight":0.0,"played":[1.0E-4,0.9999],"evs":[0.0,4.79988]},"K4s":{"weight":0.0,"played":[0.0,1.0],"evs":[0.0,5.63386]},"K5s":{"weight":0.0,"played":[0.0,1.0],"evs":[0.0,5.66335]},"K6s":{"weight":1.0E-4,"played":[0.0,1.0],"evs":[0.0,5.63445]},"K7s":{"weight":2.0E-4,"played":[0.0,1.0],"evs":[0.0,5.28757]},"K8s":{"weight":0.0,"played":[0.0,1.0],"evs":[0.0,6.5064]},"K9s":{"weight":0.0016,"played":[0.0,1.0],"evs":[0.0,6.38303]},"KTs":{"weight":0.8021,"played":[0.0,1.0],"evs":[0.0,6.88714]},"KJs":{"weight":0.0147,"played":[0.0,1.0],"evs":[0.0,7.03081]},"KQs":{"weight":0.9577,"played":[0.0,1.0],"evs":[0.0,8.0788]},"KK":{"weight":0.3125,"played":[0.0,1.0],"evs":[0.0,19.34145]},"AKo":{"weight":2.0E-4,"played":[0.0,1.0],"evs":[0.0,9.87399]},"A2s":{"weight":0.0,"played":[0.0,1.0],"evs":[0.0,5.10723]},"A3s":{"weight":0.0,"played":[0.0,1.0],"evs":[0.0,4.48961]},"A4s":{"weight":1.0E-4,"played":[0.0,1.0],"evs":[0.0,5.19788]},"A5s":{"weight":3.0E-4,"played":[0.0,1.0],"evs":[0.0,5.12408]},"A6s":{"weight":1.0E-4,"played":[0.0,1.0],"evs":[0.0,5.00688]},"A7s":{"weight":7.0E-4,"played":[0.0,1.0],"evs":[0.0,4.24064]},"A8s":{"weight":0.0029,"played":[0.0,1.0],"evs":[0.0,5.71842]},"A9s":{"weight":0.0643,"played":[0.0,1.0],"evs":[0.0,5.7116]},"ATs":{"weight":0.1039,"played":[0.0,1.0],"evs":[0.0,6.64999]},"AJs":{"weight":0.0153,"played":[0.0,1.0],"evs":[0.0,7.06745]},"AQs":{"weight":0.0543,"played":[0.0,1.0],"evs":[0.0,9.15327]},"AKs":{"weight":0.0193,"played":[0.0,1.0],"evs":[0.0,10.10458]},"AA":{"weight":0.1481,"played":[0.0,1.0],"evs":[0.0,24.05965]}}}