{"player":3,"street":0,"children":2,"sequence":[{"player":0,"type":"F","amount":0,"street":0},{"player":1,"type":"R","amount":925000,"street":0},{"player":2,"type":"C","amount":925000,"street":0},{"player":3,"type":"C","amount":925000,"street":0},{"player":4,"type":"R","amount":1345000,"street":0},{"player":5,"type":"R","amount":2335000,"street":0},{"player":2,"type":"F","amount":0,"street":0}],"actions":[{"type":"F","amount":0},{"type":"C","amount":1410000}],"hands":{"22":{"weight":0.0,"played":[0.0807,0.9193],"evs":[0.0,5.94484]},"32o":{"weight":0.0,"played":[0.9453,0.0547],"evs":[0.0,-5.27104]},"42o":{"weight":0.0,"played":[0.1444,0.8556],"evs":[0.0,5.57494]},"52o":{"weight":0.0,"played":[0.9776,0.0224],"evs":[0.0,-2.46719]},"62o":{"weight":0.0,"played":[0.8313,0.1687],"evs":[0.0,-9.69251]},"72o":{"weight":0.0,"played":[0.1277,0.8723],"evs":[0.0,11.33261]},"82o":{"weight":0.0,"played":[0.2631,0.7369],"evs":[0.0,-0.57729]},"92o":{"weight":0.0,"played":[0.2243,0.7757],"evs":[0.0,-1.85988]},"T2o":{"weight":0.0,"played":[0.1044,0.8956],"evs":[0.0,8.29328]},"J2o":{"weight":0.0,"played":[0.4196,0.5804],"evs":[0.0,0.27422]},"Q2o":{"weight":0.0,"played":[0.1315,0.8685],"evs":[0.0,12.02174]},"K2o":{"weight":0.0,"played":[0.0363,0.9637],"evs":[0.0,0.01107]},"A2o":{"weight":0.0,"played":[0.1692,0.8308],"evs":[0.0,19.9152]},"32s":{"weight":0.0,"played":[0.4221,0.5779],"evs":[0.0,3.71103]},"33":{"weight":0.0028,"played":[0.7359,0.2641],"evs":[0.0,-4.80477]},"43o":{"weight":0.0,"played":[0.0,1.0],"evs":[0.0,5.88828]},"53o":{"weight":0.0,"played":[0.0436,0.9564],"evs":[0.0,19.20322]},"63o":{"weight":0.0,"played":[0.1621,0.8379],"evs":[0.0,4.64913]},"73o":{"weight":0.0,"played":[0.9806,0.0194],"evs":[0.0,0.39201]},"83o":{"weight":0.0,"played":[0.7908,0.2092],"evs":[0.0,-9.74634]},"93o":{"weight":0.0,"played":[0.015,0.985],"evs":[0.0,9.40924]},"T3o":{"weight":0.0,"played":[0.0088,0.9912],"evs":[0.0,-9.22592]},"J3o":{"weight":0.0,"played":[0.8724,0.1276],"evs":[0.0,-5.32564]},"Q3o":{"weight":0.0,"played":[0.003,0.997],"evs":[0.0,21.00519]},"K3o":{"weight":0.0,"played":[0.999,0.001],"evs":[0.0,15.8749]},"A3o":{"weight":0.0,"played":[0.0426,0.9574],"evs":[0.0,1.20031]},"42s":{"weight":0.0,"played":[1.0,0.0],"evs":[0.0,-1.78389]},"43s":{"weight":0.0,"played":[0.6778,0.3222],"evs":[0.0,-8.28964]},"44":{"weight":9.0E-4,"played":[0.0,1.0],"evs":[0.0,27.41703]},"54o":{"weight":0.0,"played":[0.0374,0.9626],"evs":[0.0,6.33618]},"64o":{"weight":0.0,"played":[0.3055,0.6945],"evs":[0.0,6.19218]},"74o":{"weight":0.0,"played":[0.0,1.0],"evs":[0.0,20.94701]},"84o":{"weight":0.0,"played":[0.9977,0.0023],"evs":[0.0,0.17125]},"94o":{"weight":0.0,"played":[0.5171,0.4829],"evs":[0.0,1.15205]},"T4o":{"weight":0.0,"played":[0.9349,0.0651],"evs":[0.0,12.06651]},"J4o":{"weight":0.0,"played":[0.5122,0.4878],"evs":[0.0,-0.52948]},"Q4o":{"weight":0.0,"played":[0.0,1.0],"evs":[0.0,21.54503]},"K4o":{"weight":0.0,"played":[0.2515,0.7485],"evs":[0.0,1.72995]},"A4o":{"weight":0.0,"played":[0.2212,0.7788],"evs":[0.0,1.88179]},"52s":{"weight":0.0,"played":[1.0,0.0],"evs":[0.0,-9.74237]},"53s":{"weight":0.0,"played":[0.0561,0.9439],"evs":[0.0,4.10632]},"54s":{"weight":0.0,"played":[0.1652,0.8348],"evs":[0.0,39.57349]},"55":{"weight":0.6969,"played":[0.0,1.0],"evs":[0.0,17.36686]},"65o":{"weight":0.0,"played":[0.0,1.0],"evs":[0.0,6.00063]},"75o":{"weight":0.0,"played":[0.1216,0.8784],"evs":[0.0,6.42684]},"85o":{"weight":0.0,"played":[0.9882,0.0118],"evs":[0.0,10.43872]},"95o":{"weight":0.0,"played":[0.7931,0.2069],"evs":[0.0,-5.32006]},"T5o":{"weight":0.0,"played":[0.0911,0.9089],"evs":[0.0,9.8431]},"J5o":{"weight":0.0,"played":[0.2452,0.7548],"evs":[0.0,19.70705]},"Q5o":{"weight":0.0,"played":[0.0861,0.9139],"evs":[0.0,8.59449]},"K5o":{"weight":0.0,"played":[0.0,1.0],"evs":[0.0,1.90266]},"A5o":{"weight":0.0,"played":[0.0,1.0],"evs":[0.0,13.12953]},"62s":{"weight":0.0,"played":[0.1528,0.8472],"evs":[0.0,11.35846]},"63s":{"weight":0.0,"played":[0.0,1.0],"evs":[0.0,4.91689]},"64s":{"weight":0.0,"played":[0.9734,0.0266],"evs":[0.0,-9.7505]},"65s":{"weight":0.0,"played":[0.5833,0.4167],"evs":[0.0,24.756]},"66":{"weight":0.4568,"played":[0.0658,0.9342],"evs":[0.0,17.43891]},"76o":{"weight":0.0,"played":[0.1349,0.8651],"evs":[0.0,10.16817]},"86o":{"weight":0.0,"played":[0.0793,0.9207],"evs":[0.0,21.72708]},"96o":{"weight":0.0,"played":[0.0,1.0],"evs":[0.0,2.49084]},"T6o":{"weight":0.0,"played":[0.1272,0.8728],"evs":[0.0,16.49005]},"J6o":{"weight":0.0,"played":[0.8014,0.1986],"evs":[0.0,0.25791]},"Q6o":{"weight":0.0,"played":[0.5787,0.4213],"evs":[0.0,9.96286]},"K6o":{"weight":0.0,"played":[0.089,0.911],"evs":[0.0,6.49189]},"A6o":{"weight":0.0,"played":[0.4007,0.5993],"evs":[0.0,2.29021]},"72s":{"weight":0.0,"played":[0.8967,0.1033],"evs":[0.0,-9.74012]},"73s":{"weight":0.0,"played":[0.5692,0.4308],"evs":[0.0,3.77436]},"74s":{"weight":0.0,"played":[0.3884,0.6116],"evs":[0.0,48.81171]},"75s":{"weight":0.0,"played":[0.3053,0.6947],"evs":[0.0,17.92595]},"76s":{"weight":6.0E-4,"played":[0.1978,0.8022],"evs":[0.0,15.41279]},"77":{"weight":0.0267,"played":[0.0,1.0],"evs":[0.0,18.10939]},"87o":{"weight":0.0,"played":[0.4062,0.5938],"evs":[0.0,7.57144]},"97o":{"weight":0.0,"played":[0.0113,0.9887],"evs":[0.0,12.65049]},"T7o":{"weight":0.0,"played":[0.0343,0.9657],"evs":[0.0,4.99268]},"J7o":{"weight":0.0,"played":[0.8789,0.1211],"evs":[0.0,-4.77188]},"Q7o":{"weight":0.0,"played":[0.0647,0.9353],"evs":[0.0,18.19716]},"K7o":{"weight":0.0,"played":[0.6007,0.3993],"evs":[0.0,-7.17193]},"A7o":{"weight":0.0,"played":[0.9094,0.0906],"evs":[0.0,-9.54942]},"82s":{"weight":0.0,"played":[0.596,0.404],"evs":[0.0,19.56478]},"83s":{"weight":0.0,"played":[0.4544,0.5456],"evs":[0.0,9.06051]},"84s":{"weight":0.0,"played":[0.3852,0.6148],"evs":[0.0,30.00748]},"85s":{"weight":0.0,"played":[0.2068,0.7932],"evs":[0.0,-0.80905]},"86s":{"weight":0.0,"played":[0.2576,0.7424],"evs":[0.0,5.34737]},"87s":{"weight":7.0E-4,"played":[0.1051,0.8949],"evs":[0.0,-0.4174]},"88":{"weight":0.0863,"played":[0.168,0.832],"evs":[0.0,16.49134]},"98o":{"weight":0.0,"played":[0.9401,0.0599],"evs":[0.0,-4.35296]},"T8o":{"weight":0.0,"played":[1.0E-4,0.9999],"evs":[0.0,10.46238]},"J8o":{"weight":0.0,"played":[0.5794,0.4206],"evs":[0.0,18.17423]},"Q8o":{"weight":0.0,"played":[0.2594,0.7406],"evs":[0.0,-2.21207]},"K8o":{"weight":0.0,"played":[0.3126,0.6874],"evs":[0.0,8.98378]},"A8o":{"weight":0.0,"played":[0.592,0.408],"evs":[0.0,-0.0319]},"92s":{"weight":0.0,"played":[0.5376,0.4624],"evs":[0.0,-2.62158]},"93s":{"weight":0.0,"played":[0.1445,0.8555],"evs":[0.0,-7.625]},"94s":{"weight":0.0,"played":[1.0,0.0],"evs":[0.0,47.44725]},"95s":{"weight":0.0,"played":[0.6843,0.3157],"evs":[0.0,-9.73966]},"96s":{"weight":0.0,"played":[0.277,0.723],"evs":[0.0,3.17181]},"97s":{"weight":3.0E-4,"played":[0.0108,0.9892],"evs":[0.0,3.10733]},"98s":{"weight":0.0144,"played":[0.0,1.0],"evs":[0.0,19.73959]},"99":{"weight":0.2042,"played":[0.2618,0.7382],"evs":[0.0,3.12256]},"T9o":{"weight":0.0,"played":[0.3221,0.6779],"evs":[0.0,7.84384]},"J9o":{"weight":0.0,"played":[0.7627,0.2373],"evs":[0.0,-0.62368]},"Q9o":{"weight":0.0,"played":[0.1058,0.8942],"evs":[0.0,16.77207]},"K9o":{"weight":0.0,"played":[0.0617,0.9383],"evs":[0.0,8.74453]},"A9o":{"weight":0.0,"played":[0.3177,0.6823],"evs":[0.0,1.4778]},"T2s":{"weight":0.0,"played":[0.8674,0.1326],"evs":[0.0,2.2047]},"T3s":{"weight":0.0,"played":[0.0205,0.9795],"evs":[0.0,6.52274]},"T4s":{"weight":0.0,"played":[1.0,0.0],"evs":[0.0,-9.73665]},"T5s":{"weight":0.0,"played":[0.5657,0.4343],"evs":[0.0,24.02846]},"T6s":{"weight":0.0,"played":[0.2042,0.7958],"evs":[0.0,48.81865]},"T7s":{"weight":0.0,"played":[0.3274,0.6726],"evs":[0.0,21.64526]},"T8s":{"weight":0.012,"played":[0.0321,0.9679],"evs":[0.0,48.81254]},"T9s":{"weight":0.146,"played":[0.3149,0.6851],"evs":[0.0,15.92375]},"TT":{"weight":0.2695,"played":[0.0321,0.9679],"evs":[0.0,8.07554]},"JTo":{"weight":0.0,"played":[0.0607,0.9393],"evs":[0.0,13.68057]},"QTo":{"weight":0.0,"played":[0.658,0.342],"evs":[0.0,-6.5277]},"KTo":{"weight":1.0E-4,"played":[0.199,0.801],"evs":[0.0,12.56301]},"ATo":{"weight":6.0E-4,"played":[0.0,1.0],"evs":[0.0,13.4214]},"J2s":{"weight":0.0,"played":[0.0783,0.9217],"evs":[0.0,14.91158]},"J3s":{"weight":0.0,"played":[0.2576,0.7424],"evs":[0.0,5.33754]},"J4s":{"weight":0.0,"played":[0.501,0.499],"evs":[0.0,19.44971]},"J5s":{"weight":0.0,"played":[0.0,1.0],"evs":[0.0,3.08504]},"J6s":{"weight":0.0,"played":[0.4391,0.5609],"evs":[0.0,24.80322]},"J7s":{"weight":0.0,"played":[0.5023,0.4977],"evs":[0.0,5.60816]},"J8s":{"weight":0.0,"played":[0.6184,0.3816],"evs":[0.0,0.67655]},"J9s":{"weight":0.0,"played":[0.3684,0.6316],"evs":[0.0,8.22347]},"JTs":{"weight":0.4001,"played":[0.8258,0.1742],"evs":[0.0,-9.74119]},"JJ":{"weight":0.7533,"played":[0.0316,0.9684],"evs":[0.0,16.85768]},"QJo":{"weight":0.0,"played":[0.1035,0.8965],"evs":[0.0,10.55658]},"KJo":{"weight":3.0E-4,"played":[0.743,0.257],"evs":[0.0,19.62636]},"AJo":{"weight":0.0028,"played":[0.9694,0.0306],"evs":[0.0,-3.20987]},"Q2s":{"weight":0.0,"played":[1.0,0.0],"evs":[0.0,48.81171]},"Q3s":{"weight":0.0,"played":[0.936,0.064],"evs":[0.0,-9.74009]},"Q4s":{"weight":0.0,"played":[0.0876,0.9124],"evs":[0.0,27.5806]},"Q5s":{"weight":0.0,"played":[0.0,1.0],"evs":[0.0,13.57255]},"Q6s":{"weight":0.0,"played":[1.0,0.0],"evs":[0.0,-6.0651]},"Q7s":{"weight":0.0,"played":[0.4348,0.5652],"evs":[0.0,14.43874]},"Q8s":{"weight":0.0,"played":[0.3731,0.6269],"evs":[0.0,15.31001]},"Q9s":{"weight":8.0E-4,"played":[1.0,0.0],"evs":[0.0,-9.73665]},"QTs":{"weight":0.5933,"played":[0.3059,0.6941],"evs":[0.0,13.15422]},"QJs":{"weight":0.9543,"played":[1.0,0.0],"evs":[0.0,-3.97392]},"QQ":{"weight":0.7259,"played":[2.0E-4,0.9998],"evs":[0.0,24.02091]},"KQo":{"weight":0.3519,"played":[0.0465,0.9535],"evs":[0.0,3.04645]},"AQo":{"weight":0.0389,"played":[0.001,0.999],"evs":[0.0,13.98898]},"K2s":{"weight":0.0,"played":[1.0,0.0],"evs":[0.0,31.89374]},"K3s":{"weight":0.0,"played":[0.0607,0.9393],"evs":[0.0,-6.46869]},"K4s":{"weight":0.0,"played":[0.8309,0.1691],"evs":[0.0,-1.31621]},"K5s":{"weight":0.0,"played":[0.0027,0.9973],"evs":[0.0,48.82579]},"K6s":{"weight":1.0E-4,"played":[0.4405,0.5595],"evs":[0.0,-2.39903]},"K7s":{"weight":2.0E-4,"played":[0.079,0.921],"evs":[0.0,7.00271]},"K8s":{"weight":0.0,"played":[0.5186,0.4814],"evs":[0.0,-9.74383]},"K9s":{"weight":0.0016,"played":[0.8709,0.1291],"evs":[0.0,-1.5858]},"KTs":{"weight":0.8021,"played":[0.7959,0.2041],"evs":[0.0,-0.22447]},"KJs":{"weight":0.0147,"played":[0.9634,0.0366],"evs":[0.0,36.42327]},"KQs":{"weight":0.9577,"played":[0.0,1.0],"evs":[0.0,6.98995]},"KK":{"weight":0.3125,"played":[0.0,1.0],"evs":[0.0,36.60834]},"AKo":{"weight":2.0E-4,"played":[0.0,1.0],"evs":[0.0,30.50539]},"A2s":{"weight":0.0,"played":[0.4792,0.5208],"evs":[0.0,8.84952]},"A3s":{"weight":0.0,"played":[0.8063,0.1937],"evs":[0.0,10.96924]},"A4s":{"weight":1.0E-4,"played":[0.4556,0.5444],"evs":[0.0,27.12832]},"A5s":{"weight":3.0E-4,"played":[0.3675,0.6325],"evs":[0.0,10.36525]},"A6s":{"weight":1.0E-4,"played":[1.0,0.0],"evs":[0.0,44.10973]},"A7s":{"weight":7.0E-4,"played":[0.09,0.91],"evs":[0.0,28.05731]},"A8s":{"weight":0.0029,"played":[0.0179,0.9821],"evs":[0.0,16.98406]},"A9s":{"weight":0.0643,"played":[0.4375,0.5625],"evs":[0.0,2.06108]},"ATs":{"weight":0.1039,"played":[0.114,0.886],"evs":[0.0,13.23847]},"AJs":{"weight":0.0153,"played":[0.0714,0.9286],"evs":[0.0,37.44461]},"AQs":{"weight":0.0543,"played":[0.0,1.0],"evs":[0.0,48.82142]},"AKs":{"weight":0.0193,"played":[0.7197,0.2803],"evs":[0.0,-9.75221]},"AA":{"weight":0.1481,"played":[0.0,1.0],"evs":[0.0,24.11362]}}}