{"player":2,"street":0,"children":2,"sequence":[{"player":0,"type":"F","amount":0,"street":0},{"player":1,"type":"R","amount":925000,"street":0},{"player":2,"type":"C","amount":925000,"street":0},{"player":3,"type":"R","amount":2335000,"street":0},{"player":4,"type":"F","amount":0,"street":0},{"player":5,"type":"F","amount":0,"street":0}],"actions":[{"type":"F","amount":0},{"type":"C","amount":480000}],"hands":{"22":{"weight":0.0,"played":[0.0,1.0],"evs":[0.0,5.11167]},"32o":{"weight":0.0,"played":[0.0,1.0],"evs":[0.0,2.53946]},"42o":{"weight":0.0,"played":[0.0,1.0],"evs":[0.0,2.73119]},"52o":{"weight":0.0,"played":[0.0,1.0],"evs":[0.0,2.84888]},"62o":{"weight":0.0,"played":[0.0,1.0],"evs":[0.0,2.56907]},"72o":{"weight":0.0,"played":[0.0,1.0],"evs":[0.0,2.32981]},"82o":{"weight":0.0,"played":[0.0,1.0],"evs":[0.0,2.61953]},"92o":{"weight":0.0,"played":[0.0,1.0],"evs":[0.0,2.66266]},"T2o":{"weight":0.0,"played":[0.0,1.0],"evs":[0.0,2.62232]},"J2o":{"weight":0.0,"played":[0.0,1.0],"evs":[0.0,2.6784]},"Q2o":{"weight":0.0,"played":[0.0,1.0],"evs":[0.0,2.89654]},"K2o":{"weight":0.0,"played":[0.0,1.0],"evs":[0.0,2.99731]},"A2o":{"weight":0.0,"played":[0.0,1.0],"evs":[0.0,2.9287]},"32s":{"weight":0.0,"played":[0.0,1.0],"evs":[0.0,3.61433]},"33":{"weight":0.0125,"played":[0.0,1.0],"evs":[0.0,5.49246]},"43o":{"weight":0.0,"played":[0.0,1.0],"evs":[0.0,3.15486]},"53o":{"weight":0.0,"played":[0.0,1.0],"evs":[0.0,3.28064]},"63o":{"weight":0.0,"played":[0.0,1.0],"evs":[0.0,3.06137]},"73o":{"weight":0.0,"played":[0.0,1.0],"evs":[0.0,2.81425]},"83o":{"weight":0.0,"played":[0.0,1.0],"evs":[0.0,2.6459]},"93o":{"weight":0.0,"played":[0.0,1.0],"evs":[0.0,2.81126]},"T3o":{"weight":0.0,"played":[0.0,1.0],"evs":[0.0,2.73395]},"J3o":{"weight":0.0,"played":[0.0,1.0],"evs":[0.0,2.78452]},"Q3o":{"weight":0.0,"played":[0.0,1.0],"evs":[0.0,2.99152]},"K3o":{"weight":0.0,"played":[0.0,1.0],"evs":[0.0,3.18714]},"A3o":{"weight":0.0,"played":[0.0,1.0],"evs":[0.0,3.12005]},"42s":{"weight":0.0,"played":[0.0,1.0],"evs":[0.0,3.79053]},"43s":{"weight":0.0,"played":[0.0,1.0],"evs":[0.0,4.23638]},"44":{"weight":0.212,"played":[0.0,1.0],"evs":[0.0,5.8214]},"54o":{"weight":0.0,"played":[0.0,1.0],"evs":[0.0,3.7902]},"64o":{"weight":0.0,"played":[0.0,1.0],"evs":[0.0,3.50609]},"74o":{"weight":0.0,"played":[0.0,1.0],"evs":[0.0,3.24898]},"84o":{"weight":0.0,"played":[0.0,1.0],"evs":[0.0,3.13587]},"94o":{"weight":0.0,"played":[0.0,1.0],"evs":[0.0,2.92147]},"T4o":{"weight":0.0,"played":[0.0,1.0],"evs":[0.0,2.89937]},"J4o":{"weight":0.0,"played":[0.0,1.0],"evs":[0.0,2.87792]},"Q4o":{"weight":0.0,"played":[0.0,1.0],"evs":[0.0,3.11077]},"K4o":{"weight":0.0,"played":[0.0,1.0],"evs":[0.0,3.26654]},"A4o":{"weight":0.0,"played":[0.0,1.0],"evs":[0.0,3.29839]},"52s":{"weight":0.0,"played":[0.0,1.0],"evs":[0.0,4.01935]},"53s":{"weight":0.0,"played":[0.0,1.0],"evs":[0.0,4.32504]},"54s":{"weight":0.0,"played":[0.0,1.0],"evs":[0.0,4.84681]},"55":{"weight":0.0391,"played":[0.0,1.0],"evs":[0.0,6.24545]},"65o":{"weight":0.0,"played":[0.0,1.0],"evs":[0.0,3.94018]},"75o":{"weight":0.0,"played":[0.0,1.0],"evs":[0.0,3.77883]},"85o":{"weight":0.0,"played":[0.0,1.0],"evs":[0.0,3.58187]},"95o":{"weight":0.0,"played":[0.0,1.0],"evs":[0.0,3.28364]},"T5o":{"weight":0.0,"played":[0.0,1.0],"evs":[0.0,2.95307]},"J5o":{"weight":0.0,"played":[0.0,1.0],"evs":[0.0,3.02731]},"Q5o":{"weight":0.0,"played":[0.0,1.0],"evs":[0.0,3.33694]},"K5o":{"weight":0.0,"played":[0.0,1.0],"evs":[0.0,3.45101]},"A5o":{"weight":0.0,"played":[0.0,1.0],"evs":[0.0,3.56177]},"62s":{"weight":0.0,"played":[0.0,1.0],"evs":[0.0,3.73734]},"63s":{"weight":0.0,"played":[0.0,1.0],"evs":[0.0,4.17934]},"64s":{"weight":0.0,"played":[0.0,1.0],"evs":[0.0,4.62101]},"65s":{"weight":0.0,"played":[0.0,1.0],"evs":[0.0,5.00948]},"66":{"weight":0.3771,"played":[0.0,1.0],"evs":[0.0,6.75255]},"76o":{"weight":0.0,"played":[0.0,1.0],"evs":[0.0,4.18449]},"86o":{"weight":0.0,"played":[0.0,1.0],"evs":[0.0,3.99276]},"96o":{"weight":0.0,"played":[0.0,1.0],"evs":[0.0,3.83209]},"T6o":{"weight":0.0,"played":[0.0,1.0],"evs":[0.0,3.39637]},"J6o":{"weight":0.0,"played":[0.0,1.0],"evs":[0.0,3.15557]},"Q6o":{"weight":0.0,"played":[0.0,1.0],"evs":[0.0,3.45833]},"K6o":{"weight":0.0,"played":[0.0,1.0],"evs":[0.0,3.54286]},"A6o":{"weight":0.0,"played":[0.0,1.0],"evs":[0.0,3.20711]},"72s":{"weight":0.0,"played":[0.0,1.0],"evs":[0.0,3.44381]},"73s":{"weight":0.0,"played":[0.0,1.0],"evs":[0.0,3.9]},"74s":{"weight":0.0,"played":[0.0,1.0],"evs":[0.0,4.4747]},"75s":{"weight":0.0,"played":[0.0,1.0],"evs":[0.0,4.78799]},"76s":{"weight":0.0,"played":[0.0,1.0],"evs":[0.0,5.12217]},"77":{"weight":0.0492,"played":[0.0,1.0],"evs":[0.0,7.50282]},"87o":{"weight":0.0,"played":[0.0,1.0],"evs":[0.0,4.37242]},"97o":{"weight":0.0,"played":[0.0,1.0],"evs":[0.0,4.16873]},"T7o":{"weight":0.0,"played":[0.0,1.0],"evs":[0.0,3.85485]},"J7o":{"weight":0.0,"played":[0.0,1.0],"evs":[0.0,3.51265]},"Q7o":{"weight":0.0,"played":[0.0,1.0],"evs":[0.0,3.49033]},"K7o":{"weight":0.0,"played":[0.0,1.0],"evs":[0.0,3.67352]},"A7o":{"weight":0.0,"played":[0.0,1.0],"evs":[0.0,3.46272]},"82s":{"weight":0.0,"played":[0.0,1.0],"evs":[0.0,3.74032]},"83s":{"weight":0.0,"played":[0.0,1.0],"evs":[0.0,3.77855]},"84s":{"weight":0.0,"played":[0.0,1.0],"evs":[0.0,4.12249]},"85s":{"weight":0.0,"played":[0.0,1.0],"evs":[0.0,4.63305]},"86s":{"weight":0.0,"played":[0.0,1.0],"evs":[0.0,5.04858]},"87s":{"weight":0.0,"played":[0.0,1.0],"evs":[0.0,5.34737]},"88":{"weight":0.3264,"played":[0.0,1.0],"evs":[0.0,8.24985]},"98o":{"weight":0.0,"played":[0.0,1.0],"evs":[0.0,4.63114]},"T8o":{"weight":0.0,"played":[0.0,1.0],"evs":[0.0,4.33444]},"J8o":{"weight":0.0,"played":[0.0,1.0],"evs":[0.0,4.0713]},"Q8o":{"weight":0.0,"played":[0.0,1.0],"evs":[0.0,3.97347]},"K8o":{"weight":0.0,"played":[0.0,1.0],"evs":[0.0,3.84572]},"A8o":{"weight":0.0,"played":[0.0,1.0],"evs":[0.0,3.79906]},"92s":{"weight":0.0,"played":[0.0,1.0],"evs":[0.0,3.86565]},"93s":{"weight":0.0,"played":[0.0,1.0],"evs":[0.0,3.91725]},"94s":{"weight":0.0,"played":[0.0,1.0],"evs":[0.0,4.00883]},"95s":{"weight":0.0,"played":[0.0,1.0],"evs":[0.0,4.46142]},"96s":{"weight":0.0,"played":[0.0,1.0],"evs":[0.0,4.79511]},"97s":{"weight":0.0,"played":[0.0,1.0],"evs":[0.0,5.16445]},"98s":{"weight":0.0,"played":[0.0,1.0],"evs":[0.0,5.66728]},"99":{"weight":0.2906,"played":[0.0,1.0],"evs":[0.0,9.1655]},"T9o":{"weight":0.0,"played":[0.0,1.0],"evs":[0.0,4.78608]},"J9o":{"weight":0.0,"played":[0.0,1.0],"evs":[0.0,4.46454]},"Q9o":{"weight":0.0,"played":[0.0,1.0],"evs":[0.0,4.44114]},"K9o":{"weight":0.0,"played":[0.0,1.0],"evs":[0.0,4.30175]},"A9o":{"weight":0.3924,"played":[0.0,1.0],"evs":[0.0,4.03548]},"T2s":{"weight":0.0,"played":[0.0,1.0],"evs":[0.0,3.73147]},"T3s":{"weight":0.0,"played":[0.0,1.0],"evs":[0.0,3.86927]},"T4s":{"weight":0.0,"played":[0.0,1.0],"evs":[0.0,3.99594]},"T5s":{"weight":0.0,"played":[0.0,1.0],"evs":[0.0,4.05366]},"T6s":{"weight":0.0,"played":[0.0,1.0],"evs":[0.0,4.49925]},"T7s":{"weight":0.0,"played":[0.0,1.0],"evs":[0.0,4.91701]},"T8s":{"weight":0.0,"played":[0.0,1.0],"evs":[0.0,5.44318]},"T9s":{"weight":0.0,"played":[0.0,1.0],"evs":[0.0,5.68829]},"TT":{"weight":0.2578,"played":[0.0,1.0],"evs":[0.0,10.2765]},"JTo":{"weight":0.0,"played":[0.0,1.0],"evs":[0.0,4.86217]},"QTo":{"weight":0.0,"played":[0.0,1.0],"evs":[0.0,4.75207]},"KTo":{"weight":0.0,"played":[0.0,1.0],"evs":[0.0,4.65589]},"ATo":{"weight":0.2916,"played":[0.0,1.0],"evs":[0.0,4.94608]},"J2s":{"weight":0.0,"played":[0.0,1.0],"evs":[0.0,3.79281]},"J3s":{"weight":0.0,"played":[0.0,1.0],"evs":[0.0,3.94318]},"J4s":{"weight":0.0,"played":[0.0,1.0],"evs":[0.0,3.98787]},"J5s":{"weight":0.0,"played":[0.0,1.0],"evs":[0.0,4.20473]},"J6s":{"weight":0.0,"played":[0.0,1.0],"evs":[0.0,4.37683]},"J7s":{"weight":0.0,"played":[0.0,1.0],"evs":[0.0,4.66495]},"J8s":{"weight":0.0,"played":[0.0,1.0],"evs":[0.0,5.25169]},"J9s":{"weight":0.0,"played":[0.0,1.0],"evs":[0.0,5.46157]},"JTs":{"weight":1.0E-4,"played":[0.0,1.0],"evs":[0.0,5.84137]},"JJ":{"weight":0.2588,"played":[0.0,1.0],"evs":[0.0,11.53493]},"QJo":{"weight":0.0,"played":[0.0,1.0],"evs":[0.0,4.82245]},"KJo":{"weight":0.0015,"played":[0.0,1.0],"evs":[0.0,4.94343]},"AJo":{"weight":0.2097,"played":[0.0,1.0],"evs":[0.0,6.10268]},"Q2s":{"weight":0.0,"played":[0.0,1.0],"evs":[0.0,3.968]},"Q3s":{"weight":0.0,"played":[0.0,1.0],"evs":[0.0,4.10399]},"Q4s":{"weight":0.0,"played":[0.0,1.0],"evs":[0.0,4.2015]},"Q5s":{"weight":0.0,"played":[0.0,1.0],"evs":[0.0,4.40353]},"Q6s":{"weight":0.0,"played":[0.0,1.0],"evs":[0.0,4.47823]},"Q7s":{"weight":0.0,"played":[0.0,1.0],"evs":[0.0,4.59322]},"Q8s":{"weight":0.0,"played":[0.0,1.0],"evs":[0.0,5.022]},"Q9s":{"weight":0.0,"played":[0.0,1.0],"evs":[0.0,5.41745]},"QTs":{"weight":4.0E-4,"played":[0.0,1.0],"evs":[0.0,5.73676]},"QJs":{"weight":0.3042,"played":[0.0,1.0],"evs":[0.0,5.88835]},"QQ":{"weight":0.2114,"played":[0.0,1.0],"evs":[0.0,12.88962]},"KQo":{"weight":0.1851,"played":[0.0,1.0],"evs":[0.0,5.49702]},"AQo":{"weight":0.198,"played":[0.0,1.0],"evs":[0.0,7.53058]},"K2s":{"weight":0.0,"played":[0.0,1.0],"evs":[0.0,4.08635]},"K3s":{"weight":0.0,"played":[0.0,1.0],"evs":[0.0,4.40748]},"K4s":{"weight":0.0,"played":[0.0,1.0],"evs":[0.0,4.5276]},"K5s":{"weight":0.0,"played":[0.0,1.0],"evs":[0.0,4.65631]},"K6s":{"weight":0.0,"played":[0.0,1.0],"evs":[0.0,4.77128]},"K7s":{"weight":0.0,"played":[0.0,1.0],"evs":[0.0,4.80545]},"K8s":{"weight":0.0,"played":[0.0,1.0],"evs":[0.0,4.97712]},"K9s":{"weight":0.0,"played":[0.0,1.0],"evs":[0.0,5.33145]},"KTs":{"weight":0.2254,"played":[0.0,1.0],"evs":[0.0,5.69778]},"KJs":{"weight":0.1548,"played":[0.0,1.0],"evs":[0.0,5.92764]},"KQs":{"weight":0.1798,"played":[0.0,1.0],"evs":[0.0,6.46133]},"KK":{"weight":0.2298,"played":[0.0,1.0],"evs":[0.0,14.99236]},"AKo":{"weight":0.2196,"played":[0.0,1.0],"evs":[0.0,9.16682]},"A2s":{"weight":0.0,"played":[0.0,1.0],"evs":[0.0,4.07578]},"A3s":{"weight":0.0,"played":[0.0,1.0],"evs":[0.0,4.36351]},"A4s":{"weight":0.0,"played":[0.0,1.0],"evs":[0.0,4.41318]},"A5s":{"weight":0.2448,"played":[0.0,1.0],"evs":[0.0,4.57917]},"A6s":{"weight":0.0034,"played":[0.0,1.0],"evs":[0.0,4.35684]},"A7s":{"weight":0.3443,"played":[0.0,1.0],"evs":[0.0,4.61326]},"A8s":{"weight":0.3697,"played":[0.0,1.0],"evs":[0.0,4.9034]},"A9s":{"weight":0.1586,"played":[0.0,1.0],"evs":[0.0,5.18136]},"ATs":{"weight":0.3063,"played":[0.0,1.0],"evs":[0.0,5.94931]},"AJs":{"weight":0.6377,"played":[0.0,1.0],"evs":[0.0,6.95298]},"AQs":{"weight":0.0858,"played":[0.0,1.0],"evs":[0.0,8.37567]},"AKs":{"weight":0.1904,"played":[0.0,1.0],"evs":[0.0,9.98353]},"AA":{"weight":0.3298,"played":[0.0,1.0],"evs":[0.0,18.55767]}}}