{"player":5,"street":0,"children":2,"sequence":[{"player":0,"type":"F","amount":0,"street":0},{"player":1,"type":"R","amount":925000,"street":0},{"player":2,"type":"C","amount":925000,"street":0},{"player":3,"type":"R","amount":2335000,"street":0},{"player":4,"type":"C","amount":1295000,"street":0}],"actions":[{"type":"F","amount":0,"node":134},{"type":"C","amount":2235000,"node":135}],"hands":{"22":{"weight":1.0,"played":[0.896,0.104],"evs":[0.0,-2.05894]},"32o":{"weight":1.0,"played":[0.9997,3.0E-4],"evs":[0.0,-6.03106]},"42o":{"weight":1.0,"played":[0.9999,1.0E-4],"evs":[0.0,-6.17784]},"52o":{"weight":1.0,"played":[1.0,0.0],"evs":[0.0,-5.1955]},"62o":{"weight":1.0,"played":[0.9999,1.0E-4],"evs":[0.0,-4.77742]},"72o":{"weight":1.0,"played":[1.0,0.0],"evs":[0.0,-6.34489]},"82o":{"weight":1.0,"played":[0.9999,1.0E-4],"evs":[0.0,-6.14284]},"92o":{"weight":1.0,"played":[1.0,0.0],"evs":[0.0,-7.12809]},"T2o":{"weight":1.0,"played":[0.9973,0.0027],"evs":[0.0,-7.23987]},"J2o":{"weight":1.0,"played":[0.9997,3.0E-4],"evs":[0.0,-5.63671]},"Q2o":{"weight":1.0,"played":[0.9983,0.0017],"evs":[0.0,-6.72708]},"K2o":{"weight":1.0,"played":[0.9983,0.0017],"evs":[0.0,-5.48171]},"A2o":{"weight":1.0,"played":[0.9994,6.0E-4],"evs":[0.0,-5.87502]},"32s":{"weight":1.0,"played":[0.9982,0.0018],"evs":[0.0,-4.17263]},"33":{"weight":1.0,"played":[0.9766,0.0234],"evs":[0.0,-0.95085]},"43o":{"weight":1.0,"played":[0.9976,0.0024],"evs":[0.0,-4.15687]},"53o":{"weight":1.0,"played":[0.9991,9.0E-4],"evs":[0.0,-3.59945]},"63o":{"weight":1.0,"played":[1.0,0.0],"evs":[0.0,-4.79786]},"73o":{"weight":1.0,"played":[0.9999,1.0E-4],"evs":[0.0,-4.96103]},"83o":{"weight":1.0,"played":[0.9988,0.0012],"evs":[0.0,-6.22107]},"93o":{"weight":1.0,"played":[0.9998,2.0E-4],"evs":[0.0,-7.26817]},"T3o":{"weight":1.0,"played":[0.9992,8.0E-4],"evs":[0.0,-5.77118]},"J3o":{"weight":1.0,"played":[0.9998,2.0E-4],"evs":[0.0,-5.42708]},"Q3o":{"weight":1.0,"played":[0.9988,0.0012],"evs":[0.0,-5.88424]},"K3o":{"weight":1.0,"played":[1.0,0.0],"evs":[0.0,-5.10547]},"A3o":{"weight":1.0,"played":[0.9954,0.0046],"evs":[0.0,-6.85713]},"42s":{"weight":1.0,"played":[0.9998,2.0E-4],"evs":[0.0,-2.12215]},"43s":{"weight":1.0,"played":[0.9514,0.0486],"evs":[0.0,-0.56643]},"44":{"weight":1.0,"played":[0.8762,0.1238],"evs":[0.0,-0.88232]},"54o":{"weight":1.0,"played":[0.9995,5.0E-4],"evs":[0.0,-3.56834]},"64o":{"weight":1.0,"played":[0.9991,9.0E-4],"evs":[0.0,-2.76146]},"74o":{"weight":1.0,"played":[1.0,0.0],"evs":[0.0,-4.60218]},"84o":{"weight":1.0,"played":[0.9999,1.0E-4],"evs":[0.0,-6.02054]},"94o":{"weight":1.0,"played":[0.9983,0.0017],"evs":[0.0,-6.76923]},"T4o":{"weight":1.0,"played":[1.0,0.0],"evs":[0.0,-5.36531]},"J4o":{"weight":1.0,"played":[0.9997,3.0E-4],"evs":[0.0,-6.18881]},"Q4o":{"weight":1.0,"played":[0.9979,0.0021],"evs":[0.0,-5.75684]},"K4o":{"weight":1.0,"played":[0.9995,5.0E-4],"evs":[0.0,-5.89158]},"A4o":{"weight":1.0,"played":[0.9983,0.0017],"evs":[0.0,-5.72431]},"52s":{"weight":1.0,"played":[1.0,0.0],"evs":[0.0,-3.34671]},"53s":{"weight":1.0,"played":[0.1935,0.8065],"evs":[0.0,-0.59122]},"54s":{"weight":1.0,"played":[0.2138,0.7862],"evs":[0.0,0.10128]},"55":{"weight":1.0,"played":[0.8568,0.1432],"evs":[0.0,0.03351]},"65o":{"weight":1.0,"played":[0.999,0.001],"evs":[0.0,-2.581]},"75o":{"weight":1.0,"played":[0.996,0.004],"evs":[0.0,-4.13845]},"85o":{"weight":1.0,"played":[0.9946,0.0054],"evs":[0.0,-4.4694]},"95o":{"weight":1.0,"played":[0.9924,0.0076],"evs":[0.0,-5.64814]},"T5o":{"weight":1.0,"played":[0.9995,5.0E-4],"evs":[0.0,-4.8191]},"J5o":{"weight":1.0,"played":[0.9981,0.0019],"evs":[0.0,-5.98296]},"Q5o":{"weight":1.0,"played":[0.9923,0.0077],"evs":[0.0,-5.70325]},"K5o":{"weight":1.0,"played":[0.9996,4.0E-4],"evs":[0.0,-5.95412]},"A5o":{"weight":1.0,"played":[0.9912,0.0088],"evs":[0.0,-5.36366]},"62s":{"weight":1.0,"played":[0.9978,0.0022],"evs":[0.0,-5.27695]},"63s":{"weight":1.0,"played":[0.8653,0.1347],"evs":[0.0,-3.07251]},"64s":{"weight":1.0,"played":[0.3333,0.6667],"evs":[0.0,0.65377]},"65s":{"weight":1.0,"played":[0.4461,0.5539],"evs":[0.0,-0.81678]},"66":{"weight":1.0,"played":[0.1101,0.8899],"evs":[0.0,0.25264]},"76o":{"weight":1.0,"played":[0.9958,0.0042],"evs":[0.0,-4.20911]},"86o":{"weight":1.0,"played":[0.9864,0.0136],"evs":[0.0,-2.64011]},"96o":{"weight":1.0,"played":[0.9969,0.0031],"evs":[0.0,-3.94233]},"T6o":{"weight":1.0,"played":[0.9983,0.0017],"evs":[0.0,-4.92185]},"J6o":{"weight":1.0,"played":[0.9988,0.0012],"evs":[0.0,-6.00405]},"Q6o":{"weight":1.0,"played":[0.9994,6.0E-4],"evs":[0.0,-5.43927]},"K6o":{"weight":1.0,"played":[0.9995,5.0E-4],"evs":[0.0,-5.01765]},"A6o":{"weight":1.0,"played":[0.9967,0.0033],"evs":[0.0,-7.17867]},"72s":{"weight":1.0,"played":[0.9998,2.0E-4],"evs":[0.0,-2.90001]},"73s":{"weight":1.0,"played":[0.9872,0.0128],"evs":[0.0,-5.68901]},"74s":{"weight":1.0,"played":[0.8079,0.1921],"evs":[0.0,0.00161]},"75s":{"weight":1.0,"played":[0.9826,0.0174],"evs":[0.0,-2.40437]},"76s":{"weight":1.0,"played":[0.0939,0.9061],"evs":[0.0,0.57261]},"77":{"weight":1.0,"played":[0.0466,0.9534],"evs":[0.0,1.0861]},"87o":{"weight":1.0,"played":[0.9925,0.0075],"evs":[0.0,-3.36034]},"97o":{"weight":1.0,"played":[0.9937,0.0063],"evs":[0.0,-2.6087]},"T7o":{"weight":1.0,"played":[0.9998,2.0E-4],"evs":[0.0,-3.99311]},"J7o":{"weight":1.0,"played":[0.9994,6.0E-4],"evs":[0.0,-6.19831]},"Q7o":{"weight":1.0,"played":[0.9996,4.0E-4],"evs":[0.0,-5.41073]},"K7o":{"weight":1.0,"played":[1.0,0.0],"evs":[0.0,-4.46493]},"A7o":{"weight":1.0,"played":[0.9907,0.0093],"evs":[0.0,-7.20325]},"82s":{"weight":1.0,"played":[0.97,0.03],"evs":[0.0,-3.13136]},"83s":{"weight":1.0,"played":[0.9995,5.0E-4],"evs":[0.0,-3.82906]},"84s":{"weight":1.0,"played":[0.9933,0.0067],"evs":[0.0,-3.59792]},"85s":{"weight":1.0,"played":[0.4441,0.5559],"evs":[0.0,-0.11245]},"86s":{"weight":1.0,"played":[0.9586,0.0414],"evs":[0.0,-0.78477]},"87s":{"weight":1.0,"played":[0.8289,0.1711],"evs":[0.0,0.51755]},"88":{"weight":1.0,"played":[9.0E-4,0.9991],"evs":[0.0,3.78247]},"98o":{"weight":1.0,"played":[0.9976,0.0024],"evs":[0.0,-2.29993]},"T8o":{"weight":1.0,"played":[0.9913,0.0087],"evs":[0.0,-2.46863]},"J8o":{"weight":1.0,"played":[0.9944,0.0056],"evs":[0.0,-3.02353]},"Q8o":{"weight":1.0,"played":[0.9997,3.0E-4],"evs":[0.0,-4.00612]},"K8o":{"weight":1.0,"played":[0.9919,0.0081],"evs":[0.0,-6.05358]},"A8o":{"weight":1.0,"played":[0.9889,0.0111],"evs":[0.0,-5.73009]},"92s":{"weight":1.0,"played":[0.9962,0.0038],"evs":[0.0,-3.09037]},"93s":{"weight":1.0,"played":[0.9573,0.0427],"evs":[0.0,-3.68406]},"94s":{"weight":1.0,"played":[0.994,0.006],"evs":[0.0,-4.20775]},"95s":{"weight":1.0,"played":[0.9511,0.0489],"evs":[0.0,-4.32587]},"96s":{"weight":1.0,"played":[0.6309,0.3691],"evs":[0.0,-1.60794]},"97s":{"weight":1.0,"played":[0.9923,0.0077],"evs":[0.0,-1.53842]},"98s":{"weight":1.0,"played":[0.9901,0.0099],"evs":[0.0,-1.66234]},"99":{"weight":1.0,"played":[0.0067,0.9933],"evs":[0.0,2.15639]},"T9o":{"weight":1.0,"played":[0.9977,0.0023],"evs":[0.0,-3.73663]},"J9o":{"weight":1.0,"played":[0.9848,0.0152],"evs":[0.0,-2.91171]},"Q9o":{"weight":1.0,"played":[0.9942,0.0058],"evs":[0.0,-4.30498]},"K9o":{"weight":1.0,"played":[0.9967,0.0033],"evs":[0.0,-5.24959]},"A9o":{"weight":1.0,"played":[0.9954,0.0046],"evs":[0.0,-5.10353]},"T2s":{"weight":1.0,"played":[0.9781,0.0219],"evs":[0.0,-2.613]},"T3s":{"weight":1.0,"played":[0.9822,0.0178],"evs":[0.0,-5.15902]},"T4s":{"weight":1.0,"played":[0.9999,1.0E-4],"evs":[0.0,-3.01438]},"T5s":{"weight":1.0,"played":[0.9987,0.0013],"evs":[0.0,-5.19365]},"T6s":{"weight":1.0,"played":[0.9911,0.0089],"evs":[0.0,-2.69718]},"T7s":{"weight":1.0,"played":[0.9985,0.0015],"evs":[0.0,-3.81725]},"T8s":{"weight":1.0,"played":[0.9911,0.0089],"evs":[0.0,-1.78756]},"T9s":{"weight":1.0,"played":[0.4765,0.5235],"evs":[0.0,-0.41641]},"TT":{"weight":1.0,"played":[1.0E-4,0.9999],"evs":[0.0,5.50932]},"JTo":{"weight":1.0,"played":[0.9982,0.0018],"evs":[0.0,-2.46905]},"QTo":{"weight":1.0,"played":[0.9905,0.0095],"evs":[0.0,-3.40275]},"KTo":{"weight":1.0,"played":[0.9856,0.0144],"evs":[0.0,-3.26828]},"ATo":{"weight":1.0,"played":[0.9844,0.0156],"evs":[0.0,-2.5262]},"J2s":{"weight":1.0,"played":[0.9954,0.0046],"evs":[0.0,-4.2538]},"J3s":{"weight":1.0,"played":[0.989,0.011],"evs":[0.0,-2.56975]},"J4s":{"weight":1.0,"played":[0.9981,0.0019],"evs":[0.0,-2.42363]},"J5s":{"weight":1.0,"played":[0.9354,0.0646],"evs":[0.0,-4.12558]},"J6s":{"weight":1.0,"played":[0.9569,0.0431],"evs":[0.0,-3.07232]},"J7s":{"weight":1.0,"played":[0.9669,0.0331],"evs":[0.0,-1.86619]},"J8s":{"weight":1.0,"played":[0.9949,0.0051],"evs":[0.0,-4.27316]},"J9s":{"weight":1.0,"played":[0.866,0.134],"evs":[0.0,-0.28707]},"JTs":{"weight":1.0,"played":[0.7008,0.2992],"evs":[0.0,-1.0238]},"JJ":{"weight":1.0,"played":[0.0,1.0],"evs":[0.0,8.25843]},"QJo":{"weight":1.0,"played":[0.9964,0.0036],"evs":[0.0,-3.53462]},"KJo":{"weight":1.0,"played":[0.973,0.027],"evs":[0.0,-2.87112]},"AJo":{"weight":1.0,"played":[0.8631,0.1369],"evs":[0.0,-2.52876]},"Q2s":{"weight":1.0,"played":[0.9972,0.0028],"evs":[0.0,-5.68653]},"Q3s":{"weight":1.0,"played":[0.6007,0.3993],"evs":[0.0,-1.32341]},"Q4s":{"weight":1.0,"played":[0.9943,0.0057],"evs":[0.0,-2.96284]},"Q5s":{"weight":1.0,"played":[0.5137,0.4863],"evs":[0.0,0.12723]},"Q6s":{"weight":1.0,"played":[0.9933,0.0067],"evs":[0.0,-3.9963]},"Q7s":{"weight":1.0,"played":[0.9806,0.0194],"evs":[0.0,-3.34279]},"Q8s":{"weight":1.0,"played":[0.6204,0.3796],"evs":[0.0,-1.37651]},"Q9s":{"weight":1.0,"played":[0.9828,0.0172],"evs":[0.0,-2.57719]},"QTs":{"weight":1.0,"played":[0.6824,0.3176],"evs":[0.0,-0.1485]},"QJs":{"weight":1.0,"played":[0.752,0.248],"evs":[0.0,-2.10156]},"QQ":{"weight":1.0,"played":[0.0,1.0],"evs":[0.0,10.69012]},"KQo":{"weight":1.0,"played":[0.9841,0.0159],"evs":[0.0,-2.37169]},"AQo":{"weight":1.0,"played":[0.5681,0.4319],"evs":[0.0,-0.49715]},"K2s":{"weight":1.0,"played":[0.9879,0.0121],"evs":[0.0,-4.88226]},"K3s":{"weight":1.0,"played":[0.9003,0.0997],"evs":[0.0,-4.76519]},"K4s":{"weight":1.0,"played":[0.9782,0.0218],"evs":[0.0,-2.19634]},"K5s":{"weight":1.0,"played":[0.9814,0.0186],"evs":[0.0,-1.40829]},"K6s":{"weight":1.0,"played":[0.795,0.205],"evs":[0.0,-2.56973]},"K7s":{"weight":1.0,"played":[0.9594,0.0406],"evs":[0.0,-1.20856]},"K8s":{"weight":1.0,"played":[0.9819,0.0181],"evs":[0.0,-6.24555]},"K9s":{"weight":1.0,"played":[0.9966,0.0034],"evs":[0.0,-2.24031]},"KTs":{"weight":1.0,"played":[0.5793,0.4207],"evs":[0.0,-0.43697]},"KJs":{"weight":1.0,"played":[0.7497,0.2503],"evs":[0.0,-0.83436]},"KQs":{"weight":1.0,"played":[0.6051,0.3949],"evs":[0.0,-2.71035]},"KK":{"weight":1.0,"played":[0.0,1.0],"evs":[0.0,19.86513]},"AKo":{"weight":1.0,"played":[0.0451,0.9549],"evs":[0.0,1.78283]},"A2s":{"weight":1.0,"played":[0.9737,0.0263],"evs":[0.0,-3.27391]},"A3s":{"weight":1.0,"played":[0.9849,0.0151],"evs":[0.0,-5.65381]},"A4s":{"weight":1.0,"played":[0.9509,0.0491],"evs":[0.0,-1.31787]},"A5s":{"weight":1.0,"played":[0.8993,0.1007],"evs":[0.0,-2.72543]},"A6s":{"weight":1.0,"played":[0.9881,0.0119],"evs":[0.0,-3.75379]},"A7s":{"weight":1.0,"played":[0.9683,0.0317],"evs":[0.0,-3.59439]},"A8s":{"weight":1.0,"played":[0.9899,0.0101],"evs":[0.0,-3.5768]},"A9s":{"weight":1.0,"played":[0.9551,0.0449],"evs":[0.0,-4.26562]},"ATs":{"weight":1.0,"played":[0.64,0.36],"evs":[0.0,-1.44781]},"AJs":{"weight":1.0,"played":[0.151,0.849],"evs":[0.0,2.43927]},"AQs":{"weight":1.0,"played":[0.4592,0.5408],"evs":[0.0,1.64124]},"AKs":{"weight":1.0,"played":[0.0629,0.9371],"evs":[0.0,2.26945]},"AA":{"weight":1.0,"played":[0.0,1.0],"evs":[0.0,23.81934]}}}