{"player":2,"street":0,"children":2,"sequence":[{"player":0,"type":"F","amount":0,"street":0},{"player":1,"type":"R","amount":925000,"street":0},{"player":2,"type":"C","amount":925000,"street":0},{"player":3,"type":"R","amount":2335000,"street":0},{"player":4,"type":"C","amount":1295000,"street":0},{"player":5,"type":"C","amount":2235000,"street":0}],"actions":[{"type":"F","amount":0},{"type":"C","amount":480000}],"hands":{"22":{"weight":0.0,"played":[2.0E-4,0.9998],"evs":[0.0,3.84085]},"32o":{"weight":0.0,"played":[1.0E-4,0.9999],"evs":[0.0,2.04447]},"42o":{"weight":0.0,"played":[0.0,1.0],"evs":[0.0,2.78945]},"52o":{"weight":0.0,"played":[1.0E-4,0.9999],"evs":[0.0,2.87076]},"62o":{"weight":0.0,"played":[0.0,1.0],"evs":[0.0,2.14143]},"72o":{"weight":0.0,"played":[2.0E-4,0.9998],"evs":[0.0,1.40817]},"82o":{"weight":0.0,"played":[4.0E-4,0.9996],"evs":[0.0,2.01603]},"92o":{"weight":0.0,"played":[0.0012,0.9988],"evs":[0.0,1.34226]},"T2o":{"weight":0.0,"played":[0.0,1.0],"evs":[0.0,2.28923]},"J2o":{"weight":0.0,"played":[5.0E-4,0.9995],"evs":[0.0,2.29698]},"Q2o":{"weight":0.0,"played":[1.0E-4,0.9999],"evs":[0.0,1.96582]},"K2o":{"weight":0.0,"played":[3.0E-4,0.9997],"evs":[0.0,2.15625]},"A2o":{"weight":0.0,"played":[0.0,1.0],"evs":[0.0,1.4052]},"32s":{"weight":0.0,"played":[1.0E-4,0.9999],"evs":[0.0,3.60981]},"33":{"weight":0.0125,"played":[0.0,1.0],"evs":[0.0,3.71832]},"43o":{"weight":0.0,"played":[2.0E-4,0.9998],"evs":[0.0,3.93808]},"53o":{"weight":0.0,"played":[0.0,1.0],"evs":[0.0,3.3819]},"63o":{"weight":0.0,"played":[1.0E-4,0.9999],"evs":[0.0,3.30725]},"73o":{"weight":0.0,"played":[0.0,1.0],"evs":[0.0,2.17994]},"83o":{"weight":0.0,"played":[6.0E-4,0.9994],"evs":[0.0,1.52587]},"93o":{"weight":0.0,"played":[3.0E-4,0.9997],"evs":[0.0,2.5133]},"T3o":{"weight":0.0,"played":[9.0E-4,0.9991],"evs":[0.0,1.40888]},"J3o":{"weight":0.0,"played":[0.0,1.0],"evs":[0.0,2.31651]},"Q3o":{"weight":0.0,"played":[0.0,1.0],"evs":[0.0,2.23228]},"K3o":{"weight":0.0,"played":[0.0,1.0],"evs":[0.0,2.24996]},"A3o":{"weight":0.0,"played":[1.0E-4,0.9999],"evs":[0.0,2.14363]},"42s":{"weight":0.0,"played":[0.0,1.0],"evs":[0.0,4.43469]},"43s":{"weight":0.0,"played":[0.0,1.0],"evs":[0.0,6.07413]},"44":{"weight":0.212,"played":[1.0E-4,0.9999],"evs":[0.0,4.14298]},"54o":{"weight":0.0,"played":[0.0,1.0],"evs":[0.0,3.8559]},"64o":{"weight":0.0,"played":[0.0,1.0],"evs":[0.0,3.49788]},"74o":{"weight":0.0,"played":[8.0E-4,0.9992],"evs":[0.0,2.39093]},"84o":{"weight":0.0,"played":[0.0013,0.9987],"evs":[0.0,2.23927]},"94o":{"weight":0.0,"played":[4.0E-4,0.9996],"evs":[0.0,1.96061]},"T4o":{"weight":0.0,"played":[4.0E-4,0.9996],"evs":[0.0,2.26949]},"J4o":{"weight":0.0,"played":[0.0,1.0],"evs":[0.0,1.99355]},"Q4o":{"weight":0.0,"played":[2.0E-4,0.9998],"evs":[0.0,1.74139]},"K4o":{"weight":0.0,"played":[1.0E-4,0.9999],"evs":[0.0,2.20602]},"A4o":{"weight":0.0,"played":[2.0E-4,0.9998],"evs":[0.0,3.25868]},"52s":{"weight":0.0,"played":[0.001,0.999],"evs":[0.0,4.67458]},"53s":{"weight":0.0,"played":[0.0,1.0],"evs":[0.0,4.89269]},"54s":{"weight":0.0,"played":[1.0E-4,0.9999],"evs":[0.0,7.31424]},"55":{"weight":0.0391,"played":[0.0,1.0],"evs":[0.0,4.46132]},"65o":{"weight":0.0,"played":[3.0E-4,0.9997],"evs":[0.0,4.148]},"75o":{"weight":0.0,"played":[1.0E-4,0.9999],"evs":[0.0,3.74194]},"85o":{"weight":0.0,"played":[0.0024,0.9976],"evs":[0.0,2.72679]},"95o":{"weight":0.0,"played":[0.0,1.0],"evs":[0.0,2.42446]},"T5o":{"weight":0.0,"played":[0.0,1.0],"evs":[0.0,1.46178]},"J5o":{"weight":0.0,"played":[0.0,1.0],"evs":[0.0,2.01121]},"Q5o":{"weight":0.0,"played":[2.0E-4,0.9998],"evs":[0.0,1.8393]},"K5o":{"weight":0.0,"played":[0.0,1.0],"evs":[0.0,2.56148]},"A5o":{"weight":0.0,"played":[0.0,1.0],"evs":[0.0,2.12358]},"62s":{"weight":0.0,"played":[0.0013,0.9987],"evs":[0.0,4.09642]},"63s":{"weight":0.0,"played":[0.0,1.0],"evs":[0.0,4.43788]},"64s":{"weight":0.0,"played":[1.0E-4,0.9999],"evs":[0.0,4.91473]},"65s":{"weight":0.0,"played":[9.0E-4,0.9991],"evs":[0.0,4.49041]},"66":{"weight":0.3771,"played":[1.0E-4,0.9999],"evs":[0.0,5.33908]},"76o":{"weight":0.0,"played":[1.0E-4,0.9999],"evs":[0.0,4.09705]},"86o":{"weight":0.0,"played":[1.0E-4,0.9999],"evs":[0.0,3.96524]},"96o":{"weight":0.0,"played":[4.0E-4,0.9996],"evs":[0.0,2.79363]},"T6o":{"weight":0.0,"played":[0.0,1.0],"evs":[0.0,2.52318]},"J6o":{"weight":0.0,"played":[0.0,1.0],"evs":[0.0,1.46139]},"Q6o":{"weight":0.0,"played":[0.0,1.0],"evs":[0.0,2.50892]},"K6o":{"weight":0.0,"played":[0.0,1.0],"evs":[0.0,1.7139]},"A6o":{"weight":0.0,"played":[0.0,1.0],"evs":[0.0,2.0937]},"72s":{"weight":0.0,"played":[0.005,0.995],"evs":[0.0,3.84206]},"73s":{"weight":0.0,"played":[9.0E-4,0.9991],"evs":[0.0,4.16505]},"74s":{"weight":0.0,"played":[6.0E-4,0.9994],"evs":[0.0,5.0634]},"75s":{"weight":0.0,"played":[8.0E-4,0.9992],"evs":[0.0,5.5941]},"76s":{"weight":0.0,"played":[0.0,1.0],"evs":[0.0,6.50984]},"77":{"weight":0.0492,"played":[1.0E-4,0.9999],"evs":[0.0,5.77868]},"87o":{"weight":0.0,"played":[0.0,1.0],"evs":[0.0,3.66228]},"97o":{"weight":0.0,"played":[1.0E-4,0.9999],"evs":[0.0,3.89303]},"T7o":{"weight":0.0,"played":[1.0E-4,0.9999],"evs":[0.0,2.52377]},"J7o":{"weight":0.0,"played":[0.0,1.0],"evs":[0.0,2.24572]},"Q7o":{"weight":0.0,"played":[4.0E-4,0.9996],"evs":[0.0,2.17812]},"K7o":{"weight":0.0,"played":[0.0,1.0],"evs":[0.0,1.78322]},"A7o":{"weight":0.0,"played":[0.0,1.0],"evs":[0.0,3.3924]},"82s":{"weight":0.0,"played":[1.0E-4,0.9999],"evs":[0.0,3.13421]},"83s":{"weight":0.0,"played":[2.0E-4,0.9998],"evs":[0.0,3.12434]},"84s":{"weight":0.0,"played":[0.0,1.0],"evs":[0.0,4.09675]},"85s":{"weight":0.0,"played":[2.0E-4,0.9998],"evs":[0.0,4.64834]},"86s":{"weight":0.0,"played":[4.0E-4,0.9996],"evs":[0.0,4.94397]},"87s":{"weight":0.0,"played":[0.0017,0.9983],"evs":[0.0,4.06518]},"88":{"weight":0.3264,"played":[0.0,1.0],"evs":[0.0,5.52207]},"98o":{"weight":0.0,"played":[0.0,1.0],"evs":[0.0,3.36968]},"T8o":{"weight":0.0,"played":[0.0,1.0],"evs":[0.0,3.04559]},"J8o":{"weight":0.0,"played":[0.0,1.0],"evs":[0.0,2.79375]},"Q8o":{"weight":0.0,"played":[0.0,1.0],"evs":[0.0,2.85037]},"K8o":{"weight":0.0,"played":[0.0,1.0],"evs":[0.0,2.41692]},"A8o":{"weight":0.0,"played":[0.0,1.0],"evs":[0.0,1.98389]},"92s":{"weight":0.0,"played":[2.0E-4,0.9998],"evs":[0.0,4.2308]},"93s":{"weight":0.0,"played":[0.0,1.0],"evs":[0.0,2.97757]},"94s":{"weight":0.0,"played":[1.0E-4,0.9999],"evs":[0.0,4.22341]},"95s":{"weight":0.0,"played":[7.0E-4,0.9993],"evs":[0.0,3.41332]},"96s":{"weight":0.0,"played":[1.0E-4,0.9999],"evs":[0.0,5.17369]},"97s":{"weight":0.0,"played":[1.0E-4,0.9999],"evs":[0.0,6.15329]},"98s":{"weight":0.0,"played":[0.0,1.0],"evs":[0.0,4.88466]},"99":{"weight":0.2906,"played":[0.0,1.0],"evs":[0.0,7.83944]},"T9o":{"weight":0.0,"played":[0.0,1.0],"evs":[0.0,3.98892]},"J9o":{"weight":0.0,"played":[1.0E-4,0.9999],"evs":[0.0,4.28317]},"Q9o":{"weight":0.0,"played":[0.0,1.0],"evs":[0.0,3.69891]},"K9o":{"weight":0.0,"played":[1.0E-4,0.9999],"evs":[0.0,3.79634]},"A9o":{"weight":0.3924,"played":[0.0,1.0],"evs":[0.0,2.44823]},"T2s":{"weight":0.0,"played":[6.0E-4,0.9994],"evs":[0.0,3.46015]},"T3s":{"weight":0.0,"played":[0.0042,0.9958],"evs":[0.0,3.24252]},"T4s":{"weight":0.0,"played":[0.0,1.0],"evs":[0.0,4.79441]},"T5s":{"weight":0.0,"played":[0.0013,0.9987],"evs":[0.0,5.1296]},"T6s":{"weight":0.0,"played":[1.0E-4,0.9999],"evs":[0.0,5.14493]},"T7s":{"weight":0.0,"played":[1.0E-4,0.9999],"evs":[0.0,4.7635]},"T8s":{"weight":0.0,"played":[1.0E-4,0.9999],"evs":[0.0,5.65314]},"T9s":{"weight":0.0,"played":[0.0,1.0],"evs":[0.0,5.01687]},"TT":{"weight":0.2578,"played":[0.0,1.0],"evs":[0.0,8.49026]},"JTo":{"weight":0.0,"played":[0.0,1.0],"evs":[0.0,4.3702]},"QTo":{"weight":0.0,"played":[1.0E-4,0.9999],"evs":[0.0,3.62064]},"KTo":{"weight":0.0,"played":[1.0E-4,0.9999],"evs":[0.0,3.98726]},"ATo":{"weight":0.2916,"played":[0.0,1.0],"evs":[0.0,3.14001]},"J2s":{"weight":0.0,"played":[0.008,0.992],"evs":[0.0,3.34189]},"J3s":{"weight":0.0,"played":[0.0,1.0],"evs":[0.0,4.28808]},"J4s":{"weight":0.0,"played":[0.0,1.0],"evs":[0.0,3.80337]},"J5s":{"weight":0.0,"played":[3.0E-4,0.9997],"evs":[0.0,3.46532]},"J6s":{"weight":0.0,"played":[3.0E-4,0.9997],"evs":[0.0,4.19433]},"J7s":{"weight":0.0,"played":[8.0E-4,0.9992],"evs":[0.0,5.35602]},"J8s":{"weight":0.0,"played":[0.0,1.0],"evs":[0.0,5.0354]},"J9s":{"weight":0.0,"played":[0.0,1.0],"evs":[0.0,5.3267]},"JTs":{"weight":1.0E-4,"played":[5.0E-4,0.9995],"evs":[0.0,5.53112]},"JJ":{"weight":0.2588,"played":[0.0,1.0],"evs":[0.0,11.86558]},"QJo":{"weight":0.0,"played":[0.0,1.0],"evs":[0.0,4.87249]},"KJo":{"weight":0.0015,"played":[0.0,1.0],"evs":[0.0,4.38149]},"AJo":{"weight":0.2097,"played":[0.0,1.0],"evs":[0.0,4.4843]},"Q2s":{"weight":0.0,"played":[0.0012,0.9988],"evs":[0.0,3.92423]},"Q3s":{"weight":0.0,"played":[0.001,0.999],"evs":[0.0,2.82113]},"Q4s":{"weight":0.0,"played":[0.0049,0.9951],"evs":[0.0,3.99938]},"Q5s":{"weight":0.0,"played":[0.0,1.0],"evs":[0.0,4.6305]},"Q6s":{"weight":0.0,"played":[1.0E-4,0.9999],"evs":[0.0,4.07079]},"Q7s":{"weight":0.0,"played":[1.0E-4,0.9999],"evs":[0.0,3.43217]},"Q8s":{"weight":0.0,"played":[0.0,1.0],"evs":[0.0,4.10753]},"Q9s":{"weight":0.0,"played":[8.0E-4,0.9992],"evs":[0.0,3.85828]},"QTs":{"weight":4.0E-4,"played":[3.0E-4,0.9997],"evs":[0.0,7.16132]},"QJs":{"weight":0.3042,"played":[0.0,1.0],"evs":[0.0,7.43878]},"QQ":{"weight":0.2114,"played":[0.0,1.0],"evs":[0.0,13.27298]},"KQo":{"weight":0.1851,"played":[0.0,1.0],"evs":[0.0,4.36752]},"AQo":{"weight":0.198,"played":[0.0,1.0],"evs":[0.0,5.15664]},"K2s":{"weight":0.0,"played":[7.0E-4,0.9993],"evs":[0.0,3.20165]},"K3s":{"weight":0.0,"played":[0.0,1.0],"evs":[0.0,4.80374]},"K4s":{"weight":0.0,"played":[7.0E-4,0.9993],"evs":[0.0,4.27717]},"K5s":{"weight":0.0,"played":[2.0E-4,0.9998],"evs":[0.0,5.5292]},"K6s":{"weight":0.0,"played":[0.0013,0.9987],"evs":[0.0,4.02795]},"K7s":{"weight":0.0,"played":[1.0E-4,0.9999],"evs":[0.0,4.80167]},"K8s":{"weight":0.0,"played":[1.0E-4,0.9999],"evs":[0.0,5.07574]},"K9s":{"weight":0.0,"played":[0.0,1.0],"evs":[0.0,4.21918]},"KTs":{"weight":0.2254,"played":[0.0,1.0],"evs":[0.0,5.2947]},"KJs":{"weight":0.1548,"played":[0.0,1.0],"evs":[0.0,6.58488]},"KQs":{"weight":0.1798,"played":[1.0E-4,0.9999],"evs":[0.0,7.22618]},"KK":{"weight":0.2298,"played":[0.0,1.0],"evs":[0.0,15.86115]},"AKo":{"weight":0.2196,"played":[0.0,1.0],"evs":[0.0,6.81432]},"A2s":{"weight":0.0,"played":[0.0,1.0],"evs":[0.0,4.46435]},"A3s":{"weight":0.0,"played":[2.0E-4,0.9998],"evs":[0.0,5.36376]},"A4s":{"weight":0.0,"played":[0.001,0.999],"evs":[0.0,6.06319]},"A5s":{"weight":0.2448,"played":[2.0E-4,0.9998],"evs":[0.0,3.39867]},"A6s":{"weight":0.0034,"played":[1.0E-4,0.9999],"evs":[0.0,5.92968]},"A7s":{"weight":0.3443,"played":[0.0,1.0],"evs":[0.0,3.72117]},"A8s":{"weight":0.3697,"played":[2.0E-4,0.9998],"evs":[0.0,3.7604]},"A9s":{"weight":0.1586,"played":[0.0,1.0],"evs":[0.0,5.9645]},"ATs":{"weight":0.3063,"played":[0.0,1.0],"evs":[0.0,7.29252]},"AJs":{"weight":0.6377,"played":[0.0,1.0],"evs":[0.0,5.3471]},"AQs":{"weight":0.0858,"played":[1.0E-4,0.9999],"evs":[0.0,7.19294]},"AKs":{"weight":0.1904,"played":[1.0E-4,0.9999],"evs":[0.0,7.79786]},"AA":{"weight":0.3298,"played":[0.0,1.0],"evs":[0.0,20.96099]}}}