{"player":4,"street":0,"children":2,"sequence":[{"player":0,"type":"F","amount":0,"street":0},{"player":1,"type":"F","amount":0,"street":0},{"player":2,"type":"F","amount":0,"street":0},{"player":3,"type":"R","amount":200000,"street":0},{"player":4,"type":"C","amount":150000,"street":0},{"player":5,"type":"R","amount":2335000,"street":0},{"player":3,"type":"C","amount":2135000,"street":0}],"actions":[{"type":"F","amount":0},{"type":"C","amount":1145000}],"hands":{"22":{"weight":0.4751,"played":[1.0,0.0],"evs":[0.0,-0.37682]},"32o":{"weight":0.0,"played":[1.0,0.0],"evs":[0.0,-2.88999]},"42o":{"weight":0.0,"played":[1.0,0.0],"evs":[0.0,-2.73929]},"52o":{"weight":0.0,"played":[1.0,0.0],"evs":[0.0,-2.62189]},"62o":{"weight":0.0,"played":[1.0,0.0],"evs":[0.0,-2.80108]},"72o":{"weight":0.0,"played":[1.0,0.0],"evs":[0.0,-3.02999]},"82o":{"weight":0.0,"played":[1.0,0.0],"evs":[0.0,-2.69626]},"92o":{"weight":0.0,"played":[1.0,0.0],"evs":[0.0,-2.65654]},"T2o":{"weight":0.0,"played":[1.0,0.0],"evs":[0.0,-2.6277]},"J2o":{"weight":0.0,"played":[1.0,0.0],"evs":[0.0,-2.54805]},"Q2o":{"weight":0.0,"played":[1.0,0.0],"evs":[0.0,-2.3155]},"K2o":{"weight":0.0,"played":[1.0,0.0],"evs":[0.0,-2.05487]},"A2o":{"weight":0.063,"played":[1.0,0.0],"evs":[0.0,-2.39633]},"32s":{"weight":0.0,"played":[1.0,0.0],"evs":[0.0,-1.79439]},"33":{"weight":0.0,"played":[0.9917,0.0083],"evs":[0.0,-0.11373]},"43o":{"weight":0.0,"played":[1.0,0.0],"evs":[0.0,-2.25106]},"53o":{"weight":0.0,"played":[1.0,0.0],"evs":[0.0,-2.12184]},"63o":{"weight":0.0,"played":[1.0,0.0],"evs":[0.0,-2.35152]},"73o":{"weight":0.0,"played":[1.0,0.0],"evs":[0.0,-2.56147]},"83o":{"weight":0.0,"played":[1.0,0.0],"evs":[0.0,-2.66272]},"93o":{"weight":0.0,"played":[1.0,0.0],"evs":[0.0,-2.52186]},"T3o":{"weight":0.0,"played":[1.0,0.0],"evs":[0.0,-2.49816]},"J3o":{"weight":0.0,"played":[1.0,0.0],"evs":[0.0,-2.40406]},"Q3o":{"weight":0.0,"played":[1.0,0.0],"evs":[0.0,-2.18534]},"K3o":{"weight":0.0,"played":[1.0,0.0],"evs":[0.0,-1.94003]},"A3o":{"weight":0.3098,"played":[1.0,0.0],"evs":[0.0,-2.23571]},"42s":{"weight":0.0,"played":[1.0,0.0],"evs":[0.0,-1.6348]},"43s":{"weight":0.0,"played":[1.0,0.0],"evs":[0.0,-1.26387]},"44":{"weight":0.0,"played":[3.0E-4,0.9997],"evs":[0.0,0.27527]},"54o":{"weight":0.0,"played":[1.0,0.0],"evs":[0.0,-1.72087]},"64o":{"weight":0.0,"played":[1.0,0.0],"evs":[0.0,-1.8752]},"74o":{"weight":0.0,"played":[1.0,0.0],"evs":[0.0,-2.1179]},"84o":{"weight":0.0,"played":[1.0,0.0],"evs":[0.0,-2.21233]},"94o":{"weight":0.0,"played":[1.0,0.0],"evs":[0.0,-2.47966]},"T4o":{"weight":0.0,"played":[1.0,0.0],"evs":[0.0,-2.37902]},"J4o":{"weight":0.0,"played":[1.0,0.0],"evs":[0.0,-2.27393]},"Q4o":{"weight":0.0,"played":[1.0,0.0],"evs":[0.0,-2.07567]},"K4o":{"weight":0.0,"played":[1.0,0.0],"evs":[0.0,-1.82046]},"A4o":{"weight":0.0,"played":[1.0,0.0],"evs":[0.0,-2.0633]},"52s":{"weight":0.0,"played":[1.0,0.0],"evs":[0.0,-1.49544]},"53s":{"weight":0.0,"played":[1.0,0.0],"evs":[0.0,-1.07283]},"54s":{"weight":3.0E-4,"played":[1.0,0.0],"evs":[0.0,-0.6655]},"55":{"weight":0.0,"played":[0.0,1.0],"evs":[0.0,0.87735]},"65o":{"weight":0.0,"played":[1.0,0.0],"evs":[0.0,-1.47422]},"75o":{"weight":0.0,"played":[1.0,0.0],"evs":[0.0,-1.69539]},"85o":{"weight":0.0,"played":[1.0,0.0],"evs":[0.0,-1.80641]},"95o":{"weight":0.0,"played":[1.0,0.0],"evs":[0.0,-2.08212]},"T5o":{"weight":0.0,"played":[1.0,0.0],"evs":[0.0,-2.35114]},"J5o":{"weight":0.0,"played":[1.0,0.0],"evs":[0.0,-2.17718]},"Q5o":{"weight":0.0,"played":[1.0,0.0],"evs":[0.0,-1.93214]},"K5o":{"weight":0.0,"played":[1.0,0.0],"evs":[0.0,-1.69627]},"A5o":{"weight":0.0,"played":[1.0,0.0],"evs":[0.0,-1.76796]},"62s":{"weight":0.0,"played":[1.0,0.0],"evs":[0.0,-1.69716]},"63s":{"weight":0.0,"played":[1.0,0.0],"evs":[0.0,-1.28693]},"64s":{"weight":0.0,"played":[1.0,0.0],"evs":[0.0,-0.81516]},"65s":{"weight":0.0,"played":[1.0,0.0],"evs":[0.0,-0.49588]},"66":{"weight":0.0,"played":[0.0,1.0],"evs":[0.0,1.44391]},"76o":{"weight":0.0,"played":[1.0,0.0],"evs":[0.0,-1.23477]},"86o":{"weight":0.0,"played":[1.0,0.0],"evs":[0.0,-1.30665]},"96o":{"weight":0.0,"played":[1.0,0.0],"evs":[0.0,-1.61074]},"T6o":{"weight":0.0,"played":[1.0,0.0],"evs":[0.0,-1.80259]},"J6o":{"weight":0.0,"played":[1.0,0.0],"evs":[0.0,-2.05838]},"Q6o":{"weight":0.0,"played":[1.0,0.0],"evs":[0.0,-1.75196]},"K6o":{"weight":0.0,"played":[1.0,0.0],"evs":[0.0,-1.55695]},"A6o":{"weight":0.0,"played":[1.0,0.0],"evs":[0.0,-1.8332]},"72s":{"weight":0.0,"played":[1.0,0.0],"evs":[0.0,-1.85089]},"73s":{"weight":0.0,"played":[1.0,0.0],"evs":[0.0,-1.54005]},"74s":{"weight":0.0,"played":[1.0,0.0],"evs":[0.0,-1.04182]},"75s":{"weight":0.0,"played":[1.0,0.0],"evs":[0.0,-0.66745]},"76s":{"weight":0.0,"played":[1.0,0.0],"evs":[0.0,-0.22303]},"77":{"weight":0.0,"played":[0.0,1.0],"evs":[0.0,2.10999]},"87o":{"weight":0.0,"played":[1.0,0.0],"evs":[0.0,-0.94819]},"97o":{"weight":0.0,"played":[1.0,0.0],"evs":[0.0,-1.10095]},"T7o":{"weight":0.0,"played":[1.0,0.0],"evs":[0.0,-1.38408]},"J7o":{"weight":0.0,"played":[1.0,0.0],"evs":[0.0,-1.61724]},"Q7o":{"weight":0.0,"played":[1.0,0.0],"evs":[0.0,-1.65051]},"K7o":{"weight":0.0,"played":[1.0,0.0],"evs":[0.0,-1.4055]},"A7o":{"weight":0.0,"played":[1.0,0.0],"evs":[0.0,-1.30288]},"82s":{"weight":0.0,"played":[1.0,0.0],"evs":[0.0,-1.58833]},"83s":{"weight":0.0,"played":[1.0,0.0],"evs":[0.0,-1.56439]},"84s":{"weight":0.0,"played":[1.0,0.0],"evs":[0.0,-1.11085]},"85s":{"weight":0.0,"played":[1.0,0.0],"evs":[0.0,-0.75989]},"86s":{"weight":0.0,"played":[0.9963,0.0037],"evs":[0.0,-0.31263]},"87s":{"weight":0.0,"played":[0.2201,0.7799],"evs":[0.0,0.031]},"88":{"weight":0.0,"played":[0.0,1.0],"evs":[0.0,2.90924]},"98o":{"weight":0.0,"played":[1.0,0.0],"evs":[0.0,-0.70084]},"T8o":{"weight":0.0,"played":[1.0,0.0],"evs":[0.0,-0.77386]},"J8o":{"weight":0.0,"played":[1.0,0.0],"evs":[0.0,-1.05538]},"Q8o":{"weight":0.0,"played":[1.0,0.0],"evs":[0.0,-1.09315]},"K8o":{"weight":0.0,"played":[1.0,0.0],"evs":[0.0,-1.16064]},"A8o":{"weight":0.0,"played":[1.0,0.0],"evs":[0.0,-0.85908]},"92s":{"weight":0.0,"played":[1.0,0.0],"evs":[0.0,-1.54292]},"93s":{"weight":0.0,"played":[1.0,0.0],"evs":[0.0,-1.47518]},"94s":{"weight":0.0,"played":[1.0,0.0],"evs":[0.0,-1.39896]},"95s":{"weight":0.0,"played":[1.0,0.0],"evs":[0.0,-0.99096]},"96s":{"weight":0.0,"played":[1.0,0.0],"evs":[0.0,-0.54852]},"97s":{"weight":0.0,"played":[0.9645,0.0355],"evs":[0.0,-0.15916]},"98s":{"weight":0.0668,"played":[2.0E-4,0.9998],"evs":[0.0,0.31667]},"99":{"weight":0.0,"played":[0.0,1.0],"evs":[0.0,3.44873]},"T9o":{"weight":0.0,"played":[1.0,0.0],"evs":[0.0,-0.43396]},"J9o":{"weight":0.0,"played":[1.0,0.0],"evs":[0.0,-0.62034]},"Q9o":{"weight":0.0,"played":[1.0,0.0],"evs":[0.0,-0.68318]},"K9o":{"weight":0.0025,"played":[1.0,0.0],"evs":[0.0,-0.75241]},"A9o":{"weight":0.0,"played":[0.9999,1.0E-4],"evs":[0.0,-0.41944]},"T2s":{"weight":0.0,"played":[1.0,0.0],"evs":[0.0,-1.54279]},"T3s":{"weight":0.0,"played":[1.0,0.0],"evs":[0.0,-1.3659]},"T4s":{"weight":0.0,"played":[1.0,0.0],"evs":[0.0,-1.27313]},"T5s":{"weight":0.0,"played":[1.0,0.0],"evs":[0.0,-1.23595]},"T6s":{"weight":0.0,"played":[1.0,0.0],"evs":[0.0,-0.67928]},"T7s":{"weight":0.0,"played":[1.0,0.0],"evs":[0.0,-0.36257]},"T8s":{"weight":0.0036,"played":[0.0,1.0],"evs":[0.0,0.18842]},"T9s":{"weight":1.0,"played":[0.0,1.0],"evs":[0.0,0.60297]},"TT":{"weight":0.0,"played":[0.0,1.0],"evs":[0.0,4.56804]},"JTo":{"weight":4.0E-4,"played":[1.0,0.0],"evs":[0.0,-0.1695]},"QTo":{"weight":1.0,"played":[0.9997,3.0E-4],"evs":[0.0,-0.14982]},"KTo":{"weight":0.0,"played":[0.9985,0.0015],"evs":[0.0,-0.14251]},"ATo":{"weight":0.0,"played":[0.0,1.0],"evs":[0.0,0.74818]},"J2s":{"weight":0.0,"played":[1.0,0.0],"evs":[0.0,-1.42242]},"J3s":{"weight":0.0,"played":[1.0,0.0],"evs":[0.0,-1.33839]},"J4s":{"weight":0.0,"played":[1.0,0.0],"evs":[0.0,-1.1913]},"J5s":{"weight":0.0,"played":[1.0,0.0],"evs":[0.0,-1.09128]},"J6s":{"weight":0.0,"played":[1.0,0.0],"evs":[0.0,-0.97746]},"J7s":{"weight":0.0,"played":[1.0,0.0],"evs":[0.0,-0.56254]},"J8s":{"weight":1.0E-4,"played":[0.0285,0.9715],"evs":[0.0,0.03081]},"J9s":{"weight":1.0,"played":[1.0E-4,0.9999],"evs":[0.0,0.36382]},"JTs":{"weight":1.0,"played":[0.0,1.0],"evs":[0.0,0.79659]},"JJ":{"weight":0.0,"played":[0.0,1.0],"evs":[0.0,5.83026]},"QJo":{"weight":2.0E-4,"played":[0.246,0.754],"evs":[0.0,0.03559]},"KJo":{"weight":0.0,"played":[0.0,1.0],"evs":[0.0,0.16801]},"AJo":{"weight":0.0,"played":[0.0,1.0],"evs":[0.0,1.73603]},"Q2s":{"weight":0.0,"played":[1.0,0.0],"evs":[0.0,-1.10177]},"Q3s":{"weight":0.0,"played":[1.0,0.0],"evs":[0.0,-1.01482]},"Q4s":{"weight":0.0,"played":[1.0,0.0],"evs":[0.0,-0.90458]},"Q5s":{"weight":0.0,"played":[1.0,0.0],"evs":[0.0,-0.87815]},"Q6s":{"weight":0.0,"played":[1.0,0.0],"evs":[0.0,-0.62525]},"Q7s":{"weight":0.0,"played":[1.0,0.0],"evs":[0.0,-0.54329]},"Q8s":{"weight":0.2541,"played":[0.5152,0.4848],"evs":[0.0,-0.01176]},"Q9s":{"weight":1.0,"played":[1.0E-4,0.9999],"evs":[0.0,0.27803]},"QTs":{"weight":0.0061,"played":[0.0,1.0],"evs":[0.0,0.87897]},"QJs":{"weight":0.0,"played":[0.0,1.0],"evs":[0.0,0.98449]},"QQ":{"weight":0.0,"played":[0.0,1.0],"evs":[0.0,7.30537]},"KQo":{"weight":0.0,"played":[0.0,1.0],"evs":[0.0,0.77894]},"AQo":{"weight":0.0,"played":[0.0,1.0],"evs":[0.0,2.73091]},"K2s":{"weight":2.0E-4,"played":[1.0,0.0],"evs":[0.0,-0.98748]},"K3s":{"weight":3.0E-4,"played":[0.9999,1.0E-4],"evs":[0.0,-0.787]},"K4s":{"weight":0.0016,"played":[1.0,0.0],"evs":[0.0,-0.67487]},"K5s":{"weight":0.0545,"played":[1.0,0.0],"evs":[0.0,-0.64782]},"K6s":{"weight":0.7742,"played":[1.0,0.0],"evs":[0.0,-0.40909]},"K7s":{"weight":0.9999,"played":[1.0,0.0],"evs":[0.0,-0.33486]},"K8s":{"weight":1.0,"played":[0.9997,3.0E-4],"evs":[0.0,-0.07603]},"K9s":{"weight":1.0E-4,"played":[0.0,1.0],"evs":[0.0,0.27828]},"KTs":{"weight":0.0,"played":[0.0,1.0],"evs":[0.0,0.82647]},"KJs":{"weight":0.0,"played":[0.0,1.0],"evs":[0.0,1.22127]},"KQs":{"weight":0.0,"played":[0.0,1.0],"evs":[0.0,1.69242]},"KK":{"weight":0.0,"played":[0.0,1.0],"evs":[0.0,9.02239]},"AKo":{"weight":0.0,"played":[0.0,1.0],"evs":[0.0,3.92765]},"A2s":{"weight":0.0,"played":[1.0,0.0],"evs":[0.0,-1.16901]},"A3s":{"weight":0.0,"played":[1.0,0.0],"evs":[0.0,-1.04339]},"A4s":{"weight":0.0,"played":[1.0,0.0],"evs":[0.0,-0.83098]},"A5s":{"weight":0.0,"played":[0.9999,1.0E-4],"evs":[0.0,-0.59996]},"A6s":{"weight":0.0,"played":[1.0,0.0],"evs":[0.0,-0.67573]},"A7s":{"weight":0.0,"played":[0.9999,1.0E-4],"evs":[0.0,-0.29727]},"A8s":{"weight":0.0,"played":[0.0018,0.9982],"evs":[0.0,0.28691]},"A9s":{"weight":0.0,"played":[0.0,1.0],"evs":[0.0,0.68817]},"ATs":{"weight":0.0,"played":[0.0,1.0],"evs":[0.0,1.75217]},"AJs":{"weight":0.0,"played":[0.0,1.0],"evs":[0.0,2.6528]},"AQs":{"weight":0.0,"played":[0.0,1.0],"evs":[0.0,3.59359]},"AKs":{"weight":0.0,"played":[0.0,1.0],"evs":[0.0,4.71627]},"AA":{"weight":0.0,"played":[0.0,1.0],"evs":[0.0,12.86765]}}}