{"player":5,"street":0,"children":2,"sequence":[{"player":0,"type":"F","amount":0,"street":0},{"player":1,"type":"F","amount":0,"street":0},{"player":2,"type":"F","amount":0,"street":0},{"player":3,"type":"R","amount":200000,"street":0},{"player":4,"type":"R","amount":1345000,"street":0}],"actions":[{"type":"F","amount":0,"node":16},{"type":"R","amount":2335000,"node":17}],"hands":{"22":{"weight":1.0,"played":[0.5204,0.4796],"evs":[0.0,0.00284]},"32o":{"weight":1.0,"played":[1.0,0.0],"evs":[0.0,-3.82988]},"42o":{"weight":1.0,"played":[1.0,0.0],"evs":[0.0,-3.63048]},"52o":{"weight":1.0,"played":[1.0,0.0],"evs":[0.0,-3.42402]},"62o":{"weight":1.0,"played":[1.0,0.0],"evs":[0.0,-3.71791]},"72o":{"weight":1.0,"played":[1.0,0.0],"evs":[0.0,-3.9492]},"82o":{"weight":1.0,"played":[1.0,0.0],"evs":[0.0,-3.7279]},"92o":{"weight":1.0,"played":[1.0,0.0],"evs":[0.0,-3.6928]},"T2o":{"weight":1.0,"played":[1.0,0.0],"evs":[0.0,-3.57049]},"J2o":{"weight":1.0,"played":[1.0,0.0],"evs":[0.0,-3.4435]},"Q2o":{"weight":1.0,"played":[1.0,0.0],"evs":[0.0,-3.1748]},"K2o":{"weight":1.0,"played":[1.0,0.0],"evs":[0.0,-2.82697]},"A2o":{"weight":1.0,"played":[1.0,0.0],"evs":[0.0,-1.39392]},"32s":{"weight":1.0,"played":[1.0,0.0],"evs":[0.0,-2.66821]},"33":{"weight":1.0,"played":[0.0,1.0],"evs":[0.0,0.43412]},"43o":{"weight":1.0,"played":[1.0,0.0],"evs":[0.0,-3.15342]},"53o":{"weight":1.0,"played":[1.0,0.0],"evs":[0.0,-2.93958]},"63o":{"weight":1.0,"played":[1.0,0.0],"evs":[0.0,-3.19654]},"73o":{"weight":1.0,"played":[1.0,0.0],"evs":[0.0,-3.45962]},"83o":{"weight":1.0,"played":[1.0,0.0],"evs":[0.0,-3.66241]},"93o":{"weight":1.0,"played":[1.0,0.0],"evs":[0.0,-3.52863]},"T3o":{"weight":1.0,"played":[1.0,0.0],"evs":[0.0,-3.41362]},"J3o":{"weight":1.0,"played":[1.0,0.0],"evs":[0.0,-3.25295]},"Q3o":{"weight":1.0,"played":[1.0,0.0],"evs":[0.0,-2.98406]},"K3o":{"weight":1.0,"played":[1.0,0.0],"evs":[0.0,-2.63652]},"A3o":{"weight":1.0,"played":[1.0,0.0],"evs":[0.0,-1.21302]},"42s":{"weight":1.0,"played":[1.0,0.0],"evs":[0.0,-2.52725]},"43s":{"weight":1.0,"played":[1.0,0.0],"evs":[0.0,-1.99589]},"44":{"weight":1.0,"played":[0.0,1.0],"evs":[0.0,0.95688]},"54o":{"weight":1.0,"played":[1.0,0.0],"evs":[0.0,-2.46244]},"64o":{"weight":1.0,"played":[1.0,0.0],"evs":[0.0,-2.72767]},"74o":{"weight":1.0,"played":[1.0,0.0],"evs":[0.0,-2.95441]},"84o":{"weight":1.0,"played":[1.0,0.0],"evs":[0.0,-3.18845]},"94o":{"weight":1.0,"played":[1.0,0.0],"evs":[0.0,-3.43901]},"T4o":{"weight":1.0,"played":[1.0,0.0],"evs":[0.0,-3.24606]},"J4o":{"weight":1.0,"played":[1.0,0.0],"evs":[0.0,-3.11178]},"Q4o":{"weight":1.0,"played":[1.0,0.0],"evs":[0.0,-2.86991]},"K4o":{"weight":1.0,"played":[1.0,0.0],"evs":[0.0,-2.49178]},"A4o":{"weight":1.0,"played":[1.0,0.0],"evs":[0.0,-1.033]},"52s":{"weight":1.0,"played":[1.0,0.0],"evs":[0.0,-2.30084]},"53s":{"weight":1.0,"played":[1.0,0.0],"evs":[0.0,-1.80642]},"54s":{"weight":1.0,"played":[1.0,0.0],"evs":[0.0,-1.40956]},"55":{"weight":1.0,"played":[0.0,1.0],"evs":[0.0,1.59723]},"65o":{"weight":1.0,"played":[1.0,0.0],"evs":[0.0,-2.2523]},"75o":{"weight":1.0,"played":[1.0,0.0],"evs":[0.0,-2.444]},"85o":{"weight":1.0,"played":[1.0,0.0],"evs":[0.0,-2.67251]},"95o":{"weight":1.0,"played":[1.0,0.0],"evs":[0.0,-2.92878]},"T5o":{"weight":1.0,"played":[1.0,0.0],"evs":[0.0,-3.17822]},"J5o":{"weight":1.0,"played":[1.0,0.0],"evs":[0.0,-2.91146]},"Q5o":{"weight":1.0,"played":[1.0,0.0],"evs":[0.0,-2.65734]},"K5o":{"weight":1.0,"played":[1.0,0.0],"evs":[0.0,-2.27283]},"A5o":{"weight":1.0,"played":[1.0,0.0],"evs":[0.0,-0.72709]},"62s":{"weight":1.0,"played":[1.0,0.0],"evs":[0.0,-2.53458]},"63s":{"weight":1.0,"played":[1.0,0.0],"evs":[0.0,-2.0797]},"64s":{"weight":1.0,"played":[1.0,0.0],"evs":[0.0,-1.63703]},"65s":{"weight":1.0,"played":[1.0,0.0],"evs":[0.0,-1.1108]},"66":{"weight":1.0,"played":[0.0,1.0],"evs":[0.0,2.19701]},"76o":{"weight":1.0,"played":[1.0,0.0],"evs":[0.0,-1.99407]},"86o":{"weight":1.0,"played":[1.0,0.0],"evs":[0.0,-2.17925]},"96o":{"weight":1.0,"played":[1.0,0.0],"evs":[0.0,-2.42844]},"T6o":{"weight":1.0,"played":[1.0,0.0],"evs":[0.0,-2.62589]},"J6o":{"weight":1.0,"played":[1.0,0.0],"evs":[0.0,-2.81235]},"Q6o":{"weight":1.0,"played":[1.0,0.0],"evs":[0.0,-2.49446]},"K6o":{"weight":1.0,"played":[1.0,0.0],"evs":[0.0,-2.10078]},"A6o":{"weight":1.0,"played":[1.0,0.0],"evs":[0.0,-0.80087]},"72s":{"weight":1.0,"played":[1.0,0.0],"evs":[0.0,-2.76966]},"73s":{"weight":1.0,"played":[1.0,0.0],"evs":[0.0,-2.27168]},"74s":{"weight":1.0,"played":[1.0,0.0],"evs":[0.0,-1.84757]},"75s":{"weight":1.0,"played":[1.0,0.0],"evs":[0.0,-1.3696]},"76s":{"weight":1.0,"played":[1.0,0.0],"evs":[0.0,-0.93809]},"77":{"weight":1.0,"played":[0.0,1.0],"evs":[0.0,2.7639]},"87o":{"weight":1.0,"played":[1.0,0.0],"evs":[0.0,-1.77161]},"97o":{"weight":1.0,"played":[1.0,0.0],"evs":[0.0,-1.99819]},"T7o":{"weight":1.0,"played":[1.0,0.0],"evs":[0.0,-2.20313]},"J7o":{"weight":1.0,"played":[1.0,0.0],"evs":[0.0,-2.41732]},"Q7o":{"weight":1.0,"played":[1.0,0.0],"evs":[0.0,-2.44594]},"K7o":{"weight":1.0,"played":[1.0,0.0],"evs":[0.0,-2.00492]},"A7o":{"weight":1.0,"played":[1.0,0.0],"evs":[0.0,-0.306]},"82s":{"weight":1.0,"played":[1.0,0.0],"evs":[0.0,-2.55601]},"83s":{"weight":1.0,"played":[1.0,0.0],"evs":[0.0,-2.51737]},"84s":{"weight":1.0,"played":[1.0,0.0],"evs":[0.0,-2.0355]},"85s":{"weight":1.0,"played":[1.0,0.0],"evs":[0.0,-1.55236]},"86s":{"weight":1.0,"played":[1.0,0.0],"evs":[0.0,-1.10079]},"87s":{"weight":1.0,"played":[1.0,0.0],"evs":[0.0,-0.74558]},"88":{"weight":1.0,"played":[0.0,1.0],"evs":[0.0,3.4348]},"98o":{"weight":1.0,"played":[1.0,0.0],"evs":[0.0,-1.61729]},"T8o":{"weight":1.0,"played":[1.0,0.0],"evs":[0.0,-1.76154]},"J8o":{"weight":1.0,"played":[1.0,0.0],"evs":[0.0,-1.968]},"Q8o":{"weight":1.0,"played":[1.0,0.0],"evs":[0.0,-2.01689]},"K8o":{"weight":1.0,"played":[1.0,0.0],"evs":[0.0,-1.92087]},"A8o":{"weight":1.0,"played":[2.0E-4,0.9998],"evs":[0.0,0.2525]},"92s":{"weight":1.0,"played":[1.0,0.0],"evs":[0.0,-2.5218]},"93s":{"weight":1.0,"played":[1.0,0.0],"evs":[0.0,-2.34265]},"94s":{"weight":1.0,"played":[1.0,0.0],"evs":[0.0,-2.30441]},"95s":{"weight":1.0,"played":[1.0,0.0],"evs":[0.0,-1.8283]},"96s":{"weight":1.0,"played":[1.0,0.0],"evs":[0.0,-1.3426]},"97s":{"weight":1.0,"played":[1.0,0.0],"evs":[0.0,-0.90358]},"98s":{"weight":1.0,"played":[1.0,0.0],"evs":[0.0,-0.56384]},"99":{"weight":1.0,"played":[0.0,1.0],"evs":[0.0,4.23092]},"T9o":{"weight":1.0,"played":[1.0,0.0],"evs":[0.0,-1.37396]},"J9o":{"weight":1.0,"played":[1.0,0.0],"evs":[0.0,-1.50559]},"Q9o":{"weight":1.0,"played":[1.0,0.0],"evs":[0.0,-1.56761]},"K9o":{"weight":1.0,"played":[1.0,0.0],"evs":[0.0,-1.44997]},"A9o":{"weight":1.0,"played":[0.0,1.0],"evs":[0.0,0.87385]},"T2s":{"weight":1.0,"played":[1.0,0.0],"evs":[0.0,-2.41612]},"T3s":{"weight":1.0,"played":[1.0,0.0],"evs":[0.0,-2.25243]},"T4s":{"weight":1.0,"played":[1.0,0.0],"evs":[0.0,-2.15096]},"T5s":{"weight":1.0,"played":[1.0,0.0],"evs":[0.0,-1.99541]},"T6s":{"weight":1.0,"played":[1.0,0.0],"evs":[0.0,-1.55167]},"T7s":{"weight":1.0,"played":[1.0,0.0],"evs":[0.0,-1.1062]},"T8s":{"weight":1.0,"played":[1.0,0.0],"evs":[0.0,-0.74329]},"T9s":{"weight":1.0,"played":[0.9999,1.0E-4],"evs":[0.0,-0.38079]},"TT":{"weight":1.0,"played":[0.0,1.0],"evs":[0.0,5.38841]},"JTo":{"weight":1.0,"played":[1.0,0.0],"evs":[0.0,-0.99846]},"QTo":{"weight":1.0,"played":[1.0,0.0],"evs":[0.0,-0.98616]},"KTo":{"weight":1.0,"played":[1.0,0.0],"evs":[0.0,-0.64756]},"ATo":{"weight":1.0,"played":[0.0,1.0],"evs":[0.0,2.15557]},"J2s":{"weight":1.0,"played":[1.0,0.0],"evs":[0.0,-2.26283]},"J3s":{"weight":1.0,"played":[1.0,0.0],"evs":[0.0,-2.15388]},"J4s":{"weight":1.0,"played":[1.0,0.0],"evs":[0.0,-1.93084]},"J5s":{"weight":1.0,"played":[1.0,0.0],"evs":[0.0,-1.78873]},"J6s":{"weight":1.0,"played":[1.0,0.0],"evs":[0.0,-1.70286]},"J7s":{"weight":1.0,"played":[1.0,0.0],"evs":[0.0,-1.30591]},"J8s":{"weight":1.0,"played":[1.0,0.0],"evs":[0.0,-0.88772]},"J9s":{"weight":1.0,"played":[1.0,0.0],"evs":[0.0,-0.48786]},"JTs":{"weight":1.0,"played":[0.666,0.334],"evs":[0.0,-0.02977]},"JJ":{"weight":1.0,"played":[0.0,1.0],"evs":[0.0,6.6388]},"QJo":{"weight":1.0,"played":[1.0,0.0],"evs":[0.0,-0.64974]},"KJo":{"weight":1.0,"played":[0.9482,0.0518],"evs":[0.0,-0.00802]},"AJo":{"weight":1.0,"played":[0.0,1.0],"evs":[0.0,3.24322]},"Q2s":{"weight":1.0,"played":[1.0,0.0],"evs":[0.0,-1.98793]},"Q3s":{"weight":1.0,"played":[1.0,0.0],"evs":[0.0,-1.86663]},"Q4s":{"weight":1.0,"played":[1.0,0.0],"evs":[0.0,-1.69841]},"Q5s":{"weight":1.0,"played":[1.0,0.0],"evs":[0.0,-1.50322]},"Q6s":{"weight":1.0,"played":[1.0,0.0],"evs":[0.0,-1.33907]},"Q7s":{"weight":1.0,"played":[1.0,0.0],"evs":[0.0,-1.34001]},"Q8s":{"weight":1.0,"played":[1.0,0.0],"evs":[0.0,-0.89634]},"Q9s":{"weight":1.0,"played":[1.0,0.0],"evs":[0.0,-0.52311]},"QTs":{"weight":1.0,"played":[0.6516,0.3484],"evs":[0.0,0.00739]},"QJs":{"weight":1.0,"played":[0.0,1.0],"evs":[0.0,0.34617]},"QQ":{"weight":1.0,"played":[0.0,1.0],"evs":[0.0,8.0161]},"KQo":{"weight":1.0,"played":[0.0,1.0],"evs":[0.0,0.68872]},"AQo":{"weight":1.0,"played":[0.0,1.0],"evs":[0.0,4.26934]},"K2s":{"weight":1.0,"played":[1.0,0.0],"evs":[0.0,-1.64868]},"K3s":{"weight":1.0,"played":[1.0,0.0],"evs":[0.0,-1.47974]},"K4s":{"weight":1.0,"played":[1.0,0.0],"evs":[0.0,-1.35106]},"K5s":{"weight":1.0,"played":[1.0,0.0],"evs":[0.0,-1.17525]},"K6s":{"weight":1.0,"played":[1.0,0.0],"evs":[0.0,-0.99]},"K7s":{"weight":1.0,"played":[1.0,0.0],"evs":[0.0,-0.89068]},"K8s":{"weight":1.0,"played":[1.0,0.0],"evs":[0.0,-0.85468]},"K9s":{"weight":1.0,"played":[1.0,0.0],"evs":[0.0,-0.39764]},"KTs":{"weight":1.0,"played":[0.0,1.0],"evs":[0.0,0.3323]},"KJs":{"weight":1.0,"played":[0.0,1.0],"evs":[0.0,0.90474]},"KQs":{"weight":1.0,"played":[0.0,1.0],"evs":[0.0,1.64475]},"KK":{"weight":1.0,"played":[0.0,1.0],"evs":[0.0,9.61822]},"AKo":{"weight":1.0,"played":[0.0,1.0],"evs":[0.0,5.50301]},"A2s":{"weight":1.0,"played":[1.0,0.0],"evs":[0.0,-0.30837]},"A3s":{"weight":1.0,"played":[0.9999,1.0E-4],"evs":[0.0,-0.1839]},"A4s":{"weight":1.0,"played":[0.2934,0.7066],"evs":[0.0,0.07509]},"A5s":{"weight":1.0,"played":[0.0,1.0],"evs":[0.0,0.30771]},"A6s":{"weight":1.0,"played":[0.0,1.0],"evs":[0.0,0.29173]},"A7s":{"weight":1.0,"played":[0.0,1.0],"evs":[0.0,0.71813]},"A8s":{"weight":1.0,"played":[0.0,1.0],"evs":[0.0,1.20197]},"A9s":{"weight":1.0,"played":[0.0,1.0],"evs":[0.0,1.83305]},"ATs":{"weight":1.0,"played":[0.0,1.0],"evs":[0.0,3.0001]},"AJs":{"weight":1.0,"played":[0.0,1.0],"evs":[0.0,4.0332]},"AQs":{"weight":1.0,"played":[0.0,1.0],"evs":[0.0,4.94547]},"AKs":{"weight":1.0,"played":[0.0,1.0],"evs":[0.0,6.09059]},"AA":{"weight":1.0,"played":[0.0,1.0],"evs":[0.0,13.28907]}}}