{"player":4,"street":0,"children":2,"sequence":[{"player":0,"type":"R","amount":200000,"street":0},{"player":1,"type":"F","amount":0,"street":0},{"player":2,"type":"F","amount":0,"street":0},{"player":3,"type":"F","amount":0,"street":0},{"player":4,"type":"C","amount":150000,"street":0},{"player":5,"type":"R","amount":2335000,"street":0},{"player":0,"type":"C","amount":2135000,"street":0}],"actions":[{"type":"F","amount":0},{"type":"C","amount":1145000}],"hands":{"22":{"weight":1.0,"played":[1.0,0.0],"evs":[0.0,-1.35454]},"32o":{"weight":0.0,"played":[1.0,0.0],"evs":[0.0,-3.43938]},"42o":{"weight":0.0,"played":[1.0,0.0],"evs":[0.0,-3.17829]},"52o":{"weight":0.0,"played":[1.0,0.0],"evs":[0.0,-3.11325]},"62o":{"weight":0.0,"played":[1.0,0.0],"evs":[0.0,-3.25368]},"72o":{"weight":0.0,"played":[1.0,0.0],"evs":[0.0,-3.56369]},"82o":{"weight":0.0,"played":[1.0,0.0],"evs":[0.0,-3.25094]},"92o":{"weight":0.0,"played":[1.0,0.0],"evs":[0.0,-3.31628]},"T2o":{"weight":0.0,"played":[1.0,0.0],"evs":[0.0,-3.41409]},"J2o":{"weight":0.0,"played":[1.0,0.0],"evs":[0.0,-3.16348]},"Q2o":{"weight":0.0,"played":[1.0,0.0],"evs":[0.0,-2.82849]},"K2o":{"weight":0.0,"played":[1.0,0.0],"evs":[0.0,-2.48468]},"A2o":{"weight":0.0,"played":[1.0,0.0],"evs":[0.0,-3.23985]},"32s":{"weight":0.0,"played":[1.0,0.0],"evs":[0.0,-2.33173]},"33":{"weight":1.0,"played":[1.0,0.0],"evs":[0.0,-1.2358]},"43o":{"weight":0.0,"played":[1.0,0.0],"evs":[0.0,-2.86138]},"53o":{"weight":0.0,"played":[1.0,0.0],"evs":[0.0,-2.68883]},"63o":{"weight":0.0,"played":[1.0,0.0],"evs":[0.0,-2.78761]},"73o":{"weight":0.0,"played":[1.0,0.0],"evs":[0.0,-3.18017]},"83o":{"weight":0.0,"played":[1.0,0.0],"evs":[0.0,-3.24834]},"93o":{"weight":0.0,"played":[1.0,0.0],"evs":[0.0,-3.12148]},"T3o":{"weight":0.0,"played":[1.0,0.0],"evs":[0.0,-3.24438]},"J3o":{"weight":0.0,"played":[1.0,0.0],"evs":[0.0,-3.04882]},"Q3o":{"weight":0.0,"played":[1.0,0.0],"evs":[0.0,-2.76069]},"K3o":{"weight":0.0,"played":[1.0,0.0],"evs":[0.0,-2.39868]},"A3o":{"weight":0.0,"played":[1.0,0.0],"evs":[0.0,-3.12737]},"42s":{"weight":0.0,"played":[1.0,0.0],"evs":[0.0,-2.2076]},"43s":{"weight":0.0,"played":[1.0,0.0],"evs":[0.0,-1.83864]},"44":{"weight":0.005,"played":[1.0,0.0],"evs":[0.0,-0.93099]},"54o":{"weight":0.0,"played":[1.0,0.0],"evs":[0.0,-2.22802]},"64o":{"weight":0.0,"played":[1.0,0.0],"evs":[0.0,-2.43743]},"74o":{"weight":0.0,"played":[1.0,0.0],"evs":[0.0,-2.72729]},"84o":{"weight":0.0,"played":[1.0,0.0],"evs":[0.0,-2.86136]},"94o":{"weight":0.0,"played":[1.0,0.0],"evs":[0.0,-3.18205]},"T4o":{"weight":0.0,"played":[1.0,0.0],"evs":[0.0,-3.22613]},"J4o":{"weight":0.0,"played":[1.0,0.0],"evs":[0.0,-2.95354]},"Q4o":{"weight":0.0,"played":[1.0,0.0],"evs":[0.0,-2.58621]},"K4o":{"weight":0.0,"played":[1.0,0.0],"evs":[0.0,-2.36409]},"A4o":{"weight":0.0,"played":[1.0,0.0],"evs":[0.0,-3.07506]},"52s":{"weight":0.0,"played":[1.0,0.0],"evs":[0.0,-2.11607]},"53s":{"weight":0.0,"played":[1.0,0.0],"evs":[0.0,-1.58344]},"54s":{"weight":0.7817,"played":[1.0,0.0],"evs":[0.0,-1.20149]},"55":{"weight":0.0,"played":[0.994,0.006],"evs":[0.0,-0.55934]},"65o":{"weight":0.0,"played":[1.0,0.0],"evs":[0.0,-1.95595]},"75o":{"weight":0.0,"played":[1.0,0.0],"evs":[0.0,-2.32063]},"85o":{"weight":0.0,"played":[1.0,0.0],"evs":[0.0,-2.46193]},"95o":{"weight":0.0,"played":[1.0,0.0],"evs":[0.0,-2.72342]},"T5o":{"weight":0.0,"played":[1.0,0.0],"evs":[0.0,-3.07492]},"J5o":{"weight":0.0,"played":[1.0,0.0],"evs":[0.0,-2.94722]},"Q5o":{"weight":0.0,"played":[1.0,0.0],"evs":[0.0,-2.5416]},"K5o":{"weight":0.0,"played":[1.0,0.0],"evs":[0.0,-2.12982]},"A5o":{"weight":0.021,"played":[1.0,0.0],"evs":[0.0,-2.80482]},"62s":{"weight":0.0,"played":[1.0,0.0],"evs":[0.0,-2.22311]},"63s":{"weight":0.0,"played":[1.0,0.0],"evs":[0.0,-1.90413]},"64s":{"weight":3.0E-4,"played":[1.0,0.0],"evs":[0.0,-1.27052]},"65s":{"weight":0.9999,"played":[1.0,0.0],"evs":[0.0,-1.03478]},"66":{"weight":0.0,"played":[0.0196,0.9804],"evs":[0.0,0.1533]},"76o":{"weight":0.0,"played":[1.0,0.0],"evs":[0.0,-1.75248]},"86o":{"weight":0.0,"played":[1.0,0.0],"evs":[0.0,-1.96918]},"96o":{"weight":0.0,"played":[1.0,0.0],"evs":[0.0,-2.21809]},"T6o":{"weight":0.0,"played":[1.0,0.0],"evs":[0.0,-2.61586]},"J6o":{"weight":0.0,"played":[1.0,0.0],"evs":[0.0,-2.68975]},"Q6o":{"weight":0.0,"played":[1.0,0.0],"evs":[0.0,-2.31632]},"K6o":{"weight":0.0,"played":[1.0,0.0],"evs":[0.0,-1.90614]},"A6o":{"weight":0.0,"played":[1.0,0.0],"evs":[0.0,-3.00472]},"72s":{"weight":0.0,"played":[1.0,0.0],"evs":[0.0,-2.42979]},"73s":{"weight":0.0,"played":[1.0,0.0],"evs":[0.0,-2.07892]},"74s":{"weight":0.0,"played":[1.0,0.0],"evs":[0.0,-1.68256]},"75s":{"weight":0.0028,"played":[1.0,0.0],"evs":[0.0,-1.23305]},"76s":{"weight":0.9999,"played":[1.0,0.0],"evs":[0.0,-0.83797]},"77":{"weight":0.0,"played":[0.0,1.0],"evs":[0.0,0.55925]},"87o":{"weight":0.0,"played":[1.0,0.0],"evs":[0.0,-1.68207]},"97o":{"weight":0.0,"played":[1.0,0.0],"evs":[0.0,-1.8715]},"T7o":{"weight":0.0,"played":[1.0,0.0],"evs":[0.0,-2.22675]},"J7o":{"weight":0.0,"played":[1.0,0.0],"evs":[0.0,-2.28114]},"Q7o":{"weight":0.0,"played":[1.0,0.0],"evs":[0.0,-2.26886]},"K7o":{"weight":0.0,"played":[1.0,0.0],"evs":[0.0,-1.94734]},"A7o":{"weight":1.0E-4,"played":[1.0,0.0],"evs":[0.0,-2.77615]},"82s":{"weight":0.0,"played":[1.0,0.0],"evs":[0.0,-2.18785]},"83s":{"weight":0.0,"played":[1.0,0.0],"evs":[0.0,-2.29165]},"84s":{"weight":0.0,"played":[1.0,0.0],"evs":[0.0,-1.82999]},"85s":{"weight":1.0E-4,"played":[1.0,0.0],"evs":[0.0,-1.46615]},"86s":{"weight":3.0E-4,"played":[0.9997,3.0E-4],"evs":[0.0,-0.84919]},"87s":{"weight":0.991,"played":[1.0,0.0],"evs":[0.0,-0.64409]},"88":{"weight":0.0,"played":[0.0,1.0],"evs":[0.0,1.2591]},"98o":{"weight":0.0,"played":[1.0,0.0],"evs":[0.0,-1.48365]},"T8o":{"weight":0.0,"played":[1.0,0.0],"evs":[0.0,-1.77584]},"J8o":{"weight":0.0,"played":[1.0,0.0],"evs":[0.0,-1.81536]},"Q8o":{"weight":0.0,"played":[1.0,0.0],"evs":[0.0,-1.82367]},"K8o":{"weight":0.0,"played":[1.0,0.0],"evs":[0.0,-1.78841]},"A8o":{"weight":0.7555,"played":[1.0,0.0],"evs":[0.0,-2.54959]},"92s":{"weight":0.0,"played":[1.0,0.0],"evs":[0.0,-2.13142]},"93s":{"weight":0.0,"played":[1.0,0.0],"evs":[0.0,-2.16746]},"94s":{"weight":0.0,"played":[1.0,0.0],"evs":[0.0,-2.0944]},"95s":{"weight":0.0,"played":[1.0,0.0],"evs":[0.0,-1.66517]},"96s":{"weight":0.0,"played":[1.0,0.0],"evs":[0.0,-1.2015]},"97s":{"weight":0.8425,"played":[1.0,0.0],"evs":[0.0,-0.85621]},"98s":{"weight":0.9999,"played":[0.9999,1.0E-4],"evs":[0.0,-0.57294]},"99":{"weight":0.0,"played":[0.0,1.0],"evs":[0.0,2.03768]},"T9o":{"weight":0.0,"played":[1.0,0.0],"evs":[0.0,-1.36015]},"J9o":{"weight":0.0,"played":[1.0,0.0],"evs":[0.0,-1.4653]},"Q9o":{"weight":0.0,"played":[1.0,0.0],"evs":[0.0,-1.41735]},"K9o":{"weight":0.0,"played":[1.0,0.0],"evs":[0.0,-1.37441]},"A9o":{"weight":0.0,"played":[1.0,0.0],"evs":[0.0,-2.27005]},"T2s":{"weight":0.0,"played":[1.0,0.0],"evs":[0.0,-2.30951]},"T3s":{"weight":0.0,"played":[1.0,0.0],"evs":[0.0,-2.24434]},"T4s":{"weight":0.0,"played":[1.0,0.0],"evs":[0.0,-2.10692]},"T5s":{"weight":0.0,"played":[1.0,0.0],"evs":[0.0,-2.05646]},"T6s":{"weight":0.0,"played":[1.0,0.0],"evs":[0.0,-1.4943]},"T7s":{"weight":0.0,"played":[1.0,0.0],"evs":[0.0,-1.1899]},"T8s":{"weight":0.9921,"played":[1.0,0.0],"evs":[0.0,-0.72995]},"T9s":{"weight":1.0,"played":[0.9996,4.0E-4],"evs":[0.0,-0.38046]},"TT":{"weight":0.0,"played":[0.0,1.0],"evs":[0.0,2.94862]},"JTo":{"weight":0.0,"played":[1.0,0.0],"evs":[0.0,-1.14782]},"QTo":{"weight":0.7122,"played":[1.0,0.0],"evs":[0.0,-1.02717]},"KTo":{"weight":1.0,"played":[1.0,0.0],"evs":[0.0,-1.03697]},"ATo":{"weight":0.0,"played":[1.0,0.0],"evs":[0.0,-1.48989]},"J2s":{"weight":0.0,"played":[1.0,0.0],"evs":[0.0,-2.04892]},"J3s":{"weight":0.0,"played":[1.0,0.0],"evs":[0.0,-1.89474]},"J4s":{"weight":0.0,"played":[1.0,0.0],"evs":[0.0,-1.89249]},"J5s":{"weight":0.0,"played":[1.0,0.0],"evs":[0.0,-1.83662]},"J6s":{"weight":0.0,"played":[1.0,0.0],"evs":[0.0,-1.50099]},"J7s":{"weight":0.0,"played":[1.0,0.0],"evs":[0.0,-1.25346]},"J8s":{"weight":0.6508,"played":[0.9996,4.0E-4],"evs":[0.0,-0.75338]},"J9s":{"weight":1.0,"played":[1.0,0.0],"evs":[0.0,-0.4641]},"JTs":{"weight":1.0,"played":[0.9961,0.0039],"evs":[0.0,-0.14174]},"JJ":{"weight":0.0,"played":[0.0,1.0],"evs":[0.0,4.70388]},"QJo":{"weight":1.0,"played":[1.0,0.0],"evs":[0.0,-0.81435]},"KJo":{"weight":1.0,"played":[0.9999,1.0E-4],"evs":[0.0,-0.66196]},"AJo":{"weight":0.0,"played":[0.9998,2.0E-4],"evs":[0.0,-0.49846]},"Q2s":{"weight":0.0,"played":[1.0,0.0],"evs":[0.0,-1.81439]},"Q3s":{"weight":0.0,"played":[1.0,0.0],"evs":[0.0,-1.66162]},"Q4s":{"weight":0.0,"played":[1.0,0.0],"evs":[0.0,-1.50162]},"Q5s":{"weight":0.0,"played":[1.0,0.0],"evs":[0.0,-1.40868]},"Q6s":{"weight":0.0,"played":[1.0,0.0],"evs":[0.0,-1.10656]},"Q7s":{"weight":3.0E-4,"played":[1.0,0.0],"evs":[0.0,-1.23476]},"Q8s":{"weight":0.9997,"played":[1.0,0.0],"evs":[0.0,-0.79872]},"Q9s":{"weight":1.0,"played":[1.0,0.0],"evs":[0.0,-0.50816]},"QTs":{"weight":1.0,"played":[0.9567,0.0433],"evs":[0.0,-0.16733]},"QJs":{"weight":1.0,"played":[4.0E-4,0.9996],"evs":[0.0,0.13183]},"QQ":{"weight":0.0,"played":[0.0,1.0],"evs":[0.0,6.37877]},"KQo":{"weight":0.0,"played":[1.0,0.0],"evs":[0.0,-0.26671]},"AQo":{"weight":0.0,"played":[0.0,1.0],"evs":[0.0,0.8083]},"K2s":{"weight":1.0E-4,"played":[1.0,0.0],"evs":[0.0,-1.36034]},"K3s":{"weight":0.0,"played":[1.0,0.0],"evs":[0.0,-1.27897]},"K4s":{"weight":5.0E-4,"played":[1.0,0.0],"evs":[0.0,-1.17391]},"K5s":{"weight":0.7415,"played":[1.0,0.0],"evs":[0.0,-1.04428]},"K6s":{"weight":1.0,"played":[1.0,0.0],"evs":[0.0,-0.84815]},"K7s":{"weight":1.0,"played":[1.0,0.0],"evs":[0.0,-0.86695]},"K8s":{"weight":0.9999,"played":[1.0,0.0],"evs":[0.0,-0.7244]},"K9s":{"weight":1.0,"played":[0.9997,3.0E-4],"evs":[0.0,-0.45141]},"KTs":{"weight":1.0,"played":[0.6505,0.3495],"evs":[0.0,-0.0063]},"KJs":{"weight":0.6948,"played":[1.0E-4,0.9999],"evs":[0.0,0.29675]},"KQs":{"weight":0.0,"played":[0.0,1.0],"evs":[0.0,0.72443]},"KK":{"weight":0.0,"played":[0.0,1.0],"evs":[0.0,8.448]},"AKo":{"weight":0.0,"played":[0.0,1.0],"evs":[0.0,2.23]},"A2s":{"weight":1.0,"played":[1.0,0.0],"evs":[0.0,-2.05847]},"A3s":{"weight":1.0,"played":[1.0,0.0],"evs":[0.0,-1.97503]},"A4s":{"weight":1.0,"played":[1.0,0.0],"evs":[0.0,-1.83367]},"A5s":{"weight":0.999,"played":[1.0,0.0],"evs":[0.0,-1.72719]},"A6s":{"weight":1.0,"played":[1.0,0.0],"evs":[0.0,-1.84463]},"A7s":{"weight":0.0079,"played":[1.0,0.0],"evs":[0.0,-1.68025]},"A8s":{"weight":0.0,"played":[1.0,0.0],"evs":[0.0,-1.26093]},"A9s":{"weight":0.0,"played":[1.0,0.0],"evs":[0.0,-1.20591]},"ATs":{"weight":0.0,"played":[0.9984,0.0016],"evs":[0.0,-0.5345]},"AJs":{"weight":0.0,"played":[0.0,1.0],"evs":[0.0,0.44591]},"AQs":{"weight":0.0,"played":[0.0,1.0],"evs":[0.0,1.76479]},"AKs":{"weight":0.0,"played":[0.0,1.0],"evs":[0.0,3.03071]},"AA":{"weight":0.0,"played":[0.0,1.0],"evs":[0.0,12.05756]}}}