{"player":0,"street":0,"children":2,"sequence":[{"player":0,"type":"R","amount":200000,"street":0},{"player":1,"type":"F","amount":0,"street":0},{"player":2,"type":"F","amount":0,"street":0},{"player":3,"type":"F","amount":0,"street":0},{"player":4,"type":"R","amount":1345000,"street":0},{"player":5,"type":"F","amount":0,"street":0}],"actions":[{"type":"F","amount":0},{"type":"C","amount":1145000}],"hands":{"22":{"weight":0.9786,"played":[0.0,1.0],"evs":[0.0,0.51806]},"32o":{"weight":0.0,"played":[1.0,0.0],"evs":[0.0,-2.26801]},"42o":{"weight":0.0,"played":[1.0,0.0],"evs":[0.0,-2.14715]},"52o":{"weight":0.0,"played":[1.0,0.0],"evs":[0.0,-1.94899]},"62o":{"weight":0.0,"played":[1.0,0.0],"evs":[0.0,-2.11353]},"72o":{"weight":0.0,"played":[1.0,0.0],"evs":[0.0,-2.31028]},"82o":{"weight":0.0,"played":[1.0,0.0],"evs":[0.0,-2.1082]},"92o":{"weight":0.0,"played":[1.0,0.0],"evs":[0.0,-2.13603]},"T2o":{"weight":0.0,"played":[1.0,0.0],"evs":[0.0,-1.93631]},"J2o":{"weight":0.0,"played":[1.0,0.0],"evs":[0.0,-1.74326]},"Q2o":{"weight":0.0,"played":[1.0,0.0],"evs":[0.0,-1.66711]},"K2o":{"weight":0.0,"played":[1.0,0.0],"evs":[0.0,-1.47544]},"A2o":{"weight":0.0,"played":[1.0,0.0],"evs":[0.0,-0.91652]},"32s":{"weight":0.0,"played":[1.0,0.0],"evs":[0.0,-1.42859]},"33":{"weight":1.0,"played":[0.0,1.0],"evs":[0.0,0.64144]},"43o":{"weight":0.0,"played":[1.0,0.0],"evs":[0.0,-1.84718]},"53o":{"weight":0.0,"played":[1.0,0.0],"evs":[0.0,-1.64428]},"63o":{"weight":0.0,"played":[1.0,0.0],"evs":[0.0,-1.82132]},"73o":{"weight":0.0,"played":[1.0,0.0],"evs":[0.0,-1.99745]},"83o":{"weight":0.0,"played":[1.0,0.0],"evs":[0.0,-2.10008]},"93o":{"weight":0.0,"played":[1.0,0.0],"evs":[0.0,-2.03181]},"T3o":{"weight":0.0,"played":[1.0,0.0],"evs":[0.0,-1.84294]},"J3o":{"weight":0.0,"played":[1.0,0.0],"evs":[0.0,-1.65909]},"Q3o":{"weight":0.0,"played":[1.0,0.0],"evs":[0.0,-1.58269]},"K3o":{"weight":0.0,"played":[1.0,0.0],"evs":[0.0,-1.38174]},"A3o":{"weight":0.0,"played":[1.0,0.0],"evs":[0.0,-0.80718]},"42s":{"weight":0.0,"played":[1.0,0.0],"evs":[0.0,-1.30264]},"43s":{"weight":0.0,"played":[1.0,0.0],"evs":[0.0,-1.03386]},"44":{"weight":1.0,"played":[0.0,1.0],"evs":[0.0,0.88285]},"54o":{"weight":0.0,"played":[1.0,0.0],"evs":[0.0,-1.35093]},"64o":{"weight":0.0,"played":[1.0,0.0],"evs":[0.0,-1.52129]},"74o":{"weight":0.0,"played":[1.0,0.0],"evs":[0.0,-1.71585]},"84o":{"weight":0.0,"played":[1.0,0.0],"evs":[0.0,-1.81321]},"94o":{"weight":0.0,"played":[1.0,0.0],"evs":[0.0,-2.05221]},"T4o":{"weight":0.0,"played":[1.0,0.0],"evs":[0.0,-1.77198]},"J4o":{"weight":0.0,"played":[1.0,0.0],"evs":[0.0,-1.61377]},"Q4o":{"weight":0.0,"played":[1.0,0.0],"evs":[0.0,-1.51121]},"K4o":{"weight":0.0,"played":[1.0,0.0],"evs":[0.0,-1.30999]},"A4o":{"weight":0.0,"played":[1.0,0.0],"evs":[0.0,-0.73555]},"52s":{"weight":0.0,"played":[1.0,0.0],"evs":[0.0,-1.13369]},"53s":{"weight":0.0,"played":[1.0,0.0],"evs":[0.0,-0.84359]},"54s":{"weight":0.0,"played":[1.0,0.0],"evs":[0.0,-0.57327]},"55":{"weight":1.0,"played":[0.0,1.0],"evs":[0.0,1.45518]},"65o":{"weight":0.0,"played":[1.0,0.0],"evs":[0.0,-1.12757]},"75o":{"weight":0.0,"played":[1.0,0.0],"evs":[0.0,-1.29392]},"85o":{"weight":0.0,"played":[1.0,0.0],"evs":[0.0,-1.40341]},"95o":{"weight":0.0,"played":[1.0,0.0],"evs":[0.0,-1.64261]},"T5o":{"weight":0.0,"played":[1.0,0.0],"evs":[0.0,-1.63725]},"J5o":{"weight":0.0,"played":[1.0,0.0],"evs":[0.0,-1.4112]},"Q5o":{"weight":0.0,"played":[1.0,0.0],"evs":[0.0,-1.331]},"K5o":{"weight":0.0,"played":[1.0,0.0],"evs":[0.0,-1.1106]},"A5o":{"weight":0.0,"played":[1.0,0.0],"evs":[0.0,-0.55186]},"62s":{"weight":0.0,"played":[1.0,0.0],"evs":[0.0,-1.31187]},"63s":{"weight":0.0,"played":[1.0,0.0],"evs":[0.0,-1.02031]},"64s":{"weight":0.0,"played":[1.0,0.0],"evs":[0.0,-0.71695]},"65s":{"weight":0.0,"played":[1.0,0.0],"evs":[0.0,-0.38262]},"66":{"weight":1.0,"played":[0.0,1.0],"evs":[0.0,1.9708]},"76o":{"weight":0.0,"played":[1.0,0.0],"evs":[0.0,-0.95934]},"86o":{"weight":0.0,"played":[1.0,0.0],"evs":[0.0,-1.04196]},"96o":{"weight":0.0,"played":[1.0,0.0],"evs":[0.0,-1.26868]},"T6o":{"weight":0.0,"played":[1.0,0.0],"evs":[0.0,-1.27437]},"J6o":{"weight":0.0,"played":[1.0,0.0],"evs":[0.0,-1.33554]},"Q6o":{"weight":0.0,"played":[1.0,0.0],"evs":[0.0,-1.21851]},"K6o":{"weight":0.0,"played":[1.0,0.0],"evs":[0.0,-0.98161]},"A6o":{"weight":0.0,"played":[1.0,0.0],"evs":[0.0,-0.72409]},"72s":{"weight":0.0,"played":[1.0,0.0],"evs":[0.0,-1.46132]},"73s":{"weight":0.0,"played":[1.0,0.0],"evs":[0.0,-1.18]},"74s":{"weight":0.0,"played":[1.0,0.0],"evs":[0.0,-0.89851]},"75s":{"weight":0.0,"played":[1.0,0.0],"evs":[0.0,-0.55325]},"76s":{"weight":0.9977,"played":[1.0,0.0],"evs":[0.0,-0.20822]},"77":{"weight":1.0,"played":[0.0,1.0],"evs":[0.0,2.47177]},"87o":{"weight":0.0,"played":[1.0,0.0],"evs":[0.0,-0.78884]},"97o":{"weight":0.0,"played":[1.0,0.0],"evs":[0.0,-0.97562]},"T7o":{"weight":0.0,"played":[1.0,0.0],"evs":[0.0,-1.02781]},"J7o":{"weight":0.0,"played":[1.0,0.0],"evs":[0.0,-1.06776]},"Q7o":{"weight":0.0,"played":[1.0,0.0],"evs":[0.0,-1.20318]},"K7o":{"weight":0.0,"played":[1.0,0.0],"evs":[0.0,-0.95433]},"A7o":{"weight":1.0E-4,"played":[1.0,0.0],"evs":[0.0,-0.52638]},"82s":{"weight":0.0,"played":[1.0,0.0],"evs":[0.0,-1.29197]},"83s":{"weight":0.0,"played":[1.0,0.0],"evs":[0.0,-1.25576]},"84s":{"weight":0.0,"played":[1.0,0.0],"evs":[0.0,-1.01752]},"85s":{"weight":0.0,"played":[1.0,0.0],"evs":[0.0,-0.57442]},"86s":{"weight":0.0,"played":[1.0,0.0],"evs":[0.0,-0.27485]},"87s":{"weight":0.9999,"played":[0.9367,0.0633],"evs":[0.0,-0.03982]},"88":{"weight":1.0,"played":[0.0,1.0],"evs":[0.0,3.0629]},"98o":{"weight":0.0,"played":[1.0,0.0],"evs":[0.0,-0.66396]},"T8o":{"weight":0.0,"played":[1.0,0.0],"evs":[0.0,-0.64513]},"J8o":{"weight":0.0,"played":[1.0,0.0],"evs":[0.0,-0.71647]},"Q8o":{"weight":0.0,"played":[1.0,0.0],"evs":[0.0,-0.87315]},"K8o":{"weight":0.0,"played":[1.0,0.0],"evs":[0.0,-0.87517]},"A8o":{"weight":1.0,"played":[1.0,0.0],"evs":[0.0,-0.27552]},"92s":{"weight":0.0,"played":[1.0,0.0],"evs":[0.0,-1.29179]},"93s":{"weight":0.0,"played":[1.0,0.0],"evs":[0.0,-1.22364]},"94s":{"weight":0.0,"played":[1.0,0.0],"evs":[0.0,-1.17712]},"95s":{"weight":0.0,"played":[1.0,0.0],"evs":[0.0,-0.81839]},"96s":{"weight":0.0,"played":[1.0,0.0],"evs":[0.0,-0.50438]},"97s":{"weight":0.9507,"played":[1.0,0.0],"evs":[0.0,-0.22361]},"98s":{"weight":1.0,"played":[9.0E-4,0.9991],"evs":[0.0,0.08393]},"99":{"weight":0.9994,"played":[0.0,1.0],"evs":[0.0,3.71853]},"T9o":{"weight":0.0,"played":[1.0,0.0],"evs":[0.0,-0.44836]},"J9o":{"weight":0.0,"played":[1.0,0.0],"evs":[0.0,-0.52238]},"Q9o":{"weight":0.0,"played":[1.0,0.0],"evs":[0.0,-0.68996]},"K9o":{"weight":0.0,"played":[1.0,0.0],"evs":[0.0,-0.71583]},"A9o":{"weight":1.0,"played":[0.0,1.0],"evs":[0.0,0.20484]},"T2s":{"weight":0.0,"played":[1.0,0.0],"evs":[0.0,-1.129]},"T3s":{"weight":0.0,"played":[1.0,0.0],"evs":[0.0,-0.9969]},"T4s":{"weight":0.0,"played":[1.0,0.0],"evs":[0.0,-0.96583]},"T5s":{"weight":0.0,"played":[1.0,0.0],"evs":[0.0,-0.8556]},"T6s":{"weight":0.0,"played":[1.0,0.0],"evs":[0.0,-0.46052]},"T7s":{"weight":0.0,"played":[1.0,0.0],"evs":[0.0,-0.24124]},"T8s":{"weight":1.0,"played":[1.0E-4,0.9999],"evs":[0.0,0.1176]},"T9s":{"weight":1.0,"played":[0.0,1.0],"evs":[0.0,0.28142]},"TT":{"weight":1.0,"played":[0.0,1.0],"evs":[0.0,4.73807]},"JTo":{"weight":0.2733,"played":[0.3865,0.6135],"evs":[0.0,0.01093]},"QTo":{"weight":0.9097,"played":[1.0,0.0],"evs":[0.0,-0.14861]},"KTo":{"weight":1.0,"played":[1.0,0.0],"evs":[0.0,-0.17329]},"ATo":{"weight":1.0,"played":[0.0,1.0],"evs":[0.0,1.37432]},"J2s":{"weight":0.0,"played":[1.0,0.0],"evs":[0.0,-0.93966]},"J3s":{"weight":0.0,"played":[1.0,0.0],"evs":[0.0,-0.85972]},"J4s":{"weight":0.0,"played":[1.0,0.0],"evs":[0.0,-0.78597]},"J5s":{"weight":0.0,"played":[1.0,0.0],"evs":[0.0,-0.64311]},"J6s":{"weight":0.0,"played":[1.0,0.0],"evs":[0.0,-0.56351]},"J7s":{"weight":0.0,"played":[1.0,0.0],"evs":[0.0,-0.29835]},"J8s":{"weight":0.9965,"played":[0.2169,0.7831],"evs":[0.0,0.04554]},"J9s":{"weight":1.0,"played":[0.0,1.0],"evs":[0.0,0.20844]},"JTs":{"weight":0.9997,"played":[0.0,1.0],"evs":[0.0,0.73283]},"JJ":{"weight":1.0,"played":[0.0,1.0],"evs":[0.0,5.53392]},"QJo":{"weight":1.0,"played":[0.283,0.717],"evs":[0.0,0.00999]},"KJo":{"weight":1.0,"played":[0.0345,0.9655],"evs":[0.0,0.02541]},"AJo":{"weight":1.0,"played":[0.0,1.0],"evs":[0.0,2.37762]},"Q2s":{"weight":0.0,"played":[1.0,0.0],"evs":[0.0,-0.87093]},"Q3s":{"weight":0.0,"played":[1.0,0.0],"evs":[0.0,-0.76432]},"Q4s":{"weight":0.0,"played":[1.0,0.0],"evs":[0.0,-0.71768]},"Q5s":{"weight":0.0,"played":[1.0,0.0],"evs":[0.0,-0.52126]},"Q6s":{"weight":0.0,"played":[1.0,0.0],"evs":[0.0,-0.41076]},"Q7s":{"weight":0.0,"played":[1.0,0.0],"evs":[0.0,-0.41442]},"Q8s":{"weight":0.9989,"played":[0.9999,1.0E-4],"evs":[0.0,-0.11056]},"Q9s":{"weight":1.0,"played":[0.0026,0.9974],"evs":[0.0,0.07525]},"QTs":{"weight":1.0,"played":[0.0,1.0],"evs":[0.0,0.59289]},"QJs":{"weight":1.0,"played":[0.0,1.0],"evs":[0.0,0.74914]},"QQ":{"weight":1.0,"played":[0.0,1.0],"evs":[0.0,6.66317]},"KQo":{"weight":0.9998,"played":[0.0,1.0],"evs":[0.0,0.51616]},"AQo":{"weight":1.0,"played":[0.0,1.0],"evs":[0.0,3.6648]},"K2s":{"weight":0.0,"played":[1.0,0.0],"evs":[0.0,-0.68192]},"K3s":{"weight":0.0,"played":[1.0,0.0],"evs":[0.0,-0.60502]},"K4s":{"weight":0.0,"played":[1.0,0.0],"evs":[0.0,-0.48234]},"K5s":{"weight":2.0E-4,"played":[1.0,0.0],"evs":[0.0,-0.34376]},"K6s":{"weight":0.9562,"played":[1.0,0.0],"evs":[0.0,-0.22276]},"K7s":{"weight":1.0,"played":[1.0,0.0],"evs":[0.0,-0.18368]},"K8s":{"weight":1.0,"played":[1.0,0.0],"evs":[0.0,-0.11455]},"K9s":{"weight":1.0,"played":[0.0,1.0],"evs":[0.0,0.04536]},"KTs":{"weight":0.9998,"played":[0.0,1.0],"evs":[0.0,0.57058]},"KJs":{"weight":1.0,"played":[0.0,1.0],"evs":[0.0,0.7239]},"KQs":{"weight":1.0,"played":[0.0,1.0],"evs":[0.0,1.19308]},"KK":{"weight":1.0,"played":[0.0,1.0],"evs":[0.0,7.79831]},"AKo":{"weight":0.999,"played":[0.0,1.0],"evs":[0.0,4.7842]},"A2s":{"weight":1.0,"played":[0.9998,2.0E-4],"evs":[0.0,-0.09618]},"A3s":{"weight":1.0,"played":[0.8546,0.1454],"evs":[0.0,-0.01614]},"A4s":{"weight":1.0,"played":[0.004,0.996],"evs":[0.0,0.03741]},"A5s":{"weight":1.0,"played":[0.0,1.0],"evs":[0.0,0.19908]},"A6s":{"weight":1.0,"played":[0.001,0.999],"evs":[0.0,0.08022]},"A7s":{"weight":1.0,"played":[0.0,1.0],"evs":[0.0,0.24422]},"A8s":{"weight":1.0,"played":[0.0,1.0],"evs":[0.0,0.50603]},"A9s":{"weight":1.0,"played":[0.0,1.0],"evs":[0.0,0.89158]},"ATs":{"weight":1.0,"played":[0.0,1.0],"evs":[0.0,2.0056]},"AJs":{"weight":1.0,"played":[0.0,1.0],"evs":[0.0,2.93747]},"AQs":{"weight":1.0,"played":[0.0,1.0],"evs":[0.0,4.13331]},"AKs":{"weight":1.0,"played":[0.0,1.0],"evs":[0.0,5.20358]},"AA":{"weight":1.0,"played":[0.0,1.0],"evs":[0.0,10.59287]}}}