{"player":3,"street":0,"children":2,"sequence":[{"player":0,"type":"R","amount":200000,"street":0},{"player":1,"type":"F","amount":0,"street":0},{"player":2,"type":"F","amount":0,"street":0},{"player":3,"type":"C","amount":200000,"street":0},{"player":4,"type":"F","amount":0,"street":0},{"player":5,"type":"R","amount":2335000,"street":0},{"player":0,"type":"F","amount":0,"street":0}],"actions":[{"type":"F","amount":0},{"type":"C","amount":2135000}],"hands":{"22":{"weight":0.9999,"played":[1.0,0.0],"evs":[0.0,-0.70812]},"32o":{"weight":0.0,"played":[1.0,0.0],"evs":[0.0,-5.22809]},"42o":{"weight":0.0,"played":[1.0,0.0],"evs":[0.0,-5.15774]},"52o":{"weight":0.0,"played":[1.0,0.0],"evs":[0.0,-4.9506]},"62o":{"weight":0.0,"played":[1.0,0.0],"evs":[0.0,-5.53037]},"72o":{"weight":0.0,"played":[1.0,0.0],"evs":[0.0,-5.84635]},"82o":{"weight":0.0,"played":[1.0,0.0],"evs":[0.0,-5.66895]},"92o":{"weight":0.0,"played":[1.0,0.0],"evs":[0.0,-5.53524]},"T2o":{"weight":0.0,"played":[1.0,0.0],"evs":[0.0,-5.71823]},"J2o":{"weight":0.0,"played":[1.0,0.0],"evs":[0.0,-5.31357]},"Q2o":{"weight":0.0,"played":[1.0,0.0],"evs":[0.0,-4.533]},"K2o":{"weight":0.0,"played":[1.0,0.0],"evs":[0.0,-3.54448]},"A2o":{"weight":0.0,"played":[1.0,0.0],"evs":[0.0,-2.83064]},"32s":{"weight":0.0,"played":[1.0,0.0],"evs":[0.0,-3.87847]},"33":{"weight":1.0,"played":[0.9998,2.0E-4],"evs":[0.0,-0.52134]},"43o":{"weight":0.0,"played":[1.0,0.0],"evs":[0.0,-4.51269]},"53o":{"weight":0.0,"played":[1.0,0.0],"evs":[0.0,-4.42729]},"63o":{"weight":0.0,"played":[1.0,0.0],"evs":[0.0,-4.87438]},"73o":{"weight":0.0,"played":[1.0,0.0],"evs":[0.0,-5.38229]},"83o":{"weight":0.0,"played":[1.0,0.0],"evs":[0.0,-5.67451]},"93o":{"weight":0.0,"played":[1.0,0.0],"evs":[0.0,-5.4738]},"T3o":{"weight":0.0,"played":[1.0,0.0],"evs":[0.0,-5.44265]},"J3o":{"weight":0.0,"played":[1.0,0.0],"evs":[0.0,-5.09497]},"Q3o":{"weight":0.0,"played":[1.0,0.0],"evs":[0.0,-4.37203]},"K3o":{"weight":0.0,"played":[1.0,0.0],"evs":[0.0,-3.54952]},"A3o":{"weight":0.0,"played":[1.0,0.0],"evs":[0.0,-2.66979]},"42s":{"weight":0.0,"played":[1.0,0.0],"evs":[0.0,-3.83002]},"43s":{"weight":0.0,"played":[1.0,0.0],"evs":[0.0,-3.22331]},"44":{"weight":1.0,"played":[0.9998,2.0E-4],"evs":[0.0,-0.30007]},"54o":{"weight":0.0,"played":[1.0,0.0],"evs":[0.0,-3.89935]},"64o":{"weight":0.0,"played":[1.0,0.0],"evs":[0.0,-4.46999]},"74o":{"weight":0.0,"played":[1.0,0.0],"evs":[0.0,-4.84547]},"84o":{"weight":0.0,"played":[1.0,0.0],"evs":[0.0,-5.07182]},"94o":{"weight":0.0,"played":[1.0,0.0],"evs":[0.0,-5.34362]},"T4o":{"weight":0.0,"played":[1.0,0.0],"evs":[0.0,-5.36478]},"J4o":{"weight":0.0,"played":[1.0,0.0],"evs":[0.0,-4.85975]},"Q4o":{"weight":0.0,"played":[1.0,0.0],"evs":[0.0,-4.21356]},"K4o":{"weight":0.0,"played":[1.0,0.0],"evs":[0.0,-3.33035]},"A4o":{"weight":0.0,"played":[1.0,0.0],"evs":[0.0,-2.56711]},"52s":{"weight":0.0,"played":[1.0,0.0],"evs":[0.0,-3.75393]},"53s":{"weight":5.0E-4,"played":[1.0,0.0],"evs":[0.0,-3.07029]},"54s":{"weight":0.8579,"played":[1.0,0.0],"evs":[0.0,-2.72048]},"55":{"weight":0.9999,"played":[0.9869,0.0131],"evs":[0.0,-0.13692]},"65o":{"weight":0.0,"played":[1.0,0.0],"evs":[0.0,-3.90894]},"75o":{"weight":0.0,"played":[1.0,0.0],"evs":[0.0,-4.28877]},"85o":{"weight":0.0,"played":[1.0,0.0],"evs":[0.0,-4.61172]},"95o":{"weight":0.0,"played":[1.0,0.0],"evs":[0.0,-4.94944]},"T5o":{"weight":0.0,"played":[1.0,0.0],"evs":[0.0,-5.39508]},"J5o":{"weight":0.0,"played":[1.0,0.0],"evs":[0.0,-4.8118]},"Q5o":{"weight":0.0,"played":[1.0,0.0],"evs":[0.0,-4.12315]},"K5o":{"weight":0.0,"played":[1.0,0.0],"evs":[0.0,-3.22421]},"A5o":{"weight":0.0,"played":[1.0,0.0],"evs":[0.0,-2.38589]},"62s":{"weight":0.0,"played":[1.0,0.0],"evs":[0.0,-4.22137]},"63s":{"weight":0.0,"played":[1.0,0.0],"evs":[0.0,-3.74348]},"64s":{"weight":7.0E-4,"played":[1.0,0.0],"evs":[0.0,-3.21712]},"65s":{"weight":0.9991,"played":[1.0,0.0],"evs":[0.0,-2.66408]},"66":{"weight":0.961,"played":[0.8809,0.1191],"evs":[0.0,-0.06301]},"76o":{"weight":0.0,"played":[1.0,0.0],"evs":[0.0,-4.0924]},"86o":{"weight":0.0,"played":[1.0,0.0],"evs":[0.0,-4.19331]},"96o":{"weight":0.0,"played":[1.0,0.0],"evs":[0.0,-4.47992]},"T6o":{"weight":0.0,"played":[1.0,0.0],"evs":[0.0,-4.97212]},"J6o":{"weight":0.0,"played":[1.0,0.0],"evs":[0.0,-4.9083]},"Q6o":{"weight":0.0,"played":[1.0,0.0],"evs":[0.0,-4.13097]},"K6o":{"weight":0.0,"played":[1.0,0.0],"evs":[0.0,-3.2246]},"A6o":{"weight":0.0,"played":[1.0,0.0],"evs":[0.0,-2.88382]},"72s":{"weight":0.0,"played":[1.0,0.0],"evs":[0.0,-4.65469]},"73s":{"weight":0.0,"played":[1.0,0.0],"evs":[0.0,-3.99227]},"74s":{"weight":0.0,"played":[1.0,0.0],"evs":[0.0,-3.59536]},"75s":{"weight":0.0113,"played":[1.0,0.0],"evs":[0.0,-3.03429]},"76s":{"weight":0.6787,"played":[1.0,0.0],"evs":[0.0,-2.69843]},"77":{"weight":0.9117,"played":[1.0E-4,0.9999],"evs":[0.0,0.41531]},"87o":{"weight":0.0,"played":[1.0,0.0],"evs":[0.0,-3.85586]},"97o":{"weight":0.0,"played":[1.0,0.0],"evs":[0.0,-4.15429]},"T7o":{"weight":0.0,"played":[1.0,0.0],"evs":[0.0,-4.59682]},"J7o":{"weight":0.0,"played":[1.0,0.0],"evs":[0.0,-4.55072]},"Q7o":{"weight":0.0,"played":[1.0,0.0],"evs":[0.0,-4.20632]},"K7o":{"weight":0.0,"played":[1.0,0.0],"evs":[0.0,-3.18334]},"A7o":{"weight":0.0,"played":[1.0,0.0],"evs":[0.0,-2.84643]},"82s":{"weight":0.0,"played":[1.0,0.0],"evs":[0.0,-4.28193]},"83s":{"weight":0.0,"played":[1.0,0.0],"evs":[0.0,-4.2508]},"84s":{"weight":0.0,"played":[1.0,0.0],"evs":[0.0,-3.84946]},"85s":{"weight":0.0,"played":[1.0,0.0],"evs":[0.0,-3.45782]},"86s":{"weight":0.1897,"played":[1.0,0.0],"evs":[0.0,-2.97621]},"87s":{"weight":0.9997,"played":[1.0,0.0],"evs":[0.0,-2.72643]},"88":{"weight":0.9372,"played":[0.0,1.0],"evs":[0.0,1.49342]},"98o":{"weight":0.0,"played":[1.0,0.0],"evs":[0.0,-3.65588]},"T8o":{"weight":0.0,"played":[1.0,0.0],"evs":[0.0,-4.12265]},"J8o":{"weight":0.0,"played":[1.0,0.0],"evs":[0.0,-4.05998]},"Q8o":{"weight":0.0,"played":[1.0,0.0],"evs":[0.0,-3.78453]},"K8o":{"weight":0.0,"played":[1.0,0.0],"evs":[0.0,-3.0773]},"A8o":{"weight":0.0,"played":[1.0,0.0],"evs":[0.0,-2.69188]},"92s":{"weight":0.0,"played":[1.0,0.0],"evs":[0.0,-4.19409]},"93s":{"weight":0.0,"played":[1.0,0.0],"evs":[0.0,-4.04309]},"94s":{"weight":0.0,"played":[1.0,0.0],"evs":[0.0,-4.17332]},"95s":{"weight":0.0,"played":[1.0,0.0],"evs":[0.0,-3.50096]},"96s":{"weight":0.0,"played":[1.0,0.0],"evs":[0.0,-3.1478]},"97s":{"weight":0.9676,"played":[1.0,0.0],"evs":[0.0,-2.87265]},"98s":{"weight":0.9994,"played":[1.0,0.0],"evs":[0.0,-2.49534]},"99":{"weight":0.8266,"played":[0.0,1.0],"evs":[0.0,2.80196]},"T9o":{"weight":0.0,"played":[1.0,0.0],"evs":[0.0,-3.57752]},"J9o":{"weight":0.0,"played":[1.0,0.0],"evs":[0.0,-3.57231]},"Q9o":{"weight":0.0,"played":[1.0,0.0],"evs":[0.0,-3.09999]},"K9o":{"weight":0.0,"played":[1.0,0.0],"evs":[0.0,-2.50187]},"A9o":{"weight":0.0,"played":[1.0,0.0],"evs":[0.0,-2.09637]},"T2s":{"weight":0.0,"played":[1.0,0.0],"evs":[0.0,-4.29103]},"T3s":{"weight":0.0,"played":[1.0,0.0],"evs":[0.0,-4.20171]},"T4s":{"weight":0.0,"played":[1.0,0.0],"evs":[0.0,-3.8546]},"T5s":{"weight":0.0,"played":[1.0,0.0],"evs":[0.0,-3.9185]},"T6s":{"weight":0.0,"played":[1.0,0.0],"evs":[0.0,-3.5084]},"T7s":{"weight":0.0506,"played":[1.0,0.0],"evs":[0.0,-3.35941]},"T8s":{"weight":0.6917,"played":[1.0,0.0],"evs":[0.0,-2.76814]},"T9s":{"weight":0.4024,"played":[1.0,0.0],"evs":[0.0,-2.31296]},"TT":{"weight":0.9199,"played":[0.0,1.0],"evs":[0.0,4.50766]},"JTo":{"weight":0.0,"played":[1.0,0.0],"evs":[0.0,-2.82998]},"QTo":{"weight":0.0,"played":[1.0,0.0],"evs":[0.0,-2.36812]},"KTo":{"weight":3.0E-4,"played":[1.0,0.0],"evs":[0.0,-1.58022]},"ATo":{"weight":0.7884,"played":[1.0,0.0],"evs":[0.0,-1.03944]},"J2s":{"weight":0.0,"played":[1.0,0.0],"evs":[0.0,-3.91334]},"J3s":{"weight":0.0,"played":[1.0,0.0],"evs":[0.0,-3.57009]},"J4s":{"weight":0.0,"played":[1.0,0.0],"evs":[0.0,-3.61829]},"J5s":{"weight":0.0,"played":[1.0,0.0],"evs":[0.0,-3.30724]},"J6s":{"weight":0.0,"played":[1.0,0.0],"evs":[0.0,-3.54673]},"J7s":{"weight":0.0,"played":[1.0,0.0],"evs":[0.0,-3.24229]},"J8s":{"weight":0.8496,"played":[1.0,0.0],"evs":[0.0,-2.72093]},"J9s":{"weight":0.9888,"played":[1.0,0.0],"evs":[0.0,-2.26047]},"JTs":{"weight":0.3507,"played":[1.0,0.0],"evs":[0.0,-1.58025]},"JJ":{"weight":0.1157,"played":[0.0,1.0],"evs":[0.0,6.72913]},"QJo":{"weight":0.4932,"played":[1.0,0.0],"evs":[0.0,-1.73207]},"KJo":{"weight":0.7213,"played":[1.0,0.0],"evs":[0.0,-1.1415]},"AJo":{"weight":0.6466,"played":[0.0,1.0],"evs":[0.0,0.53411]},"Q2s":{"weight":0.0,"played":[1.0,0.0],"evs":[0.0,-3.17317]},"Q3s":{"weight":0.0,"played":[1.0,0.0],"evs":[0.0,-3.08589]},"Q4s":{"weight":0.0,"played":[1.0,0.0],"evs":[0.0,-2.70604]},"Q5s":{"weight":0.0,"played":[1.0,0.0],"evs":[0.0,-2.85907]},"Q6s":{"weight":0.0,"played":[1.0,0.0],"evs":[0.0,-2.78141]},"Q7s":{"weight":0.0,"played":[1.0,0.0],"evs":[0.0,-2.72876]},"Q8s":{"weight":0.1658,"played":[1.0,0.0],"evs":[0.0,-2.37332]},"Q9s":{"weight":0.4899,"played":[1.0,0.0],"evs":[0.0,-1.81295]},"QTs":{"weight":0.9431,"played":[1.0,0.0],"evs":[0.0,-1.12101]},"QJs":{"weight":0.9875,"played":[1.0,0.0],"evs":[0.0,-0.46278]},"QQ":{"weight":3.0E-4,"played":[0.0,1.0],"evs":[0.0,9.34886]},"KQo":{"weight":0.9095,"played":[1.0,0.0],"evs":[0.0,-0.46223]},"AQo":{"weight":0.6339,"played":[0.0,1.0],"evs":[0.0,2.99591]},"K2s":{"weight":0.0,"played":[1.0,0.0],"evs":[0.0,-2.31062]},"K3s":{"weight":0.0,"played":[1.0,0.0],"evs":[0.0,-2.08099]},"K4s":{"weight":0.0,"played":[1.0,0.0],"evs":[0.0,-2.04248]},"K5s":{"weight":0.1902,"played":[1.0,0.0],"evs":[0.0,-1.98887]},"K6s":{"weight":0.1998,"played":[1.0,0.0],"evs":[0.0,-1.91879]},"K7s":{"weight":0.6259,"played":[1.0,0.0],"evs":[0.0,-1.76646]},"K8s":{"weight":0.6114,"played":[1.0,0.0],"evs":[0.0,-1.81967]},"K9s":{"weight":0.28,"played":[1.0,0.0],"evs":[0.0,-1.17707]},"KTs":{"weight":0.9954,"played":[0.9997,3.0E-4],"evs":[0.0,-0.21481]},"KJs":{"weight":0.9997,"played":[0.5211,0.4789],"evs":[0.0,0.03754]},"KQs":{"weight":0.9995,"played":[0.0,1.0],"evs":[0.0,0.71867]},"KK":{"weight":1.0E-4,"played":[0.0,1.0],"evs":[0.0,11.59513]},"AKo":{"weight":0.0,"played":[0.0,1.0],"evs":[0.0,5.43455]},"A2s":{"weight":0.6428,"played":[1.0,0.0],"evs":[0.0,-1.48344]},"A3s":{"weight":0.3841,"played":[1.0,0.0],"evs":[0.0,-1.3285]},"A4s":{"weight":0.8027,"played":[1.0,0.0],"evs":[0.0,-1.24254]},"A5s":{"weight":0.8366,"played":[1.0,0.0],"evs":[0.0,-1.0726]},"A6s":{"weight":0.47,"played":[1.0,0.0],"evs":[0.0,-1.53737]},"A7s":{"weight":0.7066,"played":[1.0,0.0],"evs":[0.0,-1.52866]},"A8s":{"weight":0.9793,"played":[1.0,0.0],"evs":[0.0,-1.26377]},"A9s":{"weight":0.9999,"played":[1.0,0.0],"evs":[0.0,-0.95211]},"ATs":{"weight":1.0,"played":[0.1465,0.8535],"evs":[0.0,0.16716]},"AJs":{"weight":1.0,"played":[0.0,1.0],"evs":[0.0,1.57808]},"AQs":{"weight":1.0,"played":[0.0,1.0],"evs":[0.0,3.93739]},"AKs":{"weight":0.3253,"played":[0.0,1.0],"evs":[0.0,6.17191]},"AA":{"weight":3.0E-4,"played":[0.0,1.0],"evs":[0.0,15.55285]}}}