{"player":4,"street":0,"children":2,"sequence":[{"player":0,"type":"R","amount":200000,"street":0},{"player":1,"type":"F","amount":0,"street":0},{"player":2,"type":"F","amount":0,"street":0},{"player":3,"type":"C","amount":200000,"street":0},{"player":4,"type":"C","amount":150000,"street":0},{"player":5,"type":"R","amount":2335000,"street":0},{"player":0,"type":"F","amount":0,"street":0},{"player":3,"type":"C","amount":2135000,"street":0}],"actions":[{"type":"F","amount":0},{"type":"C","amount":1145000}],"hands":{"22":{"weight":0.9999,"played":[0.9999,1.0E-4],"evs":[0.0,-1.20259]},"32o":{"weight":0.0,"played":[1.0,0.0],"evs":[0.0,-2.86252]},"42o":{"weight":0.0,"played":[1.0,0.0],"evs":[0.0,-2.89825]},"52o":{"weight":0.0,"played":[1.0,0.0],"evs":[0.0,-2.77921]},"62o":{"weight":0.0,"played":[1.0,0.0],"evs":[0.0,-2.97945]},"72o":{"weight":0.0,"played":[1.0,0.0],"evs":[0.0,-3.17653]},"82o":{"weight":0.0,"played":[1.0,0.0],"evs":[0.0,-3.00739]},"92o":{"weight":0.0,"played":[1.0,0.0],"evs":[0.0,-2.92225]},"T2o":{"weight":0.0,"played":[1.0,0.0],"evs":[0.0,-3.02072]},"J2o":{"weight":0.0,"played":[1.0,0.0],"evs":[0.0,-2.968]},"Q2o":{"weight":0.0,"played":[1.0,0.0],"evs":[0.0,-2.7578]},"K2o":{"weight":0.0,"played":[1.0,0.0],"evs":[0.0,-2.26567]},"A2o":{"weight":0.0,"played":[1.0,0.0],"evs":[0.0,-2.50261]},"32s":{"weight":0.0,"played":[1.0,0.0],"evs":[0.0,-1.83059]},"33":{"weight":0.9999,"played":[0.9999,1.0E-4],"evs":[0.0,-1.11341]},"43o":{"weight":0.0,"played":[1.0,0.0],"evs":[0.0,-2.53102]},"53o":{"weight":0.0,"played":[1.0,0.0],"evs":[0.0,-2.15596]},"63o":{"weight":0.0,"played":[1.0,0.0],"evs":[0.0,-2.4563]},"73o":{"weight":0.0,"played":[1.0,0.0],"evs":[0.0,-2.73085]},"83o":{"weight":0.0,"played":[1.0,0.0],"evs":[0.0,-2.73755]},"93o":{"weight":0.0,"played":[1.0,0.0],"evs":[0.0,-2.55934]},"T3o":{"weight":0.0,"played":[1.0,0.0],"evs":[0.0,-2.90322]},"J3o":{"weight":0.0,"played":[1.0,0.0],"evs":[0.0,-2.69589]},"Q3o":{"weight":0.0,"played":[1.0,0.0],"evs":[0.0,-2.70576]},"K3o":{"weight":0.0,"played":[1.0,0.0],"evs":[0.0,-2.20548]},"A3o":{"weight":0.0,"played":[1.0,0.0],"evs":[0.0,-2.30592]},"42s":{"weight":0.0,"played":[1.0,0.0],"evs":[0.0,-1.76677]},"43s":{"weight":0.0,"played":[1.0,0.0],"evs":[0.0,-1.49416]},"44":{"weight":1.0,"played":[1.0,0.0],"evs":[0.0,-0.74686]},"54o":{"weight":0.0,"played":[1.0,0.0],"evs":[0.0,-1.77699]},"64o":{"weight":0.0,"played":[1.0,0.0],"evs":[0.0,-1.84854]},"74o":{"weight":0.0,"played":[1.0,0.0],"evs":[0.0,-2.29846]},"84o":{"weight":0.0,"played":[1.0,0.0],"evs":[0.0,-2.45416]},"94o":{"weight":0.0,"played":[1.0,0.0],"evs":[0.0,-2.96806]},"T4o":{"weight":0.0,"played":[1.0,0.0],"evs":[0.0,-2.58227]},"J4o":{"weight":0.0,"played":[1.0,0.0],"evs":[0.0,-2.65644]},"Q4o":{"weight":0.0,"played":[1.0,0.0],"evs":[0.0,-2.55266]},"K4o":{"weight":0.0,"played":[1.0,0.0],"evs":[0.0,-2.09941]},"A4o":{"weight":0.0,"played":[1.0,0.0],"evs":[0.0,-2.2429]},"52s":{"weight":0.0,"played":[0.9991,9.0E-4],"evs":[0.0,-1.65634]},"53s":{"weight":0.0,"played":[0.9998,2.0E-4],"evs":[0.0,-1.05449]},"54s":{"weight":0.4879,"played":[0.9999,1.0E-4],"evs":[0.0,-0.50414]},"55":{"weight":0.0346,"played":[0.7963,0.2037],"evs":[0.0,0.05349]},"65o":{"weight":0.0,"played":[1.0,0.0],"evs":[0.0,-1.67005]},"75o":{"weight":0.0,"played":[1.0,0.0],"evs":[0.0,-1.63574]},"85o":{"weight":0.0,"played":[0.9998,2.0E-4],"evs":[0.0,-1.87775]},"95o":{"weight":0.0,"played":[1.0,0.0],"evs":[0.0,-2.3594]},"T5o":{"weight":0.0,"played":[1.0,0.0],"evs":[0.0,-2.54545]},"J5o":{"weight":0.0,"played":[1.0,0.0],"evs":[0.0,-2.3631]},"Q5o":{"weight":0.0,"played":[1.0,0.0],"evs":[0.0,-2.5316]},"K5o":{"weight":0.0,"played":[1.0,0.0],"evs":[0.0,-1.91557]},"A5o":{"weight":0.0,"played":[1.0,0.0],"evs":[0.0,-2.16904]},"62s":{"weight":0.0,"played":[0.9999,1.0E-4],"evs":[0.0,-2.18332]},"63s":{"weight":0.0,"played":[0.9988,0.0012],"evs":[0.0,-1.37659]},"64s":{"weight":0.0,"played":[0.9996,4.0E-4],"evs":[0.0,-0.87124]},"65s":{"weight":0.9911,"played":[0.9999,1.0E-4],"evs":[0.0,-0.34514]},"66":{"weight":0.0,"played":[0.0057,0.9943],"evs":[0.0,0.87101]},"76o":{"weight":0.0,"played":[1.0,0.0],"evs":[0.0,-1.38677]},"86o":{"weight":0.0,"played":[0.9999,1.0E-4],"evs":[0.0,-1.28183]},"96o":{"weight":0.0,"played":[1.0,0.0],"evs":[0.0,-1.37744]},"T6o":{"weight":0.0,"played":[1.0,0.0],"evs":[0.0,-1.74121]},"J6o":{"weight":0.0,"played":[1.0,0.0],"evs":[0.0,-2.2893]},"Q6o":{"weight":0.0,"played":[1.0,0.0],"evs":[0.0,-2.17084]},"K6o":{"weight":0.0,"played":[0.9999,1.0E-4],"evs":[0.0,-1.65675]},"A6o":{"weight":0.0,"played":[1.0,0.0],"evs":[0.0,-2.2486]},"72s":{"weight":0.0,"played":[0.9999,1.0E-4],"evs":[0.0,-1.90327]},"73s":{"weight":0.0,"played":[1.0,0.0],"evs":[0.0,-1.86314]},"74s":{"weight":0.0,"played":[0.9931,0.0069],"evs":[0.0,-1.09332]},"75s":{"weight":0.0412,"played":[0.9994,6.0E-4],"evs":[0.0,-0.89588]},"76s":{"weight":0.9995,"played":[0.9901,0.0099],"evs":[0.0,-0.4059]},"77":{"weight":0.0,"played":[1.0E-4,0.9999],"evs":[0.0,1.37825]},"87o":{"weight":0.0,"played":[0.9995,5.0E-4],"evs":[0.0,-1.03015]},"97o":{"weight":0.0,"played":[0.9999,1.0E-4],"evs":[0.0,-1.28302]},"T7o":{"weight":0.0,"played":[1.0,0.0],"evs":[0.0,-1.67465]},"J7o":{"weight":0.0,"played":[0.9999,1.0E-4],"evs":[0.0,-1.98333]},"Q7o":{"weight":0.0,"played":[1.0,0.0],"evs":[0.0,-1.95052]},"K7o":{"weight":0.0,"played":[0.9999,1.0E-4],"evs":[0.0,-1.35034]},"A7o":{"weight":0.0,"played":[1.0,0.0],"evs":[0.0,-1.91129]},"82s":{"weight":0.0,"played":[1.0,0.0],"evs":[0.0,-2.03808]},"83s":{"weight":0.0,"played":[0.9999,1.0E-4],"evs":[0.0,-1.66905]},"84s":{"weight":0.0,"played":[0.9988,0.0012],"evs":[0.0,-1.37584]},"85s":{"weight":0.0,"played":[0.9874,0.0126],"evs":[0.0,-0.93152]},"86s":{"weight":0.0123,"played":[0.993,0.007],"evs":[0.0,-0.61273]},"87s":{"weight":0.9999,"played":[0.9492,0.0508],"evs":[0.0,-0.18981]},"88":{"weight":0.0,"played":[2.0E-4,0.9998],"evs":[0.0,2.34965]},"98o":{"weight":0.0,"played":[1.0,0.0],"evs":[0.0,-1.07525]},"T8o":{"weight":0.0,"played":[0.9995,5.0E-4],"evs":[0.0,-1.04747]},"J8o":{"weight":0.0,"played":[0.9996,4.0E-4],"evs":[0.0,-1.25639]},"Q8o":{"weight":0.0,"played":[1.0,0.0],"evs":[0.0,-1.81362]},"K8o":{"weight":0.0,"played":[0.9993,7.0E-4],"evs":[0.0,-1.31921]},"A8o":{"weight":0.0,"played":[0.9998,2.0E-4],"evs":[0.0,-1.86686]},"92s":{"weight":0.0,"played":[1.0,0.0],"evs":[0.0,-1.63286]},"93s":{"weight":0.0,"played":[0.9998,2.0E-4],"evs":[0.0,-1.72089]},"94s":{"weight":0.0,"played":[0.9999,1.0E-4],"evs":[0.0,-1.72989]},"95s":{"weight":0.0,"played":[0.9943,0.0057],"evs":[0.0,-1.09981]},"96s":{"weight":1.0E-4,"played":[0.9975,0.0025],"evs":[0.0,-0.45678]},"97s":{"weight":0.1801,"played":[0.9951,0.0049],"evs":[0.0,-0.38497]},"98s":{"weight":0.9999,"played":[0.0816,0.9184],"evs":[0.0,0.10151]},"99":{"weight":0.0,"played":[0.0,1.0],"evs":[0.0,3.14166]},"T9o":{"weight":0.0,"played":[0.9999,1.0E-4],"evs":[0.0,-0.76125]},"J9o":{"weight":0.0,"played":[0.9997,3.0E-4],"evs":[0.0,-0.72355]},"Q9o":{"weight":0.0,"played":[1.0,0.0],"evs":[0.0,-1.21183]},"K9o":{"weight":3.0E-4,"played":[0.9997,3.0E-4],"evs":[0.0,-0.83046]},"A9o":{"weight":0.2558,"played":[1.0,0.0],"evs":[0.0,-1.5038]},"T2s":{"weight":0.0,"played":[1.0,0.0],"evs":[0.0,-1.75269]},"T3s":{"weight":0.0,"played":[0.9995,5.0E-4],"evs":[0.0,-1.73194]},"T4s":{"weight":0.0,"played":[1.0,0.0],"evs":[0.0,-1.54216]},"T5s":{"weight":0.0,"played":[0.9999,1.0E-4],"evs":[0.0,-1.74641]},"T6s":{"weight":0.0,"played":[1.0,0.0],"evs":[0.0,-0.71544]},"T7s":{"weight":0.0013,"played":[0.9463,0.0537],"evs":[0.0,-0.58534]},"T8s":{"weight":0.9868,"played":[0.7215,0.2785],"evs":[0.0,-0.15808]},"T9s":{"weight":1.0,"played":[0.0131,0.9869],"evs":[0.0,0.44126]},"TT":{"weight":0.0,"played":[0.0,1.0],"evs":[0.0,4.18208]},"JTo":{"weight":0.0,"played":[0.9999,1.0E-4],"evs":[0.0,-0.49911]},"QTo":{"weight":0.0,"played":[0.9993,7.0E-4],"evs":[0.0,-0.7317]},"KTo":{"weight":0.9993,"played":[1.0,0.0],"evs":[0.0,-0.74174]},"ATo":{"weight":1.0E-4,"played":[0.9985,0.0015],"evs":[0.0,-0.71966]},"J2s":{"weight":0.0,"played":[0.9998,2.0E-4],"evs":[0.0,-1.80679]},"J3s":{"weight":0.0,"played":[1.0,0.0],"evs":[0.0,-1.33805]},"J4s":{"weight":0.0,"played":[0.9999,1.0E-4],"evs":[0.0,-1.37362]},"J5s":{"weight":0.0,"played":[1.0,0.0],"evs":[0.0,-1.49698]},"J6s":{"weight":0.0,"played":[0.9969,0.0031],"evs":[0.0,-1.42962]},"J7s":{"weight":0.0,"played":[0.9806,0.0194],"evs":[0.0,-0.47547]},"J8s":{"weight":0.1236,"played":[0.7443,0.2557],"evs":[0.0,-0.34531]},"J9s":{"weight":1.0,"played":[0.0301,0.9699],"evs":[0.0,0.25383]},"JTs":{"weight":1.0,"played":[0.0317,0.9683],"evs":[0.0,0.34418]},"JJ":{"weight":0.0,"played":[0.0,1.0],"evs":[0.0,6.27131]},"QJo":{"weight":0.9999,"played":[0.9998,2.0E-4],"evs":[0.0,-0.5767]},"KJo":{"weight":1.0,"played":[0.9959,0.0041],"evs":[0.0,-0.20008]},"AJo":{"weight":0.0,"played":[0.2887,0.7113],"evs":[0.0,0.14719]},"Q2s":{"weight":1.0E-4,"played":[0.9962,0.0038],"evs":[0.0,-1.6962]},"Q3s":{"weight":0.0,"played":[0.9999,1.0E-4],"evs":[0.0,-0.96604]},"Q4s":{"weight":2.0E-4,"played":[0.9952,0.0048],"evs":[0.0,-1.68639]},"Q5s":{"weight":0.0012,"played":[0.9956,0.0044],"evs":[0.0,-0.99883]},"Q6s":{"weight":0.008,"played":[0.9999,1.0E-4],"evs":[0.0,-0.82713]},"Q7s":{"weight":1.0E-4,"played":[0.9983,0.0017],"evs":[0.0,-1.09231]},"Q8s":{"weight":0.4503,"played":[0.9532,0.0468],"evs":[0.0,-0.3439]},"Q9s":{"weight":1.0,"played":[0.0995,0.9005],"evs":[0.0,0.41022]},"QTs":{"weight":1.0,"played":[0.0195,0.9805],"evs":[0.0,0.72171]},"QJs":{"weight":0.9999,"played":[0.2292,0.7708],"evs":[0.0,0.17833]},"QQ":{"weight":0.0,"played":[0.0,1.0],"evs":[0.0,8.0169]},"KQo":{"weight":0.034,"played":[0.3072,0.6928],"evs":[0.0,0.1348]},"AQo":{"weight":0.0,"played":[1.0E-4,0.9999],"evs":[0.0,1.47827]},"K2s":{"weight":0.0,"played":[0.9952,0.0048],"evs":[0.0,-1.17273]},"K3s":{"weight":0.0452,"played":[1.0,0.0],"evs":[0.0,-1.17653]},"K4s":{"weight":0.0409,"played":[0.9991,9.0E-4],"evs":[0.0,-1.22131]},"K5s":{"weight":0.4685,"played":[0.9776,0.0224],"evs":[0.0,-0.54772]},"K6s":{"weight":0.8494,"played":[0.977,0.023],"evs":[0.0,-0.64092]},"K7s":{"weight":1.0,"played":[0.9416,0.0584],"evs":[0.0,-0.3148]},"K8s":{"weight":1.0,"played":[0.985,0.015],"evs":[0.0,-0.28081]},"K9s":{"weight":1.0,"played":[0.0716,0.9284],"evs":[0.0,0.10041]},"KTs":{"weight":1.0,"played":[0.0095,0.9905],"evs":[0.0,0.16222]},"KJs":{"weight":0.2616,"played":[2.0E-4,0.9998],"evs":[0.0,0.6957]},"KQs":{"weight":1.0E-4,"played":[1.0E-4,0.9999],"evs":[0.0,1.54042]},"KK":{"weight":0.0,"played":[0.0,1.0],"evs":[0.0,9.95795]},"AKo":{"weight":0.0,"played":[0.0,1.0],"evs":[0.0,2.50924]},"A2s":{"weight":0.9998,"played":[0.9998,2.0E-4],"evs":[0.0,-1.31446]},"A3s":{"weight":0.9998,"played":[0.9999,1.0E-4],"evs":[0.0,-1.15962]},"A4s":{"weight":0.9999,"played":[0.9999,1.0E-4],"evs":[0.0,-1.33149]},"A5s":{"weight":0.9998,"played":[0.9983,0.0017],"evs":[0.0,-0.85285]},"A6s":{"weight":0.9991,"played":[0.9999,1.0E-4],"evs":[0.0,-1.03557]},"A7s":{"weight":0.9988,"played":[1.0,0.0],"evs":[0.0,-0.84773]},"A8s":{"weight":0.3243,"played":[0.9977,0.0023],"evs":[0.0,-0.88047]},"A9s":{"weight":0.0017,"played":[0.6503,0.3497],"evs":[0.0,-0.1486]},"ATs":{"weight":0.0,"played":[0.0458,0.9542],"evs":[0.0,0.39467]},"AJs":{"weight":0.0,"played":[0.0,1.0],"evs":[0.0,1.44033]},"AQs":{"weight":0.0,"played":[0.0,1.0],"evs":[0.0,2.46285]},"AKs":{"weight":0.0,"played":[0.0,1.0],"evs":[0.0,3.33996]},"AA":{"weight":0.0,"played":[0.0,1.0],"evs":[0.0,12.7629]}}}