{"player":0,"street":0,"children":2,"sequence":[{"player":0,"type":"R","amount":200000,"street":0},{"player":1,"type":"F","amount":0,"street":0},{"player":2,"type":"F","amount":0,"street":0},{"player":3,"type":"C","amount":200000,"street":0},{"player":4,"type":"C","amount":150000,"street":0},{"player":5,"type":"R","amount":2335000,"street":0},{"player":0,"type":"C","amount":2135000,"street":0},{"player":3,"type":"R","amount":3605000,"street":0},{"player":4,"type":"F","amount":0,"street":0}],"actions":[{"type":"F","amount":0},{"type":"C","amount":1270000}],"hands":{"22":{"weight":0.0,"played":[1.0E-4,0.9999],"evs":[0.0,6.41986]},"32o":{"weight":0.0,"played":[0.0,1.0],"evs":[0.0,3.15863]},"42o":{"weight":0.0,"played":[0.0088,0.9912],"evs":[0.0,2.51034]},"52o":{"weight":0.0,"played":[1.0E-4,0.9999],"evs":[0.0,4.03279]},"62o":{"weight":0.0,"played":[0.0036,0.9964],"evs":[0.0,3.0437]},"72o":{"weight":0.0,"played":[0.0105,0.9895],"evs":[0.0,0.64183]},"82o":{"weight":0.0,"played":[0.0125,0.9875],"evs":[0.0,1.31173]},"92o":{"weight":0.0,"played":[0.0,1.0],"evs":[0.0,1.9497]},"T2o":{"weight":0.0,"played":[0.0014,0.9986],"evs":[0.0,4.39456]},"J2o":{"weight":0.0,"played":[1.0E-4,0.9999],"evs":[0.0,6.17145]},"Q2o":{"weight":0.0,"played":[8.0E-4,0.9992],"evs":[0.0,3.74628]},"K2o":{"weight":0.0,"played":[1.0E-4,0.9999],"evs":[0.0,5.20772]},"A2o":{"weight":0.0,"played":[0.0,1.0],"evs":[0.0,4.88977]},"32s":{"weight":0.0,"played":[1.0E-4,0.9999],"evs":[0.0,5.77251]},"33":{"weight":0.0,"played":[0.0,1.0],"evs":[0.0,6.77645]},"43o":{"weight":0.0,"played":[2.0E-4,0.9998],"evs":[0.0,2.96938]},"53o":{"weight":0.0,"played":[0.0028,0.9972],"evs":[0.0,3.75235]},"63o":{"weight":0.0,"played":[0.0,1.0],"evs":[0.0,2.71603]},"73o":{"weight":0.0,"played":[2.0E-4,0.9998],"evs":[0.0,2.54457]},"83o":{"weight":0.0,"played":[0.0174,0.9826],"evs":[0.0,0.83699]},"93o":{"weight":0.0,"played":[0.0135,0.9865],"evs":[0.0,2.87065]},"T3o":{"weight":0.0,"played":[0.0,1.0],"evs":[0.0,4.59193]},"J3o":{"weight":0.0,"played":[2.0E-4,0.9998],"evs":[0.0,5.60493]},"Q3o":{"weight":0.0,"played":[0.0,1.0],"evs":[0.0,4.22616]},"K3o":{"weight":0.0,"played":[0.0,1.0],"evs":[0.0,6.76227]},"A3o":{"weight":0.0,"played":[0.0,1.0],"evs":[0.0,4.9431]},"42s":{"weight":0.0,"played":[6.0E-4,0.9994],"evs":[0.0,7.33363]},"43s":{"weight":0.0,"played":[0.0015,0.9985],"evs":[0.0,6.18676]},"44":{"weight":0.0,"played":[0.0,1.0],"evs":[0.0,6.46566]},"54o":{"weight":0.0,"played":[0.0,1.0],"evs":[0.0,5.29817]},"64o":{"weight":0.0,"played":[0.0,1.0],"evs":[0.0,4.12205]},"74o":{"weight":0.0,"played":[2.0E-4,0.9998],"evs":[0.0,4.60727]},"84o":{"weight":0.0,"played":[0.0,1.0],"evs":[0.0,1.87019]},"94o":{"weight":0.0,"played":[1.0E-4,0.9999],"evs":[0.0,3.18129]},"T4o":{"weight":0.0,"played":[0.0,1.0],"evs":[0.0,4.60692]},"J4o":{"weight":0.0,"played":[0.0,1.0],"evs":[0.0,6.75223]},"Q4o":{"weight":0.0,"played":[0.0,1.0],"evs":[0.0,5.76975]},"K4o":{"weight":0.0,"played":[2.0E-4,0.9998],"evs":[0.0,6.84931]},"A4o":{"weight":0.0,"played":[0.0,1.0],"evs":[0.0,5.71555]},"52s":{"weight":0.0,"played":[0.0014,0.9986],"evs":[0.0,4.50607]},"53s":{"weight":0.0,"played":[0.0044,0.9956],"evs":[0.0,4.97288]},"54s":{"weight":0.0,"played":[9.0E-4,0.9991],"evs":[0.0,9.21546]},"55":{"weight":8.0E-4,"played":[0.0,1.0],"evs":[0.0,7.42662]},"65o":{"weight":0.0,"played":[2.0E-4,0.9998],"evs":[0.0,5.57558]},"75o":{"weight":0.0,"played":[0.0,1.0],"evs":[0.0,4.19938]},"85o":{"weight":0.0,"played":[0.0,1.0],"evs":[0.0,3.38066]},"95o":{"weight":0.0,"played":[5.0E-4,0.9995],"evs":[0.0,3.89154]},"T5o":{"weight":0.0,"played":[1.0E-4,0.9999],"evs":[0.0,4.17479]},"J5o":{"weight":0.0,"played":[0.0,1.0],"evs":[0.0,6.86301]},"Q5o":{"weight":0.0,"played":[1.0E-4,0.9999],"evs":[0.0,5.19823]},"K5o":{"weight":0.0,"played":[0.0,1.0],"evs":[0.0,5.69074]},"A5o":{"weight":0.0,"played":[1.0E-4,0.9999],"evs":[0.0,6.27984]},"62s":{"weight":0.0,"played":[0.0,1.0],"evs":[0.0,3.68616]},"63s":{"weight":0.0,"played":[0.0014,0.9986],"evs":[0.0,6.25319]},"64s":{"weight":0.0,"played":[0.001,0.999],"evs":[0.0,3.90155]},"65s":{"weight":0.0,"played":[0.0,1.0],"evs":[0.0,6.08086]},"66":{"weight":0.8287,"played":[0.0,1.0],"evs":[0.0,7.90519]},"76o":{"weight":0.0,"played":[1.0E-4,0.9999],"evs":[0.0,4.3895]},"86o":{"weight":0.0,"played":[1.0E-4,0.9999],"evs":[0.0,4.47059]},"96o":{"weight":0.0,"played":[0.0,1.0],"evs":[0.0,4.22896]},"T6o":{"weight":0.0,"played":[0.0013,0.9987],"evs":[0.0,5.45508]},"J6o":{"weight":0.0,"played":[1.0E-4,0.9999],"evs":[0.0,5.14302]},"Q6o":{"weight":0.0,"played":[0.0,1.0],"evs":[0.0,5.79325]},"K6o":{"weight":0.0,"played":[4.0E-4,0.9996],"evs":[0.0,6.90951]},"A6o":{"weight":0.0,"played":[0.0,1.0],"evs":[0.0,5.1021]},"72s":{"weight":0.0,"played":[0.0,1.0],"evs":[0.0,3.94177]},"73s":{"weight":0.0,"played":[3.0E-4,0.9997],"evs":[0.0,4.0813]},"74s":{"weight":0.0,"played":[1.0E-4,0.9999],"evs":[0.0,6.88841]},"75s":{"weight":0.0,"played":[0.0013,0.9987],"evs":[0.0,7.05481]},"76s":{"weight":0.0,"played":[3.0E-4,0.9997],"evs":[0.0,9.21541]},"77":{"weight":0.5838,"played":[0.0,1.0],"evs":[0.0,8.62548]},"87o":{"weight":0.0,"played":[0.0,1.0],"evs":[0.0,4.42885]},"97o":{"weight":0.0,"played":[0.0,1.0],"evs":[0.0,4.20706]},"T7o":{"weight":0.0,"played":[4.0E-4,0.9996],"evs":[0.0,6.65542]},"J7o":{"weight":0.0,"played":[7.0E-4,0.9993],"evs":[0.0,5.9316]},"Q7o":{"weight":0.0,"played":[0.0014,0.9986],"evs":[0.0,6.50453]},"K7o":{"weight":0.0,"played":[1.0E-4,0.9999],"evs":[0.0,7.52361]},"A7o":{"weight":0.0,"played":[0.0,1.0],"evs":[0.0,3.59759]},"82s":{"weight":0.0,"played":[1.0E-4,0.9999],"evs":[0.0,2.82248]},"83s":{"weight":0.0,"played":[0.0,1.0],"evs":[0.0,1.7185]},"84s":{"weight":0.0,"played":[1.0E-4,0.9999],"evs":[0.0,4.11358]},"85s":{"weight":0.0,"played":[0.0,1.0],"evs":[0.0,4.10664]},"86s":{"weight":0.0,"played":[0.0,1.0],"evs":[0.0,5.05015]},"87s":{"weight":0.0,"played":[1.0E-4,0.9999],"evs":[0.0,7.47634]},"88":{"weight":0.7165,"played":[0.0,1.0],"evs":[0.0,8.58831]},"98o":{"weight":0.0,"played":[0.0,1.0],"evs":[0.0,5.94811]},"T8o":{"weight":0.0,"played":[0.0,1.0],"evs":[0.0,5.93639]},"J8o":{"weight":0.0,"played":[0.0,1.0],"evs":[0.0,6.86222]},"Q8o":{"weight":0.0,"played":[2.0E-4,0.9998],"evs":[0.0,6.46745]},"K8o":{"weight":0.0,"played":[0.0,1.0],"evs":[0.0,5.28407]},"A8o":{"weight":0.0,"played":[0.0,1.0],"evs":[0.0,5.01696]},"92s":{"weight":0.0,"played":[0.0117,0.9883],"evs":[0.0,5.56651]},"93s":{"weight":0.0,"played":[1.0E-4,0.9999],"evs":[0.0,5.39388]},"94s":{"weight":0.0,"played":[8.0E-4,0.9992],"evs":[0.0,3.68777]},"95s":{"weight":0.0,"played":[0.0,1.0],"evs":[0.0,5.3922]},"96s":{"weight":0.0,"played":[0.0,1.0],"evs":[0.0,8.19696]},"97s":{"weight":0.0,"played":[0.0,1.0],"evs":[0.0,8.22126]},"98s":{"weight":2.0E-4,"played":[6.0E-4,0.9994],"evs":[0.0,9.49795]},"99":{"weight":0.3302,"played":[0.0,1.0],"evs":[0.0,14.33626]},"T9o":{"weight":0.0,"played":[0.0,1.0],"evs":[0.0,7.6227]},"J9o":{"weight":0.0,"played":[0.0,1.0],"evs":[0.0,9.14312]},"Q9o":{"weight":0.0,"played":[0.0,1.0],"evs":[0.0,9.25027]},"K9o":{"weight":0.0,"played":[0.0,1.0],"evs":[0.0,8.33128]},"A9o":{"weight":2.0E-4,"played":[0.0,1.0],"evs":[0.0,5.83418]},"T2s":{"weight":0.0,"played":[4.0E-4,0.9996],"evs":[0.0,6.51869]},"T3s":{"weight":0.0,"played":[4.0E-4,0.9996],"evs":[0.0,6.60615]},"T4s":{"weight":0.0,"played":[0.0043,0.9957],"evs":[0.0,6.70576]},"T5s":{"weight":0.0,"played":[0.0093,0.9907],"evs":[0.0,3.51922]},"T6s":{"weight":0.0,"played":[4.0E-4,0.9996],"evs":[0.0,9.22473]},"T7s":{"weight":0.0,"played":[1.0E-4,0.9999],"evs":[0.0,6.2397]},"T8s":{"weight":0.0,"played":[0.0,1.0],"evs":[0.0,9.01615]},"T9s":{"weight":0.0,"played":[0.0,1.0],"evs":[0.0,11.36271]},"TT":{"weight":0.4963,"played":[0.0,1.0],"evs":[0.0,24.78217]},"JTo":{"weight":0.0,"played":[0.0,1.0],"evs":[0.0,10.08826]},"QTo":{"weight":0.0,"played":[0.0,1.0],"evs":[0.0,11.63609]},"KTo":{"weight":0.0,"played":[0.0,1.0],"evs":[0.0,11.54025]},"ATo":{"weight":9.0E-4,"played":[0.0,1.0],"evs":[0.0,11.19819]},"J2s":{"weight":0.0,"played":[0.0,1.0],"evs":[0.0,8.24382]},"J3s":{"weight":0.0,"played":[0.001,0.999],"evs":[0.0,8.36457]},"J4s":{"weight":0.0,"played":[2.0E-4,0.9998],"evs":[0.0,8.47807]},"J5s":{"weight":0.0,"played":[1.0E-4,0.9999],"evs":[0.0,6.6992]},"J6s":{"weight":0.0,"played":[0.0,1.0],"evs":[0.0,7.67836]},"J7s":{"weight":0.0,"played":[0.0,1.0],"evs":[0.0,7.78779]},"J8s":{"weight":1.0E-4,"played":[0.0,1.0],"evs":[0.0,7.57635]},"J9s":{"weight":0.0039,"played":[1.0E-4,0.9999],"evs":[0.0,10.08354]},"JTs":{"weight":0.0068,"played":[0.0,1.0],"evs":[0.0,15.12793]},"JJ":{"weight":0.6031,"played":[0.0,1.0],"evs":[0.0,29.39669]},"QJo":{"weight":0.0,"played":[0.0,1.0],"evs":[0.0,12.36613]},"KJo":{"weight":0.0016,"played":[4.0E-4,0.9996],"evs":[0.0,13.1171]},"AJo":{"weight":0.1855,"played":[0.0,1.0],"evs":[0.0,11.34954]},"Q2s":{"weight":0.0,"played":[0.0112,0.9888],"evs":[0.0,8.47465]},"Q3s":{"weight":0.0,"played":[0.0014,0.9986],"evs":[0.0,5.94086]},"Q4s":{"weight":0.0,"played":[5.0E-4,0.9995],"evs":[0.0,8.06691]},"Q5s":{"weight":0.0,"played":[0.0018,0.9982],"evs":[0.0,9.83839]},"Q6s":{"weight":0.0,"played":[7.0E-4,0.9993],"evs":[0.0,7.06756]},"Q7s":{"weight":0.0,"played":[0.0,1.0],"evs":[0.0,8.95254]},"Q8s":{"weight":0.0,"played":[0.0,1.0],"evs":[0.0,6.66754]},"Q9s":{"weight":2.0E-4,"played":[0.0,1.0],"evs":[0.0,11.1979]},"QTs":{"weight":0.0251,"played":[0.0,1.0],"evs":[0.0,12.49055]},"QJs":{"weight":0.2933,"played":[3.0E-4,0.9997],"evs":[0.0,15.73412]},"QQ":{"weight":0.3557,"played":[0.0,1.0],"evs":[0.0,32.5274]},"KQo":{"weight":0.0089,"played":[0.0,1.0],"evs":[0.0,12.01362]},"AQo":{"weight":0.2081,"played":[0.0,1.0],"evs":[0.0,13.85364]},"K2s":{"weight":0.0,"played":[1.0E-4,0.9999],"evs":[0.0,7.23751]},"K3s":{"weight":0.0,"played":[3.0E-4,0.9997],"evs":[0.0,10.08096]},"K4s":{"weight":0.0,"played":[0.002,0.998],"evs":[0.0,10.52233]},"K5s":{"weight":0.0,"played":[0.0,1.0],"evs":[0.0,8.56086]},"K6s":{"weight":0.0,"played":[0.0,1.0],"evs":[0.0,8.83523]},"K7s":{"weight":0.0,"played":[5.0E-4,0.9995],"evs":[0.0,9.59645]},"K8s":{"weight":0.0,"played":[0.0,1.0],"evs":[0.0,9.99104]},"K9s":{"weight":1.0E-4,"played":[0.0,1.0],"evs":[0.0,13.32794]},"KTs":{"weight":0.0319,"played":[1.0E-4,0.9999],"evs":[0.0,12.8556]},"KJs":{"weight":0.2102,"played":[0.0,1.0],"evs":[0.0,16.32641]},"KQs":{"weight":0.9133,"played":[0.0,1.0],"evs":[0.0,14.09426]},"KK":{"weight":0.0586,"played":[0.0,1.0],"evs":[0.0,34.77279]},"AKo":{"weight":0.4259,"played":[0.0,1.0],"evs":[0.0,16.86489]},"A2s":{"weight":0.0,"played":[0.0,1.0],"evs":[0.0,8.26133]},"A3s":{"weight":0.0,"played":[0.0,1.0],"evs":[0.0,7.25862]},"A4s":{"weight":0.002,"played":[0.0,1.0],"evs":[0.0,9.26211]},"A5s":{"weight":1.0E-4,"played":[0.0,1.0],"evs":[0.0,8.0097]},"A6s":{"weight":0.0,"played":[2.0E-4,0.9998],"evs":[0.0,9.62481]},"A7s":{"weight":0.0,"played":[4.0E-4,0.9996],"evs":[0.0,6.93804]},"A8s":{"weight":0.0014,"played":[0.0,1.0],"evs":[0.0,6.05371]},"A9s":{"weight":0.0281,"played":[0.0,1.0],"evs":[0.0,10.10263]},"ATs":{"weight":0.424,"played":[0.0,1.0],"evs":[0.0,11.10722]},"AJs":{"weight":0.4332,"played":[0.0,1.0],"evs":[0.0,13.53722]},"AQs":{"weight":0.3779,"played":[0.0,1.0],"evs":[0.0,14.6075]},"AKs":{"weight":0.2785,"played":[0.0,1.0],"evs":[0.0,19.35035]},"AA":{"weight":0.5925,"played":[0.0,1.0],"evs":[0.0,41.54633]}}}