{"player":0,"street":0,"children":2,"sequence":[{"player":0,"type":"R","amount":200000,"street":0},{"player":1,"type":"F","amount":0,"street":0},{"player":2,"type":"F","amount":0,"street":0},{"player":3,"type":"C","amount":200000,"street":0},{"player":4,"type":"C","amount":150000,"street":0},{"player":5,"type":"R","amount":2335000,"street":0},{"player":0,"type":"C","amount":2135000,"street":0},{"player":3,"type":"R","amount":3605000,"street":0},{"player":4,"type":"C","amount":1145000,"street":0}],"actions":[{"type":"F","amount":0},{"type":"C","amount":1270000}],"hands":{"22":{"weight":0.0,"played":[4.0E-4,0.9996],"evs":[0.0,8.1515]},"32o":{"weight":0.0,"played":[0.0021,0.9979],"evs":[0.0,5.09152]},"42o":{"weight":0.0,"played":[0.0029,0.9971],"evs":[0.0,7.14497]},"52o":{"weight":0.0,"played":[5.0E-4,0.9995],"evs":[0.0,6.52483]},"62o":{"weight":0.0,"played":[0.0412,0.9588],"evs":[0.0,2.77288]},"72o":{"weight":0.0,"played":[0.5325,0.4675],"evs":[0.0,0.68289]},"82o":{"weight":0.0,"played":[3.0E-4,0.9997],"evs":[0.0,0.82439]},"92o":{"weight":0.0,"played":[0.0035,0.9965],"evs":[0.0,2.8514]},"T2o":{"weight":0.0,"played":[0.0487,0.9513],"evs":[0.0,0.51027]},"J2o":{"weight":0.0,"played":[0.0056,0.9944],"evs":[0.0,5.38589]},"Q2o":{"weight":0.0,"played":[8.0E-4,0.9992],"evs":[0.0,4.11862]},"K2o":{"weight":0.0,"played":[0.0117,0.9883],"evs":[0.0,5.51603]},"A2o":{"weight":0.0,"played":[0.0,1.0],"evs":[0.0,9.32925]},"32s":{"weight":0.0,"played":[0.0093,0.9907],"evs":[0.0,8.70239]},"33":{"weight":0.0,"played":[1.0E-4,0.9999],"evs":[0.0,11.05788]},"43o":{"weight":0.0,"played":[0.0119,0.9881],"evs":[0.0,5.39942]},"53o":{"weight":0.0,"played":[2.0E-4,0.9998],"evs":[0.0,7.47286]},"63o":{"weight":0.0,"played":[0.2062,0.7938],"evs":[0.0,4.81914]},"73o":{"weight":0.0,"played":[0.0029,0.9971],"evs":[0.0,7.15657]},"83o":{"weight":0.0,"played":[0.0016,0.9984],"evs":[0.0,2.42486]},"93o":{"weight":0.0,"played":[0.0024,0.9976],"evs":[0.0,3.89528]},"T3o":{"weight":0.0,"played":[0.0058,0.9942],"evs":[0.0,4.23051]},"J3o":{"weight":0.0,"played":[0.0168,0.9832],"evs":[0.0,6.56793]},"Q3o":{"weight":0.0,"played":[0.0018,0.9982],"evs":[0.0,3.48069]},"K3o":{"weight":0.0,"played":[0.0027,0.9973],"evs":[0.0,7.92271]},"A3o":{"weight":0.0,"played":[3.0E-4,0.9997],"evs":[0.0,10.15493]},"42s":{"weight":0.0,"played":[0.1417,0.8583],"evs":[0.0,6.18322]},"43s":{"weight":0.0,"played":[0.0032,0.9968],"evs":[0.0,8.33188]},"44":{"weight":0.0,"played":[5.0E-4,0.9995],"evs":[0.0,7.67966]},"54o":{"weight":0.0,"played":[0.0022,0.9978],"evs":[0.0,6.69638]},"64o":{"weight":0.0,"played":[0.0268,0.9732],"evs":[0.0,5.70593]},"74o":{"weight":0.0,"played":[0.0,1.0],"evs":[0.0,2.3981]},"84o":{"weight":0.0,"played":[0.0112,0.9888],"evs":[0.0,3.42726]},"94o":{"weight":0.0,"played":[0.0039,0.9961],"evs":[0.0,2.25093]},"T4o":{"weight":0.0,"played":[4.0E-4,0.9996],"evs":[0.0,6.26841]},"J4o":{"weight":0.0,"played":[0.0013,0.9987],"evs":[0.0,3.04819]},"Q4o":{"weight":0.0,"played":[2.0E-4,0.9998],"evs":[0.0,5.42229]},"K4o":{"weight":0.0,"played":[3.0E-4,0.9997],"evs":[0.0,11.69242]},"A4o":{"weight":0.0,"played":[0.0015,0.9985],"evs":[0.0,5.49149]},"52s":{"weight":0.0,"played":[0.0016,0.9984],"evs":[0.0,9.16432]},"53s":{"weight":0.0,"played":[0.0475,0.9525],"evs":[0.0,11.15524]},"54s":{"weight":0.0,"played":[0.041,0.959],"evs":[0.0,3.53682]},"55":{"weight":8.0E-4,"played":[1.0E-4,0.9999],"evs":[0.0,8.2926]},"65o":{"weight":0.0,"played":[0.0048,0.9952],"evs":[0.0,4.1481]},"75o":{"weight":0.0,"played":[0.0056,0.9944],"evs":[0.0,2.81256]},"85o":{"weight":0.0,"played":[0.011,0.989],"evs":[0.0,3.34825]},"95o":{"weight":0.0,"played":[0.3779,0.6221],"evs":[0.0,2.14015]},"T5o":{"weight":0.0,"played":[0.0849,0.9151],"evs":[0.0,3.09999]},"J5o":{"weight":0.0,"played":[0.0033,0.9967],"evs":[0.0,4.08742]},"Q5o":{"weight":0.0,"played":[4.0E-4,0.9996],"evs":[0.0,2.74292]},"K5o":{"weight":0.0,"played":[1.0E-4,0.9999],"evs":[0.0,10.53333]},"A5o":{"weight":0.0,"played":[0.0473,0.9527],"evs":[0.0,9.45413]},"62s":{"weight":0.0,"played":[0.0697,0.9303],"evs":[0.0,8.91036]},"63s":{"weight":0.0,"played":[0.6341,0.3659],"evs":[0.0,2.45902]},"64s":{"weight":0.0,"played":[3.0E-4,0.9997],"evs":[0.0,4.5918]},"65s":{"weight":0.0,"played":[0.1393,0.8607],"evs":[0.0,5.92055]},"66":{"weight":0.8287,"played":[1.0E-4,0.9999],"evs":[0.0,7.68284]},"76o":{"weight":0.0,"played":[1.0E-4,0.9999],"evs":[0.0,8.33392]},"86o":{"weight":0.0,"played":[0.0027,0.9973],"evs":[0.0,5.80355]},"96o":{"weight":0.0,"played":[0.0381,0.9619],"evs":[0.0,7.05517]},"T6o":{"weight":0.0,"played":[0.0337,0.9663],"evs":[0.0,4.93231]},"J6o":{"weight":0.0,"played":[0.0052,0.9948],"evs":[0.0,6.25255]},"Q6o":{"weight":0.0,"played":[9.0E-4,0.9991],"evs":[0.0,5.69575]},"K6o":{"weight":0.0,"played":[0.009,0.991],"evs":[0.0,5.63896]},"A6o":{"weight":0.0,"played":[0.0,1.0],"evs":[0.0,6.16444]},"72s":{"weight":0.0,"played":[0.0127,0.9873],"evs":[0.0,6.77856]},"73s":{"weight":0.0,"played":[0.0021,0.9979],"evs":[0.0,3.28883]},"74s":{"weight":0.0,"played":[0.0348,0.9652],"evs":[0.0,3.93668]},"75s":{"weight":0.0,"played":[0.0029,0.9971],"evs":[0.0,8.15851]},"76s":{"weight":0.0,"played":[0.0396,0.9604],"evs":[0.0,7.87758]},"77":{"weight":0.5838,"played":[3.0E-4,0.9997],"evs":[0.0,8.72738]},"87o":{"weight":0.0,"played":[0.0038,0.9962],"evs":[0.0,8.18991]},"97o":{"weight":0.0,"played":[0.0022,0.9978],"evs":[0.0,6.86222]},"T7o":{"weight":0.0,"played":[0.0013,0.9987],"evs":[0.0,5.5373]},"J7o":{"weight":0.0,"played":[2.0E-4,0.9998],"evs":[0.0,5.6936]},"Q7o":{"weight":0.0,"played":[0.0155,0.9845],"evs":[0.0,4.36365]},"K7o":{"weight":0.0,"played":[0.0014,0.9986],"evs":[0.0,7.31861]},"A7o":{"weight":0.0,"played":[0.0,1.0],"evs":[0.0,3.94091]},"82s":{"weight":0.0,"played":[5.0E-4,0.9995],"evs":[0.0,10.77332]},"83s":{"weight":0.0,"played":[0.3172,0.6828],"evs":[0.0,6.71454]},"84s":{"weight":0.0,"played":[0.001,0.999],"evs":[0.0,5.10733]},"85s":{"weight":0.0,"played":[0.0471,0.9529],"evs":[0.0,6.8771]},"86s":{"weight":0.0,"played":[5.0E-4,0.9995],"evs":[0.0,8.68205]},"87s":{"weight":0.0,"played":[0.0013,0.9987],"evs":[0.0,7.47882]},"88":{"weight":0.7165,"played":[1.0E-4,0.9999],"evs":[0.0,9.15388]},"98o":{"weight":0.0,"played":[1.0E-4,0.9999],"evs":[0.0,7.78541]},"T8o":{"weight":0.0,"played":[0.003,0.997],"evs":[0.0,7.54109]},"J8o":{"weight":0.0,"played":[0.0,1.0],"evs":[0.0,6.56791]},"Q8o":{"weight":0.0,"played":[0.0,1.0],"evs":[0.0,9.40442]},"K8o":{"weight":0.0,"played":[0.0015,0.9985],"evs":[0.0,9.24193]},"A8o":{"weight":0.0,"played":[0.0,1.0],"evs":[0.0,9.4884]},"92s":{"weight":0.0,"played":[0.0117,0.9883],"evs":[0.0,8.69337]},"93s":{"weight":0.0,"played":[0.0336,0.9664],"evs":[0.0,7.11325]},"94s":{"weight":0.0,"played":[0.0011,0.9989],"evs":[0.0,11.79933]},"95s":{"weight":0.0,"played":[0.0552,0.9448],"evs":[0.0,8.89931]},"96s":{"weight":0.0,"played":[9.0E-4,0.9991],"evs":[0.0,7.75831]},"97s":{"weight":0.0,"played":[0.0012,0.9988],"evs":[0.0,13.2926]},"98s":{"weight":2.0E-4,"played":[0.0012,0.9988],"evs":[0.0,14.44135]},"99":{"weight":0.3302,"played":[4.0E-4,0.9996],"evs":[0.0,18.4467]},"T9o":{"weight":0.0,"played":[3.0E-4,0.9997],"evs":[0.0,7.94322]},"J9o":{"weight":0.0,"played":[0.0037,0.9963],"evs":[0.0,10.75076]},"Q9o":{"weight":0.0,"played":[0.0132,0.9868],"evs":[0.0,8.98851]},"K9o":{"weight":0.0,"played":[0.0027,0.9973],"evs":[0.0,8.3036]},"A9o":{"weight":2.0E-4,"played":[0.0,1.0],"evs":[0.0,5.43995]},"T2s":{"weight":0.0,"played":[0.0045,0.9955],"evs":[0.0,5.17555]},"T3s":{"weight":0.0,"played":[0.0365,0.9635],"evs":[0.0,5.31267]},"T4s":{"weight":0.0,"played":[0.0215,0.9785],"evs":[0.0,8.56639]},"T5s":{"weight":0.0,"played":[0.0423,0.9577],"evs":[0.0,7.69286]},"T6s":{"weight":0.0,"played":[0.0124,0.9876],"evs":[0.0,5.78177]},"T7s":{"weight":0.0,"played":[0.0319,0.9681],"evs":[0.0,5.63732]},"T8s":{"weight":0.0,"played":[7.0E-4,0.9993],"evs":[0.0,10.05753]},"T9s":{"weight":0.0,"played":[1.0E-4,0.9999],"evs":[0.0,12.60939]},"TT":{"weight":0.4963,"played":[0.0,1.0],"evs":[0.0,24.73501]},"JTo":{"weight":0.0,"played":[0.0033,0.9967],"evs":[0.0,6.89607]},"QTo":{"weight":0.0,"played":[0.0011,0.9989],"evs":[0.0,11.11185]},"KTo":{"weight":0.0,"played":[0.0,1.0],"evs":[0.0,11.53914]},"ATo":{"weight":9.0E-4,"played":[0.0,1.0],"evs":[0.0,11.58028]},"J2s":{"weight":0.0,"played":[0.218,0.782],"evs":[0.0,2.79552]},"J3s":{"weight":0.0,"played":[0.017,0.983],"evs":[0.0,6.18409]},"J4s":{"weight":0.0,"played":[0.1636,0.8364],"evs":[0.0,8.95515]},"J5s":{"weight":0.0,"played":[0.0017,0.9983],"evs":[0.0,7.62275]},"J6s":{"weight":0.0,"played":[0.0015,0.9985],"evs":[0.0,9.35935]},"J7s":{"weight":0.0,"played":[0.0014,0.9986],"evs":[0.0,9.17774]},"J8s":{"weight":1.0E-4,"played":[0.0032,0.9968],"evs":[0.0,6.41886]},"J9s":{"weight":0.0039,"played":[0.0028,0.9972],"evs":[0.0,11.33661]},"JTs":{"weight":0.0068,"played":[0.0026,0.9974],"evs":[0.0,16.03529]},"JJ":{"weight":0.6031,"played":[0.0,1.0],"evs":[0.0,28.35751]},"QJo":{"weight":0.0,"played":[3.0E-4,0.9997],"evs":[0.0,11.20156]},"KJo":{"weight":0.0016,"played":[0.0,1.0],"evs":[0.0,8.11969]},"AJo":{"weight":0.1855,"played":[0.0,1.0],"evs":[0.0,10.24781]},"Q2s":{"weight":0.0,"played":[0.0797,0.9203],"evs":[0.0,5.84701]},"Q3s":{"weight":0.0,"played":[0.0048,0.9952],"evs":[0.0,6.9883]},"Q4s":{"weight":0.0,"played":[0.0016,0.9984],"evs":[0.0,13.0967]},"Q5s":{"weight":0.0,"played":[0.0242,0.9758],"evs":[0.0,8.61715]},"Q6s":{"weight":0.0,"played":[0.0061,0.9939],"evs":[0.0,6.30111]},"Q7s":{"weight":0.0,"played":[0.0011,0.9989],"evs":[0.0,7.79712]},"Q8s":{"weight":0.0,"played":[0.0,1.0],"evs":[0.0,5.17352]},"Q9s":{"weight":2.0E-4,"played":[0.0021,0.9979],"evs":[0.0,13.71669]},"QTs":{"weight":0.0251,"played":[3.0E-4,0.9997],"evs":[0.0,13.35928]},"QJs":{"weight":0.2933,"played":[8.0E-4,0.9992],"evs":[0.0,10.67422]},"QQ":{"weight":0.3557,"played":[0.0,1.0],"evs":[0.0,35.63294]},"KQo":{"weight":0.0089,"played":[7.0E-4,0.9993],"evs":[0.0,10.73639]},"AQo":{"weight":0.2081,"played":[0.0,1.0],"evs":[0.0,18.57374]},"K2s":{"weight":0.0,"played":[0.0102,0.9898],"evs":[0.0,4.65129]},"K3s":{"weight":0.0,"played":[0.0033,0.9967],"evs":[0.0,6.44324]},"K4s":{"weight":0.0,"played":[0.006,0.994],"evs":[0.0,12.50132]},"K5s":{"weight":0.0,"played":[0.0025,0.9975],"evs":[0.0,7.18018]},"K6s":{"weight":0.0,"played":[0.0096,0.9904],"evs":[0.0,7.93669]},"K7s":{"weight":0.0,"played":[0.0013,0.9987],"evs":[0.0,11.59447]},"K8s":{"weight":0.0,"played":[0.0618,0.9382],"evs":[0.0,7.05852]},"K9s":{"weight":1.0E-4,"played":[0.0015,0.9985],"evs":[0.0,13.96907]},"KTs":{"weight":0.0319,"played":[9.0E-4,0.9991],"evs":[0.0,10.16386]},"KJs":{"weight":0.2102,"played":[4.0E-4,0.9996],"evs":[0.0,15.4897]},"KQs":{"weight":0.9133,"played":[2.0E-4,0.9998],"evs":[0.0,14.68704]},"KK":{"weight":0.0586,"played":[0.0,1.0],"evs":[0.0,39.38968]},"AKo":{"weight":0.4259,"played":[0.0,1.0],"evs":[0.0,20.67346]},"A2s":{"weight":0.0,"played":[0.03,0.97],"evs":[0.0,11.03681]},"A3s":{"weight":0.0,"played":[0.0077,0.9923],"evs":[0.0,14.6452]},"A4s":{"weight":0.002,"played":[0.0,1.0],"evs":[0.0,7.8989]},"A5s":{"weight":1.0E-4,"played":[4.0E-4,0.9996],"evs":[0.0,9.39008]},"A6s":{"weight":0.0,"played":[0.0099,0.9901],"evs":[0.0,14.53862]},"A7s":{"weight":0.0,"played":[0.0012,0.9988],"evs":[0.0,15.31113]},"A8s":{"weight":0.0014,"played":[5.0E-4,0.9995],"evs":[0.0,9.73238]},"A9s":{"weight":0.0281,"played":[7.0E-4,0.9993],"evs":[0.0,10.46546]},"ATs":{"weight":0.424,"played":[2.0E-4,0.9998],"evs":[0.0,15.97155]},"AJs":{"weight":0.4332,"played":[5.0E-4,0.9995],"evs":[0.0,20.00798]},"AQs":{"weight":0.3779,"played":[6.0E-4,0.9994],"evs":[0.0,19.31305]},"AKs":{"weight":0.2785,"played":[0.0,1.0],"evs":[0.0,18.89797]},"AA":{"weight":0.5925,"played":[0.0,1.0],"evs":[0.0,45.86156]}}}