{"player":3,"street":0,"children":2,"sequence":[{"player":0,"type":"R","amount":200000,"street":0},{"player":1,"type":"F","amount":0,"street":0},{"player":2,"type":"F","amount":0,"street":0},{"player":3,"type":"C","amount":200000,"street":0},{"player":4,"type":"R","amount":1345000,"street":0},{"player":5,"type":"F","amount":0,"street":0},{"player":0,"type":"F","amount":0,"street":0}],"actions":[{"type":"F","amount":0},{"type":"C","amount":1145000}],"hands":{"22":{"weight":0.9999,"played":[0.0,1.0],"evs":[0.0,1.04599]},"32o":{"weight":0.0,"played":[1.0,0.0],"evs":[0.0,-1.83586]},"42o":{"weight":0.0,"played":[1.0,0.0],"evs":[0.0,-1.75614]},"52o":{"weight":0.0,"played":[1.0,0.0],"evs":[0.0,-1.59234]},"62o":{"weight":0.0,"played":[1.0,0.0],"evs":[0.0,-1.7976]},"72o":{"weight":0.0,"played":[1.0,0.0],"evs":[0.0,-1.99536]},"82o":{"weight":0.0,"played":[1.0,0.0],"evs":[0.0,-1.8897]},"92o":{"weight":0.0,"played":[1.0,0.0],"evs":[0.0,-1.70223]},"T2o":{"weight":0.0,"played":[1.0,0.0],"evs":[0.0,-1.76509]},"J2o":{"weight":0.0,"played":[1.0,0.0],"evs":[0.0,-1.56538]},"Q2o":{"weight":0.0,"played":[1.0,0.0],"evs":[0.0,-1.44191]},"K2o":{"weight":0.0,"played":[1.0,0.0],"evs":[0.0,-1.24862]},"A2o":{"weight":0.0,"played":[1.0,0.0],"evs":[0.0,-0.41971]},"32s":{"weight":0.0,"played":[1.0,0.0],"evs":[0.0,-0.85644]},"33":{"weight":1.0,"played":[0.0,1.0],"evs":[0.0,1.18654]},"43o":{"weight":0.0,"played":[1.0,0.0],"evs":[0.0,-1.39637]},"53o":{"weight":0.0,"played":[1.0,0.0],"evs":[0.0,-1.25607]},"63o":{"weight":0.0,"played":[1.0,0.0],"evs":[0.0,-1.454]},"73o":{"weight":0.0,"played":[1.0,0.0],"evs":[0.0,-1.63454]},"83o":{"weight":0.0,"played":[1.0,0.0],"evs":[0.0,-1.90021]},"93o":{"weight":0.0,"played":[1.0,0.0],"evs":[0.0,-1.61188]},"T3o":{"weight":0.0,"played":[1.0,0.0],"evs":[0.0,-1.6165]},"J3o":{"weight":0.0,"played":[1.0,0.0],"evs":[0.0,-1.46163]},"Q3o":{"weight":0.0,"played":[1.0,0.0],"evs":[0.0,-1.34083]},"K3o":{"weight":0.0,"played":[1.0,0.0],"evs":[0.0,-1.15302]},"A3o":{"weight":0.0,"played":[1.0,0.0],"evs":[0.0,-0.39031]},"42s":{"weight":0.0,"played":[1.0,0.0],"evs":[0.0,-0.81162]},"43s":{"weight":0.0,"played":[0.9996,4.0E-4],"evs":[0.0,-0.43855]},"44":{"weight":1.0,"played":[0.0,1.0],"evs":[0.0,1.26106]},"54o":{"weight":0.0,"played":[1.0,0.0],"evs":[0.0,-0.90802]},"64o":{"weight":0.0,"played":[1.0,0.0],"evs":[0.0,-1.11659]},"74o":{"weight":0.0,"played":[1.0,0.0],"evs":[0.0,-1.2483]},"84o":{"weight":0.0,"played":[1.0,0.0],"evs":[0.0,-1.52284]},"94o":{"weight":0.0,"played":[1.0,0.0],"evs":[0.0,-1.59158]},"T4o":{"weight":0.0,"played":[1.0,0.0],"evs":[0.0,-1.49438]},"J4o":{"weight":0.0,"played":[1.0,0.0],"evs":[0.0,-1.37125]},"Q4o":{"weight":0.0,"played":[1.0,0.0],"evs":[0.0,-1.20852]},"K4o":{"weight":0.0,"played":[1.0,0.0],"evs":[0.0,-1.09586]},"A4o":{"weight":0.0,"played":[1.0,0.0],"evs":[0.0,-0.28532]},"52s":{"weight":0.0,"played":[1.0,0.0],"evs":[0.0,-0.71484]},"53s":{"weight":5.0E-4,"played":[0.9999,1.0E-4],"evs":[0.0,-0.41771]},"54s":{"weight":0.8579,"played":[0.9998,2.0E-4],"evs":[0.0,-0.08096]},"55":{"weight":0.9999,"played":[0.0,1.0],"evs":[0.0,1.61772]},"65o":{"weight":0.0,"played":[1.0,0.0],"evs":[0.0,-0.82841]},"75o":{"weight":0.0,"played":[1.0,0.0],"evs":[0.0,-0.94661]},"85o":{"weight":0.0,"played":[1.0,0.0],"evs":[0.0,-1.17589]},"95o":{"weight":0.0,"played":[1.0,0.0],"evs":[0.0,-1.28431]},"T5o":{"weight":0.0,"played":[1.0,0.0],"evs":[0.0,-1.54526]},"J5o":{"weight":0.0,"played":[1.0,0.0],"evs":[0.0,-1.32318]},"Q5o":{"weight":0.0,"played":[1.0,0.0],"evs":[0.0,-1.1794]},"K5o":{"weight":0.0,"played":[1.0,0.0],"evs":[0.0,-0.93734]},"A5o":{"weight":0.0,"played":[0.9993,7.0E-4],"evs":[0.0,-0.13869]},"62s":{"weight":0.0,"played":[1.0,0.0],"evs":[0.0,-0.94383]},"63s":{"weight":0.0,"played":[1.0,0.0],"evs":[0.0,-0.57489]},"64s":{"weight":7.0E-4,"played":[0.9971,0.0029],"evs":[0.0,-0.26053]},"65s":{"weight":0.9991,"played":[0.7996,0.2004],"evs":[0.0,0.0294]},"66":{"weight":0.961,"played":[0.0,1.0],"evs":[0.0,2.25822]},"76o":{"weight":0.0,"played":[1.0,0.0],"evs":[0.0,-0.60427]},"86o":{"weight":0.0,"played":[1.0,0.0],"evs":[0.0,-0.7845]},"96o":{"weight":0.0,"played":[1.0,0.0],"evs":[0.0,-0.92177]},"T6o":{"weight":0.0,"played":[1.0,0.0],"evs":[0.0,-1.10736]},"J6o":{"weight":0.0,"played":[1.0,0.0],"evs":[0.0,-1.22312]},"Q6o":{"weight":0.0,"played":[1.0,0.0],"evs":[0.0,-1.01595]},"K6o":{"weight":0.0,"played":[1.0,0.0],"evs":[0.0,-0.82008]},"A6o":{"weight":0.0,"played":[1.0,0.0],"evs":[0.0,-0.32694]},"72s":{"weight":0.0,"played":[1.0,0.0],"evs":[0.0,-0.99518]},"73s":{"weight":0.0,"played":[1.0,0.0],"evs":[0.0,-0.77096]},"74s":{"weight":0.0,"played":[0.9998,2.0E-4],"evs":[0.0,-0.43982]},"75s":{"weight":0.0113,"played":[0.971,0.029],"evs":[0.0,-0.1744]},"76s":{"weight":0.6787,"played":[7.0E-4,0.9993],"evs":[0.0,0.23364]},"77":{"weight":0.9117,"played":[0.0,1.0],"evs":[0.0,2.88711]},"87o":{"weight":0.0,"played":[0.9999,1.0E-4],"evs":[0.0,-0.43308]},"97o":{"weight":0.0,"played":[1.0,0.0],"evs":[0.0,-0.55717]},"T7o":{"weight":0.0,"played":[1.0,0.0],"evs":[0.0,-0.78578]},"J7o":{"weight":0.0,"played":[1.0,0.0],"evs":[0.0,-0.89416]},"Q7o":{"weight":0.0,"played":[1.0,0.0],"evs":[0.0,-1.00769]},"K7o":{"weight":0.0,"played":[1.0,0.0],"evs":[0.0,-0.75556]},"A7o":{"weight":0.0,"played":[1.0,0.0],"evs":[0.0,-0.14543]},"82s":{"weight":0.0,"played":[1.0,0.0],"evs":[0.0,-0.96671]},"83s":{"weight":0.0,"played":[1.0,0.0],"evs":[0.0,-0.98795]},"84s":{"weight":0.0,"played":[1.0,0.0],"evs":[0.0,-0.63588]},"85s":{"weight":0.0,"played":[0.9999,1.0E-4],"evs":[0.0,-0.36994]},"86s":{"weight":0.1897,"played":[0.0906,0.9094],"evs":[0.0,0.06578]},"87s":{"weight":0.9997,"played":[0.0,1.0],"evs":[0.0,0.31594]},"88":{"weight":0.9372,"played":[0.0,1.0],"evs":[0.0,3.44496]},"98o":{"weight":0.0,"played":[0.9983,0.0017],"evs":[0.0,-0.29325]},"T8o":{"weight":0.0,"played":[1.0,0.0],"evs":[0.0,-0.45404]},"J8o":{"weight":0.0,"played":[1.0,0.0],"evs":[0.0,-0.62135]},"Q8o":{"weight":0.0,"played":[1.0,0.0],"evs":[0.0,-0.70595]},"K8o":{"weight":0.0,"played":[1.0,0.0],"evs":[0.0,-0.80199]},"A8o":{"weight":0.0,"played":[1.0,0.0],"evs":[0.0,-0.08973]},"92s":{"weight":0.0,"played":[1.0,0.0],"evs":[0.0,-0.86678]},"93s":{"weight":0.0,"played":[1.0,0.0],"evs":[0.0,-0.76474]},"94s":{"weight":0.0,"played":[1.0,0.0],"evs":[0.0,-0.65891]},"95s":{"weight":0.0,"played":[0.9998,2.0E-4],"evs":[0.0,-0.43634]},"96s":{"weight":0.0,"played":[0.9615,0.0385],"evs":[0.0,-0.08851]},"97s":{"weight":0.9676,"played":[1.0E-4,0.9999],"evs":[0.0,0.24926]},"98s":{"weight":0.9994,"played":[0.0,1.0],"evs":[0.0,0.47453]},"99":{"weight":0.8266,"played":[0.0,1.0],"evs":[0.0,4.22453]},"T9o":{"weight":0.0,"played":[1.0,0.0],"evs":[0.0,-0.16669]},"J9o":{"weight":0.0,"played":[1.0,0.0],"evs":[0.0,-0.2637]},"Q9o":{"weight":0.0,"played":[1.0,0.0],"evs":[0.0,-0.32502]},"K9o":{"weight":0.0,"played":[0.9999,1.0E-4],"evs":[0.0,-0.3993]},"A9o":{"weight":0.0,"played":[0.0347,0.9653],"evs":[0.0,0.31398]},"T2s":{"weight":0.0,"played":[1.0,0.0],"evs":[0.0,-0.87451]},"T3s":{"weight":0.0,"played":[1.0,0.0],"evs":[0.0,-0.83827]},"T4s":{"weight":0.0,"played":[1.0,0.0],"evs":[0.0,-0.66508]},"T5s":{"weight":0.0,"played":[1.0,0.0],"evs":[0.0,-0.6648]},"T6s":{"weight":0.0,"played":[0.9992,8.0E-4],"evs":[0.0,-0.33637]},"T7s":{"weight":0.0506,"played":[0.456,0.544],"evs":[0.0,-0.02463]},"T8s":{"weight":0.6917,"played":[1.0E-4,0.9999],"evs":[0.0,0.26561]},"T9s":{"weight":0.4024,"played":[0.0,1.0],"evs":[0.0,0.72199]},"TT":{"weight":0.9199,"played":[0.0,1.0],"evs":[0.0,5.21263]},"JTo":{"weight":0.0,"played":[0.0652,0.9348],"evs":[0.0,0.03367]},"QTo":{"weight":0.0,"played":[0.7462,0.2538],"evs":[0.0,-0.02088]},"KTo":{"weight":3.0E-4,"played":[0.9998,2.0E-4],"evs":[0.0,-0.11577]},"ATo":{"weight":0.7884,"played":[0.0,1.0],"evs":[0.0,1.1186]},"J2s":{"weight":0.0,"played":[1.0,0.0],"evs":[0.0,-0.73356]},"J3s":{"weight":0.0,"played":[0.9999,1.0E-4],"evs":[0.0,-0.59233]},"J4s":{"weight":0.0,"played":[1.0,0.0],"evs":[0.0,-0.5404]},"J5s":{"weight":0.0,"played":[1.0,0.0],"evs":[0.0,-0.41617]},"J6s":{"weight":0.0,"played":[1.0,0.0],"evs":[0.0,-0.34005]},"J7s":{"weight":0.0,"played":[0.7543,0.2457],"evs":[0.0,-0.03728]},"J8s":{"weight":0.8496,"played":[0.0,1.0],"evs":[0.0,0.2531]},"J9s":{"weight":0.9888,"played":[1.0E-4,0.9999],"evs":[0.0,0.5876]},"JTs":{"weight":0.3507,"played":[0.0,1.0],"evs":[0.0,0.84923]},"JJ":{"weight":0.1157,"played":[0.0,1.0],"evs":[0.0,6.16163]},"QJo":{"weight":0.4932,"played":[2.0E-4,0.9998],"evs":[0.0,0.08675]},"KJo":{"weight":0.7213,"played":[0.0032,0.9968],"evs":[0.0,0.16607]},"AJo":{"weight":0.6466,"played":[0.0,1.0],"evs":[0.0,2.29982]},"Q2s":{"weight":0.0,"played":[1.0,0.0],"evs":[0.0,-0.62332]},"Q3s":{"weight":0.0,"played":[1.0,0.0],"evs":[0.0,-0.41718]},"Q4s":{"weight":0.0,"played":[1.0,0.0],"evs":[0.0,-0.27668]},"Q5s":{"weight":0.0,"played":[0.9977,0.0023],"evs":[0.0,-0.34161]},"Q6s":{"weight":0.0,"played":[0.9965,0.0035],"evs":[0.0,-0.08953]},"Q7s":{"weight":0.0,"played":[0.998,0.002],"evs":[0.0,-0.06847]},"Q8s":{"weight":0.1658,"played":[0.0484,0.9516],"evs":[0.0,0.10946]},"Q9s":{"weight":0.4899,"played":[0.0,1.0],"evs":[0.0,0.50339]},"QTs":{"weight":0.9431,"played":[0.0,1.0],"evs":[0.0,0.76445]},"QJs":{"weight":0.9875,"played":[0.0,1.0],"evs":[0.0,0.94452]},"QQ":{"weight":3.0E-4,"played":[0.0,1.0],"evs":[0.0,7.69619]},"KQo":{"weight":0.9095,"played":[0.0,1.0],"evs":[0.0,0.88328]},"AQo":{"weight":0.6339,"played":[0.0,1.0],"evs":[0.0,3.83681]},"K2s":{"weight":0.0,"played":[0.999,0.001],"evs":[0.0,-0.36501]},"K3s":{"weight":0.0,"played":[0.9999,1.0E-4],"evs":[0.0,-0.29957]},"K4s":{"weight":0.0,"played":[0.9998,2.0E-4],"evs":[0.0,-0.22323]},"K5s":{"weight":0.1902,"played":[0.981,0.019],"evs":[0.0,0.01129]},"K6s":{"weight":0.1998,"played":[0.1636,0.8364],"evs":[0.0,0.0357]},"K7s":{"weight":0.6259,"played":[6.0E-4,0.9994],"evs":[0.0,0.13156]},"K8s":{"weight":0.6114,"played":[0.0095,0.9905],"evs":[0.0,0.14691]},"K9s":{"weight":0.28,"played":[1.0E-4,0.9999],"evs":[0.0,0.36354]},"KTs":{"weight":0.9954,"played":[0.0,1.0],"evs":[0.0,0.77287]},"KJs":{"weight":0.9997,"played":[0.0,1.0],"evs":[0.0,0.99201]},"KQs":{"weight":0.9995,"played":[0.0,1.0],"evs":[0.0,1.61037]},"KK":{"weight":1.0E-4,"played":[0.0,1.0],"evs":[0.0,9.16875]},"AKo":{"weight":0.0,"played":[0.0,1.0],"evs":[0.0,5.17346]},"A2s":{"weight":0.6428,"played":[0.0021,0.9979],"evs":[0.0,0.39514]},"A3s":{"weight":0.3841,"played":[2.0E-4,0.9998],"evs":[0.0,0.46811]},"A4s":{"weight":0.8027,"played":[0.0,1.0],"evs":[0.0,0.59992]},"A5s":{"weight":0.8366,"played":[0.0,1.0],"evs":[0.0,0.64243]},"A6s":{"weight":0.47,"played":[7.0E-4,0.9993],"evs":[0.0,0.57185]},"A7s":{"weight":0.7066,"played":[0.0,1.0],"evs":[0.0,0.67544]},"A8s":{"weight":0.9793,"played":[0.0,1.0],"evs":[0.0,0.73944]},"A9s":{"weight":0.9999,"played":[0.0,1.0],"evs":[0.0,1.07528]},"ATs":{"weight":1.0,"played":[0.0,1.0],"evs":[0.0,1.86162]},"AJs":{"weight":1.0,"played":[0.0,1.0],"evs":[0.0,2.98086]},"AQs":{"weight":1.0,"played":[0.0,1.0],"evs":[0.0,4.41019]},"AKs":{"weight":0.3253,"played":[0.0,1.0],"evs":[0.0,5.5111]},"AA":{"weight":3.0E-4,"played":[0.0,1.0],"evs":[0.0,11.73535]}}}