{"player":4,"street":0,"children":2,"sequence":[{"player":0,"type":"F","amount":0,"street":0},{"player":1,"type":"F","amount":0,"street":0},{"player":2,"type":"F","amount":0,"street":0},{"player":3,"type":"R","amount":2335000,"street":0}],"actions":[{"type":"F","amount":0,"node":19},{"type":"C","amount":1295000,"node":20}],"hands":{"22":{"weight":1.0,"played":[0.8989,0.1011],"evs":[0.0,-0.09008]},"32o":{"weight":1.0,"played":[1.0,0.0],"evs":[0.0,-3.42311]},"42o":{"weight":1.0,"played":[1.0,0.0],"evs":[0.0,-3.13269]},"52o":{"weight":1.0,"played":[1.0,0.0],"evs":[0.0,-2.92477]},"62o":{"weight":1.0,"played":[1.0,0.0],"evs":[0.0,-3.14659]},"72o":{"weight":1.0,"played":[1.0,0.0],"evs":[0.0,-3.34041]},"82o":{"weight":1.0,"played":[1.0,0.0],"evs":[0.0,-3.49018]},"92o":{"weight":1.0,"played":[1.0,0.0],"evs":[0.0,-3.2886]},"T2o":{"weight":1.0,"played":[1.0,0.0],"evs":[0.0,-2.85743]},"J2o":{"weight":1.0,"played":[1.0,0.0],"evs":[0.0,-2.63251]},"Q2o":{"weight":1.0,"played":[1.0,0.0],"evs":[0.0,-2.59715]},"K2o":{"weight":1.0,"played":[1.0,0.0],"evs":[0.0,-2.17392]},"A2o":{"weight":1.0,"played":[1.0,0.0],"evs":[0.0,-1.01256]},"32s":{"weight":1.0,"played":[1.0,0.0],"evs":[0.0,-2.59801]},"33":{"weight":1.0,"played":[0.0,1.0],"evs":[0.0,1.39674]},"43o":{"weight":1.0,"played":[1.0,0.0],"evs":[0.0,-2.51144]},"53o":{"weight":1.0,"played":[1.0,0.0],"evs":[0.0,-2.31419]},"63o":{"weight":1.0,"played":[1.0,0.0],"evs":[0.0,-2.48924]},"73o":{"weight":1.0,"played":[1.0,0.0],"evs":[0.0,-2.67901]},"83o":{"weight":1.0,"played":[1.0,0.0],"evs":[0.0,-3.13699]},"93o":{"weight":1.0,"played":[1.0,0.0],"evs":[0.0,-2.92643]},"T3o":{"weight":1.0,"played":[1.0,0.0],"evs":[0.0,-2.4797]},"J3o":{"weight":1.0,"played":[1.0,0.0],"evs":[0.0,-2.27511]},"Q3o":{"weight":1.0,"played":[1.0,0.0],"evs":[0.0,-2.2691]},"K3o":{"weight":1.0,"played":[1.0,0.0],"evs":[0.0,-1.78041]},"A3o":{"weight":1.0,"played":[1.0,0.0],"evs":[0.0,-0.55258]},"42s":{"weight":1.0,"played":[1.0,0.0],"evs":[0.0,-2.29039]},"43s":{"weight":1.0,"played":[1.0,0.0],"evs":[0.0,-1.69606]},"44":{"weight":1.0,"played":[0.0,1.0],"evs":[0.0,2.2286]},"54o":{"weight":1.0,"played":[1.0,0.0],"evs":[0.0,-1.82098]},"64o":{"weight":1.0,"played":[1.0,0.0],"evs":[0.0,-1.98954]},"74o":{"weight":1.0,"played":[1.0,0.0],"evs":[0.0,-2.18494]},"84o":{"weight":1.0,"played":[1.0,0.0],"evs":[0.0,-2.57326]},"94o":{"weight":1.0,"played":[1.0,0.0],"evs":[0.0,-2.63559]},"T4o":{"weight":1.0,"played":[1.0,0.0],"evs":[0.0,-2.15062]},"J4o":{"weight":1.0,"played":[1.0,0.0],"evs":[0.0,-1.93652]},"Q4o":{"weight":1.0,"played":[1.0,0.0],"evs":[0.0,-1.96405]},"K4o":{"weight":1.0,"played":[1.0,0.0],"evs":[0.0,-1.50428]},"A4o":{"weight":1.0,"played":[1.0,0.0],"evs":[0.0,-0.25322]},"52s":{"weight":1.0,"played":[1.0,0.0],"evs":[0.0,-2.07756]},"53s":{"weight":1.0,"played":[1.0,0.0],"evs":[0.0,-1.49207]},"54s":{"weight":1.0,"played":[1.0,0.0],"evs":[0.0,-1.02831]},"55":{"weight":1.0,"played":[0.0,1.0],"evs":[0.0,2.57547]},"65o":{"weight":1.0,"played":[1.0,0.0],"evs":[0.0,-1.55783]},"75o":{"weight":1.0,"played":[1.0,0.0],"evs":[0.0,-1.72879]},"85o":{"weight":1.0,"played":[1.0,0.0],"evs":[0.0,-2.10152]},"95o":{"weight":1.0,"played":[1.0,0.0],"evs":[0.0,-2.17819]},"T5o":{"weight":1.0,"played":[1.0,0.0],"evs":[0.0,-1.98291]},"J5o":{"weight":1.0,"played":[1.0,0.0],"evs":[0.0,-1.72175]},"Q5o":{"weight":1.0,"played":[1.0,0.0],"evs":[0.0,-1.71632]},"K5o":{"weight":1.0,"played":[1.0,0.0],"evs":[0.0,-1.24634]},"A5o":{"weight":1.0,"played":[0.9919,0.0081],"evs":[0.0,-0.03729]},"62s":{"weight":1.0,"played":[1.0,0.0],"evs":[0.0,-2.33214]},"63s":{"weight":1.0,"played":[1.0,0.0],"evs":[0.0,-1.72901]},"64s":{"weight":1.0,"played":[1.0,0.0],"evs":[0.0,-1.25394]},"65s":{"weight":1.0,"played":[1.0,0.0],"evs":[0.0,-0.80807]},"66":{"weight":1.0,"played":[0.0,1.0],"evs":[0.0,2.76304]},"76o":{"weight":1.0,"played":[1.0,0.0],"evs":[0.0,-1.42853]},"86o":{"weight":1.0,"played":[1.0,0.0],"evs":[0.0,-1.76592]},"96o":{"weight":1.0,"played":[1.0,0.0],"evs":[0.0,-1.85524]},"T6o":{"weight":1.0,"played":[1.0,0.0],"evs":[0.0,-1.69876]},"J6o":{"weight":1.0,"played":[1.0,0.0],"evs":[0.0,-1.70324]},"Q6o":{"weight":1.0,"played":[1.0,0.0],"evs":[0.0,-1.60901]},"K6o":{"weight":1.0,"played":[1.0,0.0],"evs":[0.0,-1.1509]},"A6o":{"weight":1.0,"played":[0.9968,0.0032],"evs":[0.0,-0.07376]},"72s":{"weight":1.0,"played":[1.0,0.0],"evs":[0.0,-2.4348]},"73s":{"weight":1.0,"played":[1.0,0.0],"evs":[0.0,-1.88749]},"74s":{"weight":1.0,"played":[1.0,0.0],"evs":[0.0,-1.43117]},"75s":{"weight":1.0,"played":[1.0,0.0],"evs":[0.0,-0.96563]},"76s":{"weight":1.0,"played":[1.0,0.0],"evs":[0.0,-0.67979]},"77":{"weight":1.0,"played":[0.0,1.0],"evs":[0.0,2.89553]},"87o":{"weight":1.0,"played":[1.0,0.0],"evs":[0.0,-1.49177]},"97o":{"weight":1.0,"played":[1.0,0.0],"evs":[0.0,-1.57072]},"T7o":{"weight":1.0,"played":[1.0,0.0],"evs":[0.0,-1.40292]},"J7o":{"weight":1.0,"played":[1.0,0.0],"evs":[0.0,-1.43288]},"Q7o":{"weight":1.0,"played":[1.0,0.0],"evs":[0.0,-1.61037]},"K7o":{"weight":1.0,"played":[1.0,0.0],"evs":[0.0,-1.05201]},"A7o":{"weight":1.0,"played":[0.0,1.0],"evs":[0.0,0.07336]},"82s":{"weight":1.0,"played":[1.0,0.0],"evs":[0.0,-2.69891]},"83s":{"weight":1.0,"played":[1.0,0.0],"evs":[0.0,-2.38285]},"84s":{"weight":1.0,"played":[1.0,0.0],"evs":[0.0,-1.75637]},"85s":{"weight":1.0,"played":[1.0,0.0],"evs":[0.0,-1.3121]},"86s":{"weight":1.0,"played":[1.0,0.0],"evs":[0.0,-1.02892]},"87s":{"weight":1.0,"played":[1.0,0.0],"evs":[0.0,-0.79749]},"88":{"weight":1.0,"played":[0.0,1.0],"evs":[0.0,3.47917]},"98o":{"weight":1.0,"played":[1.0,0.0],"evs":[0.0,-1.54879]},"T8o":{"weight":1.0,"played":[1.0,0.0],"evs":[0.0,-1.36352]},"J8o":{"weight":1.0,"played":[1.0,0.0],"evs":[0.0,-1.39151]},"Q8o":{"weight":1.0,"played":[1.0,0.0],"evs":[0.0,-1.60489]},"K8o":{"weight":1.0,"played":[1.0,0.0],"evs":[0.0,-1.29332]},"A8o":{"weight":1.0,"played":[0.0,1.0],"evs":[0.0,0.8241]},"92s":{"weight":1.0,"played":[1.0,0.0],"evs":[0.0,-2.43686]},"93s":{"weight":1.0,"played":[1.0,0.0],"evs":[0.0,-2.11863]},"94s":{"weight":1.0,"played":[1.0,0.0],"evs":[0.0,-1.84794]},"95s":{"weight":1.0,"played":[1.0,0.0],"evs":[0.0,-1.38118]},"96s":{"weight":1.0,"played":[1.0,0.0],"evs":[0.0,-1.08778]},"97s":{"weight":1.0,"played":[1.0,0.0],"evs":[0.0,-0.86631]},"98s":{"weight":1.0,"played":[1.0,0.0],"evs":[0.0,-0.83107]},"99":{"weight":1.0,"played":[0.0,1.0],"evs":[0.0,4.15346]},"T9o":{"weight":1.0,"played":[1.0,0.0],"evs":[0.0,-0.90384]},"J9o":{"weight":1.0,"played":[1.0,0.0],"evs":[0.0,-0.992]},"Q9o":{"weight":1.0,"played":[1.0,0.0],"evs":[0.0,-1.19903]},"K9o":{"weight":1.0,"played":[1.0,0.0],"evs":[0.0,-0.85999]},"A9o":{"weight":1.0,"played":[0.0,1.0],"evs":[0.0,2.0153]},"T2s":{"weight":1.0,"played":[1.0,0.0],"evs":[0.0,-2.04048]},"T3s":{"weight":1.0,"played":[1.0,0.0],"evs":[0.0,-1.70274]},"T4s":{"weight":1.0,"played":[1.0,0.0],"evs":[0.0,-1.44312]},"T5s":{"weight":1.0,"played":[1.0,0.0],"evs":[0.0,-1.23194]},"T6s":{"weight":1.0,"played":[1.0,0.0],"evs":[0.0,-0.98907]},"T7s":{"weight":1.0,"played":[1.0,0.0],"evs":[0.0,-0.67305]},"T8s":{"weight":1.0,"played":[0.9999,1.0E-4],"evs":[0.0,-0.64203]},"T9s":{"weight":1.0,"played":[1.0,0.0],"evs":[0.0,-0.25]},"TT":{"weight":1.0,"played":[0.0,1.0],"evs":[0.0,4.82774]},"JTo":{"weight":1.0,"played":[0.9997,3.0E-4],"evs":[0.0,-0.23961]},"QTo":{"weight":1.0,"played":[0.9964,0.0036],"evs":[0.0,-0.25588]},"KTo":{"weight":1.0,"played":[0.2325,0.7675],"evs":[0.0,-0.00189]},"ATo":{"weight":1.0,"played":[0.0,1.0],"evs":[0.0,3.23099]},"J2s":{"weight":1.0,"played":[1.0,0.0],"evs":[0.0,-1.82698]},"J3s":{"weight":1.0,"played":[1.0,0.0],"evs":[0.0,-1.49801]},"J4s":{"weight":1.0,"played":[1.0,0.0],"evs":[0.0,-1.19746]},"J5s":{"weight":1.0,"played":[1.0,0.0],"evs":[0.0,-1.03969]},"J6s":{"weight":1.0,"played":[1.0,0.0],"evs":[0.0,-0.94773]},"J7s":{"weight":1.0,"played":[1.0,0.0],"evs":[0.0,-0.70695]},"J8s":{"weight":1.0,"played":[1.0,0.0],"evs":[0.0,-0.69876]},"J9s":{"weight":1.0,"played":[1.0,0.0],"evs":[0.0,-0.27961]},"JTs":{"weight":1.0,"played":[0.0,1.0],"evs":[0.0,0.35092]},"JJ":{"weight":1.0,"played":[0.0,1.0],"evs":[0.0,5.14296]},"QJo":{"weight":1.0,"played":[0.5477,0.4523],"evs":[0.0,-0.03665]},"KJo":{"weight":1.0,"played":[0.1832,0.8168],"evs":[0.0,-0.00222]},"AJo":{"weight":1.0,"played":[0.0,1.0],"evs":[0.0,3.35416]},"Q2s":{"weight":1.0,"played":[1.0,0.0],"evs":[0.0,-1.82483]},"Q3s":{"weight":1.0,"played":[1.0,0.0],"evs":[0.0,-1.44553]},"Q4s":{"weight":1.0,"played":[1.0,0.0],"evs":[0.0,-1.2059]},"Q5s":{"weight":1.0,"played":[1.0,0.0],"evs":[0.0,-0.96774]},"Q6s":{"weight":1.0,"played":[1.0,0.0],"evs":[0.0,-0.88951]},"Q7s":{"weight":1.0,"played":[1.0,0.0],"evs":[0.0,-0.86697]},"Q8s":{"weight":1.0,"played":[1.0,0.0],"evs":[0.0,-0.89458]},"Q9s":{"weight":1.0,"played":[0.9999,1.0E-4],"evs":[0.0,-0.48371]},"QTs":{"weight":1.0,"played":[1.0E-4,0.9999],"evs":[0.0,0.36449]},"QJs":{"weight":1.0,"played":[0.0,1.0],"evs":[0.0,0.62714]},"QQ":{"weight":1.0,"played":[0.0,1.0],"evs":[0.0,5.67081]},"KQo":{"weight":1.0,"played":[0.0,1.0],"evs":[0.0,0.36362]},"AQo":{"weight":1.0,"played":[0.0,1.0],"evs":[0.0,3.81001]},"K2s":{"weight":1.0,"played":[1.0,0.0],"evs":[0.0,-1.38072]},"K3s":{"weight":1.0,"played":[1.0,0.0],"evs":[0.0,-0.96068]},"K4s":{"weight":1.0,"played":[1.0,0.0],"evs":[0.0,-0.74684]},"K5s":{"weight":1.0,"played":[1.0,0.0],"evs":[0.0,-0.55472]},"K6s":{"weight":1.0,"played":[0.9998,2.0E-4],"evs":[0.0,-0.44669]},"K7s":{"weight":1.0,"played":[1.0,0.0],"evs":[0.0,-0.38461]},"K8s":{"weight":1.0,"played":[0.9999,1.0E-4],"evs":[0.0,-0.56096]},"K9s":{"weight":1.0,"played":[0.9985,0.0015],"evs":[0.0,-0.2175]},"KTs":{"weight":1.0,"played":[0.0,1.0],"evs":[0.0,0.58206]},"KJs":{"weight":1.0,"played":[0.0,1.0],"evs":[0.0,0.6205]},"KQs":{"weight":1.0,"played":[0.0,1.0],"evs":[0.0,0.95017]},"KK":{"weight":1.0,"played":[0.0,1.0],"evs":[0.0,6.21504]},"AKo":{"weight":1.0,"played":[0.0,1.0],"evs":[0.0,3.95924]},"A2s":{"weight":1.0,"played":[0.9999,1.0E-4],"evs":[0.0,-0.26663]},"A3s":{"weight":1.0,"played":[0.001,0.999],"evs":[0.0,0.1589]},"A4s":{"weight":1.0,"played":[0.0,1.0],"evs":[0.0,0.40446]},"A5s":{"weight":1.0,"played":[0.0,1.0],"evs":[0.0,0.61485]},"A6s":{"weight":1.0,"played":[0.0,1.0],"evs":[0.0,0.56062]},"A7s":{"weight":1.0,"played":[0.0,1.0],"evs":[0.0,0.68635]},"A8s":{"weight":1.0,"played":[0.0,1.0],"evs":[0.0,1.4082]},"A9s":{"weight":1.0,"played":[0.0,1.0],"evs":[0.0,2.58847]},"ATs":{"weight":1.0,"played":[0.0,1.0],"evs":[0.0,3.6325]},"AJs":{"weight":1.0,"played":[0.0,1.0],"evs":[0.0,3.78837]},"AQs":{"weight":1.0,"played":[0.0,1.0],"evs":[0.0,4.18488]},"AKs":{"weight":1.0,"played":[0.0,1.0],"evs":[0.0,4.37284]},"AA":{"weight":1.0,"played":[0.0,1.0],"evs":[0.0,8.72606]}}}