{"player":3,"street":0,"children":2,"sequence":[{"player":0,"type":"R","amount":200000,"street":0},{"player":1,"type":"F","amount":0,"street":0},{"player":2,"type":"F","amount":0,"street":0},{"player":3,"type":"C","amount":200000,"street":0},{"player":4,"type":"R","amount":1345000,"street":0},{"player":5,"type":"R","amount":2335000,"street":0},{"player":0,"type":"F","amount":0,"street":0}],"actions":[{"type":"F","amount":0},{"type":"C","amount":2135000}],"hands":{"22":{"weight":0.9999,"played":[0.9999,1.0E-4],"evs":[0.0,-1.98278]},"32o":{"weight":0.0,"played":[1.0,0.0],"evs":[0.0,-5.48144]},"42o":{"weight":0.0,"played":[1.0,0.0],"evs":[0.0,-5.5291]},"52o":{"weight":0.0,"played":[1.0,0.0],"evs":[0.0,-5.18715]},"62o":{"weight":0.0,"played":[1.0,0.0],"evs":[0.0,-5.64557]},"72o":{"weight":0.0,"played":[1.0,0.0],"evs":[0.0,-6.25523]},"82o":{"weight":0.0,"played":[1.0,0.0],"evs":[0.0,-5.72371]},"92o":{"weight":0.0,"played":[1.0,0.0],"evs":[0.0,-5.56386]},"T2o":{"weight":0.0,"played":[1.0,0.0],"evs":[0.0,-5.4038]},"J2o":{"weight":0.0,"played":[1.0,0.0],"evs":[0.0,-5.3632]},"Q2o":{"weight":0.0,"played":[1.0,0.0],"evs":[0.0,-5.43666]},"K2o":{"weight":0.0,"played":[1.0,0.0],"evs":[0.0,-4.77604]},"A2o":{"weight":0.0,"played":[1.0,0.0],"evs":[0.0,-4.84404]},"32s":{"weight":0.0,"played":[1.0,0.0],"evs":[0.0,-3.50346]},"33":{"weight":1.0,"played":[0.9999,1.0E-4],"evs":[0.0,-1.83476]},"43o":{"weight":0.0,"played":[1.0,0.0],"evs":[0.0,-4.71878]},"53o":{"weight":0.0,"played":[1.0,0.0],"evs":[0.0,-4.32424]},"63o":{"weight":0.0,"played":[1.0,0.0],"evs":[0.0,-4.75804]},"73o":{"weight":0.0,"played":[1.0,0.0],"evs":[0.0,-5.2835]},"83o":{"weight":0.0,"played":[1.0,0.0],"evs":[0.0,-5.89529]},"93o":{"weight":0.0,"played":[1.0,0.0],"evs":[0.0,-5.24893]},"T3o":{"weight":0.0,"played":[1.0,0.0],"evs":[0.0,-5.30521]},"J3o":{"weight":0.0,"played":[1.0,0.0],"evs":[0.0,-4.93986]},"Q3o":{"weight":0.0,"played":[1.0,0.0],"evs":[0.0,-4.88685]},"K3o":{"weight":0.0,"played":[1.0,0.0],"evs":[0.0,-4.62234]},"A3o":{"weight":0.0,"played":[1.0,0.0],"evs":[0.0,-4.65013]},"42s":{"weight":0.0,"played":[1.0,0.0],"evs":[0.0,-3.62691]},"43s":{"weight":0.0,"played":[1.0,0.0],"evs":[0.0,-2.71681]},"44":{"weight":1.0,"played":[1.0,0.0],"evs":[0.0,-1.42363]},"54o":{"weight":0.0,"played":[1.0,0.0],"evs":[0.0,-3.74809]},"64o":{"weight":0.0,"played":[1.0,0.0],"evs":[0.0,-4.14528]},"74o":{"weight":0.0,"played":[1.0,0.0],"evs":[0.0,-4.64825]},"84o":{"weight":0.0,"played":[1.0,0.0],"evs":[0.0,-5.12938]},"94o":{"weight":0.0,"played":[1.0,0.0],"evs":[0.0,-5.48691]},"T4o":{"weight":0.0,"played":[1.0,0.0],"evs":[0.0,-5.29622]},"J4o":{"weight":0.0,"played":[1.0,0.0],"evs":[0.0,-4.87228]},"Q4o":{"weight":0.0,"played":[1.0,0.0],"evs":[0.0,-5.004]},"K4o":{"weight":0.0,"played":[0.9999,1.0E-4],"evs":[0.0,-4.54035]},"A4o":{"weight":0.0,"played":[1.0,0.0],"evs":[0.0,-4.37255]},"52s":{"weight":0.0,"played":[0.9999,1.0E-4],"evs":[0.0,-3.37229]},"53s":{"weight":5.0E-4,"played":[1.0,0.0],"evs":[0.0,-2.99868]},"54s":{"weight":0.8579,"played":[1.0,0.0],"evs":[0.0,-2.29208]},"55":{"weight":0.9999,"played":[0.9993,7.0E-4],"evs":[0.0,-1.23257]},"65o":{"weight":0.0,"played":[1.0,0.0],"evs":[0.0,-3.66752]},"75o":{"weight":0.0,"played":[1.0,0.0],"evs":[0.0,-4.08433]},"85o":{"weight":0.0,"played":[0.9999,1.0E-4],"evs":[0.0,-4.51889]},"95o":{"weight":0.0,"played":[1.0,0.0],"evs":[0.0,-4.81916]},"T5o":{"weight":0.0,"played":[1.0,0.0],"evs":[0.0,-5.32778]},"J5o":{"weight":0.0,"played":[1.0,0.0],"evs":[0.0,-4.89176]},"Q5o":{"weight":0.0,"played":[1.0,0.0],"evs":[0.0,-5.00668]},"K5o":{"weight":0.0,"played":[1.0,0.0],"evs":[0.0,-4.25612]},"A5o":{"weight":0.0,"played":[1.0,0.0],"evs":[0.0,-4.32546]},"62s":{"weight":0.0,"played":[0.9999,1.0E-4],"evs":[0.0,-3.77592]},"63s":{"weight":0.0,"played":[1.0,0.0],"evs":[0.0,-3.07196]},"64s":{"weight":7.0E-4,"played":[1.0,0.0],"evs":[0.0,-2.7342]},"65s":{"weight":0.9991,"played":[1.0,0.0],"evs":[0.0,-2.11657]},"66":{"weight":0.961,"played":[0.9992,8.0E-4],"evs":[0.0,-0.67467]},"76o":{"weight":0.0,"played":[1.0,0.0],"evs":[0.0,-3.4781]},"86o":{"weight":0.0,"played":[1.0,0.0],"evs":[0.0,-3.95408]},"96o":{"weight":0.0,"played":[1.0,0.0],"evs":[0.0,-4.07187]},"T6o":{"weight":0.0,"played":[1.0,0.0],"evs":[0.0,-4.59419]},"J6o":{"weight":0.0,"played":[1.0,0.0],"evs":[0.0,-4.75393]},"Q6o":{"weight":0.0,"played":[1.0,0.0],"evs":[0.0,-4.74538]},"K6o":{"weight":0.0,"played":[1.0,0.0],"evs":[0.0,-4.01719]},"A6o":{"weight":0.0,"played":[0.9999,1.0E-4],"evs":[0.0,-5.30165]},"72s":{"weight":0.0,"played":[1.0,0.0],"evs":[0.0,-4.3477]},"73s":{"weight":0.0,"played":[1.0,0.0],"evs":[0.0,-3.44467]},"74s":{"weight":0.0,"played":[0.9998,2.0E-4],"evs":[0.0,-2.87191]},"75s":{"weight":0.0113,"played":[0.9999,1.0E-4],"evs":[0.0,-2.12891]},"76s":{"weight":0.6787,"played":[0.9998,2.0E-4],"evs":[0.0,-1.78091]},"77":{"weight":0.9117,"played":[0.0507,0.9493],"evs":[0.0,0.37633]},"87o":{"weight":0.0,"played":[1.0,0.0],"evs":[0.0,-3.34342]},"97o":{"weight":0.0,"played":[1.0,0.0],"evs":[0.0,-3.40266]},"T7o":{"weight":0.0,"played":[1.0,0.0],"evs":[0.0,-3.94379]},"J7o":{"weight":0.0,"played":[1.0,0.0],"evs":[0.0,-4.01716]},"Q7o":{"weight":0.0,"played":[1.0,0.0],"evs":[0.0,-4.70656]},"K7o":{"weight":0.0,"played":[1.0,0.0],"evs":[0.0,-4.0503]},"A7o":{"weight":0.0,"played":[1.0,0.0],"evs":[0.0,-4.86073]},"82s":{"weight":0.0,"played":[1.0,0.0],"evs":[0.0,-4.50746]},"83s":{"weight":0.0,"played":[1.0,0.0],"evs":[0.0,-3.90949]},"84s":{"weight":0.0,"played":[0.9995,5.0E-4],"evs":[0.0,-3.33669]},"85s":{"weight":0.0,"played":[1.0,0.0],"evs":[0.0,-2.50517]},"86s":{"weight":0.1897,"played":[1.0,0.0],"evs":[0.0,-2.1899]},"87s":{"weight":0.9997,"played":[0.9999,1.0E-4],"evs":[0.0,-1.65082]},"88":{"weight":0.9372,"played":[0.0,1.0],"evs":[0.0,1.72691]},"98o":{"weight":0.0,"played":[1.0,0.0],"evs":[0.0,-2.8746]},"T8o":{"weight":0.0,"played":[1.0,0.0],"evs":[0.0,-3.21231]},"J8o":{"weight":0.0,"played":[1.0,0.0],"evs":[0.0,-3.4298]},"Q8o":{"weight":0.0,"played":[1.0,0.0],"evs":[0.0,-4.17968]},"K8o":{"weight":0.0,"played":[1.0,0.0],"evs":[0.0,-3.86874]},"A8o":{"weight":0.0,"played":[0.9999,1.0E-4],"evs":[0.0,-4.43607]},"92s":{"weight":0.0,"played":[1.0,0.0],"evs":[0.0,-3.91801]},"93s":{"weight":0.0,"played":[1.0,0.0],"evs":[0.0,-3.72598]},"94s":{"weight":0.0,"played":[0.9997,3.0E-4],"evs":[0.0,-3.48934]},"95s":{"weight":0.0,"played":[1.0,0.0],"evs":[0.0,-3.18373]},"96s":{"weight":0.0,"played":[0.9997,3.0E-4],"evs":[0.0,-2.40797]},"97s":{"weight":0.9676,"played":[1.0,0.0],"evs":[0.0,-2.18691]},"98s":{"weight":0.9994,"played":[0.9995,5.0E-4],"evs":[0.0,-1.51478]},"99":{"weight":0.8266,"played":[0.0,1.0],"evs":[0.0,3.31786]},"T9o":{"weight":0.0,"played":[1.0,0.0],"evs":[0.0,-2.60425]},"J9o":{"weight":0.0,"played":[0.9999,1.0E-4],"evs":[0.0,-2.65737]},"Q9o":{"weight":0.0,"played":[0.9999,1.0E-4],"evs":[0.0,-3.35707]},"K9o":{"weight":0.0,"played":[1.0,0.0],"evs":[0.0,-3.2393]},"A9o":{"weight":0.0,"played":[1.0,0.0],"evs":[0.0,-4.14744]},"T2s":{"weight":0.0,"played":[1.0,0.0],"evs":[0.0,-3.81683]},"T3s":{"weight":0.0,"played":[1.0,0.0],"evs":[0.0,-3.51068]},"T4s":{"weight":0.0,"played":[1.0,0.0],"evs":[0.0,-3.40552]},"T5s":{"weight":0.0,"played":[0.9998,2.0E-4],"evs":[0.0,-3.60657]},"T6s":{"weight":0.0,"played":[0.9999,1.0E-4],"evs":[0.0,-3.18123]},"T7s":{"weight":0.0506,"played":[1.0,0.0],"evs":[0.0,-2.8344]},"T8s":{"weight":0.6917,"played":[0.9998,2.0E-4],"evs":[0.0,-1.42175]},"T9s":{"weight":0.4024,"played":[0.9987,0.0013],"evs":[0.0,-1.09857]},"TT":{"weight":0.9199,"played":[0.0,1.0],"evs":[0.0,4.94646]},"JTo":{"weight":0.0,"played":[0.9999,1.0E-4],"evs":[0.0,-2.2802]},"QTo":{"weight":0.0,"played":[0.9999,1.0E-4],"evs":[0.0,-2.8115]},"KTo":{"weight":3.0E-4,"played":[0.9999,1.0E-4],"evs":[0.0,-2.80479]},"ATo":{"weight":0.7884,"played":[0.9999,1.0E-4],"evs":[0.0,-2.95458]},"J2s":{"weight":0.0,"played":[0.9999,1.0E-4],"evs":[0.0,-3.32891]},"J3s":{"weight":0.0,"played":[0.9992,8.0E-4],"evs":[0.0,-2.93342]},"J4s":{"weight":0.0,"played":[0.9994,6.0E-4],"evs":[0.0,-3.20814]},"J5s":{"weight":0.0,"played":[0.9999,1.0E-4],"evs":[0.0,-3.12633]},"J6s":{"weight":0.0,"played":[0.9999,1.0E-4],"evs":[0.0,-2.90716]},"J7s":{"weight":0.0,"played":[1.0,0.0],"evs":[0.0,-2.61575]},"J8s":{"weight":0.8496,"played":[1.0,0.0],"evs":[0.0,-1.69978]},"J9s":{"weight":0.9888,"played":[0.9995,5.0E-4],"evs":[0.0,-1.16037]},"JTs":{"weight":0.3507,"played":[0.7397,0.2603],"evs":[0.0,-0.30232]},"JJ":{"weight":0.1157,"played":[0.0,1.0],"evs":[0.0,7.43013]},"QJo":{"weight":0.4932,"played":[1.0,0.0],"evs":[0.0,-2.27728]},"KJo":{"weight":0.7213,"played":[1.0,0.0],"evs":[0.0,-2.48281]},"AJo":{"weight":0.6466,"played":[0.9999,1.0E-4],"evs":[0.0,-1.93633]},"Q2s":{"weight":0.0,"played":[0.9991,9.0E-4],"evs":[0.0,-3.51017]},"Q3s":{"weight":0.0,"played":[0.9995,5.0E-4],"evs":[0.0,-2.89795]},"Q4s":{"weight":0.0,"played":[1.0,0.0],"evs":[0.0,-3.36829]},"Q5s":{"weight":0.0,"played":[0.9999,1.0E-4],"evs":[0.0,-3.08554]},"Q6s":{"weight":0.0,"played":[0.9991,9.0E-4],"evs":[0.0,-3.51804]},"Q7s":{"weight":0.0,"played":[1.0,0.0],"evs":[0.0,-3.38775]},"Q8s":{"weight":0.1658,"played":[0.9997,3.0E-4],"evs":[0.0,-2.5877]},"Q9s":{"weight":0.4899,"played":[0.9999,1.0E-4],"evs":[0.0,-1.52275]},"QTs":{"weight":0.9431,"played":[0.9951,0.0049],"evs":[0.0,-1.10924]},"QJs":{"weight":0.9875,"played":[0.9581,0.0419],"evs":[0.0,-0.66947]},"QQ":{"weight":3.0E-4,"played":[0.0,1.0],"evs":[0.0,11.12466]},"KQo":{"weight":0.9095,"played":[0.9995,5.0E-4],"evs":[0.0,-1.83884]},"AQo":{"weight":0.6339,"played":[0.2251,0.7749],"evs":[0.0,0.12197]},"K2s":{"weight":0.0,"played":[1.0,0.0],"evs":[0.0,-2.67894]},"K3s":{"weight":0.0,"played":[1.0,0.0],"evs":[0.0,-2.47411]},"K4s":{"weight":0.0,"played":[0.9994,6.0E-4],"evs":[0.0,-2.49038]},"K5s":{"weight":0.1902,"played":[0.9995,5.0E-4],"evs":[0.0,-2.63777]},"K6s":{"weight":0.1998,"played":[0.9993,7.0E-4],"evs":[0.0,-2.43373]},"K7s":{"weight":0.6259,"played":[0.9998,2.0E-4],"evs":[0.0,-2.34023]},"K8s":{"weight":0.6114,"played":[1.0,0.0],"evs":[0.0,-1.6814]},"K9s":{"weight":0.28,"played":[0.9753,0.0247],"evs":[0.0,-1.2327]},"KTs":{"weight":0.9954,"played":[0.9986,0.0014],"evs":[0.0,-0.86429]},"KJs":{"weight":0.9997,"played":[0.9998,2.0E-4],"evs":[0.0,-0.35301]},"KQs":{"weight":0.9995,"played":[0.9945,0.0055],"evs":[0.0,-0.42494]},"KK":{"weight":1.0E-4,"played":[0.0,1.0],"evs":[0.0,14.67687]},"AKo":{"weight":0.0,"played":[0.0,1.0],"evs":[0.0,3.24138]},"A2s":{"weight":0.6428,"played":[0.9999,1.0E-4],"evs":[0.0,-3.15617]},"A3s":{"weight":0.3841,"played":[0.9999,1.0E-4],"evs":[0.0,-2.80862]},"A4s":{"weight":0.8027,"played":[0.9999,1.0E-4],"evs":[0.0,-2.53787]},"A5s":{"weight":0.8366,"played":[0.9998,2.0E-4],"evs":[0.0,-2.15755]},"A6s":{"weight":0.47,"played":[0.9999,1.0E-4],"evs":[0.0,-2.74396]},"A7s":{"weight":0.7066,"played":[0.9999,1.0E-4],"evs":[0.0,-2.75908]},"A8s":{"weight":0.9793,"played":[1.0,0.0],"evs":[0.0,-2.2254]},"A9s":{"weight":0.9999,"played":[0.9998,2.0E-4],"evs":[0.0,-2.15445]},"ATs":{"weight":1.0,"played":[0.9992,8.0E-4],"evs":[0.0,-1.21258]},"AJs":{"weight":1.0,"played":[0.5306,0.4694],"evs":[0.0,-0.35149]},"AQs":{"weight":1.0,"played":[2.0E-4,0.9998],"evs":[0.0,1.98044]},"AKs":{"weight":0.3253,"played":[0.0,1.0],"evs":[0.0,4.34141]},"AA":{"weight":3.0E-4,"played":[0.0,1.0],"evs":[0.0,20.71504]}}}