{"player":0,"street":0,"children":2,"sequence":[{"player":0,"type":"R","amount":200000,"street":0},{"player":1,"type":"F","amount":0,"street":0},{"player":2,"type":"F","amount":0,"street":0},{"player":3,"type":"C","amount":200000,"street":0},{"player":4,"type":"R","amount":1345000,"street":0},{"player":5,"type":"R","amount":2335000,"street":0},{"player":0,"type":"C","amount":2135000,"street":0},{"player":3,"type":"R","amount":3605000,"street":0}],"actions":[{"type":"F","amount":0},{"type":"C","amount":1270000}],"hands":{"22":{"weight":0.0,"played":[5.0E-4,0.9995],"evs":[0.0,6.71318]},"32o":{"weight":0.0,"played":[0.0027,0.9973],"evs":[0.0,2.16279]},"42o":{"weight":0.0,"played":[2.0E-4,0.9998],"evs":[0.0,3.00315]},"52o":{"weight":0.0,"played":[0.0047,0.9953],"evs":[0.0,5.54074]},"62o":{"weight":0.0,"played":[0.0199,0.9801],"evs":[0.0,1.79135]},"72o":{"weight":0.0,"played":[0.001,0.999],"evs":[0.0,2.17765]},"82o":{"weight":0.0,"played":[0.0698,0.9302],"evs":[0.0,0.88791]},"92o":{"weight":0.0,"played":[0.0033,0.9967],"evs":[0.0,1.37264]},"T2o":{"weight":0.0,"played":[0.0112,0.9888],"evs":[0.0,1.15813]},"J2o":{"weight":0.0,"played":[0.0,1.0],"evs":[0.0,3.31891]},"Q2o":{"weight":0.0,"played":[0.0,1.0],"evs":[0.0,2.82609]},"K2o":{"weight":0.0,"played":[0.0011,0.9989],"evs":[0.0,4.47962]},"A2o":{"weight":0.0,"played":[3.0E-4,0.9997],"evs":[0.0,3.02208]},"32s":{"weight":0.0,"played":[0.0032,0.9968],"evs":[0.0,3.95171]},"33":{"weight":8.0E-4,"played":[1.0E-4,0.9999],"evs":[0.0,7.31283]},"43o":{"weight":0.0,"played":[0.0111,0.9889],"evs":[0.0,4.87277]},"53o":{"weight":0.0,"played":[0.007,0.993],"evs":[0.0,3.3684]},"63o":{"weight":0.0,"played":[0.0011,0.9989],"evs":[0.0,5.71572]},"73o":{"weight":0.0,"played":[0.0327,0.9673],"evs":[0.0,3.36602]},"83o":{"weight":0.0,"played":[0.3704,0.6296],"evs":[0.0,0.13848]},"93o":{"weight":0.0,"played":[0.0123,0.9877],"evs":[0.0,3.20869]},"T3o":{"weight":0.0,"played":[1.0E-4,0.9999],"evs":[0.0,1.06483]},"J3o":{"weight":0.0,"played":[3.0E-4,0.9997],"evs":[0.0,5.79778]},"Q3o":{"weight":0.0,"played":[0.0674,0.9326],"evs":[0.0,2.4832]},"K3o":{"weight":0.0,"played":[0.0011,0.9989],"evs":[0.0,6.87674]},"A3o":{"weight":0.0,"played":[0.0,1.0],"evs":[0.0,4.05359]},"42s":{"weight":0.0,"played":[0.0241,0.9759],"evs":[0.0,8.09078]},"43s":{"weight":0.0,"played":[0.0091,0.9909],"evs":[0.0,8.26262]},"44":{"weight":1.0E-4,"played":[8.0E-4,0.9992],"evs":[0.0,7.77607]},"54o":{"weight":0.0,"played":[0.0014,0.9986],"evs":[0.0,4.97297]},"64o":{"weight":0.0,"played":[0.0,1.0],"evs":[0.0,6.5771]},"74o":{"weight":0.0,"played":[0.0016,0.9984],"evs":[0.0,4.56138]},"84o":{"weight":0.0,"played":[0.0357,0.9643],"evs":[0.0,1.61262]},"94o":{"weight":0.0,"played":[5.0E-4,0.9995],"evs":[0.0,1.43881]},"T4o":{"weight":0.0,"played":[0.0076,0.9924],"evs":[0.0,0.686]},"J4o":{"weight":0.0,"played":[5.0E-4,0.9995],"evs":[0.0,3.76233]},"Q4o":{"weight":0.0,"played":[0.0012,0.9988],"evs":[0.0,4.87659]},"K4o":{"weight":0.0,"played":[0.0022,0.9978],"evs":[0.0,7.04911]},"A4o":{"weight":0.0,"played":[0.0,1.0],"evs":[0.0,4.64433]},"52s":{"weight":0.0,"played":[0.0133,0.9867],"evs":[0.0,6.03023]},"53s":{"weight":0.0,"played":[0.0638,0.9362],"evs":[0.0,5.46387]},"54s":{"weight":0.0,"played":[1.0E-4,0.9999],"evs":[0.0,12.09113]},"55":{"weight":6.0E-4,"played":[4.0E-4,0.9996],"evs":[0.0,9.89726]},"65o":{"weight":0.0,"played":[0.0031,0.9969],"evs":[0.0,6.52846]},"75o":{"weight":0.0,"played":[0.0258,0.9742],"evs":[0.0,2.623]},"85o":{"weight":0.0,"played":[0.0,1.0],"evs":[0.0,1.56086]},"95o":{"weight":0.0,"played":[0.0,1.0],"evs":[0.0,3.88803]},"T5o":{"weight":0.0,"played":[0.103,0.897],"evs":[0.0,1.0264]},"J5o":{"weight":0.0,"played":[0.0012,0.9988],"evs":[0.0,5.36596]},"Q5o":{"weight":0.0,"played":[0.0088,0.9912],"evs":[0.0,6.96606]},"K5o":{"weight":0.0,"played":[0.0,1.0],"evs":[0.0,5.44101]},"A5o":{"weight":0.0,"played":[0.0,1.0],"evs":[0.0,6.96755]},"62s":{"weight":0.0,"played":[0.0592,0.9408],"evs":[0.0,8.18954]},"63s":{"weight":0.0,"played":[0.0128,0.9872],"evs":[0.0,5.84798]},"64s":{"weight":0.0,"played":[9.0E-4,0.9991],"evs":[0.0,4.88209]},"65s":{"weight":0.0,"played":[0.0265,0.9735],"evs":[0.0,6.30438]},"66":{"weight":0.0012,"played":[8.0E-4,0.9992],"evs":[0.0,7.48674]},"76o":{"weight":0.0,"played":[5.0E-4,0.9995],"evs":[0.0,5.6908]},"86o":{"weight":0.0,"played":[9.0E-4,0.9991],"evs":[0.0,4.51982]},"96o":{"weight":0.0,"played":[3.0E-4,0.9997],"evs":[0.0,2.42742]},"T6o":{"weight":0.0,"played":[0.0045,0.9955],"evs":[0.0,2.51969]},"J6o":{"weight":0.0,"played":[2.0E-4,0.9998],"evs":[0.0,6.07566]},"Q6o":{"weight":0.0,"played":[1.0E-4,0.9999],"evs":[0.0,4.63874]},"K6o":{"weight":0.0,"played":[0.0,1.0],"evs":[0.0,8.72283]},"A6o":{"weight":0.0,"played":[0.0,1.0],"evs":[0.0,3.76114]},"72s":{"weight":0.0,"played":[0.0029,0.9971],"evs":[0.0,2.2238]},"73s":{"weight":0.0,"played":[0.0028,0.9972],"evs":[0.0,5.58806]},"74s":{"weight":0.0,"played":[0.001,0.999],"evs":[0.0,4.52278]},"75s":{"weight":0.0,"played":[0.002,0.998],"evs":[0.0,3.50321]},"76s":{"weight":0.0,"played":[4.0E-4,0.9996],"evs":[0.0,10.25152]},"77":{"weight":0.2125,"played":[0.0,1.0],"evs":[0.0,7.78231]},"87o":{"weight":0.0,"played":[1.0E-4,0.9999],"evs":[0.0,3.11514]},"97o":{"weight":0.0,"played":[0.0,1.0],"evs":[0.0,4.72994]},"T7o":{"weight":0.0,"played":[4.0E-4,0.9996],"evs":[0.0,4.21074]},"J7o":{"weight":0.0,"played":[2.0E-4,0.9998],"evs":[0.0,5.75706]},"Q7o":{"weight":0.0,"played":[0.0039,0.9961],"evs":[0.0,2.57942]},"K7o":{"weight":0.0,"played":[0.0025,0.9975],"evs":[0.0,5.91951]},"A7o":{"weight":0.0,"played":[0.0039,0.9961],"evs":[0.0,3.88723]},"82s":{"weight":0.0,"played":[0.0,1.0],"evs":[0.0,1.96451]},"83s":{"weight":0.0,"played":[4.0E-4,0.9996],"evs":[0.0,4.10612]},"84s":{"weight":0.0,"played":[0.0462,0.9538],"evs":[0.0,9.21447]},"85s":{"weight":0.0,"played":[0.0015,0.9985],"evs":[0.0,7.77882]},"86s":{"weight":0.0,"played":[0.0014,0.9986],"evs":[0.0,3.62226]},"87s":{"weight":0.0011,"played":[9.0E-4,0.9991],"evs":[0.0,5.48782]},"88":{"weight":0.6525,"played":[1.0E-4,0.9999],"evs":[0.0,6.69111]},"98o":{"weight":0.0,"played":[1.0E-4,0.9999],"evs":[0.0,3.96084]},"T8o":{"weight":0.0,"played":[0.0024,0.9976],"evs":[0.0,4.72215]},"J8o":{"weight":0.0,"played":[0.0,1.0],"evs":[0.0,6.47307]},"Q8o":{"weight":0.0,"played":[0.0019,0.9981],"evs":[0.0,4.6564]},"K8o":{"weight":0.0,"played":[0.0,1.0],"evs":[0.0,5.46929]},"A8o":{"weight":0.0,"played":[1.0E-4,0.9999],"evs":[0.0,4.04686]},"92s":{"weight":0.0,"played":[3.0E-4,0.9997],"evs":[0.0,4.2833]},"93s":{"weight":0.0,"played":[0.0015,0.9985],"evs":[0.0,1.50759]},"94s":{"weight":0.0,"played":[0.0014,0.9986],"evs":[0.0,3.51142]},"95s":{"weight":0.0,"played":[0.0042,0.9958],"evs":[0.0,1.86391]},"96s":{"weight":0.0,"played":[0.0,1.0],"evs":[0.0,5.2385]},"97s":{"weight":1.0E-4,"played":[0.0016,0.9984],"evs":[0.0,7.863]},"98s":{"weight":0.0,"played":[0.0,1.0],"evs":[0.0,7.24028]},"99":{"weight":0.9963,"played":[0.0,1.0],"evs":[0.0,8.66221]},"T9o":{"weight":0.0,"played":[1.0E-4,0.9999],"evs":[0.0,4.39161]},"J9o":{"weight":0.0,"played":[2.0E-4,0.9998],"evs":[0.0,6.09439]},"Q9o":{"weight":0.0,"played":[0.0,1.0],"evs":[0.0,4.76033]},"K9o":{"weight":0.0,"played":[1.0E-4,0.9999],"evs":[0.0,8.82278]},"A9o":{"weight":0.0,"played":[0.0,1.0],"evs":[0.0,3.89041]},"T2s":{"weight":0.0,"played":[0.0,1.0],"evs":[0.0,5.67032]},"T3s":{"weight":0.0,"played":[0.0033,0.9967],"evs":[0.0,3.40856]},"T4s":{"weight":0.0,"played":[0.0032,0.9968],"evs":[0.0,6.99453]},"T5s":{"weight":0.0,"played":[0.001,0.999],"evs":[0.0,5.95129]},"T6s":{"weight":0.0,"played":[0.0149,0.9851],"evs":[0.0,3.75831]},"T7s":{"weight":0.0,"played":[1.0E-4,0.9999],"evs":[0.0,10.72288]},"T8s":{"weight":3.0E-4,"played":[2.0E-4,0.9998],"evs":[0.0,7.90786]},"T9s":{"weight":0.0016,"played":[0.0074,0.9926],"evs":[0.0,11.53169]},"TT":{"weight":0.7605,"played":[0.0,1.0],"evs":[0.0,19.60949]},"JTo":{"weight":0.0,"played":[0.0,1.0],"evs":[0.0,7.30553]},"QTo":{"weight":2.0E-4,"played":[0.0,1.0],"evs":[0.0,8.70688]},"KTo":{"weight":0.0,"played":[0.002,0.998],"evs":[0.0,8.38926]},"ATo":{"weight":2.0E-4,"played":[1.0E-4,0.9999],"evs":[0.0,4.04928]},"J2s":{"weight":0.0,"played":[0.0035,0.9965],"evs":[0.0,4.91461]},"J3s":{"weight":0.0,"played":[1.0E-4,0.9999],"evs":[0.0,10.22526]},"J4s":{"weight":0.0,"played":[0.0016,0.9984],"evs":[0.0,12.39854]},"J5s":{"weight":0.0,"played":[0.0011,0.9989],"evs":[0.0,5.57255]},"J6s":{"weight":0.0,"played":[0.0071,0.9929],"evs":[0.0,5.1908]},"J7s":{"weight":0.0,"played":[0.0027,0.9973],"evs":[0.0,8.73025]},"J8s":{"weight":0.0,"played":[0.0,1.0],"evs":[0.0,9.26983]},"J9s":{"weight":9.0E-4,"played":[1.0E-4,0.9999],"evs":[0.0,12.80475]},"JTs":{"weight":0.0035,"played":[1.0E-4,0.9999],"evs":[0.0,16.1545]},"JJ":{"weight":0.2892,"played":[0.0,1.0],"evs":[0.0,29.78468]},"QJo":{"weight":0.0,"played":[1.0E-4,0.9999],"evs":[0.0,11.87374]},"KJo":{"weight":1.0E-4,"played":[0.0,1.0],"evs":[0.0,10.20262]},"AJo":{"weight":3.0E-4,"played":[0.0,1.0],"evs":[0.0,11.19164]},"Q2s":{"weight":0.0,"played":[0.0086,0.9914],"evs":[0.0,13.99404]},"Q3s":{"weight":0.0,"played":[0.0022,0.9978],"evs":[0.0,4.75542]},"Q4s":{"weight":0.0,"played":[0.0238,0.9762],"evs":[0.0,7.3563]},"Q5s":{"weight":0.0,"played":[8.0E-4,0.9992],"evs":[0.0,6.43605]},"Q6s":{"weight":0.0,"played":[4.0E-4,0.9996],"evs":[0.0,7.63788]},"Q7s":{"weight":0.0,"played":[0.0016,0.9984],"evs":[0.0,8.28321]},"Q8s":{"weight":2.0E-4,"played":[6.0E-4,0.9994],"evs":[0.0,10.36789]},"Q9s":{"weight":0.0,"played":[0.0044,0.9956],"evs":[0.0,8.68179]},"QTs":{"weight":4.0E-4,"played":[9.0E-4,0.9991],"evs":[0.0,14.56181]},"QJs":{"weight":0.0059,"played":[1.0E-4,0.9999],"evs":[0.0,14.72975]},"QQ":{"weight":0.405,"played":[0.0,1.0],"evs":[0.0,32.17109]},"KQo":{"weight":1.0E-4,"played":[1.0E-4,0.9999],"evs":[0.0,12.78304]},"AQo":{"weight":0.2222,"played":[0.0,1.0],"evs":[0.0,12.03489]},"K2s":{"weight":0.0,"played":[0.0024,0.9976],"evs":[0.0,8.13902]},"K3s":{"weight":0.0,"played":[3.0E-4,0.9997],"evs":[0.0,7.6504]},"K4s":{"weight":0.0,"played":[0.0075,0.9925],"evs":[0.0,12.55062]},"K5s":{"weight":0.0,"played":[1.0E-4,0.9999],"evs":[0.0,8.86043]},"K6s":{"weight":0.0,"played":[0.0117,0.9883],"evs":[0.0,11.53939]},"K7s":{"weight":0.0,"played":[0.0,1.0],"evs":[0.0,9.07379]},"K8s":{"weight":0.0011,"played":[0.0,1.0],"evs":[0.0,9.61186]},"K9s":{"weight":2.0E-4,"played":[0.0,1.0],"evs":[0.0,7.97197]},"KTs":{"weight":0.0177,"played":[0.0021,0.9979],"evs":[0.0,10.62084]},"KJs":{"weight":0.1767,"played":[0.0027,0.9973],"evs":[0.0,13.52111]},"KQs":{"weight":0.0603,"played":[0.0015,0.9985],"evs":[0.0,13.00579]},"KK":{"weight":0.6453,"played":[0.0,1.0],"evs":[0.0,37.49709]},"AKo":{"weight":0.6923,"played":[0.0,1.0],"evs":[0.0,13.67383]},"A2s":{"weight":0.0,"played":[4.0E-4,0.9996],"evs":[0.0,7.14038]},"A3s":{"weight":4.0E-4,"played":[0.0,1.0],"evs":[0.0,10.49733]},"A4s":{"weight":0.0,"played":[0.0,1.0],"evs":[0.0,9.35038]},"A5s":{"weight":2.0E-4,"played":[9.0E-4,0.9991],"evs":[0.0,12.31361]},"A6s":{"weight":1.0E-4,"played":[0.0028,0.9972],"evs":[0.0,7.85014]},"A7s":{"weight":0.0,"played":[4.0E-4,0.9996],"evs":[0.0,7.47437]},"A8s":{"weight":0.0,"played":[0.0118,0.9882],"evs":[0.0,4.36252]},"A9s":{"weight":6.0E-4,"played":[0.0,1.0],"evs":[0.0,5.98728]},"ATs":{"weight":0.001,"played":[0.0,1.0],"evs":[0.0,14.1362]},"AJs":{"weight":0.3922,"played":[0.0,1.0],"evs":[0.0,13.20719]},"AQs":{"weight":0.6679,"played":[5.0E-4,0.9995],"evs":[0.0,20.52444]},"AKs":{"weight":0.2331,"played":[0.0,1.0],"evs":[0.0,16.50727]},"AA":{"weight":0.433,"played":[0.0,1.0],"evs":[0.0,41.9451]}}}