{"player":3,"street":0,"children":3,"sequence":[{"player":0,"type":"R","amount":200000,"street":0},{"player":1,"type":"F","amount":0,"street":0},{"player":2,"type":"F","amount":0,"street":0},{"player":3,"type":"R","amount":500000,"street":0},{"player":4,"type":"F","amount":0,"street":0},{"player":5,"type":"R","amount":2335000,"street":0},{"player":0,"type":"C","amount":2135000,"street":0}],"actions":[{"type":"F","amount":0},{"type":"C","amount":1835000},{"type":"R","amount":3605000,"node":194}],"hands":{"22":{"weight":0.0,"played":[1.0,0.0,0.0],"evs":[0.0,-5.96933,-6.84244]},"32o":{"weight":0.0,"played":[1.0,0.0,0.0],"evs":[0.0,-7.57835,-10.9576]},"42o":{"weight":0.0,"played":[1.0,0.0,0.0],"evs":[0.0,-7.24238,-10.39337]},"52o":{"weight":0.0,"played":[1.0,0.0,0.0],"evs":[0.0,-6.8084,-9.86713]},"62o":{"weight":0.0,"played":[1.0,0.0,0.0],"evs":[0.0,-7.34671,-10.69288]},"72o":{"weight":0.0,"played":[1.0,0.0,0.0],"evs":[0.0,-8.39579,-12.08692]},"82o":{"weight":0.0,"played":[1.0,0.0,0.0],"evs":[0.0,-8.15979,-11.84676]},"92o":{"weight":0.0,"played":[1.0,0.0,0.0],"evs":[0.0,-8.35293,-11.96891]},"T2o":{"weight":0.0,"played":[1.0,0.0,0.0],"evs":[0.0,-7.56769,-10.80239]},"J2o":{"weight":0.0,"played":[1.0,0.0,0.0],"evs":[0.0,-7.34147,-10.65945]},"Q2o":{"weight":0.0,"played":[1.0,0.0,0.0],"evs":[0.0,-7.73246,-11.1574]},"K2o":{"weight":0.0,"played":[1.0,0.0,0.0],"evs":[0.0,-7.42783,-10.62713]},"A2o":{"weight":0.0,"played":[1.0,0.0,0.0],"evs":[0.0,-6.88607,-9.44652]},"32s":{"weight":0.0,"played":[1.0,0.0,0.0],"evs":[0.0,-5.6733,-8.50961]},"33":{"weight":0.0,"played":[0.9999,0.0,1.0E-4],"evs":[0.0,-5.24585,-6.10708]},"43o":{"weight":0.0,"played":[1.0,0.0,0.0],"evs":[0.0,-6.55838,-9.5555]},"53o":{"weight":0.0,"played":[1.0,0.0,0.0],"evs":[0.0,-6.19798,-8.93672]},"63o":{"weight":0.0,"played":[1.0,0.0,0.0],"evs":[0.0,-6.5478,-9.54368]},"73o":{"weight":0.0,"played":[1.0,0.0,0.0],"evs":[0.0,-7.33447,-10.62448]},"83o":{"weight":0.0,"played":[1.0,0.0,0.0],"evs":[0.0,-8.12579,-11.83879]},"93o":{"weight":0.0,"played":[1.0,0.0,0.0],"evs":[0.0,-8.19611,-11.58654]},"T3o":{"weight":0.0,"played":[1.0,0.0,0.0],"evs":[0.0,-7.33214,-10.38983]},"J3o":{"weight":0.0,"played":[1.0,0.0,0.0],"evs":[0.0,-7.08564,-9.95547]},"Q3o":{"weight":0.0,"played":[1.0,0.0,0.0],"evs":[0.0,-7.19359,-10.4014]},"K3o":{"weight":0.0,"played":[1.0,0.0,0.0],"evs":[0.0,-7.4758,-10.43673]},"A3o":{"weight":0.0,"played":[1.0,0.0,0.0],"evs":[0.0,-6.21436,-8.78283]},"42s":{"weight":0.0,"played":[0.9998,1.0E-4,1.0E-4],"evs":[0.0,-4.80252,-7.21234]},"43s":{"weight":0.0,"played":[1.0,0.0,0.0],"evs":[0.0,-4.6678,-7.02716]},"44":{"weight":0.0,"played":[1.0,0.0,0.0],"evs":[0.0,-4.96297,-6.065]},"54o":{"weight":0.0,"played":[1.0,0.0,0.0],"evs":[0.0,-5.25352,-7.73857]},"64o":{"weight":0.0,"played":[1.0,0.0,0.0],"evs":[0.0,-5.80176,-8.66016]},"74o":{"weight":0.0,"played":[1.0,0.0,0.0],"evs":[0.0,-6.96268,-10.06544]},"84o":{"weight":0.0,"played":[1.0,0.0,0.0],"evs":[0.0,-6.93227,-10.13639]},"94o":{"weight":0.0,"played":[1.0,0.0,0.0],"evs":[0.0,-7.98905,-11.44999]},"T4o":{"weight":0.0,"played":[1.0,0.0,0.0],"evs":[0.0,-7.22555,-10.19628]},"J4o":{"weight":0.0,"played":[1.0,0.0,0.0],"evs":[0.0,-6.86515,-9.77988]},"Q4o":{"weight":0.0,"played":[1.0,0.0,0.0],"evs":[0.0,-6.95995,-10.11976]},"K4o":{"weight":0.0,"played":[1.0,0.0,0.0],"evs":[0.0,-7.07872,-9.83692]},"A4o":{"weight":0.0,"played":[1.0,0.0,0.0],"evs":[0.0,-5.70254,-8.09007]},"52s":{"weight":0.0,"played":[1.0,0.0,0.0],"evs":[0.0,-4.39971,-6.62737]},"53s":{"weight":0.0,"played":[0.9999,0.0,1.0E-4],"evs":[0.0,-4.82977,-7.0803]},"54s":{"weight":0.1419,"played":[1.0,0.0,0.0],"evs":[0.0,-3.30777,-5.06258]},"55":{"weight":1.0E-4,"played":[1.0,0.0,0.0],"evs":[0.0,-4.33067,-5.20795]},"65o":{"weight":0.0,"played":[1.0,0.0,0.0],"evs":[0.0,-4.70404,-6.84309]},"75o":{"weight":0.0,"played":[0.9999,0.0,1.0E-4],"evs":[0.0,-6.21818,-8.94724]},"85o":{"weight":0.0,"played":[1.0,0.0,0.0],"evs":[0.0,-6.47622,-9.3923]},"95o":{"weight":0.0,"played":[1.0,0.0,0.0],"evs":[0.0,-7.26646,-10.39257]},"T5o":{"weight":0.0,"played":[1.0,0.0,0.0],"evs":[0.0,-7.05037,-9.9302]},"J5o":{"weight":0.0,"played":[1.0,0.0,0.0],"evs":[0.0,-6.92545,-9.72828]},"Q5o":{"weight":0.0,"played":[1.0,0.0,0.0],"evs":[0.0,-7.14255,-9.98706]},"K5o":{"weight":0.0,"played":[1.0,0.0,0.0],"evs":[0.0,-7.17042,-9.97183]},"A5o":{"weight":0.0,"played":[1.0,0.0,0.0],"evs":[0.0,-5.8136,-8.20741]},"62s":{"weight":0.0,"played":[1.0,0.0,0.0],"evs":[0.0,-5.44911,-8.11856]},"63s":{"weight":0.0,"played":[1.0,0.0,0.0],"evs":[0.0,-4.95972,-7.28434]},"64s":{"weight":0.0,"played":[0.9999,0.0,1.0E-4],"evs":[0.0,-4.77655,-6.82692]},"65s":{"weight":4.0E-4,"played":[0.9999,1.0E-4,0.0],"evs":[0.0,-2.92335,-5.01845]},"66":{"weight":0.039,"played":[0.9997,0.0,2.0E-4],"evs":[0.0,-4.59231,-5.18724]},"76o":{"weight":0.0,"played":[1.0,0.0,0.0],"evs":[0.0,-5.7604,-8.27261]},"86o":{"weight":0.0,"played":[1.0,0.0,0.0],"evs":[0.0,-5.95316,-8.77289]},"96o":{"weight":0.0,"played":[1.0,0.0,0.0],"evs":[0.0,-6.53535,-9.15905]},"T6o":{"weight":0.0,"played":[1.0,0.0,0.0],"evs":[0.0,-6.80639,-9.47379]},"J6o":{"weight":0.0,"played":[1.0,0.0,0.0],"evs":[0.0,-7.19867,-10.02037]},"Q6o":{"weight":0.0,"played":[1.0,0.0,0.0],"evs":[0.0,-6.98463,-9.96323]},"K6o":{"weight":0.0,"played":[1.0,0.0,0.0],"evs":[0.0,-6.44375,-9.21701]},"A6o":{"weight":0.0,"played":[1.0,0.0,0.0],"evs":[0.0,-6.3886,-8.96048]},"72s":{"weight":0.0,"played":[0.9999,0.0,0.0],"evs":[0.0,-5.4617,-8.3966]},"73s":{"weight":0.0,"played":[1.0,0.0,0.0],"evs":[0.0,-5.43707,-8.0195]},"74s":{"weight":0.0,"played":[1.0,0.0,0.0],"evs":[0.0,-4.90908,-7.21691]},"75s":{"weight":0.0048,"played":[1.0,0.0,0.0],"evs":[0.0,-3.53902,-5.49769]},"76s":{"weight":0.3213,"played":[0.9996,0.0,4.0E-4],"evs":[0.0,-3.62418,-5.63204]},"77":{"weight":0.0883,"played":[0.9996,4.0E-4,1.0E-4],"evs":[0.0,-4.83143,-5.62655]},"87o":{"weight":0.0,"played":[1.0,0.0,0.0],"evs":[0.0,-5.75628,-8.35432]},"97o":{"weight":0.0,"played":[1.0,0.0,0.0],"evs":[0.0,-6.18175,-8.83763]},"T7o":{"weight":0.0,"played":[1.0,0.0,0.0],"evs":[0.0,-6.32514,-8.80821]},"J7o":{"weight":0.0,"played":[1.0,0.0,0.0],"evs":[0.0,-6.5044,-9.23134]},"Q7o":{"weight":0.0,"played":[1.0,0.0,0.0],"evs":[0.0,-6.91209,-9.94661]},"K7o":{"weight":0.0,"played":[0.9999,0.0,0.0],"evs":[0.0,-6.67417,-9.53724]},"A7o":{"weight":0.0,"played":[1.0,0.0,0.0],"evs":[0.0,-6.42711,-9.03614]},"82s":{"weight":0.0,"played":[1.0,0.0,0.0],"evs":[0.0,-6.29845,-9.30674]},"83s":{"weight":0.0,"played":[0.9999,1.0E-4,0.0],"evs":[0.0,-6.23288,-9.25083]},"84s":{"weight":0.0,"played":[1.0,0.0,0.0],"evs":[0.0,-4.78573,-7.23512]},"85s":{"weight":0.0,"played":[1.0,0.0,0.0],"evs":[0.0,-4.1888,-6.58638]},"86s":{"weight":0.0033,"played":[0.9999,0.0,1.0E-4],"evs":[0.0,-3.73693,-6.05637]},"87s":{"weight":0.0,"played":[0.9998,0.0,1.0E-4],"evs":[0.0,-3.62242,-5.49444]},"88":{"weight":0.0628,"played":[0.9996,3.0E-4,1.0E-4],"evs":[0.0,-3.53501,-4.55411]},"98o":{"weight":0.0,"played":[1.0,0.0,0.0],"evs":[0.0,-5.63676,-8.29585]},"T8o":{"weight":0.0,"played":[0.9999,0.0,1.0E-4],"evs":[0.0,-5.45203,-7.70499]},"J8o":{"weight":0.0,"played":[1.0,0.0,0.0],"evs":[0.0,-6.00401,-8.58004]},"Q8o":{"weight":0.0,"played":[1.0,0.0,0.0],"evs":[0.0,-6.39711,-9.16014]},"K8o":{"weight":0.0,"played":[1.0,0.0,0.0],"evs":[0.0,-6.74312,-9.47499]},"A8o":{"weight":0.0,"played":[1.0,0.0,0.0],"evs":[0.0,-6.68839,-9.44154]},"92s":{"weight":0.0,"played":[1.0,0.0,0.0],"evs":[0.0,-6.56646,-9.62276]},"93s":{"weight":0.0,"played":[0.9997,3.0E-4,0.0],"evs":[0.0,-6.00521,-8.52892]},"94s":{"weight":0.0,"played":[1.0,0.0,0.0],"evs":[0.0,-5.9029,-8.62732]},"95s":{"weight":0.0,"played":[0.9999,0.0,1.0E-4],"evs":[0.0,-5.04686,-7.67472]},"96s":{"weight":0.0,"played":[1.0,0.0,0.0],"evs":[0.0,-4.19998,-6.47381]},"97s":{"weight":0.0321,"played":[0.9997,2.0E-4,1.0E-4],"evs":[0.0,-3.74394,-5.65571]},"98s":{"weight":6.0E-4,"played":[0.9999,1.0E-4,0.0],"evs":[0.0,-4.0374,-6.35124]},"99":{"weight":0.1733,"played":[0.9997,0.0,3.0E-4],"evs":[0.0,-2.59384,-3.06745]},"T9o":{"weight":0.0,"played":[0.9999,1.0E-4,0.0],"evs":[0.0,-5.7474,-7.91629]},"J9o":{"weight":0.0,"played":[1.0,0.0,0.0],"evs":[0.0,-5.79862,-8.18654]},"Q9o":{"weight":0.0,"played":[0.9999,0.0,0.0],"evs":[0.0,-6.3794,-8.75455]},"K9o":{"weight":0.0,"played":[1.0,0.0,0.0],"evs":[0.0,-6.94924,-9.82136]},"A9o":{"weight":0.0449,"played":[1.0,0.0,0.0],"evs":[0.0,-7.16612,-9.51977]},"T2s":{"weight":0.0,"played":[0.9999,1.0E-4,0.0],"evs":[0.0,-5.17556,-7.76016]},"T3s":{"weight":0.0,"played":[1.0,0.0,0.0],"evs":[0.0,-4.88787,-7.46592]},"T4s":{"weight":0.0,"played":[1.0,0.0,0.0],"evs":[0.0,-5.18303,-7.40759]},"T5s":{"weight":0.0,"played":[1.0,0.0,0.0],"evs":[0.0,-5.9148,-8.22051]},"T6s":{"weight":0.0,"played":[1.0,0.0,0.0],"evs":[0.0,-4.5106,-6.7128]},"T7s":{"weight":0.1133,"played":[0.9998,0.0,2.0E-4],"evs":[0.0,-4.20149,-6.10603]},"T8s":{"weight":0.3083,"played":[1.0,0.0,0.0],"evs":[0.0,-4.01943,-5.84751]},"T9s":{"weight":0.5976,"played":[1.0,0.0,0.0],"evs":[0.0,-4.46684,-6.34369]},"TT":{"weight":0.0637,"played":[0.5273,0.2113,0.2614],"evs":[0.0,0.18676,0.18076]},"JTo":{"weight":0.0395,"played":[1.0,0.0,0.0],"evs":[0.0,-4.67218,-6.55183]},"QTo":{"weight":0.0017,"played":[1.0,0.0,0.0],"evs":[0.0,-4.85187,-6.72581]},"KTo":{"weight":0.1483,"played":[1.0,0.0,0.0],"evs":[0.0,-5.57322,-7.43652]},"ATo":{"weight":0.2116,"played":[0.9999,0.0,0.0],"evs":[0.0,-5.68543,-7.59971]},"J2s":{"weight":0.0,"played":[1.0,0.0,0.0],"evs":[0.0,-5.55099,-8.19091]},"J3s":{"weight":0.0,"played":[0.9996,3.0E-4,1.0E-4],"evs":[0.0,-5.2594,-7.46568]},"J4s":{"weight":0.0,"played":[0.9998,0.0,2.0E-4],"evs":[0.0,-5.24503,-7.42236]},"J5s":{"weight":0.0,"played":[0.9999,0.0,0.0],"evs":[0.0,-5.61842,-7.75473]},"J6s":{"weight":0.0,"played":[1.0,0.0,0.0],"evs":[0.0,-4.90718,-6.81234]},"J7s":{"weight":0.0,"played":[0.9999,0.0,1.0E-4],"evs":[0.0,-5.29839,-7.32685]},"J8s":{"weight":0.1482,"played":[0.9996,2.0E-4,1.0E-4],"evs":[0.0,-4.04123,-6.17691]},"J9s":{"weight":0.0112,"played":[0.9983,0.001,8.0E-4],"evs":[0.0,-3.84557,-5.62586]},"JTs":{"weight":0.6493,"played":[0.9999,0.0,0.0],"evs":[0.0,-2.8581,-4.3719]},"JJ":{"weight":0.8843,"played":[0.0,0.1095,0.8905],"evs":[0.0,2.4005,2.44038]},"QJo":{"weight":0.5065,"played":[0.9999,0.0,1.0E-4],"evs":[0.0,-4.44104,-6.40154]},"KJo":{"weight":0.2787,"played":[1.0,0.0,0.0],"evs":[0.0,-4.80361,-6.8012]},"AJo":{"weight":0.3534,"played":[1.0,0.0,0.0],"evs":[0.0,-5.27938,-6.65226]},"Q2s":{"weight":0.0,"played":[1.0,0.0,0.0],"evs":[0.0,-5.17244,-7.54122]},"Q3s":{"weight":0.0,"played":[1.0,0.0,0.0],"evs":[0.0,-5.53969,-7.92844]},"Q4s":{"weight":0.0,"played":[0.9999,0.0,0.0],"evs":[0.0,-5.04706,-7.10326]},"Q5s":{"weight":0.0,"played":[0.9999,0.0,1.0E-4],"evs":[0.0,-5.10114,-7.25816]},"Q6s":{"weight":0.0,"played":[1.0,0.0,0.0],"evs":[0.0,-4.78276,-6.95648]},"Q7s":{"weight":0.0,"played":[1.0,0.0,0.0],"evs":[0.0,-5.30448,-7.75462]},"Q8s":{"weight":0.4247,"played":[1.0,0.0,0.0],"evs":[0.0,-3.90768,-6.23475]},"Q9s":{"weight":0.5101,"played":[0.999,6.0E-4,4.0E-4],"evs":[0.0,-4.1073,-6.06241]},"QTs":{"weight":0.0569,"played":[0.9999,1.0E-4,0.0],"evs":[0.0,-2.86528,-4.44171]},"QJs":{"weight":0.0,"played":[0.9999,1.0E-4,1.0E-4],"evs":[0.0,-2.27498,-3.63341]},"QQ":{"weight":0.9997,"played":[0.0,0.0552,0.9448],"evs":[0.0,6.80406,6.91593]},"KQo":{"weight":0.088,"played":[0.9997,0.0,2.0E-4],"evs":[0.0,-5.17829,-7.15167]},"AQo":{"weight":0.3661,"played":[0.9997,1.0E-4,2.0E-4],"evs":[0.0,-4.10769,-5.19523]},"K2s":{"weight":0.0,"played":[1.0,0.0,0.0],"evs":[0.0,-5.37964,-7.73946]},"K3s":{"weight":4.0E-4,"played":[1.0,0.0,0.0],"evs":[0.0,-5.89255,-8.15068]},"K4s":{"weight":0.0,"played":[0.9996,3.0E-4,1.0E-4],"evs":[0.0,-5.22392,-7.34139]},"K5s":{"weight":0.0738,"played":[1.0,0.0,0.0],"evs":[0.0,-5.0703,-7.48989]},"K6s":{"weight":0.4858,"played":[0.9999,1.0E-4,0.0],"evs":[0.0,-5.00281,-7.28384]},"K7s":{"weight":0.3593,"played":[0.9998,1.0E-4,1.0E-4],"evs":[0.0,-4.46511,-6.74269]},"K8s":{"weight":0.3856,"played":[0.9999,0.0,1.0E-4],"evs":[0.0,-4.5751,-6.60044]},"K9s":{"weight":0.72,"played":[0.9997,0.0,2.0E-4],"evs":[0.0,-4.68544,-6.57854]},"KTs":{"weight":0.0046,"played":[0.9996,2.0E-4,3.0E-4],"evs":[0.0,-3.43623,-4.73939]},"KJs":{"weight":0.0,"played":[0.9994,1.0E-4,6.0E-4],"evs":[0.0,-3.5337,-4.78875]},"KQs":{"weight":0.0,"played":[0.9951,0.0045,3.0E-4],"evs":[0.0,-3.43651,-5.07078]},"KK":{"weight":0.9999,"played":[0.0,0.0,1.0],"evs":[0.0,14.16173,14.35152]},"AKo":{"weight":0.9882,"played":[0.9417,0.019,0.0393],"evs":[0.0,-0.56464,-0.5291]},"A2s":{"weight":0.3572,"played":[0.9999,0.0,0.0],"evs":[0.0,-4.75464,-6.89264]},"A3s":{"weight":0.6158,"played":[0.9998,1.0E-4,1.0E-4],"evs":[0.0,-3.97254,-6.08587]},"A4s":{"weight":0.1973,"played":[0.9997,2.0E-4,1.0E-4],"evs":[0.0,-3.32057,-5.3326]},"A5s":{"weight":0.1634,"played":[0.9997,2.0E-4,0.0],"evs":[0.0,-3.93381,-5.4602]},"A6s":{"weight":0.5299,"played":[1.0,0.0,0.0],"evs":[0.0,-4.77788,-6.81004]},"A7s":{"weight":0.2934,"played":[1.0,0.0,0.0],"evs":[0.0,-4.83992,-6.45868]},"A8s":{"weight":0.0206,"played":[0.9999,1.0E-4,0.0],"evs":[0.0,-4.55193,-6.38754]},"A9s":{"weight":1.0E-4,"played":[0.9999,0.0,0.0],"evs":[0.0,-5.19543,-6.84399]},"ATs":{"weight":0.0,"played":[1.0,0.0,0.0],"evs":[0.0,-3.43797,-4.7592]},"AJs":{"weight":0.0,"played":[0.9876,0.0083,0.0041],"evs":[0.0,-2.5372,-3.40431]},"AQs":{"weight":0.0,"played":[0.9996,2.0E-4,2.0E-4],"evs":[0.0,-3.07859,-4.04943]},"AKs":{"weight":0.6747,"played":[0.0068,0.3293,0.6638],"evs":[0.0,1.19436,1.19256]},"AA":{"weight":0.9997,"played":[0.0,7.0E-4,0.9993],"evs":[0.0,26.10496,26.46801]}}}