{"player":5,"street":0,"children":2,"sequence":[{"player":0,"type":"R","amount":200000,"street":0},{"player":1,"type":"F","amount":0,"street":0},{"player":2,"type":"F","amount":0,"street":0},{"player":3,"type":"R","amount":500000,"street":0},{"player":4,"type":"R","amount":1345000,"street":0}],"actions":[{"type":"F","amount":0,"node":197},{"type":"R","amount":2335000,"node":202}],"hands":{"22":{"weight":1.0,"played":[1.0,0.0],"evs":[0.0,-1.12179]},"32o":{"weight":1.0,"played":[1.0,0.0],"evs":[0.0,-4.28051]},"42o":{"weight":1.0,"played":[1.0,0.0],"evs":[0.0,-4.23202]},"52o":{"weight":1.0,"played":[1.0,0.0],"evs":[0.0,-4.09947]},"62o":{"weight":1.0,"played":[1.0,0.0],"evs":[0.0,-4.44356]},"72o":{"weight":1.0,"played":[1.0,0.0],"evs":[0.0,-5.06563]},"82o":{"weight":1.0,"played":[1.0,0.0],"evs":[0.0,-5.06772]},"92o":{"weight":1.0,"played":[1.0,0.0],"evs":[0.0,-5.24284]},"T2o":{"weight":1.0,"played":[1.0,0.0],"evs":[0.0,-4.92746]},"J2o":{"weight":1.0,"played":[1.0,0.0],"evs":[0.0,-5.01631]},"Q2o":{"weight":1.0,"played":[1.0,0.0],"evs":[0.0,-4.56084]},"K2o":{"weight":1.0,"played":[1.0,0.0],"evs":[0.0,-4.20587]},"A2o":{"weight":1.0,"played":[1.0,0.0],"evs":[0.0,-3.73813]},"32s":{"weight":1.0,"played":[1.0,0.0],"evs":[0.0,-3.05936]},"33":{"weight":1.0,"played":[0.9999,1.0E-4],"evs":[0.0,-1.13031]},"43o":{"weight":1.0,"played":[1.0,0.0],"evs":[0.0,-3.62743]},"53o":{"weight":1.0,"played":[1.0,0.0],"evs":[0.0,-3.37779]},"63o":{"weight":1.0,"played":[1.0,0.0],"evs":[0.0,-3.71083]},"73o":{"weight":1.0,"played":[1.0,0.0],"evs":[0.0,-4.55328]},"83o":{"weight":1.0,"played":[1.0,0.0],"evs":[0.0,-5.03991]},"93o":{"weight":1.0,"played":[1.0,0.0],"evs":[0.0,-4.82519]},"T3o":{"weight":1.0,"played":[1.0,0.0],"evs":[0.0,-4.80289]},"J3o":{"weight":1.0,"played":[1.0,0.0],"evs":[0.0,-4.81956]},"Q3o":{"weight":1.0,"played":[1.0,0.0],"evs":[0.0,-4.25763]},"K3o":{"weight":1.0,"played":[1.0,0.0],"evs":[0.0,-4.08885]},"A3o":{"weight":1.0,"played":[1.0,0.0],"evs":[0.0,-3.71269]},"42s":{"weight":1.0,"played":[1.0,0.0],"evs":[0.0,-2.90461]},"43s":{"weight":1.0,"played":[1.0,0.0],"evs":[0.0,-2.4327]},"44":{"weight":1.0,"played":[0.9998,2.0E-4],"evs":[0.0,-1.07201]},"54o":{"weight":1.0,"played":[1.0,0.0],"evs":[0.0,-2.82886]},"64o":{"weight":1.0,"played":[1.0,0.0],"evs":[0.0,-3.40801]},"74o":{"weight":1.0,"played":[1.0,0.0],"evs":[0.0,-3.79997]},"84o":{"weight":1.0,"played":[1.0,0.0],"evs":[0.0,-4.41219]},"94o":{"weight":1.0,"played":[1.0,0.0],"evs":[0.0,-4.7918]},"T4o":{"weight":1.0,"played":[1.0,0.0],"evs":[0.0,-4.72523]},"J4o":{"weight":1.0,"played":[1.0,0.0],"evs":[0.0,-4.52376]},"Q4o":{"weight":1.0,"played":[1.0,0.0],"evs":[0.0,-4.05646]},"K4o":{"weight":1.0,"played":[1.0,0.0],"evs":[0.0,-3.99406]},"A4o":{"weight":1.0,"played":[1.0,0.0],"evs":[0.0,-3.40824]},"52s":{"weight":1.0,"played":[1.0,0.0],"evs":[0.0,-2.93755]},"53s":{"weight":1.0,"played":[1.0,0.0],"evs":[0.0,-2.04226]},"54s":{"weight":1.0,"played":[1.0,0.0],"evs":[0.0,-1.48658]},"55":{"weight":1.0,"played":[0.9999,1.0E-4],"evs":[0.0,-0.89026]},"65o":{"weight":1.0,"played":[1.0,0.0],"evs":[0.0,-2.97793]},"75o":{"weight":1.0,"played":[1.0,0.0],"evs":[0.0,-3.45056]},"85o":{"weight":1.0,"played":[1.0,0.0],"evs":[0.0,-3.73732]},"95o":{"weight":1.0,"played":[1.0,0.0],"evs":[0.0,-4.20826]},"T5o":{"weight":1.0,"played":[1.0,0.0],"evs":[0.0,-4.48784]},"J5o":{"weight":1.0,"played":[1.0,0.0],"evs":[0.0,-4.77505]},"Q5o":{"weight":1.0,"played":[1.0,0.0],"evs":[0.0,-4.11195]},"K5o":{"weight":1.0,"played":[1.0,0.0],"evs":[0.0,-3.64934]},"A5o":{"weight":1.0,"played":[1.0,0.0],"evs":[0.0,-3.20668]},"62s":{"weight":1.0,"played":[1.0,0.0],"evs":[0.0,-3.23841]},"63s":{"weight":1.0,"played":[1.0,0.0],"evs":[0.0,-2.77401]},"64s":{"weight":1.0,"played":[1.0,0.0],"evs":[0.0,-2.20117]},"65s":{"weight":1.0,"played":[0.9999,1.0E-4],"evs":[0.0,-1.62756]},"66":{"weight":1.0,"played":[0.9996,4.0E-4],"evs":[0.0,-1.10081]},"76o":{"weight":1.0,"played":[1.0,0.0],"evs":[0.0,-3.08832]},"86o":{"weight":1.0,"played":[1.0,0.0],"evs":[0.0,-3.50989]},"96o":{"weight":1.0,"played":[1.0,0.0],"evs":[0.0,-3.83458]},"T6o":{"weight":1.0,"played":[1.0,0.0],"evs":[0.0,-4.33027]},"J6o":{"weight":1.0,"played":[1.0,0.0],"evs":[0.0,-4.60446]},"Q6o":{"weight":1.0,"played":[1.0,0.0],"evs":[0.0,-4.06086]},"K6o":{"weight":1.0,"played":[1.0,0.0],"evs":[0.0,-3.84433]},"A6o":{"weight":1.0,"played":[1.0,0.0],"evs":[0.0,-4.03549]},"72s":{"weight":1.0,"played":[1.0,0.0],"evs":[0.0,-3.46168]},"73s":{"weight":1.0,"played":[1.0,0.0],"evs":[0.0,-3.39854]},"74s":{"weight":1.0,"played":[1.0,0.0],"evs":[0.0,-2.68878]},"75s":{"weight":1.0,"played":[0.9999,1.0E-4],"evs":[0.0,-2.02281]},"76s":{"weight":1.0,"played":[0.9999,1.0E-4],"evs":[0.0,-1.55015]},"77":{"weight":1.0,"played":[0.9981,0.0019],"evs":[0.0,-0.50571]},"87o":{"weight":1.0,"played":[1.0,0.0],"evs":[0.0,-3.22863]},"97o":{"weight":1.0,"played":[1.0,0.0],"evs":[0.0,-3.4997]},"T7o":{"weight":1.0,"played":[1.0,0.0],"evs":[0.0,-3.87805]},"J7o":{"weight":1.0,"played":[1.0,0.0],"evs":[0.0,-4.57892]},"Q7o":{"weight":1.0,"played":[1.0,0.0],"evs":[0.0,-4.21127]},"K7o":{"weight":1.0,"played":[1.0,0.0],"evs":[0.0,-3.90914]},"A7o":{"weight":1.0,"played":[1.0,0.0],"evs":[0.0,-3.76556]},"82s":{"weight":1.0,"played":[1.0,0.0],"evs":[0.0,-3.80238]},"83s":{"weight":1.0,"played":[1.0,0.0],"evs":[0.0,-3.45569]},"84s":{"weight":1.0,"played":[1.0,0.0],"evs":[0.0,-2.82093]},"85s":{"weight":1.0,"played":[1.0,0.0],"evs":[0.0,-2.72951]},"86s":{"weight":1.0,"played":[1.0,0.0],"evs":[0.0,-2.46912]},"87s":{"weight":1.0,"played":[0.9997,3.0E-4],"evs":[0.0,-1.90952]},"88":{"weight":1.0,"played":[0.7405,0.2595],"evs":[0.0,0.00195]},"98o":{"weight":1.0,"played":[1.0,0.0],"evs":[0.0,-3.31214]},"T8o":{"weight":1.0,"played":[1.0,0.0],"evs":[0.0,-3.85119]},"J8o":{"weight":1.0,"played":[1.0,0.0],"evs":[0.0,-4.09481]},"Q8o":{"weight":1.0,"played":[1.0,0.0],"evs":[0.0,-3.70391]},"K8o":{"weight":1.0,"played":[1.0,0.0],"evs":[0.0,-3.96905]},"A8o":{"weight":1.0,"played":[1.0,0.0],"evs":[0.0,-3.82845]},"92s":{"weight":1.0,"played":[0.9999,1.0E-4],"evs":[0.0,-3.76963]},"93s":{"weight":1.0,"played":[1.0,0.0],"evs":[0.0,-3.33878]},"94s":{"weight":1.0,"played":[1.0,0.0],"evs":[0.0,-3.60662]},"95s":{"weight":1.0,"played":[1.0,0.0],"evs":[0.0,-2.64498]},"96s":{"weight":1.0,"played":[1.0,0.0],"evs":[0.0,-2.0417]},"97s":{"weight":1.0,"played":[1.0,0.0],"evs":[0.0,-2.30906]},"98s":{"weight":1.0,"played":[1.0,0.0],"evs":[0.0,-1.90944]},"99":{"weight":1.0,"played":[0.0,1.0],"evs":[0.0,0.54502]},"T9o":{"weight":1.0,"played":[1.0,0.0],"evs":[0.0,-3.05603]},"J9o":{"weight":1.0,"played":[1.0,0.0],"evs":[0.0,-3.73301]},"Q9o":{"weight":1.0,"played":[1.0,0.0],"evs":[0.0,-3.46198]},"K9o":{"weight":1.0,"played":[1.0,0.0],"evs":[0.0,-3.60855]},"A9o":{"weight":1.0,"played":[1.0,0.0],"evs":[0.0,-3.84949]},"T2s":{"weight":1.0,"played":[1.0,0.0],"evs":[0.0,-3.37541]},"T3s":{"weight":1.0,"played":[1.0,0.0],"evs":[0.0,-3.1319]},"T4s":{"weight":1.0,"played":[1.0,0.0],"evs":[0.0,-3.23282]},"T5s":{"weight":1.0,"played":[1.0,0.0],"evs":[0.0,-3.37482]},"T6s":{"weight":1.0,"played":[1.0,0.0],"evs":[0.0,-3.02841]},"T7s":{"weight":1.0,"played":[1.0,0.0],"evs":[0.0,-2.43754]},"T8s":{"weight":1.0,"played":[1.0,0.0],"evs":[0.0,-1.98356]},"T9s":{"weight":1.0,"played":[0.9999,1.0E-4],"evs":[0.0,-2.01222]},"TT":{"weight":1.0,"played":[0.0,1.0],"evs":[0.0,1.52314]},"JTo":{"weight":1.0,"played":[1.0,0.0],"evs":[0.0,-3.02973]},"QTo":{"weight":1.0,"played":[1.0,0.0],"evs":[0.0,-3.09104]},"KTo":{"weight":1.0,"played":[1.0,0.0],"evs":[0.0,-3.12861]},"ATo":{"weight":1.0,"played":[1.0,0.0],"evs":[0.0,-3.13189]},"J2s":{"weight":1.0,"played":[1.0,0.0],"evs":[0.0,-3.52503]},"J3s":{"weight":1.0,"played":[1.0,0.0],"evs":[0.0,-3.34373]},"J4s":{"weight":1.0,"played":[1.0,0.0],"evs":[0.0,-3.40059]},"J5s":{"weight":1.0,"played":[1.0,0.0],"evs":[0.0,-3.57159]},"J6s":{"weight":1.0,"played":[1.0,0.0],"evs":[0.0,-3.26889]},"J7s":{"weight":1.0,"played":[1.0,0.0],"evs":[0.0,-2.93885]},"J8s":{"weight":1.0,"played":[0.9999,1.0E-4],"evs":[0.0,-2.81265]},"J9s":{"weight":1.0,"played":[0.9999,1.0E-4],"evs":[0.0,-2.43603]},"JTs":{"weight":1.0,"played":[0.9998,2.0E-4],"evs":[0.0,-1.98498]},"JJ":{"weight":1.0,"played":[0.0,1.0],"evs":[0.0,3.42494]},"QJo":{"weight":1.0,"played":[0.9999,1.0E-4],"evs":[0.0,-2.91132]},"KJo":{"weight":1.0,"played":[1.0,0.0],"evs":[0.0,-3.15516]},"AJo":{"weight":1.0,"played":[1.0,0.0],"evs":[0.0,-2.29306]},"Q2s":{"weight":1.0,"played":[1.0,0.0],"evs":[0.0,-3.13976]},"Q3s":{"weight":1.0,"played":[1.0,0.0],"evs":[0.0,-2.78546]},"Q4s":{"weight":1.0,"played":[1.0,0.0],"evs":[0.0,-2.76035]},"Q5s":{"weight":1.0,"played":[1.0,0.0],"evs":[0.0,-2.46267]},"Q6s":{"weight":1.0,"played":[0.9999,1.0E-4],"evs":[0.0,-2.69456]},"Q7s":{"weight":1.0,"played":[1.0,0.0],"evs":[0.0,-3.1864]},"Q8s":{"weight":1.0,"played":[1.0,0.0],"evs":[0.0,-2.18271]},"Q9s":{"weight":1.0,"played":[1.0,0.0],"evs":[0.0,-2.24676]},"QTs":{"weight":1.0,"played":[1.0,0.0],"evs":[0.0,-1.27627]},"QJs":{"weight":1.0,"played":[0.9982,0.0018],"evs":[0.0,-1.43314]},"QQ":{"weight":1.0,"played":[0.0,1.0],"evs":[0.0,6.20288]},"KQo":{"weight":1.0,"played":[0.9999,1.0E-4],"evs":[0.0,-2.45043]},"AQo":{"weight":1.0,"played":[1.0,0.0],"evs":[0.0,-0.42112]},"K2s":{"weight":1.0,"played":[1.0,0.0],"evs":[0.0,-2.92833]},"K3s":{"weight":1.0,"played":[1.0,0.0],"evs":[0.0,-2.75196]},"K4s":{"weight":1.0,"played":[1.0,0.0],"evs":[0.0,-2.40984]},"K5s":{"weight":1.0,"played":[1.0,0.0],"evs":[0.0,-2.13398]},"K6s":{"weight":1.0,"played":[1.0,0.0],"evs":[0.0,-2.06609]},"K7s":{"weight":1.0,"played":[1.0,0.0],"evs":[0.0,-2.7173]},"K8s":{"weight":1.0,"played":[0.9999,1.0E-4],"evs":[0.0,-2.34848]},"K9s":{"weight":1.0,"played":[1.0,0.0],"evs":[0.0,-2.23764]},"KTs":{"weight":1.0,"played":[1.0,0.0],"evs":[0.0,-1.53243]},"KJs":{"weight":1.0,"played":[0.9998,2.0E-4],"evs":[0.0,-1.79182]},"KQs":{"weight":1.0,"played":[0.9988,0.0012],"evs":[0.0,-0.83805]},"KK":{"weight":1.0,"played":[0.0,1.0],"evs":[0.0,10.05672]},"AKo":{"weight":1.0,"played":[0.0,1.0],"evs":[0.0,2.05743]},"A2s":{"weight":1.0,"played":[0.9999,1.0E-4],"evs":[0.0,-2.17737]},"A3s":{"weight":1.0,"played":[1.0,0.0],"evs":[0.0,-2.03813]},"A4s":{"weight":1.0,"played":[1.0,0.0],"evs":[0.0,-2.19103]},"A5s":{"weight":1.0,"played":[1.0,0.0],"evs":[0.0,-1.82433]},"A6s":{"weight":1.0,"played":[1.0,0.0],"evs":[0.0,-2.68414]},"A7s":{"weight":1.0,"played":[0.9994,6.0E-4],"evs":[0.0,-2.37098]},"A8s":{"weight":1.0,"played":[0.9999,1.0E-4],"evs":[0.0,-2.37228]},"A9s":{"weight":1.0,"played":[1.0,0.0],"evs":[0.0,-2.31342]},"ATs":{"weight":1.0,"played":[0.9994,6.0E-4],"evs":[0.0,-1.26237]},"AJs":{"weight":1.0,"played":[0.9958,0.0042],"evs":[0.0,-1.02593]},"AQs":{"weight":1.0,"played":[0.0014,0.9986],"evs":[0.0,0.82538]},"AKs":{"weight":1.0,"played":[4.0E-4,0.9996],"evs":[0.0,3.36959]},"AA":{"weight":1.0,"played":[0.0,1.0],"evs":[0.0,15.19011]}}}