{"player":3,"street":0,"children":2,"sequence":[{"player":0,"type":"R","amount":200000,"street":0},{"player":1,"type":"F","amount":0,"street":0},{"player":2,"type":"F","amount":0,"street":0},{"player":3,"type":"R","amount":500000,"street":0},{"player":4,"type":"R","amount":1345000,"street":0},{"player":5,"type":"F","amount":0,"street":0},{"player":0,"type":"R","amount":3605000,"street":0}],"actions":[{"type":"F","amount":0},{"type":"C","amount":3105000}],"hands":{"22":{"weight":0.0,"played":[1.0,0.0],"evs":[0.0,-5.99197]},"32o":{"weight":0.0,"played":[1.0,0.0],"evs":[0.0,-10.26179]},"42o":{"weight":0.0,"played":[1.0,0.0],"evs":[0.0,-10.11085]},"52o":{"weight":0.0,"played":[1.0,0.0],"evs":[0.0,-9.62862]},"62o":{"weight":0.0,"played":[1.0,0.0],"evs":[0.0,-10.87289]},"72o":{"weight":0.0,"played":[1.0,0.0],"evs":[0.0,-11.60762]},"82o":{"weight":0.0,"played":[1.0,0.0],"evs":[0.0,-11.69116]},"92o":{"weight":0.0,"played":[1.0,0.0],"evs":[0.0,-11.54525]},"T2o":{"weight":0.0,"played":[1.0,0.0],"evs":[0.0,-10.76419]},"J2o":{"weight":0.0,"played":[1.0,0.0],"evs":[0.0,-10.24506]},"Q2o":{"weight":0.0,"played":[1.0,0.0],"evs":[0.0,-9.25522]},"K2o":{"weight":0.0,"played":[1.0,0.0],"evs":[0.0,-9.6193]},"A2o":{"weight":0.0,"played":[1.0,0.0],"evs":[0.0,-8.79682]},"32s":{"weight":0.0,"played":[1.0,0.0],"evs":[0.0,-7.64096]},"33":{"weight":0.0,"played":[1.0,0.0],"evs":[0.0,-5.95282]},"43o":{"weight":0.0,"played":[1.0,0.0],"evs":[0.0,-9.16334]},"53o":{"weight":0.0,"played":[1.0,0.0],"evs":[0.0,-8.7647]},"63o":{"weight":0.0,"played":[1.0,0.0],"evs":[0.0,-9.82494]},"73o":{"weight":0.0,"played":[1.0,0.0],"evs":[0.0,-10.60837]},"83o":{"weight":0.0,"played":[1.0,0.0],"evs":[0.0,-11.56165]},"93o":{"weight":0.0,"played":[1.0,0.0],"evs":[0.0,-10.97877]},"T3o":{"weight":0.0,"played":[1.0,0.0],"evs":[0.0,-10.40398]},"J3o":{"weight":0.0,"played":[1.0,0.0],"evs":[0.0,-10.02377]},"Q3o":{"weight":0.0,"played":[1.0,0.0],"evs":[0.0,-8.87326]},"K3o":{"weight":0.0,"played":[1.0,0.0],"evs":[0.0,-9.55891]},"A3o":{"weight":0.0,"played":[1.0,0.0],"evs":[0.0,-8.30959]},"42s":{"weight":0.0,"played":[1.0,0.0],"evs":[0.0,-7.93414]},"43s":{"weight":0.0,"played":[1.0,0.0],"evs":[0.0,-7.07764]},"44":{"weight":0.0,"played":[1.0,0.0],"evs":[0.0,-5.29484]},"54o":{"weight":0.0,"played":[1.0,0.0],"evs":[0.0,-8.0843]},"64o":{"weight":0.0,"played":[1.0,0.0],"evs":[0.0,-8.53453]},"74o":{"weight":0.0,"played":[1.0,0.0],"evs":[0.0,-9.62227]},"84o":{"weight":0.0,"played":[1.0,0.0],"evs":[0.0,-10.27275]},"94o":{"weight":0.0,"played":[1.0,0.0],"evs":[0.0,-11.21031]},"T4o":{"weight":0.0,"played":[1.0,0.0],"evs":[0.0,-10.23709]},"J4o":{"weight":0.0,"played":[1.0,0.0],"evs":[0.0,-9.61508]},"Q4o":{"weight":0.0,"played":[1.0,0.0],"evs":[0.0,-8.67688]},"K4o":{"weight":0.0,"played":[1.0,0.0],"evs":[0.0,-9.02447]},"A4o":{"weight":0.0,"played":[1.0,0.0],"evs":[0.0,-8.14602]},"52s":{"weight":0.0,"played":[1.0,0.0],"evs":[0.0,-7.81261]},"53s":{"weight":0.0,"played":[1.0,0.0],"evs":[0.0,-6.40837]},"54s":{"weight":0.1419,"played":[1.0,0.0],"evs":[0.0,-5.62821]},"55":{"weight":1.0E-4,"played":[1.0,0.0],"evs":[0.0,-5.1693]},"65o":{"weight":0.0,"played":[1.0,0.0],"evs":[0.0,-7.79587]},"75o":{"weight":0.0,"played":[1.0,0.0],"evs":[0.0,-8.48525]},"85o":{"weight":0.0,"played":[1.0,0.0],"evs":[0.0,-9.56068]},"95o":{"weight":0.0,"played":[1.0,0.0],"evs":[0.0,-10.29861]},"T5o":{"weight":0.0,"played":[1.0,0.0],"evs":[0.0,-10.21887]},"J5o":{"weight":0.0,"played":[1.0,0.0],"evs":[0.0,-9.26077]},"Q5o":{"weight":0.0,"played":[1.0,0.0],"evs":[0.0,-8.51353]},"K5o":{"weight":0.0,"played":[1.0,0.0],"evs":[0.0,-8.94747]},"A5o":{"weight":0.0,"played":[1.0,0.0],"evs":[0.0,-7.7755]},"62s":{"weight":0.0,"played":[1.0,0.0],"evs":[0.0,-8.37043]},"63s":{"weight":0.0,"played":[1.0,0.0],"evs":[0.0,-7.41643]},"64s":{"weight":0.0,"played":[1.0,0.0],"evs":[0.0,-6.2153]},"65s":{"weight":4.0E-4,"played":[1.0,0.0],"evs":[0.0,-5.64935]},"66":{"weight":0.039,"played":[0.9999,1.0E-4],"evs":[0.0,-4.97817]},"76o":{"weight":0.0,"played":[1.0,0.0],"evs":[0.0,-8.26246]},"86o":{"weight":0.0,"played":[1.0,0.0],"evs":[0.0,-8.72798]},"96o":{"weight":0.0,"played":[1.0,0.0],"evs":[0.0,-9.71441]},"T6o":{"weight":0.0,"played":[1.0,0.0],"evs":[0.0,-9.35581]},"J6o":{"weight":0.0,"played":[1.0,0.0],"evs":[0.0,-9.57382]},"Q6o":{"weight":0.0,"played":[1.0,0.0],"evs":[0.0,-8.45805]},"K6o":{"weight":0.0,"played":[1.0,0.0],"evs":[0.0,-8.97037]},"A6o":{"weight":0.0,"played":[1.0,0.0],"evs":[0.0,-8.59723]},"72s":{"weight":0.0,"played":[1.0,0.0],"evs":[0.0,-8.88784]},"73s":{"weight":0.0,"played":[1.0,0.0],"evs":[0.0,-8.39504]},"74s":{"weight":0.0,"played":[1.0,0.0],"evs":[0.0,-7.23122]},"75s":{"weight":0.0048,"played":[1.0,0.0],"evs":[0.0,-6.17883]},"76s":{"weight":0.3213,"played":[1.0,0.0],"evs":[0.0,-5.93825]},"77":{"weight":0.0883,"played":[0.9989,0.0011],"evs":[0.0,-4.99137]},"87o":{"weight":0.0,"played":[1.0,0.0],"evs":[0.0,-8.45962]},"97o":{"weight":0.0,"played":[1.0,0.0],"evs":[0.0,-9.04349]},"T7o":{"weight":0.0,"played":[1.0,0.0],"evs":[0.0,-8.79973]},"J7o":{"weight":0.0,"played":[1.0,0.0],"evs":[0.0,-9.03021]},"Q7o":{"weight":0.0,"played":[1.0,0.0],"evs":[0.0,-8.83682]},"K7o":{"weight":0.0,"played":[1.0,0.0],"evs":[0.0,-8.9121]},"A7o":{"weight":0.0,"played":[1.0,0.0],"evs":[0.0,-8.96008]},"82s":{"weight":0.0,"played":[0.9999,1.0E-4],"evs":[0.0,-8.99208]},"83s":{"weight":0.0,"played":[1.0,0.0],"evs":[0.0,-9.12223]},"84s":{"weight":0.0,"played":[1.0,0.0],"evs":[0.0,-7.84228]},"85s":{"weight":0.0,"played":[1.0,0.0],"evs":[0.0,-7.916]},"86s":{"weight":0.0033,"played":[1.0,0.0],"evs":[0.0,-6.648]},"87s":{"weight":0.0,"played":[1.0,0.0],"evs":[0.0,-6.60525]},"88":{"weight":0.0628,"played":[0.999,0.001],"evs":[0.0,-4.89744]},"98o":{"weight":0.0,"played":[1.0,0.0],"evs":[0.0,-9.12626]},"T8o":{"weight":0.0,"played":[1.0,0.0],"evs":[0.0,-8.79121]},"J8o":{"weight":0.0,"played":[1.0,0.0],"evs":[0.0,-8.72095]},"Q8o":{"weight":0.0,"played":[1.0,0.0],"evs":[0.0,-8.34353]},"K8o":{"weight":0.0,"played":[1.0,0.0],"evs":[0.0,-8.85186]},"A8o":{"weight":0.0,"played":[1.0,0.0],"evs":[0.0,-8.85405]},"92s":{"weight":0.0,"played":[1.0,0.0],"evs":[0.0,-9.05074]},"93s":{"weight":0.0,"played":[1.0,0.0],"evs":[0.0,-9.10586]},"94s":{"weight":0.0,"played":[1.0,0.0],"evs":[0.0,-9.10427]},"95s":{"weight":0.0,"played":[1.0,0.0],"evs":[0.0,-7.84178]},"96s":{"weight":0.0,"played":[1.0,0.0],"evs":[0.0,-6.7012]},"97s":{"weight":0.0321,"played":[0.9999,1.0E-4],"evs":[0.0,-6.36459]},"98s":{"weight":6.0E-4,"played":[1.0,0.0],"evs":[0.0,-6.4448]},"99":{"weight":0.1733,"played":[0.9981,0.0019],"evs":[0.0,-3.71699]},"T9o":{"weight":0.0,"played":[1.0,0.0],"evs":[0.0,-7.84332]},"J9o":{"weight":0.0,"played":[1.0,0.0],"evs":[0.0,-8.07948]},"Q9o":{"weight":0.0,"played":[1.0,0.0],"evs":[0.0,-7.70576]},"K9o":{"weight":0.0,"played":[1.0,0.0],"evs":[0.0,-8.82259]},"A9o":{"weight":0.0449,"played":[1.0,0.0],"evs":[0.0,-8.93539]},"T2s":{"weight":0.0,"played":[1.0,0.0],"evs":[0.0,-8.19636]},"T3s":{"weight":0.0,"played":[1.0,0.0],"evs":[0.0,-8.16867]},"T4s":{"weight":0.0,"played":[1.0,0.0],"evs":[0.0,-7.9425]},"T5s":{"weight":0.0,"played":[1.0,0.0],"evs":[0.0,-7.7822]},"T6s":{"weight":0.0,"played":[1.0,0.0],"evs":[0.0,-6.93829]},"T7s":{"weight":0.1133,"played":[1.0,0.0],"evs":[0.0,-6.36613]},"T8s":{"weight":0.3083,"played":[1.0,0.0],"evs":[0.0,-5.73408]},"T9s":{"weight":0.5976,"played":[0.9999,1.0E-4],"evs":[0.0,-6.04162]},"TT":{"weight":0.0637,"played":[4.0E-4,0.9996],"evs":[0.0,0.63991]},"JTo":{"weight":0.0395,"played":[1.0,0.0],"evs":[0.0,-6.48713]},"QTo":{"weight":0.0017,"played":[1.0,0.0],"evs":[0.0,-6.35414]},"KTo":{"weight":0.1483,"played":[1.0,0.0],"evs":[0.0,-6.99381]},"ATo":{"weight":0.2116,"played":[0.9999,1.0E-4],"evs":[0.0,-7.38416]},"J2s":{"weight":0.0,"played":[1.0,0.0],"evs":[0.0,-7.46805]},"J3s":{"weight":0.0,"played":[1.0,0.0],"evs":[0.0,-7.50675]},"J4s":{"weight":0.0,"played":[1.0,0.0],"evs":[0.0,-7.42068]},"J5s":{"weight":0.0,"played":[1.0,0.0],"evs":[0.0,-6.97431]},"J6s":{"weight":0.0,"played":[1.0,0.0],"evs":[0.0,-7.07399]},"J7s":{"weight":0.0,"played":[0.9997,3.0E-4],"evs":[0.0,-6.68271]},"J8s":{"weight":0.1482,"played":[0.9999,1.0E-4],"evs":[0.0,-6.20861]},"J9s":{"weight":0.0112,"played":[1.0,0.0],"evs":[0.0,-5.59194]},"JTs":{"weight":0.6493,"played":[1.0,0.0],"evs":[0.0,-4.36555]},"JJ":{"weight":0.8843,"played":[0.0,1.0],"evs":[0.0,4.90159]},"QJo":{"weight":0.5065,"played":[1.0,0.0],"evs":[0.0,-5.58072]},"KJo":{"weight":0.2787,"played":[1.0,0.0],"evs":[0.0,-6.26342]},"AJo":{"weight":0.3534,"played":[0.9998,2.0E-4],"evs":[0.0,-5.96759]},"Q2s":{"weight":0.0,"played":[1.0,0.0],"evs":[0.0,-7.1345]},"Q3s":{"weight":0.0,"played":[0.9999,1.0E-4],"evs":[0.0,-6.76269]},"Q4s":{"weight":0.0,"played":[1.0,0.0],"evs":[0.0,-6.47875]},"Q5s":{"weight":0.0,"played":[1.0,0.0],"evs":[0.0,-6.67269]},"Q6s":{"weight":0.0,"played":[1.0,0.0],"evs":[0.0,-6.2187]},"Q7s":{"weight":0.0,"played":[1.0,0.0],"evs":[0.0,-6.67451]},"Q8s":{"weight":0.4247,"played":[1.0,0.0],"evs":[0.0,-6.01747]},"Q9s":{"weight":0.5101,"played":[1.0,0.0],"evs":[0.0,-5.15559]},"QTs":{"weight":0.0569,"played":[0.9993,7.0E-4],"evs":[0.0,-4.15208]},"QJs":{"weight":0.0,"played":[1.0,0.0],"evs":[0.0,-3.1507]},"QQ":{"weight":0.9997,"played":[0.0,1.0],"evs":[0.0,10.02482]},"KQo":{"weight":0.088,"played":[0.9999,1.0E-4],"evs":[0.0,-4.74551]},"AQo":{"weight":0.3661,"played":[0.9999,1.0E-4],"evs":[0.0,-4.28182]},"K2s":{"weight":0.0,"played":[1.0,0.0],"evs":[0.0,-7.20569]},"K3s":{"weight":4.0E-4,"played":[1.0,0.0],"evs":[0.0,-7.3318]},"K4s":{"weight":0.0,"played":[1.0,0.0],"evs":[0.0,-6.60567]},"K5s":{"weight":0.0738,"played":[1.0,0.0],"evs":[0.0,-6.559]},"K6s":{"weight":0.4858,"played":[0.9997,3.0E-4],"evs":[0.0,-6.29279]},"K7s":{"weight":0.3593,"played":[1.0,0.0],"evs":[0.0,-6.51488]},"K8s":{"weight":0.3856,"played":[1.0,0.0],"evs":[0.0,-6.89924]},"K9s":{"weight":0.72,"played":[1.0,0.0],"evs":[0.0,-6.40635]},"KTs":{"weight":0.0046,"played":[0.9997,3.0E-4],"evs":[0.0,-4.44259]},"KJs":{"weight":0.0,"played":[0.9978,0.0022],"evs":[0.0,-4.49481]},"KQs":{"weight":0.0,"played":[0.9987,0.0013],"evs":[0.0,-2.84359]},"KK":{"weight":0.9999,"played":[0.0,1.0],"evs":[0.0,17.75412]},"AKo":{"weight":0.9882,"played":[0.0667,0.9333],"evs":[0.0,0.10804]},"A2s":{"weight":0.3572,"played":[1.0,0.0],"evs":[0.0,-6.27236]},"A3s":{"weight":0.6158,"played":[1.0,0.0],"evs":[0.0,-6.0342]},"A4s":{"weight":0.1973,"played":[1.0,0.0],"evs":[0.0,-5.61028]},"A5s":{"weight":0.1634,"played":[1.0,0.0],"evs":[0.0,-5.87665]},"A6s":{"weight":0.5299,"played":[1.0,0.0],"evs":[0.0,-6.968]},"A7s":{"weight":0.2934,"played":[1.0,0.0],"evs":[0.0,-6.44662]},"A8s":{"weight":0.0206,"played":[1.0,0.0],"evs":[0.0,-6.65678]},"A9s":{"weight":1.0E-4,"played":[0.9999,1.0E-4],"evs":[0.0,-6.21426]},"ATs":{"weight":0.0,"played":[0.9998,2.0E-4],"evs":[0.0,-4.46704]},"AJs":{"weight":0.0,"played":[0.9999,1.0E-4],"evs":[0.0,-3.79301]},"AQs":{"weight":0.0,"played":[0.9976,0.0024],"evs":[0.0,-2.34575]},"AKs":{"weight":0.6747,"played":[0.0,1.0],"evs":[0.0,1.92173]},"AA":{"weight":0.9997,"played":[0.0,1.0],"evs":[0.0,24.79138]}}}