{"player":0,"street":0,"children":2,"sequence":[{"player":0,"type":"R","amount":200000,"street":0},{"player":1,"type":"F","amount":0,"street":0},{"player":2,"type":"F","amount":0,"street":0},{"player":3,"type":"R","amount":500000,"street":0},{"player":4,"type":"R","amount":1345000,"street":0},{"player":5,"type":"R","amount":2335000,"street":0}],"actions":[{"type":"F","amount":0,"node":203},{"type":"R","amount":3605000,"node":204}],"hands":{"22":{"weight":0.9786,"played":[0.9985,0.0015],"evs":[0.0,-4.51229]},"32o":{"weight":0.0,"played":[1.0,0.0],"evs":[0.0,-6.58153]},"42o":{"weight":0.0,"played":[1.0,0.0],"evs":[0.0,-6.60283]},"52o":{"weight":0.0,"played":[0.9999,1.0E-4],"evs":[0.0,-7.00088]},"62o":{"weight":0.0,"played":[1.0,0.0],"evs":[0.0,-6.91836]},"72o":{"weight":0.0,"played":[1.0,0.0],"evs":[0.0,-8.70579]},"82o":{"weight":0.0,"played":[1.0,0.0],"evs":[0.0,-8.60506]},"92o":{"weight":0.0,"played":[1.0,0.0],"evs":[0.0,-8.6041]},"T2o":{"weight":0.0,"played":[0.9999,1.0E-4],"evs":[0.0,-8.1941]},"J2o":{"weight":0.0,"played":[0.9999,1.0E-4],"evs":[0.0,-8.65442]},"Q2o":{"weight":0.0,"played":[0.9999,1.0E-4],"evs":[0.0,-7.15393]},"K2o":{"weight":0.0,"played":[1.0,0.0],"evs":[0.0,-6.84535]},"A2o":{"weight":0.0,"played":[0.9999,1.0E-4],"evs":[0.0,-5.5417]},"32s":{"weight":0.0,"played":[0.9984,0.0016],"evs":[0.0,-5.30598]},"33":{"weight":1.0,"played":[1.0,0.0],"evs":[0.0,-3.24889]},"43o":{"weight":0.0,"played":[0.9999,1.0E-4],"evs":[0.0,-5.20831]},"53o":{"weight":0.0,"played":[1.0,0.0],"evs":[0.0,-5.67516]},"63o":{"weight":0.0,"played":[0.9998,2.0E-4],"evs":[0.0,-5.96641]},"73o":{"weight":0.0,"played":[1.0,0.0],"evs":[0.0,-7.15497]},"83o":{"weight":0.0,"played":[1.0,0.0],"evs":[0.0,-8.02253]},"93o":{"weight":0.0,"played":[1.0,0.0],"evs":[0.0,-7.9805]},"T3o":{"weight":0.0,"played":[0.9997,3.0E-4],"evs":[0.0,-8.22836]},"J3o":{"weight":0.0,"played":[1.0,0.0],"evs":[0.0,-8.24164]},"Q3o":{"weight":0.0,"played":[0.9991,9.0E-4],"evs":[0.0,-6.84366]},"K3o":{"weight":0.0,"played":[1.0,0.0],"evs":[0.0,-6.86521]},"A3o":{"weight":0.0,"played":[1.0,0.0],"evs":[0.0,-6.05919]},"42s":{"weight":0.0,"played":[0.9994,6.0E-4],"evs":[0.0,-4.62738]},"43s":{"weight":0.0,"played":[0.9981,0.0019],"evs":[0.0,-3.49229]},"44":{"weight":1.0,"played":[0.9995,5.0E-4],"evs":[0.0,-2.94799]},"54o":{"weight":0.0,"played":[0.9994,6.0E-4],"evs":[0.0,-5.49826]},"64o":{"weight":0.0,"played":[1.0,0.0],"evs":[0.0,-5.4974]},"74o":{"weight":0.0,"played":[1.0,0.0],"evs":[0.0,-6.16445]},"84o":{"weight":0.0,"played":[0.9999,1.0E-4],"evs":[0.0,-7.44045]},"94o":{"weight":0.0,"played":[1.0,0.0],"evs":[0.0,-7.83371]},"T4o":{"weight":0.0,"played":[1.0,0.0],"evs":[0.0,-7.35215]},"J4o":{"weight":0.0,"played":[0.9997,3.0E-4],"evs":[0.0,-7.91965]},"Q4o":{"weight":0.0,"played":[1.0,0.0],"evs":[0.0,-7.47062]},"K4o":{"weight":0.0,"played":[0.9998,2.0E-4],"evs":[0.0,-7.20559]},"A4o":{"weight":0.0,"played":[0.9997,3.0E-4],"evs":[0.0,-5.99363]},"52s":{"weight":0.0,"played":[0.9969,0.0031],"evs":[0.0,-3.53747]},"53s":{"weight":0.0,"played":[0.9958,0.0042],"evs":[0.0,-4.73054]},"54s":{"weight":0.0,"played":[0.9997,3.0E-4],"evs":[0.0,-3.46094]},"55":{"weight":1.0,"played":[0.9989,0.0011],"evs":[0.0,-2.86503]},"65o":{"weight":0.0,"played":[1.0,0.0],"evs":[0.0,-4.36961]},"75o":{"weight":0.0,"played":[0.9995,5.0E-4],"evs":[0.0,-5.4159]},"85o":{"weight":0.0,"played":[1.0,0.0],"evs":[0.0,-6.31262]},"95o":{"weight":0.0,"played":[1.0,0.0],"evs":[0.0,-7.14127]},"T5o":{"weight":0.0,"played":[1.0,0.0],"evs":[0.0,-7.54951]},"J5o":{"weight":0.0,"played":[1.0,0.0],"evs":[0.0,-7.87823]},"Q5o":{"weight":0.0,"played":[1.0,0.0],"evs":[0.0,-6.75195]},"K5o":{"weight":0.0,"played":[1.0,0.0],"evs":[0.0,-6.59785]},"A5o":{"weight":0.0,"played":[1.0,0.0],"evs":[0.0,-5.56421]},"62s":{"weight":0.0,"played":[0.9963,0.0037],"evs":[0.0,-6.2653]},"63s":{"weight":0.0,"played":[0.9999,1.0E-4],"evs":[0.0,-3.60049]},"64s":{"weight":0.0,"played":[0.9987,0.0013],"evs":[0.0,-2.5657]},"65s":{"weight":0.0,"played":[0.9781,0.0219],"evs":[0.0,-1.74622]},"66":{"weight":1.0,"played":[0.9888,0.0112],"evs":[0.0,-2.48076]},"76o":{"weight":0.0,"played":[1.0,0.0],"evs":[0.0,-4.7075]},"86o":{"weight":0.0,"played":[0.9997,3.0E-4],"evs":[0.0,-5.21181]},"96o":{"weight":0.0,"played":[1.0,0.0],"evs":[0.0,-6.84084]},"T6o":{"weight":0.0,"played":[1.0,0.0],"evs":[0.0,-7.32453]},"J6o":{"weight":0.0,"played":[0.9998,2.0E-4],"evs":[0.0,-7.03647]},"Q6o":{"weight":0.0,"played":[1.0,0.0],"evs":[0.0,-6.445]},"K6o":{"weight":0.0,"played":[0.9999,1.0E-4],"evs":[0.0,-6.06396]},"A6o":{"weight":0.0,"played":[0.9999,1.0E-4],"evs":[0.0,-6.82255]},"72s":{"weight":0.0,"played":[0.9997,3.0E-4],"evs":[0.0,-6.47564]},"73s":{"weight":0.0,"played":[1.0,0.0],"evs":[0.0,-6.1785]},"74s":{"weight":0.0,"played":[1.0,0.0],"evs":[0.0,-5.37367]},"75s":{"weight":0.0,"played":[1.0,0.0],"evs":[0.0,-3.79983]},"76s":{"weight":0.9977,"played":[0.9965,0.0035],"evs":[0.0,-3.96984]},"77":{"weight":1.0,"played":[0.9948,0.0052],"evs":[0.0,-3.4856]},"87o":{"weight":0.0,"played":[0.9998,2.0E-4],"evs":[0.0,-5.71842]},"97o":{"weight":0.0,"played":[0.9999,1.0E-4],"evs":[0.0,-7.16085]},"T7o":{"weight":0.0,"played":[0.9999,1.0E-4],"evs":[0.0,-5.64861]},"J7o":{"weight":0.0,"played":[1.0,0.0],"evs":[0.0,-6.81475]},"Q7o":{"weight":0.0,"played":[0.9998,2.0E-4],"evs":[0.0,-7.09062]},"K7o":{"weight":0.0,"played":[0.9978,0.0022],"evs":[0.0,-6.57316]},"A7o":{"weight":1.0E-4,"played":[0.9997,3.0E-4],"evs":[0.0,-6.49755]},"82s":{"weight":0.0,"played":[1.0,0.0],"evs":[0.0,-6.34292]},"83s":{"weight":0.0,"played":[0.9999,1.0E-4],"evs":[0.0,-5.02279]},"84s":{"weight":0.0,"played":[0.9999,1.0E-4],"evs":[0.0,-4.61947]},"85s":{"weight":0.0,"played":[0.9999,1.0E-4],"evs":[0.0,-3.96573]},"86s":{"weight":0.0,"played":[0.9768,0.0232],"evs":[0.0,-3.29706]},"87s":{"weight":0.9999,"played":[0.9999,1.0E-4],"evs":[0.0,-3.2832]},"88":{"weight":1.0,"played":[0.9993,7.0E-4],"evs":[0.0,-2.89599]},"98o":{"weight":0.0,"played":[1.0,0.0],"evs":[0.0,-6.3005]},"T8o":{"weight":0.0,"played":[0.9998,2.0E-4],"evs":[0.0,-5.95655]},"J8o":{"weight":0.0,"played":[1.0,0.0],"evs":[0.0,-7.43036]},"Q8o":{"weight":0.0,"played":[0.9993,7.0E-4],"evs":[0.0,-6.24203]},"K8o":{"weight":0.0,"played":[0.9999,1.0E-4],"evs":[0.0,-6.60192]},"A8o":{"weight":1.0,"played":[1.0,0.0],"evs":[0.0,-7.02013]},"92s":{"weight":0.0,"played":[0.9986,0.0014],"evs":[0.0,-6.49753]},"93s":{"weight":0.0,"played":[1.0,0.0],"evs":[0.0,-5.30174]},"94s":{"weight":0.0,"played":[1.0,0.0],"evs":[0.0,-7.09915]},"95s":{"weight":0.0,"played":[0.9956,0.0044],"evs":[0.0,-4.12401]},"96s":{"weight":0.0,"played":[0.9992,8.0E-4],"evs":[0.0,-4.55667]},"97s":{"weight":0.9507,"played":[0.9978,0.0022],"evs":[0.0,-3.71708]},"98s":{"weight":1.0,"played":[0.9997,3.0E-4],"evs":[0.0,-4.34063]},"99":{"weight":0.9994,"played":[0.9925,0.0075],"evs":[0.0,-1.76075]},"T9o":{"weight":0.0,"played":[0.9994,6.0E-4],"evs":[0.0,-5.34553]},"J9o":{"weight":0.0,"played":[0.998,0.002],"evs":[0.0,-6.55806]},"Q9o":{"weight":0.0,"played":[0.999,0.001],"evs":[0.0,-6.618]},"K9o":{"weight":0.0,"played":[0.9998,2.0E-4],"evs":[0.0,-6.69975]},"A9o":{"weight":1.0,"played":[0.9987,0.0013],"evs":[0.0,-7.07299]},"T2s":{"weight":0.0,"played":[0.9999,1.0E-4],"evs":[0.0,-6.1469]},"T3s":{"weight":0.0,"played":[0.9999,1.0E-4],"evs":[0.0,-5.90492]},"T4s":{"weight":0.0,"played":[0.9999,1.0E-4],"evs":[0.0,-4.96458]},"T5s":{"weight":0.0,"played":[1.0,0.0],"evs":[0.0,-4.4437]},"T6s":{"weight":0.0,"played":[0.9999,1.0E-4],"evs":[0.0,-4.78391]},"T7s":{"weight":0.0,"played":[0.9953,0.0047],"evs":[0.0,-4.05543]},"T8s":{"weight":1.0,"played":[0.9981,0.0019],"evs":[0.0,-5.46274]},"T9s":{"weight":1.0,"played":[0.9987,0.0013],"evs":[0.0,-3.59041]},"TT":{"weight":1.0,"played":[0.8222,0.1778],"evs":[0.0,-0.09898]},"JTo":{"weight":0.2733,"played":[1.0,0.0],"evs":[0.0,-5.2326]},"QTo":{"weight":0.9097,"played":[0.9996,4.0E-4],"evs":[0.0,-5.11717]},"KTo":{"weight":1.0,"played":[0.9999,1.0E-4],"evs":[0.0,-5.21011]},"ATo":{"weight":1.0,"played":[0.9991,9.0E-4],"evs":[0.0,-5.53282]},"J2s":{"weight":0.0,"played":[1.0,0.0],"evs":[0.0,-6.88854]},"J3s":{"weight":0.0,"played":[0.9998,2.0E-4],"evs":[0.0,-6.4605]},"J4s":{"weight":0.0,"played":[0.9999,1.0E-4],"evs":[0.0,-5.67755]},"J5s":{"weight":0.0,"played":[0.9988,0.0012],"evs":[0.0,-5.77118]},"J6s":{"weight":0.0,"played":[0.9995,5.0E-4],"evs":[0.0,-5.55293]},"J7s":{"weight":0.0,"played":[0.9986,0.0014],"evs":[0.0,-4.87695]},"J8s":{"weight":0.9965,"played":[0.9999,1.0E-4],"evs":[0.0,-4.73486]},"J9s":{"weight":1.0,"played":[0.9976,0.0024],"evs":[0.0,-3.14966]},"JTs":{"weight":0.9997,"played":[0.9998,2.0E-4],"evs":[0.0,-2.68237]},"JJ":{"weight":1.0,"played":[0.0,1.0],"evs":[0.0,1.96002]},"QJo":{"weight":1.0,"played":[0.9991,9.0E-4],"evs":[0.0,-4.84434]},"KJo":{"weight":1.0,"played":[0.9996,4.0E-4],"evs":[0.0,-5.94689]},"AJo":{"weight":1.0,"played":[0.999,0.001],"evs":[0.0,-4.68925]},"Q2s":{"weight":0.0,"played":[0.9975,0.0025],"evs":[0.0,-5.17965]},"Q3s":{"weight":0.0,"played":[0.9998,2.0E-4],"evs":[0.0,-4.76075]},"Q4s":{"weight":0.0,"played":[0.998,0.002],"evs":[0.0,-5.21632]},"Q5s":{"weight":0.0,"played":[0.9986,0.0014],"evs":[0.0,-5.69267]},"Q6s":{"weight":0.0,"played":[0.998,0.002],"evs":[0.0,-2.80372]},"Q7s":{"weight":0.0,"played":[0.9961,0.0039],"evs":[0.0,-3.8535]},"Q8s":{"weight":0.9989,"played":[0.9925,0.0075],"evs":[0.0,-4.35911]},"Q9s":{"weight":1.0,"played":[0.9951,0.0049],"evs":[0.0,-4.08646]},"QTs":{"weight":1.0,"played":[0.9815,0.0185],"evs":[0.0,-2.8746]},"QJs":{"weight":1.0,"played":[0.9983,0.0017],"evs":[0.0,-3.50579]},"QQ":{"weight":1.0,"played":[0.0,1.0],"evs":[0.0,6.17456]},"KQo":{"weight":0.9998,"played":[0.9996,4.0E-4],"evs":[0.0,-4.60099]},"AQo":{"weight":1.0,"played":[0.9964,0.0036],"evs":[0.0,-3.45686]},"K2s":{"weight":0.0,"played":[1.0,0.0],"evs":[0.0,-6.52206]},"K3s":{"weight":0.0,"played":[0.9997,3.0E-4],"evs":[0.0,-5.56454]},"K4s":{"weight":0.0,"played":[0.9997,3.0E-4],"evs":[0.0,-4.62061]},"K5s":{"weight":2.0E-4,"played":[0.9963,0.0037],"evs":[0.0,-3.54685]},"K6s":{"weight":0.9562,"played":[0.9999,1.0E-4],"evs":[0.0,-3.86031]},"K7s":{"weight":1.0,"played":[0.998,0.002],"evs":[0.0,-4.21305]},"K8s":{"weight":1.0,"played":[0.9981,0.0019],"evs":[0.0,-5.19915]},"K9s":{"weight":1.0,"played":[0.9972,0.0028],"evs":[0.0,-4.01602]},"KTs":{"weight":0.9998,"played":[0.9998,2.0E-4],"evs":[0.0,-2.03013]},"KJs":{"weight":1.0,"played":[0.998,0.002],"evs":[0.0,-3.88405]},"KQs":{"weight":1.0,"played":[0.9993,7.0E-4],"evs":[0.0,-1.93219]},"KK":{"weight":1.0,"played":[0.0,1.0],"evs":[0.0,14.06255]},"AKo":{"weight":0.999,"played":[0.9608,0.0392],"evs":[0.0,-0.4335]},"A2s":{"weight":1.0,"played":[0.9983,0.0017],"evs":[0.0,-3.82998]},"A3s":{"weight":1.0,"played":[0.9971,0.0029],"evs":[0.0,-4.05121]},"A4s":{"weight":1.0,"played":[0.9991,9.0E-4],"evs":[0.0,-4.30815]},"A5s":{"weight":1.0,"played":[0.9999,1.0E-4],"evs":[0.0,-4.18559]},"A6s":{"weight":1.0,"played":[0.9901,0.0099],"evs":[0.0,-4.83468]},"A7s":{"weight":1.0,"played":[0.9981,0.0019],"evs":[0.0,-4.02723]},"A8s":{"weight":1.0,"played":[0.9998,2.0E-4],"evs":[0.0,-5.13565]},"A9s":{"weight":1.0,"played":[0.9782,0.0218],"evs":[0.0,-3.76366]},"ATs":{"weight":1.0,"played":[0.9975,0.0025],"evs":[0.0,-2.33875]},"AJs":{"weight":1.0,"played":[0.9945,0.0055],"evs":[0.0,-2.67578]},"AQs":{"weight":1.0,"played":[0.9098,0.0902],"evs":[0.0,-1.99991]},"AKs":{"weight":1.0,"played":[0.0,1.0],"evs":[0.0,2.07951]},"AA":{"weight":1.0,"played":[0.0,1.0],"evs":[0.0,24.56246]}}}