{"player":2,"street":0,"children":2,"sequence":[{"player":0,"type":"R","amount":200000,"street":0},{"player":1,"type":"F","amount":0,"street":0},{"player":2,"type":"C","amount":200000,"street":0},{"player":3,"type":"F","amount":0,"street":0},{"player":4,"type":"F","amount":0,"street":0},{"player":5,"type":"R","amount":2335000,"street":0},{"player":0,"type":"F","amount":0,"street":0}],"actions":[{"type":"F","amount":0},{"type":"C","amount":1205000}],"hands":{"22":{"weight":0.0,"played":[0.0022,0.9978],"evs":[0.0,0.21464]},"32o":{"weight":0.0,"played":[1.0,0.0],"evs":[0.0,-2.68307]},"42o":{"weight":0.0,"played":[1.0,0.0],"evs":[0.0,-2.60826]},"52o":{"weight":0.0,"played":[1.0,0.0],"evs":[0.0,-2.54408]},"62o":{"weight":0.0,"played":[1.0,0.0],"evs":[0.0,-2.57007]},"72o":{"weight":0.0,"played":[1.0,0.0],"evs":[0.0,-2.77242]},"82o":{"weight":0.0,"played":[1.0,0.0],"evs":[0.0,-2.68796]},"92o":{"weight":0.0,"played":[1.0,0.0],"evs":[0.0,-2.48372]},"T2o":{"weight":0.0,"played":[1.0,0.0],"evs":[0.0,-2.5057]},"J2o":{"weight":0.0,"played":[1.0,0.0],"evs":[0.0,-2.3837]},"Q2o":{"weight":0.0,"played":[1.0,0.0],"evs":[0.0,-2.24795]},"K2o":{"weight":0.0,"played":[1.0,0.0],"evs":[0.0,-2.14274]},"A2o":{"weight":0.0,"played":[1.0,0.0],"evs":[0.0,-1.53019]},"32s":{"weight":0.0,"played":[1.0,0.0],"evs":[0.0,-1.86208]},"33":{"weight":0.0,"played":[0.0,1.0],"evs":[0.0,0.38332]},"43o":{"weight":0.0,"played":[1.0,0.0],"evs":[0.0,-2.33349]},"53o":{"weight":0.0,"played":[1.0,0.0],"evs":[0.0,-2.18516]},"63o":{"weight":0.0,"played":[1.0,0.0],"evs":[0.0,-2.29694]},"73o":{"weight":0.0,"played":[1.0,0.0],"evs":[0.0,-2.48404]},"83o":{"weight":0.0,"played":[1.0,0.0],"evs":[0.0,-2.72257]},"93o":{"weight":0.0,"played":[1.0,0.0],"evs":[0.0,-2.42273]},"T3o":{"weight":0.0,"played":[1.0,0.0],"evs":[0.0,-2.46019]},"J3o":{"weight":0.0,"played":[1.0,0.0],"evs":[0.0,-2.33823]},"Q3o":{"weight":0.0,"played":[1.0,0.0],"evs":[0.0,-2.1788]},"K3o":{"weight":0.0,"played":[1.0,0.0],"evs":[0.0,-2.03716]},"A3o":{"weight":0.0,"played":[1.0,0.0],"evs":[0.0,-1.43813]},"42s":{"weight":0.0,"played":[1.0,0.0],"evs":[0.0,-1.77554]},"43s":{"weight":0.0,"played":[1.0,0.0],"evs":[0.0,-1.54377]},"44":{"weight":0.2136,"played":[0.0,1.0],"evs":[0.0,0.52032]},"54o":{"weight":0.0,"played":[1.0,0.0],"evs":[0.0,-1.88118]},"64o":{"weight":0.0,"played":[1.0,0.0],"evs":[0.0,-1.98635]},"74o":{"weight":0.0,"played":[1.0,0.0],"evs":[0.0,-2.17003]},"84o":{"weight":0.0,"played":[1.0,0.0],"evs":[0.0,-2.41618]},"94o":{"weight":0.0,"played":[1.0,0.0],"evs":[0.0,-2.42023]},"T4o":{"weight":0.0,"played":[1.0,0.0],"evs":[0.0,-2.37155]},"J4o":{"weight":0.0,"played":[1.0,0.0],"evs":[0.0,-2.23385]},"Q4o":{"weight":0.0,"played":[1.0,0.0],"evs":[0.0,-2.07924]},"K4o":{"weight":0.0,"played":[1.0,0.0],"evs":[0.0,-1.96071]},"A4o":{"weight":0.0,"played":[1.0,0.0],"evs":[0.0,-1.348]},"52s":{"weight":0.0,"played":[1.0,0.0],"evs":[0.0,-1.69427]},"53s":{"weight":0.0,"played":[1.0,0.0],"evs":[0.0,-1.44554]},"54s":{"weight":0.0,"played":[1.0,0.0],"evs":[0.0,-1.14042]},"55":{"weight":1.0E-4,"played":[0.0,1.0],"evs":[0.0,1.00051]},"65o":{"weight":0.0,"played":[1.0,0.0],"evs":[0.0,-1.69846]},"75o":{"weight":0.0,"played":[1.0,0.0],"evs":[0.0,-1.90586]},"85o":{"weight":0.0,"played":[1.0,0.0],"evs":[0.0,-2.11949]},"95o":{"weight":0.0,"played":[1.0,0.0],"evs":[0.0,-2.20264]},"T5o":{"weight":0.0,"played":[1.0,0.0],"evs":[0.0,-2.46027]},"J5o":{"weight":0.0,"played":[1.0,0.0],"evs":[0.0,-2.24913]},"Q5o":{"weight":0.0,"played":[1.0,0.0],"evs":[0.0,-2.03845]},"K5o":{"weight":0.0,"played":[1.0,0.0],"evs":[0.0,-1.94264]},"A5o":{"weight":0.0,"played":[1.0,0.0],"evs":[0.0,-1.1248]},"62s":{"weight":0.0,"played":[1.0,0.0],"evs":[0.0,-1.78931]},"63s":{"weight":0.0,"played":[1.0,0.0],"evs":[0.0,-1.56596]},"64s":{"weight":0.0,"played":[1.0,0.0],"evs":[0.0,-1.32392]},"65s":{"weight":0.0,"played":[1.0,0.0],"evs":[0.0,-0.90363]},"66":{"weight":0.0,"played":[0.0,1.0],"evs":[0.0,1.71744]},"76o":{"weight":0.0,"played":[1.0,0.0],"evs":[0.0,-1.45242]},"86o":{"weight":0.0,"played":[1.0,0.0],"evs":[0.0,-1.55518]},"96o":{"weight":0.0,"played":[1.0,0.0],"evs":[0.0,-1.681]},"T6o":{"weight":0.0,"played":[1.0,0.0],"evs":[0.0,-1.85709]},"J6o":{"weight":0.0,"played":[1.0,0.0],"evs":[0.0,-1.9673]},"Q6o":{"weight":0.0,"played":[1.0,0.0],"evs":[0.0,-1.81256]},"K6o":{"weight":0.0,"played":[1.0,0.0],"evs":[0.0,-1.69326]},"A6o":{"weight":0.0,"played":[1.0,0.0],"evs":[0.0,-1.18133]},"72s":{"weight":0.0,"played":[1.0,0.0],"evs":[0.0,-1.96723]},"73s":{"weight":0.0,"played":[1.0,0.0],"evs":[0.0,-1.64856]},"74s":{"weight":0.0,"played":[1.0,0.0],"evs":[0.0,-1.35916]},"75s":{"weight":0.0,"played":[1.0,0.0],"evs":[0.0,-1.15499]},"76s":{"weight":0.0,"played":[0.9997,3.0E-4],"evs":[0.0,-0.67778]},"77":{"weight":0.0,"played":[0.0,1.0],"evs":[0.0,2.3287]},"87o":{"weight":0.0,"played":[1.0,0.0],"evs":[0.0,-1.3248]},"97o":{"weight":0.0,"played":[1.0,0.0],"evs":[0.0,-1.40087]},"T7o":{"weight":0.0,"played":[1.0,0.0],"evs":[0.0,-1.5487]},"J7o":{"weight":0.0,"played":[1.0,0.0],"evs":[0.0,-1.70378]},"Q7o":{"weight":0.0,"played":[1.0,0.0],"evs":[0.0,-1.73706]},"K7o":{"weight":0.0,"played":[1.0,0.0],"evs":[0.0,-1.61002]},"A7o":{"weight":0.0,"played":[1.0,0.0],"evs":[0.0,-0.81816]},"82s":{"weight":0.0,"played":[1.0,0.0],"evs":[0.0,-1.92243]},"83s":{"weight":0.0,"played":[1.0,0.0],"evs":[0.0,-1.9319]},"84s":{"weight":0.0,"played":[1.0,0.0],"evs":[0.0,-1.56408]},"85s":{"weight":0.0,"played":[1.0,0.0],"evs":[0.0,-1.27045]},"86s":{"weight":0.0,"played":[1.0,0.0],"evs":[0.0,-0.90185]},"87s":{"weight":0.0,"played":[0.9999,1.0E-4],"evs":[0.0,-0.51503]},"88":{"weight":0.0,"played":[0.0,1.0],"evs":[0.0,2.87503]},"98o":{"weight":0.0,"played":[1.0,0.0],"evs":[0.0,-1.14195]},"T8o":{"weight":0.0,"played":[1.0,0.0],"evs":[0.0,-1.32814]},"J8o":{"weight":0.0,"played":[1.0,0.0],"evs":[0.0,-1.46235]},"Q8o":{"weight":0.0,"played":[1.0,0.0],"evs":[0.0,-1.53865]},"K8o":{"weight":0.0,"played":[1.0,0.0],"evs":[0.0,-1.68244]},"A8o":{"weight":0.0,"played":[1.0,0.0],"evs":[0.0,-0.39682]},"92s":{"weight":0.0,"played":[1.0,0.0],"evs":[0.0,-1.66261]},"93s":{"weight":0.0,"played":[1.0,0.0],"evs":[0.0,-1.61262]},"94s":{"weight":0.0,"played":[1.0,0.0],"evs":[0.0,-1.59168]},"95s":{"weight":0.0,"played":[1.0,0.0],"evs":[0.0,-1.37252]},"96s":{"weight":0.0,"played":[1.0,0.0],"evs":[0.0,-0.9315]},"97s":{"weight":0.0,"played":[1.0,0.0],"evs":[0.0,-0.60276]},"98s":{"weight":0.0,"played":[1.0,0.0],"evs":[0.0,-0.31104]},"99":{"weight":0.0,"played":[0.0,1.0],"evs":[0.0,3.55713]},"T9o":{"weight":0.0,"played":[1.0,0.0],"evs":[0.0,-0.91927]},"J9o":{"weight":0.0,"played":[1.0,0.0],"evs":[0.0,-1.02626]},"Q9o":{"weight":0.0,"played":[1.0,0.0],"evs":[0.0,-1.10499]},"K9o":{"weight":0.0,"played":[1.0,0.0],"evs":[0.0,-1.24546]},"A9o":{"weight":0.0,"played":[0.1832,0.8168],"evs":[0.0,0.07519]},"T2s":{"weight":0.0,"played":[1.0,0.0],"evs":[0.0,-1.63544]},"T3s":{"weight":0.0,"played":[1.0,0.0],"evs":[0.0,-1.541]},"T4s":{"weight":0.0,"played":[1.0,0.0],"evs":[0.0,-1.55164]},"T5s":{"weight":0.0,"played":[1.0,0.0],"evs":[0.0,-1.65125]},"T6s":{"weight":0.0,"played":[1.0,0.0],"evs":[0.0,-1.17186]},"T7s":{"weight":0.0,"played":[1.0,0.0],"evs":[0.0,-0.72199]},"T8s":{"weight":0.0,"played":[1.0,0.0],"evs":[0.0,-0.6021]},"T9s":{"weight":4.0E-4,"played":[0.9995,5.0E-4],"evs":[0.0,-0.27792]},"TT":{"weight":0.0,"played":[0.0,1.0],"evs":[0.0,4.36747]},"JTo":{"weight":0.0,"played":[1.0,0.0],"evs":[0.0,-0.71383]},"QTo":{"weight":0.0,"played":[1.0,0.0],"evs":[0.0,-0.73667]},"KTo":{"weight":0.0,"played":[1.0,0.0],"evs":[0.0,-0.90764]},"ATo":{"weight":1.0E-4,"played":[0.0,1.0],"evs":[0.0,0.90896]},"J2s":{"weight":0.0,"played":[1.0,0.0],"evs":[0.0,-1.53057]},"J3s":{"weight":0.0,"played":[1.0,0.0],"evs":[0.0,-1.45405]},"J4s":{"weight":0.0,"played":[1.0,0.0],"evs":[0.0,-1.47193]},"J5s":{"weight":0.0,"played":[1.0,0.0],"evs":[0.0,-1.48322]},"J6s":{"weight":0.0,"played":[1.0,0.0],"evs":[0.0,-1.2054]},"J7s":{"weight":0.0,"played":[1.0,0.0],"evs":[0.0,-0.9499]},"J8s":{"weight":0.0,"played":[1.0,0.0],"evs":[0.0,-0.67637]},"J9s":{"weight":1.0E-4,"played":[0.9999,1.0E-4],"evs":[0.0,-0.32447]},"JTs":{"weight":0.5237,"played":[0.3214,0.6786],"evs":[0.0,0.01341]},"JJ":{"weight":0.0,"played":[0.0,1.0],"evs":[0.0,5.23356]},"QJo":{"weight":0.0,"played":[1.0,0.0],"evs":[0.0,-0.61627]},"KJo":{"weight":1.0E-4,"played":[1.0,0.0],"evs":[0.0,-0.66314]},"AJo":{"weight":0.0,"played":[0.0,1.0],"evs":[0.0,2.04185]},"Q2s":{"weight":0.0,"played":[1.0,0.0],"evs":[0.0,-1.32298]},"Q3s":{"weight":0.0,"played":[1.0,0.0],"evs":[0.0,-1.32245]},"Q4s":{"weight":0.0,"played":[1.0,0.0],"evs":[0.0,-1.27411]},"Q5s":{"weight":0.0,"played":[1.0,0.0],"evs":[0.0,-1.27071]},"Q6s":{"weight":0.0,"played":[0.9998,2.0E-4],"evs":[0.0,-1.02645]},"Q7s":{"weight":0.0,"played":[1.0,0.0],"evs":[0.0,-0.93558]},"Q8s":{"weight":0.0,"played":[1.0,0.0],"evs":[0.0,-0.78416]},"Q9s":{"weight":4.0E-4,"played":[0.9994,6.0E-4],"evs":[0.0,-0.33587]},"QTs":{"weight":0.8714,"played":[0.9715,0.0285],"evs":[0.0,-0.11376]},"QJs":{"weight":1.0,"played":[0.4155,0.5845],"evs":[0.0,0.04429]},"QQ":{"weight":0.0,"played":[0.0,1.0],"evs":[0.0,6.13853]},"KQo":{"weight":0.1703,"played":[0.9998,2.0E-4],"evs":[0.0,-0.34866]},"AQo":{"weight":0.0,"played":[0.0,1.0],"evs":[0.0,3.11054]},"K2s":{"weight":0.0,"played":[1.0,0.0],"evs":[0.0,-1.26082]},"K3s":{"weight":0.0,"played":[1.0,0.0],"evs":[0.0,-1.17896]},"K4s":{"weight":0.0,"played":[1.0,0.0],"evs":[0.0,-1.18358]},"K5s":{"weight":0.0,"played":[1.0,0.0],"evs":[0.0,-1.1612]},"K6s":{"weight":0.0,"played":[1.0,0.0],"evs":[0.0,-0.92206]},"K7s":{"weight":0.0,"played":[1.0,0.0],"evs":[0.0,-0.7994]},"K8s":{"weight":0.0,"played":[1.0,0.0],"evs":[0.0,-0.82622]},"K9s":{"weight":1.0E-4,"played":[0.9999,1.0E-4],"evs":[0.0,-0.39163]},"KTs":{"weight":0.5888,"played":[0.9571,0.0429],"evs":[0.0,-0.18947]},"KJs":{"weight":0.7854,"played":[8.0E-4,0.9992],"evs":[0.0,0.0718]},"KQs":{"weight":2.0E-4,"played":[1.0E-4,0.9999],"evs":[0.0,0.36546]},"KK":{"weight":0.0,"played":[0.0,1.0],"evs":[0.0,7.03343]},"AKo":{"weight":0.0,"played":[0.0,1.0],"evs":[0.0,4.26921]},"A2s":{"weight":0.0,"played":[1.0,0.0],"evs":[0.0,-0.81767]},"A3s":{"weight":4.0E-4,"played":[0.9999,1.0E-4],"evs":[0.0,-0.65212]},"A4s":{"weight":0.0,"played":[0.9996,4.0E-4],"evs":[0.0,-0.53381]},"A5s":{"weight":0.9999,"played":[1.0,0.0],"evs":[0.0,-0.29665]},"A6s":{"weight":0.01,"played":[1.0,0.0],"evs":[0.0,-0.3118]},"A7s":{"weight":0.871,"played":[0.8771,0.1229],"evs":[0.0,-0.02679]},"A8s":{"weight":0.0041,"played":[8.0E-4,0.9992],"evs":[0.0,0.35206]},"A9s":{"weight":2.0E-4,"played":[1.0E-4,0.9999],"evs":[0.0,0.911]},"ATs":{"weight":1.0E-4,"played":[0.0,1.0],"evs":[0.0,1.67851]},"AJs":{"weight":0.0,"played":[0.0,1.0],"evs":[0.0,2.58742]},"AQs":{"weight":0.0,"played":[0.0,1.0],"evs":[0.0,3.63248]},"AKs":{"weight":0.0,"played":[0.0,1.0],"evs":[0.0,4.6737]},"AA":{"weight":0.3868,"played":[0.0,1.0],"evs":[0.0,10.19102]}}}