{"player":0,"street":0,"children":2,"sequence":[{"player":0,"type":"R","amount":200000,"street":0},{"player":1,"type":"F","amount":0,"street":0},{"player":2,"type":"C","amount":200000,"street":0},{"player":3,"type":"F","amount":0,"street":0},{"player":4,"type":"C","amount":150000,"street":0},{"player":5,"type":"R","amount":2335000,"street":0}],"actions":[{"type":"F","amount":0,"node":213},{"type":"C","amount":2135000,"node":216}],"hands":{"22":{"weight":0.9786,"played":[0.9002,0.0998],"evs":[0.0,-0.4536]},"32o":{"weight":0.0,"played":[1.0,0.0],"evs":[0.0,-4.59868]},"42o":{"weight":0.0,"played":[0.9999,1.0E-4],"evs":[0.0,-3.97723]},"52o":{"weight":0.0,"played":[1.0,0.0],"evs":[0.0,-3.69503]},"62o":{"weight":0.0,"played":[1.0,0.0],"evs":[0.0,-4.39646]},"72o":{"weight":0.0,"played":[0.9999,1.0E-4],"evs":[0.0,-5.30136]},"82o":{"weight":0.0,"played":[1.0,0.0],"evs":[0.0,-4.17175]},"92o":{"weight":0.0,"played":[1.0,0.0],"evs":[0.0,-4.59359]},"T2o":{"weight":0.0,"played":[1.0,0.0],"evs":[0.0,-5.12781]},"J2o":{"weight":0.0,"played":[1.0,0.0],"evs":[0.0,-4.0656]},"Q2o":{"weight":0.0,"played":[0.9996,4.0E-4],"evs":[0.0,-4.79165]},"K2o":{"weight":0.0,"played":[0.9997,3.0E-4],"evs":[0.0,-3.59785]},"A2o":{"weight":0.0,"played":[0.9999,1.0E-4],"evs":[0.0,-3.07656]},"32s":{"weight":0.0,"played":[0.9995,5.0E-4],"evs":[0.0,-3.23851]},"33":{"weight":1.0,"played":[0.4198,0.5802],"evs":[0.0,0.00348]},"43o":{"weight":0.0,"played":[0.9998,2.0E-4],"evs":[0.0,-3.82264]},"53o":{"weight":0.0,"played":[0.9997,3.0E-4],"evs":[0.0,-2.80472]},"63o":{"weight":0.0,"played":[0.9996,4.0E-4],"evs":[0.0,-3.89641]},"73o":{"weight":0.0,"played":[1.0,0.0],"evs":[0.0,-3.88803]},"83o":{"weight":0.0,"played":[1.0,0.0],"evs":[0.0,-4.2828]},"93o":{"weight":0.0,"played":[1.0,0.0],"evs":[0.0,-4.25583]},"T3o":{"weight":0.0,"played":[0.9999,1.0E-4],"evs":[0.0,-4.49631]},"J3o":{"weight":0.0,"played":[0.9998,2.0E-4],"evs":[0.0,-4.0573]},"Q3o":{"weight":0.0,"played":[0.9999,1.0E-4],"evs":[0.0,-4.35343]},"K3o":{"weight":0.0,"played":[0.9995,5.0E-4],"evs":[0.0,-3.84751]},"A3o":{"weight":0.0,"played":[0.9984,0.0016],"evs":[0.0,-2.82405]},"42s":{"weight":0.0,"played":[0.9999,1.0E-4],"evs":[0.0,-3.33738]},"43s":{"weight":0.0,"played":[0.9999,1.0E-4],"evs":[0.0,-2.19184]},"44":{"weight":1.0,"played":[0.0068,0.9932],"evs":[0.0,0.59816]},"54o":{"weight":0.0,"played":[0.9961,0.0039],"evs":[0.0,-2.08124]},"64o":{"weight":0.0,"played":[1.0,0.0],"evs":[0.0,-2.74716]},"74o":{"weight":0.0,"played":[0.9999,1.0E-4],"evs":[0.0,-3.47689]},"84o":{"weight":0.0,"played":[1.0,0.0],"evs":[0.0,-3.74332]},"94o":{"weight":0.0,"played":[1.0,0.0],"evs":[0.0,-4.03703]},"T4o":{"weight":0.0,"played":[1.0,0.0],"evs":[0.0,-4.13273]},"J4o":{"weight":0.0,"played":[0.9978,0.0022],"evs":[0.0,-4.55958]},"Q4o":{"weight":0.0,"played":[0.9999,1.0E-4],"evs":[0.0,-4.35113]},"K4o":{"weight":0.0,"played":[0.9997,3.0E-4],"evs":[0.0,-3.62855]},"A4o":{"weight":0.0,"played":[0.9996,4.0E-4],"evs":[0.0,-2.2669]},"52s":{"weight":0.0,"played":[0.9969,0.0031],"evs":[0.0,-3.23072]},"53s":{"weight":0.0,"played":[0.9839,0.0161],"evs":[0.0,-1.71856]},"54s":{"weight":0.0,"played":[0.9056,0.0944],"evs":[0.0,-1.32787]},"55":{"weight":1.0,"played":[8.0E-4,0.9992],"evs":[0.0,1.35304]},"65o":{"weight":0.0,"played":[0.9999,1.0E-4],"evs":[0.0,-2.57581]},"75o":{"weight":0.0,"played":[0.9984,0.0016],"evs":[0.0,-2.65377]},"85o":{"weight":0.0,"played":[0.9991,9.0E-4],"evs":[0.0,-3.2709]},"95o":{"weight":0.0,"played":[0.9997,3.0E-4],"evs":[0.0,-4.26286]},"T5o":{"weight":0.0,"played":[0.9994,6.0E-4],"evs":[0.0,-4.32905]},"J5o":{"weight":0.0,"played":[1.0,0.0],"evs":[0.0,-3.82271]},"Q5o":{"weight":0.0,"played":[0.9996,4.0E-4],"evs":[0.0,-3.77754]},"K5o":{"weight":0.0,"played":[0.9985,0.0015],"evs":[0.0,-4.37948]},"A5o":{"weight":0.0,"played":[0.9976,0.0024],"evs":[0.0,-1.84712]},"62s":{"weight":0.0,"played":[1.0,0.0],"evs":[0.0,-3.1329]},"63s":{"weight":0.0,"played":[0.9624,0.0376],"evs":[0.0,-1.95176]},"64s":{"weight":0.0,"played":[0.9792,0.0208],"evs":[0.0,-1.15117]},"65s":{"weight":0.0,"played":[0.7982,0.2018],"evs":[0.0,-0.6831]},"66":{"weight":1.0,"played":[3.0E-4,0.9997],"evs":[0.0,3.08339]},"76o":{"weight":0.0,"played":[1.0,0.0],"evs":[0.0,-2.06307]},"86o":{"weight":0.0,"played":[1.0,0.0],"evs":[0.0,-1.97284]},"96o":{"weight":0.0,"played":[0.9997,3.0E-4],"evs":[0.0,-2.97645]},"T6o":{"weight":0.0,"played":[0.9999,1.0E-4],"evs":[0.0,-3.60219]},"J6o":{"weight":0.0,"played":[0.9995,5.0E-4],"evs":[0.0,-4.41397]},"Q6o":{"weight":0.0,"played":[1.0,0.0],"evs":[0.0,-3.7521]},"K6o":{"weight":0.0,"played":[1.0,0.0],"evs":[0.0,-3.87882]},"A6o":{"weight":0.0,"played":[0.9993,7.0E-4],"evs":[0.0,-2.25304]},"72s":{"weight":0.0,"played":[0.9997,3.0E-4],"evs":[0.0,-3.45732]},"73s":{"weight":0.0,"played":[0.9976,0.0024],"evs":[0.0,-2.29991]},"74s":{"weight":0.0,"played":[0.9051,0.0949],"evs":[0.0,-1.15145]},"75s":{"weight":0.0,"played":[0.8554,0.1446],"evs":[0.0,-2.03025]},"76s":{"weight":0.9977,"played":[0.3448,0.6552],"evs":[0.0,0.0643]},"77":{"weight":1.0,"played":[2.0E-4,0.9998],"evs":[0.0,4.10269]},"87o":{"weight":0.0,"played":[0.9954,0.0046],"evs":[0.0,-1.64378]},"97o":{"weight":0.0,"played":[0.9984,0.0016],"evs":[0.0,-2.49718]},"T7o":{"weight":0.0,"played":[0.9998,2.0E-4],"evs":[0.0,-2.01928]},"J7o":{"weight":0.0,"played":[0.9989,0.0011],"evs":[0.0,-2.59261]},"Q7o":{"weight":0.0,"played":[0.9996,4.0E-4],"evs":[0.0,-3.53945]},"K7o":{"weight":0.0,"played":[1.0,0.0],"evs":[0.0,-3.22578]},"A7o":{"weight":1.0E-4,"played":[0.9741,0.0259],"evs":[0.0,-1.06681]},"82s":{"weight":0.0,"played":[0.9932,0.0068],"evs":[0.0,-2.8836]},"83s":{"weight":0.0,"played":[0.9998,2.0E-4],"evs":[0.0,-2.93764]},"84s":{"weight":0.0,"played":[0.9989,0.0011],"evs":[0.0,-2.48409]},"85s":{"weight":0.0,"played":[0.9807,0.0193],"evs":[0.0,-0.87933]},"86s":{"weight":0.0,"played":[0.8317,0.1683],"evs":[0.0,-0.39958]},"87s":{"weight":0.9999,"played":[0.9997,3.0E-4],"evs":[0.0,-0.88942]},"88":{"weight":1.0,"played":[0.0,1.0],"evs":[0.0,3.80273]},"98o":{"weight":0.0,"played":[0.9951,0.0049],"evs":[0.0,-1.44436]},"T8o":{"weight":0.0,"played":[0.9994,6.0E-4],"evs":[0.0,-2.14671]},"J8o":{"weight":0.0,"played":[0.9991,9.0E-4],"evs":[0.0,-2.35641]},"Q8o":{"weight":0.0,"played":[0.9995,5.0E-4],"evs":[0.0,-3.42749]},"K8o":{"weight":0.0,"played":[0.9996,4.0E-4],"evs":[0.0,-2.75949]},"A8o":{"weight":1.0,"played":[0.9856,0.0144],"evs":[0.0,-0.4207]},"92s":{"weight":0.0,"played":[0.9968,0.0032],"evs":[0.0,-2.86801]},"93s":{"weight":0.0,"played":[0.9983,0.0017],"evs":[0.0,-1.73494]},"94s":{"weight":0.0,"played":[0.9913,0.0087],"evs":[0.0,-3.5646]},"95s":{"weight":0.0,"played":[0.9892,0.0108],"evs":[0.0,-2.07381]},"96s":{"weight":0.0,"played":[0.7539,0.2461],"evs":[0.0,-0.33131]},"97s":{"weight":0.9507,"played":[0.9529,0.0471],"evs":[0.0,-0.69235]},"98s":{"weight":1.0,"played":[0.4956,0.5044],"evs":[0.0,-0.5876]},"99":{"weight":0.9994,"played":[0.0,1.0],"evs":[0.0,5.58617]},"T9o":{"weight":0.0,"played":[0.9998,2.0E-4],"evs":[0.0,-1.4451]},"J9o":{"weight":0.0,"played":[0.9871,0.0129],"evs":[0.0,-1.92379]},"Q9o":{"weight":0.0,"played":[0.9938,0.0062],"evs":[0.0,-2.56242]},"K9o":{"weight":0.0,"played":[0.9891,0.0109],"evs":[0.0,-1.58045]},"A9o":{"weight":1.0,"played":[0.8293,0.1707],"evs":[0.0,-0.02792]},"T2s":{"weight":0.0,"played":[0.9998,2.0E-4],"evs":[0.0,-2.19921]},"T3s":{"weight":0.0,"played":[0.9962,0.0038],"evs":[0.0,-3.41211]},"T4s":{"weight":0.0,"played":[0.9827,0.0173],"evs":[0.0,-1.56166]},"T5s":{"weight":0.0,"played":[0.9975,0.0025],"evs":[0.0,-2.06196]},"T6s":{"weight":0.0,"played":[0.9969,0.0031],"evs":[0.0,-1.52577]},"T7s":{"weight":0.0,"played":[0.9903,0.0097],"evs":[0.0,-1.07487]},"T8s":{"weight":1.0,"played":[0.9871,0.0129],"evs":[0.0,-0.78296]},"T9s":{"weight":1.0,"played":[0.0854,0.9146],"evs":[0.0,0.02933]},"TT":{"weight":1.0,"played":[0.0,1.0],"evs":[0.0,6.87648]},"JTo":{"weight":0.2733,"played":[0.9728,0.0272],"evs":[0.0,-2.41467]},"QTo":{"weight":0.9097,"played":[0.9997,3.0E-4],"evs":[0.0,-1.56087]},"KTo":{"weight":1.0,"played":[0.9973,0.0027],"evs":[0.0,-1.86047]},"ATo":{"weight":1.0,"played":[0.0023,0.9977],"evs":[0.0,1.4079]},"J2s":{"weight":0.0,"played":[0.99,0.01],"evs":[0.0,-2.89843]},"J3s":{"weight":0.0,"played":[0.999,0.001],"evs":[0.0,-2.173]},"J4s":{"weight":0.0,"played":[0.9958,0.0042],"evs":[0.0,-2.84336]},"J5s":{"weight":0.0,"played":[0.9978,0.0022],"evs":[0.0,-3.51205]},"J6s":{"weight":0.0,"played":[0.9986,0.0014],"evs":[0.0,-1.77142]},"J7s":{"weight":0.0,"played":[0.9862,0.0138],"evs":[0.0,-1.53177]},"J8s":{"weight":0.9965,"played":[0.9885,0.0115],"evs":[0.0,-1.65078]},"J9s":{"weight":1.0,"played":[0.9939,0.0061],"evs":[0.0,-1.41003]},"JTs":{"weight":0.9997,"played":[0.4476,0.5524],"evs":[0.0,0.17578]},"JJ":{"weight":1.0,"played":[0.0,1.0],"evs":[0.0,8.94504]},"QJo":{"weight":1.0,"played":[0.9707,0.0293],"evs":[0.0,-1.2544]},"KJo":{"weight":1.0,"played":[0.9553,0.0447],"evs":[0.0,-1.01434]},"AJo":{"weight":1.0,"played":[0.0,1.0],"evs":[0.0,3.10541]},"Q2s":{"weight":0.0,"played":[0.9716,0.0284],"evs":[0.0,-3.30523]},"Q3s":{"weight":0.0,"played":[0.9994,6.0E-4],"evs":[0.0,-1.09085]},"Q4s":{"weight":0.0,"played":[0.9065,0.0935],"evs":[0.0,-3.03675]},"Q5s":{"weight":0.0,"played":[0.9927,0.0073],"evs":[0.0,-2.45021]},"Q6s":{"weight":0.0,"played":[0.9505,0.0495],"evs":[0.0,-2.36996]},"Q7s":{"weight":0.0,"played":[0.984,0.016],"evs":[0.0,-2.63411]},"Q8s":{"weight":0.9989,"played":[0.9765,0.0235],"evs":[0.0,-2.48921]},"Q9s":{"weight":1.0,"played":[0.4917,0.5083],"evs":[0.0,-0.24622]},"QTs":{"weight":1.0,"played":[0.1946,0.8054],"evs":[0.0,0.04482]},"QJs":{"weight":1.0,"played":[0.6301,0.3699],"evs":[0.0,-0.5147]},"QQ":{"weight":1.0,"played":[0.0,1.0],"evs":[0.0,11.45813]},"KQo":{"weight":0.9998,"played":[0.9333,0.0667],"evs":[0.0,-0.26037]},"AQo":{"weight":1.0,"played":[0.0,1.0],"evs":[0.0,4.70899]},"K2s":{"weight":0.0,"played":[0.9989,0.0011],"evs":[0.0,-1.83757]},"K3s":{"weight":0.0,"played":[0.9993,7.0E-4],"evs":[0.0,-2.09104]},"K4s":{"weight":0.0,"played":[0.9879,0.0121],"evs":[0.0,-1.76416]},"K5s":{"weight":2.0E-4,"played":[0.8849,0.1151],"evs":[0.0,-2.25271]},"K6s":{"weight":0.9562,"played":[0.9994,6.0E-4],"evs":[0.0,-1.3332]},"K7s":{"weight":1.0,"played":[0.8779,0.1221],"evs":[0.0,-1.45414]},"K8s":{"weight":1.0,"played":[0.722,0.278],"evs":[0.0,-0.80386]},"K9s":{"weight":1.0,"played":[0.916,0.084],"evs":[0.0,-0.70841]},"KTs":{"weight":0.9998,"played":[0.7082,0.2918],"evs":[0.0,-0.28929]},"KJs":{"weight":1.0,"played":[0.0043,0.9957],"evs":[0.0,0.37527]},"KQs":{"weight":1.0,"played":[1.0E-4,0.9999],"evs":[0.0,2.00574]},"KK":{"weight":1.0,"played":[0.0,1.0],"evs":[0.0,14.07531]},"AKo":{"weight":0.999,"played":[0.0,1.0],"evs":[0.0,6.28492]},"A2s":{"weight":1.0,"played":[0.992,0.008],"evs":[0.0,-1.29276]},"A3s":{"weight":1.0,"played":[0.4765,0.5235],"evs":[0.0,-0.36135]},"A4s":{"weight":1.0,"played":[0.9491,0.0509],"evs":[0.0,-0.19799]},"A5s":{"weight":1.0,"played":[0.327,0.673],"evs":[0.0,-0.26459]},"A6s":{"weight":1.0,"played":[0.872,0.128],"evs":[0.0,-0.58516]},"A7s":{"weight":1.0,"played":[0.0235,0.9765],"evs":[0.0,1.17297]},"A8s":{"weight":1.0,"played":[0.5694,0.4306],"evs":[0.0,0.07559]},"A9s":{"weight":1.0,"played":[0.0077,0.9923],"evs":[0.0,1.32077]},"ATs":{"weight":1.0,"played":[3.0E-4,0.9997],"evs":[0.0,4.01901]},"AJs":{"weight":1.0,"played":[0.0,1.0],"evs":[0.0,4.67014]},"AQs":{"weight":1.0,"played":[0.0,1.0],"evs":[0.0,6.25405]},"AKs":{"weight":1.0,"played":[0.0,1.0],"evs":[0.0,8.13508]},"AA":{"weight":1.0,"played":[0.0,1.0],"evs":[0.0,19.42402]}}}