{"player":2,"street":0,"children":2,"sequence":[{"player":0,"type":"R","amount":200000,"street":0},{"player":1,"type":"F","amount":0,"street":0},{"player":2,"type":"C","amount":200000,"street":0},{"player":3,"type":"F","amount":0,"street":0},{"player":4,"type":"C","amount":150000,"street":0},{"player":5,"type":"R","amount":2335000,"street":0},{"player":0,"type":"C","amount":2135000,"street":0}],"actions":[{"type":"F","amount":0,"node":217},{"type":"C","amount":1205000,"node":218}],"hands":{"22":{"weight":0.0,"played":[0.9993,7.0E-4],"evs":[0.0,-1.1725]},"32o":{"weight":0.0,"played":[1.0,0.0],"evs":[0.0,-3.30706]},"42o":{"weight":0.0,"played":[0.9999,1.0E-4],"evs":[0.0,-3.08297]},"52o":{"weight":0.0,"played":[1.0,0.0],"evs":[0.0,-2.985]},"62o":{"weight":0.0,"played":[1.0,0.0],"evs":[0.0,-3.05712]},"72o":{"weight":0.0,"played":[1.0,0.0],"evs":[0.0,-3.37194]},"82o":{"weight":0.0,"played":[1.0,0.0],"evs":[0.0,-3.0626]},"92o":{"weight":0.0,"played":[1.0,0.0],"evs":[0.0,-3.07704]},"T2o":{"weight":0.0,"played":[1.0,0.0],"evs":[0.0,-2.99118]},"J2o":{"weight":0.0,"played":[1.0,0.0],"evs":[0.0,-2.90223]},"Q2o":{"weight":0.0,"played":[1.0,0.0],"evs":[0.0,-2.61318]},"K2o":{"weight":0.0,"played":[1.0,0.0],"evs":[0.0,-2.3027]},"A2o":{"weight":0.0,"played":[1.0,0.0],"evs":[0.0,-3.06186]},"32s":{"weight":0.0,"played":[0.9994,6.0E-4],"evs":[0.0,-2.15671]},"33":{"weight":0.0,"played":[0.9942,0.0058],"evs":[0.0,-0.96229]},"43o":{"weight":0.0,"played":[1.0,0.0],"evs":[0.0,-2.68678]},"53o":{"weight":0.0,"played":[1.0,0.0],"evs":[0.0,-2.4355]},"63o":{"weight":0.0,"played":[1.0,0.0],"evs":[0.0,-2.6971]},"73o":{"weight":0.0,"played":[1.0,0.0],"evs":[0.0,-2.88091]},"83o":{"weight":0.0,"played":[1.0,0.0],"evs":[0.0,-3.16893]},"93o":{"weight":0.0,"played":[1.0,0.0],"evs":[0.0,-3.00079]},"T3o":{"weight":0.0,"played":[1.0,0.0],"evs":[0.0,-2.83475]},"J3o":{"weight":0.0,"played":[1.0,0.0],"evs":[0.0,-2.83018]},"Q3o":{"weight":0.0,"played":[1.0,0.0],"evs":[0.0,-2.57324]},"K3o":{"weight":0.0,"played":[1.0,0.0],"evs":[0.0,-2.25614]},"A3o":{"weight":0.0,"played":[0.9999,1.0E-4],"evs":[0.0,-3.08918]},"42s":{"weight":0.0,"played":[0.9994,6.0E-4],"evs":[0.0,-1.81586]},"43s":{"weight":0.0,"played":[0.9998,2.0E-4],"evs":[0.0,-1.44975]},"44":{"weight":0.2136,"played":[0.9935,0.0065],"evs":[0.0,-0.66458]},"54o":{"weight":0.0,"played":[1.0,0.0],"evs":[0.0,-2.12041]},"64o":{"weight":0.0,"played":[1.0,0.0],"evs":[0.0,-2.0936]},"74o":{"weight":0.0,"played":[1.0,0.0],"evs":[0.0,-2.38049]},"84o":{"weight":0.0,"played":[1.0,0.0],"evs":[0.0,-2.66324]},"94o":{"weight":0.0,"played":[1.0,0.0],"evs":[0.0,-3.07857]},"T4o":{"weight":0.0,"played":[1.0,0.0],"evs":[0.0,-2.76646]},"J4o":{"weight":0.0,"played":[1.0,0.0],"evs":[0.0,-2.44382]},"Q4o":{"weight":0.0,"played":[1.0,0.0],"evs":[0.0,-2.35539]},"K4o":{"weight":0.0,"played":[1.0,0.0],"evs":[0.0,-2.24116]},"A4o":{"weight":0.0,"played":[0.9996,4.0E-4],"evs":[0.0,-2.7022]},"52s":{"weight":0.0,"played":[0.9998,2.0E-4],"evs":[0.0,-1.58473]},"53s":{"weight":0.0,"played":[0.9987,0.0013],"evs":[0.0,-1.18349]},"54s":{"weight":0.0,"played":[0.9531,0.0469],"evs":[0.0,-0.92899]},"55":{"weight":1.0E-4,"played":[2.0E-4,0.9998],"evs":[0.0,0.1342]},"65o":{"weight":0.0,"played":[1.0,0.0],"evs":[0.0,-1.37491]},"75o":{"weight":0.0,"played":[1.0,0.0],"evs":[0.0,-1.94511]},"85o":{"weight":0.0,"played":[0.9999,1.0E-4],"evs":[0.0,-2.08734]},"95o":{"weight":0.0,"played":[1.0,0.0],"evs":[0.0,-2.41298]},"T5o":{"weight":0.0,"played":[1.0,0.0],"evs":[0.0,-2.52314]},"J5o":{"weight":0.0,"played":[1.0,0.0],"evs":[0.0,-2.34556]},"Q5o":{"weight":0.0,"played":[0.9999,1.0E-4],"evs":[0.0,-2.17535]},"K5o":{"weight":0.0,"played":[0.9999,1.0E-4],"evs":[0.0,-1.8726]},"A5o":{"weight":0.0,"played":[0.9996,4.0E-4],"evs":[0.0,-2.47672]},"62s":{"weight":0.0,"played":[1.0,0.0],"evs":[0.0,-1.3598]},"63s":{"weight":0.0,"played":[1.0,0.0],"evs":[0.0,-1.16212]},"64s":{"weight":0.0,"played":[0.9997,3.0E-4],"evs":[0.0,-1.2075]},"65s":{"weight":0.0,"played":[0.8625,0.1375],"evs":[0.0,-0.36219]},"66":{"weight":0.0,"played":[6.0E-4,0.9994],"evs":[0.0,1.02259]},"76o":{"weight":0.0,"played":[0.9999,1.0E-4],"evs":[0.0,-1.31372]},"86o":{"weight":0.0,"played":[0.9998,2.0E-4],"evs":[0.0,-1.66062]},"96o":{"weight":0.0,"played":[0.9999,1.0E-4],"evs":[0.0,-1.99548]},"T6o":{"weight":0.0,"played":[0.9992,8.0E-4],"evs":[0.0,-2.06305]},"J6o":{"weight":0.0,"played":[1.0,0.0],"evs":[0.0,-2.59708]},"Q6o":{"weight":0.0,"played":[0.9998,2.0E-4],"evs":[0.0,-2.13153]},"K6o":{"weight":0.0,"played":[0.9997,3.0E-4],"evs":[0.0,-1.66704]},"A6o":{"weight":0.0,"played":[0.9999,1.0E-4],"evs":[0.0,-2.76631]},"72s":{"weight":0.0,"played":[0.9999,1.0E-4],"evs":[0.0,-2.29002]},"73s":{"weight":0.0,"played":[1.0,0.0],"evs":[0.0,-1.93673]},"74s":{"weight":0.0,"played":[0.9996,4.0E-4],"evs":[0.0,-1.0584]},"75s":{"weight":0.0,"played":[0.9337,0.0663],"evs":[0.0,-0.46385]},"76s":{"weight":0.0,"played":[0.5811,0.4189],"evs":[0.0,-0.19139]},"77":{"weight":0.0,"played":[0.0,1.0],"evs":[0.0,1.75414]},"87o":{"weight":0.0,"played":[0.9996,4.0E-4],"evs":[0.0,-1.16645]},"97o":{"weight":0.0,"played":[1.0,0.0],"evs":[0.0,-1.70931]},"T7o":{"weight":0.0,"played":[0.9999,1.0E-4],"evs":[0.0,-1.32869]},"J7o":{"weight":0.0,"played":[1.0,0.0],"evs":[0.0,-1.72172]},"Q7o":{"weight":0.0,"played":[1.0,0.0],"evs":[0.0,-1.79247]},"K7o":{"weight":0.0,"played":[1.0,0.0],"evs":[0.0,-1.51506]},"A7o":{"weight":0.0,"played":[0.9999,1.0E-4],"evs":[0.0,-2.42909]},"82s":{"weight":0.0,"played":[1.0,0.0],"evs":[0.0,-1.90296]},"83s":{"weight":0.0,"played":[0.9995,5.0E-4],"evs":[0.0,-1.76819]},"84s":{"weight":0.0,"played":[0.9996,4.0E-4],"evs":[0.0,-1.73363]},"85s":{"weight":0.0,"played":[0.9792,0.0208],"evs":[0.0,-0.92578]},"86s":{"weight":0.0,"played":[0.9859,0.0141],"evs":[0.0,-0.40745]},"87s":{"weight":0.0,"played":[0.8618,0.1382],"evs":[0.0,-0.34619]},"88":{"weight":0.0,"played":[0.0,1.0],"evs":[0.0,2.33128]},"98o":{"weight":0.0,"played":[0.9997,3.0E-4],"evs":[0.0,-1.02354]},"T8o":{"weight":0.0,"played":[1.0,0.0],"evs":[0.0,-1.06241]},"J8o":{"weight":0.0,"played":[1.0,0.0],"evs":[0.0,-1.27725]},"Q8o":{"weight":0.0,"played":[1.0,0.0],"evs":[0.0,-1.44071]},"K8o":{"weight":0.0,"played":[0.9998,2.0E-4],"evs":[0.0,-1.30523]},"A8o":{"weight":0.0,"played":[0.9998,2.0E-4],"evs":[0.0,-2.03682]},"92s":{"weight":0.0,"played":[0.999,0.001],"evs":[0.0,-1.88557]},"93s":{"weight":0.0,"played":[0.9998,2.0E-4],"evs":[0.0,-1.85154]},"94s":{"weight":0.0,"played":[1.0,0.0],"evs":[0.0,-1.98971]},"95s":{"weight":0.0,"played":[0.9998,2.0E-4],"evs":[0.0,-1.17742]},"96s":{"weight":0.0,"played":[0.9839,0.0161],"evs":[0.0,-0.96741]},"97s":{"weight":0.0,"played":[0.9983,0.0017],"evs":[0.0,-0.59186]},"98s":{"weight":0.0,"played":[0.0782,0.9218],"evs":[0.0,0.15372]},"99":{"weight":0.0,"played":[0.0,1.0],"evs":[0.0,3.3777]},"T9o":{"weight":0.0,"played":[0.9997,3.0E-4],"evs":[0.0,-0.69882]},"J9o":{"weight":0.0,"played":[0.9994,6.0E-4],"evs":[0.0,-0.84683]},"Q9o":{"weight":0.0,"played":[0.9999,1.0E-4],"evs":[0.0,-0.82402]},"K9o":{"weight":0.0,"played":[0.9996,4.0E-4],"evs":[0.0,-0.82524]},"A9o":{"weight":0.0,"played":[0.9999,1.0E-4],"evs":[0.0,-1.90695]},"T2s":{"weight":0.0,"played":[0.9998,2.0E-4],"evs":[0.0,-1.39841]},"T3s":{"weight":0.0,"played":[0.9995,5.0E-4],"evs":[0.0,-1.44537]},"T4s":{"weight":0.0,"played":[0.9984,0.0016],"evs":[0.0,-1.40752]},"T5s":{"weight":0.0,"played":[0.9988,0.0012],"evs":[0.0,-1.20781]},"T6s":{"weight":0.0,"played":[0.9928,0.0072],"evs":[0.0,-0.60254]},"T7s":{"weight":0.0,"played":[0.9819,0.0181],"evs":[0.0,-0.38402]},"T8s":{"weight":0.0,"played":[0.5873,0.4127],"evs":[0.0,-0.28872]},"T9s":{"weight":4.0E-4,"played":[0.0013,0.9987],"evs":[0.0,0.54004]},"TT":{"weight":0.0,"played":[0.0,1.0],"evs":[0.0,4.59719]},"JTo":{"weight":0.0,"played":[0.9996,4.0E-4],"evs":[0.0,-0.36967]},"QTo":{"weight":0.0,"played":[0.9231,0.0769],"evs":[0.0,-0.35959]},"KTo":{"weight":0.0,"played":[0.942,0.058],"evs":[0.0,-0.23968]},"ATo":{"weight":1.0E-4,"played":[0.9272,0.0728],"evs":[0.0,-0.76889]},"J2s":{"weight":0.0,"played":[1.0,0.0],"evs":[0.0,-1.60764]},"J3s":{"weight":0.0,"played":[0.9991,9.0E-4],"evs":[0.0,-1.41392]},"J4s":{"weight":0.0,"played":[0.9985,0.0015],"evs":[0.0,-1.65365]},"J5s":{"weight":0.0,"played":[1.0,0.0],"evs":[0.0,-1.19088]},"J6s":{"weight":0.0,"played":[0.9998,2.0E-4],"evs":[0.0,-0.84785]},"J7s":{"weight":0.0,"played":[0.7863,0.2137],"evs":[0.0,-0.40634]},"J8s":{"weight":0.0,"played":[0.3199,0.6801],"evs":[0.0,-0.23735]},"J9s":{"weight":1.0E-4,"played":[0.0517,0.9483],"evs":[0.0,0.39032]},"JTs":{"weight":0.5237,"played":[0.0019,0.9981],"evs":[0.0,1.05426]},"JJ":{"weight":0.0,"played":[0.0,1.0],"evs":[0.0,6.5574]},"QJo":{"weight":0.0,"played":[0.4891,0.5109],"evs":[0.0,-0.00728]},"KJo":{"weight":1.0E-4,"played":[0.062,0.938],"evs":[0.0,0.10987]},"AJo":{"weight":0.0,"played":[0.0052,0.9948],"evs":[0.0,0.6406]},"Q2s":{"weight":0.0,"played":[0.9995,5.0E-4],"evs":[0.0,-0.98837]},"Q3s":{"weight":0.0,"played":[0.9999,1.0E-4],"evs":[0.0,-1.55417]},"Q4s":{"weight":0.0,"played":[0.9999,1.0E-4],"evs":[0.0,-1.28783]},"Q5s":{"weight":0.0,"played":[0.9989,0.0011],"evs":[0.0,-1.08657]},"Q6s":{"weight":0.0,"played":[1.0,0.0],"evs":[0.0,-1.11243]},"Q7s":{"weight":0.0,"played":[0.9968,0.0032],"evs":[0.0,-0.5715]},"Q8s":{"weight":0.0,"played":[0.9052,0.0948],"evs":[0.0,-0.21828]},"Q9s":{"weight":4.0E-4,"played":[0.3591,0.6409],"evs":[0.0,-0.21406]},"QTs":{"weight":0.8714,"played":[0.0,1.0],"evs":[0.0,0.75049]},"QJs":{"weight":1.0,"played":[5.0E-4,0.9995],"evs":[0.0,1.06374]},"QQ":{"weight":0.0,"played":[0.0,1.0],"evs":[0.0,8.25438]},"KQo":{"weight":0.1703,"played":[0.0018,0.9982],"evs":[0.0,0.56806]},"AQo":{"weight":0.0,"played":[0.0,1.0],"evs":[0.0,1.63164]},"K2s":{"weight":0.0,"played":[1.0,0.0],"evs":[0.0,-1.13892]},"K3s":{"weight":0.0,"played":[0.9998,2.0E-4],"evs":[0.0,-1.25383]},"K4s":{"weight":0.0,"played":[0.9877,0.0123],"evs":[0.0,-0.87279]},"K5s":{"weight":0.0,"played":[0.9086,0.0914],"evs":[0.0,-0.63597]},"K6s":{"weight":0.0,"played":[0.9965,0.0035],"evs":[0.0,-0.65856]},"K7s":{"weight":0.0,"played":[0.857,0.143],"evs":[0.0,-0.10897]},"K8s":{"weight":0.0,"played":[0.5041,0.4959],"evs":[0.0,-0.08253]},"K9s":{"weight":1.0E-4,"played":[0.3935,0.6065],"evs":[0.0,0.38679]},"KTs":{"weight":0.5888,"played":[0.0,1.0],"evs":[0.0,1.03566]},"KJs":{"weight":0.7854,"played":[0.0,1.0],"evs":[0.0,1.25297]},"KQs":{"weight":2.0E-4,"played":[0.0,1.0],"evs":[0.0,1.63874]},"KK":{"weight":0.0,"played":[0.0,1.0],"evs":[0.0,9.87557]},"AKo":{"weight":0.0,"played":[0.0,1.0],"evs":[0.0,2.74678]},"A2s":{"weight":0.0,"played":[0.9967,0.0033],"evs":[0.0,-2.03702]},"A3s":{"weight":4.0E-4,"played":[0.9988,0.0012],"evs":[0.0,-1.79917]},"A4s":{"weight":0.0,"played":[0.9995,5.0E-4],"evs":[0.0,-1.75177]},"A5s":{"weight":0.9999,"played":[0.9606,0.0394],"evs":[0.0,-1.30456]},"A6s":{"weight":0.01,"played":[0.9781,0.0219],"evs":[0.0,-1.67272]},"A7s":{"weight":0.871,"played":[0.9642,0.0358],"evs":[0.0,-0.77466]},"A8s":{"weight":0.0041,"played":[0.9862,0.0138],"evs":[0.0,-0.8816]},"A9s":{"weight":2.0E-4,"played":[0.8898,0.1102],"evs":[0.0,-0.28649]},"ATs":{"weight":1.0E-4,"played":[1.0E-4,0.9999],"evs":[0.0,0.92908]},"AJs":{"weight":0.0,"played":[0.0,1.0],"evs":[0.0,1.36969]},"AQs":{"weight":0.0,"played":[0.0,1.0],"evs":[0.0,2.63987]},"AKs":{"weight":0.0,"played":[0.0,1.0],"evs":[0.0,3.76082]},"AA":{"weight":0.3868,"played":[0.0,1.0],"evs":[0.0,13.64979]}}}