{"player":4,"street":0,"children":2,"sequence":[{"player":0,"type":"R","amount":200000,"street":0},{"player":1,"type":"F","amount":0,"street":0},{"player":2,"type":"C","amount":200000,"street":0},{"player":3,"type":"F","amount":0,"street":0},{"player":4,"type":"C","amount":150000,"street":0},{"player":5,"type":"R","amount":2335000,"street":0},{"player":0,"type":"C","amount":2135000,"street":0},{"player":2,"type":"C","amount":1205000,"street":0}],"actions":[{"type":"F","amount":0},{"type":"C","amount":1145000}],"hands":{"22":{"weight":0.9967,"played":[0.9998,2.0E-4],"evs":[0.0,-0.51729]},"32o":{"weight":0.0,"played":[1.0,0.0],"evs":[0.0,-2.34894]},"42o":{"weight":0.0,"played":[1.0,0.0],"evs":[0.0,-2.70124]},"52o":{"weight":0.0,"played":[0.9996,4.0E-4],"evs":[0.0,-2.12044]},"62o":{"weight":0.0,"played":[0.9999,1.0E-4],"evs":[0.0,-2.82815]},"72o":{"weight":0.0,"played":[1.0,0.0],"evs":[0.0,-3.02278]},"82o":{"weight":0.0,"played":[1.0,0.0],"evs":[0.0,-3.0018]},"92o":{"weight":0.0,"played":[0.9999,1.0E-4],"evs":[0.0,-3.22519]},"T2o":{"weight":0.0,"played":[1.0,0.0],"evs":[0.0,-3.78801]},"J2o":{"weight":0.0,"played":[0.9999,1.0E-4],"evs":[0.0,-3.71877]},"Q2o":{"weight":0.0,"played":[0.9997,3.0E-4],"evs":[0.0,-3.59585]},"K2o":{"weight":0.0,"played":[1.0,0.0],"evs":[0.0,-2.99634]},"A2o":{"weight":0.0,"played":[0.9996,4.0E-4],"evs":[0.0,-2.62586]},"32s":{"weight":0.0,"played":[0.9987,0.0013],"evs":[0.0,-1.11687]},"33":{"weight":0.9961,"played":[0.992,0.008],"evs":[0.0,-0.78188]},"43o":{"weight":0.0,"played":[0.9994,6.0E-4],"evs":[0.0,-2.03156]},"53o":{"weight":0.0,"played":[0.9963,0.0037],"evs":[0.0,-1.77586]},"63o":{"weight":0.0,"played":[1.0,0.0],"evs":[0.0,-2.38715]},"73o":{"weight":0.0,"played":[1.0,0.0],"evs":[0.0,-2.74763]},"83o":{"weight":0.0,"played":[1.0,0.0],"evs":[0.0,-3.12199]},"93o":{"weight":0.0,"played":[1.0,0.0],"evs":[0.0,-2.78649]},"T3o":{"weight":0.0,"played":[1.0,0.0],"evs":[0.0,-3.84632]},"J3o":{"weight":0.0,"played":[0.9998,2.0E-4],"evs":[0.0,-3.42134]},"Q3o":{"weight":0.0,"played":[1.0,0.0],"evs":[0.0,-3.36035]},"K3o":{"weight":0.0,"played":[1.0,0.0],"evs":[0.0,-2.71929]},"A3o":{"weight":0.0,"played":[1.0,0.0],"evs":[0.0,-2.47379]},"42s":{"weight":0.0,"played":[0.999,0.001],"evs":[0.0,-1.53908]},"43s":{"weight":0.0,"played":[0.9984,0.0016],"evs":[0.0,-1.03778]},"44":{"weight":0.9982,"played":[0.429,0.571],"evs":[0.0,-0.36711]},"54o":{"weight":0.0,"played":[0.9966,0.0034],"evs":[0.0,-0.95627]},"64o":{"weight":0.0,"played":[0.9992,8.0E-4],"evs":[0.0,-1.64016]},"74o":{"weight":0.0,"played":[1.0,0.0],"evs":[0.0,-1.90186]},"84o":{"weight":0.0,"played":[0.9999,1.0E-4],"evs":[0.0,-2.7741]},"94o":{"weight":0.0,"played":[0.9985,0.0015],"evs":[0.0,-2.88812]},"T4o":{"weight":0.0,"played":[1.0,0.0],"evs":[0.0,-3.7789]},"J4o":{"weight":0.0,"played":[1.0,0.0],"evs":[0.0,-3.55828]},"Q4o":{"weight":0.0,"played":[0.9998,2.0E-4],"evs":[0.0,-3.39602]},"K4o":{"weight":0.0,"played":[0.9994,6.0E-4],"evs":[0.0,-2.69205]},"A4o":{"weight":0.0,"played":[0.9997,3.0E-4],"evs":[0.0,-2.36069]},"52s":{"weight":0.0,"played":[0.9932,0.0068],"evs":[0.0,-1.32474]},"53s":{"weight":0.0,"played":[0.8117,0.1883],"evs":[0.0,-0.55286]},"54s":{"weight":0.7139,"played":[0.2251,0.7749],"evs":[0.0,0.26002]},"55":{"weight":0.9983,"played":[0.7983,0.2017],"evs":[0.0,-0.18972]},"65o":{"weight":0.0,"played":[0.9995,5.0E-4],"evs":[0.0,-0.96049]},"75o":{"weight":0.0,"played":[0.9995,5.0E-4],"evs":[0.0,-1.90751]},"85o":{"weight":0.0,"played":[1.0,0.0],"evs":[0.0,-2.09304]},"95o":{"weight":0.0,"played":[1.0,0.0],"evs":[0.0,-2.485]},"T5o":{"weight":0.0,"played":[1.0,0.0],"evs":[0.0,-3.17681]},"J5o":{"weight":0.0,"played":[0.9999,1.0E-4],"evs":[0.0,-3.34403]},"Q5o":{"weight":0.0,"played":[1.0,0.0],"evs":[0.0,-3.12816]},"K5o":{"weight":0.0,"played":[1.0,0.0],"evs":[0.0,-3.07519]},"A5o":{"weight":5.0E-4,"played":[0.9997,3.0E-4],"evs":[0.0,-2.06389]},"62s":{"weight":0.0,"played":[0.9922,0.0078],"evs":[0.0,-1.03878]},"63s":{"weight":0.0,"played":[0.9996,4.0E-4],"evs":[0.0,-1.01848]},"64s":{"weight":0.0,"played":[0.9995,5.0E-4],"evs":[0.0,-0.90123]},"65s":{"weight":0.0073,"played":[0.2204,0.7796],"evs":[0.0,0.06647]},"66":{"weight":0.6979,"played":[0.0017,0.9983],"evs":[0.0,0.77838]},"76o":{"weight":0.0,"played":[0.9935,0.0065],"evs":[0.0,-1.37222]},"86o":{"weight":0.0,"played":[1.0,0.0],"evs":[0.0,-1.58619]},"96o":{"weight":0.0,"played":[0.9999,1.0E-4],"evs":[0.0,-2.16779]},"T6o":{"weight":0.0,"played":[1.0,0.0],"evs":[0.0,-3.50348]},"J6o":{"weight":0.0,"played":[1.0,0.0],"evs":[0.0,-3.19437]},"Q6o":{"weight":0.0,"played":[0.9999,1.0E-4],"evs":[0.0,-3.14131]},"K6o":{"weight":0.0,"played":[0.9998,2.0E-4],"evs":[0.0,-2.73219]},"A6o":{"weight":0.0,"played":[1.0,0.0],"evs":[0.0,-2.57849]},"72s":{"weight":0.0,"played":[0.9979,0.0021],"evs":[0.0,-1.95839]},"73s":{"weight":0.0,"played":[0.9997,3.0E-4],"evs":[0.0,-1.95174]},"74s":{"weight":0.0,"played":[0.9967,0.0033],"evs":[0.0,-1.29612]},"75s":{"weight":5.0E-4,"played":[0.5933,0.4067],"evs":[0.0,0.28868]},"76s":{"weight":0.1294,"played":[0.7838,0.2162],"evs":[0.0,-0.43836]},"77":{"weight":0.0294,"played":[0.0316,0.9684],"evs":[0.0,0.79969]},"87o":{"weight":0.0,"played":[0.9987,0.0013],"evs":[0.0,-1.62389]},"97o":{"weight":0.0,"played":[0.9932,0.0068],"evs":[0.0,-1.83385]},"T7o":{"weight":0.0,"played":[1.0,0.0],"evs":[0.0,-2.79158]},"J7o":{"weight":0.0,"played":[0.9998,2.0E-4],"evs":[0.0,-3.07378]},"Q7o":{"weight":0.0,"played":[1.0,0.0],"evs":[0.0,-2.91632]},"K7o":{"weight":0.0,"played":[0.9996,4.0E-4],"evs":[0.0,-2.79931]},"A7o":{"weight":2.0E-4,"played":[0.9994,6.0E-4],"evs":[0.0,-2.15455]},"82s":{"weight":0.0,"played":[1.0,0.0],"evs":[0.0,-2.44368]},"83s":{"weight":0.0,"played":[0.9997,3.0E-4],"evs":[0.0,-1.5782]},"84s":{"weight":0.0,"played":[0.9984,0.0016],"evs":[0.0,-1.631]},"85s":{"weight":0.0,"played":[0.9715,0.0285],"evs":[0.0,-1.43203]},"86s":{"weight":0.1091,"played":[0.9974,0.0026],"evs":[0.0,-0.91194]},"87s":{"weight":0.0097,"played":[0.7312,0.2688],"evs":[0.0,-0.31485]},"88":{"weight":1.0E-4,"played":[0.0124,0.9876],"evs":[0.0,1.16482]},"98o":{"weight":0.0,"played":[0.9989,0.0011],"evs":[0.0,-1.67342]},"T8o":{"weight":0.0,"played":[0.9993,7.0E-4],"evs":[0.0,-2.22258]},"J8o":{"weight":0.0,"played":[0.9998,2.0E-4],"evs":[0.0,-2.8478]},"Q8o":{"weight":0.0,"played":[0.9998,2.0E-4],"evs":[0.0,-2.59063]},"K8o":{"weight":0.0,"played":[1.0,0.0],"evs":[0.0,-2.60471]},"A8o":{"weight":0.0466,"played":[0.9996,4.0E-4],"evs":[0.0,-2.46572]},"92s":{"weight":0.0,"played":[0.9999,1.0E-4],"evs":[0.0,-2.1828]},"93s":{"weight":0.0,"played":[0.9998,2.0E-4],"evs":[0.0,-1.71123]},"94s":{"weight":0.0,"played":[0.9993,7.0E-4],"evs":[0.0,-2.2502]},"95s":{"weight":0.0,"played":[0.9956,0.0044],"evs":[0.0,-1.35677]},"96s":{"weight":0.0,"played":[0.7941,0.2059],"evs":[0.0,-0.34976]},"97s":{"weight":0.0261,"played":[0.9189,0.0811],"evs":[0.0,-0.40249]},"98s":{"weight":0.8722,"played":[0.437,0.563],"evs":[0.0,-0.21602]},"99":{"weight":1.0E-4,"played":[0.0,1.0],"evs":[0.0,1.82248]},"T9o":{"weight":0.0,"played":[0.9999,1.0E-4],"evs":[0.0,-1.68553]},"J9o":{"weight":0.0,"played":[0.9928,0.0072],"evs":[0.0,-2.17012]},"Q9o":{"weight":0.0,"played":[0.9989,0.0011],"evs":[0.0,-2.62032]},"K9o":{"weight":0.0,"played":[0.9985,0.0015],"evs":[0.0,-2.29071]},"A9o":{"weight":0.9979,"played":[1.0,0.0],"evs":[0.0,-1.86925]},"T2s":{"weight":0.0,"played":[0.9996,4.0E-4],"evs":[0.0,-2.55299]},"T3s":{"weight":0.0,"played":[0.9996,4.0E-4],"evs":[0.0,-1.82925]},"T4s":{"weight":0.0,"played":[0.9828,0.0172],"evs":[0.0,-2.64675]},"T5s":{"weight":0.0,"played":[0.9989,0.0011],"evs":[0.0,-2.1754]},"T6s":{"weight":0.0,"played":[0.9983,0.0017],"evs":[0.0,-1.61787]},"T7s":{"weight":0.0,"played":[0.9976,0.0024],"evs":[0.0,-1.10792]},"T8s":{"weight":0.0,"played":[0.9896,0.0104],"evs":[0.0,-1.00831]},"T9s":{"weight":0.0263,"played":[0.3548,0.6452],"evs":[0.0,-0.11132]},"TT":{"weight":0.0,"played":[0.0,1.0],"evs":[0.0,1.54547]},"JTo":{"weight":0.0,"played":[1.0,0.0],"evs":[0.0,-2.39355]},"QTo":{"weight":0.0,"played":[0.9994,6.0E-4],"evs":[0.0,-2.44464]},"KTo":{"weight":0.0,"played":[0.9985,0.0015],"evs":[0.0,-1.56664]},"ATo":{"weight":0.0033,"played":[0.9937,0.0063],"evs":[0.0,-1.40191]},"J2s":{"weight":0.0,"played":[0.9976,0.0024],"evs":[0.0,-1.37862]},"J3s":{"weight":0.0,"played":[0.9995,5.0E-4],"evs":[0.0,-2.39545]},"J4s":{"weight":0.0,"played":[0.9989,0.0011],"evs":[0.0,-1.9822]},"J5s":{"weight":0.0,"played":[1.0,0.0],"evs":[0.0,-1.14259]},"J6s":{"weight":0.0,"played":[0.9991,9.0E-4],"evs":[0.0,-2.68862]},"J7s":{"weight":0.0,"played":[0.9996,4.0E-4],"evs":[0.0,-1.9882]},"J8s":{"weight":1.0E-4,"played":[0.9868,0.0132],"evs":[0.0,-1.08813]},"J9s":{"weight":0.0159,"played":[0.9879,0.0121],"evs":[0.0,-0.41398]},"JTs":{"weight":4.0E-4,"played":[0.9889,0.0111],"evs":[0.0,-1.17071]},"JJ":{"weight":0.0,"played":[0.0,1.0],"evs":[0.0,3.82211]},"QJo":{"weight":0.0,"played":[0.9998,2.0E-4],"evs":[0.0,-2.23629]},"KJo":{"weight":0.3001,"played":[0.9992,8.0E-4],"evs":[0.0,-1.36449]},"AJo":{"weight":0.0,"played":[0.6246,0.3754],"evs":[0.0,-0.34333]},"Q2s":{"weight":0.0,"played":[0.9943,0.0057],"evs":[0.0,-2.30741]},"Q3s":{"weight":0.0,"played":[0.9907,0.0093],"evs":[0.0,-2.387]},"Q4s":{"weight":2.0E-4,"played":[0.9997,3.0E-4],"evs":[0.0,-2.18081]},"Q5s":{"weight":1.0E-4,"played":[0.9925,0.0075],"evs":[0.0,-1.84165]},"Q6s":{"weight":1.0E-4,"played":[0.9693,0.0307],"evs":[0.0,-2.01444]},"Q7s":{"weight":0.0027,"played":[0.942,0.058],"evs":[0.0,-1.22043]},"Q8s":{"weight":1.0E-4,"played":[0.9081,0.0919],"evs":[0.0,-1.03329]},"Q9s":{"weight":0.0149,"played":[0.8853,0.1147],"evs":[0.0,-1.64976]},"QTs":{"weight":0.2931,"played":[0.9066,0.0934],"evs":[0.0,-0.97399]},"QJs":{"weight":0.9968,"played":[0.5209,0.4791],"evs":[0.0,-0.28515]},"QQ":{"weight":0.0,"played":[0.0,1.0],"evs":[0.0,5.69392]},"KQo":{"weight":0.9991,"played":[0.9512,0.0488],"evs":[0.0,-0.64902]},"AQo":{"weight":0.0,"played":[1.0E-4,0.9999],"evs":[0.0,0.8053]},"K2s":{"weight":0.0,"played":[0.9844,0.0156],"evs":[0.0,-1.4874]},"K3s":{"weight":3.0E-4,"played":[0.9997,3.0E-4],"evs":[0.0,-1.30643]},"K4s":{"weight":0.0,"played":[0.9845,0.0155],"evs":[0.0,-1.90345]},"K5s":{"weight":5.0E-4,"played":[0.9352,0.0648],"evs":[0.0,-1.22182]},"K6s":{"weight":0.0,"played":[0.9851,0.0149],"evs":[0.0,-1.68609]},"K7s":{"weight":0.0022,"played":[0.992,0.008],"evs":[0.0,-0.75353]},"K8s":{"weight":0.0114,"played":[0.9102,0.0898],"evs":[0.0,-1.6029]},"K9s":{"weight":0.3242,"played":[0.9363,0.0637],"evs":[0.0,-0.56414]},"KTs":{"weight":0.9902,"played":[0.9979,0.0021],"evs":[0.0,-0.85544]},"KJs":{"weight":0.9966,"played":[0.3786,0.6214],"evs":[0.0,0.02658]},"KQs":{"weight":0.0027,"played":[2.0E-4,0.9998],"evs":[0.0,1.36272]},"KK":{"weight":0.0,"played":[0.0,1.0],"evs":[0.0,8.45541]},"AKo":{"weight":0.0,"played":[0.0,1.0],"evs":[0.0,2.44349]},"A2s":{"weight":0.9922,"played":[0.9993,7.0E-4],"evs":[0.0,-1.36118]},"A3s":{"weight":0.9818,"played":[0.9997,3.0E-4],"evs":[0.0,-1.24234]},"A4s":{"weight":0.814,"played":[0.9941,0.0059],"evs":[0.0,-0.68617]},"A5s":{"weight":0.2232,"played":[0.9701,0.0299],"evs":[0.0,-0.88046]},"A6s":{"weight":0.5597,"played":[0.8756,0.1244],"evs":[0.0,-0.70953]},"A7s":{"weight":0.4681,"played":[0.7777,0.2223],"evs":[0.0,-1.00333]},"A8s":{"weight":0.0019,"played":[0.9408,0.0592],"evs":[0.0,-1.39389]},"A9s":{"weight":0.0057,"played":[0.8682,0.1318],"evs":[0.0,-0.44521]},"ATs":{"weight":0.0,"played":[0.0438,0.9562],"evs":[0.0,1.08799]},"AJs":{"weight":0.0,"played":[0.0022,0.9978],"evs":[0.0,1.29312]},"AQs":{"weight":0.0,"played":[0.0,1.0],"evs":[0.0,1.79617]},"AKs":{"weight":0.0,"played":[7.0E-4,0.9993],"evs":[0.0,3.24885]},"AA":{"weight":0.0,"played":[0.0,1.0],"evs":[0.0,14.40092]}}}