{"player":5,"street":0,"children":2,"sequence":[{"player":0,"type":"R","amount":200000,"street":0},{"player":1,"type":"F","amount":0,"street":0},{"player":2,"type":"C","amount":200000,"street":0},{"player":3,"type":"F","amount":0,"street":0},{"player":4,"type":"R","amount":1345000,"street":0}],"actions":[{"type":"F","amount":0,"node":220},{"type":"R","amount":2335000,"node":225}],"hands":{"22":{"weight":1.0,"played":[0.9989,0.0011],"evs":[0.0,-0.7469]},"32o":{"weight":1.0,"played":[1.0,0.0],"evs":[0.0,-3.7191]},"42o":{"weight":1.0,"played":[1.0,0.0],"evs":[0.0,-3.3736]},"52o":{"weight":1.0,"played":[1.0,0.0],"evs":[0.0,-3.21639]},"62o":{"weight":1.0,"played":[1.0,0.0],"evs":[0.0,-3.52739]},"72o":{"weight":1.0,"played":[1.0,0.0],"evs":[0.0,-3.9551]},"82o":{"weight":1.0,"played":[1.0,0.0],"evs":[0.0,-4.07762]},"92o":{"weight":1.0,"played":[1.0,0.0],"evs":[0.0,-3.85445]},"T2o":{"weight":1.0,"played":[1.0,0.0],"evs":[0.0,-4.36302]},"J2o":{"weight":1.0,"played":[1.0,0.0],"evs":[0.0,-4.29857]},"Q2o":{"weight":1.0,"played":[1.0,0.0],"evs":[0.0,-3.65183]},"K2o":{"weight":1.0,"played":[1.0,0.0],"evs":[0.0,-3.18454]},"A2o":{"weight":1.0,"played":[1.0,0.0],"evs":[0.0,-2.1914]},"32s":{"weight":1.0,"played":[1.0,0.0],"evs":[0.0,-2.40123]},"33":{"weight":1.0,"played":[0.6214,0.3786],"evs":[0.0,-0.04222]},"43o":{"weight":1.0,"played":[1.0,0.0],"evs":[0.0,-2.43871]},"53o":{"weight":1.0,"played":[1.0,0.0],"evs":[0.0,-2.5105]},"63o":{"weight":1.0,"played":[1.0,0.0],"evs":[0.0,-3.03226]},"73o":{"weight":1.0,"played":[1.0,0.0],"evs":[0.0,-3.49315]},"83o":{"weight":1.0,"played":[1.0,0.0],"evs":[0.0,-3.7638]},"93o":{"weight":1.0,"played":[1.0,0.0],"evs":[0.0,-3.81844]},"T3o":{"weight":1.0,"played":[1.0,0.0],"evs":[0.0,-4.01044]},"J3o":{"weight":1.0,"played":[1.0,0.0],"evs":[0.0,-3.73833]},"Q3o":{"weight":1.0,"played":[1.0,0.0],"evs":[0.0,-3.60002]},"K3o":{"weight":1.0,"played":[1.0,0.0],"evs":[0.0,-2.9889]},"A3o":{"weight":1.0,"played":[1.0,0.0],"evs":[0.0,-2.34323]},"42s":{"weight":1.0,"played":[1.0,0.0],"evs":[0.0,-2.05429]},"43s":{"weight":1.0,"played":[0.9982,0.0018],"evs":[0.0,-1.51276]},"44":{"weight":1.0,"played":[0.283,0.717],"evs":[0.0,0.16115]},"54o":{"weight":1.0,"played":[1.0,0.0],"evs":[0.0,-1.89175]},"64o":{"weight":1.0,"played":[1.0,0.0],"evs":[0.0,-2.65234]},"74o":{"weight":1.0,"played":[1.0,0.0],"evs":[0.0,-3.17495]},"84o":{"weight":1.0,"played":[1.0,0.0],"evs":[0.0,-3.29145]},"94o":{"weight":1.0,"played":[1.0,0.0],"evs":[0.0,-3.71037]},"T4o":{"weight":1.0,"played":[1.0,0.0],"evs":[0.0,-4.11843]},"J4o":{"weight":1.0,"played":[1.0,0.0],"evs":[0.0,-3.93043]},"Q4o":{"weight":1.0,"played":[1.0,0.0],"evs":[0.0,-3.3823]},"K4o":{"weight":1.0,"played":[1.0,0.0],"evs":[0.0,-2.87356]},"A4o":{"weight":1.0,"played":[1.0,0.0],"evs":[0.0,-2.24077]},"52s":{"weight":1.0,"played":[0.999,0.001],"evs":[0.0,-1.63787]},"53s":{"weight":1.0,"played":[0.9998,2.0E-4],"evs":[0.0,-1.07661]},"54s":{"weight":1.0,"played":[0.9979,0.0021],"evs":[0.0,-1.09397]},"55":{"weight":1.0,"played":[0.1919,0.8081],"evs":[0.0,0.28896]},"65o":{"weight":1.0,"played":[1.0,0.0],"evs":[0.0,-2.16953]},"75o":{"weight":1.0,"played":[1.0,0.0],"evs":[0.0,-2.59416]},"85o":{"weight":1.0,"played":[1.0,0.0],"evs":[0.0,-2.87649]},"95o":{"weight":1.0,"played":[1.0,0.0],"evs":[0.0,-3.20186]},"T5o":{"weight":1.0,"played":[1.0,0.0],"evs":[0.0,-3.91198]},"J5o":{"weight":1.0,"played":[1.0,0.0],"evs":[0.0,-3.919]},"Q5o":{"weight":1.0,"played":[1.0,0.0],"evs":[0.0,-3.44053]},"K5o":{"weight":1.0,"played":[1.0,0.0],"evs":[0.0,-2.83118]},"A5o":{"weight":1.0,"played":[0.9999,1.0E-4],"evs":[0.0,-2.15293]},"62s":{"weight":1.0,"played":[1.0,0.0],"evs":[0.0,-2.19723]},"63s":{"weight":1.0,"played":[0.9997,3.0E-4],"evs":[0.0,-1.55449]},"64s":{"weight":1.0,"played":[0.9978,0.0022],"evs":[0.0,-0.87563]},"65s":{"weight":1.0,"played":[0.9993,7.0E-4],"evs":[0.0,-0.70515]},"66":{"weight":1.0,"played":[0.0281,0.9719],"evs":[0.0,0.5283]},"76o":{"weight":1.0,"played":[1.0,0.0],"evs":[0.0,-2.26278]},"86o":{"weight":1.0,"played":[1.0,0.0],"evs":[0.0,-2.38291]},"96o":{"weight":1.0,"played":[1.0,0.0],"evs":[0.0,-2.62429]},"T6o":{"weight":1.0,"played":[1.0,0.0],"evs":[0.0,-3.59127]},"J6o":{"weight":1.0,"played":[1.0,0.0],"evs":[0.0,-3.74867]},"Q6o":{"weight":1.0,"played":[1.0,0.0],"evs":[0.0,-3.26001]},"K6o":{"weight":1.0,"played":[1.0,0.0],"evs":[0.0,-2.58928]},"A6o":{"weight":1.0,"played":[1.0,0.0],"evs":[0.0,-2.8361]},"72s":{"weight":1.0,"played":[1.0,0.0],"evs":[0.0,-3.11029]},"73s":{"weight":1.0,"played":[1.0,0.0],"evs":[0.0,-1.79084]},"74s":{"weight":1.0,"played":[0.9999,1.0E-4],"evs":[0.0,-2.01233]},"75s":{"weight":1.0,"played":[1.0,0.0],"evs":[0.0,-1.58224]},"76s":{"weight":1.0,"played":[0.9963,0.0037],"evs":[0.0,-1.05264]},"77":{"weight":1.0,"played":[5.0E-4,0.9995],"evs":[0.0,0.7367]},"87o":{"weight":1.0,"played":[1.0,0.0],"evs":[0.0,-1.90958]},"97o":{"weight":1.0,"played":[1.0,0.0],"evs":[0.0,-2.0288]},"T7o":{"weight":1.0,"played":[1.0,0.0],"evs":[0.0,-3.43497]},"J7o":{"weight":1.0,"played":[1.0,0.0],"evs":[0.0,-3.64157]},"Q7o":{"weight":1.0,"played":[1.0,0.0],"evs":[0.0,-3.50301]},"K7o":{"weight":1.0,"played":[1.0,0.0],"evs":[0.0,-2.79186]},"A7o":{"weight":1.0,"played":[1.0,0.0],"evs":[0.0,-2.33532]},"82s":{"weight":1.0,"played":[1.0,0.0],"evs":[0.0,-2.62121]},"83s":{"weight":1.0,"played":[1.0,0.0],"evs":[0.0,-2.51861]},"84s":{"weight":1.0,"played":[1.0,0.0],"evs":[0.0,-1.80843]},"85s":{"weight":1.0,"played":[0.9999,1.0E-4],"evs":[0.0,-2.4522]},"86s":{"weight":1.0,"played":[0.9692,0.0308],"evs":[0.0,-0.90335]},"87s":{"weight":1.0,"played":[0.9996,4.0E-4],"evs":[0.0,-1.00093]},"88":{"weight":1.0,"played":[0.0,1.0],"evs":[0.0,1.84492]},"98o":{"weight":1.0,"played":[0.9999,1.0E-4],"evs":[0.0,-1.97008]},"T8o":{"weight":1.0,"played":[1.0,0.0],"evs":[0.0,-2.61316]},"J8o":{"weight":1.0,"played":[1.0,0.0],"evs":[0.0,-2.84718]},"Q8o":{"weight":1.0,"played":[1.0,0.0],"evs":[0.0,-2.66015]},"K8o":{"weight":1.0,"played":[1.0,0.0],"evs":[0.0,-2.51798]},"A8o":{"weight":1.0,"played":[1.0,0.0],"evs":[0.0,-2.26791]},"92s":{"weight":1.0,"played":[1.0,0.0],"evs":[0.0,-2.33066]},"93s":{"weight":1.0,"played":[0.9998,2.0E-4],"evs":[0.0,-2.07254]},"94s":{"weight":1.0,"played":[1.0,0.0],"evs":[0.0,-2.23694]},"95s":{"weight":1.0,"played":[0.9999,1.0E-4],"evs":[0.0,-1.83642]},"96s":{"weight":1.0,"played":[0.9998,2.0E-4],"evs":[0.0,-1.06818]},"97s":{"weight":1.0,"played":[0.9968,0.0032],"evs":[0.0,-1.26046]},"98s":{"weight":1.0,"played":[0.9994,6.0E-4],"evs":[0.0,-0.62905]},"99":{"weight":1.0,"played":[0.0,1.0],"evs":[0.0,2.75437]},"T9o":{"weight":1.0,"played":[1.0,0.0],"evs":[0.0,-1.91955]},"J9o":{"weight":1.0,"played":[1.0,0.0],"evs":[0.0,-2.46323]},"Q9o":{"weight":1.0,"played":[1.0,0.0],"evs":[0.0,-2.42851]},"K9o":{"weight":1.0,"played":[0.9999,1.0E-4],"evs":[0.0,-2.03611]},"A9o":{"weight":1.0,"played":[0.9997,3.0E-4],"evs":[0.0,-1.75221]},"T2s":{"weight":1.0,"played":[1.0,0.0],"evs":[0.0,-3.02097]},"T3s":{"weight":1.0,"played":[0.9999,1.0E-4],"evs":[0.0,-2.76676]},"T4s":{"weight":1.0,"played":[0.9999,1.0E-4],"evs":[0.0,-2.49469]},"T5s":{"weight":1.0,"played":[1.0,0.0],"evs":[0.0,-2.76618]},"T6s":{"weight":1.0,"played":[1.0,0.0],"evs":[0.0,-2.40567]},"T7s":{"weight":1.0,"played":[1.0,0.0],"evs":[0.0,-1.75925]},"T8s":{"weight":1.0,"played":[0.9898,0.0102],"evs":[0.0,-1.01706]},"T9s":{"weight":1.0,"played":[0.9855,0.0145],"evs":[0.0,-0.60014]},"TT":{"weight":1.0,"played":[0.0,1.0],"evs":[0.0,4.00508]},"JTo":{"weight":1.0,"played":[0.9999,1.0E-4],"evs":[0.0,-2.59632]},"QTo":{"weight":1.0,"played":[0.9999,1.0E-4],"evs":[0.0,-2.38738]},"KTo":{"weight":1.0,"played":[1.0,0.0],"evs":[0.0,-1.76892]},"ATo":{"weight":1.0,"played":[0.9991,9.0E-4],"evs":[0.0,-0.6891]},"J2s":{"weight":1.0,"played":[1.0,0.0],"evs":[0.0,-2.91146]},"J3s":{"weight":1.0,"played":[0.9997,3.0E-4],"evs":[0.0,-2.56007]},"J4s":{"weight":1.0,"played":[1.0,0.0],"evs":[0.0,-2.42187]},"J5s":{"weight":1.0,"played":[0.9993,7.0E-4],"evs":[0.0,-2.25722]},"J6s":{"weight":1.0,"played":[1.0,0.0],"evs":[0.0,-2.24301]},"J7s":{"weight":1.0,"played":[0.9995,5.0E-4],"evs":[0.0,-2.29542]},"J8s":{"weight":1.0,"played":[0.9997,3.0E-4],"evs":[0.0,-1.1228]},"J9s":{"weight":1.0,"played":[0.9937,0.0063],"evs":[0.0,-1.13717]},"JTs":{"weight":1.0,"played":[0.9994,6.0E-4],"evs":[0.0,-0.78195]},"JJ":{"weight":1.0,"played":[0.0,1.0],"evs":[0.0,6.217]},"QJo":{"weight":1.0,"played":[1.0,0.0],"evs":[0.0,-1.60938]},"KJo":{"weight":1.0,"played":[0.9995,5.0E-4],"evs":[0.0,-1.31928]},"AJo":{"weight":1.0,"played":[0.0314,0.9686],"evs":[0.0,0.45546]},"Q2s":{"weight":1.0,"played":[0.9999,1.0E-4],"evs":[0.0,-2.30047]},"Q3s":{"weight":1.0,"played":[0.9999,1.0E-4],"evs":[0.0,-2.3224]},"Q4s":{"weight":1.0,"played":[1.0,0.0],"evs":[0.0,-2.1202]},"Q5s":{"weight":1.0,"played":[0.9996,4.0E-4],"evs":[0.0,-2.51363]},"Q6s":{"weight":1.0,"played":[0.9962,0.0038],"evs":[0.0,-1.60057]},"Q7s":{"weight":1.0,"played":[1.0,0.0],"evs":[0.0,-2.16216]},"Q8s":{"weight":1.0,"played":[0.9994,6.0E-4],"evs":[0.0,-1.24691]},"Q9s":{"weight":1.0,"played":[0.9858,0.0142],"evs":[0.0,-0.99761]},"QTs":{"weight":1.0,"played":[0.9639,0.0361],"evs":[0.0,-0.97911]},"QJs":{"weight":1.0,"played":[0.9807,0.0193],"evs":[0.0,-1.00036]},"QQ":{"weight":1.0,"played":[0.0,1.0],"evs":[0.0,8.27418]},"KQo":{"weight":1.0,"played":[0.9998,2.0E-4],"evs":[0.0,-0.49511]},"AQo":{"weight":1.0,"played":[0.0,1.0],"evs":[0.0,1.93016]},"K2s":{"weight":1.0,"played":[1.0,0.0],"evs":[0.0,-1.70664]},"K3s":{"weight":1.0,"played":[1.0,0.0],"evs":[0.0,-1.39052]},"K4s":{"weight":1.0,"played":[0.9997,3.0E-4],"evs":[0.0,-1.32222]},"K5s":{"weight":1.0,"played":[1.0,0.0],"evs":[0.0,-1.59857]},"K6s":{"weight":1.0,"played":[0.9997,3.0E-4],"evs":[0.0,-1.4459]},"K7s":{"weight":1.0,"played":[0.9966,0.0034],"evs":[0.0,-1.51348]},"K8s":{"weight":1.0,"played":[1.0,0.0],"evs":[0.0,-1.17978]},"K9s":{"weight":1.0,"played":[0.9964,0.0036],"evs":[0.0,-0.73013]},"KTs":{"weight":1.0,"played":[0.9982,0.0018],"evs":[0.0,-0.45277]},"KJs":{"weight":1.0,"played":[0.1782,0.8218],"evs":[0.0,0.55392]},"KQs":{"weight":1.0,"played":[0.0142,0.9858],"evs":[0.0,1.35107]},"KK":{"weight":1.0,"played":[0.0,1.0],"evs":[0.0,11.2096]},"AKo":{"weight":1.0,"played":[0.0,1.0],"evs":[0.0,3.82984]},"A2s":{"weight":1.0,"played":[0.9945,0.0055],"evs":[0.0,-1.01604]},"A3s":{"weight":1.0,"played":[0.89,0.11],"evs":[0.0,-0.71969]},"A4s":{"weight":1.0,"played":[0.9439,0.0561],"evs":[0.0,-1.12623]},"A5s":{"weight":1.0,"played":[0.9875,0.0125],"evs":[0.0,-0.89197]},"A6s":{"weight":1.0,"played":[0.9744,0.0256],"evs":[0.0,-1.0914]},"A7s":{"weight":1.0,"played":[0.8193,0.1807],"evs":[0.0,-0.60765]},"A8s":{"weight":1.0,"played":[0.9282,0.0718],"evs":[0.0,-0.60703]},"A9s":{"weight":1.0,"played":[0.6492,0.3508],"evs":[0.0,-0.13043]},"ATs":{"weight":1.0,"played":[0.3306,0.6694],"evs":[0.0,0.39821]},"AJs":{"weight":1.0,"played":[4.0E-4,0.9996],"evs":[0.0,1.24413]},"AQs":{"weight":1.0,"played":[0.0,1.0],"evs":[0.0,3.89716]},"AKs":{"weight":1.0,"played":[0.0,1.0],"evs":[0.0,5.69357]},"AA":{"weight":1.0,"played":[0.0,1.0],"evs":[0.0,16.45423]}}}