{"player":3,"street":0,"children":2,"sequence":[{"player":0,"type":"R","amount":200000,"street":0},{"player":1,"type":"F","amount":0,"street":0},{"player":2,"type":"C","amount":200000,"street":0},{"player":3,"type":"C","amount":200000,"street":0},{"player":4,"type":"F","amount":0,"street":0},{"player":5,"type":"R","amount":2335000,"street":0},{"player":0,"type":"F","amount":0,"street":0},{"player":2,"type":"C","amount":1205000,"street":0}],"actions":[{"type":"F","amount":0},{"type":"C","amount":2135000}],"hands":{"22":{"weight":0.9668,"played":[0.8276,0.1724],"evs":[0.0,-0.33713]},"32o":{"weight":0.0,"played":[1.0,0.0],"evs":[0.0,-4.30243]},"42o":{"weight":0.0,"played":[0.9999,1.0E-4],"evs":[0.0,-4.08454]},"52o":{"weight":0.0,"played":[1.0,0.0],"evs":[0.0,-3.68311]},"62o":{"weight":0.0,"played":[1.0,0.0],"evs":[0.0,-4.34491]},"72o":{"weight":0.0,"played":[1.0,0.0],"evs":[0.0,-5.27068]},"82o":{"weight":0.0,"played":[1.0,0.0],"evs":[0.0,-4.96799]},"92o":{"weight":0.0,"played":[0.9996,4.0E-4],"evs":[0.0,-4.80947]},"T2o":{"weight":0.0,"played":[1.0,0.0],"evs":[0.0,-5.18215]},"J2o":{"weight":0.0,"played":[0.9999,1.0E-4],"evs":[0.0,-4.76276]},"Q2o":{"weight":0.0,"played":[0.9999,1.0E-4],"evs":[0.0,-5.4384]},"K2o":{"weight":0.0,"played":[0.9995,5.0E-4],"evs":[0.0,-4.86134]},"A2o":{"weight":0.0,"played":[0.9999,1.0E-4],"evs":[0.0,-1.69466]},"32s":{"weight":0.0,"played":[0.9961,0.0039],"evs":[0.0,-2.18407]},"33":{"weight":0.995,"played":[0.2792,0.7208],"evs":[0.0,0.26859]},"43o":{"weight":0.0,"played":[0.999,0.001],"evs":[0.0,-3.16365]},"53o":{"weight":0.0,"played":[0.9997,3.0E-4],"evs":[0.0,-3.42784]},"63o":{"weight":0.0,"played":[0.9994,6.0E-4],"evs":[0.0,-3.42822]},"73o":{"weight":0.0,"played":[1.0,0.0],"evs":[0.0,-4.203]},"83o":{"weight":0.0,"played":[1.0,0.0],"evs":[0.0,-4.36794]},"93o":{"weight":0.0,"played":[1.0,0.0],"evs":[0.0,-5.01764]},"T3o":{"weight":0.0,"played":[0.9999,1.0E-4],"evs":[0.0,-5.22347]},"J3o":{"weight":0.0,"played":[1.0,0.0],"evs":[0.0,-5.58738]},"Q3o":{"weight":0.0,"played":[1.0,0.0],"evs":[0.0,-4.75358]},"K3o":{"weight":0.0,"played":[1.0,0.0],"evs":[0.0,-4.46022]},"A3o":{"weight":0.0,"played":[0.9998,2.0E-4],"evs":[0.0,-2.12534]},"42s":{"weight":0.0,"played":[0.999,0.001],"evs":[0.0,-2.83447]},"43s":{"weight":0.0,"played":[0.9988,0.0012],"evs":[0.0,-1.83633]},"44":{"weight":0.9886,"played":[0.0859,0.9141],"evs":[0.0,0.97475]},"54o":{"weight":0.0,"played":[0.9993,7.0E-4],"evs":[0.0,-2.53902]},"64o":{"weight":0.0,"played":[1.0,0.0],"evs":[0.0,-2.02403]},"74o":{"weight":0.0,"played":[1.0,0.0],"evs":[0.0,-3.4677]},"84o":{"weight":0.0,"played":[0.9996,4.0E-4],"evs":[0.0,-4.02627]},"94o":{"weight":0.0,"played":[0.9991,9.0E-4],"evs":[0.0,-3.966]},"T4o":{"weight":0.0,"played":[1.0,0.0],"evs":[0.0,-5.44781]},"J4o":{"weight":0.0,"played":[1.0,0.0],"evs":[0.0,-4.60208]},"Q4o":{"weight":0.0,"played":[1.0,0.0],"evs":[0.0,-4.34545]},"K4o":{"weight":0.0,"played":[0.9992,8.0E-4],"evs":[0.0,-3.95451]},"A4o":{"weight":0.0,"played":[0.9989,0.0011],"evs":[0.0,-1.58203]},"52s":{"weight":0.0,"played":[0.9849,0.0151],"evs":[0.0,-2.66024]},"53s":{"weight":0.0,"played":[0.9974,0.0026],"evs":[0.0,-1.08407]},"54s":{"weight":0.0,"played":[0.8981,0.1019],"evs":[0.0,-0.95088]},"55":{"weight":0.9943,"played":[0.0261,0.9739],"evs":[0.0,0.7865]},"65o":{"weight":0.0,"played":[1.0,0.0],"evs":[0.0,-2.34429]},"75o":{"weight":0.0,"played":[0.9999,1.0E-4],"evs":[0.0,-3.03786]},"85o":{"weight":0.0,"played":[1.0,0.0],"evs":[0.0,-2.67412]},"95o":{"weight":0.0,"played":[1.0,0.0],"evs":[0.0,-3.72528]},"T5o":{"weight":0.0,"played":[0.9999,1.0E-4],"evs":[0.0,-4.69135]},"J5o":{"weight":0.0,"played":[1.0,0.0],"evs":[0.0,-4.59536]},"Q5o":{"weight":0.0,"played":[0.9994,6.0E-4],"evs":[0.0,-5.00082]},"K5o":{"weight":0.0,"played":[0.999,0.001],"evs":[0.0,-4.16081]},"A5o":{"weight":0.0,"played":[0.9998,2.0E-4],"evs":[0.0,-2.17118]},"62s":{"weight":0.0,"played":[0.9999,1.0E-4],"evs":[0.0,-2.33229]},"63s":{"weight":0.0,"played":[0.9993,7.0E-4],"evs":[0.0,-0.87803]},"64s":{"weight":0.0,"played":[0.9831,0.0169],"evs":[0.0,-1.66816]},"65s":{"weight":0.3572,"played":[0.9644,0.0356],"evs":[0.0,-0.78733]},"66":{"weight":0.975,"played":[1.0E-4,0.9999],"evs":[0.0,2.07461]},"76o":{"weight":0.0,"played":[1.0,0.0],"evs":[0.0,-2.40097]},"86o":{"weight":0.0,"played":[0.9999,1.0E-4],"evs":[0.0,-2.32917]},"96o":{"weight":0.0,"played":[0.9997,3.0E-4],"evs":[0.0,-2.6048]},"T6o":{"weight":0.0,"played":[1.0,0.0],"evs":[0.0,-3.61539]},"J6o":{"weight":0.0,"played":[0.9996,4.0E-4],"evs":[0.0,-4.26115]},"Q6o":{"weight":0.0,"played":[0.9998,2.0E-4],"evs":[0.0,-4.17022]},"K6o":{"weight":0.0,"played":[0.9991,9.0E-4],"evs":[0.0,-3.75726]},"A6o":{"weight":0.0,"played":[1.0,0.0],"evs":[0.0,-2.25124]},"72s":{"weight":0.0,"played":[1.0,0.0],"evs":[0.0,-3.46158]},"73s":{"weight":0.0,"played":[0.9999,1.0E-4],"evs":[0.0,-3.20382]},"74s":{"weight":0.0,"played":[0.9982,0.0018],"evs":[0.0,-1.38874]},"75s":{"weight":0.0,"played":[0.9981,0.0019],"evs":[0.0,-1.6451]},"76s":{"weight":0.0037,"played":[0.7015,0.2985],"evs":[0.0,0.54195]},"77":{"weight":0.9986,"played":[0.0015,0.9985],"evs":[0.0,3.03665]},"87o":{"weight":0.0,"played":[0.9949,0.0051],"evs":[0.0,-1.6096]},"97o":{"weight":0.0,"played":[0.9987,0.0013],"evs":[0.0,-2.40149]},"T7o":{"weight":0.0,"played":[0.9991,9.0E-4],"evs":[0.0,-3.9086]},"J7o":{"weight":0.0,"played":[1.0,0.0],"evs":[0.0,-4.05156]},"Q7o":{"weight":0.0,"played":[1.0,0.0],"evs":[0.0,-4.71788]},"K7o":{"weight":0.0,"played":[1.0,0.0],"evs":[0.0,-3.00096]},"A7o":{"weight":0.0,"played":[0.9996,4.0E-4],"evs":[0.0,-2.27458]},"82s":{"weight":0.0,"played":[1.0,0.0],"evs":[0.0,-2.54829]},"83s":{"weight":0.0,"played":[0.9999,1.0E-4],"evs":[0.0,-1.42055]},"84s":{"weight":0.0,"played":[0.9997,3.0E-4],"evs":[0.0,-2.84215]},"85s":{"weight":0.0,"played":[0.998,0.002],"evs":[0.0,-1.48531]},"86s":{"weight":0.0,"played":[0.9998,2.0E-4],"evs":[0.0,-0.62471]},"87s":{"weight":0.3443,"played":[0.6296,0.3704],"evs":[0.0,-0.10572]},"88":{"weight":0.0936,"played":[2.0E-4,0.9998],"evs":[0.0,3.14822]},"98o":{"weight":0.0,"played":[0.9999,1.0E-4],"evs":[0.0,-1.42637]},"T8o":{"weight":0.0,"played":[0.9996,4.0E-4],"evs":[0.0,-2.87081]},"J8o":{"weight":0.0,"played":[0.9992,8.0E-4],"evs":[0.0,-3.97145]},"Q8o":{"weight":0.0,"played":[0.9985,0.0015],"evs":[0.0,-3.92849]},"K8o":{"weight":0.0,"played":[0.9997,3.0E-4],"evs":[0.0,-3.79191]},"A8o":{"weight":0.0,"played":[0.9981,0.0019],"evs":[0.0,-1.67403]},"92s":{"weight":0.0,"played":[0.9953,0.0047],"evs":[0.0,-2.41146]},"93s":{"weight":0.0,"played":[0.9999,1.0E-4],"evs":[0.0,-1.54658]},"94s":{"weight":0.0,"played":[0.9997,3.0E-4],"evs":[0.0,-2.11441]},"95s":{"weight":0.0,"played":[0.9895,0.0105],"evs":[0.0,-2.06279]},"96s":{"weight":0.0,"played":[0.9984,0.0016],"evs":[0.0,-0.62431]},"97s":{"weight":0.1446,"played":[0.7901,0.2099],"evs":[0.0,-1.25623]},"98s":{"weight":0.3947,"played":[0.971,0.029],"evs":[0.0,-0.96215]},"99":{"weight":7.0E-4,"played":[0.0,1.0],"evs":[0.0,4.69464]},"T9o":{"weight":0.0,"played":[0.9986,0.0014],"evs":[0.0,-2.45651]},"J9o":{"weight":0.0,"played":[0.9995,5.0E-4],"evs":[0.0,-2.7833]},"Q9o":{"weight":0.0,"played":[0.994,0.006],"evs":[0.0,-2.9875]},"K9o":{"weight":0.0,"played":[0.9994,6.0E-4],"evs":[0.0,-2.65139]},"A9o":{"weight":0.4274,"played":[0.7556,0.2444],"evs":[0.0,-0.36041]},"T2s":{"weight":0.0,"played":[1.0,0.0],"evs":[0.0,-2.58845]},"T3s":{"weight":0.0,"played":[0.9967,0.0033],"evs":[0.0,-3.77504]},"T4s":{"weight":0.0,"played":[0.9923,0.0077],"evs":[0.0,-4.11498]},"T5s":{"weight":0.0,"played":[0.9858,0.0142],"evs":[0.0,-3.24363]},"T6s":{"weight":0.0,"played":[1.0,0.0],"evs":[0.0,-2.22433]},"T7s":{"weight":0.0,"played":[0.981,0.019],"evs":[0.0,-3.12209]},"T8s":{"weight":0.0,"played":[0.6804,0.3196],"evs":[0.0,-1.073]},"T9s":{"weight":0.1679,"played":[0.9791,0.0209],"evs":[0.0,-0.7428]},"TT":{"weight":4.0E-4,"played":[0.0,1.0],"evs":[0.0,6.70269]},"JTo":{"weight":0.0,"played":[0.9985,0.0015],"evs":[0.0,-3.08818]},"QTo":{"weight":0.0,"played":[0.9956,0.0044],"evs":[0.0,-3.00725]},"KTo":{"weight":0.0,"played":[0.9933,0.0067],"evs":[0.0,-3.33064]},"ATo":{"weight":0.0454,"played":[0.2146,0.7854],"evs":[0.0,0.50359]},"J2s":{"weight":0.0,"played":[1.0,0.0],"evs":[0.0,-4.01948]},"J3s":{"weight":0.0,"played":[0.9995,5.0E-4],"evs":[0.0,-2.62999]},"J4s":{"weight":0.0,"played":[1.0,0.0],"evs":[0.0,-3.65326]},"J5s":{"weight":0.0,"played":[0.9232,0.0768],"evs":[0.0,-2.43882]},"J6s":{"weight":0.0,"played":[0.9991,9.0E-4],"evs":[0.0,-1.72236]},"J7s":{"weight":1.0E-4,"played":[0.9958,0.0042],"evs":[0.0,-1.47666]},"J8s":{"weight":0.0,"played":[0.9711,0.0289],"evs":[0.0,-2.01726]},"J9s":{"weight":0.2146,"played":[0.9954,0.0046],"evs":[0.0,-1.21069]},"JTs":{"weight":0.0607,"played":[0.9584,0.0416],"evs":[0.0,-2.03825]},"JJ":{"weight":3.0E-4,"played":[0.0,1.0],"evs":[0.0,7.18156]},"QJo":{"weight":0.0,"played":[0.997,0.003],"evs":[0.0,-3.18849]},"KJo":{"weight":0.3286,"played":[0.9902,0.0098],"evs":[0.0,-2.24339]},"AJo":{"weight":0.2548,"played":[0.0039,0.9961],"evs":[0.0,1.71461]},"Q2s":{"weight":0.0,"played":[1.0,0.0],"evs":[0.0,-3.24305]},"Q3s":{"weight":0.0,"played":[0.9998,2.0E-4],"evs":[0.0,-2.56488]},"Q4s":{"weight":0.0,"played":[0.9971,0.0029],"evs":[0.0,-3.46124]},"Q5s":{"weight":0.0,"played":[0.968,0.032],"evs":[0.0,-3.9046]},"Q6s":{"weight":0.0,"played":[0.9993,7.0E-4],"evs":[0.0,-2.7044]},"Q7s":{"weight":0.0,"played":[0.9772,0.0228],"evs":[0.0,-2.88292]},"Q8s":{"weight":0.0,"played":[0.9827,0.0173],"evs":[0.0,-1.45864]},"Q9s":{"weight":0.0014,"played":[0.9313,0.0687],"evs":[0.0,-2.1784]},"QTs":{"weight":0.5933,"played":[0.9993,7.0E-4],"evs":[0.0,-1.83765]},"QJs":{"weight":0.9983,"played":[0.9867,0.0133],"evs":[0.0,-1.26281]},"QQ":{"weight":0.0024,"played":[0.0,1.0],"evs":[0.0,11.64105]},"KQo":{"weight":0.5992,"played":[0.9876,0.0124],"evs":[0.0,-1.34967]},"AQo":{"weight":0.0262,"played":[0.0,1.0],"evs":[0.0,3.64616]},"K2s":{"weight":0.0,"played":[0.972,0.028],"evs":[0.0,-2.47517]},"K3s":{"weight":0.0,"played":[0.9979,0.0021],"evs":[0.0,-2.78323]},"K4s":{"weight":7.0E-4,"played":[0.9704,0.0296],"evs":[0.0,-2.84467]},"K5s":{"weight":0.0,"played":[0.9953,0.0047],"evs":[0.0,-2.01172]},"K6s":{"weight":5.0E-4,"played":[0.9954,0.0046],"evs":[0.0,-3.58406]},"K7s":{"weight":0.0,"played":[0.9775,0.0225],"evs":[0.0,-1.85]},"K8s":{"weight":3.0E-4,"played":[0.9757,0.0243],"evs":[0.0,-2.12387]},"K9s":{"weight":1.0E-4,"played":[0.8649,0.1351],"evs":[0.0,-1.17326]},"KTs":{"weight":0.8824,"played":[0.8293,0.1707],"evs":[0.0,-1.10993]},"KJs":{"weight":0.0663,"played":[0.6466,0.3534],"evs":[0.0,-1.41822]},"KQs":{"weight":0.1281,"played":[0.186,0.814],"evs":[0.0,-0.05459]},"KK":{"weight":0.0,"played":[0.0,1.0],"evs":[0.0,15.18976]},"AKo":{"weight":0.0,"played":[0.0,1.0],"evs":[0.0,5.7961]},"A2s":{"weight":0.5583,"played":[0.9674,0.0326],"evs":[0.0,-1.0567]},"A3s":{"weight":0.6455,"played":[0.9716,0.0284],"evs":[0.0,-0.95113]},"A4s":{"weight":0.6797,"played":[0.5548,0.4452],"evs":[0.0,-0.22368]},"A5s":{"weight":0.1725,"played":[0.159,0.841],"evs":[0.0,0.13338]},"A6s":{"weight":0.3369,"played":[0.9318,0.0682],"evs":[0.0,-0.74833]},"A7s":{"weight":0.1536,"played":[0.5551,0.4449],"evs":[0.0,1.1966]},"A8s":{"weight":0.1282,"played":[0.1464,0.8536],"evs":[0.0,0.89051]},"A9s":{"weight":0.5054,"played":[0.0581,0.9419],"evs":[0.0,0.32198]},"ATs":{"weight":0.2519,"played":[1.0E-4,0.9999],"evs":[0.0,2.21803]},"AJs":{"weight":0.0452,"played":[0.0,1.0],"evs":[0.0,4.85668]},"AQs":{"weight":0.3024,"played":[0.0039,0.9961],"evs":[0.0,5.52831]},"AKs":{"weight":0.0034,"played":[3.0E-4,0.9997],"evs":[0.0,7.93445]},"AA":{"weight":0.0099,"played":[0.0,1.0],"evs":[0.0,20.09924]}}}