{"player":2,"street":0,"children":2,"sequence":[{"player":0,"type":"F","amount":0,"street":0},{"player":1,"type":"F","amount":0,"street":0},{"player":2,"type":"R","amount":200000,"street":0},{"player":3,"type":"F","amount":0,"street":0},{"player":4,"type":"F","amount":0,"street":0},{"player":5,"type":"R","amount":1405000,"street":0}],"actions":[{"type":"F","amount":0},{"type":"C","amount":1205000}],"hands":{"22":{"weight":0.0031,"played":[0.0,1.0],"evs":[0.0,0.35816]},"32o":{"weight":0.0,"played":[1.0,0.0],"evs":[0.0,-3.02171]},"42o":{"weight":0.0,"played":[1.0,0.0],"evs":[0.0,-2.82591]},"52o":{"weight":0.0,"played":[1.0,0.0],"evs":[0.0,-2.6789]},"62o":{"weight":0.0,"played":[1.0,0.0],"evs":[0.0,-2.79491]},"72o":{"weight":0.0,"played":[1.0,0.0],"evs":[0.0,-2.90616]},"82o":{"weight":0.0,"played":[1.0,0.0],"evs":[0.0,-2.71575]},"92o":{"weight":0.0,"played":[1.0,0.0],"evs":[0.0,-2.61874]},"T2o":{"weight":0.0,"played":[1.0,0.0],"evs":[0.0,-2.46108]},"J2o":{"weight":0.0,"played":[1.0,0.0],"evs":[0.0,-2.37177]},"Q2o":{"weight":0.0,"played":[1.0,0.0],"evs":[0.0,-2.07135]},"K2o":{"weight":0.0,"played":[1.0,0.0],"evs":[0.0,-1.89788]},"A2o":{"weight":0.0,"played":[1.0,0.0],"evs":[0.0,-0.7298]},"32s":{"weight":0.0,"played":[1.0,0.0],"evs":[0.0,-2.17088]},"33":{"weight":0.2315,"played":[0.0,1.0],"evs":[0.0,0.90528]},"43o":{"weight":0.0,"played":[1.0,0.0],"evs":[0.0,-2.45716]},"53o":{"weight":0.0,"played":[1.0,0.0],"evs":[0.0,-2.30942]},"63o":{"weight":0.0,"played":[1.0,0.0],"evs":[0.0,-2.42539]},"73o":{"weight":0.0,"played":[1.0,0.0],"evs":[0.0,-2.54142]},"83o":{"weight":0.0,"played":[1.0,0.0],"evs":[0.0,-2.6143]},"93o":{"weight":0.0,"played":[1.0,0.0],"evs":[0.0,-2.45226]},"T3o":{"weight":0.0,"played":[1.0,0.0],"evs":[0.0,-2.29312]},"J3o":{"weight":0.0,"played":[1.0,0.0],"evs":[0.0,-2.2123]},"Q3o":{"weight":0.0,"played":[1.0,0.0],"evs":[0.0,-1.92131]},"K3o":{"weight":0.0,"played":[1.0,0.0],"evs":[0.0,-1.74077]},"A3o":{"weight":0.1813,"played":[1.0,0.0],"evs":[0.0,-0.54963]},"42s":{"weight":0.0,"played":[1.0,0.0],"evs":[0.0,-1.99631]},"43s":{"weight":0.0,"played":[1.0,0.0],"evs":[0.0,-1.67136]},"44":{"weight":0.0211,"played":[0.0,1.0],"evs":[0.0,1.42713]},"54o":{"weight":0.0,"played":[1.0,0.0],"evs":[0.0,-1.9315]},"64o":{"weight":0.0,"played":[1.0,0.0],"evs":[0.0,-2.03887]},"74o":{"weight":0.0,"played":[1.0,0.0],"evs":[0.0,-2.16441]},"84o":{"weight":0.0,"played":[1.0,0.0],"evs":[0.0,-2.22616]},"94o":{"weight":0.0,"played":[1.0,0.0],"evs":[0.0,-2.35738]},"T4o":{"weight":0.0,"played":[1.0,0.0],"evs":[0.0,-2.13266]},"J4o":{"weight":0.0,"played":[1.0,0.0],"evs":[0.0,-2.05409]},"Q4o":{"weight":0.0,"played":[1.0,0.0],"evs":[0.0,-1.72666]},"K4o":{"weight":0.0,"played":[1.0,0.0],"evs":[0.0,-1.56936]},"A4o":{"weight":1.0,"played":[1.0,0.0],"evs":[0.0,-0.37094]},"52s":{"weight":0.0,"played":[1.0,0.0],"evs":[0.0,-1.89727]},"53s":{"weight":0.0,"played":[1.0,0.0],"evs":[0.0,-1.55283]},"54s":{"weight":0.0,"played":[1.0,0.0],"evs":[0.0,-1.18163]},"55":{"weight":0.0,"played":[0.0,1.0],"evs":[0.0,2.00993]},"65o":{"weight":0.0,"played":[1.0,0.0],"evs":[0.0,-1.7203]},"75o":{"weight":0.0,"played":[1.0,0.0],"evs":[0.0,-1.85236]},"85o":{"weight":0.0,"played":[1.0,0.0],"evs":[0.0,-1.87227]},"95o":{"weight":0.0,"played":[1.0,0.0],"evs":[0.0,-1.99995]},"T5o":{"weight":0.0,"played":[1.0,0.0],"evs":[0.0,-2.07156]},"J5o":{"weight":0.0,"played":[1.0,0.0],"evs":[0.0,-1.92306]},"Q5o":{"weight":0.0,"played":[1.0,0.0],"evs":[0.0,-1.61829]},"K5o":{"weight":0.0,"played":[1.0,0.0],"evs":[0.0,-1.38997]},"A5o":{"weight":0.0,"played":[0.8521,0.1479],"evs":[0.0,-0.04982]},"62s":{"weight":0.0,"played":[1.0,0.0],"evs":[0.0,-2.00637]},"63s":{"weight":0.0,"played":[1.0,0.0],"evs":[0.0,-1.64054]},"64s":{"weight":0.0,"played":[1.0,0.0],"evs":[0.0,-1.32549]},"65s":{"weight":0.0,"played":[1.0,0.0],"evs":[0.0,-0.98805]},"66":{"weight":0.0,"played":[0.0,1.0],"evs":[0.0,2.4383]},"76o":{"weight":0.0,"played":[1.0,0.0],"evs":[0.0,-1.40878]},"86o":{"weight":0.0,"played":[1.0,0.0],"evs":[0.0,-1.45365]},"96o":{"weight":0.0,"played":[1.0,0.0],"evs":[0.0,-1.57944]},"T6o":{"weight":0.0,"played":[1.0,0.0],"evs":[0.0,-1.64439]},"J6o":{"weight":0.0,"played":[1.0,0.0],"evs":[0.0,-1.74835]},"Q6o":{"weight":0.0,"played":[1.0,0.0],"evs":[0.0,-1.41145]},"K6o":{"weight":0.0,"played":[1.0,0.0],"evs":[0.0,-1.22011]},"A6o":{"weight":0.1314,"played":[0.0314,0.9686],"evs":[0.0,0.01557]},"72s":{"weight":0.0,"played":[1.0,0.0],"evs":[0.0,-2.1213]},"73s":{"weight":0.0,"played":[1.0,0.0],"evs":[0.0,-1.77382]},"74s":{"weight":0.0,"played":[1.0,0.0],"evs":[0.0,-1.38296]},"75s":{"weight":0.0,"played":[1.0,0.0],"evs":[0.0,-1.08634]},"76s":{"weight":0.0,"played":[1.0,0.0],"evs":[0.0,-0.68214]},"77":{"weight":0.0,"played":[0.0,1.0],"evs":[0.0,2.93393]},"87o":{"weight":0.0,"played":[1.0,0.0],"evs":[0.0,-1.14289]},"97o":{"weight":0.0,"played":[1.0,0.0],"evs":[0.0,-1.27102]},"T7o":{"weight":0.0,"played":[1.0,0.0],"evs":[0.0,-1.33496]},"J7o":{"weight":0.0,"played":[1.0,0.0],"evs":[0.0,-1.47402]},"Q7o":{"weight":0.0,"played":[1.0,0.0],"evs":[0.0,-1.36631]},"K7o":{"weight":0.0,"played":[1.0,0.0],"evs":[0.0,-1.0436]},"A7o":{"weight":0.0943,"played":[0.0,1.0],"evs":[0.0,0.51433]},"82s":{"weight":0.0,"played":[1.0,0.0],"evs":[0.0,-1.93339]},"83s":{"weight":0.0,"played":[1.0,0.0],"evs":[0.0,-1.82203]},"84s":{"weight":0.0,"played":[1.0,0.0],"evs":[0.0,-1.43764]},"85s":{"weight":0.0,"played":[1.0,0.0],"evs":[0.0,-1.15807]},"86s":{"weight":0.0,"played":[1.0,0.0],"evs":[0.0,-0.72044]},"87s":{"weight":0.0,"played":[1.0,0.0],"evs":[0.0,-0.44221]},"88":{"weight":0.1468,"played":[0.0,1.0],"evs":[0.0,3.48737]},"98o":{"weight":0.0,"played":[1.0,0.0],"evs":[0.0,-0.92301]},"T8o":{"weight":0.0,"played":[1.0,0.0],"evs":[0.0,-0.94702]},"J8o":{"weight":0.0,"played":[1.0,0.0],"evs":[0.0,-1.10183]},"Q8o":{"weight":0.0,"played":[1.0,0.0],"evs":[0.0,-0.9909]},"K8o":{"weight":0.0,"played":[1.0,0.0],"evs":[0.0,-0.929]},"A8o":{"weight":8.0E-4,"played":[0.0,1.0],"evs":[0.0,1.0331]},"92s":{"weight":0.0,"played":[1.0,0.0],"evs":[0.0,-1.81405]},"93s":{"weight":0.0,"played":[1.0,0.0],"evs":[0.0,-1.66675]},"94s":{"weight":0.0,"played":[1.0,0.0],"evs":[0.0,-1.60196]},"95s":{"weight":0.0,"played":[1.0,0.0],"evs":[0.0,-1.24207]},"96s":{"weight":0.0,"played":[1.0,0.0],"evs":[0.0,-0.87461]},"97s":{"weight":0.0,"played":[1.0,0.0],"evs":[0.0,-0.55259]},"98s":{"weight":0.7976,"played":[1.0,0.0],"evs":[0.0,-0.23029]},"99":{"weight":0.0593,"played":[0.0,1.0],"evs":[0.0,3.96433]},"T9o":{"weight":0.0,"played":[1.0,0.0],"evs":[0.0,-0.64885]},"J9o":{"weight":0.0,"played":[1.0,0.0],"evs":[0.0,-0.80146]},"Q9o":{"weight":0.0,"played":[1.0,0.0],"evs":[0.0,-0.68823]},"K9o":{"weight":5.0E-4,"played":[1.0,0.0],"evs":[0.0,-0.62155]},"A9o":{"weight":0.0,"played":[0.0,1.0],"evs":[0.0,1.61861]},"T2s":{"weight":0.0,"played":[1.0,0.0],"evs":[0.0,-1.67176]},"T3s":{"weight":0.0,"played":[1.0,0.0],"evs":[0.0,-1.5229]},"T4s":{"weight":0.0,"played":[1.0,0.0],"evs":[0.0,-1.39744]},"T5s":{"weight":0.0,"played":[1.0,0.0],"evs":[0.0,-1.33325]},"T6s":{"weight":0.0,"played":[1.0,0.0],"evs":[0.0,-0.89545]},"T7s":{"weight":0.0,"played":[1.0,0.0],"evs":[0.0,-0.5695]},"T8s":{"weight":4.0E-4,"played":[1.0,0.0],"evs":[0.0,-0.26791]},"T9s":{"weight":0.4374,"played":[0.5472,0.4528],"evs":[0.0,-0.00538]},"TT":{"weight":0.8629,"played":[0.0,1.0],"evs":[0.0,4.67247]},"JTo":{"weight":0.237,"played":[1.0,0.0],"evs":[0.0,-0.19531]},"QTo":{"weight":0.7046,"played":[1.0,0.0],"evs":[0.0,-0.10107]},"KTo":{"weight":0.6676,"played":[0.9276,0.0724],"evs":[0.0,-0.02668]},"ATo":{"weight":0.0,"played":[0.0,1.0],"evs":[0.0,2.58056]},"J2s":{"weight":0.0,"played":[1.0,0.0],"evs":[0.0,-1.59301]},"J3s":{"weight":0.0,"played":[1.0,0.0],"evs":[0.0,-1.43812]},"J4s":{"weight":0.0,"played":[1.0,0.0],"evs":[0.0,-1.29099]},"J5s":{"weight":0.0,"played":[1.0,0.0],"evs":[0.0,-1.17902]},"J6s":{"weight":0.0,"played":[1.0,0.0],"evs":[0.0,-1.03094]},"J7s":{"weight":0.0,"played":[1.0,0.0],"evs":[0.0,-0.7533]},"J8s":{"weight":0.4985,"played":[1.0,0.0],"evs":[0.0,-0.40051]},"J9s":{"weight":0.9962,"played":[0.9986,0.0014],"evs":[0.0,-0.09034]},"JTs":{"weight":0.001,"played":[0.0,1.0],"evs":[0.0,0.42642]},"JJ":{"weight":1.0,"played":[0.0,1.0],"evs":[0.0,5.36322]},"QJo":{"weight":0.3613,"played":[0.9585,0.0415],"evs":[0.0,-0.03231]},"KJo":{"weight":0.0,"played":[0.0,1.0],"evs":[0.0,0.21198]},"AJo":{"weight":0.0,"played":[0.0,1.0],"evs":[0.0,3.34283]},"Q2s":{"weight":0.0,"played":[1.0,0.0],"evs":[0.0,-1.27017]},"Q3s":{"weight":0.0,"played":[1.0,0.0],"evs":[0.0,-1.14414]},"Q4s":{"weight":0.0,"played":[1.0,0.0],"evs":[0.0,-0.97834]},"Q5s":{"weight":0.0,"played":[1.0,0.0],"evs":[0.0,-0.89183]},"Q6s":{"weight":0.0,"played":[1.0,0.0],"evs":[0.0,-0.6964]},"Q7s":{"weight":0.0,"played":[1.0,0.0],"evs":[0.0,-0.64026]},"Q8s":{"weight":0.7221,"played":[1.0,0.0],"evs":[0.0,-0.27045]},"Q9s":{"weight":0.9858,"played":[0.8879,0.1121],"evs":[0.0,-0.01615]},"QTs":{"weight":0.0952,"played":[0.0,1.0],"evs":[0.0,0.54302]},"QJs":{"weight":0.0845,"played":[0.0,1.0],"evs":[0.0,0.56714]},"QQ":{"weight":1.0,"played":[0.0,1.0],"evs":[0.0,5.96149]},"KQo":{"weight":0.0,"played":[0.0,1.0],"evs":[0.0,0.51008]},"AQo":{"weight":0.0,"played":[0.0,1.0],"evs":[0.0,3.95884]},"K2s":{"weight":0.0,"played":[1.0,0.0],"evs":[0.0,-1.12697]},"K3s":{"weight":0.0,"played":[1.0,0.0],"evs":[0.0,-0.96774]},"K4s":{"weight":0.0,"played":[1.0,0.0],"evs":[0.0,-0.83589]},"K5s":{"weight":0.1815,"played":[1.0,0.0],"evs":[0.0,-0.631]},"K6s":{"weight":0.7365,"played":[1.0,0.0],"evs":[0.0,-0.48645]},"K7s":{"weight":1.0,"played":[1.0,0.0],"evs":[0.0,-0.33806]},"K8s":{"weight":1.0,"played":[1.0,0.0],"evs":[0.0,-0.23332]},"K9s":{"weight":0.5813,"played":[0.0056,0.9944],"evs":[0.0,0.04521]},"KTs":{"weight":0.2762,"played":[0.0,1.0],"evs":[0.0,0.62289]},"KJs":{"weight":0.2327,"played":[0.0,1.0],"evs":[0.0,0.82215]},"KQs":{"weight":0.0096,"played":[0.0,1.0],"evs":[0.0,1.12385]},"KK":{"weight":1.0,"played":[0.0,1.0],"evs":[0.0,6.58626]},"AKo":{"weight":0.114,"played":[0.0,1.0],"evs":[0.0,4.79253]},"A2s":{"weight":0.0,"played":[0.8755,0.1245],"evs":[0.0,-0.05402]},"A3s":{"weight":0.0,"played":[3.0E-4,0.9997],"evs":[0.0,0.09256]},"A4s":{"weight":0.0,"played":[0.0,1.0],"evs":[0.0,0.28916]},"A5s":{"weight":0.0,"played":[0.0,1.0],"evs":[0.0,0.56895]},"A6s":{"weight":0.0,"played":[0.0,1.0],"evs":[0.0,0.66257]},"A7s":{"weight":0.2787,"played":[0.0,1.0],"evs":[0.0,1.0854]},"A8s":{"weight":0.5372,"played":[0.0,1.0],"evs":[0.0,1.5957]},"A9s":{"weight":0.4195,"played":[0.0,1.0],"evs":[0.0,2.1407]},"ATs":{"weight":0.0349,"played":[0.0,1.0],"evs":[0.0,3.08372]},"AJs":{"weight":0.2226,"played":[0.0,1.0],"evs":[0.0,3.74026]},"AQs":{"weight":0.9993,"played":[0.0,1.0],"evs":[0.0,4.33235]},"AKs":{"weight":1.0,"played":[0.0,1.0],"evs":[0.0,5.10961]},"AA":{"weight":1.0,"played":[0.0,1.0],"evs":[0.0,9.38147]}}}