{"player":3,"street":0,"children":2,"sequence":[{"player":0,"type":"R","amount":200000,"street":0},{"player":1,"type":"F","amount":0,"street":0},{"player":2,"type":"C","amount":200000,"street":0},{"player":3,"type":"C","amount":200000,"street":0},{"player":4,"type":"F","amount":0,"street":0},{"player":5,"type":"R","amount":2335000,"street":0},{"player":0,"type":"R","amount":3605000,"street":0},{"player":2,"type":"F","amount":0,"street":0}],"actions":[{"type":"F","amount":0},{"type":"C","amount":3405000}],"hands":{"22":{"weight":0.9668,"played":[0.9958,0.0042],"evs":[0.0,-4.44348]},"32o":{"weight":0.0,"played":[1.0,0.0],"evs":[0.0,-11.08011]},"42o":{"weight":0.0,"played":[0.9999,1.0E-4],"evs":[0.0,-10.12857]},"52o":{"weight":0.0,"played":[1.0,0.0],"evs":[0.0,-8.49548]},"62o":{"weight":0.0,"played":[1.0,0.0],"evs":[0.0,-10.24659]},"72o":{"weight":0.0,"played":[1.0,0.0],"evs":[0.0,-12.15932]},"82o":{"weight":0.0,"played":[1.0,0.0],"evs":[0.0,-10.71667]},"92o":{"weight":0.0,"played":[1.0,0.0],"evs":[0.0,-8.02337]},"T2o":{"weight":0.0,"played":[0.9998,2.0E-4],"evs":[0.0,-9.84859]},"J2o":{"weight":0.0,"played":[1.0,0.0],"evs":[0.0,-12.0429]},"Q2o":{"weight":0.0,"played":[0.9999,1.0E-4],"evs":[0.0,-10.99491]},"K2o":{"weight":0.0,"played":[1.0,0.0],"evs":[0.0,-8.76139]},"A2o":{"weight":0.0,"played":[0.9997,3.0E-4],"evs":[0.0,-8.89013]},"32s":{"weight":0.0,"played":[0.9979,0.0021],"evs":[0.0,-7.91293]},"33":{"weight":0.995,"played":[0.9979,0.0021],"evs":[0.0,-2.59472]},"43o":{"weight":0.0,"played":[0.9999,1.0E-4],"evs":[0.0,-8.79512]},"53o":{"weight":0.0,"played":[0.9998,2.0E-4],"evs":[0.0,-9.19507]},"63o":{"weight":0.0,"played":[0.9999,1.0E-4],"evs":[0.0,-9.55065]},"73o":{"weight":0.0,"played":[1.0,0.0],"evs":[0.0,-10.00847]},"83o":{"weight":0.0,"played":[0.9993,7.0E-4],"evs":[0.0,-12.13181]},"93o":{"weight":0.0,"played":[0.9997,3.0E-4],"evs":[0.0,-8.28532]},"T3o":{"weight":0.0,"played":[1.0,0.0],"evs":[0.0,-8.24451]},"J3o":{"weight":0.0,"played":[0.9989,0.0011],"evs":[0.0,-9.70597]},"Q3o":{"weight":0.0,"played":[0.9996,4.0E-4],"evs":[0.0,-7.60446]},"K3o":{"weight":0.0,"played":[0.9998,2.0E-4],"evs":[0.0,-6.72735]},"A3o":{"weight":0.0,"played":[0.9994,6.0E-4],"evs":[0.0,-8.88212]},"42s":{"weight":0.0,"played":[0.9981,0.0019],"evs":[0.0,-10.97662]},"43s":{"weight":0.0,"played":[0.9957,0.0043],"evs":[0.0,-9.54913]},"44":{"weight":0.9886,"played":[0.9947,0.0053],"evs":[0.0,-3.98774]},"54o":{"weight":0.0,"played":[0.9993,7.0E-4],"evs":[0.0,-8.42552]},"64o":{"weight":0.0,"played":[1.0,0.0],"evs":[0.0,-8.63263]},"74o":{"weight":0.0,"played":[0.9994,6.0E-4],"evs":[0.0,-8.03729]},"84o":{"weight":0.0,"played":[1.0,0.0],"evs":[0.0,-9.29372]},"94o":{"weight":0.0,"played":[1.0,0.0],"evs":[0.0,-8.40501]},"T4o":{"weight":0.0,"played":[1.0,0.0],"evs":[0.0,-7.34251]},"J4o":{"weight":0.0,"played":[0.9977,0.0023],"evs":[0.0,-9.51311]},"Q4o":{"weight":0.0,"played":[1.0,0.0],"evs":[0.0,-8.40353]},"K4o":{"weight":0.0,"played":[1.0,0.0],"evs":[0.0,-8.12998]},"A4o":{"weight":0.0,"played":[0.9983,0.0017],"evs":[0.0,-11.0641]},"52s":{"weight":0.0,"played":[0.9993,7.0E-4],"evs":[0.0,-6.29932]},"53s":{"weight":0.0,"played":[0.9909,0.0091],"evs":[0.0,-4.6327]},"54s":{"weight":0.0,"played":[0.9989,0.0011],"evs":[0.0,-4.41108]},"55":{"weight":0.9943,"played":[0.9991,9.0E-4],"evs":[0.0,-3.20921]},"65o":{"weight":0.0,"played":[0.9992,8.0E-4],"evs":[0.0,-7.44763]},"75o":{"weight":0.0,"played":[0.998,0.002],"evs":[0.0,-8.91261]},"85o":{"weight":0.0,"played":[0.9999,1.0E-4],"evs":[0.0,-8.86804]},"95o":{"weight":0.0,"played":[1.0,0.0],"evs":[0.0,-6.36654]},"T5o":{"weight":0.0,"played":[0.9999,1.0E-4],"evs":[0.0,-9.17813]},"J5o":{"weight":0.0,"played":[0.9999,1.0E-4],"evs":[0.0,-9.98404]},"Q5o":{"weight":0.0,"played":[0.9993,7.0E-4],"evs":[0.0,-9.49531]},"K5o":{"weight":0.0,"played":[0.9996,4.0E-4],"evs":[0.0,-9.15059]},"A5o":{"weight":0.0,"played":[0.9994,6.0E-4],"evs":[0.0,-8.10195]},"62s":{"weight":0.0,"played":[1.0,0.0],"evs":[0.0,-10.43284]},"63s":{"weight":0.0,"played":[0.9986,0.0014],"evs":[0.0,-7.30741]},"64s":{"weight":0.0,"played":[0.9985,0.0015],"evs":[0.0,-5.85265]},"65s":{"weight":0.3572,"played":[0.9988,0.0012],"evs":[0.0,-5.68889]},"66":{"weight":0.975,"played":[0.9916,0.0084],"evs":[0.0,-2.44131]},"76o":{"weight":0.0,"played":[0.9999,1.0E-4],"evs":[0.0,-7.02546]},"86o":{"weight":0.0,"played":[0.9994,6.0E-4],"evs":[0.0,-8.0596]},"96o":{"weight":0.0,"played":[0.9999,1.0E-4],"evs":[0.0,-6.59424]},"T6o":{"weight":0.0,"played":[0.9991,9.0E-4],"evs":[0.0,-7.90131]},"J6o":{"weight":0.0,"played":[0.9983,0.0017],"evs":[0.0,-7.13016]},"Q6o":{"weight":0.0,"played":[0.9997,3.0E-4],"evs":[0.0,-8.40941]},"K6o":{"weight":0.0,"played":[0.9997,3.0E-4],"evs":[0.0,-7.5719]},"A6o":{"weight":0.0,"played":[0.9954,0.0046],"evs":[0.0,-7.68491]},"72s":{"weight":0.0,"played":[0.9997,3.0E-4],"evs":[0.0,-6.85077]},"73s":{"weight":0.0,"played":[0.9954,0.0046],"evs":[0.0,-8.79818]},"74s":{"weight":0.0,"played":[0.9975,0.0025],"evs":[0.0,-8.84307]},"75s":{"weight":0.0,"played":[0.9331,0.0669],"evs":[0.0,-3.76148]},"76s":{"weight":0.0037,"played":[0.9716,0.0284],"evs":[0.0,-3.90741]},"77":{"weight":0.9986,"played":[0.5555,0.4445],"evs":[0.0,-1.19369]},"87o":{"weight":0.0,"played":[0.999,0.001],"evs":[0.0,-6.43747]},"97o":{"weight":0.0,"played":[0.9998,2.0E-4],"evs":[0.0,-7.75218]},"T7o":{"weight":0.0,"played":[0.9952,0.0048],"evs":[0.0,-5.42622]},"J7o":{"weight":0.0,"played":[1.0,0.0],"evs":[0.0,-6.79334]},"Q7o":{"weight":0.0,"played":[0.9979,0.0021],"evs":[0.0,-8.00209]},"K7o":{"weight":0.0,"played":[0.9955,0.0045],"evs":[0.0,-6.28236]},"A7o":{"weight":0.0,"played":[0.9976,0.0024],"evs":[0.0,-10.09859]},"82s":{"weight":0.0,"played":[0.9993,7.0E-4],"evs":[0.0,-7.62815]},"83s":{"weight":0.0,"played":[0.9998,2.0E-4],"evs":[0.0,-7.18419]},"84s":{"weight":0.0,"played":[0.9991,9.0E-4],"evs":[0.0,-5.50441]},"85s":{"weight":0.0,"played":[0.9999,1.0E-4],"evs":[0.0,-5.64145]},"86s":{"weight":0.0,"played":[0.9985,0.0015],"evs":[0.0,-0.55702]},"87s":{"weight":0.3443,"played":[1.0,0.0],"evs":[0.0,-4.3793]},"88":{"weight":0.0936,"played":[0.1081,0.8919],"evs":[0.0,2.24271]},"98o":{"weight":0.0,"played":[0.9987,0.0013],"evs":[0.0,-6.18219]},"T8o":{"weight":0.0,"played":[0.9981,0.0019],"evs":[0.0,-7.25871]},"J8o":{"weight":0.0,"played":[0.9982,0.0018],"evs":[0.0,-6.18889]},"Q8o":{"weight":0.0,"played":[0.9956,0.0044],"evs":[0.0,-7.30279]},"K8o":{"weight":0.0,"played":[1.0,0.0],"evs":[0.0,-6.60775]},"A8o":{"weight":0.0,"played":[0.993,0.007],"evs":[0.0,-10.61562]},"92s":{"weight":0.0,"played":[0.9985,0.0015],"evs":[0.0,-6.49088]},"93s":{"weight":0.0,"played":[0.995,0.005],"evs":[0.0,-6.17858]},"94s":{"weight":0.0,"played":[0.9995,5.0E-4],"evs":[0.0,-6.70948]},"95s":{"weight":0.0,"played":[0.9995,5.0E-4],"evs":[0.0,-7.53957]},"96s":{"weight":0.0,"played":[0.9885,0.0115],"evs":[0.0,-4.6938]},"97s":{"weight":0.1446,"played":[0.9863,0.0137],"evs":[0.0,-2.13246]},"98s":{"weight":0.3947,"played":[0.9971,0.0029],"evs":[0.0,-4.23423]},"99":{"weight":7.0E-4,"played":[0.1649,0.8351],"evs":[0.0,5.62669]},"T9o":{"weight":0.0,"played":[0.9982,0.0018],"evs":[0.0,-4.2419]},"J9o":{"weight":0.0,"played":[0.9958,0.0042],"evs":[0.0,-5.07414]},"Q9o":{"weight":0.0,"played":[0.9998,2.0E-4],"evs":[0.0,-6.5286]},"K9o":{"weight":0.0,"played":[1.0,0.0],"evs":[0.0,-4.75865]},"A9o":{"weight":0.4274,"played":[0.9971,0.0029],"evs":[0.0,-6.41142]},"T2s":{"weight":0.0,"played":[0.99,0.01],"evs":[0.0,-6.66633]},"T3s":{"weight":0.0,"played":[1.0,0.0],"evs":[0.0,-6.57014]},"T4s":{"weight":0.0,"played":[0.8771,0.1229],"evs":[0.0,-5.81543]},"T5s":{"weight":0.0,"played":[0.994,0.006],"evs":[0.0,-6.79394]},"T6s":{"weight":0.0,"played":[0.638,0.362],"evs":[0.0,-2.13589]},"T7s":{"weight":0.0,"played":[0.9998,2.0E-4],"evs":[0.0,-6.88092]},"T8s":{"weight":0.0,"played":[0.8566,0.1434],"evs":[0.0,-1.99325]},"T9s":{"weight":0.1679,"played":[0.9552,0.0448],"evs":[0.0,-3.79787]},"TT":{"weight":4.0E-4,"played":[1.0E-4,0.9999],"evs":[0.0,5.3984]},"JTo":{"weight":0.0,"played":[0.9978,0.0022],"evs":[0.0,-3.95159]},"QTo":{"weight":0.0,"played":[0.9999,1.0E-4],"evs":[0.0,-3.32729]},"KTo":{"weight":0.0,"played":[0.9985,0.0015],"evs":[0.0,-6.12137]},"ATo":{"weight":0.0454,"played":[0.9994,6.0E-4],"evs":[0.0,-5.79105]},"J2s":{"weight":0.0,"played":[0.9955,0.0045],"evs":[0.0,-6.63135]},"J3s":{"weight":0.0,"played":[0.9962,0.0038],"evs":[0.0,-6.39944]},"J4s":{"weight":0.0,"played":[0.9668,0.0332],"evs":[0.0,-5.91253]},"J5s":{"weight":0.0,"played":[0.971,0.029],"evs":[0.0,-4.66432]},"J6s":{"weight":0.0,"played":[0.9504,0.0496],"evs":[0.0,-4.6458]},"J7s":{"weight":1.0E-4,"played":[0.9912,0.0088],"evs":[0.0,-1.65319]},"J8s":{"weight":0.0,"played":[0.986,0.014],"evs":[0.0,-2.72209]},"J9s":{"weight":0.2146,"played":[0.9885,0.0115],"evs":[0.0,-3.29408]},"JTs":{"weight":0.0607,"played":[0.8409,0.1591],"evs":[0.0,-2.90224]},"JJ":{"weight":3.0E-4,"played":[2.0E-4,0.9998],"evs":[0.0,8.96913]},"QJo":{"weight":0.0,"played":[0.9978,0.0022],"evs":[0.0,-5.16956]},"KJo":{"weight":0.3286,"played":[0.9998,2.0E-4],"evs":[0.0,-4.20124]},"AJo":{"weight":0.2548,"played":[0.9887,0.0113],"evs":[0.0,-3.59609]},"Q2s":{"weight":0.0,"played":[0.9996,4.0E-4],"evs":[0.0,-6.35057]},"Q3s":{"weight":0.0,"played":[0.9833,0.0167],"evs":[0.0,-8.11856]},"Q4s":{"weight":0.0,"played":[0.9981,0.0019],"evs":[0.0,-8.93936]},"Q5s":{"weight":0.0,"played":[0.9988,0.0012],"evs":[0.0,-8.83901]},"Q6s":{"weight":0.0,"played":[0.956,0.044],"evs":[0.0,-3.83769]},"Q7s":{"weight":0.0,"played":[1.0,0.0],"evs":[0.0,-3.78145]},"Q8s":{"weight":0.0,"played":[0.8466,0.1534],"evs":[0.0,-2.32819]},"Q9s":{"weight":0.0014,"played":[0.9554,0.0446],"evs":[0.0,-1.45654]},"QTs":{"weight":0.5933,"played":[0.8004,0.1996],"evs":[0.0,0.05426]},"QJs":{"weight":0.9983,"played":[0.6839,0.3161],"evs":[0.0,-0.91136]},"QQ":{"weight":0.0024,"played":[0.0046,0.9954],"evs":[0.0,15.26369]},"KQo":{"weight":0.5992,"played":[0.9498,0.0502],"evs":[0.0,-3.42559]},"AQo":{"weight":0.0262,"played":[0.637,0.363],"evs":[0.0,-0.47938]},"K2s":{"weight":0.0,"played":[0.9997,3.0E-4],"evs":[0.0,-4.33772]},"K3s":{"weight":0.0,"played":[1.0,0.0],"evs":[0.0,-2.58693]},"K4s":{"weight":7.0E-4,"played":[0.9927,0.0073],"evs":[0.0,-4.43664]},"K5s":{"weight":0.0,"played":[0.9706,0.0294],"evs":[0.0,-5.99509]},"K6s":{"weight":5.0E-4,"played":[0.9991,9.0E-4],"evs":[0.0,-3.63362]},"K7s":{"weight":0.0,"played":[0.9743,0.0257],"evs":[0.0,-5.2745]},"K8s":{"weight":3.0E-4,"played":[0.997,0.003],"evs":[0.0,-0.98443]},"K9s":{"weight":1.0E-4,"played":[0.9584,0.0416],"evs":[0.0,-6.14003]},"KTs":{"weight":0.8824,"played":[0.8078,0.1922],"evs":[0.0,-0.91882]},"KJs":{"weight":0.0663,"played":[0.9951,0.0049],"evs":[0.0,-2.92783]},"KQs":{"weight":0.1281,"played":[0.3831,0.6169],"evs":[0.0,0.59528]},"KK":{"weight":0.0,"played":[3.0E-4,0.9997],"evs":[0.0,20.60482]},"AKo":{"weight":0.0,"played":[9.0E-4,0.9991],"evs":[0.0,2.21131]},"A2s":{"weight":0.5583,"played":[0.9975,0.0025],"evs":[0.0,-7.14108]},"A3s":{"weight":0.6455,"played":[0.9834,0.0166],"evs":[0.0,-7.6075]},"A4s":{"weight":0.6797,"played":[0.9906,0.0094],"evs":[0.0,-4.75202]},"A5s":{"weight":0.1725,"played":[0.9849,0.0151],"evs":[0.0,-5.60875]},"A6s":{"weight":0.3369,"played":[0.999,0.001],"evs":[0.0,-7.00486]},"A7s":{"weight":0.1536,"played":[0.9966,0.0034],"evs":[0.0,-7.52466]},"A8s":{"weight":0.1282,"played":[0.9975,0.0025],"evs":[0.0,-4.30468]},"A9s":{"weight":0.5054,"played":[0.9502,0.0498],"evs":[0.0,-4.79945]},"ATs":{"weight":0.2519,"played":[0.885,0.115],"evs":[0.0,-2.35043]},"AJs":{"weight":0.0452,"played":[0.5556,0.4444],"evs":[0.0,-1.16189]},"AQs":{"weight":0.3024,"played":[0.797,0.203],"evs":[0.0,0.33742]},"AKs":{"weight":0.0034,"played":[0.0014,0.9986],"evs":[0.0,7.20868]},"AA":{"weight":0.0099,"played":[0.0,1.0],"evs":[0.0,27.05436]}}}