{"player":0,"street":0,"children":3,"sequence":[{"player":0,"type":"R","amount":200000,"street":0},{"player":1,"type":"F","amount":0,"street":0},{"player":2,"type":"C","amount":200000,"street":0},{"player":3,"type":"C","amount":200000,"street":0},{"player":4,"type":"R","amount":1345000,"street":0},{"player":5,"type":"F","amount":0,"street":0}],"actions":[{"type":"F","amount":0,"node":244},{"type":"C","amount":1145000,"node":249},{"type":"R","amount":3605000,"node":256}],"hands":{"22":{"weight":0.9786,"played":[0.9935,1.0E-4,0.0064],"evs":[0.0,-1.64677,-1.76463]},"32o":{"weight":0.0,"played":[1.0,0.0,0.0],"evs":[0.0,-4.19936,-4.75402]},"42o":{"weight":0.0,"played":[0.9999,0.0,1.0E-4],"evs":[0.0,-3.0134,-3.9206]},"52o":{"weight":0.0,"played":[0.9995,0.0,4.0E-4],"evs":[0.0,-3.3213,-3.18844]},"62o":{"weight":0.0,"played":[0.9999,0.0,1.0E-4],"evs":[0.0,-4.11568,-4.56943]},"72o":{"weight":0.0,"played":[1.0,0.0,0.0],"evs":[0.0,-3.62923,-3.85894]},"82o":{"weight":0.0,"played":[0.9998,0.0,2.0E-4],"evs":[0.0,-3.00633,-2.88586]},"92o":{"weight":0.0,"played":[0.9997,2.0E-4,0.0],"evs":[0.0,-3.74327,-3.94748]},"T2o":{"weight":0.0,"played":[0.9999,0.0,1.0E-4],"evs":[0.0,-3.97649,-5.07315]},"J2o":{"weight":0.0,"played":[0.9991,3.0E-4,6.0E-4],"evs":[0.0,-3.89942,-3.773]},"Q2o":{"weight":0.0,"played":[0.9999,0.0,1.0E-4],"evs":[0.0,-3.78355,-3.45867]},"K2o":{"weight":0.0,"played":[0.9992,0.0,8.0E-4],"evs":[0.0,-4.0319,-3.95791]},"A2o":{"weight":0.0,"played":[0.9997,2.0E-4,1.0E-4],"evs":[0.0,-3.00537,-2.56974]},"32s":{"weight":0.0,"played":[0.9357,0.0,0.0643],"evs":[0.0,-2.1438,-2.02599]},"33":{"weight":1.0,"played":[0.7994,0.151,0.0496],"evs":[0.0,-1.14936,-1.55412]},"43o":{"weight":0.0,"played":[0.9992,0.0,7.0E-4],"evs":[0.0,-3.25435,-3.1639]},"53o":{"weight":0.0,"played":[0.9991,3.0E-4,6.0E-4],"evs":[0.0,-3.94393,-4.16773]},"63o":{"weight":0.0,"played":[0.9998,1.0E-4,1.0E-4],"evs":[0.0,-2.31305,-2.35648]},"73o":{"weight":0.0,"played":[0.9995,0.0,5.0E-4],"evs":[0.0,-3.58763,-3.40561]},"83o":{"weight":0.0,"played":[0.9995,0.0,5.0E-4],"evs":[0.0,-3.7215,-3.59572]},"93o":{"weight":0.0,"played":[0.9998,0.0,2.0E-4],"evs":[0.0,-3.74323,-3.91678]},"T3o":{"weight":0.0,"played":[0.9999,0.0,1.0E-4],"evs":[0.0,-3.59069,-3.60348]},"J3o":{"weight":0.0,"played":[0.9997,1.0E-4,2.0E-4],"evs":[0.0,-3.53839,-4.49816]},"Q3o":{"weight":0.0,"played":[0.9998,0.0,2.0E-4],"evs":[0.0,-4.27688,-4.41312]},"K3o":{"weight":0.0,"played":[1.0,0.0,0.0],"evs":[0.0,-3.56315,-3.23651]},"A3o":{"weight":0.0,"played":[0.998,2.0E-4,0.0017],"evs":[0.0,-2.77952,-2.32429]},"42s":{"weight":0.0,"played":[0.9992,0.0,8.0E-4],"evs":[0.0,-2.52485,-3.17223]},"43s":{"weight":0.0,"played":[0.9852,0.0032,0.0116],"evs":[0.0,-2.94569,-2.80635]},"44":{"weight":1.0,"played":[0.4171,0.1251,0.4578],"evs":[0.0,-0.34751,-0.01723]},"54o":{"weight":0.0,"played":[0.9989,0.0,0.0011],"evs":[0.0,-1.88792,-1.75901]},"64o":{"weight":0.0,"played":[1.0,0.0,0.0],"evs":[0.0,-2.3583,-2.24605]},"74o":{"weight":0.0,"played":[0.9991,2.0E-4,7.0E-4],"evs":[0.0,-2.61857,-2.49606]},"84o":{"weight":0.0,"played":[0.9982,0.0,0.0017],"evs":[0.0,-3.6384,-3.02238]},"94o":{"weight":0.0,"played":[0.9991,0.0,8.0E-4],"evs":[0.0,-3.51574,-3.29323]},"T4o":{"weight":0.0,"played":[0.9996,1.0E-4,4.0E-4],"evs":[0.0,-3.26841,-3.36017]},"J4o":{"weight":0.0,"played":[0.9995,4.0E-4,1.0E-4],"evs":[0.0,-3.81257,-4.58417]},"Q4o":{"weight":0.0,"played":[0.9999,0.0,0.0],"evs":[0.0,-4.10547,-4.25973]},"K4o":{"weight":0.0,"played":[0.9998,2.0E-4,0.0],"evs":[0.0,-2.75499,-2.91004]},"A4o":{"weight":0.0,"played":[0.9981,0.0014,5.0E-4],"evs":[0.0,-1.7573,-1.87062]},"52s":{"weight":0.0,"played":[0.9919,0.0,0.0081],"evs":[0.0,-3.10686,-3.05864]},"53s":{"weight":0.0,"played":[0.9974,1.0E-4,0.0025],"evs":[0.0,-2.79508,-3.13493]},"54s":{"weight":0.0,"played":[1.0,0.0,0.0],"evs":[0.0,-1.65454,-0.60518]},"55":{"weight":1.0,"played":[0.0135,0.057,0.9295],"evs":[0.0,0.45218,0.82573]},"65o":{"weight":0.0,"played":[0.9988,4.0E-4,8.0E-4],"evs":[0.0,-1.72565,-1.90116]},"75o":{"weight":0.0,"played":[0.9937,0.0022,0.0041],"evs":[0.0,-2.40251,-2.18913]},"85o":{"weight":0.0,"played":[1.0,0.0,0.0],"evs":[0.0,-2.59924,-2.37343]},"95o":{"weight":0.0,"played":[1.0,0.0,0.0],"evs":[0.0,-2.27896,-2.3807]},"T5o":{"weight":0.0,"played":[0.9997,0.0,3.0E-4],"evs":[0.0,-3.51393,-3.25683]},"J5o":{"weight":0.0,"played":[0.9997,0.0,3.0E-4],"evs":[0.0,-3.65447,-4.04841]},"Q5o":{"weight":0.0,"played":[0.9996,1.0E-4,3.0E-4],"evs":[0.0,-3.49376,-3.69084]},"K5o":{"weight":0.0,"played":[0.9992,0.0,8.0E-4],"evs":[0.0,-2.92533,-2.46615]},"A5o":{"weight":0.0,"played":[0.9808,4.0E-4,0.0188],"evs":[0.0,-1.21067,-0.75434]},"62s":{"weight":0.0,"played":[0.9989,4.0E-4,6.0E-4],"evs":[0.0,-1.18914,-1.69676]},"63s":{"weight":0.0,"played":[0.9981,0.0,0.0019],"evs":[0.0,-2.06856,-1.44634]},"64s":{"weight":0.0,"played":[0.8663,0.0334,0.1003],"evs":[0.0,-0.80251,-1.27299]},"65s":{"weight":0.0,"played":[0.5258,0.3397,0.1345],"evs":[0.0,-0.94073,-1.36483]},"66":{"weight":1.0,"played":[3.0E-4,0.4413,0.5584],"evs":[0.0,2.97529,3.15378]},"76o":{"weight":0.0,"played":[0.9991,1.0E-4,9.0E-4],"evs":[0.0,-1.18817,-1.0565]},"86o":{"weight":0.0,"played":[1.0,0.0,0.0],"evs":[0.0,-1.36308,-1.22747]},"96o":{"weight":0.0,"played":[0.9975,3.0E-4,0.0023],"evs":[0.0,-1.75211,-1.76539]},"T6o":{"weight":0.0,"played":[0.9993,0.0,7.0E-4],"evs":[0.0,-2.59563,-2.53969]},"J6o":{"weight":0.0,"played":[0.9911,1.0E-4,0.0088],"evs":[0.0,-2.58078,-2.4331]},"Q6o":{"weight":0.0,"played":[0.9992,4.0E-4,4.0E-4],"evs":[0.0,-3.24046,-3.4792]},"K6o":{"weight":0.0,"played":[0.9997,1.0E-4,3.0E-4],"evs":[0.0,-1.91664,-2.04393]},"A6o":{"weight":0.0,"played":[0.9989,1.0E-4,0.001],"evs":[0.0,-0.66029,-1.33527]},"72s":{"weight":0.0,"played":[0.9983,0.0,0.0017],"evs":[0.0,-2.7936,-3.38835]},"73s":{"weight":0.0,"played":[0.7937,0.0,0.2063],"evs":[0.0,-1.44584,-1.75046]},"74s":{"weight":0.0,"played":[0.9957,0.0039,4.0E-4],"evs":[0.0,-1.89254,-2.19298]},"75s":{"weight":0.0,"played":[0.3692,0.1946,0.4362],"evs":[0.0,-0.81338,-0.55121]},"76s":{"weight":0.9977,"played":[0.2008,0.4281,0.3711],"evs":[0.0,0.91219,0.7942]},"77":{"weight":1.0,"played":[1.0E-4,0.3332,0.6667],"evs":[0.0,4.52889,5.21292]},"87o":{"weight":0.0,"played":[0.8063,1.0E-4,0.1937],"evs":[0.0,-0.59391,-0.36973]},"97o":{"weight":0.0,"played":[0.9999,0.0,1.0E-4],"evs":[0.0,-0.91115,-1.00076]},"T7o":{"weight":0.0,"played":[0.9992,2.0E-4,6.0E-4],"evs":[0.0,-1.02085,-1.07295]},"J7o":{"weight":0.0,"played":[0.9981,0.0,0.0019],"evs":[0.0,-2.98199,-3.02045]},"Q7o":{"weight":0.0,"played":[0.9996,3.0E-4,2.0E-4],"evs":[0.0,-2.85615,-1.87565]},"K7o":{"weight":0.0,"played":[0.9996,1.0E-4,3.0E-4],"evs":[0.0,-2.27058,-2.31911]},"A7o":{"weight":1.0E-4,"played":[0.7461,0.1502,0.1038],"evs":[0.0,-0.7304,-0.88193]},"82s":{"weight":0.0,"played":[0.955,0.0,0.0449],"evs":[0.0,-3.4525,-2.21489]},"83s":{"weight":0.0,"played":[1.0,0.0,0.0],"evs":[0.0,-2.85397,-2.22014]},"84s":{"weight":0.0,"played":[0.5443,0.0015,0.4542],"evs":[0.0,-0.74825,-0.05471]},"85s":{"weight":0.0,"played":[0.9098,0.022,0.0682],"evs":[0.0,-1.73026,-1.06822]},"86s":{"weight":0.0,"played":[0.3124,0.0021,0.6855],"evs":[0.0,-0.52279,0.12481]},"87s":{"weight":0.9999,"played":[0.3445,0.2577,0.3979],"evs":[0.0,-0.13832,-0.23093]},"88":{"weight":1.0,"played":[0.0,0.5651,0.4349],"evs":[0.0,7.02334,6.95768]},"98o":{"weight":0.0,"played":[0.5014,0.0551,0.4434],"evs":[0.0,-0.48289,-0.10284]},"T8o":{"weight":0.0,"played":[0.9859,2.0E-4,0.0139],"evs":[0.0,-1.619,-1.28082]},"J8o":{"weight":0.0,"played":[0.9982,7.0E-4,0.0011],"evs":[0.0,-1.4777,-1.29951]},"Q8o":{"weight":0.0,"played":[0.9898,0.0028,0.0074],"evs":[0.0,-1.04946,-0.71669]},"K8o":{"weight":0.0,"played":[0.9991,0.0,8.0E-4],"evs":[0.0,-1.86743,-1.70623]},"A8o":{"weight":1.0,"played":[0.9795,9.0E-4,0.0196],"evs":[0.0,-0.63346,-0.22869]},"92s":{"weight":0.0,"played":[0.996,3.0E-4,0.0037],"evs":[0.0,-3.49579,-3.52065]},"93s":{"weight":0.0,"played":[0.9931,0.0017,0.0052],"evs":[0.0,-2.63776,-2.23885]},"94s":{"weight":0.0,"played":[0.9975,0.0025,0.0],"evs":[0.0,-2.86408,-1.97506]},"95s":{"weight":0.0,"played":[0.928,0.0,0.072],"evs":[0.0,-2.67248,-2.09355]},"96s":{"weight":0.0,"played":[0.8901,0.0013,0.1086],"evs":[0.0,-2.1128,-1.288]},"97s":{"weight":0.9507,"played":[0.1144,0.3781,0.5075],"evs":[0.0,1.17748,1.2104]},"98s":{"weight":1.0,"played":[0.0225,0.3185,0.6591],"evs":[0.0,1.13649,1.21335]},"99":{"weight":0.9994,"played":[0.0,0.2424,0.7576],"evs":[0.0,6.75706,6.90536]},"T9o":{"weight":0.0,"played":[0.2965,0.2666,0.4368],"evs":[0.0,0.45386,0.23382]},"J9o":{"weight":0.0,"played":[0.999,0.0,0.001],"evs":[0.0,-1.35076,-1.25655]},"Q9o":{"weight":0.0,"played":[0.9969,0.0019,0.0012],"evs":[0.0,-0.75604,-0.63518]},"K9o":{"weight":0.0,"played":[0.997,3.0E-4,0.0026],"evs":[0.0,-1.09901,-0.97143]},"A9o":{"weight":1.0,"played":[1.0E-4,0.1886,0.8113],"evs":[0.0,0.47631,0.46961]},"T2s":{"weight":0.0,"played":[0.9996,3.0E-4,1.0E-4],"evs":[0.0,-2.56595,-2.5039]},"T3s":{"weight":0.0,"played":[0.9721,1.0E-4,0.0278],"evs":[0.0,-2.43609,-2.13656]},"T4s":{"weight":0.0,"played":[0.9612,0.0046,0.0342],"evs":[0.0,-2.35793,-1.87149]},"T5s":{"weight":0.0,"played":[0.9916,0.0,0.0084],"evs":[0.0,-1.97313,-1.36346]},"T6s":{"weight":0.0,"played":[0.7037,0.1012,0.1951],"evs":[0.0,-0.59738,-0.57766]},"T7s":{"weight":0.0,"played":[0.7968,0.1505,0.0527],"evs":[0.0,0.04583,0.12397]},"T8s":{"weight":1.0,"played":[0.0023,0.0,0.9977],"evs":[0.0,0.79988,1.34005]},"T9s":{"weight":1.0,"played":[0.005,0.0725,0.9225],"evs":[0.0,0.75221,1.03453]},"TT":{"weight":1.0,"played":[0.0,0.2147,0.7853],"evs":[0.0,7.57833,7.85757]},"JTo":{"weight":0.2733,"played":[0.9559,0.0,0.044],"evs":[0.0,-1.38416,-1.34688]},"QTo":{"weight":0.9097,"played":[0.5441,0.4552,7.0E-4],"evs":[0.0,-0.93634,-1.27123]},"KTo":{"weight":1.0,"played":[0.9821,0.0164,0.0015],"evs":[0.0,-0.91382,-0.83578]},"ATo":{"weight":1.0,"played":[0.0201,0.1341,0.8458],"evs":[0.0,1.68859,1.86486]},"J2s":{"weight":0.0,"played":[0.9842,0.0,0.0158],"evs":[0.0,-3.18687,-3.14458]},"J3s":{"weight":0.0,"played":[0.9984,0.0013,4.0E-4],"evs":[0.0,-3.07557,-2.54617]},"J4s":{"weight":0.0,"played":[0.9996,0.0,4.0E-4],"evs":[0.0,-2.99555,-2.24777]},"J5s":{"weight":0.0,"played":[0.8007,0.0193,0.18],"evs":[0.0,-1.33771,-0.62975]},"J6s":{"weight":0.0,"played":[0.067,0.0929,0.8401],"evs":[0.0,0.00797,0.01097]},"J7s":{"weight":0.0,"played":[0.9976,0.0,0.0024],"evs":[0.0,-1.40835,-0.9719]},"J8s":{"weight":0.9965,"played":[0.1832,0.4661,0.3507],"evs":[0.0,0.63201,0.34822]},"J9s":{"weight":1.0,"played":[0.0595,0.0154,0.9251],"evs":[0.0,1.16951,1.59322]},"JTs":{"weight":0.9997,"played":[0.1475,0.4965,0.356],"evs":[0.0,0.03783,0.09463]},"JJ":{"weight":1.0,"played":[0.0,0.5977,0.4023],"evs":[0.0,10.60578,10.62624]},"QJo":{"weight":1.0,"played":[0.6988,0.1541,0.1471],"evs":[0.0,-0.34317,-0.40775]},"KJo":{"weight":1.0,"played":[0.8645,0.0735,0.0619],"evs":[0.0,-0.15202,-0.50015]},"AJo":{"weight":1.0,"played":[5.0E-4,0.4508,0.5487],"evs":[0.0,2.11536,2.09122]},"Q2s":{"weight":0.0,"played":[0.9116,0.0113,0.0771],"evs":[0.0,-2.49805,-2.29305]},"Q3s":{"weight":0.0,"played":[0.9991,3.0E-4,6.0E-4],"evs":[0.0,-1.50655,-1.89108]},"Q4s":{"weight":0.0,"played":[0.9969,2.0E-4,0.0029],"evs":[0.0,-2.04231,-1.31535]},"Q5s":{"weight":0.0,"played":[0.995,0.0011,0.0039],"evs":[0.0,-1.18385,-1.44231]},"Q6s":{"weight":0.0,"played":[0.7604,0.142,0.0975],"evs":[0.0,-0.59096,-1.07441]},"Q7s":{"weight":0.0,"played":[0.8483,0.0,0.1517],"evs":[0.0,-1.84404,-0.2009]},"Q8s":{"weight":0.9989,"played":[0.0941,0.2924,0.6135],"evs":[0.0,0.87843,0.68335]},"Q9s":{"weight":1.0,"played":[0.1304,0.7571,0.1125],"evs":[0.0,0.8749,-0.0281]},"QTs":{"weight":1.0,"played":[0.1633,0.2988,0.5379],"evs":[0.0,0.87214,0.862]},"QJs":{"weight":1.0,"played":[4.0E-4,0.7699,0.2297],"evs":[0.0,1.13077,1.10047]},"QQ":{"weight":1.0,"played":[0.0,0.8102,0.1898],"evs":[0.0,12.82353,12.7978]},"KQo":{"weight":0.9998,"played":[0.0146,0.5904,0.395],"evs":[0.0,1.55026,1.48282]},"AQo":{"weight":1.0,"played":[0.0,0.2046,0.7954],"evs":[0.0,3.05395,3.24084]},"K2s":{"weight":0.0,"played":[0.9763,1.0E-4,0.0236],"evs":[0.0,-1.93199,-1.06653]},"K3s":{"weight":0.0,"played":[0.9442,0.012,0.0438],"evs":[0.0,-1.58328,-0.92316]},"K4s":{"weight":0.0,"played":[0.1371,0.3541,0.5089],"evs":[0.0,0.20281,0.00205]},"K5s":{"weight":2.0E-4,"played":[0.8509,0.0,0.1491],"evs":[0.0,-1.42301,-0.60194]},"K6s":{"weight":0.9562,"played":[0.9999,0.0,1.0E-4],"evs":[0.0,-1.39966,-1.1237]},"K7s":{"weight":1.0,"played":[0.6068,0.2511,0.1422],"evs":[0.0,-0.55723,-0.43318]},"K8s":{"weight":1.0,"played":[0.1834,0.1681,0.6485],"evs":[0.0,0.61889,0.55848]},"K9s":{"weight":1.0,"played":[0.1568,0.2994,0.5438],"evs":[0.0,0.54459,0.41151]},"KTs":{"weight":0.9998,"played":[0.0657,0.0235,0.9108],"evs":[0.0,1.24634,1.44827]},"KJs":{"weight":1.0,"played":[0.003,0.4627,0.5343],"evs":[0.0,1.20286,1.46958]},"KQs":{"weight":1.0,"played":[0.0011,0.8657,0.1331],"evs":[0.0,1.51409,1.30515]},"KK":{"weight":1.0,"played":[0.0,0.2588,0.7412],"evs":[0.0,15.56973,15.90959]},"AKo":{"weight":0.999,"played":[0.0,0.4821,0.5179],"evs":[0.0,5.58544,5.66242]},"A2s":{"weight":1.0,"played":[0.2683,0.0433,0.6885],"evs":[0.0,-0.03014,0.5374]},"A3s":{"weight":1.0,"played":[0.9797,0.0104,0.0098],"evs":[0.0,-1.2912,-1.4696]},"A4s":{"weight":1.0,"played":[0.2291,0.0865,0.6844],"evs":[0.0,0.60672,0.79071]},"A5s":{"weight":1.0,"played":[0.0659,0.3394,0.5947],"evs":[0.0,0.64274,0.8194]},"A6s":{"weight":1.0,"played":[0.3418,0.0015,0.6566],"evs":[0.0,-0.56186,-0.21397]},"A7s":{"weight":1.0,"played":[0.0929,0.1507,0.7564],"evs":[0.0,0.5556,0.89189]},"A8s":{"weight":1.0,"played":[0.3065,0.4645,0.229],"evs":[0.0,0.16192,0.12722]},"A9s":{"weight":1.0,"played":[0.0049,0.8862,0.1088],"evs":[0.0,3.18889,2.54056]},"ATs":{"weight":1.0,"played":[0.0018,0.8421,0.156],"evs":[0.0,2.55481,2.2049]},"AJs":{"weight":1.0,"played":[0.0,0.5316,0.4684],"evs":[0.0,4.31231,4.18682]},"AQs":{"weight":1.0,"played":[0.0,0.1466,0.8534],"evs":[0.0,4.85897,5.03743]},"AKs":{"weight":1.0,"played":[0.0,0.3152,0.6848],"evs":[0.0,6.53378,7.28376]},"AA":{"weight":1.0,"played":[0.0,0.0092,0.9908],"evs":[0.0,19.26415,19.49757]}}}