{"player":3,"street":0,"children":2,"sequence":[{"player":0,"type":"R","amount":200000,"street":0},{"player":1,"type":"F","amount":0,"street":0},{"player":2,"type":"C","amount":200000,"street":0},{"player":3,"type":"C","amount":200000,"street":0},{"player":4,"type":"R","amount":1345000,"street":0},{"player":5,"type":"F","amount":0,"street":0},{"player":0,"type":"F","amount":0,"street":0},{"player":2,"type":"F","amount":0,"street":0}],"actions":[{"type":"F","amount":0},{"type":"C","amount":1145000}],"hands":{"22":{"weight":0.9668,"played":[0.2858,0.7142],"evs":[0.0,2.02105]},"32o":{"weight":0.0,"played":[0.9169,0.0831],"evs":[0.0,-0.91289]},"42o":{"weight":0.0,"played":[0.3627,0.6373],"evs":[0.0,1.23056]},"52o":{"weight":0.0,"played":[0.5155,0.4845],"evs":[0.0,-0.63707]},"62o":{"weight":0.0,"played":[0.6556,0.3444],"evs":[0.0,-0.87753]},"72o":{"weight":0.0,"played":[0.9584,0.0416],"evs":[0.0,-2.73989]},"82o":{"weight":0.0,"played":[0.9641,0.0359],"evs":[0.0,-1.60918]},"92o":{"weight":0.0,"played":[0.3312,0.6688],"evs":[0.0,0.31585]},"T2o":{"weight":0.0,"played":[0.666,0.334],"evs":[0.0,-0.45285]},"J2o":{"weight":0.0,"played":[0.7363,0.2637],"evs":[0.0,-0.57661]},"Q2o":{"weight":0.0,"played":[0.3331,0.6669],"evs":[0.0,1.12026]},"K2o":{"weight":0.0,"played":[0.4965,0.5035],"evs":[0.0,-0.10098]},"A2o":{"weight":0.0,"played":[0.0921,0.9079],"evs":[0.0,0.53397]},"32s":{"weight":0.0,"played":[0.7523,0.2477],"evs":[0.0,-0.80058]},"33":{"weight":0.995,"played":[0.0121,0.9879],"evs":[0.0,3.97332]},"43o":{"weight":0.0,"played":[0.9036,0.0964],"evs":[0.0,-1.30987]},"53o":{"weight":0.0,"played":[0.9229,0.0771],"evs":[0.0,-2.48592]},"63o":{"weight":0.0,"played":[0.5326,0.4674],"evs":[0.0,0.5338]},"73o":{"weight":0.0,"played":[0.8858,0.1142],"evs":[0.0,-0.80705]},"83o":{"weight":0.0,"played":[0.9826,0.0174],"evs":[0.0,-2.27869]},"93o":{"weight":0.0,"played":[0.9222,0.0778],"evs":[0.0,-0.06464]},"T3o":{"weight":0.0,"played":[0.4599,0.5401],"evs":[0.0,-0.05817]},"J3o":{"weight":0.0,"played":[0.5709,0.4291],"evs":[0.0,-0.57262]},"Q3o":{"weight":0.0,"played":[0.0117,0.9883],"evs":[0.0,0.89087]},"K3o":{"weight":0.0,"played":[0.7021,0.2979],"evs":[0.0,-0.66295]},"A3o":{"weight":0.0,"played":[0.0,1.0],"evs":[0.0,0.85664]},"42s":{"weight":0.0,"played":[0.5062,0.4938],"evs":[0.0,-0.63232]},"43s":{"weight":0.0,"played":[0.5352,0.4648],"evs":[0.0,-0.10396]},"44":{"weight":0.9886,"played":[0.0573,0.9427],"evs":[0.0,3.27634]},"54o":{"weight":0.0,"played":[0.5527,0.4473],"evs":[0.0,-0.76228]},"64o":{"weight":0.0,"played":[0.7805,0.2195],"evs":[0.0,-0.96421]},"74o":{"weight":0.0,"played":[0.1743,0.8257],"evs":[0.0,-0.17725]},"84o":{"weight":0.0,"played":[0.3763,0.6237],"evs":[0.0,0.59462]},"94o":{"weight":0.0,"played":[0.9525,0.0475],"evs":[0.0,-1.28856]},"T4o":{"weight":0.0,"played":[0.7535,0.2465],"evs":[0.0,0.08098]},"J4o":{"weight":0.0,"played":[0.9192,0.0808],"evs":[0.0,-1.89897]},"Q4o":{"weight":0.0,"played":[0.0167,0.9833],"evs":[0.0,-0.11373]},"K4o":{"weight":0.0,"played":[0.4447,0.5553],"evs":[0.0,0.91986]},"A4o":{"weight":0.0,"played":[0.6378,0.3622],"evs":[0.0,-1.02713]},"52s":{"weight":0.0,"played":[0.5478,0.4522],"evs":[0.0,-1.55549]},"53s":{"weight":0.0,"played":[0.5484,0.4516],"evs":[0.0,0.17002]},"54s":{"weight":0.0,"played":[0.703,0.297],"evs":[0.0,-2.22015]},"55":{"weight":0.9943,"played":[2.0E-4,0.9998],"evs":[0.0,1.88277]},"65o":{"weight":0.0,"played":[0.8808,0.1192],"evs":[0.0,-0.79333]},"75o":{"weight":0.0,"played":[0.2801,0.7199],"evs":[0.0,0.22739]},"85o":{"weight":0.0,"played":[0.6827,0.3173],"evs":[0.0,-0.19115]},"95o":{"weight":0.0,"played":[0.5627,0.4373],"evs":[0.0,-1.09857]},"T5o":{"weight":0.0,"played":[0.7964,0.2036],"evs":[0.0,-1.64247]},"J5o":{"weight":0.0,"played":[0.4553,0.5447],"evs":[0.0,-0.60296]},"Q5o":{"weight":0.0,"played":[0.9815,0.0185],"evs":[0.0,-2.34738]},"K5o":{"weight":0.0,"played":[0.0184,0.9816],"evs":[0.0,0.75489]},"A5o":{"weight":0.0,"played":[0.6367,0.3633],"evs":[0.0,-0.22513]},"62s":{"weight":0.0,"played":[0.4132,0.5868],"evs":[0.0,0.16555]},"63s":{"weight":0.0,"played":[0.5054,0.4946],"evs":[0.0,0.92129]},"64s":{"weight":0.0,"played":[0.0018,0.9982],"evs":[0.0,0.85991]},"65s":{"weight":0.3572,"played":[0.3064,0.6936],"evs":[0.0,1.98005]},"66":{"weight":0.975,"played":[0.0357,0.9643],"evs":[0.0,4.87982]},"76o":{"weight":0.0,"played":[0.8509,0.1491],"evs":[0.0,-0.83104]},"86o":{"weight":0.0,"played":[0.651,0.349],"evs":[0.0,-0.01487]},"96o":{"weight":0.0,"played":[0.3961,0.6039],"evs":[0.0,1.14082]},"T6o":{"weight":0.0,"played":[0.9631,0.0369],"evs":[0.0,0.22038]},"J6o":{"weight":0.0,"played":[0.5399,0.4601],"evs":[0.0,-0.80313]},"Q6o":{"weight":0.0,"played":[0.9829,0.0171],"evs":[0.0,-1.02851]},"K6o":{"weight":0.0,"played":[0.0,1.0],"evs":[0.0,1.48369]},"A6o":{"weight":0.0,"played":[0.4441,0.5559],"evs":[0.0,1.11803]},"72s":{"weight":0.0,"played":[0.5758,0.4242],"evs":[0.0,0.16659]},"73s":{"weight":0.0,"played":[0.5459,0.4541],"evs":[0.0,-0.8199]},"74s":{"weight":0.0,"played":[0.5689,0.4311],"evs":[0.0,0.41632]},"75s":{"weight":0.0,"played":[0.4878,0.5122],"evs":[0.0,0.79551]},"76s":{"weight":0.0037,"played":[0.5516,0.4484],"evs":[0.0,0.50094]},"77":{"weight":0.9986,"played":[0.0039,0.9961],"evs":[0.0,3.1006]},"87o":{"weight":0.0,"played":[0.6669,0.3331],"evs":[0.0,-1.72276]},"97o":{"weight":0.0,"played":[0.8146,0.1854],"evs":[0.0,-1.37839]},"T7o":{"weight":0.0,"played":[0.5653,0.4347],"evs":[0.0,-0.08637]},"J7o":{"weight":0.0,"played":[0.4527,0.5473],"evs":[0.0,0.29931]},"Q7o":{"weight":0.0,"played":[0.706,0.294],"evs":[0.0,-0.85727]},"K7o":{"weight":0.0,"played":[0.656,0.344],"evs":[0.0,-1.0829]},"A7o":{"weight":0.0,"played":[0.0085,0.9915],"evs":[0.0,0.87101]},"82s":{"weight":0.0,"played":[0.3887,0.6113],"evs":[0.0,1.81778]},"83s":{"weight":0.0,"played":[0.0155,0.9845],"evs":[0.0,0.95896]},"84s":{"weight":0.0,"played":[0.9179,0.0821],"evs":[0.0,-0.638]},"85s":{"weight":0.0,"played":[0.9581,0.0419],"evs":[0.0,-1.9647]},"86s":{"weight":0.0,"played":[0.0,1.0],"evs":[0.0,3.22988]},"87s":{"weight":0.3443,"played":[0.8424,0.1576],"evs":[0.0,-0.68554]},"88":{"weight":0.0936,"played":[0.0086,0.9914],"evs":[0.0,3.13759]},"98o":{"weight":0.0,"played":[0.3591,0.6409],"evs":[0.0,-0.03779]},"T8o":{"weight":0.0,"played":[0.7871,0.2129],"evs":[0.0,-1.97901]},"J8o":{"weight":0.0,"played":[0.0066,0.9934],"evs":[0.0,0.91472]},"Q8o":{"weight":0.0,"played":[0.1016,0.8984],"evs":[0.0,0.33557]},"K8o":{"weight":0.0,"played":[0.3193,0.6807],"evs":[0.0,-0.50803]},"A8o":{"weight":0.0,"played":[0.0559,0.9441],"evs":[0.0,-0.37915]},"92s":{"weight":0.0,"played":[0.969,0.031],"evs":[0.0,-1.18846]},"93s":{"weight":0.0,"played":[0.6333,0.3667],"evs":[0.0,-0.44557]},"94s":{"weight":0.0,"played":[0.3029,0.6971],"evs":[0.0,4.08006]},"95s":{"weight":0.0,"played":[0.665,0.335],"evs":[0.0,1.55377]},"96s":{"weight":0.0,"played":[0.7326,0.2674],"evs":[0.0,-0.4687]},"97s":{"weight":0.1446,"played":[0.0835,0.9165],"evs":[0.0,2.20891]},"98s":{"weight":0.3947,"played":[0.0027,0.9973],"evs":[0.0,3.88837]},"99":{"weight":7.0E-4,"played":[0.083,0.917],"evs":[0.0,6.38126]},"T9o":{"weight":0.0,"played":[0.3502,0.6498],"evs":[0.0,-0.52531]},"J9o":{"weight":0.0,"played":[0.0,1.0],"evs":[0.0,2.56337]},"Q9o":{"weight":0.0,"played":[0.2523,0.7477],"evs":[0.0,2.94351]},"K9o":{"weight":0.0,"played":[0.8463,0.1537],"evs":[0.0,-0.22373]},"A9o":{"weight":0.4274,"played":[0.1869,0.8131],"evs":[0.0,-0.15737]},"T2s":{"weight":0.0,"played":[0.4961,0.5039],"evs":[0.0,1.71743]},"T3s":{"weight":0.0,"played":[0.9384,0.0616],"evs":[0.0,-1.18507]},"T4s":{"weight":0.0,"played":[0.9691,0.0309],"evs":[0.0,-2.02189]},"T5s":{"weight":0.0,"played":[0.3045,0.6955],"evs":[0.0,1.25172]},"T6s":{"weight":0.0,"played":[0.4552,0.5448],"evs":[0.0,-2.58288]},"T7s":{"weight":0.0,"played":[0.0521,0.9479],"evs":[0.0,2.70064]},"T8s":{"weight":0.0,"played":[0.1241,0.8759],"evs":[0.0,-0.91337]},"T9s":{"weight":0.1679,"played":[0.6586,0.3414],"evs":[0.0,0.51514]},"TT":{"weight":4.0E-4,"played":[1.0E-4,0.9999],"evs":[0.0,4.7462]},"JTo":{"weight":0.0,"played":[0.0538,0.9462],"evs":[0.0,1.53786]},"QTo":{"weight":0.0,"played":[0.0093,0.9907],"evs":[0.0,3.6077]},"KTo":{"weight":0.0,"played":[0.0573,0.9427],"evs":[0.0,3.06071]},"ATo":{"weight":0.0454,"played":[0.0,1.0],"evs":[0.0,2.60486]},"J2s":{"weight":0.0,"played":[0.9924,0.0076],"evs":[0.0,-1.01765]},"J3s":{"weight":0.0,"played":[0.0162,0.9838],"evs":[0.0,4.95299]},"J4s":{"weight":0.0,"played":[0.4596,0.5404],"evs":[0.0,-0.9781]},"J5s":{"weight":0.0,"played":[0.196,0.804],"evs":[0.0,-0.91345]},"J6s":{"weight":0.0,"played":[0.0239,0.9761],"evs":[0.0,1.81543]},"J7s":{"weight":1.0E-4,"played":[0.0011,0.9989],"evs":[0.0,2.1593]},"J8s":{"weight":0.0,"played":[0.7821,0.2179],"evs":[0.0,-1.81641]},"J9s":{"weight":0.2146,"played":[0.1373,0.8627],"evs":[0.0,4.06265]},"JTs":{"weight":0.0607,"played":[0.1923,0.8077],"evs":[0.0,0.78335]},"JJ":{"weight":3.0E-4,"played":[0.0344,0.9656],"evs":[0.0,7.13308]},"QJo":{"weight":0.0,"played":[0.0051,0.9949],"evs":[0.0,1.40179]},"KJo":{"weight":0.3286,"played":[0.0095,0.9905],"evs":[0.0,2.48429]},"AJo":{"weight":0.2548,"played":[0.1617,0.8383],"evs":[0.0,0.53774]},"Q2s":{"weight":0.0,"played":[0.3785,0.6215],"evs":[0.0,-0.57354]},"Q3s":{"weight":0.0,"played":[4.0E-4,0.9996],"evs":[0.0,1.54612]},"Q4s":{"weight":0.0,"played":[0.3848,0.6152],"evs":[0.0,2.2169]},"Q5s":{"weight":0.0,"played":[0.1099,0.8901],"evs":[0.0,6.17493]},"Q6s":{"weight":0.0,"played":[0.0784,0.9216],"evs":[0.0,-0.37921]},"Q7s":{"weight":0.0,"played":[0.8804,0.1196],"evs":[0.0,-0.2784]},"Q8s":{"weight":0.0,"played":[0.0245,0.9755],"evs":[0.0,2.96614]},"Q9s":{"weight":0.0014,"played":[0.2049,0.7951],"evs":[0.0,6.06315]},"QTs":{"weight":0.5933,"played":[0.0037,0.9963],"evs":[0.0,2.65464]},"QJs":{"weight":0.9983,"played":[0.3976,0.6024],"evs":[0.0,0.64055]},"QQ":{"weight":0.0024,"played":[0.0,1.0],"evs":[0.0,11.07835]},"KQo":{"weight":0.5992,"played":[0.1974,0.8026],"evs":[0.0,2.71633]},"AQo":{"weight":0.0262,"played":[0.002,0.998],"evs":[0.0,4.41407]},"K2s":{"weight":0.0,"played":[0.0784,0.9216],"evs":[0.0,-0.34746]},"K3s":{"weight":0.0,"played":[0.1311,0.8689],"evs":[0.0,-0.37025]},"K4s":{"weight":7.0E-4,"played":[0.2802,0.7198],"evs":[0.0,0.71195]},"K5s":{"weight":0.0,"played":[0.0189,0.9811],"evs":[0.0,2.16986]},"K6s":{"weight":5.0E-4,"played":[0.507,0.493],"evs":[0.0,0.95838]},"K7s":{"weight":0.0,"played":[0.0013,0.9987],"evs":[0.0,3.24075]},"K8s":{"weight":3.0E-4,"played":[0.1818,0.8182],"evs":[0.0,3.25253]},"K9s":{"weight":1.0E-4,"played":[0.3152,0.6848],"evs":[0.0,0.98068]},"KTs":{"weight":0.8824,"played":[0.0715,0.9285],"evs":[0.0,1.26665]},"KJs":{"weight":0.0663,"played":[0.0474,0.9526],"evs":[0.0,0.93236]},"KQs":{"weight":0.1281,"played":[0.0178,0.9822],"evs":[0.0,3.75946]},"KK":{"weight":0.0,"played":[0.0,1.0],"evs":[0.0,8.26672]},"AKo":{"weight":0.0,"played":[0.0,1.0],"evs":[0.0,1.13452]},"A2s":{"weight":0.5583,"played":[0.0362,0.9638],"evs":[0.0,3.6562]},"A3s":{"weight":0.6455,"played":[0.5764,0.4236],"evs":[0.0,-2.63112]},"A4s":{"weight":0.6797,"played":[0.0454,0.9546],"evs":[0.0,3.32692]},"A5s":{"weight":0.1725,"played":[0.0874,0.9126],"evs":[0.0,2.18925]},"A6s":{"weight":0.3369,"played":[8.0E-4,0.9992],"evs":[0.0,1.73515]},"A7s":{"weight":0.1536,"played":[0.0446,0.9554],"evs":[0.0,5.37334]},"A8s":{"weight":0.1282,"played":[0.8622,0.1378],"evs":[0.0,0.49851]},"A9s":{"weight":0.5054,"played":[0.2116,0.7884],"evs":[0.0,1.4001]},"ATs":{"weight":0.2519,"played":[0.0013,0.9987],"evs":[0.0,2.14884]},"AJs":{"weight":0.0452,"played":[0.0146,0.9854],"evs":[0.0,5.89502]},"AQs":{"weight":0.3024,"played":[0.0073,0.9927],"evs":[0.0,6.92798]},"AKs":{"weight":0.0034,"played":[0.2946,0.7054],"evs":[0.0,4.334]},"AA":{"weight":0.0099,"played":[0.003,0.997],"evs":[0.0,13.74398]}}}