{"player":2,"street":0,"children":2,"sequence":[{"player":0,"type":"R","amount":200000,"street":0},{"player":1,"type":"F","amount":0,"street":0},{"player":2,"type":"C","amount":200000,"street":0},{"player":3,"type":"C","amount":200000,"street":0},{"player":4,"type":"R","amount":1345000,"street":0},{"player":5,"type":"F","amount":0,"street":0},{"player":0,"type":"C","amount":1145000,"street":0}],"actions":[{"type":"F","amount":0,"node":250},{"type":"R","amount":1405000,"node":252}],"hands":{"22":{"weight":0.0,"played":[0.9309,0.0691],"evs":[0.0,-0.02195]},"32o":{"weight":0.0,"played":[1.0,0.0],"evs":[0.0,-2.76903]},"42o":{"weight":0.0,"played":[1.0,0.0],"evs":[0.0,-2.46352]},"52o":{"weight":0.0,"played":[1.0,0.0],"evs":[0.0,-2.32871]},"62o":{"weight":0.0,"played":[0.9998,2.0E-4],"evs":[0.0,-2.62394]},"72o":{"weight":0.0,"played":[1.0,0.0],"evs":[0.0,-2.56018]},"82o":{"weight":0.0,"played":[1.0,0.0],"evs":[0.0,-2.81746]},"92o":{"weight":0.0,"played":[1.0,0.0],"evs":[0.0,-2.57464]},"T2o":{"weight":0.0,"played":[0.9999,1.0E-4],"evs":[0.0,-2.61681]},"J2o":{"weight":0.0,"played":[1.0,0.0],"evs":[0.0,-2.65778]},"Q2o":{"weight":0.0,"played":[0.9998,2.0E-4],"evs":[0.0,-2.77194]},"K2o":{"weight":0.0,"played":[1.0,0.0],"evs":[0.0,-2.00506]},"A2o":{"weight":0.0,"played":[0.9997,3.0E-4],"evs":[0.0,-2.07278]},"32s":{"weight":0.0,"played":[0.9981,0.0019],"evs":[0.0,-0.53602]},"33":{"weight":0.0,"played":[0.9114,0.0886],"evs":[0.0,0.04615]},"43o":{"weight":0.0,"played":[0.9999,1.0E-4],"evs":[0.0,-2.37292]},"53o":{"weight":0.0,"played":[0.9997,3.0E-4],"evs":[0.0,-1.69582]},"63o":{"weight":0.0,"played":[0.9999,1.0E-4],"evs":[0.0,-1.98933]},"73o":{"weight":0.0,"played":[0.9997,3.0E-4],"evs":[0.0,-2.42391]},"83o":{"weight":0.0,"played":[0.9999,1.0E-4],"evs":[0.0,-3.02146]},"93o":{"weight":0.0,"played":[1.0,0.0],"evs":[0.0,-3.029]},"T3o":{"weight":0.0,"played":[1.0,0.0],"evs":[0.0,-2.43227]},"J3o":{"weight":0.0,"played":[0.9999,1.0E-4],"evs":[0.0,-2.69887]},"Q3o":{"weight":0.0,"played":[0.9999,1.0E-4],"evs":[0.0,-2.08573]},"K3o":{"weight":0.0,"played":[0.9998,2.0E-4],"evs":[0.0,-1.17815]},"A3o":{"weight":0.0,"played":[0.9998,2.0E-4],"evs":[0.0,-1.79148]},"42s":{"weight":0.0,"played":[0.9922,0.0078],"evs":[0.0,-1.32544]},"43s":{"weight":0.0,"played":[0.9992,8.0E-4],"evs":[0.0,-0.3285]},"44":{"weight":0.2136,"played":[0.0195,0.9805],"evs":[0.0,0.46493]},"54o":{"weight":0.0,"played":[0.9998,2.0E-4],"evs":[0.0,-1.523]},"64o":{"weight":0.0,"played":[0.9975,0.0025],"evs":[0.0,-1.48913]},"74o":{"weight":0.0,"played":[1.0,0.0],"evs":[0.0,-2.18459]},"84o":{"weight":0.0,"played":[1.0,0.0],"evs":[0.0,-2.19846]},"94o":{"weight":0.0,"played":[0.9999,1.0E-4],"evs":[0.0,-2.32959]},"T4o":{"weight":0.0,"played":[1.0,0.0],"evs":[0.0,-2.54292]},"J4o":{"weight":0.0,"played":[1.0,0.0],"evs":[0.0,-2.2153]},"Q4o":{"weight":0.0,"played":[0.9998,2.0E-4],"evs":[0.0,-2.08661]},"K4o":{"weight":0.0,"played":[0.9995,5.0E-4],"evs":[0.0,-1.44441]},"A4o":{"weight":0.0,"played":[0.9997,3.0E-4],"evs":[0.0,-1.86881]},"52s":{"weight":0.0,"played":[0.9949,0.0051],"evs":[0.0,-0.54435]},"53s":{"weight":0.0,"played":[0.9948,0.0052],"evs":[0.0,-0.54039]},"54s":{"weight":0.0,"played":[0.9917,0.0083],"evs":[0.0,-0.63925]},"55":{"weight":1.0E-4,"played":[0.0151,0.9849],"evs":[0.0,1.1529]},"65o":{"weight":0.0,"played":[0.9959,0.0041],"evs":[0.0,-0.77762]},"75o":{"weight":0.0,"played":[1.0,0.0],"evs":[0.0,-1.22453]},"85o":{"weight":0.0,"played":[0.9994,6.0E-4],"evs":[0.0,-1.76358]},"95o":{"weight":0.0,"played":[0.9999,1.0E-4],"evs":[0.0,-1.92617]},"T5o":{"weight":0.0,"played":[0.9997,3.0E-4],"evs":[0.0,-2.31027]},"J5o":{"weight":0.0,"played":[1.0,0.0],"evs":[0.0,-2.21748]},"Q5o":{"weight":0.0,"played":[0.9995,5.0E-4],"evs":[0.0,-2.20628]},"K5o":{"weight":0.0,"played":[0.9992,8.0E-4],"evs":[0.0,-1.57638]},"A5o":{"weight":0.0,"played":[0.9998,2.0E-4],"evs":[0.0,-1.47028]},"62s":{"weight":0.0,"played":[0.9901,0.0099],"evs":[0.0,-1.88402]},"63s":{"weight":0.0,"played":[0.9747,0.0253],"evs":[0.0,-1.25611]},"64s":{"weight":0.0,"played":[0.9819,0.0181],"evs":[0.0,-0.43476]},"65s":{"weight":0.0,"played":[0.0022,0.9978],"evs":[0.0,0.79896]},"66":{"weight":0.0,"played":[5.0E-4,0.9995],"evs":[0.0,1.14687]},"76o":{"weight":0.0,"played":[0.9838,0.0162],"evs":[0.0,-1.12036]},"86o":{"weight":0.0,"played":[0.9999,1.0E-4],"evs":[0.0,-1.04974]},"96o":{"weight":0.0,"played":[1.0,0.0],"evs":[0.0,-1.64743]},"T6o":{"weight":0.0,"played":[0.9999,1.0E-4],"evs":[0.0,-1.76823]},"J6o":{"weight":0.0,"played":[0.9995,5.0E-4],"evs":[0.0,-2.29683]},"Q6o":{"weight":0.0,"played":[1.0,0.0],"evs":[0.0,-2.05577]},"K6o":{"weight":0.0,"played":[0.9999,1.0E-4],"evs":[0.0,-1.55136]},"A6o":{"weight":0.0,"played":[0.9999,1.0E-4],"evs":[0.0,-1.986]},"72s":{"weight":0.0,"played":[0.9915,0.0085],"evs":[0.0,-1.62995]},"73s":{"weight":0.0,"played":[0.9998,2.0E-4],"evs":[0.0,-1.32343]},"74s":{"weight":0.0,"played":[0.9931,0.0069],"evs":[0.0,-0.74437]},"75s":{"weight":0.0,"played":[0.5457,0.4543],"evs":[0.0,0.09034]},"76s":{"weight":0.0,"played":[0.1448,0.8552],"evs":[0.0,0.44967]},"77":{"weight":0.0,"played":[1.0E-4,0.9999],"evs":[0.0,2.5997]},"87o":{"weight":0.0,"played":[0.9966,0.0034],"evs":[0.0,-0.92555]},"97o":{"weight":0.0,"played":[0.9981,0.0019],"evs":[0.0,-0.91617]},"T7o":{"weight":0.0,"played":[0.998,0.002],"evs":[0.0,-1.39932]},"J7o":{"weight":0.0,"played":[1.0,0.0],"evs":[0.0,-2.10915]},"Q7o":{"weight":0.0,"played":[0.9992,8.0E-4],"evs":[0.0,-1.87762]},"K7o":{"weight":0.0,"played":[0.9999,1.0E-4],"evs":[0.0,-1.27973]},"A7o":{"weight":0.0,"played":[0.9997,3.0E-4],"evs":[0.0,-1.83161]},"82s":{"weight":0.0,"played":[0.9998,2.0E-4],"evs":[0.0,-1.40799]},"83s":{"weight":0.0,"played":[0.9355,0.0645],"evs":[0.0,-0.84485]},"84s":{"weight":0.0,"played":[0.9553,0.0447],"evs":[0.0,-0.48728]},"85s":{"weight":0.0,"played":[0.6597,0.3403],"evs":[0.0,0.04968]},"86s":{"weight":0.0,"played":[0.7744,0.2256],"evs":[0.0,-0.25891]},"87s":{"weight":0.0,"played":[0.0016,0.9984],"evs":[0.0,1.1434]},"88":{"weight":0.0,"played":[0.0,1.0],"evs":[0.0,3.10709]},"98o":{"weight":0.0,"played":[0.9991,9.0E-4],"evs":[0.0,-0.59476]},"T8o":{"weight":0.0,"played":[0.9999,1.0E-4],"evs":[0.0,-0.49263]},"J8o":{"weight":0.0,"played":[0.9957,0.0043],"evs":[0.0,-1.26899]},"Q8o":{"weight":0.0,"played":[0.9995,5.0E-4],"evs":[0.0,-1.22263]},"K8o":{"weight":0.0,"played":[1.0,0.0],"evs":[0.0,-0.93239]},"A8o":{"weight":0.0,"played":[0.9996,4.0E-4],"evs":[0.0,-1.23195]},"92s":{"weight":0.0,"played":[0.9979,0.0021],"evs":[0.0,-1.88911]},"93s":{"weight":0.0,"played":[0.9988,0.0012],"evs":[0.0,-0.93687]},"94s":{"weight":0.0,"played":[0.9996,4.0E-4],"evs":[0.0,-1.70964]},"95s":{"weight":0.0,"played":[0.995,0.005],"evs":[0.0,-0.85002]},"96s":{"weight":0.0,"played":[0.9703,0.0297],"evs":[0.0,-0.72934]},"97s":{"weight":0.0,"played":[0.3856,0.6144],"evs":[0.0,-0.11999]},"98s":{"weight":0.0,"played":[0.5273,0.4727],"evs":[0.0,0.12903]},"99":{"weight":0.0,"played":[0.0,1.0],"evs":[0.0,3.95891]},"T9o":{"weight":0.0,"played":[0.9812,0.0188],"evs":[0.0,-0.35967]},"J9o":{"weight":0.0,"played":[0.9957,0.0043],"evs":[0.0,-0.82825]},"Q9o":{"weight":0.0,"played":[0.9988,0.0012],"evs":[0.0,-0.73937]},"K9o":{"weight":0.0,"played":[0.8,0.2],"evs":[0.0,-0.02687]},"A9o":{"weight":0.0,"played":[0.9973,0.0027],"evs":[0.0,-0.88279]},"T2s":{"weight":0.0,"played":[0.9999,1.0E-4],"evs":[0.0,-1.08574]},"T3s":{"weight":0.0,"played":[0.9986,0.0014],"evs":[0.0,-1.18168]},"T4s":{"weight":0.0,"played":[0.9916,0.0084],"evs":[0.0,-1.34324]},"T5s":{"weight":0.0,"played":[0.9999,1.0E-4],"evs":[0.0,-1.41586]},"T6s":{"weight":0.0,"played":[0.9849,0.0151],"evs":[0.0,-1.39595]},"T7s":{"weight":0.0,"played":[0.5197,0.4803],"evs":[0.0,0.37008]},"T8s":{"weight":0.0,"played":[0.0896,0.9104],"evs":[0.0,1.12332]},"T9s":{"weight":4.0E-4,"played":[0.555,0.445],"evs":[0.0,0.09068]},"TT":{"weight":0.0,"played":[0.0,1.0],"evs":[0.0,5.08191]},"JTo":{"weight":0.0,"played":[0.9695,0.0305],"evs":[0.0,-0.4311]},"QTo":{"weight":0.0,"played":[0.9935,0.0065],"evs":[0.0,-0.02911]},"KTo":{"weight":0.0,"played":[0.8734,0.1266],"evs":[0.0,-0.08546]},"ATo":{"weight":1.0E-4,"played":[0.5175,0.4825],"evs":[0.0,0.17213]},"J2s":{"weight":0.0,"played":[0.9911,0.0089],"evs":[0.0,-1.76873]},"J3s":{"weight":0.0,"played":[0.9987,0.0013],"evs":[0.0,-1.78332]},"J4s":{"weight":0.0,"played":[0.8928,0.1072],"evs":[0.0,-1.09122]},"J5s":{"weight":0.0,"played":[0.9993,7.0E-4],"evs":[0.0,-1.53513]},"J6s":{"weight":0.0,"played":[0.9713,0.0287],"evs":[0.0,-0.60816]},"J7s":{"weight":0.0,"played":[0.8237,0.1763],"evs":[0.0,-0.37321]},"J8s":{"weight":0.0,"played":[0.0075,0.9925],"evs":[0.0,0.50988]},"J9s":{"weight":1.0E-4,"played":[0.5324,0.4676],"evs":[0.0,-0.19432]},"JTs":{"weight":0.5237,"played":[0.0192,0.9808],"evs":[0.0,0.53309]},"JJ":{"weight":0.0,"played":[0.0,1.0],"evs":[0.0,6.6427]},"QJo":{"weight":0.0,"played":[0.4837,0.5163],"evs":[0.0,-0.23268]},"KJo":{"weight":1.0E-4,"played":[0.1617,0.8383],"evs":[0.0,-0.02291]},"AJo":{"weight":0.0,"played":[0.0041,0.9959],"evs":[0.0,0.92961]},"Q2s":{"weight":0.0,"played":[0.9999,1.0E-4],"evs":[0.0,-0.58283]},"Q3s":{"weight":0.0,"played":[0.9787,0.0213],"evs":[0.0,-0.96372]},"Q4s":{"weight":0.0,"played":[0.9975,0.0025],"evs":[0.0,-1.06951]},"Q5s":{"weight":0.0,"played":[0.9817,0.0183],"evs":[0.0,-0.81791]},"Q6s":{"weight":0.0,"played":[0.9999,1.0E-4],"evs":[0.0,-0.90334]},"Q7s":{"weight":0.0,"played":[0.9857,0.0143],"evs":[0.0,-0.34805]},"Q8s":{"weight":0.0,"played":[0.2215,0.7785],"evs":[0.0,0.40334]},"Q9s":{"weight":4.0E-4,"played":[0.4687,0.5313],"evs":[0.0,0.31013]},"QTs":{"weight":0.8714,"played":[1.0E-4,0.9999],"evs":[0.0,1.08671]},"QJs":{"weight":1.0,"played":[0.0541,0.9459],"evs":[0.0,0.68353]},"QQ":{"weight":0.0,"played":[0.0,1.0],"evs":[0.0,9.29118]},"KQo":{"weight":0.1703,"played":[8.0E-4,0.9992],"evs":[0.0,1.34886]},"AQo":{"weight":0.0,"played":[0.0255,0.9745],"evs":[0.0,2.43513]},"K2s":{"weight":0.0,"played":[0.2835,0.7165],"evs":[0.0,0.37003]},"K3s":{"weight":0.0,"played":[0.9699,0.0301],"evs":[0.0,-0.75797]},"K4s":{"weight":0.0,"played":[0.4849,0.5151],"evs":[0.0,0.07567]},"K5s":{"weight":0.0,"played":[0.3828,0.6172],"evs":[0.0,-0.04244]},"K6s":{"weight":0.0,"played":[0.2406,0.7594],"evs":[0.0,0.08485]},"K7s":{"weight":0.0,"played":[0.6219,0.3781],"evs":[0.0,-0.31604]},"K8s":{"weight":0.0,"played":[0.0132,0.9868],"evs":[0.0,0.64416]},"K9s":{"weight":1.0E-4,"played":[0.2433,0.7567],"evs":[0.0,0.58891]},"KTs":{"weight":0.5888,"played":[2.0E-4,0.9998],"evs":[0.0,1.59725]},"KJs":{"weight":0.7854,"played":[0.0,1.0],"evs":[0.0,1.56596]},"KQs":{"weight":2.0E-4,"played":[9.0E-4,0.9991],"evs":[0.0,2.69793]},"KK":{"weight":0.0,"played":[0.0,1.0],"evs":[0.0,12.23531]},"AKo":{"weight":0.0,"played":[0.0,1.0],"evs":[0.0,4.34769]},"A2s":{"weight":0.0,"played":[0.588,0.412],"evs":[0.0,-0.16715]},"A3s":{"weight":4.0E-4,"played":[0.5897,0.4103],"evs":[0.0,-0.5292]},"A4s":{"weight":0.0,"played":[0.6848,0.3152],"evs":[0.0,-0.23963]},"A5s":{"weight":0.9999,"played":[0.7443,0.2557],"evs":[0.0,-0.30045]},"A6s":{"weight":0.01,"played":[0.9426,0.0574],"evs":[0.0,-0.97396]},"A7s":{"weight":0.871,"played":[0.7174,0.2826],"evs":[0.0,0.26146]},"A8s":{"weight":0.0041,"played":[0.4544,0.5456],"evs":[0.0,0.13084]},"A9s":{"weight":2.0E-4,"played":[0.6106,0.3894],"evs":[0.0,0.08944]},"ATs":{"weight":1.0E-4,"played":[2.0E-4,0.9998],"evs":[0.0,2.64483]},"AJs":{"weight":0.0,"played":[7.0E-4,0.9993],"evs":[0.0,2.19038]},"AQs":{"weight":0.0,"played":[0.0011,0.9989],"evs":[0.0,4.18059]},"AKs":{"weight":0.0,"played":[0.0,1.0],"evs":[0.0,4.85693]},"AA":{"weight":0.3868,"played":[0.0,1.0],"evs":[0.0,15.55218]}}}