{"player":3,"street":0,"children":3,"sequence":[{"player":0,"type":"R","amount":200000,"street":0},{"player":1,"type":"F","amount":0,"street":0},{"player":2,"type":"C","amount":200000,"street":0},{"player":3,"type":"C","amount":200000,"street":0},{"player":4,"type":"R","amount":1345000,"street":0},{"player":5,"type":"F","amount":0,"street":0},{"player":0,"type":"C","amount":1145000,"street":0},{"player":2,"type":"R","amount":1405000,"street":0}],"actions":[{"type":"F","amount":0,"node":253},{"type":"C","amount":1205000,"node":254},{"type":"R","amount":3605000,"node":255}],"hands":{"22":{"weight":0.9668,"played":[0.9992,6.0E-4,2.0E-4],"evs":[0.0,-1.58875,-2.12111]},"32o":{"weight":0.0,"played":[1.0,0.0,0.0],"evs":[0.0,-4.41892,-9.39099]},"42o":{"weight":0.0,"played":[1.0,0.0,0.0],"evs":[0.0,-2.38445,-6.14825]},"52o":{"weight":0.0,"played":[1.0,0.0,0.0],"evs":[0.0,-3.46483,-7.13656]},"62o":{"weight":0.0,"played":[1.0,0.0,0.0],"evs":[0.0,-3.98508,-8.47618]},"72o":{"weight":0.0,"played":[1.0,0.0,0.0],"evs":[0.0,-5.36896,-10.3536]},"82o":{"weight":0.0,"played":[0.9996,2.0E-4,2.0E-4],"evs":[0.0,-3.14236,-7.57693]},"92o":{"weight":0.0,"played":[0.9998,2.0E-4,0.0],"evs":[0.0,-3.40223,-7.90214]},"T2o":{"weight":0.0,"played":[1.0,0.0,0.0],"evs":[0.0,-4.83444,-9.45677]},"J2o":{"weight":0.0,"played":[0.9996,3.0E-4,1.0E-4],"evs":[0.0,-4.58155,-9.36272]},"Q2o":{"weight":0.0,"played":[0.9998,1.0E-4,1.0E-4],"evs":[0.0,-4.24736,-10.15202]},"K2o":{"weight":0.0,"played":[0.9977,0.0018,5.0E-4],"evs":[0.0,-2.35273,-5.33521]},"A2o":{"weight":0.0,"played":[0.9989,0.0011,0.0],"evs":[0.0,-1.51205,-3.70041]},"32s":{"weight":0.0,"played":[0.9902,0.0097,0.0],"evs":[0.0,-2.37038,-5.67273]},"33":{"weight":0.995,"played":[0.9845,0.0139,0.0016],"evs":[0.0,-1.5005,-2.6237]},"43o":{"weight":0.0,"played":[1.0,0.0,0.0],"evs":[0.0,-2.77036,-6.76887]},"53o":{"weight":0.0,"played":[0.9991,9.0E-4,0.0],"evs":[0.0,-2.01285,-5.21583]},"63o":{"weight":0.0,"played":[0.9997,3.0E-4,0.0],"evs":[0.0,-2.7881,-7.01167]},"73o":{"weight":0.0,"played":[0.9993,7.0E-4,0.0],"evs":[0.0,-4.46502,-8.46811]},"83o":{"weight":0.0,"played":[1.0,0.0,0.0],"evs":[0.0,-3.94867,-8.6032]},"93o":{"weight":0.0,"played":[1.0,0.0,0.0],"evs":[0.0,-3.66086,-8.50048]},"T3o":{"weight":0.0,"played":[1.0,0.0,0.0],"evs":[0.0,-4.04871,-8.71693]},"J3o":{"weight":0.0,"played":[1.0,0.0,0.0],"evs":[0.0,-4.70398,-9.02399]},"Q3o":{"weight":0.0,"played":[0.9997,3.0E-4,0.0],"evs":[0.0,-4.52126,-9.61904]},"K3o":{"weight":0.0,"played":[1.0,0.0,0.0],"evs":[0.0,-3.87479,-7.37649]},"A3o":{"weight":0.0,"played":[0.9999,1.0E-4,1.0E-4],"evs":[0.0,-2.28084,-4.88583]},"42s":{"weight":0.0,"played":[0.9957,0.0042,1.0E-4],"evs":[0.0,-3.5941,-6.9513]},"43s":{"weight":0.0,"played":[0.9645,0.0355,0.0],"evs":[0.0,-2.50659,-6.16008]},"44":{"weight":0.9886,"played":[0.7174,0.2656,0.0169],"evs":[0.0,-0.80198,-1.62874]},"54o":{"weight":0.0,"played":[0.9997,0.0,3.0E-4],"evs":[0.0,-3.16517,-5.84043]},"64o":{"weight":0.0,"played":[0.9974,8.0E-4,0.0018],"evs":[0.0,-1.42052,-4.96304]},"74o":{"weight":0.0,"played":[1.0,0.0,0.0],"evs":[0.0,-2.5283,-6.85817]},"84o":{"weight":0.0,"played":[0.9997,0.0,3.0E-4],"evs":[0.0,-3.37286,-7.16168]},"94o":{"weight":0.0,"played":[0.9996,1.0E-4,3.0E-4],"evs":[0.0,-3.8173,-8.74304]},"T4o":{"weight":0.0,"played":[1.0,0.0,0.0],"evs":[0.0,-4.10782,-9.05843]},"J4o":{"weight":0.0,"played":[0.9999,1.0E-4,0.0],"evs":[0.0,-4.8238,-9.62497]},"Q4o":{"weight":0.0,"played":[1.0,0.0,0.0],"evs":[0.0,-4.25933,-9.17986]},"K4o":{"weight":0.0,"played":[1.0,0.0,0.0],"evs":[0.0,-2.88514,-5.41955]},"A4o":{"weight":0.0,"played":[0.9981,0.0011,9.0E-4],"evs":[0.0,-1.87698,-3.10505]},"52s":{"weight":0.0,"played":[0.9974,0.0014,0.0012],"evs":[0.0,-3.35261,-6.9457]},"53s":{"weight":0.0,"played":[0.6021,0.3976,4.0E-4],"evs":[0.0,0.49473,-2.06004]},"54s":{"weight":0.0,"played":[0.8601,0.1398,0.0],"evs":[0.0,-0.36115,-3.41062]},"55":{"weight":0.9943,"played":[0.3951,0.331,0.2739],"evs":[0.0,0.37903,0.363]},"65o":{"weight":0.0,"played":[0.9998,0.0,2.0E-4],"evs":[0.0,-1.05018,-3.97809]},"75o":{"weight":0.0,"played":[0.9986,1.0E-4,0.0012],"evs":[0.0,-2.94231,-6.60637]},"85o":{"weight":0.0,"played":[1.0,0.0,0.0],"evs":[0.0,-2.61771,-6.44303]},"95o":{"weight":0.0,"played":[0.9995,3.0E-4,2.0E-4],"evs":[0.0,-3.69439,-7.81496]},"T5o":{"weight":0.0,"played":[0.9999,0.0,1.0E-4],"evs":[0.0,-4.13347,-8.61982]},"J5o":{"weight":0.0,"played":[0.9995,5.0E-4,0.0],"evs":[0.0,-2.90295,-6.91951]},"Q5o":{"weight":0.0,"played":[0.9999,1.0E-4,0.0],"evs":[0.0,-3.67301,-7.77124]},"K5o":{"weight":0.0,"played":[0.9992,7.0E-4,1.0E-4],"evs":[0.0,-1.66364,-5.07944]},"A5o":{"weight":0.0,"played":[0.999,4.0E-4,6.0E-4],"evs":[0.0,-0.98349,-2.4037]},"62s":{"weight":0.0,"played":[0.9978,0.002,1.0E-4],"evs":[0.0,-2.19822,-5.54034]},"63s":{"weight":0.0,"played":[0.6698,0.3302,0.0],"evs":[0.0,-1.325,-4.04584]},"64s":{"weight":0.0,"played":[0.814,0.1648,0.0211],"evs":[0.0,-0.78915,-3.85909]},"65s":{"weight":0.3572,"played":[0.3517,0.644,0.0044],"evs":[0.0,-0.17699,-2.23065]},"66":{"weight":0.975,"played":[0.1046,0.0017,0.8937],"evs":[0.0,0.62117,1.83706]},"76o":{"weight":0.0,"played":[0.9989,5.0E-4,7.0E-4],"evs":[0.0,-1.9765,-5.39693]},"86o":{"weight":0.0,"played":[0.9998,1.0E-4,0.0],"evs":[0.0,-1.95838,-5.60656]},"96o":{"weight":0.0,"played":[0.9999,1.0E-4,0.0],"evs":[0.0,-1.86293,-5.71234]},"T6o":{"weight":0.0,"played":[0.9999,1.0E-4,0.0],"evs":[0.0,-3.54134,-8.01132]},"J6o":{"weight":0.0,"played":[0.9998,0.0,1.0E-4],"evs":[0.0,-3.43463,-7.63959]},"Q6o":{"weight":0.0,"played":[0.9998,2.0E-4,0.0],"evs":[0.0,-3.71947,-8.15726]},"K6o":{"weight":0.0,"played":[0.9965,0.0019,0.0016],"evs":[0.0,-3.37456,-5.48387]},"A6o":{"weight":0.0,"played":[0.9991,6.0E-4,3.0E-4],"evs":[0.0,-3.07257,-4.30657]},"72s":{"weight":0.0,"played":[0.995,0.0035,0.0015],"evs":[0.0,-1.90297,-5.8611]},"73s":{"weight":0.0,"played":[0.9946,0.0026,0.0028],"evs":[0.0,-3.38875,-6.37979]},"74s":{"weight":0.0,"played":[0.9945,0.0042,0.0013],"evs":[0.0,-1.47371,-4.96619]},"75s":{"weight":0.0,"played":[0.1729,0.8236,0.0035],"evs":[0.0,0.80914,-1.26173]},"76s":{"weight":0.0037,"played":[0.6531,0.3202,0.0266],"evs":[0.0,-0.1398,-2.6016]},"77":{"weight":0.9986,"played":[0.0019,0.044,0.9541],"evs":[0.0,1.84408,2.31518]},"87o":{"weight":0.0,"played":[0.944,0.0559,1.0E-4],"evs":[0.0,-1.42794,-4.50374]},"97o":{"weight":0.0,"played":[0.9985,4.0E-4,0.0011],"evs":[0.0,-1.80146,-5.18417]},"T7o":{"weight":0.0,"played":[0.9975,0.0023,2.0E-4],"evs":[0.0,-3.91505,-8.4031]},"J7o":{"weight":0.0,"played":[0.9994,5.0E-4,1.0E-4],"evs":[0.0,-3.5449,-7.50577]},"Q7o":{"weight":0.0,"played":[0.9998,1.0E-4,0.0],"evs":[0.0,-4.03761,-8.30082]},"K7o":{"weight":0.0,"played":[0.9999,1.0E-4,0.0],"evs":[0.0,-3.79404,-6.57543]},"A7o":{"weight":0.0,"played":[0.9936,0.0059,5.0E-4],"evs":[0.0,-1.98308,-3.68038]},"82s":{"weight":0.0,"played":[1.0,0.0,0.0],"evs":[0.0,-1.40231,-5.50894]},"83s":{"weight":0.0,"played":[1.0,0.0,0.0],"evs":[0.0,-0.97286,-4.46617]},"84s":{"weight":0.0,"played":[0.9988,0.0011,1.0E-4],"evs":[0.0,-2.11119,-4.48471]},"85s":{"weight":0.0,"played":[0.8914,0.1044,0.0043],"evs":[0.0,-1.26953,-3.17516]},"86s":{"weight":0.0,"played":[0.9996,3.0E-4,1.0E-4],"evs":[0.0,-1.36475,-3.65636]},"87s":{"weight":0.3443,"played":[0.353,0.6464,6.0E-4],"evs":[0.0,1.78262,-0.28922]},"88":{"weight":0.0936,"played":[2.0E-4,0.0,0.9998],"evs":[0.0,3.35599,5.62951]},"98o":{"weight":0.0,"played":[1.0,0.0,0.0],"evs":[0.0,-1.53829,-5.04398]},"T8o":{"weight":0.0,"played":[0.9968,0.0018,0.0015],"evs":[0.0,-2.26886,-5.59664]},"J8o":{"weight":0.0,"played":[0.9965,0.003,5.0E-4],"evs":[0.0,-3.00109,-6.56812]},"Q8o":{"weight":0.0,"played":[0.9995,4.0E-4,1.0E-4],"evs":[0.0,-2.48778,-6.51905]},"K8o":{"weight":0.0,"played":[0.9974,0.0025,2.0E-4],"evs":[0.0,-2.2532,-4.33598]},"A8o":{"weight":0.0,"played":[0.9444,0.0556,0.0],"evs":[0.0,-1.17258,-2.4589]},"92s":{"weight":0.0,"played":[1.0,0.0,0.0],"evs":[0.0,-2.24369,-6.51017]},"93s":{"weight":0.0,"played":[0.9994,0.0,6.0E-4],"evs":[0.0,-4.21999,-7.6405]},"94s":{"weight":0.0,"played":[0.9727,0.0267,6.0E-4],"evs":[0.0,-1.42988,-4.47153]},"95s":{"weight":0.0,"played":[0.9191,0.0804,5.0E-4],"evs":[0.0,-0.56694,-3.75907]},"96s":{"weight":0.0,"played":[0.9278,0.0722,0.0],"evs":[0.0,-1.37385,-4.62439]},"97s":{"weight":0.1446,"played":[0.9895,0.0102,3.0E-4],"evs":[0.0,-1.44649,-4.15168]},"98s":{"weight":0.3947,"played":[0.9789,0.0078,0.0133],"evs":[0.0,-1.53852,-3.86821]},"99":{"weight":7.0E-4,"played":[2.0E-4,0.0213,0.9785],"evs":[0.0,4.29356,5.84336]},"T9o":{"weight":0.0,"played":[0.9999,0.0,1.0E-4],"evs":[0.0,-2.59238,-5.46158]},"J9o":{"weight":0.0,"played":[0.9999,1.0E-4,0.0],"evs":[0.0,-1.92361,-4.29518]},"Q9o":{"weight":0.0,"played":[0.9985,7.0E-4,8.0E-4],"evs":[0.0,-3.18874,-5.4666]},"K9o":{"weight":0.0,"played":[0.9998,2.0E-4,0.0],"evs":[0.0,-2.9228,-5.23992]},"A9o":{"weight":0.4274,"played":[0.9964,8.0E-4,0.0028],"evs":[0.0,-1.16269,-1.27327]},"T2s":{"weight":0.0,"played":[0.9506,0.0487,7.0E-4],"evs":[0.0,-2.29413,-5.55687]},"T3s":{"weight":0.0,"played":[0.9876,0.0098,0.0027],"evs":[0.0,-2.39409,-3.84215]},"T4s":{"weight":0.0,"played":[0.999,7.0E-4,3.0E-4],"evs":[0.0,-3.17579,-6.97373]},"T5s":{"weight":0.0,"played":[0.9988,0.0011,0.0],"evs":[0.0,-2.69547,-6.04544]},"T6s":{"weight":0.0,"played":[0.7802,0.1803,0.0395],"evs":[0.0,-0.37361,-3.89331]},"T7s":{"weight":0.0,"played":[0.6737,0.3256,7.0E-4],"evs":[0.0,-1.36778,-4.20324]},"T8s":{"weight":0.0,"played":[0.9987,4.0E-4,0.001],"evs":[0.0,-1.73458,-4.1553]},"T9s":{"weight":0.1679,"played":[0.9966,5.0E-4,0.0028],"evs":[0.0,-1.78811,-3.4776]},"TT":{"weight":4.0E-4,"played":[0.0,1.0E-4,0.9999],"evs":[0.0,3.93198,5.42671]},"JTo":{"weight":0.0,"played":[0.9995,2.0E-4,3.0E-4],"evs":[0.0,-3.04954,-6.37622]},"QTo":{"weight":0.0,"played":[0.9989,5.0E-4,6.0E-4],"evs":[0.0,-3.99905,-5.67932]},"KTo":{"weight":0.0,"played":[0.9914,0.0057,0.0028],"evs":[0.0,-3.0025,-5.25723]},"ATo":{"weight":0.0454,"played":[0.2406,0.1675,0.5919],"evs":[0.0,-0.16366,0.45552]},"J2s":{"weight":0.0,"played":[0.9784,0.0153,0.0063],"evs":[0.0,-4.1663,-9.00566]},"J3s":{"weight":0.0,"played":[0.9985,6.0E-4,9.0E-4],"evs":[0.0,-1.82097,-5.86031]},"J4s":{"weight":0.0,"played":[0.9975,4.0E-4,0.0022],"evs":[0.0,-3.19758,-5.81278]},"J5s":{"weight":0.0,"played":[0.9936,0.0012,0.0052],"evs":[0.0,-3.88219,-6.85777]},"J6s":{"weight":0.0,"played":[0.9991,4.0E-4,5.0E-4],"evs":[0.0,-3.81401,-7.11422]},"J7s":{"weight":1.0E-4,"played":[0.4245,0.57,0.0055],"evs":[0.0,0.742,-1.75169]},"J8s":{"weight":0.0,"played":[0.8157,0.1738,0.0105],"evs":[0.0,-1.33616,-5.0039]},"J9s":{"weight":0.2146,"played":[0.9997,0.0,3.0E-4],"evs":[0.0,-1.95814,-4.128]},"JTs":{"weight":0.0607,"played":[0.9845,0.0122,0.0033],"evs":[0.0,-0.5104,-2.23482]},"JJ":{"weight":3.0E-4,"played":[0.0,0.0017,0.9983],"evs":[0.0,7.16841,8.70655]},"QJo":{"weight":0.0,"played":[0.9978,8.0E-4,0.0014],"evs":[0.0,-2.75016,-5.06084]},"KJo":{"weight":0.3286,"played":[0.8489,0.1491,0.0019],"evs":[0.0,-1.93244,-4.50486]},"AJo":{"weight":0.2548,"played":[0.1182,0.3978,0.484],"evs":[0.0,1.47959,2.06239]},"Q2s":{"weight":0.0,"played":[1.0,0.0,0.0],"evs":[0.0,-1.4307,-5.37816]},"Q3s":{"weight":0.0,"played":[0.9846,0.0078,0.0076],"evs":[0.0,-2.74005,-5.51192]},"Q4s":{"weight":0.0,"played":[0.995,0.0049,0.0],"evs":[0.0,-3.13597,-7.6395]},"Q5s":{"weight":0.0,"played":[0.9766,0.0233,0.0],"evs":[0.0,-1.51866,-5.23186]},"Q6s":{"weight":0.0,"played":[0.9959,0.004,1.0E-4],"evs":[0.0,-1.23614,-3.07448]},"Q7s":{"weight":0.0,"played":[0.9989,0.001,1.0E-4],"evs":[0.0,-1.08355,-4.76196]},"Q8s":{"weight":0.0,"played":[0.9927,0.005,0.0023],"evs":[0.0,-0.95681,-4.69633]},"Q9s":{"weight":0.0014,"played":[0.9669,0.033,0.0],"evs":[0.0,-2.70074,-5.19908]},"QTs":{"weight":0.5933,"played":[0.5767,0.4121,0.0113],"evs":[0.0,0.7005,-1.39097]},"QJs":{"weight":0.9983,"played":[0.2875,0.6969,0.0157],"evs":[0.0,0.09674,-1.10477]},"QQ":{"weight":0.0024,"played":[1.0E-4,1.0E-4,0.9998],"evs":[0.0,12.20764,14.84731]},"KQo":{"weight":0.5992,"played":[0.9959,9.0E-4,0.0032],"evs":[0.0,-0.47585,-1.62629]},"AQo":{"weight":0.0262,"played":[3.0E-4,0.0019,0.9979],"evs":[0.0,1.80268,3.33852]},"K2s":{"weight":0.0,"played":[0.9411,0.0589,0.0],"evs":[0.0,-1.6817,-3.22435]},"K3s":{"weight":0.0,"played":[0.996,0.0035,5.0E-4],"evs":[0.0,-1.82731,-3.89767]},"K4s":{"weight":7.0E-4,"played":[0.9415,0.0508,0.0077],"evs":[0.0,0.49163,-1.26642]},"K5s":{"weight":0.0,"played":[0.9285,0.05,0.0215],"evs":[0.0,0.42658,0.31393]},"K6s":{"weight":5.0E-4,"played":[0.7873,0.2106,0.0021],"evs":[0.0,-1.76158,-3.47183]},"K7s":{"weight":0.0,"played":[0.9252,0.0748,0.0],"evs":[0.0,-1.71385,-4.7458]},"K8s":{"weight":3.0E-4,"played":[0.3269,0.436,0.2371],"evs":[0.0,0.27352,-0.84238]},"K9s":{"weight":1.0E-4,"played":[0.8781,0.1043,0.0177],"evs":[0.0,-0.55519,-1.64968]},"KTs":{"weight":0.8824,"played":[0.8164,0.0459,0.1378],"evs":[0.0,-0.72769,-0.84598]},"KJs":{"weight":0.0663,"played":[0.2839,0.1122,0.6039],"evs":[0.0,1.25551,2.30073]},"KQs":{"weight":0.1281,"played":[0.0621,0.0323,0.9056],"evs":[0.0,1.47044,1.58281]},"KK":{"weight":0.0,"played":[0.0,0.0017,0.9983],"evs":[0.0,20.07876,22.05018]},"AKo":{"weight":0.0,"played":[0.0035,0.0461,0.9505],"evs":[0.0,5.30832,6.93089]},"A2s":{"weight":0.5583,"played":[0.8661,0.0893,0.0446],"evs":[0.0,-1.29347,-2.02112]},"A3s":{"weight":0.6455,"played":[0.7481,0.1488,0.1031],"evs":[0.0,-0.67129,-1.36398]},"A4s":{"weight":0.6797,"played":[0.3044,0.3854,0.3103],"evs":[0.0,0.23547,0.39778]},"A5s":{"weight":0.1725,"played":[0.0234,0.9671,0.0095],"evs":[0.0,1.92118,0.32628]},"A6s":{"weight":0.3369,"played":[0.8032,0.1938,0.003],"evs":[0.0,0.48973,-0.33133]},"A7s":{"weight":0.1536,"played":[0.7828,0.2171,1.0E-4],"evs":[0.0,-0.82055,-1.4357]},"A8s":{"weight":0.1282,"played":[0.5945,0.0066,0.3989],"evs":[0.0,-0.40696,0.34973]},"A9s":{"weight":0.5054,"played":[0.0813,0.636,0.2827],"evs":[0.0,0.08762,-0.4689]},"ATs":{"weight":0.2519,"played":[0.0589,0.1807,0.7604],"evs":[0.0,3.36843,3.5891]},"AJs":{"weight":0.0452,"played":[0.0361,0.0593,0.9045],"evs":[0.0,2.46361,3.74703]},"AQs":{"weight":0.3024,"played":[0.0064,0.082,0.9115],"evs":[0.0,4.56528,4.92133]},"AKs":{"weight":0.0034,"played":[0.0,0.1562,0.8437],"evs":[0.0,6.6646,9.20357]},"AA":{"weight":0.0099,"played":[0.0,1.0E-4,0.9999],"evs":[0.0,26.61745,29.38594]}}}