{"player":0,"street":0,"children":2,"sequence":[{"player":0,"type":"R","amount":200000,"street":0},{"player":1,"type":"F","amount":0,"street":0},{"player":2,"type":"C","amount":200000,"street":0},{"player":3,"type":"C","amount":200000,"street":0},{"player":4,"type":"R","amount":1345000,"street":0},{"player":5,"type":"F","amount":0,"street":0},{"player":0,"type":"C","amount":1145000,"street":0},{"player":2,"type":"R","amount":1405000,"street":0},{"player":3,"type":"C","amount":1205000,"street":0}],"actions":[{"type":"F","amount":0},{"type":"C","amount":60000}],"hands":{"22":{"weight":1.0E-4,"played":[0.0316,0.9684],"evs":[0.0,4.32386]},"32o":{"weight":0.0,"played":[0.013,0.987],"evs":[0.0,4.57345]},"42o":{"weight":0.0,"played":[0.004,0.996],"evs":[0.0,4.95278]},"52o":{"weight":0.0,"played":[0.0867,0.9133],"evs":[0.0,3.38736]},"62o":{"weight":0.0,"played":[0.4895,0.5105],"evs":[0.0,1.69788]},"72o":{"weight":0.0,"played":[0.0529,0.9471],"evs":[0.0,2.92218]},"82o":{"weight":0.0,"played":[0.0398,0.9602],"evs":[0.0,4.87239]},"92o":{"weight":0.0,"played":[0.1107,0.8893],"evs":[0.0,2.61188]},"T2o":{"weight":0.0,"played":[0.0,1.0],"evs":[0.0,5.36272]},"J2o":{"weight":0.0,"played":[0.0098,0.9902],"evs":[0.0,2.94852]},"Q2o":{"weight":0.0,"played":[0.1746,0.8254],"evs":[0.0,1.88353]},"K2o":{"weight":0.0,"played":[0.2347,0.7653],"evs":[0.0,5.68826]},"A2o":{"weight":0.0,"played":[2.0E-4,0.9998],"evs":[0.0,2.22705]},"32s":{"weight":0.0,"played":[0.1208,0.8792],"evs":[0.0,6.78867]},"33":{"weight":0.151,"played":[8.0E-4,0.9992],"evs":[0.0,5.40312]},"43o":{"weight":0.0,"played":[0.033,0.967],"evs":[0.0,2.51412]},"53o":{"weight":0.0,"played":[0.0565,0.9435],"evs":[0.0,1.71868]},"63o":{"weight":0.0,"played":[0.0132,0.9868],"evs":[0.0,4.55559]},"73o":{"weight":0.0,"played":[0.1331,0.8669],"evs":[0.0,3.77973]},"83o":{"weight":0.0,"played":[0.0951,0.9049],"evs":[0.0,4.00161]},"93o":{"weight":0.0,"played":[0.066,0.934],"evs":[0.0,4.30486]},"T3o":{"weight":0.0,"played":[0.256,0.744],"evs":[0.0,3.64155]},"J3o":{"weight":0.0,"played":[7.0E-4,0.9993],"evs":[0.0,0.77381]},"Q3o":{"weight":0.0,"played":[0.1218,0.8782],"evs":[0.0,1.39321]},"K3o":{"weight":0.0,"played":[0.0295,0.9705],"evs":[0.0,2.67995]},"A3o":{"weight":0.0,"played":[0.0115,0.9885],"evs":[0.0,2.11086]},"42s":{"weight":0.0,"played":[0.3203,0.6797],"evs":[0.0,6.6174]},"43s":{"weight":0.0,"played":[0.0234,0.9766],"evs":[0.0,6.38759]},"44":{"weight":0.1251,"played":[0.0012,0.9988],"evs":[0.0,7.65651]},"54o":{"weight":0.0,"played":[0.0028,0.9972],"evs":[0.0,5.3816]},"64o":{"weight":0.0,"played":[0.0933,0.9067],"evs":[0.0,5.93828]},"74o":{"weight":0.0,"played":[0.319,0.681],"evs":[0.0,5.41145]},"84o":{"weight":0.0,"played":[0.0032,0.9968],"evs":[0.0,6.23641]},"94o":{"weight":0.0,"played":[0.135,0.865],"evs":[0.0,2.54068]},"T4o":{"weight":0.0,"played":[0.2816,0.7184],"evs":[0.0,1.51274]},"J4o":{"weight":0.0,"played":[0.0689,0.9311],"evs":[0.0,2.03801]},"Q4o":{"weight":0.0,"played":[0.7216,0.2784],"evs":[0.0,1.97672]},"K4o":{"weight":0.0,"played":[0.0813,0.9187],"evs":[0.0,4.81691]},"A4o":{"weight":0.0,"played":[0.0359,0.9641],"evs":[0.0,7.86196]},"52s":{"weight":0.0,"played":[0.237,0.763],"evs":[0.0,1.73913]},"53s":{"weight":0.0,"played":[0.0887,0.9113],"evs":[0.0,0.85637]},"54s":{"weight":0.0,"played":[0.0946,0.9054],"evs":[0.0,2.80123]},"55":{"weight":0.057,"played":[0.0,1.0],"evs":[0.0,11.01105]},"65o":{"weight":0.0,"played":[0.0148,0.9852],"evs":[0.0,5.80565]},"75o":{"weight":0.0,"played":[0.1628,0.8372],"evs":[0.0,2.13255]},"85o":{"weight":0.0,"played":[0.0116,0.9884],"evs":[0.0,4.68266]},"95o":{"weight":0.0,"played":[0.0077,0.9923],"evs":[0.0,3.86913]},"T5o":{"weight":0.0,"played":[0.0097,0.9903],"evs":[0.0,3.19854]},"J5o":{"weight":0.0,"played":[0.008,0.992],"evs":[0.0,3.87671]},"Q5o":{"weight":0.0,"played":[0.2792,0.7208],"evs":[0.0,0.9538]},"K5o":{"weight":0.0,"played":[0.0827,0.9173],"evs":[0.0,3.69834]},"A5o":{"weight":0.0,"played":[0.0053,0.9947],"evs":[0.0,4.86835]},"62s":{"weight":0.0,"played":[0.0642,0.9358],"evs":[0.0,12.27742]},"63s":{"weight":0.0,"played":[0.0352,0.9648],"evs":[0.0,4.95102]},"64s":{"weight":0.0,"played":[0.0425,0.9575],"evs":[0.0,10.21285]},"65s":{"weight":0.0,"played":[0.022,0.978],"evs":[0.0,12.81162]},"66":{"weight":0.4413,"played":[0.0082,0.9918],"evs":[0.0,12.80247]},"76o":{"weight":0.0,"played":[0.0184,0.9816],"evs":[0.0,9.55914]},"86o":{"weight":0.0,"played":[7.0E-4,0.9993],"evs":[0.0,6.36432]},"96o":{"weight":0.0,"played":[0.0152,0.9848],"evs":[0.0,6.82278]},"T6o":{"weight":0.0,"played":[0.0673,0.9327],"evs":[0.0,4.62978]},"J6o":{"weight":0.0,"played":[2.0E-4,0.9998],"evs":[0.0,3.16863]},"Q6o":{"weight":0.0,"played":[0.3308,0.6692],"evs":[0.0,0.98216]},"K6o":{"weight":0.0,"played":[0.0552,0.9448],"evs":[0.0,9.22526]},"A6o":{"weight":0.0,"played":[0.0252,0.9748],"evs":[0.0,4.47885]},"72s":{"weight":0.0,"played":[0.0821,0.9179],"evs":[0.0,5.81843]},"73s":{"weight":0.0,"played":[0.0109,0.9891],"evs":[0.0,1.69074]},"74s":{"weight":0.0,"played":[0.0045,0.9955],"evs":[0.0,5.06421]},"75s":{"weight":0.0,"played":[0.2116,0.7884],"evs":[0.0,9.69732]},"76s":{"weight":0.4271,"played":[0.0412,0.9588],"evs":[0.0,8.52139]},"77":{"weight":0.3332,"played":[0.0012,0.9988],"evs":[0.0,11.32445]},"87o":{"weight":0.0,"played":[0.0282,0.9718],"evs":[0.0,5.54909]},"97o":{"weight":0.0,"played":[0.0353,0.9647],"evs":[0.0,7.64541]},"T7o":{"weight":0.0,"played":[5.0E-4,0.9995],"evs":[0.0,5.38793]},"J7o":{"weight":0.0,"played":[0.0014,0.9986],"evs":[0.0,3.67436]},"Q7o":{"weight":0.0,"played":[0.0019,0.9981],"evs":[0.0,5.81404]},"K7o":{"weight":0.0,"played":[0.1155,0.8845],"evs":[0.0,6.47112]},"A7o":{"weight":0.0,"played":[0.0029,0.9971],"evs":[0.0,7.96379]},"82s":{"weight":0.0,"played":[0.2447,0.7553],"evs":[0.0,3.35672]},"83s":{"weight":0.0,"played":[0.0246,0.9754],"evs":[0.0,3.3079]},"84s":{"weight":0.0,"played":[0.0,1.0],"evs":[0.0,9.77633]},"85s":{"weight":0.0,"played":[0.0202,0.9798],"evs":[0.0,9.4832]},"86s":{"weight":0.0,"played":[0.0118,0.9882],"evs":[0.0,5.6382]},"87s":{"weight":0.2576,"played":[0.0406,0.9594],"evs":[0.0,4.70922]},"88":{"weight":0.5651,"played":[2.0E-4,0.9998],"evs":[0.0,14.40697]},"98o":{"weight":0.0,"played":[0.0048,0.9952],"evs":[0.0,4.83034]},"T8o":{"weight":0.0,"played":[0.0023,0.9977],"evs":[0.0,7.97712]},"J8o":{"weight":0.0,"played":[0.0022,0.9978],"evs":[0.0,4.43612]},"Q8o":{"weight":0.0,"played":[0.0877,0.9123],"evs":[0.0,5.72048]},"K8o":{"weight":0.0,"played":[0.0025,0.9975],"evs":[0.0,5.99262]},"A8o":{"weight":9.0E-4,"played":[1.0E-4,0.9999],"evs":[0.0,5.3111]},"92s":{"weight":0.0,"played":[0.0043,0.9957],"evs":[0.0,4.15101]},"93s":{"weight":0.0,"played":[0.2404,0.7596],"evs":[0.0,3.77807]},"94s":{"weight":0.0,"played":[0.3024,0.6976],"evs":[0.0,3.6896]},"95s":{"weight":0.0,"played":[0.6924,0.3076],"evs":[0.0,2.74026]},"96s":{"weight":0.0,"played":[0.0652,0.9348],"evs":[0.0,8.54147]},"97s":{"weight":0.3595,"played":[5.0E-4,0.9995],"evs":[0.0,8.95404]},"98s":{"weight":0.3185,"played":[0.1244,0.8756],"evs":[0.0,5.38173]},"99":{"weight":0.2423,"played":[0.0,1.0],"evs":[0.0,15.57259]},"T9o":{"weight":0.0,"played":[6.0E-4,0.9994],"evs":[0.0,4.87448]},"J9o":{"weight":0.0,"played":[0.0034,0.9966],"evs":[0.0,6.43574]},"Q9o":{"weight":0.0,"played":[0.0033,0.9967],"evs":[0.0,10.07494]},"K9o":{"weight":0.0,"played":[0.0273,0.9727],"evs":[0.0,8.85702]},"A9o":{"weight":0.1886,"played":[0.0017,0.9983],"evs":[0.0,9.61668]},"T2s":{"weight":0.0,"played":[0.0449,0.9551],"evs":[0.0,11.38651]},"T3s":{"weight":0.0,"played":[0.1916,0.8084],"evs":[0.0,5.93799]},"T4s":{"weight":0.0,"played":[0.0731,0.9269],"evs":[0.0,1.46655]},"T5s":{"weight":0.0,"played":[0.1793,0.8207],"evs":[0.0,4.80143]},"T6s":{"weight":0.0,"played":[0.1133,0.8867],"evs":[0.0,10.13663]},"T7s":{"weight":0.0,"played":[0.0029,0.9971],"evs":[0.0,9.43556]},"T8s":{"weight":0.0,"played":[0.0569,0.9431],"evs":[0.0,9.55681]},"T9s":{"weight":0.0725,"played":[0.0105,0.9895],"evs":[0.0,3.60689]},"TT":{"weight":0.2147,"played":[9.0E-4,0.9991],"evs":[0.0,14.46041]},"JTo":{"weight":0.0,"played":[0.0022,0.9978],"evs":[0.0,3.88526]},"QTo":{"weight":0.4141,"played":[1.0E-4,0.9999],"evs":[0.0,5.01085]},"KTo":{"weight":0.0164,"played":[0.0175,0.9825],"evs":[0.0,6.00726]},"ATo":{"weight":0.1341,"played":[2.0E-4,0.9998],"evs":[0.0,8.27615]},"J2s":{"weight":0.0,"played":[0.4231,0.5769],"evs":[0.0,2.93587]},"J3s":{"weight":0.0,"played":[0.0315,0.9685],"evs":[0.0,1.16958]},"J4s":{"weight":0.0,"played":[0.017,0.983],"evs":[0.0,1.91853]},"J5s":{"weight":0.0,"played":[0.0038,0.9962],"evs":[0.0,7.48961]},"J6s":{"weight":0.0,"played":[0.0057,0.9943],"evs":[0.0,13.1692]},"J7s":{"weight":0.0,"played":[0.9538,0.0462],"evs":[0.0,-0.26687]},"J8s":{"weight":0.4645,"played":[0.0017,0.9983],"evs":[0.0,6.06054]},"J9s":{"weight":0.0154,"played":[0.0612,0.9388],"evs":[0.0,8.86446]},"JTs":{"weight":0.4963,"played":[0.0039,0.9961],"evs":[0.0,4.0283]},"JJ":{"weight":0.5977,"played":[1.0E-4,0.9999],"evs":[0.0,21.77203]},"QJo":{"weight":0.1541,"played":[1.0E-4,0.9999],"evs":[0.0,7.23352]},"KJo":{"weight":0.0735,"played":[1.0E-4,0.9999],"evs":[0.0,7.79166]},"AJo":{"weight":0.4508,"played":[3.0E-4,0.9997],"evs":[0.0,7.17656]},"Q2s":{"weight":0.0,"played":[0.1157,0.8843],"evs":[0.0,0.83154]},"Q3s":{"weight":0.0,"played":[0.2986,0.7014],"evs":[0.0,9.19639]},"Q4s":{"weight":0.0,"played":[0.1839,0.8161],"evs":[0.0,5.41765]},"Q5s":{"weight":0.0,"played":[0.0705,0.9295],"evs":[0.0,7.26252]},"Q6s":{"weight":0.0,"played":[0.0032,0.9968],"evs":[0.0,8.36099]},"Q7s":{"weight":0.0,"played":[0.0,1.0],"evs":[0.0,7.17644]},"Q8s":{"weight":0.2921,"played":[0.0182,0.9818],"evs":[0.0,7.30997]},"Q9s":{"weight":0.7571,"played":[0.0063,0.9937],"evs":[0.0,9.69548]},"QTs":{"weight":0.2988,"played":[0.0102,0.9898],"evs":[0.0,9.03481]},"QJs":{"weight":0.7699,"played":[0.0028,0.9972],"evs":[0.0,6.21996]},"QQ":{"weight":0.8102,"played":[4.0E-4,0.9996],"evs":[0.0,22.58941]},"KQo":{"weight":0.5903,"played":[0.0,1.0],"evs":[0.0,8.04969]},"AQo":{"weight":0.2046,"played":[2.0E-4,0.9998],"evs":[0.0,12.37804]},"K2s":{"weight":0.0,"played":[0.0792,0.9208],"evs":[0.0,0.77425]},"K3s":{"weight":0.0,"played":[0.0224,0.9776],"evs":[0.0,7.31666]},"K4s":{"weight":0.0,"played":[0.0116,0.9884],"evs":[0.0,7.84345]},"K5s":{"weight":0.0,"played":[0.3237,0.6763],"evs":[0.0,4.70693]},"K6s":{"weight":0.0,"played":[0.106,0.894],"evs":[0.0,8.6825]},"K7s":{"weight":0.251,"played":[0.0111,0.9889],"evs":[0.0,4.66969]},"K8s":{"weight":0.1681,"played":[0.007,0.993],"evs":[0.0,10.55519]},"K9s":{"weight":0.2994,"played":[0.0296,0.9704],"evs":[0.0,7.19005]},"KTs":{"weight":0.0235,"played":[0.0084,0.9916],"evs":[0.0,12.34113]},"KJs":{"weight":0.4627,"played":[0.0116,0.9884],"evs":[0.0,9.03069]},"KQs":{"weight":0.8657,"played":[0.0017,0.9983],"evs":[0.0,7.95129]},"KK":{"weight":0.2588,"played":[2.0E-4,0.9998],"evs":[0.0,18.84805]},"AKo":{"weight":0.4817,"played":[0.0,1.0],"evs":[0.0,11.66988]},"A2s":{"weight":0.0433,"played":[0.0704,0.9296],"evs":[0.0,4.31007]},"A3s":{"weight":0.0104,"played":[0.0085,0.9915],"evs":[0.0,6.68433]},"A4s":{"weight":0.0865,"played":[0.1429,0.8571],"evs":[0.0,7.3009]},"A5s":{"weight":0.3394,"played":[6.0E-4,0.9994],"evs":[0.0,10.49266]},"A6s":{"weight":0.0015,"played":[0.0033,0.9967],"evs":[0.0,9.63901]},"A7s":{"weight":0.1507,"played":[0.0163,0.9837],"evs":[0.0,11.6479]},"A8s":{"weight":0.4645,"played":[0.0119,0.9881],"evs":[0.0,4.44625]},"A9s":{"weight":0.8862,"played":[1.0E-4,0.9999],"evs":[0.0,9.37966]},"ATs":{"weight":0.8421,"played":[9.0E-4,0.9991],"evs":[0.0,13.9675]},"AJs":{"weight":0.5316,"played":[4.0E-4,0.9996],"evs":[0.0,14.19672]},"AQs":{"weight":0.1466,"played":[1.0E-4,0.9999],"evs":[0.0,9.43035]},"AKs":{"weight":0.3152,"played":[0.0029,0.9971],"evs":[0.0,15.45304]},"AA":{"weight":0.0092,"played":[0.0,1.0],"evs":[0.0,26.0433]}}}