{"player":3,"street":0,"children":2,"sequence":[{"player":0,"type":"R","amount":200000,"street":0},{"player":1,"type":"F","amount":0,"street":0},{"player":2,"type":"C","amount":200000,"street":0},{"player":3,"type":"C","amount":200000,"street":0},{"player":4,"type":"R","amount":1345000,"street":0},{"player":5,"type":"F","amount":0,"street":0},{"player":0,"type":"R","amount":3605000,"street":0},{"player":2,"type":"F","amount":0,"street":0}],"actions":[{"type":"F","amount":0},{"type":"C","amount":3405000}],"hands":{"22":{"weight":0.9668,"played":[0.9981,0.0019],"evs":[0.0,-2.14311]},"32o":{"weight":0.0,"played":[1.0,0.0],"evs":[0.0,-8.88666]},"42o":{"weight":0.0,"played":[0.9999,1.0E-4],"evs":[0.0,-9.33274]},"52o":{"weight":0.0,"played":[1.0,0.0],"evs":[0.0,-9.08268]},"62o":{"weight":0.0,"played":[1.0,0.0],"evs":[0.0,-8.1326]},"72o":{"weight":0.0,"played":[1.0,0.0],"evs":[0.0,-10.90746]},"82o":{"weight":0.0,"played":[0.9999,1.0E-4],"evs":[0.0,-8.51916]},"92o":{"weight":0.0,"played":[0.9999,1.0E-4],"evs":[0.0,-10.88269]},"T2o":{"weight":0.0,"played":[1.0,0.0],"evs":[0.0,-8.71394]},"J2o":{"weight":0.0,"played":[0.9998,2.0E-4],"evs":[0.0,-8.20331]},"Q2o":{"weight":0.0,"played":[0.9994,6.0E-4],"evs":[0.0,-7.76577]},"K2o":{"weight":0.0,"played":[0.9953,0.0047],"evs":[0.0,-5.39714]},"A2o":{"weight":0.0,"played":[0.9974,0.0026],"evs":[0.0,-5.88931]},"32s":{"weight":0.0,"played":[0.9998,2.0E-4],"evs":[0.0,-6.80015]},"33":{"weight":0.995,"played":[0.946,0.054],"evs":[0.0,-2.58742]},"43o":{"weight":0.0,"played":[0.9997,3.0E-4],"evs":[0.0,-8.86259]},"53o":{"weight":0.0,"played":[1.0,0.0],"evs":[0.0,-8.16008]},"63o":{"weight":0.0,"played":[1.0,0.0],"evs":[0.0,-6.87786]},"73o":{"weight":0.0,"played":[1.0,0.0],"evs":[0.0,-10.05695]},"83o":{"weight":0.0,"played":[1.0,0.0],"evs":[0.0,-7.86101]},"93o":{"weight":0.0,"played":[0.9999,1.0E-4],"evs":[0.0,-9.16131]},"T3o":{"weight":0.0,"played":[0.9997,3.0E-4],"evs":[0.0,-7.27744]},"J3o":{"weight":0.0,"played":[0.9999,1.0E-4],"evs":[0.0,-7.43409]},"Q3o":{"weight":0.0,"played":[1.0,0.0],"evs":[0.0,-6.52665]},"K3o":{"weight":0.0,"played":[1.0,0.0],"evs":[0.0,-5.91829]},"A3o":{"weight":0.0,"played":[0.9967,0.0033],"evs":[0.0,-7.8369]},"42s":{"weight":0.0,"played":[1.0,0.0],"evs":[0.0,-6.49276]},"43s":{"weight":0.0,"played":[0.9992,8.0E-4],"evs":[0.0,-6.51276]},"44":{"weight":0.9886,"played":[0.9081,0.0919],"evs":[0.0,-1.14012]},"54o":{"weight":0.0,"played":[0.9994,6.0E-4],"evs":[0.0,-6.56499]},"64o":{"weight":0.0,"played":[0.9999,1.0E-4],"evs":[0.0,-6.16817]},"74o":{"weight":0.0,"played":[0.9999,1.0E-4],"evs":[0.0,-8.69492]},"84o":{"weight":0.0,"played":[0.9999,1.0E-4],"evs":[0.0,-7.56395]},"94o":{"weight":0.0,"played":[0.9999,1.0E-4],"evs":[0.0,-9.91705]},"T4o":{"weight":0.0,"played":[1.0,0.0],"evs":[0.0,-8.69435]},"J4o":{"weight":0.0,"played":[0.9991,9.0E-4],"evs":[0.0,-7.35516]},"Q4o":{"weight":0.0,"played":[0.9997,3.0E-4],"evs":[0.0,-6.30896]},"K4o":{"weight":0.0,"played":[0.9999,1.0E-4],"evs":[0.0,-5.59287]},"A4o":{"weight":0.0,"played":[0.998,0.002],"evs":[0.0,-6.08472]},"52s":{"weight":0.0,"played":[1.0,0.0],"evs":[0.0,-7.90625]},"53s":{"weight":0.0,"played":[0.9679,0.0321],"evs":[0.0,-6.7903]},"54s":{"weight":0.0,"played":[1.0,0.0],"evs":[0.0,-5.70811]},"55":{"weight":0.9943,"played":[0.6818,0.3182],"evs":[0.0,-0.30548]},"65o":{"weight":0.0,"played":[1.0,0.0],"evs":[0.0,-7.05325]},"75o":{"weight":0.0,"played":[0.9993,7.0E-4],"evs":[0.0,-8.73895]},"85o":{"weight":0.0,"played":[0.9999,1.0E-4],"evs":[0.0,-8.50017]},"95o":{"weight":0.0,"played":[1.0,0.0],"evs":[0.0,-7.70506]},"T5o":{"weight":0.0,"played":[0.9999,1.0E-4],"evs":[0.0,-8.807]},"J5o":{"weight":0.0,"played":[1.0,0.0],"evs":[0.0,-5.56429]},"Q5o":{"weight":0.0,"played":[0.9999,1.0E-4],"evs":[0.0,-6.72918]},"K5o":{"weight":0.0,"played":[0.9982,0.0018],"evs":[0.0,-5.70041]},"A5o":{"weight":0.0,"played":[0.9841,0.0159],"evs":[0.0,-6.06478]},"62s":{"weight":0.0,"played":[0.9998,2.0E-4],"evs":[0.0,-9.11883]},"63s":{"weight":0.0,"played":[1.0,0.0],"evs":[0.0,-7.29556]},"64s":{"weight":0.0,"played":[0.9398,0.0602],"evs":[0.0,-2.99731]},"65s":{"weight":0.3572,"played":[0.9999,1.0E-4],"evs":[0.0,-7.49761]},"66":{"weight":0.975,"played":[0.1906,0.8094],"evs":[0.0,0.73681]},"76o":{"weight":0.0,"played":[0.9978,0.0022],"evs":[0.0,-7.26753]},"86o":{"weight":0.0,"played":[1.0,0.0],"evs":[0.0,-6.0806]},"96o":{"weight":0.0,"played":[1.0,0.0],"evs":[0.0,-7.94588]},"T6o":{"weight":0.0,"played":[0.9999,1.0E-4],"evs":[0.0,-7.22221]},"J6o":{"weight":0.0,"played":[1.0,0.0],"evs":[0.0,-7.34822]},"Q6o":{"weight":0.0,"played":[0.9984,0.0016],"evs":[0.0,-5.54209]},"K6o":{"weight":0.0,"played":[0.9996,4.0E-4],"evs":[0.0,-4.66748]},"A6o":{"weight":0.0,"played":[0.9946,0.0054],"evs":[0.0,-7.72774]},"72s":{"weight":0.0,"played":[0.9965,0.0035],"evs":[0.0,-8.69397]},"73s":{"weight":0.0,"played":[0.9976,0.0024],"evs":[0.0,-5.64355]},"74s":{"weight":0.0,"played":[0.9909,0.0091],"evs":[0.0,-4.13751]},"75s":{"weight":0.0,"played":[0.9615,0.0385],"evs":[0.0,-4.84408]},"76s":{"weight":0.0037,"played":[1.0,0.0],"evs":[0.0,-5.80981]},"77":{"weight":0.9986,"played":[0.1029,0.8971],"evs":[0.0,1.16162]},"87o":{"weight":0.0,"played":[0.9972,0.0028],"evs":[0.0,-6.65902]},"97o":{"weight":0.0,"played":[0.9978,0.0022],"evs":[0.0,-6.9241]},"T7o":{"weight":0.0,"played":[0.9998,2.0E-4],"evs":[0.0,-6.57642]},"J7o":{"weight":0.0,"played":[0.9994,6.0E-4],"evs":[0.0,-7.65326]},"Q7o":{"weight":0.0,"played":[0.9998,2.0E-4],"evs":[0.0,-6.49075]},"K7o":{"weight":0.0,"played":[0.9994,6.0E-4],"evs":[0.0,-3.84266]},"A7o":{"weight":0.0,"played":[0.9947,0.0053],"evs":[0.0,-7.54629]},"82s":{"weight":0.0,"played":[1.0,0.0],"evs":[0.0,-5.96163]},"83s":{"weight":0.0,"played":[0.9996,4.0E-4],"evs":[0.0,-6.72844]},"84s":{"weight":0.0,"played":[0.9994,6.0E-4],"evs":[0.0,-5.93922]},"85s":{"weight":0.0,"played":[0.995,0.005],"evs":[0.0,-8.11412]},"86s":{"weight":0.0,"played":[0.9816,0.0184],"evs":[0.0,-6.19807]},"87s":{"weight":0.3443,"played":[0.9992,8.0E-4],"evs":[0.0,-4.3074]},"88":{"weight":0.0936,"played":[0.0258,0.9742],"evs":[0.0,4.1247]},"98o":{"weight":0.0,"played":[0.9999,1.0E-4],"evs":[0.0,-5.00273]},"T8o":{"weight":0.0,"played":[0.9998,2.0E-4],"evs":[0.0,-3.43735]},"J8o":{"weight":0.0,"played":[0.9988,0.0012],"evs":[0.0,-4.27291]},"Q8o":{"weight":0.0,"played":[0.9987,0.0013],"evs":[0.0,-5.62461]},"K8o":{"weight":0.0,"played":[0.9991,9.0E-4],"evs":[0.0,-4.59635]},"A8o":{"weight":0.0,"played":[0.9925,0.0075],"evs":[0.0,-5.17586]},"92s":{"weight":0.0,"played":[0.9918,0.0082],"evs":[0.0,-5.91774]},"93s":{"weight":0.0,"played":[1.0,0.0],"evs":[0.0,-6.0785]},"94s":{"weight":0.0,"played":[0.9998,2.0E-4],"evs":[0.0,-5.39537]},"95s":{"weight":0.0,"played":[0.9996,4.0E-4],"evs":[0.0,-5.2545]},"96s":{"weight":0.0,"played":[0.9931,0.0069],"evs":[0.0,-5.10126]},"97s":{"weight":0.1446,"played":[0.9476,0.0524],"evs":[0.0,-5.4162]},"98s":{"weight":0.3947,"played":[0.9998,2.0E-4],"evs":[0.0,-3.68407]},"99":{"weight":7.0E-4,"played":[1.0E-4,0.9999],"evs":[0.0,9.34881]},"T9o":{"weight":0.0,"played":[0.9981,0.0019],"evs":[0.0,-4.31064]},"J9o":{"weight":0.0,"played":[0.999,0.001],"evs":[0.0,-2.86749]},"Q9o":{"weight":0.0,"played":[0.9989,0.0011],"evs":[0.0,-2.09727]},"K9o":{"weight":0.0,"played":[0.9985,0.0015],"evs":[0.0,-2.69951]},"A9o":{"weight":0.4274,"played":[0.9956,0.0044],"evs":[0.0,-4.46282]},"T2s":{"weight":0.0,"played":[0.9998,2.0E-4],"evs":[0.0,-6.84105]},"T3s":{"weight":0.0,"played":[0.9409,0.0591],"evs":[0.0,-3.73858]},"T4s":{"weight":0.0,"played":[0.9986,0.0014],"evs":[0.0,-5.31963]},"T5s":{"weight":0.0,"played":[0.9994,6.0E-4],"evs":[0.0,-2.99057]},"T6s":{"weight":0.0,"played":[0.9974,0.0026],"evs":[0.0,-5.66788]},"T7s":{"weight":0.0,"played":[0.9401,0.0599],"evs":[0.0,-2.42974]},"T8s":{"weight":0.0,"played":[0.7355,0.2645],"evs":[0.0,-2.72347]},"T9s":{"weight":0.1679,"played":[0.5098,0.4902],"evs":[0.0,1.56853]},"TT":{"weight":4.0E-4,"played":[1.0E-4,0.9999],"evs":[0.0,8.19318]},"JTo":{"weight":0.0,"played":[0.8799,0.1201],"evs":[0.0,-1.61098]},"QTo":{"weight":0.0,"played":[0.9775,0.0225],"evs":[0.0,-2.14018]},"KTo":{"weight":0.0,"played":[0.9829,0.0171],"evs":[0.0,-1.61024]},"ATo":{"weight":0.0454,"played":[0.9074,0.0926],"evs":[0.0,-1.98845]},"J2s":{"weight":0.0,"played":[0.9965,0.0035],"evs":[0.0,-3.26592]},"J3s":{"weight":0.0,"played":[0.9917,0.0083],"evs":[0.0,-5.41778]},"J4s":{"weight":0.0,"played":[0.9975,0.0025],"evs":[0.0,-2.94458]},"J5s":{"weight":0.0,"played":[0.9975,0.0025],"evs":[0.0,-6.69533]},"J6s":{"weight":0.0,"played":[0.9996,4.0E-4],"evs":[0.0,-4.59017]},"J7s":{"weight":1.0E-4,"played":[0.9998,2.0E-4],"evs":[0.0,-5.61176]},"J8s":{"weight":0.0,"played":[0.9441,0.0559],"evs":[0.0,-1.02459]},"J9s":{"weight":0.2146,"played":[0.9776,0.0224],"evs":[0.0,-1.2683]},"JTs":{"weight":0.0607,"played":[0.3821,0.6179],"evs":[0.0,0.71261]},"JJ":{"weight":3.0E-4,"played":[0.0,1.0],"evs":[0.0,10.1647]},"QJo":{"weight":0.0,"played":[0.9822,0.0178],"evs":[0.0,-2.67878]},"KJo":{"weight":0.3286,"played":[0.569,0.431],"evs":[0.0,-0.66046]},"AJo":{"weight":0.2548,"played":[0.1836,0.8164],"evs":[0.0,1.15547]},"Q2s":{"weight":0.0,"played":[0.9939,0.0061],"evs":[0.0,-3.09976]},"Q3s":{"weight":0.0,"played":[0.9937,0.0063],"evs":[0.0,-3.93197]},"Q4s":{"weight":0.0,"played":[1.0,0.0],"evs":[0.0,-4.59418]},"Q5s":{"weight":0.0,"played":[0.9951,0.0049],"evs":[0.0,-6.09019]},"Q6s":{"weight":0.0,"played":[0.995,0.005],"evs":[0.0,-3.21134]},"Q7s":{"weight":0.0,"played":[0.9994,6.0E-4],"evs":[0.0,-4.42175]},"Q8s":{"weight":0.0,"played":[0.9337,0.0663],"evs":[0.0,-1.32841]},"Q9s":{"weight":0.0014,"played":[0.967,0.033],"evs":[0.0,-3.85599]},"QTs":{"weight":0.5933,"played":[0.3086,0.6914],"evs":[0.0,1.38278]},"QJs":{"weight":0.9983,"played":[0.5649,0.4351],"evs":[0.0,-0.81461]},"QQ":{"weight":0.0024,"played":[0.0,1.0],"evs":[0.0,17.63147]},"KQo":{"weight":0.5992,"played":[0.0427,0.9573],"evs":[0.0,0.79137]},"AQo":{"weight":0.0262,"played":[0.0075,0.9925],"evs":[0.0,3.82902]},"K2s":{"weight":0.0,"played":[0.9982,0.0018],"evs":[0.0,-1.72073]},"K3s":{"weight":0.0,"played":[0.8192,0.1808],"evs":[0.0,-2.28289]},"K4s":{"weight":7.0E-4,"played":[0.7719,0.2281],"evs":[0.0,-2.68392]},"K5s":{"weight":0.0,"played":[0.7147,0.2853],"evs":[0.0,-3.42663]},"K6s":{"weight":5.0E-4,"played":[0.8026,0.1974],"evs":[0.0,-3.38501]},"K7s":{"weight":0.0,"played":[0.4774,0.5226],"evs":[0.0,0.60808]},"K8s":{"weight":3.0E-4,"played":[0.9478,0.0522],"evs":[0.0,-3.31853]},"K9s":{"weight":1.0E-4,"played":[0.883,0.117],"evs":[0.0,-1.61439]},"KTs":{"weight":0.8824,"played":[0.0558,0.9442],"evs":[0.0,0.50622]},"KJs":{"weight":0.0663,"played":[0.387,0.613],"evs":[0.0,-0.80406]},"KQs":{"weight":0.1281,"played":[0.0429,0.9571],"evs":[0.0,4.86376]},"KK":{"weight":0.0,"played":[1.0E-4,0.9999],"evs":[0.0,20.81501]},"AKo":{"weight":0.0,"played":[0.0,1.0],"evs":[0.0,5.70855]},"A2s":{"weight":0.5583,"played":[0.9555,0.0445],"evs":[0.0,-5.56844]},"A3s":{"weight":0.6455,"played":[0.9001,0.0999],"evs":[0.0,-5.16229]},"A4s":{"weight":0.6797,"played":[0.907,0.093],"evs":[0.0,-4.04289]},"A5s":{"weight":0.1725,"played":[0.8317,0.1683],"evs":[0.0,-2.54823]},"A6s":{"weight":0.3369,"played":[0.9981,0.0019],"evs":[0.0,-3.62751]},"A7s":{"weight":0.1536,"played":[0.8995,0.1005],"evs":[0.0,-4.43736]},"A8s":{"weight":0.1282,"played":[0.9869,0.0131],"evs":[0.0,-1.79609]},"A9s":{"weight":0.5054,"played":[0.7118,0.2882],"evs":[0.0,-1.4835]},"ATs":{"weight":0.2519,"played":[0.1512,0.8488],"evs":[0.0,1.32739]},"AJs":{"weight":0.0452,"played":[0.0824,0.9176],"evs":[0.0,0.73564]},"AQs":{"weight":0.3024,"played":[0.0049,0.9951],"evs":[0.0,0.96004]},"AKs":{"weight":0.0034,"played":[0.0016,0.9984],"evs":[0.0,6.21987]},"AA":{"weight":0.0099,"played":[3.0E-4,0.9997],"evs":[0.0,21.50684]}}}