{"player":4,"street":0,"children":2,"sequence":[{"player":0,"type":"R","amount":200000,"street":0},{"player":1,"type":"F","amount":0,"street":0},{"player":2,"type":"C","amount":200000,"street":0},{"player":3,"type":"R","amount":600000,"street":0}],"actions":[{"type":"F","amount":0,"node":272},{"type":"R","amount":1345000,"node":297}],"hands":{"22":{"weight":1.0,"played":[1.0,0.0],"evs":[0.0,-0.55036]},"32o":{"weight":1.0,"played":[1.0,0.0],"evs":[0.0,-3.22603]},"42o":{"weight":1.0,"played":[1.0,0.0],"evs":[0.0,-3.20739]},"52o":{"weight":1.0,"played":[1.0,0.0],"evs":[0.0,-3.22736]},"62o":{"weight":1.0,"played":[1.0,0.0],"evs":[0.0,-2.90293]},"72o":{"weight":1.0,"played":[1.0,0.0],"evs":[0.0,-3.77468]},"82o":{"weight":1.0,"played":[1.0,0.0],"evs":[0.0,-3.73103]},"92o":{"weight":1.0,"played":[1.0,0.0],"evs":[0.0,-3.50677]},"T2o":{"weight":1.0,"played":[1.0,0.0],"evs":[0.0,-4.09484]},"J2o":{"weight":1.0,"played":[1.0,0.0],"evs":[0.0,-3.96351]},"Q2o":{"weight":1.0,"played":[1.0,0.0],"evs":[0.0,-3.46929]},"K2o":{"weight":1.0,"played":[1.0,0.0],"evs":[0.0,-3.04613]},"A2o":{"weight":1.0,"played":[1.0,0.0],"evs":[0.0,-2.93465]},"32s":{"weight":1.0,"played":[0.9999,1.0E-4],"evs":[0.0,-2.11401]},"33":{"weight":1.0,"played":[0.9956,0.0044],"evs":[0.0,-1.2133]},"43o":{"weight":1.0,"played":[1.0,0.0],"evs":[0.0,-2.69231]},"53o":{"weight":1.0,"played":[1.0,0.0],"evs":[0.0,-2.46597]},"63o":{"weight":1.0,"played":[0.9999,1.0E-4],"evs":[0.0,-2.66519]},"73o":{"weight":1.0,"played":[1.0,0.0],"evs":[0.0,-3.19294]},"83o":{"weight":1.0,"played":[1.0,0.0],"evs":[0.0,-3.60004]},"93o":{"weight":1.0,"played":[1.0,0.0],"evs":[0.0,-3.55355]},"T3o":{"weight":1.0,"played":[1.0,0.0],"evs":[0.0,-3.97551]},"J3o":{"weight":1.0,"played":[1.0,0.0],"evs":[0.0,-3.80059]},"Q3o":{"weight":1.0,"played":[1.0,0.0],"evs":[0.0,-3.52759]},"K3o":{"weight":1.0,"played":[1.0,0.0],"evs":[0.0,-3.07632]},"A3o":{"weight":1.0,"played":[1.0,0.0],"evs":[0.0,-2.42404]},"42s":{"weight":1.0,"played":[0.9996,4.0E-4],"evs":[0.0,-2.19957]},"43s":{"weight":1.0,"played":[0.9999,1.0E-4],"evs":[0.0,-1.81666]},"44":{"weight":1.0,"played":[0.9955,0.0045],"evs":[0.0,-0.31952]},"54o":{"weight":1.0,"played":[1.0,0.0],"evs":[0.0,-2.26392]},"64o":{"weight":1.0,"played":[1.0,0.0],"evs":[0.0,-2.70027]},"74o":{"weight":1.0,"played":[1.0,0.0],"evs":[0.0,-3.06249]},"84o":{"weight":1.0,"played":[1.0,0.0],"evs":[0.0,-2.90862]},"94o":{"weight":1.0,"played":[1.0,0.0],"evs":[0.0,-3.40483]},"T4o":{"weight":1.0,"played":[1.0,0.0],"evs":[0.0,-4.25938]},"J4o":{"weight":1.0,"played":[1.0,0.0],"evs":[0.0,-3.59556]},"Q4o":{"weight":1.0,"played":[1.0,0.0],"evs":[0.0,-3.7503]},"K4o":{"weight":1.0,"played":[1.0,0.0],"evs":[0.0,-3.05432]},"A4o":{"weight":1.0,"played":[1.0,0.0],"evs":[0.0,-2.42755]},"52s":{"weight":1.0,"played":[0.9998,2.0E-4],"evs":[0.0,-1.86063]},"53s":{"weight":1.0,"played":[0.9992,8.0E-4],"evs":[0.0,-1.84641]},"54s":{"weight":1.0,"played":[0.994,0.006],"evs":[0.0,-1.58532]},"55":{"weight":1.0,"played":[0.6374,0.3626],"evs":[0.0,-0.14962]},"65o":{"weight":1.0,"played":[1.0,0.0],"evs":[0.0,-2.09816]},"75o":{"weight":1.0,"played":[1.0,0.0],"evs":[0.0,-2.31761]},"85o":{"weight":1.0,"played":[1.0,0.0],"evs":[0.0,-2.89119]},"95o":{"weight":1.0,"played":[1.0,0.0],"evs":[0.0,-3.22752]},"T5o":{"weight":1.0,"played":[1.0,0.0],"evs":[0.0,-4.17363]},"J5o":{"weight":1.0,"played":[1.0,0.0],"evs":[0.0,-3.91553]},"Q5o":{"weight":1.0,"played":[1.0,0.0],"evs":[0.0,-3.26227]},"K5o":{"weight":1.0,"played":[0.9999,1.0E-4],"evs":[0.0,-3.1759]},"A5o":{"weight":1.0,"played":[1.0,0.0],"evs":[0.0,-2.41024]},"62s":{"weight":1.0,"played":[1.0,0.0],"evs":[0.0,-2.30046]},"63s":{"weight":1.0,"played":[0.9998,2.0E-4],"evs":[0.0,-1.53107]},"64s":{"weight":1.0,"played":[0.9999,1.0E-4],"evs":[0.0,-0.89235]},"65s":{"weight":1.0,"played":[1.0,0.0],"evs":[0.0,-1.42658]},"66":{"weight":1.0,"played":[0.5628,0.4372],"evs":[0.0,-0.0965]},"76o":{"weight":1.0,"played":[1.0,0.0],"evs":[0.0,-2.44183]},"86o":{"weight":1.0,"played":[0.9997,3.0E-4],"evs":[0.0,-2.2173]},"96o":{"weight":1.0,"played":[1.0,0.0],"evs":[0.0,-2.85642]},"T6o":{"weight":1.0,"played":[1.0,0.0],"evs":[0.0,-3.05641]},"J6o":{"weight":1.0,"played":[1.0,0.0],"evs":[0.0,-3.74927]},"Q6o":{"weight":1.0,"played":[0.9999,1.0E-4],"evs":[0.0,-3.08074]},"K6o":{"weight":1.0,"played":[1.0,0.0],"evs":[0.0,-2.77972]},"A6o":{"weight":1.0,"played":[1.0,0.0],"evs":[0.0,-2.91497]},"72s":{"weight":1.0,"played":[0.9999,1.0E-4],"evs":[0.0,-2.7874]},"73s":{"weight":1.0,"played":[0.9991,9.0E-4],"evs":[0.0,-2.43606]},"74s":{"weight":1.0,"played":[0.9986,0.0014],"evs":[0.0,-1.96602]},"75s":{"weight":1.0,"played":[0.9989,0.0011],"evs":[0.0,-0.90305]},"76s":{"weight":1.0,"played":[0.9529,0.0471],"evs":[0.0,-1.53359]},"77":{"weight":1.0,"played":[0.1354,0.8646],"evs":[0.0,0.4116]},"87o":{"weight":1.0,"played":[1.0,0.0],"evs":[0.0,-2.39585]},"97o":{"weight":1.0,"played":[1.0,0.0],"evs":[0.0,-2.36942]},"T7o":{"weight":1.0,"played":[1.0,0.0],"evs":[0.0,-3.12157]},"J7o":{"weight":1.0,"played":[0.9999,1.0E-4],"evs":[0.0,-3.5788]},"Q7o":{"weight":1.0,"played":[1.0,0.0],"evs":[0.0,-3.5289]},"K7o":{"weight":1.0,"played":[1.0,0.0],"evs":[0.0,-3.2604]},"A7o":{"weight":1.0,"played":[1.0,0.0],"evs":[0.0,-2.86514]},"82s":{"weight":1.0,"played":[0.9994,6.0E-4],"evs":[0.0,-2.69506]},"83s":{"weight":1.0,"played":[0.9999,1.0E-4],"evs":[0.0,-2.28395]},"84s":{"weight":1.0,"played":[1.0,0.0],"evs":[0.0,-1.84475]},"85s":{"weight":1.0,"played":[0.9985,0.0015],"evs":[0.0,-1.5047]},"86s":{"weight":1.0,"played":[0.9981,0.0019],"evs":[0.0,-1.60623]},"87s":{"weight":1.0,"played":[0.9999,1.0E-4],"evs":[0.0,-1.84365]},"88":{"weight":1.0,"played":[0.0145,0.9855],"evs":[0.0,0.61106]},"98o":{"weight":1.0,"played":[1.0,0.0],"evs":[0.0,-2.29857]},"T8o":{"weight":1.0,"played":[1.0,0.0],"evs":[0.0,-2.80739]},"J8o":{"weight":1.0,"played":[1.0,0.0],"evs":[0.0,-2.99899]},"Q8o":{"weight":1.0,"played":[1.0,0.0],"evs":[0.0,-3.49678]},"K8o":{"weight":1.0,"played":[0.9999,1.0E-4],"evs":[0.0,-2.8505]},"A8o":{"weight":1.0,"played":[1.0,0.0],"evs":[0.0,-2.28137]},"92s":{"weight":1.0,"played":[0.9999,1.0E-4],"evs":[0.0,-2.96152]},"93s":{"weight":1.0,"played":[0.9992,8.0E-4],"evs":[0.0,-2.2148]},"94s":{"weight":1.0,"played":[0.9995,5.0E-4],"evs":[0.0,-2.51905]},"95s":{"weight":1.0,"played":[0.9997,3.0E-4],"evs":[0.0,-2.19964]},"96s":{"weight":1.0,"played":[0.9869,0.0131],"evs":[0.0,-1.84208]},"97s":{"weight":1.0,"played":[0.9938,0.0062],"evs":[0.0,-1.629]},"98s":{"weight":1.0,"played":[0.9862,0.0138],"evs":[0.0,-1.18526]},"99":{"weight":1.0,"played":[0.012,0.988],"evs":[0.0,1.17839]},"T9o":{"weight":1.0,"played":[0.9998,2.0E-4],"evs":[0.0,-2.77737]},"J9o":{"weight":1.0,"played":[1.0,0.0],"evs":[0.0,-2.85498]},"Q9o":{"weight":1.0,"played":[1.0,0.0],"evs":[0.0,-2.70823]},"K9o":{"weight":1.0,"played":[0.9991,9.0E-4],"evs":[0.0,-2.42738]},"A9o":{"weight":1.0,"played":[0.9996,4.0E-4],"evs":[0.0,-2.00663]},"T2s":{"weight":1.0,"played":[0.9992,8.0E-4],"evs":[0.0,-2.64842]},"T3s":{"weight":1.0,"played":[0.9998,2.0E-4],"evs":[0.0,-3.08492]},"T4s":{"weight":1.0,"played":[0.9992,8.0E-4],"evs":[0.0,-2.50106]},"T5s":{"weight":1.0,"played":[0.9996,4.0E-4],"evs":[0.0,-2.87135]},"T6s":{"weight":1.0,"played":[0.9994,6.0E-4],"evs":[0.0,-2.37994]},"T7s":{"weight":1.0,"played":[0.9814,0.0186],"evs":[0.0,-2.12091]},"T8s":{"weight":1.0,"played":[1.0,0.0],"evs":[0.0,-1.83555]},"T9s":{"weight":1.0,"played":[0.9984,0.0016],"evs":[0.0,-1.70043]},"TT":{"weight":1.0,"played":[0.0,1.0],"evs":[0.0,1.03305]},"JTo":{"weight":1.0,"played":[1.0,0.0],"evs":[0.0,-3.07511]},"QTo":{"weight":1.0,"played":[0.9999,1.0E-4],"evs":[0.0,-3.17686]},"KTo":{"weight":1.0,"played":[1.0,0.0],"evs":[0.0,-2.48906]},"ATo":{"weight":1.0,"played":[0.9998,2.0E-4],"evs":[0.0,-0.95306]},"J2s":{"weight":1.0,"played":[0.9999,1.0E-4],"evs":[0.0,-2.6817]},"J3s":{"weight":1.0,"played":[0.9998,2.0E-4],"evs":[0.0,-2.84192]},"J4s":{"weight":1.0,"played":[1.0,0.0],"evs":[0.0,-2.62633]},"J5s":{"weight":1.0,"played":[0.9981,0.0019],"evs":[0.0,-3.03228]},"J6s":{"weight":1.0,"played":[0.9999,1.0E-4],"evs":[0.0,-2.85706]},"J7s":{"weight":1.0,"played":[0.9996,4.0E-4],"evs":[0.0,-2.39967]},"J8s":{"weight":1.0,"played":[0.9971,0.0029],"evs":[0.0,-1.75667]},"J9s":{"weight":1.0,"played":[0.9992,8.0E-4],"evs":[0.0,-2.12038]},"JTs":{"weight":1.0,"played":[0.9996,4.0E-4],"evs":[0.0,-2.18915]},"JJ":{"weight":1.0,"played":[0.0,1.0],"evs":[0.0,2.88977]},"QJo":{"weight":1.0,"played":[0.9975,0.0025],"evs":[0.0,-2.62424]},"KJo":{"weight":1.0,"played":[1.0,0.0],"evs":[0.0,-2.46698]},"AJo":{"weight":1.0,"played":[0.2043,0.7957],"evs":[0.0,0.14937]},"Q2s":{"weight":1.0,"played":[0.9999,1.0E-4],"evs":[0.0,-2.74571]},"Q3s":{"weight":1.0,"played":[0.9998,2.0E-4],"evs":[0.0,-2.05426]},"Q4s":{"weight":1.0,"played":[0.9999,1.0E-4],"evs":[0.0,-2.33106]},"Q5s":{"weight":1.0,"played":[0.9962,0.0038],"evs":[0.0,-1.97751]},"Q6s":{"weight":1.0,"played":[0.9998,2.0E-4],"evs":[0.0,-2.10236]},"Q7s":{"weight":1.0,"played":[0.9994,6.0E-4],"evs":[0.0,-2.38404]},"Q8s":{"weight":1.0,"played":[0.9999,1.0E-4],"evs":[0.0,-1.92141]},"Q9s":{"weight":1.0,"played":[0.9962,0.0038],"evs":[0.0,-2.00517]},"QTs":{"weight":1.0,"played":[0.9999,1.0E-4],"evs":[0.0,-1.73462]},"QJs":{"weight":1.0,"played":[0.9992,8.0E-4],"evs":[0.0,-1.334]},"QQ":{"weight":1.0,"played":[0.0,1.0],"evs":[0.0,3.96655]},"KQo":{"weight":1.0,"played":[0.9997,3.0E-4],"evs":[0.0,-2.01475]},"AQo":{"weight":1.0,"played":[0.0,1.0],"evs":[0.0,1.56585]},"K2s":{"weight":1.0,"played":[0.9972,0.0028],"evs":[0.0,-2.01797]},"K3s":{"weight":1.0,"played":[0.9999,1.0E-4],"evs":[0.0,-1.87414]},"K4s":{"weight":1.0,"played":[0.9998,2.0E-4],"evs":[0.0,-1.80042]},"K5s":{"weight":1.0,"played":[0.9981,0.0019],"evs":[0.0,-1.97184]},"K6s":{"weight":1.0,"played":[0.9961,0.0039],"evs":[0.0,-1.66617]},"K7s":{"weight":1.0,"played":[0.9996,4.0E-4],"evs":[0.0,-1.58224]},"K8s":{"weight":1.0,"played":[0.9998,2.0E-4],"evs":[0.0,-1.76054]},"K9s":{"weight":1.0,"played":[0.9882,0.0118],"evs":[0.0,-1.15044]},"KTs":{"weight":1.0,"played":[0.9867,0.0133],"evs":[0.0,-1.35334]},"KJs":{"weight":1.0,"played":[0.9997,3.0E-4],"evs":[0.0,-0.9375]},"KQs":{"weight":1.0,"played":[1.0,0.0],"evs":[0.0,-1.16839]},"KK":{"weight":1.0,"played":[0.0,1.0],"evs":[0.0,6.58484]},"AKo":{"weight":1.0,"played":[0.0,1.0],"evs":[0.0,2.46598]},"A2s":{"weight":1.0,"played":[0.9996,4.0E-4],"evs":[0.0,-1.67837]},"A3s":{"weight":1.0,"played":[0.9997,3.0E-4],"evs":[0.0,-1.71482]},"A4s":{"weight":1.0,"played":[0.9979,0.0021],"evs":[0.0,-1.33363]},"A5s":{"weight":1.0,"played":[0.9913,0.0087],"evs":[0.0,-1.58935]},"A6s":{"weight":1.0,"played":[0.9999,1.0E-4],"evs":[0.0,-1.79849]},"A7s":{"weight":1.0,"played":[0.9952,0.0048],"evs":[0.0,-1.15254]},"A8s":{"weight":1.0,"played":[0.9991,9.0E-4],"evs":[0.0,-0.98724]},"A9s":{"weight":1.0,"played":[0.6971,0.3029],"evs":[0.0,-0.03488]},"ATs":{"weight":1.0,"played":[0.9499,0.0501],"evs":[0.0,-0.80692]},"AJs":{"weight":1.0,"played":[0.027,0.973],"evs":[0.0,1.9047]},"AQs":{"weight":1.0,"played":[1.0E-4,0.9999],"evs":[0.0,2.4686]},"AKs":{"weight":1.0,"played":[0.0015,0.9985],"evs":[0.0,3.45003]},"AA":{"weight":1.0,"played":[0.0,1.0],"evs":[0.0,11.65499]}}}