{"player":3,"street":0,"children":3,"sequence":[{"player":0,"type":"R","amount":200000,"street":0},{"player":1,"type":"F","amount":0,"street":0},{"player":2,"type":"C","amount":200000,"street":0},{"player":3,"type":"R","amount":600000,"street":0},{"player":4,"type":"F","amount":0,"street":0},{"player":5,"type":"F","amount":0,"street":0},{"player":0,"type":"C","amount":400000,"street":0},{"player":2,"type":"R","amount":1405000,"street":0}],"actions":[{"type":"F","amount":0,"node":278},{"type":"C","amount":805000,"node":279},{"type":"R","amount":3605000,"node":281}],"hands":{"22":{"weight":0.0,"played":[0.911,1.0E-4,0.0889],"evs":[0.0,-1.92483,-1.80219]},"32o":{"weight":0.0,"played":[0.9998,2.0E-4,0.0],"evs":[0.0,-2.80581,-5.48024]},"42o":{"weight":0.0,"played":[1.0,0.0,0.0],"evs":[0.0,-3.09337,-5.07223]},"52o":{"weight":0.0,"played":[0.9998,0.0,2.0E-4],"evs":[0.0,-2.85943,-5.44497]},"62o":{"weight":0.0,"played":[0.9996,3.0E-4,1.0E-4],"evs":[0.0,-2.54776,-5.21117]},"72o":{"weight":0.0,"played":[1.0,0.0,0.0],"evs":[0.0,-2.64798,-5.8293]},"82o":{"weight":0.0,"played":[0.9999,1.0E-4,0.0],"evs":[0.0,-2.66208,-5.28397]},"92o":{"weight":0.0,"played":[1.0,0.0,0.0],"evs":[0.0,-2.80248,-4.31022]},"T2o":{"weight":0.0,"played":[0.9998,0.0,2.0E-4],"evs":[0.0,-2.80467,-4.96581]},"J2o":{"weight":0.0,"played":[1.0,0.0,0.0],"evs":[0.0,-3.51965,-6.13098]},"Q2o":{"weight":0.0,"played":[0.9987,0.0013,0.0],"evs":[0.0,-2.30319,-4.26247]},"K2o":{"weight":0.0,"played":[0.9998,1.0E-4,0.0],"evs":[0.0,-3.54162,-6.45193]},"A2o":{"weight":0.0,"played":[0.9931,0.0057,0.0012],"evs":[0.0,-1.16948,-1.98821]},"32s":{"weight":0.0,"played":[0.9951,0.0022,0.0028],"evs":[0.0,-2.40252,-3.90933]},"33":{"weight":0.0,"played":[0.8501,0.0,0.1499],"evs":[0.0,-1.08215,-0.62811]},"43o":{"weight":0.0,"played":[1.0,0.0,0.0],"evs":[0.0,-3.10306,-5.12211]},"53o":{"weight":0.0,"played":[1.0,0.0,0.0],"evs":[0.0,-2.72444,-4.39778]},"63o":{"weight":0.0,"played":[0.9997,1.0E-4,1.0E-4],"evs":[0.0,-2.64301,-4.36618]},"73o":{"weight":0.0,"played":[0.9998,1.0E-4,0.0],"evs":[0.0,-2.96336,-5.38849]},"83o":{"weight":0.0,"played":[0.9994,5.0E-4,1.0E-4],"evs":[0.0,-2.83739,-4.96355]},"93o":{"weight":0.0,"played":[1.0,0.0,0.0],"evs":[0.0,-2.56929,-4.9447]},"T3o":{"weight":0.0,"played":[0.9995,4.0E-4,1.0E-4],"evs":[0.0,-2.97895,-5.57655]},"J3o":{"weight":0.0,"played":[1.0,0.0,0.0],"evs":[0.0,-3.1907,-5.67192]},"Q3o":{"weight":0.0,"played":[0.9992,3.0E-4,5.0E-4],"evs":[0.0,-3.08478,-4.91689]},"K3o":{"weight":0.0,"played":[0.9999,1.0E-4,0.0],"evs":[0.0,-3.56891,-5.12562]},"A3o":{"weight":0.0,"played":[0.9998,0.0,2.0E-4],"evs":[0.0,-1.69848,-2.55575]},"42s":{"weight":0.0,"played":[0.9998,2.0E-4,0.0],"evs":[0.0,-2.31714,-2.44752]},"43s":{"weight":0.0,"played":[0.9929,0.0012,0.0059],"evs":[0.0,-1.65713,-1.34267]},"44":{"weight":0.0,"played":[0.5124,0.0676,0.42],"evs":[0.0,-1.17518,-1.08754]},"54o":{"weight":0.0,"played":[1.0,0.0,0.0],"evs":[0.0,-2.40932,-3.74754]},"64o":{"weight":0.0,"played":[0.9998,2.0E-4,0.0],"evs":[0.0,-2.48545,-4.49501]},"74o":{"weight":0.0,"played":[0.9989,8.0E-4,3.0E-4],"evs":[0.0,-2.62836,-4.10236]},"84o":{"weight":0.0,"played":[0.9991,9.0E-4,0.0],"evs":[0.0,-2.782,-4.21319]},"94o":{"weight":0.0,"played":[0.9995,3.0E-4,2.0E-4],"evs":[0.0,-2.74854,-4.94355]},"T4o":{"weight":0.0,"played":[0.9999,0.0,1.0E-4],"evs":[0.0,-3.20411,-5.38621]},"J4o":{"weight":0.0,"played":[0.9998,2.0E-4,0.0],"evs":[0.0,-3.27362,-5.77238]},"Q4o":{"weight":0.0,"played":[1.0,0.0,0.0],"evs":[0.0,-2.75438,-4.81606]},"K4o":{"weight":0.0,"played":[1.0,0.0,0.0],"evs":[0.0,-3.15072,-5.26319]},"A4o":{"weight":0.0,"played":[0.9989,0.0,0.001],"evs":[0.0,-1.7826,-2.60875]},"52s":{"weight":0.0,"played":[0.9941,0.0028,0.0031],"evs":[0.0,-2.67845,-3.56593]},"53s":{"weight":0.0,"played":[0.9517,0.0197,0.0286],"evs":[0.0,-1.45622,-1.9506]},"54s":{"weight":0.0,"played":[0.9958,0.0034,8.0E-4],"evs":[0.0,-1.76624,-2.34348]},"55":{"weight":0.001,"played":[0.0934,0.1223,0.7844],"evs":[0.0,-0.85183,0.26243]},"65o":{"weight":0.0,"played":[0.9996,0.0,4.0E-4],"evs":[0.0,-1.96947,-3.19273]},"75o":{"weight":0.0,"played":[0.9999,1.0E-4,1.0E-4],"evs":[0.0,-2.27296,-3.67898]},"85o":{"weight":0.0,"played":[0.9999,1.0E-4,0.0],"evs":[0.0,-2.53211,-3.57434]},"95o":{"weight":0.0,"played":[1.0,0.0,0.0],"evs":[0.0,-2.68551,-4.35481]},"T5o":{"weight":0.0,"played":[1.0,0.0,0.0],"evs":[0.0,-2.39142,-4.77471]},"J5o":{"weight":0.0,"played":[1.0,0.0,0.0],"evs":[0.0,-2.85536,-5.63026]},"Q5o":{"weight":0.0,"played":[1.0,0.0,0.0],"evs":[0.0,-2.56832,-4.09791]},"K5o":{"weight":0.0,"played":[0.9998,2.0E-4,1.0E-4],"evs":[0.0,-3.15324,-5.50518]},"A5o":{"weight":0.0,"played":[0.9941,0.0048,0.0011],"evs":[0.0,-1.09896,-1.98271]},"62s":{"weight":0.0,"played":[0.9971,0.0013,0.0016],"evs":[0.0,-2.29367,-3.03938]},"63s":{"weight":0.0,"played":[0.9998,2.0E-4,0.0],"evs":[0.0,-2.54687,-3.60218]},"64s":{"weight":0.0,"played":[0.9958,3.0E-4,0.0039],"evs":[0.0,-2.09405,-2.85613]},"65s":{"weight":0.0,"played":[0.6601,0.2762,0.0637],"evs":[0.0,-0.33885,-0.8158]},"66":{"weight":0.0191,"played":[0.0023,0.3515,0.6462],"evs":[0.0,2.04646,1.96596]},"76o":{"weight":0.0,"played":[0.996,0.0016,0.0023],"evs":[0.0,-2.12401,-2.34845]},"86o":{"weight":0.0,"played":[0.9905,0.0015,0.008],"evs":[0.0,-2.20662,-2.71175]},"96o":{"weight":0.0,"played":[0.9982,8.0E-4,0.001],"evs":[0.0,-1.99278,-3.47635]},"T6o":{"weight":0.0,"played":[1.0,0.0,0.0],"evs":[0.0,-2.47361,-4.06316]},"J6o":{"weight":0.0,"played":[0.9996,3.0E-4,2.0E-4],"evs":[0.0,-2.8746,-5.23829]},"Q6o":{"weight":0.0,"played":[0.999,0.001,1.0E-4],"evs":[0.0,-2.19235,-3.78326]},"K6o":{"weight":0.0,"played":[0.9991,4.0E-4,5.0E-4],"evs":[0.0,-3.11918,-5.29272]},"A6o":{"weight":0.0,"played":[0.9943,6.0E-4,0.0051],"evs":[0.0,-1.11431,-2.48157]},"72s":{"weight":0.0,"played":[0.999,0.0,0.001],"evs":[0.0,-1.98202,-1.91691]},"73s":{"weight":0.0,"played":[0.9988,0.001,2.0E-4],"evs":[0.0,-2.68404,-3.18366]},"74s":{"weight":0.0,"played":[0.9323,0.0014,0.0663],"evs":[0.0,-1.37497,-1.81525]},"75s":{"weight":0.0,"played":[0.981,1.0E-4,0.0189],"evs":[0.0,-1.12178,-1.47772]},"76s":{"weight":0.0,"played":[0.1636,0.0245,0.8119],"evs":[0.0,-0.7165,0.36545]},"77":{"weight":8.0E-4,"played":[0.015,0.3503,0.6347],"evs":[0.0,2.77518,3.15188]},"87o":{"weight":0.0,"played":[0.997,1.0E-4,0.0029],"evs":[0.0,-1.35337,-1.38407]},"97o":{"weight":0.0,"played":[0.9987,1.0E-4,0.0011],"evs":[0.0,-1.41763,-2.26095]},"T7o":{"weight":0.0,"played":[0.9972,0.0016,0.0011],"evs":[0.0,-2.1934,-3.12198]},"J7o":{"weight":0.0,"played":[0.9998,1.0E-4,1.0E-4],"evs":[0.0,-2.70342,-4.46576]},"Q7o":{"weight":0.0,"played":[0.9994,0.0,6.0E-4],"evs":[0.0,-2.01868,-3.30064]},"K7o":{"weight":0.0,"played":[0.9999,1.0E-4,0.0],"evs":[0.0,-2.82937,-3.92679]},"A7o":{"weight":0.0,"played":[0.8698,0.0027,0.1276],"evs":[0.0,-1.23524,-0.77179]},"82s":{"weight":0.0,"played":[0.9997,3.0E-4,0.0],"evs":[0.0,-2.31632,-3.90888]},"83s":{"weight":0.0,"played":[0.9967,0.0014,0.0019],"evs":[0.0,-2.18439,-3.94203]},"84s":{"weight":0.0,"played":[0.9961,0.0,0.0039],"evs":[0.0,-2.82053,-3.50954]},"85s":{"weight":0.0,"played":[0.9934,4.0E-4,0.0062],"evs":[0.0,-2.3175,-2.62593]},"86s":{"weight":0.0,"played":[0.404,0.5705,0.0255],"evs":[0.0,-0.16812,-0.82325]},"87s":{"weight":0.0,"played":[0.0473,0.6811,0.2717],"evs":[0.0,2.06234,1.9735]},"88":{"weight":0.2889,"played":[0.0,0.0919,0.9081],"evs":[0.0,4.21416,4.3788]},"98o":{"weight":0.0,"played":[0.9977,7.0E-4,0.0015],"evs":[0.0,-1.20344,-1.40516]},"T8o":{"weight":0.0,"played":[0.9999,0.0,1.0E-4],"evs":[0.0,-1.89162,-2.55]},"J8o":{"weight":0.0,"played":[0.9976,0.0015,9.0E-4],"evs":[0.0,-2.21427,-3.18293]},"Q8o":{"weight":0.0,"played":[0.9982,7.0E-4,0.0011],"evs":[0.0,-1.64591,-2.74078]},"K8o":{"weight":0.0,"played":[0.9973,4.0E-4,0.0024],"evs":[0.0,-2.58821,-4.03378]},"A8o":{"weight":0.0511,"played":[0.9903,0.005,0.0047],"evs":[0.0,-0.96734,-1.26444]},"92s":{"weight":0.0,"played":[0.9951,0.0012,0.0037],"evs":[0.0,-2.45061,-3.82855]},"93s":{"weight":0.0,"played":[0.9985,0.001,5.0E-4],"evs":[0.0,-1.62824,-3.84205]},"94s":{"weight":0.0,"played":[0.9943,0.0055,2.0E-4],"evs":[0.0,-2.48573,-3.06973]},"95s":{"weight":0.0,"played":[0.9768,0.0029,0.0203],"evs":[0.0,-2.92858,-3.24489]},"96s":{"weight":0.0,"played":[0.9904,0.0074,0.0021],"evs":[0.0,-1.13715,-1.2099]},"97s":{"weight":0.0,"played":[0.8758,0.1237,5.0E-4],"evs":[0.0,0.28546,-0.48391]},"98s":{"weight":0.0,"played":[0.9412,3.0E-4,0.0585],"evs":[0.0,-2.29825,-1.90695]},"99":{"weight":0.0802,"played":[1.0E-4,0.5178,0.4821],"evs":[0.0,4.31336,4.15346]},"T9o":{"weight":0.0,"played":[0.9956,0.0017,0.0027],"evs":[0.0,-1.43561,-1.53691]},"J9o":{"weight":0.0,"played":[0.9999,0.0,1.0E-4],"evs":[0.0,-1.59966,-2.35788]},"Q9o":{"weight":0.0,"played":[0.9992,7.0E-4,1.0E-4],"evs":[0.0,-1.85484,-2.47581]},"K9o":{"weight":0.0,"played":[0.999,8.0E-4,2.0E-4],"evs":[0.0,-2.80437,-3.92012]},"A9o":{"weight":0.2403,"played":[0.9979,0.0012,9.0E-4],"evs":[0.0,-0.86764,-1.15756]},"T2s":{"weight":0.0,"played":[0.9981,4.0E-4,0.0014],"evs":[0.0,-2.1717,-3.72148]},"T3s":{"weight":0.0,"played":[0.9997,1.0E-4,2.0E-4],"evs":[0.0,-1.80906,-2.01898]},"T4s":{"weight":0.0,"played":[0.9982,0.0016,2.0E-4],"evs":[0.0,-2.14248,-3.64489]},"T5s":{"weight":0.0,"played":[0.9939,5.0E-4,0.0056],"evs":[0.0,-2.25615,-3.83401]},"T6s":{"weight":0.0,"played":[0.9995,0.0,5.0E-4],"evs":[0.0,-2.16504,-2.15071]},"T7s":{"weight":0.0,"played":[0.9819,0.0,0.0181],"evs":[0.0,-1.09666,-0.9951]},"T8s":{"weight":0.0,"played":[0.6822,0.2331,0.0848],"evs":[0.0,-1.07988,-1.09944]},"T9s":{"weight":0.0,"played":[0.4927,0.4525,0.0548],"evs":[0.0,0.07992,-0.42571]},"TT":{"weight":0.0513,"played":[1.0E-4,0.2253,0.7746],"evs":[0.0,5.16902,5.29772]},"JTo":{"weight":0.0,"played":[0.9998,0.0,2.0E-4],"evs":[0.0,-1.69599,-3.09427]},"QTo":{"weight":0.0,"played":[0.9974,0.0026,0.0],"evs":[0.0,-1.61914,-1.71583]},"KTo":{"weight":0.0,"played":[0.9972,1.0E-4,0.0027],"evs":[0.0,-2.56657,-2.81093]},"ATo":{"weight":0.9116,"played":[0.4327,0.231,0.3362],"evs":[0.0,-0.12412,-0.33183]},"J2s":{"weight":0.0,"played":[0.9943,0.0,0.0057],"evs":[0.0,-2.95037,-3.70021]},"J3s":{"weight":0.0,"played":[0.9974,2.0E-4,0.0024],"evs":[0.0,-2.88725,-3.86699]},"J4s":{"weight":0.0,"played":[0.9889,0.0042,0.0069],"evs":[0.0,-2.79252,-5.39309]},"J5s":{"weight":0.0,"played":[0.9211,0.0018,0.0771],"evs":[0.0,-2.85564,-2.8557]},"J6s":{"weight":0.0,"played":[0.995,0.0035,0.0015],"evs":[0.0,-2.07208,-3.62994]},"J7s":{"weight":0.0,"played":[0.6234,0.1944,0.1821],"evs":[0.0,-0.91828,-2.08237]},"J8s":{"weight":0.0,"played":[0.8968,0.0011,0.102],"evs":[0.0,-1.52797,-1.01095]},"J9s":{"weight":1.0E-4,"played":[0.1331,0.8586,0.0083],"evs":[0.0,-0.2697,-0.73727]},"JTs":{"weight":0.0,"played":[0.623,0.06,0.317],"evs":[0.0,-0.53728,-0.30099]},"JJ":{"weight":0.3988,"played":[0.0,0.1257,0.8743],"evs":[0.0,5.47528,5.59907]},"QJo":{"weight":0.0,"played":[0.9953,0.0,0.0047],"evs":[0.0,-1.77098,-2.07757]},"KJo":{"weight":0.0,"played":[0.9836,0.0057,0.0107],"evs":[0.0,-2.13256,-2.63253]},"AJo":{"weight":0.4432,"played":[0.0049,0.1977,0.7974],"evs":[0.0,0.7738,0.8451]},"Q2s":{"weight":0.0,"played":[0.9964,0.0015,0.0021],"evs":[0.0,-1.66738,-2.61313]},"Q3s":{"weight":0.0,"played":[0.9995,5.0E-4,0.0],"evs":[0.0,-1.65895,-2.11846]},"Q4s":{"weight":0.0,"played":[0.9997,2.0E-4,1.0E-4],"evs":[0.0,-2.32251,-3.16601]},"Q5s":{"weight":0.0,"played":[0.9452,0.0134,0.0414],"evs":[0.0,-1.96885,-2.54671]},"Q6s":{"weight":0.0,"played":[0.8646,0.0441,0.0913],"evs":[0.0,-1.67262,-1.66571]},"Q7s":{"weight":0.0,"played":[0.9866,0.0031,0.0103],"evs":[0.0,-1.57501,-1.96088]},"Q8s":{"weight":0.0,"played":[0.7469,0.1751,0.0779],"evs":[0.0,-1.03534,-1.12981]},"Q9s":{"weight":0.0,"played":[0.7191,0.0743,0.2066],"evs":[0.0,-0.78167,-0.2774]},"QTs":{"weight":0.0131,"played":[0.1639,0.8345,0.0015],"evs":[0.0,0.28979,-0.69159]},"QJs":{"weight":0.0,"played":[0.7219,0.1538,0.1242],"evs":[0.0,-1.13968,-1.35059]},"QQ":{"weight":0.5025,"played":[0.0,0.2844,0.7156],"evs":[0.0,9.56856,9.67377]},"KQo":{"weight":0.1431,"played":[0.5337,0.3434,0.1229],"evs":[0.0,-0.25613,0.12577]},"AQo":{"weight":0.146,"played":[0.0,0.0995,0.9005],"evs":[0.0,3.20501,4.18501]},"K2s":{"weight":0.0,"played":[0.9485,0.0085,0.043],"evs":[0.0,-2.84131,-3.83289]},"K3s":{"weight":0.0,"played":[0.9807,0.0155,0.0038],"evs":[0.0,-2.49585,-3.28018]},"K4s":{"weight":0.0,"played":[0.9755,0.0039,0.0205],"evs":[0.0,-3.80924,-5.35443]},"K5s":{"weight":0.0,"played":[0.9933,0.0044,0.0023],"evs":[0.0,-2.47988,-3.8124]},"K6s":{"weight":0.0,"played":[0.9851,0.001,0.0139],"evs":[0.0,-1.58536,-2.0979]},"K7s":{"weight":0.0,"played":[0.9765,0.005,0.0185],"evs":[0.0,-2.02002,-2.41985]},"K8s":{"weight":0.0,"played":[0.985,0.0035,0.0115],"evs":[0.0,-2.74189,-2.77752]},"K9s":{"weight":0.0,"played":[0.9044,0.0362,0.0594],"evs":[0.0,-2.497,-2.72336]},"KTs":{"weight":0.0345,"played":[0.6497,0.3367,0.0136],"evs":[0.0,-0.9923,-1.42627]},"KJs":{"weight":0.0388,"played":[0.0286,0.2476,0.7238],"evs":[0.0,0.06302,0.18641]},"KQs":{"weight":1.0E-4,"played":[0.0021,0.7585,0.2394],"evs":[0.0,0.984,0.62125]},"KK":{"weight":0.8792,"played":[0.0,0.1532,0.8468],"evs":[0.0,10.41495,10.60061]},"AKo":{"weight":0.0404,"played":[0.0,7.0E-4,0.9993],"evs":[0.0,4.44096,5.22996]},"A2s":{"weight":5.0E-4,"played":[0.5627,0.1779,0.2594],"evs":[0.0,-0.37493,-0.20051]},"A3s":{"weight":0.0,"played":[0.2327,0.4115,0.3558],"evs":[0.0,0.02184,-0.23599]},"A4s":{"weight":0.0401,"played":[0.0242,0.1141,0.8617],"evs":[0.0,0.57341,0.82793]},"A5s":{"weight":0.7582,"played":[0.2682,0.5157,0.2161],"evs":[0.0,0.68879,0.09018]},"A6s":{"weight":0.6048,"played":[0.4481,0.2557,0.2962],"evs":[0.0,-0.76829,-0.47486]},"A7s":{"weight":0.8154,"played":[0.0258,0.7896,0.1846],"evs":[0.0,0.33237,-0.04639]},"A8s":{"weight":0.1514,"played":[7.0E-4,0.196,0.8033],"evs":[0.0,0.64981,0.6496]},"A9s":{"weight":0.0635,"played":[0.2025,0.5368,0.2607],"evs":[0.0,0.42137,0.26924]},"ATs":{"weight":0.0013,"played":[0.0104,0.2353,0.7542],"evs":[0.0,2.3241,2.41085]},"AJs":{"weight":0.607,"played":[0.0399,0.525,0.4352],"evs":[0.0,3.57529,3.52974]},"AQs":{"weight":0.3949,"played":[1.0E-4,0.2279,0.772],"evs":[0.0,4.02842,4.83647]},"AKs":{"weight":0.266,"played":[0.0,0.1028,0.8972],"evs":[0.0,5.13465,5.6914]},"AA":{"weight":0.9879,"played":[0.0,0.9463,0.0537],"evs":[0.0,21.12252,20.94098]}}}