{"player":3,"street":0,"children":2,"sequence":[{"player":0,"type":"R","amount":200000,"street":0},{"player":1,"type":"F","amount":0,"street":0},{"player":2,"type":"C","amount":200000,"street":0},{"player":3,"type":"R","amount":600000,"street":0},{"player":4,"type":"F","amount":0,"street":0},{"player":5,"type":"R","amount":2335000,"street":0},{"player":0,"type":"F","amount":0,"street":0},{"player":2,"type":"F","amount":0,"street":0}],"actions":[{"type":"F","amount":0},{"type":"C","amount":1735000}],"hands":{"22":{"weight":0.0,"played":[0.0,1.0],"evs":[0.0,0.75564]},"32o":{"weight":0.0,"played":[0.9999,1.0E-4],"evs":[0.0,-2.369]},"42o":{"weight":0.0,"played":[0.9993,7.0E-4],"evs":[0.0,-3.02146]},"52o":{"weight":0.0,"played":[0.9994,6.0E-4],"evs":[0.0,-2.37396]},"62o":{"weight":0.0,"played":[0.999,0.001],"evs":[0.0,-2.5372]},"72o":{"weight":0.0,"played":[0.9997,3.0E-4],"evs":[0.0,-3.42581]},"82o":{"weight":0.0,"played":[0.9992,8.0E-4],"evs":[0.0,-2.7629]},"92o":{"weight":0.0,"played":[0.9995,5.0E-4],"evs":[0.0,-2.85257]},"T2o":{"weight":0.0,"played":[0.9995,5.0E-4],"evs":[0.0,-2.76694]},"J2o":{"weight":0.0,"played":[0.9947,0.0053],"evs":[0.0,-2.64758]},"Q2o":{"weight":0.0,"played":[0.9988,0.0012],"evs":[0.0,-2.60848]},"K2o":{"weight":0.0,"played":[0.9928,0.0072],"evs":[0.0,-1.39312]},"A2o":{"weight":0.0,"played":[0.9855,0.0145],"evs":[0.0,-1.66038]},"32s":{"weight":0.0,"played":[0.991,0.009],"evs":[0.0,-0.84695]},"33":{"weight":0.0,"played":[0.0051,0.9949],"evs":[0.0,1.99169]},"43o":{"weight":0.0,"played":[0.9979,0.0021],"evs":[0.0,-1.79391]},"53o":{"weight":0.0,"played":[0.9991,9.0E-4],"evs":[0.0,-2.01208]},"63o":{"weight":0.0,"played":[0.9996,4.0E-4],"evs":[0.0,-2.53858]},"73o":{"weight":0.0,"played":[0.9994,6.0E-4],"evs":[0.0,-2.8549]},"83o":{"weight":0.0,"played":[0.9997,3.0E-4],"evs":[0.0,-3.11584]},"93o":{"weight":0.0,"played":[0.9999,1.0E-4],"evs":[0.0,-2.18275]},"T3o":{"weight":0.0,"played":[0.9998,2.0E-4],"evs":[0.0,-2.76289]},"J3o":{"weight":0.0,"played":[0.9966,0.0034],"evs":[0.0,-2.36741]},"Q3o":{"weight":0.0,"played":[0.9994,6.0E-4],"evs":[0.0,-2.18134]},"K3o":{"weight":0.0,"played":[0.9858,0.0142],"evs":[0.0,-1.03503]},"A3o":{"weight":0.0,"played":[0.9967,0.0033],"evs":[0.0,-1.95899]},"42s":{"weight":0.0,"played":[0.9897,0.0103],"evs":[0.0,-1.25888]},"43s":{"weight":0.0,"played":[0.8722,0.1278],"evs":[0.0,-1.2479]},"44":{"weight":0.0,"played":[0.022,0.978],"evs":[0.0,2.57829]},"54o":{"weight":0.0,"played":[0.9995,5.0E-4],"evs":[0.0,-0.82689]},"64o":{"weight":0.0,"played":[0.9934,0.0066],"evs":[0.0,-1.30048]},"74o":{"weight":0.0,"played":[0.9979,0.0021],"evs":[0.0,-2.27414]},"84o":{"weight":0.0,"played":[0.9999,1.0E-4],"evs":[0.0,-2.32608]},"94o":{"weight":0.0,"played":[0.9994,6.0E-4],"evs":[0.0,-2.34367]},"T4o":{"weight":0.0,"played":[0.9986,0.0014],"evs":[0.0,-2.41462]},"J4o":{"weight":0.0,"played":[0.9971,0.0029],"evs":[0.0,-1.74175]},"Q4o":{"weight":0.0,"played":[0.9981,0.0019],"evs":[0.0,-2.11952]},"K4o":{"weight":0.0,"played":[0.9974,0.0026],"evs":[0.0,-1.13295]},"A4o":{"weight":0.0,"played":[0.9902,0.0098],"evs":[0.0,-0.6722]},"52s":{"weight":0.0,"played":[0.9757,0.0243],"evs":[0.0,-0.4764]},"53s":{"weight":0.0,"played":[0.8604,0.1396],"evs":[0.0,-0.22901]},"54s":{"weight":0.0,"played":[0.0502,0.9498],"evs":[0.0,0.39779]},"55":{"weight":0.001,"played":[0.028,0.972],"evs":[0.0,2.24783]},"65o":{"weight":0.0,"played":[0.9791,0.0209],"evs":[0.0,-0.9385]},"75o":{"weight":0.0,"played":[0.9996,4.0E-4],"evs":[0.0,-1.21147]},"85o":{"weight":0.0,"played":[0.9996,4.0E-4],"evs":[0.0,-2.04559]},"95o":{"weight":0.0,"played":[0.9998,2.0E-4],"evs":[0.0,-1.281]},"T5o":{"weight":0.0,"played":[0.9975,0.0025],"evs":[0.0,-1.89303]},"J5o":{"weight":0.0,"played":[0.9995,5.0E-4],"evs":[0.0,-1.82823]},"Q5o":{"weight":0.0,"played":[0.9969,0.0031],"evs":[0.0,-1.78345]},"K5o":{"weight":0.0,"played":[0.9961,0.0039],"evs":[0.0,-1.4743]},"A5o":{"weight":0.0,"played":[0.9864,0.0136],"evs":[0.0,-0.84652]},"62s":{"weight":0.0,"played":[0.7464,0.2536],"evs":[0.0,-0.58826]},"63s":{"weight":0.0,"played":[0.2305,0.7695],"evs":[0.0,0.35611]},"64s":{"weight":0.0,"played":[0.681,0.319],"evs":[0.0,-0.51573]},"65s":{"weight":0.0,"played":[0.9902,0.0098],"evs":[0.0,-1.16609]},"66":{"weight":0.0191,"played":[0.0,1.0],"evs":[0.0,2.52382]},"76o":{"weight":0.0,"played":[0.988,0.012],"evs":[0.0,-1.42308]},"86o":{"weight":0.0,"played":[0.9996,4.0E-4],"evs":[0.0,-0.67245]},"96o":{"weight":0.0,"played":[0.9985,0.0015],"evs":[0.0,-0.62214]},"T6o":{"weight":0.0,"played":[0.9992,8.0E-4],"evs":[0.0,-1.3382]},"J6o":{"weight":0.0,"played":[0.9991,9.0E-4],"evs":[0.0,-1.6241]},"Q6o":{"weight":0.0,"played":[0.9922,0.0078],"evs":[0.0,-1.94441]},"K6o":{"weight":0.0,"played":[0.9989,0.0011],"evs":[0.0,-0.77987]},"A6o":{"weight":0.0,"played":[0.9749,0.0251],"evs":[0.0,-2.36397]},"72s":{"weight":0.0,"played":[0.9929,0.0071],"evs":[0.0,-2.85874]},"73s":{"weight":0.0,"played":[0.9753,0.0247],"evs":[0.0,-0.89573]},"74s":{"weight":0.0,"played":[0.9961,0.0039],"evs":[0.0,-0.83559]},"75s":{"weight":0.0,"played":[0.0622,0.9378],"evs":[0.0,0.72277]},"76s":{"weight":0.0,"played":[0.385,0.615],"evs":[0.0,-0.047]},"77":{"weight":8.0E-4,"played":[0.0,1.0],"evs":[0.0,3.9268]},"87o":{"weight":0.0,"played":[0.6914,0.3086],"evs":[0.0,-0.03951]},"97o":{"weight":0.0,"played":[0.8371,0.1629],"evs":[0.0,-0.62083]},"T7o":{"weight":0.0,"played":[0.9963,0.0037],"evs":[0.0,-1.16535]},"J7o":{"weight":0.0,"played":[0.9539,0.0461],"evs":[0.0,-1.32557]},"Q7o":{"weight":0.0,"played":[0.9948,0.0052],"evs":[0.0,-2.18263]},"K7o":{"weight":0.0,"played":[0.9972,0.0028],"evs":[0.0,-0.56136]},"A7o":{"weight":0.0,"played":[0.9777,0.0223],"evs":[0.0,-1.61998]},"82s":{"weight":0.0,"played":[0.9552,0.0448],"evs":[0.0,-0.94893]},"83s":{"weight":0.0,"played":[0.9852,0.0148],"evs":[0.0,-1.75774]},"84s":{"weight":0.0,"played":[0.6947,0.3053],"evs":[0.0,-0.19594]},"85s":{"weight":0.0,"played":[0.3927,0.6073],"evs":[0.0,0.32311]},"86s":{"weight":0.0,"played":[8.0E-4,0.9992],"evs":[0.0,0.64545]},"87s":{"weight":0.0,"played":[0.1145,0.8855],"evs":[0.0,1.50163]},"88":{"weight":0.2889,"played":[0.0,1.0],"evs":[0.0,5.32839]},"98o":{"weight":0.0,"played":[0.2107,0.7893],"evs":[0.0,0.59814]},"T8o":{"weight":0.0,"played":[0.9442,0.0558],"evs":[0.0,-1.05298]},"J8o":{"weight":0.0,"played":[0.9952,0.0048],"evs":[0.0,-0.97592]},"Q8o":{"weight":0.0,"played":[0.9989,0.0011],"evs":[0.0,-0.98656]},"K8o":{"weight":0.0,"played":[0.9616,0.0384],"evs":[0.0,-0.38519]},"A8o":{"weight":0.0511,"played":[0.9624,0.0376],"evs":[0.0,-1.74212]},"92s":{"weight":0.0,"played":[0.8936,0.1064],"evs":[0.0,-1.30658]},"93s":{"weight":0.0,"played":[0.988,0.012],"evs":[0.0,-1.34228]},"94s":{"weight":0.0,"played":[0.974,0.026],"evs":[0.0,-0.63835]},"95s":{"weight":0.0,"played":[0.309,0.691],"evs":[0.0,0.17613]},"96s":{"weight":0.0,"played":[0.0692,0.9308],"evs":[0.0,0.06382]},"97s":{"weight":0.0,"played":[0.6321,0.3679],"evs":[0.0,-0.23292]},"98s":{"weight":0.0,"played":[0.0718,0.9282],"evs":[0.0,0.82828]},"99":{"weight":0.0802,"played":[0.0,1.0],"evs":[0.0,6.47467]},"T9o":{"weight":0.0,"played":[0.0166,0.9834],"evs":[0.0,0.25239]},"J9o":{"weight":0.0,"played":[0.252,0.748],"evs":[0.0,0.08772]},"Q9o":{"weight":0.0,"played":[0.6227,0.3773],"evs":[0.0,0.19732]},"K9o":{"weight":0.0,"played":[0.5627,0.4373],"evs":[0.0,-0.2151]},"A9o":{"weight":0.2403,"played":[0.9869,0.0131],"evs":[0.0,-0.5611]},"T2s":{"weight":0.0,"played":[0.9912,0.0088],"evs":[0.0,-0.47883]},"T3s":{"weight":0.0,"played":[0.998,0.002],"evs":[0.0,-1.57588]},"T4s":{"weight":0.0,"played":[0.9985,0.0015],"evs":[0.0,-1.3805]},"T5s":{"weight":0.0,"played":[0.9117,0.0883],"evs":[0.0,-0.72202]},"T6s":{"weight":0.0,"played":[0.7102,0.2898],"evs":[0.0,-0.64617]},"T7s":{"weight":0.0,"played":[0.1078,0.8922],"evs":[0.0,0.12677]},"T8s":{"weight":0.0,"played":[0.1272,0.8728],"evs":[0.0,0.9128]},"T9s":{"weight":0.0,"played":[0.0112,0.9888],"evs":[0.0,1.25111]},"TT":{"weight":0.0513,"played":[0.0,1.0],"evs":[0.0,8.08045]},"JTo":{"weight":0.0,"played":[0.0079,0.9921],"evs":[0.0,0.65313]},"QTo":{"weight":0.0,"played":[0.4535,0.5465],"evs":[0.0,0.263]},"KTo":{"weight":0.0,"played":[0.0736,0.9264],"evs":[0.0,0.58708]},"ATo":{"weight":0.9116,"played":[0.5909,0.4091],"evs":[0.0,0.14399]},"J2s":{"weight":0.0,"played":[0.9993,7.0E-4],"evs":[0.0,-1.12707]},"J3s":{"weight":0.0,"played":[0.9087,0.0913],"evs":[0.0,0.1201]},"J4s":{"weight":0.0,"played":[0.7603,0.2397],"evs":[0.0,-0.5517]},"J5s":{"weight":0.0,"played":[0.983,0.017],"evs":[0.0,-0.92293]},"J6s":{"weight":0.0,"played":[0.5041,0.4959],"evs":[0.0,-1.053]},"J7s":{"weight":0.0,"played":[0.5318,0.4682],"evs":[0.0,-0.18679]},"J8s":{"weight":0.0,"played":[0.1673,0.8327],"evs":[0.0,1.04297]},"J9s":{"weight":1.0E-4,"played":[2.0E-4,0.9998],"evs":[0.0,1.45051]},"JTs":{"weight":0.0,"played":[0.0,1.0],"evs":[0.0,0.94102]},"JJ":{"weight":0.3988,"played":[0.0,1.0],"evs":[0.0,9.24869]},"QJo":{"weight":0.0,"played":[0.4919,0.5081],"evs":[0.0,-0.33898]},"KJo":{"weight":0.0,"played":[0.1928,0.8072],"evs":[0.0,0.13618]},"AJo":{"weight":0.4432,"played":[0.0,1.0],"evs":[0.0,0.99238]},"Q2s":{"weight":0.0,"played":[0.7147,0.2853],"evs":[0.0,-0.0971]},"Q3s":{"weight":0.0,"played":[0.8554,0.1446],"evs":[0.0,-0.57448]},"Q4s":{"weight":0.0,"played":[0.7624,0.2376],"evs":[0.0,-1.37662]},"Q5s":{"weight":0.0,"played":[0.9737,0.0263],"evs":[0.0,-0.16818]},"Q6s":{"weight":0.0,"played":[0.0949,0.9051],"evs":[0.0,9.2E-4]},"Q7s":{"weight":0.0,"played":[0.7192,0.2808],"evs":[0.0,-0.92264]},"Q8s":{"weight":0.0,"played":[0.0519,0.9481],"evs":[0.0,0.99353]},"Q9s":{"weight":0.0,"played":[3.0E-4,0.9997],"evs":[0.0,0.1579]},"QTs":{"weight":0.0131,"played":[0.0013,0.9987],"evs":[0.0,2.53222]},"QJs":{"weight":0.0,"played":[0.0167,0.9833],"evs":[0.0,1.05585]},"QQ":{"weight":0.5025,"played":[0.0,1.0],"evs":[0.0,12.92533]},"KQo":{"weight":0.1431,"played":[0.4574,0.5426],"evs":[0.0,0.68714]},"AQo":{"weight":0.146,"played":[0.0,1.0],"evs":[0.0,2.74038]},"K2s":{"weight":0.0,"played":[0.3868,0.6132],"evs":[0.0,0.00602]},"K3s":{"weight":0.0,"played":[0.7849,0.2151],"evs":[0.0,0.09411]},"K4s":{"weight":0.0,"played":[0.8238,0.1762],"evs":[0.0,-0.55968]},"K5s":{"weight":0.0,"played":[0.3912,0.6088],"evs":[0.0,-0.23904]},"K6s":{"weight":0.0,"played":[0.8006,0.1994],"evs":[0.0,-1.01916]},"K7s":{"weight":0.0,"played":[0.6421,0.3579],"evs":[0.0,-0.46192]},"K8s":{"weight":0.0,"played":[0.2928,0.7072],"evs":[0.0,0.7021]},"K9s":{"weight":0.0,"played":[0.0544,0.9456],"evs":[0.0,1.03896]},"KTs":{"weight":0.0345,"played":[0.0025,0.9975],"evs":[0.0,1.76642]},"KJs":{"weight":0.0388,"played":[0.0,1.0],"evs":[0.0,0.67951]},"KQs":{"weight":1.0E-4,"played":[0.0,1.0],"evs":[0.0,1.48807]},"KK":{"weight":0.8792,"played":[0.0,1.0],"evs":[0.0,15.34136]},"AKo":{"weight":0.0404,"played":[0.0,1.0],"evs":[0.0,6.86968]},"A2s":{"weight":5.0E-4,"played":[0.6956,0.3044],"evs":[0.0,0.02351]},"A3s":{"weight":0.0,"played":[0.1608,0.8392],"evs":[0.0,0.42229]},"A4s":{"weight":0.0401,"played":[0.6794,0.3206],"evs":[0.0,-0.83741]},"A5s":{"weight":0.7582,"played":[0.5819,0.4181],"evs":[0.0,-0.03303]},"A6s":{"weight":0.6048,"played":[0.7425,0.2575],"evs":[0.0,-1.00276]},"A7s":{"weight":0.8154,"played":[0.4967,0.5033],"evs":[0.0,0.05909]},"A8s":{"weight":0.1514,"played":[0.4118,0.5882],"evs":[0.0,0.83987]},"A9s":{"weight":0.0635,"played":[0.0133,0.9867],"evs":[0.0,2.01284]},"ATs":{"weight":0.0013,"played":[0.0214,0.9786],"evs":[0.0,1.57811]},"AJs":{"weight":0.607,"played":[0.0,1.0],"evs":[0.0,3.32989]},"AQs":{"weight":0.3949,"played":[0.0,1.0],"evs":[0.0,4.65437]},"AKs":{"weight":0.266,"played":[0.0,1.0],"evs":[0.0,7.99317]},"AA":{"weight":0.9879,"played":[0.0,1.0],"evs":[0.0,18.58769]}}}