{"player":5,"street":0,"children":2,"sequence":[{"player":0,"type":"R","amount":200000,"street":0},{"player":1,"type":"F","amount":0,"street":0},{"player":2,"type":"C","amount":200000,"street":0},{"player":3,"type":"R","amount":600000,"street":0},{"player":4,"type":"R","amount":1345000,"street":0}],"actions":[{"type":"F","amount":0,"node":298},{"type":"R","amount":2335000,"node":313}],"hands":{"22":{"weight":1.0,"played":[0.0614,0.9386],"evs":[0.0,-0.2144]},"32o":{"weight":1.0,"played":[1.0,0.0],"evs":[0.0,-5.36291]},"42o":{"weight":1.0,"played":[0.9997,3.0E-4],"evs":[0.0,-4.997]},"52o":{"weight":1.0,"played":[0.9999,1.0E-4],"evs":[0.0,-5.86341]},"62o":{"weight":1.0,"played":[0.9999,1.0E-4],"evs":[0.0,-7.55815]},"72o":{"weight":1.0,"played":[0.9996,4.0E-4],"evs":[0.0,-5.85783]},"82o":{"weight":1.0,"played":[1.0,0.0],"evs":[0.0,-6.14812]},"92o":{"weight":1.0,"played":[0.9981,0.0019],"evs":[0.0,-4.91302]},"T2o":{"weight":1.0,"played":[0.9998,2.0E-4],"evs":[0.0,-8.68255]},"J2o":{"weight":1.0,"played":[0.9998,2.0E-4],"evs":[0.0,-8.07157]},"Q2o":{"weight":1.0,"played":[0.9972,0.0028],"evs":[0.0,-6.97547]},"K2o":{"weight":1.0,"played":[0.9992,8.0E-4],"evs":[0.0,-6.21314]},"A2o":{"weight":1.0,"played":[0.9997,3.0E-4],"evs":[0.0,-6.82825]},"32s":{"weight":1.0,"played":[0.9711,0.0289],"evs":[0.0,-3.79069]},"33":{"weight":1.0,"played":[0.8812,0.1188],"evs":[0.0,-3.37555]},"43o":{"weight":1.0,"played":[0.9998,2.0E-4],"evs":[0.0,-6.4541]},"53o":{"weight":1.0,"played":[0.987,0.013],"evs":[0.0,-4.46534]},"63o":{"weight":1.0,"played":[1.0,0.0],"evs":[0.0,-4.97086]},"73o":{"weight":1.0,"played":[1.0,0.0],"evs":[0.0,-4.09502]},"83o":{"weight":1.0,"played":[0.9999,1.0E-4],"evs":[0.0,-6.14005]},"93o":{"weight":1.0,"played":[0.9969,0.0031],"evs":[0.0,-4.67079]},"T3o":{"weight":1.0,"played":[0.9966,0.0034],"evs":[0.0,-8.77169]},"J3o":{"weight":1.0,"played":[0.9999,1.0E-4],"evs":[0.0,-7.181]},"Q3o":{"weight":1.0,"played":[1.0,0.0],"evs":[0.0,-4.66317]},"K3o":{"weight":1.0,"played":[0.9999,1.0E-4],"evs":[0.0,-5.95877]},"A3o":{"weight":1.0,"played":[0.9992,8.0E-4],"evs":[0.0,-6.81742]},"42s":{"weight":1.0,"played":[0.7137,0.2863],"evs":[0.0,-1.859]},"43s":{"weight":1.0,"played":[0.9642,0.0358],"evs":[0.0,-1.15682]},"44":{"weight":1.0,"played":[0.9841,0.0159],"evs":[0.0,-0.72178]},"54o":{"weight":1.0,"played":[0.9942,0.0058],"evs":[0.0,-3.38377]},"64o":{"weight":1.0,"played":[0.9905,0.0095],"evs":[0.0,-2.15636]},"74o":{"weight":1.0,"played":[0.9998,2.0E-4],"evs":[0.0,-6.08605]},"84o":{"weight":1.0,"played":[0.9975,0.0025],"evs":[0.0,-5.66999]},"94o":{"weight":1.0,"played":[1.0,0.0],"evs":[0.0,-5.24609]},"T4o":{"weight":1.0,"played":[0.998,0.002],"evs":[0.0,-6.16676]},"J4o":{"weight":1.0,"played":[1.0,0.0],"evs":[0.0,-7.31645]},"Q4o":{"weight":1.0,"played":[0.9951,0.0049],"evs":[0.0,-5.6918]},"K4o":{"weight":1.0,"played":[0.9993,7.0E-4],"evs":[0.0,-6.04435]},"A4o":{"weight":1.0,"played":[1.0,0.0],"evs":[0.0,-4.43604]},"52s":{"weight":1.0,"played":[0.9902,0.0098],"evs":[0.0,-4.45958]},"53s":{"weight":1.0,"played":[0.9985,0.0015],"evs":[0.0,-2.40122]},"54s":{"weight":1.0,"played":[0.988,0.012],"evs":[0.0,-0.92506]},"55":{"weight":1.0,"played":[0.0698,0.9302],"evs":[0.0,-0.3765]},"65o":{"weight":1.0,"played":[0.9987,0.0013],"evs":[0.0,-4.33914]},"75o":{"weight":1.0,"played":[0.9998,2.0E-4],"evs":[0.0,-5.67708]},"85o":{"weight":1.0,"played":[0.9993,7.0E-4],"evs":[0.0,-2.31073]},"95o":{"weight":1.0,"played":[0.9999,1.0E-4],"evs":[0.0,-7.04975]},"T5o":{"weight":1.0,"played":[0.9981,0.0019],"evs":[0.0,-8.15626]},"J5o":{"weight":1.0,"played":[0.9996,4.0E-4],"evs":[0.0,-6.424]},"Q5o":{"weight":1.0,"played":[0.99,0.01],"evs":[0.0,-5.32124]},"K5o":{"weight":1.0,"played":[0.9995,5.0E-4],"evs":[0.0,-3.63239]},"A5o":{"weight":1.0,"played":[0.9864,0.0136],"evs":[0.0,-5.36141]},"62s":{"weight":1.0,"played":[0.9296,0.0704],"evs":[0.0,-0.65553]},"63s":{"weight":1.0,"played":[0.6675,0.3325],"evs":[0.0,-4.4451]},"64s":{"weight":1.0,"played":[0.9832,0.0168],"evs":[0.0,-1.8147]},"65s":{"weight":1.0,"played":[0.7511,0.2489],"evs":[0.0,-0.93622]},"66":{"weight":1.0,"played":[0.744,0.256],"evs":[0.0,-0.58428]},"76o":{"weight":1.0,"played":[0.9791,0.0209],"evs":[0.0,-3.19804]},"86o":{"weight":1.0,"played":[0.9797,0.0203],"evs":[0.0,-4.64762]},"96o":{"weight":1.0,"played":[0.9999,1.0E-4],"evs":[0.0,-4.78864]},"T6o":{"weight":1.0,"played":[0.999,0.001],"evs":[0.0,-6.15094]},"J6o":{"weight":1.0,"played":[0.9999,1.0E-4],"evs":[0.0,-7.17299]},"Q6o":{"weight":1.0,"played":[0.9961,0.0039],"evs":[0.0,-4.59248]},"K6o":{"weight":1.0,"played":[0.9999,1.0E-4],"evs":[0.0,-5.55146]},"A6o":{"weight":1.0,"played":[0.9989,0.0011],"evs":[0.0,-6.26784]},"72s":{"weight":1.0,"played":[0.9537,0.0463],"evs":[0.0,-3.10454]},"73s":{"weight":1.0,"played":[0.9969,0.0031],"evs":[0.0,-2.54702]},"74s":{"weight":1.0,"played":[0.9586,0.0414],"evs":[0.0,-4.50704]},"75s":{"weight":1.0,"played":[0.9893,0.0107],"evs":[0.0,-3.54268]},"76s":{"weight":1.0,"played":[0.409,0.591],"evs":[0.0,-0.3677]},"77":{"weight":1.0,"played":[0.4301,0.5699],"evs":[0.0,-0.0949]},"87o":{"weight":1.0,"played":[0.999,0.001],"evs":[0.0,-4.69187]},"97o":{"weight":1.0,"played":[0.9985,0.0015],"evs":[0.0,-4.54321]},"T7o":{"weight":1.0,"played":[0.9985,0.0015],"evs":[0.0,-5.76843]},"J7o":{"weight":1.0,"played":[1.0,0.0],"evs":[0.0,-5.94422]},"Q7o":{"weight":1.0,"played":[1.0,0.0],"evs":[0.0,-5.69614]},"K7o":{"weight":1.0,"played":[0.9985,0.0015],"evs":[0.0,-5.20058]},"A7o":{"weight":1.0,"played":[0.9987,0.0013],"evs":[0.0,-5.5681]},"82s":{"weight":1.0,"played":[0.9889,0.0111],"evs":[0.0,-2.08478]},"83s":{"weight":1.0,"played":[0.9786,0.0214],"evs":[0.0,-4.62164]},"84s":{"weight":1.0,"played":[0.7424,0.2576],"evs":[0.0,-2.803]},"85s":{"weight":1.0,"played":[0.6684,0.3316],"evs":[0.0,-3.73261]},"86s":{"weight":1.0,"played":[0.5716,0.4284],"evs":[0.0,-1.95573]},"87s":{"weight":1.0,"played":[0.6963,0.3037],"evs":[0.0,-3.22896]},"88":{"weight":1.0,"played":[0.6905,0.3095],"evs":[0.0,-0.96379]},"98o":{"weight":1.0,"played":[0.9992,8.0E-4],"evs":[0.0,-4.94536]},"T8o":{"weight":1.0,"played":[0.9992,8.0E-4],"evs":[0.0,-6.71459]},"J8o":{"weight":1.0,"played":[0.9908,0.0092],"evs":[0.0,-5.00717]},"Q8o":{"weight":1.0,"played":[0.998,0.002],"evs":[0.0,-5.38257]},"K8o":{"weight":1.0,"played":[0.9996,4.0E-4],"evs":[0.0,-5.53926]},"A8o":{"weight":1.0,"played":[0.9696,0.0304],"evs":[0.0,-5.13147]},"92s":{"weight":1.0,"played":[0.9993,7.0E-4],"evs":[0.0,-4.42603]},"93s":{"weight":1.0,"played":[0.7644,0.2356],"evs":[0.0,-3.76605]},"94s":{"weight":1.0,"played":[0.9676,0.0324],"evs":[0.0,-3.26954]},"95s":{"weight":1.0,"played":[0.9997,3.0E-4],"evs":[0.0,-2.28576]},"96s":{"weight":1.0,"played":[0.9702,0.0298],"evs":[0.0,-4.02601]},"97s":{"weight":1.0,"played":[0.9999,1.0E-4],"evs":[0.0,-1.49192]},"98s":{"weight":1.0,"played":[0.972,0.028],"evs":[0.0,-2.48246]},"99":{"weight":1.0,"played":[0.6108,0.3892],"evs":[0.0,1.88881]},"T9o":{"weight":1.0,"played":[0.9941,0.0059],"evs":[0.0,-4.25367]},"J9o":{"weight":1.0,"played":[0.9911,0.0089],"evs":[0.0,-4.81323]},"Q9o":{"weight":1.0,"played":[0.9999,1.0E-4],"evs":[0.0,-5.14938]},"K9o":{"weight":1.0,"played":[0.9834,0.0166],"evs":[0.0,-5.06767]},"A9o":{"weight":1.0,"played":[0.9378,0.0622],"evs":[0.0,-4.63855]},"T2s":{"weight":1.0,"played":[0.9998,2.0E-4],"evs":[0.0,-7.77477]},"T3s":{"weight":1.0,"played":[0.9871,0.0129],"evs":[0.0,-5.8185]},"T4s":{"weight":1.0,"played":[0.9968,0.0032],"evs":[0.0,-2.64318]},"T5s":{"weight":1.0,"played":[0.9136,0.0864],"evs":[0.0,-4.53356]},"T6s":{"weight":1.0,"played":[0.9771,0.0229],"evs":[0.0,-3.84955]},"T7s":{"weight":1.0,"played":[0.9991,9.0E-4],"evs":[0.0,-5.30932]},"T8s":{"weight":1.0,"played":[0.9565,0.0435],"evs":[0.0,-3.34584]},"T9s":{"weight":1.0,"played":[0.9941,0.0059],"evs":[0.0,-2.8668]},"TT":{"weight":1.0,"played":[0.0018,0.9982],"evs":[0.0,3.26409]},"JTo":{"weight":1.0,"played":[0.9914,0.0086],"evs":[0.0,-7.56064]},"QTo":{"weight":1.0,"played":[0.9974,0.0026],"evs":[0.0,-6.95241]},"KTo":{"weight":1.0,"played":[0.9942,0.0058],"evs":[0.0,-2.58746]},"ATo":{"weight":1.0,"played":[0.9915,0.0085],"evs":[0.0,-5.7115]},"J2s":{"weight":1.0,"played":[0.9997,3.0E-4],"evs":[0.0,-5.72278]},"J3s":{"weight":1.0,"played":[0.9974,0.0026],"evs":[0.0,-4.22783]},"J4s":{"weight":1.0,"played":[0.9759,0.0241],"evs":[0.0,-3.3785]},"J5s":{"weight":1.0,"played":[0.9999,1.0E-4],"evs":[0.0,-2.01777]},"J6s":{"weight":1.0,"played":[0.9851,0.0149],"evs":[0.0,-3.78535]},"J7s":{"weight":1.0,"played":[0.8605,0.1395],"evs":[0.0,-2.5392]},"J8s":{"weight":1.0,"played":[0.8999,0.1001],"evs":[0.0,-4.71639]},"J9s":{"weight":1.0,"played":[0.9367,0.0633],"evs":[0.0,-5.1291]},"JTs":{"weight":1.0,"played":[0.9989,0.0011],"evs":[0.0,-2.9487]},"JJ":{"weight":1.0,"played":[0.0077,0.9923],"evs":[0.0,3.98949]},"QJo":{"weight":1.0,"played":[0.999,0.001],"evs":[0.0,-5.36577]},"KJo":{"weight":1.0,"played":[0.9341,0.0659],"evs":[0.0,-5.23327]},"AJo":{"weight":1.0,"played":[0.4413,0.5587],"evs":[0.0,-1.92826]},"Q2s":{"weight":1.0,"played":[0.9993,7.0E-4],"evs":[0.0,-3.39887]},"Q3s":{"weight":1.0,"played":[0.6806,0.3194],"evs":[0.0,-2.83068]},"Q4s":{"weight":1.0,"played":[0.9714,0.0286],"evs":[0.0,-1.84824]},"Q5s":{"weight":1.0,"played":[0.9712,0.0288],"evs":[0.0,-4.86335]},"Q6s":{"weight":1.0,"played":[0.9851,0.0149],"evs":[0.0,-3.68235]},"Q7s":{"weight":1.0,"played":[0.9759,0.0241],"evs":[0.0,-4.93703]},"Q8s":{"weight":1.0,"played":[0.99,0.01],"evs":[0.0,-2.52536]},"Q9s":{"weight":1.0,"played":[0.7675,0.2325],"evs":[0.0,-3.00306]},"QTs":{"weight":1.0,"played":[0.9299,0.0701],"evs":[0.0,-3.75207]},"QJs":{"weight":1.0,"played":[0.9808,0.0192],"evs":[0.0,-6.1501]},"QQ":{"weight":1.0,"played":[2.0E-4,0.9998],"evs":[0.0,8.27069]},"KQo":{"weight":1.0,"played":[0.9972,0.0028],"evs":[0.0,-2.16005]},"AQo":{"weight":1.0,"played":[0.9511,0.0489],"evs":[0.0,-1.96436]},"K2s":{"weight":1.0,"played":[0.9997,3.0E-4],"evs":[0.0,-2.83333]},"K3s":{"weight":1.0,"played":[0.9054,0.0946],"evs":[0.0,-0.87559]},"K4s":{"weight":1.0,"played":[0.8255,0.1745],"evs":[0.0,1.41578]},"K5s":{"weight":1.0,"played":[0.9765,0.0235],"evs":[0.0,-5.49153]},"K6s":{"weight":1.0,"played":[0.9183,0.0817],"evs":[0.0,-2.18765]},"K7s":{"weight":1.0,"played":[0.7247,0.2753],"evs":[0.0,-2.07149]},"K8s":{"weight":1.0,"played":[0.7919,0.2081],"evs":[0.0,-1.16583]},"K9s":{"weight":1.0,"played":[0.9332,0.0668],"evs":[0.0,-1.70365]},"KTs":{"weight":1.0,"played":[1.0,0.0],"evs":[0.0,-5.08082]},"KJs":{"weight":1.0,"played":[0.1866,0.8134],"evs":[0.0,2.30269]},"KQs":{"weight":1.0,"played":[0.8738,0.1262],"evs":[0.0,-4.54304]},"KK":{"weight":1.0,"played":[0.0011,0.9989],"evs":[0.0,12.62607]},"AKo":{"weight":1.0,"played":[0.3871,0.6129],"evs":[0.0,-1.18941]},"A2s":{"weight":1.0,"played":[0.9676,0.0324],"evs":[0.0,-2.33777]},"A3s":{"weight":1.0,"played":[0.9912,0.0088],"evs":[0.0,-2.84945]},"A4s":{"weight":1.0,"played":[0.9238,0.0762],"evs":[0.0,-6.58741]},"A5s":{"weight":1.0,"played":[0.9548,0.0452],"evs":[0.0,-6.58947]},"A6s":{"weight":1.0,"played":[0.2594,0.7406],"evs":[0.0,3.48303]},"A7s":{"weight":1.0,"played":[0.9429,0.0571],"evs":[0.0,-7.17157]},"A8s":{"weight":1.0,"played":[0.835,0.165],"evs":[0.0,-2.2869]},"A9s":{"weight":1.0,"played":[0.6093,0.3907],"evs":[0.0,-3.36279]},"ATs":{"weight":1.0,"played":[0.5446,0.4554],"evs":[0.0,0.80022]},"AJs":{"weight":1.0,"played":[0.4166,0.5834],"evs":[0.0,1.86069]},"AQs":{"weight":1.0,"played":[0.4038,0.5962],"evs":[0.0,1.25202]},"AKs":{"weight":1.0,"played":[0.0264,0.9736],"evs":[0.0,5.78122]},"AA":{"weight":1.0,"played":[0.0114,0.9886],"evs":[0.0,19.81083]}}}