{"player":0,"street":0,"children":2,"sequence":[{"player":0,"type":"R","amount":200000,"street":0},{"player":1,"type":"F","amount":0,"street":0},{"player":2,"type":"C","amount":200000,"street":0},{"player":3,"type":"R","amount":600000,"street":0},{"player":4,"type":"R","amount":1345000,"street":0},{"player":5,"type":"F","amount":0,"street":0},{"player":0,"type":"C","amount":1145000,"street":0},{"player":2,"type":"F","amount":0,"street":0},{"player":3,"type":"R","amount":3605000,"street":0}],"actions":[{"type":"F","amount":0},{"type":"C","amount":2260000}],"hands":{"22":{"weight":0.0,"played":[0.7474,0.2526],"evs":[0.0,-4.55604]},"32o":{"weight":0.0,"played":[0.63,0.37],"evs":[0.0,-0.25721]},"42o":{"weight":0.0,"played":[0.9889,0.0111],"evs":[0.0,-8.36207]},"52o":{"weight":0.0,"played":[0.68,0.32],"evs":[0.0,-2.73156]},"62o":{"weight":0.0,"played":[1.0,0.0],"evs":[0.0,-6.02966]},"72o":{"weight":0.0,"played":[0.9012,0.0988],"evs":[0.0,-3.19904]},"82o":{"weight":0.0,"played":[0.9822,0.0178],"evs":[0.0,-8.75316]},"92o":{"weight":0.0,"played":[0.8662,0.1338],"evs":[0.0,-3.83192]},"T2o":{"weight":0.0,"played":[0.9933,0.0067],"evs":[0.0,-9.30029]},"J2o":{"weight":0.0,"played":[0.9878,0.0122],"evs":[0.0,-8.34331]},"Q2o":{"weight":0.0,"played":[0.9496,0.0504],"evs":[0.0,-9.65978]},"K2o":{"weight":0.0,"played":[0.9974,0.0026],"evs":[0.0,-6.72079]},"A2o":{"weight":0.0,"played":[0.8994,0.1006],"evs":[0.0,-4.91487]},"32s":{"weight":0.0,"played":[0.7239,0.2761],"evs":[0.0,3.80206]},"33":{"weight":5.0E-4,"played":[0.5402,0.4598],"evs":[0.0,-3.18333]},"43o":{"weight":0.0,"played":[0.8219,0.1781],"evs":[0.0,-4.71804]},"53o":{"weight":0.0,"played":[0.3709,0.6291],"evs":[0.0,-2.68106]},"63o":{"weight":0.0,"played":[0.9635,0.0365],"evs":[0.0,-5.42707]},"73o":{"weight":0.0,"played":[0.9852,0.0148],"evs":[0.0,-6.28493]},"83o":{"weight":0.0,"played":[0.993,0.007],"evs":[0.0,-6.75462]},"93o":{"weight":0.0,"played":[0.9589,0.0411],"evs":[0.0,-3.57752]},"T3o":{"weight":0.0,"played":[0.8531,0.1469],"evs":[0.0,-4.70907]},"J3o":{"weight":0.0,"played":[0.9902,0.0098],"evs":[0.0,-8.62544]},"Q3o":{"weight":0.0,"played":[0.5598,0.4402],"evs":[0.0,-2.59027]},"K3o":{"weight":0.0,"played":[0.4271,0.5729],"evs":[0.0,-2.98544]},"A3o":{"weight":0.0,"played":[0.7311,0.2689],"evs":[0.0,-3.34949]},"42s":{"weight":0.0,"played":[0.6171,0.3829],"evs":[0.0,-0.21113]},"43s":{"weight":0.0,"played":[0.3136,0.6864],"evs":[0.0,0.37281]},"44":{"weight":0.0812,"played":[0.118,0.882],"evs":[0.0,-1.52833]},"54o":{"weight":0.0,"played":[0.2833,0.7167],"evs":[0.0,-1.306]},"64o":{"weight":0.0,"played":[0.9156,0.0844],"evs":[0.0,-4.75755]},"74o":{"weight":0.0,"played":[0.9964,0.0036],"evs":[0.0,-7.86598]},"84o":{"weight":0.0,"played":[0.8275,0.1725],"evs":[0.0,-3.98655]},"94o":{"weight":0.0,"played":[0.697,0.303],"evs":[0.0,-4.07433]},"T4o":{"weight":0.0,"played":[0.6883,0.3117],"evs":[0.0,-0.4424]},"J4o":{"weight":0.0,"played":[0.9782,0.0218],"evs":[0.0,-6.2486]},"Q4o":{"weight":0.0,"played":[0.9742,0.0258],"evs":[0.0,-8.8269]},"K4o":{"weight":0.0,"played":[0.7909,0.2091],"evs":[0.0,-6.44116]},"A4o":{"weight":0.0,"played":[0.0535,0.9465],"evs":[0.0,1.96147]},"52s":{"weight":0.0,"played":[0.569,0.431],"evs":[0.0,-0.48442]},"53s":{"weight":0.0,"played":[0.1537,0.8463],"evs":[0.0,7.61549]},"54s":{"weight":0.0,"played":[0.2253,0.7747],"evs":[0.0,-0.32435]},"55":{"weight":0.0,"played":[0.3016,0.6984],"evs":[0.0,-2.25026]},"65o":{"weight":0.0,"played":[0.2068,0.7932],"evs":[0.0,1.51521]},"75o":{"weight":0.0,"played":[0.4145,0.5855],"evs":[0.0,-0.4947]},"85o":{"weight":0.0,"played":[0.7719,0.2281],"evs":[0.0,-2.92474]},"95o":{"weight":0.0,"played":[0.9956,0.0044],"evs":[0.0,-4.23055]},"T5o":{"weight":0.0,"played":[0.3519,0.6481],"evs":[0.0,0.88669]},"J5o":{"weight":0.0,"played":[0.7603,0.2397],"evs":[0.0,-5.04745]},"Q5o":{"weight":0.0,"played":[0.9373,0.0627],"evs":[0.0,-7.90789]},"K5o":{"weight":0.0,"played":[0.8366,0.1634],"evs":[0.0,-7.22576]},"A5o":{"weight":0.0,"played":[0.7465,0.2535],"evs":[0.0,-5.32321]},"62s":{"weight":0.0,"played":[0.6429,0.3571],"evs":[0.0,-2.36856]},"63s":{"weight":0.0,"played":[0.8465,0.1535],"evs":[0.0,-7.74657]},"64s":{"weight":0.0,"played":[0.8355,0.1645],"evs":[0.0,-1.03765]},"65s":{"weight":0.0,"played":[0.1643,0.8357],"evs":[0.0,1.06277]},"66":{"weight":0.1186,"played":[0.0982,0.9018],"evs":[0.0,2.67815]},"76o":{"weight":0.0,"played":[0.5591,0.4409],"evs":[0.0,0.07827]},"86o":{"weight":0.0,"played":[0.3283,0.6717],"evs":[0.0,1.65911]},"96o":{"weight":0.0,"played":[0.7855,0.2145],"evs":[0.0,-3.23881]},"T6o":{"weight":0.0,"played":[0.8767,0.1233],"evs":[0.0,-3.03611]},"J6o":{"weight":0.0,"played":[0.6919,0.3081],"evs":[0.0,-6.17939]},"Q6o":{"weight":0.0,"played":[0.9086,0.0914],"evs":[0.0,-3.44189]},"K6o":{"weight":0.0,"played":[0.7375,0.2625],"evs":[0.0,1.37374]},"A6o":{"weight":0.0,"played":[0.3147,0.6853],"evs":[0.0,-0.6776]},"72s":{"weight":0.0,"played":[0.4359,0.5641],"evs":[0.0,-0.88025]},"73s":{"weight":0.0,"played":[0.1047,0.8953],"evs":[0.0,4.38734]},"74s":{"weight":0.0,"played":[0.5569,0.4431],"evs":[0.0,-1.14461]},"75s":{"weight":0.0,"played":[0.8147,0.1853],"evs":[0.0,-8.02761]},"76s":{"weight":0.0014,"played":[0.3325,0.6675],"evs":[0.0,3.155]},"77":{"weight":0.0,"played":[0.8935,0.1065],"evs":[0.0,-4.2747]},"87o":{"weight":0.0,"played":[0.5213,0.4787],"evs":[0.0,-0.86228]},"97o":{"weight":0.0,"played":[0.4016,0.5984],"evs":[0.0,-0.14507]},"T7o":{"weight":0.0,"played":[0.6054,0.3946],"evs":[0.0,-4.05544]},"J7o":{"weight":0.0,"played":[0.982,0.018],"evs":[0.0,-7.07637]},"Q7o":{"weight":0.0,"played":[0.7973,0.2027],"evs":[0.0,-7.56722]},"K7o":{"weight":0.0,"played":[0.9729,0.0271],"evs":[0.0,-7.372]},"A7o":{"weight":0.0,"played":[0.172,0.828],"evs":[0.0,0.37944]},"82s":{"weight":0.0,"played":[0.4706,0.5294],"evs":[0.0,-0.72897]},"83s":{"weight":0.0,"played":[0.3828,0.6172],"evs":[0.0,7.03855]},"84s":{"weight":0.0,"played":[0.8223,0.1777],"evs":[0.0,-1.2197]},"85s":{"weight":0.0,"played":[0.5619,0.4381],"evs":[0.0,-0.70916]},"86s":{"weight":0.0,"played":[0.8217,0.1783],"evs":[0.0,-2.67849]},"87s":{"weight":0.0,"played":[0.8405,0.1595],"evs":[0.0,-6.70906]},"88":{"weight":0.3902,"played":[0.7238,0.2762],"evs":[0.0,-2.88432]},"98o":{"weight":0.0,"played":[0.9481,0.0519],"evs":[0.0,-3.73065]},"T8o":{"weight":0.0,"played":[0.7012,0.2988],"evs":[0.0,-2.12431]},"J8o":{"weight":0.0,"played":[0.9894,0.0106],"evs":[0.0,-7.10718]},"Q8o":{"weight":0.0,"played":[0.6033,0.3967],"evs":[0.0,-3.27781]},"K8o":{"weight":0.0,"played":[0.9467,0.0533],"evs":[0.0,-7.46547]},"A8o":{"weight":1.0E-4,"played":[0.6077,0.3923],"evs":[0.0,-2.79842]},"92s":{"weight":0.0,"played":[0.9956,0.0044],"evs":[0.0,-2.20881]},"93s":{"weight":0.0,"played":[0.6409,0.3591],"evs":[0.0,-1.76042]},"94s":{"weight":0.0,"played":[0.3392,0.6608],"evs":[0.0,4.04891]},"95s":{"weight":0.0,"played":[0.1416,0.8584],"evs":[0.0,2.92007]},"96s":{"weight":0.0,"played":[0.2485,0.7515],"evs":[0.0,2.14465]},"97s":{"weight":0.0012,"played":[0.4843,0.5157],"evs":[0.0,-0.69077]},"98s":{"weight":0.0731,"played":[0.1065,0.8935],"evs":[0.0,2.59553]},"99":{"weight":0.8874,"played":[3.0E-4,0.9997],"evs":[0.0,2.17861]},"T9o":{"weight":0.0,"played":[0.8073,0.1927],"evs":[0.0,-3.94038]},"J9o":{"weight":0.0,"played":[0.2051,0.7949],"evs":[0.0,2.64861]},"Q9o":{"weight":0.0,"played":[0.9113,0.0887],"evs":[0.0,-6.44598]},"K9o":{"weight":0.0,"played":[0.6293,0.3707],"evs":[0.0,-0.5616]},"A9o":{"weight":0.0025,"played":[0.7969,0.2031],"evs":[0.0,-1.19296]},"T2s":{"weight":0.0,"played":[0.0166,0.9834],"evs":[0.0,2.31471]},"T3s":{"weight":0.0,"played":[0.5017,0.4983],"evs":[0.0,-2.34275]},"T4s":{"weight":0.0,"played":[0.2132,0.7868],"evs":[0.0,3.93808]},"T5s":{"weight":0.0,"played":[0.929,0.071],"evs":[0.0,-5.15852]},"T6s":{"weight":0.0,"played":[0.3067,0.6933],"evs":[0.0,5.89383]},"T7s":{"weight":0.0,"played":[0.8254,0.1746],"evs":[0.0,-7.33426]},"T8s":{"weight":0.002,"played":[0.2431,0.7569],"evs":[0.0,-0.12911]},"T9s":{"weight":0.0027,"played":[0.7378,0.2622],"evs":[0.0,-0.58053]},"TT":{"weight":0.0178,"played":[0.0655,0.9345],"evs":[0.0,5.17063]},"JTo":{"weight":0.0,"played":[0.9994,6.0E-4],"evs":[0.0,-4.58692]},"QTo":{"weight":2.0E-4,"played":[0.9802,0.0198],"evs":[0.0,-5.94905]},"KTo":{"weight":0.0,"played":[0.8295,0.1705],"evs":[0.0,-4.36924]},"ATo":{"weight":0.0,"played":[0.0088,0.9912],"evs":[0.0,0.07958]},"J2s":{"weight":0.0,"played":[0.0969,0.9031],"evs":[0.0,2.22226]},"J3s":{"weight":0.0,"played":[0.818,0.182],"evs":[0.0,-7.65789]},"J4s":{"weight":0.0,"played":[0.9907,0.0093],"evs":[0.0,-9.24019]},"J5s":{"weight":0.0,"played":[0.7833,0.2167],"evs":[0.0,-4.62356]},"J6s":{"weight":0.0,"played":[0.7286,0.2714],"evs":[0.0,-8.01076]},"J7s":{"weight":0.0,"played":[0.5705,0.4295],"evs":[0.0,-5.69655]},"J8s":{"weight":0.0,"played":[0.0479,0.9521],"evs":[0.0,2.92413]},"J9s":{"weight":0.0,"played":[0.6616,0.3384],"evs":[0.0,-3.1487]},"JTs":{"weight":0.0694,"played":[0.012,0.988],"evs":[0.0,10.56041]},"JJ":{"weight":0.7627,"played":[2.0E-4,0.9998],"evs":[0.0,2.2249]},"QJo":{"weight":0.0012,"played":[0.9767,0.0233],"evs":[0.0,-8.16593]},"KJo":{"weight":4.0E-4,"played":[0.9937,0.0063],"evs":[0.0,-3.66184]},"AJo":{"weight":0.0399,"played":[0.4679,0.5321],"evs":[0.0,-1.46244]},"Q2s":{"weight":0.0,"played":[0.9146,0.0854],"evs":[0.0,-1.95114]},"Q3s":{"weight":0.0,"played":[0.9144,0.0856],"evs":[0.0,-2.72487]},"Q4s":{"weight":0.0,"played":[0.6084,0.3916],"evs":[0.0,-1.57623]},"Q5s":{"weight":0.0,"played":[0.7816,0.2184],"evs":[0.0,-6.71239]},"Q6s":{"weight":0.0,"played":[0.2463,0.7537],"evs":[0.0,0.51316]},"Q7s":{"weight":0.0,"played":[0.0198,0.9802],"evs":[0.0,11.27018]},"Q8s":{"weight":0.006,"played":[0.0501,0.9499],"evs":[0.0,2.88022]},"Q9s":{"weight":2.0E-4,"played":[0.6674,0.3326],"evs":[0.0,-7.89626]},"QTs":{"weight":0.0111,"played":[0.8576,0.1424],"evs":[0.0,-3.92424]},"QJs":{"weight":0.1144,"played":[0.8347,0.1653],"evs":[0.0,-6.82943]},"QQ":{"weight":0.3525,"played":[5.0E-4,0.9995],"evs":[0.0,5.32179]},"KQo":{"weight":0.0347,"played":[0.4721,0.5279],"evs":[0.0,-1.06683]},"AQo":{"weight":0.0037,"played":[0.0394,0.9606],"evs":[0.0,3.99484]},"K2s":{"weight":0.0,"played":[0.7655,0.2345],"evs":[0.0,-9.30351]},"K3s":{"weight":0.0,"played":[0.8205,0.1795],"evs":[0.0,-8.28224]},"K4s":{"weight":0.0,"played":[0.0297,0.9703],"evs":[0.0,7.19354]},"K5s":{"weight":0.0,"played":[0.9721,0.0279],"evs":[0.0,1.2217]},"K6s":{"weight":0.0,"played":[0.5293,0.4707],"evs":[0.0,-2.31063]},"K7s":{"weight":0.0042,"played":[0.1754,0.8246],"evs":[0.0,2.53346]},"K8s":{"weight":3.0E-4,"played":[0.6676,0.3324],"evs":[0.0,-3.49898]},"K9s":{"weight":0.0,"played":[0.4931,0.5069],"evs":[0.0,2.17283]},"KTs":{"weight":0.0,"played":[0.7751,0.2249],"evs":[0.0,0.54846]},"KJs":{"weight":0.1082,"played":[1.0E-4,0.9999],"evs":[0.0,8.05339]},"KQs":{"weight":0.0114,"played":[0.6921,0.3079],"evs":[0.0,0.95216]},"KK":{"weight":0.2718,"played":[3.0E-4,0.9997],"evs":[0.0,23.56705]},"AKo":{"weight":0.4308,"played":[7.0E-4,0.9993],"evs":[0.0,3.27028]},"A2s":{"weight":4.0E-4,"played":[0.4896,0.5104],"evs":[0.0,-1.03488]},"A3s":{"weight":0.0024,"played":[0.6254,0.3746],"evs":[0.0,1.75953]},"A4s":{"weight":0.0035,"played":[0.0571,0.9429],"evs":[0.0,4.21138]},"A5s":{"weight":2.0E-4,"played":[0.6352,0.3648],"evs":[0.0,3.80317]},"A6s":{"weight":0.0,"played":[0.7082,0.2918],"evs":[0.0,-7.52314]},"A7s":{"weight":0.0022,"played":[0.3872,0.6128],"evs":[0.0,0.0845]},"A8s":{"weight":2.0E-4,"played":[0.9499,0.0501],"evs":[0.0,-2.40997]},"A9s":{"weight":0.0,"played":[0.5587,0.4413],"evs":[0.0,-1.42598]},"ATs":{"weight":0.014,"played":[0.2341,0.7659],"evs":[0.0,5.22553]},"AJs":{"weight":0.0107,"played":[0.0249,0.9751],"evs":[0.0,2.65789]},"AQs":{"weight":0.7098,"played":[0.0063,0.9937],"evs":[0.0,2.65158]},"AKs":{"weight":0.0243,"played":[0.0036,0.9964],"evs":[0.0,15.16992]},"AA":{"weight":0.4409,"played":[0.0,1.0],"evs":[0.0,33.63631]}}}