{"player":3,"street":0,"children":2,"sequence":[{"player":0,"type":"R","amount":200000,"street":0},{"player":1,"type":"F","amount":0,"street":0},{"player":2,"type":"C","amount":200000,"street":0},{"player":3,"type":"R","amount":600000,"street":0},{"player":4,"type":"R","amount":1345000,"street":0},{"player":5,"type":"R","amount":2335000,"street":0},{"player":0,"type":"F","amount":0,"street":0},{"player":2,"type":"F","amount":0,"street":0}],"actions":[{"type":"F","amount":0},{"type":"C","amount":1735000}],"hands":{"22":{"weight":0.0,"played":[0.2251,0.7749],"evs":[0.0,-1.31106]},"32o":{"weight":0.0,"played":[0.9278,0.0722],"evs":[0.0,-2.80187]},"42o":{"weight":0.0,"played":[0.9431,0.0569],"evs":[0.0,-1.80335]},"52o":{"weight":0.0,"played":[0.9608,0.0392],"evs":[0.0,-3.61891]},"62o":{"weight":0.0,"played":[0.8989,0.1011],"evs":[0.0,-3.47584]},"72o":{"weight":0.0,"played":[0.205,0.795],"evs":[0.0,0.60044]},"82o":{"weight":0.0,"played":[0.794,0.206],"evs":[0.0,-1.39248]},"92o":{"weight":0.0,"played":[0.9141,0.0859],"evs":[0.0,-2.70209]},"T2o":{"weight":0.0,"played":[0.573,0.427],"evs":[0.0,0.84602]},"J2o":{"weight":0.0,"played":[0.9311,0.0689],"evs":[0.0,-2.95809]},"Q2o":{"weight":0.0,"played":[0.0259,0.9741],"evs":[0.0,1.12559]},"K2o":{"weight":0.0,"played":[0.9836,0.0164],"evs":[0.0,-1.66027]},"A2o":{"weight":0.0,"played":[0.0538,0.9462],"evs":[0.0,0.77206]},"32s":{"weight":0.0,"played":[0.7499,0.2501],"evs":[0.0,-2.39723]},"33":{"weight":0.0,"played":[0.0585,0.9415],"evs":[0.0,1.73406]},"43o":{"weight":0.0,"played":[0.9892,0.0108],"evs":[0.0,-2.14041]},"53o":{"weight":0.0,"played":[0.9566,0.0434],"evs":[0.0,-3.9155]},"63o":{"weight":0.0,"played":[0.8409,0.1591],"evs":[0.0,-0.78401]},"73o":{"weight":0.0,"played":[0.9868,0.0132],"evs":[0.0,-4.5974]},"83o":{"weight":0.0,"played":[0.8229,0.1771],"evs":[0.0,-2.00966]},"93o":{"weight":0.0,"played":[0.9115,0.0885],"evs":[0.0,-2.80876]},"T3o":{"weight":0.0,"played":[0.4264,0.5736],"evs":[0.0,-0.06842]},"J3o":{"weight":0.0,"played":[0.2221,0.7779],"evs":[0.0,-1.41949]},"Q3o":{"weight":0.0,"played":[0.2221,0.7779],"evs":[0.0,1.18844]},"K3o":{"weight":0.0,"played":[0.2082,0.7918],"evs":[0.0,0.41709]},"A3o":{"weight":0.0,"played":[0.0537,0.9463],"evs":[0.0,0.77992]},"42s":{"weight":0.0,"played":[0.5088,0.4912],"evs":[0.0,4.0778]},"43s":{"weight":0.0,"played":[0.7808,0.2192],"evs":[0.0,-2.40763]},"44":{"weight":0.0,"played":[0.0184,0.9816],"evs":[0.0,2.30916]},"54o":{"weight":0.0,"played":[0.6516,0.3484],"evs":[0.0,-0.1847]},"64o":{"weight":0.0,"played":[0.6376,0.3624],"evs":[0.0,0.51655]},"74o":{"weight":0.0,"played":[0.6787,0.3213],"evs":[0.0,-0.37186]},"84o":{"weight":0.0,"played":[0.8344,0.1656],"evs":[0.0,-2.19809]},"94o":{"weight":0.0,"played":[0.9994,6.0E-4],"evs":[0.0,-3.01126]},"T4o":{"weight":0.0,"played":[0.091,0.909],"evs":[0.0,0.48004]},"J4o":{"weight":0.0,"played":[0.1531,0.8469],"evs":[0.0,-1.12483]},"Q4o":{"weight":0.0,"played":[0.3416,0.6584],"evs":[0.0,-1.48394]},"K4o":{"weight":0.0,"played":[0.3076,0.6924],"evs":[0.0,0.56686]},"A4o":{"weight":0.0,"played":[0.8327,0.1673],"evs":[0.0,-2.4881]},"52s":{"weight":0.0,"played":[0.7226,0.2774],"evs":[0.0,-1.22354]},"53s":{"weight":0.0,"played":[0.0772,0.9228],"evs":[0.0,1.18692]},"54s":{"weight":0.0,"played":[0.0819,0.9181],"evs":[0.0,4.77005]},"55":{"weight":0.001,"played":[0.206,0.794],"evs":[0.0,0.2469]},"65o":{"weight":0.0,"played":[0.2027,0.7973],"evs":[0.0,2.03501]},"75o":{"weight":0.0,"played":[0.6168,0.3832],"evs":[0.0,-3.91973]},"85o":{"weight":0.0,"played":[0.002,0.998],"evs":[0.0,0.94849]},"95o":{"weight":0.0,"played":[0.4133,0.5867],"evs":[0.0,0.70099]},"T5o":{"weight":0.0,"played":[0.7771,0.2229],"evs":[0.0,-0.88033]},"J5o":{"weight":0.0,"played":[0.0659,0.9341],"evs":[0.0,2.85146]},"Q5o":{"weight":0.0,"played":[0.5125,0.4875],"evs":[0.0,-1.75599]},"K5o":{"weight":0.0,"played":[0.5761,0.4239],"evs":[0.0,-0.74211]},"A5o":{"weight":0.0,"played":[5.0E-4,0.9995],"evs":[0.0,1.68374]},"62s":{"weight":0.0,"played":[0.0441,0.9559],"evs":[0.0,1.43478]},"63s":{"weight":0.0,"played":[0.7204,0.2796],"evs":[0.0,-0.51616]},"64s":{"weight":0.0,"played":[0.1034,0.8966],"evs":[0.0,1.45765]},"65s":{"weight":0.0,"played":[0.5053,0.4947],"evs":[0.0,1.52065]},"66":{"weight":0.0191,"played":[0.0,1.0],"evs":[0.0,6.08812]},"76o":{"weight":0.0,"played":[0.343,0.657],"evs":[0.0,1.0009]},"86o":{"weight":0.0,"played":[0.0882,0.9118],"evs":[0.0,1.21994]},"96o":{"weight":0.0,"played":[0.0094,0.9906],"evs":[0.0,0.71311]},"T6o":{"weight":0.0,"played":[0.1272,0.8728],"evs":[0.0,0.08783]},"J6o":{"weight":0.0,"played":[0.6586,0.3414],"evs":[0.0,-1.66581]},"Q6o":{"weight":0.0,"played":[0.0086,0.9914],"evs":[0.0,0.52701]},"K6o":{"weight":0.0,"played":[0.3698,0.6302],"evs":[0.0,-0.36127]},"A6o":{"weight":0.0,"played":[0.1039,0.8961],"evs":[0.0,0.1931]},"72s":{"weight":0.0,"played":[0.879,0.121],"evs":[0.0,-1.8702]},"73s":{"weight":0.0,"played":[0.8699,0.1301],"evs":[0.0,-5.26296]},"74s":{"weight":0.0,"played":[0.2207,0.7793],"evs":[0.0,2.17172]},"75s":{"weight":0.0,"played":[0.0468,0.9532],"evs":[0.0,6.79336]},"76s":{"weight":0.0,"played":[0.008,0.992],"evs":[0.0,2.74717]},"77":{"weight":8.0E-4,"played":[0.002,0.998],"evs":[0.0,7.29827]},"87o":{"weight":0.0,"played":[0.4829,0.5171],"evs":[0.0,0.05146]},"97o":{"weight":0.0,"played":[0.3243,0.6757],"evs":[0.0,-1.03985]},"T7o":{"weight":0.0,"played":[4.0E-4,0.9996],"evs":[0.0,2.22324]},"J7o":{"weight":0.0,"played":[0.1626,0.8374],"evs":[0.0,-0.58797]},"Q7o":{"weight":0.0,"played":[0.0212,0.9788],"evs":[0.0,0.54509]},"K7o":{"weight":0.0,"played":[0.0127,0.9873],"evs":[0.0,2.94802]},"A7o":{"weight":0.0,"played":[0.9509,0.0491],"evs":[0.0,-1.6028]},"82s":{"weight":0.0,"played":[0.8207,0.1793],"evs":[0.0,-1.84078]},"83s":{"weight":0.0,"played":[0.6082,0.3918],"evs":[0.0,-1.48169]},"84s":{"weight":0.0,"played":[0.1006,0.8994],"evs":[0.0,0.90063]},"85s":{"weight":0.0,"played":[0.7096,0.2904],"evs":[0.0,-3.18183]},"86s":{"weight":0.0,"played":[0.0392,0.9608],"evs":[0.0,4.66243]},"87s":{"weight":0.0,"played":[0.1226,0.8774],"evs":[0.0,0.40594]},"88":{"weight":0.2889,"played":[0.0,1.0],"evs":[0.0,7.29304]},"98o":{"weight":0.0,"played":[0.1881,0.8119],"evs":[0.0,0.90603]},"T8o":{"weight":0.0,"played":[1.0E-4,0.9999],"evs":[0.0,2.82144]},"J8o":{"weight":0.0,"played":[0.0,1.0],"evs":[0.0,0.04585]},"Q8o":{"weight":0.0,"played":[0.0479,0.9521],"evs":[0.0,2.18343]},"K8o":{"weight":0.0,"played":[0.0207,0.9793],"evs":[0.0,2.27224]},"A8o":{"weight":0.0511,"played":[0.1831,0.8169],"evs":[0.0,0.174]},"92s":{"weight":0.0,"played":[0.0107,0.9893],"evs":[0.0,1.35126]},"93s":{"weight":0.0,"played":[0.2088,0.7912],"evs":[0.0,-1.00959]},"94s":{"weight":0.0,"played":[0.2562,0.7438],"evs":[0.0,5.53521]},"95s":{"weight":0.0,"played":[0.4874,0.5126],"evs":[0.0,-0.39464]},"96s":{"weight":0.0,"played":[0.4162,0.5838],"evs":[0.0,3.8951]},"97s":{"weight":0.0,"played":[0.3272,0.6728],"evs":[0.0,0.52653]},"98s":{"weight":0.0,"played":[0.0102,0.9898],"evs":[0.0,2.72649]},"99":{"weight":0.0802,"played":[0.0022,0.9978],"evs":[0.0,9.96805]},"T9o":{"weight":0.0,"played":[0.1787,0.8213],"evs":[0.0,0.22149]},"J9o":{"weight":0.0,"played":[0.2801,0.7199],"evs":[0.0,0.38864]},"Q9o":{"weight":0.0,"played":[0.0,1.0],"evs":[0.0,2.65145]},"K9o":{"weight":0.0,"played":[0.0501,0.9499],"evs":[0.0,2.52368]},"A9o":{"weight":0.2403,"played":[0.0104,0.9896],"evs":[0.0,3.51382]},"T2s":{"weight":0.0,"played":[0.7761,0.2239],"evs":[0.0,-2.11828]},"T3s":{"weight":0.0,"played":[0.3168,0.6832],"evs":[0.0,0.59216]},"T4s":{"weight":0.0,"played":[0.4,0.6],"evs":[0.0,-1.16281]},"T5s":{"weight":0.0,"played":[0.1322,0.8678],"evs":[0.0,-0.11365]},"T6s":{"weight":0.0,"played":[0.0073,0.9927],"evs":[0.0,0.29029]},"T7s":{"weight":0.0,"played":[0.4124,0.5876],"evs":[0.0,4.39737]},"T8s":{"weight":0.0,"played":[0.4655,0.5345],"evs":[0.0,2.13968]},"T9s":{"weight":0.0,"played":[1.0E-4,0.9999],"evs":[0.0,2.42955]},"TT":{"weight":0.0513,"played":[0.0019,0.9981],"evs":[0.0,12.27349]},"JTo":{"weight":0.0,"played":[0.001,0.999],"evs":[0.0,0.39766]},"QTo":{"weight":0.0,"played":[0.3894,0.6106],"evs":[0.0,1.55227]},"KTo":{"weight":0.0,"played":[0.1063,0.8937],"evs":[0.0,4.43727]},"ATo":{"weight":0.9116,"played":[0.0081,0.9919],"evs":[0.0,1.60954]},"J2s":{"weight":0.0,"played":[0.8738,0.1262],"evs":[0.0,-3.95171]},"J3s":{"weight":0.0,"played":[0.2582,0.7418],"evs":[0.0,5.97817]},"J4s":{"weight":0.0,"played":[0.6518,0.3482],"evs":[0.0,-2.61222]},"J5s":{"weight":0.0,"played":[0.4846,0.5154],"evs":[0.0,0.07348]},"J6s":{"weight":0.0,"played":[0.223,0.777],"evs":[0.0,4.96908]},"J7s":{"weight":0.0,"played":[0.2074,0.7926],"evs":[0.0,1.86859]},"J8s":{"weight":0.0,"played":[0.01,0.99],"evs":[0.0,6.06552]},"J9s":{"weight":1.0E-4,"played":[0.0158,0.9842],"evs":[0.0,5.51627]},"JTs":{"weight":0.0,"played":[0.0899,0.9101],"evs":[0.0,6.53851]},"JJ":{"weight":0.3988,"played":[4.0E-4,0.9996],"evs":[0.0,11.84472]},"QJo":{"weight":0.0,"played":[9.0E-4,0.9991],"evs":[0.0,3.98099]},"KJo":{"weight":0.0,"played":[0.0,1.0],"evs":[0.0,6.21406]},"AJo":{"weight":0.4432,"played":[0.0246,0.9754],"evs":[0.0,3.22541]},"Q2s":{"weight":0.0,"played":[0.301,0.699],"evs":[0.0,2.49447]},"Q3s":{"weight":0.0,"played":[0.6381,0.3619],"evs":[0.0,1.32266]},"Q4s":{"weight":0.0,"played":[0.5819,0.4181],"evs":[0.0,1.31073]},"Q5s":{"weight":0.0,"played":[0.2203,0.7797],"evs":[0.0,3.55974]},"Q6s":{"weight":0.0,"played":[0.1912,0.8088],"evs":[0.0,1.92761]},"Q7s":{"weight":0.0,"played":[0.0347,0.9653],"evs":[0.0,1.31616]},"Q8s":{"weight":0.0,"played":[0.3383,0.6617],"evs":[0.0,-0.90701]},"Q9s":{"weight":0.0,"played":[0.2857,0.7143],"evs":[0.0,2.13474]},"QTs":{"weight":0.0131,"played":[0.45,0.55],"evs":[0.0,1.62827]},"QJs":{"weight":0.0,"played":[0.1717,0.8283],"evs":[0.0,1.06222]},"QQ":{"weight":0.5025,"played":[0.0,1.0],"evs":[0.0,11.61332]},"KQo":{"weight":0.1431,"played":[0.0066,0.9934],"evs":[0.0,4.5221]},"AQo":{"weight":0.146,"played":[3.0E-4,0.9997],"evs":[0.0,4.37354]},"K2s":{"weight":0.0,"played":[0.6208,0.3792],"evs":[0.0,-1.09313]},"K3s":{"weight":0.0,"played":[0.0257,0.9743],"evs":[0.0,1.86745]},"K4s":{"weight":0.0,"played":[0.8546,0.1454],"evs":[0.0,-0.37532]},"K5s":{"weight":0.0,"played":[0.2285,0.7715],"evs":[0.0,1.33279]},"K6s":{"weight":0.0,"played":[0.197,0.803],"evs":[0.0,-0.3666]},"K7s":{"weight":0.0,"played":[0.0371,0.9629],"evs":[0.0,2.96891]},"K8s":{"weight":0.0,"played":[0.0207,0.9793],"evs":[0.0,4.69172]},"K9s":{"weight":0.0,"played":[0.019,0.981],"evs":[0.0,6.40313]},"KTs":{"weight":0.0345,"played":[0.0133,0.9867],"evs":[0.0,6.30443]},"KJs":{"weight":0.0388,"played":[0.0153,0.9847],"evs":[0.0,8.83395]},"KQs":{"weight":1.0E-4,"played":[0.0024,0.9976],"evs":[0.0,9.74857]},"KK":{"weight":0.8792,"played":[1.0E-4,0.9999],"evs":[0.0,18.35588]},"AKo":{"weight":0.0404,"played":[9.0E-4,0.9991],"evs":[0.0,3.88162]},"A2s":{"weight":5.0E-4,"played":[0.1791,0.8209],"evs":[0.0,1.17859]},"A3s":{"weight":0.0,"played":[0.0034,0.9966],"evs":[0.0,2.26808]},"A4s":{"weight":0.0401,"played":[0.1064,0.8936],"evs":[0.0,-0.3003]},"A5s":{"weight":0.7582,"played":[0.6567,0.3433],"evs":[0.0,-0.10513]},"A6s":{"weight":0.6048,"played":[0.4753,0.5247],"evs":[0.0,1.21325]},"A7s":{"weight":0.8154,"played":[0.157,0.843],"evs":[0.0,6.48886]},"A8s":{"weight":0.1514,"played":[0.0427,0.9573],"evs":[0.0,2.97925]},"A9s":{"weight":0.0635,"played":[0.3043,0.6957],"evs":[0.0,-2.21281]},"ATs":{"weight":0.0013,"played":[3.0E-4,0.9997],"evs":[0.0,6.84356]},"AJs":{"weight":0.607,"played":[0.0305,0.9695],"evs":[0.0,10.19329]},"AQs":{"weight":0.3949,"played":[0.4358,0.5642],"evs":[0.0,-2.16613]},"AKs":{"weight":0.266,"played":[0.0,1.0],"evs":[0.0,9.12886]},"AA":{"weight":0.9879,"played":[0.0,1.0],"evs":[0.0,23.9559]}}}