{"player":5,"street":0,"children":3,"sequence":[{"player":0,"type":"F","amount":0,"street":0},{"player":1,"type":"F","amount":0,"street":0},{"player":2,"type":"R","amount":200000,"street":0},{"player":3,"type":"C","amount":200000,"street":0},{"player":4,"type":"F","amount":0,"street":0}],"actions":[{"type":"F","amount":0},{"type":"C","amount":100000},{"type":"R","amount":2335000,"node":34}],"hands":{"22":{"weight":1.0,"played":[2.0E-4,0.9997,1.0E-4],"evs":[0.0,0.81954,-0.15114]},"32o":{"weight":1.0,"played":[1.0,0.0,0.0],"evs":[0.0,-0.03795,-1.21957]},"42o":{"weight":1.0,"played":[1.0,0.0,0.0],"evs":[0.0,-0.0362,-1.27403]},"52o":{"weight":1.0,"played":[1.0,0.0,0.0],"evs":[0.0,-0.02184,-1.11955]},"62o":{"weight":1.0,"played":[1.0,0.0,0.0],"evs":[0.0,-0.09853,-1.27774]},"72o":{"weight":1.0,"played":[1.0,0.0,0.0],"evs":[0.0,-0.14154,-1.3977]},"82o":{"weight":1.0,"played":[1.0,0.0,0.0],"evs":[0.0,-0.17827,-1.33301]},"92o":{"weight":1.0,"played":[1.0,0.0,0.0],"evs":[0.0,-0.14787,-1.30194]},"T2o":{"weight":1.0,"played":[1.0,0.0,0.0],"evs":[0.0,-0.21634,-1.23982]},"J2o":{"weight":1.0,"played":[1.0,0.0,0.0],"evs":[0.0,-0.14742,-1.00232]},"Q2o":{"weight":1.0,"played":[1.0,0.0,0.0],"evs":[0.0,-0.0836,-0.88486]},"K2o":{"weight":1.0,"played":[1.0,0.0,0.0],"evs":[0.0,-0.06751,-0.65133]},"A2o":{"weight":1.0,"played":[0.0033,0.98,0.0167],"evs":[0.0,0.14891,0.06001]},"32s":{"weight":1.0,"played":[0.0382,0.9618,0.0],"evs":[0.0,0.15842,-0.73253]},"33":{"weight":1.0,"played":[5.0E-4,0.9995,0.0],"evs":[0.0,0.83693,0.01559]},"43o":{"weight":1.0,"played":[0.0349,0.9651,0.0],"evs":[0.0,0.01588,-1.0137]},"53o":{"weight":1.0,"played":[0.0081,0.9919,0.0],"evs":[0.0,0.0903,-0.8218]},"63o":{"weight":1.0,"played":[0.7451,0.2549,0.0],"evs":[0.0,-0.00822,-0.95739]},"73o":{"weight":1.0,"played":[1.0,0.0,0.0],"evs":[0.0,-0.09909,-1.15182]},"83o":{"weight":1.0,"played":[1.0,0.0,0.0],"evs":[0.0,-0.19204,-1.29691]},"93o":{"weight":1.0,"played":[1.0,0.0,0.0],"evs":[0.0,-0.18199,-1.3025]},"T3o":{"weight":1.0,"played":[1.0,0.0,0.0],"evs":[0.0,-0.219,-1.17285]},"J3o":{"weight":1.0,"played":[1.0,0.0,0.0],"evs":[0.0,-0.14277,-0.92467]},"Q3o":{"weight":1.0,"played":[1.0,0.0,0.0],"evs":[0.0,-0.11146,-0.78779]},"K3o":{"weight":1.0,"played":[1.0,0.0,0.0],"evs":[0.0,-0.06691,-0.51011]},"A3o":{"weight":1.0,"played":[0.0145,0.9854,0.0],"evs":[0.0,0.22225,0.16565]},"42s":{"weight":1.0,"played":[0.0063,0.9937,0.0],"evs":[0.0,0.26187,-0.59871]},"43s":{"weight":1.0,"played":[0.0026,0.9974,0.0],"evs":[0.0,0.2773,-0.44199]},"44":{"weight":1.0,"played":[4.0E-4,0.9996,0.0],"evs":[0.0,0.89353,0.21039]},"54o":{"weight":1.0,"played":[0.0054,0.9946,0.0],"evs":[0.0,0.14892,-0.61178]},"64o":{"weight":1.0,"played":[0.0293,0.9707,0.0],"evs":[0.0,0.10068,-0.73461]},"74o":{"weight":1.0,"played":[1.0,0.0,0.0],"evs":[0.0,-0.0217,-0.94264]},"84o":{"weight":1.0,"played":[1.0,0.0,0.0],"evs":[0.0,-0.12965,-1.053]},"94o":{"weight":1.0,"played":[1.0,0.0,0.0],"evs":[0.0,-0.19755,-1.29881]},"T4o":{"weight":1.0,"played":[1.0,0.0,0.0],"evs":[0.0,-0.23267,-1.13429]},"J4o":{"weight":1.0,"played":[1.0,0.0,0.0],"evs":[0.0,-0.14955,-0.93833]},"Q4o":{"weight":1.0,"played":[1.0,0.0,0.0],"evs":[0.0,-0.13887,-0.78515]},"K4o":{"weight":1.0,"played":[1.0,0.0,0.0],"evs":[0.0,-0.0666,-0.51415]},"A4o":{"weight":1.0,"played":[0.0039,0.9327,0.0634],"evs":[0.0,0.22775,0.196]},"52s":{"weight":1.0,"played":[0.004,0.996,0.0],"evs":[0.0,0.26995,-0.56321]},"53s":{"weight":1.0,"played":[6.0E-4,0.9994,0.0],"evs":[0.0,0.38051,-0.27073]},"54s":{"weight":1.0,"played":[0.0026,0.9974,0.0],"evs":[0.0,0.48528,0.05592]},"55":{"weight":1.0,"played":[3.0E-4,0.9997,0.0],"evs":[0.0,0.91453,0.52726]},"65o":{"weight":1.0,"played":[0.001,0.999,0.0],"evs":[0.0,0.1679,-0.46172]},"75o":{"weight":1.0,"played":[0.0176,0.9824,0.0],"evs":[0.0,0.10953,-0.60554]},"85o":{"weight":1.0,"played":[0.9749,0.0251,0.0],"evs":[0.0,-0.00422,-0.70192]},"95o":{"weight":1.0,"played":[1.0,0.0,0.0],"evs":[0.0,-0.08473,-0.94666]},"T5o":{"weight":1.0,"played":[1.0,0.0,0.0],"evs":[0.0,-0.18183,-0.95103]},"J5o":{"weight":1.0,"played":[1.0,0.0,0.0],"evs":[0.0,-0.15092,-0.79779]},"Q5o":{"weight":1.0,"played":[1.0,0.0,0.0],"evs":[0.0,-0.07629,-0.59544]},"K5o":{"weight":1.0,"played":[1.0,0.0,0.0],"evs":[0.0,-0.00813,-0.37732]},"A5o":{"weight":1.0,"played":[1.0E-4,0.667,0.3329],"evs":[0.0,0.28372,0.29521]},"62s":{"weight":1.0,"played":[0.0151,0.9849,0.0],"evs":[0.0,0.14911,-0.67376]},"63s":{"weight":1.0,"played":[0.0091,0.9909,0.0],"evs":[0.0,0.28378,-0.4272]},"64s":{"weight":1.0,"played":[9.0E-4,0.9991,0.0],"evs":[0.0,0.39273,-0.19257]},"65s":{"weight":1.0,"played":[3.0E-4,0.9997,0.0],"evs":[0.0,0.55442,0.14242]},"66":{"weight":1.0,"played":[0.0,0.9807,0.0193],"evs":[0.0,0.95399,0.80809]},"76o":{"weight":1.0,"played":[0.004,0.996,0.0],"evs":[0.0,0.15757,-0.37092]},"86o":{"weight":1.0,"played":[0.0285,0.9715,0.0],"evs":[0.0,0.11191,-0.48152]},"96o":{"weight":1.0,"played":[0.7891,0.2109,0.0],"evs":[0.0,-0.01941,-0.71357]},"T6o":{"weight":1.0,"played":[1.0,0.0,0.0],"evs":[0.0,-0.12234,-0.71264]},"J6o":{"weight":1.0,"played":[1.0,0.0,0.0],"evs":[0.0,-0.08926,-0.71293]},"Q6o":{"weight":1.0,"played":[1.0,0.0,0.0],"evs":[0.0,-0.06847,-0.53346]},"K6o":{"weight":1.0,"played":[0.8947,0.1053,0.0],"evs":[0.0,-0.0033,-0.30348]},"A6o":{"weight":1.0,"played":[8.0E-4,0.722,0.2772],"evs":[0.0,0.21288,0.17832]},"72s":{"weight":1.0,"played":[0.009,0.991,0.0],"evs":[0.0,0.08725,-0.84069]},"73s":{"weight":1.0,"played":[0.001,0.999,0.0],"evs":[0.0,0.21396,-0.50521]},"74s":{"weight":1.0,"played":[0.0033,0.9967,0.0],"evs":[0.0,0.24903,-0.40749]},"75s":{"weight":1.0,"played":[3.0E-4,0.9997,0.0],"evs":[0.0,0.4395,0.00472]},"76s":{"weight":1.0,"played":[8.0E-4,0.9989,4.0E-4],"evs":[0.0,0.46494,0.22557]},"77":{"weight":1.0,"played":[0.0,0.2057,0.7943],"evs":[0.0,0.93524,0.96475]},"87o":{"weight":1.0,"played":[0.0127,0.9873,0.0],"evs":[0.0,0.11456,-0.33134]},"97o":{"weight":1.0,"played":[0.0998,0.9002,0.0],"evs":[0.0,0.07726,-0.5328]},"T7o":{"weight":1.0,"played":[1.0,0.0,0.0],"evs":[0.0,-0.06861,-0.53676]},"J7o":{"weight":1.0,"played":[1.0,0.0,0.0],"evs":[0.0,-0.04781,-0.53686]},"Q7o":{"weight":1.0,"played":[0.9984,0.0016,0.0],"evs":[0.0,-0.04631,-0.52044]},"K7o":{"weight":1.0,"played":[0.4985,0.5015,0.0],"evs":[0.0,0.03235,-0.21477]},"A7o":{"weight":1.0,"played":[0.0,0.8092,0.1907],"evs":[0.0,0.28453,0.25168]},"82s":{"weight":1.0,"played":[0.0621,0.9379,0.0],"evs":[0.0,0.08624,-0.7002]},"83s":{"weight":1.0,"played":[0.0348,0.9652,0.0],"evs":[0.0,0.0885,-0.6786]},"84s":{"weight":1.0,"played":[0.0119,0.9881,0.0],"evs":[0.0,0.14926,-0.49167]},"85s":{"weight":1.0,"played":[0.006,0.994,0.0],"evs":[0.0,0.29403,-0.17493]},"86s":{"weight":1.0,"played":[0.001,0.999,0.0],"evs":[0.0,0.3628,0.0524]},"87s":{"weight":1.0,"played":[8.0E-4,0.9992,0.0],"evs":[0.0,0.38056,0.22507]},"88":{"weight":1.0,"played":[0.0,0.0059,0.9941],"evs":[0.0,0.94544,1.20758]},"98o":{"weight":1.0,"played":[0.0889,0.9111,0.0],"evs":[0.0,0.03732,-0.36266]},"T8o":{"weight":1.0,"played":[1.0,0.0,0.0],"evs":[0.0,-0.05824,-0.37113]},"J8o":{"weight":1.0,"played":[0.9933,0.0067,0.0],"evs":[0.0,-0.05016,-0.38011]},"Q8o":{"weight":1.0,"played":[1.0,0.0,0.0],"evs":[0.0,-0.05394,-0.38109]},"K8o":{"weight":1.0,"played":[0.4813,0.5187,0.0],"evs":[0.0,0.00157,-0.27973]},"A8o":{"weight":1.0,"played":[1.0E-4,0.9969,0.003],"evs":[0.0,0.38014,0.26004]},"92s":{"weight":1.0,"played":[0.0684,0.9316,0.0],"evs":[0.0,0.08836,-0.67127]},"93s":{"weight":1.0,"played":[0.092,0.908,0.0],"evs":[0.0,0.06586,-0.7315]},"94s":{"weight":1.0,"played":[0.0302,0.9698,0.0],"evs":[0.0,0.06992,-0.74814]},"95s":{"weight":1.0,"played":[0.0179,0.9821,0.0],"evs":[0.0,0.25436,-0.28757]},"96s":{"weight":1.0,"played":[0.0057,0.9943,0.0],"evs":[0.0,0.29775,-0.12366]},"97s":{"weight":1.0,"played":[0.0024,0.9976,0.0],"evs":[0.0,0.35233,-0.03766]},"98s":{"weight":1.0,"played":[5.0E-4,0.9994,0.0],"evs":[0.0,0.42357,0.24615]},"99":{"weight":1.0,"played":[0.0,0.0,1.0],"evs":[0.0,1.03523,1.56836]},"T9o":{"weight":1.0,"played":[0.1017,0.8983,0.0],"evs":[0.0,0.01691,-0.25545]},"J9o":{"weight":1.0,"played":[0.0512,0.9488,0.0],"evs":[0.0,0.05283,-0.26509]},"Q9o":{"weight":1.0,"played":[0.1328,0.8672,0.0],"evs":[0.0,0.07594,-0.19029]},"K9o":{"weight":1.0,"played":[0.0034,0.9966,0.0],"evs":[0.0,0.1359,-0.11047]},"A9o":{"weight":1.0,"played":[0.0,1.0,0.0],"evs":[0.0,0.46259,0.26997]},"T2s":{"weight":1.0,"played":[0.2778,0.7222,0.0],"evs":[0.0,0.00989,-0.57896]},"T3s":{"weight":1.0,"played":[0.1251,0.8749,0.0],"evs":[0.0,0.05682,-0.52049]},"T4s":{"weight":1.0,"played":[0.5123,0.4877,0.0],"evs":[0.0,0.00617,-0.51133]},"T5s":{"weight":1.0,"played":[0.6138,0.3862,0.0],"evs":[0.0,0.06095,-0.39377]},"T6s":{"weight":1.0,"played":[0.0105,0.9895,0.0],"evs":[0.0,0.12804,-0.21644]},"T7s":{"weight":1.0,"played":[0.0021,0.9979,0.0],"evs":[0.0,0.24891,0.04862]},"T8s":{"weight":1.0,"played":[0.0016,0.9982,2.0E-4],"evs":[0.0,0.28351,0.17672]},"T9s":{"weight":1.0,"played":[0.0017,0.9721,0.0262],"evs":[0.0,0.37962,0.35652]},"TT":{"weight":1.0,"played":[0.0,0.0,1.0],"evs":[0.0,1.18269,2.15368]},"JTo":{"weight":1.0,"played":[0.0178,0.9822,0.0],"evs":[0.0,0.13472,0.07488]},"QTo":{"weight":1.0,"played":[0.0017,0.9983,0.0],"evs":[0.0,0.14246,0.05919]},"KTo":{"weight":1.0,"played":[5.0E-4,0.9994,0.0],"evs":[0.0,0.31346,0.20337]},"ATo":{"weight":1.0,"played":[0.0,0.8519,0.1481],"evs":[0.0,0.76075,0.69619]},"J2s":{"weight":1.0,"played":[0.0015,0.9985,0.0],"evs":[0.0,0.11817,-0.41613]},"J3s":{"weight":1.0,"played":[0.0148,0.9852,0.0],"evs":[0.0,0.07641,-0.34724]},"J4s":{"weight":1.0,"played":[0.0306,0.9694,0.0],"evs":[0.0,0.12363,-0.3474]},"J5s":{"weight":1.0,"played":[0.0059,0.9941,0.0],"evs":[0.0,0.16015,-0.21455]},"J6s":{"weight":1.0,"played":[0.0788,0.9212,0.0],"evs":[0.0,0.13321,-0.18277]},"J7s":{"weight":1.0,"played":[9.0E-4,0.9991,0.0],"evs":[0.0,0.25317,0.0512]},"J8s":{"weight":1.0,"played":[0.0038,0.9962,0.0],"evs":[0.0,0.34818,0.25845]},"J9s":{"weight":1.0,"played":[8.0E-4,0.9922,0.007],"evs":[0.0,0.43339,0.34715]},"JTs":{"weight":1.0,"played":[1.0E-4,0.7182,0.2818],"evs":[0.0,0.4686,0.49051]},"JJ":{"weight":1.0,"played":[0.0,0.0,1.0],"evs":[0.0,1.87805,3.23262]},"QJo":{"weight":1.0,"played":[6.0E-4,0.9994,0.0],"evs":[0.0,0.41533,0.30256]},"KJo":{"weight":1.0,"played":[1.0E-4,0.9994,5.0E-4],"evs":[0.0,0.64721,0.36316]},"AJo":{"weight":1.0,"played":[0.0,0.0029,0.9971],"evs":[0.0,1.0066,1.17838]},"Q2s":{"weight":1.0,"played":[0.0179,0.9821,0.0],"evs":[0.0,0.28027,-0.25183]},"Q3s":{"weight":1.0,"played":[0.0053,0.9947,0.0],"evs":[0.0,0.2344,-0.30819]},"Q4s":{"weight":1.0,"played":[5.0E-4,0.9995,0.0],"evs":[0.0,0.19117,-0.14274]},"Q5s":{"weight":1.0,"played":[0.0088,0.9912,0.0],"evs":[0.0,0.17759,-0.10099]},"Q6s":{"weight":1.0,"played":[0.0108,0.9892,0.0],"evs":[0.0,0.25727,0.02961]},"Q7s":{"weight":1.0,"played":[7.0E-4,0.9993,0.0],"evs":[0.0,0.23094,0.05006]},"Q8s":{"weight":1.0,"played":[0.001,0.995,0.0041],"evs":[0.0,0.31432,0.25493]},"Q9s":{"weight":1.0,"played":[6.0E-4,0.9966,0.0028],"evs":[0.0,0.46779,0.43846]},"QTs":{"weight":1.0,"played":[2.0E-4,0.406,0.5939],"evs":[0.0,0.56431,0.62519]},"QJs":{"weight":1.0,"played":[2.0E-4,0.7972,0.2026],"evs":[0.0,0.78618,0.78151]},"QQ":{"weight":1.0,"played":[0.0,0.0,1.0],"evs":[0.0,2.81811,4.20208]},"KQo":{"weight":1.0,"played":[0.0,0.9998,2.0E-4],"evs":[0.0,0.82971,0.48427]},"AQo":{"weight":1.0,"played":[0.0,0.0,1.0],"evs":[0.0,1.31607,1.825]},"K2s":{"weight":1.0,"played":[0.0042,0.9947,0.0012],"evs":[0.0,0.33975,0.02951]},"K3s":{"weight":1.0,"played":[0.0016,0.9984,0.0],"evs":[0.0,0.33243,0.02123]},"K4s":{"weight":1.0,"played":[0.0012,0.9923,0.0065],"evs":[0.0,0.34525,0.12937]},"K5s":{"weight":1.0,"played":[7.0E-4,0.9962,0.0031],"evs":[0.0,0.33697,0.17107]},"K6s":{"weight":1.0,"played":[6.0E-4,0.3547,0.6446],"evs":[0.0,0.36824,0.3436]},"K7s":{"weight":1.0,"played":[0.001,0.9958,0.0032],"evs":[0.0,0.42099,0.32932]},"K8s":{"weight":1.0,"played":[5.0E-4,0.9747,0.0248],"evs":[0.0,0.42227,0.3412]},"K9s":{"weight":1.0,"played":[0.0,0.9887,0.0112],"evs":[0.0,0.60176,0.55131]},"KTs":{"weight":1.0,"played":[1.0E-4,0.9775,0.0224],"evs":[0.0,0.74964,0.71857]},"KJs":{"weight":1.0,"played":[4.0E-4,0.9994,3.0E-4],"evs":[0.0,1.04143,0.89176]},"KQs":{"weight":1.0,"played":[0.0,0.9998,2.0E-4],"evs":[0.0,1.32995,1.18428]},"KK":{"weight":1.0,"played":[0.0,0.0,1.0],"evs":[0.0,4.32149,5.41627]},"AKo":{"weight":1.0,"played":[0.0,0.0,1.0],"evs":[0.0,1.79455,2.5595]},"A2s":{"weight":1.0,"played":[1.0E-4,0.7454,0.2545],"evs":[0.0,0.65943,0.58691]},"A3s":{"weight":1.0,"played":[0.0,0.4816,0.5184],"evs":[0.0,0.66144,0.64822]},"A4s":{"weight":1.0,"played":[1.0E-4,0.9756,0.0243],"evs":[0.0,0.74928,0.70471]},"A5s":{"weight":1.0,"played":[0.0,0.0026,0.9974],"evs":[0.0,0.84354,0.9465]},"A6s":{"weight":1.0,"played":[0.0,0.1041,0.8959],"evs":[0.0,0.75415,0.80025]},"A7s":{"weight":1.0,"played":[0.0,0.3976,0.6024],"evs":[0.0,0.7785,0.79208]},"A8s":{"weight":1.0,"played":[0.0,0.7028,0.2972],"evs":[0.0,0.90802,0.87399]},"A9s":{"weight":1.0,"played":[0.0,0.9997,3.0E-4],"evs":[0.0,1.00905,0.83331]},"ATs":{"weight":1.0,"played":[0.0,0.2563,0.7437],"evs":[0.0,1.31863,1.2767]},"AJs":{"weight":1.0,"played":[0.0,7.0E-4,0.9993],"evs":[0.0,1.60299,1.76295]},"AQs":{"weight":1.0,"played":[0.0,0.0012,0.9988],"evs":[0.0,1.87549,2.21061]},"AKs":{"weight":1.0,"played":[0.0,0.0,1.0],"evs":[0.0,2.26747,2.99192]},"AA":{"weight":1.0,"played":[0.0,1.0E-4,0.9999],"evs":[0.0,7.10384,7.73015]}}}