{"player":2,"street":0,"children":2,"sequence":[{"player":0,"type":"R","amount":200000,"street":0},{"player":1,"type":"F","amount":0,"street":0},{"player":2,"type":"C","amount":200000,"street":0},{"player":3,"type":"R","amount":3605000,"street":0},{"player":4,"type":"C","amount":1295000,"street":0},{"player":5,"type":"F","amount":0,"street":0},{"player":0,"type":"F","amount":0,"street":0}],"actions":[{"type":"F","amount":0},{"type":"C","amount":1205000}],"hands":{"22":{"weight":0.0,"played":[0.3927,0.6073],"evs":[0.0,0.29424]},"32o":{"weight":0.0,"played":[1.0,0.0],"evs":[0.0,-2.05709]},"42o":{"weight":0.0,"played":[1.0,0.0],"evs":[0.0,-2.14602]},"52o":{"weight":0.0,"played":[0.9999,1.0E-4],"evs":[0.0,-1.74261]},"62o":{"weight":0.0,"played":[1.0,0.0],"evs":[0.0,-2.05053]},"72o":{"weight":0.0,"played":[1.0,0.0],"evs":[0.0,-3.15589]},"82o":{"weight":0.0,"played":[1.0,0.0],"evs":[0.0,-2.70546]},"92o":{"weight":0.0,"played":[1.0,0.0],"evs":[0.0,-3.14029]},"T2o":{"weight":0.0,"played":[0.9999,1.0E-4],"evs":[0.0,-2.75505]},"J2o":{"weight":0.0,"played":[1.0,0.0],"evs":[0.0,-2.55495]},"Q2o":{"weight":0.0,"played":[0.9998,2.0E-4],"evs":[0.0,-2.70927]},"K2o":{"weight":0.0,"played":[0.9999,1.0E-4],"evs":[0.0,-2.28944]},"A2o":{"weight":0.0,"played":[1.0,0.0],"evs":[0.0,-2.57996]},"32s":{"weight":0.0,"played":[0.994,0.006],"evs":[0.0,-0.97153]},"33":{"weight":0.0,"played":[0.2272,0.7728],"evs":[0.0,0.23609]},"43o":{"weight":0.0,"played":[1.0,0.0],"evs":[0.0,-1.67881]},"53o":{"weight":0.0,"played":[1.0,0.0],"evs":[0.0,-1.32346]},"63o":{"weight":0.0,"played":[1.0,0.0],"evs":[0.0,-1.82053]},"73o":{"weight":0.0,"played":[1.0,0.0],"evs":[0.0,-2.53358]},"83o":{"weight":0.0,"played":[1.0,0.0],"evs":[0.0,-3.20729]},"93o":{"weight":0.0,"played":[0.9995,5.0E-4],"evs":[0.0,-2.57692]},"T3o":{"weight":0.0,"played":[1.0,0.0],"evs":[0.0,-2.31204]},"J3o":{"weight":0.0,"played":[1.0,0.0],"evs":[0.0,-2.27019]},"Q3o":{"weight":0.0,"played":[1.0,0.0],"evs":[0.0,-2.30697]},"K3o":{"weight":0.0,"played":[1.0,0.0],"evs":[0.0,-2.17869]},"A3o":{"weight":0.0,"played":[0.9999,1.0E-4],"evs":[0.0,-2.50318]},"42s":{"weight":0.0,"played":[0.9879,0.0121],"evs":[0.0,-1.23618]},"43s":{"weight":0.0,"played":[0.9815,0.0185],"evs":[0.0,-0.4802]},"44":{"weight":0.2136,"played":[0.0095,0.9905],"evs":[0.0,0.23247]},"54o":{"weight":0.0,"played":[0.9997,3.0E-4],"evs":[0.0,-1.00596]},"64o":{"weight":0.0,"played":[0.9997,3.0E-4],"evs":[0.0,-1.03551]},"74o":{"weight":0.0,"played":[1.0,0.0],"evs":[0.0,-1.94315]},"84o":{"weight":0.0,"played":[1.0,0.0],"evs":[0.0,-2.13966]},"94o":{"weight":0.0,"played":[0.9994,6.0E-4],"evs":[0.0,-2.83606]},"T4o":{"weight":0.0,"played":[1.0,0.0],"evs":[0.0,-2.44015]},"J4o":{"weight":0.0,"played":[0.9999,1.0E-4],"evs":[0.0,-1.77059]},"Q4o":{"weight":0.0,"played":[0.9997,3.0E-4],"evs":[0.0,-2.15346]},"K4o":{"weight":0.0,"played":[0.9999,1.0E-4],"evs":[0.0,-2.21194]},"A4o":{"weight":0.0,"played":[0.9998,2.0E-4],"evs":[0.0,-2.2868]},"52s":{"weight":0.0,"played":[0.9995,5.0E-4],"evs":[0.0,-1.06257]},"53s":{"weight":0.0,"played":[0.7477,0.2523],"evs":[0.0,0.05796]},"54s":{"weight":0.0,"played":[0.2843,0.7157],"evs":[0.0,0.42962]},"55":{"weight":1.0E-4,"played":[0.0,1.0],"evs":[0.0,1.02194]},"65o":{"weight":0.0,"played":[0.9971,0.0029],"evs":[0.0,-0.80106]},"75o":{"weight":0.0,"played":[0.9999,1.0E-4],"evs":[0.0,-1.34912]},"85o":{"weight":0.0,"played":[0.9999,1.0E-4],"evs":[0.0,-1.85095]},"95o":{"weight":0.0,"played":[1.0,0.0],"evs":[0.0,-2.46667]},"T5o":{"weight":0.0,"played":[1.0,0.0],"evs":[0.0,-2.3653]},"J5o":{"weight":0.0,"played":[1.0,0.0],"evs":[0.0,-2.49091]},"Q5o":{"weight":0.0,"played":[1.0,0.0],"evs":[0.0,-2.40174]},"K5o":{"weight":0.0,"played":[1.0,0.0],"evs":[0.0,-2.39244]},"A5o":{"weight":0.0,"played":[0.9999,1.0E-4],"evs":[0.0,-2.04396]},"62s":{"weight":0.0,"played":[0.9982,0.0018],"evs":[0.0,-0.95931]},"63s":{"weight":0.0,"played":[0.9568,0.0432],"evs":[0.0,-0.2855]},"64s":{"weight":0.0,"played":[0.7622,0.2378],"evs":[0.0,-0.145]},"65s":{"weight":0.0,"played":[0.0259,0.9741],"evs":[0.0,0.65743]},"66":{"weight":0.0,"played":[0.0,1.0],"evs":[0.0,0.73362]},"76o":{"weight":0.0,"played":[1.0,0.0],"evs":[0.0,-1.16485]},"86o":{"weight":0.0,"played":[1.0,0.0],"evs":[0.0,-1.71196]},"96o":{"weight":0.0,"played":[0.9997,3.0E-4],"evs":[0.0,-1.40975]},"T6o":{"weight":0.0,"played":[1.0,0.0],"evs":[0.0,-2.21801]},"J6o":{"weight":0.0,"played":[0.9999,1.0E-4],"evs":[0.0,-2.14722]},"Q6o":{"weight":0.0,"played":[1.0,0.0],"evs":[0.0,-2.17612]},"K6o":{"weight":0.0,"played":[0.9999,1.0E-4],"evs":[0.0,-1.91088]},"A6o":{"weight":0.0,"played":[1.0,0.0],"evs":[0.0,-2.98001]},"72s":{"weight":0.0,"played":[0.9986,0.0014],"evs":[0.0,-1.69443]},"73s":{"weight":0.0,"played":[0.9987,0.0013],"evs":[0.0,-1.47296]},"74s":{"weight":0.0,"played":[0.9793,0.0207],"evs":[0.0,-0.36679]},"75s":{"weight":0.0,"played":[0.8053,0.1947],"evs":[0.0,-0.78736]},"76s":{"weight":0.0,"played":[0.8898,0.1102],"evs":[0.0,-0.34694]},"77":{"weight":0.0,"played":[0.002,0.998],"evs":[0.0,0.58294]},"87o":{"weight":0.0,"played":[1.0,0.0],"evs":[0.0,-1.75943]},"97o":{"weight":0.0,"played":[0.9994,6.0E-4],"evs":[0.0,-1.65176]},"T7o":{"weight":0.0,"played":[0.9995,5.0E-4],"evs":[0.0,-1.90022]},"J7o":{"weight":0.0,"played":[0.9982,0.0018],"evs":[0.0,-1.98562]},"Q7o":{"weight":0.0,"played":[0.9989,0.0011],"evs":[0.0,-2.5928]},"K7o":{"weight":0.0,"played":[0.9997,3.0E-4],"evs":[0.0,-1.69135]},"A7o":{"weight":0.0,"played":[0.9999,1.0E-4],"evs":[0.0,-2.73009]},"82s":{"weight":0.0,"played":[1.0,0.0],"evs":[0.0,-1.75209]},"83s":{"weight":0.0,"played":[0.9999,1.0E-4],"evs":[0.0,-1.53514]},"84s":{"weight":0.0,"played":[0.9794,0.0206],"evs":[0.0,-0.66936]},"85s":{"weight":0.0,"played":[0.9839,0.0161],"evs":[0.0,-0.29476]},"86s":{"weight":0.0,"played":[0.9496,0.0504],"evs":[0.0,-0.35216]},"87s":{"weight":0.0,"played":[0.4796,0.5204],"evs":[0.0,-0.1628]},"88":{"weight":0.0,"played":[0.001,0.999],"evs":[0.0,0.65803]},"98o":{"weight":0.0,"played":[0.9962,0.0038],"evs":[0.0,-1.3792]},"T8o":{"weight":0.0,"played":[0.9987,0.0013],"evs":[0.0,-1.51434]},"J8o":{"weight":0.0,"played":[0.9998,2.0E-4],"evs":[0.0,-1.96192]},"Q8o":{"weight":0.0,"played":[0.9993,7.0E-4],"evs":[0.0,-2.4083]},"K8o":{"weight":0.0,"played":[0.9977,0.0023],"evs":[0.0,-2.21813]},"A8o":{"weight":0.0,"played":[0.9998,2.0E-4],"evs":[0.0,-2.89953]},"92s":{"weight":0.0,"played":[0.9939,0.0061],"evs":[0.0,-1.67994]},"93s":{"weight":0.0,"played":[0.9948,0.0052],"evs":[0.0,-1.44368]},"94s":{"weight":0.0,"played":[0.9945,0.0055],"evs":[0.0,-1.4458]},"95s":{"weight":0.0,"played":[0.8962,0.1038],"evs":[0.0,-1.06074]},"96s":{"weight":0.0,"played":[0.4858,0.5142],"evs":[0.0,-0.10192]},"97s":{"weight":0.0,"played":[0.655,0.345],"evs":[0.0,-0.03785]},"98s":{"weight":0.0,"played":[0.5511,0.4489],"evs":[0.0,0.19862]},"99":{"weight":0.0,"played":[0.0,1.0],"evs":[0.0,1.87124]},"T9o":{"weight":0.0,"played":[0.9934,0.0066],"evs":[0.0,-0.69103]},"J9o":{"weight":0.0,"played":[0.9982,0.0018],"evs":[0.0,-1.62905]},"Q9o":{"weight":0.0,"played":[0.9993,7.0E-4],"evs":[0.0,-1.96107]},"K9o":{"weight":0.0,"played":[0.9999,1.0E-4],"evs":[0.0,-1.99328]},"A9o":{"weight":0.0,"played":[0.9999,1.0E-4],"evs":[0.0,-2.82537]},"T2s":{"weight":0.0,"played":[0.9984,0.0016],"evs":[0.0,-1.44065]},"T3s":{"weight":0.0,"played":[0.9843,0.0157],"evs":[0.0,-1.35864]},"T4s":{"weight":0.0,"played":[0.998,0.002],"evs":[0.0,-1.25337]},"T5s":{"weight":0.0,"played":[0.93,0.07],"evs":[0.0,-1.27039]},"T6s":{"weight":0.0,"played":[0.9138,0.0862],"evs":[0.0,-0.65798]},"T7s":{"weight":0.0,"played":[0.9842,0.0158],"evs":[0.0,-1.16597]},"T8s":{"weight":0.0,"played":[0.663,0.337],"evs":[0.0,0.0517]},"T9s":{"weight":4.0E-4,"played":[0.1668,0.8332],"evs":[0.0,0.25107]},"TT":{"weight":0.0,"played":[0.0,1.0],"evs":[0.0,3.92917]},"JTo":{"weight":0.0,"played":[0.9491,0.0509],"evs":[0.0,-0.68882]},"QTo":{"weight":0.0,"played":[0.9954,0.0046],"evs":[0.0,-1.3014]},"KTo":{"weight":0.0,"played":[0.9984,0.0016],"evs":[0.0,-1.16365]},"ATo":{"weight":1.0E-4,"played":[0.9993,7.0E-4],"evs":[0.0,-1.59742]},"J2s":{"weight":0.0,"played":[0.9965,0.0035],"evs":[0.0,-1.01373]},"J3s":{"weight":0.0,"played":[0.9995,5.0E-4],"evs":[0.0,-1.29467]},"J4s":{"weight":0.0,"played":[0.8868,0.1132],"evs":[0.0,-0.83838]},"J5s":{"weight":0.0,"played":[0.9957,0.0043],"evs":[0.0,-1.12532]},"J6s":{"weight":0.0,"played":[0.9683,0.0317],"evs":[0.0,-0.48583]},"J7s":{"weight":0.0,"played":[0.9508,0.0492],"evs":[0.0,-0.85894]},"J8s":{"weight":0.0,"played":[0.1206,0.8794],"evs":[0.0,0.19125]},"J9s":{"weight":1.0E-4,"played":[0.6755,0.3245],"evs":[0.0,-0.05487]},"JTs":{"weight":0.5237,"played":[0.0012,0.9988],"evs":[0.0,0.64995]},"JJ":{"weight":0.0,"played":[0.0,1.0],"evs":[0.0,5.4706]},"QJo":{"weight":0.0,"played":[0.9841,0.0159],"evs":[0.0,-1.25284]},"KJo":{"weight":1.0E-4,"played":[0.9966,0.0034],"evs":[0.0,-0.8534]},"AJo":{"weight":0.0,"played":[0.9759,0.0241],"evs":[0.0,-1.09447]},"Q2s":{"weight":0.0,"played":[0.9887,0.0113],"evs":[0.0,-1.30179]},"Q3s":{"weight":0.0,"played":[0.9995,5.0E-4],"evs":[0.0,-1.30451]},"Q4s":{"weight":0.0,"played":[0.9918,0.0082],"evs":[0.0,-1.10528]},"Q5s":{"weight":0.0,"played":[0.9224,0.0776],"evs":[0.0,-0.73669]},"Q6s":{"weight":0.0,"played":[0.9845,0.0155],"evs":[0.0,-0.64604]},"Q7s":{"weight":0.0,"played":[0.7975,0.2025],"evs":[0.0,-1.14184]},"Q8s":{"weight":0.0,"played":[0.9819,0.0181],"evs":[0.0,-0.80014]},"Q9s":{"weight":4.0E-4,"played":[0.7377,0.2623],"evs":[0.0,-0.71782]},"QTs":{"weight":0.8714,"played":[4.0E-4,0.9996],"evs":[0.0,0.40379]},"QJs":{"weight":1.0,"played":[0.0102,0.9898],"evs":[0.0,0.49933]},"QQ":{"weight":0.0,"played":[0.0,1.0],"evs":[0.0,8.11276]},"KQo":{"weight":0.1703,"played":[0.9864,0.0136],"evs":[0.0,-0.84352]},"AQo":{"weight":0.0,"played":[0.7799,0.2201],"evs":[0.0,-0.45079]},"K2s":{"weight":0.0,"played":[0.9744,0.0256],"evs":[0.0,-1.56211]},"K3s":{"weight":0.0,"played":[0.9849,0.0151],"evs":[0.0,-0.61799]},"K4s":{"weight":0.0,"played":[0.9448,0.0552],"evs":[0.0,-0.57277]},"K5s":{"weight":0.0,"played":[0.9302,0.0698],"evs":[0.0,-0.73704]},"K6s":{"weight":0.0,"played":[0.9825,0.0175],"evs":[0.0,-0.91026]},"K7s":{"weight":0.0,"played":[0.884,0.116],"evs":[0.0,-0.83462]},"K8s":{"weight":0.0,"played":[0.9088,0.0912],"evs":[0.0,-0.9282]},"K9s":{"weight":1.0E-4,"played":[0.4602,0.5398],"evs":[0.0,-0.18318]},"KTs":{"weight":0.5888,"played":[0.0117,0.9883],"evs":[0.0,0.01914]},"KJs":{"weight":0.7854,"played":[0.1115,0.8885],"evs":[0.0,0.08647]},"KQs":{"weight":2.0E-4,"played":[0.0393,0.9607],"evs":[0.0,1.0741]},"KK":{"weight":0.0,"played":[0.0,1.0],"evs":[0.0,11.5153]},"AKo":{"weight":0.0,"played":[0.0,1.0],"evs":[0.0,2.62207]},"A2s":{"weight":0.0,"played":[0.9997,3.0E-4],"evs":[0.0,-0.96027]},"A3s":{"weight":4.0E-4,"played":[0.9799,0.0201],"evs":[0.0,-0.77951]},"A4s":{"weight":0.0,"played":[0.9848,0.0152],"evs":[0.0,-0.85227]},"A5s":{"weight":0.9999,"played":[0.9984,0.0016],"evs":[0.0,-1.21525]},"A6s":{"weight":0.01,"played":[0.999,0.001],"evs":[0.0,-2.07463]},"A7s":{"weight":0.871,"played":[0.9939,0.0061],"evs":[0.0,-1.39491]},"A8s":{"weight":0.0041,"played":[0.9969,0.0031],"evs":[0.0,-1.61245]},"A9s":{"weight":2.0E-4,"played":[0.9469,0.0531],"evs":[0.0,-1.2872]},"ATs":{"weight":1.0E-4,"played":[0.8991,0.1009],"evs":[0.0,-0.47292]},"AJs":{"weight":0.0,"played":[3.0E-4,0.9997],"evs":[0.0,0.27412]},"AQs":{"weight":0.0,"played":[2.0E-4,0.9998],"evs":[0.0,1.20966]},"AKs":{"weight":0.0,"played":[1.0E-4,0.9999],"evs":[0.0,3.25882]},"AA":{"weight":0.3868,"played":[0.0,1.0],"evs":[0.0,16.2354]}}}