{"player":0,"street":0,"children":2,"sequence":[{"player":0,"type":"R","amount":200000,"street":0},{"player":1,"type":"F","amount":0,"street":0},{"player":2,"type":"R","amount":1405000,"street":0},{"player":3,"type":"F","amount":0,"street":0},{"player":4,"type":"F","amount":0,"street":0},{"player":5,"type":"F","amount":0,"street":0}],"actions":[{"type":"F","amount":0},{"type":"C","amount":1205000}],"hands":{"22":{"weight":0.9786,"played":[0.0,1.0],"evs":[0.0,0.35272]},"32o":{"weight":0.0,"played":[1.0,0.0],"evs":[0.0,-2.45687]},"42o":{"weight":0.0,"played":[1.0,0.0],"evs":[0.0,-2.35386]},"52o":{"weight":0.0,"played":[1.0,0.0],"evs":[0.0,-2.13683]},"62o":{"weight":0.0,"played":[1.0,0.0],"evs":[0.0,-2.29801]},"72o":{"weight":0.0,"played":[1.0,0.0],"evs":[0.0,-2.43923]},"82o":{"weight":0.0,"played":[1.0,0.0],"evs":[0.0,-2.27719]},"92o":{"weight":0.0,"played":[1.0,0.0],"evs":[0.0,-2.1388]},"T2o":{"weight":0.0,"played":[1.0,0.0],"evs":[0.0,-2.16678]},"J2o":{"weight":0.0,"played":[1.0,0.0],"evs":[0.0,-1.94807]},"Q2o":{"weight":0.0,"played":[1.0,0.0],"evs":[0.0,-1.85314]},"K2o":{"weight":0.0,"played":[1.0,0.0],"evs":[0.0,-1.60659]},"A2o":{"weight":0.0,"played":[1.0,0.0],"evs":[0.0,-0.92918]},"32s":{"weight":0.0,"played":[1.0,0.0],"evs":[0.0,-1.59028]},"33":{"weight":1.0,"played":[0.0,1.0],"evs":[0.0,0.46772]},"43o":{"weight":0.0,"played":[1.0,0.0],"evs":[0.0,-2.03054]},"53o":{"weight":0.0,"played":[1.0,0.0],"evs":[0.0,-1.83242]},"63o":{"weight":0.0,"played":[1.0,0.0],"evs":[0.0,-1.99337]},"73o":{"weight":0.0,"played":[1.0,0.0],"evs":[0.0,-2.12582]},"83o":{"weight":0.0,"played":[1.0,0.0],"evs":[0.0,-2.25663]},"93o":{"weight":0.0,"played":[1.0,0.0],"evs":[0.0,-2.07535]},"T3o":{"weight":0.0,"played":[1.0,0.0],"evs":[0.0,-2.07939]},"J3o":{"weight":0.0,"played":[1.0,0.0],"evs":[0.0,-1.90945]},"Q3o":{"weight":0.0,"played":[1.0,0.0],"evs":[0.0,-1.75515]},"K3o":{"weight":0.0,"played":[1.0,0.0],"evs":[0.0,-1.53309]},"A3o":{"weight":0.0,"played":[1.0,0.0],"evs":[0.0,-0.86756]},"42s":{"weight":0.0,"played":[1.0,0.0],"evs":[0.0,-1.495]},"43s":{"weight":0.0,"played":[1.0,0.0],"evs":[0.0,-1.181]},"44":{"weight":1.0,"played":[0.0,1.0],"evs":[0.0,0.72926]},"54o":{"weight":0.0,"played":[1.0,0.0],"evs":[0.0,-1.50409]},"64o":{"weight":0.0,"played":[1.0,0.0],"evs":[0.0,-1.67311]},"74o":{"weight":0.0,"played":[1.0,0.0],"evs":[0.0,-1.81419]},"84o":{"weight":0.0,"played":[1.0,0.0],"evs":[0.0,-1.97189]},"94o":{"weight":0.0,"played":[1.0,0.0],"evs":[0.0,-2.0783]},"T4o":{"weight":0.0,"played":[1.0,0.0],"evs":[0.0,-2.01853]},"J4o":{"weight":0.0,"played":[1.0,0.0],"evs":[0.0,-1.79162]},"Q4o":{"weight":0.0,"played":[1.0,0.0],"evs":[0.0,-1.66716]},"K4o":{"weight":0.0,"played":[1.0,0.0],"evs":[0.0,-1.44548]},"A4o":{"weight":0.0,"played":[1.0,0.0],"evs":[0.0,-0.77306]},"52s":{"weight":0.0,"played":[1.0,0.0],"evs":[0.0,-1.27745]},"53s":{"weight":0.0,"played":[1.0,0.0],"evs":[0.0,-1.01728]},"54s":{"weight":0.0,"played":[1.0,0.0],"evs":[0.0,-0.72268]},"55":{"weight":1.0,"played":[0.0,1.0],"evs":[0.0,1.29457]},"65o":{"weight":0.0,"played":[1.0,0.0],"evs":[0.0,-1.28677]},"75o":{"weight":0.0,"played":[1.0,0.0],"evs":[0.0,-1.39849]},"85o":{"weight":0.0,"played":[1.0,0.0],"evs":[0.0,-1.54524]},"95o":{"weight":0.0,"played":[1.0,0.0],"evs":[0.0,-1.64142]},"T5o":{"weight":0.0,"played":[1.0,0.0],"evs":[0.0,-1.90731]},"J5o":{"weight":0.0,"played":[1.0,0.0],"evs":[0.0,-1.64119]},"Q5o":{"weight":0.0,"played":[1.0,0.0],"evs":[0.0,-1.50018]},"K5o":{"weight":0.0,"played":[1.0,0.0],"evs":[0.0,-1.27834]},"A5o":{"weight":0.0,"played":[1.0,0.0],"evs":[0.0,-0.58594]},"62s":{"weight":0.0,"played":[1.0,0.0],"evs":[0.0,-1.44488]},"63s":{"weight":0.0,"played":[1.0,0.0],"evs":[0.0,-1.1443]},"64s":{"weight":0.0,"played":[1.0,0.0],"evs":[0.0,-0.85899]},"65s":{"weight":0.0,"played":[1.0,0.0],"evs":[0.0,-0.46113]},"66":{"weight":1.0,"played":[0.0,1.0],"evs":[0.0,1.89062]},"76o":{"weight":0.0,"played":[1.0,0.0],"evs":[0.0,-1.00584]},"86o":{"weight":0.0,"played":[1.0,0.0],"evs":[0.0,-1.15628]},"96o":{"weight":0.0,"played":[1.0,0.0],"evs":[0.0,-1.23543]},"T6o":{"weight":0.0,"played":[1.0,0.0],"evs":[0.0,-1.48927]},"J6o":{"weight":0.0,"played":[1.0,0.0],"evs":[0.0,-1.53932]},"Q6o":{"weight":0.0,"played":[1.0,0.0],"evs":[0.0,-1.34827]},"K6o":{"weight":0.0,"played":[1.0,0.0],"evs":[0.0,-1.1139]},"A6o":{"weight":0.0,"played":[1.0,0.0],"evs":[0.0,-0.71843]},"72s":{"weight":0.0,"played":[1.0,0.0],"evs":[0.0,-1.5684]},"73s":{"weight":0.0,"played":[1.0,0.0],"evs":[0.0,-1.26466]},"74s":{"weight":0.0,"played":[1.0,0.0],"evs":[0.0,-0.95803]},"75s":{"weight":0.0,"played":[1.0,0.0],"evs":[0.0,-0.567]},"76s":{"weight":0.9977,"played":[1.0,0.0],"evs":[0.0,-0.25713]},"77":{"weight":1.0,"played":[0.0,1.0],"evs":[0.0,2.48246]},"87o":{"weight":0.0,"played":[1.0,0.0],"evs":[0.0,-0.82235]},"97o":{"weight":0.0,"played":[1.0,0.0],"evs":[0.0,-0.91137]},"T7o":{"weight":0.0,"played":[1.0,0.0],"evs":[0.0,-1.1269]},"J7o":{"weight":0.0,"played":[1.0,0.0],"evs":[0.0,-1.15855]},"Q7o":{"weight":0.0,"played":[1.0,0.0],"evs":[0.0,-1.27929]},"K7o":{"weight":0.0,"played":[1.0,0.0],"evs":[0.0,-1.00743]},"A7o":{"weight":1.0E-4,"played":[1.0,0.0],"evs":[0.0,-0.53852]},"82s":{"weight":0.0,"played":[1.0,0.0],"evs":[0.0,-1.40619]},"83s":{"weight":0.0,"played":[1.0,0.0],"evs":[0.0,-1.40798]},"84s":{"weight":0.0,"played":[1.0,0.0],"evs":[0.0,-1.10957]},"85s":{"weight":0.0,"played":[1.0,0.0],"evs":[0.0,-0.73538]},"86s":{"weight":0.0,"played":[1.0,0.0],"evs":[0.0,-0.31958]},"87s":{"weight":0.9999,"played":[1.0,0.0],"evs":[0.0,-0.05074]},"88":{"weight":1.0,"played":[0.0,1.0],"evs":[0.0,3.12523]},"98o":{"weight":0.0,"played":[1.0,0.0],"evs":[0.0,-0.62069]},"T8o":{"weight":0.0,"played":[1.0,0.0],"evs":[0.0,-0.81071]},"J8o":{"weight":0.0,"played":[1.0,0.0],"evs":[0.0,-0.84325]},"Q8o":{"weight":0.0,"played":[1.0,0.0],"evs":[0.0,-1.00298]},"K8o":{"weight":0.0,"played":[1.0,0.0],"evs":[0.0,-0.9776]},"A8o":{"weight":1.0,"played":[1.0,0.0],"evs":[0.0,-0.35865]},"92s":{"weight":0.0,"played":[1.0,0.0],"evs":[0.0,-1.29854]},"93s":{"weight":0.0,"played":[1.0,0.0],"evs":[0.0,-1.21912]},"94s":{"weight":0.0,"played":[1.0,0.0],"evs":[0.0,-1.21334]},"95s":{"weight":0.0,"played":[1.0,0.0],"evs":[0.0,-0.80988]},"96s":{"weight":0.0,"played":[1.0,0.0],"evs":[0.0,-0.41622]},"97s":{"weight":0.9507,"played":[0.9999,1.0E-4],"evs":[0.0,-0.11986]},"98s":{"weight":1.0,"played":[2.0E-4,0.9998],"evs":[0.0,0.15085]},"99":{"weight":0.9994,"played":[0.0,1.0],"evs":[0.0,3.83584]},"T9o":{"weight":0.0,"played":[1.0,0.0],"evs":[0.0,-0.45012]},"J9o":{"weight":0.0,"played":[1.0,0.0],"evs":[0.0,-0.4757]},"Q9o":{"weight":0.0,"played":[1.0,0.0],"evs":[0.0,-0.60762]},"K9o":{"weight":0.0,"played":[1.0,0.0],"evs":[0.0,-0.62468]},"A9o":{"weight":1.0,"played":[1.0,0.0],"evs":[0.0,-0.05229]},"T2s":{"weight":0.0,"played":[1.0,0.0],"evs":[0.0,-1.30428]},"T3s":{"weight":0.0,"played":[1.0,0.0],"evs":[0.0,-1.18846]},"T4s":{"weight":0.0,"played":[1.0,0.0],"evs":[0.0,-1.13855]},"T5s":{"weight":0.0,"played":[1.0,0.0],"evs":[0.0,-1.03326]},"T6s":{"weight":0.0,"played":[1.0,0.0],"evs":[0.0,-0.67184]},"T7s":{"weight":0.0,"played":[1.0,0.0],"evs":[0.0,-0.33791]},"T8s":{"weight":1.0,"played":[0.7017,0.2983],"evs":[0.0,-0.01175]},"T9s":{"weight":1.0,"played":[0.0,1.0],"evs":[0.0,0.34184]},"TT":{"weight":1.0,"played":[0.0,1.0],"evs":[0.0,4.84147]},"JTo":{"weight":0.2733,"played":[1.0,0.0],"evs":[0.0,-0.17753]},"QTo":{"weight":0.9097,"played":[1.0,0.0],"evs":[0.0,-0.30381]},"KTo":{"weight":1.0,"played":[1.0,0.0],"evs":[0.0,-0.28883]},"ATo":{"weight":1.0,"played":[0.0,1.0],"evs":[0.0,0.86552]},"J2s":{"weight":0.0,"played":[1.0,0.0],"evs":[0.0,-1.09077]},"J3s":{"weight":0.0,"played":[1.0,0.0],"evs":[0.0,-0.99711]},"J4s":{"weight":0.0,"played":[1.0,0.0],"evs":[0.0,-0.96885]},"J5s":{"weight":0.0,"played":[1.0,0.0],"evs":[0.0,-0.80308]},"J6s":{"weight":0.0,"played":[1.0,0.0],"evs":[0.0,-0.69931]},"J7s":{"weight":0.0,"played":[1.0,0.0],"evs":[0.0,-0.31623]},"J8s":{"weight":0.9965,"played":[0.9869,0.0131],"evs":[0.0,-0.04754]},"J9s":{"weight":1.0,"played":[0.0,1.0],"evs":[0.0,0.29663]},"JTs":{"weight":0.9997,"played":[0.0,1.0],"evs":[0.0,0.59269]},"JJ":{"weight":1.0,"played":[0.0,1.0],"evs":[0.0,5.85894]},"QJo":{"weight":1.0,"played":[0.9992,8.0E-4],"evs":[0.0,-0.10045]},"KJo":{"weight":1.0,"played":[0.9918,0.0082],"evs":[0.0,-0.01137]},"AJo":{"weight":1.0,"played":[0.0,1.0],"evs":[0.0,1.99026]},"Q2s":{"weight":0.0,"played":[1.0,0.0],"evs":[0.0,-0.97167]},"Q3s":{"weight":0.0,"played":[1.0,0.0],"evs":[0.0,-0.88787]},"Q4s":{"weight":0.0,"played":[1.0,0.0],"evs":[0.0,-0.81564]},"Q5s":{"weight":0.0,"played":[1.0,0.0],"evs":[0.0,-0.70337]},"Q6s":{"weight":0.0,"played":[1.0,0.0],"evs":[0.0,-0.52862]},"Q7s":{"weight":0.0,"played":[1.0,0.0],"evs":[0.0,-0.45231]},"Q8s":{"weight":0.9989,"played":[0.9999,1.0E-4],"evs":[0.0,-0.18066]},"Q9s":{"weight":1.0,"played":[0.0,1.0],"evs":[0.0,0.15994]},"QTs":{"weight":1.0,"played":[0.0,1.0],"evs":[0.0,0.45339]},"QJs":{"weight":1.0,"played":[0.0,1.0],"evs":[0.0,0.66354]},"QQ":{"weight":1.0,"played":[0.0,1.0],"evs":[0.0,7.13191]},"KQo":{"weight":0.9998,"played":[0.0,1.0],"evs":[0.0,0.56654]},"AQo":{"weight":1.0,"played":[0.0,1.0],"evs":[0.0,3.42168]},"K2s":{"weight":0.0,"played":[1.0,0.0],"evs":[0.0,-0.75975]},"K3s":{"weight":0.0,"played":[1.0,0.0],"evs":[0.0,-0.66299]},"K4s":{"weight":0.0,"played":[1.0,0.0],"evs":[0.0,-0.59702]},"K5s":{"weight":2.0E-4,"played":[1.0,0.0],"evs":[0.0,-0.40538]},"K6s":{"weight":0.9562,"played":[1.0,0.0],"evs":[0.0,-0.30311]},"K7s":{"weight":1.0,"played":[1.0,0.0],"evs":[0.0,-0.16155]},"K8s":{"weight":1.0,"played":[0.9972,0.0028],"evs":[0.0,-0.16065]},"K9s":{"weight":1.0,"played":[0.0,1.0],"evs":[0.0,0.18005]},"KTs":{"weight":0.9998,"played":[0.0,1.0],"evs":[0.0,0.51328]},"KJs":{"weight":1.0,"played":[0.0,1.0],"evs":[0.0,0.74781]},"KQs":{"weight":1.0,"played":[0.0,1.0],"evs":[0.0,1.29625]},"KK":{"weight":1.0,"played":[0.0,1.0],"evs":[0.0,8.52262]},"AKo":{"weight":0.999,"played":[0.0,1.0],"evs":[0.0,4.72593]},"A2s":{"weight":1.0,"played":[0.9995,5.0E-4],"evs":[0.0,-0.11827]},"A3s":{"weight":1.0,"played":[0.9995,5.0E-4],"evs":[0.0,-0.03943]},"A4s":{"weight":1.0,"played":[0.1894,0.8106],"evs":[0.0,0.04564]},"A5s":{"weight":1.0,"played":[6.0E-4,0.9994],"evs":[0.0,0.23789]},"A6s":{"weight":1.0,"played":[0.1115,0.8885],"evs":[0.0,0.09457]},"A7s":{"weight":1.0,"played":[0.0,1.0],"evs":[0.0,0.24508]},"A8s":{"weight":1.0,"played":[0.0,1.0],"evs":[0.0,0.46098]},"A9s":{"weight":1.0,"played":[0.0,1.0],"evs":[0.0,0.75214]},"ATs":{"weight":1.0,"played":[0.0,1.0],"evs":[0.0,1.58085]},"AJs":{"weight":1.0,"played":[0.0,1.0],"evs":[0.0,2.60747]},"AQs":{"weight":1.0,"played":[0.0,1.0],"evs":[0.0,3.95882]},"AKs":{"weight":1.0,"played":[0.0,1.0],"evs":[0.0,5.16825]},"AA":{"weight":1.0,"played":[0.0,1.0],"evs":[0.0,11.03003]}}}