{"player":5,"street":0,"children":2,"sequence":[{"player":0,"type":"R","amount":200000,"street":0},{"player":1,"type":"F","amount":0,"street":0},{"player":2,"type":"R","amount":1405000,"street":0},{"player":3,"type":"F","amount":0,"street":0},{"player":4,"type":"C","amount":1295000,"street":0}],"actions":[{"type":"F","amount":0,"node":341},{"type":"R","amount":2335000,"node":342}],"hands":{"22":{"weight":1.0,"played":[1.0,0.0],"evs":[0.0,-1.43869]},"32o":{"weight":1.0,"played":[1.0,0.0],"evs":[0.0,-3.81617]},"42o":{"weight":1.0,"played":[1.0,0.0],"evs":[0.0,-3.60176]},"52o":{"weight":1.0,"played":[1.0,0.0],"evs":[0.0,-3.28562]},"62o":{"weight":1.0,"played":[1.0,0.0],"evs":[0.0,-3.80669]},"72o":{"weight":1.0,"played":[1.0,0.0],"evs":[0.0,-4.51267]},"82o":{"weight":1.0,"played":[1.0,0.0],"evs":[0.0,-4.15945]},"92o":{"weight":1.0,"played":[1.0,0.0],"evs":[0.0,-4.14298]},"T2o":{"weight":1.0,"played":[1.0,0.0],"evs":[0.0,-4.03316]},"J2o":{"weight":1.0,"played":[1.0,0.0],"evs":[0.0,-3.74813]},"Q2o":{"weight":1.0,"played":[1.0,0.0],"evs":[0.0,-3.86224]},"K2o":{"weight":1.0,"played":[1.0,0.0],"evs":[0.0,-3.28994]},"A2o":{"weight":1.0,"played":[1.0,0.0],"evs":[0.0,-3.46831]},"32s":{"weight":1.0,"played":[1.0,0.0],"evs":[0.0,-2.50892]},"33":{"weight":1.0,"played":[1.0,0.0],"evs":[0.0,-1.14158]},"43o":{"weight":1.0,"played":[1.0,0.0],"evs":[0.0,-3.11243]},"53o":{"weight":1.0,"played":[1.0,0.0],"evs":[0.0,-2.90918]},"63o":{"weight":1.0,"played":[1.0,0.0],"evs":[0.0,-3.19899]},"73o":{"weight":1.0,"played":[1.0,0.0],"evs":[0.0,-3.89157]},"83o":{"weight":1.0,"played":[1.0,0.0],"evs":[0.0,-4.10355]},"93o":{"weight":1.0,"played":[1.0,0.0],"evs":[0.0,-3.7688]},"T3o":{"weight":1.0,"played":[1.0,0.0],"evs":[0.0,-3.8837]},"J3o":{"weight":1.0,"played":[1.0,0.0],"evs":[0.0,-3.66182]},"Q3o":{"weight":1.0,"played":[1.0,0.0],"evs":[0.0,-3.5819]},"K3o":{"weight":1.0,"played":[1.0,0.0],"evs":[0.0,-3.15092]},"A3o":{"weight":1.0,"played":[1.0,0.0],"evs":[0.0,-3.31817]},"42s":{"weight":1.0,"played":[1.0,0.0],"evs":[0.0,-2.1916]},"43s":{"weight":1.0,"played":[0.9999,1.0E-4],"evs":[0.0,-1.56057]},"44":{"weight":1.0,"played":[0.9998,2.0E-4],"evs":[0.0,-0.9138]},"54o":{"weight":1.0,"played":[1.0,0.0],"evs":[0.0,-2.13949]},"64o":{"weight":1.0,"played":[1.0,0.0],"evs":[0.0,-2.58401]},"74o":{"weight":1.0,"played":[1.0,0.0],"evs":[0.0,-3.23698]},"84o":{"weight":1.0,"played":[1.0,0.0],"evs":[0.0,-3.63591]},"94o":{"weight":1.0,"played":[1.0,0.0],"evs":[0.0,-3.7993]},"T4o":{"weight":1.0,"played":[1.0,0.0],"evs":[0.0,-3.60262]},"J4o":{"weight":1.0,"played":[1.0,0.0],"evs":[0.0,-3.57221]},"Q4o":{"weight":1.0,"played":[1.0,0.0],"evs":[0.0,-3.46085]},"K4o":{"weight":1.0,"played":[1.0,0.0],"evs":[0.0,-3.21396]},"A4o":{"weight":1.0,"played":[1.0,0.0],"evs":[0.0,-3.23762]},"52s":{"weight":1.0,"played":[1.0,0.0],"evs":[0.0,-1.80915]},"53s":{"weight":1.0,"played":[0.9999,1.0E-4],"evs":[0.0,-1.49458]},"54s":{"weight":1.0,"played":[0.9997,3.0E-4],"evs":[0.0,-0.85233]},"55":{"weight":1.0,"played":[0.9999,1.0E-4],"evs":[0.0,-0.82014]},"65o":{"weight":1.0,"played":[1.0,0.0],"evs":[0.0,-2.09524]},"75o":{"weight":1.0,"played":[1.0,0.0],"evs":[0.0,-2.51018]},"85o":{"weight":1.0,"played":[1.0,0.0],"evs":[0.0,-2.97451]},"95o":{"weight":1.0,"played":[1.0,0.0],"evs":[0.0,-3.07427]},"T5o":{"weight":1.0,"played":[1.0,0.0],"evs":[0.0,-3.60239]},"J5o":{"weight":1.0,"played":[1.0,0.0],"evs":[0.0,-3.32811]},"Q5o":{"weight":1.0,"played":[1.0,0.0],"evs":[0.0,-3.28891]},"K5o":{"weight":1.0,"played":[1.0,0.0],"evs":[0.0,-2.84731]},"A5o":{"weight":1.0,"played":[1.0,0.0],"evs":[0.0,-2.99386]},"62s":{"weight":1.0,"played":[1.0,0.0],"evs":[0.0,-2.21791]},"63s":{"weight":1.0,"played":[1.0,0.0],"evs":[0.0,-1.90287]},"64s":{"weight":1.0,"played":[1.0,0.0],"evs":[0.0,-1.23078]},"65s":{"weight":1.0,"played":[0.9983,0.0017],"evs":[0.0,-0.75353]},"66":{"weight":1.0,"played":[0.9779,0.0221],"evs":[0.0,-0.2508]},"76o":{"weight":1.0,"played":[1.0,0.0],"evs":[0.0,-2.17608]},"86o":{"weight":1.0,"played":[1.0,0.0],"evs":[0.0,-2.63204]},"96o":{"weight":1.0,"played":[1.0,0.0],"evs":[0.0,-2.93369]},"T6o":{"weight":1.0,"played":[1.0,0.0],"evs":[0.0,-3.19268]},"J6o":{"weight":1.0,"played":[1.0,0.0],"evs":[0.0,-3.25976]},"Q6o":{"weight":1.0,"played":[1.0,0.0],"evs":[0.0,-3.34348]},"K6o":{"weight":1.0,"played":[1.0,0.0],"evs":[0.0,-2.79337]},"A6o":{"weight":1.0,"played":[1.0,0.0],"evs":[0.0,-3.66624]},"72s":{"weight":1.0,"played":[1.0,0.0],"evs":[0.0,-3.1519]},"73s":{"weight":1.0,"played":[1.0,0.0],"evs":[0.0,-2.3182]},"74s":{"weight":1.0,"played":[1.0,0.0],"evs":[0.0,-1.86523]},"75s":{"weight":1.0,"played":[0.9999,1.0E-4],"evs":[0.0,-1.32566]},"76s":{"weight":1.0,"played":[1.0,0.0],"evs":[0.0,-0.72118]},"77":{"weight":1.0,"played":[0.0467,0.9533],"evs":[0.0,0.00282]},"87o":{"weight":1.0,"played":[1.0,0.0],"evs":[0.0,-2.15534]},"97o":{"weight":1.0,"played":[1.0,0.0],"evs":[0.0,-2.40144]},"T7o":{"weight":1.0,"played":[1.0,0.0],"evs":[0.0,-2.66634]},"J7o":{"weight":1.0,"played":[1.0,0.0],"evs":[0.0,-3.01535]},"Q7o":{"weight":1.0,"played":[1.0,0.0],"evs":[0.0,-3.39576]},"K7o":{"weight":1.0,"played":[1.0,0.0],"evs":[0.0,-2.83754]},"A7o":{"weight":1.0,"played":[1.0,0.0],"evs":[0.0,-3.58282]},"82s":{"weight":1.0,"played":[1.0,0.0],"evs":[0.0,-2.51387]},"83s":{"weight":1.0,"played":[1.0,0.0],"evs":[0.0,-2.59791]},"84s":{"weight":1.0,"played":[1.0,0.0],"evs":[0.0,-2.04492]},"85s":{"weight":1.0,"played":[1.0,0.0],"evs":[0.0,-1.47182]},"86s":{"weight":1.0,"played":[0.9999,1.0E-4],"evs":[0.0,-1.2808]},"87s":{"weight":1.0,"played":[1.0,0.0],"evs":[0.0,-0.73752]},"88":{"weight":1.0,"played":[2.0E-4,0.9998],"evs":[0.0,0.9518]},"98o":{"weight":1.0,"played":[1.0,0.0],"evs":[0.0,-2.07377]},"T8o":{"weight":1.0,"played":[1.0,0.0],"evs":[0.0,-2.34271]},"J8o":{"weight":1.0,"played":[1.0,0.0],"evs":[0.0,-2.38063]},"Q8o":{"weight":1.0,"played":[1.0,0.0],"evs":[0.0,-2.81279]},"K8o":{"weight":1.0,"played":[1.0,0.0],"evs":[0.0,-2.76563]},"A8o":{"weight":1.0,"played":[1.0,0.0],"evs":[0.0,-3.31301]},"92s":{"weight":1.0,"played":[1.0,0.0],"evs":[0.0,-2.54165]},"93s":{"weight":1.0,"played":[1.0,0.0],"evs":[0.0,-2.26085]},"94s":{"weight":1.0,"played":[1.0,0.0],"evs":[0.0,-2.33059]},"95s":{"weight":1.0,"played":[1.0,0.0],"evs":[0.0,-1.67678]},"96s":{"weight":1.0,"played":[1.0,0.0],"evs":[0.0,-1.24593]},"97s":{"weight":1.0,"played":[0.9999,1.0E-4],"evs":[0.0,-1.03998]},"98s":{"weight":1.0,"played":[1.0,0.0],"evs":[0.0,-0.68839]},"99":{"weight":1.0,"played":[0.0,1.0],"evs":[0.0,2.18328]},"T9o":{"weight":1.0,"played":[1.0,0.0],"evs":[0.0,-1.48058]},"J9o":{"weight":1.0,"played":[1.0,0.0],"evs":[0.0,-1.65893]},"Q9o":{"weight":1.0,"played":[1.0,0.0],"evs":[0.0,-2.27633]},"K9o":{"weight":1.0,"played":[1.0,0.0],"evs":[0.0,-2.17166]},"A9o":{"weight":1.0,"played":[1.0,0.0],"evs":[0.0,-2.87724]},"T2s":{"weight":1.0,"played":[1.0,0.0],"evs":[0.0,-2.76804]},"T3s":{"weight":1.0,"played":[1.0,0.0],"evs":[0.0,-2.22779]},"T4s":{"weight":1.0,"played":[1.0,0.0],"evs":[0.0,-2.09025]},"T5s":{"weight":1.0,"played":[1.0,0.0],"evs":[0.0,-2.17224]},"T6s":{"weight":1.0,"played":[1.0,0.0],"evs":[0.0,-1.48839]},"T7s":{"weight":1.0,"played":[1.0,0.0],"evs":[0.0,-1.73869]},"T8s":{"weight":1.0,"played":[0.9999,1.0E-4],"evs":[0.0,-0.63836]},"T9s":{"weight":1.0,"played":[0.8438,0.1562],"evs":[0.0,-0.1105]},"TT":{"weight":1.0,"played":[0.0,1.0],"evs":[0.0,3.91747]},"JTo":{"weight":1.0,"played":[1.0,0.0],"evs":[0.0,-1.2895]},"QTo":{"weight":1.0,"played":[0.9999,1.0E-4],"evs":[0.0,-1.63489]},"KTo":{"weight":1.0,"played":[1.0,0.0],"evs":[0.0,-1.53053]},"ATo":{"weight":1.0,"played":[1.0,0.0],"evs":[0.0,-2.00867]},"J2s":{"weight":1.0,"played":[1.0,0.0],"evs":[0.0,-2.32584]},"J3s":{"weight":1.0,"played":[0.9999,1.0E-4],"evs":[0.0,-1.93969]},"J4s":{"weight":1.0,"played":[1.0,0.0],"evs":[0.0,-2.37791]},"J5s":{"weight":1.0,"played":[1.0,0.0],"evs":[0.0,-1.83686]},"J6s":{"weight":1.0,"played":[0.9999,1.0E-4],"evs":[0.0,-1.69969]},"J7s":{"weight":1.0,"played":[1.0,0.0],"evs":[0.0,-1.57979]},"J8s":{"weight":1.0,"played":[0.9926,0.0074],"evs":[0.0,-0.98264]},"J9s":{"weight":1.0,"played":[0.9645,0.0355],"evs":[0.0,-0.60991]},"JTs":{"weight":1.0,"played":[0.4318,0.5682],"evs":[0.0,0.17146]},"JJ":{"weight":1.0,"played":[0.0,1.0],"evs":[0.0,5.6971]},"QJo":{"weight":1.0,"played":[1.0,0.0],"evs":[0.0,-1.64608]},"KJo":{"weight":1.0,"played":[1.0,0.0],"evs":[0.0,-1.05269]},"AJo":{"weight":1.0,"played":[0.9998,2.0E-4],"evs":[0.0,-1.36905]},"Q2s":{"weight":1.0,"played":[1.0,0.0],"evs":[0.0,-2.51956]},"Q3s":{"weight":1.0,"played":[1.0,0.0],"evs":[0.0,-2.1135]},"Q4s":{"weight":1.0,"played":[1.0,0.0],"evs":[0.0,-2.20777]},"Q5s":{"weight":1.0,"played":[1.0,0.0],"evs":[0.0,-1.70329]},"Q6s":{"weight":1.0,"played":[1.0,0.0],"evs":[0.0,-1.72383]},"Q7s":{"weight":1.0,"played":[1.0,0.0],"evs":[0.0,-2.03296]},"Q8s":{"weight":1.0,"played":[1.0,0.0],"evs":[0.0,-1.41733]},"Q9s":{"weight":1.0,"played":[1.0,0.0],"evs":[0.0,-0.72224]},"QTs":{"weight":1.0,"played":[0.2475,0.7525],"evs":[0.0,-0.14697]},"QJs":{"weight":1.0,"played":[0.1644,0.8356],"evs":[0.0,0.20749]},"QQ":{"weight":1.0,"played":[0.0,1.0],"evs":[0.0,8.33073]},"KQo":{"weight":1.0,"played":[0.9998,2.0E-4],"evs":[0.0,-1.01562]},"AQo":{"weight":1.0,"played":[0.9374,0.0626],"evs":[0.0,-0.05717]},"K2s":{"weight":1.0,"played":[1.0,0.0],"evs":[0.0,-2.02042]},"K3s":{"weight":1.0,"played":[0.9998,2.0E-4],"evs":[0.0,-1.85815]},"K4s":{"weight":1.0,"played":[1.0,0.0],"evs":[0.0,-1.44383]},"K5s":{"weight":1.0,"played":[1.0,0.0],"evs":[0.0,-1.30224]},"K6s":{"weight":1.0,"played":[0.9997,3.0E-4],"evs":[0.0,-1.0075]},"K7s":{"weight":1.0,"played":[1.0,0.0],"evs":[0.0,-1.29051]},"K8s":{"weight":1.0,"played":[1.0,0.0],"evs":[0.0,-1.39599]},"K9s":{"weight":1.0,"played":[0.9991,9.0E-4],"evs":[0.0,-0.60185]},"KTs":{"weight":1.0,"played":[0.6967,0.3033],"evs":[0.0,-0.11691]},"KJs":{"weight":1.0,"played":[0.0044,0.9956],"evs":[0.0,0.29337]},"KQs":{"weight":1.0,"played":[0.0,1.0],"evs":[0.0,0.49026]},"KK":{"weight":1.0,"played":[0.0,1.0],"evs":[0.0,12.26628]},"AKo":{"weight":1.0,"played":[0.0,1.0],"evs":[0.0,2.08311]},"A2s":{"weight":1.0,"played":[0.9997,3.0E-4],"evs":[0.0,-1.90152]},"A3s":{"weight":1.0,"played":[1.0,0.0],"evs":[0.0,-2.14125]},"A4s":{"weight":1.0,"played":[0.9995,5.0E-4],"evs":[0.0,-1.7762]},"A5s":{"weight":1.0,"played":[0.9988,0.0012],"evs":[0.0,-1.62488]},"A6s":{"weight":1.0,"played":[0.9998,2.0E-4],"evs":[0.0,-2.0434]},"A7s":{"weight":1.0,"played":[1.0,0.0],"evs":[0.0,-1.88735]},"A8s":{"weight":1.0,"played":[1.0,0.0],"evs":[0.0,-1.703]},"A9s":{"weight":1.0,"played":[0.9999,1.0E-4],"evs":[0.0,-1.31781]},"ATs":{"weight":1.0,"played":[0.9989,0.0011],"evs":[0.0,-0.54787]},"AJs":{"weight":1.0,"played":[0.0726,0.9274],"evs":[0.0,0.05049]},"AQs":{"weight":1.0,"played":[0.0014,0.9986],"evs":[0.0,1.02832]},"AKs":{"weight":1.0,"played":[1.0E-4,0.9999],"evs":[0.0,3.3285]},"AA":{"weight":1.0,"played":[0.0,1.0],"evs":[0.0,17.13777]}}}