{"player":5,"street":0,"children":2,"sequence":[{"player":0,"type":"R","amount":200000,"street":0},{"player":1,"type":"F","amount":0,"street":0},{"player":2,"type":"R","amount":1405000,"street":0},{"player":3,"type":"R","amount":3605000,"street":0},{"player":4,"type":"F","amount":0,"street":0}],"actions":[{"type":"F","amount":0,"node":345},{"type":"C","amount":2235000,"node":346}],"hands":{"22":{"weight":1.0,"played":[1.0,0.0],"evs":[0.0,-3.98933]},"32o":{"weight":1.0,"played":[1.0,0.0],"evs":[0.0,-7.20196]},"42o":{"weight":1.0,"played":[1.0,0.0],"evs":[0.0,-7.01999]},"52o":{"weight":1.0,"played":[1.0,0.0],"evs":[0.0,-6.70964]},"62o":{"weight":1.0,"played":[1.0,0.0],"evs":[0.0,-7.32547]},"72o":{"weight":1.0,"played":[1.0,0.0],"evs":[0.0,-8.14003]},"82o":{"weight":1.0,"played":[1.0,0.0],"evs":[0.0,-7.69873]},"92o":{"weight":1.0,"played":[1.0,0.0],"evs":[0.0,-7.57667]},"T2o":{"weight":1.0,"played":[1.0,0.0],"evs":[0.0,-7.46282]},"J2o":{"weight":1.0,"played":[1.0,0.0],"evs":[0.0,-7.173]},"Q2o":{"weight":1.0,"played":[1.0,0.0],"evs":[0.0,-7.22117]},"K2o":{"weight":1.0,"played":[1.0,0.0],"evs":[0.0,-6.36988]},"A2o":{"weight":1.0,"played":[1.0,0.0],"evs":[0.0,-6.80953]},"32s":{"weight":1.0,"played":[1.0,0.0],"evs":[0.0,-5.31387]},"33":{"weight":1.0,"played":[1.0,0.0],"evs":[0.0,-3.98178]},"43o":{"weight":1.0,"played":[1.0,0.0],"evs":[0.0,-6.38818]},"53o":{"weight":1.0,"played":[1.0,0.0],"evs":[0.0,-6.10357]},"63o":{"weight":1.0,"played":[1.0,0.0],"evs":[0.0,-6.6348]},"73o":{"weight":1.0,"played":[1.0,0.0],"evs":[0.0,-7.31535]},"83o":{"weight":1.0,"played":[1.0,0.0],"evs":[0.0,-7.88243]},"93o":{"weight":1.0,"played":[1.0,0.0],"evs":[0.0,-7.1801]},"T3o":{"weight":1.0,"played":[1.0,0.0],"evs":[0.0,-7.08677]},"J3o":{"weight":1.0,"played":[1.0,0.0],"evs":[0.0,-6.77141]},"Q3o":{"weight":1.0,"played":[1.0,0.0],"evs":[0.0,-7.075]},"K3o":{"weight":1.0,"played":[1.0,0.0],"evs":[0.0,-6.40536]},"A3o":{"weight":1.0,"played":[1.0,0.0],"evs":[0.0,-6.5839]},"42s":{"weight":1.0,"played":[1.0,0.0],"evs":[0.0,-5.23051]},"43s":{"weight":1.0,"played":[1.0,0.0],"evs":[0.0,-4.33945]},"44":{"weight":1.0,"played":[1.0,0.0],"evs":[0.0,-3.71543]},"54o":{"weight":1.0,"played":[1.0,0.0],"evs":[0.0,-5.28307]},"64o":{"weight":1.0,"played":[1.0,0.0],"evs":[0.0,-5.84287]},"74o":{"weight":1.0,"played":[1.0,0.0],"evs":[0.0,-6.64485]},"84o":{"weight":1.0,"played":[1.0,0.0],"evs":[0.0,-7.11094]},"94o":{"weight":1.0,"played":[1.0,0.0],"evs":[0.0,-7.25617]},"T4o":{"weight":1.0,"played":[1.0,0.0],"evs":[0.0,-7.11594]},"J4o":{"weight":1.0,"played":[1.0,0.0],"evs":[0.0,-6.72325]},"Q4o":{"weight":1.0,"played":[1.0,0.0],"evs":[0.0,-6.71662]},"K4o":{"weight":1.0,"played":[1.0,0.0],"evs":[0.0,-6.16289]},"A4o":{"weight":1.0,"played":[1.0,0.0],"evs":[0.0,-6.29086]},"52s":{"weight":1.0,"played":[1.0,0.0],"evs":[0.0,-5.1963]},"53s":{"weight":1.0,"played":[1.0,0.0],"evs":[0.0,-4.37702]},"54s":{"weight":1.0,"played":[1.0,0.0],"evs":[0.0,-3.51159]},"55":{"weight":1.0,"played":[0.9998,2.0E-4],"evs":[0.0,-3.38717]},"65o":{"weight":1.0,"played":[1.0,0.0],"evs":[0.0,-5.24625]},"75o":{"weight":1.0,"played":[1.0,0.0],"evs":[0.0,-5.84729]},"85o":{"weight":1.0,"played":[1.0,0.0],"evs":[0.0,-6.35484]},"95o":{"weight":1.0,"played":[1.0,0.0],"evs":[0.0,-6.52636]},"T5o":{"weight":1.0,"played":[1.0,0.0],"evs":[0.0,-6.90925]},"J5o":{"weight":1.0,"played":[1.0,0.0],"evs":[0.0,-6.34361]},"Q5o":{"weight":1.0,"played":[1.0,0.0],"evs":[0.0,-6.53365]},"K5o":{"weight":1.0,"played":[1.0,0.0],"evs":[0.0,-5.72212]},"A5o":{"weight":1.0,"played":[1.0,0.0],"evs":[0.0,-6.16029]},"62s":{"weight":1.0,"played":[1.0,0.0],"evs":[0.0,-5.57424]},"63s":{"weight":1.0,"played":[1.0,0.0],"evs":[0.0,-5.2159]},"64s":{"weight":1.0,"played":[1.0,0.0],"evs":[0.0,-4.37152]},"65s":{"weight":1.0,"played":[1.0,0.0],"evs":[0.0,-3.51666]},"66":{"weight":1.0,"played":[1.0,0.0],"evs":[0.0,-3.26167]},"76o":{"weight":1.0,"played":[1.0,0.0],"evs":[0.0,-5.5062]},"86o":{"weight":1.0,"played":[1.0,0.0],"evs":[0.0,-5.6515]},"96o":{"weight":1.0,"played":[1.0,0.0],"evs":[0.0,-6.03609]},"T6o":{"weight":1.0,"played":[1.0,0.0],"evs":[0.0,-6.37089]},"J6o":{"weight":1.0,"played":[1.0,0.0],"evs":[0.0,-6.51923]},"Q6o":{"weight":1.0,"played":[1.0,0.0],"evs":[0.0,-6.54042]},"K6o":{"weight":1.0,"played":[1.0,0.0],"evs":[0.0,-5.76286]},"A6o":{"weight":1.0,"played":[1.0,0.0],"evs":[0.0,-7.03938]},"72s":{"weight":1.0,"played":[1.0,0.0],"evs":[0.0,-6.03265]},"73s":{"weight":1.0,"played":[1.0,0.0],"evs":[0.0,-5.56611]},"74s":{"weight":1.0,"played":[1.0,0.0],"evs":[0.0,-4.99412]},"75s":{"weight":1.0,"played":[1.0,0.0],"evs":[0.0,-4.29588]},"76s":{"weight":1.0,"played":[1.0,0.0],"evs":[0.0,-3.81083]},"77":{"weight":1.0,"played":[1.0,0.0],"evs":[0.0,-2.62502]},"87o":{"weight":1.0,"played":[1.0,0.0],"evs":[0.0,-5.55453]},"97o":{"weight":1.0,"played":[1.0,0.0],"evs":[0.0,-5.77437]},"T7o":{"weight":1.0,"played":[1.0,0.0],"evs":[0.0,-5.95469]},"J7o":{"weight":1.0,"played":[1.0,0.0],"evs":[0.0,-6.08944]},"Q7o":{"weight":1.0,"played":[1.0,0.0],"evs":[0.0,-6.72047]},"K7o":{"weight":1.0,"played":[1.0,0.0],"evs":[0.0,-5.94387]},"A7o":{"weight":1.0,"played":[1.0,0.0],"evs":[0.0,-6.84449]},"82s":{"weight":1.0,"played":[1.0,0.0],"evs":[0.0,-5.68276]},"83s":{"weight":1.0,"played":[1.0,0.0],"evs":[0.0,-5.81147]},"84s":{"weight":1.0,"played":[1.0,0.0],"evs":[0.0,-5.27423]},"85s":{"weight":1.0,"played":[1.0,0.0],"evs":[0.0,-4.74208]},"86s":{"weight":1.0,"played":[1.0,0.0],"evs":[0.0,-3.7831]},"87s":{"weight":1.0,"played":[1.0,0.0],"evs":[0.0,-3.39543]},"88":{"weight":1.0,"played":[0.9979,0.0021],"evs":[0.0,-0.93765]},"98o":{"weight":1.0,"played":[1.0,0.0],"evs":[0.0,-4.96207]},"T8o":{"weight":1.0,"played":[1.0,0.0],"evs":[0.0,-5.41001]},"J8o":{"weight":1.0,"played":[1.0,0.0],"evs":[0.0,-5.32899]},"Q8o":{"weight":1.0,"played":[1.0,0.0],"evs":[0.0,-5.96045]},"K8o":{"weight":1.0,"played":[1.0,0.0],"evs":[0.0,-5.63356]},"A8o":{"weight":1.0,"played":[1.0,0.0],"evs":[0.0,-6.60487]},"92s":{"weight":1.0,"played":[1.0,0.0],"evs":[0.0,-5.41248]},"93s":{"weight":1.0,"played":[1.0,0.0],"evs":[0.0,-5.12461]},"94s":{"weight":1.0,"played":[1.0,0.0],"evs":[0.0,-5.34744]},"95s":{"weight":1.0,"played":[1.0,0.0],"evs":[0.0,-4.42051]},"96s":{"weight":1.0,"played":[1.0,0.0],"evs":[0.0,-4.25664]},"97s":{"weight":1.0,"played":[1.0,0.0],"evs":[0.0,-4.07424]},"98s":{"weight":1.0,"played":[1.0,0.0],"evs":[0.0,-3.2871]},"99":{"weight":1.0,"played":[0.1576,0.8424],"evs":[0.0,0.19007]},"T9o":{"weight":1.0,"played":[1.0,0.0],"evs":[0.0,-4.5746]},"J9o":{"weight":1.0,"played":[1.0,0.0],"evs":[0.0,-4.87114]},"Q9o":{"weight":1.0,"played":[1.0,0.0],"evs":[0.0,-5.21737]},"K9o":{"weight":1.0,"played":[1.0,0.0],"evs":[0.0,-5.06426]},"A9o":{"weight":1.0,"played":[1.0,0.0],"evs":[0.0,-6.26267]},"T2s":{"weight":1.0,"played":[1.0,0.0],"evs":[0.0,-5.6605]},"T3s":{"weight":1.0,"played":[1.0,0.0],"evs":[0.0,-5.37095]},"T4s":{"weight":1.0,"played":[1.0,0.0],"evs":[0.0,-5.23003]},"T5s":{"weight":1.0,"played":[1.0,0.0],"evs":[0.0,-4.91223]},"T6s":{"weight":1.0,"played":[1.0,0.0],"evs":[0.0,-4.44592]},"T7s":{"weight":1.0,"played":[1.0,0.0],"evs":[0.0,-3.8847]},"T8s":{"weight":1.0,"played":[0.9999,1.0E-4],"evs":[0.0,-3.44962]},"T9s":{"weight":1.0,"played":[0.9999,1.0E-4],"evs":[0.0,-2.91865]},"TT":{"weight":1.0,"played":[1.0E-4,0.9999],"evs":[0.0,2.24667]},"JTo":{"weight":1.0,"played":[1.0,0.0],"evs":[0.0,-4.24081]},"QTo":{"weight":1.0,"played":[1.0,0.0],"evs":[0.0,-4.48194]},"KTo":{"weight":1.0,"played":[1.0,0.0],"evs":[0.0,-4.28157]},"ATo":{"weight":1.0,"played":[1.0,0.0],"evs":[0.0,-5.44563]},"J2s":{"weight":1.0,"played":[1.0,0.0],"evs":[0.0,-5.35027]},"J3s":{"weight":1.0,"played":[1.0,0.0],"evs":[0.0,-4.94243]},"J4s":{"weight":1.0,"played":[1.0,0.0],"evs":[0.0,-4.64671]},"J5s":{"weight":1.0,"played":[1.0,0.0],"evs":[0.0,-4.29674]},"J6s":{"weight":1.0,"played":[1.0,0.0],"evs":[0.0,-4.98751]},"J7s":{"weight":1.0,"played":[1.0,0.0],"evs":[0.0,-4.46254]},"J8s":{"weight":1.0,"played":[1.0,0.0],"evs":[0.0,-3.68889]},"J9s":{"weight":1.0,"played":[0.9999,1.0E-4],"evs":[0.0,-3.15429]},"JTs":{"weight":1.0,"played":[0.9999,1.0E-4],"evs":[0.0,-2.48132]},"JJ":{"weight":1.0,"played":[0.0,1.0],"evs":[0.0,4.98141]},"QJo":{"weight":1.0,"played":[1.0,0.0],"evs":[0.0,-4.23201]},"KJo":{"weight":1.0,"played":[1.0,0.0],"evs":[0.0,-3.78121]},"AJo":{"weight":1.0,"played":[1.0,0.0],"evs":[0.0,-4.47962]},"Q2s":{"weight":1.0,"played":[1.0,0.0],"evs":[0.0,-5.28538]},"Q3s":{"weight":1.0,"played":[0.9999,1.0E-4],"evs":[0.0,-5.24857]},"Q4s":{"weight":1.0,"played":[1.0,0.0],"evs":[0.0,-4.69224]},"Q5s":{"weight":1.0,"played":[1.0,0.0],"evs":[0.0,-4.92356]},"Q6s":{"weight":1.0,"played":[1.0,0.0],"evs":[0.0,-4.6545]},"Q7s":{"weight":1.0,"played":[1.0,0.0],"evs":[0.0,-4.86602]},"Q8s":{"weight":1.0,"played":[1.0,0.0],"evs":[0.0,-4.12063]},"Q9s":{"weight":1.0,"played":[1.0,0.0],"evs":[0.0,-3.19744]},"QTs":{"weight":1.0,"played":[1.0,0.0],"evs":[0.0,-2.98489]},"QJs":{"weight":1.0,"played":[1.0,0.0],"evs":[0.0,-2.43027]},"QQ":{"weight":1.0,"played":[0.0,1.0],"evs":[0.0,8.31033]},"KQo":{"weight":1.0,"played":[1.0,0.0],"evs":[0.0,-3.64524]},"AQo":{"weight":1.0,"played":[1.0,0.0],"evs":[0.0,-2.77108]},"K2s":{"weight":1.0,"played":[1.0,0.0],"evs":[0.0,-4.22258]},"K3s":{"weight":1.0,"played":[1.0,0.0],"evs":[0.0,-4.35728]},"K4s":{"weight":1.0,"played":[1.0,0.0],"evs":[0.0,-4.09613]},"K5s":{"weight":1.0,"played":[1.0,0.0],"evs":[0.0,-4.07235]},"K6s":{"weight":1.0,"played":[1.0,0.0],"evs":[0.0,-3.89686]},"K7s":{"weight":1.0,"played":[1.0,0.0],"evs":[0.0,-3.90199]},"K8s":{"weight":1.0,"played":[1.0,0.0],"evs":[0.0,-3.99163]},"K9s":{"weight":1.0,"played":[1.0,0.0],"evs":[0.0,-3.35417]},"KTs":{"weight":1.0,"played":[0.9999,1.0E-4],"evs":[0.0,-2.64778]},"KJs":{"weight":1.0,"played":[1.0,0.0],"evs":[0.0,-1.97048]},"KQs":{"weight":1.0,"played":[0.9999,1.0E-4],"evs":[0.0,-2.27216]},"KK":{"weight":1.0,"played":[0.0,1.0],"evs":[0.0,12.8437]},"AKo":{"weight":1.0,"played":[0.0052,0.9948],"evs":[0.0,0.8316]},"A2s":{"weight":1.0,"played":[1.0,0.0],"evs":[0.0,-5.29027]},"A3s":{"weight":1.0,"played":[1.0,0.0],"evs":[0.0,-4.78069]},"A4s":{"weight":1.0,"played":[1.0,0.0],"evs":[0.0,-4.37387]},"A5s":{"weight":1.0,"played":[1.0,0.0],"evs":[0.0,-4.37259]},"A6s":{"weight":1.0,"played":[1.0,0.0],"evs":[0.0,-5.22813]},"A7s":{"weight":1.0,"played":[1.0,0.0],"evs":[0.0,-4.50675]},"A8s":{"weight":1.0,"played":[1.0,0.0],"evs":[0.0,-4.43234]},"A9s":{"weight":1.0,"played":[1.0,0.0],"evs":[0.0,-4.35038]},"ATs":{"weight":1.0,"played":[1.0,0.0],"evs":[0.0,-3.43647]},"AJs":{"weight":1.0,"played":[1.0,0.0],"evs":[0.0,-2.57785]},"AQs":{"weight":1.0,"played":[1.0,0.0],"evs":[0.0,-0.84484]},"AKs":{"weight":1.0,"played":[0.0,1.0],"evs":[0.0,1.96413]},"AA":{"weight":1.0,"played":[0.0,1.0],"evs":[0.0,18.33794]}}}