{"player":5,"street":0,"children":3,"sequence":[{"player":0,"type":"R","amount":200000,"street":0},{"player":1,"type":"C","amount":200000,"street":0},{"player":2,"type":"F","amount":0,"street":0},{"player":3,"type":"F","amount":0,"street":0},{"player":4,"type":"C","amount":150000,"street":0}],"actions":[{"type":"F","amount":0},{"type":"C","amount":100000},{"type":"R","amount":2335000,"node":358}],"hands":{"22":{"weight":1.0,"played":[0.0584,0.9364,0.0052],"evs":[0.0,0.62025,-0.7225]},"32o":{"weight":1.0,"played":[1.0,0.0,0.0],"evs":[0.0,-0.89316,-4.53211]},"42o":{"weight":1.0,"played":[0.9998,2.0E-4,0.0],"evs":[0.0,-0.546,-4.08859]},"52o":{"weight":1.0,"played":[1.0,0.0,0.0],"evs":[0.0,-0.60767,-3.5927]},"62o":{"weight":1.0,"played":[1.0,0.0,0.0],"evs":[0.0,-0.71396,-4.05617]},"72o":{"weight":1.0,"played":[1.0,0.0,0.0],"evs":[0.0,-0.87919,-4.27859]},"82o":{"weight":1.0,"played":[1.0,0.0,0.0],"evs":[0.0,-0.88148,-4.12272]},"92o":{"weight":1.0,"played":[1.0,0.0,0.0],"evs":[0.0,-0.58771,-3.78876]},"T2o":{"weight":1.0,"played":[1.0,0.0,0.0],"evs":[0.0,-0.77112,-4.29781]},"J2o":{"weight":1.0,"played":[0.9999,1.0E-4,0.0],"evs":[0.0,-0.65595,-4.47259]},"Q2o":{"weight":1.0,"played":[0.9995,5.0E-4,0.0],"evs":[0.0,-0.60305,-4.06349]},"K2o":{"weight":1.0,"played":[0.9998,2.0E-4,0.0],"evs":[0.0,-0.60113,-3.53263]},"A2o":{"weight":1.0,"played":[0.8921,0.1075,4.0E-4],"evs":[0.0,-0.01735,-1.33075]},"32s":{"weight":1.0,"played":[0.9922,0.0076,3.0E-4],"evs":[0.0,-0.5177,-3.49821]},"33":{"weight":1.0,"played":[0.0054,0.9383,0.0563],"evs":[0.0,0.52578,-0.72588]},"43o":{"weight":1.0,"played":[0.9998,2.0E-4,0.0],"evs":[0.0,-0.71337,-3.71928]},"53o":{"weight":1.0,"played":[1.0,0.0,0.0],"evs":[0.0,-0.61459,-3.09466]},"63o":{"weight":1.0,"played":[1.0,0.0,0.0],"evs":[0.0,-0.60029,-3.66988]},"73o":{"weight":1.0,"played":[1.0,0.0,0.0],"evs":[0.0,-0.73045,-3.90049]},"83o":{"weight":1.0,"played":[1.0,0.0,0.0],"evs":[0.0,-0.79734,-4.39346]},"93o":{"weight":1.0,"played":[0.9997,3.0E-4,0.0],"evs":[0.0,-0.88616,-4.08612]},"T3o":{"weight":1.0,"played":[0.9997,3.0E-4,0.0],"evs":[0.0,-0.73386,-4.13351]},"J3o":{"weight":1.0,"played":[1.0,0.0,0.0],"evs":[0.0,-0.61395,-3.80859]},"Q3o":{"weight":1.0,"played":[1.0,0.0,0.0],"evs":[0.0,-0.7304,-3.76084]},"K3o":{"weight":1.0,"played":[0.9997,3.0E-4,0.0],"evs":[0.0,-0.38524,-2.77976]},"A3o":{"weight":1.0,"played":[0.2928,0.7072,0.0],"evs":[0.0,0.12017,-0.69587]},"42s":{"weight":1.0,"played":[0.989,0.011,0.0],"evs":[0.0,-0.49431,-3.03864]},"43s":{"weight":1.0,"played":[0.008,0.992,0.0],"evs":[0.0,0.14224,-2.36015]},"44":{"weight":1.0,"played":[0.0011,0.0733,0.9256],"evs":[0.0,0.2214,0.35606]},"54o":{"weight":1.0,"played":[0.9997,2.0E-4,1.0E-4],"evs":[0.0,-0.34047,-2.5298]},"64o":{"weight":1.0,"played":[0.9996,0.0,3.0E-4],"evs":[0.0,-0.6186,-3.13403]},"74o":{"weight":1.0,"played":[1.0,0.0,0.0],"evs":[0.0,-0.51238,-3.41322]},"84o":{"weight":1.0,"played":[1.0,0.0,0.0],"evs":[0.0,-0.62246,-3.58377]},"94o":{"weight":1.0,"played":[1.0,0.0,0.0],"evs":[0.0,-0.51208,-3.72593]},"T4o":{"weight":1.0,"played":[0.9999,1.0E-4,0.0],"evs":[0.0,-0.66064,-4.28748]},"J4o":{"weight":1.0,"played":[1.0,0.0,0.0],"evs":[0.0,-0.55485,-3.88669]},"Q4o":{"weight":1.0,"played":[0.9999,1.0E-4,0.0],"evs":[0.0,-0.61265,-3.52546]},"K4o":{"weight":1.0,"played":[1.0,0.0,0.0],"evs":[0.0,-0.50142,-2.47408]},"A4o":{"weight":1.0,"played":[0.9211,0.0776,0.0013],"evs":[0.0,-0.06688,-0.60073]},"52s":{"weight":1.0,"played":[0.9756,0.0238,6.0E-4],"evs":[0.0,-0.24403,-2.43776]},"53s":{"weight":1.0,"played":[0.9985,0.0015,0.0],"evs":[0.0,-0.17635,-2.59075]},"54s":{"weight":1.0,"played":[0.9929,0.0069,1.0E-4],"evs":[0.0,-0.36294,-2.26248]},"55":{"weight":1.0,"played":[0.007,0.0124,0.9806],"evs":[0.0,0.27325,0.66195]},"65o":{"weight":1.0,"played":[0.9998,1.0E-4,0.0],"evs":[0.0,-0.13255,-1.97035]},"75o":{"weight":1.0,"played":[1.0,0.0,0.0],"evs":[0.0,-0.46067,-2.74281]},"85o":{"weight":1.0,"played":[0.9996,4.0E-4,1.0E-4],"evs":[0.0,-0.44808,-2.6712]},"95o":{"weight":1.0,"played":[0.9999,1.0E-4,0.0],"evs":[0.0,-0.51497,-3.14647]},"T5o":{"weight":1.0,"played":[1.0,0.0,0.0],"evs":[0.0,-0.67025,-3.80346]},"J5o":{"weight":1.0,"played":[0.9994,4.0E-4,1.0E-4],"evs":[0.0,-0.72876,-3.72213]},"Q5o":{"weight":1.0,"played":[1.0,0.0,0.0],"evs":[0.0,-0.43649,-3.34734]},"K5o":{"weight":1.0,"played":[0.9999,0.0,0.0],"evs":[0.0,-0.27757,-2.50557]},"A5o":{"weight":1.0,"played":[0.4256,0.5645,0.0099],"evs":[0.0,-0.07955,-0.68419]},"62s":{"weight":1.0,"played":[0.998,0.0019,1.0E-4],"evs":[0.0,-0.56993,-3.23115]},"63s":{"weight":1.0,"played":[0.3543,0.6457,0.0],"evs":[0.0,-0.10727,-2.16945]},"64s":{"weight":1.0,"played":[0.5314,0.4685,1.0E-4],"evs":[0.0,0.19473,-1.07967]},"65s":{"weight":1.0,"played":[0.9194,0.0803,3.0E-4],"evs":[0.0,-0.31297,-0.97359]},"66":{"weight":1.0,"played":[2.0E-4,1.0E-4,0.9998],"evs":[0.0,0.86484,2.86052]},"76o":{"weight":1.0,"played":[1.0,0.0,0.0],"evs":[0.0,-0.41974,-2.02728]},"86o":{"weight":1.0,"played":[0.9593,0.0407,0.0],"evs":[0.0,-0.45801,-2.29231]},"96o":{"weight":1.0,"played":[0.9915,0.0085,0.0],"evs":[0.0,-0.39141,-2.12354]},"T6o":{"weight":1.0,"played":[1.0,0.0,0.0],"evs":[0.0,-0.38015,-3.00154]},"J6o":{"weight":1.0,"played":[0.9998,2.0E-4,0.0],"evs":[0.0,-0.6299,-3.53981]},"Q6o":{"weight":1.0,"played":[0.9979,0.0021,0.0],"evs":[0.0,-0.58113,-3.32907]},"K6o":{"weight":1.0,"played":[0.9375,0.0623,2.0E-4],"evs":[0.0,-0.27754,-2.08281]},"A6o":{"weight":1.0,"played":[0.029,0.9504,0.0206],"evs":[0.0,0.24882,-0.30932]},"72s":{"weight":1.0,"played":[0.9999,1.0E-4,0.0],"evs":[0.0,-0.61387,-3.61074]},"73s":{"weight":1.0,"played":[0.998,0.0019,0.0],"evs":[0.0,-0.53215,-2.79883]},"74s":{"weight":1.0,"played":[0.9579,0.0417,4.0E-4],"evs":[0.0,0.02597,-1.42123]},"75s":{"weight":1.0,"played":[0.6018,0.3981,0.0],"evs":[0.0,0.02006,-1.12934]},"76s":{"weight":1.0,"played":[0.4633,0.5308,0.0059],"evs":[0.0,0.01151,-0.47998]},"77":{"weight":1.0,"played":[7.0E-4,0.0021,0.9972],"evs":[0.0,1.158,2.89844]},"87o":{"weight":1.0,"played":[0.9709,0.029,1.0E-4],"evs":[0.0,-0.27518,-1.91463]},"97o":{"weight":1.0,"played":[0.9999,1.0E-4,1.0E-4],"evs":[0.0,-0.08048,-1.77637]},"T7o":{"weight":1.0,"played":[0.9992,8.0E-4,0.0],"evs":[0.0,-0.51683,-2.9485]},"J7o":{"weight":1.0,"played":[0.9996,4.0E-4,0.0],"evs":[0.0,-0.51398,-2.89915]},"Q7o":{"weight":1.0,"played":[0.9788,0.0212,0.0],"evs":[0.0,-0.43642,-2.85842]},"K7o":{"weight":1.0,"played":[0.6656,0.3344,0.0],"evs":[0.0,-0.06788,-1.89973]},"A7o":{"weight":1.0,"played":[0.2283,0.546,0.2257],"evs":[0.0,0.21226,-0.28681]},"82s":{"weight":1.0,"played":[0.9727,0.0273,1.0E-4],"evs":[0.0,-0.58202,-2.65875]},"83s":{"weight":1.0,"played":[1.0,0.0,0.0],"evs":[0.0,-0.84447,-3.41292]},"84s":{"weight":1.0,"played":[0.7848,0.215,2.0E-4],"evs":[0.0,0.05738,-1.56632]},"85s":{"weight":1.0,"played":[0.582,0.4153,0.0028],"evs":[0.0,0.10086,-1.44846]},"86s":{"weight":1.0,"played":[0.7419,0.2562,0.0019],"evs":[0.0,0.08794,-0.86386]},"87s":{"weight":1.0,"played":[0.4623,0.51,0.0278],"evs":[0.0,0.07505,-0.72657]},"88":{"weight":1.0,"played":[0.0,2.0E-4,0.9998],"evs":[0.0,1.41452,4.05042]},"98o":{"weight":1.0,"played":[0.999,0.001,0.0],"evs":[0.0,-0.21581,-1.45403]},"T8o":{"weight":1.0,"played":[1.0,0.0,0.0],"evs":[0.0,-0.50488,-1.79205]},"J8o":{"weight":1.0,"played":[1.0,0.0,0.0],"evs":[0.0,-0.2957,-2.17555]},"Q8o":{"weight":1.0,"played":[1.0,0.0,0.0],"evs":[0.0,-0.17834,-2.09907]},"K8o":{"weight":1.0,"played":[0.9003,0.0997,0.0],"evs":[0.0,-0.00767,-2.04018]},"A8o":{"weight":1.0,"played":[0.0057,0.7677,0.2266],"evs":[0.0,0.37831,0.43733]},"92s":{"weight":1.0,"played":[0.9953,0.0047,1.0E-4],"evs":[0.0,-0.67065,-3.11746]},"93s":{"weight":1.0,"played":[0.999,6.0E-4,4.0E-4],"evs":[0.0,-0.75755,-3.13453]},"94s":{"weight":1.0,"played":[0.9853,0.0146,1.0E-4],"evs":[0.0,-0.17102,-2.17128]},"95s":{"weight":1.0,"played":[0.9337,0.0641,0.0022],"evs":[0.0,-0.11954,-1.64729]},"96s":{"weight":1.0,"played":[0.7881,0.1979,0.014],"evs":[0.0,-0.07574,-0.93945]},"97s":{"weight":1.0,"played":[0.8359,0.164,1.0E-4],"evs":[0.0,0.07157,-0.83174]},"98s":{"weight":1.0,"played":[0.691,0.3043,0.0047],"evs":[0.0,0.10143,-0.67225]},"99":{"weight":1.0,"played":[0.0,0.0,0.9999],"evs":[0.0,1.6905,4.8534]},"T9o":{"weight":1.0,"played":[0.9267,0.0733,0.0],"evs":[0.0,-0.21878,-1.77816]},"J9o":{"weight":1.0,"played":[0.9906,0.0094,0.0],"evs":[0.0,-0.26562,-2.20853]},"Q9o":{"weight":1.0,"played":[0.998,0.002,0.0],"evs":[0.0,-0.23332,-1.78642]},"K9o":{"weight":1.0,"played":[0.1667,0.8333,0.0],"evs":[0.0,0.22567,-1.14984]},"A9o":{"weight":1.0,"played":[3.0E-4,0.0348,0.9649],"evs":[0.0,0.67096,0.97153]},"T2s":{"weight":1.0,"played":[0.9553,0.0446,1.0E-4],"evs":[0.0,-0.47463,-3.13445]},"T3s":{"weight":1.0,"played":[0.9984,0.0015,1.0E-4],"evs":[0.0,-0.58584,-2.93436]},"T4s":{"weight":1.0,"played":[0.9785,0.0196,0.0019],"evs":[0.0,-0.28849,-2.61647]},"T5s":{"weight":1.0,"played":[0.9552,0.0448,0.0],"evs":[0.0,-0.47562,-2.48892]},"T6s":{"weight":1.0,"played":[0.7446,0.2548,7.0E-4],"evs":[0.0,-0.1073,-2.39902]},"T7s":{"weight":1.0,"played":[0.9408,0.0516,0.0076],"evs":[0.0,-0.16298,-0.9457]},"T8s":{"weight":1.0,"played":[0.9985,9.0E-4,6.0E-4],"evs":[0.0,-0.11662,-1.76648]},"T9s":{"weight":1.0,"played":[0.465,0.5134,0.0216],"evs":[0.0,0.11162,-0.19395]},"TT":{"weight":1.0,"played":[0.0,2.0E-4,0.9997],"evs":[0.0,2.06299,5.74326]},"JTo":{"weight":1.0,"played":[0.9934,0.004,0.0026],"evs":[0.0,-0.14244,-1.60091]},"QTo":{"weight":1.0,"played":[0.9959,0.0038,3.0E-4],"evs":[0.0,-0.41086,-2.04538]},"KTo":{"weight":1.0,"played":[0.0201,0.9798,1.0E-4],"evs":[0.0,0.39246,-0.40509]},"ATo":{"weight":1.0,"played":[0.0,1.0E-4,0.9999],"evs":[0.0,0.95856,1.97003]},"J2s":{"weight":1.0,"played":[0.9994,6.0E-4,0.0],"evs":[0.0,-0.48843,-3.16197]},"J3s":{"weight":1.0,"played":[0.9866,0.0129,5.0E-4],"evs":[0.0,-0.23067,-2.87481]},"J4s":{"weight":1.0,"played":[0.9997,0.0,3.0E-4],"evs":[0.0,-0.21672,-2.67763]},"J5s":{"weight":1.0,"played":[0.9999,1.0E-4,0.0],"evs":[0.0,-0.33817,-2.46685]},"J6s":{"weight":1.0,"played":[0.01,0.99,0.0],"evs":[0.0,0.2193,-2.0033]},"J7s":{"weight":1.0,"played":[0.9981,0.0014,6.0E-4],"evs":[0.0,-0.25254,-2.14868]},"J8s":{"weight":1.0,"played":[0.6494,0.3451,0.0055],"evs":[0.0,0.13433,-1.1638]},"J9s":{"weight":1.0,"played":[0.5435,0.4562,3.0E-4],"evs":[0.0,-0.18652,-0.74046]},"JTs":{"weight":1.0,"played":[0.7911,0.1811,0.0278],"evs":[0.0,-0.23638,-1.06296]},"JJ":{"weight":1.0,"played":[0.0,0.0,1.0],"evs":[0.0,3.29807,8.1174]},"QJo":{"weight":1.0,"played":[2.0E-4,0.9998,0.0],"evs":[0.0,0.39743,-0.8375]},"KJo":{"weight":1.0,"played":[0.0017,0.9983,0.0],"evs":[0.0,0.70476,0.34243]},"AJo":{"weight":1.0,"played":[1.0E-4,0.0057,0.9943],"evs":[0.0,1.07984,3.01088]},"Q2s":{"weight":1.0,"played":[0.9945,0.0055,0.0],"evs":[0.0,-0.1772,-3.13089]},"Q3s":{"weight":1.0,"played":[0.9857,0.0142,1.0E-4],"evs":[0.0,-0.23097,-2.14189]},"Q4s":{"weight":1.0,"played":[0.5611,0.4389,1.0E-4],"evs":[0.0,-0.02666,-2.79346]},"Q5s":{"weight":1.0,"played":[0.9947,0.004,0.0013],"evs":[0.0,-0.23256,-2.04419]},"Q6s":{"weight":1.0,"played":[0.2379,0.7621,0.0],"evs":[0.0,0.33621,-1.25631]},"Q7s":{"weight":1.0,"played":[0.7529,0.2471,1.0E-4],"evs":[0.0,0.00691,-1.18906]},"Q8s":{"weight":1.0,"played":[0.5096,0.4495,0.0409],"evs":[0.0,0.44697,-0.54165]},"Q9s":{"weight":1.0,"played":[0.2883,0.5091,0.2026],"evs":[0.0,-0.04311,-0.39859]},"QTs":{"weight":1.0,"played":[0.4728,0.4711,0.0561],"evs":[0.0,0.05375,-0.92129]},"QJs":{"weight":1.0,"played":[0.0052,0.7406,0.2542],"evs":[0.0,0.67891,0.17292]},"QQ":{"weight":1.0,"played":[0.0,2.0E-4,0.9998],"evs":[0.0,4.00326,9.65039]},"KQo":{"weight":1.0,"played":[0.0187,0.0986,0.8827],"evs":[0.0,0.8748,1.46421]},"AQo":{"weight":1.0,"played":[0.0,3.0E-4,0.9997],"evs":[0.0,1.50097,3.5344]},"K2s":{"weight":1.0,"played":[0.9097,0.0893,0.001],"evs":[0.0,0.02983,-1.03365]},"K3s":{"weight":1.0,"played":[0.1475,0.8513,0.0013],"evs":[0.0,-0.02851,-1.38061]},"K4s":{"weight":1.0,"played":[0.1115,0.8883,2.0E-4],"evs":[0.0,0.37732,-1.22907]},"K5s":{"weight":1.0,"played":[0.5931,0.4066,3.0E-4],"evs":[0.0,-0.10175,-1.64589]},"K6s":{"weight":1.0,"played":[0.0817,0.9178,5.0E-4],"evs":[0.0,0.07215,-0.51041]},"K7s":{"weight":1.0,"played":[0.1632,0.8342,0.0026],"evs":[0.0,0.30752,-0.23785]},"K8s":{"weight":1.0,"played":[0.5254,0.4688,0.0058],"evs":[0.0,0.37399,-0.73759]},"K9s":{"weight":1.0,"played":[0.0518,0.8061,0.1421],"evs":[0.0,0.47062,-0.14107]},"KTs":{"weight":1.0,"played":[0.2176,0.6472,0.1352],"evs":[0.0,0.56705,-0.03036]},"KJs":{"weight":1.0,"played":[0.0354,0.0679,0.8967],"evs":[0.0,0.63021,0.67633]},"KQs":{"weight":1.0,"played":[0.0,0.013,0.987],"evs":[0.0,2.09902,3.46024]},"KK":{"weight":1.0,"played":[0.0,0.0,1.0],"evs":[0.0,5.9579,11.53316]},"AKo":{"weight":1.0,"played":[0.0,0.0,1.0],"evs":[0.0,1.95226,4.74679]},"A2s":{"weight":1.0,"played":[0.0088,0.9206,0.0707],"evs":[0.0,0.50883,-0.02185]},"A3s":{"weight":1.0,"played":[0.0312,0.0845,0.8844],"evs":[0.0,0.3309,0.69669]},"A4s":{"weight":1.0,"played":[0.0335,0.599,0.3675],"evs":[0.0,0.42291,0.55402]},"A5s":{"weight":1.0,"played":[4.0E-4,0.3398,0.6598],"evs":[0.0,0.78422,0.64572]},"A6s":{"weight":1.0,"played":[0.058,0.1665,0.7755],"evs":[0.0,0.47103,0.67653]},"A7s":{"weight":1.0,"played":[0.0088,0.0156,0.9756],"evs":[0.0,1.03594,1.21405]},"A8s":{"weight":1.0,"played":[0.0038,0.0209,0.9752],"evs":[0.0,0.87612,1.92408]},"A9s":{"weight":1.0,"played":[3.0E-4,0.0045,0.9952],"evs":[0.0,1.01512,2.15675]},"ATs":{"weight":1.0,"played":[5.0E-4,0.0016,0.9979],"evs":[0.0,2.113,3.20167]},"AJs":{"weight":1.0,"played":[0.0,0.0,1.0],"evs":[0.0,1.64263,3.38564]},"AQs":{"weight":1.0,"played":[8.0E-4,4.0E-4,0.9988],"evs":[0.0,2.08124,4.06467]},"AKs":{"weight":1.0,"played":[0.0,0.0,0.9999],"evs":[0.0,2.3986,4.7758]},"AA":{"weight":1.0,"played":[0.0,0.0,1.0],"evs":[0.0,8.3081,14.66962]}}}