{"player":1,"street":0,"children":2,"sequence":[{"player":0,"type":"R","amount":200000,"street":0},{"player":1,"type":"C","amount":200000,"street":0},{"player":2,"type":"F","amount":0,"street":0},{"player":3,"type":"F","amount":0,"street":0},{"player":4,"type":"C","amount":150000,"street":0},{"player":5,"type":"R","amount":2335000,"street":0},{"player":0,"type":"F","amount":0,"street":0}],"actions":[{"type":"F","amount":0,"node":360},{"type":"C","amount":725000,"node":361}],"hands":{"22":{"weight":0.0,"played":[1.0E-4,0.9999],"evs":[0.0,0.95173]},"32o":{"weight":0.0,"played":[0.9999,1.0E-4],"evs":[0.0,-1.02097]},"42o":{"weight":0.0,"played":[0.9997,3.0E-4],"evs":[0.0,-0.80569]},"52o":{"weight":0.0,"played":[0.9995,5.0E-4],"evs":[0.0,-0.60456]},"62o":{"weight":0.0,"played":[1.0,0.0],"evs":[0.0,-0.80559]},"72o":{"weight":0.0,"played":[1.0,0.0],"evs":[0.0,-1.14666]},"82o":{"weight":0.0,"played":[1.0,0.0],"evs":[0.0,-0.88846]},"92o":{"weight":0.0,"played":[1.0,0.0],"evs":[0.0,-0.7692]},"T2o":{"weight":0.0,"played":[1.0,0.0],"evs":[0.0,-0.74585]},"J2o":{"weight":0.0,"played":[0.9997,3.0E-4],"evs":[0.0,-0.71705]},"Q2o":{"weight":0.0,"played":[0.9999,1.0E-4],"evs":[0.0,-0.57726]},"K2o":{"weight":0.0,"played":[0.9999,1.0E-4],"evs":[0.0,-0.63775]},"A2o":{"weight":0.0,"played":[0.7807,0.2193],"evs":[0.0,-0.06752]},"32s":{"weight":0.0,"played":[0.9968,0.0032],"evs":[0.0,-0.34779]},"33":{"weight":0.0,"played":[2.0E-4,0.9998],"evs":[0.0,1.05882]},"43o":{"weight":0.0,"played":[0.9999,1.0E-4],"evs":[0.0,-0.62003]},"53o":{"weight":0.0,"played":[0.9998,2.0E-4],"evs":[0.0,-0.33918]},"63o":{"weight":0.0,"played":[0.9995,5.0E-4],"evs":[0.0,-0.5321]},"73o":{"weight":0.0,"played":[1.0,0.0],"evs":[0.0,-0.73613]},"83o":{"weight":0.0,"played":[0.9998,2.0E-4],"evs":[0.0,-0.94339]},"93o":{"weight":0.0,"played":[1.0,0.0],"evs":[0.0,-0.70737]},"T3o":{"weight":0.0,"played":[1.0,0.0],"evs":[0.0,-0.72575]},"J3o":{"weight":0.0,"played":[0.9985,0.0015],"evs":[0.0,-0.55408]},"Q3o":{"weight":0.0,"played":[0.9999,1.0E-4],"evs":[0.0,-0.51225]},"K3o":{"weight":0.0,"played":[0.9961,0.0039],"evs":[0.0,-0.44002]},"A3o":{"weight":0.0,"played":[0.8071,0.1929],"evs":[0.0,-0.03383]},"42s":{"weight":0.0,"played":[0.8276,0.1724],"evs":[0.0,-0.04683]},"43s":{"weight":0.0,"played":[5.0E-4,0.9995],"evs":[0.0,0.07055]},"44":{"weight":0.0,"played":[0.0,1.0],"evs":[0.0,1.60802]},"54o":{"weight":0.0,"played":[0.4422,0.5578],"evs":[0.0,-0.01943]},"64o":{"weight":0.0,"played":[0.9764,0.0236],"evs":[0.0,-0.09161]},"74o":{"weight":0.0,"played":[0.9993,7.0E-4],"evs":[0.0,-0.48674]},"84o":{"weight":0.0,"played":[1.0,0.0],"evs":[0.0,-0.53492]},"94o":{"weight":0.0,"played":[0.9999,1.0E-4],"evs":[0.0,-0.61721]},"T4o":{"weight":0.0,"played":[0.999,0.001],"evs":[0.0,-0.51371]},"J4o":{"weight":0.0,"played":[0.9999,1.0E-4],"evs":[0.0,-0.5657]},"Q4o":{"weight":0.0,"played":[0.9994,6.0E-4],"evs":[0.0,-0.35611]},"K4o":{"weight":0.0,"played":[0.9928,0.0072],"evs":[0.0,-0.26968]},"A4o":{"weight":0.0,"played":[0.0149,0.9851],"evs":[0.0,0.15708]},"52s":{"weight":0.0,"played":[0.723,0.277],"evs":[0.0,-0.01147]},"53s":{"weight":0.0,"played":[0.002,0.998],"evs":[0.0,0.42928]},"54s":{"weight":0.0,"played":[0.0,1.0],"evs":[0.0,0.60521]},"55":{"weight":0.2862,"played":[1.0E-4,0.9999],"evs":[0.0,1.94953]},"65o":{"weight":0.0,"played":[0.0022,0.9978],"evs":[0.0,0.16763]},"75o":{"weight":0.0,"played":[0.6863,0.3137],"evs":[0.0,-0.01483]},"85o":{"weight":0.0,"played":[0.986,0.014],"evs":[0.0,-0.14211]},"95o":{"weight":0.0,"played":[0.9998,2.0E-4],"evs":[0.0,-0.30285]},"T5o":{"weight":0.0,"played":[1.0,0.0],"evs":[0.0,-0.45677]},"J5o":{"weight":0.0,"played":[0.9993,7.0E-4],"evs":[0.0,-0.37505]},"Q5o":{"weight":0.0,"played":[0.7792,0.2208],"evs":[0.0,-0.10153]},"K5o":{"weight":0.0,"played":[0.7687,0.2313],"evs":[0.0,-0.09636]},"A5o":{"weight":0.0,"played":[0.0,1.0],"evs":[0.0,0.31235]},"62s":{"weight":0.0,"played":[0.2124,0.7876],"evs":[0.0,-0.03523]},"63s":{"weight":0.0,"played":[9.0E-4,0.9991],"evs":[0.0,0.08362]},"64s":{"weight":0.0,"played":[0.0,1.0],"evs":[0.0,0.72392]},"65s":{"weight":0.0,"played":[3.0E-4,0.9997],"evs":[0.0,0.73858]},"66":{"weight":0.0431,"played":[0.0,1.0],"evs":[0.0,2.4652]},"76o":{"weight":0.0,"played":[0.0097,0.9903],"evs":[0.0,0.38842]},"86o":{"weight":0.0,"played":[0.0359,0.9641],"evs":[0.0,0.02481]},"96o":{"weight":0.0,"played":[0.4389,0.5611],"evs":[0.0,-0.02285]},"T6o":{"weight":0.0,"played":[0.9989,0.0011],"evs":[0.0,-0.19304]},"J6o":{"weight":0.0,"played":[0.9974,0.0026],"evs":[0.0,-0.41326]},"Q6o":{"weight":0.0,"played":[0.8892,0.1108],"evs":[0.0,-0.20729]},"K6o":{"weight":0.0,"played":[0.3747,0.6253],"evs":[0.0,-0.02646]},"A6o":{"weight":0.0,"played":[4.0E-4,0.9996],"evs":[0.0,0.19355]},"72s":{"weight":0.0,"played":[0.9989,0.0011],"evs":[0.0,-0.00734]},"73s":{"weight":0.0,"played":[0.2957,0.7043],"evs":[0.0,0.05901]},"74s":{"weight":0.0,"played":[0.0019,0.9981],"evs":[0.0,0.42041]},"75s":{"weight":0.0,"played":[0.0,1.0],"evs":[0.0,0.67773]},"76s":{"weight":0.0,"played":[0.0015,0.9985],"evs":[0.0,0.7168]},"77":{"weight":0.0,"played":[0.0,1.0],"evs":[0.0,3.00915]},"87o":{"weight":0.0,"played":[0.0305,0.9695],"evs":[0.0,0.39467]},"97o":{"weight":0.0,"played":[0.0011,0.9989],"evs":[0.0,0.13676]},"T7o":{"weight":0.0,"played":[0.3993,0.6007],"evs":[0.0,0.0076]},"J7o":{"weight":0.0,"played":[0.9962,0.0038],"evs":[0.0,-0.08778]},"Q7o":{"weight":0.0,"played":[0.921,0.079],"evs":[0.0,-0.15294]},"K7o":{"weight":0.0,"played":[0.9395,0.0605],"evs":[0.0,0.01147]},"A7o":{"weight":0.0,"played":[0.0,1.0],"evs":[0.0,0.47596]},"82s":{"weight":0.0,"played":[0.9723,0.0277],"evs":[0.0,-0.19171]},"83s":{"weight":0.0,"played":[0.9994,6.0E-4],"evs":[0.0,-0.22074]},"84s":{"weight":0.0,"played":[0.073,0.927],"evs":[0.0,0.16433]},"85s":{"weight":0.0,"played":[0.0187,0.9813],"evs":[0.0,0.43965]},"86s":{"weight":0.0,"played":[0.0,1.0],"evs":[0.0,0.95111]},"87s":{"weight":0.0,"played":[2.0E-4,0.9998],"evs":[0.0,1.04052]},"88":{"weight":0.0,"played":[0.0,1.0],"evs":[0.0,3.60796]},"98o":{"weight":0.0,"played":[0.0,1.0],"evs":[0.0,0.46566]},"T8o":{"weight":0.0,"played":[0.0,1.0],"evs":[0.0,0.37678]},"J8o":{"weight":0.0,"played":[0.1016,0.8984],"evs":[0.0,0.05005]},"Q8o":{"weight":0.0,"played":[0.1552,0.8448],"evs":[0.0,0.14655]},"K8o":{"weight":0.0,"played":[0.1009,0.8991],"evs":[0.0,0.13891]},"A8o":{"weight":0.0,"played":[0.0,1.0],"evs":[0.0,0.68859]},"92s":{"weight":0.0,"played":[0.8125,0.1875],"evs":[0.0,-0.12421]},"93s":{"weight":0.0,"played":[0.1681,0.8319],"evs":[0.0,0.05911]},"94s":{"weight":0.0,"played":[0.2785,0.7215],"evs":[0.0,0.02506]},"95s":{"weight":0.0,"played":[0.001,0.999],"evs":[0.0,0.60819]},"96s":{"weight":0.0,"played":[5.0E-4,0.9995],"evs":[0.0,0.54825]},"97s":{"weight":0.0,"played":[1.0E-4,0.9999],"evs":[0.0,1.0695]},"98s":{"weight":0.0,"played":[1.0E-4,0.9999],"evs":[0.0,1.25296]},"99":{"weight":0.0,"played":[0.0,1.0],"evs":[0.0,4.16474]},"T9o":{"weight":0.0,"played":[0.0,1.0],"evs":[0.0,0.57649]},"J9o":{"weight":0.0,"played":[0.0021,0.9979],"evs":[0.0,0.48377]},"Q9o":{"weight":0.0,"played":[6.0E-4,0.9994],"evs":[0.0,0.3701]},"K9o":{"weight":0.0,"played":[7.0E-4,0.9993],"evs":[0.0,0.44249]},"A9o":{"weight":0.0,"played":[0.0,1.0],"evs":[0.0,1.19345]},"T2s":{"weight":0.0,"played":[0.4194,0.5806],"evs":[0.0,0.24063]},"T3s":{"weight":0.0,"played":[0.2785,0.7215],"evs":[0.0,0.00308]},"T4s":{"weight":0.0,"played":[0.1709,0.8291],"evs":[0.0,0.07974]},"T5s":{"weight":0.0,"played":[0.264,0.736],"evs":[0.0,0.15293]},"T6s":{"weight":0.0,"played":[0.0015,0.9985],"evs":[0.0,0.67172]},"T7s":{"weight":0.0,"played":[1.0E-4,0.9999],"evs":[0.0,0.77308]},"T8s":{"weight":0.0,"played":[2.0E-4,0.9998],"evs":[0.0,1.29665]},"T9s":{"weight":0.0,"played":[0.0,1.0],"evs":[0.0,1.31185]},"TT":{"weight":0.0,"played":[0.0,1.0],"evs":[0.0,4.6544]},"JTo":{"weight":0.0,"played":[2.0E-4,0.9998],"evs":[0.0,0.69587]},"QTo":{"weight":0.0,"played":[0.0,1.0],"evs":[0.0,0.90245]},"KTo":{"weight":0.0,"played":[0.0,1.0],"evs":[0.0,0.82154]},"ATo":{"weight":0.0,"played":[0.0,1.0],"evs":[0.0,1.7807]},"J2s":{"weight":0.0,"played":[0.6736,0.3264],"evs":[0.0,-0.01458]},"J3s":{"weight":0.0,"played":[0.527,0.473],"evs":[0.0,-0.14477]},"J4s":{"weight":0.0,"played":[0.1075,0.8925],"evs":[0.0,0.0449]},"J5s":{"weight":0.0,"played":[1.0E-4,0.9999],"evs":[0.0,0.13588]},"J6s":{"weight":0.0,"played":[0.029,0.971],"evs":[0.0,0.3906]},"J7s":{"weight":0.0,"played":[1.0E-4,0.9999],"evs":[0.0,0.55201]},"J8s":{"weight":0.0,"played":[0.0,1.0],"evs":[0.0,0.74277]},"J9s":{"weight":0.0,"played":[0.0,1.0],"evs":[0.0,0.91566]},"JTs":{"weight":0.0084,"played":[0.0,1.0],"evs":[0.0,1.43213]},"JJ":{"weight":0.0,"played":[0.0,1.0],"evs":[0.0,5.32185]},"QJo":{"weight":0.0,"played":[0.0,1.0],"evs":[0.0,0.92369]},"KJo":{"weight":0.0,"played":[0.0,1.0],"evs":[0.0,0.88855]},"AJo":{"weight":0.0,"played":[0.0,1.0],"evs":[0.0,2.37687]},"Q2s":{"weight":0.0,"played":[0.8024,0.1976],"evs":[0.0,-0.07472]},"Q3s":{"weight":0.0,"played":[2.0E-4,0.9998],"evs":[0.0,0.14985]},"Q4s":{"weight":0.0,"played":[3.0E-4,0.9997],"evs":[0.0,0.59195]},"Q5s":{"weight":0.0,"played":[0.0053,0.9947],"evs":[0.0,0.50383]},"Q6s":{"weight":0.0,"played":[4.0E-4,0.9996],"evs":[0.0,0.71797]},"Q7s":{"weight":0.0,"played":[0.0,1.0],"evs":[0.0,0.66389]},"Q8s":{"weight":0.0,"played":[2.0E-4,0.9998],"evs":[0.0,1.01699]},"Q9s":{"weight":0.0,"played":[0.0,1.0],"evs":[0.0,1.18304]},"QTs":{"weight":0.0768,"played":[0.0,1.0],"evs":[0.0,1.10274]},"QJs":{"weight":1.0,"played":[0.0,1.0],"evs":[0.0,1.41371]},"QQ":{"weight":0.0,"played":[0.0,1.0],"evs":[0.0,6.48806]},"KQo":{"weight":1.0E-4,"played":[0.0,1.0],"evs":[0.0,1.30399]},"AQo":{"weight":0.0,"played":[0.0,1.0],"evs":[0.0,3.08945]},"K2s":{"weight":0.0,"played":[0.5223,0.4777],"evs":[0.0,-0.00248]},"K3s":{"weight":0.0,"played":[0.0019,0.9981],"evs":[0.0,0.33598]},"K4s":{"weight":0.0,"played":[0.0057,0.9943],"evs":[0.0,0.40234]},"K5s":{"weight":0.0,"played":[1.0E-4,0.9999],"evs":[0.0,0.57001]},"K6s":{"weight":0.0,"played":[8.0E-4,0.9992],"evs":[0.0,0.71755]},"K7s":{"weight":0.0,"played":[0.0,1.0],"evs":[0.0,0.63641]},"K8s":{"weight":0.0,"played":[6.0E-4,0.9994],"evs":[0.0,0.6512]},"K9s":{"weight":0.0,"played":[1.0E-4,0.9999],"evs":[0.0,0.7916]},"KTs":{"weight":0.9048,"played":[0.0,1.0],"evs":[0.0,1.40433]},"KJs":{"weight":0.0063,"played":[0.0,1.0],"evs":[0.0,1.56193]},"KQs":{"weight":2.0E-4,"played":[0.0,1.0],"evs":[0.0,1.66247]},"KK":{"weight":0.0,"played":[0.0,1.0],"evs":[0.0,7.31847]},"AKo":{"weight":0.0,"played":[0.0,1.0],"evs":[0.0,3.72925]},"A2s":{"weight":0.0,"played":[0.0244,0.9756],"evs":[0.0,0.66044]},"A3s":{"weight":0.0,"played":[4.0E-4,0.9996],"evs":[0.0,0.54333]},"A4s":{"weight":0.0,"played":[6.0E-4,0.9994],"evs":[0.0,0.89542]},"A5s":{"weight":0.0078,"played":[0.0,1.0],"evs":[0.0,1.19124]},"A6s":{"weight":0.0,"played":[0.0,1.0],"evs":[0.0,0.78576]},"A7s":{"weight":0.1751,"played":[0.0,1.0],"evs":[0.0,1.19685]},"A8s":{"weight":0.0015,"played":[0.0,1.0],"evs":[0.0,1.64135]},"A9s":{"weight":0.0,"played":[0.0,1.0],"evs":[0.0,1.89226]},"ATs":{"weight":0.0,"played":[0.0,1.0],"evs":[0.0,2.24649]},"AJs":{"weight":0.0,"played":[0.0,1.0],"evs":[0.0,3.15943]},"AQs":{"weight":0.0,"played":[0.0,1.0],"evs":[0.0,3.4749]},"AKs":{"weight":0.0,"played":[0.0,1.0],"evs":[0.0,4.4666]},"AA":{"weight":0.0671,"played":[0.0,1.0],"evs":[0.0,9.40583]}}}