{"player":4,"street":0,"children":2,"sequence":[{"player":0,"type":"R","amount":200000,"street":0},{"player":1,"type":"C","amount":200000,"street":0},{"player":2,"type":"F","amount":0,"street":0},{"player":3,"type":"F","amount":0,"street":0},{"player":4,"type":"C","amount":150000,"street":0},{"player":5,"type":"R","amount":2335000,"street":0},{"player":0,"type":"C","amount":2135000,"street":0},{"player":1,"type":"F","amount":0,"street":0}],"actions":[{"type":"F","amount":0},{"type":"C","amount":1145000}],"hands":{"22":{"weight":0.9856,"played":[0.5835,0.4165],"evs":[0.0,-0.70451]},"32o":{"weight":0.0,"played":[0.9149,0.0851],"evs":[0.0,-3.9312]},"42o":{"weight":0.0,"played":[0.9958,0.0042],"evs":[0.0,-3.74039]},"52o":{"weight":0.0,"played":[0.8366,0.1634],"evs":[0.0,-2.73717]},"62o":{"weight":0.0,"played":[1.0,0.0],"evs":[0.0,-4.93747]},"72o":{"weight":0.0,"played":[0.9945,0.0055],"evs":[0.0,-3.72802]},"82o":{"weight":0.0,"played":[0.9969,0.0031],"evs":[0.0,-1.99026]},"92o":{"weight":0.0,"played":[0.9862,0.0138],"evs":[0.0,-4.06487]},"T2o":{"weight":0.0,"played":[0.999,0.001],"evs":[0.0,-3.09414]},"J2o":{"weight":0.0,"played":[1.0,0.0],"evs":[0.0,-3.96246]},"Q2o":{"weight":0.0,"played":[0.7803,0.2197],"evs":[0.0,-0.7739]},"K2o":{"weight":0.0,"played":[0.6616,0.3384],"evs":[0.0,-0.53493]},"A2o":{"weight":0.0,"played":[0.9689,0.0311],"evs":[0.0,-2.7543]},"32s":{"weight":0.0,"played":[0.9765,0.0235],"evs":[0.0,-2.71787]},"33":{"weight":0.9991,"played":[0.2385,0.7615],"evs":[0.0,0.25094]},"43o":{"weight":0.0,"played":[0.7658,0.2342],"evs":[0.0,-0.8611]},"53o":{"weight":0.0,"played":[0.9855,0.0145],"evs":[0.0,-3.72634]},"63o":{"weight":0.0,"played":[0.9654,0.0346],"evs":[0.0,-1.16032]},"73o":{"weight":0.0,"played":[0.9143,0.0857],"evs":[0.0,-3.30386]},"83o":{"weight":0.0,"played":[0.9702,0.0298],"evs":[0.0,-2.6043]},"93o":{"weight":0.0,"played":[0.9783,0.0217],"evs":[0.0,-1.78659]},"T3o":{"weight":0.0,"played":[1.0,0.0],"evs":[0.0,-1.34297]},"J3o":{"weight":0.0,"played":[0.9962,0.0038],"evs":[0.0,-2.70029]},"Q3o":{"weight":0.0,"played":[0.985,0.015],"evs":[0.0,-1.17136]},"K3o":{"weight":0.0,"played":[0.7348,0.2652],"evs":[0.0,-0.18574]},"A3o":{"weight":0.5808,"played":[0.9848,0.0152],"evs":[0.0,-3.57988]},"42s":{"weight":0.0,"played":[0.9702,0.0298],"evs":[0.0,-3.04089]},"43s":{"weight":0.0,"played":[0.7514,0.2486],"evs":[0.0,0.43172]},"44":{"weight":0.9835,"played":[0.1598,0.8402],"evs":[0.0,1.65511]},"54o":{"weight":0.0,"played":[0.6769,0.3231],"evs":[0.0,-1.76064]},"64o":{"weight":0.0,"played":[0.9658,0.0342],"evs":[0.0,-2.15785]},"74o":{"weight":0.0,"played":[0.9667,0.0333],"evs":[0.0,-2.71221]},"84o":{"weight":0.0,"played":[0.997,0.003],"evs":[0.0,-2.54135]},"94o":{"weight":0.0,"played":[0.9993,7.0E-4],"evs":[0.0,-3.92187]},"T4o":{"weight":0.0,"played":[0.7565,0.2435],"evs":[0.0,-2.76971]},"J4o":{"weight":0.0,"played":[0.9154,0.0846],"evs":[0.0,-4.21156]},"Q4o":{"weight":0.0,"played":[0.7661,0.2339],"evs":[0.0,-1.87899]},"K4o":{"weight":0.0,"played":[0.9469,0.0531],"evs":[0.0,-0.26608]},"A4o":{"weight":9.0E-4,"played":[0.9744,0.0256],"evs":[0.0,-3.02399]},"52s":{"weight":1.0E-4,"played":[0.913,0.087],"evs":[0.0,0.15435]},"53s":{"weight":0.0306,"played":[0.902,0.098],"evs":[0.0,-0.3834]},"54s":{"weight":0.1927,"played":[0.6974,0.3026],"evs":[0.0,-0.99457]},"55":{"weight":0.4255,"played":[0.9664,0.0336],"evs":[0.0,-1.11679]},"65o":{"weight":0.0,"played":[0.9964,0.0036],"evs":[0.0,-2.26538]},"75o":{"weight":0.0,"played":[0.912,0.088],"evs":[0.0,-4.46363]},"85o":{"weight":0.0,"played":[0.9955,0.0045],"evs":[0.0,-2.08107]},"95o":{"weight":0.0,"played":[0.9914,0.0086],"evs":[0.0,-2.84824]},"T5o":{"weight":0.0,"played":[0.8729,0.1271],"evs":[0.0,-0.50746]},"J5o":{"weight":0.0,"played":[0.9606,0.0394],"evs":[0.0,-1.97032]},"Q5o":{"weight":0.0,"played":[0.9989,0.0011],"evs":[0.0,-4.58387]},"K5o":{"weight":0.0,"played":[0.8703,0.1297],"evs":[0.0,-1.99462]},"A5o":{"weight":0.5489,"played":[0.9744,0.0256],"evs":[0.0,-3.88499]},"62s":{"weight":0.0,"played":[0.4485,0.5515],"evs":[0.0,-0.57781]},"63s":{"weight":0.0,"played":[0.7709,0.2291],"evs":[0.0,-3.05607]},"64s":{"weight":6.0E-4,"played":[0.6855,0.3145],"evs":[0.0,-0.85055]},"65s":{"weight":0.8515,"played":[0.8086,0.1914],"evs":[0.0,-1.85903]},"66":{"weight":6.0E-4,"played":[0.0896,0.9104],"evs":[0.0,1.83102]},"76o":{"weight":0.0,"played":[0.2847,0.7153],"evs":[0.0,0.17883]},"86o":{"weight":0.0,"played":[0.9745,0.0255],"evs":[0.0,-2.34623]},"96o":{"weight":0.0,"played":[0.2019,0.7981],"evs":[0.0,2.47383]},"T6o":{"weight":0.0,"played":[0.9979,0.0021],"evs":[0.0,-2.53246]},"J6o":{"weight":0.0,"played":[0.9863,0.0137],"evs":[0.0,-1.86974]},"Q6o":{"weight":0.0,"played":[0.97,0.03],"evs":[0.0,-4.48006]},"K6o":{"weight":0.0,"played":[0.9337,0.0663],"evs":[0.0,-1.07941]},"A6o":{"weight":0.8287,"played":[0.989,0.011],"evs":[0.0,-3.96235]},"72s":{"weight":0.0,"played":[0.7904,0.2096],"evs":[0.0,-1.5435]},"73s":{"weight":1.0E-4,"played":[1.0,0.0],"evs":[0.0,-0.31559]},"74s":{"weight":2.0E-4,"played":[0.9245,0.0755],"evs":[0.0,-4.83678]},"75s":{"weight":1.0E-4,"played":[0.6682,0.3318],"evs":[0.0,-2.3061]},"76s":{"weight":0.9731,"played":[0.5228,0.4772],"evs":[0.0,-0.89856]},"77":{"weight":2.0E-4,"played":[0.913,0.087],"evs":[0.0,-4.31291]},"87o":{"weight":0.0,"played":[0.9835,0.0165],"evs":[0.0,-3.43057]},"97o":{"weight":0.0,"played":[0.8901,0.1099],"evs":[0.0,-3.03116]},"T7o":{"weight":0.0,"played":[0.8886,0.1114],"evs":[0.0,-1.62235]},"J7o":{"weight":0.0,"played":[0.6358,0.3642],"evs":[0.0,1.04527]},"Q7o":{"weight":0.0,"played":[0.7371,0.2629],"evs":[0.0,-2.51905]},"K7o":{"weight":0.0,"played":[0.9998,2.0E-4],"evs":[0.0,-4.14859]},"A7o":{"weight":0.9666,"played":[0.8119,0.1881],"evs":[0.0,-2.43022]},"82s":{"weight":0.0,"played":[1.0,0.0],"evs":[0.0,-4.36948]},"83s":{"weight":1.0E-4,"played":[0.4576,0.5424],"evs":[0.0,1.00348]},"84s":{"weight":0.0,"played":[0.976,0.024],"evs":[0.0,-4.3742]},"85s":{"weight":6.0E-4,"played":[0.9388,0.0612],"evs":[0.0,-5.68797]},"86s":{"weight":0.3997,"played":[0.6633,0.3367],"evs":[0.0,-1.24359]},"87s":{"weight":0.9499,"played":[0.6588,0.3412],"evs":[0.0,-2.89898]},"88":{"weight":5.0E-4,"played":[0.8472,0.1528],"evs":[0.0,0.85245]},"98o":{"weight":4.0E-4,"played":[0.7593,0.2407],"evs":[0.0,-3.15879]},"T8o":{"weight":0.0,"played":[0.9227,0.0773],"evs":[0.0,-1.46554]},"J8o":{"weight":0.0,"played":[0.6749,0.3251],"evs":[0.0,-0.48783]},"Q8o":{"weight":0.0,"played":[0.8621,0.1379],"evs":[0.0,-1.50764]},"K8o":{"weight":0.0,"played":[0.3516,0.6484],"evs":[0.0,-0.33431]},"A8o":{"weight":0.6195,"played":[0.9878,0.0122],"evs":[0.0,-2.96038]},"92s":{"weight":1.0E-4,"played":[0.8883,0.1117],"evs":[0.0,-6.19861]},"93s":{"weight":0.0,"played":[0.9999,1.0E-4],"evs":[0.0,-1.48931]},"94s":{"weight":0.0,"played":[0.9191,0.0809],"evs":[0.0,-4.12092]},"95s":{"weight":0.0014,"played":[0.5393,0.4607],"evs":[0.0,-0.44916]},"96s":{"weight":0.0167,"played":[0.5344,0.4656],"evs":[0.0,1.38562]},"97s":{"weight":0.0286,"played":[0.4372,0.5628],"evs":[0.0,5.41285]},"98s":{"weight":0.5702,"played":[0.4517,0.5483],"evs":[0.0,-0.03079]},"99":{"weight":0.0,"played":[0.0277,0.9723],"evs":[0.0,1.15593]},"T9o":{"weight":0.0,"played":[0.8842,0.1158],"evs":[0.0,-0.3926]},"J9o":{"weight":0.0,"played":[0.8152,0.1848],"evs":[0.0,-0.42489]},"Q9o":{"weight":0.0,"played":[0.9717,0.0283],"evs":[0.0,-1.80799]},"K9o":{"weight":0.0,"played":[0.6234,0.3766],"evs":[0.0,-0.64053]},"A9o":{"weight":0.0116,"played":[0.8327,0.1673],"evs":[0.0,-2.79611]},"T2s":{"weight":1.0E-4,"played":[0.558,0.442],"evs":[0.0,-2.46482]},"T3s":{"weight":0.0,"played":[0.987,0.013],"evs":[0.0,-1.31996]},"T4s":{"weight":2.0E-4,"played":[0.5733,0.4267],"evs":[0.0,1.62879]},"T5s":{"weight":1.0E-4,"played":[0.9879,0.0121],"evs":[0.0,-0.69931]},"T6s":{"weight":0.0,"played":[0.2529,0.7471],"evs":[0.0,-0.05]},"T7s":{"weight":0.0012,"played":[0.994,0.006],"evs":[0.0,-2.70198]},"T8s":{"weight":0.2477,"played":[0.9792,0.0208],"evs":[0.0,-0.45287]},"T9s":{"weight":0.5911,"played":[0.9338,0.0662],"evs":[0.0,-3.11626]},"TT":{"weight":0.0,"played":[0.0513,0.9487],"evs":[0.0,1.89574]},"JTo":{"weight":0.0,"played":[0.9616,0.0384],"evs":[0.0,-3.15066]},"QTo":{"weight":1.0E-4,"played":[0.9852,0.0148],"evs":[0.0,-0.80522]},"KTo":{"weight":0.272,"played":[0.7749,0.2251],"evs":[0.0,-1.64596]},"ATo":{"weight":1.0E-4,"played":[0.4928,0.5072],"evs":[0.0,0.96512]},"J2s":{"weight":0.0,"played":[0.9961,0.0039],"evs":[0.0,-2.33268]},"J3s":{"weight":0.0,"played":[0.8243,0.1757],"evs":[0.0,-2.89674]},"J4s":{"weight":0.0,"played":[0.5267,0.4733],"evs":[0.0,-1.91428]},"J5s":{"weight":0.0,"played":[6.0E-4,0.9994],"evs":[0.0,2.64376]},"J6s":{"weight":3.0E-4,"played":[0.8494,0.1506],"evs":[0.0,0.96224]},"J7s":{"weight":0.0024,"played":[0.9043,0.0957],"evs":[0.0,-3.55396]},"J8s":{"weight":0.0029,"played":[0.8155,0.1845],"evs":[0.0,-1.11668]},"J9s":{"weight":0.9735,"played":[0.6788,0.3212],"evs":[0.0,-2.16535]},"JTs":{"weight":0.5717,"played":[0.0694,0.9306],"evs":[0.0,1.49363]},"JJ":{"weight":0.0,"played":[0.0488,0.9512],"evs":[0.0,7.39744]},"QJo":{"weight":0.9701,"played":[0.249,0.751],"evs":[0.0,-0.02585]},"KJo":{"weight":0.9966,"played":[0.9713,0.0287],"evs":[0.0,-0.53315]},"AJo":{"weight":0.0,"played":[0.1722,0.8278],"evs":[0.0,1.57313]},"Q2s":{"weight":0.0,"played":[0.8387,0.1613],"evs":[0.0,-2.91244]},"Q3s":{"weight":0.0,"played":[0.2044,0.7956],"evs":[0.0,1.35194]},"Q4s":{"weight":1.0E-4,"played":[0.3852,0.6148],"evs":[0.0,-1.05296]},"Q5s":{"weight":0.0,"played":[0.6214,0.3786],"evs":[0.0,1.34582]},"Q6s":{"weight":0.0432,"played":[0.4472,0.5528],"evs":[0.0,-1.05951]},"Q7s":{"weight":0.0163,"played":[0.7033,0.2967],"evs":[0.0,-1.6233]},"Q8s":{"weight":0.1929,"played":[0.3615,0.6385],"evs":[0.0,1.37837]},"Q9s":{"weight":0.8496,"played":[0.0039,0.9961],"evs":[0.0,2.3381]},"QTs":{"weight":0.3975,"played":[0.0223,0.9777],"evs":[0.0,2.86769]},"QJs":{"weight":0.9967,"played":[0.2501,0.7499],"evs":[0.0,3.323]},"QQ":{"weight":0.0,"played":[0.0062,0.9938],"evs":[0.0,11.81703]},"KQo":{"weight":0.0026,"played":[0.2262,0.7738],"evs":[0.0,-0.36844]},"AQo":{"weight":0.0,"played":[0.2455,0.7545],"evs":[0.0,1.52685]},"K2s":{"weight":0.0,"played":[0.9337,0.0663],"evs":[0.0,-2.77381]},"K3s":{"weight":4.0E-4,"played":[0.9639,0.0361],"evs":[0.0,-4.50694]},"K4s":{"weight":0.0,"played":[0.8005,0.1995],"evs":[0.0,-3.58474]},"K5s":{"weight":0.3298,"played":[0.6645,0.3355],"evs":[0.0,1.22294]},"K6s":{"weight":0.2168,"played":[0.9687,0.0313],"evs":[0.0,-1.67608]},"K7s":{"weight":0.9513,"played":[0.8698,0.1302],"evs":[0.0,-1.8951]},"K8s":{"weight":0.5765,"played":[0.3335,0.6665],"evs":[0.0,-1.24986]},"K9s":{"weight":0.999,"played":[0.1111,0.8889],"evs":[0.0,1.90863]},"KTs":{"weight":0.9981,"played":[0.4212,0.5788],"evs":[0.0,-1.10564]},"KJs":{"weight":3.0E-4,"played":[0.884,0.116],"evs":[0.0,-0.67287]},"KQs":{"weight":7.0E-4,"played":[0.6087,0.3913],"evs":[0.0,-0.91166]},"KK":{"weight":0.0,"played":[0.0,1.0],"evs":[0.0,12.19895]},"AKo":{"weight":0.0,"played":[0.3167,0.6833],"evs":[0.0,1.1769]},"A2s":{"weight":0.9981,"played":[0.9802,0.0198],"evs":[0.0,-1.93361]},"A3s":{"weight":0.8084,"played":[0.9502,0.0498],"evs":[0.0,-2.40397]},"A4s":{"weight":0.9997,"played":[0.1606,0.8394],"evs":[0.0,-0.20555]},"A5s":{"weight":0.4709,"played":[0.8225,0.1775],"evs":[0.0,-2.31748]},"A6s":{"weight":0.7774,"played":[0.6103,0.3897],"evs":[0.0,-0.13591]},"A7s":{"weight":0.0039,"played":[0.3279,0.6721],"evs":[0.0,0.09987]},"A8s":{"weight":0.0063,"played":[0.2899,0.7101],"evs":[0.0,-1.13956]},"A9s":{"weight":2.0E-4,"played":[0.0765,0.9235],"evs":[0.0,-0.95878]},"ATs":{"weight":0.0,"played":[0.0327,0.9673],"evs":[0.0,4.35213]},"AJs":{"weight":0.0,"played":[0.573,0.427],"evs":[0.0,2.00371]},"AQs":{"weight":0.0,"played":[0.327,0.673],"evs":[0.0,2.46011]},"AKs":{"weight":0.0,"played":[0.068,0.932],"evs":[0.0,2.44018]},"AA":{"weight":0.0,"played":[0.0046,0.9954],"evs":[0.0,15.04208]}}}