{"player":0,"street":0,"children":2,"sequence":[{"player":0,"type":"R","amount":200000,"street":0},{"player":1,"type":"C","amount":200000,"street":0},{"player":2,"type":"F","amount":0,"street":0},{"player":3,"type":"F","amount":0,"street":0},{"player":4,"type":"R","amount":1345000,"street":0},{"player":5,"type":"F","amount":0,"street":0}],"actions":[{"type":"F","amount":0,"node":367},{"type":"C","amount":1145000,"node":368}],"hands":{"22":{"weight":0.9786,"played":[4.0E-4,0.9996],"evs":[0.0,0.80263]},"32o":{"weight":0.0,"played":[0.9999,1.0E-4],"evs":[0.0,-1.74457]},"42o":{"weight":0.0,"played":[1.0,0.0],"evs":[0.0,-1.48751]},"52o":{"weight":0.0,"played":[0.9999,1.0E-4],"evs":[0.0,-1.62111]},"62o":{"weight":0.0,"played":[1.0,0.0],"evs":[0.0,-1.64487]},"72o":{"weight":0.0,"played":[1.0,0.0],"evs":[0.0,-1.82352]},"82o":{"weight":0.0,"played":[1.0,0.0],"evs":[0.0,-1.64786]},"92o":{"weight":0.0,"played":[1.0,0.0],"evs":[0.0,-1.79768]},"T2o":{"weight":0.0,"played":[1.0,0.0],"evs":[0.0,-2.02355]},"J2o":{"weight":0.0,"played":[1.0,0.0],"evs":[0.0,-1.82299]},"Q2o":{"weight":0.0,"played":[1.0,0.0],"evs":[0.0,-1.86656]},"K2o":{"weight":0.0,"played":[1.0,0.0],"evs":[0.0,-1.30204]},"A2o":{"weight":0.0,"played":[0.9988,0.0012],"evs":[0.0,-0.44552]},"32s":{"weight":0.0,"played":[0.9988,0.0012],"evs":[0.0,-0.93938]},"33":{"weight":1.0,"played":[0.0,1.0],"evs":[0.0,0.98864]},"43o":{"weight":0.0,"played":[1.0,0.0],"evs":[0.0,-1.36496]},"53o":{"weight":0.0,"played":[0.9999,1.0E-4],"evs":[0.0,-0.91164]},"63o":{"weight":0.0,"played":[1.0,0.0],"evs":[0.0,-1.12304]},"73o":{"weight":0.0,"played":[1.0,0.0],"evs":[0.0,-1.50458]},"83o":{"weight":0.0,"played":[0.9998,2.0E-4],"evs":[0.0,-1.61586]},"93o":{"weight":0.0,"played":[1.0,0.0],"evs":[0.0,-1.60874]},"T3o":{"weight":0.0,"played":[1.0,0.0],"evs":[0.0,-2.00721]},"J3o":{"weight":0.0,"played":[1.0,0.0],"evs":[0.0,-1.69204]},"Q3o":{"weight":0.0,"played":[0.9999,1.0E-4],"evs":[0.0,-1.82553]},"K3o":{"weight":0.0,"played":[1.0,0.0],"evs":[0.0,-1.2276]},"A3o":{"weight":0.0,"played":[0.9993,7.0E-4],"evs":[0.0,-0.33009]},"42s":{"weight":0.0,"played":[0.9994,6.0E-4],"evs":[0.0,-0.71514]},"43s":{"weight":0.0,"played":[0.9963,0.0037],"evs":[0.0,-0.3423]},"44":{"weight":1.0,"played":[0.0,1.0],"evs":[0.0,1.16537]},"54o":{"weight":0.0,"played":[0.9981,0.0019],"evs":[0.0,-0.31492]},"64o":{"weight":0.0,"played":[0.999,0.001],"evs":[0.0,-0.77704]},"74o":{"weight":0.0,"played":[1.0,0.0],"evs":[0.0,-1.24886]},"84o":{"weight":0.0,"played":[1.0,0.0],"evs":[0.0,-1.45638]},"94o":{"weight":0.0,"played":[1.0,0.0],"evs":[0.0,-1.69797]},"T4o":{"weight":0.0,"played":[1.0,0.0],"evs":[0.0,-1.73252]},"J4o":{"weight":0.0,"played":[1.0,0.0],"evs":[0.0,-1.79144]},"Q4o":{"weight":0.0,"played":[1.0,0.0],"evs":[0.0,-1.48801]},"K4o":{"weight":0.0,"played":[1.0,0.0],"evs":[0.0,-1.0815]},"A4o":{"weight":0.0,"played":[0.9996,4.0E-4],"evs":[0.0,-0.3545]},"52s":{"weight":0.0,"played":[0.9983,0.0017],"evs":[0.0,-0.23396]},"53s":{"weight":0.0,"played":[0.1121,0.8879],"evs":[0.0,-0.11862]},"54s":{"weight":0.0,"played":[0.2728,0.7272],"evs":[0.0,0.40764]},"55":{"weight":1.0,"played":[0.0,1.0],"evs":[0.0,1.69782]},"65o":{"weight":0.0,"played":[0.9989,0.0011],"evs":[0.0,-0.34844]},"75o":{"weight":0.0,"played":[0.9994,6.0E-4],"evs":[0.0,-0.85185]},"85o":{"weight":0.0,"played":[0.9999,1.0E-4],"evs":[0.0,-0.88628]},"95o":{"weight":0.0,"played":[1.0,0.0],"evs":[0.0,-1.23451]},"T5o":{"weight":0.0,"played":[0.9997,3.0E-4],"evs":[0.0,-2.07077]},"J5o":{"weight":0.0,"played":[1.0,0.0],"evs":[0.0,-1.6073]},"Q5o":{"weight":0.0,"played":[1.0,0.0],"evs":[0.0,-1.6221]},"K5o":{"weight":0.0,"played":[0.9999,1.0E-4],"evs":[0.0,-0.92532]},"A5o":{"weight":0.0,"played":[0.6617,0.3383],"evs":[0.0,-0.07787]},"62s":{"weight":0.0,"played":[0.9984,0.0016],"evs":[0.0,-0.5801]},"63s":{"weight":0.0,"played":[0.9844,0.0156],"evs":[0.0,-0.19445]},"64s":{"weight":0.0,"played":[0.7036,0.2964],"evs":[0.0,-0.20407]},"65s":{"weight":0.0,"played":[0.0919,0.9081],"evs":[0.0,0.58351]},"66":{"weight":1.0,"played":[0.0,1.0],"evs":[0.0,2.35362]},"76o":{"weight":0.0,"played":[0.9744,0.0256],"evs":[0.0,-0.49851]},"86o":{"weight":0.0,"played":[0.9988,0.0012],"evs":[0.0,-0.58112]},"96o":{"weight":0.0,"played":[0.9999,1.0E-4],"evs":[0.0,-0.85123]},"T6o":{"weight":0.0,"played":[0.9997,3.0E-4],"evs":[0.0,-1.35843]},"J6o":{"weight":0.0,"played":[1.0,0.0],"evs":[0.0,-1.32944]},"Q6o":{"weight":0.0,"played":[1.0,0.0],"evs":[0.0,-1.32375]},"K6o":{"weight":0.0,"played":[0.9975,0.0025],"evs":[0.0,-0.66751]},"A6o":{"weight":0.0,"played":[0.9664,0.0336],"evs":[0.0,-0.18109]},"72s":{"weight":0.0,"played":[0.9994,6.0E-4],"evs":[0.0,-0.85227]},"73s":{"weight":0.0,"played":[0.9942,0.0058],"evs":[0.0,-0.60481]},"74s":{"weight":0.0,"played":[0.9984,0.0016],"evs":[0.0,-0.35192]},"75s":{"weight":0.0,"played":[0.0166,0.9834],"evs":[0.0,0.43189]},"76s":{"weight":0.9977,"played":[0.0086,0.9914],"evs":[0.0,0.48659]},"77":{"weight":1.0,"played":[0.0,1.0],"evs":[0.0,2.80102]},"87o":{"weight":0.0,"played":[0.9887,0.0113],"evs":[0.0,-0.27435]},"97o":{"weight":0.0,"played":[0.9999,1.0E-4],"evs":[0.0,-0.26563]},"T7o":{"weight":0.0,"played":[0.9997,3.0E-4],"evs":[0.0,-0.86655]},"J7o":{"weight":0.0,"played":[1.0,0.0],"evs":[0.0,-1.16564]},"Q7o":{"weight":0.0,"played":[1.0,0.0],"evs":[0.0,-1.34419]},"K7o":{"weight":0.0,"played":[0.9983,0.0017],"evs":[0.0,-1.05221]},"A7o":{"weight":1.0E-4,"played":[0.9504,0.0496],"evs":[0.0,-0.01127]},"82s":{"weight":0.0,"played":[0.9813,0.0187],"evs":[0.0,-0.3637]},"83s":{"weight":0.0,"played":[0.998,0.002],"evs":[0.0,-0.38459]},"84s":{"weight":0.0,"played":[0.8501,0.1499],"evs":[0.0,-0.57644]},"85s":{"weight":0.0,"played":[0.7369,0.2631],"evs":[0.0,-0.06454]},"86s":{"weight":0.0,"played":[0.037,0.963],"evs":[0.0,0.15032]},"87s":{"weight":0.9999,"played":[3.0E-4,0.9997],"evs":[0.0,0.96085]},"88":{"weight":1.0,"played":[0.0,1.0],"evs":[0.0,3.4476]},"98o":{"weight":0.0,"played":[0.5936,0.4064],"evs":[0.0,-0.06467]},"T8o":{"weight":0.0,"played":[0.9954,0.0046],"evs":[0.0,-0.60535]},"J8o":{"weight":0.0,"played":[0.9983,0.0017],"evs":[0.0,-0.57925]},"Q8o":{"weight":0.0,"played":[0.9998,2.0E-4],"evs":[0.0,-1.17264]},"K8o":{"weight":0.0,"played":[1.0,0.0],"evs":[0.0,-0.71356]},"A8o":{"weight":1.0,"played":[0.0182,0.9818],"evs":[0.0,0.32428]},"92s":{"weight":0.0,"played":[0.9997,3.0E-4],"evs":[0.0,-0.768]},"93s":{"weight":0.0,"played":[0.9485,0.0515],"evs":[0.0,-0.80491]},"94s":{"weight":0.0,"played":[0.9986,0.0014],"evs":[0.0,-0.66803]},"95s":{"weight":0.0,"played":[0.984,0.016],"evs":[0.0,-0.13245]},"96s":{"weight":0.0,"played":[0.1896,0.8104],"evs":[0.0,0.14562]},"97s":{"weight":0.9507,"played":[0.0029,0.9971],"evs":[0.0,0.52884]},"98s":{"weight":1.0,"played":[0.0,1.0],"evs":[0.0,0.70081]},"99":{"weight":0.9994,"played":[0.0,1.0],"evs":[0.0,4.24545]},"T9o":{"weight":0.0,"played":[0.8655,0.1345],"evs":[0.0,-0.1836]},"J9o":{"weight":0.0,"played":[0.9812,0.0188],"evs":[0.0,-0.59629]},"Q9o":{"weight":0.0,"played":[0.9948,0.0052],"evs":[0.0,-0.62112]},"K9o":{"weight":0.0,"played":[0.9924,0.0076],"evs":[0.0,-0.57895]},"A9o":{"weight":1.0,"played":[1.0E-4,0.9999],"evs":[0.0,0.79229]},"T2s":{"weight":0.0,"played":[0.9949,0.0051],"evs":[0.0,-0.87786]},"T3s":{"weight":0.0,"played":[0.9984,0.0016],"evs":[0.0,-0.84986]},"T4s":{"weight":0.0,"played":[0.9985,0.0015],"evs":[0.0,-0.55899]},"T5s":{"weight":0.0,"played":[0.9882,0.0118],"evs":[0.0,-0.68827]},"T6s":{"weight":0.0,"played":[0.9866,0.0134],"evs":[0.0,-0.27184]},"T7s":{"weight":0.0,"played":[0.3083,0.6917],"evs":[0.0,0.24749]},"T8s":{"weight":1.0,"played":[0.0,1.0],"evs":[0.0,0.39592]},"T9s":{"weight":1.0,"played":[7.0E-4,0.9993],"evs":[0.0,0.97425]},"TT":{"weight":1.0,"played":[0.0,1.0],"evs":[0.0,4.84609]},"JTo":{"weight":0.2733,"played":[0.9664,0.0336],"evs":[0.0,-0.06024]},"QTo":{"weight":0.9097,"played":[0.9516,0.0484],"evs":[0.0,-0.49345]},"KTo":{"weight":1.0,"played":[0.4694,0.5306],"evs":[0.0,0.0349]},"ATo":{"weight":1.0,"played":[0.0,1.0],"evs":[0.0,1.96662]},"J2s":{"weight":0.0,"played":[0.979,0.021],"evs":[0.0,-0.84473]},"J3s":{"weight":0.0,"played":[0.997,0.003],"evs":[0.0,-0.4611]},"J4s":{"weight":0.0,"played":[0.8597,0.1403],"evs":[0.0,-0.22629]},"J5s":{"weight":0.0,"played":[0.9916,0.0084],"evs":[0.0,-0.6524]},"J6s":{"weight":0.0,"played":[0.9428,0.0572],"evs":[0.0,-0.24992]},"J7s":{"weight":0.0,"played":[0.556,0.444],"evs":[0.0,-0.15963]},"J8s":{"weight":0.9965,"played":[0.0087,0.9913],"evs":[0.0,0.47147]},"J9s":{"weight":1.0,"played":[0.0,1.0],"evs":[0.0,0.68064]},"JTs":{"weight":0.9997,"played":[1.0E-4,0.9999],"evs":[0.0,0.87749]},"JJ":{"weight":1.0,"played":[0.0,1.0],"evs":[0.0,6.49044]},"QJo":{"weight":1.0,"played":[0.0029,0.9971],"evs":[0.0,0.2802]},"KJo":{"weight":1.0,"played":[0.0013,0.9987],"evs":[0.0,0.72205]},"AJo":{"weight":1.0,"played":[0.0,1.0],"evs":[0.0,3.12264]},"Q2s":{"weight":0.0,"played":[0.9932,0.0068],"evs":[0.0,-0.79837]},"Q3s":{"weight":0.0,"played":[0.962,0.038],"evs":[0.0,-0.82917]},"Q4s":{"weight":0.0,"played":[0.958,0.042],"evs":[0.0,-0.11356]},"Q5s":{"weight":0.0,"played":[0.9432,0.0568],"evs":[0.0,-0.62612]},"Q6s":{"weight":0.0,"played":[0.992,0.008],"evs":[0.0,-0.19571]},"Q7s":{"weight":0.0,"played":[0.8126,0.1874],"evs":[0.0,-0.28914]},"Q8s":{"weight":0.9989,"played":[0.0078,0.9922],"evs":[0.0,0.09014]},"Q9s":{"weight":1.0,"played":[0.0019,0.9981],"evs":[0.0,0.35458]},"QTs":{"weight":1.0,"played":[1.0E-4,0.9999],"evs":[0.0,0.56557]},"QJs":{"weight":1.0,"played":[0.0034,0.9966],"evs":[0.0,0.8833]},"QQ":{"weight":1.0,"played":[0.0,1.0],"evs":[0.0,8.30301]},"KQo":{"weight":0.9998,"played":[0.0,1.0],"evs":[0.0,1.15409]},"AQo":{"weight":1.0,"played":[0.0,1.0],"evs":[0.0,4.19069]},"K2s":{"weight":0.0,"played":[1.0,0.0],"evs":[0.0,-0.16275]},"K3s":{"weight":0.0,"played":[0.981,0.019],"evs":[0.0,-0.1433]},"K4s":{"weight":0.0,"played":[0.9753,0.0247],"evs":[0.0,-0.09475]},"K5s":{"weight":2.0E-4,"played":[0.5937,0.4063],"evs":[0.0,-0.26415]},"K6s":{"weight":0.9562,"played":[0.003,0.997],"evs":[0.0,0.35145]},"K7s":{"weight":1.0,"played":[0.0882,0.9118],"evs":[0.0,0.27786]},"K8s":{"weight":1.0,"played":[0.0109,0.9891],"evs":[0.0,0.33052]},"K9s":{"weight":1.0,"played":[8.0E-4,0.9992],"evs":[0.0,0.51118]},"KTs":{"weight":0.9998,"played":[0.0,1.0],"evs":[0.0,0.92102]},"KJs":{"weight":1.0,"played":[3.0E-4,0.9997],"evs":[0.0,1.82464]},"KQs":{"weight":1.0,"played":[0.0,1.0],"evs":[0.0,1.83512]},"KK":{"weight":1.0,"played":[0.0,1.0],"evs":[0.0,10.0726]},"AKo":{"weight":0.999,"played":[0.0,1.0],"evs":[0.0,5.44086]},"A2s":{"weight":1.0,"played":[0.0098,0.9902],"evs":[0.0,0.61352]},"A3s":{"weight":1.0,"played":[0.0525,0.9475],"evs":[0.0,0.58022]},"A4s":{"weight":1.0,"played":[0.0018,0.9982],"evs":[0.0,0.90407]},"A5s":{"weight":1.0,"played":[0.007,0.993],"evs":[0.0,0.81388]},"A6s":{"weight":1.0,"played":[0.0083,0.9917],"evs":[0.0,1.11849]},"A7s":{"weight":1.0,"played":[0.0,1.0],"evs":[0.0,0.8731]},"A8s":{"weight":1.0,"played":[0.0,1.0],"evs":[0.0,1.35318]},"A9s":{"weight":1.0,"played":[0.0,1.0],"evs":[0.0,1.69158]},"ATs":{"weight":1.0,"played":[0.0,1.0],"evs":[0.0,3.06077]},"AJs":{"weight":1.0,"played":[0.0,1.0],"evs":[0.0,3.71586]},"AQs":{"weight":1.0,"played":[0.0,1.0],"evs":[0.0,5.03227]},"AKs":{"weight":1.0,"played":[0.0,1.0],"evs":[0.0,6.07824]},"AA":{"weight":1.0,"played":[0.0,1.0],"evs":[0.0,14.10046]}}}