{"player":5,"street":0,"children":3,"sequence":[{"player":0,"type":"F","amount":0,"street":0},{"player":1,"type":"F","amount":0,"street":0},{"player":2,"type":"R","amount":200000,"street":0},{"player":3,"type":"C","amount":200000,"street":0},{"player":4,"type":"C","amount":150000,"street":0}],"actions":[{"type":"F","amount":0},{"type":"C","amount":100000},{"type":"R","amount":2335000,"node":38}],"hands":{"22":{"weight":1.0,"played":[0.0109,0.9891,0.0],"evs":[0.0,0.93671,-1.04622]},"32o":{"weight":1.0,"played":[1.0,0.0,0.0],"evs":[0.0,-0.46239,-3.7946]},"42o":{"weight":1.0,"played":[0.9999,1.0E-4,0.0],"evs":[0.0,-0.39065,-3.52806]},"52o":{"weight":1.0,"played":[1.0,0.0,0.0],"evs":[0.0,-0.39315,-3.39156]},"62o":{"weight":1.0,"played":[1.0,0.0,0.0],"evs":[0.0,-0.42585,-3.41502]},"72o":{"weight":1.0,"played":[1.0,0.0,0.0],"evs":[0.0,-0.48482,-3.6558]},"82o":{"weight":1.0,"played":[1.0,0.0,0.0],"evs":[0.0,-0.43748,-3.48917]},"92o":{"weight":1.0,"played":[1.0,0.0,0.0],"evs":[0.0,-0.48976,-3.70931]},"T2o":{"weight":1.0,"played":[1.0,0.0,0.0],"evs":[0.0,-0.72146,-3.68134]},"J2o":{"weight":1.0,"played":[0.9997,3.0E-4,0.0],"evs":[0.0,-0.62357,-3.44294]},"Q2o":{"weight":1.0,"played":[1.0,0.0,0.0],"evs":[0.0,-0.40665,-2.93513]},"K2o":{"weight":1.0,"played":[1.0,0.0,0.0],"evs":[0.0,-0.29595,-2.40013]},"A2o":{"weight":1.0,"played":[1.0,0.0,0.0],"evs":[0.0,-0.18408,-1.2585]},"32s":{"weight":1.0,"played":[0.9999,1.0E-4,0.0],"evs":[0.0,-0.24698,-2.81264]},"33":{"weight":1.0,"played":[0.0111,0.982,0.0069],"evs":[0.0,0.78586,-0.45798]},"43o":{"weight":1.0,"played":[1.0,0.0,0.0],"evs":[0.0,-0.37055,-3.21889]},"53o":{"weight":1.0,"played":[1.0,0.0,0.0],"evs":[0.0,-0.24243,-2.80649]},"63o":{"weight":1.0,"played":[1.0,0.0,0.0],"evs":[0.0,-0.37842,-2.92842]},"73o":{"weight":1.0,"played":[1.0,0.0,0.0],"evs":[0.0,-0.44292,-3.1572]},"83o":{"weight":1.0,"played":[1.0,0.0,0.0],"evs":[0.0,-0.41539,-3.38425]},"93o":{"weight":1.0,"played":[1.0,0.0,0.0],"evs":[0.0,-0.43567,-3.32891]},"T3o":{"weight":1.0,"played":[1.0,0.0,0.0],"evs":[0.0,-0.59174,-3.22012]},"J3o":{"weight":1.0,"played":[1.0,0.0,0.0],"evs":[0.0,-0.5621,-3.11458]},"Q3o":{"weight":1.0,"played":[1.0,0.0,0.0],"evs":[0.0,-0.38635,-2.73364]},"K3o":{"weight":1.0,"played":[0.9998,2.0E-4,0.0],"evs":[0.0,-0.4103,-2.82258]},"A3o":{"weight":1.0,"played":[0.9544,0.0452,4.0E-4],"evs":[0.0,-0.12919,-0.93873]},"42s":{"weight":1.0,"played":[0.995,0.005,0.0],"evs":[0.0,-0.06294,-2.50699]},"43s":{"weight":1.0,"played":[0.8859,0.1141,0.0],"evs":[0.0,-0.09636,-2.20826]},"44":{"weight":1.0,"played":[0.0088,0.9506,0.0406],"evs":[0.0,0.61657,0.26749]},"54o":{"weight":1.0,"played":[1.0,0.0,0.0],"evs":[0.0,-0.24196,-2.44868]},"64o":{"weight":1.0,"played":[0.9999,1.0E-4,0.0],"evs":[0.0,-0.19399,-2.45153]},"74o":{"weight":1.0,"played":[0.9999,1.0E-4,0.0],"evs":[0.0,-0.33227,-2.5477]},"84o":{"weight":1.0,"played":[1.0,0.0,0.0],"evs":[0.0,-0.45165,-2.96955]},"94o":{"weight":1.0,"played":[1.0,0.0,0.0],"evs":[0.0,-0.51609,-3.36151]},"T4o":{"weight":1.0,"played":[1.0,0.0,0.0],"evs":[0.0,-0.5724,-2.9711]},"J4o":{"weight":1.0,"played":[0.9999,1.0E-4,0.0],"evs":[0.0,-0.46152,-2.88071]},"Q4o":{"weight":1.0,"played":[1.0,0.0,0.0],"evs":[0.0,-0.38938,-2.3053]},"K4o":{"weight":1.0,"played":[1.0,0.0,0.0],"evs":[0.0,-0.45563,-2.15442]},"A4o":{"weight":1.0,"played":[0.4823,0.5032,0.0145],"evs":[0.0,0.00636,-0.54237]},"52s":{"weight":1.0,"played":[0.9603,0.0397,0.0],"evs":[0.0,-0.01987,-2.36577]},"53s":{"weight":1.0,"played":[0.9975,0.0025,0.0],"evs":[0.0,-0.05554,-1.76686]},"54s":{"weight":1.0,"played":[0.5202,0.4794,4.0E-4],"evs":[0.0,-0.03086,-1.41853]},"55":{"weight":1.0,"played":[6.0E-4,0.2539,0.7455],"evs":[0.0,0.88752,1.19144]},"65o":{"weight":1.0,"played":[1.0,0.0,0.0],"evs":[0.0,-0.12391,-1.77934]},"75o":{"weight":1.0,"played":[1.0,0.0,0.0],"evs":[0.0,-0.16335,-2.16837]},"85o":{"weight":1.0,"played":[1.0,0.0,0.0],"evs":[0.0,-0.41967,-2.39462]},"95o":{"weight":1.0,"played":[0.9996,4.0E-4,0.0],"evs":[0.0,-0.42263,-2.77752]},"T5o":{"weight":1.0,"played":[1.0,0.0,0.0],"evs":[0.0,-0.4579,-2.81942]},"J5o":{"weight":1.0,"played":[1.0,0.0,0.0],"evs":[0.0,-0.47763,-2.5051]},"Q5o":{"weight":1.0,"played":[0.9998,1.0E-4,1.0E-4],"evs":[0.0,-0.39421,-2.29033]},"K5o":{"weight":1.0,"played":[1.0,0.0,0.0],"evs":[0.0,-0.43876,-2.10865]},"A5o":{"weight":1.0,"played":[0.5307,0.4693,0.0],"evs":[0.0,0.09009,-0.33846]},"62s":{"weight":1.0,"played":[0.9982,0.0017,1.0E-4],"evs":[0.0,-0.05608,-2.55977]},"63s":{"weight":1.0,"played":[0.9995,5.0E-4,0.0],"evs":[0.0,-0.24335,-1.82371]},"64s":{"weight":1.0,"played":[0.9954,0.001,0.0036],"evs":[0.0,-0.14838,-1.39973]},"65s":{"weight":1.0,"played":[0.0715,0.9284,1.0E-4],"evs":[0.0,0.35619,-0.77807]},"66":{"weight":1.0,"played":[2.0E-4,6.0E-4,0.9993],"evs":[0.0,0.85382,1.89969]},"76o":{"weight":1.0,"played":[0.9996,4.0E-4,0.0],"evs":[0.0,-0.00887,-1.45328]},"86o":{"weight":1.0,"played":[0.9999,1.0E-4,1.0E-4],"evs":[0.0,-0.15739,-1.57981]},"96o":{"weight":1.0,"played":[1.0,0.0,0.0],"evs":[0.0,-0.43101,-2.30955]},"T6o":{"weight":1.0,"played":[0.9999,1.0E-4,0.0],"evs":[0.0,-0.40311,-2.2471]},"J6o":{"weight":1.0,"played":[1.0,0.0,0.0],"evs":[0.0,-0.54828,-2.47832]},"Q6o":{"weight":1.0,"played":[1.0,0.0,0.0],"evs":[0.0,-0.40509,-2.02291]},"K6o":{"weight":1.0,"played":[0.9999,0.0,1.0E-4],"evs":[0.0,-0.43408,-1.74801]},"A6o":{"weight":1.0,"played":[0.3325,0.666,0.0015],"evs":[0.0,0.25501,-0.05611]},"72s":{"weight":1.0,"played":[0.9999,1.0E-4,0.0],"evs":[0.0,-0.263,-2.79939]},"73s":{"weight":1.0,"played":[0.892,0.108,0.0],"evs":[0.0,-0.00205,-1.82697]},"74s":{"weight":1.0,"played":[0.9999,0.0,1.0E-4],"evs":[0.0,-0.29332,-1.50407]},"75s":{"weight":1.0,"played":[0.1224,0.8773,3.0E-4],"evs":[0.0,0.24741,-0.72507]},"76s":{"weight":1.0,"played":[0.2426,0.7567,7.0E-4],"evs":[0.0,0.24056,-0.78892]},"77":{"weight":1.0,"played":[0.0,1.0E-4,0.9999],"evs":[0.0,0.86312,2.45874]},"87o":{"weight":1.0,"played":[1.0,0.0,0.0],"evs":[0.0,-0.19885,-1.51684]},"97o":{"weight":1.0,"played":[1.0,0.0,0.0],"evs":[0.0,-0.27691,-1.84853]},"T7o":{"weight":1.0,"played":[0.9998,2.0E-4,0.0],"evs":[0.0,-0.31757,-1.88081]},"J7o":{"weight":1.0,"played":[0.9999,1.0E-4,0.0],"evs":[0.0,-0.294,-1.98017]},"Q7o":{"weight":1.0,"played":[0.9999,1.0E-4,0.0],"evs":[0.0,-0.3445,-1.78857]},"K7o":{"weight":1.0,"played":[0.9999,1.0E-4,0.0],"evs":[0.0,-0.2924,-1.48909]},"A7o":{"weight":1.0,"played":[0.2324,0.7644,0.0032],"evs":[0.0,0.24237,-0.1433]},"82s":{"weight":1.0,"played":[0.9983,0.0015,1.0E-4],"evs":[0.0,-0.45674,-2.38739]},"83s":{"weight":1.0,"played":[0.9999,0.0,1.0E-4],"evs":[0.0,-0.31757,-2.55045]},"84s":{"weight":1.0,"played":[1.0,0.0,0.0],"evs":[0.0,-0.28619,-1.52208]},"85s":{"weight":1.0,"played":[0.9984,0.0016,0.0],"evs":[0.0,-0.04553,-1.49229]},"86s":{"weight":1.0,"played":[0.4484,0.5508,8.0E-4],"evs":[0.0,0.20553,-1.03514]},"87s":{"weight":1.0,"played":[0.9676,0.0322,2.0E-4],"evs":[0.0,0.02534,-0.75734]},"88":{"weight":1.0,"played":[0.0,0.001,0.999],"evs":[0.0,0.56716,2.62343]},"98o":{"weight":1.0,"played":[0.9994,6.0E-4,0.0],"evs":[0.0,-0.35976,-1.77106]},"T8o":{"weight":1.0,"played":[1.0,0.0,0.0],"evs":[0.0,-0.23068,-1.48184]},"J8o":{"weight":1.0,"played":[1.0,0.0,0.0],"evs":[0.0,-0.35752,-1.76495]},"Q8o":{"weight":1.0,"played":[1.0,0.0,0.0],"evs":[0.0,-0.32721,-1.92996]},"K8o":{"weight":1.0,"played":[0.9999,1.0E-4,0.0],"evs":[0.0,-0.28611,-1.51492]},"A8o":{"weight":1.0,"played":[0.0076,0.4788,0.5136],"evs":[0.0,0.27475,0.09462]},"92s":{"weight":1.0,"played":[0.9997,2.0E-4,0.0],"evs":[0.0,-0.3936,-2.87783]},"93s":{"weight":1.0,"played":[1.0,0.0,0.0],"evs":[0.0,-0.27766,-2.40059]},"94s":{"weight":1.0,"played":[0.9997,0.0,3.0E-4],"evs":[0.0,-0.37781,-2.58857]},"95s":{"weight":1.0,"played":[0.9967,0.0033,0.0],"evs":[0.0,-0.10945,-1.81058]},"96s":{"weight":1.0,"played":[0.9869,0.0126,5.0E-4],"evs":[0.0,-0.17057,-1.04153]},"97s":{"weight":1.0,"played":[0.5422,0.4574,4.0E-4],"evs":[0.0,0.02101,-0.98571]},"98s":{"weight":1.0,"played":[0.348,0.6509,0.0012],"evs":[0.0,0.07897,-0.6054]},"99":{"weight":1.0,"played":[0.0,0.0,1.0],"evs":[0.0,0.9331,3.53837]},"T9o":{"weight":1.0,"played":[0.9995,5.0E-4,0.0],"evs":[0.0,-0.17989,-1.39731]},"J9o":{"weight":1.0,"played":[0.9997,3.0E-4,0.0],"evs":[0.0,-0.22716,-1.58551]},"Q9o":{"weight":1.0,"played":[0.999,0.001,0.0],"evs":[0.0,-0.23524,-1.37142]},"K9o":{"weight":1.0,"played":[0.9946,0.0053,1.0E-4],"evs":[0.0,-0.16407,-1.43325]},"A9o":{"weight":1.0,"played":[2.0E-4,0.0232,0.9766],"evs":[0.0,0.38817,0.61703]},"T2s":{"weight":1.0,"played":[1.0,0.0,0.0],"evs":[0.0,-0.37746,-2.8972]},"T3s":{"weight":1.0,"played":[0.9995,5.0E-4,0.0],"evs":[0.0,-0.35229,-2.07911]},"T4s":{"weight":1.0,"played":[0.9994,4.0E-4,2.0E-4],"evs":[0.0,-0.32451,-1.86656]},"T5s":{"weight":1.0,"played":[0.9972,0.0028,0.0],"evs":[0.0,-0.36299,-2.23362]},"T6s":{"weight":1.0,"played":[0.9986,8.0E-4,6.0E-4],"evs":[0.0,-0.27012,-1.53153]},"T7s":{"weight":1.0,"played":[0.2329,0.7671,0.0],"evs":[0.0,0.22982,-0.62694]},"T8s":{"weight":1.0,"played":[0.4385,0.5612,3.0E-4],"evs":[0.0,0.09435,-0.64934]},"T9s":{"weight":1.0,"played":[0.042,0.9459,0.0121],"evs":[0.0,0.19226,-0.32977]},"TT":{"weight":1.0,"played":[0.0,0.0,1.0],"evs":[0.0,1.33026,4.37695]},"JTo":{"weight":1.0,"played":[0.9823,0.0177,0.0],"evs":[0.0,-0.08527,-1.10561]},"QTo":{"weight":1.0,"played":[0.9961,0.0039,1.0E-4],"evs":[0.0,-0.19027,-0.75343]},"KTo":{"weight":1.0,"played":[0.8795,0.1204,1.0E-4],"evs":[0.0,-0.01249,-0.62107]},"ATo":{"weight":1.0,"played":[0.0,0.0,1.0],"evs":[0.0,0.77911,1.19623]},"J2s":{"weight":1.0,"played":[0.9804,0.0196,0.0],"evs":[0.0,-0.2456,-2.38582]},"J3s":{"weight":1.0,"played":[0.9686,0.0314,0.0],"evs":[0.0,-0.06871,-2.01392]},"J4s":{"weight":1.0,"played":[0.9985,0.0015,0.0],"evs":[0.0,-0.24722,-1.45807]},"J5s":{"weight":1.0,"played":[0.6161,0.3832,7.0E-4],"evs":[0.0,0.06679,-1.59396]},"J6s":{"weight":1.0,"played":[0.2673,0.7326,1.0E-4],"evs":[0.0,0.13182,-1.00287]},"J7s":{"weight":1.0,"played":[0.3742,0.6257,0.0],"evs":[0.0,0.04211,-1.13907]},"J8s":{"weight":1.0,"played":[0.6537,0.3463,0.0],"evs":[0.0,-0.10429,-0.69498]},"J9s":{"weight":1.0,"played":[0.3252,0.6746,2.0E-4],"evs":[0.0,0.33007,-0.12463]},"JTs":{"weight":1.0,"played":[0.0087,0.6507,0.3406],"evs":[0.0,0.31553,-0.03867]},"JJ":{"weight":1.0,"played":[0.0,0.0,1.0],"evs":[0.0,2.2371,6.01043]},"QJo":{"weight":1.0,"played":[0.1187,0.8812,1.0E-4],"evs":[0.0,0.22812,-0.50588]},"KJo":{"weight":1.0,"played":[0.0116,0.8073,0.181],"evs":[0.0,0.36316,0.03239]},"AJo":{"weight":1.0,"played":[0.0,0.0,1.0],"evs":[0.0,1.06852,1.96358]},"Q2s":{"weight":1.0,"played":[0.9998,2.0E-4,0.0],"evs":[0.0,-0.24055,-2.17676]},"Q3s":{"weight":1.0,"played":[0.9892,0.0108,0.0],"evs":[0.0,-0.24866,-2.02934]},"Q4s":{"weight":1.0,"played":[0.5439,0.4561,0.0],"evs":[0.0,0.0207,-1.23858]},"Q5s":{"weight":1.0,"played":[0.8294,0.1706,0.0],"evs":[0.0,-0.11766,-1.24857]},"Q6s":{"weight":1.0,"played":[0.346,0.6539,0.0],"evs":[0.0,0.09042,-0.93705]},"Q7s":{"weight":1.0,"played":[0.6525,0.3458,0.0017],"evs":[0.0,-0.04172,-1.43469]},"Q8s":{"weight":1.0,"played":[0.5347,0.4596,0.0058],"evs":[0.0,0.14374,-0.77228]},"Q9s":{"weight":1.0,"played":[0.2219,0.7517,0.0264],"evs":[0.0,0.06322,-0.4675]},"QTs":{"weight":1.0,"played":[0.0108,0.8288,0.1604],"evs":[0.0,0.15038,-0.23458]},"QJs":{"weight":1.0,"played":[0.0185,0.2991,0.6824],"evs":[0.0,0.45454,0.64195]},"QQ":{"weight":1.0,"played":[0.0,0.0,1.0],"evs":[0.0,3.428,7.60012]},"KQo":{"weight":1.0,"played":[5.0E-4,0.9018,0.0978],"evs":[0.0,0.76923,0.44615]},"AQo":{"weight":1.0,"played":[0.0,0.0,1.0],"evs":[0.0,1.43701,2.88873]},"K2s":{"weight":1.0,"played":[0.8624,0.1376,0.0],"evs":[0.0,-0.1961,-1.41393]},"K3s":{"weight":1.0,"played":[0.8182,0.1817,1.0E-4],"evs":[0.0,-0.07747,-1.16462]},"K4s":{"weight":1.0,"played":[0.9866,0.0124,0.001],"evs":[0.0,-0.35606,-1.68715]},"K5s":{"weight":1.0,"played":[0.8784,0.1215,1.0E-4],"evs":[0.0,-0.1359,-1.12907]},"K6s":{"weight":1.0,"played":[0.7098,0.2827,0.0075],"evs":[0.0,-0.01104,-0.64492]},"K7s":{"weight":1.0,"played":[0.174,0.8191,0.007],"evs":[0.0,0.26514,-0.10962]},"K8s":{"weight":1.0,"played":[0.3992,0.5948,0.006],"evs":[0.0,0.14324,-0.512]},"K9s":{"weight":1.0,"played":[0.504,0.4819,0.0142],"evs":[0.0,0.0897,-0.48011]},"KTs":{"weight":1.0,"played":[0.0022,0.0674,0.9304],"evs":[0.0,0.53434,0.69919]},"KJs":{"weight":1.0,"played":[0.0,0.2181,0.7819],"evs":[0.0,0.71038,0.76447]},"KQs":{"weight":1.0,"played":[1.0E-4,0.061,0.9389],"evs":[0.0,0.73633,1.27267]},"KK":{"weight":1.0,"played":[0.0,0.0,1.0],"evs":[0.0,4.55812,8.96621]},"AKo":{"weight":1.0,"played":[0.0,0.0,1.0],"evs":[0.0,1.74899,3.31768]},"A2s":{"weight":1.0,"played":[0.0142,0.9628,0.023],"evs":[0.0,0.4756,-0.12728]},"A3s":{"weight":1.0,"played":[0.2091,0.7529,0.038],"evs":[0.0,0.12093,-0.47657]},"A4s":{"weight":1.0,"played":[0.0,0.7938,0.2061],"evs":[0.0,0.46254,0.23101]},"A5s":{"weight":1.0,"played":[2.0E-4,0.7631,0.2367],"evs":[0.0,0.56256,0.32602]},"A6s":{"weight":1.0,"played":[0.0103,0.7508,0.2389],"evs":[0.0,0.80809,0.74788]},"A7s":{"weight":1.0,"played":[4.0E-4,0.0327,0.9669],"evs":[0.0,0.70133,1.01305]},"A8s":{"weight":1.0,"played":[0.0,0.5377,0.4623],"evs":[0.0,0.66081,0.80092]},"A9s":{"weight":1.0,"played":[5.0E-4,0.0259,0.9736],"evs":[0.0,1.05033,1.56591]},"ATs":{"weight":1.0,"played":[0.0,0.0051,0.9949],"evs":[0.0,1.34675,2.06844]},"AJs":{"weight":1.0,"played":[0.0,0.0,1.0],"evs":[0.0,1.27891,2.85087]},"AQs":{"weight":1.0,"played":[0.0,1.0E-4,0.9999],"evs":[0.0,1.77357,3.49002]},"AKs":{"weight":1.0,"played":[0.0,0.0,1.0],"evs":[0.0,2.22033,3.89258]},"AA":{"weight":1.0,"played":[0.0,0.0,1.0],"evs":[0.0,8.04173,12.38368]}}}