{"player":5,"street":0,"children":3,"sequence":[{"player":0,"type":"R","amount":200000,"street":0},{"player":1,"type":"C","amount":200000,"street":0},{"player":2,"type":"F","amount":0,"street":0},{"player":3,"type":"C","amount":200000,"street":0},{"player":4,"type":"F","amount":0,"street":0}],"actions":[{"type":"F","amount":0},{"type":"C","amount":100000},{"type":"R","amount":2335000,"node":374}],"hands":{"22":{"weight":1.0,"played":[0.7475,0.2479,0.0046],"evs":[0.0,-0.13375,-1.97603]},"32o":{"weight":1.0,"played":[1.0,0.0,0.0],"evs":[0.0,-1.42536,-6.21504]},"42o":{"weight":1.0,"played":[1.0,0.0,0.0],"evs":[0.0,-1.25004,-5.7699]},"52o":{"weight":1.0,"played":[0.9989,0.001,0.0],"evs":[0.0,-1.25527,-4.43709]},"62o":{"weight":1.0,"played":[0.9998,1.0E-4,1.0E-4],"evs":[0.0,-1.30366,-4.81892]},"72o":{"weight":1.0,"played":[1.0,0.0,0.0],"evs":[0.0,-1.45398,-5.2956]},"82o":{"weight":1.0,"played":[1.0,0.0,0.0],"evs":[0.0,-1.2736,-4.86054]},"92o":{"weight":1.0,"played":[0.9998,1.0E-4,0.0],"evs":[0.0,-1.32387,-5.18835]},"T2o":{"weight":1.0,"played":[0.9999,1.0E-4,0.0],"evs":[0.0,-1.44941,-5.67993]},"J2o":{"weight":1.0,"played":[0.9998,1.0E-4,0.0],"evs":[0.0,-1.17991,-5.30049]},"Q2o":{"weight":1.0,"played":[1.0,0.0,0.0],"evs":[0.0,-1.39324,-5.02604]},"K2o":{"weight":1.0,"played":[0.9984,0.0016,0.0],"evs":[0.0,-0.83672,-3.77492]},"A2o":{"weight":1.0,"played":[0.9991,0.0,9.0E-4],"evs":[0.0,-0.40209,-3.13871]},"32s":{"weight":1.0,"played":[0.9994,6.0E-4,0.0],"evs":[0.0,-1.00755,-4.71845]},"33":{"weight":1.0,"played":[0.4091,0.4647,0.1262],"evs":[0.0,-0.03376,-1.31428]},"43o":{"weight":1.0,"played":[1.0,0.0,0.0],"evs":[0.0,-1.12387,-5.04679]},"53o":{"weight":1.0,"played":[0.9999,0.0,0.0],"evs":[0.0,-1.05211,-4.88351]},"63o":{"weight":1.0,"played":[0.9998,1.0E-4,1.0E-4],"evs":[0.0,-0.93499,-4.60271]},"73o":{"weight":1.0,"played":[0.9999,1.0E-4,0.0],"evs":[0.0,-0.9298,-4.59475]},"83o":{"weight":1.0,"played":[1.0,0.0,0.0],"evs":[0.0,-1.02383,-5.01264]},"93o":{"weight":1.0,"played":[1.0,0.0,0.0],"evs":[0.0,-1.31977,-4.58288]},"T3o":{"weight":1.0,"played":[0.9996,4.0E-4,0.0],"evs":[0.0,-1.14186,-5.20553]},"J3o":{"weight":1.0,"played":[1.0,0.0,0.0],"evs":[0.0,-1.23045,-5.1448]},"Q3o":{"weight":1.0,"played":[1.0,0.0,0.0],"evs":[0.0,-0.89578,-4.80896]},"K3o":{"weight":1.0,"played":[0.9999,1.0E-4,0.0],"evs":[0.0,-0.88506,-3.84604]},"A3o":{"weight":1.0,"played":[0.9924,0.0075,0.0],"evs":[0.0,-0.51611,-2.50341]},"42s":{"weight":1.0,"played":[0.9999,1.0E-4,0.0],"evs":[0.0,-1.26492,-3.62572]},"43s":{"weight":1.0,"played":[0.955,0.0446,4.0E-4],"evs":[0.0,-1.00602,-3.78403]},"44":{"weight":1.0,"played":[0.4297,0.53,0.0403],"evs":[0.0,0.39485,-0.79615]},"54o":{"weight":1.0,"played":[0.9997,1.0E-4,2.0E-4],"evs":[0.0,-0.68751,-3.79832]},"64o":{"weight":1.0,"played":[1.0,0.0,0.0],"evs":[0.0,-0.43433,-3.64882]},"74o":{"weight":1.0,"played":[0.9994,5.0E-4,0.0],"evs":[0.0,-0.95182,-4.15033]},"84o":{"weight":1.0,"played":[1.0,0.0,0.0],"evs":[0.0,-0.90135,-3.92354]},"94o":{"weight":1.0,"played":[1.0,0.0,0.0],"evs":[0.0,-1.04181,-4.25537]},"T4o":{"weight":1.0,"played":[0.9998,1.0E-4,1.0E-4],"evs":[0.0,-0.9544,-4.89588]},"J4o":{"weight":1.0,"played":[1.0,0.0,0.0],"evs":[0.0,-1.01171,-5.08903]},"Q4o":{"weight":1.0,"played":[0.9994,6.0E-4,0.0],"evs":[0.0,-0.83151,-4.13083]},"K4o":{"weight":1.0,"played":[0.9987,0.0012,0.0],"evs":[0.0,-0.67775,-3.36493]},"A4o":{"weight":1.0,"played":[0.6449,0.3546,4.0E-4],"evs":[0.0,-0.20361,-2.1671]},"52s":{"weight":1.0,"played":[0.9992,1.0E-4,7.0E-4],"evs":[0.0,-1.3171,-4.18597]},"53s":{"weight":1.0,"played":[0.9949,0.0034,0.0018],"evs":[0.0,-0.26979,-2.10618]},"54s":{"weight":1.0,"played":[0.8389,0.1531,0.008],"evs":[0.0,0.09102,-1.80518]},"55":{"weight":1.0,"played":[0.1668,0.5328,0.3004],"evs":[0.0,0.47221,0.04295]},"65o":{"weight":1.0,"played":[1.0,0.0,0.0],"evs":[0.0,-0.5955,-2.97199]},"75o":{"weight":1.0,"played":[0.9996,4.0E-4,0.0],"evs":[0.0,-0.58185,-3.42504]},"85o":{"weight":1.0,"played":[0.9979,0.002,0.0],"evs":[0.0,-1.02036,-3.46145]},"95o":{"weight":1.0,"played":[0.9994,3.0E-4,3.0E-4],"evs":[0.0,-1.02555,-4.1442]},"T5o":{"weight":1.0,"played":[0.9999,0.0,1.0E-4],"evs":[0.0,-1.04681,-4.96253]},"J5o":{"weight":1.0,"played":[0.9995,5.0E-4,0.0],"evs":[0.0,-0.8669,-4.6313]},"Q5o":{"weight":1.0,"played":[0.9999,1.0E-4,0.0],"evs":[0.0,-0.98804,-4.35949]},"K5o":{"weight":1.0,"played":[0.9974,0.0025,1.0E-4],"evs":[0.0,-0.56628,-3.04781]},"A5o":{"weight":1.0,"played":[0.9875,0.0121,4.0E-4],"evs":[0.0,-0.58138,-2.31524]},"62s":{"weight":1.0,"played":[0.9934,0.0021,0.0045],"evs":[0.0,-0.98903,-3.3]},"63s":{"weight":1.0,"played":[0.9875,0.0045,0.0079],"evs":[0.0,-0.7304,-3.25776]},"64s":{"weight":1.0,"played":[0.9989,0.0,0.001],"evs":[0.0,-1.04748,-2.95896]},"65s":{"weight":1.0,"played":[0.9986,1.0E-4,0.0014],"evs":[0.0,-0.42261,-1.69871]},"66":{"weight":1.0,"played":[0.0019,0.0454,0.9528],"evs":[0.0,1.31914,2.00714]},"76o":{"weight":1.0,"played":[1.0,0.0,0.0],"evs":[0.0,-1.15191,-3.3837]},"86o":{"weight":1.0,"played":[0.9998,2.0E-4,1.0E-4],"evs":[0.0,-0.49024,-2.63795]},"96o":{"weight":1.0,"played":[1.0,0.0,0.0],"evs":[0.0,-0.55457,-2.76571]},"T6o":{"weight":1.0,"played":[0.9995,5.0E-4,0.0],"evs":[0.0,-0.7718,-3.34358]},"J6o":{"weight":1.0,"played":[0.9979,0.002,1.0E-4],"evs":[0.0,-0.69161,-3.84572]},"Q6o":{"weight":1.0,"played":[0.9999,1.0E-4,0.0],"evs":[0.0,-0.67827,-3.62031]},"K6o":{"weight":1.0,"played":[0.9995,4.0E-4,1.0E-4],"evs":[0.0,-0.44624,-3.07682]},"A6o":{"weight":1.0,"played":[0.9998,2.0E-4,0.0],"evs":[0.0,-0.08216,-2.20878]},"72s":{"weight":1.0,"played":[0.9985,0.0014,1.0E-4],"evs":[0.0,-0.50799,-3.23437]},"73s":{"weight":1.0,"played":[0.9986,0.0014,0.0],"evs":[0.0,-0.96225,-3.43063]},"74s":{"weight":1.0,"played":[0.9972,3.0E-4,0.0025],"evs":[0.0,-0.88153,-3.39016]},"75s":{"weight":1.0,"played":[0.8958,0.1001,0.004],"evs":[0.0,-0.4508,-2.97349]},"76s":{"weight":1.0,"played":[0.37,0.6259,0.0041],"evs":[0.0,0.40115,-0.67414]},"77":{"weight":1.0,"played":[0.0049,0.0098,0.9853],"evs":[0.0,0.54742,2.13542]},"87o":{"weight":1.0,"played":[0.9963,0.0037,1.0E-4],"evs":[0.0,-0.52774,-2.25704]},"97o":{"weight":1.0,"played":[0.9966,0.0034,0.0],"evs":[0.0,-0.81741,-2.87579]},"T7o":{"weight":1.0,"played":[0.9999,1.0E-4,0.0],"evs":[0.0,-0.68605,-3.26135]},"J7o":{"weight":1.0,"played":[0.9999,0.0,1.0E-4],"evs":[0.0,-0.5915,-3.51123]},"Q7o":{"weight":1.0,"played":[0.9992,3.0E-4,5.0E-4],"evs":[0.0,-0.70555,-3.40803]},"K7o":{"weight":1.0,"played":[0.987,0.013,0.0],"evs":[0.0,-0.43666,-2.78354]},"A7o":{"weight":1.0,"played":[0.6451,0.3549,0.0],"evs":[0.0,0.09952,-0.80318]},"82s":{"weight":1.0,"played":[0.9994,2.0E-4,4.0E-4],"evs":[0.0,-0.70673,-3.69716]},"83s":{"weight":1.0,"played":[0.9997,3.0E-4,0.0],"evs":[0.0,-1.09607,-4.61776]},"84s":{"weight":1.0,"played":[0.9989,0.0011,0.0],"evs":[0.0,-0.95563,-3.76471]},"85s":{"weight":1.0,"played":[0.6542,0.3456,3.0E-4],"evs":[0.0,-0.42151,-1.71916]},"86s":{"weight":1.0,"played":[0.8096,0.1892,0.0012],"evs":[0.0,-0.40531,-1.83286]},"87s":{"weight":1.0,"played":[0.6012,0.3385,0.0603],"evs":[0.0,-0.35902,-1.56973]},"88":{"weight":1.0,"played":[0.0091,0.0056,0.9852],"evs":[0.0,2.03126,4.18991]},"98o":{"weight":1.0,"played":[1.0,0.0,0.0],"evs":[0.0,-0.1279,-1.97251]},"T8o":{"weight":1.0,"played":[0.999,0.001,0.0],"evs":[0.0,-0.78647,-2.58482]},"J8o":{"weight":1.0,"played":[0.9996,4.0E-4,0.0],"evs":[0.0,-0.57588,-2.17409]},"Q8o":{"weight":1.0,"played":[0.9991,7.0E-4,2.0E-4],"evs":[0.0,-0.61027,-2.71412]},"K8o":{"weight":1.0,"played":[0.9949,0.0051,0.0],"evs":[0.0,-0.31007,-2.3059]},"A8o":{"weight":1.0,"played":[0.2004,0.7976,0.002],"evs":[0.0,0.31493,-0.92282]},"92s":{"weight":1.0,"played":[0.9856,0.0144,0.0],"evs":[0.0,-0.53156,-3.75509]},"93s":{"weight":1.0,"played":[0.9988,0.0012,0.0],"evs":[0.0,-0.76409,-3.61538]},"94s":{"weight":1.0,"played":[0.9993,7.0E-4,0.0],"evs":[0.0,-0.98358,-3.16977]},"95s":{"weight":1.0,"played":[0.9745,0.0252,3.0E-4],"evs":[0.0,-0.01385,-2.57099]},"96s":{"weight":1.0,"played":[0.8996,0.1001,3.0E-4],"evs":[0.0,-0.48148,-1.88232]},"97s":{"weight":1.0,"played":[0.9128,0.0865,7.0E-4],"evs":[0.0,-0.06251,-1.39779]},"98s":{"weight":1.0,"played":[0.5757,0.3773,0.0469],"evs":[0.0,-0.2833,-0.95806]},"99":{"weight":1.0,"played":[0.0,0.0,1.0],"evs":[0.0,1.29889,4.70045]},"T9o":{"weight":1.0,"played":[0.9901,0.0096,4.0E-4],"evs":[0.0,-0.37885,-1.76898]},"J9o":{"weight":1.0,"played":[0.9901,0.0095,4.0E-4],"evs":[0.0,-0.28767,-1.66043]},"Q9o":{"weight":1.0,"played":[0.9949,0.005,1.0E-4],"evs":[0.0,-0.5339,-2.16462]},"K9o":{"weight":1.0,"played":[0.9923,0.0075,2.0E-4],"evs":[0.0,-0.253,-1.63684]},"A9o":{"weight":1.0,"played":[0.1638,0.7949,0.0413],"evs":[0.0,0.31821,0.04838]},"T2s":{"weight":1.0,"played":[0.9325,0.0673,2.0E-4],"evs":[0.0,-1.00763,-3.74373]},"T3s":{"weight":1.0,"played":[0.9998,1.0E-4,1.0E-4],"evs":[0.0,-0.6304,-3.18767]},"T4s":{"weight":1.0,"played":[0.999,0.001,0.0],"evs":[0.0,-0.91151,-3.68094]},"T5s":{"weight":1.0,"played":[0.7825,0.2175,0.0],"evs":[0.0,-0.53873,-3.70467]},"T6s":{"weight":1.0,"played":[0.8806,0.1135,0.0059],"evs":[0.0,-0.84235,-2.55954]},"T7s":{"weight":1.0,"played":[0.8624,0.1376,0.0],"evs":[0.0,-0.69459,-1.51889]},"T8s":{"weight":1.0,"played":[0.5313,0.4631,0.0056],"evs":[0.0,0.39615,-0.78356]},"T9s":{"weight":1.0,"played":[0.3134,0.681,0.0056],"evs":[0.0,0.63491,0.0624]},"TT":{"weight":1.0,"played":[1.0E-4,0.0017,0.9982],"evs":[0.0,3.01547,6.40082]},"JTo":{"weight":1.0,"played":[0.9995,4.0E-4,1.0E-4],"evs":[0.0,-0.32166,-1.74922]},"QTo":{"weight":1.0,"played":[0.9829,0.0171,0.0],"evs":[0.0,-0.64648,-2.30732]},"KTo":{"weight":1.0,"played":[0.9989,9.0E-4,2.0E-4],"evs":[0.0,-0.36187,-1.89192]},"ATo":{"weight":1.0,"played":[0.0202,0.8714,0.1084],"evs":[0.0,0.35156,0.01665]},"J2s":{"weight":1.0,"played":[0.9862,0.0115,0.0023],"evs":[0.0,-0.70461,-2.97288]},"J3s":{"weight":1.0,"played":[0.9754,0.0244,2.0E-4],"evs":[0.0,-1.49324,-3.44627]},"J4s":{"weight":1.0,"played":[0.9862,0.0138,0.0],"evs":[0.0,-1.17782,-2.86995]},"J5s":{"weight":1.0,"played":[0.4506,0.5473,0.0022],"evs":[0.0,0.19169,-3.41018]},"J6s":{"weight":1.0,"played":[0.9901,0.0091,8.0E-4],"evs":[0.0,-0.74831,-2.42526]},"J7s":{"weight":1.0,"played":[0.9983,0.0015,3.0E-4],"evs":[0.0,-0.93622,-3.85057]},"J8s":{"weight":1.0,"played":[0.5996,0.3704,0.03],"evs":[0.0,-0.26049,-1.64998]},"J9s":{"weight":1.0,"played":[0.0419,0.9513,0.0067],"evs":[0.0,0.37865,0.02963]},"JTs":{"weight":1.0,"played":[0.8414,0.1586,0.0],"evs":[0.0,-0.67318,-1.11744]},"JJ":{"weight":1.0,"played":[0.0,1.0E-4,0.9999],"evs":[0.0,3.72957,7.31817]},"QJo":{"weight":1.0,"played":[0.8211,0.1778,0.0011],"evs":[0.0,0.31226,-0.9468]},"KJo":{"weight":1.0,"played":[0.0434,0.2204,0.7362],"evs":[0.0,0.32291,0.43894]},"AJo":{"weight":1.0,"played":[9.0E-4,0.1745,0.8246],"evs":[0.0,1.19632,1.55595]},"Q2s":{"weight":1.0,"played":[0.9157,0.084,3.0E-4],"evs":[0.0,-0.65289,-3.26265]},"Q3s":{"weight":1.0,"played":[0.7051,0.292,0.003],"evs":[0.0,-0.10116,-2.08386]},"Q4s":{"weight":1.0,"played":[0.9957,0.0043,0.0],"evs":[0.0,-0.82176,-2.93189]},"Q5s":{"weight":1.0,"played":[0.5842,0.4014,0.0144],"evs":[0.0,0.08302,-1.60521]},"Q6s":{"weight":1.0,"played":[0.6852,0.3117,0.0031],"evs":[0.0,0.11633,-2.05132]},"Q7s":{"weight":1.0,"played":[0.8926,0.1069,5.0E-4],"evs":[0.0,-0.11162,-1.57183]},"Q8s":{"weight":1.0,"played":[0.8982,0.1016,2.0E-4],"evs":[0.0,-0.05697,-1.01631]},"Q9s":{"weight":1.0,"played":[0.924,0.0756,4.0E-4],"evs":[0.0,-0.64046,-1.41142]},"QTs":{"weight":1.0,"played":[0.1981,0.7832,0.0187],"evs":[0.0,0.49341,-0.38588]},"QJs":{"weight":1.0,"played":[0.297,0.3564,0.3466],"evs":[0.0,0.62068,0.53725]},"QQ":{"weight":1.0,"played":[0.0,0.0011,0.9989],"evs":[0.0,4.45112,9.74828]},"KQo":{"weight":1.0,"played":[0.0143,0.9307,0.055],"evs":[0.0,0.41476,0.07188]},"AQo":{"weight":1.0,"played":[2.0E-4,0.0016,0.9983],"evs":[0.0,1.29849,3.05005]},"K2s":{"weight":1.0,"played":[0.8271,0.1729,0.0],"evs":[0.0,-0.42357,-2.82711]},"K3s":{"weight":1.0,"played":[0.564,0.4336,0.0024],"evs":[0.0,-0.59396,-3.11394]},"K4s":{"weight":1.0,"played":[0.9893,0.0081,0.0026],"evs":[0.0,-0.53936,-1.89826]},"K5s":{"weight":1.0,"played":[0.8,0.2,0.0],"evs":[0.0,-0.16877,-1.21558]},"K6s":{"weight":1.0,"played":[0.9536,0.0348,0.0116],"evs":[0.0,-0.29936,-1.49624]},"K7s":{"weight":1.0,"played":[0.2417,0.5317,0.2266],"evs":[0.0,0.02699,-0.07028]},"K8s":{"weight":1.0,"played":[0.1396,0.7564,0.104],"evs":[0.0,0.73937,-0.2018]},"K9s":{"weight":1.0,"played":[0.8981,0.1013,6.0E-4],"evs":[0.0,-0.32479,-0.4569]},"KTs":{"weight":1.0,"played":[0.2584,0.3181,0.4235],"evs":[0.0,0.64959,0.64246]},"KJs":{"weight":1.0,"played":[0.1931,0.1021,0.7048],"evs":[0.0,0.73874,1.39636]},"KQs":{"weight":1.0,"played":[8.0E-4,0.0052,0.994],"evs":[0.0,1.23232,1.66617]},"KK":{"weight":1.0,"played":[0.0,0.0,1.0],"evs":[0.0,6.5579,11.64887]},"AKo":{"weight":1.0,"played":[0.0,3.0E-4,0.9997],"evs":[0.0,2.10871,4.27284]},"A2s":{"weight":1.0,"played":[0.3003,0.6931,0.0067],"evs":[0.0,0.04119,-1.7528]},"A3s":{"weight":1.0,"played":[0.3229,0.6705,0.0066],"evs":[0.0,-0.09133,-1.54582]},"A4s":{"weight":1.0,"played":[0.0741,0.8727,0.0532],"evs":[0.0,0.3639,-1.05557]},"A5s":{"weight":1.0,"played":[0.0172,0.4552,0.5277],"evs":[0.0,0.37409,-0.52399]},"A6s":{"weight":1.0,"played":[0.0815,0.9181,3.0E-4],"evs":[0.0,0.7232,-0.21203]},"A7s":{"weight":1.0,"played":[0.2037,0.7402,0.0561],"evs":[0.0,0.79992,-0.76827]},"A8s":{"weight":1.0,"played":[0.0145,0.9762,0.0094],"evs":[0.0,1.05104,-0.02846]},"A9s":{"weight":1.0,"played":[0.0576,0.7169,0.2255],"evs":[0.0,0.78084,0.50791]},"ATs":{"weight":1.0,"played":[0.0033,0.022,0.9747],"evs":[0.0,1.12533,1.90399]},"AJs":{"weight":1.0,"played":[0.0106,0.0283,0.9611],"evs":[0.0,1.59181,3.30892]},"AQs":{"weight":1.0,"played":[1.0E-4,0.0144,0.9856],"evs":[0.0,1.0313,3.06952]},"AKs":{"weight":1.0,"played":[2.0E-4,0.019,0.9808],"evs":[0.0,1.53605,5.67845]},"AA":{"weight":1.0,"played":[0.0,0.0,1.0],"evs":[0.0,8.36149,14.07508]}}}