{"player":1,"street":0,"children":2,"sequence":[{"player":0,"type":"R","amount":200000,"street":0},{"player":1,"type":"C","amount":200000,"street":0},{"player":2,"type":"F","amount":0,"street":0},{"player":3,"type":"C","amount":200000,"street":0},{"player":4,"type":"F","amount":0,"street":0},{"player":5,"type":"R","amount":2335000,"street":0},{"player":0,"type":"C","amount":2135000,"street":0}],"actions":[{"type":"F","amount":0,"node":379},{"type":"C","amount":725000,"node":381}],"hands":{"22":{"weight":0.0,"played":[0.9817,0.0183],"evs":[0.0,-0.95492]},"32o":{"weight":0.0,"played":[0.9999,1.0E-4],"evs":[0.0,-1.90622]},"42o":{"weight":0.0,"played":[1.0,0.0],"evs":[0.0,-1.77205]},"52o":{"weight":0.0,"played":[0.9999,1.0E-4],"evs":[0.0,-1.67076]},"62o":{"weight":0.0,"played":[0.9999,1.0E-4],"evs":[0.0,-1.98987]},"72o":{"weight":0.0,"played":[1.0,0.0],"evs":[0.0,-2.07011]},"82o":{"weight":0.0,"played":[0.9999,1.0E-4],"evs":[0.0,-1.92628]},"92o":{"weight":0.0,"played":[0.9986,0.0014],"evs":[0.0,-2.01239]},"T2o":{"weight":0.0,"played":[1.0,0.0],"evs":[0.0,-1.66565]},"J2o":{"weight":0.0,"played":[0.9992,8.0E-4],"evs":[0.0,-1.76165]},"Q2o":{"weight":0.0,"played":[1.0,0.0],"evs":[0.0,-1.30729]},"K2o":{"weight":0.0,"played":[0.9998,2.0E-4],"evs":[0.0,-1.3348]},"A2o":{"weight":0.0,"played":[0.9998,2.0E-4],"evs":[0.0,-1.47943]},"32s":{"weight":0.0,"played":[0.9758,0.0242],"evs":[0.0,-0.79807]},"33":{"weight":0.0,"played":[0.6946,0.3054],"evs":[0.0,-0.33798]},"43o":{"weight":0.0,"played":[0.9998,2.0E-4],"evs":[0.0,-1.57371]},"53o":{"weight":0.0,"played":[1.0,0.0],"evs":[0.0,-1.23613]},"63o":{"weight":0.0,"played":[1.0,0.0],"evs":[0.0,-1.64267]},"73o":{"weight":0.0,"played":[0.9992,8.0E-4],"evs":[0.0,-1.69252]},"83o":{"weight":0.0,"played":[0.9998,2.0E-4],"evs":[0.0,-1.77917]},"93o":{"weight":0.0,"played":[0.9998,2.0E-4],"evs":[0.0,-1.8428]},"T3o":{"weight":0.0,"played":[0.9985,0.0015],"evs":[0.0,-1.83142]},"J3o":{"weight":0.0,"played":[0.9996,4.0E-4],"evs":[0.0,-1.91822]},"Q3o":{"weight":0.0,"played":[0.9998,2.0E-4],"evs":[0.0,-1.31192]},"K3o":{"weight":0.0,"played":[0.9997,3.0E-4],"evs":[0.0,-1.08605]},"A3o":{"weight":0.0,"played":[0.9983,0.0017],"evs":[0.0,-0.9421]},"42s":{"weight":0.0,"played":[0.9954,0.0046],"evs":[0.0,-0.63276]},"43s":{"weight":0.0,"played":[0.7366,0.2634],"evs":[0.0,-0.61581]},"44":{"weight":0.0,"played":[0.6891,0.3109],"evs":[0.0,-0.19487]},"54o":{"weight":0.0,"played":[0.9982,0.0018],"evs":[0.0,-1.13388]},"64o":{"weight":0.0,"played":[0.9944,0.0056],"evs":[0.0,-1.18]},"74o":{"weight":0.0,"played":[0.9985,0.0015],"evs":[0.0,-1.62752]},"84o":{"weight":0.0,"played":[1.0,0.0],"evs":[0.0,-1.67742]},"94o":{"weight":0.0,"played":[1.0,0.0],"evs":[0.0,-1.73708]},"T4o":{"weight":0.0,"played":[0.9743,0.0257],"evs":[0.0,-1.48194]},"J4o":{"weight":0.0,"played":[0.9981,0.0019],"evs":[0.0,-1.41623]},"Q4o":{"weight":0.0,"played":[0.9999,1.0E-4],"evs":[0.0,-1.49798]},"K4o":{"weight":0.0,"played":[0.9979,0.0021],"evs":[0.0,-1.34749]},"A4o":{"weight":0.0,"played":[0.9982,0.0018],"evs":[0.0,-1.37499]},"52s":{"weight":0.0,"played":[0.9993,7.0E-4],"evs":[0.0,-0.65433]},"53s":{"weight":0.0,"played":[0.9946,0.0054],"evs":[0.0,-0.73771]},"54s":{"weight":0.0,"played":[0.7562,0.2438],"evs":[0.0,-0.25329]},"55":{"weight":0.2862,"played":[0.0066,0.9934],"evs":[0.0,0.09035]},"65o":{"weight":0.0,"played":[0.9995,5.0E-4],"evs":[0.0,-0.9707]},"75o":{"weight":0.0,"played":[0.9984,0.0016],"evs":[0.0,-1.52266]},"85o":{"weight":0.0,"played":[0.9994,6.0E-4],"evs":[0.0,-1.20093]},"95o":{"weight":0.0,"played":[1.0,0.0],"evs":[0.0,-1.2971]},"T5o":{"weight":0.0,"played":[0.9954,0.0046],"evs":[0.0,-1.96245]},"J5o":{"weight":0.0,"played":[0.9992,8.0E-4],"evs":[0.0,-1.79104]},"Q5o":{"weight":0.0,"played":[1.0,0.0],"evs":[0.0,-1.05554]},"K5o":{"weight":0.0,"played":[0.9999,1.0E-4],"evs":[0.0,-1.25358]},"A5o":{"weight":0.0,"played":[0.9428,0.0572],"evs":[0.0,-0.93422]},"62s":{"weight":0.0,"played":[0.9965,0.0035],"evs":[0.0,-1.07449]},"63s":{"weight":0.0,"played":[0.8483,0.1517],"evs":[0.0,-0.76014]},"64s":{"weight":0.0,"played":[0.7434,0.2566],"evs":[0.0,-0.58982]},"65s":{"weight":0.0,"played":[0.4021,0.5979],"evs":[0.0,-0.1344]},"66":{"weight":0.0431,"played":[0.0955,0.9045],"evs":[0.0,0.02224]},"76o":{"weight":0.0,"played":[0.9785,0.0215],"evs":[0.0,-1.10681]},"86o":{"weight":0.0,"played":[0.9222,0.0778],"evs":[0.0,-0.87577]},"96o":{"weight":0.0,"played":[0.9971,0.0029],"evs":[0.0,-1.32032]},"T6o":{"weight":0.0,"played":[0.9997,3.0E-4],"evs":[0.0,-1.37368]},"J6o":{"weight":0.0,"played":[0.9998,2.0E-4],"evs":[0.0,-1.75645]},"Q6o":{"weight":0.0,"played":[1.0,0.0],"evs":[0.0,-0.997]},"K6o":{"weight":0.0,"played":[0.9973,0.0027],"evs":[0.0,-0.65979]},"A6o":{"weight":0.0,"played":[0.9998,2.0E-4],"evs":[0.0,-1.51039]},"72s":{"weight":0.0,"played":[0.9999,1.0E-4],"evs":[0.0,-1.10003]},"73s":{"weight":0.0,"played":[0.9757,0.0243],"evs":[0.0,-0.80362]},"74s":{"weight":0.0,"played":[0.9944,0.0056],"evs":[0.0,-0.70999]},"75s":{"weight":0.0,"played":[0.9823,0.0177],"evs":[0.0,-0.42724]},"76s":{"weight":0.0,"played":[0.8973,0.1027],"evs":[0.0,-0.27373]},"77":{"weight":0.0,"played":[0.0,1.0],"evs":[0.0,0.86026]},"87o":{"weight":0.0,"played":[0.818,0.182],"evs":[0.0,-0.6325]},"97o":{"weight":0.0,"played":[0.9973,0.0027],"evs":[0.0,-0.94187]},"T7o":{"weight":0.0,"played":[0.9965,0.0035],"evs":[0.0,-1.1704]},"J7o":{"weight":0.0,"played":[0.9977,0.0023],"evs":[0.0,-1.24125]},"Q7o":{"weight":0.0,"played":[0.9983,0.0017],"evs":[0.0,-1.03896]},"K7o":{"weight":0.0,"played":[0.9957,0.0043],"evs":[0.0,-0.79311]},"A7o":{"weight":0.0,"played":[0.9913,0.0087],"evs":[0.0,-1.19417]},"82s":{"weight":0.0,"played":[0.9744,0.0256],"evs":[0.0,-0.8648]},"83s":{"weight":0.0,"played":[0.9891,0.0109],"evs":[0.0,-0.87455]},"84s":{"weight":0.0,"played":[0.9999,1.0E-4],"evs":[0.0,-1.05122]},"85s":{"weight":0.0,"played":[0.9722,0.0278],"evs":[0.0,-0.52821]},"86s":{"weight":0.0,"played":[0.8968,0.1032],"evs":[0.0,-0.14912]},"87s":{"weight":0.0,"played":[0.6057,0.3943],"evs":[0.0,-0.17755]},"88":{"weight":0.0,"played":[0.0,1.0],"evs":[0.0,1.06742]},"98o":{"weight":0.0,"played":[0.9633,0.0367],"evs":[0.0,-0.76186]},"T8o":{"weight":0.0,"played":[0.9568,0.0432],"evs":[0.0,-0.72728]},"J8o":{"weight":0.0,"played":[0.9991,9.0E-4],"evs":[0.0,-0.92249]},"Q8o":{"weight":0.0,"played":[0.9897,0.0103],"evs":[0.0,-0.59153]},"K8o":{"weight":0.0,"played":[0.9725,0.0275],"evs":[0.0,-0.64749]},"A8o":{"weight":0.0,"played":[0.9948,0.0052],"evs":[0.0,-0.55471]},"92s":{"weight":0.0,"played":[0.9825,0.0175],"evs":[0.0,-1.22456]},"93s":{"weight":0.0,"played":[0.9921,0.0079],"evs":[0.0,-1.00035]},"94s":{"weight":0.0,"played":[0.7002,0.2998],"evs":[0.0,-0.92157]},"95s":{"weight":0.0,"played":[0.8132,0.1868],"evs":[0.0,-0.91161]},"96s":{"weight":0.0,"played":[0.6982,0.3018],"evs":[0.0,0.20852]},"97s":{"weight":0.0,"played":[0.3567,0.6433],"evs":[0.0,-0.00618]},"98s":{"weight":0.0,"played":[0.661,0.339],"evs":[0.0,-0.07105]},"99":{"weight":0.0,"played":[0.0,1.0],"evs":[0.0,1.98087]},"T9o":{"weight":0.0,"played":[0.591,0.409],"evs":[0.0,-0.43781]},"J9o":{"weight":0.0,"played":[0.9362,0.0638],"evs":[0.0,-0.38083]},"Q9o":{"weight":0.0,"played":[0.7762,0.2238],"evs":[0.0,-0.14311]},"K9o":{"weight":0.0,"played":[0.4809,0.5191],"evs":[0.0,-0.05122]},"A9o":{"weight":0.0,"played":[0.9993,7.0E-4],"evs":[0.0,-0.69671]},"T2s":{"weight":0.0,"played":[0.9238,0.0762],"evs":[0.0,-0.92886]},"T3s":{"weight":0.0,"played":[0.9494,0.0506],"evs":[0.0,-0.6827]},"T4s":{"weight":0.0,"played":[0.7981,0.2019],"evs":[0.0,-0.63143]},"T5s":{"weight":0.0,"played":[0.6975,0.3025],"evs":[0.0,-0.73316]},"T6s":{"weight":0.0,"played":[0.9429,0.0571],"evs":[0.0,-1.09983]},"T7s":{"weight":0.0,"played":[0.7521,0.2479],"evs":[0.0,-0.05313]},"T8s":{"weight":0.0,"played":[0.0071,0.9929],"evs":[0.0,1.09048]},"T9s":{"weight":0.0,"played":[0.0011,0.9989],"evs":[0.0,0.57952]},"TT":{"weight":0.0,"played":[1.0E-4,0.9999],"evs":[0.0,2.80245]},"JTo":{"weight":0.0,"played":[0.8113,0.1887],"evs":[0.0,-0.2417]},"QTo":{"weight":0.0,"played":[0.1443,0.8557],"evs":[0.0,0.14615]},"KTo":{"weight":0.0,"played":[6.0E-4,0.9994],"evs":[0.0,0.11988]},"ATo":{"weight":0.0,"played":[0.6598,0.3402],"evs":[0.0,0.18324]},"J2s":{"weight":0.0,"played":[0.9995,5.0E-4],"evs":[0.0,-0.93496]},"J3s":{"weight":0.0,"played":[0.9953,0.0047],"evs":[0.0,-1.05346]},"J4s":{"weight":0.0,"played":[0.9744,0.0256],"evs":[0.0,-0.19409]},"J5s":{"weight":0.0,"played":[0.8855,0.1145],"evs":[0.0,-0.74958]},"J6s":{"weight":0.0,"played":[0.3522,0.6478],"evs":[0.0,-0.26257]},"J7s":{"weight":0.0,"played":[0.2752,0.7248],"evs":[0.0,0.04721]},"J8s":{"weight":0.0,"played":[0.576,0.424],"evs":[0.0,-0.34235]},"J9s":{"weight":0.0,"played":[0.0832,0.9168],"evs":[0.0,0.24964]},"JTs":{"weight":0.0084,"played":[0.1937,0.8063],"evs":[0.0,0.06347]},"JJ":{"weight":0.0,"played":[0.0,1.0],"evs":[0.0,3.76119]},"QJo":{"weight":0.0,"played":[0.2912,0.7088],"evs":[0.0,0.05996]},"KJo":{"weight":0.0,"played":[0.0815,0.9185],"evs":[0.0,-0.0279]},"AJo":{"weight":0.0,"played":[0.0243,0.9757],"evs":[0.0,0.80115]},"Q2s":{"weight":0.0,"played":[0.9746,0.0254],"evs":[0.0,-0.5182]},"Q3s":{"weight":0.0,"played":[0.8125,0.1875],"evs":[0.0,-0.70668]},"Q4s":{"weight":0.0,"played":[0.9996,4.0E-4],"evs":[0.0,-0.32351]},"Q5s":{"weight":0.0,"played":[0.3704,0.6296],"evs":[0.0,0.20077]},"Q6s":{"weight":0.0,"played":[0.8351,0.1649],"evs":[0.0,-0.13952]},"Q7s":{"weight":0.0,"played":[0.8159,0.1841],"evs":[0.0,-0.55683]},"Q8s":{"weight":0.0,"played":[0.2119,0.7881],"evs":[0.0,0.047]},"Q9s":{"weight":0.0,"played":[1.0E-4,0.9999],"evs":[0.0,0.34385]},"QTs":{"weight":0.0768,"played":[0.3413,0.6587],"evs":[0.0,0.33409]},"QJs":{"weight":1.0,"played":[1.0E-4,0.9999],"evs":[0.0,0.8163]},"QQ":{"weight":0.0,"played":[0.0,1.0],"evs":[0.0,5.70427]},"KQo":{"weight":1.0E-4,"played":[0.0266,0.9734],"evs":[0.0,1.0459]},"AQo":{"weight":0.0,"played":[0.0101,0.9899],"evs":[0.0,1.12332]},"K2s":{"weight":0.0,"played":[0.9588,0.0412],"evs":[0.0,-0.32047]},"K3s":{"weight":0.0,"played":[0.2369,0.7631],"evs":[0.0,-0.27338]},"K4s":{"weight":0.0,"played":[0.9391,0.0609],"evs":[0.0,-0.37158]},"K5s":{"weight":0.0,"played":[0.3561,0.6439],"evs":[0.0,-0.21173]},"K6s":{"weight":0.0,"played":[0.637,0.363],"evs":[0.0,-0.11214]},"K7s":{"weight":0.0,"played":[0.1702,0.8298],"evs":[0.0,-0.20267]},"K8s":{"weight":0.0,"played":[0.3354,0.6646],"evs":[0.0,0.1926]},"K9s":{"weight":0.0,"played":[0.0076,0.9924],"evs":[0.0,0.75646]},"KTs":{"weight":0.9048,"played":[7.0E-4,0.9993],"evs":[0.0,0.99023]},"KJs":{"weight":0.0063,"played":[0.0022,0.9978],"evs":[0.0,1.38012]},"KQs":{"weight":2.0E-4,"played":[0.0012,0.9988],"evs":[0.0,1.9866]},"KK":{"weight":0.0,"played":[0.0,1.0],"evs":[0.0,7.67995]},"AKo":{"weight":0.0,"played":[8.0E-4,0.9992],"evs":[0.0,2.04458]},"A2s":{"weight":0.0,"played":[0.5796,0.4204],"evs":[0.0,-0.26188]},"A3s":{"weight":0.0,"played":[0.7349,0.2651],"evs":[0.0,0.08589]},"A4s":{"weight":0.0,"played":[0.0414,0.9586],"evs":[0.0,0.12342]},"A5s":{"weight":0.0078,"played":[0.9051,0.0949],"evs":[0.0,-0.18262]},"A6s":{"weight":0.0,"played":[0.9254,0.0746],"evs":[0.0,-0.31878]},"A7s":{"weight":0.1751,"played":[0.9961,0.0039],"evs":[0.0,-0.54421]},"A8s":{"weight":0.0015,"played":[0.1691,0.8309],"evs":[0.0,-0.01599]},"A9s":{"weight":0.0,"played":[0.3646,0.6354],"evs":[0.0,0.10919]},"ATs":{"weight":0.0,"played":[0.0015,0.9985],"evs":[0.0,1.17554]},"AJs":{"weight":0.0,"played":[0.0057,0.9943],"evs":[0.0,1.05634]},"AQs":{"weight":0.0,"played":[2.0E-4,0.9998],"evs":[0.0,1.95762]},"AKs":{"weight":0.0,"played":[0.0,1.0],"evs":[0.0,2.98548]},"AA":{"weight":0.0671,"played":[0.0,1.0],"evs":[0.0,10.16037]}}}