{"player":3,"street":0,"children":2,"sequence":[{"player":0,"type":"R","amount":200000,"street":0},{"player":1,"type":"C","amount":200000,"street":0},{"player":2,"type":"F","amount":0,"street":0},{"player":3,"type":"C","amount":200000,"street":0},{"player":4,"type":"F","amount":0,"street":0},{"player":5,"type":"R","amount":2335000,"street":0},{"player":0,"type":"R","amount":3605000,"street":0},{"player":1,"type":"C","amount":725000,"street":0}],"actions":[{"type":"F","amount":0},{"type":"C","amount":3405000}],"hands":{"22":{"weight":0.7116,"played":[0.9306,0.0694],"evs":[0.0,-2.11163]},"32o":{"weight":0.0,"played":[1.0,0.0],"evs":[0.0,-7.56915]},"42o":{"weight":0.0,"played":[0.9999,1.0E-4],"evs":[0.0,-7.94581]},"52o":{"weight":0.0,"played":[0.9998,2.0E-4],"evs":[0.0,-8.87121]},"62o":{"weight":0.0,"played":[1.0,0.0],"evs":[0.0,-10.67444]},"72o":{"weight":0.0,"played":[0.9995,5.0E-4],"evs":[0.0,-11.8522]},"82o":{"weight":0.0,"played":[1.0,0.0],"evs":[0.0,-8.11744]},"92o":{"weight":0.0,"played":[0.9996,4.0E-4],"evs":[0.0,-9.15293]},"T2o":{"weight":0.0,"played":[1.0,0.0],"evs":[0.0,-10.23427]},"J2o":{"weight":0.0,"played":[1.0,0.0],"evs":[0.0,-10.03587]},"Q2o":{"weight":0.0,"played":[1.0,0.0],"evs":[0.0,-9.34581]},"K2o":{"weight":0.0,"played":[1.0,0.0],"evs":[0.0,-7.08781]},"A2o":{"weight":0.0,"played":[0.9999,1.0E-4],"evs":[0.0,-7.08414]},"32s":{"weight":0.0,"played":[0.9992,8.0E-4],"evs":[0.0,-9.74619]},"33":{"weight":0.8524,"played":[0.9946,0.0054],"evs":[0.0,-1.60092]},"43o":{"weight":0.0,"played":[0.9999,1.0E-4],"evs":[0.0,-7.53795]},"53o":{"weight":0.0,"played":[0.9956,0.0044],"evs":[0.0,-5.97385]},"63o":{"weight":0.0,"played":[1.0,0.0],"evs":[0.0,-6.53161]},"73o":{"weight":0.0,"played":[0.9991,9.0E-4],"evs":[0.0,-6.9663]},"83o":{"weight":0.0,"played":[0.9997,3.0E-4],"evs":[0.0,-8.79331]},"93o":{"weight":0.0,"played":[0.9999,1.0E-4],"evs":[0.0,-9.18228]},"T3o":{"weight":0.0,"played":[1.0,0.0],"evs":[0.0,-9.89436]},"J3o":{"weight":0.0,"played":[0.999,0.001],"evs":[0.0,-9.40329]},"Q3o":{"weight":0.0,"played":[0.9998,2.0E-4],"evs":[0.0,-9.75964]},"K3o":{"weight":0.0,"played":[0.9999,1.0E-4],"evs":[0.0,-10.75883]},"A3o":{"weight":0.0,"played":[0.9783,0.0217],"evs":[0.0,-6.24464]},"42s":{"weight":0.0,"played":[0.9728,0.0272],"evs":[0.0,-5.69875]},"43s":{"weight":0.0,"played":[0.9923,0.0077],"evs":[0.0,-6.55387]},"44":{"weight":0.9029,"played":[0.9817,0.0183],"evs":[0.0,-3.00318]},"54o":{"weight":0.0,"played":[1.0,0.0],"evs":[0.0,-5.60538]},"64o":{"weight":0.0,"played":[0.9988,0.0012],"evs":[0.0,-6.9049]},"74o":{"weight":0.0,"played":[0.999,0.001],"evs":[0.0,-8.37866]},"84o":{"weight":0.0,"played":[1.0,0.0],"evs":[0.0,-7.93487]},"94o":{"weight":0.0,"played":[1.0,0.0],"evs":[0.0,-8.09512]},"T4o":{"weight":0.0,"played":[0.9963,0.0037],"evs":[0.0,-10.93283]},"J4o":{"weight":0.0,"played":[0.9997,3.0E-4],"evs":[0.0,-9.5702]},"Q4o":{"weight":0.0,"played":[0.9999,1.0E-4],"evs":[0.0,-9.38953]},"K4o":{"weight":0.0,"played":[0.9999,1.0E-4],"evs":[0.0,-8.30583]},"A4o":{"weight":0.0,"played":[0.9837,0.0163],"evs":[0.0,-5.46433]},"52s":{"weight":0.0,"played":[0.999,0.001],"evs":[0.0,-8.28255]},"53s":{"weight":0.0,"played":[0.9981,0.0019],"evs":[0.0,-4.88391]},"54s":{"weight":2.0E-4,"played":[0.9874,0.0126],"evs":[0.0,-6.2314]},"55":{"weight":0.9671,"played":[0.9781,0.0219],"evs":[0.0,-0.25166]},"65o":{"weight":0.0,"played":[0.9998,2.0E-4],"evs":[0.0,-7.17924]},"75o":{"weight":0.0,"played":[0.9999,1.0E-4],"evs":[0.0,-6.14522]},"85o":{"weight":0.0,"played":[0.9998,2.0E-4],"evs":[0.0,-5.91334]},"95o":{"weight":0.0,"played":[0.9998,2.0E-4],"evs":[0.0,-7.72824]},"T5o":{"weight":0.0,"played":[0.9997,3.0E-4],"evs":[0.0,-9.41206]},"J5o":{"weight":0.0,"played":[1.0,0.0],"evs":[0.0,-9.6647]},"Q5o":{"weight":0.0,"played":[1.0,0.0],"evs":[0.0,-7.70545]},"K5o":{"weight":0.0,"played":[0.9995,5.0E-4],"evs":[0.0,-9.56964]},"A5o":{"weight":0.0,"played":[0.9645,0.0355],"evs":[0.0,-6.22642]},"62s":{"weight":0.0,"played":[0.9993,7.0E-4],"evs":[0.0,-7.48539]},"63s":{"weight":0.0,"played":[0.9942,0.0058],"evs":[0.0,-2.70906]},"64s":{"weight":0.0,"played":[0.9984,0.0016],"evs":[0.0,-7.84982]},"65s":{"weight":0.0606,"played":[0.9998,2.0E-4],"evs":[0.0,-1.52846]},"66":{"weight":0.7686,"played":[0.6002,0.3998],"evs":[0.0,1.73763]},"76o":{"weight":0.0,"played":[0.9963,0.0037],"evs":[0.0,-5.86081]},"86o":{"weight":0.0,"played":[0.9991,9.0E-4],"evs":[0.0,-5.49773]},"96o":{"weight":0.0,"played":[0.9995,5.0E-4],"evs":[0.0,-6.73625]},"T6o":{"weight":0.0,"played":[0.9998,2.0E-4],"evs":[0.0,-7.18206]},"J6o":{"weight":0.0,"played":[0.9996,4.0E-4],"evs":[0.0,-8.59415]},"Q6o":{"weight":0.0,"played":[0.9989,0.0011],"evs":[0.0,-9.72527]},"K6o":{"weight":0.0,"played":[0.9998,2.0E-4],"evs":[0.0,-8.51835]},"A6o":{"weight":0.0,"played":[0.9921,0.0079],"evs":[0.0,-5.73521]},"72s":{"weight":0.0,"played":[0.9961,0.0039],"evs":[0.0,-10.14739]},"73s":{"weight":0.0,"played":[0.9998,2.0E-4],"evs":[0.0,-4.31168]},"74s":{"weight":0.0,"played":[0.9948,0.0052],"evs":[0.0,-3.57144]},"75s":{"weight":0.0,"played":[0.8409,0.1591],"evs":[0.0,-2.83887]},"76s":{"weight":2.0E-4,"played":[0.9558,0.0442],"evs":[0.0,-3.96716]},"77":{"weight":0.3225,"played":[0.6167,0.3833],"evs":[0.0,0.04177]},"87o":{"weight":0.0,"played":[0.9946,0.0054],"evs":[0.0,-5.73447]},"97o":{"weight":0.0,"played":[0.9959,0.0041],"evs":[0.0,-6.1166]},"T7o":{"weight":0.0,"played":[0.9995,5.0E-4],"evs":[0.0,-8.43361]},"J7o":{"weight":0.0,"played":[0.9997,3.0E-4],"evs":[0.0,-8.82592]},"Q7o":{"weight":0.0,"played":[0.9998,2.0E-4],"evs":[0.0,-7.08627]},"K7o":{"weight":0.0,"played":[0.9982,0.0018],"evs":[0.0,-7.23396]},"A7o":{"weight":0.0,"played":[0.9974,0.0026],"evs":[0.0,-5.97222]},"82s":{"weight":0.0,"played":[0.9563,0.0437],"evs":[0.0,-5.26745]},"83s":{"weight":0.0,"played":[0.9921,0.0079],"evs":[0.0,-6.59653]},"84s":{"weight":0.0,"played":[0.999,0.001],"evs":[0.0,-4.49132]},"85s":{"weight":0.0,"played":[0.9534,0.0466],"evs":[0.0,-6.12909]},"86s":{"weight":0.0,"played":[0.9995,5.0E-4],"evs":[0.0,-5.86049]},"87s":{"weight":0.0,"played":[0.9952,0.0048],"evs":[0.0,-1.33523]},"88":{"weight":0.6124,"played":[0.2634,0.7366],"evs":[0.0,2.48851]},"98o":{"weight":0.0,"played":[0.9962,0.0038],"evs":[0.0,-5.05809]},"T8o":{"weight":0.0,"played":[0.9999,1.0E-4],"evs":[0.0,-6.78972]},"J8o":{"weight":0.0,"played":[0.9966,0.0034],"evs":[0.0,-4.12939]},"Q8o":{"weight":0.0,"played":[0.9986,0.0014],"evs":[0.0,-7.17392]},"K8o":{"weight":0.0,"played":[0.9991,9.0E-4],"evs":[0.0,-6.5532]},"A8o":{"weight":5.0E-4,"played":[0.9665,0.0335],"evs":[0.0,-4.56256]},"92s":{"weight":0.0,"played":[0.9955,0.0045],"evs":[0.0,-11.05793]},"93s":{"weight":0.0,"played":[0.9999,1.0E-4],"evs":[0.0,-8.86677]},"94s":{"weight":0.0,"played":[0.9959,0.0041],"evs":[0.0,-3.42912]},"95s":{"weight":0.0,"played":[0.9992,8.0E-4],"evs":[0.0,-5.59759]},"96s":{"weight":0.0,"played":[0.9991,9.0E-4],"evs":[0.0,-3.96904]},"97s":{"weight":0.0,"played":[0.7157,0.2843],"evs":[0.0,-0.3702]},"98s":{"weight":1.0E-4,"played":[0.9028,0.0972],"evs":[0.0,-4.58327]},"99":{"weight":0.0043,"played":[7.0E-4,0.9993],"evs":[0.0,6.52776]},"T9o":{"weight":0.0,"played":[0.9998,2.0E-4],"evs":[0.0,-2.67225]},"J9o":{"weight":0.0,"played":[1.0,0.0],"evs":[0.0,-3.95847]},"Q9o":{"weight":0.0,"played":[0.9993,7.0E-4],"evs":[0.0,-3.62163]},"K9o":{"weight":0.0,"played":[1.0,0.0],"evs":[0.0,-5.42211]},"A9o":{"weight":0.4091,"played":[0.998,0.002],"evs":[0.0,-3.37988]},"T2s":{"weight":0.0,"played":[0.9927,0.0073],"evs":[0.0,-6.49501]},"T3s":{"weight":0.0,"played":[0.9964,0.0036],"evs":[0.0,-9.68603]},"T4s":{"weight":0.0,"played":[0.9999,1.0E-4],"evs":[0.0,-7.02181]},"T5s":{"weight":0.0,"played":[0.9989,0.0011],"evs":[0.0,-5.85704]},"T6s":{"weight":0.0,"played":[0.9977,0.0023],"evs":[0.0,-6.6784]},"T7s":{"weight":0.0,"played":[0.9867,0.0133],"evs":[0.0,-3.50372]},"T8s":{"weight":0.0,"played":[0.9904,0.0096],"evs":[0.0,-2.69286]},"T9s":{"weight":1.0E-4,"played":[0.9947,0.0053],"evs":[0.0,-3.16255]},"TT":{"weight":0.0276,"played":[0.0046,0.9954],"evs":[0.0,7.46858]},"JTo":{"weight":0.0,"played":[0.9965,0.0035],"evs":[0.0,-5.88584]},"QTo":{"weight":0.0,"played":[0.9892,0.0108],"evs":[0.0,-4.5167]},"KTo":{"weight":0.0,"played":[0.995,0.005],"evs":[0.0,-3.17834]},"ATo":{"weight":0.1124,"played":[0.9564,0.0436],"evs":[0.0,-5.88147]},"J2s":{"weight":0.0,"played":[0.9964,0.0036],"evs":[0.0,-10.55123]},"J3s":{"weight":0.0,"played":[0.9988,0.0012],"evs":[0.0,-5.67527]},"J4s":{"weight":0.0,"played":[0.9854,0.0146],"evs":[0.0,-6.68691]},"J5s":{"weight":0.0,"played":[0.9984,0.0016],"evs":[0.0,-6.98844]},"J6s":{"weight":0.0,"played":[0.9765,0.0235],"evs":[0.0,-3.94122]},"J7s":{"weight":0.0,"played":[0.9826,0.0174],"evs":[0.0,-5.66402]},"J8s":{"weight":0.0,"played":[0.9643,0.0357],"evs":[0.0,-4.43642]},"J9s":{"weight":0.0209,"played":[0.8084,0.1916],"evs":[0.0,-2.75035]},"JTs":{"weight":0.0424,"played":[0.9965,0.0035],"evs":[0.0,-4.22448]},"JJ":{"weight":0.0013,"played":[0.0095,0.9905],"evs":[0.0,11.66288]},"QJo":{"weight":6.0E-4,"played":[0.9989,0.0011],"evs":[0.0,-5.6395]},"KJo":{"weight":0.108,"played":[0.9996,4.0E-4],"evs":[0.0,-4.97003]},"AJo":{"weight":0.5194,"played":[0.9157,0.0843],"evs":[0.0,-5.37893]},"Q2s":{"weight":0.0,"played":[0.9795,0.0205],"evs":[0.0,-8.00594]},"Q3s":{"weight":0.0,"played":[0.9998,2.0E-4],"evs":[0.0,-6.34404]},"Q4s":{"weight":0.0,"played":[0.9705,0.0295],"evs":[0.0,-5.49232]},"Q5s":{"weight":0.0,"played":[0.9871,0.0129],"evs":[0.0,-3.43023]},"Q6s":{"weight":0.0,"played":[1.0,0.0],"evs":[0.0,-7.01604]},"Q7s":{"weight":0.0,"played":[0.9799,0.0201],"evs":[0.0,-2.78708]},"Q8s":{"weight":0.0,"played":[0.9496,0.0504],"evs":[0.0,-1.46485]},"Q9s":{"weight":0.0011,"played":[0.9948,0.0052],"evs":[0.0,-4.68679]},"QTs":{"weight":0.0398,"played":[0.906,0.094],"evs":[0.0,-4.26908]},"QJs":{"weight":0.9791,"played":[0.949,0.051],"evs":[0.0,-2.69095]},"QQ":{"weight":0.001,"played":[1.0E-4,0.9999],"evs":[0.0,12.56973]},"KQo":{"weight":0.1013,"played":[0.9964,0.0036],"evs":[0.0,-6.80209]},"AQo":{"weight":0.0326,"played":[0.0081,0.9919],"evs":[0.0,1.97496]},"K2s":{"weight":0.0,"played":[0.9851,0.0149],"evs":[0.0,-6.94845]},"K3s":{"weight":0.0,"played":[0.9867,0.0133],"evs":[0.0,-6.11023]},"K4s":{"weight":0.0,"played":[0.9982,0.0018],"evs":[0.0,-3.41653]},"K5s":{"weight":0.0,"played":[0.9754,0.0246],"evs":[0.0,-7.28741]},"K6s":{"weight":9.0E-4,"played":[0.9997,3.0E-4],"evs":[0.0,-5.32524]},"K7s":{"weight":0.0,"played":[0.7924,0.2076],"evs":[0.0,-1.86406]},"K8s":{"weight":0.4677,"played":[1.0,0.0],"evs":[0.0,-3.29459]},"K9s":{"weight":0.0171,"played":[0.0714,0.9286],"evs":[0.0,0.05054]},"KTs":{"weight":0.7786,"played":[0.8932,0.1068],"evs":[0.0,-3.91404]},"KJs":{"weight":0.1078,"played":[0.2711,0.7289],"evs":[0.0,0.03827]},"KQs":{"weight":0.0203,"played":[0.3409,0.6591],"evs":[0.0,0.95504]},"KK":{"weight":0.0016,"played":[0.0,1.0],"evs":[0.0,20.24581]},"AKo":{"weight":5.0E-4,"played":[3.0E-4,0.9997],"evs":[0.0,5.68777]},"A2s":{"weight":0.6355,"played":[0.9781,0.0219],"evs":[0.0,-4.06307]},"A3s":{"weight":0.2372,"played":[0.9929,0.0071],"evs":[0.0,-4.97334]},"A4s":{"weight":0.7113,"played":[0.9975,0.0025],"evs":[0.0,-5.84555]},"A5s":{"weight":0.8462,"played":[0.9859,0.0141],"evs":[0.0,-5.35799]},"A6s":{"weight":0.9404,"played":[0.9136,0.0864],"evs":[0.0,-3.00044]},"A7s":{"weight":0.6066,"played":[0.9621,0.0379],"evs":[0.0,-3.88508]},"A8s":{"weight":0.3293,"played":[0.7732,0.2268],"evs":[0.0,-1.76595]},"A9s":{"weight":0.8898,"played":[0.4978,0.5022],"evs":[0.0,-3.93838]},"ATs":{"weight":0.3486,"played":[0.4714,0.5286],"evs":[0.0,-4.47517]},"AJs":{"weight":0.6357,"played":[0.0849,0.9151],"evs":[0.0,-0.75352]},"AQs":{"weight":0.0195,"played":[0.0835,0.9165],"evs":[0.0,1.67423]},"AKs":{"weight":9.0E-4,"played":[0.0094,0.9906],"evs":[0.0,7.29894]},"AA":{"weight":0.033,"played":[0.0,1.0],"evs":[0.0,30.17745]}}}