{"player":1,"street":0,"children":2,"sequence":[{"player":0,"type":"R","amount":200000,"street":0},{"player":1,"type":"C","amount":200000,"street":0},{"player":2,"type":"F","amount":0,"street":0},{"player":3,"type":"C","amount":200000,"street":0},{"player":4,"type":"R","amount":1345000,"street":0},{"player":5,"type":"F","amount":0,"street":0},{"player":0,"type":"C","amount":1145000,"street":0}],"actions":[{"type":"F","amount":0,"node":392},{"type":"C","amount":725000,"node":394}],"hands":{"22":{"weight":0.0,"played":[0.0992,0.9008],"evs":[0.0,0.45869]},"32o":{"weight":0.0,"played":[1.0,0.0],"evs":[0.0,-1.4574]},"42o":{"weight":0.0,"played":[1.0,0.0],"evs":[0.0,-1.16342]},"52o":{"weight":0.0,"played":[0.9999,1.0E-4],"evs":[0.0,-1.13126]},"62o":{"weight":0.0,"played":[0.9997,3.0E-4],"evs":[0.0,-1.40781]},"72o":{"weight":0.0,"played":[1.0,0.0],"evs":[0.0,-1.61926]},"82o":{"weight":0.0,"played":[0.9998,2.0E-4],"evs":[0.0,-1.34349]},"92o":{"weight":0.0,"played":[0.9997,3.0E-4],"evs":[0.0,-1.26908]},"T2o":{"weight":0.0,"played":[0.9995,5.0E-4],"evs":[0.0,-1.17667]},"J2o":{"weight":0.0,"played":[1.0,0.0],"evs":[0.0,-1.51689]},"Q2o":{"weight":0.0,"played":[1.0,0.0],"evs":[0.0,-0.93544]},"K2o":{"weight":0.0,"played":[0.9999,1.0E-4],"evs":[0.0,-0.96145]},"A2o":{"weight":0.0,"played":[0.9998,2.0E-4],"evs":[0.0,-0.97667]},"32s":{"weight":0.0,"played":[0.9918,0.0082],"evs":[0.0,-0.42609]},"33":{"weight":0.0,"played":[0.0326,0.9674],"evs":[0.0,0.50501]},"43o":{"weight":0.0,"played":[0.9994,6.0E-4],"evs":[0.0,-0.6837]},"53o":{"weight":0.0,"played":[1.0,0.0],"evs":[0.0,-0.69001]},"63o":{"weight":0.0,"played":[0.9998,2.0E-4],"evs":[0.0,-1.10458]},"73o":{"weight":0.0,"played":[0.9996,4.0E-4],"evs":[0.0,-1.00594]},"83o":{"weight":0.0,"played":[1.0,0.0],"evs":[0.0,-1.5121]},"93o":{"weight":0.0,"played":[1.0,0.0],"evs":[0.0,-1.1199]},"T3o":{"weight":0.0,"played":[0.9987,0.0013],"evs":[0.0,-0.95211]},"J3o":{"weight":0.0,"played":[1.0,0.0],"evs":[0.0,-1.22318]},"Q3o":{"weight":0.0,"played":[0.9996,4.0E-4],"evs":[0.0,-0.95095]},"K3o":{"weight":0.0,"played":[0.9998,2.0E-4],"evs":[0.0,-0.85557]},"A3o":{"weight":0.0,"played":[0.9995,5.0E-4],"evs":[0.0,-0.75672]},"42s":{"weight":0.0,"played":[0.9953,0.0047],"evs":[0.0,-0.24673]},"43s":{"weight":0.0,"played":[0.3856,0.6144],"evs":[0.0,-0.04669]},"44":{"weight":0.0,"played":[0.0255,0.9745],"evs":[0.0,0.67669]},"54o":{"weight":0.0,"played":[1.0,0.0],"evs":[0.0,-0.4613]},"64o":{"weight":0.0,"played":[0.9973,0.0027],"evs":[0.0,-0.4956]},"74o":{"weight":0.0,"played":[0.9998,2.0E-4],"evs":[0.0,-1.02682]},"84o":{"weight":0.0,"played":[0.9995,5.0E-4],"evs":[0.0,-1.13342]},"94o":{"weight":0.0,"played":[0.9999,1.0E-4],"evs":[0.0,-1.3632]},"T4o":{"weight":0.0,"played":[1.0,0.0],"evs":[0.0,-0.99244]},"J4o":{"weight":0.0,"played":[0.9996,4.0E-4],"evs":[0.0,-1.15229]},"Q4o":{"weight":0.0,"played":[0.9999,1.0E-4],"evs":[0.0,-0.80956]},"K4o":{"weight":0.0,"played":[0.9996,4.0E-4],"evs":[0.0,-0.80101]},"A4o":{"weight":0.0,"played":[0.9999,1.0E-4],"evs":[0.0,-0.7364]},"52s":{"weight":0.0,"played":[0.999,0.001],"evs":[0.0,-0.36381]},"53s":{"weight":0.0,"played":[0.3787,0.6213],"evs":[0.0,0.34318]},"54s":{"weight":0.0,"played":[0.0972,0.9028],"evs":[0.0,0.36452]},"55":{"weight":0.2862,"played":[0.036,0.964],"evs":[0.0,1.08978]},"65o":{"weight":0.0,"played":[0.9751,0.0249],"evs":[0.0,-0.16385]},"75o":{"weight":0.0,"played":[0.9999,1.0E-4],"evs":[0.0,-0.29955]},"85o":{"weight":0.0,"played":[0.9998,2.0E-4],"evs":[0.0,-0.50637]},"95o":{"weight":0.0,"played":[1.0,0.0],"evs":[0.0,-0.84067]},"T5o":{"weight":0.0,"played":[0.9997,3.0E-4],"evs":[0.0,-0.94252]},"J5o":{"weight":0.0,"played":[0.9993,7.0E-4],"evs":[0.0,-0.82409]},"Q5o":{"weight":0.0,"played":[0.9994,6.0E-4],"evs":[0.0,-0.79912]},"K5o":{"weight":0.0,"played":[0.9998,2.0E-4],"evs":[0.0,-0.55394]},"A5o":{"weight":0.0,"played":[0.9997,3.0E-4],"evs":[0.0,-0.15158]},"62s":{"weight":0.0,"played":[0.9929,0.0071],"evs":[0.0,-0.32107]},"63s":{"weight":0.0,"played":[0.4783,0.5217],"evs":[0.0,0.22052]},"64s":{"weight":0.0,"played":[0.4047,0.5953],"evs":[0.0,0.12408]},"65s":{"weight":0.0,"played":[0.0588,0.9412],"evs":[0.0,1.10554]},"66":{"weight":0.0431,"played":[0.0,1.0],"evs":[0.0,1.48851]},"76o":{"weight":0.0,"played":[0.9843,0.0157],"evs":[0.0,-0.06911]},"86o":{"weight":0.0,"played":[0.9697,0.0303],"evs":[0.0,-0.30232]},"96o":{"weight":0.0,"played":[0.9953,0.0047],"evs":[0.0,-0.40035]},"T6o":{"weight":0.0,"played":[0.9998,2.0E-4],"evs":[0.0,-0.65386]},"J6o":{"weight":0.0,"played":[0.9999,1.0E-4],"evs":[0.0,-0.79361]},"Q6o":{"weight":0.0,"played":[0.9999,1.0E-4],"evs":[0.0,-0.55599]},"K6o":{"weight":0.0,"played":[0.9997,3.0E-4],"evs":[0.0,-0.64535]},"A6o":{"weight":0.0,"played":[0.9997,3.0E-4],"evs":[0.0,-0.8101]},"72s":{"weight":0.0,"played":[1.0,0.0],"evs":[0.0,-0.53801]},"73s":{"weight":0.0,"played":[0.9972,0.0028],"evs":[0.0,-0.0805]},"74s":{"weight":0.0,"played":[0.9578,0.0422],"evs":[0.0,-0.14978]},"75s":{"weight":0.0,"played":[0.1351,0.8649],"evs":[0.0,0.76767]},"76s":{"weight":0.0,"played":[0.0168,0.9832],"evs":[0.0,1.09254]},"77":{"weight":0.0,"played":[0.0,1.0],"evs":[0.0,2.05128]},"87o":{"weight":0.0,"played":[0.4063,0.5937],"evs":[0.0,-0.05464]},"97o":{"weight":0.0,"played":[0.495,0.505],"evs":[0.0,-0.01116]},"T7o":{"weight":0.0,"played":[0.9792,0.0208],"evs":[0.0,-0.36844]},"J7o":{"weight":0.0,"played":[0.9984,0.0016],"evs":[0.0,-0.69115]},"Q7o":{"weight":0.0,"played":[0.9952,0.0048],"evs":[0.0,-0.71115]},"K7o":{"weight":0.0,"played":[0.992,0.008],"evs":[0.0,-0.356]},"A7o":{"weight":0.0,"played":[0.9999,1.0E-4],"evs":[0.0,-0.30747]},"82s":{"weight":0.0,"played":[0.992,0.008],"evs":[0.0,-0.4887]},"83s":{"weight":0.0,"played":[1.0,0.0],"evs":[0.0,-0.85966]},"84s":{"weight":0.0,"played":[0.3894,0.6106],"evs":[0.0,0.01445]},"85s":{"weight":0.0,"played":[0.0239,0.9761],"evs":[0.0,0.56409]},"86s":{"weight":0.0,"played":[0.0421,0.9579],"evs":[0.0,0.44119]},"87s":{"weight":0.0,"played":[0.1809,0.8191],"evs":[0.0,0.93734]},"88":{"weight":0.0,"played":[0.0,1.0],"evs":[0.0,2.34975]},"98o":{"weight":0.0,"played":[0.1761,0.8239],"evs":[0.0,0.15094]},"T8o":{"weight":0.0,"played":[0.7878,0.2122],"evs":[0.0,-0.24542]},"J8o":{"weight":0.0,"played":[0.9965,0.0035],"evs":[0.0,-0.4316]},"Q8o":{"weight":0.0,"played":[0.9612,0.0388],"evs":[0.0,-0.35706]},"K8o":{"weight":0.0,"played":[0.9959,0.0041],"evs":[0.0,-0.50125]},"A8o":{"weight":0.0,"played":[0.8061,0.1939],"evs":[0.0,-0.06186]},"92s":{"weight":0.0,"played":[0.9862,0.0138],"evs":[0.0,-0.32289]},"93s":{"weight":0.0,"played":[0.9876,0.0124],"evs":[0.0,-0.28745]},"94s":{"weight":0.0,"played":[0.9894,0.0106],"evs":[0.0,-0.35444]},"95s":{"weight":0.0,"played":[0.9051,0.0949],"evs":[0.0,-0.18354]},"96s":{"weight":0.0,"played":[0.2286,0.7714],"evs":[0.0,0.44372]},"97s":{"weight":0.0,"played":[0.0107,0.9893],"evs":[0.0,0.99883]},"98s":{"weight":0.0,"played":[0.0069,0.9931],"evs":[0.0,0.76891]},"99":{"weight":0.0,"played":[0.0,1.0],"evs":[0.0,3.07924]},"T9o":{"weight":0.0,"played":[0.0045,0.9955],"evs":[0.0,0.47501]},"J9o":{"weight":0.0,"played":[0.4032,0.5968],"evs":[0.0,0.03851]},"Q9o":{"weight":0.0,"played":[0.0281,0.9719],"evs":[0.0,0.06771]},"K9o":{"weight":0.0,"played":[0.8141,0.1859],"evs":[0.0,-0.20541]},"A9o":{"weight":0.0,"played":[0.2792,0.7208],"evs":[0.0,0.11579]},"T2s":{"weight":0.0,"played":[0.8947,0.1053],"evs":[0.0,-0.33133]},"T3s":{"weight":0.0,"played":[0.8242,0.1758],"evs":[0.0,-0.20305]},"T4s":{"weight":0.0,"played":[0.623,0.377],"evs":[0.0,-0.05883]},"T5s":{"weight":0.0,"played":[0.9919,0.0081],"evs":[0.0,-0.19826]},"T6s":{"weight":0.0,"played":[0.4336,0.5664],"evs":[0.0,0.11805]},"T7s":{"weight":0.0,"played":[0.0195,0.9805],"evs":[0.0,0.63491]},"T8s":{"weight":0.0,"played":[0.0018,0.9982],"evs":[0.0,0.74607]},"T9s":{"weight":0.0,"played":[0.0,1.0],"evs":[0.0,1.14144]},"TT":{"weight":0.0,"played":[0.0,1.0],"evs":[0.0,3.84129]},"JTo":{"weight":0.0,"played":[0.0032,0.9968],"evs":[0.0,0.13597]},"QTo":{"weight":0.0,"played":[1.0E-4,0.9999],"evs":[0.0,0.70103]},"KTo":{"weight":0.0,"played":[0.0023,0.9977],"evs":[0.0,0.58877]},"ATo":{"weight":0.0,"played":[0.0026,0.9974],"evs":[0.0,0.92289]},"J2s":{"weight":0.0,"played":[0.9843,0.0157],"evs":[0.0,-0.42147]},"J3s":{"weight":0.0,"played":[0.9178,0.0822],"evs":[0.0,-0.25116]},"J4s":{"weight":0.0,"played":[0.2674,0.7326],"evs":[0.0,0.02396]},"J5s":{"weight":0.0,"played":[0.83,0.17],"evs":[0.0,-0.23098]},"J6s":{"weight":0.0,"played":[0.9909,0.0091],"evs":[0.0,-0.3118]},"J7s":{"weight":0.0,"played":[0.15,0.85],"evs":[0.0,0.02012]},"J8s":{"weight":0.0,"played":[0.0024,0.9976],"evs":[0.0,0.64543]},"J9s":{"weight":0.0,"played":[0.0127,0.9873],"evs":[0.0,0.09771]},"JTs":{"weight":0.0084,"played":[6.0E-4,0.9994],"evs":[0.0,1.15073]},"JJ":{"weight":0.0,"played":[0.0,1.0],"evs":[0.0,4.94761]},"QJo":{"weight":0.0,"played":[0.004,0.996],"evs":[0.0,0.61766]},"KJo":{"weight":0.0,"played":[0.0,1.0],"evs":[0.0,0.49276]},"AJo":{"weight":0.0,"played":[0.0,1.0],"evs":[0.0,1.48088]},"Q2s":{"weight":0.0,"played":[0.9379,0.0621],"evs":[0.0,-0.60407]},"Q3s":{"weight":0.0,"played":[0.0624,0.9376],"evs":[0.0,0.00266]},"Q4s":{"weight":0.0,"played":[0.7658,0.2342],"evs":[0.0,-0.22932]},"Q5s":{"weight":0.0,"played":[0.1229,0.8771],"evs":[0.0,0.26968]},"Q6s":{"weight":0.0,"played":[0.0534,0.9466],"evs":[0.0,-0.00597]},"Q7s":{"weight":0.0,"played":[0.0028,0.9972],"evs":[0.0,0.438]},"Q8s":{"weight":0.0,"played":[0.0035,0.9965],"evs":[0.0,0.50824]},"Q9s":{"weight":0.0,"played":[0.0013,0.9987],"evs":[0.0,1.16063]},"QTs":{"weight":0.0768,"played":[1.0E-4,0.9999],"evs":[0.0,0.99149]},"QJs":{"weight":1.0,"played":[0.0,1.0],"evs":[0.0,1.34314]},"QQ":{"weight":0.0,"played":[0.0,1.0],"evs":[0.0,6.42044]},"KQo":{"weight":1.0E-4,"played":[2.0E-4,0.9998],"evs":[0.0,1.34663]},"AQo":{"weight":0.0,"played":[0.0,1.0],"evs":[0.0,2.49265]},"K2s":{"weight":0.0,"played":[0.4552,0.5448],"evs":[0.0,-0.15588]},"K3s":{"weight":0.0,"played":[0.4235,0.5765],"evs":[0.0,0.14244]},"K4s":{"weight":0.0,"played":[0.3091,0.6909],"evs":[0.0,0.22288]},"K5s":{"weight":0.0,"played":[0.1326,0.8674],"evs":[0.0,0.3305]},"K6s":{"weight":0.0,"played":[0.1392,0.8608],"evs":[0.0,0.60348]},"K7s":{"weight":0.0,"played":[0.0021,0.9979],"evs":[0.0,0.56478]},"K8s":{"weight":0.0,"played":[2.0E-4,0.9998],"evs":[0.0,0.67621]},"K9s":{"weight":0.0,"played":[7.0E-4,0.9993],"evs":[0.0,0.83373]},"KTs":{"weight":0.9048,"played":[0.0,1.0],"evs":[0.0,1.37004]},"KJs":{"weight":0.0063,"played":[0.0,1.0],"evs":[0.0,1.07356]},"KQs":{"weight":2.0E-4,"played":[0.0,1.0],"evs":[0.0,2.25677]},"KK":{"weight":0.0,"played":[0.0,1.0],"evs":[0.0,8.36333]},"AKo":{"weight":0.0,"played":[0.0,1.0],"evs":[0.0,3.38981]},"A2s":{"weight":0.0,"played":[0.5574,0.4426],"evs":[0.0,0.0525]},"A3s":{"weight":0.0,"played":[0.8113,0.1887],"evs":[0.0,0.00933]},"A4s":{"weight":0.0,"played":[0.0961,0.9039],"evs":[0.0,0.45365]},"A5s":{"weight":0.0078,"played":[0.0493,0.9507],"evs":[0.0,0.8097]},"A6s":{"weight":0.0,"played":[0.1569,0.8431],"evs":[0.0,-0.02904]},"A7s":{"weight":0.1751,"played":[0.0528,0.9472],"evs":[0.0,0.63856]},"A8s":{"weight":0.0015,"played":[8.0E-4,0.9992],"evs":[0.0,0.32914]},"A9s":{"weight":0.0,"played":[0.0608,0.9392],"evs":[0.0,0.94527]},"ATs":{"weight":0.0,"played":[2.0E-4,0.9998],"evs":[0.0,1.66555]},"AJs":{"weight":0.0,"played":[0.0,1.0],"evs":[0.0,2.63563]},"AQs":{"weight":0.0,"played":[0.0,1.0],"evs":[0.0,3.30225]},"AKs":{"weight":0.0,"played":[0.0,1.0],"evs":[0.0,4.18133]},"AA":{"weight":0.0671,"played":[0.0,1.0],"evs":[0.0,10.79716]}}}