{"player":4,"street":0,"children":3,"sequence":[{"player":0,"type":"F","amount":0,"street":0},{"player":1,"type":"F","amount":0,"street":0},{"player":2,"type":"F","amount":0,"street":0},{"player":3,"type":"F","amount":0,"street":0}],"actions":[{"type":"F","amount":0},{"type":"C","amount":50000,"node":5},{"type":"R","amount":1345000,"node":7}],"hands":{"22":{"weight":1.0,"played":[0.0,0.0,1.0],"evs":[0.0,0.38556,0.74495]},"32o":{"weight":1.0,"played":[1.0,0.0,0.0],"evs":[0.0,-0.04785,-0.66273]},"42o":{"weight":1.0,"played":[1.0,0.0,0.0],"evs":[0.0,-0.04044,-0.604]},"52o":{"weight":1.0,"played":[1.0,0.0,0.0],"evs":[0.0,-0.03971,-0.55248]},"62o":{"weight":1.0,"played":[1.0,0.0,0.0],"evs":[0.0,-0.0718,-0.64673]},"72o":{"weight":1.0,"played":[1.0,0.0,0.0],"evs":[0.0,-0.08064,-0.68247]},"82o":{"weight":1.0,"played":[1.0,0.0,0.0],"evs":[0.0,-0.05541,-0.60224]},"92o":{"weight":1.0,"played":[1.0,0.0,0.0],"evs":[0.0,-0.03634,-0.5389]},"T2o":{"weight":1.0,"played":[1.0,0.0,0.0],"evs":[0.0,-0.01417,-0.43727]},"J2o":{"weight":1.0,"played":[0.0,1.0,0.0],"evs":[0.0,0.0123,-0.32976]},"Q2o":{"weight":1.0,"played":[0.0,1.0,0.0],"evs":[0.0,0.07811,-0.18352]},"K2o":{"weight":1.0,"played":[0.0,1.0,0.0],"evs":[0.0,0.21595,0.13363]},"A2o":{"weight":1.0,"played":[0.0,0.0,1.0],"evs":[0.0,0.73954,0.90644]},"32s":{"weight":1.0,"played":[0.0,1.0,0.0],"evs":[0.0,0.06153,-0.33644]},"33":{"weight":1.0,"played":[0.0,0.0,1.0],"evs":[0.0,0.70138,0.90287]},"43o":{"weight":1.0,"played":[1.0,0.0,0.0],"evs":[0.0,-0.00996,-0.46884]},"53o":{"weight":1.0,"played":[0.9017,0.0983,0.0],"evs":[0.0,-0.00282,-0.42201]},"63o":{"weight":1.0,"played":[1.0,0.0,0.0],"evs":[0.0,-0.03259,-0.51061]},"73o":{"weight":1.0,"played":[1.0,0.0,0.0],"evs":[0.0,-0.04553,-0.55004]},"83o":{"weight":1.0,"played":[1.0,0.0,0.0],"evs":[0.0,-0.04594,-0.57425]},"93o":{"weight":1.0,"played":[1.0,0.0,0.0],"evs":[0.0,-0.02577,-0.49213]},"T3o":{"weight":1.0,"played":[0.8467,0.1533,0.0],"evs":[0.0,-0.00103,-0.3827]},"J3o":{"weight":1.0,"played":[0.0,1.0,0.0],"evs":[0.0,0.02275,-0.28664]},"Q3o":{"weight":1.0,"played":[0.0,1.0,0.0],"evs":[0.0,0.08932,-0.13744]},"K3o":{"weight":1.0,"played":[0.0,1.0,0.0],"evs":[0.0,0.23073,0.18075]},"A3o":{"weight":1.0,"played":[0.0,0.0,1.0],"evs":[0.0,0.83604,0.94989]},"42s":{"weight":1.0,"played":[0.0,1.0,0.0],"evs":[0.0,0.06056,-0.28637]},"43s":{"weight":1.0,"played":[0.0,1.0,0.0],"evs":[0.0,0.0943,-0.16393]},"44":{"weight":1.0,"played":[0.0,0.0,1.0],"evs":[0.0,1.01242,1.05959]},"54o":{"weight":1.0,"played":[0.0,1.0,0.0],"evs":[0.0,0.01973,-0.28357]},"64o":{"weight":1.0,"played":[0.989,0.011,0.0],"evs":[0.0,-0.0026,-0.36697]},"74o":{"weight":1.0,"played":[1.0,0.0,0.0],"evs":[0.0,-0.01639,-0.41555]},"84o":{"weight":1.0,"played":[1.0,0.0,0.0],"evs":[0.0,-0.02235,-0.43953]},"94o":{"weight":1.0,"played":[1.0,0.0,0.0],"evs":[0.0,-0.02433,-0.45791]},"T4o":{"weight":1.0,"played":[0.0094,0.9906,0.0],"evs":[0.0,0.00134,-0.33555]},"J4o":{"weight":1.0,"played":[0.0,1.0,0.0],"evs":[0.0,0.02941,-0.2351]},"Q4o":{"weight":1.0,"played":[0.0,1.0,0.0],"evs":[0.0,0.09913,-0.08993]},"K4o":{"weight":1.0,"played":[0.0,0.9981,0.0019],"evs":[0.0,0.24274,0.22018]},"A4o":{"weight":1.0,"played":[0.0,0.0,1.0],"evs":[0.0,0.89579,0.99382]},"52s":{"weight":1.0,"played":[0.0,1.0,0.0],"evs":[0.0,0.06377,-0.23724]},"53s":{"weight":1.0,"played":[0.0,1.0,0.0],"evs":[0.0,0.1097,-0.10415]},"54s":{"weight":1.0,"played":[0.0,1.0,0.0],"evs":[0.0,0.12662,0.00967]},"55":{"weight":1.0,"played":[0.0,1.0,0.0],"evs":[0.0,1.27788,1.21748]},"65o":{"weight":1.0,"played":[0.0,1.0,0.0],"evs":[0.0,0.03115,-0.23842]},"75o":{"weight":1.0,"played":[0.0,1.0,0.0],"evs":[0.0,0.02209,-0.27272]},"85o":{"weight":1.0,"played":[0.0,1.0,0.0],"evs":[0.0,0.01641,-0.29854]},"95o":{"weight":1.0,"played":[2.0E-4,0.9998,0.0],"evs":[0.0,0.00892,-0.32682]},"T5o":{"weight":1.0,"played":[4.0E-4,0.9996,0.0],"evs":[0.0,0.00816,-0.31037]},"J5o":{"weight":1.0,"played":[0.0,1.0,0.0],"evs":[0.0,0.03911,-0.18458]},"Q5o":{"weight":1.0,"played":[0.0,1.0,0.0],"evs":[0.0,0.11223,-0.03576]},"K5o":{"weight":1.0,"played":[0.0,0.0043,0.9957],"evs":[0.0,0.26858,0.27888]},"A5o":{"weight":1.0,"played":[0.0,0.0,1.0],"evs":[0.0,0.98034,1.06225]},"62s":{"weight":1.0,"played":[0.0,1.0,0.0],"evs":[0.0,0.03625,-0.31847]},"63s":{"weight":1.0,"played":[0.0,1.0,0.0],"evs":[0.0,0.07673,-0.20066]},"64s":{"weight":1.0,"played":[0.0,1.0,0.0],"evs":[0.0,0.10379,-0.06852]},"65s":{"weight":1.0,"played":[0.0,1.0,0.0],"evs":[0.0,0.13803,0.06071]},"66":{"weight":1.0,"played":[0.0,1.0,0.0],"evs":[0.0,1.50493,1.3642]},"76o":{"weight":1.0,"played":[0.0,1.0,0.0],"evs":[0.0,0.06011,-0.15878]},"86o":{"weight":1.0,"played":[0.0,1.0,0.0],"evs":[0.0,0.06168,-0.1862]},"96o":{"weight":1.0,"played":[0.0,1.0,0.0],"evs":[0.0,0.0574,-0.20191]},"T6o":{"weight":1.0,"played":[0.0,1.0,0.0],"evs":[0.0,0.05534,-0.19444]},"J6o":{"weight":1.0,"played":[0.0,1.0,0.0],"evs":[0.0,0.06527,-0.17514]},"Q6o":{"weight":1.0,"played":[0.0,1.0,0.0],"evs":[0.0,0.13233,-0.003]},"K6o":{"weight":1.0,"played":[0.0,0.0,1.0],"evs":[0.0,0.28308,0.35343]},"A6o":{"weight":1.0,"played":[0.0,0.0,1.0],"evs":[0.0,0.99171,1.1019]},"72s":{"weight":1.0,"played":[4.0E-4,0.9996,0.0],"evs":[0.0,0.02875,-0.36046]},"73s":{"weight":1.0,"played":[0.0,1.0,0.0],"evs":[0.0,0.06566,-0.24171]},"74s":{"weight":1.0,"played":[0.0,1.0,0.0],"evs":[0.0,0.09303,-0.10909]},"75s":{"weight":1.0,"played":[0.0,1.0,0.0],"evs":[0.0,0.13189,0.02346]},"76s":{"weight":1.0,"played":[0.0,0.9998,2.0E-4],"evs":[0.0,0.17398,0.13095]},"77":{"weight":1.0,"played":[0.0,1.0,0.0],"evs":[0.0,1.78141,1.55264]},"87o":{"weight":1.0,"played":[0.0,1.0,0.0],"evs":[0.0,0.10328,-0.05647]},"97o":{"weight":1.0,"played":[0.0,1.0,0.0],"evs":[0.0,0.10354,-0.08077]},"T7o":{"weight":1.0,"played":[0.0,1.0,0.0],"evs":[0.0,0.10718,-0.063]},"J7o":{"weight":1.0,"played":[0.0,1.0,0.0],"evs":[0.0,0.10883,-0.04046]},"Q7o":{"weight":1.0,"played":[0.0,1.0,0.0],"evs":[0.0,0.15722,0.0368]},"K7o":{"weight":1.0,"played":[0.0,0.0,1.0],"evs":[0.0,0.33125,0.44494]},"A7o":{"weight":1.0,"played":[0.0,0.0,1.0],"evs":[0.0,1.12709,1.24066]},"82s":{"weight":1.0,"played":[0.0,1.0,0.0],"evs":[0.0,0.0535,-0.28503]},"83s":{"weight":1.0,"played":[0.0,1.0,0.0],"evs":[0.0,0.06044,-0.26812]},"84s":{"weight":1.0,"played":[0.0,1.0,0.0],"evs":[0.0,0.08768,-0.13287]},"85s":{"weight":1.0,"played":[0.0,1.0,0.0],"evs":[0.0,0.12664,-0.00465]},"86s":{"weight":1.0,"played":[0.0,0.9999,1.0E-4],"evs":[0.0,0.17871,0.10457]},"87s":{"weight":1.0,"played":[0.0,0.008,0.992],"evs":[0.0,0.21729,0.23053]},"88":{"weight":1.0,"played":[0.0,1.0,0.0],"evs":[0.0,2.06994,1.76626]},"98o":{"weight":1.0,"played":[0.0,1.0,0.0],"evs":[0.0,0.1653,0.0525]},"T8o":{"weight":1.0,"played":[0.0,1.0,0.0],"evs":[0.0,0.17582,0.09112]},"J8o":{"weight":1.0,"played":[0.0,1.0,0.0],"evs":[0.0,0.18658,0.11218]},"Q8o":{"weight":1.0,"played":[0.0,1.0,0.0],"evs":[0.0,0.23258,0.19924]},"K8o":{"weight":1.0,"played":[0.0,0.0,1.0],"evs":[0.0,0.45599,0.56655]},"A8o":{"weight":1.0,"played":[0.0,0.0,1.0],"evs":[0.0,1.29188,1.40132]},"92s":{"weight":1.0,"played":[0.0,1.0,0.0],"evs":[0.0,0.08429,-0.22178]},"93s":{"weight":1.0,"played":[0.0,1.0,0.0],"evs":[0.0,0.09398,-0.17488]},"94s":{"weight":1.0,"played":[0.0,1.0,0.0],"evs":[0.0,0.09055,-0.15096]},"95s":{"weight":1.0,"played":[0.0,1.0,0.0],"evs":[0.0,0.12537,-0.02685]},"96s":{"weight":1.0,"played":[0.0,0.9999,1.0E-4],"evs":[0.0,0.17418,0.09235]},"97s":{"weight":1.0,"played":[0.0,0.9922,0.0078],"evs":[0.0,0.22171,0.20121]},"98s":{"weight":1.0,"played":[0.0,4.0E-4,0.9996],"evs":[0.0,0.27674,0.32602]},"99":{"weight":1.0,"played":[0.0,1.0,0.0],"evs":[0.0,2.38531,2.01139]},"T9o":{"weight":1.0,"played":[0.0,0.4585,0.5415],"evs":[0.0,0.24927,0.25056]},"J9o":{"weight":1.0,"played":[0.0,0.3665,0.6335],"evs":[0.0,0.27306,0.27503]},"Q9o":{"weight":1.0,"played":[0.0,0.1082,0.8918],"evs":[0.0,0.39951,0.40097]},"K9o":{"weight":1.0,"played":[0.0,0.0,1.0],"evs":[0.0,0.72265,0.8073]},"A9o":{"weight":1.0,"played":[0.0,0.0,1.0],"evs":[0.0,1.46861,1.58932]},"T2s":{"weight":1.0,"played":[0.0,1.0,0.0],"evs":[0.0,0.10489,-0.12542]},"T3s":{"weight":1.0,"played":[0.0,1.0,0.0],"evs":[0.0,0.11977,-0.08592]},"T4s":{"weight":1.0,"played":[0.0,1.0,0.0],"evs":[0.0,0.12227,-0.03319]},"T5s":{"weight":1.0,"played":[0.0,1.0,0.0],"evs":[0.0,0.12693,-0.01478]},"T6s":{"weight":1.0,"played":[0.0,0.9998,2.0E-4],"evs":[0.0,0.18045,0.09987]},"T7s":{"weight":1.0,"played":[0.0,0.8909,0.1091],"evs":[0.0,0.23034,0.21363]},"T8s":{"weight":1.0,"played":[0.0,1.0E-4,0.9999],"evs":[0.0,0.33141,0.3532]},"T9s":{"weight":1.0,"played":[0.0,0.9989,0.0011],"evs":[0.0,0.52868,0.50689]},"TT":{"weight":1.0,"played":[0.0,1.0,0.0],"evs":[0.0,2.81166,2.33266]},"JTo":{"weight":1.0,"played":[0.0,0.5999,0.4001],"evs":[0.0,0.53885,0.53927]},"QTo":{"weight":1.0,"played":[0.0,0.9982,0.0018],"evs":[0.0,0.70435,0.68998]},"KTo":{"weight":1.0,"played":[0.0,3.0E-4,0.9997],"evs":[0.0,1.05805,1.0954]},"ATo":{"weight":1.0,"played":[0.0,0.0,1.0],"evs":[0.0,1.80004,1.87535]},"J2s":{"weight":1.0,"played":[0.0,1.0,0.0],"evs":[0.0,0.13564,-0.0319]},"J3s":{"weight":1.0,"played":[0.0,1.0,0.0],"evs":[0.0,0.14626,0.01335]},"J4s":{"weight":1.0,"played":[0.0,1.0,0.0],"evs":[0.0,0.15731,0.06667]},"J5s":{"weight":1.0,"played":[0.0,0.9999,1.0E-4],"evs":[0.0,0.16576,0.108]},"J6s":{"weight":1.0,"played":[0.0,1.0,0.0],"evs":[0.0,0.19069,0.11933]},"J7s":{"weight":1.0,"played":[0.0,0.6154,0.3846],"evs":[0.0,0.24211,0.23711]},"J8s":{"weight":1.0,"played":[0.0,0.4895,0.5105],"evs":[0.0,0.37981,0.38317]},"J9s":{"weight":1.0,"played":[0.0,1.0,0.0],"evs":[0.0,0.58627,0.53274]},"JTs":{"weight":1.0,"played":[0.0,1.0,0.0],"evs":[0.0,0.8718,0.7667]},"JJ":{"weight":1.0,"played":[0.0,1.0,0.0],"evs":[0.0,3.16841,2.59577]},"QJo":{"weight":1.0,"played":[0.0,0.0871,0.9129],"evs":[0.0,0.80438,0.80565]},"KJo":{"weight":1.0,"played":[0.0,0.0246,0.9754],"evs":[0.0,1.20862,1.21822]},"AJo":{"weight":1.0,"played":[0.0,0.0,1.0],"evs":[0.0,1.96839,2.0197]},"Q2s":{"weight":1.0,"played":[0.0,1.0,0.0],"evs":[0.0,0.20822,0.11865]},"Q3s":{"weight":1.0,"played":[0.0,0.9997,3.0E-4],"evs":[0.0,0.22099,0.15149]},"Q4s":{"weight":1.0,"played":[0.0,0.9992,8.0E-4],"evs":[0.0,0.23095,0.20511]},"Q5s":{"weight":1.0,"played":[0.0,0.3016,0.6984],"evs":[0.0,0.24443,0.25097]},"Q6s":{"weight":1.0,"played":[0.0,0.008,0.992],"evs":[0.0,0.26731,0.28302]},"Q7s":{"weight":1.0,"played":[0.0,0.1148,0.8852],"evs":[0.0,0.30242,0.30216]},"Q8s":{"weight":1.0,"played":[0.0,0.9999,1.0E-4],"evs":[0.0,0.52353,0.46084]},"Q9s":{"weight":1.0,"played":[0.0,1.0,0.0],"evs":[0.0,0.74935,0.65133]},"QTs":{"weight":1.0,"played":[0.0,1.0,0.0],"evs":[0.0,1.03091,0.91887]},"QJs":{"weight":1.0,"played":[0.0,1.0,0.0],"evs":[0.0,1.12512,1.02581]},"QQ":{"weight":1.0,"played":[0.0,1.0,0.0],"evs":[0.0,3.55295,2.84373]},"KQo":{"weight":1.0,"played":[0.0,0.8662,0.1338],"evs":[0.0,1.37878,1.37791]},"AQo":{"weight":1.0,"played":[0.0,0.0,1.0],"evs":[0.0,2.16277,2.19451]},"K2s":{"weight":1.0,"played":[0.0,2.0E-4,0.9998],"evs":[0.0,0.35184,0.41437]},"K3s":{"weight":1.0,"played":[0.0,0.0,1.0],"evs":[0.0,0.36486,0.45166]},"K4s":{"weight":1.0,"played":[0.0,0.0,1.0],"evs":[0.0,0.42379,0.49504]},"K5s":{"weight":1.0,"played":[0.0,6.0E-4,0.9994],"evs":[0.0,0.50923,0.54586]},"K6s":{"weight":1.0,"played":[0.0,0.0019,0.9981],"evs":[0.0,0.60058,0.60776]},"K7s":{"weight":1.0,"played":[0.0,0.0141,0.9859],"evs":[0.0,0.68629,0.69649]},"K8s":{"weight":1.0,"played":[0.0,0.9955,0.0045],"evs":[0.0,0.80905,0.80359]},"K9s":{"weight":1.0,"played":[0.0,0.9999,1.0E-4],"evs":[0.0,1.0534,1.03145]},"KTs":{"weight":1.0,"played":[0.0,1.0,0.0],"evs":[0.0,1.3734,1.29958]},"KJs":{"weight":1.0,"played":[0.0,1.0,0.0],"evs":[0.0,1.50733,1.41932]},"KQs":{"weight":1.0,"played":[0.0,1.0,0.0],"evs":[0.0,1.66167,1.56473]},"KK":{"weight":1.0,"played":[0.0,1.0,0.0],"evs":[0.0,3.97878,3.15812]},"AKo":{"weight":1.0,"played":[0.0,0.0,1.0],"evs":[0.0,2.39294,2.41513]},"A2s":{"weight":1.0,"played":[0.0,0.0,1.0],"evs":[0.0,1.07451,1.1395]},"A3s":{"weight":1.0,"played":[0.0,0.0136,0.9864],"evs":[0.0,1.15109,1.16779]},"A4s":{"weight":1.0,"played":[0.0,0.9984,0.0016],"evs":[0.0,1.21315,1.20795]},"A5s":{"weight":1.0,"played":[0.0,0.9996,4.0E-4],"evs":[0.0,1.29677,1.27188]},"A6s":{"weight":1.0,"played":[0.0,0.0365,0.9635],"evs":[0.0,1.30522,1.30936]},"A7s":{"weight":1.0,"played":[0.0,0.935,0.065],"evs":[0.0,1.42996,1.42939]},"A8s":{"weight":1.0,"played":[0.0,0.3785,0.6215],"evs":[0.0,1.58663,1.58935]},"A9s":{"weight":1.0,"played":[0.0,0.0198,0.9802],"evs":[0.0,1.74797,1.75403]},"ATs":{"weight":1.0,"played":[0.0,0.9999,1.0E-4],"evs":[0.0,2.05589,2.02231]},"AJs":{"weight":1.0,"played":[0.0,0.9999,1.0E-4],"evs":[0.0,2.21372,2.16317]},"AQs":{"weight":1.0,"played":[0.0,1.0,0.0],"evs":[0.0,2.38754,2.3265]},"AKs":{"weight":1.0,"played":[0.0,1.0,0.0],"evs":[0.0,2.6039,2.52405]},"AA":{"weight":1.0,"played":[0.0,1.0,0.0],"evs":[0.0,4.58564,3.71281]}}}