{"player":4,"street":0,"children":2,"sequence":[{"player":0,"type":"F","amount":0,"street":0},{"player":1,"type":"F","amount":0,"street":0},{"player":2,"type":"R","amount":200000,"street":0},{"player":3,"type":"C","amount":200000,"street":0},{"player":4,"type":"C","amount":150000,"street":0},{"player":5,"type":"R","amount":2335000,"street":0},{"player":2,"type":"F","amount":0,"street":0},{"player":3,"type":"F","amount":0,"street":0}],"actions":[{"type":"F","amount":0},{"type":"C","amount":1145000}],"hands":{"22":{"weight":0.9684,"played":[1.0E-4,0.9999],"evs":[0.0,1.16467]},"32o":{"weight":0.0,"played":[1.0,0.0],"evs":[0.0,-2.14579]},"42o":{"weight":0.0,"played":[0.9999,1.0E-4],"evs":[0.0,-2.087]},"52o":{"weight":0.0,"played":[1.0,0.0],"evs":[0.0,-1.79526]},"62o":{"weight":0.0,"played":[1.0,0.0],"evs":[0.0,-1.66357]},"72o":{"weight":0.0,"played":[0.9998,2.0E-4],"evs":[0.0,-2.14185]},"82o":{"weight":0.0,"played":[1.0,0.0],"evs":[0.0,-2.17783]},"92o":{"weight":0.0,"played":[0.9993,7.0E-4],"evs":[0.0,-2.34222]},"T2o":{"weight":0.0,"played":[0.9999,1.0E-4],"evs":[0.0,-2.00325]},"J2o":{"weight":0.0,"played":[0.9999,1.0E-4],"evs":[0.0,-1.92432]},"Q2o":{"weight":0.0,"played":[0.9998,2.0E-4],"evs":[0.0,-1.70461]},"K2o":{"weight":0.0,"played":[0.9984,0.0016],"evs":[0.0,-1.40928]},"A2o":{"weight":0.0,"played":[0.9887,0.0113],"evs":[0.0,-0.8671]},"32s":{"weight":0.0,"played":[0.9998,2.0E-4],"evs":[0.0,-1.54982]},"33":{"weight":0.9936,"played":[0.0,1.0],"evs":[0.0,1.22032]},"43o":{"weight":0.0,"played":[0.9999,1.0E-4],"evs":[0.0,-1.74665]},"53o":{"weight":0.0,"played":[0.9998,2.0E-4],"evs":[0.0,-1.80031]},"63o":{"weight":0.0,"played":[1.0,0.0],"evs":[0.0,-1.52206]},"73o":{"weight":0.0,"played":[1.0,0.0],"evs":[0.0,-2.04741]},"83o":{"weight":0.0,"played":[0.9998,2.0E-4],"evs":[0.0,-2.21862]},"93o":{"weight":0.0,"played":[0.9988,0.0012],"evs":[0.0,-2.17847]},"T3o":{"weight":0.0,"played":[1.0,0.0],"evs":[0.0,-1.85254]},"J3o":{"weight":0.0,"played":[0.999,0.001],"evs":[0.0,-1.50688]},"Q3o":{"weight":0.0,"played":[0.9999,1.0E-4],"evs":[0.0,-1.55473]},"K3o":{"weight":0.0,"played":[0.9987,0.0013],"evs":[0.0,-1.24098]},"A3o":{"weight":0.0,"played":[0.9868,0.0132],"evs":[0.0,-0.8048]},"42s":{"weight":0.0,"played":[0.9691,0.0309],"evs":[0.0,-0.6515]},"43s":{"weight":0.0,"played":[0.9978,0.0022],"evs":[0.0,-1.30271]},"44":{"weight":0.9952,"played":[0.0035,0.9965],"evs":[0.0,1.20948]},"54o":{"weight":0.0,"played":[1.0,0.0],"evs":[0.0,-1.46981]},"64o":{"weight":0.0,"played":[0.9994,6.0E-4],"evs":[0.0,-1.5233]},"74o":{"weight":0.0,"played":[0.9988,0.0012],"evs":[0.0,-2.0829]},"84o":{"weight":0.0,"played":[1.0,0.0],"evs":[0.0,-1.93874]},"94o":{"weight":0.0,"played":[0.9994,6.0E-4],"evs":[0.0,-2.20077]},"T4o":{"weight":0.0,"played":[0.9999,1.0E-4],"evs":[0.0,-2.17191]},"J4o":{"weight":0.0,"played":[0.9982,0.0018],"evs":[0.0,-2.05615]},"Q4o":{"weight":0.0,"played":[1.0,0.0],"evs":[0.0,-1.6881]},"K4o":{"weight":0.0,"played":[1.0,0.0],"evs":[0.0,-1.6526]},"A4o":{"weight":0.0,"played":[0.9474,0.0526],"evs":[0.0,-1.1704]},"52s":{"weight":0.0,"played":[0.9806,0.0194],"evs":[0.0,-0.76138]},"53s":{"weight":0.0,"played":[0.9972,0.0028],"evs":[0.0,-0.59706]},"54s":{"weight":0.0,"played":[0.953,0.047],"evs":[0.0,-0.94506]},"55":{"weight":0.9997,"played":[0.0018,0.9982],"evs":[0.0,1.62102]},"65o":{"weight":0.0,"played":[0.9999,1.0E-4],"evs":[0.0,-0.75632]},"75o":{"weight":0.0,"played":[0.9995,5.0E-4],"evs":[0.0,-1.60896]},"85o":{"weight":0.0,"played":[0.9965,0.0035],"evs":[0.0,-1.34165]},"95o":{"weight":0.0,"played":[0.9996,4.0E-4],"evs":[0.0,-1.70509]},"T5o":{"weight":0.0,"played":[0.9998,2.0E-4],"evs":[0.0,-2.07117]},"J5o":{"weight":0.0,"played":[0.9998,2.0E-4],"evs":[0.0,-1.60325]},"Q5o":{"weight":0.0,"played":[0.999,0.001],"evs":[0.0,-1.68104]},"K5o":{"weight":0.0,"played":[0.9971,0.0029],"evs":[0.0,-1.36768]},"A5o":{"weight":0.0,"played":[0.9501,0.0499],"evs":[0.0,-0.63785]},"62s":{"weight":0.0,"played":[0.9992,8.0E-4],"evs":[0.0,-1.0726]},"63s":{"weight":0.0,"played":[0.993,0.007],"evs":[0.0,-0.69666]},"64s":{"weight":0.0,"played":[0.6937,0.3063],"evs":[0.0,-0.23221]},"65s":{"weight":0.1632,"played":[0.9555,0.0445],"evs":[0.0,-0.40832]},"66":{"weight":0.9926,"played":[0.0,1.0],"evs":[0.0,1.92603]},"76o":{"weight":0.0,"played":[0.9939,0.0061],"evs":[0.0,-1.04057]},"86o":{"weight":0.0,"played":[0.9997,3.0E-4],"evs":[0.0,-1.23506]},"96o":{"weight":0.0,"played":[1.0,0.0],"evs":[0.0,-1.35961]},"T6o":{"weight":0.0,"played":[1.0,0.0],"evs":[0.0,-0.96609]},"J6o":{"weight":0.0,"played":[0.9996,4.0E-4],"evs":[0.0,-1.85184]},"Q6o":{"weight":0.0,"played":[0.999,0.001],"evs":[0.0,-1.6982]},"K6o":{"weight":0.0,"played":[0.9961,0.0039],"evs":[0.0,-1.27285]},"A6o":{"weight":0.0,"played":[0.8903,0.1097],"evs":[0.0,-1.34265]},"72s":{"weight":0.0,"played":[0.9789,0.0211],"evs":[0.0,-1.96656]},"73s":{"weight":0.0,"played":[0.9996,4.0E-4],"evs":[0.0,-1.3762]},"74s":{"weight":0.0,"played":[0.9675,0.0325],"evs":[0.0,-0.73432]},"75s":{"weight":2.0E-4,"played":[0.8417,0.1583],"evs":[0.0,-0.30534]},"76s":{"weight":0.0794,"played":[0.9081,0.0919],"evs":[0.0,-0.6617]},"77":{"weight":0.0663,"played":[0.0,1.0],"evs":[0.0,2.55434]},"87o":{"weight":0.0,"played":[0.9807,0.0193],"evs":[0.0,-0.81522]},"97o":{"weight":0.0,"played":[0.9549,0.0451],"evs":[0.0,-1.12033]},"T7o":{"weight":0.0,"played":[0.9956,0.0044],"evs":[0.0,-1.22313]},"J7o":{"weight":0.0,"played":[0.9998,2.0E-4],"evs":[0.0,-1.29578]},"Q7o":{"weight":0.0,"played":[0.9992,8.0E-4],"evs":[0.0,-0.94]},"K7o":{"weight":0.0,"played":[0.9998,2.0E-4],"evs":[0.0,-1.10525]},"A7o":{"weight":2.0E-4,"played":[0.905,0.095],"evs":[0.0,-0.77885]},"82s":{"weight":0.0,"played":[1.0,0.0],"evs":[0.0,-0.96741]},"83s":{"weight":0.0,"played":[0.9895,0.0105],"evs":[0.0,-1.26568]},"84s":{"weight":0.0,"played":[0.9985,0.0015],"evs":[0.0,-1.44597]},"85s":{"weight":0.0,"played":[0.9695,0.0305],"evs":[0.0,-0.88915]},"86s":{"weight":0.0,"played":[0.6289,0.3711],"evs":[0.0,-0.05012]},"87s":{"weight":0.054,"played":[0.6403,0.3597],"evs":[0.0,0.05463]},"88":{"weight":9.0E-4,"played":[0.0,1.0],"evs":[0.0,3.11586]},"98o":{"weight":0.0,"played":[0.9972,0.0028],"evs":[0.0,-0.4823]},"T8o":{"weight":0.0,"played":[0.9982,0.0018],"evs":[0.0,-1.1789]},"J8o":{"weight":0.0,"played":[0.9165,0.0835],"evs":[0.0,-0.8387]},"Q8o":{"weight":0.0,"played":[0.9998,2.0E-4],"evs":[0.0,-0.88367]},"K8o":{"weight":0.0,"played":[1.0,0.0],"evs":[0.0,-1.68748]},"A8o":{"weight":0.0276,"played":[0.4617,0.5383],"evs":[0.0,-0.53053]},"92s":{"weight":0.0,"played":[0.9999,1.0E-4],"evs":[0.0,-1.55018]},"93s":{"weight":0.0,"played":[0.9996,4.0E-4],"evs":[0.0,-0.90398]},"94s":{"weight":0.0,"played":[0.9946,0.0054],"evs":[0.0,-1.47983]},"95s":{"weight":0.0,"played":[0.981,0.019],"evs":[0.0,-0.65856]},"96s":{"weight":0.0,"played":[0.9911,0.0089],"evs":[0.0,-0.74707]},"97s":{"weight":0.0,"played":[0.8709,0.1291],"evs":[0.0,-0.54487]},"98s":{"weight":8.0E-4,"played":[0.0302,0.9698],"evs":[0.0,0.42383]},"99":{"weight":0.0,"played":[0.0,1.0],"evs":[0.0,4.37563]},"T9o":{"weight":0.0,"played":[0.9957,0.0043],"evs":[0.0,-0.66558]},"J9o":{"weight":0.0,"played":[0.9963,0.0037],"evs":[0.0,-1.00899]},"Q9o":{"weight":0.0,"played":[0.9788,0.0212],"evs":[0.0,-0.75803]},"K9o":{"weight":0.0,"played":[0.9794,0.0206],"evs":[0.0,-0.87861]},"A9o":{"weight":0.6443,"played":[0.0,1.0],"evs":[0.0,0.31052]},"T2s":{"weight":0.0,"played":[0.9975,0.0025],"evs":[0.0,-1.61902]},"T3s":{"weight":0.0,"played":[0.9543,0.0457],"evs":[0.0,-0.97119]},"T4s":{"weight":0.0,"played":[0.9992,8.0E-4],"evs":[0.0,-1.23632]},"T5s":{"weight":0.0,"played":[0.9997,3.0E-4],"evs":[0.0,-0.99319]},"T6s":{"weight":0.0,"played":[0.9648,0.0352],"evs":[0.0,-0.95787]},"T7s":{"weight":0.0,"played":[0.0745,0.9255],"evs":[0.0,-0.11735]},"T8s":{"weight":0.0,"played":[0.4704,0.5296],"evs":[0.0,0.32012]},"T9s":{"weight":0.0332,"played":[0.0014,0.9986],"evs":[0.0,0.65704]},"TT":{"weight":0.0,"played":[0.0,1.0],"evs":[0.0,4.8397]},"JTo":{"weight":0.0,"played":[0.9328,0.0672],"evs":[0.0,-0.43677]},"QTo":{"weight":0.0,"played":[0.949,0.051],"evs":[0.0,-0.62925]},"KTo":{"weight":0.0,"played":[0.9605,0.0395],"evs":[0.0,-0.4328]},"ATo":{"weight":0.0018,"played":[1.0E-4,0.9999],"evs":[0.0,1.18158]},"J2s":{"weight":0.0,"played":[0.9996,4.0E-4],"evs":[0.0,-1.0513]},"J3s":{"weight":0.0,"played":[0.9994,6.0E-4],"evs":[0.0,-0.85999]},"J4s":{"weight":0.0,"played":[0.9984,0.0016],"evs":[0.0,-1.14401]},"J5s":{"weight":0.0,"played":[0.9133,0.0867],"evs":[0.0,-1.21779]},"J6s":{"weight":1.0E-4,"played":[0.9864,0.0136],"evs":[0.0,-0.92864]},"J7s":{"weight":0.0,"played":[0.9954,0.0046],"evs":[0.0,-0.69282]},"J8s":{"weight":0.0,"played":[0.7338,0.2662],"evs":[0.0,-0.65545]},"J9s":{"weight":0.0249,"played":[0.3751,0.6249],"evs":[0.0,-0.20625]},"JTs":{"weight":0.9377,"played":[0.111,0.889],"evs":[0.0,0.60537]},"JJ":{"weight":0.0,"played":[0.0,1.0],"evs":[0.0,5.65653]},"QJo":{"weight":0.005,"played":[0.8634,0.1366],"evs":[0.0,-0.03483]},"KJo":{"weight":0.9988,"played":[0.6844,0.3156],"evs":[0.0,0.13666]},"AJo":{"weight":0.0,"played":[1.0E-4,0.9999],"evs":[0.0,2.55387]},"Q2s":{"weight":0.0,"played":[0.997,0.003],"evs":[0.0,-0.67851]},"Q3s":{"weight":0.0,"played":[0.9952,0.0048],"evs":[0.0,-0.69715]},"Q4s":{"weight":0.0,"played":[0.9804,0.0196],"evs":[0.0,-0.79334]},"Q5s":{"weight":0.0,"played":[0.985,0.015],"evs":[0.0,-0.28931]},"Q6s":{"weight":0.0018,"played":[0.999,0.001],"evs":[0.0,-0.65479]},"Q7s":{"weight":0.0,"played":[0.9409,0.0591],"evs":[0.0,-0.54207]},"Q8s":{"weight":0.0,"played":[0.5819,0.4181],"evs":[0.0,-0.23283]},"Q9s":{"weight":0.007,"played":[0.632,0.368],"evs":[0.0,-0.15017]},"QTs":{"weight":0.7896,"played":[0.3493,0.6507],"evs":[0.0,0.25405]},"QJs":{"weight":0.9992,"played":[0.0162,0.9838],"evs":[0.0,0.47095]},"QQ":{"weight":0.0,"played":[0.0,1.0],"evs":[0.0,7.30322]},"KQo":{"weight":0.7045,"played":[0.0489,0.9511],"evs":[0.0,0.205]},"AQo":{"weight":0.0,"played":[0.0,1.0],"evs":[0.0,3.23747]},"K2s":{"weight":0.0,"played":[0.999,0.001],"evs":[0.0,-0.75378]},"K3s":{"weight":0.0022,"played":[0.5229,0.4771],"evs":[0.0,-0.12707]},"K4s":{"weight":1.0E-4,"played":[0.9995,5.0E-4],"evs":[0.0,-0.53231]},"K5s":{"weight":0.0,"played":[0.8088,0.1912],"evs":[0.0,-0.75744]},"K6s":{"weight":0.0022,"played":[0.9578,0.0422],"evs":[0.0,-0.25398]},"K7s":{"weight":0.0033,"played":[0.9576,0.0424],"evs":[0.0,-0.9213]},"K8s":{"weight":0.1171,"played":[0.2407,0.7593],"evs":[0.0,0.37213]},"K9s":{"weight":0.9601,"played":[0.8042,0.1958],"evs":[0.0,-0.30413]},"KTs":{"weight":0.9999,"played":[0.0661,0.9339],"evs":[0.0,0.49155]},"KJs":{"weight":0.0939,"played":[0.0103,0.9897],"evs":[0.0,0.88175]},"KQs":{"weight":0.0084,"played":[0.0,1.0],"evs":[0.0,0.65255]},"KK":{"weight":0.0,"played":[0.0,1.0],"evs":[0.0,7.53376]},"AKo":{"weight":0.0,"played":[0.0,1.0],"evs":[0.0,4.88132]},"A2s":{"weight":0.9912,"played":[0.6447,0.3553],"evs":[0.0,-0.06842]},"A3s":{"weight":0.9931,"played":[0.6078,0.3922],"evs":[0.0,-0.1047]},"A4s":{"weight":0.5736,"played":[0.7364,0.2636],"evs":[0.0,-0.55779]},"A5s":{"weight":0.336,"played":[0.0357,0.9643],"evs":[0.0,0.31445]},"A6s":{"weight":0.8804,"played":[0.4083,0.5917],"evs":[0.0,-0.17614]},"A7s":{"weight":0.116,"played":[0.4323,0.5677],"evs":[0.0,-0.04924]},"A8s":{"weight":0.5877,"played":[0.2275,0.7725],"evs":[0.0,0.05028]},"A9s":{"weight":5.0E-4,"played":[0.0033,0.9967],"evs":[0.0,1.10783]},"ATs":{"weight":0.0,"played":[1.0E-4,0.9999],"evs":[0.0,1.80569]},"AJs":{"weight":0.0,"played":[1.0E-4,0.9999],"evs":[0.0,3.83269]},"AQs":{"weight":0.0,"played":[0.0,1.0],"evs":[0.0,3.95208]},"AKs":{"weight":0.0,"played":[0.0,1.0],"evs":[0.0,5.07273]},"AA":{"weight":0.0,"played":[0.0,1.0],"evs":[0.0,10.83799]}}}