{"player":1,"street":0,"children":2,"sequence":[{"player":0,"type":"R","amount":200000,"street":0},{"player":1,"type":"C","amount":200000,"street":0},{"player":2,"type":"F","amount":0,"street":0},{"player":3,"type":"C","amount":200000,"street":0},{"player":4,"type":"R","amount":1345000,"street":0},{"player":5,"type":"R","amount":2335000,"street":0},{"player":0,"type":"C","amount":2135000,"street":0}],"actions":[{"type":"F","amount":0,"node":404},{"type":"C","amount":725000,"node":406}],"hands":{"22":{"weight":0.0,"played":[0.0567,0.9433],"evs":[0.0,0.37759]},"32o":{"weight":0.0,"played":[0.9998,2.0E-4],"evs":[0.0,-1.33203]},"42o":{"weight":0.0,"played":[1.0,0.0],"evs":[0.0,-1.39262]},"52o":{"weight":0.0,"played":[0.9989,0.0011],"evs":[0.0,-1.18733]},"62o":{"weight":0.0,"played":[0.9998,2.0E-4],"evs":[0.0,-1.05338]},"72o":{"weight":0.0,"played":[0.9983,0.0017],"evs":[0.0,-1.90108]},"82o":{"weight":0.0,"played":[0.9987,0.0013],"evs":[0.0,-1.94955]},"92o":{"weight":0.0,"played":[0.9967,0.0033],"evs":[0.0,-1.43292]},"T2o":{"weight":0.0,"played":[0.9996,4.0E-4],"evs":[0.0,-1.12959]},"J2o":{"weight":0.0,"played":[1.0,0.0],"evs":[0.0,-1.4205]},"Q2o":{"weight":0.0,"played":[0.9949,0.0051],"evs":[0.0,-2.16314]},"K2o":{"weight":0.0,"played":[0.9946,0.0054],"evs":[0.0,-1.16763]},"A2o":{"weight":0.0,"played":[0.999,0.001],"evs":[0.0,-1.4913]},"32s":{"weight":0.0,"played":[0.9091,0.0909],"evs":[0.0,-1.12274]},"33":{"weight":0.0,"played":[0.5809,0.4191],"evs":[0.0,0.13751]},"43o":{"weight":0.0,"played":[0.9999,1.0E-4],"evs":[0.0,-1.0431]},"53o":{"weight":0.0,"played":[0.9992,8.0E-4],"evs":[0.0,-1.16987]},"63o":{"weight":0.0,"played":[0.9803,0.0197],"evs":[0.0,-1.28925]},"73o":{"weight":0.0,"played":[0.985,0.015],"evs":[0.0,-1.83922]},"83o":{"weight":0.0,"played":[0.9995,5.0E-4],"evs":[0.0,-1.56306]},"93o":{"weight":0.0,"played":[0.9989,0.0011],"evs":[0.0,-1.96]},"T3o":{"weight":0.0,"played":[0.9975,0.0025],"evs":[0.0,-1.7504]},"J3o":{"weight":0.0,"played":[0.957,0.043],"evs":[0.0,-1.53162]},"Q3o":{"weight":0.0,"played":[0.985,0.015],"evs":[0.0,-1.51018]},"K3o":{"weight":0.0,"played":[0.9992,8.0E-4],"evs":[0.0,-1.05955]},"A3o":{"weight":0.0,"played":[0.9779,0.0221],"evs":[0.0,-1.36684]},"42s":{"weight":0.0,"played":[0.8033,0.1967],"evs":[0.0,-1.15726]},"43s":{"weight":0.0,"played":[0.3702,0.6298],"evs":[0.0,0.18533]},"44":{"weight":0.0,"played":[0.0188,0.9812],"evs":[0.0,0.86629]},"54o":{"weight":0.0,"played":[0.4758,0.5242],"evs":[0.0,0.24698]},"64o":{"weight":0.0,"played":[0.7316,0.2684],"evs":[0.0,0.0283]},"74o":{"weight":0.0,"played":[1.0,0.0],"evs":[0.0,-0.87946]},"84o":{"weight":0.0,"played":[0.971,0.029],"evs":[0.0,-1.27304]},"94o":{"weight":0.0,"played":[0.9997,3.0E-4],"evs":[0.0,-1.29183]},"T4o":{"weight":0.0,"played":[0.9989,0.0011],"evs":[0.0,-1.11102]},"J4o":{"weight":0.0,"played":[0.998,0.002],"evs":[0.0,-1.37034]},"Q4o":{"weight":0.0,"played":[0.9997,3.0E-4],"evs":[0.0,-1.48673]},"K4o":{"weight":0.0,"played":[0.9977,0.0023],"evs":[0.0,-1.1451]},"A4o":{"weight":0.0,"played":[0.9998,2.0E-4],"evs":[0.0,-1.15958]},"52s":{"weight":0.0,"played":[0.7178,0.2822],"evs":[0.0,0.07143]},"53s":{"weight":0.0,"played":[0.6715,0.3285],"evs":[0.0,0.03773]},"54s":{"weight":0.0,"played":[0.0029,0.9971],"evs":[0.0,1.4726]},"55":{"weight":0.2862,"played":[0.02,0.98],"evs":[0.0,0.66219]},"65o":{"weight":0.0,"played":[0.9481,0.0519],"evs":[0.0,-0.4797]},"75o":{"weight":0.0,"played":[0.9844,0.0156],"evs":[0.0,-0.57839]},"85o":{"weight":0.0,"played":[0.9418,0.0582],"evs":[0.0,-0.93279]},"95o":{"weight":0.0,"played":[0.9927,0.0073],"evs":[0.0,-1.25815]},"T5o":{"weight":0.0,"played":[1.0,0.0],"evs":[0.0,-0.96026]},"J5o":{"weight":0.0,"played":[0.9731,0.0269],"evs":[0.0,-1.81091]},"Q5o":{"weight":0.0,"played":[0.9946,0.0054],"evs":[0.0,-1.60599]},"K5o":{"weight":0.0,"played":[0.96,0.04],"evs":[0.0,-1.20626]},"A5o":{"weight":0.0,"played":[0.9936,0.0064],"evs":[0.0,-1.39932]},"62s":{"weight":0.0,"played":[0.6663,0.3337],"evs":[0.0,0.19326]},"63s":{"weight":0.0,"played":[0.9966,0.0034],"evs":[0.0,-1.08225]},"64s":{"weight":0.0,"played":[0.5447,0.4553],"evs":[0.0,-0.63371]},"65s":{"weight":0.0,"played":[0.0726,0.9274],"evs":[0.0,2.18382]},"66":{"weight":0.0431,"played":[0.8886,0.1114],"evs":[0.0,-0.33132]},"76o":{"weight":0.0,"played":[0.4255,0.5745],"evs":[0.0,0.33681]},"86o":{"weight":0.0,"played":[0.9985,0.0015],"evs":[0.0,-0.8659]},"96o":{"weight":0.0,"played":[0.9265,0.0735],"evs":[0.0,-0.51265]},"T6o":{"weight":0.0,"played":[0.9956,0.0044],"evs":[0.0,-0.63606]},"J6o":{"weight":0.0,"played":[0.946,0.054],"evs":[0.0,-1.23246]},"Q6o":{"weight":0.0,"played":[0.9906,0.0094],"evs":[0.0,-1.05152]},"K6o":{"weight":0.0,"played":[0.9994,6.0E-4],"evs":[0.0,-0.661]},"A6o":{"weight":0.0,"played":[0.9992,8.0E-4],"evs":[0.0,-1.72513]},"72s":{"weight":0.0,"played":[0.9771,0.0229],"evs":[0.0,-0.73493]},"73s":{"weight":0.0,"played":[0.2587,0.7413],"evs":[0.0,0.15154]},"74s":{"weight":0.0,"played":[0.2084,0.7916],"evs":[0.0,0.07244]},"75s":{"weight":0.0,"played":[0.7448,0.2552],"evs":[0.0,-0.30299]},"76s":{"weight":0.0,"played":[0.0192,0.9808],"evs":[0.0,1.7783]},"77":{"weight":0.0,"played":[0.0024,0.9976],"evs":[0.0,1.41916]},"87o":{"weight":0.0,"played":[0.092,0.908],"evs":[0.0,0.27934]},"97o":{"weight":0.0,"played":[0.8935,0.1065],"evs":[0.0,-0.67808]},"T7o":{"weight":0.0,"played":[0.9101,0.0899],"evs":[0.0,-0.79167]},"J7o":{"weight":0.0,"played":[0.9404,0.0596],"evs":[0.0,-1.09556]},"Q7o":{"weight":0.0,"played":[1.0,0.0],"evs":[0.0,-0.91427]},"K7o":{"weight":0.0,"played":[0.998,0.002],"evs":[0.0,-1.11818]},"A7o":{"weight":0.0,"played":[0.9813,0.0187],"evs":[0.0,-1.88605]},"82s":{"weight":0.0,"played":[0.9348,0.0652],"evs":[0.0,-0.41292]},"83s":{"weight":0.0,"played":[0.7821,0.2179],"evs":[0.0,-0.37007]},"84s":{"weight":0.0,"played":[0.1344,0.8656],"evs":[0.0,0.6746]},"85s":{"weight":0.0,"played":[0.187,0.813],"evs":[0.0,0.08903]},"86s":{"weight":0.0,"played":[0.293,0.707],"evs":[0.0,0.80416]},"87s":{"weight":0.0,"played":[0.1491,0.8509],"evs":[0.0,0.43962]},"88":{"weight":0.0,"played":[4.0E-4,0.9996],"evs":[0.0,1.96902]},"98o":{"weight":0.0,"played":[0.5654,0.4346],"evs":[0.0,0.03834]},"T8o":{"weight":0.0,"played":[0.6832,0.3168],"evs":[0.0,0.00894]},"J8o":{"weight":0.0,"played":[0.9759,0.0241],"evs":[0.0,-0.60824]},"Q8o":{"weight":0.0,"played":[0.9926,0.0074],"evs":[0.0,-0.7949]},"K8o":{"weight":0.0,"played":[0.9873,0.0127],"evs":[0.0,-0.79928]},"A8o":{"weight":0.0,"played":[0.9806,0.0194],"evs":[0.0,-1.39883]},"92s":{"weight":0.0,"played":[0.8748,0.1252],"evs":[0.0,-1.16527]},"93s":{"weight":0.0,"played":[0.9915,0.0085],"evs":[0.0,-0.00941]},"94s":{"weight":0.0,"played":[0.7609,0.2391],"evs":[0.0,0.44069]},"95s":{"weight":0.0,"played":[0.0879,0.9121],"evs":[0.0,0.20174]},"96s":{"weight":0.0,"played":[0.2876,0.7124],"evs":[0.0,0.55819]},"97s":{"weight":0.0,"played":[0.2564,0.7436],"evs":[0.0,0.45732]},"98s":{"weight":0.0,"played":[1.0E-4,0.9999],"evs":[0.0,1.02648]},"99":{"weight":0.0,"played":[1.0E-4,0.9999],"evs":[0.0,2.90187]},"T9o":{"weight":0.0,"played":[0.9809,0.0191],"evs":[0.0,-0.24579]},"J9o":{"weight":0.0,"played":[0.2276,0.7724],"evs":[0.0,0.40066]},"Q9o":{"weight":0.0,"played":[0.9648,0.0352],"evs":[0.0,-0.95454]},"K9o":{"weight":0.0,"played":[0.9996,4.0E-4],"evs":[0.0,-0.96082]},"A9o":{"weight":0.0,"played":[0.993,0.007],"evs":[0.0,-0.79094]},"T2s":{"weight":0.0,"played":[0.9793,0.0207],"evs":[0.0,-1.31184]},"T3s":{"weight":0.0,"played":[0.8913,0.1087],"evs":[0.0,-1.28652]},"T4s":{"weight":0.0,"played":[0.9463,0.0537],"evs":[0.0,-1.04579]},"T5s":{"weight":0.0,"played":[0.9867,0.0133],"evs":[0.0,-1.15344]},"T6s":{"weight":0.0,"played":[0.1143,0.8857],"evs":[0.0,1.2277]},"T7s":{"weight":0.0,"played":[0.4697,0.5303],"evs":[0.0,-0.1591]},"T8s":{"weight":0.0,"played":[0.5511,0.4489],"evs":[0.0,0.01523]},"T9s":{"weight":0.0,"played":[0.2372,0.7628],"evs":[0.0,0.15147]},"TT":{"weight":0.0,"played":[2.0E-4,0.9998],"evs":[0.0,2.76784]},"JTo":{"weight":0.0,"played":[0.847,0.153],"evs":[0.0,-0.2142]},"QTo":{"weight":0.0,"played":[0.3742,0.6258],"evs":[0.0,-0.36164]},"KTo":{"weight":0.0,"played":[0.6076,0.3924],"evs":[0.0,-0.41108]},"ATo":{"weight":0.0,"played":[0.464,0.536],"evs":[0.0,-0.12815]},"J2s":{"weight":0.0,"played":[0.9677,0.0323],"evs":[0.0,-1.58744]},"J3s":{"weight":0.0,"played":[0.1944,0.8056],"evs":[0.0,-0.1928]},"J4s":{"weight":0.0,"played":[0.7955,0.2045],"evs":[0.0,0.00964]},"J5s":{"weight":0.0,"played":[0.5189,0.4811],"evs":[0.0,0.50881]},"J6s":{"weight":0.0,"played":[0.0405,0.9595],"evs":[0.0,0.82119]},"J7s":{"weight":0.0,"played":[0.001,0.999],"evs":[0.0,0.58084]},"J8s":{"weight":0.0,"played":[0.6912,0.3088],"evs":[0.0,-0.04343]},"J9s":{"weight":0.0,"played":[0.1407,0.8593],"evs":[0.0,0.90245]},"JTs":{"weight":0.0084,"played":[0.5109,0.4891],"evs":[0.0,-0.43341]},"JJ":{"weight":0.0,"played":[2.0E-4,0.9998],"evs":[0.0,4.49673]},"QJo":{"weight":0.0,"played":[0.5667,0.4333],"evs":[0.0,0.12458]},"KJo":{"weight":0.0,"played":[0.0388,0.9612],"evs":[0.0,0.94693]},"AJo":{"weight":0.0,"played":[0.8023,0.1977],"evs":[0.0,-0.71458]},"Q2s":{"weight":0.0,"played":[0.4923,0.5077],"evs":[0.0,0.12459]},"Q3s":{"weight":0.0,"played":[0.8924,0.1076],"evs":[0.0,-1.04693]},"Q4s":{"weight":0.0,"played":[0.0036,0.9964],"evs":[0.0,0.73946]},"Q5s":{"weight":0.0,"played":[0.7404,0.2596],"evs":[0.0,-0.02793]},"Q6s":{"weight":0.0,"played":[0.9747,0.0253],"evs":[0.0,-0.69911]},"Q7s":{"weight":0.0,"played":[0.7271,0.2729],"evs":[0.0,-0.75127]},"Q8s":{"weight":0.0,"played":[0.1107,0.8893],"evs":[0.0,1.436]},"Q9s":{"weight":0.0,"played":[0.1362,0.8638],"evs":[0.0,0.05424]},"QTs":{"weight":0.0768,"played":[0.2149,0.7851],"evs":[0.0,1.17129]},"QJs":{"weight":1.0,"played":[0.0543,0.9457],"evs":[0.0,1.50325]},"QQ":{"weight":0.0,"played":[1.0E-4,0.9999],"evs":[0.0,6.38689]},"KQo":{"weight":1.0E-4,"played":[0.0217,0.9783],"evs":[0.0,0.8192]},"AQo":{"weight":0.0,"played":[0.0,1.0],"evs":[0.0,0.8486]},"K2s":{"weight":0.0,"played":[0.5287,0.4713],"evs":[0.0,0.44439]},"K3s":{"weight":0.0,"played":[0.6464,0.3536],"evs":[0.0,-1.5317]},"K4s":{"weight":0.0,"played":[0.2712,0.7288],"evs":[0.0,-0.04969]},"K5s":{"weight":0.0,"played":[0.8031,0.1969],"evs":[0.0,-0.88311]},"K6s":{"weight":0.0,"played":[0.4866,0.5134],"evs":[0.0,-0.06284]},"K7s":{"weight":0.0,"played":[0.9029,0.0971],"evs":[0.0,-1.14849]},"K8s":{"weight":0.0,"played":[0.2243,0.7757],"evs":[0.0,0.5196]},"K9s":{"weight":0.0,"played":[0.01,0.99],"evs":[0.0,1.8592]},"KTs":{"weight":0.9048,"played":[0.0732,0.9268],"evs":[0.0,1.07805]},"KJs":{"weight":0.0063,"played":[0.2998,0.7002],"evs":[0.0,0.49135]},"KQs":{"weight":2.0E-4,"played":[0.0055,0.9945],"evs":[0.0,3.4983]},"KK":{"weight":0.0,"played":[1.0E-4,0.9999],"evs":[0.0,8.46288]},"AKo":{"weight":0.0,"played":[0.0033,0.9967],"evs":[0.0,1.70815]},"A2s":{"weight":0.0,"played":[0.9669,0.0331],"evs":[0.0,-0.48852]},"A3s":{"weight":0.0,"played":[0.2942,0.7058],"evs":[0.0,1.18388]},"A4s":{"weight":0.0,"played":[0.0095,0.9905],"evs":[0.0,1.23132]},"A5s":{"weight":0.0078,"played":[0.3764,0.6236],"evs":[0.0,-0.05503]},"A6s":{"weight":0.0,"played":[0.5513,0.4487],"evs":[0.0,-0.43229]},"A7s":{"weight":0.1751,"played":[0.7716,0.2284],"evs":[0.0,-0.36509]},"A8s":{"weight":0.0015,"played":[0.077,0.923],"evs":[0.0,0.82069]},"A9s":{"weight":0.0,"played":[0.2029,0.7971],"evs":[0.0,0.23188]},"ATs":{"weight":0.0,"played":[0.0178,0.9822],"evs":[0.0,1.33301]},"AJs":{"weight":0.0,"played":[0.0303,0.9697],"evs":[0.0,2.44762]},"AQs":{"weight":0.0,"played":[6.0E-4,0.9994],"evs":[0.0,3.14341]},"AKs":{"weight":0.0,"played":[0.0327,0.9673],"evs":[0.0,2.86701]},"AA":{"weight":0.0671,"played":[1.0E-4,0.9999],"evs":[0.0,11.93723]}}}