{"player":1,"street":0,"children":2,"sequence":[{"player":0,"type":"R","amount":200000,"street":0},{"player":1,"type":"C","amount":200000,"street":0},{"player":2,"type":"F","amount":0,"street":0},{"player":3,"type":"R","amount":600000,"street":0},{"player":4,"type":"F","amount":0,"street":0},{"player":5,"type":"F","amount":0,"street":0},{"player":0,"type":"R","amount":3605000,"street":0}],"actions":[{"type":"F","amount":0,"node":421},{"type":"C","amount":725000,"node":422}],"hands":{"22":{"weight":0.0,"played":[0.2441,0.7559],"evs":[0.0,0.49931]},"32o":{"weight":0.0,"played":[1.0,0.0],"evs":[0.0,-1.16907]},"42o":{"weight":0.0,"played":[1.0,0.0],"evs":[0.0,-1.06432]},"52o":{"weight":0.0,"played":[1.0,0.0],"evs":[0.0,-0.96381]},"62o":{"weight":0.0,"played":[1.0,0.0],"evs":[0.0,-1.19442]},"72o":{"weight":0.0,"played":[1.0,0.0],"evs":[0.0,-1.57966]},"82o":{"weight":0.0,"played":[1.0,0.0],"evs":[0.0,-1.38525]},"92o":{"weight":0.0,"played":[1.0,0.0],"evs":[0.0,-1.40939]},"T2o":{"weight":0.0,"played":[1.0,0.0],"evs":[0.0,-1.43683]},"J2o":{"weight":0.0,"played":[1.0,0.0],"evs":[0.0,-1.23055]},"Q2o":{"weight":0.0,"played":[1.0,0.0],"evs":[0.0,-1.03864]},"K2o":{"weight":0.0,"played":[1.0,0.0],"evs":[0.0,-0.90327]},"A2o":{"weight":0.0,"played":[0.9997,3.0E-4],"evs":[0.0,-0.47741]},"32s":{"weight":0.0,"played":[1.0,0.0],"evs":[0.0,-0.31903]},"33":{"weight":0.0,"played":[0.0257,0.9743],"evs":[0.0,0.71328]},"43o":{"weight":0.0,"played":[1.0,0.0],"evs":[0.0,-0.77151]},"53o":{"weight":0.0,"played":[1.0,0.0],"evs":[0.0,-0.59708]},"63o":{"weight":0.0,"played":[1.0,0.0],"evs":[0.0,-0.93695]},"73o":{"weight":0.0,"played":[1.0,0.0],"evs":[0.0,-1.22218]},"83o":{"weight":0.0,"played":[1.0,0.0],"evs":[0.0,-1.34719]},"93o":{"weight":0.0,"played":[1.0,0.0],"evs":[0.0,-1.32989]},"T3o":{"weight":0.0,"played":[1.0,0.0],"evs":[0.0,-1.35122]},"J3o":{"weight":0.0,"played":[1.0,0.0],"evs":[0.0,-1.13539]},"Q3o":{"weight":0.0,"played":[1.0,0.0],"evs":[0.0,-0.9716]},"K3o":{"weight":0.0,"played":[1.0,0.0],"evs":[0.0,-0.87705]},"A3o":{"weight":0.0,"played":[1.0,0.0],"evs":[0.0,-0.43323]},"42s":{"weight":0.0,"played":[0.9991,9.0E-4],"evs":[0.0,-0.31852]},"43s":{"weight":0.0,"played":[0.8641,0.1359],"evs":[0.0,-0.02049]},"44":{"weight":0.0,"played":[0.0282,0.9718],"evs":[0.0,0.67776]},"54o":{"weight":0.0,"played":[1.0,0.0],"evs":[0.0,-0.22259]},"64o":{"weight":0.0,"played":[1.0,0.0],"evs":[0.0,-0.56099]},"74o":{"weight":0.0,"played":[1.0,0.0],"evs":[0.0,-0.93744]},"84o":{"weight":0.0,"played":[1.0,0.0],"evs":[0.0,-1.07869]},"94o":{"weight":0.0,"played":[1.0,0.0],"evs":[0.0,-1.40502]},"T4o":{"weight":0.0,"played":[1.0,0.0],"evs":[0.0,-1.26609]},"J4o":{"weight":0.0,"played":[1.0,0.0],"evs":[0.0,-1.00629]},"Q4o":{"weight":0.0,"played":[1.0,0.0],"evs":[0.0,-0.92893]},"K4o":{"weight":0.0,"played":[1.0,0.0],"evs":[0.0,-0.86534]},"A4o":{"weight":0.0,"played":[0.9992,8.0E-4],"evs":[0.0,-0.37466]},"52s":{"weight":0.0,"played":[0.9985,0.0015],"evs":[0.0,-0.29055]},"53s":{"weight":0.0,"played":[0.7557,0.2443],"evs":[0.0,0.0817]},"54s":{"weight":0.0,"played":[0.027,0.973],"evs":[0.0,0.2783]},"55":{"weight":0.2862,"played":[1.0E-4,0.9999],"evs":[0.0,0.78999]},"65o":{"weight":0.0,"played":[1.0,0.0],"evs":[0.0,-0.28708]},"75o":{"weight":0.0,"played":[1.0,0.0],"evs":[0.0,-0.63524]},"85o":{"weight":0.0,"played":[1.0,0.0],"evs":[0.0,-0.75557]},"95o":{"weight":0.0,"played":[1.0,0.0],"evs":[0.0,-0.99391]},"T5o":{"weight":0.0,"played":[1.0,0.0],"evs":[0.0,-1.19488]},"J5o":{"weight":0.0,"played":[1.0,0.0],"evs":[0.0,-0.92488]},"Q5o":{"weight":0.0,"played":[1.0,0.0],"evs":[0.0,-0.83987]},"K5o":{"weight":0.0,"played":[1.0,0.0],"evs":[0.0,-0.77122]},"A5o":{"weight":0.0,"played":[1.0,0.0],"evs":[0.0,-0.25518]},"62s":{"weight":0.0,"played":[0.9999,1.0E-4],"evs":[0.0,-0.52693]},"63s":{"weight":0.0,"played":[0.9973,0.0027],"evs":[0.0,-0.30953]},"64s":{"weight":0.0,"played":[0.4404,0.5596],"evs":[0.0,0.20113]},"65s":{"weight":0.0,"played":[0.0384,0.9616],"evs":[0.0,0.34502]},"66":{"weight":0.0431,"played":[0.0,1.0],"evs":[0.0,0.92169]},"76o":{"weight":0.0,"played":[1.0,0.0],"evs":[0.0,-0.37429]},"86o":{"weight":0.0,"played":[1.0,0.0],"evs":[0.0,-0.5436]},"96o":{"weight":0.0,"played":[1.0,0.0],"evs":[0.0,-0.77862]},"T6o":{"weight":0.0,"played":[1.0,0.0],"evs":[0.0,-0.92888]},"J6o":{"weight":0.0,"played":[1.0,0.0],"evs":[0.0,-1.02925]},"Q6o":{"weight":0.0,"played":[1.0,0.0],"evs":[0.0,-0.81724]},"K6o":{"weight":0.0,"played":[1.0,0.0],"evs":[0.0,-0.67506]},"A6o":{"weight":0.0,"played":[1.0,0.0],"evs":[0.0,-0.57099]},"72s":{"weight":0.0,"played":[1.0,0.0],"evs":[0.0,-0.81422]},"73s":{"weight":0.0,"played":[0.9997,3.0E-4],"evs":[0.0,-0.43773]},"74s":{"weight":0.0,"played":[0.9922,0.0078],"evs":[0.0,-0.23463]},"75s":{"weight":0.0,"played":[0.5385,0.4615],"evs":[0.0,0.07194]},"76s":{"weight":0.0,"played":[0.087,0.913],"evs":[0.0,0.31729]},"77":{"weight":0.0,"played":[9.0E-4,0.9991],"evs":[0.0,0.90767]},"87o":{"weight":0.0,"played":[1.0,0.0],"evs":[0.0,-0.46344]},"97o":{"weight":0.0,"played":[1.0,0.0],"evs":[0.0,-0.62469]},"T7o":{"weight":0.0,"played":[0.9999,1.0E-4],"evs":[0.0,-0.84404]},"J7o":{"weight":0.0,"played":[1.0,0.0],"evs":[0.0,-0.89558]},"Q7o":{"weight":0.0,"played":[1.0,0.0],"evs":[0.0,-0.98559]},"K7o":{"weight":0.0,"played":[1.0,0.0],"evs":[0.0,-0.75613]},"A7o":{"weight":0.0,"played":[1.0,0.0],"evs":[0.0,-0.43486]},"82s":{"weight":0.0,"played":[0.9999,1.0E-4],"evs":[0.0,-0.80352]},"83s":{"weight":0.0,"played":[1.0,0.0],"evs":[0.0,-0.61969]},"84s":{"weight":0.0,"played":[1.0,0.0],"evs":[0.0,-0.39358]},"85s":{"weight":0.0,"played":[0.9449,0.0551],"evs":[0.0,-0.02375]},"86s":{"weight":0.0,"played":[0.3539,0.6461],"evs":[0.0,0.12352]},"87s":{"weight":0.0,"played":[0.3499,0.6501],"evs":[0.0,0.23361]},"88":{"weight":0.0,"played":[0.0,1.0],"evs":[0.0,1.15828]},"98o":{"weight":0.0,"played":[0.9992,8.0E-4],"evs":[0.0,-0.48845]},"T8o":{"weight":0.0,"played":[1.0,0.0],"evs":[0.0,-0.51935]},"J8o":{"weight":0.0,"played":[1.0,0.0],"evs":[0.0,-0.54904]},"Q8o":{"weight":0.0,"played":[1.0,0.0],"evs":[0.0,-0.63655]},"K8o":{"weight":0.0,"played":[0.9999,1.0E-4],"evs":[0.0,-0.59589]},"A8o":{"weight":0.0,"played":[1.0,0.0],"evs":[0.0,-0.26471]},"92s":{"weight":0.0,"played":[1.0,0.0],"evs":[0.0,-0.64161]},"93s":{"weight":0.0,"played":[0.9992,8.0E-4],"evs":[0.0,-0.49119]},"94s":{"weight":0.0,"played":[0.9996,4.0E-4],"evs":[0.0,-0.55621]},"95s":{"weight":0.0,"played":[0.929,0.071],"evs":[0.0,-0.16731]},"96s":{"weight":0.0,"played":[0.6898,0.3102],"evs":[0.0,0.07422]},"97s":{"weight":0.0,"played":[0.6756,0.3244],"evs":[0.0,0.03685]},"98s":{"weight":0.0,"played":[2.0E-4,0.9998],"evs":[0.0,0.17002]},"99":{"weight":0.0,"played":[0.0,1.0],"evs":[0.0,1.63899]},"T9o":{"weight":0.0,"played":[0.9983,0.0017],"evs":[0.0,-0.4628]},"J9o":{"weight":0.0,"played":[0.9886,0.0114],"evs":[0.0,-0.32925]},"Q9o":{"weight":0.0,"played":[0.9999,1.0E-4],"evs":[0.0,-0.44582]},"K9o":{"weight":0.0,"played":[1.0,0.0],"evs":[0.0,-0.55531]},"A9o":{"weight":0.0,"played":[0.9999,1.0E-4],"evs":[0.0,-0.2911]},"T2s":{"weight":0.0,"played":[1.0,0.0],"evs":[0.0,-0.50743]},"T3s":{"weight":0.0,"played":[0.9977,0.0023],"evs":[0.0,-0.65593]},"T4s":{"weight":0.0,"played":[0.9997,3.0E-4],"evs":[0.0,-0.5683]},"T5s":{"weight":0.0,"played":[0.9991,9.0E-4],"evs":[0.0,-0.4172]},"T6s":{"weight":0.0,"played":[0.9651,0.0349],"evs":[0.0,-0.31022]},"T7s":{"weight":0.0,"played":[0.7345,0.2655],"evs":[0.0,-0.0735]},"T8s":{"weight":0.0,"played":[0.2487,0.7513],"evs":[0.0,0.01945]},"T9s":{"weight":0.0,"played":[1.0E-4,0.9999],"evs":[0.0,0.31462]},"TT":{"weight":0.0,"played":[0.0,1.0],"evs":[0.0,2.49589]},"JTo":{"weight":0.0,"played":[0.9963,0.0037],"evs":[0.0,-0.16322]},"QTo":{"weight":0.0,"played":[0.9867,0.0133],"evs":[0.0,-0.19911]},"KTo":{"weight":0.0,"played":[0.9316,0.0684],"evs":[0.0,-0.28614]},"ATo":{"weight":0.0,"played":[0.0527,0.9473],"evs":[0.0,0.1765]},"J2s":{"weight":0.0,"played":[0.9996,4.0E-4],"evs":[0.0,-0.56019]},"J3s":{"weight":0.0,"played":[0.9999,1.0E-4],"evs":[0.0,-0.34015]},"J4s":{"weight":0.0,"played":[0.9988,0.0012],"evs":[0.0,-0.22539]},"J5s":{"weight":0.0,"played":[0.8922,0.1078],"evs":[0.0,-0.0903]},"J6s":{"weight":0.0,"played":[0.9603,0.0397],"evs":[0.0,-0.15237]},"J7s":{"weight":0.0,"played":[0.9045,0.0955],"evs":[0.0,-0.10038]},"J8s":{"weight":0.0,"played":[0.4881,0.5119],"evs":[0.0,0.05226]},"J9s":{"weight":0.0,"played":[3.0E-4,0.9997],"evs":[0.0,0.42895]},"JTs":{"weight":0.0084,"played":[1.0E-4,0.9999],"evs":[0.0,0.58813]},"JJ":{"weight":0.0,"played":[0.0,1.0],"evs":[0.0,3.59205]},"QJo":{"weight":0.0,"played":[0.0887,0.9113],"evs":[0.0,0.11944]},"KJo":{"weight":0.0,"played":[0.0021,0.9979],"evs":[0.0,0.15279]},"AJo":{"weight":0.0,"played":[0.0,1.0],"evs":[0.0,0.66742]},"Q2s":{"weight":0.0,"played":[1.0,0.0],"evs":[0.0,-0.25813]},"Q3s":{"weight":0.0,"played":[0.9944,0.0056],"evs":[0.0,-0.13071]},"Q4s":{"weight":0.0,"played":[1.0,0.0],"evs":[0.0,-0.35561]},"Q5s":{"weight":0.0,"played":[0.3886,0.6114],"evs":[0.0,0.15498]},"Q6s":{"weight":0.0,"played":[0.9823,0.0177],"evs":[0.0,-0.08463]},"Q7s":{"weight":0.0,"played":[0.9985,0.0015],"evs":[0.0,-0.24249]},"Q8s":{"weight":0.0,"played":[0.0036,0.9964],"evs":[0.0,0.30176]},"Q9s":{"weight":0.0,"played":[0.0032,0.9968],"evs":[0.0,0.26735]},"QTs":{"weight":0.0768,"played":[1.0E-4,0.9999],"evs":[0.0,0.53079]},"QJs":{"weight":1.0,"played":[2.0E-4,0.9998],"evs":[0.0,0.75441]},"QQ":{"weight":0.0,"played":[0.0,1.0],"evs":[0.0,5.34965]},"KQo":{"weight":1.0E-4,"played":[6.0E-4,0.9994],"evs":[0.0,0.42997]},"AQo":{"weight":0.0,"played":[0.0,1.0],"evs":[0.0,1.33069]},"K2s":{"weight":0.0,"played":[0.9711,0.0289],"evs":[0.0,-0.02028]},"K3s":{"weight":0.0,"played":[0.6321,0.3679],"evs":[0.0,-0.07773]},"K4s":{"weight":0.0,"played":[0.8558,0.1442],"evs":[0.0,0.02897]},"K5s":{"weight":0.0,"played":[0.2341,0.7659],"evs":[0.0,0.16248]},"K6s":{"weight":0.0,"played":[0.0963,0.9037],"evs":[0.0,0.21967]},"K7s":{"weight":0.0,"played":[0.3292,0.6708],"evs":[0.0,0.02123]},"K8s":{"weight":0.0,"played":[0.6052,0.3948],"evs":[0.0,0.19185]},"K9s":{"weight":0.0,"played":[0.0463,0.9537],"evs":[0.0,0.15743]},"KTs":{"weight":0.9048,"played":[1.0E-4,0.9999],"evs":[0.0,0.53487]},"KJs":{"weight":0.0063,"played":[0.0,1.0],"evs":[0.0,1.08612]},"KQs":{"weight":2.0E-4,"played":[0.0,1.0],"evs":[0.0,1.13955]},"KK":{"weight":0.0,"played":[0.0,1.0],"evs":[0.0,7.69984]},"AKo":{"weight":0.0,"played":[0.0,1.0],"evs":[0.0,2.82302]},"A2s":{"weight":0.0,"played":[0.0223,0.9777],"evs":[0.0,0.28604]},"A3s":{"weight":0.0,"played":[0.0076,0.9924],"evs":[0.0,0.55422]},"A4s":{"weight":0.0,"played":[0.0028,0.9972],"evs":[0.0,0.34422]},"A5s":{"weight":0.0078,"played":[2.0E-4,0.9998],"evs":[0.0,0.51394]},"A6s":{"weight":0.0,"played":[0.1652,0.8348],"evs":[0.0,0.34421]},"A7s":{"weight":0.1751,"played":[0.0015,0.9985],"evs":[0.0,0.37414]},"A8s":{"weight":0.0015,"played":[0.0,1.0],"evs":[0.0,0.37763]},"A9s":{"weight":0.0,"played":[0.0109,0.9891],"evs":[0.0,0.47514]},"ATs":{"weight":0.0,"played":[1.0E-4,0.9999],"evs":[0.0,0.82054]},"AJs":{"weight":0.0,"played":[1.0E-4,0.9999],"evs":[0.0,1.32442]},"AQs":{"weight":0.0,"played":[0.0,1.0],"evs":[0.0,1.97806]},"AKs":{"weight":0.0,"played":[0.0,1.0],"evs":[0.0,3.32313]},"AA":{"weight":0.0671,"played":[0.0,1.0],"evs":[0.0,10.3534]}}}