{"player":0,"street":0,"children":3,"sequence":[{"player":0,"type":"R","amount":200000,"street":0},{"player":1,"type":"C","amount":200000,"street":0},{"player":2,"type":"F","amount":0,"street":0},{"player":3,"type":"R","amount":600000,"street":0},{"player":4,"type":"F","amount":0,"street":0},{"player":5,"type":"R","amount":2335000,"street":0}],"actions":[{"type":"F","amount":0,"node":424},{"type":"C","amount":2135000,"node":427},{"type":"R","amount":3605000,"node":432}],"hands":{"22":{"weight":0.9786,"played":[0.9836,1.0E-4,0.0163],"evs":[0.0,-2.44698,-2.74126]},"32o":{"weight":0.0,"played":[0.9994,2.0E-4,5.0E-4],"evs":[0.0,-8.16574,-8.15087]},"42o":{"weight":0.0,"played":[1.0,0.0,0.0],"evs":[0.0,-8.06623,-8.8311]},"52o":{"weight":0.0,"played":[0.9962,7.0E-4,0.0031],"evs":[0.0,-6.79471,-6.94981]},"62o":{"weight":0.0,"played":[0.9987,5.0E-4,8.0E-4],"evs":[0.0,-7.46354,-7.87509]},"72o":{"weight":0.0,"played":[1.0,0.0,0.0],"evs":[0.0,-7.97917,-8.47158]},"82o":{"weight":0.0,"played":[0.999,0.0,0.001],"evs":[0.0,-8.72654,-8.05958]},"92o":{"weight":0.0,"played":[1.0,0.0,0.0],"evs":[0.0,-9.07983,-8.27782]},"T2o":{"weight":0.0,"played":[0.9999,0.0,0.0],"evs":[0.0,-7.67689,-7.61506]},"J2o":{"weight":0.0,"played":[0.9999,1.0E-4,1.0E-4],"evs":[0.0,-9.4739,-10.10394]},"Q2o":{"weight":0.0,"played":[0.9999,0.0,1.0E-4],"evs":[0.0,-9.21359,-9.65906]},"K2o":{"weight":0.0,"played":[0.9945,0.0027,0.0027],"evs":[0.0,-9.26662,-9.09381]},"A2o":{"weight":0.0,"played":[0.9959,0.0026,0.0016],"evs":[0.0,-6.58514,-5.62666]},"32s":{"weight":0.0,"played":[0.9788,2.0E-4,0.021],"evs":[0.0,-9.15389,-8.30291]},"33":{"weight":1.0,"played":[0.9938,0.0042,0.0019],"evs":[0.0,-1.48423,-2.61345]},"43o":{"weight":0.0,"played":[0.9999,0.0,0.0],"evs":[0.0,-4.93567,-6.00654]},"53o":{"weight":0.0,"played":[1.0,0.0,0.0],"evs":[0.0,-7.73701,-8.33509]},"63o":{"weight":0.0,"played":[0.9993,0.0,7.0E-4],"evs":[0.0,-7.42194,-7.85733]},"73o":{"weight":0.0,"played":[0.9954,0.0,0.0046],"evs":[0.0,-6.34876,-6.93994]},"83o":{"weight":0.0,"played":[0.9997,0.0,3.0E-4],"evs":[0.0,-7.39069,-8.21723]},"93o":{"weight":0.0,"played":[0.9999,1.0E-4,1.0E-4],"evs":[0.0,-8.12149,-8.01245]},"T3o":{"weight":0.0,"played":[0.9988,1.0E-4,0.001],"evs":[0.0,-9.39085,-9.08468]},"J3o":{"weight":0.0,"played":[0.9995,4.0E-4,1.0E-4],"evs":[0.0,-8.4304,-8.78192]},"Q3o":{"weight":0.0,"played":[0.9983,2.0E-4,0.0014],"evs":[0.0,-8.65393,-9.16288]},"K3o":{"weight":0.0,"played":[0.9999,1.0E-4,0.0],"evs":[0.0,-6.91675,-6.73831]},"A3o":{"weight":0.0,"played":[0.9992,3.0E-4,5.0E-4],"evs":[0.0,-5.22582,-5.79496]},"42s":{"weight":0.0,"played":[0.9966,1.0E-4,0.0032],"evs":[0.0,-7.13967,-8.39088]},"43s":{"weight":0.0,"played":[0.9998,2.0E-4,0.0],"evs":[0.0,-4.10285,-4.09799]},"44":{"weight":1.0,"played":[0.9877,0.0093,0.003],"evs":[0.0,-3.51981,-3.60155]},"54o":{"weight":0.0,"played":[0.9999,0.0,1.0E-4],"evs":[0.0,-5.04659,-5.09122]},"64o":{"weight":0.0,"played":[0.9994,2.0E-4,4.0E-4],"evs":[0.0,-3.30667,-4.11316]},"74o":{"weight":0.0,"played":[0.9999,1.0E-4,0.0],"evs":[0.0,-7.67316,-7.9363]},"84o":{"weight":0.0,"played":[1.0,0.0,0.0],"evs":[0.0,-8.80496,-8.46072]},"94o":{"weight":0.0,"played":[0.9994,2.0E-4,4.0E-4],"evs":[0.0,-7.87226,-8.68133]},"T4o":{"weight":0.0,"played":[0.9994,3.0E-4,3.0E-4],"evs":[0.0,-6.88418,-7.20139]},"J4o":{"weight":0.0,"played":[0.9991,0.0,9.0E-4],"evs":[0.0,-8.69407,-9.40978]},"Q4o":{"weight":0.0,"played":[0.9968,3.0E-4,0.0028],"evs":[0.0,-7.85601,-7.64247]},"K4o":{"weight":0.0,"played":[0.9984,0.0012,5.0E-4],"evs":[0.0,-8.71558,-8.67525]},"A4o":{"weight":0.0,"played":[0.9966,1.0E-4,0.0032],"evs":[0.0,-4.76146,-4.63322]},"52s":{"weight":0.0,"played":[0.9857,0.0092,0.0051],"evs":[0.0,-7.09261,-5.96731]},"53s":{"weight":0.0,"played":[0.9689,0.023,0.0081],"evs":[0.0,-1.65417,-2.8188]},"54s":{"weight":0.0,"played":[0.9611,0.0,0.0389],"evs":[0.0,-3.94839,-3.86531]},"55":{"weight":1.0,"played":[0.9004,0.0434,0.0562],"evs":[0.0,-1.81953,-2.04628]},"65o":{"weight":0.0,"played":[0.9996,2.0E-4,3.0E-4],"evs":[0.0,-4.92678,-5.73149]},"75o":{"weight":0.0,"played":[0.9981,6.0E-4,0.0014],"evs":[0.0,-4.6875,-4.96966]},"85o":{"weight":0.0,"played":[1.0,0.0,0.0],"evs":[0.0,-6.36047,-6.52006]},"95o":{"weight":0.0,"played":[0.9926,0.0,0.0074],"evs":[0.0,-5.46549,-6.64162]},"T5o":{"weight":0.0,"played":[0.9967,0.0,0.0033],"evs":[0.0,-9.98033,-9.06679]},"J5o":{"weight":0.0,"played":[0.9997,2.0E-4,1.0E-4],"evs":[0.0,-9.63424,-8.32875]},"Q5o":{"weight":0.0,"played":[0.9989,9.0E-4,2.0E-4],"evs":[0.0,-9.88957,-8.47978]},"K5o":{"weight":0.0,"played":[0.9974,2.0E-4,0.0024],"evs":[0.0,-5.66771,-5.72123]},"A5o":{"weight":0.0,"played":[0.9894,5.0E-4,0.0102],"evs":[0.0,-5.29718,-5.32851]},"62s":{"weight":0.0,"played":[0.9995,5.0E-4,0.0],"evs":[0.0,-5.20209,-5.737]},"63s":{"weight":0.0,"played":[0.9978,0.0,0.0022],"evs":[0.0,-4.31171,-6.08607]},"64s":{"weight":0.0,"played":[0.7014,0.1367,0.1619],"evs":[0.0,-2.1244,-3.15524]},"65s":{"weight":0.0,"played":[0.6528,0.1884,0.1588],"evs":[0.0,-1.60324,-2.19537]},"66":{"weight":1.0,"played":[0.795,0.0019,0.2031],"evs":[0.0,-2.13841,-2.37489]},"76o":{"weight":0.0,"played":[0.9991,8.0E-4,1.0E-4],"evs":[0.0,-3.93425,-4.50003]},"86o":{"weight":0.0,"played":[0.9985,0.0,0.0014],"evs":[0.0,-6.90012,-6.75754]},"96o":{"weight":0.0,"played":[0.9992,0.0,8.0E-4],"evs":[0.0,-6.02005,-5.64958]},"T6o":{"weight":0.0,"played":[0.9994,1.0E-4,5.0E-4],"evs":[0.0,-7.30597,-6.61139]},"J6o":{"weight":0.0,"played":[0.9994,0.0,5.0E-4],"evs":[0.0,-7.66475,-7.79065]},"Q6o":{"weight":0.0,"played":[0.9857,0.0069,0.0074],"evs":[0.0,-7.16751,-6.83102]},"K6o":{"weight":0.0,"played":[0.9995,0.0,5.0E-4],"evs":[0.0,-5.21591,-5.48327]},"A6o":{"weight":0.0,"played":[0.9972,8.0E-4,0.002],"evs":[0.0,-6.52123,-6.43671]},"72s":{"weight":0.0,"played":[0.9327,0.0292,0.0381],"evs":[0.0,-5.57944,-6.07827]},"73s":{"weight":0.0,"played":[0.9883,0.0,0.0116],"evs":[0.0,-8.82886,-7.87683]},"74s":{"weight":0.0,"played":[0.9287,0.0197,0.0516],"evs":[0.0,-4.35975,-4.9019]},"75s":{"weight":0.0,"played":[0.7407,0.0354,0.224],"evs":[0.0,-4.46972,-3.2408]},"76s":{"weight":0.9977,"played":[0.9996,1.0E-4,3.0E-4],"evs":[0.0,-5.52343,-5.55332]},"77":{"weight":1.0,"played":[0.2214,0.7317,0.0469],"evs":[0.0,-0.8635,-0.73624]},"87o":{"weight":0.0,"played":[0.9964,0.0017,0.0019],"evs":[0.0,-4.89688,-5.54297]},"97o":{"weight":0.0,"played":[0.9972,0.0019,9.0E-4],"evs":[0.0,-4.7832,-5.55173]},"T7o":{"weight":0.0,"played":[0.9686,0.0021,0.0293],"evs":[0.0,-6.21908,-5.17636]},"J7o":{"weight":0.0,"played":[0.9995,3.0E-4,2.0E-4],"evs":[0.0,-8.00552,-6.50486]},"Q7o":{"weight":0.0,"played":[0.9999,0.0,1.0E-4],"evs":[0.0,-7.2259,-6.75085]},"K7o":{"weight":0.0,"played":[0.9997,3.0E-4,0.0],"evs":[0.0,-7.15439,-6.85854]},"A7o":{"weight":1.0E-4,"played":[0.9951,4.0E-4,0.0045],"evs":[0.0,-7.04112,-6.97341]},"82s":{"weight":0.0,"played":[0.9879,4.0E-4,0.0117],"evs":[0.0,-7.56637,-8.51901]},"83s":{"weight":0.0,"played":[0.999,0.0,0.001],"evs":[0.0,-8.01032,-7.99136]},"84s":{"weight":0.0,"played":[0.9452,0.0076,0.0472],"evs":[0.0,-2.42748,-1.52528]},"85s":{"weight":0.0,"played":[0.9679,1.0E-4,0.032],"evs":[0.0,-6.36404,-6.66755]},"86s":{"weight":0.0,"played":[0.9966,0.0,0.0034],"evs":[0.0,-5.05365,-4.36451]},"87s":{"weight":0.9999,"played":[0.9943,4.0E-4,0.0053],"evs":[0.0,-4.42081,-4.00495]},"88":{"weight":1.0,"played":[0.5909,0.1787,0.2304],"evs":[0.0,-1.32962,-0.6814]},"98o":{"weight":0.0,"played":[0.9979,0.0,0.002],"evs":[0.0,-4.34314,-3.53339]},"T8o":{"weight":0.0,"played":[0.9917,1.0E-4,0.0082],"evs":[0.0,-6.81402,-6.92987]},"J8o":{"weight":0.0,"played":[0.9985,1.0E-4,0.0014],"evs":[0.0,-6.83192,-6.87658]},"Q8o":{"weight":0.0,"played":[0.9924,0.0,0.0076],"evs":[0.0,-6.50136,-6.49343]},"K8o":{"weight":0.0,"played":[0.9898,0.0016,0.0086],"evs":[0.0,-7.41236,-6.59557]},"A8o":{"weight":1.0,"played":[0.9986,0.0,0.0013],"evs":[0.0,-6.13404,-5.47711]},"92s":{"weight":0.0,"played":[0.9984,2.0E-4,0.0014],"evs":[0.0,-7.15036,-7.23746]},"93s":{"weight":0.0,"played":[0.9994,5.0E-4,1.0E-4],"evs":[0.0,-4.05846,-4.19479]},"94s":{"weight":0.0,"played":[0.9872,0.0089,0.0039],"evs":[0.0,-6.73577,-6.72306]},"95s":{"weight":0.0,"played":[0.9925,0.0,0.0075],"evs":[0.0,-2.92824,-2.45368]},"96s":{"weight":0.0,"played":[0.9927,0.0029,0.0044],"evs":[0.0,-3.6063,-2.67953]},"97s":{"weight":0.9507,"played":[0.9791,0.0,0.0209],"evs":[0.0,-5.59684,-5.01426]},"98s":{"weight":1.0,"played":[0.9712,0.0285,3.0E-4],"evs":[0.0,-3.35585,-4.34193]},"99":{"weight":0.9994,"played":[8.0E-4,0.2294,0.7698],"evs":[0.0,3.26541,3.54919]},"T9o":{"weight":0.0,"played":[0.9997,1.0E-4,2.0E-4],"evs":[0.0,-4.75621,-4.28796]},"J9o":{"weight":0.0,"played":[0.9995,0.0,5.0E-4],"evs":[0.0,-4.8483,-4.53853]},"Q9o":{"weight":0.0,"played":[0.9932,5.0E-4,0.0063],"evs":[0.0,-6.46359,-5.00266]},"K9o":{"weight":0.0,"played":[0.9996,0.0,4.0E-4],"evs":[0.0,-4.91969,-5.26157]},"A9o":{"weight":1.0,"played":[0.9988,0.0,0.0012],"evs":[0.0,-5.17791,-5.29153]},"T2s":{"weight":0.0,"played":[0.9986,0.0014,0.0],"evs":[0.0,-5.95197,-5.54224]},"T3s":{"weight":0.0,"played":[0.987,6.0E-4,0.0124],"evs":[0.0,-5.87564,-5.97866]},"T4s":{"weight":0.0,"played":[0.9624,0.0022,0.0354],"evs":[0.0,-5.44536,-3.55396]},"T5s":{"weight":0.0,"played":[0.9841,0.0022,0.0137],"evs":[0.0,-4.21774,-5.26366]},"T6s":{"weight":0.0,"played":[0.9763,0.0229,8.0E-4],"evs":[0.0,-5.93719,-5.48937]},"T7s":{"weight":0.0,"played":[0.9992,6.0E-4,2.0E-4],"evs":[0.0,-2.04451,-3.14433]},"T8s":{"weight":1.0,"played":[1.0,0.0,0.0],"evs":[0.0,-5.48278,-4.63438]},"T9s":{"weight":1.0,"played":[0.925,0.0191,0.0559],"evs":[0.0,-1.63776,-1.57975]},"TT":{"weight":1.0,"played":[0.0,0.3027,0.6973],"evs":[0.0,1.20124,1.83401]},"JTo":{"weight":0.2733,"played":[0.9882,0.0042,0.0076],"evs":[0.0,-5.23585,-4.62805]},"QTo":{"weight":0.9097,"played":[0.9999,0.0,1.0E-4],"evs":[0.0,-4.03428,-3.66481]},"KTo":{"weight":1.0,"played":[0.9902,0.007,0.0028],"evs":[0.0,-4.66017,-4.6042]},"ATo":{"weight":1.0,"played":[0.9971,2.0E-4,0.0027],"evs":[0.0,-5.42038,-6.00962]},"J2s":{"weight":0.0,"played":[0.9933,0.0026,0.0041],"evs":[0.0,-7.35392,-5.22677]},"J3s":{"weight":0.0,"played":[0.9989,0.0,0.0011],"evs":[0.0,-5.93515,-3.72747]},"J4s":{"weight":0.0,"played":[0.8743,0.0741,0.0516],"evs":[0.0,-5.38813,-5.447]},"J5s":{"weight":0.0,"played":[0.616,0.0015,0.3825],"evs":[0.0,-1.73534,-0.45782]},"J6s":{"weight":0.0,"played":[1.0,0.0,0.0],"evs":[0.0,-7.17742,-6.89888]},"J7s":{"weight":0.0,"played":[0.957,0.0188,0.0241],"evs":[0.0,-5.08882,-4.77052]},"J8s":{"weight":0.9965,"played":[0.99,2.0E-4,0.0099],"evs":[0.0,-5.2017,-4.86423]},"J9s":{"weight":1.0,"played":[0.9777,3.0E-4,0.022],"evs":[0.0,-4.10232,-3.98089]},"JTs":{"weight":0.9997,"played":[0.8768,1.0E-4,0.1231],"evs":[0.0,-5.21562,-3.67866]},"JJ":{"weight":1.0,"played":[1.0E-4,0.3621,0.6378],"evs":[0.0,6.73739,7.90039]},"QJo":{"weight":1.0,"played":[0.9995,2.0E-4,3.0E-4],"evs":[0.0,-7.12205,-7.24515]},"KJo":{"weight":1.0,"played":[0.9258,0.0367,0.0375],"evs":[0.0,-5.33408,-4.71964]},"AJo":{"weight":1.0,"played":[0.9397,0.0412,0.0191],"evs":[0.0,-4.38528,-3.80371]},"Q2s":{"weight":0.0,"played":[0.9987,1.0E-4,0.0012],"evs":[0.0,-6.9368,-6.75114]},"Q3s":{"weight":0.0,"played":[0.9899,0.0047,0.0053],"evs":[0.0,-6.44714,-5.6256]},"Q4s":{"weight":0.0,"played":[0.9992,2.0E-4,6.0E-4],"evs":[0.0,-10.09735,-9.1194]},"Q5s":{"weight":0.0,"played":[0.9348,0.0062,0.0589],"evs":[0.0,-6.93303,-6.22881]},"Q6s":{"weight":0.0,"played":[0.9617,0.0227,0.0156],"evs":[0.0,-5.00996,-3.90443]},"Q7s":{"weight":0.0,"played":[0.9987,4.0E-4,9.0E-4],"evs":[0.0,-6.67102,-6.12599]},"Q8s":{"weight":0.9989,"played":[0.9926,6.0E-4,0.0068],"evs":[0.0,-4.66454,-4.95579]},"Q9s":{"weight":1.0,"played":[0.9792,0.0018,0.0191],"evs":[0.0,-5.06579,-3.73722]},"QTs":{"weight":1.0,"played":[0.9159,0.0404,0.0437],"evs":[0.0,-3.75712,-3.81008]},"QJs":{"weight":1.0,"played":[0.7601,0.007,0.2329],"evs":[0.0,-3.0493,-1.57768]},"QQ":{"weight":1.0,"played":[0.0,0.2913,0.7087],"evs":[0.0,8.4149,8.39521]},"KQo":{"weight":0.9998,"played":[0.9989,6.0E-4,6.0E-4],"evs":[0.0,-4.17084,-3.22586]},"AQo":{"weight":1.0,"played":[0.7393,0.1286,0.132],"evs":[0.0,-0.3012,-0.13522]},"K2s":{"weight":0.0,"played":[0.9989,3.0E-4,8.0E-4],"evs":[0.0,-4.08021,-4.90646]},"K3s":{"weight":0.0,"played":[0.9273,0.0237,0.0491],"evs":[0.0,-7.73992,-6.45786]},"K4s":{"weight":0.0,"played":[0.8632,1.0E-4,0.1367],"evs":[0.0,-2.22403,-3.11215]},"K5s":{"weight":2.0E-4,"played":[0.9855,0.0011,0.0134],"evs":[0.0,-8.13443,-7.89566]},"K6s":{"weight":0.9562,"played":[0.9965,0.0012,0.0024],"evs":[0.0,-3.96,-3.99312]},"K7s":{"weight":1.0,"played":[0.9991,6.0E-4,3.0E-4],"evs":[0.0,-4.71441,-4.23427]},"K8s":{"weight":1.0,"played":[0.9306,0.0182,0.0512],"evs":[0.0,-3.13556,-2.95336]},"K9s":{"weight":1.0,"played":[0.9775,0.0089,0.0136],"evs":[0.0,-2.84846,-3.14751]},"KTs":{"weight":0.9998,"played":[0.9625,0.0276,0.0098],"evs":[0.0,-4.11984,-5.14647]},"KJs":{"weight":1.0,"played":[0.6364,0.1545,0.2091],"evs":[0.0,-0.1989,-1.34104]},"KQs":{"weight":1.0,"played":[0.9515,0.0048,0.0437],"evs":[0.0,-2.16694,-0.71235]},"KK":{"weight":1.0,"played":[0.0,0.5311,0.4689],"evs":[0.0,14.74547,15.00006]},"AKo":{"weight":0.999,"played":[1.0E-4,0.4891,0.5108],"evs":[0.0,2.24987,1.72851]},"A2s":{"weight":1.0,"played":[0.9001,0.0656,0.0344],"evs":[0.0,-1.46097,-2.06021]},"A3s":{"weight":1.0,"played":[0.9781,0.0188,0.0031],"evs":[0.0,-3.07926,-3.26576]},"A4s":{"weight":1.0,"played":[0.9992,7.0E-4,1.0E-4],"evs":[0.0,-5.1694,-4.78278]},"A5s":{"weight":1.0,"played":[0.4792,0.2551,0.2657],"evs":[0.0,-0.79719,-0.31485]},"A6s":{"weight":1.0,"played":[0.9955,5.0E-4,0.004],"evs":[0.0,-4.47338,-4.88244]},"A7s":{"weight":1.0,"played":[0.985,0.0087,0.0063],"evs":[0.0,-6.50515,-6.60094]},"A8s":{"weight":1.0,"played":[0.8198,0.0147,0.1655],"evs":[0.0,-2.44293,-2.09709]},"A9s":{"weight":1.0,"played":[0.7608,0.0029,0.2363],"evs":[0.0,-0.67731,-0.08745]},"ATs":{"weight":1.0,"played":[0.9947,1.0E-4,0.0053],"evs":[0.0,-4.15036,-4.64717]},"AJs":{"weight":1.0,"played":[0.812,0.0759,0.1121],"evs":[0.0,-1.90712,-2.71234]},"AQs":{"weight":1.0,"played":[0.4975,5.0E-4,0.502],"evs":[0.0,-1.43983,-0.6288]},"AKs":{"weight":1.0,"played":[0.012,0.6272,0.3608],"evs":[0.0,5.1179,4.83996]},"AA":{"weight":1.0,"played":[0.0,0.3682,0.6318],"evs":[0.0,24.45318,24.41777]}}}