{"player":5,"street":0,"children":2,"sequence":[{"player":0,"type":"R","amount":200000,"street":0},{"player":1,"type":"C","amount":200000,"street":0},{"player":2,"type":"F","amount":0,"street":0},{"player":3,"type":"R","amount":600000,"street":0},{"player":4,"type":"R","amount":1345000,"street":0}],"actions":[{"type":"F","amount":0,"node":436},{"type":"R","amount":2335000,"node":448}],"hands":{"22":{"weight":1.0,"played":[0.9763,0.0237],"evs":[0.0,-4.20419]},"32o":{"weight":1.0,"played":[0.997,0.003],"evs":[0.0,-5.49208]},"42o":{"weight":1.0,"played":[1.0,0.0],"evs":[0.0,-5.88147]},"52o":{"weight":1.0,"played":[0.9937,0.0063],"evs":[0.0,-3.85294]},"62o":{"weight":1.0,"played":[0.9981,0.0019],"evs":[0.0,-7.8273]},"72o":{"weight":1.0,"played":[0.9915,0.0085],"evs":[0.0,-7.02852]},"82o":{"weight":1.0,"played":[1.0,0.0],"evs":[0.0,-6.41927]},"92o":{"weight":1.0,"played":[0.9988,0.0012],"evs":[0.0,-6.58854]},"T2o":{"weight":1.0,"played":[0.9997,3.0E-4],"evs":[0.0,-6.24441]},"J2o":{"weight":1.0,"played":[0.9998,2.0E-4],"evs":[0.0,-8.77601]},"Q2o":{"weight":1.0,"played":[0.9997,3.0E-4],"evs":[0.0,-6.45495]},"K2o":{"weight":1.0,"played":[0.9929,0.0071],"evs":[0.0,-6.39148]},"A2o":{"weight":1.0,"played":[0.9983,0.0017],"evs":[0.0,-4.74832]},"32s":{"weight":1.0,"played":[0.9796,0.0204],"evs":[0.0,-2.42111]},"33":{"weight":1.0,"played":[0.4576,0.5424],"evs":[0.0,-2.38372]},"43o":{"weight":1.0,"played":[0.999,0.001],"evs":[0.0,-3.591]},"53o":{"weight":1.0,"played":[0.9983,0.0017],"evs":[0.0,-4.68069]},"63o":{"weight":1.0,"played":[0.9996,4.0E-4],"evs":[0.0,-5.05596]},"73o":{"weight":1.0,"played":[0.9995,5.0E-4],"evs":[0.0,-5.55318]},"83o":{"weight":1.0,"played":[0.9999,1.0E-4],"evs":[0.0,-7.27424]},"93o":{"weight":1.0,"played":[0.9997,3.0E-4],"evs":[0.0,-6.16516]},"T3o":{"weight":1.0,"played":[1.0,0.0],"evs":[0.0,-7.59519]},"J3o":{"weight":1.0,"played":[0.9994,6.0E-4],"evs":[0.0,-6.40013]},"Q3o":{"weight":1.0,"played":[0.9915,0.0085],"evs":[0.0,-5.42032]},"K3o":{"weight":1.0,"played":[1.0,0.0],"evs":[0.0,-6.15932]},"A3o":{"weight":1.0,"played":[1.0,0.0],"evs":[0.0,-3.90269]},"42s":{"weight":1.0,"played":[0.9586,0.0414],"evs":[0.0,-2.02965]},"43s":{"weight":1.0,"played":[0.9661,0.0339],"evs":[0.0,-3.02041]},"44":{"weight":1.0,"played":[0.3025,0.6975],"evs":[0.0,0.25684]},"54o":{"weight":1.0,"played":[0.9965,0.0035],"evs":[0.0,-3.42624]},"64o":{"weight":1.0,"played":[0.9992,8.0E-4],"evs":[0.0,-3.66146]},"74o":{"weight":1.0,"played":[0.9965,0.0035],"evs":[0.0,-5.83763]},"84o":{"weight":1.0,"played":[0.9977,0.0023],"evs":[0.0,-4.94544]},"94o":{"weight":1.0,"played":[0.9999,1.0E-4],"evs":[0.0,-6.77876]},"T4o":{"weight":1.0,"played":[0.9983,0.0017],"evs":[0.0,-7.40742]},"J4o":{"weight":1.0,"played":[1.0,0.0],"evs":[0.0,-5.91311]},"Q4o":{"weight":1.0,"played":[0.9995,5.0E-4],"evs":[0.0,-6.25361]},"K4o":{"weight":1.0,"played":[0.9984,0.0016],"evs":[0.0,-6.31573]},"A4o":{"weight":1.0,"played":[0.9981,0.0019],"evs":[0.0,-4.02676]},"52s":{"weight":1.0,"played":[0.9943,0.0057],"evs":[0.0,-2.70564]},"53s":{"weight":1.0,"played":[0.9007,0.0993],"evs":[0.0,-1.8355]},"54s":{"weight":1.0,"played":[0.6731,0.3269],"evs":[0.0,-0.5724]},"55":{"weight":1.0,"played":[0.9719,0.0281],"evs":[0.0,-2.50143]},"65o":{"weight":1.0,"played":[0.9775,0.0225],"evs":[0.0,-4.0983]},"75o":{"weight":1.0,"played":[0.9997,3.0E-4],"evs":[0.0,-1.53527]},"85o":{"weight":1.0,"played":[0.9991,9.0E-4],"evs":[0.0,-4.30833]},"95o":{"weight":1.0,"played":[0.9994,6.0E-4],"evs":[0.0,-5.04636]},"T5o":{"weight":1.0,"played":[0.9596,0.0404],"evs":[0.0,-7.02426]},"J5o":{"weight":1.0,"played":[0.9986,0.0014],"evs":[0.0,-7.04627]},"Q5o":{"weight":1.0,"played":[0.9962,0.0038],"evs":[0.0,-7.32904]},"K5o":{"weight":1.0,"played":[0.987,0.013],"evs":[0.0,-4.80618]},"A5o":{"weight":1.0,"played":[1.0,0.0],"evs":[0.0,-5.95024]},"62s":{"weight":1.0,"played":[1.0,0.0],"evs":[0.0,-5.41456]},"63s":{"weight":1.0,"played":[0.9998,2.0E-4],"evs":[0.0,-5.3321]},"64s":{"weight":1.0,"played":[0.6839,0.3161],"evs":[0.0,-1.36461]},"65s":{"weight":1.0,"played":[0.8353,0.1647],"evs":[0.0,0.15041]},"66":{"weight":1.0,"played":[0.2045,0.7955],"evs":[0.0,1.99059]},"76o":{"weight":1.0,"played":[0.996,0.004],"evs":[0.0,-1.97118]},"86o":{"weight":1.0,"played":[0.9856,0.0144],"evs":[0.0,-2.91225]},"96o":{"weight":1.0,"played":[0.9979,0.0021],"evs":[0.0,-3.41324]},"T6o":{"weight":1.0,"played":[0.9982,0.0018],"evs":[0.0,-6.86075]},"J6o":{"weight":1.0,"played":[1.0,0.0],"evs":[0.0,-5.61895]},"Q6o":{"weight":1.0,"played":[1.0,0.0],"evs":[0.0,-5.47485]},"K6o":{"weight":1.0,"played":[0.9771,0.0229],"evs":[0.0,-4.93413]},"A6o":{"weight":1.0,"played":[0.9923,0.0077],"evs":[0.0,-3.82456]},"72s":{"weight":1.0,"played":[0.9976,0.0024],"evs":[0.0,-7.8842]},"73s":{"weight":1.0,"played":[0.997,0.003],"evs":[0.0,-3.1144]},"74s":{"weight":1.0,"played":[0.9741,0.0259],"evs":[0.0,-3.77495]},"75s":{"weight":1.0,"played":[0.9988,0.0012],"evs":[0.0,-4.38342]},"76s":{"weight":1.0,"played":[0.6485,0.3515],"evs":[0.0,1.13121]},"77":{"weight":1.0,"played":[0.3397,0.6603],"evs":[0.0,0.66614]},"87o":{"weight":1.0,"played":[0.9975,0.0025],"evs":[0.0,-2.85832]},"97o":{"weight":1.0,"played":[0.9127,0.0873],"evs":[0.0,-3.03403]},"T7o":{"weight":1.0,"played":[0.9995,5.0E-4],"evs":[0.0,-4.77293]},"J7o":{"weight":1.0,"played":[0.9998,2.0E-4],"evs":[0.0,-5.80615]},"Q7o":{"weight":1.0,"played":[0.9912,0.0088],"evs":[0.0,-6.3531]},"K7o":{"weight":1.0,"played":[0.995,0.005],"evs":[0.0,-5.85486]},"A7o":{"weight":1.0,"played":[0.9973,0.0027],"evs":[0.0,-4.90107]},"82s":{"weight":1.0,"played":[0.9983,0.0017],"evs":[0.0,-2.18777]},"83s":{"weight":1.0,"played":[0.9799,0.0201],"evs":[0.0,-4.34903]},"84s":{"weight":1.0,"played":[0.9975,0.0025],"evs":[0.0,-2.7103]},"85s":{"weight":1.0,"played":[0.9455,0.0545],"evs":[0.0,-3.14876]},"86s":{"weight":1.0,"played":[0.6164,0.3836],"evs":[0.0,-0.52598]},"87s":{"weight":1.0,"played":[0.816,0.184],"evs":[0.0,-0.39014]},"88":{"weight":1.0,"played":[0.0587,0.9413],"evs":[0.0,2.41379]},"98o":{"weight":1.0,"played":[0.9608,0.0392],"evs":[0.0,-2.01755]},"T8o":{"weight":1.0,"played":[0.9985,0.0015],"evs":[0.0,-4.78958]},"J8o":{"weight":1.0,"played":[0.9992,8.0E-4],"evs":[0.0,-5.34212]},"Q8o":{"weight":1.0,"played":[0.9603,0.0397],"evs":[0.0,-4.83587]},"K8o":{"weight":1.0,"played":[0.9999,1.0E-4],"evs":[0.0,-7.60153]},"A8o":{"weight":1.0,"played":[0.994,0.006],"evs":[0.0,-5.42319]},"92s":{"weight":1.0,"played":[0.9681,0.0319],"evs":[0.0,-4.43176]},"93s":{"weight":1.0,"played":[0.6692,0.3308],"evs":[0.0,-4.84019]},"94s":{"weight":1.0,"played":[0.6706,0.3294],"evs":[0.0,-2.31314]},"95s":{"weight":1.0,"played":[0.9897,0.0103],"evs":[0.0,-2.92454]},"96s":{"weight":1.0,"played":[0.9336,0.0664],"evs":[0.0,-2.07279]},"97s":{"weight":1.0,"played":[0.1703,0.8297],"evs":[0.0,-1.57293]},"98s":{"weight":1.0,"played":[0.6307,0.3693],"evs":[0.0,-0.32609]},"99":{"weight":1.0,"played":[0.106,0.894],"evs":[0.0,4.92807]},"T9o":{"weight":1.0,"played":[0.9954,0.0046],"evs":[0.0,-2.65655]},"J9o":{"weight":1.0,"played":[0.9963,0.0037],"evs":[0.0,-7.62865]},"Q9o":{"weight":1.0,"played":[0.9953,0.0047],"evs":[0.0,-3.16749]},"K9o":{"weight":1.0,"played":[0.9753,0.0247],"evs":[0.0,-5.7075]},"A9o":{"weight":1.0,"played":[0.9918,0.0082],"evs":[0.0,-2.62229]},"T2s":{"weight":1.0,"played":[0.4319,0.5681],"evs":[0.0,-0.39974]},"T3s":{"weight":1.0,"played":[0.997,0.003],"evs":[0.0,-1.29569]},"T4s":{"weight":1.0,"played":[0.9294,0.0706],"evs":[0.0,-2.1018]},"T5s":{"weight":1.0,"played":[0.9645,0.0355],"evs":[0.0,-4.93547]},"T6s":{"weight":1.0,"played":[0.7646,0.2354],"evs":[0.0,-0.54827]},"T7s":{"weight":1.0,"played":[0.9998,2.0E-4],"evs":[0.0,-4.86042]},"T8s":{"weight":1.0,"played":[0.8462,0.1538],"evs":[0.0,-3.44556]},"T9s":{"weight":1.0,"played":[0.9807,0.0193],"evs":[0.0,-3.93505]},"TT":{"weight":1.0,"played":[2.0E-4,0.9998],"evs":[0.0,5.60306]},"JTo":{"weight":1.0,"played":[0.9656,0.0344],"evs":[0.0,-3.82183]},"QTo":{"weight":1.0,"played":[0.9011,0.0989],"evs":[0.0,-4.8604]},"KTo":{"weight":1.0,"played":[0.9997,3.0E-4],"evs":[0.0,-7.37715]},"ATo":{"weight":1.0,"played":[0.9985,0.0015],"evs":[0.0,-3.82421]},"J2s":{"weight":1.0,"played":[0.965,0.035],"evs":[0.0,-5.5618]},"J3s":{"weight":1.0,"played":[0.9706,0.0294],"evs":[0.0,-5.5193]},"J4s":{"weight":1.0,"played":[0.9437,0.0563],"evs":[0.0,-5.31042]},"J5s":{"weight":1.0,"played":[0.889,0.111],"evs":[0.0,-5.92561]},"J6s":{"weight":1.0,"played":[1.0,0.0],"evs":[0.0,-5.11884]},"J7s":{"weight":1.0,"played":[0.8228,0.1772],"evs":[0.0,-4.08478]},"J8s":{"weight":1.0,"played":[0.9768,0.0232],"evs":[0.0,-5.18702]},"J9s":{"weight":1.0,"played":[0.9701,0.0299],"evs":[0.0,-5.36426]},"JTs":{"weight":1.0,"played":[0.81,0.19],"evs":[0.0,-2.06962]},"JJ":{"weight":1.0,"played":[0.0,1.0],"evs":[0.0,5.16671]},"QJo":{"weight":1.0,"played":[0.9959,0.0041],"evs":[0.0,-4.19949]},"KJo":{"weight":1.0,"played":[0.9984,0.0016],"evs":[0.0,-3.49055]},"AJo":{"weight":1.0,"played":[0.98,0.02],"evs":[0.0,-1.18872]},"Q2s":{"weight":1.0,"played":[0.9935,0.0065],"evs":[0.0,-0.59589]},"Q3s":{"weight":1.0,"played":[0.9981,0.0019],"evs":[0.0,-5.24504]},"Q4s":{"weight":1.0,"played":[0.8973,0.1027],"evs":[0.0,-5.03613]},"Q5s":{"weight":1.0,"played":[0.6138,0.3862],"evs":[0.0,0.70011]},"Q6s":{"weight":1.0,"played":[0.8547,0.1453],"evs":[0.0,-5.36263]},"Q7s":{"weight":1.0,"played":[0.94,0.06],"evs":[0.0,-5.53922]},"Q8s":{"weight":1.0,"played":[0.8752,0.1248],"evs":[0.0,-2.10092]},"Q9s":{"weight":1.0,"played":[0.9863,0.0137],"evs":[0.0,-2.34443]},"QTs":{"weight":1.0,"played":[0.9737,0.0263],"evs":[0.0,-4.03425]},"QJs":{"weight":1.0,"played":[0.6935,0.3065],"evs":[0.0,-4.74592]},"QQ":{"weight":1.0,"played":[0.0054,0.9946],"evs":[0.0,7.11417]},"KQo":{"weight":1.0,"played":[0.5914,0.4086],"evs":[0.0,-1.02863]},"AQo":{"weight":1.0,"played":[0.981,0.019],"evs":[0.0,-1.08569]},"K2s":{"weight":1.0,"played":[0.9438,0.0562],"evs":[0.0,-5.44532]},"K3s":{"weight":1.0,"played":[0.9943,0.0057],"evs":[0.0,-1.42495]},"K4s":{"weight":1.0,"played":[0.9898,0.0102],"evs":[0.0,-4.18306]},"K5s":{"weight":1.0,"played":[0.9169,0.0831],"evs":[0.0,-4.27289]},"K6s":{"weight":1.0,"played":[0.797,0.203],"evs":[0.0,-1.60392]},"K7s":{"weight":1.0,"played":[0.5339,0.4661],"evs":[0.0,-0.24083]},"K8s":{"weight":1.0,"played":[0.9541,0.0459],"evs":[0.0,-5.05625]},"K9s":{"weight":1.0,"played":[0.8627,0.1373],"evs":[0.0,-3.18634]},"KTs":{"weight":1.0,"played":[0.3152,0.6848],"evs":[0.0,2.00447]},"KJs":{"weight":1.0,"played":[0.9401,0.0599],"evs":[0.0,-7.09461]},"KQs":{"weight":1.0,"played":[0.1134,0.8866],"evs":[0.0,8.89712]},"KK":{"weight":1.0,"played":[0.0019,0.9981],"evs":[0.0,17.25355]},"AKo":{"weight":1.0,"played":[0.0384,0.9616],"evs":[0.0,1.93068]},"A2s":{"weight":1.0,"played":[0.5534,0.4466],"evs":[0.0,-1.37993]},"A3s":{"weight":1.0,"played":[0.9546,0.0454],"evs":[0.0,-4.83584]},"A4s":{"weight":1.0,"played":[0.4735,0.5265],"evs":[0.0,-2.83311]},"A5s":{"weight":1.0,"played":[0.8065,0.1935],"evs":[0.0,-2.90967]},"A6s":{"weight":1.0,"played":[0.693,0.307],"evs":[0.0,-0.29827]},"A7s":{"weight":1.0,"played":[0.9647,0.0353],"evs":[0.0,-2.12725]},"A8s":{"weight":1.0,"played":[0.9975,0.0025],"evs":[0.0,-2.12927]},"A9s":{"weight":1.0,"played":[0.7066,0.2934],"evs":[0.0,1.63587]},"ATs":{"weight":1.0,"played":[0.8621,0.1379],"evs":[0.0,-1.54658]},"AJs":{"weight":1.0,"played":[0.1235,0.8765],"evs":[0.0,2.99243]},"AQs":{"weight":1.0,"played":[0.432,0.568],"evs":[0.0,1.57747]},"AKs":{"weight":1.0,"played":[0.344,0.656],"evs":[0.0,8.44505]},"AA":{"weight":1.0,"played":[0.0,1.0],"evs":[0.0,23.93891]}}}