{"player":1,"street":0,"children":2,"sequence":[{"player":0,"type":"R","amount":200000,"street":0},{"player":1,"type":"C","amount":200000,"street":0},{"player":2,"type":"F","amount":0,"street":0},{"player":3,"type":"R","amount":600000,"street":0},{"player":4,"type":"R","amount":1345000,"street":0},{"player":5,"type":"F","amount":0,"street":0},{"player":0,"type":"R","amount":3605000,"street":0}],"actions":[{"type":"F","amount":0,"node":446},{"type":"C","amount":725000,"node":447}],"hands":{"22":{"weight":0.0,"played":[0.5737,0.4263],"evs":[0.0,-0.10818]},"32o":{"weight":0.0,"played":[0.9997,3.0E-4],"evs":[0.0,-1.62422]},"42o":{"weight":0.0,"played":[1.0,0.0],"evs":[0.0,-1.52849]},"52o":{"weight":0.0,"played":[0.9997,3.0E-4],"evs":[0.0,-1.36431]},"62o":{"weight":0.0,"played":[1.0,0.0],"evs":[0.0,-1.60647]},"72o":{"weight":0.0,"played":[0.9999,1.0E-4],"evs":[0.0,-1.91072]},"82o":{"weight":0.0,"played":[1.0,0.0],"evs":[0.0,-2.03143]},"92o":{"weight":0.0,"played":[1.0,0.0],"evs":[0.0,-1.84938]},"T2o":{"weight":0.0,"played":[1.0,0.0],"evs":[0.0,-1.81807]},"J2o":{"weight":0.0,"played":[0.9994,6.0E-4],"evs":[0.0,-1.84343]},"Q2o":{"weight":0.0,"played":[0.9999,1.0E-4],"evs":[0.0,-1.99487]},"K2o":{"weight":0.0,"played":[0.9998,2.0E-4],"evs":[0.0,-1.54121]},"A2o":{"weight":0.0,"played":[1.0,0.0],"evs":[0.0,-1.31429]},"32s":{"weight":0.0,"played":[0.9236,0.0764],"evs":[0.0,-0.62985]},"33":{"weight":0.0,"played":[0.9996,4.0E-4],"evs":[0.0,-0.35843]},"43o":{"weight":0.0,"played":[0.9998,2.0E-4],"evs":[0.0,-1.25964]},"53o":{"weight":0.0,"played":[0.9999,1.0E-4],"evs":[0.0,-1.01211]},"63o":{"weight":0.0,"played":[0.9996,4.0E-4],"evs":[0.0,-1.26757]},"73o":{"weight":0.0,"played":[1.0,0.0],"evs":[0.0,-1.35484]},"83o":{"weight":0.0,"played":[1.0,0.0],"evs":[0.0,-1.76454]},"93o":{"weight":0.0,"played":[0.9998,2.0E-4],"evs":[0.0,-1.88983]},"T3o":{"weight":0.0,"played":[0.9999,1.0E-4],"evs":[0.0,-1.68319]},"J3o":{"weight":0.0,"played":[0.9997,3.0E-4],"evs":[0.0,-1.64645]},"Q3o":{"weight":0.0,"played":[0.9998,2.0E-4],"evs":[0.0,-1.69224]},"K3o":{"weight":0.0,"played":[1.0,0.0],"evs":[0.0,-1.44534]},"A3o":{"weight":0.0,"played":[0.9998,2.0E-4],"evs":[0.0,-1.5769]},"42s":{"weight":0.0,"played":[0.8722,0.1278],"evs":[0.0,-0.14253]},"43s":{"weight":0.0,"played":[0.8328,0.1672],"evs":[0.0,-0.32251]},"44":{"weight":0.0,"played":[0.3748,0.6252],"evs":[0.0,0.06023]},"54o":{"weight":0.0,"played":[0.9963,0.0037],"evs":[0.0,-0.77049]},"64o":{"weight":0.0,"played":[0.9954,0.0046],"evs":[0.0,-0.86711]},"74o":{"weight":0.0,"played":[0.9868,0.0132],"evs":[0.0,-1.03306]},"84o":{"weight":0.0,"played":[0.9999,1.0E-4],"evs":[0.0,-1.3263]},"94o":{"weight":0.0,"played":[1.0,0.0],"evs":[0.0,-1.09048]},"T4o":{"weight":0.0,"played":[0.9999,1.0E-4],"evs":[0.0,-1.51537]},"J4o":{"weight":0.0,"played":[1.0,0.0],"evs":[0.0,-1.85875]},"Q4o":{"weight":0.0,"played":[1.0,0.0],"evs":[0.0,-1.64586]},"K4o":{"weight":0.0,"played":[0.9999,1.0E-4],"evs":[0.0,-1.23215]},"A4o":{"weight":0.0,"played":[0.9998,2.0E-4],"evs":[0.0,-1.4256]},"52s":{"weight":0.0,"played":[0.7286,0.2714],"evs":[0.0,-0.27403]},"53s":{"weight":0.0,"played":[0.1312,0.8688],"evs":[0.0,0.17076]},"54s":{"weight":0.0,"played":[0.0242,0.9758],"evs":[0.0,0.30997]},"55":{"weight":0.2862,"played":[0.6033,0.3967],"evs":[0.0,-0.14357]},"65o":{"weight":0.0,"played":[0.6914,0.3086],"evs":[0.0,-0.24041]},"75o":{"weight":0.0,"played":[0.9941,0.0059],"evs":[0.0,-0.72764]},"85o":{"weight":0.0,"played":[0.9999,1.0E-4],"evs":[0.0,-1.0599]},"95o":{"weight":0.0,"played":[0.999,0.001],"evs":[0.0,-1.44869]},"T5o":{"weight":0.0,"played":[0.9997,3.0E-4],"evs":[0.0,-1.46367]},"J5o":{"weight":0.0,"played":[0.9999,1.0E-4],"evs":[0.0,-1.48025]},"Q5o":{"weight":0.0,"played":[0.9988,0.0012],"evs":[0.0,-1.34703]},"K5o":{"weight":0.0,"played":[0.9998,2.0E-4],"evs":[0.0,-0.94535]},"A5o":{"weight":0.0,"played":[0.9999,1.0E-4],"evs":[0.0,-1.43889]},"62s":{"weight":0.0,"played":[0.9979,0.0021],"evs":[0.0,-0.30723]},"63s":{"weight":0.0,"played":[0.9489,0.0511],"evs":[0.0,-0.80165]},"64s":{"weight":0.0,"played":[0.3379,0.6621],"evs":[0.0,0.27277]},"65s":{"weight":0.0,"played":[0.4372,0.5628],"evs":[0.0,0.36312]},"66":{"weight":0.0431,"played":[0.2732,0.7268],"evs":[0.0,0.28749]},"76o":{"weight":0.0,"played":[0.9864,0.0136],"evs":[0.0,-0.65377]},"86o":{"weight":0.0,"played":[0.9856,0.0144],"evs":[0.0,-0.7036]},"96o":{"weight":0.0,"played":[1.0,0.0],"evs":[0.0,-1.02728]},"T6o":{"weight":0.0,"played":[0.9997,3.0E-4],"evs":[0.0,-1.32181]},"J6o":{"weight":0.0,"played":[1.0,0.0],"evs":[0.0,-1.51711]},"Q6o":{"weight":0.0,"played":[0.9999,1.0E-4],"evs":[0.0,-1.42815]},"K6o":{"weight":0.0,"played":[0.9962,0.0038],"evs":[0.0,-1.29539]},"A6o":{"weight":0.0,"played":[0.9998,2.0E-4],"evs":[0.0,-1.58107]},"72s":{"weight":0.0,"played":[0.9898,0.0102],"evs":[0.0,-0.47185]},"73s":{"weight":0.0,"played":[0.9964,0.0036],"evs":[0.0,-0.72699]},"74s":{"weight":0.0,"played":[0.5765,0.4235],"evs":[0.0,-0.29282]},"75s":{"weight":0.0,"played":[0.2439,0.7561],"evs":[0.0,0.20426]},"76s":{"weight":0.0,"played":[0.4082,0.5918],"evs":[0.0,0.16613]},"77":{"weight":0.0,"played":[0.1133,0.8867],"evs":[0.0,0.12094]},"87o":{"weight":0.0,"played":[0.986,0.014],"evs":[0.0,-0.5557]},"97o":{"weight":0.0,"played":[0.9998,2.0E-4],"evs":[0.0,-0.93727]},"T7o":{"weight":0.0,"played":[0.9971,0.0029],"evs":[0.0,-1.26703]},"J7o":{"weight":0.0,"played":[0.9999,1.0E-4],"evs":[0.0,-0.89354]},"Q7o":{"weight":0.0,"played":[0.9999,1.0E-4],"evs":[0.0,-1.64612]},"K7o":{"weight":0.0,"played":[0.9977,0.0023],"evs":[0.0,-0.83681]},"A7o":{"weight":0.0,"played":[0.9994,6.0E-4],"evs":[0.0,-1.40524]},"82s":{"weight":0.0,"played":[0.9994,6.0E-4],"evs":[0.0,-0.95402]},"83s":{"weight":0.0,"played":[0.9989,0.0011],"evs":[0.0,-1.00135]},"84s":{"weight":0.0,"played":[0.8598,0.1402],"evs":[0.0,-0.67435]},"85s":{"weight":0.0,"played":[0.9931,0.0069],"evs":[0.0,-0.00767]},"86s":{"weight":0.0,"played":[0.3918,0.6082],"evs":[0.0,0.38988]},"87s":{"weight":0.0,"played":[0.3138,0.6862],"evs":[0.0,0.07051]},"88":{"weight":0.0,"played":[0.0034,0.9966],"evs":[0.0,0.79016]},"98o":{"weight":0.0,"played":[0.9613,0.0387],"evs":[0.0,-0.85673]},"T8o":{"weight":0.0,"played":[0.9976,0.0024],"evs":[0.0,-0.81102]},"J8o":{"weight":0.0,"played":[0.9993,7.0E-4],"evs":[0.0,-1.17794]},"Q8o":{"weight":0.0,"played":[0.9988,0.0012],"evs":[0.0,-1.52261]},"K8o":{"weight":0.0,"played":[0.9999,1.0E-4],"evs":[0.0,-0.75044]},"A8o":{"weight":0.0,"played":[0.9992,8.0E-4],"evs":[0.0,-1.3856]},"92s":{"weight":0.0,"played":[1.0,0.0],"evs":[0.0,-1.44607]},"93s":{"weight":0.0,"played":[0.9997,3.0E-4],"evs":[0.0,-0.92435]},"94s":{"weight":0.0,"played":[0.9992,8.0E-4],"evs":[0.0,-0.51615]},"95s":{"weight":0.0,"played":[0.8449,0.1551],"evs":[0.0,-0.66967]},"96s":{"weight":0.0,"played":[0.3335,0.6665],"evs":[0.0,0.3299]},"97s":{"weight":0.0,"played":[0.3828,0.6172],"evs":[0.0,0.03103]},"98s":{"weight":0.0,"played":[0.0666,0.9334],"evs":[0.0,0.09883]},"99":{"weight":0.0,"played":[0.0015,0.9985],"evs":[0.0,1.60802]},"T9o":{"weight":0.0,"played":[0.9947,0.0053],"evs":[0.0,-0.43171]},"J9o":{"weight":0.0,"played":[0.9999,1.0E-4],"evs":[0.0,-0.81898]},"Q9o":{"weight":0.0,"played":[0.9895,0.0105],"evs":[0.0,-1.07159]},"K9o":{"weight":0.0,"played":[0.9938,0.0062],"evs":[0.0,-0.64382]},"A9o":{"weight":0.0,"played":[0.9985,0.0015],"evs":[0.0,-1.53641]},"T2s":{"weight":0.0,"played":[0.9999,1.0E-4],"evs":[0.0,-0.98287]},"T3s":{"weight":0.0,"played":[1.0,0.0],"evs":[0.0,-0.34637]},"T4s":{"weight":0.0,"played":[0.9501,0.0499],"evs":[0.0,-0.4828]},"T5s":{"weight":0.0,"played":[0.9984,0.0016],"evs":[0.0,-0.91124]},"T6s":{"weight":0.0,"played":[0.9957,0.0043],"evs":[0.0,-0.775]},"T7s":{"weight":0.0,"played":[0.4984,0.5016],"evs":[0.0,-0.09406]},"T8s":{"weight":0.0,"played":[0.3952,0.6048],"evs":[0.0,0.26841]},"T9s":{"weight":0.0,"played":[0.1059,0.8941],"evs":[0.0,0.80064]},"TT":{"weight":0.0,"played":[2.0E-4,0.9998],"evs":[0.0,1.73409]},"JTo":{"weight":0.0,"played":[0.9897,0.0103],"evs":[0.0,-0.13643]},"QTo":{"weight":0.0,"played":[0.9989,0.0011],"evs":[0.0,-0.18425]},"KTo":{"weight":0.0,"played":[0.9674,0.0326],"evs":[0.0,-0.29584]},"ATo":{"weight":0.0,"played":[0.9998,2.0E-4],"evs":[0.0,-1.05667]},"J2s":{"weight":0.0,"played":[0.9948,0.0052],"evs":[0.0,-1.11541]},"J3s":{"weight":0.0,"played":[0.9884,0.0116],"evs":[0.0,-0.91759]},"J4s":{"weight":0.0,"played":[0.8993,0.1007],"evs":[0.0,-0.46732]},"J5s":{"weight":0.0,"played":[0.7852,0.2148],"evs":[0.0,-0.07714]},"J6s":{"weight":0.0,"played":[0.8352,0.1648],"evs":[0.0,-0.4976]},"J7s":{"weight":0.0,"played":[0.7283,0.2717],"evs":[0.0,-0.19519]},"J8s":{"weight":0.0,"played":[0.4358,0.5642],"evs":[0.0,-0.15198]},"J9s":{"weight":0.0,"played":[0.4589,0.5411],"evs":[0.0,-0.02495]},"JTs":{"weight":0.0084,"played":[0.3911,0.6089],"evs":[0.0,0.55874]},"JJ":{"weight":0.0,"played":[0.0,1.0],"evs":[0.0,3.16359]},"QJo":{"weight":0.0,"played":[0.9833,0.0167],"evs":[0.0,-0.60302]},"KJo":{"weight":0.0,"played":[0.8946,0.1054],"evs":[0.0,-0.26749]},"AJo":{"weight":0.0,"played":[0.9943,0.0057],"evs":[0.0,-1.03785]},"Q2s":{"weight":0.0,"played":[0.8632,0.1368],"evs":[0.0,-0.5407]},"Q3s":{"weight":0.0,"played":[0.9713,0.0287],"evs":[0.0,-0.60844]},"Q4s":{"weight":0.0,"played":[0.9816,0.0184],"evs":[0.0,-0.71881]},"Q5s":{"weight":0.0,"played":[0.5518,0.4482],"evs":[0.0,0.04852]},"Q6s":{"weight":0.0,"played":[0.8226,0.1774],"evs":[0.0,-0.97891]},"Q7s":{"weight":0.0,"played":[0.9083,0.0917],"evs":[0.0,-0.38783]},"Q8s":{"weight":0.0,"played":[0.8861,0.1139],"evs":[0.0,-0.49606]},"Q9s":{"weight":0.0,"played":[0.8489,0.1511],"evs":[0.0,-0.60582]},"QTs":{"weight":0.0768,"played":[0.3344,0.6656],"evs":[0.0,0.0247]},"QJs":{"weight":1.0,"played":[0.0,1.0],"evs":[0.0,0.3565]},"QQ":{"weight":0.0,"played":[1.0E-4,0.9999],"evs":[0.0,5.26266]},"KQo":{"weight":1.0E-4,"played":[0.1373,0.8627],"evs":[0.0,0.05336]},"AQo":{"weight":0.0,"played":[0.3561,0.6439],"evs":[0.0,0.14953]},"K2s":{"weight":0.0,"played":[0.9878,0.0122],"evs":[0.0,-0.03119]},"K3s":{"weight":0.0,"played":[0.9985,0.0015],"evs":[0.0,-0.31529]},"K4s":{"weight":0.0,"played":[0.5022,0.4978],"evs":[0.0,-0.4077]},"K5s":{"weight":0.0,"played":[0.9555,0.0445],"evs":[0.0,-0.3191]},"K6s":{"weight":0.0,"played":[0.9517,0.0483],"evs":[0.0,-0.22681]},"K7s":{"weight":0.0,"played":[0.9651,0.0349],"evs":[0.0,-0.15189]},"K8s":{"weight":0.0,"played":[0.9972,0.0028],"evs":[0.0,-0.36695]},"K9s":{"weight":0.0,"played":[0.2975,0.7025],"evs":[0.0,0.38605]},"KTs":{"weight":0.9048,"played":[0.0856,0.9144],"evs":[0.0,1.09574]},"KJs":{"weight":0.0063,"played":[0.0195,0.9805],"evs":[0.0,0.38797]},"KQs":{"weight":2.0E-4,"played":[7.0E-4,0.9993],"evs":[0.0,0.95865]},"KK":{"weight":0.0,"played":[0.0,1.0],"evs":[0.0,7.53446]},"AKo":{"weight":0.0,"played":[0.0029,0.9971],"evs":[0.0,1.20485]},"A2s":{"weight":0.0,"played":[0.9473,0.0527],"evs":[0.0,-0.66295]},"A3s":{"weight":0.0,"played":[0.924,0.076],"evs":[0.0,-0.6625]},"A4s":{"weight":0.0,"played":[0.7905,0.2095],"evs":[0.0,-0.54797]},"A5s":{"weight":0.0078,"played":[0.7718,0.2282],"evs":[0.0,-0.28915]},"A6s":{"weight":0.0,"played":[0.9964,0.0036],"evs":[0.0,-0.68154]},"A7s":{"weight":0.1751,"played":[0.954,0.046],"evs":[0.0,-0.71431]},"A8s":{"weight":0.0015,"played":[0.3583,0.6417],"evs":[0.0,-0.18504]},"A9s":{"weight":0.0,"played":[0.8159,0.1841],"evs":[0.0,-0.34465]},"ATs":{"weight":0.0,"played":[0.5578,0.4422],"evs":[0.0,0.42152]},"AJs":{"weight":0.0,"played":[0.6146,0.3854],"evs":[0.0,0.26429]},"AQs":{"weight":0.0,"played":[0.0109,0.9891],"evs":[0.0,1.38802]},"AKs":{"weight":0.0,"played":[0.0,1.0],"evs":[0.0,2.98066]},"AA":{"weight":0.0671,"played":[0.0,1.0],"evs":[0.0,11.13315]}}}