{"player":0,"street":0,"children":2,"sequence":[{"player":0,"type":"R","amount":200000,"street":0},{"player":1,"type":"C","amount":200000,"street":0},{"player":2,"type":"F","amount":0,"street":0},{"player":3,"type":"R","amount":600000,"street":0},{"player":4,"type":"R","amount":1345000,"street":0},{"player":5,"type":"R","amount":2335000,"street":0}],"actions":[{"type":"F","amount":0,"node":449},{"type":"R","amount":3605000,"node":452}],"hands":{"22":{"weight":0.9786,"played":[0.8713,0.1287],"evs":[0.0,-7.72188]},"32o":{"weight":0.0,"played":[1.0,0.0],"evs":[0.0,-7.85444]},"42o":{"weight":0.0,"played":[0.8242,0.1758],"evs":[0.0,-0.62501]},"52o":{"weight":0.0,"played":[0.8632,0.1368],"evs":[0.0,-10.71361]},"62o":{"weight":0.0,"played":[0.9958,0.0042],"evs":[0.0,-5.05405]},"72o":{"weight":0.0,"played":[1.0,0.0],"evs":[0.0,-8.33815]},"82o":{"weight":0.0,"played":[0.9981,0.0019],"evs":[0.0,-9.45609]},"92o":{"weight":0.0,"played":[0.9911,0.0089],"evs":[0.0,-7.02706]},"T2o":{"weight":0.0,"played":[0.9726,0.0274],"evs":[0.0,-8.94529]},"J2o":{"weight":0.0,"played":[0.9924,0.0076],"evs":[0.0,-10.46517]},"Q2o":{"weight":0.0,"played":[0.9938,0.0062],"evs":[0.0,-5.71327]},"K2o":{"weight":0.0,"played":[0.9937,0.0063],"evs":[0.0,-5.23821]},"A2o":{"weight":0.0,"played":[0.9969,0.0031],"evs":[0.0,-7.66292]},"32s":{"weight":0.0,"played":[0.5952,0.4048],"evs":[0.0,0.67176]},"33":{"weight":1.0,"played":[0.7557,0.2443],"evs":[0.0,-0.67837]},"43o":{"weight":0.0,"played":[0.9999,1.0E-4],"evs":[0.0,-3.27794]},"53o":{"weight":0.0,"played":[1.0,0.0],"evs":[0.0,-7.62251]},"63o":{"weight":0.0,"played":[0.9875,0.0125],"evs":[0.0,-6.53993]},"73o":{"weight":0.0,"played":[0.9996,4.0E-4],"evs":[0.0,-10.2453]},"83o":{"weight":0.0,"played":[0.9979,0.0021],"evs":[0.0,-7.40932]},"93o":{"weight":0.0,"played":[0.994,0.006],"evs":[0.0,-9.13351]},"T3o":{"weight":0.0,"played":[0.8564,0.1436],"evs":[0.0,-9.31884]},"J3o":{"weight":0.0,"played":[0.9795,0.0205],"evs":[0.0,-7.6889]},"Q3o":{"weight":0.0,"played":[0.9961,0.0039],"evs":[0.0,-8.31522]},"K3o":{"weight":0.0,"played":[0.9572,0.0428],"evs":[0.0,-10.96978]},"A3o":{"weight":0.0,"played":[0.8996,0.1004],"evs":[0.0,-3.6788]},"42s":{"weight":0.0,"played":[0.9999,1.0E-4],"evs":[0.0,-16.84872]},"43s":{"weight":0.0,"played":[0.8437,0.1563],"evs":[0.0,-10.13199]},"44":{"weight":1.0,"played":[0.2485,0.7515],"evs":[0.0,4.36936]},"54o":{"weight":0.0,"played":[0.8021,0.1979],"evs":[0.0,-2.1024]},"64o":{"weight":0.0,"played":[0.9606,0.0394],"evs":[0.0,-7.88744]},"74o":{"weight":0.0,"played":[0.7388,0.2612],"evs":[0.0,-2.34556]},"84o":{"weight":0.0,"played":[0.9451,0.0549],"evs":[0.0,-5.03182]},"94o":{"weight":0.0,"played":[0.9914,0.0086],"evs":[0.0,-7.44622]},"T4o":{"weight":0.0,"played":[1.0,0.0],"evs":[0.0,-8.90999]},"J4o":{"weight":0.0,"played":[1.0,0.0],"evs":[0.0,-11.39191]},"Q4o":{"weight":0.0,"played":[0.9691,0.0309],"evs":[0.0,-5.27916]},"K4o":{"weight":0.0,"played":[1.0,0.0],"evs":[0.0,-7.09347]},"A4o":{"weight":0.0,"played":[0.9581,0.0419],"evs":[0.0,-12.1849]},"52s":{"weight":0.0,"played":[0.1607,0.8393],"evs":[0.0,1.55012]},"53s":{"weight":0.0,"played":[0.9998,2.0E-4],"evs":[0.0,-2.98999]},"54s":{"weight":0.0,"played":[0.1093,0.8907],"evs":[0.0,-3.00047]},"55":{"weight":1.0,"played":[0.521,0.479],"evs":[0.0,1.16484]},"65o":{"weight":0.0,"played":[0.8625,0.1375],"evs":[0.0,-2.87987]},"75o":{"weight":0.0,"played":[0.9298,0.0702],"evs":[0.0,-8.7638]},"85o":{"weight":0.0,"played":[0.9978,0.0022],"evs":[0.0,-5.25065]},"95o":{"weight":0.0,"played":[0.9172,0.0828],"evs":[0.0,-10.57768]},"T5o":{"weight":0.0,"played":[0.9735,0.0265],"evs":[0.0,-10.51578]},"J5o":{"weight":0.0,"played":[0.981,0.019],"evs":[0.0,-7.17729]},"Q5o":{"weight":0.0,"played":[0.9995,5.0E-4],"evs":[0.0,-10.13485]},"K5o":{"weight":0.0,"played":[0.9706,0.0294],"evs":[0.0,-5.86732]},"A5o":{"weight":0.0,"played":[0.4804,0.5196],"evs":[0.0,2.78414]},"62s":{"weight":0.0,"played":[1.0,0.0],"evs":[0.0,-11.6671]},"63s":{"weight":0.0,"played":[0.1173,0.8827],"evs":[0.0,5.72675]},"64s":{"weight":0.0,"played":[0.4732,0.5268],"evs":[0.0,2.15069]},"65s":{"weight":0.0,"played":[0.9234,0.0766],"evs":[0.0,-2.58584]},"66":{"weight":1.0,"played":[0.0173,0.9827],"evs":[0.0,0.41413]},"76o":{"weight":0.0,"played":[0.9825,0.0175],"evs":[0.0,-4.94797]},"86o":{"weight":0.0,"played":[0.7964,0.2036],"evs":[0.0,-5.88481]},"96o":{"weight":0.0,"played":[0.9986,0.0014],"evs":[0.0,-4.86036]},"T6o":{"weight":0.0,"played":[0.9602,0.0398],"evs":[0.0,-6.94383]},"J6o":{"weight":0.0,"played":[0.9975,0.0025],"evs":[0.0,-5.02052]},"Q6o":{"weight":0.0,"played":[0.9977,0.0023],"evs":[0.0,-4.61098]},"K6o":{"weight":0.0,"played":[0.864,0.136],"evs":[0.0,-6.50975]},"A6o":{"weight":0.0,"played":[0.9869,0.0131],"evs":[0.0,-11.82622]},"72s":{"weight":0.0,"played":[0.9926,0.0074],"evs":[0.0,-9.89468]},"73s":{"weight":0.0,"played":[0.5065,0.4935],"evs":[0.0,-1.467]},"74s":{"weight":0.0,"played":[0.5631,0.4369],"evs":[0.0,0.3097]},"75s":{"weight":0.0,"played":[0.1736,0.8264],"evs":[0.0,6.06826]},"76s":{"weight":0.9977,"played":[0.4968,0.5032],"evs":[0.0,0.57185]},"77":{"weight":1.0,"played":[0.3919,0.6081],"evs":[0.0,-1.44091]},"87o":{"weight":0.0,"played":[0.9877,0.0123],"evs":[0.0,-9.33383]},"97o":{"weight":0.0,"played":[0.7982,0.2018],"evs":[0.0,-3.46222]},"T7o":{"weight":0.0,"played":[0.9757,0.0243],"evs":[0.0,-10.61865]},"J7o":{"weight":0.0,"played":[0.9699,0.0301],"evs":[0.0,-6.32714]},"Q7o":{"weight":0.0,"played":[0.9994,6.0E-4],"evs":[0.0,-4.33622]},"K7o":{"weight":0.0,"played":[0.7561,0.2439],"evs":[0.0,-7.49705]},"A7o":{"weight":1.0E-4,"played":[0.6682,0.3318],"evs":[0.0,-3.88311]},"82s":{"weight":0.0,"played":[0.8758,0.1242],"evs":[0.0,-7.61099]},"83s":{"weight":0.0,"played":[1.0,0.0],"evs":[0.0,-12.16243]},"84s":{"weight":0.0,"played":[0.3504,0.6496],"evs":[0.0,1.93218]},"85s":{"weight":0.0,"played":[0.271,0.729],"evs":[0.0,11.04926]},"86s":{"weight":0.0,"played":[0.3358,0.6642],"evs":[0.0,-0.66097]},"87s":{"weight":0.9999,"played":[0.9686,0.0314],"evs":[0.0,-2.45217]},"88":{"weight":1.0,"played":[0.2034,0.7966],"evs":[0.0,7.02923]},"98o":{"weight":0.0,"played":[0.8142,0.1858],"evs":[0.0,-4.24939]},"T8o":{"weight":0.0,"played":[0.8699,0.1301],"evs":[0.0,-7.52328]},"J8o":{"weight":0.0,"played":[0.9678,0.0322],"evs":[0.0,-5.89388]},"Q8o":{"weight":0.0,"played":[0.9868,0.0132],"evs":[0.0,-4.78856]},"K8o":{"weight":0.0,"played":[0.8095,0.1905],"evs":[0.0,-1.50541]},"A8o":{"weight":1.0,"played":[0.8352,0.1648],"evs":[0.0,-6.02688]},"92s":{"weight":0.0,"played":[0.852,0.148],"evs":[0.0,-10.16731]},"93s":{"weight":0.0,"played":[0.891,0.109],"evs":[0.0,1.32885]},"94s":{"weight":0.0,"played":[0.9035,0.0965],"evs":[0.0,-2.42201]},"95s":{"weight":0.0,"played":[0.6787,0.3213],"evs":[0.0,-7.56429]},"96s":{"weight":0.0,"played":[0.9352,0.0648],"evs":[0.0,-4.74283]},"97s":{"weight":0.9507,"played":[0.9918,0.0082],"evs":[0.0,-3.13584]},"98s":{"weight":1.0,"played":[0.8408,0.1592],"evs":[0.0,-1.41301]},"99":{"weight":0.9994,"played":[0.0015,0.9985],"evs":[0.0,8.49207]},"T9o":{"weight":0.0,"played":[0.917,0.083],"evs":[0.0,-4.17031]},"J9o":{"weight":0.0,"played":[0.9827,0.0173],"evs":[0.0,-11.92803]},"Q9o":{"weight":0.0,"played":[0.5892,0.4108],"evs":[0.0,-1.98862]},"K9o":{"weight":0.0,"played":[0.8326,0.1674],"evs":[0.0,-6.81424]},"A9o":{"weight":1.0,"played":[0.9901,0.0099],"evs":[0.0,-5.66574]},"T2s":{"weight":0.0,"played":[0.8924,0.1076],"evs":[0.0,-7.63145]},"T3s":{"weight":0.0,"played":[0.934,0.066],"evs":[0.0,-4.94385]},"T4s":{"weight":0.0,"played":[1.0,0.0],"evs":[0.0,-7.45991]},"T5s":{"weight":0.0,"played":[0.9553,0.0447],"evs":[0.0,-12.64382]},"T6s":{"weight":0.0,"played":[0.9982,0.0018],"evs":[0.0,-14.02945]},"T7s":{"weight":0.0,"played":[0.6316,0.3684],"evs":[0.0,-1.88658]},"T8s":{"weight":1.0,"played":[0.6946,0.3054],"evs":[0.0,-2.43922]},"T9s":{"weight":1.0,"played":[0.9257,0.0743],"evs":[0.0,-7.3011]},"TT":{"weight":1.0,"played":[0.7311,0.2689],"evs":[0.0,-4.17015]},"JTo":{"weight":0.2733,"played":[0.3086,0.6914],"evs":[0.0,-0.07554]},"QTo":{"weight":0.9097,"played":[0.8962,0.1038],"evs":[0.0,-3.52685]},"KTo":{"weight":1.0,"played":[0.9984,0.0016],"evs":[0.0,-4.81083]},"ATo":{"weight":1.0,"played":[0.9658,0.0342],"evs":[0.0,-4.74153]},"J2s":{"weight":0.0,"played":[0.9998,2.0E-4],"evs":[0.0,-14.3572]},"J3s":{"weight":0.0,"played":[0.9776,0.0224],"evs":[0.0,-7.24444]},"J4s":{"weight":0.0,"played":[0.9961,0.0039],"evs":[0.0,-5.36373]},"J5s":{"weight":0.0,"played":[0.7746,0.2254],"evs":[0.0,-6.1126]},"J6s":{"weight":0.0,"played":[0.9714,0.0286],"evs":[0.0,-6.35299]},"J7s":{"weight":0.0,"played":[0.8719,0.1281],"evs":[0.0,-4.83016]},"J8s":{"weight":0.9965,"played":[0.966,0.034],"evs":[0.0,-4.73403]},"J9s":{"weight":1.0,"played":[0.3853,0.6147],"evs":[0.0,0.16779]},"JTs":{"weight":0.9997,"played":[0.9984,0.0016],"evs":[0.0,-10.0333]},"JJ":{"weight":1.0,"played":[0.0041,0.9959],"evs":[0.0,5.90907]},"QJo":{"weight":1.0,"played":[0.4294,0.5706],"evs":[0.0,0.39098]},"KJo":{"weight":1.0,"played":[0.5505,0.4495],"evs":[0.0,0.5144]},"AJo":{"weight":1.0,"played":[0.1401,0.8599],"evs":[0.0,3.66667]},"Q2s":{"weight":0.0,"played":[0.9512,0.0488],"evs":[0.0,-12.27728]},"Q3s":{"weight":0.0,"played":[0.3743,0.6257],"evs":[0.0,-0.87365]},"Q4s":{"weight":0.0,"played":[0.9745,0.0255],"evs":[0.0,-4.38582]},"Q5s":{"weight":0.0,"played":[0.891,0.109],"evs":[0.0,-6.38741]},"Q6s":{"weight":0.0,"played":[0.9783,0.0217],"evs":[0.0,-12.06799]},"Q7s":{"weight":0.0,"played":[0.8572,0.1428],"evs":[0.0,-10.34225]},"Q8s":{"weight":0.9989,"played":[0.7,0.3],"evs":[0.0,-2.07386]},"Q9s":{"weight":1.0,"played":[0.1331,0.8669],"evs":[0.0,0.46896]},"QTs":{"weight":1.0,"played":[0.6228,0.3772],"evs":[0.0,-0.10896]},"QJs":{"weight":1.0,"played":[0.7126,0.2874],"evs":[0.0,-6.26253]},"QQ":{"weight":1.0,"played":[0.0,1.0],"evs":[0.0,16.74754]},"KQo":{"weight":0.9998,"played":[0.9866,0.0134],"evs":[0.0,-5.16991]},"AQo":{"weight":1.0,"played":[0.5438,0.4562],"evs":[0.0,-2.02798]},"K2s":{"weight":0.0,"played":[0.6388,0.3612],"evs":[0.0,-4.25628]},"K3s":{"weight":0.0,"played":[0.8336,0.1664],"evs":[0.0,0.65739]},"K4s":{"weight":0.0,"played":[0.1602,0.8398],"evs":[0.0,-2.19626]},"K5s":{"weight":2.0E-4,"played":[0.9299,0.0701],"evs":[0.0,-4.86181]},"K6s":{"weight":0.9562,"played":[0.9185,0.0815],"evs":[0.0,-3.45576]},"K7s":{"weight":1.0,"played":[0.0138,0.9862],"evs":[0.0,8.48496]},"K8s":{"weight":1.0,"played":[0.8397,0.1603],"evs":[0.0,-9.58524]},"K9s":{"weight":1.0,"played":[0.59,0.41],"evs":[0.0,-4.28892]},"KTs":{"weight":0.9998,"played":[0.744,0.256],"evs":[0.0,-7.53796]},"KJs":{"weight":1.0,"played":[0.613,0.387],"evs":[0.0,-4.1383]},"KQs":{"weight":1.0,"played":[0.9536,0.0464],"evs":[0.0,-2.25004]},"KK":{"weight":1.0,"played":[0.0,1.0],"evs":[0.0,21.97657]},"AKo":{"weight":0.999,"played":[0.0432,0.9568],"evs":[0.0,6.07525]},"A2s":{"weight":1.0,"played":[0.3686,0.6314],"evs":[0.0,-3.72666]},"A3s":{"weight":1.0,"played":[0.8482,0.1518],"evs":[0.0,-1.60015]},"A4s":{"weight":1.0,"played":[0.1608,0.8392],"evs":[0.0,1.40818]},"A5s":{"weight":1.0,"played":[0.6772,0.3228],"evs":[0.0,-3.90144]},"A6s":{"weight":1.0,"played":[0.6776,0.3224],"evs":[0.0,0.69785]},"A7s":{"weight":1.0,"played":[0.4314,0.5686],"evs":[0.0,1.25777]},"A8s":{"weight":1.0,"played":[0.2328,0.7672],"evs":[0.0,-1.49765]},"A9s":{"weight":1.0,"played":[0.9734,0.0266],"evs":[0.0,-5.85231]},"ATs":{"weight":1.0,"played":[0.0935,0.9065],"evs":[0.0,3.83813]},"AJs":{"weight":1.0,"played":[0.7253,0.2747],"evs":[0.0,0.28439]},"AQs":{"weight":1.0,"played":[0.392,0.608],"evs":[0.0,-0.96885]},"AKs":{"weight":1.0,"played":[0.0886,0.9114],"evs":[0.0,2.25333]},"AA":{"weight":1.0,"played":[0.0,1.0],"evs":[0.0,27.79369]}}}