{"player":1,"street":0,"children":2,"sequence":[{"player":0,"type":"R","amount":200000,"street":0},{"player":1,"type":"C","amount":200000,"street":0},{"player":2,"type":"F","amount":0,"street":0},{"player":3,"type":"R","amount":3605000,"street":0},{"player":4,"type":"F","amount":0,"street":0},{"player":5,"type":"C","amount":2235000,"street":0},{"player":0,"type":"C","amount":3405000,"street":0}],"actions":[{"type":"F","amount":0},{"type":"C","amount":725000}],"hands":{"22":{"weight":0.0,"played":[0.9939,0.0061],"evs":[0.0,-1.39587]},"32o":{"weight":0.0,"played":[0.9989,0.0011],"evs":[0.0,-1.85014]},"42o":{"weight":0.0,"played":[0.9978,0.0022],"evs":[0.0,-1.64703]},"52o":{"weight":0.0,"played":[0.9996,4.0E-4],"evs":[0.0,-1.3596]},"62o":{"weight":0.0,"played":[0.997,0.003],"evs":[0.0,-1.4559]},"72o":{"weight":0.0,"played":[0.9999,1.0E-4],"evs":[0.0,-2.43674]},"82o":{"weight":0.0,"played":[0.9922,0.0078],"evs":[0.0,-2.1198]},"92o":{"weight":0.0,"played":[0.9971,0.0029],"evs":[0.0,-2.55656]},"T2o":{"weight":0.0,"played":[0.9933,0.0067],"evs":[0.0,-2.25664]},"J2o":{"weight":0.0,"played":[0.9994,6.0E-4],"evs":[0.0,-1.75045]},"Q2o":{"weight":0.0,"played":[0.9998,2.0E-4],"evs":[0.0,-2.03501]},"K2o":{"weight":0.0,"played":[1.0,0.0],"evs":[0.0,-1.65791]},"A2o":{"weight":0.0,"played":[0.9973,0.0027],"evs":[0.0,-1.75999]},"32s":{"weight":0.0,"played":[0.9996,4.0E-4],"evs":[0.0,-0.61336]},"33":{"weight":0.0,"played":[0.9838,0.0162],"evs":[0.0,-0.75817]},"43o":{"weight":0.0,"played":[0.9924,0.0076],"evs":[0.0,-1.24695]},"53o":{"weight":0.0,"played":[0.9945,0.0055],"evs":[0.0,-0.93726]},"63o":{"weight":0.0,"played":[0.9966,0.0034],"evs":[0.0,-1.8232]},"73o":{"weight":0.0,"played":[1.0,0.0],"evs":[0.0,-2.26334]},"83o":{"weight":0.0,"played":[0.9996,4.0E-4],"evs":[0.0,-1.50053]},"93o":{"weight":0.0,"played":[0.9997,3.0E-4],"evs":[0.0,-2.30496]},"T3o":{"weight":0.0,"played":[0.9915,0.0085],"evs":[0.0,-1.8478]},"J3o":{"weight":0.0,"played":[0.9988,0.0012],"evs":[0.0,-1.90594]},"Q3o":{"weight":0.0,"played":[0.9997,3.0E-4],"evs":[0.0,-1.68544]},"K3o":{"weight":0.0,"played":[0.9991,9.0E-4],"evs":[0.0,-2.03075]},"A3o":{"weight":0.0,"played":[0.9991,9.0E-4],"evs":[0.0,-1.63598]},"42s":{"weight":0.0,"played":[0.9685,0.0315],"evs":[0.0,-0.10071]},"43s":{"weight":0.0,"played":[0.6974,0.3026],"evs":[0.0,-0.19805]},"44":{"weight":0.0,"played":[0.9561,0.0439],"evs":[0.0,-0.01787]},"54o":{"weight":0.0,"played":[0.9724,0.0276],"evs":[0.0,-0.91615]},"64o":{"weight":0.0,"played":[0.9999,1.0E-4],"evs":[0.0,-0.51692]},"74o":{"weight":0.0,"played":[0.9991,9.0E-4],"evs":[0.0,-1.34488]},"84o":{"weight":0.0,"played":[0.9987,0.0013],"evs":[0.0,-1.70716]},"94o":{"weight":0.0,"played":[0.999,0.001],"evs":[0.0,-1.8951]},"T4o":{"weight":0.0,"played":[0.9999,1.0E-4],"evs":[0.0,-1.95126]},"J4o":{"weight":0.0,"played":[0.9877,0.0123],"evs":[0.0,-1.5121]},"Q4o":{"weight":0.0,"played":[0.9994,6.0E-4],"evs":[0.0,-2.10946]},"K4o":{"weight":0.0,"played":[0.9999,1.0E-4],"evs":[0.0,-2.09003]},"A4o":{"weight":0.0,"played":[0.9984,0.0016],"evs":[0.0,-1.60384]},"52s":{"weight":0.0,"played":[0.3252,0.6748],"evs":[0.0,0.05765]},"53s":{"weight":0.0,"played":[0.7775,0.2225],"evs":[0.0,-0.28712]},"54s":{"weight":0.0,"played":[0.2429,0.7571],"evs":[0.0,0.68345]},"55":{"weight":0.2862,"played":[0.4926,0.5074],"evs":[0.0,-0.01473]},"65o":{"weight":0.0,"played":[0.9993,7.0E-4],"evs":[0.0,-0.61824]},"75o":{"weight":0.0,"played":[0.9941,0.0059],"evs":[0.0,-0.71646]},"85o":{"weight":0.0,"played":[0.9967,0.0033],"evs":[0.0,-1.53682]},"95o":{"weight":0.0,"played":[0.993,0.007],"evs":[0.0,-1.61024]},"T5o":{"weight":0.0,"played":[0.999,0.001],"evs":[0.0,-1.71362]},"J5o":{"weight":0.0,"played":[1.0,0.0],"evs":[0.0,-1.72632]},"Q5o":{"weight":0.0,"played":[0.9959,0.0041],"evs":[0.0,-1.43105]},"K5o":{"weight":0.0,"played":[0.9994,6.0E-4],"evs":[0.0,-1.74176]},"A5o":{"weight":0.0,"played":[0.9485,0.0515],"evs":[0.0,-1.36743]},"62s":{"weight":0.0,"played":[0.9306,0.0694],"evs":[0.0,-0.96721]},"63s":{"weight":0.0,"played":[0.565,0.435],"evs":[0.0,0.02661]},"64s":{"weight":0.0,"played":[0.4899,0.5101],"evs":[0.0,0.10314]},"65s":{"weight":0.0,"played":[8.0E-4,0.9992],"evs":[0.0,0.90528]},"66":{"weight":0.0431,"played":[0.7097,0.2903],"evs":[0.0,0.15979]},"76o":{"weight":0.0,"played":[0.9985,0.0015],"evs":[0.0,-0.61945]},"86o":{"weight":0.0,"played":[0.9996,4.0E-4],"evs":[0.0,-1.31052]},"96o":{"weight":0.0,"played":[0.9969,0.0031],"evs":[0.0,-1.5569]},"T6o":{"weight":0.0,"played":[0.9967,0.0033],"evs":[0.0,-1.92209]},"J6o":{"weight":0.0,"played":[0.9996,4.0E-4],"evs":[0.0,-1.11412]},"Q6o":{"weight":0.0,"played":[0.988,0.012],"evs":[0.0,-1.74084]},"K6o":{"weight":0.0,"played":[0.999,0.001],"evs":[0.0,-2.63989]},"A6o":{"weight":0.0,"played":[0.9957,0.0043],"evs":[0.0,-1.6537]},"72s":{"weight":0.0,"played":[0.9995,5.0E-4],"evs":[0.0,-1.04607]},"73s":{"weight":0.0,"played":[0.9539,0.0461],"evs":[0.0,-0.72702]},"74s":{"weight":0.0,"played":[0.6069,0.3931],"evs":[0.0,-0.20406]},"75s":{"weight":0.0,"played":[0.7591,0.2409],"evs":[0.0,-0.33277]},"76s":{"weight":0.0,"played":[0.5579,0.4421],"evs":[0.0,-0.27628]},"77":{"weight":0.0,"played":[0.4461,0.5539],"evs":[0.0,0.01704]},"87o":{"weight":0.0,"played":[0.9416,0.0584],"evs":[0.0,-0.66931]},"97o":{"weight":0.0,"played":[0.9987,0.0013],"evs":[0.0,-0.77662]},"T7o":{"weight":0.0,"played":[1.0,0.0],"evs":[0.0,-0.86787]},"J7o":{"weight":0.0,"played":[0.9952,0.0048],"evs":[0.0,-0.83488]},"Q7o":{"weight":0.0,"played":[0.9977,0.0023],"evs":[0.0,-1.91192]},"K7o":{"weight":0.0,"played":[0.9933,0.0067],"evs":[0.0,-1.95827]},"A7o":{"weight":0.0,"played":[0.9995,5.0E-4],"evs":[0.0,-1.7015]},"82s":{"weight":0.0,"played":[0.9924,0.0076],"evs":[0.0,-1.62871]},"83s":{"weight":0.0,"played":[0.9802,0.0198],"evs":[0.0,-1.45248]},"84s":{"weight":0.0,"played":[0.7722,0.2278],"evs":[0.0,-0.57204]},"85s":{"weight":0.0,"played":[0.9575,0.0425],"evs":[0.0,-0.4784]},"86s":{"weight":0.0,"played":[0.7659,0.2341],"evs":[0.0,0.25093]},"87s":{"weight":0.0,"played":[0.4735,0.5265],"evs":[0.0,0.21877]},"88":{"weight":0.0,"played":[0.5548,0.4452],"evs":[0.0,0.04471]},"98o":{"weight":0.0,"played":[0.9976,0.0024],"evs":[0.0,-1.10678]},"T8o":{"weight":0.0,"played":[0.9873,0.0127],"evs":[0.0,-1.00094]},"J8o":{"weight":0.0,"played":[0.9999,1.0E-4],"evs":[0.0,-1.5787]},"Q8o":{"weight":0.0,"played":[0.9917,0.0083],"evs":[0.0,-1.56624]},"K8o":{"weight":0.0,"played":[0.9928,0.0072],"evs":[0.0,-2.26151]},"A8o":{"weight":0.0,"played":[0.9984,0.0016],"evs":[0.0,-1.6005]},"92s":{"weight":0.0,"played":[0.9992,8.0E-4],"evs":[0.0,-1.42846]},"93s":{"weight":0.0,"played":[0.1611,0.8389],"evs":[0.0,0.027]},"94s":{"weight":0.0,"played":[0.9955,0.0045],"evs":[0.0,-0.86196]},"95s":{"weight":0.0,"played":[0.9994,6.0E-4],"evs":[0.0,-1.18339]},"96s":{"weight":0.0,"played":[0.7741,0.2259],"evs":[0.0,-0.30911]},"97s":{"weight":0.0,"played":[0.2835,0.7165],"evs":[0.0,-0.15028]},"98s":{"weight":0.0,"played":[0.4856,0.5144],"evs":[0.0,-0.67563]},"99":{"weight":0.0,"played":[3.0E-4,0.9997],"evs":[0.0,0.67191]},"T9o":{"weight":0.0,"played":[0.9067,0.0933],"evs":[0.0,-0.98316]},"J9o":{"weight":0.0,"played":[0.9783,0.0217],"evs":[0.0,-1.11061]},"Q9o":{"weight":0.0,"played":[0.9988,0.0012],"evs":[0.0,-2.06343]},"K9o":{"weight":0.0,"played":[0.9994,6.0E-4],"evs":[0.0,-2.23457]},"A9o":{"weight":0.0,"played":[0.998,0.002],"evs":[0.0,-1.67619]},"T2s":{"weight":0.0,"played":[0.9962,0.0038],"evs":[0.0,-1.81851]},"T3s":{"weight":0.0,"played":[0.9836,0.0164],"evs":[0.0,-0.71113]},"T4s":{"weight":0.0,"played":[0.7958,0.2042],"evs":[0.0,-0.71338]},"T5s":{"weight":0.0,"played":[0.9701,0.0299],"evs":[0.0,-1.18048]},"T6s":{"weight":0.0,"played":[0.4984,0.5016],"evs":[0.0,-0.15556]},"T7s":{"weight":0.0,"played":[0.9903,0.0097],"evs":[0.0,-0.68676]},"T8s":{"weight":0.0,"played":[0.144,0.856],"evs":[0.0,0.31082]},"T9s":{"weight":0.0,"played":[0.2544,0.7456],"evs":[0.0,0.52889]},"TT":{"weight":0.0,"played":[0.0018,0.9982],"evs":[0.0,1.09852]},"JTo":{"weight":0.0,"played":[0.7828,0.2172],"evs":[0.0,-0.80044]},"QTo":{"weight":0.0,"played":[0.9502,0.0498],"evs":[0.0,-1.18312]},"KTo":{"weight":0.0,"played":[0.9909,0.0091],"evs":[0.0,-1.59527]},"ATo":{"weight":0.0,"played":[0.9986,0.0014],"evs":[0.0,-0.89826]},"J2s":{"weight":0.0,"played":[0.4415,0.5585],"evs":[0.0,-0.36507]},"J3s":{"weight":0.0,"played":[0.9997,3.0E-4],"evs":[0.0,-1.64497]},"J4s":{"weight":0.0,"played":[0.8983,0.1017],"evs":[0.0,-0.74266]},"J5s":{"weight":0.0,"played":[0.534,0.466],"evs":[0.0,0.00415]},"J6s":{"weight":0.0,"played":[0.9756,0.0244],"evs":[0.0,-1.81713]},"J7s":{"weight":0.0,"played":[0.8783,0.1217],"evs":[0.0,-1.24893]},"J8s":{"weight":0.0,"played":[0.2928,0.7072],"evs":[0.0,0.17629]},"J9s":{"weight":0.0,"played":[0.6554,0.3446],"evs":[0.0,0.42823]},"JTs":{"weight":0.0084,"played":[0.1035,0.8965],"evs":[0.0,-0.06702]},"JJ":{"weight":0.0,"played":[2.0E-4,0.9998],"evs":[0.0,2.86081]},"QJo":{"weight":0.0,"played":[0.6557,0.3443],"evs":[0.0,-0.48805]},"KJo":{"weight":0.0,"played":[0.9367,0.0633],"evs":[0.0,-1.04733]},"AJo":{"weight":0.0,"played":[0.9326,0.0674],"evs":[0.0,-0.61616]},"Q2s":{"weight":0.0,"played":[0.9715,0.0285],"evs":[0.0,-0.89661]},"Q3s":{"weight":0.0,"played":[0.9992,8.0E-4],"evs":[0.0,-1.1227]},"Q4s":{"weight":0.0,"played":[0.9633,0.0367],"evs":[0.0,-0.48415]},"Q5s":{"weight":0.0,"played":[0.8021,0.1979],"evs":[0.0,0.17234]},"Q6s":{"weight":0.0,"played":[0.8434,0.1566],"evs":[0.0,-0.36987]},"Q7s":{"weight":0.0,"played":[0.6949,0.3051],"evs":[0.0,-0.93005]},"Q8s":{"weight":0.0,"played":[0.9476,0.0524],"evs":[0.0,-0.39426]},"Q9s":{"weight":0.0,"played":[0.9484,0.0516],"evs":[0.0,-0.463]},"QTs":{"weight":0.0768,"played":[0.5033,0.4967],"evs":[0.0,0.23044]},"QJs":{"weight":1.0,"played":[0.313,0.687],"evs":[0.0,-0.05949]},"QQ":{"weight":0.0,"played":[1.0E-4,0.9999],"evs":[0.0,4.46071]},"KQo":{"weight":1.0E-4,"played":[0.9199,0.0801],"evs":[0.0,-1.4694]},"AQo":{"weight":0.0,"played":[0.9459,0.0541],"evs":[0.0,-0.91203]},"K2s":{"weight":0.0,"played":[0.5532,0.4468],"evs":[0.0,-0.59315]},"K3s":{"weight":0.0,"played":[0.982,0.018],"evs":[0.0,-1.06832]},"K4s":{"weight":0.0,"played":[0.868,0.132],"evs":[0.0,-0.8993]},"K5s":{"weight":0.0,"played":[0.62,0.38],"evs":[0.0,-0.83121]},"K6s":{"weight":0.0,"played":[0.7025,0.2975],"evs":[0.0,-0.32385]},"K7s":{"weight":0.0,"played":[0.9904,0.0096],"evs":[0.0,-0.70484]},"K8s":{"weight":0.0,"played":[0.9968,0.0032],"evs":[0.0,-1.18779]},"K9s":{"weight":0.0,"played":[0.981,0.019],"evs":[0.0,-0.87204]},"KTs":{"weight":0.9048,"played":[0.0155,0.9845],"evs":[0.0,0.36886]},"KJs":{"weight":0.0063,"played":[0.0075,0.9925],"evs":[0.0,0.65695]},"KQs":{"weight":2.0E-4,"played":[0.0027,0.9973],"evs":[0.0,1.2535]},"KK":{"weight":0.0,"played":[0.0,1.0],"evs":[0.0,7.82428]},"AKo":{"weight":0.0,"played":[0.0109,0.9891],"evs":[0.0,0.80966]},"A2s":{"weight":0.0,"played":[0.5619,0.4381],"evs":[0.0,-0.27361]},"A3s":{"weight":0.0,"played":[0.6998,0.3002],"evs":[0.0,-0.60861]},"A4s":{"weight":0.0,"played":[0.9675,0.0325],"evs":[0.0,-0.86467]},"A5s":{"weight":0.0078,"played":[0.8982,0.1018],"evs":[0.0,-1.39364]},"A6s":{"weight":0.0,"played":[0.9344,0.0656],"evs":[0.0,-1.19182]},"A7s":{"weight":0.1751,"played":[0.9987,0.0013],"evs":[0.0,-1.43917]},"A8s":{"weight":0.0015,"played":[0.6669,0.3331],"evs":[0.0,-0.85986]},"A9s":{"weight":0.0,"played":[0.6634,0.3366],"evs":[0.0,-0.05627]},"ATs":{"weight":0.0,"played":[0.1944,0.8056],"evs":[0.0,0.55487]},"AJs":{"weight":0.0,"played":[0.1216,0.8784],"evs":[0.0,0.56221]},"AQs":{"weight":0.0,"played":[0.2089,0.7911],"evs":[0.0,0.52586]},"AKs":{"weight":0.0,"played":[0.0014,0.9986],"evs":[0.0,1.68174]},"AA":{"weight":0.0671,"played":[0.0,1.0],"evs":[0.0,9.85151]}}}