{"player":2,"street":0,"children":2,"sequence":[{"player":0,"type":"R","amount":200000,"street":0},{"player":1,"type":"C","amount":200000,"street":0},{"player":2,"type":"C","amount":200000,"street":0},{"player":3,"type":"F","amount":0,"street":0},{"player":4,"type":"F","amount":0,"street":0},{"player":5,"type":"R","amount":2335000,"street":0},{"player":0,"type":"C","amount":2135000,"street":0},{"player":1,"type":"F","amount":0,"street":0}],"actions":[{"type":"F","amount":0},{"type":"C","amount":1205000}],"hands":{"22":{"weight":0.0,"played":[0.9709,0.0291],"evs":[0.0,-4.25654]},"32o":{"weight":0.0,"played":[0.7594,0.2406],"evs":[0.0,-1.91845]},"42o":{"weight":0.0,"played":[0.9014,0.0986],"evs":[0.0,-3.66428]},"52o":{"weight":0.0,"played":[0.953,0.047],"evs":[0.0,-1.69529]},"62o":{"weight":0.0,"played":[0.8457,0.1543],"evs":[0.0,-1.95133]},"72o":{"weight":0.0,"played":[0.744,0.256],"evs":[0.0,-4.34657]},"82o":{"weight":0.0,"played":[0.9951,0.0049],"evs":[0.0,-3.63801]},"92o":{"weight":0.0,"played":[1.0,0.0],"evs":[0.0,-2.44099]},"T2o":{"weight":0.0,"played":[0.995,0.005],"evs":[0.0,-4.24099]},"J2o":{"weight":0.0,"played":[1.0,0.0],"evs":[0.0,-3.36464]},"Q2o":{"weight":0.0,"played":[0.9983,0.0017],"evs":[0.0,-1.02343]},"K2o":{"weight":0.0,"played":[0.6194,0.3806],"evs":[0.0,-0.59511]},"A2o":{"weight":0.0,"played":[0.8453,0.1547],"evs":[0.0,-1.27973]},"32s":{"weight":0.0,"played":[0.5187,0.4813],"evs":[0.0,-1.17686]},"33":{"weight":0.0,"played":[0.8159,0.1841],"evs":[0.0,-2.16953]},"43o":{"weight":0.0,"played":[0.8755,0.1245],"evs":[0.0,-0.59569]},"53o":{"weight":0.0,"played":[0.7068,0.2932],"evs":[0.0,-1.15974]},"63o":{"weight":0.0,"played":[0.9937,0.0063],"evs":[0.0,-2.76906]},"73o":{"weight":0.0,"played":[0.985,0.015],"evs":[0.0,-3.39622]},"83o":{"weight":0.0,"played":[0.986,0.014],"evs":[0.0,-3.70134]},"93o":{"weight":0.0,"played":[0.5428,0.4572],"evs":[0.0,-2.69194]},"T3o":{"weight":0.0,"played":[0.9489,0.0511],"evs":[0.0,-2.79541]},"J3o":{"weight":0.0,"played":[0.9187,0.0813],"evs":[0.0,-2.07862]},"Q3o":{"weight":0.0,"played":[0.9178,0.0822],"evs":[0.0,-2.773]},"K3o":{"weight":0.0,"played":[0.9516,0.0484],"evs":[0.0,-3.65828]},"A3o":{"weight":0.0,"played":[0.9406,0.0594],"evs":[0.0,-3.27225]},"42s":{"weight":0.0,"played":[0.1826,0.8174],"evs":[0.0,-1.00559]},"43s":{"weight":0.0,"played":[0.8394,0.1606],"evs":[0.0,-2.30275]},"44":{"weight":0.3209,"played":[3.0E-4,0.9997],"evs":[0.0,6.49008]},"54o":{"weight":0.0,"played":[0.8738,0.1262],"evs":[0.0,-1.61227]},"64o":{"weight":0.0,"played":[0.8065,0.1935],"evs":[0.0,-2.00677]},"74o":{"weight":0.0,"played":[1.0,0.0],"evs":[0.0,-3.59384]},"84o":{"weight":0.0,"played":[0.9622,0.0378],"evs":[0.0,-1.0917]},"94o":{"weight":0.0,"played":[0.6361,0.3639],"evs":[0.0,0.59878]},"T4o":{"weight":0.0,"played":[0.9573,0.0427],"evs":[0.0,-1.77582]},"J4o":{"weight":0.0,"played":[0.998,0.002],"evs":[0.0,-1.53517]},"Q4o":{"weight":0.0,"played":[0.8022,0.1978],"evs":[0.0,-0.5675]},"K4o":{"weight":0.0,"played":[0.4079,0.5921],"evs":[0.0,1.80795]},"A4o":{"weight":0.0,"played":[0.5336,0.4664],"evs":[0.0,-2.27139]},"52s":{"weight":0.0,"played":[0.8548,0.1452],"evs":[0.0,-6.10776]},"53s":{"weight":0.0,"played":[0.9621,0.0379],"evs":[0.0,-2.18777]},"54s":{"weight":1.0E-4,"played":[0.9906,0.0094],"evs":[0.0,-3.29546]},"55":{"weight":0.8794,"played":[0.3239,0.6761],"evs":[0.0,0.84423]},"65o":{"weight":0.0,"played":[0.9986,0.0014],"evs":[0.0,-1.49881]},"75o":{"weight":0.0,"played":[0.9902,0.0098],"evs":[0.0,-2.00805]},"85o":{"weight":0.0,"played":[0.9759,0.0241],"evs":[0.0,-4.02204]},"95o":{"weight":0.0,"played":[0.8765,0.1235],"evs":[0.0,-1.52278]},"T5o":{"weight":0.0,"played":[0.892,0.108],"evs":[0.0,-1.94357]},"J5o":{"weight":0.0,"played":[0.246,0.754],"evs":[0.0,-0.86435]},"Q5o":{"weight":0.0,"played":[0.9537,0.0463],"evs":[0.0,-6.27628]},"K5o":{"weight":0.0,"played":[0.0136,0.9864],"evs":[0.0,2.47941]},"A5o":{"weight":0.0,"played":[0.8687,0.1313],"evs":[0.0,-3.98912]},"62s":{"weight":0.0,"played":[0.3404,0.6596],"evs":[0.0,1.59393]},"63s":{"weight":0.0,"played":[0.8556,0.1444],"evs":[0.0,-1.19665]},"64s":{"weight":0.0,"played":[0.5222,0.4778],"evs":[0.0,-2.44316]},"65s":{"weight":0.0,"played":[0.0,1.0],"evs":[0.0,2.5667]},"66":{"weight":0.1169,"played":[0.1335,0.8665],"evs":[0.0,0.25512]},"76o":{"weight":0.0,"played":[0.9962,0.0038],"evs":[0.0,-2.23506]},"86o":{"weight":0.0,"played":[0.9214,0.0786],"evs":[0.0,-3.60524]},"96o":{"weight":0.0,"played":[0.9533,0.0467],"evs":[0.0,-2.24116]},"T6o":{"weight":0.0,"played":[0.4653,0.5347],"evs":[0.0,1.47871]},"J6o":{"weight":0.0,"played":[0.9652,0.0348],"evs":[0.0,-4.59584]},"Q6o":{"weight":0.0,"played":[0.4677,0.5323],"evs":[0.0,0.85177]},"K6o":{"weight":0.0,"played":[0.7995,0.2005],"evs":[0.0,-2.05066]},"A6o":{"weight":0.0,"played":[0.9601,0.0399],"evs":[0.0,0.11186]},"72s":{"weight":0.0,"played":[0.7908,0.2092],"evs":[0.0,-0.63157]},"73s":{"weight":0.0,"played":[0.9149,0.0851],"evs":[0.0,-2.28708]},"74s":{"weight":0.0,"played":[0.2115,0.7885],"evs":[0.0,3.38123]},"75s":{"weight":0.0,"played":[0.8084,0.1916],"evs":[0.0,-1.72112]},"76s":{"weight":0.0,"played":[0.0538,0.9462],"evs":[0.0,2.48217]},"77":{"weight":0.0,"played":[0.7234,0.2766],"evs":[0.0,-2.81565]},"87o":{"weight":0.0,"played":[0.7802,0.2198],"evs":[0.0,-1.99123]},"97o":{"weight":0.0,"played":[0.9164,0.0836],"evs":[0.0,-3.34134]},"T7o":{"weight":0.0,"played":[0.9435,0.0565],"evs":[0.0,-1.41401]},"J7o":{"weight":0.0,"played":[0.9832,0.0168],"evs":[0.0,-1.54635]},"Q7o":{"weight":0.0,"played":[0.4372,0.5628],"evs":[0.0,-2.03913]},"K7o":{"weight":0.0,"played":[0.282,0.718],"evs":[0.0,0.27117]},"A7o":{"weight":0.0,"played":[0.7945,0.2055],"evs":[0.0,-3.66746]},"82s":{"weight":0.0,"played":[0.7996,0.2004],"evs":[0.0,-4.12082]},"83s":{"weight":0.0,"played":[0.2518,0.7482],"evs":[0.0,-0.45122]},"84s":{"weight":0.0,"played":[0.6885,0.3115],"evs":[0.0,-3.59372]},"85s":{"weight":0.0,"played":[0.3843,0.6157],"evs":[0.0,0.70783]},"86s":{"weight":0.0,"played":[0.986,0.014],"evs":[0.0,-5.29148]},"87s":{"weight":1.0E-4,"played":[0.1462,0.8538],"evs":[0.0,4.37437]},"88":{"weight":0.0,"played":[0.3968,0.6032],"evs":[0.0,-0.16159]},"98o":{"weight":0.0,"played":[0.5073,0.4927],"evs":[0.0,0.17329]},"T8o":{"weight":0.0,"played":[0.5665,0.4335],"evs":[0.0,0.50283]},"J8o":{"weight":0.0,"played":[0.5247,0.4753],"evs":[0.0,-0.83932]},"Q8o":{"weight":0.0,"played":[0.5514,0.4486],"evs":[0.0,-1.15438]},"K8o":{"weight":0.0,"played":[0.4251,0.5749],"evs":[0.0,0.06211]},"A8o":{"weight":0.0,"played":[0.8289,0.1711],"evs":[0.0,-1.91056]},"92s":{"weight":0.0,"played":[0.3395,0.6605],"evs":[0.0,3.75984]},"93s":{"weight":0.0,"played":[0.873,0.127],"evs":[0.0,-1.31022]},"94s":{"weight":0.0,"played":[0.2869,0.7131],"evs":[0.0,1.73953]},"95s":{"weight":0.0,"played":[0.2325,0.7675],"evs":[0.0,5.87358]},"96s":{"weight":0.0,"played":[0.7144,0.2856],"evs":[0.0,2.51501]},"97s":{"weight":0.0,"played":[0.5803,0.4197],"evs":[0.0,2.41267]},"98s":{"weight":0.003,"played":[0.1585,0.8415],"evs":[0.0,2.96857]},"99":{"weight":9.0E-4,"played":[0.8297,0.1703],"evs":[0.0,1.803]},"T9o":{"weight":0.0,"played":[0.1857,0.8143],"evs":[0.0,1.07273]},"J9o":{"weight":0.0,"played":[0.4171,0.5829],"evs":[0.0,0.47128]},"Q9o":{"weight":0.0,"played":[0.9188,0.0812],"evs":[0.0,-3.90784]},"K9o":{"weight":0.0,"played":[0.0592,0.9408],"evs":[0.0,2.42972]},"A9o":{"weight":0.0975,"played":[0.1456,0.8544],"evs":[0.0,-0.78562]},"T2s":{"weight":0.0,"played":[0.8676,0.1324],"evs":[0.0,-0.61977]},"T3s":{"weight":0.0,"played":[0.9425,0.0575],"evs":[0.0,-5.88549]},"T4s":{"weight":0.0,"played":[0.9986,0.0014],"evs":[0.0,-5.73207]},"T5s":{"weight":0.0,"played":[0.0212,0.9788],"evs":[0.0,1.46241]},"T6s":{"weight":0.0,"played":[0.9674,0.0326],"evs":[0.0,-1.97663]},"T7s":{"weight":0.0,"played":[0.9849,0.0151],"evs":[0.0,-1.86936]},"T8s":{"weight":0.0,"played":[0.6724,0.3276],"evs":[0.0,1.68777]},"T9s":{"weight":0.001,"played":[0.2214,0.7786],"evs":[0.0,2.57712]},"TT":{"weight":2.0E-4,"played":[0.055,0.945],"evs":[0.0,8.86547]},"JTo":{"weight":0.0,"played":[0.9345,0.0655],"evs":[0.0,-0.84146]},"QTo":{"weight":0.0,"played":[0.7307,0.2693],"evs":[0.0,-1.25442]},"KTo":{"weight":0.0,"played":[0.9795,0.0205],"evs":[0.0,-2.95801]},"ATo":{"weight":3.0E-4,"played":[0.5393,0.4607],"evs":[0.0,-1.85472]},"J2s":{"weight":0.0,"played":[0.7762,0.2238],"evs":[0.0,3.53373]},"J3s":{"weight":0.0,"played":[0.7878,0.2122],"evs":[0.0,-0.70516]},"J4s":{"weight":0.0,"played":[0.6068,0.3932],"evs":[0.0,-3.36954]},"J5s":{"weight":0.0,"played":[0.3779,0.6221],"evs":[0.0,-3.32449]},"J6s":{"weight":0.0,"played":[0.5691,0.4309],"evs":[0.0,-3.23163]},"J7s":{"weight":0.0,"played":[0.0297,0.9703],"evs":[0.0,4.5751]},"J8s":{"weight":0.0,"played":[0.9524,0.0476],"evs":[0.0,-4.93054]},"J9s":{"weight":1.0E-4,"played":[0.689,0.311],"evs":[0.0,-5.46964]},"JTs":{"weight":8.0E-4,"played":[0.6134,0.3866],"evs":[0.0,0.06018]},"JJ":{"weight":7.0E-4,"played":[0.0073,0.9927],"evs":[0.0,4.94772]},"QJo":{"weight":0.0,"played":[0.9126,0.0874],"evs":[0.0,-0.63295]},"KJo":{"weight":0.5222,"played":[0.0128,0.9872],"evs":[0.0,2.86102]},"AJo":{"weight":0.0,"played":[0.394,0.606],"evs":[0.0,-1.9948]},"Q2s":{"weight":0.0,"played":[0.2954,0.7046],"evs":[0.0,-0.1169]},"Q3s":{"weight":1.0E-4,"played":[0.275,0.725],"evs":[0.0,1.65012]},"Q4s":{"weight":0.0,"played":[0.0207,0.9793],"evs":[0.0,1.9157]},"Q5s":{"weight":0.0,"played":[0.6335,0.3665],"evs":[0.0,-2.50956]},"Q6s":{"weight":0.0,"played":[0.4,0.6],"evs":[0.0,1.88941]},"Q7s":{"weight":0.0,"played":[0.7342,0.2658],"evs":[0.0,0.00334]},"Q8s":{"weight":0.0,"played":[0.0629,0.9371],"evs":[0.0,0.7438]},"Q9s":{"weight":0.0208,"played":[0.2463,0.7537],"evs":[0.0,-1.40327]},"QTs":{"weight":2.0E-4,"played":[0.0055,0.9945],"evs":[0.0,1.5514]},"QJs":{"weight":0.9957,"played":[0.2194,0.7806],"evs":[0.0,4.32834]},"QQ":{"weight":0.0,"played":[0.003,0.997],"evs":[0.0,9.22816]},"KQo":{"weight":0.4071,"played":[0.4845,0.5155],"evs":[0.0,-0.64305]},"AQo":{"weight":0.0,"played":[0.0035,0.9965],"evs":[0.0,6.71748]},"K2s":{"weight":0.0,"played":[0.9341,0.0659],"evs":[0.0,0.29737]},"K3s":{"weight":0.0,"played":[0.7974,0.2026],"evs":[0.0,-4.73298]},"K4s":{"weight":0.0,"played":[0.8661,0.1339],"evs":[0.0,-4.12174]},"K5s":{"weight":0.0,"played":[0.4809,0.5191],"evs":[0.0,-0.61507]},"K6s":{"weight":0.0,"played":[0.4218,0.5782],"evs":[0.0,0.24151]},"K7s":{"weight":0.0037,"played":[0.3371,0.6629],"evs":[0.0,-1.0147]},"K8s":{"weight":0.0238,"played":[0.2872,0.7128],"evs":[0.0,-0.06838]},"K9s":{"weight":0.6059,"played":[0.7273,0.2727],"evs":[0.0,-0.9994]},"KTs":{"weight":0.9502,"played":[0.4073,0.5927],"evs":[0.0,-2.51311]},"KJs":{"weight":0.356,"played":[0.7641,0.2359],"evs":[0.0,-3.44014]},"KQs":{"weight":0.0435,"played":[0.0343,0.9657],"evs":[0.0,3.32659]},"KK":{"weight":0.0,"played":[0.0381,0.9619],"evs":[0.0,11.12068]},"AKo":{"weight":0.0,"played":[0.1464,0.8536],"evs":[0.0,-0.95359]},"A2s":{"weight":0.3028,"played":[0.7013,0.2987],"evs":[0.0,-5.18337]},"A3s":{"weight":0.579,"played":[0.008,0.992],"evs":[0.0,0.61004]},"A4s":{"weight":0.1922,"played":[0.2398,0.7602],"evs":[0.0,0.21914]},"A5s":{"weight":0.1483,"played":[0.8808,0.1192],"evs":[0.0,-2.35387]},"A6s":{"weight":0.6737,"played":[0.0313,0.9687],"evs":[0.0,2.95852]},"A7s":{"weight":0.0469,"played":[0.082,0.918],"evs":[0.0,3.47493]},"A8s":{"weight":0.0115,"played":[0.1837,0.8163],"evs":[0.0,4.88807]},"A9s":{"weight":0.0744,"played":[0.3603,0.6397],"evs":[0.0,1.32863]},"ATs":{"weight":3.0E-4,"played":[0.7528,0.2472],"evs":[0.0,5.11641]},"AJs":{"weight":0.0,"played":[0.0844,0.9156],"evs":[0.0,2.25504]},"AQs":{"weight":0.0,"played":[0.0855,0.9145],"evs":[0.0,10.30161]},"AKs":{"weight":0.0,"played":[0.0487,0.9513],"evs":[0.0,5.10131]},"AA":{"weight":0.0,"played":[0.0,1.0],"evs":[0.0,15.97917]}}}