{"player":2,"street":0,"children":2,"sequence":[{"player":0,"type":"R","amount":200000,"street":0},{"player":1,"type":"C","amount":200000,"street":0},{"player":2,"type":"C","amount":200000,"street":0},{"player":3,"type":"F","amount":0,"street":0},{"player":4,"type":"R","amount":1345000,"street":0},{"player":5,"type":"F","amount":0,"street":0},{"player":0,"type":"F","amount":0,"street":0},{"player":1,"type":"F","amount":0,"street":0}],"actions":[{"type":"F","amount":0},{"type":"C","amount":1145000}],"hands":{"22":{"weight":0.0,"played":[0.8607,0.1393],"evs":[0.0,2.75602]},"32o":{"weight":0.0,"played":[0.2561,0.7439],"evs":[0.0,1.12922]},"42o":{"weight":0.0,"played":[0.3767,0.6233],"evs":[0.0,-3.13366]},"52o":{"weight":0.0,"played":[0.4098,0.5902],"evs":[0.0,2.6497]},"62o":{"weight":0.0,"played":[0.4556,0.5444],"evs":[0.0,-0.97161]},"72o":{"weight":0.0,"played":[0.4102,0.5898],"evs":[0.0,-3.45867]},"82o":{"weight":0.0,"played":[0.5457,0.4543],"evs":[0.0,2.17938]},"92o":{"weight":0.0,"played":[0.6099,0.3901],"evs":[0.0,-0.28221]},"T2o":{"weight":0.0,"played":[0.5308,0.4692],"evs":[0.0,1.42359]},"J2o":{"weight":0.0,"played":[0.7744,0.2256],"evs":[0.0,-3.918]},"Q2o":{"weight":0.0,"played":[0.698,0.302],"evs":[0.0,-0.62376]},"K2o":{"weight":0.0,"played":[0.2052,0.7948],"evs":[0.0,0.52395]},"A2o":{"weight":0.0,"played":[0.001,0.999],"evs":[0.0,6.51222]},"32s":{"weight":0.0,"played":[0.4583,0.5417],"evs":[0.0,-5.35339]},"33":{"weight":0.0,"played":[0.052,0.948],"evs":[0.0,12.33883]},"43o":{"weight":0.0,"played":[0.5836,0.4164],"evs":[0.0,3.05354]},"53o":{"weight":0.0,"played":[0.5512,0.4488],"evs":[0.0,-3.4776]},"63o":{"weight":0.0,"played":[0.545,0.455],"evs":[0.0,-1.82934]},"73o":{"weight":0.0,"played":[0.2938,0.7062],"evs":[0.0,-0.197]},"83o":{"weight":0.0,"played":[0.3609,0.6391],"evs":[0.0,3.69182]},"93o":{"weight":0.0,"played":[0.2956,0.7044],"evs":[0.0,6.22213]},"T3o":{"weight":0.0,"played":[0.0,1.0],"evs":[0.0,1.64872]},"J3o":{"weight":0.0,"played":[0.0108,0.9892],"evs":[0.0,4.20128]},"Q3o":{"weight":0.0,"played":[0.0374,0.9626],"evs":[0.0,4.97796]},"K3o":{"weight":0.0,"played":[0.3654,0.6346],"evs":[0.0,0.23824]},"A3o":{"weight":0.0,"played":[0.1305,0.8695],"evs":[0.0,10.55441]},"42s":{"weight":0.0,"played":[0.2141,0.7859],"evs":[0.0,4.3593]},"43s":{"weight":0.0,"played":[0.5798,0.4202],"evs":[0.0,-7.80198]},"44":{"weight":0.3209,"played":[0.2331,0.7669],"evs":[0.0,8.35251]},"54o":{"weight":0.0,"played":[0.3874,0.6126],"evs":[0.0,0.73664]},"64o":{"weight":0.0,"played":[0.1998,0.8002],"evs":[0.0,0.90568]},"74o":{"weight":0.0,"played":[0.0106,0.9894],"evs":[0.0,6.2562]},"84o":{"weight":0.0,"played":[0.8712,0.1288],"evs":[0.0,-3.28032]},"94o":{"weight":0.0,"played":[0.7323,0.2677],"evs":[0.0,2.00728]},"T4o":{"weight":0.0,"played":[0.1396,0.8604],"evs":[0.0,3.14038]},"J4o":{"weight":0.0,"played":[0.4008,0.5992],"evs":[0.0,-3.49714]},"Q4o":{"weight":0.0,"played":[0.6291,0.3709],"evs":[0.0,1.92866]},"K4o":{"weight":0.0,"played":[0.0209,0.9791],"evs":[0.0,1.54106]},"A4o":{"weight":0.0,"played":[0.087,0.913],"evs":[0.0,3.87544]},"52s":{"weight":0.0,"played":[0.9095,0.0905],"evs":[0.0,-0.77299]},"53s":{"weight":0.0,"played":[0.0012,0.9988],"evs":[0.0,4.0559]},"54s":{"weight":1.0E-4,"played":[0.5735,0.4265],"evs":[0.0,-2.37289]},"55":{"weight":0.8794,"played":[0.0254,0.9746],"evs":[0.0,7.16534]},"65o":{"weight":0.0,"played":[0.4677,0.5323],"evs":[0.0,-0.95971]},"75o":{"weight":0.0,"played":[0.8452,0.1548],"evs":[0.0,-6.77043]},"85o":{"weight":0.0,"played":[0.3594,0.6406],"evs":[0.0,3.491]},"95o":{"weight":0.0,"played":[0.4142,0.5858],"evs":[0.0,2.03352]},"T5o":{"weight":0.0,"played":[0.4917,0.5083],"evs":[0.0,-1.80913]},"J5o":{"weight":0.0,"played":[0.4213,0.5787],"evs":[0.0,-3.50209]},"Q5o":{"weight":0.0,"played":[0.5312,0.4688],"evs":[0.0,7.89627]},"K5o":{"weight":0.0,"played":[0.2163,0.7837],"evs":[0.0,3.04814]},"A5o":{"weight":0.0,"played":[0.9579,0.0421],"evs":[0.0,2.09184]},"62s":{"weight":0.0,"played":[0.9931,0.0069],"evs":[0.0,6.49931]},"63s":{"weight":0.0,"played":[0.507,0.493],"evs":[0.0,-4.88239]},"64s":{"weight":0.0,"played":[0.551,0.449],"evs":[0.0,1.87465]},"65s":{"weight":0.0,"played":[0.2704,0.7296],"evs":[0.0,-0.49297]},"66":{"weight":0.1169,"played":[0.5964,0.4036],"evs":[0.0,-0.37126]},"76o":{"weight":0.0,"played":[0.4297,0.5703],"evs":[0.0,-4.1631]},"86o":{"weight":0.0,"played":[0.3573,0.6427],"evs":[0.0,-2.08118]},"96o":{"weight":0.0,"played":[0.0632,0.9368],"evs":[0.0,4.45319]},"T6o":{"weight":0.0,"played":[0.9994,6.0E-4],"evs":[0.0,-6.30201]},"J6o":{"weight":0.0,"played":[0.0,1.0],"evs":[0.0,-1.49947]},"Q6o":{"weight":0.0,"played":[0.3018,0.6982],"evs":[0.0,4.02084]},"K6o":{"weight":0.0,"played":[0.4713,0.5287],"evs":[0.0,3.20677]},"A6o":{"weight":0.0,"played":[0.6959,0.3041],"evs":[0.0,3.07996]},"72s":{"weight":0.0,"played":[0.9924,0.0076],"evs":[0.0,-8.13283]},"73s":{"weight":0.0,"played":[0.0718,0.9282],"evs":[0.0,1.38725]},"74s":{"weight":0.0,"played":[0.9358,0.0642],"evs":[0.0,-7.65529]},"75s":{"weight":0.0,"played":[0.8599,0.1401],"evs":[0.0,-7.7974]},"76s":{"weight":0.0,"played":[0.1124,0.8876],"evs":[0.0,9.40978]},"77":{"weight":0.0,"played":[0.0522,0.9478],"evs":[0.0,10.90286]},"87o":{"weight":0.0,"played":[0.1448,0.8552],"evs":[0.0,4.8992]},"97o":{"weight":0.0,"played":[0.6511,0.3489],"evs":[0.0,3.45875]},"T7o":{"weight":0.0,"played":[0.1586,0.8414],"evs":[0.0,3.2988]},"J7o":{"weight":0.0,"played":[0.7838,0.2162],"evs":[0.0,-2.0921]},"Q7o":{"weight":0.0,"played":[0.7501,0.2499],"evs":[0.0,1.49672]},"K7o":{"weight":0.0,"played":[0.05,0.95],"evs":[0.0,2.62228]},"A7o":{"weight":0.0,"played":[0.0021,0.9979],"evs":[0.0,7.64647]},"82s":{"weight":0.0,"played":[0.5745,0.4255],"evs":[0.0,-0.17138]},"83s":{"weight":0.0,"played":[0.8575,0.1425],"evs":[0.0,6.35789]},"84s":{"weight":0.0,"played":[0.0,1.0],"evs":[0.0,1.07551]},"85s":{"weight":0.0,"played":[0.0471,0.9529],"evs":[0.0,7.44465]},"86s":{"weight":0.0,"played":[0.8572,0.1428],"evs":[0.0,-7.49693]},"87s":{"weight":1.0E-4,"played":[0.0322,0.9678],"evs":[0.0,6.1261]},"88":{"weight":0.0,"played":[0.1578,0.8422],"evs":[0.0,14.98889]},"98o":{"weight":0.0,"played":[0.5198,0.4802],"evs":[0.0,-0.91335]},"T8o":{"weight":0.0,"played":[0.141,0.859],"evs":[0.0,1.55218]},"J8o":{"weight":0.0,"played":[0.0155,0.9845],"evs":[0.0,9.80161]},"Q8o":{"weight":0.0,"played":[0.1996,0.8004],"evs":[0.0,1.87116]},"K8o":{"weight":0.0,"played":[0.8197,0.1803],"evs":[0.0,-6.80447]},"A8o":{"weight":0.0,"played":[0.0,1.0],"evs":[0.0,10.23988]},"92s":{"weight":0.0,"played":[0.7039,0.2961],"evs":[0.0,-0.57508]},"93s":{"weight":0.0,"played":[1.0,0.0],"evs":[0.0,-8.13283]},"94s":{"weight":0.0,"played":[0.3966,0.6034],"evs":[0.0,6.4557]},"95s":{"weight":0.0,"played":[0.8251,0.1749],"evs":[0.0,2.28622]},"96s":{"weight":0.0,"played":[0.615,0.385],"evs":[0.0,4.72837]},"97s":{"weight":0.0,"played":[0.0156,0.9844],"evs":[0.0,17.15613]},"98s":{"weight":0.003,"played":[0.442,0.558],"evs":[0.0,6.20604]},"99":{"weight":9.0E-4,"played":[0.0477,0.9523],"evs":[0.0,1.03034]},"T9o":{"weight":0.0,"played":[0.2101,0.7899],"evs":[0.0,0.04753]},"J9o":{"weight":0.0,"played":[0.3557,0.6443],"evs":[0.0,1.58435]},"Q9o":{"weight":0.0,"played":[0.5261,0.4739],"evs":[0.0,2.80842]},"K9o":{"weight":0.0,"played":[0.0,1.0],"evs":[0.0,0.81377]},"A9o":{"weight":0.0975,"played":[0.0928,0.9072],"evs":[0.0,4.5482]},"T2s":{"weight":0.0,"played":[0.9211,0.0789],"evs":[0.0,-8.13283]},"T3s":{"weight":0.0,"played":[0.137,0.863],"evs":[0.0,-4.66788]},"T4s":{"weight":0.0,"played":[0.2104,0.7896],"evs":[0.0,17.15613]},"T5s":{"weight":0.0,"played":[0.6284,0.3716],"evs":[0.0,0.01026]},"T6s":{"weight":0.0,"played":[0.0,1.0],"evs":[0.0,17.15613]},"T7s":{"weight":0.0,"played":[0.0,1.0],"evs":[0.0,17.15613]},"T8s":{"weight":0.0,"played":[0.8355,0.1645],"evs":[0.0,8.83525]},"T9s":{"weight":0.001,"played":[0.3277,0.6723],"evs":[0.0,-4.48346]},"TT":{"weight":2.0E-4,"played":[0.216,0.784],"evs":[0.0,-2.88042]},"JTo":{"weight":0.0,"played":[0.2595,0.7405],"evs":[0.0,1.23152]},"QTo":{"weight":0.0,"played":[0.1399,0.8601],"evs":[0.0,2.71868]},"KTo":{"weight":0.0,"played":[0.0496,0.9504],"evs":[0.0,0.55495]},"ATo":{"weight":3.0E-4,"played":[0.3362,0.6638],"evs":[0.0,3.60838]},"J2s":{"weight":0.0,"played":[0.5,0.5],"evs":[0.0,0.0]},"J3s":{"weight":0.0,"played":[0.4785,0.5215],"evs":[0.0,12.90639]},"J4s":{"weight":0.0,"played":[0.0263,0.9737],"evs":[0.0,9.75979]},"J5s":{"weight":0.0,"played":[1.0,0.0],"evs":[0.0,-8.13283]},"J6s":{"weight":0.0,"played":[0.1697,0.8303],"evs":[0.0,2.08807]},"J7s":{"weight":0.0,"played":[0.77,0.23],"evs":[0.0,-7.03828]},"J8s":{"weight":0.0,"played":[0.0829,0.9171],"evs":[0.0,4.33703]},"J9s":{"weight":1.0E-4,"played":[0.188,0.812],"evs":[0.0,-0.70696]},"JTs":{"weight":8.0E-4,"played":[0.0081,0.9919],"evs":[0.0,-0.57118]},"JJ":{"weight":7.0E-4,"played":[0.0633,0.9367],"evs":[0.0,9.70757]},"QJo":{"weight":0.0,"played":[0.0,1.0],"evs":[0.0,7.3344]},"KJo":{"weight":0.5222,"played":[0.0973,0.9027],"evs":[0.0,5.01668]},"AJo":{"weight":0.0,"played":[0.2326,0.7674],"evs":[0.0,5.64322]},"Q2s":{"weight":0.0,"played":[0.7885,0.2115],"evs":[0.0,6.96077]},"Q3s":{"weight":1.0E-4,"played":[0.7271,0.2729],"evs":[0.0,-7.68523]},"Q4s":{"weight":0.0,"played":[1.0,0.0],"evs":[0.0,-8.13282]},"Q5s":{"weight":0.0,"played":[0.9606,0.0394],"evs":[0.0,-8.13283]},"Q6s":{"weight":0.0,"played":[0.686,0.314],"evs":[0.0,-8.13283]},"Q7s":{"weight":0.0,"played":[0.0,1.0],"evs":[0.0,17.15613]},"Q8s":{"weight":0.0,"played":[0.1067,0.8933],"evs":[0.0,16.06623]},"Q9s":{"weight":0.0208,"played":[0.0,1.0],"evs":[0.0,9.14624]},"QTs":{"weight":2.0E-4,"played":[0.5809,0.4191],"evs":[0.0,6.67443]},"QJs":{"weight":0.9957,"played":[0.2168,0.7832],"evs":[0.0,2.73998]},"QQ":{"weight":0.0,"played":[0.0901,0.9099],"evs":[0.0,5.4859]},"KQo":{"weight":0.4071,"played":[0.0336,0.9664],"evs":[0.0,8.30484]},"AQo":{"weight":0.0,"played":[0.0,1.0],"evs":[0.0,5.70043]},"K2s":{"weight":0.0,"played":[0.896,0.104],"evs":[0.0,-8.13283]},"K3s":{"weight":0.0,"played":[0.2906,0.7094],"evs":[0.0,13.7005]},"K4s":{"weight":0.0,"played":[0.0,1.0],"evs":[0.0,1.88914]},"K5s":{"weight":0.0,"played":[0.1924,0.8076],"evs":[0.0,4.62325]},"K6s":{"weight":0.0,"played":[0.1918,0.8082],"evs":[0.0,0.81746]},"K7s":{"weight":0.0037,"played":[0.5197,0.4803],"evs":[0.0,-4.47038]},"K8s":{"weight":0.0238,"played":[0.9348,0.0652],"evs":[0.0,-8.13283]},"K9s":{"weight":0.6059,"played":[0.3144,0.6856],"evs":[0.0,0.09508]},"KTs":{"weight":0.9502,"played":[0.2318,0.7682],"evs":[0.0,17.15613]},"KJs":{"weight":0.356,"played":[0.1449,0.8551],"evs":[0.0,3.8346]},"KQs":{"weight":0.0435,"played":[0.9278,0.0722],"evs":[0.0,-1.82997]},"KK":{"weight":0.0,"played":[0.024,0.976],"evs":[0.0,17.15613]},"AKo":{"weight":0.0,"played":[0.0,1.0],"evs":[0.0,9.32426]},"A2s":{"weight":0.3028,"played":[0.3714,0.6286],"evs":[0.0,5.11147]},"A3s":{"weight":0.579,"played":[0.3273,0.6727],"evs":[0.0,-2.13187]},"A4s":{"weight":0.1922,"played":[0.0366,0.9634],"evs":[0.0,17.15613]},"A5s":{"weight":0.1483,"played":[0.9932,0.0068],"evs":[0.0,1.26394]},"A6s":{"weight":0.6737,"played":[0.0,1.0],"evs":[0.0,17.15613]},"A7s":{"weight":0.0469,"played":[0.0736,0.9264],"evs":[0.0,1.41715]},"A8s":{"weight":0.0115,"played":[0.279,0.721],"evs":[0.0,5.34542]},"A9s":{"weight":0.0744,"played":[0.0358,0.9642],"evs":[0.0,10.77932]},"ATs":{"weight":3.0E-4,"played":[0.3311,0.6689],"evs":[0.0,-1.88362]},"AJs":{"weight":0.0,"played":[0.774,0.226],"evs":[0.0,5.72414]},"AQs":{"weight":0.0,"played":[0.152,0.848],"evs":[0.0,-0.44325]},"AKs":{"weight":0.0,"played":[0.3807,0.6193],"evs":[0.0,-1.02973]},"AA":{"weight":0.0,"played":[0.0,1.0],"evs":[0.0,15.05945]}}}