{"player":2,"street":0,"children":2,"sequence":[{"player":0,"type":"F","amount":0,"street":0},{"player":1,"type":"F","amount":0,"street":0},{"player":2,"type":"R","amount":200000,"street":0},{"player":3,"type":"C","amount":200000,"street":0},{"player":4,"type":"R","amount":1345000,"street":0},{"player":5,"type":"F","amount":0,"street":0},{"player":2,"type":"C","amount":1145000,"street":0},{"player":3,"type":"R","amount":1405000,"street":0}],"actions":[{"type":"F","amount":0},{"type":"C","amount":60000}],"hands":{"22":{"weight":7.0E-4,"played":[0.0,1.0],"evs":[0.0,6.95387]},"32o":{"weight":0.0,"played":[0.0,1.0],"evs":[0.0,4.89722]},"42o":{"weight":0.0,"played":[0.0,1.0],"evs":[0.0,5.062]},"52o":{"weight":0.0,"played":[0.0,1.0],"evs":[0.0,5.04062]},"62o":{"weight":0.0,"played":[0.0,1.0],"evs":[0.0,4.88956]},"72o":{"weight":0.0,"played":[0.0,1.0],"evs":[0.0,4.43675]},"82o":{"weight":0.0,"played":[0.0,1.0],"evs":[0.0,4.58295]},"92o":{"weight":0.0,"played":[0.0,1.0],"evs":[0.0,4.67069]},"T2o":{"weight":0.0,"played":[0.0,1.0],"evs":[0.0,4.60132]},"J2o":{"weight":0.0,"played":[0.0,1.0],"evs":[0.0,4.92759]},"Q2o":{"weight":0.0,"played":[0.0,1.0],"evs":[0.0,4.91283]},"K2o":{"weight":0.0,"played":[0.0,1.0],"evs":[0.0,5.1302]},"A2o":{"weight":0.0,"played":[0.0,1.0],"evs":[0.0,5.17208]},"32s":{"weight":0.0,"played":[0.0,1.0],"evs":[0.0,5.79246]},"33":{"weight":0.0792,"played":[0.0,1.0],"evs":[0.0,7.4042]},"43o":{"weight":0.0,"played":[0.0,1.0],"evs":[0.0,5.59946]},"53o":{"weight":0.0,"played":[0.0,1.0],"evs":[0.0,5.66341]},"63o":{"weight":0.0,"played":[0.0,1.0],"evs":[0.0,5.44024]},"73o":{"weight":0.0,"played":[0.0,1.0],"evs":[0.0,5.02131]},"83o":{"weight":0.0,"played":[0.0,1.0],"evs":[0.0,4.7391]},"93o":{"weight":0.0,"played":[0.0,1.0],"evs":[0.0,4.75239]},"T3o":{"weight":0.0,"played":[0.0,1.0],"evs":[0.0,4.7551]},"J3o":{"weight":0.0,"played":[0.0,1.0],"evs":[0.0,4.86314]},"Q3o":{"weight":0.0,"played":[0.0,1.0],"evs":[0.0,5.00615]},"K3o":{"weight":0.0,"played":[0.0,1.0],"evs":[0.0,5.37516]},"A3o":{"weight":0.0,"played":[0.0,1.0],"evs":[0.0,5.73532]},"42s":{"weight":0.0,"played":[0.0,1.0],"evs":[0.0,6.17688]},"43s":{"weight":0.0,"played":[0.0,1.0],"evs":[0.0,6.71748]},"44":{"weight":0.0066,"played":[0.0,1.0],"evs":[0.0,7.28258]},"54o":{"weight":0.0,"played":[0.0,1.0],"evs":[0.0,6.23445]},"64o":{"weight":0.0,"played":[0.0,1.0],"evs":[0.0,5.89286]},"74o":{"weight":0.0,"played":[0.0,1.0],"evs":[0.0,5.45511]},"84o":{"weight":0.0,"played":[0.0,1.0],"evs":[0.0,4.91824]},"94o":{"weight":0.0,"played":[0.0,1.0],"evs":[0.0,4.83978]},"T4o":{"weight":0.0,"played":[0.0,1.0],"evs":[0.0,4.7616]},"J4o":{"weight":0.0,"played":[0.0,1.0],"evs":[0.0,5.20052]},"Q4o":{"weight":0.0,"played":[0.0,1.0],"evs":[0.0,5.17668]},"K4o":{"weight":0.0,"played":[0.0,1.0],"evs":[0.0,5.37116]},"A4o":{"weight":0.0,"played":[0.0,1.0],"evs":[0.0,5.80884]},"52s":{"weight":0.0,"played":[0.0,1.0],"evs":[0.0,6.10401]},"53s":{"weight":0.0,"played":[0.0,1.0],"evs":[0.0,7.07362]},"54s":{"weight":0.0,"played":[0.0,1.0],"evs":[0.0,7.50627]},"55":{"weight":0.0,"played":[0.0,1.0],"evs":[0.0,7.50758]},"65o":{"weight":0.0,"played":[0.0,1.0],"evs":[0.0,6.21683]},"75o":{"weight":0.0,"played":[0.0,1.0],"evs":[0.0,5.81928]},"85o":{"weight":0.0,"played":[0.0,1.0],"evs":[0.0,5.51594]},"95o":{"weight":0.0,"played":[0.0,1.0],"evs":[0.0,5.46442]},"T5o":{"weight":0.0,"played":[0.0,1.0],"evs":[0.0,4.93929]},"J5o":{"weight":0.0,"played":[0.0,1.0],"evs":[0.0,5.07982]},"Q5o":{"weight":0.0,"played":[0.0,1.0],"evs":[0.0,5.10907]},"K5o":{"weight":0.0,"played":[0.0,1.0],"evs":[0.0,5.48638]},"A5o":{"weight":0.0,"played":[0.0,1.0],"evs":[0.0,6.00737]},"62s":{"weight":0.0,"played":[0.0,1.0],"evs":[0.0,5.88098]},"63s":{"weight":0.0,"played":[0.0,1.0],"evs":[0.0,6.55405]},"64s":{"weight":0.0,"played":[0.0,1.0],"evs":[0.0,6.87179]},"65s":{"weight":0.0,"played":[0.0,1.0],"evs":[0.0,7.45522]},"66":{"weight":0.0,"played":[0.0,1.0],"evs":[0.0,7.74744]},"76o":{"weight":0.0,"played":[0.0,1.0],"evs":[0.0,6.24857]},"86o":{"weight":0.0,"played":[0.0,1.0],"evs":[0.0,6.16116]},"96o":{"weight":0.0,"played":[0.0,1.0],"evs":[0.0,5.79207]},"T6o":{"weight":0.0,"played":[0.0,1.0],"evs":[0.0,5.25538]},"J6o":{"weight":0.0,"played":[0.0,1.0],"evs":[0.0,5.24052]},"Q6o":{"weight":0.0,"played":[0.0,1.0],"evs":[0.0,5.41962]},"K6o":{"weight":0.0,"played":[0.0,1.0],"evs":[0.0,5.43697]},"A6o":{"weight":0.0,"played":[0.0,1.0],"evs":[0.0,5.68509]},"72s":{"weight":0.0,"played":[0.0,1.0],"evs":[0.0,5.99699]},"73s":{"weight":0.0,"played":[0.0,1.0],"evs":[0.0,5.95783]},"74s":{"weight":0.0,"played":[0.0,1.0],"evs":[0.0,6.84521]},"75s":{"weight":0.0,"played":[0.0,1.0],"evs":[0.0,7.08567]},"76s":{"weight":0.0,"played":[0.0,1.0],"evs":[0.0,7.69407]},"77":{"weight":0.0,"played":[0.0,1.0],"evs":[0.0,7.99343]},"87o":{"weight":0.0,"played":[0.0,1.0],"evs":[0.0,6.35149]},"97o":{"weight":0.0,"played":[0.0,1.0],"evs":[0.0,6.1381]},"T7o":{"weight":0.0,"played":[0.0,1.0],"evs":[0.0,5.79628]},"J7o":{"weight":0.0,"played":[0.0,1.0],"evs":[0.0,5.52909]},"Q7o":{"weight":0.0,"played":[0.0,1.0],"evs":[0.0,5.3065]},"K7o":{"weight":0.0,"played":[0.0,1.0],"evs":[0.0,5.68234]},"A7o":{"weight":0.0,"played":[0.0,1.0],"evs":[0.0,5.64064]},"82s":{"weight":0.0,"played":[0.0,1.0],"evs":[0.0,5.76051]},"83s":{"weight":0.0,"played":[0.0,1.0],"evs":[0.0,5.70781]},"84s":{"weight":0.0,"played":[0.0,1.0],"evs":[0.0,6.18009]},"85s":{"weight":0.0,"played":[0.0,1.0],"evs":[0.0,6.76375]},"86s":{"weight":0.0,"played":[0.0,1.0],"evs":[0.0,6.80839]},"87s":{"weight":0.0,"played":[0.0,1.0],"evs":[0.0,7.19893]},"88":{"weight":0.1059,"played":[0.0,1.0],"evs":[0.0,8.99547]},"98o":{"weight":0.0,"played":[0.0,1.0],"evs":[0.0,6.35054]},"T8o":{"weight":0.0,"played":[0.0,1.0],"evs":[0.0,6.02203]},"J8o":{"weight":0.0,"played":[0.0,1.0],"evs":[0.0,5.99733]},"Q8o":{"weight":0.0,"played":[0.0,1.0],"evs":[0.0,5.73449]},"K8o":{"weight":0.0,"played":[0.0,1.0],"evs":[0.0,5.55099]},"A8o":{"weight":0.0,"played":[0.0,1.0],"evs":[0.0,5.83472]},"92s":{"weight":0.0,"played":[0.0,1.0],"evs":[0.0,5.89996]},"93s":{"weight":0.0,"played":[0.0,1.0],"evs":[0.0,6.29578]},"94s":{"weight":0.0,"played":[0.0,1.0],"evs":[0.0,6.24038]},"95s":{"weight":0.0,"played":[0.0,1.0],"evs":[0.0,6.52833]},"96s":{"weight":0.0,"played":[0.0,1.0],"evs":[0.0,6.93517]},"97s":{"weight":0.0,"played":[0.0,1.0],"evs":[0.0,6.94923]},"98s":{"weight":0.0384,"played":[0.0,1.0],"evs":[0.0,7.74084]},"99":{"weight":0.0292,"played":[0.0,1.0],"evs":[0.0,9.93633]},"T9o":{"weight":0.0,"played":[0.0,1.0],"evs":[0.0,6.3932]},"J9o":{"weight":0.0,"played":[0.0,1.0],"evs":[0.0,6.35912]},"Q9o":{"weight":0.0,"played":[0.0,1.0],"evs":[0.0,6.33338]},"K9o":{"weight":0.0,"played":[0.0,1.0],"evs":[0.0,6.28992]},"A9o":{"weight":0.0,"played":[0.0,1.0],"evs":[0.0,6.40897]},"T2s":{"weight":0.0,"played":[0.0,1.0],"evs":[0.0,5.66804]},"T3s":{"weight":0.0,"played":[0.0,1.0],"evs":[0.0,5.80307]},"T4s":{"weight":0.0,"played":[0.0,1.0],"evs":[0.0,5.98656]},"T5s":{"weight":0.0,"played":[0.0,1.0],"evs":[0.0,6.12594]},"T6s":{"weight":0.0,"played":[0.0,1.0],"evs":[0.0,6.56515]},"T7s":{"weight":0.0,"played":[0.0,1.0],"evs":[0.0,6.905]},"T8s":{"weight":0.0,"played":[0.0,1.0],"evs":[0.0,7.72261]},"T9s":{"weight":0.4268,"played":[0.0,1.0],"evs":[0.0,7.4719]},"TT":{"weight":0.2822,"played":[0.0,1.0],"evs":[0.0,11.04475]},"JTo":{"weight":0.0,"played":[0.0,1.0],"evs":[0.0,6.68996]},"QTo":{"weight":0.0,"played":[0.0,1.0],"evs":[0.0,6.525]},"KTo":{"weight":0.0,"played":[0.0,1.0],"evs":[0.0,6.62828]},"ATo":{"weight":0.0,"played":[0.0,1.0],"evs":[0.0,7.26742]},"J2s":{"weight":0.0,"played":[0.0,1.0],"evs":[0.0,5.78045]},"J3s":{"weight":0.0,"played":[0.0,1.0],"evs":[0.0,6.29356]},"J4s":{"weight":0.0,"played":[0.0,1.0],"evs":[0.0,6.28464]},"J5s":{"weight":0.0,"played":[0.0,1.0],"evs":[0.0,6.39856]},"J6s":{"weight":0.0,"played":[0.0,1.0],"evs":[0.0,6.28192]},"J7s":{"weight":0.0,"played":[0.0,1.0],"evs":[0.0,6.709]},"J8s":{"weight":0.0,"played":[0.0,1.0],"evs":[0.0,6.99243]},"J9s":{"weight":0.4677,"played":[0.0,1.0],"evs":[0.0,7.43718]},"JTs":{"weight":9.0E-4,"played":[0.0,1.0],"evs":[0.0,7.74907]},"JJ":{"weight":0.1511,"played":[0.0,1.0],"evs":[0.0,12.22695]},"QJo":{"weight":0.001,"played":[0.0,1.0],"evs":[0.0,6.92925]},"KJo":{"weight":0.0,"played":[0.0,1.0],"evs":[0.0,6.93684]},"AJo":{"weight":0.0,"played":[0.0,1.0],"evs":[0.0,8.53969]},"Q2s":{"weight":0.0,"played":[0.0,1.0],"evs":[0.0,6.26983]},"Q3s":{"weight":0.0,"played":[0.0,1.0],"evs":[0.0,6.28057]},"Q4s":{"weight":0.0,"played":[0.0,1.0],"evs":[0.0,6.76086]},"Q5s":{"weight":0.0,"played":[0.0,1.0],"evs":[0.0,6.16923]},"Q6s":{"weight":0.0,"played":[0.0,1.0],"evs":[0.0,6.3571]},"Q7s":{"weight":0.0,"played":[0.0,1.0],"evs":[0.0,6.48364]},"Q8s":{"weight":0.0,"played":[0.0,1.0],"evs":[0.0,7.20918]},"Q9s":{"weight":0.034,"played":[0.0,1.0],"evs":[0.0,7.55587]},"QTs":{"weight":0.0435,"played":[0.0,1.0],"evs":[0.0,7.70414]},"QJs":{"weight":0.007,"played":[0.0,1.0],"evs":[0.0,8.11453]},"QQ":{"weight":0.5352,"played":[0.0,1.0],"evs":[0.0,14.01272]},"KQo":{"weight":0.0,"played":[0.0,1.0],"evs":[0.0,7.4911]},"AQo":{"weight":0.0,"played":[0.0,1.0],"evs":[0.0,9.78134]},"K2s":{"weight":0.0,"played":[0.0,1.0],"evs":[0.0,6.37767]},"K3s":{"weight":0.0,"played":[0.0,1.0],"evs":[0.0,5.91088]},"K4s":{"weight":0.0,"played":[0.0,1.0],"evs":[0.0,6.72651]},"K5s":{"weight":0.0,"played":[0.0,1.0],"evs":[0.0,6.63721]},"K6s":{"weight":2.0E-4,"played":[0.0,1.0],"evs":[0.0,6.83097]},"K7s":{"weight":1.0E-4,"played":[0.0,1.0],"evs":[0.0,6.7762]},"K8s":{"weight":0.0,"played":[0.0,1.0],"evs":[0.0,6.81718]},"K9s":{"weight":0.0886,"played":[0.0,1.0],"evs":[0.0,7.36993]},"KTs":{"weight":0.1357,"played":[0.0,1.0],"evs":[0.0,7.70312]},"KJs":{"weight":0.1264,"played":[0.0,1.0],"evs":[0.0,8.06846]},"KQs":{"weight":0.0041,"played":[0.0,1.0],"evs":[0.0,8.81367]},"KK":{"weight":0.9196,"played":[0.0,1.0],"evs":[0.0,16.43266]},"AKo":{"weight":0.044,"played":[0.0,1.0],"evs":[0.0,11.3382]},"A2s":{"weight":0.0,"played":[0.0,1.0],"evs":[0.0,7.05035]},"A3s":{"weight":0.0,"played":[0.0,1.0],"evs":[0.0,7.33788]},"A4s":{"weight":0.0,"played":[0.0,1.0],"evs":[0.0,7.45937]},"A5s":{"weight":0.0,"played":[0.0,1.0],"evs":[0.0,7.21721]},"A6s":{"weight":0.0,"played":[0.0,1.0],"evs":[0.0,7.01959]},"A7s":{"weight":0.0152,"played":[0.0,1.0],"evs":[0.0,7.02332]},"A8s":{"weight":0.5238,"played":[0.0,1.0],"evs":[0.0,7.34369]},"A9s":{"weight":0.1078,"played":[0.0,1.0],"evs":[0.0,7.79481]},"ATs":{"weight":0.0068,"played":[0.0,1.0],"evs":[0.0,8.48413]},"AJs":{"weight":0.1047,"played":[0.0,1.0],"evs":[0.0,9.57525]},"AQs":{"weight":0.3173,"played":[0.0,1.0],"evs":[0.0,10.95419]},"AKs":{"weight":0.4773,"played":[0.0,1.0],"evs":[0.0,12.03045]},"AA":{"weight":0.5086,"played":[0.0,1.0],"evs":[0.0,22.37286]}}}