{"player":1,"street":0,"children":2,"sequence":[{"player":0,"type":"R","amount":200000,"street":0},{"player":1,"type":"C","amount":200000,"street":0},{"player":2,"type":"C","amount":200000,"street":0},{"player":3,"type":"F","amount":0,"street":0},{"player":4,"type":"R","amount":1345000,"street":0},{"player":5,"type":"F","amount":0,"street":0},{"player":0,"type":"R","amount":1405000,"street":0}],"actions":[{"type":"F","amount":0,"node":491},{"type":"C","amount":725000,"node":492}],"hands":{"22":{"weight":0.0,"played":[0.2227,0.7773],"evs":[0.0,-0.02892]},"32o":{"weight":0.0,"played":[0.9999,1.0E-4],"evs":[0.0,-1.3326]},"42o":{"weight":0.0,"played":[1.0,0.0],"evs":[0.0,-1.15777]},"52o":{"weight":0.0,"played":[1.0,0.0],"evs":[0.0,-1.07384]},"62o":{"weight":0.0,"played":[1.0,0.0],"evs":[0.0,-1.31342]},"72o":{"weight":0.0,"played":[1.0,0.0],"evs":[0.0,-1.55066]},"82o":{"weight":0.0,"played":[1.0,0.0],"evs":[0.0,-1.51962]},"92o":{"weight":0.0,"played":[1.0,0.0],"evs":[0.0,-1.45834]},"T2o":{"weight":0.0,"played":[1.0,0.0],"evs":[0.0,-1.60742]},"J2o":{"weight":0.0,"played":[1.0,0.0],"evs":[0.0,-1.72568]},"Q2o":{"weight":0.0,"played":[1.0,0.0],"evs":[0.0,-1.38779]},"K2o":{"weight":0.0,"played":[0.9999,1.0E-4],"evs":[0.0,-1.27692]},"A2o":{"weight":0.0,"played":[0.9997,3.0E-4],"evs":[0.0,-1.07255]},"32s":{"weight":0.0,"played":[0.8199,0.1801],"evs":[0.0,-0.51315]},"33":{"weight":0.0,"played":[0.0021,0.9979],"evs":[0.0,0.48128]},"43o":{"weight":0.0,"played":[0.977,0.023],"evs":[0.0,-0.88324]},"53o":{"weight":0.0,"played":[0.9999,1.0E-4],"evs":[0.0,-0.61204]},"63o":{"weight":0.0,"played":[1.0,0.0],"evs":[0.0,-0.91927]},"73o":{"weight":0.0,"played":[1.0,0.0],"evs":[0.0,-1.28683]},"83o":{"weight":0.0,"played":[1.0,0.0],"evs":[0.0,-1.40662]},"93o":{"weight":0.0,"played":[1.0,0.0],"evs":[0.0,-1.62831]},"T3o":{"weight":0.0,"played":[1.0,0.0],"evs":[0.0,-1.46689]},"J3o":{"weight":0.0,"played":[1.0,0.0],"evs":[0.0,-1.63768]},"Q3o":{"weight":0.0,"played":[0.9999,1.0E-4],"evs":[0.0,-1.30882]},"K3o":{"weight":0.0,"played":[1.0,0.0],"evs":[0.0,-1.50323]},"A3o":{"weight":0.0,"played":[1.0,0.0],"evs":[0.0,-0.89458]},"42s":{"weight":0.0,"played":[0.9248,0.0752],"evs":[0.0,-0.40632]},"43s":{"weight":0.0,"played":[0.9022,0.0978],"evs":[0.0,-0.29762]},"44":{"weight":0.0,"played":[0.0021,0.9979],"evs":[0.0,0.64174]},"54o":{"weight":0.0,"played":[0.9961,0.0039],"evs":[0.0,-0.24563]},"64o":{"weight":0.0,"played":[0.9982,0.0018],"evs":[0.0,-0.59086]},"74o":{"weight":0.0,"played":[0.9996,4.0E-4],"evs":[0.0,-0.80496]},"84o":{"weight":0.0,"played":[0.9999,1.0E-4],"evs":[0.0,-1.11882]},"94o":{"weight":0.0,"played":[1.0,0.0],"evs":[0.0,-1.4106]},"T4o":{"weight":0.0,"played":[1.0,0.0],"evs":[0.0,-1.28147]},"J4o":{"weight":0.0,"played":[1.0,0.0],"evs":[0.0,-1.45549]},"Q4o":{"weight":0.0,"played":[0.9999,1.0E-4],"evs":[0.0,-1.13737]},"K4o":{"weight":0.0,"played":[0.9999,1.0E-4],"evs":[0.0,-1.45975]},"A4o":{"weight":0.0,"played":[0.9979,0.0021],"evs":[0.0,-0.66384]},"52s":{"weight":0.0,"played":[0.8849,0.1151],"evs":[0.0,-0.1805]},"53s":{"weight":0.0,"played":[0.007,0.993],"evs":[0.0,0.33078]},"54s":{"weight":0.0,"played":[0.0156,0.9844],"evs":[0.0,0.5621]},"55":{"weight":0.2862,"played":[0.0,1.0],"evs":[0.0,0.94246]},"65o":{"weight":0.0,"played":[0.1068,0.8932],"evs":[0.0,-0.02797]},"75o":{"weight":0.0,"played":[0.9041,0.0959],"evs":[0.0,-0.18213]},"85o":{"weight":0.0,"played":[0.9999,1.0E-4],"evs":[0.0,-0.63547]},"95o":{"weight":0.0,"played":[1.0,0.0],"evs":[0.0,-0.9176]},"T5o":{"weight":0.0,"played":[0.9999,1.0E-4],"evs":[0.0,-1.19346]},"J5o":{"weight":0.0,"played":[1.0,0.0],"evs":[0.0,-1.30492]},"Q5o":{"weight":0.0,"played":[0.9999,1.0E-4],"evs":[0.0,-1.09161]},"K5o":{"weight":0.0,"played":[0.9991,9.0E-4],"evs":[0.0,-1.06655]},"A5o":{"weight":0.0,"played":[0.9271,0.0729],"evs":[0.0,-0.48932]},"62s":{"weight":0.0,"played":[0.9969,0.0031],"evs":[0.0,-0.47085]},"63s":{"weight":0.0,"played":[0.5255,0.4745],"evs":[0.0,-0.00361]},"64s":{"weight":0.0,"played":[0.01,0.99],"evs":[0.0,0.30819]},"65s":{"weight":0.0,"played":[0.0057,0.9943],"evs":[0.0,1.02809]},"66":{"weight":0.0431,"played":[0.0,1.0],"evs":[0.0,1.75463]},"76o":{"weight":0.0,"played":[0.611,0.389],"evs":[0.0,-0.01847]},"86o":{"weight":0.0,"played":[0.9038,0.0962],"evs":[0.0,-0.19841]},"96o":{"weight":0.0,"played":[0.9999,1.0E-4],"evs":[0.0,-0.63616]},"T6o":{"weight":0.0,"played":[0.9999,1.0E-4],"evs":[0.0,-0.63268]},"J6o":{"weight":0.0,"played":[1.0,0.0],"evs":[0.0,-1.13602]},"Q6o":{"weight":0.0,"played":[1.0,0.0],"evs":[0.0,-0.85295]},"K6o":{"weight":0.0,"played":[0.9996,4.0E-4],"evs":[0.0,-1.04893]},"A6o":{"weight":0.0,"played":[1.0,0.0],"evs":[0.0,-0.59873]},"72s":{"weight":0.0,"played":[0.9493,0.0507],"evs":[0.0,-0.48463]},"73s":{"weight":0.0,"played":[0.9184,0.0816],"evs":[0.0,-0.4017]},"74s":{"weight":0.0,"played":[0.3366,0.6634],"evs":[0.0,-0.04411]},"75s":{"weight":0.0,"played":[4.0E-4,0.9996],"evs":[0.0,0.74738]},"76s":{"weight":0.0,"played":[0.014,0.986],"evs":[0.0,0.68167]},"77":{"weight":0.0,"played":[1.0E-4,0.9999],"evs":[0.0,1.93386]},"87o":{"weight":0.0,"played":[0.0757,0.9243],"evs":[0.0,0.12932]},"97o":{"weight":0.0,"played":[0.8782,0.1218],"evs":[0.0,-0.15372]},"T7o":{"weight":0.0,"played":[0.8618,0.1382],"evs":[0.0,-0.3624]},"J7o":{"weight":0.0,"played":[0.9994,6.0E-4],"evs":[0.0,-0.55552]},"Q7o":{"weight":0.0,"played":[0.9993,7.0E-4],"evs":[0.0,-0.86751]},"K7o":{"weight":0.0,"played":[0.9999,1.0E-4],"evs":[0.0,-0.98814]},"A7o":{"weight":0.0,"played":[0.9757,0.0243],"evs":[0.0,-0.46278]},"82s":{"weight":0.0,"played":[0.9755,0.0245],"evs":[0.0,-0.64175]},"83s":{"weight":0.0,"played":[0.9998,2.0E-4],"evs":[0.0,-0.3363]},"84s":{"weight":0.0,"played":[0.8889,0.1111],"evs":[0.0,-0.42693]},"85s":{"weight":0.0,"played":[0.0944,0.9056],"evs":[0.0,0.70516]},"86s":{"weight":0.0,"played":[0.0,1.0],"evs":[0.0,0.52799]},"87s":{"weight":0.0,"played":[4.0E-4,0.9996],"evs":[0.0,0.87173]},"88":{"weight":0.0,"played":[1.0E-4,0.9999],"evs":[0.0,2.24966]},"98o":{"weight":0.0,"played":[0.0093,0.9907],"evs":[0.0,0.05297]},"T8o":{"weight":0.0,"played":[0.8943,0.1057],"evs":[0.0,-0.08146]},"J8o":{"weight":0.0,"played":[0.9963,0.0037],"evs":[0.0,-0.28689]},"Q8o":{"weight":0.0,"played":[0.9993,7.0E-4],"evs":[0.0,-0.39391]},"K8o":{"weight":0.0,"played":[0.9999,1.0E-4],"evs":[0.0,-0.90124]},"A8o":{"weight":0.0,"played":[0.9975,0.0025],"evs":[0.0,-0.27755]},"92s":{"weight":0.0,"played":[0.9989,0.0011],"evs":[0.0,-0.89765]},"93s":{"weight":0.0,"played":[0.9407,0.0593],"evs":[0.0,-0.53318]},"94s":{"weight":0.0,"played":[0.934,0.066],"evs":[0.0,-0.52267]},"95s":{"weight":0.0,"played":[0.2233,0.7767],"evs":[0.0,0.1231]},"96s":{"weight":0.0,"played":[0.0383,0.9617],"evs":[0.0,0.47141]},"97s":{"weight":0.0,"played":[9.0E-4,0.9991],"evs":[0.0,0.86432]},"98s":{"weight":0.0,"played":[3.0E-4,0.9997],"evs":[0.0,0.90754]},"99":{"weight":0.0,"played":[0.0,1.0],"evs":[0.0,2.62758]},"T9o":{"weight":0.0,"played":[0.5872,0.4128],"evs":[0.0,0.08115]},"J9o":{"weight":0.0,"played":[0.9408,0.0592],"evs":[0.0,-0.08017]},"Q9o":{"weight":0.0,"played":[0.9892,0.0108],"evs":[0.0,-0.20498]},"K9o":{"weight":0.0,"played":[0.9941,0.0059],"evs":[0.0,-0.42579]},"A9o":{"weight":0.0,"played":[0.3614,0.6386],"evs":[0.0,0.01113]},"T2s":{"weight":0.0,"played":[0.9747,0.0253],"evs":[0.0,-0.23723]},"T3s":{"weight":0.0,"played":[0.7875,0.2125],"evs":[0.0,-0.55274]},"T4s":{"weight":0.0,"played":[0.8777,0.1223],"evs":[0.0,-0.33628]},"T5s":{"weight":0.0,"played":[0.309,0.691],"evs":[0.0,0.16674]},"T6s":{"weight":0.0,"played":[0.0222,0.9778],"evs":[0.0,0.48952]},"T7s":{"weight":0.0,"played":[2.0E-4,0.9998],"evs":[0.0,0.49332]},"T8s":{"weight":0.0,"played":[0.0034,0.9966],"evs":[0.0,0.89237]},"T9s":{"weight":0.0,"played":[0.002,0.998],"evs":[0.0,0.95048]},"TT":{"weight":0.0,"played":[0.0,1.0],"evs":[0.0,3.80467]},"JTo":{"weight":0.0,"played":[0.0216,0.9784],"evs":[0.0,0.32464]},"QTo":{"weight":0.0,"played":[0.0173,0.9827],"evs":[0.0,0.40015]},"KTo":{"weight":0.0,"played":[0.1351,0.8649],"evs":[0.0,0.00637]},"ATo":{"weight":0.0,"played":[0.0,1.0],"evs":[0.0,1.03405]},"J2s":{"weight":0.0,"played":[0.9798,0.0202],"evs":[0.0,-0.46688]},"J3s":{"weight":0.0,"played":[0.9996,4.0E-4],"evs":[0.0,-0.53799]},"J4s":{"weight":0.0,"played":[0.7994,0.2006],"evs":[0.0,-0.49805]},"J5s":{"weight":0.0,"played":[0.7252,0.2748],"evs":[0.0,-0.02822]},"J6s":{"weight":0.0,"played":[0.6543,0.3457],"evs":[0.0,0.04676]},"J7s":{"weight":0.0,"played":[0.0,1.0],"evs":[0.0,0.26192]},"J8s":{"weight":0.0,"played":[0.0653,0.9347],"evs":[0.0,0.40999]},"J9s":{"weight":0.0,"played":[0.002,0.998],"evs":[0.0,0.57186]},"JTs":{"weight":0.0084,"played":[0.0,1.0],"evs":[0.0,1.23361]},"JJ":{"weight":0.0,"played":[0.0,1.0],"evs":[0.0,5.09007]},"QJo":{"weight":0.0,"played":[0.0025,0.9975],"evs":[0.0,0.53657]},"KJo":{"weight":0.0,"played":[0.0264,0.9736],"evs":[0.0,0.50189]},"AJo":{"weight":0.0,"played":[0.0,1.0],"evs":[0.0,1.52643]},"Q2s":{"weight":0.0,"played":[0.612,0.388],"evs":[0.0,-0.19077]},"Q3s":{"weight":0.0,"played":[0.614,0.386],"evs":[0.0,-0.33398]},"Q4s":{"weight":0.0,"played":[0.8515,0.1485],"evs":[0.0,-0.28624]},"Q5s":{"weight":0.0,"played":[0.3604,0.6396],"evs":[0.0,0.1224]},"Q6s":{"weight":0.0,"played":[0.6464,0.3536],"evs":[0.0,-0.0836]},"Q7s":{"weight":0.0,"played":[0.6098,0.3902],"evs":[0.0,-0.29044]},"Q8s":{"weight":0.0,"played":[0.04,0.96],"evs":[0.0,0.38661]},"Q9s":{"weight":0.0,"played":[0.0065,0.9935],"evs":[0.0,0.70522]},"QTs":{"weight":0.0768,"played":[0.0107,0.9893],"evs":[0.0,0.92213]},"QJs":{"weight":1.0,"played":[0.0,1.0],"evs":[0.0,1.17644]},"QQ":{"weight":0.0,"played":[0.0,1.0],"evs":[0.0,6.73326]},"KQo":{"weight":1.0E-4,"played":[0.0,1.0],"evs":[0.0,1.09115]},"AQo":{"weight":0.0,"played":[0.0,1.0],"evs":[0.0,2.29609]},"K2s":{"weight":0.0,"played":[0.9405,0.0595],"evs":[0.0,-0.42921]},"K3s":{"weight":0.0,"played":[0.9981,0.0019],"evs":[0.0,-0.46256]},"K4s":{"weight":0.0,"played":[0.9016,0.0984],"evs":[0.0,-0.35406]},"K5s":{"weight":0.0,"played":[0.9002,0.0998],"evs":[0.0,0.084]},"K6s":{"weight":0.0,"played":[0.1783,0.8217],"evs":[0.0,0.15372]},"K7s":{"weight":0.0,"played":[0.4934,0.5066],"evs":[0.0,-0.07013]},"K8s":{"weight":0.0,"played":[0.3666,0.6334],"evs":[0.0,-0.07742]},"K9s":{"weight":0.0,"played":[0.0315,0.9685],"evs":[0.0,0.68606]},"KTs":{"weight":0.9048,"played":[0.0,1.0],"evs":[0.0,0.98877]},"KJs":{"weight":0.0063,"played":[3.0E-4,0.9997],"evs":[0.0,1.65845]},"KQs":{"weight":2.0E-4,"played":[0.0,1.0],"evs":[0.0,2.12193]},"KK":{"weight":0.0,"played":[0.0,1.0],"evs":[0.0,8.41884]},"AKo":{"weight":0.0,"played":[1.0E-4,0.9999],"evs":[0.0,2.82011]},"A2s":{"weight":0.0,"played":[0.0369,0.9631],"evs":[0.0,0.14849]},"A3s":{"weight":0.0,"played":[0.4977,0.5023],"evs":[0.0,0.08564]},"A4s":{"weight":0.0,"played":[0.1546,0.8454],"evs":[0.0,0.03541]},"A5s":{"weight":0.0078,"played":[0.1008,0.8992],"evs":[0.0,0.5597]},"A6s":{"weight":0.0,"played":[0.0,1.0],"evs":[0.0,0.16808]},"A7s":{"weight":0.1751,"played":[0.0014,0.9986],"evs":[0.0,0.47874]},"A8s":{"weight":0.0015,"played":[0.0,1.0],"evs":[0.0,1.04438]},"A9s":{"weight":0.0,"played":[0.0024,0.9976],"evs":[0.0,1.3326]},"ATs":{"weight":0.0,"played":[0.0,1.0],"evs":[0.0,2.17975]},"AJs":{"weight":0.0,"played":[4.0E-4,0.9996],"evs":[0.0,2.43832]},"AQs":{"weight":0.0,"played":[0.0,1.0],"evs":[0.0,3.11847]},"AKs":{"weight":0.0,"played":[0.0,1.0],"evs":[0.0,4.00942]},"AA":{"weight":0.0671,"played":[0.0,1.0],"evs":[0.0,11.17395]}}}