{"player":0,"street":0,"children":2,"sequence":[{"player":0,"type":"R","amount":200000,"street":0},{"player":1,"type":"C","amount":200000,"street":0},{"player":2,"type":"C","amount":200000,"street":0},{"player":3,"type":"F","amount":0,"street":0},{"player":4,"type":"R","amount":1345000,"street":0},{"player":5,"type":"R","amount":2335000,"street":0}],"actions":[{"type":"F","amount":0,"node":494},{"type":"C","amount":2135000,"node":497}],"hands":{"22":{"weight":0.9786,"played":[0.4903,0.5097],"evs":[0.0,-0.6484]},"32o":{"weight":0.0,"played":[0.9994,6.0E-4],"evs":[0.0,-1.58697]},"42o":{"weight":0.0,"played":[0.9893,0.0107],"evs":[0.0,-4.80359]},"52o":{"weight":0.0,"played":[0.8202,0.1798],"evs":[0.0,-1.53299]},"62o":{"weight":0.0,"played":[0.9942,0.0058],"evs":[0.0,-4.21392]},"72o":{"weight":0.0,"played":[0.9978,0.0022],"evs":[0.0,-3.73077]},"82o":{"weight":0.0,"played":[0.9934,0.0066],"evs":[0.0,-2.18139]},"92o":{"weight":0.0,"played":[0.9814,0.0186],"evs":[0.0,-3.95451]},"T2o":{"weight":0.0,"played":[0.8815,0.1185],"evs":[0.0,-5.98884]},"J2o":{"weight":0.0,"played":[0.9669,0.0331],"evs":[0.0,-3.06645]},"Q2o":{"weight":0.0,"played":[0.8696,0.1304],"evs":[0.0,-1.3528]},"K2o":{"weight":0.0,"played":[0.998,0.002],"evs":[0.0,-1.19482]},"A2o":{"weight":0.0,"played":[0.1479,0.8521],"evs":[0.0,-1.30181]},"32s":{"weight":0.0,"played":[0.0616,0.9384],"evs":[0.0,3.05241]},"33":{"weight":1.0,"played":[0.8712,0.1288],"evs":[0.0,-0.99072]},"43o":{"weight":0.0,"played":[0.2808,0.7192],"evs":[0.0,0.19358]},"53o":{"weight":0.0,"played":[0.9843,0.0157],"evs":[0.0,-3.26993]},"63o":{"weight":0.0,"played":[0.991,0.009],"evs":[0.0,-2.97006]},"73o":{"weight":0.0,"played":[0.8494,0.1506],"evs":[0.0,-1.29275]},"83o":{"weight":0.0,"played":[0.999,0.001],"evs":[0.0,-4.17291]},"93o":{"weight":0.0,"played":[0.9814,0.0186],"evs":[0.0,-1.10407]},"T3o":{"weight":0.0,"played":[0.8857,0.1143],"evs":[0.0,-3.44154]},"J3o":{"weight":0.0,"played":[0.9444,0.0556],"evs":[0.0,-2.04077]},"Q3o":{"weight":0.0,"played":[0.9981,0.0019],"evs":[0.0,-3.69098]},"K3o":{"weight":0.0,"played":[0.9868,0.0132],"evs":[0.0,-5.23669]},"A3o":{"weight":0.0,"played":[0.2779,0.7221],"evs":[0.0,0.86488]},"42s":{"weight":0.0,"played":[0.9467,0.0533],"evs":[0.0,-2.11789]},"43s":{"weight":0.0,"played":[0.755,0.245],"evs":[0.0,-2.19196]},"44":{"weight":1.0,"played":[0.1127,0.8873],"evs":[0.0,4.55355]},"54o":{"weight":0.0,"played":[0.2403,0.7597],"evs":[0.0,2.72542]},"64o":{"weight":0.0,"played":[0.9967,0.0033],"evs":[0.0,-5.67675]},"74o":{"weight":0.0,"played":[0.979,0.021],"evs":[0.0,-2.2666]},"84o":{"weight":0.0,"played":[0.9069,0.0931],"evs":[0.0,-1.97605]},"94o":{"weight":0.0,"played":[0.9166,0.0834],"evs":[0.0,-4.97778]},"T4o":{"weight":0.0,"played":[0.9146,0.0854],"evs":[0.0,-0.39352]},"J4o":{"weight":0.0,"played":[0.9792,0.0208],"evs":[0.0,-1.65944]},"Q4o":{"weight":0.0,"played":[0.7277,0.2723],"evs":[0.0,-2.72894]},"K4o":{"weight":0.0,"played":[0.8992,0.1008],"evs":[0.0,-3.02369]},"A4o":{"weight":0.0,"played":[0.8323,0.1677],"evs":[0.0,-0.42104]},"52s":{"weight":0.0,"played":[0.798,0.202],"evs":[0.0,-0.46351]},"53s":{"weight":0.0,"played":[0.3634,0.6366],"evs":[0.0,-2.59248]},"54s":{"weight":0.0,"played":[0.9187,0.0813],"evs":[0.0,-4.88116]},"55":{"weight":1.0,"played":[0.0565,0.9435],"evs":[0.0,5.10923]},"65o":{"weight":0.0,"played":[0.8295,0.1705],"evs":[0.0,-3.52904]},"75o":{"weight":0.0,"played":[0.1118,0.8882],"evs":[0.0,-0.33354]},"85o":{"weight":0.0,"played":[0.9984,0.0016],"evs":[0.0,-2.02869]},"95o":{"weight":0.0,"played":[0.6913,0.3087],"evs":[0.0,-2.55863]},"T5o":{"weight":0.0,"played":[0.9877,0.0123],"evs":[0.0,-3.48366]},"J5o":{"weight":0.0,"played":[0.4607,0.5393],"evs":[0.0,-0.06588]},"Q5o":{"weight":0.0,"played":[0.9751,0.0249],"evs":[0.0,-1.94991]},"K5o":{"weight":0.0,"played":[0.9733,0.0267],"evs":[0.0,-0.72203]},"A5o":{"weight":0.0,"played":[0.7083,0.2917],"evs":[0.0,0.5308]},"62s":{"weight":0.0,"played":[0.9336,0.0664],"evs":[0.0,-0.56003]},"63s":{"weight":0.0,"played":[0.6249,0.3751],"evs":[0.0,-2.16783]},"64s":{"weight":0.0,"played":[0.4632,0.5368],"evs":[0.0,3.61174]},"65s":{"weight":0.0,"played":[0.5692,0.4308],"evs":[0.0,4.69943]},"66":{"weight":1.0,"played":[0.0043,0.9957],"evs":[0.0,7.1154]},"76o":{"weight":0.0,"played":[0.9537,0.0463],"evs":[0.0,-1.67574]},"86o":{"weight":0.0,"played":[0.4858,0.5142],"evs":[0.0,0.55642]},"96o":{"weight":0.0,"played":[0.9366,0.0634],"evs":[0.0,-3.58868]},"T6o":{"weight":0.0,"played":[0.7784,0.2216],"evs":[0.0,-1.14014]},"J6o":{"weight":0.0,"played":[0.8735,0.1265],"evs":[0.0,-3.0767]},"Q6o":{"weight":0.0,"played":[0.9711,0.0289],"evs":[0.0,-4.9129]},"K6o":{"weight":0.0,"played":[0.2912,0.7088],"evs":[0.0,1.33618]},"A6o":{"weight":0.0,"played":[0.2184,0.7816],"evs":[0.0,0.45317]},"72s":{"weight":0.0,"played":[0.4513,0.5487],"evs":[0.0,-0.62162]},"73s":{"weight":0.0,"played":[0.1655,0.8345],"evs":[0.0,3.57438]},"74s":{"weight":0.0,"played":[0.9984,0.0016],"evs":[0.0,-3.76945]},"75s":{"weight":0.0,"played":[0.7218,0.2782],"evs":[0.0,-0.14221]},"76s":{"weight":0.9977,"played":[0.1746,0.8254],"evs":[0.0,5.15503]},"77":{"weight":1.0,"played":[0.0,1.0],"evs":[0.0,4.50194]},"87o":{"weight":0.0,"played":[0.5615,0.4385],"evs":[0.0,0.49104]},"97o":{"weight":0.0,"played":[0.0015,0.9985],"evs":[0.0,1.2886]},"T7o":{"weight":0.0,"played":[0.3907,0.6093],"evs":[0.0,0.1936]},"J7o":{"weight":0.0,"played":[0.973,0.027],"evs":[0.0,-2.95611]},"Q7o":{"weight":0.0,"played":[0.7338,0.2662],"evs":[0.0,-0.18305]},"K7o":{"weight":0.0,"played":[0.7025,0.2975],"evs":[0.0,-1.79149]},"A7o":{"weight":1.0E-4,"played":[0.002,0.998],"evs":[0.0,2.21747]},"82s":{"weight":0.0,"played":[0.9961,0.0039],"evs":[0.0,-5.70477]},"83s":{"weight":0.0,"played":[0.9667,0.0333],"evs":[0.0,-0.92579]},"84s":{"weight":0.0,"played":[0.846,0.154],"evs":[0.0,-0.17977]},"85s":{"weight":0.0,"played":[0.1461,0.8539],"evs":[0.0,-1.15802]},"86s":{"weight":0.0,"played":[0.0181,0.9819],"evs":[0.0,3.17087]},"87s":{"weight":0.9999,"played":[0.0656,0.9344],"evs":[0.0,4.07413]},"88":{"weight":1.0,"played":[9.0E-4,0.9991],"evs":[0.0,4.62967]},"98o":{"weight":0.0,"played":[0.2536,0.7464],"evs":[0.0,0.73903]},"T8o":{"weight":0.0,"played":[0.2077,0.7923],"evs":[0.0,0.52981]},"J8o":{"weight":0.0,"played":[0.397,0.603],"evs":[0.0,0.63637]},"Q8o":{"weight":0.0,"played":[0.2301,0.7699],"evs":[0.0,2.40246]},"K8o":{"weight":0.0,"played":[0.7859,0.2141],"evs":[0.0,-1.3485]},"A8o":{"weight":1.0,"played":[0.0048,0.9952],"evs":[0.0,1.71017]},"92s":{"weight":0.0,"played":[0.8719,0.1281],"evs":[0.0,-4.88919]},"93s":{"weight":0.0,"played":[0.2059,0.7941],"evs":[0.0,4.17824]},"94s":{"weight":0.0,"played":[0.8282,0.1718],"evs":[0.0,-3.80434]},"95s":{"weight":0.0,"played":[0.4957,0.5043],"evs":[0.0,2.05027]},"96s":{"weight":0.0,"played":[0.1779,0.8221],"evs":[0.0,1.86724]},"97s":{"weight":0.9507,"played":[7.0E-4,0.9993],"evs":[0.0,3.22592]},"98s":{"weight":1.0,"played":[0.0689,0.9311],"evs":[0.0,3.5306]},"99":{"weight":0.9994,"played":[0.0011,0.9989],"evs":[0.0,7.67786]},"T9o":{"weight":0.0,"played":[0.3646,0.6354],"evs":[0.0,0.62481]},"J9o":{"weight":0.0,"played":[0.9877,0.0123],"evs":[0.0,-2.35978]},"Q9o":{"weight":0.0,"played":[0.9549,0.0451],"evs":[0.0,-1.52116]},"K9o":{"weight":0.0,"played":[0.8686,0.1314],"evs":[0.0,-2.75793]},"A9o":{"weight":1.0,"played":[0.148,0.852],"evs":[0.0,2.0999]},"T2s":{"weight":0.0,"played":[0.9679,0.0321],"evs":[0.0,-3.12526]},"T3s":{"weight":0.0,"played":[0.6567,0.3433],"evs":[0.0,0.53737]},"T4s":{"weight":0.0,"played":[0.3373,0.6627],"evs":[0.0,-1.46746]},"T5s":{"weight":0.0,"played":[0.9285,0.0715],"evs":[0.0,-5.55936]},"T6s":{"weight":0.0,"played":[0.5779,0.4221],"evs":[0.0,-2.5162]},"T7s":{"weight":0.0,"played":[0.0088,0.9912],"evs":[0.0,6.39736]},"T8s":{"weight":1.0,"played":[0.0216,0.9784],"evs":[0.0,0.51164]},"T9s":{"weight":1.0,"played":[0.0328,0.9672],"evs":[0.0,3.90535]},"TT":{"weight":1.0,"played":[4.0E-4,0.9996],"evs":[0.0,10.44646]},"JTo":{"weight":0.2733,"played":[0.1434,0.8566],"evs":[0.0,2.29728]},"QTo":{"weight":0.9097,"played":[0.3409,0.6591],"evs":[0.0,0.22215]},"KTo":{"weight":1.0,"played":[0.5951,0.4049],"evs":[0.0,0.60513]},"ATo":{"weight":1.0,"played":[0.0333,0.9667],"evs":[0.0,2.01016]},"J2s":{"weight":0.0,"played":[0.4417,0.5583],"evs":[0.0,-3.35414]},"J3s":{"weight":0.0,"played":[0.6787,0.3213],"evs":[0.0,-2.37658]},"J4s":{"weight":0.0,"played":[0.1828,0.8172],"evs":[0.0,2.29296]},"J5s":{"weight":0.0,"played":[0.8614,0.1386],"evs":[0.0,-3.25522]},"J6s":{"weight":0.0,"played":[0.3659,0.6341],"evs":[0.0,1.49221]},"J7s":{"weight":0.0,"played":[0.172,0.828],"evs":[0.0,0.87961]},"J8s":{"weight":0.9965,"played":[0.2882,0.7118],"evs":[0.0,0.24013]},"J9s":{"weight":1.0,"played":[0.0,1.0],"evs":[0.0,2.64119]},"JTs":{"weight":0.9997,"played":[0.3102,0.6898],"evs":[0.0,2.58874]},"JJ":{"weight":1.0,"played":[7.0E-4,0.9993],"evs":[0.0,14.5176]},"QJo":{"weight":1.0,"played":[0.2679,0.7321],"evs":[0.0,2.05179]},"KJo":{"weight":1.0,"played":[0.001,0.999],"evs":[0.0,2.55972]},"AJo":{"weight":1.0,"played":[0.0,1.0],"evs":[0.0,2.87792]},"Q2s":{"weight":0.0,"played":[0.6053,0.3947],"evs":[0.0,2.75798]},"Q3s":{"weight":0.0,"played":[0.7237,0.2763],"evs":[0.0,-2.72704]},"Q4s":{"weight":0.0,"played":[0.7194,0.2806],"evs":[0.0,0.04659]},"Q5s":{"weight":0.0,"played":[0.4446,0.5554],"evs":[0.0,0.65018]},"Q6s":{"weight":0.0,"played":[0.2519,0.7481],"evs":[0.0,-1.02732]},"Q7s":{"weight":0.0,"played":[0.3811,0.6189],"evs":[0.0,-3.04108]},"Q8s":{"weight":0.9989,"played":[0.0059,0.9941],"evs":[0.0,4.42544]},"Q9s":{"weight":1.0,"played":[0.083,0.917],"evs":[0.0,0.52802]},"QTs":{"weight":1.0,"played":[0.0191,0.9809],"evs":[0.0,4.94328]},"QJs":{"weight":1.0,"played":[0.0024,0.9976],"evs":[0.0,3.56387]},"QQ":{"weight":1.0,"played":[0.0,1.0],"evs":[0.0,17.46363]},"KQo":{"weight":0.9998,"played":[0.0128,0.9872],"evs":[0.0,3.32601]},"AQo":{"weight":1.0,"played":[1.0E-4,0.9999],"evs":[0.0,5.84668]},"K2s":{"weight":0.0,"played":[0.2585,0.7415],"evs":[0.0,1.87069]},"K3s":{"weight":0.0,"played":[0.4444,0.5556],"evs":[0.0,-1.21816]},"K4s":{"weight":0.0,"played":[0.2649,0.7351],"evs":[0.0,5.44801]},"K5s":{"weight":2.0E-4,"played":[0.4466,0.5534],"evs":[0.0,2.63196]},"K6s":{"weight":0.9562,"played":[0.377,0.623],"evs":[0.0,-1.59955]},"K7s":{"weight":1.0,"played":[0.6323,0.3677],"evs":[0.0,-1.09401]},"K8s":{"weight":1.0,"played":[0.0034,0.9966],"evs":[0.0,4.68763]},"K9s":{"weight":1.0,"played":[0.0,1.0],"evs":[0.0,7.61508]},"KTs":{"weight":0.9998,"played":[0.878,0.122],"evs":[0.0,-0.16051]},"KJs":{"weight":1.0,"played":[0.0442,0.9558],"evs":[0.0,2.71304]},"KQs":{"weight":1.0,"played":[0.0021,0.9979],"evs":[0.0,3.10005]},"KK":{"weight":1.0,"played":[9.0E-4,0.9991],"evs":[0.0,16.58733]},"AKo":{"weight":0.999,"played":[8.0E-4,0.9992],"evs":[0.0,8.94361]},"A2s":{"weight":1.0,"played":[0.3526,0.6474],"evs":[0.0,2.14072]},"A3s":{"weight":1.0,"played":[0.3264,0.6736],"evs":[0.0,-0.26172]},"A4s":{"weight":1.0,"played":[0.2083,0.7917],"evs":[0.0,1.44254]},"A5s":{"weight":1.0,"played":[0.0604,0.9396],"evs":[0.0,1.08803]},"A6s":{"weight":1.0,"played":[0.7439,0.2561],"evs":[0.0,-1.43919]},"A7s":{"weight":1.0,"played":[0.0967,0.9033],"evs":[0.0,1.80052]},"A8s":{"weight":1.0,"played":[0.057,0.943],"evs":[0.0,0.22188]},"A9s":{"weight":1.0,"played":[0.0036,0.9964],"evs":[0.0,6.7307]},"ATs":{"weight":1.0,"played":[0.1328,0.8672],"evs":[0.0,6.70439]},"AJs":{"weight":1.0,"played":[0.0262,0.9738],"evs":[0.0,3.65659]},"AQs":{"weight":1.0,"played":[0.0038,0.9962],"evs":[0.0,4.66868]},"AKs":{"weight":1.0,"played":[0.0659,0.9341],"evs":[0.0,4.95121]},"AA":{"weight":1.0,"played":[5.0E-4,0.9995],"evs":[0.0,22.52962]}}}