{"player":2,"street":0,"children":2,"sequence":[{"player":0,"type":"R","amount":200000,"street":0},{"player":1,"type":"C","amount":200000,"street":0},{"player":2,"type":"C","amount":200000,"street":0},{"player":3,"type":"F","amount":0,"street":0},{"player":4,"type":"R","amount":1345000,"street":0},{"player":5,"type":"R","amount":2335000,"street":0},{"player":0,"type":"F","amount":0,"street":0},{"player":1,"type":"F","amount":0,"street":0}],"actions":[{"type":"F","amount":0},{"type":"C","amount":1205000}],"hands":{"22":{"weight":0.0,"played":[0.7861,0.2139],"evs":[0.0,-5.27454]},"32o":{"weight":0.0,"played":[0.6376,0.3624],"evs":[0.0,0.05512]},"42o":{"weight":0.0,"played":[0.6542,0.3458],"evs":[0.0,-3.78015]},"52o":{"weight":0.0,"played":[0.2512,0.7488],"evs":[0.0,2.93473]},"62o":{"weight":0.0,"played":[0.9979,0.0021],"evs":[0.0,-1.44952]},"72o":{"weight":0.0,"played":[0.9311,0.0689],"evs":[0.0,-3.78886]},"82o":{"weight":0.0,"played":[0.8962,0.1038],"evs":[0.0,-4.2699]},"92o":{"weight":0.0,"played":[0.8657,0.1343],"evs":[0.0,-2.31605]},"T2o":{"weight":0.0,"played":[0.5925,0.4075],"evs":[0.0,-1.67036]},"J2o":{"weight":0.0,"played":[0.7674,0.2326],"evs":[0.0,-1.06508]},"Q2o":{"weight":0.0,"played":[0.5179,0.4821],"evs":[0.0,-3.04133]},"K2o":{"weight":0.0,"played":[0.9212,0.0788],"evs":[0.0,-0.66644]},"A2o":{"weight":0.0,"played":[0.4913,0.5087],"evs":[0.0,0.81931]},"32s":{"weight":0.0,"played":[1.0,0.0],"evs":[0.0,-8.55863]},"33":{"weight":0.0,"played":[0.5835,0.4165],"evs":[0.0,-1.26528]},"43o":{"weight":0.0,"played":[0.3409,0.6591],"evs":[0.0,2.1775]},"53o":{"weight":0.0,"played":[0.4883,0.5117],"evs":[0.0,0.42795]},"63o":{"weight":0.0,"played":[0.959,0.041],"evs":[0.0,-6.1046]},"73o":{"weight":0.0,"played":[0.943,0.057],"evs":[0.0,-4.84867]},"83o":{"weight":0.0,"played":[0.4734,0.5266],"evs":[0.0,-1.48482]},"93o":{"weight":0.0,"played":[0.4262,0.5738],"evs":[0.0,-3.14618]},"T3o":{"weight":0.0,"played":[0.6079,0.3921],"evs":[0.0,-2.26765]},"J3o":{"weight":0.0,"played":[0.8663,0.1337],"evs":[0.0,-0.3696]},"Q3o":{"weight":0.0,"played":[0.5468,0.4532],"evs":[0.0,0.74794]},"K3o":{"weight":0.0,"played":[0.3512,0.6488],"evs":[0.0,-2.3551]},"A3o":{"weight":0.0,"played":[0.5874,0.4126],"evs":[0.0,-2.74489]},"42s":{"weight":0.0,"played":[0.8119,0.1881],"evs":[0.0,-6.34844]},"43s":{"weight":0.0,"played":[0.0595,0.9405],"evs":[0.0,4.05531]},"44":{"weight":0.3209,"played":[0.233,0.767],"evs":[0.0,5.56612]},"54o":{"weight":0.0,"played":[0.0679,0.9321],"evs":[0.0,2.09241]},"64o":{"weight":0.0,"played":[0.4429,0.5571],"evs":[0.0,-0.35837]},"74o":{"weight":0.0,"played":[0.7822,0.2178],"evs":[0.0,2.00445]},"84o":{"weight":0.0,"played":[0.5463,0.4537],"evs":[0.0,-0.41921]},"94o":{"weight":0.0,"played":[0.5976,0.4024],"evs":[0.0,-2.59399]},"T4o":{"weight":0.0,"played":[0.0666,0.9334],"evs":[0.0,1.436]},"J4o":{"weight":0.0,"played":[0.9976,0.0024],"evs":[0.0,-4.85633]},"Q4o":{"weight":0.0,"played":[0.0076,0.9924],"evs":[0.0,2.10042]},"K4o":{"weight":0.0,"played":[0.7381,0.2619],"evs":[0.0,-2.2367]},"A4o":{"weight":0.0,"played":[0.0889,0.9111],"evs":[0.0,7.2704]},"52s":{"weight":0.0,"played":[0.5621,0.4379],"evs":[0.0,-2.16316]},"53s":{"weight":0.0,"played":[0.9985,0.0015],"evs":[0.0,1.79729]},"54s":{"weight":1.0E-4,"played":[0.6929,0.3071],"evs":[0.0,-4.94093]},"55":{"weight":0.8794,"played":[0.5977,0.4023],"evs":[0.0,-1.86842]},"65o":{"weight":0.0,"played":[0.0964,0.9036],"evs":[0.0,3.16847]},"75o":{"weight":0.0,"played":[0.3293,0.6707],"evs":[0.0,2.60882]},"85o":{"weight":0.0,"played":[0.4189,0.5811],"evs":[0.0,1.75492]},"95o":{"weight":0.0,"played":[1.0,0.0],"evs":[0.0,-8.48544]},"T5o":{"weight":0.0,"played":[0.2507,0.7493],"evs":[0.0,-0.0677]},"J5o":{"weight":0.0,"played":[0.3293,0.6707],"evs":[0.0,6.17269]},"Q5o":{"weight":0.0,"played":[0.8328,0.1672],"evs":[0.0,-0.39777]},"K5o":{"weight":0.0,"played":[0.9961,0.0039],"evs":[0.0,-2.55001]},"A5o":{"weight":0.0,"played":[0.0025,0.9975],"evs":[0.0,5.60616]},"62s":{"weight":0.0,"played":[0.4189,0.5811],"evs":[0.0,7.06172]},"63s":{"weight":0.0,"played":[0.8605,0.1395],"evs":[0.0,4.27491]},"64s":{"weight":0.0,"played":[0.1965,0.8035],"evs":[0.0,0.23079]},"65s":{"weight":0.0,"played":[0.1619,0.8381],"evs":[0.0,8.04774]},"66":{"weight":0.1169,"played":[0.1222,0.8778],"evs":[0.0,3.89516]},"76o":{"weight":0.0,"played":[0.1942,0.8058],"evs":[0.0,-0.13675]},"86o":{"weight":0.0,"played":[0.4662,0.5338],"evs":[0.0,-3.70408]},"96o":{"weight":0.0,"played":[0.2121,0.7879],"evs":[0.0,0.79234]},"T6o":{"weight":0.0,"played":[0.5958,0.4042],"evs":[0.0,0.96998]},"J6o":{"weight":0.0,"played":[0.749,0.251],"evs":[0.0,-0.86139]},"Q6o":{"weight":0.0,"played":[0.288,0.712],"evs":[0.0,1.96213]},"K6o":{"weight":0.0,"played":[0.5794,0.4206],"evs":[0.0,-2.51539]},"A6o":{"weight":0.0,"played":[0.9949,0.0051],"evs":[0.0,-7.47263]},"72s":{"weight":0.0,"played":[0.6861,0.3139],"evs":[0.0,1.07329]},"73s":{"weight":0.0,"played":[0.3403,0.6597],"evs":[0.0,5.02805]},"74s":{"weight":0.0,"played":[0.0493,0.9507],"evs":[0.0,13.94638]},"75s":{"weight":0.0,"played":[0.0,1.0],"evs":[0.0,14.5838]},"76s":{"weight":0.0,"played":[0.6422,0.3578],"evs":[0.0,-5.43717]},"77":{"weight":0.0,"played":[0.0455,0.9545],"evs":[0.0,3.73629]},"87o":{"weight":0.0,"played":[0.6191,0.3809],"evs":[0.0,-2.22333]},"97o":{"weight":0.0,"played":[0.4997,0.5003],"evs":[0.0,1.43565]},"T7o":{"weight":0.0,"played":[0.9547,0.0453],"evs":[0.0,-5.80452]},"J7o":{"weight":0.0,"played":[0.4756,0.5244],"evs":[0.0,-2.1415]},"Q7o":{"weight":0.0,"played":[0.5575,0.4425],"evs":[0.0,-0.14264]},"K7o":{"weight":0.0,"played":[0.5964,0.4036],"evs":[0.0,-4.92094]},"A7o":{"weight":0.0,"played":[0.907,0.093],"evs":[0.0,-3.00159]},"82s":{"weight":0.0,"played":[0.7317,0.2683],"evs":[0.0,-0.49404]},"83s":{"weight":0.0,"played":[0.5576,0.4424],"evs":[0.0,-2.79882]},"84s":{"weight":0.0,"played":[1.0,0.0],"evs":[0.0,-8.28265]},"85s":{"weight":0.0,"played":[0.2939,0.7061],"evs":[0.0,0.78208]},"86s":{"weight":0.0,"played":[0.9943,0.0057],"evs":[0.0,-8.56159]},"87s":{"weight":1.0E-4,"played":[0.2392,0.7608],"evs":[0.0,-0.7922]},"88":{"weight":0.0,"played":[0.0093,0.9907],"evs":[0.0,15.81142]},"98o":{"weight":0.0,"played":[0.351,0.649],"evs":[0.0,2.24198]},"T8o":{"weight":0.0,"played":[0.5842,0.4158],"evs":[0.0,2.70331]},"J8o":{"weight":0.0,"played":[0.019,0.981],"evs":[0.0,9.9701]},"Q8o":{"weight":0.0,"played":[0.8029,0.1971],"evs":[0.0,-3.04481]},"K8o":{"weight":0.0,"played":[0.4408,0.5592],"evs":[0.0,3.10918]},"A8o":{"weight":0.0,"played":[0.3071,0.6929],"evs":[0.0,2.76219]},"92s":{"weight":0.0,"played":[0.7012,0.2988],"evs":[0.0,-6.3452]},"93s":{"weight":0.0,"played":[0.7769,0.2231],"evs":[0.0,-2.87567]},"94s":{"weight":0.0,"played":[0.7846,0.2154],"evs":[0.0,-6.91235]},"95s":{"weight":0.0,"played":[0.7349,0.2651],"evs":[0.0,2.42581]},"96s":{"weight":0.0,"played":[0.2748,0.7252],"evs":[0.0,0.64965]},"97s":{"weight":0.0,"played":[1.0,0.0],"evs":[0.0,-8.5582]},"98s":{"weight":0.003,"played":[0.9842,0.0158],"evs":[0.0,-4.14977]},"99":{"weight":9.0E-4,"played":[0.0261,0.9739],"evs":[0.0,10.379]},"T9o":{"weight":0.0,"played":[0.8721,0.1279],"evs":[0.0,1.6821]},"J9o":{"weight":0.0,"played":[0.9265,0.0735],"evs":[0.0,-4.35332]},"Q9o":{"weight":0.0,"played":[0.7186,0.2814],"evs":[0.0,-2.52601]},"K9o":{"weight":0.0,"played":[0.039,0.961],"evs":[0.0,0.98532]},"A9o":{"weight":0.0975,"played":[0.0568,0.9432],"evs":[0.0,2.84463]},"T2s":{"weight":0.0,"played":[0.5352,0.4648],"evs":[0.0,7.51599]},"T3s":{"weight":0.0,"played":[1.0,0.0],"evs":[0.0,-8.42971]},"T4s":{"weight":0.0,"played":[0.221,0.779],"evs":[0.0,-1.49273]},"T5s":{"weight":0.0,"played":[0.9327,0.0673],"evs":[0.0,-7.89639]},"T6s":{"weight":0.0,"played":[1.0,0.0],"evs":[0.0,-8.56236]},"T7s":{"weight":0.0,"played":[0.5551,0.4449],"evs":[0.0,6.46586]},"T8s":{"weight":0.0,"played":[0.2134,0.7866],"evs":[0.0,11.4704]},"T9s":{"weight":0.001,"played":[0.0101,0.9899],"evs":[0.0,1.63501]},"TT":{"weight":2.0E-4,"played":[0.0066,0.9934],"evs":[0.0,24.96871]},"JTo":{"weight":0.0,"played":[0.3211,0.6789],"evs":[0.0,1.63008]},"QTo":{"weight":0.0,"played":[0.2955,0.7045],"evs":[0.0,0.66872]},"KTo":{"weight":0.0,"played":[0.0123,0.9877],"evs":[0.0,4.2209]},"ATo":{"weight":3.0E-4,"played":[0.4159,0.5841],"evs":[0.0,-2.00904]},"J2s":{"weight":0.0,"played":[0.0644,0.9356],"evs":[0.0,3.73001]},"J3s":{"weight":0.0,"played":[0.6544,0.3456],"evs":[0.0,8.00513]},"J4s":{"weight":0.0,"played":[0.1987,0.8013],"evs":[0.0,8.29383]},"J5s":{"weight":0.0,"played":[0.6251,0.3749],"evs":[0.0,8.04888]},"J6s":{"weight":0.0,"played":[0.5564,0.4436],"evs":[0.0,-5.45667]},"J7s":{"weight":0.0,"played":[1.0,0.0],"evs":[0.0,-8.23369]},"J8s":{"weight":0.0,"played":[0.5715,0.4285],"evs":[0.0,11.84744]},"J9s":{"weight":1.0E-4,"played":[0.3119,0.6881],"evs":[0.0,5.36939]},"JTs":{"weight":8.0E-4,"played":[0.0,1.0],"evs":[0.0,2.94883]},"JJ":{"weight":7.0E-4,"played":[0.0,1.0],"evs":[0.0,12.16258]},"QJo":{"weight":0.0,"played":[0.3414,0.6586],"evs":[0.0,0.78285]},"KJo":{"weight":0.5222,"played":[0.5454,0.4546],"evs":[0.0,0.54062]},"AJo":{"weight":0.0,"played":[0.1062,0.8938],"evs":[0.0,1.51561]},"Q2s":{"weight":0.0,"played":[1.0,0.0],"evs":[0.0,5.80064]},"Q3s":{"weight":1.0E-4,"played":[0.8492,0.1508],"evs":[0.0,-0.10739]},"Q4s":{"weight":0.0,"played":[0.7561,0.2439],"evs":[0.0,-0.99669]},"Q5s":{"weight":0.0,"played":[0.4323,0.5677],"evs":[0.0,-3.08767]},"Q6s":{"weight":0.0,"played":[0.0174,0.9826],"evs":[0.0,15.17942]},"Q7s":{"weight":0.0,"played":[0.7425,0.2575],"evs":[0.0,-5.59313]},"Q8s":{"weight":0.0,"played":[0.626,0.374],"evs":[0.0,-2.65718]},"Q9s":{"weight":0.0208,"played":[0.1332,0.8668],"evs":[0.0,1.18897]},"QTs":{"weight":2.0E-4,"played":[0.199,0.801],"evs":[0.0,3.61411]},"QJs":{"weight":0.9957,"played":[0.6424,0.3576],"evs":[0.0,0.24408]},"QQ":{"weight":0.0,"played":[0.06,0.94],"evs":[0.0,5.51166]},"KQo":{"weight":0.4071,"played":[0.6071,0.3929],"evs":[0.0,-0.4141]},"AQo":{"weight":0.0,"played":[0.2454,0.7546],"evs":[0.0,11.63877]},"K2s":{"weight":0.0,"played":[0.2136,0.7864],"evs":[0.0,4.63116]},"K3s":{"weight":0.0,"played":[0.779,0.221],"evs":[0.0,-4.54998]},"K4s":{"weight":0.0,"played":[0.6101,0.3899],"evs":[0.0,9.25024]},"K5s":{"weight":0.0,"played":[0.2776,0.7224],"evs":[0.0,12.22711]},"K6s":{"weight":0.0,"played":[0.1617,0.8383],"evs":[0.0,2.72926]},"K7s":{"weight":0.0037,"played":[0.3752,0.6248],"evs":[0.0,-2.49118]},"K8s":{"weight":0.0238,"played":[0.9403,0.0597],"evs":[0.0,-8.12743]},"K9s":{"weight":0.6059,"played":[0.1078,0.8922],"evs":[0.0,3.46472]},"KTs":{"weight":0.9502,"played":[0.7644,0.2356],"evs":[0.0,-3.85021]},"KJs":{"weight":0.356,"played":[0.0316,0.9684],"evs":[0.0,1.83808]},"KQs":{"weight":0.0435,"played":[0.0866,0.9134],"evs":[0.0,13.42462]},"KK":{"weight":0.0,"played":[0.2297,0.7703],"evs":[0.0,5.10177]},"AKo":{"weight":0.0,"played":[0.1928,0.8072],"evs":[0.0,0.59884]},"A2s":{"weight":0.3028,"played":[0.1874,0.8126],"evs":[0.0,5.14974]},"A3s":{"weight":0.579,"played":[0.9691,0.0309],"evs":[0.0,-5.20694]},"A4s":{"weight":0.1922,"played":[0.9426,0.0574],"evs":[0.0,-0.73337]},"A5s":{"weight":0.1483,"played":[0.3348,0.6652],"evs":[0.0,-2.79975]},"A6s":{"weight":0.6737,"played":[0.238,0.762],"evs":[0.0,-3.41831]},"A7s":{"weight":0.0469,"played":[0.8702,0.1298],"evs":[0.0,-8.39362]},"A8s":{"weight":0.0115,"played":[0.2067,0.7933],"evs":[0.0,5.66256]},"A9s":{"weight":0.0744,"played":[0.5422,0.4578],"evs":[0.0,-1.24527]},"ATs":{"weight":3.0E-4,"played":[0.6489,0.3511],"evs":[0.0,3.29152]},"AJs":{"weight":0.0,"played":[0.0,1.0],"evs":[0.0,6.01111]},"AQs":{"weight":0.0,"played":[0.3322,0.6678],"evs":[0.0,-1.88031]},"AKs":{"weight":0.0,"played":[0.5407,0.4593],"evs":[0.0,5.68666]},"AA":{"weight":0.0,"played":[0.0517,0.9483],"evs":[0.0,17.78668]}}}