{"player":1,"street":0,"children":2,"sequence":[{"player":0,"type":"R","amount":200000,"street":0},{"player":1,"type":"C","amount":200000,"street":0},{"player":2,"type":"C","amount":200000,"street":0},{"player":3,"type":"F","amount":0,"street":0},{"player":4,"type":"R","amount":1345000,"street":0},{"player":5,"type":"R","amount":2335000,"street":0},{"player":0,"type":"C","amount":2135000,"street":0}],"actions":[{"type":"F","amount":0,"node":498},{"type":"C","amount":725000,"node":499}],"hands":{"22":{"weight":0.0,"played":[0.3653,0.6347],"evs":[0.0,0.25473]},"32o":{"weight":0.0,"played":[1.0,0.0],"evs":[0.0,-1.21429]},"42o":{"weight":0.0,"played":[0.9997,3.0E-4],"evs":[0.0,-1.25116]},"52o":{"weight":0.0,"played":[0.9998,2.0E-4],"evs":[0.0,-1.0918]},"62o":{"weight":0.0,"played":[0.9999,1.0E-4],"evs":[0.0,-1.39464]},"72o":{"weight":0.0,"played":[0.9989,0.0011],"evs":[0.0,-1.617]},"82o":{"weight":0.0,"played":[0.9994,6.0E-4],"evs":[0.0,-1.6998]},"92o":{"weight":0.0,"played":[1.0,0.0],"evs":[0.0,-1.88874]},"T2o":{"weight":0.0,"played":[0.9998,2.0E-4],"evs":[0.0,-1.57308]},"J2o":{"weight":0.0,"played":[0.9996,4.0E-4],"evs":[0.0,-1.7119]},"Q2o":{"weight":0.0,"played":[0.9998,2.0E-4],"evs":[0.0,-1.45407]},"K2o":{"weight":0.0,"played":[1.0,0.0],"evs":[0.0,-1.7817]},"A2o":{"weight":0.0,"played":[0.9984,0.0016],"evs":[0.0,-1.42465]},"32s":{"weight":0.0,"played":[0.9674,0.0326],"evs":[0.0,-0.82327]},"33":{"weight":0.0,"played":[0.0396,0.9604],"evs":[0.0,0.58077]},"43o":{"weight":0.0,"played":[0.9975,0.0025],"evs":[0.0,-0.87104]},"53o":{"weight":0.0,"played":[0.8685,0.1315],"evs":[0.0,-0.38953]},"63o":{"weight":0.0,"played":[0.9989,0.0011],"evs":[0.0,-0.79663]},"73o":{"weight":0.0,"played":[1.0,0.0],"evs":[0.0,-1.2689]},"83o":{"weight":0.0,"played":[1.0,0.0],"evs":[0.0,-1.78911]},"93o":{"weight":0.0,"played":[0.9999,1.0E-4],"evs":[0.0,-1.10549]},"T3o":{"weight":0.0,"played":[1.0,0.0],"evs":[0.0,-1.63352]},"J3o":{"weight":0.0,"played":[1.0,0.0],"evs":[0.0,-1.90476]},"Q3o":{"weight":0.0,"played":[0.9993,7.0E-4],"evs":[0.0,-1.14106]},"K3o":{"weight":0.0,"played":[1.0,0.0],"evs":[0.0,-1.18098]},"A3o":{"weight":0.0,"played":[0.9988,0.0012],"evs":[0.0,-1.06902]},"42s":{"weight":0.0,"played":[0.0145,0.9855],"evs":[0.0,0.29737]},"43s":{"weight":0.0,"played":[0.0203,0.9797],"evs":[0.0,0.57537]},"44":{"weight":0.0,"played":[2.0E-4,0.9998],"evs":[0.0,0.98236]},"54o":{"weight":0.0,"played":[0.6837,0.3163],"evs":[0.0,-0.18191]},"64o":{"weight":0.0,"played":[0.9749,0.0251],"evs":[0.0,-0.70282]},"74o":{"weight":0.0,"played":[0.9941,0.0059],"evs":[0.0,-0.6076]},"84o":{"weight":0.0,"played":[0.9989,0.0011],"evs":[0.0,-1.27831]},"94o":{"weight":0.0,"played":[1.0,0.0],"evs":[0.0,-1.64384]},"T4o":{"weight":0.0,"played":[1.0,0.0],"evs":[0.0,-1.18758]},"J4o":{"weight":0.0,"played":[0.9994,6.0E-4],"evs":[0.0,-1.52996]},"Q4o":{"weight":0.0,"played":[0.9995,5.0E-4],"evs":[0.0,-1.332]},"K4o":{"weight":0.0,"played":[0.9998,2.0E-4],"evs":[0.0,-1.5045]},"A4o":{"weight":0.0,"played":[0.99,0.01],"evs":[0.0,-0.98242]},"52s":{"weight":0.0,"played":[0.9264,0.0736],"evs":[0.0,-0.53363]},"53s":{"weight":0.0,"played":[0.6553,0.3447],"evs":[0.0,-0.04571]},"54s":{"weight":0.0,"played":[0.001,0.999],"evs":[0.0,0.76362]},"55":{"weight":0.2862,"played":[0.0045,0.9955],"evs":[0.0,0.97684]},"65o":{"weight":0.0,"played":[0.518,0.482],"evs":[0.0,0.09378]},"75o":{"weight":0.0,"played":[0.9885,0.0115],"evs":[0.0,-0.33097]},"85o":{"weight":0.0,"played":[0.9931,0.0069],"evs":[0.0,-0.39913]},"95o":{"weight":0.0,"played":[0.9972,0.0028],"evs":[0.0,-1.16896]},"T5o":{"weight":0.0,"played":[0.9989,0.0011],"evs":[0.0,-1.21899]},"J5o":{"weight":0.0,"played":[1.0,0.0],"evs":[0.0,-1.66301]},"Q5o":{"weight":0.0,"played":[0.9994,6.0E-4],"evs":[0.0,-1.31291]},"K5o":{"weight":0.0,"played":[0.9999,1.0E-4],"evs":[0.0,-1.43247]},"A5o":{"weight":0.0,"played":[0.9942,0.0058],"evs":[0.0,-0.72123]},"62s":{"weight":0.0,"played":[0.7527,0.2473],"evs":[0.0,-0.91068]},"63s":{"weight":0.0,"played":[0.2788,0.7212],"evs":[0.0,0.46113]},"64s":{"weight":0.0,"played":[2.0E-4,0.9998],"evs":[0.0,0.45805]},"65s":{"weight":0.0,"played":[0.0176,0.9824],"evs":[0.0,1.42978]},"66":{"weight":0.0431,"played":[1.0E-4,0.9999],"evs":[0.0,1.30437]},"76o":{"weight":0.0,"played":[0.9557,0.0443],"evs":[0.0,-0.46297]},"86o":{"weight":0.0,"played":[0.8776,0.1224],"evs":[0.0,-0.3453]},"96o":{"weight":0.0,"played":[0.9791,0.0209],"evs":[0.0,-0.98505]},"T6o":{"weight":0.0,"played":[0.9991,9.0E-4],"evs":[0.0,-0.87245]},"J6o":{"weight":0.0,"played":[0.9999,1.0E-4],"evs":[0.0,-1.034]},"Q6o":{"weight":0.0,"played":[0.9991,9.0E-4],"evs":[0.0,-1.16899]},"K6o":{"weight":0.0,"played":[0.9998,2.0E-4],"evs":[0.0,-1.30138]},"A6o":{"weight":0.0,"played":[0.9392,0.0608],"evs":[0.0,-1.2727]},"72s":{"weight":0.0,"played":[0.9719,0.0281],"evs":[0.0,-0.78787]},"73s":{"weight":0.0,"played":[0.2085,0.7915],"evs":[0.0,0.28311]},"74s":{"weight":0.0,"played":[0.021,0.979],"evs":[0.0,0.59725]},"75s":{"weight":0.0,"played":[0.004,0.996],"evs":[0.0,0.99506]},"76s":{"weight":0.0,"played":[0.0065,0.9935],"evs":[0.0,1.20099]},"77":{"weight":0.0,"played":[0.0018,0.9982],"evs":[0.0,2.07844]},"87o":{"weight":0.0,"played":[0.9973,0.0027],"evs":[0.0,-0.34545]},"97o":{"weight":0.0,"played":[0.9293,0.0707],"evs":[0.0,-0.30328]},"T7o":{"weight":0.0,"played":[0.9671,0.0329],"evs":[0.0,-0.59836]},"J7o":{"weight":0.0,"played":[0.9987,0.0013],"evs":[0.0,-1.15374]},"Q7o":{"weight":0.0,"played":[0.9887,0.0113],"evs":[0.0,-0.82622]},"K7o":{"weight":0.0,"played":[1.0,0.0],"evs":[0.0,-0.93893]},"A7o":{"weight":0.0,"played":[0.9869,0.0131],"evs":[0.0,-0.92296]},"82s":{"weight":0.0,"played":[0.7325,0.2675],"evs":[0.0,-0.542]},"83s":{"weight":0.0,"played":[0.9014,0.0986],"evs":[0.0,-0.76344]},"84s":{"weight":0.0,"played":[0.6128,0.3872],"evs":[0.0,-0.4379]},"85s":{"weight":0.0,"played":[0.2305,0.7695],"evs":[0.0,0.28381]},"86s":{"weight":0.0,"played":[0.0051,0.9949],"evs":[0.0,0.31447]},"87s":{"weight":0.0,"played":[0.0082,0.9918],"evs":[0.0,1.0354]},"88":{"weight":0.0,"played":[0.0,1.0],"evs":[0.0,1.9403]},"98o":{"weight":0.0,"played":[0.8815,0.1185],"evs":[0.0,-0.14482]},"T8o":{"weight":0.0,"played":[0.8061,0.1939],"evs":[0.0,-0.03241]},"J8o":{"weight":0.0,"played":[0.9876,0.0124],"evs":[0.0,-0.73503]},"Q8o":{"weight":0.0,"played":[0.9984,0.0016],"evs":[0.0,-0.91414]},"K8o":{"weight":0.0,"played":[0.9965,0.0035],"evs":[0.0,-0.9208]},"A8o":{"weight":0.0,"played":[0.9626,0.0374],"evs":[0.0,-0.91475]},"92s":{"weight":0.0,"played":[0.9007,0.0993],"evs":[0.0,-0.72336]},"93s":{"weight":0.0,"played":[0.9133,0.0867],"evs":[0.0,-1.06029]},"94s":{"weight":0.0,"played":[0.9121,0.0879],"evs":[0.0,-0.67232]},"95s":{"weight":0.0,"played":[0.8846,0.1154],"evs":[0.0,-0.43418]},"96s":{"weight":0.0,"played":[0.097,0.903],"evs":[0.0,0.10763]},"97s":{"weight":0.0,"played":[0.0014,0.9986],"evs":[0.0,0.3413]},"98s":{"weight":0.0,"played":[0.0091,0.9909],"evs":[0.0,0.9238]},"99":{"weight":0.0,"played":[0.0,1.0],"evs":[0.0,2.44896]},"T9o":{"weight":0.0,"played":[0.7203,0.2797],"evs":[0.0,0.05786]},"J9o":{"weight":0.0,"played":[0.1063,0.8937],"evs":[0.0,0.10441]},"Q9o":{"weight":0.0,"played":[0.9963,0.0037],"evs":[0.0,-0.42969]},"K9o":{"weight":0.0,"played":[0.9564,0.0436],"evs":[0.0,-0.49061]},"A9o":{"weight":0.0,"played":[0.8737,0.1263],"evs":[0.0,-0.81566]},"T2s":{"weight":0.0,"played":[0.8427,0.1573],"evs":[0.0,-0.4955]},"T3s":{"weight":0.0,"played":[0.9992,8.0E-4],"evs":[0.0,-0.74776]},"T4s":{"weight":0.0,"played":[0.9343,0.0657],"evs":[0.0,-0.62067]},"T5s":{"weight":0.0,"played":[0.5722,0.4278],"evs":[0.0,-0.19837]},"T6s":{"weight":0.0,"played":[0.0159,0.9841],"evs":[0.0,0.22302]},"T7s":{"weight":0.0,"played":[0.0024,0.9976],"evs":[0.0,1.3876]},"T8s":{"weight":0.0,"played":[0.0098,0.9902],"evs":[0.0,1.41928]},"T9s":{"weight":0.0,"played":[0.022,0.978],"evs":[0.0,1.55629]},"TT":{"weight":0.0,"played":[0.0,1.0],"evs":[0.0,4.06361]},"JTo":{"weight":0.0,"played":[0.1837,0.8163],"evs":[0.0,0.36442]},"QTo":{"weight":0.0,"played":[0.0517,0.9483],"evs":[0.0,0.22875]},"KTo":{"weight":0.0,"played":[0.1171,0.8829],"evs":[0.0,0.35978]},"ATo":{"weight":0.0,"played":[0.0118,0.9882],"evs":[0.0,0.08132]},"J2s":{"weight":0.0,"played":[0.8832,0.1168],"evs":[0.0,-0.17764]},"J3s":{"weight":0.0,"played":[0.9735,0.0265],"evs":[0.0,-0.56607]},"J4s":{"weight":0.0,"played":[0.4226,0.5774],"evs":[0.0,-0.28036]},"J5s":{"weight":0.0,"played":[0.7816,0.2184],"evs":[0.0,-0.30649]},"J6s":{"weight":0.0,"played":[0.424,0.576],"evs":[0.0,-0.2554]},"J7s":{"weight":0.0,"played":[0.979,0.021],"evs":[0.0,0.05185]},"J8s":{"weight":0.0,"played":[0.0158,0.9842],"evs":[0.0,0.28934]},"J9s":{"weight":0.0,"played":[0.0024,0.9976],"evs":[0.0,0.64203]},"JTs":{"weight":0.0084,"played":[0.0077,0.9923],"evs":[0.0,2.01311]},"JJ":{"weight":0.0,"played":[0.0,1.0],"evs":[0.0,5.07191]},"QJo":{"weight":0.0,"played":[0.1029,0.8971],"evs":[0.0,0.65246]},"KJo":{"weight":0.0,"played":[0.0558,0.9442],"evs":[0.0,0.75378]},"AJo":{"weight":0.0,"played":[0.0,1.0],"evs":[0.0,0.58795]},"Q2s":{"weight":0.0,"played":[0.6585,0.3415],"evs":[0.0,-0.17971]},"Q3s":{"weight":0.0,"played":[0.9027,0.0973],"evs":[0.0,-0.89486]},"Q4s":{"weight":0.0,"played":[0.7081,0.2919],"evs":[0.0,-0.38612]},"Q5s":{"weight":0.0,"played":[0.3074,0.6926],"evs":[0.0,-0.05399]},"Q6s":{"weight":0.0,"played":[0.4245,0.5755],"evs":[0.0,0.10933]},"Q7s":{"weight":0.0,"played":[0.4344,0.5656],"evs":[0.0,0.08472]},"Q8s":{"weight":0.0,"played":[0.0573,0.9427],"evs":[0.0,0.27225]},"Q9s":{"weight":0.0,"played":[0.0205,0.9795],"evs":[0.0,1.44391]},"QTs":{"weight":0.0768,"played":[0.012,0.988],"evs":[0.0,1.22266]},"QJs":{"weight":1.0,"played":[0.0,1.0],"evs":[0.0,0.86187]},"QQ":{"weight":0.0,"played":[0.0,1.0],"evs":[0.0,5.99125]},"KQo":{"weight":1.0E-4,"played":[0.0,1.0],"evs":[0.0,0.94092]},"AQo":{"weight":0.0,"played":[0.0,1.0],"evs":[0.0,1.37554]},"K2s":{"weight":0.0,"played":[0.7131,0.2869],"evs":[0.0,-0.13796]},"K3s":{"weight":0.0,"played":[0.4409,0.5591],"evs":[0.0,-0.03424]},"K4s":{"weight":0.0,"played":[0.7945,0.2055],"evs":[0.0,-0.71431]},"K5s":{"weight":0.0,"played":[0.1339,0.8661],"evs":[0.0,0.28717]},"K6s":{"weight":0.0,"played":[0.3549,0.6451],"evs":[0.0,-0.01842]},"K7s":{"weight":0.0,"played":[0.7847,0.2153],"evs":[0.0,0.01673]},"K8s":{"weight":0.0,"played":[0.3235,0.6765],"evs":[0.0,-0.43439]},"K9s":{"weight":0.0,"played":[0.1221,0.8779],"evs":[0.0,0.51965]},"KTs":{"weight":0.9048,"played":[1.0E-4,0.9999],"evs":[0.0,1.33675]},"KJs":{"weight":0.0063,"played":[3.0E-4,0.9997],"evs":[0.0,1.0276]},"KQs":{"weight":2.0E-4,"played":[0.0,1.0],"evs":[0.0,1.92806]},"KK":{"weight":0.0,"played":[0.0,1.0],"evs":[0.0,9.21442]},"AKo":{"weight":0.0,"played":[4.0E-4,0.9996],"evs":[0.0,2.08183]},"A2s":{"weight":0.0,"played":[0.6236,0.3764],"evs":[0.0,-0.08976]},"A3s":{"weight":0.0,"played":[0.0279,0.9721],"evs":[0.0,0.2571]},"A4s":{"weight":0.0,"played":[0.905,0.095],"evs":[0.0,-0.28009]},"A5s":{"weight":0.0078,"played":[0.018,0.982],"evs":[0.0,1.13985]},"A6s":{"weight":0.0,"played":[0.471,0.529],"evs":[0.0,-0.27482]},"A7s":{"weight":0.1751,"played":[0.0781,0.9219],"evs":[0.0,0.0742]},"A8s":{"weight":0.0015,"played":[0.0051,0.9949],"evs":[0.0,0.60422]},"A9s":{"weight":0.0,"played":[5.0E-4,0.9995],"evs":[0.0,1.78792]},"ATs":{"weight":0.0,"played":[6.0E-4,0.9994],"evs":[0.0,1.73454]},"AJs":{"weight":0.0,"played":[0.0031,0.9969],"evs":[0.0,2.46107]},"AQs":{"weight":0.0,"played":[1.0E-4,0.9999],"evs":[0.0,3.5175]},"AKs":{"weight":0.0,"played":[1.0E-4,0.9999],"evs":[0.0,3.4592]},"AA":{"weight":0.0671,"played":[0.0,1.0],"evs":[0.0,11.23786]}}}