{"player":3,"street":0,"children":2,"sequence":[{"player":0,"type":"F","amount":0,"street":0},{"player":1,"type":"F","amount":0,"street":0},{"player":2,"type":"R","amount":200000,"street":0},{"player":3,"type":"C","amount":200000,"street":0},{"player":4,"type":"R","amount":1345000,"street":0},{"player":5,"type":"R","amount":2335000,"street":0},{"player":2,"type":"C","amount":1205000,"street":0}],"actions":[{"type":"F","amount":0},{"type":"C","amount":2135000}],"hands":{"22":{"weight":0.1314,"played":[0.9931,0.0069],"evs":[0.0,-2.2047]},"32o":{"weight":0.0,"played":[1.0,0.0],"evs":[0.0,-5.65383]},"42o":{"weight":0.0,"played":[0.9999,1.0E-4],"evs":[0.0,-4.87323]},"52o":{"weight":0.0,"played":[0.9994,6.0E-4],"evs":[0.0,-4.85231]},"62o":{"weight":0.0,"played":[0.9988,0.0012],"evs":[0.0,-5.35365]},"72o":{"weight":0.0,"played":[1.0,0.0],"evs":[0.0,-6.13139]},"82o":{"weight":0.0,"played":[1.0,0.0],"evs":[0.0,-6.18977]},"92o":{"weight":0.0,"played":[1.0,0.0],"evs":[0.0,-5.86681]},"T2o":{"weight":0.0,"played":[0.9999,1.0E-4],"evs":[0.0,-5.86993]},"J2o":{"weight":0.0,"played":[0.9993,7.0E-4],"evs":[0.0,-5.79083]},"Q2o":{"weight":0.0,"played":[0.9999,1.0E-4],"evs":[0.0,-5.60715]},"K2o":{"weight":0.0,"played":[0.9987,0.0013],"evs":[0.0,-5.06955]},"A2o":{"weight":0.0,"played":[0.9981,0.0019],"evs":[0.0,-5.97181]},"32s":{"weight":0.0,"played":[0.9908,0.0092],"evs":[0.0,-3.61201]},"33":{"weight":0.9398,"played":[0.996,0.004],"evs":[0.0,-2.14896]},"43o":{"weight":0.0,"played":[0.9979,0.0021],"evs":[0.0,-3.98673]},"53o":{"weight":0.0,"played":[0.9999,1.0E-4],"evs":[0.0,-4.1337]},"63o":{"weight":0.0,"played":[1.0,0.0],"evs":[0.0,-4.33933]},"73o":{"weight":0.0,"played":[1.0,0.0],"evs":[0.0,-5.20152]},"83o":{"weight":0.0,"played":[0.9999,1.0E-4],"evs":[0.0,-5.79972]},"93o":{"weight":0.0,"played":[1.0,0.0],"evs":[0.0,-6.22533]},"T3o":{"weight":0.0,"played":[0.9995,5.0E-4],"evs":[0.0,-5.61475]},"J3o":{"weight":0.0,"played":[0.9994,6.0E-4],"evs":[0.0,-6.33561]},"Q3o":{"weight":0.0,"played":[1.0,0.0],"evs":[0.0,-5.308]},"K3o":{"weight":0.0,"played":[0.999,0.001],"evs":[0.0,-4.65538]},"A3o":{"weight":0.0,"played":[0.9995,5.0E-4],"evs":[0.0,-5.05675]},"42s":{"weight":0.0,"played":[0.9998,2.0E-4],"evs":[0.0,-2.54258]},"43s":{"weight":0.0,"played":[0.9975,0.0025],"evs":[0.0,-2.49232]},"44":{"weight":0.8333,"played":[0.9753,0.0247],"evs":[0.0,-1.4403]},"54o":{"weight":0.0,"played":[0.9937,0.0063],"evs":[0.0,-3.09913]},"64o":{"weight":0.0,"played":[0.9993,7.0E-4],"evs":[0.0,-3.17876]},"74o":{"weight":0.0,"played":[0.9999,1.0E-4],"evs":[0.0,-5.04904]},"84o":{"weight":0.0,"played":[1.0,0.0],"evs":[0.0,-4.51621]},"94o":{"weight":0.0,"played":[0.9998,2.0E-4],"evs":[0.0,-5.55129]},"T4o":{"weight":0.0,"played":[0.9986,0.0014],"evs":[0.0,-4.86335]},"J4o":{"weight":0.0,"played":[1.0,0.0],"evs":[0.0,-6.53474]},"Q4o":{"weight":0.0,"played":[1.0,0.0],"evs":[0.0,-5.73289]},"K4o":{"weight":0.0,"played":[0.9998,2.0E-4],"evs":[0.0,-4.13737]},"A4o":{"weight":0.0,"played":[0.9973,0.0027],"evs":[0.0,-5.10983]},"52s":{"weight":0.0,"played":[0.9908,0.0092],"evs":[0.0,-2.57358]},"53s":{"weight":2.0E-4,"played":[0.9586,0.0414],"evs":[0.0,-0.52195]},"54s":{"weight":9.0E-4,"played":[0.9346,0.0654],"evs":[0.0,-1.13173]},"55":{"weight":0.3598,"played":[0.9678,0.0322],"evs":[0.0,-1.62594]},"65o":{"weight":0.0,"played":[1.0,0.0],"evs":[0.0,-3.60193]},"75o":{"weight":0.0,"played":[1.0,0.0],"evs":[0.0,-2.44223]},"85o":{"weight":0.0,"played":[0.9978,0.0022],"evs":[0.0,-4.18147]},"95o":{"weight":0.0,"played":[1.0,0.0],"evs":[0.0,-5.14472]},"T5o":{"weight":0.0,"played":[0.9995,5.0E-4],"evs":[0.0,-5.02163]},"J5o":{"weight":0.0,"played":[0.9998,2.0E-4],"evs":[0.0,-5.67803]},"Q5o":{"weight":0.0,"played":[0.9997,3.0E-4],"evs":[0.0,-4.73432]},"K5o":{"weight":0.0,"played":[0.9981,0.0019],"evs":[0.0,-4.9596]},"A5o":{"weight":0.5868,"played":[0.998,0.002],"evs":[0.0,-4.64321]},"62s":{"weight":0.0,"played":[0.9831,0.0169],"evs":[0.0,-3.3815]},"63s":{"weight":0.0,"played":[0.9907,0.0093],"evs":[0.0,-1.72298]},"64s":{"weight":0.0,"played":[0.9798,0.0202],"evs":[0.0,-2.88562]},"65s":{"weight":0.7264,"played":[0.7971,0.2029],"evs":[0.0,-0.24043]},"66":{"weight":0.5367,"played":[0.9742,0.0258],"evs":[0.0,-0.51341]},"76o":{"weight":0.0,"played":[0.9993,7.0E-4],"evs":[0.0,-3.07782]},"86o":{"weight":0.0,"played":[0.999,0.001],"evs":[0.0,-3.71337]},"96o":{"weight":0.0,"played":[1.0,0.0],"evs":[0.0,-4.03315]},"T6o":{"weight":0.0,"played":[1.0,0.0],"evs":[0.0,-5.36375]},"J6o":{"weight":0.0,"played":[1.0,0.0],"evs":[0.0,-5.59805]},"Q6o":{"weight":0.0,"played":[0.9974,0.0026],"evs":[0.0,-4.61769]},"K6o":{"weight":0.0,"played":[0.9992,8.0E-4],"evs":[0.0,-4.01903]},"A6o":{"weight":3.0E-4,"played":[0.9957,0.0043],"evs":[0.0,-6.07819]},"72s":{"weight":0.0,"played":[0.9997,3.0E-4],"evs":[0.0,-4.10147]},"73s":{"weight":0.0,"played":[0.9939,0.0061],"evs":[0.0,-3.70969]},"74s":{"weight":0.0,"played":[0.9999,1.0E-4],"evs":[0.0,-2.89264]},"75s":{"weight":0.0,"played":[0.9626,0.0374],"evs":[0.0,-0.75386]},"76s":{"weight":0.4349,"played":[0.9055,0.0945],"evs":[0.0,-1.17708]},"77":{"weight":0.129,"played":[0.3976,0.6024],"evs":[0.0,-0.81128]},"87o":{"weight":0.0,"played":[0.9969,0.0031],"evs":[0.0,-3.22056]},"97o":{"weight":0.0,"played":[0.9975,0.0025],"evs":[0.0,-3.42034]},"T7o":{"weight":0.0,"played":[0.9953,0.0047],"evs":[0.0,-5.41833]},"J7o":{"weight":0.0,"played":[0.9998,2.0E-4],"evs":[0.0,-4.45277]},"Q7o":{"weight":0.0,"played":[0.9994,6.0E-4],"evs":[0.0,-5.40847]},"K7o":{"weight":0.0,"played":[0.9951,0.0049],"evs":[0.0,-4.48181]},"A7o":{"weight":0.139,"played":[0.9975,0.0025],"evs":[0.0,-5.17568]},"82s":{"weight":0.0,"played":[0.9994,6.0E-4],"evs":[0.0,-4.21671]},"83s":{"weight":0.0,"played":[0.9951,0.0049],"evs":[0.0,-4.22947]},"84s":{"weight":0.0,"played":[0.9934,0.0066],"evs":[0.0,-2.12722]},"85s":{"weight":0.0,"played":[0.9808,0.0192],"evs":[0.0,-1.83744]},"86s":{"weight":0.0,"played":[0.9994,6.0E-4],"evs":[0.0,-0.79416]},"87s":{"weight":0.1676,"played":[0.8783,0.1217],"evs":[0.0,-1.00537]},"88":{"weight":0.7388,"played":[2.0E-4,0.9998],"evs":[0.0,1.17574]},"98o":{"weight":0.0,"played":[0.9949,0.0051],"evs":[0.0,-3.24976]},"T8o":{"weight":0.0,"played":[0.992,0.008],"evs":[0.0,-3.72253]},"J8o":{"weight":0.0,"played":[1.0,0.0],"evs":[0.0,-4.43495]},"Q8o":{"weight":0.0,"played":[0.9993,7.0E-4],"evs":[0.0,-4.98164]},"K8o":{"weight":0.0,"played":[0.9994,6.0E-4],"evs":[0.0,-4.22476]},"A8o":{"weight":0.7178,"played":[0.9944,0.0056],"evs":[0.0,-5.56144]},"92s":{"weight":0.0,"played":[0.9986,0.0014],"evs":[0.0,-4.17206]},"93s":{"weight":0.0,"played":[0.9986,0.0014],"evs":[0.0,-3.94806]},"94s":{"weight":0.0,"played":[0.9999,1.0E-4],"evs":[0.0,-3.27341]},"95s":{"weight":0.0,"played":[0.9992,8.0E-4],"evs":[0.0,-2.30341]},"96s":{"weight":0.0,"played":[0.8086,0.1914],"evs":[0.0,-1.20903]},"97s":{"weight":0.0,"played":[0.9663,0.0337],"evs":[0.0,-1.491]},"98s":{"weight":0.1043,"played":[0.9856,0.0144],"evs":[0.0,-0.92924]},"99":{"weight":0.0545,"played":[1.0E-4,0.9999],"evs":[0.0,1.59709]},"T9o":{"weight":0.0,"played":[0.9958,0.0042],"evs":[0.0,-2.78748]},"J9o":{"weight":0.0,"played":[0.9838,0.0162],"evs":[0.0,-3.08009]},"Q9o":{"weight":0.0,"played":[0.9999,1.0E-4],"evs":[0.0,-3.80936]},"K9o":{"weight":0.0,"played":[0.9994,6.0E-4],"evs":[0.0,-3.71613]},"A9o":{"weight":0.101,"played":[0.9969,0.0031],"evs":[0.0,-4.84908]},"T2s":{"weight":0.0,"played":[0.9946,0.0054],"evs":[0.0,-5.03641]},"T3s":{"weight":0.0,"played":[0.9888,0.0112],"evs":[0.0,-4.94757]},"T4s":{"weight":0.0,"played":[0.9996,4.0E-4],"evs":[0.0,-2.96694]},"T5s":{"weight":0.0,"played":[0.9998,2.0E-4],"evs":[0.0,-4.06279]},"T6s":{"weight":0.0,"played":[0.9962,0.0038],"evs":[0.0,-2.82122]},"T7s":{"weight":0.0,"played":[0.999,0.001],"evs":[0.0,-2.7877]},"T8s":{"weight":0.0,"played":[0.9757,0.0243],"evs":[0.0,-1.1771]},"T9s":{"weight":0.9586,"played":[0.828,0.172],"evs":[0.0,-0.33758]},"TT":{"weight":0.4877,"played":[6.0E-4,0.9994],"evs":[0.0,3.03317]},"JTo":{"weight":0.0,"played":[0.9932,0.0068],"evs":[0.0,-2.81624]},"QTo":{"weight":0.0,"played":[0.9632,0.0368],"evs":[0.0,-3.96067]},"KTo":{"weight":0.8448,"played":[0.9985,0.0015],"evs":[0.0,-3.43693]},"ATo":{"weight":0.3667,"played":[0.985,0.015],"evs":[0.0,-3.94773]},"J2s":{"weight":0.0,"played":[0.9987,0.0013],"evs":[0.0,-2.50298]},"J3s":{"weight":0.0,"played":[0.9994,6.0E-4],"evs":[0.0,-3.52821]},"J4s":{"weight":0.0,"played":[0.9963,0.0037],"evs":[0.0,-2.58352]},"J5s":{"weight":0.0,"played":[0.9788,0.0212],"evs":[0.0,-1.80809]},"J6s":{"weight":0.0,"played":[0.9972,0.0028],"evs":[0.0,-2.90114]},"J7s":{"weight":0.0,"played":[0.8979,0.1021],"evs":[0.0,-2.62934]},"J8s":{"weight":0.005,"played":[0.9473,0.0527],"evs":[0.0,-3.3555]},"J9s":{"weight":0.9993,"played":[0.9382,0.0618],"evs":[0.0,-2.38322]},"JTs":{"weight":0.8068,"played":[0.949,0.051],"evs":[0.0,-0.74621]},"JJ":{"weight":0.0619,"played":[0.0,1.0],"evs":[0.0,5.77005]},"QJo":{"weight":0.9996,"played":[0.9918,0.0082],"evs":[0.0,-3.41941]},"KJo":{"weight":0.523,"played":[0.9819,0.0181],"evs":[0.0,-3.63425]},"AJo":{"weight":3.0E-4,"played":[0.9812,0.0188],"evs":[0.0,-2.69401]},"Q2s":{"weight":0.0,"played":[0.9987,0.0013],"evs":[0.0,-4.03276]},"Q3s":{"weight":0.0,"played":[0.9982,0.0018],"evs":[0.0,-2.87513]},"Q4s":{"weight":0.0,"played":[0.949,0.051],"evs":[0.0,-1.11238]},"Q5s":{"weight":0.0,"played":[0.9967,0.0033],"evs":[0.0,-2.87733]},"Q6s":{"weight":0.0,"played":[0.9589,0.0411],"evs":[0.0,-2.04698]},"Q7s":{"weight":0.0,"played":[0.9976,0.0024],"evs":[0.0,-3.57506]},"Q8s":{"weight":2.0E-4,"played":[0.9957,0.0043],"evs":[0.0,-1.54443]},"Q9s":{"weight":0.9986,"played":[0.9857,0.0143],"evs":[0.0,-2.63536]},"QTs":{"weight":0.3606,"played":[0.9848,0.0152],"evs":[0.0,-1.02094]},"QJs":{"weight":0.359,"played":[0.9189,0.0811],"evs":[0.0,-1.33502]},"QQ":{"weight":0.0045,"played":[0.0,1.0],"evs":[0.0,8.82167]},"KQo":{"weight":0.222,"played":[0.9915,0.0085],"evs":[0.0,-2.95856]},"AQo":{"weight":1.0E-4,"played":[0.9748,0.0252],"evs":[0.0,-0.57516]},"K2s":{"weight":0.0,"played":[0.9742,0.0258],"evs":[0.0,-2.72433]},"K3s":{"weight":0.0,"played":[0.9953,0.0047],"evs":[0.0,-3.3164]},"K4s":{"weight":0.0,"played":[0.9907,0.0093],"evs":[0.0,-2.72774]},"K5s":{"weight":0.0469,"played":[0.8921,0.1079],"evs":[0.0,-2.26559]},"K6s":{"weight":0.0634,"played":[0.8923,0.1077],"evs":[0.0,-2.60993]},"K7s":{"weight":0.3557,"played":[0.9936,0.0064],"evs":[0.0,-3.38919]},"K8s":{"weight":0.9217,"played":[0.9799,0.0201],"evs":[0.0,-3.2889]},"K9s":{"weight":0.756,"played":[0.8894,0.1106],"evs":[0.0,-1.78322]},"KTs":{"weight":0.1269,"played":[0.3661,0.6339],"evs":[0.0,-0.98247]},"KJs":{"weight":0.2228,"played":[0.979,0.021],"evs":[0.0,0.03364]},"KQs":{"weight":0.9787,"played":[0.5754,0.4246],"evs":[0.0,-0.39526]},"KK":{"weight":0.5036,"played":[0.0,1.0],"evs":[0.0,15.44032]},"AKo":{"weight":3.0E-4,"played":[0.0,1.0],"evs":[0.0,2.29449]},"A2s":{"weight":0.0,"played":[0.9706,0.0294],"evs":[0.0,-1.28597]},"A3s":{"weight":0.0023,"played":[0.9164,0.0836],"evs":[0.0,-2.01895]},"A4s":{"weight":0.005,"played":[0.991,0.009],"evs":[0.0,-1.59538]},"A5s":{"weight":0.0,"played":[0.9531,0.0469],"evs":[0.0,-4.15246]},"A6s":{"weight":0.6556,"played":[0.9199,0.0801],"evs":[0.0,-2.03084]},"A7s":{"weight":0.2647,"played":[0.9953,0.0047],"evs":[0.0,-4.10006]},"A8s":{"weight":0.5719,"played":[0.985,0.015],"evs":[0.0,-2.67512]},"A9s":{"weight":0.0143,"played":[0.8754,0.1246],"evs":[0.0,-1.37339]},"ATs":{"weight":0.9999,"played":[0.6694,0.3306],"evs":[0.0,-1.75455]},"AJs":{"weight":0.9753,"played":[0.985,0.015],"evs":[0.0,-0.73513]},"AQs":{"weight":0.6282,"played":[2.0E-4,0.9998],"evs":[0.0,1.23944]},"AKs":{"weight":0.0089,"played":[0.0137,0.9863],"evs":[0.0,4.63532]},"AA":{"weight":1.0,"played":[0.0,1.0],"evs":[0.0,22.53895]}}}