{"player":2,"street":0,"children":3,"sequence":[{"player":0,"type":"F","amount":0,"street":0},{"player":1,"type":"F","amount":0,"street":0},{"player":2,"type":"R","amount":200000,"street":0},{"player":3,"type":"R","amount":500000,"street":0},{"player":4,"type":"R","amount":1345000,"street":0},{"player":5,"type":"F","amount":0,"street":0}],"actions":[{"type":"F","amount":0,"node":63},{"type":"C","amount":1145000,"node":64},{"type":"R","amount":1405000,"node":66}],"hands":{"22":{"weight":0.0031,"played":[5.0E-4,0.1187,0.8808],"evs":[0.0,0.39079,0.3993]},"32o":{"weight":0.0,"played":[1.0,0.0,0.0],"evs":[0.0,-2.3471,-2.34695]},"42o":{"weight":0.0,"played":[1.0,0.0,0.0],"evs":[0.0,-1.97683,-1.96645]},"52o":{"weight":0.0,"played":[1.0,0.0,0.0],"evs":[0.0,-1.98947,-1.97714]},"62o":{"weight":0.0,"played":[1.0,0.0,0.0],"evs":[0.0,-2.20737,-2.18843]},"72o":{"weight":0.0,"played":[1.0,0.0,0.0],"evs":[0.0,-2.64163,-2.64106]},"82o":{"weight":0.0,"played":[1.0,0.0,0.0],"evs":[0.0,-2.70072,-2.68713]},"92o":{"weight":0.0,"played":[1.0,0.0,0.0],"evs":[0.0,-3.03595,-3.0267]},"T2o":{"weight":0.0,"played":[1.0,0.0,0.0],"evs":[0.0,-2.64368,-2.62248]},"J2o":{"weight":0.0,"played":[1.0,0.0,0.0],"evs":[0.0,-2.84186,-2.84903]},"Q2o":{"weight":0.0,"played":[1.0,0.0,0.0],"evs":[0.0,-2.83364,-2.83255]},"K2o":{"weight":0.0,"played":[1.0,0.0,0.0],"evs":[0.0,-2.44862,-2.44495]},"A2o":{"weight":0.0,"played":[1.0,0.0,0.0],"evs":[0.0,-2.4608,-2.45079]},"32s":{"weight":0.0,"played":[0.9979,5.0E-4,0.0016],"evs":[0.0,-0.81366,-0.82676]},"33":{"weight":0.2315,"played":[0.0069,0.5305,0.4626],"evs":[0.0,0.45918,0.4489]},"43o":{"weight":0.0,"played":[0.9998,1.0E-4,1.0E-4],"evs":[0.0,-1.6251,-1.62923]},"53o":{"weight":0.0,"played":[1.0,0.0,0.0],"evs":[0.0,-1.59352,-1.58992]},"63o":{"weight":0.0,"played":[1.0,0.0,0.0],"evs":[0.0,-1.8479,-1.83692]},"73o":{"weight":0.0,"played":[1.0,0.0,0.0],"evs":[0.0,-2.25853,-2.27258]},"83o":{"weight":0.0,"played":[1.0,0.0,0.0],"evs":[0.0,-2.80136,-2.79465]},"93o":{"weight":0.0,"played":[1.0,0.0,0.0],"evs":[0.0,-2.96092,-2.95708]},"T3o":{"weight":0.0,"played":[1.0,0.0,0.0],"evs":[0.0,-2.60295,-2.60442]},"J3o":{"weight":0.0,"played":[1.0,0.0,0.0],"evs":[0.0,-2.73159,-2.72101]},"Q3o":{"weight":0.0,"played":[0.9997,1.0E-4,1.0E-4],"evs":[0.0,-2.54626,-2.51472]},"K3o":{"weight":0.0,"played":[1.0,0.0,0.0],"evs":[0.0,-2.34438,-2.33766]},"A3o":{"weight":0.1813,"played":[0.9999,0.0,0.0],"evs":[0.0,-2.12073,-2.09808]},"42s":{"weight":0.0,"played":[0.9726,0.0119,0.0155],"evs":[0.0,-1.02495,-1.01592]},"43s":{"weight":0.0,"played":[0.9394,0.0332,0.0275],"evs":[0.0,-0.43485,-0.45333]},"44":{"weight":0.0211,"played":[2.0E-4,0.9456,0.0542],"evs":[0.0,0.89923,0.87819]},"54o":{"weight":0.0,"played":[0.9999,0.0,1.0E-4],"evs":[0.0,-1.19857,-1.18085]},"64o":{"weight":0.0,"played":[1.0,0.0,0.0],"evs":[0.0,-1.23271,-1.23499]},"74o":{"weight":0.0,"played":[1.0,0.0,0.0],"evs":[0.0,-1.94361,-1.93536]},"84o":{"weight":0.0,"played":[1.0,0.0,0.0],"evs":[0.0,-2.36669,-2.37849]},"94o":{"weight":0.0,"played":[1.0,0.0,0.0],"evs":[0.0,-2.83371,-2.83135]},"T4o":{"weight":0.0,"played":[1.0,0.0,0.0],"evs":[0.0,-2.58202,-2.58353]},"J4o":{"weight":0.0,"played":[1.0,0.0,0.0],"evs":[0.0,-2.38262,-2.38374]},"Q4o":{"weight":0.0,"played":[0.9998,1.0E-4,1.0E-4],"evs":[0.0,-2.47226,-2.4764]},"K4o":{"weight":0.0,"played":[1.0,0.0,0.0],"evs":[0.0,-2.23645,-2.24811]},"A4o":{"weight":1.0,"played":[1.0,0.0,0.0],"evs":[0.0,-2.17836,-2.16179]},"52s":{"weight":0.0,"played":[0.9998,2.0E-4,1.0E-4],"evs":[0.0,-1.12481,-1.13138]},"53s":{"weight":0.0,"played":[0.9999,0.0,1.0E-4],"evs":[0.0,-0.49433,-0.50282]},"54s":{"weight":0.0,"played":[0.2995,0.3033,0.3973],"evs":[0.0,0.10486,0.10365]},"55":{"weight":0.0,"played":[0.0024,0.9527,0.0449],"evs":[0.0,0.78774,0.77459]},"65o":{"weight":0.0,"played":[1.0,0.0,0.0],"evs":[0.0,-0.83364,-0.8305]},"75o":{"weight":0.0,"played":[0.9999,0.0,0.0],"evs":[0.0,-1.22226,-1.2203]},"85o":{"weight":0.0,"played":[1.0,0.0,0.0],"evs":[0.0,-1.98867,-1.98249]},"95o":{"weight":0.0,"played":[0.9999,0.0,1.0E-4],"evs":[0.0,-2.25696,-2.24303]},"T5o":{"weight":0.0,"played":[1.0,0.0,0.0],"evs":[0.0,-2.32903,-2.32765]},"J5o":{"weight":0.0,"played":[1.0,0.0,0.0],"evs":[0.0,-2.57696,-2.5797]},"Q5o":{"weight":0.0,"played":[1.0,0.0,0.0],"evs":[0.0,-2.26093,-2.26128]},"K5o":{"weight":0.0,"played":[1.0,0.0,0.0],"evs":[0.0,-2.15597,-2.15852]},"A5o":{"weight":0.0,"played":[1.0,0.0,0.0],"evs":[0.0,-2.1122,-2.08507]},"62s":{"weight":0.0,"played":[0.9983,9.0E-4,8.0E-4],"evs":[0.0,-1.21469,-1.22312]},"63s":{"weight":0.0,"played":[0.9995,2.0E-4,3.0E-4],"evs":[0.0,-0.76183,-0.77589]},"64s":{"weight":0.0,"played":[0.9251,0.025,0.0499],"evs":[0.0,-0.23729,-0.21487]},"65s":{"weight":0.0,"played":[0.0988,0.5257,0.3754],"evs":[0.0,0.31573,0.2931]},"66":{"weight":0.0,"played":[0.0027,0.7347,0.2626],"evs":[0.0,0.90915,0.89931]},"76o":{"weight":0.0,"played":[0.9998,1.0E-4,1.0E-4],"evs":[0.0,-1.21774,-1.2287]},"86o":{"weight":0.0,"played":[1.0,0.0,0.0],"evs":[0.0,-1.51848,-1.52472]},"96o":{"weight":0.0,"played":[0.9999,0.0,0.0],"evs":[0.0,-1.83434,-1.83474]},"T6o":{"weight":0.0,"played":[1.0,0.0,0.0],"evs":[0.0,-2.1163,-2.11071]},"J6o":{"weight":0.0,"played":[1.0,0.0,0.0],"evs":[0.0,-2.60069,-2.6061]},"Q6o":{"weight":0.0,"played":[1.0,0.0,0.0],"evs":[0.0,-2.24277,-2.25497]},"K6o":{"weight":0.0,"played":[0.9999,0.0,0.0],"evs":[0.0,-1.93115,-1.94845]},"A6o":{"weight":0.1314,"played":[1.0,0.0,0.0],"evs":[0.0,-2.51036,-2.48264]},"72s":{"weight":0.0,"played":[0.9995,1.0E-4,4.0E-4],"evs":[0.0,-1.52338,-1.51833]},"73s":{"weight":0.0,"played":[0.9997,0.0,2.0E-4],"evs":[0.0,-1.06631,-1.08268]},"74s":{"weight":0.0,"played":[0.9953,0.0019,0.0028],"evs":[0.0,-1.04682,-1.05052]},"75s":{"weight":0.0,"played":[0.982,0.0064,0.0117],"evs":[0.0,-0.40538,-0.37402]},"76s":{"weight":0.0,"played":[0.0414,0.5555,0.4032],"evs":[0.0,0.12607,0.11698]},"77":{"weight":0.0,"played":[0.0,1.0,0.0],"evs":[0.0,1.20454,1.19344]},"87o":{"weight":0.0,"played":[0.9994,3.0E-4,3.0E-4],"evs":[0.0,-1.31625,-1.3029]},"97o":{"weight":0.0,"played":[1.0,0.0,0.0],"evs":[0.0,-1.75989,-1.77163]},"T7o":{"weight":0.0,"played":[1.0,0.0,0.0],"evs":[0.0,-1.61052,-1.60809]},"J7o":{"weight":0.0,"played":[0.9999,1.0E-4,0.0],"evs":[0.0,-2.24618,-2.24546]},"Q7o":{"weight":0.0,"played":[1.0,0.0,0.0],"evs":[0.0,-2.21909,-2.22715]},"K7o":{"weight":0.0,"played":[0.9997,1.0E-4,2.0E-4],"evs":[0.0,-2.01393,-2.00513]},"A7o":{"weight":0.0943,"played":[0.9998,2.0E-4,1.0E-4],"evs":[0.0,-2.49794,-2.48251]},"82s":{"weight":0.0,"played":[1.0,0.0,0.0],"evs":[0.0,-1.65788,-1.64258]},"83s":{"weight":0.0,"played":[0.9999,0.0,1.0E-4],"evs":[0.0,-1.68282,-1.66807]},"84s":{"weight":0.0,"played":[0.9985,7.0E-4,8.0E-4],"evs":[0.0,-0.92489,-0.91512]},"85s":{"weight":0.0,"played":[0.988,0.0013,0.0107],"evs":[0.0,-0.61298,-0.60774]},"86s":{"weight":0.0,"played":[0.9433,0.0215,0.0352],"evs":[0.0,-0.33138,-0.34799]},"87s":{"weight":0.0,"played":[0.7028,0.1265,0.1707],"evs":[0.0,-0.13517,-0.11673]},"88":{"weight":0.1468,"played":[1.0E-4,0.3092,0.6907],"evs":[0.0,0.6238,0.62822]},"98o":{"weight":0.0,"played":[0.9997,1.0E-4,1.0E-4],"evs":[0.0,-1.70487,-1.70153]},"T8o":{"weight":0.0,"played":[0.9998,1.0E-4,1.0E-4],"evs":[0.0,-1.76792,-1.75328]},"J8o":{"weight":0.0,"played":[1.0,0.0,0.0],"evs":[0.0,-2.17407,-2.17535]},"Q8o":{"weight":0.0,"played":[0.9999,1.0E-4,1.0E-4],"evs":[0.0,-2.30307,-2.30292]},"K8o":{"weight":0.0,"played":[1.0,0.0,0.0],"evs":[0.0,-2.33845,-2.35198]},"A8o":{"weight":8.0E-4,"played":[1.0,0.0,0.0],"evs":[0.0,-2.71056,-2.71158]},"92s":{"weight":0.0,"played":[1.0,0.0,0.0],"evs":[0.0,-1.99631,-1.99521]},"93s":{"weight":0.0,"played":[0.9999,1.0E-4,1.0E-4],"evs":[0.0,-1.76866,-1.77564]},"94s":{"weight":0.0,"played":[0.9994,4.0E-4,3.0E-4],"evs":[0.0,-1.76838,-1.75474]},"95s":{"weight":0.0,"played":[0.995,9.0E-4,0.0041],"evs":[0.0,-1.42288,-1.40041]},"96s":{"weight":0.0,"played":[0.9971,0.0014,0.0015],"evs":[0.0,-0.76738,-0.78663]},"97s":{"weight":0.0,"played":[0.9889,0.0019,0.0092],"evs":[0.0,-0.68915,-0.67189]},"98s":{"weight":0.7976,"played":[0.9939,0.0011,0.0051],"evs":[0.0,-0.48752,-0.47066]},"99":{"weight":0.0593,"played":[0.0,0.9873,0.0127],"evs":[0.0,0.9408,0.93904]},"T9o":{"weight":0.0,"played":[0.9997,0.0,3.0E-4],"evs":[0.0,-1.35973,-1.36162]},"J9o":{"weight":0.0,"played":[0.9999,0.0,1.0E-4],"evs":[0.0,-1.97578,-1.97381]},"Q9o":{"weight":0.0,"played":[0.9999,0.0,0.0],"evs":[0.0,-2.25267,-2.245]},"K9o":{"weight":5.0E-4,"played":[0.9998,1.0E-4,1.0E-4],"evs":[0.0,-2.17806,-2.18583]},"A9o":{"weight":0.0,"played":[0.9994,2.0E-4,4.0E-4],"evs":[0.0,-2.83892,-2.8332]},"T2s":{"weight":0.0,"played":[0.9991,4.0E-4,5.0E-4],"evs":[0.0,-1.59424,-1.60012]},"T3s":{"weight":0.0,"played":[1.0,0.0,0.0],"evs":[0.0,-1.32294,-1.31102]},"T4s":{"weight":0.0,"played":[0.9997,2.0E-4,1.0E-4],"evs":[0.0,-1.16713,-1.17687]},"T5s":{"weight":0.0,"played":[0.9956,0.0017,0.0027],"evs":[0.0,-1.26949,-1.23736]},"T6s":{"weight":0.0,"played":[0.9989,5.0E-4,6.0E-4],"evs":[0.0,-0.94831,-0.9479]},"T7s":{"weight":0.0,"played":[0.9994,0.0,6.0E-4],"evs":[0.0,-0.8388,-0.86222]},"T8s":{"weight":4.0E-4,"played":[0.9014,0.0517,0.047],"evs":[0.0,-0.64566,-0.64812]},"T9s":{"weight":0.4374,"played":[0.9942,0.0013,0.0045],"evs":[0.0,-0.57098,-0.55056]},"TT":{"weight":0.8629,"played":[0.0,0.8508,0.1492],"evs":[0.0,1.84535,1.82351]},"JTo":{"weight":0.237,"played":[0.9999,0.0,0.0],"evs":[0.0,-1.56464,-1.56077]},"QTo":{"weight":0.7046,"played":[0.9996,2.0E-4,2.0E-4],"evs":[0.0,-1.55075,-1.54846]},"KTo":{"weight":0.6676,"played":[0.9998,1.0E-4,1.0E-4],"evs":[0.0,-1.63325,-1.62795]},"ATo":{"weight":0.0,"played":[0.9997,0.0,2.0E-4],"evs":[0.0,-2.20646,-2.20096]},"J2s":{"weight":0.0,"played":[0.9997,1.0E-4,1.0E-4],"evs":[0.0,-1.66433,-1.67028]},"J3s":{"weight":0.0,"played":[0.9973,0.0011,0.0016],"evs":[0.0,-1.5664,-1.57196]},"J4s":{"weight":0.0,"played":[0.9999,1.0E-4,1.0E-4],"evs":[0.0,-1.38808,-1.37973]},"J5s":{"weight":0.0,"played":[0.999,6.0E-4,4.0E-4],"evs":[0.0,-1.68076,-1.67423]},"J6s":{"weight":0.0,"played":[0.9983,7.0E-4,0.001],"evs":[0.0,-1.43218,-1.42179]},"J7s":{"weight":0.0,"played":[0.995,0.0026,0.0024],"evs":[0.0,-1.10165,-1.10295]},"J8s":{"weight":0.4985,"played":[0.9998,0.0,2.0E-4],"evs":[0.0,-0.8851,-0.89007]},"J9s":{"weight":0.9962,"played":[0.9983,8.0E-4,8.0E-4],"evs":[0.0,-0.77915,-0.77514]},"JTs":{"weight":0.001,"played":[0.8811,0.0409,0.078],"evs":[0.0,-0.56204,-0.55581]},"JJ":{"weight":1.0,"played":[0.0,0.8441,0.1559],"evs":[0.0,3.18089,3.17441]},"QJo":{"weight":0.3613,"played":[0.9995,2.0E-4,3.0E-4],"evs":[0.0,-1.83022,-1.84206]},"KJo":{"weight":0.0,"played":[0.9991,1.0E-4,8.0E-4],"evs":[0.0,-1.62905,-1.62977]},"AJo":{"weight":0.0,"played":[0.9993,3.0E-4,4.0E-4],"evs":[0.0,-1.39257,-1.38489]},"Q2s":{"weight":0.0,"played":[1.0,0.0,0.0],"evs":[0.0,-1.25847,-1.25768]},"Q3s":{"weight":0.0,"played":[0.9999,0.0,1.0E-4],"evs":[0.0,-1.27529,-1.25116]},"Q4s":{"weight":0.0,"played":[0.9997,1.0E-4,2.0E-4],"evs":[0.0,-0.85665,-0.84373]},"Q5s":{"weight":0.0,"played":[0.9998,1.0E-4,1.0E-4],"evs":[0.0,-1.20562,-1.1967]},"Q6s":{"weight":0.0,"played":[0.9997,1.0E-4,2.0E-4],"evs":[0.0,-0.91007,-0.93056]},"Q7s":{"weight":0.0,"played":[0.9997,1.0E-4,2.0E-4],"evs":[0.0,-1.33271,-1.32434]},"Q8s":{"weight":0.7221,"played":[0.9993,2.0E-4,4.0E-4],"evs":[0.0,-0.99518,-0.99937]},"Q9s":{"weight":0.9858,"played":[0.9996,2.0E-4,3.0E-4],"evs":[0.0,-1.10197,-1.10904]},"QTs":{"weight":0.0952,"played":[0.8711,0.1217,0.0072],"evs":[0.0,-0.4513,-0.48862]},"QJs":{"weight":0.0845,"played":[0.8015,0.1019,0.0966],"evs":[0.0,-0.26625,-0.25921]},"QQ":{"weight":1.0,"played":[0.0,0.4663,0.5337],"evs":[0.0,6.35108,6.34462]},"KQo":{"weight":0.0,"played":[0.9994,3.0E-4,3.0E-4],"evs":[0.0,-0.98441,-0.98142]},"AQo":{"weight":0.0,"played":[0.0,0.8889,0.1111],"evs":[0.0,0.57712,0.57674]},"K2s":{"weight":0.0,"played":[0.988,0.0059,0.0062],"evs":[0.0,-1.18811,-1.17458]},"K3s":{"weight":0.0,"played":[1.0,0.0,0.0],"evs":[0.0,-1.07336,-1.05972]},"K4s":{"weight":0.0,"played":[0.9998,1.0E-4,1.0E-4],"evs":[0.0,-1.01835,-1.00914]},"K5s":{"weight":0.1815,"played":[0.9585,0.0165,0.0251],"evs":[0.0,-0.6007,-0.60203]},"K6s":{"weight":0.7365,"played":[0.9994,2.0E-4,3.0E-4],"evs":[0.0,-0.9484,-0.95388]},"K7s":{"weight":1.0,"played":[0.9974,0.0014,0.0012],"evs":[0.0,-1.0528,-1.06653]},"K8s":{"weight":1.0,"played":[0.9998,1.0E-4,1.0E-4],"evs":[0.0,-1.08141,-1.08145]},"K9s":{"weight":0.5813,"played":[0.9994,2.0E-4,4.0E-4],"evs":[0.0,-1.23054,-1.22568]},"KTs":{"weight":0.2762,"played":[0.8555,0.0632,0.0813],"evs":[0.0,-0.55516,-0.53955]},"KJs":{"weight":0.2327,"played":[0.8888,0.0658,0.0454],"evs":[0.0,-0.37352,-0.39529]},"KQs":{"weight":0.0096,"played":[0.0012,0.9352,0.0636],"evs":[0.0,0.2667,0.24672]},"KK":{"weight":1.0,"played":[0.0,0.8383,0.1617],"evs":[0.0,10.54887,10.54351]},"AKo":{"weight":0.114,"played":[0.0,0.9323,0.0677],"evs":[0.0,3.50245,3.49499]},"A2s":{"weight":0.0,"played":[0.9982,0.0012,7.0E-4],"evs":[0.0,-0.88203,-0.87023]},"A3s":{"weight":0.0,"played":[0.9786,0.008,0.0133],"evs":[0.0,-0.76264,-0.74257]},"A4s":{"weight":0.0,"played":[1.0,0.0,0.0],"evs":[0.0,-0.93169,-0.94126]},"A5s":{"weight":0.0,"played":[0.9973,9.0E-4,0.0018],"evs":[0.0,-0.95416,-0.93934]},"A6s":{"weight":0.0,"played":[0.999,2.0E-4,8.0E-4],"evs":[0.0,-1.23993,-1.23594]},"A7s":{"weight":0.2787,"played":[0.9998,0.0,2.0E-4],"evs":[0.0,-1.30523,-1.28033]},"A8s":{"weight":0.5372,"played":[0.9988,5.0E-4,7.0E-4],"evs":[0.0,-1.21495,-1.1973]},"A9s":{"weight":0.4195,"played":[0.9981,0.0011,9.0E-4],"evs":[0.0,-1.6125,-1.605]},"ATs":{"weight":0.0349,"played":[0.9584,0.0327,0.009],"evs":[0.0,-1.18471,-1.20742]},"AJs":{"weight":0.2226,"played":[0.7695,0.1367,0.0938],"evs":[0.0,-0.49586,-0.50241]},"AQs":{"weight":0.9993,"played":[0.0,0.2509,0.7491],"evs":[0.0,1.54166,1.55686]},"AKs":{"weight":1.0,"played":[0.0,0.9469,0.0531],"evs":[0.0,4.46811,4.47332]},"AA":{"weight":1.0,"played":[0.0,0.7824,0.2176],"evs":[0.0,15.3374,15.34607]}}}