{"player":3,"street":0,"children":2,"sequence":[{"player":0,"type":"F","amount":0,"street":0},{"player":1,"type":"F","amount":0,"street":0},{"player":2,"type":"R","amount":200000,"street":0},{"player":3,"type":"R","amount":500000,"street":0},{"player":4,"type":"R","amount":1345000,"street":0},{"player":5,"type":"F","amount":0,"street":0},{"player":2,"type":"F","amount":0,"street":0}],"actions":[{"type":"F","amount":0},{"type":"C","amount":845000}],"hands":{"22":{"weight":0.0,"played":[0.0,1.0],"evs":[0.0,3.11535]},"32o":{"weight":0.0,"played":[0.0043,0.9957],"evs":[0.0,0.249]},"42o":{"weight":0.0,"played":[0.0,1.0],"evs":[0.0,0.34341]},"52o":{"weight":0.0,"played":[0.0018,0.9982],"evs":[0.0,0.36105]},"62o":{"weight":0.0,"played":[0.4644,0.5356],"evs":[0.0,-0.02485]},"72o":{"weight":0.0,"played":[1.0,0.0],"evs":[0.0,-0.20275]},"82o":{"weight":0.0,"played":[0.9644,0.0356],"evs":[0.0,-0.18584]},"92o":{"weight":0.0,"played":[0.9956,0.0044],"evs":[0.0,-0.21644]},"T2o":{"weight":0.0,"played":[0.9973,0.0027],"evs":[0.0,-0.28354]},"J2o":{"weight":0.0,"played":[0.7633,0.2367],"evs":[0.0,-0.16781]},"Q2o":{"weight":0.0,"played":[0.0201,0.9799],"evs":[0.0,0.1686]},"K2o":{"weight":0.0,"played":[0.0,1.0],"evs":[0.0,0.6155]},"A2o":{"weight":0.0,"played":[3.0E-4,0.9997],"evs":[0.0,0.429]},"32s":{"weight":0.0,"played":[0.0,1.0],"evs":[0.0,1.09823]},"33":{"weight":0.0,"played":[0.0,1.0],"evs":[0.0,3.20063]},"43o":{"weight":0.0,"played":[1.0E-4,0.9999],"evs":[0.0,0.71059]},"53o":{"weight":0.0,"played":[0.0,1.0],"evs":[0.0,0.87102]},"63o":{"weight":0.0,"played":[0.0,1.0],"evs":[0.0,0.45599]},"73o":{"weight":0.0,"played":[0.0011,0.9989],"evs":[0.0,0.16524]},"83o":{"weight":0.0,"played":[0.9896,0.0104],"evs":[0.0,-0.27349]},"93o":{"weight":0.0,"played":[0.7433,0.2567],"evs":[0.0,-0.00824]},"T3o":{"weight":0.0,"played":[0.9991,9.0E-4],"evs":[0.0,-0.1325]},"J3o":{"weight":0.0,"played":[0.3766,0.6234],"evs":[0.0,0.01515]},"Q3o":{"weight":0.0,"played":[0.0,1.0],"evs":[0.0,0.16859]},"K3o":{"weight":0.0,"played":[0.0,1.0],"evs":[0.0,0.69314]},"A3o":{"weight":0.0,"played":[0.0,1.0],"evs":[0.0,0.62444]},"42s":{"weight":0.0,"played":[6.0E-4,0.9994],"evs":[0.0,1.13172]},"43s":{"weight":0.0,"played":[3.0E-4,0.9997],"evs":[0.0,1.57943]},"44":{"weight":0.0,"played":[0.0,1.0],"evs":[0.0,3.24472]},"54o":{"weight":0.0,"played":[0.0,1.0],"evs":[0.0,1.20508]},"64o":{"weight":0.0,"played":[0.0,1.0],"evs":[0.0,0.79025]},"74o":{"weight":0.0,"played":[0.0,1.0],"evs":[0.0,0.38496]},"84o":{"weight":0.0,"played":[0.0021,0.9979],"evs":[0.0,0.15141]},"94o":{"weight":0.0,"played":[0.9939,0.0061],"evs":[0.0,-0.20596]},"T4o":{"weight":0.0,"played":[0.9837,0.0163],"evs":[0.0,-0.12959]},"J4o":{"weight":0.0,"played":[0.6101,0.3899],"evs":[0.0,-0.05323]},"Q4o":{"weight":0.0,"played":[0.0,1.0],"evs":[0.0,0.34088]},"K4o":{"weight":0.0,"played":[0.0,1.0],"evs":[0.0,0.77964]},"A4o":{"weight":0.0,"played":[0.0,1.0],"evs":[0.0,0.67427]},"52s":{"weight":0.0,"played":[0.0,1.0],"evs":[0.0,1.16132]},"53s":{"weight":0.0,"played":[0.0,1.0],"evs":[0.0,1.65814]},"54s":{"weight":0.0,"played":[0.0,1.0],"evs":[0.0,1.6095]},"55":{"weight":0.0,"played":[0.0,1.0],"evs":[0.0,3.594]},"65o":{"weight":0.0,"played":[0.0,1.0],"evs":[0.0,1.2037]},"75o":{"weight":0.0,"played":[0.0,1.0],"evs":[0.0,0.87215]},"85o":{"weight":0.0,"played":[0.0,1.0],"evs":[0.0,0.56063]},"95o":{"weight":0.0,"played":[0.0,1.0],"evs":[0.0,0.23326]},"T5o":{"weight":0.0,"played":[0.4164,0.5836],"evs":[0.0,0.0244]},"J5o":{"weight":0.0,"played":[0.0759,0.9241],"evs":[0.0,0.10206]},"Q5o":{"weight":0.0,"played":[0.0,1.0],"evs":[0.0,0.49278]},"K5o":{"weight":0.0,"played":[0.0,1.0],"evs":[0.0,0.70686]},"A5o":{"weight":0.0109,"played":[0.0,1.0],"evs":[0.0,0.79192]},"62s":{"weight":0.0,"played":[7.0E-4,0.9993],"evs":[0.0,1.09673]},"63s":{"weight":0.0,"played":[0.0,1.0],"evs":[0.0,1.19985]},"64s":{"weight":0.0,"played":[0.0,1.0],"evs":[0.0,1.59915]},"65s":{"weight":0.0,"played":[0.0,1.0],"evs":[0.0,2.04457]},"66":{"weight":0.0,"played":[0.0,1.0],"evs":[0.0,3.37959]},"76o":{"weight":0.0,"played":[0.0,1.0],"evs":[0.0,1.11073]},"86o":{"weight":0.0,"played":[0.0,1.0],"evs":[0.0,0.80125]},"96o":{"weight":0.0,"played":[1.0E-4,0.9999],"evs":[0.0,0.5207]},"T6o":{"weight":0.0,"played":[5.0E-4,0.9995],"evs":[0.0,0.24925]},"J6o":{"weight":0.0,"played":[0.0,1.0],"evs":[0.0,0.185]},"Q6o":{"weight":0.0,"played":[0.0,1.0],"evs":[0.0,0.47445]},"K6o":{"weight":0.0,"played":[0.0,1.0],"evs":[0.0,0.73599]},"A6o":{"weight":0.0,"played":[0.0,1.0],"evs":[0.0,0.47096]},"72s":{"weight":0.0,"played":[0.0043,0.9957],"evs":[0.0,0.72412]},"73s":{"weight":0.0,"played":[0.0,1.0],"evs":[0.0,1.06167]},"74s":{"weight":0.0,"played":[0.0,1.0],"evs":[0.0,1.25766]},"75s":{"weight":0.0,"played":[0.0,1.0],"evs":[0.0,1.66597]},"76s":{"weight":0.0,"played":[0.0,1.0],"evs":[0.0,1.62371]},"77":{"weight":0.0,"played":[0.0,1.0],"evs":[0.0,3.71159]},"87o":{"weight":0.0,"played":[0.0,1.0],"evs":[0.0,0.8907]},"97o":{"weight":0.0,"played":[0.0,1.0],"evs":[0.0,0.74461]},"T7o":{"weight":0.0,"played":[0.0,1.0],"evs":[0.0,0.5033]},"J7o":{"weight":0.0,"played":[0.0,1.0],"evs":[0.0,0.27351]},"Q7o":{"weight":0.0,"played":[0.0,1.0],"evs":[0.0,0.40346]},"K7o":{"weight":0.0,"played":[0.0,1.0],"evs":[0.0,0.72325]},"A7o":{"weight":0.0028,"played":[0.0,1.0],"evs":[0.0,0.4302]},"82s":{"weight":0.0,"played":[0.0022,0.9978],"evs":[0.0,0.57029]},"83s":{"weight":0.0,"played":[0.0,1.0],"evs":[0.0,0.96687]},"84s":{"weight":0.0,"played":[0.0,1.0],"evs":[0.0,1.08277]},"85s":{"weight":0.0,"played":[0.0,1.0],"evs":[0.0,1.29545]},"86s":{"weight":0.0,"played":[0.0,1.0],"evs":[0.0,1.64558]},"87s":{"weight":0.0,"played":[0.0,1.0],"evs":[0.0,1.89684]},"88":{"weight":1.0E-4,"played":[0.0,1.0],"evs":[0.0,3.60321]},"98o":{"weight":0.0,"played":[0.0,1.0],"evs":[0.0,0.80417]},"T8o":{"weight":0.0,"played":[0.0,1.0],"evs":[0.0,0.75112]},"J8o":{"weight":0.0,"played":[0.0,1.0],"evs":[0.0,0.53345]},"Q8o":{"weight":0.0,"played":[0.0,1.0],"evs":[0.0,0.57214]},"K8o":{"weight":0.0,"played":[0.0,1.0],"evs":[0.0,0.69061]},"A8o":{"weight":0.2795,"played":[0.0,1.0],"evs":[0.0,0.28942]},"92s":{"weight":0.0,"played":[0.0,1.0],"evs":[0.0,0.82684]},"93s":{"weight":0.0,"played":[0.0,1.0],"evs":[0.0,0.70832]},"94s":{"weight":0.0,"played":[0.0,1.0],"evs":[0.0,0.44548]},"95s":{"weight":0.0,"played":[0.0,1.0],"evs":[0.0,1.17995]},"96s":{"weight":0.0,"played":[0.0,1.0],"evs":[0.0,1.42275]},"97s":{"weight":0.0,"played":[0.0,1.0],"evs":[0.0,1.53849]},"98s":{"weight":0.0,"played":[0.0,1.0],"evs":[0.0,1.76129]},"99":{"weight":0.0,"played":[0.0,1.0],"evs":[0.0,3.88956]},"T9o":{"weight":0.0,"played":[0.0,1.0],"evs":[0.0,0.854]},"J9o":{"weight":0.0,"played":[0.0,1.0],"evs":[0.0,0.59889]},"Q9o":{"weight":0.0,"played":[0.0,1.0],"evs":[0.0,0.64677]},"K9o":{"weight":0.0,"played":[0.0,1.0],"evs":[0.0,0.80196]},"A9o":{"weight":0.6142,"played":[0.0,1.0],"evs":[0.0,0.25933]},"T2s":{"weight":0.0,"played":[0.0,1.0],"evs":[0.0,0.5302]},"T3s":{"weight":0.0,"played":[6.0E-4,0.9994],"evs":[0.0,0.52768]},"T4s":{"weight":0.0,"played":[1.0E-4,0.9999],"evs":[0.0,0.63547]},"T5s":{"weight":0.0,"played":[0.0,1.0],"evs":[0.0,0.84753]},"T6s":{"weight":0.0,"played":[0.0,1.0],"evs":[0.0,1.14531]},"T7s":{"weight":0.0,"played":[0.0,1.0],"evs":[0.0,1.35345]},"T8s":{"weight":0.0,"played":[0.0,1.0],"evs":[0.0,1.37449]},"T9s":{"weight":0.0,"played":[0.0,1.0],"evs":[0.0,1.67106]},"TT":{"weight":1.0E-4,"played":[0.0,1.0],"evs":[0.0,5.09133]},"JTo":{"weight":0.0,"played":[0.0,1.0],"evs":[0.0,1.01048]},"QTo":{"weight":0.0,"played":[0.0,1.0],"evs":[0.0,1.13863]},"KTo":{"weight":3.0E-4,"played":[0.0,1.0],"evs":[0.0,1.10739]},"ATo":{"weight":0.1648,"played":[0.0,1.0],"evs":[0.0,0.68338]},"J2s":{"weight":0.0,"played":[0.0,1.0],"evs":[0.0,0.64176]},"J3s":{"weight":0.0,"played":[3.0E-4,0.9997],"evs":[0.0,0.80275]},"J4s":{"weight":0.0,"played":[0.0,1.0],"evs":[0.0,0.59957]},"J5s":{"weight":0.0,"played":[0.0,1.0],"evs":[0.0,0.93079]},"J6s":{"weight":0.0,"played":[0.0,1.0],"evs":[0.0,0.81498]},"J7s":{"weight":0.0,"played":[0.0,1.0],"evs":[0.0,0.99269]},"J8s":{"weight":0.0,"played":[0.0,1.0],"evs":[0.0,1.09641]},"J9s":{"weight":0.0,"played":[0.0,1.0],"evs":[0.0,1.45378]},"JTs":{"weight":1.0E-4,"played":[0.0,1.0],"evs":[0.0,1.78002]},"JJ":{"weight":0.225,"played":[0.0,1.0],"evs":[0.0,6.47267]},"QJo":{"weight":0.0,"played":[0.0,1.0],"evs":[0.0,0.9319]},"KJo":{"weight":0.0961,"played":[0.0,1.0],"evs":[0.0,1.04284]},"AJo":{"weight":1.0E-4,"played":[0.0,1.0],"evs":[0.0,2.0636]},"Q2s":{"weight":0.0,"played":[1.0E-4,0.9999],"evs":[0.0,1.06607]},"Q3s":{"weight":0.0,"played":[1.0E-4,0.9999],"evs":[0.0,1.28472]},"Q4s":{"weight":0.0,"played":[0.0,1.0],"evs":[0.0,1.24619]},"Q5s":{"weight":0.0,"played":[0.0,1.0],"evs":[0.0,1.3263]},"Q6s":{"weight":0.0,"played":[0.0,1.0],"evs":[0.0,1.14047]},"Q7s":{"weight":0.0,"played":[0.0,1.0],"evs":[0.0,1.41334]},"Q8s":{"weight":0.0,"played":[0.0,1.0],"evs":[0.0,1.36184]},"Q9s":{"weight":0.0,"played":[0.0,1.0],"evs":[0.0,1.68405]},"QTs":{"weight":2.0E-4,"played":[0.0,1.0],"evs":[0.0,1.94316]},"QJs":{"weight":0.0,"played":[0.0,1.0],"evs":[0.0,1.75499]},"QQ":{"weight":0.9954,"played":[0.0,1.0],"evs":[0.0,8.23995]},"KQo":{"weight":0.4896,"played":[0.0,1.0],"evs":[0.0,1.4928]},"AQo":{"weight":7.0E-4,"played":[0.0,1.0],"evs":[0.0,4.30346]},"K2s":{"weight":0.0,"played":[0.0,1.0],"evs":[0.0,1.358]},"K3s":{"weight":0.0,"played":[0.0,1.0],"evs":[0.0,1.47223]},"K4s":{"weight":0.0,"played":[0.0,1.0],"evs":[0.0,1.45708]},"K5s":{"weight":0.0,"played":[0.0,1.0],"evs":[0.0,1.59799]},"K6s":{"weight":0.0,"played":[2.0E-4,0.9998],"evs":[0.0,1.49609]},"K7s":{"weight":0.0,"played":[0.0,1.0],"evs":[0.0,1.83216]},"K8s":{"weight":0.0,"played":[0.0,1.0],"evs":[0.0,1.77287]},"K9s":{"weight":0.1794,"played":[0.0,1.0],"evs":[0.0,1.75892]},"KTs":{"weight":0.0573,"played":[0.0,1.0],"evs":[0.0,2.1797]},"KJs":{"weight":0.2887,"played":[0.0,1.0],"evs":[0.0,2.02691]},"KQs":{"weight":0.0105,"played":[0.0,1.0],"evs":[0.0,2.22069]},"KK":{"weight":0.4964,"played":[0.0,1.0],"evs":[0.0,10.01463]},"AKo":{"weight":0.2591,"played":[0.0,1.0],"evs":[0.0,6.64153]},"A2s":{"weight":0.0,"played":[0.0,1.0],"evs":[0.0,1.46399]},"A3s":{"weight":0.0,"played":[0.0,1.0],"evs":[0.0,1.53593]},"A4s":{"weight":0.0,"played":[0.0,1.0],"evs":[0.0,1.67347]},"A5s":{"weight":4.0E-4,"played":[0.0,1.0],"evs":[0.0,1.70032]},"A6s":{"weight":0.1044,"played":[0.0,1.0],"evs":[0.0,1.38372]},"A7s":{"weight":0.2259,"played":[0.0,1.0],"evs":[0.0,1.35871]},"A8s":{"weight":0.2929,"played":[0.0,1.0],"evs":[0.0,1.16571]},"A9s":{"weight":0.0126,"played":[0.0,1.0],"evs":[0.0,1.18976]},"ATs":{"weight":0.0,"played":[0.0,1.0],"evs":[0.0,1.49459]},"AJs":{"weight":0.0147,"played":[0.0,1.0],"evs":[0.0,2.71869]},"AQs":{"weight":0.3703,"played":[0.0,1.0],"evs":[0.0,4.90146]},"AKs":{"weight":0.9422,"played":[0.0,1.0],"evs":[0.0,7.13285]},"AA":{"weight":0.0,"played":[0.0,1.0],"evs":[0.0,14.01679]}}}