{"player":2,"street":0,"children":2,"sequence":[{"player":0,"type":"F","amount":0,"street":0},{"player":1,"type":"F","amount":0,"street":0},{"player":2,"type":"R","amount":200000,"street":0},{"player":3,"type":"R","amount":2335000,"street":0},{"player":4,"type":"C","amount":1295000,"street":0},{"player":5,"type":"C","amount":2235000,"street":0}],"actions":[{"type":"F","amount":0},{"type":"C","amount":1205000}],"hands":{"22":{"weight":0.0031,"played":[0.9938,0.0062],"evs":[0.0,-0.92635]},"32o":{"weight":0.0,"played":[0.9995,5.0E-4],"evs":[0.0,-2.90942]},"42o":{"weight":0.0,"played":[0.9998,2.0E-4],"evs":[0.0,-2.91959]},"52o":{"weight":0.0,"played":[1.0,0.0],"evs":[0.0,-2.64617]},"62o":{"weight":0.0,"played":[0.9998,2.0E-4],"evs":[0.0,-3.2048]},"72o":{"weight":0.0,"played":[0.9999,1.0E-4],"evs":[0.0,-3.72331]},"82o":{"weight":0.0,"played":[1.0,0.0],"evs":[0.0,-4.02261]},"92o":{"weight":0.0,"played":[0.9999,1.0E-4],"evs":[0.0,-3.46105]},"T2o":{"weight":0.0,"played":[1.0,0.0],"evs":[0.0,-3.47527]},"J2o":{"weight":0.0,"played":[1.0,0.0],"evs":[0.0,-3.39155]},"Q2o":{"weight":0.0,"played":[0.9999,1.0E-4],"evs":[0.0,-3.44854]},"K2o":{"weight":0.0,"played":[1.0,0.0],"evs":[0.0,-3.2382]},"A2o":{"weight":0.0,"played":[0.9992,8.0E-4],"evs":[0.0,-3.65468]},"32s":{"weight":0.0,"played":[0.9958,0.0042],"evs":[0.0,-1.2044]},"33":{"weight":0.2315,"played":[0.9919,0.0081],"evs":[0.0,-0.79172]},"43o":{"weight":0.0,"played":[1.0,0.0],"evs":[0.0,-2.37933]},"53o":{"weight":0.0,"played":[0.9885,0.0115],"evs":[0.0,-2.14692]},"63o":{"weight":0.0,"played":[0.9997,3.0E-4],"evs":[0.0,-2.43794]},"73o":{"weight":0.0,"played":[1.0,0.0],"evs":[0.0,-3.65265]},"83o":{"weight":0.0,"played":[0.9994,6.0E-4],"evs":[0.0,-3.80856]},"93o":{"weight":0.0,"played":[1.0,0.0],"evs":[0.0,-3.52825]},"T3o":{"weight":0.0,"played":[0.9999,1.0E-4],"evs":[0.0,-3.03698]},"J3o":{"weight":0.0,"played":[1.0,0.0],"evs":[0.0,-3.53648]},"Q3o":{"weight":0.0,"played":[1.0,0.0],"evs":[0.0,-3.22254]},"K3o":{"weight":0.0,"played":[0.9999,1.0E-4],"evs":[0.0,-2.80842]},"A3o":{"weight":0.1813,"played":[0.9998,2.0E-4],"evs":[0.0,-3.27376]},"42s":{"weight":0.0,"played":[0.9993,7.0E-4],"evs":[0.0,-1.57457]},"43s":{"weight":0.0,"played":[0.4743,0.5257],"evs":[0.0,0.35179]},"44":{"weight":0.0211,"played":[0.9825,0.0175],"evs":[0.0,-1.17384]},"54o":{"weight":0.0,"played":[0.9998,2.0E-4],"evs":[0.0,-1.6572]},"64o":{"weight":0.0,"played":[1.0,0.0],"evs":[0.0,-1.701]},"74o":{"weight":0.0,"played":[1.0,0.0],"evs":[0.0,-2.30606]},"84o":{"weight":0.0,"played":[0.9995,5.0E-4],"evs":[0.0,-2.9663]},"94o":{"weight":0.0,"played":[0.9999,1.0E-4],"evs":[0.0,-3.08142]},"T4o":{"weight":0.0,"played":[1.0,0.0],"evs":[0.0,-3.0179]},"J4o":{"weight":0.0,"played":[1.0,0.0],"evs":[0.0,-3.42681]},"Q4o":{"weight":0.0,"played":[0.9999,1.0E-4],"evs":[0.0,-3.11198]},"K4o":{"weight":0.0,"played":[0.9999,1.0E-4],"evs":[0.0,-2.70498]},"A4o":{"weight":1.0,"played":[0.9998,2.0E-4],"evs":[0.0,-3.64698]},"52s":{"weight":0.0,"played":[0.9989,0.0011],"evs":[0.0,-1.63432]},"53s":{"weight":0.0,"played":[0.8518,0.1482],"evs":[0.0,-0.32068]},"54s":{"weight":0.0,"played":[0.9232,0.0768],"evs":[0.0,-0.48986]},"55":{"weight":0.0,"played":[0.9747,0.0253],"evs":[0.0,-0.35752]},"65o":{"weight":0.0,"played":[0.998,0.002],"evs":[0.0,-1.49684]},"75o":{"weight":0.0,"played":[0.9992,8.0E-4],"evs":[0.0,-1.73351]},"85o":{"weight":0.0,"played":[0.9999,1.0E-4],"evs":[0.0,-2.32172]},"95o":{"weight":0.0,"played":[0.999,0.001],"evs":[0.0,-2.44211]},"T5o":{"weight":0.0,"played":[1.0,0.0],"evs":[0.0,-3.01721]},"J5o":{"weight":0.0,"played":[0.9998,2.0E-4],"evs":[0.0,-3.02838]},"Q5o":{"weight":0.0,"played":[1.0,0.0],"evs":[0.0,-2.9133]},"K5o":{"weight":0.0,"played":[1.0,0.0],"evs":[0.0,-2.62355]},"A5o":{"weight":0.0,"played":[0.9993,7.0E-4],"evs":[0.0,-3.05015]},"62s":{"weight":0.0,"played":[0.999,0.001],"evs":[0.0,-1.24721]},"63s":{"weight":0.0,"played":[0.9956,0.0044],"evs":[0.0,-0.92842]},"64s":{"weight":0.0,"played":[0.861,0.139],"evs":[0.0,-0.7044]},"65s":{"weight":0.0,"played":[0.1855,0.8145],"evs":[0.0,0.5682]},"66":{"weight":0.0,"played":[0.7873,0.2127],"evs":[0.0,-0.18212]},"76o":{"weight":0.0,"played":[0.9984,0.0016],"evs":[0.0,-1.30021]},"86o":{"weight":0.0,"played":[1.0,0.0],"evs":[0.0,-1.75571]},"96o":{"weight":0.0,"played":[0.9998,2.0E-4],"evs":[0.0,-2.53813]},"T6o":{"weight":0.0,"played":[0.9999,1.0E-4],"evs":[0.0,-2.39003]},"J6o":{"weight":0.0,"played":[1.0,0.0],"evs":[0.0,-2.9443]},"Q6o":{"weight":0.0,"played":[0.9998,2.0E-4],"evs":[0.0,-3.16487]},"K6o":{"weight":0.0,"played":[0.9999,1.0E-4],"evs":[0.0,-2.77412]},"A6o":{"weight":0.1314,"played":[1.0,0.0],"evs":[0.0,-4.26203]},"72s":{"weight":0.0,"played":[0.9996,4.0E-4],"evs":[0.0,-2.68043]},"73s":{"weight":0.0,"played":[0.9966,0.0034],"evs":[0.0,-1.26108]},"74s":{"weight":0.0,"played":[0.9982,0.0018],"evs":[0.0,-1.59117]},"75s":{"weight":0.0,"played":[0.9399,0.0601],"evs":[0.0,-0.26746]},"76s":{"weight":0.0,"played":[0.1313,0.8687],"evs":[0.0,0.48235]},"77":{"weight":0.0,"played":[0.3357,0.6643],"evs":[0.0,0.19502]},"87o":{"weight":0.0,"played":[0.9999,1.0E-4],"evs":[0.0,-1.3387]},"97o":{"weight":0.0,"played":[0.9994,6.0E-4],"evs":[0.0,-1.93312]},"T7o":{"weight":0.0,"played":[0.9999,1.0E-4],"evs":[0.0,-2.11809]},"J7o":{"weight":0.0,"played":[0.9999,1.0E-4],"evs":[0.0,-2.59123]},"Q7o":{"weight":0.0,"played":[0.9995,5.0E-4],"evs":[0.0,-2.79727]},"K7o":{"weight":0.0,"played":[0.9994,6.0E-4],"evs":[0.0,-2.37887]},"A7o":{"weight":0.0943,"played":[0.9995,5.0E-4],"evs":[0.0,-3.8473]},"82s":{"weight":0.0,"played":[0.9931,0.0069],"evs":[0.0,-1.69918]},"83s":{"weight":0.0,"played":[0.9973,0.0027],"evs":[0.0,-2.03388]},"84s":{"weight":0.0,"played":[0.9994,6.0E-4],"evs":[0.0,-1.31679]},"85s":{"weight":0.0,"played":[0.9939,0.0061],"evs":[0.0,-1.01548]},"86s":{"weight":0.0,"played":[0.5792,0.4208],"evs":[0.0,-0.2163]},"87s":{"weight":0.0,"played":[0.0697,0.9303],"evs":[0.0,0.55861]},"88":{"weight":0.1468,"played":[0.0151,0.9849],"evs":[0.0,1.15867]},"98o":{"weight":0.0,"played":[1.0,0.0],"evs":[0.0,-1.83192]},"T8o":{"weight":0.0,"played":[0.9968,0.0032],"evs":[0.0,-1.47641]},"J8o":{"weight":0.0,"played":[0.9973,0.0027],"evs":[0.0,-1.86359]},"Q8o":{"weight":0.0,"played":[0.9998,2.0E-4],"evs":[0.0,-2.41859]},"K8o":{"weight":0.0,"played":[0.9991,9.0E-4],"evs":[0.0,-2.37327]},"A8o":{"weight":8.0E-4,"played":[0.995,0.005],"evs":[0.0,-3.5989]},"92s":{"weight":0.0,"played":[0.9996,4.0E-4],"evs":[0.0,-1.935]},"93s":{"weight":0.0,"played":[0.9971,0.0029],"evs":[0.0,-1.85432]},"94s":{"weight":0.0,"played":[0.9799,0.0201],"evs":[0.0,-2.03016]},"95s":{"weight":0.0,"played":[0.9307,0.0693],"evs":[0.0,-0.61856]},"96s":{"weight":0.0,"played":[0.9996,4.0E-4],"evs":[0.0,-0.2695]},"97s":{"weight":0.0,"played":[0.9806,0.0194],"evs":[0.0,-1.28933]},"98s":{"weight":0.7976,"played":[0.7298,0.2702],"evs":[0.0,-0.22195]},"99":{"weight":0.0593,"played":[0.0,1.0],"evs":[0.0,2.22189]},"T9o":{"weight":0.0,"played":[0.9999,1.0E-4],"evs":[0.0,-0.50192]},"J9o":{"weight":0.0,"played":[0.997,0.003],"evs":[0.0,-1.21044]},"Q9o":{"weight":0.0,"played":[0.9975,0.0025],"evs":[0.0,-1.93533]},"K9o":{"weight":5.0E-4,"played":[0.9999,1.0E-4],"evs":[0.0,-1.677]},"A9o":{"weight":0.0,"played":[0.9996,4.0E-4],"evs":[0.0,-2.99686]},"T2s":{"weight":0.0,"played":[0.9849,0.0151],"evs":[0.0,-1.90414]},"T3s":{"weight":0.0,"played":[0.9881,0.0119],"evs":[0.0,-1.49039]},"T4s":{"weight":0.0,"played":[0.9926,0.0074],"evs":[0.0,-0.79005]},"T5s":{"weight":0.0,"played":[0.9367,0.0633],"evs":[0.0,-1.54679]},"T6s":{"weight":0.0,"played":[0.8015,0.1985],"evs":[0.0,-0.57446]},"T7s":{"weight":0.0,"played":[0.6645,0.3355],"evs":[0.0,-0.75567]},"T8s":{"weight":4.0E-4,"played":[0.7965,0.2035],"evs":[0.0,-0.91294]},"T9s":{"weight":0.4374,"played":[0.3569,0.6431],"evs":[0.0,0.18911]},"TT":{"weight":0.8629,"played":[0.0,1.0],"evs":[0.0,3.24765]},"JTo":{"weight":0.237,"played":[0.9901,0.0099],"evs":[0.0,-0.9364]},"QTo":{"weight":0.7046,"played":[0.9944,0.0056],"evs":[0.0,-1.48539]},"KTo":{"weight":0.6676,"played":[0.9808,0.0192],"evs":[0.0,-0.83717]},"ATo":{"weight":0.0,"played":[0.9977,0.0023],"evs":[0.0,-2.58633]},"J2s":{"weight":0.0,"played":[0.9977,0.0023],"evs":[0.0,-2.04566]},"J3s":{"weight":0.0,"played":[0.9921,0.0079],"evs":[0.0,-1.3185]},"J4s":{"weight":0.0,"played":[0.9999,1.0E-4],"evs":[0.0,-2.28215]},"J5s":{"weight":0.0,"played":[0.9983,0.0017],"evs":[0.0,-1.4216]},"J6s":{"weight":0.0,"played":[0.9751,0.0249],"evs":[0.0,-1.07449]},"J7s":{"weight":0.0,"played":[0.896,0.104],"evs":[0.0,-0.96706]},"J8s":{"weight":0.4985,"played":[0.9677,0.0323],"evs":[0.0,-0.95897]},"J9s":{"weight":0.9962,"played":[0.2089,0.7911],"evs":[0.0,0.52137]},"JTs":{"weight":0.001,"played":[0.405,0.595],"evs":[0.0,0.55458]},"JJ":{"weight":1.0,"played":[0.0,1.0],"evs":[0.0,4.73714]},"QJo":{"weight":0.3613,"played":[0.9945,0.0055],"evs":[0.0,-0.98656]},"KJo":{"weight":0.0,"played":[0.9656,0.0344],"evs":[0.0,-1.00814]},"AJo":{"weight":0.0,"played":[0.9976,0.0024],"evs":[0.0,-1.52813]},"Q2s":{"weight":0.0,"played":[0.9936,0.0064],"evs":[0.0,-1.87251]},"Q3s":{"weight":0.0,"played":[1.0,0.0],"evs":[0.0,-1.99318]},"Q4s":{"weight":0.0,"played":[0.9818,0.0182],"evs":[0.0,-1.41428]},"Q5s":{"weight":0.0,"played":[0.9984,0.0016],"evs":[0.0,-1.47089]},"Q6s":{"weight":0.0,"played":[0.9772,0.0228],"evs":[0.0,-0.89431]},"Q7s":{"weight":0.0,"played":[0.9892,0.0108],"evs":[0.0,-1.40038]},"Q8s":{"weight":0.7221,"played":[0.9405,0.0595],"evs":[0.0,-1.26405]},"Q9s":{"weight":0.9858,"played":[0.801,0.199],"evs":[0.0,-0.54718]},"QTs":{"weight":0.0952,"played":[0.1194,0.8806],"evs":[0.0,0.27445]},"QJs":{"weight":0.0845,"played":[0.3072,0.6928],"evs":[0.0,0.32299]},"QQ":{"weight":1.0,"played":[0.0,1.0],"evs":[0.0,7.89851]},"KQo":{"weight":0.0,"played":[0.9672,0.0328],"evs":[0.0,-0.51407]},"AQo":{"weight":0.0,"played":[0.6126,0.3874],"evs":[0.0,-0.34835]},"K2s":{"weight":0.0,"played":[0.9983,0.0017],"evs":[0.0,-1.44434]},"K3s":{"weight":0.0,"played":[0.9995,5.0E-4],"evs":[0.0,-0.9903]},"K4s":{"weight":0.0,"played":[0.8027,0.1973],"evs":[0.0,-0.61861]},"K5s":{"weight":0.1815,"played":[0.9977,0.0023],"evs":[0.0,-0.9483]},"K6s":{"weight":0.7365,"played":[0.997,0.003],"evs":[0.0,-0.92456]},"K7s":{"weight":1.0,"played":[0.9882,0.0118],"evs":[0.0,-0.88661]},"K8s":{"weight":1.0,"played":[0.9741,0.0259],"evs":[0.0,-0.7452]},"K9s":{"weight":0.5813,"played":[0.9972,0.0028],"evs":[0.0,-0.71909]},"KTs":{"weight":0.2762,"played":[0.68,0.32],"evs":[0.0,-0.50642]},"KJs":{"weight":0.2327,"played":[0.8248,0.1752],"evs":[0.0,-0.52504]},"KQs":{"weight":0.0096,"played":[0.0561,0.9439],"evs":[0.0,1.25111]},"KK":{"weight":1.0,"played":[0.0,1.0],"evs":[0.0,11.28781]},"AKo":{"weight":0.114,"played":[0.0,1.0],"evs":[0.0,2.03447]},"A2s":{"weight":0.0,"played":[0.9999,1.0E-4],"evs":[0.0,-2.22668]},"A3s":{"weight":0.0,"played":[0.9895,0.0105],"evs":[0.0,-2.53674]},"A4s":{"weight":0.0,"played":[0.9729,0.0271],"evs":[0.0,-1.9353]},"A5s":{"weight":0.0,"played":[0.9756,0.0244],"evs":[0.0,-1.42225]},"A6s":{"weight":0.0,"played":[0.981,0.019],"evs":[0.0,-1.977]},"A7s":{"weight":0.2787,"played":[0.9993,7.0E-4],"evs":[0.0,-1.39941]},"A8s":{"weight":0.5372,"played":[0.972,0.028],"evs":[0.0,-2.08727]},"A9s":{"weight":0.4195,"played":[0.9879,0.0121],"evs":[0.0,-1.51014]},"ATs":{"weight":0.0349,"played":[0.6983,0.3017],"evs":[0.0,0.02635]},"AJs":{"weight":0.2226,"played":[0.9237,0.0763],"evs":[0.0,-0.52411]},"AQs":{"weight":0.9993,"played":[0.0,1.0],"evs":[0.0,1.01058]},"AKs":{"weight":1.0,"played":[0.0089,0.9911],"evs":[0.0,3.13937]},"AA":{"weight":1.0,"played":[0.0,1.0],"evs":[0.0,15.87415]}}}