{"player":4,"street":0,"children":3,"sequence":[{"player":0,"type":"F","amount":0,"street":0},{"player":1,"type":"F","amount":0,"street":0},{"player":2,"type":"F","amount":0,"street":0},{"player":3,"type":"R","amount":200000,"street":0}],"actions":[{"type":"F","amount":0,"node":9},{"type":"C","amount":150000,"node":11},{"type":"R","amount":1345000,"node":15}],"hands":{"22":{"weight":1.0,"played":[0.0,0.4751,0.5249],"evs":[0.0,0.08417,0.08667]},"32o":{"weight":1.0,"played":[1.0,0.0,0.0],"evs":[0.0,-0.48485,-2.54404]},"42o":{"weight":1.0,"played":[1.0,0.0,0.0],"evs":[0.0,-0.4501,-2.455]},"52o":{"weight":1.0,"played":[1.0,0.0,0.0],"evs":[0.0,-0.42416,-2.35918]},"62o":{"weight":1.0,"played":[1.0,0.0,0.0],"evs":[0.0,-0.50156,-2.53579]},"72o":{"weight":1.0,"played":[1.0,0.0,0.0],"evs":[0.0,-0.56543,-2.64891]},"82o":{"weight":1.0,"played":[1.0,0.0,0.0],"evs":[0.0,-0.5548,-2.50738]},"92o":{"weight":1.0,"played":[1.0,0.0,0.0],"evs":[0.0,-0.54809,-2.39802]},"T2o":{"weight":1.0,"played":[1.0,0.0,0.0],"evs":[0.0,-0.50562,-2.19242]},"J2o":{"weight":1.0,"played":[1.0,0.0,0.0],"evs":[0.0,-0.46569,-1.94931]},"Q2o":{"weight":1.0,"played":[1.0,0.0,0.0],"evs":[0.0,-0.41366,-1.61074]},"K2o":{"weight":1.0,"played":[1.0,0.0,0.0],"evs":[0.0,-0.34658,-1.18874]},"A2o":{"weight":1.0,"played":[0.0,0.063,0.937],"evs":[0.0,0.08787,0.09024]},"32s":{"weight":1.0,"played":[1.0,0.0,0.0],"evs":[0.0,-0.29815,-1.88509]},"33":{"weight":1.0,"played":[0.0,0.0,1.0],"evs":[0.0,0.21981,0.2736]},"43o":{"weight":1.0,"played":[1.0,0.0,0.0],"evs":[0.0,-0.37295,-2.20715]},"53o":{"weight":1.0,"played":[1.0,0.0,0.0],"evs":[0.0,-0.34527,-2.12111]},"63o":{"weight":1.0,"played":[1.0,0.0,0.0],"evs":[0.0,-0.412,-2.28177]},"73o":{"weight":1.0,"played":[1.0,0.0,0.0],"evs":[0.0,-0.48785,-2.39439]},"83o":{"weight":1.0,"played":[1.0,0.0,0.0],"evs":[0.0,-0.5534,-2.49623]},"93o":{"weight":1.0,"played":[1.0,0.0,0.0],"evs":[0.0,-0.5346,-2.32838]},"T3o":{"weight":1.0,"played":[1.0,0.0,0.0],"evs":[0.0,-0.48674,-2.12216]},"J3o":{"weight":1.0,"played":[1.0,0.0,0.0],"evs":[0.0,-0.44543,-1.88435]},"Q3o":{"weight":1.0,"played":[1.0,0.0,0.0],"evs":[0.0,-0.39791,-1.53833]},"K3o":{"weight":1.0,"played":[1.0,0.0,0.0],"evs":[0.0,-0.32544,-1.11798]},"A3o":{"weight":1.0,"played":[0.0,0.3098,0.6902],"evs":[0.0,0.15411,0.15603]},"42s":{"weight":1.0,"played":[1.0,0.0,0.0],"evs":[0.0,-0.26266,-1.80444]},"43s":{"weight":1.0,"played":[1.0,0.0,0.0],"evs":[0.0,-0.17752,-1.56774]},"44":{"weight":1.0,"played":[0.0,0.0,1.0],"evs":[0.0,0.4216,0.54665]},"54o":{"weight":1.0,"played":[1.0,0.0,0.0],"evs":[0.0,-0.27633,-1.8725]},"64o":{"weight":1.0,"played":[1.0,0.0,0.0],"evs":[0.0,-0.33334,-2.03459]},"74o":{"weight":1.0,"played":[1.0,0.0,0.0],"evs":[0.0,-0.40604,-2.14018]},"84o":{"weight":1.0,"played":[1.0,0.0,0.0],"evs":[0.0,-0.47314,-2.2368]},"94o":{"weight":1.0,"played":[1.0,0.0,0.0],"evs":[0.0,-0.51766,-2.30972]},"T4o":{"weight":1.0,"played":[1.0,0.0,0.0],"evs":[0.0,-0.47196,-2.05738]},"J4o":{"weight":1.0,"played":[1.0,0.0,0.0],"evs":[0.0,-0.42476,-1.80784]},"Q4o":{"weight":1.0,"played":[1.0,0.0,0.0],"evs":[0.0,-0.37757,-1.46973]},"K4o":{"weight":1.0,"played":[1.0,0.0,0.0],"evs":[0.0,-0.3001,-1.0372]},"A4o":{"weight":1.0,"played":[0.0,0.0,1.0],"evs":[0.0,0.22346,0.24961]},"52s":{"weight":1.0,"played":[1.0,0.0,0.0],"evs":[0.0,-0.23033,-1.70232]},"53s":{"weight":1.0,"played":[1.0,0.0,0.0],"evs":[0.0,-0.14751,-1.47751]},"54s":{"weight":1.0,"played":[0.9997,3.0E-4,0.0],"evs":[0.0,-0.07251,-1.23686]},"55":{"weight":1.0,"played":[0.0,0.0,1.0],"evs":[0.0,0.68969,0.89072]},"65o":{"weight":1.0,"played":[1.0,0.0,0.0],"evs":[0.0,-0.25089,-1.77751]},"75o":{"weight":1.0,"played":[1.0,0.0,0.0],"evs":[0.0,-0.31128,-1.86995]},"85o":{"weight":1.0,"played":[1.0,0.0,0.0],"evs":[0.0,-0.38331,-1.95766]},"95o":{"weight":1.0,"played":[1.0,0.0,0.0],"evs":[0.0,-0.44605,-2.0339]},"T5o":{"weight":1.0,"played":[1.0,0.0,0.0],"evs":[0.0,-0.45754,-2.00606]},"J5o":{"weight":1.0,"played":[1.0,0.0,0.0],"evs":[0.0,-0.40046,-1.70936]},"Q5o":{"weight":1.0,"played":[1.0,0.0,0.0],"evs":[0.0,-0.35282,-1.36053]},"K5o":{"weight":1.0,"played":[1.0,0.0,0.0],"evs":[0.0,-0.27223,-0.92898]},"A5o":{"weight":1.0,"played":[0.0,0.0,1.0],"evs":[0.0,0.31184,0.40072]},"62s":{"weight":1.0,"played":[1.0,0.0,0.0],"evs":[0.0,-0.29932,-1.86647]},"63s":{"weight":1.0,"played":[1.0,0.0,0.0],"evs":[0.0,-0.21331,-1.64414]},"64s":{"weight":1.0,"played":[1.0,0.0,0.0],"evs":[0.0,-0.12691,-1.38606]},"65s":{"weight":1.0,"played":[1.0,0.0,0.0],"evs":[0.0,-0.03915,-1.1368]},"66":{"weight":1.0,"played":[0.0,0.0,1.0],"evs":[0.0,0.91371,1.27496]},"76o":{"weight":1.0,"played":[1.0,0.0,0.0],"evs":[0.0,-0.25676,-1.60548]},"86o":{"weight":1.0,"played":[1.0,0.0,0.0],"evs":[0.0,-0.31286,-1.67746]},"96o":{"weight":1.0,"played":[1.0,0.0,0.0],"evs":[0.0,-0.37372,-1.73881]},"T6o":{"weight":1.0,"played":[1.0,0.0,0.0],"evs":[0.0,-0.39436,-1.71227]},"J6o":{"weight":1.0,"played":[1.0,0.0,0.0],"evs":[0.0,-0.3943,-1.64355]},"Q6o":{"weight":1.0,"played":[1.0,0.0,0.0],"evs":[0.0,-0.34206,-1.23296]},"K6o":{"weight":1.0,"played":[1.0,0.0,0.0],"evs":[0.0,-0.25371,-0.78533]},"A6o":{"weight":1.0,"played":[0.0,0.0,1.0],"evs":[0.0,0.25733,0.47064]},"72s":{"weight":1.0,"played":[1.0,0.0,0.0],"evs":[0.0,-0.35425,-1.9685]},"73s":{"weight":1.0,"played":[1.0,0.0,0.0],"evs":[0.0,-0.29052,-1.74065]},"74s":{"weight":1.0,"played":[1.0,0.0,0.0],"evs":[0.0,-0.19628,-1.4944]},"75s":{"weight":1.0,"played":[1.0,0.0,0.0],"evs":[0.0,-0.08985,-1.22881]},"76s":{"weight":1.0,"played":[1.0,0.0,0.0],"evs":[0.0,-0.05406,-0.99634]},"77":{"weight":1.0,"played":[0.0,0.0,1.0],"evs":[0.0,1.12003,1.70138]},"87o":{"weight":1.0,"played":[1.0,0.0,0.0],"evs":[0.0,-0.2794,-1.43291]},"97o":{"weight":1.0,"played":[1.0,0.0,0.0],"evs":[0.0,-0.32324,-1.481]},"T7o":{"weight":1.0,"played":[1.0,0.0,0.0],"evs":[0.0,-0.33071,-1.45682]},"J7o":{"weight":1.0,"played":[1.0,0.0,0.0],"evs":[0.0,-0.33115,-1.36939]},"Q7o":{"weight":1.0,"played":[1.0,0.0,0.0],"evs":[0.0,-0.31919,-1.16093]},"K7o":{"weight":1.0,"played":[1.0,0.0,0.0],"evs":[0.0,-0.21908,-0.64071]},"A7o":{"weight":1.0,"played":[0.0,0.0,1.0],"evs":[0.0,0.39691,0.77147]},"82s":{"weight":1.0,"played":[1.0,0.0,0.0],"evs":[0.0,-0.35391,-1.84054]},"83s":{"weight":1.0,"played":[1.0,0.0,0.0],"evs":[0.0,-0.33946,-1.81697]},"84s":{"weight":1.0,"played":[1.0,0.0,0.0],"evs":[0.0,-0.27137,-1.57598]},"85s":{"weight":1.0,"played":[1.0,0.0,0.0],"evs":[0.0,-0.16915,-1.3122]},"86s":{"weight":1.0,"played":[1.0,0.0,0.0],"evs":[0.0,-0.10066,-1.04883]},"87s":{"weight":1.0,"played":[1.0,0.0,0.0],"evs":[0.0,-0.06036,-0.82855]},"88":{"weight":1.0,"played":[0.0,0.0,1.0],"evs":[0.0,1.38414,2.14614]},"98o":{"weight":1.0,"played":[1.0,0.0,0.0],"evs":[0.0,-0.26636,-1.23311]},"T8o":{"weight":1.0,"played":[1.0,0.0,0.0],"evs":[0.0,-0.2534,-1.18362]},"J8o":{"weight":1.0,"played":[1.0,0.0,0.0],"evs":[0.0,-0.25838,-1.09994]},"Q8o":{"weight":1.0,"played":[1.0,0.0,0.0],"evs":[0.0,-0.23542,-0.86894]},"K8o":{"weight":1.0,"played":[1.0,0.0,0.0],"evs":[0.0,-0.1721,-0.56244]},"A8o":{"weight":1.0,"played":[0.0,0.0,1.0],"evs":[0.0,0.52984,1.03369]},"92s":{"weight":1.0,"played":[1.0,0.0,0.0],"evs":[0.0,-0.34231,-1.72407]},"93s":{"weight":1.0,"played":[1.0,0.0,0.0],"evs":[0.0,-0.32467,-1.68112]},"94s":{"weight":1.0,"played":[1.0,0.0,0.0],"evs":[0.0,-0.30586,-1.64908]},"95s":{"weight":1.0,"played":[1.0,0.0,0.0],"evs":[0.0,-0.2334,-1.37437]},"96s":{"weight":1.0,"played":[1.0,0.0,0.0],"evs":[0.0,-0.16147,-1.11654]},"97s":{"weight":1.0,"played":[1.0,0.0,0.0],"evs":[0.0,-0.10344,-0.87125]},"98s":{"weight":1.0,"played":[0.9332,0.0668,0.0],"evs":[0.0,-0.0059,-0.63013]},"99":{"weight":1.0,"played":[0.0,0.0,1.0],"evs":[0.0,1.67648,2.68805]},"T9o":{"weight":1.0,"played":[1.0,0.0,0.0],"evs":[0.0,-0.21002,-0.87275]},"J9o":{"weight":1.0,"played":[1.0,0.0,0.0],"evs":[0.0,-0.17227,-0.71948]},"Q9o":{"weight":1.0,"played":[1.0,0.0,0.0],"evs":[0.0,-0.14745,-0.51908]},"K9o":{"weight":1.0,"played":[0.9975,0.0025,0.0],"evs":[0.0,-0.02291,-0.12842]},"A9o":{"weight":1.0,"played":[0.0,0.0,1.0],"evs":[0.0,0.69387,1.43246]},"T2s":{"weight":1.0,"played":[1.0,0.0,0.0],"evs":[0.0,-0.30222,-1.5433]},"T3s":{"weight":1.0,"played":[1.0,0.0,0.0],"evs":[0.0,-0.27983,-1.47873]},"T4s":{"weight":1.0,"played":[1.0,0.0,0.0],"evs":[0.0,-0.25012,-1.41854]},"T5s":{"weight":1.0,"played":[1.0,0.0,0.0],"evs":[0.0,-0.2348,-1.35063]},"T6s":{"weight":1.0,"played":[1.0,0.0,0.0],"evs":[0.0,-0.17062,-1.07295]},"T7s":{"weight":1.0,"played":[1.0,0.0,0.0],"evs":[0.0,-0.11114,-0.85758]},"T8s":{"weight":1.0,"played":[0.9964,0.0036,0.0],"evs":[0.0,-0.00729,-0.59569]},"T9s":{"weight":1.0,"played":[0.0,1.0,0.0],"evs":[0.0,0.11624,-0.29747]},"TT":{"weight":1.0,"played":[0.0,0.0,1.0],"evs":[0.0,2.16754,3.47205]},"JTo":{"weight":1.0,"played":[0.9996,4.0E-4,0.0],"evs":[0.0,-0.02968,-0.21086]},"QTo":{"weight":1.0,"played":[0.0,1.0,0.0],"evs":[0.0,0.00828,-0.04082]},"KTo":{"weight":1.0,"played":[0.0,0.0,1.0],"evs":[0.0,0.20326,0.45273]},"ATo":{"weight":1.0,"played":[0.0,0.0,1.0],"evs":[0.0,1.12619,2.10189]},"J2s":{"weight":1.0,"played":[1.0,0.0,0.0],"evs":[0.0,-0.25023,-1.30376]},"J3s":{"weight":1.0,"played":[1.0,0.0,0.0],"evs":[0.0,-0.22283,-1.2334]},"J4s":{"weight":1.0,"played":[1.0,0.0,0.0],"evs":[0.0,-0.19887,-1.16407]},"J5s":{"weight":1.0,"played":[1.0,0.0,0.0],"evs":[0.0,-0.17859,-1.07968]},"J6s":{"weight":1.0,"played":[1.0,0.0,0.0],"evs":[0.0,-0.16758,-1.00797]},"J7s":{"weight":1.0,"played":[1.0,0.0,0.0],"evs":[0.0,-0.10136,-0.76504]},"J8s":{"weight":1.0,"played":[0.9999,1.0E-4,0.0],"evs":[0.0,-0.03704,-0.49211]},"J9s":{"weight":1.0,"played":[0.0,1.0,0.0],"evs":[0.0,0.10849,-0.1601]},"JTs":{"weight":1.0,"played":[0.0,1.0,0.0],"evs":[0.0,0.36515,0.31433]},"JJ":{"weight":1.0,"played":[0.0,0.0,1.0],"evs":[0.0,2.79357,4.17201]},"QJo":{"weight":1.0,"played":[0.0,2.0E-4,0.9998],"evs":[0.0,0.19324,0.23911]},"KJo":{"weight":1.0,"played":[0.0,0.0,1.0],"evs":[0.0,0.41573,0.77128]},"AJo":{"weight":1.0,"played":[0.0,0.0,1.0],"evs":[0.0,1.5104,2.56962]},"Q2s":{"weight":1.0,"played":[1.0,0.0,0.0],"evs":[0.0,-0.17466,-0.95246]},"Q3s":{"weight":1.0,"played":[1.0,0.0,0.0],"evs":[0.0,-0.16434,-0.89133]},"Q4s":{"weight":1.0,"played":[1.0,0.0,0.0],"evs":[0.0,-0.13635,-0.83193]},"Q5s":{"weight":1.0,"played":[1.0,0.0,0.0],"evs":[0.0,-0.11106,-0.73723]},"Q6s":{"weight":1.0,"played":[1.0,0.0,0.0],"evs":[0.0,-0.09811,-0.61092]},"Q7s":{"weight":1.0,"played":[1.0,0.0,0.0],"evs":[0.0,-0.08403,-0.56054]},"Q8s":{"weight":1.0,"played":[0.7459,0.2541,0.0],"evs":[0.0,7.2E-4,-0.27985]},"Q9s":{"weight":1.0,"played":[0.0,1.0,0.0],"evs":[0.0,0.1293,0.03676]},"QTs":{"weight":1.0,"played":[0.0,0.0061,0.9939],"evs":[0.0,0.44786,0.4945]},"QJs":{"weight":1.0,"played":[0.0,0.0,1.0],"evs":[0.0,0.63713,0.73764]},"QQ":{"weight":1.0,"played":[0.0,0.0,1.0],"evs":[0.0,3.54081,4.88647]},"KQo":{"weight":1.0,"played":[0.0,0.0,1.0],"evs":[0.0,0.70867,1.09214]},"AQo":{"weight":1.0,"played":[0.0,0.0,1.0],"evs":[0.0,1.88369,3.00326]},"K2s":{"weight":1.0,"played":[0.9998,2.0E-4,0.0],"evs":[0.0,-0.08499,-0.55171]},"K3s":{"weight":1.0,"played":[0.9997,3.0E-4,0.0],"evs":[0.0,-0.06058,-0.49408]},"K4s":{"weight":1.0,"played":[0.9984,0.0016,0.0],"evs":[0.0,-0.03397,-0.42326]},"K5s":{"weight":1.0,"played":[0.9455,0.0545,0.0],"evs":[0.0,-0.00923,-0.32887]},"K6s":{"weight":1.0,"played":[0.2258,0.7742,0.0],"evs":[0.0,0.00158,-0.18072]},"K7s":{"weight":1.0,"played":[0.0,0.9999,1.0E-4],"evs":[0.0,0.03941,-0.07222]},"K8s":{"weight":1.0,"played":[0.0,1.0,0.0],"evs":[0.0,0.08784,0.00687]},"K9s":{"weight":1.0,"played":[0.0,1.0E-4,0.9999],"evs":[0.0,0.3218,0.42364]},"KTs":{"weight":1.0,"played":[0.0,0.0,1.0],"evs":[0.0,0.66919,0.96368]},"KJs":{"weight":1.0,"played":[0.0,0.0,1.0],"evs":[0.0,0.89484,1.26854]},"KQs":{"weight":1.0,"played":[0.0,0.0,1.0],"evs":[0.0,1.16505,1.57591]},"KK":{"weight":1.0,"played":[0.0,0.0,1.0],"evs":[0.0,4.52909,5.66106]},"AKo":{"weight":1.0,"played":[0.0,0.0,1.0],"evs":[0.0,2.37577,3.55588]},"A2s":{"weight":1.0,"played":[0.0,0.0,1.0],"evs":[0.0,0.47251,0.63999]},"A3s":{"weight":1.0,"played":[0.0,0.0,1.0],"evs":[0.0,0.52984,0.69226]},"A4s":{"weight":1.0,"played":[0.0,0.0,1.0],"evs":[0.0,0.60219,0.78562]},"A5s":{"weight":1.0,"played":[0.0,0.0,1.0],"evs":[0.0,0.67852,0.92842]},"A6s":{"weight":1.0,"played":[0.0,0.0,1.0],"evs":[0.0,0.63026,0.97809]},"A7s":{"weight":1.0,"played":[0.0,0.0,1.0],"evs":[0.0,0.76366,1.25382]},"A8s":{"weight":1.0,"played":[0.0,0.0,1.0],"evs":[0.0,0.92776,1.51031]},"A9s":{"weight":1.0,"played":[0.0,0.0,1.0],"evs":[0.0,1.13295,1.88032]},"ATs":{"weight":1.0,"played":[0.0,0.0,1.0],"evs":[0.0,1.58321,2.50519]},"AJs":{"weight":1.0,"played":[0.0,0.0,1.0],"evs":[0.0,1.92886,2.92901]},"AQs":{"weight":1.0,"played":[0.0,0.0,1.0],"evs":[0.0,2.28416,3.34073]},"AKs":{"weight":1.0,"played":[0.0,0.0,1.0],"evs":[0.0,2.74064,3.85914]},"AA":{"weight":1.0,"played":[0.0,0.0,1.0],"evs":[0.0,6.02759,7.1201]}}}