{"player":5,"street":0,"children":2,"sequence":[{"player":0,"type":"F","amount":0,"street":0},{"player":1,"type":"F","amount":0,"street":0},{"player":2,"type":"R","amount":1405000,"street":0},{"player":3,"type":"F","amount":0,"street":0},{"player":4,"type":"C","amount":1295000,"street":0}],"actions":[{"type":"F","amount":0},{"type":"C","amount":1305000}],"hands":{"22":{"weight":1.0,"played":[0.0,1.0],"evs":[0.0,0.5095]},"32o":{"weight":1.0,"played":[1.0,0.0],"evs":[0.0,-2.48198]},"42o":{"weight":1.0,"played":[1.0,0.0],"evs":[0.0,-2.29051]},"52o":{"weight":1.0,"played":[1.0,0.0],"evs":[0.0,-2.08615]},"62o":{"weight":1.0,"played":[1.0,0.0],"evs":[0.0,-2.3289]},"72o":{"weight":1.0,"played":[1.0,0.0],"evs":[0.0,-2.65057]},"82o":{"weight":1.0,"played":[1.0,0.0],"evs":[0.0,-2.36162]},"92o":{"weight":1.0,"played":[1.0,0.0],"evs":[0.0,-2.35791]},"T2o":{"weight":1.0,"played":[1.0,0.0],"evs":[0.0,-2.13708]},"J2o":{"weight":1.0,"played":[1.0,0.0],"evs":[0.0,-2.12455]},"Q2o":{"weight":1.0,"played":[1.0,0.0],"evs":[0.0,-1.91462]},"K2o":{"weight":1.0,"played":[1.0,0.0],"evs":[0.0,-1.63653]},"A2o":{"weight":1.0,"played":[1.0,0.0],"evs":[0.0,-2.107]},"32s":{"weight":1.0,"played":[1.0,0.0],"evs":[0.0,-1.14227]},"33":{"weight":1.0,"played":[0.0,1.0],"evs":[0.0,0.99105]},"43o":{"weight":1.0,"played":[1.0,0.0],"evs":[0.0,-1.72933]},"53o":{"weight":1.0,"played":[1.0,0.0],"evs":[0.0,-1.56649]},"63o":{"weight":1.0,"played":[1.0,0.0],"evs":[0.0,-1.80735]},"73o":{"weight":1.0,"played":[1.0,0.0],"evs":[0.0,-2.08991]},"83o":{"weight":1.0,"played":[1.0,0.0],"evs":[0.0,-2.29646]},"93o":{"weight":1.0,"played":[1.0,0.0],"evs":[0.0,-2.21187]},"T3o":{"weight":1.0,"played":[1.0,0.0],"evs":[0.0,-1.95753]},"J3o":{"weight":1.0,"played":[1.0,0.0],"evs":[0.0,-1.8729]},"Q3o":{"weight":1.0,"played":[1.0,0.0],"evs":[0.0,-1.73504]},"K3o":{"weight":1.0,"played":[1.0,0.0],"evs":[0.0,-1.47752]},"A3o":{"weight":1.0,"played":[1.0,0.0],"evs":[0.0,-1.85655]},"42s":{"weight":1.0,"played":[1.0,0.0],"evs":[0.0,-1.00127]},"43s":{"weight":1.0,"played":[0.9998,2.0E-4],"evs":[0.0,-0.55106]},"44":{"weight":1.0,"played":[0.0,1.0],"evs":[0.0,1.33581]},"54o":{"weight":1.0,"played":[1.0,0.0],"evs":[0.0,-1.04926]},"64o":{"weight":1.0,"played":[1.0,0.0],"evs":[0.0,-1.24975]},"74o":{"weight":1.0,"played":[1.0,0.0],"evs":[0.0,-1.59684]},"84o":{"weight":1.0,"played":[1.0,0.0],"evs":[0.0,-1.80099]},"94o":{"weight":1.0,"played":[1.0,0.0],"evs":[0.0,-2.1196]},"T4o":{"weight":1.0,"played":[1.0,0.0],"evs":[0.0,-1.85922]},"J4o":{"weight":1.0,"played":[1.0,0.0],"evs":[0.0,-1.74999]},"Q4o":{"weight":1.0,"played":[1.0,0.0],"evs":[0.0,-1.56021]},"K4o":{"weight":1.0,"played":[1.0,0.0],"evs":[0.0,-1.32722]},"A4o":{"weight":1.0,"played":[1.0,0.0],"evs":[0.0,-1.66387]},"52s":{"weight":1.0,"played":[0.9999,1.0E-4],"evs":[0.0,-0.80504]},"53s":{"weight":1.0,"played":[0.9998,2.0E-4],"evs":[0.0,-0.21802]},"54s":{"weight":1.0,"played":[0.0075,0.9925],"evs":[0.0,0.17534]},"55":{"weight":1.0,"played":[0.0,1.0],"evs":[0.0,2.05726]},"65o":{"weight":1.0,"played":[1.0,0.0],"evs":[0.0,-0.73217]},"75o":{"weight":1.0,"played":[1.0,0.0],"evs":[0.0,-1.05227]},"85o":{"weight":1.0,"played":[1.0,0.0],"evs":[0.0,-1.27224]},"95o":{"weight":1.0,"played":[1.0,0.0],"evs":[0.0,-1.60463]},"T5o":{"weight":1.0,"played":[1.0,0.0],"evs":[0.0,-1.72208]},"J5o":{"weight":1.0,"played":[1.0,0.0],"evs":[0.0,-1.61603]},"Q5o":{"weight":1.0,"played":[1.0,0.0],"evs":[0.0,-1.4191]},"K5o":{"weight":1.0,"played":[1.0,0.0],"evs":[0.0,-1.17058]},"A5o":{"weight":1.0,"played":[1.0,0.0],"evs":[0.0,-1.40305]},"62s":{"weight":1.0,"played":[1.0,0.0],"evs":[0.0,-1.10976]},"63s":{"weight":1.0,"played":[0.9998,2.0E-4],"evs":[0.0,-0.43855]},"64s":{"weight":1.0,"played":[0.6191,0.3809],"evs":[0.0,0.06022]},"65s":{"weight":1.0,"played":[0.0,1.0],"evs":[0.0,0.43198]},"66":{"weight":1.0,"played":[0.0,1.0],"evs":[0.0,2.89308]},"76o":{"weight":1.0,"played":[1.0,0.0],"evs":[0.0,-0.48773]},"86o":{"weight":1.0,"played":[1.0,0.0],"evs":[0.0,-0.71882]},"96o":{"weight":1.0,"played":[1.0,0.0],"evs":[0.0,-1.03968]},"T6o":{"weight":1.0,"played":[1.0,0.0],"evs":[0.0,-1.19566]},"J6o":{"weight":1.0,"played":[1.0,0.0],"evs":[0.0,-1.43355]},"Q6o":{"weight":1.0,"played":[1.0,0.0],"evs":[0.0,-1.21245]},"K6o":{"weight":1.0,"played":[1.0,0.0],"evs":[0.0,-0.93696]},"A6o":{"weight":1.0,"played":[1.0,0.0],"evs":[0.0,-1.57589]},"72s":{"weight":1.0,"played":[1.0,0.0],"evs":[0.0,-1.38464]},"73s":{"weight":1.0,"played":[1.0,0.0],"evs":[0.0,-0.89411]},"74s":{"weight":1.0,"played":[1.0,0.0],"evs":[0.0,-0.25346]},"75s":{"weight":1.0,"played":[0.0,1.0],"evs":[0.0,0.15149]},"76s":{"weight":1.0,"played":[0.0,1.0],"evs":[0.0,0.62429]},"77":{"weight":1.0,"played":[0.0,1.0],"evs":[0.0,3.52953]},"87o":{"weight":1.0,"played":[0.9961,0.0039],"evs":[0.0,-0.29126]},"97o":{"weight":1.0,"played":[1.0,0.0],"evs":[0.0,-0.54507]},"T7o":{"weight":1.0,"played":[1.0,0.0],"evs":[0.0,-0.68307]},"J7o":{"weight":1.0,"played":[1.0,0.0],"evs":[0.0,-0.9281]},"Q7o":{"weight":1.0,"played":[1.0,0.0],"evs":[0.0,-1.16057]},"K7o":{"weight":1.0,"played":[1.0,0.0],"evs":[0.0,-0.80188]},"A7o":{"weight":1.0,"played":[1.0,0.0],"evs":[0.0,-1.17165]},"82s":{"weight":1.0,"played":[1.0,0.0],"evs":[0.0,-0.97795]},"83s":{"weight":1.0,"played":[1.0,0.0],"evs":[0.0,-0.98421]},"84s":{"weight":1.0,"played":[1.0,0.0],"evs":[0.0,-0.44981]},"85s":{"weight":1.0,"played":[0.8629,0.1371],"evs":[0.0,-0.04126]},"86s":{"weight":1.0,"played":[0.0,1.0],"evs":[0.0,0.53324]},"87s":{"weight":1.0,"played":[0.0,1.0],"evs":[0.0,0.909]},"88":{"weight":1.0,"played":[0.0,1.0],"evs":[0.0,4.44318]},"98o":{"weight":1.0,"played":[0.9995,5.0E-4],"evs":[0.0,-0.04829]},"T8o":{"weight":1.0,"played":[0.9995,5.0E-4],"evs":[0.0,-0.09761]},"J8o":{"weight":1.0,"played":[1.0,0.0],"evs":[0.0,-0.42703]},"Q8o":{"weight":1.0,"played":[1.0,0.0],"evs":[0.0,-0.62963]},"K8o":{"weight":1.0,"played":[1.0,0.0],"evs":[0.0,-0.71992]},"A8o":{"weight":1.0,"played":[1.0,0.0],"evs":[0.0,-0.61506]},"92s":{"weight":1.0,"played":[1.0,0.0],"evs":[0.0,-1.04251]},"93s":{"weight":1.0,"played":[1.0,0.0],"evs":[0.0,-0.8454]},"94s":{"weight":1.0,"played":[1.0,0.0],"evs":[0.0,-0.80771]},"95s":{"weight":1.0,"played":[0.9954,0.0046],"evs":[0.0,-0.29883]},"96s":{"weight":1.0,"played":[0.0055,0.9945],"evs":[0.0,0.24263]},"97s":{"weight":1.0,"played":[0.0,1.0],"evs":[0.0,0.61828]},"98s":{"weight":1.0,"played":[0.0,1.0],"evs":[0.0,1.10041]},"99":{"weight":1.0,"played":[0.0,1.0],"evs":[0.0,5.40958]},"T9o":{"weight":1.0,"played":[0.0,1.0],"evs":[0.0,0.27999]},"J9o":{"weight":1.0,"played":[0.9801,0.0199],"evs":[0.0,-0.00322]},"Q9o":{"weight":1.0,"played":[0.9998,2.0E-4],"evs":[0.0,-0.25338]},"K9o":{"weight":1.0,"played":[0.9999,1.0E-4],"evs":[0.0,-0.31496]},"A9o":{"weight":1.0,"played":[0.9347,0.0653],"evs":[0.0,-0.09601]},"T2s":{"weight":1.0,"played":[0.9999,1.0E-4],"evs":[0.0,-0.83419]},"T3s":{"weight":1.0,"played":[1.0,0.0],"evs":[0.0,-0.71921]},"T4s":{"weight":1.0,"played":[0.9997,3.0E-4],"evs":[0.0,-0.60123]},"T5s":{"weight":1.0,"played":[1.0,0.0],"evs":[0.0,-0.42726]},"T6s":{"weight":1.0,"played":[9.0E-4,0.9991],"evs":[0.0,0.09491]},"T7s":{"weight":1.0,"played":[0.0,1.0],"evs":[0.0,0.53728]},"T8s":{"weight":1.0,"played":[0.0,1.0],"evs":[0.0,0.99901]},"T9s":{"weight":1.0,"played":[0.0,1.0],"evs":[0.0,1.4538]},"TT":{"weight":1.0,"played":[0.0,1.0],"evs":[0.0,6.89661]},"JTo":{"weight":1.0,"played":[0.0,1.0],"evs":[0.0,0.67661]},"QTo":{"weight":1.0,"played":[0.0,1.0],"evs":[0.0,0.56453]},"KTo":{"weight":1.0,"played":[0.0,1.0],"evs":[0.0,0.54319]},"ATo":{"weight":1.0,"played":[0.0,1.0],"evs":[0.0,1.43043]},"J2s":{"weight":1.0,"played":[1.0,0.0],"evs":[0.0,-0.69507]},"J3s":{"weight":1.0,"played":[1.0,0.0],"evs":[0.0,-0.57566]},"J4s":{"weight":1.0,"played":[0.9999,1.0E-4],"evs":[0.0,-0.3793]},"J5s":{"weight":1.0,"played":[0.9998,2.0E-4],"evs":[0.0,-0.21827]},"J6s":{"weight":1.0,"played":[0.9995,5.0E-4],"evs":[0.0,-0.1001]},"J7s":{"weight":1.0,"played":[0.0026,0.9974],"evs":[0.0,0.29151]},"J8s":{"weight":1.0,"played":[0.0,1.0],"evs":[0.0,0.85701]},"J9s":{"weight":1.0,"played":[0.0,1.0],"evs":[0.0,1.27258]},"JTs":{"weight":1.0,"played":[0.0,1.0],"evs":[0.0,1.9024]},"JJ":{"weight":1.0,"played":[0.0,1.0],"evs":[0.0,8.26036]},"QJo":{"weight":1.0,"played":[0.0,1.0],"evs":[0.0,0.7828]},"KJo":{"weight":1.0,"played":[0.0,1.0],"evs":[0.0,0.85488]},"AJo":{"weight":1.0,"played":[0.0,1.0],"evs":[0.0,2.63602]},"Q2s":{"weight":1.0,"played":[1.0,0.0],"evs":[0.0,-0.57414]},"Q3s":{"weight":1.0,"played":[0.9998,2.0E-4],"evs":[0.0,-0.41102]},"Q4s":{"weight":1.0,"played":[0.9995,5.0E-4],"evs":[0.0,-0.28702]},"Q5s":{"weight":1.0,"played":[0.9353,0.0647],"evs":[0.0,-0.09767]},"Q6s":{"weight":1.0,"played":[0.0139,0.9861],"evs":[0.0,0.06478]},"Q7s":{"weight":1.0,"played":[0.0432,0.9568],"evs":[0.0,0.09451]},"Q8s":{"weight":1.0,"played":[0.0,1.0],"evs":[0.0,0.6266]},"Q9s":{"weight":1.0,"played":[0.0,1.0],"evs":[0.0,1.01064]},"QTs":{"weight":1.0,"played":[0.0,1.0],"evs":[0.0,1.73836]},"QJs":{"weight":1.0,"played":[0.0,1.0],"evs":[0.0,1.84009]},"QQ":{"weight":1.0,"played":[0.0,1.0],"evs":[0.0,10.00967]},"KQo":{"weight":1.0,"played":[0.0,1.0],"evs":[0.0,1.47355]},"AQo":{"weight":1.0,"played":[0.0,1.0],"evs":[0.0,4.01046]},"K2s":{"weight":1.0,"played":[0.9997,3.0E-4],"evs":[0.0,-0.28406]},"K3s":{"weight":1.0,"played":[0.9965,0.0035],"evs":[0.0,-0.14394]},"K4s":{"weight":1.0,"played":[0.917,0.083],"evs":[0.0,-0.05036]},"K5s":{"weight":1.0,"played":[0.0074,0.9926],"evs":[0.0,0.18425]},"K6s":{"weight":1.0,"played":[0.0,1.0],"evs":[0.0,0.36897]},"K7s":{"weight":1.0,"played":[0.0013,0.9987],"evs":[0.0,0.52496]},"K8s":{"weight":1.0,"played":[2.0E-4,0.9998],"evs":[0.0,0.51034]},"K9s":{"weight":1.0,"played":[0.0,1.0],"evs":[0.0,0.97374]},"KTs":{"weight":1.0,"played":[0.0,1.0],"evs":[0.0,1.73218]},"KJs":{"weight":1.0,"played":[0.0,1.0],"evs":[0.0,1.9739]},"KQs":{"weight":1.0,"played":[0.0,1.0],"evs":[0.0,2.52696]},"KK":{"weight":1.0,"played":[0.0,1.0],"evs":[0.0,11.92807]},"AKo":{"weight":1.0,"played":[0.0,1.0],"evs":[0.0,5.47173]},"A2s":{"weight":1.0,"played":[1.0,0.0],"evs":[0.0,-0.75707]},"A3s":{"weight":1.0,"played":[1.0,0.0],"evs":[0.0,-0.50844]},"A4s":{"weight":1.0,"played":[0.9998,2.0E-4],"evs":[0.0,-0.25979]},"A5s":{"weight":1.0,"played":[0.9754,0.0246],"evs":[0.0,-0.1208]},"A6s":{"weight":1.0,"played":[0.9987,0.0013],"evs":[0.0,-0.23074]},"A7s":{"weight":1.0,"played":[1.0E-4,0.9999],"evs":[0.0,0.22765]},"A8s":{"weight":1.0,"played":[0.0,1.0],"evs":[0.0,0.6604]},"A9s":{"weight":1.0,"played":[0.0,1.0],"evs":[0.0,1.27171]},"ATs":{"weight":1.0,"played":[0.0,1.0],"evs":[0.0,2.56457]},"AJs":{"weight":1.0,"played":[0.0,1.0],"evs":[0.0,3.74411]},"AQs":{"weight":1.0,"played":[0.0,1.0],"evs":[0.0,5.08021]},"AKs":{"weight":1.0,"played":[0.0,1.0],"evs":[0.0,6.37678]},"AA":{"weight":1.0,"played":[0.0,1.0],"evs":[0.0,16.07452]}}}