{"player":4,"street":0,"children":2,"sequence":[{"player":0,"type":"F","amount":0,"street":0},{"player":1,"type":"F","amount":0,"street":0},{"player":2,"type":"R","amount":1405000,"street":0},{"player":3,"type":"C","amount":1405000,"street":0}],"actions":[{"type":"F","amount":0,"node":82},{"type":"C","amount":1295000,"node":84}],"hands":{"22":{"weight":1.0,"played":[1.0,0.0],"evs":[0.0,-1.44838]},"32o":{"weight":1.0,"played":[1.0,0.0],"evs":[0.0,-3.80671]},"42o":{"weight":1.0,"played":[1.0,0.0],"evs":[0.0,-3.5223]},"52o":{"weight":1.0,"played":[1.0,0.0],"evs":[0.0,-3.43125]},"62o":{"weight":1.0,"played":[1.0,0.0],"evs":[0.0,-3.61546]},"72o":{"weight":1.0,"played":[1.0,0.0],"evs":[0.0,-3.85199]},"82o":{"weight":1.0,"played":[1.0,0.0],"evs":[0.0,-3.70272]},"92o":{"weight":1.0,"played":[1.0,0.0],"evs":[0.0,-3.78209]},"T2o":{"weight":1.0,"played":[1.0,0.0],"evs":[0.0,-3.55064]},"J2o":{"weight":1.0,"played":[1.0,0.0],"evs":[0.0,-3.57891]},"Q2o":{"weight":1.0,"played":[1.0,0.0],"evs":[0.0,-3.22988]},"K2o":{"weight":1.0,"played":[1.0,0.0],"evs":[0.0,-3.17317]},"A2o":{"weight":1.0,"played":[1.0,0.0],"evs":[0.0,-3.28703]},"32s":{"weight":1.0,"played":[1.0,0.0],"evs":[0.0,-2.57727]},"33":{"weight":1.0,"played":[1.0,0.0],"evs":[0.0,-0.92708]},"43o":{"weight":1.0,"played":[1.0,0.0],"evs":[0.0,-3.00127]},"53o":{"weight":1.0,"played":[1.0,0.0],"evs":[0.0,-2.9196]},"63o":{"weight":1.0,"played":[1.0,0.0],"evs":[0.0,-3.13449]},"73o":{"weight":1.0,"played":[1.0,0.0],"evs":[0.0,-3.3853]},"83o":{"weight":1.0,"played":[1.0,0.0],"evs":[0.0,-3.5975]},"93o":{"weight":1.0,"played":[1.0,0.0],"evs":[0.0,-3.57159]},"T3o":{"weight":1.0,"played":[1.0,0.0],"evs":[0.0,-3.35296]},"J3o":{"weight":1.0,"played":[1.0,0.0],"evs":[0.0,-3.37002]},"Q3o":{"weight":1.0,"played":[1.0,0.0],"evs":[0.0,-3.09836]},"K3o":{"weight":1.0,"played":[1.0,0.0],"evs":[0.0,-3.03186]},"A3o":{"weight":1.0,"played":[1.0,0.0],"evs":[0.0,-3.07381]},"42s":{"weight":1.0,"played":[1.0,0.0],"evs":[0.0,-2.46909]},"43s":{"weight":1.0,"played":[1.0,0.0],"evs":[0.0,-1.83774]},"44":{"weight":1.0,"played":[0.9998,2.0E-4],"evs":[0.0,-0.35536]},"54o":{"weight":1.0,"played":[1.0,0.0],"evs":[0.0,-2.42267]},"64o":{"weight":1.0,"played":[1.0,0.0],"evs":[0.0,-2.53905]},"74o":{"weight":1.0,"played":[1.0,0.0],"evs":[0.0,-2.80185]},"84o":{"weight":1.0,"played":[1.0,0.0],"evs":[0.0,-3.02715]},"94o":{"weight":1.0,"played":[1.0,0.0],"evs":[0.0,-3.47833]},"T4o":{"weight":1.0,"played":[1.0,0.0],"evs":[0.0,-3.11877]},"J4o":{"weight":1.0,"played":[1.0,0.0],"evs":[0.0,-3.20204]},"Q4o":{"weight":1.0,"played":[1.0,0.0],"evs":[0.0,-2.84657]},"K4o":{"weight":1.0,"played":[1.0,0.0],"evs":[0.0,-2.7503]},"A4o":{"weight":1.0,"played":[1.0,0.0],"evs":[0.0,-2.79248]},"52s":{"weight":1.0,"played":[1.0,0.0],"evs":[0.0,-2.34565]},"53s":{"weight":1.0,"played":[1.0,0.0],"evs":[0.0,-1.88502]},"54s":{"weight":1.0,"played":[1.0,0.0],"evs":[0.0,-1.29107]},"55":{"weight":1.0,"played":[0.115,0.885],"evs":[0.0,0.06754]},"65o":{"weight":1.0,"played":[1.0,0.0],"evs":[0.0,-2.14009]},"75o":{"weight":1.0,"played":[1.0,0.0],"evs":[0.0,-2.38519]},"85o":{"weight":1.0,"played":[1.0,0.0],"evs":[0.0,-2.61437]},"95o":{"weight":1.0,"played":[1.0,0.0],"evs":[0.0,-3.01336]},"T5o":{"weight":1.0,"played":[1.0,0.0],"evs":[0.0,-3.07359]},"J5o":{"weight":1.0,"played":[1.0,0.0],"evs":[0.0,-3.06711]},"Q5o":{"weight":1.0,"played":[1.0,0.0],"evs":[0.0,-2.69892]},"K5o":{"weight":1.0,"played":[1.0,0.0],"evs":[0.0,-2.67963]},"A5o":{"weight":1.0,"played":[1.0,0.0],"evs":[0.0,-2.5799]},"62s":{"weight":1.0,"played":[1.0,0.0],"evs":[0.0,-2.52024]},"63s":{"weight":1.0,"played":[1.0,0.0],"evs":[0.0,-2.02102]},"64s":{"weight":1.0,"played":[1.0,0.0],"evs":[0.0,-1.49891]},"65s":{"weight":1.0,"played":[1.0,0.0],"evs":[0.0,-1.15019]},"66":{"weight":1.0,"played":[0.0,1.0],"evs":[0.0,0.79528]},"76o":{"weight":1.0,"played":[1.0,0.0],"evs":[0.0,-1.88585]},"86o":{"weight":1.0,"played":[1.0,0.0],"evs":[0.0,-2.12613]},"96o":{"weight":1.0,"played":[1.0,0.0],"evs":[0.0,-2.54274]},"T6o":{"weight":1.0,"played":[1.0,0.0],"evs":[0.0,-2.62407]},"J6o":{"weight":1.0,"played":[1.0,0.0],"evs":[0.0,-2.96426]},"Q6o":{"weight":1.0,"played":[1.0,0.0],"evs":[0.0,-2.57407]},"K6o":{"weight":1.0,"played":[1.0,0.0],"evs":[0.0,-2.47178]},"A6o":{"weight":1.0,"played":[1.0,0.0],"evs":[0.0,-2.76456]},"72s":{"weight":1.0,"played":[1.0,0.0],"evs":[0.0,-2.62517]},"73s":{"weight":1.0,"played":[1.0,0.0],"evs":[0.0,-2.202]},"74s":{"weight":1.0,"played":[1.0,0.0],"evs":[0.0,-1.70921]},"75s":{"weight":1.0,"played":[1.0,0.0],"evs":[0.0,-1.29901]},"76s":{"weight":1.0,"played":[1.0,0.0],"evs":[0.0,-0.83818]},"77":{"weight":1.0,"played":[0.0,1.0],"evs":[0.0,1.44282]},"87o":{"weight":1.0,"played":[1.0,0.0],"evs":[0.0,-1.77055]},"97o":{"weight":1.0,"played":[1.0,0.0],"evs":[0.0,-2.04874]},"T7o":{"weight":1.0,"played":[1.0,0.0],"evs":[0.0,-2.0766]},"J7o":{"weight":1.0,"played":[1.0,0.0],"evs":[0.0,-2.49242]},"Q7o":{"weight":1.0,"played":[1.0,0.0],"evs":[0.0,-2.4591]},"K7o":{"weight":1.0,"played":[1.0,0.0],"evs":[0.0,-2.29518]},"A7o":{"weight":1.0,"played":[1.0,0.0],"evs":[0.0,-2.37025]},"82s":{"weight":1.0,"played":[1.0,0.0],"evs":[0.0,-2.50891]},"83s":{"weight":1.0,"played":[1.0,0.0],"evs":[0.0,-2.46748]},"84s":{"weight":1.0,"played":[1.0,0.0],"evs":[0.0,-1.95414]},"85s":{"weight":1.0,"played":[1.0,0.0],"evs":[0.0,-1.56866]},"86s":{"weight":1.0,"played":[1.0,0.0],"evs":[0.0,-1.17719]},"87s":{"weight":1.0,"played":[1.0,0.0],"evs":[0.0,-0.78629]},"88":{"weight":1.0,"played":[0.0,1.0],"evs":[0.0,2.07548]},"98o":{"weight":1.0,"played":[1.0,0.0],"evs":[0.0,-1.70355]},"T8o":{"weight":1.0,"played":[1.0,0.0],"evs":[0.0,-1.67824]},"J8o":{"weight":1.0,"played":[1.0,0.0],"evs":[0.0,-2.04656]},"Q8o":{"weight":1.0,"played":[1.0,0.0],"evs":[0.0,-2.08643]},"K8o":{"weight":1.0,"played":[1.0,0.0],"evs":[0.0,-2.23982]},"A8o":{"weight":1.0,"played":[1.0,0.0],"evs":[0.0,-2.01727]},"92s":{"weight":1.0,"played":[1.0,0.0],"evs":[0.0,-2.64974]},"93s":{"weight":1.0,"played":[1.0,0.0],"evs":[0.0,-2.44813]},"94s":{"weight":1.0,"played":[1.0,0.0],"evs":[0.0,-2.30232]},"95s":{"weight":1.0,"played":[1.0,0.0],"evs":[0.0,-1.90563]},"96s":{"weight":1.0,"played":[1.0,0.0],"evs":[0.0,-1.41761]},"97s":{"weight":1.0,"played":[1.0,0.0],"evs":[0.0,-1.03437]},"98s":{"weight":1.0,"played":[1.0,0.0],"evs":[0.0,-0.74257]},"99":{"weight":1.0,"played":[0.0,1.0],"evs":[0.0,2.78535]},"T9o":{"weight":1.0,"played":[1.0,0.0],"evs":[0.0,-1.42375]},"J9o":{"weight":1.0,"played":[1.0,0.0],"evs":[0.0,-1.79502]},"Q9o":{"weight":1.0,"played":[1.0,0.0],"evs":[0.0,-1.77601]},"K9o":{"weight":1.0,"played":[1.0,0.0],"evs":[0.0,-2.0239]},"A9o":{"weight":1.0,"played":[1.0,0.0],"evs":[0.0,-1.50657]},"T2s":{"weight":1.0,"played":[1.0,0.0],"evs":[0.0,-2.36188]},"T3s":{"weight":1.0,"played":[1.0,0.0],"evs":[0.0,-2.20186]},"T4s":{"weight":1.0,"played":[1.0,0.0],"evs":[0.0,-2.03187]},"T5s":{"weight":1.0,"played":[1.0,0.0],"evs":[0.0,-1.95527]},"T6s":{"weight":1.0,"played":[1.0,0.0],"evs":[0.0,-1.51127]},"T7s":{"weight":1.0,"played":[1.0,0.0],"evs":[0.0,-1.05651]},"T8s":{"weight":1.0,"played":[1.0,0.0],"evs":[0.0,-0.65482]},"T9s":{"weight":1.0,"played":[0.9935,0.0065],"evs":[0.0,-0.39336]},"TT":{"weight":1.0,"played":[0.0,1.0],"evs":[0.0,4.12255]},"JTo":{"weight":1.0,"played":[1.0,0.0],"evs":[0.0,-1.04039]},"QTo":{"weight":1.0,"played":[1.0,0.0],"evs":[0.0,-0.96493]},"KTo":{"weight":1.0,"played":[1.0,0.0],"evs":[0.0,-1.17303]},"ATo":{"weight":1.0,"played":[0.9628,0.0372],"evs":[0.0,-0.15461]},"J2s":{"weight":1.0,"played":[1.0,0.0],"evs":[0.0,-2.44974]},"J3s":{"weight":1.0,"played":[1.0,0.0],"evs":[0.0,-2.25117]},"J4s":{"weight":1.0,"played":[1.0,0.0],"evs":[0.0,-2.01783]},"J5s":{"weight":1.0,"played":[1.0,0.0],"evs":[0.0,-1.92937]},"J6s":{"weight":1.0,"played":[1.0,0.0],"evs":[0.0,-1.79068]},"J7s":{"weight":1.0,"played":[1.0,0.0],"evs":[0.0,-1.36951]},"J8s":{"weight":1.0,"played":[1.0,0.0],"evs":[0.0,-1.07588]},"J9s":{"weight":1.0,"played":[0.9998,2.0E-4],"evs":[0.0,-0.77915]},"JTs":{"weight":1.0,"played":[0.6949,0.3051],"evs":[0.0,-0.12016]},"JJ":{"weight":1.0,"played":[0.0,1.0],"evs":[0.0,5.42977]},"QJo":{"weight":1.0,"played":[1.0,0.0],"evs":[0.0,-0.90102]},"KJo":{"weight":1.0,"played":[1.0,0.0],"evs":[0.0,-0.85265]},"AJo":{"weight":1.0,"played":[0.0,1.0],"evs":[0.0,0.73485]},"Q2s":{"weight":1.0,"played":[1.0,0.0],"evs":[0.0,-2.06228]},"Q3s":{"weight":1.0,"played":[1.0,0.0],"evs":[0.0,-1.89184]},"Q4s":{"weight":1.0,"played":[1.0,0.0],"evs":[0.0,-1.7621]},"Q5s":{"weight":1.0,"played":[1.0,0.0],"evs":[0.0,-1.62675]},"Q6s":{"weight":1.0,"played":[1.0,0.0],"evs":[0.0,-1.50885]},"Q7s":{"weight":1.0,"played":[1.0,0.0],"evs":[0.0,-1.39927]},"Q8s":{"weight":1.0,"played":[1.0,0.0],"evs":[0.0,-1.01621]},"Q9s":{"weight":1.0,"played":[1.0,0.0],"evs":[0.0,-0.81935]},"QTs":{"weight":1.0,"played":[0.9989,0.0011],"evs":[0.0,-0.00299]},"QJs":{"weight":1.0,"played":[0.5499,0.4501],"evs":[0.0,0.00909]},"QQ":{"weight":1.0,"played":[0.0,1.0],"evs":[0.0,6.91649]},"KQo":{"weight":1.0,"played":[0.9992,8.0E-4],"evs":[0.0,-0.09941]},"AQo":{"weight":1.0,"played":[0.0,1.0],"evs":[0.0,1.73646]},"K2s":{"weight":1.0,"played":[1.0,0.0],"evs":[0.0,-1.9875]},"K3s":{"weight":1.0,"played":[1.0,0.0],"evs":[0.0,-1.81668]},"K4s":{"weight":1.0,"played":[1.0,0.0],"evs":[0.0,-1.52088]},"K5s":{"weight":1.0,"played":[1.0,0.0],"evs":[0.0,-1.49632]},"K6s":{"weight":1.0,"played":[1.0,0.0],"evs":[0.0,-1.35869]},"K7s":{"weight":1.0,"played":[1.0,0.0],"evs":[0.0,-1.25734]},"K8s":{"weight":1.0,"played":[1.0,0.0],"evs":[0.0,-1.13137]},"K9s":{"weight":1.0,"played":[1.0,0.0],"evs":[0.0,-0.83529]},"KTs":{"weight":1.0,"played":[0.8798,0.1202],"evs":[0.0,-0.14793]},"KJs":{"weight":1.0,"played":[2.0E-4,0.9998],"evs":[0.0,0.16203]},"KQs":{"weight":1.0,"played":[0.0,1.0],"evs":[0.0,0.89381]},"KK":{"weight":1.0,"played":[0.0,1.0],"evs":[0.0,8.65729]},"AKo":{"weight":1.0,"played":[0.0,1.0],"evs":[0.0,2.81167]},"A2s":{"weight":1.0,"played":[1.0,0.0],"evs":[0.0,-2.13065]},"A3s":{"weight":1.0,"played":[1.0,0.0],"evs":[0.0,-1.7906]},"A4s":{"weight":1.0,"played":[1.0,0.0],"evs":[0.0,-1.65501]},"A5s":{"weight":1.0,"played":[1.0,0.0],"evs":[0.0,-1.3558]},"A6s":{"weight":1.0,"played":[1.0,0.0],"evs":[0.0,-1.52478]},"A7s":{"weight":1.0,"played":[0.9999,1.0E-4],"evs":[0.0,-1.22365]},"A8s":{"weight":1.0,"played":[1.0,0.0],"evs":[0.0,-0.80485]},"A9s":{"weight":1.0,"played":[0.9994,6.0E-4],"evs":[0.0,-0.38499]},"ATs":{"weight":1.0,"played":[0.0,1.0],"evs":[0.0,0.85459]},"AJs":{"weight":1.0,"played":[0.0,1.0],"evs":[0.0,1.77502]},"AQs":{"weight":1.0,"played":[0.0,1.0],"evs":[0.0,2.68068]},"AKs":{"weight":1.0,"played":[0.0,1.0],"evs":[0.0,3.69836]},"AA":{"weight":1.0,"played":[0.0,1.0],"evs":[0.0,12.25028]}}}