{"player":5,"street":0,"children":3,"sequence":[{"player":0,"type":"F","amount":0,"street":0},{"player":1,"type":"F","amount":0,"street":0},{"player":2,"type":"R","amount":1405000,"street":0},{"player":3,"type":"C","amount":1405000,"street":0},{"player":4,"type":"F","amount":0,"street":0}],"actions":[{"type":"F","amount":0},{"type":"C","amount":1305000},{"type":"R","amount":2335000,"node":83}],"hands":{"22":{"weight":1.0,"played":[1.0,0.0,0.0],"evs":[0.0,-1.94634,-1.91679]},"32o":{"weight":1.0,"played":[1.0,0.0,0.0],"evs":[0.0,-4.58543,-6.2986]},"42o":{"weight":1.0,"played":[1.0,0.0,0.0],"evs":[0.0,-4.30438,-5.8954]},"52o":{"weight":1.0,"played":[1.0,0.0,0.0],"evs":[0.0,-4.17983,-5.65277]},"62o":{"weight":1.0,"played":[1.0,0.0,0.0],"evs":[0.0,-4.47885,-6.09791]},"72o":{"weight":1.0,"played":[1.0,0.0,0.0],"evs":[0.0,-4.69211,-6.33809]},"82o":{"weight":1.0,"played":[1.0,0.0,0.0],"evs":[0.0,-4.58542,-6.08074]},"92o":{"weight":1.0,"played":[1.0,0.0,0.0],"evs":[0.0,-4.63468,-6.13535]},"T2o":{"weight":1.0,"played":[1.0,0.0,0.0],"evs":[0.0,-4.49128,-5.75563]},"J2o":{"weight":1.0,"played":[1.0,0.0,0.0],"evs":[0.0,-4.47711,-5.76072]},"Q2o":{"weight":1.0,"played":[1.0,0.0,0.0],"evs":[0.0,-4.18236,-5.32342]},"K2o":{"weight":1.0,"played":[1.0,0.0,0.0],"evs":[0.0,-4.10738,-5.08116]},"A2o":{"weight":1.0,"played":[1.0,0.0,0.0],"evs":[0.0,-4.09988,-4.68324]},"32s":{"weight":1.0,"played":[1.0,0.0,0.0],"evs":[0.0,-3.29305,-4.531]},"33":{"weight":1.0,"played":[0.9999,0.0,1.0E-4],"evs":[0.0,-1.03455,-1.02919]},"43o":{"weight":1.0,"played":[1.0,0.0,0.0],"evs":[0.0,-3.79091,-5.14568]},"53o":{"weight":1.0,"played":[1.0,0.0,0.0],"evs":[0.0,-3.60769,-4.85161]},"63o":{"weight":1.0,"played":[1.0,0.0,0.0],"evs":[0.0,-3.76605,-5.19996]},"73o":{"weight":1.0,"played":[1.0,0.0,0.0],"evs":[0.0,-4.06531,-5.49179]},"83o":{"weight":1.0,"played":[1.0,0.0,0.0],"evs":[0.0,-4.45784,-5.95683]},"93o":{"weight":1.0,"played":[1.0,0.0,0.0],"evs":[0.0,-4.50467,-5.89971]},"T3o":{"weight":1.0,"played":[1.0,0.0,0.0],"evs":[0.0,-4.33261,-5.47187]},"J3o":{"weight":1.0,"played":[1.0,0.0,0.0],"evs":[0.0,-4.3402,-5.51382]},"Q3o":{"weight":1.0,"played":[1.0,0.0,0.0],"evs":[0.0,-3.96252,-4.95111]},"K3o":{"weight":1.0,"played":[1.0,0.0,0.0],"evs":[0.0,-3.91907,-4.7299]},"A3o":{"weight":1.0,"played":[1.0,0.0,0.0],"evs":[0.0,-3.76334,-4.2468]},"42s":{"weight":1.0,"played":[1.0,0.0,0.0],"evs":[0.0,-3.09798,-4.23477]},"43s":{"weight":1.0,"played":[1.0,0.0,0.0],"evs":[0.0,-2.5311,-3.57534]},"44":{"weight":1.0,"played":[0.8081,3.0E-4,0.1916],"evs":[0.0,-0.15583,-0.12434]},"54o":{"weight":1.0,"played":[1.0,0.0,0.0],"evs":[0.0,-3.09819,-4.16169]},"64o":{"weight":1.0,"played":[1.0,0.0,0.0],"evs":[0.0,-3.17948,-4.41756]},"74o":{"weight":1.0,"played":[1.0,0.0,0.0],"evs":[0.0,-3.43303,-4.62678]},"84o":{"weight":1.0,"played":[1.0,0.0,0.0],"evs":[0.0,-3.81968,-5.04901]},"94o":{"weight":1.0,"played":[1.0,0.0,0.0],"evs":[0.0,-4.29692,-5.64125]},"T4o":{"weight":1.0,"played":[1.0,0.0,0.0],"evs":[0.0,-4.09628,-5.1371]},"J4o":{"weight":1.0,"played":[1.0,0.0,0.0],"evs":[0.0,-4.10994,-5.16262]},"Q4o":{"weight":1.0,"played":[1.0,0.0,0.0],"evs":[0.0,-3.75682,-4.62811]},"K4o":{"weight":1.0,"played":[1.0,0.0,0.0],"evs":[0.0,-3.65714,-4.39777]},"A4o":{"weight":1.0,"played":[1.0,0.0,0.0],"evs":[0.0,-3.42582,-3.81375]},"52s":{"weight":1.0,"played":[1.0,0.0,0.0],"evs":[0.0,-2.91035,-4.04102]},"53s":{"weight":1.0,"played":[1.0,0.0,0.0],"evs":[0.0,-2.33496,-3.24115]},"54s":{"weight":1.0,"played":[1.0,0.0,0.0],"evs":[0.0,-1.8007,-2.56]},"55":{"weight":1.0,"played":[0.0,1.0E-4,0.9999],"evs":[0.0,0.64577,0.68592]},"65o":{"weight":1.0,"played":[1.0,0.0,0.0],"evs":[0.0,-2.71248,-3.74017]},"75o":{"weight":1.0,"played":[1.0,0.0,0.0],"evs":[0.0,-2.93179,-3.96126]},"85o":{"weight":1.0,"played":[1.0,0.0,0.0],"evs":[0.0,-3.31205,-4.37839]},"95o":{"weight":1.0,"played":[1.0,0.0,0.0],"evs":[0.0,-3.77947,-4.92599]},"T5o":{"weight":1.0,"played":[1.0,0.0,0.0],"evs":[0.0,-4.00115,-5.01512]},"J5o":{"weight":1.0,"played":[1.0,0.0,0.0],"evs":[0.0,-4.03328,-5.00172]},"Q5o":{"weight":1.0,"played":[1.0,0.0,0.0],"evs":[0.0,-3.59073,-4.36775]},"K5o":{"weight":1.0,"played":[1.0,0.0,0.0],"evs":[0.0,-3.46294,-4.12706]},"A5o":{"weight":1.0,"played":[1.0,0.0,0.0],"evs":[0.0,-3.26569,-3.56783]},"62s":{"weight":1.0,"played":[1.0,0.0,0.0],"evs":[0.0,-3.16025,-4.36064]},"63s":{"weight":1.0,"played":[1.0,0.0,0.0],"evs":[0.0,-2.56536,-3.59094]},"64s":{"weight":1.0,"played":[1.0,0.0,0.0],"evs":[0.0,-1.8165,-2.70144]},"65s":{"weight":1.0,"played":[1.0,0.0,0.0],"evs":[0.0,-1.36844,-2.06721]},"66":{"weight":1.0,"played":[0.0,0.0011,0.9989],"evs":[0.0,1.61364,1.6381]},"76o":{"weight":1.0,"played":[1.0,0.0,0.0],"evs":[0.0,-2.43551,-3.34574]},"86o":{"weight":1.0,"played":[1.0,0.0,0.0],"evs":[0.0,-2.71533,-3.63375]},"96o":{"weight":1.0,"played":[1.0,0.0,0.0],"evs":[0.0,-3.22052,-4.27423]},"T6o":{"weight":1.0,"played":[1.0,0.0,0.0],"evs":[0.0,-3.41341,-4.32452]},"J6o":{"weight":1.0,"played":[1.0,0.0,0.0],"evs":[0.0,-3.81111,-4.83325]},"Q6o":{"weight":1.0,"played":[1.0,0.0,0.0],"evs":[0.0,-3.37474,-4.14959]},"K6o":{"weight":1.0,"played":[1.0,0.0,0.0],"evs":[0.0,-3.3319,-3.96889]},"A6o":{"weight":1.0,"played":[1.0,0.0,0.0],"evs":[0.0,-3.44876,-3.82444]},"72s":{"weight":1.0,"played":[1.0,0.0,0.0],"evs":[0.0,-3.44933,-4.59958]},"73s":{"weight":1.0,"played":[1.0,0.0,0.0],"evs":[0.0,-2.87295,-3.93765]},"74s":{"weight":1.0,"played":[1.0,0.0,0.0],"evs":[0.0,-2.24112,-3.13293]},"75s":{"weight":1.0,"played":[1.0,0.0,0.0],"evs":[0.0,-1.71893,-2.4382]},"76s":{"weight":1.0,"played":[1.0,0.0,0.0],"evs":[0.0,-1.01988,-1.66468]},"77":{"weight":1.0,"played":[0.0,0.0566,0.9434],"evs":[0.0,2.92845,2.95142]},"87o":{"weight":1.0,"played":[1.0,0.0,0.0],"evs":[0.0,-2.28124,-3.04653]},"97o":{"weight":1.0,"played":[1.0,0.0,0.0],"evs":[0.0,-2.64829,-3.4976]},"T7o":{"weight":1.0,"played":[1.0,0.0,0.0],"evs":[0.0,-2.82564,-3.56956]},"J7o":{"weight":1.0,"played":[1.0,0.0,0.0],"evs":[0.0,-3.2051,-4.02512]},"Q7o":{"weight":1.0,"played":[1.0,0.0,0.0],"evs":[0.0,-3.2821,-4.02162]},"K7o":{"weight":1.0,"played":[1.0,0.0,0.0],"evs":[0.0,-3.11567,-3.64247]},"A7o":{"weight":1.0,"played":[1.0,0.0,0.0],"evs":[0.0,-2.9182,-3.17384]},"82s":{"weight":1.0,"played":[1.0,0.0,0.0],"evs":[0.0,-3.20465,-4.31016]},"83s":{"weight":1.0,"played":[1.0,0.0,0.0],"evs":[0.0,-3.13787,-4.20641]},"84s":{"weight":1.0,"played":[1.0,0.0,0.0],"evs":[0.0,-2.56431,-3.4947]},"85s":{"weight":1.0,"played":[1.0,0.0,0.0],"evs":[0.0,-1.99827,-2.75712]},"86s":{"weight":1.0,"played":[1.0,0.0,0.0],"evs":[0.0,-1.45497,-2.17963]},"87s":{"weight":1.0,"played":[0.9998,2.0E-4,0.0],"evs":[0.0,-1.04918,-1.62692]},"88":{"weight":1.0,"played":[0.0,0.002,0.998],"evs":[0.0,3.6506,3.68904]},"98o":{"weight":1.0,"played":[1.0,0.0,0.0],"evs":[0.0,-2.38785,-3.11249]},"T8o":{"weight":1.0,"played":[1.0,0.0,0.0],"evs":[0.0,-2.34115,-2.94515]},"J8o":{"weight":1.0,"played":[1.0,0.0,0.0],"evs":[0.0,-2.81396,-3.47699]},"Q8o":{"weight":1.0,"played":[1.0,0.0,0.0],"evs":[0.0,-2.87126,-3.4584]},"K8o":{"weight":1.0,"played":[1.0,0.0,0.0],"evs":[0.0,-3.14745,-3.65146]},"A8o":{"weight":1.0,"played":[1.0,0.0,0.0],"evs":[0.0,-2.54979,-2.71234]},"92s":{"weight":1.0,"played":[1.0,0.0,0.0],"evs":[0.0,-3.39371,-4.44117]},"93s":{"weight":1.0,"played":[1.0,0.0,0.0],"evs":[0.0,-3.20489,-4.25188]},"94s":{"weight":1.0,"played":[1.0,0.0,0.0],"evs":[0.0,-3.05454,-4.04032]},"95s":{"weight":1.0,"played":[1.0,0.0,0.0],"evs":[0.0,-2.53347,-3.31358]},"96s":{"weight":1.0,"played":[1.0,0.0,0.0],"evs":[0.0,-1.98714,-2.75433]},"97s":{"weight":1.0,"played":[1.0,0.0,0.0],"evs":[0.0,-1.39704,-2.04156]},"98s":{"weight":1.0,"played":[1.0,0.0,0.0],"evs":[0.0,-1.07293,-1.62685]},"99":{"weight":1.0,"played":[0.0,0.0,1.0],"evs":[0.0,4.74086,4.78771]},"T9o":{"weight":1.0,"played":[1.0,0.0,0.0],"evs":[0.0,-2.13155,-2.63731]},"J9o":{"weight":1.0,"played":[1.0,0.0,0.0],"evs":[0.0,-2.52506,-3.073]},"Q9o":{"weight":1.0,"played":[1.0,0.0,0.0],"evs":[0.0,-2.58486,-3.12259]},"K9o":{"weight":1.0,"played":[1.0,0.0,0.0],"evs":[0.0,-3.00504,-3.36226]},"A9o":{"weight":1.0,"played":[1.0,0.0,0.0],"evs":[0.0,-1.71156,-1.71028]},"T2s":{"weight":1.0,"played":[1.0,0.0,0.0],"evs":[0.0,-3.0972,-4.02778]},"T3s":{"weight":1.0,"played":[1.0,0.0,0.0],"evs":[0.0,-3.03005,-3.82986]},"T4s":{"weight":1.0,"played":[1.0,0.0,0.0],"evs":[0.0,-2.59021,-3.35474]},"T5s":{"weight":1.0,"played":[1.0,0.0,0.0],"evs":[0.0,-2.58634,-3.3573]},"T6s":{"weight":1.0,"played":[1.0,0.0,0.0],"evs":[0.0,-2.02244,-2.68108]},"T7s":{"weight":1.0,"played":[1.0,0.0,0.0],"evs":[0.0,-1.53315,-2.06922]},"T8s":{"weight":1.0,"played":[1.0,0.0,0.0],"evs":[0.0,-1.08162,-1.53894]},"T9s":{"weight":1.0,"played":[0.9999,1.0E-4,0.0],"evs":[0.0,-0.76515,-1.14376]},"TT":{"weight":1.0,"played":[0.0,0.0,1.0],"evs":[0.0,6.72141,6.77356]},"JTo":{"weight":1.0,"played":[1.0,0.0,0.0],"evs":[0.0,-1.65176,-1.92527]},"QTo":{"weight":1.0,"played":[1.0,0.0,0.0],"evs":[0.0,-1.64506,-1.89449]},"KTo":{"weight":1.0,"played":[1.0,0.0,0.0],"evs":[0.0,-1.81011,-1.86047]},"ATo":{"weight":1.0,"played":[0.0,0.0,1.0],"evs":[0.0,0.33024,0.39487]},"J2s":{"weight":1.0,"played":[1.0,0.0,0.0],"evs":[0.0,-3.17293,-4.10292]},"J3s":{"weight":1.0,"played":[1.0,0.0,0.0],"evs":[0.0,-3.00145,-3.85714]},"J4s":{"weight":1.0,"played":[1.0,0.0,0.0],"evs":[0.0,-2.66537,-3.44818]},"J5s":{"weight":1.0,"played":[1.0,0.0,0.0],"evs":[0.0,-2.56636,-3.22401]},"J6s":{"weight":1.0,"played":[1.0,0.0,0.0],"evs":[0.0,-2.37637,-3.02436]},"J7s":{"weight":1.0,"played":[1.0,0.0,0.0],"evs":[0.0,-1.74101,-2.32466]},"J8s":{"weight":1.0,"played":[1.0,0.0,0.0],"evs":[0.0,-1.43682,-1.91593]},"J9s":{"weight":1.0,"played":[1.0,0.0,0.0],"evs":[0.0,-1.042,-1.52742]},"JTs":{"weight":1.0,"played":[0.9847,0.0153,0.0],"evs":[0.0,-0.33378,-0.56372]},"JJ":{"weight":1.0,"played":[0.0,0.0,1.0],"evs":[0.0,8.80694,8.88236]},"QJo":{"weight":1.0,"played":[1.0,0.0,0.0],"evs":[0.0,-1.41406,-1.58043]},"KJo":{"weight":1.0,"played":[1.0,0.0,0.0],"evs":[0.0,-1.36159,-1.34843]},"AJo":{"weight":1.0,"played":[0.0,0.0,1.0],"evs":[0.0,1.8274,1.88685]},"Q2s":{"weight":1.0,"played":[1.0,0.0,0.0],"evs":[0.0,-2.74393,-3.53148]},"Q3s":{"weight":1.0,"played":[1.0,0.0,0.0],"evs":[0.0,-2.56226,-3.24072]},"Q4s":{"weight":1.0,"played":[1.0,0.0,0.0],"evs":[0.0,-2.26367,-2.84342]},"Q5s":{"weight":1.0,"played":[1.0,0.0,0.0],"evs":[0.0,-2.03323,-2.5899]},"Q6s":{"weight":1.0,"played":[1.0,0.0,0.0],"evs":[0.0,-1.92412,-2.53349]},"Q7s":{"weight":1.0,"played":[1.0,0.0,0.0],"evs":[0.0,-1.82002,-2.278]},"Q8s":{"weight":1.0,"played":[1.0,0.0,0.0],"evs":[0.0,-1.43904,-1.89926]},"Q9s":{"weight":1.0,"played":[1.0,0.0,0.0],"evs":[0.0,-1.20623,-1.60526]},"QTs":{"weight":1.0,"played":[0.9964,0.0026,0.0011],"evs":[0.0,-0.15891,-0.33772]},"QJs":{"weight":1.0,"played":[0.9658,0.0315,0.0027],"evs":[0.0,-0.07022,-0.19155]},"QQ":{"weight":1.0,"played":[0.0,0.0,1.0],"evs":[0.0,10.72635,10.82126]},"KQo":{"weight":1.0,"played":[0.9722,0.0068,0.021],"evs":[0.0,-0.07391,-0.04751]},"AQo":{"weight":1.0,"played":[0.0,0.0,1.0],"evs":[0.0,3.22115,3.27069]},"K2s":{"weight":1.0,"played":[1.0,0.0,0.0],"evs":[0.0,-2.66346,-3.30248]},"K3s":{"weight":1.0,"played":[1.0,0.0,0.0],"evs":[0.0,-2.53424,-3.1241]},"K4s":{"weight":1.0,"played":[1.0,0.0,0.0],"evs":[0.0,-2.12452,-2.60841]},"K5s":{"weight":1.0,"played":[1.0,0.0,0.0],"evs":[0.0,-1.94306,-2.42494]},"K6s":{"weight":1.0,"played":[1.0,0.0,0.0],"evs":[0.0,-1.90248,-2.37682]},"K7s":{"weight":1.0,"played":[1.0,0.0,0.0],"evs":[0.0,-1.71779,-2.12807]},"K8s":{"weight":1.0,"played":[1.0,0.0,0.0],"evs":[0.0,-1.66693,-2.06275]},"K9s":{"weight":1.0,"played":[1.0,0.0,0.0],"evs":[0.0,-1.43566,-1.70846]},"KTs":{"weight":1.0,"played":[0.995,0.0015,0.0035],"evs":[0.0,-0.45655,-0.49798]},"KJs":{"weight":1.0,"played":[0.0595,0.4131,0.5273],"evs":[0.0,0.17676,0.18267]},"KQs":{"weight":1.0,"played":[0.0,7.0E-4,0.9993],"evs":[0.0,1.19529,1.23231]},"KK":{"weight":1.0,"played":[0.0,0.0,1.0],"evs":[0.0,13.28073,13.40008]},"AKo":{"weight":1.0,"played":[0.0,0.0,1.0],"evs":[0.0,4.8433,4.88905]},"A2s":{"weight":1.0,"played":[1.0,0.0,0.0],"evs":[0.0,-2.55376,-2.92587]},"A3s":{"weight":1.0,"played":[1.0,0.0,0.0],"evs":[0.0,-2.26279,-2.61734]},"A4s":{"weight":1.0,"played":[1.0,0.0,0.0],"evs":[0.0,-1.8032,-2.07125]},"A5s":{"weight":1.0,"played":[1.0,0.0,0.0],"evs":[0.0,-1.6872,-1.89861]},"A6s":{"weight":1.0,"played":[1.0,0.0,0.0],"evs":[0.0,-1.645,-1.9013]},"A7s":{"weight":1.0,"played":[1.0,0.0,0.0],"evs":[0.0,-1.36952,-1.56659]},"A8s":{"weight":1.0,"played":[0.9998,1.0E-4,2.0E-4],"evs":[0.0,-1.02542,-1.14536]},"A9s":{"weight":1.0,"played":[0.648,0.0089,0.3431],"evs":[0.0,-0.14893,-0.13525]},"ATs":{"weight":1.0,"played":[0.0,7.0E-4,0.9993],"evs":[0.0,1.89402,1.97906]},"AJs":{"weight":1.0,"played":[0.0,1.0E-4,0.9999],"evs":[0.0,3.22568,3.29439]},"AQs":{"weight":1.0,"played":[0.0,0.0,1.0],"evs":[0.0,4.7386,4.80486]},"AKs":{"weight":1.0,"played":[0.0,8.0E-4,0.9992],"evs":[0.0,5.98501,6.04523]},"AA":{"weight":1.0,"played":[0.0,0.0,1.0],"evs":[0.0,18.22579,18.36166]}}}