{"player":5,"street":0,"children":2,"sequence":[{"player":0,"type":"F","amount":0,"street":0},{"player":1,"type":"F","amount":0,"street":0},{"player":2,"type":"R","amount":1405000,"street":0},{"player":3,"type":"R","amount":2335000,"street":0},{"player":4,"type":"F","amount":0,"street":0}],"actions":[{"type":"F","amount":0},{"type":"C","amount":2235000}],"hands":{"22":{"weight":1.0,"played":[1.0,0.0],"evs":[0.0,-1.54459]},"32o":{"weight":1.0,"played":[1.0,0.0],"evs":[0.0,-6.14465]},"42o":{"weight":1.0,"played":[1.0,0.0],"evs":[0.0,-5.81794]},"52o":{"weight":1.0,"played":[1.0,0.0],"evs":[0.0,-5.57631]},"62o":{"weight":1.0,"played":[1.0,0.0],"evs":[0.0,-5.94353]},"72o":{"weight":1.0,"played":[1.0,0.0],"evs":[0.0,-6.24215]},"82o":{"weight":1.0,"played":[1.0,0.0],"evs":[0.0,-6.12519]},"92o":{"weight":1.0,"played":[1.0,0.0],"evs":[0.0,-5.7155]},"T2o":{"weight":1.0,"played":[1.0,0.0],"evs":[0.0,-5.81129]},"J2o":{"weight":1.0,"played":[1.0,0.0],"evs":[0.0,-5.66285]},"Q2o":{"weight":1.0,"played":[1.0,0.0],"evs":[0.0,-5.21992]},"K2o":{"weight":1.0,"played":[1.0,0.0],"evs":[0.0,-4.94985]},"A2o":{"weight":1.0,"played":[1.0,0.0],"evs":[0.0,-4.68194]},"32s":{"weight":1.0,"played":[1.0,0.0],"evs":[0.0,-4.41856]},"33":{"weight":1.0,"played":[1.0,0.0],"evs":[0.0,-0.97342]},"43o":{"weight":1.0,"played":[1.0,0.0],"evs":[0.0,-5.04522]},"53o":{"weight":1.0,"played":[1.0,0.0],"evs":[0.0,-4.78654]},"63o":{"weight":1.0,"played":[1.0,0.0],"evs":[0.0,-5.1374]},"73o":{"weight":1.0,"played":[1.0,0.0],"evs":[0.0,-5.47151]},"83o":{"weight":1.0,"played":[1.0,0.0],"evs":[0.0,-6.03645]},"93o":{"weight":1.0,"played":[1.0,0.0],"evs":[0.0,-5.37011]},"T3o":{"weight":1.0,"played":[1.0,0.0],"evs":[0.0,-5.5294]},"J3o":{"weight":1.0,"played":[1.0,0.0],"evs":[0.0,-5.31417]},"Q3o":{"weight":1.0,"played":[1.0,0.0],"evs":[0.0,-4.99415]},"K3o":{"weight":1.0,"played":[1.0,0.0],"evs":[0.0,-4.65355]},"A3o":{"weight":1.0,"played":[1.0,0.0],"evs":[0.0,-4.23361]},"42s":{"weight":1.0,"played":[1.0,0.0],"evs":[0.0,-4.11769]},"43s":{"weight":1.0,"played":[1.0,0.0],"evs":[0.0,-3.38004]},"44":{"weight":1.0,"played":[0.8043,0.1957],"evs":[0.0,-0.20279]},"54o":{"weight":1.0,"played":[1.0,0.0],"evs":[0.0,-4.08192]},"64o":{"weight":1.0,"played":[1.0,0.0],"evs":[0.0,-4.39608]},"74o":{"weight":1.0,"played":[1.0,0.0],"evs":[0.0,-4.76099]},"84o":{"weight":1.0,"played":[1.0,0.0],"evs":[0.0,-5.16167]},"94o":{"weight":1.0,"played":[1.0,0.0],"evs":[0.0,-5.24828]},"T4o":{"weight":1.0,"played":[1.0,0.0],"evs":[0.0,-5.22887]},"J4o":{"weight":1.0,"played":[1.0,0.0],"evs":[0.0,-5.08033]},"Q4o":{"weight":1.0,"played":[1.0,0.0],"evs":[0.0,-4.67054]},"K4o":{"weight":1.0,"played":[1.0,0.0],"evs":[0.0,-4.33631]},"A4o":{"weight":1.0,"played":[1.0,0.0],"evs":[0.0,-3.96081]},"52s":{"weight":1.0,"played":[1.0,0.0],"evs":[0.0,-3.85683]},"53s":{"weight":1.0,"played":[1.0,0.0],"evs":[0.0,-3.20766]},"54s":{"weight":1.0,"played":[1.0,0.0],"evs":[0.0,-2.58084]},"55":{"weight":1.0,"played":[0.0,1.0],"evs":[0.0,0.72606]},"65o":{"weight":1.0,"played":[1.0,0.0],"evs":[0.0,-3.83527]},"75o":{"weight":1.0,"played":[1.0,0.0],"evs":[0.0,-4.17452]},"85o":{"weight":1.0,"played":[1.0,0.0],"evs":[0.0,-4.54668]},"95o":{"weight":1.0,"played":[1.0,0.0],"evs":[0.0,-4.63656]},"T5o":{"weight":1.0,"played":[1.0,0.0],"evs":[0.0,-5.20201]},"J5o":{"weight":1.0,"played":[1.0,0.0],"evs":[0.0,-4.97753]},"Q5o":{"weight":1.0,"played":[1.0,0.0],"evs":[0.0,-4.57732]},"K5o":{"weight":1.0,"played":[1.0,0.0],"evs":[0.0,-4.31097]},"A5o":{"weight":1.0,"played":[1.0,0.0],"evs":[0.0,-3.74093]},"62s":{"weight":1.0,"played":[1.0,0.0],"evs":[0.0,-4.25239]},"63s":{"weight":1.0,"played":[1.0,0.0],"evs":[0.0,-3.45692]},"64s":{"weight":1.0,"played":[1.0,0.0],"evs":[0.0,-2.80127]},"65s":{"weight":1.0,"played":[1.0,0.0],"evs":[0.0,-2.32414]},"66":{"weight":1.0,"played":[0.0,1.0],"evs":[0.0,1.65087]},"76o":{"weight":1.0,"played":[1.0,0.0],"evs":[0.0,-3.41661]},"86o":{"weight":1.0,"played":[1.0,0.0],"evs":[0.0,-3.78027]},"96o":{"weight":1.0,"played":[1.0,0.0],"evs":[0.0,-3.80231]},"T6o":{"weight":1.0,"played":[1.0,0.0],"evs":[0.0,-4.42511]},"J6o":{"weight":1.0,"played":[1.0,0.0],"evs":[0.0,-4.63804]},"Q6o":{"weight":1.0,"played":[1.0,0.0],"evs":[0.0,-4.19647]},"K6o":{"weight":1.0,"played":[1.0,0.0],"evs":[0.0,-3.94942]},"A6o":{"weight":1.0,"played":[1.0,0.0],"evs":[0.0,-3.75824]},"72s":{"weight":1.0,"played":[1.0,0.0],"evs":[0.0,-4.55661]},"73s":{"weight":1.0,"played":[1.0,0.0],"evs":[0.0,-3.83262]},"74s":{"weight":1.0,"played":[1.0,0.0],"evs":[0.0,-3.00628]},"75s":{"weight":1.0,"played":[1.0,0.0],"evs":[0.0,-2.62562]},"76s":{"weight":1.0,"played":[1.0,0.0],"evs":[0.0,-1.78598]},"77":{"weight":1.0,"played":[0.0,1.0],"evs":[0.0,2.46589]},"87o":{"weight":1.0,"played":[1.0,0.0],"evs":[0.0,-3.20161]},"97o":{"weight":1.0,"played":[1.0,0.0],"evs":[0.0,-3.2176]},"T7o":{"weight":1.0,"played":[1.0,0.0],"evs":[0.0,-3.74849]},"J7o":{"weight":1.0,"played":[1.0,0.0],"evs":[0.0,-4.06309]},"Q7o":{"weight":1.0,"played":[1.0,0.0],"evs":[0.0,-4.17865]},"K7o":{"weight":1.0,"played":[1.0,0.0],"evs":[0.0,-3.79317]},"A7o":{"weight":1.0,"played":[1.0,0.0],"evs":[0.0,-3.31352]},"82s":{"weight":1.0,"played":[1.0,0.0],"evs":[0.0,-4.39828]},"83s":{"weight":1.0,"played":[1.0,0.0],"evs":[0.0,-4.18336]},"84s":{"weight":1.0,"played":[1.0,0.0],"evs":[0.0,-3.57283]},"85s":{"weight":1.0,"played":[1.0,0.0],"evs":[0.0,-3.12487]},"86s":{"weight":1.0,"played":[1.0,0.0],"evs":[0.0,-2.14865]},"87s":{"weight":1.0,"played":[1.0,0.0],"evs":[0.0,-1.75022]},"88":{"weight":1.0,"played":[0.0,1.0],"evs":[0.0,3.84525]},"98o":{"weight":1.0,"played":[1.0,0.0],"evs":[0.0,-2.78708]},"T8o":{"weight":1.0,"played":[1.0,0.0],"evs":[0.0,-3.23041]},"J8o":{"weight":1.0,"played":[1.0,0.0],"evs":[0.0,-3.62413]},"Q8o":{"weight":1.0,"played":[1.0,0.0],"evs":[0.0,-3.70681]},"K8o":{"weight":1.0,"played":[1.0,0.0],"evs":[0.0,-3.88446]},"A8o":{"weight":1.0,"played":[1.0,0.0],"evs":[0.0,-2.53788]},"92s":{"weight":1.0,"played":[1.0,0.0],"evs":[0.0,-4.08754]},"93s":{"weight":1.0,"played":[1.0,0.0],"evs":[0.0,-3.92234]},"94s":{"weight":1.0,"played":[1.0,0.0],"evs":[0.0,-3.52061]},"95s":{"weight":1.0,"played":[1.0,0.0],"evs":[0.0,-2.82598]},"96s":{"weight":1.0,"played":[1.0,0.0],"evs":[0.0,-2.27355]},"97s":{"weight":1.0,"played":[1.0,0.0],"evs":[0.0,-1.73313]},"98s":{"weight":1.0,"played":[1.0,0.0],"evs":[0.0,-1.31138]},"99":{"weight":1.0,"played":[0.0,1.0],"evs":[0.0,5.36197]},"T9o":{"weight":1.0,"played":[1.0,0.0],"evs":[0.0,-2.28442]},"J9o":{"weight":1.0,"played":[1.0,0.0],"evs":[0.0,-2.59571]},"Q9o":{"weight":1.0,"played":[1.0,0.0],"evs":[0.0,-2.5814]},"K9o":{"weight":1.0,"played":[1.0,0.0],"evs":[0.0,-2.77504]},"A9o":{"weight":1.0,"played":[1.0,0.0],"evs":[0.0,-1.53362]},"T2s":{"weight":1.0,"played":[1.0,0.0],"evs":[0.0,-4.05089]},"T3s":{"weight":1.0,"played":[1.0,0.0],"evs":[0.0,-3.76427]},"T4s":{"weight":1.0,"played":[1.0,0.0],"evs":[0.0,-3.44821]},"T5s":{"weight":1.0,"played":[1.0,0.0],"evs":[0.0,-3.50264]},"T6s":{"weight":1.0,"played":[1.0,0.0],"evs":[0.0,-2.7879]},"T7s":{"weight":1.0,"played":[1.0,0.0],"evs":[0.0,-2.18242]},"T8s":{"weight":1.0,"played":[1.0,0.0],"evs":[0.0,-1.69072]},"T9s":{"weight":1.0,"played":[1.0,0.0],"evs":[0.0,-0.83766]},"TT":{"weight":1.0,"played":[0.0,1.0],"evs":[0.0,6.97012]},"JTo":{"weight":1.0,"played":[1.0,0.0],"evs":[0.0,-1.92944]},"QTo":{"weight":1.0,"played":[1.0,0.0],"evs":[0.0,-2.03611]},"KTo":{"weight":1.0,"played":[1.0,0.0],"evs":[0.0,-2.05181]},"ATo":{"weight":1.0,"played":[0.003,0.997],"evs":[0.0,0.33495]},"J2s":{"weight":1.0,"played":[1.0,0.0],"evs":[0.0,-3.8333]},"J3s":{"weight":1.0,"played":[1.0,0.0],"evs":[0.0,-3.59717]},"J4s":{"weight":1.0,"played":[1.0,0.0],"evs":[0.0,-3.44617]},"J5s":{"weight":1.0,"played":[1.0,0.0],"evs":[0.0,-3.30215]},"J6s":{"weight":1.0,"played":[1.0,0.0],"evs":[0.0,-2.96717]},"J7s":{"weight":1.0,"played":[1.0,0.0],"evs":[0.0,-2.49948]},"J8s":{"weight":1.0,"played":[1.0,0.0],"evs":[0.0,-2.02122]},"J9s":{"weight":1.0,"played":[1.0,0.0],"evs":[0.0,-0.98241]},"JTs":{"weight":1.0,"played":[0.9993,7.0E-4],"evs":[0.0,-0.46628]},"JJ":{"weight":1.0,"played":[0.0,1.0],"evs":[0.0,8.77189]},"QJo":{"weight":1.0,"played":[1.0,0.0],"evs":[0.0,-1.66275]},"KJo":{"weight":1.0,"played":[1.0,0.0],"evs":[0.0,-1.27888]},"AJo":{"weight":1.0,"played":[0.0,1.0],"evs":[0.0,1.81653]},"Q2s":{"weight":1.0,"played":[1.0,0.0],"evs":[0.0,-3.37288]},"Q3s":{"weight":1.0,"played":[1.0,0.0],"evs":[0.0,-3.14105]},"Q4s":{"weight":1.0,"played":[1.0,0.0],"evs":[0.0,-2.96136]},"Q5s":{"weight":1.0,"played":[1.0,0.0],"evs":[0.0,-2.93231]},"Q6s":{"weight":1.0,"played":[1.0,0.0],"evs":[0.0,-2.54727]},"Q7s":{"weight":1.0,"played":[1.0,0.0],"evs":[0.0,-2.5702]},"Q8s":{"weight":1.0,"played":[1.0,0.0],"evs":[0.0,-2.10421]},"Q9s":{"weight":1.0,"played":[1.0,0.0],"evs":[0.0,-1.0987]},"QTs":{"weight":1.0,"played":[0.991,0.009],"evs":[0.0,-0.51545]},"QJs":{"weight":1.0,"played":[0.9514,0.0486],"evs":[0.0,-0.2183]},"QQ":{"weight":1.0,"played":[0.0,1.0],"evs":[0.0,11.25337]},"KQo":{"weight":1.0,"played":[0.9802,0.0198],"evs":[0.0,-0.19806]},"AQo":{"weight":1.0,"played":[0.0,1.0],"evs":[0.0,3.56494]},"K2s":{"weight":1.0,"played":[1.0,0.0],"evs":[0.0,-3.3422]},"K3s":{"weight":1.0,"played":[1.0,0.0],"evs":[0.0,-2.9292]},"K4s":{"weight":1.0,"played":[1.0,0.0],"evs":[0.0,-2.59346]},"K5s":{"weight":1.0,"played":[1.0,0.0],"evs":[0.0,-2.5769]},"K6s":{"weight":1.0,"played":[1.0,0.0],"evs":[0.0,-2.18477]},"K7s":{"weight":1.0,"played":[1.0,0.0],"evs":[0.0,-2.06717]},"K8s":{"weight":1.0,"played":[1.0,0.0],"evs":[0.0,-2.25999]},"K9s":{"weight":1.0,"played":[1.0,0.0],"evs":[0.0,-1.14574]},"KTs":{"weight":1.0,"played":[0.995,0.005],"evs":[0.0,-0.52778]},"KJs":{"weight":1.0,"played":[0.0468,0.9532],"evs":[0.0,0.1991]},"KQs":{"weight":1.0,"played":[0.0,1.0],"evs":[0.0,1.23397]},"KK":{"weight":1.0,"played":[0.0,1.0],"evs":[0.0,13.70287]},"AKo":{"weight":1.0,"played":[0.0,1.0],"evs":[0.0,5.51731]},"A2s":{"weight":1.0,"played":[1.0,0.0],"evs":[0.0,-2.91243]},"A3s":{"weight":1.0,"played":[1.0,0.0],"evs":[0.0,-2.71295]},"A4s":{"weight":1.0,"played":[1.0,0.0],"evs":[0.0,-2.27151]},"A5s":{"weight":1.0,"played":[1.0,0.0],"evs":[0.0,-1.90596]},"A6s":{"weight":1.0,"played":[1.0,0.0],"evs":[0.0,-2.01468]},"A7s":{"weight":1.0,"played":[1.0,0.0],"evs":[0.0,-1.71314]},"A8s":{"weight":1.0,"played":[0.9999,1.0E-4],"evs":[0.0,-0.91862]},"A9s":{"weight":1.0,"played":[0.6719,0.3281],"evs":[0.0,-0.03479]},"ATs":{"weight":1.0,"played":[0.0,1.0],"evs":[0.0,1.8088]},"AJs":{"weight":1.0,"played":[0.0,1.0],"evs":[0.0,3.17331]},"AQs":{"weight":1.0,"played":[0.0,1.0],"evs":[0.0,4.85186]},"AKs":{"weight":1.0,"played":[0.0,1.0],"evs":[0.0,6.51905]},"AA":{"weight":1.0,"played":[0.0,1.0],"evs":[0.0,18.56325]}}}