{"player":3,"street":0,"children":3,"sequence":[{"player":0,"type":"F","amount":0,"street":0},{"player":1,"type":"R","amount":925000,"street":0},{"player":2,"type":"F","amount":0,"street":0}],"actions":[{"type":"F","amount":0,"node":91},{"type":"C","amount":925000,"node":96},{"type":"R","amount":2335000,"node":106}],"hands":{"22":{"weight":1.0,"played":[0.9997,1.0E-4,2.0E-4],"evs":[0.0,-0.03133,-0.02562]},"32o":{"weight":1.0,"played":[1.0,0.0,0.0],"evs":[0.0,-2.4254,-2.51503]},"42o":{"weight":1.0,"played":[1.0,0.0,0.0],"evs":[0.0,-2.3369,-2.41192]},"52o":{"weight":1.0,"played":[1.0,0.0,0.0],"evs":[0.0,-2.26492,-2.32628]},"62o":{"weight":1.0,"played":[1.0,0.0,0.0],"evs":[0.0,-2.38338,-2.48254]},"72o":{"weight":1.0,"played":[1.0,0.0,0.0],"evs":[0.0,-2.48966,-2.61374]},"82o":{"weight":1.0,"played":[1.0,0.0,0.0],"evs":[0.0,-2.3567,-2.44353]},"92o":{"weight":1.0,"played":[1.0,0.0,0.0],"evs":[0.0,-2.33804,-2.40508]},"T2o":{"weight":1.0,"played":[1.0,0.0,0.0],"evs":[0.0,-2.26988,-2.32322]},"J2o":{"weight":1.0,"played":[1.0,0.0,0.0],"evs":[0.0,-2.16068,-2.21662]},"Q2o":{"weight":1.0,"played":[1.0,0.0,0.0],"evs":[0.0,-2.00815,-2.02119]},"K2o":{"weight":1.0,"played":[1.0,0.0,0.0],"evs":[0.0,-1.71142,-1.70717]},"A2o":{"weight":1.0,"played":[1.0,0.0,0.0],"evs":[0.0,-0.87426,-0.88224]},"32s":{"weight":1.0,"played":[1.0,0.0,0.0],"evs":[0.0,-1.78358,-1.78768]},"33":{"weight":1.0,"played":[0.0,0.0958,0.9042],"evs":[0.0,0.26029,0.26471]},"43o":{"weight":1.0,"played":[1.0,0.0,0.0],"evs":[0.0,-2.07506,-2.09228]},"53o":{"weight":1.0,"played":[1.0,0.0,0.0],"evs":[0.0,-2.00713,-2.01399]},"63o":{"weight":1.0,"played":[1.0,0.0,0.0],"evs":[0.0,-2.12518,-2.15862]},"73o":{"weight":1.0,"played":[1.0,0.0,0.0],"evs":[0.0,-2.22858,-2.29941]},"83o":{"weight":1.0,"played":[1.0,0.0,0.0],"evs":[0.0,-2.30712,-2.38767]},"93o":{"weight":1.0,"played":[1.0,0.0,0.0],"evs":[0.0,-2.24571,-2.29927]},"T3o":{"weight":1.0,"played":[1.0,0.0,0.0],"evs":[0.0,-2.18239,-2.22294]},"J3o":{"weight":1.0,"played":[1.0,0.0,0.0],"evs":[0.0,-2.07067,-2.10529]},"Q3o":{"weight":1.0,"played":[1.0,0.0,0.0],"evs":[0.0,-1.90974,-1.91348]},"K3o":{"weight":1.0,"played":[1.0,0.0,0.0],"evs":[0.0,-1.59902,-1.59635]},"A3o":{"weight":1.0,"played":[1.0,0.0,0.0],"evs":[0.0,-0.77253,-0.77357]},"42s":{"weight":1.0,"played":[1.0,0.0,0.0],"evs":[0.0,-1.66143,-1.66442]},"43s":{"weight":1.0,"played":[1.0,0.0,0.0],"evs":[0.0,-1.37372,-1.37484]},"44":{"weight":1.0,"played":[0.0,0.1365,0.8635],"evs":[0.0,0.54943,0.55193]},"54o":{"weight":1.0,"played":[1.0,0.0,0.0],"evs":[0.0,-1.70203,-1.70535]},"64o":{"weight":1.0,"played":[1.0,0.0,0.0],"evs":[0.0,-1.85231,-1.85796]},"74o":{"weight":1.0,"played":[1.0,0.0,0.0],"evs":[0.0,-1.96782,-1.97808]},"84o":{"weight":1.0,"played":[1.0,0.0,0.0],"evs":[0.0,-2.06255,-2.0852]},"94o":{"weight":1.0,"played":[1.0,0.0,0.0],"evs":[0.0,-2.19453,-2.24045]},"T4o":{"weight":1.0,"played":[1.0,0.0,0.0],"evs":[0.0,-2.08316,-2.10924]},"J4o":{"weight":1.0,"played":[1.0,0.0,0.0],"evs":[0.0,-1.97196,-1.99159]},"Q4o":{"weight":1.0,"played":[1.0,0.0,0.0],"evs":[0.0,-1.80082,-1.80377]},"K4o":{"weight":1.0,"played":[1.0,0.0,0.0],"evs":[0.0,-1.48995,-1.48622]},"A4o":{"weight":1.0,"played":[1.0,0.0,0.0],"evs":[0.0,-0.66056,-0.66103]},"52s":{"weight":1.0,"played":[1.0,0.0,0.0],"evs":[0.0,-1.60432,-1.6072]},"53s":{"weight":1.0,"played":[1.0,0.0,0.0],"evs":[0.0,-1.30656,-1.30901]},"54s":{"weight":1.0,"played":[1.0,0.0,0.0],"evs":[0.0,-1.02342,-1.02632]},"55":{"weight":1.0,"played":[0.0,0.1144,0.8856],"evs":[0.0,0.86934,0.8728]},"65o":{"weight":1.0,"played":[1.0,0.0,0.0],"evs":[0.0,-1.59033,-1.59458]},"75o":{"weight":1.0,"played":[1.0,0.0,0.0],"evs":[0.0,-1.70868,-1.7131]},"85o":{"weight":1.0,"played":[1.0,0.0,0.0],"evs":[0.0,-1.81745,-1.82084]},"95o":{"weight":1.0,"played":[1.0,0.0,0.0],"evs":[0.0,-1.96515,-1.97098]},"T5o":{"weight":1.0,"played":[1.0,0.0,0.0],"evs":[0.0,-2.08957,-2.11858]},"J5o":{"weight":1.0,"played":[1.0,0.0,0.0],"evs":[0.0,-1.93096,-1.94243]},"Q5o":{"weight":1.0,"played":[1.0,0.0,0.0],"evs":[0.0,-1.75078,-1.75165]},"K5o":{"weight":1.0,"played":[1.0,0.0,0.0],"evs":[0.0,-1.44029,-1.43776]},"A5o":{"weight":1.0,"played":[1.0,0.0,0.0],"evs":[0.0,-0.52602,-0.52714]},"62s":{"weight":1.0,"played":[1.0,0.0,0.0],"evs":[0.0,-1.74038,-1.74419]},"63s":{"weight":1.0,"played":[1.0,0.0,0.0],"evs":[0.0,-1.44566,-1.44601]},"64s":{"weight":1.0,"played":[1.0,0.0,0.0],"evs":[0.0,-1.1406,-1.14294]},"65s":{"weight":1.0,"played":[1.0,0.0,0.0],"evs":[0.0,-0.90661,-0.90828]},"66":{"weight":1.0,"played":[0.0,0.0986,0.9014],"evs":[0.0,1.27945,1.28275]},"76o":{"weight":1.0,"played":[1.0,0.0,0.0],"evs":[0.0,-1.41425,-1.41744]},"86o":{"weight":1.0,"played":[1.0,0.0,0.0],"evs":[0.0,-1.49837,-1.50127]},"96o":{"weight":1.0,"played":[1.0,0.0,0.0],"evs":[0.0,-1.65446,-1.65767]},"T6o":{"weight":1.0,"played":[1.0,0.0,0.0],"evs":[0.0,-1.78813,-1.7921]},"J6o":{"weight":1.0,"played":[1.0,0.0,0.0],"evs":[0.0,-1.86519,-1.87687]},"Q6o":{"weight":1.0,"played":[1.0,0.0,0.0],"evs":[0.0,-1.6417,-1.64134]},"K6o":{"weight":1.0,"played":[1.0,0.0,0.0],"evs":[0.0,-1.31715,-1.31269]},"A6o":{"weight":1.0,"played":[1.0,0.0,0.0],"evs":[0.0,-0.5396,-0.54794]},"72s":{"weight":1.0,"played":[1.0,0.0,0.0],"evs":[0.0,-1.86287,-1.86773]},"73s":{"weight":1.0,"played":[1.0,0.0,0.0],"evs":[0.0,-1.57067,-1.57432]},"74s":{"weight":1.0,"played":[1.0,0.0,0.0],"evs":[0.0,-1.2742,-1.27785]},"75s":{"weight":1.0,"played":[1.0,0.0,0.0],"evs":[0.0,-1.0349,-1.03629]},"76s":{"weight":1.0,"played":[1.0,0.0,0.0],"evs":[0.0,-0.75218,-0.75263]},"77":{"weight":1.0,"played":[0.0,0.025,0.975],"evs":[0.0,1.73005,1.73436]},"87o":{"weight":1.0,"played":[1.0,0.0,0.0],"evs":[0.0,-1.23025,-1.23242]},"97o":{"weight":1.0,"played":[1.0,0.0,0.0],"evs":[0.0,-1.3698,-1.37439]},"T7o":{"weight":1.0,"played":[1.0,0.0,0.0],"evs":[0.0,-1.48472,-1.48792]},"J7o":{"weight":1.0,"played":[1.0,0.0,0.0],"evs":[0.0,-1.58653,-1.58652]},"Q7o":{"weight":1.0,"played":[1.0,0.0,0.0],"evs":[0.0,-1.59203,-1.59211]},"K7o":{"weight":1.0,"played":[1.0,0.0,0.0],"evs":[0.0,-1.22583,-1.22203]},"A7o":{"weight":1.0,"played":[1.0,0.0,0.0],"evs":[0.0,-0.21806,-0.21846]},"82s":{"weight":1.0,"played":[1.0,0.0,0.0],"evs":[0.0,-1.71199,-1.71431]},"83s":{"weight":1.0,"played":[1.0,0.0,0.0],"evs":[0.0,-1.66424,-1.66834]},"84s":{"weight":1.0,"played":[1.0,0.0,0.0],"evs":[0.0,-1.36322,-1.36811]},"85s":{"weight":1.0,"played":[1.0,0.0,0.0],"evs":[0.0,-1.12682,-1.12853]},"86s":{"weight":1.0,"played":[1.0,0.0,0.0],"evs":[0.0,-0.83619,-0.83631]},"87s":{"weight":1.0,"played":[1.0,0.0,0.0],"evs":[0.0,-0.58161,-0.58271]},"88":{"weight":1.0,"played":[0.0,0.0898,0.9102],"evs":[0.0,2.22569,2.22958]},"98o":{"weight":1.0,"played":[1.0,0.0,0.0],"evs":[0.0,-1.09389,-1.09551]},"T8o":{"weight":1.0,"played":[1.0,0.0,0.0],"evs":[0.0,-1.18488,-1.18678]},"J8o":{"weight":1.0,"played":[1.0,0.0,0.0],"evs":[0.0,-1.27062,-1.26925]},"Q8o":{"weight":1.0,"played":[1.0,0.0,0.0],"evs":[0.0,-1.30364,-1.30443]},"K8o":{"weight":1.0,"played":[1.0,0.0,0.0],"evs":[0.0,-1.15483,-1.15018]},"A8o":{"weight":1.0,"played":[0.0,0.1829,0.8171],"evs":[0.0,0.13454,0.13432]},"92s":{"weight":1.0,"played":[1.0,0.0,0.0],"evs":[0.0,-1.65475,-1.65956]},"93s":{"weight":1.0,"played":[1.0,0.0,0.0],"evs":[0.0,-1.55107,-1.55351]},"94s":{"weight":1.0,"played":[1.0,0.0,0.0],"evs":[0.0,-1.51314,-1.51564]},"95s":{"weight":1.0,"played":[1.0,0.0,0.0],"evs":[0.0,-1.26889,-1.27085]},"96s":{"weight":1.0,"played":[1.0,0.0,0.0],"evs":[0.0,-0.96477,-0.96858]},"97s":{"weight":1.0,"played":[1.0,0.0,0.0],"evs":[0.0,-0.69937,-0.70021]},"98s":{"weight":1.0,"played":[1.0,0.0,0.0],"evs":[0.0,-0.44191,-0.44414]},"99":{"weight":1.0,"played":[0.0,0.1141,0.8859],"evs":[0.0,2.74552,2.74838]},"T9o":{"weight":1.0,"played":[1.0,0.0,0.0],"evs":[0.0,-0.9095,-0.9119]},"J9o":{"weight":1.0,"played":[1.0,0.0,0.0],"evs":[0.0,-1.00454,-1.00378]},"Q9o":{"weight":1.0,"played":[1.0,0.0,0.0],"evs":[0.0,-0.98937,-0.98937]},"K9o":{"weight":1.0,"played":[1.0,0.0,0.0],"evs":[0.0,-0.83576,-0.83052]},"A9o":{"weight":1.0,"played":[0.0,0.1315,0.8685],"evs":[0.0,0.56432,0.56492]},"T2s":{"weight":1.0,"played":[1.0,0.0,0.0],"evs":[0.0,-1.58571,-1.58852]},"T3s":{"weight":1.0,"played":[1.0,0.0,0.0],"evs":[0.0,-1.48618,-1.48829]},"T4s":{"weight":1.0,"played":[1.0,0.0,0.0],"evs":[0.0,-1.3978,-1.39837]},"T5s":{"weight":1.0,"played":[1.0,0.0,0.0],"evs":[0.0,-1.40834,-1.41179]},"T6s":{"weight":1.0,"played":[1.0,0.0,0.0],"evs":[0.0,-1.0966,-1.09917]},"T7s":{"weight":1.0,"played":[1.0,0.0,0.0],"evs":[0.0,-0.80607,-0.80883]},"T8s":{"weight":1.0,"played":[1.0,0.0,0.0],"evs":[0.0,-0.52211,-0.52438]},"T9s":{"weight":1.0,"played":[1.0,0.0,0.0],"evs":[0.0,-0.26091,-0.26259]},"TT":{"weight":1.0,"played":[0.0,0.0935,0.9065],"evs":[0.0,3.51277,3.51836]},"JTo":{"weight":1.0,"played":[1.0,0.0,0.0],"evs":[0.0,-0.63838,-0.63719]},"QTo":{"weight":1.0,"played":[1.0,0.0,0.0],"evs":[0.0,-0.60202,-0.60237]},"KTo":{"weight":1.0,"played":[1.0,0.0,0.0],"evs":[0.0,-0.3158,-0.31238]},"ATo":{"weight":1.0,"played":[0.0,0.3292,0.6708],"evs":[0.0,1.32302,1.32334]},"J2s":{"weight":1.0,"played":[1.0,0.0,0.0],"evs":[0.0,-1.48769,-1.48666]},"J3s":{"weight":1.0,"played":[1.0,0.0,0.0],"evs":[0.0,-1.38623,-1.38651]},"J4s":{"weight":1.0,"played":[1.0,0.0,0.0],"evs":[0.0,-1.27804,-1.27648]},"J5s":{"weight":1.0,"played":[1.0,0.0,0.0],"evs":[0.0,-1.2335,-1.23387]},"J6s":{"weight":1.0,"played":[1.0,0.0,0.0],"evs":[0.0,-1.1802,-1.18154]},"J7s":{"weight":1.0,"played":[1.0,0.0,0.0],"evs":[0.0,-0.89226,-0.89124]},"J8s":{"weight":1.0,"played":[1.0,0.0,0.0],"evs":[0.0,-0.59986,-0.59817]},"J9s":{"weight":1.0,"played":[1.0,0.0,0.0],"evs":[0.0,-0.34271,-0.34178]},"JTs":{"weight":1.0,"played":[0.9918,0.0025,0.0057],"evs":[0.0,-0.01954,-0.01697]},"JJ":{"weight":1.0,"played":[0.0,0.1764,0.8236],"evs":[0.0,4.27788,4.28286]},"QJo":{"weight":1.0,"played":[1.0,0.0,0.0],"evs":[0.0,-0.3713,-0.36702]},"KJo":{"weight":1.0,"played":[0.0,0.1004,0.8996],"evs":[0.0,0.06705,0.07111]},"AJo":{"weight":1.0,"played":[0.0,0.0248,0.9752],"evs":[0.0,1.97102,1.97472]},"Q2s":{"weight":1.0,"played":[1.0,0.0,0.0],"evs":[0.0,-1.29455,-1.2939]},"Q3s":{"weight":1.0,"played":[1.0,0.0,0.0],"evs":[0.0,-1.19485,-1.19428]},"Q4s":{"weight":1.0,"played":[1.0,0.0,0.0],"evs":[0.0,-1.09049,-1.09165]},"Q5s":{"weight":1.0,"played":[1.0,0.0,0.0],"evs":[0.0,-1.05829,-1.05988]},"Q6s":{"weight":1.0,"played":[1.0,0.0,0.0],"evs":[0.0,-0.94385,-0.94559]},"Q7s":{"weight":1.0,"played":[1.0,0.0,0.0],"evs":[0.0,-0.89649,-0.89573]},"Q8s":{"weight":1.0,"played":[1.0,0.0,0.0],"evs":[0.0,-0.60272,-0.60076]},"Q9s":{"weight":1.0,"played":[1.0,0.0,0.0],"evs":[0.0,-0.35592,-0.35588]},"QTs":{"weight":1.0,"played":[0.0021,0.8259,0.172],"evs":[0.0,0.01872,0.01955]},"QJs":{"weight":1.0,"played":[0.0,0.7291,0.2709],"evs":[0.0,0.24638,0.25106]},"QQ":{"weight":1.0,"played":[0.0,0.2556,0.7444],"evs":[0.0,5.17687,5.17952]},"KQo":{"weight":1.0,"played":[0.0,0.0,1.0],"evs":[0.0,0.50812,0.51011]},"AQo":{"weight":1.0,"played":[0.0,0.0937,0.9063],"evs":[0.0,2.68507,2.68823]},"K2s":{"weight":1.0,"played":[1.0,0.0,0.0],"evs":[0.0,-0.97594,-0.97176]},"K3s":{"weight":1.0,"played":[1.0,0.0,0.0],"evs":[0.0,-0.87751,-0.87142]},"K4s":{"weight":1.0,"played":[1.0,0.0,0.0],"evs":[0.0,-0.79678,-0.79194]},"K5s":{"weight":1.0,"played":[1.0,0.0,0.0],"evs":[0.0,-0.72836,-0.72426]},"K6s":{"weight":1.0,"played":[1.0,0.0,0.0],"evs":[0.0,-0.63565,-0.62931]},"K7s":{"weight":1.0,"played":[1.0,0.0,0.0],"evs":[0.0,-0.53567,-0.53262]},"K8s":{"weight":1.0,"played":[1.0,0.0,0.0],"evs":[0.0,-0.47096,-0.46598]},"K9s":{"weight":1.0,"played":[1.0,0.0,0.0],"evs":[0.0,-0.17735,-0.17158]},"KTs":{"weight":1.0,"played":[0.0,0.0077,0.9923],"evs":[0.0,0.29929,0.30273]},"KJs":{"weight":1.0,"played":[0.0,0.0465,0.9535],"evs":[0.0,0.64739,0.65141]},"KQs":{"weight":1.0,"played":[0.0,0.069,0.931],"evs":[0.0,1.06407,1.06439]},"KK":{"weight":1.0,"played":[0.0,0.2359,0.7641],"evs":[0.0,6.17251,6.17293]},"AKo":{"weight":1.0,"played":[0.0,0.1179,0.8821],"evs":[0.0,3.45687,3.45938]},"A2s":{"weight":1.0,"played":[1.0,0.0,0.0],"evs":[0.0,-0.21081,-0.20985]},"A3s":{"weight":1.0,"played":[1.0,0.0,0.0],"evs":[0.0,-0.1112,-0.11134]},"A4s":{"weight":1.0,"played":[0.6938,0.1318,0.1744],"evs":[0.0,0.00234,0.00111]},"A5s":{"weight":1.0,"played":[0.0,0.1157,0.8843],"evs":[0.0,0.11574,0.11595]},"A6s":{"weight":1.0,"played":[0.0,0.011,0.989],"evs":[0.0,0.09179,0.0938]},"A7s":{"weight":1.0,"played":[0.0,0.3642,0.6358],"evs":[0.0,0.41093,0.40957]},"A8s":{"weight":1.0,"played":[0.0,0.3944,0.6056],"evs":[0.0,0.72483,0.72327]},"A9s":{"weight":1.0,"played":[0.0,0.3555,0.6445],"evs":[0.0,1.12032,1.11968]},"ATs":{"weight":1.0,"played":[0.0,0.7792,0.2208],"evs":[0.0,1.84901,1.84927]},"AJs":{"weight":1.0,"played":[0.0,0.0966,0.9034],"evs":[0.0,2.43783,2.4403]},"AQs":{"weight":1.0,"played":[0.0,0.0015,0.9985],"evs":[0.0,3.11438,3.11928]},"AKs":{"weight":1.0,"played":[0.0,0.2643,0.7357],"evs":[0.0,3.80804,3.81046]},"AA":{"weight":1.0,"played":[0.0,0.4693,0.5307],"evs":[0.0,8.17596,8.17259]}}}