{"player":5,"street":0,"children":2,"sequence":[{"player":0,"type":"F","amount":0,"street":0},{"player":1,"type":"F","amount":0,"street":0},{"player":2,"type":"R","amount":955000,"street":0},{"player":3,"type":"F","amount":0,"street":0},{"player":4,"type":"F","amount":0,"street":0}],"actions":[{"type":"F","amount":0},{"type":"C","amount":855000}],"hands":{"22":{"weight":1.0,"played":[0.0,1.0],"evs":[0.0,2.95829]},"32o":{"weight":1.0,"played":[1.0,0.0],"evs":[0.0,-3.51236]},"42o":{"weight":1.0,"played":[1.0,0.0],"evs":[0.0,-3.27393]},"52o":{"weight":1.0,"played":[1.0,0.0],"evs":[0.0,-2.99199]},"62o":{"weight":1.0,"played":[1.0,0.0],"evs":[0.0,-3.46847]},"72o":{"weight":1.0,"played":[1.0,0.0],"evs":[0.0,-3.74034]},"82o":{"weight":1.0,"played":[1.0,0.0],"evs":[0.0,-3.55317]},"92o":{"weight":1.0,"played":[1.0,0.0],"evs":[0.0,-3.34983]},"T2o":{"weight":1.0,"played":[1.0,0.0],"evs":[0.0,-2.87491]},"J2o":{"weight":1.0,"played":[1.0,0.0],"evs":[0.0,-2.55016]},"Q2o":{"weight":1.0,"played":[1.0,0.0],"evs":[0.0,-2.00713]},"K2o":{"weight":1.0,"played":[1.0,0.0],"evs":[0.0,-0.668]},"A2o":{"weight":1.0,"played":[0.0,1.0],"evs":[0.0,2.75752]},"32s":{"weight":1.0,"played":[1.0,0.0],"evs":[0.0,-2.01134]},"33":{"weight":1.0,"played":[0.0,1.0],"evs":[0.0,3.70693]},"43o":{"weight":1.0,"played":[1.0,0.0],"evs":[0.0,-2.60795]},"53o":{"weight":1.0,"played":[1.0,0.0],"evs":[0.0,-2.37041]},"63o":{"weight":1.0,"played":[1.0,0.0],"evs":[0.0,-2.78628]},"73o":{"weight":1.0,"played":[1.0,0.0],"evs":[0.0,-3.10766]},"83o":{"weight":1.0,"played":[1.0,0.0],"evs":[0.0,-3.39407]},"93o":{"weight":1.0,"played":[1.0,0.0],"evs":[0.0,-3.07322]},"T3o":{"weight":1.0,"played":[1.0,0.0],"evs":[0.0,-2.63309]},"J3o":{"weight":1.0,"played":[1.0,0.0],"evs":[0.0,-2.29365]},"Q3o":{"weight":1.0,"played":[1.0,0.0],"evs":[0.0,-1.78954]},"K3o":{"weight":1.0,"played":[1.0,0.0],"evs":[0.0,-0.4449]},"A3o":{"weight":1.0,"played":[0.0,1.0],"evs":[0.0,2.96897]},"42s":{"weight":1.0,"played":[1.0,0.0],"evs":[0.0,-1.79842]},"43s":{"weight":1.0,"played":[1.0,0.0],"evs":[0.0,-1.20763]},"44":{"weight":1.0,"played":[0.0,1.0],"evs":[0.0,4.44186]},"54o":{"weight":1.0,"played":[1.0,0.0],"evs":[0.0,-1.72638]},"64o":{"weight":1.0,"played":[1.0,0.0],"evs":[0.0,-2.16887]},"74o":{"weight":1.0,"played":[1.0,0.0],"evs":[0.0,-2.43292]},"84o":{"weight":1.0,"played":[1.0,0.0],"evs":[0.0,-2.72627]},"94o":{"weight":1.0,"played":[1.0,0.0],"evs":[0.0,-2.91782]},"T4o":{"weight":1.0,"played":[1.0,0.0],"evs":[0.0,-2.39156]},"J4o":{"weight":1.0,"played":[1.0,0.0],"evs":[0.0,-2.03283]},"Q4o":{"weight":1.0,"played":[1.0,0.0],"evs":[0.0,-1.5604]},"K4o":{"weight":1.0,"played":[1.0,0.0],"evs":[0.0,-0.18448]},"A4o":{"weight":1.0,"played":[0.0,1.0],"evs":[0.0,3.22907]},"52s":{"weight":1.0,"played":[1.0,0.0],"evs":[0.0,-1.54818]},"53s":{"weight":1.0,"played":[1.0,0.0],"evs":[0.0,-0.92645]},"54s":{"weight":1.0,"played":[1.0,0.0],"evs":[0.0,-0.34209]},"55":{"weight":1.0,"played":[0.0,1.0],"evs":[0.0,5.17396]},"65o":{"weight":1.0,"played":[1.0,0.0],"evs":[0.0,-1.52619]},"75o":{"weight":1.0,"played":[1.0,0.0],"evs":[0.0,-1.8097]},"85o":{"weight":1.0,"played":[1.0,0.0],"evs":[0.0,-2.08614]},"95o":{"weight":1.0,"played":[1.0,0.0],"evs":[0.0,-2.32131]},"T5o":{"weight":1.0,"played":[1.0,0.0],"evs":[0.0,-2.24035]},"J5o":{"weight":1.0,"played":[1.0,0.0],"evs":[0.0,-1.81793]},"Q5o":{"weight":1.0,"played":[1.0,0.0],"evs":[0.0,-1.29475]},"K5o":{"weight":1.0,"played":[5.0E-4,0.9995],"evs":[0.0,0.0701]},"A5o":{"weight":1.0,"played":[0.0,1.0],"evs":[0.0,3.58464]},"62s":{"weight":1.0,"played":[1.0,0.0],"evs":[0.0,-1.93519]},"63s":{"weight":1.0,"played":[1.0,0.0],"evs":[0.0,-1.30075]},"64s":{"weight":1.0,"played":[1.0,0.0],"evs":[0.0,-0.7529]},"65s":{"weight":1.0,"played":[0.9991,9.0E-4],"evs":[0.0,-0.19096]},"66":{"weight":1.0,"played":[0.0,1.0],"evs":[0.0,5.87904]},"76o":{"weight":1.0,"played":[1.0,0.0],"evs":[0.0,-1.23879]},"86o":{"weight":1.0,"played":[1.0,0.0],"evs":[0.0,-1.50889]},"96o":{"weight":1.0,"played":[1.0,0.0],"evs":[0.0,-1.71163]},"T6o":{"weight":1.0,"played":[1.0,0.0],"evs":[0.0,-1.64979]},"J6o":{"weight":1.0,"played":[1.0,0.0],"evs":[0.0,-1.73143]},"Q6o":{"weight":1.0,"played":[1.0,0.0],"evs":[0.0,-1.11833]},"K6o":{"weight":1.0,"played":[0.0,1.0],"evs":[0.0,0.31]},"A6o":{"weight":1.0,"played":[0.0,1.0],"evs":[0.0,3.70389]},"72s":{"weight":1.0,"played":[1.0,0.0],"evs":[0.0,-2.21207]},"73s":{"weight":1.0,"played":[1.0,0.0],"evs":[0.0,-1.61488]},"74s":{"weight":1.0,"played":[1.0,0.0],"evs":[0.0,-0.99563]},"75s":{"weight":1.0,"played":[1.0,0.0],"evs":[0.0,-0.4167]},"76s":{"weight":1.0,"played":[8.0E-4,0.9992],"evs":[0.0,0.05377]},"77":{"weight":1.0,"played":[0.0,1.0],"evs":[0.0,6.57556]},"87o":{"weight":1.0,"played":[1.0,0.0],"evs":[0.0,-1.0073]},"97o":{"weight":1.0,"played":[1.0,0.0],"evs":[0.0,-1.15783]},"T7o":{"weight":1.0,"played":[1.0,0.0],"evs":[0.0,-1.13091]},"J7o":{"weight":1.0,"played":[1.0,0.0],"evs":[0.0,-1.21186]},"Q7o":{"weight":1.0,"played":[1.0,0.0],"evs":[0.0,-1.04162]},"K7o":{"weight":1.0,"played":[0.0,1.0],"evs":[0.0,0.62118]},"A7o":{"weight":1.0,"played":[0.0,1.0],"evs":[0.0,4.42622]},"82s":{"weight":1.0,"played":[1.0,0.0],"evs":[0.0,-2.05614]},"83s":{"weight":1.0,"played":[1.0,0.0],"evs":[0.0,-1.87399]},"84s":{"weight":1.0,"played":[1.0,0.0],"evs":[0.0,-1.29486]},"85s":{"weight":1.0,"played":[1.0,0.0],"evs":[0.0,-0.70166]},"86s":{"weight":1.0,"played":[0.9994,6.0E-4],"evs":[0.0,-0.13767]},"87s":{"weight":1.0,"played":[0.0,1.0],"evs":[0.0,0.35395]},"88":{"weight":1.0,"played":[0.0,1.0],"evs":[0.0,7.49592]},"98o":{"weight":1.0,"played":[1.0,0.0],"evs":[0.0,-0.73729]},"T8o":{"weight":1.0,"played":[1.0,0.0],"evs":[0.0,-0.5979]},"J8o":{"weight":1.0,"played":[1.0,0.0],"evs":[0.0,-0.66667]},"Q8o":{"weight":1.0,"played":[1.0,0.0],"evs":[0.0,-0.42689]},"K8o":{"weight":1.0,"played":[0.0,1.0],"evs":[0.0,1.01184]},"A8o":{"weight":1.0,"played":[0.0,1.0],"evs":[0.0,5.38437]},"92s":{"weight":1.0,"played":[1.0,0.0],"evs":[0.0,-1.81292]},"93s":{"weight":1.0,"played":[1.0,0.0],"evs":[0.0,-1.62489]},"94s":{"weight":1.0,"played":[1.0,0.0],"evs":[0.0,-1.51782]},"95s":{"weight":1.0,"played":[1.0,0.0],"evs":[0.0,-0.87433]},"96s":{"weight":1.0,"played":[1.0,0.0],"evs":[0.0,-0.29651]},"97s":{"weight":1.0,"played":[0.0,1.0],"evs":[0.0,0.2019]},"98s":{"weight":1.0,"played":[0.0,1.0],"evs":[0.0,0.62441]},"99":{"weight":1.0,"played":[0.0,1.0],"evs":[0.0,8.70373]},"T9o":{"weight":1.0,"played":[0.0046,0.9954],"evs":[0.0,0.01205]},"J9o":{"weight":1.0,"played":[0.5189,0.4811],"evs":[0.0,-0.00337]},"Q9o":{"weight":1.0,"played":[0.0,1.0],"evs":[0.0,0.40343]},"K9o":{"weight":1.0,"played":[0.0,1.0],"evs":[0.0,2.10545]},"A9o":{"weight":1.0,"played":[0.0,1.0],"evs":[0.0,6.35525]},"T2s":{"weight":1.0,"played":[1.0,0.0],"evs":[0.0,-1.40367]},"T3s":{"weight":1.0,"played":[1.0,0.0],"evs":[0.0,-1.16637]},"T4s":{"weight":1.0,"played":[1.0,0.0],"evs":[0.0,-0.9928]},"T5s":{"weight":1.0,"played":[1.0,0.0],"evs":[0.0,-0.844]},"T6s":{"weight":1.0,"played":[0.9999,1.0E-4],"evs":[0.0,-0.2585]},"T7s":{"weight":1.0,"played":[0.0,1.0],"evs":[0.0,0.20628]},"T8s":{"weight":1.0,"played":[0.0,1.0],"evs":[0.0,0.69317]},"T9s":{"weight":1.0,"played":[0.0,1.0],"evs":[0.0,1.32995]},"TT":{"weight":1.0,"played":[0.0,1.0],"evs":[0.0,10.33483]},"JTo":{"weight":1.0,"played":[0.0,1.0],"evs":[0.0,1.21274]},"QTo":{"weight":1.0,"played":[0.0,1.0],"evs":[0.0,1.90071]},"KTo":{"weight":1.0,"played":[0.0,1.0],"evs":[0.0,3.56838]},"ATo":{"weight":1.0,"played":[0.0,1.0],"evs":[0.0,7.95982]},"J2s":{"weight":1.0,"played":[1.0,0.0],"evs":[0.0,-1.04893]},"J3s":{"weight":1.0,"played":[1.0,0.0],"evs":[0.0,-0.86425]},"J4s":{"weight":1.0,"played":[1.0,0.0],"evs":[0.0,-0.62032]},"J5s":{"weight":1.0,"played":[1.0,0.0],"evs":[0.0,-0.36358]},"J6s":{"weight":1.0,"played":[1.0,0.0],"evs":[0.0,-0.34544]},"J7s":{"weight":1.0,"played":[1.0E-4,0.9999],"evs":[0.0,0.1528]},"J8s":{"weight":1.0,"played":[0.0,1.0],"evs":[0.0,0.72123]},"J9s":{"weight":1.0,"played":[0.0,1.0],"evs":[0.0,1.2952]},"JTs":{"weight":1.0,"played":[0.0,1.0],"evs":[0.0,2.39896]},"JJ":{"weight":1.0,"played":[0.0,1.0],"evs":[0.0,11.55658]},"QJo":{"weight":1.0,"played":[0.0,1.0],"evs":[0.0,2.53042]},"KJo":{"weight":1.0,"played":[0.0,1.0],"evs":[0.0,4.27038]},"AJo":{"weight":1.0,"played":[0.0,1.0],"evs":[0.0,8.84612]},"Q2s":{"weight":1.0,"played":[1.0,0.0],"evs":[0.0,-0.57173]},"Q3s":{"weight":1.0,"played":[0.9999,1.0E-4],"evs":[0.0,-0.33226]},"Q4s":{"weight":1.0,"played":[0.9839,0.0161],"evs":[0.0,-0.13459]},"Q5s":{"weight":1.0,"played":[0.0,1.0],"evs":[0.0,0.09856]},"Q6s":{"weight":1.0,"played":[0.0,1.0],"evs":[0.0,0.29408]},"Q7s":{"weight":1.0,"played":[0.0,1.0],"evs":[0.0,0.34451]},"Q8s":{"weight":1.0,"played":[0.0,1.0],"evs":[0.0,0.91305]},"Q9s":{"weight":1.0,"played":[0.0,1.0],"evs":[0.0,1.67602]},"QTs":{"weight":1.0,"played":[0.0,1.0],"evs":[0.0,3.04093]},"QJs":{"weight":1.0,"played":[0.0,1.0],"evs":[0.0,3.64962]},"QQ":{"weight":1.0,"played":[0.0,1.0],"evs":[0.0,12.88434]},"KQo":{"weight":1.0,"played":[0.0,1.0],"evs":[0.0,5.04401]},"AQo":{"weight":1.0,"played":[0.0,1.0],"evs":[0.0,9.84744]},"K2s":{"weight":1.0,"played":[0.0,1.0],"evs":[0.0,0.72705]},"K3s":{"weight":1.0,"played":[0.0,1.0],"evs":[0.0,0.9584]},"K4s":{"weight":1.0,"played":[0.0,1.0],"evs":[0.0,1.11442]},"K5s":{"weight":1.0,"played":[0.0,1.0],"evs":[0.0,1.38034]},"K6s":{"weight":1.0,"played":[0.0,1.0],"evs":[0.0,1.72245]},"K7s":{"weight":1.0,"played":[0.0,1.0],"evs":[0.0,1.92411]},"K8s":{"weight":1.0,"played":[0.0,1.0],"evs":[0.0,2.27146]},"K9s":{"weight":1.0,"played":[0.0,1.0],"evs":[0.0,3.26888]},"KTs":{"weight":1.0,"played":[0.0,1.0],"evs":[0.0,4.63309]},"KJs":{"weight":1.0,"played":[0.0,1.0],"evs":[0.0,5.31419]},"KQs":{"weight":1.0,"played":[0.0,1.0],"evs":[0.0,6.01777]},"KK":{"weight":1.0,"played":[0.0,1.0],"evs":[0.0,14.78964]},"AKo":{"weight":1.0,"played":[0.0,1.0],"evs":[0.0,11.16109]},"A2s":{"weight":1.0,"played":[0.0,1.0],"evs":[0.0,3.93808]},"A3s":{"weight":1.0,"played":[0.0,1.0],"evs":[0.0,4.17956]},"A4s":{"weight":1.0,"played":[0.0,1.0],"evs":[0.0,4.37853]},"A5s":{"weight":1.0,"played":[0.0,1.0],"evs":[0.0,4.69105]},"A6s":{"weight":1.0,"played":[0.0,1.0],"evs":[0.0,4.85431]},"A7s":{"weight":1.0,"played":[0.0,1.0],"evs":[0.0,5.55198]},"A8s":{"weight":1.0,"played":[0.0,1.0],"evs":[0.0,6.35438]},"A9s":{"weight":1.0,"played":[0.0,1.0],"evs":[0.0,7.28316]},"ATs":{"weight":1.0,"played":[0.0,1.0],"evs":[0.0,8.7977]},"AJs":{"weight":1.0,"played":[0.0,1.0],"evs":[0.0,9.62405]},"AQs":{"weight":1.0,"played":[0.0,1.0],"evs":[0.0,10.58179]},"AKs":{"weight":1.0,"played":[0.0,1.0],"evs":[0.0,11.74412]},"AA":{"weight":1.0,"played":[0.0,1.0],"evs":[0.0,18.85723]}}}