{"player":5,"street":0,"children":2,"sequence":[{"player":0,"type":"F","amount":0,"street":0},{"player":1,"type":"F","amount":0,"street":0},{"player":2,"type":"R","amount":955000,"street":0},{"player":3,"type":"C","amount":905000,"street":0},{"player":4,"type":"C","amount":805000,"street":0}],"actions":[{"type":"F","amount":0},{"type":"C","amount":855000}],"hands":{"22":{"weight":1.0,"played":[0.0,1.0],"evs":[0.0,3.39]},"32o":{"weight":1.0,"played":[1.0,0.0],"evs":[0.0,-1.92744]},"42o":{"weight":1.0,"played":[1.0,0.0],"evs":[0.0,-1.44236]},"52o":{"weight":1.0,"played":[1.0,0.0],"evs":[0.0,-1.22805]},"62o":{"weight":1.0,"played":[1.0,0.0],"evs":[0.0,-1.57616]},"72o":{"weight":1.0,"played":[1.0,0.0],"evs":[0.0,-2.72441]},"82o":{"weight":1.0,"played":[1.0,0.0],"evs":[0.0,-2.30658]},"92o":{"weight":1.0,"played":[1.0,0.0],"evs":[0.0,-2.5831]},"T2o":{"weight":1.0,"played":[1.0,0.0],"evs":[0.0,-2.72385]},"J2o":{"weight":1.0,"played":[1.0,0.0],"evs":[0.0,-2.53212]},"Q2o":{"weight":1.0,"played":[1.0,0.0],"evs":[0.0,-1.91675]},"K2o":{"weight":1.0,"played":[1.0,0.0],"evs":[0.0,-1.78526]},"A2o":{"weight":1.0,"played":[1.0,0.0],"evs":[0.0,-0.96531]},"32s":{"weight":1.0,"played":[7.0E-4,0.9993],"evs":[0.0,0.71379]},"33":{"weight":1.0,"played":[0.0,1.0],"evs":[0.0,3.94772]},"43o":{"weight":1.0,"played":[0.9302,0.0698],"evs":[0.0,-0.1843]},"53o":{"weight":1.0,"played":[0.0411,0.9589],"evs":[0.0,0.08332]},"63o":{"weight":1.0,"played":[0.9995,5.0E-4],"evs":[0.0,-0.28665]},"73o":{"weight":1.0,"played":[1.0,0.0],"evs":[0.0,-1.52009]},"83o":{"weight":1.0,"played":[1.0,0.0],"evs":[0.0,-2.45211]},"93o":{"weight":1.0,"played":[1.0,0.0],"evs":[0.0,-2.22841]},"T3o":{"weight":1.0,"played":[1.0,0.0],"evs":[0.0,-2.27131]},"J3o":{"weight":1.0,"played":[1.0,0.0],"evs":[0.0,-2.06403]},"Q3o":{"weight":1.0,"played":[1.0,0.0],"evs":[0.0,-1.60455]},"K3o":{"weight":1.0,"played":[1.0,0.0],"evs":[0.0,-1.37399]},"A3o":{"weight":1.0,"played":[0.9856,0.0144],"evs":[0.0,-0.35576]},"42s":{"weight":1.0,"played":[2.0E-4,0.9998],"evs":[0.0,1.13761]},"43s":{"weight":1.0,"played":[0.0,1.0],"evs":[0.0,2.25862]},"44":{"weight":1.0,"played":[0.0,1.0],"evs":[0.0,5.01155]},"54o":{"weight":1.0,"played":[0.0,1.0],"evs":[0.0,1.39287]},"64o":{"weight":1.0,"played":[0.0033,0.9967],"evs":[0.0,0.84589]},"74o":{"weight":1.0,"played":[0.9837,0.0163],"evs":[0.0,-0.27917]},"84o":{"weight":1.0,"played":[1.0,0.0],"evs":[0.0,-1.32453]},"94o":{"weight":1.0,"played":[1.0,0.0],"evs":[0.0,-2.0238]},"T4o":{"weight":1.0,"played":[1.0,0.0],"evs":[0.0,-2.02643]},"J4o":{"weight":1.0,"played":[1.0,0.0],"evs":[0.0,-1.8341]},"Q4o":{"weight":1.0,"played":[1.0,0.0],"evs":[0.0,-1.34054]},"K4o":{"weight":1.0,"played":[0.9997,3.0E-4],"evs":[0.0,-0.90509]},"A4o":{"weight":1.0,"played":[0.702,0.298],"evs":[0.0,-0.03978]},"52s":{"weight":1.0,"played":[0.0,1.0],"evs":[0.0,1.66508]},"53s":{"weight":1.0,"played":[0.0,1.0],"evs":[0.0,2.61652]},"54s":{"weight":1.0,"played":[0.0,1.0],"evs":[0.0,4.15394]},"55":{"weight":1.0,"played":[0.0,1.0],"evs":[0.0,5.86005]},"65o":{"weight":1.0,"played":[0.0,1.0],"evs":[0.0,1.69746]},"75o":{"weight":1.0,"played":[0.0,1.0],"evs":[0.0,0.93111]},"85o":{"weight":1.0,"played":[0.3625,0.6375],"evs":[0.0,-0.03976]},"95o":{"weight":1.0,"played":[1.0,0.0],"evs":[0.0,-0.98771]},"T5o":{"weight":1.0,"played":[1.0,0.0],"evs":[0.0,-1.77465]},"J5o":{"weight":1.0,"played":[1.0,0.0],"evs":[0.0,-1.46448]},"Q5o":{"weight":1.0,"played":[0.9999,1.0E-4],"evs":[0.0,-0.69022]},"K5o":{"weight":1.0,"played":[1.0,0.0],"evs":[0.0,-0.81346]},"A5o":{"weight":1.0,"played":[0.0,1.0],"evs":[0.0,0.50502]},"62s":{"weight":1.0,"played":[0.0,1.0],"evs":[0.0,1.21782]},"63s":{"weight":1.0,"played":[0.0,1.0],"evs":[0.0,2.25481]},"64s":{"weight":1.0,"played":[0.0,1.0],"evs":[0.0,3.19835]},"65s":{"weight":1.0,"played":[0.0,1.0],"evs":[0.0,4.0803]},"66":{"weight":1.0,"played":[0.0,1.0],"evs":[0.0,6.98235]},"76o":{"weight":1.0,"played":[0.0,1.0],"evs":[0.0,1.78093]},"86o":{"weight":1.0,"played":[0.0,1.0],"evs":[0.0,0.95432]},"96o":{"weight":1.0,"played":[0.0162,0.9838],"evs":[0.0,0.20107]},"T6o":{"weight":1.0,"played":[1.0,0.0],"evs":[0.0,-0.54278]},"J6o":{"weight":1.0,"played":[1.0,0.0],"evs":[0.0,-1.11807]},"Q6o":{"weight":1.0,"played":[0.999,0.001],"evs":[0.0,-0.53563]},"K6o":{"weight":1.0,"played":[0.9995,5.0E-4],"evs":[0.0,-0.43235]},"A6o":{"weight":1.0,"played":[0.9139,0.0861],"evs":[0.0,-0.41298]},"72s":{"weight":1.0,"played":[0.7294,0.2706],"evs":[0.0,-0.00129]},"73s":{"weight":1.0,"played":[1.0E-4,0.9999],"evs":[0.0,1.08746]},"74s":{"weight":1.0,"played":[0.0,1.0],"evs":[0.0,2.09531]},"75s":{"weight":1.0,"played":[0.0,1.0],"evs":[0.0,3.22843]},"76s":{"weight":1.0,"played":[0.0,1.0],"evs":[0.0,4.2668]},"77":{"weight":1.0,"played":[0.0,1.0],"evs":[0.0,7.72268]},"87o":{"weight":1.0,"played":[0.0,1.0],"evs":[0.0,1.58134]},"97o":{"weight":1.0,"played":[0.0,1.0],"evs":[0.0,0.98819]},"T7o":{"weight":1.0,"played":[0.2911,0.7089],"evs":[0.0,0.10166]},"J7o":{"weight":1.0,"played":[0.9833,0.0167],"evs":[0.0,-0.32501]},"Q7o":{"weight":1.0,"played":[0.9998,2.0E-4],"evs":[0.0,-0.62928]},"K7o":{"weight":1.0,"played":[0.9908,0.0092],"evs":[0.0,-0.27066]},"A7o":{"weight":1.0,"played":[0.0011,0.9989],"evs":[0.0,0.48106]},"82s":{"weight":1.0,"played":[0.1073,0.8927],"evs":[0.0,0.33064]},"83s":{"weight":1.0,"played":[0.0086,0.9914],"evs":[0.0,0.2715]},"84s":{"weight":1.0,"played":[4.0E-4,0.9996],"evs":[0.0,1.48414]},"85s":{"weight":1.0,"played":[0.0,1.0],"evs":[0.0,2.95959]},"86s":{"weight":1.0,"played":[0.0,1.0],"evs":[0.0,3.82338]},"87s":{"weight":1.0,"played":[0.0,1.0],"evs":[0.0,4.1245]},"88":{"weight":1.0,"played":[0.0,1.0],"evs":[0.0,8.98529]},"98o":{"weight":1.0,"played":[0.0,1.0],"evs":[0.0,1.77953]},"T8o":{"weight":1.0,"played":[2.0E-4,0.9998],"evs":[0.0,0.82534]},"J8o":{"weight":1.0,"played":[0.0233,0.9767],"evs":[0.0,0.37084]},"Q8o":{"weight":1.0,"played":[0.0322,0.9678],"evs":[0.0,0.20431]},"K8o":{"weight":1.0,"played":[0.7839,0.2161],"evs":[0.0,-0.14344]},"A8o":{"weight":1.0,"played":[3.0E-4,0.9997],"evs":[0.0,1.32199]},"92s":{"weight":1.0,"played":[0.0256,0.9744],"evs":[0.0,0.26574]},"93s":{"weight":1.0,"played":[0.0018,0.9982],"evs":[0.0,0.47405]},"94s":{"weight":1.0,"played":[1.0E-4,0.9999],"evs":[0.0,0.44732]},"95s":{"weight":1.0,"played":[1.0E-4,0.9999],"evs":[0.0,2.18775]},"96s":{"weight":1.0,"played":[0.0,1.0],"evs":[0.0,3.13106]},"97s":{"weight":1.0,"played":[0.0,1.0],"evs":[0.0,3.90787]},"98s":{"weight":1.0,"played":[0.0,1.0],"evs":[0.0,4.14289]},"99":{"weight":1.0,"played":[0.0,1.0],"evs":[0.0,10.95964]},"T9o":{"weight":1.0,"played":[0.0,1.0],"evs":[0.0,1.83432]},"J9o":{"weight":1.0,"played":[0.0,1.0],"evs":[0.0,1.38673]},"Q9o":{"weight":1.0,"played":[1.0E-4,0.9999],"evs":[0.0,1.45863]},"K9o":{"weight":1.0,"played":[0.0,1.0],"evs":[0.0,1.18356]},"A9o":{"weight":1.0,"played":[0.0,1.0],"evs":[0.0,2.00338]},"T2s":{"weight":1.0,"played":[9.0E-4,0.9991],"evs":[0.0,0.65146]},"T3s":{"weight":1.0,"played":[0.0426,0.9574],"evs":[0.0,0.7955]},"T4s":{"weight":1.0,"played":[0.0,1.0],"evs":[0.0,0.79167]},"T5s":{"weight":1.0,"played":[0.0019,0.9981],"evs":[0.0,1.08945]},"T6s":{"weight":1.0,"played":[0.0,1.0],"evs":[0.0,2.34462]},"T7s":{"weight":1.0,"played":[1.0E-4,0.9999],"evs":[0.0,2.85744]},"T8s":{"weight":1.0,"played":[0.0,1.0],"evs":[0.0,3.60263]},"T9s":{"weight":1.0,"played":[0.0,1.0],"evs":[0.0,4.35005]},"TT":{"weight":1.0,"played":[0.0,1.0],"evs":[0.0,13.44465]},"JTo":{"weight":1.0,"played":[0.0,1.0],"evs":[0.0,2.2138]},"QTo":{"weight":1.0,"played":[0.0,1.0],"evs":[0.0,2.47]},"KTo":{"weight":1.0,"played":[0.0,1.0],"evs":[0.0,2.29562]},"ATo":{"weight":1.0,"played":[0.0,1.0],"evs":[0.0,4.07402]},"J2s":{"weight":1.0,"played":[0.0063,0.9937],"evs":[0.0,0.91904]},"J3s":{"weight":1.0,"played":[0.001,0.999],"evs":[0.0,0.87873]},"J4s":{"weight":1.0,"played":[1.0E-4,0.9999],"evs":[0.0,1.25767]},"J5s":{"weight":1.0,"played":[0.0,1.0],"evs":[0.0,1.91224]},"J6s":{"weight":1.0,"played":[3.0E-4,0.9997],"evs":[0.0,1.67614]},"J7s":{"weight":1.0,"played":[0.0,1.0],"evs":[0.0,2.39607]},"J8s":{"weight":1.0,"played":[0.0,1.0],"evs":[0.0,3.02559]},"J9s":{"weight":1.0,"played":[0.0,1.0],"evs":[0.0,3.96339]},"JTs":{"weight":1.0,"played":[0.0,1.0],"evs":[0.0,4.93744]},"JJ":{"weight":1.0,"played":[0.0,1.0],"evs":[0.0,16.64791]},"QJo":{"weight":1.0,"played":[0.0,1.0],"evs":[0.0,2.89444]},"KJo":{"weight":1.0,"played":[0.0,1.0],"evs":[0.0,3.59477]},"AJo":{"weight":1.0,"played":[0.0,1.0],"evs":[0.0,6.24764]},"Q2s":{"weight":1.0,"played":[1.0E-4,0.9999],"evs":[0.0,1.25874]},"Q3s":{"weight":1.0,"played":[2.0E-4,0.9998],"evs":[0.0,1.59837]},"Q4s":{"weight":1.0,"played":[1.0E-4,0.9999],"evs":[0.0,1.58242]},"Q5s":{"weight":1.0,"played":[0.0,1.0],"evs":[0.0,2.32695]},"Q6s":{"weight":1.0,"played":[0.0,1.0],"evs":[0.0,1.93085]},"Q7s":{"weight":1.0,"played":[0.0,1.0],"evs":[0.0,2.84169]},"Q8s":{"weight":1.0,"played":[0.0,1.0],"evs":[0.0,3.472]},"Q9s":{"weight":1.0,"played":[0.0,1.0],"evs":[0.0,4.0591]},"QTs":{"weight":1.0,"played":[0.0,1.0],"evs":[0.0,5.35121]},"QJs":{"weight":1.0,"played":[0.0,1.0],"evs":[0.0,5.61212]},"QQ":{"weight":1.0,"played":[0.0,1.0],"evs":[0.0,21.02094]},"KQo":{"weight":1.0,"played":[0.0,1.0],"evs":[0.0,5.12444]},"AQo":{"weight":1.0,"played":[0.0,1.0],"evs":[0.0,8.63119]},"K2s":{"weight":1.0,"played":[4.0E-4,0.9996],"evs":[0.0,1.40861]},"K3s":{"weight":1.0,"played":[0.0,1.0],"evs":[0.0,1.31138]},"K4s":{"weight":1.0,"played":[0.0,1.0],"evs":[0.0,1.94625]},"K5s":{"weight":1.0,"played":[0.0,1.0],"evs":[0.0,2.31667]},"K6s":{"weight":1.0,"played":[1.0E-4,0.9999],"evs":[0.0,2.86929]},"K7s":{"weight":1.0,"played":[0.0,1.0],"evs":[0.0,2.91741]},"K8s":{"weight":1.0,"played":[1.0E-4,0.9999],"evs":[0.0,2.9846]},"K9s":{"weight":1.0,"played":[1.0E-4,0.9999],"evs":[0.0,3.66872]},"KTs":{"weight":1.0,"played":[0.0,1.0],"evs":[0.0,5.00823]},"KJs":{"weight":1.0,"played":[0.0,1.0],"evs":[0.0,6.32643]},"KQs":{"weight":1.0,"played":[0.0,1.0],"evs":[0.0,7.87939]},"KK":{"weight":1.0,"played":[0.0,1.0],"evs":[0.0,27.16609]},"AKo":{"weight":1.0,"played":[0.0,1.0],"evs":[0.0,11.10914]},"A2s":{"weight":1.0,"played":[0.0,1.0],"evs":[0.0,2.36591]},"A3s":{"weight":1.0,"played":[0.0,1.0],"evs":[0.0,2.65031]},"A4s":{"weight":1.0,"played":[0.0,1.0],"evs":[0.0,3.07521]},"A5s":{"weight":1.0,"played":[0.0,1.0],"evs":[0.0,3.26793]},"A6s":{"weight":1.0,"played":[0.0,1.0],"evs":[0.0,3.03156]},"A7s":{"weight":1.0,"played":[0.0,1.0],"evs":[0.0,3.84985]},"A8s":{"weight":1.0,"played":[0.0,1.0],"evs":[0.0,4.26177]},"A9s":{"weight":1.0,"played":[0.0,1.0],"evs":[0.0,5.1128]},"ATs":{"weight":1.0,"played":[0.0,1.0],"evs":[0.0,6.84388]},"AJs":{"weight":1.0,"played":[0.0,1.0],"evs":[0.0,8.56855]},"AQs":{"weight":1.0,"played":[0.0,1.0],"evs":[0.0,11.1433]},"AKs":{"weight":1.0,"played":[0.0,1.0],"evs":[0.0,13.35834]},"AA":{"weight":1.0,"played":[0.0,1.0],"evs":[0.0,35.40113]}}}