{"player":5,"street":0,"children":2,"sequence":[{"player":0,"type":"F","amount":0,"street":0},{"player":1,"type":"R","amount":955000,"street":0},{"player":2,"type":"C","amount":955000,"street":0},{"player":3,"type":"F","amount":0,"street":0},{"player":4,"type":"F","amount":0,"street":0}],"actions":[{"type":"F","amount":0},{"type":"C","amount":855000}],"hands":{"22":{"weight":1.0,"played":[0.0,1.0],"evs":[0.0,1.99026]},"32o":{"weight":1.0,"played":[1.0,0.0],"evs":[0.0,-3.10428]},"42o":{"weight":1.0,"played":[1.0,0.0],"evs":[0.0,-2.72873]},"52o":{"weight":1.0,"played":[1.0,0.0],"evs":[0.0,-2.45973]},"62o":{"weight":1.0,"played":[1.0,0.0],"evs":[0.0,-3.02073]},"72o":{"weight":1.0,"played":[1.0,0.0],"evs":[0.0,-3.61478]},"82o":{"weight":1.0,"played":[1.0,0.0],"evs":[0.0,-3.3208]},"92o":{"weight":1.0,"played":[1.0,0.0],"evs":[0.0,-3.27626]},"T2o":{"weight":1.0,"played":[1.0,0.0],"evs":[0.0,-3.17194]},"J2o":{"weight":1.0,"played":[1.0,0.0],"evs":[0.0,-2.75627]},"Q2o":{"weight":1.0,"played":[1.0,0.0],"evs":[0.0,-2.2106]},"K2o":{"weight":1.0,"played":[1.0,0.0],"evs":[0.0,-1.69078]},"A2o":{"weight":1.0,"played":[1.0,0.0],"evs":[0.0,-0.44243]},"32s":{"weight":1.0,"played":[1.0,0.0],"evs":[0.0,-0.87304]},"33":{"weight":1.0,"played":[0.0,1.0],"evs":[0.0,2.93906]},"43o":{"weight":1.0,"played":[1.0,0.0],"evs":[0.0,-1.75852]},"53o":{"weight":1.0,"played":[1.0,0.0],"evs":[0.0,-1.39552]},"63o":{"weight":1.0,"played":[1.0,0.0],"evs":[0.0,-2.05784]},"73o":{"weight":1.0,"played":[1.0,0.0],"evs":[0.0,-2.54821]},"83o":{"weight":1.0,"played":[1.0,0.0],"evs":[0.0,-3.11819]},"93o":{"weight":1.0,"played":[1.0,0.0],"evs":[0.0,-2.86007]},"T3o":{"weight":1.0,"played":[1.0,0.0],"evs":[0.0,-2.82993]},"J3o":{"weight":1.0,"played":[1.0,0.0],"evs":[0.0,-2.42617]},"Q3o":{"weight":1.0,"played":[1.0,0.0],"evs":[0.0,-1.85438]},"K3o":{"weight":1.0,"played":[1.0,0.0],"evs":[0.0,-1.31921]},"A3o":{"weight":1.0,"played":[0.9688,0.0312],"evs":[0.0,-0.04492]},"42s":{"weight":1.0,"played":[1.0,0.0],"evs":[0.0,-0.47777]},"43s":{"weight":1.0,"played":[0.0,1.0],"evs":[0.0,0.35984]},"44":{"weight":1.0,"played":[0.0,1.0],"evs":[0.0,3.92876]},"54o":{"weight":1.0,"played":[1.0,0.0],"evs":[0.0,-0.53363]},"64o":{"weight":1.0,"played":[1.0,0.0],"evs":[0.0,-1.0395]},"74o":{"weight":1.0,"played":[1.0,0.0],"evs":[0.0,-1.56269]},"84o":{"weight":1.0,"played":[1.0,0.0],"evs":[0.0,-2.13665]},"94o":{"weight":1.0,"played":[1.0,0.0],"evs":[0.0,-2.71079]},"T4o":{"weight":1.0,"played":[1.0,0.0],"evs":[0.0,-2.52823]},"J4o":{"weight":1.0,"played":[1.0,0.0],"evs":[0.0,-2.02363]},"Q4o":{"weight":1.0,"played":[1.0,0.0],"evs":[0.0,-1.52412]},"K4o":{"weight":1.0,"played":[1.0,0.0],"evs":[0.0,-0.94966]},"A4o":{"weight":1.0,"played":[0.0,1.0],"evs":[0.0,0.37614]},"52s":{"weight":1.0,"played":[0.9995,5.0E-4],"evs":[0.0,-0.18848]},"53s":{"weight":1.0,"played":[0.0,1.0],"evs":[0.0,0.70481]},"54s":{"weight":1.0,"played":[0.0,1.0],"evs":[0.0,1.58265]},"55":{"weight":1.0,"played":[0.0,1.0],"evs":[0.0,4.81725]},"65o":{"weight":1.0,"played":[1.0,0.0],"evs":[0.0,-0.20761]},"75o":{"weight":1.0,"played":[1.0,0.0],"evs":[0.0,-0.73118]},"85o":{"weight":1.0,"played":[1.0,0.0],"evs":[0.0,-1.23357]},"95o":{"weight":1.0,"played":[1.0,0.0],"evs":[0.0,-1.83447]},"T5o":{"weight":1.0,"played":[1.0,0.0],"evs":[0.0,-2.34036]},"J5o":{"weight":1.0,"played":[1.0,0.0],"evs":[0.0,-1.77783]},"Q5o":{"weight":1.0,"played":[1.0,0.0],"evs":[0.0,-1.2568]},"K5o":{"weight":1.0,"played":[1.0,0.0],"evs":[0.0,-0.71965]},"A5o":{"weight":1.0,"played":[0.0,1.0],"evs":[0.0,0.89045]},"62s":{"weight":1.0,"played":[1.0,0.0],"evs":[0.0,-0.82816]},"63s":{"weight":1.0,"played":[0.0031,0.9969],"evs":[0.0,0.25592]},"64s":{"weight":1.0,"played":[0.0,1.0],"evs":[0.0,1.12899]},"65s":{"weight":1.0,"played":[0.0,1.0],"evs":[0.0,1.87525]},"66":{"weight":1.0,"played":[0.0,1.0],"evs":[0.0,5.85309]},"76o":{"weight":1.0,"played":[0.0093,0.9907],"evs":[0.0,0.07786]},"86o":{"weight":1.0,"played":[1.0,0.0],"evs":[0.0,-0.32638]},"96o":{"weight":1.0,"played":[1.0,0.0],"evs":[0.0,-0.89738]},"T6o":{"weight":1.0,"played":[1.0,0.0],"evs":[0.0,-1.48356]},"J6o":{"weight":1.0,"played":[1.0,0.0],"evs":[0.0,-1.6307]},"Q6o":{"weight":1.0,"played":[1.0,0.0],"evs":[0.0,-0.96783]},"K6o":{"weight":1.0,"played":[0.9998,2.0E-4],"evs":[0.0,-0.36245]},"A6o":{"weight":1.0,"played":[0.0,1.0],"evs":[0.0,0.63926]},"72s":{"weight":1.0,"played":[1.0,0.0],"evs":[0.0,-1.17126]},"73s":{"weight":1.0,"played":[1.0,0.0],"evs":[0.0,-0.35787]},"74s":{"weight":1.0,"played":[0.0,1.0],"evs":[0.0,0.6345]},"75s":{"weight":1.0,"played":[0.0,1.0],"evs":[0.0,1.3444]},"76s":{"weight":1.0,"played":[0.0,1.0],"evs":[0.0,2.3221]},"77":{"weight":1.0,"played":[0.0,1.0],"evs":[0.0,6.97095]},"87o":{"weight":1.0,"played":[0.0,1.0],"evs":[0.0,0.3549]},"97o":{"weight":1.0,"played":[0.9949,0.0051],"evs":[0.0,-0.10812]},"T7o":{"weight":1.0,"played":[1.0,0.0],"evs":[0.0,-0.65157]},"J7o":{"weight":1.0,"played":[1.0,0.0],"evs":[0.0,-0.82719]},"Q7o":{"weight":1.0,"played":[1.0,0.0],"evs":[0.0,-0.91276]},"K7o":{"weight":1.0,"played":[0.9968,0.0032],"evs":[0.0,-0.1028]},"A7o":{"weight":1.0,"played":[0.0,1.0],"evs":[0.0,1.48292]},"82s":{"weight":1.0,"played":[1.0,0.0],"evs":[0.0,-0.89522]},"83s":{"weight":1.0,"played":[1.0,0.0],"evs":[0.0,-0.82137]},"84s":{"weight":1.0,"played":[0.0325,0.9675],"evs":[0.0,0.13517]},"85s":{"weight":1.0,"played":[0.0,1.0],"evs":[0.0,0.90388]},"86s":{"weight":1.0,"played":[0.0,1.0],"evs":[0.0,1.80615]},"87s":{"weight":1.0,"played":[0.0,1.0],"evs":[0.0,2.41279]},"88":{"weight":1.0,"played":[0.0,1.0],"evs":[0.0,8.25303]},"98o":{"weight":1.0,"played":[0.0,1.0],"evs":[0.0,0.53208]},"T8o":{"weight":1.0,"played":[0.0,1.0],"evs":[0.0,0.26096]},"J8o":{"weight":1.0,"played":[0.0012,0.9988],"evs":[0.0,0.03319]},"Q8o":{"weight":1.0,"played":[0.9999,1.0E-4],"evs":[0.0,-0.12508]},"K8o":{"weight":1.0,"played":[1.0E-4,0.9999],"evs":[0.0,0.16945]},"A8o":{"weight":1.0,"played":[0.0,1.0],"evs":[0.0,2.48242]},"92s":{"weight":1.0,"played":[1.0,0.0],"evs":[0.0,-0.87804]},"93s":{"weight":1.0,"played":[1.0,0.0],"evs":[0.0,-0.5798]},"94s":{"weight":1.0,"played":[1.0,0.0],"evs":[0.0,-0.45684]},"95s":{"weight":1.0,"played":[0.0,1.0],"evs":[0.0,0.44109]},"96s":{"weight":1.0,"played":[0.0,1.0],"evs":[0.0,1.32453]},"97s":{"weight":1.0,"played":[0.0,1.0],"evs":[0.0,2.06452]},"98s":{"weight":1.0,"played":[0.0,1.0],"evs":[0.0,2.67126]},"99":{"weight":1.0,"played":[0.0,1.0],"evs":[0.0,9.91078]},"T9o":{"weight":1.0,"played":[0.0,1.0],"evs":[0.0,1.03416]},"J9o":{"weight":1.0,"played":[0.0,1.0],"evs":[0.0,0.84555]},"Q9o":{"weight":1.0,"played":[0.0,1.0],"evs":[0.0,0.78906]},"K9o":{"weight":1.0,"played":[0.0,1.0],"evs":[0.0,1.16802]},"A9o":{"weight":1.0,"played":[0.0,1.0],"evs":[0.0,3.60782]},"T2s":{"weight":1.0,"played":[1.0,0.0],"evs":[0.0,-0.8492]},"T3s":{"weight":1.0,"played":[1.0,0.0],"evs":[0.0,-0.56278]},"T4s":{"weight":1.0,"played":[0.9997,3.0E-4],"evs":[0.0,-0.27579]},"T5s":{"weight":1.0,"played":[0.9954,0.0046],"evs":[0.0,-0.13749]},"T6s":{"weight":1.0,"played":[0.0,1.0],"evs":[0.0,0.77464]},"T7s":{"weight":1.0,"played":[0.0,1.0],"evs":[0.0,1.49537]},"T8s":{"weight":1.0,"played":[0.0,1.0],"evs":[0.0,2.24811]},"T9s":{"weight":1.0,"played":[0.0,1.0],"evs":[0.0,3.05841]},"TT":{"weight":1.0,"played":[0.0,1.0],"evs":[0.0,12.45626]},"JTo":{"weight":1.0,"played":[0.0,1.0],"evs":[0.0,1.94348]},"QTo":{"weight":1.0,"played":[0.0,1.0],"evs":[0.0,2.09303]},"KTo":{"weight":1.0,"played":[0.0,1.0],"evs":[0.0,2.83272]},"ATo":{"weight":1.0,"played":[0.0,1.0],"evs":[0.0,6.04403]},"J2s":{"weight":1.0,"played":[0.9999,1.0E-4],"evs":[0.0,-0.39406]},"J3s":{"weight":1.0,"played":[0.9879,0.0121],"evs":[0.0,-0.20731]},"J4s":{"weight":1.0,"played":[6.0E-4,0.9994],"evs":[0.0,0.25195]},"J5s":{"weight":1.0,"played":[0.0,1.0],"evs":[0.0,0.41407]},"J6s":{"weight":1.0,"played":[0.0,1.0],"evs":[0.0,0.48194]},"J7s":{"weight":1.0,"played":[0.0,1.0],"evs":[0.0,1.44148]},"J8s":{"weight":1.0,"played":[0.0,1.0],"evs":[0.0,2.10969]},"J9s":{"weight":1.0,"played":[0.0,1.0],"evs":[0.0,2.93851]},"JTs":{"weight":1.0,"played":[0.0,1.0],"evs":[0.0,4.08111]},"JJ":{"weight":1.0,"played":[0.0,1.0],"evs":[0.0,15.15885]},"QJo":{"weight":1.0,"played":[0.0,1.0],"evs":[0.0,2.99054]},"KJo":{"weight":1.0,"played":[0.0,1.0],"evs":[0.0,3.89889]},"AJo":{"weight":1.0,"played":[0.0,1.0],"evs":[0.0,7.63765]},"Q2s":{"weight":1.0,"played":[0.0,1.0],"evs":[0.0,0.08831]},"Q3s":{"weight":1.0,"played":[0.0,1.0],"evs":[0.0,0.47735]},"Q4s":{"weight":1.0,"played":[0.0,1.0],"evs":[0.0,0.75168]},"Q5s":{"weight":1.0,"played":[0.0,1.0],"evs":[0.0,0.93051]},"Q6s":{"weight":1.0,"played":[0.0,1.0],"evs":[0.0,1.21815]},"Q7s":{"weight":1.0,"played":[0.0,1.0],"evs":[0.0,1.2801]},"Q8s":{"weight":1.0,"played":[0.0,1.0],"evs":[0.0,1.95894]},"Q9s":{"weight":1.0,"played":[0.0,1.0],"evs":[0.0,2.89017]},"QTs":{"weight":1.0,"played":[0.0,1.0],"evs":[0.0,4.24153]},"QJs":{"weight":1.0,"played":[0.0,1.0],"evs":[0.0,4.98307]},"QQ":{"weight":1.0,"played":[0.0,1.0],"evs":[0.0,18.17762]},"KQo":{"weight":1.0,"played":[0.0,1.0],"evs":[0.0,5.0757]},"AQo":{"weight":1.0,"played":[0.0,1.0],"evs":[0.0,9.39861]},"K2s":{"weight":1.0,"played":[0.0,1.0],"evs":[0.0,0.66125]},"K3s":{"weight":1.0,"played":[0.0,1.0],"evs":[0.0,1.08603]},"K4s":{"weight":1.0,"played":[0.0,1.0],"evs":[0.0,1.44255]},"K5s":{"weight":1.0,"played":[0.0,1.0],"evs":[0.0,1.55896]},"K6s":{"weight":1.0,"played":[0.0,1.0],"evs":[0.0,1.85047]},"K7s":{"weight":1.0,"played":[0.0,1.0],"evs":[0.0,2.26698]},"K8s":{"weight":1.0,"played":[0.0,1.0],"evs":[0.0,2.31457]},"K9s":{"weight":1.0,"played":[0.0,1.0],"evs":[0.0,3.34387]},"KTs":{"weight":1.0,"played":[0.0,1.0],"evs":[0.0,4.95106]},"KJs":{"weight":1.0,"played":[0.0,1.0],"evs":[0.0,5.91582]},"KQs":{"weight":1.0,"played":[0.0,1.0],"evs":[0.0,7.02964]},"KK":{"weight":1.0,"played":[0.0,1.0],"evs":[0.0,21.91113]},"AKo":{"weight":1.0,"played":[0.0,1.0],"evs":[0.0,11.41642]},"A2s":{"weight":1.0,"played":[0.0,1.0],"evs":[0.0,1.94879]},"A3s":{"weight":1.0,"played":[0.0,1.0],"evs":[0.0,2.34376]},"A4s":{"weight":1.0,"played":[0.0,1.0],"evs":[0.0,2.69639]},"A5s":{"weight":1.0,"played":[0.0,1.0],"evs":[0.0,3.20811]},"A6s":{"weight":1.0,"played":[0.0,1.0],"evs":[0.0,2.96386]},"A7s":{"weight":1.0,"played":[0.0,1.0],"evs":[0.0,3.80423]},"A8s":{"weight":1.0,"played":[0.0,1.0],"evs":[0.0,4.64251]},"A9s":{"weight":1.0,"played":[0.0,1.0],"evs":[0.0,5.68274]},"ATs":{"weight":1.0,"played":[0.0,1.0],"evs":[0.0,8.07363]},"AJs":{"weight":1.0,"played":[0.0,1.0],"evs":[0.0,9.48646]},"AQs":{"weight":1.0,"played":[0.0,1.0],"evs":[0.0,11.12838]},"AKs":{"weight":1.0,"played":[0.0,1.0],"evs":[0.0,12.98442]},"AA":{"weight":1.0,"played":[0.0,1.0],"evs":[0.0,28.8335]}}}