{"player":5,"street":0,"children":2,"sequence":[{"player":0,"type":"F","amount":0,"street":0},{"player":1,"type":"R","amount":955000,"street":0},{"player":2,"type":"C","amount":955000,"street":0},{"player":3,"type":"C","amount":905000,"street":0},{"player":4,"type":"F","amount":0,"street":0}],"actions":[{"type":"F","amount":0},{"type":"C","amount":855000}],"hands":{"22":{"weight":1.0,"played":[0.0,1.0],"evs":[0.0,2.74616]},"32o":{"weight":1.0,"played":[1.0,0.0],"evs":[0.0,-2.32417]},"42o":{"weight":1.0,"played":[1.0,0.0],"evs":[0.0,-1.92592]},"52o":{"weight":1.0,"played":[1.0,0.0],"evs":[0.0,-1.63847]},"62o":{"weight":1.0,"played":[1.0,0.0],"evs":[0.0,-2.15704]},"72o":{"weight":1.0,"played":[1.0,0.0],"evs":[0.0,-3.05247]},"82o":{"weight":1.0,"played":[1.0,0.0],"evs":[0.0,-2.94979]},"92o":{"weight":1.0,"played":[1.0,0.0],"evs":[0.0,-2.96847]},"T2o":{"weight":1.0,"played":[1.0,0.0],"evs":[0.0,-3.47518]},"J2o":{"weight":1.0,"played":[1.0,0.0],"evs":[0.0,-2.96463]},"Q2o":{"weight":1.0,"played":[1.0,0.0],"evs":[0.0,-2.45484]},"K2o":{"weight":1.0,"played":[1.0,0.0],"evs":[0.0,-2.16799]},"A2o":{"weight":1.0,"played":[1.0,0.0],"evs":[0.0,-2.01368]},"32s":{"weight":1.0,"played":[0.0023,0.9977],"evs":[0.0,0.3607]},"33":{"weight":1.0,"played":[0.0,1.0],"evs":[0.0,3.33526]},"43o":{"weight":1.0,"played":[0.9927,0.0073],"evs":[0.0,-0.6918]},"53o":{"weight":1.0,"played":[0.9326,0.0674],"evs":[0.0,-0.12956]},"63o":{"weight":1.0,"played":[1.0,0.0],"evs":[0.0,-0.8828]},"73o":{"weight":1.0,"played":[1.0,0.0],"evs":[0.0,-1.72334]},"83o":{"weight":1.0,"played":[1.0,0.0],"evs":[0.0,-2.76766]},"93o":{"weight":1.0,"played":[1.0,0.0],"evs":[0.0,-2.53901]},"T3o":{"weight":1.0,"played":[1.0,0.0],"evs":[0.0,-2.93756]},"J3o":{"weight":1.0,"played":[1.0,0.0],"evs":[0.0,-2.48049]},"Q3o":{"weight":1.0,"played":[1.0,0.0],"evs":[0.0,-2.15478]},"K3o":{"weight":1.0,"played":[1.0,0.0],"evs":[0.0,-1.57406]},"A3o":{"weight":1.0,"played":[1.0,0.0],"evs":[0.0,-1.30812]},"42s":{"weight":1.0,"played":[5.0E-4,0.9995],"evs":[0.0,0.95453]},"43s":{"weight":1.0,"played":[0.0,1.0],"evs":[0.0,1.97242]},"44":{"weight":1.0,"played":[0.0,1.0],"evs":[0.0,4.03139]},"54o":{"weight":1.0,"played":[3.0E-4,0.9997],"evs":[0.0,0.94519]},"64o":{"weight":1.0,"played":[0.002,0.998],"evs":[0.0,0.29901]},"74o":{"weight":1.0,"played":[0.9993,7.0E-4],"evs":[0.0,-0.48862]},"84o":{"weight":1.0,"played":[1.0,0.0],"evs":[0.0,-1.41747]},"94o":{"weight":1.0,"played":[1.0,0.0],"evs":[0.0,-2.28588]},"T4o":{"weight":1.0,"played":[1.0,0.0],"evs":[0.0,-2.58858]},"J4o":{"weight":1.0,"played":[1.0,0.0],"evs":[0.0,-2.09605]},"Q4o":{"weight":1.0,"played":[1.0,0.0],"evs":[0.0,-1.71465]},"K4o":{"weight":1.0,"played":[1.0,0.0],"evs":[0.0,-1.09566]},"A4o":{"weight":1.0,"played":[1.0,0.0],"evs":[0.0,-0.96956]},"52s":{"weight":1.0,"played":[0.0016,0.9984],"evs":[0.0,1.19396]},"53s":{"weight":1.0,"played":[0.0,1.0],"evs":[0.0,2.44739]},"54s":{"weight":1.0,"played":[0.0,1.0],"evs":[0.0,3.48496]},"55":{"weight":1.0,"played":[0.0,1.0],"evs":[0.0,5.24956]},"65o":{"weight":1.0,"played":[0.0,1.0],"evs":[0.0,1.25126]},"75o":{"weight":1.0,"played":[2.0E-4,0.9998],"evs":[0.0,0.56581]},"85o":{"weight":1.0,"played":[0.9741,0.0259],"evs":[0.0,-0.25389]},"95o":{"weight":1.0,"played":[1.0,0.0],"evs":[0.0,-1.10821]},"T5o":{"weight":1.0,"played":[1.0,0.0],"evs":[0.0,-2.51211]},"J5o":{"weight":1.0,"played":[1.0,0.0],"evs":[0.0,-1.86689]},"Q5o":{"weight":1.0,"played":[1.0,0.0],"evs":[0.0,-1.46287]},"K5o":{"weight":1.0,"played":[1.0,0.0],"evs":[0.0,-0.78228]},"A5o":{"weight":1.0,"played":[0.9959,0.0041],"evs":[0.0,-0.59778]},"62s":{"weight":1.0,"played":[0.0037,0.9963],"evs":[0.0,0.72279]},"63s":{"weight":1.0,"played":[0.0,1.0],"evs":[0.0,1.90516]},"64s":{"weight":1.0,"played":[0.0,1.0],"evs":[0.0,3.09151]},"65s":{"weight":1.0,"played":[0.0,1.0],"evs":[0.0,3.80022]},"66":{"weight":1.0,"played":[0.0,1.0],"evs":[0.0,6.4602]},"76o":{"weight":1.0,"played":[0.0,1.0],"evs":[0.0,1.34248]},"86o":{"weight":1.0,"played":[3.0E-4,0.9997],"evs":[0.0,0.82023]},"96o":{"weight":1.0,"played":[0.9699,0.0301],"evs":[0.0,-0.17855]},"T6o":{"weight":1.0,"played":[1.0,0.0],"evs":[0.0,-1.34409]},"J6o":{"weight":1.0,"played":[1.0,0.0],"evs":[0.0,-1.73509]},"Q6o":{"weight":1.0,"played":[1.0,0.0],"evs":[0.0,-1.15704]},"K6o":{"weight":1.0,"played":[0.9995,5.0E-4],"evs":[0.0,-0.4139]},"A6o":{"weight":1.0,"played":[1.0,0.0],"evs":[0.0,-1.21566]},"72s":{"weight":1.0,"played":[0.8525,0.1475],"evs":[0.0,-0.10856]},"73s":{"weight":1.0,"played":[5.0E-4,0.9995],"evs":[0.0,0.83736]},"74s":{"weight":1.0,"played":[0.0,1.0],"evs":[0.0,2.23743]},"75s":{"weight":1.0,"played":[0.0,1.0],"evs":[0.0,3.31263]},"76s":{"weight":1.0,"played":[0.0,1.0],"evs":[0.0,3.98333]},"77":{"weight":1.0,"played":[0.0,1.0],"evs":[0.0,7.2388]},"87o":{"weight":1.0,"played":[0.0,1.0],"evs":[0.0,1.36263]},"97o":{"weight":1.0,"played":[0.0,1.0],"evs":[0.0,0.81308]},"T7o":{"weight":1.0,"played":[0.9964,0.0036],"evs":[0.0,-0.2984]},"J7o":{"weight":1.0,"played":[0.9995,5.0E-4],"evs":[0.0,-0.7221]},"Q7o":{"weight":1.0,"played":[0.9999,1.0E-4],"evs":[0.0,-0.84007]},"K7o":{"weight":1.0,"played":[0.936,0.064],"evs":[0.0,-0.24576]},"A7o":{"weight":1.0,"played":[0.9933,0.0067],"evs":[0.0,-0.48559]},"82s":{"weight":1.0,"played":[0.6845,0.3155],"evs":[0.0,0.01909]},"83s":{"weight":1.0,"played":[0.0799,0.9201],"evs":[0.0,0.25372]},"84s":{"weight":1.0,"played":[0.0,1.0],"evs":[0.0,1.3552]},"85s":{"weight":1.0,"played":[0.0,1.0],"evs":[0.0,2.52747]},"86s":{"weight":1.0,"played":[0.0,1.0],"evs":[0.0,3.68427]},"87s":{"weight":1.0,"played":[0.0,1.0],"evs":[0.0,4.1641]},"88":{"weight":1.0,"played":[0.0,1.0],"evs":[0.0,8.74641]},"98o":{"weight":1.0,"played":[0.0,1.0],"evs":[0.0,1.54649]},"T8o":{"weight":1.0,"played":[1.0E-4,0.9999],"evs":[0.0,0.64917]},"J8o":{"weight":1.0,"played":[0.1672,0.8328],"evs":[0.0,0.15457]},"Q8o":{"weight":1.0,"played":[0.9844,0.0156],"evs":[0.0,-0.16062]},"K8o":{"weight":1.0,"played":[0.7746,0.2254],"evs":[0.0,-0.11178]},"A8o":{"weight":1.0,"played":[0.0776,0.9224],"evs":[0.0,0.13102]},"92s":{"weight":1.0,"played":[0.0056,0.9944],"evs":[0.0,0.15144]},"93s":{"weight":1.0,"played":[0.0011,0.9989],"evs":[0.0,0.74816]},"94s":{"weight":1.0,"played":[1.0E-4,0.9999],"evs":[0.0,0.69203]},"95s":{"weight":1.0,"played":[0.0,1.0],"evs":[0.0,1.42794]},"96s":{"weight":1.0,"played":[0.0,1.0],"evs":[0.0,2.84216]},"97s":{"weight":1.0,"played":[0.0,1.0],"evs":[0.0,3.64922]},"98s":{"weight":1.0,"played":[0.0,1.0],"evs":[0.0,4.18065]},"99":{"weight":1.0,"played":[0.0,1.0],"evs":[0.0,10.21939]},"T9o":{"weight":1.0,"played":[0.0,1.0],"evs":[0.0,1.42692]},"J9o":{"weight":1.0,"played":[0.0,1.0],"evs":[0.0,1.29327]},"Q9o":{"weight":1.0,"played":[5.0E-4,0.9995],"evs":[0.0,0.90974]},"K9o":{"weight":1.0,"played":[0.0,1.0],"evs":[0.0,1.01928]},"A9o":{"weight":1.0,"played":[0.0,1.0],"evs":[0.0,1.17064]},"T2s":{"weight":1.0,"played":[0.7492,0.2508],"evs":[0.0,-0.08632]},"T3s":{"weight":1.0,"played":[0.2371,0.7629],"evs":[0.0,0.04834]},"T4s":{"weight":1.0,"played":[0.0223,0.9777],"evs":[0.0,0.50182]},"T5s":{"weight":1.0,"played":[0.0,1.0],"evs":[0.0,0.51807]},"T6s":{"weight":1.0,"played":[1.0E-4,0.9999],"evs":[0.0,1.50744]},"T7s":{"weight":1.0,"played":[0.0,1.0],"evs":[0.0,2.72093]},"T8s":{"weight":1.0,"played":[0.0,1.0],"evs":[0.0,3.40595]},"T9s":{"weight":1.0,"played":[0.0,1.0],"evs":[0.0,4.49214]},"TT":{"weight":1.0,"played":[0.0,1.0],"evs":[0.0,12.91335]},"JTo":{"weight":1.0,"played":[0.0,1.0],"evs":[0.0,1.8937]},"QTo":{"weight":1.0,"played":[0.0,1.0],"evs":[0.0,1.86353]},"KTo":{"weight":1.0,"played":[0.0,1.0],"evs":[0.0,2.30402]},"ATo":{"weight":1.0,"played":[0.0,1.0],"evs":[0.0,3.12061]},"J2s":{"weight":1.0,"played":[0.3532,0.6468],"evs":[0.0,-0.06862]},"J3s":{"weight":1.0,"played":[0.0,1.0],"evs":[0.0,0.34738]},"J4s":{"weight":1.0,"played":[3.0E-4,0.9997],"evs":[0.0,0.80573]},"J5s":{"weight":1.0,"played":[0.0,1.0],"evs":[0.0,1.00449]},"J6s":{"weight":1.0,"played":[0.0,1.0],"evs":[0.0,1.33984]},"J7s":{"weight":1.0,"played":[1.0E-4,0.9999],"evs":[0.0,2.25657]},"J8s":{"weight":1.0,"played":[0.0,1.0],"evs":[0.0,3.04033]},"J9s":{"weight":1.0,"played":[0.0,1.0],"evs":[0.0,3.78713]},"JTs":{"weight":1.0,"played":[0.0,1.0],"evs":[0.0,4.81401]},"JJ":{"weight":1.0,"played":[0.0,1.0],"evs":[0.0,16.45291]},"QJo":{"weight":1.0,"played":[0.0,1.0],"evs":[0.0,2.731]},"KJo":{"weight":1.0,"played":[0.0,1.0],"evs":[0.0,3.59591]},"AJo":{"weight":1.0,"played":[0.0,1.0],"evs":[0.0,5.22193]},"Q2s":{"weight":1.0,"played":[0.0,1.0],"evs":[0.0,0.65105]},"Q3s":{"weight":1.0,"played":[1.0E-4,0.9999],"evs":[0.0,0.67087]},"Q4s":{"weight":1.0,"played":[2.0E-4,0.9998],"evs":[0.0,1.1271]},"Q5s":{"weight":1.0,"played":[0.0,1.0],"evs":[0.0,1.7092]},"Q6s":{"weight":1.0,"played":[0.0,1.0],"evs":[0.0,2.15615]},"Q7s":{"weight":1.0,"played":[0.0,1.0],"evs":[0.0,2.18172]},"Q8s":{"weight":1.0,"played":[0.0,1.0],"evs":[0.0,2.58437]},"Q9s":{"weight":1.0,"played":[0.0,1.0],"evs":[0.0,3.84099]},"QTs":{"weight":1.0,"played":[0.0,1.0],"evs":[0.0,4.52433]},"QJs":{"weight":1.0,"played":[0.0,1.0],"evs":[0.0,5.74991]},"QQ":{"weight":1.0,"played":[0.0,1.0],"evs":[0.0,21.50082]},"KQo":{"weight":1.0,"played":[0.0,1.0],"evs":[0.0,5.07404]},"AQo":{"weight":1.0,"played":[0.0,1.0],"evs":[0.0,7.37132]},"K2s":{"weight":1.0,"played":[0.0,1.0],"evs":[0.0,0.85102]},"K3s":{"weight":1.0,"played":[5.0E-4,0.9995],"evs":[0.0,1.66607]},"K4s":{"weight":1.0,"played":[0.0,1.0],"evs":[0.0,1.94269]},"K5s":{"weight":1.0,"played":[0.0,1.0],"evs":[0.0,2.15193]},"K6s":{"weight":1.0,"played":[0.0,1.0],"evs":[0.0,2.4988]},"K7s":{"weight":1.0,"played":[0.0,1.0],"evs":[0.0,2.76441]},"K8s":{"weight":1.0,"played":[0.0,1.0],"evs":[0.0,3.21591]},"K9s":{"weight":1.0,"played":[0.0,1.0],"evs":[0.0,4.15217]},"KTs":{"weight":1.0,"played":[0.0,1.0],"evs":[0.0,5.52505]},"KJs":{"weight":1.0,"played":[0.0,1.0],"evs":[0.0,6.09209]},"KQs":{"weight":1.0,"played":[0.0,1.0],"evs":[0.0,7.59136]},"KK":{"weight":1.0,"played":[0.0,1.0],"evs":[0.0,27.28675]},"AKo":{"weight":1.0,"played":[0.0,1.0],"evs":[0.0,10.22429]},"A2s":{"weight":1.0,"played":[0.0,1.0],"evs":[0.0,1.428]},"A3s":{"weight":1.0,"played":[0.0,1.0],"evs":[0.0,1.62037]},"A4s":{"weight":1.0,"played":[0.0,1.0],"evs":[0.0,2.3235]},"A5s":{"weight":1.0,"played":[0.0,1.0],"evs":[0.0,2.79946]},"A6s":{"weight":1.0,"played":[0.0,1.0],"evs":[0.0,2.08344]},"A7s":{"weight":1.0,"played":[0.0,1.0],"evs":[0.0,2.49103]},"A8s":{"weight":1.0,"played":[0.0,1.0],"evs":[0.0,3.19701]},"A9s":{"weight":1.0,"played":[0.0,1.0],"evs":[0.0,3.85286]},"ATs":{"weight":1.0,"played":[0.0,1.0],"evs":[0.0,6.3642]},"AJs":{"weight":1.0,"played":[0.0,1.0],"evs":[0.0,8.16662]},"AQs":{"weight":1.0,"played":[0.0,1.0],"evs":[0.0,10.29082]},"AKs":{"weight":1.0,"played":[0.0,1.0],"evs":[0.0,12.78105]},"AA":{"weight":1.0,"played":[0.0,1.0],"evs":[0.0,35.75408]}}}