{"player":1,"street":0,"children":2,"sequence":[{"player":0,"type":"R","amount":955000,"street":0}],"actions":[{"type":"F","amount":0,"node":36},{"type":"C","amount":955000,"node":51}],"hands":{"22":{"weight":1.0,"played":[0.0,1.0],"evs":[0.0,0.2088]},"32o":{"weight":1.0,"played":[1.0,0.0],"evs":[0.0,-5.08749]},"42o":{"weight":1.0,"played":[1.0,0.0],"evs":[0.0,-4.75332]},"52o":{"weight":1.0,"played":[1.0,0.0],"evs":[0.0,-4.44909]},"62o":{"weight":1.0,"played":[1.0,0.0],"evs":[0.0,-4.99826]},"72o":{"weight":1.0,"played":[1.0,0.0],"evs":[0.0,-5.51328]},"82o":{"weight":1.0,"played":[1.0,0.0],"evs":[0.0,-5.25454]},"92o":{"weight":1.0,"played":[1.0,0.0],"evs":[0.0,-5.20787]},"T2o":{"weight":1.0,"played":[1.0,0.0],"evs":[0.0,-5.02316]},"J2o":{"weight":1.0,"played":[1.0,0.0],"evs":[0.0,-4.60056]},"Q2o":{"weight":1.0,"played":[1.0,0.0],"evs":[0.0,-3.96212]},"K2o":{"weight":1.0,"played":[1.0,0.0],"evs":[0.0,-3.23156]},"A2o":{"weight":1.0,"played":[1.0,0.0],"evs":[0.0,-1.33815]},"32s":{"weight":1.0,"played":[1.0,0.0],"evs":[0.0,-2.93388]},"33":{"weight":1.0,"played":[0.0,1.0],"evs":[0.0,0.9008]},"43o":{"weight":1.0,"played":[1.0,0.0],"evs":[0.0,-3.96348]},"53o":{"weight":1.0,"played":[1.0,0.0],"evs":[0.0,-3.61244]},"63o":{"weight":1.0,"played":[1.0,0.0],"evs":[0.0,-4.16613]},"73o":{"weight":1.0,"played":[1.0,0.0],"evs":[0.0,-4.67857]},"83o":{"weight":1.0,"played":[1.0,0.0],"evs":[0.0,-5.23107]},"93o":{"weight":1.0,"played":[1.0,0.0],"evs":[0.0,-5.03215]},"T3o":{"weight":1.0,"played":[1.0,0.0],"evs":[0.0,-4.82469]},"J3o":{"weight":1.0,"played":[1.0,0.0],"evs":[0.0,-4.40649]},"Q3o":{"weight":1.0,"played":[1.0,0.0],"evs":[0.0,-3.77592]},"K3o":{"weight":1.0,"played":[1.0,0.0],"evs":[0.0,-3.02332]},"A3o":{"weight":1.0,"played":[1.0,0.0],"evs":[0.0,-0.9771]},"42s":{"weight":1.0,"played":[1.0,0.0],"evs":[0.0,-2.59532]},"43s":{"weight":1.0,"played":[1.0,0.0],"evs":[0.0,-1.88702]},"44":{"weight":1.0,"played":[0.0,1.0],"evs":[0.0,1.77516]},"54o":{"weight":1.0,"played":[1.0,0.0],"evs":[0.0,-2.77744]},"64o":{"weight":1.0,"played":[1.0,0.0],"evs":[0.0,-3.22946]},"74o":{"weight":1.0,"played":[1.0,0.0],"evs":[0.0,-3.73739]},"84o":{"weight":1.0,"played":[1.0,0.0],"evs":[0.0,-4.28691]},"94o":{"weight":1.0,"played":[1.0,0.0],"evs":[0.0,-4.86046]},"T4o":{"weight":1.0,"played":[1.0,0.0],"evs":[0.0,-4.5264]},"J4o":{"weight":1.0,"played":[1.0,0.0],"evs":[0.0,-4.09311]},"Q4o":{"weight":1.0,"played":[1.0,0.0],"evs":[0.0,-3.45303]},"K4o":{"weight":1.0,"played":[1.0,0.0],"evs":[0.0,-2.71162]},"A4o":{"weight":1.0,"played":[1.0,0.0],"evs":[0.0,-0.58152]},"52s":{"weight":1.0,"played":[1.0,0.0],"evs":[0.0,-2.38134]},"53s":{"weight":1.0,"played":[1.0,0.0],"evs":[0.0,-1.57853]},"54s":{"weight":1.0,"played":[1.0,0.0],"evs":[0.0,-0.75042]},"55":{"weight":1.0,"played":[0.0,1.0],"evs":[0.0,2.76953]},"65o":{"weight":1.0,"played":[1.0,0.0],"evs":[0.0,-2.43779]},"75o":{"weight":1.0,"played":[1.0,0.0],"evs":[0.0,-2.86873]},"85o":{"weight":1.0,"played":[1.0,0.0],"evs":[0.0,-3.37378]},"95o":{"weight":1.0,"played":[1.0,0.0],"evs":[0.0,-3.95033]},"T5o":{"weight":1.0,"played":[1.0,0.0],"evs":[0.0,-4.34265]},"J5o":{"weight":1.0,"played":[1.0,0.0],"evs":[0.0,-3.80317]},"Q5o":{"weight":1.0,"played":[1.0,0.0],"evs":[0.0,-3.13373]},"K5o":{"weight":1.0,"played":[1.0,0.0],"evs":[0.0,-2.36788]},"A5o":{"weight":1.0,"played":[1.0,0.0],"evs":[0.0,-0.12999]},"62s":{"weight":1.0,"played":[1.0,0.0],"evs":[0.0,-2.82296]},"63s":{"weight":1.0,"played":[1.0,0.0],"evs":[0.0,-2.0636]},"64s":{"weight":1.0,"played":[1.0,0.0],"evs":[0.0,-1.20559]},"65s":{"weight":1.0,"played":[0.9999,1.0E-4],"evs":[0.0,-0.4603]},"66":{"weight":1.0,"played":[0.0,1.0],"evs":[0.0,3.75794]},"76o":{"weight":1.0,"played":[1.0,0.0],"evs":[0.0,-2.09455]},"86o":{"weight":1.0,"played":[1.0,0.0],"evs":[0.0,-2.5225]},"96o":{"weight":1.0,"played":[1.0,0.0],"evs":[0.0,-3.06665]},"T6o":{"weight":1.0,"played":[1.0,0.0],"evs":[0.0,-3.489]},"J6o":{"weight":1.0,"played":[1.0,0.0],"evs":[0.0,-3.63069]},"Q6o":{"weight":1.0,"played":[1.0,0.0],"evs":[0.0,-2.8703]},"K6o":{"weight":1.0,"played":[1.0,0.0],"evs":[0.0,-2.03758]},"A6o":{"weight":1.0,"played":[1.0,0.0],"evs":[0.0,-0.30447]},"72s":{"weight":1.0,"played":[1.0,0.0],"evs":[0.0,-3.32367]},"73s":{"weight":1.0,"played":[1.0,0.0],"evs":[0.0,-2.56548]},"74s":{"weight":1.0,"played":[1.0,0.0],"evs":[0.0,-1.68242]},"75s":{"weight":1.0,"played":[1.0,0.0],"evs":[0.0,-0.85308]},"76s":{"weight":1.0,"played":[0.9999,1.0E-4],"evs":[0.0,-0.13645]},"77":{"weight":1.0,"played":[0.0,1.0],"evs":[0.0,4.78251]},"87o":{"weight":1.0,"played":[1.0,0.0],"evs":[0.0,-1.8345]},"97o":{"weight":1.0,"played":[1.0,0.0],"evs":[0.0,-2.2957]},"T7o":{"weight":1.0,"played":[1.0,0.0],"evs":[0.0,-2.67023]},"J7o":{"weight":1.0,"played":[1.0,0.0],"evs":[0.0,-2.82954]},"Q7o":{"weight":1.0,"played":[1.0,0.0],"evs":[0.0,-2.74881]},"K7o":{"weight":1.0,"played":[1.0,0.0],"evs":[0.0,-1.74083]},"A7o":{"weight":1.0,"played":[0.0,1.0],"evs":[0.0,0.42337]},"82s":{"weight":1.0,"played":[1.0,0.0],"evs":[0.0,-3.02455]},"83s":{"weight":1.0,"played":[1.0,0.0],"evs":[0.0,-3.04579]},"84s":{"weight":1.0,"played":[1.0,0.0],"evs":[0.0,-2.12932]},"85s":{"weight":1.0,"played":[1.0,0.0],"evs":[0.0,-1.27828]},"86s":{"weight":1.0,"played":[1.0,0.0],"evs":[0.0,-0.49635]},"87s":{"weight":1.0,"played":[0.0,1.0],"evs":[0.0,0.15]},"88":{"weight":1.0,"played":[0.0,1.0],"evs":[0.0,5.96294]},"98o":{"weight":1.0,"played":[1.0,0.0],"evs":[0.0,-1.6605]},"T8o":{"weight":1.0,"played":[1.0,0.0],"evs":[0.0,-1.87442]},"J8o":{"weight":1.0,"played":[1.0,0.0],"evs":[0.0,-2.03302]},"Q8o":{"weight":1.0,"played":[1.0,0.0],"evs":[0.0,-1.95167]},"K8o":{"weight":1.0,"played":[1.0,0.0],"evs":[0.0,-1.4893]},"A8o":{"weight":1.0,"played":[0.0,1.0],"evs":[0.0,1.24876]},"92s":{"weight":1.0,"played":[1.0,0.0],"evs":[0.0,-3.01253]},"93s":{"weight":1.0,"played":[1.0,0.0],"evs":[0.0,-2.80886]},"94s":{"weight":1.0,"played":[1.0,0.0],"evs":[0.0,-2.66311]},"95s":{"weight":1.0,"played":[1.0,0.0],"evs":[0.0,-1.83691]},"96s":{"weight":1.0,"played":[1.0,0.0],"evs":[0.0,-1.00209]},"97s":{"weight":1.0,"played":[1.0,0.0],"evs":[0.0,-0.26029]},"98s":{"weight":1.0,"played":[0.0,1.0],"evs":[0.0,0.29748]},"99":{"weight":1.0,"played":[0.0,1.0],"evs":[0.0,7.60138]},"T9o":{"weight":1.0,"played":[1.0,0.0],"evs":[0.0,-1.09381]},"J9o":{"weight":1.0,"played":[1.0,0.0],"evs":[0.0,-1.25107]},"Q9o":{"weight":1.0,"played":[1.0,0.0],"evs":[0.0,-1.12075]},"K9o":{"weight":1.0,"played":[1.0,0.0],"evs":[0.0,-0.46721]},"A9o":{"weight":1.0,"played":[0.0,1.0],"evs":[0.0,2.2214]},"T2s":{"weight":1.0,"played":[1.0,0.0],"evs":[0.0,-2.79829]},"T3s":{"weight":1.0,"played":[1.0,0.0],"evs":[0.0,-2.65535]},"T4s":{"weight":1.0,"played":[1.0,0.0],"evs":[0.0,-2.37088]},"T5s":{"weight":1.0,"played":[1.0,0.0],"evs":[0.0,-2.17108]},"T6s":{"weight":1.0,"played":[1.0,0.0],"evs":[0.0,-1.35775]},"T7s":{"weight":1.0,"played":[1.0,0.0],"evs":[0.0,-0.62627]},"T8s":{"weight":1.0,"played":[0.0025,0.9975],"evs":[0.0,0.12431]},"T9s":{"weight":1.0,"played":[0.0,1.0],"evs":[0.0,0.82808]},"TT":{"weight":1.0,"played":[0.0,1.0],"evs":[0.0,9.82292]},"JTo":{"weight":1.0,"played":[0.9981,0.0019],"evs":[0.0,-0.0673]},"QTo":{"weight":1.0,"played":[0.0,1.0],"evs":[0.0,0.24326]},"KTo":{"weight":1.0,"played":[0.0,1.0],"evs":[0.0,1.21314]},"ATo":{"weight":1.0,"played":[0.0,1.0],"evs":[0.0,4.31265]},"J2s":{"weight":1.0,"played":[1.0,0.0],"evs":[0.0,-2.36336]},"J3s":{"weight":1.0,"played":[1.0,0.0],"evs":[0.0,-2.20108]},"J4s":{"weight":1.0,"played":[1.0,0.0],"evs":[0.0,-1.93403]},"J5s":{"weight":1.0,"played":[1.0,0.0],"evs":[0.0,-1.69181]},"J6s":{"weight":1.0,"played":[1.0,0.0],"evs":[0.0,-1.49588]},"J7s":{"weight":1.0,"played":[1.0,0.0],"evs":[0.0,-0.76834]},"J8s":{"weight":1.0,"played":[0.1927,0.8073],"evs":[0.0,0.01097]},"J9s":{"weight":1.0,"played":[0.0,1.0],"evs":[0.0,0.69547]},"JTs":{"weight":1.0,"played":[0.0,1.0],"evs":[0.0,1.81831]},"JJ":{"weight":1.0,"played":[0.0,1.0],"evs":[0.0,12.27819]},"QJo":{"weight":1.0,"played":[0.0,1.0],"evs":[0.0,1.07967]},"KJo":{"weight":1.0,"played":[0.0,1.0],"evs":[0.0,2.1578]},"AJo":{"weight":1.0,"played":[0.0,1.0],"evs":[0.0,5.64642]},"Q2s":{"weight":1.0,"played":[1.0,0.0],"evs":[0.0,-1.73873]},"Q3s":{"weight":1.0,"played":[1.0,0.0],"evs":[0.0,-1.55702]},"Q4s":{"weight":1.0,"played":[1.0,0.0],"evs":[0.0,-1.29431]},"Q5s":{"weight":1.0,"played":[1.0,0.0],"evs":[0.0,-0.98049]},"Q6s":{"weight":1.0,"played":[1.0,0.0],"evs":[0.0,-0.74298]},"Q7s":{"weight":1.0,"played":[1.0,0.0],"evs":[0.0,-0.61496]},"Q8s":{"weight":1.0,"played":[3.0E-4,0.9997],"evs":[0.0,0.12639]},"Q9s":{"weight":1.0,"played":[0.0,1.0],"evs":[0.0,0.85165]},"QTs":{"weight":1.0,"played":[0.0,1.0],"evs":[0.0,2.14091]},"QJs":{"weight":1.0,"played":[0.0,1.0],"evs":[0.0,2.90617]},"QQ":{"weight":1.0,"played":[0.0,1.0],"evs":[0.0,15.07089]},"KQo":{"weight":1.0,"played":[0.0,1.0],"evs":[0.0,3.30717]},"AQo":{"weight":1.0,"played":[0.0,1.0],"evs":[0.0,7.16665]},"K2s":{"weight":1.0,"played":[1.0,0.0],"evs":[0.0,-0.99696]},"K3s":{"weight":1.0,"played":[1.0,0.0],"evs":[0.0,-0.76597]},"K4s":{"weight":1.0,"played":[1.0,0.0],"evs":[0.0,-0.50952]},"K5s":{"weight":1.0,"played":[0.9999,1.0E-4],"evs":[0.0,-0.19993]},"K6s":{"weight":1.0,"played":[1.0E-4,0.9999],"evs":[0.0,0.12572]},"K7s":{"weight":1.0,"played":[0.0,1.0],"evs":[0.0,0.35229]},"K8s":{"weight":1.0,"played":[0.0,1.0],"evs":[0.0,0.63475]},"K9s":{"weight":1.0,"played":[0.0,1.0],"evs":[0.0,1.55368]},"KTs":{"weight":1.0,"played":[0.0,1.0],"evs":[0.0,3.11094]},"KJs":{"weight":1.0,"played":[0.0,1.0],"evs":[0.0,4.00189]},"KQs":{"weight":1.0,"played":[0.0,1.0],"evs":[0.0,5.08021]},"KK":{"weight":1.0,"played":[0.0,1.0],"evs":[0.0,18.38337]},"AKo":{"weight":1.0,"played":[0.0,1.0],"evs":[0.0,8.93378]},"A2s":{"weight":1.0,"played":[0.0,1.0],"evs":[0.0,0.89732]},"A3s":{"weight":1.0,"played":[0.0,1.0],"evs":[0.0,1.21964]},"A4s":{"weight":1.0,"played":[0.0,1.0],"evs":[0.0,1.57975]},"A5s":{"weight":1.0,"played":[0.0,1.0],"evs":[0.0,1.98803]},"A6s":{"weight":1.0,"played":[0.0,1.0],"evs":[0.0,1.79304]},"A7s":{"weight":1.0,"played":[0.0,1.0],"evs":[0.0,2.49122]},"A8s":{"weight":1.0,"played":[0.0,1.0],"evs":[0.0,3.25461]},"A9s":{"weight":1.0,"played":[0.0,1.0],"evs":[0.0,4.19546]},"ATs":{"weight":1.0,"played":[0.0,1.0],"evs":[0.0,6.09559]},"AJs":{"weight":1.0,"played":[0.0,1.0],"evs":[0.0,7.38386]},"AQs":{"weight":1.0,"played":[0.0,1.0],"evs":[0.0,8.77592]},"AKs":{"weight":1.0,"played":[0.0,1.0],"evs":[0.0,10.40793]},"AA":{"weight":1.0,"played":[0.0,1.0],"evs":[0.0,23.8173]}}}