{"player":5,"street":0,"children":2,"sequence":[{"player":0,"type":"R","amount":955000,"street":0},{"player":1,"type":"C","amount":955000,"street":0},{"player":2,"type":"F","amount":0,"street":0},{"player":3,"type":"F","amount":0,"street":0},{"player":4,"type":"F","amount":0,"street":0}],"actions":[{"type":"F","amount":0},{"type":"C","amount":855000}],"hands":{"22":{"weight":1.0,"played":[0.0,1.0],"evs":[0.0,1.85313]},"32o":{"weight":1.0,"played":[1.0,0.0],"evs":[0.0,-3.12308]},"42o":{"weight":1.0,"played":[1.0,0.0],"evs":[0.0,-2.70482]},"52o":{"weight":1.0,"played":[1.0,0.0],"evs":[0.0,-2.42135]},"62o":{"weight":1.0,"played":[1.0,0.0],"evs":[0.0,-2.99594]},"72o":{"weight":1.0,"played":[1.0,0.0],"evs":[0.0,-3.67816]},"82o":{"weight":1.0,"played":[1.0,0.0],"evs":[0.0,-3.4613]},"92o":{"weight":1.0,"played":[1.0,0.0],"evs":[0.0,-3.32152]},"T2o":{"weight":1.0,"played":[1.0,0.0],"evs":[0.0,-3.29334]},"J2o":{"weight":1.0,"played":[1.0,0.0],"evs":[0.0,-2.81224]},"Q2o":{"weight":1.0,"played":[1.0,0.0],"evs":[0.0,-2.42474]},"K2o":{"weight":1.0,"played":[1.0,0.0],"evs":[0.0,-1.82899]},"A2o":{"weight":1.0,"played":[1.0,0.0],"evs":[0.0,-0.41917]},"32s":{"weight":1.0,"played":[1.0,0.0],"evs":[0.0,-0.89606]},"33":{"weight":1.0,"played":[0.0,1.0],"evs":[0.0,2.61381]},"43o":{"weight":1.0,"played":[1.0,0.0],"evs":[0.0,-1.88749]},"53o":{"weight":1.0,"played":[1.0,0.0],"evs":[0.0,-1.54143]},"63o":{"weight":1.0,"played":[1.0,0.0],"evs":[0.0,-2.10315]},"73o":{"weight":1.0,"played":[1.0,0.0],"evs":[0.0,-2.80228]},"83o":{"weight":1.0,"played":[1.0,0.0],"evs":[0.0,-3.45545]},"93o":{"weight":1.0,"played":[1.0,0.0],"evs":[0.0,-3.13347]},"T3o":{"weight":1.0,"played":[1.0,0.0],"evs":[0.0,-3.01823]},"J3o":{"weight":1.0,"played":[1.0,0.0],"evs":[0.0,-2.52207]},"Q3o":{"weight":1.0,"played":[1.0,0.0],"evs":[0.0,-2.15358]},"K3o":{"weight":1.0,"played":[1.0,0.0],"evs":[0.0,-1.59244]},"A3o":{"weight":1.0,"played":[0.9817,0.0183],"evs":[0.0,-0.05936]},"42s":{"weight":1.0,"played":[1.0,0.0],"evs":[0.0,-0.59186]},"43s":{"weight":1.0,"played":[3.0E-4,0.9997],"evs":[0.0,0.2696]},"44":{"weight":1.0,"played":[0.0,1.0],"evs":[0.0,3.61076]},"54o":{"weight":1.0,"played":[1.0,0.0],"evs":[0.0,-0.51179]},"64o":{"weight":1.0,"played":[1.0,0.0],"evs":[0.0,-1.08484]},"74o":{"weight":1.0,"played":[1.0,0.0],"evs":[0.0,-1.74847]},"84o":{"weight":1.0,"played":[1.0,0.0],"evs":[0.0,-2.40837]},"94o":{"weight":1.0,"played":[1.0,0.0],"evs":[0.0,-2.9046]},"T4o":{"weight":1.0,"played":[1.0,0.0],"evs":[0.0,-2.5892]},"J4o":{"weight":1.0,"played":[1.0,0.0],"evs":[0.0,-2.18827]},"Q4o":{"weight":1.0,"played":[1.0,0.0],"evs":[0.0,-1.73304]},"K4o":{"weight":1.0,"played":[1.0,0.0],"evs":[0.0,-1.17592]},"A4o":{"weight":1.0,"played":[0.0,1.0],"evs":[0.0,0.36614]},"52s":{"weight":1.0,"played":[1.0,0.0],"evs":[0.0,-0.2165]},"53s":{"weight":1.0,"played":[1.0E-4,0.9999],"evs":[0.0,0.71116]},"54s":{"weight":1.0,"played":[0.0,1.0],"evs":[0.0,1.6105]},"55":{"weight":1.0,"played":[0.0,1.0],"evs":[0.0,4.66242]},"65o":{"weight":1.0,"played":[1.0,0.0],"evs":[0.0,-0.20326]},"75o":{"weight":1.0,"played":[1.0,0.0],"evs":[0.0,-0.72859]},"85o":{"weight":1.0,"played":[1.0,0.0],"evs":[0.0,-1.40695]},"95o":{"weight":1.0,"played":[1.0,0.0],"evs":[0.0,-1.94037]},"T5o":{"weight":1.0,"played":[1.0,0.0],"evs":[0.0,-2.45794]},"J5o":{"weight":1.0,"played":[1.0,0.0],"evs":[0.0,-1.8461]},"Q5o":{"weight":1.0,"played":[1.0,0.0],"evs":[0.0,-1.41667]},"K5o":{"weight":1.0,"played":[1.0,0.0],"evs":[0.0,-0.79132]},"A5o":{"weight":1.0,"played":[0.0,1.0],"evs":[0.0,0.84555]},"62s":{"weight":1.0,"played":[1.0,0.0],"evs":[0.0,-0.72436]},"63s":{"weight":1.0,"played":[0.0073,0.9927],"evs":[0.0,0.10439]},"64s":{"weight":1.0,"played":[0.0,1.0],"evs":[0.0,1.18553]},"65s":{"weight":1.0,"played":[0.0,1.0],"evs":[0.0,1.91251]},"66":{"weight":1.0,"played":[0.0,1.0],"evs":[0.0,5.56462]},"76o":{"weight":1.0,"played":[0.9523,0.0477],"evs":[0.0,-3.4E-4]},"86o":{"weight":1.0,"played":[1.0,0.0],"evs":[0.0,-0.48241]},"96o":{"weight":1.0,"played":[1.0,0.0],"evs":[0.0,-1.06594]},"T6o":{"weight":1.0,"played":[1.0,0.0],"evs":[0.0,-1.52936]},"J6o":{"weight":1.0,"played":[1.0,0.0],"evs":[0.0,-1.68036]},"Q6o":{"weight":1.0,"played":[1.0,0.0],"evs":[0.0,-1.10308]},"K6o":{"weight":1.0,"played":[1.0,0.0],"evs":[0.0,-0.47243]},"A6o":{"weight":1.0,"played":[0.0,1.0],"evs":[0.0,0.57824]},"72s":{"weight":1.0,"played":[1.0,0.0],"evs":[0.0,-1.34755]},"73s":{"weight":1.0,"played":[1.0,0.0],"evs":[0.0,-0.56664]},"74s":{"weight":1.0,"played":[0.0,1.0],"evs":[0.0,0.4912]},"75s":{"weight":1.0,"played":[0.0,1.0],"evs":[0.0,1.23765]},"76s":{"weight":1.0,"played":[0.0,1.0],"evs":[0.0,2.0487]},"77":{"weight":1.0,"played":[0.0,1.0],"evs":[0.0,6.43016]},"87o":{"weight":1.0,"played":[0.5545,0.4455],"evs":[0.0,0.01505]},"97o":{"weight":1.0,"played":[1.0,0.0],"evs":[0.0,-0.38162]},"T7o":{"weight":1.0,"played":[1.0,0.0],"evs":[0.0,-0.93883]},"J7o":{"weight":1.0,"played":[1.0,0.0],"evs":[0.0,-1.08242]},"Q7o":{"weight":1.0,"played":[1.0,0.0],"evs":[0.0,-1.28307]},"K7o":{"weight":1.0,"played":[0.9999,1.0E-4],"evs":[0.0,-0.36936]},"A7o":{"weight":1.0,"played":[0.0,1.0],"evs":[0.0,1.26597]},"82s":{"weight":1.0,"played":[1.0,0.0],"evs":[0.0,-1.21635]},"83s":{"weight":1.0,"played":[1.0,0.0],"evs":[0.0,-1.09711]},"84s":{"weight":1.0,"played":[0.9731,0.0269],"evs":[0.0,-0.20006]},"85s":{"weight":1.0,"played":[0.0,1.0],"evs":[0.0,0.75628]},"86s":{"weight":1.0,"played":[0.0,1.0],"evs":[0.0,1.62277]},"87s":{"weight":1.0,"played":[0.0,1.0],"evs":[0.0,2.09932]},"88":{"weight":1.0,"played":[0.0,1.0],"evs":[0.0,7.85138]},"98o":{"weight":1.0,"played":[1.0E-4,0.9999],"evs":[0.0,0.21682]},"T8o":{"weight":1.0,"played":[0.9164,0.0836],"evs":[0.0,-0.10856]},"J8o":{"weight":1.0,"played":[1.0,0.0],"evs":[0.0,-0.25881]},"Q8o":{"weight":1.0,"played":[0.9996,4.0E-4],"evs":[0.0,-0.46869]},"K8o":{"weight":1.0,"played":[0.9868,0.0132],"evs":[0.0,-0.07932]},"A8o":{"weight":1.0,"played":[0.0,1.0],"evs":[0.0,2.22699]},"92s":{"weight":1.0,"played":[1.0,0.0],"evs":[0.0,-1.01819]},"93s":{"weight":1.0,"played":[1.0,0.0],"evs":[0.0,-0.97055]},"94s":{"weight":1.0,"played":[1.0,0.0],"evs":[0.0,-0.68869]},"95s":{"weight":1.0,"played":[0.0024,0.9976],"evs":[0.0,0.25512]},"96s":{"weight":1.0,"played":[0.0,1.0],"evs":[0.0,1.21805]},"97s":{"weight":1.0,"played":[0.0,1.0],"evs":[0.0,1.63512]},"98s":{"weight":1.0,"played":[0.0,1.0],"evs":[0.0,2.23352]},"99":{"weight":1.0,"played":[0.0,1.0],"evs":[0.0,9.60867]},"T9o":{"weight":1.0,"played":[0.0,1.0],"evs":[0.0,0.76343]},"J9o":{"weight":1.0,"played":[0.0,1.0],"evs":[0.0,0.67352]},"Q9o":{"weight":1.0,"played":[0.0,1.0],"evs":[0.0,0.5154]},"K9o":{"weight":1.0,"played":[0.0,1.0],"evs":[0.0,0.94593]},"A9o":{"weight":1.0,"played":[0.0,1.0],"evs":[0.0,3.19318]},"T2s":{"weight":1.0,"played":[1.0,0.0],"evs":[0.0,-0.98988]},"T3s":{"weight":1.0,"played":[1.0,0.0],"evs":[0.0,-0.7684]},"T4s":{"weight":1.0,"played":[1.0,0.0],"evs":[0.0,-0.25956]},"T5s":{"weight":1.0,"played":[0.9298,0.0702],"evs":[0.0,-0.17567]},"T6s":{"weight":1.0,"played":[2.0E-4,0.9998],"evs":[0.0,0.73486]},"T7s":{"weight":1.0,"played":[0.0,1.0],"evs":[0.0,1.23452]},"T8s":{"weight":1.0,"played":[0.0,1.0],"evs":[0.0,1.86637]},"T9s":{"weight":1.0,"played":[0.0,1.0],"evs":[0.0,2.88573]},"TT":{"weight":1.0,"played":[0.0,1.0],"evs":[0.0,12.11911]},"JTo":{"weight":1.0,"played":[0.0,1.0],"evs":[0.0,1.75031]},"QTo":{"weight":1.0,"played":[0.0,1.0],"evs":[0.0,1.83306]},"KTo":{"weight":1.0,"played":[0.0,1.0],"evs":[0.0,2.54839]},"ATo":{"weight":1.0,"played":[0.0,1.0],"evs":[0.0,5.62799]},"J2s":{"weight":1.0,"played":[0.9931,0.0069],"evs":[0.0,-0.40029]},"J3s":{"weight":1.0,"played":[0.9988,0.0012],"evs":[0.0,-0.29796]},"J4s":{"weight":1.0,"played":[0.0066,0.9934],"evs":[0.0,0.13656]},"J5s":{"weight":1.0,"played":[0.0028,0.9972],"evs":[0.0,0.35663]},"J6s":{"weight":1.0,"played":[0.0,1.0],"evs":[0.0,0.56929]},"J7s":{"weight":1.0,"played":[0.0,1.0],"evs":[0.0,1.1048]},"J8s":{"weight":1.0,"played":[0.0,1.0],"evs":[0.0,1.7636]},"J9s":{"weight":1.0,"played":[0.0,1.0],"evs":[0.0,2.75856]},"JTs":{"weight":1.0,"played":[0.0,1.0],"evs":[0.0,3.66552]},"JJ":{"weight":1.0,"played":[0.0,1.0],"evs":[0.0,15.02527]},"QJo":{"weight":1.0,"played":[0.0,1.0],"evs":[0.0,2.75662]},"KJo":{"weight":1.0,"played":[0.0,1.0],"evs":[0.0,3.74053]},"AJo":{"weight":1.0,"played":[0.0,1.0],"evs":[0.0,7.25956]},"Q2s":{"weight":1.0,"played":[0.9726,0.0274],"evs":[0.0,-0.06914]},"Q3s":{"weight":1.0,"played":[0.2034,0.7966],"evs":[0.0,0.0851]},"Q4s":{"weight":1.0,"played":[2.0E-4,0.9998],"evs":[0.0,0.51206]},"Q5s":{"weight":1.0,"played":[0.0,1.0],"evs":[0.0,0.854]},"Q6s":{"weight":1.0,"played":[0.0,1.0],"evs":[0.0,1.06529]},"Q7s":{"weight":1.0,"played":[0.0,1.0],"evs":[0.0,1.02866]},"Q8s":{"weight":1.0,"played":[0.0,1.0],"evs":[0.0,1.72444]},"Q9s":{"weight":1.0,"played":[0.0,1.0],"evs":[0.0,2.65323]},"QTs":{"weight":1.0,"played":[0.0,1.0],"evs":[0.0,3.88982]},"QJs":{"weight":1.0,"played":[0.0,1.0],"evs":[0.0,4.71347]},"QQ":{"weight":1.0,"played":[0.0,1.0],"evs":[0.0,18.03594]},"KQo":{"weight":1.0,"played":[0.0,1.0],"evs":[0.0,4.96147]},"AQo":{"weight":1.0,"played":[0.0,1.0],"evs":[0.0,9.04099]},"K2s":{"weight":1.0,"played":[0.0,1.0],"evs":[0.0,0.58354]},"K3s":{"weight":1.0,"played":[0.0,1.0],"evs":[0.0,0.80762]},"K4s":{"weight":1.0,"played":[0.0,1.0],"evs":[0.0,1.18297]},"K5s":{"weight":1.0,"played":[0.0,1.0],"evs":[0.0,1.46241]},"K6s":{"weight":1.0,"played":[0.0,1.0],"evs":[0.0,1.82088]},"K7s":{"weight":1.0,"played":[0.0,1.0],"evs":[0.0,1.89163]},"K8s":{"weight":1.0,"played":[0.0,1.0],"evs":[0.0,2.08215]},"K9s":{"weight":1.0,"played":[0.0,1.0],"evs":[0.0,3.08884]},"KTs":{"weight":1.0,"played":[0.0,1.0],"evs":[0.0,4.69271]},"KJs":{"weight":1.0,"played":[0.0,1.0],"evs":[0.0,5.72009]},"KQs":{"weight":1.0,"played":[0.0,1.0],"evs":[0.0,6.84822]},"KK":{"weight":1.0,"played":[0.0,1.0],"evs":[0.0,22.00058]},"AKo":{"weight":1.0,"played":[0.0,1.0],"evs":[0.0,11.08989]},"A2s":{"weight":1.0,"played":[0.0,1.0],"evs":[0.0,1.98255]},"A3s":{"weight":1.0,"played":[0.0,1.0],"evs":[0.0,2.3784]},"A4s":{"weight":1.0,"played":[0.0,1.0],"evs":[0.0,2.53097]},"A5s":{"weight":1.0,"played":[0.0,1.0],"evs":[0.0,3.12289]},"A6s":{"weight":1.0,"played":[0.0,1.0],"evs":[0.0,2.79642]},"A7s":{"weight":1.0,"played":[0.0,1.0],"evs":[0.0,3.50138]},"A8s":{"weight":1.0,"played":[0.0,1.0],"evs":[0.0,4.38864]},"A9s":{"weight":1.0,"played":[0.0,1.0],"evs":[0.0,5.3312]},"ATs":{"weight":1.0,"played":[0.0,1.0],"evs":[0.0,7.59705]},"AJs":{"weight":1.0,"played":[0.0,1.0],"evs":[0.0,9.0389]},"AQs":{"weight":1.0,"played":[0.0,1.0],"evs":[0.0,10.79349]},"AKs":{"weight":1.0,"played":[0.0,1.0],"evs":[0.0,12.72995]},"AA":{"weight":1.0,"played":[0.0,1.0],"evs":[0.0,28.61698]}}}