{"player":5,"street":0,"children":2,"sequence":[{"player":0,"type":"R","amount":955000,"street":0},{"player":1,"type":"C","amount":955000,"street":0},{"player":2,"type":"F","amount":0,"street":0},{"player":3,"type":"F","amount":0,"street":0},{"player":4,"type":"C","amount":805000,"street":0}],"actions":[{"type":"F","amount":0},{"type":"C","amount":855000}],"hands":{"22":{"weight":1.0,"played":[0.0,1.0],"evs":[0.0,2.7179]},"32o":{"weight":1.0,"played":[1.0,0.0],"evs":[0.0,-2.32971]},"42o":{"weight":1.0,"played":[0.9999,1.0E-4],"evs":[0.0,-1.89285]},"52o":{"weight":1.0,"played":[1.0,0.0],"evs":[0.0,-1.43758]},"62o":{"weight":1.0,"played":[1.0,0.0],"evs":[0.0,-2.01513]},"72o":{"weight":1.0,"played":[1.0,0.0],"evs":[0.0,-3.1577]},"82o":{"weight":1.0,"played":[1.0,0.0],"evs":[0.0,-3.1029]},"92o":{"weight":1.0,"played":[1.0,0.0],"evs":[0.0,-3.14993]},"T2o":{"weight":1.0,"played":[1.0,0.0],"evs":[0.0,-3.29307]},"J2o":{"weight":1.0,"played":[1.0,0.0],"evs":[0.0,-2.93087]},"Q2o":{"weight":1.0,"played":[1.0,0.0],"evs":[0.0,-2.42819]},"K2o":{"weight":1.0,"played":[1.0,0.0],"evs":[0.0,-2.42161]},"A2o":{"weight":1.0,"played":[1.0,0.0],"evs":[0.0,-1.53685]},"32s":{"weight":1.0,"played":[0.018,0.982],"evs":[0.0,0.27609]},"33":{"weight":1.0,"played":[0.0,1.0],"evs":[0.0,3.18921]},"43o":{"weight":1.0,"played":[0.9999,1.0E-4],"evs":[0.0,-0.82035]},"53o":{"weight":1.0,"played":[1.0,0.0],"evs":[0.0,-0.27711]},"63o":{"weight":1.0,"played":[0.9999,1.0E-4],"evs":[0.0,-0.97029]},"73o":{"weight":1.0,"played":[1.0,0.0],"evs":[0.0,-1.93685]},"83o":{"weight":1.0,"played":[1.0,0.0],"evs":[0.0,-2.95504]},"93o":{"weight":1.0,"played":[1.0,0.0],"evs":[0.0,-2.71473]},"T3o":{"weight":1.0,"played":[1.0,0.0],"evs":[0.0,-3.04942]},"J3o":{"weight":1.0,"played":[1.0,0.0],"evs":[0.0,-2.73972]},"Q3o":{"weight":1.0,"played":[1.0,0.0],"evs":[0.0,-2.17893]},"K3o":{"weight":1.0,"played":[1.0,0.0],"evs":[0.0,-2.08243]},"A3o":{"weight":1.0,"played":[0.9999,1.0E-4],"evs":[0.0,-1.11553]},"42s":{"weight":1.0,"played":[1.0E-4,0.9999],"evs":[0.0,0.83565]},"43s":{"weight":1.0,"played":[0.0,1.0],"evs":[0.0,1.62021]},"44":{"weight":1.0,"played":[0.0,1.0],"evs":[0.0,3.87099]},"54o":{"weight":1.0,"played":[0.0,1.0],"evs":[0.0,0.81198]},"64o":{"weight":1.0,"played":[0.0085,0.9915],"evs":[0.0,0.53817]},"74o":{"weight":1.0,"played":[0.9999,1.0E-4],"evs":[0.0,-0.84382]},"84o":{"weight":1.0,"played":[1.0,0.0],"evs":[0.0,-1.68001]},"94o":{"weight":1.0,"played":[1.0,0.0],"evs":[0.0,-2.37075]},"T4o":{"weight":1.0,"played":[1.0,0.0],"evs":[0.0,-2.56202]},"J4o":{"weight":1.0,"played":[1.0,0.0],"evs":[0.0,-2.34393]},"Q4o":{"weight":1.0,"played":[1.0,0.0],"evs":[0.0,-1.83985]},"K4o":{"weight":1.0,"played":[0.9999,1.0E-4],"evs":[0.0,-1.57244]},"A4o":{"weight":1.0,"played":[0.9997,3.0E-4],"evs":[0.0,-0.76643]},"52s":{"weight":1.0,"played":[1.0E-4,0.9999],"evs":[0.0,0.98167]},"53s":{"weight":1.0,"played":[0.0,1.0],"evs":[0.0,2.33754]},"54s":{"weight":1.0,"played":[0.0,1.0],"evs":[0.0,3.36381]},"55":{"weight":1.0,"played":[0.0,1.0],"evs":[0.0,4.96328]},"65o":{"weight":1.0,"played":[0.0,1.0],"evs":[0.0,1.29857]},"75o":{"weight":1.0,"played":[0.0012,0.9988],"evs":[0.0,0.40772]},"85o":{"weight":1.0,"played":[0.9999,1.0E-4],"evs":[0.0,-0.44893]},"95o":{"weight":1.0,"played":[1.0,0.0],"evs":[0.0,-1.18888]},"T5o":{"weight":1.0,"played":[1.0,0.0],"evs":[0.0,-2.37215]},"J5o":{"weight":1.0,"played":[1.0,0.0],"evs":[0.0,-1.92584]},"Q5o":{"weight":1.0,"played":[1.0,0.0],"evs":[0.0,-1.53426]},"K5o":{"weight":1.0,"played":[1.0,0.0],"evs":[0.0,-1.21521]},"A5o":{"weight":1.0,"played":[0.9888,0.0112],"evs":[0.0,-0.10087]},"62s":{"weight":1.0,"played":[0.0041,0.9959],"evs":[0.0,0.63134]},"63s":{"weight":1.0,"played":[0.0,1.0],"evs":[0.0,1.54042]},"64s":{"weight":1.0,"played":[0.0,1.0],"evs":[0.0,2.9433]},"65s":{"weight":1.0,"played":[0.0,1.0],"evs":[0.0,3.55745]},"66":{"weight":1.0,"played":[0.0,1.0],"evs":[0.0,6.13655]},"76o":{"weight":1.0,"played":[0.0,1.0],"evs":[0.0,1.25712]},"86o":{"weight":1.0,"played":[1.0E-4,0.9999],"evs":[0.0,0.59869]},"96o":{"weight":1.0,"played":[0.9739,0.0261],"evs":[0.0,-0.17612]},"T6o":{"weight":1.0,"played":[1.0,0.0],"evs":[0.0,-1.26609]},"J6o":{"weight":1.0,"played":[1.0,0.0],"evs":[0.0,-1.82625]},"Q6o":{"weight":1.0,"played":[1.0,0.0],"evs":[0.0,-1.28577]},"K6o":{"weight":1.0,"played":[0.9999,1.0E-4],"evs":[0.0,-0.93472]},"A6o":{"weight":1.0,"played":[0.9998,2.0E-4],"evs":[0.0,-0.83936]},"72s":{"weight":1.0,"played":[0.9997,3.0E-4],"evs":[0.0,-0.53615]},"73s":{"weight":1.0,"played":[2.0E-4,0.9998],"evs":[0.0,0.56209]},"74s":{"weight":1.0,"played":[0.0012,0.9988],"evs":[0.0,2.16616]},"75s":{"weight":1.0,"played":[0.0,1.0],"evs":[0.0,3.06306]},"76s":{"weight":1.0,"played":[0.0,1.0],"evs":[0.0,3.95712]},"77":{"weight":1.0,"played":[0.0,1.0],"evs":[0.0,7.01526]},"87o":{"weight":1.0,"played":[0.0,1.0],"evs":[0.0,1.03114]},"97o":{"weight":1.0,"played":[0.0,1.0],"evs":[0.0,0.36616]},"T7o":{"weight":1.0,"played":[0.9976,0.0024],"evs":[0.0,-0.42162]},"J7o":{"weight":1.0,"played":[1.0,0.0],"evs":[0.0,-1.04906]},"Q7o":{"weight":1.0,"played":[1.0,0.0],"evs":[0.0,-1.20135]},"K7o":{"weight":1.0,"played":[0.9999,1.0E-4],"evs":[0.0,-0.79986]},"A7o":{"weight":1.0,"played":[0.998,0.002],"evs":[0.0,-0.14004]},"82s":{"weight":1.0,"played":[0.9749,0.0251],"evs":[0.0,-0.33658]},"83s":{"weight":1.0,"played":[0.4051,0.5949],"evs":[0.0,-0.0359]},"84s":{"weight":1.0,"played":[0.0,1.0],"evs":[0.0,1.06571]},"85s":{"weight":1.0,"played":[0.0,1.0],"evs":[0.0,2.25999]},"86s":{"weight":1.0,"played":[0.0,1.0],"evs":[0.0,3.32312]},"87s":{"weight":1.0,"played":[0.0,1.0],"evs":[0.0,3.6724]},"88":{"weight":1.0,"played":[0.0,1.0],"evs":[0.0,8.37141]},"98o":{"weight":1.0,"played":[0.0,1.0],"evs":[0.0,1.02872]},"T8o":{"weight":1.0,"played":[0.0024,0.9976],"evs":[0.0,0.45691]},"J8o":{"weight":1.0,"played":[0.9916,0.0084],"evs":[0.0,-0.24381]},"Q8o":{"weight":1.0,"played":[0.9975,0.0025],"evs":[0.0,-0.39038]},"K8o":{"weight":1.0,"played":[0.9997,3.0E-4],"evs":[0.0,-0.59969]},"A8o":{"weight":1.0,"played":[0.0,1.0],"evs":[0.0,0.44383]},"92s":{"weight":1.0,"played":[0.6266,0.3734],"evs":[0.0,0.12127]},"93s":{"weight":1.0,"played":[0.2306,0.7694],"evs":[0.0,0.18987]},"94s":{"weight":1.0,"played":[6.0E-4,0.9994],"evs":[0.0,0.29665]},"95s":{"weight":1.0,"played":[3.0E-4,0.9997],"evs":[0.0,1.38654]},"96s":{"weight":1.0,"played":[0.0,1.0],"evs":[0.0,2.52715]},"97s":{"weight":1.0,"played":[0.0,1.0],"evs":[0.0,3.18661]},"98s":{"weight":1.0,"played":[0.0,1.0],"evs":[0.0,3.52833]},"99":{"weight":1.0,"played":[0.0,1.0],"evs":[0.0,10.19431]},"T9o":{"weight":1.0,"played":[0.0,1.0],"evs":[0.0,1.27664]},"J9o":{"weight":1.0,"played":[2.0E-4,0.9998],"evs":[0.0,0.77429]},"Q9o":{"weight":1.0,"played":[0.0011,0.9989],"evs":[0.0,0.64808]},"K9o":{"weight":1.0,"played":[0.003,0.997],"evs":[0.0,0.60867]},"A9o":{"weight":1.0,"played":[0.0,1.0],"evs":[0.0,1.38848]},"T2s":{"weight":1.0,"played":[0.9945,0.0055],"evs":[0.0,-0.60023]},"T3s":{"weight":1.0,"played":[0.6889,0.3111],"evs":[0.0,0.00197]},"T4s":{"weight":1.0,"played":[0.1536,0.8464],"evs":[0.0,0.48474]},"T5s":{"weight":1.0,"played":[0.0061,0.9939],"evs":[0.0,0.61198]},"T6s":{"weight":1.0,"played":[0.0,1.0],"evs":[0.0,1.44522]},"T7s":{"weight":1.0,"played":[0.0,1.0],"evs":[0.0,2.18288]},"T8s":{"weight":1.0,"played":[0.0,1.0],"evs":[0.0,2.97236]},"T9s":{"weight":1.0,"played":[0.0,1.0],"evs":[0.0,3.94761]},"TT":{"weight":1.0,"played":[0.0,1.0],"evs":[0.0,12.36702]},"JTo":{"weight":1.0,"played":[0.0,1.0],"evs":[0.0,1.73461]},"QTo":{"weight":1.0,"played":[0.0,1.0],"evs":[0.0,1.43654]},"KTo":{"weight":1.0,"played":[0.0,1.0],"evs":[0.0,2.05529]},"ATo":{"weight":1.0,"played":[0.0,1.0],"evs":[0.0,3.54218]},"J2s":{"weight":1.0,"played":[0.2726,0.7274],"evs":[0.0,0.01347]},"J3s":{"weight":1.0,"played":[0.0099,0.9901],"evs":[0.0,0.28216]},"J4s":{"weight":1.0,"played":[5.0E-4,0.9995],"evs":[0.0,0.71882]},"J5s":{"weight":1.0,"played":[0.0022,0.9978],"evs":[0.0,0.75752]},"J6s":{"weight":1.0,"played":[2.0E-4,0.9998],"evs":[0.0,1.1151]},"J7s":{"weight":1.0,"played":[0.0,1.0],"evs":[0.0,1.6421]},"J8s":{"weight":1.0,"played":[0.0,1.0],"evs":[0.0,2.54739]},"J9s":{"weight":1.0,"played":[0.0,1.0],"evs":[0.0,3.3488]},"JTs":{"weight":1.0,"played":[0.0,1.0],"evs":[0.0,4.28483]},"JJ":{"weight":1.0,"played":[0.0,1.0],"evs":[0.0,16.30197]},"QJo":{"weight":1.0,"played":[0.0,1.0],"evs":[0.0,2.5401]},"KJo":{"weight":1.0,"played":[0.0,1.0],"evs":[0.0,3.20783]},"AJo":{"weight":1.0,"played":[0.0,1.0],"evs":[0.0,5.18963]},"Q2s":{"weight":1.0,"played":[1.0E-4,0.9999],"evs":[0.0,0.55903]},"Q3s":{"weight":1.0,"played":[2.0E-4,0.9998],"evs":[0.0,0.63055]},"Q4s":{"weight":1.0,"played":[0.0,1.0],"evs":[0.0,1.26251]},"Q5s":{"weight":1.0,"played":[0.0,1.0],"evs":[0.0,1.37822]},"Q6s":{"weight":1.0,"played":[0.0,1.0],"evs":[0.0,1.80486]},"Q7s":{"weight":1.0,"played":[0.0,1.0],"evs":[0.0,1.5195]},"Q8s":{"weight":1.0,"played":[0.0,1.0],"evs":[0.0,2.59037]},"Q9s":{"weight":1.0,"played":[0.0,1.0],"evs":[0.0,3.29367]},"QTs":{"weight":1.0,"played":[0.0,1.0],"evs":[0.0,4.44651]},"QJs":{"weight":1.0,"played":[0.0,1.0],"evs":[0.0,4.90158]},"QQ":{"weight":1.0,"played":[0.0,1.0],"evs":[0.0,20.90185]},"KQo":{"weight":1.0,"played":[0.0,1.0],"evs":[0.0,4.84934]},"AQo":{"weight":1.0,"played":[0.0,1.0],"evs":[0.0,7.54673]},"K2s":{"weight":1.0,"played":[0.0,1.0],"evs":[0.0,0.59032]},"K3s":{"weight":1.0,"played":[0.0,1.0],"evs":[0.0,1.34751]},"K4s":{"weight":1.0,"played":[9.0E-4,0.9991],"evs":[0.0,1.5496]},"K5s":{"weight":1.0,"played":[2.0E-4,0.9998],"evs":[0.0,1.61486]},"K6s":{"weight":1.0,"played":[1.0E-4,0.9999],"evs":[0.0,2.38918]},"K7s":{"weight":1.0,"played":[0.0,1.0],"evs":[0.0,2.0698]},"K8s":{"weight":1.0,"played":[0.0,1.0],"evs":[0.0,2.71139]},"K9s":{"weight":1.0,"played":[0.0,1.0],"evs":[0.0,3.32893]},"KTs":{"weight":1.0,"played":[0.0,1.0],"evs":[0.0,4.74586]},"KJs":{"weight":1.0,"played":[0.0,1.0],"evs":[0.0,5.84628]},"KQs":{"weight":1.0,"played":[0.0,1.0],"evs":[0.0,7.26455]},"KK":{"weight":1.0,"played":[0.0,1.0],"evs":[0.0,26.73807]},"AKo":{"weight":1.0,"played":[0.0,1.0],"evs":[0.0,10.01148]},"A2s":{"weight":1.0,"played":[0.0,1.0],"evs":[0.0,1.88641]},"A3s":{"weight":1.0,"played":[0.0,1.0],"evs":[0.0,2.30404]},"A4s":{"weight":1.0,"played":[0.0,1.0],"evs":[0.0,2.26916]},"A5s":{"weight":1.0,"played":[0.0,1.0],"evs":[0.0,3.06682]},"A6s":{"weight":1.0,"played":[0.0,1.0],"evs":[0.0,2.31326]},"A7s":{"weight":1.0,"played":[0.0,1.0],"evs":[0.0,2.86418]},"A8s":{"weight":1.0,"played":[0.0,1.0],"evs":[0.0,3.90353]},"A9s":{"weight":1.0,"played":[0.0,1.0],"evs":[0.0,4.78154]},"ATs":{"weight":1.0,"played":[0.0,1.0],"evs":[0.0,6.52298]},"AJs":{"weight":1.0,"played":[0.0,1.0],"evs":[0.0,8.25115]},"AQs":{"weight":1.0,"played":[0.0,1.0],"evs":[0.0,10.37838]},"AKs":{"weight":1.0,"played":[0.0,1.0],"evs":[0.0,12.48769]},"AA":{"weight":1.0,"played":[0.0,1.0],"evs":[0.0,34.89526]}}}