{"player":3,"street":0,"children":2,"sequence":[{"player":0,"type":"R","amount":955000,"street":0},{"player":1,"type":"C","amount":955000,"street":0},{"player":2,"type":"C","amount":955000,"street":0}],"actions":[{"type":"F","amount":0,"node":60},{"type":"C","amount":905000,"node":63}],"hands":{"22":{"weight":1.0,"played":[1.0,0.0],"evs":[0.0,-2.17922]},"32o":{"weight":1.0,"played":[1.0,0.0],"evs":[0.0,-6.07571]},"42o":{"weight":1.0,"played":[1.0,0.0],"evs":[0.0,-5.61651]},"52o":{"weight":1.0,"played":[1.0,0.0],"evs":[0.0,-5.40297]},"62o":{"weight":1.0,"played":[1.0,0.0],"evs":[0.0,-6.03839]},"72o":{"weight":1.0,"played":[1.0,0.0],"evs":[0.0,-6.93956]},"82o":{"weight":1.0,"played":[1.0,0.0],"evs":[0.0,-6.85076]},"92o":{"weight":1.0,"played":[1.0,0.0],"evs":[0.0,-6.85512]},"T2o":{"weight":1.0,"played":[1.0,0.0],"evs":[0.0,-7.14624]},"J2o":{"weight":1.0,"played":[1.0,0.0],"evs":[0.0,-6.68826]},"Q2o":{"weight":1.0,"played":[1.0,0.0],"evs":[0.0,-6.25952]},"K2o":{"weight":1.0,"played":[1.0,0.0],"evs":[0.0,-5.79739]},"A2o":{"weight":1.0,"played":[1.0,0.0],"evs":[0.0,-5.20968]},"32s":{"weight":1.0,"played":[1.0,0.0],"evs":[0.0,-3.66489]},"33":{"weight":1.0,"played":[1.0,0.0],"evs":[0.0,-1.62602]},"43o":{"weight":1.0,"played":[1.0,0.0],"evs":[0.0,-4.75296]},"53o":{"weight":1.0,"played":[1.0,0.0],"evs":[0.0,-4.38179]},"63o":{"weight":1.0,"played":[1.0,0.0],"evs":[0.0,-4.99896]},"73o":{"weight":1.0,"played":[1.0,0.0],"evs":[0.0,-5.9797]},"83o":{"weight":1.0,"played":[1.0,0.0],"evs":[0.0,-6.80017]},"93o":{"weight":1.0,"played":[1.0,0.0],"evs":[0.0,-6.62486]},"T3o":{"weight":1.0,"played":[1.0,0.0],"evs":[0.0,-6.91117]},"J3o":{"weight":1.0,"played":[1.0,0.0],"evs":[0.0,-6.37692]},"Q3o":{"weight":1.0,"played":[1.0,0.0],"evs":[0.0,-5.97158]},"K3o":{"weight":1.0,"played":[1.0,0.0],"evs":[0.0,-5.5516]},"A3o":{"weight":1.0,"played":[1.0,0.0],"evs":[0.0,-4.68063]},"42s":{"weight":1.0,"played":[1.0,0.0],"evs":[0.0,-3.18245]},"43s":{"weight":1.0,"played":[1.0,0.0],"evs":[0.0,-2.40903]},"44":{"weight":1.0,"played":[0.9999,1.0E-4],"evs":[0.0,-0.79691]},"54o":{"weight":1.0,"played":[1.0,0.0],"evs":[0.0,-3.37705]},"64o":{"weight":1.0,"played":[1.0,0.0],"evs":[0.0,-3.94754]},"74o":{"weight":1.0,"played":[1.0,0.0],"evs":[0.0,-4.83146]},"84o":{"weight":1.0,"played":[1.0,0.0],"evs":[0.0,-5.73797]},"94o":{"weight":1.0,"played":[1.0,0.0],"evs":[0.0,-6.49168]},"T4o":{"weight":1.0,"played":[1.0,0.0],"evs":[0.0,-6.52511]},"J4o":{"weight":1.0,"played":[1.0,0.0],"evs":[0.0,-6.04405]},"Q4o":{"weight":1.0,"played":[1.0,0.0],"evs":[0.0,-5.59174]},"K4o":{"weight":1.0,"played":[1.0,0.0],"evs":[0.0,-5.19259]},"A4o":{"weight":1.0,"played":[1.0,0.0],"evs":[0.0,-4.33418]},"52s":{"weight":1.0,"played":[1.0,0.0],"evs":[0.0,-2.97927]},"53s":{"weight":1.0,"played":[1.0,0.0],"evs":[0.0,-2.03836]},"54s":{"weight":1.0,"played":[1.0,0.0],"evs":[0.0,-1.07061]},"55":{"weight":1.0,"played":[0.5146,0.4854],"evs":[0.0,-0.06528]},"65o":{"weight":1.0,"played":[1.0,0.0],"evs":[0.0,-3.11385]},"75o":{"weight":1.0,"played":[1.0,0.0],"evs":[0.0,-3.81802]},"85o":{"weight":1.0,"played":[1.0,0.0],"evs":[0.0,-4.68954]},"95o":{"weight":1.0,"played":[1.0,0.0],"evs":[0.0,-5.42671]},"T5o":{"weight":1.0,"played":[1.0,0.0],"evs":[0.0,-6.30725]},"J5o":{"weight":1.0,"played":[1.0,0.0],"evs":[0.0,-5.70855]},"Q5o":{"weight":1.0,"played":[1.0,0.0],"evs":[0.0,-5.34888]},"K5o":{"weight":1.0,"played":[1.0,0.0],"evs":[0.0,-4.84015]},"A5o":{"weight":1.0,"played":[1.0,0.0],"evs":[0.0,-3.98788]},"62s":{"weight":1.0,"played":[1.0,0.0],"evs":[0.0,-3.48294]},"63s":{"weight":1.0,"played":[1.0,0.0],"evs":[0.0,-2.63804]},"64s":{"weight":1.0,"played":[1.0,0.0],"evs":[0.0,-1.57721]},"65s":{"weight":1.0,"played":[1.0,0.0],"evs":[0.0,-0.72678]},"66":{"weight":1.0,"played":[0.0,1.0],"evs":[0.0,0.74811]},"76o":{"weight":1.0,"played":[1.0,0.0],"evs":[0.0,-3.10781]},"86o":{"weight":1.0,"played":[1.0,0.0],"evs":[0.0,-3.75287]},"96o":{"weight":1.0,"played":[1.0,0.0],"evs":[0.0,-4.46122]},"T6o":{"weight":1.0,"played":[1.0,0.0],"evs":[0.0,-5.43145]},"J6o":{"weight":1.0,"played":[1.0,0.0],"evs":[0.0,-5.6495]},"Q6o":{"weight":1.0,"played":[1.0,0.0],"evs":[0.0,-5.11158]},"K6o":{"weight":1.0,"played":[1.0,0.0],"evs":[0.0,-4.63205]},"A6o":{"weight":1.0,"played":[1.0,0.0],"evs":[0.0,-4.71114]},"72s":{"weight":1.0,"played":[1.0,0.0],"evs":[0.0,-4.36694]},"73s":{"weight":1.0,"played":[1.0,0.0],"evs":[0.0,-3.53019]},"74s":{"weight":1.0,"played":[1.0,0.0],"evs":[0.0,-2.41539]},"75s":{"weight":1.0,"played":[1.0,0.0],"evs":[0.0,-1.52147]},"76s":{"weight":1.0,"played":[0.9997,3.0E-4],"evs":[0.0,-0.75052]},"77":{"weight":1.0,"played":[0.0,1.0],"evs":[0.0,1.45958]},"87o":{"weight":1.0,"played":[1.0,0.0],"evs":[0.0,-3.30185]},"97o":{"weight":1.0,"played":[1.0,0.0],"evs":[0.0,-3.8243]},"T7o":{"weight":1.0,"played":[1.0,0.0],"evs":[0.0,-4.75927]},"J7o":{"weight":1.0,"played":[1.0,0.0],"evs":[0.0,-4.9522]},"Q7o":{"weight":1.0,"played":[1.0,0.0],"evs":[0.0,-5.09415]},"K7o":{"weight":1.0,"played":[1.0,0.0],"evs":[0.0,-4.47757]},"A7o":{"weight":1.0,"played":[1.0,0.0],"evs":[0.0,-4.06291]},"82s":{"weight":1.0,"played":[1.0,0.0],"evs":[0.0,-4.31325]},"83s":{"weight":1.0,"played":[1.0,0.0],"evs":[0.0,-4.2381]},"84s":{"weight":1.0,"played":[1.0,0.0],"evs":[0.0,-3.16864]},"85s":{"weight":1.0,"played":[1.0,0.0],"evs":[0.0,-2.10205]},"86s":{"weight":1.0,"played":[1.0,0.0],"evs":[0.0,-1.30741]},"87s":{"weight":1.0,"played":[0.9992,8.0E-4],"evs":[0.0,-0.82216]},"88":{"weight":1.0,"played":[0.0,1.0],"evs":[0.0,2.51985]},"98o":{"weight":1.0,"played":[1.0,0.0],"evs":[0.0,-3.25077]},"T8o":{"weight":1.0,"played":[1.0,0.0],"evs":[0.0,-3.84085]},"J8o":{"weight":1.0,"played":[1.0,0.0],"evs":[0.0,-4.17515]},"Q8o":{"weight":1.0,"played":[1.0,0.0],"evs":[0.0,-4.29856]},"K8o":{"weight":1.0,"played":[1.0,0.0],"evs":[0.0,-4.25672]},"A8o":{"weight":1.0,"played":[1.0,0.0],"evs":[0.0,-3.60671]},"92s":{"weight":1.0,"played":[1.0,0.0],"evs":[0.0,-4.24844]},"93s":{"weight":1.0,"played":[1.0,0.0],"evs":[0.0,-4.00485]},"94s":{"weight":1.0,"played":[1.0,0.0],"evs":[0.0,-3.86474]},"95s":{"weight":1.0,"played":[1.0,0.0],"evs":[0.0,-2.96691]},"96s":{"weight":1.0,"played":[1.0,0.0],"evs":[0.0,-2.00307]},"97s":{"weight":1.0,"played":[1.0,0.0],"evs":[0.0,-1.19203]},"98s":{"weight":1.0,"played":[0.9988,0.0012],"evs":[0.0,-0.84017]},"99":{"weight":1.0,"played":[0.0,1.0],"evs":[0.0,3.98532]},"T9o":{"weight":1.0,"played":[1.0,0.0],"evs":[0.0,-3.01246]},"J9o":{"weight":1.0,"played":[1.0,0.0],"evs":[0.0,-3.32302]},"Q9o":{"weight":1.0,"played":[1.0,0.0],"evs":[0.0,-3.50626]},"K9o":{"weight":1.0,"played":[1.0,0.0],"evs":[0.0,-3.44152]},"A9o":{"weight":1.0,"played":[1.0,0.0],"evs":[0.0,-2.86513]},"T2s":{"weight":1.0,"played":[1.0,0.0],"evs":[0.0,-4.35558]},"T3s":{"weight":1.0,"played":[1.0,0.0],"evs":[0.0,-4.21317]},"T4s":{"weight":1.0,"played":[1.0,0.0],"evs":[0.0,-3.86817]},"T5s":{"weight":1.0,"played":[1.0,0.0],"evs":[0.0,-3.61707]},"T6s":{"weight":1.0,"played":[1.0,0.0],"evs":[0.0,-2.92233]},"T7s":{"weight":1.0,"played":[1.0,0.0],"evs":[0.0,-2.15717]},"T8s":{"weight":1.0,"played":[1.0,0.0],"evs":[0.0,-1.23917]},"T9s":{"weight":1.0,"played":[0.9971,0.0029],"evs":[0.0,-0.32608]},"TT":{"weight":1.0,"played":[0.0,1.0],"evs":[0.0,5.86283]},"JTo":{"weight":1.0,"played":[1.0,0.0],"evs":[0.0,-2.35196]},"QTo":{"weight":1.0,"played":[1.0,0.0],"evs":[0.0,-2.36461]},"KTo":{"weight":1.0,"played":[1.0,0.0],"evs":[0.0,-1.96136]},"ATo":{"weight":1.0,"played":[0.9999,1.0E-4],"evs":[0.0,-1.22746]},"J2s":{"weight":1.0,"played":[1.0,0.0],"evs":[0.0,-3.93226]},"J3s":{"weight":1.0,"played":[1.0,0.0],"evs":[0.0,-3.54219]},"J4s":{"weight":1.0,"played":[1.0,0.0],"evs":[0.0,-3.40512]},"J5s":{"weight":1.0,"played":[1.0,0.0],"evs":[0.0,-2.93464]},"J6s":{"weight":1.0,"played":[1.0,0.0],"evs":[0.0,-2.9931]},"J7s":{"weight":1.0,"played":[1.0,0.0],"evs":[0.0,-2.42369]},"J8s":{"weight":1.0,"played":[0.9999,1.0E-4],"evs":[0.0,-1.42713]},"J9s":{"weight":1.0,"played":[0.9999,1.0E-4],"evs":[0.0,-0.81165]},"JTs":{"weight":1.0,"played":[0.7688,0.2312],"evs":[0.0,-0.18706]},"JJ":{"weight":1.0,"played":[0.0,1.0],"evs":[0.0,9.1271]},"QJo":{"weight":1.0,"played":[1.0,0.0],"evs":[0.0,-1.42126]},"KJo":{"weight":1.0,"played":[0.9999,1.0E-4],"evs":[0.0,-0.74294]},"AJo":{"weight":1.0,"played":[0.0012,0.9988],"evs":[0.0,0.22681]},"Q2s":{"weight":1.0,"played":[1.0,0.0],"evs":[0.0,-3.4922]},"Q3s":{"weight":1.0,"played":[1.0,0.0],"evs":[0.0,-3.29661]},"Q4s":{"weight":1.0,"played":[1.0,0.0],"evs":[0.0,-2.85101]},"Q5s":{"weight":1.0,"played":[1.0,0.0],"evs":[0.0,-2.63013]},"Q6s":{"weight":1.0,"played":[1.0,0.0],"evs":[0.0,-2.23555]},"Q7s":{"weight":1.0,"played":[1.0,0.0],"evs":[0.0,-2.30085]},"Q8s":{"weight":1.0,"played":[1.0,0.0],"evs":[0.0,-1.77319]},"Q9s":{"weight":1.0,"played":[0.9994,6.0E-4],"evs":[0.0,-0.97898]},"QTs":{"weight":1.0,"played":[3.0E-4,0.9997],"evs":[0.0,0.15667]},"QJs":{"weight":1.0,"played":[0.0,1.0],"evs":[0.0,1.0056]},"QQ":{"weight":1.0,"played":[0.0,1.0],"evs":[0.0,12.78106]},"KQo":{"weight":1.0,"played":[0.001,0.999],"evs":[0.0,0.42351]},"AQo":{"weight":1.0,"played":[0.0,1.0],"evs":[0.0,1.75836]},"K2s":{"weight":1.0,"played":[1.0,0.0],"evs":[0.0,-3.10367]},"K3s":{"weight":1.0,"played":[1.0,0.0],"evs":[0.0,-2.7174]},"K4s":{"weight":1.0,"played":[1.0,0.0],"evs":[0.0,-2.54134]},"K5s":{"weight":1.0,"played":[1.0,0.0],"evs":[0.0,-2.00641]},"K6s":{"weight":1.0,"played":[1.0,0.0],"evs":[0.0,-1.67263]},"K7s":{"weight":1.0,"played":[1.0,0.0],"evs":[0.0,-1.58401]},"K8s":{"weight":1.0,"played":[1.0,0.0],"evs":[0.0,-1.4261]},"K9s":{"weight":1.0,"played":[0.9999,1.0E-4],"evs":[0.0,-0.73683]},"KTs":{"weight":1.0,"played":[0.0,1.0],"evs":[0.0,0.72677]},"KJs":{"weight":1.0,"played":[0.0,1.0],"evs":[0.0,1.91959]},"KQs":{"weight":1.0,"played":[0.0,1.0],"evs":[0.0,2.93322]},"KK":{"weight":1.0,"played":[0.0,1.0],"evs":[0.0,17.52834]},"AKo":{"weight":1.0,"played":[0.0,1.0],"evs":[0.0,3.59705]},"A2s":{"weight":1.0,"played":[1.0,0.0],"evs":[0.0,-2.15656]},"A3s":{"weight":1.0,"played":[0.9999,1.0E-4],"evs":[0.0,-1.70508]},"A4s":{"weight":1.0,"played":[1.0,0.0],"evs":[0.0,-1.36091]},"A5s":{"weight":1.0,"played":[1.0,0.0],"evs":[0.0,-0.85012]},"A6s":{"weight":1.0,"played":[1.0,0.0],"evs":[0.0,-1.57694]},"A7s":{"weight":1.0,"played":[1.0,0.0],"evs":[0.0,-1.00568]},"A8s":{"weight":1.0,"played":[1.0,0.0],"evs":[0.0,-0.54228]},"A9s":{"weight":1.0,"played":[0.4926,0.5074],"evs":[0.0,-0.09016]},"ATs":{"weight":1.0,"played":[0.0,1.0],"evs":[0.0,1.58122]},"AJs":{"weight":1.0,"played":[0.0,1.0],"evs":[0.0,3.08111]},"AQs":{"weight":1.0,"played":[0.0,1.0],"evs":[0.0,4.38223]},"AKs":{"weight":1.0,"played":[0.0,1.0],"evs":[0.0,6.29148]},"AA":{"weight":1.0,"played":[0.0,1.0],"evs":[0.0,24.09519]}}}