{"player":4,"street":0,"children":2,"sequence":[{"player":0,"type":"R","amount":955000,"street":0},{"player":1,"type":"C","amount":955000,"street":0},{"player":2,"type":"C","amount":955000,"street":0},{"player":3,"type":"F","amount":0,"street":0}],"actions":[{"type":"F","amount":0,"node":61},{"type":"C","amount":805000,"node":62}],"hands":{"22":{"weight":1.0,"played":[1.0,0.0],"evs":[0.0,-1.29718]},"32o":{"weight":1.0,"played":[1.0,0.0],"evs":[0.0,-4.97806]},"42o":{"weight":1.0,"played":[1.0,0.0],"evs":[0.0,-4.55757]},"52o":{"weight":1.0,"played":[1.0,0.0],"evs":[0.0,-4.36301]},"62o":{"weight":1.0,"played":[1.0,0.0],"evs":[0.0,-4.97746]},"72o":{"weight":1.0,"played":[1.0,0.0],"evs":[0.0,-5.7583]},"82o":{"weight":1.0,"played":[1.0,0.0],"evs":[0.0,-5.74951]},"92o":{"weight":1.0,"played":[1.0,0.0],"evs":[0.0,-5.76868]},"T2o":{"weight":1.0,"played":[1.0,0.0],"evs":[0.0,-5.94992]},"J2o":{"weight":1.0,"played":[1.0,0.0],"evs":[0.0,-5.43468]},"Q2o":{"weight":1.0,"played":[1.0,0.0],"evs":[0.0,-5.04004]},"K2o":{"weight":1.0,"played":[1.0,0.0],"evs":[0.0,-4.72895]},"A2o":{"weight":1.0,"played":[1.0,0.0],"evs":[0.0,-4.04706]},"32s":{"weight":1.0,"played":[1.0,0.0],"evs":[0.0,-2.80579]},"33":{"weight":1.0,"played":[1.0,0.0],"evs":[0.0,-0.70314]},"43o":{"weight":1.0,"played":[1.0,0.0],"evs":[0.0,-3.7257]},"53o":{"weight":1.0,"played":[1.0,0.0],"evs":[0.0,-3.38957]},"63o":{"weight":1.0,"played":[1.0,0.0],"evs":[0.0,-3.94141]},"73o":{"weight":1.0,"played":[1.0,0.0],"evs":[0.0,-4.8603]},"83o":{"weight":1.0,"played":[1.0,0.0],"evs":[0.0,-5.58011]},"93o":{"weight":1.0,"played":[1.0,0.0],"evs":[0.0,-5.46332]},"T3o":{"weight":1.0,"played":[1.0,0.0],"evs":[0.0,-5.60835]},"J3o":{"weight":1.0,"played":[1.0,0.0],"evs":[0.0,-5.27593]},"Q3o":{"weight":1.0,"played":[1.0,0.0],"evs":[0.0,-4.84152]},"K3o":{"weight":1.0,"played":[1.0,0.0],"evs":[0.0,-4.42893]},"A3o":{"weight":1.0,"played":[1.0,0.0],"evs":[0.0,-3.61487]},"42s":{"weight":1.0,"played":[1.0,0.0],"evs":[0.0,-2.23568]},"43s":{"weight":1.0,"played":[1.0,0.0],"evs":[0.0,-1.60519]},"44":{"weight":1.0,"played":[0.9521,0.0479],"evs":[0.0,-0.18231]},"54o":{"weight":1.0,"played":[1.0,0.0],"evs":[0.0,-2.57576]},"64o":{"weight":1.0,"played":[1.0,0.0],"evs":[0.0,-2.98298]},"74o":{"weight":1.0,"played":[1.0,0.0],"evs":[0.0,-3.83117]},"84o":{"weight":1.0,"played":[1.0,0.0],"evs":[0.0,-4.60473]},"94o":{"weight":1.0,"played":[1.0,0.0],"evs":[0.0,-5.29486]},"T4o":{"weight":1.0,"played":[1.0,0.0],"evs":[0.0,-5.41834]},"J4o":{"weight":1.0,"played":[1.0,0.0],"evs":[0.0,-5.02711]},"Q4o":{"weight":1.0,"played":[1.0,0.0],"evs":[0.0,-4.49184]},"K4o":{"weight":1.0,"played":[1.0,0.0],"evs":[0.0,-4.15423]},"A4o":{"weight":1.0,"played":[1.0,0.0],"evs":[0.0,-3.3125]},"52s":{"weight":1.0,"played":[1.0,0.0],"evs":[0.0,-2.25561]},"53s":{"weight":1.0,"played":[1.0,0.0],"evs":[0.0,-1.21824]},"54s":{"weight":1.0,"played":[0.9999,1.0E-4],"evs":[0.0,-0.32941]},"55":{"weight":1.0,"played":[2.0E-4,0.9998],"evs":[0.0,0.62588]},"65o":{"weight":1.0,"played":[1.0,0.0],"evs":[0.0,-2.14722]},"75o":{"weight":1.0,"played":[1.0,0.0],"evs":[0.0,-2.91369]},"85o":{"weight":1.0,"played":[1.0,0.0],"evs":[0.0,-3.64785]},"95o":{"weight":1.0,"played":[1.0,0.0],"evs":[0.0,-4.38051]},"T5o":{"weight":1.0,"played":[1.0,0.0],"evs":[0.0,-5.22887]},"J5o":{"weight":1.0,"played":[1.0,0.0],"evs":[0.0,-4.62874]},"Q5o":{"weight":1.0,"played":[1.0,0.0],"evs":[0.0,-4.21674]},"K5o":{"weight":1.0,"played":[1.0,0.0],"evs":[0.0,-3.82764]},"A5o":{"weight":1.0,"played":[1.0,0.0],"evs":[0.0,-2.99024]},"62s":{"weight":1.0,"played":[1.0,0.0],"evs":[0.0,-2.62769]},"63s":{"weight":1.0,"played":[1.0,0.0],"evs":[0.0,-1.69802]},"64s":{"weight":1.0,"played":[0.9991,9.0E-4],"evs":[0.0,-0.88657]},"65s":{"weight":1.0,"played":[0.2319,0.7681],"evs":[0.0,0.00729]},"66":{"weight":1.0,"played":[0.0,1.0],"evs":[0.0,1.43823]},"76o":{"weight":1.0,"played":[1.0,0.0],"evs":[0.0,-2.24126]},"86o":{"weight":1.0,"played":[1.0,0.0],"evs":[0.0,-2.81342]},"96o":{"weight":1.0,"played":[1.0,0.0],"evs":[0.0,-3.50607]},"T6o":{"weight":1.0,"played":[1.0,0.0],"evs":[0.0,-4.33199]},"J6o":{"weight":1.0,"played":[1.0,0.0],"evs":[0.0,-4.57035]},"Q6o":{"weight":1.0,"played":[1.0,0.0],"evs":[0.0,-4.01149]},"K6o":{"weight":1.0,"played":[1.0,0.0],"evs":[0.0,-3.51722]},"A6o":{"weight":1.0,"played":[1.0,0.0],"evs":[0.0,-3.48045]},"72s":{"weight":1.0,"played":[1.0,0.0],"evs":[0.0,-3.4581]},"73s":{"weight":1.0,"played":[1.0,0.0],"evs":[0.0,-2.58317]},"74s":{"weight":1.0,"played":[1.0,0.0],"evs":[0.0,-1.72409]},"75s":{"weight":1.0,"played":[1.0,0.0],"evs":[0.0,-0.72365]},"76s":{"weight":1.0,"played":[0.0885,0.9115],"evs":[0.0,-0.02755]},"77":{"weight":1.0,"played":[0.0,1.0],"evs":[0.0,2.09825]},"87o":{"weight":1.0,"played":[1.0,0.0],"evs":[0.0,-2.39275]},"97o":{"weight":1.0,"played":[1.0,0.0],"evs":[0.0,-2.76337]},"T7o":{"weight":1.0,"played":[1.0,0.0],"evs":[0.0,-3.63284]},"J7o":{"weight":1.0,"played":[1.0,0.0],"evs":[0.0,-3.89953]},"Q7o":{"weight":1.0,"played":[1.0,0.0],"evs":[0.0,-4.03513]},"K7o":{"weight":1.0,"played":[1.0,0.0],"evs":[0.0,-3.44172]},"A7o":{"weight":1.0,"played":[1.0,0.0],"evs":[0.0,-3.00733]},"82s":{"weight":1.0,"played":[1.0,0.0],"evs":[0.0,-3.19516]},"83s":{"weight":1.0,"played":[1.0,0.0],"evs":[0.0,-3.14788]},"84s":{"weight":1.0,"played":[1.0,0.0],"evs":[0.0,-2.27894]},"85s":{"weight":1.0,"played":[1.0,0.0],"evs":[0.0,-1.45796]},"86s":{"weight":1.0,"played":[0.9962,0.0038],"evs":[0.0,-0.57392]},"87s":{"weight":1.0,"played":[0.7778,0.2222],"evs":[0.0,-0.02639]},"88":{"weight":1.0,"played":[0.0,1.0],"evs":[0.0,2.95951]},"98o":{"weight":1.0,"played":[1.0,0.0],"evs":[0.0,-2.44956]},"T8o":{"weight":1.0,"played":[1.0,0.0],"evs":[0.0,-2.87693]},"J8o":{"weight":1.0,"played":[1.0,0.0],"evs":[0.0,-3.18997]},"Q8o":{"weight":1.0,"played":[1.0,0.0],"evs":[0.0,-3.30001]},"K8o":{"weight":1.0,"played":[1.0,0.0],"evs":[0.0,-3.24366]},"A8o":{"weight":1.0,"played":[1.0,0.0],"evs":[0.0,-2.6152]},"92s":{"weight":1.0,"played":[1.0,0.0],"evs":[0.0,-3.35758]},"93s":{"weight":1.0,"played":[1.0,0.0],"evs":[0.0,-3.12096]},"94s":{"weight":1.0,"played":[1.0,0.0],"evs":[0.0,-2.73485]},"95s":{"weight":1.0,"played":[1.0,0.0],"evs":[0.0,-1.98814]},"96s":{"weight":1.0,"played":[1.0,0.0],"evs":[0.0,-1.16733]},"97s":{"weight":1.0,"played":[1.0,0.0],"evs":[0.0,-0.67819]},"98s":{"weight":1.0,"played":[0.837,0.163],"evs":[0.0,0.03928]},"99":{"weight":1.0,"played":[0.0,1.0],"evs":[0.0,4.36318]},"T9o":{"weight":1.0,"played":[1.0,0.0],"evs":[0.0,-2.09653]},"J9o":{"weight":1.0,"played":[1.0,0.0],"evs":[0.0,-2.42523]},"Q9o":{"weight":1.0,"played":[1.0,0.0],"evs":[0.0,-2.59052]},"K9o":{"weight":1.0,"played":[1.0,0.0],"evs":[0.0,-2.36281]},"A9o":{"weight":1.0,"played":[1.0,0.0],"evs":[0.0,-1.93678]},"T2s":{"weight":1.0,"played":[1.0,0.0],"evs":[0.0,-3.49503]},"T3s":{"weight":1.0,"played":[1.0,0.0],"evs":[0.0,-3.24274]},"T4s":{"weight":1.0,"played":[1.0,0.0],"evs":[0.0,-2.88596]},"T5s":{"weight":1.0,"played":[1.0,0.0],"evs":[0.0,-2.74913]},"T6s":{"weight":1.0,"played":[1.0,0.0],"evs":[0.0,-1.88826]},"T7s":{"weight":1.0,"played":[0.9999,1.0E-4],"evs":[0.0,-1.30848]},"T8s":{"weight":1.0,"played":[0.9992,8.0E-4],"evs":[0.0,-0.41131]},"T9s":{"weight":1.0,"played":[0.0117,0.9883],"evs":[0.0,0.06008]},"TT":{"weight":1.0,"played":[0.0,1.0],"evs":[0.0,6.3919]},"JTo":{"weight":1.0,"played":[1.0,0.0],"evs":[0.0,-1.57394]},"QTo":{"weight":1.0,"played":[1.0,0.0],"evs":[0.0,-1.50879]},"KTo":{"weight":1.0,"played":[1.0,0.0],"evs":[0.0,-1.11415]},"ATo":{"weight":1.0,"played":[0.9989,0.0011],"evs":[0.0,-0.44227]},"J2s":{"weight":1.0,"played":[1.0,0.0],"evs":[0.0,-2.92631]},"J3s":{"weight":1.0,"played":[1.0,0.0],"evs":[0.0,-2.81742]},"J4s":{"weight":1.0,"played":[1.0,0.0],"evs":[0.0,-2.60303]},"J5s":{"weight":1.0,"played":[1.0,0.0],"evs":[0.0,-2.18686]},"J6s":{"weight":1.0,"played":[1.0,0.0],"evs":[0.0,-2.05177]},"J7s":{"weight":1.0,"played":[1.0,0.0],"evs":[0.0,-1.52671]},"J8s":{"weight":1.0,"played":[1.0,0.0],"evs":[0.0,-0.59551]},"J9s":{"weight":1.0,"played":[0.9728,0.0272],"evs":[0.0,-0.18921]},"JTs":{"weight":1.0,"played":[0.0,1.0],"evs":[0.0,0.77207]},"JJ":{"weight":1.0,"played":[0.0,1.0],"evs":[0.0,9.17821]},"QJo":{"weight":1.0,"played":[0.9997,3.0E-4],"evs":[0.0,-0.57267]},"KJo":{"weight":1.0,"played":[0.1058,0.8942],"evs":[0.0,0.03856]},"AJo":{"weight":1.0,"played":[0.0,1.0],"evs":[0.0,1.10457]},"Q2s":{"weight":1.0,"played":[1.0,0.0],"evs":[0.0,-2.46781]},"Q3s":{"weight":1.0,"played":[1.0,0.0],"evs":[0.0,-2.31699]},"Q4s":{"weight":1.0,"played":[1.0,0.0],"evs":[0.0,-2.07824]},"Q5s":{"weight":1.0,"played":[1.0,0.0],"evs":[0.0,-1.78331]},"Q6s":{"weight":1.0,"played":[1.0,0.0],"evs":[0.0,-1.46286]},"Q7s":{"weight":1.0,"played":[1.0,0.0],"evs":[0.0,-1.35697]},"Q8s":{"weight":1.0,"played":[0.9987,0.0013],"evs":[0.0,-0.78011]},"Q9s":{"weight":1.0,"played":[0.9897,0.0103],"evs":[0.0,-0.20021]},"QTs":{"weight":1.0,"played":[0.0,1.0],"evs":[0.0,0.82438]},"QJs":{"weight":1.0,"played":[0.0,1.0],"evs":[0.0,1.72097]},"QQ":{"weight":1.0,"played":[0.0,1.0],"evs":[0.0,12.68568]},"KQo":{"weight":1.0,"played":[0.0,1.0],"evs":[0.0,1.17749]},"AQo":{"weight":1.0,"played":[0.0,1.0],"evs":[0.0,2.53119]},"K2s":{"weight":1.0,"played":[1.0,0.0],"evs":[0.0,-1.95391]},"K3s":{"weight":1.0,"played":[1.0,0.0],"evs":[0.0,-1.78481]},"K4s":{"weight":1.0,"played":[1.0,0.0],"evs":[0.0,-1.49614]},"K5s":{"weight":1.0,"played":[1.0,0.0],"evs":[0.0,-1.15531]},"K6s":{"weight":1.0,"played":[1.0,0.0],"evs":[0.0,-0.88238]},"K7s":{"weight":1.0,"played":[0.9998,2.0E-4],"evs":[0.0,-0.84261]},"K8s":{"weight":1.0,"played":[1.0,0.0],"evs":[0.0,-0.75568]},"K9s":{"weight":1.0,"played":[0.0193,0.9807],"evs":[0.0,0.14897]},"KTs":{"weight":1.0,"played":[0.0,1.0],"evs":[0.0,1.33942]},"KJs":{"weight":1.0,"played":[0.0,1.0],"evs":[0.0,2.48792]},"KQs":{"weight":1.0,"played":[0.0,1.0],"evs":[0.0,3.39371]},"KK":{"weight":1.0,"played":[0.0,1.0],"evs":[0.0,17.04513]},"AKo":{"weight":1.0,"played":[0.0,1.0],"evs":[0.0,4.26535]},"A2s":{"weight":1.0,"played":[1.0,0.0],"evs":[0.0,-1.25349]},"A3s":{"weight":1.0,"played":[1.0,0.0],"evs":[0.0,-0.96703]},"A4s":{"weight":1.0,"played":[1.0,0.0],"evs":[0.0,-0.43224]},"A5s":{"weight":1.0,"played":[0.9977,0.0023],"evs":[0.0,-0.20786]},"A6s":{"weight":1.0,"played":[0.9995,5.0E-4],"evs":[0.0,-0.75953]},"A7s":{"weight":1.0,"played":[0.9895,0.0105],"evs":[0.0,-0.24523]},"A8s":{"weight":1.0,"played":[0.0181,0.9819],"evs":[0.0,0.34379]},"A9s":{"weight":1.0,"played":[1.0E-4,0.9999],"evs":[0.0,0.77514]},"ATs":{"weight":1.0,"played":[0.0,1.0],"evs":[0.0,2.40731]},"AJs":{"weight":1.0,"played":[0.0,1.0],"evs":[0.0,3.52155]},"AQs":{"weight":1.0,"played":[0.0,1.0],"evs":[0.0,5.05304]},"AKs":{"weight":1.0,"played":[0.0,1.0],"evs":[0.0,6.6148]},"AA":{"weight":1.0,"played":[0.0,1.0],"evs":[0.0,23.31311]}}}