{"player":5,"street":0,"children":2,"sequence":[{"player":0,"type":"R","amount":955000,"street":0},{"player":1,"type":"C","amount":955000,"street":0},{"player":2,"type":"C","amount":955000,"street":0},{"player":3,"type":"F","amount":0,"street":0},{"player":4,"type":"F","amount":0,"street":0}],"actions":[{"type":"F","amount":0},{"type":"C","amount":855000}],"hands":{"22":{"weight":1.0,"played":[0.0,1.0],"evs":[0.0,2.01091]},"32o":{"weight":1.0,"played":[1.0,0.0],"evs":[0.0,-2.7135]},"42o":{"weight":1.0,"played":[1.0,0.0],"evs":[0.0,-2.25326]},"52o":{"weight":1.0,"played":[1.0,0.0],"evs":[0.0,-1.90553]},"62o":{"weight":1.0,"played":[1.0,0.0],"evs":[0.0,-2.61929]},"72o":{"weight":1.0,"played":[1.0,0.0],"evs":[0.0,-3.6298]},"82o":{"weight":1.0,"played":[1.0,0.0],"evs":[0.0,-3.55373]},"92o":{"weight":1.0,"played":[1.0,0.0],"evs":[0.0,-3.54228]},"T2o":{"weight":1.0,"played":[1.0,0.0],"evs":[0.0,-3.91617]},"J2o":{"weight":1.0,"played":[1.0,0.0],"evs":[0.0,-3.28848]},"Q2o":{"weight":1.0,"played":[1.0,0.0],"evs":[0.0,-2.74007]},"K2o":{"weight":1.0,"played":[1.0,0.0],"evs":[0.0,-2.32025]},"A2o":{"weight":1.0,"played":[0.9999,1.0E-4],"evs":[0.0,-1.50642]},"32s":{"weight":1.0,"played":[0.0194,0.9806],"evs":[0.0,0.04636]},"33":{"weight":1.0,"played":[0.0,1.0],"evs":[0.0,3.00962]},"43o":{"weight":1.0,"played":[1.0,0.0],"evs":[0.0,-1.05901]},"53o":{"weight":1.0,"played":[0.9998,2.0E-4],"evs":[0.0,-0.66087]},"63o":{"weight":1.0,"played":[1.0,0.0],"evs":[0.0,-1.39]},"73o":{"weight":1.0,"played":[1.0,0.0],"evs":[0.0,-2.51386]},"83o":{"weight":1.0,"played":[1.0,0.0],"evs":[0.0,-3.47157]},"93o":{"weight":1.0,"played":[1.0,0.0],"evs":[0.0,-3.35048]},"T3o":{"weight":1.0,"played":[1.0,0.0],"evs":[0.0,-3.46881]},"J3o":{"weight":1.0,"played":[1.0,0.0],"evs":[0.0,-2.96569]},"Q3o":{"weight":1.0,"played":[1.0,0.0],"evs":[0.0,-2.43186]},"K3o":{"weight":1.0,"played":[1.0,0.0],"evs":[0.0,-1.99434]},"A3o":{"weight":1.0,"played":[0.9998,2.0E-4],"evs":[0.0,-0.95359]},"42s":{"weight":1.0,"played":[0.0,1.0],"evs":[0.0,0.67045]},"43s":{"weight":1.0,"played":[0.0,1.0],"evs":[0.0,1.52364]},"44":{"weight":1.0,"played":[0.0,1.0],"evs":[0.0,3.70729]},"54o":{"weight":1.0,"played":[0.0,1.0],"evs":[0.0,0.44923]},"64o":{"weight":1.0,"played":[0.9008,0.0992],"evs":[0.0,-0.16104]},"74o":{"weight":1.0,"played":[1.0,0.0],"evs":[0.0,-1.12119]},"84o":{"weight":1.0,"played":[1.0,0.0],"evs":[0.0,-2.19352]},"94o":{"weight":1.0,"played":[1.0,0.0],"evs":[0.0,-3.015]},"T4o":{"weight":1.0,"played":[1.0,0.0],"evs":[0.0,-3.17968]},"J4o":{"weight":1.0,"played":[1.0,0.0],"evs":[0.0,-2.4951]},"Q4o":{"weight":1.0,"played":[1.0,0.0],"evs":[0.0,-1.98742]},"K4o":{"weight":1.0,"played":[1.0,0.0],"evs":[0.0,-1.52261]},"A4o":{"weight":1.0,"played":[1.0,0.0],"evs":[0.0,-0.46475]},"52s":{"weight":1.0,"played":[0.0,1.0],"evs":[0.0,0.72519]},"53s":{"weight":1.0,"played":[0.0,1.0],"evs":[0.0,2.05651]},"54s":{"weight":1.0,"played":[0.0,1.0],"evs":[0.0,3.10087]},"55":{"weight":1.0,"played":[0.0,1.0],"evs":[0.0,4.86733]},"65o":{"weight":1.0,"played":[0.0,1.0],"evs":[0.0,0.85953]},"75o":{"weight":1.0,"played":[0.2486,0.7514],"evs":[0.0,0.00367]},"85o":{"weight":1.0,"played":[1.0,0.0],"evs":[0.0,-0.90768]},"95o":{"weight":1.0,"played":[1.0,0.0],"evs":[0.0,-1.79101]},"T5o":{"weight":1.0,"played":[1.0,0.0],"evs":[0.0,-2.93009]},"J5o":{"weight":1.0,"played":[1.0,0.0],"evs":[0.0,-2.22765]},"Q5o":{"weight":1.0,"played":[1.0,0.0],"evs":[0.0,-1.67577]},"K5o":{"weight":1.0,"played":[1.0,0.0],"evs":[0.0,-1.09587]},"A5o":{"weight":1.0,"played":[0.0395,0.9605],"evs":[0.0,0.16802]},"62s":{"weight":1.0,"played":[8.0E-4,0.9992],"evs":[0.0,0.19346]},"63s":{"weight":1.0,"played":[0.0,1.0],"evs":[0.0,1.52511]},"64s":{"weight":1.0,"played":[0.0,1.0],"evs":[0.0,2.66984]},"65s":{"weight":1.0,"played":[0.0,1.0],"evs":[0.0,3.42208]},"66":{"weight":1.0,"played":[0.0,1.0],"evs":[0.0,5.8406]},"76o":{"weight":1.0,"played":[0.0,1.0],"evs":[0.0,0.83801]},"86o":{"weight":1.0,"played":[0.0105,0.9895],"evs":[0.0,0.09113]},"96o":{"weight":1.0,"played":[0.9999,1.0E-4],"evs":[0.0,-0.74021]},"T6o":{"weight":1.0,"played":[1.0,0.0],"evs":[0.0,-1.88833]},"J6o":{"weight":1.0,"played":[1.0,0.0],"evs":[0.0,-2.06088]},"Q6o":{"weight":1.0,"played":[1.0,0.0],"evs":[0.0,-1.27016]},"K6o":{"weight":1.0,"played":[1.0,0.0],"evs":[0.0,-0.71331]},"A6o":{"weight":1.0,"played":[1.0,0.0],"evs":[0.0,-0.70127]},"72s":{"weight":1.0,"played":[1.0,0.0],"evs":[0.0,-0.68856]},"73s":{"weight":1.0,"played":[0.0025,0.9975],"evs":[0.0,0.47414]},"74s":{"weight":1.0,"played":[0.0,1.0],"evs":[0.0,1.75783]},"75s":{"weight":1.0,"played":[0.0,1.0],"evs":[0.0,2.63874]},"76s":{"weight":1.0,"played":[0.0,1.0],"evs":[0.0,3.44679]},"77":{"weight":1.0,"played":[0.0,1.0],"evs":[0.0,6.52919]},"87o":{"weight":1.0,"played":[3.0E-4,0.9997],"evs":[0.0,0.65246]},"97o":{"weight":1.0,"played":[0.0093,0.9907],"evs":[0.0,0.06873]},"T7o":{"weight":1.0,"played":[1.0,0.0],"evs":[0.0,-0.91031]},"J7o":{"weight":1.0,"played":[1.0,0.0],"evs":[0.0,-1.26902]},"Q7o":{"weight":1.0,"played":[1.0,0.0],"evs":[0.0,-1.39362]},"K7o":{"weight":1.0,"played":[0.9994,6.0E-4],"evs":[0.0,-0.68086]},"A7o":{"weight":1.0,"played":[0.547,0.453],"evs":[0.0,-0.0114]},"82s":{"weight":1.0,"played":[1.0,0.0],"evs":[0.0,-0.57732]},"83s":{"weight":1.0,"played":[0.9997,3.0E-4],"evs":[0.0,-0.4121]},"84s":{"weight":1.0,"played":[0.0,1.0],"evs":[0.0,0.75863]},"85s":{"weight":1.0,"played":[0.0,1.0],"evs":[0.0,1.9051]},"86s":{"weight":1.0,"played":[0.0,1.0],"evs":[0.0,2.81966]},"87s":{"weight":1.0,"played":[0.0,1.0],"evs":[0.0,3.27559]},"88":{"weight":1.0,"played":[0.0,1.0],"evs":[0.0,8.12254]},"98o":{"weight":1.0,"played":[0.0,1.0],"evs":[0.0,0.60506]},"T8o":{"weight":1.0,"played":[0.8521,0.1479],"evs":[0.0,-0.09995]},"J8o":{"weight":1.0,"played":[1.0,0.0],"evs":[0.0,-0.35222]},"Q8o":{"weight":1.0,"played":[0.9992,8.0E-4],"evs":[0.0,-0.53863]},"K8o":{"weight":1.0,"played":[0.9906,0.0094],"evs":[0.0,-0.33245]},"A8o":{"weight":1.0,"played":[0.0,1.0],"evs":[0.0,0.69428]},"92s":{"weight":1.0,"played":[0.9999,1.0E-4],"evs":[0.0,-0.39775]},"93s":{"weight":1.0,"played":[0.6379,0.3621],"evs":[0.0,-0.11488]},"94s":{"weight":1.0,"played":[0.9937,0.0063],"evs":[0.0,-0.1867]},"95s":{"weight":1.0,"played":[1.0E-4,0.9999],"evs":[0.0,1.01118]},"96s":{"weight":1.0,"played":[0.0,1.0],"evs":[0.0,2.25159]},"97s":{"weight":1.0,"played":[0.0,1.0],"evs":[0.0,2.68188]},"98s":{"weight":1.0,"played":[0.0,1.0],"evs":[0.0,3.28443]},"99":{"weight":1.0,"played":[0.0,1.0],"evs":[0.0,9.83803]},"T9o":{"weight":1.0,"played":[0.0,1.0],"evs":[0.0,0.8562]},"J9o":{"weight":1.0,"played":[0.0,1.0],"evs":[0.0,0.60627]},"Q9o":{"weight":1.0,"played":[1.0E-4,0.9999],"evs":[0.0,0.52323]},"K9o":{"weight":1.0,"played":[0.0,1.0],"evs":[0.0,0.62682]},"A9o":{"weight":1.0,"played":[0.0,1.0],"evs":[0.0,1.61252]},"T2s":{"weight":1.0,"played":[0.9996,4.0E-4],"evs":[0.0,-0.77566]},"T3s":{"weight":1.0,"played":[0.9999,1.0E-4],"evs":[0.0,-0.47197]},"T4s":{"weight":1.0,"played":[0.8065,0.1935],"evs":[0.0,0.04314]},"T5s":{"weight":1.0,"played":[0.0876,0.9124],"evs":[0.0,0.11841]},"T6s":{"weight":1.0,"played":[8.0E-4,0.9992],"evs":[0.0,1.11055]},"T7s":{"weight":1.0,"played":[0.0,1.0],"evs":[0.0,1.94594]},"T8s":{"weight":1.0,"played":[0.0,1.0],"evs":[0.0,2.62457]},"T9s":{"weight":1.0,"played":[0.0,1.0],"evs":[0.0,3.60935]},"TT":{"weight":1.0,"played":[0.0,1.0],"evs":[0.0,12.39917]},"JTo":{"weight":1.0,"played":[0.0,1.0],"evs":[0.0,1.67008]},"QTo":{"weight":1.0,"played":[0.0,1.0],"evs":[0.0,1.80206]},"KTo":{"weight":1.0,"played":[0.0,1.0],"evs":[0.0,2.34005]},"ATo":{"weight":1.0,"played":[0.0,1.0],"evs":[0.0,3.90674]},"J2s":{"weight":1.0,"played":[0.6585,0.3415],"evs":[0.0,-0.00714]},"J3s":{"weight":1.0,"played":[0.0068,0.9932],"evs":[0.0,0.16015]},"J4s":{"weight":1.0,"played":[0.0,1.0],"evs":[0.0,0.56519]},"J5s":{"weight":1.0,"played":[0.0,1.0],"evs":[0.0,0.68723]},"J6s":{"weight":1.0,"played":[0.003,0.997],"evs":[0.0,0.85353]},"J7s":{"weight":1.0,"played":[0.0,1.0],"evs":[0.0,1.69118]},"J8s":{"weight":1.0,"played":[0.0,1.0],"evs":[0.0,2.38718]},"J9s":{"weight":1.0,"played":[0.0,1.0],"evs":[0.0,3.44109]},"JTs":{"weight":1.0,"played":[0.0,1.0],"evs":[0.0,4.32838]},"JJ":{"weight":1.0,"played":[0.0,1.0],"evs":[0.0,16.25672]},"QJo":{"weight":1.0,"played":[0.0,1.0],"evs":[0.0,2.98924]},"KJo":{"weight":1.0,"played":[0.0,1.0],"evs":[0.0,3.69389]},"AJo":{"weight":1.0,"played":[0.0,1.0],"evs":[0.0,5.68192]},"Q2s":{"weight":1.0,"played":[0.0098,0.9902],"evs":[0.0,0.39318]},"Q3s":{"weight":1.0,"played":[0.0,1.0],"evs":[0.0,0.82126]},"Q4s":{"weight":1.0,"played":[1.0E-4,0.9999],"evs":[0.0,1.14684]},"Q5s":{"weight":1.0,"played":[0.0,1.0],"evs":[0.0,1.40246]},"Q6s":{"weight":1.0,"played":[0.0,1.0],"evs":[0.0,1.7605]},"Q7s":{"weight":1.0,"played":[0.0,1.0],"evs":[0.0,1.74026]},"Q8s":{"weight":1.0,"played":[0.0,1.0],"evs":[0.0,2.39256]},"Q9s":{"weight":1.0,"played":[0.0,1.0],"evs":[0.0,3.25372]},"QTs":{"weight":1.0,"played":[0.0,1.0],"evs":[0.0,4.46668]},"QJs":{"weight":1.0,"played":[0.0,1.0],"evs":[0.0,5.52672]},"QQ":{"weight":1.0,"played":[0.0,1.0],"evs":[0.0,20.73919]},"KQo":{"weight":1.0,"played":[0.0,1.0],"evs":[0.0,5.37444]},"AQo":{"weight":1.0,"played":[0.0,1.0],"evs":[0.0,7.66373]},"K2s":{"weight":1.0,"played":[1.0E-4,0.9999],"evs":[0.0,0.93641]},"K3s":{"weight":1.0,"played":[0.0,1.0],"evs":[0.0,1.3549]},"K4s":{"weight":1.0,"played":[0.0,1.0],"evs":[0.0,1.74582]},"K5s":{"weight":1.0,"played":[0.0,1.0],"evs":[0.0,1.88979]},"K6s":{"weight":1.0,"played":[0.0,1.0],"evs":[0.0,2.12837]},"K7s":{"weight":1.0,"played":[0.0,1.0],"evs":[0.0,2.61572]},"K8s":{"weight":1.0,"played":[0.0,1.0],"evs":[0.0,2.64352]},"K9s":{"weight":1.0,"played":[0.0,1.0],"evs":[0.0,3.55226]},"KTs":{"weight":1.0,"played":[0.0,1.0],"evs":[0.0,5.33766]},"KJs":{"weight":1.0,"played":[0.0,1.0],"evs":[0.0,6.67027]},"KQs":{"weight":1.0,"played":[0.0,1.0],"evs":[0.0,8.01623]},"KK":{"weight":1.0,"played":[0.0,1.0],"evs":[0.0,26.22765]},"AKo":{"weight":1.0,"played":[0.0,1.0],"evs":[0.0,10.30333]},"A2s":{"weight":1.0,"played":[0.0,1.0],"evs":[0.0,1.88397]},"A3s":{"weight":1.0,"played":[0.0,1.0],"evs":[0.0,2.4005]},"A4s":{"weight":1.0,"played":[0.0,1.0],"evs":[0.0,2.711]},"A5s":{"weight":1.0,"played":[0.0,1.0],"evs":[0.0,3.17069]},"A6s":{"weight":1.0,"played":[0.0,1.0],"evs":[0.0,2.57928]},"A7s":{"weight":1.0,"played":[0.0,1.0],"evs":[0.0,3.28068]},"A8s":{"weight":1.0,"played":[0.0,1.0],"evs":[0.0,3.89736]},"A9s":{"weight":1.0,"played":[0.0,1.0],"evs":[0.0,4.85599]},"ATs":{"weight":1.0,"played":[0.0,1.0],"evs":[0.0,7.08333]},"AJs":{"weight":1.0,"played":[0.0,1.0],"evs":[0.0,8.74522]},"AQs":{"weight":1.0,"played":[0.0,1.0],"evs":[0.0,10.63553]},"AKs":{"weight":1.0,"played":[0.0,1.0],"evs":[0.0,12.802]},"AA":{"weight":1.0,"played":[0.0,1.0],"evs":[0.0,34.33668]}}}