{"player":5,"street":0,"children":2,"sequence":[{"player":0,"type":"F","amount":0,"street":0},{"player":1,"type":"C","amount":1120000,"street":0},{"player":2,"type":"F","amount":0,"street":0},{"player":3,"type":"R","amount":11360000,"street":0},{"player":4,"type":"F","amount":0,"street":0}],"actions":[{"type":"F","amount":0},{"type":"C","amount":8160000}],"hands":{"22":{"weight":1.0,"played":[0.9725,0.0275],"evs":[0.0,-2.69025]},"32o":{"weight":1.0,"played":[0.9985,0.0015],"evs":[0.0,-3.50623]},"42o":{"weight":1.0,"played":[1.0,0.0],"evs":[0.0,-3.6224]},"52o":{"weight":1.0,"played":[1.0,0.0],"evs":[0.0,-2.32616]},"62o":{"weight":1.0,"played":[1.0,0.0],"evs":[0.0,-2.56564]},"72o":{"weight":1.0,"played":[0.9996,4.0E-4],"evs":[0.0,-2.78221]},"82o":{"weight":1.0,"played":[0.9952,0.0048],"evs":[0.0,-1.30562]},"92o":{"weight":1.0,"played":[0.9998,2.0E-4],"evs":[0.0,-2.46347]},"T2o":{"weight":1.0,"played":[0.9589,0.0411],"evs":[0.0,-2.27065]},"J2o":{"weight":1.0,"played":[0.9946,0.0054],"evs":[0.0,-2.28194]},"Q2o":{"weight":1.0,"played":[0.4915,0.5085],"evs":[0.0,-0.14267]},"K2o":{"weight":1.0,"played":[0.3899,0.6101],"evs":[0.0,0.03476]},"A2o":{"weight":1.0,"played":[0.4734,0.5266],"evs":[0.0,0.44845]},"32s":{"weight":1.0,"played":[0.9868,0.0132],"evs":[0.0,-2.27626]},"33":{"weight":1.0,"played":[0.1112,0.8888],"evs":[0.0,0.59135]},"43o":{"weight":1.0,"played":[0.9998,2.0E-4],"evs":[0.0,-2.36108]},"53o":{"weight":1.0,"played":[0.9869,0.0131],"evs":[0.0,-2.2282]},"63o":{"weight":1.0,"played":[0.997,0.003],"evs":[0.0,-2.20413]},"73o":{"weight":1.0,"played":[0.8347,0.1653],"evs":[0.0,-0.78406]},"83o":{"weight":1.0,"played":[0.9965,0.0035],"evs":[0.0,-1.97038]},"93o":{"weight":1.0,"played":[0.9993,7.0E-4],"evs":[0.0,-2.75264]},"T3o":{"weight":1.0,"played":[0.9995,5.0E-4],"evs":[0.0,-1.95432]},"J3o":{"weight":1.0,"played":[0.9805,0.0195],"evs":[0.0,-0.9985]},"Q3o":{"weight":1.0,"played":[0.182,0.818],"evs":[0.0,1.18445]},"K3o":{"weight":1.0,"played":[0.0031,0.9969],"evs":[0.0,0.85566]},"A3o":{"weight":1.0,"played":[0.3088,0.6912],"evs":[0.0,0.11219]},"42s":{"weight":1.0,"played":[0.999,0.001],"evs":[0.0,-2.85061]},"43s":{"weight":1.0,"played":[0.6088,0.3912],"evs":[0.0,-1.53537]},"44":{"weight":1.0,"played":[0.5144,0.4856],"evs":[0.0,-0.24057]},"54o":{"weight":1.0,"played":[0.9779,0.0221],"evs":[0.0,-1.11378]},"64o":{"weight":1.0,"played":[0.9815,0.0185],"evs":[0.0,-1.39091]},"74o":{"weight":1.0,"played":[0.9985,0.0015],"evs":[0.0,-2.84366]},"84o":{"weight":1.0,"played":[0.9849,0.0151],"evs":[0.0,-1.92714]},"94o":{"weight":1.0,"played":[0.9994,6.0E-4],"evs":[0.0,-1.72787]},"T4o":{"weight":1.0,"played":[0.9406,0.0594],"evs":[0.0,-1.20915]},"J4o":{"weight":1.0,"played":[0.5503,0.4497],"evs":[0.0,0.26053]},"Q4o":{"weight":1.0,"played":[0.4479,0.5521],"evs":[0.0,0.48964]},"K4o":{"weight":1.0,"played":[0.0028,0.9972],"evs":[0.0,0.56978]},"A4o":{"weight":1.0,"played":[0.0446,0.9554],"evs":[0.0,1.47993]},"52s":{"weight":1.0,"played":[0.9623,0.0377],"evs":[0.0,-2.51694]},"53s":{"weight":1.0,"played":[0.9268,0.0732],"evs":[0.0,-2.47943]},"54s":{"weight":1.0,"played":[0.9911,0.0089],"evs":[0.0,-0.6209]},"55":{"weight":1.0,"played":[0.0084,0.9916],"evs":[0.0,1.94043]},"65o":{"weight":1.0,"played":[0.7989,0.2011],"evs":[0.0,-0.41268]},"75o":{"weight":1.0,"played":[0.9973,0.0027],"evs":[0.0,-1.72202]},"85o":{"weight":1.0,"played":[0.9964,0.0036],"evs":[0.0,-2.09253]},"95o":{"weight":1.0,"played":[0.9576,0.0424],"evs":[0.0,-0.15395]},"T5o":{"weight":1.0,"played":[0.5528,0.4472],"evs":[0.0,-0.21235]},"J5o":{"weight":1.0,"played":[0.9805,0.0195],"evs":[0.0,-0.11175]},"Q5o":{"weight":1.0,"played":[0.4693,0.5307],"evs":[0.0,-0.4321]},"K5o":{"weight":1.0,"played":[0.0055,0.9945],"evs":[0.0,1.48282]},"A5o":{"weight":1.0,"played":[6.0E-4,0.9994],"evs":[0.0,1.99883]},"62s":{"weight":1.0,"played":[0.993,0.007],"evs":[0.0,-1.59771]},"63s":{"weight":1.0,"played":[0.5807,0.4193],"evs":[0.0,-0.32247]},"64s":{"weight":1.0,"played":[0.3057,0.6943],"evs":[0.0,2.39008]},"65s":{"weight":1.0,"played":[0.8199,0.1801],"evs":[0.0,-1.61119]},"66":{"weight":1.0,"played":[0.0118,0.9882],"evs":[0.0,1.38945]},"76o":{"weight":1.0,"played":[0.9884,0.0116],"evs":[0.0,-1.81958]},"86o":{"weight":1.0,"played":[0.1199,0.8801],"evs":[0.0,-0.02197]},"96o":{"weight":1.0,"played":[0.7076,0.2924],"evs":[0.0,-0.07782]},"T6o":{"weight":1.0,"played":[0.9225,0.0775],"evs":[0.0,-0.5894]},"J6o":{"weight":1.0,"played":[0.9942,0.0058],"evs":[0.0,-0.60905]},"Q6o":{"weight":1.0,"played":[0.0771,0.9229],"evs":[0.0,1.14989]},"K6o":{"weight":1.0,"played":[0.0012,0.9988],"evs":[0.0,1.1027]},"A6o":{"weight":1.0,"played":[0.0016,0.9984],"evs":[0.0,1.27154]},"72s":{"weight":1.0,"played":[0.9485,0.0515],"evs":[0.0,-1.71038]},"73s":{"weight":1.0,"played":[0.9924,0.0076],"evs":[0.0,-3.77203]},"74s":{"weight":1.0,"played":[0.8809,0.1191],"evs":[0.0,-1.53497]},"75s":{"weight":1.0,"played":[0.9523,0.0477],"evs":[0.0,-1.20779]},"76s":{"weight":1.0,"played":[0.7109,0.2891],"evs":[0.0,-0.06631]},"77":{"weight":1.0,"played":[0.1795,0.8205],"evs":[0.0,9.6E-4]},"87o":{"weight":1.0,"played":[0.4072,0.5928],"evs":[0.0,0.18657]},"97o":{"weight":1.0,"played":[0.2005,0.7995],"evs":[0.0,0.91904]},"T7o":{"weight":1.0,"played":[0.0416,0.9584],"evs":[0.0,1.27809]},"J7o":{"weight":1.0,"played":[0.2276,0.7724],"evs":[0.0,0.61288]},"Q7o":{"weight":1.0,"played":[0.3545,0.6455],"evs":[0.0,0.16544]},"K7o":{"weight":1.0,"played":[0.097,0.903],"evs":[0.0,0.7561]},"A7o":{"weight":1.0,"played":[0.0162,0.9838],"evs":[0.0,2.22035]},"82s":{"weight":1.0,"played":[0.9519,0.0481],"evs":[0.0,-1.88126]},"83s":{"weight":1.0,"played":[0.3813,0.6187],"evs":[0.0,-0.93029]},"84s":{"weight":1.0,"played":[0.7414,0.2586],"evs":[0.0,-1.09274]},"85s":{"weight":1.0,"played":[0.7077,0.2923],"evs":[0.0,-0.20463]},"86s":{"weight":1.0,"played":[0.1662,0.8338],"evs":[0.0,0.45022]},"87s":{"weight":1.0,"played":[0.3244,0.6756],"evs":[0.0,0.2142]},"88":{"weight":1.0,"played":[0.0027,0.9973],"evs":[0.0,4.25837]},"98o":{"weight":1.0,"played":[0.0188,0.9812],"evs":[0.0,0.68233]},"T8o":{"weight":1.0,"played":[0.1818,0.8182],"evs":[0.0,0.63703]},"J8o":{"weight":1.0,"played":[0.0516,0.9484],"evs":[0.0,0.39689]},"Q8o":{"weight":1.0,"played":[0.0952,0.9048],"evs":[0.0,0.87376]},"K8o":{"weight":1.0,"played":[0.0324,0.9676],"evs":[0.0,2.35894]},"A8o":{"weight":1.0,"played":[1.0E-4,0.9999],"evs":[0.0,3.10838]},"92s":{"weight":1.0,"played":[0.8266,0.1734],"evs":[0.0,-1.08843]},"93s":{"weight":1.0,"played":[0.6649,0.3351],"evs":[0.0,-0.86365]},"94s":{"weight":1.0,"played":[0.7228,0.2772],"evs":[0.0,-0.95199]},"95s":{"weight":1.0,"played":[0.8691,0.1309],"evs":[0.0,-2.85047]},"96s":{"weight":1.0,"played":[0.3499,0.6501],"evs":[0.0,0.43324]},"97s":{"weight":1.0,"played":[0.5947,0.4053],"evs":[0.0,0.18948]},"98s":{"weight":1.0,"played":[0.6588,0.3412],"evs":[0.0,-0.15214]},"99":{"weight":1.0,"played":[0.0014,0.9986],"evs":[0.0,5.37158]},"T9o":{"weight":1.0,"played":[1.0E-4,0.9999],"evs":[0.0,1.57366]},"J9o":{"weight":1.0,"played":[0.0045,0.9955],"evs":[0.0,1.26478]},"Q9o":{"weight":1.0,"played":[0.0118,0.9882],"evs":[0.0,0.92279]},"K9o":{"weight":1.0,"played":[0.0385,0.9615],"evs":[0.0,1.74755]},"A9o":{"weight":1.0,"played":[1.0E-4,0.9999],"evs":[0.0,2.61447]},"T2s":{"weight":1.0,"played":[0.9964,0.0036],"evs":[0.0,-1.68368]},"T3s":{"weight":1.0,"played":[0.746,0.254],"evs":[0.0,0.65881]},"T4s":{"weight":1.0,"played":[0.1301,0.8699],"evs":[0.0,0.50006]},"T5s":{"weight":1.0,"played":[0.6071,0.3929],"evs":[0.0,1.53448]},"T6s":{"weight":1.0,"played":[0.1898,0.8102],"evs":[0.0,1.67816]},"T7s":{"weight":1.0,"played":[0.2349,0.7651],"evs":[0.0,1.87684]},"T8s":{"weight":1.0,"played":[0.0518,0.9482],"evs":[0.0,3.34832]},"T9s":{"weight":1.0,"played":[0.0266,0.9734],"evs":[0.0,3.42128]},"TT":{"weight":1.0,"played":[2.0E-4,0.9998],"evs":[0.0,3.16031]},"JTo":{"weight":1.0,"played":[0.015,0.985],"evs":[0.0,1.46425]},"QTo":{"weight":1.0,"played":[0.0062,0.9938],"evs":[0.0,0.52124]},"KTo":{"weight":1.0,"played":[0.0018,0.9982],"evs":[0.0,3.17858]},"ATo":{"weight":1.0,"played":[0.0,1.0],"evs":[0.0,2.91472]},"J2s":{"weight":1.0,"played":[0.5384,0.4616],"evs":[0.0,-1.21018]},"J3s":{"weight":1.0,"played":[0.6775,0.3225],"evs":[0.0,0.47053]},"J4s":{"weight":1.0,"played":[0.7337,0.2663],"evs":[0.0,0.25869]},"J5s":{"weight":1.0,"played":[0.0094,0.9906],"evs":[0.0,1.22398]},"J6s":{"weight":1.0,"played":[0.3755,0.6245],"evs":[0.0,1.42326]},"J7s":{"weight":1.0,"played":[0.3791,0.6209],"evs":[0.0,0.78695]},"J8s":{"weight":1.0,"played":[0.0066,0.9934],"evs":[0.0,2.79453]},"J9s":{"weight":1.0,"played":[9.0E-4,0.9991],"evs":[0.0,1.24942]},"JTs":{"weight":1.0,"played":[0.1871,0.8129],"evs":[0.0,0.52804]},"JJ":{"weight":1.0,"played":[2.0E-4,0.9998],"evs":[0.0,6.43588]},"QJo":{"weight":1.0,"played":[6.0E-4,0.9994],"evs":[0.0,1.60632]},"KJo":{"weight":1.0,"played":[0.0024,0.9976],"evs":[0.0,2.3254]},"AJo":{"weight":1.0,"played":[1.0E-4,0.9999],"evs":[0.0,2.80087]},"Q2s":{"weight":1.0,"played":[0.2307,0.7693],"evs":[0.0,0.12285]},"Q3s":{"weight":1.0,"played":[0.7055,0.2945],"evs":[0.0,-0.83075]},"Q4s":{"weight":1.0,"played":[0.1931,0.8069],"evs":[0.0,0.71068]},"Q5s":{"weight":1.0,"played":[0.1409,0.8591],"evs":[0.0,1.90898]},"Q6s":{"weight":1.0,"played":[0.1636,0.8364],"evs":[0.0,0.1313]},"Q7s":{"weight":1.0,"played":[0.5508,0.4492],"evs":[0.0,-0.58073]},"Q8s":{"weight":1.0,"played":[0.1375,0.8625],"evs":[0.0,2.50435]},"Q9s":{"weight":1.0,"played":[0.0624,0.9376],"evs":[0.0,2.841]},"QTs":{"weight":1.0,"played":[0.0397,0.9603],"evs":[0.0,3.04198]},"QJs":{"weight":1.0,"played":[0.0023,0.9977],"evs":[0.0,2.74321]},"QQ":{"weight":1.0,"played":[0.0,1.0],"evs":[0.0,6.36556]},"KQo":{"weight":1.0,"played":[0.0019,0.9981],"evs":[0.0,3.68935]},"AQo":{"weight":1.0,"played":[2.0E-4,0.9998],"evs":[0.0,3.57523]},"K2s":{"weight":1.0,"played":[0.3456,0.6544],"evs":[0.0,0.49298]},"K3s":{"weight":1.0,"played":[0.7295,0.2705],"evs":[0.0,-1.60419]},"K4s":{"weight":1.0,"played":[0.0365,0.9635],"evs":[0.0,2.9867]},"K5s":{"weight":1.0,"played":[0.142,0.858],"evs":[0.0,-0.26471]},"K6s":{"weight":1.0,"played":[0.7302,0.2698],"evs":[0.0,-0.23299]},"K7s":{"weight":1.0,"played":[0.0778,0.9222],"evs":[0.0,2.56909]},"K8s":{"weight":1.0,"played":[0.1929,0.8071],"evs":[0.0,2.89117]},"K9s":{"weight":1.0,"played":[0.0073,0.9927],"evs":[0.0,3.79643]},"KTs":{"weight":1.0,"played":[0.0531,0.9469],"evs":[0.0,2.17211]},"KJs":{"weight":1.0,"played":[0.023,0.977],"evs":[0.0,2.51255]},"KQs":{"weight":1.0,"played":[0.0046,0.9954],"evs":[0.0,3.80163]},"KK":{"weight":1.0,"played":[5.0E-4,0.9995],"evs":[0.0,7.98809]},"AKo":{"weight":1.0,"played":[0.0034,0.9966],"evs":[0.0,4.07689]},"A2s":{"weight":1.0,"played":[0.0105,0.9895],"evs":[0.0,1.70694]},"A3s":{"weight":1.0,"played":[0.8397,0.1603],"evs":[0.0,-0.43322]},"A4s":{"weight":1.0,"played":[0.0305,0.9695],"evs":[0.0,2.09641]},"A5s":{"weight":1.0,"played":[0.0553,0.9447],"evs":[0.0,0.90919]},"A6s":{"weight":1.0,"played":[0.0311,0.9689],"evs":[0.0,0.12228]},"A7s":{"weight":1.0,"played":[0.0037,0.9963],"evs":[0.0,3.81268]},"A8s":{"weight":1.0,"played":[0.0083,0.9917],"evs":[0.0,1.17857]},"A9s":{"weight":1.0,"played":[0.0024,0.9976],"evs":[0.0,4.41731]},"ATs":{"weight":1.0,"played":[0.0,1.0],"evs":[0.0,1.53046]},"AJs":{"weight":1.0,"played":[0.0,1.0],"evs":[0.0,2.76995]},"AQs":{"weight":1.0,"played":[1.0E-4,0.9999],"evs":[0.0,3.17131]},"AKs":{"weight":1.0,"played":[0.0051,0.9949],"evs":[0.0,3.87929]},"AA":{"weight":1.0,"played":[0.0016,0.9984],"evs":[0.0,8.49335]}}}