{"player":5,"street":0,"children":2,"sequence":[{"player":0,"type":"F","amount":0,"street":0},{"player":1,"type":"C","amount":1120000,"street":0},{"player":2,"type":"R","amount":4000000,"street":0},{"player":3,"type":"F","amount":0,"street":0},{"player":4,"type":"F","amount":0,"street":0}],"actions":[{"type":"F","amount":0},{"type":"C","amount":800000}],"hands":{"22":{"weight":1.0,"played":[0.0,1.0],"evs":[0.0,4.14492]},"32o":{"weight":1.0,"played":[0.0045,0.9955],"evs":[0.0,1.10184]},"42o":{"weight":1.0,"played":[0.0,1.0],"evs":[0.0,1.76744]},"52o":{"weight":1.0,"played":[0.0011,0.9989],"evs":[0.0,1.45429]},"62o":{"weight":1.0,"played":[0.0063,0.9937],"evs":[0.0,1.98378]},"72o":{"weight":1.0,"played":[5.0E-4,0.9995],"evs":[0.0,2.00121]},"82o":{"weight":1.0,"played":[0.0026,0.9974],"evs":[0.0,1.32432]},"92o":{"weight":1.0,"played":[5.0E-4,0.9995],"evs":[0.0,2.83333]},"T2o":{"weight":1.0,"played":[3.0E-4,0.9997],"evs":[0.0,2.02177]},"J2o":{"weight":1.0,"played":[0.0014,0.9986],"evs":[0.0,1.9298]},"Q2o":{"weight":1.0,"played":[4.0E-4,0.9996],"evs":[0.0,1.92949]},"K2o":{"weight":1.0,"played":[0.0056,0.9944],"evs":[0.0,3.05433]},"A2o":{"weight":1.0,"played":[0.0,1.0],"evs":[0.0,3.2708]},"32s":{"weight":1.0,"played":[0.1355,0.8645],"evs":[0.0,2.96147]},"33":{"weight":1.0,"played":[0.0,1.0],"evs":[0.0,2.65462]},"43o":{"weight":1.0,"played":[0.0,1.0],"evs":[0.0,2.97839]},"53o":{"weight":1.0,"played":[9.0E-4,0.9991],"evs":[0.0,2.30908]},"63o":{"weight":1.0,"played":[8.0E-4,0.9992],"evs":[0.0,1.94201]},"73o":{"weight":1.0,"played":[0.0,1.0],"evs":[0.0,2.99087]},"83o":{"weight":1.0,"played":[0.0,1.0],"evs":[0.0,1.90401]},"93o":{"weight":1.0,"played":[3.0E-4,0.9997],"evs":[0.0,2.31483]},"T3o":{"weight":1.0,"played":[0.0,1.0],"evs":[0.0,1.97505]},"J3o":{"weight":1.0,"played":[0.0064,0.9936],"evs":[0.0,2.28621]},"Q3o":{"weight":1.0,"played":[0.0023,0.9977],"evs":[0.0,2.78826]},"K3o":{"weight":1.0,"played":[0.0,1.0],"evs":[0.0,3.01393]},"A3o":{"weight":1.0,"played":[0.0,1.0],"evs":[0.0,3.31838]},"42s":{"weight":1.0,"played":[0.1048,0.8952],"evs":[0.0,0.74697]},"43s":{"weight":1.0,"played":[0.0022,0.9978],"evs":[0.0,2.72614]},"44":{"weight":1.0,"played":[0.0087,0.9913],"evs":[0.0,4.17505]},"54o":{"weight":1.0,"played":[2.0E-4,0.9998],"evs":[0.0,2.9799]},"64o":{"weight":1.0,"played":[0.0023,0.9977],"evs":[0.0,0.68456]},"74o":{"weight":1.0,"played":[0.0,1.0],"evs":[0.0,2.52333]},"84o":{"weight":1.0,"played":[0.0,1.0],"evs":[0.0,3.12245]},"94o":{"weight":1.0,"played":[0.0015,0.9985],"evs":[0.0,1.81305]},"T4o":{"weight":1.0,"played":[0.0,1.0],"evs":[0.0,2.23536]},"J4o":{"weight":1.0,"played":[4.0E-4,0.9996],"evs":[0.0,2.62611]},"Q4o":{"weight":1.0,"played":[0.0011,0.9989],"evs":[0.0,2.84611]},"K4o":{"weight":1.0,"played":[0.0,1.0],"evs":[0.0,3.00576]},"A4o":{"weight":1.0,"played":[0.0,1.0],"evs":[0.0,2.98367]},"52s":{"weight":1.0,"played":[0.006,0.994],"evs":[0.0,1.24131]},"53s":{"weight":1.0,"played":[0.0034,0.9966],"evs":[0.0,1.38744]},"54s":{"weight":1.0,"played":[0.0204,0.9796],"evs":[0.0,3.7557]},"55":{"weight":1.0,"played":[0.003,0.997],"evs":[0.0,2.92258]},"65o":{"weight":1.0,"played":[0.0,1.0],"evs":[0.0,2.98233]},"75o":{"weight":1.0,"played":[0.0,1.0],"evs":[0.0,2.83284]},"85o":{"weight":1.0,"played":[0.0016,0.9984],"evs":[0.0,2.19766]},"95o":{"weight":1.0,"played":[5.0E-4,0.9995],"evs":[0.0,2.89725]},"T5o":{"weight":1.0,"played":[0.0028,0.9972],"evs":[0.0,3.23041]},"J5o":{"weight":1.0,"played":[0.0016,0.9984],"evs":[0.0,3.05046]},"Q5o":{"weight":1.0,"played":[0.0,1.0],"evs":[0.0,3.75296]},"K5o":{"weight":1.0,"played":[0.0013,0.9987],"evs":[0.0,2.59937]},"A5o":{"weight":1.0,"played":[0.0,1.0],"evs":[0.0,3.10891]},"62s":{"weight":1.0,"played":[0.0174,0.9826],"evs":[0.0,3.79251]},"63s":{"weight":1.0,"played":[0.0,1.0],"evs":[0.0,2.34455]},"64s":{"weight":1.0,"played":[0.0024,0.9976],"evs":[0.0,2.83963]},"65s":{"weight":1.0,"played":[0.0121,0.9879],"evs":[0.0,4.09625]},"66":{"weight":1.0,"played":[7.0E-4,0.9993],"evs":[0.0,3.81224]},"76o":{"weight":1.0,"played":[4.0E-4,0.9996],"evs":[0.0,3.15997]},"86o":{"weight":1.0,"played":[0.0011,0.9989],"evs":[0.0,2.1789]},"96o":{"weight":1.0,"played":[0.0,1.0],"evs":[0.0,2.73478]},"T6o":{"weight":1.0,"played":[7.0E-4,0.9993],"evs":[0.0,2.46552]},"J6o":{"weight":1.0,"played":[1.0E-4,0.9999],"evs":[0.0,1.05354]},"Q6o":{"weight":1.0,"played":[5.0E-4,0.9995],"evs":[0.0,2.66692]},"K6o":{"weight":1.0,"played":[2.0E-4,0.9998],"evs":[0.0,3.92843]},"A6o":{"weight":1.0,"played":[6.0E-4,0.9994],"evs":[0.0,3.91713]},"72s":{"weight":1.0,"played":[0.0,1.0],"evs":[0.0,3.64807]},"73s":{"weight":1.0,"played":[0.0,1.0],"evs":[0.0,3.78777]},"74s":{"weight":1.0,"played":[0.1292,0.8708],"evs":[0.0,1.05865]},"75s":{"weight":1.0,"played":[0.0,1.0],"evs":[0.0,3.39131]},"76s":{"weight":1.0,"played":[0.0022,0.9978],"evs":[0.0,2.80066]},"77":{"weight":1.0,"played":[0.0,1.0],"evs":[0.0,4.58543]},"87o":{"weight":1.0,"played":[0.0014,0.9986],"evs":[0.0,2.88052]},"97o":{"weight":1.0,"played":[0.0,1.0],"evs":[0.0,2.18373]},"T7o":{"weight":1.0,"played":[0.002,0.998],"evs":[0.0,2.74463]},"J7o":{"weight":1.0,"played":[6.0E-4,0.9994],"evs":[0.0,2.66406]},"Q7o":{"weight":1.0,"played":[2.0E-4,0.9998],"evs":[0.0,2.31368]},"K7o":{"weight":1.0,"played":[1.0E-4,0.9999],"evs":[0.0,1.87522]},"A7o":{"weight":1.0,"played":[0.0,1.0],"evs":[0.0,3.668]},"82s":{"weight":1.0,"played":[0.0354,0.9646],"evs":[0.0,2.86459]},"83s":{"weight":1.0,"played":[0.0,1.0],"evs":[0.0,1.41844]},"84s":{"weight":1.0,"played":[0.0036,0.9964],"evs":[0.0,2.80041]},"85s":{"weight":1.0,"played":[0.005,0.995],"evs":[0.0,3.72018]},"86s":{"weight":1.0,"played":[0.0143,0.9857],"evs":[0.0,2.93611]},"87s":{"weight":1.0,"played":[0.0128,0.9872],"evs":[0.0,3.97903]},"88":{"weight":1.0,"played":[0.0,1.0],"evs":[0.0,3.14338]},"98o":{"weight":1.0,"played":[5.0E-4,0.9995],"evs":[0.0,2.66483]},"T8o":{"weight":1.0,"played":[0.0,1.0],"evs":[0.0,2.62304]},"J8o":{"weight":1.0,"played":[5.0E-4,0.9995],"evs":[0.0,2.964]},"Q8o":{"weight":1.0,"played":[3.0E-4,0.9997],"evs":[0.0,3.24079]},"K8o":{"weight":1.0,"played":[0.0,1.0],"evs":[0.0,3.54492]},"A8o":{"weight":1.0,"played":[0.0,1.0],"evs":[0.0,3.15641]},"92s":{"weight":1.0,"played":[0.0,1.0],"evs":[0.0,2.67874]},"93s":{"weight":1.0,"played":[0.1191,0.8809],"evs":[0.0,1.23675]},"94s":{"weight":1.0,"played":[0.0115,0.9885],"evs":[0.0,2.52644]},"95s":{"weight":1.0,"played":[0.0,1.0],"evs":[0.0,2.81524]},"96s":{"weight":1.0,"played":[0.0147,0.9853],"evs":[0.0,3.60888]},"97s":{"weight":1.0,"played":[0.0,1.0],"evs":[0.0,2.62466]},"98s":{"weight":1.0,"played":[0.0,1.0],"evs":[0.0,2.1907]},"99":{"weight":1.0,"played":[0.0,1.0],"evs":[0.0,6.19986]},"T9o":{"weight":1.0,"played":[0.0,1.0],"evs":[0.0,2.01547]},"J9o":{"weight":1.0,"played":[0.0011,0.9989],"evs":[0.0,2.69085]},"Q9o":{"weight":1.0,"played":[9.0E-4,0.9991],"evs":[0.0,3.12986]},"K9o":{"weight":1.0,"played":[0.0,1.0],"evs":[0.0,2.74818]},"A9o":{"weight":1.0,"played":[0.0,1.0],"evs":[0.0,4.04564]},"T2s":{"weight":1.0,"played":[0.0267,0.9733],"evs":[0.0,2.30268]},"T3s":{"weight":1.0,"played":[0.0036,0.9964],"evs":[0.0,0.81374]},"T4s":{"weight":1.0,"played":[0.0,1.0],"evs":[0.0,1.90627]},"T5s":{"weight":1.0,"played":[0.0731,0.9269],"evs":[0.0,1.83908]},"T6s":{"weight":1.0,"played":[0.0092,0.9908],"evs":[0.0,3.3898]},"T7s":{"weight":1.0,"played":[0.0017,0.9983],"evs":[0.0,3.51823]},"T8s":{"weight":1.0,"played":[0.0025,0.9975],"evs":[0.0,2.0558]},"T9s":{"weight":1.0,"played":[0.0028,0.9972],"evs":[0.0,4.97878]},"TT":{"weight":1.0,"played":[0.0,1.0],"evs":[0.0,5.30181]},"JTo":{"weight":1.0,"played":[0.0,1.0],"evs":[0.0,3.39545]},"QTo":{"weight":1.0,"played":[0.0,1.0],"evs":[0.0,1.81041]},"KTo":{"weight":1.0,"played":[0.0,1.0],"evs":[0.0,4.75676]},"ATo":{"weight":1.0,"played":[0.0,1.0],"evs":[0.0,3.95578]},"J2s":{"weight":1.0,"played":[0.1264,0.8736],"evs":[0.0,1.9345]},"J3s":{"weight":1.0,"played":[0.0081,0.9919],"evs":[0.0,3.75055]},"J4s":{"weight":1.0,"played":[0.0,1.0],"evs":[0.0,1.95311]},"J5s":{"weight":1.0,"played":[0.0347,0.9653],"evs":[0.0,1.86166]},"J6s":{"weight":1.0,"played":[4.0E-4,0.9996],"evs":[0.0,2.94348]},"J7s":{"weight":1.0,"played":[0.0,1.0],"evs":[0.0,2.85762]},"J8s":{"weight":1.0,"played":[0.0,1.0],"evs":[0.0,3.44417]},"J9s":{"weight":1.0,"played":[0.0015,0.9985],"evs":[0.0,4.26484]},"JTs":{"weight":1.0,"played":[0.0061,0.9939],"evs":[0.0,5.27681]},"JJ":{"weight":1.0,"played":[0.0,1.0],"evs":[0.0,5.77457]},"QJo":{"weight":1.0,"played":[0.0,1.0],"evs":[0.0,3.69425]},"KJo":{"weight":1.0,"played":[0.0,1.0],"evs":[0.0,4.04776]},"AJo":{"weight":1.0,"played":[7.0E-4,0.9993],"evs":[0.0,4.42287]},"Q2s":{"weight":1.0,"played":[0.0032,0.9968],"evs":[0.0,2.13629]},"Q3s":{"weight":1.0,"played":[0.0,1.0],"evs":[0.0,2.91623]},"Q4s":{"weight":1.0,"played":[0.0,1.0],"evs":[0.0,1.99186]},"Q5s":{"weight":1.0,"played":[0.0,1.0],"evs":[0.0,2.44985]},"Q6s":{"weight":1.0,"played":[0.0326,0.9674],"evs":[0.0,2.33644]},"Q7s":{"weight":1.0,"played":[0.0023,0.9977],"evs":[0.0,3.67058]},"Q8s":{"weight":1.0,"played":[0.0034,0.9966],"evs":[0.0,3.73607]},"Q9s":{"weight":1.0,"played":[0.0627,0.9373],"evs":[0.0,3.345]},"QTs":{"weight":1.0,"played":[0.0,1.0],"evs":[0.0,2.33186]},"QJs":{"weight":1.0,"played":[0.0018,0.9982],"evs":[0.0,4.87268]},"QQ":{"weight":1.0,"played":[0.0014,0.9986],"evs":[0.0,5.79554]},"KQo":{"weight":1.0,"played":[0.0,1.0],"evs":[0.0,3.75475]},"AQo":{"weight":1.0,"played":[6.0E-4,0.9994],"evs":[0.0,5.39889]},"K2s":{"weight":1.0,"played":[0.0227,0.9773],"evs":[0.0,3.28365]},"K3s":{"weight":1.0,"played":[0.0051,0.9949],"evs":[0.0,5.96151]},"K4s":{"weight":1.0,"played":[0.0,1.0],"evs":[0.0,3.72422]},"K5s":{"weight":1.0,"played":[0.0,1.0],"evs":[0.0,3.80971]},"K6s":{"weight":1.0,"played":[0.0,1.0],"evs":[0.0,4.56187]},"K7s":{"weight":1.0,"played":[0.0053,0.9947],"evs":[0.0,2.47815]},"K8s":{"weight":1.0,"played":[0.0036,0.9964],"evs":[0.0,3.81961]},"K9s":{"weight":1.0,"played":[9.0E-4,0.9991],"evs":[0.0,3.19911]},"KTs":{"weight":1.0,"played":[0.0308,0.9692],"evs":[0.0,2.6404]},"KJs":{"weight":1.0,"played":[0.0155,0.9845],"evs":[0.0,4.85417]},"KQs":{"weight":1.0,"played":[0.0,1.0],"evs":[0.0,3.52312]},"KK":{"weight":1.0,"played":[0.0,1.0],"evs":[0.0,6.76159]},"AKo":{"weight":1.0,"played":[0.0,1.0],"evs":[0.0,5.71659]},"A2s":{"weight":1.0,"played":[0.0483,0.9517],"evs":[0.0,4.00088]},"A3s":{"weight":1.0,"played":[0.0,1.0],"evs":[0.0,4.18926]},"A4s":{"weight":1.0,"played":[0.0069,0.9931],"evs":[0.0,2.8108]},"A5s":{"weight":1.0,"played":[0.0125,0.9875],"evs":[0.0,1.96675]},"A6s":{"weight":1.0,"played":[0.0,1.0],"evs":[0.0,3.53078]},"A7s":{"weight":1.0,"played":[0.0,1.0],"evs":[0.0,2.88166]},"A8s":{"weight":1.0,"played":[0.0,1.0],"evs":[0.0,4.50603]},"A9s":{"weight":1.0,"played":[0.0012,0.9988],"evs":[0.0,4.16945]},"ATs":{"weight":1.0,"played":[0.0,1.0],"evs":[0.0,4.25305]},"AJs":{"weight":1.0,"played":[0.015,0.985],"evs":[0.0,5.78372]},"AQs":{"weight":1.0,"played":[0.0,1.0],"evs":[0.0,5.61604]},"AKs":{"weight":1.0,"played":[0.0,1.0],"evs":[0.0,4.79991]},"AA":{"weight":1.0,"played":[0.0,1.0],"evs":[0.0,8.22377]}}}