{"player":4,"street":0,"children":2,"sequence":[{"player":0,"type":"F","amount":0,"street":0},{"player":1,"type":"C","amount":1120000,"street":0},{"player":2,"type":"R","amount":4000000,"street":0},{"player":3,"type":"C","amount":4000000,"street":0}],"actions":[{"type":"F","amount":0,"node":26},{"type":"C","amount":1440000,"node":28}],"hands":{"22":{"weight":1.0,"played":[0.9706,0.0294],"evs":[0.0,-0.88581]},"32o":{"weight":1.0,"played":[0.9995,5.0E-4],"evs":[0.0,-1.5069]},"42o":{"weight":1.0,"played":[0.9998,2.0E-4],"evs":[0.0,-1.45042]},"52o":{"weight":1.0,"played":[0.9983,0.0017],"evs":[0.0,-1.66918]},"62o":{"weight":1.0,"played":[0.9982,0.0018],"evs":[0.0,-1.20699]},"72o":{"weight":1.0,"played":[0.9975,0.0025],"evs":[0.0,-1.34843]},"82o":{"weight":1.0,"played":[0.9987,0.0013],"evs":[0.0,-1.47969]},"92o":{"weight":1.0,"played":[0.9992,8.0E-4],"evs":[0.0,-1.48895]},"T2o":{"weight":1.0,"played":[0.9998,2.0E-4],"evs":[0.0,-0.99417]},"J2o":{"weight":1.0,"played":[0.9996,4.0E-4],"evs":[0.0,-1.15252]},"Q2o":{"weight":1.0,"played":[0.9655,0.0345],"evs":[0.0,-0.99281]},"K2o":{"weight":1.0,"played":[0.9894,0.0106],"evs":[0.0,-1.16369]},"A2o":{"weight":1.0,"played":[0.9702,0.0298],"evs":[0.0,-0.93408]},"32s":{"weight":1.0,"played":[0.9645,0.0355],"evs":[0.0,-1.12741]},"33":{"weight":1.0,"played":[0.6436,0.3564],"evs":[0.0,-0.31584]},"43o":{"weight":1.0,"played":[0.9898,0.0102],"evs":[0.0,-0.99372]},"53o":{"weight":1.0,"played":[0.9944,0.0056],"evs":[0.0,-1.09072]},"63o":{"weight":1.0,"played":[0.9995,5.0E-4],"evs":[0.0,-1.38061]},"73o":{"weight":1.0,"played":[0.9991,9.0E-4],"evs":[0.0,-1.22172]},"83o":{"weight":1.0,"played":[0.9998,2.0E-4],"evs":[0.0,-1.51831]},"93o":{"weight":1.0,"played":[0.9999,1.0E-4],"evs":[0.0,-1.47271]},"T3o":{"weight":1.0,"played":[0.9927,0.0073],"evs":[0.0,-1.2269]},"J3o":{"weight":1.0,"played":[0.9995,5.0E-4],"evs":[0.0,-1.16586]},"Q3o":{"weight":1.0,"played":[0.9761,0.0239],"evs":[0.0,-1.11544]},"K3o":{"weight":1.0,"played":[0.9997,3.0E-4],"evs":[0.0,-0.80143]},"A3o":{"weight":1.0,"played":[0.9343,0.0657],"evs":[0.0,-0.67653]},"42s":{"weight":1.0,"played":[0.9932,0.0068],"evs":[0.0,-1.22481]},"43s":{"weight":1.0,"played":[0.7099,0.2901],"evs":[0.0,-0.68192]},"44":{"weight":1.0,"played":[0.9445,0.0555],"evs":[0.0,-0.59561]},"54o":{"weight":1.0,"played":[0.95,0.05],"evs":[0.0,-0.66855]},"64o":{"weight":1.0,"played":[0.9914,0.0086],"evs":[0.0,-0.96509]},"74o":{"weight":1.0,"played":[0.9967,0.0033],"evs":[0.0,-0.76757]},"84o":{"weight":1.0,"played":[0.9951,0.0049],"evs":[0.0,-0.89454]},"94o":{"weight":1.0,"played":[0.9999,1.0E-4],"evs":[0.0,-1.17632]},"T4o":{"weight":1.0,"played":[0.9996,4.0E-4],"evs":[0.0,-1.309]},"J4o":{"weight":1.0,"played":[0.9975,0.0025],"evs":[0.0,-0.93823]},"Q4o":{"weight":1.0,"played":[0.9851,0.0149],"evs":[0.0,-0.89417]},"K4o":{"weight":1.0,"played":[0.9993,7.0E-4],"evs":[0.0,-0.95744]},"A4o":{"weight":1.0,"played":[0.9101,0.0899],"evs":[0.0,-0.43777]},"52s":{"weight":1.0,"played":[0.7388,0.2612],"evs":[0.0,-0.465]},"53s":{"weight":1.0,"played":[0.8203,0.1797],"evs":[0.0,-0.47498]},"54s":{"weight":1.0,"played":[0.8713,0.1287],"evs":[0.0,-0.29866]},"55":{"weight":1.0,"played":[0.0553,0.9447],"evs":[0.0,0.45074]},"65o":{"weight":1.0,"played":[0.9825,0.0175],"evs":[0.0,-0.67405]},"75o":{"weight":1.0,"played":[0.9714,0.0286],"evs":[0.0,-0.62167]},"85o":{"weight":1.0,"played":[0.9984,0.0016],"evs":[0.0,-0.72658]},"95o":{"weight":1.0,"played":[0.9947,0.0053],"evs":[0.0,-1.03785]},"T5o":{"weight":1.0,"played":[0.9997,3.0E-4],"evs":[0.0,-1.26889]},"J5o":{"weight":1.0,"played":[0.9377,0.0623],"evs":[0.0,-0.69704]},"Q5o":{"weight":1.0,"played":[0.9895,0.0105],"evs":[0.0,-0.33943]},"K5o":{"weight":1.0,"played":[0.9869,0.0131],"evs":[0.0,-0.59477]},"A5o":{"weight":1.0,"played":[0.9982,0.0018],"evs":[0.0,-0.57821]},"62s":{"weight":1.0,"played":[0.9878,0.0122],"evs":[0.0,-0.40728]},"63s":{"weight":1.0,"played":[0.885,0.115],"evs":[0.0,-0.67482]},"64s":{"weight":1.0,"played":[0.2654,0.7346],"evs":[0.0,0.16484]},"65s":{"weight":1.0,"played":[0.0121,0.9879],"evs":[0.0,0.20366]},"66":{"weight":1.0,"played":[0.0018,0.9982],"evs":[0.0,0.07254]},"76o":{"weight":1.0,"played":[0.9208,0.0792],"evs":[0.0,-0.37861]},"86o":{"weight":1.0,"played":[0.9682,0.0318],"evs":[0.0,-0.42488]},"96o":{"weight":1.0,"played":[0.9685,0.0315],"evs":[0.0,-0.61655]},"T6o":{"weight":1.0,"played":[0.9053,0.0947],"evs":[0.0,-0.8256]},"J6o":{"weight":1.0,"played":[0.9901,0.0099],"evs":[0.0,-0.9499]},"Q6o":{"weight":1.0,"played":[0.9924,0.0076],"evs":[0.0,-0.54134]},"K6o":{"weight":1.0,"played":[0.973,0.027],"evs":[0.0,-0.60193]},"A6o":{"weight":1.0,"played":[0.6276,0.3724],"evs":[0.0,-0.35745]},"72s":{"weight":1.0,"played":[0.9889,0.0111],"evs":[0.0,-1.20323]},"73s":{"weight":1.0,"played":[0.4322,0.5678],"evs":[0.0,0.0636]},"74s":{"weight":1.0,"played":[0.3328,0.6672],"evs":[0.0,-0.2731]},"75s":{"weight":1.0,"played":[0.5668,0.4332],"evs":[0.0,-0.20035]},"76s":{"weight":1.0,"played":[0.7477,0.2523],"evs":[0.0,-0.29632]},"77":{"weight":1.0,"played":[0.0,1.0],"evs":[0.0,0.49549]},"87o":{"weight":1.0,"played":[0.9916,0.0084],"evs":[0.0,-0.68946]},"97o":{"weight":1.0,"played":[0.762,0.238],"evs":[0.0,-0.06538]},"T7o":{"weight":1.0,"played":[0.9482,0.0518],"evs":[0.0,-0.62469]},"J7o":{"weight":1.0,"played":[0.9768,0.0232],"evs":[0.0,-0.49346]},"Q7o":{"weight":1.0,"played":[0.8786,0.1214],"evs":[0.0,-0.78609]},"K7o":{"weight":1.0,"played":[0.9814,0.0186],"evs":[0.0,-0.18294]},"A7o":{"weight":1.0,"played":[0.7872,0.2128],"evs":[0.0,-0.48949]},"82s":{"weight":1.0,"played":[0.9407,0.0593],"evs":[0.0,-1.03688]},"83s":{"weight":1.0,"played":[0.9987,0.0013],"evs":[0.0,-0.65601]},"84s":{"weight":1.0,"played":[0.6448,0.3552],"evs":[0.0,-0.21492]},"85s":{"weight":1.0,"played":[0.1903,0.8097],"evs":[0.0,0.33384]},"86s":{"weight":1.0,"played":[0.9289,0.0711],"evs":[0.0,-0.26545]},"87s":{"weight":1.0,"played":[0.189,0.811],"evs":[0.0,0.16387]},"88":{"weight":1.0,"played":[0.0168,0.9832],"evs":[0.0,0.84294]},"98o":{"weight":1.0,"played":[0.9622,0.0378],"evs":[0.0,-0.45713]},"T8o":{"weight":1.0,"played":[0.7837,0.2163],"evs":[0.0,-0.20123]},"J8o":{"weight":1.0,"played":[0.9829,0.0171],"evs":[0.0,-0.2998]},"Q8o":{"weight":1.0,"played":[0.979,0.021],"evs":[0.0,-0.10196]},"K8o":{"weight":1.0,"played":[0.7063,0.2937],"evs":[0.0,-0.22553]},"A8o":{"weight":1.0,"played":[0.8827,0.1173],"evs":[0.0,-0.80142]},"92s":{"weight":1.0,"played":[0.9984,0.0016],"evs":[0.0,-0.44409]},"93s":{"weight":1.0,"played":[0.9997,3.0E-4],"evs":[0.0,-0.56145]},"94s":{"weight":1.0,"played":[0.3059,0.6941],"evs":[0.0,0.28076]},"95s":{"weight":1.0,"played":[0.7735,0.2265],"evs":[0.0,-0.87903]},"96s":{"weight":1.0,"played":[0.8496,0.1504],"evs":[0.0,-0.26189]},"97s":{"weight":1.0,"played":[0.3633,0.6367],"evs":[0.0,-0.20959]},"98s":{"weight":1.0,"played":[0.5416,0.4584],"evs":[0.0,0.27081]},"99":{"weight":1.0,"played":[0.001,0.999],"evs":[0.0,1.20832]},"T9o":{"weight":1.0,"played":[0.6465,0.3535],"evs":[0.0,0.32364]},"J9o":{"weight":1.0,"played":[0.1868,0.8132],"evs":[0.0,0.0836]},"Q9o":{"weight":1.0,"played":[0.9815,0.0185],"evs":[0.0,-0.28883]},"K9o":{"weight":1.0,"played":[0.1967,0.8033],"evs":[0.0,0.18729]},"A9o":{"weight":1.0,"played":[0.0253,0.9747],"evs":[0.0,0.45762]},"T2s":{"weight":1.0,"played":[0.7242,0.2758],"evs":[0.0,0.21882]},"T3s":{"weight":1.0,"played":[0.5799,0.4201],"evs":[0.0,-0.90519]},"T4s":{"weight":1.0,"played":[0.9787,0.0213],"evs":[0.0,-1.32383]},"T5s":{"weight":1.0,"played":[0.3887,0.6113],"evs":[0.0,-0.52947]},"T6s":{"weight":1.0,"played":[0.5438,0.4562],"evs":[0.0,-0.19335]},"T7s":{"weight":1.0,"played":[0.2784,0.7216],"evs":[0.0,0.61568]},"T8s":{"weight":1.0,"played":[0.4757,0.5243],"evs":[0.0,-0.17192]},"T9s":{"weight":1.0,"played":[0.1578,0.8422],"evs":[0.0,0.19044]},"TT":{"weight":1.0,"played":[0.0,1.0],"evs":[0.0,1.25751]},"JTo":{"weight":1.0,"played":[0.6132,0.3868],"evs":[0.0,-0.139]},"QTo":{"weight":1.0,"played":[0.0999,0.9001],"evs":[0.0,0.06035]},"KTo":{"weight":1.0,"played":[6.0E-4,0.9994],"evs":[0.0,0.33629]},"ATo":{"weight":1.0,"played":[0.0175,0.9825],"evs":[0.0,0.45089]},"J2s":{"weight":1.0,"played":[0.8874,0.1126],"evs":[0.0,-0.54903]},"J3s":{"weight":1.0,"played":[0.8913,0.1087],"evs":[0.0,-0.82603]},"J4s":{"weight":1.0,"played":[0.7995,0.2005],"evs":[0.0,-0.55999]},"J5s":{"weight":1.0,"played":[0.9195,0.0805],"evs":[0.0,-0.33249]},"J6s":{"weight":1.0,"played":[0.8937,0.1063],"evs":[0.0,-1.00154]},"J7s":{"weight":1.0,"played":[0.3862,0.6138],"evs":[0.0,0.01557]},"J8s":{"weight":1.0,"played":[0.009,0.991],"evs":[0.0,0.27509]},"J9s":{"weight":1.0,"played":[0.013,0.987],"evs":[0.0,0.53528]},"JTs":{"weight":1.0,"played":[3.0E-4,0.9997],"evs":[0.0,0.2923]},"JJ":{"weight":1.0,"played":[2.0E-4,0.9998],"evs":[0.0,2.07659]},"QJo":{"weight":1.0,"played":[0.0257,0.9743],"evs":[0.0,0.04676]},"KJo":{"weight":1.0,"played":[0.0013,0.9987],"evs":[0.0,0.67973]},"AJo":{"weight":1.0,"played":[0.0011,0.9989],"evs":[0.0,0.71926]},"Q2s":{"weight":1.0,"played":[0.3951,0.6049],"evs":[0.0,-0.00446]},"Q3s":{"weight":1.0,"played":[0.9772,0.0228],"evs":[0.0,-0.8948]},"Q4s":{"weight":1.0,"played":[0.2368,0.7632],"evs":[0.0,-0.38899]},"Q5s":{"weight":1.0,"played":[0.8073,0.1927],"evs":[0.0,-0.47733]},"Q6s":{"weight":1.0,"played":[0.3871,0.6129],"evs":[0.0,-0.11589]},"Q7s":{"weight":1.0,"played":[0.0,1.0],"evs":[0.0,0.5492]},"Q8s":{"weight":1.0,"played":[0.1399,0.8601],"evs":[0.0,0.41079]},"Q9s":{"weight":1.0,"played":[0.0114,0.9886],"evs":[0.0,0.72874]},"QTs":{"weight":1.0,"played":[0.2254,0.7746],"evs":[0.0,0.41728]},"QJs":{"weight":1.0,"played":[0.0343,0.9657],"evs":[0.0,0.65182]},"QQ":{"weight":1.0,"played":[0.0,1.0],"evs":[0.0,2.45689]},"KQo":{"weight":1.0,"played":[0.0118,0.9882],"evs":[0.0,0.93161]},"AQo":{"weight":1.0,"played":[2.0E-4,0.9998],"evs":[0.0,0.82287]},"K2s":{"weight":1.0,"played":[0.5668,0.4332],"evs":[0.0,-0.1515]},"K3s":{"weight":1.0,"played":[0.4605,0.5395],"evs":[0.0,0.11828]},"K4s":{"weight":1.0,"played":[0.7474,0.2526],"evs":[0.0,-0.70087]},"K5s":{"weight":1.0,"played":[0.7359,0.2641],"evs":[0.0,-0.56754]},"K6s":{"weight":1.0,"played":[0.1788,0.8212],"evs":[0.0,-0.01916]},"K7s":{"weight":1.0,"played":[0.0493,0.9507],"evs":[0.0,0.45082]},"K8s":{"weight":1.0,"played":[0.4194,0.5806],"evs":[0.0,0.38196]},"K9s":{"weight":1.0,"played":[0.002,0.998],"evs":[0.0,0.84623]},"KTs":{"weight":1.0,"played":[2.0E-4,0.9998],"evs":[0.0,1.05623]},"KJs":{"weight":1.0,"played":[1.0E-4,0.9999],"evs":[0.0,1.29397]},"KQs":{"weight":1.0,"played":[1.0E-4,0.9999],"evs":[0.0,0.77527]},"KK":{"weight":1.0,"played":[3.0E-4,0.9997],"evs":[0.0,4.21739]},"AKo":{"weight":1.0,"played":[1.0E-4,0.9999],"evs":[0.0,1.35302]},"A2s":{"weight":1.0,"played":[0.8691,0.1309],"evs":[0.0,-0.85478]},"A3s":{"weight":1.0,"played":[0.6577,0.3423],"evs":[0.0,-0.17703]},"A4s":{"weight":1.0,"played":[0.2854,0.7146],"evs":[0.0,0.27965]},"A5s":{"weight":1.0,"played":[0.0085,0.9915],"evs":[0.0,0.90572]},"A6s":{"weight":1.0,"played":[0.2198,0.7802],"evs":[0.0,0.25866]},"A7s":{"weight":1.0,"played":[0.0254,0.9746],"evs":[0.0,0.12581]},"A8s":{"weight":1.0,"played":[0.0834,0.9166],"evs":[0.0,0.71894]},"A9s":{"weight":1.0,"played":[0.627,0.373],"evs":[0.0,-0.08944]},"ATs":{"weight":1.0,"played":[0.0425,0.9575],"evs":[0.0,0.53551]},"AJs":{"weight":1.0,"played":[3.0E-4,0.9997],"evs":[0.0,1.048]},"AQs":{"weight":1.0,"played":[0.0258,0.9742],"evs":[0.0,0.86685]},"AKs":{"weight":1.0,"played":[0.0,1.0],"evs":[0.0,2.04755]},"AA":{"weight":1.0,"played":[0.0,1.0],"evs":[0.0,4.83984]}}}