{"player":5,"street":0,"children":2,"sequence":[{"player":0,"type":"F","amount":0,"street":0},{"player":1,"type":"C","amount":1120000,"street":0},{"player":2,"type":"R","amount":4000000,"street":0},{"player":3,"type":"R","amount":11360000,"street":0},{"player":4,"type":"C","amount":1440000,"street":0}],"actions":[{"type":"F","amount":0},{"type":"C","amount":8160000}],"hands":{"22":{"weight":1.0,"played":[0.0,1.0],"evs":[0.0,2.42746]},"32o":{"weight":1.0,"played":[0.5734,0.4266],"evs":[0.0,0.01208]},"42o":{"weight":1.0,"played":[0.0245,0.9755],"evs":[0.0,0.45164]},"52o":{"weight":1.0,"played":[0.0098,0.9902],"evs":[0.0,0.4998]},"62o":{"weight":1.0,"played":[0.2303,0.7697],"evs":[0.0,0.27926]},"72o":{"weight":1.0,"played":[0.0072,0.9928],"evs":[0.0,0.33303]},"82o":{"weight":1.0,"played":[0.0056,0.9944],"evs":[0.0,0.0448]},"92o":{"weight":1.0,"played":[0.003,0.997],"evs":[0.0,0.62382]},"T2o":{"weight":1.0,"played":[0.0019,0.9981],"evs":[0.0,0.56087]},"J2o":{"weight":1.0,"played":[0.0,1.0],"evs":[0.0,1.07589]},"Q2o":{"weight":1.0,"played":[0.0,1.0],"evs":[0.0,1.44812]},"K2o":{"weight":1.0,"played":[0.0,1.0],"evs":[0.0,1.8775]},"A2o":{"weight":1.0,"played":[0.0,1.0],"evs":[0.0,2.20429]},"32s":{"weight":1.0,"played":[0.0017,0.9983],"evs":[0.0,0.37396]},"33":{"weight":1.0,"played":[0.0,1.0],"evs":[0.0,2.74357]},"43o":{"weight":1.0,"played":[8.0E-4,0.9992],"evs":[0.0,0.47614]},"53o":{"weight":1.0,"played":[0.0013,0.9987],"evs":[0.0,0.99614]},"63o":{"weight":1.0,"played":[2.0E-4,0.9998],"evs":[0.0,0.93308]},"73o":{"weight":1.0,"played":[0.049,0.951],"evs":[0.0,0.4284]},"83o":{"weight":1.0,"played":[0.0039,0.9961],"evs":[0.0,0.35708]},"93o":{"weight":1.0,"played":[0.0011,0.9989],"evs":[0.0,0.45516]},"T3o":{"weight":1.0,"played":[0.0022,0.9978],"evs":[0.0,0.60059]},"J3o":{"weight":1.0,"played":[0.0,1.0],"evs":[0.0,0.9258]},"Q3o":{"weight":1.0,"played":[0.0,1.0],"evs":[0.0,1.37963]},"K3o":{"weight":1.0,"played":[0.0,1.0],"evs":[0.0,1.91857]},"A3o":{"weight":1.0,"played":[1.0E-4,0.9999],"evs":[0.0,2.75032]},"42s":{"weight":1.0,"played":[0.0,1.0],"evs":[0.0,1.01674]},"43s":{"weight":1.0,"played":[0.0018,0.9982],"evs":[0.0,1.64209]},"44":{"weight":1.0,"played":[0.0,1.0],"evs":[0.0,3.52236]},"54o":{"weight":1.0,"played":[9.0E-4,0.9991],"evs":[0.0,1.23383]},"64o":{"weight":1.0,"played":[6.0E-4,0.9994],"evs":[0.0,1.40333]},"74o":{"weight":1.0,"played":[2.0E-4,0.9998],"evs":[0.0,1.04243]},"84o":{"weight":1.0,"played":[5.0E-4,0.9995],"evs":[0.0,1.01035]},"94o":{"weight":1.0,"played":[0.006,0.994],"evs":[0.0,0.73348]},"T4o":{"weight":1.0,"played":[0.0,1.0],"evs":[0.0,1.05712]},"J4o":{"weight":1.0,"played":[7.0E-4,0.9993],"evs":[0.0,1.30995]},"Q4o":{"weight":1.0,"played":[1.0E-4,0.9999],"evs":[0.0,1.57136]},"K4o":{"weight":1.0,"played":[0.0,1.0],"evs":[0.0,2.30082]},"A4o":{"weight":1.0,"played":[0.0,1.0],"evs":[0.0,2.72117]},"52s":{"weight":1.0,"played":[6.0E-4,0.9994],"evs":[0.0,1.11989]},"53s":{"weight":1.0,"played":[6.0E-4,0.9994],"evs":[0.0,1.90202]},"54s":{"weight":1.0,"played":[1.0E-4,0.9999],"evs":[0.0,2.00579]},"55":{"weight":1.0,"played":[1.0E-4,0.9999],"evs":[0.0,3.80063]},"65o":{"weight":1.0,"played":[2.0E-4,0.9998],"evs":[0.0,1.67052]},"75o":{"weight":1.0,"played":[1.0E-4,0.9999],"evs":[0.0,1.59715]},"85o":{"weight":1.0,"played":[1.0E-4,0.9999],"evs":[0.0,1.24622]},"95o":{"weight":1.0,"played":[9.0E-4,0.9991],"evs":[0.0,1.29176]},"T5o":{"weight":1.0,"played":[1.0E-4,0.9999],"evs":[0.0,1.08028]},"J5o":{"weight":1.0,"played":[1.0E-4,0.9999],"evs":[0.0,1.66369]},"Q5o":{"weight":1.0,"played":[0.0,1.0],"evs":[0.0,1.91263]},"K5o":{"weight":1.0,"played":[0.0,1.0],"evs":[0.0,2.32501]},"A5o":{"weight":1.0,"played":[0.0,1.0],"evs":[0.0,2.89521]},"62s":{"weight":1.0,"played":[0.0141,0.9859],"evs":[0.0,0.92527]},"63s":{"weight":1.0,"played":[1.0E-4,0.9999],"evs":[0.0,1.6065]},"64s":{"weight":1.0,"played":[4.0E-4,0.9996],"evs":[0.0,2.02801]},"65s":{"weight":1.0,"played":[1.0E-4,0.9999],"evs":[0.0,1.60825]},"66":{"weight":1.0,"played":[0.0,1.0],"evs":[0.0,4.6829]},"76o":{"weight":1.0,"played":[0.0,1.0],"evs":[0.0,1.70031]},"86o":{"weight":1.0,"played":[0.0,1.0],"evs":[0.0,1.59641]},"96o":{"weight":1.0,"played":[0.0,1.0],"evs":[0.0,1.88499]},"T6o":{"weight":1.0,"played":[1.0E-4,0.9999],"evs":[0.0,1.46877]},"J6o":{"weight":1.0,"played":[0.0,1.0],"evs":[0.0,1.49038]},"Q6o":{"weight":1.0,"played":[0.0,1.0],"evs":[0.0,1.95691]},"K6o":{"weight":1.0,"played":[0.0,1.0],"evs":[0.0,2.64498]},"A6o":{"weight":1.0,"played":[0.0,1.0],"evs":[0.0,2.86885]},"72s":{"weight":1.0,"played":[0.009,0.991],"evs":[0.0,0.98767]},"73s":{"weight":1.0,"played":[0.0063,0.9937],"evs":[0.0,1.22464]},"74s":{"weight":1.0,"played":[0.0,1.0],"evs":[0.0,1.68126]},"75s":{"weight":1.0,"played":[0.0,1.0],"evs":[0.0,1.91995]},"76s":{"weight":1.0,"played":[2.0E-4,0.9998],"evs":[0.0,2.44468]},"77":{"weight":1.0,"played":[0.0,1.0],"evs":[0.0,5.2115]},"87o":{"weight":1.0,"played":[1.0E-4,0.9999],"evs":[0.0,1.91919]},"97o":{"weight":1.0,"played":[0.0,1.0],"evs":[0.0,1.85307]},"T7o":{"weight":1.0,"played":[0.0,1.0],"evs":[0.0,1.80648]},"J7o":{"weight":1.0,"played":[0.0,1.0],"evs":[0.0,1.99878]},"Q7o":{"weight":1.0,"played":[0.0,1.0],"evs":[0.0,2.20395]},"K7o":{"weight":1.0,"played":[0.0,1.0],"evs":[0.0,2.62835]},"A7o":{"weight":1.0,"played":[0.0,1.0],"evs":[0.0,3.129]},"82s":{"weight":1.0,"played":[0.0068,0.9932],"evs":[0.0,0.78941]},"83s":{"weight":1.0,"played":[2.0E-4,0.9998],"evs":[0.0,1.26024]},"84s":{"weight":1.0,"played":[0.0019,0.9981],"evs":[0.0,1.97907]},"85s":{"weight":1.0,"played":[2.0E-4,0.9998],"evs":[0.0,1.95161]},"86s":{"weight":1.0,"played":[0.0,1.0],"evs":[0.0,1.95376]},"87s":{"weight":1.0,"played":[4.0E-4,0.9996],"evs":[0.0,2.98806]},"88":{"weight":1.0,"played":[0.0,1.0],"evs":[0.0,5.22868]},"98o":{"weight":1.0,"played":[0.0,1.0],"evs":[0.0,2.1189]},"T8o":{"weight":1.0,"played":[0.0,1.0],"evs":[0.0,1.98988]},"J8o":{"weight":1.0,"played":[0.0,1.0],"evs":[0.0,2.39005]},"Q8o":{"weight":1.0,"played":[0.0,1.0],"evs":[0.0,2.68772]},"K8o":{"weight":1.0,"played":[0.0,1.0],"evs":[0.0,2.75405]},"A8o":{"weight":1.0,"played":[0.0,1.0],"evs":[0.0,3.26953]},"92s":{"weight":1.0,"played":[0.0157,0.9843],"evs":[0.0,1.1006]},"93s":{"weight":1.0,"played":[0.0022,0.9978],"evs":[0.0,1.83915]},"94s":{"weight":1.0,"played":[0.0043,0.9957],"evs":[0.0,1.55036]},"95s":{"weight":1.0,"played":[0.0011,0.9989],"evs":[0.0,1.8507]},"96s":{"weight":1.0,"played":[0.0,1.0],"evs":[0.0,1.7374]},"97s":{"weight":1.0,"played":[0.0014,0.9986],"evs":[0.0,2.38793]},"98s":{"weight":1.0,"played":[0.0,1.0],"evs":[0.0,2.65769]},"99":{"weight":1.0,"played":[0.0,1.0],"evs":[0.0,6.29315]},"T9o":{"weight":1.0,"played":[0.0,1.0],"evs":[0.0,2.30296]},"J9o":{"weight":1.0,"played":[0.0,1.0],"evs":[0.0,2.68719]},"Q9o":{"weight":1.0,"played":[1.0E-4,0.9999],"evs":[0.0,2.71378]},"K9o":{"weight":1.0,"played":[0.0,1.0],"evs":[0.0,2.99443]},"A9o":{"weight":1.0,"played":[0.0,1.0],"evs":[0.0,3.26047]},"T2s":{"weight":1.0,"played":[2.0E-4,0.9998],"evs":[0.0,1.53027]},"T3s":{"weight":1.0,"played":[3.0E-4,0.9997],"evs":[0.0,1.95325]},"T4s":{"weight":1.0,"played":[0.0,1.0],"evs":[0.0,2.15793]},"T5s":{"weight":1.0,"played":[1.0E-4,0.9999],"evs":[0.0,1.76195]},"T6s":{"weight":1.0,"played":[0.0,1.0],"evs":[0.0,2.34499]},"T7s":{"weight":1.0,"played":[0.0,1.0],"evs":[0.0,2.669]},"T8s":{"weight":1.0,"played":[0.0,1.0],"evs":[0.0,2.78649]},"T9s":{"weight":1.0,"played":[0.0,1.0],"evs":[0.0,3.10667]},"TT":{"weight":1.0,"played":[0.0,1.0],"evs":[0.0,6.56264]},"JTo":{"weight":1.0,"played":[0.0,1.0],"evs":[0.0,2.80755]},"QTo":{"weight":1.0,"played":[0.0,1.0],"evs":[0.0,3.07777]},"KTo":{"weight":1.0,"played":[0.0,1.0],"evs":[0.0,3.26828]},"ATo":{"weight":1.0,"played":[0.0,1.0],"evs":[0.0,3.7389]},"J2s":{"weight":1.0,"played":[0.0,1.0],"evs":[0.0,1.6884]},"J3s":{"weight":1.0,"played":[1.0E-4,0.9999],"evs":[0.0,2.18869]},"J4s":{"weight":1.0,"played":[8.0E-4,0.9992],"evs":[0.0,2.30906]},"J5s":{"weight":1.0,"played":[1.0E-4,0.9999],"evs":[0.0,2.26682]},"J6s":{"weight":1.0,"played":[2.0E-4,0.9998],"evs":[0.0,2.03465]},"J7s":{"weight":1.0,"played":[0.0,1.0],"evs":[0.0,2.99936]},"J8s":{"weight":1.0,"played":[0.0,1.0],"evs":[0.0,3.95288]},"J9s":{"weight":1.0,"played":[0.0,1.0],"evs":[0.0,3.42597]},"JTs":{"weight":1.0,"played":[0.0,1.0],"evs":[0.0,3.67881]},"JJ":{"weight":1.0,"played":[0.0,1.0],"evs":[0.0,7.44646]},"QJo":{"weight":1.0,"played":[0.0,1.0],"evs":[0.0,3.41952]},"KJo":{"weight":1.0,"played":[0.0,1.0],"evs":[0.0,3.52907]},"AJo":{"weight":1.0,"played":[0.0,1.0],"evs":[0.0,4.29583]},"Q2s":{"weight":1.0,"played":[7.0E-4,0.9993],"evs":[0.0,1.98088]},"Q3s":{"weight":1.0,"played":[0.0,1.0],"evs":[0.0,1.92061]},"Q4s":{"weight":1.0,"played":[0.0,1.0],"evs":[0.0,2.82082]},"Q5s":{"weight":1.0,"played":[2.0E-4,0.9998],"evs":[0.0,2.41604]},"Q6s":{"weight":1.0,"played":[0.0,1.0],"evs":[0.0,3.05485]},"Q7s":{"weight":1.0,"played":[1.0E-4,0.9999],"evs":[0.0,2.58057]},"Q8s":{"weight":1.0,"played":[2.0E-4,0.9998],"evs":[0.0,3.16357]},"Q9s":{"weight":1.0,"played":[0.0,1.0],"evs":[0.0,3.30893]},"QTs":{"weight":1.0,"played":[0.0,1.0],"evs":[0.0,4.05488]},"QJs":{"weight":1.0,"played":[0.0,1.0],"evs":[0.0,4.22793]},"QQ":{"weight":1.0,"played":[0.0,1.0],"evs":[0.0,8.64686]},"KQo":{"weight":1.0,"played":[0.0,1.0],"evs":[0.0,4.20433]},"AQo":{"weight":1.0,"played":[0.0,1.0],"evs":[0.0,4.7042]},"K2s":{"weight":1.0,"played":[6.0E-4,0.9994],"evs":[0.0,2.17802]},"K3s":{"weight":1.0,"played":[1.0E-4,0.9999],"evs":[0.0,3.42898]},"K4s":{"weight":1.0,"played":[0.0,1.0],"evs":[0.0,2.61297]},"K5s":{"weight":1.0,"played":[0.0,1.0],"evs":[0.0,3.63651]},"K6s":{"weight":1.0,"played":[1.0E-4,0.9999],"evs":[0.0,3.908]},"K7s":{"weight":1.0,"played":[0.0,1.0],"evs":[0.0,3.36819]},"K8s":{"weight":1.0,"played":[0.0,1.0],"evs":[0.0,3.97935]},"K9s":{"weight":1.0,"played":[1.0E-4,0.9999],"evs":[0.0,3.91755]},"KTs":{"weight":1.0,"played":[0.0,1.0],"evs":[0.0,3.64431]},"KJs":{"weight":1.0,"played":[0.0,1.0],"evs":[0.0,4.40744]},"KQs":{"weight":1.0,"played":[0.0,1.0],"evs":[0.0,5.50516]},"KK":{"weight":1.0,"played":[0.0,1.0],"evs":[0.0,9.62618]},"AKo":{"weight":1.0,"played":[0.0,1.0],"evs":[0.0,5.27373]},"A2s":{"weight":1.0,"played":[8.0E-4,0.9992],"evs":[0.0,3.50257]},"A3s":{"weight":1.0,"played":[2.0E-4,0.9998],"evs":[0.0,2.98262]},"A4s":{"weight":1.0,"played":[0.0,1.0],"evs":[0.0,3.52258]},"A5s":{"weight":1.0,"played":[0.0,1.0],"evs":[0.0,3.57389]},"A6s":{"weight":1.0,"played":[0.0,1.0],"evs":[0.0,3.60315]},"A7s":{"weight":1.0,"played":[1.0E-4,0.9999],"evs":[0.0,3.84161]},"A8s":{"weight":1.0,"played":[0.0,1.0],"evs":[0.0,3.66549]},"A9s":{"weight":1.0,"played":[0.0,1.0],"evs":[0.0,4.18486]},"ATs":{"weight":1.0,"played":[0.0,1.0],"evs":[0.0,4.53473]},"AJs":{"weight":1.0,"played":[0.0,1.0],"evs":[0.0,5.80965]},"AQs":{"weight":1.0,"played":[0.0,1.0],"evs":[0.0,5.17387]},"AKs":{"weight":1.0,"played":[0.0,1.0],"evs":[0.0,6.04528]},"AA":{"weight":1.0,"played":[0.0,1.0],"evs":[0.0,11.41908]}}}