{"player":4,"street":0,"children":2,"sequence":[{"player":0,"type":"R","amount":25120000,"street":0},{"player":1,"type":"F","amount":0,"street":0},{"player":2,"type":"F","amount":0,"street":0},{"player":3,"type":"F","amount":0,"street":0}],"actions":[{"type":"F","amount":0,"node":37},{"type":"C","amount":1440000,"node":38}],"hands":{"22":{"weight":1.0,"played":[0.0,1.0],"evs":[0.0,1.03167]},"32o":{"weight":1.0,"played":[1.0,0.0],"evs":[0.0,-0.3781]},"42o":{"weight":1.0,"played":[1.0,0.0],"evs":[0.0,-0.30465]},"52o":{"weight":1.0,"played":[1.0,0.0],"evs":[0.0,-0.23616]},"62o":{"weight":1.0,"played":[1.0,0.0],"evs":[0.0,-0.31802]},"72o":{"weight":1.0,"played":[1.0,0.0],"evs":[0.0,-0.34604]},"82o":{"weight":1.0,"played":[1.0,0.0],"evs":[0.0,-0.20638]},"92o":{"weight":1.0,"played":[1.0,0.0],"evs":[0.0,-0.09066]},"T2o":{"weight":1.0,"played":[1.0E-4,0.9999],"evs":[0.0,0.08535]},"J2o":{"weight":1.0,"played":[0.0,1.0],"evs":[0.0,0.29112]},"Q2o":{"weight":1.0,"played":[0.0,1.0],"evs":[0.0,0.58496]},"K2o":{"weight":1.0,"played":[0.0,1.0],"evs":[0.0,0.96507]},"A2o":{"weight":1.0,"played":[0.0,1.0],"evs":[0.0,1.58629]},"32s":{"weight":1.0,"played":[0.0025,0.9975],"evs":[0.0,0.04004]},"33":{"weight":1.0,"played":[0.0,1.0],"evs":[0.0,1.26119]},"43o":{"weight":1.0,"played":[1.0,0.0],"evs":[0.0,-0.13529]},"53o":{"weight":1.0,"played":[1.0,0.0],"evs":[0.0,-0.0488]},"63o":{"weight":1.0,"played":[1.0,0.0],"evs":[0.0,-0.13224]},"73o":{"weight":1.0,"played":[1.0,0.0],"evs":[0.0,-0.16374]},"83o":{"weight":1.0,"played":[1.0,0.0],"evs":[0.0,-0.16107]},"93o":{"weight":1.0,"played":[0.9999,1.0E-4],"evs":[0.0,-0.0195]},"T3o":{"weight":1.0,"played":[0.0,1.0],"evs":[0.0,0.15014]},"J3o":{"weight":1.0,"played":[0.0,1.0],"evs":[0.0,0.36867]},"Q3o":{"weight":1.0,"played":[0.0,1.0],"evs":[0.0,0.65599]},"K3o":{"weight":1.0,"played":[0.0,1.0],"evs":[0.0,1.04221]},"A3o":{"weight":1.0,"played":[0.0,1.0],"evs":[0.0,1.66703]},"42s":{"weight":1.0,"played":[1.0E-4,0.9999],"evs":[0.0,0.11295]},"43s":{"weight":1.0,"played":[0.0,1.0],"evs":[0.0,0.28304]},"44":{"weight":1.0,"played":[0.0,1.0],"evs":[0.0,1.50703]},"54o":{"weight":1.0,"played":[0.0,1.0],"evs":[0.0,0.11798]},"64o":{"weight":1.0,"played":[0.0,1.0],"evs":[0.0,0.05203]},"74o":{"weight":1.0,"played":[0.0072,0.9928],"evs":[0.0,0.02055]},"84o":{"weight":1.0,"played":[0.0023,0.9977],"evs":[0.0,0.009]},"94o":{"weight":1.0,"played":[0.0,1.0],"evs":[0.0,0.02091]},"T4o":{"weight":1.0,"played":[0.0,1.0],"evs":[0.0,0.22524]},"J4o":{"weight":1.0,"played":[0.0,1.0],"evs":[0.0,0.44821]},"Q4o":{"weight":1.0,"played":[0.0,1.0],"evs":[0.0,0.74018]},"K4o":{"weight":1.0,"played":[0.0,1.0],"evs":[0.0,1.1493]},"A4o":{"weight":1.0,"played":[0.0,1.0],"evs":[0.0,1.76912]},"52s":{"weight":1.0,"played":[0.0,1.0],"evs":[0.0,0.18729]},"53s":{"weight":1.0,"played":[0.0,1.0],"evs":[0.0,0.34433]},"54s":{"weight":1.0,"played":[0.0,1.0],"evs":[0.0,0.5053]},"55":{"weight":1.0,"played":[0.0,1.0],"evs":[0.0,1.79757]},"65o":{"weight":1.0,"played":[0.0,1.0],"evs":[0.0,0.2234]},"75o":{"weight":1.0,"played":[0.0,1.0],"evs":[0.0,0.20451]},"85o":{"weight":1.0,"played":[0.0,1.0],"evs":[0.0,0.21077]},"95o":{"weight":1.0,"played":[0.0,1.0],"evs":[0.0,0.22705]},"T5o":{"weight":1.0,"played":[0.0,1.0],"evs":[0.0,0.29454]},"J5o":{"weight":1.0,"played":[0.0,1.0],"evs":[0.0,0.54353]},"Q5o":{"weight":1.0,"played":[0.0,1.0],"evs":[0.0,0.83663]},"K5o":{"weight":1.0,"played":[0.0,1.0],"evs":[0.0,1.25897]},"A5o":{"weight":1.0,"played":[0.0,1.0],"evs":[0.0,1.88802]},"62s":{"weight":1.0,"played":[0.0,1.0],"evs":[0.0,0.12283]},"63s":{"weight":1.0,"played":[0.0,1.0],"evs":[0.0,0.2809]},"64s":{"weight":1.0,"played":[0.0,1.0],"evs":[0.0,0.45005]},"65s":{"weight":1.0,"played":[0.0,1.0],"evs":[0.0,0.6117]},"66":{"weight":1.0,"played":[0.0,1.0],"evs":[0.0,2.09754]},"76o":{"weight":1.0,"played":[0.0,1.0],"evs":[0.0,0.39636]},"86o":{"weight":1.0,"played":[0.0,1.0],"evs":[0.0,0.40475]},"96o":{"weight":1.0,"played":[0.0,1.0],"evs":[0.0,0.41876]},"T6o":{"weight":1.0,"played":[0.0,1.0],"evs":[0.0,0.49934]},"J6o":{"weight":1.0,"played":[0.0,1.0],"evs":[0.0,0.61178]},"Q6o":{"weight":1.0,"played":[0.0,1.0],"evs":[0.0,0.94596]},"K6o":{"weight":1.0,"played":[0.0,1.0],"evs":[0.0,1.35301]},"A6o":{"weight":1.0,"played":[0.0,1.0],"evs":[0.0,1.88412]},"72s":{"weight":1.0,"played":[0.0,1.0],"evs":[0.0,0.07708]},"73s":{"weight":1.0,"played":[0.0,1.0],"evs":[0.0,0.25716]},"74s":{"weight":1.0,"played":[0.0,1.0],"evs":[0.0,0.4149]},"75s":{"weight":1.0,"played":[0.0,1.0],"evs":[0.0,0.60759]},"76s":{"weight":1.0,"played":[0.0,1.0],"evs":[0.0,0.76152]},"77":{"weight":1.0,"played":[0.0,1.0],"evs":[0.0,2.41893]},"87o":{"weight":1.0,"played":[0.0,1.0],"evs":[0.0,0.588]},"97o":{"weight":1.0,"played":[0.0,1.0],"evs":[0.0,0.61526]},"T7o":{"weight":1.0,"played":[0.0,1.0],"evs":[0.0,0.68101]},"J7o":{"weight":1.0,"played":[0.0,1.0],"evs":[0.0,0.82012]},"Q7o":{"weight":1.0,"played":[0.0,1.0],"evs":[0.0,1.02862]},"K7o":{"weight":1.0,"played":[0.0,1.0],"evs":[0.0,1.47351]},"A7o":{"weight":1.0,"played":[0.0,1.0],"evs":[0.0,2.02923]},"82s":{"weight":1.0,"played":[0.0,1.0],"evs":[0.0,0.21503]},"83s":{"weight":1.0,"played":[0.0,1.0],"evs":[0.0,0.23876]},"84s":{"weight":1.0,"played":[0.0,1.0],"evs":[0.0,0.40186]},"85s":{"weight":1.0,"played":[0.0,1.0],"evs":[0.0,0.60483]},"86s":{"weight":1.0,"played":[0.0,1.0],"evs":[0.0,0.77084]},"87s":{"weight":1.0,"played":[0.0,1.0],"evs":[0.0,0.94387]},"88":{"weight":1.0,"played":[0.0,1.0],"evs":[0.0,2.78192]},"98o":{"weight":1.0,"played":[0.0,1.0],"evs":[0.0,0.82024]},"T8o":{"weight":1.0,"played":[0.0,1.0],"evs":[0.0,0.91244]},"J8o":{"weight":1.0,"played":[0.0,1.0],"evs":[0.0,1.0526]},"Q8o":{"weight":1.0,"played":[0.0,1.0],"evs":[0.0,1.27347]},"K8o":{"weight":1.0,"played":[0.0,1.0],"evs":[0.0,1.59012]},"A8o":{"weight":1.0,"played":[0.0,1.0],"evs":[0.0,2.17924]},"92s":{"weight":1.0,"played":[0.0,1.0],"evs":[0.0,0.31684]},"93s":{"weight":1.0,"played":[0.0,1.0],"evs":[0.0,0.40275]},"94s":{"weight":1.0,"played":[0.0,1.0],"evs":[0.0,0.4257]},"95s":{"weight":1.0,"played":[0.0,1.0],"evs":[0.0,0.60501]},"96s":{"weight":1.0,"played":[0.0,1.0],"evs":[0.0,0.7819]},"97s":{"weight":1.0,"played":[0.0,1.0],"evs":[0.0,0.97533]},"98s":{"weight":1.0,"played":[0.0,1.0],"evs":[0.0,1.16833]},"99":{"weight":1.0,"played":[0.0,1.0],"evs":[0.0,3.12287]},"T9o":{"weight":1.0,"played":[0.0,1.0],"evs":[0.0,1.14178]},"J9o":{"weight":1.0,"played":[0.0,1.0],"evs":[0.0,1.26784]},"Q9o":{"weight":1.0,"played":[0.0,1.0],"evs":[0.0,1.4912]},"K9o":{"weight":1.0,"played":[0.0,1.0],"evs":[0.0,1.8246]},"A9o":{"weight":1.0,"played":[0.0,1.0],"evs":[0.0,2.29669]},"T2s":{"weight":1.0,"played":[0.0,1.0],"evs":[0.0,0.49353]},"T3s":{"weight":1.0,"played":[0.0,1.0],"evs":[0.0,0.5527]},"T4s":{"weight":1.0,"played":[0.0,1.0],"evs":[0.0,0.60887]},"T5s":{"weight":1.0,"played":[0.0,1.0],"evs":[0.0,0.6644]},"T6s":{"weight":1.0,"played":[0.0,1.0],"evs":[0.0,0.86715]},"T7s":{"weight":1.0,"played":[0.0,1.0],"evs":[0.0,1.04594]},"T8s":{"weight":1.0,"played":[0.0,1.0],"evs":[0.0,1.27001]},"T9s":{"weight":1.0,"played":[0.0,1.0],"evs":[0.0,1.46453]},"TT":{"weight":1.0,"played":[0.0,1.0],"evs":[0.0,3.51802]},"JTo":{"weight":1.0,"played":[0.0,1.0],"evs":[0.0,1.56015]},"QTo":{"weight":1.0,"played":[0.0,1.0],"evs":[0.0,1.80021]},"KTo":{"weight":1.0,"played":[0.0,1.0],"evs":[0.0,2.12746]},"ATo":{"weight":1.0,"played":[0.0,1.0],"evs":[0.0,2.59432]},"J2s":{"weight":1.0,"played":[0.0,1.0],"evs":[0.0,0.6889]},"J3s":{"weight":1.0,"played":[0.0,1.0],"evs":[0.0,0.74833]},"J4s":{"weight":1.0,"played":[0.0,1.0],"evs":[0.0,0.82958]},"J5s":{"weight":1.0,"played":[0.0,1.0],"evs":[0.0,0.933]},"J6s":{"weight":1.0,"played":[0.0,1.0],"evs":[0.0,0.96562]},"J7s":{"weight":1.0,"played":[0.0,1.0],"evs":[0.0,1.17963]},"J8s":{"weight":1.0,"played":[0.0,1.0],"evs":[0.0,1.40529]},"J9s":{"weight":1.0,"played":[0.0,1.0],"evs":[0.0,1.61114]},"JTs":{"weight":1.0,"played":[0.0,1.0],"evs":[0.0,1.87117]},"JJ":{"weight":1.0,"played":[0.0,1.0],"evs":[0.0,3.92325]},"QJo":{"weight":1.0,"played":[0.0,1.0],"evs":[0.0,1.93894]},"KJo":{"weight":1.0,"played":[0.0,1.0],"evs":[0.0,2.27304]},"AJo":{"weight":1.0,"played":[0.0,1.0],"evs":[0.0,2.76629]},"Q2s":{"weight":1.0,"played":[0.0,1.0],"evs":[0.0,0.97976]},"Q3s":{"weight":1.0,"played":[0.0,1.0],"evs":[0.0,1.02154]},"Q4s":{"weight":1.0,"played":[0.0,1.0],"evs":[0.0,1.10739]},"Q5s":{"weight":1.0,"played":[0.0,1.0],"evs":[0.0,1.20803]},"Q6s":{"weight":1.0,"played":[0.0,1.0],"evs":[0.0,1.28986]},"Q7s":{"weight":1.0,"played":[0.0,1.0],"evs":[0.0,1.37878]},"Q8s":{"weight":1.0,"played":[0.0,1.0],"evs":[0.0,1.60932]},"Q9s":{"weight":1.0,"played":[0.0,1.0],"evs":[0.0,1.82803]},"QTs":{"weight":1.0,"played":[0.0,1.0],"evs":[0.0,2.08212]},"QJs":{"weight":1.0,"played":[0.0,1.0],"evs":[0.0,2.23168]},"QQ":{"weight":1.0,"played":[0.0,1.0],"evs":[0.0,4.40489]},"KQo":{"weight":1.0,"played":[0.0,1.0],"evs":[0.0,2.46419]},"AQo":{"weight":1.0,"played":[0.0,1.0],"evs":[0.0,2.96394]},"K2s":{"weight":1.0,"played":[0.0,1.0],"evs":[0.0,1.3371]},"K3s":{"weight":1.0,"played":[0.0,1.0],"evs":[0.0,1.40005]},"K4s":{"weight":1.0,"played":[0.0,1.0],"evs":[0.0,1.49624]},"K5s":{"weight":1.0,"played":[0.0,1.0],"evs":[0.0,1.60616]},"K6s":{"weight":1.0,"played":[0.0,1.0],"evs":[0.0,1.70443]},"K7s":{"weight":1.0,"played":[0.0,1.0],"evs":[0.0,1.80691]},"K8s":{"weight":1.0,"played":[0.0,1.0],"evs":[0.0,1.92828]},"K9s":{"weight":1.0,"played":[0.0,1.0],"evs":[0.0,2.13189]},"KTs":{"weight":1.0,"played":[0.0,1.0],"evs":[0.0,2.41804]},"KJs":{"weight":1.0,"played":[0.0,1.0],"evs":[0.0,2.55774]},"KQs":{"weight":1.0,"played":[0.0,1.0],"evs":[0.0,2.72334]},"KK":{"weight":1.0,"played":[0.0,1.0],"evs":[0.0,4.92946]},"AKo":{"weight":1.0,"played":[0.0,1.0],"evs":[0.0,3.17707]},"A2s":{"weight":1.0,"played":[0.0,1.0],"evs":[0.0,1.92506]},"A3s":{"weight":1.0,"played":[0.0,1.0],"evs":[0.0,1.98477]},"A4s":{"weight":1.0,"played":[0.0,1.0],"evs":[0.0,2.09579]},"A5s":{"weight":1.0,"played":[0.0,1.0],"evs":[0.0,2.20346]},"A6s":{"weight":1.0,"played":[0.0,1.0],"evs":[0.0,2.19703]},"A7s":{"weight":1.0,"played":[0.0,1.0],"evs":[0.0,2.33777]},"A8s":{"weight":1.0,"played":[0.0,1.0],"evs":[0.0,2.46418]},"A9s":{"weight":1.0,"played":[0.0,1.0],"evs":[0.0,2.59034]},"ATs":{"weight":1.0,"played":[0.0,1.0],"evs":[0.0,2.86637]},"AJs":{"weight":1.0,"played":[0.0,1.0],"evs":[0.0,3.0265]},"AQs":{"weight":1.0,"played":[0.0,1.0],"evs":[0.0,3.19242]},"AKs":{"weight":1.0,"played":[0.0,1.0],"evs":[0.0,3.39455]},"AA":{"weight":1.0,"played":[0.0,1.0],"evs":[0.0,5.56283]}}}