{"player":5,"street":0,"children":2,"sequence":[{"player":0,"type":"R","amount":25120000,"street":0},{"player":1,"type":"F","amount":0,"street":0},{"player":2,"type":"F","amount":0,"street":0},{"player":3,"type":"F","amount":0,"street":0},{"player":4,"type":"F","amount":0,"street":0}],"actions":[{"type":"F","amount":0},{"type":"C","amount":8160000}],"hands":{"22":{"weight":1.0,"played":[1.0,0.0],"evs":[0.0,-0.91217]},"32o":{"weight":1.0,"played":[1.0,0.0],"evs":[0.0,-4.21824]},"42o":{"weight":1.0,"played":[1.0,0.0],"evs":[0.0,-3.92212]},"52o":{"weight":1.0,"played":[1.0,0.0],"evs":[0.0,-3.75483]},"62o":{"weight":1.0,"played":[1.0,0.0],"evs":[0.0,-3.85919]},"72o":{"weight":1.0,"played":[1.0,0.0],"evs":[0.0,-3.83535]},"82o":{"weight":1.0,"played":[1.0,0.0],"evs":[0.0,-3.51358]},"92o":{"weight":1.0,"played":[1.0,0.0],"evs":[0.0,-3.17923]},"T2o":{"weight":1.0,"played":[1.0,0.0],"evs":[0.0,-2.69995]},"J2o":{"weight":1.0,"played":[1.0,0.0],"evs":[0.0,-2.07832]},"Q2o":{"weight":1.0,"played":[1.0,0.0],"evs":[0.0,-1.44121]},"K2o":{"weight":1.0,"played":[1.0,0.0],"evs":[0.0,-0.75249]},"A2o":{"weight":1.0,"played":[1.0E-4,0.9999],"evs":[0.0,0.24547]},"32s":{"weight":1.0,"played":[1.0,0.0],"evs":[0.0,-3.50479]},"33":{"weight":1.0,"played":[1.0,0.0],"evs":[0.0,-0.59207]},"43o":{"weight":1.0,"played":[1.0,0.0],"evs":[0.0,-3.59057]},"53o":{"weight":1.0,"played":[1.0,0.0],"evs":[0.0,-3.44805]},"63o":{"weight":1.0,"played":[1.0,0.0],"evs":[0.0,-3.54287]},"73o":{"weight":1.0,"played":[1.0,0.0],"evs":[0.0,-3.51294]},"83o":{"weight":1.0,"played":[1.0,0.0],"evs":[0.0,-3.40844]},"93o":{"weight":1.0,"played":[1.0,0.0],"evs":[0.0,-3.07182]},"T3o":{"weight":1.0,"played":[1.0,0.0],"evs":[0.0,-2.56363]},"J3o":{"weight":1.0,"played":[1.0,0.0],"evs":[0.0,-1.99704]},"Q3o":{"weight":1.0,"played":[1.0,0.0],"evs":[0.0,-1.36034]},"K3o":{"weight":1.0,"played":[1.0,0.0],"evs":[0.0,-0.58019]},"A3o":{"weight":1.0,"played":[0.0,1.0],"evs":[0.0,0.38827]},"42s":{"weight":1.0,"played":[1.0,0.0],"evs":[0.0,-3.18491]},"43s":{"weight":1.0,"played":[1.0,0.0],"evs":[0.0,-2.93909]},"44":{"weight":1.0,"played":[0.0015,0.9985],"evs":[0.0,0.10751]},"54o":{"weight":1.0,"played":[1.0,0.0],"evs":[0.0,-3.0683]},"64o":{"weight":1.0,"played":[1.0,0.0],"evs":[0.0,-3.10564]},"74o":{"weight":1.0,"played":[1.0,0.0],"evs":[0.0,-3.02053]},"84o":{"weight":1.0,"played":[1.0,0.0],"evs":[0.0,-2.93535]},"94o":{"weight":1.0,"played":[1.0,0.0],"evs":[0.0,-2.83972]},"T4o":{"weight":1.0,"played":[1.0,0.0],"evs":[0.0,-2.29494]},"J4o":{"weight":1.0,"played":[1.0,0.0],"evs":[0.0,-1.72512]},"Q4o":{"weight":1.0,"played":[1.0,0.0],"evs":[0.0,-1.05594]},"K4o":{"weight":1.0,"played":[1.0,0.0],"evs":[0.0,-0.33492]},"A4o":{"weight":1.0,"played":[0.0,1.0],"evs":[0.0,0.58743]},"52s":{"weight":1.0,"played":[1.0,0.0],"evs":[0.0,-3.10978]},"53s":{"weight":1.0,"played":[1.0,0.0],"evs":[0.0,-2.81189]},"54s":{"weight":1.0,"played":[1.0,0.0],"evs":[0.0,-2.3958]},"55":{"weight":1.0,"played":[0.0,1.0],"evs":[0.0,0.66595]},"65o":{"weight":1.0,"played":[1.0,0.0],"evs":[0.0,-2.76943]},"75o":{"weight":1.0,"played":[1.0,0.0],"evs":[0.0,-2.70717]},"85o":{"weight":1.0,"played":[1.0,0.0],"evs":[0.0,-2.58076]},"95o":{"weight":1.0,"played":[1.0,0.0],"evs":[0.0,-2.47248]},"T5o":{"weight":1.0,"played":[1.0,0.0],"evs":[0.0,-2.11983]},"J5o":{"weight":1.0,"played":[1.0,0.0],"evs":[0.0,-1.48223]},"Q5o":{"weight":1.0,"played":[1.0,0.0],"evs":[0.0,-0.87829]},"K5o":{"weight":1.0,"played":[0.9991,9.0E-4],"evs":[0.0,-0.12484]},"A5o":{"weight":1.0,"played":[0.0,1.0],"evs":[0.0,0.82904]},"62s":{"weight":1.0,"played":[1.0,0.0],"evs":[0.0,-3.12809]},"63s":{"weight":1.0,"played":[1.0,0.0],"evs":[0.0,-2.85461]},"64s":{"weight":1.0,"played":[1.0,0.0],"evs":[0.0,-2.44704]},"65s":{"weight":1.0,"played":[1.0,0.0],"evs":[0.0,-2.18807]},"66":{"weight":1.0,"played":[0.0,1.0],"evs":[0.0,1.24556]},"76o":{"weight":1.0,"played":[1.0,0.0],"evs":[0.0,-2.41578]},"86o":{"weight":1.0,"played":[1.0,0.0],"evs":[0.0,-2.28371]},"96o":{"weight":1.0,"played":[1.0,0.0],"evs":[0.0,-2.15802]},"T6o":{"weight":1.0,"played":[1.0,0.0],"evs":[0.0,-1.79128]},"J6o":{"weight":1.0,"played":[1.0,0.0],"evs":[0.0,-1.37575]},"Q6o":{"weight":1.0,"played":[1.0,0.0],"evs":[0.0,-0.67517]},"K6o":{"weight":1.0,"played":[0.0021,0.9979],"evs":[0.0,0.0344]},"A6o":{"weight":1.0,"played":[0.0,1.0],"evs":[0.0,0.87015]},"72s":{"weight":1.0,"played":[1.0,0.0],"evs":[0.0,-3.1252]},"73s":{"weight":1.0,"played":[1.0,0.0],"evs":[0.0,-2.8741]},"74s":{"weight":1.0,"played":[1.0,0.0],"evs":[0.0,-2.39309]},"75s":{"weight":1.0,"played":[1.0,0.0],"evs":[0.0,-2.05987]},"76s":{"weight":1.0,"played":[1.0,0.0],"evs":[0.0,-1.76222]},"77":{"weight":1.0,"played":[0.0,1.0],"evs":[0.0,1.80978]},"87o":{"weight":1.0,"played":[1.0,0.0],"evs":[0.0,-1.9214]},"97o":{"weight":1.0,"played":[1.0,0.0],"evs":[0.0,-1.76814]},"T7o":{"weight":1.0,"played":[1.0,0.0],"evs":[0.0,-1.41392]},"J7o":{"weight":1.0,"played":[1.0,0.0],"evs":[0.0,-1.01348]},"Q7o":{"weight":1.0,"played":[1.0,0.0],"evs":[0.0,-0.52046]},"K7o":{"weight":1.0,"played":[0.0,1.0],"evs":[0.0,0.16486]},"A7o":{"weight":1.0,"played":[0.0,1.0],"evs":[0.0,1.04932]},"82s":{"weight":1.0,"played":[1.0,0.0],"evs":[0.0,-2.85086]},"83s":{"weight":1.0,"played":[1.0,0.0],"evs":[0.0,-2.78314]},"84s":{"weight":1.0,"played":[1.0,0.0],"evs":[0.0,-2.29946]},"85s":{"weight":1.0,"played":[1.0,0.0],"evs":[0.0,-2.03782]},"86s":{"weight":1.0,"played":[1.0,0.0],"evs":[0.0,-1.73495]},"87s":{"weight":1.0,"played":[1.0,0.0],"evs":[0.0,-1.44949]},"88":{"weight":1.0,"played":[0.0,1.0],"evs":[0.0,2.29601]},"98o":{"weight":1.0,"played":[1.0,0.0],"evs":[0.0,-1.43206]},"T8o":{"weight":1.0,"played":[1.0,0.0],"evs":[0.0,-1.07301]},"J8o":{"weight":1.0,"played":[1.0,0.0],"evs":[0.0,-0.64439]},"Q8o":{"weight":1.0,"played":[0.9999,1.0E-4],"evs":[0.0,-0.16831]},"K8o":{"weight":1.0,"played":[0.0,1.0],"evs":[0.0,0.37165]},"A8o":{"weight":1.0,"played":[0.0,1.0],"evs":[0.0,1.26554]},"92s":{"weight":1.0,"played":[1.0,0.0],"evs":[0.0,-2.59492]},"93s":{"weight":1.0,"played":[1.0,0.0],"evs":[0.0,-2.41592]},"94s":{"weight":1.0,"played":[1.0,0.0],"evs":[0.0,-2.21488]},"95s":{"weight":1.0,"played":[1.0,0.0],"evs":[0.0,-1.86491]},"96s":{"weight":1.0,"played":[1.0,0.0],"evs":[0.0,-1.5904]},"97s":{"weight":1.0,"played":[1.0,0.0],"evs":[0.0,-1.26833]},"98s":{"weight":1.0,"played":[1.0,0.0],"evs":[0.0,-0.88113]},"99":{"weight":1.0,"played":[0.0,1.0],"evs":[0.0,2.81288]},"T9o":{"weight":1.0,"played":[1.0,0.0],"evs":[0.0,-0.69933]},"J9o":{"weight":1.0,"played":[1.0,0.0],"evs":[0.0,-0.29914]},"Q9o":{"weight":1.0,"played":[0.0,1.0],"evs":[0.0,0.20902]},"K9o":{"weight":1.0,"played":[0.0,1.0],"evs":[0.0,0.76673]},"A9o":{"weight":1.0,"played":[0.0,1.0],"evs":[0.0,1.44042]},"T2s":{"weight":1.0,"played":[1.0,0.0],"evs":[0.0,-2.06758]},"T3s":{"weight":1.0,"played":[1.0,0.0],"evs":[0.0,-1.94678]},"T4s":{"weight":1.0,"played":[1.0,0.0],"evs":[0.0,-1.68302]},"T5s":{"weight":1.0,"played":[1.0,0.0],"evs":[0.0,-1.59758]},"T6s":{"weight":1.0,"played":[1.0,0.0],"evs":[0.0,-1.21161]},"T7s":{"weight":1.0,"played":[1.0,0.0],"evs":[0.0,-0.96009]},"T8s":{"weight":1.0,"played":[1.0,0.0],"evs":[0.0,-0.57708]},"T9s":{"weight":1.0,"played":[0.9953,0.0047],"evs":[0.0,-0.24952]},"TT":{"weight":1.0,"played":[0.0,1.0],"evs":[0.0,3.50641]},"JTo":{"weight":1.0,"played":[1.0E-4,0.9999],"evs":[0.0,0.23183]},"QTo":{"weight":1.0,"played":[0.0,1.0],"evs":[0.0,0.70376]},"KTo":{"weight":1.0,"played":[0.0,1.0],"evs":[0.0,1.24552]},"ATo":{"weight":1.0,"played":[0.0,1.0],"evs":[0.0,2.00991]},"J2s":{"weight":1.0,"played":[1.0,0.0],"evs":[0.0,-1.51189]},"J3s":{"weight":1.0,"played":[1.0,0.0],"evs":[0.0,-1.45272]},"J4s":{"weight":1.0,"played":[1.0,0.0],"evs":[0.0,-1.14681]},"J5s":{"weight":1.0,"played":[1.0,0.0],"evs":[0.0,-0.98974]},"J6s":{"weight":1.0,"played":[1.0,0.0],"evs":[0.0,-0.85346]},"J7s":{"weight":1.0,"played":[0.9996,4.0E-4],"evs":[0.0,-0.59361]},"J8s":{"weight":1.0,"played":[0.9881,0.0119],"evs":[0.0,-0.17991]},"J9s":{"weight":1.0,"played":[2.0E-4,0.9998],"evs":[0.0,0.19673]},"JTs":{"weight":1.0,"played":[0.0,1.0],"evs":[0.0,0.65424]},"JJ":{"weight":1.0,"played":[0.0,1.0],"evs":[0.0,4.09322]},"QJo":{"weight":1.0,"played":[0.0,1.0],"evs":[0.0,0.91001]},"KJo":{"weight":1.0,"played":[0.0,1.0],"evs":[0.0,1.42359]},"AJo":{"weight":1.0,"played":[0.0,1.0],"evs":[0.0,2.20619]},"Q2s":{"weight":1.0,"played":[1.0,0.0],"evs":[0.0,-0.88635]},"Q3s":{"weight":1.0,"played":[1.0,0.0],"evs":[0.0,-0.85374]},"Q4s":{"weight":1.0,"played":[1.0,0.0],"evs":[0.0,-0.51852]},"Q5s":{"weight":1.0,"played":[0.9987,0.0013],"evs":[0.0,-0.37572]},"Q6s":{"weight":1.0,"played":[0.9911,0.0089],"evs":[0.0,-0.16467]},"Q7s":{"weight":1.0,"played":[0.8373,0.1627],"evs":[0.0,-0.13123]},"Q8s":{"weight":1.0,"played":[2.0E-4,0.9998],"evs":[0.0,0.24867]},"Q9s":{"weight":1.0,"played":[0.0,1.0],"evs":[0.0,0.59339]},"QTs":{"weight":1.0,"played":[0.0,1.0],"evs":[0.0,1.09976]},"QJs":{"weight":1.0,"played":[0.0,1.0],"evs":[0.0,1.33391]},"QQ":{"weight":1.0,"played":[0.0,1.0],"evs":[0.0,4.6429]},"KQo":{"weight":1.0,"played":[0.0,1.0],"evs":[0.0,1.69065]},"AQo":{"weight":1.0,"played":[0.0,1.0],"evs":[0.0,2.38916]},"K2s":{"weight":1.0,"played":[1.0,0.0],"evs":[0.0,-0.17515]},"K3s":{"weight":1.0,"played":[0.9994,6.0E-4],"evs":[0.0,-0.13395]},"K4s":{"weight":1.0,"played":[0.0309,0.9691],"evs":[0.0,0.13256]},"K5s":{"weight":1.0,"played":[9.0E-4,0.9991],"evs":[0.0,0.2909]},"K6s":{"weight":1.0,"played":[1.0E-4,0.9999],"evs":[0.0,0.5316]},"K7s":{"weight":1.0,"played":[0.0,1.0],"evs":[0.0,0.59034]},"K8s":{"weight":1.0,"played":[0.0,1.0],"evs":[0.0,0.7575]},"K9s":{"weight":1.0,"played":[0.0,1.0],"evs":[0.0,1.19775]},"KTs":{"weight":1.0,"played":[0.0,1.0],"evs":[0.0,1.62992]},"KJs":{"weight":1.0,"played":[0.0,1.0],"evs":[0.0,1.81109]},"KQs":{"weight":1.0,"played":[0.0,1.0],"evs":[0.0,2.03951]},"KK":{"weight":1.0,"played":[0.0,1.0],"evs":[0.0,5.24496]},"AKo":{"weight":1.0,"played":[0.0,1.0],"evs":[0.0,2.64272]},"A2s":{"weight":1.0,"played":[0.0,1.0],"evs":[0.0,0.73401]},"A3s":{"weight":1.0,"played":[0.0,1.0],"evs":[0.0,0.84282]},"A4s":{"weight":1.0,"played":[0.0,1.0],"evs":[0.0,1.09327]},"A5s":{"weight":1.0,"played":[0.0,1.0],"evs":[0.0,1.20543]},"A6s":{"weight":1.0,"played":[0.0,1.0],"evs":[0.0,1.32457]},"A7s":{"weight":1.0,"played":[0.0,1.0],"evs":[0.0,1.4471]},"A8s":{"weight":1.0,"played":[0.0,1.0],"evs":[0.0,1.61094]},"A9s":{"weight":1.0,"played":[0.0,1.0],"evs":[0.0,1.81064]},"ATs":{"weight":1.0,"played":[0.0,1.0],"evs":[0.0,2.25527]},"AJs":{"weight":1.0,"played":[0.0,1.0],"evs":[0.0,2.45842]},"AQs":{"weight":1.0,"played":[0.0,1.0],"evs":[0.0,2.69269]},"AKs":{"weight":1.0,"played":[0.0,1.0],"evs":[0.0,2.92337]},"AA":{"weight":1.0,"played":[0.0,1.0],"evs":[0.0,5.90046]}}}