{"player":5,"street":0,"children":2,"sequence":[{"player":0,"type":"R","amount":25120000,"street":0},{"player":1,"type":"F","amount":0,"street":0},{"player":2,"type":"C","amount":4000000,"street":0},{"player":3,"type":"F","amount":0,"street":0},{"player":4,"type":"F","amount":0,"street":0}],"actions":[{"type":"F","amount":0},{"type":"C","amount":8160000}],"hands":{"22":{"weight":1.0,"played":[0.998,0.002],"evs":[0.0,-0.14783]},"32o":{"weight":1.0,"played":[1.0,0.0],"evs":[0.0,-2.90404]},"42o":{"weight":1.0,"played":[1.0,0.0],"evs":[0.0,-2.80155]},"52o":{"weight":1.0,"played":[1.0,0.0],"evs":[0.0,-2.6304]},"62o":{"weight":1.0,"played":[1.0,0.0],"evs":[0.0,-2.81199]},"72o":{"weight":1.0,"played":[1.0,0.0],"evs":[0.0,-2.86278]},"82o":{"weight":1.0,"played":[1.0,0.0],"evs":[0.0,-2.63506]},"92o":{"weight":1.0,"played":[1.0,0.0],"evs":[0.0,-2.40268]},"T2o":{"weight":1.0,"played":[1.0,0.0],"evs":[0.0,-2.08503]},"J2o":{"weight":1.0,"played":[1.0,0.0],"evs":[0.0,-1.73236]},"Q2o":{"weight":1.0,"played":[1.0,0.0],"evs":[0.0,-1.25232]},"K2o":{"weight":1.0,"played":[1.0,0.0],"evs":[0.0,-0.73573]},"A2o":{"weight":1.0,"played":[0.1836,0.8164],"evs":[0.0,0.0245]},"32s":{"weight":1.0,"played":[1.0,0.0],"evs":[0.0,-2.11042]},"33":{"weight":1.0,"played":[0.0,1.0],"evs":[0.0,0.30948]},"43o":{"weight":1.0,"played":[1.0,0.0],"evs":[0.0,-2.41991]},"53o":{"weight":1.0,"played":[1.0,0.0],"evs":[0.0,-2.27855]},"63o":{"weight":1.0,"played":[1.0,0.0],"evs":[0.0,-2.43019]},"73o":{"weight":1.0,"played":[1.0,0.0],"evs":[0.0,-2.49027]},"83o":{"weight":1.0,"played":[1.0,0.0],"evs":[0.0,-2.57078]},"93o":{"weight":1.0,"played":[1.0,0.0],"evs":[0.0,-2.26569]},"T3o":{"weight":1.0,"played":[1.0,0.0],"evs":[0.0,-1.98408]},"J3o":{"weight":1.0,"played":[1.0,0.0],"evs":[0.0,-1.59292]},"Q3o":{"weight":1.0,"played":[1.0,0.0],"evs":[0.0,-1.0803]},"K3o":{"weight":1.0,"played":[1.0,0.0],"evs":[0.0,-0.59806]},"A3o":{"weight":1.0,"played":[0.0,1.0],"evs":[0.0,0.19078]},"42s":{"weight":1.0,"played":[1.0,0.0],"evs":[0.0,-2.05317]},"43s":{"weight":1.0,"played":[1.0,0.0],"evs":[0.0,-1.7032]},"44":{"weight":1.0,"played":[0.0,1.0],"evs":[0.0,0.69624]},"54o":{"weight":1.0,"played":[1.0,0.0],"evs":[0.0,-1.97768]},"64o":{"weight":1.0,"played":[1.0,0.0],"evs":[0.0,-2.07867]},"74o":{"weight":1.0,"played":[1.0,0.0],"evs":[0.0,-2.15723]},"84o":{"weight":1.0,"played":[1.0,0.0],"evs":[0.0,-2.24063]},"94o":{"weight":1.0,"played":[1.0,0.0],"evs":[0.0,-2.19792]},"T4o":{"weight":1.0,"played":[1.0,0.0],"evs":[0.0,-1.79789]},"J4o":{"weight":1.0,"played":[1.0,0.0],"evs":[0.0,-1.47664]},"Q4o":{"weight":1.0,"played":[1.0,0.0],"evs":[0.0,-0.98593]},"K4o":{"weight":1.0,"played":[1.0,0.0],"evs":[0.0,-0.38666]},"A4o":{"weight":1.0,"played":[0.0,1.0],"evs":[0.0,0.3059]},"52s":{"weight":1.0,"played":[1.0,0.0],"evs":[0.0,-1.97039]},"53s":{"weight":1.0,"played":[1.0,0.0],"evs":[0.0,-1.65975]},"54s":{"weight":1.0,"played":[1.0,0.0],"evs":[0.0,-1.26947]},"55":{"weight":1.0,"played":[0.0,1.0],"evs":[0.0,1.17022]},"65o":{"weight":1.0,"played":[1.0,0.0],"evs":[0.0,-1.80108]},"75o":{"weight":1.0,"played":[1.0,0.0],"evs":[0.0,-1.85244]},"85o":{"weight":1.0,"played":[1.0,0.0],"evs":[0.0,-1.87296]},"95o":{"weight":1.0,"played":[1.0,0.0],"evs":[0.0,-1.83979]},"T5o":{"weight":1.0,"played":[1.0,0.0],"evs":[0.0,-1.70239]},"J5o":{"weight":1.0,"played":[1.0,0.0],"evs":[0.0,-1.28759]},"Q5o":{"weight":1.0,"played":[1.0,0.0],"evs":[0.0,-0.79019]},"K5o":{"weight":1.0,"played":[1.0,0.0],"evs":[0.0,-0.27844]},"A5o":{"weight":1.0,"played":[0.0,1.0],"evs":[0.0,0.52043]},"62s":{"weight":1.0,"played":[1.0,0.0],"evs":[0.0,-2.04242]},"63s":{"weight":1.0,"played":[1.0,0.0],"evs":[0.0,-1.75757]},"64s":{"weight":1.0,"played":[1.0,0.0],"evs":[0.0,-1.39601]},"65s":{"weight":1.0,"played":[1.0,0.0],"evs":[0.0,-1.1044]},"66":{"weight":1.0,"played":[0.0,1.0],"evs":[0.0,1.71654]},"76o":{"weight":1.0,"played":[1.0,0.0],"evs":[0.0,-1.49968]},"86o":{"weight":1.0,"played":[1.0,0.0],"evs":[0.0,-1.5607]},"96o":{"weight":1.0,"played":[1.0,0.0],"evs":[0.0,-1.47115]},"T6o":{"weight":1.0,"played":[1.0,0.0],"evs":[0.0,-1.36819]},"J6o":{"weight":1.0,"played":[1.0,0.0],"evs":[0.0,-1.16337]},"Q6o":{"weight":1.0,"played":[1.0,0.0],"evs":[0.0,-0.60093]},"K6o":{"weight":1.0,"played":[0.9999,1.0E-4],"evs":[0.0,-0.13758]},"A6o":{"weight":1.0,"played":[0.0,1.0],"evs":[0.0,0.43366]},"72s":{"weight":1.0,"played":[1.0,0.0],"evs":[0.0,-2.12855]},"73s":{"weight":1.0,"played":[1.0,0.0],"evs":[0.0,-1.7759]},"74s":{"weight":1.0,"played":[1.0,0.0],"evs":[0.0,-1.43711]},"75s":{"weight":1.0,"played":[1.0,0.0],"evs":[0.0,-1.10561]},"76s":{"weight":1.0,"played":[1.0,0.0],"evs":[0.0,-0.77078]},"77":{"weight":1.0,"played":[0.0,1.0],"evs":[0.0,2.24292]},"87o":{"weight":1.0,"played":[1.0,0.0],"evs":[0.0,-1.2147]},"97o":{"weight":1.0,"played":[1.0,0.0],"evs":[0.0,-1.13579]},"T7o":{"weight":1.0,"played":[1.0,0.0],"evs":[0.0,-0.97598]},"J7o":{"weight":1.0,"played":[1.0,0.0],"evs":[0.0,-0.79259]},"Q7o":{"weight":1.0,"played":[1.0,0.0],"evs":[0.0,-0.52989]},"K7o":{"weight":1.0,"played":[0.0081,0.9919],"evs":[0.0,0.05452]},"A7o":{"weight":1.0,"played":[0.0,1.0],"evs":[0.0,0.6566]},"82s":{"weight":1.0,"played":[1.0,0.0],"evs":[0.0,-1.89939]},"83s":{"weight":1.0,"played":[1.0,0.0],"evs":[0.0,-1.8413]},"84s":{"weight":1.0,"played":[1.0,0.0],"evs":[0.0,-1.45664]},"85s":{"weight":1.0,"played":[1.0,0.0],"evs":[0.0,-1.18236]},"86s":{"weight":1.0,"played":[1.0,0.0],"evs":[0.0,-0.85143]},"87s":{"weight":1.0,"played":[1.0,0.0],"evs":[0.0,-0.56257]},"88":{"weight":1.0,"played":[0.0,1.0],"evs":[0.0,2.83294]},"98o":{"weight":1.0,"played":[1.0,0.0],"evs":[0.0,-0.84523]},"T8o":{"weight":1.0,"played":[1.0,0.0],"evs":[0.0,-0.66458]},"J8o":{"weight":1.0,"played":[1.0,0.0],"evs":[0.0,-0.49369]},"Q8o":{"weight":1.0,"played":[0.9999,1.0E-4],"evs":[0.0,-0.19707]},"K8o":{"weight":1.0,"played":[2.0E-4,0.9998],"evs":[0.0,0.13452]},"A8o":{"weight":1.0,"played":[0.0,1.0],"evs":[0.0,0.87111]},"92s":{"weight":1.0,"played":[1.0,0.0],"evs":[0.0,-1.6414]},"93s":{"weight":1.0,"played":[1.0,0.0],"evs":[0.0,-1.55156]},"94s":{"weight":1.0,"played":[1.0,0.0],"evs":[0.0,-1.45502]},"95s":{"weight":1.0,"played":[1.0,0.0],"evs":[0.0,-1.10242]},"96s":{"weight":1.0,"played":[1.0,0.0],"evs":[0.0,-0.80112]},"97s":{"weight":1.0,"played":[1.0,0.0],"evs":[0.0,-0.51591]},"98s":{"weight":1.0,"played":[0.9991,9.0E-4],"evs":[0.0,-0.17325]},"99":{"weight":1.0,"played":[0.0,1.0],"evs":[0.0,3.42232]},"T9o":{"weight":1.0,"played":[1.0,0.0],"evs":[0.0,-0.27502]},"J9o":{"weight":1.0,"played":[1.0,0.0],"evs":[0.0,-0.075]},"Q9o":{"weight":1.0,"played":[1.0E-4,0.9999],"evs":[0.0,0.1606]},"K9o":{"weight":1.0,"played":[0.0,1.0],"evs":[0.0,0.5158]},"A9o":{"weight":1.0,"played":[0.0,1.0],"evs":[0.0,1.16567]},"T2s":{"weight":1.0,"played":[1.0,0.0],"evs":[0.0,-1.34078]},"T3s":{"weight":1.0,"played":[1.0,0.0],"evs":[0.0,-1.24745]},"T4s":{"weight":1.0,"played":[1.0,0.0],"evs":[0.0,-1.10673]},"T5s":{"weight":1.0,"played":[1.0,0.0],"evs":[0.0,-1.04849]},"T6s":{"weight":1.0,"played":[1.0,0.0],"evs":[0.0,-0.6646]},"T7s":{"weight":1.0,"played":[1.0,0.0],"evs":[0.0,-0.35069]},"T8s":{"weight":1.0,"played":[0.6901,0.3099],"evs":[0.0,-0.04036]},"T9s":{"weight":1.0,"played":[0.0,1.0],"evs":[0.0,0.28932]},"TT":{"weight":1.0,"played":[0.0,1.0],"evs":[0.0,4.15357]},"JTo":{"weight":1.0,"played":[0.0,1.0],"evs":[0.0,0.30965]},"QTo":{"weight":1.0,"played":[0.0,1.0],"evs":[0.0,0.65479]},"KTo":{"weight":1.0,"played":[0.0,1.0],"evs":[0.0,0.96743]},"ATo":{"weight":1.0,"played":[0.0,1.0],"evs":[0.0,1.7464]},"J2s":{"weight":1.0,"played":[1.0,0.0],"evs":[0.0,-0.99185]},"J3s":{"weight":1.0,"played":[1.0,0.0],"evs":[0.0,-0.90554]},"J4s":{"weight":1.0,"played":[1.0,0.0],"evs":[0.0,-0.79137]},"J5s":{"weight":1.0,"played":[1.0,0.0],"evs":[0.0,-0.5891]},"J6s":{"weight":1.0,"played":[1.0,0.0],"evs":[0.0,-0.49594]},"J7s":{"weight":1.0,"played":[0.9997,3.0E-4],"evs":[0.0,-0.2014]},"J8s":{"weight":1.0,"played":[0.0069,0.9931],"evs":[0.0,0.15194]},"J9s":{"weight":1.0,"played":[0.0,1.0],"evs":[0.0,0.43485]},"JTs":{"weight":1.0,"played":[0.0,1.0],"evs":[0.0,0.856]},"JJ":{"weight":1.0,"played":[0.0,1.0],"evs":[0.0,4.86365]},"QJo":{"weight":1.0,"played":[0.0,1.0],"evs":[0.0,0.80312]},"KJo":{"weight":1.0,"played":[0.0,1.0],"evs":[0.0,1.23254]},"AJo":{"weight":1.0,"played":[0.0,1.0],"evs":[0.0,2.18723]},"Q2s":{"weight":1.0,"played":[1.0,0.0],"evs":[0.0,-0.55767]},"Q3s":{"weight":1.0,"played":[1.0,0.0],"evs":[0.0,-0.4462]},"Q4s":{"weight":1.0,"played":[0.9998,2.0E-4],"evs":[0.0,-0.27379]},"Q5s":{"weight":1.0,"played":[0.9978,0.0022],"evs":[0.0,-0.15273]},"Q6s":{"weight":1.0,"played":[0.0132,0.9868],"evs":[0.0,0.03554]},"Q7s":{"weight":1.0,"played":[0.0015,0.9985],"evs":[0.0,0.15973]},"Q8s":{"weight":1.0,"played":[0.0,1.0],"evs":[0.0,0.40937]},"Q9s":{"weight":1.0,"played":[0.0,1.0],"evs":[0.0,0.75269]},"QTs":{"weight":1.0,"played":[0.0,1.0],"evs":[0.0,1.23036]},"QJs":{"weight":1.0,"played":[0.0,1.0],"evs":[0.0,1.3549]},"QQ":{"weight":1.0,"played":[0.0,1.0],"evs":[0.0,5.68178]},"KQo":{"weight":1.0,"played":[0.0,1.0],"evs":[0.0,1.58571]},"AQo":{"weight":1.0,"played":[0.0,1.0],"evs":[0.0,2.5556]},"K2s":{"weight":1.0,"played":[0.9166,0.0834],"evs":[0.0,-0.04]},"K3s":{"weight":1.0,"played":[2.0E-4,0.9998],"evs":[0.0,0.0617]},"K4s":{"weight":1.0,"played":[0.0052,0.9948],"evs":[0.0,0.19215]},"K5s":{"weight":1.0,"played":[1.0E-4,0.9999],"evs":[0.0,0.42481]},"K6s":{"weight":1.0,"played":[0.0,1.0],"evs":[0.0,0.52107]},"K7s":{"weight":1.0,"played":[0.0,1.0],"evs":[0.0,0.6693]},"K8s":{"weight":1.0,"played":[0.0,1.0],"evs":[0.0,0.785]},"K9s":{"weight":1.0,"played":[0.0,1.0],"evs":[0.0,1.09542]},"KTs":{"weight":1.0,"played":[0.0,1.0],"evs":[0.0,1.61567]},"KJs":{"weight":1.0,"played":[0.0,1.0],"evs":[0.0,1.78502]},"KQs":{"weight":1.0,"played":[0.0,1.0],"evs":[0.0,2.0433]},"KK":{"weight":1.0,"played":[0.0,1.0],"evs":[0.0,6.58456]},"AKo":{"weight":1.0,"played":[0.0,1.0],"evs":[0.0,2.98643]},"A2s":{"weight":1.0,"played":[0.0,1.0],"evs":[0.0,0.7082]},"A3s":{"weight":1.0,"played":[0.0,1.0],"evs":[0.0,0.75133]},"A4s":{"weight":1.0,"played":[0.0,1.0],"evs":[0.0,0.92001]},"A5s":{"weight":1.0,"played":[0.0,1.0],"evs":[0.0,1.14355]},"A6s":{"weight":1.0,"played":[0.0,1.0],"evs":[0.0,1.05248]},"A7s":{"weight":1.0,"played":[0.0,1.0],"evs":[0.0,1.21633]},"A8s":{"weight":1.0,"played":[0.0,1.0],"evs":[0.0,1.45741]},"A9s":{"weight":1.0,"played":[0.0,1.0],"evs":[0.0,1.75007]},"ATs":{"weight":1.0,"played":[0.0,1.0],"evs":[0.0,2.28913]},"AJs":{"weight":1.0,"played":[0.0,1.0],"evs":[0.0,2.66396]},"AQs":{"weight":1.0,"played":[0.0,1.0],"evs":[0.0,3.10903]},"AKs":{"weight":1.0,"played":[0.0,1.0],"evs":[0.0,3.48226]},"AA":{"weight":1.0,"played":[0.0,1.0],"evs":[0.0,7.88038]}}}