{"player":5,"street":0,"children":2,"sequence":[{"player":0,"type":"R","amount":25120000,"street":0},{"player":1,"type":"F","amount":0,"street":0},{"player":2,"type":"C","amount":4000000,"street":0},{"player":3,"type":"C","amount":25120000,"street":0},{"player":4,"type":"F","amount":0,"street":0}],"actions":[{"type":"F","amount":0},{"type":"C","amount":8160000}],"hands":{"22":{"weight":1.0,"played":[1.0,0.0],"evs":[0.0,-3.62339]},"32o":{"weight":1.0,"played":[1.0,0.0],"evs":[0.0,-5.16483]},"42o":{"weight":1.0,"played":[1.0,0.0],"evs":[0.0,-5.08035]},"52o":{"weight":1.0,"played":[1.0,0.0],"evs":[0.0,-5.08701]},"62o":{"weight":1.0,"played":[1.0,0.0],"evs":[0.0,-5.24895]},"72o":{"weight":1.0,"played":[1.0,0.0],"evs":[0.0,-5.41948]},"82o":{"weight":1.0,"played":[1.0,0.0],"evs":[0.0,-5.25157]},"92o":{"weight":1.0,"played":[1.0,0.0],"evs":[0.0,-5.19699]},"T2o":{"weight":1.0,"played":[1.0,0.0],"evs":[0.0,-5.25924]},"J2o":{"weight":1.0,"played":[1.0,0.0],"evs":[0.0,-5.10452]},"Q2o":{"weight":1.0,"played":[1.0,0.0],"evs":[0.0,-4.80087]},"K2o":{"weight":1.0,"played":[1.0,0.0],"evs":[0.0,-4.71169]},"A2o":{"weight":1.0,"played":[1.0,0.0],"evs":[0.0,-4.86868]},"32s":{"weight":1.0,"played":[1.0,0.0],"evs":[0.0,-4.23779]},"33":{"weight":1.0,"played":[1.0,0.0],"evs":[0.0,-3.42529]},"43o":{"weight":1.0,"played":[1.0,0.0],"evs":[0.0,-4.69816]},"53o":{"weight":1.0,"played":[1.0,0.0],"evs":[0.0,-4.65687]},"63o":{"weight":1.0,"played":[1.0,0.0],"evs":[0.0,-4.88021]},"73o":{"weight":1.0,"played":[1.0,0.0],"evs":[0.0,-5.08983]},"83o":{"weight":1.0,"played":[1.0,0.0],"evs":[0.0,-5.24753]},"93o":{"weight":1.0,"played":[1.0,0.0],"evs":[0.0,-5.01066]},"T3o":{"weight":1.0,"played":[1.0,0.0],"evs":[0.0,-5.02789]},"J3o":{"weight":1.0,"played":[1.0,0.0],"evs":[0.0,-4.92855]},"Q3o":{"weight":1.0,"played":[1.0,0.0],"evs":[0.0,-4.79431]},"K3o":{"weight":1.0,"played":[1.0,0.0],"evs":[0.0,-4.49547]},"A3o":{"weight":1.0,"played":[1.0,0.0],"evs":[0.0,-4.54781]},"42s":{"weight":1.0,"played":[1.0,0.0],"evs":[0.0,-4.00902]},"43s":{"weight":1.0,"played":[1.0,0.0],"evs":[0.0,-3.91734]},"44":{"weight":1.0,"played":[1.0,0.0],"evs":[0.0,-3.20429]},"54o":{"weight":1.0,"played":[1.0,0.0],"evs":[0.0,-4.25615]},"64o":{"weight":1.0,"played":[1.0,0.0],"evs":[0.0,-4.43753]},"74o":{"weight":1.0,"played":[1.0,0.0],"evs":[0.0,-4.69255]},"84o":{"weight":1.0,"played":[1.0,0.0],"evs":[0.0,-4.9104]},"94o":{"weight":1.0,"played":[1.0,0.0],"evs":[0.0,-4.99964]},"T4o":{"weight":1.0,"played":[1.0,0.0],"evs":[0.0,-5.04541]},"J4o":{"weight":1.0,"played":[1.0,0.0],"evs":[0.0,-4.79104]},"Q4o":{"weight":1.0,"played":[1.0,0.0],"evs":[0.0,-4.65151]},"K4o":{"weight":1.0,"played":[1.0,0.0],"evs":[0.0,-4.46624]},"A4o":{"weight":1.0,"played":[1.0,0.0],"evs":[0.0,-4.51192]},"52s":{"weight":1.0,"played":[1.0,0.0],"evs":[0.0,-3.96753]},"53s":{"weight":1.0,"played":[1.0,0.0],"evs":[0.0,-3.81228]},"54s":{"weight":1.0,"played":[1.0,0.0],"evs":[0.0,-3.51597]},"55":{"weight":1.0,"played":[1.0,0.0],"evs":[0.0,-3.03485]},"65o":{"weight":1.0,"played":[1.0,0.0],"evs":[0.0,-4.04455]},"75o":{"weight":1.0,"played":[1.0,0.0],"evs":[0.0,-4.41391]},"85o":{"weight":1.0,"played":[1.0,0.0],"evs":[0.0,-4.58988]},"95o":{"weight":1.0,"played":[1.0,0.0],"evs":[0.0,-4.77037]},"T5o":{"weight":1.0,"played":[1.0,0.0],"evs":[0.0,-4.84595]},"J5o":{"weight":1.0,"played":[1.0,0.0],"evs":[0.0,-4.8351]},"Q5o":{"weight":1.0,"played":[1.0,0.0],"evs":[0.0,-4.3943]},"K5o":{"weight":1.0,"played":[1.0,0.0],"evs":[0.0,-4.18781]},"A5o":{"weight":1.0,"played":[1.0,0.0],"evs":[0.0,-4.47372]},"62s":{"weight":1.0,"played":[1.0,0.0],"evs":[0.0,-4.38979]},"63s":{"weight":1.0,"played":[1.0,0.0],"evs":[0.0,-3.80805]},"64s":{"weight":1.0,"played":[1.0,0.0],"evs":[0.0,-3.5154]},"65s":{"weight":1.0,"played":[1.0,0.0],"evs":[0.0,-3.40574]},"66":{"weight":1.0,"played":[1.0,0.0],"evs":[0.0,-2.49228]},"76o":{"weight":1.0,"played":[1.0,0.0],"evs":[0.0,-4.08841]},"86o":{"weight":1.0,"played":[1.0,0.0],"evs":[0.0,-4.2331]},"96o":{"weight":1.0,"played":[1.0,0.0],"evs":[0.0,-4.39322]},"T6o":{"weight":1.0,"played":[1.0,0.0],"evs":[0.0,-4.59184]},"J6o":{"weight":1.0,"played":[1.0,0.0],"evs":[0.0,-4.71615]},"Q6o":{"weight":1.0,"played":[1.0,0.0],"evs":[0.0,-4.56277]},"K6o":{"weight":1.0,"played":[1.0,0.0],"evs":[0.0,-4.35675]},"A6o":{"weight":1.0,"played":[1.0,0.0],"evs":[0.0,-4.77416]},"72s":{"weight":1.0,"played":[1.0,0.0],"evs":[0.0,-4.58411]},"73s":{"weight":1.0,"played":[1.0,0.0],"evs":[0.0,-4.14342]},"74s":{"weight":1.0,"played":[1.0,0.0],"evs":[0.0,-3.68594]},"75s":{"weight":1.0,"played":[1.0,0.0],"evs":[0.0,-3.45156]},"76s":{"weight":1.0,"played":[1.0,0.0],"evs":[0.0,-3.26351]},"77":{"weight":1.0,"played":[1.0,0.0],"evs":[0.0,-2.00732]},"87o":{"weight":1.0,"played":[1.0,0.0],"evs":[0.0,-3.92765]},"97o":{"weight":1.0,"played":[1.0,0.0],"evs":[0.0,-4.01562]},"T7o":{"weight":1.0,"played":[1.0,0.0],"evs":[0.0,-4.36625]},"J7o":{"weight":1.0,"played":[1.0,0.0],"evs":[0.0,-4.42571]},"Q7o":{"weight":1.0,"played":[1.0,0.0],"evs":[0.0,-4.27401]},"K7o":{"weight":1.0,"played":[1.0,0.0],"evs":[0.0,-4.06759]},"A7o":{"weight":1.0,"played":[1.0,0.0],"evs":[0.0,-4.37941]},"82s":{"weight":1.0,"played":[1.0,0.0],"evs":[0.0,-4.30554]},"83s":{"weight":1.0,"played":[1.0,0.0],"evs":[0.0,-4.34619]},"84s":{"weight":1.0,"played":[1.0,0.0],"evs":[0.0,-3.99272]},"85s":{"weight":1.0,"played":[1.0,0.0],"evs":[0.0,-3.84728]},"86s":{"weight":1.0,"played":[1.0,0.0],"evs":[0.0,-3.51596]},"87s":{"weight":1.0,"played":[1.0,0.0],"evs":[0.0,-2.95516]},"88":{"weight":1.0,"played":[1.0,0.0],"evs":[0.0,-1.27528]},"98o":{"weight":1.0,"played":[1.0,0.0],"evs":[0.0,-3.7456]},"T8o":{"weight":1.0,"played":[1.0,0.0],"evs":[0.0,-3.86139]},"J8o":{"weight":1.0,"played":[1.0,0.0],"evs":[0.0,-4.12263]},"Q8o":{"weight":1.0,"played":[1.0,0.0],"evs":[0.0,-4.06223]},"K8o":{"weight":1.0,"played":[1.0,0.0],"evs":[0.0,-4.05149]},"A8o":{"weight":1.0,"played":[1.0,0.0],"evs":[0.0,-4.17918]},"92s":{"weight":1.0,"played":[1.0,0.0],"evs":[0.0,-4.31244]},"93s":{"weight":1.0,"played":[1.0,0.0],"evs":[0.0,-4.1783]},"94s":{"weight":1.0,"played":[1.0,0.0],"evs":[0.0,-4.07614]},"95s":{"weight":1.0,"played":[1.0,0.0],"evs":[0.0,-3.81905]},"96s":{"weight":1.0,"played":[1.0,0.0],"evs":[0.0,-3.55059]},"97s":{"weight":1.0,"played":[1.0,0.0],"evs":[0.0,-3.07672]},"98s":{"weight":1.0,"played":[1.0,0.0],"evs":[0.0,-3.02164]},"99":{"weight":1.0,"played":[1.0,0.0],"evs":[0.0,-0.66585]},"T9o":{"weight":1.0,"played":[1.0,0.0],"evs":[0.0,-3.595]},"J9o":{"weight":1.0,"played":[1.0,0.0],"evs":[0.0,-3.69259]},"Q9o":{"weight":1.0,"played":[1.0,0.0],"evs":[0.0,-3.69269]},"K9o":{"weight":1.0,"played":[1.0,0.0],"evs":[0.0,-3.72842]},"A9o":{"weight":1.0,"played":[1.0,0.0],"evs":[0.0,-4.05473]},"T2s":{"weight":1.0,"played":[1.0,0.0],"evs":[0.0,-4.2192]},"T3s":{"weight":1.0,"played":[1.0,0.0],"evs":[0.0,-4.19929]},"T4s":{"weight":1.0,"played":[1.0,0.0],"evs":[0.0,-4.2095]},"T5s":{"weight":1.0,"played":[1.0,0.0],"evs":[0.0,-4.14031]},"T6s":{"weight":1.0,"played":[1.0,0.0],"evs":[0.0,-3.60579]},"T7s":{"weight":1.0,"played":[1.0,0.0],"evs":[0.0,-3.38056]},"T8s":{"weight":1.0,"played":[1.0,0.0],"evs":[0.0,-3.10928]},"T9s":{"weight":1.0,"played":[1.0,0.0],"evs":[0.0,-2.63779]},"TT":{"weight":1.0,"played":[0.2162,0.7838],"evs":[0.0,0.11415]},"JTo":{"weight":1.0,"played":[1.0,0.0],"evs":[0.0,-3.43685]},"QTo":{"weight":1.0,"played":[1.0,0.0],"evs":[0.0,-3.33079]},"KTo":{"weight":1.0,"played":[1.0,0.0],"evs":[0.0,-3.32829]},"ATo":{"weight":1.0,"played":[1.0,0.0],"evs":[0.0,-3.34881]},"J2s":{"weight":1.0,"played":[1.0,0.0],"evs":[0.0,-4.27402]},"J3s":{"weight":1.0,"played":[1.0,0.0],"evs":[0.0,-3.98168]},"J4s":{"weight":1.0,"played":[1.0,0.0],"evs":[0.0,-3.85496]},"J5s":{"weight":1.0,"played":[1.0,0.0],"evs":[0.0,-3.85253]},"J6s":{"weight":1.0,"played":[1.0,0.0],"evs":[0.0,-4.02375]},"J7s":{"weight":1.0,"played":[1.0,0.0],"evs":[0.0,-3.42938]},"J8s":{"weight":1.0,"played":[1.0,0.0],"evs":[0.0,-3.22844]},"J9s":{"weight":1.0,"played":[1.0,0.0],"evs":[0.0,-2.93848]},"JTs":{"weight":1.0,"played":[1.0,0.0],"evs":[0.0,-2.50206]},"JJ":{"weight":1.0,"played":[0.0,1.0],"evs":[0.0,1.41464]},"QJo":{"weight":1.0,"played":[1.0,0.0],"evs":[0.0,-3.19621]},"KJo":{"weight":1.0,"played":[1.0,0.0],"evs":[0.0,-3.15066]},"AJo":{"weight":1.0,"played":[1.0,0.0],"evs":[0.0,-2.58969]},"Q2s":{"weight":1.0,"played":[1.0,0.0],"evs":[0.0,-4.02252]},"Q3s":{"weight":1.0,"played":[1.0,0.0],"evs":[0.0,-3.67086]},"Q4s":{"weight":1.0,"played":[1.0,0.0],"evs":[0.0,-3.69806]},"Q5s":{"weight":1.0,"played":[1.0,0.0],"evs":[0.0,-3.72959]},"Q6s":{"weight":1.0,"played":[1.0,0.0],"evs":[0.0,-3.70643]},"Q7s":{"weight":1.0,"played":[1.0,0.0],"evs":[0.0,-3.59225]},"Q8s":{"weight":1.0,"played":[1.0,0.0],"evs":[0.0,-3.18713]},"Q9s":{"weight":1.0,"played":[1.0,0.0],"evs":[0.0,-3.07115]},"QTs":{"weight":1.0,"played":[1.0,0.0],"evs":[0.0,-2.60776]},"QJs":{"weight":1.0,"played":[1.0,0.0],"evs":[0.0,-2.50652]},"QQ":{"weight":1.0,"played":[0.0,1.0],"evs":[0.0,2.80558]},"KQo":{"weight":1.0,"played":[1.0,0.0],"evs":[0.0,-2.5111]},"AQo":{"weight":1.0,"played":[1.0,0.0],"evs":[0.0,-1.62109]},"K2s":{"weight":1.0,"played":[1.0,0.0],"evs":[0.0,-3.59604]},"K3s":{"weight":1.0,"played":[1.0,0.0],"evs":[0.0,-3.58578]},"K4s":{"weight":1.0,"played":[1.0,0.0],"evs":[0.0,-3.42612]},"K5s":{"weight":1.0,"played":[1.0,0.0],"evs":[0.0,-3.37291]},"K6s":{"weight":1.0,"played":[1.0,0.0],"evs":[0.0,-3.24672]},"K7s":{"weight":1.0,"played":[1.0,0.0],"evs":[0.0,-3.28397]},"K8s":{"weight":1.0,"played":[1.0,0.0],"evs":[0.0,-3.19812]},"K9s":{"weight":1.0,"played":[1.0,0.0],"evs":[0.0,-2.94066]},"KTs":{"weight":1.0,"played":[1.0,0.0],"evs":[0.0,-2.79597]},"KJs":{"weight":1.0,"played":[1.0,0.0],"evs":[0.0,-2.36807]},"KQs":{"weight":1.0,"played":[1.0,0.0],"evs":[0.0,-1.97519]},"KK":{"weight":1.0,"played":[0.0,1.0],"evs":[0.0,4.44342]},"AKo":{"weight":1.0,"played":[0.9998,2.0E-4],"evs":[0.0,-0.80465]},"A2s":{"weight":1.0,"played":[1.0,0.0],"evs":[0.0,-3.48518]},"A3s":{"weight":1.0,"played":[1.0,0.0],"evs":[0.0,-3.52378]},"A4s":{"weight":1.0,"played":[1.0,0.0],"evs":[0.0,-3.20737]},"A5s":{"weight":1.0,"played":[1.0,0.0],"evs":[0.0,-3.43964]},"A6s":{"weight":1.0,"played":[1.0,0.0],"evs":[0.0,-3.92675]},"A7s":{"weight":1.0,"played":[1.0,0.0],"evs":[0.0,-3.57524]},"A8s":{"weight":1.0,"played":[1.0,0.0],"evs":[0.0,-3.36261]},"A9s":{"weight":1.0,"played":[1.0,0.0],"evs":[0.0,-2.73203]},"ATs":{"weight":1.0,"played":[1.0,0.0],"evs":[0.0,-2.47344]},"AJs":{"weight":1.0,"played":[0.9999,1.0E-4],"evs":[0.0,-1.84764]},"AQs":{"weight":1.0,"played":[1.0,0.0],"evs":[0.0,-0.79412]},"AKs":{"weight":1.0,"played":[0.9959,0.0041],"evs":[0.0,-0.15498]},"AA":{"weight":1.0,"played":[0.0,1.0],"evs":[0.0,6.85692]}}}