{"player":2,"street":0,"children":2,"sequence":[{"player":0,"type":"R","amount":25120000,"street":0},{"player":1,"type":"C","amount":1120000,"street":0}],"actions":[{"type":"F","amount":0,"node":50},{"type":"C","amount":4000000,"node":56}],"hands":{"22":{"weight":1.0,"played":[1.0,0.0],"evs":[0.0,-0.82801]},"32o":{"weight":1.0,"played":[1.0,0.0],"evs":[0.0,-2.25647]},"42o":{"weight":1.0,"played":[1.0,0.0],"evs":[0.0,-2.14842]},"52o":{"weight":1.0,"played":[1.0,0.0],"evs":[0.0,-2.04324]},"62o":{"weight":1.0,"played":[1.0,0.0],"evs":[0.0,-2.20279]},"72o":{"weight":1.0,"played":[1.0,0.0],"evs":[0.0,-2.31393]},"82o":{"weight":1.0,"played":[1.0,0.0],"evs":[0.0,-2.17164]},"92o":{"weight":1.0,"played":[1.0,0.0],"evs":[0.0,-2.12904]},"T2o":{"weight":1.0,"played":[1.0,0.0],"evs":[0.0,-1.9644]},"J2o":{"weight":1.0,"played":[1.0,0.0],"evs":[0.0,-1.92626]},"Q2o":{"weight":1.0,"played":[1.0,0.0],"evs":[0.0,-1.68038]},"K2o":{"weight":1.0,"played":[1.0,0.0],"evs":[0.0,-1.37159]},"A2o":{"weight":1.0,"played":[1.0,0.0],"evs":[0.0,-0.933]},"32s":{"weight":1.0,"played":[1.0,0.0],"evs":[0.0,-1.65513]},"33":{"weight":1.0,"played":[1.0,0.0],"evs":[0.0,-0.57486]},"43o":{"weight":1.0,"played":[1.0,0.0],"evs":[0.0,-1.87123]},"53o":{"weight":1.0,"played":[1.0,0.0],"evs":[0.0,-1.7785]},"63o":{"weight":1.0,"played":[1.0,0.0],"evs":[0.0,-1.93249]},"73o":{"weight":1.0,"played":[1.0,0.0],"evs":[0.0,-2.04031]},"83o":{"weight":1.0,"played":[1.0,0.0],"evs":[0.0,-2.17279]},"93o":{"weight":1.0,"played":[1.0,0.0],"evs":[0.0,-2.04408]},"T3o":{"weight":1.0,"played":[1.0,0.0],"evs":[0.0,-1.90205]},"J3o":{"weight":1.0,"played":[1.0,0.0],"evs":[0.0,-1.82334]},"Q3o":{"weight":1.0,"played":[1.0,0.0],"evs":[0.0,-1.54822]},"K3o":{"weight":1.0,"played":[1.0,0.0],"evs":[0.0,-1.25691]},"A3o":{"weight":1.0,"played":[1.0,0.0],"evs":[0.0,-0.82537]},"42s":{"weight":1.0,"played":[1.0,0.0],"evs":[0.0,-1.56329]},"43s":{"weight":1.0,"played":[1.0,0.0],"evs":[0.0,-1.33321]},"44":{"weight":1.0,"played":[1.0,0.0],"evs":[0.0,-0.3546]},"54o":{"weight":1.0,"played":[1.0,0.0],"evs":[0.0,-1.52674]},"64o":{"weight":1.0,"played":[1.0,0.0],"evs":[0.0,-1.62718]},"74o":{"weight":1.0,"played":[1.0,0.0],"evs":[0.0,-1.75632]},"84o":{"weight":1.0,"played":[1.0,0.0],"evs":[0.0,-1.89994]},"94o":{"weight":1.0,"played":[1.0,0.0],"evs":[0.0,-1.97334]},"T4o":{"weight":1.0,"played":[1.0,0.0],"evs":[0.0,-1.81465]},"J4o":{"weight":1.0,"played":[1.0,0.0],"evs":[0.0,-1.71021]},"Q4o":{"weight":1.0,"played":[1.0,0.0],"evs":[0.0,-1.46181]},"K4o":{"weight":1.0,"played":[1.0,0.0],"evs":[0.0,-1.13156]},"A4o":{"weight":1.0,"played":[1.0,0.0],"evs":[0.0,-0.70242]},"52s":{"weight":1.0,"played":[1.0,0.0],"evs":[0.0,-1.42827]},"53s":{"weight":1.0,"played":[1.0,0.0],"evs":[0.0,-1.18636]},"54s":{"weight":1.0,"played":[1.0,0.0],"evs":[0.0,-0.88596]},"55":{"weight":1.0,"played":[0.2733,0.7267],"evs":[0.0,0.01074]},"65o":{"weight":1.0,"played":[1.0,0.0],"evs":[0.0,-1.3815]},"75o":{"weight":1.0,"played":[1.0,0.0],"evs":[0.0,-1.47982]},"85o":{"weight":1.0,"played":[1.0,0.0],"evs":[0.0,-1.58037]},"95o":{"weight":1.0,"played":[1.0,0.0],"evs":[0.0,-1.70608]},"T5o":{"weight":1.0,"played":[1.0,0.0],"evs":[0.0,-1.73183]},"J5o":{"weight":1.0,"played":[1.0,0.0],"evs":[0.0,-1.59998]},"Q5o":{"weight":1.0,"played":[1.0,0.0],"evs":[0.0,-1.33116]},"K5o":{"weight":1.0,"played":[1.0,0.0],"evs":[0.0,-0.9748]},"A5o":{"weight":1.0,"played":[1.0,0.0],"evs":[0.0,-0.58461]},"62s":{"weight":1.0,"played":[1.0,0.0],"evs":[0.0,-1.62812]},"63s":{"weight":1.0,"played":[1.0,0.0],"evs":[0.0,-1.34529]},"64s":{"weight":1.0,"played":[1.0,0.0],"evs":[0.0,-1.04284]},"65s":{"weight":1.0,"played":[1.0,0.0],"evs":[0.0,-0.83558]},"66":{"weight":1.0,"played":[0.0,1.0],"evs":[0.0,0.30009]},"76o":{"weight":1.0,"played":[1.0,0.0],"evs":[0.0,-1.22171]},"86o":{"weight":1.0,"played":[1.0,0.0],"evs":[0.0,-1.3362]},"96o":{"weight":1.0,"played":[1.0,0.0],"evs":[0.0,-1.41128]},"T6o":{"weight":1.0,"played":[1.0,0.0],"evs":[0.0,-1.45658]},"J6o":{"weight":1.0,"played":[1.0,0.0],"evs":[0.0,-1.53798]},"Q6o":{"weight":1.0,"played":[1.0,0.0],"evs":[0.0,-1.20056]},"K6o":{"weight":1.0,"played":[1.0,0.0],"evs":[0.0,-0.8874]},"A6o":{"weight":1.0,"played":[1.0,0.0],"evs":[0.0,-0.69764]},"72s":{"weight":1.0,"played":[1.0,0.0],"evs":[0.0,-1.71699]},"73s":{"weight":1.0,"played":[1.0,0.0],"evs":[0.0,-1.40896]},"74s":{"weight":1.0,"played":[1.0,0.0],"evs":[0.0,-1.14085]},"75s":{"weight":1.0,"played":[1.0,0.0],"evs":[0.0,-0.91362]},"76s":{"weight":1.0,"played":[1.0,0.0],"evs":[0.0,-0.69613]},"77":{"weight":1.0,"played":[0.0,1.0],"evs":[0.0,0.66527]},"87o":{"weight":1.0,"played":[1.0,0.0],"evs":[0.0,-1.10598]},"97o":{"weight":1.0,"played":[1.0,0.0],"evs":[0.0,-1.12992]},"T7o":{"weight":1.0,"played":[1.0,0.0],"evs":[0.0,-1.15724]},"J7o":{"weight":1.0,"played":[1.0,0.0],"evs":[0.0,-1.26236]},"Q7o":{"weight":1.0,"played":[1.0,0.0],"evs":[0.0,-1.09937]},"K7o":{"weight":1.0,"played":[1.0,0.0],"evs":[0.0,-0.7605]},"A7o":{"weight":1.0,"played":[1.0,0.0],"evs":[0.0,-0.50258]},"82s":{"weight":1.0,"played":[1.0,0.0],"evs":[0.0,-1.59544]},"83s":{"weight":1.0,"played":[1.0,0.0],"evs":[0.0,-1.49988]},"84s":{"weight":1.0,"played":[1.0,0.0],"evs":[0.0,-1.29306]},"85s":{"weight":1.0,"played":[1.0,0.0],"evs":[0.0,-0.91764]},"86s":{"weight":1.0,"played":[1.0,0.0],"evs":[0.0,-0.70575]},"87s":{"weight":1.0,"played":[1.0,0.0],"evs":[0.0,-0.514]},"88":{"weight":1.0,"played":[0.0,1.0],"evs":[0.0,1.07567]},"98o":{"weight":1.0,"played":[1.0,0.0],"evs":[0.0,-0.95902]},"T8o":{"weight":1.0,"played":[1.0,0.0],"evs":[0.0,-0.90906]},"J8o":{"weight":1.0,"played":[1.0,0.0],"evs":[0.0,-0.94452]},"Q8o":{"weight":1.0,"played":[1.0,0.0],"evs":[0.0,-0.87669]},"K8o":{"weight":1.0,"played":[1.0,0.0],"evs":[0.0,-0.66762]},"A8o":{"weight":1.0,"played":[1.0,0.0],"evs":[0.0,-0.40208]},"92s":{"weight":1.0,"played":[1.0,0.0],"evs":[0.0,-1.48887]},"93s":{"weight":1.0,"played":[1.0,0.0],"evs":[0.0,-1.38134]},"94s":{"weight":1.0,"played":[1.0,0.0],"evs":[0.0,-1.36458]},"95s":{"weight":1.0,"played":[1.0,0.0],"evs":[0.0,-1.05772]},"96s":{"weight":1.0,"played":[1.0,0.0],"evs":[0.0,-0.87317]},"97s":{"weight":1.0,"played":[1.0,0.0],"evs":[0.0,-0.56357]},"98s":{"weight":1.0,"played":[0.9995,5.0E-4],"evs":[0.0,-0.4462]},"99":{"weight":1.0,"played":[0.0,1.0],"evs":[0.0,1.48925]},"T9o":{"weight":1.0,"played":[1.0,0.0],"evs":[0.0,-0.62358]},"J9o":{"weight":1.0,"played":[1.0,0.0],"evs":[0.0,-0.74271]},"Q9o":{"weight":1.0,"played":[1.0,0.0],"evs":[0.0,-0.59606]},"K9o":{"weight":1.0,"played":[0.9997,3.0E-4],"evs":[0.0,-0.39789]},"A9o":{"weight":1.0,"played":[0.9999,1.0E-4],"evs":[0.0,-0.25552]},"T2s":{"weight":1.0,"played":[1.0,0.0],"evs":[0.0,-1.39173]},"T3s":{"weight":1.0,"played":[1.0,0.0],"evs":[0.0,-1.28943]},"T4s":{"weight":1.0,"played":[1.0,0.0],"evs":[0.0,-1.19772]},"T5s":{"weight":1.0,"played":[1.0,0.0],"evs":[0.0,-1.14541]},"T6s":{"weight":1.0,"played":[1.0,0.0],"evs":[0.0,-0.80472]},"T7s":{"weight":1.0,"played":[1.0,0.0],"evs":[0.0,-0.64066]},"T8s":{"weight":1.0,"played":[1.0,0.0],"evs":[0.0,-0.36801]},"T9s":{"weight":1.0,"played":[0.9968,0.0032],"evs":[0.0,-0.14583]},"TT":{"weight":1.0,"played":[0.0,1.0],"evs":[0.0,2.07713]},"JTo":{"weight":1.0,"played":[1.0,0.0],"evs":[0.0,-0.4186]},"QTo":{"weight":1.0,"played":[0.9997,3.0E-4],"evs":[0.0,-0.25231]},"KTo":{"weight":1.0,"played":[0.9836,0.0164],"evs":[0.0,-0.0567]},"ATo":{"weight":1.0,"played":[5.0E-4,0.9995],"evs":[0.0,0.14377]},"J2s":{"weight":1.0,"played":[1.0,0.0],"evs":[0.0,-1.30625]},"J3s":{"weight":1.0,"played":[1.0,0.0],"evs":[0.0,-1.18504]},"J4s":{"weight":1.0,"played":[1.0,0.0],"evs":[0.0,-1.0807]},"J5s":{"weight":1.0,"played":[1.0,0.0],"evs":[0.0,-0.99622]},"J6s":{"weight":1.0,"played":[1.0,0.0],"evs":[0.0,-0.88113]},"J7s":{"weight":1.0,"played":[1.0,0.0],"evs":[0.0,-0.7003]},"J8s":{"weight":1.0,"played":[0.9992,8.0E-4],"evs":[0.0,-0.42391]},"J9s":{"weight":1.0,"played":[0.9987,0.0013],"evs":[0.0,-0.16398]},"JTs":{"weight":1.0,"played":[3.0E-4,0.9997],"evs":[0.0,0.12872]},"JJ":{"weight":1.0,"played":[0.0,1.0],"evs":[0.0,2.7266]},"QJo":{"weight":1.0,"played":[0.9879,0.0121],"evs":[0.0,-0.20691]},"KJo":{"weight":1.0,"played":[0.0,1.0],"evs":[0.0,0.07495]},"AJo":{"weight":1.0,"played":[0.0,1.0],"evs":[0.0,0.33656]},"Q2s":{"weight":1.0,"played":[0.9999,1.0E-4],"evs":[0.0,-1.04894]},"Q3s":{"weight":1.0,"played":[1.0,0.0],"evs":[0.0,-0.85274]},"Q4s":{"weight":1.0,"played":[1.0,0.0],"evs":[0.0,-0.85486]},"Q5s":{"weight":1.0,"played":[1.0,0.0],"evs":[0.0,-0.66781]},"Q6s":{"weight":1.0,"played":[0.9999,1.0E-4],"evs":[0.0,-0.62261]},"Q7s":{"weight":1.0,"played":[1.0,0.0],"evs":[0.0,-0.51296]},"Q8s":{"weight":1.0,"played":[0.9993,7.0E-4],"evs":[0.0,-0.29374]},"Q9s":{"weight":1.0,"played":[0.9505,0.0495],"evs":[0.0,-0.06789]},"QTs":{"weight":1.0,"played":[0.0,1.0],"evs":[0.0,0.263]},"QJs":{"weight":1.0,"played":[0.0,1.0],"evs":[0.0,0.34907]},"QQ":{"weight":1.0,"played":[0.0,1.0],"evs":[0.0,3.58555]},"KQo":{"weight":1.0,"played":[0.0,1.0],"evs":[0.0,0.36065]},"AQo":{"weight":1.0,"played":[0.0,1.0],"evs":[0.0,0.83833]},"K2s":{"weight":1.0,"played":[1.0,0.0],"evs":[0.0,-0.74648]},"K3s":{"weight":1.0,"played":[1.0,0.0],"evs":[0.0,-0.60639]},"K4s":{"weight":1.0,"played":[1.0,0.0],"evs":[0.0,-0.46552]},"K5s":{"weight":1.0,"played":[0.9997,3.0E-4],"evs":[0.0,-0.4188]},"K6s":{"weight":1.0,"played":[0.9995,5.0E-4],"evs":[0.0,-0.25594]},"K7s":{"weight":1.0,"played":[0.9727,0.0273],"evs":[0.0,-0.16319]},"K8s":{"weight":1.0,"played":[0.9878,0.0122],"evs":[0.0,-0.04225]},"K9s":{"weight":1.0,"played":[6.0E-4,0.9994],"evs":[0.0,0.20296]},"KTs":{"weight":1.0,"played":[0.0,1.0],"evs":[0.0,0.56389]},"KJs":{"weight":1.0,"played":[0.0,1.0],"evs":[0.0,0.55918]},"KQs":{"weight":1.0,"played":[0.0,1.0],"evs":[0.0,0.83448]},"KK":{"weight":1.0,"played":[0.0,1.0],"evs":[0.0,4.62566]},"AKo":{"weight":1.0,"played":[0.0,1.0],"evs":[0.0,1.32051]},"A2s":{"weight":1.0,"played":[0.9999,1.0E-4],"evs":[0.0,-0.27189]},"A3s":{"weight":1.0,"played":[0.9984,0.0016],"evs":[0.0,-0.26442]},"A4s":{"weight":1.0,"played":[0.9962,0.0038],"evs":[0.0,-0.08034]},"A5s":{"weight":1.0,"played":[2.0E-4,0.9998],"evs":[0.0,0.05065]},"A6s":{"weight":1.0,"played":[0.9987,0.0013],"evs":[0.0,-0.0422]},"A7s":{"weight":1.0,"played":[0.0039,0.9961],"evs":[0.0,0.10705]},"A8s":{"weight":1.0,"played":[0.0,1.0],"evs":[0.0,0.22376]},"A9s":{"weight":1.0,"played":[1.0E-4,0.9999],"evs":[0.0,0.31111]},"ATs":{"weight":1.0,"played":[0.0,1.0],"evs":[0.0,0.66858]},"AJs":{"weight":1.0,"played":[0.0,1.0],"evs":[0.0,0.94579]},"AQs":{"weight":1.0,"played":[0.0,1.0],"evs":[0.0,1.3017]},"AKs":{"weight":1.0,"played":[0.0,1.0],"evs":[0.0,1.7418]},"AA":{"weight":1.0,"played":[0.0,1.0],"evs":[0.0,6.08803]}}}