{"player":5,"street":0,"children":2,"sequence":[{"player":0,"type":"R","amount":25120000,"street":0},{"player":1,"type":"C","amount":1120000,"street":0},{"player":2,"type":"F","amount":0,"street":0},{"player":3,"type":"C","amount":25120000,"street":0},{"player":4,"type":"C","amount":1440000,"street":0}],"actions":[{"type":"F","amount":0},{"type":"C","amount":8160000}],"hands":{"22":{"weight":1.0,"played":[0.9998,2.0E-4],"evs":[0.0,-0.50321]},"32o":{"weight":1.0,"played":[1.0,0.0],"evs":[0.0,-2.57655]},"42o":{"weight":1.0,"played":[1.0,0.0],"evs":[0.0,-2.53034]},"52o":{"weight":1.0,"played":[1.0,0.0],"evs":[0.0,-2.3092]},"62o":{"weight":1.0,"played":[1.0,0.0],"evs":[0.0,-2.53412]},"72o":{"weight":1.0,"played":[1.0,0.0],"evs":[0.0,-2.72792]},"82o":{"weight":1.0,"played":[1.0,0.0],"evs":[0.0,-2.63186]},"92o":{"weight":1.0,"played":[1.0,0.0],"evs":[0.0,-2.58209]},"T2o":{"weight":1.0,"played":[1.0,0.0],"evs":[0.0,-2.46177]},"J2o":{"weight":1.0,"played":[1.0,0.0],"evs":[0.0,-2.42458]},"Q2o":{"weight":1.0,"played":[1.0,0.0],"evs":[0.0,-2.31913]},"K2o":{"weight":1.0,"played":[1.0,0.0],"evs":[0.0,-2.07533]},"A2o":{"weight":1.0,"played":[1.0,0.0],"evs":[0.0,-1.35235]},"32s":{"weight":1.0,"played":[1.0,0.0],"evs":[0.0,-1.64992]},"33":{"weight":1.0,"played":[0.9998,2.0E-4],"evs":[0.0,-0.24399]},"43o":{"weight":1.0,"played":[1.0,0.0],"evs":[0.0,-2.07448]},"53o":{"weight":1.0,"played":[1.0,0.0],"evs":[0.0,-2.00852]},"63o":{"weight":1.0,"played":[1.0,0.0],"evs":[0.0,-2.18643]},"73o":{"weight":1.0,"played":[1.0,0.0],"evs":[0.0,-2.30604]},"83o":{"weight":1.0,"played":[1.0,0.0],"evs":[0.0,-2.5606]},"93o":{"weight":1.0,"played":[1.0,0.0],"evs":[0.0,-2.52706]},"T3o":{"weight":1.0,"played":[1.0,0.0],"evs":[0.0,-2.46751]},"J3o":{"weight":1.0,"played":[1.0,0.0],"evs":[0.0,-2.2799]},"Q3o":{"weight":1.0,"played":[1.0,0.0],"evs":[0.0,-2.24189]},"K3o":{"weight":1.0,"played":[1.0,0.0],"evs":[0.0,-1.87508]},"A3o":{"weight":1.0,"played":[1.0,0.0],"evs":[0.0,-1.21582]},"42s":{"weight":1.0,"played":[1.0,0.0],"evs":[0.0,-1.53319]},"43s":{"weight":1.0,"played":[0.9999,1.0E-4],"evs":[0.0,-1.04067]},"44":{"weight":1.0,"played":[0.6735,0.3265],"evs":[0.0,-0.05993]},"54o":{"weight":1.0,"played":[0.9999,1.0E-4],"evs":[0.0,-1.49448]},"64o":{"weight":1.0,"played":[1.0,0.0],"evs":[0.0,-1.74862]},"74o":{"weight":1.0,"played":[1.0,0.0],"evs":[0.0,-2.00053]},"84o":{"weight":1.0,"played":[1.0,0.0],"evs":[0.0,-2.21335]},"94o":{"weight":1.0,"played":[1.0,0.0],"evs":[0.0,-2.45924]},"T4o":{"weight":1.0,"played":[1.0,0.0],"evs":[0.0,-2.2429]},"J4o":{"weight":1.0,"played":[1.0,0.0],"evs":[0.0,-2.22873]},"Q4o":{"weight":1.0,"played":[1.0,0.0],"evs":[0.0,-2.08455]},"K4o":{"weight":1.0,"played":[1.0,0.0],"evs":[0.0,-1.73785]},"A4o":{"weight":1.0,"played":[1.0,0.0],"evs":[0.0,-1.03162]},"52s":{"weight":1.0,"played":[0.9999,1.0E-4],"evs":[0.0,-1.33977]},"53s":{"weight":1.0,"played":[0.9998,2.0E-4],"evs":[0.0,-1.07545]},"54s":{"weight":1.0,"played":[0.9999,1.0E-4],"evs":[0.0,-0.69264]},"55":{"weight":1.0,"played":[0.0064,0.9936],"evs":[0.0,0.35018]},"65o":{"weight":1.0,"played":[1.0,0.0],"evs":[0.0,-1.37027]},"75o":{"weight":1.0,"played":[1.0,0.0],"evs":[0.0,-1.67297]},"85o":{"weight":1.0,"played":[1.0,0.0],"evs":[0.0,-1.76669]},"95o":{"weight":1.0,"played":[1.0,0.0],"evs":[0.0,-2.08273]},"T5o":{"weight":1.0,"played":[1.0,0.0],"evs":[0.0,-2.22006]},"J5o":{"weight":1.0,"played":[1.0,0.0],"evs":[0.0,-2.16862]},"Q5o":{"weight":1.0,"played":[1.0,0.0],"evs":[0.0,-2.02037]},"K5o":{"weight":1.0,"played":[1.0,0.0],"evs":[0.0,-1.67853]},"A5o":{"weight":1.0,"played":[1.0,0.0],"evs":[0.0,-0.85405]},"62s":{"weight":1.0,"played":[1.0,0.0],"evs":[0.0,-1.41464]},"63s":{"weight":1.0,"played":[1.0,0.0],"evs":[0.0,-1.12193]},"64s":{"weight":1.0,"played":[0.9999,1.0E-4],"evs":[0.0,-1.095]},"65s":{"weight":1.0,"played":[1.0,0.0],"evs":[0.0,-0.66098]},"66":{"weight":1.0,"played":[0.0,1.0],"evs":[0.0,1.1605]},"76o":{"weight":1.0,"played":[1.0,0.0],"evs":[0.0,-1.19324]},"86o":{"weight":1.0,"played":[1.0,0.0],"evs":[0.0,-1.44068]},"96o":{"weight":1.0,"played":[1.0,0.0],"evs":[0.0,-1.6461]},"T6o":{"weight":1.0,"played":[1.0,0.0],"evs":[0.0,-1.80123]},"J6o":{"weight":1.0,"played":[1.0,0.0],"evs":[0.0,-1.92295]},"Q6o":{"weight":1.0,"played":[1.0,0.0],"evs":[0.0,-1.71116]},"K6o":{"weight":1.0,"played":[1.0,0.0],"evs":[0.0,-1.4383]},"A6o":{"weight":1.0,"played":[1.0,0.0],"evs":[0.0,-1.08652]},"72s":{"weight":1.0,"played":[1.0,0.0],"evs":[0.0,-1.65598]},"73s":{"weight":1.0,"played":[1.0,0.0],"evs":[0.0,-1.34637]},"74s":{"weight":1.0,"played":[0.9999,1.0E-4],"evs":[0.0,-1.24868]},"75s":{"weight":1.0,"played":[0.9984,0.0016],"evs":[0.0,-0.79342]},"76s":{"weight":1.0,"played":[0.9996,4.0E-4],"evs":[0.0,-0.45582]},"77":{"weight":1.0,"played":[0.0,1.0],"evs":[0.0,1.6185]},"87o":{"weight":1.0,"played":[1.0,0.0],"evs":[0.0,-1.04717]},"97o":{"weight":1.0,"played":[1.0,0.0],"evs":[0.0,-1.21526]},"T7o":{"weight":1.0,"played":[1.0,0.0],"evs":[0.0,-1.3682]},"J7o":{"weight":1.0,"played":[1.0,0.0],"evs":[0.0,-1.64371]},"Q7o":{"weight":1.0,"played":[1.0,0.0],"evs":[0.0,-1.64562]},"K7o":{"weight":1.0,"played":[1.0,0.0],"evs":[0.0,-1.32816]},"A7o":{"weight":1.0,"played":[1.0,0.0],"evs":[0.0,-0.77573]},"82s":{"weight":1.0,"played":[1.0,0.0],"evs":[0.0,-1.49308]},"83s":{"weight":1.0,"played":[1.0,0.0],"evs":[0.0,-1.64468]},"84s":{"weight":1.0,"played":[0.9999,1.0E-4],"evs":[0.0,-1.2659]},"85s":{"weight":1.0,"played":[0.9999,1.0E-4],"evs":[0.0,-0.98844]},"86s":{"weight":1.0,"played":[0.9996,4.0E-4],"evs":[0.0,-0.60233]},"87s":{"weight":1.0,"played":[0.997,0.003],"evs":[0.0,-0.22708]},"88":{"weight":1.0,"played":[0.0,1.0],"evs":[0.0,2.11183]},"98o":{"weight":1.0,"played":[1.0,0.0],"evs":[0.0,-0.8789]},"T8o":{"weight":1.0,"played":[1.0,0.0],"evs":[0.0,-1.12722]},"J8o":{"weight":1.0,"played":[1.0,0.0],"evs":[0.0,-1.18134]},"Q8o":{"weight":1.0,"played":[1.0,0.0],"evs":[0.0,-1.24508]},"K8o":{"weight":1.0,"played":[1.0,0.0],"evs":[0.0,-1.19106]},"A8o":{"weight":1.0,"played":[0.9988,0.0012],"evs":[0.0,-0.32823]},"92s":{"weight":1.0,"played":[1.0,0.0],"evs":[0.0,-1.59027]},"93s":{"weight":1.0,"played":[1.0,0.0],"evs":[0.0,-1.45111]},"94s":{"weight":1.0,"played":[1.0,0.0],"evs":[0.0,-1.64216]},"95s":{"weight":1.0,"played":[0.9998,2.0E-4],"evs":[0.0,-1.17176]},"96s":{"weight":1.0,"played":[0.9993,7.0E-4],"evs":[0.0,-0.64445]},"97s":{"weight":1.0,"played":[0.9999,1.0E-4],"evs":[0.0,-0.41555]},"98s":{"weight":1.0,"played":[0.3063,0.6937],"evs":[0.0,0.07226]},"99":{"weight":1.0,"played":[0.0,1.0],"evs":[0.0,2.83868]},"T9o":{"weight":1.0,"played":[1.0,0.0],"evs":[0.0,-0.70641]},"J9o":{"weight":1.0,"played":[1.0,0.0],"evs":[0.0,-0.77773]},"Q9o":{"weight":1.0,"played":[1.0,0.0],"evs":[0.0,-0.98748]},"K9o":{"weight":1.0,"played":[1.0,0.0],"evs":[0.0,-0.60935]},"A9o":{"weight":1.0,"played":[0.5891,0.4109],"evs":[0.0,0.01871]},"T2s":{"weight":1.0,"played":[1.0,0.0],"evs":[0.0,-1.54738]},"T3s":{"weight":1.0,"played":[1.0,0.0],"evs":[0.0,-1.38237]},"T4s":{"weight":1.0,"played":[0.9997,3.0E-4],"evs":[0.0,-1.30872]},"T5s":{"weight":1.0,"played":[1.0,0.0],"evs":[0.0,-1.34512]},"T6s":{"weight":1.0,"played":[1.0,0.0],"evs":[0.0,-1.08364]},"T7s":{"weight":1.0,"played":[0.9964,0.0036],"evs":[0.0,-0.58332]},"T8s":{"weight":1.0,"played":[0.9342,0.0658],"evs":[0.0,-0.17074]},"T9s":{"weight":1.0,"played":[0.1327,0.8673],"evs":[0.0,0.11625]},"TT":{"weight":1.0,"played":[0.0,1.0],"evs":[0.0,3.73483]},"JTo":{"weight":1.0,"played":[0.9998,2.0E-4],"evs":[0.0,-0.37269]},"QTo":{"weight":1.0,"played":[1.0,0.0],"evs":[0.0,-0.35923]},"KTo":{"weight":1.0,"played":[0.8638,0.1362],"evs":[0.0,-0.09467]},"ATo":{"weight":1.0,"played":[0.0,1.0],"evs":[0.0,0.64768]},"J2s":{"weight":1.0,"played":[1.0,0.0],"evs":[0.0,-1.33504]},"J3s":{"weight":1.0,"played":[1.0,0.0],"evs":[0.0,-1.27189]},"J4s":{"weight":1.0,"played":[1.0,0.0],"evs":[0.0,-1.09898]},"J5s":{"weight":1.0,"played":[1.0,0.0],"evs":[0.0,-1.1966]},"J6s":{"weight":1.0,"played":[1.0,0.0],"evs":[0.0,-1.17285]},"J7s":{"weight":1.0,"played":[0.9971,0.0029],"evs":[0.0,-0.44537]},"J8s":{"weight":1.0,"played":[0.9954,0.0046],"evs":[0.0,-0.31557]},"J9s":{"weight":1.0,"played":[0.6352,0.3648],"evs":[0.0,-0.04493]},"JTs":{"weight":1.0,"played":[0.0,1.0],"evs":[0.0,0.38083]},"JJ":{"weight":1.0,"played":[0.0,1.0],"evs":[0.0,4.54722]},"QJo":{"weight":1.0,"played":[0.9665,0.0335],"evs":[0.0,-0.17339]},"KJo":{"weight":1.0,"played":[0.0329,0.9671],"evs":[0.0,0.1097]},"AJo":{"weight":1.0,"played":[0.0,1.0],"evs":[0.0,1.07404]},"Q2s":{"weight":1.0,"played":[1.0,0.0],"evs":[0.0,-1.31864]},"Q3s":{"weight":1.0,"played":[0.9999,1.0E-4],"evs":[0.0,-1.2841]},"Q4s":{"weight":1.0,"played":[0.999,0.001],"evs":[0.0,-1.16921]},"Q5s":{"weight":1.0,"played":[0.9999,1.0E-4],"evs":[0.0,-0.88222]},"Q6s":{"weight":1.0,"played":[0.9999,1.0E-4],"evs":[0.0,-0.89376]},"Q7s":{"weight":1.0,"played":[0.9994,6.0E-4],"evs":[0.0,-0.87966]},"Q8s":{"weight":1.0,"played":[0.9997,3.0E-4],"evs":[0.0,-0.34598]},"Q9s":{"weight":1.0,"played":[0.5615,0.4385],"evs":[0.0,-0.10529]},"QTs":{"weight":1.0,"played":[0.0013,0.9987],"evs":[0.0,0.31372]},"QJs":{"weight":1.0,"played":[0.0019,0.9981],"evs":[0.0,0.7534]},"QQ":{"weight":1.0,"played":[0.0,1.0],"evs":[0.0,5.91203]},"KQo":{"weight":1.0,"played":[0.0,1.0],"evs":[0.0,0.64623]},"AQo":{"weight":1.0,"played":[1.0E-4,0.9999],"evs":[0.0,1.46983]},"K2s":{"weight":1.0,"played":[0.9999,1.0E-4],"evs":[0.0,-1.14784]},"K3s":{"weight":1.0,"played":[0.9997,3.0E-4],"evs":[0.0,-0.72187]},"K4s":{"weight":1.0,"played":[0.9999,1.0E-4],"evs":[0.0,-0.86225]},"K5s":{"weight":1.0,"played":[0.9997,3.0E-4],"evs":[0.0,-0.43939]},"K6s":{"weight":1.0,"played":[0.9989,0.0011],"evs":[0.0,-0.47708]},"K7s":{"weight":1.0,"played":[0.9993,7.0E-4],"evs":[0.0,-0.37264]},"K8s":{"weight":1.0,"played":[0.9705,0.0295],"evs":[0.0,-0.20365]},"K9s":{"weight":1.0,"played":[0.2706,0.7294],"evs":[0.0,0.32135]},"KTs":{"weight":1.0,"played":[0.0,1.0],"evs":[0.0,0.70292]},"KJs":{"weight":1.0,"played":[3.0E-4,0.9997],"evs":[0.0,1.00511]},"KQs":{"weight":1.0,"played":[0.0,1.0],"evs":[0.0,1.56309]},"KK":{"weight":1.0,"played":[0.0,1.0],"evs":[0.0,7.40246]},"AKo":{"weight":1.0,"played":[0.0,1.0],"evs":[0.0,2.08399]},"A2s":{"weight":1.0,"played":[0.9999,1.0E-4],"evs":[0.0,-0.41607]},"A3s":{"weight":1.0,"played":[0.5853,0.4147],"evs":[0.0,-0.16415]},"A4s":{"weight":1.0,"played":[0.2853,0.7147],"evs":[0.0,0.05533]},"A5s":{"weight":1.0,"played":[0.1074,0.8926],"evs":[0.0,0.18021]},"A6s":{"weight":1.0,"played":[0.4754,0.5246],"evs":[0.0,-0.17604]},"A7s":{"weight":1.0,"played":[0.0044,0.9956],"evs":[0.0,0.54168]},"A8s":{"weight":1.0,"played":[0.0239,0.9761],"evs":[0.0,0.44775]},"A9s":{"weight":1.0,"played":[0.0022,0.9978],"evs":[0.0,0.75851]},"ATs":{"weight":1.0,"played":[1.0E-4,0.9999],"evs":[0.0,1.45251]},"AJs":{"weight":1.0,"played":[0.0,1.0],"evs":[0.0,1.72404]},"AQs":{"weight":1.0,"played":[0.0,1.0],"evs":[0.0,2.25791]},"AKs":{"weight":1.0,"played":[0.0,1.0],"evs":[0.0,2.70362]},"AA":{"weight":1.0,"played":[0.0,1.0],"evs":[0.0,9.19864]}}}