{"player":4,"street":0,"children":2,"sequence":[{"player":0,"type":"R","amount":25120000,"street":0},{"player":1,"type":"C","amount":1120000,"street":0},{"player":2,"type":"C","amount":4000000,"street":0},{"player":3,"type":"F","amount":0,"street":0}],"actions":[{"type":"F","amount":0,"node":58},{"type":"C","amount":1440000,"node":59}],"hands":{"22":{"weight":1.0,"played":[0.9921,0.0079],"evs":[0.0,-0.10474]},"32o":{"weight":1.0,"played":[1.0,0.0],"evs":[0.0,-0.91999]},"42o":{"weight":1.0,"played":[0.9999,1.0E-4],"evs":[0.0,-0.8775]},"52o":{"weight":1.0,"played":[1.0,0.0],"evs":[0.0,-0.87552]},"62o":{"weight":1.0,"played":[1.0,0.0],"evs":[0.0,-0.92376]},"72o":{"weight":1.0,"played":[1.0,0.0],"evs":[0.0,-1.03978]},"82o":{"weight":1.0,"played":[1.0,0.0],"evs":[0.0,-1.01887]},"92o":{"weight":1.0,"played":[1.0,0.0],"evs":[0.0,-0.96348]},"T2o":{"weight":1.0,"played":[1.0,0.0],"evs":[0.0,-0.92995]},"J2o":{"weight":1.0,"played":[1.0,0.0],"evs":[0.0,-0.94442]},"Q2o":{"weight":1.0,"played":[1.0,0.0],"evs":[0.0,-0.81677]},"K2o":{"weight":1.0,"played":[1.0,0.0],"evs":[0.0,-0.77002]},"A2o":{"weight":1.0,"played":[0.9999,1.0E-4],"evs":[0.0,-0.6397]},"32s":{"weight":1.0,"played":[0.995,0.005],"evs":[0.0,-0.38556]},"33":{"weight":1.0,"played":[0.001,0.999],"evs":[0.0,0.15322]},"43o":{"weight":1.0,"played":[1.0,0.0],"evs":[0.0,-0.71084]},"53o":{"weight":1.0,"played":[1.0,0.0],"evs":[0.0,-0.54106]},"63o":{"weight":1.0,"played":[1.0,0.0],"evs":[0.0,-0.67199]},"73o":{"weight":1.0,"played":[1.0,0.0],"evs":[0.0,-0.74265]},"83o":{"weight":1.0,"played":[1.0,0.0],"evs":[0.0,-0.93249]},"93o":{"weight":1.0,"played":[1.0,0.0],"evs":[0.0,-0.8667]},"T3o":{"weight":1.0,"played":[1.0,0.0],"evs":[0.0,-0.81908]},"J3o":{"weight":1.0,"played":[1.0,0.0],"evs":[0.0,-0.92244]},"Q3o":{"weight":1.0,"played":[1.0,0.0],"evs":[0.0,-0.7123]},"K3o":{"weight":1.0,"played":[1.0,0.0],"evs":[0.0,-0.64259]},"A3o":{"weight":1.0,"played":[0.9986,0.0014],"evs":[0.0,-0.46901]},"42s":{"weight":1.0,"played":[0.9998,2.0E-4],"evs":[0.0,-0.35147]},"43s":{"weight":1.0,"played":[0.9686,0.0314],"evs":[0.0,-0.05954]},"44":{"weight":1.0,"played":[0.0032,0.9968],"evs":[0.0,0.3181]},"54o":{"weight":1.0,"played":[0.9999,1.0E-4],"evs":[0.0,-0.33073]},"64o":{"weight":1.0,"played":[1.0,0.0],"evs":[0.0,-0.43038]},"74o":{"weight":1.0,"played":[0.9999,1.0E-4],"evs":[0.0,-0.51058]},"84o":{"weight":1.0,"played":[1.0,0.0],"evs":[0.0,-0.70276]},"94o":{"weight":1.0,"played":[1.0,0.0],"evs":[0.0,-0.85784]},"T4o":{"weight":1.0,"played":[1.0,0.0],"evs":[0.0,-0.78981]},"J4o":{"weight":1.0,"played":[1.0,0.0],"evs":[0.0,-0.88607]},"Q4o":{"weight":1.0,"played":[1.0,0.0],"evs":[0.0,-0.66939]},"K4o":{"weight":1.0,"played":[1.0,0.0],"evs":[0.0,-0.58045]},"A4o":{"weight":1.0,"played":[0.9888,0.0112],"evs":[0.0,-0.28734]},"52s":{"weight":1.0,"played":[1.0,0.0],"evs":[0.0,-0.29729]},"53s":{"weight":1.0,"played":[0.1252,0.8748],"evs":[0.0,0.02804]},"54s":{"weight":1.0,"played":[0.0046,0.9954],"evs":[0.0,0.32058]},"55":{"weight":1.0,"played":[0.0,1.0],"evs":[0.0,0.38877]},"65o":{"weight":1.0,"played":[0.9995,5.0E-4],"evs":[0.0,-0.2388]},"75o":{"weight":1.0,"played":[1.0,0.0],"evs":[0.0,-0.30618]},"85o":{"weight":1.0,"played":[1.0,0.0],"evs":[0.0,-0.45963]},"95o":{"weight":1.0,"played":[1.0,0.0],"evs":[0.0,-0.5846]},"T5o":{"weight":1.0,"played":[1.0,0.0],"evs":[0.0,-0.733]},"J5o":{"weight":1.0,"played":[1.0,0.0],"evs":[0.0,-0.76513]},"Q5o":{"weight":1.0,"played":[0.9999,1.0E-4],"evs":[0.0,-0.60879]},"K5o":{"weight":1.0,"played":[1.0,0.0],"evs":[0.0,-0.54133]},"A5o":{"weight":1.0,"played":[0.9924,0.0076],"evs":[0.0,-0.28164]},"62s":{"weight":1.0,"played":[0.9983,0.0017],"evs":[0.0,-0.36808]},"63s":{"weight":1.0,"played":[0.9326,0.0674],"evs":[0.0,-0.13106]},"64s":{"weight":1.0,"played":[0.0659,0.9341],"evs":[0.0,0.1243]},"65s":{"weight":1.0,"played":[0.0055,0.9945],"evs":[0.0,0.34018]},"66":{"weight":1.0,"played":[1.0E-4,0.9999],"evs":[0.0,0.64134]},"76o":{"weight":1.0,"played":[0.9961,0.0039],"evs":[0.0,-0.13685]},"86o":{"weight":1.0,"played":[0.9984,0.0016],"evs":[0.0,-0.17341]},"96o":{"weight":1.0,"played":[0.9998,2.0E-4],"evs":[0.0,-0.36881]},"T6o":{"weight":1.0,"played":[1.0,0.0],"evs":[0.0,-0.52857]},"J6o":{"weight":1.0,"played":[1.0,0.0],"evs":[0.0,-0.75211]},"Q6o":{"weight":1.0,"played":[1.0,0.0],"evs":[0.0,-0.48587]},"K6o":{"weight":1.0,"played":[0.9999,1.0E-4],"evs":[0.0,-0.42387]},"A6o":{"weight":1.0,"played":[1.0,0.0],"evs":[0.0,-0.35573]},"72s":{"weight":1.0,"played":[1.0,0.0],"evs":[0.0,-0.43759]},"73s":{"weight":1.0,"played":[0.9938,0.0062],"evs":[0.0,-0.32617]},"74s":{"weight":1.0,"played":[0.9338,0.0662],"evs":[0.0,-0.07794]},"75s":{"weight":1.0,"played":[0.0108,0.9892],"evs":[0.0,0.17592]},"76s":{"weight":1.0,"played":[0.0012,0.9988],"evs":[0.0,0.48357]},"77":{"weight":1.0,"played":[0.0,1.0],"evs":[0.0,0.90516]},"87o":{"weight":1.0,"played":[0.9692,0.0308],"evs":[0.0,-0.10222]},"97o":{"weight":1.0,"played":[0.9998,2.0E-4],"evs":[0.0,-0.10048]},"T7o":{"weight":1.0,"played":[0.9999,1.0E-4],"evs":[0.0,-0.34429]},"J7o":{"weight":1.0,"played":[1.0,0.0],"evs":[0.0,-0.4689]},"Q7o":{"weight":1.0,"played":[1.0,0.0],"evs":[0.0,-0.43425]},"K7o":{"weight":1.0,"played":[0.9999,1.0E-4],"evs":[0.0,-0.35561]},"A7o":{"weight":1.0,"played":[0.998,0.002],"evs":[0.0,-0.2277]},"82s":{"weight":1.0,"played":[0.9988,0.0012],"evs":[0.0,-0.40074]},"83s":{"weight":1.0,"played":[0.9998,2.0E-4],"evs":[0.0,-0.40212]},"84s":{"weight":1.0,"played":[0.9745,0.0255],"evs":[0.0,-0.09887]},"85s":{"weight":1.0,"played":[0.5323,0.4677],"evs":[0.0,0.09333]},"86s":{"weight":1.0,"played":[0.0011,0.9989],"evs":[0.0,0.3653]},"87s":{"weight":1.0,"played":[2.0E-4,0.9998],"evs":[0.0,0.52342]},"88":{"weight":1.0,"played":[0.0,1.0],"evs":[0.0,1.06711]},"98o":{"weight":1.0,"played":[0.9733,0.0267],"evs":[0.0,-0.00968]},"T8o":{"weight":1.0,"played":[0.9649,0.0351],"evs":[0.0,-0.12097]},"J8o":{"weight":1.0,"played":[0.9981,0.0019],"evs":[0.0,-0.26759]},"Q8o":{"weight":1.0,"played":[0.9999,1.0E-4],"evs":[0.0,-0.15151]},"K8o":{"weight":1.0,"played":[0.9996,4.0E-4],"evs":[0.0,-0.21882]},"A8o":{"weight":1.0,"played":[0.9998,2.0E-4],"evs":[0.0,-0.22102]},"92s":{"weight":1.0,"played":[0.9984,0.0016],"evs":[0.0,-0.28741]},"93s":{"weight":1.0,"played":[0.9998,2.0E-4],"evs":[0.0,-0.30054]},"94s":{"weight":1.0,"played":[0.9998,2.0E-4],"evs":[0.0,-0.19395]},"95s":{"weight":1.0,"played":[0.4792,0.5208],"evs":[0.0,0.11176]},"96s":{"weight":1.0,"played":[0.0,1.0],"evs":[0.0,0.2421]},"97s":{"weight":1.0,"played":[0.0043,0.9957],"evs":[0.0,0.37974]},"98s":{"weight":1.0,"played":[0.0031,0.9969],"evs":[0.0,0.5688]},"99":{"weight":1.0,"played":[0.0,1.0],"evs":[0.0,1.38175]},"T9o":{"weight":1.0,"played":[0.011,0.989],"evs":[0.0,0.10878]},"J9o":{"weight":1.0,"played":[1.0,0.0],"evs":[0.0,-0.07407]},"Q9o":{"weight":1.0,"played":[0.9865,0.0135],"evs":[0.0,-0.07928]},"K9o":{"weight":1.0,"played":[0.987,0.013],"evs":[0.0,-0.07665]},"A9o":{"weight":1.0,"played":[0.9723,0.0277],"evs":[0.0,-0.17833]},"T2s":{"weight":1.0,"played":[0.952,0.048],"evs":[0.0,-0.27618]},"T3s":{"weight":1.0,"played":[0.9978,0.0022],"evs":[0.0,-0.25582]},"T4s":{"weight":1.0,"played":[1.0,0.0],"evs":[0.0,-0.26048]},"T5s":{"weight":1.0,"played":[0.9955,0.0045],"evs":[0.0,-0.18592]},"T6s":{"weight":1.0,"played":[0.1133,0.8867],"evs":[0.0,0.0332]},"T7s":{"weight":1.0,"played":[0.0119,0.9881],"evs":[0.0,0.31943]},"T8s":{"weight":1.0,"played":[2.0E-4,0.9998],"evs":[0.0,0.46251]},"T9s":{"weight":1.0,"played":[0.0013,0.9987],"evs":[0.0,0.45278]},"TT":{"weight":1.0,"played":[0.0,1.0],"evs":[0.0,1.78692]},"JTo":{"weight":1.0,"played":[0.0896,0.9104],"evs":[0.0,0.11755]},"QTo":{"weight":1.0,"played":[0.0466,0.9534],"evs":[0.0,0.06452]},"KTo":{"weight":1.0,"played":[0.0072,0.9928],"evs":[0.0,0.23745]},"ATo":{"weight":1.0,"played":[0.0,1.0],"evs":[0.0,0.07668]},"J2s":{"weight":1.0,"played":[0.9943,0.0057],"evs":[0.0,-0.28161]},"J3s":{"weight":1.0,"played":[1.0,0.0],"evs":[0.0,-0.22991]},"J4s":{"weight":1.0,"played":[0.9834,0.0166],"evs":[0.0,-0.35112]},"J5s":{"weight":1.0,"played":[0.9957,0.0043],"evs":[0.0,-0.08982]},"J6s":{"weight":1.0,"played":[0.9825,0.0175],"evs":[0.0,-0.06862]},"J7s":{"weight":1.0,"played":[0.4798,0.5202],"evs":[0.0,0.07465]},"J8s":{"weight":1.0,"played":[0.0043,0.9957],"evs":[0.0,0.25469]},"J9s":{"weight":1.0,"played":[6.0E-4,0.9994],"evs":[0.0,0.57467]},"JTs":{"weight":1.0,"played":[0.0017,0.9983],"evs":[0.0,0.54476]},"JJ":{"weight":1.0,"played":[0.0,1.0],"evs":[0.0,2.46984]},"QJo":{"weight":1.0,"played":[6.0E-4,0.9994],"evs":[0.0,0.13909]},"KJo":{"weight":1.0,"played":[5.0E-4,0.9995],"evs":[0.0,0.24287]},"AJo":{"weight":1.0,"played":[0.0,1.0],"evs":[0.0,0.46844]},"Q2s":{"weight":1.0,"played":[0.9962,0.0038],"evs":[0.0,-0.16107]},"Q3s":{"weight":1.0,"played":[0.7446,0.2554],"evs":[0.0,-0.02968]},"Q4s":{"weight":1.0,"played":[0.9199,0.0801],"evs":[0.0,0.03944]},"Q5s":{"weight":1.0,"played":[0.9951,0.0049],"evs":[0.0,-0.22366]},"Q6s":{"weight":1.0,"played":[0.7588,0.2412],"evs":[0.0,0.00646]},"Q7s":{"weight":1.0,"played":[0.0569,0.9431],"evs":[0.0,0.15764]},"Q8s":{"weight":1.0,"played":[0.0169,0.9831],"evs":[0.0,0.40663]},"Q9s":{"weight":1.0,"played":[2.0E-4,0.9998],"evs":[0.0,0.47164]},"QTs":{"weight":1.0,"played":[1.0E-4,0.9999],"evs":[0.0,0.79678]},"QJs":{"weight":1.0,"played":[0.0,1.0],"evs":[0.0,0.67711]},"QQ":{"weight":1.0,"played":[0.0,1.0],"evs":[0.0,3.32321]},"KQo":{"weight":1.0,"played":[0.0,1.0],"evs":[0.0,0.50674]},"AQo":{"weight":1.0,"played":[0.0,1.0],"evs":[0.0,0.80581]},"K2s":{"weight":1.0,"played":[0.9913,0.0087],"evs":[0.0,-0.17236]},"K3s":{"weight":1.0,"played":[0.9605,0.0395],"evs":[0.0,-0.127]},"K4s":{"weight":1.0,"played":[0.4227,0.5773],"evs":[0.0,0.05111]},"K5s":{"weight":1.0,"played":[0.2486,0.7514],"evs":[0.0,0.10855]},"K6s":{"weight":1.0,"played":[0.0044,0.9956],"evs":[0.0,0.28776]},"K7s":{"weight":1.0,"played":[0.2959,0.7041],"evs":[0.0,0.22904]},"K8s":{"weight":1.0,"played":[0.0144,0.9856],"evs":[0.0,0.28839]},"K9s":{"weight":1.0,"played":[4.0E-4,0.9996],"evs":[0.0,0.51121]},"KTs":{"weight":1.0,"played":[0.0051,0.9949],"evs":[0.0,0.88396]},"KJs":{"weight":1.0,"played":[1.0E-4,0.9999],"evs":[0.0,0.7601]},"KQs":{"weight":1.0,"played":[0.0,1.0],"evs":[0.0,1.27639]},"KK":{"weight":1.0,"played":[0.0,1.0],"evs":[0.0,4.41189]},"AKo":{"weight":1.0,"played":[0.0,1.0],"evs":[0.0,1.24135]},"A2s":{"weight":1.0,"played":[0.1889,0.8111],"evs":[0.0,0.125]},"A3s":{"weight":1.0,"played":[0.1099,0.8901],"evs":[0.0,0.26407]},"A4s":{"weight":1.0,"played":[0.0015,0.9985],"evs":[0.0,0.34139]},"A5s":{"weight":1.0,"played":[4.0E-4,0.9996],"evs":[0.0,0.33961]},"A6s":{"weight":1.0,"played":[0.1726,0.8274],"evs":[0.0,0.19805]},"A7s":{"weight":1.0,"played":[0.0,1.0],"evs":[0.0,0.28947]},"A8s":{"weight":1.0,"played":[0.0028,0.9972],"evs":[0.0,0.53024]},"A9s":{"weight":1.0,"played":[2.0E-4,0.9998],"evs":[0.0,0.62704]},"ATs":{"weight":1.0,"played":[0.0,1.0],"evs":[0.0,0.78696]},"AJs":{"weight":1.0,"played":[0.0,1.0],"evs":[0.0,1.02244]},"AQs":{"weight":1.0,"played":[0.0,1.0],"evs":[0.0,1.35496]},"AKs":{"weight":1.0,"played":[0.0,1.0],"evs":[0.0,1.68194]},"AA":{"weight":1.0,"played":[0.0,1.0],"evs":[0.0,5.59481]}}}