{"player":1,"street":0,"children":3,"sequence":[{"player":0,"type":"F","amount":0,"street":0}],"actions":[{"type":"F","amount":0},{"type":"C","amount":1600000},{"type":"R","amount":17440000,"node":2}],"hands":{"22":{"weight":1.0,"played":[0.0,0.0,1.0],"evs":[0.0,1.02023,1.61682]},"32o":{"weight":1.0,"played":[0.0,0.0,1.0],"evs":[0.0,0.33302,0.44095]},"42o":{"weight":1.0,"played":[0.0,0.0,1.0],"evs":[0.0,0.37828,0.49259]},"52o":{"weight":1.0,"played":[0.0,0.0,1.0],"evs":[0.0,0.41907,0.53546]},"62o":{"weight":1.0,"played":[0.0,0.0,1.0],"evs":[0.0,0.40333,0.47511]},"72o":{"weight":1.0,"played":[0.0,3.0E-4,0.9997],"evs":[0.0,0.3819,0.42434]},"82o":{"weight":1.0,"played":[0.0,4.0E-4,0.9996],"evs":[0.0,0.41561,0.48452]},"92o":{"weight":1.0,"played":[0.0,1.0E-4,0.9999],"evs":[0.0,0.4522,0.5164]},"T2o":{"weight":1.0,"played":[0.0,0.0,1.0],"evs":[0.0,0.50187,0.56172]},"J2o":{"weight":1.0,"played":[0.0,0.0,1.0],"evs":[0.0,0.57972,0.62359]},"Q2o":{"weight":1.0,"played":[0.0,0.0,1.0],"evs":[0.0,0.6907,0.78874]},"K2o":{"weight":1.0,"played":[0.0,0.0,1.0],"evs":[0.0,0.79972,1.15511]},"A2o":{"weight":1.0,"played":[0.0,0.0,1.0],"evs":[0.0,1.26073,1.74828]},"32s":{"weight":1.0,"played":[0.0,0.0,1.0],"evs":[0.0,0.47501,0.69882]},"33":{"weight":1.0,"played":[0.0,0.0,1.0],"evs":[0.0,1.17371,1.74373]},"43o":{"weight":1.0,"played":[0.0,0.0,1.0],"evs":[0.0,0.44453,0.59807]},"53o":{"weight":1.0,"played":[0.0,0.0,1.0],"evs":[0.0,0.49397,0.65593]},"63o":{"weight":1.0,"played":[0.0,0.0,1.0],"evs":[0.0,0.47106,0.5845]},"73o":{"weight":1.0,"played":[0.0,1.0E-4,0.9999],"evs":[0.0,0.46517,0.54188]},"83o":{"weight":1.0,"played":[0.0,0.0,1.0],"evs":[0.0,0.44069,0.50065]},"93o":{"weight":1.0,"played":[0.0,0.0,1.0],"evs":[0.0,0.4909,0.56067]},"T3o":{"weight":1.0,"played":[0.0,4.0E-4,0.9996],"evs":[0.0,0.54667,0.61112]},"J3o":{"weight":1.0,"played":[0.0,0.0,1.0],"evs":[0.0,0.61395,0.66108]},"Q3o":{"weight":1.0,"played":[0.0,0.0,1.0],"evs":[0.0,0.72493,0.83526]},"K3o":{"weight":1.0,"played":[0.0,0.0,1.0],"evs":[0.0,0.85404,1.19196]},"A3o":{"weight":1.0,"played":[0.0,0.0,1.0],"evs":[0.0,1.31601,1.78736]},"42s":{"weight":1.0,"played":[0.0,0.0,1.0],"evs":[0.0,0.51171,0.74947]},"43s":{"weight":1.0,"played":[0.0,0.0,1.0],"evs":[0.0,0.5769,0.86367]},"44":{"weight":1.0,"played":[0.0,0.0,1.0],"evs":[0.0,1.34338,1.89308]},"54o":{"weight":1.0,"played":[0.0,0.0,1.0],"evs":[0.0,0.56512,0.76706]},"64o":{"weight":1.0,"played":[0.0,0.0,1.0],"evs":[0.0,0.55651,0.70304]},"74o":{"weight":1.0,"played":[0.0,0.0,1.0],"evs":[0.0,0.54026,0.65385]},"84o":{"weight":1.0,"played":[0.0,0.0,1.0],"evs":[0.0,0.52715,0.61282]},"94o":{"weight":1.0,"played":[0.0,2.0E-4,0.9998],"evs":[0.0,0.52013,0.57293]},"T4o":{"weight":1.0,"played":[0.0,0.0,1.0],"evs":[0.0,0.58461,0.65034]},"J4o":{"weight":1.0,"played":[0.0,0.0,1.0],"evs":[0.0,0.66386,0.70648]},"Q4o":{"weight":1.0,"played":[0.0,0.0,1.0],"evs":[0.0,0.76698,0.87927]},"K4o":{"weight":1.0,"played":[0.0,0.0,1.0],"evs":[0.0,0.9244,1.2493]},"A4o":{"weight":1.0,"played":[0.0,0.0,1.0],"evs":[0.0,1.38438,1.84288]},"52s":{"weight":1.0,"played":[0.0,0.0,1.0],"evs":[0.0,0.55071,0.7959]},"53s":{"weight":1.0,"played":[0.0,0.0,1.0],"evs":[0.0,0.61995,0.89517]},"54s":{"weight":1.0,"played":[0.0,0.0,1.0],"evs":[0.0,0.71078,1.01]},"55":{"weight":1.0,"played":[0.0,0.0,1.0],"evs":[0.0,1.54063,2.05517]},"65o":{"weight":1.0,"played":[0.0,0.0,1.0],"evs":[0.0,0.6419,0.82722]},"75o":{"weight":1.0,"played":[0.0,0.0,1.0],"evs":[0.0,0.63851,0.76956]},"85o":{"weight":1.0,"played":[0.0,0.0,1.0],"evs":[0.0,0.62208,0.74083]},"95o":{"weight":1.0,"played":[0.0,0.0,1.0],"evs":[0.0,0.60752,0.70526]},"T5o":{"weight":1.0,"played":[0.0,0.0,1.0],"evs":[0.0,0.63628,0.67292]},"J5o":{"weight":1.0,"played":[0.0,0.0,1.0],"evs":[0.0,0.72019,0.75769]},"Q5o":{"weight":1.0,"played":[0.0,0.0,1.0],"evs":[0.0,0.82006,0.91183]},"K5o":{"weight":1.0,"played":[0.0,0.0,1.0],"evs":[0.0,0.98764,1.30481]},"A5o":{"weight":1.0,"played":[0.0,0.0,1.0],"evs":[0.0,1.45221,1.90371]},"62s":{"weight":1.0,"played":[0.0,0.0,1.0],"evs":[0.0,0.54631,0.74117]},"63s":{"weight":1.0,"played":[0.0,0.0,1.0],"evs":[0.0,0.60451,0.83853]},"64s":{"weight":1.0,"played":[0.0,0.0,1.0],"evs":[0.0,0.69969,0.95758]},"65s":{"weight":1.0,"played":[0.0,0.0,1.0],"evs":[0.0,0.78835,1.04989]},"66":{"weight":1.0,"played":[0.0,0.0,1.0],"evs":[0.0,1.73243,2.1764]},"76o":{"weight":1.0,"played":[0.0,0.0,1.0],"evs":[0.0,0.70924,0.88444]},"86o":{"weight":1.0,"played":[0.0,0.0,1.0],"evs":[0.0,0.70237,0.84298]},"96o":{"weight":1.0,"played":[0.0,0.0,1.0],"evs":[0.0,0.69898,0.80787]},"T6o":{"weight":1.0,"played":[0.0,0.0,1.0],"evs":[0.0,0.7179,0.78086]},"J6o":{"weight":1.0,"played":[0.0,1.0E-4,0.9999],"evs":[0.0,0.74768,0.77146]},"Q6o":{"weight":1.0,"played":[0.0,0.0,1.0],"evs":[0.0,0.84944,0.95871]},"K6o":{"weight":1.0,"played":[0.0,0.0,1.0],"evs":[0.0,1.06885,1.37449]},"A6o":{"weight":1.0,"played":[0.0,0.0,1.0],"evs":[0.0,1.44313,1.90959]},"72s":{"weight":1.0,"played":[0.0,0.0,1.0],"evs":[0.0,0.53114,0.69941]},"73s":{"weight":1.0,"played":[0.0,0.0,1.0],"evs":[0.0,0.6063,0.80129]},"74s":{"weight":1.0,"played":[0.0,0.0,1.0],"evs":[0.0,0.67479,0.90742]},"75s":{"weight":1.0,"played":[0.0,0.0,1.0],"evs":[0.0,0.7788,1.02699]},"76s":{"weight":1.0,"played":[0.0,0.0,1.0],"evs":[0.0,0.89834,1.10711]},"77":{"weight":1.0,"played":[0.0,0.0,1.0],"evs":[0.0,1.93759,2.32478]},"87o":{"weight":1.0,"played":[0.0,0.0,1.0],"evs":[0.0,0.76368,0.92924]},"97o":{"weight":1.0,"played":[0.0,0.0,1.0],"evs":[0.0,0.77281,0.90299]},"T7o":{"weight":1.0,"played":[0.0,0.0,1.0],"evs":[0.0,0.7972,0.8695]},"J7o":{"weight":1.0,"played":[0.0,0.0,1.0],"evs":[0.0,0.82174,0.86745]},"Q7o":{"weight":1.0,"played":[0.0,0.0,1.0],"evs":[0.0,0.87912,1.00776]},"K7o":{"weight":1.0,"played":[0.0,0.0,1.0],"evs":[0.0,1.1428,1.46997]},"A7o":{"weight":1.0,"played":[0.0,0.0,1.0],"evs":[0.0,1.52426,2.02964]},"82s":{"weight":1.0,"played":[0.0,0.0,1.0],"evs":[0.0,0.56068,0.74674]},"83s":{"weight":1.0,"played":[0.0,0.0,1.0],"evs":[0.0,0.5889,0.77743]},"84s":{"weight":1.0,"played":[0.0,0.0,1.0],"evs":[0.0,0.65856,0.86072]},"85s":{"weight":1.0,"played":[0.0,0.0,1.0],"evs":[0.0,0.75976,0.97895]},"86s":{"weight":1.0,"played":[0.0,0.0,1.0],"evs":[0.0,0.86862,1.06223]},"87s":{"weight":1.0,"played":[0.0,0.0,1.0],"evs":[0.0,0.97045,1.15516]},"88":{"weight":1.0,"played":[0.0,0.0,1.0],"evs":[0.0,2.19104,2.50963]},"98o":{"weight":1.0,"played":[0.0,0.0,1.0],"evs":[0.0,0.86231,0.99343]},"T8o":{"weight":1.0,"played":[0.0,0.0,1.0],"evs":[0.0,0.88619,0.9906]},"J8o":{"weight":1.0,"played":[0.0,0.0,1.0],"evs":[0.0,0.91106,0.99136]},"Q8o":{"weight":1.0,"played":[0.0,0.0,1.0],"evs":[0.0,0.98685,1.1627]},"K8o":{"weight":1.0,"played":[0.0,0.0,1.0],"evs":[0.0,1.2318,1.56878]},"A8o":{"weight":1.0,"played":[0.0,0.0,1.0],"evs":[0.0,1.61479,2.14231]},"92s":{"weight":1.0,"played":[0.0,0.0,1.0],"evs":[0.0,0.58965,0.77503]},"93s":{"weight":1.0,"played":[0.0,0.0,1.0],"evs":[0.0,0.62803,0.8144]},"94s":{"weight":1.0,"played":[0.0,0.0,1.0],"evs":[0.0,0.65828,0.83613]},"95s":{"weight":1.0,"played":[0.0,0.0,1.0],"evs":[0.0,0.74425,0.95769]},"96s":{"weight":1.0,"played":[0.0,0.0,1.0],"evs":[0.0,0.84968,1.04275]},"97s":{"weight":1.0,"played":[0.0,0.0,1.0],"evs":[0.0,0.97785,1.14147]},"98s":{"weight":1.0,"played":[0.0,0.0,1.0],"evs":[0.0,1.08369,1.21952]},"99":{"weight":1.0,"played":[0.0,0.0,1.0],"evs":[0.0,2.44281,2.70422]},"T9o":{"weight":1.0,"played":[0.0,0.0,1.0],"evs":[0.0,1.02788,1.10778]},"J9o":{"weight":1.0,"played":[0.0,0.0,1.0],"evs":[0.0,1.03967,1.13876]},"Q9o":{"weight":1.0,"played":[0.0,0.0,1.0],"evs":[0.0,1.15066,1.3363]},"K9o":{"weight":1.0,"played":[0.0,0.0,1.0],"evs":[0.0,1.37704,1.75354]},"A9o":{"weight":1.0,"played":[0.0,0.0,1.0],"evs":[0.0,1.698,2.27732]},"T2s":{"weight":1.0,"played":[0.0,0.0,1.0],"evs":[0.0,0.65758,0.82526]},"T3s":{"weight":1.0,"played":[0.0,0.0,1.0],"evs":[0.0,0.68878,0.8638]},"T4s":{"weight":1.0,"played":[0.0,0.0,1.0],"evs":[0.0,0.72644,0.88212]},"T5s":{"weight":1.0,"played":[0.0,0.0,1.0],"evs":[0.0,0.77178,0.93105]},"T6s":{"weight":1.0,"played":[0.0,0.0,1.0],"evs":[0.0,0.88226,1.02895]},"T7s":{"weight":1.0,"played":[0.0,0.0,1.0],"evs":[0.0,0.99469,1.1129]},"T8s":{"weight":1.0,"played":[0.0,0.0,1.0],"evs":[0.0,1.1148,1.21972]},"T9s":{"weight":1.0,"played":[0.0,1.0E-4,0.9999],"evs":[0.0,1.25894,1.33261]},"TT":{"weight":1.0,"played":[0.0,0.0,1.0],"evs":[0.0,2.74533,2.93774]},"JTo":{"weight":1.0,"played":[0.0,0.0,1.0],"evs":[0.0,1.23417,1.34465]},"QTo":{"weight":1.0,"played":[0.0,0.0,1.0],"evs":[0.0,1.3526,1.54283]},"KTo":{"weight":1.0,"played":[0.0,0.0,1.0],"evs":[0.0,1.59253,1.95778]},"ATo":{"weight":1.0,"played":[0.0,0.0,1.0],"evs":[0.0,1.93557,2.48176]},"J2s":{"weight":1.0,"played":[0.0,0.0,1.0],"evs":[0.0,0.72746,0.88755]},"J3s":{"weight":1.0,"played":[0.0,0.0,1.0],"evs":[0.0,0.76412,0.91541]},"J4s":{"weight":1.0,"played":[0.0,0.0,1.0],"evs":[0.0,0.81499,0.97171]},"J5s":{"weight":1.0,"played":[0.0,0.0,1.0],"evs":[0.0,0.85868,1.00501]},"J6s":{"weight":1.0,"played":[0.0,0.0,1.0],"evs":[0.0,0.88244,1.03135]},"J7s":{"weight":1.0,"played":[0.0,0.0,1.0],"evs":[0.0,0.99986,1.11265]},"J8s":{"weight":1.0,"played":[0.0,5.0E-4,0.9995],"evs":[0.0,1.12162,1.21451]},"J9s":{"weight":1.0,"played":[0.0,0.0,1.0],"evs":[0.0,1.27208,1.36826]},"JTs":{"weight":1.0,"played":[0.0,0.0,1.0],"evs":[0.0,1.45786,1.54166]},"JJ":{"weight":1.0,"played":[0.0,1.0E-4,0.9999],"evs":[0.0,3.00905,3.12059]},"QJo":{"weight":1.0,"played":[0.0,0.0,1.0],"evs":[0.0,1.42097,1.65226]},"KJo":{"weight":1.0,"played":[0.0,0.0,1.0],"evs":[0.0,1.69039,2.06416]},"AJo":{"weight":1.0,"played":[0.0,0.0,1.0],"evs":[0.0,2.05503,2.5932]},"Q2s":{"weight":1.0,"played":[0.0,0.0,1.0],"evs":[0.0,0.84,1.03807]},"Q3s":{"weight":1.0,"played":[0.0,0.0,1.0],"evs":[0.0,0.86204,1.06347]},"Q4s":{"weight":1.0,"played":[0.0,0.0,1.0],"evs":[0.0,0.91775,1.10207]},"Q5s":{"weight":1.0,"played":[0.0,0.0,1.0],"evs":[0.0,0.97897,1.15398]},"Q6s":{"weight":1.0,"played":[0.0,0.0,1.0],"evs":[0.0,1.0395,1.19464]},"Q7s":{"weight":1.0,"played":[0.0,0.0,1.0],"evs":[0.0,1.06303,1.21788]},"Q8s":{"weight":1.0,"played":[0.0,0.0,1.0],"evs":[0.0,1.21806,1.36986]},"Q9s":{"weight":1.0,"played":[0.0,0.0,1.0],"evs":[0.0,1.37821,1.53963]},"QTs":{"weight":1.0,"played":[0.0,0.0,1.0],"evs":[0.0,1.57028,1.72936]},"QJs":{"weight":1.0,"played":[0.0,0.0,1.0],"evs":[0.0,1.64576,1.82915]},"QQ":{"weight":1.0,"played":[0.0,5.0E-4,0.9995],"evs":[0.0,3.28889,3.35048]},"KQo":{"weight":1.0,"played":[0.0,0.0,1.0],"evs":[0.0,1.81686,2.20118]},"AQo":{"weight":1.0,"played":[0.0,0.0,1.0],"evs":[0.0,2.19735,2.74614]},"K2s":{"weight":1.0,"played":[0.0,0.0,1.0],"evs":[0.0,1.0482,1.37655]},"K3s":{"weight":1.0,"played":[0.0,0.0,1.0],"evs":[0.0,1.10626,1.40617]},"K4s":{"weight":1.0,"played":[0.0,0.0,1.0],"evs":[0.0,1.15871,1.45026]},"K5s":{"weight":1.0,"played":[0.0,0.0,1.0],"evs":[0.0,1.22729,1.51462]},"K6s":{"weight":1.0,"played":[0.0,0.0,1.0],"evs":[0.0,1.28831,1.56319]},"K7s":{"weight":1.0,"played":[0.0,0.0,1.0],"evs":[0.0,1.35885,1.6573]},"K8s":{"weight":1.0,"played":[0.0,0.0,1.0],"evs":[0.0,1.4315,1.74387]},"K9s":{"weight":1.0,"played":[0.0,0.0,1.0],"evs":[0.0,1.58641,1.92891]},"KTs":{"weight":1.0,"played":[0.0,0.0,1.0],"evs":[0.0,1.79236,2.12816]},"KJs":{"weight":1.0,"played":[0.0,0.0,1.0],"evs":[0.0,1.88009,2.20965]},"KQs":{"weight":1.0,"played":[0.0,0.0,1.0],"evs":[0.0,2.01224,2.3434]},"KK":{"weight":1.0,"played":[0.0,8.0E-4,0.9992],"evs":[0.0,3.59284,3.64921]},"AKo":{"weight":1.0,"played":[0.0,0.0,1.0],"evs":[0.0,2.34976,2.92358]},"A2s":{"weight":1.0,"played":[0.0,0.0,1.0],"evs":[0.0,1.48124,1.92195]},"A3s":{"weight":1.0,"played":[0.0,0.0,1.0],"evs":[0.0,1.53974,1.97771]},"A4s":{"weight":1.0,"played":[0.0,0.0,1.0],"evs":[0.0,1.60508,2.03053]},"A5s":{"weight":1.0,"played":[0.0,0.0,1.0],"evs":[0.0,1.66876,2.07995]},"A6s":{"weight":1.0,"played":[0.0,0.0,1.0],"evs":[0.0,1.65507,2.08078]},"A7s":{"weight":1.0,"played":[0.0,0.0,1.0],"evs":[0.0,1.73375,2.18886]},"A8s":{"weight":1.0,"played":[0.0,0.0,1.0],"evs":[0.0,1.82174,2.29651]},"A9s":{"weight":1.0,"played":[0.0,0.0,1.0],"evs":[0.0,1.90299,2.42007]},"ATs":{"weight":1.0,"played":[0.0,0.0,1.0],"evs":[0.0,2.13511,2.61119]},"AJs":{"weight":1.0,"played":[0.0,0.0,1.0],"evs":[0.0,2.23249,2.71693]},"AQs":{"weight":1.0,"played":[0.0,0.0,1.0],"evs":[0.0,2.36711,2.85029]},"AKs":{"weight":1.0,"played":[0.0,0.0,1.0],"evs":[0.0,2.50085,3.01864]},"AA":{"weight":1.0,"played":[0.0,0.0,1.0],"evs":[0.0,4.0145,4.06603]}}}