{"player":2,"street":0,"children":2,"sequence":[{"player":0,"type":"R","amount":4320000,"street":0},{"player":1,"type":"R","amount":17440000,"street":0}],"actions":[{"type":"F","amount":0},{"type":"C","amount":14240000}],"hands":{"22":{"weight":1.0,"played":[0.0,1.0],"evs":[0.0,2.10296]},"32o":{"weight":1.0,"played":[1.0,0.0],"evs":[0.0,-1.17037]},"42o":{"weight":1.0,"played":[1.0,0.0],"evs":[0.0,-0.99257]},"52o":{"weight":1.0,"played":[1.0,0.0],"evs":[0.0,-0.88536]},"62o":{"weight":1.0,"played":[1.0,0.0],"evs":[0.0,-1.11361]},"72o":{"weight":1.0,"played":[1.0,0.0],"evs":[0.0,-1.20164]},"82o":{"weight":1.0,"played":[1.0,0.0],"evs":[0.0,-0.96057]},"92o":{"weight":1.0,"played":[1.0,0.0],"evs":[0.0,-0.72284]},"T2o":{"weight":1.0,"played":[1.0,0.0],"evs":[0.0,-0.42492]},"J2o":{"weight":1.0,"played":[0.7629,0.2371],"evs":[0.0,-0.01065]},"Q2o":{"weight":1.0,"played":[0.0,1.0],"evs":[0.0,0.58361]},"K2o":{"weight":1.0,"played":[0.0,1.0],"evs":[0.0,1.2907]},"A2o":{"weight":1.0,"played":[0.0,1.0],"evs":[0.0,2.41461]},"32s":{"weight":1.0,"played":[1.0,0.0],"evs":[0.0,-0.35222]},"33":{"weight":1.0,"played":[0.0,1.0],"evs":[0.0,2.53403]},"43o":{"weight":1.0,"played":[1.0,0.0],"evs":[0.0,-0.6981]},"53o":{"weight":1.0,"played":[1.0,0.0],"evs":[0.0,-0.56806]},"63o":{"weight":1.0,"played":[1.0,0.0],"evs":[0.0,-0.78638]},"73o":{"weight":1.0,"played":[1.0,0.0],"evs":[0.0,-0.86219]},"83o":{"weight":1.0,"played":[1.0,0.0],"evs":[0.0,-0.92269]},"93o":{"weight":1.0,"played":[1.0,0.0],"evs":[0.0,-0.62066]},"T3o":{"weight":1.0,"played":[1.0,0.0],"evs":[0.0,-0.32302]},"J3o":{"weight":1.0,"played":[0.0,1.0],"evs":[0.0,0.07681]},"Q3o":{"weight":1.0,"played":[0.0,1.0],"evs":[0.0,0.73153]},"K3o":{"weight":1.0,"played":[0.0,1.0],"evs":[0.0,1.43122]},"A3o":{"weight":1.0,"played":[0.0,1.0],"evs":[0.0,2.57531]},"42s":{"weight":1.0,"played":[1.0,0.0],"evs":[0.0,-0.20057]},"43s":{"weight":1.0,"played":[0.0085,0.9915],"evs":[0.0,0.07637]},"44":{"weight":1.0,"played":[0.0,1.0],"evs":[0.0,3.0276]},"54o":{"weight":1.0,"played":[1.0,0.0],"evs":[0.0,-0.19664]},"64o":{"weight":1.0,"played":[1.0,0.0],"evs":[0.0,-0.38226]},"74o":{"weight":1.0,"played":[1.0,0.0],"evs":[0.0,-0.49194]},"84o":{"weight":1.0,"played":[1.0,0.0],"evs":[0.0,-0.52839]},"94o":{"weight":1.0,"played":[1.0,0.0],"evs":[0.0,-0.53538]},"T4o":{"weight":1.0,"played":[1.0,0.0],"evs":[0.0,-0.16577]},"J4o":{"weight":1.0,"played":[0.0,1.0],"evs":[0.0,0.23958]},"Q4o":{"weight":1.0,"played":[0.0,1.0],"evs":[0.0,0.88448]},"K4o":{"weight":1.0,"played":[0.0,1.0],"evs":[0.0,1.578]},"A4o":{"weight":1.0,"played":[0.0,1.0],"evs":[0.0,2.74093]},"52s":{"weight":1.0,"played":[0.9917,0.0083],"evs":[0.0,-0.06757]},"53s":{"weight":1.0,"played":[1.0E-4,0.9999],"evs":[0.0,0.21421]},"54s":{"weight":1.0,"played":[0.0,1.0],"evs":[0.0,0.56621]},"55":{"weight":1.0,"played":[0.0,1.0],"evs":[0.0,3.56108]},"65o":{"weight":1.0,"played":[0.995,0.005],"evs":[0.0,-0.05059]},"75o":{"weight":1.0,"played":[1.0,0.0],"evs":[0.0,-0.12824]},"85o":{"weight":1.0,"played":[1.0,0.0],"evs":[0.0,-0.15741]},"95o":{"weight":1.0,"played":[1.0,0.0],"evs":[0.0,-0.16833]},"T5o":{"weight":1.0,"played":[0.9894,0.0106],"evs":[0.0,-0.10728]},"J5o":{"weight":1.0,"played":[0.0,1.0],"evs":[0.0,0.39518]},"Q5o":{"weight":1.0,"played":[0.0,1.0],"evs":[0.0,1.06611]},"K5o":{"weight":1.0,"played":[0.0,1.0],"evs":[0.0,1.80066]},"A5o":{"weight":1.0,"played":[0.0,1.0],"evs":[0.0,2.98699]},"62s":{"weight":1.0,"played":[1.0,0.0],"evs":[0.0,-0.32306]},"63s":{"weight":1.0,"played":[0.0762,0.9238],"evs":[0.0,0.01311]},"64s":{"weight":1.0,"played":[0.0,1.0],"evs":[0.0,0.39973]},"65s":{"weight":1.0,"played":[0.0,1.0],"evs":[0.0,0.68435]},"66":{"weight":1.0,"played":[0.0,1.0],"evs":[0.0,4.15973]},"76o":{"weight":1.0,"played":[0.0,1.0],"evs":[0.0,0.22334]},"86o":{"weight":1.0,"played":[4.0E-4,0.9996],"evs":[0.0,0.16968]},"96o":{"weight":1.0,"played":[0.0,1.0],"evs":[0.0,0.19468]},"T6o":{"weight":1.0,"played":[0.0,1.0],"evs":[0.0,0.32824]},"J6o":{"weight":1.0,"played":[0.0,1.0],"evs":[0.0,0.55677]},"Q6o":{"weight":1.0,"played":[0.0,1.0],"evs":[0.0,1.26316]},"K6o":{"weight":1.0,"played":[0.0,1.0],"evs":[0.0,2.01892]},"A6o":{"weight":1.0,"played":[0.0,1.0],"evs":[0.0,3.01427]},"72s":{"weight":1.0,"played":[1.0,0.0],"evs":[0.0,-0.37647]},"73s":{"weight":1.0,"played":[0.9973,0.0027],"evs":[0.0,-0.09963]},"74s":{"weight":1.0,"played":[0.0,1.0],"evs":[0.0,0.28314]},"75s":{"weight":1.0,"played":[0.0,1.0],"evs":[0.0,0.61694]},"76s":{"weight":1.0,"played":[0.0,1.0],"evs":[0.0,0.93938]},"77":{"weight":1.0,"played":[0.0,1.0],"evs":[0.0,4.74227]},"87o":{"weight":1.0,"played":[0.0,1.0],"evs":[0.0,0.56066]},"97o":{"weight":1.0,"played":[0.0,1.0],"evs":[0.0,0.5839]},"T7o":{"weight":1.0,"played":[0.0,1.0],"evs":[0.0,0.71204]},"J7o":{"weight":1.0,"played":[0.0,1.0],"evs":[0.0,0.9516]},"Q7o":{"weight":1.0,"played":[0.0,1.0],"evs":[0.0,1.42642]},"K7o":{"weight":1.0,"played":[0.0,1.0],"evs":[0.0,2.20885]},"A7o":{"weight":1.0,"played":[0.0,1.0],"evs":[0.0,3.29773]},"82s":{"weight":1.0,"played":[1.0,0.0],"evs":[0.0,-0.13154]},"83s":{"weight":1.0,"played":[0.9997,3.0E-4],"evs":[0.0,-0.06831]},"84s":{"weight":1.0,"played":[0.0,1.0],"evs":[0.0,0.20507]},"85s":{"weight":1.0,"played":[0.0,1.0],"evs":[0.0,0.5869]},"86s":{"weight":1.0,"played":[0.0,1.0],"evs":[0.0,0.95089]},"87s":{"weight":1.0,"played":[0.0,1.0],"evs":[0.0,1.26075]},"88":{"weight":1.0,"played":[0.0,1.0],"evs":[0.0,5.36731]},"98o":{"weight":1.0,"played":[0.0,1.0],"evs":[0.0,0.95995]},"T8o":{"weight":1.0,"played":[0.0,1.0],"evs":[0.0,1.09703]},"J8o":{"weight":1.0,"played":[0.0,1.0],"evs":[0.0,1.35365]},"Q8o":{"weight":1.0,"played":[0.0,1.0],"evs":[0.0,1.809]},"K8o":{"weight":1.0,"played":[0.0,1.0],"evs":[0.0,2.38292]},"A8o":{"weight":1.0,"played":[0.0,1.0],"evs":[0.0,3.58817]},"92s":{"weight":1.0,"played":[0.0084,0.9916],"evs":[0.0,0.08628]},"93s":{"weight":1.0,"played":[5.0E-4,0.9995],"evs":[0.0,0.1913]},"94s":{"weight":1.0,"played":[0.0,1.0],"evs":[0.0,0.29301]},"95s":{"weight":1.0,"played":[0.0,1.0],"evs":[0.0,0.61078]},"96s":{"weight":1.0,"played":[0.0,1.0],"evs":[0.0,0.98641]},"97s":{"weight":1.0,"played":[0.0,1.0],"evs":[0.0,1.34449]},"98s":{"weight":1.0,"played":[0.0,1.0],"evs":[0.0,1.66955]},"99":{"weight":1.0,"played":[0.0,1.0],"evs":[0.0,6.06022]},"T9o":{"weight":1.0,"played":[0.0,1.0],"evs":[0.0,1.49354]},"J9o":{"weight":1.0,"played":[0.0,1.0],"evs":[0.0,1.79698]},"Q9o":{"weight":1.0,"played":[0.0,1.0],"evs":[0.0,2.26255]},"K9o":{"weight":1.0,"played":[0.0,1.0],"evs":[0.0,2.88039]},"A9o":{"weight":1.0,"played":[0.0,1.0],"evs":[0.0,3.87982]},"T2s":{"weight":1.0,"played":[0.0,1.0],"evs":[0.0,0.38945]},"T3s":{"weight":1.0,"played":[0.0,1.0],"evs":[0.0,0.4432]},"T4s":{"weight":1.0,"played":[0.0,1.0],"evs":[0.0,0.58889]},"T5s":{"weight":1.0,"played":[0.0,1.0],"evs":[0.0,0.66826]},"T6s":{"weight":1.0,"played":[0.0,1.0],"evs":[0.0,1.00112]},"T7s":{"weight":1.0,"played":[0.0,1.0],"evs":[0.0,1.43264]},"T8s":{"weight":1.0,"played":[0.0,1.0],"evs":[0.0,1.82207]},"T9s":{"weight":1.0,"played":[0.0,1.0],"evs":[0.0,2.15504]},"TT":{"weight":1.0,"played":[0.0,1.0],"evs":[0.0,6.77715]},"JTo":{"weight":1.0,"played":[0.0,1.0],"evs":[0.0,2.28336]},"QTo":{"weight":1.0,"played":[0.0,1.0],"evs":[0.0,2.75024]},"KTo":{"weight":1.0,"played":[0.0,1.0],"evs":[0.0,3.4351]},"ATo":{"weight":1.0,"played":[0.0,1.0],"evs":[0.0,4.47262]},"J2s":{"weight":1.0,"played":[0.0,1.0],"evs":[0.0,0.75659]},"J3s":{"weight":1.0,"played":[0.0,1.0],"evs":[0.0,0.85395]},"J4s":{"weight":1.0,"played":[0.0,1.0],"evs":[0.0,1.01052]},"J5s":{"weight":1.0,"played":[0.0,1.0],"evs":[0.0,1.12964]},"J6s":{"weight":1.0,"played":[0.0,1.0],"evs":[0.0,1.32994]},"J7s":{"weight":1.0,"played":[0.0,1.0],"evs":[0.0,1.69702]},"J8s":{"weight":1.0,"played":[0.0,1.0],"evs":[0.0,2.05317]},"J9s":{"weight":1.0,"played":[0.0,1.0],"evs":[0.0,2.44475]},"JTs":{"weight":1.0,"played":[0.0,1.0],"evs":[0.0,2.89462]},"JJ":{"weight":1.0,"played":[0.0,1.0],"evs":[0.0,7.53626]},"QJo":{"weight":1.0,"played":[0.0,1.0],"evs":[0.0,3.02847]},"KJo":{"weight":1.0,"played":[0.0,1.0],"evs":[0.0,3.72569]},"AJo":{"weight":1.0,"played":[0.0,1.0],"evs":[0.0,4.83184]},"Q2s":{"weight":1.0,"played":[0.0,1.0],"evs":[0.0,1.32146]},"Q3s":{"weight":1.0,"played":[0.0,1.0],"evs":[0.0,1.43029]},"Q4s":{"weight":1.0,"played":[0.0,1.0],"evs":[0.0,1.60605]},"Q5s":{"weight":1.0,"played":[0.0,1.0],"evs":[0.0,1.766]},"Q6s":{"weight":1.0,"played":[0.0,1.0],"evs":[0.0,1.98796]},"Q7s":{"weight":1.0,"played":[0.0,1.0],"evs":[0.0,2.12451]},"Q8s":{"weight":1.0,"played":[0.0,1.0],"evs":[0.0,2.48767]},"Q9s":{"weight":1.0,"played":[0.0,1.0],"evs":[0.0,2.89773]},"QTs":{"weight":1.0,"played":[0.0,1.0],"evs":[0.0,3.36647]},"QJs":{"weight":1.0,"played":[0.0,1.0],"evs":[0.0,3.5843]},"QQ":{"weight":1.0,"played":[0.0,1.0],"evs":[0.0,8.36191]},"KQo":{"weight":1.0,"played":[0.0,1.0],"evs":[0.0,4.05277]},"AQo":{"weight":1.0,"played":[0.0,1.0],"evs":[0.0,5.16666]},"K2s":{"weight":1.0,"played":[0.0,1.0],"evs":[0.0,2.04678]},"K3s":{"weight":1.0,"played":[0.0,1.0],"evs":[0.0,2.11907]},"K4s":{"weight":1.0,"played":[0.0,1.0],"evs":[0.0,2.24912]},"K5s":{"weight":1.0,"played":[0.0,1.0],"evs":[0.0,2.4482]},"K6s":{"weight":1.0,"played":[0.0,1.0],"evs":[0.0,2.7026]},"K7s":{"weight":1.0,"played":[0.0,1.0],"evs":[0.0,2.86895]},"K8s":{"weight":1.0,"played":[0.0,1.0],"evs":[0.0,3.01963]},"K9s":{"weight":1.0,"played":[0.0,1.0],"evs":[0.0,3.47019]},"KTs":{"weight":1.0,"played":[0.0,1.0],"evs":[0.0,4.00204]},"KJs":{"weight":1.0,"played":[0.0,1.0],"evs":[0.0,4.28336]},"KQs":{"weight":1.0,"played":[0.0,1.0],"evs":[0.0,4.6053]},"KK":{"weight":1.0,"played":[0.0,1.0],"evs":[0.0,9.30032]},"AKo":{"weight":1.0,"played":[0.0,1.0],"evs":[0.0,5.55101]},"A2s":{"weight":1.0,"played":[0.0,1.0],"evs":[0.0,3.1063]},"A3s":{"weight":1.0,"played":[0.0,1.0],"evs":[0.0,3.21535]},"A4s":{"weight":1.0,"played":[0.0,1.0],"evs":[0.0,3.33064]},"A5s":{"weight":1.0,"played":[0.0,1.0],"evs":[0.0,3.60094]},"A6s":{"weight":1.0,"played":[0.0,1.0],"evs":[0.0,3.6426]},"A7s":{"weight":1.0,"played":[0.0,1.0],"evs":[0.0,3.9053]},"A8s":{"weight":1.0,"played":[0.0,1.0],"evs":[0.0,4.15689]},"A9s":{"weight":1.0,"played":[0.0,1.0],"evs":[0.0,4.43057]},"ATs":{"weight":1.0,"played":[0.0,1.0],"evs":[0.0,5.02186]},"AJs":{"weight":1.0,"played":[0.0,1.0],"evs":[0.0,5.32745]},"AQs":{"weight":1.0,"played":[0.0,1.0],"evs":[0.0,5.64992]},"AKs":{"weight":1.0,"played":[0.0,1.0],"evs":[0.0,6.02419]},"AA":{"weight":1.0,"played":[0.0,1.0],"evs":[0.0,10.49809]}}}