{"player":3,"street":0,"children":2,"sequence":[{"player":0,"type":"F","amount":0,"street":0},{"player":1,"type":"F","amount":0,"street":0},{"player":2,"type":"R","amount":26780000,"street":0}],"actions":[{"type":"F","amount":0,"node":11},{"type":"C","amount":6170000,"node":14}],"hands":{"22":{"weight":1.0,"played":[1.0,0.0],"evs":[0.0,-1.33052]},"32o":{"weight":1.0,"played":[1.0,0.0],"evs":[0.0,-2.55417]},"42o":{"weight":1.0,"played":[1.0,0.0],"evs":[0.0,-2.47314]},"52o":{"weight":1.0,"played":[1.0,0.0],"evs":[0.0,-2.39613]},"62o":{"weight":1.0,"played":[1.0,0.0],"evs":[0.0,-2.53325]},"72o":{"weight":1.0,"played":[1.0,0.0],"evs":[0.0,-2.62329]},"82o":{"weight":1.0,"played":[1.0,0.0],"evs":[0.0,-2.54187]},"92o":{"weight":1.0,"played":[1.0,0.0],"evs":[0.0,-2.50357]},"T2o":{"weight":1.0,"played":[1.0,0.0],"evs":[0.0,-2.39068]},"J2o":{"weight":1.0,"played":[1.0,0.0],"evs":[0.0,-2.28942]},"Q2o":{"weight":1.0,"played":[1.0,0.0],"evs":[0.0,-2.13189]},"K2o":{"weight":1.0,"played":[1.0,0.0],"evs":[0.0,-1.92731]},"A2o":{"weight":1.0,"played":[1.0,0.0],"evs":[0.0,-1.14001]},"32s":{"weight":1.0,"played":[1.0,0.0],"evs":[0.0,-2.06307]},"33":{"weight":1.0,"played":[1.0,0.0],"evs":[0.0,-1.11698]},"43o":{"weight":1.0,"played":[1.0,0.0],"evs":[0.0,-2.27445]},"53o":{"weight":1.0,"played":[1.0,0.0],"evs":[0.0,-2.18226]},"63o":{"weight":1.0,"played":[1.0,0.0],"evs":[0.0,-2.31246]},"73o":{"weight":1.0,"played":[1.0,0.0],"evs":[0.0,-2.40471]},"83o":{"weight":1.0,"played":[1.0,0.0],"evs":[0.0,-2.48322]},"93o":{"weight":1.0,"played":[1.0,0.0],"evs":[0.0,-2.42889]},"T3o":{"weight":1.0,"played":[1.0,0.0],"evs":[0.0,-2.29563]},"J3o":{"weight":1.0,"played":[1.0,0.0],"evs":[0.0,-2.21351]},"Q3o":{"weight":1.0,"played":[1.0,0.0],"evs":[0.0,-2.05595]},"K3o":{"weight":1.0,"played":[1.0,0.0],"evs":[0.0,-1.83115]},"A3o":{"weight":1.0,"played":[1.0,0.0],"evs":[0.0,-1.04531]},"42s":{"weight":1.0,"played":[1.0,0.0],"evs":[0.0,-1.99062]},"43s":{"weight":1.0,"played":[1.0,0.0],"evs":[0.0,-1.7892]},"44":{"weight":1.0,"played":[1.0,0.0],"evs":[0.0,-0.82764]},"54o":{"weight":1.0,"played":[1.0,0.0],"evs":[0.0,-1.9749]},"64o":{"weight":1.0,"played":[1.0,0.0],"evs":[0.0,-2.09518]},"74o":{"weight":1.0,"played":[1.0,0.0],"evs":[0.0,-2.18884]},"84o":{"weight":1.0,"played":[1.0,0.0],"evs":[0.0,-2.27356]},"94o":{"weight":1.0,"played":[1.0,0.0],"evs":[0.0,-2.38024]},"T4o":{"weight":1.0,"played":[1.0,0.0],"evs":[0.0,-2.22005]},"J4o":{"weight":1.0,"played":[1.0,0.0],"evs":[0.0,-2.1246]},"Q4o":{"weight":1.0,"played":[1.0,0.0],"evs":[0.0,-1.9617]},"K4o":{"weight":1.0,"played":[1.0,0.0],"evs":[0.0,-1.74056]},"A4o":{"weight":1.0,"played":[1.0,0.0],"evs":[0.0,-0.93824]},"52s":{"weight":1.0,"played":[1.0,0.0],"evs":[0.0,-1.91006]},"53s":{"weight":1.0,"played":[1.0,0.0],"evs":[0.0,-1.71063]},"54s":{"weight":1.0,"played":[1.0,0.0],"evs":[0.0,-1.5018]},"55":{"weight":1.0,"played":[1.0,0.0],"evs":[0.0,-0.56011]},"65o":{"weight":1.0,"played":[1.0,0.0],"evs":[0.0,-1.88961]},"75o":{"weight":1.0,"played":[1.0,0.0],"evs":[0.0,-1.9655]},"85o":{"weight":1.0,"played":[1.0,0.0],"evs":[0.0,-2.04689]},"95o":{"weight":1.0,"played":[1.0,0.0],"evs":[0.0,-2.15831]},"T5o":{"weight":1.0,"played":[1.0,0.0],"evs":[0.0,-2.16646]},"J5o":{"weight":1.0,"played":[1.0,0.0],"evs":[0.0,-2.04159]},"Q5o":{"weight":1.0,"played":[1.0,0.0],"evs":[0.0,-1.87366]},"K5o":{"weight":1.0,"played":[1.0,0.0],"evs":[0.0,-1.62907]},"A5o":{"weight":1.0,"played":[1.0,0.0],"evs":[0.0,-0.8067]},"62s":{"weight":1.0,"played":[1.0,0.0],"evs":[0.0,-2.02799]},"63s":{"weight":1.0,"played":[1.0,0.0],"evs":[0.0,-1.8217]},"64s":{"weight":1.0,"played":[1.0,0.0],"evs":[0.0,-1.62615]},"65s":{"weight":1.0,"played":[1.0,0.0],"evs":[0.0,-1.43119]},"66":{"weight":1.0,"played":[1.0,0.0],"evs":[0.0,-0.29254]},"76o":{"weight":1.0,"played":[1.0,0.0],"evs":[0.0,-1.79817]},"86o":{"weight":1.0,"played":[1.0,0.0],"evs":[0.0,-1.86741]},"96o":{"weight":1.0,"played":[1.0,0.0],"evs":[0.0,-1.96159]},"T6o":{"weight":1.0,"played":[1.0,0.0],"evs":[0.0,-1.97351]},"J6o":{"weight":1.0,"played":[1.0,0.0],"evs":[0.0,-2.01915]},"Q6o":{"weight":1.0,"played":[1.0,0.0],"evs":[0.0,-1.80906]},"K6o":{"weight":1.0,"played":[1.0,0.0],"evs":[0.0,-1.54181]},"A6o":{"weight":1.0,"played":[1.0,0.0],"evs":[0.0,-0.82619]},"72s":{"weight":1.0,"played":[1.0,0.0],"evs":[0.0,-2.11659]},"73s":{"weight":1.0,"played":[1.0,0.0],"evs":[0.0,-1.91844]},"74s":{"weight":1.0,"played":[1.0,0.0],"evs":[0.0,-1.71003]},"75s":{"weight":1.0,"played":[1.0,0.0],"evs":[0.0,-1.50225]},"76s":{"weight":1.0,"played":[1.0,0.0],"evs":[0.0,-1.35656]},"77":{"weight":1.0,"played":[0.9277,0.0723],"evs":[0.0,-0.00593]},"87o":{"weight":1.0,"played":[1.0,0.0],"evs":[0.0,-1.6829]},"97o":{"weight":1.0,"played":[1.0,0.0],"evs":[0.0,-1.75849]},"T7o":{"weight":1.0,"played":[1.0,0.0],"evs":[0.0,-1.77839]},"J7o":{"weight":1.0,"played":[1.0,0.0],"evs":[0.0,-1.80826]},"Q7o":{"weight":1.0,"played":[1.0,0.0],"evs":[0.0,-1.77547]},"K7o":{"weight":1.0,"played":[1.0,0.0],"evs":[0.0,-1.44348]},"A7o":{"weight":1.0,"played":[1.0,0.0],"evs":[0.0,-0.65224]},"82s":{"weight":1.0,"played":[1.0,0.0],"evs":[0.0,-2.03255]},"83s":{"weight":1.0,"played":[1.0,0.0],"evs":[0.0,-1.99031]},"84s":{"weight":1.0,"played":[1.0,0.0],"evs":[0.0,-1.78225]},"85s":{"weight":1.0,"played":[1.0,0.0],"evs":[0.0,-1.57967]},"86s":{"weight":1.0,"played":[1.0,0.0],"evs":[0.0,-1.40657]},"87s":{"weight":1.0,"played":[1.0,0.0],"evs":[0.0,-1.23315]},"88":{"weight":1.0,"played":[0.0,1.0],"evs":[0.0,0.30356]},"98o":{"weight":1.0,"played":[1.0,0.0],"evs":[0.0,-1.57831]},"T8o":{"weight":1.0,"played":[1.0,0.0],"evs":[0.0,-1.56866]},"J8o":{"weight":1.0,"played":[1.0,0.0],"evs":[0.0,-1.59018]},"Q8o":{"weight":1.0,"played":[1.0,0.0],"evs":[0.0,-1.53481]},"K8o":{"weight":1.0,"played":[1.0,0.0],"evs":[0.0,-1.33357]},"A8o":{"weight":1.0,"played":[1.0,0.0],"evs":[0.0,-0.46559]},"92s":{"weight":1.0,"played":[1.0,0.0],"evs":[0.0,-1.99368]},"93s":{"weight":1.0,"played":[1.0,0.0],"evs":[0.0,-1.92491]},"94s":{"weight":1.0,"played":[1.0,0.0],"evs":[0.0,-1.86105]},"95s":{"weight":1.0,"played":[1.0,0.0],"evs":[0.0,-1.67494]},"96s":{"weight":1.0,"played":[1.0,0.0],"evs":[0.0,-1.49879]},"97s":{"weight":1.0,"played":[1.0,0.0],"evs":[0.0,-1.30498]},"98s":{"weight":1.0,"played":[1.0,0.0],"evs":[0.0,-1.15183]},"99":{"weight":1.0,"played":[0.0,1.0],"evs":[0.0,0.69531]},"T9o":{"weight":1.0,"played":[1.0,0.0],"evs":[0.0,-1.36453]},"J9o":{"weight":1.0,"played":[1.0,0.0],"evs":[0.0,-1.3536]},"Q9o":{"weight":1.0,"played":[1.0,0.0],"evs":[0.0,-1.30046]},"K9o":{"weight":1.0,"played":[1.0,0.0],"evs":[0.0,-1.05249]},"A9o":{"weight":1.0,"played":[1.0,0.0],"evs":[0.0,-0.23151]},"T2s":{"weight":1.0,"played":[1.0,0.0],"evs":[0.0,-1.88588]},"T3s":{"weight":1.0,"played":[1.0,0.0],"evs":[0.0,-1.79817]},"T4s":{"weight":1.0,"played":[1.0,0.0],"evs":[0.0,-1.73334]},"T5s":{"weight":1.0,"played":[1.0,0.0],"evs":[0.0,-1.68727]},"T6s":{"weight":1.0,"played":[1.0,0.0],"evs":[0.0,-1.48883]},"T7s":{"weight":1.0,"played":[1.0,0.0],"evs":[0.0,-1.31576]},"T8s":{"weight":1.0,"played":[1.0,0.0],"evs":[0.0,-1.12263]},"T9s":{"weight":1.0,"played":[1.0,0.0],"evs":[0.0,-0.92805]},"TT":{"weight":1.0,"played":[0.0,1.0],"evs":[0.0,1.21189]},"JTo":{"weight":1.0,"played":[1.0,0.0],"evs":[0.0,-0.99748]},"QTo":{"weight":1.0,"played":[1.0,0.0],"evs":[0.0,-0.9236]},"KTo":{"weight":1.0,"played":[1.0,0.0],"evs":[0.0,-0.62853]},"ATo":{"weight":1.0,"played":[0.0,1.0],"evs":[0.0,0.20964]},"J2s":{"weight":1.0,"played":[1.0,0.0],"evs":[0.0,-1.78159]},"J3s":{"weight":1.0,"played":[1.0,0.0],"evs":[0.0,-1.72328]},"J4s":{"weight":1.0,"played":[1.0,0.0],"evs":[0.0,-1.66017]},"J5s":{"weight":1.0,"played":[1.0,0.0],"evs":[0.0,-1.56773]},"J6s":{"weight":1.0,"played":[1.0,0.0],"evs":[0.0,-1.53721]},"J7s":{"weight":1.0,"played":[1.0,0.0],"evs":[0.0,-1.35331]},"J8s":{"weight":1.0,"played":[1.0,0.0],"evs":[0.0,-1.12827]},"J9s":{"weight":1.0,"played":[1.0,0.0],"evs":[0.0,-0.93162]},"JTs":{"weight":1.0,"played":[1.0,0.0],"evs":[0.0,-0.58846]},"JJ":{"weight":1.0,"played":[0.0,1.0],"evs":[0.0,1.72335]},"QJo":{"weight":1.0,"played":[1.0,0.0],"evs":[0.0,-0.73818]},"KJo":{"weight":1.0,"played":[1.0,0.0],"evs":[0.0,-0.42844]},"AJo":{"weight":1.0,"played":[0.0,1.0],"evs":[0.0,0.48323]},"Q2s":{"weight":1.0,"played":[1.0,0.0],"evs":[0.0,-1.63692]},"Q3s":{"weight":1.0,"played":[1.0,0.0],"evs":[0.0,-1.56032]},"Q4s":{"weight":1.0,"played":[1.0,0.0],"evs":[0.0,-1.47987]},"Q5s":{"weight":1.0,"played":[1.0,0.0],"evs":[0.0,-1.41173]},"Q6s":{"weight":1.0,"played":[1.0,0.0],"evs":[0.0,-1.33498]},"Q7s":{"weight":1.0,"played":[1.0,0.0],"evs":[0.0,-1.30445]},"Q8s":{"weight":1.0,"played":[1.0,0.0],"evs":[0.0,-1.07858]},"Q9s":{"weight":1.0,"played":[1.0,0.0],"evs":[0.0,-0.86321]},"QTs":{"weight":1.0,"played":[1.0,0.0],"evs":[0.0,-0.49966]},"QJs":{"weight":1.0,"played":[1.0,0.0],"evs":[0.0,-0.34638]},"QQ":{"weight":1.0,"played":[0.0,1.0],"evs":[0.0,2.27503]},"KQo":{"weight":1.0,"played":[1.0,0.0],"evs":[0.0,-0.20451]},"AQo":{"weight":1.0,"played":[0.0,1.0],"evs":[0.0,0.77568]},"K2s":{"weight":1.0,"played":[1.0,0.0],"evs":[0.0,-1.4011]},"K3s":{"weight":1.0,"played":[1.0,0.0],"evs":[0.0,-1.32883]},"K4s":{"weight":1.0,"played":[1.0,0.0],"evs":[0.0,-1.26016]},"K5s":{"weight":1.0,"played":[1.0,0.0],"evs":[0.0,-1.1687]},"K6s":{"weight":1.0,"played":[1.0,0.0],"evs":[0.0,-1.0626]},"K7s":{"weight":1.0,"played":[1.0,0.0],"evs":[0.0,-1.00291]},"K8s":{"weight":1.0,"played":[1.0,0.0],"evs":[0.0,-0.88329]},"K9s":{"weight":1.0,"played":[1.0,0.0],"evs":[0.0,-0.60065]},"KTs":{"weight":1.0,"played":[1.0,0.0],"evs":[0.0,-0.21866]},"KJs":{"weight":1.0,"played":[0.999,0.001],"evs":[0.0,-0.03821]},"KQs":{"weight":1.0,"played":[0.0,1.0],"evs":[0.0,0.17001]},"KK":{"weight":1.0,"played":[0.0,1.0],"evs":[0.0,3.04931]},"AKo":{"weight":1.0,"played":[0.0,1.0],"evs":[0.0,1.15126]},"A2s":{"weight":1.0,"played":[1.0,0.0],"evs":[0.0,-0.6765]},"A3s":{"weight":1.0,"played":[1.0,0.0],"evs":[0.0,-0.59029]},"A4s":{"weight":1.0,"played":[1.0,0.0],"evs":[0.0,-0.47988]},"A5s":{"weight":1.0,"played":[1.0,0.0],"evs":[0.0,-0.36777]},"A6s":{"weight":1.0,"played":[1.0,0.0],"evs":[0.0,-0.39632]},"A7s":{"weight":1.0,"played":[1.0,0.0],"evs":[0.0,-0.22309]},"A8s":{"weight":1.0,"played":[1.0,0.0],"evs":[0.0,-0.04061]},"A9s":{"weight":1.0,"played":[0.0,1.0],"evs":[0.0,0.17312]},"ATs":{"weight":1.0,"played":[0.0,1.0],"evs":[0.0,0.57508]},"AJs":{"weight":1.0,"played":[0.0,1.0],"evs":[0.0,0.84947]},"AQs":{"weight":1.0,"played":[0.0,1.0],"evs":[0.0,1.1003]},"AKs":{"weight":1.0,"played":[0.0,1.0],"evs":[0.0,1.45842]},"AA":{"weight":1.0,"played":[0.0,1.0],"evs":[0.0,4.39624]}}}