{"player":5,"street":0,"children":2,"sequence":[{"player":0,"type":"R","amount":15550000,"street":0},{"player":1,"type":"R","amount":24020000,"street":0},{"player":2,"type":"F","amount":0,"street":0},{"player":3,"type":"C","amount":6170000,"street":0},{"player":4,"type":"F","amount":0,"street":0}],"actions":[{"type":"F","amount":0},{"type":"C","amount":5070000}],"hands":{"22":{"weight":1.0,"played":[0.9877,0.0123],"evs":[0.0,-0.51144]},"32o":{"weight":1.0,"played":[1.0,0.0],"evs":[0.0,-1.78307]},"42o":{"weight":1.0,"played":[0.9999,1.0E-4],"evs":[0.0,-1.56941]},"52o":{"weight":1.0,"played":[0.9999,1.0E-4],"evs":[0.0,-1.19596]},"62o":{"weight":1.0,"played":[0.9998,2.0E-4],"evs":[0.0,-1.64687]},"72o":{"weight":1.0,"played":[1.0,0.0],"evs":[0.0,-1.79451]},"82o":{"weight":1.0,"played":[0.9998,2.0E-4],"evs":[0.0,-1.90877]},"92o":{"weight":1.0,"played":[1.0,0.0],"evs":[0.0,-1.61656]},"T2o":{"weight":1.0,"played":[1.0,0.0],"evs":[0.0,-1.69051]},"J2o":{"weight":1.0,"played":[1.0,0.0],"evs":[0.0,-2.04427]},"Q2o":{"weight":1.0,"played":[1.0,0.0],"evs":[0.0,-1.7797]},"K2o":{"weight":1.0,"played":[0.9994,6.0E-4],"evs":[0.0,-1.80217]},"A2o":{"weight":1.0,"played":[1.0,0.0],"evs":[0.0,-1.50271]},"32s":{"weight":1.0,"played":[0.9356,0.0644],"evs":[0.0,-0.99968]},"33":{"weight":1.0,"played":[0.9492,0.0508],"evs":[0.0,-0.53434]},"43o":{"weight":1.0,"played":[0.9989,0.0011],"evs":[0.0,-0.8944]},"53o":{"weight":1.0,"played":[0.9932,0.0068],"evs":[0.0,-1.09656]},"63o":{"weight":1.0,"played":[1.0,0.0],"evs":[0.0,-0.96602]},"73o":{"weight":1.0,"played":[1.0,0.0],"evs":[0.0,-1.46907]},"83o":{"weight":1.0,"played":[1.0,0.0],"evs":[0.0,-2.0521]},"93o":{"weight":1.0,"played":[0.9999,1.0E-4],"evs":[0.0,-1.77052]},"T3o":{"weight":1.0,"played":[1.0,0.0],"evs":[0.0,-1.91348]},"J3o":{"weight":1.0,"played":[1.0,0.0],"evs":[0.0,-1.74437]},"Q3o":{"weight":1.0,"played":[1.0,0.0],"evs":[0.0,-1.31727]},"K3o":{"weight":1.0,"played":[0.9996,4.0E-4],"evs":[0.0,-1.58119]},"A3o":{"weight":1.0,"played":[1.0,0.0],"evs":[0.0,-1.65075]},"42s":{"weight":1.0,"played":[0.9225,0.0775],"evs":[0.0,-0.1565]},"43s":{"weight":1.0,"played":[0.8952,0.1048],"evs":[0.0,-0.06098]},"44":{"weight":1.0,"played":[0.4932,0.5068],"evs":[0.0,0.08184]},"54o":{"weight":1.0,"played":[0.9997,3.0E-4],"evs":[0.0,-0.87061]},"64o":{"weight":1.0,"played":[1.0,0.0],"evs":[0.0,-1.01595]},"74o":{"weight":1.0,"played":[1.0,0.0],"evs":[0.0,-1.02519]},"84o":{"weight":1.0,"played":[1.0,0.0],"evs":[0.0,-1.62599]},"94o":{"weight":1.0,"played":[1.0,0.0],"evs":[0.0,-1.67309]},"T4o":{"weight":1.0,"played":[0.9993,7.0E-4],"evs":[0.0,-1.81286]},"J4o":{"weight":1.0,"played":[1.0,0.0],"evs":[0.0,-1.80808]},"Q4o":{"weight":1.0,"played":[0.9989,0.0011],"evs":[0.0,-1.5955]},"K4o":{"weight":1.0,"played":[1.0,0.0],"evs":[0.0,-1.4151]},"A4o":{"weight":1.0,"played":[0.9998,2.0E-4],"evs":[0.0,-1.49731]},"52s":{"weight":1.0,"played":[0.9538,0.0462],"evs":[0.0,-0.53301]},"53s":{"weight":1.0,"played":[0.8696,0.1304],"evs":[0.0,-0.22487]},"54s":{"weight":1.0,"played":[0.9735,0.0265],"evs":[0.0,-0.98035]},"55":{"weight":1.0,"played":[0.9992,8.0E-4],"evs":[0.0,-0.47042]},"65o":{"weight":1.0,"played":[0.9998,2.0E-4],"evs":[0.0,-0.6957]},"75o":{"weight":1.0,"played":[0.9989,0.0011],"evs":[0.0,-1.11044]},"85o":{"weight":1.0,"played":[0.9989,0.0011],"evs":[0.0,-1.25001]},"95o":{"weight":1.0,"played":[0.9971,0.0029],"evs":[0.0,-1.35523]},"T5o":{"weight":1.0,"played":[1.0,0.0],"evs":[0.0,-1.87084]},"J5o":{"weight":1.0,"played":[1.0,0.0],"evs":[0.0,-1.71713]},"Q5o":{"weight":1.0,"played":[0.9996,4.0E-4],"evs":[0.0,-1.6427]},"K5o":{"weight":1.0,"played":[1.0,0.0],"evs":[0.0,-1.14737]},"A5o":{"weight":1.0,"played":[0.9998,2.0E-4],"evs":[0.0,-1.5461]},"62s":{"weight":1.0,"played":[0.9928,0.0072],"evs":[0.0,-1.02233]},"63s":{"weight":1.0,"played":[0.9735,0.0265],"evs":[0.0,-0.48877]},"64s":{"weight":1.0,"played":[0.7667,0.2333],"evs":[0.0,0.05272]},"65s":{"weight":1.0,"played":[0.2176,0.7824],"evs":[0.0,0.50259]},"66":{"weight":1.0,"played":[0.9787,0.0213],"evs":[0.0,-0.26184]},"76o":{"weight":1.0,"played":[0.9987,0.0013],"evs":[0.0,-1.05505]},"86o":{"weight":1.0,"played":[0.9979,0.0021],"evs":[0.0,-1.12644]},"96o":{"weight":1.0,"played":[0.9993,7.0E-4],"evs":[0.0,-1.08875]},"T6o":{"weight":1.0,"played":[0.9999,1.0E-4],"evs":[0.0,-1.78044]},"J6o":{"weight":1.0,"played":[1.0,0.0],"evs":[0.0,-1.67277]},"Q6o":{"weight":1.0,"played":[0.9975,0.0025],"evs":[0.0,-1.11382]},"K6o":{"weight":1.0,"played":[0.9992,8.0E-4],"evs":[0.0,-1.22063]},"A6o":{"weight":1.0,"played":[0.9999,1.0E-4],"evs":[0.0,-1.96999]},"72s":{"weight":1.0,"played":[0.9856,0.0144],"evs":[0.0,-1.01784]},"73s":{"weight":1.0,"played":[0.9999,1.0E-4],"evs":[0.0,-0.47319]},"74s":{"weight":1.0,"played":[1.0,0.0],"evs":[0.0,-0.8728]},"75s":{"weight":1.0,"played":[0.8983,0.1017],"evs":[0.0,-0.11208]},"76s":{"weight":1.0,"played":[0.7854,0.2146],"evs":[0.0,-0.34974]},"77":{"weight":1.0,"played":[0.404,0.596],"evs":[0.0,0.02669]},"87o":{"weight":1.0,"played":[1.0,0.0],"evs":[0.0,-0.96293]},"97o":{"weight":1.0,"played":[0.9997,3.0E-4],"evs":[0.0,-1.27426]},"T7o":{"weight":1.0,"played":[0.9997,3.0E-4],"evs":[0.0,-1.17378]},"J7o":{"weight":1.0,"played":[0.9999,1.0E-4],"evs":[0.0,-1.62863]},"Q7o":{"weight":1.0,"played":[0.9998,2.0E-4],"evs":[0.0,-1.24052]},"K7o":{"weight":1.0,"played":[1.0,0.0],"evs":[0.0,-1.43465]},"A7o":{"weight":1.0,"played":[1.0,0.0],"evs":[0.0,-1.86562]},"82s":{"weight":1.0,"played":[0.995,0.005],"evs":[0.0,-1.52387]},"83s":{"weight":1.0,"played":[0.9906,0.0094],"evs":[0.0,-1.14788]},"84s":{"weight":1.0,"played":[0.9999,1.0E-4],"evs":[0.0,-1.10208]},"85s":{"weight":1.0,"played":[0.9984,0.0016],"evs":[0.0,-0.86181]},"86s":{"weight":1.0,"played":[0.9558,0.0442],"evs":[0.0,-0.67673]},"87s":{"weight":1.0,"played":[0.4204,0.5796],"evs":[0.0,-0.65776]},"88":{"weight":1.0,"played":[0.1452,0.8548],"evs":[0.0,0.39128]},"98o":{"weight":1.0,"played":[0.9967,0.0033],"evs":[0.0,-1.01129]},"T8o":{"weight":1.0,"played":[0.9998,2.0E-4],"evs":[0.0,-1.21761]},"J8o":{"weight":1.0,"played":[1.0,0.0],"evs":[0.0,-1.33999]},"Q8o":{"weight":1.0,"played":[0.9993,7.0E-4],"evs":[0.0,-1.26893]},"K8o":{"weight":1.0,"played":[0.9999,1.0E-4],"evs":[0.0,-1.41301]},"A8o":{"weight":1.0,"played":[0.9999,1.0E-4],"evs":[0.0,-1.407]},"92s":{"weight":1.0,"played":[0.9997,3.0E-4],"evs":[0.0,-1.02362]},"93s":{"weight":1.0,"played":[1.0,0.0],"evs":[0.0,-0.87285]},"94s":{"weight":1.0,"played":[0.9996,4.0E-4],"evs":[0.0,-0.93651]},"95s":{"weight":1.0,"played":[0.9856,0.0144],"evs":[0.0,-0.74286]},"96s":{"weight":1.0,"played":[0.9836,0.0164],"evs":[0.0,-0.39681]},"97s":{"weight":1.0,"played":[0.8834,0.1166],"evs":[0.0,-0.42835]},"98s":{"weight":1.0,"played":[0.2957,0.7043],"evs":[0.0,0.33135]},"99":{"weight":1.0,"played":[0.8609,0.1391],"evs":[0.0,-0.20027]},"T9o":{"weight":1.0,"played":[0.9997,3.0E-4],"evs":[0.0,-1.15198]},"J9o":{"weight":1.0,"played":[0.9992,8.0E-4],"evs":[0.0,-0.74362]},"Q9o":{"weight":1.0,"played":[0.9999,1.0E-4],"evs":[0.0,-1.11359]},"K9o":{"weight":1.0,"played":[0.9999,1.0E-4],"evs":[0.0,-1.02469]},"A9o":{"weight":1.0,"played":[1.0,0.0],"evs":[0.0,-1.56887]},"T2s":{"weight":1.0,"played":[1.0,0.0],"evs":[0.0,-1.42883]},"T3s":{"weight":1.0,"played":[0.9988,0.0012],"evs":[0.0,-1.31157]},"T4s":{"weight":1.0,"played":[0.9905,0.0095],"evs":[0.0,-1.23799]},"T5s":{"weight":1.0,"played":[0.9241,0.0759],"evs":[0.0,-1.38155]},"T6s":{"weight":1.0,"played":[0.9988,0.0012],"evs":[0.0,-0.73619]},"T7s":{"weight":1.0,"played":[0.7525,0.2475],"evs":[0.0,-0.81482]},"T8s":{"weight":1.0,"played":[0.8735,0.1265],"evs":[0.0,-0.36142]},"T9s":{"weight":1.0,"played":[0.9461,0.0539],"evs":[0.0,-0.38078]},"TT":{"weight":1.0,"played":[0.6287,0.3713],"evs":[0.0,0.074]},"JTo":{"weight":1.0,"played":[0.9987,0.0013],"evs":[0.0,-1.03561]},"QTo":{"weight":1.0,"played":[0.9999,1.0E-4],"evs":[0.0,-0.91858]},"KTo":{"weight":1.0,"played":[0.9999,1.0E-4],"evs":[0.0,-1.32807]},"ATo":{"weight":1.0,"played":[1.0,0.0],"evs":[0.0,-1.14377]},"J2s":{"weight":1.0,"played":[0.9986,0.0014],"evs":[0.0,-1.18805]},"J3s":{"weight":1.0,"played":[0.9897,0.0103],"evs":[0.0,-0.89283]},"J4s":{"weight":1.0,"played":[1.0,0.0],"evs":[0.0,-0.95375]},"J5s":{"weight":1.0,"played":[0.996,0.004],"evs":[0.0,-1.17216]},"J6s":{"weight":1.0,"played":[0.9997,3.0E-4],"evs":[0.0,-1.27934]},"J7s":{"weight":1.0,"played":[0.9751,0.0249],"evs":[0.0,-0.90234]},"J8s":{"weight":1.0,"played":[0.7358,0.2642],"evs":[0.0,-0.23153]},"J9s":{"weight":1.0,"played":[0.8883,0.1117],"evs":[0.0,-0.46671]},"JTs":{"weight":1.0,"played":[0.5021,0.4979],"evs":[0.0,-0.01912]},"JJ":{"weight":1.0,"played":[0.0027,0.9973],"evs":[0.0,1.45111]},"QJo":{"weight":1.0,"played":[0.9966,0.0034],"evs":[0.0,-0.67559]},"KJo":{"weight":1.0,"played":[0.9358,0.0642],"evs":[0.0,-0.48897]},"AJo":{"weight":1.0,"played":[0.9981,0.0019],"evs":[0.0,-0.85723]},"Q2s":{"weight":1.0,"played":[0.9946,0.0054],"evs":[0.0,-0.88529]},"Q3s":{"weight":1.0,"played":[0.8459,0.1541],"evs":[0.0,-0.30644]},"Q4s":{"weight":1.0,"played":[0.9827,0.0173],"evs":[0.0,-0.6728]},"Q5s":{"weight":1.0,"played":[0.9376,0.0624],"evs":[0.0,-0.91913]},"Q6s":{"weight":1.0,"played":[0.911,0.089],"evs":[0.0,-0.34199]},"Q7s":{"weight":1.0,"played":[0.9906,0.0094],"evs":[0.0,-0.79624]},"Q8s":{"weight":1.0,"played":[0.8808,0.1192],"evs":[0.0,-0.38845]},"Q9s":{"weight":1.0,"played":[0.9689,0.0311],"evs":[0.0,-0.30891]},"QTs":{"weight":1.0,"played":[0.9927,0.0073],"evs":[0.0,-0.40743]},"QJs":{"weight":1.0,"played":[0.8975,0.1025],"evs":[0.0,-0.61588]},"QQ":{"weight":1.0,"played":[0.0,1.0],"evs":[0.0,3.28111]},"KQo":{"weight":1.0,"played":[0.7089,0.2911],"evs":[0.0,-0.26108]},"AQo":{"weight":1.0,"played":[0.7822,0.2178],"evs":[0.0,-0.12939]},"K2s":{"weight":1.0,"played":[0.9445,0.0555],"evs":[0.0,-0.98465]},"K3s":{"weight":1.0,"played":[0.9664,0.0336],"evs":[0.0,-1.20222]},"K4s":{"weight":1.0,"played":[0.9962,0.0038],"evs":[0.0,-0.74914]},"K5s":{"weight":1.0,"played":[0.9973,0.0027],"evs":[0.0,-0.55138]},"K6s":{"weight":1.0,"played":[0.9709,0.0291],"evs":[0.0,-0.96528]},"K7s":{"weight":1.0,"played":[0.9882,0.0118],"evs":[0.0,-0.76429]},"K8s":{"weight":1.0,"played":[0.9104,0.0896],"evs":[0.0,0.06622]},"K9s":{"weight":1.0,"played":[0.9757,0.0243],"evs":[0.0,-0.88804]},"KTs":{"weight":1.0,"played":[0.9176,0.0824],"evs":[0.0,-0.26755]},"KJs":{"weight":1.0,"played":[0.0518,0.9482],"evs":[0.0,-0.09685]},"KQs":{"weight":1.0,"played":[0.0012,0.9988],"evs":[0.0,0.38261]},"KK":{"weight":1.0,"played":[0.0,1.0],"evs":[0.0,5.11907]},"AKo":{"weight":1.0,"played":[0.0018,0.9982],"evs":[0.0,0.40303]},"A2s":{"weight":1.0,"played":[0.993,0.007],"evs":[0.0,-1.26799]},"A3s":{"weight":1.0,"played":[0.9775,0.0225],"evs":[0.0,-0.99462]},"A4s":{"weight":1.0,"played":[0.9843,0.0157],"evs":[0.0,-0.83123]},"A5s":{"weight":1.0,"played":[0.8795,0.1205],"evs":[0.0,-1.10451]},"A6s":{"weight":1.0,"played":[0.9982,0.0018],"evs":[0.0,-0.29567]},"A7s":{"weight":1.0,"played":[1.0,0.0],"evs":[0.0,-0.32815]},"A8s":{"weight":1.0,"played":[0.7823,0.2177],"evs":[0.0,-1.01759]},"A9s":{"weight":1.0,"played":[0.6733,0.3267],"evs":[0.0,-0.75477]},"ATs":{"weight":1.0,"played":[0.7621,0.2379],"evs":[0.0,-0.29744]},"AJs":{"weight":1.0,"played":[0.7974,0.2026],"evs":[0.0,-0.96404]},"AQs":{"weight":1.0,"played":[0.0259,0.9741],"evs":[0.0,0.61262]},"AKs":{"weight":1.0,"played":[2.0E-4,0.9998],"evs":[0.0,1.14867]},"AA":{"weight":1.0,"played":[0.0,1.0],"evs":[0.0,7.36113]}}}