{"player":5,"street":0,"children":2,"sequence":[{"player":0,"type":"R","amount":15550000,"street":0},{"player":1,"type":"R","amount":24020000,"street":0},{"player":2,"type":"F","amount":0,"street":0},{"player":3,"type":"C","amount":6170000,"street":0},{"player":4,"type":"C","amount":22420000,"street":0}],"actions":[{"type":"F","amount":0},{"type":"C","amount":5070000}],"hands":{"22":{"weight":1.0,"played":[0.914,0.086],"evs":[0.0,-2.26707]},"32o":{"weight":1.0,"played":[0.9987,0.0013],"evs":[0.0,-2.42283]},"42o":{"weight":1.0,"played":[0.9988,0.0012],"evs":[0.0,-1.82702]},"52o":{"weight":1.0,"played":[0.9985,0.0015],"evs":[0.0,-2.70751]},"62o":{"weight":1.0,"played":[0.9949,0.0051],"evs":[0.0,-3.95152]},"72o":{"weight":1.0,"played":[1.0,0.0],"evs":[0.0,-3.7733]},"82o":{"weight":1.0,"played":[0.9995,5.0E-4],"evs":[0.0,-3.71036]},"92o":{"weight":1.0,"played":[0.9952,0.0048],"evs":[0.0,-4.34761]},"T2o":{"weight":1.0,"played":[1.0,0.0],"evs":[0.0,-3.01453]},"J2o":{"weight":1.0,"played":[1.0,0.0],"evs":[0.0,-3.35683]},"Q2o":{"weight":1.0,"played":[0.9999,1.0E-4],"evs":[0.0,-2.71454]},"K2o":{"weight":1.0,"played":[0.9961,0.0039],"evs":[0.0,-4.10691]},"A2o":{"weight":1.0,"played":[0.9998,2.0E-4],"evs":[0.0,-3.09878]},"32s":{"weight":1.0,"played":[0.9924,0.0076],"evs":[0.0,-3.02848]},"33":{"weight":1.0,"played":[1.0,0.0],"evs":[0.0,-0.61982]},"43o":{"weight":1.0,"played":[0.9798,0.0202],"evs":[0.0,-3.22777]},"53o":{"weight":1.0,"played":[1.0,0.0],"evs":[0.0,-3.55173]},"63o":{"weight":1.0,"played":[1.0,0.0],"evs":[0.0,-3.46805]},"73o":{"weight":1.0,"played":[0.9939,0.0061],"evs":[0.0,-3.05139]},"83o":{"weight":1.0,"played":[0.9994,6.0E-4],"evs":[0.0,-3.67468]},"93o":{"weight":1.0,"played":[0.9994,6.0E-4],"evs":[0.0,-2.42759]},"T3o":{"weight":1.0,"played":[1.0,0.0],"evs":[0.0,-4.08494]},"J3o":{"weight":1.0,"played":[0.9947,0.0053],"evs":[0.0,-3.93195]},"Q3o":{"weight":1.0,"played":[1.0,0.0],"evs":[0.0,-2.55615]},"K3o":{"weight":1.0,"played":[0.9961,0.0039],"evs":[0.0,-3.98743]},"A3o":{"weight":1.0,"played":[0.9993,7.0E-4],"evs":[0.0,-2.29815]},"42s":{"weight":1.0,"played":[0.9772,0.0228],"evs":[0.0,-5.37619]},"43s":{"weight":1.0,"played":[0.9737,0.0263],"evs":[0.0,-4.23176]},"44":{"weight":1.0,"played":[0.9846,0.0154],"evs":[0.0,-2.56406]},"54o":{"weight":1.0,"played":[0.9276,0.0724],"evs":[0.0,-2.75278]},"64o":{"weight":1.0,"played":[0.9951,0.0049],"evs":[0.0,-3.69613]},"74o":{"weight":1.0,"played":[0.9432,0.0568],"evs":[0.0,-2.35532]},"84o":{"weight":1.0,"played":[0.9994,6.0E-4],"evs":[0.0,-2.69083]},"94o":{"weight":1.0,"played":[0.9963,0.0037],"evs":[0.0,-2.1099]},"T4o":{"weight":1.0,"played":[1.0,0.0],"evs":[0.0,-3.69328]},"J4o":{"weight":1.0,"played":[0.998,0.002],"evs":[0.0,-3.24154]},"Q4o":{"weight":1.0,"played":[1.0,0.0],"evs":[0.0,-3.72978]},"K4o":{"weight":1.0,"played":[0.9829,0.0171],"evs":[0.0,-2.16716]},"A4o":{"weight":1.0,"played":[0.998,0.002],"evs":[0.0,-4.09522]},"52s":{"weight":1.0,"played":[0.541,0.459],"evs":[0.0,0.12796]},"53s":{"weight":1.0,"played":[0.8978,0.1022],"evs":[0.0,-2.95782]},"54s":{"weight":1.0,"played":[0.9266,0.0734],"evs":[0.0,-0.68091]},"55":{"weight":1.0,"played":[0.9993,7.0E-4],"evs":[0.0,-1.90375]},"65o":{"weight":1.0,"played":[0.9903,0.0097],"evs":[0.0,-2.96772]},"75o":{"weight":1.0,"played":[0.9732,0.0268],"evs":[0.0,-1.79668]},"85o":{"weight":1.0,"played":[0.9998,2.0E-4],"evs":[0.0,-2.34732]},"95o":{"weight":1.0,"played":[0.9984,0.0016],"evs":[0.0,-2.90197]},"T5o":{"weight":1.0,"played":[1.0,0.0],"evs":[0.0,-4.31526]},"J5o":{"weight":1.0,"played":[0.9962,0.0038],"evs":[0.0,-3.88199]},"Q5o":{"weight":1.0,"played":[0.993,0.007],"evs":[0.0,-2.46296]},"K5o":{"weight":1.0,"played":[0.9967,0.0033],"evs":[0.0,-4.4834]},"A5o":{"weight":1.0,"played":[0.9936,0.0064],"evs":[0.0,-2.35409]},"62s":{"weight":1.0,"played":[0.9918,0.0082],"evs":[0.0,-3.84786]},"63s":{"weight":1.0,"played":[0.889,0.111],"evs":[0.0,-3.36324]},"64s":{"weight":1.0,"played":[0.9922,0.0078],"evs":[0.0,-0.66598]},"65s":{"weight":1.0,"played":[0.7054,0.2946],"evs":[0.0,-1.20822]},"66":{"weight":1.0,"played":[0.9995,5.0E-4],"evs":[0.0,-3.12619]},"76o":{"weight":1.0,"played":[0.9979,0.0021],"evs":[0.0,-2.31379]},"86o":{"weight":1.0,"played":[0.9952,0.0048],"evs":[0.0,-3.05859]},"96o":{"weight":1.0,"played":[1.0,0.0],"evs":[0.0,-3.3222]},"T6o":{"weight":1.0,"played":[0.9995,5.0E-4],"evs":[0.0,-3.16704]},"J6o":{"weight":1.0,"played":[0.9901,0.0099],"evs":[0.0,-4.19776]},"Q6o":{"weight":1.0,"played":[0.9999,1.0E-4],"evs":[0.0,-3.1951]},"K6o":{"weight":1.0,"played":[0.996,0.004],"evs":[0.0,-3.65775]},"A6o":{"weight":1.0,"played":[0.9998,2.0E-4],"evs":[0.0,-3.50997]},"72s":{"weight":1.0,"played":[0.9966,0.0034],"evs":[0.0,-4.33396]},"73s":{"weight":1.0,"played":[0.9932,0.0068],"evs":[0.0,-3.93948]},"74s":{"weight":1.0,"played":[0.8839,0.1161],"evs":[0.0,-2.94396]},"75s":{"weight":1.0,"played":[0.9892,0.0108],"evs":[0.0,-2.66562]},"76s":{"weight":1.0,"played":[0.9947,0.0053],"evs":[0.0,-2.35035]},"77":{"weight":1.0,"played":[0.9376,0.0624],"evs":[0.0,-3.07228]},"87o":{"weight":1.0,"played":[0.9589,0.0411],"evs":[0.0,-2.10432]},"97o":{"weight":1.0,"played":[1.0,0.0],"evs":[0.0,-3.23311]},"T7o":{"weight":1.0,"played":[0.9969,0.0031],"evs":[0.0,-3.33151]},"J7o":{"weight":1.0,"played":[0.992,0.008],"evs":[0.0,-3.82645]},"Q7o":{"weight":1.0,"played":[0.9846,0.0154],"evs":[0.0,-2.3686]},"K7o":{"weight":1.0,"played":[1.0,0.0],"evs":[0.0,-3.32083]},"A7o":{"weight":1.0,"played":[0.9993,7.0E-4],"evs":[0.0,-3.80082]},"82s":{"weight":1.0,"played":[0.7994,0.2006],"evs":[0.0,-3.4527]},"83s":{"weight":1.0,"played":[0.9502,0.0498],"evs":[0.0,-0.95084]},"84s":{"weight":1.0,"played":[0.9996,4.0E-4],"evs":[0.0,-2.62862]},"85s":{"weight":1.0,"played":[0.969,0.031],"evs":[0.0,-0.77725]},"86s":{"weight":1.0,"played":[0.6651,0.3349],"evs":[0.0,-1.59576]},"87s":{"weight":1.0,"played":[0.9992,8.0E-4],"evs":[0.0,-2.52296]},"88":{"weight":1.0,"played":[0.89,0.11],"evs":[0.0,-1.44648]},"98o":{"weight":1.0,"played":[0.9863,0.0137],"evs":[0.0,-2.8139]},"T8o":{"weight":1.0,"played":[0.9999,1.0E-4],"evs":[0.0,-4.11254]},"J8o":{"weight":1.0,"played":[0.9992,8.0E-4],"evs":[0.0,-2.33255]},"Q8o":{"weight":1.0,"played":[0.9971,0.0029],"evs":[0.0,-3.02259]},"K8o":{"weight":1.0,"played":[0.9981,0.0019],"evs":[0.0,-4.27571]},"A8o":{"weight":1.0,"played":[0.9909,0.0091],"evs":[0.0,-3.60816]},"92s":{"weight":1.0,"played":[0.8427,0.1573],"evs":[0.0,-3.96009]},"93s":{"weight":1.0,"played":[0.8749,0.1251],"evs":[0.0,-2.80133]},"94s":{"weight":1.0,"played":[0.925,0.075],"evs":[0.0,-2.19707]},"95s":{"weight":1.0,"played":[0.6658,0.3342],"evs":[0.0,-0.09792]},"96s":{"weight":1.0,"played":[0.6732,0.3268],"evs":[0.0,-1.329]},"97s":{"weight":1.0,"played":[0.605,0.395],"evs":[0.0,-0.11701]},"98s":{"weight":1.0,"played":[0.9835,0.0165],"evs":[0.0,-2.68605]},"99":{"weight":1.0,"played":[0.9999,1.0E-4],"evs":[0.0,-2.56838]},"T9o":{"weight":1.0,"played":[0.9638,0.0362],"evs":[0.0,-3.0593]},"J9o":{"weight":1.0,"played":[0.9867,0.0133],"evs":[0.0,-2.24682]},"Q9o":{"weight":1.0,"played":[0.9999,1.0E-4],"evs":[0.0,-2.03201]},"K9o":{"weight":1.0,"played":[0.9911,0.0089],"evs":[0.0,-3.00972]},"A9o":{"weight":1.0,"played":[0.9803,0.0197],"evs":[0.0,-2.80543]},"T2s":{"weight":1.0,"played":[0.5565,0.4435],"evs":[0.0,-1.4265]},"T3s":{"weight":1.0,"played":[0.993,0.007],"evs":[0.0,-4.0225]},"T4s":{"weight":1.0,"played":[0.9925,0.0075],"evs":[0.0,-5.12001]},"T5s":{"weight":1.0,"played":[0.9857,0.0143],"evs":[0.0,-0.88352]},"T6s":{"weight":1.0,"played":[0.9945,0.0055],"evs":[0.0,-2.31002]},"T7s":{"weight":1.0,"played":[0.7519,0.2481],"evs":[0.0,-1.4671]},"T8s":{"weight":1.0,"played":[0.5352,0.4648],"evs":[0.0,-0.8823]},"T9s":{"weight":1.0,"played":[0.8954,0.1046],"evs":[0.0,-2.28308]},"TT":{"weight":1.0,"played":[0.7173,0.2827],"evs":[0.0,-1.53208]},"JTo":{"weight":1.0,"played":[1.0,0.0],"evs":[0.0,-2.51804]},"QTo":{"weight":1.0,"played":[0.8483,0.1517],"evs":[0.0,-3.59246]},"KTo":{"weight":1.0,"played":[0.967,0.033],"evs":[0.0,-3.41386]},"ATo":{"weight":1.0,"played":[0.9669,0.0331],"evs":[0.0,-3.37618]},"J2s":{"weight":1.0,"played":[0.999,0.001],"evs":[0.0,-3.06881]},"J3s":{"weight":1.0,"played":[0.873,0.127],"evs":[0.0,-1.24643]},"J4s":{"weight":1.0,"played":[0.976,0.024],"evs":[0.0,-4.88215]},"J5s":{"weight":1.0,"played":[0.9356,0.0644],"evs":[0.0,-1.64247]},"J6s":{"weight":1.0,"played":[1.0,0.0],"evs":[0.0,-4.52309]},"J7s":{"weight":1.0,"played":[0.8978,0.1022],"evs":[0.0,-4.11287]},"J8s":{"weight":1.0,"played":[0.9952,0.0048],"evs":[0.0,-2.41213]},"J9s":{"weight":1.0,"played":[1.0,0.0],"evs":[0.0,-1.55842]},"JTs":{"weight":1.0,"played":[0.9728,0.0272],"evs":[0.0,-3.35935]},"JJ":{"weight":1.0,"played":[0.9194,0.0806],"evs":[0.0,-0.34816]},"QJo":{"weight":1.0,"played":[1.0,0.0],"evs":[0.0,-1.93808]},"KJo":{"weight":1.0,"played":[0.9907,0.0093],"evs":[0.0,-2.66041]},"AJo":{"weight":1.0,"played":[0.9973,0.0027],"evs":[0.0,-3.80389]},"Q2s":{"weight":1.0,"played":[0.9768,0.0232],"evs":[0.0,-4.47185]},"Q3s":{"weight":1.0,"played":[0.9595,0.0405],"evs":[0.0,-3.03556]},"Q4s":{"weight":1.0,"played":[0.9923,0.0077],"evs":[0.0,-3.70483]},"Q5s":{"weight":1.0,"played":[0.964,0.036],"evs":[0.0,-1.79585]},"Q6s":{"weight":1.0,"played":[0.9983,0.0017],"evs":[0.0,-2.67627]},"Q7s":{"weight":1.0,"played":[0.4406,0.5594],"evs":[0.0,0.17843]},"Q8s":{"weight":1.0,"played":[0.8901,0.1099],"evs":[0.0,-2.65131]},"Q9s":{"weight":1.0,"played":[0.936,0.064],"evs":[0.0,-2.58463]},"QTs":{"weight":1.0,"played":[0.9763,0.0237],"evs":[0.0,-2.64408]},"QJs":{"weight":1.0,"played":[0.9218,0.0782],"evs":[0.0,-0.55535]},"QQ":{"weight":1.0,"played":[0.9209,0.0791],"evs":[0.0,-2.14138]},"KQo":{"weight":1.0,"played":[0.9925,0.0075],"evs":[0.0,-2.12589]},"AQo":{"weight":1.0,"played":[0.9999,1.0E-4],"evs":[0.0,-2.61851]},"K2s":{"weight":1.0,"played":[0.8853,0.1147],"evs":[0.0,-3.00139]},"K3s":{"weight":1.0,"played":[1.0,0.0],"evs":[0.0,-4.71418]},"K4s":{"weight":1.0,"played":[0.9833,0.0167],"evs":[0.0,-2.14057]},"K5s":{"weight":1.0,"played":[0.9088,0.0912],"evs":[0.0,-1.95505]},"K6s":{"weight":1.0,"played":[0.848,0.152],"evs":[0.0,-2.2602]},"K7s":{"weight":1.0,"played":[0.8515,0.1485],"evs":[0.0,-1.53709]},"K8s":{"weight":1.0,"played":[0.8349,0.1651],"evs":[0.0,-2.96011]},"K9s":{"weight":1.0,"played":[0.9937,0.0063],"evs":[0.0,-2.10887]},"KTs":{"weight":1.0,"played":[0.4311,0.5689],"evs":[0.0,-0.33137]},"KJs":{"weight":1.0,"played":[0.8922,0.1078],"evs":[0.0,-2.60087]},"KQs":{"weight":1.0,"played":[0.0606,0.9394],"evs":[0.0,-0.75105]},"KK":{"weight":1.0,"played":[0.0602,0.9398],"evs":[0.0,3.75539]},"AKo":{"weight":1.0,"played":[0.9988,0.0012],"evs":[0.0,-1.17364]},"A2s":{"weight":1.0,"played":[0.9884,0.0116],"evs":[0.0,-3.24438]},"A3s":{"weight":1.0,"played":[0.9374,0.0626],"evs":[0.0,-0.98337]},"A4s":{"weight":1.0,"played":[0.9899,0.0101],"evs":[0.0,-2.4124]},"A5s":{"weight":1.0,"played":[0.9806,0.0194],"evs":[0.0,-3.13808]},"A6s":{"weight":1.0,"played":[0.9542,0.0458],"evs":[0.0,-1.5299]},"A7s":{"weight":1.0,"played":[0.9968,0.0032],"evs":[0.0,-1.33911]},"A8s":{"weight":1.0,"played":[1.0,0.0],"evs":[0.0,-2.77387]},"A9s":{"weight":1.0,"played":[1.0,0.0],"evs":[0.0,-3.66568]},"ATs":{"weight":1.0,"played":[0.5324,0.4676],"evs":[0.0,-1.2578]},"AJs":{"weight":1.0,"played":[0.8942,0.1058],"evs":[0.0,-4.68911]},"AQs":{"weight":1.0,"played":[0.3789,0.6211],"evs":[0.0,-1.8644]},"AKs":{"weight":1.0,"played":[0.6429,0.3571],"evs":[0.0,-1.37132]},"AA":{"weight":1.0,"played":[0.0032,0.9968],"evs":[0.0,3.97609]}}}