{"player":5,"street":0,"children":2,"sequence":[{"player":0,"type":"R","amount":15550000,"street":0},{"player":1,"type":"R","amount":24020000,"street":0},{"player":2,"type":"R","amount":26780000,"street":0},{"player":3,"type":"C","amount":6170000,"street":0},{"player":4,"type":"F","amount":0,"street":0}],"actions":[{"type":"F","amount":0},{"type":"C","amount":5070000}],"hands":{"22":{"weight":1.0,"played":[1.0,0.0],"evs":[0.0,-2.96185]},"32o":{"weight":1.0,"played":[0.9032,0.0968],"evs":[0.0,-2.22404]},"42o":{"weight":1.0,"played":[1.0,0.0],"evs":[0.0,-4.27402]},"52o":{"weight":1.0,"played":[0.9701,0.0299],"evs":[0.0,-6.55257]},"62o":{"weight":1.0,"played":[0.9669,0.0331],"evs":[0.0,-5.61259]},"72o":{"weight":1.0,"played":[0.9987,0.0013],"evs":[0.0,-6.01806]},"82o":{"weight":1.0,"played":[1.0,0.0],"evs":[0.0,-2.87491]},"92o":{"weight":1.0,"played":[1.0,0.0],"evs":[0.0,-1.59546]},"T2o":{"weight":1.0,"played":[0.9414,0.0586],"evs":[0.0,-5.91664]},"J2o":{"weight":1.0,"played":[1.0,0.0],"evs":[0.0,-5.58958]},"Q2o":{"weight":1.0,"played":[0.8951,0.1049],"evs":[0.0,-4.10389]},"K2o":{"weight":1.0,"played":[1.0,0.0],"evs":[0.0,-5.27719]},"A2o":{"weight":1.0,"played":[0.7835,0.2165],"evs":[0.0,-4.29428]},"32s":{"weight":1.0,"played":[0.9772,0.0228],"evs":[0.0,-5.85684]},"33":{"weight":1.0,"played":[0.1587,0.8413],"evs":[0.0,1.24419]},"43o":{"weight":1.0,"played":[1.0,0.0],"evs":[0.0,-1.50898]},"53o":{"weight":1.0,"played":[0.9231,0.0769],"evs":[0.0,-3.26246]},"63o":{"weight":1.0,"played":[0.7849,0.2151],"evs":[0.0,-0.90478]},"73o":{"weight":1.0,"played":[0.5954,0.4046],"evs":[0.0,-2.69172]},"83o":{"weight":1.0,"played":[0.9965,0.0035],"evs":[0.0,-3.79928]},"93o":{"weight":1.0,"played":[0.9753,0.0247],"evs":[0.0,-2.01698]},"T3o":{"weight":1.0,"played":[0.9165,0.0835],"evs":[0.0,-6.02053]},"J3o":{"weight":1.0,"played":[0.4832,0.5168],"evs":[0.0,-1.80831]},"Q3o":{"weight":1.0,"played":[0.4941,0.5059],"evs":[0.0,-3.27836]},"K3o":{"weight":1.0,"played":[1.0,0.0],"evs":[0.0,-5.88355]},"A3o":{"weight":1.0,"played":[0.5963,0.4037],"evs":[0.0,-5.1414]},"42s":{"weight":1.0,"played":[0.9925,0.0075],"evs":[0.0,-5.91084]},"43s":{"weight":1.0,"played":[0.9593,0.0407],"evs":[0.0,-0.32398]},"44":{"weight":1.0,"played":[0.4036,0.5964],"evs":[0.0,3.14731]},"54o":{"weight":1.0,"played":[0.6594,0.3406],"evs":[0.0,0.13488]},"64o":{"weight":1.0,"played":[0.604,0.396],"evs":[0.0,-1.15293]},"74o":{"weight":1.0,"played":[0.9984,0.0016],"evs":[0.0,-2.86091]},"84o":{"weight":1.0,"played":[1.0,0.0],"evs":[0.0,-5.15891]},"94o":{"weight":1.0,"played":[0.9747,0.0253],"evs":[0.0,-2.90784]},"T4o":{"weight":1.0,"played":[1.0,0.0],"evs":[0.0,-4.36813]},"J4o":{"weight":1.0,"played":[1.0,0.0],"evs":[0.0,-6.00087]},"Q4o":{"weight":1.0,"played":[0.9749,0.0251],"evs":[0.0,-6.15291]},"K4o":{"weight":1.0,"played":[1.0,0.0],"evs":[0.0,-5.55538]},"A4o":{"weight":1.0,"played":[0.9344,0.0656],"evs":[0.0,-5.62796]},"52s":{"weight":1.0,"played":[0.9786,0.0214],"evs":[0.0,-6.46059]},"53s":{"weight":1.0,"played":[0.9912,0.0088],"evs":[0.0,0.66366]},"54s":{"weight":1.0,"played":[1.0,0.0],"evs":[0.0,-2.35971]},"55":{"weight":1.0,"played":[0.9336,0.0664],"evs":[0.0,-6.01192]},"65o":{"weight":1.0,"played":[0.7663,0.2337],"evs":[0.0,-2.02071]},"75o":{"weight":1.0,"played":[0.9433,0.0567],"evs":[0.0,-0.0525]},"85o":{"weight":1.0,"played":[0.8394,0.1606],"evs":[0.0,-1.91602]},"95o":{"weight":1.0,"played":[1.0,0.0],"evs":[0.0,-4.94704]},"T5o":{"weight":1.0,"played":[0.8495,0.1505],"evs":[0.0,-5.33108]},"J5o":{"weight":1.0,"played":[0.9986,0.0014],"evs":[0.0,-4.15723]},"Q5o":{"weight":1.0,"played":[0.5794,0.4206],"evs":[0.0,-2.92148]},"K5o":{"weight":1.0,"played":[0.7768,0.2232],"evs":[0.0,-3.7989]},"A5o":{"weight":1.0,"played":[0.9784,0.0216],"evs":[0.0,-5.55746]},"62s":{"weight":1.0,"played":[1.0,0.0],"evs":[0.0,-6.58983]},"63s":{"weight":1.0,"played":[1.0,0.0],"evs":[0.0,-6.88307]},"64s":{"weight":1.0,"played":[0.946,0.054],"evs":[0.0,-5.47424]},"65s":{"weight":1.0,"played":[1.0,0.0],"evs":[0.0,-6.68263]},"66":{"weight":1.0,"played":[1.0,0.0],"evs":[0.0,-1.40715]},"76o":{"weight":1.0,"played":[1.0,0.0],"evs":[0.0,-2.11147]},"86o":{"weight":1.0,"played":[0.4473,0.5527],"evs":[0.0,1.60305]},"96o":{"weight":1.0,"played":[0.9856,0.0144],"evs":[0.0,-6.35514]},"T6o":{"weight":1.0,"played":[0.4211,0.5789],"evs":[0.0,-2.89896]},"J6o":{"weight":1.0,"played":[1.0,0.0],"evs":[0.0,-5.07764]},"Q6o":{"weight":1.0,"played":[1.0,0.0],"evs":[0.0,-5.21885]},"K6o":{"weight":1.0,"played":[0.8569,0.1431],"evs":[0.0,-4.65357]},"A6o":{"weight":1.0,"played":[0.9166,0.0834],"evs":[0.0,-3.52423]},"72s":{"weight":1.0,"played":[1.0,0.0],"evs":[0.0,-4.93096]},"73s":{"weight":1.0,"played":[0.9988,0.0012],"evs":[0.0,-6.51853]},"74s":{"weight":1.0,"played":[0.4386,0.5614],"evs":[0.0,0.48569]},"75s":{"weight":1.0,"played":[0.8605,0.1395],"evs":[0.0,1.49699]},"76s":{"weight":1.0,"played":[0.2135,0.7865],"evs":[0.0,5.34568]},"77":{"weight":1.0,"played":[0.5336,0.4664],"evs":[0.0,-2.0675]},"87o":{"weight":1.0,"played":[1.0,0.0],"evs":[0.0,-3.95093]},"97o":{"weight":1.0,"played":[0.7591,0.2409],"evs":[0.0,-1.35625]},"T7o":{"weight":1.0,"played":[0.9976,0.0024],"evs":[0.0,-4.6795]},"J7o":{"weight":1.0,"played":[0.9668,0.0332],"evs":[0.0,-4.75556]},"Q7o":{"weight":1.0,"played":[0.9356,0.0644],"evs":[0.0,-4.16833]},"K7o":{"weight":1.0,"played":[0.4981,0.5019],"evs":[0.0,-1.13897]},"A7o":{"weight":1.0,"played":[1.0,0.0],"evs":[0.0,-6.47304]},"82s":{"weight":1.0,"played":[0.5,0.5],"evs":[0.0,5.71268]},"83s":{"weight":1.0,"played":[0.5,0.5],"evs":[0.0,-7.34419]},"84s":{"weight":1.0,"played":[0.9924,0.0076],"evs":[0.0,-6.22608]},"85s":{"weight":1.0,"played":[0.9376,0.0624],"evs":[0.0,4.06972]},"86s":{"weight":1.0,"played":[0.7619,0.2381],"evs":[0.0,-4.75261]},"87s":{"weight":1.0,"played":[0.8399,0.1601],"evs":[0.0,-6.62481]},"88":{"weight":1.0,"played":[0.5893,0.4107],"evs":[0.0,-0.18893]},"98o":{"weight":1.0,"played":[0.6095,0.3905],"evs":[0.0,-0.01862]},"T8o":{"weight":1.0,"played":[0.8726,0.1274],"evs":[0.0,-4.69107]},"J8o":{"weight":1.0,"played":[0.703,0.297],"evs":[0.0,-2.89042]},"Q8o":{"weight":1.0,"played":[0.7391,0.2609],"evs":[0.0,0.90771]},"K8o":{"weight":1.0,"played":[1.0,0.0],"evs":[0.0,-5.96642]},"A8o":{"weight":1.0,"played":[0.8295,0.1705],"evs":[0.0,-3.32565]},"92s":{"weight":1.0,"played":[0.6851,0.3149],"evs":[0.0,-0.60435]},"93s":{"weight":1.0,"played":[1.0,0.0],"evs":[0.0,-6.06665]},"94s":{"weight":1.0,"played":[0.8684,0.1316],"evs":[0.0,-0.07098]},"95s":{"weight":1.0,"played":[0.997,0.003],"evs":[0.0,-5.51502]},"96s":{"weight":1.0,"played":[0.9756,0.0244],"evs":[0.0,-6.25133]},"97s":{"weight":1.0,"played":[0.6685,0.3315],"evs":[0.0,1.05003]},"98s":{"weight":1.0,"played":[0.787,0.213],"evs":[0.0,-5.84483]},"99":{"weight":1.0,"played":[0.761,0.239],"evs":[0.0,-4.79285]},"T9o":{"weight":1.0,"played":[0.9451,0.0549],"evs":[0.0,-4.33829]},"J9o":{"weight":1.0,"played":[0.5811,0.4189],"evs":[0.0,-1.56082]},"Q9o":{"weight":1.0,"played":[0.7938,0.2062],"evs":[0.0,-3.34262]},"K9o":{"weight":1.0,"played":[1.0,0.0],"evs":[0.0,-5.92162]},"A9o":{"weight":1.0,"played":[0.922,0.078],"evs":[0.0,-5.51736]},"T2s":{"weight":1.0,"played":[1.0,0.0],"evs":[0.0,-6.77593]},"T3s":{"weight":1.0,"played":[0.6716,0.3284],"evs":[0.0,-0.0386]},"T4s":{"weight":1.0,"played":[0.8961,0.1039],"evs":[0.0,-5.15161]},"T5s":{"weight":1.0,"played":[0.9789,0.0211],"evs":[0.0,-6.34701]},"T6s":{"weight":1.0,"played":[0.1901,0.8099],"evs":[0.0,-0.58689]},"T7s":{"weight":1.0,"played":[0.3783,0.6217],"evs":[0.0,1.59112]},"T8s":{"weight":1.0,"played":[0.0,1.0],"evs":[0.0,2.06558]},"T9s":{"weight":1.0,"played":[0.7732,0.2268],"evs":[0.0,-3.66709]},"TT":{"weight":1.0,"played":[0.9982,0.0018],"evs":[0.0,-6.06563]},"JTo":{"weight":1.0,"played":[0.9665,0.0335],"evs":[0.0,-2.85492]},"QTo":{"weight":1.0,"played":[1.0,0.0],"evs":[0.0,-6.07065]},"KTo":{"weight":1.0,"played":[0.9958,0.0042],"evs":[0.0,0.54732]},"ATo":{"weight":1.0,"played":[0.5008,0.4992],"evs":[0.0,-0.50727]},"J2s":{"weight":1.0,"played":[0.4549,0.5451],"evs":[0.0,1.17274]},"J3s":{"weight":1.0,"played":[1.0,0.0],"evs":[0.0,-4.57309]},"J4s":{"weight":1.0,"played":[0.8021,0.1979],"evs":[0.0,5.69769]},"J5s":{"weight":1.0,"played":[1.0,0.0],"evs":[0.0,-1.18018]},"J6s":{"weight":1.0,"played":[0.5326,0.4674],"evs":[0.0,-4.7051]},"J7s":{"weight":1.0,"played":[0.051,0.949],"evs":[0.0,2.00287]},"J8s":{"weight":1.0,"played":[1.0,0.0],"evs":[0.0,-6.03897]},"J9s":{"weight":1.0,"played":[0.423,0.577],"evs":[0.0,6.28842]},"JTs":{"weight":1.0,"played":[0.9147,0.0853],"evs":[0.0,-0.81144]},"JJ":{"weight":1.0,"played":[0.8446,0.1554],"evs":[0.0,-4.538]},"QJo":{"weight":1.0,"played":[0.9945,0.0055],"evs":[0.0,-5.04932]},"KJo":{"weight":1.0,"played":[0.907,0.093],"evs":[0.0,-5.37292]},"AJo":{"weight":1.0,"played":[0.7853,0.2147],"evs":[0.0,-3.79165]},"Q2s":{"weight":1.0,"played":[0.4369,0.5631],"evs":[0.0,-2.15437]},"Q3s":{"weight":1.0,"played":[0.3316,0.6684],"evs":[0.0,5.84395]},"Q4s":{"weight":1.0,"played":[0.5986,0.4014],"evs":[0.0,-2.23379]},"Q5s":{"weight":1.0,"played":[0.9302,0.0698],"evs":[0.0,-0.49646]},"Q6s":{"weight":1.0,"played":[0.7226,0.2774],"evs":[0.0,-1.02138]},"Q7s":{"weight":1.0,"played":[0.8891,0.1109],"evs":[0.0,-6.37674]},"Q8s":{"weight":1.0,"played":[0.8823,0.1177],"evs":[0.0,-5.92402]},"Q9s":{"weight":1.0,"played":[0.865,0.135],"evs":[0.0,-5.76786]},"QTs":{"weight":1.0,"played":[1.0,0.0],"evs":[0.0,-5.37045]},"QJs":{"weight":1.0,"played":[1.0,0.0],"evs":[0.0,10.57245]},"QQ":{"weight":1.0,"played":[0.4719,0.5281],"evs":[0.0,5.20397]},"KQo":{"weight":1.0,"played":[0.9969,0.0031],"evs":[0.0,-5.794]},"AQo":{"weight":1.0,"played":[0.7609,0.2391],"evs":[0.0,-3.80848]},"K2s":{"weight":1.0,"played":[0.9768,0.0232],"evs":[0.0,-5.34563]},"K3s":{"weight":1.0,"played":[0.5412,0.4588],"evs":[0.0,-2.65659]},"K4s":{"weight":1.0,"played":[0.0985,0.9015],"evs":[0.0,9.81495]},"K5s":{"weight":1.0,"played":[0.8472,0.1528],"evs":[0.0,0.40444]},"K6s":{"weight":1.0,"played":[0.9997,3.0E-4],"evs":[0.0,-5.06005]},"K7s":{"weight":1.0,"played":[1.0,0.0],"evs":[0.0,-5.88644]},"K8s":{"weight":1.0,"played":[1.0,0.0],"evs":[0.0,-5.74127]},"K9s":{"weight":1.0,"played":[0.5,0.5],"evs":[0.0,-7.34419]},"KTs":{"weight":1.0,"played":[0.4738,0.5262],"evs":[0.0,10.81667]},"KJs":{"weight":1.0,"played":[0.5934,0.4066],"evs":[0.0,3.22492]},"KQs":{"weight":1.0,"played":[1.0,0.0],"evs":[0.0,-1.7338]},"KK":{"weight":1.0,"played":[0.3814,0.6186],"evs":[0.0,4.55799]},"AKo":{"weight":1.0,"played":[0.8489,0.1511],"evs":[0.0,-5.8284]},"A2s":{"weight":1.0,"played":[1.0,0.0],"evs":[0.0,-6.39677]},"A3s":{"weight":1.0,"played":[1.0,0.0],"evs":[0.0,-7.34419]},"A4s":{"weight":1.0,"played":[0.8954,0.1046],"evs":[0.0,-6.09747]},"A5s":{"weight":1.0,"played":[0.6344,0.3656],"evs":[0.0,-3.87027]},"A6s":{"weight":1.0,"played":[0.8765,0.1235],"evs":[0.0,-5.24453]},"A7s":{"weight":1.0,"played":[0.5,0.5],"evs":[0.0,-4.6592]},"A8s":{"weight":1.0,"played":[0.9588,0.0412],"evs":[0.0,-6.57575]},"A9s":{"weight":1.0,"played":[0.1095,0.8905],"evs":[0.0,12.12181]},"ATs":{"weight":1.0,"played":[0.8416,0.1584],"evs":[0.0,-6.71808]},"AJs":{"weight":1.0,"played":[0.2368,0.7632],"evs":[0.0,4.4526]},"AQs":{"weight":1.0,"played":[0.4238,0.5762],"evs":[0.0,-4.81613]},"AKs":{"weight":1.0,"played":[0.8604,0.1396],"evs":[0.0,-6.33169]},"AA":{"weight":1.0,"played":[0.3955,0.6045],"evs":[0.0,3.05773]}}}