{"player":4,"street":0,"children":2,"sequence":[{"player":0,"type":"F","amount":0,"street":0},{"player":1,"type":"F","amount":0,"street":0},{"player":2,"type":"R","amount":26780000,"street":0},{"player":3,"type":"C","amount":6170000,"street":0}],"actions":[{"type":"F","amount":0,"node":15},{"type":"C","amount":25180000,"node":16}],"hands":{"22":{"weight":1.0,"played":[0.0,1.0],"evs":[0.0,0.49348]},"32o":{"weight":1.0,"played":[1.0,0.0],"evs":[0.0,-3.0173]},"42o":{"weight":1.0,"played":[1.0,0.0],"evs":[0.0,-2.84641]},"52o":{"weight":1.0,"played":[1.0,0.0],"evs":[0.0,-2.73211]},"62o":{"weight":1.0,"played":[1.0,0.0],"evs":[0.0,-3.01825]},"72o":{"weight":1.0,"played":[1.0,0.0],"evs":[0.0,-3.26163]},"82o":{"weight":1.0,"played":[1.0,0.0],"evs":[0.0,-3.09345]},"92o":{"weight":1.0,"played":[1.0,0.0],"evs":[0.0,-3.11954]},"T2o":{"weight":1.0,"played":[1.0,0.0],"evs":[0.0,-2.97474]},"J2o":{"weight":1.0,"played":[1.0,0.0],"evs":[0.0,-2.7889]},"Q2o":{"weight":1.0,"played":[1.0,0.0],"evs":[0.0,-2.34949]},"K2o":{"weight":1.0,"played":[1.0,0.0],"evs":[0.0,-1.66234]},"A2o":{"weight":1.0,"played":[0.9999,1.0E-4],"evs":[0.0,-0.25857]},"32s":{"weight":1.0,"played":[1.0,0.0],"evs":[0.0,-2.06682]},"33":{"weight":1.0,"played":[0.0,1.0],"evs":[0.0,0.89437]},"43o":{"weight":1.0,"played":[1.0,0.0],"evs":[0.0,-2.42146]},"53o":{"weight":1.0,"played":[1.0,0.0],"evs":[0.0,-2.23721]},"63o":{"weight":1.0,"played":[1.0,0.0],"evs":[0.0,-2.5216]},"73o":{"weight":1.0,"played":[1.0,0.0],"evs":[0.0,-2.7458]},"83o":{"weight":1.0,"played":[1.0,0.0],"evs":[0.0,-3.02568]},"93o":{"weight":1.0,"played":[1.0,0.0],"evs":[0.0,-2.98888]},"T3o":{"weight":1.0,"played":[1.0,0.0],"evs":[0.0,-2.83783]},"J3o":{"weight":1.0,"played":[1.0,0.0],"evs":[0.0,-2.61798]},"Q3o":{"weight":1.0,"played":[1.0,0.0],"evs":[0.0,-2.1918]},"K3o":{"weight":1.0,"played":[1.0,0.0],"evs":[0.0,-1.46182]},"A3o":{"weight":1.0,"played":[0.999,0.001],"evs":[0.0,-0.0828]},"42s":{"weight":1.0,"played":[1.0,0.0],"evs":[0.0,-1.91763]},"43s":{"weight":1.0,"played":[1.0,0.0],"evs":[0.0,-1.53842]},"44":{"weight":1.0,"played":[0.0,1.0],"evs":[0.0,1.26801]},"54o":{"weight":1.0,"played":[1.0,0.0],"evs":[0.0,-1.84457]},"64o":{"weight":1.0,"played":[1.0,0.0],"evs":[0.0,-2.04948]},"74o":{"weight":1.0,"played":[1.0,0.0],"evs":[0.0,-2.36741]},"84o":{"weight":1.0,"played":[1.0,0.0],"evs":[0.0,-2.60234]},"94o":{"weight":1.0,"played":[1.0,0.0],"evs":[0.0,-2.82555]},"T4o":{"weight":1.0,"played":[1.0,0.0],"evs":[0.0,-2.69484]},"J4o":{"weight":1.0,"played":[1.0,0.0],"evs":[0.0,-2.4401]},"Q4o":{"weight":1.0,"played":[1.0,0.0],"evs":[0.0,-1.957]},"K4o":{"weight":1.0,"played":[1.0,0.0],"evs":[0.0,-1.32163]},"A4o":{"weight":1.0,"played":[3.0E-4,0.9997],"evs":[0.0,0.07424]},"52s":{"weight":1.0,"played":[1.0,0.0],"evs":[0.0,-1.72636]},"53s":{"weight":1.0,"played":[1.0,0.0],"evs":[0.0,-1.36838]},"54s":{"weight":1.0,"played":[1.0,0.0],"evs":[0.0,-0.99348]},"55":{"weight":1.0,"played":[0.0,1.0],"evs":[0.0,1.73415]},"65o":{"weight":1.0,"played":[1.0,0.0],"evs":[0.0,-1.69716]},"75o":{"weight":1.0,"played":[1.0,0.0],"evs":[0.0,-1.98754]},"85o":{"weight":1.0,"played":[1.0,0.0],"evs":[0.0,-2.19196]},"95o":{"weight":1.0,"played":[1.0,0.0],"evs":[0.0,-2.47883]},"T5o":{"weight":1.0,"played":[1.0,0.0],"evs":[0.0,-2.59549]},"J5o":{"weight":1.0,"played":[1.0,0.0],"evs":[0.0,-2.37735]},"Q5o":{"weight":1.0,"played":[1.0,0.0],"evs":[0.0,-1.85427]},"K5o":{"weight":1.0,"played":[1.0,0.0],"evs":[0.0,-1.20818]},"A5o":{"weight":1.0,"played":[0.0,1.0],"evs":[0.0,0.22885]},"62s":{"weight":1.0,"played":[1.0,0.0],"evs":[0.0,-2.14421]},"63s":{"weight":1.0,"played":[1.0,0.0],"evs":[0.0,-1.57612]},"64s":{"weight":1.0,"played":[1.0,0.0],"evs":[0.0,-1.34104]},"65s":{"weight":1.0,"played":[1.0,0.0],"evs":[0.0,-0.8901]},"66":{"weight":1.0,"played":[0.0,1.0],"evs":[0.0,2.18378]},"76o":{"weight":1.0,"played":[1.0,0.0],"evs":[0.0,-1.62151]},"86o":{"weight":1.0,"played":[1.0,0.0],"evs":[0.0,-1.82307]},"96o":{"weight":1.0,"played":[1.0,0.0],"evs":[0.0,-2.09878]},"T6o":{"weight":1.0,"played":[1.0,0.0],"evs":[0.0,-2.25284]},"J6o":{"weight":1.0,"played":[1.0,0.0],"evs":[0.0,-2.28146]},"Q6o":{"weight":1.0,"played":[1.0,0.0],"evs":[0.0,-1.79529]},"K6o":{"weight":1.0,"played":[1.0,0.0],"evs":[0.0,-0.9914]},"A6o":{"weight":1.0,"played":[0.0,1.0],"evs":[0.0,0.22748]},"72s":{"weight":1.0,"played":[1.0,0.0],"evs":[0.0,-2.41112]},"73s":{"weight":1.0,"played":[1.0,0.0],"evs":[0.0,-1.88109]},"74s":{"weight":1.0,"played":[1.0,0.0],"evs":[0.0,-1.46282]},"75s":{"weight":1.0,"played":[1.0,0.0],"evs":[0.0,-1.06443]},"76s":{"weight":1.0,"played":[1.0,0.0],"evs":[0.0,-0.83313]},"77":{"weight":1.0,"played":[0.0,1.0],"evs":[0.0,2.66319]},"87o":{"weight":1.0,"played":[1.0,0.0],"evs":[0.0,-1.54615]},"97o":{"weight":1.0,"played":[1.0,0.0],"evs":[0.0,-1.82399]},"T7o":{"weight":1.0,"played":[1.0,0.0],"evs":[0.0,-1.97365]},"J7o":{"weight":1.0,"played":[1.0,0.0],"evs":[0.0,-2.03217]},"Q7o":{"weight":1.0,"played":[1.0,0.0],"evs":[0.0,-1.80005]},"K7o":{"weight":1.0,"played":[1.0,0.0],"evs":[0.0,-0.7587]},"A7o":{"weight":1.0,"played":[0.0,1.0],"evs":[0.0,0.52613]},"82s":{"weight":1.0,"played":[1.0,0.0],"evs":[0.0,-2.15776]},"83s":{"weight":1.0,"played":[1.0,0.0],"evs":[0.0,-2.06107]},"84s":{"weight":1.0,"played":[1.0,0.0],"evs":[0.0,-1.64998]},"85s":{"weight":1.0,"played":[1.0,0.0],"evs":[0.0,-1.19459]},"86s":{"weight":1.0,"played":[1.0,0.0],"evs":[0.0,-0.91094]},"87s":{"weight":1.0,"played":[1.0,0.0],"evs":[0.0,-0.68888]},"88":{"weight":1.0,"played":[0.0,1.0],"evs":[0.0,3.12888]},"98o":{"weight":1.0,"played":[1.0,0.0],"evs":[0.0,-1.49733]},"T8o":{"weight":1.0,"played":[1.0,0.0],"evs":[0.0,-1.62705]},"J8o":{"weight":1.0,"played":[1.0,0.0],"evs":[0.0,-1.55125]},"Q8o":{"weight":1.0,"played":[1.0,0.0],"evs":[0.0,-1.40726]},"K8o":{"weight":1.0,"played":[1.0,0.0],"evs":[0.0,-0.57854]},"A8o":{"weight":1.0,"played":[0.0,1.0],"evs":[0.0,0.88177]},"92s":{"weight":1.0,"played":[1.0,0.0],"evs":[0.0,-2.12169]},"93s":{"weight":1.0,"played":[1.0,0.0],"evs":[0.0,-2.09747]},"94s":{"weight":1.0,"played":[1.0,0.0],"evs":[0.0,-1.89685]},"95s":{"weight":1.0,"played":[1.0,0.0],"evs":[0.0,-1.47093]},"96s":{"weight":1.0,"played":[1.0,0.0],"evs":[0.0,-1.18766]},"97s":{"weight":1.0,"played":[0.9998,2.0E-4],"evs":[0.0,-0.9904]},"98s":{"weight":1.0,"played":[1.0,0.0],"evs":[0.0,-0.69399]},"99":{"weight":1.0,"played":[0.0,1.0],"evs":[0.0,3.8784]},"T9o":{"weight":1.0,"played":[1.0,0.0],"evs":[0.0,-1.35755]},"J9o":{"weight":1.0,"played":[1.0,0.0],"evs":[0.0,-1.22602]},"Q9o":{"weight":1.0,"played":[1.0,0.0],"evs":[0.0,-0.96031]},"K9o":{"weight":1.0,"played":[8.0E-4,0.9992],"evs":[0.0,0.07272]},"A9o":{"weight":1.0,"played":[0.0,1.0],"evs":[0.0,1.32049]},"T2s":{"weight":1.0,"played":[1.0,0.0],"evs":[0.0,-2.09523]},"T3s":{"weight":1.0,"played":[1.0,0.0],"evs":[0.0,-1.88435]},"T4s":{"weight":1.0,"played":[1.0,0.0],"evs":[0.0,-1.74421]},"T5s":{"weight":1.0,"played":[1.0,0.0],"evs":[0.0,-1.68556]},"T6s":{"weight":1.0,"played":[1.0,0.0],"evs":[0.0,-1.31676]},"T7s":{"weight":1.0,"played":[1.0,0.0],"evs":[0.0,-1.10721]},"T8s":{"weight":1.0,"played":[0.9999,1.0E-4],"evs":[0.0,-0.75144]},"T9s":{"weight":1.0,"played":[1.0,0.0],"evs":[0.0,-0.45494]},"TT":{"weight":1.0,"played":[0.0,1.0],"evs":[0.0,4.90277]},"JTo":{"weight":1.0,"played":[1.0,0.0],"evs":[0.0,-0.6865]},"QTo":{"weight":1.0,"played":[0.9996,4.0E-4],"evs":[0.0,-0.34036]},"KTo":{"weight":1.0,"played":[1.0E-4,0.9999],"evs":[0.0,0.62015]},"ATo":{"weight":1.0,"played":[0.0,1.0],"evs":[0.0,2.11546]},"J2s":{"weight":1.0,"played":[1.0,0.0],"evs":[0.0,-1.79512]},"J3s":{"weight":1.0,"played":[1.0,0.0],"evs":[0.0,-1.68089]},"J4s":{"weight":1.0,"played":[1.0,0.0],"evs":[0.0,-1.4777]},"J5s":{"weight":1.0,"played":[1.0,0.0],"evs":[0.0,-1.4273]},"J6s":{"weight":1.0,"played":[1.0,0.0],"evs":[0.0,-1.39801]},"J7s":{"weight":1.0,"played":[1.0,0.0],"evs":[0.0,-1.10784]},"J8s":{"weight":1.0,"played":[1.0,0.0],"evs":[0.0,-0.8222]},"J9s":{"weight":1.0,"played":[1.0,0.0],"evs":[0.0,-0.3531]},"JTs":{"weight":1.0,"played":[0.0209,0.9791],"evs":[0.0,0.09807]},"JJ":{"weight":1.0,"played":[0.0,1.0],"evs":[0.0,5.85474]},"QJo":{"weight":1.0,"played":[0.2222,0.7778],"evs":[0.0,0.03151]},"KJo":{"weight":1.0,"played":[0.0,1.0],"evs":[0.0,1.14613]},"AJo":{"weight":1.0,"played":[0.0,1.0],"evs":[0.0,2.76519]},"Q2s":{"weight":1.0,"played":[1.0,0.0],"evs":[0.0,-1.48044]},"Q3s":{"weight":1.0,"played":[1.0,0.0],"evs":[0.0,-1.30456]},"Q4s":{"weight":1.0,"played":[1.0,0.0],"evs":[0.0,-1.14709]},"Q5s":{"weight":1.0,"played":[1.0,0.0],"evs":[0.0,-0.93415]},"Q6s":{"weight":1.0,"played":[1.0,0.0],"evs":[0.0,-0.99061]},"Q7s":{"weight":1.0,"played":[1.0,0.0],"evs":[0.0,-0.86561]},"Q8s":{"weight":1.0,"played":[1.0,0.0],"evs":[0.0,-0.61967]},"Q9s":{"weight":1.0,"played":[0.9547,0.0453],"evs":[0.0,-0.21954]},"QTs":{"weight":1.0,"played":[0.002,0.998],"evs":[0.0,0.58587]},"QJs":{"weight":1.0,"played":[0.0,1.0],"evs":[0.0,0.96637]},"QQ":{"weight":1.0,"played":[0.0,1.0],"evs":[0.0,6.87419]},"KQo":{"weight":1.0,"played":[0.0,1.0],"evs":[0.0,1.51383]},"AQo":{"weight":1.0,"played":[0.0,1.0],"evs":[0.0,3.43088]},"K2s":{"weight":1.0,"played":[1.0,0.0],"evs":[0.0,-0.8278]},"K3s":{"weight":1.0,"played":[0.9999,1.0E-4],"evs":[0.0,-0.48123]},"K4s":{"weight":1.0,"played":[0.9996,4.0E-4],"evs":[0.0,-0.40074]},"K5s":{"weight":1.0,"played":[0.988,0.012],"evs":[0.0,-0.40546]},"K6s":{"weight":1.0,"played":[0.8596,0.1404],"evs":[0.0,-0.13595]},"K7s":{"weight":1.0,"played":[0.5484,0.4516],"evs":[0.0,0.02137]},"K8s":{"weight":1.0,"played":[0.0046,0.9954],"evs":[0.0,0.29873]},"K9s":{"weight":1.0,"played":[0.0,1.0],"evs":[0.0,0.91303]},"KTs":{"weight":1.0,"played":[0.0,1.0],"evs":[0.0,1.43904]},"KJs":{"weight":1.0,"played":[0.0,1.0],"evs":[0.0,1.81146]},"KQs":{"weight":1.0,"played":[0.0,1.0],"evs":[0.0,2.15803]},"KK":{"weight":1.0,"played":[0.0,1.0],"evs":[0.0,8.34321]},"AKo":{"weight":1.0,"played":[0.0,1.0],"evs":[0.0,4.34074]},"A2s":{"weight":1.0,"played":[1.0E-4,0.9999],"evs":[0.0,0.67669]},"A3s":{"weight":1.0,"played":[0.0,1.0],"evs":[0.0,0.86595]},"A4s":{"weight":1.0,"played":[0.0,1.0],"evs":[0.0,0.78711]},"A5s":{"weight":1.0,"played":[0.0,1.0],"evs":[0.0,1.14916]},"A6s":{"weight":1.0,"played":[0.0,1.0],"evs":[0.0,1.13038]},"A7s":{"weight":1.0,"played":[0.0,1.0],"evs":[0.0,1.37203]},"A8s":{"weight":1.0,"played":[0.0,1.0],"evs":[0.0,1.57755]},"A9s":{"weight":1.0,"played":[0.0,1.0],"evs":[0.0,1.97699]},"ATs":{"weight":1.0,"played":[0.0,1.0],"evs":[0.0,2.86108]},"AJs":{"weight":1.0,"played":[0.0,1.0],"evs":[0.0,3.39676]},"AQs":{"weight":1.0,"played":[0.0,1.0],"evs":[0.0,4.10779]},"AKs":{"weight":1.0,"played":[0.0,1.0],"evs":[0.0,4.83328]},"AA":{"weight":1.0,"played":[0.0,1.0],"evs":[0.0,10.50457]}}}