{"player":5,"street":0,"children":2,"sequence":[{"player":0,"type":"F","amount":0,"street":0},{"player":1,"type":"F","amount":0,"street":0},{"player":2,"type":"R","amount":26780000,"street":0},{"player":3,"type":"C","amount":6170000,"street":0},{"player":4,"type":"C","amount":25180000,"street":0}],"actions":[{"type":"F","amount":0},{"type":"C","amount":5070000}],"hands":{"22":{"weight":1.0,"played":[0.9996,4.0E-4],"evs":[0.0,-0.32989]},"32o":{"weight":1.0,"played":[1.0,0.0],"evs":[0.0,-1.47362]},"42o":{"weight":1.0,"played":[1.0,0.0],"evs":[0.0,-1.31529]},"52o":{"weight":1.0,"played":[1.0,0.0],"evs":[0.0,-1.29051]},"62o":{"weight":1.0,"played":[1.0,0.0],"evs":[0.0,-1.3269]},"72o":{"weight":1.0,"played":[1.0,0.0],"evs":[0.0,-1.67507]},"82o":{"weight":1.0,"played":[1.0,0.0],"evs":[0.0,-1.6474]},"92o":{"weight":1.0,"played":[1.0,0.0],"evs":[0.0,-1.62957]},"T2o":{"weight":1.0,"played":[1.0,0.0],"evs":[0.0,-1.63473]},"J2o":{"weight":1.0,"played":[1.0,0.0],"evs":[0.0,-1.54764]},"Q2o":{"weight":1.0,"played":[1.0,0.0],"evs":[0.0,-1.40417]},"K2o":{"weight":1.0,"played":[1.0,0.0],"evs":[0.0,-1.37525]},"A2o":{"weight":1.0,"played":[1.0,0.0],"evs":[0.0,-1.36497]},"32s":{"weight":1.0,"played":[1.0,0.0],"evs":[0.0,-0.86638]},"33":{"weight":1.0,"played":[0.9689,0.0311],"evs":[0.0,-0.03912]},"43o":{"weight":1.0,"played":[1.0,0.0],"evs":[0.0,-1.07244]},"53o":{"weight":1.0,"played":[1.0,0.0],"evs":[0.0,-1.04388]},"63o":{"weight":1.0,"played":[1.0,0.0],"evs":[0.0,-1.12384]},"73o":{"weight":1.0,"played":[1.0,0.0],"evs":[0.0,-1.36318]},"83o":{"weight":1.0,"played":[1.0,0.0],"evs":[0.0,-1.50616]},"93o":{"weight":1.0,"played":[1.0,0.0],"evs":[0.0,-1.52139]},"T3o":{"weight":1.0,"played":[1.0,0.0],"evs":[0.0,-1.53301]},"J3o":{"weight":1.0,"played":[1.0,0.0],"evs":[0.0,-1.48814]},"Q3o":{"weight":1.0,"played":[1.0,0.0],"evs":[0.0,-1.29191]},"K3o":{"weight":1.0,"played":[1.0,0.0],"evs":[0.0,-1.29133]},"A3o":{"weight":1.0,"played":[1.0,0.0],"evs":[0.0,-1.25936]},"42s":{"weight":1.0,"played":[0.9997,3.0E-4],"evs":[0.0,-0.72534]},"43s":{"weight":1.0,"played":[0.9997,3.0E-4],"evs":[0.0,-0.53016]},"44":{"weight":1.0,"played":[0.491,0.509],"evs":[0.0,-0.07419]},"54o":{"weight":1.0,"played":[1.0,0.0],"evs":[0.0,-0.88186]},"64o":{"weight":1.0,"played":[1.0,0.0],"evs":[0.0,-0.86483]},"74o":{"weight":1.0,"played":[1.0,0.0],"evs":[0.0,-1.07415]},"84o":{"weight":1.0,"played":[1.0,0.0],"evs":[0.0,-1.27874]},"94o":{"weight":1.0,"played":[1.0,0.0],"evs":[0.0,-1.55324]},"T4o":{"weight":1.0,"played":[1.0,0.0],"evs":[0.0,-1.51877]},"J4o":{"weight":1.0,"played":[1.0,0.0],"evs":[0.0,-1.33368]},"Q4o":{"weight":1.0,"played":[1.0,0.0],"evs":[0.0,-1.28488]},"K4o":{"weight":1.0,"played":[1.0,0.0],"evs":[0.0,-1.31668]},"A4o":{"weight":1.0,"played":[1.0,0.0],"evs":[0.0,-1.16721]},"52s":{"weight":1.0,"played":[1.0,0.0],"evs":[0.0,-0.54795]},"53s":{"weight":1.0,"played":[0.9997,3.0E-4],"evs":[0.0,-0.38926]},"54s":{"weight":1.0,"played":[0.8003,0.1997],"evs":[0.0,-0.15411]},"55":{"weight":1.0,"played":[5.0E-4,0.9995],"evs":[0.0,0.32307]},"65o":{"weight":1.0,"played":[1.0,0.0],"evs":[0.0,-0.6503]},"75o":{"weight":1.0,"played":[1.0,0.0],"evs":[0.0,-0.83544]},"85o":{"weight":1.0,"played":[1.0,0.0],"evs":[0.0,-1.06463]},"95o":{"weight":1.0,"played":[1.0,0.0],"evs":[0.0,-1.22825]},"T5o":{"weight":1.0,"played":[1.0,0.0],"evs":[0.0,-1.38159]},"J5o":{"weight":1.0,"played":[1.0,0.0],"evs":[0.0,-1.33655]},"Q5o":{"weight":1.0,"played":[1.0,0.0],"evs":[0.0,-1.24463]},"K5o":{"weight":1.0,"played":[1.0,0.0],"evs":[0.0,-1.20368]},"A5o":{"weight":1.0,"played":[1.0,0.0],"evs":[0.0,-1.04765]},"62s":{"weight":1.0,"played":[0.9997,3.0E-4],"evs":[0.0,-0.79934]},"63s":{"weight":1.0,"played":[0.9997,3.0E-4],"evs":[0.0,-0.50297]},"64s":{"weight":1.0,"played":[0.9938,0.0062],"evs":[0.0,-0.40096]},"65s":{"weight":1.0,"played":[0.3831,0.6169],"evs":[0.0,0.00337]},"66":{"weight":1.0,"played":[1.0E-4,0.9999],"evs":[0.0,0.52599]},"76o":{"weight":1.0,"played":[1.0,0.0],"evs":[0.0,-0.62012]},"86o":{"weight":1.0,"played":[1.0,0.0],"evs":[0.0,-0.82649]},"96o":{"weight":1.0,"played":[1.0,0.0],"evs":[0.0,-1.03646]},"T6o":{"weight":1.0,"played":[1.0,0.0],"evs":[0.0,-1.15588]},"J6o":{"weight":1.0,"played":[1.0,0.0],"evs":[0.0,-1.24385]},"Q6o":{"weight":1.0,"played":[1.0,0.0],"evs":[0.0,-1.13504]},"K6o":{"weight":1.0,"played":[1.0,0.0],"evs":[0.0,-1.17797]},"A6o":{"weight":1.0,"played":[1.0,0.0],"evs":[0.0,-1.26117]},"72s":{"weight":1.0,"played":[0.9998,2.0E-4],"evs":[0.0,-0.93353]},"73s":{"weight":1.0,"played":[0.9999,1.0E-4],"evs":[0.0,-0.6611]},"74s":{"weight":1.0,"played":[1.0,0.0],"evs":[0.0,-0.43247]},"75s":{"weight":1.0,"played":[0.9664,0.0336],"evs":[0.0,-0.23153]},"76s":{"weight":1.0,"played":[0.996,0.004],"evs":[0.0,-0.12868]},"77":{"weight":1.0,"played":[3.0E-4,0.9997],"evs":[0.0,0.60187]},"87o":{"weight":1.0,"played":[1.0,0.0],"evs":[0.0,-0.63599]},"97o":{"weight":1.0,"played":[1.0,0.0],"evs":[0.0,-0.83713]},"T7o":{"weight":1.0,"played":[1.0,0.0],"evs":[0.0,-1.01055]},"J7o":{"weight":1.0,"played":[1.0,0.0],"evs":[0.0,-1.13276]},"Q7o":{"weight":1.0,"played":[1.0,0.0],"evs":[0.0,-1.17251]},"K7o":{"weight":1.0,"played":[1.0,0.0],"evs":[0.0,-1.04002]},"A7o":{"weight":1.0,"played":[1.0,0.0],"evs":[0.0,-1.1089]},"82s":{"weight":1.0,"played":[0.9999,1.0E-4],"evs":[0.0,-1.01369]},"83s":{"weight":1.0,"played":[1.0,0.0],"evs":[0.0,-0.99381]},"84s":{"weight":1.0,"played":[1.0,0.0],"evs":[0.0,-0.64126]},"85s":{"weight":1.0,"played":[0.9998,2.0E-4],"evs":[0.0,-0.39008]},"86s":{"weight":1.0,"played":[0.76,0.24],"evs":[0.0,-0.19048]},"87s":{"weight":1.0,"played":[0.993,0.007],"evs":[0.0,-0.15041]},"88":{"weight":1.0,"played":[0.0,1.0],"evs":[0.0,1.00659]},"98o":{"weight":1.0,"played":[1.0,0.0],"evs":[0.0,-0.65475]},"T8o":{"weight":1.0,"played":[1.0,0.0],"evs":[0.0,-0.77928]},"J8o":{"weight":1.0,"played":[0.9999,1.0E-4],"evs":[0.0,-0.7953]},"Q8o":{"weight":1.0,"played":[1.0,0.0],"evs":[0.0,-0.97475]},"K8o":{"weight":1.0,"played":[1.0,0.0],"evs":[0.0,-1.03613]},"A8o":{"weight":1.0,"played":[1.0,0.0],"evs":[0.0,-0.95634]},"92s":{"weight":1.0,"played":[1.0,0.0],"evs":[0.0,-0.90286]},"93s":{"weight":1.0,"played":[0.9999,1.0E-4],"evs":[0.0,-0.88029]},"94s":{"weight":1.0,"played":[0.9999,1.0E-4],"evs":[0.0,-0.97888]},"95s":{"weight":1.0,"played":[0.9985,0.0015],"evs":[0.0,-0.53247]},"96s":{"weight":1.0,"played":[0.9971,0.0029],"evs":[0.0,-0.31677]},"97s":{"weight":1.0,"played":[0.9524,0.0476],"evs":[0.0,-0.14631]},"98s":{"weight":1.0,"played":[0.538,0.462],"evs":[0.0,-0.04818]},"99":{"weight":1.0,"played":[0.0,1.0],"evs":[0.0,1.33316]},"T9o":{"weight":1.0,"played":[1.0,0.0],"evs":[0.0,-0.63925]},"J9o":{"weight":1.0,"played":[1.0,0.0],"evs":[0.0,-0.69583]},"Q9o":{"weight":1.0,"played":[1.0,0.0],"evs":[0.0,-0.7384]},"K9o":{"weight":1.0,"played":[1.0,0.0],"evs":[0.0,-0.77316]},"A9o":{"weight":1.0,"played":[0.9999,1.0E-4],"evs":[0.0,-0.71006]},"T2s":{"weight":1.0,"played":[0.9997,3.0E-4],"evs":[0.0,-0.91631]},"T3s":{"weight":1.0,"played":[1.0,0.0],"evs":[0.0,-0.92459]},"T4s":{"weight":1.0,"played":[0.9999,1.0E-4],"evs":[0.0,-0.88286]},"T5s":{"weight":1.0,"played":[0.9982,0.0018],"evs":[0.0,-0.67762]},"T6s":{"weight":1.0,"played":[0.9999,1.0E-4],"evs":[0.0,-0.515]},"T7s":{"weight":1.0,"played":[1.0,0.0],"evs":[0.0,-0.39339]},"T8s":{"weight":1.0,"played":[0.9767,0.0233],"evs":[0.0,-0.1154]},"T9s":{"weight":1.0,"played":[0.7834,0.2166],"evs":[0.0,-0.01006]},"TT":{"weight":1.0,"played":[0.0,1.0],"evs":[0.0,2.01749]},"JTo":{"weight":1.0,"played":[1.0,0.0],"evs":[0.0,-0.46412]},"QTo":{"weight":1.0,"played":[1.0,0.0],"evs":[0.0,-0.46152]},"KTo":{"weight":1.0,"played":[0.9926,0.0074],"evs":[0.0,-0.35809]},"ATo":{"weight":1.0,"played":[0.9999,1.0E-4],"evs":[0.0,-0.34748]},"J2s":{"weight":1.0,"played":[1.0,0.0],"evs":[0.0,-0.98508]},"J3s":{"weight":1.0,"played":[1.0,0.0],"evs":[0.0,-0.78289]},"J4s":{"weight":1.0,"played":[1.0,0.0],"evs":[0.0,-0.68259]},"J5s":{"weight":1.0,"played":[0.9984,0.0016],"evs":[0.0,-0.55166]},"J6s":{"weight":1.0,"played":[0.9999,1.0E-4],"evs":[0.0,-0.64998]},"J7s":{"weight":1.0,"played":[0.9996,4.0E-4],"evs":[0.0,-0.44405]},"J8s":{"weight":1.0,"played":[0.9998,2.0E-4],"evs":[0.0,-0.19931]},"J9s":{"weight":1.0,"played":[0.9793,0.0207],"evs":[0.0,-0.05225]},"JTs":{"weight":1.0,"played":[0.0301,0.9699],"evs":[0.0,0.22904]},"JJ":{"weight":1.0,"played":[0.0,1.0],"evs":[0.0,2.83987]},"QJo":{"weight":1.0,"played":[1.0,0.0],"evs":[0.0,-0.26296]},"KJo":{"weight":1.0,"played":[0.9964,0.0036],"evs":[0.0,-0.18012]},"AJo":{"weight":1.0,"played":[0.0136,0.9864],"evs":[0.0,0.13803]},"Q2s":{"weight":1.0,"played":[0.9999,1.0E-4],"evs":[0.0,-0.75423]},"Q3s":{"weight":1.0,"played":[0.9998,2.0E-4],"evs":[0.0,-0.6424]},"Q4s":{"weight":1.0,"played":[0.9981,0.0019],"evs":[0.0,-0.56521]},"Q5s":{"weight":1.0,"played":[1.0,0.0],"evs":[0.0,-0.48061]},"Q6s":{"weight":1.0,"played":[0.9998,2.0E-4],"evs":[0.0,-0.3961]},"Q7s":{"weight":1.0,"played":[0.9998,2.0E-4],"evs":[0.0,-0.37779]},"Q8s":{"weight":1.0,"played":[1.0,0.0],"evs":[0.0,-0.29042]},"Q9s":{"weight":1.0,"played":[0.9042,0.0958],"evs":[0.0,-0.13742]},"QTs":{"weight":1.0,"played":[0.0101,0.9899],"evs":[0.0,0.19584]},"QJs":{"weight":1.0,"played":[0.002,0.998],"evs":[0.0,0.21959]},"QQ":{"weight":1.0,"played":[0.0,1.0],"evs":[0.0,3.90241]},"KQo":{"weight":1.0,"played":[0.002,0.998],"evs":[0.0,0.06981]},"AQo":{"weight":1.0,"played":[0.0,1.0],"evs":[0.0,0.79947]},"K2s":{"weight":1.0,"played":[0.9995,5.0E-4],"evs":[0.0,-0.74403]},"K3s":{"weight":1.0,"played":[0.9981,0.0019],"evs":[0.0,-0.45831]},"K4s":{"weight":1.0,"played":[0.9991,9.0E-4],"evs":[0.0,-0.45552]},"K5s":{"weight":1.0,"played":[1.0,0.0],"evs":[0.0,-0.43417]},"K6s":{"weight":1.0,"played":[0.9948,0.0052],"evs":[0.0,-0.33183]},"K7s":{"weight":1.0,"played":[0.9972,0.0028],"evs":[0.0,-0.28244]},"K8s":{"weight":1.0,"played":[0.9994,6.0E-4],"evs":[0.0,-0.26229]},"K9s":{"weight":1.0,"played":[0.9375,0.0625],"evs":[0.0,-0.07432]},"KTs":{"weight":1.0,"played":[0.002,0.998],"evs":[0.0,0.16397]},"KJs":{"weight":1.0,"played":[1.0E-4,0.9999],"evs":[0.0,0.69891]},"KQs":{"weight":1.0,"played":[0.0014,0.9986],"evs":[0.0,0.7232]},"KK":{"weight":1.0,"played":[0.0,1.0],"evs":[0.0,5.31773]},"AKo":{"weight":1.0,"played":[0.0,1.0],"evs":[0.0,1.36273]},"A2s":{"weight":1.0,"played":[1.0,0.0],"evs":[0.0,-0.66011]},"A3s":{"weight":1.0,"played":[0.9998,2.0E-4],"evs":[0.0,-0.48903]},"A4s":{"weight":1.0,"played":[0.9991,9.0E-4],"evs":[0.0,-0.5649]},"A5s":{"weight":1.0,"played":[0.9689,0.0311],"evs":[0.0,-0.39794]},"A6s":{"weight":1.0,"played":[1.0,0.0],"evs":[0.0,-0.52445]},"A7s":{"weight":1.0,"played":[0.9996,4.0E-4],"evs":[0.0,-0.42467]},"A8s":{"weight":1.0,"played":[0.9947,0.0053],"evs":[0.0,-0.31656]},"A9s":{"weight":1.0,"played":[0.5206,0.4794],"evs":[0.0,-0.02451]},"ATs":{"weight":1.0,"played":[0.0058,0.9942],"evs":[0.0,0.34017]},"AJs":{"weight":1.0,"played":[2.0E-4,0.9998],"evs":[0.0,0.86916]},"AQs":{"weight":1.0,"played":[0.0,1.0],"evs":[0.0,1.36454]},"AKs":{"weight":1.0,"played":[0.0,1.0],"evs":[0.0,2.02682]},"AA":{"weight":1.0,"played":[0.0,1.0],"evs":[0.0,7.27162]}}}