{"player":4,"street":0,"children":3,"sequence":[{"player":0,"type":"F","amount":0,"street":0},{"player":1,"type":"R","amount":24020000,"street":0},{"player":2,"type":"C","amount":24020000,"street":0},{"player":3,"type":"F","amount":0,"street":0}],"actions":[{"type":"F","amount":0,"node":27},{"type":"C","amount":22420000,"node":28},{"type":"R","amount":34290000,"node":29}],"hands":{"22":{"weight":1.0,"played":[1.0,0.0,0.0],"evs":[0.0,-1.46561,-1.44706]},"32o":{"weight":1.0,"played":[1.0,0.0,0.0],"evs":[0.0,-3.8024,-3.92568]},"42o":{"weight":1.0,"played":[1.0,0.0,0.0],"evs":[0.0,-3.7231,-3.84433]},"52o":{"weight":1.0,"played":[1.0,0.0,0.0],"evs":[0.0,-3.56703,-3.72131]},"62o":{"weight":1.0,"played":[1.0,0.0,0.0],"evs":[0.0,-3.83308,-3.9597]},"72o":{"weight":1.0,"played":[1.0,0.0,0.0],"evs":[0.0,-4.08442,-4.2042]},"82o":{"weight":1.0,"played":[1.0,0.0,0.0],"evs":[0.0,-4.04595,-4.17973]},"92o":{"weight":1.0,"played":[1.0,0.0,0.0],"evs":[0.0,-4.12681,-4.24367]},"T2o":{"weight":1.0,"played":[1.0,0.0,0.0],"evs":[0.0,-3.81177,-3.87321]},"J2o":{"weight":1.0,"played":[1.0,0.0,0.0],"evs":[0.0,-3.84719,-3.93406]},"Q2o":{"weight":1.0,"played":[1.0,0.0,0.0],"evs":[0.0,-3.45633,-3.52854]},"K2o":{"weight":1.0,"played":[1.0,0.0,0.0],"evs":[0.0,-3.182,-3.24923]},"A2o":{"weight":1.0,"played":[1.0,0.0,0.0],"evs":[0.0,-3.82245,-3.93901]},"32s":{"weight":1.0,"played":[1.0,0.0,0.0],"evs":[0.0,-2.72449,-2.82997]},"33":{"weight":1.0,"played":[1.0,0.0,0.0],"evs":[0.0,-1.31987,-1.31123]},"43o":{"weight":1.0,"played":[1.0,0.0,0.0],"evs":[0.0,-3.30812,-3.44205]},"53o":{"weight":1.0,"played":[1.0,0.0,0.0],"evs":[0.0,-3.27736,-3.40438]},"63o":{"weight":1.0,"played":[1.0,0.0,0.0],"evs":[0.0,-3.35492,-3.49399]},"73o":{"weight":1.0,"played":[1.0,0.0,0.0],"evs":[0.0,-3.67688,-3.79904]},"83o":{"weight":1.0,"played":[1.0,0.0,0.0],"evs":[0.0,-4.05503,-4.17762]},"93o":{"weight":1.0,"played":[1.0,0.0,0.0],"evs":[0.0,-4.0438,-4.18025]},"T3o":{"weight":1.0,"played":[1.0,0.0,0.0],"evs":[0.0,-3.763,-3.86215]},"J3o":{"weight":1.0,"played":[1.0,0.0,0.0],"evs":[0.0,-3.70473,-3.78838]},"Q3o":{"weight":1.0,"played":[1.0,0.0,0.0],"evs":[0.0,-3.29941,-3.36804]},"K3o":{"weight":1.0,"played":[1.0,0.0,0.0],"evs":[0.0,-3.05883,-3.11804]},"A3o":{"weight":1.0,"played":[1.0,0.0,0.0],"evs":[0.0,-3.68852,-3.79931]},"42s":{"weight":1.0,"played":[1.0,0.0,0.0],"evs":[0.0,-2.69628,-2.80956]},"43s":{"weight":1.0,"played":[1.0,0.0,0.0],"evs":[0.0,-2.29168,-2.39225]},"44":{"weight":1.0,"played":[0.9999,0.0,1.0E-4],"evs":[0.0,-1.07333,-1.09623]},"54o":{"weight":1.0,"played":[1.0,0.0,0.0],"evs":[0.0,-2.80617,-2.92873]},"64o":{"weight":1.0,"played":[1.0,0.0,0.0],"evs":[0.0,-2.94769,-3.06246]},"74o":{"weight":1.0,"played":[1.0,0.0,0.0],"evs":[0.0,-3.24866,-3.34705]},"84o":{"weight":1.0,"played":[1.0,0.0,0.0],"evs":[0.0,-3.55986,-3.67478]},"94o":{"weight":1.0,"played":[1.0,0.0,0.0],"evs":[0.0,-3.90347,-4.02772]},"T4o":{"weight":1.0,"played":[1.0,0.0,0.0],"evs":[0.0,-3.58574,-3.68597]},"J4o":{"weight":1.0,"played":[1.0,0.0,0.0],"evs":[0.0,-3.54737,-3.63332]},"Q4o":{"weight":1.0,"played":[1.0,0.0,0.0],"evs":[0.0,-3.14861,-3.22182]},"K4o":{"weight":1.0,"played":[1.0,0.0,0.0],"evs":[0.0,-3.03075,-3.09859]},"A4o":{"weight":1.0,"played":[1.0,0.0,0.0],"evs":[0.0,-3.52788,-3.6507]},"52s":{"weight":1.0,"played":[1.0,0.0,0.0],"evs":[0.0,-2.57306,-2.70098]},"53s":{"weight":1.0,"played":[1.0,0.0,0.0],"evs":[0.0,-2.28043,-2.37015]},"54s":{"weight":1.0,"played":[1.0,0.0,0.0],"evs":[0.0,-1.85364,-1.95547]},"55":{"weight":1.0,"played":[0.9997,2.0E-4,1.0E-4],"evs":[0.0,-0.60344,-0.63543]},"65o":{"weight":1.0,"played":[1.0,0.0,0.0],"evs":[0.0,-2.45377,-2.58286]},"75o":{"weight":1.0,"played":[1.0,0.0,0.0],"evs":[0.0,-2.92549,-3.03823]},"85o":{"weight":1.0,"played":[1.0,0.0,0.0],"evs":[0.0,-3.22796,-3.33573]},"95o":{"weight":1.0,"played":[1.0,0.0,0.0],"evs":[0.0,-3.53004,-3.63733]},"T5o":{"weight":1.0,"played":[1.0,0.0,0.0],"evs":[0.0,-3.57108,-3.65282]},"J5o":{"weight":1.0,"played":[1.0,0.0,0.0],"evs":[0.0,-3.51101,-3.60827]},"Q5o":{"weight":1.0,"played":[1.0,0.0,0.0],"evs":[0.0,-3.13967,-3.21344]},"K5o":{"weight":1.0,"played":[1.0,0.0,0.0],"evs":[0.0,-3.01568,-3.08237]},"A5o":{"weight":1.0,"played":[1.0,0.0,0.0],"evs":[0.0,-3.33846,-3.45689]},"62s":{"weight":1.0,"played":[1.0,0.0,0.0],"evs":[0.0,-2.81876,-2.93899]},"63s":{"weight":1.0,"played":[1.0,0.0,0.0],"evs":[0.0,-2.42085,-2.54465]},"64s":{"weight":1.0,"played":[1.0,0.0,0.0],"evs":[0.0,-1.98887,-2.09921]},"65s":{"weight":1.0,"played":[1.0,0.0,0.0],"evs":[0.0,-1.54948,-1.6303]},"66":{"weight":1.0,"played":[0.9582,0.0166,0.0253],"evs":[0.0,-0.33218,-0.32852]},"76o":{"weight":1.0,"played":[1.0,0.0,0.0],"evs":[0.0,-2.57677,-2.68066]},"86o":{"weight":1.0,"played":[1.0,0.0,0.0],"evs":[0.0,-2.81495,-2.92211]},"96o":{"weight":1.0,"played":[1.0,0.0,0.0],"evs":[0.0,-3.13419,-3.25768]},"T6o":{"weight":1.0,"played":[1.0,0.0,0.0],"evs":[0.0,-3.13817,-3.22787]},"J6o":{"weight":1.0,"played":[1.0,0.0,0.0],"evs":[0.0,-3.3579,-3.4703]},"Q6o":{"weight":1.0,"played":[1.0,0.0,0.0],"evs":[0.0,-3.03357,-3.10738]},"K6o":{"weight":1.0,"played":[1.0,0.0,0.0],"evs":[0.0,-2.66379,-2.73351]},"A6o":{"weight":1.0,"played":[1.0,0.0,0.0],"evs":[0.0,-3.73004,-3.84893]},"72s":{"weight":1.0,"played":[1.0,0.0,0.0],"evs":[0.0,-3.00485,-3.12633]},"73s":{"weight":1.0,"played":[1.0,0.0,0.0],"evs":[0.0,-2.65056,-2.77243]},"74s":{"weight":1.0,"played":[1.0,0.0,0.0],"evs":[0.0,-2.25529,-2.32812]},"75s":{"weight":1.0,"played":[1.0,0.0,0.0],"evs":[0.0,-1.83551,-1.90727]},"76s":{"weight":1.0,"played":[1.0,0.0,0.0],"evs":[0.0,-1.68548,-1.78112]},"77":{"weight":1.0,"played":[0.1081,0.4226,0.4692],"evs":[0.0,0.21826,0.22186]},"87o":{"weight":1.0,"played":[1.0,0.0,0.0],"evs":[0.0,-2.37745,-2.47451]},"97o":{"weight":1.0,"played":[1.0,0.0,0.0],"evs":[0.0,-2.74077,-2.82731]},"T7o":{"weight":1.0,"played":[1.0,0.0,0.0],"evs":[0.0,-2.68673,-2.75572]},"J7o":{"weight":1.0,"played":[1.0,0.0,0.0],"evs":[0.0,-2.9369,-3.02369]},"Q7o":{"weight":1.0,"played":[1.0,0.0,0.0],"evs":[0.0,-2.89321,-2.97147]},"K7o":{"weight":1.0,"played":[1.0,0.0,0.0],"evs":[0.0,-2.62184,-2.67546]},"A7o":{"weight":1.0,"played":[1.0,0.0,0.0],"evs":[0.0,-3.41001,-3.53472]},"82s":{"weight":1.0,"played":[1.0,0.0,0.0],"evs":[0.0,-3.05296,-3.17151]},"83s":{"weight":1.0,"played":[1.0,0.0,0.0],"evs":[0.0,-3.00793,-3.13839]},"84s":{"weight":1.0,"played":[1.0,0.0,0.0],"evs":[0.0,-2.39747,-2.50332]},"85s":{"weight":1.0,"played":[1.0,0.0,0.0],"evs":[0.0,-2.32768,-2.41596]},"86s":{"weight":1.0,"played":[0.9999,0.0,0.0],"evs":[0.0,-1.784,-1.8623]},"87s":{"weight":1.0,"played":[1.0,0.0,0.0],"evs":[0.0,-1.4922,-1.60004]},"88":{"weight":1.0,"played":[0.0,0.2181,0.7819],"evs":[0.0,0.63162,0.64074]},"98o":{"weight":1.0,"played":[1.0,0.0,0.0],"evs":[0.0,-2.66166,-2.75106]},"T8o":{"weight":1.0,"played":[1.0,0.0,0.0],"evs":[0.0,-2.61603,-2.70931]},"J8o":{"weight":1.0,"played":[1.0,0.0,0.0],"evs":[0.0,-2.82059,-2.8972]},"Q8o":{"weight":1.0,"played":[1.0,0.0,0.0],"evs":[0.0,-2.73094,-2.78737]},"K8o":{"weight":1.0,"played":[1.0,0.0,0.0],"evs":[0.0,-2.84301,-2.9046]},"A8o":{"weight":1.0,"played":[1.0,0.0,0.0],"evs":[0.0,-3.25278,-3.38209]},"92s":{"weight":1.0,"played":[1.0,0.0,0.0],"evs":[0.0,-3.06162,-3.17953]},"93s":{"weight":1.0,"played":[1.0,0.0,0.0],"evs":[0.0,-3.04736,-3.14396]},"94s":{"weight":1.0,"played":[1.0,0.0,0.0],"evs":[0.0,-2.81055,-2.91161]},"95s":{"weight":1.0,"played":[1.0,0.0,0.0],"evs":[0.0,-2.3932,-2.50042]},"96s":{"weight":1.0,"played":[1.0,0.0,0.0],"evs":[0.0,-2.07331,-2.1653]},"97s":{"weight":1.0,"played":[1.0,0.0,0.0],"evs":[0.0,-1.73189,-1.80095]},"98s":{"weight":1.0,"played":[0.9995,0.0,4.0E-4],"evs":[0.0,-1.60069,-1.67716]},"99":{"weight":1.0,"played":[0.0,0.1569,0.8431],"evs":[0.0,1.47059,1.48583]},"T9o":{"weight":1.0,"played":[1.0,0.0,0.0],"evs":[0.0,-2.37172,-2.44217]},"J9o":{"weight":1.0,"played":[1.0,0.0,0.0],"evs":[0.0,-2.59956,-2.67205]},"Q9o":{"weight":1.0,"played":[1.0,0.0,0.0],"evs":[0.0,-2.55236,-2.60466]},"K9o":{"weight":1.0,"played":[1.0,0.0,0.0],"evs":[0.0,-2.4918,-2.54993]},"A9o":{"weight":1.0,"played":[1.0,0.0,0.0],"evs":[0.0,-2.81681,-2.8718]},"T2s":{"weight":1.0,"played":[1.0,0.0,0.0],"evs":[0.0,-2.70245,-2.7807]},"T3s":{"weight":1.0,"played":[1.0,0.0,0.0],"evs":[0.0,-2.54278,-2.62227]},"T4s":{"weight":1.0,"played":[1.0,0.0,0.0],"evs":[0.0,-2.54356,-2.59445]},"T5s":{"weight":1.0,"played":[1.0,0.0,0.0],"evs":[0.0,-2.59539,-2.69613]},"T6s":{"weight":1.0,"played":[1.0,0.0,0.0],"evs":[0.0,-2.26179,-2.31845]},"T7s":{"weight":1.0,"played":[1.0,0.0,0.0],"evs":[0.0,-2.09587,-2.16031]},"T8s":{"weight":1.0,"played":[1.0,0.0,0.0],"evs":[0.0,-1.6467,-1.72055]},"T9s":{"weight":1.0,"played":[0.9999,1.0E-4,0.0],"evs":[0.0,-1.57059,-1.64217]},"TT":{"weight":1.0,"played":[0.0,0.0028,0.9972],"evs":[0.0,2.57432,2.59371]},"JTo":{"weight":1.0,"played":[1.0,0.0,0.0],"evs":[0.0,-1.80411,-1.85212]},"QTo":{"weight":1.0,"played":[1.0,0.0,0.0],"evs":[0.0,-1.75196,-1.78897]},"KTo":{"weight":1.0,"played":[1.0,0.0,0.0],"evs":[0.0,-1.56976,-1.6102]},"ATo":{"weight":1.0,"played":[1.0,0.0,0.0],"evs":[0.0,-1.54532,-1.56285]},"J2s":{"weight":1.0,"played":[1.0,0.0,0.0],"evs":[0.0,-2.68333,-2.77996]},"J3s":{"weight":1.0,"played":[1.0,0.0,0.0],"evs":[0.0,-2.75305,-2.80706]},"J4s":{"weight":1.0,"played":[1.0,0.0,0.0],"evs":[0.0,-2.57094,-2.65759]},"J5s":{"weight":1.0,"played":[1.0,0.0,0.0],"evs":[0.0,-2.42507,-2.51578]},"J6s":{"weight":1.0,"played":[1.0,0.0,0.0],"evs":[0.0,-2.2735,-2.3385]},"J7s":{"weight":1.0,"played":[1.0,0.0,0.0],"evs":[0.0,-2.11683,-2.19904]},"J8s":{"weight":1.0,"played":[1.0,0.0,0.0],"evs":[0.0,-1.88579,-1.96767]},"J9s":{"weight":1.0,"played":[1.0,0.0,0.0],"evs":[0.0,-1.46546,-1.53183]},"JTs":{"weight":1.0,"played":[0.9983,6.0E-4,0.0011],"evs":[0.0,-0.88012,-0.92964]},"JJ":{"weight":1.0,"played":[0.0,8.0E-4,0.9992],"evs":[0.0,4.38914,4.41804]},"QJo":{"weight":1.0,"played":[1.0,0.0,0.0],"evs":[0.0,-1.62208,-1.66292]},"KJo":{"weight":1.0,"played":[1.0,0.0,0.0],"evs":[0.0,-1.62198,-1.66023]},"AJo":{"weight":1.0,"played":[0.9987,6.0E-4,7.0E-4],"evs":[0.0,-0.75343,-0.75173]},"Q2s":{"weight":1.0,"played":[1.0,0.0,0.0],"evs":[0.0,-2.48532,-2.54644]},"Q3s":{"weight":1.0,"played":[1.0,0.0,0.0],"evs":[0.0,-2.10775,-2.15951]},"Q4s":{"weight":1.0,"played":[1.0,0.0,0.0],"evs":[0.0,-2.16368,-2.22224]},"Q5s":{"weight":1.0,"played":[0.9999,0.0,1.0E-4],"evs":[0.0,-2.10849,-2.17767]},"Q6s":{"weight":1.0,"played":[1.0,0.0,0.0],"evs":[0.0,-1.92638,-1.97748]},"Q7s":{"weight":1.0,"played":[1.0,0.0,0.0],"evs":[0.0,-1.86454,-1.93637]},"Q8s":{"weight":1.0,"played":[0.9999,0.0,1.0E-4],"evs":[0.0,-1.67494,-1.72765]},"Q9s":{"weight":1.0,"played":[0.9998,1.0E-4,1.0E-4],"evs":[0.0,-1.6754,-1.70723]},"QTs":{"weight":1.0,"played":[0.9992,4.0E-4,4.0E-4],"evs":[0.0,-0.90614,-0.93196]},"QJs":{"weight":1.0,"played":[0.9998,1.0E-4,1.0E-4],"evs":[0.0,-0.86981,-0.89212]},"QQ":{"weight":1.0,"played":[0.0,0.0568,0.9432],"evs":[0.0,5.83213,5.8407]},"KQo":{"weight":1.0,"played":[1.0,0.0,0.0],"evs":[0.0,-1.16088,-1.19071]},"AQo":{"weight":1.0,"played":[1.0E-4,0.029,0.9709],"evs":[0.0,0.87581,0.90148]},"K2s":{"weight":1.0,"played":[1.0,0.0,0.0],"evs":[0.0,-2.18232,-2.23466]},"K3s":{"weight":1.0,"played":[1.0,0.0,0.0],"evs":[0.0,-2.15953,-2.19088]},"K4s":{"weight":1.0,"played":[1.0,0.0,0.0],"evs":[0.0,-2.02743,-2.07627]},"K5s":{"weight":1.0,"played":[1.0,0.0,0.0],"evs":[0.0,-2.08124,-2.12886]},"K6s":{"weight":1.0,"played":[1.0,0.0,0.0],"evs":[0.0,-1.73719,-1.79501]},"K7s":{"weight":1.0,"played":[1.0,0.0,0.0],"evs":[0.0,-1.56556,-1.60876]},"K8s":{"weight":1.0,"played":[1.0,0.0,0.0],"evs":[0.0,-1.74681,-1.8112]},"K9s":{"weight":1.0,"played":[1.0,0.0,0.0],"evs":[0.0,-1.42093,-1.46068]},"KTs":{"weight":1.0,"played":[0.9991,4.0E-4,4.0E-4],"evs":[0.0,-0.78124,-0.81379]},"KJs":{"weight":1.0,"played":[0.9694,0.0221,0.0086],"evs":[0.0,-0.6076,-0.65525]},"KQs":{"weight":1.0,"played":[0.7698,0.1892,0.041],"evs":[0.0,-0.15916,-0.20006]},"KK":{"weight":1.0,"played":[0.0,0.31,0.69],"evs":[0.0,7.1623,7.15767]},"AKo":{"weight":1.0,"played":[0.0,0.0375,0.9624],"evs":[0.0,2.27594,2.28529]},"A2s":{"weight":1.0,"played":[1.0,0.0,0.0],"evs":[0.0,-2.88152,-2.97478]},"A3s":{"weight":1.0,"played":[1.0,0.0,0.0],"evs":[0.0,-2.71576,-2.80931]},"A4s":{"weight":1.0,"played":[1.0,0.0,0.0],"evs":[0.0,-2.44679,-2.54053]},"A5s":{"weight":1.0,"played":[1.0,0.0,0.0],"evs":[0.0,-2.19161,-2.29885]},"A6s":{"weight":1.0,"played":[1.0,0.0,0.0],"evs":[0.0,-2.68513,-2.77936]},"A7s":{"weight":1.0,"played":[0.9999,0.0,1.0E-4],"evs":[0.0,-2.3267,-2.42267]},"A8s":{"weight":1.0,"played":[1.0,0.0,0.0],"evs":[0.0,-2.38751,-2.54403]},"A9s":{"weight":1.0,"played":[1.0,0.0,0.0],"evs":[0.0,-1.73303,-1.79389]},"ATs":{"weight":1.0,"played":[0.9981,9.0E-4,0.001],"evs":[0.0,-0.44337,-0.46168]},"AJs":{"weight":1.0,"played":[0.0052,0.1404,0.8544],"evs":[0.0,0.33823,0.35776]},"AQs":{"weight":1.0,"played":[0.0,0.1171,0.8829],"evs":[0.0,1.63345,1.63515]},"AKs":{"weight":1.0,"played":[0.0,0.0025,0.9975],"evs":[0.0,3.17774,3.19588]},"AA":{"weight":1.0,"played":[0.0,0.0,1.0],"evs":[0.0,10.88363,10.90291]}}}