{"player":5,"street":0,"children":2,"sequence":[{"player":0,"type":"F","amount":0,"street":0},{"player":1,"type":"R","amount":24020000,"street":0},{"player":2,"type":"R","amount":26780000,"street":0},{"player":3,"type":"F","amount":0,"street":0},{"player":4,"type":"C","amount":25180000,"street":0}],"actions":[{"type":"F","amount":0},{"type":"C","amount":5070000}],"hands":{"22":{"weight":1.0,"played":[1.0,0.0],"evs":[0.0,-3.55037]},"32o":{"weight":1.0,"played":[1.0,0.0],"evs":[0.0,-4.24043]},"42o":{"weight":1.0,"played":[1.0,0.0],"evs":[0.0,-4.11231]},"52o":{"weight":1.0,"played":[1.0,0.0],"evs":[0.0,-4.11626]},"62o":{"weight":1.0,"played":[1.0,0.0],"evs":[0.0,-4.36406]},"72o":{"weight":1.0,"played":[1.0,0.0],"evs":[0.0,-4.52071]},"82o":{"weight":1.0,"played":[1.0,0.0],"evs":[0.0,-4.44797]},"92o":{"weight":1.0,"played":[1.0,0.0],"evs":[0.0,-4.64222]},"T2o":{"weight":1.0,"played":[1.0,0.0],"evs":[0.0,-4.522]},"J2o":{"weight":1.0,"played":[1.0,0.0],"evs":[0.0,-4.32214]},"Q2o":{"weight":1.0,"played":[1.0,0.0],"evs":[0.0,-4.35534]},"K2o":{"weight":1.0,"played":[1.0,0.0],"evs":[0.0,-4.24787]},"A2o":{"weight":1.0,"played":[1.0,0.0],"evs":[0.0,-4.62532]},"32s":{"weight":1.0,"played":[1.0,0.0],"evs":[0.0,-3.2994]},"33":{"weight":1.0,"played":[1.0,0.0],"evs":[0.0,-3.21726]},"43o":{"weight":1.0,"played":[1.0,0.0],"evs":[0.0,-3.90081]},"53o":{"weight":1.0,"played":[1.0,0.0],"evs":[0.0,-3.69571]},"63o":{"weight":1.0,"played":[1.0,0.0],"evs":[0.0,-4.03287]},"73o":{"weight":1.0,"played":[1.0,0.0],"evs":[0.0,-4.21864]},"83o":{"weight":1.0,"played":[1.0,0.0],"evs":[0.0,-4.5202]},"93o":{"weight":1.0,"played":[1.0,0.0],"evs":[0.0,-4.51314]},"T3o":{"weight":1.0,"played":[1.0,0.0],"evs":[0.0,-4.44283]},"J3o":{"weight":1.0,"played":[1.0,0.0],"evs":[0.0,-4.17524]},"Q3o":{"weight":1.0,"played":[1.0,0.0],"evs":[0.0,-4.38467]},"K3o":{"weight":1.0,"played":[1.0,0.0],"evs":[0.0,-3.82605]},"A3o":{"weight":1.0,"played":[1.0,0.0],"evs":[0.0,-4.54451]},"42s":{"weight":1.0,"played":[1.0,0.0],"evs":[0.0,-3.54708]},"43s":{"weight":1.0,"played":[1.0,0.0],"evs":[0.0,-3.35802]},"44":{"weight":1.0,"played":[1.0,0.0],"evs":[0.0,-3.23398]},"54o":{"weight":1.0,"played":[1.0,0.0],"evs":[0.0,-3.4658]},"64o":{"weight":1.0,"played":[1.0,0.0],"evs":[0.0,-3.63796]},"74o":{"weight":1.0,"played":[1.0,0.0],"evs":[0.0,-4.05307]},"84o":{"weight":1.0,"played":[1.0,0.0],"evs":[0.0,-4.16547]},"94o":{"weight":1.0,"played":[1.0,0.0],"evs":[0.0,-4.56924]},"T4o":{"weight":1.0,"played":[1.0,0.0],"evs":[0.0,-4.35167]},"J4o":{"weight":1.0,"played":[1.0,0.0],"evs":[0.0,-4.10301]},"Q4o":{"weight":1.0,"played":[1.0,0.0],"evs":[0.0,-4.44688]},"K4o":{"weight":1.0,"played":[1.0,0.0],"evs":[0.0,-4.04254]},"A4o":{"weight":1.0,"played":[1.0,0.0],"evs":[0.0,-4.45077]},"52s":{"weight":1.0,"played":[1.0,0.0],"evs":[0.0,-3.64874]},"53s":{"weight":1.0,"played":[1.0,0.0],"evs":[0.0,-3.04825]},"54s":{"weight":1.0,"played":[1.0,0.0],"evs":[0.0,-2.99585]},"55":{"weight":1.0,"played":[1.0,0.0],"evs":[0.0,-3.23457]},"65o":{"weight":1.0,"played":[1.0,0.0],"evs":[0.0,-3.40354]},"75o":{"weight":1.0,"played":[1.0,0.0],"evs":[0.0,-3.80742]},"85o":{"weight":1.0,"played":[1.0,0.0],"evs":[0.0,-3.88324]},"95o":{"weight":1.0,"played":[1.0,0.0],"evs":[0.0,-4.0775]},"T5o":{"weight":1.0,"played":[1.0,0.0],"evs":[0.0,-4.25067]},"J5o":{"weight":1.0,"played":[1.0,0.0],"evs":[0.0,-4.02867]},"Q5o":{"weight":1.0,"played":[1.0,0.0],"evs":[0.0,-4.06574]},"K5o":{"weight":1.0,"played":[1.0,0.0],"evs":[0.0,-3.99116]},"A5o":{"weight":1.0,"played":[1.0,0.0],"evs":[0.0,-4.30449]},"62s":{"weight":1.0,"played":[1.0,0.0],"evs":[0.0,-3.74008]},"63s":{"weight":1.0,"played":[1.0,0.0],"evs":[0.0,-2.9687]},"64s":{"weight":1.0,"played":[1.0,0.0],"evs":[0.0,-3.03919]},"65s":{"weight":1.0,"played":[1.0,0.0],"evs":[0.0,-2.90437]},"66":{"weight":1.0,"played":[1.0,0.0],"evs":[0.0,-3.16055]},"76o":{"weight":1.0,"played":[1.0,0.0],"evs":[0.0,-3.65231]},"86o":{"weight":1.0,"played":[1.0,0.0],"evs":[0.0,-3.75771]},"96o":{"weight":1.0,"played":[1.0,0.0],"evs":[0.0,-3.89445]},"T6o":{"weight":1.0,"played":[1.0,0.0],"evs":[0.0,-4.10266]},"J6o":{"weight":1.0,"played":[1.0,0.0],"evs":[0.0,-4.15964]},"Q6o":{"weight":1.0,"played":[1.0,0.0],"evs":[0.0,-4.11072]},"K6o":{"weight":1.0,"played":[1.0,0.0],"evs":[0.0,-4.04876]},"A6o":{"weight":1.0,"played":[1.0,0.0],"evs":[0.0,-4.4751]},"72s":{"weight":1.0,"played":[1.0,0.0],"evs":[0.0,-3.75414]},"73s":{"weight":1.0,"played":[1.0,0.0],"evs":[0.0,-3.54478]},"74s":{"weight":1.0,"played":[1.0,0.0],"evs":[0.0,-3.35235]},"75s":{"weight":1.0,"played":[1.0,0.0],"evs":[0.0,-3.14106]},"76s":{"weight":1.0,"played":[1.0,0.0],"evs":[0.0,-3.02196]},"77":{"weight":1.0,"played":[1.0,0.0],"evs":[0.0,-2.8288]},"87o":{"weight":1.0,"played":[1.0,0.0],"evs":[0.0,-3.55987]},"97o":{"weight":1.0,"played":[1.0,0.0],"evs":[0.0,-3.61679]},"T7o":{"weight":1.0,"played":[1.0,0.0],"evs":[0.0,-3.82634]},"J7o":{"weight":1.0,"played":[1.0,0.0],"evs":[0.0,-3.98862]},"Q7o":{"weight":1.0,"played":[1.0,0.0],"evs":[0.0,-4.14458]},"K7o":{"weight":1.0,"played":[1.0,0.0],"evs":[0.0,-3.866]},"A7o":{"weight":1.0,"played":[1.0,0.0],"evs":[0.0,-4.60825]},"82s":{"weight":1.0,"played":[1.0,0.0],"evs":[0.0,-4.00379]},"83s":{"weight":1.0,"played":[1.0,0.0],"evs":[0.0,-3.66355]},"84s":{"weight":1.0,"played":[1.0,0.0],"evs":[0.0,-3.07375]},"85s":{"weight":1.0,"played":[1.0,0.0],"evs":[0.0,-3.01605]},"86s":{"weight":1.0,"played":[1.0,0.0],"evs":[0.0,-2.94031]},"87s":{"weight":1.0,"played":[1.0,0.0],"evs":[0.0,-3.0032]},"88":{"weight":1.0,"played":[1.0,0.0],"evs":[0.0,-2.39733]},"98o":{"weight":1.0,"played":[1.0,0.0],"evs":[0.0,-3.61664]},"T8o":{"weight":1.0,"played":[1.0,0.0],"evs":[0.0,-3.76912]},"J8o":{"weight":1.0,"played":[1.0,0.0],"evs":[0.0,-3.83047]},"Q8o":{"weight":1.0,"played":[1.0,0.0],"evs":[0.0,-3.98799]},"K8o":{"weight":1.0,"played":[1.0,0.0],"evs":[0.0,-3.98734]},"A8o":{"weight":1.0,"played":[1.0,0.0],"evs":[0.0,-4.45559]},"92s":{"weight":1.0,"played":[1.0,0.0],"evs":[0.0,-4.16371]},"93s":{"weight":1.0,"played":[1.0,0.0],"evs":[0.0,-3.48267]},"94s":{"weight":1.0,"played":[1.0,0.0],"evs":[0.0,-3.80015]},"95s":{"weight":1.0,"played":[1.0,0.0],"evs":[0.0,-3.59129]},"96s":{"weight":1.0,"played":[0.9999,1.0E-4],"evs":[0.0,-3.38219]},"97s":{"weight":1.0,"played":[1.0,0.0],"evs":[0.0,-3.08929]},"98s":{"weight":1.0,"played":[1.0,0.0],"evs":[0.0,-2.88982]},"99":{"weight":1.0,"played":[1.0,0.0],"evs":[0.0,-2.07936]},"T9o":{"weight":1.0,"played":[1.0,0.0],"evs":[0.0,-3.63911]},"J9o":{"weight":1.0,"played":[1.0,0.0],"evs":[0.0,-3.74871]},"Q9o":{"weight":1.0,"played":[1.0,0.0],"evs":[0.0,-3.80348]},"K9o":{"weight":1.0,"played":[1.0,0.0],"evs":[0.0,-3.58084]},"A9o":{"weight":1.0,"played":[1.0,0.0],"evs":[0.0,-4.39348]},"T2s":{"weight":1.0,"played":[1.0,0.0],"evs":[0.0,-3.7809]},"T3s":{"weight":1.0,"played":[1.0,0.0],"evs":[0.0,-3.62586]},"T4s":{"weight":1.0,"played":[1.0,0.0],"evs":[0.0,-3.79305]},"T5s":{"weight":1.0,"played":[1.0,0.0],"evs":[0.0,-3.32434]},"T6s":{"weight":1.0,"played":[1.0,0.0],"evs":[0.0,-3.63181]},"T7s":{"weight":1.0,"played":[1.0,0.0],"evs":[0.0,-3.29892]},"T8s":{"weight":1.0,"played":[1.0,0.0],"evs":[0.0,-3.58379]},"T9s":{"weight":1.0,"played":[1.0,0.0],"evs":[0.0,-2.66612]},"TT":{"weight":1.0,"played":[1.0,0.0],"evs":[0.0,-1.5082]},"JTo":{"weight":1.0,"played":[1.0,0.0],"evs":[0.0,-3.35762]},"QTo":{"weight":1.0,"played":[1.0,0.0],"evs":[0.0,-3.35548]},"KTo":{"weight":1.0,"played":[1.0,0.0],"evs":[0.0,-3.38307]},"ATo":{"weight":1.0,"played":[1.0,0.0],"evs":[0.0,-3.78202]},"J2s":{"weight":1.0,"played":[1.0,0.0],"evs":[0.0,-3.56421]},"J3s":{"weight":1.0,"played":[1.0,0.0],"evs":[0.0,-3.60144]},"J4s":{"weight":1.0,"played":[1.0,0.0],"evs":[0.0,-3.80822]},"J5s":{"weight":1.0,"played":[1.0,0.0],"evs":[0.0,-3.19671]},"J6s":{"weight":1.0,"played":[1.0,0.0],"evs":[0.0,-3.59928]},"J7s":{"weight":1.0,"played":[1.0,0.0],"evs":[0.0,-3.00699]},"J8s":{"weight":1.0,"played":[1.0,0.0],"evs":[0.0,-3.1161]},"J9s":{"weight":1.0,"played":[1.0,0.0],"evs":[0.0,-3.0117]},"JTs":{"weight":1.0,"played":[1.0,0.0],"evs":[0.0,-3.04385]},"JJ":{"weight":1.0,"played":[0.9966,0.0034],"evs":[0.0,-0.66706]},"QJo":{"weight":1.0,"played":[1.0,0.0],"evs":[0.0,-3.22635]},"KJo":{"weight":1.0,"played":[1.0,0.0],"evs":[0.0,-3.26772]},"AJo":{"weight":1.0,"played":[1.0,0.0],"evs":[0.0,-3.52444]},"Q2s":{"weight":1.0,"played":[1.0,0.0],"evs":[0.0,-3.69964]},"Q3s":{"weight":1.0,"played":[1.0,0.0],"evs":[0.0,-3.61933]},"Q4s":{"weight":1.0,"played":[1.0,0.0],"evs":[0.0,-3.55661]},"Q5s":{"weight":1.0,"played":[1.0,0.0],"evs":[0.0,-3.41386]},"Q6s":{"weight":1.0,"played":[1.0,0.0],"evs":[0.0,-3.52925]},"Q7s":{"weight":1.0,"played":[1.0,0.0],"evs":[0.0,-3.73608]},"Q8s":{"weight":1.0,"played":[1.0,0.0],"evs":[0.0,-3.05051]},"Q9s":{"weight":1.0,"played":[1.0,0.0],"evs":[0.0,-3.21542]},"QTs":{"weight":1.0,"played":[1.0,0.0],"evs":[0.0,-2.55335]},"QJs":{"weight":1.0,"played":[1.0,0.0],"evs":[0.0,-2.75176]},"QQ":{"weight":1.0,"played":[0.5689,0.4311],"evs":[0.0,0.04056]},"KQo":{"weight":1.0,"played":[1.0,0.0],"evs":[0.0,-3.10121]},"AQo":{"weight":1.0,"played":[1.0,0.0],"evs":[0.0,-2.95306]},"K2s":{"weight":1.0,"played":[1.0,0.0],"evs":[0.0,-3.69901]},"K3s":{"weight":1.0,"played":[1.0,0.0],"evs":[0.0,-3.5393]},"K4s":{"weight":1.0,"played":[0.9999,1.0E-4],"evs":[0.0,-3.18476]},"K5s":{"weight":1.0,"played":[1.0,0.0],"evs":[0.0,-3.18379]},"K6s":{"weight":1.0,"played":[1.0,0.0],"evs":[0.0,-3.15488]},"K7s":{"weight":1.0,"played":[0.9998,2.0E-4],"evs":[0.0,-2.97804]},"K8s":{"weight":1.0,"played":[1.0,0.0],"evs":[0.0,-3.20172]},"K9s":{"weight":1.0,"played":[1.0,0.0],"evs":[0.0,-2.99251]},"KTs":{"weight":1.0,"played":[0.9999,1.0E-4],"evs":[0.0,-2.72503]},"KJs":{"weight":1.0,"played":[1.0,0.0],"evs":[0.0,-2.72934]},"KQs":{"weight":1.0,"played":[0.9999,1.0E-4],"evs":[0.0,-2.44]},"KK":{"weight":1.0,"played":[5.0E-4,0.9995],"evs":[0.0,2.20541]},"AKo":{"weight":1.0,"played":[0.9999,1.0E-4],"evs":[0.0,-2.01631]},"A2s":{"weight":1.0,"played":[1.0,0.0],"evs":[0.0,-3.83777]},"A3s":{"weight":1.0,"played":[1.0,0.0],"evs":[0.0,-3.96949]},"A4s":{"weight":1.0,"played":[1.0,0.0],"evs":[0.0,-3.4472]},"A5s":{"weight":1.0,"played":[1.0,0.0],"evs":[0.0,-3.47511]},"A6s":{"weight":1.0,"played":[1.0,0.0],"evs":[0.0,-3.91721]},"A7s":{"weight":1.0,"played":[1.0,0.0],"evs":[0.0,-3.69148]},"A8s":{"weight":1.0,"played":[1.0,0.0],"evs":[0.0,-3.86649]},"A9s":{"weight":1.0,"played":[1.0,0.0],"evs":[0.0,-3.4565]},"ATs":{"weight":1.0,"played":[1.0,0.0],"evs":[0.0,-3.06619]},"AJs":{"weight":1.0,"played":[1.0,0.0],"evs":[0.0,-3.05243]},"AQs":{"weight":1.0,"played":[0.9998,2.0E-4],"evs":[0.0,-2.65751]},"AKs":{"weight":1.0,"played":[0.9999,1.0E-4],"evs":[0.0,-1.5399]},"AA":{"weight":1.0,"played":[0.0,1.0],"evs":[0.0,3.83585]}}}