{"player":5,"street":0,"children":2,"sequence":[{"player":0,"type":"F","amount":0,"street":0},{"player":1,"type":"R","amount":24020000,"street":0},{"player":2,"type":"R","amount":26780000,"street":0},{"player":3,"type":"C","amount":6170000,"street":0},{"player":4,"type":"C","amount":25180000,"street":0}],"actions":[{"type":"F","amount":0},{"type":"C","amount":5070000}],"hands":{"22":{"weight":1.0,"played":[0.8545,0.1455],"evs":[0.0,-2.52958]},"32o":{"weight":1.0,"played":[0.9969,0.0031],"evs":[0.0,-3.78612]},"42o":{"weight":1.0,"played":[0.9924,0.0076],"evs":[0.0,-3.83121]},"52o":{"weight":1.0,"played":[0.9773,0.0227],"evs":[0.0,-2.09569]},"62o":{"weight":1.0,"played":[0.9969,0.0031],"evs":[0.0,-3.435]},"72o":{"weight":1.0,"played":[0.9999,1.0E-4],"evs":[0.0,-4.87279]},"82o":{"weight":1.0,"played":[0.9882,0.0118],"evs":[0.0,-3.63787]},"92o":{"weight":1.0,"played":[0.9998,2.0E-4],"evs":[0.0,-3.05136]},"T2o":{"weight":1.0,"played":[0.9976,0.0024],"evs":[0.0,-4.48621]},"J2o":{"weight":1.0,"played":[0.999,0.001],"evs":[0.0,-4.55218]},"Q2o":{"weight":1.0,"played":[1.0,0.0],"evs":[0.0,-3.57795]},"K2o":{"weight":1.0,"played":[1.0,0.0],"evs":[0.0,-3.3948]},"A2o":{"weight":1.0,"played":[0.9983,0.0017],"evs":[0.0,-3.26799]},"32s":{"weight":1.0,"played":[0.9588,0.0412],"evs":[0.0,-4.54855]},"33":{"weight":1.0,"played":[0.9988,0.0012],"evs":[0.0,-1.90963]},"43o":{"weight":1.0,"played":[0.9966,0.0034],"evs":[0.0,-3.82938]},"53o":{"weight":1.0,"played":[0.9994,6.0E-4],"evs":[0.0,-3.16676]},"63o":{"weight":1.0,"played":[0.998,0.002],"evs":[0.0,-3.41595]},"73o":{"weight":1.0,"played":[1.0,0.0],"evs":[0.0,-4.16278]},"83o":{"weight":1.0,"played":[1.0,0.0],"evs":[0.0,-3.92456]},"93o":{"weight":1.0,"played":[0.9979,0.0021],"evs":[0.0,-4.70424]},"T3o":{"weight":1.0,"played":[1.0,0.0],"evs":[0.0,-4.84325]},"J3o":{"weight":1.0,"played":[1.0,0.0],"evs":[0.0,-2.92138]},"Q3o":{"weight":1.0,"played":[0.9903,0.0097],"evs":[0.0,-2.9043]},"K3o":{"weight":1.0,"played":[0.9995,5.0E-4],"evs":[0.0,-4.633]},"A3o":{"weight":1.0,"played":[0.9996,4.0E-4],"evs":[0.0,-3.04607]},"42s":{"weight":1.0,"played":[0.9919,0.0081],"evs":[0.0,-4.5245]},"43s":{"weight":1.0,"played":[0.9488,0.0512],"evs":[0.0,0.22826]},"44":{"weight":1.0,"played":[0.966,0.034],"evs":[0.0,-3.50674]},"54o":{"weight":1.0,"played":[0.9984,0.0016],"evs":[0.0,-2.56883]},"64o":{"weight":1.0,"played":[0.9995,5.0E-4],"evs":[0.0,-2.38797]},"74o":{"weight":1.0,"played":[0.9998,2.0E-4],"evs":[0.0,-2.86699]},"84o":{"weight":1.0,"played":[1.0,0.0],"evs":[0.0,-3.45633]},"94o":{"weight":1.0,"played":[1.0,0.0],"evs":[0.0,-4.62261]},"T4o":{"weight":1.0,"played":[1.0,0.0],"evs":[0.0,-3.63709]},"J4o":{"weight":1.0,"played":[0.9998,2.0E-4],"evs":[0.0,-3.89691]},"Q4o":{"weight":1.0,"played":[1.0,0.0],"evs":[0.0,-3.22258]},"K4o":{"weight":1.0,"played":[0.9989,0.0011],"evs":[0.0,-2.75175]},"A4o":{"weight":1.0,"played":[0.9996,4.0E-4],"evs":[0.0,-3.94609]},"52s":{"weight":1.0,"played":[0.9963,0.0037],"evs":[0.0,-2.53814]},"53s":{"weight":1.0,"played":[1.0,0.0],"evs":[0.0,-2.28072]},"54s":{"weight":1.0,"played":[0.8981,0.1019],"evs":[0.0,-1.17741]},"55":{"weight":1.0,"played":[0.9953,0.0047],"evs":[0.0,-2.64143]},"65o":{"weight":1.0,"played":[0.9982,0.0018],"evs":[0.0,-2.8503]},"75o":{"weight":1.0,"played":[0.9476,0.0524],"evs":[0.0,-1.61732]},"85o":{"weight":1.0,"played":[0.9935,0.0065],"evs":[0.0,-3.96517]},"95o":{"weight":1.0,"played":[0.9988,0.0012],"evs":[0.0,-3.79644]},"T5o":{"weight":1.0,"played":[0.9958,0.0042],"evs":[0.0,-4.75577]},"J5o":{"weight":1.0,"played":[1.0,0.0],"evs":[0.0,-4.07651]},"Q5o":{"weight":1.0,"played":[0.9993,7.0E-4],"evs":[0.0,-3.31597]},"K5o":{"weight":1.0,"played":[0.9923,0.0077],"evs":[0.0,-3.45935]},"A5o":{"weight":1.0,"played":[0.9941,0.0059],"evs":[0.0,-2.60083]},"62s":{"weight":1.0,"played":[0.976,0.024],"evs":[0.0,-2.95104]},"63s":{"weight":1.0,"played":[0.9758,0.0242],"evs":[0.0,-1.2718]},"64s":{"weight":1.0,"played":[0.7212,0.2788],"evs":[0.0,-1.53212]},"65s":{"weight":1.0,"played":[0.9929,0.0071],"evs":[0.0,-2.18212]},"66":{"weight":1.0,"played":[0.9801,0.0199],"evs":[0.0,-1.91738]},"76o":{"weight":1.0,"played":[0.992,0.008],"evs":[0.0,-3.16571]},"86o":{"weight":1.0,"played":[0.9993,7.0E-4],"evs":[0.0,-3.37972]},"96o":{"weight":1.0,"played":[0.9954,0.0046],"evs":[0.0,-3.05676]},"T6o":{"weight":1.0,"played":[0.9999,1.0E-4],"evs":[0.0,-4.20224]},"J6o":{"weight":1.0,"played":[0.9999,1.0E-4],"evs":[0.0,-4.40127]},"Q6o":{"weight":1.0,"played":[1.0,0.0],"evs":[0.0,-3.92834]},"K6o":{"weight":1.0,"played":[1.0,0.0],"evs":[0.0,-4.00203]},"A6o":{"weight":1.0,"played":[0.9939,0.0061],"evs":[0.0,-4.19558]},"72s":{"weight":1.0,"played":[0.9937,0.0063],"evs":[0.0,-1.93455]},"73s":{"weight":1.0,"played":[0.9997,3.0E-4],"evs":[0.0,-3.41329]},"74s":{"weight":1.0,"played":[0.8804,0.1196],"evs":[0.0,-2.52003]},"75s":{"weight":1.0,"played":[0.9972,0.0028],"evs":[0.0,-1.96422]},"76s":{"weight":1.0,"played":[0.9799,0.0201],"evs":[0.0,-3.51082]},"77":{"weight":1.0,"played":[0.995,0.005],"evs":[0.0,-3.11983]},"87o":{"weight":1.0,"played":[0.999,0.001],"evs":[0.0,-3.30608]},"97o":{"weight":1.0,"played":[0.9997,3.0E-4],"evs":[0.0,-3.0632]},"T7o":{"weight":1.0,"played":[0.9977,0.0023],"evs":[0.0,-3.40057]},"J7o":{"weight":1.0,"played":[0.9852,0.0148],"evs":[0.0,-3.30808]},"Q7o":{"weight":1.0,"played":[0.999,0.001],"evs":[0.0,-4.40416]},"K7o":{"weight":1.0,"played":[0.9987,0.0013],"evs":[0.0,-3.34201]},"A7o":{"weight":1.0,"played":[1.0,0.0],"evs":[0.0,-4.66516]},"82s":{"weight":1.0,"played":[0.9773,0.0227],"evs":[0.0,-3.3132]},"83s":{"weight":1.0,"played":[1.0,0.0],"evs":[0.0,-3.1489]},"84s":{"weight":1.0,"played":[1.0,0.0],"evs":[0.0,-1.36618]},"85s":{"weight":1.0,"played":[1.0,0.0],"evs":[0.0,-3.19341]},"86s":{"weight":1.0,"played":[0.947,0.053],"evs":[0.0,-1.29127]},"87s":{"weight":1.0,"played":[0.7079,0.2921],"evs":[0.0,-0.80002]},"88":{"weight":1.0,"played":[0.9943,0.0057],"evs":[0.0,-2.54158]},"98o":{"weight":1.0,"played":[0.9851,0.0149],"evs":[0.0,-3.29226]},"T8o":{"weight":1.0,"played":[0.9983,0.0017],"evs":[0.0,-3.46503]},"J8o":{"weight":1.0,"played":[0.9971,0.0029],"evs":[0.0,-4.11551]},"Q8o":{"weight":1.0,"played":[0.9998,2.0E-4],"evs":[0.0,-3.75269]},"K8o":{"weight":1.0,"played":[0.9995,5.0E-4],"evs":[0.0,-3.76588]},"A8o":{"weight":1.0,"played":[0.9993,7.0E-4],"evs":[0.0,-4.72263]},"92s":{"weight":1.0,"played":[0.9942,0.0058],"evs":[0.0,-4.03703]},"93s":{"weight":1.0,"played":[0.9998,2.0E-4],"evs":[0.0,-3.49222]},"94s":{"weight":1.0,"played":[0.9975,0.0025],"evs":[0.0,-2.71364]},"95s":{"weight":1.0,"played":[0.9397,0.0603],"evs":[0.0,-3.84948]},"96s":{"weight":1.0,"played":[0.947,0.053],"evs":[0.0,-2.69945]},"97s":{"weight":1.0,"played":[0.8838,0.1162],"evs":[0.0,-1.64763]},"98s":{"weight":1.0,"played":[0.9967,0.0033],"evs":[0.0,-3.6993]},"99":{"weight":1.0,"played":[0.7102,0.2898],"evs":[0.0,-0.84906]},"T9o":{"weight":1.0,"played":[0.9935,0.0065],"evs":[0.0,-2.70826]},"J9o":{"weight":1.0,"played":[0.9996,4.0E-4],"evs":[0.0,-3.15109]},"Q9o":{"weight":1.0,"played":[0.9844,0.0156],"evs":[0.0,-3.65094]},"K9o":{"weight":1.0,"played":[0.9998,2.0E-4],"evs":[0.0,-3.26467]},"A9o":{"weight":1.0,"played":[1.0,0.0],"evs":[0.0,-3.68947]},"T2s":{"weight":1.0,"played":[0.9989,0.0011],"evs":[0.0,-3.61247]},"T3s":{"weight":1.0,"played":[0.9888,0.0112],"evs":[0.0,-3.19432]},"T4s":{"weight":1.0,"played":[0.9883,0.0117],"evs":[0.0,-3.28201]},"T5s":{"weight":1.0,"played":[0.9796,0.0204],"evs":[0.0,-3.98288]},"T6s":{"weight":1.0,"played":[0.951,0.049],"evs":[0.0,-4.12402]},"T7s":{"weight":1.0,"played":[0.9793,0.0207],"evs":[0.0,-4.47106]},"T8s":{"weight":1.0,"played":[0.7739,0.2261],"evs":[0.0,-4.35593]},"T9s":{"weight":1.0,"played":[1.0,0.0],"evs":[0.0,-1.95951]},"TT":{"weight":1.0,"played":[0.9995,5.0E-4],"evs":[0.0,-2.14467]},"JTo":{"weight":1.0,"played":[0.9996,4.0E-4],"evs":[0.0,-3.38304]},"QTo":{"weight":1.0,"played":[0.9445,0.0555],"evs":[0.0,-3.03653]},"KTo":{"weight":1.0,"played":[0.9992,8.0E-4],"evs":[0.0,-3.9194]},"ATo":{"weight":1.0,"played":[0.9981,0.0019],"evs":[0.0,-3.59889]},"J2s":{"weight":1.0,"played":[0.8793,0.1207],"evs":[0.0,-1.87702]},"J3s":{"weight":1.0,"played":[0.9916,0.0084],"evs":[0.0,-3.14185]},"J4s":{"weight":1.0,"played":[1.0,0.0],"evs":[0.0,-4.47166]},"J5s":{"weight":1.0,"played":[0.9996,4.0E-4],"evs":[0.0,-2.36895]},"J6s":{"weight":1.0,"played":[0.8547,0.1453],"evs":[0.0,-1.39876]},"J7s":{"weight":1.0,"played":[1.0,0.0],"evs":[0.0,-1.68004]},"J8s":{"weight":1.0,"played":[0.9644,0.0356],"evs":[0.0,-4.26099]},"J9s":{"weight":1.0,"played":[0.9226,0.0774],"evs":[0.0,-2.27592]},"JTs":{"weight":1.0,"played":[0.9908,0.0092],"evs":[0.0,-3.14927]},"JJ":{"weight":1.0,"played":[0.7955,0.2045],"evs":[0.0,-3.04363]},"QJo":{"weight":1.0,"played":[0.9939,0.0061],"evs":[0.0,-4.38514]},"KJo":{"weight":1.0,"played":[0.9975,0.0025],"evs":[0.0,-4.82904]},"AJo":{"weight":1.0,"played":[1.0,0.0],"evs":[0.0,-4.48307]},"Q2s":{"weight":1.0,"played":[0.9484,0.0516],"evs":[0.0,-3.58546]},"Q3s":{"weight":1.0,"played":[0.9329,0.0671],"evs":[0.0,-2.99546]},"Q4s":{"weight":1.0,"played":[0.9727,0.0273],"evs":[0.0,-2.14127]},"Q5s":{"weight":1.0,"played":[1.0,0.0],"evs":[0.0,-4.34479]},"Q6s":{"weight":1.0,"played":[0.9547,0.0453],"evs":[0.0,-1.2205]},"Q7s":{"weight":1.0,"played":[0.998,0.002],"evs":[0.0,-1.96891]},"Q8s":{"weight":1.0,"played":[0.9992,8.0E-4],"evs":[0.0,-3.2566]},"Q9s":{"weight":1.0,"played":[0.9854,0.0146],"evs":[0.0,-2.70033]},"QTs":{"weight":1.0,"played":[1.0,0.0],"evs":[0.0,-2.66851]},"QJs":{"weight":1.0,"played":[1.0,0.0],"evs":[0.0,-3.19822]},"QQ":{"weight":1.0,"played":[0.7738,0.2262],"evs":[0.0,-0.95822]},"KQo":{"weight":1.0,"played":[0.995,0.005],"evs":[0.0,-2.73145]},"AQo":{"weight":1.0,"played":[1.0,0.0],"evs":[0.0,-2.66984]},"K2s":{"weight":1.0,"played":[0.9998,2.0E-4],"evs":[0.0,-4.12795]},"K3s":{"weight":1.0,"played":[0.8147,0.1853],"evs":[0.0,-0.82176]},"K4s":{"weight":1.0,"played":[0.9829,0.0171],"evs":[0.0,-4.76408]},"K5s":{"weight":1.0,"played":[0.9684,0.0316],"evs":[0.0,-3.93833]},"K6s":{"weight":1.0,"played":[0.9985,0.0015],"evs":[0.0,-2.60617]},"K7s":{"weight":1.0,"played":[0.9694,0.0306],"evs":[0.0,-3.17858]},"K8s":{"weight":1.0,"played":[0.5248,0.4752],"evs":[0.0,-0.59421]},"K9s":{"weight":1.0,"played":[0.9994,6.0E-4],"evs":[0.0,-0.89163]},"KTs":{"weight":1.0,"played":[0.996,0.004],"evs":[0.0,-2.95508]},"KJs":{"weight":1.0,"played":[0.9989,0.0011],"evs":[0.0,-2.90703]},"KQs":{"weight":1.0,"played":[0.8649,0.1351],"evs":[0.0,-2.86926]},"KK":{"weight":1.0,"played":[0.0714,0.9286],"evs":[0.0,4.60423]},"AKo":{"weight":1.0,"played":[0.8874,0.1126],"evs":[0.0,-2.14391]},"A2s":{"weight":1.0,"played":[0.9306,0.0694],"evs":[0.0,-2.52977]},"A3s":{"weight":1.0,"played":[1.0,0.0],"evs":[0.0,-2.34178]},"A4s":{"weight":1.0,"played":[0.9687,0.0313],"evs":[0.0,-2.47608]},"A5s":{"weight":1.0,"played":[0.8119,0.1881],"evs":[0.0,-1.25489]},"A6s":{"weight":1.0,"played":[0.9855,0.0145],"evs":[0.0,-1.54777]},"A7s":{"weight":1.0,"played":[0.9997,3.0E-4],"evs":[0.0,-4.35353]},"A8s":{"weight":1.0,"played":[1.0,0.0],"evs":[0.0,-4.61189]},"A9s":{"weight":1.0,"played":[0.9991,9.0E-4],"evs":[0.0,-5.54886]},"ATs":{"weight":1.0,"played":[0.7857,0.2143],"evs":[0.0,-1.3636]},"AJs":{"weight":1.0,"played":[0.6194,0.3806],"evs":[0.0,-1.35868]},"AQs":{"weight":1.0,"played":[0.996,0.004],"evs":[0.0,-2.44324]},"AKs":{"weight":1.0,"played":[0.236,0.764],"evs":[0.0,2.77335]},"AA":{"weight":1.0,"played":[0.0,1.0],"evs":[0.0,4.46845]}}}