{"player":5,"street":0,"children":2,"sequence":[{"player":0,"type":"R","amount":15550000,"street":0},{"player":1,"type":"F","amount":0,"street":0},{"player":2,"type":"F","amount":0,"street":0},{"player":3,"type":"C","amount":6170000,"street":0},{"player":4,"type":"F","amount":0,"street":0}],"actions":[{"type":"F","amount":0},{"type":"C","amount":5070000}],"hands":{"22":{"weight":1.0,"played":[0.0,1.0],"evs":[0.0,1.20333]},"32o":{"weight":1.0,"played":[0.9997,3.0E-4],"evs":[0.0,-0.16123]},"42o":{"weight":1.0,"played":[0.9919,0.0081],"evs":[0.0,-0.09737]},"52o":{"weight":1.0,"played":[0.1246,0.8754],"evs":[0.0,0.0048]},"62o":{"weight":1.0,"played":[0.9999,1.0E-4],"evs":[0.0,-0.10581]},"72o":{"weight":1.0,"played":[1.0,0.0],"evs":[0.0,-0.34014]},"82o":{"weight":1.0,"played":[0.9992,8.0E-4],"evs":[0.0,-0.27496]},"92o":{"weight":1.0,"played":[0.9999,1.0E-4],"evs":[0.0,-0.20136]},"T2o":{"weight":1.0,"played":[0.9995,5.0E-4],"evs":[0.0,-0.21208]},"J2o":{"weight":1.0,"played":[0.9998,2.0E-4],"evs":[0.0,-0.22747]},"Q2o":{"weight":1.0,"played":[0.9848,0.0152],"evs":[0.0,-0.0763]},"K2o":{"weight":1.0,"played":[0.0018,0.9982],"evs":[0.0,0.12198]},"A2o":{"weight":1.0,"played":[0.0129,0.9871],"evs":[0.0,0.04329]},"32s":{"weight":1.0,"played":[2.0E-4,0.9998],"evs":[0.0,0.46619]},"33":{"weight":1.0,"played":[0.0,1.0],"evs":[0.0,1.34161]},"43o":{"weight":1.0,"played":[0.0022,0.9978],"evs":[0.0,0.13773]},"53o":{"weight":1.0,"played":[0.0,1.0],"evs":[0.0,0.1609]},"63o":{"weight":1.0,"played":[0.0041,0.9959],"evs":[0.0,0.06386]},"73o":{"weight":1.0,"played":[0.9985,0.0015],"evs":[0.0,-0.09422]},"83o":{"weight":1.0,"played":[1.0,0.0],"evs":[0.0,-0.25888]},"93o":{"weight":1.0,"played":[0.9989,0.0011],"evs":[0.0,-0.13254]},"T3o":{"weight":1.0,"played":[0.9997,3.0E-4],"evs":[0.0,-0.10617]},"J3o":{"weight":1.0,"played":[0.9994,6.0E-4],"evs":[0.0,-0.20181]},"Q3o":{"weight":1.0,"played":[0.4354,0.5646],"evs":[0.0,0.00611]},"K3o":{"weight":1.0,"played":[0.0043,0.9957],"evs":[0.0,0.16447]},"A3o":{"weight":1.0,"played":[0.0,1.0],"evs":[0.0,0.17253]},"42s":{"weight":1.0,"played":[0.0,1.0],"evs":[0.0,0.52205]},"43s":{"weight":1.0,"played":[0.0,1.0],"evs":[0.0,0.74294]},"44":{"weight":1.0,"played":[0.0,1.0],"evs":[0.0,1.4903]},"54o":{"weight":1.0,"played":[0.0,1.0],"evs":[0.0,0.43943]},"64o":{"weight":1.0,"played":[0.0,1.0],"evs":[0.0,0.29363]},"74o":{"weight":1.0,"played":[0.0022,0.9978],"evs":[0.0,0.09638]},"84o":{"weight":1.0,"played":[0.6072,0.3928],"evs":[0.0,-0.03519]},"94o":{"weight":1.0,"played":[0.9907,0.0093],"evs":[0.0,-0.1792]},"T4o":{"weight":1.0,"played":[0.9999,1.0E-4],"evs":[0.0,-0.09106]},"J4o":{"weight":1.0,"played":[0.9999,1.0E-4],"evs":[0.0,-0.10945]},"Q4o":{"weight":1.0,"played":[0.374,0.626],"evs":[0.0,0.02379]},"K4o":{"weight":1.0,"played":[1.0E-4,0.9999],"evs":[0.0,0.23375]},"A4o":{"weight":1.0,"played":[1.0E-4,0.9999],"evs":[0.0,0.14819]},"52s":{"weight":1.0,"played":[0.0,1.0],"evs":[0.0,0.55741]},"53s":{"weight":1.0,"played":[0.0,1.0],"evs":[0.0,0.84447]},"54s":{"weight":1.0,"played":[0.0,1.0],"evs":[0.0,1.01514]},"55":{"weight":1.0,"played":[0.0,1.0],"evs":[0.0,1.75129]},"65o":{"weight":1.0,"played":[0.0,1.0],"evs":[0.0,0.53292]},"75o":{"weight":1.0,"played":[0.0,1.0],"evs":[0.0,0.37786]},"85o":{"weight":1.0,"played":[1.0E-4,0.9999],"evs":[0.0,0.18256]},"95o":{"weight":1.0,"played":[0.0032,0.9968],"evs":[0.0,0.08355]},"T5o":{"weight":1.0,"played":[0.6351,0.3649],"evs":[0.0,-0.0011]},"J5o":{"weight":1.0,"played":[0.7664,0.2336],"evs":[0.0,0.00707]},"Q5o":{"weight":1.0,"played":[9.0E-4,0.9991],"evs":[0.0,0.15118]},"K5o":{"weight":1.0,"played":[0.0043,0.9957],"evs":[0.0,0.33384]},"A5o":{"weight":1.0,"played":[0.0,1.0],"evs":[0.0,0.31031]},"62s":{"weight":1.0,"played":[0.0,1.0],"evs":[0.0,0.49151]},"63s":{"weight":1.0,"played":[2.0E-4,0.9998],"evs":[0.0,0.67839]},"64s":{"weight":1.0,"played":[0.0,1.0],"evs":[0.0,0.90612]},"65s":{"weight":1.0,"played":[0.0,1.0],"evs":[0.0,1.0658]},"66":{"weight":1.0,"played":[0.0,1.0],"evs":[0.0,1.93054]},"76o":{"weight":1.0,"played":[0.0,1.0],"evs":[0.0,0.52824]},"86o":{"weight":1.0,"played":[0.0,1.0],"evs":[0.0,0.44586]},"96o":{"weight":1.0,"played":[0.0,1.0],"evs":[0.0,0.35106]},"T6o":{"weight":1.0,"played":[0.0,1.0],"evs":[0.0,0.18187]},"J6o":{"weight":1.0,"played":[0.0632,0.9368],"evs":[0.0,0.02236]},"Q6o":{"weight":1.0,"played":[0.0053,0.9947],"evs":[0.0,0.20748]},"K6o":{"weight":1.0,"played":[0.0,1.0],"evs":[0.0,0.34875]},"A6o":{"weight":1.0,"played":[1.0E-4,0.9999],"evs":[0.0,0.19523]},"72s":{"weight":1.0,"played":[0.0,1.0],"evs":[0.0,0.18873]},"73s":{"weight":1.0,"played":[0.001,0.999],"evs":[0.0,0.43691]},"74s":{"weight":1.0,"played":[0.0,1.0],"evs":[0.0,0.73313]},"75s":{"weight":1.0,"played":[0.0,1.0],"evs":[0.0,0.93094]},"76s":{"weight":1.0,"played":[0.0,1.0],"evs":[0.0,1.08901]},"77":{"weight":1.0,"played":[0.0,1.0],"evs":[0.0,2.02507]},"87o":{"weight":1.0,"played":[0.0,1.0],"evs":[0.0,0.58459]},"97o":{"weight":1.0,"played":[0.0,1.0],"evs":[0.0,0.50984]},"T7o":{"weight":1.0,"played":[0.0,1.0],"evs":[0.0,0.31428]},"J7o":{"weight":1.0,"played":[5.0E-4,0.9995],"evs":[0.0,0.17067]},"Q7o":{"weight":1.0,"played":[1.0E-4,0.9999],"evs":[0.0,0.17385]},"K7o":{"weight":1.0,"played":[0.0,1.0],"evs":[0.0,0.4274]},"A7o":{"weight":1.0,"played":[0.0,1.0],"evs":[0.0,0.31201]},"82s":{"weight":1.0,"played":[0.0,1.0],"evs":[0.0,0.28542]},"83s":{"weight":1.0,"played":[0.0038,0.9962],"evs":[0.0,0.41673]},"84s":{"weight":1.0,"played":[0.0,1.0],"evs":[0.0,0.47922]},"85s":{"weight":1.0,"played":[0.0,1.0],"evs":[0.0,0.76026]},"86s":{"weight":1.0,"played":[0.0,1.0],"evs":[0.0,0.96012]},"87s":{"weight":1.0,"played":[0.0,1.0],"evs":[0.0,1.23623]},"88":{"weight":1.0,"played":[0.0,1.0],"evs":[0.0,2.35316]},"98o":{"weight":1.0,"played":[0.0,1.0],"evs":[0.0,0.6349]},"T8o":{"weight":1.0,"played":[0.0,1.0],"evs":[0.0,0.58798]},"J8o":{"weight":1.0,"played":[0.0,1.0],"evs":[0.0,0.3576]},"Q8o":{"weight":1.0,"played":[0.0,1.0],"evs":[0.0,0.37152]},"K8o":{"weight":1.0,"played":[0.0,1.0],"evs":[0.0,0.42555]},"A8o":{"weight":1.0,"played":[0.0,1.0],"evs":[0.0,0.40101]},"92s":{"weight":1.0,"played":[4.0E-4,0.9996],"evs":[0.0,0.40326]},"93s":{"weight":1.0,"played":[0.0,1.0],"evs":[0.0,0.44889]},"94s":{"weight":1.0,"played":[0.0,1.0],"evs":[0.0,0.48688]},"95s":{"weight":1.0,"played":[1.0E-4,0.9999],"evs":[0.0,0.7672]},"96s":{"weight":1.0,"played":[0.0,1.0],"evs":[0.0,0.88567]},"97s":{"weight":1.0,"played":[0.0,1.0],"evs":[0.0,1.06127]},"98s":{"weight":1.0,"played":[0.0,1.0],"evs":[0.0,1.18922]},"99":{"weight":1.0,"played":[0.0,1.0],"evs":[0.0,2.78597]},"T9o":{"weight":1.0,"played":[0.0,1.0],"evs":[0.0,0.80131]},"J9o":{"weight":1.0,"played":[0.0,1.0],"evs":[0.0,0.57589]},"Q9o":{"weight":1.0,"played":[0.0,1.0],"evs":[0.0,0.53879]},"K9o":{"weight":1.0,"played":[0.0,1.0],"evs":[0.0,0.68027]},"A9o":{"weight":1.0,"played":[0.0,1.0],"evs":[0.0,0.55681]},"T2s":{"weight":1.0,"played":[0.0011,0.9989],"evs":[0.0,0.40757]},"T3s":{"weight":1.0,"played":[0.0,1.0],"evs":[0.0,0.44822]},"T4s":{"weight":1.0,"played":[0.0,1.0],"evs":[0.0,0.61716]},"T5s":{"weight":1.0,"played":[1.0E-4,0.9999],"evs":[0.0,0.62321]},"T6s":{"weight":1.0,"played":[0.0,1.0],"evs":[0.0,0.71796]},"T7s":{"weight":1.0,"played":[0.0,1.0],"evs":[0.0,0.92353]},"T8s":{"weight":1.0,"played":[0.0,1.0],"evs":[0.0,1.01876]},"T9s":{"weight":1.0,"played":[0.0,1.0],"evs":[0.0,1.28481]},"TT":{"weight":1.0,"played":[0.0,1.0],"evs":[0.0,3.39129]},"JTo":{"weight":1.0,"played":[0.0,1.0],"evs":[0.0,0.80459]},"QTo":{"weight":1.0,"played":[0.0,1.0],"evs":[0.0,0.85556]},"KTo":{"weight":1.0,"played":[0.0,1.0],"evs":[0.0,1.03463]},"ATo":{"weight":1.0,"played":[0.0,1.0],"evs":[0.0,1.04761]},"J2s":{"weight":1.0,"played":[0.0,1.0],"evs":[0.0,0.3534]},"J3s":{"weight":1.0,"played":[0.0,1.0],"evs":[0.0,0.38232]},"J4s":{"weight":1.0,"played":[1.0E-4,0.9999],"evs":[0.0,0.52454]},"J5s":{"weight":1.0,"played":[0.0,1.0],"evs":[0.0,0.56905]},"J6s":{"weight":1.0,"played":[0.0,1.0],"evs":[0.0,0.58147]},"J7s":{"weight":1.0,"played":[0.0,1.0],"evs":[0.0,0.79784]},"J8s":{"weight":1.0,"played":[0.0,1.0],"evs":[0.0,0.95309]},"J9s":{"weight":1.0,"played":[0.0,1.0],"evs":[0.0,1.11494]},"JTs":{"weight":1.0,"played":[0.0,1.0],"evs":[0.0,1.40395]},"JJ":{"weight":1.0,"played":[0.0,1.0],"evs":[0.0,4.12756]},"QJo":{"weight":1.0,"played":[0.0,1.0],"evs":[0.0,0.88349]},"KJo":{"weight":1.0,"played":[0.0,1.0],"evs":[0.0,1.11744]},"AJo":{"weight":1.0,"played":[0.0,1.0],"evs":[0.0,1.50201]},"Q2s":{"weight":1.0,"played":[0.0,1.0],"evs":[0.0,0.48172]},"Q3s":{"weight":1.0,"played":[0.0,1.0],"evs":[0.0,0.60696]},"Q4s":{"weight":1.0,"played":[0.0,1.0],"evs":[0.0,0.67785]},"Q5s":{"weight":1.0,"played":[0.0,1.0],"evs":[0.0,0.70116]},"Q6s":{"weight":1.0,"played":[0.0,1.0],"evs":[0.0,0.78403]},"Q7s":{"weight":1.0,"played":[0.0,1.0],"evs":[0.0,0.70325]},"Q8s":{"weight":1.0,"played":[0.0,1.0],"evs":[0.0,0.88341]},"Q9s":{"weight":1.0,"played":[0.0,1.0],"evs":[0.0,1.14222]},"QTs":{"weight":1.0,"played":[0.0,1.0],"evs":[0.0,1.42667]},"QJs":{"weight":1.0,"played":[0.0,1.0],"evs":[0.0,1.45221]},"QQ":{"weight":1.0,"played":[0.0,1.0],"evs":[0.0,5.04445]},"KQo":{"weight":1.0,"played":[0.0,1.0],"evs":[0.0,1.34583]},"AQo":{"weight":1.0,"played":[0.0,1.0],"evs":[0.0,2.33552]},"K2s":{"weight":1.0,"played":[0.0,1.0],"evs":[0.0,0.71179]},"K3s":{"weight":1.0,"played":[0.0,1.0],"evs":[0.0,0.77133]},"K4s":{"weight":1.0,"played":[0.0,1.0],"evs":[0.0,0.74473]},"K5s":{"weight":1.0,"played":[0.0,1.0],"evs":[0.0,0.95449]},"K6s":{"weight":1.0,"played":[0.0,1.0],"evs":[0.0,0.9444]},"K7s":{"weight":1.0,"played":[0.0,1.0],"evs":[0.0,0.91242]},"K8s":{"weight":1.0,"played":[0.0,1.0],"evs":[0.0,1.02077]},"K9s":{"weight":1.0,"played":[0.0,1.0],"evs":[0.0,1.29541]},"KTs":{"weight":1.0,"played":[0.0,1.0],"evs":[0.0,1.44957]},"KJs":{"weight":1.0,"played":[0.0,1.0],"evs":[0.0,1.60249]},"KQs":{"weight":1.0,"played":[0.0,1.0],"evs":[0.0,1.91877]},"KK":{"weight":1.0,"played":[0.0,1.0],"evs":[0.0,6.35179]},"AKo":{"weight":1.0,"played":[0.0,1.0],"evs":[0.0,3.24512]},"A2s":{"weight":1.0,"played":[0.0,1.0],"evs":[0.0,0.7653]},"A3s":{"weight":1.0,"played":[0.0,1.0],"evs":[0.0,0.73737]},"A4s":{"weight":1.0,"played":[3.0E-4,0.9997],"evs":[0.0,0.7985]},"A5s":{"weight":1.0,"played":[0.0,1.0],"evs":[0.0,0.9091]},"A6s":{"weight":1.0,"played":[0.0,1.0],"evs":[0.0,0.77219]},"A7s":{"weight":1.0,"played":[1.0E-4,0.9999],"evs":[0.0,0.85518]},"A8s":{"weight":1.0,"played":[0.0,1.0],"evs":[0.0,1.00383]},"A9s":{"weight":1.0,"played":[0.0,1.0],"evs":[0.0,1.20473]},"ATs":{"weight":1.0,"played":[0.0,1.0],"evs":[0.0,1.68028]},"AJs":{"weight":1.0,"played":[0.0,1.0],"evs":[0.0,1.97749]},"AQs":{"weight":1.0,"played":[0.0,1.0],"evs":[0.0,2.81644]},"AKs":{"weight":1.0,"played":[0.0,1.0],"evs":[0.0,3.7337]},"AA":{"weight":1.0,"played":[0.0,1.0],"evs":[0.0,8.38952]}}}