{"player":4,"street":0,"children":3,"sequence":[{"player":0,"type":"R","amount":15550000,"street":0},{"player":1,"type":"F","amount":0,"street":0},{"player":2,"type":"C","amount":15550000,"street":0},{"player":3,"type":"F","amount":0,"street":0}],"actions":[{"type":"F","amount":0,"node":55},{"type":"C","amount":13950000,"node":56},{"type":"R","amount":26780000,"node":57}],"hands":{"22":{"weight":1.0,"played":[0.9999,0.0,1.0E-4],"evs":[0.0,-1.21281,-1.19598]},"32o":{"weight":1.0,"played":[1.0,0.0,0.0],"evs":[0.0,-2.20589,-3.11788]},"42o":{"weight":1.0,"played":[1.0,0.0,0.0],"evs":[0.0,-2.22276,-3.0646]},"52o":{"weight":1.0,"played":[1.0,0.0,0.0],"evs":[0.0,-2.07541,-2.94144]},"62o":{"weight":1.0,"played":[1.0,0.0,0.0],"evs":[0.0,-2.21838,-3.10576]},"72o":{"weight":1.0,"played":[1.0,0.0,0.0],"evs":[0.0,-2.55265,-3.30189]},"82o":{"weight":1.0,"played":[1.0,0.0,0.0],"evs":[0.0,-2.35535,-3.07469]},"92o":{"weight":1.0,"played":[1.0,0.0,0.0],"evs":[0.0,-2.86018,-3.50112]},"T2o":{"weight":1.0,"played":[1.0,0.0,0.0],"evs":[0.0,-2.18937,-2.93996]},"J2o":{"weight":1.0,"played":[1.0,0.0,0.0],"evs":[0.0,-2.21018,-2.95158]},"Q2o":{"weight":1.0,"played":[1.0,0.0,0.0],"evs":[0.0,-2.11437,-2.83656]},"K2o":{"weight":1.0,"played":[1.0,0.0,0.0],"evs":[0.0,-1.99677,-2.45827]},"A2o":{"weight":1.0,"played":[1.0,0.0,0.0],"evs":[0.0,-2.25361,-2.01364]},"32s":{"weight":1.0,"played":[1.0,0.0,0.0],"evs":[0.0,-1.58322,-2.30378]},"33":{"weight":1.0,"played":[1.0,0.0,0.0],"evs":[0.0,-1.02234,-0.97576]},"43o":{"weight":1.0,"played":[1.0,0.0,0.0],"evs":[0.0,-2.05736,-2.84993]},"53o":{"weight":1.0,"played":[1.0,0.0,0.0],"evs":[0.0,-1.89938,-2.64352]},"63o":{"weight":1.0,"played":[1.0,0.0,0.0],"evs":[0.0,-2.01379,-2.83478]},"73o":{"weight":1.0,"played":[1.0,0.0,0.0],"evs":[0.0,-2.30581,-2.93901]},"83o":{"weight":1.0,"played":[1.0,0.0,0.0],"evs":[0.0,-2.36149,-3.01668]},"93o":{"weight":1.0,"played":[1.0,0.0,0.0],"evs":[0.0,-2.8215,-3.41703]},"T3o":{"weight":1.0,"played":[1.0,0.0,0.0],"evs":[0.0,-2.1097,-2.81443]},"J3o":{"weight":1.0,"played":[1.0,0.0,0.0],"evs":[0.0,-2.1569,-2.97323]},"Q3o":{"weight":1.0,"played":[1.0,0.0,0.0],"evs":[0.0,-1.94998,-2.71087]},"K3o":{"weight":1.0,"played":[1.0,0.0,0.0],"evs":[0.0,-1.92119,-2.36455]},"A3o":{"weight":1.0,"played":[1.0,0.0,0.0],"evs":[0.0,-2.19891,-1.84556]},"42s":{"weight":1.0,"played":[1.0,0.0,0.0],"evs":[0.0,-1.60061,-2.37674]},"43s":{"weight":1.0,"played":[0.9997,3.0E-4,0.0],"evs":[0.0,-1.41283,-1.96639]},"44":{"weight":1.0,"played":[0.9994,2.0E-4,5.0E-4],"evs":[0.0,-0.90138,-0.80268]},"54o":{"weight":1.0,"played":[1.0,0.0,0.0],"evs":[0.0,-1.73925,-2.38394]},"64o":{"weight":1.0,"played":[1.0,0.0,0.0],"evs":[0.0,-1.71324,-2.36221]},"74o":{"weight":1.0,"played":[1.0,0.0,0.0],"evs":[0.0,-2.00262,-2.53442]},"84o":{"weight":1.0,"played":[1.0,0.0,0.0],"evs":[0.0,-2.13267,-2.56975]},"94o":{"weight":1.0,"played":[1.0,0.0,0.0],"evs":[0.0,-2.88898,-3.50292]},"T4o":{"weight":1.0,"played":[1.0,0.0,0.0],"evs":[0.0,-2.16098,-2.77655]},"J4o":{"weight":1.0,"played":[1.0,0.0,0.0],"evs":[0.0,-2.01372,-2.69965]},"Q4o":{"weight":1.0,"played":[1.0,0.0,0.0],"evs":[0.0,-2.1419,-2.81712]},"K4o":{"weight":1.0,"played":[1.0,0.0,0.0],"evs":[0.0,-1.91898,-2.31847]},"A4o":{"weight":1.0,"played":[1.0,0.0,0.0],"evs":[0.0,-2.05831,-1.64736]},"52s":{"weight":1.0,"played":[1.0,0.0,0.0],"evs":[0.0,-1.44219,-2.16887]},"53s":{"weight":1.0,"played":[1.0,0.0,0.0],"evs":[0.0,-1.11085,-1.76357]},"54s":{"weight":1.0,"played":[0.9999,1.0E-4,0.0],"evs":[0.0,-0.91685,-1.50431]},"55":{"weight":1.0,"played":[0.9991,1.0E-4,8.0E-4],"evs":[0.0,-0.71621,-0.61776]},"65o":{"weight":1.0,"played":[1.0,0.0,0.0],"evs":[0.0,-1.53041,-2.20404]},"75o":{"weight":1.0,"played":[1.0,0.0,0.0],"evs":[0.0,-1.79747,-2.25829]},"85o":{"weight":1.0,"played":[1.0,0.0,0.0],"evs":[0.0,-1.99499,-2.50035]},"95o":{"weight":1.0,"played":[1.0,0.0,0.0],"evs":[0.0,-2.61712,-3.1238]},"T5o":{"weight":1.0,"played":[1.0,0.0,0.0],"evs":[0.0,-2.00526,-2.67712]},"J5o":{"weight":1.0,"played":[1.0,0.0,0.0],"evs":[0.0,-2.04115,-2.74055]},"Q5o":{"weight":1.0,"played":[1.0,0.0,0.0],"evs":[0.0,-1.95567,-2.54407]},"K5o":{"weight":1.0,"played":[1.0,0.0,0.0],"evs":[0.0,-1.82549,-2.19699]},"A5o":{"weight":1.0,"played":[1.0,0.0,0.0],"evs":[0.0,-1.92756,-1.69113]},"62s":{"weight":1.0,"played":[1.0,0.0,0.0],"evs":[0.0,-1.68879,-2.37611]},"63s":{"weight":1.0,"played":[1.0,0.0,0.0],"evs":[0.0,-1.42915,-2.0351]},"64s":{"weight":1.0,"played":[1.0,0.0,0.0],"evs":[0.0,-1.09491,-1.67993]},"65s":{"weight":1.0,"played":[1.0,0.0,0.0],"evs":[0.0,-0.80775,-1.3627]},"66":{"weight":1.0,"played":[0.3705,0.0,0.6295],"evs":[0.0,-0.21765,-0.14598]},"76o":{"weight":1.0,"played":[1.0,0.0,0.0],"evs":[0.0,-1.54862,-1.98021]},"86o":{"weight":1.0,"played":[1.0,0.0,0.0],"evs":[0.0,-1.63135,-2.0648]},"96o":{"weight":1.0,"played":[1.0,0.0,0.0],"evs":[0.0,-2.41738,-2.82323]},"T6o":{"weight":1.0,"played":[1.0,0.0,0.0],"evs":[0.0,-1.94486,-2.55802]},"J6o":{"weight":1.0,"played":[1.0,0.0,0.0],"evs":[0.0,-2.00987,-2.70699]},"Q6o":{"weight":1.0,"played":[1.0,0.0,0.0],"evs":[0.0,-1.80318,-2.36949]},"K6o":{"weight":1.0,"played":[1.0,0.0,0.0],"evs":[0.0,-1.71623,-2.02812]},"A6o":{"weight":1.0,"played":[1.0,0.0,0.0],"evs":[0.0,-2.2132,-1.86799]},"72s":{"weight":1.0,"played":[1.0,0.0,0.0],"evs":[0.0,-1.89613,-2.45723]},"73s":{"weight":1.0,"played":[1.0,0.0,0.0],"evs":[0.0,-1.78758,-2.16523]},"74s":{"weight":1.0,"played":[1.0,0.0,0.0],"evs":[0.0,-1.39498,-1.71413]},"75s":{"weight":1.0,"played":[0.9999,1.0E-4,0.0],"evs":[0.0,-1.07199,-1.4608]},"76s":{"weight":1.0,"played":[0.9984,0.001,6.0E-4],"evs":[0.0,-0.73985,-0.95197]},"77":{"weight":1.0,"played":[0.0053,1.0E-4,0.9946],"evs":[0.0,-0.12437,0.58516]},"87o":{"weight":1.0,"played":[1.0,0.0,0.0],"evs":[0.0,-1.50496,-1.7063]},"97o":{"weight":1.0,"played":[1.0,0.0,0.0],"evs":[0.0,-2.1666,-2.36119]},"T7o":{"weight":1.0,"played":[1.0,0.0,0.0],"evs":[0.0,-1.71417,-2.06581]},"J7o":{"weight":1.0,"played":[1.0,0.0,0.0],"evs":[0.0,-1.79137,-2.356]},"Q7o":{"weight":1.0,"played":[1.0,0.0,0.0],"evs":[0.0,-1.9702,-2.36991]},"K7o":{"weight":1.0,"played":[1.0,0.0,0.0],"evs":[0.0,-1.77215,-2.01346]},"A7o":{"weight":1.0,"played":[1.0,0.0,0.0],"evs":[0.0,-2.19398,-1.59022]},"82s":{"weight":1.0,"played":[1.0,0.0,0.0],"evs":[0.0,-1.81139,-2.27945]},"83s":{"weight":1.0,"played":[1.0,0.0,0.0],"evs":[0.0,-1.71281,-2.11266]},"84s":{"weight":1.0,"played":[1.0,0.0,0.0],"evs":[0.0,-1.42015,-1.91966]},"85s":{"weight":1.0,"played":[1.0,0.0,0.0],"evs":[0.0,-1.29763,-1.74066]},"86s":{"weight":1.0,"played":[1.0,0.0,0.0],"evs":[0.0,-1.1268,-1.32234]},"87s":{"weight":1.0,"played":[1.0,0.0,0.0],"evs":[0.0,-0.87418,-1.02751]},"88":{"weight":1.0,"played":[0.0,0.0,1.0],"evs":[0.0,0.316,1.335]},"98o":{"weight":1.0,"played":[1.0,0.0,0.0],"evs":[0.0,-1.89378,-1.97064]},"T8o":{"weight":1.0,"played":[1.0,0.0,0.0],"evs":[0.0,-1.39205,-1.70127]},"J8o":{"weight":1.0,"played":[1.0,0.0,0.0],"evs":[0.0,-1.51935,-1.90253]},"Q8o":{"weight":1.0,"played":[1.0,0.0,0.0],"evs":[0.0,-1.67863,-2.02183]},"K8o":{"weight":1.0,"played":[1.0,0.0,0.0],"evs":[0.0,-1.5531,-1.72511]},"A8o":{"weight":1.0,"played":[1.0,0.0,0.0],"evs":[0.0,-1.8292,-1.12305]},"92s":{"weight":1.0,"played":[1.0,0.0,0.0],"evs":[0.0,-1.98496,-2.50266]},"93s":{"weight":1.0,"played":[1.0,0.0,0.0],"evs":[0.0,-2.11877,-2.44931]},"94s":{"weight":1.0,"played":[1.0,0.0,0.0],"evs":[0.0,-2.12553,-2.49201]},"95s":{"weight":1.0,"played":[0.9996,2.0E-4,2.0E-4],"evs":[0.0,-2.01842,-2.45449]},"96s":{"weight":1.0,"played":[1.0,0.0,0.0],"evs":[0.0,-1.82205,-2.12551]},"97s":{"weight":1.0,"played":[0.9999,1.0E-4,0.0],"evs":[0.0,-1.46977,-1.48237]},"98s":{"weight":1.0,"played":[0.9999,0.0,1.0E-4],"evs":[0.0,-1.29024,-1.32569]},"99":{"weight":1.0,"played":[0.0,1.0E-4,0.9999],"evs":[0.0,0.39772,0.71685]},"T9o":{"weight":1.0,"played":[1.0,0.0,0.0],"evs":[0.0,-1.71139,-1.82855]},"J9o":{"weight":1.0,"played":[1.0,0.0,0.0],"evs":[0.0,-1.88124,-1.99783]},"Q9o":{"weight":1.0,"played":[1.0,0.0,0.0],"evs":[0.0,-2.15252,-2.23888]},"K9o":{"weight":1.0,"played":[1.0,0.0,0.0],"evs":[0.0,-2.0053,-1.79738]},"A9o":{"weight":1.0,"played":[1.0,0.0,0.0],"evs":[0.0,-1.34063,-1.11354]},"T2s":{"weight":1.0,"played":[1.0,0.0,0.0],"evs":[0.0,-1.66734,-2.12588]},"T3s":{"weight":1.0,"played":[0.9999,0.0,0.0],"evs":[0.0,-1.64268,-2.29288]},"T4s":{"weight":1.0,"played":[1.0,0.0,0.0],"evs":[0.0,-1.41768,-1.90857]},"T5s":{"weight":1.0,"played":[1.0,0.0,0.0],"evs":[0.0,-1.45892,-2.1319]},"T6s":{"weight":1.0,"played":[0.9999,0.0,0.0],"evs":[0.0,-1.27275,-1.68856]},"T7s":{"weight":1.0,"played":[0.9995,5.0E-4,0.0],"evs":[0.0,-0.98078,-1.23214]},"T8s":{"weight":1.0,"played":[0.9999,1.0E-4,0.0],"evs":[0.0,-0.79313,-0.99403]},"T9s":{"weight":1.0,"played":[0.9999,1.0E-4,0.0],"evs":[0.0,-1.26023,-1.28398]},"TT":{"weight":1.0,"played":[0.0,0.0,1.0],"evs":[0.0,1.61173,2.07091]},"JTo":{"weight":1.0,"played":[1.0,0.0,0.0],"evs":[0.0,-1.01955,-1.3869]},"QTo":{"weight":1.0,"played":[1.0,0.0,0.0],"evs":[0.0,-0.9926,-1.33577]},"KTo":{"weight":1.0,"played":[1.0,0.0,0.0],"evs":[0.0,-1.0169,-0.97607]},"ATo":{"weight":1.0,"played":[0.9997,2.0E-4,0.0],"evs":[0.0,-0.32347,-0.16264]},"J2s":{"weight":1.0,"played":[1.0,0.0,0.0],"evs":[0.0,-1.64907,-2.30006]},"J3s":{"weight":1.0,"played":[0.9999,1.0E-4,0.0],"evs":[0.0,-1.55583,-2.07891]},"J4s":{"weight":1.0,"played":[1.0,0.0,0.0],"evs":[0.0,-1.407,-1.8067]},"J5s":{"weight":1.0,"played":[1.0,0.0,0.0],"evs":[0.0,-1.27802,-1.69176]},"J6s":{"weight":1.0,"played":[0.9999,0.0,0.0],"evs":[0.0,-1.44542,-2.05611]},"J7s":{"weight":1.0,"played":[1.0,0.0,0.0],"evs":[0.0,-1.25182,-1.53389]},"J8s":{"weight":1.0,"played":[0.9999,0.0,0.0],"evs":[0.0,-0.85748,-1.03582]},"J9s":{"weight":1.0,"played":[0.9978,0.0021,0.0],"evs":[0.0,-1.25707,-1.29004]},"JTs":{"weight":1.0,"played":[0.9634,0.0342,0.0024],"evs":[0.0,-0.51838,-0.84582]},"JJ":{"weight":1.0,"played":[0.0,0.0,0.9999],"evs":[0.0,1.92867,2.42346]},"QJo":{"weight":1.0,"played":[1.0,0.0,0.0],"evs":[0.0,-1.0227,-1.18771]},"KJo":{"weight":1.0,"played":[1.0,0.0,0.0],"evs":[0.0,-1.01125,-0.83351]},"AJo":{"weight":1.0,"played":[0.8468,0.009,0.1442],"evs":[0.0,-0.0804,-0.02159]},"Q2s":{"weight":1.0,"played":[1.0,0.0,0.0],"evs":[0.0,-1.63279,-2.14782]},"Q3s":{"weight":1.0,"played":[1.0,0.0,0.0],"evs":[0.0,-1.33725,-1.98343]},"Q4s":{"weight":1.0,"played":[1.0,0.0,0.0],"evs":[0.0,-1.42019,-1.95892]},"Q5s":{"weight":1.0,"played":[1.0,0.0,0.0],"evs":[0.0,-1.16002,-1.68753]},"Q6s":{"weight":1.0,"played":[0.9999,0.0,1.0E-4],"evs":[0.0,-1.3469,-1.76065]},"Q7s":{"weight":1.0,"played":[1.0,0.0,0.0],"evs":[0.0,-1.23706,-1.56313]},"Q8s":{"weight":1.0,"played":[1.0,0.0,0.0],"evs":[0.0,-1.13096,-1.39058]},"Q9s":{"weight":1.0,"played":[0.9979,0.0012,9.0E-4],"evs":[0.0,-1.57981,-1.53885]},"QTs":{"weight":1.0,"played":[0.9992,7.0E-4,1.0E-4],"evs":[0.0,-0.52225,-0.71806]},"QJs":{"weight":1.0,"played":[0.9967,0.0028,5.0E-4],"evs":[0.0,-0.34795,-0.45766]},"QQ":{"weight":1.0,"played":[0.0,0.0,1.0],"evs":[0.0,2.90944,3.5854]},"KQo":{"weight":1.0,"played":[1.0,0.0,0.0],"evs":[0.0,-0.87326,-0.41557]},"AQo":{"weight":1.0,"played":[0.0047,0.0016,0.9937],"evs":[0.0,0.53978,0.7067]},"K2s":{"weight":1.0,"played":[0.9999,0.0,0.0],"evs":[0.0,-1.2247,-1.47545]},"K3s":{"weight":1.0,"played":[1.0,0.0,0.0],"evs":[0.0,-1.26592,-1.4413]},"K4s":{"weight":1.0,"played":[1.0,0.0,0.0],"evs":[0.0,-1.17825,-1.50273]},"K5s":{"weight":1.0,"played":[1.0,0.0,0.0],"evs":[0.0,-1.1507,-1.34912]},"K6s":{"weight":1.0,"played":[1.0,0.0,0.0],"evs":[0.0,-1.08478,-1.3743]},"K7s":{"weight":1.0,"played":[0.9995,0.0,4.0E-4],"evs":[0.0,-1.17552,-1.25187]},"K8s":{"weight":1.0,"played":[0.9999,0.0,1.0E-4],"evs":[0.0,-0.87091,-0.82532]},"K9s":{"weight":1.0,"played":[1.0,0.0,0.0],"evs":[0.0,-1.32834,-0.9064]},"KTs":{"weight":1.0,"played":[0.9999,0.0,0.0],"evs":[0.0,-0.49592,-0.35822]},"KJs":{"weight":1.0,"played":[0.9254,0.0011,0.0735],"evs":[0.0,-0.24471,-0.10139]},"KQs":{"weight":1.0,"played":[0.0261,1.0E-4,0.9739],"evs":[0.0,-0.08388,0.30566]},"KK":{"weight":1.0,"played":[0.0,0.0,1.0],"evs":[0.0,4.52625,5.39501]},"AKo":{"weight":1.0,"played":[0.0,2.0E-4,0.9998],"evs":[0.0,1.1917,1.47054]},"A2s":{"weight":1.0,"played":[1.0,0.0,0.0],"evs":[0.0,-1.42818,-1.17144]},"A3s":{"weight":1.0,"played":[0.9998,2.0E-4,0.0],"evs":[0.0,-1.4593,-1.14856]},"A4s":{"weight":1.0,"played":[1.0,0.0,0.0],"evs":[0.0,-1.51182,-1.15033]},"A5s":{"weight":1.0,"played":[1.0,0.0,0.0],"evs":[0.0,-1.32362,-1.09525]},"A6s":{"weight":1.0,"played":[0.9998,1.0E-4,0.0],"evs":[0.0,-1.4023,-1.03192]},"A7s":{"weight":1.0,"played":[1.0,0.0,0.0],"evs":[0.0,-1.36756,-0.45891]},"A8s":{"weight":1.0,"played":[0.9999,0.0,0.0],"evs":[0.0,-0.96208,-0.32757]},"A9s":{"weight":1.0,"played":[0.9987,9.0E-4,4.0E-4],"evs":[0.0,-0.67024,-0.68981]},"ATs":{"weight":1.0,"played":[0.229,0.2296,0.5414],"evs":[0.0,0.28221,0.26191]},"AJs":{"weight":1.0,"played":[0.0317,0.0755,0.8928],"evs":[0.0,0.46361,0.47262]},"AQs":{"weight":1.0,"played":[0.0,5.0E-4,0.9994],"evs":[0.0,0.95342,1.27741]},"AKs":{"weight":1.0,"played":[0.0,3.0E-4,0.9997],"evs":[0.0,2.07609,2.23534]},"AA":{"weight":1.0,"played":[0.0,0.2236,0.7764],"evs":[0.0,8.8869,9.07602]}}}