{"player":4,"street":0,"children":2,"sequence":[{"player":0,"type":"R","amount":15550000,"street":0},{"player":1,"type":"F","amount":0,"street":0},{"player":2,"type":"C","amount":15550000,"street":0},{"player":3,"type":"C","amount":6170000,"street":0}],"actions":[{"type":"F","amount":0,"node":61},{"type":"R","amount":26780000,"node":62}],"hands":{"22":{"weight":1.0,"played":[0.7171,0.2829],"evs":[0.0,-0.94541]},"32o":{"weight":1.0,"played":[0.9994,6.0E-4],"evs":[0.0,-3.50167]},"42o":{"weight":1.0,"played":[0.9999,1.0E-4],"evs":[0.0,-3.3905]},"52o":{"weight":1.0,"played":[0.9999,1.0E-4],"evs":[0.0,-3.28599]},"62o":{"weight":1.0,"played":[1.0,0.0],"evs":[0.0,-3.41995]},"72o":{"weight":1.0,"played":[0.9999,1.0E-4],"evs":[0.0,-2.92372]},"82o":{"weight":1.0,"played":[0.9994,6.0E-4],"evs":[0.0,-4.01846]},"92o":{"weight":1.0,"played":[0.9993,7.0E-4],"evs":[0.0,-5.10842]},"T2o":{"weight":1.0,"played":[1.0,0.0],"evs":[0.0,-3.86244]},"J2o":{"weight":1.0,"played":[0.9984,0.0016],"evs":[0.0,-3.2557]},"Q2o":{"weight":1.0,"played":[0.9992,8.0E-4],"evs":[0.0,-3.9225]},"K2o":{"weight":1.0,"played":[0.9998,2.0E-4],"evs":[0.0,-4.18126]},"A2o":{"weight":1.0,"played":[1.0,0.0],"evs":[0.0,-3.817]},"32s":{"weight":1.0,"played":[0.9998,2.0E-4],"evs":[0.0,-2.44175]},"33":{"weight":1.0,"played":[0.9945,0.0055],"evs":[0.0,-0.80638]},"43o":{"weight":1.0,"played":[1.0,0.0],"evs":[0.0,-3.03052]},"53o":{"weight":1.0,"played":[1.0,0.0],"evs":[0.0,-2.67678]},"63o":{"weight":1.0,"played":[0.9999,1.0E-4],"evs":[0.0,-3.13072]},"73o":{"weight":1.0,"played":[0.9999,1.0E-4],"evs":[0.0,-3.8327]},"83o":{"weight":1.0,"played":[1.0,0.0],"evs":[0.0,-4.22794]},"93o":{"weight":1.0,"played":[0.9999,1.0E-4],"evs":[0.0,-4.73296]},"T3o":{"weight":1.0,"played":[1.0,0.0],"evs":[0.0,-2.56148]},"J3o":{"weight":1.0,"played":[0.9995,5.0E-4],"evs":[0.0,-3.92219]},"Q3o":{"weight":1.0,"played":[0.9956,0.0044],"evs":[0.0,-4.06096]},"K3o":{"weight":1.0,"played":[0.9999,1.0E-4],"evs":[0.0,-2.95851]},"A3o":{"weight":1.0,"played":[0.9982,0.0018],"evs":[0.0,-3.62126]},"42s":{"weight":1.0,"played":[0.9985,0.0015],"evs":[0.0,-3.34794]},"43s":{"weight":1.0,"played":[0.9574,0.0426],"evs":[0.0,-2.5119]},"44":{"weight":1.0,"played":[0.6976,0.3024],"evs":[0.0,-1.872]},"54o":{"weight":1.0,"played":[0.9971,0.0029],"evs":[0.0,-2.13537]},"64o":{"weight":1.0,"played":[0.9987,0.0013],"evs":[0.0,-2.92756]},"74o":{"weight":1.0,"played":[0.9995,5.0E-4],"evs":[0.0,-3.46472]},"84o":{"weight":1.0,"played":[0.9998,2.0E-4],"evs":[0.0,-3.33249]},"94o":{"weight":1.0,"played":[1.0,0.0],"evs":[0.0,-4.29262]},"T4o":{"weight":1.0,"played":[0.9999,1.0E-4],"evs":[0.0,-3.28338]},"J4o":{"weight":1.0,"played":[1.0,0.0],"evs":[0.0,-4.12382]},"Q4o":{"weight":1.0,"played":[0.9985,0.0015],"evs":[0.0,-3.18641]},"K4o":{"weight":1.0,"played":[0.9977,0.0023],"evs":[0.0,-3.16695]},"A4o":{"weight":1.0,"played":[1.0,0.0],"evs":[0.0,-4.02763]},"52s":{"weight":1.0,"played":[0.8642,0.1358],"evs":[0.0,-0.62487]},"53s":{"weight":1.0,"played":[0.9219,0.0781],"evs":[0.0,-2.835]},"54s":{"weight":1.0,"played":[0.9928,0.0072],"evs":[0.0,-1.52336]},"55":{"weight":1.0,"played":[0.9082,0.0918],"evs":[0.0,-0.48115]},"65o":{"weight":1.0,"played":[0.9993,7.0E-4],"evs":[0.0,-2.67913]},"75o":{"weight":1.0,"played":[0.9995,5.0E-4],"evs":[0.0,-1.98986]},"85o":{"weight":1.0,"played":[1.0,0.0],"evs":[0.0,-3.70931]},"95o":{"weight":1.0,"played":[0.9987,0.0013],"evs":[0.0,-3.77875]},"T5o":{"weight":1.0,"played":[0.9998,2.0E-4],"evs":[0.0,-3.50742]},"J5o":{"weight":1.0,"played":[0.9957,0.0043],"evs":[0.0,-3.40811]},"Q5o":{"weight":1.0,"played":[0.9999,1.0E-4],"evs":[0.0,-3.82713]},"K5o":{"weight":1.0,"played":[0.9994,6.0E-4],"evs":[0.0,-2.77932]},"A5o":{"weight":1.0,"played":[0.9883,0.0117],"evs":[0.0,-3.20433]},"62s":{"weight":1.0,"played":[0.9939,0.0061],"evs":[0.0,-2.30707]},"63s":{"weight":1.0,"played":[0.9771,0.0229],"evs":[0.0,-2.01513]},"64s":{"weight":1.0,"played":[0.9749,0.0251],"evs":[0.0,-0.58843]},"65s":{"weight":1.0,"played":[0.9874,0.0126],"evs":[0.0,-0.69912]},"66":{"weight":1.0,"played":[0.2468,0.7532],"evs":[0.0,0.27686]},"76o":{"weight":1.0,"played":[0.9935,0.0065],"evs":[0.0,-2.79067]},"86o":{"weight":1.0,"played":[0.9978,0.0022],"evs":[0.0,-2.59717]},"96o":{"weight":1.0,"played":[1.0,0.0],"evs":[0.0,-3.97099]},"T6o":{"weight":1.0,"played":[1.0,0.0],"evs":[0.0,-3.43016]},"J6o":{"weight":1.0,"played":[0.995,0.005],"evs":[0.0,-4.28294]},"Q6o":{"weight":1.0,"played":[0.9944,0.0056],"evs":[0.0,-2.75571]},"K6o":{"weight":1.0,"played":[1.0,0.0],"evs":[0.0,-3.63727]},"A6o":{"weight":1.0,"played":[1.0,0.0],"evs":[0.0,-4.46457]},"72s":{"weight":1.0,"played":[0.9938,0.0062],"evs":[0.0,-1.69875]},"73s":{"weight":1.0,"played":[0.9998,2.0E-4],"evs":[0.0,-2.97418]},"74s":{"weight":1.0,"played":[0.9976,0.0024],"evs":[0.0,-2.90718]},"75s":{"weight":1.0,"played":[0.8805,0.1195],"evs":[0.0,-1.49644]},"76s":{"weight":1.0,"played":[0.9613,0.0387],"evs":[0.0,-1.3665]},"77":{"weight":1.0,"played":[0.0055,0.9945],"evs":[0.0,1.3884]},"87o":{"weight":1.0,"played":[0.9527,0.0473],"evs":[0.0,-1.60352]},"97o":{"weight":1.0,"played":[0.9963,0.0037],"evs":[0.0,-3.81291]},"T7o":{"weight":1.0,"played":[1.0,0.0],"evs":[0.0,-2.38757]},"J7o":{"weight":1.0,"played":[0.9998,2.0E-4],"evs":[0.0,-2.62887]},"Q7o":{"weight":1.0,"played":[0.9998,2.0E-4],"evs":[0.0,-3.64674]},"K7o":{"weight":1.0,"played":[0.9999,1.0E-4],"evs":[0.0,-2.83153]},"A7o":{"weight":1.0,"played":[0.9994,6.0E-4],"evs":[0.0,-4.02796]},"82s":{"weight":1.0,"played":[0.742,0.258],"evs":[0.0,-1.21459]},"83s":{"weight":1.0,"played":[0.9791,0.0209],"evs":[0.0,-3.67451]},"84s":{"weight":1.0,"played":[0.8316,0.1684],"evs":[0.0,-1.2272]},"85s":{"weight":1.0,"played":[0.9984,0.0016],"evs":[0.0,-1.14945]},"86s":{"weight":1.0,"played":[0.5466,0.4534],"evs":[0.0,-0.71795]},"87s":{"weight":1.0,"played":[0.9786,0.0214],"evs":[0.0,-2.05341]},"88":{"weight":1.0,"played":[0.3254,0.6746],"evs":[0.0,1.2471]},"98o":{"weight":1.0,"played":[0.9982,0.0018],"evs":[0.0,-3.25097]},"T8o":{"weight":1.0,"played":[0.9913,0.0087],"evs":[0.0,-2.27375]},"J8o":{"weight":1.0,"played":[0.9991,9.0E-4],"evs":[0.0,-3.15013]},"Q8o":{"weight":1.0,"played":[0.999,0.001],"evs":[0.0,-2.74252]},"K8o":{"weight":1.0,"played":[0.9997,3.0E-4],"evs":[0.0,-2.48811]},"A8o":{"weight":1.0,"played":[0.998,0.002],"evs":[0.0,-2.08454]},"92s":{"weight":1.0,"played":[0.9996,4.0E-4],"evs":[0.0,-3.59831]},"93s":{"weight":1.0,"played":[0.9997,3.0E-4],"evs":[0.0,-3.98633]},"94s":{"weight":1.0,"played":[0.987,0.013],"evs":[0.0,-2.25378]},"95s":{"weight":1.0,"played":[0.9963,0.0037],"evs":[0.0,-3.14225]},"96s":{"weight":1.0,"played":[0.9605,0.0395],"evs":[0.0,-1.84666]},"97s":{"weight":1.0,"played":[0.9386,0.0614],"evs":[0.0,-2.79662]},"98s":{"weight":1.0,"played":[0.9234,0.0766],"evs":[0.0,-2.62944]},"99":{"weight":1.0,"played":[0.0856,0.9144],"evs":[0.0,2.08117]},"T9o":{"weight":1.0,"played":[0.9973,0.0027],"evs":[0.0,-3.07161]},"J9o":{"weight":1.0,"played":[0.9981,0.0019],"evs":[0.0,-2.86834]},"Q9o":{"weight":1.0,"played":[0.9999,1.0E-4],"evs":[0.0,-4.25691]},"K9o":{"weight":1.0,"played":[0.9991,9.0E-4],"evs":[0.0,-4.11354]},"A9o":{"weight":1.0,"played":[0.9999,1.0E-4],"evs":[0.0,-2.9803]},"T2s":{"weight":1.0,"played":[0.9137,0.0863],"evs":[0.0,-2.4735]},"T3s":{"weight":1.0,"played":[0.9432,0.0568],"evs":[0.0,-1.58328]},"T4s":{"weight":1.0,"played":[0.9975,0.0025],"evs":[0.0,-3.35035]},"T5s":{"weight":1.0,"played":[0.9963,0.0037],"evs":[0.0,-2.08494]},"T6s":{"weight":1.0,"played":[0.9862,0.0138],"evs":[0.0,-2.84225]},"T7s":{"weight":1.0,"played":[0.7997,0.2003],"evs":[0.0,-2.27853]},"T8s":{"weight":1.0,"played":[0.9992,8.0E-4],"evs":[0.0,-1.1074]},"T9s":{"weight":1.0,"played":[0.9908,0.0092],"evs":[0.0,-2.88661]},"TT":{"weight":1.0,"played":[0.0,1.0],"evs":[0.0,3.58259]},"JTo":{"weight":1.0,"played":[0.9969,0.0031],"evs":[0.0,-2.23016]},"QTo":{"weight":1.0,"played":[0.9998,2.0E-4],"evs":[0.0,-2.19021]},"KTo":{"weight":1.0,"played":[0.9995,5.0E-4],"evs":[0.0,-2.46902]},"ATo":{"weight":1.0,"played":[0.9978,0.0022],"evs":[0.0,-1.06262]},"J2s":{"weight":1.0,"played":[0.9691,0.0309],"evs":[0.0,-2.39753]},"J3s":{"weight":1.0,"played":[0.9422,0.0578],"evs":[0.0,-2.16176]},"J4s":{"weight":1.0,"played":[0.9989,0.0011],"evs":[0.0,-4.71479]},"J5s":{"weight":1.0,"played":[1.0,0.0],"evs":[0.0,-1.70337]},"J6s":{"weight":1.0,"played":[0.9917,0.0083],"evs":[0.0,-3.57626]},"J7s":{"weight":1.0,"played":[0.9738,0.0262],"evs":[0.0,-1.54006]},"J8s":{"weight":1.0,"played":[0.9921,0.0079],"evs":[0.0,-2.09799]},"J9s":{"weight":1.0,"played":[0.9528,0.0472],"evs":[0.0,-1.24941]},"JTs":{"weight":1.0,"played":[0.7579,0.2421],"evs":[0.0,-0.90159]},"JJ":{"weight":1.0,"played":[0.0,1.0],"evs":[0.0,2.68438]},"QJo":{"weight":1.0,"played":[0.9922,0.0078],"evs":[0.0,-3.29971]},"KJo":{"weight":1.0,"played":[0.9934,0.0066],"evs":[0.0,-1.96218]},"AJo":{"weight":1.0,"played":[0.2552,0.7448],"evs":[0.0,1.34143]},"Q2s":{"weight":1.0,"played":[0.9968,0.0032],"evs":[0.0,-3.20044]},"Q3s":{"weight":1.0,"played":[0.9981,0.0019],"evs":[0.0,-2.56935]},"Q4s":{"weight":1.0,"played":[0.9973,0.0027],"evs":[0.0,-2.6948]},"Q5s":{"weight":1.0,"played":[0.9979,0.0021],"evs":[0.0,-2.34981]},"Q6s":{"weight":1.0,"played":[0.9903,0.0097],"evs":[0.0,-2.76797]},"Q7s":{"weight":1.0,"played":[0.999,0.001],"evs":[0.0,-1.36845]},"Q8s":{"weight":1.0,"played":[0.8278,0.1722],"evs":[0.0,-0.96013]},"Q9s":{"weight":1.0,"played":[0.99,0.01],"evs":[0.0,-3.60172]},"QTs":{"weight":1.0,"played":[0.8029,0.1971],"evs":[0.0,-1.38936]},"QJs":{"weight":1.0,"played":[0.9997,3.0E-4],"evs":[0.0,-1.1259]},"QQ":{"weight":1.0,"played":[1.0E-4,0.9999],"evs":[0.0,3.18699]},"KQo":{"weight":1.0,"played":[0.9974,0.0026],"evs":[0.0,-1.46372]},"AQo":{"weight":1.0,"played":[0.1141,0.8859],"evs":[0.0,1.28576]},"K2s":{"weight":1.0,"played":[0.8665,0.1335],"evs":[0.0,-1.85905]},"K3s":{"weight":1.0,"played":[0.9892,0.0108],"evs":[0.0,-3.22153]},"K4s":{"weight":1.0,"played":[0.9994,6.0E-4],"evs":[0.0,-3.4256]},"K5s":{"weight":1.0,"played":[0.9998,2.0E-4],"evs":[0.0,-4.83137]},"K6s":{"weight":1.0,"played":[0.96,0.04],"evs":[0.0,-2.52439]},"K7s":{"weight":1.0,"played":[0.9545,0.0455],"evs":[0.0,-1.2808]},"K8s":{"weight":1.0,"played":[0.9968,0.0032],"evs":[0.0,-1.87616]},"K9s":{"weight":1.0,"played":[0.9327,0.0673],"evs":[0.0,-2.01578]},"KTs":{"weight":1.0,"played":[0.4897,0.5103],"evs":[0.0,0.43955]},"KJs":{"weight":1.0,"played":[0.8271,0.1729],"evs":[0.0,-2.4702]},"KQs":{"weight":1.0,"played":[0.8219,0.1781],"evs":[0.0,-0.3085]},"KK":{"weight":1.0,"played":[5.0E-4,0.9995],"evs":[0.0,5.12985]},"AKo":{"weight":1.0,"played":[0.0232,0.9768],"evs":[0.0,2.5852]},"A2s":{"weight":1.0,"played":[0.9922,0.0078],"evs":[0.0,-3.02371]},"A3s":{"weight":1.0,"played":[0.9838,0.0162],"evs":[0.0,-2.33497]},"A4s":{"weight":1.0,"played":[0.9968,0.0032],"evs":[0.0,-1.2479]},"A5s":{"weight":1.0,"played":[0.9539,0.0461],"evs":[0.0,-3.13533]},"A6s":{"weight":1.0,"played":[0.9234,0.0766],"evs":[0.0,-3.34236]},"A7s":{"weight":1.0,"played":[0.9965,0.0035],"evs":[0.0,-3.2145]},"A8s":{"weight":1.0,"played":[0.9742,0.0258],"evs":[0.0,-1.3778]},"A9s":{"weight":1.0,"played":[0.8919,0.1081],"evs":[0.0,-1.4135]},"ATs":{"weight":1.0,"played":[0.4236,0.5764],"evs":[0.0,-0.08711]},"AJs":{"weight":1.0,"played":[0.2969,0.7031],"evs":[0.0,-0.28985]},"AQs":{"weight":1.0,"played":[0.0095,0.9905],"evs":[0.0,2.02669]},"AKs":{"weight":1.0,"played":[0.1478,0.8522],"evs":[0.0,1.25153]},"AA":{"weight":1.0,"played":[2.0E-4,0.9998],"evs":[0.0,11.28159]}}}