{"player":5,"street":0,"children":2,"sequence":[{"player":0,"type":"R","amount":15550000,"street":0},{"player":1,"type":"F","amount":0,"street":0},{"player":2,"type":"R","amount":26780000,"street":0},{"player":3,"type":"F","amount":0,"street":0},{"player":4,"type":"C","amount":25180000,"street":0}],"actions":[{"type":"F","amount":0},{"type":"C","amount":5070000}],"hands":{"22":{"weight":1.0,"played":[0.9999,1.0E-4],"evs":[0.0,-3.21445]},"32o":{"weight":1.0,"played":[1.0,0.0],"evs":[0.0,-4.00448]},"42o":{"weight":1.0,"played":[1.0,0.0],"evs":[0.0,-3.93878]},"52o":{"weight":1.0,"played":[1.0,0.0],"evs":[0.0,-3.82363]},"62o":{"weight":1.0,"played":[1.0,0.0],"evs":[0.0,-4.01323]},"72o":{"weight":1.0,"played":[1.0,0.0],"evs":[0.0,-4.30756]},"82o":{"weight":1.0,"played":[1.0,0.0],"evs":[0.0,-4.13497]},"92o":{"weight":1.0,"played":[1.0,0.0],"evs":[0.0,-4.16056]},"T2o":{"weight":1.0,"played":[1.0,0.0],"evs":[0.0,-3.93477]},"J2o":{"weight":1.0,"played":[1.0,0.0],"evs":[0.0,-4.08414]},"Q2o":{"weight":1.0,"played":[1.0,0.0],"evs":[0.0,-4.06458]},"K2o":{"weight":1.0,"played":[1.0,0.0],"evs":[0.0,-3.77904]},"A2o":{"weight":1.0,"played":[1.0,0.0],"evs":[0.0,-4.28031]},"32s":{"weight":1.0,"played":[1.0,0.0],"evs":[0.0,-3.42132]},"33":{"weight":1.0,"played":[1.0,0.0],"evs":[0.0,-2.98169]},"43o":{"weight":1.0,"played":[1.0,0.0],"evs":[0.0,-3.68298]},"53o":{"weight":1.0,"played":[1.0,0.0],"evs":[0.0,-3.6291]},"63o":{"weight":1.0,"played":[1.0,0.0],"evs":[0.0,-3.5699]},"73o":{"weight":1.0,"played":[1.0,0.0],"evs":[0.0,-4.0845]},"83o":{"weight":1.0,"played":[1.0,0.0],"evs":[0.0,-4.122]},"93o":{"weight":1.0,"played":[1.0,0.0],"evs":[0.0,-4.07895]},"T3o":{"weight":1.0,"played":[1.0,0.0],"evs":[0.0,-3.93171]},"J3o":{"weight":1.0,"played":[1.0,0.0],"evs":[0.0,-4.06419]},"Q3o":{"weight":1.0,"played":[1.0,0.0],"evs":[0.0,-3.89453]},"K3o":{"weight":1.0,"played":[1.0,0.0],"evs":[0.0,-3.7305]},"A3o":{"weight":1.0,"played":[1.0,0.0],"evs":[0.0,-4.01639]},"42s":{"weight":1.0,"played":[1.0,0.0],"evs":[0.0,-3.20353]},"43s":{"weight":1.0,"played":[1.0,0.0],"evs":[0.0,-2.92915]},"44":{"weight":1.0,"played":[1.0,0.0],"evs":[0.0,-3.18213]},"54o":{"weight":1.0,"played":[1.0,0.0],"evs":[0.0,-3.17827]},"64o":{"weight":1.0,"played":[1.0,0.0],"evs":[0.0,-3.46864]},"74o":{"weight":1.0,"played":[1.0,0.0],"evs":[0.0,-3.707]},"84o":{"weight":1.0,"played":[1.0,0.0],"evs":[0.0,-3.89863]},"94o":{"weight":1.0,"played":[1.0,0.0],"evs":[0.0,-3.98176]},"T4o":{"weight":1.0,"played":[1.0,0.0],"evs":[0.0,-4.0395]},"J4o":{"weight":1.0,"played":[1.0,0.0],"evs":[0.0,-3.84385]},"Q4o":{"weight":1.0,"played":[1.0,0.0],"evs":[0.0,-3.84505]},"K4o":{"weight":1.0,"played":[1.0,0.0],"evs":[0.0,-3.59682]},"A4o":{"weight":1.0,"played":[1.0,0.0],"evs":[0.0,-4.03554]},"52s":{"weight":1.0,"played":[1.0,0.0],"evs":[0.0,-3.24675]},"53s":{"weight":1.0,"played":[1.0,0.0],"evs":[0.0,-2.69769]},"54s":{"weight":1.0,"played":[1.0,0.0],"evs":[0.0,-2.77444]},"55":{"weight":1.0,"played":[1.0,0.0],"evs":[0.0,-2.70812]},"65o":{"weight":1.0,"played":[1.0,0.0],"evs":[0.0,-3.32711]},"75o":{"weight":1.0,"played":[1.0,0.0],"evs":[0.0,-3.45595]},"85o":{"weight":1.0,"played":[1.0,0.0],"evs":[0.0,-3.74906]},"95o":{"weight":1.0,"played":[1.0,0.0],"evs":[0.0,-3.78574]},"T5o":{"weight":1.0,"played":[1.0,0.0],"evs":[0.0,-3.96053]},"J5o":{"weight":1.0,"played":[1.0,0.0],"evs":[0.0,-3.8405]},"Q5o":{"weight":1.0,"played":[1.0,0.0],"evs":[0.0,-3.88127]},"K5o":{"weight":1.0,"played":[1.0,0.0],"evs":[0.0,-3.68498]},"A5o":{"weight":1.0,"played":[1.0,0.0],"evs":[0.0,-4.01201]},"62s":{"weight":1.0,"played":[1.0,0.0],"evs":[0.0,-3.53959]},"63s":{"weight":1.0,"played":[1.0,0.0],"evs":[0.0,-3.10254]},"64s":{"weight":1.0,"played":[1.0,0.0],"evs":[0.0,-2.74185]},"65s":{"weight":1.0,"played":[1.0,0.0],"evs":[0.0,-2.92057]},"66":{"weight":1.0,"played":[1.0,0.0],"evs":[0.0,-2.83789]},"76o":{"weight":1.0,"played":[1.0,0.0],"evs":[0.0,-3.36729]},"86o":{"weight":1.0,"played":[1.0,0.0],"evs":[0.0,-3.47225]},"96o":{"weight":1.0,"played":[1.0,0.0],"evs":[0.0,-3.69194]},"T6o":{"weight":1.0,"played":[1.0,0.0],"evs":[0.0,-3.95279]},"J6o":{"weight":1.0,"played":[1.0,0.0],"evs":[0.0,-3.89659]},"Q6o":{"weight":1.0,"played":[1.0,0.0],"evs":[0.0,-3.93675]},"K6o":{"weight":1.0,"played":[1.0,0.0],"evs":[0.0,-3.5534]},"A6o":{"weight":1.0,"played":[1.0,0.0],"evs":[0.0,-4.19309]},"72s":{"weight":1.0,"played":[1.0,0.0],"evs":[0.0,-3.59363]},"73s":{"weight":1.0,"played":[1.0,0.0],"evs":[0.0,-3.22792]},"74s":{"weight":1.0,"played":[1.0,0.0],"evs":[0.0,-3.21884]},"75s":{"weight":1.0,"played":[1.0,0.0],"evs":[0.0,-2.77995]},"76s":{"weight":1.0,"played":[1.0,0.0],"evs":[0.0,-2.35569]},"77":{"weight":1.0,"played":[0.9999,1.0E-4],"evs":[0.0,-2.68598]},"87o":{"weight":1.0,"played":[1.0,0.0],"evs":[0.0,-3.3908]},"97o":{"weight":1.0,"played":[1.0,0.0],"evs":[0.0,-3.31802]},"T7o":{"weight":1.0,"played":[1.0,0.0],"evs":[0.0,-3.48354]},"J7o":{"weight":1.0,"played":[1.0,0.0],"evs":[0.0,-3.61227]},"Q7o":{"weight":1.0,"played":[1.0,0.0],"evs":[0.0,-3.96244]},"K7o":{"weight":1.0,"played":[1.0,0.0],"evs":[0.0,-3.56813]},"A7o":{"weight":1.0,"played":[1.0,0.0],"evs":[0.0,-4.19122]},"82s":{"weight":1.0,"played":[1.0,0.0],"evs":[0.0,-3.31776]},"83s":{"weight":1.0,"played":[1.0,0.0],"evs":[0.0,-3.41608]},"84s":{"weight":1.0,"played":[1.0,0.0],"evs":[0.0,-3.46176]},"85s":{"weight":1.0,"played":[1.0,0.0],"evs":[0.0,-3.04482]},"86s":{"weight":1.0,"played":[0.9998,2.0E-4],"evs":[0.0,-2.7556]},"87s":{"weight":1.0,"played":[1.0,0.0],"evs":[0.0,-2.75478]},"88":{"weight":1.0,"played":[1.0,0.0],"evs":[0.0,-1.95322]},"98o":{"weight":1.0,"played":[1.0,0.0],"evs":[0.0,-3.26077]},"T8o":{"weight":1.0,"played":[1.0,0.0],"evs":[0.0,-3.34586]},"J8o":{"weight":1.0,"played":[1.0,0.0],"evs":[0.0,-3.61918]},"Q8o":{"weight":1.0,"played":[1.0,0.0],"evs":[0.0,-3.66878]},"K8o":{"weight":1.0,"played":[1.0,0.0],"evs":[0.0,-3.67797]},"A8o":{"weight":1.0,"played":[1.0,0.0],"evs":[0.0,-4.10725]},"92s":{"weight":1.0,"played":[0.9999,1.0E-4],"evs":[0.0,-3.61259]},"93s":{"weight":1.0,"played":[1.0,0.0],"evs":[0.0,-3.52297]},"94s":{"weight":1.0,"played":[1.0,0.0],"evs":[0.0,-3.34352]},"95s":{"weight":1.0,"played":[1.0,0.0],"evs":[0.0,-3.30335]},"96s":{"weight":1.0,"played":[1.0,0.0],"evs":[0.0,-3.08507]},"97s":{"weight":1.0,"played":[1.0,0.0],"evs":[0.0,-3.09446]},"98s":{"weight":1.0,"played":[1.0,0.0],"evs":[0.0,-2.72979]},"99":{"weight":1.0,"played":[1.0,0.0],"evs":[0.0,-2.19654]},"T9o":{"weight":1.0,"played":[1.0,0.0],"evs":[0.0,-3.20175]},"J9o":{"weight":1.0,"played":[1.0,0.0],"evs":[0.0,-3.34917]},"Q9o":{"weight":1.0,"played":[1.0,0.0],"evs":[0.0,-3.52614]},"K9o":{"weight":1.0,"played":[1.0,0.0],"evs":[0.0,-3.28972]},"A9o":{"weight":1.0,"played":[1.0,0.0],"evs":[0.0,-3.97518]},"T2s":{"weight":1.0,"played":[1.0,0.0],"evs":[0.0,-3.3081]},"T3s":{"weight":1.0,"played":[1.0,0.0],"evs":[0.0,-3.49791]},"T4s":{"weight":1.0,"played":[1.0,0.0],"evs":[0.0,-3.21139]},"T5s":{"weight":1.0,"played":[1.0,0.0],"evs":[0.0,-3.1199]},"T6s":{"weight":1.0,"played":[1.0,0.0],"evs":[0.0,-3.32675]},"T7s":{"weight":1.0,"played":[0.9998,2.0E-4],"evs":[0.0,-2.75038]},"T8s":{"weight":1.0,"played":[1.0,0.0],"evs":[0.0,-2.64093]},"T9s":{"weight":1.0,"played":[1.0,0.0],"evs":[0.0,-2.66958]},"TT":{"weight":1.0,"played":[0.9998,2.0E-4],"evs":[0.0,-0.95503]},"JTo":{"weight":1.0,"played":[1.0,0.0],"evs":[0.0,-2.9059]},"QTo":{"weight":1.0,"played":[1.0,0.0],"evs":[0.0,-3.17141]},"KTo":{"weight":1.0,"played":[1.0,0.0],"evs":[0.0,-3.09613]},"ATo":{"weight":1.0,"played":[1.0,0.0],"evs":[0.0,-3.49031]},"J2s":{"weight":1.0,"played":[1.0,0.0],"evs":[0.0,-3.18645]},"J3s":{"weight":1.0,"played":[0.9999,1.0E-4],"evs":[0.0,-3.34124]},"J4s":{"weight":1.0,"played":[1.0,0.0],"evs":[0.0,-3.39883]},"J5s":{"weight":1.0,"played":[1.0,0.0],"evs":[0.0,-3.46583]},"J6s":{"weight":1.0,"played":[1.0,0.0],"evs":[0.0,-3.34626]},"J7s":{"weight":1.0,"played":[1.0,0.0],"evs":[0.0,-3.05956]},"J8s":{"weight":1.0,"played":[1.0,0.0],"evs":[0.0,-2.80172]},"J9s":{"weight":1.0,"played":[1.0,0.0],"evs":[0.0,-2.61591]},"JTs":{"weight":1.0,"played":[1.0,0.0],"evs":[0.0,-2.08102]},"JJ":{"weight":1.0,"played":[0.9807,0.0193],"evs":[0.0,-0.26188]},"QJo":{"weight":1.0,"played":[1.0,0.0],"evs":[0.0,-3.0646]},"KJo":{"weight":1.0,"played":[1.0,0.0],"evs":[0.0,-2.8856]},"AJo":{"weight":1.0,"played":[1.0,0.0],"evs":[0.0,-3.21112]},"Q2s":{"weight":1.0,"played":[1.0,0.0],"evs":[0.0,-3.43308]},"Q3s":{"weight":1.0,"played":[1.0,0.0],"evs":[0.0,-3.28268]},"Q4s":{"weight":1.0,"played":[1.0,0.0],"evs":[0.0,-2.93519]},"Q5s":{"weight":1.0,"played":[1.0,0.0],"evs":[0.0,-3.18477]},"Q6s":{"weight":1.0,"played":[1.0,0.0],"evs":[0.0,-3.12363]},"Q7s":{"weight":1.0,"played":[1.0,0.0],"evs":[0.0,-3.096]},"Q8s":{"weight":1.0,"played":[1.0,0.0],"evs":[0.0,-2.98709]},"Q9s":{"weight":1.0,"played":[1.0,0.0],"evs":[0.0,-2.61442]},"QTs":{"weight":1.0,"played":[1.0,0.0],"evs":[0.0,-2.48823]},"QJs":{"weight":1.0,"played":[1.0,0.0],"evs":[0.0,-2.30613]},"QQ":{"weight":1.0,"played":[5.0E-4,0.9995],"evs":[0.0,0.95268]},"KQo":{"weight":1.0,"played":[1.0,0.0],"evs":[0.0,-2.47357]},"AQo":{"weight":1.0,"played":[1.0,0.0],"evs":[0.0,-2.65273]},"K2s":{"weight":1.0,"played":[1.0,0.0],"evs":[0.0,-3.0888]},"K3s":{"weight":1.0,"played":[1.0,0.0],"evs":[0.0,-3.21037]},"K4s":{"weight":1.0,"played":[0.9999,1.0E-4],"evs":[0.0,-3.07736]},"K5s":{"weight":1.0,"played":[1.0,0.0],"evs":[0.0,-2.77376]},"K6s":{"weight":1.0,"played":[1.0,0.0],"evs":[0.0,-2.95599]},"K7s":{"weight":1.0,"played":[1.0,0.0],"evs":[0.0,-2.67912]},"K8s":{"weight":1.0,"played":[1.0,0.0],"evs":[0.0,-2.86988]},"K9s":{"weight":1.0,"played":[1.0,0.0],"evs":[0.0,-2.60764]},"KTs":{"weight":1.0,"played":[1.0,0.0],"evs":[0.0,-2.15607]},"KJs":{"weight":1.0,"played":[0.9999,1.0E-4],"evs":[0.0,-2.43233]},"KQs":{"weight":1.0,"played":[0.9999,1.0E-4],"evs":[0.0,-1.93207]},"KK":{"weight":1.0,"played":[0.0,1.0],"evs":[0.0,2.55528]},"AKo":{"weight":1.0,"played":[0.9998,2.0E-4],"evs":[0.0,-1.95176]},"A2s":{"weight":1.0,"played":[1.0,0.0],"evs":[0.0,-3.54074]},"A3s":{"weight":1.0,"played":[1.0,0.0],"evs":[0.0,-3.32114]},"A4s":{"weight":1.0,"played":[1.0,0.0],"evs":[0.0,-3.22529]},"A5s":{"weight":1.0,"played":[1.0,0.0],"evs":[0.0,-3.10491]},"A6s":{"weight":1.0,"played":[1.0,0.0],"evs":[0.0,-3.58133]},"A7s":{"weight":1.0,"played":[1.0,0.0],"evs":[0.0,-3.53348]},"A8s":{"weight":1.0,"played":[1.0,0.0],"evs":[0.0,-3.46496]},"A9s":{"weight":1.0,"played":[1.0,0.0],"evs":[0.0,-3.26539]},"ATs":{"weight":1.0,"played":[1.0,0.0],"evs":[0.0,-2.89662]},"AJs":{"weight":1.0,"played":[0.9999,1.0E-4],"evs":[0.0,-2.6802]},"AQs":{"weight":1.0,"played":[1.0,0.0],"evs":[0.0,-1.81447]},"AKs":{"weight":1.0,"played":[0.9996,4.0E-4],"evs":[0.0,-0.93003]},"AA":{"weight":1.0,"played":[0.0,1.0],"evs":[0.0,5.18539]}}}