{"player":3,"street":0,"children":2,"sequence":[{"player":0,"type":"R","amount":15550000,"street":0},{"player":1,"type":"C","amount":15550000,"street":0},{"player":2,"type":"F","amount":0,"street":0}],"actions":[{"type":"F","amount":0,"node":74},{"type":"C","amount":6170000,"node":79}],"hands":{"22":{"weight":1.0,"played":[1.0,0.0],"evs":[0.0,-2.03354]},"32o":{"weight":1.0,"played":[1.0,0.0],"evs":[0.0,-3.12907]},"42o":{"weight":1.0,"played":[1.0,0.0],"evs":[0.0,-3.06858]},"52o":{"weight":1.0,"played":[1.0,0.0],"evs":[0.0,-2.96313]},"62o":{"weight":1.0,"played":[1.0,0.0],"evs":[0.0,-3.09123]},"72o":{"weight":1.0,"played":[1.0,0.0],"evs":[0.0,-3.26005]},"82o":{"weight":1.0,"played":[1.0,0.0],"evs":[0.0,-3.17403]},"92o":{"weight":1.0,"played":[1.0,0.0],"evs":[0.0,-3.20307]},"T2o":{"weight":1.0,"played":[1.0,0.0],"evs":[0.0,-3.10518]},"J2o":{"weight":1.0,"played":[1.0,0.0],"evs":[0.0,-3.01487]},"Q2o":{"weight":1.0,"played":[1.0,0.0],"evs":[0.0,-2.95532]},"K2o":{"weight":1.0,"played":[1.0,0.0],"evs":[0.0,-2.70988]},"A2o":{"weight":1.0,"played":[1.0,0.0],"evs":[0.0,-3.12121]},"32s":{"weight":1.0,"played":[1.0,0.0],"evs":[0.0,-2.44293]},"33":{"weight":1.0,"played":[1.0,0.0],"evs":[0.0,-1.95206]},"43o":{"weight":1.0,"played":[1.0,0.0],"evs":[0.0,-2.81026]},"53o":{"weight":1.0,"played":[1.0,0.0],"evs":[0.0,-2.75748]},"63o":{"weight":1.0,"played":[1.0,0.0],"evs":[0.0,-2.85192]},"73o":{"weight":1.0,"played":[1.0,0.0],"evs":[0.0,-3.0452]},"83o":{"weight":1.0,"played":[1.0,0.0],"evs":[0.0,-3.14617]},"93o":{"weight":1.0,"played":[1.0,0.0],"evs":[0.0,-3.1645]},"T3o":{"weight":1.0,"played":[1.0,0.0],"evs":[0.0,-3.00547]},"J3o":{"weight":1.0,"played":[1.0,0.0],"evs":[0.0,-3.02214]},"Q3o":{"weight":1.0,"played":[1.0,0.0],"evs":[0.0,-2.91557]},"K3o":{"weight":1.0,"played":[1.0,0.0],"evs":[0.0,-2.65618]},"A3o":{"weight":1.0,"played":[1.0,0.0],"evs":[0.0,-3.04307]},"42s":{"weight":1.0,"played":[1.0,0.0],"evs":[0.0,-2.50244]},"43s":{"weight":1.0,"played":[1.0,0.0],"evs":[0.0,-2.35082]},"44":{"weight":1.0,"played":[1.0,0.0],"evs":[0.0,-1.87876]},"54o":{"weight":1.0,"played":[1.0,0.0],"evs":[0.0,-2.53436]},"64o":{"weight":1.0,"played":[1.0,0.0],"evs":[0.0,-2.64888]},"74o":{"weight":1.0,"played":[1.0,0.0],"evs":[0.0,-2.82666]},"84o":{"weight":1.0,"played":[1.0,0.0],"evs":[0.0,-2.93588]},"94o":{"weight":1.0,"played":[1.0,0.0],"evs":[0.0,-3.13325]},"T4o":{"weight":1.0,"played":[1.0,0.0],"evs":[0.0,-3.01071]},"J4o":{"weight":1.0,"played":[1.0,0.0],"evs":[0.0,-2.97398]},"Q4o":{"weight":1.0,"played":[1.0,0.0],"evs":[0.0,-2.92137]},"K4o":{"weight":1.0,"played":[1.0,0.0],"evs":[0.0,-2.65488]},"A4o":{"weight":1.0,"played":[1.0,0.0],"evs":[0.0,-2.98886]},"52s":{"weight":1.0,"played":[1.0,0.0],"evs":[0.0,-2.3972]},"53s":{"weight":1.0,"played":[1.0,0.0],"evs":[0.0,-2.24319]},"54s":{"weight":1.0,"played":[1.0,0.0],"evs":[0.0,-2.00443]},"55":{"weight":1.0,"played":[1.0,0.0],"evs":[0.0,-1.68483]},"65o":{"weight":1.0,"played":[1.0,0.0],"evs":[0.0,-2.43462]},"75o":{"weight":1.0,"played":[1.0,0.0],"evs":[0.0,-2.57251]},"85o":{"weight":1.0,"played":[1.0,0.0],"evs":[0.0,-2.71539]},"95o":{"weight":1.0,"played":[1.0,0.0],"evs":[0.0,-2.92295]},"T5o":{"weight":1.0,"played":[1.0,0.0],"evs":[0.0,-3.00306]},"J5o":{"weight":1.0,"played":[1.0,0.0],"evs":[0.0,-2.86001]},"Q5o":{"weight":1.0,"played":[1.0,0.0],"evs":[0.0,-2.83483]},"K5o":{"weight":1.0,"played":[1.0,0.0],"evs":[0.0,-2.55503]},"A5o":{"weight":1.0,"played":[1.0,0.0],"evs":[0.0,-2.8968]},"62s":{"weight":1.0,"played":[1.0,0.0],"evs":[0.0,-2.51292]},"63s":{"weight":1.0,"played":[1.0,0.0],"evs":[0.0,-2.31309]},"64s":{"weight":1.0,"played":[1.0,0.0],"evs":[0.0,-2.09761]},"65s":{"weight":1.0,"played":[1.0,0.0],"evs":[0.0,-1.8468]},"66":{"weight":1.0,"played":[1.0,0.0],"evs":[0.0,-1.42957]},"76o":{"weight":1.0,"played":[1.0,0.0],"evs":[0.0,-2.41751]},"86o":{"weight":1.0,"played":[1.0,0.0],"evs":[0.0,-2.48957]},"96o":{"weight":1.0,"played":[1.0,0.0],"evs":[0.0,-2.70604]},"T6o":{"weight":1.0,"played":[1.0,0.0],"evs":[0.0,-2.71172]},"J6o":{"weight":1.0,"played":[1.0,0.0],"evs":[0.0,-2.80531]},"Q6o":{"weight":1.0,"played":[1.0,0.0],"evs":[0.0,-2.78217]},"K6o":{"weight":1.0,"played":[1.0,0.0],"evs":[0.0,-2.47985]},"A6o":{"weight":1.0,"played":[1.0,0.0],"evs":[0.0,-3.07796]},"72s":{"weight":1.0,"played":[1.0,0.0],"evs":[0.0,-2.77314]},"73s":{"weight":1.0,"played":[1.0,0.0],"evs":[0.0,-2.47355]},"74s":{"weight":1.0,"played":[1.0,0.0],"evs":[0.0,-2.28742]},"75s":{"weight":1.0,"played":[1.0,0.0],"evs":[0.0,-2.03885]},"76s":{"weight":1.0,"played":[1.0,0.0],"evs":[0.0,-1.96597]},"77":{"weight":1.0,"played":[1.0,0.0],"evs":[0.0,-1.24088]},"87o":{"weight":1.0,"played":[1.0,0.0],"evs":[0.0,-2.3552]},"97o":{"weight":1.0,"played":[1.0,0.0],"evs":[0.0,-2.53526]},"T7o":{"weight":1.0,"played":[1.0,0.0],"evs":[0.0,-2.58302]},"J7o":{"weight":1.0,"played":[1.0,0.0],"evs":[0.0,-2.63947]},"Q7o":{"weight":1.0,"played":[1.0,0.0],"evs":[0.0,-2.69498]},"K7o":{"weight":1.0,"played":[1.0,0.0],"evs":[0.0,-2.45481]},"A7o":{"weight":1.0,"played":[1.0,0.0],"evs":[0.0,-2.93812]},"82s":{"weight":1.0,"played":[1.0,0.0],"evs":[0.0,-2.61013]},"83s":{"weight":1.0,"played":[1.0,0.0],"evs":[0.0,-2.51615]},"84s":{"weight":1.0,"played":[1.0,0.0],"evs":[0.0,-2.38007]},"85s":{"weight":1.0,"played":[1.0,0.0],"evs":[0.0,-2.19933]},"86s":{"weight":1.0,"played":[1.0,0.0],"evs":[0.0,-2.01326]},"87s":{"weight":1.0,"played":[1.0,0.0],"evs":[0.0,-1.92024]},"88":{"weight":1.0,"played":[1.0,0.0],"evs":[0.0,-0.92758]},"98o":{"weight":1.0,"played":[1.0,0.0],"evs":[0.0,-2.36307]},"T8o":{"weight":1.0,"played":[1.0,0.0],"evs":[0.0,-2.41591]},"J8o":{"weight":1.0,"played":[1.0,0.0],"evs":[0.0,-2.4846]},"Q8o":{"weight":1.0,"played":[1.0,0.0],"evs":[0.0,-2.55135]},"K8o":{"weight":1.0,"played":[1.0,0.0],"evs":[0.0,-2.4072]},"A8o":{"weight":1.0,"played":[1.0,0.0],"evs":[0.0,-2.83775]},"92s":{"weight":1.0,"played":[1.0,0.0],"evs":[0.0,-2.67291]},"93s":{"weight":1.0,"played":[1.0,0.0],"evs":[0.0,-2.60284]},"94s":{"weight":1.0,"played":[1.0,0.0],"evs":[0.0,-2.59153]},"95s":{"weight":1.0,"played":[1.0,0.0],"evs":[0.0,-2.37965]},"96s":{"weight":1.0,"played":[1.0,0.0],"evs":[0.0,-2.17731]},"97s":{"weight":1.0,"played":[1.0,0.0],"evs":[0.0,-2.03688]},"98s":{"weight":1.0,"played":[1.0,0.0],"evs":[0.0,-1.90698]},"99":{"weight":1.0,"played":[1.0,0.0],"evs":[0.0,-0.53893]},"T9o":{"weight":1.0,"played":[1.0,0.0],"evs":[0.0,-2.24632]},"J9o":{"weight":1.0,"played":[1.0,0.0],"evs":[0.0,-2.37811]},"Q9o":{"weight":1.0,"played":[1.0,0.0],"evs":[0.0,-2.41393]},"K9o":{"weight":1.0,"played":[1.0,0.0],"evs":[0.0,-2.26397]},"A9o":{"weight":1.0,"played":[1.0,0.0],"evs":[0.0,-2.57986]},"T2s":{"weight":1.0,"played":[1.0,0.0],"evs":[0.0,-2.57447]},"T3s":{"weight":1.0,"played":[1.0,0.0],"evs":[0.0,-2.42681]},"T4s":{"weight":1.0,"played":[1.0,0.0],"evs":[0.0,-2.47046]},"T5s":{"weight":1.0,"played":[1.0,0.0],"evs":[0.0,-2.47675]},"T6s":{"weight":1.0,"played":[1.0,0.0],"evs":[0.0,-2.1588]},"T7s":{"weight":1.0,"played":[1.0,0.0],"evs":[0.0,-2.02454]},"T8s":{"weight":1.0,"played":[1.0,0.0],"evs":[0.0,-1.87926]},"T9s":{"weight":1.0,"played":[1.0,0.0],"evs":[0.0,-1.67237]},"TT":{"weight":1.0,"played":[0.051,0.949],"evs":[0.0,0.08491]},"JTo":{"weight":1.0,"played":[1.0,0.0],"evs":[0.0,-2.06757]},"QTo":{"weight":1.0,"played":[1.0,0.0],"evs":[0.0,-2.09541]},"KTo":{"weight":1.0,"played":[1.0,0.0],"evs":[0.0,-1.90042]},"ATo":{"weight":1.0,"played":[1.0,0.0],"evs":[0.0,-2.03009]},"J2s":{"weight":1.0,"played":[1.0,0.0],"evs":[0.0,-2.46141]},"J3s":{"weight":1.0,"played":[1.0,0.0],"evs":[0.0,-2.34247]},"J4s":{"weight":1.0,"played":[1.0,0.0],"evs":[0.0,-2.41145]},"J5s":{"weight":1.0,"played":[1.0,0.0],"evs":[0.0,-2.34175]},"J6s":{"weight":1.0,"played":[1.0,0.0],"evs":[0.0,-2.36606]},"J7s":{"weight":1.0,"played":[1.0,0.0],"evs":[0.0,-2.12356]},"J8s":{"weight":1.0,"played":[1.0,0.0],"evs":[0.0,-1.97675]},"J9s":{"weight":1.0,"played":[1.0,0.0],"evs":[0.0,-1.82022]},"JTs":{"weight":1.0,"played":[1.0,0.0],"evs":[0.0,-1.55461]},"JJ":{"weight":1.0,"played":[0.0,1.0],"evs":[0.0,0.79904]},"QJo":{"weight":1.0,"played":[1.0,0.0],"evs":[0.0,-1.98109]},"KJo":{"weight":1.0,"played":[1.0,0.0],"evs":[0.0,-1.76674]},"AJo":{"weight":1.0,"played":[1.0,0.0],"evs":[0.0,-1.54203]},"Q2s":{"weight":1.0,"played":[1.0,0.0],"evs":[0.0,-2.40403]},"Q3s":{"weight":1.0,"played":[1.0,0.0],"evs":[0.0,-2.41164]},"Q4s":{"weight":1.0,"played":[1.0,0.0],"evs":[0.0,-2.27016]},"Q5s":{"weight":1.0,"played":[1.0,0.0],"evs":[0.0,-2.22373]},"Q6s":{"weight":1.0,"played":[1.0,0.0],"evs":[0.0,-2.14056]},"Q7s":{"weight":1.0,"played":[1.0,0.0],"evs":[0.0,-2.23565]},"Q8s":{"weight":1.0,"played":[1.0,0.0],"evs":[0.0,-1.99533]},"Q9s":{"weight":1.0,"played":[1.0,0.0],"evs":[0.0,-1.97081]},"QTs":{"weight":1.0,"played":[1.0,0.0],"evs":[0.0,-1.60614]},"QJs":{"weight":1.0,"played":[1.0,0.0],"evs":[0.0,-1.46987]},"QQ":{"weight":1.0,"played":[0.0,1.0],"evs":[0.0,1.7373]},"KQo":{"weight":1.0,"played":[1.0,0.0],"evs":[0.0,-1.60328]},"AQo":{"weight":1.0,"played":[1.0,0.0],"evs":[0.0,-0.8766]},"K2s":{"weight":1.0,"played":[1.0,0.0],"evs":[0.0,-2.14005]},"K3s":{"weight":1.0,"played":[1.0,0.0],"evs":[0.0,-1.98922]},"K4s":{"weight":1.0,"played":[1.0,0.0],"evs":[0.0,-2.20898]},"K5s":{"weight":1.0,"played":[1.0,0.0],"evs":[0.0,-1.97246]},"K6s":{"weight":1.0,"played":[1.0,0.0],"evs":[0.0,-1.85881]},"K7s":{"weight":1.0,"played":[1.0,0.0],"evs":[0.0,-1.87683]},"K8s":{"weight":1.0,"played":[1.0,0.0],"evs":[0.0,-1.93055]},"K9s":{"weight":1.0,"played":[1.0,0.0],"evs":[0.0,-1.74727]},"KTs":{"weight":1.0,"played":[1.0,0.0],"evs":[0.0,-1.3988]},"KJs":{"weight":1.0,"played":[1.0,0.0],"evs":[0.0,-1.27999]},"KQs":{"weight":1.0,"played":[1.0,0.0],"evs":[0.0,-1.05393]},"KK":{"weight":1.0,"played":[0.0,1.0],"evs":[0.0,2.76627]},"AKo":{"weight":1.0,"played":[0.9992,8.0E-4],"evs":[0.0,-0.12172]},"A2s":{"weight":1.0,"played":[1.0,0.0],"evs":[0.0,-2.4919]},"A3s":{"weight":1.0,"played":[1.0,0.0],"evs":[0.0,-2.48965]},"A4s":{"weight":1.0,"played":[1.0,0.0],"evs":[0.0,-2.43484]},"A5s":{"weight":1.0,"played":[1.0,0.0],"evs":[0.0,-2.31842]},"A6s":{"weight":1.0,"played":[1.0,0.0],"evs":[0.0,-2.43962]},"A7s":{"weight":1.0,"played":[1.0,0.0],"evs":[0.0,-2.3208]},"A8s":{"weight":1.0,"played":[1.0,0.0],"evs":[0.0,-2.25736]},"A9s":{"weight":1.0,"played":[1.0,0.0],"evs":[0.0,-1.98415]},"ATs":{"weight":1.0,"played":[1.0,0.0],"evs":[0.0,-1.4976]},"AJs":{"weight":1.0,"played":[1.0,0.0],"evs":[0.0,-0.98844]},"AQs":{"weight":1.0,"played":[0.9998,2.0E-4],"evs":[0.0,-0.35478]},"AKs":{"weight":1.0,"played":[0.0129,0.9871],"evs":[0.0,0.3422]},"AA":{"weight":1.0,"played":[0.0,1.0],"evs":[0.0,4.60773]}}}