{"player":5,"street":0,"children":2,"sequence":[{"player":0,"type":"R","amount":15550000,"street":0},{"player":1,"type":"C","amount":15550000,"street":0},{"player":2,"type":"R","amount":26780000,"street":0},{"player":3,"type":"F","amount":0,"street":0},{"player":4,"type":"F","amount":0,"street":0}],"actions":[{"type":"F","amount":0,"node":87},{"type":"C","amount":5070000,"node":88}],"hands":{"22":{"weight":1.0,"played":[1.0,0.0],"evs":[0.0,-3.20716]},"32o":{"weight":1.0,"played":[1.0,0.0],"evs":[0.0,-4.03679]},"42o":{"weight":1.0,"played":[1.0,0.0],"evs":[0.0,-4.26205]},"52o":{"weight":1.0,"played":[1.0,0.0],"evs":[0.0,-3.97259]},"62o":{"weight":1.0,"played":[1.0,0.0],"evs":[0.0,-3.95591]},"72o":{"weight":1.0,"played":[1.0,0.0],"evs":[0.0,-4.49649]},"82o":{"weight":1.0,"played":[1.0,0.0],"evs":[0.0,-4.24194]},"92o":{"weight":1.0,"played":[1.0,0.0],"evs":[0.0,-4.70112]},"T2o":{"weight":1.0,"played":[1.0,0.0],"evs":[0.0,-4.21832]},"J2o":{"weight":1.0,"played":[1.0,0.0],"evs":[0.0,-4.38259]},"Q2o":{"weight":1.0,"played":[1.0,0.0],"evs":[0.0,-3.98465]},"K2o":{"weight":1.0,"played":[1.0,0.0],"evs":[0.0,-4.31909]},"A2o":{"weight":1.0,"played":[1.0,0.0],"evs":[0.0,-4.59723]},"32s":{"weight":1.0,"played":[1.0,0.0],"evs":[0.0,-3.18138]},"33":{"weight":1.0,"played":[1.0,0.0],"evs":[0.0,-3.22765]},"43o":{"weight":1.0,"played":[1.0,0.0],"evs":[0.0,-3.78229]},"53o":{"weight":1.0,"played":[1.0,0.0],"evs":[0.0,-3.54318]},"63o":{"weight":1.0,"played":[1.0,0.0],"evs":[0.0,-3.65652]},"73o":{"weight":1.0,"played":[1.0,0.0],"evs":[0.0,-4.3093]},"83o":{"weight":1.0,"played":[1.0,0.0],"evs":[0.0,-4.28845]},"93o":{"weight":1.0,"played":[1.0,0.0],"evs":[0.0,-4.63544]},"T3o":{"weight":1.0,"played":[1.0,0.0],"evs":[0.0,-4.3464]},"J3o":{"weight":1.0,"played":[1.0,0.0],"evs":[0.0,-4.12485]},"Q3o":{"weight":1.0,"played":[1.0,0.0],"evs":[0.0,-4.13268]},"K3o":{"weight":1.0,"played":[1.0,0.0],"evs":[0.0,-4.08598]},"A3o":{"weight":1.0,"played":[1.0,0.0],"evs":[0.0,-4.30238]},"42s":{"weight":1.0,"played":[1.0,0.0],"evs":[0.0,-3.33369]},"43s":{"weight":1.0,"played":[1.0,0.0],"evs":[0.0,-3.30167]},"44":{"weight":1.0,"played":[1.0,0.0],"evs":[0.0,-3.48282]},"54o":{"weight":1.0,"played":[1.0,0.0],"evs":[0.0,-3.61586]},"64o":{"weight":1.0,"played":[1.0,0.0],"evs":[0.0,-3.6256]},"74o":{"weight":1.0,"played":[1.0,0.0],"evs":[0.0,-3.74332]},"84o":{"weight":1.0,"played":[1.0,0.0],"evs":[0.0,-4.17263]},"94o":{"weight":1.0,"played":[1.0,0.0],"evs":[0.0,-4.33817]},"T4o":{"weight":1.0,"played":[1.0,0.0],"evs":[0.0,-4.37516]},"J4o":{"weight":1.0,"played":[1.0,0.0],"evs":[0.0,-4.11319]},"Q4o":{"weight":1.0,"played":[1.0,0.0],"evs":[0.0,-4.04919]},"K4o":{"weight":1.0,"played":[1.0,0.0],"evs":[0.0,-3.87367]},"A4o":{"weight":1.0,"played":[1.0,0.0],"evs":[0.0,-4.33438]},"52s":{"weight":1.0,"played":[0.9997,3.0E-4],"evs":[0.0,-3.03129]},"53s":{"weight":1.0,"played":[0.9998,2.0E-4],"evs":[0.0,-3.23094]},"54s":{"weight":1.0,"played":[0.9999,1.0E-4],"evs":[0.0,-2.95939]},"55":{"weight":1.0,"played":[1.0,0.0],"evs":[0.0,-3.52405]},"65o":{"weight":1.0,"played":[1.0,0.0],"evs":[0.0,-3.52756]},"75o":{"weight":1.0,"played":[1.0,0.0],"evs":[0.0,-3.58201]},"85o":{"weight":1.0,"played":[1.0,0.0],"evs":[0.0,-3.8113]},"95o":{"weight":1.0,"played":[1.0,0.0],"evs":[0.0,-4.01883]},"T5o":{"weight":1.0,"played":[0.9999,1.0E-4],"evs":[0.0,-4.26422]},"J5o":{"weight":1.0,"played":[1.0,0.0],"evs":[0.0,-4.14868]},"Q5o":{"weight":1.0,"played":[1.0,0.0],"evs":[0.0,-3.786]},"K5o":{"weight":1.0,"played":[1.0,0.0],"evs":[0.0,-3.95415]},"A5o":{"weight":1.0,"played":[1.0,0.0],"evs":[0.0,-4.36078]},"62s":{"weight":1.0,"played":[0.9998,2.0E-4],"evs":[0.0,-3.76541]},"63s":{"weight":1.0,"played":[1.0,0.0],"evs":[0.0,-2.82339]},"64s":{"weight":1.0,"played":[1.0,0.0],"evs":[0.0,-2.68516]},"65s":{"weight":1.0,"played":[0.9995,5.0E-4],"evs":[0.0,-2.68606]},"66":{"weight":1.0,"played":[1.0,0.0],"evs":[0.0,-2.9632]},"76o":{"weight":1.0,"played":[1.0,0.0],"evs":[0.0,-3.09316]},"86o":{"weight":1.0,"played":[1.0,0.0],"evs":[0.0,-3.72286]},"96o":{"weight":1.0,"played":[1.0,0.0],"evs":[0.0,-3.58838]},"T6o":{"weight":1.0,"played":[1.0,0.0],"evs":[0.0,-4.25065]},"J6o":{"weight":1.0,"played":[1.0,0.0],"evs":[0.0,-4.26363]},"Q6o":{"weight":1.0,"played":[1.0,0.0],"evs":[0.0,-3.79075]},"K6o":{"weight":1.0,"played":[0.9999,1.0E-4],"evs":[0.0,-4.10964]},"A6o":{"weight":1.0,"played":[1.0,0.0],"evs":[0.0,-4.60756]},"72s":{"weight":1.0,"played":[0.9999,1.0E-4],"evs":[0.0,-3.66711]},"73s":{"weight":1.0,"played":[0.9993,7.0E-4],"evs":[0.0,-3.90987]},"74s":{"weight":1.0,"played":[1.0,0.0],"evs":[0.0,-3.08745]},"75s":{"weight":1.0,"played":[0.9998,2.0E-4],"evs":[0.0,-3.43047]},"76s":{"weight":1.0,"played":[1.0,0.0],"evs":[0.0,-2.57091]},"77":{"weight":1.0,"played":[1.0,0.0],"evs":[0.0,-2.75194]},"87o":{"weight":1.0,"played":[1.0,0.0],"evs":[0.0,-3.59576]},"97o":{"weight":1.0,"played":[0.9996,4.0E-4],"evs":[0.0,-3.77695]},"T7o":{"weight":1.0,"played":[1.0,0.0],"evs":[0.0,-3.90579]},"J7o":{"weight":1.0,"played":[1.0,0.0],"evs":[0.0,-3.97974]},"Q7o":{"weight":1.0,"played":[1.0,0.0],"evs":[0.0,-4.10412]},"K7o":{"weight":1.0,"played":[1.0,0.0],"evs":[0.0,-3.85256]},"A7o":{"weight":1.0,"played":[1.0,0.0],"evs":[0.0,-4.476]},"82s":{"weight":1.0,"played":[1.0,0.0],"evs":[0.0,-3.62857]},"83s":{"weight":1.0,"played":[1.0,0.0],"evs":[0.0,-3.62382]},"84s":{"weight":1.0,"played":[0.9999,1.0E-4],"evs":[0.0,-3.59432]},"85s":{"weight":1.0,"played":[1.0,0.0],"evs":[0.0,-2.82524]},"86s":{"weight":1.0,"played":[1.0,0.0],"evs":[0.0,-2.46686]},"87s":{"weight":1.0,"played":[1.0,0.0],"evs":[0.0,-3.32508]},"88":{"weight":1.0,"played":[1.0,0.0],"evs":[0.0,-2.29037]},"98o":{"weight":1.0,"played":[1.0,0.0],"evs":[0.0,-3.89216]},"T8o":{"weight":1.0,"played":[1.0,0.0],"evs":[0.0,-3.72568]},"J8o":{"weight":1.0,"played":[1.0,0.0],"evs":[0.0,-3.85854]},"Q8o":{"weight":1.0,"played":[1.0,0.0],"evs":[0.0,-4.13348]},"K8o":{"weight":1.0,"played":[1.0,0.0],"evs":[0.0,-3.7323]},"A8o":{"weight":1.0,"played":[1.0,0.0],"evs":[0.0,-4.51101]},"92s":{"weight":1.0,"played":[1.0,0.0],"evs":[0.0,-3.89006]},"93s":{"weight":1.0,"played":[1.0,0.0],"evs":[0.0,-3.72193]},"94s":{"weight":1.0,"played":[1.0,0.0],"evs":[0.0,-3.55602]},"95s":{"weight":1.0,"played":[0.9999,1.0E-4],"evs":[0.0,-3.81641]},"96s":{"weight":1.0,"played":[0.9999,1.0E-4],"evs":[0.0,-3.12397]},"97s":{"weight":1.0,"played":[1.0,0.0],"evs":[0.0,-3.10477]},"98s":{"weight":1.0,"played":[1.0,0.0],"evs":[0.0,-3.44484]},"99":{"weight":1.0,"played":[1.0,0.0],"evs":[0.0,-2.92703]},"T9o":{"weight":1.0,"played":[1.0,0.0],"evs":[0.0,-3.56656]},"J9o":{"weight":1.0,"played":[0.9999,1.0E-4],"evs":[0.0,-3.6778]},"Q9o":{"weight":1.0,"played":[1.0,0.0],"evs":[0.0,-3.83455]},"K9o":{"weight":1.0,"played":[1.0,0.0],"evs":[0.0,-4.21623]},"A9o":{"weight":1.0,"played":[1.0,0.0],"evs":[0.0,-4.5742]},"T2s":{"weight":1.0,"played":[0.9998,2.0E-4],"evs":[0.0,-3.91859]},"T3s":{"weight":1.0,"played":[1.0,0.0],"evs":[0.0,-3.51805]},"T4s":{"weight":1.0,"played":[1.0,0.0],"evs":[0.0,-3.27199]},"T5s":{"weight":1.0,"played":[1.0,0.0],"evs":[0.0,-4.00713]},"T6s":{"weight":1.0,"played":[0.9999,1.0E-4],"evs":[0.0,-3.60721]},"T7s":{"weight":1.0,"played":[1.0,0.0],"evs":[0.0,-2.8581]},"T8s":{"weight":1.0,"played":[0.9999,1.0E-4],"evs":[0.0,-2.69969]},"T9s":{"weight":1.0,"played":[1.0,0.0],"evs":[0.0,-2.97406]},"TT":{"weight":1.0,"played":[1.0,0.0],"evs":[0.0,-2.64056]},"JTo":{"weight":1.0,"played":[1.0,0.0],"evs":[0.0,-3.39172]},"QTo":{"weight":1.0,"played":[1.0,0.0],"evs":[0.0,-3.44918]},"KTo":{"weight":1.0,"played":[1.0,0.0],"evs":[0.0,-3.74679]},"ATo":{"weight":1.0,"played":[1.0,0.0],"evs":[0.0,-4.31599]},"J2s":{"weight":1.0,"played":[1.0,0.0],"evs":[0.0,-3.72409]},"J3s":{"weight":1.0,"played":[1.0,0.0],"evs":[0.0,-2.85373]},"J4s":{"weight":1.0,"played":[0.9999,1.0E-4],"evs":[0.0,-3.38338]},"J5s":{"weight":1.0,"played":[1.0,0.0],"evs":[0.0,-3.30017]},"J6s":{"weight":1.0,"played":[1.0,0.0],"evs":[0.0,-3.27351]},"J7s":{"weight":1.0,"played":[1.0,0.0],"evs":[0.0,-2.88672]},"J8s":{"weight":1.0,"played":[1.0,0.0],"evs":[0.0,-3.08814]},"J9s":{"weight":1.0,"played":[1.0,0.0],"evs":[0.0,-3.05782]},"JTs":{"weight":1.0,"played":[0.9997,3.0E-4],"evs":[0.0,-2.82218]},"JJ":{"weight":1.0,"played":[0.9996,4.0E-4],"evs":[0.0,-1.34383]},"QJo":{"weight":1.0,"played":[1.0,0.0],"evs":[0.0,-3.35014]},"KJo":{"weight":1.0,"played":[1.0,0.0],"evs":[0.0,-3.13068]},"AJo":{"weight":1.0,"played":[0.9999,1.0E-4],"evs":[0.0,-3.49144]},"Q2s":{"weight":1.0,"played":[0.9991,9.0E-4],"evs":[0.0,-3.30244]},"Q3s":{"weight":1.0,"played":[0.9999,1.0E-4],"evs":[0.0,-3.99643]},"Q4s":{"weight":1.0,"played":[1.0,0.0],"evs":[0.0,-3.4911]},"Q5s":{"weight":1.0,"played":[1.0,0.0],"evs":[0.0,-2.90237]},"Q6s":{"weight":1.0,"played":[1.0,0.0],"evs":[0.0,-2.90294]},"Q7s":{"weight":1.0,"played":[1.0,0.0],"evs":[0.0,-3.43862]},"Q8s":{"weight":1.0,"played":[0.9999,1.0E-4],"evs":[0.0,-3.13373]},"Q9s":{"weight":1.0,"played":[0.9999,1.0E-4],"evs":[0.0,-2.43125]},"QTs":{"weight":1.0,"played":[1.0,0.0],"evs":[0.0,-2.33247]},"QJs":{"weight":1.0,"played":[0.9997,3.0E-4],"evs":[0.0,-2.47731]},"QQ":{"weight":1.0,"played":[0.0748,0.9252],"evs":[0.0,0.43918]},"KQo":{"weight":1.0,"played":[0.9996,4.0E-4],"evs":[0.0,-2.88299]},"AQo":{"weight":1.0,"played":[1.0,0.0],"evs":[0.0,-2.99404]},"K2s":{"weight":1.0,"played":[1.0,0.0],"evs":[0.0,-2.95539]},"K3s":{"weight":1.0,"played":[0.9999,1.0E-4],"evs":[0.0,-3.09331]},"K4s":{"weight":1.0,"played":[0.9978,0.0022],"evs":[0.0,-3.36477]},"K5s":{"weight":1.0,"played":[1.0,0.0],"evs":[0.0,-3.0585]},"K6s":{"weight":1.0,"played":[0.9999,1.0E-4],"evs":[0.0,-3.5774]},"K7s":{"weight":1.0,"played":[0.9999,1.0E-4],"evs":[0.0,-3.16697]},"K8s":{"weight":1.0,"played":[0.9997,3.0E-4],"evs":[0.0,-2.81212]},"K9s":{"weight":1.0,"played":[0.9962,0.0038],"evs":[0.0,-3.75608]},"KTs":{"weight":1.0,"played":[1.0,0.0],"evs":[0.0,-3.50336]},"KJs":{"weight":1.0,"played":[0.9998,2.0E-4],"evs":[0.0,-2.74771]},"KQs":{"weight":1.0,"played":[0.9996,4.0E-4],"evs":[0.0,-3.13274]},"KK":{"weight":1.0,"played":[0.0,1.0],"evs":[0.0,2.3153]},"AKo":{"weight":1.0,"played":[0.9997,3.0E-4],"evs":[0.0,-2.32016]},"A2s":{"weight":1.0,"played":[1.0,0.0],"evs":[0.0,-3.21348]},"A3s":{"weight":1.0,"played":[1.0,0.0],"evs":[0.0,-3.34641]},"A4s":{"weight":1.0,"played":[0.9998,2.0E-4],"evs":[0.0,-2.88753]},"A5s":{"weight":1.0,"played":[0.9999,1.0E-4],"evs":[0.0,-3.4504]},"A6s":{"weight":1.0,"played":[0.9997,3.0E-4],"evs":[0.0,-3.9072]},"A7s":{"weight":1.0,"played":[1.0,0.0],"evs":[0.0,-3.23515]},"A8s":{"weight":1.0,"played":[0.9998,2.0E-4],"evs":[0.0,-3.96719]},"A9s":{"weight":1.0,"played":[1.0,0.0],"evs":[0.0,-3.50892]},"ATs":{"weight":1.0,"played":[0.9969,0.0031],"evs":[0.0,-3.35332]},"AJs":{"weight":1.0,"played":[0.9996,4.0E-4],"evs":[0.0,-3.04637]},"AQs":{"weight":1.0,"played":[0.9998,2.0E-4],"evs":[0.0,-2.17736]},"AKs":{"weight":1.0,"played":[0.9999,1.0E-4],"evs":[0.0,-1.39877]},"AA":{"weight":1.0,"played":[2.0E-4,0.9998],"evs":[0.0,4.282]}}}