{"player":1,"street":0,"children":2,"sequence":[{"player":0,"type":"R","amount":15550000,"street":0},{"player":1,"type":"C","amount":15550000,"street":0},{"player":2,"type":"R","amount":26780000,"street":0},{"player":3,"type":"F","amount":0,"street":0},{"player":4,"type":"F","amount":0,"street":0},{"player":5,"type":"F","amount":0,"street":0}],"actions":[{"type":"F","amount":0},{"type":"C","amount":8470000}],"hands":{"22":{"weight":0.0,"played":[2.0E-4,0.9998],"evs":[0.0,0.53737]},"32o":{"weight":0.0,"played":[1.0,0.0],"evs":[0.0,-1.3939]},"42o":{"weight":0.0,"played":[1.0,0.0],"evs":[0.0,-1.40948]},"52o":{"weight":0.0,"played":[1.0,0.0],"evs":[0.0,-1.25069]},"62o":{"weight":0.0,"played":[1.0,0.0],"evs":[0.0,-1.52149]},"72o":{"weight":0.0,"played":[1.0,0.0],"evs":[0.0,-1.87594]},"82o":{"weight":0.0,"played":[1.0,0.0],"evs":[0.0,-1.96315]},"92o":{"weight":0.0,"played":[1.0,0.0],"evs":[0.0,-1.95502]},"T2o":{"weight":0.0,"played":[1.0,0.0],"evs":[0.0,-1.58414]},"J2o":{"weight":0.0,"played":[1.0,0.0],"evs":[0.0,-1.30813]},"Q2o":{"weight":0.0,"played":[1.0,0.0],"evs":[0.0,-0.94123]},"K2o":{"weight":0.0,"played":[1.0,0.0],"evs":[0.0,-1.18368]},"A2o":{"weight":0.0,"played":[0.9999,1.0E-4],"evs":[0.0,-0.85721]},"32s":{"weight":0.0,"played":[0.983,0.017],"evs":[0.0,-0.28947]},"33":{"weight":0.0,"played":[1.0E-4,0.9999],"evs":[0.0,0.57201]},"43o":{"weight":0.0,"played":[0.9999,1.0E-4],"evs":[0.0,-0.95724]},"53o":{"weight":0.0,"played":[0.9998,2.0E-4],"evs":[0.0,-0.73168]},"63o":{"weight":0.0,"played":[1.0,0.0],"evs":[0.0,-1.03486]},"73o":{"weight":0.0,"played":[1.0,0.0],"evs":[0.0,-1.63264]},"83o":{"weight":0.0,"played":[1.0,0.0],"evs":[0.0,-1.87348]},"93o":{"weight":0.0,"played":[1.0,0.0],"evs":[0.0,-1.84502]},"T3o":{"weight":0.0,"played":[0.9999,1.0E-4],"evs":[0.0,-1.58174]},"J3o":{"weight":0.0,"played":[1.0,0.0],"evs":[0.0,-1.3093]},"Q3o":{"weight":0.0,"played":[1.0,0.0],"evs":[0.0,-0.8166]},"K3o":{"weight":0.0,"played":[1.0,0.0],"evs":[0.0,-1.03127]},"A3o":{"weight":0.0,"played":[0.9995,5.0E-4],"evs":[0.0,-0.58195]},"42s":{"weight":0.0,"played":[0.9943,0.0057],"evs":[0.0,-0.40292]},"43s":{"weight":0.0,"played":[0.0025,0.9975],"evs":[0.0,0.26985]},"44":{"weight":0.0,"played":[0.0,1.0],"evs":[0.0,0.76098]},"54o":{"weight":0.0,"played":[0.9999,1.0E-4],"evs":[0.0,-0.40107]},"64o":{"weight":0.0,"played":[1.0,0.0],"evs":[0.0,-0.66867]},"74o":{"weight":0.0,"played":[1.0,0.0],"evs":[0.0,-1.21965]},"84o":{"weight":0.0,"played":[1.0,0.0],"evs":[0.0,-1.45418]},"94o":{"weight":0.0,"played":[1.0,0.0],"evs":[0.0,-1.85103]},"T4o":{"weight":0.0,"played":[1.0,0.0],"evs":[0.0,-1.32427]},"J4o":{"weight":0.0,"played":[1.0,0.0],"evs":[0.0,-1.05386]},"Q4o":{"weight":0.0,"played":[0.9999,1.0E-4],"evs":[0.0,-0.84506]},"K4o":{"weight":0.0,"played":[0.9994,6.0E-4],"evs":[0.0,-0.99902]},"A4o":{"weight":0.0,"played":[0.9963,0.0037],"evs":[0.0,-0.49232]},"52s":{"weight":0.0,"played":[0.7802,0.2198],"evs":[0.0,-0.06587]},"53s":{"weight":0.0,"played":[0.0027,0.9973],"evs":[0.0,0.17827]},"54s":{"weight":0.0,"played":[0.0061,0.9939],"evs":[0.0,0.57222]},"55":{"weight":0.1951,"played":[0.0,1.0],"evs":[0.0,0.79072]},"65o":{"weight":0.0,"played":[0.9922,0.0078],"evs":[0.0,-0.36403]},"75o":{"weight":0.0,"played":[0.9999,1.0E-4],"evs":[0.0,-0.74479]},"85o":{"weight":0.0,"played":[1.0,0.0],"evs":[0.0,-1.03835]},"95o":{"weight":0.0,"played":[0.9999,1.0E-4],"evs":[0.0,-1.42299]},"T5o":{"weight":0.0,"played":[1.0,0.0],"evs":[0.0,-1.3314]},"J5o":{"weight":0.0,"played":[1.0,0.0],"evs":[0.0,-1.07262]},"Q5o":{"weight":0.0,"played":[0.9996,4.0E-4],"evs":[0.0,-0.75437]},"K5o":{"weight":0.0,"played":[1.0,0.0],"evs":[0.0,-0.84368]},"A5o":{"weight":0.0,"played":[0.9869,0.0131],"evs":[0.0,-0.50425]},"62s":{"weight":0.0,"played":[1.0,0.0],"evs":[0.0,-0.56972]},"63s":{"weight":0.0,"played":[0.7087,0.2913],"evs":[0.0,-0.00546]},"64s":{"weight":0.0,"played":[9.0E-4,0.9991],"evs":[0.0,0.3438]},"65s":{"weight":0.0,"played":[5.0E-4,0.9995],"evs":[0.0,0.825]},"66":{"weight":0.4755,"played":[0.0,1.0],"evs":[0.0,1.01447]},"76o":{"weight":0.0,"played":[0.9907,0.0093],"evs":[0.0,-0.35196]},"86o":{"weight":0.0,"played":[0.9999,1.0E-4],"evs":[0.0,-0.68813]},"96o":{"weight":0.0,"played":[0.9999,1.0E-4],"evs":[0.0,-1.06629]},"T6o":{"weight":0.0,"played":[1.0,0.0],"evs":[0.0,-0.9561]},"J6o":{"weight":0.0,"played":[1.0,0.0],"evs":[0.0,-1.074]},"Q6o":{"weight":0.0,"played":[0.9994,6.0E-4],"evs":[0.0,-0.63713]},"K6o":{"weight":0.0,"played":[0.9999,1.0E-4],"evs":[0.0,-0.76821]},"A6o":{"weight":0.0,"played":[1.0,0.0],"evs":[0.0,-0.6806]},"72s":{"weight":0.0,"played":[0.9996,4.0E-4],"evs":[0.0,-0.95396]},"73s":{"weight":0.0,"played":[0.9977,0.0023],"evs":[0.0,-0.49659]},"74s":{"weight":0.0,"played":[0.9733,0.0267],"evs":[0.0,-0.13418]},"75s":{"weight":0.0,"played":[0.1072,0.8928],"evs":[0.0,0.03208]},"76s":{"weight":0.0,"played":[1.0E-4,0.9999],"evs":[0.0,0.49568]},"77":{"weight":0.1686,"played":[0.0,1.0],"evs":[0.0,1.14289]},"87o":{"weight":0.0,"played":[1.0,0.0],"evs":[0.0,-0.59224]},"97o":{"weight":0.0,"played":[1.0,0.0],"evs":[0.0,-0.7416]},"T7o":{"weight":0.0,"played":[1.0,0.0],"evs":[0.0,-0.76014]},"J7o":{"weight":0.0,"played":[1.0,0.0],"evs":[0.0,-0.76214]},"Q7o":{"weight":0.0,"played":[1.0,0.0],"evs":[0.0,-0.64473]},"K7o":{"weight":0.0,"played":[0.9999,1.0E-4],"evs":[0.0,-0.76243]},"A7o":{"weight":0.0,"played":[1.0,0.0],"evs":[0.0,-0.68954]},"82s":{"weight":0.0,"played":[0.9997,3.0E-4],"evs":[0.0,-0.88174]},"83s":{"weight":0.0,"played":[0.9999,1.0E-4],"evs":[0.0,-0.96696]},"84s":{"weight":0.0,"played":[0.9874,0.0126],"evs":[0.0,-0.42233]},"85s":{"weight":0.0,"played":[0.53,0.47],"evs":[0.0,-0.07956]},"86s":{"weight":0.0,"played":[9.0E-4,0.9991],"evs":[0.0,0.11772]},"87s":{"weight":0.0,"played":[0.0043,0.9957],"evs":[0.0,0.50698]},"88":{"weight":0.7578,"played":[0.0,1.0],"evs":[0.0,1.1792]},"98o":{"weight":0.0,"played":[0.9999,1.0E-4],"evs":[0.0,-0.7346]},"T8o":{"weight":0.0,"played":[0.9999,1.0E-4],"evs":[0.0,-0.56702]},"J8o":{"weight":0.0,"played":[0.9994,6.0E-4],"evs":[0.0,-0.55354]},"Q8o":{"weight":0.0,"played":[0.9999,1.0E-4],"evs":[0.0,-0.63292]},"K8o":{"weight":0.0,"played":[0.9999,1.0E-4],"evs":[0.0,-0.81962]},"A8o":{"weight":0.0,"played":[0.9994,6.0E-4],"evs":[0.0,-0.54401]},"92s":{"weight":0.0,"played":[0.9999,1.0E-4],"evs":[0.0,-0.8356]},"93s":{"weight":0.0,"played":[0.9986,0.0014],"evs":[0.0,-0.91955]},"94s":{"weight":0.0,"played":[0.999,0.001],"evs":[0.0,-0.91211]},"95s":{"weight":0.0,"played":[0.9847,0.0153],"evs":[0.0,-0.09611]},"96s":{"weight":0.0,"played":[0.7933,0.2067],"evs":[0.0,-0.14087]},"97s":{"weight":0.0,"played":[0.0052,0.9948],"evs":[0.0,0.44277]},"98s":{"weight":0.0,"played":[0.0017,0.9983],"evs":[0.0,0.31075]},"99":{"weight":0.2769,"played":[0.0,1.0],"evs":[0.0,1.77944]},"T9o":{"weight":0.0,"played":[0.9815,0.0185],"evs":[0.0,-0.28756]},"J9o":{"weight":0.0,"played":[0.9983,0.0017],"evs":[0.0,-0.40117]},"Q9o":{"weight":0.0,"played":[0.9995,5.0E-4],"evs":[0.0,-0.32576]},"K9o":{"weight":0.0,"played":[0.9995,5.0E-4],"evs":[0.0,-0.71046]},"A9o":{"weight":0.4575,"played":[0.9997,3.0E-4],"evs":[0.0,-0.56306]},"T2s":{"weight":0.0,"played":[0.9998,2.0E-4],"evs":[0.0,-0.52219]},"T3s":{"weight":0.0,"played":[0.9999,1.0E-4],"evs":[0.0,-0.50449]},"T4s":{"weight":0.0,"played":[0.8326,0.1674],"evs":[0.0,-0.23176]},"T5s":{"weight":0.0,"played":[0.9979,0.0021],"evs":[0.0,-0.30081]},"T6s":{"weight":0.0,"played":[0.1011,0.8989],"evs":[0.0,0.30676]},"T7s":{"weight":0.0,"played":[1.0E-4,0.9999],"evs":[0.0,0.36819]},"T8s":{"weight":0.0,"played":[0.0,1.0],"evs":[0.0,0.35168]},"T9s":{"weight":0.0,"played":[0.0106,0.9894],"evs":[0.0,0.64161]},"TT":{"weight":0.514,"played":[0.0,1.0],"evs":[0.0,3.50464]},"JTo":{"weight":0.0,"played":[0.0316,0.9684],"evs":[0.0,0.41304]},"QTo":{"weight":0.0,"played":[0.0068,0.9932],"evs":[0.0,0.36032]},"KTo":{"weight":0.0,"played":[0.1224,0.8776],"evs":[0.0,0.11522]},"ATo":{"weight":0.2427,"played":[8.0E-4,0.9992],"evs":[0.0,0.13552]},"J2s":{"weight":0.0,"played":[0.9978,0.0022],"evs":[0.0,-0.13901]},"J3s":{"weight":0.0,"played":[0.856,0.144],"evs":[0.0,-0.19876]},"J4s":{"weight":0.0,"played":[0.2857,0.7143],"evs":[0.0,0.18487]},"J5s":{"weight":0.0,"played":[0.0226,0.9774],"evs":[0.0,0.10812]},"J6s":{"weight":0.0,"played":[0.5116,0.4884],"evs":[0.0,0.11811]},"J7s":{"weight":0.0,"played":[0.0197,0.9803],"evs":[0.0,0.20326]},"J8s":{"weight":0.0,"played":[0.006,0.994],"evs":[0.0,0.37344]},"J9s":{"weight":0.0,"played":[0.0055,0.9945],"evs":[0.0,0.70031]},"JTs":{"weight":0.0,"played":[0.001,0.999],"evs":[0.0,1.26015]},"JJ":{"weight":0.4948,"played":[0.0,1.0],"evs":[0.0,5.4177]},"QJo":{"weight":0.0,"played":[1.0E-4,0.9999],"evs":[0.0,0.88545]},"KJo":{"weight":0.0,"played":[0.0,1.0],"evs":[0.0,0.50281]},"AJo":{"weight":0.4035,"played":[4.0E-4,0.9996],"evs":[0.0,0.69963]},"Q2s":{"weight":0.0,"played":[0.9493,0.0507],"evs":[0.0,-0.28682]},"Q3s":{"weight":0.0,"played":[0.0719,0.9281],"evs":[0.0,0.22906]},"Q4s":{"weight":0.0,"played":[0.0038,0.9962],"evs":[0.0,0.26514]},"Q5s":{"weight":0.0,"played":[1.0E-4,0.9999],"evs":[0.0,0.48385]},"Q6s":{"weight":0.0,"played":[0.0469,0.9531],"evs":[0.0,0.26161]},"Q7s":{"weight":0.0,"played":[1.0E-4,0.9999],"evs":[0.0,0.22336]},"Q8s":{"weight":0.0,"played":[0.0036,0.9964],"evs":[0.0,0.61775]},"Q9s":{"weight":0.0,"played":[0.003,0.997],"evs":[0.0,0.54862]},"QTs":{"weight":0.0,"played":[0.0,1.0],"evs":[0.0,1.59643]},"QJs":{"weight":0.0,"played":[1.0E-4,0.9999],"evs":[0.0,1.84134]},"QQ":{"weight":0.5815,"played":[0.0,1.0],"evs":[0.0,7.43798]},"KQo":{"weight":0.0,"played":[0.0017,0.9983],"evs":[0.0,1.03737]},"AQo":{"weight":0.8367,"played":[0.0,1.0],"evs":[0.0,1.43781]},"K2s":{"weight":0.0,"played":[0.9559,0.0441],"evs":[0.0,-0.26127]},"K3s":{"weight":0.0,"played":[0.8338,0.1662],"evs":[0.0,-0.12899]},"K4s":{"weight":0.0,"played":[0.0032,0.9968],"evs":[0.0,0.11999]},"K5s":{"weight":0.0,"played":[0.0744,0.9256],"evs":[0.0,0.13525]},"K6s":{"weight":0.0,"played":[0.0057,0.9943],"evs":[0.0,0.36636]},"K7s":{"weight":0.0,"played":[0.2704,0.7296],"evs":[0.0,0.06045]},"K8s":{"weight":0.0,"played":[0.0112,0.9888],"evs":[0.0,0.32774]},"K9s":{"weight":0.0,"played":[0.0289,0.9711],"evs":[0.0,0.57565]},"KTs":{"weight":0.0,"played":[0.0,1.0],"evs":[0.0,1.11184]},"KJs":{"weight":0.0,"played":[0.0,1.0],"evs":[0.0,1.66086]},"KQs":{"weight":0.1833,"played":[0.0,1.0],"evs":[0.0,2.18067]},"KK":{"weight":0.5404,"played":[0.0,1.0],"evs":[0.0,10.49706]},"AKo":{"weight":0.1051,"played":[0.0,1.0],"evs":[0.0,3.62434]},"A2s":{"weight":0.0,"played":[0.0018,0.9982],"evs":[0.0,0.41299]},"A3s":{"weight":0.0,"played":[0.0,1.0],"evs":[0.0,0.57015]},"A4s":{"weight":0.0,"played":[2.0E-4,0.9998],"evs":[0.0,0.83828]},"A5s":{"weight":0.0,"played":[2.0E-4,0.9998],"evs":[0.0,0.93167]},"A6s":{"weight":0.0,"played":[0.0035,0.9965],"evs":[0.0,0.25032]},"A7s":{"weight":0.0,"played":[0.0103,0.9897],"evs":[0.0,0.48634]},"A8s":{"weight":0.3776,"played":[5.0E-4,0.9995],"evs":[0.0,0.46793]},"A9s":{"weight":0.8004,"played":[0.0,1.0],"evs":[0.0,0.67275]},"ATs":{"weight":0.7471,"played":[0.0,1.0],"evs":[0.0,1.26999]},"AJs":{"weight":0.591,"played":[0.0,1.0],"evs":[0.0,1.80937]},"AQs":{"weight":0.1919,"played":[0.0,1.0],"evs":[0.0,2.23688]},"AKs":{"weight":0.7599,"played":[0.0,1.0],"evs":[0.0,4.2753]},"AA":{"weight":0.6797,"played":[0.0,1.0],"evs":[0.0,14.25]}}}