{"player":1,"street":0,"children":2,"sequence":[{"player":0,"type":"R","amount":15550000,"street":0},{"player":1,"type":"C","amount":15550000,"street":0},{"player":2,"type":"R","amount":26780000,"street":0},{"player":3,"type":"C","amount":6170000,"street":0},{"player":4,"type":"F","amount":0,"street":0},{"player":5,"type":"C","amount":5070000,"street":0}],"actions":[{"type":"F","amount":0},{"type":"C","amount":8470000}],"hands":{"22":{"weight":0.0,"played":[0.022,0.978],"evs":[0.0,1.56773]},"32o":{"weight":0.0,"played":[0.0846,0.9154],"evs":[0.0,1.43896]},"42o":{"weight":0.0,"played":[1.0,0.0],"evs":[0.0,-3.223]},"52o":{"weight":0.0,"played":[0.0028,0.9972],"evs":[0.0,1.33878]},"62o":{"weight":0.0,"played":[0.4096,0.5904],"evs":[0.0,1.84872]},"72o":{"weight":0.0,"played":[0.0246,0.9754],"evs":[0.0,2.11492]},"82o":{"weight":0.0,"played":[0.2603,0.7397],"evs":[0.0,-0.09114]},"92o":{"weight":0.0,"played":[0.41,0.59],"evs":[0.0,-0.26372]},"T2o":{"weight":0.0,"played":[0.2204,0.7796],"evs":[0.0,-0.08855]},"J2o":{"weight":0.0,"played":[0.561,0.439],"evs":[0.0,-0.19027]},"Q2o":{"weight":0.0,"played":[0.1876,0.8124],"evs":[0.0,2.22439]},"K2o":{"weight":0.0,"played":[0.156,0.844],"evs":[0.0,1.46515]},"A2o":{"weight":0.0,"played":[0.4074,0.5926],"evs":[0.0,0.32134]},"32s":{"weight":0.0,"played":[0.2821,0.7179],"evs":[0.0,-1.13419]},"33":{"weight":0.0,"played":[0.4263,0.5737],"evs":[0.0,2.74844]},"43o":{"weight":0.0,"played":[0.9213,0.0787],"evs":[0.0,-0.16615]},"53o":{"weight":0.0,"played":[0.1297,0.8703],"evs":[0.0,2.31329]},"63o":{"weight":0.0,"played":[0.2282,0.7718],"evs":[0.0,2.73902]},"73o":{"weight":0.0,"played":[0.019,0.981],"evs":[0.0,1.59565]},"83o":{"weight":0.0,"played":[0.1668,0.8332],"evs":[0.0,3.97834]},"93o":{"weight":0.0,"played":[0.7513,0.2487],"evs":[0.0,-0.90481]},"T3o":{"weight":0.0,"played":[0.7747,0.2253],"evs":[0.0,-0.43849]},"J3o":{"weight":0.0,"played":[0.8657,0.1343],"evs":[0.0,-2.14365]},"Q3o":{"weight":0.0,"played":[0.2412,0.7588],"evs":[0.0,3.10801]},"K3o":{"weight":0.0,"played":[0.5764,0.4236],"evs":[0.0,4.41238]},"A3o":{"weight":0.0,"played":[0.8843,0.1157],"evs":[0.0,-2.9093]},"42s":{"weight":0.0,"played":[0.0192,0.9808],"evs":[0.0,5.15399]},"43s":{"weight":0.0,"played":[0.7652,0.2348],"evs":[0.0,1.63685]},"44":{"weight":0.0,"played":[0.4666,0.5334],"evs":[0.0,-0.6435]},"54o":{"weight":0.0,"played":[0.0219,0.9781],"evs":[0.0,1.20143]},"64o":{"weight":0.0,"played":[0.0987,0.9013],"evs":[0.0,3.41803]},"74o":{"weight":0.0,"played":[0.1249,0.8751],"evs":[0.0,1.64286]},"84o":{"weight":0.0,"played":[0.054,0.946],"evs":[0.0,4.38005]},"94o":{"weight":0.0,"played":[0.2408,0.7592],"evs":[0.0,2.64856]},"T4o":{"weight":0.0,"played":[0.3272,0.6728],"evs":[0.0,-0.51373]},"J4o":{"weight":0.0,"played":[0.0079,0.9921],"evs":[0.0,0.82679]},"Q4o":{"weight":0.0,"played":[0.0,1.0],"evs":[0.0,1.3032]},"K4o":{"weight":0.0,"played":[0.1983,0.8017],"evs":[0.0,4.72942]},"A4o":{"weight":0.0,"played":[0.4402,0.5598],"evs":[0.0,-1.62833]},"52s":{"weight":0.0,"played":[0.2177,0.7823],"evs":[0.0,-0.09115]},"53s":{"weight":0.0,"played":[0.7672,0.2328],"evs":[0.0,3.94791]},"54s":{"weight":0.0,"played":[0.2976,0.7024],"evs":[0.0,3.72337]},"55":{"weight":0.1951,"played":[0.0,1.0],"evs":[0.0,4.11973]},"65o":{"weight":0.0,"played":[0.0446,0.9554],"evs":[0.0,1.94398]},"75o":{"weight":0.0,"played":[0.088,0.912],"evs":[0.0,3.37073]},"85o":{"weight":0.0,"played":[0.6686,0.3314],"evs":[0.0,0.86116]},"95o":{"weight":0.0,"played":[0.619,0.381],"evs":[0.0,-0.20176]},"T5o":{"weight":0.0,"played":[0.3499,0.6501],"evs":[0.0,-0.78325]},"J5o":{"weight":0.0,"played":[0.3068,0.6932],"evs":[0.0,6.27944]},"Q5o":{"weight":0.0,"played":[0.3533,0.6467],"evs":[0.0,0.61883]},"K5o":{"weight":0.0,"played":[0.6891,0.3109],"evs":[0.0,-1.02964]},"A5o":{"weight":0.0,"played":[0.9757,0.0243],"evs":[0.0,-1.32448]},"62s":{"weight":0.0,"played":[0.1125,0.8875],"evs":[0.0,1.6865]},"63s":{"weight":0.0,"played":[0.6158,0.3842],"evs":[0.0,2.82113]},"64s":{"weight":0.0,"played":[0.6598,0.3402],"evs":[0.0,0.65142]},"65s":{"weight":0.0,"played":[0.4059,0.5941],"evs":[0.0,3.29795]},"66":{"weight":0.4755,"played":[0.225,0.775],"evs":[0.0,4.04151]},"76o":{"weight":0.0,"played":[0.0314,0.9686],"evs":[0.0,0.75959]},"86o":{"weight":0.0,"played":[9.0E-4,0.9991],"evs":[0.0,1.46499]},"96o":{"weight":0.0,"played":[0.088,0.912],"evs":[0.0,0.16938]},"T6o":{"weight":0.0,"played":[0.5496,0.4504],"evs":[0.0,0.72821]},"J6o":{"weight":0.0,"played":[0.541,0.459],"evs":[0.0,-0.15575]},"Q6o":{"weight":0.0,"played":[0.1325,0.8675],"evs":[0.0,2.56072]},"K6o":{"weight":0.0,"played":[0.1497,0.8503],"evs":[0.0,0.87131]},"A6o":{"weight":0.0,"played":[0.0922,0.9078],"evs":[0.0,1.42727]},"72s":{"weight":0.0,"played":[0.4197,0.5803],"evs":[0.0,-0.28401]},"73s":{"weight":0.0,"played":[0.3362,0.6638],"evs":[0.0,7.98393]},"74s":{"weight":0.0,"played":[0.1865,0.8135],"evs":[0.0,2.55176]},"75s":{"weight":0.0,"played":[0.4444,0.5556],"evs":[0.0,0.00583]},"76s":{"weight":0.0,"played":[0.2188,0.7812],"evs":[0.0,0.6786]},"77":{"weight":0.1686,"played":[0.0,1.0],"evs":[0.0,2.20898]},"87o":{"weight":0.0,"played":[0.0228,0.9772],"evs":[0.0,5.39502]},"97o":{"weight":0.0,"played":[0.0962,0.9038],"evs":[0.0,1.67571]},"T7o":{"weight":0.0,"played":[0.0053,0.9947],"evs":[0.0,2.7224]},"J7o":{"weight":0.0,"played":[0.2379,0.7621],"evs":[0.0,1.66198]},"Q7o":{"weight":0.0,"played":[0.0566,0.9434],"evs":[0.0,2.61715]},"K7o":{"weight":0.0,"played":[0.1327,0.8673],"evs":[0.0,2.51602]},"A7o":{"weight":0.0,"played":[0.0682,0.9318],"evs":[0.0,1.47848]},"82s":{"weight":0.0,"played":[0.6882,0.3118],"evs":[0.0,2.23859]},"83s":{"weight":0.0,"played":[1.0,0.0],"evs":[0.0,-2.29503]},"84s":{"weight":0.0,"played":[0.0463,0.9537],"evs":[0.0,5.23562]},"85s":{"weight":0.0,"played":[0.0061,0.9939],"evs":[0.0,1.41444]},"86s":{"weight":0.0,"played":[0.675,0.325],"evs":[0.0,1.18107]},"87s":{"weight":0.0,"played":[0.2416,0.7584],"evs":[0.0,2.55956]},"88":{"weight":0.7578,"played":[0.0153,0.9847],"evs":[0.0,8.25513]},"98o":{"weight":0.0,"played":[0.1593,0.8407],"evs":[0.0,0.75396]},"T8o":{"weight":0.0,"played":[0.7938,0.2062],"evs":[0.0,-1.52296]},"J8o":{"weight":0.0,"played":[0.3043,0.6957],"evs":[0.0,1.00232]},"Q8o":{"weight":0.0,"played":[0.0058,0.9942],"evs":[0.0,5.06635]},"K8o":{"weight":0.0,"played":[0.6754,0.3246],"evs":[0.0,-0.90523]},"A8o":{"weight":0.0,"played":[0.047,0.953],"evs":[0.0,1.43261]},"92s":{"weight":0.0,"played":[0.1288,0.8712],"evs":[0.0,2.31123]},"93s":{"weight":0.0,"played":[0.8113,0.1887],"evs":[0.0,-1.55234]},"94s":{"weight":0.0,"played":[0.7022,0.2978],"evs":[0.0,-1.77037]},"95s":{"weight":0.0,"played":[0.423,0.577],"evs":[0.0,4.70853]},"96s":{"weight":0.0,"played":[0.5058,0.4942],"evs":[0.0,6.50472]},"97s":{"weight":0.0,"played":[0.513,0.487],"evs":[0.0,-1.03232]},"98s":{"weight":0.0,"played":[0.8093,0.1907],"evs":[0.0,-2.21854]},"99":{"weight":0.2769,"played":[0.0,1.0],"evs":[0.0,3.39854]},"T9o":{"weight":0.0,"played":[0.3062,0.6938],"evs":[0.0,1.25275]},"J9o":{"weight":0.0,"played":[0.227,0.773],"evs":[0.0,1.40989]},"Q9o":{"weight":0.0,"played":[0.1916,0.8084],"evs":[0.0,2.35835]},"K9o":{"weight":0.0,"played":[0.5664,0.4336],"evs":[0.0,0.38176]},"A9o":{"weight":0.4575,"played":[8.0E-4,0.9992],"evs":[0.0,0.00572]},"T2s":{"weight":0.0,"played":[0.6754,0.3246],"evs":[0.0,-0.40815]},"T3s":{"weight":0.0,"played":[0.2738,0.7262],"evs":[0.0,0.49939]},"T4s":{"weight":0.0,"played":[0.5956,0.4044],"evs":[0.0,-0.46662]},"T5s":{"weight":0.0,"played":[0.3338,0.6662],"evs":[0.0,3.66732]},"T6s":{"weight":0.0,"played":[0.3376,0.6624],"evs":[0.0,1.73886]},"T7s":{"weight":0.0,"played":[0.2433,0.7567],"evs":[0.0,5.00439]},"T8s":{"weight":0.0,"played":[0.248,0.752],"evs":[0.0,3.8248]},"T9s":{"weight":0.0,"played":[0.1565,0.8435],"evs":[0.0,9.37575]},"TT":{"weight":0.514,"played":[0.0031,0.9969],"evs":[0.0,3.85473]},"JTo":{"weight":0.0,"played":[0.0,1.0],"evs":[0.0,1.79049]},"QTo":{"weight":0.0,"played":[2.0E-4,0.9998],"evs":[0.0,0.44021]},"KTo":{"weight":0.0,"played":[0.2591,0.7409],"evs":[0.0,1.59977]},"ATo":{"weight":0.2427,"played":[0.1096,0.8904],"evs":[0.0,0.88398]},"J2s":{"weight":0.0,"played":[0.3325,0.6675],"evs":[0.0,4.12908]},"J3s":{"weight":0.0,"played":[0.405,0.595],"evs":[0.0,0.42546]},"J4s":{"weight":0.0,"played":[0.4217,0.5783],"evs":[0.0,2.86312]},"J5s":{"weight":0.0,"played":[0.2192,0.7808],"evs":[0.0,1.85808]},"J6s":{"weight":0.0,"played":[0.4918,0.5082],"evs":[0.0,1.7103]},"J7s":{"weight":0.0,"played":[0.0954,0.9046],"evs":[0.0,9.61908]},"J8s":{"weight":0.0,"played":[0.3154,0.6846],"evs":[0.0,5.9369]},"J9s":{"weight":0.0,"played":[0.3399,0.6601],"evs":[0.0,2.52338]},"JTs":{"weight":0.0,"played":[0.7169,0.2831],"evs":[0.0,3.6274]},"JJ":{"weight":0.4948,"played":[0.0,1.0],"evs":[0.0,9.64789]},"QJo":{"weight":0.0,"played":[0.0479,0.9521],"evs":[0.0,1.34201]},"KJo":{"weight":0.0,"played":[0.2036,0.7964],"evs":[0.0,5.24466]},"AJo":{"weight":0.4035,"played":[0.2878,0.7122],"evs":[0.0,2.75185]},"Q2s":{"weight":0.0,"played":[0.4659,0.5341],"evs":[0.0,-1.63603]},"Q3s":{"weight":0.0,"played":[0.3045,0.6955],"evs":[0.0,2.18846]},"Q4s":{"weight":0.0,"played":[0.4927,0.5073],"evs":[0.0,1.51452]},"Q5s":{"weight":0.0,"played":[0.5211,0.4789],"evs":[0.0,0.75153]},"Q6s":{"weight":0.0,"played":[0.4237,0.5763],"evs":[0.0,1.78267]},"Q7s":{"weight":0.0,"played":[0.9262,0.0738],"evs":[0.0,-2.52644]},"Q8s":{"weight":0.0,"played":[0.7612,0.2388],"evs":[0.0,-1.90958]},"Q9s":{"weight":0.0,"played":[0.7537,0.2463],"evs":[0.0,-2.20086]},"QTs":{"weight":0.0,"played":[0.4254,0.5746],"evs":[0.0,-0.10267]},"QJs":{"weight":0.0,"played":[0.2355,0.7645],"evs":[0.0,1.96766]},"QQ":{"weight":0.5815,"played":[0.0223,0.9777],"evs":[0.0,8.42672]},"KQo":{"weight":0.0,"played":[0.6108,0.3892],"evs":[0.0,-0.49005]},"AQo":{"weight":0.8367,"played":[2.0E-4,0.9998],"evs":[0.0,11.11102]},"K2s":{"weight":0.0,"played":[0.6205,0.3795],"evs":[0.0,-2.32905]},"K3s":{"weight":0.0,"played":[0.002,0.998],"evs":[0.0,1.82595]},"K4s":{"weight":0.0,"played":[0.9954,0.0046],"evs":[0.0,-3.45333]},"K5s":{"weight":0.0,"played":[0.3503,0.6497],"evs":[0.0,-0.00416]},"K6s":{"weight":0.0,"played":[0.017,0.983],"evs":[0.0,4.97449]},"K7s":{"weight":0.0,"played":[0.601,0.399],"evs":[0.0,4.19883]},"K8s":{"weight":0.0,"played":[0.8623,0.1377],"evs":[0.0,-3.08523]},"K9s":{"weight":0.0,"played":[0.5022,0.4978],"evs":[0.0,-1.18648]},"KTs":{"weight":0.0,"played":[0.3163,0.6837],"evs":[0.0,5.60587]},"KJs":{"weight":0.0,"played":[0.4762,0.5238],"evs":[0.0,7.98375]},"KQs":{"weight":0.1833,"played":[0.3219,0.6781],"evs":[0.0,7.52283]},"KK":{"weight":0.5404,"played":[0.0,1.0],"evs":[0.0,11.48431]},"AKo":{"weight":0.1051,"played":[0.1235,0.8765],"evs":[0.0,-0.50741]},"A2s":{"weight":0.0,"played":[0.0,1.0],"evs":[0.0,3.07882]},"A3s":{"weight":0.0,"played":[0.5403,0.4597],"evs":[0.0,-1.99434]},"A4s":{"weight":0.0,"played":[0.0054,0.9946],"evs":[0.0,1.11754]},"A5s":{"weight":0.0,"played":[0.0962,0.9038],"evs":[0.0,1.04591]},"A6s":{"weight":0.0,"played":[0.5044,0.4956],"evs":[0.0,-2.06405]},"A7s":{"weight":0.0,"played":[0.4217,0.5783],"evs":[0.0,1.52481]},"A8s":{"weight":0.3776,"played":[0.0249,0.9751],"evs":[0.0,6.96302]},"A9s":{"weight":0.8004,"played":[1.0,0.0],"evs":[0.0,-3.93231]},"ATs":{"weight":0.7471,"played":[0.9082,0.0918],"evs":[0.0,-3.74665]},"AJs":{"weight":0.591,"played":[0.3267,0.6733],"evs":[0.0,-0.79509]},"AQs":{"weight":0.1919,"played":[0.0,1.0],"evs":[0.0,2.39756]},"AKs":{"weight":0.7599,"played":[0.0,1.0],"evs":[0.0,7.21502]},"AA":{"weight":0.6797,"played":[0.0,1.0],"evs":[0.0,11.15746]}}}