{"player":1,"street":0,"children":2,"sequence":[{"player":0,"type":"R","amount":15550000,"street":0},{"player":1,"type":"C","amount":15550000,"street":0},{"player":2,"type":"R","amount":26780000,"street":0},{"player":3,"type":"C","amount":6170000,"street":0},{"player":4,"type":"C","amount":25180000,"street":0},{"player":5,"type":"C","amount":5070000,"street":0}],"actions":[{"type":"F","amount":0},{"type":"C","amount":8470000}],"hands":{"22":{"weight":0.0,"played":[0.554,0.446],"evs":[0.0,5.01368]},"32o":{"weight":0.0,"played":[0.2715,0.7285],"evs":[0.0,3.29523]},"42o":{"weight":0.0,"played":[0.3863,0.6137],"evs":[0.0,-1.20437]},"52o":{"weight":0.0,"played":[0.6383,0.3617],"evs":[0.0,-0.56973]},"62o":{"weight":0.0,"played":[0.9965,0.0035],"evs":[0.0,-4.6939]},"72o":{"weight":0.0,"played":[0.7113,0.2887],"evs":[0.0,-2.69181]},"82o":{"weight":0.0,"played":[0.8678,0.1322],"evs":[0.0,-1.60822]},"92o":{"weight":0.0,"played":[0.2882,0.7118],"evs":[0.0,2.78247]},"T2o":{"weight":0.0,"played":[0.8201,0.1799],"evs":[0.0,-1.99023]},"J2o":{"weight":0.0,"played":[0.426,0.574],"evs":[0.0,-1.05325]},"Q2o":{"weight":0.0,"played":[0.2469,0.7531],"evs":[0.0,1.34188]},"K2o":{"weight":0.0,"played":[0.9108,0.0892],"evs":[0.0,-4.21551]},"A2o":{"weight":0.0,"played":[0.6593,0.3407],"evs":[0.0,-1.96813]},"32s":{"weight":0.0,"played":[0.9317,0.0683],"evs":[0.0,0.39053]},"33":{"weight":0.0,"played":[0.173,0.827],"evs":[0.0,0.86121]},"43o":{"weight":0.0,"played":[0.3899,0.6101],"evs":[0.0,-0.85646]},"53o":{"weight":0.0,"played":[0.5407,0.4593],"evs":[0.0,0.51167]},"63o":{"weight":0.0,"played":[0.5907,0.4093],"evs":[0.0,-1.93996]},"73o":{"weight":0.0,"played":[0.0773,0.9227],"evs":[0.0,1.59869]},"83o":{"weight":0.0,"played":[0.868,0.132],"evs":[0.0,0.41303]},"93o":{"weight":0.0,"played":[0.9168,0.0832],"evs":[0.0,-1.20918]},"T3o":{"weight":0.0,"played":[0.7203,0.2797],"evs":[0.0,-1.00024]},"J3o":{"weight":0.0,"played":[0.5633,0.4367],"evs":[0.0,-1.49746]},"Q3o":{"weight":0.0,"played":[0.2566,0.7434],"evs":[0.0,8.00767]},"K3o":{"weight":0.0,"played":[0.8025,0.1975],"evs":[0.0,0.86419]},"A3o":{"weight":0.0,"played":[0.5375,0.4625],"evs":[0.0,1.02946]},"42s":{"weight":0.0,"played":[0.962,0.038],"evs":[0.0,-4.55885]},"43s":{"weight":0.0,"played":[0.1087,0.8913],"evs":[0.0,-0.09]},"44":{"weight":0.0,"played":[0.3277,0.6723],"evs":[0.0,3.58118]},"54o":{"weight":0.0,"played":[0.8051,0.1949],"evs":[0.0,0.69378]},"64o":{"weight":0.0,"played":[0.2159,0.7841],"evs":[0.0,6.89107]},"74o":{"weight":0.0,"played":[0.7843,0.2157],"evs":[0.0,-2.71185]},"84o":{"weight":0.0,"played":[0.457,0.543],"evs":[0.0,0.30777]},"94o":{"weight":0.0,"played":[0.6206,0.3794],"evs":[0.0,-1.73693]},"T4o":{"weight":0.0,"played":[0.8463,0.1537],"evs":[0.0,-0.19725]},"J4o":{"weight":0.0,"played":[0.4213,0.5787],"evs":[0.0,1.90786]},"Q4o":{"weight":0.0,"played":[0.0263,0.9737],"evs":[0.0,8.8549]},"K4o":{"weight":0.0,"played":[1.0,0.0],"evs":[0.0,-5.11313]},"A4o":{"weight":0.0,"played":[0.7781,0.2219],"evs":[0.0,-3.933]},"52s":{"weight":0.0,"played":[0.515,0.485],"evs":[0.0,-3.65767]},"53s":{"weight":0.0,"played":[0.5473,0.4527],"evs":[0.0,3.60672]},"54s":{"weight":0.0,"played":[1.0,0.0],"evs":[0.0,-5.09082]},"55":{"weight":0.1951,"played":[0.8436,0.1564],"evs":[0.0,-0.23155]},"65o":{"weight":0.0,"played":[0.9264,0.0736],"evs":[0.0,1.14981]},"75o":{"weight":0.0,"played":[0.5555,0.4445],"evs":[0.0,-0.23276]},"85o":{"weight":0.0,"played":[0.2722,0.7278],"evs":[0.0,0.19578]},"95o":{"weight":0.0,"played":[0.5916,0.4084],"evs":[0.0,-1.18399]},"T5o":{"weight":0.0,"played":[1.0,0.0],"evs":[0.0,-4.88309]},"J5o":{"weight":0.0,"played":[0.7247,0.2753],"evs":[0.0,-1.47199]},"Q5o":{"weight":0.0,"played":[1.0,0.0],"evs":[0.0,-4.80778]},"K5o":{"weight":0.0,"played":[0.7814,0.2186],"evs":[0.0,-3.66786]},"A5o":{"weight":0.0,"played":[0.9581,0.0419],"evs":[0.0,-4.15053]},"62s":{"weight":0.0,"played":[1.0,0.0],"evs":[0.0,-4.57487]},"63s":{"weight":0.0,"played":[1.0,0.0],"evs":[0.0,-5.62452]},"64s":{"weight":0.0,"played":[1.0,0.0],"evs":[0.0,-4.08944]},"65s":{"weight":0.0,"played":[0.9671,0.0329],"evs":[0.0,-4.4642]},"66":{"weight":0.4755,"played":[0.6897,0.3103],"evs":[0.0,-2.53378]},"76o":{"weight":0.0,"played":[0.6569,0.3431],"evs":[0.0,2.35618]},"86o":{"weight":0.0,"played":[0.2473,0.7527],"evs":[0.0,0.18771]},"96o":{"weight":0.0,"played":[0.4503,0.5497],"evs":[0.0,15.90046]},"T6o":{"weight":0.0,"played":[0.2135,0.7865],"evs":[0.0,1.41873]},"J6o":{"weight":0.0,"played":[0.5218,0.4782],"evs":[0.0,4.39346]},"Q6o":{"weight":0.0,"played":[0.9988,0.0012],"evs":[0.0,-3.59773]},"K6o":{"weight":0.0,"played":[0.0974,0.9026],"evs":[0.0,2.92969]},"A6o":{"weight":0.0,"played":[0.8955,0.1045],"evs":[0.0,-0.5398]},"72s":{"weight":0.0,"played":[1.0,0.0],"evs":[0.0,-4.33288]},"73s":{"weight":0.0,"played":[0.3096,0.6904],"evs":[0.0,0.48622]},"74s":{"weight":0.0,"played":[1.0,0.0],"evs":[0.0,4.35154]},"75s":{"weight":0.0,"played":[1.0,0.0],"evs":[0.0,-4.87383]},"76s":{"weight":0.0,"played":[0.9488,0.0512],"evs":[0.0,-5.03314]},"77":{"weight":0.1686,"played":[0.5223,0.4777],"evs":[0.0,10.062]},"87o":{"weight":0.0,"played":[0.2781,0.7219],"evs":[0.0,-0.24103]},"97o":{"weight":0.0,"played":[0.6624,0.3376],"evs":[0.0,-2.78905]},"T7o":{"weight":0.0,"played":[0.3847,0.6153],"evs":[0.0,0.02719]},"J7o":{"weight":0.0,"played":[0.4629,0.5371],"evs":[0.0,0.76042]},"Q7o":{"weight":0.0,"played":[0.6841,0.3159],"evs":[0.0,-0.41462]},"K7o":{"weight":0.0,"played":[0.4874,0.5126],"evs":[0.0,0.68775]},"A7o":{"weight":0.0,"played":[1.0,0.0],"evs":[0.0,-0.9644]},"82s":{"weight":0.0,"played":[0.7778,0.2222],"evs":[0.0,-3.94701]},"83s":{"weight":0.0,"played":[1.0,0.0],"evs":[0.0,-5.62452]},"84s":{"weight":0.0,"played":[0.3397,0.6603],"evs":[0.0,1.74302]},"85s":{"weight":0.0,"played":[0.5272,0.4728],"evs":[0.0,3.56104]},"86s":{"weight":0.0,"played":[0.3494,0.6506],"evs":[0.0,14.4009]},"87s":{"weight":0.0,"played":[0.9723,0.0277],"evs":[0.0,-5.43643]},"88":{"weight":0.7578,"played":[0.1535,0.8465],"evs":[0.0,5.63101]},"98o":{"weight":0.0,"played":[0.0557,0.9443],"evs":[0.0,8.7576]},"T8o":{"weight":0.0,"played":[0.3623,0.6377],"evs":[0.0,3.78039]},"J8o":{"weight":0.0,"played":[0.9256,0.0744],"evs":[0.0,-4.71602]},"Q8o":{"weight":0.0,"played":[0.4533,0.5467],"evs":[0.0,4.95887]},"K8o":{"weight":0.0,"played":[0.6828,0.3172],"evs":[0.0,-3.85026]},"A8o":{"weight":0.0,"played":[0.1168,0.8832],"evs":[0.0,14.5583]},"92s":{"weight":0.0,"played":[0.9079,0.0921],"evs":[0.0,-4.59935]},"93s":{"weight":0.0,"played":[1.0,0.0],"evs":[0.0,21.11621]},"94s":{"weight":0.0,"played":[1.0,0.0],"evs":[0.0,-4.59813]},"95s":{"weight":0.0,"played":[0.819,0.181],"evs":[0.0,-4.75862]},"96s":{"weight":0.0,"played":[0.0,1.0],"evs":[0.0,-2.11048]},"97s":{"weight":0.0,"played":[0.7031,0.2969],"evs":[0.0,-3.79975]},"98s":{"weight":0.0,"played":[1.0,0.0],"evs":[0.0,-4.81528]},"99":{"weight":0.2769,"played":[0.0,1.0],"evs":[0.0,14.60558]},"T9o":{"weight":0.0,"played":[0.885,0.115],"evs":[0.0,-0.96923]},"J9o":{"weight":0.0,"played":[0.67,0.33],"evs":[0.0,-1.97757]},"Q9o":{"weight":0.0,"played":[0.0472,0.9528],"evs":[0.0,9.19883]},"K9o":{"weight":0.0,"played":[0.1985,0.8015],"evs":[0.0,1.97505]},"A9o":{"weight":0.4575,"played":[0.774,0.226],"evs":[0.0,-2.27382]},"T2s":{"weight":0.0,"played":[0.9712,0.0288],"evs":[0.0,-4.2128]},"T3s":{"weight":0.0,"played":[0.9055,0.0945],"evs":[0.0,-4.76608]},"T4s":{"weight":0.0,"played":[1.0,0.0],"evs":[0.0,6.79632]},"T5s":{"weight":0.0,"played":[1.0,0.0],"evs":[0.0,-5.21278]},"T6s":{"weight":0.0,"played":[1.0,0.0],"evs":[0.0,-4.653]},"T7s":{"weight":0.0,"played":[0.9468,0.0532],"evs":[0.0,-5.61036]},"T8s":{"weight":0.0,"played":[1.0,0.0],"evs":[0.0,-4.44409]},"T9s":{"weight":0.0,"played":[0.1471,0.8529],"evs":[0.0,-1.84757]},"TT":{"weight":0.514,"played":[0.2214,0.7786],"evs":[0.0,-0.173]},"JTo":{"weight":0.0,"played":[0.4582,0.5418],"evs":[0.0,-1.79377]},"QTo":{"weight":0.0,"played":[0.0859,0.9141],"evs":[0.0,-0.63066]},"KTo":{"weight":0.0,"played":[0.279,0.721],"evs":[0.0,7.28634]},"ATo":{"weight":0.2427,"played":[0.8811,0.1189],"evs":[0.0,-0.97865]},"J2s":{"weight":0.0,"played":[1.0,0.0],"evs":[0.0,-5.01698]},"J3s":{"weight":0.0,"played":[1.0,0.0],"evs":[0.0,10.64025]},"J4s":{"weight":0.0,"played":[1.0,0.0],"evs":[0.0,-4.34929]},"J5s":{"weight":0.0,"played":[0.3824,0.6176],"evs":[0.0,4.59819]},"J6s":{"weight":0.0,"played":[0.9173,0.0827],"evs":[0.0,6.71353]},"J7s":{"weight":0.0,"played":[0.9058,0.0942],"evs":[0.0,-3.86227]},"J8s":{"weight":0.0,"played":[1.0,0.0],"evs":[0.0,-0.27302]},"J9s":{"weight":0.0,"played":[0.6972,0.3028],"evs":[0.0,-4.84846]},"JTs":{"weight":0.0,"played":[0.5528,0.4472],"evs":[0.0,14.27241]},"JJ":{"weight":0.4948,"played":[0.0137,0.9863],"evs":[0.0,18.38051]},"QJo":{"weight":0.0,"played":[0.2209,0.7791],"evs":[0.0,17.01233]},"KJo":{"weight":0.0,"played":[0.2973,0.7027],"evs":[0.0,-0.93434]},"AJo":{"weight":0.4035,"played":[0.1212,0.8788],"evs":[0.0,0.97891]},"Q2s":{"weight":0.0,"played":[1.0,0.0],"evs":[0.0,-4.82492]},"Q3s":{"weight":0.0,"played":[0.9373,0.0627],"evs":[0.0,5.54644]},"Q4s":{"weight":0.0,"played":[0.2429,0.7571],"evs":[0.0,-4.19359]},"Q5s":{"weight":0.0,"played":[0.0,1.0],"evs":[0.0,7.43143]},"Q6s":{"weight":0.0,"played":[0.3867,0.6133],"evs":[0.0,-1.20714]},"Q7s":{"weight":0.0,"played":[0.5957,0.4043],"evs":[0.0,-2.74051]},"Q8s":{"weight":0.0,"played":[0.5196,0.4804],"evs":[0.0,8.46413]},"Q9s":{"weight":0.0,"played":[0.8092,0.1908],"evs":[0.0,-4.78009]},"QTs":{"weight":0.0,"played":[0.9631,0.0369],"evs":[0.0,-5.16315]},"QJs":{"weight":0.0,"played":[0.6619,0.3381],"evs":[0.0,-4.57949]},"QQ":{"weight":0.5815,"played":[0.0,1.0],"evs":[0.0,17.6483]},"KQo":{"weight":0.0,"played":[0.4052,0.5948],"evs":[0.0,1.21725]},"AQo":{"weight":0.8367,"played":[0.6035,0.3965],"evs":[0.0,-0.12915]},"K2s":{"weight":0.0,"played":[0.4418,0.5582],"evs":[0.0,-1.32383]},"K3s":{"weight":0.0,"played":[0.6568,0.3432],"evs":[0.0,-4.49401]},"K4s":{"weight":0.0,"played":[0.9293,0.0707],"evs":[0.0,-5.03166]},"K5s":{"weight":0.0,"played":[0.5,0.5],"evs":[0.0,-5.66623]},"K6s":{"weight":0.0,"played":[0.9725,0.0275],"evs":[0.0,-5.97721]},"K7s":{"weight":0.0,"played":[0.6279,0.3721],"evs":[0.0,-4.29196]},"K8s":{"weight":0.0,"played":[0.7379,0.2621],"evs":[0.0,8.14032]},"K9s":{"weight":0.0,"played":[0.2568,0.7432],"evs":[0.0,7.66845]},"KTs":{"weight":0.0,"played":[0.7528,0.2472],"evs":[0.0,-4.02846]},"KJs":{"weight":0.0,"played":[0.988,0.012],"evs":[0.0,-3.86227]},"KQs":{"weight":0.1833,"played":[0.0663,0.9337],"evs":[0.0,20.06748]},"KK":{"weight":0.5404,"played":[0.9214,0.0786],"evs":[0.0,-0.56738]},"AKo":{"weight":0.1051,"played":[0.8238,0.1762],"evs":[0.0,2.46184]},"A2s":{"weight":0.0,"played":[0.1844,0.8156],"evs":[0.0,6.45161]},"A3s":{"weight":0.0,"played":[0.9614,0.0386],"evs":[0.0,-5.46461]},"A4s":{"weight":0.0,"played":[0.9099,0.0901],"evs":[0.0,15.65295]},"A5s":{"weight":0.0,"played":[0.1867,0.8133],"evs":[0.0,-4.9459]},"A6s":{"weight":0.0,"played":[0.7094,0.2906],"evs":[0.0,-5.30781]},"A7s":{"weight":0.0,"played":[0.8506,0.1494],"evs":[0.0,-4.87019]},"A8s":{"weight":0.3776,"played":[0.1271,0.8729],"evs":[0.0,1.15008]},"A9s":{"weight":0.8004,"played":[0.2972,0.7028],"evs":[0.0,4.11803]},"ATs":{"weight":0.7471,"played":[0.0,1.0],"evs":[0.0,4.20596]},"AJs":{"weight":0.591,"played":[0.4513,0.5487],"evs":[0.0,11.22533]},"AQs":{"weight":0.1919,"played":[0.5625,0.4375],"evs":[0.0,6.0128]},"AKs":{"weight":0.7599,"played":[0.2197,0.7803],"evs":[0.0,5.20295]},"AA":{"weight":0.6797,"played":[0.0,1.0],"evs":[0.0,12.71561]}}}