{"player":0,"street":0,"children":2,"sequence":[],"actions":[{"type":"F","amount":0,"node":1},{"type":"R","amount":945000,"node":30}],"hands":{"22":{"weight":1.0,"played":[0.0,1.0],"evs":[0.0,0.27513]},"32o":{"weight":1.0,"played":[1.0,0.0],"evs":[0.0,-3.43662]},"42o":{"weight":1.0,"played":[1.0,0.0],"evs":[0.0,-3.24697]},"52o":{"weight":1.0,"played":[1.0,0.0],"evs":[0.0,-3.0571]},"62o":{"weight":1.0,"played":[1.0,0.0],"evs":[0.0,-3.38047]},"72o":{"weight":1.0,"played":[1.0,0.0],"evs":[0.0,-3.63485]},"82o":{"weight":1.0,"played":[1.0,0.0],"evs":[0.0,-3.41077]},"92o":{"weight":1.0,"played":[1.0,0.0],"evs":[0.0,-3.28622]},"T2o":{"weight":1.0,"played":[1.0,0.0],"evs":[0.0,-3.10124]},"J2o":{"weight":1.0,"played":[1.0,0.0],"evs":[0.0,-2.82191]},"Q2o":{"weight":1.0,"played":[1.0,0.0],"evs":[0.0,-2.40433]},"K2o":{"weight":1.0,"played":[1.0,0.0],"evs":[0.0,-1.77075]},"A2o":{"weight":1.0,"played":[1.0,0.0],"evs":[0.0,-0.16612]},"32s":{"weight":1.0,"played":[1.0,0.0],"evs":[0.0,-2.21212]},"33":{"weight":1.0,"played":[0.0,1.0],"evs":[0.0,0.72947]},"43o":{"weight":1.0,"played":[1.0,0.0],"evs":[0.0,-2.75242]},"53o":{"weight":1.0,"played":[1.0,0.0],"evs":[0.0,-2.53998]},"63o":{"weight":1.0,"played":[1.0,0.0],"evs":[0.0,-2.85762]},"73o":{"weight":1.0,"played":[1.0,0.0],"evs":[0.0,-3.12295]},"83o":{"weight":1.0,"played":[1.0,0.0],"evs":[0.0,-3.33045]},"93o":{"weight":1.0,"played":[1.0,0.0],"evs":[0.0,-3.11942]},"T3o":{"weight":1.0,"played":[1.0,0.0],"evs":[0.0,-2.93127]},"J3o":{"weight":1.0,"played":[1.0,0.0],"evs":[0.0,-2.65313]},"Q3o":{"weight":1.0,"played":[1.0,0.0],"evs":[0.0,-2.23478]},"K3o":{"weight":1.0,"played":[1.0,0.0],"evs":[0.0,-1.59912]},"A3o":{"weight":1.0,"played":[0.0,1.0],"evs":[0.0,0.01872]},"42s":{"weight":1.0,"played":[1.0,0.0],"evs":[0.0,-2.04117]},"43s":{"weight":1.0,"played":[1.0,0.0],"evs":[0.0,-1.5727]},"44":{"weight":1.0,"played":[0.0,1.0],"evs":[0.0,1.23881]},"54o":{"weight":1.0,"played":[1.0,0.0],"evs":[0.0,-2.06537]},"64o":{"weight":1.0,"played":[1.0,0.0],"evs":[0.0,-2.35308]},"74o":{"weight":1.0,"played":[1.0,0.0],"evs":[0.0,-2.62118]},"84o":{"weight":1.0,"played":[1.0,0.0],"evs":[0.0,-2.83722]},"94o":{"weight":1.0,"played":[1.0,0.0],"evs":[0.0,-3.05499]},"T4o":{"weight":1.0,"played":[1.0,0.0],"evs":[0.0,-2.7819]},"J4o":{"weight":1.0,"played":[1.0,0.0],"evs":[0.0,-2.49786]},"Q4o":{"weight":1.0,"played":[1.0,0.0],"evs":[0.0,-2.08648]},"K4o":{"weight":1.0,"played":[1.0,0.0],"evs":[0.0,-1.44898]},"A4o":{"weight":1.0,"played":[0.0,1.0],"evs":[0.0,0.19786]},"52s":{"weight":1.0,"played":[1.0,0.0],"evs":[0.0,-1.85516]},"53s":{"weight":1.0,"played":[1.0,0.0],"evs":[0.0,-1.37103]},"54s":{"weight":1.0,"played":[1.0,0.0],"evs":[0.0,-0.93476]},"55":{"weight":1.0,"played":[0.0,1.0],"evs":[0.0,1.8342]},"65o":{"weight":1.0,"played":[1.0,0.0],"evs":[0.0,-1.87012]},"75o":{"weight":1.0,"played":[1.0,0.0],"evs":[0.0,-2.09976]},"85o":{"weight":1.0,"played":[1.0,0.0],"evs":[0.0,-2.3074]},"95o":{"weight":1.0,"played":[1.0,0.0],"evs":[0.0,-2.53181]},"T5o":{"weight":1.0,"played":[1.0,0.0],"evs":[0.0,-2.67746]},"J5o":{"weight":1.0,"played":[1.0,0.0],"evs":[0.0,-2.32109]},"Q5o":{"weight":1.0,"played":[1.0,0.0],"evs":[0.0,-1.90345]},"K5o":{"weight":1.0,"played":[1.0,0.0],"evs":[0.0,-1.25687]},"A5o":{"weight":1.0,"played":[0.0,1.0],"evs":[0.0,0.46273]},"62s":{"weight":1.0,"played":[1.0,0.0],"evs":[0.0,-2.14796]},"63s":{"weight":1.0,"played":[1.0,0.0],"evs":[0.0,-1.66034]},"64s":{"weight":1.0,"played":[1.0,0.0],"evs":[0.0,-1.19438]},"65s":{"weight":1.0,"played":[1.0,0.0],"evs":[0.0,-0.74322]},"66":{"weight":1.0,"played":[0.0,1.0],"evs":[0.0,2.45102]},"76o":{"weight":1.0,"played":[1.0,0.0],"evs":[0.0,-1.65074]},"86o":{"weight":1.0,"played":[1.0,0.0],"evs":[0.0,-1.8214]},"96o":{"weight":1.0,"played":[1.0,0.0],"evs":[0.0,-2.02376]},"T6o":{"weight":1.0,"played":[1.0,0.0],"evs":[0.0,-2.1862]},"J6o":{"weight":1.0,"played":[1.0,0.0],"evs":[0.0,-2.2297]},"Q6o":{"weight":1.0,"played":[1.0,0.0],"evs":[0.0,-1.73342]},"K6o":{"weight":1.0,"played":[1.0,0.0],"evs":[0.0,-1.048]},"A6o":{"weight":1.0,"played":[0.0,1.0],"evs":[0.0,0.41222]},"72s":{"weight":1.0,"played":[1.0,0.0],"evs":[0.0,-2.38923]},"73s":{"weight":1.0,"played":[1.0,0.0],"evs":[0.0,-1.90914]},"74s":{"weight":1.0,"played":[1.0,0.0],"evs":[0.0,-1.44572]},"75s":{"weight":1.0,"played":[1.0,0.0],"evs":[0.0,-0.955]},"76s":{"weight":1.0,"played":[1.0,0.0],"evs":[0.0,-0.53399]},"77":{"weight":1.0,"played":[0.0,1.0],"evs":[0.0,3.10658]},"87o":{"weight":1.0,"played":[1.0,0.0],"evs":[0.0,-1.41808]},"97o":{"weight":1.0,"played":[1.0,0.0],"evs":[0.0,-1.58054]},"T7o":{"weight":1.0,"played":[1.0,0.0],"evs":[0.0,-1.72504]},"J7o":{"weight":1.0,"played":[1.0,0.0],"evs":[0.0,-1.78205]},"Q7o":{"weight":1.0,"played":[1.0,0.0],"evs":[0.0,-1.6714]},"K7o":{"weight":1.0,"played":[1.0,0.0],"evs":[0.0,-0.87142]},"A7o":{"weight":1.0,"played":[0.0,1.0],"evs":[0.0,0.85594]},"82s":{"weight":1.0,"played":[1.0,0.0],"evs":[0.0,-2.17058]},"83s":{"weight":1.0,"played":[1.0,0.0],"evs":[0.0,-2.09363]},"84s":{"weight":1.0,"played":[1.0,0.0],"evs":[0.0,-1.6465]},"85s":{"weight":1.0,"played":[1.0,0.0],"evs":[0.0,-1.14903]},"86s":{"weight":1.0,"played":[1.0,0.0],"evs":[0.0,-0.68722]},"87s":{"weight":1.0,"played":[1.0,0.0],"evs":[0.0,-0.31549]},"88":{"weight":1.0,"played":[0.0,1.0],"evs":[0.0,3.90684]},"98o":{"weight":1.0,"played":[1.0,0.0],"evs":[0.0,-1.16252]},"T8o":{"weight":1.0,"played":[1.0,0.0],"evs":[0.0,-1.2348]},"J8o":{"weight":1.0,"played":[1.0,0.0],"evs":[0.0,-1.26824]},"Q8o":{"weight":1.0,"played":[1.0,0.0],"evs":[0.0,-1.15378]},"K8o":{"weight":1.0,"played":[1.0,0.0],"evs":[0.0,-0.66899]},"A8o":{"weight":1.0,"played":[0.0,1.0],"evs":[0.0,1.39036]},"92s":{"weight":1.0,"played":[1.0,0.0],"evs":[0.0,-2.04389]},"93s":{"weight":1.0,"played":[1.0,0.0],"evs":[0.0,-1.89244]},"94s":{"weight":1.0,"played":[1.0,0.0],"evs":[0.0,-1.8393]},"95s":{"weight":1.0,"played":[1.0,0.0],"evs":[0.0,-1.35596]},"96s":{"weight":1.0,"played":[1.0,0.0],"evs":[0.0,-0.87996]},"97s":{"weight":1.0,"played":[1.0,0.0],"evs":[0.0,-0.46663]},"98s":{"weight":1.0,"played":[1.0,0.0],"evs":[0.0,-0.06727]},"99":{"weight":1.0,"played":[0.0,1.0],"evs":[0.0,4.81563]},"T9o":{"weight":1.0,"played":[1.0,0.0],"evs":[0.0,-0.73757]},"J9o":{"weight":1.0,"played":[1.0,0.0],"evs":[0.0,-0.75898]},"Q9o":{"weight":1.0,"played":[1.0,0.0],"evs":[0.0,-0.62995]},"K9o":{"weight":1.0,"played":[1.0,0.0],"evs":[0.0,-0.09617]},"A9o":{"weight":1.0,"played":[0.0,1.0],"evs":[0.0,1.9426]},"T2s":{"weight":1.0,"played":[1.0,0.0],"evs":[0.0,-1.87958]},"T3s":{"weight":1.0,"played":[1.0,0.0],"evs":[0.0,-1.73237]},"T4s":{"weight":1.0,"played":[1.0,0.0],"evs":[0.0,-1.59802]},"T5s":{"weight":1.0,"played":[1.0,0.0],"evs":[0.0,-1.49602]},"T6s":{"weight":1.0,"played":[1.0,0.0],"evs":[0.0,-1.04124]},"T7s":{"weight":1.0,"played":[1.0,0.0],"evs":[0.0,-0.60587]},"T8s":{"weight":1.0,"played":[1.0,0.0],"evs":[0.0,-0.15487]},"T9s":{"weight":1.0,"played":[0.0,1.0],"evs":[0.0,0.31276]},"TT":{"weight":1.0,"played":[0.0,1.0],"evs":[0.0,6.06667]},"JTo":{"weight":1.0,"played":[1.0,0.0],"evs":[0.0,-0.06095]},"QTo":{"weight":1.0,"played":[0.0,1.0],"evs":[0.0,0.16318]},"KTo":{"weight":1.0,"played":[0.0,1.0],"evs":[0.0,0.84353]},"ATo":{"weight":1.0,"played":[0.0,1.0],"evs":[0.0,3.15051]},"J2s":{"weight":1.0,"played":[1.0,0.0],"evs":[0.0,-1.60412]},"J3s":{"weight":1.0,"played":[1.0,0.0],"evs":[0.0,-1.44546]},"J4s":{"weight":1.0,"played":[1.0,0.0],"evs":[0.0,-1.30692]},"J5s":{"weight":1.0,"played":[1.0,0.0],"evs":[0.0,-1.15222]},"J6s":{"weight":1.0,"played":[1.0,0.0],"evs":[0.0,-1.06589]},"J7s":{"weight":1.0,"played":[1.0,0.0],"evs":[0.0,-0.64301]},"J8s":{"weight":1.0,"played":[1.0,0.0],"evs":[0.0,-0.1737]},"J9s":{"weight":1.0,"played":[0.0,1.0],"evs":[0.0,0.29486]},"JTs":{"weight":1.0,"played":[0.0,1.0],"evs":[0.0,0.94212]},"JJ":{"weight":1.0,"played":[0.0,1.0],"evs":[0.0,7.37854]},"QJo":{"weight":1.0,"played":[0.0,1.0],"evs":[0.0,0.6701]},"KJo":{"weight":1.0,"played":[0.0,1.0],"evs":[0.0,1.41316]},"AJo":{"weight":1.0,"played":[0.0,1.0],"evs":[0.0,3.92492]},"Q2s":{"weight":1.0,"played":[1.0,0.0],"evs":[0.0,-1.19734]},"Q3s":{"weight":1.0,"played":[1.0,0.0],"evs":[0.0,-1.04354]},"Q4s":{"weight":1.0,"played":[1.0,0.0],"evs":[0.0,-0.90437]},"Q5s":{"weight":1.0,"played":[1.0,0.0],"evs":[0.0,-0.73826]},"Q6s":{"weight":1.0,"played":[1.0,0.0],"evs":[0.0,-0.58122]},"Q7s":{"weight":1.0,"played":[1.0,0.0],"evs":[0.0,-0.51843]},"Q8s":{"weight":1.0,"played":[1.0,0.0],"evs":[0.0,-0.0535]},"Q9s":{"weight":1.0,"played":[0.0,1.0],"evs":[0.0,0.43626]},"QTs":{"weight":1.0,"played":[0.0,1.0],"evs":[0.0,1.17613]},"QJs":{"weight":1.0,"played":[0.0,1.0],"evs":[0.0,1.63047]},"QQ":{"weight":1.0,"played":[0.0,1.0],"evs":[0.0,8.78067]},"KQo":{"weight":1.0,"played":[0.0,1.0],"evs":[0.0,2.05094]},"AQo":{"weight":1.0,"played":[0.0,1.0],"evs":[0.0,4.7591]},"K2s":{"weight":1.0,"played":[1.0,0.0],"evs":[0.0,-0.56921]},"K3s":{"weight":1.0,"played":[1.0,0.0],"evs":[0.0,-0.4161]},"K4s":{"weight":1.0,"played":[1.0,0.0],"evs":[0.0,-0.27384]},"K5s":{"weight":1.0,"played":[1.0,0.0],"evs":[0.0,-0.10539]},"K6s":{"weight":1.0,"played":[0.0,1.0],"evs":[0.0,0.0776]},"K7s":{"weight":1.0,"played":[0.0,1.0],"evs":[0.0,0.23852]},"K8s":{"weight":1.0,"played":[0.0,1.0],"evs":[0.0,0.42486]},"K9s":{"weight":1.0,"played":[0.0,1.0],"evs":[0.0,0.96078]},"KTs":{"weight":1.0,"played":[0.0,1.0],"evs":[0.0,1.82694]},"KJs":{"weight":1.0,"played":[0.0,1.0],"evs":[0.0,2.3462]},"KQs":{"weight":1.0,"played":[0.0,1.0],"evs":[0.0,2.94973]},"KK":{"weight":1.0,"played":[0.0,1.0],"evs":[0.0,10.33154]},"AKo":{"weight":1.0,"played":[0.0,1.0],"evs":[0.0,5.69679]},"A2s":{"weight":1.0,"played":[0.0,1.0],"evs":[0.0,0.92999]},"A3s":{"weight":1.0,"played":[0.0,1.0],"evs":[0.0,1.09856]},"A4s":{"weight":1.0,"played":[0.0,1.0],"evs":[0.0,1.26742]},"A5s":{"weight":1.0,"played":[0.0,1.0],"evs":[0.0,1.49641]},"A6s":{"weight":1.0,"played":[0.0,1.0],"evs":[0.0,1.45534]},"A7s":{"weight":1.0,"played":[0.0,1.0],"evs":[0.0,1.86584]},"A8s":{"weight":1.0,"played":[0.0,1.0],"evs":[0.0,2.35633]},"A9s":{"weight":1.0,"played":[0.0,1.0],"evs":[0.0,2.87234]},"ATs":{"weight":1.0,"played":[0.0,1.0],"evs":[0.0,3.99639]},"AJs":{"weight":1.0,"played":[0.0,1.0],"evs":[0.0,4.70941]},"AQs":{"weight":1.0,"played":[0.0,1.0],"evs":[0.0,5.48998]},"AKs":{"weight":1.0,"played":[0.0,1.0],"evs":[0.0,6.34652]},"AA":{"weight":1.0,"played":[0.0,1.0],"evs":[0.0,12.497]}}}