{"player":3,"street":0,"children":3,"sequence":[{"player":0,"type":"F","amount":0,"street":0},{"player":1,"type":"R","amount":895000,"street":0},{"player":2,"type":"F","amount":0,"street":0}],"actions":[{"type":"F","amount":0,"node":14},{"type":"C","amount":845000,"node":15},{"type":"R","amount":945000,"node":17}],"hands":{"22":{"weight":1.0,"played":[0.0,0.6992,0.3008],"evs":[0.0,0.57465,0.57602]},"32o":{"weight":1.0,"played":[1.0,0.0,0.0],"evs":[0.0,-4.65398,-4.65339]},"42o":{"weight":1.0,"played":[1.0,0.0,0.0],"evs":[0.0,-4.31696,-4.31764]},"52o":{"weight":1.0,"played":[1.0,0.0,0.0],"evs":[0.0,-4.04094,-4.04286]},"62o":{"weight":1.0,"played":[1.0,0.0,0.0],"evs":[0.0,-4.4652,-4.46668]},"72o":{"weight":1.0,"played":[1.0,0.0,0.0],"evs":[0.0,-4.80247,-4.80217]},"82o":{"weight":1.0,"played":[1.0,0.0,0.0],"evs":[0.0,-4.46948,-4.47037]},"92o":{"weight":1.0,"played":[1.0,0.0,0.0],"evs":[0.0,-4.30829,-4.31132]},"T2o":{"weight":1.0,"played":[1.0,0.0,0.0],"evs":[0.0,-4.05219,-4.05528]},"J2o":{"weight":1.0,"played":[1.0,0.0,0.0],"evs":[0.0,-3.70927,-3.71146]},"Q2o":{"weight":1.0,"played":[1.0,0.0,0.0],"evs":[0.0,-3.33369,-3.33456]},"K2o":{"weight":1.0,"played":[1.0,0.0,0.0],"evs":[0.0,-2.45998,-2.46752]},"A2o":{"weight":1.0,"played":[1.0,0.0,0.0],"evs":[0.0,-0.48332,-0.48062]},"32s":{"weight":1.0,"played":[1.0,0.0,0.0],"evs":[0.0,-2.87671,-2.87479]},"33":{"weight":1.0,"played":[0.0,0.6048,0.3952],"evs":[0.0,1.32802,1.33284]},"43o":{"weight":1.0,"played":[1.0,0.0,0.0],"evs":[0.0,-3.70494,-3.70147]},"53o":{"weight":1.0,"played":[1.0,0.0,0.0],"evs":[0.0,-3.37433,-3.37154]},"63o":{"weight":1.0,"played":[1.0,0.0,0.0],"evs":[0.0,-3.80715,-3.80418]},"73o":{"weight":1.0,"played":[1.0,0.0,0.0],"evs":[0.0,-4.16982,-4.16549]},"83o":{"weight":1.0,"played":[1.0,0.0,0.0],"evs":[0.0,-4.44053,-4.43795]},"93o":{"weight":1.0,"played":[1.0,0.0,0.0],"evs":[0.0,-4.16163,-4.15857]},"T3o":{"weight":1.0,"played":[1.0,0.0,0.0],"evs":[0.0,-3.92186,-3.91936]},"J3o":{"weight":1.0,"played":[1.0,0.0,0.0],"evs":[0.0,-3.55787,-3.55599]},"Q3o":{"weight":1.0,"played":[1.0,0.0,0.0],"evs":[0.0,-3.18326,-3.17942]},"K3o":{"weight":1.0,"played":[1.0,0.0,0.0],"evs":[0.0,-2.3118,-2.31376]},"A3o":{"weight":1.0,"played":[1.0,0.0,0.0],"evs":[0.0,-0.19679,-0.19483]},"42s":{"weight":1.0,"played":[1.0,0.0,0.0],"evs":[0.0,-2.5652,-2.56681]},"43s":{"weight":1.0,"played":[1.0,0.0,0.0],"evs":[0.0,-1.99087,-1.98843]},"44":{"weight":1.0,"played":[0.0,0.6139,0.3861],"evs":[0.0,2.20894,2.20943]},"54o":{"weight":1.0,"played":[1.0,0.0,0.0],"evs":[0.0,-2.63427,-2.63381]},"64o":{"weight":1.0,"played":[1.0,0.0,0.0],"evs":[0.0,-3.01429,-3.01355]},"74o":{"weight":1.0,"played":[1.0,0.0,0.0],"evs":[0.0,-3.38136,-3.37855]},"84o":{"weight":1.0,"played":[1.0,0.0,0.0],"evs":[0.0,-3.65766,-3.65439]},"94o":{"weight":1.0,"played":[1.0,0.0,0.0],"evs":[0.0,-3.98243,-3.98211]},"T4o":{"weight":1.0,"played":[1.0,0.0,0.0],"evs":[0.0,-3.614,-3.61253]},"J4o":{"weight":1.0,"played":[1.0,0.0,0.0],"evs":[0.0,-3.25079,-3.25239]},"Q4o":{"weight":1.0,"played":[1.0,0.0,0.0],"evs":[0.0,-2.8725,-2.87324]},"K4o":{"weight":1.0,"played":[1.0,0.0,0.0],"evs":[0.0,-2.00782,-2.01376]},"A4o":{"weight":1.0,"played":[0.0,0.2331,0.7669],"evs":[0.0,0.14181,0.14258]},"52s":{"weight":1.0,"played":[1.0,0.0,0.0],"evs":[0.0,-2.28009,-2.28039]},"53s":{"weight":1.0,"played":[1.0,0.0,0.0],"evs":[0.0,-1.66473,-1.66202]},"54s":{"weight":1.0,"played":[1.0,0.0,0.0],"evs":[0.0,-0.96995,-0.96876]},"55":{"weight":1.0,"played":[0.0,0.6418,0.3582],"evs":[0.0,3.18481,3.18642]},"65o":{"weight":1.0,"played":[1.0,0.0,0.0],"evs":[0.0,-2.28143,-2.28319]},"75o":{"weight":1.0,"played":[1.0,0.0,0.0],"evs":[0.0,-2.58917,-2.58995]},"85o":{"weight":1.0,"played":[1.0,0.0,0.0],"evs":[0.0,-2.86659,-2.86633]},"95o":{"weight":1.0,"played":[1.0,0.0,0.0],"evs":[0.0,-3.18291,-3.18355]},"T5o":{"weight":1.0,"played":[1.0,0.0,0.0],"evs":[0.0,-3.42276,-3.42582]},"J5o":{"weight":1.0,"played":[1.0,0.0,0.0],"evs":[0.0,-2.95281,-2.95528]},"Q5o":{"weight":1.0,"played":[1.0,0.0,0.0],"evs":[0.0,-2.56372,-2.56603]},"K5o":{"weight":1.0,"played":[1.0,0.0,0.0],"evs":[0.0,-1.68216,-1.68685]},"A5o":{"weight":1.0,"played":[0.0,0.4278,0.5722],"evs":[0.0,0.60532,0.60734]},"62s":{"weight":1.0,"played":[1.0,0.0,0.0],"evs":[0.0,-2.69721,-2.70145]},"63s":{"weight":1.0,"played":[1.0,0.0,0.0],"evs":[0.0,-2.08951,-2.08849]},"64s":{"weight":1.0,"played":[1.0,0.0,0.0],"evs":[0.0,-1.36821,-1.3668]},"65s":{"weight":1.0,"played":[1.0,0.0,0.0],"evs":[0.0,-0.66199,-0.66187]},"66":{"weight":1.0,"played":[0.0,0.6699,0.3301],"evs":[0.0,4.11705,4.11815]},"76o":{"weight":1.0,"played":[1.0,0.0,0.0],"evs":[0.0,-1.90367,-1.90223]},"86o":{"weight":1.0,"played":[1.0,0.0,0.0],"evs":[0.0,-2.12908,-2.1288]},"96o":{"weight":1.0,"played":[1.0,0.0,0.0],"evs":[0.0,-2.42624,-2.42827]},"T6o":{"weight":1.0,"played":[1.0,0.0,0.0],"evs":[0.0,-2.65893,-2.66119]},"J6o":{"weight":1.0,"played":[1.0,0.0,0.0],"evs":[0.0,-2.79496,-2.79751]},"Q6o":{"weight":1.0,"played":[1.0,0.0,0.0],"evs":[0.0,-2.29769,-2.30104]},"K6o":{"weight":1.0,"played":[1.0,0.0,0.0],"evs":[0.0,-1.38875,-1.39309]},"A6o":{"weight":1.0,"played":[0.0,0.2901,0.7099],"evs":[0.0,0.66193,0.66585]},"72s":{"weight":1.0,"played":[1.0,0.0,0.0],"evs":[0.0,-2.99932,-2.99992]},"73s":{"weight":1.0,"played":[1.0,0.0,0.0],"evs":[0.0,-2.43249,-2.42723]},"74s":{"weight":1.0,"played":[1.0,0.0,0.0],"evs":[0.0,-1.66686,-1.66369]},"75s":{"weight":1.0,"played":[1.0,0.0,0.0],"evs":[0.0,-0.95383,-0.95232]},"76s":{"weight":1.0,"played":[1.0,0.0,0.0],"evs":[0.0,-0.31756,-0.31496]},"77":{"weight":1.0,"played":[0.0,0.529,0.471],"evs":[0.0,5.11843,5.12043]},"87o":{"weight":1.0,"played":[1.0,0.0,0.0],"evs":[0.0,-1.5453,-1.54223]},"97o":{"weight":1.0,"played":[1.0,0.0,0.0],"evs":[0.0,-1.80362,-1.80321]},"T7o":{"weight":1.0,"played":[1.0,0.0,0.0],"evs":[0.0,-2.00225,-2.00162]},"J7o":{"weight":1.0,"played":[1.0,0.0,0.0],"evs":[0.0,-2.14173,-2.14006]},"Q7o":{"weight":1.0,"played":[1.0,0.0,0.0],"evs":[0.0,-2.23201,-2.23213]},"K7o":{"weight":1.0,"played":[1.0,0.0,0.0],"evs":[0.0,-1.1482,-1.14728]},"A7o":{"weight":1.0,"played":[0.0,0.3158,0.6842],"evs":[0.0,1.47133,1.47335]},"82s":{"weight":1.0,"played":[1.0,0.0,0.0],"evs":[0.0,-2.70027,-2.69941]},"83s":{"weight":1.0,"played":[1.0,0.0,0.0],"evs":[0.0,-2.70009,-2.69681]},"84s":{"weight":1.0,"played":[1.0,0.0,0.0],"evs":[0.0,-1.95116,-1.9483]},"85s":{"weight":1.0,"played":[1.0,0.0,0.0],"evs":[0.0,-1.20632,-1.20619]},"86s":{"weight":1.0,"played":[1.0,0.0,0.0],"evs":[0.0,-0.53352,-0.53294]},"87s":{"weight":1.0,"played":[1.0E-4,0.4745,0.5254],"evs":[0.0,0.04894,0.05035]},"88":{"weight":1.0,"played":[0.0,0.5437,0.4563],"evs":[0.0,6.31943,6.31955]},"98o":{"weight":1.0,"played":[1.0,0.0,0.0],"evs":[0.0,-1.1359,-1.1332]},"T8o":{"weight":1.0,"played":[1.0,0.0,0.0],"evs":[0.0,-1.29391,-1.29079]},"J8o":{"weight":1.0,"played":[1.0,0.0,0.0],"evs":[0.0,-1.39394,-1.3919]},"Q8o":{"weight":1.0,"played":[1.0,0.0,0.0],"evs":[0.0,-1.48623,-1.48514]},"K8o":{"weight":1.0,"played":[1.0,0.0,0.0],"evs":[0.0,-0.85174,-0.85326]},"A8o":{"weight":1.0,"played":[0.0,0.6116,0.3884],"evs":[0.0,2.39697,2.39735]},"92s":{"weight":1.0,"played":[1.0,0.0,0.0],"evs":[0.0,-2.52776,-2.52832]},"93s":{"weight":1.0,"played":[1.0,0.0,0.0],"evs":[0.0,-2.39289,-2.38887]},"94s":{"weight":1.0,"played":[1.0,0.0,0.0],"evs":[0.0,-2.2289,-2.22714]},"95s":{"weight":1.0,"played":[1.0,0.0,0.0],"evs":[0.0,-1.50509,-1.50585]},"96s":{"weight":1.0,"played":[1.0,0.0,0.0],"evs":[0.0,-0.77942,-0.78198]},"97s":{"weight":1.0,"played":[1.0,0.0,0.0],"evs":[0.0,-0.18923,-0.18842]},"98s":{"weight":1.0,"played":[0.0,0.455,0.545],"evs":[0.0,0.42443,0.42577]},"99":{"weight":1.0,"played":[0.0,0.4256,0.5744],"evs":[0.0,7.66469,7.66453]},"T9o":{"weight":1.0,"played":[1.0,0.0,0.0],"evs":[0.0,-0.52532,-0.52524]},"J9o":{"weight":1.0,"played":[1.0,0.0,0.0],"evs":[0.0,-0.59121,-0.59139]},"Q9o":{"weight":1.0,"played":[1.0,0.0,0.0],"evs":[0.0,-0.64426,-0.64428]},"K9o":{"weight":1.0,"played":[1.0E-4,0.4311,0.5688],"evs":[0.0,0.07569,0.07614]},"A9o":{"weight":1.0,"played":[0.0,0.6025,0.3975],"evs":[0.0,3.42987,3.42827]},"T2s":{"weight":1.0,"played":[1.0,0.0,0.0],"evs":[0.0,-2.25756,-2.25926]},"T3s":{"weight":1.0,"played":[1.0,0.0,0.0],"evs":[0.0,-2.14274,-2.14004]},"T4s":{"weight":1.0,"played":[1.0,0.0,0.0],"evs":[0.0,-1.87897,-1.8757]},"T5s":{"weight":1.0,"played":[1.0,0.0,0.0],"evs":[0.0,-1.73598,-1.73676]},"T6s":{"weight":1.0,"played":[1.0,0.0,0.0],"evs":[0.0,-0.98639,-0.98817]},"T7s":{"weight":1.0,"played":[1.0,0.0,0.0],"evs":[0.0,-0.38375,-0.382]},"T8s":{"weight":1.0,"played":[0.0,0.1955,0.8045],"evs":[0.0,0.3025,0.3058]},"T9s":{"weight":1.0,"played":[0.0,0.2406,0.7594],"evs":[0.0,0.99134,0.99466]},"TT":{"weight":1.0,"played":[0.0,0.2947,0.7053],"evs":[0.0,9.49877,9.49715]},"JTo":{"weight":1.0,"played":[0.0,0.461,0.539],"evs":[0.0,0.3932,0.39274]},"QTo":{"weight":1.0,"played":[0.0,0.4925,0.5075],"evs":[0.0,0.53449,0.53275]},"KTo":{"weight":1.0,"played":[0.0,0.3924,0.6076],"evs":[0.0,1.44142,1.44268]},"ATo":{"weight":1.0,"played":[0.0,0.6258,0.3742],"evs":[0.0,5.31522,5.31461]},"J2s":{"weight":1.0,"played":[1.0,0.0,0.0],"evs":[0.0,-1.92815,-1.9312]},"J3s":{"weight":1.0,"played":[1.0,0.0,0.0],"evs":[0.0,-1.79698,-1.79594]},"J4s":{"weight":1.0,"played":[1.0,0.0,0.0],"evs":[0.0,-1.51602,-1.5144]},"J5s":{"weight":1.0,"played":[1.0,0.0,0.0],"evs":[0.0,-1.22035,-1.22345]},"J6s":{"weight":1.0,"played":[1.0,0.0,0.0],"evs":[0.0,-1.08315,-1.08453]},"J7s":{"weight":1.0,"played":[1.0,0.0,0.0],"evs":[0.0,-0.50063,-0.4994]},"J8s":{"weight":1.0,"played":[0.0,0.3046,0.6953],"evs":[0.0,0.2116,0.21147]},"J9s":{"weight":1.0,"played":[0.0,0.4692,0.5308],"evs":[0.0,0.9676,0.96869]},"JTs":{"weight":1.0,"played":[0.0,0.5643,0.4357],"evs":[0.0,1.84794,1.84756]},"JJ":{"weight":1.0,"played":[0.0,0.2326,0.7674],"evs":[0.0,11.23877,11.23744]},"QJo":{"weight":1.0,"played":[0.0,0.3389,0.6611],"evs":[0.0,1.27876,1.27669]},"KJo":{"weight":1.0,"played":[0.0,0.3103,0.6897],"evs":[0.0,2.25375,2.2574]},"AJo":{"weight":1.0,"played":[0.0,0.7568,0.2432],"evs":[0.0,6.45574,6.45568]},"Q2s":{"weight":1.0,"played":[1.0,0.0,0.0],"evs":[0.0,-1.54464,-1.54573]},"Q3s":{"weight":1.0,"played":[1.0,0.0,0.0],"evs":[0.0,-1.40487,-1.40177]},"Q4s":{"weight":1.0,"played":[1.0,0.0,0.0],"evs":[0.0,-1.14424,-1.14315]},"Q5s":{"weight":1.0,"played":[1.0,0.0,0.0],"evs":[0.0,-0.85766,-0.85889]},"Q6s":{"weight":1.0,"played":[1.0,0.0,0.0],"evs":[0.0,-0.60868,-0.61181]},"Q7s":{"weight":1.0,"played":[1.0,0.0,0.0],"evs":[0.0,-0.56381,-0.56543]},"Q8s":{"weight":1.0,"played":[0.0,0.2294,0.7706],"evs":[0.0,0.16616,0.16819]},"Q9s":{"weight":1.0,"played":[0.0,0.1711,0.8289],"evs":[0.0,0.92652,0.92797]},"QTs":{"weight":1.0,"played":[0.0,0.2462,0.7538],"evs":[0.0,2.01528,2.01571]},"QJs":{"weight":1.0,"played":[0.0,0.4238,0.5762],"evs":[0.0,2.73396,2.73264]},"QQ":{"weight":1.0,"played":[0.0,0.4517,0.5483],"evs":[0.0,13.09374,13.09167]},"KQo":{"weight":1.0,"played":[0.0,0.3561,0.6439],"evs":[0.0,3.15632,3.15871]},"AQo":{"weight":1.0,"played":[0.0,0.603,0.397],"evs":[0.0,7.72075,7.72149]},"K2s":{"weight":1.0,"played":[1.0,0.0,0.0],"evs":[0.0,-0.69515,-0.70255]},"K3s":{"weight":1.0,"played":[1.0,0.0,0.0],"evs":[0.0,-0.5709,-0.57187]},"K4s":{"weight":1.0,"played":[1.0,0.0,0.0],"evs":[0.0,-0.28145,-0.28642]},"K5s":{"weight":1.0,"played":[0.8747,0.1174,0.0078],"evs":[0.0,0.00242,-0.00639]},"K6s":{"weight":1.0,"played":[0.0,0.8323,0.1677],"evs":[0.0,0.30474,0.29913]},"K7s":{"weight":1.0,"played":[0.0,0.4689,0.5311],"evs":[0.0,0.51386,0.51239]},"K8s":{"weight":1.0,"played":[0.0,0.3822,0.6178],"evs":[0.0,0.77555,0.77456]},"K9s":{"weight":1.0,"played":[0.0,0.3912,0.6088],"evs":[0.0,1.63257,1.6341]},"KTs":{"weight":1.0,"played":[0.0,0.3801,0.6199],"evs":[0.0,2.90681,2.90848]},"KJs":{"weight":1.0,"played":[0.0,0.4103,0.5897],"evs":[0.0,3.66125,3.66486]},"KQs":{"weight":1.0,"played":[0.0,0.3816,0.6184],"evs":[0.0,4.51951,4.52152]},"KK":{"weight":1.0,"played":[0.0,0.3547,0.6453],"evs":[0.0,15.3676,15.37117]},"AKo":{"weight":1.0,"played":[0.0,0.3563,0.6437],"evs":[0.0,9.12282,9.12717]},"A2s":{"weight":1.0,"played":[0.0,0.3159,0.6841],"evs":[0.0,1.21122,1.21267]},"A3s":{"weight":1.0,"played":[0.0,0.3254,0.6746],"evs":[0.0,1.45889,1.46248]},"A4s":{"weight":1.0,"played":[0.0,0.3435,0.6565],"evs":[0.0,1.7749,1.7766]},"A5s":{"weight":1.0,"played":[0.0,0.4283,0.5717],"evs":[0.0,2.18817,2.19277]},"A6s":{"weight":1.0,"played":[0.0,0.3727,0.6273],"evs":[0.0,2.22047,2.22396]},"A7s":{"weight":1.0,"played":[0.0,0.4173,0.5827],"evs":[0.0,2.98283,2.98438]},"A8s":{"weight":1.0,"played":[0.0,0.4984,0.5016],"evs":[0.0,3.87632,3.87823]},"A9s":{"weight":1.0,"played":[0.0,0.4638,0.5362],"evs":[0.0,4.81168,4.81269]},"ATs":{"weight":1.0,"played":[0.0,0.5993,0.4007],"evs":[0.0,6.58579,6.58516]},"AJs":{"weight":1.0,"played":[0.0,0.0252,0.9748],"evs":[0.0,7.64447,7.64643]},"AQs":{"weight":1.0,"played":[0.0,0.9003,0.0997],"evs":[0.0,8.82349,8.82211]},"AKs":{"weight":1.0,"played":[0.0,0.3086,0.6914],"evs":[0.0,10.12762,10.12992]},"AA":{"weight":1.0,"played":[0.0,0.4408,0.5592],"evs":[0.0,20.5034,20.51418]}}}