{"player":3,"street":0,"children":2,"sequence":[{"player":0,"type":"F","amount":0,"street":0},{"player":1,"type":"R","amount":895000,"street":0},{"player":2,"type":"F","amount":0,"street":0},{"player":3,"type":"C","amount":845000,"street":0},{"player":4,"type":"R","amount":955000,"street":0}],"actions":[{"type":"F","amount":0},{"type":"C","amount":50000}],"hands":{"22":{"weight":0.6992,"played":[0.0,1.0],"evs":[0.0,13.87342]},"32o":{"weight":0.0,"played":[0.0,1.0],"evs":[0.0,9.18336]},"42o":{"weight":0.0,"played":[0.0,1.0],"evs":[0.0,9.54477]},"52o":{"weight":0.0,"played":[0.0,1.0],"evs":[0.0,9.83104]},"62o":{"weight":0.0,"played":[0.0,1.0],"evs":[0.0,9.29792]},"72o":{"weight":0.0,"played":[0.0,1.0],"evs":[0.0,8.85]},"82o":{"weight":0.0,"played":[0.0,1.0],"evs":[0.0,9.16086]},"92o":{"weight":0.0,"played":[0.0,1.0],"evs":[0.0,9.38328]},"T2o":{"weight":0.0,"played":[0.0,1.0],"evs":[0.0,9.73717]},"J2o":{"weight":0.0,"played":[0.0,1.0],"evs":[0.0,10.11144]},"Q2o":{"weight":0.0,"played":[0.0,1.0],"evs":[0.0,10.53873]},"K2o":{"weight":0.0,"played":[0.0,1.0],"evs":[0.0,11.26868]},"A2o":{"weight":0.0,"played":[0.0,1.0],"evs":[0.0,12.70484]},"32s":{"weight":0.0,"played":[0.0,1.0],"evs":[0.0,11.17385]},"33":{"weight":0.6048,"played":[0.0,1.0],"evs":[0.0,14.6283]},"43o":{"weight":0.0,"played":[0.0,1.0],"evs":[0.0,10.21628]},"53o":{"weight":0.0,"played":[0.0,1.0],"evs":[0.0,10.58142]},"63o":{"weight":0.0,"played":[0.0,1.0],"evs":[0.0,10.03944]},"73o":{"weight":0.0,"played":[0.0,1.0],"evs":[0.0,9.54523]},"83o":{"weight":0.0,"played":[0.0,1.0],"evs":[0.0,9.15948]},"93o":{"weight":0.0,"played":[0.0,1.0],"evs":[0.0,9.51458]},"T3o":{"weight":0.0,"played":[0.0,1.0],"evs":[0.0,9.86127]},"J3o":{"weight":0.0,"played":[0.0,1.0],"evs":[0.0,10.27062]},"Q3o":{"weight":0.0,"played":[0.0,1.0],"evs":[0.0,10.6793]},"K3o":{"weight":0.0,"played":[0.0,1.0],"evs":[0.0,11.43468]},"A3o":{"weight":0.0,"played":[0.0,1.0],"evs":[0.0,13.04588]},"42s":{"weight":0.0,"played":[0.0,1.0],"evs":[0.0,11.55193]},"43s":{"weight":0.0,"played":[0.0,1.0],"evs":[0.0,12.1408]},"44":{"weight":0.6139,"played":[0.0,1.0],"evs":[0.0,15.56433]},"54o":{"weight":0.0,"played":[0.0,1.0],"evs":[0.0,11.40115]},"64o":{"weight":0.0,"played":[0.0,1.0],"evs":[0.0,10.9108]},"74o":{"weight":0.0,"played":[0.0,1.0],"evs":[0.0,10.42706]},"84o":{"weight":0.0,"played":[0.0,1.0],"evs":[0.0,10.03674]},"94o":{"weight":0.0,"played":[0.0,1.0],"evs":[0.0,9.70776]},"T4o":{"weight":0.0,"played":[0.0,1.0],"evs":[0.0,10.18919]},"J4o":{"weight":0.0,"played":[0.0,1.0],"evs":[0.0,10.59674]},"Q4o":{"weight":0.0,"played":[0.0,1.0],"evs":[0.0,11.0178]},"K4o":{"weight":0.0,"played":[0.0,1.0],"evs":[0.0,11.76873]},"A4o":{"weight":0.2331,"played":[0.0,1.0],"evs":[0.0,13.43127]},"52s":{"weight":0.0,"played":[0.0,1.0],"evs":[0.0,11.84436]},"53s":{"weight":0.0,"played":[0.0,1.0],"evs":[0.0,12.52355]},"54s":{"weight":0.0,"played":[0.0,1.0],"evs":[0.0,13.28]},"55":{"weight":0.6418,"played":[0.0,1.0],"evs":[0.0,16.61888]},"65o":{"weight":0.0,"played":[0.0,1.0],"evs":[0.0,11.69024]},"75o":{"weight":0.0,"played":[0.0,1.0],"evs":[0.0,11.29548]},"85o":{"weight":0.0,"played":[0.0,1.0],"evs":[0.0,10.91694]},"95o":{"weight":0.0,"played":[0.0,1.0],"evs":[0.0,10.57899]},"T5o":{"weight":0.0,"played":[0.0,1.0],"evs":[0.0,10.39319]},"J5o":{"weight":0.0,"played":[0.0,1.0],"evs":[0.0,10.9058]},"Q5o":{"weight":0.0,"played":[0.0,1.0],"evs":[0.0,11.32091]},"K5o":{"weight":0.0,"played":[0.0,1.0],"evs":[0.0,12.09136]},"A5o":{"weight":0.4278,"played":[0.0,1.0],"evs":[0.0,13.94371]},"62s":{"weight":0.0,"played":[0.0,1.0],"evs":[0.0,11.30584]},"63s":{"weight":0.0,"played":[0.0,1.0],"evs":[0.0,12.01151]},"64s":{"weight":0.0,"played":[0.0,1.0],"evs":[0.0,12.81005]},"65s":{"weight":0.0,"played":[0.0,1.0],"evs":[0.0,13.57562]},"66":{"weight":0.6699,"played":[0.0,1.0],"evs":[0.0,17.65598]},"76o":{"weight":0.0,"played":[0.0,1.0],"evs":[0.0,12.03541]},"86o":{"weight":0.0,"played":[0.0,1.0],"evs":[0.0,11.74004]},"96o":{"weight":0.0,"played":[0.0,1.0],"evs":[0.0,11.39128]},"T6o":{"weight":0.0,"played":[0.0,1.0],"evs":[0.0,11.20963]},"J6o":{"weight":0.0,"played":[0.0,1.0],"evs":[0.0,11.05536]},"Q6o":{"weight":0.0,"played":[0.0,1.0],"evs":[0.0,11.59537]},"K6o":{"weight":0.0,"played":[0.0,1.0],"evs":[0.0,12.419]},"A6o":{"weight":0.2901,"played":[0.0,1.0],"evs":[0.0,13.85486]},"72s":{"weight":0.0,"played":[0.0,1.0],"evs":[0.0,10.93547]},"73s":{"weight":0.0,"played":[0.0,1.0],"evs":[0.0,11.56475]},"74s":{"weight":0.0,"played":[0.0,1.0],"evs":[0.0,12.40286]},"75s":{"weight":0.0,"played":[0.0,1.0],"evs":[0.0,13.22171]},"76s":{"weight":0.0,"played":[0.0,1.0],"evs":[0.0,13.87793]},"77":{"weight":0.529,"played":[0.0,1.0],"evs":[0.0,18.83878]},"87o":{"weight":0.0,"played":[0.0,1.0],"evs":[0.0,12.37208]},"97o":{"weight":0.0,"played":[0.0,1.0],"evs":[0.0,12.10331]},"T7o":{"weight":0.0,"played":[0.0,1.0],"evs":[0.0,11.95549]},"J7o":{"weight":0.0,"played":[0.0,1.0],"evs":[0.0,11.78619]},"Q7o":{"weight":0.0,"played":[0.0,1.0],"evs":[0.0,11.70077]},"K7o":{"weight":0.0,"played":[0.0,1.0],"evs":[0.0,12.71778]},"A7o":{"weight":0.3158,"played":[0.0,1.0],"evs":[0.0,14.66217]},"82s":{"weight":0.0,"played":[0.0,1.0],"evs":[0.0,11.16499]},"83s":{"weight":0.0,"played":[0.0,1.0],"evs":[0.0,11.1601]},"84s":{"weight":0.0,"played":[0.0,1.0],"evs":[0.0,12.00002]},"85s":{"weight":0.0,"played":[0.0,1.0],"evs":[0.0,12.84896]},"86s":{"weight":0.0,"played":[0.0,1.0],"evs":[0.0,13.56242]},"87s":{"weight":0.4745,"played":[0.0,1.0],"evs":[0.0,14.22063]},"88":{"weight":0.5437,"played":[0.0,1.0],"evs":[0.0,20.24088]},"98o":{"weight":0.0,"played":[0.0,1.0],"evs":[0.0,12.82412]},"T8o":{"weight":0.0,"played":[0.0,1.0],"evs":[0.0,12.75074]},"J8o":{"weight":0.0,"played":[0.0,1.0],"evs":[0.0,12.62768]},"Q8o":{"weight":0.0,"played":[0.0,1.0],"evs":[0.0,12.52432]},"K8o":{"weight":0.0,"played":[0.0,1.0],"evs":[0.0,13.00888]},"A8o":{"weight":0.6116,"played":[0.0,1.0],"evs":[0.0,15.57977]},"92s":{"weight":0.0,"played":[0.0,1.0],"evs":[0.0,11.42815]},"93s":{"weight":0.0,"played":[0.0,1.0],"evs":[0.0,11.57781]},"94s":{"weight":0.0,"played":[0.0,1.0],"evs":[0.0,11.74714]},"95s":{"weight":0.0,"played":[0.0,1.0],"evs":[0.0,12.52934]},"96s":{"weight":0.0,"played":[0.0,1.0],"evs":[0.0,13.32393]},"97s":{"weight":0.0,"played":[0.0,1.0],"evs":[0.0,14.01435]},"98s":{"weight":0.455,"played":[0.0,1.0],"evs":[0.0,14.65786]},"99":{"weight":0.4256,"played":[0.0,1.0],"evs":[0.0,21.93608]},"T9o":{"weight":0.0,"played":[0.0,1.0],"evs":[0.0,13.69811]},"J9o":{"weight":0.0,"played":[0.0,1.0],"evs":[0.0,13.6143]},"Q9o":{"weight":0.0,"played":[0.0,1.0],"evs":[0.0,13.55106]},"K9o":{"weight":0.4311,"played":[0.0,1.0],"evs":[0.0,14.11106]},"A9o":{"weight":0.6025,"played":[0.0,1.0],"evs":[0.0,16.5936]},"T2s":{"weight":0.0,"played":[0.0,1.0],"evs":[0.0,11.81033]},"T3s":{"weight":0.0,"played":[0.0,1.0],"evs":[0.0,11.89534]},"T4s":{"weight":0.0,"played":[0.0,1.0],"evs":[0.0,12.18375]},"T5s":{"weight":0.0,"played":[0.0,1.0],"evs":[0.0,12.32767]},"T6s":{"weight":0.0,"played":[0.0,1.0],"evs":[0.0,13.16557]},"T7s":{"weight":0.0,"played":[0.0,1.0],"evs":[0.0,13.85116]},"T8s":{"weight":0.1955,"played":[0.0,1.0],"evs":[0.0,14.60734]},"T9s":{"weight":0.2406,"played":[0.0,1.0],"evs":[0.0,15.44025]},"TT":{"weight":0.2947,"played":[0.0,1.0],"evs":[0.0,24.07629]},"JTo":{"weight":0.461,"played":[0.0,1.0],"evs":[0.0,14.79084]},"QTo":{"weight":0.4925,"played":[0.0,1.0],"evs":[0.0,14.88256]},"KTo":{"weight":0.3924,"played":[0.0,1.0],"evs":[0.0,15.60307]},"ATo":{"weight":0.6258,"played":[0.0,1.0],"evs":[0.0,18.60121]},"J2s":{"weight":0.0,"played":[0.0,1.0],"evs":[0.0,12.16584]},"J3s":{"weight":0.0,"played":[0.0,1.0],"evs":[0.0,12.30264]},"J4s":{"weight":0.0,"played":[0.0,1.0],"evs":[0.0,12.61655]},"J5s":{"weight":0.0,"played":[0.0,1.0],"evs":[0.0,12.92915]},"J6s":{"weight":0.0,"played":[0.0,1.0],"evs":[0.0,13.07245]},"J7s":{"weight":0.0,"played":[0.0,1.0],"evs":[0.0,13.68789]},"J8s":{"weight":0.3046,"played":[0.0,1.0],"evs":[0.0,14.51952]},"J9s":{"weight":0.4692,"played":[0.0,1.0],"evs":[0.0,15.43062]},"JTs":{"weight":0.5643,"played":[0.0,1.0],"evs":[0.0,16.47095]},"JJ":{"weight":0.2326,"played":[0.0,1.0],"evs":[0.0,26.19866]},"QJo":{"weight":0.3389,"played":[0.0,1.0],"evs":[0.0,15.60157]},"KJo":{"weight":0.3103,"played":[0.0,1.0],"evs":[0.0,16.45103]},"AJo":{"weight":0.7568,"played":[0.0,1.0],"evs":[0.0,19.79824]},"Q2s":{"weight":0.0,"played":[0.0,1.0],"evs":[0.0,12.57571]},"Q3s":{"weight":0.0,"played":[0.0,1.0],"evs":[0.0,12.72068]},"Q4s":{"weight":0.0,"played":[0.0,1.0],"evs":[0.0,13.03841]},"Q5s":{"weight":0.0,"played":[0.0,1.0],"evs":[0.0,13.32033]},"Q6s":{"weight":0.0,"played":[0.0,1.0],"evs":[0.0,13.60378]},"Q7s":{"weight":0.0,"played":[0.0,1.0],"evs":[0.0,13.64443]},"Q8s":{"weight":0.2294,"played":[0.0,1.0],"evs":[0.0,14.47882]},"Q9s":{"weight":0.1711,"played":[0.0,1.0],"evs":[0.0,15.40747]},"QTs":{"weight":0.2462,"played":[0.0,1.0],"evs":[0.0,16.62184]},"QJs":{"weight":0.4238,"played":[0.0,1.0],"evs":[0.0,17.33463]},"QQ":{"weight":0.4517,"played":[0.0,1.0],"evs":[0.0,28.51192]},"KQo":{"weight":0.3561,"played":[0.0,1.0],"evs":[0.0,17.38835]},"AQo":{"weight":0.603,"played":[0.0,1.0],"evs":[0.0,21.17331]},"K2s":{"weight":0.0,"played":[0.0,1.0],"evs":[0.0,13.36228]},"K3s":{"weight":0.0,"played":[0.0,1.0],"evs":[0.0,13.47256]},"K4s":{"weight":0.0,"played":[0.0,1.0],"evs":[0.0,13.84177]},"K5s":{"weight":0.1174,"played":[0.0,1.0],"evs":[0.0,14.08489]},"K6s":{"weight":0.8323,"played":[0.0,1.0],"evs":[0.0,14.44541]},"K7s":{"weight":0.4689,"played":[0.0,1.0],"evs":[0.0,14.70577]},"K8s":{"weight":0.3822,"played":[0.0,1.0],"evs":[0.0,14.9656]},"K9s":{"weight":0.3912,"played":[0.0,1.0],"evs":[0.0,15.97378]},"KTs":{"weight":0.3801,"played":[0.0,1.0],"evs":[0.0,17.34845]},"KJs":{"weight":0.4103,"played":[0.0,1.0],"evs":[0.0,18.12904]},"KQs":{"weight":0.3816,"played":[0.0,1.0],"evs":[0.0,19.04696]},"KK":{"weight":0.3547,"played":[0.0,1.0],"evs":[0.0,31.34703]},"AKo":{"weight":0.3563,"played":[0.0,1.0],"evs":[0.0,22.71629]},"A2s":{"weight":0.3159,"played":[0.0,1.0],"evs":[0.0,14.8157]},"A3s":{"weight":0.3254,"played":[0.0,1.0],"evs":[0.0,15.10165]},"A4s":{"weight":0.3435,"played":[0.0,1.0],"evs":[0.0,15.43583]},"A5s":{"weight":0.4283,"played":[0.0,1.0],"evs":[0.0,15.89481]},"A6s":{"weight":0.3727,"played":[0.0,1.0],"evs":[0.0,15.78676]},"A7s":{"weight":0.4173,"played":[0.0,1.0],"evs":[0.0,16.58255]},"A8s":{"weight":0.4984,"played":[0.0,1.0],"evs":[0.0,17.44932]},"A9s":{"weight":0.4638,"played":[0.0,1.0],"evs":[0.0,18.37309]},"ATs":{"weight":0.5993,"played":[0.0,1.0],"evs":[0.0,20.26234]},"AJs":{"weight":0.0252,"played":[0.0,1.0],"evs":[0.0,21.39884]},"AQs":{"weight":0.9003,"played":[0.0,1.0],"evs":[0.0,22.65102]},"AKs":{"weight":0.3086,"played":[0.0,1.0],"evs":[0.0,24.11104]},"AA":{"weight":0.4408,"played":[0.0,1.0],"evs":[0.0,37.19014]}}}