{"player":4,"street":0,"children":3,"sequence":[{"player":0,"type":"F","amount":0,"street":0},{"player":1,"type":"R","amount":895000,"street":0},{"player":2,"type":"C","amount":895000,"street":0},{"player":3,"type":"F","amount":0,"street":0}],"actions":[{"type":"F","amount":0},{"type":"C","amount":795000},{"type":"R","amount":955000,"node":20}],"hands":{"22":{"weight":1.0,"played":[0.132,0.3558,0.5123],"evs":[0.0,0.0734,0.07354]},"32o":{"weight":1.0,"played":[1.0,0.0,0.0],"evs":[0.0,-4.40441,-4.40442]},"42o":{"weight":1.0,"played":[1.0,0.0,0.0],"evs":[0.0,-4.04452,-4.04448]},"52o":{"weight":1.0,"played":[1.0,0.0,0.0],"evs":[0.0,-3.69634,-3.69619]},"62o":{"weight":1.0,"played":[1.0,0.0,0.0],"evs":[0.0,-4.14294,-4.14275]},"72o":{"weight":1.0,"played":[1.0,0.0,0.0],"evs":[0.0,-4.60153,-4.60145]},"82o":{"weight":1.0,"played":[1.0,0.0,0.0],"evs":[0.0,-4.21049,-4.21071]},"92o":{"weight":1.0,"played":[1.0,0.0,0.0],"evs":[0.0,-4.15255,-4.1525]},"T2o":{"weight":1.0,"played":[1.0,0.0,0.0],"evs":[0.0,-3.99436,-3.99425]},"J2o":{"weight":1.0,"played":[1.0,0.0,0.0],"evs":[0.0,-3.58252,-3.58238]},"Q2o":{"weight":1.0,"played":[1.0,0.0,0.0],"evs":[0.0,-3.18366,-3.18336]},"K2o":{"weight":1.0,"played":[1.0,0.0,0.0],"evs":[0.0,-2.62866,-2.62855]},"A2o":{"weight":1.0,"played":[1.0,0.0,0.0],"evs":[0.0,-1.81633,-1.81643]},"32s":{"weight":1.0,"played":[1.0,0.0,0.0],"evs":[0.0,-2.3444,-2.34442]},"33":{"weight":1.0,"played":[0.0,0.5082,0.4918],"evs":[0.0,0.86123,0.86121]},"43o":{"weight":1.0,"played":[1.0,0.0,0.0],"evs":[0.0,-3.24115,-3.24087]},"53o":{"weight":1.0,"played":[1.0,0.0,0.0],"evs":[0.0,-2.84034,-2.84034]},"63o":{"weight":1.0,"played":[1.0,0.0,0.0],"evs":[0.0,-3.302,-3.30193]},"73o":{"weight":1.0,"played":[1.0,0.0,0.0],"evs":[0.0,-3.78815,-3.78794]},"83o":{"weight":1.0,"played":[1.0,0.0,0.0],"evs":[0.0,-4.12858,-4.12856]},"93o":{"weight":1.0,"played":[1.0,0.0,0.0],"evs":[0.0,-3.91317,-3.91293]},"T3o":{"weight":1.0,"played":[1.0,0.0,0.0],"evs":[0.0,-3.77067,-3.77059]},"J3o":{"weight":1.0,"played":[1.0,0.0,0.0],"evs":[0.0,-3.36865,-3.36867]},"Q3o":{"weight":1.0,"played":[1.0,0.0,0.0],"evs":[0.0,-2.92327,-2.92298]},"K3o":{"weight":1.0,"played":[1.0,0.0,0.0],"evs":[0.0,-2.37398,-2.37381]},"A3o":{"weight":1.0,"played":[1.0,0.0,0.0],"evs":[0.0,-1.45708,-1.45742]},"42s":{"weight":1.0,"played":[1.0,0.0,0.0],"evs":[0.0,-2.01456,-2.01487]},"43s":{"weight":1.0,"played":[1.0,0.0,0.0],"evs":[0.0,-1.34415,-1.34416]},"44":{"weight":1.0,"played":[0.0,0.1634,0.8366],"evs":[0.0,1.88355,1.88375]},"54o":{"weight":1.0,"played":[1.0,0.0,0.0],"evs":[0.0,-2.00124,-2.00128]},"64o":{"weight":1.0,"played":[1.0,0.0,0.0],"evs":[0.0,-2.44931,-2.44919]},"74o":{"weight":1.0,"played":[1.0,0.0,0.0],"evs":[0.0,-2.90438,-2.90463]},"84o":{"weight":1.0,"played":[1.0,0.0,0.0],"evs":[0.0,-3.23294,-3.233]},"94o":{"weight":1.0,"played":[1.0,0.0,0.0],"evs":[0.0,-3.75234,-3.75227]},"T4o":{"weight":1.0,"played":[1.0,0.0,0.0],"evs":[0.0,-3.47377,-3.47375]},"J4o":{"weight":1.0,"played":[1.0,0.0,0.0],"evs":[0.0,-3.03984,-3.03976]},"Q4o":{"weight":1.0,"played":[1.0,0.0,0.0],"evs":[0.0,-2.66252,-2.66248]},"K4o":{"weight":1.0,"played":[1.0,0.0,0.0],"evs":[0.0,-2.08548,-2.08559]},"A4o":{"weight":1.0,"played":[1.0,0.0,0.0],"evs":[0.0,-1.00262,-1.00273]},"52s":{"weight":1.0,"played":[1.0,0.0,0.0],"evs":[0.0,-1.66798,-1.66827]},"53s":{"weight":1.0,"played":[1.0,0.0,0.0],"evs":[0.0,-1.00465,-1.00412]},"54s":{"weight":1.0,"played":[0.364,0.3235,0.3126],"evs":[0.0,-0.09468,-0.09364]},"55":{"weight":1.0,"played":[0.0,0.0152,0.9848],"evs":[0.0,3.09718,3.09797]},"65o":{"weight":1.0,"played":[1.0,0.0,0.0],"evs":[0.0,-1.55439,-1.5544]},"75o":{"weight":1.0,"played":[1.0,0.0,0.0],"evs":[0.0,-1.96874,-1.96845]},"85o":{"weight":1.0,"played":[1.0,0.0,0.0],"evs":[0.0,-2.30324,-2.30347]},"95o":{"weight":1.0,"played":[1.0,0.0,0.0],"evs":[0.0,-2.81467,-2.81464]},"T5o":{"weight":1.0,"played":[1.0,0.0,0.0],"evs":[0.0,-3.19481,-3.19473]},"J5o":{"weight":1.0,"played":[1.0,0.0,0.0],"evs":[0.0,-2.66923,-2.66949]},"Q5o":{"weight":1.0,"played":[1.0,0.0,0.0],"evs":[0.0,-2.29686,-2.29674]},"K5o":{"weight":1.0,"played":[1.0,0.0,0.0],"evs":[0.0,-1.69961,-1.6997]},"A5o":{"weight":1.0,"played":[1.0,0.0,0.0],"evs":[0.0,-0.50589,-0.50573]},"62s":{"weight":1.0,"played":[1.0,0.0,0.0],"evs":[0.0,-2.09729,-2.09707]},"63s":{"weight":1.0,"played":[1.0,0.0,0.0],"evs":[0.0,-1.3832,-1.38311]},"64s":{"weight":1.0,"played":[0.8673,0.0672,0.0655],"evs":[0.0,-0.52182,-0.52175]},"65s":{"weight":1.0,"played":[0.0823,0.4822,0.4355],"evs":[0.0,0.27093,0.27119]},"66":{"weight":1.0,"played":[0.0,0.5557,0.4443],"evs":[0.0,4.18149,4.1814]},"76o":{"weight":1.0,"played":[1.0,0.0,0.0],"evs":[0.0,-1.16537,-1.16528]},"86o":{"weight":1.0,"played":[1.0,0.0,0.0],"evs":[0.0,-1.4222,-1.4221]},"96o":{"weight":1.0,"played":[1.0,0.0,0.0],"evs":[0.0,-1.8853,-1.8853]},"T6o":{"weight":1.0,"played":[1.0,0.0,0.0],"evs":[0.0,-2.31517,-2.31521]},"J6o":{"weight":1.0,"played":[1.0,0.0,0.0],"evs":[0.0,-2.47282,-2.47272]},"Q6o":{"weight":1.0,"played":[1.0,0.0,0.0],"evs":[0.0,-1.94497,-1.94473]},"K6o":{"weight":1.0,"played":[1.0,0.0,0.0],"evs":[0.0,-1.30342,-1.3035]},"A6o":{"weight":1.0,"played":[1.0,0.0,0.0],"evs":[0.0,-0.62044,-0.62041]},"72s":{"weight":1.0,"played":[1.0,0.0,0.0],"evs":[0.0,-2.58157,-2.58177]},"73s":{"weight":1.0,"played":[1.0,0.0,0.0],"evs":[0.0,-1.733,-1.73302]},"74s":{"weight":1.0,"played":[0.9998,1.0E-4,1.0E-4],"evs":[0.0,-0.97595,-0.97589]},"75s":{"weight":1.0,"played":[0.5462,0.2037,0.2501],"evs":[0.0,-0.09157,-0.0914]},"76s":{"weight":1.0,"played":[0.0,0.5172,0.4828],"evs":[0.0,0.62917,0.62921]},"77":{"weight":1.0,"played":[0.0,0.4386,0.5614],"evs":[0.0,5.39738,5.39745]},"87o":{"weight":1.0,"played":[1.0,0.0,0.0],"evs":[0.0,-0.76794,-0.76795]},"97o":{"weight":1.0,"played":[1.0,0.0,0.0],"evs":[0.0,-1.149,-1.149]},"T7o":{"weight":1.0,"played":[1.0,0.0,0.0],"evs":[0.0,-1.50417,-1.50423]},"J7o":{"weight":1.0,"played":[1.0,0.0,0.0],"evs":[0.0,-1.71822,-1.71825]},"Q7o":{"weight":1.0,"played":[1.0,0.0,0.0],"evs":[0.0,-1.82949,-1.82963]},"K7o":{"weight":1.0,"played":[1.0,0.0,0.0],"evs":[0.0,-1.04759,-1.04757]},"A7o":{"weight":1.0,"played":[0.1092,0.4711,0.4197],"evs":[0.0,0.21496,0.21485]},"82s":{"weight":1.0,"played":[1.0,0.0,0.0],"evs":[0.0,-2.14989,-2.15023]},"83s":{"weight":1.0,"played":[1.0,0.0,0.0],"evs":[0.0,-2.07342,-2.07368]},"84s":{"weight":1.0,"played":[1.0,0.0,0.0],"evs":[0.0,-1.26774,-1.26811]},"85s":{"weight":1.0,"played":[0.8783,0.0587,0.063],"evs":[0.0,-0.34253,-0.3425]},"86s":{"weight":1.0,"played":[0.0049,0.3384,0.6567],"evs":[0.0,0.4367,0.43683]},"87s":{"weight":1.0,"played":[0.0,0.2623,0.7377],"evs":[0.0,1.14282,1.14308]},"88":{"weight":1.0,"played":[0.0,0.8671,0.1329],"evs":[0.0,6.82687,6.82645]},"98o":{"weight":1.0,"played":[1.0,0.0,0.0],"evs":[0.0,-0.44925,-0.44908]},"T8o":{"weight":1.0,"played":[1.0,0.0,0.0],"evs":[0.0,-0.6221,-0.62209]},"J8o":{"weight":1.0,"played":[1.0,0.0,0.0],"evs":[0.0,-0.85488,-0.85465]},"Q8o":{"weight":1.0,"played":[1.0,0.0,0.0],"evs":[0.0,-0.96033,-0.96055]},"K8o":{"weight":1.0,"played":[1.0,0.0,0.0],"evs":[0.0,-0.80886,-0.809]},"A8o":{"weight":1.0,"played":[0.0,0.9447,0.0553],"evs":[0.0,1.03047,1.03037]},"92s":{"weight":1.0,"played":[1.0,0.0,0.0],"evs":[0.0,-2.04124,-2.04201]},"93s":{"weight":1.0,"played":[1.0,0.0,0.0],"evs":[0.0,-1.78575,-1.78651]},"94s":{"weight":1.0,"played":[1.0,0.0,0.0],"evs":[0.0,-1.71573,-1.71535]},"95s":{"weight":1.0,"played":[1.0,0.0,0.0],"evs":[0.0,-0.79305,-0.7928]},"96s":{"weight":1.0,"played":[0.5891,0.1803,0.2306],"evs":[0.0,0.05216,0.05243]},"97s":{"weight":1.0,"played":[0.0,0.2143,0.7857],"evs":[0.0,0.74123,0.7414]},"98s":{"weight":1.0,"played":[0.0,0.1485,0.8515],"evs":[0.0,1.48494,1.48515]},"99":{"weight":1.0,"played":[0.0,0.0012,0.9988],"evs":[0.0,8.44244,8.44258]},"T9o":{"weight":1.0,"played":[0.7886,0.114,0.0974],"evs":[0.0,0.11071,0.11071]},"J9o":{"weight":1.0,"played":[0.9999,0.0,0.0],"evs":[0.0,-0.03812,-0.03815]},"Q9o":{"weight":1.0,"played":[1.0,0.0,0.0],"evs":[0.0,-0.13352,-0.13351]},"K9o":{"weight":1.0,"played":[0.6767,0.1596,0.1637],"evs":[0.0,0.18532,0.18534]},"A9o":{"weight":1.0,"played":[0.0,0.4306,0.5694],"evs":[0.0,1.98903,1.9889]},"T2s":{"weight":1.0,"played":[1.0,0.0,0.0],"evs":[0.0,-1.85632,-1.85623]},"T3s":{"weight":1.0,"played":[1.0,0.0,0.0],"evs":[0.0,-1.6885,-1.68836]},"T4s":{"weight":1.0,"played":[1.0,0.0,0.0],"evs":[0.0,-1.39738,-1.3973]},"T5s":{"weight":1.0,"played":[1.0,0.0,0.0],"evs":[0.0,-1.12949,-1.1294]},"T6s":{"weight":1.0,"played":[0.9958,0.0017,0.0025],"evs":[0.0,-0.35786,-0.35786]},"T7s":{"weight":1.0,"played":[0.1193,0.3978,0.4829],"evs":[0.0,0.38389,0.38404]},"T8s":{"weight":1.0,"played":[0.0,0.1097,0.8903],"evs":[0.0,1.17193,1.17206]},"T9s":{"weight":1.0,"played":[0.0,0.3294,0.6706],"evs":[0.0,1.85561,1.8559]},"TT":{"weight":1.0,"played":[0.0,0.1086,0.8914],"evs":[0.0,10.78164,10.7816]},"JTo":{"weight":1.0,"played":[0.0,0.9054,0.0946],"evs":[0.0,0.99956,0.9995]},"QTo":{"weight":1.0,"played":[0.0,0.0624,0.9376],"evs":[0.0,1.10529,1.10541]},"KTo":{"weight":1.0,"played":[0.0,0.864,0.136],"evs":[0.0,1.68,1.67994]},"ATo":{"weight":1.0,"played":[0.0,0.3341,0.6659],"evs":[0.0,4.00167,4.00154]},"J2s":{"weight":1.0,"played":[1.0,0.0,0.0],"evs":[0.0,-1.4999,-1.49956]},"J3s":{"weight":1.0,"played":[1.0,0.0,0.0],"evs":[0.0,-1.25169,-1.2514]},"J4s":{"weight":1.0,"played":[1.0,0.0,0.0],"evs":[0.0,-0.98426,-0.98401]},"J5s":{"weight":1.0,"played":[1.0,0.0,0.0],"evs":[0.0,-0.6981,-0.69808]},"J6s":{"weight":1.0,"played":[0.9999,0.0,0.0],"evs":[0.0,-0.454,-0.45383]},"J7s":{"weight":1.0,"played":[0.3093,0.3331,0.3575],"evs":[0.0,0.23545,0.23536]},"J8s":{"weight":1.0,"played":[0.0,0.0512,0.9488],"evs":[0.0,1.08041,1.08081]},"J9s":{"weight":1.0,"played":[0.0,0.9977,0.0023],"evs":[0.0,1.79535,1.79504]},"JTs":{"weight":1.0,"played":[0.0,0.1648,0.8352],"evs":[0.0,2.77957,2.77975]},"JJ":{"weight":1.0,"played":[0.0,0.8013,0.1987],"evs":[0.0,13.10395,13.10394]},"QJo":{"weight":1.0,"played":[0.0,0.7967,0.2033],"evs":[0.0,1.87435,1.87416]},"KJo":{"weight":1.0,"played":[0.0,0.3221,0.6779],"evs":[0.0,2.50669,2.50672]},"AJo":{"weight":1.0,"played":[0.0,0.8,0.2],"evs":[0.0,5.33068,5.33033]},"Q2s":{"weight":1.0,"played":[1.0,0.0,0.0],"evs":[0.0,-1.06196,-1.06171]},"Q3s":{"weight":1.0,"played":[1.0,0.0,0.0],"evs":[0.0,-0.88588,-0.88606]},"Q4s":{"weight":1.0,"played":[1.0,0.0,0.0],"evs":[0.0,-0.597,-0.5967]},"Q5s":{"weight":1.0,"played":[0.9997,2.0E-4,2.0E-4],"evs":[0.0,-0.29914,-0.29967]},"Q6s":{"weight":1.0,"played":[0.7363,0.1295,0.1342],"evs":[0.0,0.0807,0.08067]},"Q7s":{"weight":1.0,"played":[0.6584,0.1692,0.1724],"evs":[0.0,0.15371,0.15384]},"Q8s":{"weight":1.0,"played":[0.0,0.9822,0.0178],"evs":[0.0,0.89921,0.89886]},"Q9s":{"weight":1.0,"played":[0.0,0.3779,0.6221],"evs":[0.0,1.74988,1.74956]},"QTs":{"weight":1.0,"played":[0.0,0.7471,0.2529],"evs":[0.0,2.92539,2.92537]},"QJs":{"weight":1.0,"played":[0.0,0.8006,0.1994],"evs":[0.0,3.60213,3.60212]},"QQ":{"weight":1.0,"played":[0.0,0.0028,0.9972],"evs":[0.0,15.57154,15.57174]},"KQo":{"weight":1.0,"played":[0.0,0.0474,0.9526],"evs":[0.0,3.42884,3.42893]},"AQo":{"weight":1.0,"played":[0.0,0.8807,0.1193],"evs":[0.0,6.78459,6.78436]},"K2s":{"weight":1.0,"played":[0.9999,0.0,0.0],"evs":[0.0,-0.50359,-0.50399]},"K3s":{"weight":1.0,"played":[0.9999,1.0E-4,1.0E-4],"evs":[0.0,-0.3129,-0.31313]},"K4s":{"weight":1.0,"played":[0.9599,0.0199,0.0203],"evs":[0.0,0.0137,0.01349]},"K5s":{"weight":1.0,"played":[0.0018,0.4523,0.5459],"evs":[0.0,0.37593,0.37603]},"K6s":{"weight":1.0,"played":[0.0,0.4707,0.5293],"evs":[0.0,0.74942,0.74941]},"K7s":{"weight":1.0,"played":[0.0,0.7642,0.2358],"evs":[0.0,0.91952,0.91965]},"K8s":{"weight":1.0,"played":[0.0,0.5524,0.4476],"evs":[0.0,1.17985,1.17983]},"K9s":{"weight":1.0,"played":[0.0,0.4489,0.5511],"evs":[0.0,2.08351,2.08369]},"KTs":{"weight":1.0,"played":[0.0,0.5052,0.4948],"evs":[0.0,3.48923,3.48937]},"KJs":{"weight":1.0,"played":[0.0,0.9493,0.0507],"evs":[0.0,4.2961,4.2958]},"KQs":{"weight":1.0,"played":[0.0,0.3655,0.6345],"evs":[0.0,5.08729,5.08698]},"KK":{"weight":1.0,"played":[0.0,0.4409,0.5591],"evs":[0.0,18.50753,18.50752]},"AKo":{"weight":1.0,"played":[0.0,0.9834,0.0166],"evs":[0.0,8.5464,8.54623]},"A2s":{"weight":1.0,"played":[0.0263,0.5016,0.472],"evs":[0.0,0.25348,0.25339]},"A3s":{"weight":1.0,"played":[0.0,0.0311,0.9689],"evs":[0.0,0.63817,0.63829]},"A4s":{"weight":1.0,"played":[0.0,0.0274,0.9726],"evs":[0.0,1.00772,1.00817]},"A5s":{"weight":1.0,"played":[0.0,0.5897,0.4103],"evs":[0.0,1.54959,1.54925]},"A6s":{"weight":1.0,"played":[0.0,0.2776,0.7224],"evs":[0.0,1.43262,1.43265]},"A7s":{"weight":1.0,"played":[0.0,0.9408,0.0592],"evs":[0.0,2.25122,2.25098]},"A8s":{"weight":1.0,"played":[0.0,0.2584,0.7416],"evs":[0.0,3.08083,3.08059]},"A9s":{"weight":1.0,"played":[0.0,0.0605,0.9395],"evs":[0.0,3.93388,3.93486]},"ATs":{"weight":1.0,"played":[0.0,0.4694,0.5306],"evs":[0.0,5.79983,5.79979]},"AJs":{"weight":1.0,"played":[0.0,0.9025,0.0975],"evs":[0.0,7.02353,7.02339]},"AQs":{"weight":1.0,"played":[0.0,6.0E-4,0.9994],"evs":[0.0,8.38645,8.38689]},"AKs":{"weight":1.0,"played":[0.0,0.2296,0.7704],"evs":[0.0,10.01581,10.01597]},"AA":{"weight":1.0,"played":[0.0,0.6289,0.3711],"evs":[0.0,24.2712,24.27122]}}}