{"player":2,"street":0,"children":2,"sequence":[{"player":0,"type":"F","amount":0,"street":0},{"player":1,"type":"F","amount":0,"street":0}],"actions":[{"type":"F","amount":0,"node":3},{"type":"R","amount":955000,"node":9}],"hands":{"22":{"weight":1.0,"played":[0.0,1.0],"evs":[0.0,2.25015]},"32o":{"weight":1.0,"played":[1.0,0.0],"evs":[0.0,-1.67512]},"42o":{"weight":1.0,"played":[1.0,0.0],"evs":[0.0,-1.50814]},"52o":{"weight":1.0,"played":[1.0,0.0],"evs":[0.0,-1.3446]},"62o":{"weight":1.0,"played":[1.0,0.0],"evs":[0.0,-1.62072]},"72o":{"weight":1.0,"played":[1.0,0.0],"evs":[0.0,-1.82171]},"82o":{"weight":1.0,"played":[1.0,0.0],"evs":[0.0,-1.66058]},"92o":{"weight":1.0,"played":[1.0,0.0],"evs":[0.0,-1.55342]},"T2o":{"weight":1.0,"played":[1.0,0.0],"evs":[0.0,-1.31713]},"J2o":{"weight":1.0,"played":[1.0,0.0],"evs":[0.0,-1.12734]},"Q2o":{"weight":1.0,"played":[1.0,0.0],"evs":[0.0,-0.70959]},"K2o":{"weight":1.0,"played":[0.0,1.0],"evs":[0.0,0.07241]},"A2o":{"weight":1.0,"played":[0.0,1.0],"evs":[0.0,2.10692]},"32s":{"weight":1.0,"played":[1.0,0.0],"evs":[0.0,-0.63882]},"33":{"weight":1.0,"played":[0.0,1.0],"evs":[0.0,2.76231]},"43o":{"weight":1.0,"played":[1.0,0.0],"evs":[0.0,-1.05882]},"53o":{"weight":1.0,"played":[1.0,0.0],"evs":[0.0,-0.88577]},"63o":{"weight":1.0,"played":[1.0,0.0],"evs":[0.0,-1.15971]},"73o":{"weight":1.0,"played":[1.0,0.0],"evs":[0.0,-1.35698]},"83o":{"weight":1.0,"played":[1.0,0.0],"evs":[0.0,-1.57179]},"93o":{"weight":1.0,"played":[1.0,0.0],"evs":[0.0,-1.38495]},"T3o":{"weight":1.0,"played":[1.0,0.0],"evs":[0.0,-1.15414]},"J3o":{"weight":1.0,"played":[1.0,0.0],"evs":[0.0,-0.96644]},"Q3o":{"weight":1.0,"played":[1.0,0.0],"evs":[0.0,-0.55036]},"K3o":{"weight":1.0,"played":[0.0,1.0],"evs":[0.0,0.23022]},"A3o":{"weight":1.0,"played":[0.0,1.0],"evs":[0.0,2.25664]},"42s":{"weight":1.0,"played":[1.0,0.0],"evs":[0.0,-0.48754]},"43s":{"weight":1.0,"played":[1.0,0.0],"evs":[0.0,-0.06248]},"44":{"weight":1.0,"played":[0.0,1.0],"evs":[0.0,3.26559]},"54o":{"weight":1.0,"played":[1.0,0.0],"evs":[0.0,-0.46297]},"64o":{"weight":1.0,"played":[1.0,0.0],"evs":[0.0,-0.72603]},"74o":{"weight":1.0,"played":[1.0,0.0],"evs":[0.0,-0.92782]},"84o":{"weight":1.0,"played":[1.0,0.0],"evs":[0.0,-1.13297]},"94o":{"weight":1.0,"played":[1.0,0.0],"evs":[0.0,-1.30613]},"T4o":{"weight":1.0,"played":[1.0,0.0],"evs":[0.0,-1.00728]},"J4o":{"weight":1.0,"played":[1.0,0.0],"evs":[0.0,-0.82101]},"Q4o":{"weight":1.0,"played":[1.0,0.0],"evs":[0.0,-0.40742]},"K4o":{"weight":1.0,"played":[0.0,1.0],"evs":[0.0,0.3808]},"A4o":{"weight":1.0,"played":[0.0,1.0],"evs":[0.0,2.43241]},"52s":{"weight":1.0,"played":[1.0,0.0],"evs":[0.0,-0.32666]},"53s":{"weight":1.0,"played":[0.0,1.0],"evs":[0.0,0.10254]},"54s":{"weight":1.0,"played":[0.0,1.0],"evs":[0.0,0.48845]},"55":{"weight":1.0,"played":[0.0,1.0],"evs":[0.0,3.81441]},"65o":{"weight":1.0,"played":[1.0,0.0],"evs":[0.0,-0.31337]},"75o":{"weight":1.0,"played":[1.0,0.0],"evs":[0.0,-0.49069]},"85o":{"weight":1.0,"played":[1.0,0.0],"evs":[0.0,-0.69196]},"95o":{"weight":1.0,"played":[1.0,0.0],"evs":[0.0,-0.87034]},"T5o":{"weight":1.0,"played":[1.0,0.0],"evs":[0.0,-0.92383]},"J5o":{"weight":1.0,"played":[1.0,0.0],"evs":[0.0,-0.66827]},"Q5o":{"weight":1.0,"played":[1.0,0.0],"evs":[0.0,-0.24838]},"K5o":{"weight":1.0,"played":[0.0,1.0],"evs":[0.0,0.57412]},"A5o":{"weight":1.0,"played":[0.0,1.0],"evs":[0.0,2.68694]},"62s":{"weight":1.0,"played":[1.0,0.0],"evs":[0.0,-0.58791]},"63s":{"weight":1.0,"played":[1.0,0.0],"evs":[0.0,-0.15263]},"64s":{"weight":1.0,"played":[0.0,1.0],"evs":[0.0,0.23883]},"65s":{"weight":1.0,"played":[0.0,1.0],"evs":[0.0,0.6402]},"66":{"weight":1.0,"played":[0.0,1.0],"evs":[0.0,4.31781]},"76o":{"weight":1.0,"played":[1.0,0.0],"evs":[0.0,-0.09313]},"86o":{"weight":1.0,"played":[1.0,0.0],"evs":[0.0,-0.26958]},"96o":{"weight":1.0,"played":[1.0,0.0],"evs":[0.0,-0.45444]},"T6o":{"weight":1.0,"played":[1.0,0.0],"evs":[0.0,-0.51141]},"J6o":{"weight":1.0,"played":[1.0,0.0],"evs":[0.0,-0.59802]},"Q6o":{"weight":1.0,"played":[1.0,0.0],"evs":[0.0,-0.098]},"K6o":{"weight":1.0,"played":[0.0,1.0],"evs":[0.0,0.78311]},"A6o":{"weight":1.0,"played":[0.0,1.0],"evs":[0.0,2.73349]},"72s":{"weight":1.0,"played":[1.0,0.0],"evs":[0.0,-0.7718]},"73s":{"weight":1.0,"played":[1.0,0.0],"evs":[0.0,-0.33505]},"74s":{"weight":1.0,"played":[1.0E-4,0.9999],"evs":[0.0,0.06998]},"75s":{"weight":1.0,"played":[0.0,1.0],"evs":[0.0,0.46459]},"76s":{"weight":1.0,"played":[0.0,1.0],"evs":[0.0,0.85147]},"77":{"weight":1.0,"played":[0.0,1.0],"evs":[0.0,4.83725]},"87o":{"weight":1.0,"played":[0.0,1.0],"evs":[0.0,0.07953]},"97o":{"weight":1.0,"played":[1.0,0.0],"evs":[0.0,-0.07753]},"T7o":{"weight":1.0,"played":[1.0,0.0],"evs":[0.0,-0.1438]},"J7o":{"weight":1.0,"played":[1.0,0.0],"evs":[0.0,-0.23513]},"Q7o":{"weight":1.0,"played":[1.0,0.0],"evs":[0.0,-0.04598]},"K7o":{"weight":1.0,"played":[0.0,1.0],"evs":[0.0,0.98506]},"A7o":{"weight":1.0,"played":[0.0,1.0],"evs":[0.0,3.14815]},"82s":{"weight":1.0,"played":[1.0,0.0],"evs":[0.0,-0.62075]},"83s":{"weight":1.0,"played":[1.0,0.0],"evs":[0.0,-0.53433]},"84s":{"weight":1.0,"played":[1.0,0.0],"evs":[0.0,-0.13275]},"85s":{"weight":1.0,"played":[0.0,1.0],"evs":[0.0,0.27631]},"86s":{"weight":1.0,"played":[0.0,1.0],"evs":[0.0,0.66815]},"87s":{"weight":1.0,"played":[0.0,1.0],"evs":[0.0,0.99662]},"88":{"weight":1.0,"played":[0.0,1.0],"evs":[0.0,5.4129]},"98o":{"weight":1.0,"played":[0.0,1.0],"evs":[0.0,0.23423]},"T8o":{"weight":1.0,"played":[0.0,1.0],"evs":[0.0,0.21988]},"J8o":{"weight":1.0,"played":[0.0,1.0],"evs":[0.0,0.1362]},"Q8o":{"weight":1.0,"played":[0.0,1.0],"evs":[0.0,0.39318]},"K8o":{"weight":1.0,"played":[0.0,1.0],"evs":[0.0,1.25636]},"A8o":{"weight":1.0,"played":[0.0,1.0],"evs":[0.0,3.6609]},"92s":{"weight":1.0,"played":[1.0,0.0],"evs":[0.0,-0.51637]},"93s":{"weight":1.0,"played":[1.0,0.0],"evs":[0.0,-0.37062]},"94s":{"weight":1.0,"played":[1.0,0.0],"evs":[0.0,-0.30177]},"95s":{"weight":1.0,"played":[0.0,1.0],"evs":[0.0,0.10128]},"96s":{"weight":1.0,"played":[0.0,1.0],"evs":[0.0,0.49903]},"97s":{"weight":1.0,"played":[0.0,1.0],"evs":[0.0,0.8561]},"98s":{"weight":1.0,"played":[0.0,1.0],"evs":[0.0,1.12906]},"99":{"weight":1.0,"played":[0.0,1.0],"evs":[0.0,6.16197]},"T9o":{"weight":1.0,"played":[0.0,1.0],"evs":[0.0,0.62734]},"J9o":{"weight":1.0,"played":[0.0,1.0],"evs":[0.0,0.60738]},"Q9o":{"weight":1.0,"played":[0.0,1.0],"evs":[0.0,0.95387]},"K9o":{"weight":1.0,"played":[0.0,1.0],"evs":[0.0,1.93939]},"A9o":{"weight":1.0,"played":[0.0,1.0],"evs":[0.0,4.24284]},"T2s":{"weight":1.0,"played":[1.0,0.0],"evs":[0.0,-0.31151]},"T3s":{"weight":1.0,"played":[1.0,0.0],"evs":[0.0,-0.16117]},"T4s":{"weight":1.0,"played":[0.9999,1.0E-4],"evs":[0.0,-0.02197]},"T5s":{"weight":1.0,"played":[0.0,1.0],"evs":[0.0,0.0532]},"T6s":{"weight":1.0,"played":[0.0,1.0],"evs":[0.0,0.4363]},"T7s":{"weight":1.0,"played":[0.0,1.0],"evs":[0.0,0.78935]},"T8s":{"weight":1.0,"played":[0.0,1.0],"evs":[0.0,1.11042]},"T9s":{"weight":1.0,"played":[0.0,1.0],"evs":[0.0,1.49816]},"TT":{"weight":1.0,"played":[0.0,1.0],"evs":[0.0,7.16457]},"JTo":{"weight":1.0,"played":[0.0,1.0],"evs":[0.0,1.38448]},"QTo":{"weight":1.0,"played":[0.0,1.0],"evs":[0.0,1.77408]},"KTo":{"weight":1.0,"played":[0.0,1.0],"evs":[0.0,2.85006]},"ATo":{"weight":1.0,"played":[0.0,1.0],"evs":[0.0,5.18874]},"J2s":{"weight":1.0,"played":[1.0,0.0],"evs":[0.0,-0.12252]},"J3s":{"weight":1.0,"played":[0.0,1.0],"evs":[0.0,0.03835]},"J4s":{"weight":1.0,"played":[0.0,1.0],"evs":[0.0,0.15222]},"J5s":{"weight":1.0,"played":[0.0,1.0],"evs":[0.0,0.29306]},"J6s":{"weight":1.0,"played":[0.0,1.0],"evs":[0.0,0.37321]},"J7s":{"weight":1.0,"played":[0.0,1.0],"evs":[0.0,0.70681]},"J8s":{"weight":1.0,"played":[0.0,1.0],"evs":[0.0,1.04301]},"J9s":{"weight":1.0,"played":[0.0,1.0],"evs":[0.0,1.48108]},"JTs":{"weight":1.0,"played":[0.0,1.0],"evs":[0.0,2.2089]},"JJ":{"weight":1.0,"played":[0.0,1.0],"evs":[0.0,8.00033]},"QJo":{"weight":1.0,"played":[0.0,1.0],"evs":[0.0,2.16995]},"KJo":{"weight":1.0,"played":[0.0,1.0],"evs":[0.0,3.2826]},"AJo":{"weight":1.0,"played":[0.0,1.0],"evs":[0.0,5.72921]},"Q2s":{"weight":1.0,"played":[0.0,1.0],"evs":[0.0,0.2793]},"Q3s":{"weight":1.0,"played":[0.0,1.0],"evs":[0.0,0.42282]},"Q4s":{"weight":1.0,"played":[0.0,1.0],"evs":[0.0,0.55436]},"Q5s":{"weight":1.0,"played":[0.0,1.0],"evs":[0.0,0.70028]},"Q6s":{"weight":1.0,"played":[0.0,1.0],"evs":[0.0,0.84153]},"Q7s":{"weight":1.0,"played":[0.0,1.0],"evs":[0.0,0.88805]},"Q8s":{"weight":1.0,"played":[0.0,1.0],"evs":[0.0,1.27674]},"Q9s":{"weight":1.0,"played":[0.0,1.0],"evs":[0.0,1.8062]},"QTs":{"weight":1.0,"played":[0.0,1.0],"evs":[0.0,2.5647]},"QJs":{"weight":1.0,"played":[0.0,1.0],"evs":[0.0,2.93627]},"QQ":{"weight":1.0,"played":[0.0,1.0],"evs":[0.0,8.93216]},"KQo":{"weight":1.0,"played":[0.0,1.0],"evs":[0.0,3.78874]},"AQo":{"weight":1.0,"played":[0.0,1.0],"evs":[0.0,6.32066]},"K2s":{"weight":1.0,"played":[0.0,1.0],"evs":[0.0,1.01501]},"K3s":{"weight":1.0,"played":[0.0,1.0],"evs":[0.0,1.15794]},"K4s":{"weight":1.0,"played":[0.0,1.0],"evs":[0.0,1.30002]},"K5s":{"weight":1.0,"played":[0.0,1.0],"evs":[0.0,1.46345]},"K6s":{"weight":1.0,"played":[0.0,1.0],"evs":[0.0,1.66349]},"K7s":{"weight":1.0,"played":[0.0,1.0],"evs":[0.0,1.86428]},"K8s":{"weight":1.0,"played":[0.0,1.0],"evs":[0.0,2.10073]},"K9s":{"weight":1.0,"played":[0.0,1.0],"evs":[0.0,2.74086]},"KTs":{"weight":1.0,"played":[0.0,1.0],"evs":[0.0,3.57547]},"KJs":{"weight":1.0,"played":[0.0,1.0],"evs":[0.0,3.97554]},"KQs":{"weight":1.0,"played":[0.0,1.0],"evs":[0.0,4.44231]},"KK":{"weight":1.0,"played":[0.0,1.0],"evs":[0.0,9.99066]},"AKo":{"weight":1.0,"played":[0.0,1.0],"evs":[0.0,7.04567]},"A2s":{"weight":1.0,"played":[0.0,1.0],"evs":[0.0,2.91714]},"A3s":{"weight":1.0,"played":[0.0,1.0],"evs":[0.0,3.0515]},"A4s":{"weight":1.0,"played":[0.0,1.0],"evs":[0.0,3.20892]},"A5s":{"weight":1.0,"played":[0.0,1.0],"evs":[0.0,3.44925]},"A6s":{"weight":1.0,"played":[0.0,1.0],"evs":[0.0,3.47866]},"A7s":{"weight":1.0,"played":[0.0,1.0],"evs":[0.0,3.87513]},"A8s":{"weight":1.0,"played":[0.0,1.0],"evs":[0.0,4.34688]},"A9s":{"weight":1.0,"played":[0.0,1.0],"evs":[0.0,4.87377]},"ATs":{"weight":1.0,"played":[0.0,1.0],"evs":[0.0,5.76702]},"AJs":{"weight":1.0,"played":[0.0,1.0],"evs":[0.0,6.25361]},"AQs":{"weight":1.0,"played":[0.0,1.0],"evs":[0.0,6.80619]},"AKs":{"weight":1.0,"played":[0.0,1.0],"evs":[0.0,7.46013]},"AA":{"weight":1.0,"played":[0.0,1.0],"evs":[0.0,11.81736]}}}