{"player":2,"street":0,"children":2,"sequence":[{"player":0,"type":"F","amount":0,"street":0},{"player":1,"type":"R","amount":895000,"street":0},{"player":2,"type":"C","amount":895000,"street":0},{"player":3,"type":"F","amount":0,"street":0},{"player":4,"type":"R","amount":955000,"street":0}],"actions":[{"type":"F","amount":0},{"type":"C","amount":60000}],"hands":{"22":{"weight":0.6423,"played":[0.0,1.0],"evs":[0.0,14.91158]},"32o":{"weight":0.0,"played":[0.0,1.0],"evs":[0.0,9.96612]},"42o":{"weight":0.0,"played":[0.0,1.0],"evs":[0.0,10.36559]},"52o":{"weight":0.0,"played":[0.0,1.0],"evs":[0.0,10.71652]},"62o":{"weight":0.0,"played":[0.0,1.0],"evs":[0.0,10.19094]},"72o":{"weight":0.0,"played":[0.0,1.0],"evs":[0.0,9.58967]},"82o":{"weight":0.0,"played":[0.0,1.0],"evs":[0.0,9.98925]},"92o":{"weight":0.0,"played":[0.0,1.0],"evs":[0.0,9.97326]},"T2o":{"weight":0.0,"played":[0.0,1.0],"evs":[0.0,10.29839]},"J2o":{"weight":0.0,"played":[0.0,1.0],"evs":[0.0,11.04248]},"Q2o":{"weight":0.0,"played":[0.0,1.0],"evs":[0.0,11.25401]},"K2o":{"weight":0.0,"played":[0.0,1.0],"evs":[0.0,11.98568]},"A2o":{"weight":0.0,"played":[0.0,1.0],"evs":[0.0,13.79656]},"32s":{"weight":0.0,"played":[0.0,1.0],"evs":[0.0,11.98093]},"33":{"weight":0.6724,"played":[0.0,1.0],"evs":[0.0,15.66729]},"43o":{"weight":0.0,"played":[0.0,1.0],"evs":[0.0,11.15136]},"53o":{"weight":0.0,"played":[0.0,1.0],"evs":[0.0,11.59117]},"63o":{"weight":0.0,"played":[0.0,1.0],"evs":[0.0,11.0587]},"73o":{"weight":0.0,"played":[0.0,1.0],"evs":[0.0,10.39691]},"83o":{"weight":0.0,"played":[0.0,1.0],"evs":[0.0,10.00007]},"93o":{"weight":0.0,"played":[0.0,1.0],"evs":[0.0,10.16485]},"T3o":{"weight":0.0,"played":[0.0,1.0],"evs":[0.0,10.51511]},"J3o":{"weight":0.0,"played":[0.0,1.0],"evs":[0.0,11.2215]},"Q3o":{"weight":0.0,"played":[0.0,1.0],"evs":[0.0,11.41445]},"K3o":{"weight":0.0,"played":[0.0,1.0],"evs":[0.0,12.19365]},"A3o":{"weight":0.0,"played":[0.0,1.0],"evs":[0.0,14.11559]},"42s":{"weight":0.0,"played":[0.0,1.0],"evs":[0.0,12.40789]},"43s":{"weight":0.0,"played":[0.0,1.0],"evs":[0.0,13.19033]},"44":{"weight":0.7506,"played":[0.0,1.0],"evs":[0.0,16.69621]},"54o":{"weight":0.0,"played":[0.0,1.0],"evs":[0.0,12.49231]},"64o":{"weight":0.0,"played":[0.0,1.0],"evs":[0.0,12.01211]},"74o":{"weight":0.0,"played":[0.0,1.0],"evs":[0.0,11.37429]},"84o":{"weight":0.0,"played":[0.0,1.0],"evs":[0.0,10.9906]},"94o":{"weight":0.0,"played":[0.0,1.0],"evs":[0.0,10.33977]},"T4o":{"weight":0.0,"played":[0.0,1.0],"evs":[0.0,10.81976]},"J4o":{"weight":0.0,"played":[0.0,1.0],"evs":[0.0,11.54128]},"Q4o":{"weight":0.0,"played":[0.0,1.0],"evs":[0.0,11.78636]},"K4o":{"weight":0.0,"played":[0.0,1.0],"evs":[0.0,12.51035]},"A4o":{"weight":0.225,"played":[0.0,1.0],"evs":[0.0,14.50951]},"52s":{"weight":0.0,"played":[0.0,1.0],"evs":[0.0,12.83078]},"53s":{"weight":0.0,"played":[0.0,1.0],"evs":[0.0,13.60441]},"54s":{"weight":0.0,"played":[0.0,1.0],"evs":[0.0,14.43206]},"55":{"weight":0.7444,"played":[0.0,1.0],"evs":[0.0,17.86993]},"65o":{"weight":0.0,"played":[0.0,1.0],"evs":[0.0,12.93265]},"75o":{"weight":0.0,"played":[0.0,1.0],"evs":[0.0,12.37509]},"85o":{"weight":0.0,"played":[0.0,1.0],"evs":[0.0,11.97556]},"95o":{"weight":0.0,"played":[0.0,1.0],"evs":[0.0,11.35522]},"T5o":{"weight":0.0,"played":[0.0,1.0],"evs":[0.0,11.12852]},"J5o":{"weight":0.0,"played":[0.0,1.0],"evs":[0.0,11.94386]},"Q5o":{"weight":0.0,"played":[0.0,1.0],"evs":[0.0,12.2172]},"K5o":{"weight":0.0,"played":[0.0,1.0],"evs":[0.0,12.99078]},"A5o":{"weight":0.2285,"played":[0.0,1.0],"evs":[0.0,15.01958]},"62s":{"weight":0.0,"played":[0.0,1.0],"evs":[0.0,12.33783]},"63s":{"weight":0.0,"played":[0.0,1.0],"evs":[0.0,13.10827]},"64s":{"weight":0.0,"played":[0.0,1.0],"evs":[0.0,13.95611]},"65s":{"weight":1.0E-4,"played":[0.0,1.0],"evs":[0.0,14.89328]},"66":{"weight":0.5969,"played":[0.0,1.0],"evs":[0.0,19.0407]},"76o":{"weight":0.0,"played":[0.0,1.0],"evs":[0.0,13.16527]},"86o":{"weight":0.0,"played":[0.0,1.0],"evs":[0.0,12.8247]},"96o":{"weight":0.0,"played":[0.0,1.0],"evs":[0.0,12.30987]},"T6o":{"weight":0.0,"played":[0.0,1.0],"evs":[0.0,12.01792]},"J6o":{"weight":0.0,"played":[0.0,1.0],"evs":[0.0,12.16051]},"Q6o":{"weight":0.0,"played":[0.0,1.0],"evs":[0.0,12.52291]},"K6o":{"weight":0.0,"played":[0.0,1.0],"evs":[0.0,13.35581]},"A6o":{"weight":0.2394,"played":[0.0,1.0],"evs":[0.0,14.86241]},"72s":{"weight":0.0,"played":[0.0,1.0],"evs":[0.0,11.75986]},"73s":{"weight":0.0,"played":[0.0,1.0],"evs":[0.0,12.45747]},"74s":{"weight":0.0,"played":[0.0,1.0],"evs":[0.0,13.38728]},"75s":{"weight":0.0,"played":[0.0,1.0],"evs":[0.0,14.3749]},"76s":{"weight":0.7888,"played":[0.0,1.0],"evs":[0.0,15.06839]},"77":{"weight":0.471,"played":[0.0,1.0],"evs":[0.0,20.18659]},"87o":{"weight":0.0,"played":[0.0,1.0],"evs":[0.0,13.32519]},"97o":{"weight":0.0,"played":[0.0,1.0],"evs":[0.0,12.98121]},"T7o":{"weight":0.0,"played":[0.0,1.0],"evs":[0.0,12.67672]},"J7o":{"weight":0.0,"played":[0.0,1.0],"evs":[0.0,12.85981]},"Q7o":{"weight":0.0,"played":[0.0,1.0],"evs":[0.0,12.54334]},"K7o":{"weight":0.0,"played":[0.0,1.0],"evs":[0.0,13.53221]},"A7o":{"weight":0.2389,"played":[0.0,1.0],"evs":[0.0,15.65421]},"82s":{"weight":0.0,"played":[0.0,1.0],"evs":[0.0,12.17355]},"83s":{"weight":0.0,"played":[0.0,1.0],"evs":[0.0,12.14679]},"84s":{"weight":0.0,"played":[0.0,1.0],"evs":[0.0,13.11964]},"85s":{"weight":0.0,"played":[0.0,1.0],"evs":[0.0,14.09259]},"86s":{"weight":1.0E-4,"played":[0.0,1.0],"evs":[0.0,14.76609]},"87s":{"weight":0.3911,"played":[0.0,1.0],"evs":[0.0,15.33605]},"88":{"weight":0.48,"played":[0.0,1.0],"evs":[0.0,21.46648]},"98o":{"weight":0.0,"played":[0.0,1.0],"evs":[0.0,13.73171]},"T8o":{"weight":0.0,"played":[0.0,1.0],"evs":[0.0,13.66114]},"J8o":{"weight":0.0,"played":[0.0,1.0],"evs":[0.0,13.74279]},"Q8o":{"weight":0.0,"played":[0.0,1.0],"evs":[0.0,13.44024]},"K8o":{"weight":0.0,"played":[0.0,1.0],"evs":[0.0,13.87042]},"A8o":{"weight":0.2357,"played":[0.0,1.0],"evs":[0.0,16.51732]},"92s":{"weight":0.0,"played":[0.0,1.0],"evs":[0.0,12.10882]},"93s":{"weight":0.0,"played":[0.0,1.0],"evs":[0.0,12.35731]},"94s":{"weight":0.0,"played":[0.0,1.0],"evs":[0.0,12.51903]},"95s":{"weight":0.0,"played":[0.0,1.0],"evs":[0.0,13.46717]},"96s":{"weight":0.0,"played":[0.0,1.0],"evs":[0.0,14.29918]},"97s":{"weight":0.441,"played":[0.0,1.0],"evs":[0.0,14.98743]},"98s":{"weight":0.3999,"played":[0.0,1.0],"evs":[0.0,15.73994]},"99":{"weight":0.4668,"played":[0.0,1.0],"evs":[0.0,23.24712]},"T9o":{"weight":0.0,"played":[0.0,1.0],"evs":[0.0,14.36849]},"J9o":{"weight":0.0,"played":[0.0,1.0],"evs":[0.0,14.43056]},"Q9o":{"weight":0.0,"played":[0.0,1.0],"evs":[0.0,14.11257]},"K9o":{"weight":0.2914,"played":[0.0,1.0],"evs":[0.0,14.75769]},"A9o":{"weight":0.2454,"played":[0.0,1.0],"evs":[0.0,17.49345]},"T2s":{"weight":0.0,"played":[0.0,1.0],"evs":[0.0,12.53145]},"T3s":{"weight":0.0,"played":[0.0,1.0],"evs":[0.0,12.73024]},"T4s":{"weight":0.0,"played":[0.0,1.0],"evs":[0.0,13.02763]},"T5s":{"weight":0.0,"played":[0.0,1.0],"evs":[0.0,13.32313]},"T6s":{"weight":0.0,"played":[0.0,1.0],"evs":[0.0,14.0742]},"T7s":{"weight":0.0,"played":[0.0,1.0],"evs":[0.0,14.75366]},"T8s":{"weight":0.3947,"played":[0.0,1.0],"evs":[0.0,15.59887]},"T9s":{"weight":0.4812,"played":[0.0,1.0],"evs":[0.0,16.34722]},"TT":{"weight":0.3173,"played":[0.0,1.0],"evs":[0.0,25.92461]},"JTo":{"weight":0.3816,"played":[0.0,1.0],"evs":[0.0,15.62856]},"QTo":{"weight":0.3057,"played":[0.0,1.0],"evs":[0.0,15.53812]},"KTo":{"weight":0.2308,"played":[0.0,1.0],"evs":[0.0,16.45375]},"ATo":{"weight":0.3785,"played":[0.0,1.0],"evs":[0.0,20.02556]},"J2s":{"weight":0.0,"played":[0.0,1.0],"evs":[0.0,13.22118]},"J3s":{"weight":0.0,"played":[0.0,1.0],"evs":[0.0,13.39505]},"J4s":{"weight":0.0,"played":[0.0,1.0],"evs":[0.0,13.65128]},"J5s":{"weight":0.0,"played":[0.0,1.0],"evs":[0.0,14.04046]},"J6s":{"weight":0.0,"played":[0.0,1.0],"evs":[0.0,14.22386]},"J7s":{"weight":0.0,"played":[0.0,1.0],"evs":[0.0,14.90493]},"J8s":{"weight":0.3394,"played":[0.0,1.0],"evs":[0.0,15.81852]},"J9s":{"weight":0.3549,"played":[0.0,1.0],"evs":[0.0,16.45941]},"JTs":{"weight":0.359,"played":[0.0,1.0],"evs":[0.0,17.44191]},"JJ":{"weight":0.2354,"played":[0.0,1.0],"evs":[0.0,28.22036]},"QJo":{"weight":0.2615,"played":[0.0,1.0],"evs":[0.0,16.68113]},"KJo":{"weight":0.2263,"played":[0.0,1.0],"evs":[0.0,17.46653]},"AJo":{"weight":0.428,"played":[0.0,1.0],"evs":[0.0,21.17731]},"Q2s":{"weight":0.0,"played":[0.0,1.0],"evs":[0.0,13.37177]},"Q3s":{"weight":0.0,"played":[0.0,1.0],"evs":[0.0,13.69556]},"Q4s":{"weight":0.0,"played":[0.0,1.0],"evs":[0.0,13.91465]},"Q5s":{"weight":0.0,"played":[0.0,1.0],"evs":[0.0,14.38888]},"Q6s":{"weight":0.0,"played":[0.0,1.0],"evs":[0.0,14.62149]},"Q7s":{"weight":0.0,"played":[0.0,1.0],"evs":[0.0,14.60763]},"Q8s":{"weight":0.295,"played":[0.0,1.0],"evs":[0.0,15.55516]},"Q9s":{"weight":0.3328,"played":[0.0,1.0],"evs":[0.0,16.09432]},"QTs":{"weight":0.2826,"played":[0.0,1.0],"evs":[0.0,17.50441]},"QJs":{"weight":0.2507,"played":[0.0,1.0],"evs":[0.0,18.51754]},"QQ":{"weight":0.2256,"played":[0.0,1.0],"evs":[0.0,31.11939]},"KQo":{"weight":0.2205,"played":[0.0,1.0],"evs":[0.0,18.60853]},"AQo":{"weight":0.4488,"played":[0.0,1.0],"evs":[0.0,22.67841]},"K2s":{"weight":0.0,"played":[0.0,1.0],"evs":[0.0,14.10666]},"K3s":{"weight":0.0,"played":[0.0,1.0],"evs":[0.0,14.38286]},"K4s":{"weight":0.0552,"played":[0.0,1.0],"evs":[0.0,14.73368]},"K5s":{"weight":0.2575,"played":[0.0,1.0],"evs":[0.0,15.1135]},"K6s":{"weight":0.2663,"played":[0.0,1.0],"evs":[0.0,15.54494]},"K7s":{"weight":0.2652,"played":[0.0,1.0],"evs":[0.0,15.666]},"K8s":{"weight":0.2762,"played":[0.0,1.0],"evs":[0.0,15.97208]},"K9s":{"weight":0.2819,"played":[0.0,1.0],"evs":[0.0,16.70638]},"KTs":{"weight":0.2315,"played":[0.0,1.0],"evs":[0.0,18.26492]},"KJs":{"weight":0.2328,"played":[0.0,1.0],"evs":[0.0,19.30785]},"KQs":{"weight":0.2234,"played":[0.0,1.0],"evs":[0.0,20.45862]},"KK":{"weight":0.2056,"played":[0.0,1.0],"evs":[0.0,34.54998]},"AKo":{"weight":0.4912,"played":[0.0,1.0],"evs":[0.0,24.36392]},"A2s":{"weight":0.1939,"played":[0.0,1.0],"evs":[0.0,15.93692]},"A3s":{"weight":0.2183,"played":[0.0,1.0],"evs":[0.0,16.25808]},"A4s":{"weight":0.2303,"played":[0.0,1.0],"evs":[0.0,16.6043]},"A5s":{"weight":0.2205,"played":[0.0,1.0],"evs":[0.0,17.14589]},"A6s":{"weight":0.2386,"played":[0.0,1.0],"evs":[0.0,17.04287]},"A7s":{"weight":0.2402,"played":[0.0,1.0],"evs":[0.0,17.73981]},"A8s":{"weight":0.2324,"played":[0.0,1.0],"evs":[0.0,18.51689]},"A9s":{"weight":0.1993,"played":[0.0,1.0],"evs":[0.0,19.51238]},"ATs":{"weight":0.2069,"played":[0.0,1.0],"evs":[0.0,21.72263]},"AJs":{"weight":0.3234,"played":[0.0,1.0],"evs":[0.0,22.91859]},"AQs":{"weight":0.3742,"played":[0.0,1.0],"evs":[0.0,24.31921]},"AKs":{"weight":0.3947,"played":[0.0,1.0],"evs":[0.0,25.79437]},"AA":{"weight":0.2011,"played":[0.0,1.0],"evs":[0.0,40.6447]}}}