{"player":2,"street":0,"children":2,"sequence":[{"player":0,"type":"F","amount":0,"street":0},{"player":1,"type":"R","amount":895000,"street":0},{"player":2,"type":"C","amount":895000,"street":0},{"player":3,"type":"R","amount":945000,"street":0},{"player":4,"type":"F","amount":0,"street":0}],"actions":[{"type":"F","amount":0},{"type":"C","amount":50000}],"hands":{"22":{"weight":0.6423,"played":[0.0,1.0],"evs":[0.0,15.28705]},"32o":{"weight":0.0,"played":[0.0,1.0],"evs":[0.0,10.49141]},"42o":{"weight":0.0,"played":[0.0,1.0],"evs":[0.0,10.82933]},"52o":{"weight":0.0,"played":[0.0,1.0],"evs":[0.0,11.08073]},"62o":{"weight":0.0,"played":[0.0,1.0],"evs":[0.0,10.40454]},"72o":{"weight":0.0,"played":[0.0,1.0],"evs":[0.0,9.73346]},"82o":{"weight":0.0,"played":[0.0,1.0],"evs":[0.0,9.64661]},"92o":{"weight":0.0,"played":[0.0,1.0],"evs":[0.0,9.95528]},"T2o":{"weight":0.0,"played":[0.0,1.0],"evs":[0.0,9.83636]},"J2o":{"weight":0.0,"played":[0.0,1.0],"evs":[0.0,10.32684]},"Q2o":{"weight":0.0,"played":[0.0,1.0],"evs":[0.0,11.14049]},"K2o":{"weight":0.0,"played":[0.0,1.0],"evs":[0.0,12.22703]},"A2o":{"weight":0.0,"played":[0.0,1.0],"evs":[0.0,15.08868]},"32s":{"weight":0.0,"played":[0.0,1.0],"evs":[0.0,12.67185]},"33":{"weight":0.6724,"played":[0.0,1.0],"evs":[0.0,15.85951]},"43o":{"weight":0.0,"played":[0.0,1.0],"evs":[0.0,11.67865]},"53o":{"weight":0.0,"played":[0.0,1.0],"evs":[0.0,11.96604]},"63o":{"weight":0.0,"played":[0.0,1.0],"evs":[0.0,11.26598]},"73o":{"weight":0.0,"played":[0.0,1.0],"evs":[0.0,10.53682]},"83o":{"weight":0.0,"played":[0.0,1.0],"evs":[0.0,9.75372]},"93o":{"weight":0.0,"played":[0.0,1.0],"evs":[0.0,10.13587]},"T3o":{"weight":0.0,"played":[0.0,1.0],"evs":[0.0,9.9854]},"J3o":{"weight":0.0,"played":[0.0,1.0],"evs":[0.0,10.53211]},"Q3o":{"weight":0.0,"played":[0.0,1.0],"evs":[0.0,11.36931]},"K3o":{"weight":0.0,"played":[0.0,1.0],"evs":[0.0,12.44605]},"A3o":{"weight":0.0,"played":[0.0,1.0],"evs":[0.0,15.39839]},"42s":{"weight":0.0,"played":[0.0,1.0],"evs":[0.0,12.85846]},"43s":{"weight":0.0,"played":[0.0,1.0],"evs":[0.0,13.65556]},"44":{"weight":0.7506,"played":[0.0,1.0],"evs":[0.0,16.57954]},"54o":{"weight":0.0,"played":[0.0,1.0],"evs":[0.0,12.80257]},"64o":{"weight":0.0,"played":[0.0,1.0],"evs":[0.0,12.1544]},"74o":{"weight":0.0,"played":[0.0,1.0],"evs":[0.0,11.43199]},"84o":{"weight":0.0,"played":[0.0,1.0],"evs":[0.0,10.64037]},"94o":{"weight":0.0,"played":[0.0,1.0],"evs":[0.0,10.31266]},"T4o":{"weight":0.0,"played":[0.0,1.0],"evs":[0.0,10.34121]},"J4o":{"weight":0.0,"played":[0.0,1.0],"evs":[0.0,10.83985]},"Q4o":{"weight":0.0,"played":[0.0,1.0],"evs":[0.0,11.62611]},"K4o":{"weight":0.0,"played":[0.0,1.0],"evs":[0.0,12.72688]},"A4o":{"weight":0.225,"played":[0.0,1.0],"evs":[0.0,15.53385]},"52s":{"weight":0.0,"played":[0.0,1.0],"evs":[0.0,13.08217]},"53s":{"weight":0.0,"played":[0.0,1.0],"evs":[0.0,13.9757]},"54s":{"weight":0.0,"played":[0.0,1.0],"evs":[0.0,14.78245]},"55":{"weight":0.7444,"played":[0.0,1.0],"evs":[0.0,17.21571]},"65o":{"weight":0.0,"played":[0.0,1.0],"evs":[0.0,13.01106]},"75o":{"weight":0.0,"played":[0.0,1.0],"evs":[0.0,12.3264]},"85o":{"weight":0.0,"played":[0.0,1.0],"evs":[0.0,11.59075]},"95o":{"weight":0.0,"played":[0.0,1.0],"evs":[0.0,11.24901]},"T5o":{"weight":0.0,"played":[0.0,1.0],"evs":[0.0,10.51909]},"J5o":{"weight":0.0,"played":[0.0,1.0],"evs":[0.0,11.10688]},"Q5o":{"weight":0.0,"played":[0.0,1.0],"evs":[0.0,11.91399]},"K5o":{"weight":0.0,"played":[0.0,1.0],"evs":[0.0,13.02192]},"A5o":{"weight":0.2285,"played":[0.0,1.0],"evs":[0.0,15.9165]},"62s":{"weight":0.0,"played":[0.0,1.0],"evs":[0.0,12.56472]},"63s":{"weight":0.0,"played":[0.0,1.0],"evs":[0.0,13.37575]},"64s":{"weight":0.0,"played":[0.0,1.0],"evs":[0.0,14.12101]},"65s":{"weight":1.0E-4,"played":[0.0,1.0],"evs":[0.0,15.03258]},"66":{"weight":0.5969,"played":[0.0,1.0],"evs":[0.0,17.82343]},"76o":{"weight":0.0,"played":[0.0,1.0],"evs":[0.0,12.95105]},"86o":{"weight":0.0,"played":[0.0,1.0],"evs":[0.0,12.32112]},"96o":{"weight":0.0,"played":[0.0,1.0],"evs":[0.0,11.97495]},"T6o":{"weight":0.0,"played":[0.0,1.0],"evs":[0.0,11.27539]},"J6o":{"weight":0.0,"played":[0.0,1.0],"evs":[0.0,11.25953]},"Q6o":{"weight":0.0,"played":[0.0,1.0],"evs":[0.0,12.10347]},"K6o":{"weight":0.0,"played":[0.0,1.0],"evs":[0.0,13.20365]},"A6o":{"weight":0.2394,"played":[0.0,1.0],"evs":[0.0,15.53218]},"72s":{"weight":0.0,"played":[0.0,1.0],"evs":[0.0,11.9386]},"73s":{"weight":0.0,"played":[0.0,1.0],"evs":[0.0,12.58167]},"74s":{"weight":0.0,"played":[0.0,1.0],"evs":[0.0,13.51226]},"75s":{"weight":0.0,"played":[0.0,1.0],"evs":[0.0,14.36879]},"76s":{"weight":0.7888,"played":[0.0,1.0],"evs":[0.0,14.89665]},"77":{"weight":0.471,"played":[0.0,1.0],"evs":[0.0,18.46402]},"87o":{"weight":0.0,"played":[0.0,1.0],"evs":[0.0,12.73585]},"97o":{"weight":0.0,"played":[0.0,1.0],"evs":[0.0,12.47246]},"T7o":{"weight":0.0,"played":[0.0,1.0],"evs":[0.0,11.84036]},"J7o":{"weight":0.0,"played":[0.0,1.0],"evs":[0.0,11.65685]},"Q7o":{"weight":0.0,"played":[0.0,1.0],"evs":[0.0,12.04477]},"K7o":{"weight":0.0,"played":[0.0,1.0],"evs":[0.0,13.26796]},"A7o":{"weight":0.2389,"played":[0.0,1.0],"evs":[0.0,16.15658]},"82s":{"weight":0.0,"played":[0.0,1.0],"evs":[0.0,11.93028]},"83s":{"weight":0.0,"played":[0.0,1.0],"evs":[0.0,11.95282]},"84s":{"weight":0.0,"played":[0.0,1.0],"evs":[0.0,12.86688]},"85s":{"weight":0.0,"played":[0.0,1.0],"evs":[0.0,13.70328]},"86s":{"weight":1.0E-4,"played":[0.0,1.0],"evs":[0.0,14.36616]},"87s":{"weight":0.3911,"played":[0.0,1.0],"evs":[0.0,14.7947]},"88":{"weight":0.48,"played":[0.0,1.0],"evs":[0.0,19.70701]},"98o":{"weight":0.0,"played":[0.0,1.0],"evs":[0.0,12.85539]},"T8o":{"weight":0.0,"played":[0.0,1.0],"evs":[0.0,12.17285]},"J8o":{"weight":0.0,"played":[0.0,1.0],"evs":[0.0,12.18048]},"Q8o":{"weight":0.0,"played":[0.0,1.0],"evs":[0.0,12.4929]},"K8o":{"weight":0.0,"played":[0.0,1.0],"evs":[0.0,13.4475]},"A8o":{"weight":0.2357,"played":[0.0,1.0],"evs":[0.0,17.08401]},"92s":{"weight":0.0,"played":[0.0,1.0],"evs":[0.0,12.19718]},"93s":{"weight":0.0,"played":[0.0,1.0],"evs":[0.0,12.36474]},"94s":{"weight":0.0,"played":[0.0,1.0],"evs":[0.0,12.5412]},"95s":{"weight":0.0,"played":[0.0,1.0],"evs":[0.0,13.29868]},"96s":{"weight":0.0,"played":[0.0,1.0],"evs":[0.0,14.05189]},"97s":{"weight":0.441,"played":[0.0,1.0],"evs":[0.0,14.61712]},"98s":{"weight":0.3999,"played":[0.0,1.0],"evs":[0.0,14.95409]},"99":{"weight":0.4668,"played":[0.0,1.0],"evs":[0.0,21.68914]},"T9o":{"weight":0.0,"played":[0.0,1.0],"evs":[0.0,13.33181]},"J9o":{"weight":0.0,"played":[0.0,1.0],"evs":[0.0,13.3636]},"Q9o":{"weight":0.0,"played":[0.0,1.0],"evs":[0.0,13.65272]},"K9o":{"weight":0.2914,"played":[0.0,1.0],"evs":[0.0,14.47008]},"A9o":{"weight":0.2454,"played":[0.0,1.0],"evs":[0.0,18.15292]},"T2s":{"weight":0.0,"played":[0.0,1.0],"evs":[0.0,12.10457]},"T3s":{"weight":0.0,"played":[0.0,1.0],"evs":[0.0,12.25475]},"T4s":{"weight":0.0,"played":[0.0,1.0],"evs":[0.0,12.46121]},"T5s":{"weight":0.0,"played":[0.0,1.0],"evs":[0.0,12.76212]},"T6s":{"weight":0.0,"played":[0.0,1.0],"evs":[0.0,13.38853]},"T7s":{"weight":0.0,"played":[0.0,1.0],"evs":[0.0,13.97033]},"T8s":{"weight":0.3947,"played":[0.0,1.0],"evs":[0.0,14.36091]},"T9s":{"weight":0.4812,"played":[0.0,1.0],"evs":[0.0,15.27598]},"TT":{"weight":0.3173,"played":[0.0,1.0],"evs":[0.0,24.32813]},"JTo":{"weight":0.3816,"played":[0.0,1.0],"evs":[0.0,14.06084]},"QTo":{"weight":0.3057,"played":[0.0,1.0],"evs":[0.0,14.66293]},"KTo":{"weight":0.2308,"played":[0.0,1.0],"evs":[0.0,16.06125]},"ATo":{"weight":0.3785,"played":[0.0,1.0],"evs":[0.0,20.51377]},"J2s":{"weight":0.0,"played":[0.0,1.0],"evs":[0.0,12.62228]},"J3s":{"weight":0.0,"played":[0.0,1.0],"evs":[0.0,12.79078]},"J4s":{"weight":0.0,"played":[0.0,1.0],"evs":[0.0,13.0748]},"J5s":{"weight":0.0,"played":[0.0,1.0],"evs":[0.0,13.29737]},"J6s":{"weight":0.0,"played":[0.0,1.0],"evs":[0.0,13.44304]},"J7s":{"weight":0.0,"played":[0.0,1.0],"evs":[0.0,13.77201]},"J8s":{"weight":0.3394,"played":[0.0,1.0],"evs":[0.0,14.27883]},"J9s":{"weight":0.3549,"played":[0.0,1.0],"evs":[0.0,15.33205]},"JTs":{"weight":0.359,"played":[0.0,1.0],"evs":[0.0,16.07736]},"JJ":{"weight":0.2354,"played":[0.0,1.0],"evs":[0.0,27.75593]},"QJo":{"weight":0.2615,"played":[0.0,1.0],"evs":[0.0,15.79594]},"KJo":{"weight":0.2263,"played":[0.0,1.0],"evs":[0.0,17.53626]},"AJo":{"weight":0.428,"played":[0.0,1.0],"evs":[0.0,21.97267]},"Q2s":{"weight":0.0,"played":[0.0,1.0],"evs":[0.0,13.33738]},"Q3s":{"weight":0.0,"played":[0.0,1.0],"evs":[0.0,13.60843]},"Q4s":{"weight":0.0,"played":[0.0,1.0],"evs":[0.0,13.81203]},"Q5s":{"weight":0.0,"played":[0.0,1.0],"evs":[0.0,14.12951]},"Q6s":{"weight":0.0,"played":[0.0,1.0],"evs":[0.0,14.32837]},"Q7s":{"weight":0.0,"played":[0.0,1.0],"evs":[0.0,14.05593]},"Q8s":{"weight":0.295,"played":[0.0,1.0],"evs":[0.0,14.6074]},"Q9s":{"weight":0.3328,"played":[0.0,1.0],"evs":[0.0,15.51988]},"QTs":{"weight":0.2826,"played":[0.0,1.0],"evs":[0.0,16.63669]},"QJs":{"weight":0.2507,"played":[0.0,1.0],"evs":[0.0,17.81853]},"QQ":{"weight":0.2256,"played":[0.0,1.0],"evs":[0.0,31.50235]},"KQo":{"weight":0.2205,"played":[0.0,1.0],"evs":[0.0,19.22823]},"AQo":{"weight":0.4488,"played":[0.0,1.0],"evs":[0.0,23.43921]},"K2s":{"weight":0.0,"played":[0.0,1.0],"evs":[0.0,14.52989]},"K3s":{"weight":0.0,"played":[0.0,1.0],"evs":[0.0,14.59731]},"K4s":{"weight":0.0552,"played":[0.0,1.0],"evs":[0.0,14.95422]},"K5s":{"weight":0.2575,"played":[0.0,1.0],"evs":[0.0,15.098]},"K6s":{"weight":0.2663,"played":[0.0,1.0],"evs":[0.0,15.29355]},"K7s":{"weight":0.2652,"played":[0.0,1.0],"evs":[0.0,15.3875]},"K8s":{"weight":0.2762,"played":[0.0,1.0],"evs":[0.0,15.40495]},"K9s":{"weight":0.2819,"played":[0.0,1.0],"evs":[0.0,16.501]},"KTs":{"weight":0.2315,"played":[0.0,1.0],"evs":[0.0,17.97658]},"KJs":{"weight":0.2328,"played":[0.0,1.0],"evs":[0.0,19.48512]},"KQs":{"weight":0.2234,"played":[0.0,1.0],"evs":[0.0,21.025]},"KK":{"weight":0.2056,"played":[0.0,1.0],"evs":[0.0,35.24251]},"AKo":{"weight":0.4912,"played":[0.0,1.0],"evs":[0.0,25.02831]},"A2s":{"weight":0.1939,"played":[0.0,1.0],"evs":[0.0,17.09221]},"A3s":{"weight":0.2183,"played":[0.0,1.0],"evs":[0.0,17.32762]},"A4s":{"weight":0.2303,"played":[0.0,1.0],"evs":[0.0,17.66671]},"A5s":{"weight":0.2205,"played":[0.0,1.0],"evs":[0.0,18.00165]},"A6s":{"weight":0.2386,"played":[0.0,1.0],"evs":[0.0,17.69904]},"A7s":{"weight":0.2402,"played":[0.0,1.0],"evs":[0.0,18.25464]},"A8s":{"weight":0.2324,"played":[0.0,1.0],"evs":[0.0,19.19855]},"A9s":{"weight":0.1993,"played":[0.0,1.0],"evs":[0.0,20.04737]},"ATs":{"weight":0.2069,"played":[0.0,1.0],"evs":[0.0,22.30141]},"AJs":{"weight":0.3234,"played":[0.0,1.0],"evs":[0.0,23.62864]},"AQs":{"weight":0.3742,"played":[0.0,1.0],"evs":[0.0,25.0491]},"AKs":{"weight":0.3947,"played":[0.0,1.0],"evs":[0.0,26.56748]},"AA":{"weight":0.2011,"played":[0.0,1.0],"evs":[0.0,41.35812]}}}