{"player":3,"street":0,"children":3,"sequence":[{"player":0,"type":"F","amount":0,"street":0},{"player":1,"type":"F","amount":0,"street":0},{"player":2,"type":"F","amount":0,"street":0}],"actions":[{"type":"F","amount":0},{"type":"C","amount":50000,"node":4},{"type":"R","amount":945000,"node":8}],"hands":{"22":{"weight":1.0,"played":[0.0,0.0,1.0],"evs":[0.0,1.55522,1.67899]},"32o":{"weight":1.0,"played":[1.0,0.0,0.0],"evs":[0.0,-0.26052,-1.63005]},"42o":{"weight":1.0,"played":[1.0,0.0,0.0],"evs":[0.0,-0.22235,-1.50235]},"52o":{"weight":1.0,"played":[1.0,0.0,0.0],"evs":[0.0,-0.18034,-1.3731]},"62o":{"weight":1.0,"played":[1.0,0.0,0.0],"evs":[0.0,-0.24522,-1.57225]},"72o":{"weight":1.0,"played":[1.0,0.0,0.0],"evs":[0.0,-0.28062,-1.65063]},"82o":{"weight":1.0,"played":[1.0,0.0,0.0],"evs":[0.0,-0.22092,-1.41244]},"92o":{"weight":1.0,"played":[1.0,0.0,0.0],"evs":[0.0,-0.19491,-1.26388]},"T2o":{"weight":1.0,"played":[1.0,0.0,0.0],"evs":[0.0,-0.14125,-0.99705]},"J2o":{"weight":1.0,"played":[1.0,0.0,0.0],"evs":[0.0,-0.09394,-0.67969]},"Q2o":{"weight":1.0,"played":[0.0,1.0,0.0],"evs":[0.0,0.06357,-0.15501]},"K2o":{"weight":1.0,"played":[0.0,0.0,1.0],"evs":[0.0,0.77372,0.85725]},"A2o":{"weight":1.0,"played":[0.0,0.0,1.0],"evs":[0.0,2.2649,2.34609]},"32s":{"weight":1.0,"played":[1.0,0.0,0.0],"evs":[0.0,-0.13125,-0.90148]},"33":{"weight":1.0,"played":[0.0,1.0E-4,0.9999],"evs":[0.0,1.99592,2.04654]},"43o":{"weight":1.0,"played":[1.0,0.0,0.0],"evs":[0.0,-0.16698,-1.19134]},"53o":{"weight":1.0,"played":[1.0,0.0,0.0],"evs":[0.0,-0.11828,-1.05503]},"63o":{"weight":1.0,"played":[1.0,0.0,0.0],"evs":[0.0,-0.18295,-1.24914]},"73o":{"weight":1.0,"played":[1.0,0.0,0.0],"evs":[0.0,-0.21342,-1.3224]},"83o":{"weight":1.0,"played":[1.0,0.0,0.0],"evs":[0.0,-0.20055,-1.33345]},"93o":{"weight":1.0,"played":[1.0,0.0,0.0],"evs":[0.0,-0.16722,-1.12766]},"T3o":{"weight":1.0,"played":[1.0,0.0,0.0],"evs":[0.0,-0.11376,-0.86241]},"J3o":{"weight":1.0,"played":[1.0,0.0,0.0],"evs":[0.0,-0.06614,-0.55541]},"Q3o":{"weight":1.0,"played":[0.0,1.0,0.0],"evs":[0.0,0.09156,-0.04103]},"K3o":{"weight":1.0,"played":[0.0,0.0,1.0],"evs":[0.0,0.89903,0.96706]},"A3o":{"weight":1.0,"played":[0.0,0.0,1.0],"evs":[0.0,2.3878,2.44391]},"42s":{"weight":1.0,"played":[1.0,0.0,0.0],"evs":[0.0,-0.0946,-0.79298]},"43s":{"weight":1.0,"played":[0.9998,2.0E-4,0.0],"evs":[0.0,-0.03146,-0.50657]},"44":{"weight":1.0,"played":[0.0,0.3634,0.6366],"evs":[0.0,2.42942,2.43074]},"54o":{"weight":1.0,"played":[1.0,0.0,0.0],"evs":[0.0,-0.04443,-0.75554]},"64o":{"weight":1.0,"played":[1.0,0.0,0.0],"evs":[0.0,-0.10726,-0.93749]},"74o":{"weight":1.0,"played":[1.0,0.0,0.0],"evs":[0.0,-0.13782,-1.00891]},"84o":{"weight":1.0,"played":[1.0,0.0,0.0],"evs":[0.0,-0.13346,-1.02128]},"94o":{"weight":1.0,"played":[1.0,0.0,0.0],"evs":[0.0,-0.14031,-1.05873]},"T4o":{"weight":1.0,"played":[1.0,0.0,0.0],"evs":[0.0,-0.07962,-0.74704]},"J4o":{"weight":1.0,"played":[1.0,0.0,0.0],"evs":[0.0,-0.03229,-0.4364]},"Q4o":{"weight":1.0,"played":[0.0,1.0,0.0],"evs":[0.0,0.13263,0.08448]},"K4o":{"weight":1.0,"played":[0.0,0.0,1.0],"evs":[0.0,1.00922,1.09173]},"A4o":{"weight":1.0,"played":[0.0,0.0,1.0],"evs":[0.0,2.50164,2.56437]},"52s":{"weight":1.0,"played":[1.0,0.0,0.0],"evs":[0.0,-0.05217,-0.6709]},"53s":{"weight":1.0,"played":[5.0E-4,0.9995,0.0],"evs":[0.0,0.02161,-0.36934]},"54s":{"weight":1.0,"played":[0.0,1.0,0.0],"evs":[0.0,0.12416,-0.09719]},"55":{"weight":1.0,"played":[0.0,0.2208,0.7792],"evs":[0.0,2.81671,2.81847]},"65o":{"weight":1.0,"played":[1.0,0.0,0.0],"evs":[0.0,-0.02898,-0.62582]},"75o":{"weight":1.0,"played":[1.0,0.0,0.0],"evs":[0.0,-0.05077,-0.68122]},"85o":{"weight":1.0,"played":[1.0,0.0,0.0],"evs":[0.0,-0.05004,-0.70006]},"95o":{"weight":1.0,"played":[1.0,0.0,0.0],"evs":[0.0,-0.06136,-0.73488]},"T5o":{"weight":1.0,"played":[1.0,0.0,0.0],"evs":[0.0,-0.04167,-0.65882]},"J5o":{"weight":1.0,"played":[0.0,1.0,0.0],"evs":[0.0,0.01276,-0.29254]},"Q5o":{"weight":1.0,"played":[0.0,0.0,1.0],"evs":[0.0,0.21036,0.23126]},"K5o":{"weight":1.0,"played":[0.0,0.0,1.0],"evs":[0.0,1.13516,1.26726]},"A5o":{"weight":1.0,"played":[0.0,0.0,1.0],"evs":[0.0,2.60683,2.72776]},"62s":{"weight":1.0,"played":[1.0,0.0,0.0],"evs":[0.0,-0.11233,-0.85524]},"63s":{"weight":1.0,"played":[1.0,0.0,0.0],"evs":[0.0,-0.04921,-0.54258]},"64s":{"weight":1.0,"played":[0.0,1.0,0.0],"evs":[0.0,0.02576,-0.26417]},"65s":{"weight":1.0,"played":[0.0,1.0,0.0],"evs":[0.0,0.12088,0.02343]},"66":{"weight":1.0,"played":[0.0,0.8292,0.1708],"evs":[0.0,3.23599,3.23274]},"76o":{"weight":1.0,"played":[0.9948,0.0052,0.0],"evs":[0.0,-0.00881,-0.41598]},"86o":{"weight":1.0,"played":[0.2641,0.7359,0.0],"evs":[0.0,4.8E-4,-0.42963]},"96o":{"weight":1.0,"played":[0.9977,0.0023,0.0],"evs":[0.0,-0.00708,-0.45608]},"T6o":{"weight":1.0,"played":[0.2991,0.7009,0.0],"evs":[0.0,3.1E-4,-0.3817]},"J6o":{"weight":1.0,"played":[0.0,1.0,0.0],"evs":[0.0,0.02396,-0.22639]},"Q6o":{"weight":1.0,"played":[0.0,0.0,1.0],"evs":[0.0,0.33707,0.39063]},"K6o":{"weight":1.0,"played":[0.0,0.0,1.0],"evs":[0.0,1.2746,1.49009]},"A6o":{"weight":1.0,"played":[0.0,0.0,1.0],"evs":[0.0,2.58816,2.81036]},"72s":{"weight":1.0,"played":[1.0,0.0,0.0],"evs":[0.0,-0.1402,-0.92435]},"73s":{"weight":1.0,"played":[1.0,0.0,0.0],"evs":[0.0,-0.08105,-0.6139]},"74s":{"weight":1.0,"played":[0.1939,0.8061,0.0],"evs":[0.0,7.2E-4,-0.316]},"75s":{"weight":1.0,"played":[0.0,1.0,0.0],"evs":[0.0,0.11236,-0.02996]},"76s":{"weight":1.0,"played":[0.0,0.6248,0.3752],"evs":[0.0,0.22958,0.2294]},"77":{"weight":1.0,"played":[0.0,1.0,0.0],"evs":[0.0,3.73699,3.67252]},"87o":{"weight":1.0,"played":[0.0,1.0,0.0],"evs":[0.0,0.05666,-0.14947]},"97o":{"weight":1.0,"played":[0.0,1.0,0.0],"evs":[0.0,0.06434,-0.15461]},"T7o":{"weight":1.0,"played":[0.0,1.0,0.0],"evs":[0.0,0.07985,-0.07549]},"J7o":{"weight":1.0,"played":[0.0,1.0,0.0],"evs":[0.0,0.14403,0.08366]},"Q7o":{"weight":1.0,"played":[0.0,0.0,1.0],"evs":[0.0,0.50019,0.53617]},"K7o":{"weight":1.0,"played":[0.0,0.0,1.0],"evs":[0.0,1.50206,1.71656]},"A7o":{"weight":1.0,"played":[0.0,0.0,1.0],"evs":[0.0,2.86998,3.06659]},"82s":{"weight":1.0,"played":[1.0,0.0,0.0],"evs":[0.0,-0.07904,-0.71162]},"83s":{"weight":1.0,"played":[1.0,0.0,0.0],"evs":[0.0,-0.0564,-0.63161]},"84s":{"weight":1.0,"played":[6.0E-4,0.9994,0.0],"evs":[0.0,0.00767,-0.34044]},"85s":{"weight":1.0,"played":[0.0,1.0,0.0],"evs":[0.0,0.1043,-0.042]},"86s":{"weight":1.0,"played":[0.0,0.9989,0.0011],"evs":[0.0,0.22832,0.20252]},"87s":{"weight":1.0,"played":[0.0,0.3936,0.6064],"evs":[0.0,0.47398,0.47562]},"88":{"weight":1.0,"played":[0.0,1.0,0.0],"evs":[0.0,4.2426,4.22133]},"98o":{"weight":1.0,"played":[0.0,1.0,0.0],"evs":[0.0,0.24205,0.15602]},"T8o":{"weight":1.0,"played":[0.0,0.3177,0.6823],"evs":[0.0,0.30308,0.30419]},"J8o":{"weight":1.0,"played":[0.0,1.0E-4,0.9999],"evs":[0.0,0.4725,0.50436]},"Q8o":{"weight":1.0,"played":[0.0,0.0,1.0],"evs":[0.0,0.89061,1.0193]},"K8o":{"weight":1.0,"played":[0.0,0.0,1.0],"evs":[0.0,1.74274,2.03307]},"A8o":{"weight":1.0,"played":[0.0,0.0,1.0],"evs":[0.0,3.15027,3.42006]},"92s":{"weight":1.0,"played":[1.0,0.0,0.0],"evs":[0.0,-0.04322,-0.55357]},"93s":{"weight":1.0,"played":[0.9961,0.0039,0.0],"evs":[0.0,-0.01333,-0.44604]},"94s":{"weight":1.0,"played":[3.0E-4,0.9997,0.0],"evs":[0.0,0.01646,-0.36767]},"95s":{"weight":1.0,"played":[0.0,1.0,0.0],"evs":[0.0,0.10426,-0.07282]},"96s":{"weight":1.0,"played":[0.0,1.0,0.0],"evs":[0.0,0.24523,0.18633]},"97s":{"weight":1.0,"played":[0.0,0.2526,0.7474],"evs":[0.0,0.45729,0.45971]},"98s":{"weight":1.0,"played":[0.0,0.9862,0.0138],"evs":[0.0,0.76436,0.74661]},"99":{"weight":1.0,"played":[0.0,1.0,0.0],"evs":[0.0,4.88743,4.79506]},"T9o":{"weight":1.0,"played":[0.0,0.0,1.0],"evs":[0.0,0.65962,0.71518]},"J9o":{"weight":1.0,"played":[0.0,1.0E-4,0.9999],"evs":[0.0,0.89918,0.92556]},"Q9o":{"weight":1.0,"played":[0.0,0.0,1.0],"evs":[0.0,1.36303,1.44459]},"K9o":{"weight":1.0,"played":[0.0,0.0,1.0],"evs":[0.0,2.25684,2.47502]},"A9o":{"weight":1.0,"played":[0.0,0.0,1.0],"evs":[0.0,3.48027,3.70235]},"T2s":{"weight":1.0,"played":[0.0,1.0,0.0],"evs":[0.0,0.05459,-0.30606]},"T3s":{"weight":1.0,"played":[0.0,1.0,0.0],"evs":[0.0,0.07827,-0.19873]},"T4s":{"weight":1.0,"played":[0.0,1.0,0.0],"evs":[0.0,0.11464,-0.08101]},"T5s":{"weight":1.0,"played":[0.0,1.0,0.0],"evs":[0.0,0.14767,-0.00618]},"T6s":{"weight":1.0,"played":[0.0,0.9882,0.0118],"evs":[0.0,0.27635,0.25274]},"T7s":{"weight":1.0,"played":[0.0,0.2645,0.7355],"evs":[0.0,0.53639,0.53652]},"T8s":{"weight":1.0,"played":[0.0,0.9101,0.0899],"evs":[0.0,0.89854,0.89534]},"T9s":{"weight":1.0,"played":[0.0,0.5921,0.4079],"evs":[0.0,1.28519,1.27941]},"TT":{"weight":1.0,"played":[0.0,1.0,0.0],"evs":[0.0,5.63964,5.45528]},"JTo":{"weight":1.0,"played":[0.0,0.0,1.0],"evs":[0.0,1.45714,1.49008]},"QTo":{"weight":1.0,"played":[0.0,0.0,1.0],"evs":[0.0,1.96591,2.00296]},"KTo":{"weight":1.0,"played":[0.0,0.0,1.0],"evs":[0.0,2.85399,3.02301]},"ATo":{"weight":1.0,"played":[0.0,0.0,1.0],"evs":[0.0,4.05558,4.2392]},"J2s":{"weight":1.0,"played":[0.0,1.0,0.0],"evs":[0.0,0.22541,-0.00407]},"J3s":{"weight":1.0,"played":[0.0,1.0,0.0],"evs":[0.0,0.25871,0.10892]},"J4s":{"weight":1.0,"played":[0.0,1.0,0.0],"evs":[0.0,0.29119,0.21359]},"J5s":{"weight":1.0,"played":[0.0,0.5663,0.4337],"evs":[0.0,0.34803,0.34358]},"J6s":{"weight":1.0,"played":[0.0,0.002,0.998],"evs":[0.0,0.37641,0.39982]},"J7s":{"weight":1.0,"played":[0.0,0.9929,0.0071],"evs":[0.0,0.72234,0.69989]},"J8s":{"weight":1.0,"played":[0.0,0.9933,0.0067],"evs":[0.0,1.10447,1.08785]},"J9s":{"weight":1.0,"played":[0.0,0.9999,1.0E-4],"evs":[0.0,1.51085,1.4632]},"JTs":{"weight":1.0,"played":[0.0,0.9995,5.0E-4],"evs":[0.0,2.03957,2.00724]},"JJ":{"weight":1.0,"played":[0.0,1.0,0.0],"evs":[0.0,6.34412,5.96483]},"QJo":{"weight":1.0,"played":[0.0,0.1,0.9],"evs":[0.0,2.24012,2.24047]},"KJo":{"weight":1.0,"played":[0.0,0.0,1.0],"evs":[0.0,3.1808,3.28082]},"AJo":{"weight":1.0,"played":[0.0,0.0,1.0],"evs":[0.0,4.39642,4.50864]},"Q2s":{"weight":1.0,"played":[0.0,6.0E-4,0.9994],"evs":[0.0,0.47806,0.48671]},"Q3s":{"weight":1.0,"played":[0.0,0.2765,0.7235],"evs":[0.0,0.58629,0.59194]},"Q4s":{"weight":1.0,"played":[0.0,0.132,0.868],"evs":[0.0,0.70093,0.70186]},"Q5s":{"weight":1.0,"played":[0.0,0.987,0.013],"evs":[0.0,0.8489,0.83497]},"Q6s":{"weight":1.0,"played":[0.0,0.0,1.0],"evs":[0.0,0.97772,0.99795]},"Q7s":{"weight":1.0,"played":[0.0,0.0447,0.9553],"evs":[0.0,1.12001,1.11881]},"Q8s":{"weight":1.0,"played":[0.0,0.0,1.0],"evs":[0.0,1.51275,1.56477]},"Q9s":{"weight":1.0,"played":[0.0,0.0699,0.9301],"evs":[0.0,1.95588,1.95867]},"QTs":{"weight":1.0,"played":[0.0,1.0,0.0],"evs":[0.0,2.51353,2.47933]},"QJs":{"weight":1.0,"played":[0.0,1.0,0.0],"evs":[0.0,2.77163,2.706]},"QQ":{"weight":1.0,"played":[0.0,1.0,0.0],"evs":[0.0,7.05453,6.5271]},"KQo":{"weight":1.0,"played":[0.0,0.0,1.0],"evs":[0.0,3.50483,3.60205]},"AQo":{"weight":1.0,"played":[0.0,0.0,1.0],"evs":[0.0,4.74945,4.84845]},"K2s":{"weight":1.0,"played":[0.0,0.0,1.0],"evs":[0.0,1.40695,1.43281]},"K3s":{"weight":1.0,"played":[0.0,8.0E-4,0.9992],"evs":[0.0,1.52758,1.53638]},"K4s":{"weight":1.0,"played":[0.0,0.0,1.0],"evs":[0.0,1.63048,1.64161]},"K5s":{"weight":1.0,"played":[0.0,0.0,1.0],"evs":[0.0,1.72375,1.8019]},"K6s":{"weight":1.0,"played":[0.0,0.0,1.0],"evs":[0.0,1.88434,2.01765]},"K7s":{"weight":1.0,"played":[0.0,0.0,1.0],"evs":[0.0,2.09287,2.22025]},"K8s":{"weight":1.0,"played":[0.0,0.0,1.0],"evs":[0.0,2.32049,2.51618]},"K9s":{"weight":1.0,"played":[0.0,0.0,1.0],"evs":[0.0,2.79785,2.93007]},"KTs":{"weight":1.0,"played":[0.0,0.0,1.0],"evs":[0.0,3.3564,3.44217]},"KJs":{"weight":1.0,"played":[0.0,0.0,1.0],"evs":[0.0,3.65356,3.67509]},"KQs":{"weight":1.0,"played":[0.0,1.0E-4,0.9999],"evs":[0.0,3.9571,3.97822]},"KK":{"weight":1.0,"played":[0.0,1.0,0.0],"evs":[0.0,7.91017,7.30826]},"AKo":{"weight":1.0,"played":[0.0,0.0,1.0],"evs":[0.0,5.19786,5.31803]},"A2s":{"weight":1.0,"played":[0.0,0.0,1.0],"evs":[0.0,2.8183,2.84319]},"A3s":{"weight":1.0,"played":[0.0,0.2918,0.7082],"evs":[0.0,2.9286,2.92986]},"A4s":{"weight":1.0,"played":[0.0,0.3414,0.6586],"evs":[0.0,3.03723,3.03774]},"A5s":{"weight":1.0,"played":[0.0,0.0,1.0],"evs":[0.0,3.12618,3.18566]},"A6s":{"weight":1.0,"played":[0.0,0.0,1.0],"evs":[0.0,3.11888,3.26564]},"A7s":{"weight":1.0,"played":[0.0,0.0,1.0],"evs":[0.0,3.38314,3.49962]},"A8s":{"weight":1.0,"played":[0.0,0.0,1.0],"evs":[0.0,3.64267,3.82781]},"A9s":{"weight":1.0,"played":[0.0,0.0,1.0],"evs":[0.0,3.93659,4.07815]},"ATs":{"weight":1.0,"played":[0.0,0.0,1.0],"evs":[0.0,4.47279,4.57703]},"AJs":{"weight":1.0,"played":[0.0,1.0E-4,0.9999],"evs":[0.0,4.79172,4.83175]},"AQs":{"weight":1.0,"played":[0.0,0.0,1.0],"evs":[0.0,5.11039,5.14128]},"AKs":{"weight":1.0,"played":[0.0,0.0,1.0],"evs":[0.0,5.53229,5.57637]},"AA":{"weight":1.0,"played":[0.0,1.0,0.0],"evs":[0.0,8.9985,8.39555]}}}