{"player":1,"street":0,"children":2,"sequence":[{"player":0,"type":"R","amount":945000,"street":0}],"actions":[{"type":"F","amount":0,"node":31},{"type":"C","amount":895000,"node":43}],"hands":{"22":{"weight":1.0,"played":[1.0,0.0],"evs":[0.0,-1.97903]},"32o":{"weight":1.0,"played":[1.0,0.0],"evs":[0.0,-6.21854]},"42o":{"weight":1.0,"played":[1.0,0.0],"evs":[0.0,-5.91742]},"52o":{"weight":1.0,"played":[1.0,0.0],"evs":[0.0,-5.66505]},"62o":{"weight":1.0,"played":[1.0,0.0],"evs":[0.0,-6.12054]},"72o":{"weight":1.0,"played":[1.0,0.0],"evs":[0.0,-6.5159]},"82o":{"weight":1.0,"played":[1.0,0.0],"evs":[0.0,-6.23824]},"92o":{"weight":1.0,"played":[1.0,0.0],"evs":[0.0,-6.1794]},"T2o":{"weight":1.0,"played":[1.0,0.0],"evs":[0.0,-6.08991]},"J2o":{"weight":1.0,"played":[1.0,0.0],"evs":[0.0,-5.7248]},"Q2o":{"weight":1.0,"played":[1.0,0.0],"evs":[0.0,-5.37119]},"K2o":{"weight":1.0,"played":[1.0,0.0],"evs":[0.0,-4.68249]},"A2o":{"weight":1.0,"played":[1.0,0.0],"evs":[0.0,-3.17899]},"32s":{"weight":1.0,"played":[1.0,0.0],"evs":[0.0,-4.47717]},"33":{"weight":1.0,"played":[1.0,0.0],"evs":[0.0,-1.37467]},"43o":{"weight":1.0,"played":[1.0,0.0],"evs":[0.0,-5.27788]},"53o":{"weight":1.0,"played":[1.0,0.0],"evs":[0.0,-4.98786]},"63o":{"weight":1.0,"played":[1.0,0.0],"evs":[0.0,-5.425]},"73o":{"weight":1.0,"played":[1.0,0.0],"evs":[0.0,-5.85033]},"83o":{"weight":1.0,"played":[1.0,0.0],"evs":[0.0,-6.20196]},"93o":{"weight":1.0,"played":[1.0,0.0],"evs":[0.0,-6.0336]},"T3o":{"weight":1.0,"played":[1.0,0.0],"evs":[0.0,-5.92882]},"J3o":{"weight":1.0,"played":[1.0,0.0],"evs":[0.0,-5.56076]},"Q3o":{"weight":1.0,"played":[1.0,0.0],"evs":[0.0,-5.20369]},"K3o":{"weight":1.0,"played":[1.0,0.0],"evs":[0.0,-4.50488]},"A3o":{"weight":1.0,"played":[1.0,0.0],"evs":[0.0,-2.87867]},"42s":{"weight":1.0,"played":[1.0,0.0],"evs":[0.0,-4.1906]},"43s":{"weight":1.0,"played":[1.0,0.0],"evs":[0.0,-3.59105]},"44":{"weight":1.0,"played":[1.0,0.0],"evs":[0.0,-0.59275]},"54o":{"weight":1.0,"played":[1.0,0.0],"evs":[0.0,-4.27204]},"64o":{"weight":1.0,"played":[1.0,0.0],"evs":[0.0,-4.67161]},"74o":{"weight":1.0,"played":[1.0,0.0],"evs":[0.0,-5.06935]},"84o":{"weight":1.0,"played":[1.0,0.0],"evs":[0.0,-5.4292]},"94o":{"weight":1.0,"played":[1.0,0.0],"evs":[0.0,-5.88241]},"T4o":{"weight":1.0,"played":[1.0,0.0],"evs":[0.0,-5.66752]},"J4o":{"weight":1.0,"played":[1.0,0.0],"evs":[0.0,-5.28964]},"Q4o":{"weight":1.0,"played":[1.0,0.0],"evs":[0.0,-4.92488]},"K4o":{"weight":1.0,"played":[1.0,0.0],"evs":[0.0,-4.22287]},"A4o":{"weight":1.0,"played":[1.0,0.0],"evs":[0.0,-2.54457]},"52s":{"weight":1.0,"played":[1.0,0.0],"evs":[0.0,-3.93538]},"53s":{"weight":1.0,"played":[1.0,0.0],"evs":[0.0,-3.30739]},"54s":{"weight":1.0,"played":[1.0,0.0],"evs":[0.0,-2.64273]},"55":{"weight":1.0,"played":[0.0,1.0],"evs":[0.0,0.24122]},"65o":{"weight":1.0,"played":[1.0,0.0],"evs":[0.0,-3.96838]},"75o":{"weight":1.0,"played":[1.0,0.0],"evs":[0.0,-4.31666]},"85o":{"weight":1.0,"played":[1.0,0.0],"evs":[0.0,-4.64749]},"95o":{"weight":1.0,"played":[1.0,0.0],"evs":[0.0,-5.11401]},"T5o":{"weight":1.0,"played":[1.0,0.0],"evs":[0.0,-5.48328]},"J5o":{"weight":1.0,"played":[1.0,0.0],"evs":[0.0,-5.01448]},"Q5o":{"weight":1.0,"played":[1.0,0.0],"evs":[0.0,-4.64571]},"K5o":{"weight":1.0,"played":[1.0,0.0],"evs":[0.0,-3.92926]},"A5o":{"weight":1.0,"played":[1.0,0.0],"evs":[0.0,-2.13901]},"62s":{"weight":1.0,"played":[1.0,0.0],"evs":[0.0,-4.35147]},"63s":{"weight":1.0,"played":[1.0,0.0],"evs":[0.0,-3.7126]},"64s":{"weight":1.0,"played":[1.0,0.0],"evs":[0.0,-2.98135]},"65s":{"weight":1.0,"played":[1.0,0.0],"evs":[0.0,-2.34331]},"66":{"weight":1.0,"played":[0.0,1.0],"evs":[0.0,1.08391]},"76o":{"weight":1.0,"played":[1.0,0.0],"evs":[0.0,-3.71288]},"86o":{"weight":1.0,"played":[1.0,0.0],"evs":[0.0,-3.96627]},"96o":{"weight":1.0,"played":[1.0,0.0],"evs":[0.0,-4.39744]},"T6o":{"weight":1.0,"played":[1.0,0.0],"evs":[0.0,-4.78191]},"J6o":{"weight":1.0,"played":[1.0,0.0],"evs":[0.0,-4.90159]},"Q6o":{"weight":1.0,"played":[1.0,0.0],"evs":[0.0,-4.42234]},"K6o":{"weight":1.0,"played":[1.0,0.0],"evs":[0.0,-3.64462]},"A6o":{"weight":1.0,"played":[1.0,0.0],"evs":[0.0,-2.27051]},"72s":{"weight":1.0,"played":[1.0,0.0],"evs":[0.0,-4.71089]},"73s":{"weight":1.0,"played":[1.0,0.0],"evs":[0.0,-4.09036]},"74s":{"weight":1.0,"played":[1.0,0.0],"evs":[0.0,-3.35253]},"75s":{"weight":1.0,"played":[1.0,0.0],"evs":[0.0,-2.66001]},"76s":{"weight":1.0,"played":[1.0,0.0],"evs":[0.0,-2.09895]},"77":{"weight":1.0,"played":[0.0,1.0],"evs":[0.0,1.97325]},"87o":{"weight":1.0,"played":[1.0,0.0],"evs":[0.0,-3.40111]},"97o":{"weight":1.0,"played":[1.0,0.0],"evs":[0.0,-3.74042]},"T7o":{"weight":1.0,"played":[1.0,0.0],"evs":[0.0,-4.11674]},"J7o":{"weight":1.0,"played":[1.0,0.0],"evs":[0.0,-4.24007]},"Q7o":{"weight":1.0,"played":[1.0,0.0],"evs":[0.0,-4.32386]},"K7o":{"weight":1.0,"played":[1.0,0.0],"evs":[0.0,-3.40016]},"A7o":{"weight":1.0,"played":[1.0,0.0],"evs":[0.0,-1.63849]},"82s":{"weight":1.0,"played":[1.0,0.0],"evs":[0.0,-4.46034]},"83s":{"weight":1.0,"played":[1.0,0.0],"evs":[0.0,-4.42149]},"84s":{"weight":1.0,"played":[1.0,0.0],"evs":[0.0,-3.70221]},"85s":{"weight":1.0,"played":[1.0,0.0],"evs":[0.0,-2.97135]},"86s":{"weight":1.0,"played":[1.0,0.0],"evs":[0.0,-2.32009]},"87s":{"weight":1.0,"played":[1.0,0.0],"evs":[0.0,-1.79495]},"88":{"weight":1.0,"played":[0.0,1.0],"evs":[0.0,3.02143]},"98o":{"weight":1.0,"played":[1.0,0.0],"evs":[0.0,-3.15013]},"T8o":{"weight":1.0,"played":[1.0,0.0],"evs":[0.0,-3.4035]},"J8o":{"weight":1.0,"played":[1.0,0.0],"evs":[0.0,-3.52217]},"Q8o":{"weight":1.0,"played":[1.0,0.0],"evs":[0.0,-3.63401]},"K8o":{"weight":1.0,"played":[1.0,0.0],"evs":[0.0,-3.17527]},"A8o":{"weight":1.0,"played":[1.0,0.0],"evs":[0.0,-0.95732]},"92s":{"weight":1.0,"played":[1.0,0.0],"evs":[0.0,-4.37198]},"93s":{"weight":1.0,"played":[1.0,0.0],"evs":[0.0,-4.23544]},"94s":{"weight":1.0,"played":[1.0,0.0],"evs":[0.0,-4.10198]},"95s":{"weight":1.0,"played":[1.0,0.0],"evs":[0.0,-3.38308]},"96s":{"weight":1.0,"played":[1.0,0.0],"evs":[0.0,-2.70232]},"97s":{"weight":1.0,"played":[1.0,0.0],"evs":[0.0,-2.10827]},"98s":{"weight":1.0,"played":[1.0,0.0],"evs":[0.0,-1.54392]},"99":{"weight":1.0,"played":[0.0,1.0],"evs":[0.0,4.2986]},"T9o":{"weight":1.0,"played":[1.0,0.0],"evs":[0.0,-2.74642]},"J9o":{"weight":1.0,"played":[1.0,0.0],"evs":[0.0,-2.8213]},"Q9o":{"weight":1.0,"played":[1.0,0.0],"evs":[0.0,-2.88019]},"K9o":{"weight":1.0,"played":[1.0,0.0],"evs":[0.0,-2.34839]},"A9o":{"weight":1.0,"played":[1.0,0.0],"evs":[0.0,-0.15035]},"T2s":{"weight":1.0,"played":[1.0,0.0],"evs":[0.0,-4.28271]},"T3s":{"weight":1.0,"played":[1.0,0.0],"evs":[0.0,-4.14185]},"T4s":{"weight":1.0,"played":[1.0,0.0],"evs":[0.0,-3.88797]},"T5s":{"weight":1.0,"played":[1.0,0.0],"evs":[0.0,-3.74257]},"T6s":{"weight":1.0,"played":[1.0,0.0],"evs":[0.0,-3.07296]},"T7s":{"weight":1.0,"played":[1.0,0.0],"evs":[0.0,-2.45079]},"T8s":{"weight":1.0,"played":[1.0,0.0],"evs":[0.0,-1.78198]},"T9s":{"weight":1.0,"played":[1.0,0.0],"evs":[0.0,-1.15627]},"TT":{"weight":1.0,"played":[0.0,1.0],"evs":[0.0,6.14402]},"JTo":{"weight":1.0,"played":[1.0,0.0],"evs":[0.0,-1.97664]},"QTo":{"weight":1.0,"played":[1.0,0.0],"evs":[0.0,-1.84642]},"KTo":{"weight":1.0,"played":[1.0,0.0],"evs":[0.0,-1.09604]},"ATo":{"weight":1.0,"played":[0.0,1.0],"evs":[0.0,1.59244]},"J2s":{"weight":1.0,"played":[1.0,0.0],"evs":[0.0,-3.91351]},"J3s":{"weight":1.0,"played":[1.0,0.0],"evs":[0.0,-3.75849]},"J4s":{"weight":1.0,"played":[1.0,0.0],"evs":[0.0,-3.51368]},"J5s":{"weight":1.0,"played":[1.0,0.0],"evs":[0.0,-3.27769]},"J6s":{"weight":1.0,"played":[1.0,0.0],"evs":[0.0,-3.15203]},"J7s":{"weight":1.0,"played":[1.0,0.0],"evs":[0.0,-2.53654]},"J8s":{"weight":1.0,"played":[1.0,0.0],"evs":[0.0,-1.87112]},"J9s":{"weight":1.0,"played":[1.0,0.0],"evs":[0.0,-1.21367]},"JTs":{"weight":1.0,"played":[1.0,0.0],"evs":[0.0,-0.43944]},"JJ":{"weight":1.0,"played":[0.0,1.0],"evs":[0.0,8.1696]},"QJo":{"weight":1.0,"played":[1.0,0.0],"evs":[0.0,-1.08993]},"KJo":{"weight":1.0,"played":[1.0,0.0],"evs":[0.0,-0.24567]},"AJo":{"weight":1.0,"played":[0.0,1.0],"evs":[0.0,2.68042]},"Q2s":{"weight":1.0,"played":[1.0,0.0],"evs":[0.0,-3.53779]},"Q3s":{"weight":1.0,"played":[1.0,0.0],"evs":[0.0,-3.37351]},"Q4s":{"weight":1.0,"played":[1.0,0.0],"evs":[0.0,-3.14405]},"Q5s":{"weight":1.0,"played":[1.0,0.0],"evs":[0.0,-2.89019]},"Q6s":{"weight":1.0,"played":[1.0,0.0],"evs":[0.0,-2.67933]},"Q7s":{"weight":1.0,"played":[1.0,0.0],"evs":[0.0,-2.57681]},"Q8s":{"weight":1.0,"played":[1.0,0.0],"evs":[0.0,-1.93044]},"Q9s":{"weight":1.0,"played":[1.0,0.0],"evs":[0.0,-1.23999]},"QTs":{"weight":1.0,"played":[1.0,0.0],"evs":[0.0,-0.28843]},"QJs":{"weight":1.0,"played":[0.0,1.0],"evs":[0.0,0.43227]},"QQ":{"weight":1.0,"played":[0.0,1.0],"evs":[0.0,10.37438]},"KQo":{"weight":1.0,"played":[0.0,1.0],"evs":[0.0,0.68949]},"AQo":{"weight":1.0,"played":[0.0,1.0],"evs":[0.0,3.90496]},"K2s":{"weight":1.0,"played":[1.0,0.0],"evs":[0.0,-2.83389]},"K3s":{"weight":1.0,"played":[1.0,0.0],"evs":[0.0,-2.67765]},"K4s":{"weight":1.0,"played":[1.0,0.0],"evs":[0.0,-2.40016]},"K5s":{"weight":1.0,"played":[1.0,0.0],"evs":[0.0,-2.14971]},"K6s":{"weight":1.0,"played":[1.0,0.0],"evs":[0.0,-1.89481]},"K7s":{"weight":1.0,"played":[1.0,0.0],"evs":[0.0,-1.6572]},"K8s":{"weight":1.0,"played":[1.0,0.0],"evs":[0.0,-1.46823]},"K9s":{"weight":1.0,"played":[1.0,0.0],"evs":[0.0,-0.68689]},"KTs":{"weight":1.0,"played":[0.0,1.0],"evs":[0.0,0.49049]},"KJs":{"weight":1.0,"played":[0.0,1.0],"evs":[0.0,1.26338]},"KQs":{"weight":1.0,"played":[0.0,1.0],"evs":[0.0,2.13615]},"KK":{"weight":1.0,"played":[0.0,1.0],"evs":[0.0,13.02838]},"AKo":{"weight":1.0,"played":[0.0,1.0],"evs":[0.0,5.29493]},"A2s":{"weight":1.0,"played":[1.0,0.0],"evs":[0.0,-1.35478]},"A3s":{"weight":1.0,"played":[1.0,0.0],"evs":[0.0,-1.0624]},"A4s":{"weight":1.0,"played":[1.0,0.0],"evs":[0.0,-0.7692]},"A5s":{"weight":1.0,"played":[1.0,0.0],"evs":[0.0,-0.38865]},"A6s":{"weight":1.0,"played":[1.0,0.0],"evs":[0.0,-0.50094]},"A7s":{"weight":1.0,"played":[0.0,1.0],"evs":[0.0,0.06275]},"A8s":{"weight":1.0,"played":[0.0,1.0],"evs":[0.0,0.68917]},"A9s":{"weight":1.0,"played":[0.0,1.0],"evs":[0.0,1.44765]},"ATs":{"weight":1.0,"played":[0.0,1.0],"evs":[0.0,3.06644]},"AJs":{"weight":1.0,"played":[0.0,1.0],"evs":[0.0,4.10607]},"AQs":{"weight":1.0,"played":[0.0,1.0],"evs":[0.0,5.24415]},"AKs":{"weight":1.0,"played":[0.0,1.0],"evs":[0.0,6.53031]},"AA":{"weight":1.0,"played":[0.0,1.0],"evs":[0.0,17.73947]}}}