{"player":4,"street":0,"children":2,"sequence":[{"player":0,"type":"R","amount":945000,"street":0},{"player":1,"type":"F","amount":0,"street":0},{"player":2,"type":"F","amount":0,"street":0},{"player":3,"type":"F","amount":0,"street":0}],"actions":[{"type":"F","amount":0},{"type":"C","amount":845000}],"hands":{"22":{"weight":1.0,"played":[0.0,1.0],"evs":[0.0,2.47327]},"32o":{"weight":1.0,"played":[1.0,0.0],"evs":[0.0,-3.55607]},"42o":{"weight":1.0,"played":[1.0,0.0],"evs":[0.0,-3.26145]},"52o":{"weight":1.0,"played":[1.0,0.0],"evs":[0.0,-2.99887]},"62o":{"weight":1.0,"played":[1.0,0.0],"evs":[0.0,-3.38167]},"72o":{"weight":1.0,"played":[1.0,0.0],"evs":[0.0,-3.62826]},"82o":{"weight":1.0,"played":[1.0,0.0],"evs":[0.0,-3.31262]},"92o":{"weight":1.0,"played":[1.0,0.0],"evs":[0.0,-3.25718]},"T2o":{"weight":1.0,"played":[1.0,0.0],"evs":[0.0,-3.06246]},"J2o":{"weight":1.0,"played":[1.0,0.0],"evs":[0.0,-2.76188]},"Q2o":{"weight":1.0,"played":[1.0,0.0],"evs":[0.0,-2.45898]},"K2o":{"weight":1.0,"played":[1.0,0.0],"evs":[0.0,-1.45303]},"A2o":{"weight":1.0,"played":[0.0,1.0],"evs":[0.0,1.24195]},"32s":{"weight":1.0,"played":[1.0,0.0],"evs":[0.0,-2.08801]},"33":{"weight":1.0,"played":[0.0,1.0],"evs":[0.0,3.15942]},"43o":{"weight":1.0,"played":[1.0,0.0],"evs":[0.0,-2.76075]},"53o":{"weight":1.0,"played":[1.0,0.0],"evs":[0.0,-2.48982]},"63o":{"weight":1.0,"played":[1.0,0.0],"evs":[0.0,-2.87651]},"73o":{"weight":1.0,"played":[1.0,0.0],"evs":[0.0,-3.12428]},"83o":{"weight":1.0,"played":[1.0,0.0],"evs":[0.0,-3.33525]},"93o":{"weight":1.0,"played":[1.0,0.0],"evs":[0.0,-3.15115]},"T3o":{"weight":1.0,"played":[1.0,0.0],"evs":[0.0,-2.96508]},"J3o":{"weight":1.0,"played":[1.0,0.0],"evs":[0.0,-2.66463]},"Q3o":{"weight":1.0,"played":[1.0,0.0],"evs":[0.0,-2.35498]},"K3o":{"weight":1.0,"played":[1.0,0.0],"evs":[0.0,-1.34551]},"A3o":{"weight":1.0,"played":[0.0,1.0],"evs":[0.0,1.45264]},"42s":{"weight":1.0,"played":[1.0,0.0],"evs":[0.0,-1.82241]},"43s":{"weight":1.0,"played":[1.0,0.0],"evs":[0.0,-1.36427]},"44":{"weight":1.0,"played":[0.0,1.0],"evs":[0.0,4.03554]},"54o":{"weight":1.0,"played":[1.0,0.0],"evs":[0.0,-1.81066]},"64o":{"weight":1.0,"played":[1.0,0.0],"evs":[0.0,-2.18148]},"74o":{"weight":1.0,"played":[1.0,0.0],"evs":[0.0,-2.42996]},"84o":{"weight":1.0,"played":[1.0,0.0],"evs":[0.0,-2.63296]},"94o":{"weight":1.0,"played":[1.0,0.0],"evs":[0.0,-2.9878]},"T4o":{"weight":1.0,"played":[1.0,0.0],"evs":[0.0,-2.66441]},"J4o":{"weight":1.0,"played":[1.0,0.0],"evs":[0.0,-2.37056]},"Q4o":{"weight":1.0,"played":[1.0,0.0],"evs":[0.0,-2.05942]},"K4o":{"weight":1.0,"played":[1.0,0.0],"evs":[0.0,-1.07091]},"A4o":{"weight":1.0,"played":[0.0,1.0],"evs":[0.0,1.73061]},"52s":{"weight":1.0,"played":[1.0,0.0],"evs":[0.0,-1.55132]},"53s":{"weight":1.0,"played":[1.0,0.0],"evs":[0.0,-1.08535]},"54s":{"weight":1.0,"played":[1.0,0.0],"evs":[0.0,-0.48168]},"55":{"weight":1.0,"played":[0.0,1.0],"evs":[0.0,4.8794]},"65o":{"weight":1.0,"played":[1.0,0.0],"evs":[0.0,-1.53553]},"75o":{"weight":1.0,"played":[1.0,0.0],"evs":[0.0,-1.77117]},"85o":{"weight":1.0,"played":[1.0,0.0],"evs":[0.0,-1.96848]},"95o":{"weight":1.0,"played":[1.0,0.0],"evs":[0.0,-2.32013]},"T5o":{"weight":1.0,"played":[1.0,0.0],"evs":[0.0,-2.51897]},"J5o":{"weight":1.0,"played":[1.0,0.0],"evs":[0.0,-2.11241]},"Q5o":{"weight":1.0,"played":[1.0,0.0],"evs":[0.0,-1.80525]},"K5o":{"weight":1.0,"played":[1.0,0.0],"evs":[0.0,-0.80543]},"A5o":{"weight":1.0,"played":[0.0,1.0],"evs":[0.0,2.12693]},"62s":{"weight":1.0,"played":[1.0,0.0],"evs":[0.0,-1.92874]},"63s":{"weight":1.0,"played":[1.0,0.0],"evs":[0.0,-1.44698]},"64s":{"weight":1.0,"played":[1.0,0.0],"evs":[0.0,-0.7885]},"65s":{"weight":1.0,"played":[1.0,0.0],"evs":[0.0,-0.2216]},"66":{"weight":1.0,"played":[0.0,1.0],"evs":[0.0,5.60399]},"76o":{"weight":1.0,"played":[1.0,0.0],"evs":[0.0,-1.2021]},"86o":{"weight":1.0,"played":[1.0,0.0],"evs":[0.0,-1.37876]},"96o":{"weight":1.0,"played":[1.0,0.0],"evs":[0.0,-1.70895]},"T6o":{"weight":1.0,"played":[1.0,0.0],"evs":[0.0,-1.9312]},"J6o":{"weight":1.0,"played":[1.0,0.0],"evs":[0.0,-2.02826]},"Q6o":{"weight":1.0,"played":[1.0,0.0],"evs":[0.0,-1.61181]},"K6o":{"weight":1.0,"played":[1.0,0.0],"evs":[0.0,-0.57843]},"A6o":{"weight":1.0,"played":[0.0,1.0],"evs":[0.0,2.26847]},"72s":{"weight":1.0,"played":[1.0,0.0],"evs":[0.0,-2.14603]},"73s":{"weight":1.0,"played":[1.0,0.0],"evs":[0.0,-1.66146]},"74s":{"weight":1.0,"played":[1.0,0.0],"evs":[0.0,-1.02708]},"75s":{"weight":1.0,"played":[1.0,0.0],"evs":[0.0,-0.41459]},"76s":{"weight":1.0,"played":[0.0,1.0],"evs":[0.0,0.09041]},"77":{"weight":1.0,"played":[0.0,1.0],"evs":[0.0,6.39993]},"87o":{"weight":1.0,"played":[1.0,0.0],"evs":[0.0,-0.83706]},"97o":{"weight":1.0,"played":[1.0,0.0],"evs":[0.0,-1.15711]},"T7o":{"weight":1.0,"played":[1.0,0.0],"evs":[0.0,-1.36165]},"J7o":{"weight":1.0,"played":[1.0,0.0],"evs":[0.0,-1.4804]},"Q7o":{"weight":1.0,"played":[1.0,0.0],"evs":[0.0,-1.55725]},"K7o":{"weight":1.0,"played":[1.0,0.0],"evs":[0.0,-0.34331]},"A7o":{"weight":1.0,"played":[0.0,1.0],"evs":[0.0,3.05021]},"82s":{"weight":1.0,"played":[1.0,0.0],"evs":[0.0,-1.87057]},"83s":{"weight":1.0,"played":[1.0,0.0],"evs":[0.0,-1.86792]},"84s":{"weight":1.0,"played":[1.0,0.0],"evs":[0.0,-1.23356]},"85s":{"weight":1.0,"played":[1.0,0.0],"evs":[0.0,-0.60956]},"86s":{"weight":1.0,"played":[0.9999,1.0E-4],"evs":[0.0,-0.05316]},"87s":{"weight":1.0,"played":[0.0,1.0],"evs":[0.0,0.46045]},"88":{"weight":1.0,"played":[0.0,1.0],"evs":[0.0,7.26118]},"98o":{"weight":1.0,"played":[1.0,0.0],"evs":[0.0,-0.59747]},"T8o":{"weight":1.0,"played":[1.0,0.0],"evs":[0.0,-0.77022]},"J8o":{"weight":1.0,"played":[1.0,0.0],"evs":[0.0,-0.88446]},"Q8o":{"weight":1.0,"played":[1.0,0.0],"evs":[0.0,-0.96032]},"K8o":{"weight":1.0,"played":[1.0,0.0],"evs":[0.0,-0.09287]},"A8o":{"weight":1.0,"played":[0.0,1.0],"evs":[0.0,3.94447]},"92s":{"weight":1.0,"played":[1.0,0.0],"evs":[0.0,-1.78684]},"93s":{"weight":1.0,"played":[1.0,0.0],"evs":[0.0,-1.69331]},"94s":{"weight":1.0,"played":[1.0,0.0],"evs":[0.0,-1.54384]},"95s":{"weight":1.0,"played":[1.0,0.0],"evs":[0.0,-0.9088]},"96s":{"weight":1.0,"played":[1.0,0.0],"evs":[0.0,-0.36036]},"97s":{"weight":1.0,"played":[0.0,1.0],"evs":[0.0,0.17088]},"98s":{"weight":1.0,"played":[0.0,1.0],"evs":[0.0,0.69597]},"99":{"weight":1.0,"played":[0.0,1.0],"evs":[0.0,8.17583]},"T9o":{"weight":1.0,"played":[1.0,0.0],"evs":[0.0,-0.23216]},"J9o":{"weight":1.0,"played":[1.0,0.0],"evs":[0.0,-0.28302]},"Q9o":{"weight":1.0,"played":[1.0,0.0],"evs":[0.0,-0.33609]},"K9o":{"weight":1.0,"played":[0.0,1.0],"evs":[0.0,0.63538]},"A9o":{"weight":1.0,"played":[0.0,1.0],"evs":[0.0,4.96814]},"T2s":{"weight":1.0,"played":[1.0,0.0],"evs":[0.0,-1.5924]},"T3s":{"weight":1.0,"played":[1.0,0.0],"evs":[0.0,-1.51101]},"T4s":{"weight":1.0,"played":[1.0,0.0],"evs":[0.0,-1.2549]},"T5s":{"weight":1.0,"played":[1.0,0.0],"evs":[0.0,-1.11414]},"T6s":{"weight":1.0,"played":[1.0,0.0],"evs":[0.0,-0.5525]},"T7s":{"weight":1.0,"played":[0.9731,0.0269],"evs":[0.0,-0.02497]},"T8s":{"weight":1.0,"played":[0.0,1.0],"evs":[0.0,0.53271]},"T9s":{"weight":1.0,"played":[0.0,1.0],"evs":[0.0,1.04508]},"TT":{"weight":1.0,"played":[0.0,1.0],"evs":[0.0,9.72885]},"JTo":{"weight":1.0,"played":[0.0,1.0],"evs":[0.0,0.52408]},"QTo":{"weight":1.0,"played":[0.0,1.0],"evs":[0.0,0.7338]},"KTo":{"weight":1.0,"played":[0.0,1.0],"evs":[0.0,1.93099]},"ATo":{"weight":1.0,"played":[0.0,1.0],"evs":[0.0,6.78898]},"J2s":{"weight":1.0,"played":[1.0,0.0],"evs":[0.0,-1.31867]},"J3s":{"weight":1.0,"played":[1.0,0.0],"evs":[0.0,-1.23774]},"J4s":{"weight":1.0,"played":[1.0,0.0],"evs":[0.0,-0.95191]},"J5s":{"weight":1.0,"played":[1.0,0.0],"evs":[0.0,-0.73735]},"J6s":{"weight":1.0,"played":[1.0,0.0],"evs":[0.0,-0.63309]},"J7s":{"weight":1.0,"played":[1.0,0.0],"evs":[0.0,-0.14064]},"J8s":{"weight":1.0,"played":[0.0,1.0],"evs":[0.0,0.44356]},"J9s":{"weight":1.0,"played":[0.0,1.0],"evs":[0.0,1.01077]},"JTs":{"weight":1.0,"played":[0.0,1.0],"evs":[0.0,1.73509]},"JJ":{"weight":1.0,"played":[0.0,1.0],"evs":[0.0,11.05466]},"QJo":{"weight":1.0,"played":[0.0,1.0],"evs":[0.0,1.51501]},"KJo":{"weight":1.0,"played":[0.0,1.0],"evs":[0.0,2.73661]},"AJo":{"weight":1.0,"played":[0.0,1.0],"evs":[0.0,7.85915]},"Q2s":{"weight":1.0,"played":[1.0,0.0],"evs":[0.0,-1.02361]},"Q3s":{"weight":1.0,"played":[1.0,0.0],"evs":[0.0,-0.91712]},"Q4s":{"weight":1.0,"played":[1.0,0.0],"evs":[0.0,-0.66081]},"Q5s":{"weight":1.0,"played":[1.0,0.0],"evs":[0.0,-0.40372]},"Q6s":{"weight":1.0,"played":[1.0,0.0],"evs":[0.0,-0.23674]},"Q7s":{"weight":1.0,"played":[0.9999,1.0E-4],"evs":[0.0,-0.16006]},"Q8s":{"weight":1.0,"played":[0.0,1.0],"evs":[0.0,0.35872]},"Q9s":{"weight":1.0,"played":[0.0,1.0],"evs":[0.0,0.95665]},"QTs":{"weight":1.0,"played":[0.0,1.0],"evs":[0.0,1.93637]},"QJs":{"weight":1.0,"played":[0.0,1.0],"evs":[0.0,2.68862]},"QQ":{"weight":1.0,"played":[0.0,1.0],"evs":[0.0,12.45149]},"KQo":{"weight":1.0,"played":[0.0,1.0],"evs":[0.0,3.60623]},"AQo":{"weight":1.0,"played":[0.0,1.0],"evs":[0.0,9.01973]},"K2s":{"weight":1.0,"played":[0.9999,1.0E-4],"evs":[0.0,-0.06003]},"K3s":{"weight":1.0,"played":[0.0,1.0],"evs":[0.0,0.05301]},"K4s":{"weight":1.0,"played":[0.0,1.0],"evs":[0.0,0.29711]},"K5s":{"weight":1.0,"played":[0.0,1.0],"evs":[0.0,0.53273]},"K6s":{"weight":1.0,"played":[0.0,1.0],"evs":[0.0,0.75565]},"K7s":{"weight":1.0,"played":[0.0,1.0],"evs":[0.0,0.98839]},"K8s":{"weight":1.0,"played":[0.0,1.0],"evs":[0.0,1.21215]},"K9s":{"weight":1.0,"played":[0.0,1.0],"evs":[0.0,1.90111]},"KTs":{"weight":1.0,"played":[0.0,1.0],"evs":[0.0,3.06472]},"KJs":{"weight":1.0,"played":[0.0,1.0],"evs":[0.0,3.84018]},"KQs":{"weight":1.0,"played":[0.0,1.0],"evs":[0.0,4.62848]},"KK":{"weight":1.0,"played":[0.0,1.0],"evs":[0.0,14.15278]},"AKo":{"weight":1.0,"played":[0.0,1.0],"evs":[0.0,10.26164]},"A2s":{"weight":1.0,"played":[0.0,1.0],"evs":[0.0,2.4754]},"A3s":{"weight":1.0,"played":[0.0,1.0],"evs":[0.0,2.69055]},"A4s":{"weight":1.0,"played":[0.0,1.0],"evs":[0.0,2.94418]},"A5s":{"weight":1.0,"played":[0.0,1.0],"evs":[0.0,3.30894]},"A6s":{"weight":1.0,"played":[0.0,1.0],"evs":[0.0,3.45334]},"A7s":{"weight":1.0,"played":[0.0,1.0],"evs":[0.0,4.16007]},"A8s":{"weight":1.0,"played":[0.0,1.0],"evs":[0.0,4.99065]},"A9s":{"weight":1.0,"played":[0.0,1.0],"evs":[0.0,5.94896]},"ATs":{"weight":1.0,"played":[0.0,1.0],"evs":[0.0,7.67596]},"AJs":{"weight":1.0,"played":[0.0,1.0],"evs":[0.0,8.65282]},"AQs":{"weight":1.0,"played":[0.0,1.0],"evs":[0.0,9.74698]},"AKs":{"weight":1.0,"played":[0.0,1.0],"evs":[0.0,10.87334]},"AA":{"weight":1.0,"played":[0.0,1.0],"evs":[0.0,18.60959]}}}