{"player":4,"street":0,"children":3,"sequence":[{"player":0,"type":"R","amount":945000,"street":0},{"player":1,"type":"F","amount":0,"street":0},{"player":2,"type":"C","amount":945000,"street":0},{"player":3,"type":"F","amount":0,"street":0}],"actions":[{"type":"F","amount":0},{"type":"C","amount":845000},{"type":"R","amount":955000,"node":37}],"hands":{"22":{"weight":1.0,"played":[0.0348,0.5755,0.3897],"evs":[0.0,-0.0899,-0.0902]},"32o":{"weight":1.0,"played":[1.0,0.0,0.0],"evs":[0.0,-4.45952,-4.45957]},"42o":{"weight":1.0,"played":[1.0,0.0,0.0],"evs":[0.0,-4.13886,-4.13886]},"52o":{"weight":1.0,"played":[1.0,0.0,0.0],"evs":[0.0,-3.8125,-3.81231]},"62o":{"weight":1.0,"played":[1.0,0.0,0.0],"evs":[0.0,-4.33002,-4.33008]},"72o":{"weight":1.0,"played":[1.0,0.0,0.0],"evs":[0.0,-4.8236,-4.82377]},"82o":{"weight":1.0,"played":[1.0,0.0,0.0],"evs":[0.0,-4.51537,-4.51534]},"92o":{"weight":1.0,"played":[1.0,0.0,0.0],"evs":[0.0,-4.23154,-4.23137]},"T2o":{"weight":1.0,"played":[1.0,0.0,0.0],"evs":[0.0,-4.25341,-4.25322]},"J2o":{"weight":1.0,"played":[1.0,0.0,0.0],"evs":[0.0,-3.74944,-3.74929]},"Q2o":{"weight":1.0,"played":[1.0,0.0,0.0],"evs":[0.0,-3.2609,-3.26081]},"K2o":{"weight":1.0,"played":[1.0,0.0,0.0],"evs":[0.0,-2.55722,-2.55712]},"A2o":{"weight":1.0,"played":[1.0,0.0,0.0],"evs":[0.0,-1.56606,-1.56604]},"32s":{"weight":1.0,"played":[1.0,0.0,0.0],"evs":[0.0,-2.38434,-2.38432]},"33":{"weight":1.0,"played":[0.0,0.9764,0.0236],"evs":[0.0,0.59277,0.59262]},"43o":{"weight":1.0,"played":[1.0,0.0,0.0],"evs":[0.0,-3.3692,-3.36933]},"53o":{"weight":1.0,"played":[1.0,0.0,0.0],"evs":[0.0,-3.02174,-3.0216]},"63o":{"weight":1.0,"played":[1.0,0.0,0.0],"evs":[0.0,-3.54043,-3.54031]},"73o":{"weight":1.0,"played":[1.0,0.0,0.0],"evs":[0.0,-4.0003,-4.00025]},"83o":{"weight":1.0,"played":[1.0,0.0,0.0],"evs":[0.0,-4.45694,-4.45679]},"93o":{"weight":1.0,"played":[1.0,0.0,0.0],"evs":[0.0,-4.05352,-4.05342]},"T3o":{"weight":1.0,"played":[1.0,0.0,0.0],"evs":[0.0,-4.09082,-4.09068]},"J3o":{"weight":1.0,"played":[1.0,0.0,0.0],"evs":[0.0,-3.55363,-3.5535]},"Q3o":{"weight":1.0,"played":[1.0,0.0,0.0],"evs":[0.0,-3.06116,-3.06114]},"K3o":{"weight":1.0,"played":[1.0,0.0,0.0],"evs":[0.0,-2.36676,-2.36667]},"A3o":{"weight":1.0,"played":[1.0,0.0,0.0],"evs":[0.0,-1.22115,-1.22126]},"42s":{"weight":1.0,"played":[1.0,0.0,0.0],"evs":[0.0,-2.12735,-2.12717]},"43s":{"weight":1.0,"played":[1.0,0.0,0.0],"evs":[0.0,-1.43611,-1.43608]},"44":{"weight":1.0,"played":[0.0,0.2747,0.7253],"evs":[0.0,1.43847,1.4384]},"54o":{"weight":1.0,"played":[1.0,0.0,0.0],"evs":[0.0,-2.19687,-2.19667]},"64o":{"weight":1.0,"played":[1.0,0.0,0.0],"evs":[0.0,-2.64437,-2.64429]},"74o":{"weight":1.0,"played":[1.0,0.0,0.0],"evs":[0.0,-3.13638,-3.13644]},"84o":{"weight":1.0,"played":[1.0,0.0,0.0],"evs":[0.0,-3.63097,-3.63109]},"94o":{"weight":1.0,"played":[1.0,0.0,0.0],"evs":[0.0,-3.95765,-3.95766]},"T4o":{"weight":1.0,"played":[1.0,0.0,0.0],"evs":[0.0,-3.86352,-3.86334]},"J4o":{"weight":1.0,"played":[1.0,0.0,0.0],"evs":[0.0,-3.32732,-3.32743]},"Q4o":{"weight":1.0,"played":[1.0,0.0,0.0],"evs":[0.0,-2.82445,-2.82442]},"K4o":{"weight":1.0,"played":[1.0,0.0,0.0],"evs":[0.0,-2.08949,-2.08942]},"A4o":{"weight":1.0,"played":[1.0,0.0,0.0],"evs":[0.0,-0.83636,-0.83637]},"52s":{"weight":1.0,"played":[1.0,0.0,0.0],"evs":[0.0,-1.82171,-1.82145]},"53s":{"weight":1.0,"played":[1.0,0.0,0.0],"evs":[0.0,-1.07017,-1.07036]},"54s":{"weight":1.0,"played":[0.225,0.4207,0.3543],"evs":[0.0,-0.31551,-0.31565]},"55":{"weight":1.0,"played":[0.0,0.5125,0.4875],"evs":[0.0,2.50381,2.50371]},"65o":{"weight":1.0,"played":[1.0,0.0,0.0],"evs":[0.0,-1.88681,-1.88667]},"75o":{"weight":1.0,"played":[1.0,0.0,0.0],"evs":[0.0,-2.28237,-2.28239]},"85o":{"weight":1.0,"played":[1.0,0.0,0.0],"evs":[0.0,-2.70445,-2.70451]},"95o":{"weight":1.0,"played":[1.0,0.0,0.0],"evs":[0.0,-3.04203,-3.04201]},"T5o":{"weight":1.0,"played":[1.0,0.0,0.0],"evs":[0.0,-3.63256,-3.63259]},"J5o":{"weight":1.0,"played":[1.0,0.0,0.0],"evs":[0.0,-3.02773,-3.02761]},"Q5o":{"weight":1.0,"played":[1.0,0.0,0.0],"evs":[0.0,-2.51676,-2.51687]},"K5o":{"weight":1.0,"played":[1.0,0.0,0.0],"evs":[0.0,-1.75686,-1.75684]},"A5o":{"weight":1.0,"played":[1.0,0.0,0.0],"evs":[0.0,-0.35925,-0.3594]},"62s":{"weight":1.0,"played":[1.0,0.0,0.0],"evs":[0.0,-2.34108,-2.34099]},"63s":{"weight":1.0,"played":[1.0,0.0,0.0],"evs":[0.0,-1.56422,-1.56429]},"64s":{"weight":1.0,"played":[0.7046,0.1491,0.1463],"evs":[0.0,-0.72244,-0.7224]},"65s":{"weight":1.0,"played":[0.0261,0.5023,0.4716],"evs":[0.0,-0.02289,-0.02293]},"66":{"weight":1.0,"played":[0.0,0.7677,0.2323],"evs":[0.0,3.52594,3.52586]},"76o":{"weight":1.0,"played":[1.0,0.0,0.0],"evs":[0.0,-1.52998,-1.5298]},"86o":{"weight":1.0,"played":[1.0,0.0,0.0],"evs":[0.0,-1.90088,-1.90099]},"96o":{"weight":1.0,"played":[1.0,0.0,0.0],"evs":[0.0,-2.20174,-2.2016]},"T6o":{"weight":1.0,"played":[1.0,0.0,0.0],"evs":[0.0,-2.81747,-2.81748]},"J6o":{"weight":1.0,"played":[1.0,0.0,0.0],"evs":[0.0,-2.8287,-2.82879]},"Q6o":{"weight":1.0,"played":[1.0,0.0,0.0],"evs":[0.0,-2.23998,-2.23992]},"K6o":{"weight":1.0,"played":[1.0,0.0,0.0],"evs":[0.0,-1.40607,-1.40601]},"A6o":{"weight":1.0,"played":[1.0,0.0,0.0],"evs":[0.0,-0.48086,-0.48099]},"72s":{"weight":1.0,"played":[1.0,0.0,0.0],"evs":[0.0,-2.70831,-2.70829]},"73s":{"weight":1.0,"played":[1.0,0.0,0.0],"evs":[0.0,-1.98408,-1.98422]},"74s":{"weight":1.0,"played":[1.0,0.0,0.0],"evs":[0.0,-1.1731,-1.17331]},"75s":{"weight":1.0,"played":[0.2773,0.2924,0.4303],"evs":[0.0,-0.35879,-0.35854]},"76s":{"weight":1.0,"played":[0.0,0.5079,0.4921],"evs":[0.0,0.26112,0.26091]},"77":{"weight":1.0,"played":[0.0,0.3093,0.6907],"evs":[0.0,4.7989,4.79907]},"87o":{"weight":1.0,"played":[1.0,0.0,0.0],"evs":[0.0,-1.1994,-1.19918]},"97o":{"weight":1.0,"played":[1.0,0.0,0.0],"evs":[0.0,-1.44981,-1.44979]},"T7o":{"weight":1.0,"played":[1.0,0.0,0.0],"evs":[0.0,-1.95286,-1.95285]},"J7o":{"weight":1.0,"played":[1.0,0.0,0.0],"evs":[0.0,-2.072,-2.07223]},"Q7o":{"weight":1.0,"played":[1.0,0.0,0.0],"evs":[0.0,-2.14197,-2.14223]},"K7o":{"weight":1.0,"played":[1.0,0.0,0.0],"evs":[0.0,-1.13391,-1.13423]},"A7o":{"weight":1.0,"played":[0.3319,0.2278,0.4403],"evs":[0.0,0.37666,0.37701]},"82s":{"weight":1.0,"played":[1.0,0.0,0.0],"evs":[0.0,-2.38672,-2.38675]},"83s":{"weight":1.0,"played":[1.0,0.0,0.0],"evs":[0.0,-2.34609,-2.34634]},"84s":{"weight":1.0,"played":[1.0,0.0,0.0],"evs":[0.0,-1.56318,-1.56322]},"85s":{"weight":1.0,"played":[0.7388,0.1312,0.13],"evs":[0.0,-0.7296,-0.72966]},"86s":{"weight":1.0,"played":[0.0,0.1695,0.8305],"evs":[0.0,0.08845,0.08828]},"87s":{"weight":1.0,"played":[0.0,0.1227,0.8773],"evs":[0.0,0.67715,0.67739]},"88":{"weight":1.0,"played":[0.0,0.4445,0.5555],"evs":[0.0,6.28729,6.28738]},"98o":{"weight":1.0,"played":[1.0,0.0,0.0],"evs":[0.0,-0.7649,-0.76485]},"T8o":{"weight":1.0,"played":[1.0,0.0,0.0],"evs":[0.0,-1.17574,-1.17584]},"J8o":{"weight":1.0,"played":[1.0,0.0,0.0],"evs":[0.0,-1.25438,-1.25441]},"Q8o":{"weight":1.0,"played":[1.0,0.0,0.0],"evs":[0.0,-1.28105,-1.28115]},"K8o":{"weight":1.0,"played":[1.0,0.0,0.0],"evs":[0.0,-0.84878,-0.84899]},"A8o":{"weight":1.0,"played":[0.0,0.4184,0.5816],"evs":[0.0,1.362,1.36218]},"92s":{"weight":1.0,"played":[1.0,0.0,0.0],"evs":[0.0,-2.12715,-2.12729]},"93s":{"weight":1.0,"played":[1.0,0.0,0.0],"evs":[0.0,-2.00406,-2.00408]},"94s":{"weight":1.0,"played":[1.0,0.0,0.0],"evs":[0.0,-1.86549,-1.86559]},"95s":{"weight":1.0,"played":[1.0,0.0,0.0],"evs":[0.0,-1.07047,-1.07052]},"96s":{"weight":1.0,"played":[0.5324,0.2239,0.2438],"evs":[0.0,-0.24813,-0.24805]},"97s":{"weight":1.0,"played":[0.0,0.1029,0.8971],"evs":[0.0,0.53342,0.5336]},"98s":{"weight":1.0,"played":[0.0,0.0143,0.9857],"evs":[0.0,1.06569,1.06612]},"99":{"weight":1.0,"played":[0.0,0.9988,0.0012],"evs":[0.0,8.11552,8.11526]},"T9o":{"weight":1.0,"played":[0.784,0.1091,0.1069],"evs":[0.0,-0.12413,-0.12422]},"J9o":{"weight":1.0,"played":[0.9216,0.0398,0.0386],"evs":[0.0,-0.20798,-0.2082]},"Q9o":{"weight":1.0,"played":[0.9995,3.0E-4,3.0E-4],"evs":[0.0,-0.20211,-0.20226]},"K9o":{"weight":1.0,"played":[0.6445,0.1973,0.1582],"evs":[0.0,0.27042,0.27018]},"A9o":{"weight":1.0,"played":[0.0,0.3706,0.6294],"evs":[0.0,2.37213,2.3722]},"T2s":{"weight":1.0,"played":[1.0,0.0,0.0],"evs":[0.0,-2.12833,-2.12847]},"T3s":{"weight":1.0,"played":[1.0,0.0,0.0],"evs":[0.0,-2.00181,-2.00157]},"T4s":{"weight":1.0,"played":[1.0,0.0,0.0],"evs":[0.0,-1.75271,-1.75278]},"T5s":{"weight":1.0,"played":[1.0,0.0,0.0],"evs":[0.0,-1.54905,-1.54917]},"T6s":{"weight":1.0,"played":[0.9602,0.0184,0.0214],"evs":[0.0,-0.76916,-0.76914]},"T7s":{"weight":1.0,"played":[0.1648,0.4386,0.3966],"evs":[0.0,0.00241,0.00224]},"T8s":{"weight":1.0,"played":[0.0,0.6363,0.3637],"evs":[0.0,0.73369,0.73341]},"T9s":{"weight":1.0,"played":[0.0,2.0E-4,0.9998],"evs":[0.0,1.71881,1.71909]},"TT":{"weight":1.0,"played":[0.0,0.7363,0.2637],"evs":[0.0,10.65608,10.65604]},"JTo":{"weight":1.0,"played":[0.0,0.2337,0.7663],"evs":[0.0,0.74912,0.74911]},"QTo":{"weight":1.0,"played":[0.0,0.7501,0.2499],"evs":[0.0,0.97729,0.97718]},"KTo":{"weight":1.0,"played":[0.0,0.7071,0.2929],"evs":[0.0,1.74957,1.74949]},"ATo":{"weight":1.0,"played":[0.0,0.8297,0.1703],"evs":[0.0,4.58347,4.58341]},"J2s":{"weight":1.0,"played":[1.0,0.0,0.0],"evs":[0.0,-1.65145,-1.6517]},"J3s":{"weight":1.0,"played":[1.0,0.0,0.0],"evs":[0.0,-1.44364,-1.44367]},"J4s":{"weight":1.0,"played":[1.0,0.0,0.0],"evs":[0.0,-1.25695,-1.25669]},"J5s":{"weight":1.0,"played":[1.0,0.0,0.0],"evs":[0.0,-0.96206,-0.96168]},"J6s":{"weight":1.0,"played":[1.0,0.0,0.0],"evs":[0.0,-0.76319,-0.76347]},"J7s":{"weight":1.0,"played":[0.3118,0.3539,0.3343],"evs":[0.0,-0.02463,-0.02485]},"J8s":{"weight":1.0,"played":[0.0,0.9997,3.0E-4],"evs":[0.0,0.70658,0.70625]},"J9s":{"weight":1.0,"played":[0.0,0.578,0.422],"evs":[0.0,1.67037,1.67067]},"JTs":{"weight":1.0,"played":[0.0,0.1629,0.8371],"evs":[0.0,2.53827,2.53845]},"JJ":{"weight":1.0,"played":[0.0,0.1159,0.8841],"evs":[0.0,13.19155,13.19175]},"QJo":{"weight":1.0,"played":[0.0,0.5422,0.4578],"evs":[0.0,1.91148,1.91152]},"KJo":{"weight":1.0,"played":[0.0,6.0E-4,0.9994],"evs":[0.0,2.71222,2.71225]},"AJo":{"weight":1.0,"played":[0.0,0.2609,0.7391],"evs":[0.0,5.79123,5.79125]},"Q2s":{"weight":1.0,"played":[1.0,0.0,0.0],"evs":[0.0,-1.12592,-1.12543]},"Q3s":{"weight":1.0,"played":[1.0,0.0,0.0],"evs":[0.0,-0.95391,-0.9538]},"Q4s":{"weight":1.0,"played":[1.0,0.0,0.0],"evs":[0.0,-0.75844,-0.75846]},"Q5s":{"weight":1.0,"played":[1.0,0.0,0.0],"evs":[0.0,-0.45393,-0.45399]},"Q6s":{"weight":1.0,"played":[0.788,0.1083,0.1037],"evs":[0.0,-0.21288,-0.21306]},"Q7s":{"weight":1.0,"played":[0.625,0.1049,0.2701],"evs":[0.0,-0.11507,-0.11491]},"Q8s":{"weight":1.0,"played":[0.0,0.7222,0.2778],"evs":[0.0,0.69591,0.69571]},"Q9s":{"weight":1.0,"played":[0.0,0.8353,0.1647],"evs":[0.0,1.71023,1.70998]},"QTs":{"weight":1.0,"played":[0.0,0.737,0.263],"evs":[0.0,2.76383,2.76368]},"QJs":{"weight":1.0,"played":[0.0,0.0046,0.9954],"evs":[0.0,3.65263,3.65282]},"QQ":{"weight":1.0,"played":[0.0,0.8739,0.1261],"evs":[0.0,15.77874,15.77856]},"KQo":{"weight":1.0,"played":[0.0,0.0919,0.9081],"evs":[0.0,3.7515,3.75154]},"AQo":{"weight":1.0,"played":[0.0,0.8678,0.1322],"evs":[0.0,7.09083,7.09045]},"K2s":{"weight":1.0,"played":[0.9999,0.0,0.0],"evs":[0.0,-0.36548,-0.36568]},"K3s":{"weight":1.0,"played":[0.9976,0.0012,0.0012],"evs":[0.0,-0.1746,-0.17486]},"K4s":{"weight":1.0,"played":[0.821,0.0863,0.0927],"evs":[0.0,9.5E-4,0.00114]},"K5s":{"weight":1.0,"played":[0.0034,0.4851,0.5115],"evs":[0.0,0.31178,0.31174]},"K6s":{"weight":1.0,"played":[0.0,0.311,0.689],"evs":[0.0,0.62377,0.62384]},"K7s":{"weight":1.0,"played":[0.0,0.0272,0.9728],"evs":[0.0,0.92629,0.92651]},"K8s":{"weight":1.0,"played":[0.0,0.7097,0.2903],"evs":[0.0,1.1595,1.15964]},"K9s":{"weight":1.0,"played":[0.0,0.6211,0.3789],"evs":[0.0,2.21231,2.2121]},"KTs":{"weight":1.0,"played":[0.0,0.2293,0.7707],"evs":[0.0,3.61051,3.6106]},"KJs":{"weight":1.0,"played":[0.0,0.5515,0.4485],"evs":[0.0,4.48102,4.48085]},"KQs":{"weight":1.0,"played":[0.0,0.2266,0.7734],"evs":[0.0,5.52649,5.5267]},"KK":{"weight":1.0,"played":[0.0,0.6751,0.3249],"evs":[0.0,18.81107,18.81119]},"AKo":{"weight":1.0,"played":[0.0,0.9387,0.0613],"evs":[0.0,8.55219,8.55196]},"A2s":{"weight":1.0,"played":[0.0858,0.4184,0.4958],"evs":[0.0,0.60157,0.60197]},"A3s":{"weight":1.0,"played":[0.0,0.528,0.472],"evs":[0.0,0.99522,0.99515]},"A4s":{"weight":1.0,"played":[0.0,0.7694,0.2306],"evs":[0.0,1.27656,1.27626]},"A5s":{"weight":1.0,"played":[0.0,0.7657,0.2343],"evs":[0.0,1.68224,1.68197]},"A6s":{"weight":1.0,"played":[0.0,0.2768,0.7232],"evs":[0.0,1.63902,1.6396]},"A7s":{"weight":1.0,"played":[0.0,0.1745,0.8255],"evs":[0.0,2.41201,2.41202]},"A8s":{"weight":1.0,"played":[0.0,0.0312,0.9688],"evs":[0.0,3.32511,3.32531]},"A9s":{"weight":1.0,"played":[0.0,0.7979,0.2021],"evs":[0.0,4.26175,4.26179]},"ATs":{"weight":1.0,"played":[0.0,0.4361,0.5639],"evs":[0.0,6.33273,6.33268]},"AJs":{"weight":1.0,"played":[0.0,0.3541,0.6459],"evs":[0.0,7.58027,7.58031]},"AQs":{"weight":1.0,"played":[0.0,0.8031,0.1969],"evs":[0.0,8.70616,8.70594]},"AKs":{"weight":1.0,"played":[0.0,0.0637,0.9363],"evs":[0.0,10.02185,10.02224]},"AA":{"weight":1.0,"played":[0.0,0.0896,0.9104],"evs":[0.0,24.46715,24.46727]}}}