{"player":2,"street":0,"children":2,"sequence":[{"player":0,"type":"R","amount":945000,"street":0},{"player":1,"type":"F","amount":0,"street":0},{"player":2,"type":"C","amount":945000,"street":0},{"player":3,"type":"C","amount":895000,"street":0},{"player":4,"type":"R","amount":955000,"street":0}],"actions":[{"type":"F","amount":0},{"type":"C","amount":10000}],"hands":{"22":{"weight":0.4084,"played":[0.0,1.0],"evs":[0.0,16.66222]},"32o":{"weight":0.0,"played":[0.0,1.0],"evs":[0.0,11.77654]},"42o":{"weight":0.0,"played":[0.0,1.0],"evs":[0.0,12.14685]},"52o":{"weight":0.0,"played":[0.0,1.0],"evs":[0.0,12.64378]},"62o":{"weight":0.0,"played":[0.0,1.0],"evs":[0.0,11.79242]},"72o":{"weight":0.0,"played":[0.0,1.0],"evs":[0.0,10.97178]},"82o":{"weight":0.0,"played":[0.0,1.0],"evs":[0.0,11.17361]},"92o":{"weight":0.0,"played":[0.0,1.0],"evs":[0.0,11.19191]},"T2o":{"weight":0.0,"played":[0.0,1.0],"evs":[0.0,10.91233]},"J2o":{"weight":0.0,"played":[0.0,1.0],"evs":[0.0,11.34947]},"Q2o":{"weight":0.0,"played":[0.0,1.0],"evs":[0.0,11.91974]},"K2o":{"weight":0.0,"played":[0.0,1.0],"evs":[0.0,12.66058]},"A2o":{"weight":0.0,"played":[0.0,1.0],"evs":[0.0,13.52161]},"32s":{"weight":0.0,"played":[0.0,1.0],"evs":[0.0,14.28731]},"33":{"weight":0.5144,"played":[0.0,1.0],"evs":[0.0,17.44934]},"43o":{"weight":0.0,"played":[0.0,1.0],"evs":[0.0,13.14243]},"53o":{"weight":0.0,"played":[0.0,1.0],"evs":[0.0,13.69827]},"63o":{"weight":0.0,"played":[0.0,1.0],"evs":[0.0,13.01149]},"73o":{"weight":0.0,"played":[0.0,1.0],"evs":[0.0,12.03629]},"83o":{"weight":0.0,"played":[0.0,1.0],"evs":[0.0,11.2374]},"93o":{"weight":0.0,"played":[0.0,1.0],"evs":[0.0,11.45139]},"T3o":{"weight":0.0,"played":[0.0,1.0],"evs":[0.0,11.08064]},"J3o":{"weight":0.0,"played":[0.0,1.0],"evs":[0.0,11.59912]},"Q3o":{"weight":0.0,"played":[0.0,1.0],"evs":[0.0,12.19]},"K3o":{"weight":0.0,"played":[0.0,1.0],"evs":[0.0,12.89541]},"A3o":{"weight":0.0,"played":[0.0,1.0],"evs":[0.0,14.11245]},"42s":{"weight":0.0,"played":[0.0,1.0],"evs":[0.0,14.73104]},"43s":{"weight":0.0,"played":[0.0,1.0],"evs":[0.0,15.56286]},"44":{"weight":0.6091,"played":[0.0,1.0],"evs":[0.0,18.44953]},"54o":{"weight":0.0,"played":[0.0,1.0],"evs":[0.0,14.76098]},"64o":{"weight":0.0,"played":[0.0,1.0],"evs":[0.0,14.24652]},"74o":{"weight":0.0,"played":[0.0,1.0],"evs":[0.0,13.25851]},"84o":{"weight":0.0,"played":[0.0,1.0],"evs":[0.0,12.47138]},"94o":{"weight":0.0,"played":[0.0,1.0],"evs":[0.0,11.71379]},"T4o":{"weight":0.0,"played":[0.0,1.0],"evs":[0.0,11.56183]},"J4o":{"weight":0.0,"played":[0.0,1.0],"evs":[0.0,11.94411]},"Q4o":{"weight":0.0,"played":[0.0,1.0],"evs":[0.0,12.54956]},"K4o":{"weight":0.0,"played":[0.0,1.0],"evs":[0.0,13.29637]},"A4o":{"weight":0.3754,"played":[0.0,1.0],"evs":[0.0,14.64043]},"52s":{"weight":0.0,"played":[0.0,1.0],"evs":[0.0,15.25183]},"53s":{"weight":0.0,"played":[0.0,1.0],"evs":[0.0,16.35371]},"54s":{"weight":0.0,"played":[0.0,1.0],"evs":[0.0,17.22764]},"55":{"weight":0.6584,"played":[0.0,1.0],"evs":[0.0,19.58643]},"65o":{"weight":0.0,"played":[0.0,1.0],"evs":[0.0,15.25351]},"75o":{"weight":0.0,"played":[0.0,1.0],"evs":[0.0,14.51491]},"85o":{"weight":0.0,"played":[0.0,1.0],"evs":[0.0,13.7032]},"95o":{"weight":0.0,"played":[0.0,1.0],"evs":[0.0,12.94991]},"T5o":{"weight":0.0,"played":[0.0,1.0],"evs":[0.0,11.76443]},"J5o":{"weight":0.0,"played":[0.0,1.0],"evs":[0.0,12.40964]},"Q5o":{"weight":0.0,"played":[0.0,1.0],"evs":[0.0,13.11815]},"K5o":{"weight":0.0,"played":[0.0,1.0],"evs":[0.0,13.77961]},"A5o":{"weight":0.3938,"played":[0.0,1.0],"evs":[0.0,15.21254]},"62s":{"weight":0.0,"played":[0.0,1.0],"evs":[0.0,14.58617]},"63s":{"weight":0.0,"played":[0.0,1.0],"evs":[0.0,15.69298]},"64s":{"weight":0.0,"played":[0.0,1.0],"evs":[0.0,16.92324]},"65s":{"weight":0.0,"played":[0.0,1.0],"evs":[0.0,17.77849]},"66":{"weight":0.7291,"played":[0.0,1.0],"evs":[0.0,20.63242]},"76o":{"weight":0.0,"played":[0.0,1.0],"evs":[0.0,15.34425]},"86o":{"weight":0.0,"played":[0.0,1.0],"evs":[0.0,14.66389]},"96o":{"weight":0.0,"played":[0.0,1.0],"evs":[0.0,13.96669]},"T6o":{"weight":0.0,"played":[0.0,1.0],"evs":[0.0,12.92063]},"J6o":{"weight":0.0,"played":[0.0,1.0],"evs":[0.0,12.63943]},"Q6o":{"weight":0.0,"played":[0.0,1.0],"evs":[0.0,13.37071]},"K6o":{"weight":0.0,"played":[0.0,1.0],"evs":[0.0,14.20923]},"A6o":{"weight":0.4054,"played":[0.0,1.0],"evs":[0.0,14.48813]},"72s":{"weight":0.0,"played":[0.0,1.0],"evs":[0.0,13.72669]},"73s":{"weight":0.0,"played":[0.0,1.0],"evs":[0.0,14.88343]},"74s":{"weight":0.0,"played":[0.0,1.0],"evs":[0.0,15.94903]},"75s":{"weight":0.0,"played":[0.0,1.0],"evs":[0.0,17.12875]},"76s":{"weight":0.6284,"played":[0.0,1.0],"evs":[0.0,17.78285]},"77":{"weight":0.7772,"played":[0.0,1.0],"evs":[0.0,21.54911]},"87o":{"weight":0.0,"played":[0.0,1.0],"evs":[0.0,15.44581]},"97o":{"weight":0.0,"played":[0.0,1.0],"evs":[0.0,14.74389]},"T7o":{"weight":0.0,"played":[0.0,1.0],"evs":[0.0,13.81276]},"J7o":{"weight":0.0,"played":[0.0,1.0],"evs":[0.0,13.42834]},"Q7o":{"weight":0.0,"played":[0.0,1.0],"evs":[0.0,13.45967]},"K7o":{"weight":0.0,"played":[0.0,1.0],"evs":[0.0,14.3332]},"A7o":{"weight":0.4333,"played":[0.0,1.0],"evs":[0.0,15.18301]},"82s":{"weight":0.0,"played":[0.0,1.0],"evs":[0.0,14.20593]},"83s":{"weight":0.0,"played":[0.0,1.0],"evs":[0.0,14.06478]},"84s":{"weight":0.0,"played":[0.0,1.0],"evs":[0.0,15.14641]},"85s":{"weight":0.0,"played":[0.0,1.0],"evs":[0.0,16.34716]},"86s":{"weight":0.0,"played":[0.0,1.0],"evs":[0.0,17.32221]},"87s":{"weight":0.8137,"played":[0.0,1.0],"evs":[0.0,17.95267]},"88":{"weight":0.801,"played":[0.0,1.0],"evs":[0.0,22.90064]},"98o":{"weight":0.0,"played":[0.0,1.0],"evs":[0.0,15.49229]},"T8o":{"weight":0.0,"played":[0.0,1.0],"evs":[0.0,14.62507]},"J8o":{"weight":0.0,"played":[0.0,1.0],"evs":[0.0,14.28084]},"Q8o":{"weight":0.0,"played":[0.0,1.0],"evs":[0.0,14.2689]},"K8o":{"weight":0.0,"played":[0.0,1.0],"evs":[0.0,14.58916]},"A8o":{"weight":0.4662,"played":[0.0,1.0],"evs":[0.0,15.78472]},"92s":{"weight":0.0,"played":[0.0,1.0],"evs":[0.0,14.10733]},"93s":{"weight":0.0,"played":[0.0,1.0],"evs":[0.0,14.33283]},"94s":{"weight":0.0,"played":[0.0,1.0],"evs":[0.0,14.64781]},"95s":{"weight":0.0,"played":[0.0,1.0],"evs":[0.0,15.6604]},"96s":{"weight":0.0,"played":[0.0,1.0],"evs":[0.0,16.74818]},"97s":{"weight":2.0E-4,"played":[0.0,1.0],"evs":[0.0,17.45274]},"98s":{"weight":0.8426,"played":[0.0,1.0],"evs":[0.0,18.04065]},"99":{"weight":0.8143,"played":[0.0,1.0],"evs":[0.0,24.53031]},"T9o":{"weight":0.0,"played":[0.0,1.0],"evs":[0.0,15.51292]},"J9o":{"weight":0.0,"played":[0.0,1.0],"evs":[0.0,15.16414]},"Q9o":{"weight":0.0,"played":[0.0,1.0],"evs":[0.0,15.16618]},"K9o":{"weight":0.0,"played":[0.0,1.0],"evs":[0.0,15.55373]},"A9o":{"weight":0.2716,"played":[0.0,1.0],"evs":[0.0,16.60954]},"T2s":{"weight":0.0,"played":[0.0,1.0],"evs":[0.0,13.84554]},"T3s":{"weight":0.0,"played":[0.0,1.0],"evs":[0.0,14.0855]},"T4s":{"weight":0.0,"played":[0.0,1.0],"evs":[0.0,14.2479]},"T5s":{"weight":0.0,"played":[0.0,1.0],"evs":[0.0,14.52437]},"T6s":{"weight":0.0,"played":[0.0,1.0],"evs":[0.0,15.73501]},"T7s":{"weight":0.0,"played":[0.0,1.0],"evs":[0.0,16.26692]},"T8s":{"weight":0.8161,"played":[0.0,1.0],"evs":[0.0,17.39878]},"T9s":{"weight":0.8187,"played":[0.0,1.0],"evs":[0.0,18.26327]},"TT":{"weight":0.7301,"played":[0.0,1.0],"evs":[0.0,26.8855]},"JTo":{"weight":0.7471,"played":[0.0,1.0],"evs":[0.0,16.0289]},"QTo":{"weight":0.6025,"played":[0.0,1.0],"evs":[0.0,16.21804]},"KTo":{"weight":0.4081,"played":[0.0,1.0],"evs":[0.0,16.91047]},"ATo":{"weight":0.2176,"played":[0.0,1.0],"evs":[0.0,18.65435]},"J2s":{"weight":0.0,"played":[0.0,1.0],"evs":[0.0,14.37992]},"J3s":{"weight":0.0,"played":[0.0,1.0],"evs":[0.0,14.31215]},"J4s":{"weight":0.0,"played":[0.0,1.0],"evs":[0.0,14.84956]},"J5s":{"weight":0.0,"played":[0.0,1.0],"evs":[0.0,15.26285]},"J6s":{"weight":0.0,"played":[0.0,1.0],"evs":[0.0,15.45803]},"J7s":{"weight":0.0,"played":[0.0,1.0],"evs":[0.0,16.24461]},"J8s":{"weight":0.7218,"played":[0.0,1.0],"evs":[0.0,17.1341]},"J9s":{"weight":0.7083,"played":[0.0,1.0],"evs":[0.0,17.94259]},"JTs":{"weight":0.7034,"played":[0.0,1.0],"evs":[0.0,18.71601]},"JJ":{"weight":0.4728,"played":[0.0,1.0],"evs":[0.0,30.4856]},"QJo":{"weight":0.4696,"played":[0.0,1.0],"evs":[0.0,17.26193]},"KJo":{"weight":0.3779,"played":[0.0,1.0],"evs":[0.0,18.45766]},"AJo":{"weight":0.2197,"played":[0.0,1.0],"evs":[0.0,20.45848]},"Q2s":{"weight":0.0,"played":[0.0,1.0],"evs":[0.0,14.86127]},"Q3s":{"weight":0.0,"played":[0.0,1.0],"evs":[0.0,15.25983]},"Q4s":{"weight":0.0,"played":[0.0,1.0],"evs":[0.0,15.59685]},"Q5s":{"weight":0.0,"played":[0.0,1.0],"evs":[0.0,15.98793]},"Q6s":{"weight":0.0,"played":[0.0,1.0],"evs":[0.0,16.23703]},"Q7s":{"weight":0.0,"played":[0.0,1.0],"evs":[0.0,16.36288]},"Q8s":{"weight":0.6148,"played":[0.0,1.0],"evs":[0.0,17.22262]},"Q9s":{"weight":0.581,"played":[0.0,1.0],"evs":[0.0,18.05283]},"QTs":{"weight":0.5731,"played":[0.0,1.0],"evs":[0.0,18.8703]},"QJs":{"weight":0.46,"played":[0.0,1.0],"evs":[0.0,19.93472]},"QQ":{"weight":0.36,"played":[0.0,1.0],"evs":[0.0,34.57665]},"KQo":{"weight":0.3629,"played":[0.0,1.0],"evs":[0.0,20.11933]},"AQo":{"weight":0.1962,"played":[0.0,1.0],"evs":[0.0,22.48629]},"K2s":{"weight":0.0,"played":[0.0,1.0],"evs":[0.0,15.65416]},"K3s":{"weight":0.0,"played":[0.0,1.0],"evs":[0.0,16.17373]},"K4s":{"weight":0.0,"played":[0.0,1.0],"evs":[0.0,16.32555]},"K5s":{"weight":0.4726,"played":[0.0,1.0],"evs":[0.0,16.6738]},"K6s":{"weight":0.5049,"played":[0.0,1.0],"evs":[0.0,17.19717]},"K7s":{"weight":0.4907,"played":[0.0,1.0],"evs":[0.0,17.46898]},"K8s":{"weight":0.5291,"played":[0.0,1.0],"evs":[0.0,17.70497]},"K9s":{"weight":0.4708,"played":[0.0,1.0],"evs":[0.0,18.45213]},"KTs":{"weight":0.3904,"played":[0.0,1.0],"evs":[0.0,19.66173]},"KJs":{"weight":0.3811,"played":[0.0,1.0],"evs":[0.0,21.11619]},"KQs":{"weight":0.3562,"played":[0.0,1.0],"evs":[0.0,22.70539]},"KK":{"weight":0.3456,"played":[0.0,1.0],"evs":[0.0,40.12139]},"AKo":{"weight":0.1792,"played":[0.0,1.0],"evs":[0.0,24.70324]},"A2s":{"weight":0.3351,"played":[0.0,1.0],"evs":[0.0,16.90489]},"A3s":{"weight":0.3551,"played":[0.0,1.0],"evs":[0.0,17.24527]},"A4s":{"weight":0.3695,"played":[0.0,1.0],"evs":[0.0,17.66223]},"A5s":{"weight":0.3901,"played":[0.0,1.0],"evs":[0.0,18.29961]},"A6s":{"weight":0.3822,"played":[0.0,1.0],"evs":[0.0,17.84338]},"A7s":{"weight":0.4209,"played":[0.0,1.0],"evs":[0.0,18.22495]},"A8s":{"weight":0.4322,"played":[0.0,1.0],"evs":[0.0,18.88923]},"A9s":{"weight":0.3234,"played":[0.0,1.0],"evs":[0.0,19.73224]},"ATs":{"weight":0.2433,"played":[0.0,1.0],"evs":[0.0,21.60144]},"AJs":{"weight":0.2499,"played":[0.0,1.0],"evs":[0.0,23.35249]},"AQs":{"weight":0.2395,"played":[0.0,1.0],"evs":[0.0,25.11608]},"AKs":{"weight":0.1958,"played":[0.0,1.0],"evs":[0.0,27.10176]},"AA":{"weight":0.3174,"played":[0.0,1.0],"evs":[0.0,47.50117]}}}