{"player":4,"street":0,"children":2,"sequence":[{"player":0,"type":"R","amount":945000,"street":0},{"player":1,"type":"F","amount":0,"street":0},{"player":2,"type":"R","amount":955000,"street":0},{"player":3,"type":"F","amount":0,"street":0}],"actions":[{"type":"F","amount":0},{"type":"C","amount":855000}],"hands":{"22":{"weight":1.0,"played":[0.0762,0.9238],"evs":[0.0,1.20058]},"32o":{"weight":1.0,"played":[1.0,0.0],"evs":[0.0,-3.65789]},"42o":{"weight":1.0,"played":[1.0,0.0],"evs":[0.0,-3.4019]},"52o":{"weight":1.0,"played":[1.0,0.0],"evs":[0.0,-3.05086]},"62o":{"weight":1.0,"played":[1.0,0.0],"evs":[0.0,-3.49285]},"72o":{"weight":1.0,"played":[1.0,0.0],"evs":[0.0,-3.97471]},"82o":{"weight":1.0,"played":[1.0,0.0],"evs":[0.0,-3.6603]},"92o":{"weight":1.0,"played":[1.0,0.0],"evs":[0.0,-3.66749]},"T2o":{"weight":1.0,"played":[1.0,0.0],"evs":[0.0,-3.73543]},"J2o":{"weight":1.0,"played":[1.0,0.0],"evs":[0.0,-3.41903]},"Q2o":{"weight":1.0,"played":[1.0,0.0],"evs":[0.0,-3.13546]},"K2o":{"weight":1.0,"played":[1.0,0.0],"evs":[0.0,-2.74776]},"A2o":{"weight":1.0,"played":[1.0,0.0],"evs":[0.0,-2.24156]},"32s":{"weight":1.0,"played":[1.0,0.0],"evs":[0.0,-1.62792]},"33":{"weight":1.0,"played":[0.0,1.0],"evs":[0.0,2.08034]},"43o":{"weight":1.0,"played":[1.0,0.0],"evs":[0.0,-2.56062]},"53o":{"weight":1.0,"played":[1.0,0.0],"evs":[0.0,-2.185]},"63o":{"weight":1.0,"played":[1.0,0.0],"evs":[0.0,-2.65456]},"73o":{"weight":1.0,"played":[1.0,0.0],"evs":[0.0,-3.15511]},"83o":{"weight":1.0,"played":[1.0,0.0],"evs":[0.0,-3.61325]},"93o":{"weight":1.0,"played":[1.0,0.0],"evs":[0.0,-3.43972]},"T3o":{"weight":1.0,"played":[1.0,0.0],"evs":[0.0,-3.50202]},"J3o":{"weight":1.0,"played":[1.0,0.0],"evs":[0.0,-3.1844]},"Q3o":{"weight":1.0,"played":[1.0,0.0],"evs":[0.0,-2.91187]},"K3o":{"weight":1.0,"played":[1.0,0.0],"evs":[0.0,-2.48622]},"A3o":{"weight":1.0,"played":[1.0,0.0],"evs":[0.0,-1.84712]},"42s":{"weight":1.0,"played":[1.0,0.0],"evs":[0.0,-1.33134]},"43s":{"weight":1.0,"played":[1.0,0.0],"evs":[0.0,-0.6273]},"44":{"weight":1.0,"played":[0.0,1.0],"evs":[0.0,2.92869]},"54o":{"weight":1.0,"played":[1.0,0.0],"evs":[0.0,-1.37227]},"64o":{"weight":1.0,"played":[1.0,0.0],"evs":[0.0,-1.75345]},"74o":{"weight":1.0,"played":[1.0,0.0],"evs":[0.0,-2.26172]},"84o":{"weight":1.0,"played":[1.0,0.0],"evs":[0.0,-2.74639]},"94o":{"weight":1.0,"played":[1.0,0.0],"evs":[0.0,-3.38701]},"T4o":{"weight":1.0,"played":[1.0,0.0],"evs":[0.0,-3.29206]},"J4o":{"weight":1.0,"played":[1.0,0.0],"evs":[0.0,-2.95209]},"Q4o":{"weight":1.0,"played":[1.0,0.0],"evs":[0.0,-2.69911]},"K4o":{"weight":1.0,"played":[1.0,0.0],"evs":[0.0,-2.25802]},"A4o":{"weight":1.0,"played":[1.0,0.0],"evs":[0.0,-1.44412]},"52s":{"weight":1.0,"played":[1.0,0.0],"evs":[0.0,-1.02383]},"53s":{"weight":1.0,"played":[0.9995,5.0E-4],"evs":[0.0,-0.24934]},"54s":{"weight":1.0,"played":[0.1193,0.8807],"evs":[0.0,0.5384]},"55":{"weight":1.0,"played":[0.0,1.0],"evs":[0.0,4.01547]},"65o":{"weight":1.0,"played":[1.0,0.0],"evs":[0.0,-0.87527]},"75o":{"weight":1.0,"played":[1.0,0.0],"evs":[0.0,-1.34105]},"85o":{"weight":1.0,"played":[1.0,0.0],"evs":[0.0,-1.80704]},"95o":{"weight":1.0,"played":[1.0,0.0],"evs":[0.0,-2.41796]},"T5o":{"weight":1.0,"played":[1.0,0.0],"evs":[0.0,-3.06213]},"J5o":{"weight":1.0,"played":[1.0,0.0],"evs":[0.0,-2.60164]},"Q5o":{"weight":1.0,"played":[1.0,0.0],"evs":[0.0,-2.33268]},"K5o":{"weight":1.0,"played":[1.0,0.0],"evs":[0.0,-1.87997]},"A5o":{"weight":1.0,"played":[1.0,0.0],"evs":[0.0,-0.88901]},"62s":{"weight":1.0,"played":[1.0,0.0],"evs":[0.0,-1.42668]},"63s":{"weight":1.0,"played":[1.0,0.0],"evs":[0.0,-0.57022]},"64s":{"weight":1.0,"played":[0.5712,0.4288],"evs":[0.0,0.1143]},"65s":{"weight":1.0,"played":[0.0,1.0],"evs":[0.0,1.00517]},"66":{"weight":1.0,"played":[0.0,1.0],"evs":[0.0,4.99624]},"76o":{"weight":1.0,"played":[1.0,0.0],"evs":[0.0,-0.52882]},"86o":{"weight":1.0,"played":[1.0,0.0],"evs":[0.0,-0.9169]},"96o":{"weight":1.0,"played":[1.0,0.0],"evs":[0.0,-1.4794]},"T6o":{"weight":1.0,"played":[1.0,0.0],"evs":[0.0,-2.13022]},"J6o":{"weight":1.0,"played":[1.0,0.0],"evs":[0.0,-2.47156]},"Q6o":{"weight":1.0,"played":[1.0,0.0],"evs":[0.0,-2.00171]},"K6o":{"weight":1.0,"played":[1.0,0.0],"evs":[0.0,-1.49708]},"A6o":{"weight":1.0,"played":[1.0,0.0],"evs":[0.0,-1.06613]},"72s":{"weight":1.0,"played":[1.0,0.0],"evs":[0.0,-1.90521]},"73s":{"weight":1.0,"played":[1.0,0.0],"evs":[0.0,-1.12333]},"74s":{"weight":1.0,"played":[0.9996,4.0E-4],"evs":[0.0,-0.28477]},"75s":{"weight":1.0,"played":[0.1577,0.8423],"evs":[0.0,0.56808]},"76s":{"weight":1.0,"played":[0.0,1.0],"evs":[0.0,1.34844]},"77":{"weight":1.0,"played":[0.0,1.0],"evs":[0.0,5.94312]},"87o":{"weight":1.0,"played":[1.0,0.0],"evs":[0.0,-0.26969]},"97o":{"weight":1.0,"played":[1.0,0.0],"evs":[0.0,-0.79]},"T7o":{"weight":1.0,"played":[1.0,0.0],"evs":[0.0,-1.32802]},"J7o":{"weight":1.0,"played":[1.0,0.0],"evs":[0.0,-1.64914]},"Q7o":{"weight":1.0,"played":[1.0,0.0],"evs":[0.0,-1.93217]},"K7o":{"weight":1.0,"played":[1.0,0.0],"evs":[0.0,-1.24203]},"A7o":{"weight":1.0,"played":[0.8111,0.1889],"evs":[0.0,-0.2798]},"82s":{"weight":1.0,"played":[1.0,0.0],"evs":[0.0,-1.5896]},"83s":{"weight":1.0,"played":[1.0,0.0],"evs":[0.0,-1.56757]},"84s":{"weight":1.0,"played":[1.0,0.0],"evs":[0.0,-0.73447]},"85s":{"weight":1.0,"played":[0.3055,0.6945],"evs":[0.0,0.2072]},"86s":{"weight":1.0,"played":[8.0E-4,0.9992],"evs":[0.0,0.99451]},"87s":{"weight":1.0,"played":[0.0,1.0],"evs":[0.0,1.55445]},"88":{"weight":1.0,"played":[0.0,1.0],"evs":[0.0,7.00346]},"98o":{"weight":1.0,"played":[0.9998,2.0E-4],"evs":[0.0,-0.09132]},"T8o":{"weight":1.0,"played":[1.0,0.0],"evs":[0.0,-0.56973]},"J8o":{"weight":1.0,"played":[1.0,0.0],"evs":[0.0,-0.85021]},"Q8o":{"weight":1.0,"played":[1.0,0.0],"evs":[0.0,-1.13726]},"K8o":{"weight":1.0,"played":[1.0,0.0],"evs":[0.0,-1.02462]},"A8o":{"weight":1.0,"played":[2.0E-4,0.9998],"evs":[0.0,0.56662]},"92s":{"weight":1.0,"played":[1.0,0.0],"evs":[0.0,-1.54214]},"93s":{"weight":1.0,"played":[1.0,0.0],"evs":[0.0,-1.40237]},"94s":{"weight":1.0,"played":[1.0,0.0],"evs":[0.0,-1.24901]},"95s":{"weight":1.0,"played":[1.0,0.0],"evs":[0.0,-0.39675]},"96s":{"weight":1.0,"played":[0.0914,0.9086],"evs":[0.0,0.43361]},"97s":{"weight":1.0,"played":[0.0,1.0],"evs":[0.0,1.14519]},"98s":{"weight":1.0,"played":[0.0,1.0],"evs":[0.0,1.78551]},"99":{"weight":1.0,"played":[0.0,1.0],"evs":[0.0,8.2273]},"T9o":{"weight":1.0,"played":[0.1787,0.8213],"evs":[0.0,0.11568]},"J9o":{"weight":1.0,"played":[0.616,0.384],"evs":[0.0,-0.13438]},"Q9o":{"weight":1.0,"played":[0.9908,0.0092],"evs":[0.0,-0.34673]},"K9o":{"weight":1.0,"played":[0.7617,0.2383],"evs":[0.0,-0.22129]},"A9o":{"weight":1.0,"played":[0.0,1.0],"evs":[0.0,1.47943]},"T2s":{"weight":1.0,"played":[1.0,0.0],"evs":[0.0,-1.61663]},"T3s":{"weight":1.0,"played":[1.0,0.0],"evs":[0.0,-1.46883]},"T4s":{"weight":1.0,"played":[1.0,0.0],"evs":[0.0,-1.14081]},"T5s":{"weight":1.0,"played":[1.0,0.0],"evs":[0.0,-1.02474]},"T6s":{"weight":1.0,"played":[0.9998,2.0E-4],"evs":[0.0,-0.09552]},"T7s":{"weight":1.0,"played":[4.0E-4,0.9996],"evs":[0.0,0.62989]},"T8s":{"weight":1.0,"played":[0.0,1.0],"evs":[0.0,1.41311]},"T9s":{"weight":1.0,"played":[0.0,1.0],"evs":[0.0,1.96885]},"TT":{"weight":1.0,"played":[0.0,1.0],"evs":[0.0,10.15962]},"JTo":{"weight":1.0,"played":[0.0,1.0],"evs":[0.0,0.62633]},"QTo":{"weight":1.0,"played":[0.0,1.0],"evs":[0.0,0.51336]},"KTo":{"weight":1.0,"played":[0.0,1.0],"evs":[0.0,1.03051]},"ATo":{"weight":1.0,"played":[0.0,1.0],"evs":[0.0,3.64525]},"J2s":{"weight":1.0,"played":[1.0,0.0],"evs":[0.0,-1.29536]},"J3s":{"weight":1.0,"played":[1.0,0.0],"evs":[0.0,-1.08059]},"J4s":{"weight":1.0,"played":[1.0,0.0],"evs":[0.0,-0.90612]},"J5s":{"weight":1.0,"played":[0.9997,3.0E-4],"evs":[0.0,-0.56842]},"J6s":{"weight":1.0,"played":[1.0,0.0],"evs":[0.0,-0.36888]},"J7s":{"weight":1.0,"played":[0.0482,0.9518],"evs":[0.0,0.32654]},"J8s":{"weight":1.0,"played":[0.0,1.0],"evs":[0.0,1.09143]},"J9s":{"weight":1.0,"played":[0.0,1.0],"evs":[0.0,1.76691]},"JTs":{"weight":1.0,"played":[0.0,1.0],"evs":[0.0,2.41436]},"JJ":{"weight":1.0,"played":[0.0,1.0],"evs":[0.0,12.53401]},"QJo":{"weight":1.0,"played":[0.0,1.0],"evs":[0.0,1.21988]},"KJo":{"weight":1.0,"played":[0.0,1.0],"evs":[0.0,1.8958]},"AJo":{"weight":1.0,"played":[0.0,1.0],"evs":[0.0,5.24296]},"Q2s":{"weight":1.0,"played":[1.0,0.0],"evs":[0.0,-0.97272]},"Q3s":{"weight":1.0,"played":[1.0,0.0],"evs":[0.0,-0.79695]},"Q4s":{"weight":1.0,"played":[1.0,0.0],"evs":[0.0,-0.62895]},"Q5s":{"weight":1.0,"played":[1.0,0.0],"evs":[0.0,-0.25739]},"Q6s":{"weight":1.0,"played":[0.246,0.754],"evs":[0.0,0.05567]},"Q7s":{"weight":1.0,"played":[0.1415,0.8585],"evs":[0.0,0.12458]},"Q8s":{"weight":1.0,"played":[0.0,1.0],"evs":[0.0,0.82312]},"Q9s":{"weight":1.0,"played":[0.0,1.0],"evs":[0.0,1.47798]},"QTs":{"weight":1.0,"played":[0.0,1.0],"evs":[0.0,2.42091]},"QJs":{"weight":1.0,"played":[0.0,1.0],"evs":[0.0,3.0694]},"QQ":{"weight":1.0,"played":[0.0,1.0],"evs":[0.0,15.3452]},"KQo":{"weight":1.0,"played":[0.0,1.0],"evs":[0.0,2.88069]},"AQo":{"weight":1.0,"played":[0.0,1.0],"evs":[0.0,6.98724]},"K2s":{"weight":1.0,"played":[0.9995,5.0E-4],"evs":[0.0,-0.56466]},"K3s":{"weight":1.0,"played":[0.9999,1.0E-4],"evs":[0.0,-0.32458]},"K4s":{"weight":1.0,"played":[0.9506,0.0494],"evs":[0.0,-0.13024]},"K5s":{"weight":1.0,"played":[1.0E-4,0.9999],"evs":[0.0,0.23247]},"K6s":{"weight":1.0,"played":[0.0,1.0],"evs":[0.0,0.58758]},"K7s":{"weight":1.0,"played":[0.0,1.0],"evs":[0.0,0.80147]},"K8s":{"weight":1.0,"played":[0.0,1.0],"evs":[0.0,0.94457]},"K9s":{"weight":1.0,"played":[0.0,1.0],"evs":[0.0,1.75282]},"KTs":{"weight":1.0,"played":[0.0,1.0],"evs":[0.0,2.94153]},"KJs":{"weight":1.0,"played":[0.0,1.0],"evs":[0.0,3.78178]},"KQs":{"weight":1.0,"played":[0.0,1.0],"evs":[0.0,4.69416]},"KK":{"weight":1.0,"played":[0.0,1.0],"evs":[0.0,18.89615]},"AKo":{"weight":1.0,"played":[0.0,1.0],"evs":[0.0,9.08349]},"A2s":{"weight":1.0,"played":[0.6763,0.3237],"evs":[0.0,0.01177]},"A3s":{"weight":1.0,"played":[1.0E-4,0.9999],"evs":[0.0,0.37298]},"A4s":{"weight":1.0,"played":[0.0,1.0],"evs":[0.0,0.72727]},"A5s":{"weight":1.0,"played":[0.0,1.0],"evs":[0.0,1.1659]},"A6s":{"weight":1.0,"played":[0.0,1.0],"evs":[0.0,1.0783]},"A7s":{"weight":1.0,"played":[0.0,1.0],"evs":[0.0,1.79367]},"A8s":{"weight":1.0,"played":[0.0,1.0],"evs":[0.0,2.56456]},"A9s":{"weight":1.0,"played":[0.0,1.0],"evs":[0.0,3.48322]},"ATs":{"weight":1.0,"played":[0.0,1.0],"evs":[0.0,5.46259]},"AJs":{"weight":1.0,"played":[0.0,1.0],"evs":[0.0,7.02751]},"AQs":{"weight":1.0,"played":[0.0,1.0],"evs":[0.0,8.65368]},"AKs":{"weight":1.0,"played":[0.0,1.0],"evs":[0.0,10.6094]},"AA":{"weight":1.0,"played":[0.0,1.0],"evs":[0.0,25.48766]}}}