{"player":2,"street":0,"children":3,"sequence":[{"player":0,"type":"R","amount":945000,"street":0},{"player":1,"type":"C","amount":895000,"street":0}],"actions":[{"type":"F","amount":0,"node":44},{"type":"C","amount":945000,"node":47},{"type":"R","amount":955000,"node":52}],"hands":{"22":{"weight":1.0,"played":[0.0,0.9054,0.0946],"evs":[0.0,0.96974,0.95496]},"32o":{"weight":1.0,"played":[1.0,0.0,0.0],"evs":[0.0,-4.03007,-4.04275]},"42o":{"weight":1.0,"played":[1.0,0.0,0.0],"evs":[0.0,-3.65881,-3.66677]},"52o":{"weight":1.0,"played":[1.0,0.0,0.0],"evs":[0.0,-3.33084,-3.33267]},"62o":{"weight":1.0,"played":[1.0,0.0,0.0],"evs":[0.0,-3.90177,-3.87496]},"72o":{"weight":1.0,"played":[1.0,0.0,0.0],"evs":[0.0,-4.65667,-4.61813]},"82o":{"weight":1.0,"played":[1.0,0.0,0.0],"evs":[0.0,-4.19869,-4.15325]},"92o":{"weight":1.0,"played":[1.0,0.0,0.0],"evs":[0.0,-4.08159,-4.04981]},"T2o":{"weight":1.0,"played":[1.0,0.0,0.0],"evs":[0.0,-4.25789,-4.25817]},"J2o":{"weight":1.0,"played":[1.0,0.0,0.0],"evs":[0.0,-3.86634,-3.89135]},"Q2o":{"weight":1.0,"played":[1.0,0.0,0.0],"evs":[0.0,-3.6252,-3.71288]},"K2o":{"weight":1.0,"played":[1.0,0.0,0.0],"evs":[0.0,-2.99489,-3.10471]},"A2o":{"weight":1.0,"played":[1.0,0.0,0.0],"evs":[0.0,-2.72438,-2.81911]},"32s":{"weight":1.0,"played":[1.0,0.0,0.0],"evs":[0.0,-1.49984,-1.54947]},"33":{"weight":1.0,"played":[0.0,0.5627,0.4373],"evs":[0.0,1.572,1.58475]},"43o":{"weight":1.0,"played":[1.0,0.0,0.0],"evs":[0.0,-2.71956,-2.71932]},"53o":{"weight":1.0,"played":[1.0,0.0,0.0],"evs":[0.0,-2.30483,-2.31383]},"63o":{"weight":1.0,"played":[1.0,0.0,0.0],"evs":[0.0,-2.86736,-2.84106]},"73o":{"weight":1.0,"played":[1.0,0.0,0.0],"evs":[0.0,-3.67111,-3.62744]},"83o":{"weight":1.0,"played":[1.0,0.0,0.0],"evs":[0.0,-4.18074,-4.13742]},"93o":{"weight":1.0,"played":[1.0,0.0,0.0],"evs":[0.0,-3.82566,-3.79078]},"T3o":{"weight":1.0,"played":[1.0,0.0,0.0],"evs":[0.0,-4.01709,-4.01882]},"J3o":{"weight":1.0,"played":[1.0,0.0,0.0],"evs":[0.0,-3.66548,-3.69075]},"Q3o":{"weight":1.0,"played":[1.0,0.0,0.0],"evs":[0.0,-3.41477,-3.50017]},"K3o":{"weight":1.0,"played":[1.0,0.0,0.0],"evs":[0.0,-2.7871,-2.88466]},"A3o":{"weight":1.0,"played":[1.0,0.0,0.0],"evs":[0.0,-2.36575,-2.45148]},"42s":{"weight":1.0,"played":[1.0,0.0,0.0],"evs":[0.0,-1.14331,-1.19174]},"43s":{"weight":1.0,"played":[0.9998,1.0E-4,1.0E-4],"evs":[0.0,-0.2799,-0.31816]},"44":{"weight":1.0,"played":[0.0,0.1972,0.8028],"evs":[0.0,2.31433,2.35658]},"54o":{"weight":1.0,"played":[1.0,0.0,0.0],"evs":[0.0,-1.29839,-1.28701]},"64o":{"weight":1.0,"played":[1.0,0.0,0.0],"evs":[0.0,-1.85333,-1.81456]},"74o":{"weight":1.0,"played":[1.0,0.0,0.0],"evs":[0.0,-2.59429,-2.54807]},"84o":{"weight":1.0,"played":[1.0,0.0,0.0],"evs":[0.0,-3.10477,-3.04344]},"94o":{"weight":1.0,"played":[1.0,0.0,0.0],"evs":[0.0,-3.66149,-3.62348]},"T4o":{"weight":1.0,"played":[1.0,0.0,0.0],"evs":[0.0,-3.73284,-3.72762]},"J4o":{"weight":1.0,"played":[1.0,0.0,0.0],"evs":[0.0,-3.31553,-3.32644]},"Q4o":{"weight":1.0,"played":[1.0,0.0,0.0],"evs":[0.0,-3.02826,-3.09266]},"K4o":{"weight":1.0,"played":[1.0,0.0,0.0],"evs":[0.0,-2.3828,-2.47112]},"A4o":{"weight":1.0,"played":[1.0,0.0,0.0],"evs":[0.0,-1.96151,-2.04545]},"52s":{"weight":1.0,"played":[1.0,0.0,0.0],"evs":[0.0,-0.79124,-0.83153]},"53s":{"weight":1.0,"played":[0.001,0.8308,0.1682],"evs":[0.0,0.10179,0.05721]},"54s":{"weight":1.0,"played":[0.0,0.8379,0.1621],"evs":[0.0,1.06892,1.03994]},"55":{"weight":1.0,"played":[0.0,0.1034,0.8966],"evs":[0.0,3.28921,3.3595]},"65o":{"weight":1.0,"played":[1.0,0.0,0.0],"evs":[0.0,-0.81478,-0.77214]},"75o":{"weight":1.0,"played":[1.0,0.0,0.0],"evs":[0.0,-1.52309,-1.47368]},"85o":{"weight":1.0,"played":[1.0,0.0,0.0],"evs":[0.0,-2.04519,-1.99857]},"95o":{"weight":1.0,"played":[1.0,0.0,0.0],"evs":[0.0,-2.63009,-2.58944]},"T5o":{"weight":1.0,"played":[1.0,0.0,0.0],"evs":[0.0,-3.55155,-3.54328]},"J5o":{"weight":1.0,"played":[1.0,0.0,0.0],"evs":[0.0,-3.01688,-3.02984]},"Q5o":{"weight":1.0,"played":[1.0,0.0,0.0],"evs":[0.0,-2.71027,-2.78708]},"K5o":{"weight":1.0,"played":[1.0,0.0,0.0],"evs":[0.0,-2.08077,-2.16023]},"A5o":{"weight":1.0,"played":[1.0,0.0,0.0],"evs":[0.0,-1.49091,-1.56837]},"62s":{"weight":1.0,"played":[1.0,0.0,0.0],"evs":[0.0,-1.41699,-1.41063]},"63s":{"weight":1.0,"played":[0.9998,2.0E-4,1.0E-4],"evs":[0.0,-0.43754,-0.44345]},"64s":{"weight":1.0,"played":[0.0,0.8656,0.1344],"evs":[0.0,0.53502,0.53421]},"65s":{"weight":1.0,"played":[0.0,0.339,0.661],"evs":[0.0,1.54196,1.54818]},"66":{"weight":1.0,"played":[0.0,0.1244,0.8756],"evs":[0.0,4.44408,4.51733]},"76o":{"weight":1.0,"played":[1.0,0.0,0.0],"evs":[0.0,-0.67138,-0.60583]},"86o":{"weight":1.0,"played":[1.0,0.0,0.0],"evs":[0.0,-1.08031,-1.02122]},"96o":{"weight":1.0,"played":[1.0,0.0,0.0],"evs":[0.0,-1.61684,-1.56122]},"T6o":{"weight":1.0,"played":[1.0,0.0,0.0],"evs":[0.0,-2.55619,-2.5367]},"J6o":{"weight":1.0,"played":[1.0,0.0,0.0],"evs":[0.0,-2.81615,-2.81901]},"Q6o":{"weight":1.0,"played":[1.0,0.0,0.0],"evs":[0.0,-2.38804,-2.4457]},"K6o":{"weight":1.0,"played":[1.0,0.0,0.0],"evs":[0.0,-1.6937,-1.76482]},"A6o":{"weight":1.0,"played":[1.0,0.0,0.0],"evs":[0.0,-2.00283,-2.07269]},"72s":{"weight":1.0,"played":[1.0,0.0,0.0],"evs":[0.0,-2.04594,-2.04821]},"73s":{"weight":1.0,"played":[1.0,0.0,0.0],"evs":[0.0,-1.19612,-1.19171]},"74s":{"weight":1.0,"played":[0.9912,0.007,0.0018],"evs":[0.0,-0.11161,-0.09558]},"75s":{"weight":1.0,"played":[0.0,0.0691,0.9309],"evs":[0.0,0.85811,0.86739]},"76s":{"weight":1.0,"played":[0.0,0.092,0.908],"evs":[0.0,1.72334,1.75953]},"77":{"weight":1.0,"played":[0.0,0.0699,0.9301],"evs":[0.0,5.60723,5.6621]},"87o":{"weight":1.0,"played":[0.9999,1.0E-4,0.0],"evs":[0.0,-0.4332,-0.37444]},"97o":{"weight":1.0,"played":[1.0,0.0,0.0],"evs":[0.0,-0.81925,-0.78127]},"T7o":{"weight":1.0,"played":[1.0,0.0,0.0],"evs":[0.0,-1.64407,-1.6375]},"J7o":{"weight":1.0,"played":[1.0,0.0,0.0],"evs":[0.0,-2.01128,-2.02703]},"Q7o":{"weight":1.0,"played":[1.0,0.0,0.0],"evs":[0.0,-2.36138,-2.41925]},"K7o":{"weight":1.0,"played":[1.0,0.0,0.0],"evs":[0.0,-1.52588,-1.59729]},"A7o":{"weight":1.0,"played":[1.0,0.0,0.0],"evs":[0.0,-1.37216,-1.43969]},"82s":{"weight":1.0,"played":[1.0,0.0,0.0],"evs":[0.0,-1.6487,-1.63621]},"83s":{"weight":1.0,"played":[1.0,0.0,0.0],"evs":[0.0,-1.62337,-1.61372]},"84s":{"weight":1.0,"played":[1.0,0.0,0.0],"evs":[0.0,-0.65382,-0.62158]},"85s":{"weight":1.0,"played":[0.0,0.0519,0.9481],"evs":[0.0,0.42756,0.44306]},"86s":{"weight":1.0,"played":[0.0,0.0305,0.9695],"evs":[0.0,1.29846,1.32662]},"87s":{"weight":1.0,"played":[0.0,0.0501,0.9499],"evs":[0.0,1.91697,1.94752]},"88":{"weight":1.0,"played":[0.0,0.0557,0.9443],"evs":[0.0,7.04022,7.06194]},"98o":{"weight":1.0,"played":[0.8545,0.0011,0.1443],"evs":[0.0,-0.05276,-0.01291]},"T8o":{"weight":1.0,"played":[1.0,0.0,0.0],"evs":[0.0,-0.63896,-0.64773]},"J8o":{"weight":1.0,"played":[1.0,0.0,0.0],"evs":[0.0,-0.95412,-0.98448]},"Q8o":{"weight":1.0,"played":[1.0,0.0,0.0],"evs":[0.0,-1.41897,-1.49376]},"K8o":{"weight":1.0,"played":[1.0,0.0,0.0],"evs":[0.0,-1.22165,-1.29155]},"A8o":{"weight":1.0,"played":[1.0,0.0,0.0],"evs":[0.0,-0.66318,-0.73274]},"92s":{"weight":1.0,"played":[1.0,0.0,0.0],"evs":[0.0,-1.4679,-1.48037]},"93s":{"weight":1.0,"played":[1.0,0.0,0.0],"evs":[0.0,-1.25391,-1.25035]},"94s":{"weight":1.0,"played":[1.0,0.0,0.0],"evs":[0.0,-1.17545,-1.16171]},"95s":{"weight":1.0,"played":[0.9957,0.003,0.0013],"evs":[0.0,-0.12962,-0.11728]},"96s":{"weight":1.0,"played":[0.0,0.0459,0.9541],"evs":[0.0,0.83381,0.85937]},"97s":{"weight":1.0,"played":[0.0,0.0563,0.9437],"evs":[0.0,1.61653,1.63033]},"98s":{"weight":1.0,"played":[0.0,0.0551,0.9449],"evs":[0.0,2.3075,2.3133]},"99":{"weight":1.0,"played":[0.0,0.2401,0.7599],"evs":[0.0,8.68486,8.63712]},"T9o":{"weight":1.0,"played":[0.0,0.129,0.871],"evs":[0.0,0.25237,0.23431]},"J9o":{"weight":1.0,"played":[0.8096,0.0219,0.1685],"evs":[0.0,-0.03981,-0.08608]},"Q9o":{"weight":1.0,"played":[1.0,0.0,0.0],"evs":[0.0,-0.39918,-0.50364]},"K9o":{"weight":1.0,"played":[1.0,0.0,0.0],"evs":[0.0,-0.19568,-0.305]},"A9o":{"weight":1.0,"played":[1.0E-4,0.567,0.4329],"evs":[0.0,0.15634,0.07132]},"T2s":{"weight":1.0,"played":[1.0,0.0,0.0],"evs":[0.0,-1.65586,-1.69172]},"T3s":{"weight":1.0,"played":[1.0,0.0,0.0],"evs":[0.0,-1.46806,-1.50648]},"T4s":{"weight":1.0,"played":[1.0,0.0,0.0],"evs":[0.0,-1.12208,-1.14205]},"T5s":{"weight":1.0,"played":[1.0,0.0,0.0],"evs":[0.0,-0.95819,-0.9777]},"T6s":{"weight":1.0,"played":[0.2673,0.0224,0.7103],"evs":[0.0,-0.01978,-0.02469]},"T7s":{"weight":1.0,"played":[0.0,0.1491,0.8509],"evs":[0.0,0.83278,0.81287]},"T8s":{"weight":1.0,"played":[0.0,0.2115,0.7885],"evs":[0.0,1.80165,1.76058]},"T9s":{"weight":1.0,"played":[0.0,0.2333,0.7667],"evs":[0.0,2.64476,2.60319]},"TT":{"weight":1.0,"played":[0.0,0.4093,0.5907],"evs":[0.0,10.79807,10.70033]},"JTo":{"weight":1.0,"played":[0.0,0.3897,0.6103],"evs":[0.0,0.74111,0.63454]},"QTo":{"weight":1.0,"played":[0.0,0.4532,0.5468],"evs":[0.0,0.47413,0.3463]},"KTo":{"weight":1.0,"played":[0.0,0.4969,0.5031],"evs":[0.0,0.8653,0.7308]},"ATo":{"weight":1.0,"played":[0.0,0.642,0.358],"evs":[0.0,2.05988,1.96]},"J2s":{"weight":1.0,"played":[1.0,0.0,0.0],"evs":[0.0,-1.22153,-1.28088]},"J3s":{"weight":1.0,"played":[1.0,0.0,0.0],"evs":[0.0,-1.07834,-1.13133]},"J4s":{"weight":1.0,"played":[1.0,0.0,0.0],"evs":[0.0,-0.70455,-0.75455]},"J5s":{"weight":1.0,"played":[1.0,0.0,0.0],"evs":[0.0,-0.41951,-0.47297]},"J6s":{"weight":1.0,"played":[0.9993,7.0E-4,0.0],"evs":[0.0,-0.25089,-0.29994]},"J7s":{"weight":1.0,"played":[0.0,0.3121,0.6879],"evs":[0.0,0.51831,0.47404]},"J8s":{"weight":1.0,"played":[0.0,0.3366,0.6634],"evs":[0.0,1.49617,1.44102]},"J9s":{"weight":1.0,"played":[0.0,0.3582,0.6418],"evs":[0.0,2.29936,2.22324]},"JTs":{"weight":1.0,"played":[0.0,0.4114,0.5886],"evs":[0.0,3.03958,2.91136]},"JJ":{"weight":1.0,"played":[0.0,0.5783,0.4217],"evs":[0.0,14.02217,13.85964]},"QJo":{"weight":1.0,"played":[0.0,0.5401,0.4599],"evs":[0.0,1.28809,1.14739]},"KJo":{"weight":1.0,"played":[0.0,0.5925,0.4075],"evs":[0.0,1.88551,1.74227]},"AJo":{"weight":1.0,"played":[0.0,0.7246,0.2754],"evs":[0.0,3.95104,3.86076]},"Q2s":{"weight":1.0,"played":[1.0,0.0,0.0],"evs":[0.0,-0.9245,-1.04385]},"Q3s":{"weight":1.0,"played":[1.0,0.0,0.0],"evs":[0.0,-0.72425,-0.83351]},"Q4s":{"weight":1.0,"played":[1.0,0.0,0.0],"evs":[0.0,-0.41918,-0.53267]},"Q5s":{"weight":1.0,"played":[1.0,0.0,0.0],"evs":[0.0,-0.14647,-0.24574]},"Q6s":{"weight":1.0,"played":[2.0E-4,0.5236,0.4762],"evs":[0.0,0.17631,0.08497]},"Q7s":{"weight":1.0,"played":[0.0,0.4827,0.5173],"evs":[0.0,0.26374,0.17137]},"Q8s":{"weight":1.0,"played":[0.0,0.5071,0.4929],"evs":[0.0,1.10949,1.00095]},"Q9s":{"weight":1.0,"played":[0.0,0.4969,0.5031],"evs":[0.0,2.05632,1.93399]},"QTs":{"weight":1.0,"played":[0.0,0.4861,0.5139],"evs":[0.0,2.89806,2.7329]},"QJs":{"weight":1.0,"played":[0.0,0.5397,0.4603],"evs":[0.0,3.56126,3.41477]},"QQ":{"weight":1.0,"played":[0.0,0.6566,0.3434],"evs":[0.0,17.88391,17.6778]},"KQo":{"weight":1.0,"played":[0.0,0.6405,0.3595],"evs":[0.0,3.05908,2.90088]},"AQo":{"weight":1.0,"played":[0.0,0.7654,0.2346],"evs":[0.0,6.08331,6.02101]},"K2s":{"weight":1.0,"played":[1.0,0.0,0.0],"evs":[0.0,-0.29433,-0.4222]},"K3s":{"weight":1.0,"played":[0.9193,0.0036,0.0771],"evs":[0.0,-0.07882,-0.20678]},"K4s":{"weight":1.0,"played":[0.0,0.5956,0.4044],"evs":[0.0,0.25639,0.13381]},"K5s":{"weight":1.0,"played":[0.0,0.6046,0.3954],"evs":[0.0,0.56236,0.43675]},"K6s":{"weight":1.0,"played":[0.0,0.4863,0.5137],"evs":[0.0,0.87272,0.77212]},"K7s":{"weight":1.0,"played":[0.0,0.5409,0.4591],"evs":[0.0,1.11934,1.00802]},"K8s":{"weight":1.0,"played":[0.0,0.5177,0.4823],"evs":[0.0,1.35742,1.25412]},"K9s":{"weight":1.0,"played":[0.0,0.5114,0.4886],"evs":[0.0,2.39874,2.27399]},"KTs":{"weight":1.0,"played":[0.0,0.5277,0.4723],"evs":[0.0,3.35382,3.18429]},"KJs":{"weight":1.0,"played":[0.0,0.5806,0.4194],"evs":[0.0,4.23137,4.06236]},"KQs":{"weight":1.0,"played":[0.0,0.6164,0.3836],"evs":[0.0,5.36138,5.18853]},"KK":{"weight":1.0,"played":[0.0,0.7138,0.2862],"evs":[0.0,22.66727,22.48212]},"AKo":{"weight":1.0,"played":[0.0,0.8723,0.1277],"evs":[0.0,8.65631,8.59275]},"A2s":{"weight":1.0,"played":[0.0,0.6832,0.3168],"evs":[0.0,0.17381,0.05315]},"A3s":{"weight":1.0,"played":[0.0,0.708,0.292],"evs":[0.0,0.50413,0.37729]},"A4s":{"weight":1.0,"played":[0.0,0.6658,0.3342],"evs":[0.0,0.90462,0.77917]},"A5s":{"weight":1.0,"played":[0.0,0.6671,0.3329],"evs":[0.0,1.27349,1.16016]},"A6s":{"weight":1.0,"played":[0.0,0.6299,0.3701],"evs":[0.0,0.83865,0.72987]},"A7s":{"weight":1.0,"played":[0.0,0.5957,0.4043],"evs":[0.0,1.39503,1.30436]},"A8s":{"weight":1.0,"played":[0.0,0.5587,0.4413],"evs":[0.0,2.04767,1.95469]},"A9s":{"weight":1.0,"played":[0.0,0.6322,0.3678],"evs":[0.0,2.90828,2.78172]},"ATs":{"weight":1.0,"played":[0.0,0.5907,0.4093],"evs":[0.0,4.65353,4.53427]},"AJs":{"weight":1.0,"played":[0.0,0.6698,0.3302],"evs":[0.0,6.37577,6.27791]},"AQs":{"weight":1.0,"played":[0.0,0.7879,0.2121],"evs":[0.0,8.36733,8.25431]},"AKs":{"weight":1.0,"played":[0.0,0.7607,0.2393],"evs":[0.0,10.77868,10.68789]},"AA":{"weight":1.0,"played":[0.0,0.7611,0.2389],"evs":[0.0,30.00072,29.7983]}}}