{"player":4,"street":0,"children":2,"sequence":[{"player":0,"type":"R","amount":945000,"street":0},{"player":1,"type":"C","amount":895000,"street":0},{"player":2,"type":"F","amount":0,"street":0},{"player":3,"type":"C","amount":895000,"street":0}],"actions":[{"type":"F","amount":0},{"type":"C","amount":845000}],"hands":{"22":{"weight":1.0,"played":[0.0,1.0],"evs":[0.0,1.95272]},"32o":{"weight":1.0,"played":[1.0,0.0],"evs":[0.0,-2.68915]},"42o":{"weight":1.0,"played":[1.0,0.0],"evs":[0.0,-2.23532]},"52o":{"weight":1.0,"played":[1.0,0.0],"evs":[0.0,-1.9194]},"62o":{"weight":1.0,"played":[1.0,0.0],"evs":[0.0,-2.57296]},"72o":{"weight":1.0,"played":[1.0,0.0],"evs":[0.0,-3.6305]},"82o":{"weight":1.0,"played":[1.0,0.0],"evs":[0.0,-3.0919]},"92o":{"weight":1.0,"played":[1.0,0.0],"evs":[0.0,-2.98891]},"T2o":{"weight":1.0,"played":[1.0,0.0],"evs":[0.0,-3.62612]},"J2o":{"weight":1.0,"played":[1.0,0.0],"evs":[0.0,-3.09241]},"Q2o":{"weight":1.0,"played":[1.0,0.0],"evs":[0.0,-2.79879]},"K2o":{"weight":1.0,"played":[1.0,0.0],"evs":[0.0,-2.18515]},"A2o":{"weight":1.0,"played":[1.0,0.0],"evs":[0.0,-1.9445]},"32s":{"weight":1.0,"played":[0.4888,0.5112],"evs":[0.0,-0.02548]},"33":{"weight":1.0,"played":[0.0,1.0],"evs":[0.0,2.48834]},"43o":{"weight":1.0,"played":[1.0,0.0],"evs":[0.0,-1.22807]},"53o":{"weight":1.0,"played":[1.0,0.0],"evs":[0.0,-0.77638]},"63o":{"weight":1.0,"played":[1.0,0.0],"evs":[0.0,-1.40828]},"73o":{"weight":1.0,"played":[1.0,0.0],"evs":[0.0,-2.4396]},"83o":{"weight":1.0,"played":[1.0,0.0],"evs":[0.0,-2.99038]},"93o":{"weight":1.0,"played":[1.0,0.0],"evs":[0.0,-2.84454]},"T3o":{"weight":1.0,"played":[1.0,0.0],"evs":[0.0,-3.36302]},"J3o":{"weight":1.0,"played":[1.0,0.0],"evs":[0.0,-2.73092]},"Q3o":{"weight":1.0,"played":[1.0,0.0],"evs":[0.0,-2.52611]},"K3o":{"weight":1.0,"played":[1.0,0.0],"evs":[0.0,-1.90928]},"A3o":{"weight":1.0,"played":[1.0,0.0],"evs":[0.0,-1.56578]},"42s":{"weight":1.0,"played":[1.0E-4,0.9999],"evs":[0.0,0.50902]},"43s":{"weight":1.0,"played":[0.0,1.0],"evs":[0.0,1.47874]},"44":{"weight":1.0,"played":[0.0,1.0],"evs":[0.0,3.34399]},"54o":{"weight":1.0,"played":[1.0E-4,0.9999],"evs":[0.0,0.26893]},"64o":{"weight":1.0,"played":[0.9994,6.0E-4],"evs":[0.0,-0.25389]},"74o":{"weight":1.0,"played":[1.0,0.0],"evs":[0.0,-1.2539]},"84o":{"weight":1.0,"played":[1.0,0.0],"evs":[0.0,-1.86609]},"94o":{"weight":1.0,"played":[1.0,0.0],"evs":[0.0,-2.65033]},"T4o":{"weight":1.0,"played":[1.0,0.0],"evs":[0.0,-2.97639]},"J4o":{"weight":1.0,"played":[1.0,0.0],"evs":[0.0,-2.41799]},"Q4o":{"weight":1.0,"played":[1.0,0.0],"evs":[0.0,-2.1126]},"K4o":{"weight":1.0,"played":[1.0,0.0],"evs":[0.0,-1.52193]},"A4o":{"weight":1.0,"played":[1.0,0.0],"evs":[0.0,-1.10473]},"52s":{"weight":1.0,"played":[0.0,1.0],"evs":[0.0,0.92004]},"53s":{"weight":1.0,"played":[0.0,1.0],"evs":[0.0,1.80882]},"54s":{"weight":1.0,"played":[0.0,1.0],"evs":[0.0,2.9011]},"55":{"weight":1.0,"played":[0.0,1.0],"evs":[0.0,4.2919]},"65o":{"weight":1.0,"played":[0.0,1.0],"evs":[0.0,0.71804]},"75o":{"weight":1.0,"played":[0.8453,0.1547],"evs":[0.0,-0.01902]},"85o":{"weight":1.0,"played":[1.0,0.0],"evs":[0.0,-0.75393]},"95o":{"weight":1.0,"played":[1.0,0.0],"evs":[0.0,-1.53027]},"T5o":{"weight":1.0,"played":[1.0,0.0],"evs":[0.0,-2.83478]},"J5o":{"weight":1.0,"played":[1.0,0.0],"evs":[0.0,-2.11727]},"Q5o":{"weight":1.0,"played":[1.0,0.0],"evs":[0.0,-1.88183]},"K5o":{"weight":1.0,"played":[1.0,0.0],"evs":[0.0,-1.21209]},"A5o":{"weight":1.0,"played":[1.0,0.0],"evs":[0.0,-0.68351]},"62s":{"weight":1.0,"played":[9.0E-4,0.9991],"evs":[0.0,0.18913]},"63s":{"weight":1.0,"played":[0.0,1.0],"evs":[0.0,1.185]},"64s":{"weight":1.0,"played":[0.0,1.0],"evs":[0.0,2.22779]},"65s":{"weight":1.0,"played":[0.0,1.0],"evs":[0.0,3.33181]},"66":{"weight":1.0,"played":[0.0,1.0],"evs":[0.0,5.48985]},"76o":{"weight":1.0,"played":[0.0,1.0],"evs":[0.0,0.80527]},"86o":{"weight":1.0,"played":[0.0,1.0],"evs":[0.0,0.35013]},"96o":{"weight":1.0,"played":[1.0,0.0],"evs":[0.0,-0.46987]},"T6o":{"weight":1.0,"played":[1.0,0.0],"evs":[0.0,-1.701]},"J6o":{"weight":1.0,"played":[1.0,0.0],"evs":[0.0,-1.92126]},"Q6o":{"weight":1.0,"played":[1.0,0.0],"evs":[0.0,-1.51402]},"K6o":{"weight":1.0,"played":[1.0,0.0],"evs":[0.0,-0.81928]},"A6o":{"weight":1.0,"played":[1.0,0.0],"evs":[0.0,-1.2892]},"72s":{"weight":1.0,"played":[0.9997,3.0E-4],"evs":[0.0,-0.7822]},"73s":{"weight":1.0,"played":[0.0013,0.9987],"evs":[0.0,0.32624]},"74s":{"weight":1.0,"played":[0.0,1.0],"evs":[0.0,1.34477]},"75s":{"weight":1.0,"played":[0.0,1.0],"evs":[0.0,2.56097]},"76s":{"weight":1.0,"played":[0.0,1.0],"evs":[0.0,3.2985]},"77":{"weight":1.0,"played":[0.0,1.0],"evs":[0.0,6.61972]},"87o":{"weight":1.0,"played":[0.0,1.0],"evs":[0.0,0.86128]},"97o":{"weight":1.0,"played":[0.0,1.0],"evs":[0.0,0.28073]},"T7o":{"weight":1.0,"played":[1.0,0.0],"evs":[0.0,-0.77069]},"J7o":{"weight":1.0,"played":[1.0,0.0],"evs":[0.0,-1.14474]},"Q7o":{"weight":1.0,"played":[1.0,0.0],"evs":[0.0,-1.41064]},"K7o":{"weight":1.0,"played":[1.0,0.0],"evs":[0.0,-0.63635]},"A7o":{"weight":1.0,"played":[1.0,0.0],"evs":[0.0,-0.75415]},"82s":{"weight":1.0,"played":[0.9992,8.0E-4],"evs":[0.0,-0.31353]},"83s":{"weight":1.0,"played":[0.9927,0.0073],"evs":[0.0,-0.10334]},"84s":{"weight":1.0,"played":[1.0E-4,0.9999],"evs":[0.0,0.8439]},"85s":{"weight":1.0,"played":[0.0,1.0],"evs":[0.0,2.05105]},"86s":{"weight":1.0,"played":[0.0,1.0],"evs":[0.0,2.90997]},"87s":{"weight":1.0,"played":[0.0,1.0],"evs":[0.0,3.48987]},"88":{"weight":1.0,"played":[0.0,1.0],"evs":[0.0,7.90878]},"98o":{"weight":1.0,"played":[0.0,1.0],"evs":[0.0,1.14979]},"T8o":{"weight":1.0,"played":[4.0E-4,0.9996],"evs":[0.0,0.27288]},"J8o":{"weight":1.0,"played":[0.5819,0.4181],"evs":[0.0,-0.01966]},"Q8o":{"weight":1.0,"played":[0.9998,2.0E-4],"evs":[0.0,-0.44579]},"K8o":{"weight":1.0,"played":[0.9992,8.0E-4],"evs":[0.0,-0.34318]},"A8o":{"weight":1.0,"played":[0.5838,0.4162],"evs":[0.0,-0.03237]},"92s":{"weight":1.0,"played":[0.9845,0.0155],"evs":[0.0,-0.15257]},"93s":{"weight":1.0,"played":[0.3274,0.6726],"evs":[0.0,0.00242]},"94s":{"weight":1.0,"played":[0.006,0.994],"evs":[0.0,0.28259]},"95s":{"weight":1.0,"played":[0.0,1.0],"evs":[0.0,1.15129]},"96s":{"weight":1.0,"played":[0.0,1.0],"evs":[0.0,2.24029]},"97s":{"weight":1.0,"played":[0.0,1.0],"evs":[0.0,3.11372]},"98s":{"weight":1.0,"played":[0.0,1.0],"evs":[0.0,3.83584]},"99":{"weight":1.0,"played":[0.0,1.0],"evs":[0.0,9.71185]},"T9o":{"weight":1.0,"played":[0.0,1.0],"evs":[0.0,1.20288]},"J9o":{"weight":1.0,"played":[0.0,1.0],"evs":[0.0,1.09893]},"Q9o":{"weight":1.0,"played":[0.0,1.0],"evs":[0.0,0.59925]},"K9o":{"weight":1.0,"played":[0.0,1.0],"evs":[0.0,0.81679]},"A9o":{"weight":1.0,"played":[0.0,1.0],"evs":[0.0,0.73125]},"T2s":{"weight":1.0,"played":[0.9998,2.0E-4],"evs":[0.0,-0.56969]},"T3s":{"weight":1.0,"played":[0.9991,9.0E-4],"evs":[0.0,-0.30772]},"T4s":{"weight":1.0,"played":[0.7516,0.2484],"evs":[0.0,-0.09041]},"T5s":{"weight":1.0,"played":[0.0472,0.9528],"evs":[0.0,0.04008]},"T6s":{"weight":1.0,"played":[0.0,1.0],"evs":[0.0,1.22511]},"T7s":{"weight":1.0,"played":[0.0,1.0],"evs":[0.0,2.03847]},"T8s":{"weight":1.0,"played":[0.0,1.0],"evs":[0.0,3.05153]},"T9s":{"weight":1.0,"played":[0.0,1.0],"evs":[0.0,3.85462]},"TT":{"weight":1.0,"played":[0.0,1.0],"evs":[0.0,12.08057]},"JTo":{"weight":1.0,"played":[0.0,1.0],"evs":[0.0,1.58328]},"QTo":{"weight":1.0,"played":[0.0,1.0],"evs":[0.0,1.41981]},"KTo":{"weight":1.0,"played":[0.0,1.0],"evs":[0.0,1.75185]},"ATo":{"weight":1.0,"played":[0.0,1.0],"evs":[0.0,2.60883]},"J2s":{"weight":1.0,"played":[0.7681,0.2319],"evs":[0.0,-0.05539]},"J3s":{"weight":1.0,"played":[0.2079,0.7921],"evs":[0.0,0.02966]},"J4s":{"weight":1.0,"played":[0.0038,0.9962],"evs":[0.0,0.43003]},"J5s":{"weight":1.0,"played":[0.0,1.0],"evs":[0.0,0.88593]},"J6s":{"weight":1.0,"played":[0.0,1.0],"evs":[0.0,1.16433]},"J7s":{"weight":1.0,"played":[0.0,1.0],"evs":[0.0,1.90095]},"J8s":{"weight":1.0,"played":[0.0,1.0],"evs":[0.0,2.86838]},"J9s":{"weight":1.0,"played":[0.0,1.0],"evs":[0.0,3.65597]},"JTs":{"weight":1.0,"played":[0.0,1.0],"evs":[0.0,4.15521]},"JJ":{"weight":1.0,"played":[0.0,1.0],"evs":[0.0,15.69771]},"QJo":{"weight":1.0,"played":[0.0,1.0],"evs":[0.0,2.48235]},"KJo":{"weight":1.0,"played":[0.0,1.0],"evs":[0.0,2.94853]},"AJo":{"weight":1.0,"played":[0.0,1.0],"evs":[0.0,4.42054]},"Q2s":{"weight":1.0,"played":[5.0E-4,0.9995],"evs":[0.0,0.30298]},"Q3s":{"weight":1.0,"played":[0.0,1.0],"evs":[0.0,0.42943]},"Q4s":{"weight":1.0,"played":[0.0,1.0],"evs":[0.0,0.72292]},"Q5s":{"weight":1.0,"played":[0.0,1.0],"evs":[0.0,1.18503]},"Q6s":{"weight":1.0,"played":[0.0,1.0],"evs":[0.0,1.46399]},"Q7s":{"weight":1.0,"played":[0.0,1.0],"evs":[0.0,1.39645]},"Q8s":{"weight":1.0,"played":[0.0,1.0],"evs":[0.0,2.16117]},"Q9s":{"weight":1.0,"played":[0.0,1.0],"evs":[0.0,3.31282]},"QTs":{"weight":1.0,"played":[0.0,1.0],"evs":[0.0,4.34296]},"QJs":{"weight":1.0,"played":[0.0,1.0],"evs":[0.0,5.06741]},"QQ":{"weight":1.0,"played":[0.0,1.0],"evs":[0.0,20.09793]},"KQo":{"weight":1.0,"played":[0.0,1.0],"evs":[0.0,4.32514]},"AQo":{"weight":1.0,"played":[0.0,1.0],"evs":[0.0,6.69678]},"K2s":{"weight":1.0,"played":[0.0,1.0],"evs":[0.0,0.98422]},"K3s":{"weight":1.0,"played":[0.0,1.0],"evs":[0.0,1.02221]},"K4s":{"weight":1.0,"played":[0.0,1.0],"evs":[0.0,1.57549]},"K5s":{"weight":1.0,"played":[0.0,1.0],"evs":[0.0,1.69695]},"K6s":{"weight":1.0,"played":[0.0,1.0],"evs":[0.0,2.28438]},"K7s":{"weight":1.0,"played":[0.0,1.0],"evs":[0.0,2.33479]},"K8s":{"weight":1.0,"played":[0.0,1.0],"evs":[0.0,2.50433]},"K9s":{"weight":1.0,"played":[0.0,1.0],"evs":[0.0,3.61794]},"KTs":{"weight":1.0,"played":[0.0,1.0],"evs":[0.0,4.71453]},"KJs":{"weight":1.0,"played":[0.0,1.0],"evs":[0.0,5.769]},"KQs":{"weight":1.0,"played":[0.0,1.0],"evs":[0.0,6.96765]},"KK":{"weight":1.0,"played":[0.0,1.0],"evs":[0.0,25.84549]},"AKo":{"weight":1.0,"played":[0.0,1.0],"evs":[0.0,9.28196]},"A2s":{"weight":1.0,"played":[0.0,1.0],"evs":[0.0,1.26414]},"A3s":{"weight":1.0,"played":[0.0,1.0],"evs":[0.0,1.6548]},"A4s":{"weight":1.0,"played":[0.0,1.0],"evs":[0.0,2.05206]},"A5s":{"weight":1.0,"played":[0.0,1.0],"evs":[0.0,2.42122]},"A6s":{"weight":1.0,"played":[0.0,1.0],"evs":[0.0,1.999]},"A7s":{"weight":1.0,"played":[0.0,1.0],"evs":[0.0,2.64031]},"A8s":{"weight":1.0,"played":[0.0,1.0],"evs":[0.0,3.02117]},"A9s":{"weight":1.0,"played":[0.0,1.0],"evs":[0.0,3.81994]},"ATs":{"weight":1.0,"played":[0.0,1.0],"evs":[0.0,5.69088]},"AJs":{"weight":1.0,"played":[0.0,1.0],"evs":[0.0,7.47324]},"AQs":{"weight":1.0,"played":[0.0,1.0],"evs":[0.0,9.53]},"AKs":{"weight":1.0,"played":[0.0,1.0],"evs":[0.0,11.73754]},"AA":{"weight":1.0,"played":[0.0,1.0],"evs":[0.0,33.9699]}}}