{"player":2,"street":0,"children":2,"sequence":[{"player":0,"type":"R","amount":40250000,"street":0},{"player":1,"type":"C","amount":32750000,"street":0},{"player":2,"type":"C","amount":40250000,"street":0},{"player":3,"type":"C","amount":13250000,"street":0},{"player":4,"type":"R","amount":54750000,"street":0},{"player":5,"type":"C","amount":19750000,"street":0}],"actions":[{"type":"F","amount":0},{"type":"C","amount":14500000}],"hands":{"22":{"weight":0.0,"played":[0.0141,0.9859],"evs":[0.0,5.57946]},"32o":{"weight":0.0,"played":[0.0099,0.9901],"evs":[0.0,5.66932]},"42o":{"weight":0.0,"played":[0.0098,0.9902],"evs":[0.0,2.91036]},"52o":{"weight":0.0,"played":[0.0032,0.9968],"evs":[0.0,1.72708]},"62o":{"weight":0.0,"played":[0.0735,0.9265],"evs":[0.0,3.74803]},"72o":{"weight":0.0,"played":[0.0,1.0],"evs":[0.0,7.02531]},"82o":{"weight":0.0,"played":[0.0105,0.9895],"evs":[0.0,2.20473]},"92o":{"weight":0.0,"played":[0.027,0.973],"evs":[0.0,5.29441]},"T2o":{"weight":0.0,"played":[0.0187,0.9813],"evs":[0.0,6.12327]},"J2o":{"weight":0.0,"played":[0.0495,0.9505],"evs":[0.0,2.79647]},"Q2o":{"weight":0.0,"played":[0.0211,0.9789],"evs":[0.0,2.04307]},"K2o":{"weight":0.0,"played":[0.0696,0.9304],"evs":[0.0,1.134]},"A2o":{"weight":0.0,"played":[0.0251,0.9749],"evs":[0.0,4.45058]},"32s":{"weight":0.0,"played":[0.2641,0.7359],"evs":[0.0,7.07132]},"33":{"weight":0.0,"played":[0.0684,0.9316],"evs":[0.0,6.38497]},"43o":{"weight":0.0,"played":[0.0147,0.9853],"evs":[0.0,1.65542]},"53o":{"weight":0.0,"played":[0.1423,0.8577],"evs":[0.0,3.87695]},"63o":{"weight":0.0,"played":[0.1869,0.8131],"evs":[0.0,5.86141]},"73o":{"weight":0.0,"played":[0.4562,0.5438],"evs":[0.0,-0.24084]},"83o":{"weight":0.0,"played":[0.0561,0.9439],"evs":[0.0,3.5498]},"93o":{"weight":0.0,"played":[0.0059,0.9941],"evs":[0.0,3.8617]},"T3o":{"weight":0.0,"played":[0.0368,0.9632],"evs":[0.0,3.09161]},"J3o":{"weight":0.0,"played":[0.0136,0.9864],"evs":[0.0,3.56487]},"Q3o":{"weight":0.0,"played":[0.0372,0.9628],"evs":[0.0,1.68704]},"K3o":{"weight":0.0,"played":[0.0017,0.9983],"evs":[0.0,4.81891]},"A3o":{"weight":0.0,"played":[0.007,0.993],"evs":[0.0,5.09498]},"42s":{"weight":0.0,"played":[0.078,0.922],"evs":[0.0,5.88942]},"43s":{"weight":0.0,"played":[0.2906,0.7094],"evs":[0.0,8.98078]},"44":{"weight":0.0,"played":[0.0285,0.9715],"evs":[0.0,7.79009]},"54o":{"weight":0.0,"played":[0.0231,0.9769],"evs":[0.0,1.8327]},"64o":{"weight":0.0,"played":[0.0658,0.9342],"evs":[0.0,1.81768]},"74o":{"weight":0.0,"played":[0.0064,0.9936],"evs":[0.0,5.4483]},"84o":{"weight":0.0,"played":[0.0262,0.9738],"evs":[0.0,6.53687]},"94o":{"weight":0.0,"played":[0.1349,0.8651],"evs":[0.0,1.42306]},"T4o":{"weight":0.0,"played":[0.016,0.984],"evs":[0.0,1.15853]},"J4o":{"weight":0.0,"played":[0.0,1.0],"evs":[0.0,3.3683]},"Q4o":{"weight":0.0,"played":[0.0702,0.9298],"evs":[0.0,3.46339]},"K4o":{"weight":0.0,"played":[0.5809,0.4191],"evs":[0.0,1.77131]},"A4o":{"weight":0.0,"played":[0.0396,0.9604],"evs":[0.0,6.26087]},"52s":{"weight":0.0,"played":[0.0,1.0],"evs":[0.0,3.57863]},"53s":{"weight":0.0,"played":[0.0581,0.9419],"evs":[0.0,2.30804]},"54s":{"weight":0.0,"played":[0.098,0.902],"evs":[0.0,5.26994]},"55":{"weight":0.0,"played":[0.0656,0.9344],"evs":[0.0,1.95378]},"65o":{"weight":0.0,"played":[0.0,1.0],"evs":[0.0,6.16383]},"75o":{"weight":0.0,"played":[0.0412,0.9588],"evs":[0.0,2.41009]},"85o":{"weight":0.0,"played":[0.0037,0.9963],"evs":[0.0,3.30625]},"95o":{"weight":0.0,"played":[0.0,1.0],"evs":[0.0,3.44237]},"T5o":{"weight":0.0,"played":[0.0391,0.9609],"evs":[0.0,2.72405]},"J5o":{"weight":0.0,"played":[0.1364,0.8636],"evs":[0.0,2.58442]},"Q5o":{"weight":0.0,"played":[0.1683,0.8317],"evs":[0.0,1.10861]},"K5o":{"weight":0.0,"played":[0.0,1.0],"evs":[0.0,2.45741]},"A5o":{"weight":0.0,"played":[0.1323,0.8677],"evs":[0.0,5.11791]},"62s":{"weight":0.0,"played":[0.0417,0.9583],"evs":[0.0,11.19052]},"63s":{"weight":0.0,"played":[0.0,1.0],"evs":[0.0,4.27967]},"64s":{"weight":0.0,"played":[0.1159,0.8841],"evs":[0.0,3.59091]},"65s":{"weight":0.0,"played":[0.0047,0.9953],"evs":[0.0,0.18942]},"66":{"weight":0.1085,"played":[0.0177,0.9823],"evs":[0.0,11.62599]},"76o":{"weight":0.0,"played":[0.0226,0.9774],"evs":[0.0,2.46862]},"86o":{"weight":0.0,"played":[0.0113,0.9887],"evs":[0.0,1.39397]},"96o":{"weight":0.0,"played":[0.0,1.0],"evs":[0.0,5.38686]},"T6o":{"weight":0.0,"played":[0.0,1.0],"evs":[0.0,4.99452]},"J6o":{"weight":0.0,"played":[0.0,1.0],"evs":[0.0,6.38947]},"Q6o":{"weight":0.0,"played":[0.1004,0.8996],"evs":[0.0,4.75796]},"K6o":{"weight":0.0,"played":[0.0,1.0],"evs":[0.0,2.93515]},"A6o":{"weight":0.0,"played":[0.0446,0.9554],"evs":[0.0,6.02938]},"72s":{"weight":0.0,"played":[0.3865,0.6135],"evs":[0.0,1.76843]},"73s":{"weight":0.0,"played":[0.1558,0.8442],"evs":[0.0,3.45878]},"74s":{"weight":0.0,"played":[0.0063,0.9937],"evs":[0.0,6.22547]},"75s":{"weight":0.0,"played":[0.0726,0.9274],"evs":[0.0,4.31769]},"76s":{"weight":0.0,"played":[0.0,1.0],"evs":[0.0,5.8556]},"77":{"weight":0.8768,"played":[0.0248,0.9752],"evs":[0.0,10.99698]},"87o":{"weight":0.0,"played":[0.0145,0.9855],"evs":[0.0,8.16445]},"97o":{"weight":0.0,"played":[0.0203,0.9797],"evs":[0.0,5.24534]},"T7o":{"weight":0.0,"played":[0.0283,0.9717],"evs":[0.0,6.27094]},"J7o":{"weight":0.0,"played":[0.0,1.0],"evs":[0.0,4.79488]},"Q7o":{"weight":0.0,"played":[0.0246,0.9754],"evs":[0.0,6.11895]},"K7o":{"weight":0.0,"played":[0.0,1.0],"evs":[0.0,1.89779]},"A7o":{"weight":0.0,"played":[0.3346,0.6654],"evs":[0.0,3.85823]},"82s":{"weight":0.0,"played":[0.0258,0.9742],"evs":[0.0,5.71215]},"83s":{"weight":0.0,"played":[0.1167,0.8833],"evs":[0.0,3.59912]},"84s":{"weight":0.0,"played":[0.1863,0.8137],"evs":[0.0,4.55696]},"85s":{"weight":0.0,"played":[0.0206,0.9794],"evs":[0.0,3.11659]},"86s":{"weight":0.0,"played":[0.2002,0.7998],"evs":[0.0,2.67045]},"87s":{"weight":0.0,"played":[0.6478,0.3522],"evs":[0.0,-0.73212]},"88":{"weight":0.5525,"played":[0.0,1.0],"evs":[0.0,8.29977]},"98o":{"weight":0.0,"played":[0.0133,0.9867],"evs":[0.0,3.25023]},"T8o":{"weight":0.0,"played":[0.0955,0.9045],"evs":[0.0,2.94577]},"J8o":{"weight":0.0,"played":[0.0242,0.9758],"evs":[0.0,3.92382]},"Q8o":{"weight":0.0,"played":[0.0554,0.9446],"evs":[0.0,3.27733]},"K8o":{"weight":0.0,"played":[7.0E-4,0.9993],"evs":[0.0,1.95343]},"A8o":{"weight":0.0,"played":[0.0,1.0],"evs":[0.0,3.94157]},"92s":{"weight":0.0,"played":[0.8866,0.1134],"evs":[0.0,-0.57526]},"93s":{"weight":0.0,"played":[0.0338,0.9662],"evs":[0.0,8.27976]},"94s":{"weight":0.0,"played":[0.0,1.0],"evs":[0.0,4.5423]},"95s":{"weight":0.0,"played":[0.068,0.932],"evs":[0.0,15.53294]},"96s":{"weight":0.0,"played":[0.0,1.0],"evs":[0.0,7.61865]},"97s":{"weight":0.0,"played":[0.0827,0.9173],"evs":[0.0,4.43533]},"98s":{"weight":0.0,"played":[0.6887,0.3113],"evs":[0.0,0.85457]},"99":{"weight":0.5067,"played":[0.0935,0.9065],"evs":[0.0,5.27619]},"T9o":{"weight":0.0,"played":[0.0595,0.9405],"evs":[0.0,9.15889]},"J9o":{"weight":0.0,"played":[0.0087,0.9913],"evs":[0.0,8.29728]},"Q9o":{"weight":0.0,"played":[0.0209,0.9791],"evs":[0.0,5.21067]},"K9o":{"weight":0.0,"played":[0.0,1.0],"evs":[0.0,6.37337]},"A9o":{"weight":0.0,"played":[0.0,1.0],"evs":[0.0,3.12183]},"T2s":{"weight":0.0,"played":[0.0298,0.9702],"evs":[0.0,4.25164]},"T3s":{"weight":0.0,"played":[0.762,0.238],"evs":[0.0,-1.57824]},"T4s":{"weight":0.0,"played":[0.4629,0.5371],"evs":[0.0,-0.17539]},"T5s":{"weight":0.0,"played":[0.0723,0.9277],"evs":[0.0,10.75347]},"T6s":{"weight":0.0,"played":[0.0,1.0],"evs":[0.0,3.53313]},"T7s":{"weight":0.0,"played":[5.0E-4,0.9995],"evs":[0.0,10.80645]},"T8s":{"weight":0.0,"played":[0.0188,0.9812],"evs":[0.0,4.34682]},"T9s":{"weight":0.0,"played":[0.0,1.0],"evs":[0.0,4.62067]},"TT":{"weight":0.5308,"played":[0.0158,0.9842],"evs":[0.0,11.97887]},"JTo":{"weight":0.0,"played":[0.0,1.0],"evs":[0.0,3.39545]},"QTo":{"weight":0.0,"played":[0.0039,0.9961],"evs":[0.0,4.27022]},"KTo":{"weight":0.0,"played":[0.0,1.0],"evs":[0.0,5.9272]},"ATo":{"weight":0.0,"played":[0.0,1.0],"evs":[0.0,10.39235]},"J2s":{"weight":0.0,"played":[0.0102,0.9898],"evs":[0.0,4.0482]},"J3s":{"weight":0.0,"played":[0.0885,0.9115],"evs":[0.0,8.15491]},"J4s":{"weight":0.0,"played":[0.1085,0.8915],"evs":[0.0,7.8529]},"J5s":{"weight":0.0,"played":[0.0079,0.9921],"evs":[0.0,3.90583]},"J6s":{"weight":0.0,"played":[0.01,0.99],"evs":[0.0,2.42151]},"J7s":{"weight":0.0,"played":[0.0284,0.9716],"evs":[0.0,5.18458]},"J8s":{"weight":0.0,"played":[0.2998,0.7002],"evs":[0.0,2.40053]},"J9s":{"weight":0.0,"played":[0.0,1.0],"evs":[0.0,11.05299]},"JTs":{"weight":0.0,"played":[0.2403,0.7597],"evs":[0.0,6.71252]},"JJ":{"weight":0.9269,"played":[0.0137,0.9863],"evs":[0.0,10.31926]},"QJo":{"weight":0.0,"played":[0.0454,0.9546],"evs":[0.0,2.01273]},"KJo":{"weight":0.0,"played":[0.0374,0.9626],"evs":[0.0,8.44293]},"AJo":{"weight":0.0,"played":[0.0307,0.9693],"evs":[0.0,3.0178]},"Q2s":{"weight":0.0,"played":[0.0234,0.9766],"evs":[0.0,1.66002]},"Q3s":{"weight":0.0,"played":[0.3099,0.6901],"evs":[0.0,6.77413]},"Q4s":{"weight":0.0,"played":[0.1249,0.8751],"evs":[0.0,0.31205]},"Q5s":{"weight":0.0,"played":[0.0,1.0],"evs":[0.0,12.59011]},"Q6s":{"weight":0.0,"played":[0.0071,0.9929],"evs":[0.0,5.57221]},"Q7s":{"weight":0.0,"played":[0.526,0.474],"evs":[0.0,-1.36142]},"Q8s":{"weight":0.0,"played":[0.0589,0.9411],"evs":[0.0,8.3052]},"Q9s":{"weight":0.0,"played":[0.3287,0.6713],"evs":[0.0,5.85609]},"QTs":{"weight":0.0,"played":[0.2245,0.7755],"evs":[0.0,6.67346]},"QJs":{"weight":0.0,"played":[0.0378,0.9622],"evs":[0.0,2.74748]},"QQ":{"weight":0.3261,"played":[0.0139,0.9861],"evs":[0.0,14.10444]},"KQo":{"weight":0.0,"played":[0.0141,0.9859],"evs":[0.0,5.92623]},"AQo":{"weight":3.0E-4,"played":[0.0347,0.9653],"evs":[0.0,9.36525]},"K2s":{"weight":0.0,"played":[0.0,1.0],"evs":[0.0,-1.22587]},"K3s":{"weight":0.0,"played":[0.0,1.0],"evs":[0.0,8.29878]},"K4s":{"weight":0.0,"played":[0.2091,0.7909],"evs":[0.0,8.35148]},"K5s":{"weight":0.0,"played":[0.0,1.0],"evs":[0.0,16.05618]},"K6s":{"weight":0.0,"played":[0.0448,0.9552],"evs":[0.0,5.0167]},"K7s":{"weight":0.0,"played":[0.0319,0.9681],"evs":[0.0,7.61679]},"K8s":{"weight":0.0,"played":[0.0145,0.9855],"evs":[0.0,5.1329]},"K9s":{"weight":0.0,"played":[0.0034,0.9966],"evs":[0.0,1.66097]},"KTs":{"weight":0.0,"played":[0.5559,0.4441],"evs":[0.0,10.62002]},"KJs":{"weight":0.0,"played":[0.413,0.587],"evs":[0.0,0.21107]},"KQs":{"weight":0.0,"played":[0.0,1.0],"evs":[0.0,5.31222]},"KK":{"weight":0.5146,"played":[0.0,1.0],"evs":[0.0,12.78129]},"AKo":{"weight":0.0327,"played":[0.0,1.0],"evs":[0.0,7.45975]},"A2s":{"weight":0.0,"played":[0.0,1.0],"evs":[0.0,9.92044]},"A3s":{"weight":0.0,"played":[0.002,0.998],"evs":[0.0,10.42773]},"A4s":{"weight":0.0,"played":[0.3961,0.6039],"evs":[0.0,-0.12937]},"A5s":{"weight":0.0,"played":[0.0631,0.9369],"evs":[0.0,3.21801]},"A6s":{"weight":0.0,"played":[0.6246,0.3754],"evs":[0.0,2.69986]},"A7s":{"weight":0.0,"played":[0.3219,0.6781],"evs":[0.0,1.68727]},"A8s":{"weight":0.0,"played":[0.0627,0.9373],"evs":[0.0,14.08077]},"A9s":{"weight":0.0,"played":[0.0,1.0],"evs":[0.0,0.25746]},"ATs":{"weight":1.0E-4,"played":[0.2052,0.7948],"evs":[0.0,8.98414]},"AJs":{"weight":0.0133,"played":[0.0012,0.9988],"evs":[0.0,3.4244]},"AQs":{"weight":0.9109,"played":[0.0258,0.9742],"evs":[0.0,9.43313]},"AKs":{"weight":0.0513,"played":[0.1107,0.8893],"evs":[0.0,2.01788]},"AA":{"weight":0.1285,"played":[7.0E-4,0.9993],"evs":[0.0,13.92772]}}}