{"player":3,"street":0,"children":3,"sequence":[{"player":0,"type":"F","amount":0,"street":0},{"player":1,"type":"F","amount":0,"street":0},{"player":2,"type":"R","amount":10000000,"street":0}],"actions":[{"type":"F","amount":0,"node":12},{"type":"C","amount":10000000},{"type":"R","amount":13250000,"node":24}],"hands":{"22":{"weight":1.0,"played":[1.0,0.0,0.0],"evs":[0.0,-0.57592,-0.53199]},"32o":{"weight":1.0,"played":[1.0,0.0,0.0],"evs":[0.0,-1.7864,-1.9607]},"42o":{"weight":1.0,"played":[1.0,0.0,0.0],"evs":[0.0,-1.73886,-1.90252]},"52o":{"weight":1.0,"played":[1.0,0.0,0.0],"evs":[0.0,-1.68038,-1.83225]},"62o":{"weight":1.0,"played":[1.0,0.0,0.0],"evs":[0.0,-1.80216,-1.96362]},"72o":{"weight":1.0,"played":[1.0,0.0,0.0],"evs":[0.0,-1.90181,-2.07058]},"82o":{"weight":1.0,"played":[1.0,0.0,0.0],"evs":[0.0,-1.77427,-1.91127]},"92o":{"weight":1.0,"played":[1.0,0.0,0.0],"evs":[0.0,-1.65443,-1.76984]},"T2o":{"weight":1.0,"played":[1.0,0.0,0.0],"evs":[0.0,-1.57677,-1.65546]},"J2o":{"weight":1.0,"played":[1.0,0.0,0.0],"evs":[0.0,-1.41668,-1.46861]},"Q2o":{"weight":1.0,"played":[1.0,0.0,0.0],"evs":[0.0,-1.25075,-1.26158]},"K2o":{"weight":1.0,"played":[1.0,0.0,0.0],"evs":[0.0,-0.86819,-0.84041]},"A2o":{"weight":1.0,"played":[1.0,0.0,0.0],"evs":[0.0,-0.28063,-0.23897]},"32s":{"weight":1.0,"played":[1.0,0.0,0.0],"evs":[0.0,-1.38979,-1.52039]},"33":{"weight":1.0,"played":[1.0,0.0,0.0],"evs":[0.0,-0.41319,-0.37097]},"43o":{"weight":1.0,"played":[1.0,0.0,0.0],"evs":[0.0,-1.60197,-1.74453]},"53o":{"weight":1.0,"played":[1.0,0.0,0.0],"evs":[0.0,-1.53235,-1.66397]},"63o":{"weight":1.0,"played":[1.0,0.0,0.0],"evs":[0.0,-1.65042,-1.79409]},"73o":{"weight":1.0,"played":[1.0,0.0,0.0],"evs":[0.0,-1.75983,-1.89558]},"83o":{"weight":1.0,"played":[1.0,0.0,0.0],"evs":[0.0,-1.75543,-1.8873]},"93o":{"weight":1.0,"played":[1.0,0.0,0.0],"evs":[0.0,-1.6088,-1.71236]},"T3o":{"weight":1.0,"played":[1.0,0.0,0.0],"evs":[0.0,-1.53285,-1.59922]},"J3o":{"weight":1.0,"played":[1.0,0.0,0.0],"evs":[0.0,-1.37097,-1.4105]},"Q3o":{"weight":1.0,"played":[1.0,0.0,0.0],"evs":[0.0,-1.19918,-1.20358]},"K3o":{"weight":1.0,"played":[1.0,0.0,0.0],"evs":[0.0,-0.80328,-0.77228]},"A3o":{"weight":1.0,"played":[1.0,0.0,0.0],"evs":[0.0,-0.20598,-0.16656]},"42s":{"weight":1.0,"played":[1.0,0.0,0.0],"evs":[0.0,-1.34408,-1.46726]},"43s":{"weight":1.0,"played":[1.0,0.0,0.0],"evs":[0.0,-1.19772,-1.3081]},"44":{"weight":1.0,"played":[1.0,0.0,0.0],"evs":[0.0,-0.22617,-0.17957]},"54o":{"weight":1.0,"played":[1.0,0.0,0.0],"evs":[0.0,-1.39034,-1.50473]},"64o":{"weight":1.0,"played":[1.0,0.0,0.0],"evs":[0.0,-1.50433,-1.62937]},"74o":{"weight":1.0,"played":[1.0,0.0,0.0],"evs":[0.0,-1.61263,-1.73555]},"84o":{"weight":1.0,"played":[1.0,0.0,0.0],"evs":[0.0,-1.61065,-1.72227]},"94o":{"weight":1.0,"played":[1.0,0.0,0.0],"evs":[0.0,-1.59674,-1.69689]},"T4o":{"weight":1.0,"played":[1.0,0.0,0.0],"evs":[0.0,-1.48356,-1.54625]},"J4o":{"weight":1.0,"played":[1.0,0.0,0.0],"evs":[0.0,-1.32871,-1.36598]},"Q4o":{"weight":1.0,"played":[1.0,0.0,0.0],"evs":[0.0,-1.13414,-1.13479]},"K4o":{"weight":1.0,"played":[1.0,0.0,0.0],"evs":[0.0,-0.71775,-0.68953]},"A4o":{"weight":1.0,"played":[1.0,0.0,0.0],"evs":[0.0,-0.11872,-0.08133]},"52s":{"weight":1.0,"played":[1.0,0.0,0.0],"evs":[0.0,-1.28643,-1.40206]},"53s":{"weight":1.0,"played":[1.0,0.0,0.0],"evs":[0.0,-1.13653,-1.23958]},"54s":{"weight":1.0,"played":[1.0,0.0,0.0],"evs":[0.0,-1.0018,-1.09261]},"55":{"weight":1.0,"played":[6.0E-4,0.0,0.9994],"evs":[0.0,-0.00516,0.03293]},"65o":{"weight":1.0,"played":[1.0,0.0,0.0],"evs":[0.0,-1.32741,-1.43635]},"75o":{"weight":1.0,"played":[1.0,0.0,0.0],"evs":[0.0,-1.42623,-1.53074]},"85o":{"weight":1.0,"played":[1.0,0.0,0.0],"evs":[0.0,-1.42887,-1.52223]},"95o":{"weight":1.0,"played":[1.0,0.0,0.0],"evs":[0.0,-1.42094,-1.50399]},"T5o":{"weight":1.0,"played":[1.0,0.0,0.0],"evs":[0.0,-1.44722,-1.5033]},"J5o":{"weight":1.0,"played":[1.0,0.0,0.0],"evs":[0.0,-1.26385,-1.29817]},"Q5o":{"weight":1.0,"played":[1.0,0.0,0.0],"evs":[0.0,-1.05184,-1.05235]},"K5o":{"weight":1.0,"played":[1.0,0.0,0.0],"evs":[0.0,-0.62787,-0.60253]},"A5o":{"weight":1.0,"played":[0.9871,0.0,0.0129],"evs":[0.0,-0.04596,-0.01285]},"62s":{"weight":1.0,"played":[1.0,0.0,0.0],"evs":[0.0,-1.39332,-1.51735]},"63s":{"weight":1.0,"played":[1.0,0.0,0.0],"evs":[0.0,-1.24904,-1.36038]},"64s":{"weight":1.0,"played":[1.0,0.0,0.0],"evs":[0.0,-1.10786,-1.20783]},"65s":{"weight":1.0,"played":[1.0,0.0,0.0],"evs":[0.0,-0.93888,-1.02372]},"66":{"weight":1.0,"played":[0.0,0.0,1.0],"evs":[0.0,0.21729,0.25883]},"76o":{"weight":1.0,"played":[1.0,0.0,0.0],"evs":[0.0,-1.26125,-1.35209]},"86o":{"weight":1.0,"played":[1.0,0.0,0.0],"evs":[0.0,-1.26033,-1.34422]},"96o":{"weight":1.0,"played":[1.0,0.0,0.0],"evs":[0.0,-1.25441,-1.32743]},"T6o":{"weight":1.0,"played":[1.0,0.0,0.0],"evs":[0.0,-1.28027,-1.3272]},"J6o":{"weight":1.0,"played":[1.0,0.0,0.0],"evs":[0.0,-1.23421,-1.26277]},"Q6o":{"weight":1.0,"played":[1.0,0.0,0.0],"evs":[0.0,-0.97343,-0.96596]},"K6o":{"weight":1.0,"played":[1.0,0.0,0.0],"evs":[0.0,-0.52993,-0.49764]},"A6o":{"weight":1.0,"played":[1.0,0.0,0.0],"evs":[0.0,-0.09081,-0.05402]},"72s":{"weight":1.0,"played":[1.0,0.0,0.0],"evs":[0.0,-1.49695,-1.6193]},"73s":{"weight":1.0,"played":[1.0,0.0,0.0],"evs":[0.0,-1.35538,-1.46009]},"74s":{"weight":1.0,"played":[1.0,0.0,0.0],"evs":[0.0,-1.19715,-1.29542]},"75s":{"weight":1.0,"played":[1.0,0.0,0.0],"evs":[0.0,-1.02949,-1.11289]},"76s":{"weight":1.0,"played":[1.0,0.0,0.0],"evs":[0.0,-0.882,-0.95793]},"77":{"weight":1.0,"played":[0.0,0.0,1.0],"evs":[0.0,0.53035,0.56644]},"87o":{"weight":1.0,"played":[1.0,0.0,0.0],"evs":[0.0,-1.15279,-1.22862]},"97o":{"weight":1.0,"played":[1.0,0.0,0.0],"evs":[0.0,-1.104,-1.17042]},"T7o":{"weight":1.0,"played":[1.0,0.0,0.0],"evs":[0.0,-1.10751,-1.14371]},"J7o":{"weight":1.0,"played":[1.0,0.0,0.0],"evs":[0.0,-1.03931,-1.05136]},"Q7o":{"weight":1.0,"played":[1.0,0.0,0.0],"evs":[0.0,-0.87163,-0.85617]},"K7o":{"weight":1.0,"played":[1.0,0.0,0.0],"evs":[0.0,-0.37184,-0.33425]},"A7o":{"weight":1.0,"played":[0.0,0.0,1.0],"evs":[0.0,0.06276,0.10025]},"82s":{"weight":1.0,"played":[1.0,0.0,0.0],"evs":[0.0,-1.36473,-1.46325]},"83s":{"weight":1.0,"played":[1.0,0.0,0.0],"evs":[0.0,-1.34897,-1.44648]},"84s":{"weight":1.0,"played":[1.0,0.0,0.0],"evs":[0.0,-1.19992,-1.28645]},"85s":{"weight":1.0,"played":[1.0,0.0,0.0],"evs":[0.0,-1.02664,-1.10031]},"86s":{"weight":1.0,"played":[1.0,0.0,0.0],"evs":[0.0,-0.86926,-0.93526]},"87s":{"weight":1.0,"played":[1.0,0.0,0.0],"evs":[0.0,-0.77106,-0.83438]},"88":{"weight":1.0,"played":[0.0,0.0,1.0],"evs":[0.0,0.94785,0.97768]},"98o":{"weight":1.0,"played":[1.0,0.0,0.0],"evs":[0.0,-0.8928,-0.94881]},"T8o":{"weight":1.0,"played":[1.0,0.0,0.0],"evs":[0.0,-0.85773,-0.87905]},"J8o":{"weight":1.0,"played":[1.0,0.0,0.0],"evs":[0.0,-0.784,-0.78808]},"Q8o":{"weight":1.0,"played":[1.0,0.0,0.0],"evs":[0.0,-0.60278,-0.58394]},"K8o":{"weight":1.0,"played":[1.0,0.0,0.0],"evs":[0.0,-0.25584,-0.21403]},"A8o":{"weight":1.0,"played":[0.0,0.0,1.0],"evs":[0.0,0.15822,0.18748]},"92s":{"weight":1.0,"played":[1.0,0.0,0.0],"evs":[0.0,-1.24785,-1.3311]},"93s":{"weight":1.0,"played":[1.0,0.0,0.0],"evs":[0.0,-1.19959,-1.27908]},"94s":{"weight":1.0,"played":[1.0,0.0,0.0],"evs":[0.0,-1.18726,-1.26596]},"95s":{"weight":1.0,"played":[1.0,0.0,0.0],"evs":[0.0,-1.01546,-1.08415]},"96s":{"weight":1.0,"played":[1.0,0.0,0.0],"evs":[0.0,-0.8619,-0.92582]},"97s":{"weight":1.0,"played":[1.0,0.0,0.0],"evs":[0.0,-0.71949,-0.77777]},"98s":{"weight":1.0,"played":[1.0,0.0,0.0],"evs":[0.0,-0.52207,-0.57439]},"99":{"weight":1.0,"played":[0.0,0.0,1.0],"evs":[0.0,1.30299,1.33785]},"T9o":{"weight":1.0,"played":[1.0,0.0,0.0],"evs":[0.0,-0.60747,-0.628]},"J9o":{"weight":1.0,"played":[1.0,0.0,0.0],"evs":[0.0,-0.55434,-0.54988]},"Q9o":{"weight":1.0,"played":[1.0,0.0,0.0],"evs":[0.0,-0.37137,-0.3468]},"K9o":{"weight":1.0,"played":[0.9981,0.0,0.0019],"evs":[0.0,-0.04502,-0.00333]},"A9o":{"weight":1.0,"played":[0.0,0.0,1.0],"evs":[0.0,0.24888,0.29219]},"T2s":{"weight":1.0,"played":[1.0,0.0,0.0],"evs":[0.0,-1.16673,-1.22226]},"T3s":{"weight":1.0,"played":[1.0,0.0,0.0],"evs":[0.0,-1.12203,-1.17269]},"T4s":{"weight":1.0,"played":[1.0,0.0,0.0],"evs":[0.0,-1.07417,-1.12068]},"T5s":{"weight":1.0,"played":[1.0,0.0,0.0],"evs":[0.0,-1.03487,-1.08154]},"T6s":{"weight":1.0,"played":[1.0,0.0,0.0],"evs":[0.0,-0.88916,-0.92886]},"T7s":{"weight":1.0,"played":[1.0,0.0,0.0],"evs":[0.0,-0.71526,-0.74546]},"T8s":{"weight":1.0,"played":[1.0,0.0,0.0],"evs":[0.0,-0.47641,-0.50019]},"T9s":{"weight":1.0,"played":[1.0,0.0,0.0],"evs":[0.0,-0.24608,-0.26786]},"TT":{"weight":1.0,"played":[0.0,0.0,1.0],"evs":[0.0,1.73739,1.76712]},"JTo":{"weight":1.0,"played":[1.0,0.0,0.0],"evs":[0.0,-0.32592,-0.30739]},"QTo":{"weight":1.0,"played":[1.0,0.0,0.0],"evs":[0.0,-0.12113,-0.09671]},"KTo":{"weight":1.0,"played":[0.0,0.0,1.0],"evs":[0.0,0.22579,0.25427]},"ATo":{"weight":1.0,"played":[0.0,0.0,1.0],"evs":[0.0,0.62968,0.66855]},"J2s":{"weight":1.0,"played":[1.0,0.0,0.0],"evs":[0.0,-1.00669,-1.03911]},"J3s":{"weight":1.0,"played":[1.0,0.0,0.0],"evs":[0.0,-0.9574,-0.9904]},"J4s":{"weight":1.0,"played":[1.0,0.0,0.0],"evs":[0.0,-0.90575,-0.93481]},"J5s":{"weight":1.0,"played":[1.0,0.0,0.0],"evs":[0.0,-0.85245,-0.87799]},"J6s":{"weight":1.0,"played":[1.0,0.0,0.0],"evs":[0.0,-0.82852,-0.85287]},"J7s":{"weight":1.0,"played":[1.0,0.0,0.0],"evs":[0.0,-0.63912,-0.65231]},"J8s":{"weight":1.0,"played":[1.0,0.0,0.0],"evs":[0.0,-0.40856,-0.41353]},"J9s":{"weight":1.0,"played":[1.0,0.0,0.0],"evs":[0.0,-0.18416,-0.18223]},"JTs":{"weight":1.0,"played":[0.0,0.0044,0.9956],"evs":[0.0,0.03649,0.04846]},"JJ":{"weight":1.0,"played":[0.0,0.0,1.0],"evs":[0.0,2.19163,2.2213]},"QJo":{"weight":1.0,"played":[3.0E-4,0.0,0.9997],"evs":[0.0,-0.00552,0.01287]},"KJo":{"weight":1.0,"played":[0.0,0.0,1.0],"evs":[0.0,0.37553,0.39689]},"AJo":{"weight":1.0,"played":[0.0,0.0,1.0],"evs":[0.0,0.91151,0.96342]},"Q2s":{"weight":1.0,"played":[1.0,0.0,0.0],"evs":[0.0,-0.84361,-0.85114]},"Q3s":{"weight":1.0,"played":[1.0,0.0,0.0],"evs":[0.0,-0.79448,-0.79184]},"Q4s":{"weight":1.0,"played":[1.0,0.0,0.0],"evs":[0.0,-0.73235,-0.73328]},"Q5s":{"weight":1.0,"played":[1.0,0.0,0.0],"evs":[0.0,-0.65319,-0.65396]},"Q6s":{"weight":1.0,"played":[1.0,0.0,0.0],"evs":[0.0,-0.57466,-0.57207]},"Q7s":{"weight":1.0,"played":[1.0,0.0,0.0],"evs":[0.0,-0.49364,-0.48042]},"Q8s":{"weight":1.0,"played":[1.0,0.0,0.0],"evs":[0.0,-0.22583,-0.21207]},"Q9s":{"weight":1.0,"played":[0.152,9.0E-4,0.8471],"evs":[0.0,-0.003,0.01438]},"QTs":{"weight":1.0,"played":[0.0,0.0,1.0],"evs":[0.0,0.22656,0.24634]},"QJs":{"weight":1.0,"played":[0.0,6.0E-4,0.9994],"evs":[0.0,0.33174,0.34484]},"QQ":{"weight":1.0,"played":[0.0,0.0,1.0],"evs":[0.0,2.73912,2.76039]},"KQo":{"weight":1.0,"played":[0.0,0.0,1.0],"evs":[0.0,0.57384,0.60117]},"AQo":{"weight":1.0,"played":[0.0,0.0,1.0],"evs":[0.0,1.27154,1.32667]},"K2s":{"weight":1.0,"played":[1.0,0.0,0.0],"evs":[0.0,-0.47491,-0.45104]},"K3s":{"weight":1.0,"played":[1.0,0.0,0.0],"evs":[0.0,-0.41001,-0.38381]},"K4s":{"weight":1.0,"played":[1.0,0.0,0.0],"evs":[0.0,-0.33191,-0.31028]},"K5s":{"weight":1.0,"played":[1.0,0.0,0.0],"evs":[0.0,-0.24862,-0.23051]},"K6s":{"weight":1.0,"played":[1.0,0.0,0.0],"evs":[0.0,-0.15026,-0.12243]},"K7s":{"weight":1.0,"played":[0.0054,0.0012,0.9934],"evs":[0.0,-0.0013,0.02786]},"K8s":{"weight":1.0,"played":[0.0,0.0,1.0],"evs":[0.0,0.09621,0.12968]},"K9s":{"weight":1.0,"played":[0.0,4.0E-4,0.9996],"evs":[0.0,0.29283,0.32675]},"KTs":{"weight":1.0,"played":[0.0,0.0,1.0],"evs":[0.0,0.54621,0.56724]},"KJs":{"weight":1.0,"played":[0.0,1.0E-4,0.9999],"evs":[0.0,0.68969,0.70649]},"KQs":{"weight":1.0,"played":[0.0,0.0,1.0],"evs":[0.0,0.87173,0.89176]},"KK":{"weight":1.0,"played":[0.0,0.0,1.0],"evs":[0.0,3.47169,3.47781]},"AKo":{"weight":1.0,"played":[0.0,0.0,1.0],"evs":[0.0,1.67726,1.73662]},"A2s":{"weight":1.0,"played":[0.0,1.0E-4,0.9999],"evs":[0.0,0.08361,0.11934]},"A3s":{"weight":1.0,"played":[0.0,2.0E-4,0.9998],"evs":[0.0,0.16362,0.19633]},"A4s":{"weight":1.0,"played":[0.0,0.0,1.0],"evs":[0.0,0.24259,0.27233]},"A5s":{"weight":1.0,"played":[0.0,0.0,1.0],"evs":[0.0,0.30974,0.33204]},"A6s":{"weight":1.0,"played":[0.0,0.0,1.0],"evs":[0.0,0.26895,0.29829]},"A7s":{"weight":1.0,"played":[0.0,0.0,1.0],"evs":[0.0,0.41185,0.43942]},"A8s":{"weight":1.0,"played":[0.0,0.0,1.0],"evs":[0.0,0.49471,0.51369]},"A9s":{"weight":1.0,"played":[0.0,0.0,1.0],"evs":[0.0,0.57932,0.6107]},"ATs":{"weight":1.0,"played":[0.0,2.0E-4,0.9998],"evs":[0.0,0.92658,0.95936]},"AJs":{"weight":1.0,"played":[0.0,5.0E-4,0.9995],"evs":[0.0,1.19872,1.23652]},"AQs":{"weight":1.0,"played":[0.0,0.0,1.0],"evs":[0.0,1.53812,1.58009]},"AKs":{"weight":1.0,"played":[0.0,0.0015,0.9985],"evs":[0.0,1.91635,1.96265]},"AA":{"weight":1.0,"played":[0.0,0.0022,0.9978],"evs":[0.0,4.42592,4.42689]}}}