{"player":5,"street":0,"children":2,"sequence":[{"player":0,"type":"F","amount":0,"street":0},{"player":1,"type":"F","amount":0,"street":0},{"player":2,"type":"R","amount":10000000,"street":0},{"player":3,"type":"R","amount":13250000,"street":0},{"player":4,"type":"R","amount":54750000,"street":0}],"actions":[{"type":"F","amount":0,"node":29},{"type":"C","amount":19750000,"node":30}],"hands":{"22":{"weight":1.0,"played":[1.0,0.0],"evs":[0.0,-0.61267]},"32o":{"weight":1.0,"played":[1.0,0.0],"evs":[0.0,-2.10918]},"42o":{"weight":1.0,"played":[1.0,0.0],"evs":[0.0,-1.98947]},"52o":{"weight":1.0,"played":[1.0,0.0],"evs":[0.0,-1.85888]},"62o":{"weight":1.0,"played":[1.0,0.0],"evs":[0.0,-2.02537]},"72o":{"weight":1.0,"played":[1.0,0.0],"evs":[0.0,-2.3174]},"82o":{"weight":1.0,"played":[1.0,0.0],"evs":[0.0,-2.10853]},"92o":{"weight":1.0,"played":[1.0,0.0],"evs":[0.0,-2.14627]},"T2o":{"weight":1.0,"played":[1.0,0.0],"evs":[0.0,-2.08029]},"J2o":{"weight":1.0,"played":[1.0,0.0],"evs":[0.0,-1.97943]},"Q2o":{"weight":1.0,"played":[1.0,0.0],"evs":[0.0,-1.95438]},"K2o":{"weight":1.0,"played":[1.0,0.0],"evs":[0.0,-1.88845]},"A2o":{"weight":1.0,"played":[1.0,0.0],"evs":[0.0,-1.66589]},"32s":{"weight":1.0,"played":[1.0,0.0],"evs":[0.0,-1.41476]},"33":{"weight":1.0,"played":[1.0,0.0],"evs":[0.0,-0.42874]},"43o":{"weight":1.0,"played":[1.0,0.0],"evs":[0.0,-1.74976]},"53o":{"weight":1.0,"played":[1.0,0.0],"evs":[0.0,-1.62261]},"63o":{"weight":1.0,"played":[1.0,0.0],"evs":[0.0,-1.73845]},"73o":{"weight":1.0,"played":[1.0,0.0],"evs":[0.0,-2.02426]},"83o":{"weight":1.0,"played":[1.0,0.0],"evs":[0.0,-2.16115]},"93o":{"weight":1.0,"played":[1.0,0.0],"evs":[0.0,-2.03431]},"T3o":{"weight":1.0,"played":[1.0,0.0],"evs":[0.0,-2.01431]},"J3o":{"weight":1.0,"played":[1.0,0.0],"evs":[0.0,-1.92008]},"Q3o":{"weight":1.0,"played":[1.0,0.0],"evs":[0.0,-1.90523]},"K3o":{"weight":1.0,"played":[1.0,0.0],"evs":[0.0,-1.84745]},"A3o":{"weight":1.0,"played":[1.0,0.0],"evs":[0.0,-1.58229]},"42s":{"weight":1.0,"played":[1.0,0.0],"evs":[0.0,-1.27992]},"43s":{"weight":1.0,"played":[1.0,0.0],"evs":[0.0,-1.02618]},"44":{"weight":1.0,"played":[0.9977,0.0023],"evs":[0.0,-0.15387]},"54o":{"weight":1.0,"played":[1.0,0.0],"evs":[0.0,-1.30132]},"64o":{"weight":1.0,"played":[1.0,0.0],"evs":[0.0,-1.44539]},"74o":{"weight":1.0,"played":[1.0,0.0],"evs":[0.0,-1.74531]},"84o":{"weight":1.0,"played":[1.0,0.0],"evs":[0.0,-1.89977]},"94o":{"weight":1.0,"played":[1.0,0.0],"evs":[0.0,-2.02753]},"T4o":{"weight":1.0,"played":[1.0,0.0],"evs":[0.0,-1.94911]},"J4o":{"weight":1.0,"played":[1.0,0.0],"evs":[0.0,-1.85517]},"Q4o":{"weight":1.0,"played":[1.0,0.0],"evs":[0.0,-1.77381]},"K4o":{"weight":1.0,"played":[1.0,0.0],"evs":[0.0,-1.69096]},"A4o":{"weight":1.0,"played":[1.0,0.0],"evs":[0.0,-1.47374]},"52s":{"weight":1.0,"played":[1.0,0.0],"evs":[0.0,-1.20989]},"53s":{"weight":1.0,"played":[1.0,0.0],"evs":[0.0,-0.89664]},"54s":{"weight":1.0,"played":[1.0,0.0],"evs":[0.0,-0.6256]},"55":{"weight":1.0,"played":[1.0E-4,0.9999],"evs":[0.0,0.14032]},"65o":{"weight":1.0,"played":[1.0,0.0],"evs":[0.0,-1.16715]},"75o":{"weight":1.0,"played":[1.0,0.0],"evs":[0.0,-1.42093]},"85o":{"weight":1.0,"played":[1.0,0.0],"evs":[0.0,-1.60242]},"95o":{"weight":1.0,"played":[1.0,0.0],"evs":[0.0,-1.67232]},"T5o":{"weight":1.0,"played":[1.0,0.0],"evs":[0.0,-1.87402]},"J5o":{"weight":1.0,"played":[1.0,0.0],"evs":[0.0,-1.70341]},"Q5o":{"weight":1.0,"played":[1.0,0.0],"evs":[0.0,-1.65391]},"K5o":{"weight":1.0,"played":[1.0,0.0],"evs":[0.0,-1.62035]},"A5o":{"weight":1.0,"played":[1.0,0.0],"evs":[0.0,-1.35742]},"62s":{"weight":1.0,"played":[1.0,0.0],"evs":[0.0,-1.33503]},"63s":{"weight":1.0,"played":[1.0,0.0],"evs":[0.0,-1.00881]},"64s":{"weight":1.0,"played":[1.0,0.0],"evs":[0.0,-0.74014]},"65s":{"weight":1.0,"played":[0.9999,1.0E-4],"evs":[0.0,-0.51088]},"66":{"weight":1.0,"played":[0.0,1.0],"evs":[0.0,0.43745]},"76o":{"weight":1.0,"played":[1.0,0.0],"evs":[0.0,-1.12772]},"86o":{"weight":1.0,"played":[1.0,0.0],"evs":[0.0,-1.26965]},"96o":{"weight":1.0,"played":[1.0,0.0],"evs":[0.0,-1.42229]},"T6o":{"weight":1.0,"played":[1.0,0.0],"evs":[0.0,-1.57258]},"J6o":{"weight":1.0,"played":[1.0,0.0],"evs":[0.0,-1.69744]},"Q6o":{"weight":1.0,"played":[1.0,0.0],"evs":[0.0,-1.58652]},"K6o":{"weight":1.0,"played":[1.0,0.0],"evs":[0.0,-1.4833]},"A6o":{"weight":1.0,"played":[1.0,0.0],"evs":[0.0,-1.55397]},"72s":{"weight":1.0,"played":[1.0,0.0],"evs":[0.0,-1.62912]},"73s":{"weight":1.0,"played":[1.0,0.0],"evs":[0.0,-1.30733]},"74s":{"weight":1.0,"played":[1.0,0.0],"evs":[0.0,-1.08459]},"75s":{"weight":1.0,"played":[1.0,0.0],"evs":[0.0,-0.73265]},"76s":{"weight":1.0,"played":[1.0,0.0],"evs":[0.0,-0.4511]},"77":{"weight":1.0,"played":[0.0,1.0],"evs":[0.0,0.67359]},"87o":{"weight":1.0,"played":[1.0,0.0],"evs":[0.0,-1.11056]},"97o":{"weight":1.0,"played":[1.0,0.0],"evs":[0.0,-1.24318]},"T7o":{"weight":1.0,"played":[1.0,0.0],"evs":[0.0,-1.40833]},"J7o":{"weight":1.0,"played":[1.0,0.0],"evs":[0.0,-1.50647]},"Q7o":{"weight":1.0,"played":[1.0,0.0],"evs":[0.0,-1.65805]},"K7o":{"weight":1.0,"played":[1.0,0.0],"evs":[0.0,-1.52085]},"A7o":{"weight":1.0,"played":[1.0,0.0],"evs":[0.0,-1.47096]},"82s":{"weight":1.0,"played":[1.0,0.0],"evs":[0.0,-1.37981]},"83s":{"weight":1.0,"played":[1.0,0.0],"evs":[0.0,-1.42671]},"84s":{"weight":1.0,"played":[1.0,0.0],"evs":[0.0,-1.21387]},"85s":{"weight":1.0,"played":[1.0,0.0],"evs":[0.0,-0.85621]},"86s":{"weight":1.0,"played":[1.0,0.0],"evs":[0.0,-0.6602]},"87s":{"weight":1.0,"played":[1.0,0.0],"evs":[0.0,-0.43301]},"88":{"weight":1.0,"played":[0.0,1.0],"evs":[0.0,1.16094]},"98o":{"weight":1.0,"played":[1.0,0.0],"evs":[0.0,-1.04506]},"T8o":{"weight":1.0,"played":[1.0,0.0],"evs":[0.0,-1.12455]},"J8o":{"weight":1.0,"played":[1.0,0.0],"evs":[0.0,-1.23184]},"Q8o":{"weight":1.0,"played":[1.0,0.0],"evs":[0.0,-1.40234]},"K8o":{"weight":1.0,"played":[1.0,0.0],"evs":[0.0,-1.44658]},"A8o":{"weight":1.0,"played":[1.0,0.0],"evs":[0.0,-1.29616]},"92s":{"weight":1.0,"played":[1.0,0.0],"evs":[0.0,-1.39879]},"93s":{"weight":1.0,"played":[1.0,0.0],"evs":[0.0,-1.33548]},"94s":{"weight":1.0,"played":[1.0,0.0],"evs":[0.0,-1.28522]},"95s":{"weight":1.0,"played":[1.0,0.0],"evs":[0.0,-0.97578]},"96s":{"weight":1.0,"played":[1.0,0.0],"evs":[0.0,-0.76975]},"97s":{"weight":1.0,"played":[1.0,0.0],"evs":[0.0,-0.61373]},"98s":{"weight":1.0,"played":[0.9999,1.0E-4],"evs":[0.0,-0.37254]},"99":{"weight":1.0,"played":[0.0,1.0],"evs":[0.0,1.78013]},"T9o":{"weight":1.0,"played":[1.0,0.0],"evs":[0.0,-0.92936]},"J9o":{"weight":1.0,"played":[1.0,0.0],"evs":[0.0,-1.03565]},"Q9o":{"weight":1.0,"played":[1.0,0.0],"evs":[0.0,-1.19993]},"K9o":{"weight":1.0,"played":[1.0,0.0],"evs":[0.0,-1.24964]},"A9o":{"weight":1.0,"played":[1.0,0.0],"evs":[0.0,-0.94475]},"T2s":{"weight":1.0,"played":[1.0,0.0],"evs":[0.0,-1.40919]},"T3s":{"weight":1.0,"played":[1.0,0.0],"evs":[0.0,-1.32856]},"T4s":{"weight":1.0,"played":[1.0,0.0],"evs":[0.0,-1.22798]},"T5s":{"weight":1.0,"played":[1.0,0.0],"evs":[0.0,-1.17576]},"T6s":{"weight":1.0,"played":[1.0,0.0],"evs":[0.0,-0.92418]},"T7s":{"weight":1.0,"played":[1.0,0.0],"evs":[0.0,-0.756]},"T8s":{"weight":1.0,"played":[1.0,0.0],"evs":[0.0,-0.40968]},"T9s":{"weight":1.0,"played":[0.9979,0.0021],"evs":[0.0,-0.2922]},"TT":{"weight":1.0,"played":[0.0,1.0],"evs":[0.0,2.45199]},"JTo":{"weight":1.0,"played":[1.0,0.0],"evs":[0.0,-0.71753]},"QTo":{"weight":1.0,"played":[1.0,0.0],"evs":[0.0,-0.84073]},"KTo":{"weight":1.0,"played":[1.0,0.0],"evs":[0.0,-0.9003]},"ATo":{"weight":1.0,"played":[1.0,0.0],"evs":[0.0,-0.17378]},"J2s":{"weight":1.0,"played":[1.0,0.0],"evs":[0.0,-1.2694]},"J3s":{"weight":1.0,"played":[1.0,0.0],"evs":[0.0,-1.24679]},"J4s":{"weight":1.0,"played":[1.0,0.0],"evs":[0.0,-1.05053]},"J5s":{"weight":1.0,"played":[1.0,0.0],"evs":[0.0,-0.99582]},"J6s":{"weight":1.0,"played":[1.0,0.0],"evs":[0.0,-0.96489]},"J7s":{"weight":1.0,"played":[1.0,0.0],"evs":[0.0,-0.83405]},"J8s":{"weight":1.0,"played":[1.0,0.0],"evs":[0.0,-0.52765]},"J9s":{"weight":1.0,"played":[0.9999,1.0E-4],"evs":[0.0,-0.39881]},"JTs":{"weight":1.0,"played":[0.9997,3.0E-4],"evs":[0.0,-0.10851]},"JJ":{"weight":1.0,"played":[0.0,1.0],"evs":[0.0,3.36867]},"QJo":{"weight":1.0,"played":[1.0,0.0],"evs":[0.0,-0.74019]},"KJo":{"weight":1.0,"played":[1.0,0.0],"evs":[0.0,-0.68911]},"AJo":{"weight":1.0,"played":[0.0,1.0],"evs":[0.0,0.4792]},"Q2s":{"weight":1.0,"played":[1.0,0.0],"evs":[0.0,-1.27011]},"Q3s":{"weight":1.0,"played":[1.0,0.0],"evs":[0.0,-1.16626]},"Q4s":{"weight":1.0,"played":[1.0,0.0],"evs":[0.0,-1.16139]},"Q5s":{"weight":1.0,"played":[1.0,0.0],"evs":[0.0,-0.95414]},"Q6s":{"weight":1.0,"played":[1.0,0.0],"evs":[0.0,-0.94428]},"Q7s":{"weight":1.0,"played":[1.0,0.0],"evs":[0.0,-0.94821]},"Q8s":{"weight":1.0,"played":[1.0,0.0],"evs":[0.0,-0.71513]},"Q9s":{"weight":1.0,"played":[1.0,0.0],"evs":[0.0,-0.43]},"QTs":{"weight":1.0,"played":[1.0,0.0],"evs":[0.0,-0.20507]},"QJs":{"weight":1.0,"played":[0.8527,0.1473],"evs":[0.0,-0.08336]},"QQ":{"weight":1.0,"played":[0.0,1.0],"evs":[0.0,4.40005]},"KQo":{"weight":1.0,"played":[1.0,0.0],"evs":[0.0,-0.31357]},"AQo":{"weight":1.0,"played":[0.0,1.0],"evs":[0.0,1.23654]},"K2s":{"weight":1.0,"played":[1.0,0.0],"evs":[0.0,-1.08341]},"K3s":{"weight":1.0,"played":[1.0,0.0],"evs":[0.0,-1.093]},"K4s":{"weight":1.0,"played":[1.0,0.0],"evs":[0.0,-1.04335]},"K5s":{"weight":1.0,"played":[1.0,0.0],"evs":[0.0,-0.90614]},"K6s":{"weight":1.0,"played":[1.0,0.0],"evs":[0.0,-0.7885]},"K7s":{"weight":1.0,"played":[1.0,0.0],"evs":[0.0,-0.87555]},"K8s":{"weight":1.0,"played":[1.0,0.0],"evs":[0.0,-0.74162]},"K9s":{"weight":1.0,"played":[1.0,0.0],"evs":[0.0,-0.52198]},"KTs":{"weight":1.0,"played":[0.9994,6.0E-4],"evs":[0.0,-0.24881]},"KJs":{"weight":1.0,"played":[0.0651,0.9349],"evs":[0.0,0.09335]},"KQs":{"weight":1.0,"played":[0.0,1.0],"evs":[0.0,0.28883]},"KK":{"weight":1.0,"played":[0.0,1.0],"evs":[0.0,5.64025]},"AKo":{"weight":1.0,"played":[0.0,1.0],"evs":[0.0,2.0218]},"A2s":{"weight":1.0,"played":[1.0,0.0],"evs":[0.0,-0.94938]},"A3s":{"weight":1.0,"played":[1.0,0.0],"evs":[0.0,-0.83873]},"A4s":{"weight":1.0,"played":[1.0,0.0],"evs":[0.0,-0.68808]},"A5s":{"weight":1.0,"played":[1.0,0.0],"evs":[0.0,-0.5588]},"A6s":{"weight":1.0,"played":[1.0,0.0],"evs":[0.0,-0.81425]},"A7s":{"weight":1.0,"played":[1.0,0.0],"evs":[0.0,-0.73498]},"A8s":{"weight":1.0,"played":[0.9999,1.0E-4],"evs":[0.0,-0.57993]},"A9s":{"weight":1.0,"played":[0.9997,3.0E-4],"evs":[0.0,-0.192]},"ATs":{"weight":1.0,"played":[0.0,1.0],"evs":[0.0,0.41018]},"AJs":{"weight":1.0,"played":[0.0,1.0],"evs":[0.0,1.07895]},"AQs":{"weight":1.0,"played":[0.0,1.0],"evs":[0.0,1.81133]},"AKs":{"weight":1.0,"played":[0.0,1.0],"evs":[0.0,2.58299]},"AA":{"weight":1.0,"played":[0.0,1.0],"evs":[0.0,8.19496]}}}