{"player":2,"street":0,"children":2,"sequence":[{"player":0,"type":"F","amount":0,"street":0},{"player":1,"type":"F","amount":0,"street":0},{"player":2,"type":"R","amount":10000000,"street":0},{"player":3,"type":"R","amount":13250000,"street":0},{"player":4,"type":"R","amount":54750000,"street":0},{"player":5,"type":"F","amount":0,"street":0}],"actions":[{"type":"F","amount":0},{"type":"C","amount":44750000}],"hands":{"22":{"weight":0.0,"played":[0.01,0.99],"evs":[0.0,0.07541]},"32o":{"weight":0.0,"played":[1.0,0.0],"evs":[0.0,-2.38832]},"42o":{"weight":0.0,"played":[1.0,0.0],"evs":[0.0,-2.20366]},"52o":{"weight":0.0,"played":[1.0,0.0],"evs":[0.0,-2.01432]},"62o":{"weight":0.0,"played":[1.0,0.0],"evs":[0.0,-2.1918]},"72o":{"weight":0.0,"played":[1.0,0.0],"evs":[0.0,-2.40292]},"82o":{"weight":0.0,"played":[1.0,0.0],"evs":[0.0,-2.24464]},"92o":{"weight":0.0,"played":[1.0,0.0],"evs":[0.0,-2.25153]},"T2o":{"weight":0.0,"played":[1.0,0.0],"evs":[0.0,-2.16828]},"J2o":{"weight":0.0,"played":[1.0,0.0],"evs":[0.0,-1.97076]},"Q2o":{"weight":0.0,"played":[1.0,0.0],"evs":[0.0,-1.96972]},"K2o":{"weight":1.0,"played":[1.0,0.0],"evs":[0.0,-1.79349]},"A2o":{"weight":0.0,"played":[1.0,0.0],"evs":[0.0,-1.30959]},"32s":{"weight":0.0,"played":[1.0,0.0],"evs":[0.0,-1.6055]},"33":{"weight":0.0,"played":[2.0E-4,0.9998],"evs":[0.0,0.32068]},"43o":{"weight":0.0,"played":[1.0,0.0],"evs":[0.0,-1.87148]},"53o":{"weight":0.0,"played":[1.0,0.0],"evs":[0.0,-1.6911]},"63o":{"weight":0.0,"played":[1.0,0.0],"evs":[0.0,-1.86598]},"73o":{"weight":0.0,"played":[1.0,0.0],"evs":[0.0,-2.05775]},"83o":{"weight":0.0,"played":[1.0,0.0],"evs":[0.0,-2.25422]},"93o":{"weight":0.0,"played":[1.0,0.0],"evs":[0.0,-2.15747]},"T3o":{"weight":0.0,"played":[1.0,0.0],"evs":[0.0,-2.00551]},"J3o":{"weight":0.0,"played":[1.0,0.0],"evs":[0.0,-1.92724]},"Q3o":{"weight":0.0,"played":[1.0,0.0],"evs":[0.0,-1.86832]},"K3o":{"weight":1.0,"played":[1.0,0.0],"evs":[0.0,-1.71316]},"A3o":{"weight":0.0,"played":[1.0,0.0],"evs":[0.0,-1.18214]},"42s":{"weight":0.0,"played":[1.0,0.0],"evs":[0.0,-1.38657]},"43s":{"weight":0.0036,"played":[1.0,0.0],"evs":[0.0,-1.03559]},"44":{"weight":0.0,"played":[0.0,1.0],"evs":[0.0,0.75137]},"54o":{"weight":0.0,"played":[1.0,0.0],"evs":[0.0,-1.30469]},"64o":{"weight":0.0,"played":[1.0,0.0],"evs":[0.0,-1.47525]},"74o":{"weight":0.0,"played":[1.0,0.0],"evs":[0.0,-1.69621]},"84o":{"weight":0.0,"played":[1.0,0.0],"evs":[0.0,-1.82725]},"94o":{"weight":0.0,"played":[1.0,0.0],"evs":[0.0,-2.07271]},"T4o":{"weight":0.0,"played":[1.0,0.0],"evs":[0.0,-1.89826]},"J4o":{"weight":0.0,"played":[1.0,0.0],"evs":[0.0,-1.76073]},"Q4o":{"weight":0.9983,"played":[1.0,0.0],"evs":[0.0,-1.67206]},"K4o":{"weight":1.0,"played":[1.0,0.0],"evs":[0.0,-1.54766]},"A4o":{"weight":0.0,"played":[1.0,0.0],"evs":[0.0,-1.06352]},"52s":{"weight":0.0178,"played":[1.0,0.0],"evs":[0.0,-1.21333]},"53s":{"weight":1.0E-4,"played":[1.0,0.0],"evs":[0.0,-0.86087]},"54s":{"weight":0.0,"played":[1.0,0.0],"evs":[0.0,-0.47871]},"55":{"weight":0.0,"played":[0.0,1.0],"evs":[0.0,1.3363]},"65o":{"weight":0.0,"played":[1.0,0.0],"evs":[0.0,-1.05684]},"75o":{"weight":0.0,"played":[1.0,0.0],"evs":[0.0,-1.29209]},"85o":{"weight":0.0,"played":[1.0,0.0],"evs":[0.0,-1.42753]},"95o":{"weight":0.0,"played":[1.0,0.0],"evs":[0.0,-1.67706]},"T5o":{"weight":0.0,"played":[1.0,0.0],"evs":[0.0,-1.80044]},"J5o":{"weight":0.0,"played":[1.0,0.0],"evs":[0.0,-1.62835]},"Q5o":{"weight":1.0,"played":[1.0,0.0],"evs":[0.0,-1.52304]},"K5o":{"weight":1.0,"played":[1.0,0.0],"evs":[0.0,-1.39709]},"A5o":{"weight":0.0,"played":[1.0,0.0],"evs":[0.0,-0.85403]},"62s":{"weight":0.0,"played":[1.0,0.0],"evs":[0.0,-1.30641]},"63s":{"weight":0.9225,"played":[1.0,0.0],"evs":[0.0,-1.01378]},"64s":{"weight":0.0,"played":[1.0,0.0],"evs":[0.0,-0.69652]},"65s":{"weight":0.0,"played":[0.9997,3.0E-4],"evs":[0.0,-0.29633]},"66":{"weight":0.9878,"played":[0.0,1.0],"evs":[0.0,1.92081]},"76o":{"weight":0.8734,"played":[1.0,0.0],"evs":[0.0,-0.88698]},"86o":{"weight":0.2402,"played":[1.0,0.0],"evs":[0.0,-1.04772]},"96o":{"weight":0.0,"played":[1.0,0.0],"evs":[0.0,-1.25929]},"T6o":{"weight":0.0,"played":[1.0,0.0],"evs":[0.0,-1.42405]},"J6o":{"weight":0.0,"played":[1.0,0.0],"evs":[0.0,-1.49648]},"Q6o":{"weight":1.0,"played":[1.0,0.0],"evs":[0.0,-1.3601]},"K6o":{"weight":0.7865,"played":[1.0,0.0],"evs":[0.0,-1.22403]},"A6o":{"weight":0.0,"played":[1.0,0.0],"evs":[0.0,-1.00503]},"72s":{"weight":0.0,"played":[1.0,0.0],"evs":[0.0,-1.5759]},"73s":{"weight":1.0E-4,"played":[1.0,0.0],"evs":[0.0,-1.2269]},"74s":{"weight":1.0E-4,"played":[1.0,0.0],"evs":[0.0,-0.8486]},"75s":{"weight":0.0,"played":[0.9999,1.0E-4],"evs":[0.0,-0.50798]},"76s":{"weight":0.0,"played":[0.9998,2.0E-4],"evs":[0.0,-0.10773]},"77":{"weight":1.0,"played":[0.0,1.0],"evs":[0.0,2.34976]},"87o":{"weight":3.0E-4,"played":[1.0,0.0],"evs":[0.0,-0.76551]},"97o":{"weight":0.9999,"played":[1.0,0.0],"evs":[0.0,-0.98344]},"T7o":{"weight":1.0,"played":[1.0,0.0],"evs":[0.0,-1.09072]},"J7o":{"weight":1.0,"played":[1.0,0.0],"evs":[0.0,-1.20219]},"Q7o":{"weight":1.0,"played":[1.0,0.0],"evs":[0.0,-1.3634]},"K7o":{"weight":0.8259,"played":[1.0,0.0],"evs":[0.0,-1.1621]},"A7o":{"weight":0.0,"played":[1.0,0.0],"evs":[0.0,-0.82981]},"82s":{"weight":0.0,"played":[1.0,0.0],"evs":[0.0,-1.44797]},"83s":{"weight":0.0,"played":[1.0,0.0],"evs":[0.0,-1.3524]},"84s":{"weight":0.9986,"played":[1.0,0.0],"evs":[0.0,-1.03378]},"85s":{"weight":0.0,"played":[1.0,0.0],"evs":[0.0,-0.61366]},"86s":{"weight":0.0,"played":[0.9998,2.0E-4],"evs":[0.0,-0.28755]},"87s":{"weight":0.0,"played":[0.4111,0.5889],"evs":[0.0,0.02649]},"88":{"weight":1.0,"played":[0.0,1.0],"evs":[0.0,2.89695]},"98o":{"weight":1.0E-4,"played":[1.0,0.0],"evs":[0.0,-0.72795]},"T8o":{"weight":0.674,"played":[1.0,0.0],"evs":[0.0,-0.78216]},"J8o":{"weight":1.0,"played":[1.0,0.0],"evs":[0.0,-0.92297]},"Q8o":{"weight":1.0,"played":[1.0,0.0],"evs":[0.0,-1.09034]},"K8o":{"weight":0.3325,"played":[1.0,0.0],"evs":[0.0,-1.14764]},"A8o":{"weight":0.0,"played":[1.0,0.0],"evs":[0.0,-0.64859]},"92s":{"weight":0.0,"played":[1.0,0.0],"evs":[0.0,-1.43708]},"93s":{"weight":0.9997,"played":[1.0,0.0],"evs":[0.0,-1.29303]},"94s":{"weight":1.0,"played":[1.0,0.0],"evs":[0.0,-1.21549]},"95s":{"weight":1.0E-4,"played":[1.0,0.0],"evs":[0.0,-0.81063]},"96s":{"weight":0.0,"played":[1.0,0.0],"evs":[0.0,-0.49281]},"97s":{"weight":0.0,"played":[0.9977,0.0023],"evs":[0.0,-0.18508]},"98s":{"weight":0.0,"played":[0.7676,0.2324],"evs":[0.0,0.01646]},"99":{"weight":1.0,"played":[0.0,1.0],"evs":[0.0,3.60042]},"T9o":{"weight":0.0,"played":[1.0,0.0],"evs":[0.0,-0.55587]},"J9o":{"weight":1.0E-4,"played":[1.0,0.0],"evs":[0.0,-0.73638]},"Q9o":{"weight":0.0,"played":[1.0,0.0],"evs":[0.0,-0.85553]},"K9o":{"weight":0.0,"played":[1.0,0.0],"evs":[0.0,-0.93916]},"A9o":{"weight":0.0,"played":[0.9999,1.0E-4],"evs":[0.0,-0.20671]},"T2s":{"weight":1.0,"played":[1.0,0.0],"evs":[0.0,-1.26439]},"T3s":{"weight":1.0,"played":[1.0,0.0],"evs":[0.0,-1.19883]},"T4s":{"weight":0.9999,"played":[1.0,0.0],"evs":[0.0,-1.01443]},"T5s":{"weight":1.0,"played":[1.0,0.0],"evs":[0.0,-0.95456]},"T6s":{"weight":0.0,"played":[1.0,0.0],"evs":[0.0,-0.63459]},"T7s":{"weight":0.0,"played":[1.0,0.0],"evs":[0.0,-0.31625]},"T8s":{"weight":0.0,"played":[0.4314,0.5686],"evs":[0.0,0.02713]},"T9s":{"weight":0.0,"played":[0.0,1.0],"evs":[0.0,0.17976]},"TT":{"weight":1.0,"played":[0.0,1.0],"evs":[0.0,4.5452]},"JTo":{"weight":0.0,"played":[1.0,0.0],"evs":[0.0,-0.26466]},"QTo":{"weight":0.0,"played":[1.0,0.0],"evs":[0.0,-0.39427]},"KTo":{"weight":0.0,"played":[1.0,0.0],"evs":[0.0,-0.49328]},"ATo":{"weight":0.9846,"played":[0.0,1.0],"evs":[0.0,0.85239]},"J2s":{"weight":1.0,"played":[1.0,0.0],"evs":[0.0,-1.15109]},"J3s":{"weight":0.9846,"played":[1.0,0.0],"evs":[0.0,-1.08588]},"J4s":{"weight":0.0271,"played":[1.0,0.0],"evs":[0.0,-0.88186]},"J5s":{"weight":8.0E-4,"played":[1.0,0.0],"evs":[0.0,-0.80366]},"J6s":{"weight":1.0E-4,"played":[1.0,0.0],"evs":[0.0,-0.68242]},"J7s":{"weight":0.0,"played":[1.0,0.0],"evs":[0.0,-0.35037]},"J8s":{"weight":0.0,"played":[0.9857,0.0143],"evs":[0.0,-0.12815]},"J9s":{"weight":0.0,"played":[0.3896,0.6104],"evs":[0.0,0.02437]},"JTs":{"weight":0.0,"played":[0.0,1.0],"evs":[0.0,0.47786]},"JJ":{"weight":1.0,"played":[0.0,1.0],"evs":[0.0,5.47553]},"QJo":{"weight":0.0,"played":[0.9998,2.0E-4],"evs":[0.0,-0.23098]},"KJo":{"weight":1.0E-4,"played":[0.9999,1.0E-4],"evs":[0.0,-0.19853]},"AJo":{"weight":1.0,"played":[0.0,1.0],"evs":[0.0,1.7806]},"Q2s":{"weight":4.0E-4,"played":[1.0,0.0],"evs":[0.0,-1.08872]},"Q3s":{"weight":0.0,"played":[1.0,0.0],"evs":[0.0,-0.96522]},"Q4s":{"weight":0.0,"played":[1.0,0.0],"evs":[0.0,-0.88691]},"Q5s":{"weight":0.0,"played":[1.0,0.0],"evs":[0.0,-0.64967]},"Q6s":{"weight":0.0,"played":[1.0,0.0],"evs":[0.0,-0.57681]},"Q7s":{"weight":0.0,"played":[1.0,0.0],"evs":[0.0,-0.53646]},"Q8s":{"weight":0.0,"played":[0.9997,3.0E-4],"evs":[0.0,-0.30095]},"Q9s":{"weight":0.0,"played":[0.9949,0.0051],"evs":[0.0,-0.0452]},"QTs":{"weight":0.0,"played":[0.0,1.0],"evs":[0.0,0.32957]},"QJs":{"weight":0.0,"played":[0.0,1.0],"evs":[0.0,0.50439]},"QQ":{"weight":1.0,"played":[0.0,1.0],"evs":[0.0,6.66996]},"KQo":{"weight":0.0,"played":[0.0,1.0],"evs":[0.0,0.33086]},"AQo":{"weight":1.0,"played":[0.0,1.0],"evs":[0.0,2.82124]},"K2s":{"weight":0.0,"played":[1.0,0.0],"evs":[0.0,-0.9304]},"K3s":{"weight":0.0,"played":[1.0,0.0],"evs":[0.0,-0.8675]},"K4s":{"weight":0.0,"played":[1.0,0.0],"evs":[0.0,-0.70434]},"K5s":{"weight":0.0,"played":[1.0,0.0],"evs":[0.0,-0.54968]},"K6s":{"weight":0.0,"played":[1.0,0.0],"evs":[0.0,-0.38263]},"K7s":{"weight":0.0,"played":[0.9994,6.0E-4],"evs":[0.0,-0.30307]},"K8s":{"weight":0.0,"played":[0.9999,1.0E-4],"evs":[0.0,-0.35469]},"K9s":{"weight":0.0,"played":[0.9951,0.0049],"evs":[0.0,-0.13439]},"KTs":{"weight":1.0E-4,"played":[0.0,1.0],"evs":[0.0,0.35988]},"KJs":{"weight":0.9966,"played":[0.0,1.0],"evs":[0.0,0.58253]},"KQs":{"weight":0.9079,"played":[0.0,1.0],"evs":[0.0,1.08327]},"KK":{"weight":1.0,"played":[0.0,1.0],"evs":[0.0,8.00712]},"AKo":{"weight":1.0,"played":[0.0,1.0],"evs":[0.0,3.85495]},"A2s":{"weight":0.0,"played":[0.9994,6.0E-4],"evs":[0.0,-0.38868]},"A3s":{"weight":0.0,"played":[1.0,0.0],"evs":[0.0,-0.33609]},"A4s":{"weight":0.0,"played":[0.9994,6.0E-4],"evs":[0.0,-0.21873]},"A5s":{"weight":0.0,"played":[0.978,0.022],"evs":[0.0,-0.00817]},"A6s":{"weight":0.0,"played":[0.9736,0.0264],"evs":[0.0,-0.18822]},"A7s":{"weight":0.0,"played":[0.7838,0.2162],"evs":[0.0,-0.02193]},"A8s":{"weight":0.001,"played":[2.0E-4,0.9998],"evs":[0.0,0.22283]},"A9s":{"weight":0.5962,"played":[0.0,1.0],"evs":[0.0,0.59377]},"ATs":{"weight":1.0,"played":[0.0,1.0],"evs":[0.0,1.57763]},"AJs":{"weight":1.0,"played":[0.0,1.0],"evs":[0.0,2.40138]},"AQs":{"weight":1.0,"played":[0.0,1.0],"evs":[0.0,3.47049]},"AKs":{"weight":1.0,"played":[0.0,1.0],"evs":[0.0,4.39201]},"AA":{"weight":1.0,"played":[0.0,1.0],"evs":[0.0,10.51153]}}}