{"player":3,"street":0,"children":2,"sequence":[{"player":0,"type":"F","amount":0,"street":0},{"player":1,"type":"F","amount":0,"street":0},{"player":2,"type":"F","amount":0,"street":0}],"actions":[{"type":"F","amount":0,"node":4},{"type":"R","amount":13250000,"node":6}],"hands":{"22":{"weight":1.0,"played":[1.0,0.0],"evs":[0.0,-0.51212]},"32o":{"weight":1.0,"played":[1.0,0.0],"evs":[0.0,-2.04538]},"42o":{"weight":1.0,"played":[1.0,0.0],"evs":[0.0,-1.96163]},"52o":{"weight":1.0,"played":[1.0,0.0],"evs":[0.0,-1.88925]},"62o":{"weight":1.0,"played":[1.0,0.0],"evs":[0.0,-1.96397]},"72o":{"weight":1.0,"played":[1.0,0.0],"evs":[0.0,-1.93255]},"82o":{"weight":1.0,"played":[1.0,0.0],"evs":[0.0,-1.7941]},"92o":{"weight":1.0,"played":[1.0,0.0],"evs":[0.0,-1.64019]},"T2o":{"weight":1.0,"played":[1.0,0.0],"evs":[0.0,-1.44401]},"J2o":{"weight":1.0,"played":[1.0,0.0],"evs":[0.0,-1.2453]},"Q2o":{"weight":1.0,"played":[1.0,0.0],"evs":[0.0,-0.95833]},"K2o":{"weight":1.0,"played":[1.0,0.0],"evs":[0.0,-0.57725]},"A2o":{"weight":1.0,"played":[0.0,1.0],"evs":[0.0,0.04661]},"32s":{"weight":1.0,"played":[1.0,0.0],"evs":[0.0,-1.63157]},"33":{"weight":1.0,"played":[1.0,0.0],"evs":[0.0,-0.27879]},"43o":{"weight":1.0,"played":[1.0,0.0],"evs":[0.0,-1.79231]},"53o":{"weight":1.0,"played":[1.0,0.0],"evs":[0.0,-1.71254]},"63o":{"weight":1.0,"played":[1.0,0.0],"evs":[0.0,-1.78106]},"73o":{"weight":1.0,"played":[1.0,0.0],"evs":[0.0,-1.75528]},"83o":{"weight":1.0,"played":[1.0,0.0],"evs":[0.0,-1.74818]},"93o":{"weight":1.0,"played":[1.0,0.0],"evs":[0.0,-1.56877]},"T3o":{"weight":1.0,"played":[1.0,0.0],"evs":[0.0,-1.37486]},"J3o":{"weight":1.0,"played":[1.0,0.0],"evs":[0.0,-1.1743]},"Q3o":{"weight":1.0,"played":[1.0,0.0],"evs":[0.0,-0.88563]},"K3o":{"weight":1.0,"played":[1.0,0.0],"evs":[0.0,-0.50008]},"A3o":{"weight":1.0,"played":[0.0,1.0],"evs":[0.0,0.12773]},"42s":{"weight":1.0,"played":[1.0,0.0],"evs":[0.0,-1.55127]},"43s":{"weight":1.0,"played":[1.0,0.0],"evs":[0.0,-1.38854]},"44":{"weight":1.0,"played":[0.9998,2.0E-4],"evs":[0.0,-0.02405]},"54o":{"weight":1.0,"played":[1.0,0.0],"evs":[0.0,-1.5317]},"64o":{"weight":1.0,"played":[1.0,0.0],"evs":[0.0,-1.59805]},"74o":{"weight":1.0,"played":[1.0,0.0],"evs":[0.0,-1.56905]},"84o":{"weight":1.0,"played":[1.0,0.0],"evs":[0.0,-1.55567]},"94o":{"weight":1.0,"played":[1.0,0.0],"evs":[0.0,-1.50932]},"T4o":{"weight":1.0,"played":[1.0,0.0],"evs":[0.0,-1.29353]},"J4o":{"weight":1.0,"played":[1.0,0.0],"evs":[0.0,-1.09007]},"Q4o":{"weight":1.0,"played":[1.0,0.0],"evs":[0.0,-0.79984]},"K4o":{"weight":1.0,"played":[1.0,0.0],"evs":[0.0,-0.41444]},"A4o":{"weight":1.0,"played":[0.0,1.0],"evs":[0.0,0.21638]},"52s":{"weight":1.0,"played":[1.0,0.0],"evs":[0.0,-1.48299]},"53s":{"weight":1.0,"played":[1.0,0.0],"evs":[0.0,-1.31859]},"54s":{"weight":1.0,"played":[1.0,0.0],"evs":[0.0,-1.15378]},"55":{"weight":1.0,"played":[0.0,1.0],"evs":[0.0,0.23228]},"65o":{"weight":1.0,"played":[1.0,0.0],"evs":[0.0,-1.42002]},"75o":{"weight":1.0,"played":[1.0,0.0],"evs":[0.0,-1.3808]},"85o":{"weight":1.0,"played":[1.0,0.0],"evs":[0.0,-1.3657]},"95o":{"weight":1.0,"played":[1.0,0.0],"evs":[0.0,-1.31816]},"T5o":{"weight":1.0,"played":[1.0,0.0],"evs":[0.0,-1.22895]},"J5o":{"weight":1.0,"played":[1.0,0.0],"evs":[0.0,-1.00571]},"Q5o":{"weight":1.0,"played":[1.0,0.0],"evs":[0.0,-0.70689]},"K5o":{"weight":1.0,"played":[1.0,0.0],"evs":[0.0,-0.31355]},"A5o":{"weight":1.0,"played":[0.0,1.0],"evs":[0.0,0.3176]},"62s":{"weight":1.0,"played":[1.0,0.0],"evs":[0.0,-1.55729]},"63s":{"weight":1.0,"played":[1.0,0.0],"evs":[0.0,-1.38355]},"64s":{"weight":1.0,"played":[1.0,0.0],"evs":[0.0,-1.20772]},"65s":{"weight":1.0,"played":[1.0,0.0],"evs":[0.0,-1.04222]},"66":{"weight":1.0,"played":[0.0,1.0],"evs":[0.0,0.51584]},"76o":{"weight":1.0,"played":[1.0,0.0],"evs":[0.0,-1.21166]},"86o":{"weight":1.0,"played":[1.0,0.0],"evs":[0.0,-1.1846]},"96o":{"weight":1.0,"played":[1.0,0.0],"evs":[0.0,-1.12639]},"T6o":{"weight":1.0,"played":[1.0,0.0],"evs":[0.0,-1.03207]},"J6o":{"weight":1.0,"played":[1.0,0.0],"evs":[0.0,-0.93572]},"Q6o":{"weight":1.0,"played":[1.0,0.0],"evs":[0.0,-0.60002]},"K6o":{"weight":1.0,"played":[1.0,0.0],"evs":[0.0,-0.19538]},"A6o":{"weight":1.0,"played":[0.0,1.0],"evs":[0.0,0.35382]},"72s":{"weight":1.0,"played":[1.0,0.0],"evs":[0.0,-1.52098]},"73s":{"weight":1.0,"played":[1.0,0.0],"evs":[0.0,-1.3601]},"74s":{"weight":1.0,"played":[1.0,0.0],"evs":[0.0,-1.18266]},"75s":{"weight":1.0,"played":[1.0,0.0],"evs":[0.0,-1.01003]},"76s":{"weight":1.0,"played":[1.0,0.0],"evs":[0.0,-0.85697]},"77":{"weight":1.0,"played":[0.0,1.0],"evs":[0.0,0.87063]},"87o":{"weight":1.0,"played":[1.0,0.0],"evs":[0.0,-0.98559]},"97o":{"weight":1.0,"played":[1.0,0.0],"evs":[0.0,-0.91714]},"T7o":{"weight":1.0,"played":[1.0,0.0],"evs":[0.0,-0.82141]},"J7o":{"weight":1.0,"played":[1.0,0.0],"evs":[0.0,-0.71853]},"Q7o":{"weight":1.0,"played":[1.0,0.0],"evs":[0.0,-0.49388]},"K7o":{"weight":1.0,"played":[1.0,0.0],"evs":[0.0,-0.04933]},"A7o":{"weight":1.0,"played":[0.0,1.0],"evs":[0.0,0.52318]},"82s":{"weight":1.0,"played":[1.0,0.0],"evs":[0.0,-1.39525]},"83s":{"weight":1.0,"played":[1.0,0.0],"evs":[0.0,-1.348]},"84s":{"weight":1.0,"played":[1.0,0.0],"evs":[0.0,-1.17458]},"85s":{"weight":1.0,"played":[1.0,0.0],"evs":[0.0,-0.99081]},"86s":{"weight":1.0,"played":[1.0,0.0],"evs":[0.0,-0.82573]},"87s":{"weight":1.0,"played":[1.0,0.0],"evs":[0.0,-0.64726]},"88":{"weight":1.0,"played":[0.0,1.0],"evs":[0.0,1.20375]},"98o":{"weight":1.0,"played":[1.0,0.0],"evs":[0.0,-0.73506]},"T8o":{"weight":1.0,"played":[1.0,0.0],"evs":[0.0,-0.61584]},"J8o":{"weight":1.0,"played":[1.0,0.0],"evs":[0.0,-0.51245]},"Q8o":{"weight":1.0,"played":[1.0,0.0],"evs":[0.0,-0.27428]},"K8o":{"weight":1.0,"played":[0.0,1.0],"evs":[0.0,0.05619]},"A8o":{"weight":1.0,"played":[0.0,1.0],"evs":[0.0,0.6629]},"92s":{"weight":1.0,"played":[1.0,0.0],"evs":[0.0,-1.24396]},"93s":{"weight":1.0,"played":[1.0,0.0],"evs":[0.0,-1.17351]},"94s":{"weight":1.0,"played":[1.0,0.0],"evs":[0.0,-1.12365]},"95s":{"weight":1.0,"played":[1.0,0.0],"evs":[0.0,-0.94619]},"96s":{"weight":1.0,"played":[1.0,0.0],"evs":[0.0,-0.77206]},"97s":{"weight":1.0,"played":[1.0,0.0],"evs":[0.0,-0.57902]},"98s":{"weight":1.0,"played":[1.0,0.0],"evs":[0.0,-0.40503]},"99":{"weight":1.0,"played":[0.0,1.0],"evs":[0.0,1.55106]},"T9o":{"weight":1.0,"played":[1.0,0.0],"evs":[0.0,-0.38479]},"J9o":{"weight":1.0,"played":[1.0,0.0],"evs":[0.0,-0.28449]},"Q9o":{"weight":1.0,"played":[1.0,0.0],"evs":[0.0,-0.04293]},"K9o":{"weight":1.0,"played":[0.0,1.0],"evs":[0.0,0.30308]},"A9o":{"weight":1.0,"played":[0.0,1.0],"evs":[0.0,0.80917]},"T2s":{"weight":1.0,"played":[1.0,0.0],"evs":[0.0,-1.05385]},"T3s":{"weight":1.0,"played":[1.0,0.0],"evs":[0.0,-0.98499]},"T4s":{"weight":1.0,"played":[1.0,0.0],"evs":[0.0,-0.92223]},"T5s":{"weight":1.0,"played":[1.0,0.0],"evs":[0.0,-0.86656]},"T6s":{"weight":1.0,"played":[1.0,0.0],"evs":[0.0,-0.6767]},"T7s":{"weight":1.0,"played":[1.0,0.0],"evs":[0.0,-0.47776]},"T8s":{"weight":1.0,"played":[1.0,0.0],"evs":[0.0,-0.29582]},"T9s":{"weight":1.0,"played":[1.0,0.0],"evs":[0.0,-0.08396]},"TT":{"weight":1.0,"played":[0.0,1.0],"evs":[0.0,1.94702]},"JTo":{"weight":1.0,"played":[8.0E-4,0.9992],"evs":[0.0,0.01076]},"QTo":{"weight":1.0,"played":[0.0,1.0],"evs":[0.0,0.254]},"KTo":{"weight":1.0,"played":[0.0,1.0],"evs":[0.0,0.592]},"ATo":{"weight":1.0,"played":[0.0,1.0],"evs":[0.0,1.10656]},"J2s":{"weight":1.0,"played":[1.0,0.0],"evs":[0.0,-0.8668]},"J3s":{"weight":1.0,"played":[1.0,0.0],"evs":[0.0,-0.80852]},"J4s":{"weight":1.0,"played":[1.0,0.0],"evs":[0.0,-0.72715]},"J5s":{"weight":1.0,"played":[1.0,0.0],"evs":[0.0,-0.64851]},"J6s":{"weight":1.0,"played":[1.0,0.0],"evs":[0.0,-0.58837]},"J7s":{"weight":1.0,"played":[1.0,0.0],"evs":[0.0,-0.38799]},"J8s":{"weight":1.0,"played":[1.0,0.0],"evs":[0.0,-0.1972]},"J9s":{"weight":1.0,"played":[2.0E-4,0.9998],"evs":[0.0,0.01787]},"JTs":{"weight":1.0,"played":[0.0,1.0],"evs":[0.0,0.29976]},"JJ":{"weight":1.0,"played":[0.0,1.0],"evs":[0.0,2.27065]},"QJo":{"weight":1.0,"played":[0.0,1.0],"evs":[0.0,0.37239]},"KJo":{"weight":1.0,"played":[0.0,1.0],"evs":[0.0,0.72626]},"AJo":{"weight":1.0,"played":[0.0,1.0],"evs":[0.0,1.24742]},"Q2s":{"weight":1.0,"played":[1.0,0.0],"evs":[0.0,-0.59515]},"Q3s":{"weight":1.0,"played":[1.0,0.0],"evs":[0.0,-0.52013]},"Q4s":{"weight":1.0,"played":[1.0,0.0],"evs":[0.0,-0.45177]},"Q5s":{"weight":1.0,"played":[1.0,0.0],"evs":[0.0,-0.36852]},"Q6s":{"weight":1.0,"played":[1.0,0.0],"evs":[0.0,-0.26947]},"Q7s":{"weight":1.0,"played":[1.0,0.0],"evs":[0.0,-0.16719]},"Q8s":{"weight":1.0,"played":[0.0,1.0],"evs":[0.0,0.03112]},"Q9s":{"weight":1.0,"played":[0.0,1.0],"evs":[0.0,0.25193]},"QTs":{"weight":1.0,"played":[0.0,1.0],"evs":[0.0,0.52889]},"QJs":{"weight":1.0,"played":[0.0,1.0],"evs":[0.0,0.64812]},"QQ":{"weight":1.0,"played":[0.0,1.0],"evs":[0.0,2.70105]},"KQo":{"weight":1.0,"played":[0.0,1.0],"evs":[0.0,0.91474]},"AQo":{"weight":1.0,"played":[0.0,1.0],"evs":[0.0,1.46002]},"K2s":{"weight":1.0,"played":[1.0,0.0],"evs":[0.0,-0.23735]},"K3s":{"weight":1.0,"played":[1.0,0.0],"evs":[0.0,-0.16679]},"K4s":{"weight":1.0,"played":[1.0,0.0],"evs":[0.0,-0.08021]},"K5s":{"weight":1.0,"played":[0.0,1.0],"evs":[0.0,0.01183]},"K6s":{"weight":1.0,"played":[0.0,1.0],"evs":[0.0,0.1204]},"K7s":{"weight":1.0,"played":[0.0,1.0],"evs":[0.0,0.25448]},"K8s":{"weight":1.0,"played":[0.0,1.0],"evs":[0.0,0.35562]},"K9s":{"weight":1.0,"played":[0.0,1.0],"evs":[0.0,0.57899]},"KTs":{"weight":1.0,"played":[0.0,1.0],"evs":[0.0,0.85458]},"KJs":{"weight":1.0,"played":[0.0,1.0],"evs":[0.0,0.97582]},"KQs":{"weight":1.0,"played":[0.0,1.0],"evs":[0.0,1.15529]},"KK":{"weight":1.0,"played":[0.0,1.0],"evs":[0.0,3.18478]},"AKo":{"weight":1.0,"played":[0.0,1.0],"evs":[0.0,1.68194]},"A2s":{"weight":1.0,"played":[0.0,1.0],"evs":[0.0,0.35859]},"A3s":{"weight":1.0,"played":[0.0,1.0],"evs":[0.0,0.4393]},"A4s":{"weight":1.0,"played":[0.0,1.0],"evs":[0.0,0.51458]},"A5s":{"weight":1.0,"played":[0.0,1.0],"evs":[0.0,0.60243]},"A6s":{"weight":1.0,"played":[0.0,1.0],"evs":[0.0,0.6388]},"A7s":{"weight":1.0,"played":[0.0,1.0],"evs":[0.0,0.79603]},"A8s":{"weight":1.0,"played":[0.0,1.0],"evs":[0.0,0.92828]},"A9s":{"weight":1.0,"played":[0.0,1.0],"evs":[0.0,1.06367]},"ATs":{"weight":1.0,"played":[0.0,1.0],"evs":[0.0,1.34386]},"AJs":{"weight":1.0,"played":[0.0,1.0],"evs":[0.0,1.47332]},"AQs":{"weight":1.0,"played":[0.0,1.0],"evs":[0.0,1.66916]},"AKs":{"weight":1.0,"played":[0.0,1.0],"evs":[0.0,1.88167]},"AA":{"weight":1.0,"played":[0.0,1.0],"evs":[0.0,3.80251]}}}