{"player":2,"street":0,"children":3,"sequence":[{"player":0,"type":"F","amount":0,"street":0},{"player":1,"type":"R","amount":32750000,"street":0}],"actions":[{"type":"F","amount":0,"node":39},{"type":"C","amount":32750000,"node":46},{"type":"R","amount":54750000,"node":57}],"hands":{"22":{"weight":1.0,"played":[3.0E-4,0.0846,0.9151],"evs":[0.0,0.02152,0.02179]},"32o":{"weight":1.0,"played":[1.0,0.0,0.0],"evs":[0.0,-1.88109,-1.88121]},"42o":{"weight":1.0,"played":[1.0,0.0,0.0],"evs":[0.0,-1.82518,-1.82515]},"52o":{"weight":1.0,"played":[1.0,0.0,0.0],"evs":[0.0,-1.71753,-1.71775]},"62o":{"weight":1.0,"played":[1.0,0.0,0.0],"evs":[0.0,-1.849,-1.84928]},"72o":{"weight":1.0,"played":[1.0,0.0,0.0],"evs":[0.0,-1.95365,-1.95753]},"82o":{"weight":1.0,"played":[1.0,0.0,0.0],"evs":[0.0,-1.85404,-1.8546]},"92o":{"weight":1.0,"played":[1.0,0.0,0.0],"evs":[0.0,-1.82258,-1.82511]},"T2o":{"weight":1.0,"played":[1.0,0.0,0.0],"evs":[0.0,-1.72644,-1.7265]},"J2o":{"weight":1.0,"played":[1.0,0.0,0.0],"evs":[0.0,-1.67294,-1.67301]},"Q2o":{"weight":1.0,"played":[1.0,0.0,0.0],"evs":[0.0,-1.52734,-1.52736]},"K2o":{"weight":1.0,"played":[1.0,0.0,0.0],"evs":[0.0,-1.25141,-1.25142]},"A2o":{"weight":1.0,"played":[1.0,0.0,0.0],"evs":[0.0,-0.58196,-0.58181]},"32s":{"weight":1.0,"played":[1.0,0.0,0.0],"evs":[0.0,-1.35986,-1.35993]},"33":{"weight":1.0,"played":[0.0,0.5551,0.4449],"evs":[0.0,0.26838,0.26835]},"43o":{"weight":1.0,"played":[1.0,0.0,0.0],"evs":[0.0,-1.58657,-1.58657]},"53o":{"weight":1.0,"played":[1.0,0.0,0.0],"evs":[0.0,-1.48249,-1.48255]},"63o":{"weight":1.0,"played":[1.0,0.0,0.0],"evs":[0.0,-1.60989,-1.60979]},"73o":{"weight":1.0,"played":[1.0,0.0,0.0],"evs":[0.0,-1.721,-1.72094]},"83o":{"weight":1.0,"played":[1.0,0.0,0.0],"evs":[0.0,-1.81296,-1.81298]},"93o":{"weight":1.0,"played":[1.0,0.0,0.0],"evs":[0.0,-1.74032,-1.74032]},"T3o":{"weight":1.0,"played":[1.0,0.0,0.0],"evs":[0.0,-1.64508,-1.6452]},"J3o":{"weight":1.0,"played":[1.0,0.0,0.0],"evs":[0.0,-1.59233,-1.59225]},"Q3o":{"weight":1.0,"played":[1.0,0.0,0.0],"evs":[0.0,-1.43876,-1.43882]},"K3o":{"weight":1.0,"played":[1.0,0.0,0.0],"evs":[0.0,-1.17422,-1.17425]},"A3o":{"weight":1.0,"played":[1.0,0.0,0.0],"evs":[0.0,-0.49248,-0.4925]},"42s":{"weight":1.0,"played":[1.0,0.0,0.0],"evs":[0.0,-1.31177,-1.31198]},"43s":{"weight":1.0,"played":[1.0,0.0,0.0],"evs":[0.0,-1.10106,-1.10108]},"44":{"weight":1.0,"played":[0.0,0.137,0.863],"evs":[0.0,0.51977,0.52009]},"54o":{"weight":1.0,"played":[1.0,0.0,0.0],"evs":[0.0,-1.30714,-1.30718]},"64o":{"weight":1.0,"played":[1.0,0.0,0.0],"evs":[0.0,-1.4253,-1.42556]},"74o":{"weight":1.0,"played":[1.0,0.0,0.0],"evs":[0.0,-1.53639,-1.53646]},"84o":{"weight":1.0,"played":[1.0,0.0,0.0],"evs":[0.0,-1.62941,-1.62941]},"94o":{"weight":1.0,"played":[1.0,0.0,0.0],"evs":[0.0,-1.74564,-1.74573]},"T4o":{"weight":1.0,"played":[1.0,0.0,0.0],"evs":[0.0,-1.60972,-1.60993]},"J4o":{"weight":1.0,"played":[1.0,0.0,0.0],"evs":[0.0,-1.55761,-1.55773]},"Q4o":{"weight":1.0,"played":[1.0,0.0,0.0],"evs":[0.0,-1.40445,-1.40457]},"K4o":{"weight":1.0,"played":[1.0,0.0,0.0],"evs":[0.0,-1.13893,-1.13886]},"A4o":{"weight":1.0,"played":[1.0,0.0,0.0],"evs":[0.0,-0.41226,-0.41221]},"52s":{"weight":1.0,"played":[1.0,0.0,0.0],"evs":[0.0,-1.21743,-1.21751]},"53s":{"weight":1.0,"played":[1.0,0.0,0.0],"evs":[0.0,-0.98997,-0.98992]},"54s":{"weight":1.0,"played":[1.0,0.0,0.0],"evs":[0.0,-0.833,-0.83309]},"55":{"weight":1.0,"played":[0.0,0.7175,0.2825],"evs":[0.0,0.83063,0.83047]},"65o":{"weight":1.0,"played":[1.0,0.0,0.0],"evs":[0.0,-1.18732,-1.18746]},"75o":{"weight":1.0,"played":[1.0,0.0,0.0],"evs":[0.0,-1.29158,-1.29157]},"85o":{"weight":1.0,"played":[1.0,0.0,0.0],"evs":[0.0,-1.38469,-1.38468]},"95o":{"weight":1.0,"played":[1.0,0.0,0.0],"evs":[0.0,-1.50304,-1.50309]},"T5o":{"weight":1.0,"played":[1.0,0.0,0.0],"evs":[0.0,-1.55091,-1.55101]},"J5o":{"weight":1.0,"played":[1.0,0.0,0.0],"evs":[0.0,-1.4561,-1.45625]},"Q5o":{"weight":1.0,"played":[1.0,0.0,0.0],"evs":[0.0,-1.30174,-1.30167]},"K5o":{"weight":1.0,"played":[1.0,0.0,0.0],"evs":[0.0,-1.04338,-1.04334]},"A5o":{"weight":1.0,"played":[1.0,0.0,0.0],"evs":[0.0,-0.27369,-0.27372]},"62s":{"weight":1.0,"played":[1.0,0.0,0.0],"evs":[0.0,-1.32991,-1.33009]},"63s":{"weight":1.0,"played":[1.0,0.0,0.0],"evs":[0.0,-1.11299,-1.11316]},"64s":{"weight":1.0,"played":[1.0,0.0,0.0],"evs":[0.0,-0.94079,-0.94113]},"65s":{"weight":1.0,"played":[1.0,0.0,0.0],"evs":[0.0,-0.71691,-0.71689]},"66":{"weight":1.0,"played":[0.0,0.5792,0.4208],"evs":[0.0,1.08138,1.0814]},"76o":{"weight":1.0,"played":[1.0,0.0,0.0],"evs":[0.0,-1.08405,-1.08405]},"86o":{"weight":1.0,"played":[1.0,0.0,0.0],"evs":[0.0,-1.16782,-1.16774]},"96o":{"weight":1.0,"played":[1.0,0.0,0.0],"evs":[0.0,-1.28357,-1.28355]},"T6o":{"weight":1.0,"played":[1.0,0.0,0.0],"evs":[0.0,-1.335,-1.33495]},"J6o":{"weight":1.0,"played":[1.0,0.0,0.0],"evs":[0.0,-1.41892,-1.41888]},"Q6o":{"weight":1.0,"played":[1.0,0.0,0.0],"evs":[0.0,-1.23157,-1.23161]},"K6o":{"weight":1.0,"played":[1.0,0.0,0.0],"evs":[0.0,-0.96423,-0.9643]},"A6o":{"weight":1.0,"played":[1.0,0.0,0.0],"evs":[0.0,-0.267,-0.26691]},"72s":{"weight":1.0,"played":[1.0,0.0,0.0],"evs":[0.0,-1.42402,-1.42407]},"73s":{"weight":1.0,"played":[1.0,0.0,0.0],"evs":[0.0,-1.22241,-1.22235]},"74s":{"weight":1.0,"played":[1.0,0.0,0.0],"evs":[0.0,-1.04285,-1.043]},"75s":{"weight":1.0,"played":[1.0,0.0,0.0],"evs":[0.0,-0.81444,-0.81454]},"76s":{"weight":1.0,"played":[1.0,0.0,0.0],"evs":[0.0,-0.61979,-0.61976]},"77":{"weight":1.0,"played":[0.0,0.4467,0.5533],"evs":[0.0,1.34651,1.34659]},"87o":{"weight":1.0,"played":[1.0,0.0,0.0],"evs":[0.0,-0.99456,-0.99451]},"97o":{"weight":1.0,"played":[1.0,0.0,0.0],"evs":[0.0,-1.09123,-1.09131]},"T7o":{"weight":1.0,"played":[1.0,0.0,0.0],"evs":[0.0,-1.13746,-1.13766]},"J7o":{"weight":1.0,"played":[1.0,0.0,0.0],"evs":[0.0,-1.22463,-1.22477]},"Q7o":{"weight":1.0,"played":[1.0,0.0,0.0],"evs":[0.0,-1.21221,-1.2122]},"K7o":{"weight":1.0,"played":[1.0,0.0,0.0],"evs":[0.0,-0.90608,-0.90619]},"A7o":{"weight":1.0,"played":[1.0,0.0,0.0],"evs":[0.0,-0.01443,-0.01439]},"82s":{"weight":1.0,"played":[1.0,0.0,0.0],"evs":[0.0,-1.33897,-1.33893]},"83s":{"weight":1.0,"played":[1.0,0.0,0.0],"evs":[0.0,-1.30255,-1.30246]},"84s":{"weight":1.0,"played":[1.0,0.0,0.0],"evs":[0.0,-1.12769,-1.12774]},"85s":{"weight":1.0,"played":[1.0,0.0,0.0],"evs":[0.0,-0.89762,-0.89753]},"86s":{"weight":1.0,"played":[1.0,0.0,0.0],"evs":[0.0,-0.68786,-0.688]},"87s":{"weight":1.0,"played":[1.0,0.0,0.0],"evs":[0.0,-0.52226,-0.52224]},"88":{"weight":1.0,"played":[0.0,0.2244,0.7756],"evs":[0.0,1.61096,1.61139]},"98o":{"weight":1.0,"played":[1.0,0.0,0.0],"evs":[0.0,-0.91807,-0.91812]},"T8o":{"weight":1.0,"played":[1.0,0.0,0.0],"evs":[0.0,-0.93975,-0.93976]},"J8o":{"weight":1.0,"played":[1.0,0.0,0.0],"evs":[0.0,-1.02659,-1.02663]},"Q8o":{"weight":1.0,"played":[1.0,0.0,0.0],"evs":[0.0,-1.01655,-1.01649]},"K8o":{"weight":1.0,"played":[1.0,0.0,0.0],"evs":[0.0,-0.87013,-0.8702]},"A8o":{"weight":1.0,"played":[0.0,0.7348,0.2652],"evs":[0.0,0.26575,0.26579]},"92s":{"weight":1.0,"played":[1.0,0.0,0.0],"evs":[0.0,-1.30783,-1.30781]},"93s":{"weight":1.0,"played":[1.0,0.0,0.0],"evs":[0.0,-1.22265,-1.22283]},"94s":{"weight":1.0,"played":[1.0,0.0,0.0],"evs":[0.0,-1.23124,-1.23122]},"95s":{"weight":1.0,"played":[1.0,0.0,0.0],"evs":[0.0,-1.01552,-1.01558]},"96s":{"weight":1.0,"played":[1.0,0.0,0.0],"evs":[0.0,-0.79458,-0.79469]},"97s":{"weight":1.0,"played":[1.0,0.0,0.0],"evs":[0.0,-0.62394,-0.62395]},"98s":{"weight":1.0,"played":[1.0,0.0,0.0],"evs":[0.0,-0.45734,-0.45739]},"99":{"weight":1.0,"played":[0.0,0.308,0.692],"evs":[0.0,1.99459,1.99464]},"T9o":{"weight":1.0,"played":[1.0,0.0,0.0],"evs":[0.0,-0.75636,-0.75637]},"J9o":{"weight":1.0,"played":[1.0,0.0,0.0],"evs":[0.0,-0.82299,-0.82303]},"Q9o":{"weight":1.0,"played":[1.0,0.0,0.0],"evs":[0.0,-0.79373,-0.79363]},"K9o":{"weight":1.0,"played":[1.0,0.0,0.0],"evs":[0.0,-0.62557,-0.62547]},"A9o":{"weight":1.0,"played":[0.0,0.056,0.944],"evs":[0.0,0.64894,0.64906]},"T2s":{"weight":1.0,"played":[1.0,0.0,0.0],"evs":[0.0,-1.21106,-1.2112]},"T3s":{"weight":1.0,"played":[1.0,0.0,0.0],"evs":[0.0,-1.13522,-1.13538]},"T4s":{"weight":1.0,"played":[1.0,0.0,0.0],"evs":[0.0,-1.10473,-1.10496]},"T5s":{"weight":1.0,"played":[1.0,0.0,0.0],"evs":[0.0,-1.05214,-1.05237]},"T6s":{"weight":1.0,"played":[1.0,0.0,0.0],"evs":[0.0,-0.84575,-0.84578]},"T7s":{"weight":1.0,"played":[1.0,0.0,0.0],"evs":[0.0,-0.67105,-0.67099]},"T8s":{"weight":1.0,"played":[1.0,0.0,0.0],"evs":[0.0,-0.47847,-0.47856]},"T9s":{"weight":1.0,"played":[1.0,0.0,0.0],"evs":[0.0,-0.30331,-0.30315]},"TT":{"weight":1.0,"played":[0.0,0.3518,0.6482],"evs":[0.0,2.51362,2.51361]},"JTo":{"weight":1.0,"played":[1.0,0.0,0.0],"evs":[0.0,-0.49193,-0.492]},"QTo":{"weight":1.0,"played":[1.0,0.0,0.0],"evs":[0.0,-0.4518,-0.45181]},"KTo":{"weight":1.0,"played":[1.0,0.0,0.0],"evs":[0.0,-0.2838,-0.28384]},"ATo":{"weight":1.0,"played":[0.0,0.2977,0.7023],"evs":[0.0,1.18107,1.18107]},"J2s":{"weight":1.0,"played":[1.0,0.0,0.0],"evs":[0.0,-1.16096,-1.16099]},"J3s":{"weight":1.0,"played":[1.0,0.0,0.0],"evs":[0.0,-1.08446,-1.0847]},"J4s":{"weight":1.0,"played":[1.0,0.0,0.0],"evs":[0.0,-1.04628,-1.04635]},"J5s":{"weight":1.0,"played":[1.0,0.0,0.0],"evs":[0.0,-0.957,-0.95705]},"J6s":{"weight":1.0,"played":[1.0,0.0,0.0],"evs":[0.0,-0.92089,-0.92092]},"J7s":{"weight":1.0,"played":[1.0,0.0,0.0],"evs":[0.0,-0.75189,-0.7518]},"J8s":{"weight":1.0,"played":[1.0,0.0,0.0],"evs":[0.0,-0.55742,-0.55739]},"J9s":{"weight":1.0,"played":[1.0,0.0,0.0],"evs":[0.0,-0.36607,-0.3663]},"JTs":{"weight":1.0,"played":[0.9999,0.0,0.0],"evs":[0.0,-0.04403,-0.04422]},"JJ":{"weight":1.0,"played":[0.0,0.1888,0.8112],"evs":[0.0,3.03561,3.03558]},"QJo":{"weight":1.0,"played":[1.0,0.0,0.0],"evs":[0.0,-0.29221,-0.29243]},"KJo":{"weight":1.0,"played":[1.0,0.0,0.0],"evs":[0.0,-0.05535,-0.05537]},"AJo":{"weight":1.0,"played":[0.0,0.2828,0.7172],"evs":[0.0,1.64813,1.64826]},"Q2s":{"weight":1.0,"played":[1.0,0.0,0.0],"evs":[0.0,-1.00466,-1.00489]},"Q3s":{"weight":1.0,"played":[1.0,0.0,0.0],"evs":[0.0,-0.93365,-0.9335]},"Q4s":{"weight":1.0,"played":[1.0,0.0,0.0],"evs":[0.0,-0.90596,-0.90571]},"Q5s":{"weight":1.0,"played":[1.0,0.0,0.0],"evs":[0.0,-0.80766,-0.80748]},"Q6s":{"weight":1.0,"played":[1.0,0.0,0.0],"evs":[0.0,-0.73493,-0.73496]},"Q7s":{"weight":1.0,"played":[1.0,0.0,0.0],"evs":[0.0,-0.71375,-0.71372]},"Q8s":{"weight":1.0,"played":[1.0,0.0,0.0],"evs":[0.0,-0.54259,-0.54246]},"Q9s":{"weight":1.0,"played":[1.0,0.0,0.0],"evs":[0.0,-0.32145,-0.32146]},"QTs":{"weight":1.0,"played":[0.1799,0.4346,0.3856],"evs":[0.0,0.00308,0.00307]},"QJs":{"weight":1.0,"played":[0.0,0.9659,0.0341],"evs":[0.0,0.13087,0.13058]},"QQ":{"weight":1.0,"played":[0.0,0.606,0.394],"evs":[0.0,3.62518,3.62504]},"KQo":{"weight":1.0,"played":[0.0,0.3953,0.6047],"evs":[0.0,0.2618,0.26182]},"AQo":{"weight":1.0,"played":[0.0,0.2158,0.7842],"evs":[0.0,2.05722,2.05721]},"K2s":{"weight":1.0,"played":[1.0,0.0,0.0],"evs":[0.0,-0.75195,-0.75202]},"K3s":{"weight":1.0,"played":[1.0,0.0,0.0],"evs":[0.0,-0.67397,-0.67424]},"K4s":{"weight":1.0,"played":[1.0,0.0,0.0],"evs":[0.0,-0.63901,-0.63916]},"K5s":{"weight":1.0,"played":[1.0,0.0,0.0],"evs":[0.0,-0.5575,-0.55749]},"K6s":{"weight":1.0,"played":[1.0,0.0,0.0],"evs":[0.0,-0.47986,-0.47986]},"K7s":{"weight":1.0,"played":[1.0,0.0,0.0],"evs":[0.0,-0.43962,-0.43967]},"K8s":{"weight":1.0,"played":[1.0,0.0,0.0],"evs":[0.0,-0.39888,-0.3986]},"K9s":{"weight":1.0,"played":[1.0,0.0,0.0],"evs":[0.0,-0.17376,-0.17386]},"KTs":{"weight":1.0,"played":[0.0,0.0131,0.9869],"evs":[0.0,0.15955,0.15959]},"KJs":{"weight":1.0,"played":[0.0,0.4127,0.5873],"evs":[0.0,0.36933,0.36933]},"KQs":{"weight":1.0,"played":[0.0,0.9422,0.0578],"evs":[0.0,0.64576,0.6455]},"KK":{"weight":1.0,"played":[0.0,0.7602,0.2398],"evs":[0.0,4.25361,4.2535]},"AKo":{"weight":1.0,"played":[0.0,0.2248,0.7752],"evs":[0.0,2.52546,2.52571]},"A2s":{"weight":1.0,"played":[1.0,0.0,0.0],"evs":[0.0,-0.10816,-0.10825]},"A3s":{"weight":1.0,"played":[1.0,0.0,0.0],"evs":[0.0,-0.02949,-0.02945]},"A4s":{"weight":1.0,"played":[5.0E-4,0.862,0.1375],"evs":[0.0,0.03809,0.03778]},"A5s":{"weight":1.0,"played":[0.0,0.3927,0.6073],"evs":[0.0,0.17258,0.17264]},"A6s":{"weight":1.0,"played":[0.0,0.0266,0.9734],"evs":[0.0,0.16926,0.16962]},"A7s":{"weight":1.0,"played":[0.0,0.8027,0.1973],"evs":[0.0,0.4107,0.41073]},"A8s":{"weight":1.0,"played":[0.0,0.2068,0.7932],"evs":[0.0,0.67532,0.67555]},"A9s":{"weight":1.0,"played":[0.0,0.8689,0.1311],"evs":[0.0,1.03452,1.03436]},"ATs":{"weight":1.0,"played":[0.0,0.5287,0.4713],"evs":[0.0,1.51783,1.51765]},"AJs":{"weight":1.0,"played":[0.0,0.0748,0.9252],"evs":[0.0,1.95934,1.95947]},"AQs":{"weight":1.0,"played":[0.0,0.5127,0.4873],"evs":[0.0,2.35004,2.34991]},"AKs":{"weight":1.0,"played":[0.0,0.9259,0.0741],"evs":[0.0,2.78402,2.78382]},"AA":{"weight":1.0,"played":[0.0,0.1583,0.8417],"evs":[0.0,5.84947,5.84966]}}}