{"player":5,"street":0,"children":2,"sequence":[{"player":0,"type":"F","amount":0,"street":0},{"player":1,"type":"R","amount":32750000,"street":0},{"player":2,"type":"C","amount":32750000,"street":0},{"player":3,"type":"F","amount":0,"street":0},{"player":4,"type":"F","amount":0,"street":0}],"actions":[{"type":"F","amount":0},{"type":"C","amount":19750000}],"hands":{"22":{"weight":1.0,"played":[1.0,0.0],"evs":[0.0,-2.25718]},"32o":{"weight":1.0,"played":[1.0,0.0],"evs":[0.0,-3.66603]},"42o":{"weight":1.0,"played":[1.0,0.0],"evs":[0.0,-3.59677]},"52o":{"weight":1.0,"played":[1.0,0.0],"evs":[0.0,-3.43262]},"62o":{"weight":1.0,"played":[1.0,0.0],"evs":[0.0,-3.55295]},"72o":{"weight":1.0,"played":[1.0,0.0],"evs":[0.0,-3.72597]},"82o":{"weight":1.0,"played":[1.0,0.0],"evs":[0.0,-3.66941]},"92o":{"weight":1.0,"played":[1.0,0.0],"evs":[0.0,-3.55833]},"T2o":{"weight":1.0,"played":[1.0,0.0],"evs":[0.0,-3.47555]},"J2o":{"weight":1.0,"played":[1.0,0.0],"evs":[0.0,-3.46385]},"Q2o":{"weight":1.0,"played":[1.0,0.0],"evs":[0.0,-3.42286]},"K2o":{"weight":1.0,"played":[1.0,0.0],"evs":[0.0,-3.16119]},"A2o":{"weight":1.0,"played":[1.0,0.0],"evs":[0.0,-3.24209]},"32s":{"weight":1.0,"played":[1.0,0.0],"evs":[0.0,-3.01661]},"33":{"weight":1.0,"played":[1.0,0.0],"evs":[0.0,-1.99459]},"43o":{"weight":1.0,"played":[1.0,0.0],"evs":[0.0,-3.31947]},"53o":{"weight":1.0,"played":[1.0,0.0],"evs":[0.0,-3.13819]},"63o":{"weight":1.0,"played":[1.0,0.0],"evs":[0.0,-3.25309]},"73o":{"weight":1.0,"played":[1.0,0.0],"evs":[0.0,-3.43871]},"83o":{"weight":1.0,"played":[1.0,0.0],"evs":[0.0,-3.63129]},"93o":{"weight":1.0,"played":[1.0,0.0],"evs":[0.0,-3.48945]},"T3o":{"weight":1.0,"played":[1.0,0.0],"evs":[0.0,-3.39464]},"J3o":{"weight":1.0,"played":[1.0,0.0],"evs":[0.0,-3.36268]},"Q3o":{"weight":1.0,"played":[1.0,0.0],"evs":[0.0,-3.35945]},"K3o":{"weight":1.0,"played":[1.0,0.0],"evs":[0.0,-3.07398]},"A3o":{"weight":1.0,"played":[1.0,0.0],"evs":[0.0,-3.1359]},"42s":{"weight":1.0,"played":[1.0,0.0],"evs":[0.0,-2.90595]},"43s":{"weight":1.0,"played":[1.0,0.0],"evs":[0.0,-2.65289]},"44":{"weight":1.0,"played":[1.0,0.0],"evs":[0.0,-1.74798]},"54o":{"weight":1.0,"played":[1.0,0.0],"evs":[0.0,-2.91548]},"64o":{"weight":1.0,"played":[1.0,0.0],"evs":[0.0,-2.98907]},"74o":{"weight":1.0,"played":[1.0,0.0],"evs":[0.0,-3.20826]},"84o":{"weight":1.0,"played":[1.0,0.0],"evs":[0.0,-3.40886]},"94o":{"weight":1.0,"played":[1.0,0.0],"evs":[0.0,-3.4925]},"T4o":{"weight":1.0,"played":[1.0,0.0],"evs":[0.0,-3.37548]},"J4o":{"weight":1.0,"played":[1.0,0.0],"evs":[0.0,-3.31463]},"Q4o":{"weight":1.0,"played":[1.0,0.0],"evs":[0.0,-3.31283]},"K4o":{"weight":1.0,"played":[1.0,0.0],"evs":[0.0,-3.03633]},"A4o":{"weight":1.0,"played":[1.0,0.0],"evs":[0.0,-2.99009]},"52s":{"weight":1.0,"played":[1.0,0.0],"evs":[0.0,-2.77268]},"53s":{"weight":1.0,"played":[1.0,0.0],"evs":[0.0,-2.49132]},"54s":{"weight":1.0,"played":[1.0,0.0],"evs":[0.0,-2.2984]},"55":{"weight":1.0,"played":[1.0,0.0],"evs":[0.0,-1.33395]},"65o":{"weight":1.0,"played":[1.0,0.0],"evs":[0.0,-2.66941]},"75o":{"weight":1.0,"played":[1.0,0.0],"evs":[0.0,-2.84379]},"85o":{"weight":1.0,"played":[1.0,0.0],"evs":[0.0,-3.04513]},"95o":{"weight":1.0,"played":[1.0,0.0],"evs":[0.0,-3.13566]},"T5o":{"weight":1.0,"played":[1.0,0.0],"evs":[0.0,-3.23611]},"J5o":{"weight":1.0,"played":[1.0,0.0],"evs":[0.0,-3.16138]},"Q5o":{"weight":1.0,"played":[1.0,0.0],"evs":[0.0,-3.15966]},"K5o":{"weight":1.0,"played":[1.0,0.0],"evs":[0.0,-2.88499]},"A5o":{"weight":1.0,"played":[1.0,0.0],"evs":[0.0,-2.81527]},"62s":{"weight":1.0,"played":[1.0,0.0],"evs":[0.0,-2.91711]},"63s":{"weight":1.0,"played":[1.0,0.0],"evs":[0.0,-2.61137]},"64s":{"weight":1.0,"played":[1.0,0.0],"evs":[0.0,-2.3452]},"65s":{"weight":1.0,"played":[1.0,0.0],"evs":[0.0,-2.02721]},"66":{"weight":1.0,"played":[1.0,0.0],"evs":[0.0,-0.93217]},"76o":{"weight":1.0,"played":[1.0,0.0],"evs":[0.0,-2.55981]},"86o":{"weight":1.0,"played":[1.0,0.0],"evs":[0.0,-2.72078]},"96o":{"weight":1.0,"played":[1.0,0.0],"evs":[0.0,-2.78874]},"T6o":{"weight":1.0,"played":[1.0,0.0],"evs":[0.0,-2.89135]},"J6o":{"weight":1.0,"played":[1.0,0.0],"evs":[0.0,-3.08433]},"Q6o":{"weight":1.0,"played":[1.0,0.0],"evs":[0.0,-3.0039]},"K6o":{"weight":1.0,"played":[1.0,0.0],"evs":[0.0,-2.70317]},"A6o":{"weight":1.0,"played":[1.0,0.0],"evs":[0.0,-2.90309]},"72s":{"weight":1.0,"played":[1.0,0.0],"evs":[0.0,-3.04485]},"73s":{"weight":1.0,"played":[1.0,0.0],"evs":[0.0,-2.76648]},"74s":{"weight":1.0,"played":[1.0,0.0],"evs":[0.0,-2.5696]},"75s":{"weight":1.0,"played":[1.0,0.0],"evs":[0.0,-2.20887]},"76s":{"weight":1.0,"played":[1.0,0.0],"evs":[0.0,-1.95146]},"77":{"weight":1.0,"played":[1.0,0.0],"evs":[0.0,-0.62353]},"87o":{"weight":1.0,"played":[1.0,0.0],"evs":[0.0,-2.52334]},"97o":{"weight":1.0,"played":[1.0,0.0],"evs":[0.0,-2.58509]},"T7o":{"weight":1.0,"played":[1.0,0.0],"evs":[0.0,-2.67875]},"J7o":{"weight":1.0,"played":[1.0,0.0],"evs":[0.0,-2.84028]},"Q7o":{"weight":1.0,"played":[1.0,0.0],"evs":[0.0,-2.98704]},"K7o":{"weight":1.0,"played":[1.0,0.0],"evs":[0.0,-2.66002]},"A7o":{"weight":1.0,"played":[1.0,0.0],"evs":[0.0,-2.68688]},"82s":{"weight":1.0,"played":[1.0,0.0],"evs":[0.0,-3.00693]},"83s":{"weight":1.0,"played":[1.0,0.0],"evs":[0.0,-2.97592]},"84s":{"weight":1.0,"played":[1.0,0.0],"evs":[0.0,-2.71332]},"85s":{"weight":1.0,"played":[1.0,0.0],"evs":[0.0,-2.4461]},"86s":{"weight":1.0,"played":[1.0,0.0],"evs":[0.0,-2.09058]},"87s":{"weight":1.0,"played":[1.0,0.0],"evs":[0.0,-1.94467]},"88":{"weight":1.0,"played":[0.9998,2.0E-4],"evs":[0.0,-0.2018]},"98o":{"weight":1.0,"played":[1.0,0.0],"evs":[0.0,-2.42521]},"T8o":{"weight":1.0,"played":[1.0,0.0],"evs":[0.0,-2.48522]},"J8o":{"weight":1.0,"played":[1.0,0.0],"evs":[0.0,-2.6477]},"Q8o":{"weight":1.0,"played":[1.0,0.0],"evs":[0.0,-2.8226]},"K8o":{"weight":1.0,"played":[1.0,0.0],"evs":[0.0,-2.71724]},"A8o":{"weight":1.0,"played":[1.0,0.0],"evs":[0.0,-2.36613]},"92s":{"weight":1.0,"played":[1.0,0.0],"evs":[0.0,-2.85261]},"93s":{"weight":1.0,"played":[1.0,0.0],"evs":[0.0,-2.79404]},"94s":{"weight":1.0,"played":[1.0,0.0],"evs":[0.0,-2.80638]},"95s":{"weight":1.0,"played":[1.0,0.0],"evs":[0.0,-2.51074]},"96s":{"weight":1.0,"played":[1.0,0.0],"evs":[0.0,-2.13269]},"97s":{"weight":1.0,"played":[1.0,0.0],"evs":[0.0,-1.93889]},"98s":{"weight":1.0,"played":[1.0,0.0],"evs":[0.0,-1.83618]},"99":{"weight":1.0,"played":[0.0,1.0],"evs":[0.0,0.32334]},"T9o":{"weight":1.0,"played":[1.0,0.0],"evs":[0.0,-2.15153]},"J9o":{"weight":1.0,"played":[1.0,0.0],"evs":[0.0,-2.3101]},"Q9o":{"weight":1.0,"played":[1.0,0.0],"evs":[0.0,-2.4275]},"K9o":{"weight":1.0,"played":[1.0,0.0],"evs":[0.0,-2.31969]},"A9o":{"weight":1.0,"played":[1.0,0.0],"evs":[0.0,-2.03674]},"T2s":{"weight":1.0,"played":[1.0,0.0],"evs":[0.0,-2.80004]},"T3s":{"weight":1.0,"played":[1.0,0.0],"evs":[0.0,-2.71663]},"T4s":{"weight":1.0,"played":[1.0,0.0],"evs":[0.0,-2.65626]},"T5s":{"weight":1.0,"played":[1.0,0.0],"evs":[0.0,-2.60379]},"T6s":{"weight":1.0,"played":[1.0,0.0],"evs":[0.0,-2.28288]},"T7s":{"weight":1.0,"played":[1.0,0.0],"evs":[0.0,-2.04529]},"T8s":{"weight":1.0,"played":[1.0,0.0],"evs":[0.0,-1.89013]},"T9s":{"weight":1.0,"played":[1.0,0.0],"evs":[0.0,-1.52916]},"TT":{"weight":1.0,"played":[0.0,1.0],"evs":[0.0,0.96697]},"JTo":{"weight":1.0,"played":[1.0,0.0],"evs":[0.0,-1.96654]},"QTo":{"weight":1.0,"played":[1.0,0.0],"evs":[0.0,-2.05199]},"KTo":{"weight":1.0,"played":[1.0,0.0],"evs":[0.0,-1.94407]},"ATo":{"weight":1.0,"played":[1.0,0.0],"evs":[0.0,-1.39216]},"J2s":{"weight":1.0,"played":[1.0,0.0],"evs":[0.0,-2.78893]},"J3s":{"weight":1.0,"played":[1.0,0.0],"evs":[0.0,-2.6647]},"J4s":{"weight":1.0,"played":[1.0,0.0],"evs":[0.0,-2.6458]},"J5s":{"weight":1.0,"played":[1.0,0.0],"evs":[0.0,-2.54556]},"J6s":{"weight":1.0,"played":[1.0,0.0],"evs":[0.0,-2.45679]},"J7s":{"weight":1.0,"played":[1.0,0.0],"evs":[0.0,-2.21234]},"J8s":{"weight":1.0,"played":[1.0,0.0],"evs":[0.0,-2.0495]},"J9s":{"weight":1.0,"played":[1.0,0.0],"evs":[0.0,-1.66094]},"JTs":{"weight":1.0,"played":[1.0,0.0],"evs":[0.0,-1.42937]},"JJ":{"weight":1.0,"played":[0.0,1.0],"evs":[0.0,1.6237]},"QJo":{"weight":1.0,"played":[1.0,0.0],"evs":[0.0,-1.91208]},"KJo":{"weight":1.0,"played":[1.0,0.0],"evs":[0.0,-1.74552]},"AJo":{"weight":1.0,"played":[1.0,0.0],"evs":[0.0,-0.93392]},"Q2s":{"weight":1.0,"played":[1.0,0.0],"evs":[0.0,-2.74222]},"Q3s":{"weight":1.0,"played":[1.0,0.0],"evs":[0.0,-2.64541]},"Q4s":{"weight":1.0,"played":[1.0,0.0],"evs":[0.0,-2.61939]},"Q5s":{"weight":1.0,"played":[1.0,0.0],"evs":[0.0,-2.47024]},"Q6s":{"weight":1.0,"played":[1.0,0.0],"evs":[0.0,-2.34443]},"Q7s":{"weight":1.0,"played":[1.0,0.0],"evs":[0.0,-2.36977]},"Q8s":{"weight":1.0,"played":[1.0,0.0],"evs":[0.0,-2.18589]},"Q9s":{"weight":1.0,"played":[1.0,0.0],"evs":[0.0,-1.79866]},"QTs":{"weight":1.0,"played":[1.0,0.0],"evs":[0.0,-1.47755]},"QJs":{"weight":1.0,"played":[1.0,0.0],"evs":[0.0,-1.33369]},"QQ":{"weight":1.0,"played":[0.0,1.0],"evs":[0.0,2.67696]},"KQo":{"weight":1.0,"played":[1.0,0.0],"evs":[0.0,-1.42817]},"AQo":{"weight":1.0,"played":[1.0,0.0],"evs":[0.0,-0.33866]},"K2s":{"weight":1.0,"played":[1.0,0.0],"evs":[0.0,-2.44865]},"K3s":{"weight":1.0,"played":[1.0,0.0],"evs":[0.0,-2.38858]},"K4s":{"weight":1.0,"played":[1.0,0.0],"evs":[0.0,-2.34073]},"K5s":{"weight":1.0,"played":[1.0,0.0],"evs":[0.0,-2.15191]},"K6s":{"weight":1.0,"played":[1.0,0.0],"evs":[0.0,-2.0425]},"K7s":{"weight":1.0,"played":[1.0,0.0],"evs":[0.0,-2.00979]},"K8s":{"weight":1.0,"played":[1.0,0.0],"evs":[0.0,-2.04981]},"K9s":{"weight":1.0,"played":[1.0,0.0],"evs":[0.0,-1.68132]},"KTs":{"weight":1.0,"played":[1.0,0.0],"evs":[0.0,-1.32972]},"KJs":{"weight":1.0,"played":[1.0,0.0],"evs":[0.0,-1.1655]},"KQs":{"weight":1.0,"played":[1.0,0.0],"evs":[0.0,-0.82292]},"KK":{"weight":1.0,"played":[0.0,1.0],"evs":[0.0,4.03255]},"AKo":{"weight":1.0,"played":[0.0,1.0],"evs":[0.0,0.38242]},"A2s":{"weight":1.0,"played":[1.0,0.0],"evs":[0.0,-2.4834]},"A3s":{"weight":1.0,"played":[1.0,0.0],"evs":[0.0,-2.36286]},"A4s":{"weight":1.0,"played":[1.0,0.0],"evs":[0.0,-2.28854]},"A5s":{"weight":1.0,"played":[1.0,0.0],"evs":[0.0,-2.17962]},"A6s":{"weight":1.0,"played":[1.0,0.0],"evs":[0.0,-2.19468]},"A7s":{"weight":1.0,"played":[1.0,0.0],"evs":[0.0,-1.98074]},"A8s":{"weight":1.0,"played":[1.0,0.0],"evs":[0.0,-1.68552]},"A9s":{"weight":1.0,"played":[1.0,0.0],"evs":[0.0,-1.34666]},"ATs":{"weight":1.0,"played":[1.0,0.0],"evs":[0.0,-0.76795]},"AJs":{"weight":1.0,"played":[1.0,0.0],"evs":[0.0,-0.31662]},"AQs":{"weight":1.0,"played":[1.0E-4,0.9999],"evs":[0.0,0.22458]},"AKs":{"weight":1.0,"played":[0.0,1.0],"evs":[0.0,0.89258]},"AA":{"weight":1.0,"played":[0.0,1.0],"evs":[0.0,6.05572]}}}