{"player":5,"street":0,"children":2,"sequence":[{"player":0,"type":"F","amount":0,"street":0},{"player":1,"type":"R","amount":32750000,"street":0},{"player":2,"type":"C","amount":32750000,"street":0},{"player":3,"type":"C","amount":13250000,"street":0},{"player":4,"type":"R","amount":54750000,"street":0}],"actions":[{"type":"F","amount":0,"node":55},{"type":"C","amount":19750000,"node":56}],"hands":{"22":{"weight":1.0,"played":[0.9982,0.0018],"evs":[0.0,-3.96639]},"32o":{"weight":1.0,"played":[1.0,0.0],"evs":[0.0,-4.57896]},"42o":{"weight":1.0,"played":[1.0,0.0],"evs":[0.0,-3.80194]},"52o":{"weight":1.0,"played":[1.0,0.0],"evs":[0.0,-3.70527]},"62o":{"weight":1.0,"played":[1.0,0.0],"evs":[0.0,-4.4629]},"72o":{"weight":1.0,"played":[1.0,0.0],"evs":[0.0,-4.32764]},"82o":{"weight":1.0,"played":[1.0,0.0],"evs":[0.0,-5.27863]},"92o":{"weight":1.0,"played":[1.0,0.0],"evs":[0.0,-4.92506]},"T2o":{"weight":1.0,"played":[1.0,0.0],"evs":[0.0,-4.49202]},"J2o":{"weight":1.0,"played":[1.0,0.0],"evs":[0.0,-4.83924]},"Q2o":{"weight":1.0,"played":[1.0,0.0],"evs":[0.0,-4.34455]},"K2o":{"weight":1.0,"played":[1.0,0.0],"evs":[0.0,-4.88903]},"A2o":{"weight":1.0,"played":[1.0,0.0],"evs":[0.0,-5.11784]},"32s":{"weight":1.0,"played":[1.0,0.0],"evs":[0.0,-3.43496]},"33":{"weight":1.0,"played":[0.9999,1.0E-4],"evs":[0.0,-3.9696]},"43o":{"weight":1.0,"played":[1.0,0.0],"evs":[0.0,-3.63981]},"53o":{"weight":1.0,"played":[1.0,0.0],"evs":[0.0,-3.74541]},"63o":{"weight":1.0,"played":[0.9998,2.0E-4],"evs":[0.0,-4.07637]},"73o":{"weight":1.0,"played":[1.0,0.0],"evs":[0.0,-4.29887]},"83o":{"weight":1.0,"played":[0.9999,1.0E-4],"evs":[0.0,-4.80099]},"93o":{"weight":1.0,"played":[1.0,0.0],"evs":[0.0,-4.55295]},"T3o":{"weight":1.0,"played":[1.0,0.0],"evs":[0.0,-4.4794]},"J3o":{"weight":1.0,"played":[1.0,0.0],"evs":[0.0,-4.53068]},"Q3o":{"weight":1.0,"played":[1.0,0.0],"evs":[0.0,-4.47165]},"K3o":{"weight":1.0,"played":[0.9999,1.0E-4],"evs":[0.0,-4.74917]},"A3o":{"weight":1.0,"played":[1.0,0.0],"evs":[0.0,-4.21805]},"42s":{"weight":1.0,"played":[0.9996,4.0E-4],"evs":[0.0,-4.05996]},"43s":{"weight":1.0,"played":[0.9679,0.0321],"evs":[0.0,-3.08867]},"44":{"weight":1.0,"played":[0.9984,0.0016],"evs":[0.0,-1.87269]},"54o":{"weight":1.0,"played":[0.9997,3.0E-4],"evs":[0.0,-3.32574]},"64o":{"weight":1.0,"played":[1.0,0.0],"evs":[0.0,-3.83222]},"74o":{"weight":1.0,"played":[1.0,0.0],"evs":[0.0,-3.73171]},"84o":{"weight":1.0,"played":[1.0,0.0],"evs":[0.0,-4.71304]},"94o":{"weight":1.0,"played":[0.9999,1.0E-4],"evs":[0.0,-4.52815]},"T4o":{"weight":1.0,"played":[1.0,0.0],"evs":[0.0,-4.46242]},"J4o":{"weight":1.0,"played":[1.0,0.0],"evs":[0.0,-4.30214]},"Q4o":{"weight":1.0,"played":[1.0,0.0],"evs":[0.0,-4.03306]},"K4o":{"weight":1.0,"played":[0.9997,3.0E-4],"evs":[0.0,-4.48285]},"A4o":{"weight":1.0,"played":[1.0,0.0],"evs":[0.0,-4.27563]},"52s":{"weight":1.0,"played":[0.9773,0.0227],"evs":[0.0,-3.05642]},"53s":{"weight":1.0,"played":[1.0,0.0],"evs":[0.0,-2.91116]},"54s":{"weight":1.0,"played":[0.9967,0.0033],"evs":[0.0,-2.79804]},"55":{"weight":1.0,"played":[0.9999,1.0E-4],"evs":[0.0,-2.93441]},"65o":{"weight":1.0,"played":[0.9997,3.0E-4],"evs":[0.0,-3.8755]},"75o":{"weight":1.0,"played":[1.0,0.0],"evs":[0.0,-3.72332]},"85o":{"weight":1.0,"played":[0.9999,1.0E-4],"evs":[0.0,-4.11877]},"95o":{"weight":1.0,"played":[1.0,0.0],"evs":[0.0,-3.90854]},"T5o":{"weight":1.0,"played":[1.0,0.0],"evs":[0.0,-3.76531]},"J5o":{"weight":1.0,"played":[1.0,0.0],"evs":[0.0,-3.78081]},"Q5o":{"weight":1.0,"played":[0.9999,1.0E-4],"evs":[0.0,-4.35492]},"K5o":{"weight":1.0,"played":[1.0,0.0],"evs":[0.0,-4.56843]},"A5o":{"weight":1.0,"played":[0.9996,4.0E-4],"evs":[0.0,-3.62398]},"62s":{"weight":1.0,"played":[0.9994,6.0E-4],"evs":[0.0,-3.6614]},"63s":{"weight":1.0,"played":[0.9996,4.0E-4],"evs":[0.0,-2.57853]},"64s":{"weight":1.0,"played":[0.9999,1.0E-4],"evs":[0.0,-3.5203]},"65s":{"weight":1.0,"played":[0.9928,0.0072],"evs":[0.0,-1.74273]},"66":{"weight":1.0,"played":[0.9893,0.0107],"evs":[0.0,-2.7781]},"76o":{"weight":1.0,"played":[1.0,0.0],"evs":[0.0,-3.95344]},"86o":{"weight":1.0,"played":[0.9999,1.0E-4],"evs":[0.0,-3.40295]},"96o":{"weight":1.0,"played":[1.0,0.0],"evs":[0.0,-3.89759]},"T6o":{"weight":1.0,"played":[0.9994,6.0E-4],"evs":[0.0,-4.03469]},"J6o":{"weight":1.0,"played":[0.9999,1.0E-4],"evs":[0.0,-4.00591]},"Q6o":{"weight":1.0,"played":[1.0,0.0],"evs":[0.0,-3.87185]},"K6o":{"weight":1.0,"played":[1.0,0.0],"evs":[0.0,-4.23779]},"A6o":{"weight":1.0,"played":[1.0,0.0],"evs":[0.0,-4.92229]},"72s":{"weight":1.0,"played":[0.9999,1.0E-4],"evs":[0.0,-4.70529]},"73s":{"weight":1.0,"played":[0.9991,9.0E-4],"evs":[0.0,-3.29783]},"74s":{"weight":1.0,"played":[0.9975,0.0025],"evs":[0.0,-3.17065]},"75s":{"weight":1.0,"played":[0.9997,3.0E-4],"evs":[0.0,-3.19302]},"76s":{"weight":1.0,"played":[0.9979,0.0021],"evs":[0.0,-2.87254]},"77":{"weight":1.0,"played":[1.0,0.0],"evs":[0.0,-2.51762]},"87o":{"weight":1.0,"played":[1.0,0.0],"evs":[0.0,-4.21662]},"97o":{"weight":1.0,"played":[0.9999,1.0E-4],"evs":[0.0,-3.72465]},"T7o":{"weight":1.0,"played":[1.0,0.0],"evs":[0.0,-4.03959]},"J7o":{"weight":1.0,"played":[1.0,0.0],"evs":[0.0,-4.23656]},"Q7o":{"weight":1.0,"played":[1.0,0.0],"evs":[0.0,-3.91695]},"K7o":{"weight":1.0,"played":[1.0,0.0],"evs":[0.0,-4.09621]},"A7o":{"weight":1.0,"played":[1.0,0.0],"evs":[0.0,-4.78234]},"82s":{"weight":1.0,"played":[0.9998,2.0E-4],"evs":[0.0,-3.60717]},"83s":{"weight":1.0,"played":[0.9999,1.0E-4],"evs":[0.0,-3.94502]},"84s":{"weight":1.0,"played":[0.9994,6.0E-4],"evs":[0.0,-3.93119]},"85s":{"weight":1.0,"played":[0.9998,2.0E-4],"evs":[0.0,-4.28939]},"86s":{"weight":1.0,"played":[1.0,0.0],"evs":[0.0,-3.24331]},"87s":{"weight":1.0,"played":[0.9985,0.0015],"evs":[0.0,-2.37717]},"88":{"weight":1.0,"played":[0.9918,0.0082],"evs":[0.0,-2.89583]},"98o":{"weight":1.0,"played":[1.0,0.0],"evs":[0.0,-3.94648]},"T8o":{"weight":1.0,"played":[0.9999,1.0E-4],"evs":[0.0,-3.50141]},"J8o":{"weight":1.0,"played":[1.0,0.0],"evs":[0.0,-4.18053]},"Q8o":{"weight":1.0,"played":[0.9998,2.0E-4],"evs":[0.0,-4.3341]},"K8o":{"weight":1.0,"played":[1.0,0.0],"evs":[0.0,-4.3275]},"A8o":{"weight":1.0,"played":[0.9997,3.0E-4],"evs":[0.0,-4.8832]},"92s":{"weight":1.0,"played":[1.0,0.0],"evs":[0.0,-2.58873]},"93s":{"weight":1.0,"played":[0.9989,0.0011],"evs":[0.0,-3.78938]},"94s":{"weight":1.0,"played":[0.9998,2.0E-4],"evs":[0.0,-4.00132]},"95s":{"weight":1.0,"played":[0.9962,0.0038],"evs":[0.0,-3.72536]},"96s":{"weight":1.0,"played":[0.999,0.001],"evs":[0.0,-2.89693]},"97s":{"weight":1.0,"played":[0.9996,4.0E-4],"evs":[0.0,-3.23006]},"98s":{"weight":1.0,"played":[0.9987,0.0013],"evs":[0.0,-3.08155]},"99":{"weight":1.0,"played":[0.9953,0.0047],"evs":[0.0,-2.97497]},"T9o":{"weight":1.0,"played":[0.9916,0.0084],"evs":[0.0,-3.64714]},"J9o":{"weight":1.0,"played":[1.0,0.0],"evs":[0.0,-3.749]},"Q9o":{"weight":1.0,"played":[0.9999,1.0E-4],"evs":[0.0,-4.12474]},"K9o":{"weight":1.0,"played":[1.0,0.0],"evs":[0.0,-4.11915]},"A9o":{"weight":1.0,"played":[0.9998,2.0E-4],"evs":[0.0,-4.62916]},"T2s":{"weight":1.0,"played":[1.0,0.0],"evs":[0.0,-4.742]},"T3s":{"weight":1.0,"played":[0.9975,0.0025],"evs":[0.0,-3.51281]},"T4s":{"weight":1.0,"played":[1.0,0.0],"evs":[0.0,-3.94733]},"T5s":{"weight":1.0,"played":[0.9995,5.0E-4],"evs":[0.0,-4.49663]},"T6s":{"weight":1.0,"played":[1.0,0.0],"evs":[0.0,-4.12858]},"T7s":{"weight":1.0,"played":[0.9984,0.0016],"evs":[0.0,-2.21572]},"T8s":{"weight":1.0,"played":[0.995,0.005],"evs":[0.0,-3.05744]},"T9s":{"weight":1.0,"played":[0.9991,9.0E-4],"evs":[0.0,-2.65566]},"TT":{"weight":1.0,"played":[0.972,0.028],"evs":[0.0,-1.43484]},"JTo":{"weight":1.0,"played":[0.9998,2.0E-4],"evs":[0.0,-3.53381]},"QTo":{"weight":1.0,"played":[1.0,0.0],"evs":[0.0,-3.45759]},"KTo":{"weight":1.0,"played":[0.9995,5.0E-4],"evs":[0.0,-4.09596]},"ATo":{"weight":1.0,"played":[1.0,0.0],"evs":[0.0,-3.85137]},"J2s":{"weight":1.0,"played":[1.0,0.0],"evs":[0.0,-3.92455]},"J3s":{"weight":1.0,"played":[0.9944,0.0056],"evs":[0.0,-2.62894]},"J4s":{"weight":1.0,"played":[1.0,0.0],"evs":[0.0,-4.24063]},"J5s":{"weight":1.0,"played":[0.9998,2.0E-4],"evs":[0.0,-3.75806]},"J6s":{"weight":1.0,"played":[0.9934,0.0066],"evs":[0.0,-3.94569]},"J7s":{"weight":1.0,"played":[1.0,0.0],"evs":[0.0,-3.41632]},"J8s":{"weight":1.0,"played":[0.9994,6.0E-4],"evs":[0.0,-3.03972]},"J9s":{"weight":1.0,"played":[0.9698,0.0302],"evs":[0.0,-3.33544]},"JTs":{"weight":1.0,"played":[0.9991,9.0E-4],"evs":[0.0,-3.51577]},"JJ":{"weight":1.0,"played":[0.4838,0.5162],"evs":[0.0,0.11196]},"QJo":{"weight":1.0,"played":[0.999,0.001],"evs":[0.0,-3.03943]},"KJo":{"weight":1.0,"played":[0.9993,7.0E-4],"evs":[0.0,-3.62313]},"AJo":{"weight":1.0,"played":[1.0,0.0],"evs":[0.0,-3.72249]},"Q2s":{"weight":1.0,"played":[0.9935,0.0065],"evs":[0.0,-3.69961]},"Q3s":{"weight":1.0,"played":[0.995,0.005],"evs":[0.0,-3.53697]},"Q4s":{"weight":1.0,"played":[0.9997,3.0E-4],"evs":[0.0,-3.68505]},"Q5s":{"weight":1.0,"played":[0.9998,2.0E-4],"evs":[0.0,-3.59925]},"Q6s":{"weight":1.0,"played":[0.9998,2.0E-4],"evs":[0.0,-4.24612]},"Q7s":{"weight":1.0,"played":[0.9996,4.0E-4],"evs":[0.0,-3.44872]},"Q8s":{"weight":1.0,"played":[1.0,0.0],"evs":[0.0,-2.53088]},"Q9s":{"weight":1.0,"played":[0.9966,0.0034],"evs":[0.0,-2.8486]},"QTs":{"weight":1.0,"played":[0.9994,6.0E-4],"evs":[0.0,-3.01771]},"QJs":{"weight":1.0,"played":[0.9957,0.0043],"evs":[0.0,-2.15707]},"QQ":{"weight":1.0,"played":[0.1399,0.8601],"evs":[0.0,0.91123]},"KQo":{"weight":1.0,"played":[1.0,0.0],"evs":[0.0,-3.53365]},"AQo":{"weight":1.0,"played":[0.9998,2.0E-4],"evs":[0.0,-3.04408]},"K2s":{"weight":1.0,"played":[0.9988,0.0012],"evs":[0.0,-3.51172]},"K3s":{"weight":1.0,"played":[0.9991,9.0E-4],"evs":[0.0,-3.90224]},"K4s":{"weight":1.0,"played":[0.9888,0.0112],"evs":[0.0,-1.65089]},"K5s":{"weight":1.0,"played":[0.9992,8.0E-4],"evs":[0.0,-3.15553]},"K6s":{"weight":1.0,"played":[1.0,0.0],"evs":[0.0,-3.33064]},"K7s":{"weight":1.0,"played":[0.9977,0.0023],"evs":[0.0,-3.39355]},"K8s":{"weight":1.0,"played":[0.9984,0.0016],"evs":[0.0,-3.18515]},"K9s":{"weight":1.0,"played":[0.9929,0.0071],"evs":[0.0,-3.94358]},"KTs":{"weight":1.0,"played":[0.9939,0.0061],"evs":[0.0,-3.75966]},"KJs":{"weight":1.0,"played":[0.9982,0.0018],"evs":[0.0,-1.33439]},"KQs":{"weight":1.0,"played":[0.9996,4.0E-4],"evs":[0.0,-1.50875]},"KK":{"weight":1.0,"played":[0.0025,0.9975],"evs":[0.0,3.82264]},"AKo":{"weight":1.0,"played":[0.9998,2.0E-4],"evs":[0.0,-2.96356]},"A2s":{"weight":1.0,"played":[0.9999,1.0E-4],"evs":[0.0,-2.63569]},"A3s":{"weight":1.0,"played":[0.9996,4.0E-4],"evs":[0.0,-2.82149]},"A4s":{"weight":1.0,"played":[0.9934,0.0066],"evs":[0.0,-4.0772]},"A5s":{"weight":1.0,"played":[0.9961,0.0039],"evs":[0.0,-2.88194]},"A6s":{"weight":1.0,"played":[0.9965,0.0035],"evs":[0.0,-3.52828]},"A7s":{"weight":1.0,"played":[0.9993,7.0E-4],"evs":[0.0,-4.31544]},"A8s":{"weight":1.0,"played":[0.9985,0.0015],"evs":[0.0,-3.15637]},"A9s":{"weight":1.0,"played":[0.9988,0.0012],"evs":[0.0,-3.63839]},"ATs":{"weight":1.0,"played":[0.991,0.009],"evs":[0.0,-3.95161]},"AJs":{"weight":1.0,"played":[0.8833,0.1167],"evs":[0.0,-1.64799]},"AQs":{"weight":1.0,"played":[0.9937,0.0063],"evs":[0.0,-1.97474]},"AKs":{"weight":1.0,"played":[0.8688,0.1312],"evs":[0.0,-1.62121]},"AA":{"weight":1.0,"played":[0.0102,0.9898],"evs":[0.0,5.36642]}}}