{"player":2,"street":0,"children":2,"sequence":[{"player":0,"type":"F","amount":0,"street":0},{"player":1,"type":"R","amount":32750000,"street":0},{"player":2,"type":"C","amount":32750000,"street":0},{"player":3,"type":"C","amount":13250000,"street":0},{"player":4,"type":"R","amount":54750000,"street":0},{"player":5,"type":"C","amount":19750000,"street":0}],"actions":[{"type":"F","amount":0},{"type":"C","amount":22000000}],"hands":{"22":{"weight":0.0846,"played":[3.0E-4,0.9997],"evs":[0.0,3.73846]},"32o":{"weight":0.0,"played":[0.0692,0.9308],"evs":[0.0,0.21659]},"42o":{"weight":0.0,"played":[2.0E-4,0.9998],"evs":[0.0,1.06944]},"52o":{"weight":0.0,"played":[0.1868,0.8132],"evs":[0.0,1.6915]},"62o":{"weight":0.0,"played":[0.5144,0.4856],"evs":[0.0,-0.91577]},"72o":{"weight":0.0,"played":[0.0019,0.9981],"evs":[0.0,1.50185]},"82o":{"weight":0.0,"played":[0.4155,0.5845],"evs":[0.0,0.15811]},"92o":{"weight":0.0,"played":[0.8584,0.1416],"evs":[0.0,-0.05511]},"T2o":{"weight":0.0,"played":[0.0399,0.9601],"evs":[0.0,0.79265]},"J2o":{"weight":0.0,"played":[3.0E-4,0.9997],"evs":[0.0,0.70466]},"Q2o":{"weight":0.0,"played":[0.3951,0.6049],"evs":[0.0,-0.03685]},"K2o":{"weight":0.0,"played":[0.3001,0.6999],"evs":[0.0,-0.1532]},"A2o":{"weight":0.0,"played":[0.0011,0.9989],"evs":[0.0,1.83338]},"32s":{"weight":0.0,"played":[0.029,0.971],"evs":[0.0,2.26374]},"33":{"weight":0.5551,"played":[0.0045,0.9955],"evs":[0.0,1.73169]},"43o":{"weight":0.0,"played":[0.0306,0.9694],"evs":[0.0,0.99083]},"53o":{"weight":0.0,"played":[0.1203,0.8797],"evs":[0.0,0.77197]},"63o":{"weight":0.0,"played":[0.5835,0.4165],"evs":[0.0,0.00703]},"73o":{"weight":0.0,"played":[0.0087,0.9913],"evs":[0.0,2.57431]},"83o":{"weight":0.0,"played":[0.066,0.934],"evs":[0.0,0.42595]},"93o":{"weight":0.0,"played":[0.1032,0.8968],"evs":[0.0,0.02256]},"T3o":{"weight":0.0,"played":[0.0014,0.9986],"evs":[0.0,0.9538]},"J3o":{"weight":0.0,"played":[0.002,0.998],"evs":[0.0,0.70842]},"Q3o":{"weight":0.0,"played":[0.0026,0.9974],"evs":[0.0,2.56902]},"K3o":{"weight":0.0,"played":[0.1097,0.8903],"evs":[0.0,0.61305]},"A3o":{"weight":0.0,"played":[0.0024,0.9976],"evs":[0.0,0.67741]},"42s":{"weight":0.0,"played":[0.5066,0.4934],"evs":[0.0,0.09179]},"43s":{"weight":0.0,"played":[0.2446,0.7554],"evs":[0.0,2.163]},"44":{"weight":0.137,"played":[0.0,1.0],"evs":[0.0,3.16503]},"54o":{"weight":0.0,"played":[0.0064,0.9936],"evs":[0.0,3.57901]},"64o":{"weight":0.0,"played":[0.0,1.0],"evs":[0.0,2.27119]},"74o":{"weight":0.0,"played":[0.2519,0.7481],"evs":[0.0,0.81575]},"84o":{"weight":0.0,"played":[9.0E-4,0.9991],"evs":[0.0,0.19978]},"94o":{"weight":0.0,"played":[0.4598,0.5402],"evs":[0.0,0.39754]},"T4o":{"weight":0.0,"played":[0.0,1.0],"evs":[0.0,1.72013]},"J4o":{"weight":0.0,"played":[1.0E-4,0.9999],"evs":[0.0,2.50618]},"Q4o":{"weight":0.0,"played":[0.0337,0.9663],"evs":[0.0,2.86569]},"K4o":{"weight":0.0,"played":[0.097,0.903],"evs":[0.0,1.36134]},"A4o":{"weight":0.0,"played":[0.3531,0.6469],"evs":[0.0,-0.43985]},"52s":{"weight":0.0,"played":[0.0107,0.9893],"evs":[0.0,2.61065]},"53s":{"weight":0.0,"played":[0.0618,0.9382],"evs":[0.0,1.20157]},"54s":{"weight":0.0,"played":[0.0042,0.9958],"evs":[0.0,2.56503]},"55":{"weight":0.7175,"played":[0.011,0.989],"evs":[0.0,1.01905]},"65o":{"weight":0.0,"played":[0.0075,0.9925],"evs":[0.0,3.18328]},"75o":{"weight":0.0,"played":[0.5082,0.4918],"evs":[0.0,-1.2498]},"85o":{"weight":0.0,"played":[0.1098,0.8902],"evs":[0.0,1.12985]},"95o":{"weight":0.0,"played":[0.0014,0.9986],"evs":[0.0,1.84665]},"T5o":{"weight":0.0,"played":[0.2303,0.7697],"evs":[0.0,0.7852]},"J5o":{"weight":0.0,"played":[0.0035,0.9965],"evs":[0.0,1.29173]},"Q5o":{"weight":0.0,"played":[0.0141,0.9859],"evs":[0.0,2.04392]},"K5o":{"weight":0.0,"played":[0.0312,0.9688],"evs":[0.0,1.56447]},"A5o":{"weight":0.0,"played":[0.1506,0.8494],"evs":[0.0,0.23275]},"62s":{"weight":0.0,"played":[0.1554,0.8446],"evs":[0.0,1.91516]},"63s":{"weight":0.0,"played":[0.0122,0.9878],"evs":[0.0,2.67367]},"64s":{"weight":0.0,"played":[0.0031,0.9969],"evs":[0.0,3.53656]},"65s":{"weight":0.0,"played":[0.1077,0.8923],"evs":[0.0,3.1786]},"66":{"weight":0.5792,"played":[0.0,1.0],"evs":[0.0,3.11525]},"76o":{"weight":0.0,"played":[0.0018,0.9982],"evs":[0.0,1.81554]},"86o":{"weight":0.0,"played":[0.0114,0.9886],"evs":[0.0,2.07238]},"96o":{"weight":0.0,"played":[5.0E-4,0.9995],"evs":[0.0,2.21742]},"T6o":{"weight":0.0,"played":[0.0013,0.9987],"evs":[0.0,1.2558]},"J6o":{"weight":0.0,"played":[0.0921,0.9079],"evs":[0.0,0.67802]},"Q6o":{"weight":0.0,"played":[8.0E-4,0.9992],"evs":[0.0,1.19311]},"K6o":{"weight":0.0,"played":[0.0157,0.9843],"evs":[0.0,1.80718]},"A6o":{"weight":0.0,"played":[3.0E-4,0.9997],"evs":[0.0,2.64567]},"72s":{"weight":0.0,"played":[0.0061,0.9939],"evs":[0.0,1.42576]},"73s":{"weight":0.0,"played":[0.2573,0.7427],"evs":[0.0,3.14801]},"74s":{"weight":0.0,"played":[0.0261,0.9739],"evs":[0.0,5.92222]},"75s":{"weight":0.0,"played":[0.0435,0.9565],"evs":[0.0,1.65939]},"76s":{"weight":0.0,"played":[0.012,0.988],"evs":[0.0,3.42152]},"77":{"weight":0.4467,"played":[0.0495,0.9505],"evs":[0.0,3.4192]},"87o":{"weight":0.0,"played":[0.1046,0.8954],"evs":[0.0,1.21293]},"97o":{"weight":0.0,"played":[0.0019,0.9981],"evs":[0.0,1.00543]},"T7o":{"weight":0.0,"played":[0.1726,0.8274],"evs":[0.0,1.21443]},"J7o":{"weight":0.0,"played":[0.3943,0.6057],"evs":[0.0,0.48858]},"Q7o":{"weight":0.0,"played":[0.0014,0.9986],"evs":[0.0,1.177]},"K7o":{"weight":0.0,"played":[0.0,1.0],"evs":[0.0,2.65012]},"A7o":{"weight":0.0,"played":[0.0222,0.9778],"evs":[0.0,1.73714]},"82s":{"weight":0.0,"played":[0.0086,0.9914],"evs":[0.0,1.09328]},"83s":{"weight":0.0,"played":[0.1045,0.8955],"evs":[0.0,0.30689]},"84s":{"weight":0.0,"played":[0.0522,0.9478],"evs":[0.0,4.64268]},"85s":{"weight":0.0,"played":[0.2044,0.7956],"evs":[0.0,1.12145]},"86s":{"weight":0.0,"played":[0.0195,0.9805],"evs":[0.0,-0.07052]},"87s":{"weight":0.0,"played":[0.0095,0.9905],"evs":[0.0,5.19035]},"88":{"weight":0.2244,"played":[0.0,1.0],"evs":[0.0,2.98399]},"98o":{"weight":0.0,"played":[0.0015,0.9985],"evs":[0.0,1.37887]},"T8o":{"weight":0.0,"played":[0.0062,0.9938],"evs":[0.0,1.1303]},"J8o":{"weight":0.0,"played":[9.0E-4,0.9991],"evs":[0.0,1.74611]},"Q8o":{"weight":0.0,"played":[9.0E-4,0.9991],"evs":[0.0,1.4076]},"K8o":{"weight":0.0,"played":[0.0,1.0],"evs":[0.0,0.33508]},"A8o":{"weight":0.7348,"played":[3.0E-4,0.9997],"evs":[0.0,2.76824]},"92s":{"weight":0.0,"played":[0.058,0.942],"evs":[0.0,2.37709]},"93s":{"weight":0.0,"played":[0.4453,0.5547],"evs":[0.0,1.72045]},"94s":{"weight":0.0,"played":[0.0014,0.9986],"evs":[0.0,1.75777]},"95s":{"weight":0.0,"played":[0.0345,0.9655],"evs":[0.0,1.46209]},"96s":{"weight":0.0,"played":[0.0323,0.9677],"evs":[0.0,3.24323]},"97s":{"weight":0.0,"played":[0.0102,0.9898],"evs":[0.0,0.50763]},"98s":{"weight":0.0,"played":[0.0471,0.9529],"evs":[0.0,7.6895]},"99":{"weight":0.308,"played":[4.0E-4,0.9996],"evs":[0.0,6.28136]},"T9o":{"weight":0.0,"played":[0.0015,0.9985],"evs":[0.0,1.67115]},"J9o":{"weight":0.0,"played":[0.0,1.0],"evs":[0.0,2.93873]},"Q9o":{"weight":0.0,"played":[0.0038,0.9962],"evs":[0.0,0.4534]},"K9o":{"weight":0.0,"played":[0.0429,0.9571],"evs":[0.0,1.2166]},"A9o":{"weight":0.056,"played":[0.0,1.0],"evs":[0.0,3.50114]},"T2s":{"weight":0.0,"played":[0.021,0.979],"evs":[0.0,1.41233]},"T3s":{"weight":0.0,"played":[0.8233,0.1767],"evs":[0.0,0.61222]},"T4s":{"weight":0.0,"played":[0.0215,0.9785],"evs":[0.0,2.05492]},"T5s":{"weight":0.0,"played":[0.0533,0.9467],"evs":[0.0,1.51788]},"T6s":{"weight":0.0,"played":[0.0629,0.9371],"evs":[0.0,1.78308]},"T7s":{"weight":0.0,"played":[0.0352,0.9648],"evs":[0.0,6.45054]},"T8s":{"weight":0.0,"played":[0.005,0.995],"evs":[0.0,4.25738]},"T9s":{"weight":0.0,"played":[0.0038,0.9962],"evs":[0.0,3.86205]},"TT":{"weight":0.3518,"played":[0.0,1.0],"evs":[0.0,7.15979]},"JTo":{"weight":0.0,"played":[3.0E-4,0.9997],"evs":[0.0,1.21977]},"QTo":{"weight":0.0,"played":[0.0018,0.9982],"evs":[0.0,2.59364]},"KTo":{"weight":0.0,"played":[0.001,0.999],"evs":[0.0,1.3807]},"ATo":{"weight":0.2977,"played":[0.0,1.0],"evs":[0.0,1.35661]},"J2s":{"weight":0.0,"played":[0.3833,0.6167],"evs":[0.0,0.14476]},"J3s":{"weight":0.0,"played":[0.0035,0.9965],"evs":[0.0,1.70671]},"J4s":{"weight":0.0,"played":[0.2231,0.7769],"evs":[0.0,1.67871]},"J5s":{"weight":0.0,"played":[0.2892,0.7108],"evs":[0.0,1.0811]},"J6s":{"weight":0.0,"played":[0.0,1.0],"evs":[0.0,2.79734]},"J7s":{"weight":0.0,"played":[0.0038,0.9962],"evs":[0.0,2.60189]},"J8s":{"weight":0.0,"played":[0.0376,0.9624],"evs":[0.0,5.92567]},"J9s":{"weight":0.0,"played":[0.1949,0.8051],"evs":[0.0,1.20042]},"JTs":{"weight":0.0,"played":[0.2322,0.7678],"evs":[0.0,3.25735]},"JJ":{"weight":0.1888,"played":[0.0,1.0],"evs":[0.0,7.2185]},"QJo":{"weight":0.0,"played":[0.1344,0.8656],"evs":[0.0,1.86484]},"KJo":{"weight":0.0,"played":[0.0022,0.9978],"evs":[0.0,3.50306]},"AJo":{"weight":0.2828,"played":[0.0,1.0],"evs":[0.0,1.06972]},"Q2s":{"weight":0.0,"played":[0.0387,0.9613],"evs":[0.0,0.23885]},"Q3s":{"weight":0.0,"played":[0.0044,0.9956],"evs":[0.0,1.8843]},"Q4s":{"weight":0.0,"played":[0.0073,0.9927],"evs":[0.0,1.5616]},"Q5s":{"weight":0.0,"played":[0.0017,0.9983],"evs":[0.0,2.55298]},"Q6s":{"weight":0.0,"played":[0.0095,0.9905],"evs":[0.0,2.51021]},"Q7s":{"weight":0.0,"played":[0.466,0.534],"evs":[0.0,1.54036]},"Q8s":{"weight":0.0,"played":[0.0085,0.9915],"evs":[0.0,5.30673]},"Q9s":{"weight":0.0,"played":[0.0027,0.9973],"evs":[0.0,5.00685]},"QTs":{"weight":0.4346,"played":[0.0,1.0],"evs":[0.0,4.1207]},"QJs":{"weight":0.9659,"played":[0.0013,0.9987],"evs":[0.0,2.42633]},"QQ":{"weight":0.606,"played":[0.0,1.0],"evs":[0.0,7.88042]},"KQo":{"weight":0.3953,"played":[0.0,1.0],"evs":[0.0,3.05026]},"AQo":{"weight":0.2158,"played":[0.0035,0.9965],"evs":[0.0,2.21211]},"K2s":{"weight":0.0,"played":[0.8494,0.1506],"evs":[0.0,1.1469]},"K3s":{"weight":0.0,"played":[0.0463,0.9537],"evs":[0.0,1.76962]},"K4s":{"weight":0.0,"played":[0.0,1.0],"evs":[0.0,1.48419]},"K5s":{"weight":0.0,"played":[2.0E-4,0.9998],"evs":[0.0,2.45213]},"K6s":{"weight":0.0,"played":[0.1589,0.8411],"evs":[0.0,3.84587]},"K7s":{"weight":0.0,"played":[0.0558,0.9442],"evs":[0.0,2.78378]},"K8s":{"weight":0.0,"played":[0.142,0.858],"evs":[0.0,2.57413]},"K9s":{"weight":0.0,"played":[0.254,0.746],"evs":[0.0,1.62703]},"KTs":{"weight":0.0131,"played":[0.007,0.993],"evs":[0.0,1.51744]},"KJs":{"weight":0.4127,"played":[0.0068,0.9932],"evs":[0.0,1.54888]},"KQs":{"weight":0.9422,"played":[0.0038,0.9962],"evs":[0.0,2.67746]},"KK":{"weight":0.7602,"played":[0.0,1.0],"evs":[0.0,11.15653]},"AKo":{"weight":0.2248,"played":[0.0,1.0],"evs":[0.0,3.08975]},"A2s":{"weight":0.0,"played":[0.008,0.992],"evs":[0.0,5.67533]},"A3s":{"weight":0.0,"played":[0.0,1.0],"evs":[0.0,4.37995]},"A4s":{"weight":0.862,"played":[0.2667,0.7333],"evs":[0.0,3.04999]},"A5s":{"weight":0.3927,"played":[0.1398,0.8602],"evs":[0.0,1.80387]},"A6s":{"weight":0.0266,"played":[0.0,1.0],"evs":[0.0,2.44025]},"A7s":{"weight":0.8027,"played":[0.1744,0.8256],"evs":[0.0,0.36439]},"A8s":{"weight":0.2068,"played":[0.0018,0.9982],"evs":[0.0,4.20609]},"A9s":{"weight":0.8689,"played":[0.0,1.0],"evs":[0.0,0.9867]},"ATs":{"weight":0.5287,"played":[0.0,1.0],"evs":[0.0,1.52326]},"AJs":{"weight":0.0748,"played":[0.0015,0.9985],"evs":[0.0,3.27929]},"AQs":{"weight":0.5127,"played":[0.0096,0.9904],"evs":[0.0,1.73016]},"AKs":{"weight":0.9259,"played":[0.0,1.0],"evs":[0.0,4.28508]},"AA":{"weight":0.1583,"played":[4.0E-4,0.9996],"evs":[0.0,15.28313]}}}