{"player":1,"street":0,"children":2,"sequence":[{"player":0,"type":"R","amount":40250000,"street":0}],"actions":[{"type":"F","amount":0,"node":65},{"type":"C","amount":32750000,"node":91}],"hands":{"22":{"weight":1.0,"played":[1.0,0.0],"evs":[0.0,-2.40532]},"32o":{"weight":1.0,"played":[1.0,0.0],"evs":[0.0,-4.84467]},"42o":{"weight":1.0,"played":[1.0,0.0],"evs":[0.0,-4.71019]},"52o":{"weight":1.0,"played":[1.0,0.0],"evs":[0.0,-4.58913]},"62o":{"weight":1.0,"played":[1.0,0.0],"evs":[0.0,-4.75718]},"72o":{"weight":1.0,"played":[1.0,0.0],"evs":[0.0,-4.9517]},"82o":{"weight":1.0,"played":[1.0,0.0],"evs":[0.0,-4.84617]},"92o":{"weight":1.0,"played":[1.0,0.0],"evs":[0.0,-4.81769]},"T2o":{"weight":1.0,"played":[1.0,0.0],"evs":[0.0,-4.74303]},"J2o":{"weight":1.0,"played":[1.0,0.0],"evs":[0.0,-4.62175]},"Q2o":{"weight":1.0,"played":[1.0,0.0],"evs":[0.0,-4.38785]},"K2o":{"weight":1.0,"played":[1.0,0.0],"evs":[0.0,-3.99519]},"A2o":{"weight":1.0,"played":[1.0,0.0],"evs":[0.0,-2.86328]},"32s":{"weight":1.0,"played":[1.0,0.0],"evs":[0.0,-4.15322]},"33":{"weight":1.0,"played":[1.0,0.0],"evs":[0.0,-2.07187]},"43o":{"weight":1.0,"played":[1.0,0.0],"evs":[0.0,-4.39348]},"53o":{"weight":1.0,"played":[1.0,0.0],"evs":[0.0,-4.27368]},"63o":{"weight":1.0,"played":[1.0,0.0],"evs":[0.0,-4.44076]},"73o":{"weight":1.0,"played":[1.0,0.0],"evs":[0.0,-4.62361]},"83o":{"weight":1.0,"played":[1.0,0.0],"evs":[0.0,-4.78169]},"93o":{"weight":1.0,"played":[1.0,0.0],"evs":[0.0,-4.69168]},"T3o":{"weight":1.0,"played":[1.0,0.0],"evs":[0.0,-4.61677]},"J3o":{"weight":1.0,"played":[1.0,0.0],"evs":[0.0,-4.49828]},"Q3o":{"weight":1.0,"played":[1.0,0.0],"evs":[0.0,-4.25839]},"K3o":{"weight":1.0,"played":[1.0,0.0],"evs":[0.0,-3.87111]},"A3o":{"weight":1.0,"played":[1.0,0.0],"evs":[0.0,-2.74474]},"42s":{"weight":1.0,"played":[1.0,0.0],"evs":[0.0,-4.03379]},"43s":{"weight":1.0,"played":[1.0,0.0],"evs":[0.0,-3.73041]},"44":{"weight":1.0,"played":[1.0,0.0],"evs":[0.0,-1.72642]},"54o":{"weight":1.0,"played":[1.0,0.0],"evs":[0.0,-3.96387]},"64o":{"weight":1.0,"played":[1.0,0.0],"evs":[0.0,-4.1174]},"74o":{"weight":1.0,"played":[1.0,0.0],"evs":[0.0,-4.30112]},"84o":{"weight":1.0,"played":[1.0,0.0],"evs":[0.0,-4.45991]},"94o":{"weight":1.0,"played":[1.0,0.0],"evs":[0.0,-4.62816]},"T4o":{"weight":1.0,"played":[1.0,0.0],"evs":[0.0,-4.50012]},"J4o":{"weight":1.0,"played":[1.0,0.0],"evs":[0.0,-4.37578]},"Q4o":{"weight":1.0,"played":[1.0,0.0],"evs":[0.0,-4.14293]},"K4o":{"weight":1.0,"played":[1.0,0.0],"evs":[0.0,-3.75584]},"A4o":{"weight":1.0,"played":[1.0,0.0],"evs":[0.0,-2.61914]},"52s":{"weight":1.0,"played":[1.0,0.0],"evs":[0.0,-3.92477]},"53s":{"weight":1.0,"played":[1.0,0.0],"evs":[0.0,-3.61599]},"54s":{"weight":1.0,"played":[1.0,0.0],"evs":[0.0,-3.33108]},"55":{"weight":1.0,"played":[1.0,0.0],"evs":[0.0,-1.36791]},"65o":{"weight":1.0,"played":[1.0,0.0],"evs":[0.0,-3.82894]},"75o":{"weight":1.0,"played":[1.0,0.0],"evs":[0.0,-4.00243]},"85o":{"weight":1.0,"played":[1.0,0.0],"evs":[0.0,-4.14882]},"95o":{"weight":1.0,"played":[1.0,0.0],"evs":[0.0,-4.32526]},"T5o":{"weight":1.0,"played":[1.0,0.0],"evs":[0.0,-4.44269]},"J5o":{"weight":1.0,"played":[1.0,0.0],"evs":[0.0,-4.27027]},"Q5o":{"weight":1.0,"played":[1.0,0.0],"evs":[0.0,-4.03751]},"K5o":{"weight":1.0,"played":[1.0,0.0],"evs":[0.0,-3.64802]},"A5o":{"weight":1.0,"played":[1.0,0.0],"evs":[0.0,-2.47342]},"62s":{"weight":1.0,"played":[1.0,0.0],"evs":[0.0,-4.08466]},"63s":{"weight":1.0,"played":[1.0,0.0],"evs":[0.0,-3.77504]},"64s":{"weight":1.0,"played":[1.0,0.0],"evs":[0.0,-3.46911]},"65s":{"weight":1.0,"played":[1.0,0.0],"evs":[0.0,-3.19336]},"66":{"weight":1.0,"played":[1.0,0.0],"evs":[0.0,-1.05651]},"76o":{"weight":1.0,"played":[1.0,0.0],"evs":[0.0,-3.7273]},"86o":{"weight":1.0,"played":[1.0,0.0],"evs":[0.0,-3.87003]},"96o":{"weight":1.0,"played":[1.0,0.0],"evs":[0.0,-4.03289]},"T6o":{"weight":1.0,"played":[1.0,0.0],"evs":[0.0,-4.14791]},"J6o":{"weight":1.0,"played":[1.0,0.0],"evs":[0.0,-4.22115]},"Q6o":{"weight":1.0,"played":[1.0,0.0],"evs":[0.0,-3.93707]},"K6o":{"weight":1.0,"played":[1.0,0.0],"evs":[0.0,-3.54303]},"A6o":{"weight":1.0,"played":[1.0,0.0],"evs":[0.0,-2.58189]},"72s":{"weight":1.0,"played":[1.0,0.0],"evs":[0.0,-4.24637]},"73s":{"weight":1.0,"played":[1.0,0.0],"evs":[0.0,-3.95876]},"74s":{"weight":1.0,"played":[1.0,0.0],"evs":[0.0,-3.64818]},"75s":{"weight":1.0,"played":[1.0,0.0],"evs":[0.0,-3.3654]},"76s":{"weight":1.0,"played":[1.0,0.0],"evs":[0.0,-3.10763]},"77":{"weight":1.0,"played":[1.0,0.0],"evs":[0.0,-0.7414]},"87o":{"weight":1.0,"played":[1.0,0.0],"evs":[0.0,-3.66826]},"97o":{"weight":1.0,"played":[1.0,0.0],"evs":[0.0,-3.81605]},"T7o":{"weight":1.0,"played":[1.0,0.0],"evs":[0.0,-3.92812]},"J7o":{"weight":1.0,"played":[1.0,0.0],"evs":[0.0,-4.01693]},"Q7o":{"weight":1.0,"played":[1.0,0.0],"evs":[0.0,-3.95931]},"K7o":{"weight":1.0,"played":[1.0,0.0],"evs":[0.0,-3.51832]},"A7o":{"weight":1.0,"played":[1.0,0.0],"evs":[0.0,-2.35794]},"82s":{"weight":1.0,"played":[1.0,0.0],"evs":[0.0,-4.15963]},"83s":{"weight":1.0,"played":[1.0,0.0],"evs":[0.0,-4.08514]},"84s":{"weight":1.0,"played":[1.0,0.0],"evs":[0.0,-3.78487]},"85s":{"weight":1.0,"played":[1.0,0.0],"evs":[0.0,-3.51151]},"86s":{"weight":1.0,"played":[1.0,0.0],"evs":[0.0,-3.23122]},"87s":{"weight":1.0,"played":[1.0,0.0],"evs":[0.0,-3.05309]},"88":{"weight":1.0,"played":[1.0,0.0],"evs":[0.0,-0.30568]},"98o":{"weight":1.0,"played":[1.0,0.0],"evs":[0.0,-3.61746]},"T8o":{"weight":1.0,"played":[1.0,0.0],"evs":[0.0,-3.70763]},"J8o":{"weight":1.0,"played":[1.0,0.0],"evs":[0.0,-3.77893]},"Q8o":{"weight":1.0,"played":[1.0,0.0],"evs":[0.0,-3.73109]},"K8o":{"weight":1.0,"played":[1.0,0.0],"evs":[0.0,-3.49966]},"A8o":{"weight":1.0,"played":[1.0,0.0],"evs":[0.0,-2.02908]},"92s":{"weight":1.0,"played":[1.0,0.0],"evs":[0.0,-4.11367]},"93s":{"weight":1.0,"played":[1.0,0.0],"evs":[0.0,-4.00415]},"94s":{"weight":1.0,"played":[1.0,0.0],"evs":[0.0,-3.93924]},"95s":{"weight":1.0,"played":[1.0,0.0],"evs":[0.0,-3.66092]},"96s":{"weight":1.0,"played":[1.0,0.0],"evs":[0.0,-3.37259]},"97s":{"weight":1.0,"played":[1.0,0.0],"evs":[0.0,-3.18079]},"98s":{"weight":1.0,"played":[1.0,0.0],"evs":[0.0,-2.99678]},"99":{"weight":1.0,"played":[0.0,1.0],"evs":[0.0,0.2269]},"T9o":{"weight":1.0,"played":[1.0,0.0],"evs":[0.0,-3.4555]},"J9o":{"weight":1.0,"played":[1.0,0.0],"evs":[0.0,-3.49703]},"Q9o":{"weight":1.0,"played":[1.0,0.0],"evs":[0.0,-3.41755]},"K9o":{"weight":1.0,"played":[1.0,0.0],"evs":[0.0,-3.16442]},"A9o":{"weight":1.0,"played":[1.0,0.0],"evs":[0.0,-1.54339]},"T2s":{"weight":1.0,"played":[1.0,0.0],"evs":[0.0,-4.05658]},"T3s":{"weight":1.0,"played":[1.0,0.0],"evs":[0.0,-3.9321]},"T4s":{"weight":1.0,"played":[1.0,0.0],"evs":[0.0,-3.82084]},"T5s":{"weight":1.0,"played":[1.0,0.0],"evs":[0.0,-3.75836]},"T6s":{"weight":1.0,"played":[1.0,0.0],"evs":[0.0,-3.48754]},"T7s":{"weight":1.0,"played":[1.0,0.0],"evs":[0.0,-3.28143]},"T8s":{"weight":1.0,"played":[1.0,0.0],"evs":[0.0,-3.07333]},"T9s":{"weight":1.0,"played":[1.0,0.0],"evs":[0.0,-2.8201]},"TT":{"weight":1.0,"played":[0.0,1.0],"evs":[0.0,0.98121]},"JTo":{"weight":1.0,"played":[1.0,0.0],"evs":[0.0,-3.10492]},"QTo":{"weight":1.0,"played":[1.0,0.0],"evs":[0.0,-3.01504]},"KTo":{"weight":1.0,"played":[1.0,0.0],"evs":[0.0,-2.5806]},"ATo":{"weight":1.0,"played":[1.0,0.0],"evs":[0.0,-0.8]},"J2s":{"weight":1.0,"played":[1.0,0.0],"evs":[0.0,-3.91091]},"J3s":{"weight":1.0,"played":[1.0,0.0],"evs":[0.0,-3.80818]},"J4s":{"weight":1.0,"played":[1.0,0.0],"evs":[0.0,-3.69545]},"J5s":{"weight":1.0,"played":[1.0,0.0],"evs":[0.0,-3.59925]},"J6s":{"weight":1.0,"played":[1.0,0.0],"evs":[0.0,-3.54934]},"J7s":{"weight":1.0,"played":[1.0,0.0],"evs":[0.0,-3.36668]},"J8s":{"weight":1.0,"played":[1.0,0.0],"evs":[0.0,-3.13654]},"J9s":{"weight":1.0,"played":[1.0,0.0],"evs":[0.0,-2.86299]},"JTs":{"weight":1.0,"played":[1.0,0.0],"evs":[0.0,-2.48525]},"JJ":{"weight":1.0,"played":[0.0,1.0],"evs":[0.0,1.77311]},"QJo":{"weight":1.0,"played":[1.0,0.0],"evs":[0.0,-2.68213]},"KJo":{"weight":1.0,"played":[1.0,0.0],"evs":[0.0,-2.1074]},"AJo":{"weight":1.0,"played":[1.0,0.0],"evs":[0.0,-0.19699]},"Q2s":{"weight":1.0,"played":[1.0,0.0],"evs":[0.0,-3.69031]},"Q3s":{"weight":1.0,"played":[1.0,0.0],"evs":[0.0,-3.58003]},"Q4s":{"weight":1.0,"played":[1.0,0.0],"evs":[0.0,-3.46659]},"Q5s":{"weight":1.0,"played":[1.0,0.0],"evs":[0.0,-3.37025]},"Q6s":{"weight":1.0,"played":[1.0,0.0],"evs":[0.0,-3.27251]},"Q7s":{"weight":1.0,"played":[1.0,0.0],"evs":[0.0,-3.29258]},"Q8s":{"weight":1.0,"played":[1.0,0.0],"evs":[0.0,-3.09031]},"Q9s":{"weight":1.0,"played":[1.0,0.0],"evs":[0.0,-2.78374]},"QTs":{"weight":1.0,"played":[1.0,0.0],"evs":[0.0,-2.41138]},"QJs":{"weight":1.0,"played":[1.0,0.0],"evs":[0.0,-2.1155]},"QQ":{"weight":1.0,"played":[0.0,1.0],"evs":[0.0,2.66358]},"KQo":{"weight":1.0,"played":[1.0,0.0],"evs":[0.0,-1.62162]},"AQo":{"weight":1.0,"played":[0.0,1.0],"evs":[0.0,0.37127]},"K2s":{"weight":1.0,"played":[1.0,0.0],"evs":[0.0,-3.3084]},"K3s":{"weight":1.0,"played":[1.0,0.0],"evs":[0.0,-3.20432]},"K4s":{"weight":1.0,"played":[1.0,0.0],"evs":[0.0,-3.07861]},"K5s":{"weight":1.0,"played":[1.0,0.0],"evs":[0.0,-2.99727]},"K6s":{"weight":1.0,"played":[1.0,0.0],"evs":[0.0,-2.88955]},"K7s":{"weight":1.0,"played":[1.0,0.0],"evs":[0.0,-2.87139]},"K8s":{"weight":1.0,"played":[1.0,0.0],"evs":[0.0,-2.86084]},"K9s":{"weight":1.0,"played":[1.0,0.0],"evs":[0.0,-2.53767]},"KTs":{"weight":1.0,"played":[1.0,0.0],"evs":[0.0,-2.00209]},"KJs":{"weight":1.0,"played":[1.0,0.0],"evs":[0.0,-1.56006]},"KQs":{"weight":1.0,"played":[1.0,0.0],"evs":[0.0,-1.0921]},"KK":{"weight":1.0,"played":[0.0,1.0],"evs":[0.0,3.70292]},"AKo":{"weight":1.0,"played":[0.0,1.0],"evs":[0.0,1.06257]},"A2s":{"weight":1.0,"played":[1.0,0.0],"evs":[0.0,-2.23994]},"A3s":{"weight":1.0,"played":[1.0,0.0],"evs":[0.0,-2.11567]},"A4s":{"weight":1.0,"played":[1.0,0.0],"evs":[0.0,-2.00047]},"A5s":{"weight":1.0,"played":[1.0,0.0],"evs":[0.0,-1.8683]},"A6s":{"weight":1.0,"played":[1.0,0.0],"evs":[0.0,-1.96711]},"A7s":{"weight":1.0,"played":[1.0,0.0],"evs":[0.0,-1.75413]},"A8s":{"weight":1.0,"played":[1.0,0.0],"evs":[0.0,-1.46072]},"A9s":{"weight":1.0,"played":[1.0,0.0],"evs":[0.0,-1.0112]},"ATs":{"weight":1.0,"played":[1.0,0.0],"evs":[0.0,-0.31483]},"AJs":{"weight":1.0,"played":[0.0,1.0],"evs":[0.0,0.23854]},"AQs":{"weight":1.0,"played":[0.0,1.0],"evs":[0.0,0.77346]},"AKs":{"weight":1.0,"played":[0.0,1.0],"evs":[0.0,1.41345]},"AA":{"weight":1.0,"played":[0.0,1.0],"evs":[0.0,5.62584]}}}