{"player":3,"street":0,"children":2,"sequence":[{"player":0,"type":"R","amount":40250000,"street":0},{"player":1,"type":"F","amount":0,"street":0},{"player":2,"type":"F","amount":0,"street":0}],"actions":[{"type":"F","amount":0,"node":67},{"type":"C","amount":13250000,"node":70}],"hands":{"22":{"weight":1.0,"played":[1.0,0.0],"evs":[0.0,-0.48122]},"32o":{"weight":1.0,"played":[1.0,0.0],"evs":[0.0,-1.84843]},"42o":{"weight":1.0,"played":[1.0,0.0],"evs":[0.0,-1.7646]},"52o":{"weight":1.0,"played":[1.0,0.0],"evs":[0.0,-1.69297]},"62o":{"weight":1.0,"played":[1.0,0.0],"evs":[0.0,-1.79382]},"72o":{"weight":1.0,"played":[1.0,0.0],"evs":[0.0,-1.90489]},"82o":{"weight":1.0,"played":[1.0,0.0],"evs":[0.0,-1.84606]},"92o":{"weight":1.0,"played":[1.0,0.0],"evs":[0.0,-1.83334]},"T2o":{"weight":1.0,"played":[1.0,0.0],"evs":[0.0,-1.78272]},"J2o":{"weight":1.0,"played":[1.0,0.0],"evs":[0.0,-1.71872]},"Q2o":{"weight":1.0,"played":[1.0,0.0],"evs":[0.0,-1.57935]},"K2o":{"weight":1.0,"played":[1.0,0.0],"evs":[0.0,-1.37015]},"A2o":{"weight":1.0,"played":[1.0,0.0],"evs":[0.0,-0.76775]},"32s":{"weight":1.0,"played":[1.0,0.0],"evs":[0.0,-1.43118]},"33":{"weight":1.0,"played":[1.0,0.0],"evs":[0.0,-0.29488]},"43o":{"weight":1.0,"played":[1.0,0.0],"evs":[0.0,-1.58044]},"53o":{"weight":1.0,"played":[1.0,0.0],"evs":[0.0,-1.50411]},"63o":{"weight":1.0,"played":[1.0,0.0],"evs":[0.0,-1.60166]},"73o":{"weight":1.0,"played":[1.0,0.0],"evs":[0.0,-1.7162]},"83o":{"weight":1.0,"played":[1.0,0.0],"evs":[0.0,-1.80685]},"93o":{"weight":1.0,"played":[1.0,0.0],"evs":[0.0,-1.75616]},"T3o":{"weight":1.0,"played":[1.0,0.0],"evs":[0.0,-1.7114]},"J3o":{"weight":1.0,"played":[1.0,0.0],"evs":[0.0,-1.64751]},"Q3o":{"weight":1.0,"played":[1.0,0.0],"evs":[0.0,-1.50848]},"K3o":{"weight":1.0,"played":[1.0,0.0],"evs":[0.0,-1.30624]},"A3o":{"weight":1.0,"played":[1.0,0.0],"evs":[0.0,-0.68994]},"42s":{"weight":1.0,"played":[1.0,0.0],"evs":[0.0,-1.35296]},"43s":{"weight":1.0,"played":[1.0,0.0],"evs":[0.0,-1.17819]},"44":{"weight":1.0,"played":[1.0,0.0],"evs":[0.0,-0.08221]},"54o":{"weight":1.0,"played":[1.0,0.0],"evs":[0.0,-1.31846]},"64o":{"weight":1.0,"played":[1.0,0.0],"evs":[0.0,-1.41447]},"74o":{"weight":1.0,"played":[1.0,0.0],"evs":[0.0,-1.5173]},"84o":{"weight":1.0,"played":[1.0,0.0],"evs":[0.0,-1.61496]},"94o":{"weight":1.0,"played":[1.0,0.0],"evs":[0.0,-1.71213]},"T4o":{"weight":1.0,"played":[1.0,0.0],"evs":[0.0,-1.63823]},"J4o":{"weight":1.0,"played":[1.0,0.0],"evs":[0.0,-1.57122]},"Q4o":{"weight":1.0,"played":[1.0,0.0],"evs":[0.0,-1.4311]},"K4o":{"weight":1.0,"played":[1.0,0.0],"evs":[0.0,-1.22745]},"A4o":{"weight":1.0,"played":[1.0,0.0],"evs":[0.0,-0.61322]},"52s":{"weight":1.0,"played":[1.0,0.0],"evs":[0.0,-1.29324]},"53s":{"weight":1.0,"played":[1.0,0.0],"evs":[0.0,-1.1108]},"54s":{"weight":1.0,"played":[1.0,0.0],"evs":[0.0,-0.93646]},"55":{"weight":1.0,"played":[0.0,1.0],"evs":[0.0,0.14039]},"65o":{"weight":1.0,"played":[1.0,0.0],"evs":[0.0,-1.23583]},"75o":{"weight":1.0,"played":[1.0,0.0],"evs":[0.0,-1.33291]},"85o":{"weight":1.0,"played":[1.0,0.0],"evs":[0.0,-1.42834]},"95o":{"weight":1.0,"played":[1.0,0.0],"evs":[0.0,-1.52845]},"T5o":{"weight":1.0,"played":[1.0,0.0],"evs":[0.0,-1.59829]},"J5o":{"weight":1.0,"played":[1.0,0.0],"evs":[0.0,-1.50388]},"Q5o":{"weight":1.0,"played":[1.0,0.0],"evs":[0.0,-1.36615]},"K5o":{"weight":1.0,"played":[1.0,0.0],"evs":[0.0,-1.16307]},"A5o":{"weight":1.0,"played":[1.0,0.0],"evs":[0.0,-0.52544]},"62s":{"weight":1.0,"played":[1.0,0.0],"evs":[0.0,-1.37434]},"63s":{"weight":1.0,"played":[1.0,0.0],"evs":[0.0,-1.19549]},"64s":{"weight":1.0,"played":[1.0,0.0],"evs":[0.0,-1.01693]},"65s":{"weight":1.0,"played":[1.0,0.0],"evs":[0.0,-0.84901]},"66":{"weight":1.0,"played":[0.0,1.0],"evs":[0.0,0.34207]},"76o":{"weight":1.0,"played":[1.0,0.0],"evs":[0.0,-1.1697]},"86o":{"weight":1.0,"played":[1.0,0.0],"evs":[0.0,-1.25152]},"96o":{"weight":1.0,"played":[1.0,0.0],"evs":[0.0,-1.3494]},"T6o":{"weight":1.0,"played":[1.0,0.0],"evs":[0.0,-1.42118]},"J6o":{"weight":1.0,"played":[1.0,0.0],"evs":[0.0,-1.47002]},"Q6o":{"weight":1.0,"played":[1.0,0.0],"evs":[0.0,-1.29534]},"K6o":{"weight":1.0,"played":[1.0,0.0],"evs":[0.0,-1.09437]},"A6o":{"weight":1.0,"played":[1.0,0.0],"evs":[0.0,-0.57963]},"72s":{"weight":1.0,"played":[1.0,0.0],"evs":[0.0,-1.48154]},"73s":{"weight":1.0,"played":[1.0,0.0],"evs":[0.0,-1.30116]},"74s":{"weight":1.0,"played":[1.0,0.0],"evs":[0.0,-1.1189]},"75s":{"weight":1.0,"played":[1.0,0.0],"evs":[0.0,-0.94852]},"76s":{"weight":1.0,"played":[1.0,0.0],"evs":[0.0,-0.79244]},"77":{"weight":1.0,"played":[0.0,1.0],"evs":[0.0,0.53104]},"87o":{"weight":1.0,"played":[1.0,0.0],"evs":[0.0,-1.13806]},"97o":{"weight":1.0,"played":[1.0,0.0],"evs":[0.0,-1.22011]},"T7o":{"weight":1.0,"played":[1.0,0.0],"evs":[0.0,-1.2835]},"J7o":{"weight":1.0,"played":[1.0,0.0],"evs":[0.0,-1.34261]},"Q7o":{"weight":1.0,"played":[1.0,0.0],"evs":[0.0,-1.31155]},"K7o":{"weight":1.0,"played":[1.0,0.0],"evs":[0.0,-1.07955]},"A7o":{"weight":1.0,"played":[1.0,0.0],"evs":[0.0,-0.4551]},"82s":{"weight":1.0,"played":[1.0,0.0],"evs":[0.0,-1.42283]},"83s":{"weight":1.0,"played":[1.0,0.0],"evs":[0.0,-1.3953]},"84s":{"weight":1.0,"played":[1.0,0.0],"evs":[0.0,-1.2033]},"85s":{"weight":1.0,"played":[1.0,0.0],"evs":[0.0,-1.02842]},"86s":{"weight":1.0,"played":[1.0,0.0],"evs":[0.0,-0.86329]},"87s":{"weight":1.0,"played":[1.0,0.0],"evs":[0.0,-0.76113]},"88":{"weight":1.0,"played":[0.0,1.0],"evs":[0.0,0.77129]},"98o":{"weight":1.0,"played":[1.0,0.0],"evs":[0.0,-1.09723]},"T8o":{"weight":1.0,"played":[1.0,0.0],"evs":[0.0,-1.14831]},"J8o":{"weight":1.0,"played":[1.0,0.0],"evs":[0.0,-1.20302]},"Q8o":{"weight":1.0,"played":[1.0,0.0],"evs":[0.0,-1.18124]},"K8o":{"weight":1.0,"played":[1.0,0.0],"evs":[0.0,-1.0726]},"A8o":{"weight":1.0,"played":[1.0,0.0],"evs":[0.0,-0.27303]},"92s":{"weight":1.0,"played":[1.0,0.0],"evs":[0.0,-1.40447]},"93s":{"weight":1.0,"played":[1.0,0.0],"evs":[0.0,-1.33595]},"94s":{"weight":1.0,"played":[1.0,0.0],"evs":[0.0,-1.29773]},"95s":{"weight":1.0,"played":[1.0,0.0],"evs":[0.0,-1.12116]},"96s":{"weight":1.0,"played":[1.0,0.0],"evs":[0.0,-0.95982]},"97s":{"weight":1.0,"played":[1.0,0.0],"evs":[0.0,-0.83768]},"98s":{"weight":1.0,"played":[1.0,0.0],"evs":[0.0,-0.71197]},"99":{"weight":1.0,"played":[0.0,1.0],"evs":[0.0,1.1067]},"T9o":{"weight":1.0,"played":[1.0,0.0],"evs":[0.0,-1.00441]},"J9o":{"weight":1.0,"played":[1.0,0.0],"evs":[0.0,-1.03694]},"Q9o":{"weight":1.0,"played":[1.0,0.0],"evs":[0.0,-0.99845]},"K9o":{"weight":1.0,"played":[1.0,0.0],"evs":[0.0,-0.87373]},"A9o":{"weight":1.0,"played":[0.5542,0.4458],"evs":[0.0,0.01084]},"T2s":{"weight":1.0,"played":[1.0,0.0],"evs":[0.0,-1.36463]},"T3s":{"weight":1.0,"played":[1.0,0.0],"evs":[0.0,-1.29706]},"T4s":{"weight":1.0,"played":[1.0,0.0],"evs":[0.0,-1.21664]},"T5s":{"weight":1.0,"played":[1.0,0.0],"evs":[0.0,-1.1751]},"T6s":{"weight":1.0,"played":[1.0,0.0],"evs":[0.0,-1.02628]},"T7s":{"weight":1.0,"played":[1.0,0.0],"evs":[0.0,-0.89882]},"T8s":{"weight":1.0,"played":[1.0,0.0],"evs":[0.0,-0.75863]},"T9s":{"weight":1.0,"played":[1.0,0.0],"evs":[0.0,-0.62413]},"TT":{"weight":1.0,"played":[0.0,1.0],"evs":[0.0,1.55935]},"JTo":{"weight":1.0,"played":[1.0,0.0],"evs":[0.0,-0.79298]},"QTo":{"weight":1.0,"played":[1.0,0.0],"evs":[0.0,-0.75217]},"KTo":{"weight":1.0,"played":[1.0,0.0],"evs":[0.0,-0.53871]},"ATo":{"weight":1.0,"played":[0.0,1.0],"evs":[0.0,0.47473]},"J2s":{"weight":1.0,"played":[1.0,0.0],"evs":[0.0,-1.29696]},"J3s":{"weight":1.0,"played":[1.0,0.0],"evs":[0.0,-1.23089]},"J4s":{"weight":1.0,"played":[1.0,0.0],"evs":[0.0,-1.1598]},"J5s":{"weight":1.0,"played":[1.0,0.0],"evs":[0.0,-1.09076]},"J6s":{"weight":1.0,"played":[1.0,0.0],"evs":[0.0,-1.06267]},"J7s":{"weight":1.0,"played":[1.0,0.0],"evs":[0.0,-0.94037]},"J8s":{"weight":1.0,"played":[1.0,0.0],"evs":[0.0,-0.8186]},"J9s":{"weight":1.0,"played":[1.0,0.0],"evs":[0.0,-0.65197]},"JTs":{"weight":1.0,"played":[1.0,0.0],"evs":[0.0,-0.4353]},"JJ":{"weight":1.0,"played":[0.0,1.0],"evs":[0.0,2.04895]},"QJo":{"weight":1.0,"played":[1.0,0.0],"evs":[0.0,-0.57634]},"KJo":{"weight":1.0,"played":[1.0,0.0],"evs":[0.0,-0.27806]},"AJo":{"weight":1.0,"played":[0.0,1.0],"evs":[0.0,0.85454]},"Q2s":{"weight":1.0,"played":[1.0,0.0],"evs":[0.0,-1.15973]},"Q3s":{"weight":1.0,"played":[1.0,0.0],"evs":[0.0,-1.09883]},"Q4s":{"weight":1.0,"played":[1.0,0.0],"evs":[0.0,-1.02043]},"Q5s":{"weight":1.0,"played":[1.0,0.0],"evs":[0.0,-0.96549]},"Q6s":{"weight":1.0,"played":[1.0,0.0],"evs":[0.0,-0.89799]},"Q7s":{"weight":1.0,"played":[1.0,0.0],"evs":[0.0,-0.91902]},"Q8s":{"weight":1.0,"played":[1.0,0.0],"evs":[0.0,-0.78317]},"Q9s":{"weight":1.0,"played":[1.0,0.0],"evs":[0.0,-0.62127]},"QTs":{"weight":1.0,"played":[1.0,0.0],"evs":[0.0,-0.38579]},"QJs":{"weight":1.0,"played":[1.0,0.0],"evs":[0.0,-0.23001]},"QQ":{"weight":1.0,"played":[0.0,1.0],"evs":[0.0,2.60828]},"KQo":{"weight":1.0,"played":[0.1002,0.8998],"evs":[0.0,0.02934]},"AQo":{"weight":1.0,"played":[0.0,1.0],"evs":[0.0,1.23529]},"K2s":{"weight":1.0,"played":[1.0,0.0],"evs":[0.0,-0.95775]},"K3s":{"weight":1.0,"played":[1.0,0.0],"evs":[0.0,-0.89708]},"K4s":{"weight":1.0,"played":[1.0,0.0],"evs":[0.0,-0.82434]},"K5s":{"weight":1.0,"played":[1.0,0.0],"evs":[0.0,-0.75964]},"K6s":{"weight":1.0,"played":[1.0,0.0],"evs":[0.0,-0.70363]},"K7s":{"weight":1.0,"played":[1.0,0.0],"evs":[0.0,-0.68554]},"K8s":{"weight":1.0,"played":[1.0,0.0],"evs":[0.0,-0.67749]},"K9s":{"weight":1.0,"played":[1.0,0.0],"evs":[0.0,-0.48694]},"KTs":{"weight":1.0,"played":[1.0,0.0],"evs":[0.0,-0.18029]},"KJs":{"weight":1.0,"played":[0.0,1.0],"evs":[0.0,0.05636]},"KQs":{"weight":1.0,"played":[0.0,1.0],"evs":[0.0,0.33672]},"KK":{"weight":1.0,"played":[0.0,1.0],"evs":[0.0,3.22108]},"AKo":{"weight":1.0,"played":[0.0,1.0],"evs":[0.0,1.6556]},"A2s":{"weight":1.0,"played":[1.0,0.0],"evs":[0.0,-0.36403]},"A3s":{"weight":1.0,"played":[1.0,0.0],"evs":[0.0,-0.30067]},"A4s":{"weight":1.0,"played":[1.0,0.0],"evs":[0.0,-0.23285]},"A5s":{"weight":1.0,"played":[1.0,0.0],"evs":[0.0,-0.15117]},"A6s":{"weight":1.0,"played":[1.0,0.0],"evs":[0.0,-0.19748]},"A7s":{"weight":1.0,"played":[1.0,0.0],"evs":[0.0,-0.08345]},"A8s":{"weight":1.0,"played":[2.0E-4,0.9998],"evs":[0.0,0.07594]},"A9s":{"weight":1.0,"played":[0.0,1.0],"evs":[0.0,0.34928]},"ATs":{"weight":1.0,"played":[0.0,1.0],"evs":[0.0,0.7704]},"AJs":{"weight":1.0,"played":[0.0,1.0],"evs":[0.0,1.13221]},"AQs":{"weight":1.0,"played":[0.0,1.0],"evs":[0.0,1.49044]},"AKs":{"weight":1.0,"played":[0.0,1.0],"evs":[0.0,1.87455]},"AA":{"weight":1.0,"played":[0.0,1.0],"evs":[0.0,4.45782]}}}