{"player":4,"street":0,"children":2,"sequence":[{"player":0,"type":"R","amount":40250000,"street":0},{"player":1,"type":"F","amount":0,"street":0},{"player":2,"type":"F","amount":0,"street":0},{"player":3,"type":"C","amount":13250000,"street":0}],"actions":[{"type":"F","amount":0,"node":71},{"type":"C","amount":37750000,"node":72}],"hands":{"22":{"weight":1.0,"played":[1.0,0.0],"evs":[0.0,-0.41231]},"32o":{"weight":1.0,"played":[1.0,0.0],"evs":[0.0,-2.82417]},"42o":{"weight":1.0,"played":[1.0,0.0],"evs":[0.0,-2.67315]},"52o":{"weight":1.0,"played":[1.0,0.0],"evs":[0.0,-2.55097]},"62o":{"weight":1.0,"played":[1.0,0.0],"evs":[0.0,-2.72156]},"72o":{"weight":1.0,"played":[1.0,0.0],"evs":[0.0,-2.92429]},"82o":{"weight":1.0,"played":[1.0,0.0],"evs":[0.0,-2.84958]},"92o":{"weight":1.0,"played":[1.0,0.0],"evs":[0.0,-2.85267]},"T2o":{"weight":1.0,"played":[1.0,0.0],"evs":[0.0,-2.82054]},"J2o":{"weight":1.0,"played":[1.0,0.0],"evs":[0.0,-2.71335]},"Q2o":{"weight":1.0,"played":[1.0,0.0],"evs":[0.0,-2.51742]},"K2o":{"weight":1.0,"played":[1.0,0.0],"evs":[0.0,-2.19357]},"A2o":{"weight":1.0,"played":[1.0,0.0],"evs":[0.0,-1.48931]},"32s":{"weight":1.0,"played":[1.0,0.0],"evs":[0.0,-2.05774]},"33":{"weight":1.0,"played":[0.9998,2.0E-4],"evs":[0.0,-0.07024]},"43o":{"weight":1.0,"played":[1.0,0.0],"evs":[0.0,-2.31341]},"53o":{"weight":1.0,"played":[1.0,0.0],"evs":[0.0,-2.19114]},"63o":{"weight":1.0,"played":[1.0,0.0],"evs":[0.0,-2.33975]},"73o":{"weight":1.0,"played":[1.0,0.0],"evs":[0.0,-2.56732]},"83o":{"weight":1.0,"played":[1.0,0.0],"evs":[0.0,-2.7834]},"93o":{"weight":1.0,"played":[1.0,0.0],"evs":[0.0,-2.71961]},"T3o":{"weight":1.0,"played":[1.0,0.0],"evs":[0.0,-2.66261]},"J3o":{"weight":1.0,"played":[1.0,0.0],"evs":[0.0,-2.57446]},"Q3o":{"weight":1.0,"played":[1.0,0.0],"evs":[0.0,-2.36585]},"K3o":{"weight":1.0,"played":[1.0,0.0],"evs":[0.0,-2.03627]},"A3o":{"weight":1.0,"played":[1.0,0.0],"evs":[0.0,-1.35067]},"42s":{"weight":1.0,"played":[1.0,0.0],"evs":[0.0,-1.91586]},"43s":{"weight":1.0,"played":[1.0,0.0],"evs":[0.0,-1.61735]},"44":{"weight":1.0,"played":[0.0,1.0],"evs":[0.0,0.27603]},"54o":{"weight":1.0,"played":[1.0,0.0],"evs":[0.0,-1.83884]},"64o":{"weight":1.0,"played":[1.0,0.0],"evs":[0.0,-1.99118]},"74o":{"weight":1.0,"played":[1.0,0.0],"evs":[0.0,-2.21136]},"84o":{"weight":1.0,"played":[1.0,0.0],"evs":[0.0,-2.42248]},"94o":{"weight":1.0,"played":[1.0,0.0],"evs":[0.0,-2.63819]},"T4o":{"weight":1.0,"played":[1.0,0.0],"evs":[0.0,-2.52753]},"J4o":{"weight":1.0,"played":[1.0,0.0],"evs":[0.0,-2.45074]},"Q4o":{"weight":1.0,"played":[1.0,0.0],"evs":[0.0,-2.23914]},"K4o":{"weight":1.0,"played":[1.0,0.0],"evs":[0.0,-1.89864]},"A4o":{"weight":1.0,"played":[1.0,0.0],"evs":[0.0,-1.18855]},"52s":{"weight":1.0,"played":[1.0,0.0],"evs":[0.0,-1.79781]},"53s":{"weight":1.0,"played":[1.0,0.0],"evs":[0.0,-1.43624]},"54s":{"weight":1.0,"played":[1.0,0.0],"evs":[0.0,-1.15789]},"55":{"weight":1.0,"played":[0.0,1.0],"evs":[0.0,0.67211]},"65o":{"weight":1.0,"played":[1.0,0.0],"evs":[0.0,-1.66503]},"75o":{"weight":1.0,"played":[1.0,0.0],"evs":[0.0,-1.87711]},"85o":{"weight":1.0,"played":[1.0,0.0],"evs":[0.0,-2.08039]},"95o":{"weight":1.0,"played":[1.0,0.0],"evs":[0.0,-2.31064]},"T5o":{"weight":1.0,"played":[1.0,0.0],"evs":[0.0,-2.50651]},"J5o":{"weight":1.0,"played":[1.0,0.0],"evs":[0.0,-2.32893]},"Q5o":{"weight":1.0,"played":[1.0,0.0],"evs":[0.0,-2.13942]},"K5o":{"weight":1.0,"played":[1.0,0.0],"evs":[0.0,-1.8095]},"A5o":{"weight":1.0,"played":[1.0,0.0],"evs":[0.0,-1.0553]},"62s":{"weight":1.0,"played":[1.0,0.0],"evs":[0.0,-1.94771]},"63s":{"weight":1.0,"played":[1.0,0.0],"evs":[0.0,-1.57949]},"64s":{"weight":1.0,"played":[1.0,0.0],"evs":[0.0,-1.26198]},"65s":{"weight":1.0,"played":[1.0,0.0],"evs":[0.0,-0.95837]},"66":{"weight":1.0,"played":[0.0,1.0],"evs":[0.0,1.07059]},"76o":{"weight":1.0,"played":[1.0,0.0],"evs":[0.0,-1.5836]},"86o":{"weight":1.0,"played":[1.0,0.0],"evs":[0.0,-1.75086]},"96o":{"weight":1.0,"played":[1.0,0.0],"evs":[0.0,-1.96589]},"T6o":{"weight":1.0,"played":[1.0,0.0],"evs":[0.0,-2.14608]},"J6o":{"weight":1.0,"played":[1.0,0.0],"evs":[0.0,-2.24165]},"Q6o":{"weight":1.0,"played":[1.0,0.0],"evs":[0.0,-2.00882]},"K6o":{"weight":1.0,"played":[1.0,0.0],"evs":[0.0,-1.68309]},"A6o":{"weight":1.0,"played":[1.0,0.0],"evs":[0.0,-1.18899]},"72s":{"weight":1.0,"played":[1.0,0.0],"evs":[0.0,-2.17639]},"73s":{"weight":1.0,"played":[1.0,0.0],"evs":[0.0,-1.81947]},"74s":{"weight":1.0,"played":[1.0,0.0],"evs":[0.0,-1.47921]},"75s":{"weight":1.0,"played":[1.0,0.0],"evs":[0.0,-1.14866]},"76s":{"weight":1.0,"played":[1.0,0.0],"evs":[0.0,-0.88283]},"77":{"weight":1.0,"played":[0.0,1.0],"evs":[0.0,1.4417]},"87o":{"weight":1.0,"played":[1.0,0.0],"evs":[0.0,-1.53086]},"97o":{"weight":1.0,"played":[1.0,0.0],"evs":[0.0,-1.73784]},"T7o":{"weight":1.0,"played":[1.0,0.0],"evs":[0.0,-1.89197]},"J7o":{"weight":1.0,"played":[1.0,0.0],"evs":[0.0,-2.02057]},"Q7o":{"weight":1.0,"played":[1.0,0.0],"evs":[0.0,-2.02978]},"K7o":{"weight":1.0,"played":[1.0,0.0],"evs":[0.0,-1.6482]},"A7o":{"weight":1.0,"played":[1.0,0.0],"evs":[0.0,-0.98051]},"82s":{"weight":1.0,"played":[1.0,0.0],"evs":[0.0,-2.07935]},"83s":{"weight":1.0,"played":[1.0,0.0],"evs":[0.0,-2.01323]},"84s":{"weight":1.0,"played":[1.0,0.0],"evs":[0.0,-1.68769]},"85s":{"weight":1.0,"played":[1.0,0.0],"evs":[0.0,-1.36744]},"86s":{"weight":1.0,"played":[1.0,0.0],"evs":[0.0,-1.02417]},"87s":{"weight":1.0,"played":[1.0,0.0],"evs":[0.0,-0.84811]},"88":{"weight":1.0,"played":[0.0,1.0],"evs":[0.0,1.886]},"98o":{"weight":1.0,"played":[1.0,0.0],"evs":[0.0,-1.53436]},"T8o":{"weight":1.0,"played":[1.0,0.0],"evs":[0.0,-1.65102]},"J8o":{"weight":1.0,"played":[1.0,0.0],"evs":[0.0,-1.77905]},"Q8o":{"weight":1.0,"played":[1.0,0.0],"evs":[0.0,-1.82023]},"K8o":{"weight":1.0,"played":[1.0,0.0],"evs":[0.0,-1.65152]},"A8o":{"weight":1.0,"played":[1.0,0.0],"evs":[0.0,-0.69845]},"92s":{"weight":1.0,"played":[1.0,0.0],"evs":[0.0,-2.07347]},"93s":{"weight":1.0,"played":[1.0,0.0],"evs":[0.0,-1.94754]},"94s":{"weight":1.0,"played":[1.0,0.0],"evs":[0.0,-1.85056]},"95s":{"weight":1.0,"played":[1.0,0.0],"evs":[0.0,-1.58787]},"96s":{"weight":1.0,"played":[1.0,0.0],"evs":[0.0,-1.2125]},"97s":{"weight":1.0,"played":[1.0,0.0],"evs":[0.0,-1.0354]},"98s":{"weight":1.0,"played":[1.0,0.0],"evs":[0.0,-0.83216]},"99":{"weight":1.0,"played":[0.0,1.0],"evs":[0.0,2.47531]},"T9o":{"weight":1.0,"played":[1.0,0.0],"evs":[0.0,-1.43541]},"J9o":{"weight":1.0,"played":[1.0,0.0],"evs":[0.0,-1.52527]},"Q9o":{"weight":1.0,"played":[1.0,0.0],"evs":[0.0,-1.52387]},"K9o":{"weight":1.0,"played":[1.0,0.0],"evs":[0.0,-1.35041]},"A9o":{"weight":1.0,"played":[1.0,0.0],"evs":[0.0,-0.25796]},"T2s":{"weight":1.0,"played":[1.0,0.0],"evs":[0.0,-2.01092]},"T3s":{"weight":1.0,"played":[1.0,0.0],"evs":[0.0,-1.92824]},"T4s":{"weight":1.0,"played":[1.0,0.0],"evs":[0.0,-1.75332]},"T5s":{"weight":1.0,"played":[1.0,0.0],"evs":[0.0,-1.76621]},"T6s":{"weight":1.0,"played":[1.0,0.0],"evs":[0.0,-1.38355]},"T7s":{"weight":1.0,"played":[1.0,0.0],"evs":[0.0,-1.15093]},"T8s":{"weight":1.0,"played":[1.0,0.0],"evs":[0.0,-0.91452]},"T9s":{"weight":1.0,"played":[1.0,0.0],"evs":[0.0,-0.73374]},"TT":{"weight":1.0,"played":[0.0,1.0],"evs":[0.0,3.31845]},"JTo":{"weight":1.0,"played":[1.0,0.0],"evs":[0.0,-1.15096]},"QTo":{"weight":1.0,"played":[1.0,0.0],"evs":[0.0,-1.12225]},"KTo":{"weight":1.0,"played":[1.0,0.0],"evs":[0.0,-0.81875]},"ATo":{"weight":1.0,"played":[0.0,1.0],"evs":[0.0,0.55573]},"J2s":{"weight":1.0,"played":[1.0,0.0],"evs":[0.0,-1.92189]},"J3s":{"weight":1.0,"played":[1.0,0.0],"evs":[0.0,-1.76787]},"J4s":{"weight":1.0,"played":[1.0,0.0],"evs":[0.0,-1.66232]},"J5s":{"weight":1.0,"played":[1.0,0.0],"evs":[0.0,-1.55749]},"J6s":{"weight":1.0,"played":[1.0,0.0],"evs":[0.0,-1.48499]},"J7s":{"weight":1.0,"played":[1.0,0.0],"evs":[0.0,-1.28048]},"J8s":{"weight":1.0,"played":[1.0,0.0],"evs":[0.0,-1.08835]},"J9s":{"weight":1.0,"played":[1.0,0.0],"evs":[0.0,-0.81693]},"JTs":{"weight":1.0,"played":[1.0,0.0],"evs":[0.0,-0.45657]},"JJ":{"weight":1.0,"played":[0.0,1.0],"evs":[0.0,4.25269]},"QJo":{"weight":1.0,"played":[1.0,0.0],"evs":[0.0,-0.86489]},"KJo":{"weight":1.0,"played":[1.0,0.0],"evs":[0.0,-0.40148]},"AJo":{"weight":1.0,"played":[0.0,1.0],"evs":[0.0,1.22506]},"Q2s":{"weight":1.0,"played":[1.0,0.0],"evs":[0.0,-1.74552]},"Q3s":{"weight":1.0,"played":[1.0,0.0],"evs":[0.0,-1.58975]},"Q4s":{"weight":1.0,"played":[1.0,0.0],"evs":[0.0,-1.49967]},"Q5s":{"weight":1.0,"played":[1.0,0.0],"evs":[0.0,-1.40007]},"Q6s":{"weight":1.0,"played":[1.0,0.0],"evs":[0.0,-1.29564]},"Q7s":{"weight":1.0,"played":[1.0,0.0],"evs":[0.0,-1.28797]},"Q8s":{"weight":1.0,"played":[1.0,0.0],"evs":[0.0,-1.13138]},"Q9s":{"weight":1.0,"played":[1.0,0.0],"evs":[0.0,-0.79626]},"QTs":{"weight":1.0,"played":[1.0,0.0],"evs":[0.0,-0.39972]},"QJs":{"weight":1.0,"played":[1.0,0.0],"evs":[0.0,-0.19247]},"QQ":{"weight":1.0,"played":[0.0,1.0],"evs":[0.0,5.31692]},"KQo":{"weight":1.0,"played":[7.0E-4,0.9993],"evs":[0.0,0.13097]},"AQo":{"weight":1.0,"played":[0.0,1.0],"evs":[0.0,1.90164]},"K2s":{"weight":1.0,"played":[1.0,0.0],"evs":[0.0,-1.41523]},"K3s":{"weight":1.0,"played":[1.0,0.0],"evs":[0.0,-1.26149]},"K4s":{"weight":1.0,"played":[1.0,0.0],"evs":[0.0,-1.12543]},"K5s":{"weight":1.0,"played":[1.0,0.0],"evs":[0.0,-1.04145]},"K6s":{"weight":1.0,"played":[1.0,0.0],"evs":[0.0,-0.90107]},"K7s":{"weight":1.0,"played":[1.0,0.0],"evs":[0.0,-0.89525]},"K8s":{"weight":1.0,"played":[1.0,0.0],"evs":[0.0,-0.90215]},"K9s":{"weight":1.0,"played":[1.0,0.0],"evs":[0.0,-0.57072]},"KTs":{"weight":1.0,"played":[0.9984,0.0016],"evs":[0.0,-0.15959]},"KJs":{"weight":1.0,"played":[1.0E-4,0.9999],"evs":[0.0,0.26802]},"KQs":{"weight":1.0,"played":[0.0,1.0],"evs":[0.0,0.73228]},"KK":{"weight":1.0,"played":[0.0,1.0],"evs":[0.0,6.49928]},"AKo":{"weight":1.0,"played":[0.0,1.0],"evs":[0.0,2.67917]},"A2s":{"weight":1.0,"played":[1.0,0.0],"evs":[0.0,-0.72008]},"A3s":{"weight":1.0,"played":[1.0,0.0],"evs":[0.0,-0.59597]},"A4s":{"weight":1.0,"played":[1.0,0.0],"evs":[0.0,-0.49215]},"A5s":{"weight":1.0,"played":[1.0,0.0],"evs":[0.0,-0.28818]},"A6s":{"weight":1.0,"played":[1.0,0.0],"evs":[0.0,-0.43119]},"A7s":{"weight":1.0,"played":[1.0,0.0],"evs":[0.0,-0.26341]},"A8s":{"weight":1.0,"played":[0.5152,0.4848],"evs":[0.0,0.00581]},"A9s":{"weight":1.0,"played":[0.0,1.0],"evs":[0.0,0.42892]},"ATs":{"weight":1.0,"played":[0.0,1.0],"evs":[0.0,1.19836]},"AJs":{"weight":1.0,"played":[0.0,1.0],"evs":[0.0,1.7987]},"AQs":{"weight":1.0,"played":[0.0,1.0],"evs":[0.0,2.4284]},"AKs":{"weight":1.0,"played":[0.0,1.0],"evs":[0.0,3.14863]},"AA":{"weight":1.0,"played":[0.0,1.0],"evs":[0.0,8.5701]}}}