{"player":3,"street":0,"children":2,"sequence":[{"player":0,"type":"R","amount":40250000,"street":0},{"player":1,"type":"F","amount":0,"street":0},{"player":2,"type":"C","amount":40250000,"street":0}],"actions":[{"type":"F","amount":0,"node":74},{"type":"C","amount":13250000,"node":79}],"hands":{"22":{"weight":1.0,"played":[1.0,0.0],"evs":[0.0,-1.93704]},"32o":{"weight":1.0,"played":[1.0,0.0],"evs":[0.0,-2.93634]},"42o":{"weight":1.0,"played":[1.0,0.0],"evs":[0.0,-2.84478]},"52o":{"weight":1.0,"played":[1.0,0.0],"evs":[0.0,-2.75228]},"62o":{"weight":1.0,"played":[1.0,0.0],"evs":[0.0,-2.86707]},"72o":{"weight":1.0,"played":[1.0,0.0],"evs":[0.0,-3.0176]},"82o":{"weight":1.0,"played":[1.0,0.0],"evs":[0.0,-2.95965]},"92o":{"weight":1.0,"played":[1.0,0.0],"evs":[0.0,-3.02326]},"T2o":{"weight":1.0,"played":[1.0,0.0],"evs":[0.0,-2.9384]},"J2o":{"weight":1.0,"played":[1.0,0.0],"evs":[0.0,-2.89485]},"Q2o":{"weight":1.0,"played":[1.0,0.0],"evs":[0.0,-2.84673]},"K2o":{"weight":1.0,"played":[1.0,0.0],"evs":[0.0,-2.69487]},"A2o":{"weight":1.0,"played":[1.0,0.0],"evs":[0.0,-2.77893]},"32s":{"weight":1.0,"played":[1.0,0.0],"evs":[0.0,-2.42873]},"33":{"weight":1.0,"played":[1.0,0.0],"evs":[0.0,-1.80487]},"43o":{"weight":1.0,"played":[1.0,0.0],"evs":[0.0,-2.6374]},"53o":{"weight":1.0,"played":[1.0,0.0],"evs":[0.0,-2.53406]},"63o":{"weight":1.0,"played":[1.0,0.0],"evs":[0.0,-2.65676]},"73o":{"weight":1.0,"played":[1.0,0.0],"evs":[0.0,-2.82087]},"83o":{"weight":1.0,"played":[1.0,0.0],"evs":[0.0,-2.92653]},"93o":{"weight":1.0,"played":[1.0,0.0],"evs":[0.0,-2.95758]},"T3o":{"weight":1.0,"played":[1.0,0.0],"evs":[0.0,-2.87708]},"J3o":{"weight":1.0,"played":[1.0,0.0],"evs":[0.0,-2.82013]},"Q3o":{"weight":1.0,"played":[1.0,0.0],"evs":[0.0,-2.78007]},"K3o":{"weight":1.0,"played":[1.0,0.0],"evs":[0.0,-2.60793]},"A3o":{"weight":1.0,"played":[1.0,0.0],"evs":[0.0,-2.7125]},"42s":{"weight":1.0,"played":[1.0,0.0],"evs":[0.0,-2.33929]},"43s":{"weight":1.0,"played":[1.0,0.0],"evs":[0.0,-2.14716]},"44":{"weight":1.0,"played":[1.0,0.0],"evs":[0.0,-1.6412]},"54o":{"weight":1.0,"played":[1.0,0.0],"evs":[0.0,-2.33717]},"64o":{"weight":1.0,"played":[1.0,0.0],"evs":[0.0,-2.42782]},"74o":{"weight":1.0,"played":[1.0,0.0],"evs":[0.0,-2.56774]},"84o":{"weight":1.0,"played":[1.0,0.0],"evs":[0.0,-2.72178]},"94o":{"weight":1.0,"played":[1.0,0.0],"evs":[0.0,-2.92999]},"T4o":{"weight":1.0,"played":[1.0,0.0],"evs":[0.0,-2.82269]},"J4o":{"weight":1.0,"played":[1.0,0.0],"evs":[0.0,-2.75387]},"Q4o":{"weight":1.0,"played":[1.0,0.0],"evs":[0.0,-2.71]},"K4o":{"weight":1.0,"played":[1.0,0.0],"evs":[0.0,-2.5647]},"A4o":{"weight":1.0,"played":[1.0,0.0],"evs":[0.0,-2.63945]},"52s":{"weight":1.0,"played":[1.0,0.0],"evs":[0.0,-2.23314]},"53s":{"weight":1.0,"played":[1.0,0.0],"evs":[0.0,-2.03202]},"54s":{"weight":1.0,"played":[1.0,0.0],"evs":[0.0,-1.84317]},"55":{"weight":1.0,"played":[1.0,0.0],"evs":[0.0,-1.39182]},"65o":{"weight":1.0,"played":[1.0,0.0],"evs":[0.0,-2.2176]},"75o":{"weight":1.0,"played":[1.0,0.0],"evs":[0.0,-2.32655]},"85o":{"weight":1.0,"played":[1.0,0.0],"evs":[0.0,-2.49183]},"95o":{"weight":1.0,"played":[1.0,0.0],"evs":[0.0,-2.68214]},"T5o":{"weight":1.0,"played":[1.0,0.0],"evs":[0.0,-2.75384]},"J5o":{"weight":1.0,"played":[1.0,0.0],"evs":[0.0,-2.67151]},"Q5o":{"weight":1.0,"played":[1.0,0.0],"evs":[0.0,-2.6345]},"K5o":{"weight":1.0,"played":[1.0,0.0],"evs":[0.0,-2.45629]},"A5o":{"weight":1.0,"played":[1.0,0.0],"evs":[0.0,-2.51483]},"62s":{"weight":1.0,"played":[1.0,0.0],"evs":[0.0,-2.35843]},"63s":{"weight":1.0,"played":[1.0,0.0],"evs":[0.0,-2.15081]},"64s":{"weight":1.0,"played":[1.0,0.0],"evs":[0.0,-1.9288]},"65s":{"weight":1.0,"played":[1.0,0.0],"evs":[0.0,-1.74318]},"66":{"weight":1.0,"played":[1.0,0.0],"evs":[0.0,-1.21038]},"76o":{"weight":1.0,"played":[1.0,0.0],"evs":[0.0,-2.15664]},"86o":{"weight":1.0,"played":[1.0,0.0],"evs":[0.0,-2.28607]},"96o":{"weight":1.0,"played":[1.0,0.0],"evs":[0.0,-2.46922]},"T6o":{"weight":1.0,"played":[1.0,0.0],"evs":[0.0,-2.53156]},"J6o":{"weight":1.0,"played":[1.0,0.0],"evs":[0.0,-2.62319]},"Q6o":{"weight":1.0,"played":[1.0,0.0],"evs":[0.0,-2.54286]},"K6o":{"weight":1.0,"played":[1.0,0.0],"evs":[0.0,-2.3984]},"A6o":{"weight":1.0,"played":[1.0,0.0],"evs":[0.0,-2.65794]},"72s":{"weight":1.0,"played":[1.0,0.0],"evs":[0.0,-2.51597]},"73s":{"weight":1.0,"played":[1.0,0.0],"evs":[0.0,-2.28228]},"74s":{"weight":1.0,"played":[1.0,0.0],"evs":[0.0,-2.06762]},"75s":{"weight":1.0,"played":[1.0,0.0],"evs":[0.0,-1.85324]},"76s":{"weight":1.0,"played":[1.0,0.0],"evs":[0.0,-1.68408]},"77":{"weight":1.0,"played":[1.0,0.0],"evs":[0.0,-0.96652]},"87o":{"weight":1.0,"played":[1.0,0.0],"evs":[0.0,-2.14783]},"97o":{"weight":1.0,"played":[1.0,0.0],"evs":[0.0,-2.30946]},"T7o":{"weight":1.0,"played":[1.0,0.0],"evs":[0.0,-2.37023]},"J7o":{"weight":1.0,"played":[1.0,0.0],"evs":[0.0,-2.48112]},"Q7o":{"weight":1.0,"played":[1.0,0.0],"evs":[0.0,-2.56199]},"K7o":{"weight":1.0,"played":[1.0,0.0],"evs":[0.0,-2.37504]},"A7o":{"weight":1.0,"played":[1.0,0.0],"evs":[0.0,-2.56616]},"82s":{"weight":1.0,"played":[1.0,0.0],"evs":[0.0,-2.44953]},"83s":{"weight":1.0,"played":[1.0,0.0],"evs":[0.0,-2.40909]},"84s":{"weight":1.0,"played":[1.0,0.0],"evs":[0.0,-2.22682]},"85s":{"weight":1.0,"played":[1.0,0.0],"evs":[0.0,-1.99534]},"86s":{"weight":1.0,"played":[1.0,0.0],"evs":[0.0,-1.81723]},"87s":{"weight":1.0,"played":[1.0,0.0],"evs":[0.0,-1.68083]},"88":{"weight":1.0,"played":[1.0,0.0],"evs":[0.0,-0.71562]},"98o":{"weight":1.0,"played":[1.0,0.0],"evs":[0.0,-2.17974]},"T8o":{"weight":1.0,"played":[1.0,0.0],"evs":[0.0,-2.2142]},"J8o":{"weight":1.0,"played":[1.0,0.0],"evs":[0.0,-2.30839]},"Q8o":{"weight":1.0,"played":[1.0,0.0],"evs":[0.0,-2.41289]},"K8o":{"weight":1.0,"played":[1.0,0.0],"evs":[0.0,-2.37906]},"A8o":{"weight":1.0,"played":[1.0,0.0],"evs":[0.0,-2.45085]},"92s":{"weight":1.0,"played":[1.0,0.0],"evs":[0.0,-2.49577]},"93s":{"weight":1.0,"played":[1.0,0.0],"evs":[0.0,-2.40372]},"94s":{"weight":1.0,"played":[1.0,0.0],"evs":[0.0,-2.39991]},"95s":{"weight":1.0,"played":[1.0,0.0],"evs":[0.0,-2.1815]},"96s":{"weight":1.0,"played":[1.0,0.0],"evs":[0.0,-1.96013]},"97s":{"weight":1.0,"played":[1.0,0.0],"evs":[0.0,-1.82678]},"98s":{"weight":1.0,"played":[1.0,0.0],"evs":[0.0,-1.74205]},"99":{"weight":1.0,"played":[1.0,0.0],"evs":[0.0,-0.4193]},"T9o":{"weight":1.0,"played":[1.0,0.0],"evs":[0.0,-2.10788]},"J9o":{"weight":1.0,"played":[1.0,0.0],"evs":[0.0,-2.24151]},"Q9o":{"weight":1.0,"played":[1.0,0.0],"evs":[0.0,-2.29548]},"K9o":{"weight":1.0,"played":[1.0,0.0],"evs":[0.0,-2.28471]},"A9o":{"weight":1.0,"played":[1.0,0.0],"evs":[0.0,-2.2937]},"T2s":{"weight":1.0,"played":[1.0,0.0],"evs":[0.0,-2.41897]},"T3s":{"weight":1.0,"played":[1.0,0.0],"evs":[0.0,-2.36676]},"T4s":{"weight":1.0,"played":[1.0,0.0],"evs":[0.0,-2.32574]},"T5s":{"weight":1.0,"played":[1.0,0.0],"evs":[0.0,-2.25088]},"T6s":{"weight":1.0,"played":[1.0,0.0],"evs":[0.0,-2.04624]},"T7s":{"weight":1.0,"played":[1.0,0.0],"evs":[0.0,-1.87955]},"T8s":{"weight":1.0,"played":[1.0,0.0],"evs":[0.0,-1.7385]},"T9s":{"weight":1.0,"played":[1.0,0.0],"evs":[0.0,-1.65255]},"TT":{"weight":1.0,"played":[0.0,1.0],"evs":[0.0,0.15013]},"JTo":{"weight":1.0,"played":[1.0,0.0],"evs":[0.0,-1.9798]},"QTo":{"weight":1.0,"played":[1.0,0.0],"evs":[0.0,-2.02829]},"KTo":{"weight":1.0,"played":[1.0,0.0],"evs":[0.0,-1.9545]},"ATo":{"weight":1.0,"played":[1.0,0.0],"evs":[0.0,-1.74122]},"J2s":{"weight":1.0,"played":[1.0,0.0],"evs":[0.0,-2.3474]},"J3s":{"weight":1.0,"played":[1.0,0.0],"evs":[0.0,-2.2949]},"J4s":{"weight":1.0,"played":[1.0,0.0],"evs":[0.0,-2.21446]},"J5s":{"weight":1.0,"played":[1.0,0.0],"evs":[0.0,-2.16675]},"J6s":{"weight":1.0,"played":[1.0,0.0],"evs":[0.0,-2.13539]},"J7s":{"weight":1.0,"played":[1.0,0.0],"evs":[0.0,-1.97954]},"J8s":{"weight":1.0,"played":[1.0,0.0],"evs":[0.0,-1.82352]},"J9s":{"weight":1.0,"played":[1.0,0.0],"evs":[0.0,-1.76161]},"JTs":{"weight":1.0,"played":[1.0,0.0],"evs":[0.0,-1.51412]},"JJ":{"weight":1.0,"played":[0.0,1.0],"evs":[0.0,0.6677]},"QJo":{"weight":1.0,"played":[1.0,0.0],"evs":[0.0,-1.89311]},"KJo":{"weight":1.0,"played":[1.0,0.0],"evs":[0.0,-1.82735]},"AJo":{"weight":1.0,"played":[1.0,0.0],"evs":[0.0,-1.35411]},"Q2s":{"weight":1.0,"played":[1.0,0.0],"evs":[0.0,-2.30983]},"Q3s":{"weight":1.0,"played":[1.0,0.0],"evs":[0.0,-2.25601]},"Q4s":{"weight":1.0,"played":[1.0,0.0],"evs":[0.0,-2.19322]},"Q5s":{"weight":1.0,"played":[1.0,0.0],"evs":[0.0,-2.1351]},"Q6s":{"weight":1.0,"played":[1.0,0.0],"evs":[0.0,-2.02436]},"Q7s":{"weight":1.0,"played":[1.0,0.0],"evs":[0.0,-2.04482]},"Q8s":{"weight":1.0,"played":[1.0,0.0],"evs":[0.0,-1.93554]},"Q9s":{"weight":1.0,"played":[1.0,0.0],"evs":[0.0,-1.8155]},"QTs":{"weight":1.0,"played":[1.0,0.0],"evs":[0.0,-1.54763]},"QJs":{"weight":1.0,"played":[1.0,0.0],"evs":[0.0,-1.44208]},"QQ":{"weight":1.0,"played":[0.0,1.0],"evs":[0.0,1.49866]},"KQo":{"weight":1.0,"played":[1.0,0.0],"evs":[0.0,-1.58564]},"AQo":{"weight":1.0,"played":[1.0,0.0],"evs":[0.0,-0.79945]},"K2s":{"weight":1.0,"played":[1.0,0.0],"evs":[0.0,-2.16719]},"K3s":{"weight":1.0,"played":[1.0,0.0],"evs":[0.0,-2.09916]},"K4s":{"weight":1.0,"played":[1.0,0.0],"evs":[0.0,-2.06009]},"K5s":{"weight":1.0,"played":[1.0,0.0],"evs":[0.0,-1.97703]},"K6s":{"weight":1.0,"played":[1.0,0.0],"evs":[0.0,-1.85133]},"K7s":{"weight":1.0,"played":[1.0,0.0],"evs":[0.0,-1.85493]},"K8s":{"weight":1.0,"played":[1.0,0.0],"evs":[0.0,-1.87043]},"K9s":{"weight":1.0,"played":[1.0,0.0],"evs":[0.0,-1.7772]},"KTs":{"weight":1.0,"played":[1.0,0.0],"evs":[0.0,-1.49031]},"KJs":{"weight":1.0,"played":[1.0,0.0],"evs":[0.0,-1.34562]},"KQs":{"weight":1.0,"played":[1.0,0.0],"evs":[0.0,-1.14262]},"KK":{"weight":1.0,"played":[0.0,1.0],"evs":[0.0,2.57304]},"AKo":{"weight":1.0,"played":[1.0,0.0],"evs":[0.0,-0.13704]},"A2s":{"weight":1.0,"played":[1.0,0.0],"evs":[0.0,-2.23181]},"A3s":{"weight":1.0,"played":[1.0,0.0],"evs":[0.0,-2.16388]},"A4s":{"weight":1.0,"played":[1.0,0.0],"evs":[0.0,-2.06742]},"A5s":{"weight":1.0,"played":[1.0,0.0],"evs":[0.0,-1.96065]},"A6s":{"weight":1.0,"played":[1.0,0.0],"evs":[0.0,-2.12455]},"A7s":{"weight":1.0,"played":[1.0,0.0],"evs":[0.0,-2.03559]},"A8s":{"weight":1.0,"played":[1.0,0.0],"evs":[0.0,-1.91734]},"A9s":{"weight":1.0,"played":[1.0,0.0],"evs":[0.0,-1.75799]},"ATs":{"weight":1.0,"played":[1.0,0.0],"evs":[0.0,-1.26071]},"AJs":{"weight":1.0,"played":[1.0,0.0],"evs":[0.0,-0.88933]},"AQs":{"weight":1.0,"played":[1.0,0.0],"evs":[0.0,-0.3462]},"AKs":{"weight":1.0,"played":[0.0,1.0],"evs":[0.0,0.2649]},"AA":{"weight":1.0,"played":[0.0,1.0],"evs":[0.0,4.2777]}}}