{"player":5,"street":0,"children":2,"sequence":[{"player":0,"type":"R","amount":40250000,"street":0},{"player":1,"type":"F","amount":0,"street":0},{"player":2,"type":"R","amount":54750000,"street":0},{"player":3,"type":"C","amount":13250000,"street":0},{"player":4,"type":"C","amount":52250000,"street":0}],"actions":[{"type":"F","amount":0},{"type":"C","amount":19750000}],"hands":{"22":{"weight":1.0,"played":[1.0,0.0],"evs":[0.0,-3.19691]},"32o":{"weight":1.0,"played":[1.0,0.0],"evs":[0.0,-4.90256]},"42o":{"weight":1.0,"played":[0.9988,0.0012],"evs":[0.0,-3.8393]},"52o":{"weight":1.0,"played":[0.9999,1.0E-4],"evs":[0.0,-4.90966]},"62o":{"weight":1.0,"played":[0.9999,1.0E-4],"evs":[0.0,-3.84655]},"72o":{"weight":1.0,"played":[1.0,0.0],"evs":[0.0,-4.97971]},"82o":{"weight":1.0,"played":[0.9999,1.0E-4],"evs":[0.0,-5.24686]},"92o":{"weight":1.0,"played":[1.0,0.0],"evs":[0.0,-5.62626]},"T2o":{"weight":1.0,"played":[1.0,0.0],"evs":[0.0,-5.21435]},"J2o":{"weight":1.0,"played":[0.9999,1.0E-4],"evs":[0.0,-4.76933]},"Q2o":{"weight":1.0,"played":[1.0,0.0],"evs":[0.0,-5.3407]},"K2o":{"weight":1.0,"played":[1.0,0.0],"evs":[0.0,-4.99124]},"A2o":{"weight":1.0,"played":[0.9988,0.0012],"evs":[0.0,-4.80804]},"32s":{"weight":1.0,"played":[0.9981,0.0019],"evs":[0.0,-3.03209]},"33":{"weight":1.0,"played":[0.9985,0.0015],"evs":[0.0,-3.93726]},"43o":{"weight":1.0,"played":[0.9999,1.0E-4],"evs":[0.0,-3.61437]},"53o":{"weight":1.0,"played":[0.9999,1.0E-4],"evs":[0.0,-4.25308]},"63o":{"weight":1.0,"played":[1.0,0.0],"evs":[0.0,-3.61588]},"73o":{"weight":1.0,"played":[0.9999,1.0E-4],"evs":[0.0,-4.65517]},"83o":{"weight":1.0,"played":[1.0,0.0],"evs":[0.0,-5.0726]},"93o":{"weight":1.0,"played":[0.9995,5.0E-4],"evs":[0.0,-4.47823]},"T3o":{"weight":1.0,"played":[1.0,0.0],"evs":[0.0,-4.54562]},"J3o":{"weight":1.0,"played":[0.9997,3.0E-4],"evs":[0.0,-5.25341]},"Q3o":{"weight":1.0,"played":[1.0,0.0],"evs":[0.0,-4.37954]},"K3o":{"weight":1.0,"played":[0.9953,0.0047],"evs":[0.0,-4.65322]},"A3o":{"weight":1.0,"played":[0.9954,0.0046],"evs":[0.0,-4.87266]},"42s":{"weight":1.0,"played":[1.0,0.0],"evs":[0.0,-3.88352]},"43s":{"weight":1.0,"played":[0.9971,0.0029],"evs":[0.0,-3.16358]},"44":{"weight":1.0,"played":[0.9961,0.0039],"evs":[0.0,-3.08859]},"54o":{"weight":1.0,"played":[0.9996,4.0E-4],"evs":[0.0,-3.71731]},"64o":{"weight":1.0,"played":[1.0,0.0],"evs":[0.0,-3.23107]},"74o":{"weight":1.0,"played":[0.9999,1.0E-4],"evs":[0.0,-3.7313]},"84o":{"weight":1.0,"played":[0.9998,2.0E-4],"evs":[0.0,-5.11908]},"94o":{"weight":1.0,"played":[0.9999,1.0E-4],"evs":[0.0,-5.0366]},"T4o":{"weight":1.0,"played":[1.0,0.0],"evs":[0.0,-4.83972]},"J4o":{"weight":1.0,"played":[0.9998,2.0E-4],"evs":[0.0,-5.56132]},"Q4o":{"weight":1.0,"played":[1.0,0.0],"evs":[0.0,-4.54404]},"K4o":{"weight":1.0,"played":[1.0,0.0],"evs":[0.0,-5.39079]},"A4o":{"weight":1.0,"played":[0.9977,0.0023],"evs":[0.0,-4.32716]},"52s":{"weight":1.0,"played":[0.9989,0.0011],"evs":[0.0,-3.86193]},"53s":{"weight":1.0,"played":[0.9924,0.0076],"evs":[0.0,-4.36314]},"54s":{"weight":1.0,"played":[0.9661,0.0339],"evs":[0.0,-2.15066]},"55":{"weight":1.0,"played":[1.0,0.0],"evs":[0.0,-3.25143]},"65o":{"weight":1.0,"played":[0.9996,4.0E-4],"evs":[0.0,-4.08284]},"75o":{"weight":1.0,"played":[0.9999,1.0E-4],"evs":[0.0,-3.69049]},"85o":{"weight":1.0,"played":[1.0,0.0],"evs":[0.0,-4.01941]},"95o":{"weight":1.0,"played":[1.0,0.0],"evs":[0.0,-3.67286]},"T5o":{"weight":1.0,"played":[1.0,0.0],"evs":[0.0,-5.07307]},"J5o":{"weight":1.0,"played":[1.0,0.0],"evs":[0.0,-4.61142]},"Q5o":{"weight":1.0,"played":[0.9998,2.0E-4],"evs":[0.0,-4.65633]},"K5o":{"weight":1.0,"played":[0.9996,4.0E-4],"evs":[0.0,-4.77329]},"A5o":{"weight":1.0,"played":[1.0,0.0],"evs":[0.0,-4.79745]},"62s":{"weight":1.0,"played":[0.999,0.001],"evs":[0.0,-2.55622]},"63s":{"weight":1.0,"played":[0.9996,4.0E-4],"evs":[0.0,-4.1929]},"64s":{"weight":1.0,"played":[0.9738,0.0262],"evs":[0.0,-2.16008]},"65s":{"weight":1.0,"played":[0.9672,0.0328],"evs":[0.0,-3.49018]},"66":{"weight":1.0,"played":[0.9937,0.0063],"evs":[0.0,-3.00055]},"76o":{"weight":1.0,"played":[1.0,0.0],"evs":[0.0,-3.97764]},"86o":{"weight":1.0,"played":[1.0,0.0],"evs":[0.0,-4.16707]},"96o":{"weight":1.0,"played":[0.9998,2.0E-4],"evs":[0.0,-4.55927]},"T6o":{"weight":1.0,"played":[0.9994,6.0E-4],"evs":[0.0,-4.67755]},"J6o":{"weight":1.0,"played":[0.9994,6.0E-4],"evs":[0.0,-3.89038]},"Q6o":{"weight":1.0,"played":[0.9955,0.0045],"evs":[0.0,-4.36639]},"K6o":{"weight":1.0,"played":[0.9944,0.0056],"evs":[0.0,-5.12037]},"A6o":{"weight":1.0,"played":[0.9996,4.0E-4],"evs":[0.0,-5.19191]},"72s":{"weight":1.0,"played":[0.9862,0.0138],"evs":[0.0,-4.99737]},"73s":{"weight":1.0,"played":[0.9991,9.0E-4],"evs":[0.0,-3.0816]},"74s":{"weight":1.0,"played":[0.9974,0.0026],"evs":[0.0,-5.48547]},"75s":{"weight":1.0,"played":[0.9627,0.0373],"evs":[0.0,-2.20679]},"76s":{"weight":1.0,"played":[0.9636,0.0364],"evs":[0.0,-2.29752]},"77":{"weight":1.0,"played":[1.0,0.0],"evs":[0.0,-3.71378]},"87o":{"weight":1.0,"played":[1.0,0.0],"evs":[0.0,-3.61348]},"97o":{"weight":1.0,"played":[0.9998,2.0E-4],"evs":[0.0,-4.07257]},"T7o":{"weight":1.0,"played":[1.0,0.0],"evs":[0.0,-4.72372]},"J7o":{"weight":1.0,"played":[0.9965,0.0035],"evs":[0.0,-5.05003]},"Q7o":{"weight":1.0,"played":[0.9999,1.0E-4],"evs":[0.0,-3.655]},"K7o":{"weight":1.0,"played":[1.0,0.0],"evs":[0.0,-4.56345]},"A7o":{"weight":1.0,"played":[1.0,0.0],"evs":[0.0,-4.39651]},"82s":{"weight":1.0,"played":[0.999,0.001],"evs":[0.0,-4.29153]},"83s":{"weight":1.0,"played":[0.9984,0.0016],"evs":[0.0,-4.09481]},"84s":{"weight":1.0,"played":[0.998,0.002],"evs":[0.0,-3.9483]},"85s":{"weight":1.0,"played":[0.9738,0.0262],"evs":[0.0,-4.26272]},"86s":{"weight":1.0,"played":[1.0,0.0],"evs":[0.0,-1.84454]},"87s":{"weight":1.0,"played":[0.9236,0.0764],"evs":[0.0,-1.29021]},"88":{"weight":1.0,"played":[0.9194,0.0806],"evs":[0.0,-3.65549]},"98o":{"weight":1.0,"played":[0.9998,2.0E-4],"evs":[0.0,-4.03503]},"T8o":{"weight":1.0,"played":[0.9999,1.0E-4],"evs":[0.0,-3.65457]},"J8o":{"weight":1.0,"played":[1.0,0.0],"evs":[0.0,-5.21617]},"Q8o":{"weight":1.0,"played":[1.0,0.0],"evs":[0.0,-4.11093]},"K8o":{"weight":1.0,"played":[0.9997,3.0E-4],"evs":[0.0,-5.18755]},"A8o":{"weight":1.0,"played":[0.996,0.004],"evs":[0.0,-4.91751]},"92s":{"weight":1.0,"played":[0.9936,0.0064],"evs":[0.0,-2.10787]},"93s":{"weight":1.0,"played":[0.9991,9.0E-4],"evs":[0.0,-2.70173]},"94s":{"weight":1.0,"played":[0.9954,0.0046],"evs":[0.0,-4.14333]},"95s":{"weight":1.0,"played":[1.0,0.0],"evs":[0.0,-4.12916]},"96s":{"weight":1.0,"played":[1.0,0.0],"evs":[0.0,-2.54469]},"97s":{"weight":1.0,"played":[0.9962,0.0038],"evs":[0.0,-3.735]},"98s":{"weight":1.0,"played":[0.9996,4.0E-4],"evs":[0.0,-4.12315]},"99":{"weight":1.0,"played":[0.985,0.015],"evs":[0.0,-2.8082]},"T9o":{"weight":1.0,"played":[0.9994,6.0E-4],"evs":[0.0,-3.47951]},"J9o":{"weight":1.0,"played":[0.9951,0.0049],"evs":[0.0,-4.96813]},"Q9o":{"weight":1.0,"played":[0.9978,0.0022],"evs":[0.0,-5.23053]},"K9o":{"weight":1.0,"played":[0.9955,0.0045],"evs":[0.0,-3.89358]},"A9o":{"weight":1.0,"played":[1.0,0.0],"evs":[0.0,-5.06091]},"T2s":{"weight":1.0,"played":[0.9954,0.0046],"evs":[0.0,-3.66145]},"T3s":{"weight":1.0,"played":[1.0,0.0],"evs":[0.0,-3.70211]},"T4s":{"weight":1.0,"played":[0.9563,0.0437],"evs":[0.0,-4.54341]},"T5s":{"weight":1.0,"played":[1.0,0.0],"evs":[0.0,-4.44539]},"T6s":{"weight":1.0,"played":[0.9892,0.0108],"evs":[0.0,-3.42763]},"T7s":{"weight":1.0,"played":[0.9124,0.0876],"evs":[0.0,-1.68948]},"T8s":{"weight":1.0,"played":[0.9919,0.0081],"evs":[0.0,-3.62798]},"T9s":{"weight":1.0,"played":[0.9837,0.0163],"evs":[0.0,-3.29557]},"TT":{"weight":1.0,"played":[0.999,0.001],"evs":[0.0,-2.47369]},"JTo":{"weight":1.0,"played":[0.9999,1.0E-4],"evs":[0.0,-4.20351]},"QTo":{"weight":1.0,"played":[0.9968,0.0032],"evs":[0.0,-5.35132]},"KTo":{"weight":1.0,"played":[0.997,0.003],"evs":[0.0,-3.51522]},"ATo":{"weight":1.0,"played":[0.9999,1.0E-4],"evs":[0.0,-4.22408]},"J2s":{"weight":1.0,"played":[0.9956,0.0044],"evs":[0.0,-4.66886]},"J3s":{"weight":1.0,"played":[0.9991,9.0E-4],"evs":[0.0,-3.42152]},"J4s":{"weight":1.0,"played":[0.9888,0.0112],"evs":[0.0,-4.07025]},"J5s":{"weight":1.0,"played":[0.9943,0.0057],"evs":[0.0,-4.60645]},"J6s":{"weight":1.0,"played":[1.0,0.0],"evs":[0.0,-3.47875]},"J7s":{"weight":1.0,"played":[0.987,0.013],"evs":[0.0,-4.90825]},"J8s":{"weight":1.0,"played":[0.9904,0.0096],"evs":[0.0,-4.42536]},"J9s":{"weight":1.0,"played":[1.0,0.0],"evs":[0.0,-4.74936]},"JTs":{"weight":1.0,"played":[0.9999,1.0E-4],"evs":[0.0,-1.84392]},"JJ":{"weight":1.0,"played":[0.9976,0.0024],"evs":[0.0,-2.19891]},"QJo":{"weight":1.0,"played":[0.9997,3.0E-4],"evs":[0.0,-2.61447]},"KJo":{"weight":1.0,"played":[1.0,0.0],"evs":[0.0,-4.85546]},"AJo":{"weight":1.0,"played":[1.0,0.0],"evs":[0.0,-4.41771]},"Q2s":{"weight":1.0,"played":[0.9975,0.0025],"evs":[0.0,-4.67357]},"Q3s":{"weight":1.0,"played":[0.9987,0.0013],"evs":[0.0,-4.14503]},"Q4s":{"weight":1.0,"played":[0.9937,0.0063],"evs":[0.0,-5.52169]},"Q5s":{"weight":1.0,"played":[0.9321,0.0679],"evs":[0.0,-3.75748]},"Q6s":{"weight":1.0,"played":[0.9888,0.0112],"evs":[0.0,-3.86691]},"Q7s":{"weight":1.0,"played":[0.999,0.001],"evs":[0.0,-5.98983]},"Q8s":{"weight":1.0,"played":[1.0,0.0],"evs":[0.0,-3.71015]},"Q9s":{"weight":1.0,"played":[0.9779,0.0221],"evs":[0.0,-1.85634]},"QTs":{"weight":1.0,"played":[0.9932,0.0068],"evs":[0.0,-2.94999]},"QJs":{"weight":1.0,"played":[0.9781,0.0219],"evs":[0.0,-5.01169]},"QQ":{"weight":1.0,"played":[0.8643,0.1357],"evs":[0.0,0.56006]},"KQo":{"weight":1.0,"played":[1.0,0.0],"evs":[0.0,-4.33857]},"AQo":{"weight":1.0,"played":[0.9979,0.0021],"evs":[0.0,-5.60347]},"K2s":{"weight":1.0,"played":[0.9888,0.0112],"evs":[0.0,-4.729]},"K3s":{"weight":1.0,"played":[0.9984,0.0016],"evs":[0.0,-5.11256]},"K4s":{"weight":1.0,"played":[0.9922,0.0078],"evs":[0.0,-4.22326]},"K5s":{"weight":1.0,"played":[1.0,0.0],"evs":[0.0,-3.10152]},"K6s":{"weight":1.0,"played":[1.0,0.0],"evs":[0.0,-4.26711]},"K7s":{"weight":1.0,"played":[0.9992,8.0E-4],"evs":[0.0,-3.86294]},"K8s":{"weight":1.0,"played":[1.0,0.0],"evs":[0.0,-4.96557]},"K9s":{"weight":1.0,"played":[1.0,0.0],"evs":[0.0,-3.88763]},"KTs":{"weight":1.0,"played":[0.9998,2.0E-4],"evs":[0.0,-4.25847]},"KJs":{"weight":1.0,"played":[0.9817,0.0183],"evs":[0.0,-4.37203]},"KQs":{"weight":1.0,"played":[0.9984,0.0016],"evs":[0.0,-3.80218]},"KK":{"weight":1.0,"played":[0.0853,0.9147],"evs":[0.0,1.14959]},"AKo":{"weight":1.0,"played":[0.9655,0.0345],"evs":[0.0,-3.15072]},"A2s":{"weight":1.0,"played":[0.9944,0.0056],"evs":[0.0,-3.26684]},"A3s":{"weight":1.0,"played":[1.0,0.0],"evs":[0.0,-2.48597]},"A4s":{"weight":1.0,"played":[0.9973,0.0027],"evs":[0.0,-3.37112]},"A5s":{"weight":1.0,"played":[1.0,0.0],"evs":[0.0,-4.48265]},"A6s":{"weight":1.0,"played":[0.8138,0.1862],"evs":[0.0,-1.7864]},"A7s":{"weight":1.0,"played":[0.9637,0.0363],"evs":[0.0,-5.03239]},"A8s":{"weight":1.0,"played":[0.9946,0.0054],"evs":[0.0,-3.93649]},"A9s":{"weight":1.0,"played":[0.9996,4.0E-4],"evs":[0.0,-3.21069]},"ATs":{"weight":1.0,"played":[0.5494,0.4506],"evs":[0.0,-0.70173]},"AJs":{"weight":1.0,"played":[0.8404,0.1596],"evs":[0.0,-3.11508]},"AQs":{"weight":1.0,"played":[0.9525,0.0475],"evs":[0.0,-3.24978]},"AKs":{"weight":1.0,"played":[0.9997,3.0E-4],"evs":[0.0,-3.99323]},"AA":{"weight":1.0,"played":[0.0243,0.9757],"evs":[0.0,3.75451]}}}