{"player":3,"street":0,"children":2,"sequence":[{"player":0,"type":"R","amount":40250000,"street":0},{"player":1,"type":"C","amount":32750000,"street":0},{"player":2,"type":"C","amount":40250000,"street":0}],"actions":[{"type":"F","amount":0,"node":100},{"type":"C","amount":13250000,"node":105}],"hands":{"22":{"weight":1.0,"played":[1.0,0.0],"evs":[0.0,-3.8797]},"32o":{"weight":1.0,"played":[1.0,0.0],"evs":[0.0,-4.31073]},"42o":{"weight":1.0,"played":[1.0,0.0],"evs":[0.0,-4.32999]},"52o":{"weight":1.0,"played":[1.0,0.0],"evs":[0.0,-4.08483]},"62o":{"weight":1.0,"played":[1.0,0.0],"evs":[0.0,-4.3874]},"72o":{"weight":1.0,"played":[1.0,0.0],"evs":[0.0,-4.79978]},"82o":{"weight":1.0,"played":[1.0,0.0],"evs":[0.0,-4.67847]},"92o":{"weight":1.0,"played":[1.0,0.0],"evs":[0.0,-4.70888]},"T2o":{"weight":1.0,"played":[1.0,0.0],"evs":[0.0,-4.69146]},"J2o":{"weight":1.0,"played":[1.0,0.0],"evs":[0.0,-4.57335]},"Q2o":{"weight":1.0,"played":[1.0,0.0],"evs":[0.0,-4.56689]},"K2o":{"weight":1.0,"played":[1.0,0.0],"evs":[0.0,-4.26821]},"A2o":{"weight":1.0,"played":[1.0,0.0],"evs":[0.0,-4.51607]},"32s":{"weight":1.0,"played":[1.0,0.0],"evs":[0.0,-3.81856]},"33":{"weight":1.0,"played":[1.0,0.0],"evs":[0.0,-3.74095]},"43o":{"weight":1.0,"played":[1.0,0.0],"evs":[0.0,-4.17509]},"53o":{"weight":1.0,"played":[1.0,0.0],"evs":[0.0,-4.04193]},"63o":{"weight":1.0,"played":[1.0,0.0],"evs":[0.0,-4.24381]},"73o":{"weight":1.0,"played":[1.0,0.0],"evs":[0.0,-4.46094]},"83o":{"weight":1.0,"played":[1.0,0.0],"evs":[0.0,-4.6615]},"93o":{"weight":1.0,"played":[1.0,0.0],"evs":[0.0,-4.68907]},"T3o":{"weight":1.0,"played":[1.0,0.0],"evs":[0.0,-4.56472]},"J3o":{"weight":1.0,"played":[1.0,0.0],"evs":[0.0,-4.48155]},"Q3o":{"weight":1.0,"played":[1.0,0.0],"evs":[0.0,-4.5718]},"K3o":{"weight":1.0,"played":[1.0,0.0],"evs":[0.0,-4.22771]},"A3o":{"weight":1.0,"played":[1.0,0.0],"evs":[0.0,-4.29014]},"42s":{"weight":1.0,"played":[1.0,0.0],"evs":[0.0,-3.95047]},"43s":{"weight":1.0,"played":[1.0,0.0],"evs":[0.0,-3.45638]},"44":{"weight":1.0,"played":[1.0,0.0],"evs":[0.0,-3.78593]},"54o":{"weight":1.0,"played":[1.0,0.0],"evs":[0.0,-3.78025]},"64o":{"weight":1.0,"played":[1.0,0.0],"evs":[0.0,-3.94869]},"74o":{"weight":1.0,"played":[1.0,0.0],"evs":[0.0,-4.20378]},"84o":{"weight":1.0,"played":[1.0,0.0],"evs":[0.0,-4.39049]},"94o":{"weight":1.0,"played":[1.0,0.0],"evs":[0.0,-4.78583]},"T4o":{"weight":1.0,"played":[1.0,0.0],"evs":[0.0,-4.53669]},"J4o":{"weight":1.0,"played":[1.0,0.0],"evs":[0.0,-4.48807]},"Q4o":{"weight":1.0,"played":[1.0,0.0],"evs":[0.0,-4.56099]},"K4o":{"weight":1.0,"played":[1.0,0.0],"evs":[0.0,-4.18095]},"A4o":{"weight":1.0,"played":[1.0,0.0],"evs":[0.0,-4.16135]},"52s":{"weight":1.0,"played":[1.0,0.0],"evs":[0.0,-3.66447]},"53s":{"weight":1.0,"played":[1.0,0.0],"evs":[0.0,-3.4268]},"54s":{"weight":1.0,"played":[1.0,0.0],"evs":[0.0,-3.45099]},"55":{"weight":1.0,"played":[1.0,0.0],"evs":[0.0,-3.73015]},"65o":{"weight":1.0,"played":[1.0,0.0],"evs":[0.0,-3.76038]},"75o":{"weight":1.0,"played":[1.0,0.0],"evs":[0.0,-4.08696]},"85o":{"weight":1.0,"played":[1.0,0.0],"evs":[0.0,-4.18137]},"95o":{"weight":1.0,"played":[1.0,0.0],"evs":[0.0,-4.46155]},"T5o":{"weight":1.0,"played":[1.0,0.0],"evs":[0.0,-4.45504]},"J5o":{"weight":1.0,"played":[1.0,0.0],"evs":[0.0,-4.4454]},"Q5o":{"weight":1.0,"played":[1.0,0.0],"evs":[0.0,-4.48791]},"K5o":{"weight":1.0,"played":[1.0,0.0],"evs":[0.0,-4.18529]},"A5o":{"weight":1.0,"played":[1.0,0.0],"evs":[0.0,-4.28565]},"62s":{"weight":1.0,"played":[1.0,0.0],"evs":[0.0,-3.901]},"63s":{"weight":1.0,"played":[1.0,0.0],"evs":[0.0,-3.43884]},"64s":{"weight":1.0,"played":[1.0,0.0],"evs":[0.0,-3.41201]},"65s":{"weight":1.0,"played":[1.0,0.0],"evs":[0.0,-3.30896]},"66":{"weight":1.0,"played":[1.0,0.0],"evs":[0.0,-3.64106]},"76o":{"weight":1.0,"played":[1.0,0.0],"evs":[0.0,-3.86526]},"86o":{"weight":1.0,"played":[1.0,0.0],"evs":[0.0,-4.10034]},"96o":{"weight":1.0,"played":[1.0,0.0],"evs":[0.0,-4.17989]},"T6o":{"weight":1.0,"played":[1.0,0.0],"evs":[0.0,-4.38073]},"J6o":{"weight":1.0,"played":[1.0,0.0],"evs":[0.0,-4.41326]},"Q6o":{"weight":1.0,"played":[1.0,0.0],"evs":[0.0,-4.47557]},"K6o":{"weight":1.0,"played":[1.0,0.0],"evs":[0.0,-4.15169]},"A6o":{"weight":1.0,"played":[1.0,0.0],"evs":[0.0,-4.57806]},"72s":{"weight":1.0,"played":[1.0,0.0],"evs":[0.0,-4.18139]},"73s":{"weight":1.0,"played":[1.0,0.0],"evs":[0.0,-3.97212]},"74s":{"weight":1.0,"played":[1.0,0.0],"evs":[0.0,-3.72673]},"75s":{"weight":1.0,"played":[1.0,0.0],"evs":[0.0,-3.30915]},"76s":{"weight":1.0,"played":[1.0,0.0],"evs":[0.0,-3.53337]},"77":{"weight":1.0,"played":[1.0,0.0],"evs":[0.0,-3.51738]},"87o":{"weight":1.0,"played":[1.0,0.0],"evs":[0.0,-3.96575]},"97o":{"weight":1.0,"played":[1.0,0.0],"evs":[0.0,-4.2553]},"T7o":{"weight":1.0,"played":[1.0,0.0],"evs":[0.0,-4.28207]},"J7o":{"weight":1.0,"played":[1.0,0.0],"evs":[0.0,-4.44728]},"Q7o":{"weight":1.0,"played":[1.0,0.0],"evs":[0.0,-4.56602]},"K7o":{"weight":1.0,"played":[1.0,0.0],"evs":[0.0,-4.21754]},"A7o":{"weight":1.0,"played":[1.0,0.0],"evs":[0.0,-4.5696]},"82s":{"weight":1.0,"played":[1.0,0.0],"evs":[0.0,-4.14194]},"83s":{"weight":1.0,"played":[1.0,0.0],"evs":[0.0,-4.06024]},"84s":{"weight":1.0,"played":[1.0,0.0],"evs":[0.0,-3.87809]},"85s":{"weight":1.0,"played":[1.0,0.0],"evs":[0.0,-3.42986]},"86s":{"weight":1.0,"played":[1.0,0.0],"evs":[0.0,-3.57293]},"87s":{"weight":1.0,"played":[1.0,0.0],"evs":[0.0,-3.42103]},"88":{"weight":1.0,"played":[1.0,0.0],"evs":[0.0,-3.13274]},"98o":{"weight":1.0,"played":[1.0,0.0],"evs":[0.0,-4.08059]},"T8o":{"weight":1.0,"played":[1.0,0.0],"evs":[0.0,-4.07428]},"J8o":{"weight":1.0,"played":[1.0,0.0],"evs":[0.0,-4.18723]},"Q8o":{"weight":1.0,"played":[1.0,0.0],"evs":[0.0,-4.3341]},"K8o":{"weight":1.0,"played":[1.0,0.0],"evs":[0.0,-4.22703]},"A8o":{"weight":1.0,"played":[1.0,0.0],"evs":[0.0,-4.32635]},"92s":{"weight":1.0,"played":[1.0,0.0],"evs":[0.0,-4.18183]},"93s":{"weight":1.0,"played":[1.0,0.0],"evs":[0.0,-4.15596]},"94s":{"weight":1.0,"played":[1.0,0.0],"evs":[0.0,-4.14411]},"95s":{"weight":1.0,"played":[1.0,0.0],"evs":[0.0,-3.68054]},"96s":{"weight":1.0,"played":[1.0,0.0],"evs":[0.0,-3.77591]},"97s":{"weight":1.0,"played":[1.0,0.0],"evs":[0.0,-3.49065]},"98s":{"weight":1.0,"played":[1.0,0.0],"evs":[0.0,-3.5048]},"99":{"weight":1.0,"played":[1.0,0.0],"evs":[0.0,-2.92959]},"T9o":{"weight":1.0,"played":[1.0,0.0],"evs":[0.0,-4.02553]},"J9o":{"weight":1.0,"played":[1.0,0.0],"evs":[0.0,-4.12798]},"Q9o":{"weight":1.0,"played":[1.0,0.0],"evs":[0.0,-4.25461]},"K9o":{"weight":1.0,"played":[1.0,0.0],"evs":[0.0,-4.08531]},"A9o":{"weight":1.0,"played":[1.0,0.0],"evs":[0.0,-4.46964]},"T2s":{"weight":1.0,"played":[1.0,0.0],"evs":[0.0,-4.01023]},"T3s":{"weight":1.0,"played":[1.0,0.0],"evs":[0.0,-4.17319]},"T4s":{"weight":1.0,"played":[1.0,0.0],"evs":[0.0,-4.18712]},"T5s":{"weight":1.0,"played":[1.0,0.0],"evs":[0.0,-3.67875]},"T6s":{"weight":1.0,"played":[1.0,0.0],"evs":[0.0,-3.94918]},"T7s":{"weight":1.0,"played":[1.0,0.0],"evs":[0.0,-3.6581]},"T8s":{"weight":1.0,"played":[1.0,0.0],"evs":[0.0,-3.51517]},"T9s":{"weight":1.0,"played":[1.0,0.0],"evs":[0.0,-3.42618]},"TT":{"weight":1.0,"played":[1.0,0.0],"evs":[0.0,-2.35473]},"JTo":{"weight":1.0,"played":[1.0,0.0],"evs":[0.0,-3.78697]},"QTo":{"weight":1.0,"played":[1.0,0.0],"evs":[0.0,-3.8673]},"KTo":{"weight":1.0,"played":[1.0,0.0],"evs":[0.0,-3.68286]},"ATo":{"weight":1.0,"played":[1.0,0.0],"evs":[0.0,-4.02117]},"J2s":{"weight":1.0,"played":[1.0,0.0],"evs":[0.0,-4.17205]},"J3s":{"weight":1.0,"played":[1.0,0.0],"evs":[0.0,-3.88835]},"J4s":{"weight":1.0,"played":[1.0,0.0],"evs":[0.0,-3.74384]},"J5s":{"weight":1.0,"played":[1.0,0.0],"evs":[0.0,-4.03708]},"J6s":{"weight":1.0,"played":[1.0,0.0],"evs":[0.0,-3.97838]},"J7s":{"weight":1.0,"played":[1.0,0.0],"evs":[0.0,-3.96621]},"J8s":{"weight":1.0,"played":[1.0,0.0],"evs":[0.0,-3.61778]},"J9s":{"weight":1.0,"played":[1.0,0.0],"evs":[0.0,-3.28168]},"JTs":{"weight":1.0,"played":[1.0,0.0],"evs":[0.0,-3.16253]},"JJ":{"weight":1.0,"played":[1.0,0.0],"evs":[0.0,-1.97029]},"QJo":{"weight":1.0,"played":[1.0,0.0],"evs":[0.0,-3.84047]},"KJo":{"weight":1.0,"played":[1.0,0.0],"evs":[0.0,-3.59342]},"AJo":{"weight":1.0,"played":[1.0,0.0],"evs":[0.0,-3.82539]},"Q2s":{"weight":1.0,"played":[1.0,0.0],"evs":[0.0,-4.10891]},"Q3s":{"weight":1.0,"played":[1.0,0.0],"evs":[0.0,-3.83365]},"Q4s":{"weight":1.0,"played":[1.0,0.0],"evs":[0.0,-3.97927]},"Q5s":{"weight":1.0,"played":[1.0,0.0],"evs":[0.0,-3.82773]},"Q6s":{"weight":1.0,"played":[1.0,0.0],"evs":[0.0,-4.08611]},"Q7s":{"weight":1.0,"played":[1.0,0.0],"evs":[0.0,-4.00506]},"Q8s":{"weight":1.0,"played":[1.0,0.0],"evs":[0.0,-3.61378]},"Q9s":{"weight":1.0,"played":[1.0,0.0],"evs":[0.0,-3.59604]},"QTs":{"weight":1.0,"played":[0.9999,1.0E-4],"evs":[0.0,-3.62137]},"QJs":{"weight":1.0,"played":[1.0,0.0],"evs":[0.0,-3.34545]},"QQ":{"weight":1.0,"played":[0.9998,2.0E-4],"evs":[0.0,-0.71231]},"KQo":{"weight":1.0,"played":[1.0,0.0],"evs":[0.0,-3.67314]},"AQo":{"weight":1.0,"played":[1.0,0.0],"evs":[0.0,-3.43488]},"K2s":{"weight":1.0,"played":[1.0,0.0],"evs":[0.0,-3.54698]},"K3s":{"weight":1.0,"played":[1.0,0.0],"evs":[0.0,-3.47758]},"K4s":{"weight":1.0,"played":[1.0,0.0],"evs":[0.0,-3.68973]},"K5s":{"weight":1.0,"played":[1.0,0.0],"evs":[0.0,-3.50573]},"K6s":{"weight":1.0,"played":[1.0,0.0],"evs":[0.0,-3.72557]},"K7s":{"weight":1.0,"played":[1.0,0.0],"evs":[0.0,-3.60523]},"K8s":{"weight":1.0,"played":[1.0,0.0],"evs":[0.0,-3.52913]},"K9s":{"weight":1.0,"played":[1.0,0.0],"evs":[0.0,-3.49321]},"KTs":{"weight":1.0,"played":[1.0,0.0],"evs":[0.0,-3.30365]},"KJs":{"weight":1.0,"played":[0.9999,1.0E-4],"evs":[0.0,-3.27076]},"KQs":{"weight":1.0,"played":[1.0,0.0],"evs":[0.0,-2.78812]},"KK":{"weight":1.0,"played":[0.0041,0.9959],"evs":[0.0,0.85633]},"AKo":{"weight":1.0,"played":[1.0,0.0],"evs":[0.0,-2.63992]},"A2s":{"weight":1.0,"played":[1.0,0.0],"evs":[0.0,-3.81635]},"A3s":{"weight":1.0,"played":[1.0,0.0],"evs":[0.0,-3.68361]},"A4s":{"weight":1.0,"played":[1.0,0.0],"evs":[0.0,-3.44104]},"A5s":{"weight":1.0,"played":[1.0,0.0],"evs":[0.0,-3.66917]},"A6s":{"weight":1.0,"played":[1.0,0.0],"evs":[0.0,-3.82387]},"A7s":{"weight":1.0,"played":[1.0,0.0],"evs":[0.0,-3.88309]},"A8s":{"weight":1.0,"played":[1.0,0.0],"evs":[0.0,-3.66389]},"A9s":{"weight":1.0,"played":[1.0,0.0],"evs":[0.0,-3.65879]},"ATs":{"weight":1.0,"played":[1.0,0.0],"evs":[0.0,-3.36829]},"AJs":{"weight":1.0,"played":[1.0,0.0],"evs":[0.0,-3.09835]},"AQs":{"weight":1.0,"played":[1.0,0.0],"evs":[0.0,-2.56676]},"AKs":{"weight":1.0,"played":[1.0,0.0],"evs":[0.0,-2.00306]},"AA":{"weight":1.0,"played":[0.0,1.0],"evs":[0.0,2.80152]}}}