{"player":2,"street":0,"children":3,"sequence":[{"player":0,"type":"F","amount":0,"street":0},{"player":1,"type":"F","amount":0,"street":0},{"player":2,"type":"R","amount":200000,"street":0},{"player":3,"type":"R","amount":500000,"street":0},{"player":4,"type":"F","amount":0,"street":0},{"player":5,"type":"F","amount":0,"street":0}],"actions":[{"type":"F","amount":0},{"type":"C","amount":300000},{"type":"R","amount":1265000,"node":103}],"hands":{"22":{"weight":0.055,"played":[0.0,3.0E-4,0.9997],"evs":[0.0,0.57198,0.92978]},"32o":{"weight":0.0,"played":[1.0,0.0,0.0],"evs":[0.0,-0.4495,-1.34079]},"42o":{"weight":0.0,"played":[1.0,0.0,0.0],"evs":[0.0,-0.42106,-1.27366]},"52o":{"weight":0.0,"played":[1.0,0.0,0.0],"evs":[0.0,-0.31417,-1.1305]},"62o":{"weight":0.0,"played":[1.0,0.0,0.0],"evs":[0.0,-0.47074,-1.36214]},"72o":{"weight":0.0,"played":[1.0,0.0,0.0],"evs":[0.0,-0.64379,-1.64529]},"82o":{"weight":0.0,"played":[1.0,0.0,0.0],"evs":[0.0,-0.7643,-1.72674]},"92o":{"weight":0.0,"played":[1.0,0.0,0.0],"evs":[0.0,-0.44617,-1.28622]},"T2o":{"weight":0.0,"played":[1.0,0.0,0.0],"evs":[0.0,-0.73387,-1.56432]},"J2o":{"weight":0.0,"played":[1.0,0.0,0.0],"evs":[0.0,-0.43645,-1.21442]},"Q2o":{"weight":0.0,"played":[1.0,0.0,0.0],"evs":[0.0,-0.39941,-0.96293]},"K2o":{"weight":0.0,"played":[1.0,0.0,0.0],"evs":[0.0,-0.16881,-0.65096]},"A2o":{"weight":0.1307,"played":[0.757,0.1901,0.0529],"evs":[0.0,0.01799,-0.04932]},"32s":{"weight":0.0,"played":[0.938,0.062,0.0],"evs":[0.0,-0.06407,-0.7702]},"33":{"weight":0.0,"played":[0.0,7.0E-4,0.9993],"evs":[0.0,0.71322,1.01816]},"43o":{"weight":0.0,"played":[1.0,0.0,0.0],"evs":[0.0,-0.27044,-1.04233]},"53o":{"weight":0.0,"played":[0.9979,0.0021,0.0],"evs":[0.0,-0.18822,-0.87185]},"63o":{"weight":0.0,"played":[1.0,0.0,0.0],"evs":[0.0,-0.28439,-1.10945]},"73o":{"weight":0.0,"played":[1.0,0.0,0.0],"evs":[0.0,-0.56889,-1.43707]},"83o":{"weight":0.0,"played":[1.0,0.0,0.0],"evs":[0.0,-0.73578,-1.68142]},"93o":{"weight":0.0,"played":[1.0,0.0,0.0],"evs":[0.0,-0.49526,-1.23856]},"T3o":{"weight":0.0,"played":[1.0,0.0,0.0],"evs":[0.0,-0.69605,-1.50613]},"J3o":{"weight":0.0,"played":[1.0,0.0,0.0],"evs":[0.0,-0.48744,-1.2237]},"Q3o":{"weight":0.0,"played":[1.0,0.0,0.0],"evs":[0.0,-0.39346,-0.91353]},"K3o":{"weight":0.0,"played":[1.0,0.0,0.0],"evs":[0.0,-0.12594,-0.5285]},"A3o":{"weight":0.2057,"played":[0.7314,0.1817,0.0869],"evs":[0.0,-0.07214,-0.20384]},"42s":{"weight":0.0,"played":[0.8195,0.1805,0.0],"evs":[0.0,-0.03572,-0.64102]},"43s":{"weight":0.0,"played":[0.0449,0.9551,0.0],"evs":[0.0,0.134,-0.4392]},"44":{"weight":0.0,"played":[0.0,0.0103,0.9897],"evs":[0.0,0.84114,1.06701]},"54o":{"weight":0.0,"played":[0.8963,0.1037,0.0],"evs":[0.0,-0.05933,-0.66401]},"64o":{"weight":0.0,"played":[0.9927,0.0073,0.0],"evs":[0.0,-0.17922,-0.93328]},"74o":{"weight":0.0,"played":[1.0,0.0,0.0],"evs":[0.0,-0.43134,-1.19139]},"84o":{"weight":0.0,"played":[1.0,0.0,0.0],"evs":[0.0,-0.57621,-1.43289]},"94o":{"weight":0.0,"played":[1.0,0.0,0.0],"evs":[0.0,-0.49113,-1.28988]},"T4o":{"weight":0.0,"played":[1.0,0.0,0.0],"evs":[0.0,-0.6941,-1.42295]},"J4o":{"weight":0.0,"played":[1.0,0.0,0.0],"evs":[0.0,-0.48475,-1.208]},"Q4o":{"weight":0.0,"played":[0.9993,7.0E-4,0.0],"evs":[0.0,-0.38216,-0.86978]},"K4o":{"weight":0.0,"played":[0.9996,4.0E-4,0.0],"evs":[0.0,-0.14973,-0.60868]},"A4o":{"weight":0.0,"played":[0.5603,0.4363,0.0034],"evs":[0.0,0.06976,-0.12385]},"52s":{"weight":0.0,"played":[0.2435,0.7565,0.0],"evs":[0.0,0.05902,-0.53772]},"53s":{"weight":0.0,"played":[0.0046,0.9954,0.0],"evs":[0.0,0.20878,-0.25331]},"54s":{"weight":0.0,"played":[8.0E-4,0.9992,0.0],"evs":[0.0,0.34194,-0.16568]},"55":{"weight":0.0,"played":[0.0,4.0E-4,0.9996],"evs":[0.0,1.10268,1.39996]},"65o":{"weight":0.0,"played":[0.5371,0.4629,0.0],"evs":[0.0,0.04919,-0.62292]},"75o":{"weight":0.0,"played":[0.9964,0.0036,0.0],"evs":[0.0,-0.17866,-0.88984]},"85o":{"weight":0.0,"played":[0.9999,1.0E-4,0.0],"evs":[0.0,-0.45587,-1.21029]},"95o":{"weight":0.0,"played":[1.0,0.0,0.0],"evs":[0.0,-0.3675,-1.01712]},"T5o":{"weight":0.0,"played":[1.0,0.0,0.0],"evs":[0.0,-0.61312,-1.37838]},"J5o":{"weight":0.0,"played":[0.9999,1.0E-4,0.0],"evs":[0.0,-0.39828,-1.06083]},"Q5o":{"weight":0.0,"played":[1.0,0.0,0.0],"evs":[0.0,-0.31161,-0.74447]},"K5o":{"weight":0.0,"played":[0.9992,8.0E-4,0.0],"evs":[0.0,-0.13283,-0.47182]},"A5o":{"weight":0.0,"played":[0.085,0.8757,0.0394],"evs":[0.0,0.14885,0.01669]},"62s":{"weight":0.0,"played":[0.8792,0.1208,0.0],"evs":[0.0,-0.04032,-0.62867]},"63s":{"weight":0.0,"played":[0.0039,0.9961,0.0],"evs":[0.0,0.18849,-0.45024]},"64s":{"weight":0.0,"played":[0.1413,0.8587,0.0],"evs":[0.0,0.18842,-0.38079]},"65s":{"weight":0.0,"played":[0.0013,0.9987,0.0],"evs":[0.0,0.4995,0.02465]},"66":{"weight":0.0,"played":[0.0,5.0E-4,0.9995],"evs":[0.0,1.29603,1.57711]},"76o":{"weight":0.0,"played":[0.6874,0.3126,0.0],"evs":[0.0,-0.07963,-0.68548]},"86o":{"weight":0.0,"played":[0.97,0.03,0.0],"evs":[0.0,-0.25577,-0.86991]},"96o":{"weight":0.0,"played":[1.0,0.0,0.0],"evs":[0.0,-0.16929,-0.78066]},"T6o":{"weight":0.0,"played":[1.0,0.0,0.0],"evs":[0.0,-0.56257,-1.16257]},"J6o":{"weight":0.0,"played":[1.0,0.0,0.0],"evs":[0.0,-0.40506,-1.02863]},"Q6o":{"weight":0.0,"played":[0.992,0.008,0.0],"evs":[0.0,-0.25615,-0.64917]},"K6o":{"weight":0.0,"played":[0.8342,0.1658,0.0],"evs":[0.0,-0.04716,-0.40926]},"A6o":{"weight":6.0E-4,"played":[0.5311,0.4483,0.0206],"evs":[0.0,-0.02005,-0.17129]},"72s":{"weight":0.0,"played":[0.9856,0.0144,0.0],"evs":[0.0,-0.34993,-1.1309]},"73s":{"weight":0.0,"played":[0.989,0.011,0.0],"evs":[0.0,-0.10602,-0.79594]},"74s":{"weight":0.0,"played":[0.5915,0.4085,0.0],"evs":[0.0,0.03992,-0.54228]},"75s":{"weight":0.0,"played":[0.0033,0.9967,0.0],"evs":[0.0,0.32912,-0.16796]},"76s":{"weight":0.0,"played":[0.0016,0.9984,0.0],"evs":[0.0,0.47272,0.05279]},"77":{"weight":0.0,"played":[0.0,6.0E-4,0.9994],"evs":[0.0,1.37551,1.67276]},"87o":{"weight":0.0,"played":[0.9985,0.0015,0.0],"evs":[0.0,-0.26422,-0.81674]},"97o":{"weight":0.0,"played":[0.9755,0.0245,0.0],"evs":[0.0,-0.16621,-0.66852]},"T7o":{"weight":0.0,"played":[0.9999,1.0E-4,0.0],"evs":[0.0,-0.47703,-1.01457]},"J7o":{"weight":0.0,"played":[0.9948,0.0052,0.0],"evs":[0.0,-0.40614,-1.02595]},"Q7o":{"weight":0.0,"played":[1.0,0.0,0.0],"evs":[0.0,-0.42064,-0.86999]},"K7o":{"weight":0.0,"played":[0.9997,3.0E-4,0.0],"evs":[0.0,-0.2719,-0.58061]},"A7o":{"weight":0.0263,"played":[0.2459,0.4212,0.3329],"evs":[0.0,0.02474,-0.017]},"82s":{"weight":0.0,"played":[1.0,0.0,0.0],"evs":[0.0,-0.34429,-1.08331]},"83s":{"weight":0.0,"played":[0.9888,0.0112,0.0],"evs":[0.0,-0.38059,-1.06618]},"84s":{"weight":0.0,"played":[0.8818,0.1182,0.0],"evs":[0.0,-0.18098,-0.85611]},"85s":{"weight":0.0,"played":[0.2811,0.7189,0.0],"evs":[0.0,0.0467,-0.46148]},"86s":{"weight":0.0,"played":[3.0E-4,0.9997,0.0],"evs":[0.0,0.23669,-0.28997]},"87s":{"weight":0.0,"played":[0.0537,0.9463,0.0],"evs":[0.0,0.08946,-0.32487]},"88":{"weight":0.0,"played":[0.0,0.0,1.0],"evs":[0.0,1.65792,2.06273]},"98o":{"weight":0.0,"played":[0.991,0.009,0.0],"evs":[0.0,-0.15907,-0.64066]},"T8o":{"weight":0.0,"played":[0.9952,0.0048,0.0],"evs":[0.0,-0.54907,-1.09727]},"J8o":{"weight":0.0,"played":[0.9915,0.0084,0.0],"evs":[0.0,-0.39482,-0.92815]},"Q8o":{"weight":0.0,"played":[0.9953,0.0047,0.0],"evs":[0.0,-0.40622,-0.77248]},"K8o":{"weight":0.0,"played":[0.9948,0.0052,0.0],"evs":[0.0,-0.31576,-0.68424]},"A8o":{"weight":0.0,"played":[2.0E-4,0.0048,0.995],"evs":[0.0,0.5174,0.84246]},"92s":{"weight":0.0,"played":[0.5517,0.4483,0.0],"evs":[0.0,0.00645,-0.57834]},"93s":{"weight":0.0,"played":[0.4921,0.5079,0.0],"evs":[0.0,-0.02121,-0.67389]},"94s":{"weight":0.0,"played":[0.7729,0.2271,0.0],"evs":[0.0,-0.06212,-0.65728]},"95s":{"weight":0.0,"played":[0.0219,0.9781,0.0],"evs":[0.0,0.12763,-0.36908]},"96s":{"weight":0.0,"played":[0.0011,0.9989,0.0],"evs":[0.0,0.23616,-0.19021]},"97s":{"weight":0.0,"played":[0.0,0.9998,1.0E-4],"evs":[0.0,0.30657,-0.07271]},"98s":{"weight":0.0372,"played":[5.0E-4,0.9834,0.016],"evs":[0.0,0.30542,0.06351]},"99":{"weight":0.0021,"played":[0.0,1.0E-4,0.9999],"evs":[0.0,2.1085,2.48809]},"T9o":{"weight":0.0,"played":[0.169,0.831,1.0E-4],"evs":[0.0,-0.08572,-0.37689]},"J9o":{"weight":0.0,"played":[0.0925,0.9075,0.0],"evs":[0.0,-0.00311,-0.35478]},"Q9o":{"weight":0.0,"played":[0.1619,0.8381,0.0],"evs":[0.0,-0.01409,-0.11996]},"K9o":{"weight":0.0,"played":[0.0986,0.8939,0.0075],"evs":[0.0,0.12916,0.04733]},"A9o":{"weight":8.0E-4,"played":[0.0,8.0E-4,0.9992],"evs":[0.0,1.19724,1.70401]},"T2s":{"weight":0.0,"played":[1.0,0.0,0.0],"evs":[0.0,-0.2868,-0.82435]},"T3s":{"weight":0.0,"played":[0.994,0.006,0.0],"evs":[0.0,-0.24303,-0.77526]},"T4s":{"weight":0.0,"played":[0.9979,0.0021,0.0],"evs":[0.0,-0.19183,-0.75629]},"T5s":{"weight":0.0,"played":[0.8294,0.1706,0.0],"evs":[0.0,-0.19556,-0.64721]},"T6s":{"weight":0.0,"played":[0.1688,0.8312,0.0],"evs":[0.0,0.06769,-0.32343]},"T7s":{"weight":0.0,"played":[0.3921,0.6079,0.0],"evs":[0.0,-0.16291,-0.53712]},"T8s":{"weight":0.2203,"played":[0.2453,0.7546,1.0E-4],"evs":[0.0,-0.08754,-0.38599]},"T9s":{"weight":0.1596,"played":[2.0E-4,0.9869,0.0128],"evs":[0.0,0.32826,0.12466]},"TT":{"weight":0.0158,"played":[0.0,1.0E-4,0.9999],"evs":[0.0,2.68045,3.15645]},"JTo":{"weight":0.0892,"played":[0.2584,0.7416,0.0],"evs":[0.0,-0.08367,-0.24202]},"QTo":{"weight":0.2266,"played":[0.4389,0.5232,0.0379],"evs":[0.0,-0.04701,0.00678]},"KTo":{"weight":0.0,"played":[0.4898,0.2404,0.2698],"evs":[0.0,-0.00876,0.09272]},"ATo":{"weight":0.0,"played":[0.0,0.0,1.0],"evs":[0.0,2.31781,2.9267]},"J2s":{"weight":0.0,"played":[0.8761,0.1239,0.0],"evs":[0.0,-0.10147,-0.60768]},"J3s":{"weight":0.0,"played":[0.705,0.295,0.0],"evs":[0.0,-0.05144,-0.56248]},"J4s":{"weight":0.0,"played":[0.6834,0.3166,0.0],"evs":[0.0,-0.04496,-0.57639]},"J5s":{"weight":0.0,"played":[0.025,0.975,0.0],"evs":[0.0,0.04654,-0.4194]},"J6s":{"weight":0.0,"played":[0.0963,0.9037,0.0],"evs":[0.0,-0.00574,-0.47467]},"J7s":{"weight":0.0,"played":[0.2361,0.7629,0.001],"evs":[0.0,-0.05176,-0.4586]},"J8s":{"weight":0.0,"played":[0.27,0.7299,0.0],"evs":[0.0,-0.07091,-0.33722]},"J9s":{"weight":0.2405,"played":[0.0,1.0,0.0],"evs":[0.0,0.30222,0.05877]},"JTs":{"weight":0.3233,"played":[3.0E-4,0.8488,0.1509],"evs":[0.0,0.2959,0.232]},"JJ":{"weight":0.0,"played":[0.0,8.0E-4,0.9992],"evs":[0.0,3.0648,3.48495]},"QJo":{"weight":0.0,"played":[0.0156,0.8357,0.1487],"evs":[0.0,0.30966,0.35088]},"KJo":{"weight":0.0,"played":[0.0393,0.5654,0.3953],"evs":[0.0,0.41604,0.46362]},"AJo":{"weight":0.0,"played":[0.0,0.0,1.0],"evs":[0.0,3.17464,3.73425]},"Q2s":{"weight":0.0,"played":[0.174,0.826,0.0],"evs":[0.0,0.05507,-0.35579]},"Q3s":{"weight":0.0,"played":[0.0618,0.9382,0.0],"evs":[0.0,0.09473,-0.25717]},"Q4s":{"weight":0.0,"played":[0.143,0.857,0.0],"evs":[0.0,0.08511,-0.22545]},"Q5s":{"weight":0.0,"played":[0.0611,0.9389,0.0],"evs":[0.0,0.14806,-0.12095]},"Q6s":{"weight":0.0,"played":[0.0028,0.9971,0.0],"evs":[0.0,0.22015,-0.05187]},"Q7s":{"weight":0.0,"played":[0.3316,0.6684,0.0],"evs":[0.0,0.05278,-0.27317]},"Q8s":{"weight":0.0,"played":[0.2702,0.7298,0.0],"evs":[0.0,0.00935,-0.23017]},"Q9s":{"weight":0.0,"played":[2.0E-4,0.9976,0.0021],"evs":[0.0,0.46852,0.42214]},"QTs":{"weight":0.0,"played":[3.0E-4,0.7439,0.2558],"evs":[0.0,0.43461,0.51386]},"QJs":{"weight":0.1604,"played":[0.0,0.6925,0.3075],"evs":[0.0,0.75029,0.80488]},"QQ":{"weight":0.0,"played":[0.0,0.0,1.0],"evs":[0.0,3.36645,3.65186]},"KQo":{"weight":0.0,"played":[0.0,0.7764,0.2236],"evs":[0.0,0.46712,0.42322]},"AQo":{"weight":0.0,"played":[0.0,0.0,1.0],"evs":[0.0,3.38745,3.68995]},"K2s":{"weight":0.0,"played":[0.0552,0.9448,0.0],"evs":[0.0,0.33519,0.00828]},"K3s":{"weight":0.0,"played":[0.036,0.964,0.0],"evs":[0.0,0.29197,0.00827]},"K4s":{"weight":0.0,"played":[0.0568,0.9432,0.0],"evs":[0.0,0.28045,0.07341]},"K5s":{"weight":0.0,"played":[0.0345,0.9654,1.0E-4],"evs":[0.0,0.32183,0.06773]},"K6s":{"weight":0.0,"played":[0.026,0.9395,0.0345],"evs":[0.0,0.40759,0.21555]},"K7s":{"weight":0.0233,"played":[0.1053,0.8947,1.0E-4],"evs":[0.0,0.22601,0.04546]},"K8s":{"weight":0.5167,"played":[0.5529,0.4455,0.0016],"evs":[0.0,-0.01017,-0.21697]},"K9s":{"weight":4.0E-4,"played":[0.0,0.5338,0.4662],"evs":[0.0,0.46038,0.56954]},"KTs":{"weight":0.0454,"played":[0.0,0.3804,0.6196],"evs":[0.0,0.50458,0.62505]},"KJs":{"weight":1.0E-4,"played":[0.0,0.3026,0.6974],"evs":[0.0,0.86209,1.00617]},"KQs":{"weight":0.0,"played":[0.0,0.2258,0.7742],"evs":[0.0,0.98204,1.10642]},"KK":{"weight":0.0027,"played":[0.0,0.0201,0.9799],"evs":[0.0,4.41367,4.66443]},"AKo":{"weight":0.0,"played":[0.0,0.0016,0.9984],"evs":[0.0,4.06762,4.32061]},"A2s":{"weight":0.0,"played":[3.0E-4,0.8095,0.1902],"evs":[0.0,0.46658,0.43556]},"A3s":{"weight":0.0,"played":[1.0E-4,0.8716,0.1282],"evs":[0.0,0.47938,0.4069]},"A4s":{"weight":0.0,"played":[8.0E-4,0.9473,0.0519],"evs":[0.0,0.58875,0.487]},"A5s":{"weight":0.0,"played":[0.0,0.9743,0.0257],"evs":[0.0,0.71851,0.66728]},"A6s":{"weight":0.0,"played":[0.0,0.9878,0.0122],"evs":[0.0,0.55467,0.42731]},"A7s":{"weight":0.0,"played":[0.0,0.2689,0.7311],"evs":[0.0,0.68599,0.7918]},"A8s":{"weight":0.0,"played":[0.0,0.0043,0.9957],"evs":[0.0,0.99126,1.27911]},"A9s":{"weight":0.0,"played":[0.0,0.0023,0.9977],"evs":[0.0,1.75632,2.13293]},"ATs":{"weight":0.0,"played":[0.0,0.0015,0.9985],"evs":[0.0,2.73853,3.29612]},"AJs":{"weight":0.0,"played":[0.0,0.0,1.0],"evs":[0.0,3.66601,4.10513]},"AQs":{"weight":1.0E-4,"played":[0.0,0.0,1.0],"evs":[0.0,3.71392,3.98915]},"AKs":{"weight":0.0712,"played":[0.0,0.0,1.0],"evs":[0.0,4.3965,4.63934]},"AA":{"weight":0.86,"played":[0.0,0.2878,0.7122],"evs":[0.0,8.45161,8.45774]}}}