{"player":3,"street":0,"children":2,"sequence":[{"player":0,"type":"F","amount":0,"street":0},{"player":1,"type":"F","amount":0,"street":0},{"player":2,"type":"R","amount":200000,"street":0},{"player":3,"type":"R","amount":500000,"street":0},{"player":4,"type":"F","amount":0,"street":0},{"player":5,"type":"R","amount":895000,"street":0},{"player":2,"type":"F","amount":0,"street":0}],"actions":[{"type":"F","amount":0},{"type":"C","amount":395000}],"hands":{"22":{"weight":0.0,"played":[0.0,1.0],"evs":[0.0,3.5746]},"32o":{"weight":0.0,"played":[0.0,1.0],"evs":[0.0,1.41813]},"42o":{"weight":0.0,"played":[0.0,1.0],"evs":[0.0,1.60225]},"52o":{"weight":0.0,"played":[0.0,1.0],"evs":[0.0,1.77338]},"62o":{"weight":0.0,"played":[0.0,1.0],"evs":[0.0,1.46576]},"72o":{"weight":0.0,"played":[0.0,1.0],"evs":[0.0,1.41388]},"82o":{"weight":0.0,"played":[0.0,1.0],"evs":[0.0,1.41882]},"92o":{"weight":0.0,"played":[0.0,1.0],"evs":[0.0,1.64496]},"T2o":{"weight":0.0,"played":[0.0,1.0],"evs":[0.0,1.52953]},"J2o":{"weight":0.0,"played":[0.0,1.0],"evs":[0.0,1.78426]},"Q2o":{"weight":0.0,"played":[0.0,1.0],"evs":[0.0,2.02366]},"K2o":{"weight":0.0,"played":[0.0,1.0],"evs":[0.0,2.08961]},"A2o":{"weight":0.0,"played":[0.0,1.0],"evs":[0.0,2.04231]},"32s":{"weight":0.0,"played":[0.0,1.0],"evs":[0.0,2.03447]},"33":{"weight":0.0,"played":[0.0,1.0],"evs":[0.0,3.61499]},"43o":{"weight":0.0,"played":[0.0,1.0],"evs":[0.0,1.82606]},"53o":{"weight":0.0,"played":[0.0,1.0],"evs":[0.0,1.7853]},"63o":{"weight":0.0,"played":[0.0,1.0],"evs":[0.0,1.85882]},"73o":{"weight":0.0,"played":[0.0,1.0],"evs":[0.0,1.7082]},"83o":{"weight":0.0,"played":[0.0,1.0],"evs":[0.0,1.35333]},"93o":{"weight":0.0,"played":[0.0,1.0],"evs":[0.0,1.66117]},"T3o":{"weight":0.0,"played":[0.0,1.0],"evs":[0.0,1.54362]},"J3o":{"weight":0.0,"played":[0.0,1.0],"evs":[0.0,1.76033]},"Q3o":{"weight":0.0,"played":[0.0,1.0],"evs":[0.0,1.98192]},"K3o":{"weight":0.0,"played":[0.0,1.0],"evs":[0.0,2.1838]},"A3o":{"weight":0.0,"played":[0.0,1.0],"evs":[0.0,2.20845]},"42s":{"weight":0.0,"played":[0.0,1.0],"evs":[0.0,2.32368]},"43s":{"weight":0.0,"played":[0.0,1.0],"evs":[0.0,2.58396]},"44":{"weight":0.0091,"played":[0.0,1.0],"evs":[0.0,3.90976]},"54o":{"weight":0.0,"played":[0.0,1.0],"evs":[0.0,2.28021]},"64o":{"weight":0.0,"played":[0.0,1.0],"evs":[0.0,2.02904]},"74o":{"weight":0.0,"played":[0.0,1.0],"evs":[0.0,2.05276]},"84o":{"weight":0.0,"played":[0.0,1.0],"evs":[0.0,1.95633]},"94o":{"weight":0.0,"played":[0.0,1.0],"evs":[0.0,1.72384]},"T4o":{"weight":0.0,"played":[0.0,1.0],"evs":[0.0,1.74283]},"J4o":{"weight":0.0,"played":[0.0,1.0],"evs":[0.0,2.06231]},"Q4o":{"weight":0.0,"played":[0.0,1.0],"evs":[0.0,2.22701]},"K4o":{"weight":0.0,"played":[0.0,1.0],"evs":[0.0,2.34917]},"A4o":{"weight":0.0151,"played":[0.0,1.0],"evs":[0.0,2.3951]},"52s":{"weight":0.0,"played":[0.0,1.0],"evs":[0.0,2.3977]},"53s":{"weight":0.0,"played":[0.0,1.0],"evs":[0.0,2.40837]},"54s":{"weight":0.0,"played":[0.0,1.0],"evs":[0.0,2.66077]},"55":{"weight":0.0129,"played":[0.0,1.0],"evs":[0.0,4.0164]},"65o":{"weight":0.0,"played":[0.0,1.0],"evs":[0.0,2.37387]},"75o":{"weight":0.0,"played":[0.0,1.0],"evs":[0.0,2.38805]},"85o":{"weight":0.0,"played":[0.0,1.0],"evs":[0.0,2.20124]},"95o":{"weight":0.0,"played":[0.0,1.0],"evs":[0.0,1.88332]},"T5o":{"weight":0.0,"played":[0.0,1.0],"evs":[0.0,1.86189]},"J5o":{"weight":0.0,"played":[0.0,1.0],"evs":[0.0,2.0988]},"Q5o":{"weight":0.0,"played":[0.0,1.0],"evs":[0.0,2.21881]},"K5o":{"weight":0.0,"played":[0.0,1.0],"evs":[0.0,2.51113]},"A5o":{"weight":0.0,"played":[0.0,1.0],"evs":[0.0,2.46409]},"62s":{"weight":0.0,"played":[0.0,1.0],"evs":[0.0,2.29156]},"63s":{"weight":0.0,"played":[0.0,1.0],"evs":[0.0,2.55707]},"64s":{"weight":0.0,"played":[0.0,1.0],"evs":[0.0,2.59598]},"65s":{"weight":0.0,"played":[0.0,1.0],"evs":[0.0,2.97664]},"66":{"weight":3.0E-4,"played":[0.0,1.0],"evs":[0.0,4.42423]},"76o":{"weight":0.0,"played":[0.0,1.0],"evs":[0.0,2.66567]},"86o":{"weight":0.0,"played":[0.0,1.0],"evs":[0.0,2.31641]},"96o":{"weight":0.0,"played":[0.0,1.0],"evs":[0.0,2.14731]},"T6o":{"weight":0.0,"played":[0.0,1.0],"evs":[0.0,2.1138]},"J6o":{"weight":0.0,"played":[0.0,1.0],"evs":[0.0,2.03896]},"Q6o":{"weight":0.0,"played":[0.0,1.0],"evs":[0.0,2.39654]},"K6o":{"weight":0.0,"played":[0.0,1.0],"evs":[0.0,2.6331]},"A6o":{"weight":0.0071,"played":[0.0,1.0],"evs":[0.0,2.28278]},"72s":{"weight":0.0,"played":[0.0,1.0],"evs":[0.0,2.02331]},"73s":{"weight":0.0,"played":[0.0,1.0],"evs":[0.0,2.50197]},"74s":{"weight":0.0,"played":[0.0,1.0],"evs":[0.0,2.60435]},"75s":{"weight":0.0,"played":[0.0,1.0],"evs":[0.0,2.83578]},"76s":{"weight":0.0,"played":[0.0,1.0],"evs":[0.0,3.07364]},"77":{"weight":6.0E-4,"played":[0.0,1.0],"evs":[0.0,4.89879]},"87o":{"weight":0.0,"played":[0.0,1.0],"evs":[0.0,2.62322]},"97o":{"weight":0.0,"played":[0.0,1.0],"evs":[0.0,2.42274]},"T7o":{"weight":0.0,"played":[0.0,1.0],"evs":[0.0,2.2805]},"J7o":{"weight":0.0,"played":[0.0,1.0],"evs":[0.0,2.41357]},"Q7o":{"weight":0.0,"played":[0.0,1.0],"evs":[0.0,2.36853]},"K7o":{"weight":0.0,"played":[0.0,1.0],"evs":[0.0,2.61069]},"A7o":{"weight":0.057,"played":[0.0,1.0],"evs":[0.0,2.34962]},"82s":{"weight":0.0,"played":[0.0,1.0],"evs":[0.0,2.15901]},"83s":{"weight":0.0,"played":[0.0,1.0],"evs":[0.0,2.03514]},"84s":{"weight":0.0,"played":[0.0,1.0],"evs":[0.0,2.70817]},"85s":{"weight":0.0,"played":[0.0,1.0],"evs":[0.0,2.55626]},"86s":{"weight":0.0,"played":[0.0,1.0],"evs":[0.0,2.98502]},"87s":{"weight":0.0,"played":[0.0,1.0],"evs":[0.0,3.05917]},"88":{"weight":0.0031,"played":[0.0,1.0],"evs":[0.0,5.47739]},"98o":{"weight":0.0,"played":[0.0,1.0],"evs":[0.0,2.66652]},"T8o":{"weight":0.0,"played":[0.0,1.0],"evs":[0.0,2.46773]},"J8o":{"weight":0.0,"played":[0.0,1.0],"evs":[0.0,2.57682]},"Q8o":{"weight":0.0,"played":[0.0,1.0],"evs":[0.0,2.42832]},"K8o":{"weight":0.0,"played":[0.0,1.0],"evs":[0.0,2.55482]},"A8o":{"weight":0.129,"played":[0.0,1.0],"evs":[0.0,2.32625]},"92s":{"weight":0.0,"played":[0.0,1.0],"evs":[0.0,2.08177]},"93s":{"weight":0.0,"played":[0.0,1.0],"evs":[0.0,2.20371]},"94s":{"weight":0.0,"played":[0.0,1.0],"evs":[0.0,2.37644]},"95s":{"weight":0.0,"played":[0.0,1.0],"evs":[0.0,2.72893]},"96s":{"weight":0.0,"played":[0.0,1.0],"evs":[0.0,2.76303]},"97s":{"weight":0.0,"played":[0.0,1.0],"evs":[0.0,3.08206]},"98s":{"weight":0.0,"played":[0.0,1.0],"evs":[0.0,3.30829]},"99":{"weight":0.0019,"played":[0.0,1.0],"evs":[0.0,6.04109]},"T9o":{"weight":0.0,"played":[0.0,1.0],"evs":[0.0,2.63994]},"J9o":{"weight":0.0,"played":[0.0,1.0],"evs":[0.0,2.80852]},"Q9o":{"weight":0.0,"played":[0.0,1.0],"evs":[0.0,2.65797]},"K9o":{"weight":0.0,"played":[0.0,1.0],"evs":[0.0,2.85268]},"A9o":{"weight":0.0,"played":[0.0,1.0],"evs":[0.0,2.955]},"T2s":{"weight":0.0,"played":[0.0,1.0],"evs":[0.0,2.21711]},"T3s":{"weight":0.0,"played":[0.0,1.0],"evs":[0.0,2.13926]},"T4s":{"weight":0.0,"played":[0.0,1.0],"evs":[0.0,2.26028]},"T5s":{"weight":0.0,"played":[0.0,1.0],"evs":[0.0,2.42138]},"T6s":{"weight":0.0,"played":[0.0,1.0],"evs":[0.0,2.64013]},"T7s":{"weight":0.0,"played":[0.0,1.0],"evs":[0.0,2.86901]},"T8s":{"weight":0.0,"played":[0.0,1.0],"evs":[0.0,3.33277]},"T9s":{"weight":0.0,"played":[0.0,1.0],"evs":[0.0,3.15552]},"TT":{"weight":0.0019,"played":[0.0,1.0],"evs":[0.0,6.79723]},"JTo":{"weight":0.0,"played":[0.0,1.0],"evs":[0.0,3.05245]},"QTo":{"weight":0.0,"played":[0.0,1.0],"evs":[0.0,2.97266]},"KTo":{"weight":0.002,"played":[0.0,1.0],"evs":[0.0,2.85309]},"ATo":{"weight":0.0585,"played":[0.0,1.0],"evs":[0.0,3.68912]},"J2s":{"weight":0.0,"played":[0.0,1.0],"evs":[0.0,2.45963]},"J3s":{"weight":0.0,"played":[0.0,1.0],"evs":[0.0,2.65551]},"J4s":{"weight":0.0,"played":[0.0,1.0],"evs":[0.0,2.6858]},"J5s":{"weight":0.0,"played":[0.0,1.0],"evs":[0.0,2.91652]},"J6s":{"weight":0.0,"played":[0.0,1.0],"evs":[0.0,2.71308]},"J7s":{"weight":0.0,"played":[0.0,1.0],"evs":[0.0,3.17523]},"J8s":{"weight":0.0,"played":[0.0,1.0],"evs":[0.0,3.31585]},"J9s":{"weight":0.0104,"played":[0.0,1.0],"evs":[0.0,3.4168]},"JTs":{"weight":0.096,"played":[0.0,1.0],"evs":[0.0,3.71037]},"JJ":{"weight":0.0047,"played":[0.0,1.0],"evs":[0.0,7.53092]},"QJo":{"weight":0.0263,"played":[0.0,1.0],"evs":[0.0,3.15445]},"KJo":{"weight":0.0019,"played":[0.0,1.0],"evs":[0.0,3.12715]},"AJo":{"weight":7.0E-4,"played":[0.0,1.0],"evs":[0.0,4.59173]},"Q2s":{"weight":0.0,"played":[0.0,1.0],"evs":[0.0,2.60346]},"Q3s":{"weight":0.0,"played":[0.0,1.0],"evs":[0.0,2.87365]},"Q4s":{"weight":0.0,"played":[0.0,1.0],"evs":[0.0,2.7723]},"Q5s":{"weight":0.0,"played":[0.0,1.0],"evs":[0.0,2.76489]},"Q6s":{"weight":0.0,"played":[0.0,1.0],"evs":[0.0,3.05305]},"Q7s":{"weight":0.0,"played":[0.0,1.0],"evs":[0.0,3.10627]},"Q8s":{"weight":0.0,"played":[0.0,1.0],"evs":[0.0,3.04656]},"Q9s":{"weight":0.0,"played":[0.0,1.0],"evs":[0.0,3.2212]},"QTs":{"weight":0.0,"played":[0.0,1.0],"evs":[0.0,3.38457]},"QJs":{"weight":4.0E-4,"played":[0.0,1.0],"evs":[0.0,3.76297]},"QQ":{"weight":0.0064,"played":[0.0,1.0],"evs":[0.0,8.22658]},"KQo":{"weight":0.014,"played":[0.0,1.0],"evs":[0.0,3.50422]},"AQo":{"weight":0.001,"played":[0.0,1.0],"evs":[0.0,5.76057]},"K2s":{"weight":0.0,"played":[0.0,1.0],"evs":[0.0,2.52235]},"K3s":{"weight":0.0,"played":[0.0,1.0],"evs":[0.0,2.97901]},"K4s":{"weight":0.0,"played":[0.0,1.0],"evs":[0.0,2.80325]},"K5s":{"weight":0.0,"played":[0.0,1.0],"evs":[0.0,2.94791]},"K6s":{"weight":0.0,"played":[0.0,1.0],"evs":[0.0,3.24078]},"K7s":{"weight":0.0,"played":[0.0,1.0],"evs":[0.0,3.25017]},"K8s":{"weight":0.0,"played":[0.0,1.0],"evs":[0.0,3.07205]},"K9s":{"weight":5.0E-4,"played":[0.0,1.0],"evs":[0.0,3.31528]},"KTs":{"weight":0.0012,"played":[0.0,1.0],"evs":[0.0,3.58849]},"KJs":{"weight":0.0015,"played":[0.0,1.0],"evs":[0.0,3.80471]},"KQs":{"weight":9.0E-4,"played":[0.0,1.0],"evs":[0.0,4.06082]},"KK":{"weight":0.1226,"played":[0.0,1.0],"evs":[0.0,9.0123]},"AKo":{"weight":0.0013,"played":[0.0,1.0],"evs":[0.0,6.72337]},"A2s":{"weight":0.0,"played":[0.0,1.0],"evs":[0.0,2.63838]},"A3s":{"weight":0.001,"played":[0.0,1.0],"evs":[0.0,2.84173]},"A4s":{"weight":7.0E-4,"played":[0.0,1.0],"evs":[0.0,2.75767]},"A5s":{"weight":0.0013,"played":[0.0,1.0],"evs":[0.0,3.14687]},"A6s":{"weight":0.0,"played":[0.0,1.0],"evs":[0.0,2.86977]},"A7s":{"weight":3.0E-4,"played":[0.0,1.0],"evs":[0.0,2.89792]},"A8s":{"weight":7.0E-4,"played":[0.0,1.0],"evs":[0.0,3.07576]},"A9s":{"weight":1.0E-4,"played":[0.0,1.0],"evs":[0.0,3.47187]},"ATs":{"weight":0.1671,"played":[0.0,1.0],"evs":[0.0,4.11536]},"AJs":{"weight":0.006,"played":[0.0,1.0],"evs":[0.0,5.28001]},"AQs":{"weight":2.0E-4,"played":[0.0,1.0],"evs":[0.0,6.1322]},"AKs":{"weight":0.0184,"played":[0.0,1.0],"evs":[0.0,6.86056]},"AA":{"weight":0.1316,"played":[0.0,1.0],"evs":[0.0,11.25485]}}}