{"player":5,"street":0,"children":3,"sequence":[{"player":0,"type":"F","amount":0,"street":0},{"player":1,"type":"F","amount":0,"street":0},{"player":2,"type":"F","amount":0,"street":0},{"player":3,"type":"R","amount":200000,"street":0},{"player":4,"type":"C","amount":150000,"street":0}],"actions":[{"type":"F","amount":0},{"type":"C","amount":100000},{"type":"R","amount":895000,"node":12}],"hands":{"22":{"weight":1.0,"played":[0.0,0.0,1.0],"evs":[0.0,0.70236,0.87063]},"32o":{"weight":1.0,"played":[2.0E-4,0.9998,0.0],"evs":[0.0,0.02437,-1.38558]},"42o":{"weight":1.0,"played":[6.0E-4,0.9994,0.0],"evs":[0.0,0.05161,-1.32604]},"52o":{"weight":1.0,"played":[1.0E-4,0.9999,0.0],"evs":[0.0,0.07527,-1.24709]},"62o":{"weight":1.0,"played":[1.0,0.0,0.0],"evs":[0.0,-0.02493,-1.511]},"72o":{"weight":1.0,"played":[1.0,0.0,0.0],"evs":[0.0,-0.05938,-1.518]},"82o":{"weight":1.0,"played":[1.0,0.0,0.0],"evs":[0.0,-0.01786,-1.37107]},"92o":{"weight":1.0,"played":[1.0,0.0,0.0],"evs":[0.0,-0.06958,-1.41478]},"T2o":{"weight":1.0,"played":[0.9683,0.0317,0.0],"evs":[0.0,-0.01016,-1.24783]},"J2o":{"weight":1.0,"played":[1.0E-4,0.9999,0.0],"evs":[0.0,0.02677,-1.1015]},"Q2o":{"weight":1.0,"played":[1.0E-4,0.9999,0.0],"evs":[0.0,0.09412,-0.8449]},"K2o":{"weight":1.0,"played":[0.0,1.0,0.0],"evs":[0.0,0.1442,-0.45544]},"A2o":{"weight":1.0,"played":[0.0,0.0,1.0],"evs":[0.0,0.70764,1.00011]},"32s":{"weight":1.0,"played":[0.0,1.0,0.0],"evs":[0.0,0.26229,-0.83602]},"33":{"weight":1.0,"played":[0.0,0.0,1.0],"evs":[0.0,0.74369,1.05293]},"43o":{"weight":1.0,"played":[0.0,1.0,0.0],"evs":[0.0,0.14362,-1.10292]},"53o":{"weight":1.0,"played":[1.0E-4,0.9999,0.0],"evs":[0.0,0.17046,-1.01422]},"63o":{"weight":1.0,"played":[0.0,1.0,0.0],"evs":[0.0,0.04635,-1.26931]},"73o":{"weight":1.0,"played":[0.004,0.996,0.0],"evs":[0.0,0.0231,-1.27393]},"83o":{"weight":1.0,"played":[1.0,0.0,0.0],"evs":[0.0,-0.01389,-1.34299]},"93o":{"weight":1.0,"played":[1.0,0.0,0.0],"evs":[0.0,-0.04594,-1.33504]},"T3o":{"weight":1.0,"played":[0.2115,0.7885,0.0],"evs":[0.0,0.00712,-1.17485]},"J3o":{"weight":1.0,"played":[6.0E-4,0.9994,0.0],"evs":[0.0,0.04751,-1.02256]},"Q3o":{"weight":1.0,"played":[0.0,1.0,0.0],"evs":[0.0,0.10216,-0.78096]},"K3o":{"weight":1.0,"played":[0.0,1.0,0.0],"evs":[0.0,0.16368,-0.37549]},"A3o":{"weight":1.0,"played":[0.0,0.0,1.0],"evs":[0.0,0.74588,1.06972]},"42s":{"weight":1.0,"played":[0.0,1.0,0.0],"evs":[0.0,0.27375,-0.77942]},"43s":{"weight":1.0,"played":[0.0,1.0,0.0],"evs":[0.0,0.37927,-0.56703]},"44":{"weight":1.0,"played":[0.0,0.0,1.0],"evs":[0.0,0.78604,1.23823]},"54o":{"weight":1.0,"played":[0.0,1.0,0.0],"evs":[0.0,0.23501,-0.82249]},"64o":{"weight":1.0,"played":[1.0E-4,0.9999,0.0],"evs":[0.0,0.1314,-1.03721]},"74o":{"weight":1.0,"played":[0.0,1.0,0.0],"evs":[0.0,0.09913,-1.06806]},"84o":{"weight":1.0,"played":[1.0E-4,0.9999,0.0],"evs":[0.0,0.0501,-1.13733]},"94o":{"weight":1.0,"played":[1.0,0.0,0.0],"evs":[0.0,-0.05766,-1.33846]},"T4o":{"weight":1.0,"played":[0.0794,0.9206,0.0],"evs":[0.0,0.01063,-1.13277]},"J4o":{"weight":1.0,"played":[1.0E-4,0.9999,0.0],"evs":[0.0,0.05376,-0.96065]},"Q4o":{"weight":1.0,"played":[0.0,1.0,0.0],"evs":[0.0,0.11968,-0.71095]},"K4o":{"weight":1.0,"played":[0.0,1.0,0.0],"evs":[0.0,0.18964,-0.30312]},"A4o":{"weight":1.0,"played":[0.0,0.0,1.0],"evs":[0.0,0.80055,1.1418]},"52s":{"weight":1.0,"played":[0.0,1.0,0.0],"evs":[0.0,0.317,-0.67262]},"53s":{"weight":1.0,"played":[0.0,1.0,0.0],"evs":[0.0,0.40347,-0.4781]},"54s":{"weight":1.0,"played":[0.0,1.0,0.0],"evs":[0.0,0.47066,-0.29406]},"55":{"weight":1.0,"played":[0.0,0.0,1.0],"evs":[0.0,0.88079,1.47009]},"65o":{"weight":1.0,"played":[0.0,1.0,0.0],"evs":[0.0,0.21318,-0.82747]},"75o":{"weight":1.0,"played":[0.0,1.0,0.0],"evs":[0.0,0.18502,-0.84398]},"85o":{"weight":1.0,"played":[0.0,1.0,0.0],"evs":[0.0,0.14527,-0.88766]},"95o":{"weight":1.0,"played":[0.0066,0.9934,0.0],"evs":[0.0,0.01864,-1.10663]},"T5o":{"weight":1.0,"played":[0.0011,0.9989,0.0],"evs":[0.0,0.01556,-1.10161]},"J5o":{"weight":1.0,"played":[0.0,1.0,0.0],"evs":[0.0,0.06437,-0.90249]},"Q5o":{"weight":1.0,"played":[0.0,1.0,0.0],"evs":[0.0,0.13949,-0.62976]},"K5o":{"weight":1.0,"played":[0.0,1.0,0.0],"evs":[0.0,0.22048,-0.20701]},"A5o":{"weight":1.0,"played":[0.0,0.0,1.0],"evs":[0.0,0.85785,1.26565]},"62s":{"weight":1.0,"played":[0.0,1.0,0.0],"evs":[0.0,0.2411,-0.88546]},"63s":{"weight":1.0,"played":[0.0,1.0,0.0],"evs":[0.0,0.30055,-0.67523]},"64s":{"weight":1.0,"played":[0.0,1.0,0.0],"evs":[0.0,0.39029,-0.47236]},"65s":{"weight":1.0,"played":[0.0,1.0,0.0],"evs":[0.0,0.48336,-0.26868]},"66":{"weight":1.0,"played":[0.0,0.0,1.0],"evs":[0.0,0.96777,1.73184]},"76o":{"weight":1.0,"played":[0.0,1.0,0.0],"evs":[0.0,0.23371,-0.70886]},"86o":{"weight":1.0,"played":[0.0,1.0,0.0],"evs":[0.0,0.21319,-0.74527]},"96o":{"weight":1.0,"played":[0.0,1.0,0.0],"evs":[0.0,0.07593,-0.95664]},"T6o":{"weight":1.0,"played":[1.0E-4,0.9999,0.0],"evs":[0.0,0.057,-0.96188]},"J6o":{"weight":1.0,"played":[1.0E-4,0.9999,0.0],"evs":[0.0,0.05703,-0.93394]},"Q6o":{"weight":1.0,"played":[0.0,1.0,0.0],"evs":[0.0,0.14857,-0.60892]},"K6o":{"weight":1.0,"played":[0.0,1.0,0.0],"evs":[0.0,0.21544,-0.19281]},"A6o":{"weight":1.0,"played":[0.0,0.0,1.0],"evs":[0.0,0.81511,1.28349]},"72s":{"weight":1.0,"played":[0.0,1.0,0.0],"evs":[0.0,0.19106,-0.9152]},"73s":{"weight":1.0,"played":[1.0E-4,0.9999,0.0],"evs":[0.0,0.27226,-0.70472]},"74s":{"weight":1.0,"played":[0.0,1.0,0.0],"evs":[0.0,0.36942,-0.50248]},"75s":{"weight":1.0,"played":[0.0,1.0,0.0],"evs":[0.0,0.44805,-0.2868]},"76s":{"weight":1.0,"played":[0.0,1.0,0.0],"evs":[0.0,0.52123,-0.12183]},"77":{"weight":1.0,"played":[0.0,0.0,1.0],"evs":[0.0,1.13642,2.10255]},"87o":{"weight":1.0,"played":[0.0,1.0,0.0],"evs":[0.0,0.31763,-0.47885]},"97o":{"weight":1.0,"played":[0.0,1.0,0.0],"evs":[0.0,0.21561,-0.64041]},"T7o":{"weight":1.0,"played":[0.0,1.0,0.0],"evs":[0.0,0.21865,-0.6414]},"J7o":{"weight":1.0,"played":[0.0,1.0,0.0],"evs":[0.0,0.20018,-0.61791]},"Q7o":{"weight":1.0,"played":[0.0,1.0,0.0],"evs":[0.0,0.23747,-0.47068]},"K7o":{"weight":1.0,"played":[0.0,1.0,0.0],"evs":[0.0,0.30561,-0.05037]},"A7o":{"weight":1.0,"played":[0.0,0.0,1.0],"evs":[0.0,0.92774,1.57169]},"82s":{"weight":1.0,"played":[0.0,1.0,0.0],"evs":[0.0,0.2185,-0.76811]},"83s":{"weight":1.0,"played":[0.0,1.0,0.0],"evs":[0.0,0.22261,-0.75895]},"84s":{"weight":1.0,"played":[0.0,1.0,0.0],"evs":[0.0,0.29306,-0.55697]},"85s":{"weight":1.0,"played":[0.0,1.0,0.0],"evs":[0.0,0.40289,-0.3112]},"86s":{"weight":1.0,"played":[0.0,1.0,0.0],"evs":[0.0,0.46047,-0.21736]},"87s":{"weight":1.0,"played":[0.0,1.0,0.0],"evs":[0.0,0.59398,0.0552]},"88":{"weight":1.0,"played":[0.0,0.0,1.0],"evs":[0.0,1.32888,2.41225]},"98o":{"weight":1.0,"played":[0.0,1.0,0.0],"evs":[0.0,0.30253,-0.43012]},"T8o":{"weight":1.0,"played":[0.0,1.0,0.0],"evs":[0.0,0.32761,-0.39995]},"J8o":{"weight":1.0,"played":[0.0,1.0,0.0],"evs":[0.0,0.31072,-0.40059]},"Q8o":{"weight":1.0,"played":[0.0,1.0,0.0],"evs":[0.0,0.32709,-0.25449]},"K8o":{"weight":1.0,"played":[0.0,1.0,0.0],"evs":[0.0,0.36377,0.01499]},"A8o":{"weight":1.0,"played":[0.0,0.0,1.0],"evs":[0.0,1.03007,1.76143]},"92s":{"weight":1.0,"played":[0.0,1.0,0.0],"evs":[0.0,0.19293,-0.8032]},"93s":{"weight":1.0,"played":[0.0,1.0,0.0],"evs":[0.0,0.19327,-0.76547]},"94s":{"weight":1.0,"played":[0.0,1.0,0.0],"evs":[0.0,0.20033,-0.76382]},"95s":{"weight":1.0,"played":[0.0,1.0,0.0],"evs":[0.0,0.28159,-0.52794]},"96s":{"weight":1.0,"played":[0.0,1.0,0.0],"evs":[0.0,0.35065,-0.38641]},"97s":{"weight":1.0,"played":[0.0,1.0,0.0],"evs":[0.0,0.49147,-0.09797]},"98s":{"weight":1.0,"played":[0.0,1.0,0.0],"evs":[0.0,0.57787,0.10126]},"99":{"weight":1.0,"played":[0.0,0.0,1.0],"evs":[0.0,1.52136,2.7583]},"T9o":{"weight":1.0,"played":[0.0,1.0,0.0],"evs":[0.0,0.35134,-0.28935]},"J9o":{"weight":1.0,"played":[0.0,1.0,0.0],"evs":[0.0,0.35886,-0.27422]},"Q9o":{"weight":1.0,"played":[0.0,1.0,0.0],"evs":[0.0,0.42539,-0.08438]},"K9o":{"weight":1.0,"played":[0.0,1.0,0.0],"evs":[0.0,0.50633,0.27399]},"A9o":{"weight":1.0,"played":[0.0,0.0,1.0],"evs":[0.0,1.155,2.01774]},"T2s":{"weight":1.0,"played":[0.0,1.0,0.0],"evs":[0.0,0.2413,-0.68584]},"T3s":{"weight":1.0,"played":[0.0,1.0,0.0],"evs":[0.0,0.26715,-0.60452]},"T4s":{"weight":1.0,"played":[0.0,1.0,0.0],"evs":[0.0,0.27581,-0.55187]},"T5s":{"weight":1.0,"played":[0.0,1.0,0.0],"evs":[0.0,0.28455,-0.53502]},"T6s":{"weight":1.0,"played":[0.0,1.0,0.0],"evs":[0.0,0.35548,-0.39374]},"T7s":{"weight":1.0,"played":[0.0,1.0,0.0],"evs":[0.0,0.49183,-0.0702]},"T8s":{"weight":1.0,"played":[0.0,1.0,0.0],"evs":[0.0,0.60518,0.12341]},"T9s":{"weight":1.0,"played":[0.0,1.0,0.0],"evs":[0.0,0.6719,0.24322]},"TT":{"weight":1.0,"played":[0.0,0.0,1.0],"evs":[0.0,1.97764,3.4307]},"JTo":{"weight":1.0,"played":[0.0,1.0,0.0],"evs":[0.0,0.58174,0.10832]},"QTo":{"weight":1.0,"played":[0.0,1.0,0.0],"evs":[0.0,0.6802,0.34599]},"KTo":{"weight":1.0,"played":[0.0,1.0E-4,0.9999],"evs":[0.0,0.84058,0.85075]},"ATo":{"weight":1.0,"played":[0.0,0.0,1.0],"evs":[0.0,1.46682,2.61909]},"J2s":{"weight":1.0,"played":[0.0,1.0,0.0],"evs":[0.0,0.31063,-0.51371]},"J3s":{"weight":1.0,"played":[0.0,1.0,0.0],"evs":[0.0,0.31535,-0.43822]},"J4s":{"weight":1.0,"played":[0.0,1.0,0.0],"evs":[0.0,0.32939,-0.40649]},"J5s":{"weight":1.0,"played":[0.0,1.0,0.0],"evs":[0.0,0.37118,-0.32671]},"J6s":{"weight":1.0,"played":[0.0,1.0,0.0],"evs":[0.0,0.35201,-0.34559]},"J7s":{"weight":1.0,"played":[0.0,1.0,0.0],"evs":[0.0,0.50678,-0.07406]},"J8s":{"weight":1.0,"played":[0.0,1.0,0.0],"evs":[0.0,0.61514,0.13815]},"J9s":{"weight":1.0,"played":[0.0,1.0,0.0],"evs":[0.0,0.66636,0.26426]},"JTs":{"weight":1.0,"played":[0.0,1.0,0.0],"evs":[0.0,0.89697,0.6168]},"JJ":{"weight":1.0,"played":[0.0,0.0,1.0],"evs":[0.0,2.52961,4.12937]},"QJo":{"weight":1.0,"played":[0.0,1.0,0.0],"evs":[0.0,0.82469,0.61916]},"KJo":{"weight":1.0,"played":[0.0,0.0,1.0],"evs":[0.0,1.07126,1.37551]},"AJo":{"weight":1.0,"played":[0.0,0.0,1.0],"evs":[0.0,1.6889,3.06327]},"Q2s":{"weight":1.0,"played":[0.0,1.0,0.0],"evs":[0.0,0.39913,-0.27249]},"Q3s":{"weight":1.0,"played":[0.0,1.0,0.0],"evs":[0.0,0.41849,-0.19656]},"Q4s":{"weight":1.0,"played":[0.0,1.0,0.0],"evs":[0.0,0.42834,-0.14685]},"Q5s":{"weight":1.0,"played":[0.0,1.0,0.0],"evs":[0.0,0.45415,-0.05771]},"Q6s":{"weight":1.0,"played":[0.0,1.0,0.0],"evs":[0.0,0.46773,-0.05444]},"Q7s":{"weight":1.0,"played":[0.0,1.0,0.0],"evs":[0.0,0.55092,0.08541]},"Q8s":{"weight":1.0,"played":[0.0,1.0,0.0],"evs":[0.0,0.67491,0.30741]},"Q9s":{"weight":1.0,"played":[0.0,1.0,0.0],"evs":[0.0,0.74416,0.40594]},"QTs":{"weight":1.0,"played":[0.0,0.9999,1.0E-4],"evs":[0.0,1.01722,0.82325]},"QJs":{"weight":1.0,"played":[0.0,0.9969,0.0031],"evs":[0.0,1.17546,1.08267]},"QQ":{"weight":1.0,"played":[0.0,0.0,1.0],"evs":[0.0,3.19053,4.73786]},"KQo":{"weight":1.0,"played":[0.0,0.0,1.0],"evs":[0.0,1.30895,1.79856]},"AQo":{"weight":1.0,"played":[0.0,0.0,1.0],"evs":[0.0,1.87947,3.32812]},"K2s":{"weight":1.0,"played":[0.0,1.0,0.0],"evs":[0.0,0.5021,0.11021]},"K3s":{"weight":1.0,"played":[0.0,1.0,0.0],"evs":[0.0,0.52798,0.18651]},"K4s":{"weight":1.0,"played":[0.0,1.0,0.0],"evs":[0.0,0.53571,0.23147]},"K5s":{"weight":1.0,"played":[0.0,1.0,0.0],"evs":[0.0,0.57472,0.31499]},"K6s":{"weight":1.0,"played":[0.0,1.0,0.0],"evs":[0.0,0.59357,0.34932]},"K7s":{"weight":1.0,"played":[0.0,1.0,0.0],"evs":[0.0,0.68284,0.49267]},"K8s":{"weight":1.0,"played":[0.0,1.0,0.0],"evs":[0.0,0.74431,0.55874]},"K9s":{"weight":1.0,"played":[0.0,0.9999,1.0E-4],"evs":[0.0,0.89845,0.75795]},"KTs":{"weight":1.0,"played":[0.0,0.0,1.0],"evs":[0.0,1.22798,1.33776]},"KJs":{"weight":1.0,"played":[0.0,0.0,1.0],"evs":[0.0,1.44906,1.83118]},"KQs":{"weight":1.0,"played":[0.0,0.0,1.0],"evs":[0.0,1.67137,2.20374]},"KK":{"weight":1.0,"played":[0.0,0.0,1.0],"evs":[0.0,4.06539,5.60445]},"AKo":{"weight":1.0,"played":[0.0,0.0,1.0],"evs":[0.0,2.17023,3.79782]},"A2s":{"weight":1.0,"played":[0.0,0.0,1.0],"evs":[0.0,1.0987,1.50871]},"A3s":{"weight":1.0,"played":[0.0,0.0,1.0],"evs":[0.0,1.13233,1.56792]},"A4s":{"weight":1.0,"played":[0.0,0.0,1.0],"evs":[0.0,1.19013,1.63271]},"A5s":{"weight":1.0,"played":[0.0,0.0,1.0],"evs":[0.0,1.25733,1.76602]},"A6s":{"weight":1.0,"played":[0.0,0.0,1.0],"evs":[0.0,1.21675,1.76916]},"A7s":{"weight":1.0,"played":[0.0,0.0,1.0],"evs":[0.0,1.32215,2.01665]},"A8s":{"weight":1.0,"played":[0.0,0.0,1.0],"evs":[0.0,1.40952,2.19857]},"A9s":{"weight":1.0,"played":[0.0,0.0,1.0],"evs":[0.0,1.56613,2.45339]},"ATs":{"weight":1.0,"played":[0.0,0.0,1.0],"evs":[0.0,1.85971,2.99391]},"AJs":{"weight":1.0,"played":[0.0,0.0,1.0],"evs":[0.0,2.06871,3.44008]},"AQs":{"weight":1.0,"played":[0.0,0.0,1.0],"evs":[0.0,2.27557,3.67453]},"AKs":{"weight":1.0,"played":[0.0,0.0,1.0],"evs":[0.0,2.51658,4.09709]},"AA":{"weight":1.0,"played":[0.0,0.0,1.0],"evs":[0.0,5.3194,7.07262]}}}