{"player":3,"street":0,"children":2,"sequence":[{"player":0,"type":"F","amount":0,"street":0},{"player":1,"type":"F","amount":0,"street":0},{"player":2,"type":"R","amount":200000,"street":0},{"player":3,"type":"R","amount":500000,"street":0},{"player":4,"type":"R","amount":2395000,"street":0},{"player":5,"type":"C","amount":795000,"street":0},{"player":2,"type":"C","amount":1065000,"street":0}],"actions":[{"type":"F","amount":0},{"type":"C","amount":1895000}],"hands":{"22":{"weight":0.0,"played":[0.9011,0.0989],"evs":[0.0,-0.10096]},"32o":{"weight":0.0,"played":[0.9998,2.0E-4],"evs":[0.0,-4.26589]},"42o":{"weight":0.0,"played":[0.9999,1.0E-4],"evs":[0.0,-3.94499]},"52o":{"weight":0.0,"played":[0.9999,1.0E-4],"evs":[0.0,-3.52925]},"62o":{"weight":0.0,"played":[0.9998,2.0E-4],"evs":[0.0,-3.97295]},"72o":{"weight":0.0,"played":[1.0,0.0],"evs":[0.0,-5.5388]},"82o":{"weight":0.0,"played":[0.999,0.001],"evs":[0.0,-4.51906]},"92o":{"weight":0.0,"played":[0.9996,4.0E-4],"evs":[0.0,-4.58066]},"T2o":{"weight":0.0,"played":[0.9984,0.0016],"evs":[0.0,-5.34571]},"J2o":{"weight":0.0,"played":[0.9986,0.0014],"evs":[0.0,-4.50303]},"Q2o":{"weight":0.0,"played":[0.9932,0.0068],"evs":[0.0,-4.4119]},"K2o":{"weight":0.0,"played":[0.9972,0.0028],"evs":[0.0,-4.02834]},"A2o":{"weight":0.0,"played":[0.9399,0.0601],"evs":[0.0,-2.87754]},"32s":{"weight":0.0,"played":[0.9937,0.0063],"evs":[0.0,-2.93058]},"33":{"weight":0.0,"played":[0.6449,0.3551],"evs":[0.0,-0.75833]},"43o":{"weight":0.0,"played":[0.9988,0.0012],"evs":[0.0,-4.30296]},"53o":{"weight":0.0,"played":[0.9984,0.0016],"evs":[0.0,-3.27931]},"63o":{"weight":0.0,"played":[0.9985,0.0015],"evs":[0.0,-3.52727]},"73o":{"weight":0.0,"played":[1.0,0.0],"evs":[0.0,-3.78229]},"83o":{"weight":0.0,"played":[0.9999,1.0E-4],"evs":[0.0,-4.77039]},"93o":{"weight":0.0,"played":[0.9998,2.0E-4],"evs":[0.0,-3.97732]},"T3o":{"weight":0.0,"played":[0.999,0.001],"evs":[0.0,-4.99689]},"J3o":{"weight":0.0,"played":[0.9997,3.0E-4],"evs":[0.0,-4.42524]},"Q3o":{"weight":0.0,"played":[0.9976,0.0024],"evs":[0.0,-4.35623]},"K3o":{"weight":0.0,"played":[0.9943,0.0057],"evs":[0.0,-3.15689]},"A3o":{"weight":0.0,"played":[0.9896,0.0104],"evs":[0.0,-2.99092]},"42s":{"weight":0.0,"played":[0.9668,0.0332],"evs":[0.0,-1.28257]},"43s":{"weight":0.0,"played":[0.9826,0.0174],"evs":[0.0,-2.2101]},"44":{"weight":0.0091,"played":[0.5839,0.4161],"evs":[0.0,-0.46798]},"54o":{"weight":0.0,"played":[0.9788,0.0212],"evs":[0.0,-1.73451]},"64o":{"weight":0.0,"played":[0.9317,0.0683],"evs":[0.0,-2.75824]},"74o":{"weight":0.0,"played":[0.9994,6.0E-4],"evs":[0.0,-3.68129]},"84o":{"weight":0.0,"played":[0.9992,8.0E-4],"evs":[0.0,-3.66603]},"94o":{"weight":0.0,"played":[0.9977,0.0023],"evs":[0.0,-4.4131]},"T4o":{"weight":0.0,"played":[0.9997,3.0E-4],"evs":[0.0,-5.03323]},"J4o":{"weight":0.0,"played":[0.996,0.004],"evs":[0.0,-4.09731]},"Q4o":{"weight":0.0,"played":[0.9995,5.0E-4],"evs":[0.0,-4.31329]},"K4o":{"weight":0.0,"played":[0.9926,0.0074],"evs":[0.0,-3.57415]},"A4o":{"weight":0.0151,"played":[0.922,0.078],"evs":[0.0,-2.44977]},"52s":{"weight":0.0,"played":[0.9997,3.0E-4],"evs":[0.0,-1.27759]},"53s":{"weight":0.0,"played":[0.9511,0.0489],"evs":[0.0,-2.20424]},"54s":{"weight":0.0,"played":[0.9049,0.0951],"evs":[0.0,-2.02921]},"55":{"weight":0.0129,"played":[0.06,0.94],"evs":[0.0,0.57767]},"65o":{"weight":0.0,"played":[0.9298,0.0702],"evs":[0.0,-1.76361]},"75o":{"weight":0.0,"played":[0.9991,9.0E-4],"evs":[0.0,-2.77066]},"85o":{"weight":0.0,"played":[0.9997,3.0E-4],"evs":[0.0,-3.13262]},"95o":{"weight":0.0,"played":[0.9993,7.0E-4],"evs":[0.0,-2.71074]},"T5o":{"weight":0.0,"played":[0.9989,0.0011],"evs":[0.0,-3.78049]},"J5o":{"weight":0.0,"played":[0.9999,1.0E-4],"evs":[0.0,-3.76107]},"Q5o":{"weight":0.0,"played":[0.9954,0.0046],"evs":[0.0,-4.07938]},"K5o":{"weight":0.0,"played":[1.0,0.0],"evs":[0.0,-3.3161]},"A5o":{"weight":0.0,"played":[0.8895,0.1105],"evs":[0.0,-2.60658]},"62s":{"weight":0.0,"played":[0.9969,0.0031],"evs":[0.0,-2.13522]},"63s":{"weight":0.0,"played":[0.9453,0.0547],"evs":[0.0,-2.27147]},"64s":{"weight":0.0,"played":[0.9307,0.0693],"evs":[0.0,0.06684]},"65s":{"weight":0.0,"played":[0.0322,0.9678],"evs":[0.0,1.71667]},"66":{"weight":3.0E-4,"played":[0.3672,0.6328],"evs":[0.0,1.51385]},"76o":{"weight":0.0,"played":[0.9981,0.0019],"evs":[0.0,-2.19149]},"86o":{"weight":0.0,"played":[0.9914,0.0086],"evs":[0.0,-2.45708]},"96o":{"weight":0.0,"played":[0.9999,1.0E-4],"evs":[0.0,-2.4592]},"T6o":{"weight":0.0,"played":[0.9998,2.0E-4],"evs":[0.0,-3.53093]},"J6o":{"weight":0.0,"played":[0.9794,0.0206],"evs":[0.0,-3.68509]},"Q6o":{"weight":0.0,"played":[0.9998,2.0E-4],"evs":[0.0,-3.1643]},"K6o":{"weight":0.0,"played":[0.9874,0.0126],"evs":[0.0,-2.73721]},"A6o":{"weight":0.0071,"played":[0.9998,2.0E-4],"evs":[0.0,-2.44011]},"72s":{"weight":0.0,"played":[0.9829,0.0171],"evs":[0.0,-1.77716]},"73s":{"weight":0.0,"played":[0.9753,0.0247],"evs":[0.0,-2.6473]},"74s":{"weight":0.0,"played":[0.9987,0.0013],"evs":[0.0,-2.0568]},"75s":{"weight":0.0,"played":[0.5531,0.4469],"evs":[0.0,-0.15954]},"76s":{"weight":0.0,"played":[0.6775,0.3225],"evs":[0.0,-0.16106]},"77":{"weight":6.0E-4,"played":[2.0E-4,0.9998],"evs":[0.0,0.90301]},"87o":{"weight":0.0,"played":[0.9652,0.0348],"evs":[0.0,-2.08885]},"97o":{"weight":0.0,"played":[0.9996,4.0E-4],"evs":[0.0,-2.98072]},"T7o":{"weight":0.0,"played":[0.9966,0.0034],"evs":[0.0,-3.44246]},"J7o":{"weight":0.0,"played":[0.9999,1.0E-4],"evs":[0.0,-3.20187]},"Q7o":{"weight":0.0,"played":[0.9979,0.0021],"evs":[0.0,-2.94524]},"K7o":{"weight":0.0,"played":[0.9925,0.0075],"evs":[0.0,-2.08319]},"A7o":{"weight":0.057,"played":[0.9774,0.0226],"evs":[0.0,-2.26559]},"82s":{"weight":0.0,"played":[0.9866,0.0134],"evs":[0.0,-2.80908]},"83s":{"weight":0.0,"played":[0.9985,0.0015],"evs":[0.0,-1.70224]},"84s":{"weight":0.0,"played":[0.8577,0.1423],"evs":[0.0,-3.22354]},"85s":{"weight":0.0,"played":[0.9789,0.0211],"evs":[0.0,-0.39334]},"86s":{"weight":0.0,"played":[0.5466,0.4534],"evs":[0.0,-0.33214]},"87s":{"weight":0.0,"played":[0.9263,0.0737],"evs":[0.0,-0.43905]},"88":{"weight":0.0031,"played":[2.0E-4,0.9998],"evs":[0.0,3.51948]},"98o":{"weight":0.0,"played":[0.9893,0.0107],"evs":[0.0,-1.62489]},"T8o":{"weight":0.0,"played":[0.9978,0.0022],"evs":[0.0,-3.0288]},"J8o":{"weight":0.0,"played":[0.9964,0.0036],"evs":[0.0,-2.49475]},"Q8o":{"weight":0.0,"played":[0.9978,0.0022],"evs":[0.0,-3.14612]},"K8o":{"weight":0.0,"played":[0.9865,0.0135],"evs":[0.0,-3.08696]},"A8o":{"weight":0.129,"played":[0.9864,0.0136],"evs":[0.0,-1.95477]},"92s":{"weight":0.0,"played":[0.9984,0.0016],"evs":[0.0,-3.89147]},"93s":{"weight":0.0,"played":[0.9822,0.0178],"evs":[0.0,-1.39883]},"94s":{"weight":0.0,"played":[0.9484,0.0516],"evs":[0.0,-1.94784]},"95s":{"weight":0.0,"played":[0.9703,0.0297],"evs":[0.0,-2.07258]},"96s":{"weight":0.0,"played":[0.8096,0.1904],"evs":[0.0,-0.77449]},"97s":{"weight":0.0,"played":[0.917,0.083],"evs":[0.0,-2.72786]},"98s":{"weight":0.0,"played":[0.6005,0.3995],"evs":[0.0,-0.59633]},"99":{"weight":0.0019,"played":[0.0,1.0],"evs":[0.0,4.56155]},"T9o":{"weight":0.0,"played":[0.9885,0.0115],"evs":[0.0,-1.16883]},"J9o":{"weight":0.0,"played":[0.9875,0.0125],"evs":[0.0,-1.72754]},"Q9o":{"weight":0.0,"played":[0.9946,0.0054],"evs":[0.0,-2.1838]},"K9o":{"weight":0.0,"played":[0.9696,0.0304],"evs":[0.0,-1.8469]},"A9o":{"weight":0.0,"played":[0.9289,0.0711],"evs":[0.0,-1.67727]},"T2s":{"weight":0.0,"played":[0.9981,0.0019],"evs":[0.0,-4.6107]},"T3s":{"weight":0.0,"played":[0.9903,0.0097],"evs":[0.0,-2.23431]},"T4s":{"weight":0.0,"played":[0.9156,0.0844],"evs":[0.0,-2.47659]},"T5s":{"weight":0.0,"played":[0.976,0.024],"evs":[0.0,-3.14226]},"T6s":{"weight":0.0,"played":[0.814,0.186],"evs":[0.0,-0.4176]},"T7s":{"weight":0.0,"played":[0.9744,0.0256],"evs":[0.0,-2.20819]},"T8s":{"weight":0.0,"played":[0.337,0.663],"evs":[0.0,0.44672]},"T9s":{"weight":0.0,"played":[0.927,0.073],"evs":[0.0,-1.28066]},"TT":{"weight":0.0019,"played":[1.0E-4,0.9999],"evs":[0.0,4.63562]},"JTo":{"weight":0.0,"played":[0.9471,0.0529],"evs":[0.0,-1.65961]},"QTo":{"weight":0.0,"played":[0.9861,0.0139],"evs":[0.0,-1.4182]},"KTo":{"weight":0.002,"played":[0.948,0.052],"evs":[0.0,-2.44475]},"ATo":{"weight":0.0585,"played":[0.895,0.105],"evs":[0.0,-0.70766]},"J2s":{"weight":0.0,"played":[0.6708,0.3292],"evs":[0.0,-1.28249]},"J3s":{"weight":0.0,"played":[0.9843,0.0157],"evs":[0.0,-1.51572]},"J4s":{"weight":0.0,"played":[0.9421,0.0579],"evs":[0.0,-3.10323]},"J5s":{"weight":0.0,"played":[0.9787,0.0213],"evs":[0.0,-1.12554]},"J6s":{"weight":0.0,"played":[0.9597,0.0403],"evs":[0.0,-1.24661]},"J7s":{"weight":0.0,"played":[0.8277,0.1723],"evs":[0.0,-1.11032]},"J8s":{"weight":0.0,"played":[0.5443,0.4557],"evs":[0.0,0.32426]},"J9s":{"weight":0.0104,"played":[0.9658,0.0342],"evs":[0.0,0.08552]},"JTs":{"weight":0.096,"played":[0.33,0.67],"evs":[0.0,-0.02806]},"JJ":{"weight":0.0047,"played":[0.0,1.0],"evs":[0.0,6.87494]},"QJo":{"weight":0.0263,"played":[0.8926,0.1074],"evs":[0.0,-1.8565]},"KJo":{"weight":0.0019,"played":[0.9543,0.0457],"evs":[0.0,-1.92187]},"AJo":{"weight":7.0E-4,"played":[0.3864,0.6136],"evs":[0.0,-0.2509]},"Q2s":{"weight":0.0,"played":[0.9966,0.0034],"evs":[0.0,-1.11038]},"Q3s":{"weight":0.0,"played":[0.9953,0.0047],"evs":[0.0,-2.72987]},"Q4s":{"weight":0.0,"played":[0.9941,0.0059],"evs":[0.0,-1.00278]},"Q5s":{"weight":0.0,"played":[0.9854,0.0146],"evs":[0.0,-2.15153]},"Q6s":{"weight":0.0,"played":[0.988,0.012],"evs":[0.0,-3.03462]},"Q7s":{"weight":0.0,"played":[0.8769,0.1231],"evs":[0.0,-1.54431]},"Q8s":{"weight":0.0,"played":[0.984,0.016],"evs":[0.0,-2.23861]},"Q9s":{"weight":0.0,"played":[0.4093,0.5907],"evs":[0.0,-0.834]},"QTs":{"weight":0.0,"played":[0.3348,0.6652],"evs":[0.0,0.87696]},"QJs":{"weight":4.0E-4,"played":[0.0096,0.9904],"evs":[0.0,1.04617]},"QQ":{"weight":0.0064,"played":[0.0,1.0],"evs":[0.0,7.62708]},"KQo":{"weight":0.014,"played":[0.9432,0.0568],"evs":[0.0,-0.83279]},"AQo":{"weight":0.001,"played":[0.0,1.0],"evs":[0.0,1.51654]},"K2s":{"weight":0.0,"played":[0.9918,0.0082],"evs":[0.0,-0.93221]},"K3s":{"weight":0.0,"played":[0.9436,0.0564],"evs":[0.0,-1.27996]},"K4s":{"weight":0.0,"played":[0.9255,0.0745],"evs":[0.0,-3.19559]},"K5s":{"weight":0.0,"played":[0.8014,0.1986],"evs":[0.0,-1.65766]},"K6s":{"weight":0.0,"played":[0.9155,0.0845],"evs":[0.0,-1.87224]},"K7s":{"weight":0.0,"played":[0.9841,0.0159],"evs":[0.0,-2.28412]},"K8s":{"weight":0.0,"played":[0.9186,0.0814],"evs":[0.0,-2.98563]},"K9s":{"weight":5.0E-4,"played":[0.0705,0.9295],"evs":[0.0,-0.07487]},"KTs":{"weight":0.0012,"played":[0.3041,0.6959],"evs":[0.0,0.40072]},"KJs":{"weight":0.0015,"played":[0.0188,0.9812],"evs":[0.0,0.98987]},"KQs":{"weight":9.0E-4,"played":[0.2219,0.7781],"evs":[0.0,1.24899]},"KK":{"weight":0.1226,"played":[0.0,1.0],"evs":[0.0,12.12039]},"AKo":{"weight":0.0013,"played":[0.0,1.0],"evs":[0.0,4.20048]},"A2s":{"weight":0.0,"played":[0.5422,0.4578],"evs":[0.0,-1.27483]},"A3s":{"weight":0.001,"played":[0.9554,0.0446],"evs":[0.0,-1.91486]},"A4s":{"weight":7.0E-4,"played":[0.4917,0.5083],"evs":[0.0,0.46539]},"A5s":{"weight":0.0013,"played":[0.0099,0.9901],"evs":[0.0,2.1341]},"A6s":{"weight":0.0,"played":[0.1931,0.8069],"evs":[0.0,0.42731]},"A7s":{"weight":3.0E-4,"played":[0.5073,0.4927],"evs":[0.0,0.72164]},"A8s":{"weight":7.0E-4,"played":[0.6708,0.3292],"evs":[0.0,0.92928]},"A9s":{"weight":1.0E-4,"played":[0.2136,0.7864],"evs":[0.0,1.56489]},"ATs":{"weight":0.1671,"played":[5.0E-4,0.9995],"evs":[0.0,3.11199]},"AJs":{"weight":0.006,"played":[1.0E-4,0.9999],"evs":[0.0,3.67171]},"AQs":{"weight":2.0E-4,"played":[3.0E-4,0.9997],"evs":[0.0,4.19162]},"AKs":{"weight":0.0184,"played":[1.0E-4,0.9999],"evs":[0.0,4.6653]},"AA":{"weight":0.1316,"played":[1.0E-4,0.9999],"evs":[0.0,20.81732]}}}