{"player":5,"street":0,"children":2,"sequence":[{"player":0,"type":"F","amount":0,"street":0},{"player":1,"type":"F","amount":0,"street":0},{"player":2,"type":"R","amount":200000,"street":0},{"player":3,"type":"R","amount":2395000,"street":0},{"player":4,"type":"F","amount":0,"street":0}],"actions":[{"type":"F","amount":0,"node":118},{"type":"C","amount":795000,"node":119}],"hands":{"22":{"weight":1.0,"played":[1.0,0.0],"evs":[0.0,-0.51532]},"32o":{"weight":1.0,"played":[1.0,0.0],"evs":[0.0,-2.25892]},"42o":{"weight":1.0,"played":[1.0,0.0],"evs":[0.0,-2.08269]},"52o":{"weight":1.0,"played":[1.0,0.0],"evs":[0.0,-2.07158]},"62o":{"weight":1.0,"played":[1.0,0.0],"evs":[0.0,-2.14262]},"72o":{"weight":1.0,"played":[1.0,0.0],"evs":[0.0,-2.40674]},"82o":{"weight":1.0,"played":[1.0,0.0],"evs":[0.0,-2.44478]},"92o":{"weight":1.0,"played":[1.0,0.0],"evs":[0.0,-2.36803]},"T2o":{"weight":1.0,"played":[1.0,0.0],"evs":[0.0,-2.46568]},"J2o":{"weight":1.0,"played":[1.0,0.0],"evs":[0.0,-2.167]},"Q2o":{"weight":1.0,"played":[1.0,0.0],"evs":[0.0,-2.09204]},"K2o":{"weight":1.0,"played":[1.0,0.0],"evs":[0.0,-1.77477]},"A2o":{"weight":1.0,"played":[1.0,0.0],"evs":[0.0,-1.22137]},"32s":{"weight":1.0,"played":[1.0,0.0],"evs":[0.0,-1.47579]},"33":{"weight":1.0,"played":[0.9998,2.0E-4],"evs":[0.0,-0.41346]},"43o":{"weight":1.0,"played":[1.0,0.0],"evs":[0.0,-1.80403]},"53o":{"weight":1.0,"played":[1.0,0.0],"evs":[0.0,-1.74466]},"63o":{"weight":1.0,"played":[1.0,0.0],"evs":[0.0,-1.92113]},"73o":{"weight":1.0,"played":[1.0,0.0],"evs":[0.0,-2.09652]},"83o":{"weight":1.0,"played":[1.0,0.0],"evs":[0.0,-2.39551]},"93o":{"weight":1.0,"played":[1.0,0.0],"evs":[0.0,-2.28765]},"T3o":{"weight":1.0,"played":[1.0,0.0],"evs":[0.0,-2.40055]},"J3o":{"weight":1.0,"played":[1.0,0.0],"evs":[0.0,-2.10685]},"Q3o":{"weight":1.0,"played":[1.0,0.0],"evs":[0.0,-2.03594]},"K3o":{"weight":1.0,"played":[1.0,0.0],"evs":[0.0,-1.70684]},"A3o":{"weight":1.0,"played":[1.0,0.0],"evs":[0.0,-1.21461]},"42s":{"weight":1.0,"played":[1.0,0.0],"evs":[0.0,-1.25974]},"43s":{"weight":1.0,"played":[1.0,0.0],"evs":[0.0,-1.07264]},"44":{"weight":1.0,"played":[0.9986,0.0014],"evs":[0.0,-0.21588]},"54o":{"weight":1.0,"played":[1.0,0.0],"evs":[0.0,-1.51543]},"64o":{"weight":1.0,"played":[1.0,0.0],"evs":[0.0,-1.56854]},"74o":{"weight":1.0,"played":[1.0,0.0],"evs":[0.0,-1.76357]},"84o":{"weight":1.0,"played":[1.0,0.0],"evs":[0.0,-2.07399]},"94o":{"weight":1.0,"played":[1.0,0.0],"evs":[0.0,-2.24688]},"T4o":{"weight":1.0,"played":[1.0,0.0],"evs":[0.0,-2.26808]},"J4o":{"weight":1.0,"played":[1.0,0.0],"evs":[0.0,-2.08741]},"Q4o":{"weight":1.0,"played":[1.0,0.0],"evs":[0.0,-1.89549]},"K4o":{"weight":1.0,"played":[1.0,0.0],"evs":[0.0,-1.59159]},"A4o":{"weight":1.0,"played":[1.0,0.0],"evs":[0.0,-1.03174]},"52s":{"weight":1.0,"played":[1.0,0.0],"evs":[0.0,-1.3991]},"53s":{"weight":1.0,"played":[1.0,0.0],"evs":[0.0,-1.21836]},"54s":{"weight":1.0,"played":[0.9999,1.0E-4],"evs":[0.0,-0.80043]},"55":{"weight":1.0,"played":[0.1739,0.8261],"evs":[0.0,0.02627]},"65o":{"weight":1.0,"played":[1.0,0.0],"evs":[0.0,-1.3347]},"75o":{"weight":1.0,"played":[1.0,0.0],"evs":[0.0,-1.52413]},"85o":{"weight":1.0,"played":[1.0,0.0],"evs":[0.0,-1.78538]},"95o":{"weight":1.0,"played":[1.0,0.0],"evs":[0.0,-1.90055]},"T5o":{"weight":1.0,"played":[1.0,0.0],"evs":[0.0,-2.22263]},"J5o":{"weight":1.0,"played":[1.0,0.0],"evs":[0.0,-1.88043]},"Q5o":{"weight":1.0,"played":[1.0,0.0],"evs":[0.0,-1.85404]},"K5o":{"weight":1.0,"played":[1.0,0.0],"evs":[0.0,-1.55298]},"A5o":{"weight":1.0,"played":[1.0,0.0],"evs":[0.0,-0.88653]},"62s":{"weight":1.0,"played":[1.0,0.0],"evs":[0.0,-1.44129]},"63s":{"weight":1.0,"played":[1.0,0.0],"evs":[0.0,-1.21263]},"64s":{"weight":1.0,"played":[0.9999,1.0E-4],"evs":[0.0,-0.94184]},"65s":{"weight":1.0,"played":[1.0,0.0],"evs":[0.0,-0.68309]},"66":{"weight":1.0,"played":[0.0,1.0],"evs":[0.0,0.29683]},"76o":{"weight":1.0,"played":[1.0,0.0],"evs":[0.0,-1.22101]},"86o":{"weight":1.0,"played":[1.0,0.0],"evs":[0.0,-1.46452]},"96o":{"weight":1.0,"played":[1.0,0.0],"evs":[0.0,-1.62918]},"T6o":{"weight":1.0,"played":[1.0,0.0],"evs":[0.0,-1.96473]},"J6o":{"weight":1.0,"played":[1.0,0.0],"evs":[0.0,-1.8968]},"Q6o":{"weight":1.0,"played":[1.0,0.0],"evs":[0.0,-1.79213]},"K6o":{"weight":1.0,"played":[1.0,0.0],"evs":[0.0,-1.46755]},"A6o":{"weight":1.0,"played":[1.0,0.0],"evs":[0.0,-0.87754]},"72s":{"weight":1.0,"played":[1.0,0.0],"evs":[0.0,-1.66259]},"73s":{"weight":1.0,"played":[1.0,0.0],"evs":[0.0,-1.43867]},"74s":{"weight":1.0,"played":[0.9998,2.0E-4],"evs":[0.0,-1.08404]},"75s":{"weight":1.0,"played":[1.0,0.0],"evs":[0.0,-0.94163]},"76s":{"weight":1.0,"played":[0.9999,1.0E-4],"evs":[0.0,-0.57684]},"77":{"weight":1.0,"played":[1.0E-4,0.9999],"evs":[0.0,0.54592]},"87o":{"weight":1.0,"played":[1.0,0.0],"evs":[0.0,-1.25281]},"97o":{"weight":1.0,"played":[1.0,0.0],"evs":[0.0,-1.45029]},"T7o":{"weight":1.0,"played":[1.0,0.0],"evs":[0.0,-1.71787]},"J7o":{"weight":1.0,"played":[1.0,0.0],"evs":[0.0,-1.70191]},"Q7o":{"weight":1.0,"played":[1.0,0.0],"evs":[0.0,-1.7568]},"K7o":{"weight":1.0,"played":[1.0,0.0],"evs":[0.0,-1.44874]},"A7o":{"weight":1.0,"played":[1.0,0.0],"evs":[0.0,-0.68972]},"82s":{"weight":1.0,"played":[1.0,0.0],"evs":[0.0,-1.6255]},"83s":{"weight":1.0,"played":[1.0,0.0],"evs":[0.0,-1.6457]},"84s":{"weight":1.0,"played":[1.0,0.0],"evs":[0.0,-1.40596]},"85s":{"weight":1.0,"played":[1.0,0.0],"evs":[0.0,-1.10089]},"86s":{"weight":1.0,"played":[0.9994,6.0E-4],"evs":[0.0,-0.71506]},"87s":{"weight":1.0,"played":[0.9992,8.0E-4],"evs":[0.0,-0.59503]},"88":{"weight":1.0,"played":[0.0,1.0],"evs":[0.0,0.78378]},"98o":{"weight":1.0,"played":[1.0,0.0],"evs":[0.0,-1.31128]},"T8o":{"weight":1.0,"played":[1.0,0.0],"evs":[0.0,-1.61622]},"J8o":{"weight":1.0,"played":[1.0,0.0],"evs":[0.0,-1.50544]},"Q8o":{"weight":1.0,"played":[1.0,0.0],"evs":[0.0,-1.65891]},"K8o":{"weight":1.0,"played":[1.0,0.0],"evs":[0.0,-1.44678]},"A8o":{"weight":1.0,"played":[1.0,0.0],"evs":[0.0,-0.44321]},"92s":{"weight":1.0,"played":[1.0,0.0],"evs":[0.0,-1.64065]},"93s":{"weight":1.0,"played":[1.0,0.0],"evs":[0.0,-1.63986]},"94s":{"weight":1.0,"played":[1.0,0.0],"evs":[0.0,-1.59081]},"95s":{"weight":1.0,"played":[1.0,0.0],"evs":[0.0,-1.17687]},"96s":{"weight":1.0,"played":[1.0,0.0],"evs":[0.0,-1.01052]},"97s":{"weight":1.0,"played":[1.0,0.0],"evs":[0.0,-0.68058]},"98s":{"weight":1.0,"played":[0.9991,9.0E-4],"evs":[0.0,-0.60875]},"99":{"weight":1.0,"played":[0.0,1.0],"evs":[0.0,1.2915]},"T9o":{"weight":1.0,"played":[1.0,0.0],"evs":[0.0,-1.23194]},"J9o":{"weight":1.0,"played":[1.0,0.0],"evs":[0.0,-1.14419]},"Q9o":{"weight":1.0,"played":[1.0,0.0],"evs":[0.0,-1.27345]},"K9o":{"weight":1.0,"played":[1.0,0.0],"evs":[0.0,-1.01933]},"A9o":{"weight":1.0,"played":[0.8787,0.1213],"evs":[0.0,-0.0957]},"T2s":{"weight":1.0,"played":[1.0,0.0],"evs":[0.0,-1.70635]},"T3s":{"weight":1.0,"played":[1.0,0.0],"evs":[0.0,-1.76583]},"T4s":{"weight":1.0,"played":[1.0,0.0],"evs":[0.0,-1.51753]},"T5s":{"weight":1.0,"played":[1.0,0.0],"evs":[0.0,-1.512]},"T6s":{"weight":1.0,"played":[1.0,0.0],"evs":[0.0,-1.29496]},"T7s":{"weight":1.0,"played":[1.0,0.0],"evs":[0.0,-1.07166]},"T8s":{"weight":1.0,"played":[0.9999,1.0E-4],"evs":[0.0,-0.79422]},"T9s":{"weight":1.0,"played":[1.0,0.0],"evs":[0.0,-0.48357]},"TT":{"weight":1.0,"played":[0.0,1.0],"evs":[0.0,1.77756]},"JTo":{"weight":1.0,"played":[1.0,0.0],"evs":[0.0,-0.99087]},"QTo":{"weight":1.0,"played":[1.0,0.0],"evs":[0.0,-0.94811]},"KTo":{"weight":1.0,"played":[0.9999,1.0E-4],"evs":[0.0,-0.63924]},"ATo":{"weight":1.0,"played":[0.0,1.0],"evs":[0.0,0.7839]},"J2s":{"weight":1.0,"played":[1.0,0.0],"evs":[0.0,-1.40221]},"J3s":{"weight":1.0,"played":[1.0,0.0],"evs":[0.0,-1.2755]},"J4s":{"weight":1.0,"played":[1.0,0.0],"evs":[0.0,-1.33116]},"J5s":{"weight":1.0,"played":[0.9999,1.0E-4],"evs":[0.0,-1.18267]},"J6s":{"weight":1.0,"played":[1.0,0.0],"evs":[0.0,-1.16405]},"J7s":{"weight":1.0,"played":[1.0,0.0],"evs":[0.0,-0.89843]},"J8s":{"weight":1.0,"played":[0.9999,1.0E-4],"evs":[0.0,-0.73989]},"J9s":{"weight":1.0,"played":[0.9996,4.0E-4],"evs":[0.0,-0.58845]},"JTs":{"weight":1.0,"played":[0.9962,0.0038],"evs":[0.0,-0.38528]},"JJ":{"weight":1.0,"played":[0.0,1.0],"evs":[0.0,2.65676]},"QJo":{"weight":1.0,"played":[1.0,0.0],"evs":[0.0,-0.5448]},"KJo":{"weight":1.0,"played":[0.9996,4.0E-4],"evs":[0.0,-0.47811]},"AJo":{"weight":1.0,"played":[0.0,1.0],"evs":[0.0,1.19088]},"Q2s":{"weight":1.0,"played":[1.0,0.0],"evs":[0.0,-1.39567]},"Q3s":{"weight":1.0,"played":[1.0,0.0],"evs":[0.0,-1.34537]},"Q4s":{"weight":1.0,"played":[1.0,0.0],"evs":[0.0,-1.14884]},"Q5s":{"weight":1.0,"played":[1.0,0.0],"evs":[0.0,-1.00771]},"Q6s":{"weight":1.0,"played":[0.9999,1.0E-4],"evs":[0.0,-1.00613]},"Q7s":{"weight":1.0,"played":[1.0,0.0],"evs":[0.0,-1.03331]},"Q8s":{"weight":1.0,"played":[0.9996,4.0E-4],"evs":[0.0,-0.9634]},"Q9s":{"weight":1.0,"played":[1.0,0.0],"evs":[0.0,-0.58192]},"QTs":{"weight":1.0,"played":[0.9999,1.0E-4],"evs":[0.0,-0.18816]},"QJs":{"weight":1.0,"played":[0.0799,0.9201],"evs":[0.0,0.11854]},"QQ":{"weight":1.0,"played":[0.0,1.0],"evs":[0.0,3.4805]},"KQo":{"weight":1.0,"played":[0.9989,0.0011],"evs":[0.0,-0.09175]},"AQo":{"weight":1.0,"played":[0.0,1.0],"evs":[0.0,1.68795]},"K2s":{"weight":1.0,"played":[1.0,0.0],"evs":[0.0,-1.05661]},"K3s":{"weight":1.0,"played":[1.0,0.0],"evs":[0.0,-0.92962]},"K4s":{"weight":1.0,"played":[0.9999,1.0E-4],"evs":[0.0,-0.7779]},"K5s":{"weight":1.0,"played":[1.0,0.0],"evs":[0.0,-0.7927]},"K6s":{"weight":1.0,"played":[1.0,0.0],"evs":[0.0,-0.66242]},"K7s":{"weight":1.0,"played":[0.9997,3.0E-4],"evs":[0.0,-0.64086]},"K8s":{"weight":1.0,"played":[1.0,0.0],"evs":[0.0,-0.83967]},"K9s":{"weight":1.0,"played":[1.0,0.0],"evs":[0.0,-0.40336]},"KTs":{"weight":1.0,"played":[0.7032,0.2968],"evs":[0.0,-0.00477]},"KJs":{"weight":1.0,"played":[0.0069,0.9931],"evs":[0.0,0.13947]},"KQs":{"weight":1.0,"played":[0.0,1.0],"evs":[0.0,0.5659]},"KK":{"weight":1.0,"played":[0.0,1.0],"evs":[0.0,4.19978]},"AKo":{"weight":1.0,"played":[0.0,1.0],"evs":[0.0,2.25583]},"A2s":{"weight":1.0,"played":[0.9893,0.0107],"evs":[0.0,-0.31884]},"A3s":{"weight":1.0,"played":[0.9994,6.0E-4],"evs":[0.0,-0.4196]},"A4s":{"weight":1.0,"played":[0.9858,0.0142],"evs":[0.0,-0.21963]},"A5s":{"weight":1.0,"played":[0.7856,0.2144],"evs":[0.0,-0.13164]},"A6s":{"weight":1.0,"played":[0.9785,0.0215],"evs":[0.0,-0.13748]},"A7s":{"weight":1.0,"played":[0.5567,0.4433],"evs":[0.0,-0.04835]},"A8s":{"weight":1.0,"played":[3.0E-4,0.9997],"evs":[0.0,0.31247]},"A9s":{"weight":1.0,"played":[2.0E-4,0.9998],"evs":[0.0,0.58155]},"ATs":{"weight":1.0,"played":[0.0,1.0],"evs":[0.0,1.39821]},"AJs":{"weight":1.0,"played":[0.0,1.0],"evs":[0.0,1.82957]},"AQs":{"weight":1.0,"played":[0.0,1.0],"evs":[0.0,2.41631]},"AKs":{"weight":1.0,"played":[0.0,1.0],"evs":[0.0,2.83507]},"AA":{"weight":1.0,"played":[0.0,1.0],"evs":[0.0,7.95397]}}}