{"player":4,"street":0,"children":3,"sequence":[{"player":0,"type":"F","amount":0,"street":0},{"player":1,"type":"F","amount":0,"street":0},{"player":2,"type":"R","amount":1265000,"street":0},{"player":3,"type":"C","amount":1265000,"street":0}],"actions":[{"type":"F","amount":0,"node":128},{"type":"C","amount":1215000,"node":129},{"type":"R","amount":2395000,"node":130}],"hands":{"22":{"weight":1.0,"played":[0.966,0.0084,0.0256],"evs":[0.0,-0.563,-0.40159]},"32o":{"weight":1.0,"played":[1.0,0.0,0.0],"evs":[0.0,-3.43864,-5.38279]},"42o":{"weight":1.0,"played":[1.0,0.0,0.0],"evs":[0.0,-3.32673,-5.19049]},"52o":{"weight":1.0,"played":[1.0,0.0,0.0],"evs":[0.0,-3.19276,-4.9838]},"62o":{"weight":1.0,"played":[1.0,0.0,0.0],"evs":[0.0,-3.2756,-5.16269]},"72o":{"weight":1.0,"played":[1.0,0.0,0.0],"evs":[0.0,-3.82205,-5.81235]},"82o":{"weight":1.0,"played":[1.0,0.0,0.0],"evs":[0.0,-3.52595,-5.32208]},"92o":{"weight":1.0,"played":[1.0,0.0,0.0],"evs":[0.0,-3.4127,-5.19602]},"T2o":{"weight":1.0,"played":[1.0,0.0,0.0],"evs":[0.0,-3.55957,-5.15128]},"J2o":{"weight":1.0,"played":[1.0,0.0,0.0],"evs":[0.0,-3.47271,-5.06634]},"Q2o":{"weight":1.0,"played":[1.0,0.0,0.0],"evs":[0.0,-3.24487,-4.74233]},"K2o":{"weight":1.0,"played":[1.0,0.0,0.0],"evs":[0.0,-2.78369,-4.00356]},"A2o":{"weight":1.0,"played":[1.0,0.0,0.0],"evs":[0.0,-3.40124,-4.1258]},"32s":{"weight":1.0,"played":[1.0,0.0,0.0],"evs":[0.0,-2.25191,-3.74617]},"33":{"weight":1.0,"played":[0.1163,0.0027,0.881],"evs":[0.0,0.13277,0.25883]},"43o":{"weight":1.0,"played":[1.0,0.0,0.0],"evs":[0.0,-2.88863,-4.47175]},"53o":{"weight":1.0,"played":[1.0,0.0,0.0],"evs":[0.0,-2.78326,-4.32368]},"63o":{"weight":1.0,"played":[1.0,0.0,0.0],"evs":[0.0,-2.86465,-4.47593]},"73o":{"weight":1.0,"played":[1.0,0.0,0.0],"evs":[0.0,-3.12489,-4.81459]},"83o":{"weight":1.0,"played":[1.0,0.0,0.0],"evs":[0.0,-3.42697,-5.14789]},"93o":{"weight":1.0,"played":[1.0,0.0,0.0],"evs":[0.0,-3.50323,-5.14965]},"T3o":{"weight":1.0,"played":[1.0,0.0,0.0],"evs":[0.0,-3.4425,-4.89889]},"J3o":{"weight":1.0,"played":[1.0,0.0,0.0],"evs":[0.0,-3.25198,-4.69027]},"Q3o":{"weight":1.0,"played":[1.0,0.0,0.0],"evs":[0.0,-3.08419,-4.35957]},"K3o":{"weight":1.0,"played":[1.0,0.0,0.0],"evs":[0.0,-2.74275,-3.7408]},"A3o":{"weight":1.0,"played":[1.0,0.0,0.0],"evs":[0.0,-3.08874,-3.6956]},"42s":{"weight":1.0,"played":[1.0,0.0,0.0],"evs":[0.0,-2.04135,-3.40412]},"43s":{"weight":1.0,"played":[1.0,0.0,0.0],"evs":[0.0,-1.47953,-2.668]},"44":{"weight":1.0,"played":[0.0237,0.0026,0.9737],"evs":[0.0,0.70956,0.83465]},"54o":{"weight":1.0,"played":[1.0,0.0,0.0],"evs":[0.0,-2.32773,-3.63603]},"64o":{"weight":1.0,"played":[1.0,0.0,0.0],"evs":[0.0,-2.34731,-3.80138]},"74o":{"weight":1.0,"played":[1.0,0.0,0.0],"evs":[0.0,-2.74884,-4.24087]},"84o":{"weight":1.0,"played":[1.0,0.0,0.0],"evs":[0.0,-2.96176,-4.42271]},"94o":{"weight":1.0,"played":[1.0,0.0,0.0],"evs":[0.0,-3.36199,-4.99359]},"T4o":{"weight":1.0,"played":[1.0,0.0,0.0],"evs":[0.0,-3.35084,-4.72962]},"J4o":{"weight":1.0,"played":[1.0,0.0,0.0],"evs":[0.0,-3.19606,-4.54562]},"Q4o":{"weight":1.0,"played":[1.0,0.0,0.0],"evs":[0.0,-2.97261,-4.15135]},"K4o":{"weight":1.0,"played":[1.0,0.0,0.0],"evs":[0.0,-2.64975,-3.60632]},"A4o":{"weight":1.0,"played":[1.0,0.0,0.0],"evs":[0.0,-3.01488,-3.47758]},"52s":{"weight":1.0,"played":[1.0,0.0,0.0],"evs":[0.0,-1.9447,-3.28941]},"53s":{"weight":1.0,"played":[1.0,0.0,0.0],"evs":[0.0,-1.38667,-2.44598]},"54s":{"weight":1.0,"played":[1.0,0.0,0.0],"evs":[0.0,-1.08382,-1.9803]},"55":{"weight":1.0,"played":[0.0,0.0,1.0],"evs":[0.0,1.13535,1.22612]},"65o":{"weight":1.0,"played":[1.0,0.0,0.0],"evs":[0.0,-1.86421,-3.10801]},"75o":{"weight":1.0,"played":[1.0,0.0,0.0],"evs":[0.0,-2.32038,-3.62349]},"85o":{"weight":1.0,"played":[1.0,0.0,0.0],"evs":[0.0,-2.45094,-3.79581]},"95o":{"weight":1.0,"played":[1.0,0.0,0.0],"evs":[0.0,-2.86872,-4.26044]},"T5o":{"weight":1.0,"played":[1.0,0.0,0.0],"evs":[0.0,-3.33735,-4.72921]},"J5o":{"weight":1.0,"played":[1.0,0.0,0.0],"evs":[0.0,-3.24829,-4.52685]},"Q5o":{"weight":1.0,"played":[1.0,0.0,0.0],"evs":[0.0,-2.88396,-4.00494]},"K5o":{"weight":1.0,"played":[1.0,0.0,0.0],"evs":[0.0,-2.5113,-3.34131]},"A5o":{"weight":1.0,"played":[1.0,0.0,0.0],"evs":[0.0,-2.68486,-3.08631]},"62s":{"weight":1.0,"played":[1.0,0.0,0.0],"evs":[0.0,-2.0897,-3.4857]},"63s":{"weight":1.0,"played":[1.0,0.0,0.0],"evs":[0.0,-1.50668,-2.69793]},"64s":{"weight":1.0,"played":[0.9999,1.0E-4,1.0E-4],"evs":[0.0,-0.9896,-2.12508]},"65s":{"weight":1.0,"played":[0.9989,0.0011,0.0],"evs":[0.0,-0.79882,-1.6299]},"66":{"weight":1.0,"played":[0.0,0.0016,0.9984],"evs":[0.0,2.4645,2.66005]},"76o":{"weight":1.0,"played":[1.0,0.0,0.0],"evs":[0.0,-1.58688,-2.68385]},"86o":{"weight":1.0,"played":[1.0,0.0,0.0],"evs":[0.0,-1.8178,-2.93573]},"96o":{"weight":1.0,"played":[1.0,0.0,0.0],"evs":[0.0,-2.19877,-3.30903]},"T6o":{"weight":1.0,"played":[1.0,0.0,0.0],"evs":[0.0,-2.59837,-3.73675]},"J6o":{"weight":1.0,"played":[1.0,0.0,0.0],"evs":[0.0,-2.86091,-4.03437]},"Q6o":{"weight":1.0,"played":[1.0,0.0,0.0],"evs":[0.0,-2.7051,-3.74374]},"K6o":{"weight":1.0,"played":[1.0,0.0,0.0],"evs":[0.0,-2.18847,-2.96778]},"A6o":{"weight":1.0,"played":[1.0,0.0,0.0],"evs":[0.0,-2.95943,-3.27716]},"72s":{"weight":1.0,"played":[1.0,0.0,0.0],"evs":[0.0,-2.51292,-3.95813]},"73s":{"weight":1.0,"played":[0.9999,0.0,0.0],"evs":[0.0,-2.05581,-3.30795]},"74s":{"weight":1.0,"played":[1.0,0.0,0.0],"evs":[0.0,-1.29118,-2.51624]},"75s":{"weight":1.0,"played":[0.9971,0.0029,0.0],"evs":[0.0,-0.92583,-1.82281]},"76s":{"weight":1.0,"played":[0.9597,0.0403,0.0],"evs":[0.0,-0.35187,-1.06604]},"77":{"weight":1.0,"played":[0.0,0.0,1.0],"evs":[0.0,3.27882,3.48474]},"87o":{"weight":1.0,"played":[1.0,0.0,0.0],"evs":[0.0,-1.58055,-2.4582]},"97o":{"weight":1.0,"played":[1.0,0.0,0.0],"evs":[0.0,-1.75053,-2.7051]},"T7o":{"weight":1.0,"played":[1.0,0.0,0.0],"evs":[0.0,-2.24756,-3.25523]},"J7o":{"weight":1.0,"played":[1.0,0.0,0.0],"evs":[0.0,-2.57984,-3.71268]},"Q7o":{"weight":1.0,"played":[1.0,0.0,0.0],"evs":[0.0,-2.71621,-3.69049]},"K7o":{"weight":1.0,"played":[1.0,0.0,0.0],"evs":[0.0,-2.28378,-3.03477]},"A7o":{"weight":1.0,"played":[1.0,0.0,0.0],"evs":[0.0,-2.28078,-2.43218]},"82s":{"weight":1.0,"played":[1.0,0.0,0.0],"evs":[0.0,-2.32091,-3.58945]},"83s":{"weight":1.0,"played":[1.0,0.0,0.0],"evs":[0.0,-2.56284,-3.79133]},"84s":{"weight":1.0,"played":[1.0,0.0,0.0],"evs":[0.0,-1.80211,-2.96362]},"85s":{"weight":1.0,"played":[0.9997,2.0E-4,1.0E-4],"evs":[0.0,-1.1393,-2.03115]},"86s":{"weight":1.0,"played":[0.9991,6.0E-4,2.0E-4],"evs":[0.0,-0.54807,-1.36224]},"87s":{"weight":1.0,"played":[0.9913,0.0087,1.0E-4],"evs":[0.0,-0.50208,-1.01592]},"88":{"weight":1.0,"played":[0.0,8.0E-4,0.9992],"evs":[0.0,4.41505,4.64633]},"98o":{"weight":1.0,"played":[1.0,0.0,0.0],"evs":[0.0,-1.38729,-2.22334]},"T8o":{"weight":1.0,"played":[1.0,0.0,0.0],"evs":[0.0,-1.44883,-2.23794]},"J8o":{"weight":1.0,"played":[1.0,0.0,0.0],"evs":[0.0,-1.9561,-2.73215]},"Q8o":{"weight":1.0,"played":[1.0,0.0,0.0],"evs":[0.0,-2.22102,-2.91887]},"K8o":{"weight":1.0,"played":[1.0,0.0,0.0],"evs":[0.0,-2.11918,-2.77425]},"A8o":{"weight":1.0,"played":[0.9999,0.0,0.0],"evs":[0.0,-1.66828,-1.59405]},"92s":{"weight":1.0,"played":[1.0,0.0,0.0],"evs":[0.0,-2.21216,-3.42481]},"93s":{"weight":1.0,"played":[1.0,0.0,0.0],"evs":[0.0,-2.27922,-3.45589]},"94s":{"weight":1.0,"played":[1.0,0.0,0.0],"evs":[0.0,-2.00149,-3.24889]},"95s":{"weight":1.0,"played":[0.9996,3.0E-4,1.0E-4],"evs":[0.0,-1.56212,-2.66428]},"96s":{"weight":1.0,"played":[0.9986,0.0011,3.0E-4],"evs":[0.0,-1.01259,-1.74123]},"97s":{"weight":1.0,"played":[1.0,0.0,0.0],"evs":[0.0,-0.47861,-1.15247]},"98s":{"weight":1.0,"played":[0.9474,0.0526,0.0],"evs":[0.0,-0.23418,-0.70644]},"99":{"weight":1.0,"played":[0.0,7.0E-4,0.9993],"evs":[0.0,4.96139,5.18118]},"T9o":{"weight":1.0,"played":[1.0,0.0,0.0],"evs":[0.0,-1.2026,-1.74819]},"J9o":{"weight":1.0,"played":[1.0,0.0,0.0],"evs":[0.0,-1.4848,-2.15542]},"Q9o":{"weight":1.0,"played":[1.0,0.0,0.0],"evs":[0.0,-1.80111,-2.34497]},"K9o":{"weight":1.0,"played":[1.0,0.0,0.0],"evs":[0.0,-1.68283,-2.01075]},"A9o":{"weight":1.0,"played":[0.849,0.0,0.151],"evs":[0.0,-0.92108,-0.74493]},"T2s":{"weight":1.0,"played":[1.0,0.0,0.0],"evs":[0.0,-2.06588,-3.04521]},"T3s":{"weight":1.0,"played":[1.0,0.0,0.0],"evs":[0.0,-2.22257,-3.3809]},"T4s":{"weight":1.0,"played":[1.0,0.0,0.0],"evs":[0.0,-1.96997,-2.86165]},"T5s":{"weight":1.0,"played":[1.0,0.0,0.0],"evs":[0.0,-2.02646,-3.05917]},"T6s":{"weight":1.0,"played":[1.0,0.0,0.0],"evs":[0.0,-1.08839,-1.80918]},"T7s":{"weight":1.0,"played":[1.0,0.0,0.0],"evs":[0.0,-1.17716,-1.9496]},"T8s":{"weight":1.0,"played":[0.8137,0.1846,0.0016],"evs":[0.0,-0.38301,-0.94794]},"T9s":{"weight":1.0,"played":[0.1987,0.8007,6.0E-4],"evs":[0.0,0.20052,-0.17756]},"TT":{"weight":1.0,"played":[0.0,0.0,1.0],"evs":[0.0,7.11829,7.39824]},"JTo":{"weight":1.0,"played":[0.9999,1.0E-4,1.0E-4],"evs":[0.0,-0.79153,-1.08325]},"QTo":{"weight":1.0,"played":[0.9999,0.0,0.0],"evs":[0.0,-0.93583,-1.04701]},"KTo":{"weight":1.0,"played":[0.9997,0.0,3.0E-4],"evs":[0.0,-0.81208,-0.78761]},"ATo":{"weight":1.0,"played":[0.0,0.0,1.0],"evs":[0.0,0.58295,0.82396]},"J2s":{"weight":1.0,"played":[1.0,0.0,0.0],"evs":[0.0,-1.93337,-3.1728]},"J3s":{"weight":1.0,"played":[0.9999,1.0E-4,0.0],"evs":[0.0,-1.99832,-3.0156]},"J4s":{"weight":1.0,"played":[1.0,0.0,0.0],"evs":[0.0,-1.87099,-2.85153]},"J5s":{"weight":1.0,"played":[1.0,0.0,0.0],"evs":[0.0,-1.7889,-2.54159]},"J6s":{"weight":1.0,"played":[1.0,0.0,0.0],"evs":[0.0,-1.53227,-2.51079]},"J7s":{"weight":1.0,"played":[1.0,0.0,0.0],"evs":[0.0,-1.27213,-1.96247]},"J8s":{"weight":1.0,"played":[0.9394,0.0604,2.0E-4],"evs":[0.0,-0.54644,-1.15322]},"J9s":{"weight":1.0,"played":[0.5177,0.4823,0.0],"evs":[0.0,-0.11332,-0.60204]},"JTs":{"weight":1.0,"played":[0.0322,0.883,0.0848],"evs":[0.0,0.48255,0.31339]},"JJ":{"weight":1.0,"played":[0.0,0.0,1.0],"evs":[0.0,9.25442,9.53164]},"QJo":{"weight":1.0,"played":[0.9955,0.0043,2.0E-4],"evs":[0.0,-0.8253,-0.95464]},"KJo":{"weight":1.0,"played":[0.7801,0.0291,0.1908],"evs":[0.0,-0.4141,-0.38655]},"AJo":{"weight":1.0,"played":[0.0,0.0,1.0],"evs":[0.0,1.95749,2.20314]},"Q2s":{"weight":1.0,"played":[1.0,0.0,0.0],"evs":[0.0,-1.916,-2.74217]},"Q3s":{"weight":1.0,"played":[1.0,0.0,0.0],"evs":[0.0,-1.75101,-2.553]},"Q4s":{"weight":1.0,"played":[0.9999,1.0E-4,0.0],"evs":[0.0,-1.58104,-2.36231]},"Q5s":{"weight":1.0,"played":[1.0,0.0,0.0],"evs":[0.0,-1.7007,-2.42451]},"Q6s":{"weight":1.0,"played":[0.9996,4.0E-4,1.0E-4],"evs":[0.0,-1.09261,-1.69363]},"Q7s":{"weight":1.0,"played":[0.9988,0.0012,0.0],"evs":[0.0,-1.21049,-1.93329]},"Q8s":{"weight":1.0,"played":[0.889,0.111,0.0],"evs":[0.0,-0.70558,-1.02283]},"Q9s":{"weight":1.0,"played":[0.5813,0.4186,1.0E-4],"evs":[0.0,-0.14969,-0.45221]},"QTs":{"weight":1.0,"played":[0.01,0.8931,0.0969],"evs":[0.0,0.60005,0.50174]},"QJs":{"weight":1.0,"played":[0.0,0.4738,0.5262],"evs":[0.0,0.83077,0.83876]},"QQ":{"weight":1.0,"played":[0.0,0.0,1.0],"evs":[0.0,11.3283,11.58944]},"KQo":{"weight":1.0,"played":[0.0241,0.0049,0.971],"evs":[0.0,0.02983,0.14617]},"AQo":{"weight":1.0,"played":[0.0,0.0,1.0],"evs":[0.0,3.66595,3.8841]},"K2s":{"weight":1.0,"played":[1.0,0.0,0.0],"evs":[0.0,-1.39156,-2.03794]},"K3s":{"weight":1.0,"played":[1.0,0.0,0.0],"evs":[0.0,-1.29946,-1.87957]},"K4s":{"weight":1.0,"played":[0.9999,1.0E-4,0.0],"evs":[0.0,-1.08281,-1.64113]},"K5s":{"weight":1.0,"played":[0.9999,0.0,0.0],"evs":[0.0,-1.22118,-1.84961]},"K6s":{"weight":1.0,"played":[0.9979,0.0016,5.0E-4],"evs":[0.0,-0.7849,-1.30062]},"K7s":{"weight":1.0,"played":[0.9992,5.0E-4,3.0E-4],"evs":[0.0,-0.71383,-1.20876]},"K8s":{"weight":1.0,"played":[0.9994,5.0E-4,1.0E-4],"evs":[0.0,-0.6175,-1.04662]},"K9s":{"weight":1.0,"played":[0.916,0.0834,6.0E-4],"evs":[0.0,-0.25742,-0.58331]},"KTs":{"weight":1.0,"played":[0.0,0.485,0.515],"evs":[0.0,0.84595,0.88298]},"KJs":{"weight":1.0,"played":[0.0,0.1353,0.8647],"evs":[0.0,0.83496,0.91156]},"KQs":{"weight":1.0,"played":[0.0,0.1852,0.8148],"evs":[0.0,1.40072,1.4946]},"KK":{"weight":1.0,"played":[0.0,0.0,1.0],"evs":[0.0,13.57306,13.90159]},"AKo":{"weight":1.0,"played":[0.0,0.0,1.0],"evs":[0.0,5.90779,6.1059]},"A2s":{"weight":1.0,"played":[0.9996,3.0E-4,1.0E-4],"evs":[0.0,-1.6639,-2.05451]},"A3s":{"weight":1.0,"played":[0.995,0.0033,0.0016],"evs":[0.0,-1.41525,-1.5983]},"A4s":{"weight":1.0,"played":[0.9994,2.0E-4,3.0E-4],"evs":[0.0,-1.37504,-1.71012]},"A5s":{"weight":1.0,"played":[0.9977,0.0012,0.0012],"evs":[0.0,-0.99515,-1.25718]},"A6s":{"weight":1.0,"played":[0.9955,0.0041,4.0E-4],"evs":[0.0,-1.19031,-1.37563]},"A7s":{"weight":1.0,"played":[0.8542,0.1348,0.0109],"evs":[0.0,-0.57436,-0.68507]},"A8s":{"weight":1.0,"played":[0.0533,0.0421,0.9046],"evs":[0.0,0.04152,0.14285]},"A9s":{"weight":1.0,"played":[0.0,0.0,1.0],"evs":[0.0,0.55536,0.79775]},"ATs":{"weight":1.0,"played":[0.0,3.0E-4,0.9997],"evs":[0.0,2.26701,2.50525]},"AJs":{"weight":1.0,"played":[0.0,0.0,1.0],"evs":[0.0,3.29181,3.52999]},"AQs":{"weight":1.0,"played":[0.0,0.0046,0.9954],"evs":[0.0,5.15732,5.42258]},"AKs":{"weight":1.0,"played":[0.0,6.0E-4,0.9994],"evs":[0.0,7.13844,7.3629]},"AA":{"weight":1.0,"played":[0.0,0.0,1.0],"evs":[0.0,19.69834,20.08354]}}}