{"player":4,"street":0,"children":2,"sequence":[{"player":0,"type":"F","amount":0,"street":0},{"player":1,"type":"F","amount":0,"street":0},{"player":2,"type":"F","amount":0,"street":0},{"player":3,"type":"R","amount":200000,"street":0},{"player":4,"type":"C","amount":150000,"street":0},{"player":5,"type":"R","amount":895000,"street":0},{"player":3,"type":"F","amount":0,"street":0}],"actions":[{"type":"F","amount":0},{"type":"C","amount":695000}],"hands":{"22":{"weight":0.0,"played":[0.0,1.0],"evs":[0.0,2.16321]},"32o":{"weight":0.0,"played":[1.0,0.0],"evs":[0.0,-0.24686]},"42o":{"weight":0.0,"played":[1.0,0.0],"evs":[0.0,-0.12782]},"52o":{"weight":0.0,"played":[0.9148,0.0852],"evs":[0.0,-0.02003]},"62o":{"weight":0.0,"played":[0.9999,1.0E-4],"evs":[0.0,-0.20828]},"72o":{"weight":0.0,"played":[1.0,0.0],"evs":[0.0,-0.30605]},"82o":{"weight":0.0,"played":[1.0,0.0],"evs":[0.0,-0.1596]},"92o":{"weight":0.0,"played":[1.0,0.0],"evs":[0.0,-0.19284]},"T2o":{"weight":0.0,"played":[0.9998,2.0E-4],"evs":[0.0,-0.12768]},"J2o":{"weight":0.0,"played":[0.9607,0.0393],"evs":[0.0,-0.01525]},"Q2o":{"weight":0.0,"played":[0.0012,0.9988],"evs":[0.0,0.07634]},"K2o":{"weight":0.0,"played":[0.0482,0.9518],"evs":[0.0,0.08615]},"A2o":{"weight":0.0531,"played":[0.0,1.0],"evs":[0.0,1.24339]},"32s":{"weight":0.0,"played":[1.0E-4,0.9999],"evs":[0.0,0.30224]},"33":{"weight":0.0,"played":[0.0,1.0],"evs":[0.0,2.57358]},"43o":{"weight":0.0,"played":[0.0,1.0],"evs":[0.0,0.14266]},"53o":{"weight":0.0,"played":[0.0,1.0],"evs":[0.0,0.27063]},"63o":{"weight":0.0,"played":[0.0015,0.9985],"evs":[0.0,0.1014]},"73o":{"weight":0.0,"played":[0.4131,0.5869],"evs":[0.0,-0.00201]},"83o":{"weight":0.0,"played":[1.0,0.0],"evs":[0.0,-0.10842]},"93o":{"weight":0.0,"played":[0.9999,1.0E-4],"evs":[0.0,-0.07091]},"T3o":{"weight":0.0,"played":[0.11,0.89],"evs":[0.0,0.01373]},"J3o":{"weight":0.0,"played":[0.0014,0.9986],"evs":[0.0,0.12856]},"Q3o":{"weight":0.0,"played":[0.0,1.0],"evs":[0.0,0.17755]},"K3o":{"weight":0.0,"played":[0.0,1.0],"evs":[0.0,0.16278]},"A3o":{"weight":0.0174,"played":[0.0,1.0],"evs":[0.0,1.38796]},"42s":{"weight":0.0,"played":[1.0E-4,0.9999],"evs":[0.0,0.42331]},"43s":{"weight":0.0076,"played":[0.0,1.0],"evs":[0.0,0.72301]},"44":{"weight":0.0,"played":[0.0,1.0],"evs":[0.0,2.93677]},"54o":{"weight":0.0,"played":[0.0,1.0],"evs":[0.0,0.55887]},"64o":{"weight":0.0,"played":[0.0,1.0],"evs":[0.0,0.37599]},"74o":{"weight":0.0,"played":[0.0,1.0],"evs":[0.0,0.28387]},"84o":{"weight":0.0,"played":[0.0,1.0],"evs":[0.0,0.13961]},"94o":{"weight":0.0,"played":[0.7256,0.2744],"evs":[0.0,-0.04518]},"T4o":{"weight":0.0,"played":[9.0E-4,0.9991],"evs":[0.0,0.09981]},"J4o":{"weight":0.0,"played":[0.0,1.0],"evs":[0.0,0.21893]},"Q4o":{"weight":0.0,"played":[0.0,1.0],"evs":[0.0,0.264]},"K4o":{"weight":0.0,"played":[0.0,1.0],"evs":[0.0,0.25445]},"A4o":{"weight":0.1146,"played":[0.0,1.0],"evs":[0.0,1.52803]},"52s":{"weight":0.0,"played":[0.0,1.0],"evs":[0.0,0.55047]},"53s":{"weight":0.9974,"played":[0.0,1.0],"evs":[0.0,0.85559]},"54s":{"weight":0.9999,"played":[0.0,1.0],"evs":[0.0,1.08193]},"55":{"weight":0.0,"played":[0.0,1.0],"evs":[0.0,3.3037]},"65o":{"weight":0.0,"played":[0.0,1.0],"evs":[0.0,0.64461]},"75o":{"weight":0.0,"played":[0.0,1.0],"evs":[0.0,0.56087]},"85o":{"weight":0.0,"played":[0.0,1.0],"evs":[0.0,0.41276]},"95o":{"weight":0.0,"played":[0.0,1.0],"evs":[0.0,0.24687]},"T5o":{"weight":0.0,"played":[0.0,1.0],"evs":[0.0,0.16538]},"J5o":{"weight":0.0,"played":[0.0,1.0],"evs":[0.0,0.34178]},"Q5o":{"weight":0.0,"played":[0.0,1.0],"evs":[0.0,0.41721]},"K5o":{"weight":0.0,"played":[0.0,1.0],"evs":[0.0,0.37519]},"A5o":{"weight":0.0,"played":[0.0,1.0],"evs":[0.0,1.74929]},"62s":{"weight":0.0,"played":[0.0,1.0],"evs":[0.0,0.41101]},"63s":{"weight":0.0,"played":[0.0,1.0],"evs":[0.0,0.62155]},"64s":{"weight":1.0,"played":[0.0,1.0],"evs":[0.0,0.93491]},"65s":{"weight":1.0,"played":[0.0,1.0],"evs":[0.0,1.20374]},"66":{"weight":0.0,"played":[0.0,1.0],"evs":[0.0,3.54852]},"76o":{"weight":0.0,"played":[0.0,1.0],"evs":[0.0,0.77427]},"86o":{"weight":0.0,"played":[0.0,1.0],"evs":[0.0,0.65483]},"96o":{"weight":0.0,"played":[0.0,1.0],"evs":[0.0,0.49497]},"T6o":{"weight":0.0,"played":[0.0,1.0],"evs":[0.0,0.40199]},"J6o":{"weight":0.0,"played":[0.0,1.0],"evs":[0.0,0.35547]},"Q6o":{"weight":0.0,"played":[0.0,1.0],"evs":[0.0,0.45617]},"K6o":{"weight":0.0,"played":[0.0,1.0],"evs":[0.0,0.46134]},"A6o":{"weight":0.8195,"played":[0.0,1.0],"evs":[0.0,1.78012]},"72s":{"weight":0.0,"played":[0.0,1.0],"evs":[0.0,0.34368]},"73s":{"weight":0.0,"played":[0.0,1.0],"evs":[0.0,0.56212]},"74s":{"weight":3.0E-4,"played":[0.0,1.0],"evs":[0.0,0.86097]},"75s":{"weight":1.0,"played":[0.0,1.0],"evs":[0.0,1.1082]},"76s":{"weight":0.9997,"played":[0.0,1.0],"evs":[0.0,1.31406]},"77":{"weight":0.0,"played":[0.0,1.0],"evs":[0.0,3.91369]},"87o":{"weight":0.0,"played":[0.0,1.0],"evs":[0.0,0.89532]},"97o":{"weight":0.0,"played":[0.0,1.0],"evs":[0.0,0.72256]},"T7o":{"weight":0.0,"played":[0.0,1.0],"evs":[0.0,0.63789]},"J7o":{"weight":0.0,"played":[0.0,1.0],"evs":[0.0,0.5904]},"Q7o":{"weight":0.0,"played":[0.0,1.0],"evs":[0.0,0.51051]},"K7o":{"weight":0.0,"played":[0.0,1.0],"evs":[0.0,0.53028]},"A7o":{"weight":2.0E-4,"played":[0.0,1.0],"evs":[0.0,2.1615]},"82s":{"weight":0.0,"played":[0.0,1.0],"evs":[0.0,0.4159]},"83s":{"weight":0.0,"played":[0.0,1.0],"evs":[0.0,0.41903]},"84s":{"weight":0.0,"played":[0.0,1.0],"evs":[0.0,0.72359]},"85s":{"weight":0.47,"played":[0.0,1.0],"evs":[0.0,0.9445]},"86s":{"weight":1.0,"played":[0.0,1.0],"evs":[0.0,1.18462]},"87s":{"weight":0.0068,"played":[0.0,1.0],"evs":[0.0,1.43006]},"88":{"weight":0.0,"played":[0.0,1.0],"evs":[0.0,4.20145]},"98o":{"weight":0.0,"played":[0.0,1.0],"evs":[0.0,0.89104]},"T8o":{"weight":0.0,"played":[0.0,1.0],"evs":[0.0,0.82745]},"J8o":{"weight":0.0,"played":[0.0,1.0],"evs":[0.0,0.77345]},"Q8o":{"weight":0.0,"played":[0.0,1.0],"evs":[0.0,0.68179]},"K8o":{"weight":0.0,"played":[0.0,1.0],"evs":[0.0,0.52369]},"A8o":{"weight":0.0013,"played":[0.0,1.0],"evs":[0.0,2.58305]},"92s":{"weight":0.0,"played":[0.0,1.0],"evs":[0.0,0.34988]},"93s":{"weight":0.0,"played":[0.0,1.0],"evs":[0.0,0.50979]},"94s":{"weight":0.0,"played":[0.0,1.0],"evs":[0.0,0.55886]},"95s":{"weight":0.0,"played":[0.0,1.0],"evs":[0.0,0.84501]},"96s":{"weight":1.0,"played":[0.0,1.0],"evs":[0.0,1.02518]},"97s":{"weight":0.9992,"played":[0.0,1.0],"evs":[0.0,1.21742]},"98s":{"weight":0.0,"played":[0.0,1.0],"evs":[0.0,1.40306]},"99":{"weight":0.0,"played":[0.0,1.0],"evs":[0.0,4.4998]},"T9o":{"weight":0.3698,"played":[0.0,1.0],"evs":[0.0,1.01259]},"J9o":{"weight":0.2524,"played":[0.0,1.0],"evs":[0.0,0.96471]},"Q9o":{"weight":0.4105,"played":[0.0,1.0],"evs":[0.0,0.82374]},"K9o":{"weight":1.0,"played":[0.0,1.0],"evs":[0.0,0.69031]},"A9o":{"weight":1.0E-4,"played":[0.0,1.0],"evs":[0.0,2.98632]},"T2s":{"weight":0.0,"played":[0.0,1.0],"evs":[0.0,0.46858]},"T3s":{"weight":0.0,"played":[0.0,1.0],"evs":[0.0,0.53361]},"T4s":{"weight":0.0,"played":[0.0,1.0],"evs":[0.0,0.70171]},"T5s":{"weight":0.0,"played":[0.0,1.0],"evs":[0.0,0.72178]},"T6s":{"weight":0.001,"played":[0.0,1.0],"evs":[0.0,0.92433]},"T7s":{"weight":0.9999,"played":[0.0,1.0],"evs":[0.0,1.18234]},"T8s":{"weight":0.0125,"played":[0.0,1.0],"evs":[0.0,1.38407]},"T9s":{"weight":0.0054,"played":[0.0,1.0],"evs":[0.0,1.51277]},"TT":{"weight":0.0,"played":[0.0,1.0],"evs":[0.0,4.94235]},"JTo":{"weight":0.0822,"played":[0.0,1.0],"evs":[0.0,1.25921]},"QTo":{"weight":0.268,"played":[0.0,1.0],"evs":[0.0,1.13835]},"KTo":{"weight":0.5909,"played":[0.0,1.0],"evs":[0.0,1.10023]},"ATo":{"weight":0.0,"played":[0.0,1.0],"evs":[0.0,3.70913]},"J2s":{"weight":0.0,"played":[0.0,1.0],"evs":[0.0,0.6218]},"J3s":{"weight":0.0,"played":[0.0,1.0],"evs":[0.0,0.70826]},"J4s":{"weight":0.0,"played":[0.0,1.0],"evs":[0.0,0.78864]},"J5s":{"weight":0.052,"played":[0.0,1.0],"evs":[0.0,0.89422]},"J6s":{"weight":0.9062,"played":[0.0,1.0],"evs":[0.0,0.98952]},"J7s":{"weight":0.999,"played":[0.0,1.0],"evs":[0.0,1.13101]},"J8s":{"weight":1.0E-4,"played":[0.0,1.0],"evs":[0.0,1.31295]},"J9s":{"weight":0.0022,"played":[0.0,1.0],"evs":[0.0,1.48429]},"JTs":{"weight":0.6105,"played":[0.0,1.0],"evs":[0.0,1.79859]},"JJ":{"weight":0.0,"played":[0.0,1.0],"evs":[0.0,5.42942]},"QJo":{"weight":0.4673,"played":[0.0,1.0],"evs":[0.0,1.23417]},"KJo":{"weight":0.9378,"played":[0.0,1.0],"evs":[0.0,1.44483]},"AJo":{"weight":0.0,"played":[0.0,1.0],"evs":[0.0,4.27736]},"Q2s":{"weight":0.0,"played":[0.0,1.0],"evs":[0.0,0.68746]},"Q3s":{"weight":0.1396,"played":[0.0,1.0],"evs":[0.0,0.73543]},"Q4s":{"weight":1.0,"played":[0.0,1.0],"evs":[0.0,0.84594]},"Q5s":{"weight":0.9998,"played":[0.0,1.0],"evs":[0.0,0.97687]},"Q6s":{"weight":1.0,"played":[0.0,1.0],"evs":[0.0,1.01965]},"Q7s":{"weight":0.9999,"played":[0.0,1.0],"evs":[0.0,1.02687]},"Q8s":{"weight":0.1418,"played":[0.0,1.0],"evs":[0.0,1.22884]},"Q9s":{"weight":0.5348,"played":[0.0,1.0],"evs":[0.0,1.38362]},"QTs":{"weight":0.9999,"played":[0.0,1.0],"evs":[0.0,1.6893]},"QJs":{"weight":0.9919,"played":[0.0,1.0],"evs":[0.0,1.79956]},"QQ":{"weight":0.0,"played":[0.0,1.0],"evs":[0.0,5.79418]},"KQo":{"weight":0.0027,"played":[0.0,1.0],"evs":[0.0,1.75977]},"AQo":{"weight":0.0,"played":[0.0,1.0],"evs":[0.0,4.70348]},"K2s":{"weight":1.0,"played":[0.0,1.0],"evs":[0.0,0.59479]},"K3s":{"weight":0.9996,"played":[0.0,1.0],"evs":[0.0,0.75296]},"K4s":{"weight":0.9333,"played":[0.0,1.0],"evs":[0.0,0.82616]},"K5s":{"weight":0.3375,"played":[0.0,1.0],"evs":[0.0,0.93097]},"K6s":{"weight":2.0E-4,"played":[0.0,1.0],"evs":[0.0,1.02475]},"K7s":{"weight":1.0E-4,"played":[0.0,1.0],"evs":[0.0,1.08559]},"K8s":{"weight":0.0399,"played":[0.0,1.0],"evs":[0.0,1.10031]},"K9s":{"weight":0.9997,"played":[0.0,1.0],"evs":[0.0,1.26007]},"KTs":{"weight":1.0,"played":[0.0,1.0],"evs":[0.0,1.63137]},"KJs":{"weight":1.0,"played":[0.0,1.0],"evs":[0.0,1.95563]},"KQs":{"weight":0.9984,"played":[0.0,1.0],"evs":[0.0,2.23491]},"KK":{"weight":0.0,"played":[0.0,1.0],"evs":[0.0,6.31084]},"AKo":{"weight":0.0,"played":[0.0,1.0],"evs":[0.0,5.37638]},"A2s":{"weight":0.0,"played":[0.0,1.0],"evs":[0.0,1.76988]},"A3s":{"weight":1.0E-4,"played":[0.0,1.0],"evs":[0.0,1.87535]},"A4s":{"weight":0.0,"played":[0.0,1.0],"evs":[0.0,1.98419]},"A5s":{"weight":1.0E-4,"played":[0.0,1.0],"evs":[0.0,2.1988]},"A6s":{"weight":0.5776,"played":[0.0,1.0],"evs":[0.0,2.27969]},"A7s":{"weight":0.9942,"played":[0.0,1.0],"evs":[0.0,2.61731]},"A8s":{"weight":0.9997,"played":[0.0,1.0],"evs":[0.0,3.00772]},"A9s":{"weight":0.9596,"played":[0.0,1.0],"evs":[0.0,3.38467]},"ATs":{"weight":1.0E-4,"played":[0.0,1.0],"evs":[0.0,4.06064]},"AJs":{"weight":0.0,"played":[0.0,1.0],"evs":[0.0,4.5748]},"AQs":{"weight":0.0,"played":[0.0,1.0],"evs":[0.0,5.0304]},"AKs":{"weight":0.0,"played":[0.0,1.0],"evs":[0.0,5.59121]},"AA":{"weight":0.2327,"played":[0.0,1.0],"evs":[0.0,8.86402]}}}