{"player":3,"street":0,"children":2,"sequence":[{"player":0,"type":"F","amount":0,"street":0},{"player":1,"type":"F","amount":0,"street":0},{"player":2,"type":"R","amount":1265000,"street":0},{"player":3,"type":"C","amount":1265000,"street":0},{"player":4,"type":"R","amount":2395000,"street":0},{"player":5,"type":"F","amount":0,"street":0}],"actions":[{"type":"F","amount":0},{"type":"C","amount":1130000}],"hands":{"22":{"weight":0.0202,"played":[0.0,1.0],"evs":[0.0,5.28231]},"32o":{"weight":0.0,"played":[0.0,1.0],"evs":[0.0,1.10639]},"42o":{"weight":0.0,"played":[0.0,1.0],"evs":[0.0,1.42556]},"52o":{"weight":0.0,"played":[0.0,1.0],"evs":[0.0,1.7859]},"62o":{"weight":0.0,"played":[0.0,1.0],"evs":[0.0,1.43312]},"72o":{"weight":0.0,"played":[0.0,1.0],"evs":[0.0,1.18564]},"82o":{"weight":0.0,"played":[0.0,1.0],"evs":[0.0,1.44401]},"92o":{"weight":0.0,"played":[0.0,1.0],"evs":[0.0,1.60138]},"T2o":{"weight":0.0,"played":[0.0,1.0],"evs":[0.0,1.503]},"J2o":{"weight":0.0,"played":[0.0,1.0],"evs":[0.0,1.77828]},"Q2o":{"weight":0.0,"played":[0.0,1.0],"evs":[0.0,1.93332]},"K2o":{"weight":0.0,"played":[0.0,1.0],"evs":[0.0,2.44738]},"A2o":{"weight":0.0,"played":[0.0,1.0],"evs":[0.0,2.95172]},"32s":{"weight":0.0,"played":[0.0,1.0],"evs":[0.0,2.87046]},"33":{"weight":0.0034,"played":[0.0,1.0],"evs":[0.0,5.80725]},"43o":{"weight":0.0,"played":[0.0,1.0],"evs":[0.0,2.11872]},"53o":{"weight":0.0,"played":[0.0,1.0],"evs":[0.0,2.37696]},"63o":{"weight":0.0,"played":[0.0,1.0],"evs":[0.0,2.09034]},"73o":{"weight":0.0,"played":[0.0,1.0],"evs":[0.0,1.74077]},"83o":{"weight":0.0,"played":[0.0,1.0],"evs":[0.0,1.44197]},"93o":{"weight":0.0,"played":[0.0,1.0],"evs":[0.0,1.69637]},"T3o":{"weight":0.0,"played":[0.0,1.0],"evs":[0.0,1.60757]},"J3o":{"weight":0.0,"played":[0.0,1.0],"evs":[0.0,1.82952]},"Q3o":{"weight":0.0,"played":[0.0,1.0],"evs":[0.0,2.03792]},"K3o":{"weight":0.0,"played":[0.0,1.0],"evs":[0.0,2.61138]},"A3o":{"weight":0.0,"played":[0.0,1.0],"evs":[0.0,3.2288]},"42s":{"weight":0.0,"played":[0.0,1.0],"evs":[0.0,3.23536]},"43s":{"weight":0.0,"played":[0.0,1.0],"evs":[0.0,3.74606]},"44":{"weight":7.0E-4,"played":[0.0,1.0],"evs":[0.0,6.76258]},"54o":{"weight":0.0,"played":[0.0,1.0],"evs":[0.0,3.21195]},"64o":{"weight":0.0,"played":[0.0,1.0],"evs":[0.0,2.96384]},"74o":{"weight":0.0,"played":[0.0,1.0],"evs":[0.0,2.57728]},"84o":{"weight":0.0,"played":[0.0,1.0],"evs":[0.0,2.20906]},"94o":{"weight":0.0,"played":[0.0,1.0],"evs":[0.0,1.94967]},"T4o":{"weight":0.0,"played":[0.0,1.0],"evs":[0.0,1.92665]},"J4o":{"weight":0.0,"played":[0.0,1.0],"evs":[0.0,2.2173]},"Q4o":{"weight":0.0,"played":[0.0,1.0],"evs":[0.0,2.44187]},"K4o":{"weight":0.0,"played":[0.0,1.0],"evs":[0.0,2.89891]},"A4o":{"weight":0.0,"played":[0.0,1.0],"evs":[0.0,3.59773]},"52s":{"weight":0.0,"played":[0.0,1.0],"evs":[0.0,3.44084]},"53s":{"weight":0.0,"played":[0.0,1.0],"evs":[0.0,4.17088]},"54s":{"weight":0.0,"played":[0.0,1.0],"evs":[0.0,4.86263]},"55":{"weight":5.0E-4,"played":[0.0,1.0],"evs":[0.0,7.78711]},"65o":{"weight":0.0,"played":[0.0,1.0],"evs":[0.0,3.7602]},"75o":{"weight":0.0,"played":[0.0,1.0],"evs":[0.0,3.44601]},"85o":{"weight":0.0,"played":[0.0,1.0],"evs":[0.0,3.09693]},"95o":{"weight":0.0,"played":[0.0,1.0],"evs":[0.0,2.73783]},"T5o":{"weight":0.0,"played":[0.0,1.0],"evs":[0.0,2.11906]},"J5o":{"weight":0.0,"played":[0.0,1.0],"evs":[0.0,2.55759]},"Q5o":{"weight":0.0,"played":[0.0,1.0],"evs":[0.0,2.76491]},"K5o":{"weight":0.0,"played":[0.0,1.0],"evs":[0.0,3.32478]},"A5o":{"weight":0.0,"played":[0.0,1.0],"evs":[0.0,4.09015]},"62s":{"weight":0.0,"played":[0.0,1.0],"evs":[0.0,3.22951]},"63s":{"weight":0.0,"played":[0.0,1.0],"evs":[0.0,3.78049]},"64s":{"weight":0.0,"played":[0.0,1.0],"evs":[0.0,4.4992]},"65s":{"weight":0.0,"played":[0.0,1.0],"evs":[0.0,5.37171]},"66":{"weight":0.0552,"played":[0.0,1.0],"evs":[0.0,8.75286]},"76o":{"weight":0.0,"played":[0.0,1.0],"evs":[0.0,4.15055]},"86o":{"weight":0.0,"played":[0.0,1.0],"evs":[0.0,3.85545]},"96o":{"weight":0.0,"played":[0.0,1.0],"evs":[0.0,3.53306]},"T6o":{"weight":0.0,"played":[0.0,1.0],"evs":[0.0,2.95136]},"J6o":{"weight":0.0,"played":[0.0,1.0],"evs":[0.0,2.7595]},"Q6o":{"weight":0.0,"played":[0.0,1.0],"evs":[0.0,3.01321]},"K6o":{"weight":0.0,"played":[0.0,1.0],"evs":[0.0,3.58508]},"A6o":{"weight":0.0,"played":[0.0,1.0],"evs":[0.0,3.82499]},"72s":{"weight":0.0,"played":[0.0,1.0],"evs":[0.0,2.97022]},"73s":{"weight":0.0,"played":[0.0,1.0],"evs":[0.0,3.4605]},"74s":{"weight":0.0,"played":[0.0,1.0],"evs":[0.0,4.22468]},"75s":{"weight":0.0,"played":[0.0,1.0],"evs":[0.0,5.03758]},"76s":{"weight":0.0,"played":[0.0,1.0],"evs":[0.0,5.6574]},"77":{"weight":0.0017,"played":[0.0,1.0],"evs":[0.0,9.55821]},"87o":{"weight":0.0,"played":[0.0,1.0],"evs":[0.0,4.41831]},"97o":{"weight":0.0,"played":[0.0,1.0],"evs":[0.0,4.18488]},"T7o":{"weight":0.0,"played":[0.0,1.0],"evs":[0.0,3.64061]},"J7o":{"weight":0.0,"played":[0.0,1.0],"evs":[0.0,3.4826]},"Q7o":{"weight":0.0,"played":[0.0,1.0],"evs":[0.0,3.15548]},"K7o":{"weight":0.0,"played":[0.0,1.0],"evs":[0.0,3.90951]},"A7o":{"weight":0.0074,"played":[0.0,1.0],"evs":[0.0,4.26982]},"82s":{"weight":0.0,"played":[0.0,1.0],"evs":[0.0,3.21252]},"83s":{"weight":0.0,"played":[0.0,1.0],"evs":[0.0,3.11462]},"84s":{"weight":0.0,"played":[0.0,1.0],"evs":[0.0,3.92509]},"85s":{"weight":0.0,"played":[0.0,1.0],"evs":[0.0,4.63597]},"86s":{"weight":0.0,"played":[0.0,1.0],"evs":[0.0,5.5227]},"87s":{"weight":0.0,"played":[0.0,1.0],"evs":[0.0,5.98153]},"88":{"weight":0.0094,"played":[0.0,1.0],"evs":[0.0,10.72648]},"98o":{"weight":0.0,"played":[0.0,1.0],"evs":[0.0,4.71283]},"T8o":{"weight":0.0,"played":[0.0,1.0],"evs":[0.0,4.29658]},"J8o":{"weight":0.0,"played":[0.0,1.0],"evs":[0.0,4.09123]},"Q8o":{"weight":0.0,"played":[0.0,1.0],"evs":[0.0,3.78009]},"K8o":{"weight":0.0,"played":[0.0,1.0],"evs":[0.0,3.86358]},"A8o":{"weight":0.0017,"played":[0.0,1.0],"evs":[0.0,4.62368]},"92s":{"weight":0.0,"played":[0.0,1.0],"evs":[0.0,3.2794]},"93s":{"weight":0.0,"played":[0.0,1.0],"evs":[0.0,3.41024]},"94s":{"weight":0.0,"played":[0.0,1.0],"evs":[0.0,3.60152]},"95s":{"weight":0.0,"played":[0.0,1.0],"evs":[0.0,4.4634]},"96s":{"weight":0.0,"played":[0.0,1.0],"evs":[0.0,5.0939]},"97s":{"weight":0.0,"played":[0.0,1.0],"evs":[0.0,5.8765]},"98s":{"weight":0.0,"played":[0.0,1.0],"evs":[0.0,6.26274]},"99":{"weight":0.0088,"played":[0.0,1.0],"evs":[0.0,11.91726]},"T9o":{"weight":0.0,"played":[0.0,1.0],"evs":[0.0,4.88462]},"J9o":{"weight":0.0,"played":[0.0,1.0],"evs":[0.0,4.64845]},"Q9o":{"weight":0.0,"played":[0.0,1.0],"evs":[0.0,4.44826]},"K9o":{"weight":0.0,"played":[0.0,1.0],"evs":[0.0,4.49845]},"A9o":{"weight":0.0064,"played":[0.0,1.0],"evs":[0.0,5.19075]},"T2s":{"weight":0.0,"played":[0.0,1.0],"evs":[0.0,3.20703]},"T3s":{"weight":0.0,"played":[0.0,1.0],"evs":[0.0,3.2955]},"T4s":{"weight":0.0,"played":[0.0,1.0],"evs":[0.0,3.66783]},"T5s":{"weight":0.0,"played":[0.0,1.0],"evs":[0.0,3.89679]},"T6s":{"weight":0.0,"played":[0.0,1.0],"evs":[0.0,4.66163]},"T7s":{"weight":0.0,"played":[0.0,1.0],"evs":[0.0,5.17532]},"T8s":{"weight":0.0,"played":[0.0,1.0],"evs":[0.0,5.80004]},"T9s":{"weight":0.0,"played":[0.0,1.0],"evs":[0.0,6.52887]},"TT":{"weight":0.0357,"played":[0.0,1.0],"evs":[0.0,13.71554]},"JTo":{"weight":0.0,"played":[0.0,1.0],"evs":[0.0,5.27884]},"QTo":{"weight":0.0,"played":[0.0,1.0],"evs":[0.0,5.02922]},"KTo":{"weight":0.0,"played":[0.0,1.0],"evs":[0.0,5.27993]},"ATo":{"weight":9.0E-4,"played":[0.0,1.0],"evs":[0.0,6.86884]},"J2s":{"weight":0.0,"played":[0.0,1.0],"evs":[0.0,3.4133]},"J3s":{"weight":0.0,"played":[0.0,1.0],"evs":[0.0,3.67479]},"J4s":{"weight":0.0,"played":[0.0,1.0],"evs":[0.0,3.98369]},"J5s":{"weight":0.0,"played":[0.0,1.0],"evs":[0.0,4.27377]},"J6s":{"weight":0.0,"played":[0.0,1.0],"evs":[0.0,4.34703]},"J7s":{"weight":0.0,"played":[0.0,1.0],"evs":[0.0,5.08044]},"J8s":{"weight":0.0,"played":[0.0,1.0],"evs":[0.0,5.62674]},"J9s":{"weight":0.0,"played":[0.0,1.0],"evs":[0.0,6.20798]},"JTs":{"weight":0.0551,"played":[0.0,1.0],"evs":[0.0,6.8162]},"JJ":{"weight":0.0113,"played":[0.0,1.0],"evs":[0.0,15.78398]},"QJo":{"weight":0.0,"played":[0.0,1.0],"evs":[0.0,5.55632]},"KJo":{"weight":0.0025,"played":[0.0,1.0],"evs":[0.0,6.04152]},"AJo":{"weight":0.0393,"played":[0.0,1.0],"evs":[0.0,8.37261]},"Q2s":{"weight":0.0,"played":[0.0,1.0],"evs":[0.0,3.71374]},"Q3s":{"weight":0.0,"played":[0.0,1.0],"evs":[0.0,3.70077]},"Q4s":{"weight":0.0,"played":[0.0,1.0],"evs":[0.0,4.03927]},"Q5s":{"weight":0.0,"played":[0.0,1.0],"evs":[0.0,4.33955]},"Q6s":{"weight":0.0,"played":[0.0,1.0],"evs":[0.0,4.58744]},"Q7s":{"weight":0.0,"played":[0.0,1.0],"evs":[0.0,4.81907]},"Q8s":{"weight":0.0,"played":[0.0,1.0],"evs":[0.0,5.35788]},"Q9s":{"weight":0.0,"played":[0.0,1.0],"evs":[0.0,5.95059]},"QTs":{"weight":0.0166,"played":[0.0,1.0],"evs":[0.0,6.61878]},"QJs":{"weight":0.0145,"played":[0.0,1.0],"evs":[0.0,7.01801]},"QQ":{"weight":0.0026,"played":[0.0,1.0],"evs":[0.0,18.33193]},"KQo":{"weight":0.0068,"played":[0.0,1.0],"evs":[0.0,7.08219]},"AQo":{"weight":0.0814,"played":[0.0,1.0],"evs":[0.0,10.49024]},"K2s":{"weight":0.0,"played":[0.0,1.0],"evs":[0.0,4.1225]},"K3s":{"weight":0.0,"played":[0.0,1.0],"evs":[0.0,4.34972]},"K4s":{"weight":0.0,"played":[0.0,1.0],"evs":[0.0,4.62621]},"K5s":{"weight":0.0,"played":[0.0,1.0],"evs":[0.0,5.07805]},"K6s":{"weight":0.0,"played":[0.0,1.0],"evs":[0.0,5.24642]},"K7s":{"weight":0.0,"played":[0.0,1.0],"evs":[0.0,5.456]},"K8s":{"weight":0.0,"played":[0.0,1.0],"evs":[0.0,5.48916]},"K9s":{"weight":0.027,"played":[0.0,1.0],"evs":[0.0,6.13835]},"KTs":{"weight":0.001,"played":[0.0,1.0],"evs":[0.0,6.82276]},"KJs":{"weight":0.0039,"played":[0.0,1.0],"evs":[0.0,7.46111]},"KQs":{"weight":0.0024,"played":[0.0,1.0],"evs":[0.0,8.67927]},"KK":{"weight":0.0286,"played":[0.0,1.0],"evs":[0.0,21.56104]},"AKo":{"weight":0.0226,"played":[0.0,1.0],"evs":[0.0,12.49033]},"A2s":{"weight":7.0E-4,"played":[0.0,1.0],"evs":[0.0,4.82239]},"A3s":{"weight":0.0093,"played":[0.0,1.0],"evs":[0.0,5.13286]},"A4s":{"weight":0.0467,"played":[0.0,1.0],"evs":[0.0,5.33249]},"A5s":{"weight":0.1767,"played":[0.0,1.0],"evs":[0.0,5.71549]},"A6s":{"weight":0.0011,"played":[0.0,1.0],"evs":[0.0,5.52374]},"A7s":{"weight":0.1482,"played":[0.0,1.0],"evs":[0.0,5.87787]},"A8s":{"weight":0.0215,"played":[0.0,1.0],"evs":[0.0,6.26746]},"A9s":{"weight":0.001,"played":[0.0,1.0],"evs":[0.0,6.82313]},"ATs":{"weight":0.02,"played":[0.0,1.0],"evs":[0.0,8.25776]},"AJs":{"weight":0.0029,"played":[0.0,1.0],"evs":[0.0,9.89788]},"AQs":{"weight":1.0E-4,"played":[0.0,1.0],"evs":[0.0,11.66698]},"AKs":{"weight":0.0032,"played":[0.0,1.0],"evs":[0.0,13.56263]},"AA":{"weight":0.0956,"played":[0.0,1.0],"evs":[0.0,26.4288]}}}