{"player":3,"street":0,"children":2,"sequence":[{"player":0,"type":"F","amount":0,"street":0},{"player":1,"type":"F","amount":0,"street":0},{"player":2,"type":"R","amount":1265000,"street":0},{"player":3,"type":"C","amount":1265000,"street":0},{"player":4,"type":"R","amount":2395000,"street":0},{"player":5,"type":"C","amount":795000,"street":0}],"actions":[{"type":"F","amount":0},{"type":"C","amount":1130000}],"hands":{"22":{"weight":0.0202,"played":[0.0,1.0],"evs":[0.0,5.37971]},"32o":{"weight":0.0,"played":[0.0,1.0],"evs":[0.0,1.56403]},"42o":{"weight":0.0,"played":[0.0,1.0],"evs":[0.0,1.88784]},"52o":{"weight":0.0,"played":[0.0,1.0],"evs":[0.0,2.25958]},"62o":{"weight":0.0,"played":[0.0,1.0],"evs":[0.0,1.81207]},"72o":{"weight":0.0,"played":[0.0,1.0],"evs":[0.0,1.33412]},"82o":{"weight":0.0,"played":[0.0,1.0],"evs":[0.0,1.62401]},"92o":{"weight":0.0,"played":[0.0,1.0],"evs":[0.0,1.7217]},"T2o":{"weight":0.0,"played":[0.0,1.0],"evs":[0.0,1.60766]},"J2o":{"weight":0.0,"played":[0.0,1.0],"evs":[0.0,1.86523]},"Q2o":{"weight":0.0,"played":[0.0,1.0],"evs":[0.0,1.92072]},"K2o":{"weight":0.0,"played":[0.0,1.0],"evs":[0.0,2.2882]},"A2o":{"weight":0.0,"played":[0.0,1.0],"evs":[0.0,2.92919]},"32s":{"weight":0.0,"played":[0.0,1.0],"evs":[0.0,3.34236]},"33":{"weight":0.0034,"played":[0.0,1.0],"evs":[0.0,6.0477]},"43o":{"weight":0.0,"played":[0.0,1.0],"evs":[0.0,2.48844]},"53o":{"weight":0.0,"played":[0.0,1.0],"evs":[0.0,2.97689]},"63o":{"weight":0.0,"played":[0.0,1.0],"evs":[0.0,2.65964]},"73o":{"weight":0.0,"played":[0.0,1.0],"evs":[0.0,1.99262]},"83o":{"weight":0.0,"played":[0.0,1.0],"evs":[0.0,1.55191]},"93o":{"weight":0.0,"played":[0.0,1.0],"evs":[0.0,1.84173]},"T3o":{"weight":0.0,"played":[0.0,1.0],"evs":[0.0,1.78266]},"J3o":{"weight":0.0,"played":[0.0,1.0],"evs":[0.0,1.97661]},"Q3o":{"weight":0.0,"played":[0.0,1.0],"evs":[0.0,1.81589]},"K3o":{"weight":0.0,"played":[0.0,1.0],"evs":[0.0,2.40963]},"A3o":{"weight":0.0,"played":[0.0,1.0],"evs":[0.0,3.17014]},"42s":{"weight":0.0,"played":[0.0,1.0],"evs":[0.0,3.70285]},"43s":{"weight":0.0,"played":[0.0,1.0],"evs":[0.0,4.85879]},"44":{"weight":7.0E-4,"played":[0.0,1.0],"evs":[0.0,6.90233]},"54o":{"weight":0.0,"played":[0.0,1.0],"evs":[0.0,3.73069]},"64o":{"weight":0.0,"played":[0.0,1.0],"evs":[0.0,3.48138]},"74o":{"weight":0.0,"played":[0.0,1.0],"evs":[0.0,2.9331]},"84o":{"weight":0.0,"played":[0.0,1.0],"evs":[0.0,2.42528]},"94o":{"weight":0.0,"played":[0.0,1.0],"evs":[0.0,1.86019]},"T4o":{"weight":0.0,"played":[0.0,1.0],"evs":[0.0,2.0677]},"J4o":{"weight":0.0,"played":[0.0,1.0],"evs":[0.0,2.35565]},"Q4o":{"weight":0.0,"played":[0.0,1.0],"evs":[0.0,2.27462]},"K4o":{"weight":0.0,"played":[0.0,1.0],"evs":[0.0,2.86396]},"A4o":{"weight":0.0,"played":[0.0,1.0],"evs":[0.0,3.66144]},"52s":{"weight":0.0,"played":[0.0,1.0],"evs":[0.0,4.1761]},"53s":{"weight":0.0,"played":[0.0,1.0],"evs":[0.0,4.5655]},"54s":{"weight":0.0,"played":[0.0,1.0],"evs":[0.0,5.57886]},"55":{"weight":5.0E-4,"played":[0.0,1.0],"evs":[0.0,7.75653]},"65o":{"weight":0.0,"played":[0.0,1.0],"evs":[0.0,4.32069]},"75o":{"weight":0.0,"played":[0.0,1.0],"evs":[0.0,3.81374]},"85o":{"weight":0.0,"played":[0.0,1.0],"evs":[0.0,3.42325]},"95o":{"weight":0.0,"played":[0.0,1.0],"evs":[0.0,2.98178]},"T5o":{"weight":0.0,"played":[0.0,1.0],"evs":[0.0,2.20375]},"J5o":{"weight":0.0,"played":[0.0,1.0],"evs":[0.0,2.7998]},"Q5o":{"weight":0.0,"played":[0.0,1.0],"evs":[0.0,2.53144]},"K5o":{"weight":0.0,"played":[0.0,1.0],"evs":[0.0,3.20174]},"A5o":{"weight":0.0,"played":[0.0,1.0],"evs":[0.0,3.83136]},"62s":{"weight":0.0,"played":[0.0,1.0],"evs":[0.0,3.71023]},"63s":{"weight":0.0,"played":[0.0,1.0],"evs":[0.0,4.41307]},"64s":{"weight":0.0,"played":[0.0,1.0],"evs":[0.0,5.24142]},"65s":{"weight":0.0,"played":[0.0,1.0],"evs":[0.0,5.97866]},"66":{"weight":0.0552,"played":[0.0,1.0],"evs":[0.0,8.74223]},"76o":{"weight":0.0,"played":[0.0,1.0],"evs":[0.0,4.61737]},"86o":{"weight":0.0,"played":[0.0,1.0],"evs":[0.0,4.04138]},"96o":{"weight":0.0,"played":[0.0,1.0],"evs":[0.0,3.68386]},"T6o":{"weight":0.0,"played":[0.0,1.0],"evs":[0.0,3.16717]},"J6o":{"weight":0.0,"played":[0.0,1.0],"evs":[0.0,2.70794]},"Q6o":{"weight":0.0,"played":[0.0,1.0],"evs":[0.0,2.64905]},"K6o":{"weight":0.0,"played":[0.0,1.0],"evs":[0.0,3.27139]},"A6o":{"weight":0.0,"played":[0.0,1.0],"evs":[0.0,3.45327]},"72s":{"weight":0.0,"played":[0.0,1.0],"evs":[0.0,3.34214]},"73s":{"weight":0.0,"played":[0.0,1.0],"evs":[0.0,3.92407]},"74s":{"weight":0.0,"played":[0.0,1.0],"evs":[0.0,4.61936]},"75s":{"weight":0.0,"played":[0.0,1.0],"evs":[0.0,5.4129]},"76s":{"weight":0.0,"played":[0.0,1.0],"evs":[0.0,6.24841]},"77":{"weight":0.0017,"played":[0.0,1.0],"evs":[0.0,9.63196]},"87o":{"weight":0.0,"played":[0.0,1.0],"evs":[0.0,4.74906]},"97o":{"weight":0.0,"played":[0.0,1.0],"evs":[0.0,4.24971]},"T7o":{"weight":0.0,"played":[0.0,1.0],"evs":[0.0,3.78383]},"J7o":{"weight":0.0,"played":[0.0,1.0],"evs":[0.0,3.49797]},"Q7o":{"weight":0.0,"played":[0.0,1.0],"evs":[0.0,2.86748]},"K7o":{"weight":0.0,"played":[0.0,1.0],"evs":[0.0,3.66268]},"A7o":{"weight":0.0074,"played":[0.0,1.0],"evs":[0.0,3.69402]},"82s":{"weight":0.0,"played":[0.0,1.0],"evs":[0.0,3.26505]},"83s":{"weight":0.0,"played":[0.0,1.0],"evs":[0.0,3.61281]},"84s":{"weight":0.0,"played":[0.0,1.0],"evs":[0.0,4.38877]},"85s":{"weight":0.0,"played":[0.0,1.0],"evs":[0.0,5.15778]},"86s":{"weight":0.0,"played":[0.0,1.0],"evs":[0.0,6.14099]},"87s":{"weight":0.0,"played":[0.0,1.0],"evs":[0.0,6.27281]},"88":{"weight":0.0094,"played":[0.0,1.0],"evs":[0.0,10.73536]},"98o":{"weight":0.0,"played":[0.0,1.0],"evs":[0.0,4.86179]},"T8o":{"weight":0.0,"played":[0.0,1.0],"evs":[0.0,4.46746]},"J8o":{"weight":0.0,"played":[0.0,1.0],"evs":[0.0,4.01811]},"Q8o":{"weight":0.0,"played":[0.0,1.0],"evs":[0.0,3.48985]},"K8o":{"weight":0.0,"played":[0.0,1.0],"evs":[0.0,3.66338]},"A8o":{"weight":0.0017,"played":[0.0,1.0],"evs":[0.0,4.18592]},"92s":{"weight":0.0,"played":[0.0,1.0],"evs":[0.0,3.46858]},"93s":{"weight":0.0,"played":[0.0,1.0],"evs":[0.0,4.21372]},"94s":{"weight":0.0,"played":[0.0,1.0],"evs":[0.0,3.85135]},"95s":{"weight":0.0,"played":[0.0,1.0],"evs":[0.0,4.81809]},"96s":{"weight":0.0,"played":[0.0,1.0],"evs":[0.0,5.42751]},"97s":{"weight":0.0,"played":[0.0,1.0],"evs":[0.0,5.87719]},"98s":{"weight":0.0,"played":[0.0,1.0],"evs":[0.0,6.69948]},"99":{"weight":0.0088,"played":[0.0,1.0],"evs":[0.0,12.11145]},"T9o":{"weight":0.0,"played":[0.0,1.0],"evs":[0.0,4.86395]},"J9o":{"weight":0.0,"played":[0.0,1.0],"evs":[0.0,4.71734]},"Q9o":{"weight":0.0,"played":[0.0,1.0],"evs":[0.0,4.36218]},"K9o":{"weight":0.0,"played":[0.0,1.0],"evs":[0.0,4.34561]},"A9o":{"weight":0.0064,"played":[0.0,1.0],"evs":[0.0,4.61193]},"T2s":{"weight":0.0,"played":[0.0,1.0],"evs":[0.0,3.23881]},"T3s":{"weight":0.0,"played":[0.0,1.0],"evs":[0.0,3.61609]},"T4s":{"weight":0.0,"played":[0.0,1.0],"evs":[0.0,3.80608]},"T5s":{"weight":0.0,"played":[0.0,1.0],"evs":[0.0,4.18464]},"T6s":{"weight":0.0,"played":[0.0,1.0],"evs":[0.0,5.25811]},"T7s":{"weight":0.0,"played":[0.0,1.0],"evs":[0.0,5.45966]},"T8s":{"weight":0.0,"played":[0.0,1.0],"evs":[0.0,6.43755]},"T9s":{"weight":0.0,"played":[0.0,1.0],"evs":[0.0,6.83352]},"TT":{"weight":0.0357,"played":[0.0,1.0],"evs":[0.0,13.91561]},"JTo":{"weight":0.0,"played":[0.0,1.0],"evs":[0.0,5.41918]},"QTo":{"weight":0.0,"played":[0.0,1.0],"evs":[0.0,4.92025]},"KTo":{"weight":0.0,"played":[0.0,1.0],"evs":[0.0,5.22106]},"ATo":{"weight":9.0E-4,"played":[0.0,1.0],"evs":[0.0,6.27946]},"J2s":{"weight":0.0,"played":[0.0,1.0],"evs":[0.0,3.88884]},"J3s":{"weight":0.0,"played":[0.0,1.0],"evs":[0.0,3.98935]},"J4s":{"weight":0.0,"played":[0.0,1.0],"evs":[0.0,4.21754]},"J5s":{"weight":0.0,"played":[0.0,1.0],"evs":[0.0,4.75766]},"J6s":{"weight":0.0,"played":[0.0,1.0],"evs":[0.0,4.49605]},"J7s":{"weight":0.0,"played":[0.0,1.0],"evs":[0.0,5.60032]},"J8s":{"weight":0.0,"played":[0.0,1.0],"evs":[0.0,6.36553]},"J9s":{"weight":0.0,"played":[0.0,1.0],"evs":[0.0,6.97962]},"JTs":{"weight":0.0551,"played":[0.0,1.0],"evs":[0.0,7.39771]},"JJ":{"weight":0.0113,"played":[0.0,1.0],"evs":[0.0,16.145]},"QJo":{"weight":0.0,"played":[0.0,1.0],"evs":[0.0,5.20655]},"KJo":{"weight":0.0025,"played":[0.0,1.0],"evs":[0.0,5.8941]},"AJo":{"weight":0.0393,"played":[0.0,1.0],"evs":[0.0,7.87673]},"Q2s":{"weight":0.0,"played":[0.0,1.0],"evs":[0.0,4.07574]},"Q3s":{"weight":0.0,"played":[0.0,1.0],"evs":[0.0,3.90996]},"Q4s":{"weight":0.0,"played":[0.0,1.0],"evs":[0.0,4.46734]},"Q5s":{"weight":0.0,"played":[0.0,1.0],"evs":[0.0,4.55989]},"Q6s":{"weight":0.0,"played":[0.0,1.0],"evs":[0.0,4.53172]},"Q7s":{"weight":0.0,"played":[0.0,1.0],"evs":[0.0,4.82612]},"Q8s":{"weight":0.0,"played":[0.0,1.0],"evs":[0.0,5.38594]},"Q9s":{"weight":0.0,"played":[0.0,1.0],"evs":[0.0,6.08312]},"QTs":{"weight":0.0166,"played":[0.0,1.0],"evs":[0.0,6.88922]},"QJs":{"weight":0.0145,"played":[0.0,1.0],"evs":[0.0,7.18001]},"QQ":{"weight":0.0026,"played":[0.0,1.0],"evs":[0.0,19.12962]},"KQo":{"weight":0.0068,"played":[0.0,1.0],"evs":[0.0,6.88748]},"AQo":{"weight":0.0814,"played":[0.0,1.0],"evs":[0.0,9.59297]},"K2s":{"weight":0.0,"played":[0.0,1.0],"evs":[0.0,4.3257]},"K3s":{"weight":0.0,"played":[0.0,1.0],"evs":[0.0,4.4114]},"K4s":{"weight":0.0,"played":[0.0,1.0],"evs":[0.0,4.60888]},"K5s":{"weight":0.0,"played":[0.0,1.0],"evs":[0.0,4.90201]},"K6s":{"weight":0.0,"played":[0.0,1.0],"evs":[0.0,5.06493]},"K7s":{"weight":0.0,"played":[0.0,1.0],"evs":[0.0,5.76934]},"K8s":{"weight":0.0,"played":[0.0,1.0],"evs":[0.0,5.75017]},"K9s":{"weight":0.027,"played":[0.0,1.0],"evs":[0.0,6.14027]},"KTs":{"weight":0.001,"played":[0.0,1.0],"evs":[0.0,7.02597]},"KJs":{"weight":0.0039,"played":[0.0,1.0],"evs":[0.0,7.35837]},"KQs":{"weight":0.0024,"played":[0.0,1.0],"evs":[0.0,8.47296]},"KK":{"weight":0.0286,"played":[0.0,1.0],"evs":[0.0,22.86081]},"AKo":{"weight":0.0226,"played":[0.0,1.0],"evs":[0.0,11.75469]},"A2s":{"weight":7.0E-4,"played":[0.0,1.0],"evs":[0.0,4.80876]},"A3s":{"weight":0.0093,"played":[0.0,1.0],"evs":[0.0,5.11053]},"A4s":{"weight":0.0467,"played":[0.0,1.0],"evs":[0.0,5.58666]},"A5s":{"weight":0.1767,"played":[0.0,1.0],"evs":[0.0,6.15814]},"A6s":{"weight":0.0011,"played":[0.0,1.0],"evs":[0.0,5.39609]},"A7s":{"weight":0.1482,"played":[0.0,1.0],"evs":[0.0,5.90815]},"A8s":{"weight":0.0215,"played":[0.0,1.0],"evs":[0.0,6.19462]},"A9s":{"weight":0.001,"played":[0.0,1.0],"evs":[0.0,6.8972]},"ATs":{"weight":0.02,"played":[0.0,1.0],"evs":[0.0,8.16643]},"AJs":{"weight":0.0029,"played":[0.0,1.0],"evs":[0.0,9.58416]},"AQs":{"weight":1.0E-4,"played":[0.0,1.0],"evs":[0.0,11.15283]},"AKs":{"weight":0.0032,"played":[0.0,1.0],"evs":[0.0,13.20307]},"AA":{"weight":0.0956,"played":[0.0,1.0],"evs":[0.0,28.16605]}}}