{"player":5,"street":0,"children":2,"sequence":[{"player":0,"type":"F","amount":0,"street":0},{"player":1,"type":"F","amount":0,"street":0},{"player":2,"type":"R","amount":1265000,"street":0},{"player":3,"type":"R","amount":2395000,"street":0},{"player":4,"type":"F","amount":0,"street":0}],"actions":[{"type":"F","amount":0},{"type":"C","amount":795000}],"hands":{"22":{"weight":1.0,"played":[1.0,0.0],"evs":[0.0,-0.36188]},"32o":{"weight":1.0,"played":[1.0,0.0],"evs":[0.0,-2.03054]},"42o":{"weight":1.0,"played":[1.0,0.0],"evs":[0.0,-1.90363]},"52o":{"weight":1.0,"played":[1.0,0.0],"evs":[0.0,-1.76436]},"62o":{"weight":1.0,"played":[1.0,0.0],"evs":[0.0,-1.93134]},"72o":{"weight":1.0,"played":[1.0,0.0],"evs":[0.0,-2.13925]},"82o":{"weight":1.0,"played":[1.0,0.0],"evs":[0.0,-1.98229]},"92o":{"weight":1.0,"played":[1.0,0.0],"evs":[0.0,-1.94447]},"T2o":{"weight":1.0,"played":[1.0,0.0],"evs":[0.0,-1.87468]},"J2o":{"weight":1.0,"played":[1.0,0.0],"evs":[0.0,-1.80537]},"Q2o":{"weight":1.0,"played":[1.0,0.0],"evs":[0.0,-1.64587]},"K2o":{"weight":1.0,"played":[1.0,0.0],"evs":[0.0,-1.52833]},"A2o":{"weight":1.0,"played":[1.0,0.0],"evs":[0.0,-1.60239]},"32s":{"weight":1.0,"played":[1.0,0.0],"evs":[0.0,-1.25997]},"33":{"weight":1.0,"played":[0.9983,0.0017],"evs":[0.0,-0.08027]},"43o":{"weight":1.0,"played":[1.0,0.0],"evs":[0.0,-1.60756]},"53o":{"weight":1.0,"played":[1.0,0.0],"evs":[0.0,-1.45527]},"63o":{"weight":1.0,"played":[1.0,0.0],"evs":[0.0,-1.61744]},"73o":{"weight":1.0,"played":[1.0,0.0],"evs":[0.0,-1.85233]},"83o":{"weight":1.0,"played":[1.0,0.0],"evs":[0.0,-1.96014]},"93o":{"weight":1.0,"played":[1.0,0.0],"evs":[0.0,-1.87024]},"T3o":{"weight":1.0,"played":[1.0,0.0],"evs":[0.0,-1.81942]},"J3o":{"weight":1.0,"played":[1.0,0.0],"evs":[0.0,-1.73032]},"Q3o":{"weight":1.0,"played":[1.0,0.0],"evs":[0.0,-1.58469]},"K3o":{"weight":1.0,"played":[1.0,0.0],"evs":[0.0,-1.45164]},"A3o":{"weight":1.0,"played":[1.0,0.0],"evs":[0.0,-1.47005]},"42s":{"weight":1.0,"played":[1.0,0.0],"evs":[0.0,-1.14828]},"43s":{"weight":1.0,"played":[1.0,0.0],"evs":[0.0,-0.87112]},"44":{"weight":1.0,"played":[0.0,1.0],"evs":[0.0,0.2735]},"54o":{"weight":1.0,"played":[1.0,0.0],"evs":[0.0,-1.12652]},"64o":{"weight":1.0,"played":[1.0,0.0],"evs":[0.0,-1.29011]},"74o":{"weight":1.0,"played":[1.0,0.0],"evs":[0.0,-1.48414]},"84o":{"weight":1.0,"played":[1.0,0.0],"evs":[0.0,-1.63107]},"94o":{"weight":1.0,"played":[1.0,0.0],"evs":[0.0,-1.80268]},"T4o":{"weight":1.0,"played":[1.0,0.0],"evs":[0.0,-1.67953]},"J4o":{"weight":1.0,"played":[1.0,0.0],"evs":[0.0,-1.60089]},"Q4o":{"weight":1.0,"played":[1.0,0.0],"evs":[0.0,-1.45492]},"K4o":{"weight":1.0,"played":[1.0,0.0],"evs":[0.0,-1.31795]},"A4o":{"weight":1.0,"played":[1.0,0.0],"evs":[0.0,-1.30577]},"52s":{"weight":1.0,"played":[1.0,0.0],"evs":[0.0,-0.98271]},"53s":{"weight":1.0,"played":[1.0,0.0],"evs":[0.0,-0.7428]},"54s":{"weight":1.0,"played":[1.0,0.0],"evs":[0.0,-0.38852]},"55":{"weight":1.0,"played":[0.0,1.0],"evs":[0.0,0.66961]},"65o":{"weight":1.0,"played":[1.0,0.0],"evs":[0.0,-0.91768]},"75o":{"weight":1.0,"played":[1.0,0.0],"evs":[0.0,-1.13853]},"85o":{"weight":1.0,"played":[1.0,0.0],"evs":[0.0,-1.26102]},"95o":{"weight":1.0,"played":[1.0,0.0],"evs":[0.0,-1.43492]},"T5o":{"weight":1.0,"played":[1.0,0.0],"evs":[0.0,-1.58172]},"J5o":{"weight":1.0,"played":[1.0,0.0],"evs":[0.0,-1.4532]},"Q5o":{"weight":1.0,"played":[1.0,0.0],"evs":[0.0,-1.29093]},"K5o":{"weight":1.0,"played":[1.0,0.0],"evs":[0.0,-1.17247]},"A5o":{"weight":1.0,"played":[1.0,0.0],"evs":[0.0,-1.11669]},"62s":{"weight":1.0,"played":[1.0,0.0],"evs":[0.0,-1.14161]},"63s":{"weight":1.0,"played":[1.0,0.0],"evs":[0.0,-0.90613]},"64s":{"weight":1.0,"played":[1.0,0.0],"evs":[0.0,-0.54779]},"65s":{"weight":1.0,"played":[0.9999,1.0E-4],"evs":[0.0,-0.22664]},"66":{"weight":1.0,"played":[0.0,1.0],"evs":[0.0,0.99734]},"76o":{"weight":1.0,"played":[1.0,0.0],"evs":[0.0,-0.84296]},"86o":{"weight":1.0,"played":[1.0,0.0],"evs":[0.0,-0.94042]},"96o":{"weight":1.0,"played":[1.0,0.0],"evs":[0.0,-1.10465]},"T6o":{"weight":1.0,"played":[1.0,0.0],"evs":[0.0,-1.25098]},"J6o":{"weight":1.0,"played":[1.0,0.0],"evs":[0.0,-1.38403]},"Q6o":{"weight":1.0,"played":[1.0,0.0],"evs":[0.0,-1.19711]},"K6o":{"weight":1.0,"played":[1.0,0.0],"evs":[0.0,-1.06733]},"A6o":{"weight":1.0,"played":[1.0,0.0],"evs":[0.0,-1.22716]},"72s":{"weight":1.0,"played":[1.0,0.0],"evs":[0.0,-1.38256]},"73s":{"weight":1.0,"played":[1.0,0.0],"evs":[0.0,-1.09234]},"74s":{"weight":1.0,"played":[1.0,0.0],"evs":[0.0,-0.77309]},"75s":{"weight":1.0,"played":[1.0,0.0],"evs":[0.0,-0.38866]},"76s":{"weight":1.0,"played":[0.9987,0.0013],"evs":[0.0,-0.13611]},"77":{"weight":1.0,"played":[0.0,1.0],"evs":[0.0,1.36298]},"87o":{"weight":1.0,"played":[1.0,0.0],"evs":[0.0,-0.76179]},"97o":{"weight":1.0,"played":[1.0,0.0],"evs":[0.0,-0.88918]},"T7o":{"weight":1.0,"played":[1.0,0.0],"evs":[0.0,-1.024]},"J7o":{"weight":1.0,"played":[1.0,0.0],"evs":[0.0,-1.16635]},"Q7o":{"weight":1.0,"played":[1.0,0.0],"evs":[0.0,-1.23475]},"K7o":{"weight":1.0,"played":[1.0,0.0],"evs":[0.0,-1.06324]},"A7o":{"weight":1.0,"played":[1.0,0.0],"evs":[0.0,-0.9806]},"82s":{"weight":1.0,"played":[1.0,0.0],"evs":[0.0,-1.22137]},"83s":{"weight":1.0,"played":[1.0,0.0],"evs":[0.0,-1.21126]},"84s":{"weight":1.0,"played":[1.0,0.0],"evs":[0.0,-0.89894]},"85s":{"weight":1.0,"played":[1.0,0.0],"evs":[0.0,-0.53031]},"86s":{"weight":1.0,"played":[0.9998,2.0E-4],"evs":[0.0,-0.27957]},"87s":{"weight":1.0,"played":[0.998,0.002],"evs":[0.0,-0.06528]},"88":{"weight":1.0,"played":[0.0,1.0],"evs":[0.0,1.83677]},"98o":{"weight":1.0,"played":[1.0,0.0],"evs":[0.0,-0.63912]},"T8o":{"weight":1.0,"played":[1.0,0.0],"evs":[0.0,-0.69713]},"J8o":{"weight":1.0,"played":[1.0,0.0],"evs":[0.0,-0.86954]},"Q8o":{"weight":1.0,"played":[1.0,0.0],"evs":[0.0,-0.923]},"K8o":{"weight":1.0,"played":[1.0,0.0],"evs":[0.0,-0.99517]},"A8o":{"weight":1.0,"played":[1.0,0.0],"evs":[0.0,-0.65408]},"92s":{"weight":1.0,"played":[1.0,0.0],"evs":[0.0,-1.1499]},"93s":{"weight":1.0,"played":[1.0,0.0],"evs":[0.0,-1.11804]},"94s":{"weight":1.0,"played":[1.0,0.0],"evs":[0.0,-1.02006]},"95s":{"weight":1.0,"played":[1.0,0.0],"evs":[0.0,-0.66496]},"96s":{"weight":1.0,"played":[1.0,0.0],"evs":[0.0,-0.38914]},"97s":{"weight":1.0,"played":[0.9998,2.0E-4],"evs":[0.0,-0.19278]},"98s":{"weight":1.0,"played":[0.0,1.0],"evs":[0.0,0.07519]},"99":{"weight":1.0,"played":[0.0,1.0],"evs":[0.0,2.38761]},"T9o":{"weight":1.0,"played":[1.0,0.0],"evs":[0.0,-0.42795]},"J9o":{"weight":1.0,"played":[1.0,0.0],"evs":[0.0,-0.56484]},"Q9o":{"weight":1.0,"played":[1.0,0.0],"evs":[0.0,-0.59289]},"K9o":{"weight":1.0,"played":[1.0,0.0],"evs":[0.0,-0.66248]},"A9o":{"weight":1.0,"played":[1.0,0.0],"evs":[0.0,-0.26508]},"T2s":{"weight":1.0,"played":[1.0,0.0],"evs":[0.0,-1.09457]},"T3s":{"weight":1.0,"played":[1.0,0.0],"evs":[0.0,-1.01383]},"T4s":{"weight":1.0,"played":[1.0,0.0],"evs":[0.0,-0.90851]},"T5s":{"weight":1.0,"played":[1.0,0.0],"evs":[0.0,-0.8468]},"T6s":{"weight":1.0,"played":[1.0,0.0],"evs":[0.0,-0.50373]},"T7s":{"weight":1.0,"played":[1.0,0.0],"evs":[0.0,-0.31006]},"T8s":{"weight":1.0,"played":[0.8315,0.1685],"evs":[0.0,-0.04646]},"T9s":{"weight":1.0,"played":[2.0E-4,0.9998],"evs":[0.0,0.26378]},"TT":{"weight":1.0,"played":[0.0,1.0],"evs":[0.0,3.20419]},"JTo":{"weight":1.0,"played":[0.9993,7.0E-4],"evs":[0.0,-0.16984]},"QTo":{"weight":1.0,"played":[0.9999,1.0E-4],"evs":[0.0,-0.18228]},"KTo":{"weight":1.0,"played":[1.0,0.0],"evs":[0.0,-0.18407]},"ATo":{"weight":1.0,"played":[0.0,1.0],"evs":[0.0,0.54785]},"J2s":{"weight":1.0,"played":[1.0,0.0],"evs":[0.0,-1.01757]},"J3s":{"weight":1.0,"played":[1.0,0.0],"evs":[0.0,-0.96726]},"J4s":{"weight":1.0,"played":[1.0,0.0],"evs":[0.0,-0.83752]},"J5s":{"weight":1.0,"played":[1.0,0.0],"evs":[0.0,-0.70036]},"J6s":{"weight":1.0,"played":[1.0,0.0],"evs":[0.0,-0.66399]},"J7s":{"weight":1.0,"played":[1.0,0.0],"evs":[0.0,-0.4448]},"J8s":{"weight":1.0,"played":[0.9999,1.0E-4],"evs":[0.0,-0.14626]},"J9s":{"weight":1.0,"played":[0.0,1.0],"evs":[0.0,0.1375]},"JTs":{"weight":1.0,"played":[0.0,1.0],"evs":[0.0,0.48399]},"JJ":{"weight":1.0,"played":[0.0,1.0],"evs":[0.0,4.09146]},"QJo":{"weight":1.0,"played":[0.9826,0.0174],"evs":[0.0,-0.02568]},"KJo":{"weight":1.0,"played":[2.0E-4,0.9998],"evs":[0.0,0.07787]},"AJo":{"weight":1.0,"played":[0.0,1.0],"evs":[0.0,1.1609]},"Q2s":{"weight":1.0,"played":[1.0,0.0],"evs":[0.0,-0.85866]},"Q3s":{"weight":1.0,"played":[1.0,0.0],"evs":[0.0,-0.80354]},"Q4s":{"weight":1.0,"played":[1.0,0.0],"evs":[0.0,-0.68397]},"Q5s":{"weight":1.0,"played":[1.0,0.0],"evs":[0.0,-0.56164]},"Q6s":{"weight":1.0,"played":[1.0,0.0],"evs":[0.0,-0.44901]},"Q7s":{"weight":1.0,"played":[1.0,0.0],"evs":[0.0,-0.47377]},"Q8s":{"weight":1.0,"played":[1.0,0.0],"evs":[0.0,-0.20472]},"Q9s":{"weight":1.0,"played":[6.0E-4,0.9994],"evs":[0.0,0.07564]},"QTs":{"weight":1.0,"played":[0.0,1.0],"evs":[0.0,0.45449]},"QJs":{"weight":1.0,"played":[0.0,1.0],"evs":[0.0,0.64053]},"QQ":{"weight":1.0,"played":[0.0,1.0],"evs":[0.0,5.13961]},"KQo":{"weight":1.0,"played":[0.0,1.0],"evs":[0.0,0.52265]},"AQo":{"weight":1.0,"played":[0.0,1.0],"evs":[0.0,1.85796]},"K2s":{"weight":1.0,"played":[1.0,0.0],"evs":[0.0,-0.75428]},"K3s":{"weight":1.0,"played":[1.0,0.0],"evs":[0.0,-0.67332]},"K4s":{"weight":1.0,"played":[1.0,0.0],"evs":[0.0,-0.52557]},"K5s":{"weight":1.0,"played":[1.0,0.0],"evs":[0.0,-0.41619]},"K6s":{"weight":1.0,"played":[1.0,0.0],"evs":[0.0,-0.31346]},"K7s":{"weight":1.0,"played":[1.0,0.0],"evs":[0.0,-0.28436]},"K8s":{"weight":1.0,"played":[1.0,0.0],"evs":[0.0,-0.26488]},"K9s":{"weight":1.0,"played":[6.0E-4,0.9994],"evs":[0.0,0.02463]},"KTs":{"weight":1.0,"played":[0.0,1.0],"evs":[0.0,0.5146]},"KJs":{"weight":1.0,"played":[0.0,1.0],"evs":[0.0,0.78462]},"KQs":{"weight":1.0,"played":[0.0,1.0],"evs":[0.0,1.16543]},"KK":{"weight":1.0,"played":[0.0,1.0],"evs":[0.0,6.40613]},"AKo":{"weight":1.0,"played":[0.0,1.0],"evs":[0.0,2.62538]},"A2s":{"weight":1.0,"played":[1.0,0.0],"evs":[0.0,-0.77754]},"A3s":{"weight":1.0,"played":[1.0,0.0],"evs":[0.0,-0.65722]},"A4s":{"weight":1.0,"played":[1.0,0.0],"evs":[0.0,-0.50029]},"A5s":{"weight":1.0,"played":[1.0,0.0],"evs":[0.0,-0.34077]},"A6s":{"weight":1.0,"played":[1.0,0.0],"evs":[0.0,-0.45315]},"A7s":{"weight":1.0,"played":[0.9996,4.0E-4],"evs":[0.0,-0.22429]},"A8s":{"weight":1.0,"played":[1.0E-4,0.9999],"evs":[0.0,0.09429]},"A9s":{"weight":1.0,"played":[0.0,1.0],"evs":[0.0,0.47781]},"ATs":{"weight":1.0,"played":[0.0,1.0],"evs":[0.0,1.19664]},"AJs":{"weight":1.0,"played":[0.0,1.0],"evs":[0.0,1.8252]},"AQs":{"weight":1.0,"played":[0.0,1.0],"evs":[0.0,2.44943]},"AKs":{"weight":1.0,"played":[0.0,1.0],"evs":[0.0,3.17374]},"AA":{"weight":1.0,"played":[0.0,1.0],"evs":[0.0,8.82291]}}}