{"player":1,"street":0,"children":3,"sequence":[{"player":0,"type":"F","amount":0,"street":0},{"player":1,"type":"R","amount":200000,"street":0},{"player":2,"type":"F","amount":0,"street":0},{"player":3,"type":"F","amount":0,"street":0},{"player":4,"type":"C","amount":150000,"street":0},{"player":5,"type":"R","amount":895000,"street":0}],"actions":[{"type":"F","amount":0,"node":143},{"type":"C","amount":695000,"node":144},{"type":"R","amount":3375000,"node":146}],"hands":{"22":{"weight":0.9999,"played":[0.0,0.6929,0.3071],"evs":[0.0,0.42505,0.42326]},"32o":{"weight":0.0,"played":[1.0,0.0,0.0],"evs":[0.0,-1.68137,-3.10137]},"42o":{"weight":0.0,"played":[1.0,0.0,0.0],"evs":[0.0,-1.56632,-2.81731]},"52o":{"weight":0.0,"played":[1.0,0.0,0.0],"evs":[0.0,-1.5391,-2.6067]},"62o":{"weight":0.0,"played":[1.0,0.0,0.0],"evs":[0.0,-1.67028,-2.78352]},"72o":{"weight":0.0,"played":[1.0,0.0,0.0],"evs":[0.0,-1.7609,-2.88667]},"82o":{"weight":0.0,"played":[1.0,0.0,0.0],"evs":[0.0,-1.65789,-2.66534]},"92o":{"weight":0.0,"played":[1.0,0.0,0.0],"evs":[0.0,-1.56069,-2.50399]},"T2o":{"weight":0.0,"played":[1.0,0.0,0.0],"evs":[0.0,-1.49676,-2.57208]},"J2o":{"weight":0.0,"played":[1.0,0.0,0.0],"evs":[0.0,-1.44695,-2.3664]},"Q2o":{"weight":0.0,"played":[1.0,0.0,0.0],"evs":[0.0,-1.35531,-2.24003]},"K2o":{"weight":0.0,"played":[1.0,0.0,0.0],"evs":[0.0,-1.32937,-2.07695]},"A2o":{"weight":0.0,"played":[1.0,0.0,0.0],"evs":[0.0,-0.83956,-1.03354]},"32s":{"weight":0.0,"played":[1.0,0.0,0.0],"evs":[0.0,-1.24263,-2.01611]},"33":{"weight":1.0,"played":[0.0,0.3587,0.6413],"evs":[0.0,0.63776,0.6466]},"43o":{"weight":0.0,"played":[1.0,0.0,0.0],"evs":[0.0,-1.4167,-2.47552]},"53o":{"weight":0.0,"played":[1.0,0.0,0.0],"evs":[0.0,-1.38652,-2.23319]},"63o":{"weight":0.0,"played":[1.0,0.0,0.0],"evs":[0.0,-1.49986,-2.4495]},"73o":{"weight":0.0,"played":[1.0,0.0,0.0],"evs":[0.0,-1.6092,-2.55078]},"83o":{"weight":0.0,"played":[1.0,0.0,0.0],"evs":[0.0,-1.65029,-2.70246]},"93o":{"weight":0.0,"played":[1.0,0.0,0.0],"evs":[0.0,-1.51787,-2.45378]},"T3o":{"weight":0.0,"played":[1.0,0.0,0.0],"evs":[0.0,-1.4371,-2.47248]},"J3o":{"weight":0.0,"played":[1.0,0.0,0.0],"evs":[0.0,-1.424,-2.29215]},"Q3o":{"weight":0.0,"played":[1.0,0.0,0.0],"evs":[0.0,-1.32231,-2.17681]},"K3o":{"weight":0.0,"played":[1.0,0.0,0.0],"evs":[0.0,-1.26227,-1.97745]},"A3o":{"weight":0.0,"played":[1.0,0.0,0.0],"evs":[0.0,-0.78412,-0.93636]},"42s":{"weight":0.0,"played":[1.0,0.0,0.0],"evs":[0.0,-1.15583,-1.81617]},"43s":{"weight":0.0,"played":[1.0,0.0,0.0],"evs":[0.0,-1.00917,-1.47287]},"44":{"weight":1.0,"played":[0.0,0.0,1.0],"evs":[0.0,1.22798,1.23913]},"54o":{"weight":0.0,"played":[1.0,0.0,0.0],"evs":[0.0,-1.16169,-1.77716]},"64o":{"weight":0.0,"played":[1.0,0.0,0.0],"evs":[0.0,-1.26508,-1.88416]},"74o":{"weight":0.0,"played":[1.0,0.0,0.0],"evs":[0.0,-1.38273,-2.08463]},"84o":{"weight":0.0,"played":[1.0,0.0,0.0],"evs":[0.0,-1.43145,-2.17747]},"94o":{"weight":0.0,"played":[1.0,0.0,0.0],"evs":[0.0,-1.44092,-2.34389]},"T4o":{"weight":0.0,"played":[1.0,0.0,0.0],"evs":[0.0,-1.33417,-2.23799]},"J4o":{"weight":0.0,"played":[1.0,0.0,0.0],"evs":[0.0,-1.30203,-2.09216]},"Q4o":{"weight":0.0,"played":[1.0,0.0,0.0],"evs":[0.0,-1.19631,-1.93615]},"K4o":{"weight":0.0,"played":[1.0,0.0,0.0],"evs":[0.0,-1.18705,-1.79242]},"A4o":{"weight":1.0E-4,"played":[1.0,0.0,0.0],"evs":[0.0,-0.63187,-0.67931]},"52s":{"weight":0.0,"played":[1.0,0.0,0.0],"evs":[0.0,-1.11581,-1.6707]},"53s":{"weight":0.0,"played":[1.0,0.0,0.0],"evs":[0.0,-0.96631,-1.29262]},"54s":{"weight":0.0,"played":[1.0,0.0,0.0],"evs":[0.0,-0.71245,-0.84004]},"55":{"weight":1.0,"played":[0.0,0.0,1.0],"evs":[0.0,2.1643,2.17613]},"65o":{"weight":0.0,"played":[1.0,0.0,0.0],"evs":[0.0,-1.11469,-1.46667]},"75o":{"weight":0.0,"played":[1.0,0.0,0.0],"evs":[0.0,-1.23839,-1.58109]},"85o":{"weight":0.0,"played":[1.0,0.0,0.0],"evs":[0.0,-1.28645,-1.72672]},"95o":{"weight":0.0,"played":[1.0,0.0,0.0],"evs":[0.0,-1.2907,-1.85356]},"T5o":{"weight":0.0,"played":[1.0,0.0,0.0],"evs":[0.0,-1.34502,-2.17018]},"J5o":{"weight":0.0,"played":[1.0,0.0,0.0],"evs":[0.0,-1.29664,-1.93577]},"Q5o":{"weight":0.0,"played":[1.0,0.0,0.0],"evs":[0.0,-1.21018,-1.81534]},"K5o":{"weight":0.0,"played":[1.0,0.0,0.0],"evs":[0.0,-1.1651,-1.64069]},"A5o":{"weight":1.0,"played":[1.0,0.0,0.0],"evs":[0.0,-0.46557,-0.44943]},"62s":{"weight":0.0,"played":[1.0,0.0,0.0],"evs":[0.0,-1.22656,-1.7587]},"63s":{"weight":0.0,"played":[1.0,0.0,0.0],"evs":[0.0,-1.06057,-1.36453]},"64s":{"weight":0.0,"played":[1.0,0.0,0.0],"evs":[0.0,-0.8756,-0.96124]},"65s":{"weight":0.0,"played":[1.0,0.0,0.0],"evs":[0.0,-0.54848,-0.55372]},"66":{"weight":1.0,"played":[0.0,0.0,1.0],"evs":[0.0,3.04298,3.05894]},"76o":{"weight":0.0,"played":[1.0,0.0,0.0],"evs":[0.0,-1.06296,-1.11597]},"86o":{"weight":0.0,"played":[1.0,0.0,0.0],"evs":[0.0,-1.10232,-1.26222]},"96o":{"weight":0.0,"played":[1.0,0.0,0.0],"evs":[0.0,-1.11944,-1.35608]},"T6o":{"weight":0.0,"played":[1.0,0.0,0.0],"evs":[0.0,-1.16195,-1.68902]},"J6o":{"weight":0.0,"played":[1.0,0.0,0.0],"evs":[0.0,-1.25726,-1.81122]},"Q6o":{"weight":0.0,"played":[1.0,0.0,0.0],"evs":[0.0,-1.12513,-1.54066]},"K6o":{"weight":0.0,"played":[1.0,0.0,0.0],"evs":[0.0,-1.11313,-1.39495]},"A6o":{"weight":0.6656,"played":[1.0,0.0,0.0],"evs":[0.0,-0.48353,-0.47108]},"72s":{"weight":0.0,"played":[1.0,0.0,0.0],"evs":[0.0,-1.33211,-1.91486]},"73s":{"weight":0.0,"played":[1.0,0.0,0.0],"evs":[0.0,-1.16355,-1.49526]},"74s":{"weight":0.0,"played":[1.0,0.0,0.0],"evs":[0.0,-0.95428,-1.106]},"75s":{"weight":0.0,"played":[1.0,0.0,0.0],"evs":[0.0,-0.6798,-0.67684]},"76s":{"weight":0.9862,"played":[0.9972,4.0E-4,0.0024],"evs":[0.0,-0.18242,-0.1817]},"77":{"weight":1.0,"played":[0.0,0.0,1.0],"evs":[0.0,4.00776,4.0234]},"87o":{"weight":0.0,"played":[1.0,0.0,0.0],"evs":[0.0,-0.85125,-0.85079]},"97o":{"weight":0.0,"played":[1.0,0.0,0.0],"evs":[0.0,-0.91602,-0.91533]},"T7o":{"weight":0.0,"played":[1.0,0.0,0.0],"evs":[0.0,-1.01793,-1.17648]},"J7o":{"weight":0.0,"played":[1.0,0.0,0.0],"evs":[0.0,-1.11236,-1.28701]},"Q7o":{"weight":0.0,"played":[1.0,0.0,0.0],"evs":[0.0,-1.14649,-1.5099]},"K7o":{"weight":0.0,"played":[1.0,0.0,0.0],"evs":[0.0,-1.07281,-1.2327]},"A7o":{"weight":1.0,"played":[0.216,0.0913,0.6927],"evs":[0.0,-0.00832,0.00163]},"82s":{"weight":0.0,"played":[1.0,0.0,0.0],"evs":[0.0,-1.21245,-1.60458]},"83s":{"weight":0.0,"played":[1.0,0.0,0.0],"evs":[0.0,-1.24125,-1.64385]},"84s":{"weight":0.0,"played":[1.0,0.0,0.0],"evs":[0.0,-0.98817,-1.24405]},"85s":{"weight":0.0,"played":[1.0,0.0,0.0],"evs":[0.0,-0.75075,-0.75267]},"86s":{"weight":0.0,"played":[0.9939,0.002,0.0041],"evs":[0.0,-0.2422,-0.25092]},"87s":{"weight":1.0,"played":[0.0024,0.752,0.2455],"evs":[0.0,0.07747,0.07532]},"88":{"weight":0.9993,"played":[0.0,0.1011,0.8989],"evs":[0.0,4.821,4.82595]},"98o":{"weight":0.0,"played":[1.0,0.0,0.0],"evs":[0.0,-0.54782,-0.54913]},"T8o":{"weight":0.0,"played":[1.0,0.0,0.0],"evs":[0.0,-0.70223,-0.7061]},"J8o":{"weight":0.0,"played":[1.0,0.0,0.0],"evs":[0.0,-0.89374,-0.89993]},"Q8o":{"weight":0.0,"played":[1.0,0.0,0.0],"evs":[0.0,-0.97674,-1.08387]},"K8o":{"weight":0.0,"played":[1.0,0.0,0.0],"evs":[0.0,-1.08597,-1.21387]},"A8o":{"weight":1.0,"played":[0.0,0.117,0.883],"evs":[0.0,0.5293,0.53685]},"92s":{"weight":0.0,"played":[1.0,0.0,0.0],"evs":[0.0,-1.14681,-1.57936]},"93s":{"weight":0.0,"played":[1.0,0.0,0.0],"evs":[0.0,-1.09246,-1.46842]},"94s":{"weight":0.0,"played":[1.0,0.0,0.0],"evs":[0.0,-0.98356,-1.31247]},"95s":{"weight":0.0,"played":[1.0,0.0,0.0],"evs":[0.0,-0.92049,-0.92289]},"96s":{"weight":0.0,"played":[1.0,0.0,0.0],"evs":[0.0,-0.51892,-0.52894]},"97s":{"weight":0.9995,"played":[0.9084,0.0198,0.0718],"evs":[0.0,-0.02786,-0.02404]},"98s":{"weight":1.0,"played":[0.0,0.036,0.964],"evs":[0.0,0.42574,0.42762]},"99":{"weight":1.0,"played":[0.0,0.0022,0.9978],"evs":[0.0,5.4062,5.4188]},"T9o":{"weight":0.0648,"played":[1.0,0.0,0.0],"evs":[0.0,-0.31179,-0.32133]},"J9o":{"weight":0.0,"played":[1.0,0.0,0.0],"evs":[0.0,-0.45025,-0.46607]},"Q9o":{"weight":0.0,"played":[1.0,0.0,0.0],"evs":[0.0,-0.59455,-0.6085]},"K9o":{"weight":0.9965,"played":[1.0,0.0,0.0],"evs":[0.0,-0.76997,-0.76395]},"A9o":{"weight":1.0,"played":[0.0,0.1585,0.8415],"evs":[0.0,1.23483,1.23634]},"T2s":{"weight":0.0,"played":[1.0,0.0,0.0],"evs":[0.0,-1.07096,-1.53423]},"T3s":{"weight":0.0,"played":[1.0,0.0,0.0],"evs":[0.0,-1.00699,-1.45195]},"T4s":{"weight":0.0,"played":[1.0,0.0,0.0],"evs":[0.0,-0.88485,-1.27167]},"T5s":{"weight":0.0,"played":[1.0,0.0,0.0],"evs":[0.0,-0.93957,-1.19909]},"T6s":{"weight":0.0,"played":[1.0,0.0,0.0],"evs":[0.0,-0.68658,-0.68214]},"T7s":{"weight":0.9998,"played":[1.0,0.0,0.0],"evs":[0.0,-0.29844,-0.29757]},"T8s":{"weight":1.0,"played":[0.0064,0.5228,0.4708],"evs":[0.0,0.18442,0.1792]},"T9s":{"weight":1.0,"played":[0.0,0.4761,0.5239],"evs":[0.0,0.53136,0.52766]},"TT":{"weight":1.0,"played":[0.0,0.0566,0.9434],"evs":[0.0,6.30611,6.31932]},"JTo":{"weight":1.0,"played":[1.0,0.0,0.0],"evs":[0.0,-0.09122,-0.10869]},"QTo":{"weight":1.0,"played":[1.0,0.0,0.0],"evs":[0.0,-0.22724,-0.23868]},"KTo":{"weight":1.0,"played":[1.0,0.0,0.0],"evs":[0.0,-0.35856,-0.35772]},"ATo":{"weight":1.0,"played":[0.0,0.0199,0.9801],"evs":[0.0,2.53036,2.54045]},"J2s":{"weight":0.0,"played":[1.0,0.0,0.0],"evs":[0.0,-0.98828,-1.36298]},"J3s":{"weight":0.0,"played":[1.0,0.0,0.0],"evs":[0.0,-0.97691,-1.24732]},"J4s":{"weight":0.0,"played":[1.0,0.0,0.0],"evs":[0.0,-0.86792,-1.15261]},"J5s":{"weight":0.0,"played":[1.0,0.0,0.0],"evs":[0.0,-0.87041,-0.969]},"J6s":{"weight":0.0,"played":[1.0,0.0,0.0],"evs":[0.0,-0.8414,-0.84169]},"J7s":{"weight":0.003,"played":[1.0,0.0,0.0],"evs":[0.0,-0.3394,-0.34727]},"J8s":{"weight":1.0,"played":[0.1243,0.4468,0.4289],"evs":[0.0,-0.00549,-0.00493]},"J9s":{"weight":1.0,"played":[0.0,0.2055,0.7945],"evs":[0.0,0.36915,0.3675]},"JTs":{"weight":1.0,"played":[0.0,0.7881,0.2119],"evs":[0.0,0.76492,0.75795]},"JJ":{"weight":1.0,"played":[0.0,0.346,0.654],"evs":[0.0,7.27593,7.27613]},"QJo":{"weight":1.0,"played":[0.7897,0.0419,0.1684],"evs":[0.0,0.0043,0.00962]},"KJo":{"weight":1.0,"played":[1.0E-4,0.0727,0.9272],"evs":[0.0,0.18093,0.18336]},"AJo":{"weight":1.0,"played":[0.0,0.0043,0.9957],"evs":[0.0,3.78639,3.79487]},"Q2s":{"weight":0.0,"played":[1.0,0.0,0.0],"evs":[0.0,-0.98601,-1.30662]},"Q3s":{"weight":0.0,"played":[1.0,0.0,0.0],"evs":[0.0,-0.91107,-1.15776]},"Q4s":{"weight":0.0,"played":[1.0,0.0,0.0],"evs":[0.0,-0.77646,-0.96988]},"Q5s":{"weight":0.0,"played":[1.0,0.0,0.0],"evs":[0.0,-0.83825,-0.84141]},"Q6s":{"weight":0.0,"played":[0.9999,0.0,0.0],"evs":[0.0,-0.56516,-0.56958]},"Q7s":{"weight":0.9988,"played":[1.0,0.0,0.0],"evs":[0.0,-0.52389,-0.52822]},"Q8s":{"weight":1.0,"played":[1.0,0.0,0.0],"evs":[0.0,-0.13855,-0.14554]},"Q9s":{"weight":1.0,"played":[0.0,0.9997,3.0E-4],"evs":[0.0,0.28759,0.2713]},"QTs":{"weight":1.0,"played":[0.0,0.6847,0.3153],"evs":[0.0,0.59922,0.59119]},"QJs":{"weight":1.0,"played":[0.0,0.1684,0.8316],"evs":[0.0,0.83389,0.8345]},"QQ":{"weight":1.0,"played":[0.0,0.4032,0.5968],"evs":[0.0,8.30263,8.30041]},"KQo":{"weight":1.0,"played":[0.0,0.2578,0.7422],"evs":[0.0,1.13581,1.13665]},"AQo":{"weight":0.9993,"played":[0.0,1.0E-4,0.9999],"evs":[0.0,4.85835,4.87556]},"K2s":{"weight":0.0,"played":[1.0,0.0,0.0],"evs":[0.0,-0.90042,-1.10858]},"K3s":{"weight":0.0,"played":[1.0,0.0,0.0],"evs":[0.0,-0.83877,-1.00265]},"K4s":{"weight":0.0,"played":[1.0,0.0,0.0],"evs":[0.0,-0.72672,-0.76821]},"K5s":{"weight":0.9999,"played":[1.0,0.0,0.0],"evs":[0.0,-0.65327,-0.63868]},"K6s":{"weight":1.0,"played":[1.0,0.0,0.0],"evs":[0.0,-0.48793,-0.47789]},"K7s":{"weight":1.0,"played":[1.0,0.0,0.0],"evs":[0.0,-0.2973,-0.27838]},"K8s":{"weight":1.0,"played":[0.9992,5.0E-4,2.0E-4],"evs":[0.0,-0.21475,-0.20254]},"K9s":{"weight":1.0,"played":[5.0E-4,0.0078,0.9917],"evs":[0.0,0.1857,0.18937]},"KTs":{"weight":0.9996,"played":[0.0,0.0049,0.995],"evs":[0.0,0.51942,0.53314]},"KJs":{"weight":1.0,"played":[0.0,0.4064,0.5936],"evs":[0.0,1.0026,0.99706]},"KQs":{"weight":1.0,"played":[0.0,0.0709,0.9291],"evs":[0.0,1.91136,1.91336]},"KK":{"weight":1.0,"played":[0.0,0.8313,0.1687],"evs":[0.0,9.37134,9.37192]},"AKo":{"weight":0.9997,"played":[0.0,0.1843,0.8157],"evs":[0.0,5.46083,5.46941]},"A2s":{"weight":1.0,"played":[0.9988,2.0E-4,9.0E-4],"evs":[0.0,-0.08883,-0.08318]},"A3s":{"weight":1.0,"played":[0.8653,0.0609,0.0738],"evs":[0.0,-0.02531,-0.02037]},"A4s":{"weight":1.0,"played":[0.0,4.0E-4,0.9995],"evs":[0.0,0.26051,0.27317]},"A5s":{"weight":1.0,"played":[0.0,0.0838,0.9162],"evs":[0.0,0.47448,0.47741]},"A6s":{"weight":1.0,"played":[0.0,0.0111,0.9889],"evs":[0.0,0.46862,0.48432]},"A7s":{"weight":1.0,"played":[0.0,0.1064,0.8936],"evs":[0.0,0.95377,0.95655]},"A8s":{"weight":1.0,"played":[0.0,0.1057,0.8943],"evs":[0.0,1.37519,1.3782]},"A9s":{"weight":0.9992,"played":[0.0,0.5009,0.4991],"evs":[0.0,1.98841,1.98824]},"ATs":{"weight":1.0,"played":[0.0,0.0015,0.9985],"evs":[0.0,3.22321,3.24489]},"AJs":{"weight":1.0,"played":[0.0,0.3736,0.6264],"evs":[0.0,4.41532,4.41498]},"AQs":{"weight":1.0,"played":[0.0,0.1867,0.8133],"evs":[0.0,5.41726,5.42708]},"AKs":{"weight":1.0,"played":[0.0,0.0139,0.9861],"evs":[0.0,5.99887,6.0158]},"AA":{"weight":1.0,"played":[0.0,0.9976,0.0024],"evs":[0.0,12.0282,12.00807]}}}