{"player":1,"street":0,"children":2,"sequence":[{"player":0,"type":"F","amount":0,"street":0},{"player":1,"type":"R","amount":200000,"street":0},{"player":2,"type":"F","amount":0,"street":0},{"player":3,"type":"F","amount":0,"street":0},{"player":4,"type":"C","amount":150000,"street":0},{"player":5,"type":"R","amount":895000,"street":0},{"player":1,"type":"C","amount":695000,"street":0},{"player":4,"type":"R","amount":3375000,"street":0}],"actions":[{"type":"F","amount":0},{"type":"C","amount":2480000}],"hands":{"22":{"weight":0.6928,"played":[0.0,1.0],"evs":[0.0,1.84804]},"32o":{"weight":0.0,"played":[1.0,0.0],"evs":[0.0,-4.75675]},"42o":{"weight":0.0,"played":[1.0,0.0],"evs":[0.0,-4.15509]},"52o":{"weight":0.0,"played":[1.0,0.0],"evs":[0.0,-3.57172]},"62o":{"weight":0.0,"played":[1.0,0.0],"evs":[0.0,-3.76213]},"72o":{"weight":0.0,"played":[1.0,0.0],"evs":[0.0,-3.65336]},"82o":{"weight":0.0,"played":[1.0,0.0],"evs":[0.0,-3.35405]},"92o":{"weight":0.0,"played":[1.0,0.0],"evs":[0.0,-3.15286]},"T2o":{"weight":0.0,"played":[1.0,0.0],"evs":[0.0,-3.64577]},"J2o":{"weight":0.0,"played":[1.0,0.0],"evs":[0.0,-3.05974]},"Q2o":{"weight":0.0,"played":[1.0,0.0],"evs":[0.0,-3.1165]},"K2o":{"weight":0.0,"played":[1.0,0.0],"evs":[0.0,-2.74955]},"A2o":{"weight":0.0,"played":[1.0,0.0],"evs":[0.0,-0.70137]},"32s":{"weight":0.0,"played":[1.0,0.0],"evs":[0.0,-2.79818]},"33":{"weight":0.3587,"played":[0.0,1.0],"evs":[0.0,1.98028]},"43o":{"weight":0.0,"played":[1.0,0.0],"evs":[0.0,-3.51167]},"53o":{"weight":0.0,"played":[1.0,0.0],"evs":[0.0,-2.84089]},"63o":{"weight":0.0,"played":[1.0,0.0],"evs":[0.0,-3.1174]},"73o":{"weight":0.0,"played":[1.0,0.0],"evs":[0.0,-3.24652]},"83o":{"weight":0.0,"played":[1.0,0.0],"evs":[0.0,-3.57387]},"93o":{"weight":0.0,"played":[1.0,0.0],"evs":[0.0,-3.05933]},"T3o":{"weight":0.0,"played":[1.0,0.0],"evs":[0.0,-3.45231]},"J3o":{"weight":0.0,"played":[1.0,0.0],"evs":[0.0,-2.9169]},"Q3o":{"weight":0.0,"played":[1.0,0.0],"evs":[0.0,-2.86944]},"K3o":{"weight":0.0,"played":[1.0,0.0],"evs":[0.0,-2.44303]},"A3o":{"weight":0.0,"played":[1.0,0.0],"evs":[0.0,-0.53909]},"42s":{"weight":0.0,"played":[1.0,0.0],"evs":[0.0,-2.24586]},"43s":{"weight":0.0,"played":[1.0,0.0],"evs":[0.0,-1.57982]},"44":{"weight":0.0,"played":[0.0,1.0],"evs":[0.0,3.10003]},"54o":{"weight":0.0,"played":[1.0,0.0],"evs":[0.0,-2.14972]},"64o":{"weight":0.0,"played":[1.0,0.0],"evs":[0.0,-2.12626]},"74o":{"weight":0.0,"played":[1.0,0.0],"evs":[0.0,-2.47881]},"84o":{"weight":0.0,"played":[1.0,0.0],"evs":[0.0,-2.48076]},"94o":{"weight":0.0,"played":[1.0,0.0],"evs":[0.0,-3.03198]},"T4o":{"weight":0.0,"played":[1.0,0.0],"evs":[0.0,-3.27152]},"J4o":{"weight":0.0,"played":[1.0,0.0],"evs":[0.0,-2.76281]},"Q4o":{"weight":0.0,"played":[1.0,0.0],"evs":[0.0,-2.55683]},"K4o":{"weight":0.0,"played":[1.0,0.0],"evs":[0.0,-2.21468]},"A4o":{"weight":0.0,"played":[0.9914,0.0086],"evs":[0.0,-0.23606]},"52s":{"weight":0.0,"played":[1.0,0.0],"evs":[0.0,-1.8466]},"53s":{"weight":0.0,"played":[0.9987,0.0013],"evs":[0.0,-1.18526]},"54s":{"weight":0.0,"played":[0.836,0.164],"evs":[0.0,-0.37459]},"55":{"weight":0.0,"played":[0.0,1.0],"evs":[0.0,5.5066]},"65o":{"weight":0.0,"played":[1.0,0.0],"evs":[0.0,-1.10574]},"75o":{"weight":0.0,"played":[0.9999,1.0E-4],"evs":[0.0,-1.17115]},"85o":{"weight":0.0,"played":[0.9997,3.0E-4],"evs":[0.0,-1.43239]},"95o":{"weight":0.0,"played":[1.0,0.0],"evs":[0.0,-1.91107]},"T5o":{"weight":0.0,"played":[1.0,0.0],"evs":[0.0,-2.92605]},"J5o":{"weight":0.0,"played":[1.0,0.0],"evs":[0.0,-2.18247]},"Q5o":{"weight":0.0,"played":[1.0,0.0],"evs":[0.0,-1.96962]},"K5o":{"weight":0.0,"played":[1.0,0.0],"evs":[0.0,-1.72402]},"A5o":{"weight":0.0,"played":[0.001,0.999],"evs":[0.0,0.4267]},"62s":{"weight":0.0,"played":[1.0,0.0],"evs":[0.0,-1.78725]},"63s":{"weight":0.0,"played":[1.0,0.0],"evs":[0.0,-1.01885]},"64s":{"weight":0.0,"played":[0.8229,0.1771],"evs":[0.0,-0.41763]},"65s":{"weight":0.0,"played":[2.0E-4,0.9998],"evs":[0.0,0.5705]},"66":{"weight":0.0,"played":[0.0,1.0],"evs":[0.0,7.65646]},"76o":{"weight":0.0,"played":[0.9905,0.0095],"evs":[0.0,-0.37905]},"86o":{"weight":0.0,"played":[0.9999,1.0E-4],"evs":[0.0,-0.54376]},"96o":{"weight":0.0,"played":[0.9994,6.0E-4],"evs":[0.0,-0.82725]},"T6o":{"weight":0.0,"played":[1.0,0.0],"evs":[0.0,-1.74924]},"J6o":{"weight":0.0,"played":[1.0,0.0],"evs":[0.0,-1.92368]},"Q6o":{"weight":0.0,"played":[1.0,0.0],"evs":[0.0,-1.44766]},"K6o":{"weight":0.0,"played":[0.9998,2.0E-4],"evs":[0.0,-1.09568]},"A6o":{"weight":0.0,"played":[0.043,0.957],"evs":[0.0,0.40091]},"72s":{"weight":0.0,"played":[1.0,0.0],"evs":[0.0,-1.80342]},"73s":{"weight":0.0,"played":[1.0,0.0],"evs":[0.0,-1.15564]},"74s":{"weight":0.0,"played":[0.9706,0.0294],"evs":[0.0,-0.43422]},"75s":{"weight":0.0,"played":[2.0E-4,0.9998],"evs":[0.0,0.46635]},"76s":{"weight":4.0E-4,"played":[1.0E-4,0.9999],"evs":[0.0,1.6731]},"77":{"weight":0.0,"played":[0.0,1.0],"evs":[0.0,10.08249]},"87o":{"weight":0.0,"played":[0.0114,0.9886],"evs":[0.0,0.47699]},"97o":{"weight":0.0,"played":[0.0,1.0],"evs":[0.0,0.2464]},"T7o":{"weight":0.0,"played":[0.9994,6.0E-4],"evs":[0.0,-0.60364]},"J7o":{"weight":0.0,"played":[0.9999,1.0E-4],"evs":[0.0,-0.48489]},"Q7o":{"weight":0.0,"played":[0.9997,3.0E-4],"evs":[0.0,-1.20177]},"K7o":{"weight":0.0,"played":[1.0,0.0],"evs":[0.0,-0.76729]},"A7o":{"weight":0.0913,"played":[1.0E-4,0.9999],"evs":[0.0,1.03557]},"82s":{"weight":0.0,"played":[1.0,0.0],"evs":[0.0,-1.25582]},"83s":{"weight":0.0,"played":[0.9981,0.0019],"evs":[0.0,-1.38837]},"84s":{"weight":0.0,"played":[1.0,0.0],"evs":[0.0,-1.10818]},"85s":{"weight":0.0,"played":[7.0E-4,0.9993],"evs":[0.0,0.3972]},"86s":{"weight":0.0,"played":[0.0,1.0],"evs":[0.0,1.60803]},"87s":{"weight":0.752,"played":[0.0,1.0],"evs":[0.0,2.20731]},"88":{"weight":0.101,"played":[0.0,1.0],"evs":[0.0,11.4186]},"98o":{"weight":0.0,"played":[0.0,1.0],"evs":[0.0,0.92764]},"T8o":{"weight":0.0,"played":[0.003,0.997],"evs":[0.0,0.40864]},"J8o":{"weight":0.0,"played":[0.0073,0.9927],"evs":[0.0,0.22205]},"Q8o":{"weight":0.0,"played":[0.9891,0.0109],"evs":[0.0,-0.35426]},"K8o":{"weight":0.0,"played":[1.0,0.0],"evs":[0.0,-0.57028]},"A8o":{"weight":0.117,"played":[0.0,1.0],"evs":[0.0,2.06096]},"92s":{"weight":0.0,"played":[0.9998,2.0E-4],"evs":[0.0,-1.39666]},"93s":{"weight":0.0,"played":[0.9999,1.0E-4],"evs":[0.0,-1.16416]},"94s":{"weight":0.0,"played":[0.9997,3.0E-4],"evs":[0.0,-1.19204]},"95s":{"weight":0.0,"played":[0.495,0.505],"evs":[0.0,-0.12855]},"96s":{"weight":0.0,"played":[0.0,1.0],"evs":[0.0,0.79072]},"97s":{"weight":0.0198,"played":[0.0,1.0],"evs":[0.0,1.87375]},"98s":{"weight":0.036,"played":[0.0,1.0],"evs":[0.0,2.90984]},"99":{"weight":0.0022,"played":[0.0,1.0],"evs":[0.0,12.37274]},"T9o":{"weight":0.0,"played":[2.0E-4,0.9998],"evs":[0.0,1.10262]},"J9o":{"weight":0.0,"played":[0.0,1.0],"evs":[0.0,0.93279]},"Q9o":{"weight":0.0,"played":[6.0E-4,0.9994],"evs":[0.0,0.42911]},"K9o":{"weight":0.0,"played":[0.0016,0.9984],"evs":[0.0,0.21575]},"A9o":{"weight":0.1585,"played":[0.0,1.0],"evs":[0.0,3.06414]},"T2s":{"weight":0.0,"played":[1.0,0.0],"evs":[0.0,-1.52059]},"T3s":{"weight":0.0,"played":[0.9998,2.0E-4],"evs":[0.0,-1.37473]},"T4s":{"weight":0.0,"played":[0.9999,1.0E-4],"evs":[0.0,-1.50202]},"T5s":{"weight":0.0,"played":[1.0,0.0],"evs":[0.0,-0.94208]},"T6s":{"weight":0.0,"played":[0.0409,0.9591],"evs":[0.0,0.03842]},"T7s":{"weight":0.0,"played":[1.0E-4,0.9999],"evs":[0.0,0.95545]},"T8s":{"weight":0.5228,"played":[0.0,1.0],"evs":[0.0,2.16657]},"T9s":{"weight":0.4761,"played":[0.0,1.0],"evs":[0.0,2.67908]},"TT":{"weight":0.0566,"played":[0.0,1.0],"evs":[0.0,14.37479]},"JTo":{"weight":0.0,"played":[0.0,1.0],"evs":[0.0,1.15532]},"QTo":{"weight":0.0,"played":[2.0E-4,0.9998],"evs":[0.0,0.81007]},"KTo":{"weight":0.0,"played":[1.0E-4,0.9999],"evs":[0.0,0.66223]},"ATo":{"weight":0.0199,"played":[0.0,1.0],"evs":[0.0,5.87819]},"J2s":{"weight":0.0,"played":[0.9999,1.0E-4],"evs":[0.0,-1.19246]},"J3s":{"weight":0.0,"played":[0.9996,4.0E-4],"evs":[0.0,-0.7779]},"J4s":{"weight":0.0,"played":[0.9993,7.0E-4],"evs":[0.0,-0.98809]},"J5s":{"weight":0.0,"played":[0.9986,0.0014],"evs":[0.0,-0.32799]},"J6s":{"weight":0.0,"played":[0.2417,0.7583],"evs":[0.0,0.07836]},"J7s":{"weight":0.0,"played":[1.0E-4,0.9999],"evs":[0.0,1.34847]},"J8s":{"weight":0.4468,"played":[1.0E-4,0.9999],"evs":[0.0,1.87016]},"J9s":{"weight":0.2055,"played":[0.0,1.0],"evs":[0.0,2.50585]},"JTs":{"weight":0.7881,"played":[0.0,1.0],"evs":[0.0,2.85997]},"JJ":{"weight":0.346,"played":[0.0,1.0],"evs":[0.0,16.30271]},"QJo":{"weight":0.0419,"played":[0.0,1.0],"evs":[0.0,1.58345]},"KJo":{"weight":0.0727,"played":[0.0,1.0],"evs":[0.0,2.23602]},"AJo":{"weight":0.0043,"played":[0.0,1.0],"evs":[0.0,8.71452]},"Q2s":{"weight":0.0,"played":[0.9984,0.0016],"evs":[0.0,-1.18265]},"Q3s":{"weight":0.0,"played":[0.9966,0.0034],"evs":[0.0,-0.76164]},"Q4s":{"weight":0.0,"played":[0.9998,2.0E-4],"evs":[0.0,-0.63778]},"Q5s":{"weight":0.0,"played":[0.5529,0.4471],"evs":[0.0,-0.08192]},"Q6s":{"weight":0.0,"played":[0.0,1.0],"evs":[0.0,0.65919]},"Q7s":{"weight":0.0,"played":[8.0E-4,0.9992],"evs":[0.0,0.58642]},"Q8s":{"weight":0.0,"played":[2.0E-4,0.9998],"evs":[0.0,1.50617]},"Q9s":{"weight":0.9997,"played":[0.0,1.0],"evs":[0.0,2.18429]},"QTs":{"weight":0.6847,"played":[0.0,1.0],"evs":[0.0,2.45423]},"QJs":{"weight":0.1684,"played":[0.0,1.0],"evs":[0.0,3.2001]},"QQ":{"weight":0.4032,"played":[0.0,1.0],"evs":[0.0,18.62037]},"KQo":{"weight":0.2578,"played":[0.0,1.0],"evs":[0.0,4.5574]},"AQo":{"weight":1.0E-4,"played":[0.0,1.0],"evs":[0.0,11.0189]},"K2s":{"weight":0.0,"played":[0.9994,6.0E-4],"evs":[0.0,-0.79031]},"K3s":{"weight":0.0,"played":[0.997,0.003],"evs":[0.0,-0.77455]},"K4s":{"weight":0.0,"played":[0.9768,0.0232],"evs":[0.0,-0.3801]},"K5s":{"weight":0.0,"played":[0.0276,0.9724],"evs":[0.0,0.3211]},"K6s":{"weight":0.0,"played":[0.0013,0.9987],"evs":[0.0,0.62666]},"K7s":{"weight":0.0,"played":[1.0E-4,0.9999],"evs":[0.0,1.3407]},"K8s":{"weight":5.0E-4,"played":[0.0,1.0],"evs":[0.0,1.48169]},"K9s":{"weight":0.0078,"played":[0.0,1.0],"evs":[0.0,2.09256]},"KTs":{"weight":0.0049,"played":[0.0,1.0],"evs":[0.0,2.48184]},"KJs":{"weight":0.4064,"played":[0.0,1.0],"evs":[0.0,3.72482]},"KQs":{"weight":0.0709,"played":[0.0,1.0],"evs":[0.0,6.05195]},"KK":{"weight":0.8313,"played":[0.0,1.0],"evs":[0.0,20.83715]},"AKo":{"weight":0.1842,"played":[0.0,1.0],"evs":[0.0,11.42944]},"A2s":{"weight":2.0E-4,"played":[3.0E-4,0.9997],"evs":[0.0,1.36451]},"A3s":{"weight":0.0609,"played":[0.0014,0.9986],"evs":[0.0,1.34963]},"A4s":{"weight":4.0E-4,"played":[0.0,1.0],"evs":[0.0,1.65577]},"A5s":{"weight":0.0838,"played":[1.0E-4,0.9999],"evs":[0.0,2.34859]},"A6s":{"weight":0.0111,"played":[1.0E-4,0.9999],"evs":[0.0,2.33025]},"A7s":{"weight":0.1064,"played":[0.0,1.0],"evs":[0.0,3.18798]},"A8s":{"weight":0.1057,"played":[0.0,1.0],"evs":[0.0,3.62965]},"A9s":{"weight":0.5005,"played":[0.0,1.0],"evs":[0.0,4.53178]},"ATs":{"weight":0.0015,"played":[0.0,1.0],"evs":[0.0,7.35854]},"AJs":{"weight":0.3736,"played":[0.0,1.0],"evs":[0.0,9.94916]},"AQs":{"weight":0.1867,"played":[0.0,1.0],"evs":[0.0,11.9874]},"AKs":{"weight":0.0139,"played":[0.0,1.0],"evs":[0.0,12.67377]},"AA":{"weight":0.9976,"played":[0.0,1.0],"evs":[0.0,25.34427]}}}