{"player":1,"street":0,"children":3,"sequence":[{"player":0,"type":"F","amount":0,"street":0},{"player":1,"type":"R","amount":200000,"street":0},{"player":2,"type":"F","amount":0,"street":0},{"player":3,"type":"F","amount":0,"street":0},{"player":4,"type":"R","amount":700000,"street":0},{"player":5,"type":"F","amount":0,"street":0}],"actions":[{"type":"F","amount":0},{"type":"C","amount":500000},{"type":"R","amount":3375000,"node":149}],"hands":{"22":{"weight":0.9999,"played":[0.9966,0.0,0.0034],"evs":[0.0,-0.33063,-0.1163]},"32o":{"weight":0.0,"played":[1.0,0.0,0.0],"evs":[0.0,-1.15732,-2.50842]},"42o":{"weight":0.0,"played":[1.0,0.0,0.0],"evs":[0.0,-1.14465,-2.45021]},"52o":{"weight":0.0,"played":[1.0,0.0,0.0],"evs":[0.0,-1.28371,-2.57228]},"62o":{"weight":0.0,"played":[1.0,0.0,0.0],"evs":[0.0,-1.39131,-2.69178]},"72o":{"weight":0.0,"played":[1.0,0.0,0.0],"evs":[0.0,-1.64712,-3.0498]},"82o":{"weight":0.0,"played":[1.0,0.0,0.0],"evs":[0.0,-1.58253,-2.77362]},"92o":{"weight":0.0,"played":[1.0,0.0,0.0],"evs":[0.0,-1.53223,-2.73991]},"T2o":{"weight":0.0,"played":[1.0,0.0,0.0],"evs":[0.0,-1.53409,-2.74194]},"J2o":{"weight":0.0,"played":[1.0,0.0,0.0],"evs":[0.0,-1.35558,-2.34138]},"Q2o":{"weight":0.0,"played":[1.0,0.0,0.0],"evs":[0.0,-1.1071,-1.78022]},"K2o":{"weight":0.0,"played":[1.0,0.0,0.0],"evs":[0.0,-0.7739,-1.28894]},"A2o":{"weight":0.0,"played":[1.0,0.0,0.0],"evs":[0.0,-0.77498,-0.894]},"32s":{"weight":0.0,"played":[1.0,0.0,0.0],"evs":[0.0,-0.55271,-1.61011]},"33":{"weight":1.0,"played":[0.9464,0.0,0.0536],"evs":[0.0,-0.20484,-0.01756]},"43o":{"weight":0.0,"played":[1.0,0.0,0.0],"evs":[0.0,-0.87786,-2.11128]},"53o":{"weight":0.0,"played":[1.0,0.0,0.0],"evs":[0.0,-0.98488,-2.21295]},"63o":{"weight":0.0,"played":[1.0,0.0,0.0],"evs":[0.0,-1.08414,-2.34021]},"73o":{"weight":0.0,"played":[1.0,0.0,0.0],"evs":[0.0,-1.38301,-2.70796]},"83o":{"weight":0.0,"played":[1.0,0.0,0.0],"evs":[0.0,-1.53672,-2.71589]},"93o":{"weight":0.0,"played":[1.0,0.0,0.0],"evs":[0.0,-1.4842,-2.6755]},"T3o":{"weight":0.0,"played":[1.0,0.0,0.0],"evs":[0.0,-1.51342,-2.65369]},"J3o":{"weight":0.0,"played":[1.0,0.0,0.0],"evs":[0.0,-1.32211,-2.23109]},"Q3o":{"weight":0.0,"played":[1.0,0.0,0.0],"evs":[0.0,-1.08311,-1.75309]},"K3o":{"weight":0.0,"played":[1.0,0.0,0.0],"evs":[0.0,-0.73382,-1.21937]},"A3o":{"weight":0.0,"played":[1.0,0.0,0.0],"evs":[0.0,-0.67257,-0.80475]},"42s":{"weight":0.0,"played":[1.0,0.0,0.0],"evs":[0.0,-0.50058,-1.58084]},"43s":{"weight":0.0,"played":[1.0,0.0,0.0],"evs":[0.0,-0.23797,-1.18247]},"44":{"weight":1.0,"played":[0.4466,0.0315,0.5219],"evs":[0.0,-0.0236,0.03267]},"54o":{"weight":0.0,"played":[1.0,0.0,0.0],"evs":[0.0,-0.7312,-1.9052]},"64o":{"weight":0.0,"played":[1.0,0.0,0.0],"evs":[0.0,-0.81402,-2.03724]},"74o":{"weight":0.0,"played":[1.0,0.0,0.0],"evs":[0.0,-1.15178,-2.42081]},"84o":{"weight":0.0,"played":[1.0,0.0,0.0],"evs":[0.0,-1.3633,-2.44629]},"94o":{"weight":0.0,"played":[1.0,0.0,0.0],"evs":[0.0,-1.52964,-2.71734]},"T4o":{"weight":0.0,"played":[1.0,0.0,0.0],"evs":[0.0,-1.4928,-2.60813]},"J4o":{"weight":0.0,"played":[1.0,0.0,0.0],"evs":[0.0,-1.31895,-2.19655]},"Q4o":{"weight":0.0,"played":[1.0,0.0,0.0],"evs":[0.0,-1.09215,-1.66694]},"K4o":{"weight":0.0,"played":[1.0,0.0,0.0],"evs":[0.0,-0.75827,-1.17097]},"A4o":{"weight":1.0E-4,"played":[1.0,0.0,0.0],"evs":[0.0,-0.69344,-0.8051]},"52s":{"weight":0.0,"played":[1.0,0.0,0.0],"evs":[0.0,-0.64775,-1.68779]},"53s":{"weight":0.0,"played":[0.9999,1.0E-4,0.0],"evs":[0.0,-0.37449,-1.34561]},"54s":{"weight":0.0,"played":[0.9923,0.0077,0.0],"evs":[0.0,-0.11682,-1.06676]},"55":{"weight":1.0,"played":[2.0E-4,0.9992,6.0E-4],"evs":[0.0,0.10096,-0.0528]},"65o":{"weight":0.0,"played":[1.0,0.0,0.0],"evs":[0.0,-0.73803,-1.89937]},"75o":{"weight":0.0,"played":[1.0,0.0,0.0],"evs":[0.0,-1.02043,-2.23072]},"85o":{"weight":0.0,"played":[1.0,0.0,0.0],"evs":[0.0,-1.21494,-2.30363]},"95o":{"weight":0.0,"played":[1.0,0.0,0.0],"evs":[0.0,-1.45955,-2.58112]},"T5o":{"weight":0.0,"played":[1.0,0.0,0.0],"evs":[0.0,-1.65306,-2.81937]},"J5o":{"weight":0.0,"played":[1.0,0.0,0.0],"evs":[0.0,-1.49867,-2.31165]},"Q5o":{"weight":0.0,"played":[1.0,0.0,0.0],"evs":[0.0,-1.26249,-1.80202]},"K5o":{"weight":0.0,"played":[1.0,0.0,0.0],"evs":[0.0,-0.91519,-1.28254]},"A5o":{"weight":1.0,"played":[1.0,0.0,0.0],"evs":[0.0,-0.62589,-0.81106]},"62s":{"weight":0.0,"played":[1.0,0.0,0.0],"evs":[0.0,-0.7551,-1.73666]},"63s":{"weight":0.0,"played":[1.0,0.0,0.0],"evs":[0.0,-0.45762,-1.44747]},"64s":{"weight":0.0,"played":[0.9986,0.0014,0.0],"evs":[0.0,-0.21284,-1.1821]},"65s":{"weight":0.0,"played":[0.9985,0.0015,0.0],"evs":[0.0,-0.03824,-1.02011]},"66":{"weight":1.0,"played":[0.0,0.9885,0.0115],"evs":[0.0,0.40631,0.3248]},"76o":{"weight":0.0,"played":[1.0,0.0,0.0],"evs":[0.0,-0.67614,-1.78007]},"86o":{"weight":0.0,"played":[1.0,0.0,0.0],"evs":[0.0,-0.84345,-1.79084]},"96o":{"weight":0.0,"played":[1.0,0.0,0.0],"evs":[0.0,-1.04535,-2.03353]},"T6o":{"weight":0.0,"played":[1.0,0.0,0.0],"evs":[0.0,-1.22866,-2.28436]},"J6o":{"weight":0.0,"played":[1.0,0.0,0.0],"evs":[0.0,-1.31505,-2.13196]},"Q6o":{"weight":0.0,"played":[1.0,0.0,0.0],"evs":[0.0,-1.04502,-1.5497]},"K6o":{"weight":0.0,"played":[1.0,0.0,0.0],"evs":[0.0,-0.67085,-1.04078]},"A6o":{"weight":0.6656,"played":[1.0,0.0,0.0],"evs":[0.0,-0.73882,-0.98714]},"72s":{"weight":0.0,"played":[1.0,0.0,0.0],"evs":[0.0,-1.00909,-2.13061]},"73s":{"weight":0.0,"played":[1.0,0.0,0.0],"evs":[0.0,-0.72868,-1.77156]},"74s":{"weight":0.0,"played":[1.0,0.0,0.0],"evs":[0.0,-0.44606,-1.4678]},"75s":{"weight":0.0,"played":[1.0,0.0,0.0],"evs":[0.0,-0.3768,-1.39949]},"76s":{"weight":0.9862,"played":[0.1381,0.8619,0.0],"evs":[0.0,0.01195,-0.86984]},"77":{"weight":1.0,"played":[0.0,0.3731,0.6269],"evs":[0.0,0.326,0.33846]},"87o":{"weight":0.0,"played":[1.0,0.0,0.0],"evs":[0.0,-0.68427,-1.55565]},"97o":{"weight":0.0,"played":[1.0,0.0,0.0],"evs":[0.0,-0.87044,-1.89887]},"T7o":{"weight":0.0,"played":[1.0,0.0,0.0],"evs":[0.0,-1.07329,-2.08265]},"J7o":{"weight":0.0,"played":[1.0,0.0,0.0],"evs":[0.0,-1.11747,-1.95663]},"Q7o":{"weight":0.0,"played":[1.0,0.0,0.0],"evs":[0.0,-1.06079,-1.66764]},"K7o":{"weight":0.0,"played":[1.0,0.0,0.0],"evs":[0.0,-0.72276,-1.11595]},"A7o":{"weight":1.0,"played":[1.0,0.0,0.0],"evs":[0.0,-0.72983,-0.97618]},"82s":{"weight":0.0,"played":[1.0,0.0,0.0],"evs":[0.0,-0.92172,-1.81752]},"83s":{"weight":0.0,"played":[1.0,0.0,0.0],"evs":[0.0,-0.91254,-1.8431]},"84s":{"weight":0.0,"played":[1.0,0.0,0.0],"evs":[0.0,-0.69751,-1.55964]},"85s":{"weight":0.0,"played":[1.0,0.0,0.0],"evs":[0.0,-0.51798,-1.3477]},"86s":{"weight":0.0,"played":[1.0,0.0,0.0],"evs":[0.0,-0.14973,-0.91294]},"87s":{"weight":1.0,"played":[0.0309,0.9691,0.0],"evs":[0.0,0.02961,-0.66232]},"88":{"weight":0.9993,"played":[0.0,0.0491,0.9509],"evs":[0.0,0.96029,1.01389]},"98o":{"weight":0.0,"played":[1.0,0.0,0.0],"evs":[0.0,-0.67209,-1.49869]},"T8o":{"weight":0.0,"played":[1.0,0.0,0.0],"evs":[0.0,-0.86108,-1.65937]},"J8o":{"weight":0.0,"played":[1.0,0.0,0.0],"evs":[0.0,-0.90575,-1.54027]},"Q8o":{"weight":0.0,"played":[1.0,0.0,0.0],"evs":[0.0,-0.88063,-1.26104]},"K8o":{"weight":0.0,"played":[1.0,0.0,0.0],"evs":[0.0,-0.62092,-0.95504]},"A8o":{"weight":1.0,"played":[1.0,0.0,0.0],"evs":[0.0,-0.52503,-0.77215]},"92s":{"weight":0.0,"played":[1.0,0.0,0.0],"evs":[0.0,-0.94366,-1.84105]},"93s":{"weight":0.0,"played":[1.0,0.0,0.0],"evs":[0.0,-0.85568,-1.75671]},"94s":{"weight":0.0,"played":[1.0,0.0,0.0],"evs":[0.0,-0.86752,-1.77235]},"95s":{"weight":0.0,"played":[1.0,0.0,0.0],"evs":[0.0,-0.82502,-1.63738]},"96s":{"weight":0.0,"played":[1.0,0.0,0.0],"evs":[0.0,-0.32063,-1.18054]},"97s":{"weight":0.9995,"played":[1.0,0.0,0.0],"evs":[0.0,-0.18584,-0.98877]},"98s":{"weight":1.0,"played":[0.6029,0.3971,0.0],"evs":[0.0,-0.00211,-0.63504]},"99":{"weight":1.0,"played":[0.0,0.6039,0.3961],"evs":[0.0,1.56565,1.56135]},"T9o":{"weight":0.0648,"played":[1.0,0.0,0.0],"evs":[0.0,-0.68616,-1.41349]},"J9o":{"weight":0.0,"played":[1.0,0.0,0.0],"evs":[0.0,-0.71284,-1.25993]},"Q9o":{"weight":0.0,"played":[1.0,0.0,0.0],"evs":[0.0,-0.68367,-0.94328]},"K9o":{"weight":0.9965,"played":[1.0,0.0,0.0],"evs":[0.0,-0.48114,-0.69355]},"A9o":{"weight":1.0,"played":[1.0,0.0,0.0],"evs":[0.0,-0.24697,-0.6775]},"T2s":{"weight":0.0,"played":[1.0,0.0,0.0],"evs":[0.0,-0.88375,-1.7592]},"T3s":{"weight":0.0,"played":[1.0,0.0,0.0],"evs":[0.0,-0.85207,-1.75159]},"T4s":{"weight":0.0,"played":[1.0,0.0,0.0],"evs":[0.0,-0.80068,-1.6739]},"T5s":{"weight":0.0,"played":[1.0,0.0,0.0],"evs":[0.0,-0.9921,-1.85345]},"T6s":{"weight":0.0,"played":[1.0,0.0,0.0],"evs":[0.0,-0.5575,-1.40978]},"T7s":{"weight":0.9998,"played":[1.0,0.0,0.0],"evs":[0.0,-0.39509,-1.17047]},"T8s":{"weight":1.0,"played":[0.9994,6.0E-4,0.0],"evs":[0.0,-0.14654,-0.80098]},"T9s":{"weight":1.0,"played":[0.0874,0.9126,0.0],"evs":[0.0,0.03707,-0.51537]},"TT":{"weight":1.0,"played":[0.0,0.8756,0.1244],"evs":[0.0,1.9632,1.86539]},"JTo":{"weight":1.0,"played":[1.0,0.0,0.0],"evs":[0.0,-0.44721,-0.80639]},"QTo":{"weight":1.0,"played":[1.0,0.0,0.0],"evs":[0.0,-0.2285,-0.46206]},"KTo":{"weight":1.0,"played":[0.9999,1.0E-4,0.0],"evs":[0.0,-0.06302,-0.27107]},"ATo":{"weight":1.0,"played":[0.0,1.0,0.0],"evs":[0.0,0.28898,-0.42896]},"J2s":{"weight":0.0,"played":[1.0,0.0,0.0],"evs":[0.0,-0.71017,-1.3816]},"J3s":{"weight":0.0,"played":[1.0,0.0,0.0],"evs":[0.0,-0.67788,-1.30422]},"J4s":{"weight":0.0,"played":[1.0,0.0,0.0],"evs":[0.0,-0.70345,-1.34017]},"J5s":{"weight":0.0,"played":[1.0,0.0,0.0],"evs":[0.0,-0.88857,-1.41685]},"J6s":{"weight":0.0,"played":[1.0,0.0,0.0],"evs":[0.0,-0.57483,-1.22283]},"J7s":{"weight":0.003,"played":[1.0,0.0,0.0],"evs":[0.0,-0.45579,-1.1012]},"J8s":{"weight":1.0,"played":[1.0,0.0,0.0],"evs":[0.0,-0.24506,-0.69454]},"J9s":{"weight":1.0,"played":[0.9164,0.0836,0.0],"evs":[0.0,-0.04429,-0.44548]},"JTs":{"weight":1.0,"played":[0.0,1.0,0.0],"evs":[0.0,0.27804,0.00468]},"JJ":{"weight":1.0,"played":[0.0,0.0,1.0],"evs":[0.0,3.20606,3.39303]},"QJo":{"weight":1.0,"played":[0.9993,7.0E-4,0.0],"evs":[0.0,-0.03625,-0.32245]},"KJo":{"weight":1.0,"played":[0.6447,0.3455,0.0098],"evs":[0.0,0.00534,-0.03954]},"AJo":{"weight":1.0,"played":[0.0,0.9998,2.0E-4],"evs":[0.0,0.8187,0.76864]},"Q2s":{"weight":0.0,"played":[1.0,0.0,0.0],"evs":[0.0,-0.4762,-0.85938]},"Q3s":{"weight":0.0,"played":[1.0,0.0,0.0],"evs":[0.0,-0.42401,-0.8212]},"Q4s":{"weight":0.0,"played":[1.0,0.0,0.0],"evs":[0.0,-0.40552,-0.80632]},"Q5s":{"weight":0.0,"played":[1.0,0.0,0.0],"evs":[0.0,-0.65458,-0.93752]},"Q6s":{"weight":0.0,"played":[1.0,0.0,0.0],"evs":[0.0,-0.36919,-0.65306]},"Q7s":{"weight":0.9988,"played":[1.0,0.0,0.0],"evs":[0.0,-0.42257,-0.79258]},"Q8s":{"weight":1.0,"played":[1.0,0.0,0.0],"evs":[0.0,-0.20186,-0.40714]},"Q9s":{"weight":1.0,"played":[0.3164,0.6836,0.0],"evs":[0.0,0.03045,-0.03556]},"QTs":{"weight":1.0,"played":[0.0,1.0,0.0],"evs":[0.0,0.4821,0.27756]},"QJs":{"weight":1.0,"played":[0.0,0.9998,2.0E-4],"evs":[0.0,0.70756,0.48223]},"QQ":{"weight":1.0,"played":[0.0,0.0,1.0],"evs":[0.0,5.31796,5.51839]},"KQo":{"weight":1.0,"played":[0.0,0.9989,0.0011],"evs":[0.0,0.44182,0.40488]},"AQo":{"weight":0.9993,"played":[0.0,0.0,1.0],"evs":[0.0,1.89699,2.19681]},"K2s":{"weight":0.0,"played":[1.0,0.0,0.0],"evs":[0.0,-0.11814,-0.40025]},"K3s":{"weight":0.0,"played":[0.9999,1.0E-4,0.0],"evs":[0.0,-0.07008,-0.26374]},"K4s":{"weight":0.0,"played":[1.0,0.0,0.0],"evs":[0.0,-0.08276,-0.33772]},"K5s":{"weight":0.9999,"played":[1.0,0.0,0.0],"evs":[0.0,-0.19489,-0.34611]},"K6s":{"weight":1.0,"played":[0.0702,0.9298,0.0],"evs":[0.0,0.05304,-0.13781]},"K7s":{"weight":1.0,"played":[0.7599,0.2401,0.0],"evs":[0.0,-0.01046,-0.22356]},"K8s":{"weight":1.0,"played":[0.3753,0.6247,0.0],"evs":[0.0,0.00553,-0.14699]},"K9s":{"weight":1.0,"played":[2.0E-4,0.9077,0.0921],"evs":[0.0,0.19004,0.15819]},"KTs":{"weight":0.9996,"played":[0.0,1.0,0.0],"evs":[0.0,0.67307,0.5534]},"KJs":{"weight":1.0,"played":[0.0,0.4032,0.5968],"evs":[0.0,0.7097,0.71376]},"KQs":{"weight":1.0,"played":[0.0,0.4466,0.5534],"evs":[0.0,1.19607,1.20083]},"KK":{"weight":1.0,"played":[0.0,0.9995,5.0E-4],"evs":[0.0,8.07348,7.90526]},"AKo":{"weight":0.9997,"played":[0.0,0.0,1.0],"evs":[0.0,3.41605,4.13153]},"A2s":{"weight":1.0,"played":[0.6642,0.0095,0.3264],"evs":[0.0,-0.03038,-0.00329]},"A3s":{"weight":1.0,"played":[0.0045,0.8584,0.1371],"evs":[0.0,0.08188,0.0271]},"A4s":{"weight":1.0,"played":[0.0015,0.1652,0.8333],"evs":[0.0,0.05939,0.11432]},"A5s":{"weight":1.0,"played":[0.0016,0.9944,0.004],"evs":[0.0,0.15397,0.03817]},"A6s":{"weight":1.0,"played":[0.0821,0.9078,0.0101],"evs":[0.0,0.03497,-0.11576]},"A7s":{"weight":1.0,"played":[0.0,0.9998,2.0E-4],"evs":[0.0,0.13908,-0.08213]},"A8s":{"weight":1.0,"played":[0.0,1.0,0.0],"evs":[0.0,0.25804,0.03421]},"A9s":{"weight":0.9992,"played":[0.0,1.0,0.0],"evs":[0.0,0.62612,0.12861]},"ATs":{"weight":1.0,"played":[0.0,1.0,0.0],"evs":[0.0,1.27403,0.41734]},"AJs":{"weight":1.0,"played":[0.0,1.0,0.0],"evs":[0.0,1.76518,1.48968]},"AQs":{"weight":1.0,"played":[0.0,0.5516,0.4484],"evs":[0.0,2.86001,2.87485]},"AKs":{"weight":1.0,"played":[0.0,0.0,1.0],"evs":[0.0,4.31353,4.66673]},"AA":{"weight":1.0,"played":[0.0,1.0,0.0],"evs":[0.0,13.51091,11.81732]}}}