{"player":1,"street":0,"children":3,"sequence":[{"player":0,"type":"F","amount":0,"street":0},{"player":1,"type":"R","amount":200000,"street":0},{"player":2,"type":"F","amount":0,"street":0},{"player":3,"type":"F","amount":0,"street":0},{"player":4,"type":"R","amount":700000,"street":0},{"player":5,"type":"R","amount":895000,"street":0}],"actions":[{"type":"F","amount":0,"node":151},{"type":"C","amount":695000,"node":152},{"type":"R","amount":3375000,"node":153}],"hands":{"22":{"weight":0.9999,"played":[1.0,0.0,0.0],"evs":[0.0,-0.13452,-0.70139]},"32o":{"weight":0.0,"played":[1.0,0.0,0.0],"evs":[0.0,-2.00105,-3.88632]},"42o":{"weight":0.0,"played":[1.0,0.0,0.0],"evs":[0.0,-1.81645,-3.71966]},"52o":{"weight":0.0,"played":[1.0,0.0,0.0],"evs":[0.0,-1.94116,-3.67229]},"62o":{"weight":0.0,"played":[1.0,0.0,0.0],"evs":[0.0,-2.01236,-3.93732]},"72o":{"weight":0.0,"played":[1.0,0.0,0.0],"evs":[0.0,-2.2483,-4.24874]},"82o":{"weight":0.0,"played":[1.0,0.0,0.0],"evs":[0.0,-2.21251,-4.25048]},"92o":{"weight":0.0,"played":[1.0,0.0,0.0],"evs":[0.0,-2.23398,-4.23215]},"T2o":{"weight":0.0,"played":[1.0,0.0,0.0],"evs":[0.0,-2.14455,-4.13664]},"J2o":{"weight":0.0,"played":[1.0,0.0,0.0],"evs":[0.0,-2.05753,-3.89729]},"Q2o":{"weight":0.0,"played":[1.0,0.0,0.0],"evs":[0.0,-1.83148,-3.4762]},"K2o":{"weight":0.0,"played":[1.0,0.0,0.0],"evs":[0.0,-1.52252,-2.89545]},"A2o":{"weight":0.0,"played":[1.0,0.0,0.0],"evs":[0.0,-1.5821,-2.04076]},"32s":{"weight":0.0,"played":[1.0,0.0,0.0],"evs":[0.0,-1.18247,-2.77309]},"33":{"weight":1.0,"played":[0.9846,0.0154,0.0],"evs":[0.0,-0.05882,-0.27698]},"43o":{"weight":0.0,"played":[1.0,0.0,0.0],"evs":[0.0,-1.50792,-3.14148]},"53o":{"weight":0.0,"played":[1.0,0.0,0.0],"evs":[0.0,-1.52133,-3.09609]},"63o":{"weight":0.0,"played":[1.0,0.0,0.0],"evs":[0.0,-1.62248,-3.36374]},"73o":{"weight":0.0,"played":[1.0,0.0,0.0],"evs":[0.0,-2.01004,-3.75638]},"83o":{"weight":0.0,"played":[1.0,0.0,0.0],"evs":[0.0,-2.16863,-4.18205]},"93o":{"weight":0.0,"played":[1.0,0.0,0.0],"evs":[0.0,-2.1693,-4.08411]},"T3o":{"weight":0.0,"played":[1.0,0.0,0.0],"evs":[0.0,-2.07026,-3.98751]},"J3o":{"weight":0.0,"played":[1.0,0.0,0.0],"evs":[0.0,-2.0029,-3.74667]},"Q3o":{"weight":0.0,"played":[1.0,0.0,0.0],"evs":[0.0,-1.70322,-3.22747]},"K3o":{"weight":0.0,"played":[1.0,0.0,0.0],"evs":[0.0,-1.4107,-2.74324]},"A3o":{"weight":0.0,"played":[1.0,0.0,0.0],"evs":[0.0,-1.44553,-1.93908]},"42s":{"weight":0.0,"played":[1.0,0.0,0.0],"evs":[0.0,-0.96219,-2.49431]},"43s":{"weight":0.0,"played":[1.0,0.0,0.0],"evs":[0.0,-0.66126,-2.02146]},"44":{"weight":1.0,"played":[3.0E-4,0.9997,0.0],"evs":[0.0,0.19668,0.11391]},"54o":{"weight":0.0,"played":[1.0,0.0,0.0],"evs":[0.0,-1.19291,-2.66836]},"64o":{"weight":0.0,"played":[1.0,0.0,0.0],"evs":[0.0,-1.21573,-2.81446]},"74o":{"weight":0.0,"played":[1.0,0.0,0.0],"evs":[0.0,-1.61978,-3.24319]},"84o":{"weight":0.0,"played":[1.0,0.0,0.0],"evs":[0.0,-1.81269,-3.68724]},"94o":{"weight":0.0,"played":[1.0,0.0,0.0],"evs":[0.0,-2.14886,-4.0464]},"T4o":{"weight":0.0,"played":[1.0,0.0,0.0],"evs":[0.0,-2.00142,-3.8639]},"J4o":{"weight":0.0,"played":[1.0,0.0,0.0],"evs":[0.0,-1.89062,-3.55529]},"Q4o":{"weight":0.0,"played":[1.0,0.0,0.0],"evs":[0.0,-1.63671,-3.06559]},"K4o":{"weight":0.0,"played":[1.0,0.0,0.0],"evs":[0.0,-1.31443,-2.5474]},"A4o":{"weight":1.0E-4,"played":[1.0,0.0,0.0],"evs":[0.0,-1.30356,-1.62245]},"52s":{"weight":0.0,"played":[1.0,0.0,0.0],"evs":[0.0,-1.01746,-2.40356]},"53s":{"weight":0.0,"played":[1.0,0.0,0.0],"evs":[0.0,-0.6388,-2.03893]},"54s":{"weight":0.0,"played":[1.0,0.0,0.0],"evs":[0.0,-0.29703,-1.43936]},"55":{"weight":1.0,"played":[0.0,1.0,0.0],"evs":[0.0,0.40846,0.31878]},"65o":{"weight":0.0,"played":[1.0,0.0,0.0],"evs":[0.0,-1.00502,-2.51044]},"75o":{"weight":0.0,"played":[1.0,0.0,0.0],"evs":[0.0,-1.3469,-2.833]},"85o":{"weight":0.0,"played":[1.0,0.0,0.0],"evs":[0.0,-1.62622,-3.27871]},"95o":{"weight":0.0,"played":[1.0,0.0,0.0],"evs":[0.0,-1.90328,-3.64959]},"T5o":{"weight":0.0,"played":[1.0,0.0,0.0],"evs":[0.0,-2.14661,-3.96836]},"J5o":{"weight":0.0,"played":[1.0,0.0,0.0],"evs":[0.0,-2.04278,-3.55308]},"Q5o":{"weight":0.0,"played":[1.0,0.0,0.0],"evs":[0.0,-1.74933,-3.11459]},"K5o":{"weight":0.0,"played":[1.0,0.0,0.0],"evs":[0.0,-1.47621,-2.67024]},"A5o":{"weight":1.0,"played":[1.0,0.0,0.0],"evs":[0.0,-1.1905,-1.594]},"62s":{"weight":0.0,"played":[1.0,0.0,0.0],"evs":[0.0,-1.16629,-2.71653]},"63s":{"weight":0.0,"played":[1.0,0.0,0.0],"evs":[0.0,-0.88393,-2.27459]},"64s":{"weight":0.0,"played":[1.0,0.0,0.0],"evs":[0.0,-0.39973,-1.74547]},"65s":{"weight":0.0,"played":[0.9995,5.0E-4,0.0],"evs":[0.0,-0.09962,-1.28241]},"66":{"weight":1.0,"played":[0.0,0.8736,0.1264],"evs":[0.0,0.74531,0.76118]},"76o":{"weight":0.0,"played":[1.0,0.0,0.0],"evs":[0.0,-0.91596,-2.30856]},"86o":{"weight":0.0,"played":[1.0,0.0,0.0],"evs":[0.0,-1.14327,-2.65169]},"96o":{"weight":0.0,"played":[1.0,0.0,0.0],"evs":[0.0,-1.42384,-3.00687]},"T6o":{"weight":0.0,"played":[1.0,0.0,0.0],"evs":[0.0,-1.66351,-3.31453]},"J6o":{"weight":0.0,"played":[1.0,0.0,0.0],"evs":[0.0,-1.80674,-3.41296]},"Q6o":{"weight":0.0,"played":[1.0,0.0,0.0],"evs":[0.0,-1.45774,-2.80689]},"K6o":{"weight":0.0,"played":[1.0,0.0,0.0],"evs":[0.0,-1.12789,-2.37616]},"A6o":{"weight":0.6656,"played":[1.0,0.0,0.0],"evs":[0.0,-1.28637,-1.8386]},"72s":{"weight":0.0,"played":[1.0,0.0,0.0],"evs":[0.0,-1.56595,-3.21575]},"73s":{"weight":0.0,"played":[1.0,0.0,0.0],"evs":[0.0,-1.12388,-2.60582]},"74s":{"weight":0.0,"played":[1.0,0.0,0.0],"evs":[0.0,-0.71664,-2.10551]},"75s":{"weight":0.0,"played":[1.0,0.0,0.0],"evs":[0.0,-0.45954,-1.60975]},"76s":{"weight":0.9862,"played":[0.9209,0.0791,0.0],"evs":[0.0,-0.04273,-1.20164]},"77":{"weight":1.0,"played":[1.0E-4,0.9091,0.0909],"evs":[0.0,0.9395,0.94269]},"87o":{"weight":0.0,"played":[1.0,0.0,0.0],"evs":[0.0,-0.88098,-2.41377]},"97o":{"weight":0.0,"played":[1.0,0.0,0.0],"evs":[0.0,-1.15373,-2.69082]},"T7o":{"weight":0.0,"played":[1.0,0.0,0.0],"evs":[0.0,-1.41864,-2.98932]},"J7o":{"weight":0.0,"played":[1.0,0.0,0.0],"evs":[0.0,-1.61062,-3.06047]},"Q7o":{"weight":0.0,"played":[1.0,0.0,0.0],"evs":[0.0,-1.48111,-2.89963]},"K7o":{"weight":0.0,"played":[1.0,0.0,0.0],"evs":[0.0,-1.16239,-2.29695]},"A7o":{"weight":1.0,"played":[1.0,0.0,0.0],"evs":[0.0,-1.18758,-1.70678]},"82s":{"weight":0.0,"played":[1.0,0.0,0.0],"evs":[0.0,-1.42659,-3.11671]},"83s":{"weight":0.0,"played":[1.0,0.0,0.0],"evs":[0.0,-1.3336,-3.0277]},"84s":{"weight":0.0,"played":[1.0,0.0,0.0],"evs":[0.0,-0.99016,-2.52533]},"85s":{"weight":0.0,"played":[1.0,0.0,0.0],"evs":[0.0,-0.67109,-2.09713]},"86s":{"weight":0.0,"played":[0.9999,1.0E-4,0.0],"evs":[0.0,-0.25582,-1.70237]},"87s":{"weight":1.0,"played":[0.9998,2.0E-4,0.0],"evs":[0.0,-0.04933,-1.29478]},"88":{"weight":0.9993,"played":[0.0,0.9644,0.0356],"evs":[0.0,1.30393,1.2085]},"98o":{"weight":0.0,"played":[1.0,0.0,0.0],"evs":[0.0,-0.98711,-2.53996]},"T8o":{"weight":0.0,"played":[1.0,0.0,0.0],"evs":[0.0,-1.11493,-2.83078]},"J8o":{"weight":0.0,"played":[1.0,0.0,0.0],"evs":[0.0,-1.24334,-2.78711]},"Q8o":{"weight":0.0,"played":[1.0,0.0,0.0],"evs":[0.0,-1.28744,-2.67015]},"K8o":{"weight":0.0,"played":[1.0,0.0,0.0],"evs":[0.0,-1.15772,-2.49454]},"A8o":{"weight":1.0,"played":[1.0,0.0,0.0],"evs":[0.0,-0.95415,-1.718]},"92s":{"weight":0.0,"played":[1.0,0.0,0.0],"evs":[0.0,-1.36325,-2.97193]},"93s":{"weight":0.0,"played":[1.0,0.0,0.0],"evs":[0.0,-1.28198,-2.95154]},"94s":{"weight":0.0,"played":[1.0,0.0,0.0],"evs":[0.0,-1.1909,-2.71311]},"95s":{"weight":0.0,"played":[1.0,0.0,0.0],"evs":[0.0,-1.17251,-2.43264]},"96s":{"weight":0.0,"played":[1.0,0.0,0.0],"evs":[0.0,-0.48125,-1.86987]},"97s":{"weight":0.9995,"played":[0.9999,1.0E-4,0.0],"evs":[0.0,-0.32255,-1.60426]},"98s":{"weight":1.0,"played":[0.9962,0.0038,0.0],"evs":[0.0,-0.1523,-1.57545]},"99":{"weight":1.0,"played":[0.0,0.8949,0.1051],"evs":[0.0,1.74902,1.66378]},"T9o":{"weight":0.0648,"played":[1.0,0.0,0.0],"evs":[0.0,-0.88615,-2.41693]},"J9o":{"weight":0.0,"played":[1.0,0.0,0.0],"evs":[0.0,-1.09214,-2.47779]},"Q9o":{"weight":0.0,"played":[1.0,0.0,0.0],"evs":[0.0,-1.08196,-2.33523]},"K9o":{"weight":0.9965,"played":[1.0,0.0,0.0],"evs":[0.0,-0.94692,-2.11574]},"A9o":{"weight":1.0,"played":[1.0,0.0,0.0],"evs":[0.0,-0.5894,-1.30234]},"T2s":{"weight":0.0,"played":[1.0,0.0,0.0],"evs":[0.0,-1.30136,-2.95414]},"T3s":{"weight":0.0,"played":[1.0,0.0,0.0],"evs":[0.0,-1.1491,-2.82747]},"T4s":{"weight":0.0,"played":[1.0,0.0,0.0],"evs":[0.0,-1.08258,-2.65391]},"T5s":{"weight":0.0,"played":[1.0,0.0,0.0],"evs":[0.0,-1.30375,-2.78558]},"T6s":{"weight":0.0,"played":[1.0,0.0,0.0],"evs":[0.0,-0.6385,-2.07111]},"T7s":{"weight":0.9998,"played":[1.0,0.0,0.0],"evs":[0.0,-0.58307,-1.85854]},"T8s":{"weight":1.0,"played":[1.0,0.0,0.0],"evs":[0.0,-0.2097,-1.60319]},"T9s":{"weight":1.0,"played":[0.5389,0.4611,0.0],"evs":[0.0,0.03138,-1.34862]},"TT":{"weight":1.0,"played":[0.0,0.2727,0.7273],"evs":[0.0,2.28572,2.29406]},"JTo":{"weight":1.0,"played":[1.0,0.0,0.0],"evs":[0.0,-0.74117,-2.04802]},"QTo":{"weight":1.0,"played":[1.0,0.0,0.0],"evs":[0.0,-0.39495,-1.74629]},"KTo":{"weight":1.0,"played":[1.0,0.0,0.0],"evs":[0.0,-0.27423,-1.49587]},"ATo":{"weight":1.0,"played":[0.001,0.999,0.0],"evs":[0.0,0.18348,-0.59682]},"J2s":{"weight":0.0,"played":[1.0,0.0,0.0],"evs":[0.0,-1.2476,-2.66296]},"J3s":{"weight":0.0,"played":[1.0,0.0,0.0],"evs":[0.0,-1.07491,-2.46765]},"J4s":{"weight":0.0,"played":[1.0,0.0,0.0],"evs":[0.0,-1.02823,-2.36856]},"J5s":{"weight":0.0,"played":[1.0,0.0,0.0],"evs":[0.0,-1.05855,-2.289]},"J6s":{"weight":0.0,"played":[1.0,0.0,0.0],"evs":[0.0,-0.89859,-2.26277]},"J7s":{"weight":0.003,"played":[1.0,0.0,0.0],"evs":[0.0,-0.59695,-1.81301]},"J8s":{"weight":1.0,"played":[0.9999,1.0E-4,0.0],"evs":[0.0,-0.42966,-1.76399]},"J9s":{"weight":1.0,"played":[0.9975,0.0025,0.0],"evs":[0.0,-0.32556,-1.45711]},"JTs":{"weight":1.0,"played":[0.0023,0.9977,0.0],"evs":[0.0,0.21242,-0.93043]},"JJ":{"weight":1.0,"played":[0.0,0.0,1.0],"evs":[0.0,3.72832,3.90557]},"QJo":{"weight":1.0,"played":[1.0,0.0,0.0],"evs":[0.0,-0.29087,-1.53249]},"KJo":{"weight":1.0,"played":[0.9991,9.0E-4,0.0],"evs":[0.0,-0.17032,-0.95328]},"AJo":{"weight":1.0,"played":[0.0,1.0,0.0],"evs":[0.0,0.70176,0.26068]},"Q2s":{"weight":0.0,"played":[1.0,0.0,0.0],"evs":[0.0,-0.94698,-2.32071]},"Q3s":{"weight":0.0,"played":[1.0,0.0,0.0],"evs":[0.0,-0.80929,-2.04132]},"Q4s":{"weight":0.0,"played":[1.0,0.0,0.0],"evs":[0.0,-0.73075,-1.96076]},"Q5s":{"weight":0.0,"played":[1.0,0.0,0.0],"evs":[0.0,-0.85536,-1.9699]},"Q6s":{"weight":0.0,"played":[1.0,0.0,0.0],"evs":[0.0,-0.5334,-1.59355]},"Q7s":{"weight":0.9988,"played":[1.0,0.0,0.0],"evs":[0.0,-0.66075,-1.78038]},"Q8s":{"weight":1.0,"played":[1.0,0.0,0.0],"evs":[0.0,-0.37509,-1.51229]},"Q9s":{"weight":1.0,"played":[1.0,0.0,0.0],"evs":[0.0,-0.2039,-1.18756]},"QTs":{"weight":1.0,"played":[1.0E-4,0.9999,0.0],"evs":[0.0,0.43977,-0.67759]},"QJs":{"weight":1.0,"played":[4.0E-4,0.9996,0.0],"evs":[0.0,0.54253,-0.50847]},"QQ":{"weight":1.0,"played":[0.0,0.0,1.0],"evs":[0.0,6.49632,6.5533]},"KQo":{"weight":1.0,"played":[0.0,1.0,0.0],"evs":[0.0,0.49189,-0.16378]},"AQo":{"weight":0.9993,"played":[0.0,0.9969,0.0031],"evs":[0.0,1.6735,1.50947]},"K2s":{"weight":0.0,"played":[1.0,0.0,0.0],"evs":[0.0,-0.57695,-1.73254]},"K3s":{"weight":0.0,"played":[1.0,0.0,0.0],"evs":[0.0,-0.49978,-1.58194]},"K4s":{"weight":0.0,"played":[0.9964,0.0036,0.0],"evs":[0.0,-0.43325,-1.42684]},"K5s":{"weight":0.9999,"played":[1.0,0.0,0.0],"evs":[0.0,-0.46719,-1.44567]},"K6s":{"weight":1.0,"played":[1.0,0.0,0.0],"evs":[0.0,-0.24384,-1.17807]},"K7s":{"weight":1.0,"played":[0.9997,3.0E-4,0.0],"evs":[0.0,-0.25046,-1.21081]},"K8s":{"weight":1.0,"played":[1.0,0.0,0.0],"evs":[0.0,-0.29491,-1.35957]},"K9s":{"weight":1.0,"played":[0.9996,4.0E-4,0.0],"evs":[0.0,-0.0477,-0.99701]},"KTs":{"weight":0.9996,"played":[1.0E-4,0.9999,0.0],"evs":[0.0,0.61382,-0.47684]},"KJs":{"weight":1.0,"played":[0.0,1.0,0.0],"evs":[0.0,0.69365,0.05781]},"KQs":{"weight":1.0,"played":[0.0,0.9997,3.0E-4],"evs":[0.0,1.40983,0.786]},"KK":{"weight":1.0,"played":[0.0,0.164,0.836],"evs":[0.0,9.69037,9.71561]},"AKo":{"weight":0.9997,"played":[0.0,0.0,1.0],"evs":[0.0,2.77382,3.81345]},"A2s":{"weight":1.0,"played":[1.0,0.0,0.0],"evs":[0.0,-0.61965,-0.94245]},"A3s":{"weight":1.0,"played":[1.0,0.0,0.0],"evs":[0.0,-0.43256,-0.70853]},"A4s":{"weight":1.0,"played":[0.9993,7.0E-4,0.0],"evs":[0.0,-0.41793,-0.54423]},"A5s":{"weight":1.0,"played":[1.0,0.0,0.0],"evs":[0.0,-0.31554,-0.58721]},"A6s":{"weight":1.0,"played":[0.9985,0.0015,0.0],"evs":[0.0,-0.2448,-0.66669]},"A7s":{"weight":1.0,"played":[0.9958,0.0042,0.0],"evs":[0.0,-0.15975,-0.47778]},"A8s":{"weight":1.0,"played":[0.0051,0.9949,0.0],"evs":[0.0,0.09999,-0.52724]},"A9s":{"weight":0.9992,"played":[1.0E-4,0.9999,0.0],"evs":[0.0,0.47179,-0.19859]},"ATs":{"weight":1.0,"played":[0.0,1.0,0.0],"evs":[0.0,1.26238,0.49656]},"AJs":{"weight":1.0,"played":[0.0,1.0,0.0],"evs":[0.0,1.69586,1.16183]},"AQs":{"weight":1.0,"played":[0.0,1.0,0.0],"evs":[0.0,2.67332,2.49365]},"AKs":{"weight":1.0,"played":[0.0,0.0,1.0],"evs":[0.0,3.84656,4.61532]},"AA":{"weight":1.0,"played":[0.0,1.0,0.0],"evs":[0.0,15.06461,14.17109]}}}