{"player":1,"street":0,"children":2,"sequence":[{"player":0,"type":"F","amount":0,"street":0},{"player":1,"type":"R","amount":200000,"street":0},{"player":2,"type":"F","amount":0,"street":0},{"player":3,"type":"F","amount":0,"street":0},{"player":4,"type":"R","amount":3375000,"street":0},{"player":5,"type":"F","amount":0,"street":0}],"actions":[{"type":"F","amount":0},{"type":"C","amount":3175000}],"hands":{"22":{"weight":0.9999,"played":[1.0,0.0],"evs":[0.0,-2.68733]},"32o":{"weight":0.0,"played":[1.0,0.0],"evs":[0.0,-9.45537]},"42o":{"weight":0.0,"played":[1.0,0.0],"evs":[0.0,-9.14314]},"52o":{"weight":0.0,"played":[1.0,0.0],"evs":[0.0,-8.96194]},"62o":{"weight":0.0,"played":[1.0,0.0],"evs":[0.0,-9.32516]},"72o":{"weight":0.0,"played":[1.0,0.0],"evs":[0.0,-9.9101]},"82o":{"weight":0.0,"played":[1.0,0.0],"evs":[0.0,-9.67478]},"92o":{"weight":0.0,"played":[1.0,0.0],"evs":[0.0,-9.66358]},"T2o":{"weight":0.0,"played":[1.0,0.0],"evs":[0.0,-8.94991]},"J2o":{"weight":0.0,"played":[1.0,0.0],"evs":[0.0,-8.21449]},"Q2o":{"weight":0.0,"played":[1.0,0.0],"evs":[0.0,-8.27562]},"K2o":{"weight":0.0,"played":[1.0,0.0],"evs":[0.0,-7.12885]},"A2o":{"weight":0.0,"played":[1.0,0.0],"evs":[0.0,-4.41146]},"32s":{"weight":0.0,"played":[1.0,0.0],"evs":[0.0,-7.66909]},"33":{"weight":1.0,"played":[1.0,0.0],"evs":[0.0,-2.0415]},"43o":{"weight":0.0,"played":[1.0,0.0],"evs":[0.0,-8.5015]},"53o":{"weight":0.0,"played":[1.0,0.0],"evs":[0.0,-8.4403]},"63o":{"weight":0.0,"played":[1.0,0.0],"evs":[0.0,-8.76431]},"73o":{"weight":0.0,"played":[1.0,0.0],"evs":[0.0,-9.30357]},"83o":{"weight":0.0,"played":[1.0,0.0],"evs":[0.0,-9.84105]},"93o":{"weight":0.0,"played":[1.0,0.0],"evs":[0.0,-9.61613]},"T3o":{"weight":0.0,"played":[1.0,0.0],"evs":[0.0,-8.9098]},"J3o":{"weight":0.0,"played":[1.0,0.0],"evs":[0.0,-8.16957]},"Q3o":{"weight":0.0,"played":[1.0,0.0],"evs":[0.0,-8.20977]},"K3o":{"weight":0.0,"played":[1.0,0.0],"evs":[0.0,-7.04217]},"A3o":{"weight":0.0,"played":[1.0,0.0],"evs":[0.0,-4.11731]},"42s":{"weight":0.0,"played":[1.0,0.0],"evs":[0.0,-7.41584]},"43s":{"weight":0.0,"played":[1.0,0.0],"evs":[0.0,-6.84809]},"44":{"weight":1.0,"played":[0.9997,3.0E-4],"evs":[0.0,-0.92542]},"54o":{"weight":0.0,"played":[1.0,0.0],"evs":[0.0,-7.57651]},"64o":{"weight":0.0,"played":[1.0,0.0],"evs":[0.0,-7.86849]},"74o":{"weight":0.0,"played":[1.0,0.0],"evs":[0.0,-8.36714]},"84o":{"weight":0.0,"played":[1.0,0.0],"evs":[0.0,-8.85467]},"94o":{"weight":0.0,"played":[1.0,0.0],"evs":[0.0,-9.308]},"T4o":{"weight":0.0,"played":[1.0,0.0],"evs":[0.0,-8.41305]},"J4o":{"weight":0.0,"played":[1.0,0.0],"evs":[0.0,-7.71225]},"Q4o":{"weight":0.0,"played":[1.0,0.0],"evs":[0.0,-7.76479]},"K4o":{"weight":0.0,"played":[1.0,0.0],"evs":[0.0,-6.62746]},"A4o":{"weight":1.0E-4,"played":[1.0,0.0],"evs":[0.0,-3.80381]},"52s":{"weight":0.0,"played":[1.0,0.0],"evs":[0.0,-7.36723]},"53s":{"weight":0.0,"played":[1.0,0.0],"evs":[0.0,-6.70465]},"54s":{"weight":0.0,"played":[1.0,0.0],"evs":[0.0,-5.85635]},"55":{"weight":1.0,"played":[0.9995,5.0E-4],"evs":[0.0,-0.45324]},"65o":{"weight":0.0,"played":[1.0,0.0],"evs":[0.0,-7.34662]},"75o":{"weight":0.0,"played":[1.0,0.0],"evs":[0.0,-7.93919]},"85o":{"weight":0.0,"played":[1.0,0.0],"evs":[0.0,-8.31465]},"95o":{"weight":0.0,"played":[1.0,0.0],"evs":[0.0,-8.71826]},"T5o":{"weight":0.0,"played":[1.0,0.0],"evs":[0.0,-8.49024]},"J5o":{"weight":0.0,"played":[1.0,0.0],"evs":[0.0,-7.61909]},"Q5o":{"weight":0.0,"played":[1.0,0.0],"evs":[0.0,-7.65775]},"K5o":{"weight":0.0,"played":[1.0,0.0],"evs":[0.0,-6.55628]},"A5o":{"weight":1.0,"played":[1.0,0.0],"evs":[0.0,-3.37765]},"62s":{"weight":0.0,"played":[1.0,0.0],"evs":[0.0,-7.65002]},"63s":{"weight":0.0,"played":[1.0,0.0],"evs":[0.0,-6.96928]},"64s":{"weight":0.0,"played":[1.0,0.0],"evs":[0.0,-6.1814]},"65s":{"weight":0.0,"played":[1.0,0.0],"evs":[0.0,-5.77269]},"66":{"weight":1.0,"played":[0.7938,0.2062],"evs":[0.0,0.02132]},"76o":{"weight":0.0,"played":[1.0,0.0],"evs":[0.0,-7.08526]},"86o":{"weight":0.0,"played":[1.0,0.0],"evs":[0.0,-7.51144]},"96o":{"weight":0.0,"played":[1.0,0.0],"evs":[0.0,-7.76675]},"T6o":{"weight":0.0,"played":[1.0,0.0],"evs":[0.0,-7.54593]},"J6o":{"weight":0.0,"played":[1.0,0.0],"evs":[0.0,-7.36978]},"Q6o":{"weight":0.0,"played":[1.0,0.0],"evs":[0.0,-7.17198]},"K6o":{"weight":0.0,"played":[1.0,0.0],"evs":[0.0,-6.01873]},"A6o":{"weight":0.6656,"played":[1.0,0.0],"evs":[0.0,-3.50375]},"72s":{"weight":0.0,"played":[1.0,0.0],"evs":[0.0,-8.11894]},"73s":{"weight":0.0,"played":[1.0,0.0],"evs":[0.0,-7.56943]},"74s":{"weight":0.0,"played":[1.0,0.0],"evs":[0.0,-6.71619]},"75s":{"weight":0.0,"played":[1.0,0.0],"evs":[0.0,-6.17858]},"76s":{"weight":0.9862,"played":[1.0,0.0],"evs":[0.0,-5.50255]},"77":{"weight":1.0,"played":[0.0284,0.9716],"evs":[0.0,0.05481]},"87o":{"weight":0.0,"played":[1.0,0.0],"evs":[0.0,-7.10254]},"97o":{"weight":0.0,"played":[1.0,0.0],"evs":[0.0,-7.35323]},"T7o":{"weight":0.0,"played":[1.0,0.0],"evs":[0.0,-7.07986]},"J7o":{"weight":0.0,"played":[1.0,0.0],"evs":[0.0,-6.87764]},"Q7o":{"weight":0.0,"played":[1.0,0.0],"evs":[0.0,-7.27963]},"K7o":{"weight":0.0,"played":[1.0,0.0],"evs":[0.0,-6.16056]},"A7o":{"weight":1.0,"played":[1.0,0.0],"evs":[0.0,-3.26594]},"82s":{"weight":0.0,"played":[1.0,0.0],"evs":[0.0,-7.87673]},"83s":{"weight":0.0,"played":[1.0,0.0],"evs":[0.0,-7.86457]},"84s":{"weight":0.0,"played":[1.0,0.0],"evs":[0.0,-7.01782]},"85s":{"weight":0.0,"played":[1.0,0.0],"evs":[0.0,-6.58559]},"86s":{"weight":0.0,"played":[1.0,0.0],"evs":[0.0,-5.89785]},"87s":{"weight":1.0,"played":[1.0,0.0],"evs":[0.0,-5.58531]},"88":{"weight":0.9993,"played":[0.0,1.0],"evs":[0.0,0.3812]},"98o":{"weight":0.0,"played":[1.0,0.0],"evs":[0.0,-6.96494]},"T8o":{"weight":0.0,"played":[1.0,0.0],"evs":[0.0,-6.59906]},"J8o":{"weight":0.0,"played":[1.0,0.0],"evs":[0.0,-6.46122]},"Q8o":{"weight":0.0,"played":[1.0,0.0],"evs":[0.0,-6.79344]},"K8o":{"weight":0.0,"played":[1.0,0.0],"evs":[0.0,-6.10215]},"A8o":{"weight":1.0,"played":[1.0,0.0],"evs":[0.0,-3.06272]},"92s":{"weight":0.0,"played":[1.0,0.0],"evs":[0.0,-7.79488]},"93s":{"weight":0.0,"played":[1.0,0.0],"evs":[0.0,-7.74162]},"94s":{"weight":0.0,"played":[1.0,0.0],"evs":[0.0,-7.47049]},"95s":{"weight":0.0,"played":[1.0,0.0],"evs":[0.0,-7.01472]},"96s":{"weight":0.0,"played":[1.0,0.0],"evs":[0.0,-6.08449]},"97s":{"weight":0.9995,"played":[1.0,0.0],"evs":[0.0,-5.68226]},"98s":{"weight":1.0,"played":[1.0,0.0],"evs":[0.0,-5.3379]},"99":{"weight":1.0,"played":[0.0,1.0],"evs":[0.0,2.34484]},"T9o":{"weight":0.0648,"played":[1.0,0.0],"evs":[0.0,-6.04753]},"J9o":{"weight":0.0,"played":[1.0,0.0],"evs":[0.0,-5.88]},"Q9o":{"weight":0.0,"played":[1.0,0.0],"evs":[0.0,-6.38532]},"K9o":{"weight":0.9965,"played":[1.0,0.0],"evs":[0.0,-5.1567]},"A9o":{"weight":1.0,"played":[1.0,0.0],"evs":[0.0,-2.29676]},"T2s":{"weight":0.0,"played":[1.0,0.0],"evs":[0.0,-7.22859]},"T3s":{"weight":0.0,"played":[1.0,0.0],"evs":[0.0,-7.19782]},"T4s":{"weight":0.0,"played":[1.0,0.0],"evs":[0.0,-6.63899]},"T5s":{"weight":0.0,"played":[1.0,0.0],"evs":[0.0,-6.79933]},"T6s":{"weight":0.0,"played":[1.0,0.0],"evs":[0.0,-5.87649]},"T7s":{"weight":0.9998,"played":[1.0,0.0],"evs":[0.0,-5.46009]},"T8s":{"weight":1.0,"played":[1.0,0.0],"evs":[0.0,-4.96543]},"T9s":{"weight":1.0,"played":[1.0,0.0],"evs":[0.0,-4.26922]},"TT":{"weight":1.0,"played":[0.0,1.0],"evs":[0.0,7.05849]},"JTo":{"weight":1.0,"played":[1.0,0.0],"evs":[0.0,-4.11832]},"QTo":{"weight":1.0,"played":[1.0,0.0],"evs":[0.0,-3.96665]},"KTo":{"weight":1.0,"played":[1.0,0.0],"evs":[0.0,-2.51296]},"ATo":{"weight":1.0,"played":[0.9996,4.0E-4],"evs":[0.0,-0.29148]},"J2s":{"weight":0.0,"played":[1.0,0.0],"evs":[0.0,-6.52206]},"J3s":{"weight":0.0,"played":[1.0,0.0],"evs":[0.0,-6.47943]},"J4s":{"weight":0.0,"played":[1.0,0.0],"evs":[0.0,-6.07662]},"J5s":{"weight":0.0,"played":[1.0,0.0],"evs":[0.0,-6.0637]},"J6s":{"weight":0.0,"played":[1.0,0.0],"evs":[0.0,-5.63647]},"J7s":{"weight":0.003,"played":[1.0,0.0],"evs":[0.0,-5.2775]},"J8s":{"weight":1.0,"played":[1.0,0.0],"evs":[0.0,-4.84644]},"J9s":{"weight":1.0,"played":[1.0,0.0],"evs":[0.0,-4.35862]},"JTs":{"weight":1.0,"played":[1.0,0.0],"evs":[0.0,-2.57875]},"JJ":{"weight":1.0,"played":[0.0,1.0],"evs":[0.0,9.04495]},"QJo":{"weight":1.0,"played":[1.0,0.0],"evs":[0.0,-3.08784]},"KJo":{"weight":1.0,"played":[1.0,0.0],"evs":[0.0,-1.27497]},"AJo":{"weight":1.0,"played":[0.1882,0.8118],"evs":[0.0,0.06844]},"Q2s":{"weight":0.0,"played":[1.0,0.0],"evs":[0.0,-6.60812]},"Q3s":{"weight":0.0,"played":[1.0,0.0],"evs":[0.0,-6.45486]},"Q4s":{"weight":0.0,"played":[1.0,0.0],"evs":[0.0,-5.98088]},"Q5s":{"weight":0.0,"played":[1.0,0.0],"evs":[0.0,-5.84164]},"Q6s":{"weight":0.0,"played":[1.0,0.0],"evs":[0.0,-5.56105]},"Q7s":{"weight":0.9988,"played":[1.0,0.0],"evs":[0.0,-5.72255]},"Q8s":{"weight":1.0,"played":[1.0,0.0],"evs":[0.0,-5.11306]},"Q9s":{"weight":1.0,"played":[1.0,0.0],"evs":[0.0,-4.73252]},"QTs":{"weight":1.0,"played":[1.0,0.0],"evs":[0.0,-2.35656]},"QJs":{"weight":1.0,"played":[1.0,0.0],"evs":[0.0,-1.73654]},"QQ":{"weight":1.0,"played":[0.0,1.0],"evs":[0.0,11.08145]},"KQo":{"weight":1.0,"played":[1.0,0.0],"evs":[0.0,-1.32157]},"AQo":{"weight":0.9993,"played":[0.0,1.0],"evs":[0.0,2.31952]},"K2s":{"weight":0.0,"played":[1.0,0.0],"evs":[0.0,-5.3448]},"K3s":{"weight":0.0,"played":[1.0,0.0],"evs":[0.0,-5.26358]},"K4s":{"weight":0.0,"played":[1.0,0.0],"evs":[0.0,-4.85881]},"K5s":{"weight":0.9999,"played":[1.0,0.0],"evs":[0.0,-4.80569]},"K6s":{"weight":1.0,"played":[1.0,0.0],"evs":[0.0,-4.44081]},"K7s":{"weight":1.0,"played":[1.0,0.0],"evs":[0.0,-4.3896]},"K8s":{"weight":1.0,"played":[1.0,0.0],"evs":[0.0,-4.45741]},"K9s":{"weight":1.0,"played":[1.0,0.0],"evs":[0.0,-3.50108]},"KTs":{"weight":0.9996,"played":[0.9992,8.0E-4],"evs":[0.0,-1.05551]},"KJs":{"weight":1.0,"played":[0.1636,0.8364],"evs":[0.0,0.02222]},"KQs":{"weight":1.0,"played":[0.5307,0.4693],"evs":[0.0,-0.04096]},"KK":{"weight":1.0,"played":[0.0,1.0],"evs":[0.0,13.12355]},"AKo":{"weight":0.9997,"played":[0.0,1.0],"evs":[0.0,6.42024]},"A2s":{"weight":1.0,"played":[1.0,0.0],"evs":[0.0,-2.77171]},"A3s":{"weight":1.0,"played":[1.0,0.0],"evs":[0.0,-2.4738]},"A4s":{"weight":1.0,"played":[1.0,0.0],"evs":[0.0,-2.14021]},"A5s":{"weight":1.0,"played":[1.0,0.0],"evs":[0.0,-1.81286]},"A6s":{"weight":1.0,"played":[1.0,0.0],"evs":[0.0,-2.02364]},"A7s":{"weight":1.0,"played":[1.0,0.0],"evs":[0.0,-1.7428]},"A8s":{"weight":1.0,"played":[1.0,0.0],"evs":[0.0,-1.49712]},"A9s":{"weight":0.9992,"played":[1.0,0.0],"evs":[0.0,-0.84769]},"ATs":{"weight":1.0,"played":[0.0,1.0],"evs":[0.0,0.91058]},"AJs":{"weight":1.0,"played":[0.0,1.0],"evs":[0.0,1.30515]},"AQs":{"weight":1.0,"played":[0.0,1.0],"evs":[0.0,3.37623]},"AKs":{"weight":1.0,"played":[0.0,1.0],"evs":[0.0,7.31899]},"AA":{"weight":1.0,"played":[0.0,1.0],"evs":[0.0,17.29794]}}}