{"player":3,"street":0,"children":2,"sequence":[{"player":0,"type":"F","amount":0,"street":0},{"player":1,"type":"R","amount":200000,"street":0},{"player":2,"type":"F","amount":0,"street":0},{"player":3,"type":"C","amount":200000,"street":0},{"player":4,"type":"F","amount":0,"street":0},{"player":5,"type":"R","amount":895000,"street":0},{"player":1,"type":"F","amount":0,"street":0}],"actions":[{"type":"F","amount":0},{"type":"C","amount":695000}],"hands":{"22":{"weight":0.0,"played":[0.0,1.0],"evs":[0.0,1.98325]},"32o":{"weight":0.0,"played":[1.0,0.0],"evs":[0.0,-0.29865]},"42o":{"weight":0.0,"played":[1.0,0.0],"evs":[0.0,-0.19034]},"52o":{"weight":0.0,"played":[1.0,0.0],"evs":[0.0,-0.14093]},"62o":{"weight":0.0,"played":[1.0,0.0],"evs":[0.0,-0.2431]},"72o":{"weight":0.0,"played":[1.0,0.0],"evs":[0.0,-0.52442]},"82o":{"weight":0.0,"played":[1.0,0.0],"evs":[0.0,-0.32458]},"92o":{"weight":0.0,"played":[1.0,0.0],"evs":[0.0,-0.15078]},"T2o":{"weight":0.0,"played":[1.0,0.0],"evs":[0.0,-0.13181]},"J2o":{"weight":0.0,"played":[0.9171,0.0829],"evs":[0.0,-0.03677]},"Q2o":{"weight":0.0,"played":[0.0184,0.9816],"evs":[0.0,0.03873]},"K2o":{"weight":0.0,"played":[0.0028,0.9972],"evs":[0.0,0.13972]},"A2o":{"weight":0.0,"played":[0.0,1.0],"evs":[0.0,0.53288]},"32s":{"weight":0.0,"played":[0.0,1.0],"evs":[0.0,0.31683]},"33":{"weight":0.8851,"played":[0.0,1.0],"evs":[0.0,2.05267]},"43o":{"weight":0.0,"played":[0.0207,0.9793],"evs":[0.0,0.05474]},"53o":{"weight":0.0,"played":[1.0E-4,0.9999],"evs":[0.0,0.07913]},"63o":{"weight":0.0,"played":[0.0742,0.9258],"evs":[0.0,0.00823]},"73o":{"weight":0.0,"played":[0.9998,2.0E-4],"evs":[0.0,-0.24137]},"83o":{"weight":0.0,"played":[1.0,0.0],"evs":[0.0,-0.28617]},"93o":{"weight":0.0,"played":[0.9998,2.0E-4],"evs":[0.0,-0.11368]},"T3o":{"weight":0.0,"played":[0.9997,3.0E-4],"evs":[0.0,-0.09104]},"J3o":{"weight":0.0,"played":[0.0119,0.9881],"evs":[0.0,0.05748]},"Q3o":{"weight":0.0,"played":[2.0E-4,0.9998],"evs":[0.0,0.1293]},"K3o":{"weight":0.0,"played":[0.0,1.0],"evs":[0.0,0.24244]},"A3o":{"weight":0.0,"played":[0.0,1.0],"evs":[0.0,0.61086]},"42s":{"weight":0.0,"played":[0.0,1.0],"evs":[0.0,0.45485]},"43s":{"weight":0.0,"played":[0.0,1.0],"evs":[0.0,0.59131]},"44":{"weight":0.992,"played":[0.0,1.0],"evs":[0.0,2.30155]},"54o":{"weight":0.0,"played":[0.0,1.0],"evs":[0.0,0.38094]},"64o":{"weight":0.0,"played":[0.0,1.0],"evs":[0.0,0.24522]},"74o":{"weight":0.0,"played":[0.9123,0.0877],"evs":[0.0,-0.01518]},"84o":{"weight":0.0,"played":[0.9999,1.0E-4],"evs":[0.0,-0.05711]},"94o":{"weight":0.0,"played":[1.0,0.0],"evs":[0.0,-0.09405]},"T4o":{"weight":0.0,"played":[0.4111,0.5889],"evs":[0.0,-0.00161]},"J4o":{"weight":0.0,"played":[9.0E-4,0.9991],"evs":[0.0,0.1464]},"Q4o":{"weight":0.0,"played":[1.0E-4,0.9999],"evs":[0.0,0.21948]},"K4o":{"weight":0.0,"played":[0.0,1.0],"evs":[0.0,0.29189]},"A4o":{"weight":0.0,"played":[0.0,1.0],"evs":[0.0,0.72299]},"52s":{"weight":0.0,"played":[0.0,1.0],"evs":[0.0,0.49106]},"53s":{"weight":0.0,"played":[0.0,1.0],"evs":[0.0,0.68402]},"54s":{"weight":0.0,"played":[0.0,1.0],"evs":[0.0,0.97409]},"55":{"weight":0.9853,"played":[0.0,1.0],"evs":[0.0,2.64651]},"65o":{"weight":0.0,"played":[0.0,1.0],"evs":[0.0,0.50194]},"75o":{"weight":0.0,"played":[0.0,1.0],"evs":[0.0,0.24829]},"85o":{"weight":0.0,"played":[5.0E-4,0.9995],"evs":[0.0,0.20011]},"95o":{"weight":0.0,"played":[3.0E-4,0.9997],"evs":[0.0,0.1083]},"T5o":{"weight":0.0,"played":[0.8613,0.1387],"evs":[0.0,-0.03123]},"J5o":{"weight":0.0,"played":[0.0,1.0],"evs":[0.0,0.18371]},"Q5o":{"weight":0.0,"played":[0.0,1.0],"evs":[0.0,0.25155]},"K5o":{"weight":0.0,"played":[0.0,1.0],"evs":[0.0,0.37859]},"A5o":{"weight":0.0,"played":[0.0,1.0],"evs":[0.0,0.80244]},"62s":{"weight":0.0,"played":[3.0E-4,0.9997],"evs":[0.0,0.3664]},"63s":{"weight":0.0,"played":[0.0,1.0],"evs":[0.0,0.56571]},"64s":{"weight":0.0,"played":[0.0,1.0],"evs":[0.0,0.8484]},"65s":{"weight":0.3861,"played":[0.0,1.0],"evs":[0.0,1.0972]},"66":{"weight":0.9571,"played":[0.0,1.0],"evs":[0.0,3.10212]},"76o":{"weight":0.0,"played":[0.0,1.0],"evs":[0.0,0.57471]},"86o":{"weight":0.0,"played":[0.0,1.0],"evs":[0.0,0.48982]},"96o":{"weight":0.0,"played":[0.0,1.0],"evs":[0.0,0.48656]},"T6o":{"weight":0.0,"played":[0.0,1.0],"evs":[0.0,0.30103]},"J6o":{"weight":0.0,"played":[0.0,1.0],"evs":[0.0,0.25856]},"Q6o":{"weight":0.0,"played":[0.0,1.0],"evs":[0.0,0.36562]},"K6o":{"weight":0.0,"played":[0.0,1.0],"evs":[0.0,0.49005]},"A6o":{"weight":0.0,"played":[0.0,1.0],"evs":[0.0,0.70601]},"72s":{"weight":0.0,"played":[3.0E-4,0.9997],"evs":[0.0,0.19251]},"73s":{"weight":0.0,"played":[0.0,1.0],"evs":[0.0,0.44191]},"74s":{"weight":0.0,"played":[0.0,1.0],"evs":[0.0,0.63409]},"75s":{"weight":0.0,"played":[0.0,1.0],"evs":[0.0,0.83122]},"76s":{"weight":0.9999,"played":[0.0,1.0],"evs":[0.0,1.16301]},"77":{"weight":0.3718,"played":[0.0,1.0],"evs":[0.0,3.4383]},"87o":{"weight":0.0,"played":[0.0,1.0],"evs":[0.0,0.5555]},"97o":{"weight":0.0,"played":[0.0,1.0],"evs":[0.0,0.57003]},"T7o":{"weight":0.0,"played":[0.0,1.0],"evs":[0.0,0.44241]},"J7o":{"weight":0.0,"played":[0.0,1.0],"evs":[0.0,0.40118]},"Q7o":{"weight":0.0,"played":[0.0,1.0],"evs":[0.0,0.2523]},"K7o":{"weight":0.0,"played":[0.0,1.0],"evs":[0.0,0.38778]},"A7o":{"weight":0.0,"played":[0.0,1.0],"evs":[0.0,0.89669]},"82s":{"weight":0.0,"played":[1.0E-4,0.9999],"evs":[0.0,0.3656]},"83s":{"weight":0.0,"played":[0.0,1.0],"evs":[0.0,0.31274]},"84s":{"weight":0.0,"played":[0.0,1.0],"evs":[0.0,0.54425]},"85s":{"weight":0.0,"played":[0.0,1.0],"evs":[0.0,0.76266]},"86s":{"weight":0.0,"played":[0.0,1.0],"evs":[0.0,1.07214]},"87s":{"weight":0.9999,"played":[0.0,1.0],"evs":[0.0,1.15743]},"88":{"weight":0.0649,"played":[0.0,1.0],"evs":[0.0,4.0702]},"98o":{"weight":0.0,"played":[0.0,1.0],"evs":[0.0,0.83311]},"T8o":{"weight":0.0,"played":[0.0,1.0],"evs":[0.0,0.67106]},"J8o":{"weight":0.0,"played":[0.0,1.0],"evs":[0.0,0.66166]},"Q8o":{"weight":0.0,"played":[0.0,1.0],"evs":[0.0,0.56031]},"K8o":{"weight":0.0,"played":[0.0,1.0],"evs":[0.0,0.49317]},"A8o":{"weight":0.0,"played":[0.0,1.0],"evs":[0.0,1.44355]},"92s":{"weight":0.0,"played":[1.0E-4,0.9999],"evs":[0.0,0.49485]},"93s":{"weight":0.0,"played":[0.0,1.0],"evs":[0.0,0.53618]},"94s":{"weight":0.0,"played":[0.0,1.0],"evs":[0.0,0.55838]},"95s":{"weight":0.0,"played":[0.0,1.0],"evs":[0.0,0.76535]},"96s":{"weight":0.0,"played":[0.0,1.0],"evs":[0.0,0.94474]},"97s":{"weight":0.2234,"played":[0.0,1.0],"evs":[0.0,1.07911]},"98s":{"weight":0.9999,"played":[0.0,1.0],"evs":[0.0,1.35941]},"99":{"weight":0.0,"played":[0.0,1.0],"evs":[0.0,4.64003]},"T9o":{"weight":0.0,"played":[0.0,1.0],"evs":[0.0,1.0378]},"J9o":{"weight":0.0,"played":[0.0,1.0],"evs":[0.0,0.97286]},"Q9o":{"weight":0.0,"played":[0.0,1.0],"evs":[0.0,0.84911]},"K9o":{"weight":0.0,"played":[0.0,1.0],"evs":[0.0,0.81182]},"A9o":{"weight":0.9396,"played":[0.0,1.0],"evs":[0.0,2.031]},"T2s":{"weight":0.0,"played":[0.0,1.0],"evs":[0.0,0.43663]},"T3s":{"weight":0.0,"played":[0.0,1.0],"evs":[0.0,0.45969]},"T4s":{"weight":0.0,"played":[0.0,1.0],"evs":[0.0,0.6065]},"T5s":{"weight":0.0,"played":[0.0,1.0],"evs":[0.0,0.6893]},"T6s":{"weight":0.0,"played":[0.0,1.0],"evs":[0.0,0.87743]},"T7s":{"weight":0.0,"played":[0.0,1.0],"evs":[0.0,0.97289]},"T8s":{"weight":0.9997,"played":[0.0,1.0],"evs":[0.0,1.29535]},"T9s":{"weight":1.0,"played":[0.0,1.0],"evs":[0.0,1.59638]},"TT":{"weight":1.0E-4,"played":[0.0,1.0],"evs":[0.0,5.1734]},"JTo":{"weight":0.0,"played":[0.0,1.0],"evs":[0.0,1.26989]},"QTo":{"weight":0.0041,"played":[0.0,1.0],"evs":[0.0,1.17086]},"KTo":{"weight":0.896,"played":[0.0,1.0],"evs":[0.0,1.0803]},"ATo":{"weight":0.9796,"played":[0.0,1.0],"evs":[0.0,2.69037]},"J2s":{"weight":0.0,"played":[0.0,1.0],"evs":[0.0,0.66851]},"J3s":{"weight":0.0,"played":[0.0,1.0],"evs":[0.0,0.68481]},"J4s":{"weight":0.0,"played":[0.0,1.0],"evs":[0.0,0.6716]},"J5s":{"weight":0.0,"played":[0.0,1.0],"evs":[0.0,0.8371]},"J6s":{"weight":0.0,"played":[0.0,1.0],"evs":[0.0,0.90128]},"J7s":{"weight":0.0,"played":[0.0,1.0],"evs":[0.0,0.91944]},"J8s":{"weight":0.9589,"played":[0.0,1.0],"evs":[0.0,1.24215]},"J9s":{"weight":1.0,"played":[0.0,1.0],"evs":[0.0,1.53859]},"JTs":{"weight":0.9543,"played":[0.0,1.0],"evs":[0.0,1.77746]},"JJ":{"weight":0.5979,"played":[0.0,1.0],"evs":[0.0,5.75787]},"QJo":{"weight":0.9557,"played":[0.0,1.0],"evs":[0.0,1.25956]},"KJo":{"weight":0.9766,"played":[0.0,1.0],"evs":[0.0,1.25581]},"AJo":{"weight":0.955,"played":[0.0,1.0],"evs":[0.0,3.42808]},"Q2s":{"weight":0.0,"played":[0.0,1.0],"evs":[0.0,0.67454]},"Q3s":{"weight":0.0,"played":[0.0,1.0],"evs":[0.0,0.73497]},"Q4s":{"weight":0.0,"played":[0.0,1.0],"evs":[0.0,0.77268]},"Q5s":{"weight":0.0,"played":[0.0,1.0],"evs":[0.0,0.81849]},"Q6s":{"weight":0.0,"played":[0.0,1.0],"evs":[0.0,0.92011]},"Q7s":{"weight":0.0,"played":[0.0,1.0],"evs":[0.0,0.77089]},"Q8s":{"weight":0.9056,"played":[0.0,1.0],"evs":[0.0,1.14057]},"Q9s":{"weight":1.0,"played":[0.0,1.0],"evs":[0.0,1.41621]},"QTs":{"weight":0.3175,"played":[0.0,1.0],"evs":[0.0,1.72644]},"QJs":{"weight":0.8395,"played":[0.0,1.0],"evs":[0.0,1.82727]},"QQ":{"weight":0.8713,"played":[0.0,1.0],"evs":[0.0,6.49019]},"KQo":{"weight":0.4016,"played":[0.0,1.0],"evs":[0.0,1.6361]},"AQo":{"weight":0.0,"played":[0.0,1.0],"evs":[0.0,4.2415]},"K2s":{"weight":0.0,"played":[0.0,1.0],"evs":[0.0,0.77989]},"K3s":{"weight":0.0,"played":[0.0,1.0],"evs":[0.0,0.8194]},"K4s":{"weight":0.0,"played":[0.0,1.0],"evs":[0.0,0.94]},"K5s":{"weight":0.0,"played":[0.0,1.0],"evs":[0.0,0.97443]},"K6s":{"weight":2.0E-4,"played":[0.0,1.0],"evs":[0.0,1.04721]},"K7s":{"weight":0.8565,"played":[0.0,1.0],"evs":[0.0,1.01781]},"K8s":{"weight":0.956,"played":[0.0,1.0],"evs":[0.0,1.13554]},"K9s":{"weight":0.8253,"played":[0.0,1.0],"evs":[0.0,1.39513]},"KTs":{"weight":0.0057,"played":[0.0,1.0],"evs":[0.0,1.58515]},"KJs":{"weight":0.9691,"played":[0.0,1.0],"evs":[0.0,1.80133]},"KQs":{"weight":1.0,"played":[0.0,1.0],"evs":[0.0,2.12971]},"KK":{"weight":0.9795,"played":[0.0,1.0],"evs":[0.0,7.25261]},"AKo":{"weight":0.0,"played":[0.0,1.0],"evs":[0.0,4.98116]},"A2s":{"weight":0.8945,"played":[0.0,1.0],"evs":[0.0,1.20557]},"A3s":{"weight":0.994,"played":[0.0,1.0],"evs":[0.0,1.21475]},"A4s":{"weight":0.9893,"played":[0.0,1.0],"evs":[0.0,1.26631]},"A5s":{"weight":0.9039,"played":[0.0,1.0],"evs":[0.0,1.4368]},"A6s":{"weight":0.8679,"played":[0.0,1.0],"evs":[0.0,1.32954]},"A7s":{"weight":0.998,"played":[0.0,1.0],"evs":[0.0,1.54086]},"A8s":{"weight":0.9996,"played":[0.0,1.0],"evs":[0.0,1.97004]},"A9s":{"weight":0.9997,"played":[0.0,1.0],"evs":[0.0,2.50878]},"ATs":{"weight":1.0,"played":[0.0,1.0],"evs":[0.0,3.16682]},"AJs":{"weight":1.0,"played":[0.0,1.0],"evs":[0.0,3.85293]},"AQs":{"weight":0.7427,"played":[0.0,1.0],"evs":[0.0,4.58006]},"AKs":{"weight":0.0,"played":[0.0,1.0],"evs":[0.0,5.36659]},"AA":{"weight":0.8425,"played":[0.0,1.0],"evs":[0.0,9.31811]}}}