{"player":1,"street":0,"children":3,"sequence":[{"player":0,"type":"F","amount":0,"street":0},{"player":1,"type":"R","amount":200000,"street":0},{"player":2,"type":"F","amount":0,"street":0},{"player":3,"type":"C","amount":200000,"street":0},{"player":4,"type":"C","amount":150000,"street":0},{"player":5,"type":"R","amount":895000,"street":0}],"actions":[{"type":"F","amount":0,"node":166},{"type":"C","amount":695000,"node":171},{"type":"R","amount":3375000,"node":179}],"hands":{"22":{"weight":0.9999,"played":[0.9887,0.0022,0.0092],"evs":[0.0,-0.03752,-0.08939]},"32o":{"weight":0.0,"played":[1.0,0.0,0.0],"evs":[0.0,-2.5817,-3.83516]},"42o":{"weight":0.0,"played":[1.0,0.0,0.0],"evs":[0.0,-2.47081,-3.56512]},"52o":{"weight":0.0,"played":[1.0,0.0,0.0],"evs":[0.0,-2.35802,-3.0823]},"62o":{"weight":0.0,"played":[1.0,0.0,0.0],"evs":[0.0,-2.5097,-3.20324]},"72o":{"weight":0.0,"played":[1.0,0.0,0.0],"evs":[0.0,-2.6069,-3.40812]},"82o":{"weight":0.0,"played":[1.0,0.0,0.0],"evs":[0.0,-2.62785,-3.52003]},"92o":{"weight":0.0,"played":[1.0,0.0,0.0],"evs":[0.0,-2.60154,-3.37556]},"T2o":{"weight":0.0,"played":[1.0,0.0,0.0],"evs":[0.0,-2.39983,-3.41069]},"J2o":{"weight":0.0,"played":[1.0,0.0,0.0],"evs":[0.0,-2.38838,-3.36226]},"Q2o":{"weight":0.0,"played":[1.0,0.0,0.0],"evs":[0.0,-2.2686,-2.86349]},"K2o":{"weight":0.0,"played":[1.0,0.0,0.0],"evs":[0.0,-2.04347,-2.61847]},"A2o":{"weight":0.0,"played":[1.0,0.0,0.0],"evs":[0.0,-1.64285,-1.72655]},"32s":{"weight":0.0,"played":[1.0,0.0,0.0],"evs":[0.0,-1.98459,-2.7852]},"33":{"weight":1.0,"played":[0.0725,0.8264,0.1011],"evs":[0.0,0.10493,-0.03376]},"43o":{"weight":0.0,"played":[1.0,0.0,0.0],"evs":[0.0,-2.27177,-2.97777]},"53o":{"weight":0.0,"played":[1.0,0.0,0.0],"evs":[0.0,-2.12943,-2.59813]},"63o":{"weight":0.0,"played":[1.0,0.0,0.0],"evs":[0.0,-2.31998,-2.81382]},"73o":{"weight":0.0,"played":[1.0,0.0,0.0],"evs":[0.0,-2.45775,-2.95159]},"83o":{"weight":0.0,"played":[1.0,0.0,0.0],"evs":[0.0,-2.6788,-3.46861]},"93o":{"weight":0.0,"played":[1.0,0.0,0.0],"evs":[0.0,-2.55,-3.32704]},"T3o":{"weight":0.0,"played":[1.0,0.0,0.0],"evs":[0.0,-2.38056,-3.24015]},"J3o":{"weight":0.0,"played":[1.0,0.0,0.0],"evs":[0.0,-2.4824,-3.25496]},"Q3o":{"weight":0.0,"played":[1.0,0.0,0.0],"evs":[0.0,-2.22651,-2.80487]},"K3o":{"weight":0.0,"played":[1.0,0.0,0.0],"evs":[0.0,-2.02882,-2.64058]},"A3o":{"weight":0.0,"played":[1.0,0.0,0.0],"evs":[0.0,-1.58561,-1.61895]},"42s":{"weight":0.0,"played":[1.0,0.0,0.0],"evs":[0.0,-1.68625,-2.1485]},"43s":{"weight":0.0,"played":[1.0,0.0,0.0],"evs":[0.0,-1.64749,-2.128]},"44":{"weight":1.0,"played":[0.0,0.3698,0.6302],"evs":[0.0,0.6061,0.6155]},"54o":{"weight":0.0,"played":[1.0,0.0,0.0],"evs":[0.0,-1.78571,-2.00316]},"64o":{"weight":0.0,"played":[1.0,0.0,0.0],"evs":[0.0,-1.99857,-2.25908]},"74o":{"weight":0.0,"played":[1.0,0.0,0.0],"evs":[0.0,-2.11532,-2.4241]},"84o":{"weight":0.0,"played":[1.0,0.0,0.0],"evs":[0.0,-2.53258,-2.90838]},"94o":{"weight":0.0,"played":[1.0,0.0,0.0],"evs":[0.0,-2.56162,-3.26328]},"T4o":{"weight":0.0,"played":[1.0,0.0,0.0],"evs":[0.0,-2.32665,-3.20742]},"J4o":{"weight":0.0,"played":[1.0,0.0,0.0],"evs":[0.0,-2.39146,-3.23473]},"Q4o":{"weight":0.0,"played":[1.0,0.0,0.0],"evs":[0.0,-2.13409,-2.62248]},"K4o":{"weight":0.0,"played":[1.0,0.0,0.0],"evs":[0.0,-1.84872,-2.45933]},"A4o":{"weight":1.0E-4,"played":[1.0,0.0,0.0],"evs":[0.0,-1.37485,-1.24526]},"52s":{"weight":0.0,"played":[1.0,0.0,0.0],"evs":[0.0,-1.57669,-1.8351]},"53s":{"weight":0.0,"played":[1.0,0.0,0.0],"evs":[0.0,-1.35637,-1.41659]},"54s":{"weight":0.0,"played":[0.9999,0.0,1.0E-4],"evs":[0.0,-0.77853,-0.66649]},"55":{"weight":1.0,"played":[0.0,7.0E-4,0.9993],"evs":[0.0,1.7973,1.94286]},"65o":{"weight":0.0,"played":[1.0,0.0,0.0],"evs":[0.0,-1.33229,-1.33332]},"75o":{"weight":0.0,"played":[1.0,0.0,0.0],"evs":[0.0,-1.63938,-1.70879]},"85o":{"weight":0.0,"played":[1.0,0.0,0.0],"evs":[0.0,-1.92614,-2.09578]},"95o":{"weight":0.0,"played":[1.0,0.0,0.0],"evs":[0.0,-2.27185,-2.55596]},"T5o":{"weight":0.0,"played":[1.0,0.0,0.0],"evs":[0.0,-2.15874,-2.8553]},"J5o":{"weight":0.0,"played":[1.0,0.0,0.0],"evs":[0.0,-2.24438,-2.736]},"Q5o":{"weight":0.0,"played":[1.0,0.0,0.0],"evs":[0.0,-2.00787,-2.35118]},"K5o":{"weight":0.0,"played":[1.0,0.0,0.0],"evs":[0.0,-1.70347,-1.98882]},"A5o":{"weight":1.0,"played":[1.0,0.0,0.0],"evs":[0.0,-1.05977,-0.8724]},"62s":{"weight":0.0,"played":[1.0,0.0,0.0],"evs":[0.0,-1.88773,-2.14439]},"63s":{"weight":0.0,"played":[1.0,0.0,0.0],"evs":[0.0,-1.42795,-1.62932]},"64s":{"weight":0.0,"played":[0.9999,0.0,1.0E-4],"evs":[0.0,-1.18659,-1.14832]},"65s":{"weight":0.0,"played":[0.9849,0.0,0.0151],"evs":[0.0,-0.29452,-0.25749]},"66":{"weight":1.0,"played":[0.0,2.0E-4,0.9998],"evs":[0.0,3.49741,3.69413]},"76o":{"weight":0.0,"played":[1.0,0.0,0.0],"evs":[0.0,-0.95283,-0.92309]},"86o":{"weight":0.0,"played":[1.0,0.0,0.0],"evs":[0.0,-1.24663,-1.26201]},"96o":{"weight":0.0,"played":[1.0,0.0,0.0],"evs":[0.0,-1.83577,-1.82716]},"T6o":{"weight":0.0,"played":[1.0,0.0,0.0],"evs":[0.0,-1.90806,-2.07453]},"J6o":{"weight":0.0,"played":[1.0,0.0,0.0],"evs":[0.0,-2.26337,-2.6283]},"Q6o":{"weight":0.0,"played":[1.0,0.0,0.0],"evs":[0.0,-1.85681,-1.89319]},"K6o":{"weight":0.0,"played":[1.0,0.0,0.0],"evs":[0.0,-1.62488,-1.65452]},"A6o":{"weight":0.6656,"played":[1.0,0.0,0.0],"evs":[0.0,-1.05841,-0.99053]},"72s":{"weight":0.0,"played":[1.0,0.0,0.0],"evs":[0.0,-1.98061,-2.3914]},"73s":{"weight":0.0,"played":[1.0,0.0,0.0],"evs":[0.0,-1.94865,-2.10754]},"74s":{"weight":0.0,"played":[1.0,0.0,0.0],"evs":[0.0,-0.8301,-0.80898]},"75s":{"weight":0.0,"played":[1.0,0.0,0.0],"evs":[0.0,-0.85483,-0.84279]},"76s":{"weight":0.9862,"played":[0.0421,0.0079,0.9501],"evs":[0.0,0.17663,0.22658]},"77":{"weight":1.0,"played":[0.0,8.0E-4,0.9992],"evs":[0.0,4.45405,4.61409]},"87o":{"weight":0.0,"played":[1.0,0.0,0.0],"evs":[0.0,-0.71786,-0.79571]},"97o":{"weight":0.0,"played":[1.0,0.0,0.0],"evs":[0.0,-1.30858,-1.35127]},"T7o":{"weight":0.0,"played":[1.0,0.0,0.0],"evs":[0.0,-1.56626,-1.61471]},"J7o":{"weight":0.0,"played":[1.0,0.0,0.0],"evs":[0.0,-1.88922,-2.01413]},"Q7o":{"weight":0.0,"played":[1.0,0.0,0.0],"evs":[0.0,-1.76363,-1.83358]},"K7o":{"weight":0.0,"played":[1.0,0.0,0.0],"evs":[0.0,-1.45402,-1.48218]},"A7o":{"weight":1.0,"played":[0.9984,0.0,0.0016],"evs":[0.0,-0.85422,-0.65696]},"82s":{"weight":0.0,"played":[1.0,0.0,0.0],"evs":[0.0,-1.97838,-1.99093]},"83s":{"weight":0.0,"played":[1.0,0.0,0.0],"evs":[0.0,-1.99237,-1.99779]},"84s":{"weight":0.0,"played":[0.9999,0.0,1.0E-4],"evs":[0.0,-1.43326,-1.3385]},"85s":{"weight":0.0,"played":[0.999,7.0E-4,3.0E-4],"evs":[0.0,-0.95978,-1.00941]},"86s":{"weight":0.0,"played":[0.9469,0.0103,0.0428],"evs":[0.0,-0.27656,-0.31271]},"87s":{"weight":1.0,"played":[0.0819,0.8265,0.0916],"evs":[0.0,0.05216,-0.04184]},"88":{"weight":0.9993,"played":[0.0,0.0291,0.9709],"evs":[0.0,4.73046,4.83108]},"98o":{"weight":0.0,"played":[1.0,0.0,0.0],"evs":[0.0,-0.89912,-0.86885]},"T8o":{"weight":0.0,"played":[1.0,0.0,0.0],"evs":[0.0,-1.21805,-1.24212]},"J8o":{"weight":0.0,"played":[1.0,0.0,0.0],"evs":[0.0,-1.52558,-1.55718]},"Q8o":{"weight":0.0,"played":[1.0,0.0,0.0],"evs":[0.0,-1.68806,-1.73124]},"K8o":{"weight":0.0,"played":[1.0,0.0,0.0],"evs":[0.0,-1.57436,-1.58293]},"A8o":{"weight":1.0,"played":[0.9899,0.0019,0.0082],"evs":[0.0,-0.66325,-0.53482]},"92s":{"weight":0.0,"played":[1.0,0.0,0.0],"evs":[0.0,-1.9213,-2.2208]},"93s":{"weight":0.0,"played":[1.0,0.0,0.0],"evs":[0.0,-1.81836,-2.1908]},"94s":{"weight":0.0,"played":[1.0,0.0,0.0],"evs":[0.0,-1.71293,-1.79674]},"95s":{"weight":0.0,"played":[1.0,0.0,0.0],"evs":[0.0,-1.15803,-1.18198]},"96s":{"weight":0.0,"played":[0.9793,2.0E-4,0.0206],"evs":[0.0,-0.67159,-0.60795]},"97s":{"weight":0.9995,"played":[0.5961,0.1044,0.2995],"evs":[0.0,-4.3E-4,0.03036]},"98s":{"weight":1.0,"played":[0.125,0.4602,0.4148],"evs":[0.0,0.20682,0.16108]},"99":{"weight":1.0,"played":[0.0,0.0065,0.9935],"evs":[0.0,5.41701,5.52331]},"T9o":{"weight":0.0648,"played":[1.0,0.0,0.0],"evs":[0.0,-0.89719,-0.93235]},"J9o":{"weight":0.0,"played":[1.0,0.0,0.0],"evs":[0.0,-1.37401,-1.41393]},"Q9o":{"weight":0.0,"played":[1.0,0.0,0.0],"evs":[0.0,-1.2665,-1.13367]},"K9o":{"weight":0.9965,"played":[1.0,0.0,0.0],"evs":[0.0,-1.1688,-1.09745]},"A9o":{"weight":1.0,"played":[0.5635,0.0387,0.3977],"evs":[0.0,-0.081,0.01421]},"T2s":{"weight":0.0,"played":[1.0,0.0,0.0],"evs":[0.0,-1.81088,-2.15283]},"T3s":{"weight":0.0,"played":[1.0,0.0,0.0],"evs":[0.0,-1.91438,-2.1876]},"T4s":{"weight":0.0,"played":[1.0,0.0,0.0],"evs":[0.0,-1.59819,-1.92066]},"T5s":{"weight":0.0,"played":[1.0,0.0,0.0],"evs":[0.0,-1.48768,-1.56495]},"T6s":{"weight":0.0,"played":[0.9999,1.0E-4,1.0E-4],"evs":[0.0,-0.95788,-0.91301]},"T7s":{"weight":0.9998,"played":[0.9995,0.0,5.0E-4],"evs":[0.0,-0.42385,-0.40326]},"T8s":{"weight":1.0,"played":[0.6855,0.2596,0.0548],"evs":[0.0,0.05856,0.03503]},"T9s":{"weight":1.0,"played":[0.0069,0.9353,0.0578],"evs":[0.0,0.09463,0.03768]},"TT":{"weight":1.0,"played":[0.0,0.4854,0.5146],"evs":[0.0,6.27749,6.28672]},"JTo":{"weight":1.0,"played":[1.0,0.0,0.0],"evs":[0.0,-0.95563,-0.99046]},"QTo":{"weight":1.0,"played":[1.0,0.0,0.0],"evs":[0.0,-0.75943,-0.71474]},"KTo":{"weight":1.0,"played":[1.0,0.0,0.0],"evs":[0.0,-0.80443,-0.70945]},"ATo":{"weight":1.0,"played":[0.0,0.0062,0.9938],"evs":[0.0,1.398,1.52809]},"J2s":{"weight":0.0,"played":[1.0,0.0,0.0],"evs":[0.0,-2.09011,-2.30124]},"J3s":{"weight":0.0,"played":[1.0,0.0,0.0],"evs":[0.0,-1.9387,-2.11498]},"J4s":{"weight":0.0,"played":[1.0,0.0,0.0],"evs":[0.0,-1.90477,-2.07191]},"J5s":{"weight":0.0,"played":[1.0,0.0,0.0],"evs":[0.0,-1.67905,-1.68373]},"J6s":{"weight":0.0,"played":[1.0,0.0,0.0],"evs":[0.0,-1.39593,-1.42848]},"J7s":{"weight":0.003,"played":[0.9989,3.0E-4,8.0E-4],"evs":[0.0,-0.92359,-0.99431]},"J8s":{"weight":1.0,"played":[0.9616,1.0E-4,0.0383],"evs":[0.0,-0.48694,-0.5848]},"J9s":{"weight":1.0,"played":[0.8553,0.1215,0.0231],"evs":[0.0,-0.12972,-0.22221]},"JTs":{"weight":1.0,"played":[0.0059,0.5858,0.4083],"evs":[0.0,0.19093,0.14706]},"JJ":{"weight":1.0,"played":[0.0,0.2559,0.7441],"evs":[0.0,7.77703,7.83313]},"QJo":{"weight":1.0,"played":[1.0,0.0,0.0],"evs":[0.0,-0.62979,-0.57146]},"KJo":{"weight":1.0,"played":[0.9917,0.0065,0.0019],"evs":[0.0,-0.37749,-0.34952]},"AJo":{"weight":1.0,"played":[0.0,0.1116,0.8884],"evs":[0.0,2.89905,2.98107]},"Q2s":{"weight":0.0,"played":[1.0,0.0,0.0],"evs":[0.0,-1.5079,-1.65766]},"Q3s":{"weight":0.0,"played":[1.0,0.0,0.0],"evs":[0.0,-1.59505,-1.6872]},"Q4s":{"weight":0.0,"played":[1.0,0.0,0.0],"evs":[0.0,-1.36789,-1.51926]},"Q5s":{"weight":0.0,"played":[0.9988,0.0,0.0012],"evs":[0.0,-1.19836,-1.15198]},"Q6s":{"weight":0.0,"played":[0.9996,0.0,4.0E-4],"evs":[0.0,-0.63592,-0.62314]},"Q7s":{"weight":0.9988,"played":[0.9998,1.0E-4,1.0E-4],"evs":[0.0,-0.76021,-0.62195]},"Q8s":{"weight":1.0,"played":[0.9952,0.0029,0.0019],"evs":[0.0,-0.45451,-0.39882]},"Q9s":{"weight":1.0,"played":[0.1254,0.6051,0.2695],"evs":[0.0,0.0109,0.03814]},"QTs":{"weight":1.0,"played":[0.008,0.2271,0.7649],"evs":[0.0,0.17601,0.2309]},"QJs":{"weight":1.0,"played":[0.0019,0.3045,0.6936],"evs":[0.0,0.70529,0.7805]},"QQ":{"weight":1.0,"played":[0.0,0.3994,0.6006],"evs":[0.0,9.7581,9.75558]},"KQo":{"weight":1.0,"played":[0.0,0.004,0.996],"evs":[0.0,0.94181,1.06386]},"AQo":{"weight":0.9993,"played":[0.0,0.0228,0.9772],"evs":[0.0,4.58267,4.6197]},"K2s":{"weight":0.0,"played":[1.0,0.0,0.0],"evs":[0.0,-1.12418,-1.31332]},"K3s":{"weight":0.0,"played":[1.0,0.0,0.0],"evs":[0.0,-1.1364,-1.34111]},"K4s":{"weight":0.0,"played":[1.0,0.0,0.0],"evs":[0.0,-0.98314,-0.93203]},"K5s":{"weight":0.9999,"played":[1.0,0.0,0.0],"evs":[0.0,-0.90255,-0.8778]},"K6s":{"weight":1.0,"played":[0.9999,0.0,1.0E-4],"evs":[0.0,-0.45126,-0.33978]},"K7s":{"weight":1.0,"played":[0.8738,0.0327,0.0935],"evs":[0.0,-0.32618,-0.25465]},"K8s":{"weight":1.0,"played":[0.9598,0.0284,0.0117],"evs":[0.0,-0.31822,-0.25784]},"K9s":{"weight":1.0,"played":[0.0413,0.2054,0.7534],"evs":[0.0,-0.04448,0.03803]},"KTs":{"weight":0.9996,"played":[0.0012,0.0493,0.9495],"evs":[0.0,0.45393,0.55273]},"KJs":{"weight":1.0,"played":[1.0E-4,0.883,0.1169],"evs":[0.0,0.74632,0.69383]},"KQs":{"weight":1.0,"played":[0.0,0.155,0.845],"evs":[0.0,2.22782,2.27652]},"KK":{"weight":1.0,"played":[0.0,0.5305,0.4695],"evs":[0.0,11.78585,11.80167]},"AKo":{"weight":0.9997,"played":[0.0,0.4114,0.5886],"evs":[0.0,5.49777,5.44283]},"A2s":{"weight":1.0,"played":[1.0,0.0,0.0],"evs":[0.0,-0.39887,-0.30447]},"A3s":{"weight":1.0,"played":[0.9908,0.0084,8.0E-4],"evs":[0.0,-0.47497,-0.36732]},"A4s":{"weight":1.0,"played":[0.6321,0.002,0.3659],"evs":[0.0,-0.16993,0.00171]},"A5s":{"weight":1.0,"played":[0.0014,0.0,0.9985],"evs":[0.0,0.12177,0.24976]},"A6s":{"weight":1.0,"played":[1.0E-4,0.0047,0.9951],"evs":[0.0,0.13773,0.27666]},"A7s":{"weight":1.0,"played":[1.0E-4,0.0011,0.9988],"evs":[0.0,0.37076,0.46385]},"A8s":{"weight":1.0,"played":[1.0E-4,0.0183,0.9816],"evs":[0.0,0.61721,0.76951]},"A9s":{"weight":0.9992,"played":[0.0,0.2121,0.7879],"evs":[0.0,1.16215,1.27117]},"ATs":{"weight":1.0,"played":[0.0,0.0151,0.9849],"evs":[0.0,2.5983,2.65658]},"AJs":{"weight":1.0,"played":[0.0,0.0091,0.9909],"evs":[0.0,3.88161,3.95868]},"AQs":{"weight":1.0,"played":[0.0,0.5045,0.4955],"evs":[0.0,5.53224,5.51593]},"AKs":{"weight":1.0,"played":[0.0,0.0519,0.9481],"evs":[0.0,6.11186,6.15582]},"AA":{"weight":1.0,"played":[0.0,0.9064,0.0936],"evs":[0.0,15.39034,15.18884]}}}