{"player":4,"street":0,"children":2,"sequence":[{"player":0,"type":"F","amount":0,"street":0},{"player":1,"type":"R","amount":200000,"street":0},{"player":2,"type":"F","amount":0,"street":0},{"player":3,"type":"C","amount":200000,"street":0},{"player":4,"type":"C","amount":150000,"street":0},{"player":5,"type":"R","amount":895000,"street":0},{"player":1,"type":"F","amount":0,"street":0},{"player":3,"type":"F","amount":0,"street":0}],"actions":[{"type":"F","amount":0},{"type":"C","amount":695000}],"hands":{"22":{"weight":1.0,"played":[0.0,1.0],"evs":[0.0,2.3784]},"32o":{"weight":0.0,"played":[0.1379,0.8621],"evs":[0.0,0.14248]},"42o":{"weight":0.0,"played":[8.0E-4,0.9992],"evs":[0.0,0.19777]},"52o":{"weight":0.0,"played":[5.0E-4,0.9995],"evs":[0.0,0.20375]},"62o":{"weight":0.0,"played":[0.0024,0.9976],"evs":[0.0,0.13222]},"72o":{"weight":0.0,"played":[0.4376,0.5624],"evs":[0.0,-0.11226]},"82o":{"weight":0.0,"played":[0.2781,0.7219],"evs":[0.0,-0.05621]},"92o":{"weight":0.0,"played":[0.0351,0.9649],"evs":[0.0,0.38047]},"T2o":{"weight":0.0,"played":[0.4298,0.5702],"evs":[0.0,0.37392]},"J2o":{"weight":0.0,"played":[2.0E-4,0.9998],"evs":[0.0,0.25288]},"Q2o":{"weight":0.0,"played":[1.0E-4,0.9999],"evs":[0.0,0.51171]},"K2o":{"weight":0.0,"played":[0.0,1.0],"evs":[0.0,0.50684]},"A2o":{"weight":0.0,"played":[0.0,1.0],"evs":[0.0,1.26766]},"32s":{"weight":0.0,"played":[0.0034,0.9966],"evs":[0.0,0.92094]},"33":{"weight":1.0,"played":[0.0,1.0],"evs":[0.0,2.26777]},"43o":{"weight":0.0,"played":[1.0E-4,0.9999],"evs":[0.0,0.55403]},"53o":{"weight":0.0,"played":[2.0E-4,0.9998],"evs":[0.0,0.29181]},"63o":{"weight":0.0,"played":[1.0E-4,0.9999],"evs":[0.0,0.33318]},"73o":{"weight":0.0,"played":[0.2061,0.7939],"evs":[0.0,0.0151]},"83o":{"weight":0.0,"played":[0.3332,0.6668],"evs":[0.0,0.08297]},"93o":{"weight":0.0,"played":[4.0E-4,0.9996],"evs":[0.0,0.14361]},"T3o":{"weight":0.0,"played":[0.0012,0.9988],"evs":[0.0,0.34649]},"J3o":{"weight":0.0,"played":[0.1478,0.8522],"evs":[0.0,0.09799]},"Q3o":{"weight":0.0,"played":[5.0E-4,0.9995],"evs":[0.0,0.60214]},"K3o":{"weight":0.0,"played":[0.0,1.0],"evs":[0.0,0.40095]},"A3o":{"weight":0.0,"played":[0.0,1.0],"evs":[0.0,1.3597]},"42s":{"weight":0.0,"played":[0.0813,0.9187],"evs":[0.0,1.01463]},"43s":{"weight":0.0069,"played":[1.0E-4,0.9999],"evs":[0.0,1.22796]},"44":{"weight":0.9998,"played":[0.0,1.0],"evs":[0.0,2.75616]},"54o":{"weight":0.0,"played":[0.0,1.0],"evs":[0.0,0.7552]},"64o":{"weight":0.0,"played":[5.0E-4,0.9995],"evs":[0.0,0.38563]},"74o":{"weight":0.0,"played":[0.0068,0.9932],"evs":[0.0,0.40361]},"84o":{"weight":0.0,"played":[0.0,1.0],"evs":[0.0,0.31222]},"94o":{"weight":0.0,"played":[0.0265,0.9735],"evs":[0.0,0.3359]},"T4o":{"weight":0.0,"played":[0.0543,0.9457],"evs":[0.0,0.36343]},"J4o":{"weight":0.0,"played":[7.0E-4,0.9993],"evs":[0.0,0.4405]},"Q4o":{"weight":0.0,"played":[0.0,1.0],"evs":[0.0,0.51705]},"K4o":{"weight":0.0,"played":[0.0,1.0],"evs":[0.0,0.7171]},"A4o":{"weight":0.0,"played":[0.0,1.0],"evs":[0.0,1.41333]},"52s":{"weight":0.0,"played":[0.0012,0.9988],"evs":[0.0,0.59567]},"53s":{"weight":0.4814,"played":[0.0079,0.9921],"evs":[0.0,1.72795]},"54s":{"weight":0.9969,"played":[2.0E-4,0.9998],"evs":[0.0,1.03072]},"55":{"weight":0.9998,"played":[0.0,1.0],"evs":[0.0,3.04857]},"65o":{"weight":0.0,"played":[1.0E-4,0.9999],"evs":[0.0,0.60983]},"75o":{"weight":0.0,"played":[2.0E-4,0.9998],"evs":[0.0,0.62765]},"85o":{"weight":0.0,"played":[0.0099,0.9901],"evs":[0.0,0.31114]},"95o":{"weight":0.0,"played":[0.0011,0.9989],"evs":[0.0,0.53947]},"T5o":{"weight":0.0,"played":[0.0017,0.9983],"evs":[0.0,0.3943]},"J5o":{"weight":0.0,"played":[0.0,1.0],"evs":[0.0,0.25576]},"Q5o":{"weight":0.0,"played":[2.0E-4,0.9998],"evs":[0.0,0.4681]},"K5o":{"weight":0.0,"played":[0.0,1.0],"evs":[0.0,0.70636]},"A5o":{"weight":0.0,"played":[1.0E-4,0.9999],"evs":[0.0,1.37603]},"62s":{"weight":0.0,"played":[9.0E-4,0.9991],"evs":[0.0,0.80211]},"63s":{"weight":0.0,"played":[4.0E-4,0.9996],"evs":[0.0,0.87302]},"64s":{"weight":0.9067,"played":[8.0E-4,0.9992],"evs":[0.0,0.97735]},"65s":{"weight":0.9996,"played":[0.0,1.0],"evs":[0.0,1.07175]},"66":{"weight":0.5747,"played":[0.0,1.0],"evs":[0.0,3.69745]},"76o":{"weight":0.0,"played":[0.0,1.0],"evs":[0.0,0.55396]},"86o":{"weight":0.0,"played":[0.0,1.0],"evs":[0.0,0.63316]},"96o":{"weight":0.0,"played":[0.0,1.0],"evs":[0.0,0.423]},"T6o":{"weight":0.0,"played":[0.0,1.0],"evs":[0.0,0.77414]},"J6o":{"weight":0.0,"played":[4.0E-4,0.9996],"evs":[0.0,0.16446]},"Q6o":{"weight":0.0,"played":[1.0E-4,0.9999],"evs":[0.0,0.73322]},"K6o":{"weight":0.0,"played":[1.0E-4,0.9999],"evs":[0.0,0.64049]},"A6o":{"weight":0.0,"played":[1.0E-4,0.9999],"evs":[0.0,1.22207]},"72s":{"weight":0.0,"played":[0.0,1.0],"evs":[0.0,0.78868]},"73s":{"weight":0.0,"played":[0.015,0.985],"evs":[0.0,0.62418]},"74s":{"weight":0.0,"played":[0.0,1.0],"evs":[0.0,1.32856]},"75s":{"weight":0.9997,"played":[0.0,1.0],"evs":[0.0,1.12907]},"76s":{"weight":0.8998,"played":[0.0,1.0],"evs":[0.0,1.43829]},"77":{"weight":0.0051,"played":[0.0,1.0],"evs":[0.0,3.50018]},"87o":{"weight":0.0,"played":[0.0,1.0],"evs":[0.0,0.55991]},"97o":{"weight":0.0,"played":[1.0E-4,0.9999],"evs":[0.0,1.02037]},"T7o":{"weight":0.0,"played":[0.0,1.0],"evs":[0.0,0.57885]},"J7o":{"weight":0.0,"played":[2.0E-4,0.9998],"evs":[0.0,0.58857]},"Q7o":{"weight":0.0,"played":[0.0,1.0],"evs":[0.0,0.45686]},"K7o":{"weight":0.0,"played":[0.0,1.0],"evs":[0.0,0.66614]},"A7o":{"weight":0.0,"played":[0.0,1.0],"evs":[0.0,1.60191]},"82s":{"weight":0.0,"played":[0.0062,0.9938],"evs":[0.0,0.22734]},"83s":{"weight":0.0,"played":[0.0135,0.9865],"evs":[0.0,0.83337]},"84s":{"weight":0.0,"played":[0.0,1.0],"evs":[0.0,1.2851]},"85s":{"weight":0.0017,"played":[0.0014,0.9986],"evs":[0.0,1.50795]},"86s":{"weight":0.9998,"played":[8.0E-4,0.9992],"evs":[0.0,0.9704]},"87s":{"weight":0.8714,"played":[0.0011,0.9989],"evs":[0.0,1.16996]},"88":{"weight":0.0,"played":[0.0,1.0],"evs":[0.0,3.96893]},"98o":{"weight":0.0,"played":[1.0E-4,0.9999],"evs":[0.0,0.7887]},"T8o":{"weight":0.0,"played":[1.0E-4,0.9999],"evs":[0.0,0.7798]},"J8o":{"weight":0.0,"played":[0.0,1.0],"evs":[0.0,0.67423]},"Q8o":{"weight":0.0,"played":[0.0,1.0],"evs":[0.0,0.54292]},"K8o":{"weight":0.0,"played":[1.0E-4,0.9999],"evs":[0.0,0.87081]},"A8o":{"weight":1.0E-4,"played":[0.0,1.0],"evs":[0.0,1.89459]},"92s":{"weight":0.0,"played":[0.0359,0.9641],"evs":[0.0,0.99491]},"93s":{"weight":0.0,"played":[0.0066,0.9934],"evs":[0.0,1.002]},"94s":{"weight":0.0,"played":[0.0147,0.9853],"evs":[0.0,0.73218]},"95s":{"weight":0.0,"played":[1.0E-4,0.9999],"evs":[0.0,1.04318]},"96s":{"weight":5.0E-4,"played":[2.0E-4,0.9998],"evs":[0.0,0.90449]},"97s":{"weight":0.9987,"played":[0.0014,0.9986],"evs":[0.0,1.17808]},"98s":{"weight":0.7668,"played":[0.0,1.0],"evs":[0.0,1.64323]},"99":{"weight":0.0,"played":[0.0,1.0],"evs":[0.0,5.20144]},"T9o":{"weight":0.0,"played":[1.0E-4,0.9999],"evs":[0.0,0.95002]},"J9o":{"weight":0.0,"played":[0.0,1.0],"evs":[0.0,1.40564]},"Q9o":{"weight":0.0,"played":[2.0E-4,0.9998],"evs":[0.0,1.01658]},"K9o":{"weight":0.0,"played":[0.0,1.0],"evs":[0.0,1.33212]},"A9o":{"weight":0.4386,"played":[0.0,1.0],"evs":[0.0,2.27108]},"T2s":{"weight":0.0,"played":[0.0011,0.9989],"evs":[0.0,1.23199]},"T3s":{"weight":0.0,"played":[0.0032,0.9968],"evs":[0.0,1.45676]},"T4s":{"weight":0.0,"played":[0.0023,0.9977],"evs":[0.0,0.93414]},"T5s":{"weight":0.0,"played":[0.0057,0.9943],"evs":[0.0,1.01467]},"T6s":{"weight":0.0,"played":[1.0E-4,0.9999],"evs":[0.0,0.75607]},"T7s":{"weight":0.0,"played":[0.0,1.0],"evs":[0.0,1.44901]},"T8s":{"weight":0.988,"played":[3.0E-4,0.9997],"evs":[0.0,1.6264]},"T9s":{"weight":0.9998,"played":[0.0,1.0],"evs":[0.0,1.612]},"TT":{"weight":0.0,"played":[0.0,1.0],"evs":[0.0,5.51806]},"JTo":{"weight":0.0,"played":[1.0E-4,0.9999],"evs":[0.0,1.68209]},"QTo":{"weight":0.0,"played":[1.0E-4,0.9999],"evs":[0.0,1.51227]},"KTo":{"weight":0.0157,"played":[0.0,1.0],"evs":[0.0,1.25352]},"ATo":{"weight":0.5217,"played":[0.0,1.0],"evs":[0.0,3.10643]},"J2s":{"weight":0.0,"played":[9.0E-4,0.9991],"evs":[0.0,1.20457]},"J3s":{"weight":0.0,"played":[0.0,1.0],"evs":[0.0,0.83668]},"J4s":{"weight":0.0,"played":[0.0,1.0],"evs":[0.0,1.42751]},"J5s":{"weight":0.0,"played":[0.0,1.0],"evs":[0.0,1.23704]},"J6s":{"weight":0.0,"played":[0.0071,0.9929],"evs":[0.0,0.73921]},"J7s":{"weight":0.0,"played":[6.0E-4,0.9994],"evs":[0.0,1.30192]},"J8s":{"weight":0.1648,"played":[0.0,1.0],"evs":[0.0,1.53649]},"J9s":{"weight":0.9901,"played":[2.0E-4,0.9998],"evs":[0.0,2.0141]},"JTs":{"weight":0.4226,"played":[1.0E-4,0.9999],"evs":[0.0,2.22666]},"JJ":{"weight":0.0,"played":[0.0,1.0],"evs":[0.0,5.73651]},"QJo":{"weight":0.9387,"played":[0.0,1.0],"evs":[0.0,1.70781]},"KJo":{"weight":1.0,"played":[0.0,1.0],"evs":[0.0,1.85412]},"AJo":{"weight":3.0E-4,"played":[0.0,1.0],"evs":[0.0,4.05777]},"Q2s":{"weight":0.0,"played":[5.0E-4,0.9995],"evs":[0.0,1.39628]},"Q3s":{"weight":0.0,"played":[0.0,1.0],"evs":[0.0,1.45918]},"Q4s":{"weight":0.0,"played":[1.0E-4,0.9999],"evs":[0.0,0.71557]},"Q5s":{"weight":0.0,"played":[0.0,1.0],"evs":[0.0,1.53313]},"Q6s":{"weight":3.0E-4,"played":[4.0E-4,0.9996],"evs":[0.0,1.29159]},"Q7s":{"weight":0.1707,"played":[0.0082,0.9918],"evs":[0.0,0.87471]},"Q8s":{"weight":0.0177,"played":[0.0019,0.9981],"evs":[0.0,1.53554]},"Q9s":{"weight":0.4708,"played":[2.0E-4,0.9998],"evs":[0.0,1.93363]},"QTs":{"weight":0.2127,"played":[0.0,1.0],"evs":[0.0,2.2155]},"QJs":{"weight":0.213,"played":[0.0,1.0],"evs":[0.0,1.78561]},"QQ":{"weight":0.0,"played":[0.0,1.0],"evs":[0.0,6.77165]},"KQo":{"weight":0.7612,"played":[0.0,1.0],"evs":[0.0,2.03543]},"AQo":{"weight":0.0,"played":[0.0,1.0],"evs":[0.0,4.75194]},"K2s":{"weight":0.0,"played":[1.0E-4,0.9999],"evs":[0.0,0.67169]},"K3s":{"weight":8.0E-4,"played":[1.0E-4,0.9999],"evs":[0.0,0.98601]},"K4s":{"weight":0.0132,"played":[6.0E-4,0.9994],"evs":[0.0,1.54634]},"K5s":{"weight":0.5741,"played":[0.0034,0.9966],"evs":[0.0,1.45009]},"K6s":{"weight":0.3053,"played":[1.0E-4,0.9999],"evs":[0.0,1.51022]},"K7s":{"weight":0.0346,"played":[1.0E-4,0.9999],"evs":[0.0,1.68953]},"K8s":{"weight":0.9858,"played":[8.0E-4,0.9992],"evs":[0.0,1.38382]},"K9s":{"weight":0.4174,"played":[1.0E-4,0.9999],"evs":[0.0,1.66469]},"KTs":{"weight":0.0206,"played":[0.0,1.0],"evs":[0.0,2.25156]},"KJs":{"weight":0.9223,"played":[0.0,1.0],"evs":[0.0,2.17937]},"KQs":{"weight":0.0422,"played":[2.0E-4,0.9998],"evs":[0.0,2.36166]},"KK":{"weight":0.0,"played":[0.0,1.0],"evs":[0.0,7.70934]},"AKo":{"weight":0.0,"played":[0.0,1.0],"evs":[0.0,5.46169]},"A2s":{"weight":0.3715,"played":[1.0E-4,0.9999],"evs":[0.0,1.74581]},"A3s":{"weight":0.1692,"played":[2.0E-4,0.9998],"evs":[0.0,1.91548]},"A4s":{"weight":0.8782,"played":[7.0E-4,0.9993],"evs":[0.0,2.47401]},"A5s":{"weight":0.0017,"played":[6.0E-4,0.9994],"evs":[0.0,2.45861]},"A6s":{"weight":0.8669,"played":[0.0,1.0],"evs":[0.0,1.92363]},"A7s":{"weight":0.0018,"played":[1.0E-4,0.9999],"evs":[0.0,2.18992]},"A8s":{"weight":0.8156,"played":[0.0,1.0],"evs":[0.0,2.26164]},"A9s":{"weight":0.9997,"played":[0.0,1.0],"evs":[0.0,2.91414]},"ATs":{"weight":1.0,"played":[0.0,1.0],"evs":[0.0,3.5742]},"AJs":{"weight":6.0E-4,"played":[1.0E-4,0.9999],"evs":[0.0,4.11209]},"AQs":{"weight":0.0,"played":[1.0E-4,0.9999],"evs":[0.0,5.2541]},"AKs":{"weight":0.0,"played":[0.0,1.0],"evs":[0.0,6.33999]},"AA":{"weight":8.0E-4,"played":[0.0,1.0],"evs":[0.0,9.59088]}}}