{"player":4,"street":0,"children":3,"sequence":[{"player":0,"type":"F","amount":0,"street":0},{"player":1,"type":"R","amount":200000,"street":0},{"player":2,"type":"F","amount":0,"street":0},{"player":3,"type":"C","amount":200000,"street":0},{"player":4,"type":"C","amount":150000,"street":0},{"player":5,"type":"R","amount":895000,"street":0},{"player":1,"type":"F","amount":0,"street":0},{"player":3,"type":"C","amount":695000,"street":0}],"actions":[{"type":"F","amount":0},{"type":"C","amount":695000},{"type":"R","amount":2395000,"node":169}],"hands":{"22":{"weight":1.0,"played":[0.4749,0.0827,0.4424],"evs":[0.0,-1.10608,-0.35788]},"32o":{"weight":0.0,"played":[0.999,9.0E-4,1.0E-4],"evs":[0.0,-1.97238,-4.31037]},"42o":{"weight":0.0,"played":[1.0,0.0,0.0],"evs":[0.0,-1.40151,-3.76781]},"52o":{"weight":0.0,"played":[0.9982,0.0018,0.0],"evs":[0.0,-1.49263,-3.56744]},"62o":{"weight":0.0,"played":[0.9915,0.0085,0.0],"evs":[0.0,-1.80307,-4.40256]},"72o":{"weight":0.0,"played":[1.0,0.0,0.0],"evs":[0.0,-2.21372,-4.82937]},"82o":{"weight":0.0,"played":[0.9996,4.0E-4,0.0],"evs":[0.0,-2.22836,-4.80138]},"92o":{"weight":0.0,"played":[0.9943,0.0057,0.0],"evs":[0.0,-2.57789,-4.34375]},"T2o":{"weight":0.0,"played":[0.9999,1.0E-4,0.0],"evs":[0.0,-2.05918,-3.34833]},"J2o":{"weight":0.0,"played":[0.9992,8.0E-4,0.0],"evs":[0.0,-1.69502,-3.24694]},"Q2o":{"weight":0.0,"played":[0.9976,0.0018,6.0E-4],"evs":[0.0,-0.60805,-1.45236]},"K2o":{"weight":0.0,"played":[0.5311,0.4184,0.0506],"evs":[0.0,-0.65663,-1.74047]},"A2o":{"weight":0.0,"played":[0.9049,0.0112,0.0839],"evs":[0.0,-0.46087,-0.53015]},"32s":{"weight":0.0,"played":[0.9368,0.0559,0.0073],"evs":[0.0,-0.88687,-2.69482]},"33":{"weight":1.0,"played":[0.0805,0.0181,0.9013],"evs":[0.0,0.56775,1.49548]},"43o":{"weight":0.0,"played":[0.9999,0.0,1.0E-4],"evs":[0.0,-1.0275,-2.43647]},"53o":{"weight":0.0,"played":[0.9837,0.016,3.0E-4],"evs":[0.0,-1.11904,-2.76382]},"63o":{"weight":0.0,"played":[0.9999,0.0,1.0E-4],"evs":[0.0,-1.64816,-3.43365]},"73o":{"weight":0.0,"played":[0.9964,0.0028,8.0E-4],"evs":[0.0,-1.43496,-3.27325]},"83o":{"weight":0.0,"played":[1.0,0.0,0.0],"evs":[0.0,-2.28806,-4.10116]},"93o":{"weight":0.0,"played":[1.0,0.0,0.0],"evs":[0.0,-1.90999,-3.41717]},"T3o":{"weight":0.0,"played":[0.9968,0.0032,1.0E-4],"evs":[0.0,-1.70797,-3.46812]},"J3o":{"weight":0.0,"played":[1.0,0.0,0.0],"evs":[0.0,-1.62898,-2.53911]},"Q3o":{"weight":0.0,"played":[0.9983,6.0E-4,0.0011],"evs":[0.0,-1.72289,-2.07701]},"K3o":{"weight":0.0,"played":[0.9893,0.006,0.0048],"evs":[0.0,-1.44757,-1.9578]},"A3o":{"weight":0.0,"played":[0.086,0.416,0.498],"evs":[0.0,0.29526,0.54832]},"42s":{"weight":0.0,"played":[0.9957,0.0043,1.0E-4],"evs":[0.0,-1.4304,-3.30027]},"43s":{"weight":0.0069,"played":[0.6077,0.3863,0.0061],"evs":[0.0,-1.197,-2.68821]},"44":{"weight":0.9998,"played":[8.0E-4,0.0011,0.9981],"evs":[0.0,0.87253,1.83326]},"54o":{"weight":0.0,"played":[0.9828,0.0156,0.0017],"evs":[0.0,-0.87724,-2.52803]},"64o":{"weight":0.0,"played":[0.9917,0.0079,4.0E-4],"evs":[0.0,-0.2359,-1.41076]},"74o":{"weight":0.0,"played":[0.9745,0.0253,2.0E-4],"evs":[0.0,-1.39402,-2.71677]},"84o":{"weight":0.0,"played":[1.0,0.0,0.0],"evs":[0.0,-1.86558,-3.36859]},"94o":{"weight":0.0,"played":[0.9937,0.0063,0.0],"evs":[0.0,-2.10771,-3.84074]},"T4o":{"weight":0.0,"played":[0.999,9.0E-4,1.0E-4],"evs":[0.0,-1.7687,-2.64825]},"J4o":{"weight":0.0,"played":[0.9977,0.0016,7.0E-4],"evs":[0.0,-1.17769,-1.70109]},"Q4o":{"weight":0.0,"played":[0.9673,0.0239,0.0088],"evs":[0.0,-0.64979,-0.96207]},"K4o":{"weight":0.0,"played":[0.9937,0.0063,0.0],"evs":[0.0,-0.97031,-1.19704]},"A4o":{"weight":0.0,"played":[0.0044,0.0049,0.9907],"evs":[0.0,0.39226,0.46256]},"52s":{"weight":0.0,"played":[0.5185,0.4747,0.0068],"evs":[0.0,-0.74784,-2.46711]},"53s":{"weight":0.4814,"played":[0.9668,0.0201,0.0131],"evs":[0.0,-0.483,-1.40366]},"54s":{"weight":0.9969,"played":[0.3162,0.6669,0.0168],"evs":[0.0,0.25005,-0.8064]},"55":{"weight":0.9998,"played":[1.0E-4,6.0E-4,0.9993],"evs":[0.0,1.63542,2.81737]},"65o":{"weight":0.0,"played":[0.9879,0.0118,3.0E-4],"evs":[0.0,-0.38596,-1.64553]},"75o":{"weight":0.0,"played":[0.941,0.059,0.0],"evs":[0.0,-0.87092,-2.22247]},"85o":{"weight":0.0,"played":[0.9945,0.0055,0.0],"evs":[0.0,-1.99586,-2.91384]},"95o":{"weight":0.0,"played":[0.9925,0.0075,0.0],"evs":[0.0,-1.69976,-3.12284]},"T5o":{"weight":0.0,"played":[0.9999,1.0E-4,0.0],"evs":[0.0,-1.5803,-2.29815]},"J5o":{"weight":0.0,"played":[0.9999,1.0E-4,1.0E-4],"evs":[0.0,-1.48097,-2.32085]},"Q5o":{"weight":0.0,"played":[0.9813,0.0185,2.0E-4],"evs":[0.0,-0.55289,-0.79849]},"K5o":{"weight":0.0,"played":[0.8453,0.0018,0.1529],"evs":[0.0,-1.18718,-1.57306]},"A5o":{"weight":0.0,"played":[5.0E-4,6.0E-4,0.9989],"evs":[0.0,-0.22773,0.46657]},"62s":{"weight":0.0,"played":[0.9999,0.0,1.0E-4],"evs":[0.0,-0.44113,-2.38351]},"63s":{"weight":0.0,"played":[0.9599,0.0317,0.0085],"evs":[0.0,-0.55896,-1.98556]},"64s":{"weight":0.9067,"played":[0.7104,0.2852,0.0044],"evs":[0.0,-0.42475,-1.40233]},"65s":{"weight":0.9996,"played":[0.6201,0.3782,0.0017],"evs":[0.0,0.20195,-0.64256]},"66":{"weight":0.5747,"played":[0.0,0.0115,0.9885],"evs":[0.0,2.54731,3.51629]},"76o":{"weight":0.0,"played":[0.9996,4.0E-4,0.0],"evs":[0.0,-0.90287,-2.16346]},"86o":{"weight":0.0,"played":[0.964,0.0322,0.0038],"evs":[0.0,-0.80758,-1.64058]},"96o":{"weight":0.0,"played":[0.9987,0.0013,0.0],"evs":[0.0,-0.81014,-1.64052]},"T6o":{"weight":0.0,"played":[0.9645,0.035,4.0E-4],"evs":[0.0,-0.70775,-1.17831]},"J6o":{"weight":0.0,"played":[0.9989,0.0,0.0011],"evs":[0.0,-0.87404,-1.34608]},"Q6o":{"weight":0.0,"played":[0.9861,0.0116,0.0023],"evs":[0.0,-0.98512,-1.06798]},"K6o":{"weight":0.0,"played":[0.3048,0.0906,0.6046],"evs":[0.0,-0.63915,-0.65294]},"A6o":{"weight":0.0,"played":[0.0245,0.0271,0.9484],"evs":[0.0,0.35902,1.31917]},"72s":{"weight":0.0,"played":[0.9991,5.0E-4,4.0E-4],"evs":[0.0,-0.96793,-2.73377]},"73s":{"weight":0.0,"played":[0.9207,0.0729,0.0063],"evs":[0.0,-0.69891,-2.25578]},"74s":{"weight":0.0,"played":[0.4093,0.584,0.0067],"evs":[0.0,-0.27325,-1.89847]},"75s":{"weight":0.9997,"played":[0.2505,0.7423,0.0072],"evs":[0.0,0.91922,0.26155]},"76s":{"weight":0.8998,"played":[0.0027,0.9929,0.0044],"evs":[0.0,0.45087,-0.03311]},"77":{"weight":0.0051,"played":[0.0,1.0E-4,0.9999],"evs":[0.0,2.31311,3.56065]},"87o":{"weight":0.0,"played":[0.8192,0.1347,0.0462],"evs":[0.0,-0.44599,-1.06052]},"97o":{"weight":0.0,"played":[0.9778,0.0191,0.0031],"evs":[0.0,-0.98281,-1.55633]},"T7o":{"weight":0.0,"played":[0.9943,0.0053,4.0E-4],"evs":[0.0,-1.04227,-1.3783]},"J7o":{"weight":0.0,"played":[0.954,0.0263,0.0197],"evs":[0.0,-0.93753,-1.0849]},"Q7o":{"weight":0.0,"played":[0.8632,0.0313,0.1056],"evs":[0.0,-0.54044,-0.45298]},"K7o":{"weight":0.0,"played":[0.1703,0.2188,0.6108],"evs":[0.0,-0.47538,-0.37642]},"A7o":{"weight":0.0,"played":[0.0281,7.0E-4,0.9712],"evs":[0.0,0.49599,1.37863]},"82s":{"weight":0.0,"played":[0.9695,0.0305,0.0],"evs":[0.0,-1.08045,-2.58722]},"83s":{"weight":0.0,"played":[0.9199,0.079,0.0011],"evs":[0.0,-1.4448,-3.09297]},"84s":{"weight":0.0,"played":[0.9503,0.0497,0.0],"evs":[0.0,-1.22718,-2.11424]},"85s":{"weight":0.0017,"played":[0.8587,0.1277,0.0136],"evs":[0.0,-0.83047,-1.71198]},"86s":{"weight":0.9998,"played":[0.5099,0.4885,0.0016],"evs":[0.0,-0.43319,-0.95747]},"87s":{"weight":0.8714,"played":[0.3452,0.5933,0.0614],"evs":[0.0,0.2049,0.16002]},"88":{"weight":0.0,"played":[3.0E-4,0.0043,0.9954],"evs":[0.0,3.88196,5.20893]},"98o":{"weight":0.0,"played":[0.9371,0.0629,0.0],"evs":[0.0,-1.07703,-1.78536]},"T8o":{"weight":0.0,"played":[0.787,0.1098,0.1031],"evs":[0.0,-0.85841,-1.00452]},"J8o":{"weight":0.0,"played":[0.9236,0.0627,0.0137],"evs":[0.0,-1.04971,-1.2082]},"Q8o":{"weight":0.0,"played":[0.6698,0.0162,0.314],"evs":[0.0,-0.67032,-0.08675]},"K8o":{"weight":0.0,"played":[0.8644,0.0429,0.0927],"evs":[0.0,-0.57692,-0.39834]},"A8o":{"weight":1.0E-4,"played":[0.0019,0.0011,0.997],"evs":[0.0,1.35664,2.63522]},"92s":{"weight":0.0,"played":[0.9729,0.027,1.0E-4],"evs":[0.0,-0.62389,-2.49011]},"93s":{"weight":0.0,"played":[0.9988,0.0011,1.0E-4],"evs":[0.0,-2.0633,-3.02415]},"94s":{"weight":0.0,"played":[0.7835,0.2106,0.0059],"evs":[0.0,-0.49311,-1.92454]},"95s":{"weight":0.0,"played":[0.9258,0.0285,0.0458],"evs":[0.0,-1.6069,-2.18502]},"96s":{"weight":5.0E-4,"played":[0.0224,0.7369,0.2406],"evs":[0.0,0.9825,-0.02806]},"97s":{"weight":0.9987,"played":[0.0383,0.7025,0.2592],"evs":[0.0,0.33909,0.31603]},"98s":{"weight":0.7668,"played":[0.2635,0.5768,0.1598],"evs":[0.0,-0.18596,-0.75356]},"99":{"weight":0.0,"played":[0.0,0.0,1.0],"evs":[0.0,5.86975,7.47498]},"T9o":{"weight":0.0,"played":[0.6837,0.1044,0.2119],"evs":[0.0,-0.36129,-0.25591]},"J9o":{"weight":0.0,"played":[0.1845,0.0027,0.8128],"evs":[0.0,-0.15643,0.30799]},"Q9o":{"weight":0.0,"played":[0.0686,0.0542,0.8771],"evs":[0.0,-0.24275,0.15678]},"K9o":{"weight":0.0,"played":[0.0303,0.1835,0.7862],"evs":[0.0,0.98782,1.68846]},"A9o":{"weight":0.4386,"played":[0.0041,0.007,0.9889],"evs":[0.0,1.57768,3.01749]},"T2s":{"weight":0.0,"played":[0.9928,0.0055,0.0017],"evs":[0.0,-0.61136,-1.5618]},"T3s":{"weight":0.0,"played":[0.7804,0.2164,0.0032],"evs":[0.0,-0.40983,-1.72312]},"T4s":{"weight":0.0,"played":[0.4092,0.5908,0.0],"evs":[0.0,-0.00199,-0.73919]},"T5s":{"weight":0.0,"played":[0.9856,0.0087,0.0056],"evs":[0.0,-1.17158,-1.41659]},"T6s":{"weight":0.0,"played":[0.8141,0.0907,0.0952],"evs":[0.0,-0.47367,-0.85852]},"T7s":{"weight":0.0,"played":[0.178,0.694,0.1279],"evs":[0.0,0.89571,0.68016]},"T8s":{"weight":0.988,"played":[0.1539,0.4558,0.3903],"evs":[0.0,0.26241,0.32207]},"T9s":{"weight":0.9998,"played":[0.0199,0.2089,0.7712],"evs":[0.0,0.83388,1.72923]},"TT":{"weight":0.0,"played":[0.0,0.0,1.0],"evs":[0.0,6.57009,8.74412]},"JTo":{"weight":0.0,"played":[0.0488,0.0602,0.8911],"evs":[0.0,0.33239,1.09526]},"QTo":{"weight":0.0,"played":[0.0335,0.0558,0.9107],"evs":[0.0,0.41932,1.24044]},"KTo":{"weight":0.0157,"played":[0.0124,0.0231,0.9644],"evs":[0.0,0.34067,1.19086]},"ATo":{"weight":0.5217,"played":[0.0,0.0,1.0],"evs":[0.0,2.48734,3.64626]},"J2s":{"weight":0.0,"played":[0.7214,0.255,0.0236],"evs":[0.0,-0.17682,-1.17631]},"J3s":{"weight":0.0,"played":[0.9822,0.0161,0.0017],"evs":[0.0,-1.44809,-1.8249]},"J4s":{"weight":0.0,"played":[0.8502,0.0901,0.0597],"evs":[0.0,-1.21451,-1.56059]},"J5s":{"weight":0.0,"played":[0.5536,0.2845,0.1619],"evs":[0.0,-0.79375,-1.12787]},"J6s":{"weight":0.0,"played":[0.1416,0.4337,0.4247],"evs":[0.0,0.55351,0.68226]},"J7s":{"weight":0.0,"played":[0.1661,0.6146,0.2193],"evs":[0.0,0.97831,0.70602]},"J8s":{"weight":0.1648,"played":[0.0097,0.3281,0.6622],"evs":[0.0,2.11371,2.93148]},"J9s":{"weight":0.9901,"played":[0.0786,0.2271,0.6943],"evs":[0.0,0.47277,1.2143]},"JTs":{"weight":0.4226,"played":[0.0221,0.0712,0.9067],"evs":[0.0,1.73354,2.03613]},"JJ":{"weight":0.0,"played":[0.0,1.0E-4,0.9999],"evs":[0.0,8.94598,10.73789]},"QJo":{"weight":0.9387,"played":[0.0726,0.0142,0.9132],"evs":[0.0,0.4355,1.26096]},"KJo":{"weight":1.0,"played":[1.0E-4,0.0312,0.9687],"evs":[0.0,0.44736,1.23857]},"AJo":{"weight":3.0E-4,"played":[0.0,4.0E-4,0.9996],"evs":[0.0,4.10693,5.59093]},"Q2s":{"weight":0.0,"played":[0.1081,0.5888,0.3031],"evs":[0.0,0.72874,0.37705]},"Q3s":{"weight":0.0,"played":[0.2521,0.4517,0.2962],"evs":[0.0,1.00039,0.99702]},"Q4s":{"weight":0.0,"played":[0.021,0.7109,0.2681],"evs":[0.0,0.30141,0.37535]},"Q5s":{"weight":0.0,"played":[0.4653,0.5339,8.0E-4],"evs":[0.0,0.2194,-0.54342]},"Q6s":{"weight":3.0E-4,"played":[0.03,6.0E-4,0.9694],"evs":[0.0,-0.51306,-0.02881]},"Q7s":{"weight":0.1707,"played":[0.418,0.3485,0.2335],"evs":[0.0,-0.25085,-0.27584]},"Q8s":{"weight":0.0177,"played":[0.0216,0.0406,0.9378],"evs":[0.0,0.14624,1.08542]},"Q9s":{"weight":0.4708,"played":[0.0,0.0816,0.9184],"evs":[0.0,1.29523,2.12573]},"QTs":{"weight":0.2127,"played":[0.0078,0.1053,0.8869],"evs":[0.0,1.32933,1.78237]},"QJs":{"weight":0.213,"played":[4.0E-4,0.0497,0.9499],"evs":[0.0,0.28597,1.25326]},"QQ":{"weight":0.0,"played":[0.0,0.0037,0.9963],"evs":[0.0,10.73247,12.13205]},"KQo":{"weight":0.7612,"played":[0.0013,0.0015,0.9972],"evs":[0.0,1.90009,2.95224]},"AQo":{"weight":0.0,"played":[0.0,1.0E-4,0.9999],"evs":[0.0,4.14368,5.53883]},"K2s":{"weight":0.0,"played":[0.2356,0.3576,0.4068],"evs":[0.0,0.7211,0.58553]},"K3s":{"weight":8.0E-4,"played":[0.0279,0.4046,0.5675],"evs":[0.0,1.31377,1.06276]},"K4s":{"weight":0.0132,"played":[0.1284,0.3752,0.4964],"evs":[0.0,-0.03359,0.05558]},"K5s":{"weight":0.5741,"played":[0.0075,0.3745,0.618],"evs":[0.0,0.90514,0.70952]},"K6s":{"weight":0.3053,"played":[0.0321,0.2703,0.6976],"evs":[0.0,1.0701,1.01582]},"K7s":{"weight":0.0346,"played":[0.0462,0.1117,0.8421],"evs":[0.0,0.92859,1.06531]},"K8s":{"weight":0.9858,"played":[0.0053,0.4303,0.5645],"evs":[0.0,0.63689,0.67659]},"K9s":{"weight":0.4174,"played":[0.0011,0.1063,0.8926],"evs":[0.0,0.61917,1.55664]},"KTs":{"weight":0.0206,"played":[0.0079,0.0406,0.9515],"evs":[0.0,1.40843,2.14785]},"KJs":{"weight":0.9223,"played":[0.0011,0.0063,0.9926],"evs":[0.0,2.08936,3.52713]},"KQs":{"weight":0.0422,"played":[2.0E-4,0.0373,0.9625],"evs":[0.0,3.76028,4.8935]},"KK":{"weight":0.0,"played":[0.0,0.0,1.0],"evs":[0.0,10.96913,13.1337]},"AKo":{"weight":0.0,"played":[2.0E-4,0.0015,0.9983],"evs":[0.0,5.30189,6.97064]},"A2s":{"weight":0.3715,"played":[0.006,1.0E-4,0.9939],"evs":[0.0,1.60578,2.33895]},"A3s":{"weight":0.1692,"played":[0.2703,0.088,0.6417],"evs":[0.0,0.36362,0.78068]},"A4s":{"weight":0.8782,"played":[0.1386,0.0097,0.8516],"evs":[0.0,1.06467,1.75398]},"A5s":{"weight":0.0017,"played":[2.0E-4,5.0E-4,0.9993],"evs":[0.0,0.6132,1.63762]},"A6s":{"weight":0.8669,"played":[0.0016,1.0E-4,0.9983],"evs":[0.0,2.32429,3.46722]},"A7s":{"weight":0.0018,"played":[0.0041,0.0067,0.9892],"evs":[0.0,1.839,2.83609]},"A8s":{"weight":0.8156,"played":[0.001,0.0134,0.9856],"evs":[0.0,2.37706,3.66557]},"A9s":{"weight":0.9997,"played":[1.0E-4,0.0012,0.9987],"evs":[0.0,2.88271,4.11393]},"ATs":{"weight":1.0,"played":[0.0,0.0015,0.9985],"evs":[0.0,2.12526,3.39932]},"AJs":{"weight":6.0E-4,"played":[0.0,7.0E-4,0.9993],"evs":[0.0,5.48793,7.4129]},"AQs":{"weight":0.0,"played":[9.0E-4,0.0,0.9991],"evs":[0.0,5.46894,7.02022]},"AKs":{"weight":0.0,"played":[0.0,1.0E-4,0.9999],"evs":[0.0,6.6285,7.76567]},"AA":{"weight":8.0E-4,"played":[0.0,0.0,1.0],"evs":[0.0,15.47388,17.62147]}}}