{"player":1,"street":0,"children":2,"sequence":[{"player":0,"type":"F","amount":0,"street":0},{"player":1,"type":"R","amount":200000,"street":0},{"player":2,"type":"F","amount":0,"street":0},{"player":3,"type":"C","amount":200000,"street":0},{"player":4,"type":"C","amount":150000,"street":0},{"player":5,"type":"R","amount":895000,"street":0},{"player":1,"type":"C","amount":695000,"street":0},{"player":3,"type":"R","amount":2395000,"street":0},{"player":4,"type":"F","amount":0,"street":0}],"actions":[{"type":"F","amount":0},{"type":"C","amount":1500000}],"hands":{"22":{"weight":0.0022,"played":[0.0,1.0],"evs":[0.0,3.73934]},"32o":{"weight":0.0,"played":[0.9848,0.0152],"evs":[0.0,-0.42238]},"42o":{"weight":0.0,"played":[0.9832,0.0168],"evs":[0.0,-0.16004]},"52o":{"weight":0.0,"played":[0.9988,0.0012],"evs":[0.0,-0.24874]},"62o":{"weight":0.0,"played":[0.9779,0.0221],"evs":[0.0,-0.33904]},"72o":{"weight":0.0,"played":[0.9873,0.0127],"evs":[0.0,-0.716]},"82o":{"weight":0.0,"played":[0.9862,0.0138],"evs":[0.0,-1.0048]},"92o":{"weight":0.0,"played":[0.9623,0.0377],"evs":[0.0,-0.58779]},"T2o":{"weight":0.0,"played":[0.9993,7.0E-4],"evs":[0.0,-0.67765]},"J2o":{"weight":0.0,"played":[0.9999,1.0E-4],"evs":[0.0,-1.22809]},"Q2o":{"weight":0.0,"played":[0.3865,0.6135],"evs":[0.0,-0.12717]},"K2o":{"weight":0.0,"played":[0.0229,0.9771],"evs":[0.0,0.65572]},"A2o":{"weight":0.0,"played":[9.0E-4,0.9991],"evs":[0.0,0.42925]},"32s":{"weight":0.0,"played":[0.004,0.996],"evs":[0.0,1.13133]},"33":{"weight":0.8264,"played":[0.0,1.0],"evs":[0.0,3.96816]},"43o":{"weight":0.0,"played":[0.149,0.851],"evs":[0.0,0.28133]},"53o":{"weight":0.0,"played":[0.1202,0.8798],"evs":[0.0,0.38669]},"63o":{"weight":0.0,"played":[0.9894,0.0106],"evs":[0.0,-0.1376]},"73o":{"weight":0.0,"played":[0.0163,0.9837],"evs":[0.0,0.49349]},"83o":{"weight":0.0,"played":[0.9996,4.0E-4],"evs":[0.0,-0.66989]},"93o":{"weight":0.0,"played":[0.9729,0.0271],"evs":[0.0,-0.26004]},"T3o":{"weight":0.0,"played":[0.9999,1.0E-4],"evs":[0.0,-0.81899]},"J3o":{"weight":0.0,"played":[0.7605,0.2395],"evs":[0.0,-0.15694]},"Q3o":{"weight":0.0,"played":[0.0908,0.9092],"evs":[0.0,0.32593]},"K3o":{"weight":0.0,"played":[0.0017,0.9983],"evs":[0.0,0.72795]},"A3o":{"weight":0.0,"played":[0.0,1.0],"evs":[0.0,0.84005]},"42s":{"weight":0.0,"played":[3.0E-4,0.9997],"evs":[0.0,1.15151]},"43s":{"weight":0.0,"played":[0.0,1.0],"evs":[0.0,1.47736]},"44":{"weight":0.3698,"played":[0.0,1.0],"evs":[0.0,4.21412]},"54o":{"weight":0.0,"played":[0.0109,0.9891],"evs":[0.0,0.90273]},"64o":{"weight":0.0,"played":[9.0E-4,0.9991],"evs":[0.0,0.41769]},"74o":{"weight":0.0,"played":[0.0456,0.9544],"evs":[0.0,0.48399]},"84o":{"weight":0.0,"played":[0.7295,0.2705],"evs":[0.0,-0.19013]},"94o":{"weight":0.0,"played":[0.9653,0.0347],"evs":[0.0,-0.40317]},"T4o":{"weight":0.0,"played":[0.9993,7.0E-4],"evs":[0.0,-0.82975]},"J4o":{"weight":0.0,"played":[0.9389,0.0611],"evs":[0.0,-0.44992]},"Q4o":{"weight":0.0,"played":[0.0027,0.9973],"evs":[0.0,0.37052]},"K4o":{"weight":0.0,"played":[2.0E-4,0.9998],"evs":[0.0,1.08406]},"A4o":{"weight":0.0,"played":[1.0E-4,0.9999],"evs":[0.0,1.2845]},"52s":{"weight":0.0,"played":[0.0187,0.9813],"evs":[0.0,1.69045]},"53s":{"weight":0.0,"played":[5.0E-4,0.9995],"evs":[0.0,1.57795]},"54s":{"weight":0.0,"played":[0.0,1.0],"evs":[0.0,2.76232]},"55":{"weight":7.0E-4,"played":[0.0,1.0],"evs":[0.0,4.82581]},"65o":{"weight":0.0,"played":[0.0,1.0],"evs":[0.0,1.51744]},"75o":{"weight":0.0,"played":[2.0E-4,0.9998],"evs":[0.0,1.33481]},"85o":{"weight":0.0,"played":[1.0E-4,0.9999],"evs":[0.0,1.02401]},"95o":{"weight":0.0,"played":[0.0492,0.9508],"evs":[0.0,0.21646]},"T5o":{"weight":0.0,"played":[0.9958,0.0042],"evs":[0.0,-0.47214]},"J5o":{"weight":0.0,"played":[0.9951,0.0049],"evs":[0.0,-0.76619]},"Q5o":{"weight":0.0,"played":[0.0179,0.9821],"evs":[0.0,0.43147]},"K5o":{"weight":0.0,"played":[3.0E-4,0.9997],"evs":[0.0,1.14741]},"A5o":{"weight":0.0,"played":[0.0,1.0],"evs":[0.0,1.48522]},"62s":{"weight":0.0,"played":[0.0,1.0],"evs":[0.0,0.87924]},"63s":{"weight":0.0,"played":[1.0E-4,0.9999],"evs":[0.0,1.53469]},"64s":{"weight":0.0,"played":[2.0E-4,0.9998],"evs":[0.0,2.12664]},"65s":{"weight":0.0,"played":[0.0,1.0],"evs":[0.0,3.18328]},"66":{"weight":2.0E-4,"played":[0.0,1.0],"evs":[0.0,6.99513]},"76o":{"weight":0.0,"played":[0.0,1.0],"evs":[0.0,2.33911]},"86o":{"weight":0.0,"played":[1.0E-4,0.9999],"evs":[0.0,1.9686]},"96o":{"weight":0.0,"played":[0.005,0.995],"evs":[0.0,0.9963]},"T6o":{"weight":0.0,"played":[0.0201,0.9799],"evs":[0.0,0.48463]},"J6o":{"weight":0.0,"played":[0.9496,0.0504],"evs":[0.0,-0.43096]},"Q6o":{"weight":0.0,"played":[2.0E-4,0.9998],"evs":[0.0,0.58822]},"K6o":{"weight":0.0,"played":[0.0,1.0],"evs":[0.0,1.73899]},"A6o":{"weight":0.0,"played":[0.0,1.0],"evs":[0.0,1.09716]},"72s":{"weight":0.0,"played":[0.0015,0.9985],"evs":[0.0,0.88499]},"73s":{"weight":0.0,"played":[2.0E-4,0.9998],"evs":[0.0,0.77088]},"74s":{"weight":0.0,"played":[0.0,1.0],"evs":[0.0,2.93676]},"75s":{"weight":0.0,"played":[4.0E-4,0.9996],"evs":[0.0,2.33268]},"76s":{"weight":0.0078,"played":[0.0,1.0],"evs":[0.0,3.13001]},"77":{"weight":8.0E-4,"played":[0.0,1.0],"evs":[0.0,8.08585]},"87o":{"weight":0.0,"played":[0.0,1.0],"evs":[0.0,2.82469]},"97o":{"weight":0.0,"played":[0.0,1.0],"evs":[0.0,1.90436]},"T7o":{"weight":0.0,"played":[0.0,1.0],"evs":[0.0,1.39077]},"J7o":{"weight":0.0,"played":[2.0E-4,0.9998],"evs":[0.0,0.45955]},"Q7o":{"weight":0.0,"played":[0.001,0.999],"evs":[0.0,1.67076]},"K7o":{"weight":0.0,"played":[2.0E-4,0.9998],"evs":[0.0,1.86361]},"A7o":{"weight":0.0,"played":[0.0,1.0],"evs":[0.0,1.59545]},"82s":{"weight":0.0,"played":[0.0144,0.9856],"evs":[0.0,1.18463]},"83s":{"weight":0.0,"played":[0.0018,0.9982],"evs":[0.0,1.23334]},"84s":{"weight":0.0,"played":[0.0,1.0],"evs":[0.0,2.19252]},"85s":{"weight":0.0,"played":[1.0E-4,0.9999],"evs":[0.0,2.64714]},"86s":{"weight":0.0,"played":[0.0,1.0],"evs":[0.0,3.30376]},"87s":{"weight":0.8264,"played":[0.0,1.0],"evs":[0.0,3.82963]},"88":{"weight":0.0291,"played":[0.0,1.0],"evs":[0.0,8.36107]},"98o":{"weight":0.0,"played":[0.0,1.0],"evs":[0.0,2.51776]},"T8o":{"weight":0.0,"played":[2.0E-4,0.9998],"evs":[0.0,1.78506]},"J8o":{"weight":0.0,"played":[2.0E-4,0.9998],"evs":[0.0,1.58957]},"Q8o":{"weight":0.0,"played":[1.0E-4,0.9999],"evs":[0.0,1.36187]},"K8o":{"weight":0.0,"played":[4.0E-4,0.9996],"evs":[0.0,2.03161]},"A8o":{"weight":0.0019,"played":[0.0,1.0],"evs":[0.0,1.8535]},"92s":{"weight":0.0,"played":[0.002,0.998],"evs":[0.0,1.24528]},"93s":{"weight":0.0,"played":[0.0,1.0],"evs":[0.0,2.00245]},"94s":{"weight":0.0,"played":[0.034,0.966],"evs":[0.0,1.51779]},"95s":{"weight":0.0,"played":[0.0012,0.9988],"evs":[0.0,1.89429]},"96s":{"weight":0.0,"played":[0.0,1.0],"evs":[0.0,2.54344]},"97s":{"weight":0.1043,"played":[0.0,1.0],"evs":[0.0,3.42355]},"98s":{"weight":0.4602,"played":[0.0,1.0],"evs":[0.0,3.99907]},"99":{"weight":0.0065,"played":[0.0,1.0],"evs":[0.0,8.83639]},"T9o":{"weight":0.0,"played":[1.0E-4,0.9999],"evs":[0.0,2.19305]},"J9o":{"weight":0.0,"played":[0.0,1.0],"evs":[0.0,1.5387]},"Q9o":{"weight":0.0,"played":[0.0,1.0],"evs":[0.0,1.88977]},"K9o":{"weight":0.0,"played":[0.0,1.0],"evs":[0.0,2.21139]},"A9o":{"weight":0.0387,"played":[0.0,1.0],"evs":[0.0,2.28636]},"T2s":{"weight":0.0,"played":[1.0E-4,0.9999],"evs":[0.0,1.29117]},"T3s":{"weight":0.0,"played":[4.0E-4,0.9996],"evs":[0.0,0.49618]},"T4s":{"weight":0.0,"played":[1.0E-4,0.9999],"evs":[0.0,1.2999]},"T5s":{"weight":0.0,"played":[0.0013,0.9987],"evs":[0.0,1.68759]},"T6s":{"weight":0.0,"played":[2.0E-4,0.9998],"evs":[0.0,2.37409]},"T7s":{"weight":0.0,"played":[0.0,1.0],"evs":[0.0,2.76618]},"T8s":{"weight":0.2596,"played":[0.0,1.0],"evs":[0.0,3.25166]},"T9s":{"weight":0.9353,"played":[0.0,1.0],"evs":[0.0,3.22517]},"TT":{"weight":0.4854,"played":[0.0,1.0],"evs":[0.0,9.83055]},"JTo":{"weight":0.0,"played":[0.0,1.0],"evs":[0.0,1.53735]},"QTo":{"weight":0.0,"played":[0.0,1.0],"evs":[0.0,2.13751]},"KTo":{"weight":0.0,"played":[0.0,1.0],"evs":[0.0,2.67814]},"ATo":{"weight":0.0062,"played":[0.0,1.0],"evs":[0.0,3.59846]},"J2s":{"weight":0.0,"played":[0.0801,0.9199],"evs":[0.0,0.47147]},"J3s":{"weight":0.0,"played":[0.0209,0.9791],"evs":[0.0,1.22815]},"J4s":{"weight":0.0,"played":[0.0169,0.9831],"evs":[0.0,0.60747]},"J5s":{"weight":0.0,"played":[0.0058,0.9942],"evs":[0.0,0.77007]},"J6s":{"weight":0.0,"played":[0.0045,0.9955],"evs":[0.0,1.02958]},"J7s":{"weight":0.0,"played":[0.0,1.0],"evs":[0.0,1.55782]},"J8s":{"weight":1.0E-4,"played":[1.0E-4,0.9999],"evs":[0.0,2.47928]},"J9s":{"weight":0.1215,"played":[0.0,1.0],"evs":[0.0,2.92846]},"JTs":{"weight":0.5858,"played":[0.0,1.0],"evs":[0.0,3.23569]},"JJ":{"weight":0.2559,"played":[0.0,1.0],"evs":[0.0,11.74303]},"QJo":{"weight":0.0,"played":[0.0,1.0],"evs":[0.0,2.42199]},"KJo":{"weight":0.0065,"played":[0.0,1.0],"evs":[0.0,2.79004]},"AJo":{"weight":0.1116,"played":[0.0,1.0],"evs":[0.0,6.13771]},"Q2s":{"weight":0.0,"played":[0.0,1.0],"evs":[0.0,1.3358]},"Q3s":{"weight":0.0,"played":[0.0032,0.9968],"evs":[0.0,1.60657]},"Q4s":{"weight":0.0,"played":[0.0,1.0],"evs":[0.0,2.15284]},"Q5s":{"weight":0.0,"played":[5.0E-4,0.9995],"evs":[0.0,1.55434]},"Q6s":{"weight":0.0,"played":[3.0E-4,0.9997],"evs":[0.0,2.73301]},"Q7s":{"weight":1.0E-4,"played":[0.0,1.0],"evs":[0.0,2.51116]},"Q8s":{"weight":0.0029,"played":[0.0,1.0],"evs":[0.0,3.00706]},"Q9s":{"weight":0.6051,"played":[0.0,1.0],"evs":[0.0,3.85902]},"QTs":{"weight":0.2271,"played":[0.0,1.0],"evs":[0.0,3.30078]},"QJs":{"weight":0.3045,"played":[0.0,1.0],"evs":[0.0,3.85374]},"QQ":{"weight":0.3994,"played":[0.0,1.0],"evs":[0.0,15.4556]},"KQo":{"weight":0.004,"played":[0.0,1.0],"evs":[0.0,4.92738]},"AQo":{"weight":0.0228,"played":[0.0,1.0],"evs":[0.0,9.13892]},"K2s":{"weight":0.0,"played":[0.0,1.0],"evs":[0.0,2.83196]},"K3s":{"weight":0.0,"played":[1.0E-4,0.9999],"evs":[0.0,2.9781]},"K4s":{"weight":0.0,"played":[0.0,1.0],"evs":[0.0,2.75873]},"K5s":{"weight":0.0,"played":[0.0,1.0],"evs":[0.0,2.53549]},"K6s":{"weight":0.0,"played":[0.0,1.0],"evs":[0.0,3.30053]},"K7s":{"weight":0.0327,"played":[0.0,1.0],"evs":[0.0,3.56753]},"K8s":{"weight":0.0284,"played":[0.0,1.0],"evs":[0.0,3.83432]},"K9s":{"weight":0.2054,"played":[0.0,1.0],"evs":[0.0,3.97541]},"KTs":{"weight":0.0493,"played":[0.0,1.0],"evs":[0.0,3.8652]},"KJs":{"weight":0.883,"played":[0.0,1.0],"evs":[0.0,3.99958]},"KQs":{"weight":0.155,"played":[0.0,1.0],"evs":[0.0,6.41732]},"KK":{"weight":0.5305,"played":[0.0,1.0],"evs":[0.0,18.84517]},"AKo":{"weight":0.4113,"played":[0.0,1.0],"evs":[0.0,10.44794]},"A2s":{"weight":0.0,"played":[0.0,1.0],"evs":[0.0,2.88754]},"A3s":{"weight":0.0084,"played":[0.0,1.0],"evs":[0.0,3.00478]},"A4s":{"weight":0.002,"played":[0.0,1.0],"evs":[0.0,2.88507]},"A5s":{"weight":0.0,"played":[0.0,1.0],"evs":[0.0,2.82228]},"A6s":{"weight":0.0047,"played":[0.0,1.0],"evs":[0.0,2.41343]},"A7s":{"weight":0.0011,"played":[0.0,1.0],"evs":[0.0,3.84259]},"A8s":{"weight":0.0183,"played":[1.0E-4,0.9999],"evs":[0.0,3.46338]},"A9s":{"weight":0.2119,"played":[0.0,1.0],"evs":[0.0,4.34413]},"ATs":{"weight":0.0151,"played":[0.0,1.0],"evs":[0.0,5.91425]},"AJs":{"weight":0.0091,"played":[0.0,1.0],"evs":[0.0,7.34811]},"AQs":{"weight":0.5045,"played":[0.0,1.0],"evs":[0.0,10.42917]},"AKs":{"weight":0.0519,"played":[0.0,1.0],"evs":[0.0,11.76077]},"AA":{"weight":0.9064,"played":[0.0,1.0],"evs":[0.0,24.17741]}}}