{"player":3,"street":0,"children":3,"sequence":[{"player":0,"type":"F","amount":0,"street":0},{"player":1,"type":"F","amount":0,"street":0},{"player":2,"type":"F","amount":0,"street":0},{"player":3,"type":"R","amount":200000,"street":0},{"player":4,"type":"R","amount":700000,"street":0},{"player":5,"type":"F","amount":0,"street":0}],"actions":[{"type":"F","amount":0},{"type":"C","amount":500000},{"type":"R","amount":2395000,"node":19}],"hands":{"22":{"weight":0.0,"played":[0.9942,2.0E-4,0.0056],"evs":[0.0,-1.05359,-1.70747]},"32o":{"weight":0.0,"played":[1.0,0.0,0.0],"evs":[0.0,-1.83383,-5.04373]},"42o":{"weight":0.0,"played":[1.0,0.0,0.0],"evs":[0.0,-1.85701,-5.10087]},"52o":{"weight":0.0,"played":[1.0,0.0,0.0],"evs":[0.0,-1.65692,-4.65504]},"62o":{"weight":0.0,"played":[1.0,0.0,0.0],"evs":[0.0,-1.95353,-5.29082]},"72o":{"weight":0.0,"played":[1.0,0.0,0.0],"evs":[0.0,-2.03591,-5.61408]},"82o":{"weight":0.0,"played":[1.0,0.0,0.0],"evs":[0.0,-2.11998,-5.54986]},"92o":{"weight":0.0,"played":[1.0,0.0,0.0],"evs":[0.0,-2.19933,-5.50826]},"T2o":{"weight":0.0,"played":[1.0,0.0,0.0],"evs":[0.0,-2.2272,-5.24621]},"J2o":{"weight":0.0,"played":[1.0,0.0,0.0],"evs":[0.0,-2.03894,-4.23665]},"Q2o":{"weight":0.0,"played":[1.0,0.0,0.0],"evs":[0.0,-1.72287,-3.38171]},"K2o":{"weight":0.0,"played":[1.0,0.0,0.0],"evs":[0.0,-1.53633,-2.86457]},"A2o":{"weight":1.0,"played":[0.9997,3.0E-4,0.0],"evs":[0.0,-0.73165,-1.04475]},"32s":{"weight":0.0,"played":[1.0,0.0,0.0],"evs":[0.0,-1.42529,-4.45066]},"33":{"weight":0.0,"played":[0.9892,0.0034,0.0075],"evs":[0.0,-0.31048,-0.11752]},"43o":{"weight":0.0,"played":[1.0,0.0,0.0],"evs":[0.0,-1.12473,-3.88682]},"53o":{"weight":0.0,"played":[1.0,0.0,0.0],"evs":[0.0,-0.95341,-3.7407]},"63o":{"weight":0.0,"played":[1.0,0.0,0.0],"evs":[0.0,-1.14644,-3.96039]},"73o":{"weight":0.0,"played":[1.0,0.0,0.0],"evs":[0.0,-1.27847,-4.25678]},"83o":{"weight":0.0,"played":[1.0,0.0,0.0],"evs":[0.0,-1.57079,-4.64994]},"93o":{"weight":0.0,"played":[1.0,0.0,0.0],"evs":[0.0,-1.48765,-4.33431]},"T3o":{"weight":0.0,"played":[1.0,0.0,0.0],"evs":[0.0,-1.58109,-4.09314]},"J3o":{"weight":0.0,"played":[1.0,0.0,0.0],"evs":[0.0,-1.29218,-3.28705]},"Q3o":{"weight":0.0,"played":[1.0,0.0,0.0],"evs":[0.0,-1.22869,-2.86015]},"K3o":{"weight":0.0,"played":[1.0,0.0,0.0],"evs":[0.0,-0.84285,-1.93278]},"A3o":{"weight":1.0,"played":[1.0,0.0,0.0],"evs":[0.0,-0.19819,-0.49894]},"42s":{"weight":0.0,"played":[0.9995,5.0E-4,0.0],"evs":[0.0,-1.226,-4.0385]},"43s":{"weight":0.0,"played":[1.0,0.0,0.0],"evs":[0.0,-0.6194,-2.97959]},"44":{"weight":0.0,"played":[0.9077,0.0124,0.0799],"evs":[0.0,-0.04699,0.03631]},"54o":{"weight":0.0,"played":[1.0,0.0,0.0],"evs":[0.0,-0.80379,-3.2379]},"64o":{"weight":0.0,"played":[1.0,0.0,0.0],"evs":[0.0,-0.95192,-3.46926]},"74o":{"weight":0.0,"played":[1.0,0.0,0.0],"evs":[0.0,-0.94306,-3.53605]},"84o":{"weight":0.0,"played":[1.0,0.0,0.0],"evs":[0.0,-1.38349,-4.16121]},"94o":{"weight":0.0,"played":[1.0,0.0,0.0],"evs":[0.0,-1.54213,-4.34371]},"T4o":{"weight":0.0,"played":[1.0,0.0,0.0],"evs":[0.0,-1.64987,-4.25634]},"J4o":{"weight":0.0,"played":[1.0,0.0,0.0],"evs":[0.0,-1.33484,-3.28824]},"Q4o":{"weight":0.0,"played":[1.0,0.0,0.0],"evs":[0.0,-1.147,-2.63808]},"K4o":{"weight":0.0,"played":[1.0,0.0,0.0],"evs":[0.0,-0.79326,-1.84492]},"A4o":{"weight":1.0,"played":[0.9797,0.0199,4.0E-4],"evs":[0.0,-0.24465,-0.36863]},"52s":{"weight":0.0,"played":[1.0,0.0,0.0],"evs":[0.0,-1.23781,-3.70737]},"53s":{"weight":0.0,"played":[1.0,0.0,0.0],"evs":[0.0,-0.41779,-2.56674]},"54s":{"weight":0.0,"played":[0.9999,1.0E-4,0.0],"evs":[0.0,-0.44922,-2.53782]},"55":{"weight":0.617,"played":[0.0182,0.2245,0.7573],"evs":[0.0,0.56384,0.64522]},"65o":{"weight":0.0,"played":[1.0,0.0,0.0],"evs":[0.0,-0.63144,-2.90841]},"75o":{"weight":0.0,"played":[1.0,0.0,0.0],"evs":[0.0,-0.99842,-3.62955]},"85o":{"weight":0.0,"played":[1.0,0.0,0.0],"evs":[0.0,-1.08965,-3.62004]},"95o":{"weight":0.0,"played":[1.0,0.0,0.0],"evs":[0.0,-1.34307,-3.71112]},"T5o":{"weight":0.0,"played":[1.0,0.0,0.0],"evs":[0.0,-1.53529,-4.04094]},"J5o":{"weight":0.0,"played":[1.0,0.0,0.0],"evs":[0.0,-1.34085,-3.15456]},"Q5o":{"weight":0.0,"played":[1.0,0.0,0.0],"evs":[0.0,-0.97508,-2.34668]},"K5o":{"weight":0.0,"played":[1.0,0.0,0.0],"evs":[0.0,-0.77731,-1.65225]},"A5o":{"weight":1.0,"played":[0.9821,0.0179,0.0],"evs":[0.0,-0.07748,-0.20273]},"62s":{"weight":0.0,"played":[1.0,0.0,0.0],"evs":[0.0,-1.20106,-3.9633]},"63s":{"weight":0.0,"played":[1.0,0.0,0.0],"evs":[0.0,-0.61039,-3.2283]},"64s":{"weight":0.0,"played":[0.918,0.082,0.0],"evs":[0.0,-0.58857,-2.75304]},"65s":{"weight":0.4567,"played":[1.0,0.0,0.0],"evs":[0.0,-0.31564,-2.25761]},"66":{"weight":1.0,"played":[0.0112,0.3324,0.6564],"evs":[0.0,0.60274,0.67411]},"76o":{"weight":0.0,"played":[1.0,0.0,0.0],"evs":[0.0,-0.60653,-2.92846]},"86o":{"weight":0.0,"played":[1.0,0.0,0.0],"evs":[0.0,-0.97139,-3.31632]},"96o":{"weight":0.0,"played":[1.0,0.0,0.0],"evs":[0.0,-1.12305,-3.46039]},"T6o":{"weight":0.0,"played":[1.0,0.0,0.0],"evs":[0.0,-1.32957,-3.60961]},"J6o":{"weight":0.0,"played":[1.0,0.0,0.0],"evs":[0.0,-1.34637,-3.13829]},"Q6o":{"weight":0.0,"played":[1.0,0.0,0.0],"evs":[0.0,-1.05876,-2.21708]},"K6o":{"weight":0.0,"played":[1.0,0.0,0.0],"evs":[0.0,-0.7825,-1.45045]},"A6o":{"weight":1.0,"played":[0.9879,0.0046,0.0075],"evs":[0.0,-0.17058,-0.15898]},"72s":{"weight":0.0,"played":[0.9998,2.0E-4,0.0],"evs":[0.0,-1.71767,-4.53416]},"73s":{"weight":0.0,"played":[0.999,0.001,1.0E-4],"evs":[0.0,-0.75164,-3.10938]},"74s":{"weight":0.0,"played":[1.0,0.0,0.0],"evs":[0.0,-0.52684,-2.81054]},"75s":{"weight":1.0E-4,"played":[0.9999,0.0,0.0],"evs":[0.0,-0.11788,-2.0165]},"76s":{"weight":1.0,"played":[0.9999,1.0E-4,0.0],"evs":[0.0,-0.25765,-2.15313]},"77":{"weight":1.0,"played":[0.0,0.0688,0.9312],"evs":[0.0,0.99641,1.10403]},"87o":{"weight":0.0,"played":[1.0,0.0,0.0],"evs":[0.0,-0.77338,-2.76859]},"97o":{"weight":0.0,"played":[1.0,0.0,0.0],"evs":[0.0,-0.96031,-3.03735]},"T7o":{"weight":0.0,"played":[1.0,0.0,0.0],"evs":[0.0,-1.06445,-3.25339]},"J7o":{"weight":0.0,"played":[1.0,0.0,0.0],"evs":[0.0,-1.18701,-2.67607]},"Q7o":{"weight":0.0,"played":[1.0,0.0,0.0],"evs":[0.0,-0.99058,-2.19608]},"K7o":{"weight":0.0925,"played":[1.0,0.0,0.0],"evs":[0.0,-0.77011,-1.35983]},"A7o":{"weight":0.0,"played":[0.3984,0.2427,0.3589],"evs":[0.0,-0.08348,-0.06591]},"82s":{"weight":0.0,"played":[1.0,0.0,0.0],"evs":[0.0,-1.52096,-4.23277]},"83s":{"weight":0.0,"played":[1.0,0.0,0.0],"evs":[0.0,-0.64212,-3.13544]},"84s":{"weight":0.0,"played":[1.0,0.0,0.0],"evs":[0.0,-0.68972,-3.04345]},"85s":{"weight":0.0,"played":[0.9988,0.0011,0.0],"evs":[0.0,-0.59164,-2.72516]},"86s":{"weight":1.0,"played":[1.0,0.0,0.0],"evs":[0.0,-0.23632,-2.30926]},"87s":{"weight":1.0,"played":[1.0,0.0,0.0],"evs":[0.0,-0.14347,-1.83494]},"88":{"weight":1.0,"played":[0.0,0.0018,0.9982],"evs":[0.0,1.08387,1.28665]},"98o":{"weight":4.0E-4,"played":[1.0,0.0,0.0],"evs":[0.0,-0.86528,-3.06446]},"T8o":{"weight":0.9868,"played":[1.0,0.0,0.0],"evs":[0.0,-0.99103,-2.92416]},"J8o":{"weight":1.0E-4,"played":[1.0,0.0,0.0],"evs":[0.0,-0.98586,-2.30051]},"Q8o":{"weight":0.175,"played":[1.0,0.0,0.0],"evs":[0.0,-0.98451,-1.9725]},"K8o":{"weight":1.0,"played":[1.0,0.0,0.0],"evs":[0.0,-0.78678,-1.33679]},"A8o":{"weight":0.0,"played":[0.0871,0.0237,0.8891],"evs":[0.0,0.19718,0.36259]},"92s":{"weight":0.0,"played":[1.0,0.0,0.0],"evs":[0.0,-1.5773,-4.30124]},"93s":{"weight":0.0,"played":[0.9999,0.0,0.0],"evs":[0.0,-0.92679,-3.07478]},"94s":{"weight":0.0,"played":[1.0,0.0,0.0],"evs":[0.0,-1.19098,-3.23252]},"95s":{"weight":0.0,"played":[0.9999,1.0E-4,0.0],"evs":[0.0,-0.85433,-2.91893]},"96s":{"weight":0.849,"played":[0.9991,9.0E-4,0.0],"evs":[0.0,-0.51962,-2.47345]},"97s":{"weight":1.0,"played":[0.9988,0.0012,0.0],"evs":[0.0,-0.44904,-2.2599]},"98s":{"weight":1.0,"played":[0.9985,0.0015,0.0],"evs":[0.0,-0.32609,-1.86532]},"99":{"weight":1.0,"played":[0.0,0.0,1.0],"evs":[0.0,1.31478,1.77927]},"T9o":{"weight":1.0,"played":[1.0,0.0,0.0],"evs":[0.0,-0.92013,-2.19907]},"J9o":{"weight":1.0,"played":[1.0,0.0,0.0],"evs":[0.0,-0.8238,-1.8731]},"Q9o":{"weight":1.0,"played":[1.0,0.0,0.0],"evs":[0.0,-0.78348,-1.35372]},"K9o":{"weight":1.0,"played":[1.0,0.0,0.0],"evs":[0.0,-0.62034,-0.75192]},"A9o":{"weight":0.2979,"played":[2.0E-4,5.0E-4,0.9994],"evs":[0.0,0.41481,0.79878]},"T2s":{"weight":0.0,"played":[0.9997,3.0E-4,0.0],"evs":[0.0,-1.61897,-4.02578]},"T3s":{"weight":0.0,"played":[1.0,0.0,0.0],"evs":[0.0,-1.00708,-3.25339]},"T4s":{"weight":0.0,"played":[1.0,0.0,0.0],"evs":[0.0,-1.02824,-3.18957]},"T5s":{"weight":0.0,"played":[0.9992,7.0E-4,0.0],"evs":[0.0,-0.91301,-2.89169]},"T6s":{"weight":1.0,"played":[0.9997,3.0E-4,0.0],"evs":[0.0,-0.74752,-2.61163]},"T7s":{"weight":1.0,"played":[0.9976,0.0024,0.0],"evs":[0.0,-0.63319,-2.40622]},"T8s":{"weight":1.0,"played":[0.9985,0.0014,1.0E-4],"evs":[0.0,-0.44638,-1.91468]},"T9s":{"weight":1.0,"played":[0.9208,0.0792,0.0],"evs":[0.0,-0.04428,-1.03159]},"TT":{"weight":1.0,"played":[0.0,0.0016,0.9984],"evs":[0.0,2.14824,2.88207]},"JTo":{"weight":1.0,"played":[0.9986,0.0014,0.0],"evs":[0.0,-0.57507,-1.04801]},"QTo":{"weight":1.0,"played":[1.0,0.0,0.0],"evs":[0.0,-0.37281,-0.46971]},"KTo":{"weight":1.0,"played":[0.9776,4.0E-4,0.0219],"evs":[0.0,-0.36564,-0.00552]},"ATo":{"weight":1.0,"played":[0.0,0.0,1.0],"evs":[0.0,1.61096,2.0429]},"J2s":{"weight":0.0,"played":[1.0,0.0,0.0],"evs":[0.0,-1.28368,-2.9631]},"J3s":{"weight":0.0,"played":[0.9997,3.0E-4,0.0],"evs":[0.0,-0.70723,-2.26639]},"J4s":{"weight":0.0,"played":[0.9994,6.0E-4,0.0],"evs":[0.0,-0.88867,-2.56469]},"J5s":{"weight":0.8833,"played":[0.9974,0.0026,0.0],"evs":[0.0,-0.44013,-1.81951]},"J6s":{"weight":0.9702,"played":[0.9997,3.0E-4,0.0],"evs":[0.0,-0.70276,-2.07062]},"J7s":{"weight":1.0,"played":[0.9996,4.0E-4,0.0],"evs":[0.0,-0.37562,-1.6836]},"J8s":{"weight":1.0,"played":[0.9994,6.0E-4,0.0],"evs":[0.0,-0.54263,-1.44674]},"J9s":{"weight":1.0,"played":[0.7567,0.2433,0.0],"evs":[0.0,-0.01377,-0.70097]},"JTs":{"weight":0.7305,"played":[0.0978,0.8965,0.0057],"evs":[0.0,0.18137,-0.15843]},"JJ":{"weight":1.0,"played":[0.0,0.0,1.0],"evs":[0.0,3.18163,4.01243]},"QJo":{"weight":0.9995,"played":[0.9833,0.0026,0.0141],"evs":[0.0,-0.20009,-0.00154]},"KJo":{"weight":0.9961,"played":[0.7954,0.0157,0.1888],"evs":[0.0,-0.34473,-0.09441]},"AJo":{"weight":1.0,"played":[0.0,0.0,1.0],"evs":[0.0,1.95998,2.23534]},"Q2s":{"weight":0.0,"played":[0.9987,0.0013,0.0],"evs":[0.0,-1.05867,-2.55832]},"Q3s":{"weight":0.0,"played":[0.9956,0.0044,0.0],"evs":[0.0,-0.6402,-1.58047]},"Q4s":{"weight":0.9774,"played":[0.9992,8.0E-4,0.0],"evs":[0.0,-0.4565,-1.336]},"Q5s":{"weight":1.0,"played":[1.0,0.0,0.0],"evs":[0.0,-0.44473,-1.71975]},"Q6s":{"weight":1.0,"played":[0.9999,1.0E-4,0.0],"evs":[0.0,-0.41798,-1.09044]},"Q7s":{"weight":1.0,"played":[0.9997,3.0E-4,0.0],"evs":[0.0,-0.45953,-1.47577]},"Q8s":{"weight":1.0,"played":[0.9998,2.0E-4,0.0],"evs":[0.0,-0.31576,-0.86661]},"Q9s":{"weight":1.0,"played":[0.715,0.2773,0.0077],"evs":[0.0,-0.04039,-0.29435]},"QTs":{"weight":0.6497,"played":[5.0E-4,0.3342,0.6653],"evs":[0.0,0.31019,0.47646]},"QJs":{"weight":0.3542,"played":[0.0019,0.0366,0.9615],"evs":[0.0,0.46066,0.74334]},"QQ":{"weight":1.0,"played":[0.0,0.0,1.0],"evs":[0.0,4.09989,4.96933]},"KQo":{"weight":0.2996,"played":[0.1745,0.0122,0.8133],"evs":[0.0,-0.21708,0.10544]},"AQo":{"weight":1.0,"played":[0.0,0.0,1.0],"evs":[0.0,2.92103,3.19366]},"K2s":{"weight":0.0558,"played":[0.9999,1.0E-4,0.0],"evs":[0.0,-0.77407,-1.5125]},"K3s":{"weight":1.0,"played":[0.9999,1.0E-4,0.0],"evs":[0.0,-0.19863,-0.92041]},"K4s":{"weight":1.0,"played":[1.0,0.0,0.0],"evs":[0.0,-0.25463,-0.84621]},"K5s":{"weight":1.0,"played":[0.9985,0.0013,2.0E-4],"evs":[0.0,-0.21813,-0.65503]},"K6s":{"weight":1.0,"played":[0.9877,0.0123,0.0],"evs":[0.0,-0.21993,-0.71539]},"K7s":{"weight":1.0,"played":[0.9888,0.0112,0.0],"evs":[0.0,-0.10274,-0.37586]},"K8s":{"weight":1.0,"played":[0.9841,0.0151,8.0E-4],"evs":[0.0,-0.11493,-0.33675]},"K9s":{"weight":1.0,"played":[0.7078,0.2511,0.0411],"evs":[0.0,-0.12202,-0.01384]},"KTs":{"weight":1.0,"played":[0.0051,0.046,0.9489],"evs":[0.0,0.14637,0.57179]},"KJs":{"weight":1.0,"played":[0.004,0.0233,0.9728],"evs":[0.0,0.19655,0.37945]},"KQs":{"weight":1.0,"played":[1.0E-4,0.0057,0.9942],"evs":[0.0,0.70583,1.16592]},"KK":{"weight":1.0,"played":[0.0,0.0,1.0],"evs":[0.0,5.27187,6.10712]},"AKo":{"weight":1.0,"played":[0.0,0.0,1.0],"evs":[0.0,3.52868,3.68069]},"A2s":{"weight":0.0,"played":[0.0162,0.6127,0.3711],"evs":[0.0,0.23552,0.12857]},"A3s":{"weight":5.0E-4,"played":[0.0568,0.554,0.3892],"evs":[0.0,0.22359,0.27361]},"A4s":{"weight":0.0,"played":[0.0038,0.6904,0.3057],"evs":[0.0,0.40817,0.47625]},"A5s":{"weight":0.5307,"played":[0.0025,0.8509,0.1466],"evs":[0.0,0.71128,0.67183]},"A6s":{"weight":0.9919,"played":[9.0E-4,0.6222,0.3769],"evs":[0.0,0.66463,0.73661]},"A7s":{"weight":1.0,"played":[2.0E-4,0.1264,0.8733],"evs":[0.0,0.85626,1.09984]},"A8s":{"weight":1.0,"played":[1.0E-4,0.0475,0.9524],"evs":[0.0,1.27872,1.35464]},"A9s":{"weight":1.0,"played":[0.0,0.0049,0.9951],"evs":[0.0,1.60924,1.7866]},"ATs":{"weight":1.0,"played":[0.0,0.0,1.0],"evs":[0.0,2.27404,2.66993]},"AJs":{"weight":1.0,"played":[0.0,0.0,1.0],"evs":[0.0,2.64568,2.8259]},"AQs":{"weight":1.0,"played":[0.0,0.0,1.0],"evs":[0.0,3.88078,4.11022]},"AKs":{"weight":1.0,"played":[0.0,0.0,1.0],"evs":[0.0,4.23344,4.3054]},"AA":{"weight":1.0,"played":[0.0,0.0,1.0],"evs":[0.0,11.49336,11.74439]}}}