{"player":3,"street":0,"children":3,"sequence":[{"player":0,"type":"F","amount":0,"street":0},{"player":1,"type":"R","amount":200000,"street":0},{"player":2,"type":"F","amount":0,"street":0},{"player":3,"type":"C","amount":200000,"street":0},{"player":4,"type":"R","amount":800000,"street":0},{"player":5,"type":"F","amount":0,"street":0},{"player":1,"type":"C","amount":600000,"street":0}],"actions":[{"type":"F","amount":0},{"type":"C","amount":600000},{"type":"R","amount":2395000,"node":187}],"hands":{"22":{"weight":0.0,"played":[0.9982,0.0,0.0018],"evs":[0.0,-0.56395,-2.08374]},"32o":{"weight":0.0,"played":[1.0,0.0,0.0],"evs":[0.0,-2.43661,-6.19035]},"42o":{"weight":0.0,"played":[1.0,0.0,0.0],"evs":[0.0,-2.18558,-5.79309]},"52o":{"weight":0.0,"played":[1.0,0.0,0.0],"evs":[0.0,-2.19236,-5.86068]},"62o":{"weight":0.0,"played":[1.0,0.0,0.0],"evs":[0.0,-2.44728,-6.28581]},"72o":{"weight":0.0,"played":[1.0,0.0,0.0],"evs":[0.0,-2.65757,-6.60653]},"82o":{"weight":0.0,"played":[1.0,0.0,0.0],"evs":[0.0,-2.47261,-6.15385]},"92o":{"weight":0.0,"played":[1.0,0.0,0.0],"evs":[0.0,-2.52194,-6.19222]},"T2o":{"weight":0.0,"played":[1.0,0.0,0.0],"evs":[0.0,-2.85413,-6.48492]},"J2o":{"weight":0.0,"played":[1.0,0.0,0.0],"evs":[0.0,-2.82197,-6.52705]},"Q2o":{"weight":0.0,"played":[1.0,0.0,0.0],"evs":[0.0,-2.14467,-5.66315]},"K2o":{"weight":0.0,"played":[1.0,0.0,0.0],"evs":[0.0,-2.00278,-5.38778]},"A2o":{"weight":0.0,"played":[1.0,0.0,0.0],"evs":[0.0,-2.22889,-3.39589]},"32s":{"weight":0.0,"played":[1.0,0.0,0.0],"evs":[0.0,-1.91326,-5.01687]},"33":{"weight":0.8851,"played":[0.9998,1.0E-4,1.0E-4],"evs":[0.0,-0.71743,-2.02513]},"43o":{"weight":0.0,"played":[1.0,0.0,0.0],"evs":[0.0,-2.08231,-5.39857]},"53o":{"weight":0.0,"played":[1.0,0.0,0.0],"evs":[0.0,-1.88792,-5.31509]},"63o":{"weight":0.0,"played":[1.0,0.0,0.0],"evs":[0.0,-2.21529,-5.79245]},"73o":{"weight":0.0,"played":[1.0,0.0,0.0],"evs":[0.0,-2.3916,-5.86903]},"83o":{"weight":0.0,"played":[1.0,0.0,0.0],"evs":[0.0,-2.54685,-6.20159]},"93o":{"weight":0.0,"played":[1.0,0.0,0.0],"evs":[0.0,-2.586,-6.06509]},"T3o":{"weight":0.0,"played":[1.0,0.0,0.0],"evs":[0.0,-2.67555,-6.14575]},"J3o":{"weight":0.0,"played":[1.0,0.0,0.0],"evs":[0.0,-2.91321,-6.4487]},"Q3o":{"weight":0.0,"played":[1.0,0.0,0.0],"evs":[0.0,-2.12789,-5.65577]},"K3o":{"weight":0.0,"played":[1.0,0.0,0.0],"evs":[0.0,-2.25738,-5.5885]},"A3o":{"weight":0.0,"played":[1.0,0.0,0.0],"evs":[0.0,-2.00571,-3.33588]},"42s":{"weight":0.0,"played":[1.0,0.0,0.0],"evs":[0.0,-1.64497,-4.59174]},"43s":{"weight":0.0,"played":[1.0,0.0,0.0],"evs":[0.0,-1.4573,-3.76632]},"44":{"weight":0.992,"played":[0.9999,0.0,1.0E-4],"evs":[0.0,-0.46099,-1.66731]},"54o":{"weight":0.0,"played":[1.0,0.0,0.0],"evs":[0.0,-1.60523,-4.69787]},"64o":{"weight":0.0,"played":[1.0,0.0,0.0],"evs":[0.0,-1.85636,-5.00426]},"74o":{"weight":0.0,"played":[1.0,0.0,0.0],"evs":[0.0,-2.14523,-5.42586]},"84o":{"weight":0.0,"played":[1.0,0.0,0.0],"evs":[0.0,-2.05958,-5.50031]},"94o":{"weight":0.0,"played":[1.0,0.0,0.0],"evs":[0.0,-2.40247,-6.00932]},"T4o":{"weight":0.0,"played":[1.0,0.0,0.0],"evs":[0.0,-2.62405,-6.04219]},"J4o":{"weight":0.0,"played":[1.0,0.0,0.0],"evs":[0.0,-2.69282,-6.4742]},"Q4o":{"weight":0.0,"played":[1.0,0.0,0.0],"evs":[0.0,-2.22041,-5.50311]},"K4o":{"weight":0.0,"played":[1.0,0.0,0.0],"evs":[0.0,-2.28592,-5.39744]},"A4o":{"weight":0.0,"played":[1.0,0.0,0.0],"evs":[0.0,-1.9339,-2.99483]},"52s":{"weight":0.0,"played":[1.0,0.0,0.0],"evs":[0.0,-1.49366,-4.45038]},"53s":{"weight":0.0,"played":[0.9995,3.0E-4,2.0E-4],"evs":[0.0,-1.54735,-4.2656]},"54s":{"weight":0.0,"played":[0.9999,0.0,1.0E-4],"evs":[0.0,-0.85129,-2.99824]},"55":{"weight":0.9853,"played":[0.9402,0.0597,0.0],"evs":[0.0,-0.3328,-1.52172]},"65o":{"weight":0.0,"played":[1.0,0.0,0.0],"evs":[0.0,-1.56227,-4.42263]},"75o":{"weight":0.0,"played":[1.0,0.0,0.0],"evs":[0.0,-1.73818,-4.95833]},"85o":{"weight":0.0,"played":[1.0,0.0,0.0],"evs":[0.0,-2.0485,-5.06621]},"95o":{"weight":0.0,"played":[1.0,0.0,0.0],"evs":[0.0,-2.2956,-5.37156]},"T5o":{"weight":0.0,"played":[1.0,0.0,0.0],"evs":[0.0,-2.46193,-6.01718]},"J5o":{"weight":0.0,"played":[1.0,0.0,0.0],"evs":[0.0,-2.69565,-6.11578]},"Q5o":{"weight":0.0,"played":[1.0,0.0,0.0],"evs":[0.0,-2.07382,-5.08382]},"K5o":{"weight":0.0,"played":[1.0,0.0,0.0],"evs":[0.0,-2.16187,-5.23691]},"A5o":{"weight":0.0,"played":[1.0,0.0,0.0],"evs":[0.0,-1.90956,-2.9444]},"62s":{"weight":0.0,"played":[1.0,0.0,0.0],"evs":[0.0,-1.94775,-4.78536]},"63s":{"weight":0.0,"played":[1.0,0.0,0.0],"evs":[0.0,-1.34295,-4.02846]},"64s":{"weight":0.0,"played":[1.0,0.0,0.0],"evs":[0.0,-1.0174,-3.25189]},"65s":{"weight":0.3861,"played":[1.0,0.0,0.0],"evs":[0.0,-0.94025,-3.29159]},"66":{"weight":0.9571,"played":[0.9999,0.0,1.0E-4],"evs":[0.0,-0.21758,-0.94247]},"76o":{"weight":0.0,"played":[1.0,0.0,0.0],"evs":[0.0,-1.6846,-4.42642]},"86o":{"weight":0.0,"played":[1.0,0.0,0.0],"evs":[0.0,-1.84805,-4.77143]},"96o":{"weight":0.0,"played":[1.0,0.0,0.0],"evs":[0.0,-2.08097,-5.07681]},"T6o":{"weight":0.0,"played":[1.0,0.0,0.0],"evs":[0.0,-2.31659,-5.58134]},"J6o":{"weight":0.0,"played":[1.0,0.0,0.0],"evs":[0.0,-2.65459,-6.16388]},"Q6o":{"weight":0.0,"played":[1.0,0.0,0.0],"evs":[0.0,-1.99102,-5.11738]},"K6o":{"weight":0.0,"played":[1.0,0.0,0.0],"evs":[0.0,-2.18706,-5.15698]},"A6o":{"weight":0.0,"played":[1.0,0.0,0.0],"evs":[0.0,-2.12134,-3.27676]},"72s":{"weight":0.0,"played":[1.0,0.0,0.0],"evs":[0.0,-2.18975,-5.28884]},"73s":{"weight":0.0,"played":[1.0,0.0,0.0],"evs":[0.0,-1.79335,-4.8457]},"74s":{"weight":0.0,"played":[1.0,0.0,0.0],"evs":[0.0,-1.05328,-3.65585]},"75s":{"weight":0.0,"played":[1.0,0.0,0.0],"evs":[0.0,-1.22863,-3.62773]},"76s":{"weight":0.9999,"played":[1.0,0.0,0.0],"evs":[0.0,-0.86196,-3.16221]},"77":{"weight":0.3718,"played":[0.2798,0.2935,0.4267],"evs":[0.0,0.12413,0.28276]},"87o":{"weight":0.0,"played":[1.0,0.0,0.0],"evs":[0.0,-1.59581,-4.17931]},"97o":{"weight":0.0,"played":[1.0,0.0,0.0],"evs":[0.0,-1.88478,-4.52435]},"T7o":{"weight":0.0,"played":[1.0,0.0,0.0],"evs":[0.0,-2.00761,-5.17477]},"J7o":{"weight":0.0,"played":[1.0,0.0,0.0],"evs":[0.0,-2.62933,-5.81362]},"Q7o":{"weight":0.0,"played":[1.0,0.0,0.0],"evs":[0.0,-2.08928,-5.28519]},"K7o":{"weight":0.0,"played":[1.0,0.0,0.0],"evs":[0.0,-1.94828,-4.85968]},"A7o":{"weight":0.0,"played":[1.0,0.0,0.0],"evs":[0.0,-1.92169,-2.80013]},"82s":{"weight":0.0,"played":[1.0,0.0,0.0],"evs":[0.0,-1.81151,-4.61919]},"83s":{"weight":0.0,"played":[1.0,0.0,0.0],"evs":[0.0,-1.90655,-4.89251]},"84s":{"weight":0.0,"played":[1.0,0.0,0.0],"evs":[0.0,-1.6597,-4.11086]},"85s":{"weight":0.0,"played":[1.0,0.0,0.0],"evs":[0.0,-0.97724,-3.32052]},"86s":{"weight":0.0,"played":[1.0,0.0,0.0],"evs":[0.0,-0.90953,-3.12154]},"87s":{"weight":0.9999,"played":[0.9999,1.0E-4,0.0],"evs":[0.0,-0.75855,-2.45773]},"88":{"weight":0.0649,"played":[0.0116,0.0184,0.97],"evs":[0.0,0.62051,1.3122]},"98o":{"weight":0.0,"played":[1.0,0.0,0.0],"evs":[0.0,-1.72202,-3.86463]},"T8o":{"weight":0.0,"played":[1.0,0.0,0.0],"evs":[0.0,-1.80469,-4.23215]},"J8o":{"weight":0.0,"played":[1.0,0.0,0.0],"evs":[0.0,-1.98359,-4.70259]},"Q8o":{"weight":0.0,"played":[1.0,0.0,0.0],"evs":[0.0,-1.77823,-4.52166]},"K8o":{"weight":0.0,"played":[1.0,0.0,0.0],"evs":[0.0,-1.83365,-4.71008]},"A8o":{"weight":0.0,"played":[1.0,0.0,0.0],"evs":[0.0,-1.9075,-2.66816]},"92s":{"weight":0.0,"played":[1.0,0.0,0.0],"evs":[0.0,-1.41349,-4.51252]},"93s":{"weight":0.0,"played":[0.9999,1.0E-4,0.0],"evs":[0.0,-1.88258,-4.49858]},"94s":{"weight":0.0,"played":[1.0,0.0,0.0],"evs":[0.0,-1.78215,-4.38746]},"95s":{"weight":0.0,"played":[1.0,0.0,0.0],"evs":[0.0,-1.49286,-3.88494]},"96s":{"weight":0.0,"played":[1.0,0.0,0.0],"evs":[0.0,-1.11348,-3.40349]},"97s":{"weight":0.2234,"played":[1.0,0.0,0.0],"evs":[0.0,-1.07091,-2.84055]},"98s":{"weight":0.9999,"played":[1.0,0.0,0.0],"evs":[0.0,-0.78813,-2.64822]},"99":{"weight":0.0,"played":[0.0018,0.0064,0.9918],"evs":[0.0,0.68031,1.48432]},"T9o":{"weight":0.0,"played":[1.0,0.0,0.0],"evs":[0.0,-1.87211,-4.07941]},"J9o":{"weight":0.0,"played":[1.0,0.0,0.0],"evs":[0.0,-1.64949,-4.26692]},"Q9o":{"weight":0.0,"played":[1.0,0.0,0.0],"evs":[0.0,-1.6586,-4.17904]},"K9o":{"weight":0.0,"played":[1.0,0.0,0.0],"evs":[0.0,-1.64679,-3.99131]},"A9o":{"weight":0.9396,"played":[1.0,0.0,0.0],"evs":[0.0,-1.63247,-2.16891]},"T2s":{"weight":0.0,"played":[1.0,0.0,0.0],"evs":[0.0,-1.87035,-4.62817]},"T3s":{"weight":0.0,"played":[1.0,0.0,0.0],"evs":[0.0,-1.56681,-4.09769]},"T4s":{"weight":0.0,"played":[1.0,0.0,0.0],"evs":[0.0,-1.94958,-4.51401]},"T5s":{"weight":0.0,"played":[0.9999,1.0E-4,0.0],"evs":[0.0,-1.76971,-4.62343]},"T6s":{"weight":0.0,"played":[1.0,0.0,0.0],"evs":[0.0,-1.43356,-3.73947]},"T7s":{"weight":0.0,"played":[1.0,0.0,0.0],"evs":[0.0,-1.41339,-3.85927]},"T8s":{"weight":0.9997,"played":[0.9999,0.0,1.0E-4],"evs":[0.0,-1.5241,-3.3593]},"T9s":{"weight":1.0,"played":[0.9993,1.0E-4,6.0E-4],"evs":[0.0,-1.09841,-2.65198]},"TT":{"weight":1.0E-4,"played":[3.0E-4,0.0131,0.9866],"evs":[0.0,1.35063,2.47247]},"JTo":{"weight":0.0,"played":[1.0,0.0,0.0],"evs":[0.0,-1.86702,-4.28315]},"QTo":{"weight":0.0041,"played":[1.0,0.0,0.0],"evs":[0.0,-1.62113,-3.90424]},"KTo":{"weight":0.896,"played":[0.9999,0.0,0.0],"evs":[0.0,-1.62398,-3.41854]},"ATo":{"weight":0.9796,"played":[1.0,0.0,0.0],"evs":[0.0,-1.13861,-1.27049]},"J2s":{"weight":0.0,"played":[1.0,0.0,0.0],"evs":[0.0,-2.20094,-4.95998]},"J3s":{"weight":0.0,"played":[0.9999,1.0E-4,1.0E-4],"evs":[0.0,-1.86819,-4.89108]},"J4s":{"weight":0.0,"played":[1.0,0.0,0.0],"evs":[0.0,-1.47511,-4.53297]},"J5s":{"weight":0.0,"played":[0.9999,1.0E-4,0.0],"evs":[0.0,-1.95733,-4.78087]},"J6s":{"weight":0.0,"played":[0.9999,0.0,0.0],"evs":[0.0,-1.64223,-4.58838]},"J7s":{"weight":0.0,"played":[1.0,0.0,0.0],"evs":[0.0,-1.6115,-3.96542]},"J8s":{"weight":0.9589,"played":[1.0,0.0,0.0],"evs":[0.0,-1.36939,-3.20852]},"J9s":{"weight":1.0,"played":[0.9999,1.0E-4,0.0],"evs":[0.0,-0.97272,-2.68055]},"JTs":{"weight":0.9543,"played":[1.0,0.0,0.0],"evs":[0.0,-1.17457,-2.87515]},"JJ":{"weight":0.5979,"played":[0.0,0.0102,0.9898],"evs":[0.0,2.42112,3.17838]},"QJo":{"weight":0.9557,"played":[1.0,0.0,0.0],"evs":[0.0,-1.61221,-4.26588]},"KJo":{"weight":0.9766,"played":[1.0,0.0,0.0],"evs":[0.0,-1.46196,-2.97045]},"AJo":{"weight":0.955,"played":[0.3715,0.0267,0.6018],"evs":[0.0,-0.13879,0.04811]},"Q2s":{"weight":0.0,"played":[0.9999,1.0E-4,0.0],"evs":[0.0,-1.58283,-4.30915]},"Q3s":{"weight":0.0,"played":[1.0,0.0,0.0],"evs":[0.0,-1.4648,-4.13766]},"Q4s":{"weight":0.0,"played":[1.0,0.0,0.0],"evs":[0.0,-1.24292,-4.04266]},"Q5s":{"weight":0.0,"played":[0.9998,1.0E-4,0.0],"evs":[0.0,-1.55888,-3.94393]},"Q6s":{"weight":0.0,"played":[0.9998,2.0E-4,0.0],"evs":[0.0,-1.56601,-3.87816]},"Q7s":{"weight":0.0,"played":[1.0,0.0,0.0],"evs":[0.0,-1.24777,-3.62015]},"Q8s":{"weight":0.9056,"played":[0.9995,5.0E-4,0.0],"evs":[0.0,-1.08268,-3.14912]},"Q9s":{"weight":1.0,"played":[1.0,0.0,0.0],"evs":[0.0,-1.15078,-2.70203]},"QTs":{"weight":0.3175,"played":[0.9381,0.0619,0.0],"evs":[0.0,-0.63652,-2.47513]},"QJs":{"weight":0.8395,"played":[0.9997,2.0E-4,0.0],"evs":[0.0,-0.86208,-2.68709]},"QQ":{"weight":0.8713,"played":[0.0,0.0,1.0],"evs":[0.0,4.76642,6.09271]},"KQo":{"weight":0.4016,"played":[0.9974,0.0026,0.0],"evs":[0.0,-0.61542,-1.7332]},"AQo":{"weight":0.0,"played":[3.0E-4,0.2731,0.7266],"evs":[0.0,1.16844,1.61139]},"K2s":{"weight":0.0,"played":[0.9998,2.0E-4,0.0],"evs":[0.0,-1.22797,-3.96672]},"K3s":{"weight":0.0,"played":[1.0,0.0,0.0],"evs":[0.0,-1.0719,-3.75499]},"K4s":{"weight":0.0,"played":[1.0,0.0,0.0],"evs":[0.0,-0.76127,-3.17184]},"K5s":{"weight":0.0,"played":[0.9978,0.002,2.0E-4],"evs":[0.0,-1.29224,-3.46937]},"K6s":{"weight":2.0E-4,"played":[0.9998,1.0E-4,1.0E-4],"evs":[0.0,-1.02022,-3.21852]},"K7s":{"weight":0.8565,"played":[1.0,0.0,0.0],"evs":[0.0,-1.16702,-3.35872]},"K8s":{"weight":0.956,"played":[1.0,0.0,0.0],"evs":[0.0,-0.83447,-2.66977]},"K9s":{"weight":0.8253,"played":[0.9999,0.0,0.0],"evs":[0.0,-0.98077,-2.8352]},"KTs":{"weight":0.0057,"played":[0.9825,0.0164,0.0011],"evs":[0.0,-0.68092,-1.62543]},"KJs":{"weight":0.9691,"played":[0.9902,0.0096,3.0E-4],"evs":[0.0,-0.94917,-1.56151]},"KQs":{"weight":1.0,"played":[0.0246,0.9712,0.0042],"evs":[0.0,0.25207,-0.40179]},"KK":{"weight":0.9795,"played":[0.0,0.0,1.0],"evs":[0.0,6.91951,8.65334]},"AKo":{"weight":0.0,"played":[0.0,0.0,1.0],"evs":[0.0,2.55536,3.87974]},"A2s":{"weight":0.8945,"played":[1.0,0.0,0.0],"evs":[0.0,-1.24371,-1.94027]},"A3s":{"weight":0.994,"played":[0.9999,0.0,1.0E-4],"evs":[0.0,-0.77569,-1.69938]},"A4s":{"weight":0.9893,"played":[0.9987,5.0E-4,8.0E-4],"evs":[0.0,-0.85157,-1.64719]},"A5s":{"weight":0.9039,"played":[1.0,0.0,0.0],"evs":[0.0,-0.77058,-1.27837]},"A6s":{"weight":0.8679,"played":[0.9999,1.0E-4,0.0],"evs":[0.0,-1.34716,-1.85353]},"A7s":{"weight":0.998,"played":[0.9966,3.0E-4,0.0031],"evs":[0.0,-0.81208,-1.26866]},"A8s":{"weight":0.9996,"played":[0.9999,1.0E-4,0.0],"evs":[0.0,-0.69601,-1.11847]},"A9s":{"weight":0.9997,"played":[0.994,0.006,0.0],"evs":[0.0,-0.19456,-0.62437]},"ATs":{"weight":1.0,"played":[0.8937,0.0708,0.0356],"evs":[0.0,-0.15846,-0.07779]},"AJs":{"weight":1.0,"played":[0.0027,0.2845,0.7128],"evs":[0.0,1.12478,1.50261]},"AQs":{"weight":0.7427,"played":[0.0,0.0,1.0],"evs":[0.0,2.15188,2.69563]},"AKs":{"weight":0.0,"played":[0.0,0.0,0.9999],"evs":[0.0,3.50489,4.90314]},"AA":{"weight":0.8425,"played":[0.0,0.0,1.0],"evs":[0.0,15.47668,16.56231]}}}