{"player":1,"street":0,"children":2,"sequence":[{"player":0,"type":"F","amount":0,"street":0},{"player":1,"type":"R","amount":200000,"street":0},{"player":2,"type":"F","amount":0,"street":0},{"player":3,"type":"C","amount":200000,"street":0},{"player":4,"type":"R","amount":800000,"street":0},{"player":5,"type":"F","amount":0,"street":0},{"player":1,"type":"C","amount":600000,"street":0},{"player":3,"type":"R","amount":2395000,"street":0},{"player":4,"type":"R","amount":3375000,"street":0}],"actions":[{"type":"F","amount":0},{"type":"C","amount":2575000}],"hands":{"22":{"weight":0.0,"played":[0.9975,0.0025],"evs":[0.0,-2.20983]},"32o":{"weight":0.0,"played":[1.0,0.0],"evs":[0.0,-7.658]},"42o":{"weight":0.0,"played":[1.0,0.0],"evs":[0.0,-7.11506]},"52o":{"weight":0.0,"played":[1.0,0.0],"evs":[0.0,-6.38643]},"62o":{"weight":0.0,"played":[0.9999,1.0E-4],"evs":[0.0,-7.569]},"72o":{"weight":0.0,"played":[0.9999,1.0E-4],"evs":[0.0,-8.12012]},"82o":{"weight":0.0,"played":[1.0,0.0],"evs":[0.0,-7.85428]},"92o":{"weight":0.0,"played":[1.0,0.0],"evs":[0.0,-8.52614]},"T2o":{"weight":0.0,"played":[1.0,0.0],"evs":[0.0,-7.47883]},"J2o":{"weight":0.0,"played":[1.0,0.0],"evs":[0.0,-8.95006]},"Q2o":{"weight":0.0,"played":[1.0,0.0],"evs":[0.0,-7.42845]},"K2o":{"weight":0.0,"played":[0.9998,2.0E-4],"evs":[0.0,-6.1792]},"A2o":{"weight":0.0,"played":[0.9996,4.0E-4],"evs":[0.0,-6.11912]},"32s":{"weight":0.0,"played":[1.0,0.0],"evs":[0.0,-4.33267]},"33":{"weight":0.0,"played":[0.9983,0.0017],"evs":[0.0,-2.92268]},"43o":{"weight":0.0,"played":[1.0,0.0],"evs":[0.0,-5.78926]},"53o":{"weight":0.0,"played":[1.0,0.0],"evs":[0.0,-5.62217]},"63o":{"weight":0.0,"played":[1.0,0.0],"evs":[0.0,-6.68212]},"73o":{"weight":0.0,"played":[0.9997,3.0E-4],"evs":[0.0,-6.08284]},"83o":{"weight":0.0,"played":[0.9997,3.0E-4],"evs":[0.0,-7.17645]},"93o":{"weight":0.0,"played":[1.0,0.0],"evs":[0.0,-8.09721]},"T3o":{"weight":0.0,"played":[1.0,0.0],"evs":[0.0,-6.91474]},"J3o":{"weight":0.0,"played":[1.0,0.0],"evs":[0.0,-8.10875]},"Q3o":{"weight":0.0,"played":[0.9998,2.0E-4],"evs":[0.0,-7.14885]},"K3o":{"weight":0.0,"played":[1.0,0.0],"evs":[0.0,-6.49621]},"A3o":{"weight":0.0,"played":[0.9999,1.0E-4],"evs":[0.0,-6.48807]},"42s":{"weight":0.0,"played":[0.9998,2.0E-4],"evs":[0.0,-3.78371]},"43s":{"weight":0.0,"played":[0.9913,0.0087],"evs":[0.0,-2.65354]},"44":{"weight":0.0,"played":[0.9995,5.0E-4],"evs":[0.0,-1.01611]},"54o":{"weight":0.0,"played":[1.0,0.0],"evs":[0.0,-4.36232]},"64o":{"weight":0.0,"played":[0.9999,1.0E-4],"evs":[0.0,-5.38012]},"74o":{"weight":0.0,"played":[1.0,0.0],"evs":[0.0,-5.66633]},"84o":{"weight":0.0,"played":[1.0,0.0],"evs":[0.0,-6.59316]},"94o":{"weight":0.0,"played":[1.0,0.0],"evs":[0.0,-7.01674]},"T4o":{"weight":0.0,"played":[1.0,0.0],"evs":[0.0,-7.52866]},"J4o":{"weight":0.0,"played":[1.0,0.0],"evs":[0.0,-8.61896]},"Q4o":{"weight":0.0,"played":[0.9999,1.0E-4],"evs":[0.0,-7.41048]},"K4o":{"weight":0.0,"played":[1.0,0.0],"evs":[0.0,-6.24527]},"A4o":{"weight":0.0,"played":[0.9993,7.0E-4],"evs":[0.0,-5.65599]},"52s":{"weight":0.0,"played":[1.0,0.0],"evs":[0.0,-4.40065]},"53s":{"weight":0.0,"played":[0.9987,0.0013],"evs":[0.0,-2.45121]},"54s":{"weight":0.0,"played":[0.9793,0.0207],"evs":[0.0,-1.30497]},"55":{"weight":0.0227,"played":[0.9857,0.0143],"evs":[0.0,-1.43265]},"65o":{"weight":0.0,"played":[1.0,0.0],"evs":[0.0,-4.05784]},"75o":{"weight":0.0,"played":[1.0,0.0],"evs":[0.0,-4.61673]},"85o":{"weight":0.0,"played":[0.9999,1.0E-4],"evs":[0.0,-5.87797]},"95o":{"weight":0.0,"played":[0.9999,1.0E-4],"evs":[0.0,-6.71193]},"T5o":{"weight":0.0,"played":[0.9998,2.0E-4],"evs":[0.0,-6.80963]},"J5o":{"weight":0.0,"played":[1.0,0.0],"evs":[0.0,-8.00979]},"Q5o":{"weight":0.0,"played":[0.9997,3.0E-4],"evs":[0.0,-8.09651]},"K5o":{"weight":0.0,"played":[0.9996,4.0E-4],"evs":[0.0,-5.63555]},"A5o":{"weight":0.0,"played":[1.0,0.0],"evs":[0.0,-5.60023]},"62s":{"weight":0.0,"played":[0.9997,3.0E-4],"evs":[0.0,-3.86215]},"63s":{"weight":0.0,"played":[0.9939,0.0061],"evs":[0.0,-2.03104]},"64s":{"weight":0.0,"played":[0.9998,2.0E-4],"evs":[0.0,-2.8804]},"65s":{"weight":0.0,"played":[0.9999,1.0E-4],"evs":[0.0,-2.15021]},"66":{"weight":0.5324,"played":[0.8966,0.1034],"evs":[0.0,-0.95867]},"76o":{"weight":0.0,"played":[0.9998,2.0E-4],"evs":[0.0,-3.57386]},"86o":{"weight":0.0,"played":[0.9996,4.0E-4],"evs":[0.0,-4.77099]},"96o":{"weight":0.0,"played":[0.9995,5.0E-4],"evs":[0.0,-5.58835]},"T6o":{"weight":0.0,"played":[0.9999,1.0E-4],"evs":[0.0,-6.06522]},"J6o":{"weight":0.0,"played":[0.9999,1.0E-4],"evs":[0.0,-7.81487]},"Q6o":{"weight":0.0,"played":[0.9999,1.0E-4],"evs":[0.0,-5.86928]},"K6o":{"weight":0.0,"played":[0.9997,3.0E-4],"evs":[0.0,-5.89846]},"A6o":{"weight":0.0,"played":[0.9997,3.0E-4],"evs":[0.0,-6.37508]},"72s":{"weight":0.0,"played":[0.997,0.003],"evs":[0.0,-5.75599]},"73s":{"weight":0.0,"played":[0.9987,0.0013],"evs":[0.0,-3.23751]},"74s":{"weight":0.0,"played":[0.9997,3.0E-4],"evs":[0.0,-3.25535]},"75s":{"weight":0.0,"played":[0.9967,0.0033],"evs":[0.0,-1.98879]},"76s":{"weight":0.0,"played":[0.9962,0.0038],"evs":[0.0,-1.99138]},"77":{"weight":0.1732,"played":[0.996,0.004],"evs":[0.0,-0.84642]},"87o":{"weight":0.0,"played":[1.0,0.0],"evs":[0.0,-4.48533]},"97o":{"weight":0.0,"played":[1.0,0.0],"evs":[0.0,-5.33027]},"T7o":{"weight":0.0,"played":[1.0,0.0],"evs":[0.0,-5.51723]},"J7o":{"weight":0.0,"played":[1.0,0.0],"evs":[0.0,-7.76061]},"Q7o":{"weight":0.0,"played":[0.9999,1.0E-4],"evs":[0.0,-6.43231]},"K7o":{"weight":0.0,"played":[0.9999,1.0E-4],"evs":[0.0,-5.80885]},"A7o":{"weight":0.0,"played":[0.9999,1.0E-4],"evs":[0.0,-6.07307]},"82s":{"weight":0.0,"played":[0.9986,0.0014],"evs":[0.0,-5.92691]},"83s":{"weight":0.0,"played":[0.9995,5.0E-4],"evs":[0.0,-4.09223]},"84s":{"weight":0.0,"played":[0.9995,5.0E-4],"evs":[0.0,-4.80134]},"85s":{"weight":0.0,"played":[0.9975,0.0025],"evs":[0.0,-4.60033]},"86s":{"weight":0.0,"played":[0.9731,0.0269],"evs":[0.0,-3.24955]},"87s":{"weight":0.0,"played":[0.9971,0.0029],"evs":[0.0,-1.95872]},"88":{"weight":0.0225,"played":[0.9987,0.0013],"evs":[0.0,-0.99806]},"98o":{"weight":0.0,"played":[0.9995,5.0E-4],"evs":[0.0,-4.07462]},"T8o":{"weight":0.0,"played":[1.0,0.0],"evs":[0.0,-4.49074]},"J8o":{"weight":0.0,"played":[0.9981,0.0019],"evs":[0.0,-6.60379]},"Q8o":{"weight":0.0,"played":[0.9996,4.0E-4],"evs":[0.0,-5.89998]},"K8o":{"weight":0.0,"played":[0.9997,3.0E-4],"evs":[0.0,-5.17265]},"A8o":{"weight":0.0,"played":[1.0,0.0],"evs":[0.0,-5.97307]},"92s":{"weight":0.0,"played":[1.0,0.0],"evs":[0.0,-5.30119]},"93s":{"weight":0.0,"played":[0.997,0.003],"evs":[0.0,-6.04743]},"94s":{"weight":0.0,"played":[0.9999,1.0E-4],"evs":[0.0,-5.57676]},"95s":{"weight":0.0,"played":[0.9985,0.0015],"evs":[0.0,-4.8221]},"96s":{"weight":0.0,"played":[0.9999,1.0E-4],"evs":[0.0,-2.61519]},"97s":{"weight":0.0,"played":[0.9996,4.0E-4],"evs":[0.0,-3.22617]},"98s":{"weight":0.0,"played":[0.9995,5.0E-4],"evs":[0.0,-1.53991]},"99":{"weight":0.1952,"played":[0.4073,0.5927],"evs":[0.0,-0.02075]},"T9o":{"weight":0.0,"played":[0.9988,0.0012],"evs":[0.0,-4.28908]},"J9o":{"weight":0.0,"played":[0.9994,6.0E-4],"evs":[0.0,-6.33663]},"Q9o":{"weight":0.0,"played":[1.0,0.0],"evs":[0.0,-6.14565]},"K9o":{"weight":0.0,"played":[0.9997,3.0E-4],"evs":[0.0,-4.46422]},"A9o":{"weight":0.0,"played":[0.9984,0.0016],"evs":[0.0,-6.08476]},"T2s":{"weight":0.0,"played":[1.0,0.0],"evs":[0.0,-5.84749]},"T3s":{"weight":0.0,"played":[0.9999,1.0E-4],"evs":[0.0,-5.31214]},"T4s":{"weight":0.0,"played":[1.0,0.0],"evs":[0.0,-4.75254]},"T5s":{"weight":0.0,"played":[1.0,0.0],"evs":[0.0,-6.74143]},"T6s":{"weight":0.0,"played":[0.9998,2.0E-4],"evs":[0.0,-4.58499]},"T7s":{"weight":0.0,"played":[0.9998,2.0E-4],"evs":[0.0,-3.76901]},"T8s":{"weight":0.0,"played":[0.9956,0.0044],"evs":[0.0,-1.59071]},"T9s":{"weight":0.0,"played":[0.9963,0.0037],"evs":[0.0,-2.50265]},"TT":{"weight":0.0184,"played":[0.5004,0.4996],"evs":[0.0,0.28171]},"JTo":{"weight":0.0,"played":[0.9999,1.0E-4],"evs":[0.0,-5.54396]},"QTo":{"weight":0.0,"played":[0.9992,8.0E-4],"evs":[0.0,-4.87791]},"KTo":{"weight":0.0,"played":[0.9996,4.0E-4],"evs":[0.0,-4.63596]},"ATo":{"weight":0.0,"played":[0.9997,3.0E-4],"evs":[0.0,-5.4085]},"J2s":{"weight":0.0,"played":[0.9992,8.0E-4],"evs":[0.0,-6.65663]},"J3s":{"weight":0.0,"played":[0.9997,3.0E-4],"evs":[0.0,-5.11019]},"J4s":{"weight":0.0,"played":[0.9998,2.0E-4],"evs":[0.0,-6.32066]},"J5s":{"weight":0.0,"played":[0.9985,0.0015],"evs":[0.0,-6.09392]},"J6s":{"weight":0.0,"played":[0.9946,0.0054],"evs":[0.0,-6.84429]},"J7s":{"weight":0.0,"played":[0.9917,0.0083],"evs":[0.0,-4.93562]},"J8s":{"weight":0.0,"played":[0.9991,9.0E-4],"evs":[0.0,-4.60458]},"J9s":{"weight":0.0,"played":[0.9971,0.0029],"evs":[0.0,-3.34973]},"JTs":{"weight":1.0E-4,"played":[0.999,0.001],"evs":[0.0,-3.32214]},"JJ":{"weight":0.0034,"played":[0.0853,0.9147],"evs":[0.0,1.10682]},"QJo":{"weight":0.0,"played":[0.9998,2.0E-4],"evs":[0.0,-6.32143]},"KJo":{"weight":0.0,"played":[0.9995,5.0E-4],"evs":[0.0,-5.87771]},"AJo":{"weight":0.374,"played":[0.9972,0.0028],"evs":[0.0,-5.4166]},"Q2s":{"weight":0.0,"played":[0.9985,0.0015],"evs":[0.0,-5.08481]},"Q3s":{"weight":0.0,"played":[0.9999,1.0E-4],"evs":[0.0,-4.95722]},"Q4s":{"weight":0.0,"played":[0.9992,8.0E-4],"evs":[0.0,-4.43979]},"Q5s":{"weight":0.0,"played":[0.9999,1.0E-4],"evs":[0.0,-4.05639]},"Q6s":{"weight":0.0,"played":[0.9988,0.0012],"evs":[0.0,-3.6751]},"Q7s":{"weight":0.0,"played":[0.9873,0.0127],"evs":[0.0,-4.29126]},"Q8s":{"weight":0.0,"played":[0.9703,0.0297],"evs":[0.0,-3.18621]},"Q9s":{"weight":0.0,"played":[1.0,0.0],"evs":[0.0,-3.35589]},"QTs":{"weight":0.0396,"played":[0.994,0.006],"evs":[0.0,-1.57015]},"QJs":{"weight":0.227,"played":[0.999,0.001],"evs":[0.0,-3.84013]},"QQ":{"weight":0.0,"played":[0.0,1.0],"evs":[0.0,7.1238]},"KQo":{"weight":0.0522,"played":[0.9974,0.0026],"evs":[0.0,-4.2313]},"AQo":{"weight":0.0,"played":[0.9508,0.0492],"evs":[0.0,-1.7283]},"K2s":{"weight":0.0,"played":[0.9984,0.0016],"evs":[0.0,-3.15366]},"K3s":{"weight":0.0,"played":[1.0,0.0],"evs":[0.0,-4.0118]},"K4s":{"weight":0.0,"played":[1.0,0.0],"evs":[0.0,-3.10622]},"K5s":{"weight":0.0,"played":[0.9968,0.0032],"evs":[0.0,-3.84713]},"K6s":{"weight":0.0,"played":[0.9981,0.0019],"evs":[0.0,-5.04716]},"K7s":{"weight":0.0,"played":[0.9979,0.0021],"evs":[0.0,-3.71612]},"K8s":{"weight":0.0,"played":[0.9963,0.0037],"evs":[0.0,-3.59788]},"K9s":{"weight":1.0E-4,"played":[0.9991,9.0E-4],"evs":[0.0,-2.26384]},"KTs":{"weight":0.68,"played":[0.9059,0.0941],"evs":[0.0,-1.59046]},"KJs":{"weight":0.8883,"played":[0.9955,0.0045],"evs":[0.0,-3.74246]},"KQs":{"weight":0.0762,"played":[0.9375,0.0625],"evs":[0.0,-1.60897]},"KK":{"weight":0.0227,"played":[0.0,1.0],"evs":[0.0,14.52851]},"AKo":{"weight":0.0,"played":[0.0,1.0],"evs":[0.0,2.85266]},"A2s":{"weight":0.0,"played":[0.9873,0.0127],"evs":[0.0,-3.08207]},"A3s":{"weight":0.0,"played":[0.9978,0.0022],"evs":[0.0,-3.92905]},"A4s":{"weight":0.0,"played":[0.9631,0.0369],"evs":[0.0,-2.16631]},"A5s":{"weight":0.0066,"played":[0.9949,0.0051],"evs":[0.0,-2.71114]},"A6s":{"weight":1.0E-4,"played":[0.9993,7.0E-4],"evs":[0.0,-3.67851]},"A7s":{"weight":0.0062,"played":[0.9992,8.0E-4],"evs":[0.0,-2.65287]},"A8s":{"weight":0.031,"played":[0.9911,0.0089],"evs":[0.0,-3.50165]},"A9s":{"weight":0.0097,"played":[0.9353,0.0647],"evs":[0.0,-2.73107]},"ATs":{"weight":0.9996,"played":[0.9952,0.0048],"evs":[0.0,-3.2191]},"AJs":{"weight":0.2612,"played":[0.9492,0.0508],"evs":[0.0,-3.08146]},"AQs":{"weight":0.0045,"played":[0.7522,0.2478],"evs":[0.0,-0.71216]},"AKs":{"weight":0.0,"played":[0.0,1.0],"evs":[0.0,5.69831]},"AA":{"weight":1.0,"played":[0.0,1.0],"evs":[0.0,28.61569]}}}