{"player":2,"street":0,"children":3,"sequence":[{"player":0,"type":"F","amount":0,"street":0},{"player":1,"type":"F","amount":0,"street":0}],"actions":[{"type":"F","amount":0,"node":3},{"type":"R","amount":200000,"node":30},{"type":"R","amount":1265000,"node":123}],"hands":{"22":{"weight":1.0,"played":[0.0,0.055,0.945],"evs":[0.0,0.21056,0.21883]},"32o":{"weight":1.0,"played":[1.0,0.0,0.0],"evs":[0.0,-0.32564,-1.41535]},"42o":{"weight":1.0,"played":[1.0,0.0,0.0],"evs":[0.0,-0.3037,-1.33122]},"52o":{"weight":1.0,"played":[1.0,0.0,0.0],"evs":[0.0,-0.28361,-1.24527]},"62o":{"weight":1.0,"played":[1.0,0.0,0.0],"evs":[0.0,-0.29481,-1.36288]},"72o":{"weight":1.0,"played":[1.0,0.0,0.0],"evs":[0.0,-0.29738,-1.43792]},"82o":{"weight":1.0,"played":[1.0,0.0,0.0],"evs":[0.0,-0.29803,-1.34294]},"92o":{"weight":1.0,"played":[1.0,0.0,0.0],"evs":[0.0,-0.28409,-1.28399]},"T2o":{"weight":1.0,"played":[1.0,0.0,0.0],"evs":[0.0,-0.2719,-1.19369]},"J2o":{"weight":1.0,"played":[1.0,0.0,0.0],"evs":[0.0,-0.2621,-1.11156]},"Q2o":{"weight":1.0,"played":[1.0,0.0,0.0],"evs":[0.0,-0.24463,-0.98652]},"K2o":{"weight":1.0,"played":[1.0,0.0,0.0],"evs":[0.0,-0.21485,-0.78634]},"A2o":{"weight":1.0,"played":[0.8693,0.1307,0.0],"evs":[0.0,-0.00203,-0.03357]},"32s":{"weight":1.0,"played":[1.0,0.0,0.0],"evs":[0.0,-0.2733,-0.95468]},"33":{"weight":1.0,"played":[0.0,0.0,1.0],"evs":[0.0,0.36226,0.4346]},"43o":{"weight":1.0,"played":[1.0,0.0,0.0],"evs":[0.0,-0.27512,-1.13346]},"53o":{"weight":1.0,"played":[1.0,0.0,0.0],"evs":[0.0,-0.25352,-1.04412]},"63o":{"weight":1.0,"played":[1.0,0.0,0.0],"evs":[0.0,-0.26317,-1.165]},"73o":{"weight":1.0,"played":[1.0,0.0,0.0],"evs":[0.0,-0.2693,-1.2406]},"83o":{"weight":1.0,"played":[1.0,0.0,0.0],"evs":[0.0,-0.28461,-1.30622]},"93o":{"weight":1.0,"played":[1.0,0.0,0.0],"evs":[0.0,-0.26726,-1.2162]},"T3o":{"weight":1.0,"played":[1.0,0.0,0.0],"evs":[0.0,-0.25535,-1.1241]},"J3o":{"weight":1.0,"played":[1.0,0.0,0.0],"evs":[0.0,-0.24438,-1.04135]},"Q3o":{"weight":1.0,"played":[1.0,0.0,0.0],"evs":[0.0,-0.22778,-0.9153]},"K3o":{"weight":1.0,"played":[1.0,0.0,0.0],"evs":[0.0,-0.19726,-0.7178]},"A3o":{"weight":1.0,"played":[0.0,0.2057,0.7943],"evs":[0.0,0.04124,0.04122]},"42s":{"weight":1.0,"played":[1.0,0.0,0.0],"evs":[0.0,-0.25127,-0.87669]},"43s":{"weight":1.0,"played":[1.0,0.0,0.0],"evs":[0.0,-0.21437,-0.69982]},"44":{"weight":1.0,"played":[0.0,0.0,1.0],"evs":[0.0,0.56105,0.66991]},"54o":{"weight":1.0,"played":[1.0,0.0,0.0],"evs":[0.0,-0.22237,-0.84814]},"64o":{"weight":1.0,"played":[1.0,0.0,0.0],"evs":[0.0,-0.22662,-0.96174]},"74o":{"weight":1.0,"played":[1.0,0.0,0.0],"evs":[0.0,-0.23163,-1.04533]},"84o":{"weight":1.0,"played":[1.0,0.0,0.0],"evs":[0.0,-0.24659,-1.10659]},"94o":{"weight":1.0,"played":[1.0,0.0,0.0],"evs":[0.0,-0.24618,-1.17811]},"T4o":{"weight":1.0,"played":[1.0,0.0,0.0],"evs":[0.0,-0.22924,-1.04859]},"J4o":{"weight":1.0,"played":[1.0,0.0,0.0],"evs":[0.0,-0.22157,-0.96603]},"Q4o":{"weight":1.0,"played":[1.0,0.0,0.0],"evs":[0.0,-0.20166,-0.84192]},"K4o":{"weight":1.0,"played":[1.0,0.0,0.0],"evs":[0.0,-0.1704,-0.64703]},"A4o":{"weight":1.0,"played":[0.0,0.0,1.0],"evs":[0.0,0.10065,0.1125]},"52s":{"weight":1.0,"played":[1.0,0.0,0.0],"evs":[0.0,-0.23046,-0.79263]},"53s":{"weight":1.0,"played":[1.0,0.0,0.0],"evs":[0.0,-0.18574,-0.61648]},"54s":{"weight":1.0,"played":[1.0,0.0,0.0],"evs":[0.0,-0.13873,-0.4272]},"55":{"weight":1.0,"played":[0.0,0.0,1.0],"evs":[0.0,0.8319,0.92276]},"65o":{"weight":1.0,"played":[1.0,0.0,0.0],"evs":[0.0,-0.19585,-0.75875]},"75o":{"weight":1.0,"played":[1.0,0.0,0.0],"evs":[0.0,-0.19762,-0.83627]},"85o":{"weight":1.0,"played":[1.0,0.0,0.0],"evs":[0.0,-0.20858,-0.89757]},"95o":{"weight":1.0,"played":[1.0,0.0,0.0],"evs":[0.0,-0.20848,-0.96655]},"T5o":{"weight":1.0,"played":[1.0,0.0,0.0],"evs":[0.0,-0.20697,-0.99842]},"J5o":{"weight":1.0,"played":[1.0,0.0,0.0],"evs":[0.0,-0.19505,-0.88315]},"Q5o":{"weight":1.0,"played":[1.0,0.0,0.0],"evs":[0.0,-0.17628,-0.76166]},"K5o":{"weight":1.0,"played":[1.0,0.0,0.0],"evs":[0.0,-0.14252,-0.56601]},"A5o":{"weight":1.0,"played":[0.0,0.0,1.0],"evs":[0.0,0.18985,0.21669]},"62s":{"weight":1.0,"played":[1.0,0.0,0.0],"evs":[0.0,-0.24178,-0.90501]},"63s":{"weight":1.0,"played":[1.0,0.0,0.0],"evs":[0.0,-0.20881,-0.71463]},"64s":{"weight":1.0,"played":[1.0,0.0,0.0],"evs":[0.0,-0.15972,-0.53653]},"65s":{"weight":1.0,"played":[1.0,0.0,0.0],"evs":[0.0,-0.11013,-0.34738]},"66":{"weight":1.0,"played":[0.0,0.0,1.0],"evs":[0.0,1.08031,1.13548]},"76o":{"weight":1.0,"played":[1.0,0.0,0.0],"evs":[0.0,-0.17653,-0.66272]},"86o":{"weight":1.0,"played":[1.0,0.0,0.0],"evs":[0.0,-0.18818,-0.71502]},"96o":{"weight":1.0,"played":[1.0,0.0,0.0],"evs":[0.0,-0.18558,-0.77813]},"T6o":{"weight":1.0,"played":[1.0,0.0,0.0],"evs":[0.0,-0.1863,-0.81662]},"J6o":{"weight":1.0,"played":[1.0,0.0,0.0],"evs":[0.0,-0.18799,-0.85775]},"Q6o":{"weight":1.0,"played":[1.0,0.0,0.0],"evs":[0.0,-0.16756,-0.70182]},"K6o":{"weight":1.0,"played":[1.0,0.0,0.0],"evs":[0.0,-0.13303,-0.50007]},"A6o":{"weight":1.0,"played":[0.0,6.0E-4,0.9994],"evs":[0.0,0.20345,0.20958]},"72s":{"weight":1.0,"played":[1.0,0.0,0.0],"evs":[0.0,-0.2423,-0.98187]},"73s":{"weight":1.0,"played":[1.0,0.0,0.0],"evs":[0.0,-0.2148,-0.79695]},"74s":{"weight":1.0,"played":[1.0,0.0,0.0],"evs":[0.0,-0.17608,-0.60865]},"75s":{"weight":1.0,"played":[1.0,0.0,0.0],"evs":[0.0,-0.12409,-0.41391]},"76s":{"weight":1.0,"played":[1.0,0.0,0.0],"evs":[0.0,-0.07531,-0.24909]},"77":{"weight":1.0,"played":[0.0,0.0,1.0],"evs":[0.0,1.35763,1.38811]},"87o":{"weight":1.0,"played":[1.0,0.0,0.0],"evs":[0.0,-0.1648,-0.55721]},"97o":{"weight":1.0,"played":[1.0,0.0,0.0],"evs":[0.0,-0.1659,-0.61521]},"T7o":{"weight":1.0,"played":[1.0,0.0,0.0],"evs":[0.0,-0.16474,-0.64928]},"J7o":{"weight":1.0,"played":[1.0,0.0,0.0],"evs":[0.0,-0.1679,-0.69276]},"Q7o":{"weight":1.0,"played":[1.0,0.0,0.0],"evs":[0.0,-0.15906,-0.68855]},"K7o":{"weight":1.0,"played":[1.0,0.0,0.0],"evs":[0.0,-0.12177,-0.44779]},"A7o":{"weight":1.0,"played":[0.0,0.0263,0.9737],"evs":[0.0,0.40127,0.40488]},"82s":{"weight":1.0,"played":[1.0,0.0,0.0],"evs":[0.0,-0.24193,-0.88361]},"83s":{"weight":1.0,"played":[1.0,0.0,0.0],"evs":[0.0,-0.2266,-0.85421]},"84s":{"weight":1.0,"played":[1.0,0.0,0.0],"evs":[0.0,-0.19478,-0.6641]},"85s":{"weight":1.0,"played":[1.0,0.0,0.0],"evs":[0.0,-0.14151,-0.47185]},"86s":{"weight":1.0,"played":[1.0,0.0,0.0],"evs":[0.0,-0.10139,-0.2982]},"87s":{"weight":1.0,"played":[1.0,0.0,0.0],"evs":[0.0,-0.04481,-0.15627]},"88":{"weight":1.0,"played":[0.0,0.0,1.0],"evs":[0.0,1.65321,1.6692]},"98o":{"weight":1.0,"played":[1.0,0.0,0.0],"evs":[0.0,-0.13512,-0.44569]},"T8o":{"weight":1.0,"played":[1.0,0.0,0.0],"evs":[0.0,-0.13308,-0.45537]},"J8o":{"weight":1.0,"played":[1.0,0.0,0.0],"evs":[0.0,-0.14362,-0.50507]},"Q8o":{"weight":1.0,"played":[1.0,0.0,0.0],"evs":[0.0,-0.14066,-0.50051]},"K8o":{"weight":1.0,"played":[1.0,0.0,0.0],"evs":[0.0,-0.11608,-0.39153]},"A8o":{"weight":1.0,"played":[0.0,0.0,1.0],"evs":[0.0,0.62812,0.64162]},"92s":{"weight":1.0,"played":[1.0,0.0,0.0],"evs":[0.0,-0.2275,-0.83783]},"93s":{"weight":1.0,"played":[1.0,0.0,0.0],"evs":[0.0,-0.20982,-0.76678]},"94s":{"weight":1.0,"played":[1.0,0.0,0.0],"evs":[0.0,-0.19193,-0.72764]},"95s":{"weight":1.0,"played":[1.0,0.0,0.0],"evs":[0.0,-0.14811,-0.53209]},"96s":{"weight":1.0,"played":[1.0,0.0,0.0],"evs":[0.0,-0.10446,-0.36335]},"97s":{"weight":1.0,"played":[1.0,0.0,0.0],"evs":[0.0,-0.0602,-0.21007]},"98s":{"weight":1.0,"played":[0.9628,0.0372,0.0],"evs":[0.0,-0.00166,-0.04882]},"99":{"weight":1.0,"played":[0.0,0.0021,0.9979],"evs":[0.0,1.97823,1.98316]},"T9o":{"weight":1.0,"played":[1.0,0.0,0.0],"evs":[0.0,-0.07938,-0.2786]},"J9o":{"weight":1.0,"played":[1.0,0.0,0.0],"evs":[0.0,-0.08417,-0.32197]},"Q9o":{"weight":1.0,"played":[1.0,0.0,0.0],"evs":[0.0,-0.08121,-0.31008]},"K9o":{"weight":1.0,"played":[1.0,0.0,0.0],"evs":[0.0,-0.04325,-0.19532]},"A9o":{"weight":1.0,"played":[0.0,8.0E-4,0.9992],"evs":[0.0,0.90137,0.91062]},"T2s":{"weight":1.0,"played":[1.0,0.0,0.0],"evs":[0.0,-0.21168,-0.75147]},"T3s":{"weight":1.0,"played":[1.0,0.0,0.0],"evs":[0.0,-0.19478,-0.68389]},"T4s":{"weight":1.0,"played":[1.0,0.0,0.0],"evs":[0.0,-0.17067,-0.61789]},"T5s":{"weight":1.0,"played":[1.0,0.0,0.0],"evs":[0.0,-0.14809,-0.56469]},"T6s":{"weight":1.0,"played":[1.0,0.0,0.0],"evs":[0.0,-0.10564,-0.39682]},"T7s":{"weight":1.0,"played":[1.0,0.0,0.0],"evs":[0.0,-0.06388,-0.24357]},"T8s":{"weight":1.0,"played":[0.7797,0.2203,0.0],"evs":[0.0,-5.0E-5,-0.05982]},"T9s":{"weight":1.0,"played":[0.0,0.1596,0.8404],"evs":[0.0,0.10055,0.10177]},"TT":{"weight":1.0,"played":[0.0,0.0158,0.9842],"evs":[0.0,2.42451,2.42531]},"JTo":{"weight":1.0,"played":[0.9108,0.0892,0.0],"evs":[0.0,-0.00119,-0.04967]},"QTo":{"weight":1.0,"played":[0.2218,0.2266,0.5516],"evs":[0.0,-7.7E-4,-0.00138]},"KTo":{"weight":1.0,"played":[0.0,0.0,1.0],"evs":[0.0,0.12851,0.14523]},"ATo":{"weight":1.0,"played":[0.0,0.0,1.0],"evs":[0.0,1.35379,1.3952]},"J2s":{"weight":1.0,"played":[1.0,0.0,0.0],"evs":[0.0,-0.19204,-0.66903]},"J3s":{"weight":1.0,"played":[1.0,0.0,0.0],"evs":[0.0,-0.17132,-0.60295]},"J4s":{"weight":1.0,"played":[1.0,0.0,0.0],"evs":[0.0,-0.14797,-0.53811]},"J5s":{"weight":1.0,"played":[1.0,0.0,0.0],"evs":[0.0,-0.11867,-0.45638]},"J6s":{"weight":1.0,"played":[1.0,0.0,0.0],"evs":[0.0,-0.11422,-0.43437]},"J7s":{"weight":1.0,"played":[1.0,0.0,0.0],"evs":[0.0,-0.07519,-0.27913]},"J8s":{"weight":1.0,"played":[1.0,0.0,0.0],"evs":[0.0,-0.02075,-0.106]},"J9s":{"weight":1.0,"played":[0.0,0.2405,0.7595],"evs":[0.0,0.05919,0.06195]},"JTs":{"weight":1.0,"played":[0.0,0.3233,0.6767],"evs":[0.0,0.31254,0.31088]},"JJ":{"weight":1.0,"played":[0.0,0.0,1.0],"evs":[0.0,2.83026,2.84431]},"QJo":{"weight":1.0,"played":[0.0,0.0,1.0],"evs":[0.0,0.11679,0.13436]},"KJo":{"weight":1.0,"played":[0.0,0.0,1.0],"evs":[0.0,0.30123,0.34617]},"AJo":{"weight":1.0,"played":[0.0,0.0,1.0],"evs":[0.0,1.68919,1.73748]},"Q2s":{"weight":1.0,"played":[1.0,0.0,0.0],"evs":[0.0,-0.1622,-0.54832]},"Q3s":{"weight":1.0,"played":[1.0,0.0,0.0],"evs":[0.0,-0.14151,-0.47801]},"Q4s":{"weight":1.0,"played":[1.0,0.0,0.0],"evs":[0.0,-0.11656,-0.41598]},"Q5s":{"weight":1.0,"played":[1.0,0.0,0.0],"evs":[0.0,-0.08721,-0.33951]},"Q6s":{"weight":1.0,"played":[1.0,0.0,0.0],"evs":[0.0,-0.07853,-0.28449]},"Q7s":{"weight":1.0,"played":[1.0,0.0,0.0],"evs":[0.0,-0.06901,-0.26608]},"Q8s":{"weight":1.0,"played":[1.0,0.0,0.0],"evs":[0.0,-0.02341,-0.10103]},"Q9s":{"weight":1.0,"played":[0.0,0.0,1.0],"evs":[0.0,0.07386,0.08215]},"QTs":{"weight":1.0,"played":[0.0,0.0,1.0],"evs":[0.0,0.35211,0.36192]},"QJs":{"weight":1.0,"played":[0.0,0.1604,0.8396],"evs":[0.0,0.48535,0.48505]},"QQ":{"weight":1.0,"played":[0.0,0.0,1.0],"evs":[0.0,3.26881,3.3013]},"KQo":{"weight":1.0,"played":[0.0,0.0,1.0],"evs":[0.0,0.50998,0.62152]},"AQo":{"weight":1.0,"played":[0.0,0.0,1.0],"evs":[0.0,2.04257,2.07634]},"K2s":{"weight":1.0,"played":[1.0,0.0,0.0],"evs":[0.0,-0.11992,-0.3542]},"K3s":{"weight":1.0,"played":[1.0,0.0,0.0],"evs":[0.0,-0.10075,-0.2909]},"K4s":{"weight":1.0,"played":[1.0,0.0,0.0],"evs":[0.0,-0.07348,-0.22685]},"K5s":{"weight":1.0,"played":[1.0,0.0,0.0],"evs":[0.0,-0.03915,-0.15263]},"K6s":{"weight":1.0,"played":[1.0,0.0,0.0],"evs":[0.0,-0.02419,-0.08702]},"K7s":{"weight":1.0,"played":[0.9767,0.0233,0.0],"evs":[0.0,-0.00383,-0.04655]},"K8s":{"weight":1.0,"played":[0.0099,0.5167,0.4733],"evs":[0.0,0.0098,0.00809]},"K9s":{"weight":1.0,"played":[0.0,4.0E-4,0.9996],"evs":[0.0,0.18135,0.19246]},"KTs":{"weight":1.0,"played":[0.0,0.0454,0.9546],"evs":[0.0,0.49896,0.50104]},"KJs":{"weight":1.0,"played":[0.0,1.0E-4,0.9999],"evs":[0.0,0.66387,0.68974]},"KQs":{"weight":1.0,"played":[0.0,0.0,1.0],"evs":[0.0,0.85821,0.94567]},"KK":{"weight":1.0,"played":[0.0,0.0027,0.9973],"evs":[0.0,3.76948,3.7913]},"AKo":{"weight":1.0,"played":[0.0,0.0,1.0],"evs":[0.0,2.423,2.44754]},"A2s":{"weight":1.0,"played":[0.0,0.0,1.0],"evs":[0.0,0.26683,0.33871]},"A3s":{"weight":1.0,"played":[0.0,0.0,1.0],"evs":[0.0,0.31829,0.40715]},"A4s":{"weight":1.0,"played":[0.0,0.0,1.0],"evs":[0.0,0.38305,0.47581]},"A5s":{"weight":1.0,"played":[0.0,0.0,1.0],"evs":[0.0,0.48719,0.56455]},"A6s":{"weight":1.0,"played":[0.0,0.0,1.0],"evs":[0.0,0.51302,0.56313]},"A7s":{"weight":1.0,"played":[0.0,0.0,1.0],"evs":[0.0,0.70554,0.74446]},"A8s":{"weight":1.0,"played":[0.0,0.0,1.0],"evs":[0.0,0.92933,0.96417]},"A9s":{"weight":1.0,"played":[0.0,0.0,1.0],"evs":[0.0,1.201,1.20953]},"ATs":{"weight":1.0,"played":[0.0,0.0,1.0],"evs":[0.0,1.63664,1.65664]},"AJs":{"weight":1.0,"played":[0.0,0.0,1.0],"evs":[0.0,1.95391,1.97276]},"AQs":{"weight":1.0,"played":[0.0,1.0E-4,0.9999],"evs":[0.0,2.28572,2.29454]},"AKs":{"weight":1.0,"played":[0.0,0.0712,0.9288],"evs":[0.0,2.63631,2.63745]},"AA":{"weight":1.0,"played":[0.0,0.86,0.14],"evs":[0.0,4.64423,4.63635]}}}