{"player":3,"street":0,"children":2,"sequence":[{"player":0,"type":"F","amount":0,"street":0},{"player":1,"type":"R","amount":200000,"street":0},{"player":2,"type":"F","amount":0,"street":0},{"player":3,"type":"C","amount":200000,"street":0},{"player":4,"type":"R","amount":800000,"street":0},{"player":5,"type":"R","amount":895000,"street":0},{"player":1,"type":"C","amount":695000,"street":0}],"actions":[{"type":"F","amount":0,"node":201},{"type":"R","amount":2395000,"node":202}],"hands":{"22":{"weight":0.0,"played":[0.9964,0.0036],"evs":[0.0,-2.98197]},"32o":{"weight":0.0,"played":[1.0,0.0],"evs":[0.0,-6.2453]},"42o":{"weight":0.0,"played":[1.0,0.0],"evs":[0.0,-6.12486]},"52o":{"weight":0.0,"played":[1.0,0.0],"evs":[0.0,-6.1151]},"62o":{"weight":0.0,"played":[1.0,0.0],"evs":[0.0,-6.0294]},"72o":{"weight":0.0,"played":[1.0,0.0],"evs":[0.0,-6.68658]},"82o":{"weight":0.0,"played":[1.0,0.0],"evs":[0.0,-6.08312]},"92o":{"weight":0.0,"played":[1.0,0.0],"evs":[0.0,-5.80696]},"T2o":{"weight":0.0,"played":[1.0,0.0],"evs":[0.0,-6.22414]},"J2o":{"weight":0.0,"played":[1.0,0.0],"evs":[0.0,-6.54051]},"Q2o":{"weight":0.0,"played":[1.0,0.0],"evs":[0.0,-6.2511]},"K2o":{"weight":0.0,"played":[1.0,0.0],"evs":[0.0,-5.82293]},"A2o":{"weight":0.0,"played":[0.9999,1.0E-4],"evs":[0.0,-5.49592]},"32s":{"weight":0.0,"played":[0.9999,1.0E-4],"evs":[0.0,-3.90104]},"33":{"weight":0.8851,"played":[1.0,0.0],"evs":[0.0,-1.90131]},"43o":{"weight":0.0,"played":[1.0,0.0],"evs":[0.0,-5.16373]},"53o":{"weight":0.0,"played":[1.0,0.0],"evs":[0.0,-5.14375]},"63o":{"weight":0.0,"played":[0.9999,1.0E-4],"evs":[0.0,-5.37523]},"73o":{"weight":0.0,"played":[1.0,0.0],"evs":[0.0,-6.00127]},"83o":{"weight":0.0,"played":[1.0,0.0],"evs":[0.0,-6.48074]},"93o":{"weight":0.0,"played":[1.0,0.0],"evs":[0.0,-5.70855]},"T3o":{"weight":0.0,"played":[1.0,0.0],"evs":[0.0,-5.96965]},"J3o":{"weight":0.0,"played":[1.0,0.0],"evs":[0.0,-6.03753]},"Q3o":{"weight":0.0,"played":[0.9999,1.0E-4],"evs":[0.0,-6.47685]},"K3o":{"weight":0.0,"played":[1.0,0.0],"evs":[0.0,-5.87129]},"A3o":{"weight":0.0,"played":[1.0,0.0],"evs":[0.0,-4.65441]},"42s":{"weight":0.0,"played":[1.0,0.0],"evs":[0.0,-4.15198]},"43s":{"weight":0.0,"played":[0.9986,0.0014],"evs":[0.0,-3.60801]},"44":{"weight":0.992,"played":[0.9934,0.0066],"evs":[0.0,-1.67021]},"54o":{"weight":0.0,"played":[1.0,0.0],"evs":[0.0,-4.18691]},"64o":{"weight":0.0,"played":[1.0,0.0],"evs":[0.0,-4.21874]},"74o":{"weight":0.0,"played":[0.9999,1.0E-4],"evs":[0.0,-4.85658]},"84o":{"weight":0.0,"played":[1.0,0.0],"evs":[0.0,-5.1762]},"94o":{"weight":0.0,"played":[1.0,0.0],"evs":[0.0,-5.76086]},"T4o":{"weight":0.0,"played":[1.0,0.0],"evs":[0.0,-5.91937]},"J4o":{"weight":0.0,"played":[1.0,0.0],"evs":[0.0,-5.80713]},"Q4o":{"weight":0.0,"played":[1.0,0.0],"evs":[0.0,-6.58232]},"K4o":{"weight":0.0,"played":[1.0,0.0],"evs":[0.0,-5.01647]},"A4o":{"weight":0.0,"played":[0.9999,1.0E-4],"evs":[0.0,-5.07925]},"52s":{"weight":0.0,"played":[0.9995,5.0E-4],"evs":[0.0,-4.02537]},"53s":{"weight":0.0,"played":[0.9991,9.0E-4],"evs":[0.0,-2.89918]},"54s":{"weight":0.0,"played":[1.0,0.0],"evs":[0.0,-3.53763]},"55":{"weight":0.9853,"played":[0.9338,0.0662],"evs":[0.0,-0.95993]},"65o":{"weight":0.0,"played":[1.0,0.0],"evs":[0.0,-4.46573]},"75o":{"weight":0.0,"played":[1.0,0.0],"evs":[0.0,-5.07159]},"85o":{"weight":0.0,"played":[0.9999,1.0E-4],"evs":[0.0,-4.4965]},"95o":{"weight":0.0,"played":[1.0,0.0],"evs":[0.0,-5.10951]},"T5o":{"weight":0.0,"played":[1.0,0.0],"evs":[0.0,-5.6782]},"J5o":{"weight":0.0,"played":[1.0,0.0],"evs":[0.0,-5.60251]},"Q5o":{"weight":0.0,"played":[1.0,0.0],"evs":[0.0,-6.08817]},"K5o":{"weight":0.0,"played":[0.9999,1.0E-4],"evs":[0.0,-5.2524]},"A5o":{"weight":0.0,"played":[1.0,0.0],"evs":[0.0,-4.05039]},"62s":{"weight":0.0,"played":[1.0,0.0],"evs":[0.0,-4.3227]},"63s":{"weight":0.0,"played":[0.9999,1.0E-4],"evs":[0.0,-3.54705]},"64s":{"weight":0.0,"played":[0.9999,1.0E-4],"evs":[0.0,-3.82723]},"65s":{"weight":0.3861,"played":[0.9997,3.0E-4],"evs":[0.0,-2.46717]},"66":{"weight":0.9571,"played":[0.987,0.013],"evs":[0.0,-0.60258]},"76o":{"weight":0.0,"played":[0.9999,1.0E-4],"evs":[0.0,-3.498]},"86o":{"weight":0.0,"played":[1.0,0.0],"evs":[0.0,-4.23902]},"96o":{"weight":0.0,"played":[1.0,0.0],"evs":[0.0,-4.8032]},"T6o":{"weight":0.0,"played":[1.0,0.0],"evs":[0.0,-5.09671]},"J6o":{"weight":0.0,"played":[1.0,0.0],"evs":[0.0,-6.12041]},"Q6o":{"weight":0.0,"played":[1.0,0.0],"evs":[0.0,-6.11201]},"K6o":{"weight":0.0,"played":[1.0,0.0],"evs":[0.0,-4.71889]},"A6o":{"weight":0.0,"played":[1.0,0.0],"evs":[0.0,-5.55754]},"72s":{"weight":0.0,"played":[1.0,0.0],"evs":[0.0,-5.34011]},"73s":{"weight":0.0,"played":[1.0,0.0],"evs":[0.0,-4.64486]},"74s":{"weight":0.0,"played":[1.0,0.0],"evs":[0.0,-3.43944]},"75s":{"weight":0.0,"played":[0.9991,9.0E-4],"evs":[0.0,-2.81909]},"76s":{"weight":0.9999,"played":[0.9981,0.0019],"evs":[0.0,-2.05398]},"77":{"weight":0.3718,"played":[0.0804,0.9196],"evs":[0.0,1.37564]},"87o":{"weight":0.0,"played":[1.0,0.0],"evs":[0.0,-3.49509]},"97o":{"weight":0.0,"played":[0.9999,1.0E-4],"evs":[0.0,-4.21872]},"T7o":{"weight":0.0,"played":[1.0,0.0],"evs":[0.0,-4.5799]},"J7o":{"weight":0.0,"played":[1.0,0.0],"evs":[0.0,-4.87756]},"Q7o":{"weight":0.0,"played":[0.9999,1.0E-4],"evs":[0.0,-5.95479]},"K7o":{"weight":0.0,"played":[0.9999,1.0E-4],"evs":[0.0,-5.06594]},"A7o":{"weight":0.0,"played":[1.0,0.0],"evs":[0.0,-5.10285]},"82s":{"weight":0.0,"played":[0.9998,2.0E-4],"evs":[0.0,-4.40818]},"83s":{"weight":0.0,"played":[1.0,0.0],"evs":[0.0,-4.48794]},"84s":{"weight":0.0,"played":[1.0,0.0],"evs":[0.0,-4.00584]},"85s":{"weight":0.0,"played":[0.9841,0.0159],"evs":[0.0,-3.2153]},"86s":{"weight":0.0,"played":[0.9977,0.0023],"evs":[0.0,-2.60139]},"87s":{"weight":0.9999,"played":[0.9998,2.0E-4],"evs":[0.0,-2.14484]},"88":{"weight":0.0649,"played":[0.0076,0.9924],"evs":[0.0,3.31693]},"98o":{"weight":0.0,"played":[0.9999,1.0E-4],"evs":[0.0,-2.49108]},"T8o":{"weight":0.0,"played":[1.0,0.0],"evs":[0.0,-3.65881]},"J8o":{"weight":0.0,"played":[1.0,0.0],"evs":[0.0,-3.8749]},"Q8o":{"weight":0.0,"played":[1.0,0.0],"evs":[0.0,-4.94112]},"K8o":{"weight":0.0,"played":[1.0,0.0],"evs":[0.0,-4.91951]},"A8o":{"weight":0.0,"played":[1.0,0.0],"evs":[0.0,-4.68575]},"92s":{"weight":0.0,"played":[0.9986,0.0014],"evs":[0.0,-4.59869]},"93s":{"weight":0.0,"played":[1.0,0.0],"evs":[0.0,-3.05518]},"94s":{"weight":0.0,"played":[1.0,0.0],"evs":[0.0,-3.63476]},"95s":{"weight":0.0,"played":[0.9985,0.0015],"evs":[0.0,-2.75139]},"96s":{"weight":0.0,"played":[0.9998,2.0E-4],"evs":[0.0,-2.40594]},"97s":{"weight":0.2234,"played":[0.9998,2.0E-4],"evs":[0.0,-2.35512]},"98s":{"weight":0.9999,"played":[1.0,0.0],"evs":[0.0,-1.08088]},"99":{"weight":0.0,"played":[0.0041,0.9959],"evs":[0.0,3.31477]},"T9o":{"weight":0.0,"played":[1.0,0.0],"evs":[0.0,-2.95334]},"J9o":{"weight":0.0,"played":[0.9999,1.0E-4],"evs":[0.0,-3.38049]},"Q9o":{"weight":0.0,"played":[1.0,0.0],"evs":[0.0,-4.35961]},"K9o":{"weight":0.0,"played":[1.0,0.0],"evs":[0.0,-3.94101]},"A9o":{"weight":0.9396,"played":[0.9999,1.0E-4],"evs":[0.0,-3.78041]},"T2s":{"weight":0.0,"played":[0.9999,1.0E-4],"evs":[0.0,-4.59023]},"T3s":{"weight":0.0,"played":[0.9998,2.0E-4],"evs":[0.0,-4.47553]},"T4s":{"weight":0.0,"played":[0.9995,5.0E-4],"evs":[0.0,-3.8519]},"T5s":{"weight":0.0,"played":[0.9998,2.0E-4],"evs":[0.0,-3.72997]},"T6s":{"weight":0.0,"played":[0.9999,1.0E-4],"evs":[0.0,-3.24905]},"T7s":{"weight":0.0,"played":[0.9998,2.0E-4],"evs":[0.0,-3.15133]},"T8s":{"weight":0.9997,"played":[1.0,0.0],"evs":[0.0,-1.91963]},"T9s":{"weight":1.0,"played":[0.9994,6.0E-4],"evs":[0.0,-1.21903]},"TT":{"weight":1.0E-4,"played":[0.0053,0.9947],"evs":[0.0,4.10997]},"JTo":{"weight":0.0,"played":[0.9998,2.0E-4],"evs":[0.0,-3.20294]},"QTo":{"weight":0.0041,"played":[0.9999,1.0E-4],"evs":[0.0,-4.20009]},"KTo":{"weight":0.896,"played":[0.9999,1.0E-4],"evs":[0.0,-3.098]},"ATo":{"weight":0.9796,"played":[0.9997,3.0E-4],"evs":[0.0,-2.88611]},"J2s":{"weight":0.0,"played":[0.9997,3.0E-4],"evs":[0.0,-3.52207]},"J3s":{"weight":0.0,"played":[1.0,0.0],"evs":[0.0,-3.94257]},"J4s":{"weight":0.0,"played":[0.9997,3.0E-4],"evs":[0.0,-3.75781]},"J5s":{"weight":0.0,"played":[0.9995,5.0E-4],"evs":[0.0,-3.52701]},"J6s":{"weight":0.0,"played":[0.9987,0.0013],"evs":[0.0,-3.43689]},"J7s":{"weight":0.0,"played":[1.0,0.0],"evs":[0.0,-2.99874]},"J8s":{"weight":0.9589,"played":[1.0,0.0],"evs":[0.0,-2.19844]},"J9s":{"weight":1.0,"played":[0.9979,0.0021],"evs":[0.0,-1.83993]},"JTs":{"weight":0.9543,"played":[0.9858,0.0142],"evs":[0.0,-0.70884]},"JJ":{"weight":0.5979,"played":[0.0,1.0],"evs":[0.0,5.48835]},"QJo":{"weight":0.9557,"played":[1.0,0.0],"evs":[0.0,-3.48911]},"KJo":{"weight":0.9766,"played":[1.0,0.0],"evs":[0.0,-2.73904]},"AJo":{"weight":0.955,"played":[0.9999,1.0E-4],"evs":[0.0,-2.26541]},"Q2s":{"weight":0.0,"played":[0.9999,1.0E-4],"evs":[0.0,-5.05604]},"Q3s":{"weight":0.0,"played":[1.0,0.0],"evs":[0.0,-5.52196]},"Q4s":{"weight":0.0,"played":[0.9993,7.0E-4],"evs":[0.0,-3.93104]},"Q5s":{"weight":0.0,"played":[1.0,0.0],"evs":[0.0,-3.66299]},"Q6s":{"weight":0.0,"played":[0.9996,4.0E-4],"evs":[0.0,-3.58205]},"Q7s":{"weight":0.0,"played":[0.9994,6.0E-4],"evs":[0.0,-4.33493]},"Q8s":{"weight":0.9056,"played":[0.9998,2.0E-4],"evs":[0.0,-2.7045]},"Q9s":{"weight":1.0,"played":[0.9999,1.0E-4],"evs":[0.0,-2.97291]},"QTs":{"weight":0.3175,"played":[0.9996,4.0E-4],"evs":[0.0,-2.13906]},"QJs":{"weight":0.8395,"played":[0.998,0.002],"evs":[0.0,-1.25997]},"QQ":{"weight":0.8713,"played":[0.0,1.0],"evs":[0.0,8.90425]},"KQo":{"weight":0.4016,"played":[0.9999,1.0E-4],"evs":[0.0,-2.20626]},"AQo":{"weight":0.0,"played":[0.8336,0.1664],"evs":[0.0,0.15983]},"K2s":{"weight":0.0,"played":[1.0,0.0],"evs":[0.0,-3.64895]},"K3s":{"weight":0.0,"played":[0.9999,1.0E-4],"evs":[0.0,-3.62392]},"K4s":{"weight":0.0,"played":[0.9999,1.0E-4],"evs":[0.0,-3.45884]},"K5s":{"weight":0.0,"played":[1.0,0.0],"evs":[0.0,-3.21036]},"K6s":{"weight":2.0E-4,"played":[0.9995,5.0E-4],"evs":[0.0,-2.86375]},"K7s":{"weight":0.8565,"played":[1.0,0.0],"evs":[0.0,-2.70197]},"K8s":{"weight":0.956,"played":[1.0,0.0],"evs":[0.0,-1.98029]},"K9s":{"weight":0.8253,"played":[0.9999,1.0E-4],"evs":[0.0,-2.57264]},"KTs":{"weight":0.0057,"played":[0.9614,0.0386],"evs":[0.0,-2.1297]},"KJs":{"weight":0.9691,"played":[0.8956,0.1044],"evs":[0.0,-0.15708]},"KQs":{"weight":1.0,"played":[0.9967,0.0033],"evs":[0.0,-1.38796]},"KK":{"weight":0.9795,"played":[0.0,1.0],"evs":[0.0,12.60115]},"AKo":{"weight":0.0,"played":[0.0,1.0],"evs":[0.0,3.05804]},"A2s":{"weight":0.8945,"played":[1.0,0.0],"evs":[0.0,-3.13842]},"A3s":{"weight":0.994,"played":[1.0,0.0],"evs":[0.0,-3.48596]},"A4s":{"weight":0.9893,"played":[0.9995,5.0E-4],"evs":[0.0,-3.08468]},"A5s":{"weight":0.9039,"played":[0.9999,1.0E-4],"evs":[0.0,-2.51488]},"A6s":{"weight":0.8679,"played":[0.9996,4.0E-4],"evs":[0.0,-3.41246]},"A7s":{"weight":0.998,"played":[0.9997,3.0E-4],"evs":[0.0,-3.38178]},"A8s":{"weight":0.9996,"played":[0.9931,0.0069],"evs":[0.0,-2.63778]},"A9s":{"weight":0.9997,"played":[1.0,0.0],"evs":[0.0,-1.53328]},"ATs":{"weight":1.0,"played":[0.9849,0.0151],"evs":[0.0,-0.44831]},"AJs":{"weight":1.0,"played":[0.5862,0.4138],"evs":[0.0,0.53496]},"AQs":{"weight":0.7427,"played":[0.0587,0.9413],"evs":[0.0,1.44109]},"AKs":{"weight":0.0,"played":[1.0E-4,0.9999],"evs":[0.0,4.38547]},"AA":{"weight":0.8425,"played":[0.0,1.0],"evs":[0.0,20.09644]}}}