{"player":4,"street":0,"children":2,"sequence":[{"player":0,"type":"F","amount":0,"street":0},{"player":1,"type":"R","amount":200000,"street":0},{"player":2,"type":"F","amount":0,"street":0},{"player":3,"type":"C","amount":200000,"street":0},{"player":4,"type":"R","amount":800000,"street":0},{"player":5,"type":"R","amount":895000,"street":0},{"player":1,"type":"C","amount":695000,"street":0},{"player":3,"type":"F","amount":0,"street":0}],"actions":[{"type":"F","amount":0},{"type":"C","amount":95000}],"hands":{"22":{"weight":0.0,"played":[7.0E-4,0.9993],"evs":[0.0,4.05318]},"32o":{"weight":0.0,"played":[0.001,0.999],"evs":[0.0,2.43716]},"42o":{"weight":0.0,"played":[4.0E-4,0.9996],"evs":[0.0,2.52074]},"52o":{"weight":0.0,"played":[0.001,0.999],"evs":[0.0,2.83408]},"62o":{"weight":0.0,"played":[0.0012,0.9988],"evs":[0.0,2.55544]},"72o":{"weight":0.0,"played":[0.0011,0.9989],"evs":[0.0,2.19864]},"82o":{"weight":0.0,"played":[3.0E-4,0.9997],"evs":[0.0,2.49645]},"92o":{"weight":0.0,"played":[0.0,1.0],"evs":[0.0,2.50275]},"T2o":{"weight":0.0,"played":[0.0,1.0],"evs":[0.0,2.18743]},"J2o":{"weight":0.0,"played":[0.0026,0.9974],"evs":[0.0,2.5286]},"Q2o":{"weight":0.0,"played":[8.0E-4,0.9992],"evs":[0.0,2.10536]},"K2o":{"weight":0.0,"played":[0.0,1.0],"evs":[0.0,2.42452]},"A2o":{"weight":0.0,"played":[4.0E-4,0.9996],"evs":[0.0,2.71181]},"32s":{"weight":0.0,"played":[5.0E-4,0.9995],"evs":[0.0,3.47007]},"33":{"weight":0.0,"played":[0.0,1.0],"evs":[0.0,4.16115]},"43o":{"weight":0.0,"played":[7.0E-4,0.9993],"evs":[0.0,3.03408]},"53o":{"weight":0.0,"played":[1.0E-4,0.9999],"evs":[0.0,3.06508]},"63o":{"weight":0.0,"played":[1.0E-4,0.9999],"evs":[0.0,2.78061]},"73o":{"weight":0.0,"played":[8.0E-4,0.9992],"evs":[0.0,2.47007]},"83o":{"weight":0.0,"played":[4.0E-4,0.9996],"evs":[0.0,2.59052]},"93o":{"weight":0.0,"played":[3.0E-4,0.9997],"evs":[0.0,2.62578]},"T3o":{"weight":0.0,"played":[4.0E-4,0.9996],"evs":[0.0,2.43497]},"J3o":{"weight":0.0,"played":[0.0,1.0],"evs":[0.0,2.50362]},"Q3o":{"weight":0.0,"played":[0.0,1.0],"evs":[0.0,2.33552]},"K3o":{"weight":0.0,"played":[3.0E-4,0.9997],"evs":[0.0,2.69777]},"A3o":{"weight":0.0,"played":[0.0,1.0],"evs":[0.0,2.81934]},"42s":{"weight":0.0,"played":[0.0,1.0],"evs":[0.0,3.30101]},"43s":{"weight":0.0,"played":[0.0,1.0],"evs":[0.0,4.0107]},"44":{"weight":0.0,"played":[0.0,1.0],"evs":[0.0,4.7591]},"54o":{"weight":0.0,"played":[1.0E-4,0.9999],"evs":[0.0,3.45157]},"64o":{"weight":0.0,"played":[5.0E-4,0.9995],"evs":[0.0,3.26753]},"74o":{"weight":0.0,"played":[6.0E-4,0.9994],"evs":[0.0,2.81682]},"84o":{"weight":0.0,"played":[8.0E-4,0.9992],"evs":[0.0,2.98068]},"94o":{"weight":0.0,"played":[2.0E-4,0.9998],"evs":[0.0,2.77573]},"T4o":{"weight":0.0,"played":[1.0E-4,0.9999],"evs":[0.0,2.50191]},"J4o":{"weight":0.0,"played":[0.0,1.0],"evs":[0.0,2.613]},"Q4o":{"weight":0.0,"played":[0.0,1.0],"evs":[0.0,2.37422]},"K4o":{"weight":0.0,"played":[0.0,1.0],"evs":[0.0,2.72235]},"A4o":{"weight":0.0,"played":[0.0,1.0],"evs":[0.0,3.13558]},"52s":{"weight":0.0,"played":[0.0012,0.9988],"evs":[0.0,3.5913]},"53s":{"weight":0.0,"played":[0.0012,0.9988],"evs":[0.0,4.10008]},"54s":{"weight":0.0,"played":[1.0E-4,0.9999],"evs":[0.0,4.31918]},"55":{"weight":0.0,"played":[2.0E-4,0.9998],"evs":[0.0,5.17837]},"65o":{"weight":0.0,"played":[0.0,1.0],"evs":[0.0,3.644]},"75o":{"weight":0.0,"played":[9.0E-4,0.9991],"evs":[0.0,3.18709]},"85o":{"weight":0.0,"played":[1.0E-4,0.9999],"evs":[0.0,3.01884]},"95o":{"weight":0.0,"played":[5.0E-4,0.9995],"evs":[0.0,3.06624]},"T5o":{"weight":0.0,"played":[9.0E-4,0.9991],"evs":[0.0,2.47665]},"J5o":{"weight":0.0,"played":[0.0,1.0],"evs":[0.0,2.68403]},"Q5o":{"weight":0.0,"played":[6.0E-4,0.9994],"evs":[0.0,2.43013]},"K5o":{"weight":0.0,"played":[0.0,1.0],"evs":[0.0,2.62941]},"A5o":{"weight":0.0014,"played":[0.0,1.0],"evs":[0.0,3.07923]},"62s":{"weight":0.0,"played":[0.0,1.0],"evs":[0.0,3.17055]},"63s":{"weight":0.0,"played":[1.0E-4,0.9999],"evs":[0.0,3.48609]},"64s":{"weight":0.0,"played":[4.0E-4,0.9996],"evs":[0.0,4.15252]},"65s":{"weight":0.0,"played":[0.0,1.0],"evs":[0.0,4.24344]},"66":{"weight":0.1528,"played":[0.0,1.0],"evs":[0.0,5.24773]},"76o":{"weight":0.0,"played":[0.0,1.0],"evs":[0.0,3.71573]},"86o":{"weight":0.0,"played":[3.0E-4,0.9997],"evs":[0.0,3.38104]},"96o":{"weight":0.0,"played":[0.0,1.0],"evs":[0.0,3.26804]},"T6o":{"weight":0.0,"played":[9.0E-4,0.9991],"evs":[0.0,2.71152]},"J6o":{"weight":0.0,"played":[0.0,1.0],"evs":[0.0,2.5401]},"Q6o":{"weight":0.0,"played":[6.0E-4,0.9994],"evs":[0.0,2.24113]},"K6o":{"weight":0.0,"played":[0.0,1.0],"evs":[0.0,2.86709]},"A6o":{"weight":0.0,"played":[0.0,1.0],"evs":[0.0,2.49104]},"72s":{"weight":0.0,"played":[0.0,1.0],"evs":[0.0,2.8902]},"73s":{"weight":0.0,"played":[0.0,1.0],"evs":[0.0,3.16055]},"74s":{"weight":0.0,"played":[6.0E-4,0.9994],"evs":[0.0,3.65836]},"75s":{"weight":0.0,"played":[0.0,1.0],"evs":[0.0,3.80195]},"76s":{"weight":0.1,"played":[1.0E-4,0.9999],"evs":[0.0,4.1534]},"77":{"weight":0.2272,"played":[0.0,1.0],"evs":[0.0,5.96716]},"87o":{"weight":0.0,"played":[0.0,1.0],"evs":[0.0,3.79055]},"97o":{"weight":0.0,"played":[0.0,1.0],"evs":[0.0,3.54666]},"T7o":{"weight":0.0,"played":[0.0,1.0],"evs":[0.0,3.09696]},"J7o":{"weight":0.0,"played":[1.0E-4,0.9999],"evs":[0.0,3.01387]},"Q7o":{"weight":0.0,"played":[3.0E-4,0.9997],"evs":[0.0,2.38705]},"K7o":{"weight":0.0,"played":[1.0E-4,0.9999],"evs":[0.0,2.84763]},"A7o":{"weight":0.0019,"played":[0.0,1.0],"evs":[0.0,2.73677]},"82s":{"weight":0.0,"played":[0.0013,0.9987],"evs":[0.0,3.42158]},"83s":{"weight":0.0,"played":[0.0,1.0],"evs":[0.0,3.28557]},"84s":{"weight":0.0,"played":[3.0E-4,0.9997],"evs":[0.0,3.72696]},"85s":{"weight":0.0,"played":[0.0,1.0],"evs":[0.0,3.82435]},"86s":{"weight":0.0,"played":[0.0,1.0],"evs":[0.0,4.35481]},"87s":{"weight":0.128,"played":[0.0,1.0],"evs":[0.0,4.39891]},"88":{"weight":0.3489,"played":[0.0,1.0],"evs":[0.0,6.49507]},"98o":{"weight":0.0,"played":[0.0,1.0],"evs":[0.0,3.84727]},"T8o":{"weight":0.0,"played":[0.0,1.0],"evs":[0.0,3.32472]},"J8o":{"weight":0.0,"played":[0.0,1.0],"evs":[0.0,3.19953]},"Q8o":{"weight":0.0,"played":[0.0,1.0],"evs":[0.0,2.79854]},"K8o":{"weight":0.0,"played":[0.0,1.0],"evs":[0.0,3.24787]},"A8o":{"weight":0.162,"played":[0.0,1.0],"evs":[0.0,2.83901]},"92s":{"weight":0.0,"played":[5.0E-4,0.9995],"evs":[0.0,3.63652]},"93s":{"weight":0.0,"played":[0.0022,0.9978],"evs":[0.0,3.48458]},"94s":{"weight":0.0,"played":[1.0E-4,0.9999],"evs":[0.0,3.58851]},"95s":{"weight":0.0,"played":[2.0E-4,0.9998],"evs":[0.0,4.07373]},"96s":{"weight":0.0,"played":[1.0E-4,0.9999],"evs":[0.0,3.9023]},"97s":{"weight":0.0,"played":[0.0,1.0],"evs":[0.0,4.17117]},"98s":{"weight":0.2321,"played":[0.0,1.0],"evs":[0.0,4.58509]},"99":{"weight":0.0048,"played":[0.0,1.0],"evs":[0.0,6.94625]},"T9o":{"weight":0.0,"played":[0.0,1.0],"evs":[0.0,3.86412]},"J9o":{"weight":0.0,"played":[0.0,1.0],"evs":[0.0,3.58852]},"Q9o":{"weight":0.0,"played":[1.0E-4,0.9999],"evs":[0.0,2.93113]},"K9o":{"weight":0.0,"played":[0.0,1.0],"evs":[0.0,3.30181]},"A9o":{"weight":0.5613,"played":[0.0,1.0],"evs":[0.0,3.17234]},"T2s":{"weight":0.0,"played":[0.0,1.0],"evs":[0.0,3.31042]},"T3s":{"weight":0.0,"played":[0.0,1.0],"evs":[0.0,3.28823]},"T4s":{"weight":0.0,"played":[3.0E-4,0.9997],"evs":[0.0,3.31449]},"T5s":{"weight":0.0,"played":[5.0E-4,0.9995],"evs":[0.0,2.64797]},"T6s":{"weight":0.0,"played":[1.0E-4,0.9999],"evs":[0.0,3.55575]},"T7s":{"weight":0.0,"played":[0.0022,0.9978],"evs":[0.0,4.20576]},"T8s":{"weight":0.0018,"played":[0.0,1.0],"evs":[0.0,4.35513]},"T9s":{"weight":1.0E-4,"played":[1.0E-4,0.9999],"evs":[0.0,4.7784]},"TT":{"weight":0.035,"played":[0.0,1.0],"evs":[0.0,7.55063]},"JTo":{"weight":0.0,"played":[0.0,1.0],"evs":[0.0,3.80416]},"QTo":{"weight":0.0,"played":[5.0E-4,0.9995],"evs":[0.0,3.22536]},"KTo":{"weight":0.0,"played":[0.0,1.0],"evs":[0.0,3.51106]},"ATo":{"weight":0.4783,"played":[0.0,1.0],"evs":[0.0,3.68768]},"J2s":{"weight":0.0,"played":[5.0E-4,0.9995],"evs":[0.0,3.4261]},"J3s":{"weight":0.0,"played":[3.0E-4,0.9997],"evs":[0.0,3.32241]},"J4s":{"weight":0.0,"played":[0.0,1.0],"evs":[0.0,3.69331]},"J5s":{"weight":0.0,"played":[0.0,1.0],"evs":[0.0,3.50037]},"J6s":{"weight":0.0,"played":[0.0,1.0],"evs":[0.0,3.54763]},"J7s":{"weight":0.0,"played":[0.0,1.0],"evs":[0.0,4.14085]},"J8s":{"weight":0.0,"played":[0.0,1.0],"evs":[0.0,4.45659]},"J9s":{"weight":0.0033,"played":[0.0013,0.9987],"evs":[0.0,4.53329]},"JTs":{"weight":0.0071,"played":[0.0,1.0],"evs":[0.0,4.30504]},"JJ":{"weight":0.6326,"played":[0.0,1.0],"evs":[0.0,8.68123]},"QJo":{"weight":0.0282,"played":[0.0,1.0],"evs":[0.0,3.34777]},"KJo":{"weight":0.0,"played":[0.0,1.0],"evs":[0.0,3.98082]},"AJo":{"weight":0.4589,"played":[0.0,1.0],"evs":[0.0,4.60322]},"Q2s":{"weight":0.0,"played":[4.0E-4,0.9996],"evs":[0.0,2.80508]},"Q3s":{"weight":0.0,"played":[0.0,1.0],"evs":[0.0,3.27732]},"Q4s":{"weight":0.0,"played":[6.0E-4,0.9994],"evs":[0.0,3.36759]},"Q5s":{"weight":0.0,"played":[0.0,1.0],"evs":[0.0,3.50687]},"Q6s":{"weight":1.0E-4,"played":[0.0,1.0],"evs":[0.0,3.55076]},"Q7s":{"weight":0.0102,"played":[1.0E-4,0.9999],"evs":[0.0,3.25167]},"Q8s":{"weight":0.981,"played":[1.0E-4,0.9999],"evs":[0.0,3.89601]},"Q9s":{"weight":0.5138,"played":[0.0,1.0],"evs":[0.0,3.80358]},"QTs":{"weight":0.0307,"played":[0.0,1.0],"evs":[0.0,4.13909]},"QJs":{"weight":0.3429,"played":[2.0E-4,0.9998],"evs":[0.0,4.17875]},"QQ":{"weight":0.9998,"played":[0.0,1.0],"evs":[0.0,10.67934]},"KQo":{"weight":0.0587,"played":[0.0,1.0],"evs":[0.0,3.961]},"AQo":{"weight":0.0613,"played":[0.0,1.0],"evs":[0.0,5.90364]},"K2s":{"weight":0.0,"played":[0.0,1.0],"evs":[0.0,3.38507]},"K3s":{"weight":0.0,"played":[7.0E-4,0.9993],"evs":[0.0,3.58133]},"K4s":{"weight":0.0,"played":[0.0,1.0],"evs":[0.0,3.44113]},"K5s":{"weight":0.0029,"played":[0.0,1.0],"evs":[0.0,3.72591]},"K6s":{"weight":0.6744,"played":[0.0,1.0],"evs":[0.0,3.61925]},"K7s":{"weight":0.9645,"played":[1.0E-4,0.9999],"evs":[0.0,3.77133]},"K8s":{"weight":0.0132,"played":[1.0E-4,0.9999],"evs":[0.0,3.97]},"K9s":{"weight":0.2628,"played":[1.0E-4,0.9999],"evs":[0.0,4.31725]},"KTs":{"weight":0.0,"played":[0.0,1.0],"evs":[0.0,4.53401]},"KJs":{"weight":5.0E-4,"played":[0.0,1.0],"evs":[0.0,4.72041]},"KQs":{"weight":0.0431,"played":[0.0,1.0],"evs":[0.0,4.7958]},"KK":{"weight":1.0,"played":[0.0,1.0],"evs":[0.0,12.99021]},"AKo":{"weight":0.1996,"played":[0.0,1.0],"evs":[0.0,7.32189]},"A2s":{"weight":0.2012,"played":[0.0,1.0],"evs":[0.0,4.04804]},"A3s":{"weight":0.0728,"played":[4.0E-4,0.9996],"evs":[0.0,3.76686]},"A4s":{"weight":0.0117,"played":[2.0E-4,0.9998],"evs":[0.0,4.27608]},"A5s":{"weight":0.0,"played":[3.0E-4,0.9997],"evs":[0.0,4.56052]},"A6s":{"weight":0.0888,"played":[0.0,1.0],"evs":[0.0,3.40304]},"A7s":{"weight":0.9933,"played":[0.0,1.0],"evs":[0.0,3.81251]},"A8s":{"weight":0.0355,"played":[0.0,1.0],"evs":[0.0,3.82373]},"A9s":{"weight":3.0E-4,"played":[0.0,1.0],"evs":[0.0,3.92294]},"ATs":{"weight":0.0,"played":[0.0,1.0],"evs":[0.0,4.23515]},"AJs":{"weight":0.3601,"played":[0.0,1.0],"evs":[0.0,6.20945]},"AQs":{"weight":0.9901,"played":[0.0,1.0],"evs":[0.0,6.8699]},"AKs":{"weight":0.9959,"played":[0.0,1.0],"evs":[0.0,8.08274]},"AA":{"weight":0.9992,"played":[0.0,1.0],"evs":[0.0,18.14682]}}}