{"player":5,"street":0,"children":2,"sequence":[{"player":0,"type":"F","amount":0,"street":0},{"player":1,"type":"R","amount":200000,"street":0},{"player":2,"type":"F","amount":0,"street":0},{"player":3,"type":"R","amount":2395000,"street":0},{"player":4,"type":"R","amount":3375000,"street":0}],"actions":[{"type":"F","amount":0,"node":236},{"type":"C","amount":795000,"node":237}],"hands":{"22":{"weight":1.0,"played":[0.9998,2.0E-4],"evs":[0.0,-0.87977]},"32o":{"weight":1.0,"played":[1.0,0.0],"evs":[0.0,-2.06624]},"42o":{"weight":1.0,"played":[1.0,0.0],"evs":[0.0,-1.91597]},"52o":{"weight":1.0,"played":[1.0,0.0],"evs":[0.0,-1.93546]},"62o":{"weight":1.0,"played":[1.0,0.0],"evs":[0.0,-2.14617]},"72o":{"weight":1.0,"played":[1.0,0.0],"evs":[0.0,-2.56257]},"82o":{"weight":1.0,"played":[1.0,0.0],"evs":[0.0,-2.41355]},"92o":{"weight":1.0,"played":[1.0,0.0],"evs":[0.0,-2.428]},"T2o":{"weight":1.0,"played":[1.0,0.0],"evs":[0.0,-2.32599]},"J2o":{"weight":1.0,"played":[1.0,0.0],"evs":[0.0,-1.96377]},"Q2o":{"weight":1.0,"played":[1.0,0.0],"evs":[0.0,-2.4091]},"K2o":{"weight":1.0,"played":[1.0,0.0],"evs":[0.0,-2.24943]},"A2o":{"weight":1.0,"played":[1.0,0.0],"evs":[0.0,-2.10785]},"32s":{"weight":1.0,"played":[1.0,0.0],"evs":[0.0,-1.39224]},"33":{"weight":1.0,"played":[0.9999,1.0E-4],"evs":[0.0,-0.7419]},"43o":{"weight":1.0,"played":[1.0,0.0],"evs":[0.0,-1.50438]},"53o":{"weight":1.0,"played":[1.0,0.0],"evs":[0.0,-1.36349]},"63o":{"weight":1.0,"played":[1.0,0.0],"evs":[0.0,-1.7201]},"73o":{"weight":1.0,"played":[1.0,0.0],"evs":[0.0,-2.12809]},"83o":{"weight":1.0,"played":[1.0,0.0],"evs":[0.0,-2.52495]},"93o":{"weight":1.0,"played":[1.0,0.0],"evs":[0.0,-2.34914]},"T3o":{"weight":1.0,"played":[1.0,0.0],"evs":[0.0,-2.12351]},"J3o":{"weight":1.0,"played":[1.0,0.0],"evs":[0.0,-1.97286]},"Q3o":{"weight":1.0,"played":[1.0,0.0],"evs":[0.0,-2.31913]},"K3o":{"weight":1.0,"played":[1.0,0.0],"evs":[0.0,-2.20882]},"A3o":{"weight":1.0,"played":[1.0,0.0],"evs":[0.0,-1.96446]},"42s":{"weight":1.0,"played":[1.0,0.0],"evs":[0.0,-1.11912]},"43s":{"weight":1.0,"played":[0.9998,2.0E-4],"evs":[0.0,-0.80089]},"44":{"weight":1.0,"played":[0.9999,1.0E-4],"evs":[0.0,-0.53175]},"54o":{"weight":1.0,"played":[1.0,0.0],"evs":[0.0,-1.21062]},"64o":{"weight":1.0,"played":[1.0,0.0],"evs":[0.0,-1.49009]},"74o":{"weight":1.0,"played":[1.0,0.0],"evs":[0.0,-1.72924]},"84o":{"weight":1.0,"played":[1.0,0.0],"evs":[0.0,-2.10466]},"94o":{"weight":1.0,"played":[1.0,0.0],"evs":[0.0,-2.34328]},"T4o":{"weight":1.0,"played":[1.0,0.0],"evs":[0.0,-2.16765]},"J4o":{"weight":1.0,"played":[1.0,0.0],"evs":[0.0,-1.78448]},"Q4o":{"weight":1.0,"played":[1.0,0.0],"evs":[0.0,-2.07535]},"K4o":{"weight":1.0,"played":[1.0,0.0],"evs":[0.0,-1.94781]},"A4o":{"weight":1.0,"played":[1.0,0.0],"evs":[0.0,-1.98936]},"52s":{"weight":1.0,"played":[1.0,0.0],"evs":[0.0,-1.32506]},"53s":{"weight":1.0,"played":[0.9999,1.0E-4],"evs":[0.0,-0.68049]},"54s":{"weight":1.0,"played":[1.0,0.0],"evs":[0.0,-0.55626]},"55":{"weight":1.0,"played":[0.9906,0.0094],"evs":[0.0,-0.56728]},"65o":{"weight":1.0,"played":[1.0,0.0],"evs":[0.0,-1.20669]},"75o":{"weight":1.0,"played":[1.0,0.0],"evs":[0.0,-1.45218]},"85o":{"weight":1.0,"played":[1.0,0.0],"evs":[0.0,-1.75264]},"95o":{"weight":1.0,"played":[1.0,0.0],"evs":[0.0,-1.93869]},"T5o":{"weight":1.0,"played":[1.0,0.0],"evs":[0.0,-2.1169]},"J5o":{"weight":1.0,"played":[1.0,0.0],"evs":[0.0,-1.81349]},"Q5o":{"weight":1.0,"played":[1.0,0.0],"evs":[0.0,-2.067]},"K5o":{"weight":1.0,"played":[1.0,0.0],"evs":[0.0,-1.92853]},"A5o":{"weight":1.0,"played":[1.0,0.0],"evs":[0.0,-1.8288]},"62s":{"weight":1.0,"played":[1.0,0.0],"evs":[0.0,-1.28504]},"63s":{"weight":1.0,"played":[1.0,0.0],"evs":[0.0,-1.2408]},"64s":{"weight":1.0,"played":[1.0,0.0],"evs":[0.0,-0.73855]},"65s":{"weight":1.0,"played":[0.9986,0.0014],"evs":[0.0,-0.59296]},"66":{"weight":1.0,"played":[0.9862,0.0138],"evs":[0.0,-0.42869]},"76o":{"weight":1.0,"played":[1.0,0.0],"evs":[0.0,-1.36613]},"86o":{"weight":1.0,"played":[1.0,0.0],"evs":[0.0,-1.61494]},"96o":{"weight":1.0,"played":[1.0,0.0],"evs":[0.0,-1.84573]},"T6o":{"weight":1.0,"played":[1.0,0.0],"evs":[0.0,-1.96429]},"J6o":{"weight":1.0,"played":[1.0,0.0],"evs":[0.0,-1.78668]},"Q6o":{"weight":1.0,"played":[1.0,0.0],"evs":[0.0,-2.20208]},"K6o":{"weight":1.0,"played":[1.0,0.0],"evs":[0.0,-1.98868]},"A6o":{"weight":1.0,"played":[1.0,0.0],"evs":[0.0,-2.3011]},"72s":{"weight":1.0,"played":[1.0,0.0],"evs":[0.0,-1.89102]},"73s":{"weight":1.0,"played":[0.9999,1.0E-4],"evs":[0.0,-1.3203]},"74s":{"weight":1.0,"played":[1.0,0.0],"evs":[0.0,-1.05352]},"75s":{"weight":1.0,"played":[1.0,0.0],"evs":[0.0,-0.66084]},"76s":{"weight":1.0,"played":[1.0,0.0],"evs":[0.0,-0.57756]},"77":{"weight":1.0,"played":[0.9951,0.0049],"evs":[0.0,-0.59918]},"87o":{"weight":1.0,"played":[1.0,0.0],"evs":[0.0,-1.53987]},"97o":{"weight":1.0,"played":[1.0,0.0],"evs":[0.0,-1.62326]},"T7o":{"weight":1.0,"played":[1.0,0.0],"evs":[0.0,-1.64246]},"J7o":{"weight":1.0,"played":[1.0,0.0],"evs":[0.0,-1.70757]},"Q7o":{"weight":1.0,"played":[1.0,0.0],"evs":[0.0,-2.17613]},"K7o":{"weight":1.0,"played":[1.0,0.0],"evs":[0.0,-1.95585]},"A7o":{"weight":1.0,"played":[1.0,0.0],"evs":[0.0,-2.26112]},"82s":{"weight":1.0,"played":[1.0,0.0],"evs":[0.0,-1.55267]},"83s":{"weight":1.0,"played":[1.0,0.0],"evs":[0.0,-1.66367]},"84s":{"weight":1.0,"played":[1.0,0.0],"evs":[0.0,-1.47477]},"85s":{"weight":1.0,"played":[0.9998,2.0E-4],"evs":[0.0,-1.10967]},"86s":{"weight":1.0,"played":[0.9995,5.0E-4],"evs":[0.0,-0.63568]},"87s":{"weight":1.0,"played":[0.9993,7.0E-4],"evs":[0.0,-0.75283]},"88":{"weight":1.0,"played":[0.9793,0.0207],"evs":[0.0,-0.2574]},"98o":{"weight":1.0,"played":[1.0,0.0],"evs":[0.0,-1.55503]},"T8o":{"weight":1.0,"played":[1.0,0.0],"evs":[0.0,-1.5021]},"J8o":{"weight":1.0,"played":[1.0,0.0],"evs":[0.0,-1.34805]},"Q8o":{"weight":1.0,"played":[1.0,0.0],"evs":[0.0,-2.0762]},"K8o":{"weight":1.0,"played":[1.0,0.0],"evs":[0.0,-2.03229]},"A8o":{"weight":1.0,"played":[1.0,0.0],"evs":[0.0,-2.17976]},"92s":{"weight":1.0,"played":[1.0,0.0],"evs":[0.0,-1.59681]},"93s":{"weight":1.0,"played":[1.0,0.0],"evs":[0.0,-1.49738]},"94s":{"weight":1.0,"played":[1.0,0.0],"evs":[0.0,-1.27114]},"95s":{"weight":1.0,"played":[1.0,0.0],"evs":[0.0,-1.20087]},"96s":{"weight":1.0,"played":[0.9988,0.0012],"evs":[0.0,-1.06679]},"97s":{"weight":1.0,"played":[0.999,0.001],"evs":[0.0,-0.75958]},"98s":{"weight":1.0,"played":[0.9993,7.0E-4],"evs":[0.0,-0.58201]},"99":{"weight":1.0,"played":[0.0,1.0],"evs":[0.0,0.59149]},"T9o":{"weight":1.0,"played":[1.0,0.0],"evs":[0.0,-1.20424]},"J9o":{"weight":1.0,"played":[1.0,0.0],"evs":[0.0,-1.17764]},"Q9o":{"weight":1.0,"played":[1.0,0.0],"evs":[0.0,-1.84677]},"K9o":{"weight":1.0,"played":[1.0,0.0],"evs":[0.0,-1.67165]},"A9o":{"weight":1.0,"played":[1.0,0.0],"evs":[0.0,-2.12003]},"T2s":{"weight":1.0,"played":[1.0,0.0],"evs":[0.0,-1.34928]},"T3s":{"weight":1.0,"played":[1.0,0.0],"evs":[0.0,-1.46867]},"T4s":{"weight":1.0,"played":[1.0,0.0],"evs":[0.0,-1.34537]},"T5s":{"weight":1.0,"played":[1.0,0.0],"evs":[0.0,-1.17222]},"T6s":{"weight":1.0,"played":[1.0,0.0],"evs":[0.0,-1.03622]},"T7s":{"weight":1.0,"played":[0.9999,1.0E-4],"evs":[0.0,-0.81984]},"T8s":{"weight":1.0,"played":[0.9998,2.0E-4],"evs":[0.0,-0.57843]},"T9s":{"weight":1.0,"played":[0.9989,0.0011],"evs":[0.0,-0.47987]},"TT":{"weight":1.0,"played":[0.0,1.0],"evs":[0.0,1.86998]},"JTo":{"weight":1.0,"played":[0.9999,1.0E-4],"evs":[0.0,-0.83682]},"QTo":{"weight":1.0,"played":[1.0,0.0],"evs":[0.0,-1.28152]},"KTo":{"weight":1.0,"played":[1.0,0.0],"evs":[0.0,-1.20163]},"ATo":{"weight":1.0,"played":[1.0,0.0],"evs":[0.0,-1.44543]},"J2s":{"weight":1.0,"played":[0.9999,1.0E-4],"evs":[0.0,-1.2815]},"J3s":{"weight":1.0,"played":[1.0,0.0],"evs":[0.0,-1.06661]},"J4s":{"weight":1.0,"played":[1.0,0.0],"evs":[0.0,-0.96556]},"J5s":{"weight":1.0,"played":[1.0,0.0],"evs":[0.0,-0.97557]},"J6s":{"weight":1.0,"played":[1.0,0.0],"evs":[0.0,-0.92564]},"J7s":{"weight":1.0,"played":[1.0,0.0],"evs":[0.0,-0.90749]},"J8s":{"weight":1.0,"played":[1.0,0.0],"evs":[0.0,-0.76541]},"J9s":{"weight":1.0,"played":[1.0,0.0],"evs":[0.0,-0.47534]},"JTs":{"weight":1.0,"played":[0.538,0.462],"evs":[0.0,-0.15125]},"JJ":{"weight":1.0,"played":[0.0,1.0],"evs":[0.0,2.79681]},"QJo":{"weight":1.0,"played":[1.0,0.0],"evs":[0.0,-0.97301]},"KJo":{"weight":1.0,"played":[1.0,0.0],"evs":[0.0,-0.76534]},"AJo":{"weight":1.0,"played":[1.0,0.0],"evs":[0.0,-1.11032]},"Q2s":{"weight":1.0,"played":[1.0,0.0],"evs":[0.0,-1.64587]},"Q3s":{"weight":1.0,"played":[1.0,0.0],"evs":[0.0,-1.65908]},"Q4s":{"weight":1.0,"played":[1.0,0.0],"evs":[0.0,-1.48848]},"Q5s":{"weight":1.0,"played":[1.0,0.0],"evs":[0.0,-1.45077]},"Q6s":{"weight":1.0,"played":[1.0,0.0],"evs":[0.0,-1.1643]},"Q7s":{"weight":1.0,"played":[0.9998,2.0E-4],"evs":[0.0,-1.52245]},"Q8s":{"weight":1.0,"played":[1.0,0.0],"evs":[0.0,-1.23428]},"Q9s":{"weight":1.0,"played":[0.9991,9.0E-4],"evs":[0.0,-0.94158]},"QTs":{"weight":1.0,"played":[0.9953,0.0047],"evs":[0.0,-0.49082]},"QJs":{"weight":1.0,"played":[0.8286,0.1714],"evs":[0.0,-0.12253]},"QQ":{"weight":1.0,"played":[0.0,1.0],"evs":[0.0,4.37305]},"KQo":{"weight":1.0,"played":[0.9999,1.0E-4],"evs":[0.0,-1.27701]},"AQo":{"weight":1.0,"played":[0.9993,7.0E-4],"evs":[0.0,-0.59219]},"K2s":{"weight":1.0,"played":[0.9998,2.0E-4],"evs":[0.0,-1.26963]},"K3s":{"weight":1.0,"played":[1.0,0.0],"evs":[0.0,-1.3785]},"K4s":{"weight":1.0,"played":[1.0,0.0],"evs":[0.0,-1.26644]},"K5s":{"weight":1.0,"played":[0.9995,5.0E-4],"evs":[0.0,-0.95181]},"K6s":{"weight":1.0,"played":[0.9999,1.0E-4],"evs":[0.0,-1.1687]},"K7s":{"weight":1.0,"played":[1.0,0.0],"evs":[0.0,-1.23043]},"K8s":{"weight":1.0,"played":[0.999,0.001],"evs":[0.0,-0.98603]},"K9s":{"weight":1.0,"played":[0.9998,2.0E-4],"evs":[0.0,-0.93153]},"KTs":{"weight":1.0,"played":[0.9538,0.0462],"evs":[0.0,-0.28967]},"KJs":{"weight":1.0,"played":[0.4297,0.5703],"evs":[0.0,-0.02168]},"KQs":{"weight":1.0,"played":[0.9999,1.0E-4],"evs":[0.0,-0.49834]},"KK":{"weight":1.0,"played":[0.0,1.0],"evs":[0.0,6.20608]},"AKo":{"weight":1.0,"played":[0.0,1.0],"evs":[0.0,0.82923]},"A2s":{"weight":1.0,"played":[1.0,0.0],"evs":[0.0,-1.13984]},"A3s":{"weight":1.0,"played":[1.0,0.0],"evs":[0.0,-1.18385]},"A4s":{"weight":1.0,"played":[1.0,0.0],"evs":[0.0,-0.80595]},"A5s":{"weight":1.0,"played":[0.9999,1.0E-4],"evs":[0.0,-0.85966]},"A6s":{"weight":1.0,"played":[1.0,0.0],"evs":[0.0,-1.18878]},"A7s":{"weight":1.0,"played":[1.0,0.0],"evs":[0.0,-1.13362]},"A8s":{"weight":1.0,"played":[1.0,0.0],"evs":[0.0,-1.32708]},"A9s":{"weight":1.0,"played":[0.9999,1.0E-4],"evs":[0.0,-1.25056]},"ATs":{"weight":1.0,"played":[0.9999,1.0E-4],"evs":[0.0,-0.70897]},"AJs":{"weight":1.0,"played":[0.9804,0.0196],"evs":[0.0,-0.2819]},"AQs":{"weight":1.0,"played":[0.5071,0.4929],"evs":[0.0,-0.01584]},"AKs":{"weight":1.0,"played":[0.0,1.0],"evs":[0.0,1.70471]},"AA":{"weight":1.0,"played":[0.0,1.0],"evs":[0.0,9.0814]}}}