{"player":3,"street":0,"children":4,"sequence":[{"player":0,"type":"F","amount":0,"street":0},{"player":1,"type":"R","amount":200000,"street":0},{"player":2,"type":"C","amount":200000,"street":0}],"actions":[{"type":"F","amount":0,"node":239},{"type":"C","amount":200000,"node":294},{"type":"R","amount":600000,"node":379},{"type":"R","amount":2395000,"node":421}],"hands":{"22":{"weight":1.0,"played":[1.0,0.0,0.0,0.0],"evs":[0.0,-0.07179,-0.86886,-0.95554]},"32o":{"weight":1.0,"played":[1.0,0.0,0.0,0.0],"evs":[0.0,-0.74395,-2.36824,-4.52325]},"42o":{"weight":1.0,"played":[1.0,0.0,0.0,0.0],"evs":[0.0,-0.69718,-2.30603,-4.28466]},"52o":{"weight":1.0,"played":[1.0,0.0,0.0,0.0],"evs":[0.0,-0.71033,-2.27126,-4.20885]},"62o":{"weight":1.0,"played":[1.0,0.0,0.0,0.0],"evs":[0.0,-0.70895,-2.16034,-4.14907]},"72o":{"weight":1.0,"played":[1.0,0.0,0.0,0.0],"evs":[0.0,-0.81218,-2.32598,-4.59495]},"82o":{"weight":1.0,"played":[1.0,0.0,0.0,0.0],"evs":[0.0,-0.75286,-2.18402,-4.22889]},"92o":{"weight":1.0,"played":[1.0,0.0,0.0,0.0],"evs":[0.0,-0.7386,-2.09571,-4.22315]},"T2o":{"weight":1.0,"played":[1.0,0.0,0.0,0.0],"evs":[0.0,-0.87432,-2.27516,-4.73685]},"J2o":{"weight":1.0,"played":[1.0,0.0,0.0,0.0],"evs":[0.0,-0.82886,-2.25313,-4.47849]},"Q2o":{"weight":1.0,"played":[1.0,0.0,0.0,0.0],"evs":[0.0,-0.71956,-2.02027,-3.8222]},"K2o":{"weight":1.0,"played":[1.0,0.0,0.0,0.0],"evs":[0.0,-0.58667,-1.67396,-2.57141]},"A2o":{"weight":1.0,"played":[1.0,0.0,0.0,0.0],"evs":[0.0,-0.46495,-0.95644,-1.43491]},"32s":{"weight":1.0,"played":[1.0,0.0,0.0,0.0],"evs":[0.0,-0.53591,-2.01831,-3.3091]},"33":{"weight":1.0,"played":[0.4549,0.5451,0.0,0.0],"evs":[0.0,0.01433,-0.54687,-0.6723]},"43o":{"weight":1.0,"played":[1.0,0.0,0.0,0.0],"evs":[0.0,-0.58941,-2.17218,-3.79669]},"53o":{"weight":1.0,"played":[1.0,0.0,0.0,0.0],"evs":[0.0,-0.59488,-2.11755,-3.69298]},"63o":{"weight":1.0,"played":[1.0,0.0,0.0,0.0],"evs":[0.0,-0.60362,-2.03799,-3.61926]},"73o":{"weight":1.0,"played":[1.0,0.0,0.0,0.0],"evs":[0.0,-0.71559,-2.15651,-4.08553]},"83o":{"weight":1.0,"played":[1.0,0.0,0.0,0.0],"evs":[0.0,-0.74561,-2.17647,-4.17945]},"93o":{"weight":1.0,"played":[1.0,0.0,0.0,0.0],"evs":[0.0,-0.72725,-2.06412,-4.0477]},"T3o":{"weight":1.0,"played":[1.0,0.0,0.0,0.0],"evs":[0.0,-0.81577,-2.22359,-4.5862]},"J3o":{"weight":1.0,"played":[1.0,0.0,0.0,0.0],"evs":[0.0,-0.80827,-2.13898,-4.26634]},"Q3o":{"weight":1.0,"played":[1.0,0.0,0.0,0.0],"evs":[0.0,-0.72328,-1.98822,-3.67621]},"K3o":{"weight":1.0,"played":[1.0,0.0,0.0,0.0],"evs":[0.0,-0.53856,-1.58324,-2.36156]},"A3o":{"weight":1.0,"played":[1.0,0.0,0.0,0.0],"evs":[0.0,-0.42559,-0.91983,-1.26913]},"42s":{"weight":1.0,"played":[1.0,0.0,0.0,0.0],"evs":[0.0,-0.48539,-2.04836,-3.2021]},"43s":{"weight":1.0,"played":[1.0,0.0,0.0,0.0],"evs":[0.0,-0.3972,-1.91875,-2.74514]},"44":{"weight":1.0,"played":[0.0486,0.9514,0.0,0.0],"evs":[0.0,0.27391,-0.05161,-0.10712]},"54o":{"weight":1.0,"played":[1.0,0.0,0.0,0.0],"evs":[0.0,-0.46151,-1.95102,-3.04236]},"64o":{"weight":1.0,"played":[1.0,0.0,0.0,0.0],"evs":[0.0,-0.4522,-1.89832,-3.11464]},"74o":{"weight":1.0,"played":[1.0,0.0,0.0,0.0],"evs":[0.0,-0.59307,-2.0601,-3.59928]},"84o":{"weight":1.0,"played":[1.0,0.0,0.0,0.0],"evs":[0.0,-0.63547,-2.04573,-3.7004]},"94o":{"weight":1.0,"played":[1.0,0.0,0.0,0.0],"evs":[0.0,-0.72037,-2.06354,-4.00491]},"T4o":{"weight":1.0,"played":[1.0,0.0,0.0,0.0],"evs":[0.0,-0.79817,-2.19893,-4.40645]},"J4o":{"weight":1.0,"played":[1.0,0.0,0.0,0.0],"evs":[0.0,-0.77668,-2.11347,-4.07005]},"Q4o":{"weight":1.0,"played":[1.0,0.0,0.0,0.0],"evs":[0.0,-0.67626,-1.95504,-3.44705]},"K4o":{"weight":1.0,"played":[1.0,0.0,0.0,0.0],"evs":[0.0,-0.51402,-1.57232,-2.20477]},"A4o":{"weight":1.0,"played":[1.0,0.0,0.0,0.0],"evs":[0.0,-0.41882,-0.83261,-1.04971]},"52s":{"weight":1.0,"played":[1.0,0.0,0.0,0.0],"evs":[0.0,-0.49238,-1.97095,-3.04018]},"53s":{"weight":1.0,"played":[1.0,0.0,0.0,0.0],"evs":[0.0,-0.3469,-1.82136,-2.60698]},"54s":{"weight":1.0,"played":[1.0,0.0,0.0,0.0],"evs":[0.0,-0.23744,-1.55533,-2.09344]},"55":{"weight":1.0,"played":[3.0E-4,3.0E-4,0.0042,0.9952],"evs":[0.0,0.7307,0.73934,0.87141]},"65o":{"weight":1.0,"played":[1.0,0.0,0.0,0.0],"evs":[0.0,-0.40196,-1.80156,-2.80749]},"75o":{"weight":1.0,"played":[1.0,0.0,0.0,0.0],"evs":[0.0,-0.51944,-1.94456,-3.23867]},"85o":{"weight":1.0,"played":[1.0,0.0,0.0,0.0],"evs":[0.0,-0.54963,-1.95609,-3.30845]},"95o":{"weight":1.0,"played":[1.0,0.0,0.0,0.0],"evs":[0.0,-0.6699,-2.01855,-3.66621]},"T5o":{"weight":1.0,"played":[1.0,0.0,0.0,0.0],"evs":[0.0,-0.85719,-2.26453,-4.58917]},"J5o":{"weight":1.0,"played":[1.0,0.0,0.0,0.0],"evs":[0.0,-0.82676,-2.19781,-4.27113]},"Q5o":{"weight":1.0,"played":[1.0,0.0,0.0,0.0],"evs":[0.0,-0.75605,-1.978,-3.58851]},"K5o":{"weight":1.0,"played":[1.0,0.0,0.0,0.0],"evs":[0.0,-0.57058,-1.54396,-2.14565]},"A5o":{"weight":1.0,"played":[1.0,0.0,0.0,0.0],"evs":[0.0,-0.2978,-0.6064,-0.73534]},"62s":{"weight":1.0,"played":[1.0,0.0,0.0,0.0],"evs":[0.0,-0.47245,-1.84672,-3.01557]},"63s":{"weight":1.0,"played":[1.0,0.0,0.0,0.0],"evs":[0.0,-0.37279,-1.76238,-2.57894]},"64s":{"weight":1.0,"played":[1.0,0.0,0.0,0.0],"evs":[0.0,-0.25268,-1.53541,-2.07574]},"65s":{"weight":1.0,"played":[1.0,0.0,0.0,0.0],"evs":[0.0,-0.11731,-1.23671,-1.67906]},"66":{"weight":1.0,"played":[0.0,0.0,4.0E-4,0.9995],"evs":[0.0,1.41541,1.83368,2.00189]},"76o":{"weight":1.0,"played":[1.0,0.0,0.0,0.0],"evs":[0.0,-0.34694,-1.61085,-2.47143]},"86o":{"weight":1.0,"played":[1.0,0.0,0.0,0.0],"evs":[0.0,-0.34423,-1.58712,-2.4788]},"96o":{"weight":1.0,"played":[1.0,0.0,0.0,0.0],"evs":[0.0,-0.45,-1.60553,-2.76643]},"T6o":{"weight":1.0,"played":[1.0,0.0,0.0,0.0],"evs":[0.0,-0.65567,-1.84857,-3.4837]},"J6o":{"weight":1.0,"played":[1.0,0.0,0.0,0.0],"evs":[0.0,-0.65774,-1.88034,-3.56765]},"Q6o":{"weight":1.0,"played":[1.0,0.0,0.0,0.0],"evs":[0.0,-0.57992,-1.68363,-2.83692]},"K6o":{"weight":1.0,"played":[1.0,0.0,0.0,0.0],"evs":[0.0,-0.40355,-1.32173,-1.63895]},"A6o":{"weight":1.0,"played":[1.0,0.0,0.0,0.0],"evs":[0.0,-0.25502,-0.55969,-0.73045]},"72s":{"weight":1.0,"played":[1.0,0.0,0.0,0.0],"evs":[0.0,-0.63564,-2.02719,-3.49786]},"73s":{"weight":1.0,"played":[1.0,0.0,0.0,0.0],"evs":[0.0,-0.45967,-1.88182,-3.06926]},"74s":{"weight":1.0,"played":[1.0,0.0,0.0,0.0],"evs":[0.0,-0.37077,-1.72541,-2.50505]},"75s":{"weight":1.0,"played":[1.0,0.0,0.0,0.0],"evs":[0.0,-0.2769,-1.48934,-2.16013]},"76s":{"weight":1.0,"played":[0.9041,0.0959,0.0,0.0],"evs":[0.0,-0.04625,-0.99521,-1.42464]},"77":{"weight":1.0,"played":[0.0,0.0,0.0142,0.9858],"evs":[0.0,1.62479,2.17845,2.36278]},"87o":{"weight":1.0,"played":[1.0,0.0,0.0,0.0],"evs":[0.0,-0.35747,-1.56808,-2.3403]},"97o":{"weight":1.0,"played":[1.0,0.0,0.0,0.0],"evs":[0.0,-0.42145,-1.5777,-2.60155]},"T7o":{"weight":1.0,"played":[1.0,0.0,0.0,0.0],"evs":[0.0,-0.62977,-1.83804,-3.34782]},"J7o":{"weight":1.0,"played":[1.0,0.0,0.0,0.0],"evs":[0.0,-0.69707,-1.87607,-3.49322]},"Q7o":{"weight":1.0,"played":[1.0,0.0,0.0,0.0],"evs":[0.0,-0.5931,-1.74587,-3.02701]},"K7o":{"weight":1.0,"played":[1.0,0.0,0.0,0.0],"evs":[0.0,-0.47446,-1.37306,-1.67427]},"A7o":{"weight":1.0,"played":[1.0,0.0,0.0,0.0],"evs":[0.0,-0.24696,-0.37899,-0.50005]},"82s":{"weight":1.0,"played":[1.0,0.0,0.0,0.0],"evs":[0.0,-0.53811,-1.82577,-3.1858]},"83s":{"weight":1.0,"played":[1.0,0.0,0.0,0.0],"evs":[0.0,-0.52928,-1.88149,-3.10566]},"84s":{"weight":1.0,"played":[1.0,0.0,0.0,0.0],"evs":[0.0,-0.46279,-1.75383,-2.64604]},"85s":{"weight":1.0,"played":[1.0,0.0,0.0,0.0],"evs":[0.0,-0.32374,-1.7225,-2.23287]},"86s":{"weight":1.0,"played":[1.0,0.0,0.0,0.0],"evs":[0.0,-0.16207,-1.10776,-1.52177]},"87s":{"weight":1.0,"played":[0.9992,8.0E-4,0.0,0.0],"evs":[0.0,-0.06862,-0.97128,-1.36142]},"88":{"weight":1.0,"played":[0.0,0.0,0.0014,0.9986],"evs":[0.0,2.21075,2.86735,3.0846]},"98o":{"weight":1.0,"played":[1.0,0.0,0.0,0.0],"evs":[0.0,-0.28023,-1.36348,-2.11124]},"T8o":{"weight":1.0,"played":[1.0,0.0,0.0,0.0],"evs":[0.0,-0.4529,-1.57936,-2.693]},"J8o":{"weight":1.0,"played":[1.0,0.0,0.0,0.0],"evs":[0.0,-0.54988,-1.65481,-2.87137]},"Q8o":{"weight":1.0,"played":[1.0,0.0,0.0,0.0],"evs":[0.0,-0.459,-1.53687,-2.50202]},"K8o":{"weight":1.0,"played":[1.0,0.0,0.0,0.0],"evs":[0.0,-0.3405,-1.21515,-1.4625]},"A8o":{"weight":1.0,"played":[0.0012,0.1863,0.002,0.8105],"evs":[0.0,0.04796,-0.02026,0.04832]},"92s":{"weight":1.0,"played":[1.0,0.0,0.0,0.0],"evs":[0.0,-0.51608,-1.79902,-3.11217]},"93s":{"weight":1.0,"played":[1.0,0.0,0.0,0.0],"evs":[0.0,-0.51533,-1.75871,-2.97887]},"94s":{"weight":1.0,"played":[1.0,0.0,0.0,0.0],"evs":[0.0,-0.49208,-1.82202,-2.94705]},"95s":{"weight":1.0,"played":[1.0,0.0,0.0,0.0],"evs":[0.0,-0.49796,-1.67243,-2.54413]},"96s":{"weight":1.0,"played":[1.0,0.0,0.0,0.0],"evs":[0.0,-0.20417,-1.31771,-1.81284]},"97s":{"weight":1.0,"played":[1.0,0.0,0.0,0.0],"evs":[0.0,-0.15258,-1.06819,-1.52057]},"98s":{"weight":1.0,"played":[0.8316,0.1684,0.0,0.0],"evs":[0.0,-0.04215,-0.64739,-1.10097]},"99":{"weight":1.0,"played":[0.0,0.0,0.0267,0.9733],"evs":[0.0,2.57898,3.60863,3.68412]},"T9o":{"weight":1.0,"played":[1.0,0.0,0.0,0.0],"evs":[0.0,-0.35022,-1.30506,-2.32514]},"J9o":{"weight":1.0,"played":[1.0,0.0,0.0,0.0],"evs":[0.0,-0.39553,-1.41447,-2.50197]},"Q9o":{"weight":1.0,"played":[1.0,0.0,0.0,0.0],"evs":[0.0,-0.39828,-1.30921,-2.12315]},"K9o":{"weight":1.0,"played":[1.0,0.0,0.0,0.0],"evs":[0.0,-0.27256,-0.91677,-1.05126]},"A9o":{"weight":1.0,"played":[2.0E-4,0.9216,2.0E-4,0.078],"evs":[0.0,0.24712,0.19143,0.22686]},"T2s":{"weight":1.0,"played":[1.0,0.0,0.0,0.0],"evs":[0.0,-0.65351,-1.95549,-3.53829]},"T3s":{"weight":1.0,"played":[1.0,0.0,0.0,0.0],"evs":[0.0,-0.60813,-1.95463,-3.38767]},"T4s":{"weight":1.0,"played":[1.0,0.0,0.0,0.0],"evs":[0.0,-0.53428,-1.9228,-3.20953]},"T5s":{"weight":1.0,"played":[1.0,0.0,0.0,0.0],"evs":[0.0,-0.59013,-1.94179,-3.27837]},"T6s":{"weight":1.0,"played":[1.0,0.0,0.0,0.0],"evs":[0.0,-0.37412,-1.57131,-2.32788]},"T7s":{"weight":1.0,"played":[0.9998,2.0E-4,0.0,0.0],"evs":[0.0,-0.34666,-1.42939,-2.14888]},"T8s":{"weight":1.0,"played":[1.0,0.0,0.0,0.0],"evs":[0.0,-0.14241,-0.96144,-1.53543]},"T9s":{"weight":1.0,"played":[0.9994,6.0E-4,0.0,0.0],"evs":[0.0,-0.05459,-0.70408,-1.29878]},"TT":{"weight":1.0,"played":[0.0,0.0,0.0013,0.9987],"evs":[0.0,3.35789,4.78818,4.87528]},"JTo":{"weight":1.0,"played":[1.0,0.0,0.0,0.0],"evs":[0.0,-0.38262,-1.3252,-2.22847]},"QTo":{"weight":1.0,"played":[1.0,0.0,0.0,0.0],"evs":[0.0,-0.24593,-0.96024,-1.48484]},"KTo":{"weight":1.0,"played":[0.9484,0.0516,0.0,0.0],"evs":[0.0,-0.02169,-0.37243,-0.26416]},"ATo":{"weight":1.0,"played":[0.0,1.0E-4,0.0085,0.9914],"evs":[0.0,1.00243,1.5379,1.6373]},"J2s":{"weight":1.0,"played":[1.0,0.0,0.0,0.0],"evs":[0.0,-0.56707,-1.98291,-3.32708]},"J3s":{"weight":1.0,"played":[1.0,0.0,0.0,0.0],"evs":[0.0,-0.58674,-1.79475,-3.0981]},"J4s":{"weight":1.0,"played":[1.0,0.0,0.0,0.0],"evs":[0.0,-0.53021,-1.78575,-3.00773]},"J5s":{"weight":1.0,"played":[1.0,0.0,0.0,0.0],"evs":[0.0,-0.56844,-1.94172,-3.01569]},"J6s":{"weight":1.0,"played":[1.0,0.0,0.0,0.0],"evs":[0.0,-0.45281,-1.57539,-2.47975]},"J7s":{"weight":1.0,"played":[1.0,0.0,0.0,0.0],"evs":[0.0,-0.37133,-1.46624,-2.1966]},"J8s":{"weight":1.0,"played":[1.0,0.0,0.0,0.0],"evs":[0.0,-0.25099,-1.17472,-1.78838]},"J9s":{"weight":1.0,"played":[0.9806,0.0194,0.0,0.0],"evs":[0.0,-0.13086,-0.74432,-1.27841]},"JTs":{"weight":1.0,"played":[0.9867,0.0132,1.0E-4,0.0],"evs":[0.0,-0.11339,-0.68168,-1.25657]},"JJ":{"weight":1.0,"played":[0.0,0.0,0.0028,0.9972],"evs":[0.0,4.93436,6.4857,6.7494]},"QJo":{"weight":1.0,"played":[0.5761,0.4239,0.0,0.0],"evs":[0.0,0.01223,-0.53191,-0.50869]},"KJo":{"weight":1.0,"played":[0.0177,0.9352,0.0,0.0471],"evs":[0.0,0.32028,0.21271,0.21987]},"AJo":{"weight":1.0,"played":[0.0,7.0E-4,2.0E-4,0.9992],"evs":[0.0,1.5533,2.26233,2.38415]},"Q2s":{"weight":1.0,"played":[1.0,0.0,0.0,0.0],"evs":[0.0,-0.44592,-1.70019,-2.58716]},"Q3s":{"weight":1.0,"played":[1.0,0.0,0.0,0.0],"evs":[0.0,-0.38792,-1.60427,-2.43282]},"Q4s":{"weight":1.0,"played":[1.0,0.0,0.0,0.0],"evs":[0.0,-0.37802,-1.64786,-2.37441]},"Q5s":{"weight":1.0,"played":[1.0,0.0,0.0,0.0],"evs":[0.0,-0.39723,-1.63533,-2.20021]},"Q6s":{"weight":1.0,"played":[1.0,0.0,0.0,0.0],"evs":[0.0,-0.25282,-1.35564,-1.76079]},"Q7s":{"weight":1.0,"played":[1.0,0.0,0.0,0.0],"evs":[0.0,-0.27612,-1.32386,-1.78151]},"Q8s":{"weight":1.0,"played":[0.9861,0.0139,0.0,0.0],"evs":[0.0,-0.1826,-1.015,-1.35787]},"Q9s":{"weight":1.0,"played":[0.8596,0.1403,0.0,0.0],"evs":[0.0,-0.11543,-0.83511,-1.21733]},"QTs":{"weight":1.0,"played":[0.366,0.6217,0.0123,0.0],"evs":[0.0,0.00373,-0.27239,-0.63352]},"QJs":{"weight":1.0,"played":[2.0E-4,0.6809,0.06,0.259],"evs":[0.0,0.53231,0.3956,0.44891]},"QQ":{"weight":1.0,"played":[0.0,4.0E-4,0.0039,0.9957],"evs":[0.0,6.89665,8.33781,8.69483]},"KQo":{"weight":1.0,"played":[0.0,0.0466,0.0026,0.9508],"evs":[0.0,0.82717,0.87442,0.9402]},"AQo":{"weight":1.0,"played":[0.0,0.0,0.0013,0.9987],"evs":[0.0,2.17454,3.22461,3.49491]},"K2s":{"weight":1.0,"played":[1.0,0.0,0.0,0.0],"evs":[0.0,-0.26385,-1.23285,-1.26272]},"K3s":{"weight":1.0,"played":[1.0,0.0,0.0,0.0],"evs":[0.0,-0.24419,-1.10697,-1.2066]},"K4s":{"weight":1.0,"played":[1.0,0.0,0.0,0.0],"evs":[0.0,-0.16436,-1.10339,-1.04255]},"K5s":{"weight":1.0,"played":[1.0,0.0,0.0,0.0],"evs":[0.0,-0.18372,-0.95414,-1.02455]},"K6s":{"weight":1.0,"played":[1.0,0.0,0.0,0.0],"evs":[0.0,-0.04573,-0.52326,-0.48962]},"K7s":{"weight":1.0,"played":[1.0,0.0,0.0,0.0],"evs":[0.0,-0.05932,-0.60159,-0.5293]},"K8s":{"weight":1.0,"played":[0.5134,0.4866,0.0,0.0],"evs":[0.0,0.0012,-0.40291,-0.32779]},"K9s":{"weight":1.0,"played":[0.0954,0.9045,0.0,0.0],"evs":[0.0,0.12081,-0.10709,-0.02937]},"KTs":{"weight":1.0,"played":[0.0,0.3148,0.0,0.6852],"evs":[0.0,0.61097,0.63933,0.74882]},"KJs":{"weight":1.0,"played":[1.0E-4,0.0052,8.0E-4,0.9939],"evs":[0.0,1.0478,1.20023,1.27215]},"KQs":{"weight":1.0,"played":[0.0,0.0064,0.0019,0.9917],"evs":[0.0,1.48806,1.69843,1.76898]},"KK":{"weight":1.0,"played":[0.0,0.0,0.0058,0.9942],"evs":[0.0,8.61246,9.76407,10.20061]},"AKo":{"weight":1.0,"played":[0.0,0.0,0.0478,0.9522],"evs":[0.0,2.97437,4.11477,4.26118]},"A2s":{"weight":1.0,"played":[0.7273,0.2725,0.0,3.0E-4],"evs":[0.0,-0.01848,-0.29196,-0.27506]},"A3s":{"weight":1.0,"played":[0.0594,0.9405,0.0,0.0],"evs":[0.0,0.10529,-0.11472,-0.07037]},"A4s":{"weight":1.0,"played":[0.0027,0.7307,0.0016,0.265],"evs":[0.0,0.16909,-0.01291,0.06721]},"A5s":{"weight":1.0,"played":[0.0041,0.161,0.0357,0.7991],"evs":[0.0,0.20658,0.21397,0.32656]},"A6s":{"weight":1.0,"played":[6.0E-4,0.1131,0.0,0.8862],"evs":[0.0,0.31655,0.27092,0.41348]},"A7s":{"weight":1.0,"played":[4.0E-4,0.0046,0.0044,0.9906],"evs":[0.0,0.42099,0.42176,0.55797]},"A8s":{"weight":1.0,"played":[0.0,0.0117,0.0047,0.9836],"evs":[0.0,0.90136,0.97062,1.10246]},"A9s":{"weight":1.0,"played":[0.0,0.0077,0.0245,0.9677],"evs":[0.0,1.18262,1.36793,1.4476]},"ATs":{"weight":1.0,"played":[0.0,2.0E-4,0.0459,0.9539],"evs":[0.0,1.86693,2.4214,2.53507]},"AJs":{"weight":1.0,"played":[0.0,1.0E-4,0.0065,0.9933],"evs":[0.0,2.53322,3.15887,3.33345]},"AQs":{"weight":1.0,"played":[0.0,4.0E-4,0.007,0.9926],"evs":[0.0,3.06361,3.94815,4.26228]},"AKs":{"weight":1.0,"played":[0.0,0.0,0.0,1.0],"evs":[0.0,3.96194,4.92026,5.09637]},"AA":{"weight":1.0,"played":[0.0,0.0194,0.0425,0.9381],"evs":[0.0,11.4952,12.42858,12.67186]}}}