{"player":5,"street":0,"children":2,"sequence":[{"player":0,"type":"F","amount":0,"street":0},{"player":1,"type":"F","amount":0,"street":0},{"player":2,"type":"F","amount":0,"street":0},{"player":3,"type":"R","amount":200000,"street":0},{"player":4,"type":"R","amount":2395000,"street":0}],"actions":[{"type":"F","amount":0,"node":25},{"type":"C","amount":795000,"node":26}],"hands":{"22":{"weight":1.0,"played":[0.0,1.0],"evs":[0.0,0.2112]},"32o":{"weight":1.0,"played":[1.0,0.0],"evs":[0.0,-1.81843]},"42o":{"weight":1.0,"played":[1.0,0.0],"evs":[0.0,-1.70553]},"52o":{"weight":1.0,"played":[1.0,0.0],"evs":[0.0,-1.60104]},"62o":{"weight":1.0,"played":[1.0,0.0],"evs":[0.0,-1.73475]},"72o":{"weight":1.0,"played":[1.0,0.0],"evs":[0.0,-1.88708]},"82o":{"weight":1.0,"played":[1.0,0.0],"evs":[0.0,-1.81667]},"92o":{"weight":1.0,"played":[1.0,0.0],"evs":[0.0,-1.71878]},"T2o":{"weight":1.0,"played":[1.0,0.0],"evs":[0.0,-1.65983]},"J2o":{"weight":1.0,"played":[1.0,0.0],"evs":[0.0,-1.48849]},"Q2o":{"weight":1.0,"played":[1.0,0.0],"evs":[0.0,-1.26401]},"K2o":{"weight":1.0,"played":[1.0,0.0],"evs":[0.0,-1.00493]},"A2o":{"weight":1.0,"played":[1.0,0.0],"evs":[0.0,-0.41816]},"32s":{"weight":1.0,"played":[1.0,0.0],"evs":[0.0,-1.20152]},"33":{"weight":1.0,"played":[0.0,1.0],"evs":[0.0,0.52782]},"43o":{"weight":1.0,"played":[1.0,0.0],"evs":[0.0,-1.42123]},"53o":{"weight":1.0,"played":[1.0,0.0],"evs":[0.0,-1.31814]},"63o":{"weight":1.0,"played":[1.0,0.0],"evs":[0.0,-1.45324]},"73o":{"weight":1.0,"played":[1.0,0.0],"evs":[0.0,-1.60635]},"83o":{"weight":1.0,"played":[1.0,0.0],"evs":[0.0,-1.7587]},"93o":{"weight":1.0,"played":[1.0,0.0],"evs":[0.0,-1.6246]},"T3o":{"weight":1.0,"played":[1.0,0.0],"evs":[0.0,-1.56492]},"J3o":{"weight":1.0,"played":[1.0,0.0],"evs":[0.0,-1.3968]},"Q3o":{"weight":1.0,"played":[1.0,0.0],"evs":[0.0,-1.16314]},"K3o":{"weight":1.0,"played":[1.0,0.0],"evs":[0.0,-0.90715]},"A3o":{"weight":1.0,"played":[1.0,0.0],"evs":[0.0,-0.31766]},"42s":{"weight":1.0,"played":[1.0,0.0],"evs":[0.0,-1.07545]},"43s":{"weight":1.0,"played":[1.0,0.0],"evs":[0.0,-0.84151]},"44":{"weight":1.0,"played":[0.0,1.0],"evs":[0.0,0.83881]},"54o":{"weight":1.0,"played":[1.0,0.0],"evs":[0.0,-1.04411]},"64o":{"weight":1.0,"played":[1.0,0.0],"evs":[0.0,-1.17567]},"74o":{"weight":1.0,"played":[1.0,0.0],"evs":[0.0,-1.32101]},"84o":{"weight":1.0,"played":[1.0,0.0],"evs":[0.0,-1.46807]},"94o":{"weight":1.0,"played":[1.0,0.0],"evs":[0.0,-1.54698]},"T4o":{"weight":1.0,"played":[1.0,0.0],"evs":[0.0,-1.46721]},"J4o":{"weight":1.0,"played":[1.0,0.0],"evs":[0.0,-1.28251]},"Q4o":{"weight":1.0,"played":[1.0,0.0],"evs":[0.0,-1.04849]},"K4o":{"weight":1.0,"played":[1.0,0.0],"evs":[0.0,-0.79739]},"A4o":{"weight":1.0,"played":[1.0,0.0],"evs":[0.0,-0.1961]},"52s":{"weight":1.0,"played":[1.0,0.0],"evs":[0.0,-0.99969]},"53s":{"weight":1.0,"played":[1.0,0.0],"evs":[0.0,-0.71821]},"54s":{"weight":1.0,"played":[1.0,0.0],"evs":[0.0,-0.46597]},"55":{"weight":1.0,"played":[0.0,1.0],"evs":[0.0,1.15267]},"65o":{"weight":1.0,"played":[1.0,0.0],"evs":[0.0,-0.92402]},"75o":{"weight":1.0,"played":[1.0,0.0],"evs":[0.0,-1.06698]},"85o":{"weight":1.0,"played":[1.0,0.0],"evs":[0.0,-1.20612]},"95o":{"weight":1.0,"played":[1.0,0.0],"evs":[0.0,-1.29589]},"T5o":{"weight":1.0,"played":[1.0,0.0],"evs":[0.0,-1.41177]},"J5o":{"weight":1.0,"played":[1.0,0.0],"evs":[0.0,-1.19826]},"Q5o":{"weight":1.0,"played":[1.0,0.0],"evs":[0.0,-0.97061]},"K5o":{"weight":1.0,"played":[1.0,0.0],"evs":[0.0,-0.70185]},"A5o":{"weight":1.0,"played":[0.9998,2.0E-4],"evs":[0.0,-0.0276]},"62s":{"weight":1.0,"played":[1.0,0.0],"evs":[0.0,-1.11032]},"63s":{"weight":1.0,"played":[1.0,0.0],"evs":[0.0,-0.83393]},"64s":{"weight":1.0,"played":[1.0,0.0],"evs":[0.0,-0.57126]},"65s":{"weight":1.0,"played":[1.0,0.0],"evs":[0.0,-0.34302]},"66":{"weight":1.0,"played":[0.0,1.0],"evs":[0.0,1.44438]},"76o":{"weight":1.0,"played":[1.0,0.0],"evs":[0.0,-0.76966]},"86o":{"weight":1.0,"played":[1.0,0.0],"evs":[0.0,-0.91283]},"96o":{"weight":1.0,"played":[1.0,0.0],"evs":[0.0,-1.00066]},"T6o":{"weight":1.0,"played":[1.0,0.0],"evs":[0.0,-1.11456]},"J6o":{"weight":1.0,"played":[1.0,0.0],"evs":[0.0,-1.10521]},"Q6o":{"weight":1.0,"played":[1.0,0.0],"evs":[0.0,-0.8337]},"K6o":{"weight":1.0,"played":[1.0,0.0],"evs":[0.0,-0.54672]},"A6o":{"weight":1.0,"played":[0.9999,1.0E-4],"evs":[0.0,-0.0658]},"72s":{"weight":1.0,"played":[1.0,0.0],"evs":[0.0,-1.23672]},"73s":{"weight":1.0,"played":[1.0,0.0],"evs":[0.0,-0.98575]},"74s":{"weight":1.0,"played":[1.0,0.0],"evs":[0.0,-0.72112]},"75s":{"weight":1.0,"played":[1.0,0.0],"evs":[0.0,-0.47815]},"76s":{"weight":1.0,"played":[1.0,0.0],"evs":[0.0,-0.20859]},"77":{"weight":1.0,"played":[0.0,1.0],"evs":[0.0,1.77634]},"87o":{"weight":1.0,"played":[1.0,0.0],"evs":[0.0,-0.71497]},"97o":{"weight":1.0,"played":[1.0,0.0],"evs":[0.0,-0.79266]},"T7o":{"weight":1.0,"played":[1.0,0.0],"evs":[0.0,-0.90007]},"J7o":{"weight":1.0,"played":[1.0,0.0],"evs":[0.0,-0.90034]},"Q7o":{"weight":1.0,"played":[1.0,0.0],"evs":[0.0,-0.82915]},"K7o":{"weight":1.0,"played":[1.0,0.0],"evs":[0.0,-0.48231]},"A7o":{"weight":1.0,"played":[0.0,1.0],"evs":[0.0,0.19488]},"82s":{"weight":1.0,"played":[1.0,0.0],"evs":[0.0,-1.16546]},"83s":{"weight":1.0,"played":[1.0,0.0],"evs":[0.0,-1.10156]},"84s":{"weight":1.0,"played":[1.0,0.0],"evs":[0.0,-0.86171]},"85s":{"weight":1.0,"played":[1.0,0.0],"evs":[0.0,-0.60538]},"86s":{"weight":1.0,"played":[1.0,0.0],"evs":[0.0,-0.30014]},"87s":{"weight":1.0,"played":[1.0,0.0],"evs":[0.0,-0.14724]},"88":{"weight":1.0,"played":[0.0,1.0],"evs":[0.0,2.1618]},"98o":{"weight":1.0,"played":[1.0,0.0],"evs":[0.0,-0.60049]},"T8o":{"weight":1.0,"played":[1.0,0.0],"evs":[0.0,-0.67831]},"J8o":{"weight":1.0,"played":[1.0,0.0],"evs":[0.0,-0.6669]},"Q8o":{"weight":1.0,"played":[1.0,0.0],"evs":[0.0,-0.57017]},"K8o":{"weight":1.0,"played":[1.0,0.0],"evs":[0.0,-0.37578]},"A8o":{"weight":1.0,"played":[0.0,1.0],"evs":[0.0,0.49457]},"92s":{"weight":1.0,"played":[1.0,0.0],"evs":[0.0,-1.09158]},"93s":{"weight":1.0,"played":[1.0,0.0],"evs":[0.0,-0.99423]},"94s":{"weight":1.0,"played":[1.0,0.0],"evs":[0.0,-0.92569]},"95s":{"weight":1.0,"played":[1.0,0.0],"evs":[0.0,-0.71567]},"96s":{"weight":1.0,"played":[1.0,0.0],"evs":[0.0,-0.431]},"97s":{"weight":1.0,"played":[1.0,0.0],"evs":[0.0,-0.21852]},"98s":{"weight":1.0,"played":[0.9886,0.0114],"evs":[0.0,-0.05274]},"99":{"weight":1.0,"played":[0.0,1.0],"evs":[0.0,2.59604]},"T9o":{"weight":1.0,"played":[1.0,0.0],"evs":[0.0,-0.3961]},"J9o":{"weight":1.0,"played":[1.0,0.0],"evs":[0.0,-0.38645]},"Q9o":{"weight":1.0,"played":[1.0,0.0],"evs":[0.0,-0.32188]},"K9o":{"weight":1.0,"played":[1.0,0.0],"evs":[0.0,-0.1503]},"A9o":{"weight":1.0,"played":[0.0,1.0],"evs":[0.0,0.76937]},"T2s":{"weight":1.0,"played":[1.0,0.0],"evs":[0.0,-1.05198]},"T3s":{"weight":1.0,"played":[1.0,0.0],"evs":[0.0,-0.96124]},"T4s":{"weight":1.0,"played":[1.0,0.0],"evs":[0.0,-0.84133]},"T5s":{"weight":1.0,"played":[1.0,0.0],"evs":[0.0,-0.79979]},"T6s":{"weight":1.0,"played":[1.0,0.0],"evs":[0.0,-0.52652]},"T7s":{"weight":1.0,"played":[1.0,0.0],"evs":[0.0,-0.30227]},"T8s":{"weight":1.0,"played":[0.998,0.002],"evs":[0.0,-0.09344]},"T9s":{"weight":1.0,"played":[0.0,1.0],"evs":[0.0,0.176]},"TT":{"weight":1.0,"played":[0.0,1.0],"evs":[0.0,3.26764]},"JTo":{"weight":1.0,"played":[0.9794,0.0206],"evs":[0.0,-0.02167]},"QTo":{"weight":1.0,"played":[1.0E-4,0.9999],"evs":[0.0,0.04486]},"KTo":{"weight":1.0,"played":[0.0,1.0],"evs":[0.0,0.25667]},"ATo":{"weight":1.0,"played":[0.0,1.0],"evs":[0.0,1.45327]},"J2s":{"weight":1.0,"played":[1.0,0.0],"evs":[0.0,-0.88612]},"J3s":{"weight":1.0,"played":[1.0,0.0],"evs":[0.0,-0.76527]},"J4s":{"weight":1.0,"played":[1.0,0.0],"evs":[0.0,-0.66656]},"J5s":{"weight":1.0,"played":[1.0,0.0],"evs":[0.0,-0.59558]},"J6s":{"weight":1.0,"played":[1.0,0.0],"evs":[0.0,-0.50469]},"J7s":{"weight":1.0,"played":[1.0,0.0],"evs":[0.0,-0.3073]},"J8s":{"weight":1.0,"played":[0.9987,0.0013],"evs":[0.0,-0.09079]},"J9s":{"weight":1.0,"played":[0.0,1.0],"evs":[0.0,0.16165]},"JTs":{"weight":1.0,"played":[0.0,1.0],"evs":[0.0,0.49531]},"JJ":{"weight":1.0,"played":[0.0,1.0],"evs":[0.0,3.93297]},"QJo":{"weight":1.0,"played":[0.0,1.0],"evs":[0.0,0.27158]},"KJo":{"weight":1.0,"played":[0.0,1.0],"evs":[0.0,0.42235]},"AJo":{"weight":1.0,"played":[0.0,1.0],"evs":[0.0,1.96362]},"Q2s":{"weight":1.0,"played":[1.0,0.0],"evs":[0.0,-0.66283]},"Q3s":{"weight":1.0,"played":[1.0,0.0],"evs":[0.0,-0.52187]},"Q4s":{"weight":1.0,"played":[1.0,0.0],"evs":[0.0,-0.45243]},"Q5s":{"weight":1.0,"played":[1.0,0.0],"evs":[0.0,-0.36999]},"Q6s":{"weight":1.0,"played":[1.0,0.0],"evs":[0.0,-0.2506]},"Q7s":{"weight":1.0,"played":[0.9999,1.0E-4],"evs":[0.0,-0.22681]},"Q8s":{"weight":1.0,"played":[0.9596,0.0404],"evs":[0.0,-0.02303]},"Q9s":{"weight":1.0,"played":[0.0,1.0],"evs":[0.0,0.25422]},"QTs":{"weight":1.0,"played":[0.0,1.0],"evs":[0.0,0.59724]},"QJs":{"weight":1.0,"played":[0.0,1.0],"evs":[0.0,0.78133]},"QQ":{"weight":1.0,"played":[0.0,1.0],"evs":[0.0,4.63491]},"KQo":{"weight":1.0,"played":[0.0,1.0],"evs":[0.0,0.66401]},"AQo":{"weight":1.0,"played":[0.0,1.0],"evs":[0.0,2.54046]},"K2s":{"weight":1.0,"played":[1.0,0.0],"evs":[0.0,-0.3827]},"K3s":{"weight":1.0,"played":[1.0,0.0],"evs":[0.0,-0.30302]},"K4s":{"weight":1.0,"played":[0.9999,1.0E-4],"evs":[0.0,-0.19459]},"K5s":{"weight":1.0,"played":[0.9995,5.0E-4],"evs":[0.0,-0.0939]},"K6s":{"weight":1.0,"played":[0.0416,0.9584],"evs":[0.0,0.04594]},"K7s":{"weight":1.0,"played":[0.0,1.0],"evs":[0.0,0.09533]},"K8s":{"weight":1.0,"played":[0.0,1.0],"evs":[0.0,0.18367]},"K9s":{"weight":1.0,"played":[0.0,1.0],"evs":[0.0,0.4121]},"KTs":{"weight":1.0,"played":[0.0,1.0],"evs":[0.0,0.79737]},"KJs":{"weight":1.0,"played":[0.0,1.0],"evs":[0.0,0.9435]},"KQs":{"weight":1.0,"played":[0.0,1.0],"evs":[0.0,1.15189]},"KK":{"weight":1.0,"played":[0.0,1.0],"evs":[0.0,5.39987]},"AKo":{"weight":1.0,"played":[0.0,1.0],"evs":[0.0,3.12416]},"A2s":{"weight":1.0,"played":[0.0,1.0],"evs":[0.0,0.15923]},"A3s":{"weight":1.0,"played":[0.0,1.0],"evs":[0.0,0.27127]},"A4s":{"weight":1.0,"played":[0.0,1.0],"evs":[0.0,0.37061]},"A5s":{"weight":1.0,"played":[0.0,1.0],"evs":[0.0,0.53798]},"A6s":{"weight":1.0,"played":[0.0,1.0],"evs":[0.0,0.50334]},"A7s":{"weight":1.0,"played":[0.0,1.0],"evs":[0.0,0.74451]},"A8s":{"weight":1.0,"played":[0.0,1.0],"evs":[0.0,1.00499]},"A9s":{"weight":1.0,"played":[0.0,1.0],"evs":[0.0,1.27846]},"ATs":{"weight":1.0,"played":[0.0,1.0],"evs":[0.0,1.91156]},"AJs":{"weight":1.0,"played":[0.0,1.0],"evs":[0.0,2.4017]},"AQs":{"weight":1.0,"played":[0.0,1.0],"evs":[0.0,2.94073]},"AKs":{"weight":1.0,"played":[0.0,1.0],"evs":[0.0,3.47823]},"AA":{"weight":1.0,"played":[0.0,1.0],"evs":[0.0,7.35496]}}}