{"player":2,"street":0,"children":2,"sequence":[{"player":0,"type":"F","amount":0,"street":0},{"player":1,"type":"R","amount":200000,"street":0},{"player":2,"type":"C","amount":200000,"street":0},{"player":3,"type":"F","amount":0,"street":0},{"player":4,"type":"F","amount":0,"street":0},{"player":5,"type":"R","amount":895000,"street":0},{"player":1,"type":"R","amount":1265000,"street":0}],"actions":[{"type":"F","amount":0},{"type":"C","amount":1065000}],"hands":{"22":{"weight":0.0,"played":[0.0,1.0],"evs":[0.0,0.389]},"32o":{"weight":0.0,"played":[1.0,0.0],"evs":[0.0,-1.98746]},"42o":{"weight":0.0,"played":[1.0,0.0],"evs":[0.0,-1.90955]},"52o":{"weight":0.0,"played":[1.0,0.0],"evs":[0.0,-1.83947]},"62o":{"weight":0.0,"played":[1.0,0.0],"evs":[0.0,-2.09965]},"72o":{"weight":0.0,"played":[1.0,0.0],"evs":[0.0,-2.40175]},"82o":{"weight":0.0,"played":[1.0,0.0],"evs":[0.0,-2.22078]},"92o":{"weight":0.0,"played":[1.0,0.0],"evs":[0.0,-2.26246]},"T2o":{"weight":0.0,"played":[1.0,0.0],"evs":[0.0,-2.13405]},"J2o":{"weight":0.0,"played":[1.0,0.0],"evs":[0.0,-1.90664]},"Q2o":{"weight":0.0,"played":[1.0,0.0],"evs":[0.0,-1.71282]},"K2o":{"weight":0.0,"played":[1.0,0.0],"evs":[0.0,-1.4147]},"A2o":{"weight":0.0,"played":[1.0,0.0],"evs":[0.0,-0.94832]},"32s":{"weight":0.0,"played":[1.0,0.0],"evs":[0.0,-0.97173]},"33":{"weight":0.0,"played":[0.0,1.0],"evs":[0.0,0.70638]},"43o":{"weight":0.0,"played":[1.0,0.0],"evs":[0.0,-1.47897]},"53o":{"weight":0.0,"played":[1.0,0.0],"evs":[0.0,-1.3726]},"63o":{"weight":0.0,"played":[1.0,0.0],"evs":[0.0,-1.64972]},"73o":{"weight":0.0,"played":[1.0,0.0],"evs":[0.0,-2.00383]},"83o":{"weight":0.0,"played":[1.0,0.0],"evs":[0.0,-2.21216]},"93o":{"weight":0.0,"played":[1.0,0.0],"evs":[0.0,-2.15501]},"T3o":{"weight":0.0,"played":[1.0,0.0],"evs":[0.0,-1.99456]},"J3o":{"weight":0.0,"played":[1.0,0.0],"evs":[0.0,-1.74419]},"Q3o":{"weight":0.0,"played":[1.0,0.0],"evs":[0.0,-1.56795]},"K3o":{"weight":0.0,"played":[1.0,0.0],"evs":[0.0,-1.26071]},"A3o":{"weight":0.0,"played":[1.0,0.0],"evs":[0.0,-0.75795]},"42s":{"weight":0.0,"played":[1.0,0.0],"evs":[0.0,-0.929]},"43s":{"weight":0.0,"played":[1.0,0.0],"evs":[0.0,-0.40325]},"44":{"weight":0.1537,"played":[0.0,1.0],"evs":[0.0,0.95249]},"54o":{"weight":0.0,"played":[1.0,0.0],"evs":[0.0,-0.9771]},"64o":{"weight":0.0,"played":[1.0,0.0],"evs":[0.0,-1.25038]},"74o":{"weight":0.0,"played":[1.0,0.0],"evs":[0.0,-1.51101]},"84o":{"weight":0.0,"played":[1.0,0.0],"evs":[0.0,-1.75326]},"94o":{"weight":0.0,"played":[1.0,0.0],"evs":[0.0,-2.09122]},"T4o":{"weight":0.0,"played":[1.0,0.0],"evs":[0.0,-1.82937]},"J4o":{"weight":0.0,"played":[1.0,0.0],"evs":[0.0,-1.61719]},"Q4o":{"weight":0.0,"played":[1.0,0.0],"evs":[0.0,-1.42987]},"K4o":{"weight":0.0,"played":[1.0,0.0],"evs":[0.0,-1.13686]},"A4o":{"weight":0.0,"played":[1.0,0.0],"evs":[0.0,-0.67624]},"52s":{"weight":0.0,"played":[1.0,0.0],"evs":[0.0,-0.84325]},"53s":{"weight":0.0,"played":[1.0,0.0],"evs":[0.0,-0.43283]},"54s":{"weight":0.0,"played":[0.9981,0.0019],"evs":[0.0,-0.04839]},"55":{"weight":0.4401,"played":[0.0,1.0],"evs":[0.0,1.27757]},"65o":{"weight":0.0,"played":[1.0,0.0],"evs":[0.0,-0.9151]},"75o":{"weight":0.0,"played":[1.0,0.0],"evs":[0.0,-1.18655]},"85o":{"weight":0.0,"played":[1.0,0.0],"evs":[0.0,-1.40451]},"95o":{"weight":0.0,"played":[1.0,0.0],"evs":[0.0,-1.73751]},"T5o":{"weight":0.0,"played":[1.0,0.0],"evs":[0.0,-1.88954]},"J5o":{"weight":0.0,"played":[1.0,0.0],"evs":[0.0,-1.57408]},"Q5o":{"weight":0.0,"played":[1.0,0.0],"evs":[0.0,-1.38855]},"K5o":{"weight":0.0,"played":[1.0,0.0],"evs":[0.0,-1.04388]},"A5o":{"weight":0.0,"played":[1.0,0.0],"evs":[0.0,-0.49106]},"62s":{"weight":0.0,"played":[1.0,0.0],"evs":[0.0,-1.09627]},"63s":{"weight":0.0,"played":[1.0,0.0],"evs":[0.0,-0.68542]},"64s":{"weight":0.0,"played":[1.0,0.0],"evs":[0.0,-0.27442]},"65s":{"weight":0.0,"played":[0.3115,0.6885],"evs":[0.0,0.02142]},"66":{"weight":7.0E-4,"played":[0.0,1.0],"evs":[0.0,1.73541]},"76o":{"weight":0.0,"played":[1.0,0.0],"evs":[0.0,-0.80773]},"86o":{"weight":0.0,"played":[1.0,0.0],"evs":[0.0,-0.9837]},"96o":{"weight":0.0,"played":[1.0,0.0],"evs":[0.0,-1.34948]},"T6o":{"weight":0.0,"played":[1.0,0.0],"evs":[0.0,-1.50228]},"J6o":{"weight":0.0,"played":[1.0,0.0],"evs":[0.0,-1.52875]},"Q6o":{"weight":0.0,"played":[1.0,0.0],"evs":[0.0,-1.23139]},"K6o":{"weight":0.0,"played":[1.0,0.0],"evs":[0.0,-0.91257]},"A6o":{"weight":0.0,"played":[1.0,0.0],"evs":[0.0,-0.75692]},"72s":{"weight":0.0,"played":[1.0,0.0],"evs":[0.0,-1.36912]},"73s":{"weight":0.0,"played":[1.0,0.0],"evs":[0.0,-0.90472]},"74s":{"weight":0.0,"played":[1.0,0.0],"evs":[0.0,-0.54199]},"75s":{"weight":0.0,"played":[0.9995,5.0E-4],"evs":[0.0,-0.186]},"76s":{"weight":0.0,"played":[0.0025,0.9975],"evs":[0.0,0.13354]},"77":{"weight":0.0,"played":[0.0,1.0],"evs":[0.0,2.17517]},"87o":{"weight":0.0,"played":[1.0,0.0],"evs":[0.0,-0.77718]},"97o":{"weight":0.0,"played":[1.0,0.0],"evs":[0.0,-1.01727]},"T7o":{"weight":0.0,"played":[1.0,0.0],"evs":[0.0,-1.14143]},"J7o":{"weight":0.0,"played":[1.0,0.0],"evs":[0.0,-1.19925]},"Q7o":{"weight":0.0,"played":[1.0,0.0],"evs":[0.0,-1.28198]},"K7o":{"weight":0.0,"played":[1.0,0.0],"evs":[0.0,-0.90774]},"A7o":{"weight":0.0,"played":[1.0,0.0],"evs":[0.0,-0.52484]},"82s":{"weight":0.0,"played":[1.0,0.0],"evs":[0.0,-1.20289]},"83s":{"weight":0.0,"played":[1.0,0.0],"evs":[0.0,-1.15379]},"84s":{"weight":0.0,"played":[1.0,0.0],"evs":[0.0,-0.73236]},"85s":{"weight":0.0,"played":[0.9999,1.0E-4],"evs":[0.0,-0.39114]},"86s":{"weight":0.0,"played":[0.3762,0.6238],"evs":[0.0,-0.01648]},"87s":{"weight":0.0,"played":[0.0041,0.9959],"evs":[0.0,0.25747]},"88":{"weight":0.0,"played":[0.0,1.0],"evs":[0.0,2.84834]},"98o":{"weight":0.0,"played":[1.0,0.0],"evs":[0.0,-0.69185]},"T8o":{"weight":0.0,"played":[1.0,0.0],"evs":[0.0,-0.74487]},"J8o":{"weight":0.0,"played":[1.0,0.0],"evs":[0.0,-0.79656]},"Q8o":{"weight":0.0,"played":[1.0,0.0],"evs":[0.0,-0.90837]},"K8o":{"weight":0.0,"played":[1.0,0.0],"evs":[0.0,-0.77881]},"A8o":{"weight":0.0,"played":[0.9999,1.0E-4],"evs":[0.0,-0.22898]},"92s":{"weight":0.0,"played":[1.0,0.0],"evs":[0.0,-1.21892]},"93s":{"weight":0.0,"played":[1.0,0.0],"evs":[0.0,-1.04162]},"94s":{"weight":0.0,"played":[1.0,0.0],"evs":[0.0,-1.0258]},"95s":{"weight":0.0,"played":[1.0,0.0],"evs":[0.0,-0.66747]},"96s":{"weight":0.0,"played":[0.9999,1.0E-4],"evs":[0.0,-0.31484]},"97s":{"weight":0.0,"played":[0.8999,0.1001],"evs":[0.0,-0.02378]},"98s":{"weight":0.0,"played":[0.0,1.0],"evs":[0.0,0.22006]},"99":{"weight":0.0,"played":[0.0,1.0],"evs":[0.0,3.52835]},"T9o":{"weight":0.0,"played":[1.0,0.0],"evs":[0.0,-0.51043]},"J9o":{"weight":0.0,"played":[1.0,0.0],"evs":[0.0,-0.57889]},"Q9o":{"weight":0.0,"played":[1.0,0.0],"evs":[0.0,-0.64982]},"K9o":{"weight":0.0,"played":[1.0,0.0],"evs":[0.0,-0.52289]},"A9o":{"weight":3.0E-4,"played":[0.0082,0.9918],"evs":[0.0,0.20427]},"T2s":{"weight":0.0,"played":[1.0,0.0],"evs":[0.0,-1.13549]},"T3s":{"weight":0.0,"played":[1.0,0.0],"evs":[0.0,-1.01549]},"T4s":{"weight":0.0,"played":[1.0,0.0],"evs":[0.0,-0.88141]},"T5s":{"weight":0.0,"played":[1.0,0.0],"evs":[0.0,-0.86521]},"T6s":{"weight":0.0,"played":[1.0,0.0],"evs":[0.0,-0.45733]},"T7s":{"weight":0.0,"played":[0.9723,0.0277],"evs":[0.0,-0.14481]},"T8s":{"weight":0.0,"played":[0.0,1.0],"evs":[0.0,0.19421]},"T9s":{"weight":1.0E-4,"played":[0.0,1.0],"evs":[0.0,0.42067]},"TT":{"weight":0.0,"played":[0.0,1.0],"evs":[0.0,4.69617]},"JTo":{"weight":0.0,"played":[0.7088,0.2912],"evs":[0.0,-0.02728]},"QTo":{"weight":0.0,"played":[0.4347,0.5653],"evs":[0.0,0.02551]},"KTo":{"weight":0.0,"played":[0.0,1.0],"evs":[0.0,0.24075]},"ATo":{"weight":0.0,"played":[0.0,1.0],"evs":[0.0,1.29237]},"J2s":{"weight":0.0,"played":[1.0,0.0],"evs":[0.0,-0.86441]},"J3s":{"weight":0.0,"played":[1.0,0.0],"evs":[0.0,-0.70542]},"J4s":{"weight":0.0,"played":[1.0,0.0],"evs":[0.0,-0.61672]},"J5s":{"weight":0.0,"played":[1.0,0.0],"evs":[0.0,-0.61641]},"J6s":{"weight":0.0,"played":[1.0,0.0],"evs":[0.0,-0.51298]},"J7s":{"weight":0.0,"played":[1.0,0.0],"evs":[0.0,-0.20195]},"J8s":{"weight":0.0,"played":[0.019,0.981],"evs":[0.0,0.21032]},"J9s":{"weight":0.0,"played":[2.0E-4,0.9998],"evs":[0.0,0.34483]},"JTs":{"weight":1.0,"played":[0.0,1.0],"evs":[0.0,0.97908]},"JJ":{"weight":0.0,"played":[0.0,1.0],"evs":[0.0,5.90432]},"QJo":{"weight":0.0,"played":[0.0,1.0],"evs":[0.0,0.34047]},"KJo":{"weight":0.1378,"played":[0.0,1.0],"evs":[0.0,0.70256]},"AJo":{"weight":0.0,"played":[0.0,1.0],"evs":[0.0,2.2124]},"Q2s":{"weight":0.0,"played":[1.0,0.0],"evs":[0.0,-0.71088]},"Q3s":{"weight":0.0,"played":[1.0,0.0],"evs":[0.0,-0.51251]},"Q4s":{"weight":0.0,"played":[1.0,0.0],"evs":[0.0,-0.44937]},"Q5s":{"weight":0.0,"played":[1.0,0.0],"evs":[0.0,-0.3417]},"Q6s":{"weight":0.0,"played":[0.9999,1.0E-4],"evs":[0.0,-0.29833]},"Q7s":{"weight":0.0,"played":[0.9997,3.0E-4],"evs":[0.0,-0.25598]},"Q8s":{"weight":0.0,"played":[0.0233,0.9767],"evs":[0.0,0.08824]},"Q9s":{"weight":0.0,"played":[2.0E-4,0.9998],"evs":[0.0,0.31691]},"QTs":{"weight":1.0,"played":[0.0,1.0],"evs":[0.0,0.95251]},"QJs":{"weight":1.0,"played":[0.0,1.0],"evs":[0.0,1.25494]},"QQ":{"weight":0.0,"played":[0.0,1.0],"evs":[0.0,7.43554]},"KQo":{"weight":0.0,"played":[0.0,1.0],"evs":[0.0,1.17247]},"AQo":{"weight":0.0,"played":[0.0,1.0],"evs":[0.0,3.26328]},"K2s":{"weight":0.0,"played":[1.0,0.0],"evs":[0.0,-0.37342]},"K3s":{"weight":0.0,"played":[0.9987,0.0013],"evs":[0.0,-0.1933]},"K4s":{"weight":0.0,"played":[0.9803,0.0197],"evs":[0.0,-0.13134]},"K5s":{"weight":0.0,"played":[0.9383,0.0617],"evs":[0.0,-0.06274]},"K6s":{"weight":0.0,"played":[0.2194,0.7806],"evs":[0.0,0.09104]},"K7s":{"weight":0.0,"played":[4.0E-4,0.9996],"evs":[0.0,0.19312]},"K8s":{"weight":0.0,"played":[6.0E-4,0.9994],"evs":[0.0,0.22262]},"K9s":{"weight":6.0E-4,"played":[0.0,1.0],"evs":[0.0,0.44958]},"KTs":{"weight":0.4495,"played":[0.0,1.0],"evs":[0.0,1.20749]},"KJs":{"weight":0.0012,"played":[0.0,1.0],"evs":[0.0,1.54999]},"KQs":{"weight":0.0,"played":[0.0,1.0],"evs":[0.0,2.06197]},"KK":{"weight":0.0,"played":[0.0,1.0],"evs":[0.0,9.24671]},"AKo":{"weight":0.0,"played":[0.0,1.0],"evs":[0.0,4.46296]},"A2s":{"weight":0.0,"played":[0.1118,0.8882],"evs":[0.0,0.06288]},"A3s":{"weight":0.0,"played":[0.0024,0.9976],"evs":[0.0,0.23721]},"A4s":{"weight":0.0013,"played":[2.0E-4,0.9998],"evs":[0.0,0.2993]},"A5s":{"weight":1.0,"played":[0.0,1.0],"evs":[0.0,0.46482]},"A6s":{"weight":0.0228,"played":[1.0E-4,0.9999],"evs":[0.0,0.2467]},"A7s":{"weight":0.672,"played":[2.0E-4,0.9998],"evs":[0.0,0.53558]},"A8s":{"weight":0.0,"played":[0.0,1.0],"evs":[0.0,0.83959]},"A9s":{"weight":0.0,"played":[0.0,1.0],"evs":[0.0,1.12888]},"ATs":{"weight":0.0,"played":[0.0,1.0],"evs":[0.0,2.30149]},"AJs":{"weight":0.0,"played":[0.0,1.0],"evs":[0.0,3.04299]},"AQs":{"weight":0.0,"played":[0.0,1.0],"evs":[0.0,4.02685]},"AKs":{"weight":0.0,"played":[0.0,1.0],"evs":[0.0,5.12113]},"AA":{"weight":0.0375,"played":[0.0,1.0],"evs":[0.0,12.5684]}}}