{"player":1,"street":0,"children":2,"sequence":[{"player":0,"type":"F","amount":0,"street":0},{"player":1,"type":"R","amount":200000,"street":0},{"player":2,"type":"C","amount":200000,"street":0},{"player":3,"type":"F","amount":0,"street":0},{"player":4,"type":"C","amount":150000,"street":0},{"player":5,"type":"R","amount":895000,"street":0},{"player":1,"type":"C","amount":695000,"street":0},{"player":2,"type":"R","amount":1265000,"street":0},{"player":4,"type":"R","amount":3375000,"street":0}],"actions":[{"type":"F","amount":0},{"type":"C","amount":2480000}],"hands":{"22":{"weight":0.057,"played":[0.0065,0.9935],"evs":[0.0,2.77375]},"32o":{"weight":0.0,"played":[0.9987,0.0013],"evs":[0.0,-3.43585]},"42o":{"weight":0.0,"played":[0.9996,4.0E-4],"evs":[0.0,-3.18025]},"52o":{"weight":0.0,"played":[0.9885,0.0115],"evs":[0.0,-1.2689]},"62o":{"weight":0.0,"played":[0.9966,0.0034],"evs":[0.0,-1.78893]},"72o":{"weight":0.0,"played":[0.9997,3.0E-4],"evs":[0.0,-4.10135]},"82o":{"weight":0.0,"played":[0.9871,0.0129],"evs":[0.0,-3.18973]},"92o":{"weight":0.0,"played":[0.9909,0.0091],"evs":[0.0,-3.75234]},"T2o":{"weight":0.0,"played":[0.9867,0.0133],"evs":[0.0,-4.21355]},"J2o":{"weight":0.0,"played":[0.9998,2.0E-4],"evs":[0.0,-2.23859]},"Q2o":{"weight":0.0,"played":[0.9955,0.0045],"evs":[0.0,-2.74904]},"K2o":{"weight":0.0,"played":[0.9653,0.0347],"evs":[0.0,-2.43083]},"A2o":{"weight":0.0,"played":[0.0122,0.9878],"evs":[0.0,1.41274]},"32s":{"weight":0.0,"played":[0.9647,0.0353],"evs":[0.0,-2.38348]},"33":{"weight":0.016,"played":[0.0,1.0],"evs":[0.0,3.76101]},"43o":{"weight":0.0,"played":[0.918,0.082],"evs":[0.0,-2.06036]},"53o":{"weight":0.0,"played":[0.9485,0.0515],"evs":[0.0,-1.0348]},"63o":{"weight":0.0,"played":[0.9997,3.0E-4],"evs":[0.0,-0.55774]},"73o":{"weight":0.0,"played":[0.6948,0.3052],"evs":[0.0,-0.63865]},"83o":{"weight":0.0,"played":[0.9997,3.0E-4],"evs":[0.0,-3.02646]},"93o":{"weight":0.0,"played":[0.9999,1.0E-4],"evs":[0.0,-2.27182]},"T3o":{"weight":0.0,"played":[0.9951,0.0049],"evs":[0.0,-3.15706]},"J3o":{"weight":0.0,"played":[0.991,0.009],"evs":[0.0,-1.74551]},"Q3o":{"weight":0.0,"played":[0.9885,0.0115],"evs":[0.0,-2.09186]},"K3o":{"weight":0.0,"played":[0.929,0.071],"evs":[0.0,-0.72219]},"A3o":{"weight":0.0,"played":[0.0013,0.9987],"evs":[0.0,2.43791]},"42s":{"weight":0.0,"played":[0.946,0.054],"evs":[0.0,-1.14855]},"43s":{"weight":0.0,"played":[0.9386,0.0614],"evs":[0.0,-1.73602]},"44":{"weight":0.0559,"played":[0.0,1.0],"evs":[0.0,7.75611]},"54o":{"weight":0.0,"played":[0.2104,0.7896],"evs":[0.0,-0.45414]},"64o":{"weight":0.0,"played":[0.3959,0.6041],"evs":[0.0,1.30328]},"74o":{"weight":0.0,"played":[0.9106,0.0894],"evs":[0.0,-0.25896]},"84o":{"weight":0.0,"played":[0.8848,0.1152],"evs":[0.0,-1.38574]},"94o":{"weight":0.0,"played":[0.9836,0.0164],"evs":[0.0,-2.34647]},"T4o":{"weight":0.0,"played":[0.9989,0.0011],"evs":[0.0,-2.197]},"J4o":{"weight":0.0,"played":[0.9856,0.0144],"evs":[0.0,-1.94251]},"Q4o":{"weight":0.0,"played":[0.9882,0.0118],"evs":[0.0,-1.46348]},"K4o":{"weight":0.0,"played":[0.9538,0.0462],"evs":[0.0,-0.73787]},"A4o":{"weight":0.0,"played":[0.0011,0.9989],"evs":[0.0,3.75587]},"52s":{"weight":0.0,"played":[0.1879,0.8121],"evs":[0.0,0.61763]},"53s":{"weight":0.0,"played":[0.1454,0.8546],"evs":[0.0,2.14102]},"54s":{"weight":0.0,"played":[0.1794,0.8206],"evs":[0.0,2.64141]},"55":{"weight":0.0062,"played":[0.0,1.0],"evs":[0.0,10.29824]},"65o":{"weight":0.0,"played":[0.0173,0.9827],"evs":[0.0,2.3756]},"75o":{"weight":0.0,"played":[0.8214,0.1786],"evs":[0.0,0.07551]},"85o":{"weight":0.0,"played":[0.3783,0.6217],"evs":[0.0,0.81194]},"95o":{"weight":0.0,"played":[0.9917,0.0083],"evs":[0.0,-1.59572]},"T5o":{"weight":0.0,"played":[0.9845,0.0155],"evs":[0.0,-1.82567]},"J5o":{"weight":0.0,"played":[0.9279,0.0721],"evs":[0.0,-0.59806]},"Q5o":{"weight":0.0,"played":[0.4673,0.5327],"evs":[0.0,1.01516]},"K5o":{"weight":0.0,"played":[0.3066,0.6934],"evs":[0.0,0.73667]},"A5o":{"weight":0.0,"played":[0.001,0.999],"evs":[0.0,5.34726]},"62s":{"weight":0.0,"played":[0.3676,0.6324],"evs":[0.0,2.34438]},"63s":{"weight":0.0,"played":[0.4205,0.5795],"evs":[0.0,3.01733]},"64s":{"weight":0.0,"played":[0.0012,0.9988],"evs":[0.0,3.98607]},"65s":{"weight":0.0,"played":[1.0E-4,0.9999],"evs":[0.0,4.83749]},"66":{"weight":0.0,"played":[0.0,1.0],"evs":[0.0,11.22574]},"76o":{"weight":0.0,"played":[0.001,0.999],"evs":[0.0,2.58118]},"86o":{"weight":0.0,"played":[0.0016,0.9984],"evs":[0.0,3.02188]},"96o":{"weight":0.0,"played":[0.0291,0.9709],"evs":[0.0,1.31182]},"T6o":{"weight":0.0,"played":[0.139,0.861],"evs":[0.0,1.16891]},"J6o":{"weight":0.0,"played":[0.7762,0.2238],"evs":[0.0,-0.06181]},"Q6o":{"weight":0.0,"played":[0.1055,0.8945],"evs":[0.0,1.4114]},"K6o":{"weight":0.0,"played":[0.0,1.0],"evs":[0.0,1.52021]},"A6o":{"weight":0.0066,"played":[1.0E-4,0.9999],"evs":[0.0,4.07032]},"72s":{"weight":0.0,"played":[0.5678,0.4322],"evs":[0.0,1.16015]},"73s":{"weight":0.0,"played":[0.5526,0.4474],"evs":[0.0,0.96678]},"74s":{"weight":0.0,"played":[0.283,0.717],"evs":[0.0,0.85598]},"75s":{"weight":0.0,"played":[0.0259,0.9741],"evs":[0.0,4.4774]},"76s":{"weight":0.9821,"played":[2.0E-4,0.9998],"evs":[0.0,4.64716]},"77":{"weight":0.0024,"played":[0.0,1.0],"evs":[0.0,13.29285]},"87o":{"weight":0.0,"played":[0.0,1.0],"evs":[0.0,1.17012]},"97o":{"weight":0.0,"played":[0.0108,0.9892],"evs":[0.0,1.58673]},"T7o":{"weight":0.0,"played":[0.0874,0.9126],"evs":[0.0,0.0203]},"J7o":{"weight":0.0,"played":[0.1584,0.8416],"evs":[0.0,0.46778]},"Q7o":{"weight":0.0,"played":[0.1702,0.8298],"evs":[0.0,0.33371]},"K7o":{"weight":0.0,"played":[0.0814,0.9186],"evs":[0.0,2.0152]},"A7o":{"weight":0.1078,"played":[0.0,1.0],"evs":[0.0,6.48716]},"82s":{"weight":0.0,"played":[0.9914,0.0086],"evs":[0.0,-1.12381]},"83s":{"weight":0.0,"played":[0.0282,0.9718],"evs":[0.0,2.3079]},"84s":{"weight":0.0,"played":[0.0305,0.9695],"evs":[0.0,2.15134]},"85s":{"weight":0.0,"played":[0.151,0.849],"evs":[0.0,0.59521]},"86s":{"weight":0.0,"played":[0.0021,0.9979],"evs":[0.0,2.09413]},"87s":{"weight":0.1607,"played":[0.0,1.0],"evs":[0.0,2.91165]},"88":{"weight":0.5621,"played":[0.0,1.0],"evs":[0.0,14.26542]},"98o":{"weight":0.0,"played":[0.0014,0.9986],"evs":[0.0,3.9747]},"T8o":{"weight":0.0,"played":[0.0619,0.9381],"evs":[0.0,1.82772]},"J8o":{"weight":0.0,"played":[0.0468,0.9532],"evs":[0.0,0.66048]},"Q8o":{"weight":0.0,"played":[0.2098,0.7902],"evs":[0.0,0.71539]},"K8o":{"weight":0.0,"played":[0.0,1.0],"evs":[0.0,2.27597]},"A8o":{"weight":5.0E-4,"played":[0.0,1.0],"evs":[0.0,6.86229]},"92s":{"weight":0.0,"played":[0.8576,0.1424],"evs":[0.0,-0.8491]},"93s":{"weight":0.0,"played":[0.0179,0.9821],"evs":[0.0,0.65588]},"94s":{"weight":0.0,"played":[0.4922,0.5078],"evs":[0.0,0.21395]},"95s":{"weight":0.0,"played":[0.0187,0.9813],"evs":[0.0,2.7728]},"96s":{"weight":0.0,"played":[0.0017,0.9983],"evs":[0.0,1.46958]},"97s":{"weight":0.0039,"played":[6.0E-4,0.9994],"evs":[0.0,3.08515]},"98s":{"weight":0.9071,"played":[2.0E-4,0.9998],"evs":[0.0,4.38572]},"99":{"weight":0.0264,"played":[1.0E-4,0.9999],"evs":[0.0,14.19869]},"T9o":{"weight":0.0,"played":[0.0145,0.9855],"evs":[0.0,1.5822]},"J9o":{"weight":0.0,"played":[0.1063,0.8937],"evs":[0.0,1.85543]},"Q9o":{"weight":0.0,"played":[3.0E-4,0.9997],"evs":[0.0,2.57499]},"K9o":{"weight":0.1013,"played":[0.0012,0.9988],"evs":[0.0,3.49003]},"A9o":{"weight":0.2305,"played":[0.0,1.0],"evs":[0.0,7.2745]},"T2s":{"weight":0.0,"played":[0.3405,0.6595],"evs":[0.0,-0.29871]},"T3s":{"weight":0.0,"played":[0.9459,0.0541],"evs":[0.0,-1.66431]},"T4s":{"weight":0.0,"played":[0.1227,0.8773],"evs":[0.0,0.52181]},"T5s":{"weight":0.0,"played":[0.0411,0.9589],"evs":[0.0,0.14024]},"T6s":{"weight":0.0,"played":[0.0274,0.9726],"evs":[0.0,2.63805]},"T7s":{"weight":0.3248,"played":[3.0E-4,0.9997],"evs":[0.0,3.50882]},"T8s":{"weight":0.383,"played":[3.0E-4,0.9997],"evs":[0.0,3.9178]},"T9s":{"weight":0.5993,"played":[0.0079,0.9921],"evs":[0.0,4.01111]},"TT":{"weight":6.0E-4,"played":[0.0,1.0],"evs":[0.0,16.33587]},"JTo":{"weight":0.0,"played":[0.0019,0.9981],"evs":[0.0,2.81511]},"QTo":{"weight":0.0217,"played":[0.0,1.0],"evs":[0.0,3.36415]},"KTo":{"weight":0.0727,"played":[0.0,1.0],"evs":[0.0,4.69796]},"ATo":{"weight":0.0076,"played":[0.0,1.0],"evs":[0.0,9.63744]},"J2s":{"weight":0.0,"played":[0.713,0.287],"evs":[0.0,-2.09641]},"J3s":{"weight":0.0,"played":[0.3685,0.6315],"evs":[0.0,1.6911]},"J4s":{"weight":0.0,"played":[0.0108,0.9892],"evs":[0.0,0.1583]},"J5s":{"weight":0.0,"played":[0.0165,0.9835],"evs":[0.0,2.21437]},"J6s":{"weight":0.0,"played":[0.1819,0.8181],"evs":[0.0,2.2175]},"J7s":{"weight":0.0,"played":[0.0031,0.9969],"evs":[0.0,2.20095]},"J8s":{"weight":0.3497,"played":[8.0E-4,0.9992],"evs":[0.0,3.34164]},"J9s":{"weight":0.1286,"played":[0.0092,0.9908],"evs":[0.0,4.44853]},"JTs":{"weight":0.0305,"played":[0.0,1.0],"evs":[0.0,3.07111]},"JJ":{"weight":0.0183,"played":[0.0,1.0],"evs":[0.0,18.03796]},"QJo":{"weight":0.0221,"played":[2.0E-4,0.9998],"evs":[0.0,4.12693]},"KJo":{"weight":0.0018,"played":[5.0E-4,0.9995],"evs":[0.0,7.50199]},"AJo":{"weight":0.4244,"played":[0.0,1.0],"evs":[0.0,9.46605]},"Q2s":{"weight":0.0,"played":[0.427,0.573],"evs":[0.0,0.10448]},"Q3s":{"weight":0.0,"played":[0.5448,0.4552],"evs":[0.0,0.24136]},"Q4s":{"weight":0.0,"played":[0.0083,0.9917],"evs":[0.0,2.60856]},"Q5s":{"weight":0.0,"played":[0.0426,0.9574],"evs":[0.0,1.61192]},"Q6s":{"weight":0.0,"played":[0.2044,0.7956],"evs":[0.0,2.12163]},"Q7s":{"weight":0.0271,"played":[0.0069,0.9931],"evs":[0.0,2.70355]},"Q8s":{"weight":0.0,"played":[0.0057,0.9943],"evs":[0.0,3.92604]},"Q9s":{"weight":0.0051,"played":[0.0022,0.9978],"evs":[0.0,4.75825]},"QTs":{"weight":0.0094,"played":[1.0E-4,0.9999],"evs":[0.0,4.82292]},"QJs":{"weight":0.0503,"played":[8.0E-4,0.9992],"evs":[0.0,6.59175]},"QQ":{"weight":0.2848,"played":[0.0,1.0],"evs":[0.0,21.90306]},"KQo":{"weight":0.0475,"played":[0.0,1.0],"evs":[0.0,8.84613]},"AQo":{"weight":0.3343,"played":[0.0,1.0],"evs":[0.0,10.29508]},"K2s":{"weight":0.0,"played":[0.0438,0.9562],"evs":[0.0,3.61671]},"K3s":{"weight":0.0,"played":[0.145,0.855],"evs":[0.0,0.32076]},"K4s":{"weight":0.0,"played":[0.0015,0.9985],"evs":[0.0,3.60211]},"K5s":{"weight":0.0025,"played":[0.0029,0.9971],"evs":[0.0,1.05637]},"K6s":{"weight":0.2696,"played":[1.0E-4,0.9999],"evs":[0.0,3.43979]},"K7s":{"weight":0.7487,"played":[0.0012,0.9988],"evs":[0.0,3.36147]},"K8s":{"weight":0.2471,"played":[0.0013,0.9987],"evs":[0.0,4.7124]},"K9s":{"weight":0.5529,"played":[4.0E-4,0.9996],"evs":[0.0,4.26153]},"KTs":{"weight":1.0E-4,"played":[6.0E-4,0.9994],"evs":[0.0,6.58233]},"KJs":{"weight":0.3269,"played":[1.0E-4,0.9999],"evs":[0.0,8.68811]},"KQs":{"weight":0.4107,"played":[0.0,1.0],"evs":[0.0,10.34536]},"KK":{"weight":0.2436,"played":[0.0,1.0],"evs":[0.0,25.45196]},"AKo":{"weight":0.086,"played":[0.0,1.0],"evs":[0.0,11.21864]},"A2s":{"weight":0.2269,"played":[2.0E-4,0.9998],"evs":[0.0,4.73473]},"A3s":{"weight":0.5001,"played":[0.0,1.0],"evs":[0.0,4.71503]},"A4s":{"weight":0.0022,"played":[0.0,1.0],"evs":[0.0,8.21719]},"A5s":{"weight":7.0E-4,"played":[0.001,0.999],"evs":[0.0,7.60426]},"A6s":{"weight":0.7521,"played":[9.0E-4,0.9991],"evs":[0.0,7.35443]},"A7s":{"weight":0.0096,"played":[3.0E-4,0.9997],"evs":[0.0,7.46768]},"A8s":{"weight":0.0457,"played":[4.0E-4,0.9996],"evs":[0.0,6.28353]},"A9s":{"weight":0.4594,"played":[1.0E-4,0.9999],"evs":[0.0,9.63372]},"ATs":{"weight":0.0549,"played":[0.0,1.0],"evs":[0.0,10.95815]},"AJs":{"weight":0.1803,"played":[0.0,1.0],"evs":[0.0,11.46213]},"AQs":{"weight":0.0298,"played":[0.0,1.0],"evs":[0.0,12.23831]},"AKs":{"weight":0.1156,"played":[0.0,1.0],"evs":[0.0,14.02039]},"AA":{"weight":0.839,"played":[0.0,1.0],"evs":[0.0,28.01642]}}}