{"player":3,"street":0,"children":2,"sequence":[{"player":0,"type":"F","amount":0,"street":0},{"player":1,"type":"F","amount":0,"street":0},{"player":2,"type":"F","amount":0,"street":0},{"player":3,"type":"R","amount":200000,"street":0},{"player":4,"type":"R","amount":2395000,"street":0},{"player":5,"type":"C","amount":795000,"street":0}],"actions":[{"type":"F","amount":0},{"type":"C","amount":2195000}],"hands":{"22":{"weight":0.0,"played":[1.0,0.0],"evs":[0.0,-0.79196]},"32o":{"weight":0.0,"played":[1.0,0.0],"evs":[0.0,-5.86296]},"42o":{"weight":0.0,"played":[1.0,0.0],"evs":[0.0,-5.53858]},"52o":{"weight":0.0,"played":[1.0,0.0],"evs":[0.0,-5.26954]},"62o":{"weight":0.0,"played":[1.0,0.0],"evs":[0.0,-5.53316]},"72o":{"weight":0.0,"played":[1.0,0.0],"evs":[0.0,-6.02441]},"82o":{"weight":0.0,"played":[1.0,0.0],"evs":[0.0,-5.75954]},"92o":{"weight":0.0,"played":[1.0,0.0],"evs":[0.0,-5.55864]},"T2o":{"weight":0.0,"played":[1.0,0.0],"evs":[0.0,-5.44106]},"J2o":{"weight":0.0,"played":[1.0,0.0],"evs":[0.0,-4.99945]},"Q2o":{"weight":0.0,"played":[1.0,0.0],"evs":[0.0,-4.52302]},"K2o":{"weight":0.0,"played":[1.0,0.0],"evs":[0.0,-3.88098]},"A2o":{"weight":1.0,"played":[1.0,0.0],"evs":[0.0,-2.57783]},"32s":{"weight":0.0,"played":[1.0,0.0],"evs":[0.0,-4.29187]},"33":{"weight":0.0,"played":[0.0309,0.9691],"evs":[0.0,0.02262]},"43o":{"weight":0.0,"played":[1.0,0.0],"evs":[0.0,-4.79234]},"53o":{"weight":0.0,"played":[1.0,0.0],"evs":[0.0,-4.5504]},"63o":{"weight":0.0,"played":[1.0,0.0],"evs":[0.0,-4.78578]},"73o":{"weight":0.0,"played":[1.0,0.0],"evs":[0.0,-5.23587]},"83o":{"weight":0.0,"played":[1.0,0.0],"evs":[0.0,-5.57237]},"93o":{"weight":0.0,"played":[1.0,0.0],"evs":[0.0,-5.17863]},"T3o":{"weight":0.0,"played":[1.0,0.0],"evs":[0.0,-5.12989]},"J3o":{"weight":0.0,"played":[1.0,0.0],"evs":[0.0,-4.73156]},"Q3o":{"weight":0.0,"played":[1.0,0.0],"evs":[0.0,-4.2823]},"K3o":{"weight":0.0,"played":[1.0,0.0],"evs":[0.0,-3.57366]},"A3o":{"weight":1.0,"played":[1.0,0.0],"evs":[0.0,-2.20513]},"42s":{"weight":0.0,"played":[1.0,0.0],"evs":[0.0,-3.89263]},"43s":{"weight":0.0,"played":[1.0,0.0],"evs":[0.0,-3.30884]},"44":{"weight":0.0,"played":[0.0,1.0],"evs":[0.0,0.94441]},"54o":{"weight":0.0,"played":[1.0,0.0],"evs":[0.0,-3.76485]},"64o":{"weight":0.0,"played":[1.0,0.0],"evs":[0.0,-4.05094]},"74o":{"weight":0.0,"played":[1.0,0.0],"evs":[0.0,-4.51083]},"84o":{"weight":0.0,"played":[1.0,0.0],"evs":[0.0,-4.82694]},"94o":{"weight":0.0,"played":[1.0,0.0],"evs":[0.0,-5.04132]},"T4o":{"weight":0.0,"played":[1.0,0.0],"evs":[0.0,-4.8014]},"J4o":{"weight":0.0,"played":[1.0,0.0],"evs":[0.0,-4.40977]},"Q4o":{"weight":0.0,"played":[1.0,0.0],"evs":[0.0,-3.98025]},"K4o":{"weight":0.0,"played":[1.0,0.0],"evs":[0.0,-3.28948]},"A4o":{"weight":1.0,"played":[1.0,0.0],"evs":[0.0,-1.86973]},"52s":{"weight":0.0,"played":[1.0,0.0],"evs":[0.0,-3.73876]},"53s":{"weight":0.0,"played":[1.0,0.0],"evs":[0.0,-3.03307]},"54s":{"weight":0.0,"played":[1.0,0.0],"evs":[0.0,-2.35509]},"55":{"weight":0.617,"played":[0.0,1.0],"evs":[0.0,1.79123]},"65o":{"weight":0.0,"played":[1.0,0.0],"evs":[0.0,-3.40435]},"75o":{"weight":0.0,"played":[1.0,0.0],"evs":[0.0,-3.78807]},"85o":{"weight":0.0,"played":[1.0,0.0],"evs":[0.0,-4.0789]},"95o":{"weight":0.0,"played":[1.0,0.0],"evs":[0.0,-4.3456]},"T5o":{"weight":0.0,"played":[1.0,0.0],"evs":[0.0,-4.61151]},"J5o":{"weight":0.0,"played":[1.0,0.0],"evs":[0.0,-4.17739]},"Q5o":{"weight":0.0,"played":[1.0,0.0],"evs":[0.0,-3.70914]},"K5o":{"weight":0.0,"played":[1.0,0.0],"evs":[0.0,-2.97027]},"A5o":{"weight":1.0,"played":[1.0,0.0],"evs":[0.0,-1.38309]},"62s":{"weight":0.0,"played":[1.0,0.0],"evs":[0.0,-3.93333]},"63s":{"weight":0.0,"played":[1.0,0.0],"evs":[0.0,-3.27462]},"64s":{"weight":0.0,"played":[1.0,0.0],"evs":[0.0,-2.6366]},"65s":{"weight":0.4567,"played":[1.0,0.0],"evs":[0.0,-1.9122]},"66":{"weight":1.0,"played":[0.0,1.0],"evs":[0.0,2.58643]},"76o":{"weight":0.0,"played":[1.0,0.0],"evs":[0.0,-3.08886]},"86o":{"weight":0.0,"played":[1.0,0.0],"evs":[0.0,-3.32917]},"96o":{"weight":0.0,"played":[1.0,0.0],"evs":[0.0,-3.56042]},"T6o":{"weight":0.0,"played":[1.0,0.0],"evs":[0.0,-3.84082]},"J6o":{"weight":0.0,"played":[1.0,0.0],"evs":[0.0,-3.85564]},"Q6o":{"weight":0.0,"played":[1.0,0.0],"evs":[0.0,-3.34852]},"K6o":{"weight":0.0,"played":[1.0,0.0],"evs":[0.0,-2.60711]},"A6o":{"weight":1.0,"played":[1.0,0.0],"evs":[0.0,-1.43951]},"72s":{"weight":0.0,"played":[1.0,0.0],"evs":[0.0,-4.39683]},"73s":{"weight":0.0,"played":[1.0,0.0],"evs":[0.0,-3.74629]},"74s":{"weight":0.0,"played":[1.0,0.0],"evs":[0.0,-3.0504]},"75s":{"weight":1.0E-4,"played":[1.0,0.0],"evs":[0.0,-2.30811]},"76s":{"weight":1.0,"played":[1.0,0.0],"evs":[0.0,-1.68624]},"77":{"weight":1.0,"played":[0.0,1.0],"evs":[0.0,3.34824]},"87o":{"weight":0.0,"played":[1.0,0.0],"evs":[0.0,-2.94896]},"97o":{"weight":0.0,"played":[1.0,0.0],"evs":[0.0,-3.09336]},"T7o":{"weight":0.0,"played":[1.0,0.0],"evs":[0.0,-3.43217]},"J7o":{"weight":0.0,"played":[1.0,0.0],"evs":[0.0,-3.50425]},"Q7o":{"weight":0.0,"played":[1.0,0.0],"evs":[0.0,-3.45552]},"K7o":{"weight":0.0925,"played":[1.0,0.0],"evs":[0.0,-2.49023]},"A7o":{"weight":0.0,"played":[1.0,0.0],"evs":[0.0,-0.85474]},"82s":{"weight":0.0,"played":[1.0,0.0],"evs":[0.0,-4.18207]},"83s":{"weight":0.0,"played":[1.0,0.0],"evs":[0.0,-3.97336]},"84s":{"weight":0.0,"played":[1.0,0.0],"evs":[0.0,-3.2891]},"85s":{"weight":0.0,"played":[1.0,0.0],"evs":[0.0,-2.57243]},"86s":{"weight":1.0,"played":[1.0,0.0],"evs":[0.0,-1.88379]},"87s":{"weight":1.0,"played":[1.0,0.0],"evs":[0.0,-1.50264]},"88":{"weight":1.0,"played":[0.0,1.0],"evs":[0.0,4.37452]},"98o":{"weight":4.0E-4,"played":[1.0,0.0],"evs":[0.0,-2.64307]},"T8o":{"weight":0.9868,"played":[1.0,0.0],"evs":[0.0,-2.80035]},"J8o":{"weight":1.0E-4,"played":[1.0,0.0],"evs":[0.0,-2.79296]},"Q8o":{"weight":0.175,"played":[1.0,0.0],"evs":[0.0,-2.74425]},"K8o":{"weight":1.0,"played":[1.0,0.0],"evs":[0.0,-2.19247]},"A8o":{"weight":0.0,"played":[0.6595,0.3405],"evs":[0.0,-0.01621]},"92s":{"weight":0.0,"played":[1.0,0.0],"evs":[0.0,-3.86613]},"93s":{"weight":0.0,"played":[1.0,0.0],"evs":[0.0,-3.69778]},"94s":{"weight":0.0,"played":[1.0,0.0],"evs":[0.0,-3.45261]},"95s":{"weight":0.0,"played":[1.0,0.0],"evs":[0.0,-2.80238]},"96s":{"weight":0.849,"played":[1.0,0.0],"evs":[0.0,-2.05598]},"97s":{"weight":1.0,"played":[1.0,0.0],"evs":[0.0,-1.67944]},"98s":{"weight":1.0,"played":[1.0,0.0],"evs":[0.0,-1.17057]},"99":{"weight":1.0,"played":[0.0,1.0],"evs":[0.0,5.53391]},"T9o":{"weight":1.0,"played":[1.0,0.0],"evs":[0.0,-2.05779]},"J9o":{"weight":1.0,"played":[1.0,0.0],"evs":[0.0,-2.06087]},"Q9o":{"weight":1.0,"played":[1.0,0.0],"evs":[0.0,-1.95451]},"K9o":{"weight":1.0,"played":[1.0,0.0],"evs":[0.0,-1.49335]},"A9o":{"weight":0.2979,"played":[0.0,1.0],"evs":[0.0,0.79833]},"T2s":{"weight":0.0,"played":[1.0,0.0],"evs":[0.0,-3.83982]},"T3s":{"weight":0.0,"played":[1.0,0.0],"evs":[0.0,-3.56614]},"T4s":{"weight":0.0,"played":[1.0,0.0],"evs":[0.0,-3.27539]},"T5s":{"weight":0.0,"played":[1.0,0.0],"evs":[0.0,-3.15957]},"T6s":{"weight":1.0,"played":[1.0,0.0],"evs":[0.0,-2.40956]},"T7s":{"weight":1.0,"played":[1.0,0.0],"evs":[0.0,-1.97518]},"T8s":{"weight":1.0,"played":[1.0,0.0],"evs":[0.0,-1.36829]},"T9s":{"weight":1.0,"played":[0.9998,2.0E-4],"evs":[0.0,-0.69395]},"TT":{"weight":1.0,"played":[0.0,1.0],"evs":[0.0,7.24198]},"JTo":{"weight":1.0,"played":[1.0,0.0],"evs":[0.0,-1.23441]},"QTo":{"weight":1.0,"played":[1.0,0.0],"evs":[0.0,-1.10518]},"KTo":{"weight":1.0,"played":[1.0,0.0],"evs":[0.0,-0.47517]},"ATo":{"weight":1.0,"played":[0.0,1.0],"evs":[0.0,2.46967]},"J2s":{"weight":0.0,"played":[1.0,0.0],"evs":[0.0,-3.34658]},"J3s":{"weight":0.0,"played":[1.0,0.0],"evs":[0.0,-3.20821]},"J4s":{"weight":0.0,"played":[1.0,0.0],"evs":[0.0,-2.94671]},"J5s":{"weight":0.8833,"played":[1.0,0.0],"evs":[0.0,-2.71155]},"J6s":{"weight":0.9702,"played":[1.0,0.0],"evs":[0.0,-2.3952]},"J7s":{"weight":1.0,"played":[1.0,0.0],"evs":[0.0,-1.99836]},"J8s":{"weight":1.0,"played":[1.0,0.0],"evs":[0.0,-1.36554]},"J9s":{"weight":1.0,"played":[1.0,0.0],"evs":[0.0,-0.63122]},"JTs":{"weight":0.7305,"played":[0.0065,0.9935],"evs":[0.0,0.0821]},"JJ":{"weight":1.0,"played":[0.0,1.0],"evs":[0.0,8.77968]},"QJo":{"weight":0.9995,"played":[1.0,0.0],"evs":[0.0,-0.4548]},"KJo":{"weight":0.9961,"played":[0.6103,0.3897],"evs":[0.0,-0.00853]},"AJo":{"weight":1.0,"played":[0.0,1.0],"evs":[0.0,3.54753]},"Q2s":{"weight":0.0,"played":[1.0,0.0],"evs":[0.0,-2.99534]},"Q3s":{"weight":0.0,"played":[1.0,0.0],"evs":[0.0,-2.68181]},"Q4s":{"weight":0.9774,"played":[1.0,0.0],"evs":[0.0,-2.42324]},"Q5s":{"weight":1.0,"played":[1.0,0.0],"evs":[0.0,-2.17771]},"Q6s":{"weight":1.0,"played":[1.0,0.0],"evs":[0.0,-1.81609]},"Q7s":{"weight":1.0,"played":[1.0,0.0],"evs":[0.0,-1.85896]},"Q8s":{"weight":1.0,"played":[1.0,0.0],"evs":[0.0,-1.23908]},"Q9s":{"weight":1.0,"played":[1.0,0.0],"evs":[0.0,-0.60183]},"QTs":{"weight":0.6497,"played":[1.0E-4,0.9999],"evs":[0.0,0.21085]},"QJs":{"weight":0.3542,"played":[0.0,1.0],"evs":[0.0,0.83718]},"QQ":{"weight":1.0,"played":[0.0,1.0],"evs":[0.0,10.61296]},"KQo":{"weight":0.2996,"played":[0.0,1.0],"evs":[0.0,0.5539]},"AQo":{"weight":1.0,"played":[0.0,1.0],"evs":[0.0,4.87639]},"K2s":{"weight":0.0558,"played":[1.0,0.0],"evs":[0.0,-2.35096]},"K3s":{"weight":1.0,"played":[1.0,0.0],"evs":[0.0,-2.05311]},"K4s":{"weight":1.0,"played":[1.0,0.0],"evs":[0.0,-1.8278]},"K5s":{"weight":1.0,"played":[1.0,0.0],"evs":[0.0,-1.5074]},"K6s":{"weight":1.0,"played":[1.0,0.0],"evs":[0.0,-1.12022]},"K7s":{"weight":1.0,"played":[1.0,0.0],"evs":[0.0,-1.08398]},"K8s":{"weight":1.0,"played":[1.0,0.0],"evs":[0.0,-0.76287]},"K9s":{"weight":1.0,"played":[0.9868,0.0132],"evs":[0.0,-0.12609]},"KTs":{"weight":1.0,"played":[0.0,1.0],"evs":[0.0,0.85191]},"KJs":{"weight":1.0,"played":[0.0,1.0],"evs":[0.0,1.2561]},"KQs":{"weight":1.0,"played":[0.0,1.0],"evs":[0.0,1.8282]},"KK":{"weight":1.0,"played":[0.0,1.0],"evs":[0.0,12.55803]},"AKo":{"weight":1.0,"played":[0.0,1.0],"evs":[0.0,6.16558]},"A2s":{"weight":0.0,"played":[1.0,0.0],"evs":[0.0,-1.05563]},"A3s":{"weight":5.0E-4,"played":[1.0,0.0],"evs":[0.0,-0.72982]},"A4s":{"weight":0.0,"played":[1.0,0.0],"evs":[0.0,-0.48469]},"A5s":{"weight":0.5307,"played":[0.2096,0.7904],"evs":[0.0,0.06503]},"A6s":{"weight":0.9919,"played":[0.3255,0.6745],"evs":[0.0,-0.0137]},"A7s":{"weight":1.0,"played":[0.0,1.0],"evs":[0.0,0.52202]},"A8s":{"weight":1.0,"played":[0.0,1.0],"evs":[0.0,1.326]},"A9s":{"weight":1.0,"played":[0.0,1.0],"evs":[0.0,2.05695]},"ATs":{"weight":1.0,"played":[0.0,1.0],"evs":[0.0,3.65819]},"AJs":{"weight":1.0,"played":[0.0,1.0],"evs":[0.0,4.70293]},"AQs":{"weight":1.0,"played":[0.0,1.0],"evs":[0.0,5.91127]},"AKs":{"weight":1.0,"played":[0.0,1.0],"evs":[0.0,7.11054]},"AA":{"weight":1.0,"played":[0.0,1.0],"evs":[0.0,17.12889]}}}