{"player":2,"street":0,"children":3,"sequence":[{"player":0,"type":"F","amount":0,"street":0},{"player":1,"type":"R","amount":200000,"street":0},{"player":2,"type":"C","amount":200000,"street":0},{"player":3,"type":"F","amount":0,"street":0},{"player":4,"type":"R","amount":800000,"street":0},{"player":5,"type":"F","amount":0,"street":0},{"player":1,"type":"F","amount":0,"street":0}],"actions":[{"type":"F","amount":0},{"type":"C","amount":600000},{"type":"R","amount":1265000,"node":266}],"hands":{"22":{"weight":0.0,"played":[0.0,0.0,1.0],"evs":[0.0,0.87968,0.97281]},"32o":{"weight":0.0,"played":[1.0,0.0,0.0],"evs":[0.0,-1.5268,-1.98741]},"42o":{"weight":0.0,"played":[1.0,0.0,0.0],"evs":[0.0,-1.39683,-1.83119]},"52o":{"weight":0.0,"played":[1.0,0.0,0.0],"evs":[0.0,-1.42618,-1.82975]},"62o":{"weight":0.0,"played":[1.0,0.0,0.0],"evs":[0.0,-1.66123,-2.22129]},"72o":{"weight":0.0,"played":[1.0,0.0,0.0],"evs":[0.0,-1.93804,-2.52947]},"82o":{"weight":0.0,"played":[1.0,0.0,0.0],"evs":[0.0,-1.66585,-2.13877]},"92o":{"weight":0.0,"played":[1.0,0.0,0.0],"evs":[0.0,-1.54179,-1.95728]},"T2o":{"weight":0.0,"played":[1.0,0.0,0.0],"evs":[0.0,-1.56595,-1.90708]},"J2o":{"weight":0.0,"played":[1.0,0.0,0.0],"evs":[0.0,-1.43454,-1.78274]},"Q2o":{"weight":0.0,"played":[1.0,0.0,0.0],"evs":[0.0,-1.43855,-1.76258]},"K2o":{"weight":0.0,"played":[1.0,0.0,0.0],"evs":[0.0,-1.24224,-1.4369]},"A2o":{"weight":0.0,"played":[1.0,0.0,0.0],"evs":[0.0,-0.6217,-0.60005]},"32s":{"weight":0.0,"played":[1.0,0.0,0.0],"evs":[0.0,-0.89121,-1.22215]},"33":{"weight":0.0,"played":[0.0,0.0,1.0],"evs":[0.0,1.17881,1.2089]},"43o":{"weight":0.0,"played":[1.0,0.0,0.0],"evs":[0.0,-1.19852,-1.5785]},"53o":{"weight":0.0,"played":[1.0,0.0,0.0],"evs":[0.0,-1.18994,-1.5574]},"63o":{"weight":0.0,"played":[1.0,0.0,0.0],"evs":[0.0,-1.45325,-1.96667]},"73o":{"weight":0.0,"played":[1.0,0.0,0.0],"evs":[0.0,-1.6322,-2.16098]},"83o":{"weight":0.0,"played":[1.0,0.0,0.0],"evs":[0.0,-1.69484,-2.15306]},"93o":{"weight":0.0,"played":[1.0,0.0,0.0],"evs":[0.0,-1.53264,-1.91329]},"T3o":{"weight":0.0,"played":[1.0,0.0,0.0],"evs":[0.0,-1.49467,-1.8223]},"J3o":{"weight":0.0,"played":[1.0,0.0,0.0],"evs":[0.0,-1.44472,-1.73753]},"Q3o":{"weight":0.0,"played":[1.0,0.0,0.0],"evs":[0.0,-1.38884,-1.72005]},"K3o":{"weight":0.0,"played":[1.0,0.0,0.0],"evs":[0.0,-1.17067,-1.35151]},"A3o":{"weight":0.0,"played":[1.0,0.0,0.0],"evs":[0.0,-0.56771,-0.55213]},"42s":{"weight":0.0,"played":[1.0,0.0,0.0],"evs":[0.0,-0.73692,-1.03021]},"43s":{"weight":0.0,"played":[1.0,0.0,0.0],"evs":[0.0,-0.56267,-0.8217]},"44":{"weight":0.1537,"played":[0.0,0.0,1.0],"evs":[0.0,1.35948,1.3721]},"54o":{"weight":0.0,"played":[1.0,0.0,0.0],"evs":[0.0,-0.95095,-1.23193]},"64o":{"weight":0.0,"played":[1.0,0.0,0.0],"evs":[0.0,-1.19304,-1.59866]},"74o":{"weight":0.0,"played":[1.0,0.0,0.0],"evs":[0.0,-1.41734,-1.86905]},"84o":{"weight":0.0,"played":[1.0,0.0,0.0],"evs":[0.0,-1.42292,-1.78466]},"94o":{"weight":0.0,"played":[1.0,0.0,0.0],"evs":[0.0,-1.48624,-1.86722]},"T4o":{"weight":0.0,"played":[1.0,0.0,0.0],"evs":[0.0,-1.4245,-1.71866]},"J4o":{"weight":0.0,"played":[1.0,0.0,0.0],"evs":[0.0,-1.35583,-1.63839]},"Q4o":{"weight":0.0,"played":[1.0,0.0,0.0],"evs":[0.0,-1.32463,-1.61332]},"K4o":{"weight":0.0,"played":[1.0,0.0,0.0],"evs":[0.0,-1.06836,-1.26666]},"A4o":{"weight":0.0,"played":[1.0,0.0,0.0],"evs":[0.0,-0.45397,-0.43684]},"52s":{"weight":0.0,"played":[1.0,0.0,0.0],"evs":[0.0,-0.81695,-1.14471]},"53s":{"weight":0.0,"played":[0.9999,1.0E-4,0.0],"evs":[0.0,-0.53943,-0.79508]},"54s":{"weight":0.0,"played":[0.9987,0.0013,0.0],"evs":[0.0,-0.37753,-0.56034]},"55":{"weight":0.4401,"played":[0.0,0.0,1.0],"evs":[0.0,1.49625,1.49925]},"65o":{"weight":0.0,"played":[1.0,0.0,0.0],"evs":[0.0,-0.99074,-1.37253]},"75o":{"weight":0.0,"played":[1.0,0.0,0.0],"evs":[0.0,-1.25242,-1.64288]},"85o":{"weight":0.0,"played":[1.0,0.0,0.0],"evs":[0.0,-1.3114,-1.62741]},"95o":{"weight":0.0,"played":[1.0,0.0,0.0],"evs":[0.0,-1.33705,-1.68791]},"T5o":{"weight":0.0,"played":[1.0,0.0,0.0],"evs":[0.0,-1.50751,-1.84169]},"J5o":{"weight":0.0,"played":[1.0,0.0,0.0],"evs":[0.0,-1.38079,-1.67137]},"Q5o":{"weight":0.0,"played":[1.0,0.0,0.0],"evs":[0.0,-1.34847,-1.61232]},"K5o":{"weight":0.0,"played":[1.0,0.0,0.0],"evs":[0.0,-1.14122,-1.33626]},"A5o":{"weight":0.0,"played":[1.0,0.0,0.0],"evs":[0.0,-0.40907,-0.39544]},"62s":{"weight":0.0,"played":[1.0,0.0,0.0],"evs":[0.0,-1.06429,-1.4463]},"63s":{"weight":0.0,"played":[1.0,0.0,0.0],"evs":[0.0,-0.88299,-1.23254]},"64s":{"weight":0.0,"played":[1.0,0.0,0.0],"evs":[0.0,-0.53889,-0.78949]},"65s":{"weight":0.0,"played":[1.0,0.0,0.0],"evs":[0.0,-0.3851,-0.63189]},"66":{"weight":7.0E-4,"played":[0.0,0.2388,0.7612],"evs":[0.0,1.81252,1.81337]},"76o":{"weight":0.0,"played":[1.0,0.0,0.0],"evs":[0.0,-1.10181,-1.46174]},"86o":{"weight":0.0,"played":[1.0,0.0,0.0],"evs":[0.0,-1.11793,-1.46052]},"96o":{"weight":0.0,"played":[1.0,0.0,0.0],"evs":[0.0,-1.21485,-1.54625]},"T6o":{"weight":0.0,"played":[1.0,0.0,0.0],"evs":[0.0,-1.40956,-1.74399]},"J6o":{"weight":0.0,"played":[1.0,0.0,0.0],"evs":[0.0,-1.48157,-1.83819]},"Q6o":{"weight":0.0,"played":[1.0,0.0,0.0],"evs":[0.0,-1.41982,-1.7493]},"K6o":{"weight":0.0,"played":[1.0,0.0,0.0],"evs":[0.0,-1.23079,-1.45028]},"A6o":{"weight":0.0,"played":[1.0,0.0,0.0],"evs":[0.0,-0.41655,-0.40261]},"72s":{"weight":0.0,"played":[1.0,0.0,0.0],"evs":[0.0,-1.24994,-1.63816]},"73s":{"weight":0.0,"played":[1.0,0.0,0.0],"evs":[0.0,-1.00844,-1.35666]},"74s":{"weight":0.0,"played":[1.0,0.0,0.0],"evs":[0.0,-0.72937,-1.01365]},"75s":{"weight":0.0,"played":[1.0,0.0,0.0],"evs":[0.0,-0.60933,-0.85898]},"76s":{"weight":0.0,"played":[0.9996,2.0E-4,2.0E-4],"evs":[0.0,-0.49042,-0.75395]},"77":{"weight":0.0,"played":[0.0,0.6205,0.3795],"evs":[0.0,2.34687,2.34769]},"87o":{"weight":0.0,"played":[1.0,0.0,0.0],"evs":[0.0,-0.94882,-1.25218]},"97o":{"weight":0.0,"played":[1.0,0.0,0.0],"evs":[0.0,-1.05103,-1.34249]},"T7o":{"weight":0.0,"played":[1.0,0.0,0.0],"evs":[0.0,-1.21397,-1.50155]},"J7o":{"weight":0.0,"played":[1.0,0.0,0.0],"evs":[0.0,-1.31186,-1.62558]},"Q7o":{"weight":0.0,"played":[1.0,0.0,0.0],"evs":[0.0,-1.47043,-1.81064]},"K7o":{"weight":0.0,"played":[1.0,0.0,0.0],"evs":[0.0,-1.22052,-1.41328]},"A7o":{"weight":0.0,"played":[0.0575,7.0E-4,0.9418],"evs":[0.0,0.3782,0.39269]},"82s":{"weight":0.0,"played":[1.0,0.0,0.0],"evs":[0.0,-1.01508,-1.32191]},"83s":{"weight":0.0,"played":[1.0,0.0,0.0],"evs":[0.0,-1.06586,-1.36869]},"84s":{"weight":0.0,"played":[1.0,0.0,0.0],"evs":[0.0,-0.83301,-1.06445]},"85s":{"weight":0.0,"played":[1.0,0.0,0.0],"evs":[0.0,-0.68098,-0.93109]},"86s":{"weight":0.0,"played":[0.9999,0.0,0.0],"evs":[0.0,-0.53368,-0.75675]},"87s":{"weight":0.0,"played":[0.9992,8.0E-4,0.0],"evs":[0.0,-0.41137,-0.64292]},"88":{"weight":0.0,"played":[0.0,0.0161,0.9839],"evs":[0.0,3.06011,3.06311]},"98o":{"weight":0.0,"played":[1.0,0.0,0.0],"evs":[0.0,-0.64073,-0.85642]},"T8o":{"weight":0.0,"played":[1.0,0.0,0.0],"evs":[0.0,-0.83029,-1.03672]},"J8o":{"weight":0.0,"played":[1.0,0.0,0.0],"evs":[0.0,-0.8753,-1.11614]},"Q8o":{"weight":0.0,"played":[1.0,0.0,0.0],"evs":[0.0,-1.06455,-1.31397]},"K8o":{"weight":0.0,"played":[1.0,0.0,0.0],"evs":[0.0,-1.00094,-1.13929]},"A8o":{"weight":0.0,"played":[1.0E-4,2.0E-4,0.9997],"evs":[0.0,1.50163,1.51685]},"92s":{"weight":0.0,"played":[1.0,0.0,0.0],"evs":[0.0,-0.91512,-1.20252]},"93s":{"weight":0.0,"played":[1.0,0.0,0.0],"evs":[0.0,-0.91115,-1.18353]},"94s":{"weight":0.0,"played":[1.0,0.0,0.0],"evs":[0.0,-0.90126,-1.13151]},"95s":{"weight":0.0,"played":[1.0,0.0,0.0],"evs":[0.0,-0.67456,-0.86546]},"96s":{"weight":0.0,"played":[1.0,0.0,0.0],"evs":[0.0,-0.54962,-0.81871]},"97s":{"weight":0.0,"played":[1.0,0.0,0.0],"evs":[0.0,-0.35987,-0.57518]},"98s":{"weight":0.0,"played":[0.0958,0.9038,3.0E-4],"evs":[0.0,0.03312,-0.11364]},"99":{"weight":0.0,"played":[0.0,1.0E-4,0.9999],"evs":[0.0,3.33419,3.33755]},"T9o":{"weight":0.0,"played":[1.0,0.0,0.0],"evs":[0.0,-0.4523,-0.62964]},"J9o":{"weight":0.0,"played":[0.9999,1.0E-4,0.0],"evs":[0.0,-0.57613,-0.7731]},"Q9o":{"weight":0.0,"played":[1.0,0.0,0.0],"evs":[0.0,-0.66809,-0.87293]},"K9o":{"weight":0.0,"played":[1.0,0.0,0.0],"evs":[0.0,-0.54877,-0.70344]},"A9o":{"weight":3.0E-4,"played":[0.0,1.0E-4,0.9999],"evs":[0.0,2.1644,2.19504]},"T2s":{"weight":0.0,"played":[0.9999,0.0,0.0],"evs":[0.0,-0.87712,-1.11525]},"T3s":{"weight":0.0,"played":[1.0,0.0,0.0],"evs":[0.0,-0.84963,-1.05278]},"T4s":{"weight":0.0,"played":[0.9999,1.0E-4,0.0],"evs":[0.0,-0.78548,-0.97933]},"T5s":{"weight":0.0,"played":[1.0,0.0,0.0],"evs":[0.0,-0.89734,-1.10777]},"T6s":{"weight":0.0,"played":[1.0,0.0,0.0],"evs":[0.0,-0.67828,-0.88777]},"T7s":{"weight":0.0,"played":[1.0,0.0,0.0],"evs":[0.0,-0.56264,-0.76897]},"T8s":{"weight":0.0,"played":[0.9835,0.016,5.0E-4],"evs":[0.0,-0.19689,-0.32648]},"T9s":{"weight":1.0E-4,"played":[0.0024,0.9952,0.0024],"evs":[0.0,0.18058,0.05123]},"TT":{"weight":0.0,"played":[0.0,0.0,1.0],"evs":[0.0,3.68612,3.68875]},"JTo":{"weight":0.0,"played":[0.9967,0.0031,2.0E-4],"evs":[0.0,-0.31363,-0.4016]},"QTo":{"weight":0.0,"played":[0.999,0.001,0.0],"evs":[0.0,-0.4058,-0.50714]},"KTo":{"weight":0.0,"played":[0.9992,7.0E-4,2.0E-4],"evs":[0.0,-0.28324,-0.3125]},"ATo":{"weight":0.0,"played":[0.0,0.0,1.0],"evs":[0.0,2.85877,2.87723]},"J2s":{"weight":0.0,"played":[1.0,0.0,0.0],"evs":[0.0,-0.80675,-1.01055]},"J3s":{"weight":0.0,"played":[1.0,0.0,0.0],"evs":[0.0,-0.78929,-0.97797]},"J4s":{"weight":0.0,"played":[1.0,0.0,0.0],"evs":[0.0,-0.64677,-0.84153]},"J5s":{"weight":0.0,"played":[1.0,0.0,0.0],"evs":[0.0,-0.77585,-0.98028]},"J6s":{"weight":0.0,"played":[0.9998,2.0E-4,0.0],"evs":[0.0,-0.82215,-1.07545]},"J7s":{"weight":0.0,"played":[1.0,0.0,0.0],"evs":[0.0,-0.69912,-0.92712]},"J8s":{"weight":0.0,"played":[0.998,0.0016,3.0E-4],"evs":[0.0,-0.30387,-0.47342]},"J9s":{"weight":0.0,"played":[1.0E-4,0.9991,8.0E-4],"evs":[0.0,0.11715,-0.04087]},"JTs":{"weight":1.0,"played":[0.0,0.999,0.001],"evs":[0.0,0.36344,0.3149]},"JJ":{"weight":0.0,"played":[0.0,0.0,1.0],"evs":[0.0,4.09611,4.10091]},"QJo":{"weight":0.0,"played":[0.9962,0.0033,5.0E-4],"evs":[0.0,-0.19014,-0.26002]},"KJo":{"weight":0.1378,"played":[0.9808,0.0092,0.01],"evs":[0.0,-0.16806,-0.18511]},"AJo":{"weight":0.0,"played":[0.0,0.0,1.0],"evs":[0.0,3.31811,3.33487]},"Q2s":{"weight":0.0,"played":[1.0,0.0,0.0],"evs":[0.0,-0.75393,-0.96869]},"Q3s":{"weight":0.0,"played":[1.0,0.0,0.0],"evs":[0.0,-0.7109,-0.93125]},"Q4s":{"weight":0.0,"played":[1.0,0.0,0.0],"evs":[0.0,-0.6651,-0.84699]},"Q5s":{"weight":0.0,"played":[1.0,0.0,0.0],"evs":[0.0,-0.67307,-0.83424]},"Q6s":{"weight":0.0,"played":[1.0,0.0,0.0],"evs":[0.0,-0.74045,-0.97272]},"Q7s":{"weight":0.0,"played":[1.0,0.0,0.0],"evs":[0.0,-0.85983,-1.0773]},"Q8s":{"weight":0.0,"played":[0.9992,3.0E-4,5.0E-4],"evs":[0.0,-0.33893,-0.48787]},"Q9s":{"weight":0.0,"played":[0.8529,0.1467,4.0E-4],"evs":[0.0,-0.0961,-0.24344]},"QTs":{"weight":1.0,"played":[0.0,0.9989,0.0011],"evs":[0.0,0.29613,0.22075]},"QJs":{"weight":1.0,"played":[0.0,1.0,0.0],"evs":[0.0,0.3934,0.35724]},"QQ":{"weight":0.0,"played":[0.0,0.0243,0.9757],"evs":[0.0,5.06997,5.07165]},"KQo":{"weight":0.0,"played":[0.1446,0.7429,0.1126],"evs":[0.0,0.0889,0.07917]},"AQo":{"weight":0.0,"played":[0.0,0.0,1.0],"evs":[0.0,4.03992,4.04689]},"K2s":{"weight":0.0,"played":[0.9999,1.0E-4,0.0],"evs":[0.0,-0.477,-0.59906]},"K3s":{"weight":0.0,"played":[0.9999,0.0,1.0E-4],"evs":[0.0,-0.45597,-0.61227]},"K4s":{"weight":0.0,"played":[0.9999,0.0,1.0E-4],"evs":[0.0,-0.37962,-0.49448]},"K5s":{"weight":0.0,"played":[0.9998,1.0E-4,1.0E-4],"evs":[0.0,-0.39695,-0.5119]},"K6s":{"weight":0.0,"played":[0.9999,1.0E-4,0.0],"evs":[0.0,-0.4038,-0.57706]},"K7s":{"weight":0.0,"played":[0.9997,3.0E-4,0.0],"evs":[0.0,-0.55162,-0.71161]},"K8s":{"weight":0.0,"played":[0.9991,6.0E-4,4.0E-4],"evs":[0.0,-0.27602,-0.40443]},"K9s":{"weight":6.0E-4,"played":[0.0023,0.997,7.0E-4],"evs":[0.0,0.1151,0.00347]},"KTs":{"weight":0.4495,"played":[0.0,0.9661,0.0339],"evs":[0.0,0.41459,0.40065]},"KJs":{"weight":0.0012,"played":[0.0,0.8193,0.1807],"evs":[0.0,0.54459,0.53901]},"KQs":{"weight":0.0,"played":[0.0,0.4692,0.5308],"evs":[0.0,0.7277,0.72364]},"KK":{"weight":0.0,"played":[0.0,0.0,1.0],"evs":[0.0,6.39768,6.40077]},"AKo":{"weight":0.0,"played":[0.0,1.0E-4,0.9999],"evs":[0.0,4.77296,4.78061]},"A2s":{"weight":0.0,"played":[0.0059,0.0022,0.9918],"evs":[0.0,0.05446,0.08174]},"A3s":{"weight":0.0,"played":[0.0125,0.0526,0.9348],"evs":[0.0,0.1025,0.12109]},"A4s":{"weight":0.0013,"played":[5.0E-4,0.017,0.9825],"evs":[0.0,0.25134,0.26522]},"A5s":{"weight":1.0,"played":[3.0E-4,0.0021,0.9976],"evs":[0.0,0.37229,0.39544]},"A6s":{"weight":0.0228,"played":[0.0155,0.0146,0.9699],"evs":[0.0,0.32615,0.3467]},"A7s":{"weight":0.672,"played":[0.0,3.0E-4,0.9997],"evs":[0.0,1.08207,1.09758]},"A8s":{"weight":0.0,"played":[1.0E-4,4.0E-4,0.9995],"evs":[0.0,2.04778,2.06307]},"A9s":{"weight":0.0,"played":[0.0,1.0E-4,0.9999],"evs":[0.0,2.79415,2.84107]},"ATs":{"weight":0.0,"played":[0.0,2.0E-4,0.9998],"evs":[0.0,3.34154,3.36389]},"AJs":{"weight":0.0,"played":[0.0,2.0E-4,0.9998],"evs":[0.0,3.7451,3.7611]},"AQs":{"weight":0.0,"played":[0.0,0.0,1.0],"evs":[0.0,4.48328,4.49299]},"AKs":{"weight":0.0,"played":[0.0,7.0E-4,0.9993],"evs":[0.0,5.13245,5.13759]},"AA":{"weight":0.0375,"played":[0.0,0.0,1.0],"evs":[0.0,10.03439,10.039]}}}