{"player":2,"street":0,"children":3,"sequence":[{"player":0,"type":"F","amount":0,"street":0},{"player":1,"type":"R","amount":200000,"street":0},{"player":2,"type":"C","amount":200000,"street":0},{"player":3,"type":"F","amount":0,"street":0},{"player":4,"type":"R","amount":800000,"street":0},{"player":5,"type":"F","amount":0,"street":0},{"player":1,"type":"C","amount":600000,"street":0}],"actions":[{"type":"F","amount":0},{"type":"C","amount":600000},{"type":"R","amount":1265000,"node":268}],"hands":{"22":{"weight":0.0,"played":[0.7059,0.0204,0.2736],"evs":[0.0,-0.25116,-0.04631]},"32o":{"weight":0.0,"played":[1.0,0.0,0.0],"evs":[0.0,-1.63678,-2.27714]},"42o":{"weight":0.0,"played":[1.0,0.0,0.0],"evs":[0.0,-1.54097,-2.1296]},"52o":{"weight":0.0,"played":[1.0,0.0,0.0],"evs":[0.0,-1.58934,-2.19296]},"62o":{"weight":0.0,"played":[1.0,0.0,0.0],"evs":[0.0,-1.81844,-2.47733]},"72o":{"weight":0.0,"played":[1.0,0.0,0.0],"evs":[0.0,-2.07099,-2.84458]},"82o":{"weight":0.0,"played":[1.0,0.0,0.0],"evs":[0.0,-1.98509,-2.65922]},"92o":{"weight":0.0,"played":[1.0,0.0,0.0],"evs":[0.0,-1.98612,-2.66361]},"T2o":{"weight":0.0,"played":[1.0,0.0,0.0],"evs":[0.0,-1.79513,-2.39485]},"J2o":{"weight":0.0,"played":[1.0,0.0,0.0],"evs":[0.0,-1.59793,-2.08777]},"Q2o":{"weight":0.0,"played":[1.0,0.0,0.0],"evs":[0.0,-1.66783,-2.12776]},"K2o":{"weight":0.0,"played":[1.0,0.0,0.0],"evs":[0.0,-1.50158,-1.81504]},"A2o":{"weight":0.0,"played":[1.0,0.0,0.0],"evs":[0.0,-1.52049,-1.68133]},"32s":{"weight":0.0,"played":[0.9996,3.0E-4,1.0E-4],"evs":[0.0,-1.05699,-1.47018]},"33":{"weight":0.0,"played":[0.2697,0.0,0.7303],"evs":[0.0,0.08173,0.42132]},"43o":{"weight":0.0,"played":[1.0,0.0,0.0],"evs":[0.0,-1.39046,-1.8977]},"53o":{"weight":0.0,"played":[1.0,0.0,0.0],"evs":[0.0,-1.3391,-1.74597]},"63o":{"weight":0.0,"played":[0.9999,0.0,1.0E-4],"evs":[0.0,-1.45134,-1.9533]},"73o":{"weight":0.0,"played":[1.0,0.0,0.0],"evs":[0.0,-1.91411,-2.58509]},"83o":{"weight":0.0,"played":[1.0,0.0,0.0],"evs":[0.0,-1.91529,-2.55531]},"93o":{"weight":0.0,"played":[1.0,0.0,0.0],"evs":[0.0,-1.89286,-2.42556]},"T3o":{"weight":0.0,"played":[1.0,0.0,0.0],"evs":[0.0,-1.79606,-2.29874]},"J3o":{"weight":0.0,"played":[1.0,0.0,0.0],"evs":[0.0,-1.70352,-2.24059]},"Q3o":{"weight":0.0,"played":[1.0,0.0,0.0],"evs":[0.0,-1.67831,-2.11687]},"K3o":{"weight":0.0,"played":[1.0,0.0,0.0],"evs":[0.0,-1.40685,-1.71806]},"A3o":{"weight":0.0,"played":[1.0,0.0,0.0],"evs":[0.0,-1.02855,-1.1924]},"42s":{"weight":0.0,"played":[0.9998,0.0,2.0E-4],"evs":[0.0,-0.95837,-1.33473]},"43s":{"weight":0.0,"played":[0.9999,0.0,1.0E-4],"evs":[0.0,-0.76786,-1.10006]},"44":{"weight":0.1537,"played":[0.0406,0.2809,0.6785],"evs":[0.0,0.14861,0.29422]},"54o":{"weight":0.0,"played":[1.0,0.0,0.0],"evs":[0.0,-0.78634,-0.9949]},"64o":{"weight":0.0,"played":[1.0,0.0,0.0],"evs":[0.0,-1.22852,-1.72711]},"74o":{"weight":0.0,"played":[1.0,0.0,0.0],"evs":[0.0,-1.49603,-1.94486]},"84o":{"weight":0.0,"played":[1.0,0.0,0.0],"evs":[0.0,-1.71093,-2.26786]},"94o":{"weight":0.0,"played":[1.0,0.0,0.0],"evs":[0.0,-1.82944,-2.45249]},"T4o":{"weight":0.0,"played":[1.0,0.0,0.0],"evs":[0.0,-1.66582,-2.09691]},"J4o":{"weight":0.0,"played":[1.0,0.0,0.0],"evs":[0.0,-1.58856,-2.07749]},"Q4o":{"weight":0.0,"played":[1.0,0.0,0.0],"evs":[0.0,-1.51516,-1.98064]},"K4o":{"weight":0.0,"played":[1.0,0.0,0.0],"evs":[0.0,-1.3097,-1.59877]},"A4o":{"weight":0.0,"played":[1.0,0.0,0.0],"evs":[0.0,-1.20156,-1.14636]},"52s":{"weight":0.0,"played":[0.9902,0.0063,0.0035],"evs":[0.0,-0.80996,-1.25965]},"53s":{"weight":0.0,"played":[0.9838,0.0063,0.0098],"evs":[0.0,-0.4284,-0.67085]},"54s":{"weight":0.0,"played":[0.955,0.0241,0.0209],"evs":[0.0,-0.60176,-0.66208]},"55":{"weight":0.4401,"played":[0.0,0.0,1.0],"evs":[0.0,0.25451,0.52252]},"65o":{"weight":0.0,"played":[0.9999,0.0,1.0E-4],"evs":[0.0,-0.97627,-1.22888]},"75o":{"weight":0.0,"played":[1.0,0.0,0.0],"evs":[0.0,-1.23925,-1.64191]},"85o":{"weight":0.0,"played":[0.9999,0.0,1.0E-4],"evs":[0.0,-1.43195,-1.86032]},"95o":{"weight":0.0,"played":[1.0,0.0,0.0],"evs":[0.0,-1.68265,-2.17819]},"T5o":{"weight":0.0,"played":[0.9999,0.0,1.0E-4],"evs":[0.0,-1.65421,-2.15462]},"J5o":{"weight":0.0,"played":[1.0,0.0,0.0],"evs":[0.0,-1.51228,-1.96219]},"Q5o":{"weight":0.0,"played":[1.0,0.0,0.0],"evs":[0.0,-1.5471,-1.90427]},"K5o":{"weight":0.0,"played":[1.0,0.0,0.0],"evs":[0.0,-1.24469,-1.50047]},"A5o":{"weight":0.0,"played":[1.0,0.0,0.0],"evs":[0.0,-1.07067,-1.15045]},"62s":{"weight":0.0,"played":[1.0,0.0,0.0],"evs":[0.0,-1.11801,-1.54345]},"63s":{"weight":0.0,"played":[0.9997,0.0,3.0E-4],"evs":[0.0,-0.47996,-0.95618]},"64s":{"weight":0.0,"played":[0.9945,0.0054,1.0E-4],"evs":[0.0,-0.38441,-0.53623]},"65s":{"weight":0.0,"played":[0.9687,0.0077,0.0236],"evs":[0.0,-0.40224,-0.52539]},"66":{"weight":7.0E-4,"played":[0.0,0.471,0.529],"evs":[0.0,0.49116,0.59324]},"76o":{"weight":0.0,"played":[1.0,0.0,0.0],"evs":[0.0,-0.89072,-1.22025]},"86o":{"weight":0.0,"played":[1.0,0.0,0.0],"evs":[0.0,-1.25479,-1.65666]},"96o":{"weight":0.0,"played":[0.9999,0.0,1.0E-4],"evs":[0.0,-1.40925,-1.84962]},"T6o":{"weight":0.0,"played":[1.0,0.0,0.0],"evs":[0.0,-1.57412,-2.03893]},"J6o":{"weight":0.0,"played":[1.0,0.0,0.0],"evs":[0.0,-1.61381,-2.06629]},"Q6o":{"weight":0.0,"played":[1.0,0.0,0.0],"evs":[0.0,-1.58415,-1.9611]},"K6o":{"weight":0.0,"played":[1.0,0.0,0.0],"evs":[0.0,-1.35199,-1.67094]},"A6o":{"weight":0.0,"played":[1.0,0.0,0.0],"evs":[0.0,-1.46577,-1.50974]},"72s":{"weight":0.0,"played":[0.9993,1.0E-4,7.0E-4],"evs":[0.0,-1.45195,-1.95796]},"73s":{"weight":0.0,"played":[0.9968,6.0E-4,0.0026],"evs":[0.0,-1.08682,-1.45557]},"74s":{"weight":0.0,"played":[0.9997,0.0,3.0E-4],"evs":[0.0,-0.55467,-0.81489]},"75s":{"weight":0.0,"played":[0.8959,0.0754,0.0287],"evs":[0.0,-0.39019,-0.60907]},"76s":{"weight":0.0,"played":[0.8061,0.1815,0.0124],"evs":[0.0,-0.15005,-0.24982]},"77":{"weight":0.0,"played":[1.0E-4,0.0323,0.9676],"evs":[0.0,1.37458,1.60786]},"87o":{"weight":0.0,"played":[0.9974,2.0E-4,0.0025],"evs":[0.0,-0.96156,-1.29784]},"97o":{"weight":0.0,"played":[0.9998,0.0,2.0E-4],"evs":[0.0,-1.24953,-1.64922]},"T7o":{"weight":0.0,"played":[0.9999,0.0,1.0E-4],"evs":[0.0,-1.30465,-1.68821]},"J7o":{"weight":0.0,"played":[1.0,0.0,0.0],"evs":[0.0,-1.55274,-1.9096]},"Q7o":{"weight":0.0,"played":[1.0,0.0,0.0],"evs":[0.0,-1.66782,-2.15473]},"K7o":{"weight":0.0,"played":[0.9991,0.0,9.0E-4],"evs":[0.0,-1.38865,-1.62921]},"A7o":{"weight":0.0,"played":[0.9999,0.0,1.0E-4],"evs":[0.0,-0.88545,-0.81504]},"82s":{"weight":0.0,"played":[0.9999,0.0,1.0E-4],"evs":[0.0,-1.20429,-1.5728]},"83s":{"weight":0.0,"played":[0.9999,0.0,1.0E-4],"evs":[0.0,-1.27022,-1.70502]},"84s":{"weight":0.0,"played":[0.9987,0.0,0.0013],"evs":[0.0,-0.90246,-1.22414]},"85s":{"weight":0.0,"played":[0.9972,0.0,0.0028],"evs":[0.0,-0.88924,-1.18263]},"86s":{"weight":0.0,"played":[0.9866,0.0075,0.0059],"evs":[0.0,-0.30215,-0.64864]},"87s":{"weight":0.0,"played":[0.9692,0.0201,0.0106],"evs":[0.0,-0.28905,-0.39704]},"88":{"weight":0.0,"played":[0.0,0.0,1.0],"evs":[0.0,1.84759,2.07063]},"98o":{"weight":0.0,"played":[0.9986,0.0,0.0014],"evs":[0.0,-0.98926,-1.23874]},"T8o":{"weight":0.0,"played":[0.9999,0.0,1.0E-4],"evs":[0.0,-0.82386,-1.04363]},"J8o":{"weight":0.0,"played":[1.0,0.0,0.0],"evs":[0.0,-1.10147,-1.32653]},"Q8o":{"weight":0.0,"played":[0.9998,0.0,2.0E-4],"evs":[0.0,-1.30452,-1.48128]},"K8o":{"weight":0.0,"played":[0.9999,0.0,1.0E-4],"evs":[0.0,-1.3383,-1.576]},"A8o":{"weight":0.0,"played":[0.9999,0.0,1.0E-4],"evs":[0.0,-0.20842,-0.14533]},"92s":{"weight":0.0,"played":[0.9964,5.0E-4,0.0031],"evs":[0.0,-1.31273,-1.73758]},"93s":{"weight":0.0,"played":[1.0,0.0,0.0],"evs":[0.0,-1.32112,-1.73335]},"94s":{"weight":0.0,"played":[0.9994,0.0,6.0E-4],"evs":[0.0,-0.93974,-1.30039]},"95s":{"weight":0.0,"played":[0.9967,0.001,0.0023],"evs":[0.0,-0.9211,-1.13144]},"96s":{"weight":0.0,"played":[0.9897,0.0031,0.0072],"evs":[0.0,-0.62918,-0.91641]},"97s":{"weight":0.0,"played":[0.9882,0.0022,0.0095],"evs":[0.0,-0.64253,-0.76549]},"98s":{"weight":0.0,"played":[0.8857,0.0634,0.0509],"evs":[0.0,-0.25304,-0.32831]},"99":{"weight":0.0,"played":[0.0,0.0326,0.9674],"evs":[0.0,2.43583,2.69656]},"T9o":{"weight":0.0,"played":[0.9989,0.0,0.0011],"evs":[0.0,-0.81662,-0.99939]},"J9o":{"weight":0.0,"played":[1.0,0.0,0.0],"evs":[0.0,-0.83182,-0.99068]},"Q9o":{"weight":0.0,"played":[0.9994,0.0,6.0E-4],"evs":[0.0,-1.00285,-1.23364]},"K9o":{"weight":0.0,"played":[0.9999,0.0,1.0E-4],"evs":[0.0,-1.04711,-1.12277]},"A9o":{"weight":3.0E-4,"played":[0.0833,0.1659,0.7508],"evs":[0.0,0.47268,0.69231]},"T2s":{"weight":0.0,"played":[0.9996,0.0,4.0E-4],"evs":[0.0,-1.26943,-1.56887]},"T3s":{"weight":0.0,"played":[1.0,0.0,0.0],"evs":[0.0,-1.02705,-1.28177]},"T4s":{"weight":0.0,"played":[0.9996,0.0,4.0E-4],"evs":[0.0,-0.7803,-0.92189]},"T5s":{"weight":0.0,"played":[0.998,0.0,0.0019],"evs":[0.0,-1.02837,-1.23822]},"T6s":{"weight":0.0,"played":[0.999,4.0E-4,5.0E-4],"evs":[0.0,-0.69512,-0.97242]},"T7s":{"weight":0.0,"played":[0.9962,6.0E-4,0.0032],"evs":[0.0,-0.62417,-0.7342]},"T8s":{"weight":0.0,"played":[0.9252,0.0245,0.0503],"evs":[0.0,-0.23314,-0.16787]},"T9s":{"weight":1.0E-4,"played":[0.0068,0.327,0.6663],"evs":[0.0,0.03947,-0.05673]},"TT":{"weight":0.0,"played":[0.0,0.144,0.856],"evs":[0.0,3.40775,3.75448]},"JTo":{"weight":0.0,"played":[0.9988,0.0,0.0012],"evs":[0.0,-0.32018,-0.26044]},"QTo":{"weight":0.0,"played":[0.9957,0.0,0.0043],"evs":[0.0,-0.54057,-0.53056]},"KTo":{"weight":0.0,"played":[0.7585,0.0405,0.2009],"evs":[0.0,-0.21675,-0.11217]},"ATo":{"weight":0.0,"played":[1.0E-4,0.0607,0.9392],"evs":[0.0,1.47304,1.84836]},"J2s":{"weight":0.0,"played":[0.9998,0.0,2.0E-4],"evs":[0.0,-0.8008,-1.03082]},"J3s":{"weight":0.0,"played":[0.9998,0.0,2.0E-4],"evs":[0.0,-0.97404,-1.27907]},"J4s":{"weight":0.0,"played":[0.9998,0.0,2.0E-4],"evs":[0.0,-1.09486,-1.34658]},"J5s":{"weight":0.0,"played":[0.9861,0.0,0.0139],"evs":[0.0,-0.72996,-1.02381]},"J6s":{"weight":0.0,"played":[0.9997,0.0,3.0E-4],"evs":[0.0,-0.80078,-1.03004]},"J7s":{"weight":0.0,"played":[0.9982,8.0E-4,0.001],"evs":[0.0,-0.77421,-0.88916]},"J8s":{"weight":0.0,"played":[0.9974,0.0,0.0026],"evs":[0.0,-0.0847,-0.10656]},"J9s":{"weight":0.0,"played":[0.115,0.188,0.6971],"evs":[0.0,0.03847,0.24906]},"JTs":{"weight":1.0,"played":[0.0386,0.0188,0.9426],"evs":[0.0,0.28035,0.51019]},"JJ":{"weight":0.0,"played":[0.0,0.0,1.0],"evs":[0.0,4.02636,4.46469]},"QJo":{"weight":0.0,"played":[0.9675,0.0,0.0325],"evs":[0.0,-0.26337,-0.20336]},"KJo":{"weight":0.1378,"played":[0.574,0.0179,0.408],"evs":[0.0,-0.09626,0.11481]},"AJo":{"weight":0.0,"played":[0.0,0.0019,0.9981],"evs":[0.0,1.96779,2.39779]},"Q2s":{"weight":0.0,"played":[0.9988,0.0,0.0012],"evs":[0.0,-0.89508,-1.13351]},"Q3s":{"weight":0.0,"played":[0.9999,0.0,1.0E-4],"evs":[0.0,-0.92987,-1.11244]},"Q4s":{"weight":0.0,"played":[0.9912,0.0,0.0088],"evs":[0.0,-0.79922,-0.93404]},"Q5s":{"weight":0.0,"played":[0.9953,3.0E-4,0.0044],"evs":[0.0,-0.70819,-0.86698]},"Q6s":{"weight":0.0,"played":[0.991,0.0039,0.0051],"evs":[0.0,-0.51535,-0.79478]},"Q7s":{"weight":0.0,"played":[0.9836,0.0133,0.0031],"evs":[0.0,-0.78751,-1.02399]},"Q8s":{"weight":0.0,"played":[0.9877,1.0E-4,0.0122],"evs":[0.0,-0.33825,-0.48109]},"Q9s":{"weight":0.0,"played":[0.9308,0.0043,0.0649],"evs":[0.0,-0.18452,-0.32488]},"QTs":{"weight":1.0,"played":[0.0382,0.4536,0.5082],"evs":[0.0,0.24485,0.30126]},"QJs":{"weight":1.0,"played":[8.0E-4,0.0,0.9992],"evs":[0.0,0.51942,0.67731]},"QQ":{"weight":0.0,"played":[0.0,0.0,1.0],"evs":[0.0,4.86073,5.48221]},"KQo":{"weight":0.0,"played":[0.0,0.0299,0.9701],"evs":[0.0,0.23696,0.45624]},"AQo":{"weight":0.0,"played":[0.0,9.0E-4,0.9991],"evs":[0.0,2.45827,2.87474]},"K2s":{"weight":0.0,"played":[0.9995,0.0,5.0E-4],"evs":[0.0,-0.46302,-0.61472]},"K3s":{"weight":0.0,"played":[0.9901,0.0054,0.0045],"evs":[0.0,-0.52676,-0.72695]},"K4s":{"weight":0.0,"played":[0.809,0.0161,0.1749],"evs":[0.0,-0.54969,-0.49563]},"K5s":{"weight":0.0,"played":[0.9493,0.0368,0.014],"evs":[0.0,-0.4267,-0.53731]},"K6s":{"weight":0.0,"played":[0.9682,5.0E-4,0.0313],"evs":[0.0,-0.36358,-0.50251]},"K7s":{"weight":0.0,"played":[0.9482,0.0154,0.0363],"evs":[0.0,-0.45857,-0.50939]},"K8s":{"weight":0.0,"played":[0.9884,0.008,0.0037],"evs":[0.0,-0.59681,-0.70311]},"K9s":{"weight":6.0E-4,"played":[0.6088,0.0559,0.3354],"evs":[0.0,-0.15602,-0.1633]},"KTs":{"weight":0.4495,"played":[4.0E-4,2.0E-4,0.9994],"evs":[0.0,0.327,0.59336]},"KJs":{"weight":0.0012,"played":[2.0E-4,0.0715,0.9283],"evs":[0.0,0.76046,1.0316]},"KQs":{"weight":0.0,"played":[0.0,0.0189,0.9811],"evs":[0.0,1.18376,1.57883]},"KK":{"weight":0.0,"played":[0.0,0.0,1.0],"evs":[0.0,6.56315,7.21238]},"AKo":{"weight":0.0,"played":[0.0,0.0,1.0],"evs":[0.0,3.43134,3.89326]},"A2s":{"weight":0.0,"played":[0.9657,0.0172,0.0171],"evs":[0.0,-0.4823,-0.45957]},"A3s":{"weight":0.0,"played":[0.9357,1.0E-4,0.0642],"evs":[0.0,-0.53281,-0.45029]},"A4s":{"weight":0.0013,"played":[0.8012,0.0714,0.1274],"evs":[0.0,-0.34953,-0.346]},"A5s":{"weight":1.0,"played":[0.9484,0.0516,0.0],"evs":[0.0,-0.18353,-0.23766]},"A6s":{"weight":0.0228,"played":[0.9996,1.0E-4,2.0E-4],"evs":[0.0,-0.63523,-0.60345]},"A7s":{"weight":0.672,"played":[0.2988,0.3591,0.342],"evs":[0.0,0.15844,0.26642]},"A8s":{"weight":0.0,"played":[0.0035,0.1521,0.8444],"evs":[0.0,0.67791,0.94321]},"A9s":{"weight":0.0,"played":[3.0E-4,0.0016,0.998],"evs":[0.0,1.12484,1.48716]},"ATs":{"weight":0.0,"played":[4.0E-4,0.0936,0.906],"evs":[0.0,2.44878,2.86681]},"AJs":{"weight":0.0,"played":[0.0,0.0,1.0],"evs":[0.0,2.61842,2.98257]},"AQs":{"weight":0.0,"played":[0.0,0.0,1.0],"evs":[0.0,3.11383,3.58136]},"AKs":{"weight":0.0,"played":[0.0,0.0,1.0],"evs":[0.0,4.34404,4.83814]},"AA":{"weight":0.0375,"played":[0.0,0.0,1.0],"evs":[0.0,11.59377,12.62685]}}}