{"player":1,"street":0,"children":2,"sequence":[{"player":0,"type":"F","amount":0,"street":0},{"player":1,"type":"R","amount":200000,"street":0},{"player":2,"type":"C","amount":200000,"street":0},{"player":3,"type":"F","amount":0,"street":0},{"player":4,"type":"R","amount":800000,"street":0},{"player":5,"type":"F","amount":0,"street":0},{"player":1,"type":"C","amount":600000,"street":0},{"player":2,"type":"R","amount":1265000,"street":0},{"player":4,"type":"F","amount":0,"street":0}],"actions":[{"type":"F","amount":0},{"type":"C","amount":465000}],"hands":{"22":{"weight":0.0,"played":[0.1038,0.8962],"evs":[0.0,3.7361]},"32o":{"weight":0.0,"played":[0.0455,0.9545],"evs":[0.0,3.73779]},"42o":{"weight":0.0,"played":[0.21,0.79],"evs":[0.0,3.74855]},"52o":{"weight":0.0,"played":[0.0634,0.9366],"evs":[0.0,4.6236]},"62o":{"weight":0.0,"played":[8.0E-4,0.9992],"evs":[0.0,9.72125]},"72o":{"weight":0.0,"played":[0.1926,0.8074],"evs":[0.0,6.8577]},"82o":{"weight":0.0,"played":[0.1226,0.8774],"evs":[0.0,3.10352]},"92o":{"weight":0.0,"played":[0.0158,0.9842],"evs":[0.0,7.6636]},"T2o":{"weight":0.0,"played":[0.7806,0.2194],"evs":[0.0,2.32399]},"J2o":{"weight":0.0,"played":[0.0816,0.9184],"evs":[0.0,7.4915]},"Q2o":{"weight":0.0,"played":[0.1854,0.8146],"evs":[0.0,4.37806]},"K2o":{"weight":0.0,"played":[0.0,1.0],"evs":[0.0,8.66228]},"A2o":{"weight":0.0,"played":[0.0,1.0],"evs":[0.0,10.03814]},"32s":{"weight":0.0,"played":[0.3061,0.6939],"evs":[0.0,-1.99269]},"33":{"weight":0.0,"played":[0.0731,0.9269],"evs":[0.0,6.86913]},"43o":{"weight":0.0,"played":[0.32,0.68],"evs":[0.0,6.00459]},"53o":{"weight":0.0,"played":[1.0E-4,0.9999],"evs":[0.0,9.26865]},"63o":{"weight":0.0,"played":[0.0,1.0],"evs":[0.0,2.64823]},"73o":{"weight":0.0,"played":[0.7568,0.2432],"evs":[0.0,1.75364]},"83o":{"weight":0.0,"played":[0.3555,0.6445],"evs":[0.0,-0.33331]},"93o":{"weight":0.0,"played":[0.3394,0.6606],"evs":[0.0,3.88063]},"T3o":{"weight":0.0,"played":[0.016,0.984],"evs":[0.0,6.1631]},"J3o":{"weight":0.0,"played":[0.0086,0.9914],"evs":[0.0,10.04211]},"Q3o":{"weight":0.0,"played":[0.3243,0.6757],"evs":[0.0,6.04029]},"K3o":{"weight":0.0,"played":[6.0E-4,0.9994],"evs":[0.0,5.69381]},"A3o":{"weight":0.0,"played":[0.0,1.0],"evs":[0.0,8.03559]},"42s":{"weight":0.0,"played":[0.9791,0.0209],"evs":[0.0,-3.18685]},"43s":{"weight":0.0,"played":[1.0,0.0],"evs":[0.0,-0.68088]},"44":{"weight":0.0,"played":[0.0,1.0],"evs":[0.0,7.45827]},"54o":{"weight":0.0,"played":[0.1636,0.8364],"evs":[0.0,5.16601]},"64o":{"weight":0.0,"played":[0.203,0.797],"evs":[0.0,0.02584]},"74o":{"weight":0.0,"played":[0.1123,0.8877],"evs":[0.0,9.62621]},"84o":{"weight":0.0,"played":[0.052,0.948],"evs":[0.0,2.38464]},"94o":{"weight":0.0,"played":[0.3075,0.6925],"evs":[0.0,0.17502]},"T4o":{"weight":0.0,"played":[0.4862,0.5138],"evs":[0.0,4.17161]},"J4o":{"weight":0.0,"played":[0.0956,0.9044],"evs":[0.0,3.02491]},"Q4o":{"weight":0.0,"played":[0.4845,0.5155],"evs":[0.0,5.60931]},"K4o":{"weight":0.0,"played":[0.1667,0.8333],"evs":[0.0,4.32783]},"A4o":{"weight":0.0,"played":[0.0037,0.9963],"evs":[0.0,11.55276]},"52s":{"weight":0.0,"played":[0.1074,0.8926],"evs":[0.0,1.76656]},"53s":{"weight":0.0,"played":[0.0033,0.9967],"evs":[0.0,11.50934]},"54s":{"weight":0.0,"played":[0.4365,0.5635],"evs":[0.0,0.03951]},"55":{"weight":0.0,"played":[0.0737,0.9263],"evs":[0.0,9.85172]},"65o":{"weight":0.0,"played":[0.0198,0.9802],"evs":[0.0,5.3364]},"75o":{"weight":0.0,"played":[0.1822,0.8178],"evs":[0.0,7.70425]},"85o":{"weight":0.0,"played":[0.1151,0.8849],"evs":[0.0,3.54718]},"95o":{"weight":0.0,"played":[0.7387,0.2613],"evs":[0.0,-0.40282]},"T5o":{"weight":0.0,"played":[0.2156,0.7844],"evs":[0.0,0.56913]},"J5o":{"weight":0.0,"played":[0.0226,0.9774],"evs":[0.0,6.34812]},"Q5o":{"weight":0.0,"played":[0.1609,0.8391],"evs":[0.0,8.79706]},"K5o":{"weight":0.0,"played":[2.0E-4,0.9998],"evs":[0.0,6.04154]},"A5o":{"weight":0.0,"played":[0.0049,0.9951],"evs":[0.0,6.06118]},"62s":{"weight":0.0,"played":[0.0568,0.9432],"evs":[0.0,5.09515]},"63s":{"weight":0.0,"played":[0.0,1.0],"evs":[0.0,10.02401]},"64s":{"weight":0.0,"played":[0.2808,0.7192],"evs":[0.0,8.37244]},"65s":{"weight":0.0,"played":[0.1863,0.8137],"evs":[0.0,16.70918]},"66":{"weight":0.2364,"played":[0.0463,0.9537],"evs":[0.0,11.76994]},"76o":{"weight":0.0,"played":[0.6667,0.3333],"evs":[0.0,4.02116]},"86o":{"weight":0.0,"played":[0.0069,0.9931],"evs":[0.0,3.8285]},"96o":{"weight":0.0,"played":[0.13,0.87],"evs":[0.0,6.5068]},"T6o":{"weight":0.0,"played":[0.1734,0.8266],"evs":[0.0,2.98437]},"J6o":{"weight":0.0,"played":[0.5922,0.4078],"evs":[0.0,-2.02065]},"Q6o":{"weight":0.0,"played":[0.0274,0.9726],"evs":[0.0,4.66812]},"K6o":{"weight":0.0,"played":[0.0114,0.9886],"evs":[0.0,7.52412]},"A6o":{"weight":0.0,"played":[0.0,1.0],"evs":[0.0,5.26545]},"72s":{"weight":0.0,"played":[0.1786,0.8214],"evs":[0.0,8.24691]},"73s":{"weight":0.0,"played":[0.5822,0.4178],"evs":[0.0,6.59213]},"74s":{"weight":0.0,"played":[0.0695,0.9305],"evs":[0.0,14.26514]},"75s":{"weight":0.0,"played":[0.9056,0.0944],"evs":[0.0,-3.18685]},"76s":{"weight":0.0,"played":[0.2794,0.7206],"evs":[0.0,2.7122]},"77":{"weight":0.4792,"played":[0.0023,0.9977],"evs":[0.0,14.9018]},"87o":{"weight":0.0,"played":[0.1749,0.8251],"evs":[0.0,3.39094]},"97o":{"weight":0.0,"played":[0.0516,0.9484],"evs":[0.0,12.80827]},"T7o":{"weight":0.0,"played":[0.6679,0.3321],"evs":[0.0,5.35219]},"J7o":{"weight":0.0,"played":[0.0875,0.9125],"evs":[0.0,4.20887]},"Q7o":{"weight":0.0,"played":[0.2278,0.7722],"evs":[0.0,3.21801]},"K7o":{"weight":0.0,"played":[0.041,0.959],"evs":[0.0,6.37342]},"A7o":{"weight":0.0,"played":[0.0063,0.9937],"evs":[0.0,7.44082]},"82s":{"weight":0.0,"played":[0.0136,0.9864],"evs":[0.0,2.85793]},"83s":{"weight":0.0,"played":[0.1337,0.8663],"evs":[0.0,13.18546]},"84s":{"weight":0.0,"played":[0.5495,0.4505],"evs":[0.0,4.10803]},"85s":{"weight":0.0,"played":[0.8718,0.1282],"evs":[0.0,-3.02186]},"86s":{"weight":0.0,"played":[0.0017,0.9983],"evs":[0.0,11.08189]},"87s":{"weight":0.0,"played":[0.0859,0.9141],"evs":[0.0,5.1695]},"88":{"weight":0.0764,"played":[0.2037,0.7963],"evs":[0.0,4.70666]},"98o":{"weight":0.0,"played":[0.0011,0.9989],"evs":[0.0,8.24102]},"T8o":{"weight":0.0,"played":[0.5108,0.4892],"evs":[0.0,2.32092]},"J8o":{"weight":0.0,"played":[4.0E-4,0.9996],"evs":[0.0,4.13375]},"Q8o":{"weight":0.0,"played":[0.0899,0.9101],"evs":[0.0,8.75773]},"K8o":{"weight":0.0,"played":[0.0663,0.9337],"evs":[0.0,6.49628]},"A8o":{"weight":0.0,"played":[0.0039,0.9961],"evs":[0.0,11.87514]},"92s":{"weight":0.0,"played":[0.5666,0.4334],"evs":[0.0,7.31602]},"93s":{"weight":0.0,"played":[0.2029,0.7971],"evs":[0.0,5.40023]},"94s":{"weight":0.0,"played":[0.0705,0.9295],"evs":[0.0,4.18576]},"95s":{"weight":0.0,"played":[0.3691,0.6309],"evs":[0.0,0.37941]},"96s":{"weight":0.0,"played":[0.828,0.172],"evs":[0.0,-2.8134]},"97s":{"weight":0.0,"played":[0.1615,0.8385],"evs":[0.0,4.32498]},"98s":{"weight":0.0,"played":[0.0,1.0],"evs":[0.0,3.75577]},"99":{"weight":0.0614,"played":[0.0096,0.9904],"evs":[0.0,13.55422]},"T9o":{"weight":0.0,"played":[0.0821,0.9179],"evs":[0.0,4.2819]},"J9o":{"weight":0.0,"played":[0.0992,0.9008],"evs":[0.0,6.35266]},"Q9o":{"weight":0.0,"played":[0.2474,0.7526],"evs":[0.0,9.70589]},"K9o":{"weight":0.0,"played":[0.0,1.0],"evs":[0.0,7.33258]},"A9o":{"weight":0.1974,"played":[0.0,1.0],"evs":[0.0,14.14883]},"T2s":{"weight":0.0,"played":[0.1277,0.8723],"evs":[0.0,12.49817]},"T3s":{"weight":0.0,"played":[0.0,1.0],"evs":[0.0,15.69778]},"T4s":{"weight":0.0,"played":[0.1497,0.8503],"evs":[0.0,10.3589]},"T5s":{"weight":0.0,"played":[0.0074,0.9926],"evs":[0.0,1.20533]},"T6s":{"weight":0.0,"played":[0.9303,0.0697],"evs":[0.0,5.43466]},"T7s":{"weight":0.0,"played":[0.3776,0.6224],"evs":[0.0,2.16005]},"T8s":{"weight":3.0E-4,"played":[0.1937,0.8063],"evs":[0.0,9.46503]},"T9s":{"weight":2.0E-4,"played":[0.1686,0.8314],"evs":[0.0,9.8797]},"TT":{"weight":0.0055,"played":[0.0,1.0],"evs":[0.0,11.46249]},"JTo":{"weight":0.0,"played":[0.0,1.0],"evs":[0.0,4.24707]},"QTo":{"weight":0.0,"played":[0.0489,0.9511],"evs":[0.0,10.56697]},"KTo":{"weight":0.0,"played":[0.0571,0.9429],"evs":[0.0,12.12225]},"ATo":{"weight":0.0691,"played":[0.0,1.0],"evs":[0.0,11.12111]},"J2s":{"weight":0.0,"played":[0.1517,0.8483],"evs":[0.0,5.25904]},"J3s":{"weight":0.0,"played":[0.8836,0.1164],"evs":[0.0,5.60573]},"J4s":{"weight":0.0,"played":[0.0212,0.9788],"evs":[0.0,10.65974]},"J5s":{"weight":0.0,"played":[0.0901,0.9099],"evs":[0.0,16.03771]},"J6s":{"weight":0.0,"played":[0.2301,0.7699],"evs":[0.0,4.22663]},"J7s":{"weight":0.0,"played":[0.6174,0.3826],"evs":[0.0,5.17466]},"J8s":{"weight":0.0,"played":[0.0547,0.9453],"evs":[0.0,4.55975]},"J9s":{"weight":0.0,"played":[0.0947,0.9053],"evs":[0.0,6.88838]},"JTs":{"weight":0.0014,"played":[0.3038,0.6962],"evs":[0.0,4.47648]},"JJ":{"weight":0.0,"played":[0.0,1.0],"evs":[0.0,21.99314]},"QJo":{"weight":0.0,"played":[0.1097,0.8903],"evs":[0.0,3.99085]},"KJo":{"weight":0.0,"played":[0.0,1.0],"evs":[0.0,11.78995]},"AJo":{"weight":0.1202,"played":[0.0,1.0],"evs":[0.0,9.35823]},"Q2s":{"weight":0.0,"played":[0.1206,0.8794],"evs":[0.0,7.87075]},"Q3s":{"weight":0.0,"played":[0.1794,0.8206],"evs":[0.0,3.55256]},"Q4s":{"weight":0.0,"played":[0.2271,0.7729],"evs":[0.0,5.77873]},"Q5s":{"weight":0.0,"played":[0.3563,0.6437],"evs":[0.0,-0.67605]},"Q6s":{"weight":0.0,"played":[0.5132,0.4868],"evs":[0.0,0.53081]},"Q7s":{"weight":0.0,"played":[0.0835,0.9165],"evs":[0.0,7.63346]},"Q8s":{"weight":0.0,"played":[8.0E-4,0.9992],"evs":[0.0,9.02389]},"Q9s":{"weight":0.0,"played":[0.0,1.0],"evs":[0.0,7.201]},"QTs":{"weight":0.1625,"played":[0.0,1.0],"evs":[0.0,5.8969]},"QJs":{"weight":0.9587,"played":[0.0,1.0],"evs":[0.0,9.76872]},"QQ":{"weight":0.0032,"played":[0.002,0.998],"evs":[0.0,22.3886]},"KQo":{"weight":0.065,"played":[0.0014,0.9986],"evs":[0.0,9.27698]},"AQo":{"weight":4.0E-4,"played":[0.0504,0.9496],"evs":[0.0,15.88672]},"K2s":{"weight":0.0,"played":[0.078,0.922],"evs":[0.0,13.38773]},"K3s":{"weight":0.0,"played":[0.9382,0.0618],"evs":[0.0,-3.18685]},"K4s":{"weight":0.0,"played":[0.3726,0.6274],"evs":[0.0,12.51113]},"K5s":{"weight":0.0017,"played":[0.1099,0.8901],"evs":[0.0,2.4315]},"K6s":{"weight":0.0,"played":[0.1465,0.8535],"evs":[0.0,3.94378]},"K7s":{"weight":0.0,"played":[0.0302,0.9698],"evs":[0.0,3.71974]},"K8s":{"weight":0.0,"played":[4.0E-4,0.9996],"evs":[0.0,7.52664]},"K9s":{"weight":0.2141,"played":[0.037,0.963],"evs":[0.0,11.06429]},"KTs":{"weight":0.9613,"played":[7.0E-4,0.9993],"evs":[0.0,13.70216]},"KJs":{"weight":0.4738,"played":[0.0637,0.9363],"evs":[0.0,9.64863]},"KQs":{"weight":3.0E-4,"played":[0.032,0.968],"evs":[0.0,7.78979]},"KK":{"weight":0.0,"played":[0.0123,0.9877],"evs":[0.0,23.08957]},"AKo":{"weight":5.0E-4,"played":[0.0335,0.9665],"evs":[0.0,17.58696]},"A2s":{"weight":0.0,"played":[0.0,1.0],"evs":[0.0,15.70209]},"A3s":{"weight":0.0,"played":[0.0455,0.9545],"evs":[0.0,12.91999]},"A4s":{"weight":0.0,"played":[0.0246,0.9754],"evs":[0.0,2.91972]},"A5s":{"weight":0.0,"played":[0.0294,0.9706],"evs":[0.0,17.33984]},"A6s":{"weight":0.0,"played":[0.0106,0.9894],"evs":[0.0,9.53342]},"A7s":{"weight":0.0066,"played":[0.1308,0.8692],"evs":[0.0,17.56259]},"A8s":{"weight":0.7945,"played":[0.0,1.0],"evs":[0.0,9.821]},"A9s":{"weight":0.7857,"played":[0.0,1.0],"evs":[0.0,8.80286]},"ATs":{"weight":0.0038,"played":[0.0,1.0],"evs":[0.0,12.92561]},"AJs":{"weight":0.0115,"played":[0.0038,0.9962],"evs":[0.0,13.51358]},"AQs":{"weight":0.0096,"played":[0.0304,0.9696],"evs":[0.0,17.8114]},"AKs":{"weight":1.0E-4,"played":[0.068,0.932],"evs":[0.0,16.05079]},"AA":{"weight":0.8677,"played":[0.0,1.0],"evs":[0.0,13.96627]}}}