{"player":4,"street":0,"children":2,"sequence":[{"player":0,"type":"F","amount":0,"street":0},{"player":1,"type":"R","amount":200000,"street":0},{"player":2,"type":"C","amount":200000,"street":0},{"player":3,"type":"F","amount":0,"street":0},{"player":4,"type":"R","amount":800000,"street":0},{"player":5,"type":"F","amount":0,"street":0},{"player":1,"type":"R","amount":3375000,"street":0},{"player":2,"type":"F","amount":0,"street":0}],"actions":[{"type":"F","amount":0},{"type":"C","amount":2575000}],"hands":{"22":{"weight":0.0,"played":[0.0125,0.9875],"evs":[0.0,1.76589]},"32o":{"weight":0.0,"played":[1.0,0.0],"evs":[0.0,-4.67744]},"42o":{"weight":0.0,"played":[0.9999,1.0E-4],"evs":[0.0,-4.1168]},"52o":{"weight":0.0,"played":[1.0,0.0],"evs":[0.0,-4.08412]},"62o":{"weight":0.0,"played":[1.0,0.0],"evs":[0.0,-4.7485]},"72o":{"weight":0.0,"played":[1.0,0.0],"evs":[0.0,-5.44777]},"82o":{"weight":0.0,"played":[1.0,0.0],"evs":[0.0,-4.61105]},"92o":{"weight":0.0,"played":[1.0,0.0],"evs":[0.0,-3.99836]},"T2o":{"weight":0.0,"played":[1.0,0.0],"evs":[0.0,-3.60292]},"J2o":{"weight":0.0,"played":[1.0,0.0],"evs":[0.0,-3.34148]},"Q2o":{"weight":0.0,"played":[1.0,0.0],"evs":[0.0,-3.51844]},"K2o":{"weight":0.0,"played":[1.0,0.0],"evs":[0.0,-2.69721]},"A2o":{"weight":0.0,"played":[0.9999,1.0E-4],"evs":[0.0,-2.76261]},"32s":{"weight":0.0,"played":[1.0,0.0],"evs":[0.0,-2.85581]},"33":{"weight":0.0,"played":[0.0057,0.9943],"evs":[0.0,2.15618]},"43o":{"weight":0.0,"played":[1.0,0.0],"evs":[0.0,-3.76708]},"53o":{"weight":0.0,"played":[1.0,0.0],"evs":[0.0,-3.58246]},"63o":{"weight":0.0,"played":[1.0,0.0],"evs":[0.0,-4.04951]},"73o":{"weight":0.0,"played":[1.0,0.0],"evs":[0.0,-4.57625]},"83o":{"weight":0.0,"played":[1.0,0.0],"evs":[0.0,-4.85251]},"93o":{"weight":0.0,"played":[1.0,0.0],"evs":[0.0,-3.82331]},"T3o":{"weight":0.0,"played":[1.0,0.0],"evs":[0.0,-4.07098]},"J3o":{"weight":0.0,"played":[1.0,0.0],"evs":[0.0,-3.57702]},"Q3o":{"weight":0.0,"played":[1.0,0.0],"evs":[0.0,-3.32998]},"K3o":{"weight":0.0,"played":[1.0,0.0],"evs":[0.0,-3.10395]},"A3o":{"weight":0.0,"played":[0.9997,3.0E-4],"evs":[0.0,-2.14906]},"42s":{"weight":0.0,"played":[0.9996,4.0E-4],"evs":[0.0,-1.98799]},"43s":{"weight":0.0,"played":[0.9955,0.0045],"evs":[0.0,-1.60607]},"44":{"weight":2.0E-4,"played":[0.0036,0.9964],"evs":[0.0,1.83776]},"54o":{"weight":0.0,"played":[1.0,0.0],"evs":[0.0,-3.09728]},"64o":{"weight":0.0,"played":[1.0,0.0],"evs":[0.0,-2.72716]},"74o":{"weight":0.0,"played":[1.0,0.0],"evs":[0.0,-3.68142]},"84o":{"weight":0.0,"played":[1.0,0.0],"evs":[0.0,-4.14072]},"94o":{"weight":0.0,"played":[1.0,0.0],"evs":[0.0,-3.76546]},"T4o":{"weight":0.0,"played":[1.0,0.0],"evs":[0.0,-4.15377]},"J4o":{"weight":0.0,"played":[1.0,0.0],"evs":[0.0,-3.94767]},"Q4o":{"weight":0.0,"played":[1.0,0.0],"evs":[0.0,-2.9319]},"K4o":{"weight":0.0,"played":[1.0,0.0],"evs":[0.0,-2.38561]},"A4o":{"weight":0.0,"played":[0.9997,3.0E-4],"evs":[0.0,-1.67756]},"52s":{"weight":0.0,"played":[0.9989,0.0011],"evs":[0.0,-2.83656]},"53s":{"weight":0.0,"played":[0.9999,1.0E-4],"evs":[0.0,-1.04257]},"54s":{"weight":0.0,"played":[1.0,0.0],"evs":[0.0,-1.28922]},"55":{"weight":0.0646,"played":[0.0,1.0],"evs":[0.0,2.11632]},"65o":{"weight":0.0,"played":[0.9997,3.0E-4],"evs":[0.0,-2.69054]},"75o":{"weight":0.0,"played":[1.0,0.0],"evs":[0.0,-3.78634]},"85o":{"weight":0.0,"played":[1.0,0.0],"evs":[0.0,-3.30824]},"95o":{"weight":0.0,"played":[0.9999,1.0E-4],"evs":[0.0,-4.13306]},"T5o":{"weight":0.0,"played":[1.0,0.0],"evs":[0.0,-4.33463]},"J5o":{"weight":0.0,"played":[1.0,0.0],"evs":[0.0,-3.876]},"Q5o":{"weight":0.0,"played":[1.0,0.0],"evs":[0.0,-3.11886]},"K5o":{"weight":0.0,"played":[0.9998,2.0E-4],"evs":[0.0,-2.76129]},"A5o":{"weight":7.0E-4,"played":[0.9983,0.0017],"evs":[0.0,-2.24789]},"62s":{"weight":0.0,"played":[0.9986,0.0014],"evs":[0.0,-2.84858]},"63s":{"weight":0.0,"played":[0.9973,0.0027],"evs":[0.0,-2.45431]},"64s":{"weight":0.0,"played":[0.9824,0.0176],"evs":[0.0,-1.12767]},"65s":{"weight":0.0,"played":[0.9839,0.0161],"evs":[0.0,-0.72965]},"66":{"weight":0.198,"played":[0.0,1.0],"evs":[0.0,3.10695]},"76o":{"weight":0.0,"played":[0.9988,0.0012],"evs":[0.0,-2.62453]},"86o":{"weight":0.0,"played":[0.9997,3.0E-4],"evs":[0.0,-2.67371]},"96o":{"weight":0.0,"played":[1.0,0.0],"evs":[0.0,-2.18721]},"T6o":{"weight":0.0,"played":[0.9998,2.0E-4],"evs":[0.0,-3.25163]},"J6o":{"weight":0.0,"played":[1.0,0.0],"evs":[0.0,-3.32834]},"Q6o":{"weight":0.0,"played":[1.0,0.0],"evs":[0.0,-2.74861]},"K6o":{"weight":0.0,"played":[0.9984,0.0016],"evs":[0.0,-2.0656]},"A6o":{"weight":0.5726,"played":[1.0,0.0],"evs":[0.0,-2.66057]},"72s":{"weight":0.0,"played":[1.0,0.0],"evs":[0.0,-2.45917]},"73s":{"weight":0.0,"played":[1.0,0.0],"evs":[0.0,-2.54586]},"74s":{"weight":0.0,"played":[0.9998,2.0E-4],"evs":[0.0,-2.25818]},"75s":{"weight":0.0,"played":[0.9987,0.0013],"evs":[0.0,-1.6946]},"76s":{"weight":0.0,"played":[0.8269,0.1731],"evs":[0.0,-0.28219]},"77":{"weight":0.2813,"played":[0.0,1.0],"evs":[0.0,4.00667]},"87o":{"weight":0.0,"played":[0.9999,1.0E-4],"evs":[0.0,-1.99544]},"97o":{"weight":0.0,"played":[0.9999,1.0E-4],"evs":[0.0,-1.81554]},"T7o":{"weight":0.0,"played":[1.0,0.0],"evs":[0.0,-2.5508]},"J7o":{"weight":0.0,"played":[1.0,0.0],"evs":[0.0,-3.12107]},"Q7o":{"weight":0.0,"played":[0.9997,3.0E-4],"evs":[0.0,-3.12318]},"K7o":{"weight":0.0,"played":[1.0,0.0],"evs":[0.0,-2.516]},"A7o":{"weight":0.9857,"played":[0.9999,1.0E-4],"evs":[0.0,-1.88605]},"82s":{"weight":0.0,"played":[0.9994,6.0E-4],"evs":[0.0,-2.95285]},"83s":{"weight":0.0,"played":[1.0,0.0],"evs":[0.0,-2.12666]},"84s":{"weight":0.0,"played":[0.9881,0.0119],"evs":[0.0,-1.85266]},"85s":{"weight":0.0,"played":[0.9927,0.0073],"evs":[0.0,-1.77856]},"86s":{"weight":0.0,"played":[0.7925,0.2075],"evs":[0.0,-0.27788]},"87s":{"weight":0.0,"played":[0.8367,0.1633],"evs":[0.0,-0.34995]},"88":{"weight":0.0473,"played":[0.0,1.0],"evs":[0.0,6.32006]},"98o":{"weight":0.0,"played":[0.9999,1.0E-4],"evs":[0.0,-0.91516]},"T8o":{"weight":0.0,"played":[0.9999,1.0E-4],"evs":[0.0,-1.99325]},"J8o":{"weight":0.0,"played":[0.9999,1.0E-4],"evs":[0.0,-1.54246]},"Q8o":{"weight":0.0,"played":[1.0,0.0],"evs":[0.0,-1.77833]},"K8o":{"weight":0.0,"played":[0.9997,3.0E-4],"evs":[0.0,-1.71979]},"A8o":{"weight":0.8295,"played":[0.9999,1.0E-4],"evs":[0.0,-1.3407]},"92s":{"weight":0.0,"played":[1.0,0.0],"evs":[0.0,-1.79288]},"93s":{"weight":0.0,"played":[1.0,0.0],"evs":[0.0,-1.89933]},"94s":{"weight":0.0,"played":[1.0,0.0],"evs":[0.0,-1.591]},"95s":{"weight":0.0,"played":[0.9996,4.0E-4],"evs":[0.0,-2.2991]},"96s":{"weight":0.0,"played":[0.9455,0.0545],"evs":[0.0,-0.42632]},"97s":{"weight":0.0,"played":[0.6839,0.3161],"evs":[0.0,-0.40311]},"98s":{"weight":0.0,"played":[0.0286,0.9714],"evs":[0.0,0.63911]},"99":{"weight":0.1141,"played":[0.0,1.0],"evs":[0.0,8.60218]},"T9o":{"weight":0.0,"played":[0.9858,0.0142],"evs":[0.0,-0.52421]},"J9o":{"weight":0.0,"played":[0.8837,0.1163],"evs":[0.0,-0.52856]},"Q9o":{"weight":0.0,"played":[0.9793,0.0207],"evs":[0.0,-1.05942]},"K9o":{"weight":0.0,"played":[0.9732,0.0268],"evs":[0.0,-0.68714]},"A9o":{"weight":0.2044,"played":[0.9924,0.0076],"evs":[0.0,-0.8547]},"T2s":{"weight":0.0,"played":[0.9994,6.0E-4],"evs":[0.0,-1.7804]},"T3s":{"weight":0.0,"played":[0.9999,1.0E-4],"evs":[0.0,-2.06494]},"T4s":{"weight":0.0,"played":[0.9995,5.0E-4],"evs":[0.0,-1.4557]},"T5s":{"weight":0.0,"played":[0.9972,0.0028],"evs":[0.0,-3.02282]},"T6s":{"weight":0.0,"played":[0.996,0.004],"evs":[0.0,-1.67222]},"T7s":{"weight":0.0,"played":[0.922,0.078],"evs":[0.0,-0.5049]},"T8s":{"weight":0.0,"played":[0.6177,0.3823],"evs":[0.0,-0.24235]},"T9s":{"weight":8.0E-4,"played":[0.0089,0.9911],"evs":[0.0,0.72568]},"TT":{"weight":0.0069,"played":[0.0,1.0],"evs":[0.0,10.07844]},"JTo":{"weight":0.0,"played":[0.9939,0.0061],"evs":[0.0,-0.91679]},"QTo":{"weight":0.0,"played":[0.3113,0.6887],"evs":[0.0,-0.21819]},"KTo":{"weight":0.0,"played":[0.9371,0.0629],"evs":[0.0,-0.47285]},"ATo":{"weight":0.0485,"played":[0.0019,0.9981],"evs":[0.0,0.6887]},"J2s":{"weight":0.0,"played":[0.9857,0.0143],"evs":[0.0,-2.28524]},"J3s":{"weight":0.0,"played":[0.997,0.003],"evs":[0.0,-2.04632]},"J4s":{"weight":0.0,"played":[0.9997,3.0E-4],"evs":[0.0,-1.52142]},"J5s":{"weight":0.0,"played":[0.9991,9.0E-4],"evs":[0.0,-1.70906]},"J6s":{"weight":0.0,"played":[0.9962,0.0038],"evs":[0.0,-1.16671]},"J7s":{"weight":0.0,"played":[0.9921,0.0079],"evs":[0.0,-1.73321]},"J8s":{"weight":0.0,"played":[0.933,0.067],"evs":[0.0,-0.16562]},"J9s":{"weight":1.0E-4,"played":[0.0208,0.9792],"evs":[0.0,0.04703]},"JTs":{"weight":1.0E-4,"played":[0.0235,0.9765],"evs":[0.0,0.85089]},"JJ":{"weight":0.5195,"played":[0.0,1.0],"evs":[0.0,13.09402]},"QJo":{"weight":0.0173,"played":[0.8786,0.1214],"evs":[0.0,-0.24059]},"KJo":{"weight":0.0104,"played":[4.0E-4,0.9996],"evs":[0.0,0.46671]},"AJo":{"weight":2.0E-4,"played":[0.0045,0.9955],"evs":[0.0,3.34426]},"Q2s":{"weight":0.0,"played":[1.0,0.0],"evs":[0.0,-1.23159]},"Q3s":{"weight":0.0,"played":[0.9962,0.0038],"evs":[0.0,-0.45168]},"Q4s":{"weight":0.0,"played":[0.9989,0.0011],"evs":[0.0,-1.1739]},"Q5s":{"weight":0.0,"played":[0.9964,0.0036],"evs":[0.0,-1.82581]},"Q6s":{"weight":0.0,"played":[0.9923,0.0077],"evs":[0.0,-0.9959]},"Q7s":{"weight":0.0,"played":[0.9988,0.0012],"evs":[0.0,-1.15298]},"Q8s":{"weight":0.0,"played":[0.6592,0.3408],"evs":[0.0,-0.43006]},"Q9s":{"weight":1.0E-4,"played":[0.0029,0.9971],"evs":[0.0,0.77222]},"QTs":{"weight":0.0,"played":[6.0E-4,0.9994],"evs":[0.0,2.0601]},"QJs":{"weight":0.4626,"played":[3.0E-4,0.9997],"evs":[0.0,1.44513]},"QQ":{"weight":0.8765,"played":[0.0,1.0],"evs":[0.0,17.05222]},"KQo":{"weight":0.2216,"played":[0.0045,0.9955],"evs":[0.0,1.88666]},"AQo":{"weight":0.0995,"played":[0.0,1.0],"evs":[0.0,7.43666]},"K2s":{"weight":0.0,"played":[0.9156,0.0844],"evs":[0.0,-0.80811]},"K3s":{"weight":0.0,"played":[0.994,0.006],"evs":[0.0,-1.2936]},"K4s":{"weight":0.0,"played":[0.8266,0.1734],"evs":[0.0,-0.43687]},"K5s":{"weight":0.0,"played":[0.9929,0.0071],"evs":[0.0,-1.07582]},"K6s":{"weight":0.0,"played":[0.9921,0.0079],"evs":[0.0,-0.30772]},"K7s":{"weight":1.0E-4,"played":[0.9511,0.0489],"evs":[0.0,0.10292]},"K8s":{"weight":0.0,"played":[0.3073,0.6927],"evs":[0.0,-0.47778]},"K9s":{"weight":0.0,"played":[0.1053,0.8947],"evs":[0.0,1.13023]},"KTs":{"weight":0.086,"played":[0.0019,0.9981],"evs":[0.0,1.32553]},"KJs":{"weight":0.0684,"played":[0.0054,0.9946],"evs":[0.0,2.27539]},"KQs":{"weight":0.1823,"played":[2.0E-4,0.9998],"evs":[0.0,3.21382]},"KK":{"weight":0.9998,"played":[0.0,1.0],"evs":[0.0,21.07504]},"AKo":{"weight":0.0475,"played":[0.0,1.0],"evs":[0.0,10.41464]},"A2s":{"weight":0.1502,"played":[0.8224,0.1776],"evs":[0.0,-0.10593]},"A3s":{"weight":0.3466,"played":[0.0891,0.9109],"evs":[0.0,0.88691]},"A4s":{"weight":0.0017,"played":[0.8263,0.1737],"evs":[0.0,-0.79927]},"A5s":{"weight":0.7825,"played":[0.9564,0.0436],"evs":[0.0,-0.48054]},"A6s":{"weight":0.8686,"played":[0.7298,0.2702],"evs":[0.0,-0.35267]},"A7s":{"weight":0.5624,"played":[0.7449,0.2551],"evs":[0.0,-0.24622]},"A8s":{"weight":0.0086,"played":[0.5718,0.4282],"evs":[0.0,-0.49263]},"A9s":{"weight":0.4599,"played":[0.0361,0.9639],"evs":[0.0,0.90983]},"ATs":{"weight":0.6442,"played":[0.0409,0.9591],"evs":[0.0,3.09411]},"AJs":{"weight":0.0917,"played":[0.001,0.999],"evs":[0.0,4.89406]},"AQs":{"weight":0.8224,"played":[0.0,1.0],"evs":[0.0,8.55045]},"AKs":{"weight":0.9953,"played":[0.0,1.0],"evs":[0.0,10.68969]},"AA":{"weight":0.999,"played":[0.0,1.0],"evs":[0.0,24.57007]}}}