{"player":2,"street":0,"children":3,"sequence":[{"player":0,"type":"F","amount":0,"street":0},{"player":1,"type":"R","amount":200000,"street":0},{"player":2,"type":"C","amount":200000,"street":0},{"player":3,"type":"F","amount":0,"street":0},{"player":4,"type":"R","amount":800000,"street":0},{"player":5,"type":"R","amount":895000,"street":0},{"player":1,"type":"F","amount":0,"street":0}],"actions":[{"type":"F","amount":0,"node":276},{"type":"C","amount":695000,"node":277},{"type":"R","amount":1265000,"node":278}],"hands":{"22":{"weight":0.0,"played":[1.0E-4,0.0085,0.9914],"evs":[0.0,0.2723,0.36167]},"32o":{"weight":0.0,"played":[1.0,0.0,0.0],"evs":[0.0,-1.65357,-1.98601]},"42o":{"weight":0.0,"played":[1.0,0.0,0.0],"evs":[0.0,-1.36396,-1.63518]},"52o":{"weight":0.0,"played":[1.0,0.0,0.0],"evs":[0.0,-1.41455,-1.65573]},"62o":{"weight":0.0,"played":[1.0,0.0,0.0],"evs":[0.0,-1.6674,-1.98078]},"72o":{"weight":0.0,"played":[1.0,0.0,0.0],"evs":[0.0,-2.13653,-2.4806]},"82o":{"weight":0.0,"played":[1.0,0.0,0.0],"evs":[0.0,-1.92677,-2.19371]},"92o":{"weight":0.0,"played":[1.0,0.0,0.0],"evs":[0.0,-1.68342,-1.90939]},"T2o":{"weight":0.0,"played":[1.0,0.0,0.0],"evs":[0.0,-1.85967,-2.06862]},"J2o":{"weight":0.0,"played":[1.0,0.0,0.0],"evs":[0.0,-1.62233,-1.80685]},"Q2o":{"weight":0.0,"played":[1.0,0.0,0.0],"evs":[0.0,-1.64788,-1.79866]},"K2o":{"weight":0.0,"played":[1.0,0.0,0.0],"evs":[0.0,-1.38149,-1.51058]},"A2o":{"weight":0.0,"played":[1.0,0.0,0.0],"evs":[0.0,-1.56758,-1.55706]},"32s":{"weight":0.0,"played":[0.9966,0.0032,3.0E-4],"evs":[0.0,-0.68695,-0.88729]},"33":{"weight":0.0,"played":[2.0E-4,5.0E-4,0.9992],"evs":[0.0,0.6175,0.66691]},"43o":{"weight":0.0,"played":[1.0,0.0,0.0],"evs":[0.0,-1.10029,-1.28421]},"53o":{"weight":0.0,"played":[1.0,0.0,0.0],"evs":[0.0,-1.11374,-1.32664]},"63o":{"weight":0.0,"played":[1.0,0.0,0.0],"evs":[0.0,-1.35611,-1.60578]},"73o":{"weight":0.0,"played":[1.0,0.0,0.0],"evs":[0.0,-1.68433,-1.94741]},"83o":{"weight":0.0,"played":[1.0,0.0,0.0],"evs":[0.0,-1.93842,-2.1854]},"93o":{"weight":0.0,"played":[1.0,0.0,0.0],"evs":[0.0,-1.67955,-1.87357]},"T3o":{"weight":0.0,"played":[1.0,0.0,0.0],"evs":[0.0,-1.67242,-1.84819]},"J3o":{"weight":0.0,"played":[1.0,0.0,0.0],"evs":[0.0,-1.54187,-1.67779]},"Q3o":{"weight":0.0,"played":[1.0,0.0,0.0],"evs":[0.0,-1.60664,-1.69585]},"K3o":{"weight":0.0,"played":[1.0,0.0,0.0],"evs":[0.0,-1.27879,-1.39532]},"A3o":{"weight":0.0,"played":[1.0,0.0,0.0],"evs":[0.0,-1.40697,-1.40721]},"42s":{"weight":0.0,"played":[0.9999,1.0E-4,0.0],"evs":[0.0,-0.62987,-0.812]},"43s":{"weight":0.0,"played":[0.9999,0.0,0.0],"evs":[0.0,-0.2928,-0.45053]},"44":{"weight":0.1537,"played":[0.0,0.001,0.9989],"evs":[0.0,0.75905,0.79135]},"54o":{"weight":0.0,"played":[1.0,0.0,0.0],"evs":[0.0,-0.79779,-0.94409]},"64o":{"weight":0.0,"played":[0.9999,0.0,0.0],"evs":[0.0,-1.01196,-1.21421]},"74o":{"weight":0.0,"played":[1.0,0.0,0.0],"evs":[0.0,-1.36278,-1.54772]},"84o":{"weight":0.0,"played":[1.0,0.0,0.0],"evs":[0.0,-1.47375,-1.66211]},"94o":{"weight":0.0,"played":[1.0,0.0,0.0],"evs":[0.0,-1.82088,-2.00607]},"T4o":{"weight":0.0,"played":[1.0,0.0,0.0],"evs":[0.0,-1.61594,-1.71917]},"J4o":{"weight":0.0,"played":[1.0,0.0,0.0],"evs":[0.0,-1.39512,-1.49356]},"Q4o":{"weight":0.0,"played":[1.0,0.0,0.0],"evs":[0.0,-1.524,-1.64566]},"K4o":{"weight":0.0,"played":[1.0,0.0,0.0],"evs":[0.0,-1.26607,-1.36811]},"A4o":{"weight":0.0,"played":[1.0,0.0,0.0],"evs":[0.0,-1.46449,-1.46313]},"52s":{"weight":0.0,"played":[0.9976,0.0011,0.0013],"evs":[0.0,-0.59881,-0.76789]},"53s":{"weight":0.0,"played":[0.7497,0.1887,0.0617],"evs":[0.0,-0.05029,-0.15518]},"54s":{"weight":0.0,"played":[1.0E-4,0.9956,0.0043],"evs":[0.0,0.15006,0.05917]},"55":{"weight":0.4401,"played":[0.0,0.0025,0.9975],"evs":[0.0,1.39511,1.4044]},"65o":{"weight":0.0,"played":[0.9997,1.0E-4,2.0E-4],"evs":[0.0,-0.61541,-0.76377]},"75o":{"weight":0.0,"played":[0.9997,3.0E-4,0.0],"evs":[0.0,-0.89162,-1.08199]},"85o":{"weight":0.0,"played":[0.9999,1.0E-4,0.0],"evs":[0.0,-1.17586,-1.36877]},"95o":{"weight":0.0,"played":[1.0,0.0,0.0],"evs":[0.0,-1.36634,-1.48527]},"T5o":{"weight":0.0,"played":[1.0,0.0,0.0],"evs":[0.0,-1.67676,-1.86825]},"J5o":{"weight":0.0,"played":[1.0,0.0,0.0],"evs":[0.0,-1.45572,-1.60291]},"Q5o":{"weight":0.0,"played":[1.0,0.0,0.0],"evs":[0.0,-1.36317,-1.48336]},"K5o":{"weight":0.0,"played":[0.9998,1.0E-4,1.0E-4],"evs":[0.0,-1.05083,-1.19179]},"A5o":{"weight":0.0,"played":[1.0,0.0,0.0],"evs":[0.0,-1.23138,-1.24229]},"62s":{"weight":0.0,"played":[1.0,0.0,0.0],"evs":[0.0,-0.82587,-1.04084]},"63s":{"weight":0.0,"played":[0.9778,0.0217,6.0E-4],"evs":[0.0,-0.4567,-0.63346]},"64s":{"weight":0.0,"played":[0.5925,0.4019,0.0056],"evs":[0.0,-0.12607,-0.23808]},"65s":{"weight":0.0,"played":[0.0014,0.9945,0.0041],"evs":[0.0,0.15577,0.08665]},"66":{"weight":7.0E-4,"played":[0.0,0.015,0.9849],"evs":[0.0,1.60703,1.61655]},"76o":{"weight":0.0,"played":[1.0,0.0,0.0],"evs":[0.0,-0.67384,-0.84041]},"86o":{"weight":0.0,"played":[0.9996,4.0E-4,0.0],"evs":[0.0,-0.89721,-1.07116]},"96o":{"weight":0.0,"played":[1.0,0.0,0.0],"evs":[0.0,-1.25288,-1.39301]},"T6o":{"weight":0.0,"played":[1.0,0.0,0.0],"evs":[0.0,-1.5073,-1.65495]},"J6o":{"weight":0.0,"played":[1.0,0.0,0.0],"evs":[0.0,-1.47176,-1.62923]},"Q6o":{"weight":0.0,"played":[1.0,0.0,0.0],"evs":[0.0,-1.39146,-1.51729]},"K6o":{"weight":0.0,"played":[1.0,0.0,0.0],"evs":[0.0,-1.17521,-1.3101]},"A6o":{"weight":0.0,"played":[1.0,0.0,0.0],"evs":[0.0,-1.52676,-1.55344]},"72s":{"weight":0.0,"played":[1.0,0.0,0.0],"evs":[0.0,-1.13732,-1.32859]},"73s":{"weight":0.0,"played":[0.9987,9.0E-4,4.0E-4],"evs":[0.0,-0.64156,-0.79226]},"74s":{"weight":0.0,"played":[0.9993,4.0E-4,3.0E-4],"evs":[0.0,-0.3501,-0.47963]},"75s":{"weight":0.0,"played":[0.3293,0.6183,0.0524],"evs":[0.0,0.01605,-0.06104]},"76s":{"weight":0.0,"played":[0.1279,0.8373,0.0348],"evs":[0.0,0.11586,0.03286]},"77":{"weight":0.0,"played":[0.0,0.1675,0.8325],"evs":[0.0,2.12502,2.12552]},"87o":{"weight":0.0,"played":[0.9975,0.0022,3.0E-4],"evs":[0.0,-0.73586,-0.88867]},"97o":{"weight":0.0,"played":[0.9997,2.0E-4,1.0E-4],"evs":[0.0,-0.79528,-0.90899]},"T7o":{"weight":0.0,"played":[0.9999,0.0,0.0],"evs":[0.0,-1.18868,-1.27783]},"J7o":{"weight":0.0,"played":[0.9999,0.0,1.0E-4],"evs":[0.0,-1.30341,-1.42513]},"Q7o":{"weight":0.0,"played":[1.0,0.0,0.0],"evs":[0.0,-1.49776,-1.67051]},"K7o":{"weight":0.0,"played":[0.9999,0.0,1.0E-4],"evs":[0.0,-1.09392,-1.19821]},"A7o":{"weight":0.0,"played":[0.9999,0.0,1.0E-4],"evs":[0.0,-0.97237,-0.96851]},"82s":{"weight":0.0,"played":[0.9999,1.0E-4,0.0],"evs":[0.0,-0.89828,-1.03706]},"83s":{"weight":0.0,"played":[0.9983,0.0012,5.0E-4],"evs":[0.0,-1.03178,-1.23643]},"84s":{"weight":0.0,"played":[0.9998,0.0,1.0E-4],"evs":[0.0,-0.65537,-0.77305]},"85s":{"weight":0.0,"played":[0.996,0.0013,0.0027],"evs":[0.0,-0.18701,-0.23897]},"86s":{"weight":0.0,"played":[0.3906,0.4707,0.1387],"evs":[0.0,0.00899,-0.0812]},"87s":{"weight":0.0,"played":[0.0211,0.9593,0.0197],"evs":[0.0,0.22954,0.20409]},"88":{"weight":0.0,"played":[0.0,0.0,1.0],"evs":[0.0,3.17909,3.18527]},"98o":{"weight":0.0,"played":[0.9984,6.0E-4,0.0011],"evs":[0.0,-0.46315,-0.57199]},"T8o":{"weight":0.0,"played":[0.9995,2.0E-4,2.0E-4],"evs":[0.0,-0.73102,-0.80652]},"J8o":{"weight":0.0,"played":[0.9998,0.0,1.0E-4],"evs":[0.0,-0.81004,-0.91137]},"Q8o":{"weight":0.0,"played":[0.9999,0.0,1.0E-4],"evs":[0.0,-1.17701,-1.24221]},"K8o":{"weight":0.0,"played":[0.9996,2.0E-4,1.0E-4],"evs":[0.0,-1.05241,-1.11542]},"A8o":{"weight":0.0,"played":[0.9997,1.0E-4,2.0E-4],"evs":[0.0,-0.16221,-0.14815]},"92s":{"weight":0.0,"played":[0.9999,0.0,0.0],"evs":[0.0,-1.00528,-1.2535]},"93s":{"weight":0.0,"played":[0.9974,0.0014,0.0013],"evs":[0.0,-0.74429,-0.8511]},"94s":{"weight":0.0,"played":[0.9961,0.0012,0.0027],"evs":[0.0,-0.65321,-0.71944]},"95s":{"weight":0.0,"played":[0.8184,0.157,0.0246],"evs":[0.0,-0.50064,-0.62805]},"96s":{"weight":0.0,"played":[0.9558,0.0305,0.0138],"evs":[0.0,-0.1878,-0.24537]},"97s":{"weight":0.0,"played":[0.0924,0.8469,0.0608],"evs":[0.0,0.00415,-0.05943]},"98s":{"weight":0.0,"played":[2.0E-4,0.8074,0.1924],"evs":[0.0,0.56358,0.48487]},"99":{"weight":0.0,"played":[0.0,0.0,1.0],"evs":[0.0,3.58463,3.59841]},"T9o":{"weight":0.0,"played":[0.8526,0.0905,0.0569],"evs":[0.0,-0.28513,-0.37267]},"J9o":{"weight":0.0,"played":[0.985,0.0116,0.0034],"evs":[0.0,-0.44535,-0.52739]},"Q9o":{"weight":0.0,"played":[0.9918,0.006,0.0023],"evs":[0.0,-0.5478,-0.63723]},"K9o":{"weight":0.0,"played":[0.9922,0.0064,0.0014],"evs":[0.0,-0.51411,-0.62311]},"A9o":{"weight":3.0E-4,"played":[7.0E-4,0.0269,0.9724],"evs":[0.0,0.43842,0.45546]},"T2s":{"weight":0.0,"played":[1.0,0.0,0.0],"evs":[0.0,-0.89791,-1.05844]},"T3s":{"weight":0.0,"played":[0.9996,2.0E-4,1.0E-4],"evs":[0.0,-0.59856,-0.71252]},"T4s":{"weight":0.0,"played":[0.9999,0.0,1.0E-4],"evs":[0.0,-0.53545,-0.58721]},"T5s":{"weight":0.0,"played":[1.0,0.0,0.0],"evs":[0.0,-0.67939,-0.80657]},"T6s":{"weight":0.0,"played":[0.9752,0.0134,0.0114],"evs":[0.0,-0.38425,-0.45938]},"T7s":{"weight":0.0,"played":[0.2805,0.583,0.1365],"evs":[0.0,-0.07778,-0.14825]},"T8s":{"weight":0.0,"played":[2.0E-4,0.3705,0.6293],"evs":[0.0,0.32509,0.32393]},"T9s":{"weight":1.0E-4,"played":[7.0E-4,0.9351,0.0642],"evs":[0.0,0.60145,0.5617]},"TT":{"weight":0.0,"played":[0.0,0.6279,0.3721],"evs":[0.0,4.23631,4.23715]},"JTo":{"weight":0.0,"played":[0.6199,0.1987,0.1814],"evs":[0.0,-0.13883,-0.15606]},"QTo":{"weight":0.0,"played":[0.9116,0.0518,0.0366],"evs":[0.0,-0.2518,-0.29017]},"KTo":{"weight":0.0,"played":[0.8166,0.1511,0.0323],"evs":[0.0,-0.11872,-0.14731]},"ATo":{"weight":0.0,"played":[0.0,0.0,1.0],"evs":[0.0,1.11699,1.12555]},"J2s":{"weight":0.0,"played":[0.9995,0.0,5.0E-4],"evs":[0.0,-0.59797,-0.7368]},"J3s":{"weight":0.0,"played":[0.9999,1.0E-4,1.0E-4],"evs":[0.0,-0.43885,-0.61518]},"J4s":{"weight":0.0,"played":[0.9956,0.0034,0.0011],"evs":[0.0,-0.66621,-0.72736]},"J5s":{"weight":0.0,"played":[0.9963,0.0029,8.0E-4],"evs":[0.0,-0.34888,-0.43095]},"J6s":{"weight":0.0,"played":[0.9992,2.0E-4,6.0E-4],"evs":[0.0,-0.61091,-0.758]},"J7s":{"weight":0.0,"played":[0.8115,0.1848,0.0037],"evs":[0.0,-0.15468,-0.26821]},"J8s":{"weight":0.0,"played":[0.5491,0.4342,0.0167],"evs":[0.0,-0.07826,-0.13192]},"J9s":{"weight":0.0,"played":[0.0,0.9965,0.0035],"evs":[0.0,0.4836,0.42105]},"JTs":{"weight":1.0,"played":[0.0,0.8309,0.1691],"evs":[0.0,0.97282,0.95555]},"JJ":{"weight":0.0,"played":[0.0,0.1234,0.8766],"evs":[0.0,5.16673,5.17113]},"QJo":{"weight":0.0,"played":[0.0266,0.5822,0.3911],"evs":[0.0,0.09346,0.09094]},"KJo":{"weight":0.1378,"played":[2.0E-4,0.9177,0.0821],"evs":[0.0,0.185,0.17368]},"AJo":{"weight":0.0,"played":[0.0,0.0,1.0],"evs":[0.0,1.92508,1.94473]},"Q2s":{"weight":0.0,"played":[0.9996,3.0E-4,1.0E-4],"evs":[0.0,-0.7211,-0.82848]},"Q3s":{"weight":0.0,"played":[0.996,0.0023,0.0017],"evs":[0.0,-0.49656,-0.5359]},"Q4s":{"weight":0.0,"played":[1.0,0.0,0.0],"evs":[0.0,-0.27953,-0.38927]},"Q5s":{"weight":0.0,"played":[0.9146,0.0133,0.0721],"evs":[0.0,-0.49164,-0.61086]},"Q6s":{"weight":0.0,"played":[0.8929,0.096,0.0111],"evs":[0.0,-0.37299,-0.48414]},"Q7s":{"weight":0.0,"played":[0.9969,0.0018,0.0013],"evs":[0.0,-0.65814,-0.73464]},"Q8s":{"weight":0.0,"played":[0.1697,0.6549,0.1754],"evs":[0.0,0.07752,0.02692]},"Q9s":{"weight":0.0,"played":[0.0049,0.9865,0.0086],"evs":[0.0,0.59447,0.51561]},"QTs":{"weight":1.0,"played":[0.0,0.8223,0.1777],"evs":[0.0,0.7323,0.71882]},"QJs":{"weight":1.0,"played":[0.0,0.9581,0.0419],"evs":[0.0,1.01231,0.99504]},"QQ":{"weight":0.0,"played":[0.0,0.0198,0.9802],"evs":[0.0,7.07941,7.09174]},"KQo":{"weight":0.0,"played":[0.0,0.6501,0.3499],"evs":[0.0,0.43665,0.42534]},"AQo":{"weight":0.0,"played":[0.0,0.0,1.0],"evs":[0.0,2.79907,2.80924]},"K2s":{"weight":0.0,"played":[0.9668,0.0236,0.0096],"evs":[0.0,-0.22774,-0.28657]},"K3s":{"weight":0.0,"played":[0.9803,0.018,0.0017],"evs":[0.0,-0.25161,-0.34096]},"K4s":{"weight":0.0,"played":[0.9603,0.0383,0.0013],"evs":[0.0,0.01024,-0.06155]},"K5s":{"weight":0.0,"played":[0.9423,0.0542,0.0035],"evs":[0.0,-0.16256,-0.24998]},"K6s":{"weight":0.0,"played":[0.7056,0.2833,0.0112],"evs":[0.0,-0.12411,-0.24159]},"K7s":{"weight":0.0,"played":[0.9946,0.0025,0.0029],"evs":[0.0,-0.24207,-0.38102]},"K8s":{"weight":0.0,"played":[0.6561,0.2117,0.1322],"evs":[0.0,-0.01182,-0.09585]},"K9s":{"weight":6.0E-4,"played":[0.0012,0.9597,0.0392],"evs":[0.0,0.30098,0.23533]},"KTs":{"weight":0.4495,"played":[0.0,0.9994,6.0E-4],"evs":[0.0,0.94472,0.93212]},"KJs":{"weight":0.0012,"played":[1.0E-4,0.173,0.8269],"evs":[0.0,1.09611,1.0961]},"KQs":{"weight":0.0,"played":[0.0,0.845,0.155],"evs":[0.0,1.70581,1.69383]},"KK":{"weight":0.0,"played":[0.0,0.0,1.0],"evs":[0.0,9.24199,9.2434]},"AKo":{"weight":0.0,"played":[0.0,0.0,1.0],"evs":[0.0,3.89176,3.90052]},"A2s":{"weight":0.0,"played":[0.9862,0.0081,0.0057],"evs":[0.0,-0.30054,-0.34765]},"A3s":{"weight":0.0,"played":[0.9608,0.0063,0.0329],"evs":[0.0,-0.41819,-0.46127]},"A4s":{"weight":0.0013,"played":[0.2099,0.3767,0.4134],"evs":[0.0,-0.10568,-0.10709]},"A5s":{"weight":1.0,"played":[0.567,0.1762,0.2568],"evs":[0.0,-0.06229,-0.04613]},"A6s":{"weight":0.0228,"played":[0.9792,0.0107,0.0101],"evs":[0.0,-0.32819,-0.33316]},"A7s":{"weight":0.672,"played":[0.1435,0.4061,0.4504],"evs":[0.0,0.01356,0.0148]},"A8s":{"weight":0.0,"played":[0.0091,0.0284,0.9626],"evs":[0.0,0.87561,0.89502]},"A9s":{"weight":0.0,"played":[1.0E-4,0.0038,0.9961],"evs":[0.0,1.69208,1.70145]},"ATs":{"weight":0.0,"played":[0.0,2.0E-4,0.9998],"evs":[0.0,1.77188,1.7867]},"AJs":{"weight":0.0,"played":[1.0E-4,0.0,0.9999],"evs":[0.0,2.74935,2.77079]},"AQs":{"weight":0.0,"played":[0.0,0.1253,0.8747],"evs":[0.0,3.66719,3.67537]},"AKs":{"weight":0.0,"played":[0.0,0.0,1.0],"evs":[0.0,5.17471,5.19535]},"AA":{"weight":0.0375,"played":[0.0,0.0,1.0],"evs":[0.0,13.07552,13.09951]}}}