{"player":5,"street":0,"children":2,"sequence":[{"player":0,"type":"F","amount":0,"street":0},{"player":1,"type":"R","amount":200000,"street":0},{"player":2,"type":"C","amount":200000,"street":0},{"player":3,"type":"F","amount":0,"street":0},{"player":4,"type":"R","amount":3375000,"street":0}],"actions":[{"type":"F","amount":0,"node":288},{"type":"C","amount":795000,"node":291}],"hands":{"22":{"weight":1.0,"played":[1.0,0.0],"evs":[0.0,-0.18659]},"32o":{"weight":1.0,"played":[1.0,0.0],"evs":[0.0,-1.69659]},"42o":{"weight":1.0,"played":[1.0,0.0],"evs":[0.0,-1.47336]},"52o":{"weight":1.0,"played":[1.0,0.0],"evs":[0.0,-1.52275]},"62o":{"weight":1.0,"played":[1.0,0.0],"evs":[0.0,-1.5827]},"72o":{"weight":1.0,"played":[1.0,0.0],"evs":[0.0,-1.89552]},"82o":{"weight":1.0,"played":[1.0,0.0],"evs":[0.0,-1.56153]},"92o":{"weight":1.0,"played":[1.0,0.0],"evs":[0.0,-1.67037]},"T2o":{"weight":1.0,"played":[1.0,0.0],"evs":[0.0,-1.98754]},"J2o":{"weight":1.0,"played":[1.0,0.0],"evs":[0.0,-1.95863]},"Q2o":{"weight":1.0,"played":[1.0,0.0],"evs":[0.0,-1.66221]},"K2o":{"weight":1.0,"played":[1.0,0.0],"evs":[0.0,-1.49262]},"A2o":{"weight":1.0,"played":[1.0,0.0],"evs":[0.0,-0.92694]},"32s":{"weight":1.0,"played":[1.0,0.0],"evs":[0.0,-0.85108]},"33":{"weight":1.0,"played":[1.0,0.0],"evs":[0.0,-0.07421]},"43o":{"weight":1.0,"played":[1.0,0.0],"evs":[0.0,-1.18574]},"53o":{"weight":1.0,"played":[1.0,0.0],"evs":[0.0,-1.23795]},"63o":{"weight":1.0,"played":[1.0,0.0],"evs":[0.0,-1.34552]},"73o":{"weight":1.0,"played":[1.0,0.0],"evs":[0.0,-1.67414]},"83o":{"weight":1.0,"played":[1.0,0.0],"evs":[0.0,-1.7509]},"93o":{"weight":1.0,"played":[1.0,0.0],"evs":[0.0,-1.57647]},"T3o":{"weight":1.0,"played":[1.0,0.0],"evs":[0.0,-1.86008]},"J3o":{"weight":1.0,"played":[1.0,0.0],"evs":[0.0,-1.88225]},"Q3o":{"weight":1.0,"played":[1.0,0.0],"evs":[0.0,-1.62596]},"K3o":{"weight":1.0,"played":[1.0,0.0],"evs":[0.0,-1.37718]},"A3o":{"weight":1.0,"played":[1.0,0.0],"evs":[0.0,-0.93286]},"42s":{"weight":1.0,"played":[1.0,0.0],"evs":[0.0,-0.82656]},"43s":{"weight":1.0,"played":[0.9995,5.0E-4],"evs":[0.0,-0.29588]},"44":{"weight":1.0,"played":[0.1454,0.8546],"evs":[0.0,0.19012]},"54o":{"weight":1.0,"played":[0.9999,1.0E-4],"evs":[0.0,-0.97617]},"64o":{"weight":1.0,"played":[1.0,0.0],"evs":[0.0,-0.97685]},"74o":{"weight":1.0,"played":[1.0,0.0],"evs":[0.0,-1.36542]},"84o":{"weight":1.0,"played":[1.0,0.0],"evs":[0.0,-1.4319]},"94o":{"weight":1.0,"played":[1.0,0.0],"evs":[0.0,-1.54818]},"T4o":{"weight":1.0,"played":[1.0,0.0],"evs":[0.0,-1.74287]},"J4o":{"weight":1.0,"played":[1.0,0.0],"evs":[0.0,-1.94065]},"Q4o":{"weight":1.0,"played":[1.0,0.0],"evs":[0.0,-1.5172]},"K4o":{"weight":1.0,"played":[1.0,0.0],"evs":[0.0,-1.19774]},"A4o":{"weight":1.0,"played":[1.0,0.0],"evs":[0.0,-0.86466]},"52s":{"weight":1.0,"played":[0.9998,2.0E-4],"evs":[0.0,-0.83415]},"53s":{"weight":1.0,"played":[0.9968,0.0032],"evs":[0.0,-0.21034]},"54s":{"weight":1.0,"played":[0.9926,0.0074],"evs":[0.0,-0.3238]},"55":{"weight":1.0,"played":[0.0012,0.9988],"evs":[0.0,0.71604]},"65o":{"weight":1.0,"played":[1.0,0.0],"evs":[0.0,-0.78473]},"75o":{"weight":1.0,"played":[0.9999,1.0E-4],"evs":[0.0,-0.9304]},"85o":{"weight":1.0,"played":[1.0,0.0],"evs":[0.0,-1.19979]},"95o":{"weight":1.0,"played":[1.0,0.0],"evs":[0.0,-1.4722]},"T5o":{"weight":1.0,"played":[1.0,0.0],"evs":[0.0,-2.13319]},"J5o":{"weight":1.0,"played":[1.0,0.0],"evs":[0.0,-2.03856]},"Q5o":{"weight":1.0,"played":[1.0,0.0],"evs":[0.0,-1.67477]},"K5o":{"weight":1.0,"played":[1.0,0.0],"evs":[0.0,-1.36396]},"A5o":{"weight":1.0,"played":[1.0,0.0],"evs":[0.0,-0.84105]},"62s":{"weight":1.0,"played":[1.0,0.0],"evs":[0.0,-0.89895]},"63s":{"weight":1.0,"played":[0.997,0.003],"evs":[0.0,-0.57867]},"64s":{"weight":1.0,"played":[0.9979,0.0021],"evs":[0.0,-0.29213]},"65s":{"weight":1.0,"played":[0.4096,0.5904],"evs":[0.0,0.24306]},"66":{"weight":1.0,"played":[1.0E-4,0.9999],"evs":[0.0,1.27228]},"76o":{"weight":1.0,"played":[1.0,0.0],"evs":[0.0,-0.5322]},"86o":{"weight":1.0,"played":[1.0,0.0],"evs":[0.0,-0.72517]},"96o":{"weight":1.0,"played":[1.0,0.0],"evs":[0.0,-0.97169]},"T6o":{"weight":1.0,"played":[1.0,0.0],"evs":[0.0,-1.48818]},"J6o":{"weight":1.0,"played":[1.0,0.0],"evs":[0.0,-1.65515]},"Q6o":{"weight":1.0,"played":[1.0,0.0],"evs":[0.0,-1.31557]},"K6o":{"weight":1.0,"played":[1.0,0.0],"evs":[0.0,-0.9633]},"A6o":{"weight":1.0,"played":[1.0,0.0],"evs":[0.0,-0.77744]},"72s":{"weight":1.0,"played":[1.0,0.0],"evs":[0.0,-1.10104]},"73s":{"weight":1.0,"played":[0.9996,4.0E-4],"evs":[0.0,-0.87135]},"74s":{"weight":1.0,"played":[0.9998,2.0E-4],"evs":[0.0,-0.6278]},"75s":{"weight":1.0,"played":[0.9688,0.0312],"evs":[0.0,-0.33166]},"76s":{"weight":1.0,"played":[0.3404,0.6596],"evs":[0.0,0.04082]},"77":{"weight":1.0,"played":[0.0,1.0],"evs":[0.0,1.27764]},"87o":{"weight":1.0,"played":[1.0,0.0],"evs":[0.0,-0.52421]},"97o":{"weight":1.0,"played":[1.0,0.0],"evs":[0.0,-0.7631]},"T7o":{"weight":1.0,"played":[1.0,0.0],"evs":[0.0,-1.24597]},"J7o":{"weight":1.0,"played":[1.0,0.0],"evs":[0.0,-1.38132]},"Q7o":{"weight":1.0,"played":[1.0,0.0],"evs":[0.0,-1.30048]},"K7o":{"weight":1.0,"played":[1.0,0.0],"evs":[0.0,-1.17323]},"A7o":{"weight":1.0,"played":[1.0,0.0],"evs":[0.0,-0.66792]},"82s":{"weight":1.0,"played":[1.0,0.0],"evs":[0.0,-0.8599]},"83s":{"weight":1.0,"played":[1.0,0.0],"evs":[0.0,-1.04152]},"84s":{"weight":1.0,"played":[0.9999,1.0E-4],"evs":[0.0,-0.57659]},"85s":{"weight":1.0,"played":[0.9905,0.0095],"evs":[0.0,-0.27605]},"86s":{"weight":1.0,"played":[0.4635,0.5365],"evs":[0.0,0.03376]},"87s":{"weight":1.0,"played":[0.1808,0.8192],"evs":[0.0,0.1349]},"88":{"weight":1.0,"played":[0.0,1.0],"evs":[0.0,1.86867]},"98o":{"weight":1.0,"played":[0.9973,0.0027],"evs":[0.0,-0.54923]},"T8o":{"weight":1.0,"played":[1.0,0.0],"evs":[0.0,-0.92281]},"J8o":{"weight":1.0,"played":[0.9999,1.0E-4],"evs":[0.0,-1.16535]},"Q8o":{"weight":1.0,"played":[1.0,0.0],"evs":[0.0,-1.01524]},"K8o":{"weight":1.0,"played":[1.0,0.0],"evs":[0.0,-1.03639]},"A8o":{"weight":1.0,"played":[1.0,0.0],"evs":[0.0,-0.53145]},"92s":{"weight":1.0,"played":[0.9993,7.0E-4],"evs":[0.0,-0.84877]},"93s":{"weight":1.0,"played":[1.0,0.0],"evs":[0.0,-1.03857]},"94s":{"weight":1.0,"played":[0.9997,3.0E-4],"evs":[0.0,-0.96683]},"95s":{"weight":1.0,"played":[0.9986,0.0014],"evs":[0.0,-0.80726]},"96s":{"weight":1.0,"played":[0.9874,0.0126],"evs":[0.0,-0.18912]},"97s":{"weight":1.0,"played":[0.6835,0.3165],"evs":[0.0,-0.00473]},"98s":{"weight":1.0,"played":[0.2635,0.7365],"evs":[0.0,0.07318]},"99":{"weight":1.0,"played":[0.0,1.0],"evs":[0.0,2.31823]},"T9o":{"weight":1.0,"played":[0.9997,3.0E-4],"evs":[0.0,-0.58025]},"J9o":{"weight":1.0,"played":[1.0,0.0],"evs":[0.0,-0.83922]},"Q9o":{"weight":1.0,"played":[1.0,0.0],"evs":[0.0,-0.7716]},"K9o":{"weight":1.0,"played":[0.9998,2.0E-4],"evs":[0.0,-0.74899]},"A9o":{"weight":1.0,"played":[1.0,0.0],"evs":[0.0,-0.32896]},"T2s":{"weight":1.0,"played":[1.0,0.0],"evs":[0.0,-1.28502]},"T3s":{"weight":1.0,"played":[1.0,0.0],"evs":[0.0,-1.28986]},"T4s":{"weight":1.0,"played":[0.9999,1.0E-4],"evs":[0.0,-1.10644]},"T5s":{"weight":1.0,"played":[1.0,0.0],"evs":[0.0,-1.49198]},"T6s":{"weight":1.0,"played":[0.9993,7.0E-4],"evs":[0.0,-0.76064]},"T7s":{"weight":1.0,"played":[0.9999,1.0E-4],"evs":[0.0,-0.46729]},"T8s":{"weight":1.0,"played":[0.4557,0.5443],"evs":[0.0,-0.06415]},"T9s":{"weight":1.0,"played":[0.3661,0.6339],"evs":[0.0,0.28549]},"TT":{"weight":1.0,"played":[0.0,1.0],"evs":[0.0,2.94842]},"JTo":{"weight":1.0,"played":[1.0,0.0],"evs":[0.0,-0.76963]},"QTo":{"weight":1.0,"played":[1.0,0.0],"evs":[0.0,-0.63945]},"KTo":{"weight":1.0,"played":[1.0,0.0],"evs":[0.0,-0.3611]},"ATo":{"weight":1.0,"played":[0.0043,0.9957],"evs":[0.0,0.44716]},"J2s":{"weight":1.0,"played":[0.9997,3.0E-4],"evs":[0.0,-1.23811]},"J3s":{"weight":1.0,"played":[1.0,0.0],"evs":[0.0,-1.04979]},"J4s":{"weight":1.0,"played":[1.0,0.0],"evs":[0.0,-0.87439]},"J5s":{"weight":1.0,"played":[0.9979,0.0021],"evs":[0.0,-1.09847]},"J6s":{"weight":1.0,"played":[1.0,0.0],"evs":[0.0,-0.64519]},"J7s":{"weight":1.0,"played":[0.9868,0.0132],"evs":[0.0,-0.69881]},"J8s":{"weight":1.0,"played":[0.9981,0.0019],"evs":[0.0,-0.33515]},"J9s":{"weight":1.0,"played":[0.9999,1.0E-4],"evs":[0.0,-0.18378]},"JTs":{"weight":1.0,"played":[0.2492,0.7508],"evs":[0.0,-0.03778]},"JJ":{"weight":1.0,"played":[0.0,1.0],"evs":[0.0,4.59728]},"QJo":{"weight":1.0,"played":[0.9475,0.0525],"evs":[0.0,-0.43253]},"KJo":{"weight":1.0,"played":[0.8266,0.1734],"evs":[0.0,-0.11163]},"AJo":{"weight":1.0,"played":[0.0,1.0],"evs":[0.0,1.30169]},"Q2s":{"weight":1.0,"played":[0.9985,0.0015],"evs":[0.0,-1.09382]},"Q3s":{"weight":1.0,"played":[1.0,0.0],"evs":[0.0,-0.85372]},"Q4s":{"weight":1.0,"played":[0.9779,0.0221],"evs":[0.0,-0.66849]},"Q5s":{"weight":1.0,"played":[0.9993,7.0E-4],"evs":[0.0,-0.7398]},"Q6s":{"weight":1.0,"played":[0.9998,2.0E-4],"evs":[0.0,-0.4997]},"Q7s":{"weight":1.0,"played":[0.9986,0.0014],"evs":[0.0,-0.5674]},"Q8s":{"weight":1.0,"played":[0.877,0.123],"evs":[0.0,0.05567]},"Q9s":{"weight":1.0,"played":[0.1432,0.8568],"evs":[0.0,0.0715]},"QTs":{"weight":1.0,"played":[0.0152,0.9848],"evs":[0.0,0.13836]},"QJs":{"weight":1.0,"played":[3.0E-4,0.9997],"evs":[0.0,0.28806]},"QQ":{"weight":1.0,"played":[0.0,1.0],"evs":[0.0,6.06013]},"KQo":{"weight":1.0,"played":[0.0012,0.9988],"evs":[0.0,0.67638]},"AQo":{"weight":1.0,"played":[0.0,1.0],"evs":[0.0,2.07419]},"K2s":{"weight":1.0,"played":[0.9998,2.0E-4],"evs":[0.0,-0.51254]},"K3s":{"weight":1.0,"played":[0.9955,0.0045],"evs":[0.0,-0.60778]},"K4s":{"weight":1.0,"played":[0.9706,0.0294],"evs":[0.0,-0.45988]},"K5s":{"weight":1.0,"played":[0.9572,0.0428],"evs":[0.0,-0.40685]},"K6s":{"weight":1.0,"played":[0.9194,0.0806],"evs":[0.0,-0.08307]},"K7s":{"weight":1.0,"played":[0.9957,0.0043],"evs":[0.0,-0.24975]},"K8s":{"weight":1.0,"played":[0.7481,0.2519],"evs":[0.0,-0.06624]},"K9s":{"weight":1.0,"played":[0.0821,0.9179],"evs":[0.0,0.13711]},"KTs":{"weight":1.0,"played":[0.0355,0.9645],"evs":[0.0,0.54254]},"KJs":{"weight":1.0,"played":[0.0054,0.9946],"evs":[0.0,0.59172]},"KQs":{"weight":1.0,"played":[1.0E-4,0.9999],"evs":[0.0,1.62428]},"KK":{"weight":1.0,"played":[0.0,1.0],"evs":[0.0,6.99184]},"AKo":{"weight":1.0,"played":[0.0,1.0],"evs":[0.0,2.63319]},"A2s":{"weight":1.0,"played":[0.9263,0.0737],"evs":[0.0,-0.07778]},"A3s":{"weight":1.0,"played":[0.8359,0.1641],"evs":[0.0,-0.03182]},"A4s":{"weight":1.0,"played":[0.4973,0.5027],"evs":[0.0,-0.00418]},"A5s":{"weight":1.0,"played":[0.162,0.838],"evs":[0.0,0.31042]},"A6s":{"weight":1.0,"played":[0.6887,0.3113],"evs":[0.0,0.06489]},"A7s":{"weight":1.0,"played":[0.2255,0.7745],"evs":[0.0,0.16421]},"A8s":{"weight":1.0,"played":[0.0091,0.9909],"evs":[0.0,0.31436]},"A9s":{"weight":1.0,"played":[0.0034,0.9966],"evs":[0.0,0.65413]},"ATs":{"weight":1.0,"played":[0.0081,0.9919],"evs":[0.0,1.31726]},"AJs":{"weight":1.0,"played":[3.0E-4,0.9997],"evs":[0.0,1.84785]},"AQs":{"weight":1.0,"played":[0.0,1.0],"evs":[0.0,2.74188]},"AKs":{"weight":1.0,"played":[0.0,1.0],"evs":[0.0,3.2291]},"AA":{"weight":1.0,"played":[0.0,1.0],"evs":[0.0,9.18449]}}}