{"player":2,"street":0,"children":2,"sequence":[{"player":0,"type":"F","amount":0,"street":0},{"player":1,"type":"R","amount":200000,"street":0},{"player":2,"type":"C","amount":200000,"street":0},{"player":3,"type":"F","amount":0,"street":0},{"player":4,"type":"R","amount":3375000,"street":0},{"player":5,"type":"C","amount":795000,"street":0},{"player":1,"type":"C","amount":3175000,"street":0}],"actions":[{"type":"F","amount":0},{"type":"C","amount":1065000}],"hands":{"22":{"weight":0.0,"played":[0.9999,1.0E-4],"evs":[0.0,-0.64958]},"32o":{"weight":0.0,"played":[1.0,0.0],"evs":[0.0,-2.16371]},"42o":{"weight":0.0,"played":[1.0,0.0],"evs":[0.0,-2.20241]},"52o":{"weight":0.0,"played":[1.0,0.0],"evs":[0.0,-2.06917]},"62o":{"weight":0.0,"played":[1.0,0.0],"evs":[0.0,-2.45778]},"72o":{"weight":0.0,"played":[1.0,0.0],"evs":[0.0,-3.00002]},"82o":{"weight":0.0,"played":[1.0,0.0],"evs":[0.0,-2.79151]},"92o":{"weight":0.0,"played":[1.0,0.0],"evs":[0.0,-2.63729]},"T2o":{"weight":0.0,"played":[1.0,0.0],"evs":[0.0,-2.57469]},"J2o":{"weight":0.0,"played":[1.0,0.0],"evs":[0.0,-2.77284]},"Q2o":{"weight":0.0,"played":[1.0,0.0],"evs":[0.0,-2.46434]},"K2o":{"weight":0.0,"played":[1.0,0.0],"evs":[0.0,-2.39486]},"A2o":{"weight":0.0,"played":[1.0,0.0],"evs":[0.0,-2.64284]},"32s":{"weight":0.0,"played":[0.9996,4.0E-4],"evs":[0.0,-1.2608]},"33":{"weight":0.0,"played":[0.9302,0.0698],"evs":[0.0,-0.3594]},"43o":{"weight":0.0,"played":[1.0,0.0],"evs":[0.0,-1.69163]},"53o":{"weight":0.0,"played":[0.9997,3.0E-4],"evs":[0.0,-1.71401]},"63o":{"weight":0.0,"played":[1.0,0.0],"evs":[0.0,-1.97276]},"73o":{"weight":0.0,"played":[1.0,0.0],"evs":[0.0,-2.35583]},"83o":{"weight":0.0,"played":[1.0,0.0],"evs":[0.0,-2.69924]},"93o":{"weight":0.0,"played":[1.0,0.0],"evs":[0.0,-2.57984]},"T3o":{"weight":0.0,"played":[1.0,0.0],"evs":[0.0,-2.54035]},"J3o":{"weight":0.0,"played":[1.0,0.0],"evs":[0.0,-2.77781]},"Q3o":{"weight":0.0,"played":[1.0,0.0],"evs":[0.0,-2.54375]},"K3o":{"weight":0.0,"played":[1.0,0.0],"evs":[0.0,-2.23595]},"A3o":{"weight":0.0,"played":[1.0,0.0],"evs":[0.0,-2.44002]},"42s":{"weight":0.0,"played":[0.9999,1.0E-4],"evs":[0.0,-0.8812]},"43s":{"weight":0.0,"played":[0.9986,0.0014],"evs":[0.0,-0.23834]},"44":{"weight":0.1537,"played":[0.9556,0.0444],"evs":[0.0,-0.22878]},"54o":{"weight":0.0,"played":[1.0,0.0],"evs":[0.0,-1.15227]},"64o":{"weight":0.0,"played":[1.0,0.0],"evs":[0.0,-1.40726]},"74o":{"weight":0.0,"played":[1.0,0.0],"evs":[0.0,-1.83774]},"84o":{"weight":0.0,"played":[1.0,0.0],"evs":[0.0,-2.31827]},"94o":{"weight":0.0,"played":[1.0,0.0],"evs":[0.0,-2.61888]},"T4o":{"weight":0.0,"played":[1.0,0.0],"evs":[0.0,-2.47654]},"J4o":{"weight":0.0,"played":[1.0,0.0],"evs":[0.0,-2.46962]},"Q4o":{"weight":0.0,"played":[1.0,0.0],"evs":[0.0,-2.40525]},"K4o":{"weight":0.0,"played":[1.0,0.0],"evs":[0.0,-2.09803]},"A4o":{"weight":0.0,"played":[1.0,0.0],"evs":[0.0,-2.46752]},"52s":{"weight":0.0,"played":[0.9938,0.0062],"evs":[0.0,-0.91798]},"53s":{"weight":0.0,"played":[0.9878,0.0122],"evs":[0.0,-0.24532]},"54s":{"weight":0.0,"played":[0.6692,0.3308],"evs":[0.0,-0.08252]},"55":{"weight":0.4401,"played":[0.8844,0.1156],"evs":[0.0,-0.00528]},"65o":{"weight":0.0,"played":[0.9997,3.0E-4],"evs":[0.0,-1.07349]},"75o":{"weight":0.0,"played":[1.0,0.0],"evs":[0.0,-1.443]},"85o":{"weight":0.0,"played":[1.0,0.0],"evs":[0.0,-1.71274]},"95o":{"weight":0.0,"played":[1.0,0.0],"evs":[0.0,-2.17966]},"T5o":{"weight":0.0,"played":[1.0,0.0],"evs":[0.0,-2.30153]},"J5o":{"weight":0.0,"played":[1.0,0.0],"evs":[0.0,-2.32025]},"Q5o":{"weight":0.0,"played":[0.9999,1.0E-4],"evs":[0.0,-2.10716]},"K5o":{"weight":0.0,"played":[1.0,0.0],"evs":[0.0,-1.95027]},"A5o":{"weight":0.0,"played":[1.0,0.0],"evs":[0.0,-2.30996]},"62s":{"weight":0.0,"played":[0.9981,0.0019],"evs":[0.0,-1.36856]},"63s":{"weight":0.0,"played":[0.9908,0.0092],"evs":[0.0,-0.55784]},"64s":{"weight":0.0,"played":[0.9122,0.0878],"evs":[0.0,-0.32407]},"65s":{"weight":0.0,"played":[0.0098,0.9902],"evs":[0.0,0.33087]},"66":{"weight":7.0E-4,"played":[0.0021,0.9979],"evs":[0.0,0.37971]},"76o":{"weight":0.0,"played":[1.0,0.0],"evs":[0.0,-0.97218]},"86o":{"weight":0.0,"played":[1.0,0.0],"evs":[0.0,-1.43542]},"96o":{"weight":0.0,"played":[0.9999,1.0E-4],"evs":[0.0,-1.55526]},"T6o":{"weight":0.0,"played":[1.0,0.0],"evs":[0.0,-2.03773]},"J6o":{"weight":0.0,"played":[1.0,0.0],"evs":[0.0,-2.54604]},"Q6o":{"weight":0.0,"played":[1.0,0.0],"evs":[0.0,-2.08521]},"K6o":{"weight":0.0,"played":[1.0,0.0],"evs":[0.0,-1.90129]},"A6o":{"weight":0.0,"played":[1.0,0.0],"evs":[0.0,-2.76576]},"72s":{"weight":0.0,"played":[1.0,0.0],"evs":[0.0,-1.83701]},"73s":{"weight":0.0,"played":[1.0,0.0],"evs":[0.0,-1.03444]},"74s":{"weight":0.0,"played":[1.0,0.0],"evs":[0.0,-0.62236]},"75s":{"weight":0.0,"played":[0.9698,0.0302],"evs":[0.0,-0.09317]},"76s":{"weight":0.0,"played":[0.0807,0.9193],"evs":[0.0,0.07588]},"77":{"weight":0.0,"played":[0.0011,0.9989],"evs":[0.0,0.84494]},"87o":{"weight":0.0,"played":[0.9998,2.0E-4],"evs":[0.0,-1.14759]},"97o":{"weight":0.0,"played":[1.0,0.0],"evs":[0.0,-1.38936]},"T7o":{"weight":0.0,"played":[1.0,0.0],"evs":[0.0,-1.69516]},"J7o":{"weight":0.0,"played":[1.0,0.0],"evs":[0.0,-2.04142]},"Q7o":{"weight":0.0,"played":[1.0,0.0],"evs":[0.0,-2.00285]},"K7o":{"weight":0.0,"played":[1.0,0.0],"evs":[0.0,-1.95628]},"A7o":{"weight":0.0,"played":[1.0,0.0],"evs":[0.0,-2.89999]},"82s":{"weight":0.0,"played":[1.0,0.0],"evs":[0.0,-1.69837]},"83s":{"weight":0.0,"played":[1.0,0.0],"evs":[0.0,-1.16431]},"84s":{"weight":0.0,"played":[0.9991,9.0E-4],"evs":[0.0,-1.1538]},"85s":{"weight":0.0,"played":[0.9838,0.0162],"evs":[0.0,-0.31586]},"86s":{"weight":0.0,"played":[0.685,0.315],"evs":[0.0,-0.08422]},"87s":{"weight":0.0,"played":[0.1126,0.8874],"evs":[0.0,0.24527]},"88":{"weight":0.0,"played":[0.0,1.0],"evs":[0.0,1.51214]},"98o":{"weight":0.0,"played":[0.9997,3.0E-4],"evs":[0.0,-1.20738]},"T8o":{"weight":0.0,"played":[1.0,0.0],"evs":[0.0,-1.32889]},"J8o":{"weight":0.0,"played":[1.0,0.0],"evs":[0.0,-1.65349]},"Q8o":{"weight":0.0,"played":[1.0,0.0],"evs":[0.0,-1.53933]},"K8o":{"weight":0.0,"played":[1.0,0.0],"evs":[0.0,-1.74823]},"A8o":{"weight":0.0,"played":[1.0,0.0],"evs":[0.0,-2.38515]},"92s":{"weight":0.0,"played":[0.9997,3.0E-4],"evs":[0.0,-1.4088]},"93s":{"weight":0.0,"played":[1.0,0.0],"evs":[0.0,-0.96653]},"94s":{"weight":0.0,"played":[1.0,0.0],"evs":[0.0,-1.29674]},"95s":{"weight":0.0,"played":[0.9973,0.0027],"evs":[0.0,-0.58084]},"96s":{"weight":0.0,"played":[0.9738,0.0262],"evs":[0.0,-0.58345]},"97s":{"weight":0.0,"played":[0.9268,0.0732],"evs":[0.0,-0.24059]},"98s":{"weight":0.0,"played":[0.0264,0.9736],"evs":[0.0,0.49537]},"99":{"weight":0.0,"played":[0.0,1.0],"evs":[0.0,2.91003]},"T9o":{"weight":0.0,"played":[1.0,0.0],"evs":[0.0,-0.89834]},"J9o":{"weight":0.0,"played":[1.0,0.0],"evs":[0.0,-1.23249]},"Q9o":{"weight":0.0,"played":[0.9995,5.0E-4],"evs":[0.0,-1.33742]},"K9o":{"weight":0.0,"played":[1.0,0.0],"evs":[0.0,-1.52295]},"A9o":{"weight":3.0E-4,"played":[1.0,0.0],"evs":[0.0,-2.18747]},"T2s":{"weight":0.0,"played":[0.9995,5.0E-4],"evs":[0.0,-1.43696]},"T3s":{"weight":0.0,"played":[1.0,0.0],"evs":[0.0,-1.18269]},"T4s":{"weight":0.0,"played":[0.9978,0.0022],"evs":[0.0,-0.91689]},"T5s":{"weight":0.0,"played":[0.9995,5.0E-4],"evs":[0.0,-1.44926]},"T6s":{"weight":0.0,"played":[0.9868,0.0132],"evs":[0.0,-0.87875]},"T7s":{"weight":0.0,"played":[0.4173,0.5827],"evs":[0.0,0.01789]},"T8s":{"weight":0.0,"played":[0.5129,0.4871],"evs":[0.0,0.12168]},"T9s":{"weight":1.0E-4,"played":[0.1597,0.8403],"evs":[0.0,0.4278]},"TT":{"weight":0.0,"played":[0.0,1.0],"evs":[0.0,3.85873]},"JTo":{"weight":0.0,"played":[0.9998,2.0E-4],"evs":[0.0,-0.72904]},"QTo":{"weight":0.0,"played":[0.9992,8.0E-4],"evs":[0.0,-0.62564]},"KTo":{"weight":0.0,"played":[0.9997,3.0E-4],"evs":[0.0,-0.89374]},"ATo":{"weight":0.0,"played":[0.9998,2.0E-4],"evs":[0.0,-1.24724]},"J2s":{"weight":0.0,"played":[0.9998,2.0E-4],"evs":[0.0,-1.06665]},"J3s":{"weight":0.0,"played":[0.9957,0.0043],"evs":[0.0,-1.10653]},"J4s":{"weight":0.0,"played":[1.0,0.0],"evs":[0.0,-1.48042]},"J5s":{"weight":0.0,"played":[0.9991,9.0E-4],"evs":[0.0,-1.00976]},"J6s":{"weight":0.0,"played":[0.9992,8.0E-4],"evs":[0.0,-1.06734]},"J7s":{"weight":0.0,"played":[0.9863,0.0137],"evs":[0.0,-0.85048]},"J8s":{"weight":0.0,"played":[0.9283,0.0717],"evs":[0.0,-0.24496]},"J9s":{"weight":0.0,"played":[0.2881,0.7119],"evs":[0.0,-0.11554]},"JTs":{"weight":1.0,"played":[0.0273,0.9727],"evs":[0.0,0.99688]},"JJ":{"weight":0.0,"played":[0.0,1.0],"evs":[0.0,5.23869]},"QJo":{"weight":0.0,"played":[0.9995,5.0E-4],"evs":[0.0,-0.95779]},"KJo":{"weight":0.1378,"played":[0.9996,4.0E-4],"evs":[0.0,-0.78819]},"AJo":{"weight":0.0,"played":[0.9963,0.0037],"evs":[0.0,-0.54217]},"Q2s":{"weight":0.0,"played":[0.9972,0.0028],"evs":[0.0,-1.4508]},"Q3s":{"weight":0.0,"played":[0.9997,3.0E-4],"evs":[0.0,-1.11613]},"Q4s":{"weight":0.0,"played":[0.9998,2.0E-4],"evs":[0.0,-0.75101]},"Q5s":{"weight":0.0,"played":[0.979,0.021],"evs":[0.0,-0.924]},"Q6s":{"weight":0.0,"played":[0.9983,0.0017],"evs":[0.0,-0.63214]},"Q7s":{"weight":0.0,"played":[0.9932,0.0068],"evs":[0.0,-0.75639]},"Q8s":{"weight":0.0,"played":[0.964,0.036],"evs":[0.0,-0.03807]},"Q9s":{"weight":0.0,"played":[0.2197,0.7803],"evs":[0.0,0.04021]},"QTs":{"weight":1.0,"played":[0.0,1.0],"evs":[0.0,0.4245]},"QJs":{"weight":1.0,"played":[8.0E-4,0.9992],"evs":[0.0,0.53064]},"QQ":{"weight":0.0,"played":[0.0,1.0],"evs":[0.0,7.62008]},"KQo":{"weight":0.0,"played":[0.0424,0.9576],"evs":[0.0,0.20846]},"AQo":{"weight":0.0,"played":[0.0103,0.9897],"evs":[0.0,0.598]},"K2s":{"weight":0.0,"played":[0.9992,8.0E-4],"evs":[0.0,-1.27888]},"K3s":{"weight":0.0,"played":[0.9989,0.0011],"evs":[0.0,-1.00497]},"K4s":{"weight":0.0,"played":[0.9167,0.0833],"evs":[0.0,-0.31484]},"K5s":{"weight":0.0,"played":[0.7673,0.2327],"evs":[0.0,-0.40157]},"K6s":{"weight":0.0,"played":[0.9792,0.0208],"evs":[0.0,-0.67763]},"K7s":{"weight":0.0,"played":[0.9616,0.0384],"evs":[0.0,-0.73743]},"K8s":{"weight":0.0,"played":[0.9741,0.0259],"evs":[0.0,-0.52473]},"K9s":{"weight":6.0E-4,"played":[0.9137,0.0863],"evs":[0.0,-0.32123]},"KTs":{"weight":0.4495,"played":[1.0E-4,0.9999],"evs":[0.0,0.70144]},"KJs":{"weight":0.0012,"played":[1.0E-4,0.9999],"evs":[0.0,0.37002]},"KQs":{"weight":0.0,"played":[0.0,1.0],"evs":[0.0,1.12841]},"KK":{"weight":0.0,"played":[0.0,1.0],"evs":[0.0,10.87296]},"AKo":{"weight":0.0,"played":[0.0,1.0],"evs":[0.0,2.49763]},"A2s":{"weight":0.0,"played":[1.0,0.0],"evs":[0.0,-1.13068]},"A3s":{"weight":0.0,"played":[0.9966,0.0034],"evs":[0.0,-1.08376]},"A4s":{"weight":0.0013,"played":[0.9999,1.0E-4],"evs":[0.0,-0.65277]},"A5s":{"weight":1.0,"played":[0.9958,0.0042],"evs":[0.0,-1.03817]},"A6s":{"weight":0.0228,"played":[0.9991,9.0E-4],"evs":[0.0,-1.2978]},"A7s":{"weight":0.672,"played":[0.9992,8.0E-4],"evs":[0.0,-1.33215]},"A8s":{"weight":0.0,"played":[0.9889,0.0111],"evs":[0.0,-0.98318]},"A9s":{"weight":0.0,"played":[0.9993,7.0E-4],"evs":[0.0,-0.83747]},"ATs":{"weight":0.0,"played":[0.7768,0.2232],"evs":[0.0,-0.02125]},"AJs":{"weight":0.0,"played":[0.0423,0.9577],"evs":[0.0,0.74224]},"AQs":{"weight":0.0,"played":[0.0,1.0],"evs":[0.0,1.70804]},"AKs":{"weight":0.0,"played":[0.0,1.0],"evs":[0.0,3.32559]},"AA":{"weight":0.0375,"played":[0.0,1.0],"evs":[0.0,14.0008]}}}