{"player":2,"street":0,"children":2,"sequence":[{"player":0,"type":"F","amount":0,"street":0},{"player":1,"type":"R","amount":200000,"street":0},{"player":2,"type":"C","amount":200000,"street":0},{"player":3,"type":"C","amount":200000,"street":0},{"player":4,"type":"F","amount":0,"street":0},{"player":5,"type":"R","amount":895000,"street":0},{"player":1,"type":"C","amount":695000,"street":0}],"actions":[{"type":"F","amount":0,"node":303},{"type":"R","amount":1265000,"node":305}],"hands":{"22":{"weight":0.0,"played":[0.0128,0.9872],"evs":[0.0,0.60919]},"32o":{"weight":0.0,"played":[1.0,0.0],"evs":[0.0,-1.72989]},"42o":{"weight":0.0,"played":[1.0,0.0],"evs":[0.0,-1.57771]},"52o":{"weight":0.0,"played":[1.0,0.0],"evs":[0.0,-1.33177]},"62o":{"weight":0.0,"played":[1.0,0.0],"evs":[0.0,-1.19229]},"72o":{"weight":0.0,"played":[1.0,0.0],"evs":[0.0,-2.00207]},"82o":{"weight":0.0,"played":[0.9999,1.0E-4],"evs":[0.0,-2.11244]},"92o":{"weight":0.0,"played":[1.0,0.0],"evs":[0.0,-2.54182]},"T2o":{"weight":0.0,"played":[1.0,0.0],"evs":[0.0,-2.14383]},"J2o":{"weight":0.0,"played":[1.0,0.0],"evs":[0.0,-2.13114]},"Q2o":{"weight":0.0,"played":[1.0,0.0],"evs":[0.0,-1.88219]},"K2o":{"weight":0.0,"played":[1.0,0.0],"evs":[0.0,-1.49913]},"A2o":{"weight":0.0,"played":[0.995,0.005],"evs":[0.0,-0.94218]},"32s":{"weight":0.0,"played":[0.7064,0.2936],"evs":[0.0,-0.38721]},"33":{"weight":0.0,"played":[0.0092,0.9908],"evs":[0.0,1.14258]},"43o":{"weight":0.0,"played":[1.0,0.0],"evs":[0.0,-1.23959]},"53o":{"weight":0.0,"played":[1.0,0.0],"evs":[0.0,-0.91863]},"63o":{"weight":0.0,"played":[0.9999,1.0E-4],"evs":[0.0,-0.96878]},"73o":{"weight":0.0,"played":[0.9999,1.0E-4],"evs":[0.0,-1.57593]},"83o":{"weight":0.0,"played":[0.9999,1.0E-4],"evs":[0.0,-1.87163]},"93o":{"weight":0.0,"played":[1.0,0.0],"evs":[0.0,-2.14725]},"T3o":{"weight":0.0,"played":[1.0,0.0],"evs":[0.0,-1.97217]},"J3o":{"weight":0.0,"played":[1.0,0.0],"evs":[0.0,-1.79375]},"Q3o":{"weight":0.0,"played":[0.9993,7.0E-4],"evs":[0.0,-1.47484]},"K3o":{"weight":0.0,"played":[1.0,0.0],"evs":[0.0,-1.59012]},"A3o":{"weight":0.0,"played":[0.9997,3.0E-4],"evs":[0.0,-0.51809]},"42s":{"weight":0.0,"played":[0.9696,0.0304],"evs":[0.0,-0.15655]},"43s":{"weight":0.0,"played":[0.9826,0.0174],"evs":[0.0,-0.5515]},"44":{"weight":0.1537,"played":[0.0,1.0],"evs":[0.0,2.02151]},"54o":{"weight":0.0,"played":[0.996,0.004],"evs":[0.0,-0.49164]},"64o":{"weight":0.0,"played":[0.9989,0.0011],"evs":[0.0,-0.72752]},"74o":{"weight":0.0,"played":[1.0,0.0],"evs":[0.0,-1.01687]},"84o":{"weight":0.0,"played":[1.0,0.0],"evs":[0.0,-1.27637]},"94o":{"weight":0.0,"played":[0.9996,4.0E-4],"evs":[0.0,-1.77997]},"T4o":{"weight":0.0,"played":[1.0,0.0],"evs":[0.0,-1.58205]},"J4o":{"weight":0.0,"played":[1.0,0.0],"evs":[0.0,-2.0449]},"Q4o":{"weight":0.0,"played":[0.9999,1.0E-4],"evs":[0.0,-1.3675]},"K4o":{"weight":0.0,"played":[0.9987,0.0013],"evs":[0.0,-0.83321]},"A4o":{"weight":0.0,"played":[0.5796,0.4204],"evs":[0.0,-0.13384]},"52s":{"weight":0.0,"played":[0.5789,0.4211],"evs":[0.0,0.398]},"53s":{"weight":0.0,"played":[0.1373,0.8627],"evs":[0.0,0.821]},"54s":{"weight":0.0,"played":[0.0031,0.9969],"evs":[0.0,1.19798]},"55":{"weight":0.4401,"played":[0.0,1.0],"evs":[0.0,2.17841]},"65o":{"weight":0.0,"played":[0.5407,0.4593],"evs":[0.0,0.17765]},"75o":{"weight":0.0,"played":[0.9902,0.0098],"evs":[0.0,-0.27231]},"85o":{"weight":0.0,"played":[1.0,0.0],"evs":[0.0,-1.04145]},"95o":{"weight":0.0,"played":[0.9989,0.0011],"evs":[0.0,-1.54962]},"T5o":{"weight":0.0,"played":[1.0,0.0],"evs":[0.0,-1.78206]},"J5o":{"weight":0.0,"played":[1.0,0.0],"evs":[0.0,-1.40993]},"Q5o":{"weight":0.0,"played":[0.9993,7.0E-4],"evs":[0.0,-1.04227]},"K5o":{"weight":0.0,"played":[0.9998,2.0E-4],"evs":[0.0,-1.10353]},"A5o":{"weight":0.0,"played":[0.248,0.752],"evs":[0.0,0.15307]},"62s":{"weight":0.0,"played":[0.9147,0.0853],"evs":[0.0,-0.20606]},"63s":{"weight":0.0,"played":[0.3786,0.6214],"evs":[0.0,0.34231]},"64s":{"weight":0.0,"played":[0.0306,0.9694],"evs":[0.0,0.62471]},"65s":{"weight":0.0,"played":[0.0243,0.9757],"evs":[0.0,1.09424]},"66":{"weight":7.0E-4,"played":[0.0015,0.9985],"evs":[0.0,3.23186]},"76o":{"weight":0.0,"played":[0.624,0.376],"evs":[0.0,-0.04048]},"86o":{"weight":0.0,"played":[0.9994,6.0E-4],"evs":[0.0,-0.43894]},"96o":{"weight":0.0,"played":[0.9947,0.0053],"evs":[0.0,-0.68549]},"T6o":{"weight":0.0,"played":[1.0,0.0],"evs":[0.0,-0.84827]},"J6o":{"weight":0.0,"played":[0.9999,1.0E-4],"evs":[0.0,-1.13082]},"Q6o":{"weight":0.0,"played":[1.0,0.0],"evs":[0.0,-1.20691]},"K6o":{"weight":0.0,"played":[1.0,0.0],"evs":[0.0,-0.81496]},"A6o":{"weight":0.0,"played":[0.8126,0.1874],"evs":[0.0,-0.30909]},"72s":{"weight":0.0,"played":[0.8244,0.1756],"evs":[0.0,-0.44343]},"73s":{"weight":0.0,"played":[0.7464,0.2536],"evs":[0.0,-0.40709]},"74s":{"weight":0.0,"played":[0.5865,0.4135],"evs":[0.0,-0.09996]},"75s":{"weight":0.0,"played":[0.0021,0.9979],"evs":[0.0,0.89764]},"76s":{"weight":0.0,"played":[2.0E-4,0.9998],"evs":[0.0,1.00748]},"77":{"weight":0.0,"played":[0.0,1.0],"evs":[0.0,3.12013]},"87o":{"weight":0.0,"played":[0.9767,0.0233],"evs":[0.0,-0.06673]},"97o":{"weight":0.0,"played":[0.8361,0.1639],"evs":[0.0,-0.81495]},"T7o":{"weight":0.0,"played":[0.9392,0.0608],"evs":[0.0,-0.56945]},"J7o":{"weight":0.0,"played":[0.9997,3.0E-4],"evs":[0.0,-0.95695]},"Q7o":{"weight":0.0,"played":[0.9996,4.0E-4],"evs":[0.0,-0.94082]},"K7o":{"weight":0.0,"played":[0.9791,0.0209],"evs":[0.0,-0.57076]},"A7o":{"weight":0.0,"played":[0.3988,0.6012],"evs":[0.0,-0.25773]},"82s":{"weight":0.0,"played":[0.9968,0.0032],"evs":[0.0,-1.06571]},"83s":{"weight":0.0,"played":[0.9568,0.0432],"evs":[0.0,-0.6787]},"84s":{"weight":0.0,"played":[0.6664,0.3336],"evs":[0.0,0.11708]},"85s":{"weight":0.0,"played":[0.5656,0.4344],"evs":[0.0,0.30836]},"86s":{"weight":0.0,"played":[0.0013,0.9987],"evs":[0.0,1.47297]},"87s":{"weight":0.0,"played":[0.0231,0.9769],"evs":[0.0,0.30989]},"88":{"weight":0.0,"played":[2.0E-4,0.9998],"evs":[0.0,2.96831]},"98o":{"weight":0.0,"played":[0.8835,0.1165],"evs":[0.0,-0.0759]},"T8o":{"weight":0.0,"played":[0.9945,0.0055],"evs":[0.0,-0.60445]},"J8o":{"weight":0.0,"played":[0.9995,5.0E-4],"evs":[0.0,-0.77004]},"Q8o":{"weight":0.0,"played":[1.0,0.0],"evs":[0.0,-0.79517]},"K8o":{"weight":0.0,"played":[0.9974,0.0026],"evs":[0.0,-1.05507]},"A8o":{"weight":0.0,"played":[0.0045,0.9955],"evs":[0.0,0.43231]},"92s":{"weight":0.0,"played":[0.9992,8.0E-4],"evs":[0.0,-0.43412]},"93s":{"weight":0.0,"played":[0.9775,0.0225],"evs":[0.0,-1.20283]},"94s":{"weight":0.0,"played":[0.999,0.001],"evs":[0.0,-0.60326]},"95s":{"weight":0.0,"played":[0.9997,3.0E-4],"evs":[0.0,-0.39371]},"96s":{"weight":0.0,"played":[0.006,0.994],"evs":[0.0,1.11527]},"97s":{"weight":0.0,"played":[0.0375,0.9625],"evs":[0.0,0.66361]},"98s":{"weight":0.0,"played":[0.0769,0.9231],"evs":[0.0,0.45619]},"99":{"weight":0.0,"played":[0.0,1.0],"evs":[0.0,4.4149]},"T9o":{"weight":0.0,"played":[0.4094,0.5906],"evs":[0.0,0.05286]},"J9o":{"weight":0.0,"played":[0.8222,0.1778],"evs":[0.0,-0.43986]},"Q9o":{"weight":0.0,"played":[0.9235,0.0765],"evs":[0.0,-0.47775]},"K9o":{"weight":0.0,"played":[0.6308,0.3692],"evs":[0.0,-0.16481]},"A9o":{"weight":3.0E-4,"played":[0.0077,0.9923],"evs":[0.0,0.56905]},"T2s":{"weight":0.0,"played":[0.938,0.062],"evs":[0.0,-1.11395]},"T3s":{"weight":0.0,"played":[0.9533,0.0467],"evs":[0.0,-0.59375]},"T4s":{"weight":0.0,"played":[0.9008,0.0992],"evs":[0.0,-0.25594]},"T5s":{"weight":0.0,"played":[0.9983,0.0017],"evs":[0.0,-0.29506]},"T6s":{"weight":0.0,"played":[0.034,0.966],"evs":[0.0,0.2115]},"T7s":{"weight":0.0,"played":[0.0072,0.9928],"evs":[0.0,0.4781]},"T8s":{"weight":0.0,"played":[0.0034,0.9966],"evs":[0.0,0.25244]},"T9s":{"weight":1.0E-4,"played":[0.0073,0.9927],"evs":[0.0,1.04403]},"TT":{"weight":0.0,"played":[0.0,1.0],"evs":[0.0,5.3558]},"JTo":{"weight":0.0,"played":[0.8923,0.1077],"evs":[0.0,-0.18951]},"QTo":{"weight":0.0,"played":[0.0201,0.9799],"evs":[0.0,0.46127]},"KTo":{"weight":0.0,"played":[1.0E-4,0.9999],"evs":[0.0,0.52004]},"ATo":{"weight":0.0,"played":[0.0052,0.9948],"evs":[0.0,1.72443]},"J2s":{"weight":0.0,"played":[0.919,0.081],"evs":[0.0,-0.94003]},"J3s":{"weight":0.0,"played":[0.9971,0.0029],"evs":[0.0,-0.74845]},"J4s":{"weight":0.0,"played":[0.7721,0.2279],"evs":[0.0,-0.16283]},"J5s":{"weight":0.0,"played":[0.5985,0.4015],"evs":[0.0,0.03328]},"J6s":{"weight":0.0,"played":[0.5646,0.4354],"evs":[0.0,-0.04762]},"J7s":{"weight":0.0,"played":[0.193,0.807],"evs":[0.0,0.57555]},"J8s":{"weight":0.0,"played":[0.3031,0.6969],"evs":[0.0,0.20775]},"J9s":{"weight":0.0,"played":[0.1426,0.8574],"evs":[0.0,0.5098]},"JTs":{"weight":1.0,"played":[3.0E-4,0.9997],"evs":[0.0,1.55349]},"JJ":{"weight":0.0,"played":[0.0,1.0],"evs":[0.0,7.17925]},"QJo":{"weight":0.0,"played":[0.0251,0.9749],"evs":[0.0,0.51221]},"KJo":{"weight":0.1378,"played":[0.0018,0.9982],"evs":[0.0,1.01442]},"AJo":{"weight":0.0,"played":[0.0013,0.9987],"evs":[0.0,2.58175]},"Q2s":{"weight":0.0,"played":[0.9923,0.0077],"evs":[0.0,-0.51699]},"Q3s":{"weight":0.0,"played":[0.6743,0.3257],"evs":[0.0,-0.38653]},"Q4s":{"weight":0.0,"played":[0.3586,0.6414],"evs":[0.0,-0.0588]},"Q5s":{"weight":0.0,"played":[0.6228,0.3772],"evs":[0.0,-0.15333]},"Q6s":{"weight":0.0,"played":[0.3089,0.6911],"evs":[0.0,-0.07282]},"Q7s":{"weight":0.0,"played":[0.0839,0.9161],"evs":[0.0,0.85401]},"Q8s":{"weight":0.0,"played":[0.721,0.279],"evs":[0.0,-0.0139]},"Q9s":{"weight":0.0,"played":[0.0029,0.9971],"evs":[0.0,0.18111]},"QTs":{"weight":1.0,"played":[1.0E-4,0.9999],"evs":[0.0,1.23449]},"QJs":{"weight":1.0,"played":[0.0,1.0],"evs":[0.0,1.28548]},"QQ":{"weight":0.0,"played":[0.0,1.0],"evs":[0.0,9.01693]},"KQo":{"weight":0.0,"played":[0.0,1.0],"evs":[0.0,1.74512]},"AQo":{"weight":0.0,"played":[0.0,1.0],"evs":[0.0,3.80664]},"K2s":{"weight":0.0,"played":[0.9995,5.0E-4],"evs":[0.0,-0.26143]},"K3s":{"weight":0.0,"played":[0.8413,0.1587],"evs":[0.0,-0.08798]},"K4s":{"weight":0.0,"played":[0.6351,0.3649],"evs":[0.0,0.34219]},"K5s":{"weight":0.0,"played":[0.027,0.973],"evs":[0.0,0.78841]},"K6s":{"weight":0.0,"played":[0.001,0.999],"evs":[0.0,0.36896]},"K7s":{"weight":0.0,"played":[0.0835,0.9165],"evs":[0.0,0.54275]},"K8s":{"weight":0.0,"played":[0.033,0.967],"evs":[0.0,0.91053]},"K9s":{"weight":6.0E-4,"played":[0.1422,0.8578],"evs":[0.0,0.3336]},"KTs":{"weight":0.4495,"played":[0.0033,0.9967],"evs":[0.0,1.64979]},"KJs":{"weight":0.0012,"played":[0.0,1.0],"evs":[0.0,2.24206]},"KQs":{"weight":0.0,"played":[0.0,1.0],"evs":[0.0,3.30844]},"KK":{"weight":0.0,"played":[0.0,1.0],"evs":[0.0,12.14303]},"AKo":{"weight":0.0,"played":[1.0E-4,0.9999],"evs":[0.0,4.9272]},"A2s":{"weight":0.0,"played":[0.1348,0.8652],"evs":[0.0,0.7393]},"A3s":{"weight":0.0,"played":[0.034,0.966],"evs":[0.0,0.86122]},"A4s":{"weight":0.0013,"played":[0.0143,0.9857],"evs":[0.0,1.09504]},"A5s":{"weight":1.0,"played":[8.0E-4,0.9992],"evs":[0.0,1.31484]},"A6s":{"weight":0.0228,"played":[3.0E-4,0.9997],"evs":[0.0,0.40485]},"A7s":{"weight":0.672,"played":[0.0161,0.9839],"evs":[0.0,1.5531]},"A8s":{"weight":0.0,"played":[0.0055,0.9945],"evs":[0.0,1.96151]},"A9s":{"weight":0.0,"played":[0.0,1.0],"evs":[0.0,2.58518]},"ATs":{"weight":0.0,"played":[0.0,1.0],"evs":[0.0,2.8044]},"AJs":{"weight":0.0,"played":[0.0,1.0],"evs":[0.0,3.7645]},"AQs":{"weight":0.0,"played":[0.0,1.0],"evs":[0.0,4.78282]},"AKs":{"weight":0.0,"played":[0.0,1.0],"evs":[0.0,5.37934]},"AA":{"weight":0.0375,"played":[0.0,1.0],"evs":[0.0,14.8255]}}}