{"player":1,"street":0,"children":2,"sequence":[{"player":0,"type":"F","amount":0,"street":0},{"player":1,"type":"R","amount":200000,"street":0},{"player":2,"type":"C","amount":200000,"street":0},{"player":3,"type":"C","amount":200000,"street":0},{"player":4,"type":"F","amount":0,"street":0},{"player":5,"type":"R","amount":895000,"street":0},{"player":1,"type":"C","amount":695000,"street":0},{"player":2,"type":"F","amount":0,"street":0},{"player":3,"type":"R","amount":2395000,"street":0}],"actions":[{"type":"F","amount":0},{"type":"C","amount":1500000}],"hands":{"22":{"weight":0.4165,"played":[0.0339,0.9661],"evs":[0.0,1.09426]},"32o":{"weight":0.0,"played":[0.6722,0.3278],"evs":[0.0,-5.51805]},"42o":{"weight":0.0,"played":[0.8429,0.1571],"evs":[0.0,-5.11785]},"52o":{"weight":0.0,"played":[0.7406,0.2594],"evs":[0.0,-3.63078]},"62o":{"weight":0.0,"played":[0.8924,0.1076],"evs":[0.0,-5.0287]},"72o":{"weight":0.0,"played":[0.837,0.163],"evs":[0.0,-5.59625]},"82o":{"weight":0.0,"played":[0.9491,0.0509],"evs":[0.0,-5.44938]},"92o":{"weight":0.0,"played":[0.8066,0.1934],"evs":[0.0,-4.53937]},"T2o":{"weight":0.0,"played":[0.6628,0.3372],"evs":[0.0,0.33566]},"J2o":{"weight":0.0,"played":[0.0899,0.9101],"evs":[0.0,7.48321]},"Q2o":{"weight":0.0,"played":[0.6771,0.3229],"evs":[0.0,-3.19228]},"K2o":{"weight":0.0,"played":[0.0461,0.9539],"evs":[0.0,10.95743]},"A2o":{"weight":0.0,"played":[0.3285,0.6715],"evs":[0.0,5.83085]},"32s":{"weight":0.0,"played":[0.5783,0.4217],"evs":[0.0,-3.63913]},"33":{"weight":0.0051,"played":[0.5491,0.4509],"evs":[0.0,-1.38728]},"43o":{"weight":0.0,"played":[0.396,0.604],"evs":[0.0,2.61702]},"53o":{"weight":0.0,"played":[0.818,0.182],"evs":[0.0,-0.43033]},"63o":{"weight":0.0,"played":[0.4221,0.5779],"evs":[0.0,8.71735]},"73o":{"weight":0.0,"played":[0.1331,0.8669],"evs":[0.0,1.07879]},"83o":{"weight":0.0,"played":[0.0,1.0],"evs":[0.0,5.65639]},"93o":{"weight":0.0,"played":[0.8155,0.1845],"evs":[0.0,-1.33382]},"T3o":{"weight":0.0,"played":[0.258,0.742],"evs":[0.0,-0.72873]},"J3o":{"weight":0.0,"played":[0.6929,0.3071],"evs":[0.0,-4.22221]},"Q3o":{"weight":0.0,"played":[0.6371,0.3629],"evs":[0.0,4.03996]},"K3o":{"weight":0.0,"played":[0.0,1.0],"evs":[0.0,8.6414]},"A3o":{"weight":0.0,"played":[0.1115,0.8885],"evs":[0.0,10.80172]},"42s":{"weight":0.0,"played":[0.432,0.568],"evs":[0.0,3.93083]},"43s":{"weight":0.0,"played":[0.3566,0.6434],"evs":[0.0,-4.67635]},"44":{"weight":0.056,"played":[0.0154,0.9846],"evs":[0.0,7.11242]},"54o":{"weight":0.0,"played":[0.8838,0.1162],"evs":[0.0,-3.59551]},"64o":{"weight":0.0,"played":[0.0223,0.9777],"evs":[0.0,4.69882]},"74o":{"weight":0.0,"played":[0.0152,0.9848],"evs":[0.0,2.38377]},"84o":{"weight":0.0,"played":[0.9055,0.0945],"evs":[0.0,-1.02472]},"94o":{"weight":0.0,"played":[0.2793,0.7207],"evs":[0.0,2.9207]},"T4o":{"weight":0.0,"played":[0.5709,0.4291],"evs":[0.0,-3.80039]},"J4o":{"weight":0.0,"played":[0.4458,0.5542],"evs":[0.0,2.36561]},"Q4o":{"weight":0.0,"played":[0.2155,0.7845],"evs":[0.0,2.28524]},"K4o":{"weight":0.0,"played":[0.3646,0.6354],"evs":[0.0,1.5335]},"A4o":{"weight":0.0,"played":[0.1629,0.8371],"evs":[0.0,2.17076]},"52s":{"weight":0.0,"played":[0.0572,0.9428],"evs":[0.0,14.18633]},"53s":{"weight":0.0,"played":[0.4743,0.5257],"evs":[0.0,1.31324]},"54s":{"weight":0.0,"played":[0.4353,0.5647],"evs":[0.0,-5.30113]},"55":{"weight":0.1237,"played":[0.01,0.99],"evs":[0.0,9.73285]},"65o":{"weight":0.0,"played":[0.1299,0.8701],"evs":[0.0,7.15233]},"75o":{"weight":0.0,"played":[0.3991,0.6009],"evs":[0.0,3.96404]},"85o":{"weight":0.0,"played":[0.5175,0.4825],"evs":[0.0,-4.16971]},"95o":{"weight":0.0,"played":[0.8462,0.1538],"evs":[0.0,-3.41565]},"T5o":{"weight":0.0,"played":[0.1671,0.8329],"evs":[0.0,10.18496]},"J5o":{"weight":0.0,"played":[0.387,0.613],"evs":[0.0,-2.03599]},"Q5o":{"weight":0.0,"played":[0.0237,0.9763],"evs":[0.0,5.73913]},"K5o":{"weight":0.0,"played":[0.5504,0.4496],"evs":[0.0,2.54944]},"A5o":{"weight":0.1376,"played":[0.038,0.962],"evs":[0.0,6.75884]},"62s":{"weight":0.0,"played":[0.4858,0.5142],"evs":[0.0,5.15901]},"63s":{"weight":0.0,"played":[0.1511,0.8489],"evs":[0.0,6.15919]},"64s":{"weight":0.0,"played":[0.4527,0.5473],"evs":[0.0,6.10875]},"65s":{"weight":0.0,"played":[0.0,1.0],"evs":[0.0,9.29292]},"66":{"weight":0.0,"played":[0.012,0.988],"evs":[0.0,10.46322]},"76o":{"weight":0.0,"played":[0.2024,0.7976],"evs":[0.0,7.19065]},"86o":{"weight":0.0,"played":[0.2919,0.7081],"evs":[0.0,2.40293]},"96o":{"weight":0.0,"played":[0.6386,0.3614],"evs":[0.0,-0.97105]},"T6o":{"weight":0.0,"played":[0.5973,0.4027],"evs":[0.0,1.46581]},"J6o":{"weight":0.0,"played":[0.3552,0.6448],"evs":[0.0,9.7807]},"Q6o":{"weight":0.0,"played":[0.1632,0.8368],"evs":[0.0,6.70701]},"K6o":{"weight":0.0,"played":[0.0354,0.9646],"evs":[0.0,11.28502]},"A6o":{"weight":0.007,"played":[0.3005,0.6995],"evs":[0.0,7.90041]},"72s":{"weight":0.0,"played":[0.407,0.593],"evs":[0.0,6.95894]},"73s":{"weight":0.0,"played":[0.6343,0.3657],"evs":[0.0,3.98437]},"74s":{"weight":0.0,"played":[0.3828,0.6172],"evs":[0.0,8.34821]},"75s":{"weight":0.0,"played":[0.2762,0.7238],"evs":[0.0,-4.88924]},"76s":{"weight":0.3132,"played":[0.065,0.935],"evs":[0.0,8.56705]},"77":{"weight":0.0316,"played":[0.0064,0.9936],"evs":[0.0,7.52118]},"87o":{"weight":0.0,"played":[0.6359,0.3641],"evs":[0.0,-0.1118]},"97o":{"weight":0.0,"played":[0.1716,0.8284],"evs":[0.0,5.48861]},"T7o":{"weight":0.0,"played":[0.0218,0.9782],"evs":[0.0,10.04433]},"J7o":{"weight":0.0,"played":[0.6824,0.3176],"evs":[0.0,-0.8341]},"Q7o":{"weight":0.0,"played":[0.8844,0.1156],"evs":[0.0,-6.9976]},"K7o":{"weight":0.0,"played":[0.6855,0.3145],"evs":[0.0,0.46509]},"A7o":{"weight":0.0,"played":[0.3002,0.6998],"evs":[0.0,7.35458]},"82s":{"weight":0.0,"played":[1.0,0.0],"evs":[0.0,-4.3277]},"83s":{"weight":0.0,"played":[0.1222,0.8778],"evs":[0.0,-0.28368]},"84s":{"weight":0.0,"played":[1.0,0.0],"evs":[0.0,-8.96594]},"85s":{"weight":0.0,"played":[0.3746,0.6254],"evs":[0.0,2.87198]},"86s":{"weight":0.0,"played":[0.315,0.685],"evs":[0.0,-3.87552]},"87s":{"weight":0.052,"played":[0.4708,0.5292],"evs":[0.0,3.84472]},"88":{"weight":0.0011,"played":[0.0,1.0],"evs":[0.0,14.04639]},"98o":{"weight":0.0,"played":[0.1232,0.8768],"evs":[0.0,4.99613]},"T8o":{"weight":0.0,"played":[0.47,0.53],"evs":[0.0,0.55359]},"J8o":{"weight":0.0,"played":[0.5898,0.4102],"evs":[0.0,4.50836]},"Q8o":{"weight":0.0,"played":[0.2119,0.7881],"evs":[0.0,15.53168]},"K8o":{"weight":0.0,"played":[0.2917,0.7083],"evs":[0.0,2.77217]},"A8o":{"weight":0.2246,"played":[3.0E-4,0.9997],"evs":[0.0,9.27279]},"92s":{"weight":0.0,"played":[0.3149,0.6851],"evs":[0.0,-1.49122]},"93s":{"weight":0.0,"played":[0.5353,0.4647],"evs":[0.0,-3.84783]},"94s":{"weight":0.0,"played":[0.2171,0.7829],"evs":[0.0,15.98294]},"95s":{"weight":0.0,"played":[0.0013,0.9987],"evs":[0.0,2.18585]},"96s":{"weight":0.0,"played":[0.6132,0.3868],"evs":[0.0,0.9455]},"97s":{"weight":0.0,"played":[0.1748,0.8252],"evs":[0.0,2.58434]},"98s":{"weight":0.3434,"played":[0.6959,0.3041],"evs":[0.0,-2.19917]},"99":{"weight":0.391,"played":[0.1127,0.8873],"evs":[0.0,3.79631]},"T9o":{"weight":1.0E-4,"played":[0.2502,0.7498],"evs":[0.0,3.93043]},"J9o":{"weight":0.0,"played":[0.1942,0.8058],"evs":[0.0,16.11643]},"Q9o":{"weight":0.0,"played":[0.0563,0.9437],"evs":[0.0,9.51139]},"K9o":{"weight":0.0601,"played":[0.1776,0.8224],"evs":[0.0,2.24679]},"A9o":{"weight":0.0073,"played":[0.0906,0.9094],"evs":[0.0,8.51954]},"T2s":{"weight":0.0,"played":[0.9994,6.0E-4],"evs":[0.0,-5.22891]},"T3s":{"weight":0.0,"played":[0.991,0.009],"evs":[0.0,-0.33531]},"T4s":{"weight":0.0,"played":[0.1865,0.8135],"evs":[0.0,6.54626]},"T5s":{"weight":0.0,"played":[0.1865,0.8135],"evs":[0.0,13.14642]},"T6s":{"weight":0.0,"played":[0.7031,0.2969],"evs":[0.0,-0.2486]},"T7s":{"weight":0.542,"played":[0.9158,0.0842],"evs":[0.0,-9.34689]},"T8s":{"weight":0.9172,"played":[0.4416,0.5584],"evs":[0.0,2.46839]},"T9s":{"weight":0.0401,"played":[0.1288,0.8712],"evs":[0.0,5.25275]},"TT":{"weight":0.0316,"played":[0.0102,0.9898],"evs":[0.0,14.86847]},"JTo":{"weight":0.0024,"played":[0.6505,0.3495],"evs":[0.0,1.22406]},"QTo":{"weight":0.1832,"played":[0.0293,0.9707],"evs":[0.0,6.48315]},"KTo":{"weight":0.0313,"played":[0.0939,0.9061],"evs":[0.0,4.63951]},"ATo":{"weight":0.1986,"played":[0.0067,0.9933],"evs":[0.0,12.54034]},"J2s":{"weight":0.0,"played":[0.0,1.0],"evs":[0.0,7.93561]},"J3s":{"weight":0.0,"played":[0.2603,0.7397],"evs":[0.0,-3.77702]},"J4s":{"weight":0.0,"played":[0.0051,0.9949],"evs":[0.0,0.42624]},"J5s":{"weight":0.0,"played":[0.1741,0.8259],"evs":[0.0,9.42024]},"J6s":{"weight":0.0,"played":[0.3397,0.6603],"evs":[0.0,-1.95944]},"J7s":{"weight":3.0E-4,"played":[0.4134,0.5866],"evs":[0.0,-2.54625]},"J8s":{"weight":0.3242,"played":[0.2755,0.7245],"evs":[0.0,7.18109]},"J9s":{"weight":0.861,"played":[0.9746,0.0254],"evs":[0.0,-6.84061]},"JTs":{"weight":0.4549,"played":[0.0377,0.9623],"evs":[0.0,23.77805]},"JJ":{"weight":0.0276,"played":[0.0087,0.9913],"evs":[0.0,12.67101]},"QJo":{"weight":0.1035,"played":[0.0458,0.9542],"evs":[0.0,4.68446]},"KJo":{"weight":0.1905,"played":[0.2037,0.7963],"evs":[0.0,3.4744]},"AJo":{"weight":0.3167,"played":[0.0011,0.9989],"evs":[0.0,10.18403]},"Q2s":{"weight":0.0,"played":[0.8949,0.1051],"evs":[0.0,-5.30163]},"Q3s":{"weight":0.0,"played":[0.1562,0.8438],"evs":[0.0,8.12889]},"Q4s":{"weight":0.0,"played":[0.0012,0.9988],"evs":[0.0,9.5558]},"Q5s":{"weight":0.0,"played":[0.9706,0.0294],"evs":[0.0,0.07428]},"Q6s":{"weight":0.0,"played":[0.9824,0.0176],"evs":[0.0,-10.42116]},"Q7s":{"weight":0.1384,"played":[0.1181,0.8819],"evs":[0.0,4.18815]},"Q8s":{"weight":0.49,"played":[0.5516,0.4484],"evs":[0.0,2.59833]},"Q9s":{"weight":0.3812,"played":[0.0625,0.9375],"evs":[0.0,4.40375]},"QTs":{"weight":0.0,"played":[0.3811,0.6189],"evs":[0.0,3.63959]},"QJs":{"weight":0.0471,"played":[0.4925,0.5075],"evs":[0.0,5.67394]},"QQ":{"weight":0.1336,"played":[0.0039,0.9961],"evs":[0.0,23.20655]},"KQo":{"weight":0.1835,"played":[0.0783,0.9217],"evs":[0.0,6.23221]},"AQo":{"weight":0.463,"played":[0.0057,0.9943],"evs":[0.0,10.83113]},"K2s":{"weight":0.0,"played":[0.0854,0.9146],"evs":[0.0,7.86576]},"K3s":{"weight":0.0,"played":[0.8193,0.1807],"evs":[0.0,-3.62574]},"K4s":{"weight":0.0,"played":[1.0,0.0],"evs":[0.0,10.3794]},"K5s":{"weight":0.5916,"played":[0.0378,0.9622],"evs":[0.0,5.24083]},"K6s":{"weight":1.0E-4,"played":[0.0638,0.9362],"evs":[0.0,0.50317]},"K7s":{"weight":0.1488,"played":[0.0788,0.9212],"evs":[0.0,9.87993]},"K8s":{"weight":0.086,"played":[0.2086,0.7914],"evs":[0.0,8.83196]},"K9s":{"weight":0.4925,"played":[0.0406,0.9594],"evs":[0.0,11.01056]},"KTs":{"weight":0.0078,"played":[0.2044,0.7956],"evs":[0.0,1.37985]},"KJs":{"weight":0.0919,"played":[0.5435,0.4565],"evs":[0.0,10.04215]},"KQs":{"weight":0.9719,"played":[0.0,1.0],"evs":[0.0,4.72598]},"KK":{"weight":0.4104,"played":[0.091,0.909],"evs":[0.0,17.37313]},"AKo":{"weight":0.0585,"played":[0.0,1.0],"evs":[0.0,10.93721]},"A2s":{"weight":0.4344,"played":[0.2861,0.7139],"evs":[0.0,1.40721]},"A3s":{"weight":0.0098,"played":[0.1345,0.8655],"evs":[0.0,7.00325]},"A4s":{"weight":2.0E-4,"played":[0.2164,0.7836],"evs":[0.0,1.2554]},"A5s":{"weight":0.8275,"played":[0.0467,0.9533],"evs":[0.0,6.81773]},"A6s":{"weight":0.0116,"played":[0.6177,0.3823],"evs":[0.0,12.11689]},"A7s":{"weight":0.1345,"played":[0.159,0.841],"evs":[0.0,-2.15581]},"A8s":{"weight":0.1298,"played":[0.0,1.0],"evs":[0.0,12.37038]},"A9s":{"weight":0.0013,"played":[0.1522,0.8478],"evs":[0.0,2.68505]},"ATs":{"weight":0.6398,"played":[0.0097,0.9903],"evs":[0.0,12.03627]},"AJs":{"weight":0.3484,"played":[0.468,0.532],"evs":[0.0,1.56222]},"AQs":{"weight":0.1514,"played":[0.1537,0.8463],"evs":[0.0,21.19367]},"AKs":{"weight":0.0468,"played":[0.0,1.0],"evs":[0.0,17.52138]},"AA":{"weight":0.0155,"played":[0.0,1.0],"evs":[0.0,10.69903]}}}