{"player":2,"street":0,"children":2,"sequence":[{"player":0,"type":"F","amount":0,"street":0},{"player":1,"type":"R","amount":200000,"street":0},{"player":2,"type":"C","amount":200000,"street":0},{"player":3,"type":"C","amount":200000,"street":0},{"player":4,"type":"F","amount":0,"street":0},{"player":5,"type":"R","amount":895000,"street":0},{"player":1,"type":"R","amount":2395000,"street":0}],"actions":[{"type":"F","amount":0,"node":310},{"type":"C","amount":1065000,"node":311}],"hands":{"22":{"weight":0.0,"played":[9.0E-4,0.9991],"evs":[0.0,0.16519]},"32o":{"weight":0.0,"played":[1.0,0.0],"evs":[0.0,-2.07198]},"42o":{"weight":0.0,"played":[1.0,0.0],"evs":[0.0,-1.66567]},"52o":{"weight":0.0,"played":[1.0,0.0],"evs":[0.0,-1.51904]},"62o":{"weight":0.0,"played":[1.0,0.0],"evs":[0.0,-1.95558]},"72o":{"weight":0.0,"played":[1.0,0.0],"evs":[0.0,-2.07379]},"82o":{"weight":0.0,"played":[1.0,0.0],"evs":[0.0,-2.10654]},"92o":{"weight":0.0,"played":[1.0,0.0],"evs":[0.0,-2.36146]},"T2o":{"weight":0.0,"played":[1.0,0.0],"evs":[0.0,-1.9853]},"J2o":{"weight":0.0,"played":[1.0,0.0],"evs":[0.0,-1.91546]},"Q2o":{"weight":0.0,"played":[1.0,0.0],"evs":[0.0,-1.8468]},"K2o":{"weight":0.0,"played":[1.0,0.0],"evs":[0.0,-1.75606]},"A2o":{"weight":0.0,"played":[1.0,0.0],"evs":[0.0,-1.29157]},"32s":{"weight":0.0,"played":[0.9983,0.0017],"evs":[0.0,-0.89257]},"33":{"weight":0.0,"played":[2.0E-4,0.9998],"evs":[0.0,0.58098]},"43o":{"weight":0.0,"played":[1.0,0.0],"evs":[0.0,-1.2398]},"53o":{"weight":0.0,"played":[1.0,0.0],"evs":[0.0,-0.96926]},"63o":{"weight":0.0,"played":[1.0,0.0],"evs":[0.0,-1.23395]},"73o":{"weight":0.0,"played":[1.0,0.0],"evs":[0.0,-1.77594]},"83o":{"weight":0.0,"played":[1.0,0.0],"evs":[0.0,-2.12879]},"93o":{"weight":0.0,"played":[1.0,0.0],"evs":[0.0,-2.25217]},"T3o":{"weight":0.0,"played":[1.0,0.0],"evs":[0.0,-1.85195]},"J3o":{"weight":0.0,"played":[1.0,0.0],"evs":[0.0,-2.10735]},"Q3o":{"weight":0.0,"played":[1.0,0.0],"evs":[0.0,-1.7135]},"K3o":{"weight":0.0,"played":[0.9999,1.0E-4],"evs":[0.0,-1.69747]},"A3o":{"weight":0.0,"played":[1.0,0.0],"evs":[0.0,-1.0216]},"42s":{"weight":0.0,"played":[0.9999,1.0E-4],"evs":[0.0,-0.62572]},"43s":{"weight":0.0,"played":[0.6366,0.3634],"evs":[0.0,0.05027]},"44":{"weight":0.1537,"played":[0.0,1.0],"evs":[0.0,1.49433]},"54o":{"weight":0.0,"played":[0.9982,0.0018],"evs":[0.0,-0.37282]},"64o":{"weight":0.0,"played":[1.0,0.0],"evs":[0.0,-0.76706]},"74o":{"weight":0.0,"played":[1.0,0.0],"evs":[0.0,-1.24994]},"84o":{"weight":0.0,"played":[1.0,0.0],"evs":[0.0,-1.44039]},"94o":{"weight":0.0,"played":[1.0,0.0],"evs":[0.0,-2.25626]},"T4o":{"weight":0.0,"played":[1.0,0.0],"evs":[0.0,-1.59363]},"J4o":{"weight":0.0,"played":[1.0,0.0],"evs":[0.0,-1.71506]},"Q4o":{"weight":0.0,"played":[1.0,0.0],"evs":[0.0,-1.29147]},"K4o":{"weight":0.0,"played":[1.0,0.0],"evs":[0.0,-1.58608]},"A4o":{"weight":0.0,"played":[1.0,0.0],"evs":[0.0,-0.73349]},"52s":{"weight":0.0,"played":[0.9367,0.0633],"evs":[0.0,-0.42408]},"53s":{"weight":0.0,"played":[0.3843,0.6157],"evs":[0.0,0.2051]},"54s":{"weight":0.0,"played":[0.036,0.964],"evs":[0.0,0.53614]},"55":{"weight":0.4401,"played":[0.0,1.0],"evs":[0.0,2.22834]},"65o":{"weight":0.0,"played":[0.9321,0.0679],"evs":[0.0,-0.10081]},"75o":{"weight":0.0,"played":[1.0,0.0],"evs":[0.0,-0.5725]},"85o":{"weight":0.0,"played":[1.0,0.0],"evs":[0.0,-0.83412]},"95o":{"weight":0.0,"played":[1.0,0.0],"evs":[0.0,-1.49401]},"T5o":{"weight":0.0,"played":[1.0,0.0],"evs":[0.0,-1.37567]},"J5o":{"weight":0.0,"played":[1.0,0.0],"evs":[0.0,-1.57722]},"Q5o":{"weight":0.0,"played":[1.0,0.0],"evs":[0.0,-1.13966]},"K5o":{"weight":0.0,"played":[1.0,0.0],"evs":[0.0,-1.12807]},"A5o":{"weight":0.0,"played":[0.9999,1.0E-4],"evs":[0.0,-0.16138]},"62s":{"weight":0.0,"played":[0.9999,1.0E-4],"evs":[0.0,-0.82637]},"63s":{"weight":0.0,"played":[0.5431,0.4569],"evs":[0.0,0.04277]},"64s":{"weight":0.0,"played":[0.0118,0.9882],"evs":[0.0,0.68308]},"65s":{"weight":0.0,"played":[0.0145,0.9855],"evs":[0.0,0.78585]},"66":{"weight":7.0E-4,"played":[1.0E-4,0.9999],"evs":[0.0,2.62151]},"76o":{"weight":0.0,"played":[0.4354,0.5646],"evs":[0.0,-0.0183]},"86o":{"weight":0.0,"played":[1.0,0.0],"evs":[0.0,-0.31437]},"96o":{"weight":0.0,"played":[1.0,0.0],"evs":[0.0,-0.86778]},"T6o":{"weight":0.0,"played":[1.0,0.0],"evs":[0.0,-0.92519]},"J6o":{"weight":0.0,"played":[1.0,0.0],"evs":[0.0,-1.39755]},"Q6o":{"weight":0.0,"played":[1.0,0.0],"evs":[0.0,-0.92042]},"K6o":{"weight":0.0,"played":[1.0,0.0],"evs":[0.0,-1.06725]},"A6o":{"weight":0.0,"played":[0.9996,4.0E-4],"evs":[0.0,-0.56585]},"72s":{"weight":0.0,"played":[0.9995,5.0E-4],"evs":[0.0,-1.04927]},"73s":{"weight":0.0,"played":[0.9962,0.0038],"evs":[0.0,-0.18613]},"74s":{"weight":0.0,"played":[0.9187,0.0813],"evs":[0.0,0.0653]},"75s":{"weight":0.0,"played":[5.0E-4,0.9995],"evs":[0.0,0.42518]},"76s":{"weight":0.0,"played":[3.0E-4,0.9997],"evs":[0.0,0.76325]},"77":{"weight":0.0,"played":[0.0,1.0],"evs":[0.0,3.19353]},"87o":{"weight":0.0,"played":[0.0746,0.9254],"evs":[0.0,0.07849]},"97o":{"weight":0.0,"played":[0.9997,3.0E-4],"evs":[0.0,-0.41264]},"T7o":{"weight":0.0,"played":[1.0,0.0],"evs":[0.0,-0.57198]},"J7o":{"weight":0.0,"played":[1.0,0.0],"evs":[0.0,-1.09986]},"Q7o":{"weight":0.0,"played":[0.9999,1.0E-4],"evs":[0.0,-0.60832]},"K7o":{"weight":0.0,"played":[0.999,0.001],"evs":[0.0,-0.79019]},"A7o":{"weight":0.0,"played":[1.0,0.0],"evs":[0.0,-0.33121]},"82s":{"weight":0.0,"played":[0.9996,4.0E-4],"evs":[0.0,-0.75953]},"83s":{"weight":0.0,"played":[1.0,0.0],"evs":[0.0,-0.86721]},"84s":{"weight":0.0,"played":[0.9995,5.0E-4],"evs":[0.0,-0.21264]},"85s":{"weight":0.0,"played":[0.1913,0.8087],"evs":[0.0,0.30917]},"86s":{"weight":0.0,"played":[0.0129,0.9871],"evs":[0.0,0.71955]},"87s":{"weight":0.0,"played":[0.0081,0.9919],"evs":[0.0,1.27799]},"88":{"weight":0.0,"played":[0.0,1.0],"evs":[0.0,3.72692]},"98o":{"weight":0.0,"played":[0.8654,0.1346],"evs":[0.0,-0.06617]},"T8o":{"weight":0.0,"played":[0.559,0.441],"evs":[0.0,0.05646]},"J8o":{"weight":0.0,"played":[0.9998,2.0E-4],"evs":[0.0,-0.51516]},"Q8o":{"weight":0.0,"played":[1.0,0.0],"evs":[0.0,-0.51218]},"K8o":{"weight":0.0,"played":[1.0,0.0],"evs":[0.0,-0.93717]},"A8o":{"weight":0.0,"played":[0.2704,0.7296],"evs":[0.0,0.10003]},"92s":{"weight":0.0,"played":[0.9987,0.0013],"evs":[0.0,-0.92762]},"93s":{"weight":0.0,"played":[1.0,0.0],"evs":[0.0,-1.16757]},"94s":{"weight":0.0,"played":[0.9842,0.0158],"evs":[0.0,-0.80487]},"95s":{"weight":0.0,"played":[0.8561,0.1439],"evs":[0.0,-0.26219]},"96s":{"weight":0.0,"played":[0.7333,0.2667],"evs":[0.0,-0.11311]},"97s":{"weight":0.0,"played":[0.0105,0.9895],"evs":[0.0,0.52381]},"98s":{"weight":0.0,"played":[0.0114,0.9886],"evs":[0.0,0.99156]},"99":{"weight":0.0,"played":[0.0,1.0],"evs":[0.0,4.24893]},"T9o":{"weight":0.0,"played":[0.794,0.206],"evs":[0.0,0.04898]},"J9o":{"weight":0.0,"played":[0.9921,0.0079],"evs":[0.0,-0.62976]},"Q9o":{"weight":0.0,"played":[0.9979,0.0021],"evs":[0.0,-0.45451]},"K9o":{"weight":0.0,"played":[0.9959,0.0041],"evs":[0.0,-0.59793]},"A9o":{"weight":3.0E-4,"played":[0.0051,0.9949],"evs":[0.0,0.52184]},"T2s":{"weight":0.0,"played":[1.0,0.0],"evs":[0.0,-0.45273]},"T3s":{"weight":0.0,"played":[0.9993,7.0E-4],"evs":[0.0,-0.3664]},"T4s":{"weight":0.0,"played":[0.8439,0.1561],"evs":[0.0,-0.02367]},"T5s":{"weight":0.0,"played":[0.9399,0.0601],"evs":[0.0,-0.03642]},"T6s":{"weight":0.0,"played":[0.2772,0.7228],"evs":[0.0,0.06321]},"T7s":{"weight":0.0,"played":[0.0561,0.9439],"evs":[0.0,0.91896]},"T8s":{"weight":0.0,"played":[2.0E-4,0.9998],"evs":[0.0,1.04304]},"T9s":{"weight":1.0E-4,"played":[4.0E-4,0.9996],"evs":[0.0,1.03132]},"TT":{"weight":0.0,"played":[0.0,1.0],"evs":[0.0,5.70449]},"JTo":{"weight":0.0,"played":[0.0,1.0],"evs":[0.0,0.56689]},"QTo":{"weight":0.0,"played":[0.0013,0.9987],"evs":[0.0,0.61928]},"KTo":{"weight":0.0,"played":[0.001,0.999],"evs":[0.0,0.46681]},"ATo":{"weight":0.0,"played":[0.0,1.0],"evs":[0.0,1.79542]},"J2s":{"weight":0.0,"played":[0.9998,2.0E-4],"evs":[0.0,-0.71428]},"J3s":{"weight":0.0,"played":[0.9976,0.0024],"evs":[0.0,-0.68882]},"J4s":{"weight":0.0,"played":[0.9997,3.0E-4],"evs":[0.0,-0.63716]},"J5s":{"weight":0.0,"played":[0.9836,0.0164],"evs":[0.0,-0.39306]},"J6s":{"weight":0.0,"played":[0.2393,0.7607],"evs":[0.0,0.10048]},"J7s":{"weight":0.0,"played":[0.2515,0.7485],"evs":[0.0,0.08622]},"J8s":{"weight":0.0,"played":[0.0067,0.9933],"evs":[0.0,0.59367]},"J9s":{"weight":0.0,"played":[3.0E-4,0.9997],"evs":[0.0,0.28461]},"JTs":{"weight":1.0,"played":[2.0E-4,0.9998],"evs":[0.0,1.74074]},"JJ":{"weight":0.0,"played":[0.0,1.0],"evs":[0.0,7.40353]},"QJo":{"weight":0.0,"played":[0.0014,0.9986],"evs":[0.0,0.52378]},"KJo":{"weight":0.1378,"played":[0.0,1.0],"evs":[0.0,0.68906]},"AJo":{"weight":0.0,"played":[0.0,1.0],"evs":[0.0,2.73082]},"Q2s":{"weight":0.0,"played":[0.9956,0.0044],"evs":[0.0,-0.30251]},"Q3s":{"weight":0.0,"played":[0.5442,0.4558],"evs":[0.0,-0.06176]},"Q4s":{"weight":0.0,"played":[0.3667,0.6333],"evs":[0.0,0.25032]},"Q5s":{"weight":0.0,"played":[0.1017,0.8983],"evs":[0.0,0.61565]},"Q6s":{"weight":0.0,"played":[0.0126,0.9874],"evs":[0.0,0.66844]},"Q7s":{"weight":0.0,"played":[0.019,0.981],"evs":[0.0,0.76337]},"Q8s":{"weight":0.0,"played":[0.1022,0.8978],"evs":[0.0,0.71003]},"Q9s":{"weight":0.0,"played":[0.0082,0.9918],"evs":[0.0,1.30253]},"QTs":{"weight":1.0,"played":[0.0,1.0],"evs":[0.0,1.64122]},"QJs":{"weight":1.0,"played":[0.0,1.0],"evs":[0.0,1.69843]},"QQ":{"weight":0.0,"played":[0.0,1.0],"evs":[0.0,9.16426]},"KQo":{"weight":0.0,"played":[0.0,1.0],"evs":[0.0,1.79448]},"AQo":{"weight":0.0,"played":[0.0,1.0],"evs":[0.0,3.24524]},"K2s":{"weight":0.0,"played":[0.9976,0.0024],"evs":[0.0,-0.36285]},"K3s":{"weight":0.0,"played":[0.9362,0.0638],"evs":[0.0,-0.64567]},"K4s":{"weight":0.0,"played":[0.9985,0.0015],"evs":[0.0,-0.29439]},"K5s":{"weight":0.0,"played":[3.0E-4,0.9997],"evs":[0.0,0.34784]},"K6s":{"weight":0.0,"played":[0.1571,0.8429],"evs":[0.0,0.14826]},"K7s":{"weight":0.0,"played":[0.1033,0.8967],"evs":[0.0,0.4434]},"K8s":{"weight":0.0,"played":[0.0061,0.9939],"evs":[0.0,0.56215]},"K9s":{"weight":6.0E-4,"played":[0.0,1.0],"evs":[0.0,0.68444]},"KTs":{"weight":0.4495,"played":[0.0,1.0],"evs":[0.0,1.75336]},"KJs":{"weight":0.0012,"played":[2.0E-4,0.9998],"evs":[0.0,2.14891]},"KQs":{"weight":0.0,"played":[1.0E-4,0.9999],"evs":[0.0,3.08429]},"KK":{"weight":0.0,"played":[0.0,1.0],"evs":[0.0,10.90954]},"AKo":{"weight":0.0,"played":[0.0,1.0],"evs":[0.0,4.08524]},"A2s":{"weight":0.0,"played":[0.4599,0.5401],"evs":[0.0,0.20696]},"A3s":{"weight":0.0,"played":[0.005,0.995],"evs":[0.0,0.27299]},"A4s":{"weight":0.0013,"played":[0.0318,0.9682],"evs":[0.0,0.44887]},"A5s":{"weight":1.0,"played":[0.0,1.0],"evs":[0.0,1.1237]},"A6s":{"weight":0.0228,"played":[0.0183,0.9817],"evs":[0.0,0.77391]},"A7s":{"weight":0.672,"played":[0.0027,0.9973],"evs":[0.0,0.9886]},"A8s":{"weight":0.0,"played":[2.0E-4,0.9998],"evs":[0.0,1.33488]},"A9s":{"weight":0.0,"played":[1.0E-4,0.9999],"evs":[0.0,1.72661]},"ATs":{"weight":0.0,"played":[0.0,1.0],"evs":[0.0,3.29015]},"AJs":{"weight":0.0,"played":[1.0E-4,0.9999],"evs":[0.0,3.72505]},"AQs":{"weight":0.0,"played":[0.0,1.0],"evs":[0.0,4.51505]},"AKs":{"weight":0.0,"played":[0.0,1.0],"evs":[0.0,4.98868]},"AA":{"weight":0.0375,"played":[0.0,1.0],"evs":[0.0,14.88788]}}}