{"player":4,"street":0,"children":2,"sequence":[{"player":0,"type":"F","amount":0,"street":0},{"player":1,"type":"R","amount":200000,"street":0},{"player":2,"type":"C","amount":200000,"street":0},{"player":3,"type":"C","amount":200000,"street":0},{"player":4,"type":"R","amount":900000,"street":0},{"player":5,"type":"F","amount":0,"street":0},{"player":1,"type":"F","amount":0,"street":0},{"player":2,"type":"R","amount":1265000,"street":0},{"player":3,"type":"C","amount":1065000,"street":0}],"actions":[{"type":"F","amount":0},{"type":"C","amount":365000}],"hands":{"22":{"weight":0.0251,"played":[0.0,1.0],"evs":[0.0,8.08978]},"32o":{"weight":0.0,"played":[0.0035,0.9965],"evs":[0.0,2.45356]},"42o":{"weight":0.0,"played":[0.0044,0.9956],"evs":[0.0,3.50476]},"52o":{"weight":0.0,"played":[0.0463,0.9537],"evs":[0.0,2.92654]},"62o":{"weight":0.0,"played":[0.0344,0.9656],"evs":[0.0,2.47014]},"72o":{"weight":0.0,"played":[4.0E-4,0.9996],"evs":[0.0,2.61819]},"82o":{"weight":0.0,"played":[0.0049,0.9951],"evs":[0.0,4.25544]},"92o":{"weight":0.0,"played":[0.0043,0.9957],"evs":[0.0,2.50899]},"T2o":{"weight":0.0,"played":[0.0,1.0],"evs":[0.0,2.35874]},"J2o":{"weight":0.0,"played":[0.0078,0.9922],"evs":[0.0,2.69626]},"Q2o":{"weight":0.0,"played":[0.0831,0.9169],"evs":[0.0,2.94614]},"K2o":{"weight":0.0,"played":[0.021,0.979],"evs":[0.0,2.16164]},"A2o":{"weight":0.0,"played":[0.0,1.0],"evs":[0.0,7.35347]},"32s":{"weight":0.0,"played":[0.1738,0.8262],"evs":[0.0,3.30106]},"33":{"weight":0.4582,"played":[0.0026,0.9974],"evs":[0.0,2.74267]},"43o":{"weight":0.0,"played":[0.0075,0.9925],"evs":[0.0,1.18269]},"53o":{"weight":1.0E-4,"played":[2.0E-4,0.9998],"evs":[0.0,3.06439]},"63o":{"weight":0.0,"played":[1.0E-4,0.9999],"evs":[0.0,3.19804]},"73o":{"weight":0.0,"played":[0.0071,0.9929],"evs":[0.0,2.43737]},"83o":{"weight":0.0,"played":[0.0135,0.9865],"evs":[0.0,2.92532]},"93o":{"weight":0.0,"played":[0.0044,0.9956],"evs":[0.0,2.12391]},"T3o":{"weight":0.0,"played":[0.4039,0.5961],"evs":[0.0,1.27226]},"J3o":{"weight":0.0,"played":[0.1291,0.8709],"evs":[0.0,2.46367]},"Q3o":{"weight":0.0,"played":[0.0018,0.9982],"evs":[0.0,2.59183]},"K3o":{"weight":0.0,"played":[0.0138,0.9862],"evs":[0.0,3.58515]},"A3o":{"weight":0.0,"played":[7.0E-4,0.9993],"evs":[0.0,5.51969]},"42s":{"weight":0.0,"played":[0.0065,0.9935],"evs":[0.0,4.77384]},"43s":{"weight":0.0,"played":[0.0051,0.9949],"evs":[0.0,2.25857]},"44":{"weight":0.0,"played":[3.0E-4,0.9997],"evs":[0.0,8.96568]},"54o":{"weight":0.0,"played":[0.0016,0.9984],"evs":[0.0,4.00702]},"64o":{"weight":0.0,"played":[0.0013,0.9987],"evs":[0.0,2.97641]},"74o":{"weight":0.0,"played":[0.0337,0.9663],"evs":[0.0,1.23774]},"84o":{"weight":0.0,"played":[0.0611,0.9389],"evs":[0.0,4.01579]},"94o":{"weight":0.0,"played":[0.0077,0.9923],"evs":[0.0,2.60248]},"T4o":{"weight":0.0,"played":[0.0223,0.9777],"evs":[0.0,2.2066]},"J4o":{"weight":0.0,"played":[0.0162,0.9838],"evs":[0.0,4.73379]},"Q4o":{"weight":0.0,"played":[1.0E-4,0.9999],"evs":[0.0,3.93549]},"K4o":{"weight":0.0,"played":[0.0357,0.9643],"evs":[0.0,1.75719]},"A4o":{"weight":0.0,"played":[0.0,1.0],"evs":[0.0,7.26793]},"52s":{"weight":0.0,"played":[0.0286,0.9714],"evs":[0.0,5.22748]},"53s":{"weight":0.0,"played":[0.0016,0.9984],"evs":[0.0,4.5558]},"54s":{"weight":0.0,"played":[0.0185,0.9815],"evs":[0.0,7.54781]},"55":{"weight":0.0066,"played":[1.0E-4,0.9999],"evs":[0.0,7.07954]},"65o":{"weight":1.0E-4,"played":[0.0538,0.9462],"evs":[0.0,2.90339]},"75o":{"weight":0.0,"played":[5.0E-4,0.9995],"evs":[0.0,4.93861]},"85o":{"weight":0.0,"played":[0.0229,0.9771],"evs":[0.0,4.61017]},"95o":{"weight":0.0,"played":[0.041,0.959],"evs":[0.0,2.91487]},"T5o":{"weight":0.0,"played":[0.1223,0.8777],"evs":[0.0,3.39774]},"J5o":{"weight":0.0,"played":[6.0E-4,0.9994],"evs":[0.0,2.88346]},"Q5o":{"weight":0.0,"played":[0.3316,0.6684],"evs":[0.0,-0.09077]},"K5o":{"weight":0.0,"played":[0.0428,0.9572],"evs":[0.0,5.14663]},"A5o":{"weight":0.0,"played":[2.0E-4,0.9998],"evs":[0.0,9.97822]},"62s":{"weight":0.0,"played":[0.069,0.931],"evs":[0.0,3.90613]},"63s":{"weight":0.0,"played":[0.0285,0.9715],"evs":[0.0,1.27354]},"64s":{"weight":0.0,"played":[0.0044,0.9956],"evs":[0.0,4.86859]},"65s":{"weight":0.0,"played":[0.0046,0.9954],"evs":[0.0,8.04016]},"66":{"weight":0.2279,"played":[0.0025,0.9975],"evs":[0.0,10.78389]},"76o":{"weight":0.0,"played":[4.0E-4,0.9996],"evs":[0.0,2.75651]},"86o":{"weight":0.0,"played":[3.0E-4,0.9997],"evs":[0.0,5.45092]},"96o":{"weight":0.0,"played":[0.0033,0.9967],"evs":[0.0,2.70656]},"T6o":{"weight":0.0,"played":[5.0E-4,0.9995],"evs":[0.0,4.74484]},"J6o":{"weight":0.0,"played":[0.0026,0.9974],"evs":[0.0,4.12674]},"Q6o":{"weight":0.0,"played":[2.0E-4,0.9998],"evs":[0.0,2.83896]},"K6o":{"weight":0.0,"played":[1.0E-4,0.9999],"evs":[0.0,3.87498]},"A6o":{"weight":0.0,"played":[0.0011,0.9989],"evs":[0.0,7.95127]},"72s":{"weight":0.0,"played":[0.0015,0.9985],"evs":[0.0,3.80144]},"73s":{"weight":0.0,"played":[0.1156,0.8844],"evs":[0.0,5.48401]},"74s":{"weight":0.0,"played":[0.18,0.82],"evs":[0.0,0.71076]},"75s":{"weight":0.0,"played":[0.0547,0.9453],"evs":[0.0,3.42319]},"76s":{"weight":0.0,"played":[0.0027,0.9973],"evs":[0.0,5.80098]},"77":{"weight":0.023,"played":[0.0,1.0],"evs":[0.0,11.66647]},"87o":{"weight":0.0,"played":[0.0,1.0],"evs":[0.0,6.56111]},"97o":{"weight":0.0,"played":[0.013,0.987],"evs":[0.0,4.13591]},"T7o":{"weight":0.0,"played":[0.0424,0.9576],"evs":[0.0,2.41952]},"J7o":{"weight":0.0,"played":[0.0028,0.9972],"evs":[0.0,3.41135]},"Q7o":{"weight":0.0,"played":[8.0E-4,0.9992],"evs":[0.0,2.65465]},"K7o":{"weight":0.0,"played":[0.0024,0.9976],"evs":[0.0,4.7037]},"A7o":{"weight":1.0E-4,"played":[0.0012,0.9988],"evs":[0.0,6.72976]},"82s":{"weight":1.0E-4,"played":[0.0238,0.9762],"evs":[0.0,5.10237]},"83s":{"weight":0.0,"played":[0.0586,0.9414],"evs":[0.0,1.97969]},"84s":{"weight":0.0,"played":[0.0056,0.9944],"evs":[0.0,1.68334]},"85s":{"weight":0.0,"played":[0.0051,0.9949],"evs":[0.0,7.4333]},"86s":{"weight":0.0164,"played":[1.0E-4,0.9999],"evs":[0.0,5.84932]},"87s":{"weight":8.0E-4,"played":[0.0469,0.9531],"evs":[0.0,7.1355]},"88":{"weight":0.7244,"played":[9.0E-4,0.9991],"evs":[0.0,13.54916]},"98o":{"weight":0.0,"played":[3.0E-4,0.9997],"evs":[0.0,4.53888]},"T8o":{"weight":0.0,"played":[7.0E-4,0.9993],"evs":[0.0,4.68801]},"J8o":{"weight":0.0,"played":[0.0,1.0],"evs":[0.0,4.15737]},"Q8o":{"weight":0.0,"played":[0.0022,0.9978],"evs":[0.0,2.2537]},"K8o":{"weight":0.0,"played":[0.0034,0.9966],"evs":[0.0,4.26588]},"A8o":{"weight":0.1784,"played":[1.0E-4,0.9999],"evs":[0.0,8.07543]},"92s":{"weight":0.0,"played":[0.2279,0.7721],"evs":[0.0,1.84111]},"93s":{"weight":0.0,"played":[2.0E-4,0.9998],"evs":[0.0,3.68184]},"94s":{"weight":1.0E-4,"played":[0.1605,0.8395],"evs":[0.0,0.53421]},"95s":{"weight":0.0,"played":[0.0307,0.9693],"evs":[0.0,7.64807]},"96s":{"weight":0.0,"played":[1.0E-4,0.9999],"evs":[0.0,4.76123]},"97s":{"weight":5.0E-4,"played":[0.1404,0.8596],"evs":[0.0,7.51752]},"98s":{"weight":0.0011,"played":[0.1105,0.8895],"evs":[0.0,3.24679]},"99":{"weight":0.5926,"played":[0.0086,0.9914],"evs":[0.0,10.10107]},"T9o":{"weight":0.0,"played":[2.0E-4,0.9998],"evs":[0.0,4.4226]},"J9o":{"weight":0.0,"played":[0.0707,0.9293],"evs":[0.0,0.76628]},"Q9o":{"weight":0.0,"played":[0.0,1.0],"evs":[0.0,1.88429]},"K9o":{"weight":0.0,"played":[4.0E-4,0.9996],"evs":[0.0,5.23595]},"A9o":{"weight":0.7261,"played":[2.0E-4,0.9998],"evs":[0.0,10.29823]},"T2s":{"weight":0.0,"played":[0.0026,0.9974],"evs":[0.0,4.05938]},"T3s":{"weight":0.0013,"played":[0.0382,0.9618],"evs":[0.0,0.26082]},"T4s":{"weight":1.0E-4,"played":[0.1689,0.8311],"evs":[0.0,5.01028]},"T5s":{"weight":1.0E-4,"played":[0.0011,0.9989],"evs":[0.0,4.76893]},"T6s":{"weight":2.0E-4,"played":[0.0099,0.9901],"evs":[0.0,4.44349]},"T7s":{"weight":0.0,"played":[0.0909,0.9091],"evs":[0.0,5.56906]},"T8s":{"weight":1.0E-4,"played":[0.0334,0.9666],"evs":[0.0,3.7118]},"T9s":{"weight":0.002,"played":[0.3329,0.6671],"evs":[0.0,1.39262]},"TT":{"weight":0.0782,"played":[4.0E-4,0.9996],"evs":[0.0,9.09668]},"JTo":{"weight":0.0,"played":[0.0031,0.9969],"evs":[0.0,2.39465]},"QTo":{"weight":1.0E-4,"played":[3.0E-4,0.9997],"evs":[0.0,5.31598]},"KTo":{"weight":0.1483,"played":[0.0,1.0],"evs":[0.0,7.03651]},"ATo":{"weight":0.0315,"played":[0.0,1.0],"evs":[0.0,10.37846]},"J2s":{"weight":0.0,"played":[0.0014,0.9986],"evs":[0.0,1.00774]},"J3s":{"weight":0.0,"played":[0.0182,0.9818],"evs":[0.0,6.17876]},"J4s":{"weight":0.0,"played":[0.0487,0.9513],"evs":[0.0,3.35236]},"J5s":{"weight":0.0,"played":[5.0E-4,0.9995],"evs":[0.0,2.84234]},"J6s":{"weight":0.0,"played":[3.0E-4,0.9997],"evs":[0.0,2.25527]},"J7s":{"weight":0.0,"played":[0.0108,0.9892],"evs":[0.0,5.12301]},"J8s":{"weight":0.0,"played":[0.0045,0.9955],"evs":[0.0,3.24479]},"J9s":{"weight":0.0,"played":[0.002,0.998],"evs":[0.0,0.20778]},"JTs":{"weight":0.0625,"played":[0.0064,0.9936],"evs":[0.0,9.02979]},"JJ":{"weight":0.0717,"played":[1.0E-4,0.9999],"evs":[0.0,14.54308]},"QJo":{"weight":2.0E-4,"played":[8.0E-4,0.9992],"evs":[0.0,3.66595]},"KJo":{"weight":1.0E-4,"played":[2.0E-4,0.9998],"evs":[0.0,7.41402]},"AJo":{"weight":1.0E-4,"played":[4.0E-4,0.9996],"evs":[0.0,11.17879]},"Q2s":{"weight":1.0E-4,"played":[0.0599,0.9401],"evs":[0.0,3.86055]},"Q3s":{"weight":0.0,"played":[0.1325,0.8675],"evs":[0.0,2.87827]},"Q4s":{"weight":0.0016,"played":[0.0109,0.9891],"evs":[0.0,6.24353]},"Q5s":{"weight":0.0,"played":[0.0484,0.9516],"evs":[0.0,2.76686]},"Q6s":{"weight":0.0,"played":[0.0048,0.9952],"evs":[0.0,3.37851]},"Q7s":{"weight":1.0E-4,"played":[0.1135,0.8865],"evs":[0.0,3.01477]},"Q8s":{"weight":0.0,"played":[0.0194,0.9806],"evs":[0.0,5.10753]},"Q9s":{"weight":0.0016,"played":[0.0194,0.9806],"evs":[0.0,4.59924]},"QTs":{"weight":0.2556,"played":[6.0E-4,0.9994],"evs":[0.0,5.16199]},"QJs":{"weight":0.6375,"played":[6.0E-4,0.9994],"evs":[0.0,6.7932]},"QQ":{"weight":0.1156,"played":[2.0E-4,0.9998],"evs":[0.0,18.79005]},"KQo":{"weight":0.4543,"played":[0.0,1.0],"evs":[0.0,7.74458]},"AQo":{"weight":0.2103,"played":[0.0,1.0],"evs":[0.0,14.60022]},"K2s":{"weight":0.0,"played":[3.0E-4,0.9997],"evs":[0.0,7.41802]},"K3s":{"weight":6.0E-4,"played":[0.1996,0.8004],"evs":[0.0,3.99564]},"K4s":{"weight":2.0E-4,"played":[0.039,0.961],"evs":[0.0,1.66186]},"K5s":{"weight":0.0,"played":[0.1777,0.8223],"evs":[0.0,3.85895]},"K6s":{"weight":0.5058,"played":[0.0071,0.9929],"evs":[0.0,5.16653]},"K7s":{"weight":0.0472,"played":[0.0461,0.9539],"evs":[0.0,6.10254]},"K8s":{"weight":0.0,"played":[0.0036,0.9964],"evs":[0.0,8.32095]},"K9s":{"weight":0.0,"played":[0.017,0.983],"evs":[0.0,6.1813]},"KTs":{"weight":0.0024,"played":[0.0072,0.9928],"evs":[0.0,8.43559]},"KJs":{"weight":0.3867,"played":[0.001,0.999],"evs":[0.0,8.88005]},"KQs":{"weight":0.0,"played":[0.0022,0.9978],"evs":[0.0,9.3989]},"KK":{"weight":0.6824,"played":[6.0E-4,0.9994],"evs":[0.0,18.10788]},"AKo":{"weight":0.2949,"played":[0.0,1.0],"evs":[0.0,13.28613]},"A2s":{"weight":0.005,"played":[0.0015,0.9985],"evs":[0.0,6.19995]},"A3s":{"weight":0.016,"played":[0.0046,0.9954],"evs":[0.0,8.43172]},"A4s":{"weight":0.108,"played":[2.0E-4,0.9998],"evs":[0.0,8.32247]},"A5s":{"weight":5.0E-4,"played":[0.0014,0.9986],"evs":[0.0,11.65554]},"A6s":{"weight":0.0203,"played":[4.0E-4,0.9996],"evs":[0.0,6.95589]},"A7s":{"weight":0.1098,"played":[0.005,0.995],"evs":[0.0,7.17828]},"A8s":{"weight":0.9451,"played":[6.0E-4,0.9994],"evs":[0.0,8.67532]},"A9s":{"weight":0.0151,"played":[0.0021,0.9979],"evs":[0.0,9.87857]},"ATs":{"weight":0.7558,"played":[0.0025,0.9975],"evs":[0.0,15.55514]},"AJs":{"weight":0.0589,"played":[0.0,1.0],"evs":[0.0,11.18973]},"AQs":{"weight":0.5761,"played":[0.0063,0.9937],"evs":[0.0,14.72817]},"AKs":{"weight":0.7575,"played":[0.0015,0.9985],"evs":[0.0,14.37708]},"AA":{"weight":0.2988,"played":[2.0E-4,0.9998],"evs":[0.0,20.98483]}}}