{"player":4,"street":0,"children":2,"sequence":[{"player":0,"type":"F","amount":0,"street":0},{"player":1,"type":"R","amount":200000,"street":0},{"player":2,"type":"C","amount":200000,"street":0},{"player":3,"type":"C","amount":200000,"street":0},{"player":4,"type":"R","amount":900000,"street":0},{"player":5,"type":"F","amount":0,"street":0},{"player":1,"type":"C","amount":700000,"street":0},{"player":2,"type":"R","amount":1265000,"street":0},{"player":3,"type":"F","amount":0,"street":0}],"actions":[{"type":"F","amount":0,"node":334},{"type":"C","amount":365000,"node":335}],"hands":{"22":{"weight":0.0251,"played":[0.0013,0.9987],"evs":[0.0,7.13594]},"32o":{"weight":0.0,"played":[0.1979,0.8021],"evs":[0.0,2.86324]},"42o":{"weight":0.0,"played":[0.0068,0.9932],"evs":[0.0,3.20022]},"52o":{"weight":0.0,"played":[0.0315,0.9685],"evs":[0.0,1.26097]},"62o":{"weight":0.0,"played":[0.2449,0.7551],"evs":[0.0,0.30383]},"72o":{"weight":0.0,"played":[0.5027,0.4973],"evs":[0.0,0.64676]},"82o":{"weight":0.0,"played":[0.5247,0.4753],"evs":[0.0,1.31075]},"92o":{"weight":0.0,"played":[0.0015,0.9985],"evs":[0.0,4.8757]},"T2o":{"weight":0.0,"played":[0.5356,0.4644],"evs":[0.0,1.03305]},"J2o":{"weight":0.0,"played":[0.0312,0.9688],"evs":[0.0,2.29313]},"Q2o":{"weight":0.0,"played":[0.4784,0.5216],"evs":[0.0,-0.0387]},"K2o":{"weight":0.0,"played":[0.0195,0.9805],"evs":[0.0,1.51309]},"A2o":{"weight":0.0,"played":[0.0319,0.9681],"evs":[0.0,3.19707]},"32s":{"weight":0.0,"played":[0.0836,0.9164],"evs":[0.0,2.48533]},"33":{"weight":0.4582,"played":[0.0117,0.9883],"evs":[0.0,9.54742]},"43o":{"weight":0.0,"played":[0.0052,0.9948],"evs":[0.0,4.67796]},"53o":{"weight":1.0E-4,"played":[0.0011,0.9989],"evs":[0.0,4.62305]},"63o":{"weight":0.0,"played":[0.0424,0.9576],"evs":[0.0,4.58213]},"73o":{"weight":0.0,"played":[0.0107,0.9893],"evs":[0.0,2.5124]},"83o":{"weight":0.0,"played":[0.0837,0.9163],"evs":[0.0,1.4986]},"93o":{"weight":0.0,"played":[0.003,0.997],"evs":[0.0,1.9305]},"T3o":{"weight":0.0,"played":[0.7226,0.2774],"evs":[0.0,-0.6627]},"J3o":{"weight":0.0,"played":[0.667,0.333],"evs":[0.0,-0.92464]},"Q3o":{"weight":0.0,"played":[0.3807,0.6193],"evs":[0.0,2.00749]},"K3o":{"weight":0.0,"played":[0.0098,0.9902],"evs":[0.0,2.16794]},"A3o":{"weight":0.0,"played":[0.0029,0.9971],"evs":[0.0,2.85147]},"42s":{"weight":0.0,"played":[0.1559,0.8441],"evs":[0.0,-0.39585]},"43s":{"weight":0.0,"played":[0.4952,0.5048],"evs":[0.0,1.34095]},"44":{"weight":0.0,"played":[0.0804,0.9196],"evs":[0.0,7.96927]},"54o":{"weight":0.0,"played":[0.0402,0.9598],"evs":[0.0,7.91009]},"64o":{"weight":0.0,"played":[0.1965,0.8035],"evs":[0.0,0.18428]},"74o":{"weight":0.0,"played":[0.0063,0.9937],"evs":[0.0,0.17025]},"84o":{"weight":0.0,"played":[0.0419,0.9581],"evs":[0.0,2.39669]},"94o":{"weight":0.0,"played":[0.001,0.999],"evs":[0.0,2.56332]},"T4o":{"weight":0.0,"played":[0.0413,0.9587],"evs":[0.0,4.61228]},"J4o":{"weight":0.0,"played":[0.0011,0.9989],"evs":[0.0,4.98842]},"Q4o":{"weight":0.0,"played":[0.0013,0.9987],"evs":[0.0,2.71189]},"K4o":{"weight":0.0,"played":[0.0971,0.9029],"evs":[0.0,1.65827]},"A4o":{"weight":0.0,"played":[2.0E-4,0.9998],"evs":[0.0,0.70599]},"52s":{"weight":0.0,"played":[0.0132,0.9868],"evs":[0.0,10.6365]},"53s":{"weight":0.0,"played":[0.0941,0.9059],"evs":[0.0,2.69404]},"54s":{"weight":0.0,"played":[0.0034,0.9966],"evs":[0.0,1.53807]},"55":{"weight":0.0066,"played":[0.0243,0.9757],"evs":[0.0,8.56738]},"65o":{"weight":1.0E-4,"played":[0.0029,0.9971],"evs":[0.0,2.92602]},"75o":{"weight":0.0,"played":[6.0E-4,0.9994],"evs":[0.0,3.16569]},"85o":{"weight":0.0,"played":[0.5127,0.4873],"evs":[0.0,-0.71565]},"95o":{"weight":0.0,"played":[0.0,1.0],"evs":[0.0,0.95067]},"T5o":{"weight":0.0,"played":[0.3174,0.6826],"evs":[0.0,-1.14425]},"J5o":{"weight":0.0,"played":[0.0848,0.9152],"evs":[0.0,1.11638]},"Q5o":{"weight":0.0,"played":[0.0012,0.9988],"evs":[0.0,2.0016]},"K5o":{"weight":0.0,"played":[3.0E-4,0.9997],"evs":[0.0,3.21097]},"A5o":{"weight":0.0,"played":[0.0016,0.9984],"evs":[0.0,4.67251]},"62s":{"weight":0.0,"played":[0.4747,0.5253],"evs":[0.0,-0.73587]},"63s":{"weight":0.0,"played":[0.0643,0.9357],"evs":[0.0,7.44195]},"64s":{"weight":0.0,"played":[5.0E-4,0.9995],"evs":[0.0,2.77918]},"65s":{"weight":0.0,"played":[0.0299,0.9701],"evs":[0.0,1.15293]},"66":{"weight":0.2279,"played":[0.001,0.999],"evs":[0.0,9.00993]},"76o":{"weight":0.0,"played":[0.0575,0.9425],"evs":[0.0,5.15793]},"86o":{"weight":0.0,"played":[0.4443,0.5557],"evs":[0.0,1.34238]},"96o":{"weight":0.0,"played":[0.0055,0.9945],"evs":[0.0,7.93592]},"T6o":{"weight":0.0,"played":[0.0033,0.9967],"evs":[0.0,3.7293]},"J6o":{"weight":0.0,"played":[0.3788,0.6212],"evs":[0.0,0.18996]},"Q6o":{"weight":0.0,"played":[0.1181,0.8819],"evs":[0.0,3.85109]},"K6o":{"weight":0.0,"played":[0.6733,0.3267],"evs":[0.0,-1.18389]},"A6o":{"weight":0.0,"played":[9.0E-4,0.9991],"evs":[0.0,4.96799]},"72s":{"weight":0.0,"played":[0.1096,0.8904],"evs":[0.0,1.19313]},"73s":{"weight":0.0,"played":[0.4674,0.5326],"evs":[0.0,1.4525]},"74s":{"weight":0.0,"played":[0.3181,0.6819],"evs":[0.0,6.4584]},"75s":{"weight":0.0,"played":[0.4677,0.5323],"evs":[0.0,2.72435]},"76s":{"weight":0.0,"played":[0.3065,0.6935],"evs":[0.0,-0.5547]},"77":{"weight":0.023,"played":[0.0015,0.9985],"evs":[0.0,12.33712]},"87o":{"weight":0.0,"played":[0.005,0.995],"evs":[0.0,5.29012]},"97o":{"weight":0.0,"played":[0.0458,0.9542],"evs":[0.0,3.6594]},"T7o":{"weight":0.0,"played":[0.0045,0.9955],"evs":[0.0,0.74655]},"J7o":{"weight":0.0,"played":[0.0025,0.9975],"evs":[0.0,1.91218]},"Q7o":{"weight":0.0,"played":[0.0148,0.9852],"evs":[0.0,3.05509]},"K7o":{"weight":0.0,"played":[0.0995,0.9005],"evs":[0.0,4.96199]},"A7o":{"weight":1.0E-4,"played":[0.1691,0.8309],"evs":[0.0,8.02456]},"82s":{"weight":1.0E-4,"played":[0.065,0.935],"evs":[0.0,2.67339]},"83s":{"weight":0.0,"played":[0.1043,0.8957],"evs":[0.0,5.05393]},"84s":{"weight":0.0,"played":[0.3361,0.6639],"evs":[0.0,-0.8187]},"85s":{"weight":0.0,"played":[0.1075,0.8925],"evs":[0.0,3.91235]},"86s":{"weight":0.0164,"played":[0.4135,0.5865],"evs":[0.0,6.13036]},"87s":{"weight":8.0E-4,"played":[0.2405,0.7595],"evs":[0.0,1.15766]},"88":{"weight":0.7244,"played":[0.038,0.962],"evs":[0.0,13.6358]},"98o":{"weight":0.0,"played":[0.0017,0.9983],"evs":[0.0,3.92993]},"T8o":{"weight":0.0,"played":[7.0E-4,0.9993],"evs":[0.0,6.9942]},"J8o":{"weight":0.0,"played":[0.0,1.0],"evs":[0.0,1.42273]},"Q8o":{"weight":0.0,"played":[0.4893,0.5107],"evs":[0.0,2.48991]},"K8o":{"weight":0.0,"played":[0.012,0.988],"evs":[0.0,5.73989]},"A8o":{"weight":0.1784,"played":[0.0,1.0],"evs":[0.0,8.3514]},"92s":{"weight":0.0,"played":[0.358,0.642],"evs":[0.0,3.90762]},"93s":{"weight":0.0,"played":[0.686,0.314],"evs":[0.0,-0.02818]},"94s":{"weight":1.0E-4,"played":[0.3762,0.6238],"evs":[0.0,-1.87268]},"95s":{"weight":0.0,"played":[0.106,0.894],"evs":[0.0,7.18697]},"96s":{"weight":0.0,"played":[0.2696,0.7304],"evs":[0.0,3.65621]},"97s":{"weight":5.0E-4,"played":[0.0062,0.9938],"evs":[0.0,13.46395]},"98s":{"weight":0.0011,"played":[0.0,1.0],"evs":[0.0,0.23372]},"99":{"weight":0.5926,"played":[0.0012,0.9988],"evs":[0.0,14.60546]},"T9o":{"weight":0.0,"played":[0.059,0.941],"evs":[0.0,3.04204]},"J9o":{"weight":0.0,"played":[2.0E-4,0.9998],"evs":[0.0,4.55351]},"Q9o":{"weight":0.0,"played":[0.049,0.951],"evs":[0.0,4.25318]},"K9o":{"weight":0.0,"played":[0.0048,0.9952],"evs":[0.0,4.09052]},"A9o":{"weight":0.7261,"played":[0.0079,0.9921],"evs":[0.0,8.39283]},"T2s":{"weight":0.0,"played":[0.2366,0.7634],"evs":[0.0,1.31143]},"T3s":{"weight":0.0013,"played":[0.1886,0.8114],"evs":[0.0,9.13316]},"T4s":{"weight":1.0E-4,"played":[0.1912,0.8088],"evs":[0.0,2.52576]},"T5s":{"weight":1.0E-4,"played":[0.2934,0.7066],"evs":[0.0,2.35025]},"T6s":{"weight":2.0E-4,"played":[0.2266,0.7734],"evs":[0.0,3.37224]},"T7s":{"weight":0.0,"played":[1.0E-4,0.9999],"evs":[0.0,1.65021]},"T8s":{"weight":1.0E-4,"played":[0.3184,0.6816],"evs":[0.0,5.56828]},"T9s":{"weight":0.002,"played":[0.0254,0.9746],"evs":[0.0,9.12269]},"TT":{"weight":0.0782,"played":[0.0073,0.9927],"evs":[0.0,11.32174]},"JTo":{"weight":0.0,"played":[0.0209,0.9791],"evs":[0.0,0.87997]},"QTo":{"weight":1.0E-4,"played":[0.0036,0.9964],"evs":[0.0,3.35318]},"KTo":{"weight":0.1483,"played":[0.0,1.0],"evs":[0.0,1.88399]},"ATo":{"weight":0.0315,"played":[0.0,1.0],"evs":[0.0,12.30334]},"J2s":{"weight":0.0,"played":[0.206,0.794],"evs":[0.0,3.90185]},"J3s":{"weight":0.0,"played":[0.0071,0.9929],"evs":[0.0,8.15598]},"J4s":{"weight":0.0,"played":[0.0046,0.9954],"evs":[0.0,4.17537]},"J5s":{"weight":0.0,"played":[0.5157,0.4843],"evs":[0.0,-4.83876]},"J6s":{"weight":0.0,"played":[0.7203,0.2797],"evs":[0.0,-1.77513]},"J7s":{"weight":0.0,"played":[0.1786,0.8214],"evs":[0.0,3.81423]},"J8s":{"weight":0.0,"played":[0.0717,0.9283],"evs":[0.0,6.76403]},"J9s":{"weight":0.0,"played":[0.025,0.975],"evs":[0.0,0.44444]},"JTs":{"weight":0.0625,"played":[0.0355,0.9645],"evs":[0.0,2.2496]},"JJ":{"weight":0.0717,"played":[5.0E-4,0.9995],"evs":[0.0,15.21005]},"QJo":{"weight":2.0E-4,"played":[0.007,0.993],"evs":[0.0,4.16687]},"KJo":{"weight":1.0E-4,"played":[5.0E-4,0.9995],"evs":[0.0,5.24871]},"AJo":{"weight":1.0E-4,"played":[2.0E-4,0.9998],"evs":[0.0,6.69916]},"Q2s":{"weight":1.0E-4,"played":[0.1361,0.8639],"evs":[0.0,2.18869]},"Q3s":{"weight":0.0,"played":[0.0133,0.9867],"evs":[0.0,3.36703]},"Q4s":{"weight":0.0016,"played":[0.3165,0.6835],"evs":[0.0,4.97103]},"Q5s":{"weight":0.0,"played":[0.478,0.522],"evs":[0.0,2.87595]},"Q6s":{"weight":0.0,"played":[0.0195,0.9805],"evs":[0.0,9.02118]},"Q7s":{"weight":1.0E-4,"played":[0.1004,0.8996],"evs":[0.0,8.60841]},"Q8s":{"weight":0.0,"played":[0.0445,0.9555],"evs":[0.0,4.32613]},"Q9s":{"weight":0.0016,"played":[0.1668,0.8332],"evs":[0.0,3.28736]},"QTs":{"weight":0.2556,"played":[0.0328,0.9672],"evs":[0.0,3.48944]},"QJs":{"weight":0.6375,"played":[0.0117,0.9883],"evs":[0.0,7.35777]},"QQ":{"weight":0.1156,"played":[0.0,1.0],"evs":[0.0,23.005]},"KQo":{"weight":0.4543,"played":[0.001,0.999],"evs":[0.0,3.97155]},"AQo":{"weight":0.2103,"played":[0.0051,0.9949],"evs":[0.0,12.20355]},"K2s":{"weight":0.0,"played":[0.0193,0.9807],"evs":[0.0,4.09455]},"K3s":{"weight":6.0E-4,"played":[0.026,0.974],"evs":[0.0,5.12608]},"K4s":{"weight":2.0E-4,"played":[2.0E-4,0.9998],"evs":[0.0,6.95996]},"K5s":{"weight":0.0,"played":[0.0237,0.9763],"evs":[0.0,6.71657]},"K6s":{"weight":0.5058,"played":[0.0,1.0],"evs":[0.0,9.93838]},"K7s":{"weight":0.0472,"played":[0.7802,0.2198],"evs":[0.0,-3.42341]},"K8s":{"weight":0.0,"played":[0.1815,0.8185],"evs":[0.0,6.15191]},"K9s":{"weight":0.0,"played":[0.0293,0.9707],"evs":[0.0,7.77536]},"KTs":{"weight":0.0024,"played":[0.0307,0.9693],"evs":[0.0,3.09546]},"KJs":{"weight":0.3867,"played":[0.0596,0.9404],"evs":[0.0,4.45533]},"KQs":{"weight":0.0,"played":[0.0169,0.9831],"evs":[0.0,4.56232]},"KK":{"weight":0.6824,"played":[0.0,1.0],"evs":[0.0,20.79848]},"AKo":{"weight":0.2949,"played":[0.001,0.999],"evs":[0.0,7.62768]},"A2s":{"weight":0.005,"played":[0.0434,0.9566],"evs":[0.0,6.37896]},"A3s":{"weight":0.016,"played":[0.0036,0.9964],"evs":[0.0,6.82938]},"A4s":{"weight":0.108,"played":[0.0576,0.9424],"evs":[0.0,1.69856]},"A5s":{"weight":5.0E-4,"played":[0.0326,0.9674],"evs":[0.0,8.65469]},"A6s":{"weight":0.0203,"played":[0.001,0.999],"evs":[0.0,8.69382]},"A7s":{"weight":0.1098,"played":[0.0691,0.9309],"evs":[0.0,14.31838]},"A8s":{"weight":0.9451,"played":[0.2062,0.7938],"evs":[0.0,6.51014]},"A9s":{"weight":0.0151,"played":[0.0109,0.9891],"evs":[0.0,9.21301]},"ATs":{"weight":0.7558,"played":[0.0015,0.9985],"evs":[0.0,15.30261]},"AJs":{"weight":0.0589,"played":[0.0031,0.9969],"evs":[0.0,4.01686]},"AQs":{"weight":0.5761,"played":[0.0053,0.9947],"evs":[0.0,9.25685]},"AKs":{"weight":0.7575,"played":[0.005,0.995],"evs":[0.0,9.93442]},"AA":{"weight":0.2988,"played":[2.0E-4,0.9998],"evs":[0.0,22.52807]}}}