{"player":1,"street":0,"children":2,"sequence":[{"player":0,"type":"F","amount":0,"street":0},{"player":1,"type":"R","amount":200000,"street":0},{"player":2,"type":"C","amount":200000,"street":0},{"player":3,"type":"C","amount":200000,"street":0},{"player":4,"type":"R","amount":900000,"street":0},{"player":5,"type":"F","amount":0,"street":0},{"player":1,"type":"C","amount":700000,"street":0},{"player":2,"type":"R","amount":1265000,"street":0},{"player":3,"type":"F","amount":0,"street":0},{"player":4,"type":"C","amount":365000,"street":0}],"actions":[{"type":"F","amount":0},{"type":"C","amount":365000}],"hands":{"22":{"weight":0.0,"played":[0.1126,0.8874],"evs":[0.0,0.29933]},"32o":{"weight":0.0,"played":[0.8506,0.1494],"evs":[0.0,-0.60138]},"42o":{"weight":0.0,"played":[0.5733,0.4267],"evs":[0.0,1.05587]},"52o":{"weight":0.0,"played":[0.5944,0.4056],"evs":[0.0,1.44218]},"62o":{"weight":0.0,"played":[0.2429,0.7571],"evs":[0.0,-0.73287]},"72o":{"weight":0.0,"played":[0.7963,0.2037],"evs":[0.0,0.8193]},"82o":{"weight":0.0,"played":[0.9383,0.0617],"evs":[0.0,0.28366]},"92o":{"weight":0.0,"played":[0.7569,0.2431],"evs":[0.0,0.31758]},"T2o":{"weight":0.0,"played":[0.2571,0.7429],"evs":[0.0,0.04917]},"J2o":{"weight":0.0,"played":[0.6061,0.3939],"evs":[0.0,0.73953]},"Q2o":{"weight":0.0,"played":[0.2987,0.7013],"evs":[0.0,0.73265]},"K2o":{"weight":0.0,"played":[0.4938,0.5062],"evs":[0.0,0.48543]},"A2o":{"weight":0.0,"played":[0.7261,0.2739],"evs":[0.0,-1.27993]},"32s":{"weight":0.0,"played":[0.8414,0.1586],"evs":[0.0,-3.1907]},"33":{"weight":2.0E-4,"played":[0.0141,0.9859],"evs":[0.0,3.77008]},"43o":{"weight":0.0,"played":[0.8897,0.1103],"evs":[0.0,-0.56735]},"53o":{"weight":0.0,"played":[0.5906,0.4094],"evs":[0.0,0.45299]},"63o":{"weight":0.0,"played":[0.617,0.383],"evs":[0.0,-0.47101]},"73o":{"weight":0.0,"played":[0.963,0.037],"evs":[0.0,-0.8617]},"83o":{"weight":0.0,"played":[0.3936,0.6064],"evs":[0.0,1.13105]},"93o":{"weight":0.0,"played":[0.5005,0.4995],"evs":[0.0,-1.82724]},"T3o":{"weight":0.0,"played":[0.5353,0.4647],"evs":[0.0,0.01594]},"J3o":{"weight":0.0,"played":[0.0568,0.9432],"evs":[0.0,2.05006]},"Q3o":{"weight":0.0,"played":[0.4733,0.5267],"evs":[0.0,1.17315]},"K3o":{"weight":0.0,"played":[0.6026,0.3974],"evs":[0.0,1.30775]},"A3o":{"weight":0.0,"played":[0.3633,0.6367],"evs":[0.0,0.03741]},"42s":{"weight":0.0,"played":[0.1052,0.8948],"evs":[0.0,-0.83567]},"43s":{"weight":0.0,"played":[0.4905,0.5095],"evs":[0.0,1.34856]},"44":{"weight":0.2936,"played":[0.0661,0.9339],"evs":[0.0,4.9797]},"54o":{"weight":0.0,"played":[0.2384,0.7616],"evs":[0.0,3.41031]},"64o":{"weight":0.0,"played":[0.1434,0.8566],"evs":[0.0,1.25856]},"74o":{"weight":0.0,"played":[0.2038,0.7962],"evs":[0.0,1.94908]},"84o":{"weight":0.0,"played":[0.6849,0.3151],"evs":[0.0,-0.08766]},"94o":{"weight":0.0,"played":[0.9074,0.0926],"evs":[0.0,0.85306]},"T4o":{"weight":0.0,"played":[0.997,0.003],"evs":[0.0,-2.32186]},"J4o":{"weight":0.0,"played":[0.8564,0.1436],"evs":[0.0,-1.24331]},"Q4o":{"weight":0.0,"played":[0.2556,0.7444],"evs":[0.0,1.25687]},"K4o":{"weight":0.0,"played":[0.4239,0.5761],"evs":[0.0,2.14705]},"A4o":{"weight":0.0,"played":[0.3471,0.6529],"evs":[0.0,0.23393]},"52s":{"weight":0.0,"played":[0.0414,0.9586],"evs":[0.0,0.22699]},"53s":{"weight":0.0,"played":[0.0273,0.9727],"evs":[0.0,2.27917]},"54s":{"weight":0.0,"played":[0.6014,0.3986],"evs":[0.0,0.95483]},"55":{"weight":0.0591,"played":[0.0091,0.9909],"evs":[0.0,2.95931]},"65o":{"weight":0.0,"played":[0.0705,0.9295],"evs":[0.0,0.37849]},"75o":{"weight":0.0,"played":[0.7854,0.2146],"evs":[0.0,0.21667]},"85o":{"weight":0.0,"played":[0.0024,0.9976],"evs":[0.0,4.04435]},"95o":{"weight":0.0,"played":[0.5546,0.4454],"evs":[0.0,-0.16405]},"T5o":{"weight":0.0,"played":[0.0205,0.9795],"evs":[0.0,1.31783]},"J5o":{"weight":0.0,"played":[0.4415,0.5585],"evs":[0.0,2.27019]},"Q5o":{"weight":0.0,"played":[0.2126,0.7874],"evs":[0.0,1.5603]},"K5o":{"weight":0.0,"played":[0.4823,0.5177],"evs":[0.0,0.82051]},"A5o":{"weight":0.0,"played":[0.0428,0.9572],"evs":[0.0,1.96397]},"62s":{"weight":0.0,"played":[0.5682,0.4318],"evs":[0.0,3.42155]},"63s":{"weight":0.0,"played":[0.5732,0.4268],"evs":[0.0,3.3034]},"64s":{"weight":0.0,"played":[0.2372,0.7628],"evs":[0.0,2.45604]},"65s":{"weight":0.0,"played":[0.9289,0.0711],"evs":[0.0,-2.0443]},"66":{"weight":0.1192,"played":[0.0054,0.9946],"evs":[0.0,5.71479]},"76o":{"weight":0.0,"played":[0.0541,0.9459],"evs":[0.0,2.38659]},"86o":{"weight":0.0,"played":[0.1477,0.8523],"evs":[0.0,0.56665]},"96o":{"weight":0.0,"played":[0.6005,0.3995],"evs":[0.0,1.30984]},"T6o":{"weight":0.0,"played":[0.5352,0.4648],"evs":[0.0,0.26753]},"J6o":{"weight":0.0,"played":[0.7226,0.2774],"evs":[0.0,-1.48429]},"Q6o":{"weight":0.0,"played":[0.4294,0.5706],"evs":[0.0,1.23788]},"K6o":{"weight":0.0,"played":[0.0228,0.9772],"evs":[0.0,2.32949]},"A6o":{"weight":8.0E-4,"played":[0.0045,0.9955],"evs":[0.0,3.44986]},"72s":{"weight":0.0,"played":[0.7104,0.2896],"evs":[0.0,-1.34929]},"73s":{"weight":0.0,"played":[0.6851,0.3149],"evs":[0.0,-3.13566]},"74s":{"weight":0.0,"played":[0.1905,0.8095],"evs":[0.0,6.189]},"75s":{"weight":0.0,"played":[0.2486,0.7514],"evs":[0.0,2.8762]},"76s":{"weight":0.0394,"played":[0.0245,0.9755],"evs":[0.0,1.72954]},"77":{"weight":0.0626,"played":[3.0E-4,0.9997],"evs":[0.0,6.08639]},"87o":{"weight":0.0,"played":[0.0021,0.9979],"evs":[0.0,1.44181]},"97o":{"weight":0.0,"played":[0.2804,0.7196],"evs":[0.0,1.52174]},"T7o":{"weight":0.0,"played":[0.4944,0.5056],"evs":[0.0,0.49919]},"J7o":{"weight":0.0,"played":[0.9921,0.0079],"evs":[0.0,-2.13237]},"Q7o":{"weight":0.0,"played":[0.7596,0.2404],"evs":[0.0,0.44008]},"K7o":{"weight":0.0,"played":[0.0682,0.9318],"evs":[0.0,3.18085]},"A7o":{"weight":8.0E-4,"played":[0.0073,0.9927],"evs":[0.0,2.05905]},"82s":{"weight":0.0,"played":[0.9344,0.0656],"evs":[0.0,-2.18228]},"83s":{"weight":0.0,"played":[0.7127,0.2873],"evs":[0.0,-2.11564]},"84s":{"weight":0.0,"played":[0.0699,0.9301],"evs":[0.0,0.85791]},"85s":{"weight":0.0,"played":[0.0502,0.9498],"evs":[0.0,2.19191]},"86s":{"weight":0.0,"played":[0.0297,0.9703],"evs":[0.0,4.02579]},"87s":{"weight":3.0E-4,"played":[0.0497,0.9503],"evs":[0.0,1.54505]},"88":{"weight":3.0E-4,"played":[0.0116,0.9884],"evs":[0.0,7.49241]},"98o":{"weight":0.0,"played":[0.048,0.952],"evs":[0.0,1.41746]},"T8o":{"weight":0.0,"played":[0.9705,0.0295],"evs":[0.0,-0.48361]},"J8o":{"weight":0.0,"played":[0.4643,0.5357],"evs":[0.0,1.53919]},"Q8o":{"weight":0.0,"played":[0.2325,0.7675],"evs":[0.0,4.88632]},"K8o":{"weight":0.0,"played":[0.8003,0.1997],"evs":[0.0,-0.44028]},"A8o":{"weight":0.0079,"played":[0.02,0.98],"evs":[0.0,2.67005]},"92s":{"weight":0.0,"played":[0.5714,0.4286],"evs":[0.0,-0.13334]},"93s":{"weight":0.0,"played":[0.0145,0.9855],"evs":[0.0,7.36478]},"94s":{"weight":0.0,"played":[0.0038,0.9962],"evs":[0.0,6.73218]},"95s":{"weight":0.0,"played":[0.7972,0.2028],"evs":[0.0,-2.73537]},"96s":{"weight":0.0,"played":[0.1711,0.8289],"evs":[0.0,2.61738]},"97s":{"weight":0.0012,"played":[0.1091,0.8909],"evs":[0.0,1.36401]},"98s":{"weight":0.1311,"played":[0.0293,0.9707],"evs":[0.0,2.38431]},"99":{"weight":0.1111,"played":[2.0E-4,0.9998],"evs":[0.0,7.02644]},"T9o":{"weight":0.0,"played":[0.0193,0.9807],"evs":[0.0,5.36309]},"J9o":{"weight":0.0,"played":[0.3328,0.6672],"evs":[0.0,0.06919]},"Q9o":{"weight":0.0,"played":[0.2984,0.7016],"evs":[0.0,0.41891]},"K9o":{"weight":1.0E-4,"played":[0.0384,0.9616],"evs":[0.0,1.43514]},"A9o":{"weight":3.0E-4,"played":[3.0E-4,0.9997],"evs":[0.0,2.50131]},"T2s":{"weight":0.0,"played":[0.7273,0.2727],"evs":[0.0,1.8937]},"T3s":{"weight":0.0,"played":[0.4242,0.5758],"evs":[0.0,2.73889]},"T4s":{"weight":0.0,"played":[0.3802,0.6198],"evs":[0.0,1.4965]},"T5s":{"weight":0.0,"played":[0.9696,0.0304],"evs":[0.0,-1.69654]},"T6s":{"weight":0.0,"played":[0.5878,0.4122],"evs":[0.0,1.17783]},"T7s":{"weight":0.0034,"played":[0.35,0.65],"evs":[0.0,1.84978]},"T8s":{"weight":0.2414,"played":[0.0012,0.9988],"evs":[0.0,3.87294]},"T9s":{"weight":5.0E-4,"played":[0.048,0.952],"evs":[0.0,2.20837]},"TT":{"weight":0.0,"played":[0.0011,0.9989],"evs":[0.0,11.93921]},"JTo":{"weight":1.0E-4,"played":[0.0909,0.9091],"evs":[0.0,3.79838]},"QTo":{"weight":1.0E-4,"played":[0.1008,0.8992],"evs":[0.0,0.93584]},"KTo":{"weight":0.09,"played":[0.0018,0.9982],"evs":[0.0,3.1434]},"ATo":{"weight":0.0649,"played":[0.0,1.0],"evs":[0.0,3.71973]},"J2s":{"weight":0.0,"played":[0.5221,0.4779],"evs":[0.0,0.83411]},"J3s":{"weight":0.0,"played":[0.2324,0.7676],"evs":[0.0,1.51675]},"J4s":{"weight":0.0,"played":[0.2976,0.7024],"evs":[0.0,3.08906]},"J5s":{"weight":0.0,"played":[0.0412,0.9588],"evs":[0.0,2.4605]},"J6s":{"weight":0.0,"played":[0.1556,0.8444],"evs":[0.0,0.27093]},"J7s":{"weight":3.0E-4,"played":[0.024,0.976],"evs":[0.0,0.76721]},"J8s":{"weight":2.0E-4,"played":[0.6967,0.3033],"evs":[0.0,-1.8132]},"J9s":{"weight":0.0568,"played":[0.1898,0.8102],"evs":[0.0,5.69017]},"JTs":{"weight":1.0E-4,"played":[0.0885,0.9115],"evs":[0.0,5.22476]},"JJ":{"weight":0.0106,"played":[0.0017,0.9983],"evs":[0.0,12.69199]},"QJo":{"weight":5.0E-4,"played":[6.0E-4,0.9994],"evs":[0.0,5.65199]},"KJo":{"weight":0.0286,"played":[0.0138,0.9862],"evs":[0.0,4.26483]},"AJo":{"weight":0.0,"played":[0.0,1.0],"evs":[0.0,5.54606]},"Q2s":{"weight":0.0,"played":[0.0021,0.9979],"evs":[0.0,-0.41966]},"Q3s":{"weight":0.0,"played":[0.3577,0.6423],"evs":[0.0,1.4971]},"Q4s":{"weight":0.0,"played":[0.3838,0.6162],"evs":[0.0,0.98945]},"Q5s":{"weight":0.0,"played":[0.1353,0.8647],"evs":[0.0,0.99756]},"Q6s":{"weight":0.0,"played":[0.0339,0.9661],"evs":[0.0,0.31832]},"Q7s":{"weight":1.0E-4,"played":[0.0304,0.9696],"evs":[0.0,5.67603]},"Q8s":{"weight":0.0038,"played":[0.0082,0.9918],"evs":[0.0,4.17338]},"Q9s":{"weight":0.0017,"played":[0.3533,0.6467],"evs":[0.0,0.61781]},"QTs":{"weight":0.0152,"played":[0.014,0.986],"evs":[0.0,3.9768]},"QJs":{"weight":0.1508,"played":[4.0E-4,0.9996],"evs":[0.0,4.18991]},"QQ":{"weight":1.0E-4,"played":[4.0E-4,0.9996],"evs":[0.0,12.63945]},"KQo":{"weight":0.1532,"played":[0.0208,0.9792],"evs":[0.0,4.59715]},"AQo":{"weight":0.0021,"played":[0.0064,0.9936],"evs":[0.0,8.46303]},"K2s":{"weight":0.0,"played":[0.0266,0.9734],"evs":[0.0,3.49745]},"K3s":{"weight":0.0,"played":[0.0132,0.9868],"evs":[0.0,5.25098]},"K4s":{"weight":0.0,"played":[0.044,0.956],"evs":[0.0,1.75011]},"K5s":{"weight":0.019,"played":[0.0226,0.9774],"evs":[0.0,2.58463]},"K6s":{"weight":5.0E-4,"played":[0.8398,0.1602],"evs":[0.0,0.0458]},"K7s":{"weight":0.0144,"played":[0.0962,0.9038],"evs":[0.0,3.93604]},"K8s":{"weight":0.0427,"played":[0.191,0.809],"evs":[0.0,5.79812]},"K9s":{"weight":0.0814,"played":[0.028,0.972],"evs":[0.0,7.14338]},"KTs":{"weight":0.0094,"played":[0.1059,0.8941],"evs":[0.0,2.25305]},"KJs":{"weight":0.007,"played":[0.0756,0.9244],"evs":[0.0,7.67011]},"KQs":{"weight":0.534,"played":[0.0044,0.9956],"evs":[0.0,3.31089]},"KK":{"weight":6.0E-4,"played":[0.002,0.998],"evs":[0.0,20.05425]},"AKo":{"weight":0.3182,"played":[2.0E-4,0.9998],"evs":[0.0,9.5714]},"A2s":{"weight":0.0937,"played":[0.0049,0.9951],"evs":[0.0,4.49636]},"A3s":{"weight":0.0049,"played":[0.6239,0.3761],"evs":[0.0,1.68053]},"A4s":{"weight":0.0108,"played":[0.0386,0.9614],"evs":[0.0,1.93105]},"A5s":{"weight":0.119,"played":[0.0307,0.9693],"evs":[0.0,2.32481]},"A6s":{"weight":0.0964,"played":[0.1113,0.8887],"evs":[0.0,1.95985]},"A7s":{"weight":0.3553,"played":[0.0119,0.9881],"evs":[0.0,6.55487]},"A8s":{"weight":0.0825,"played":[0.0352,0.9648],"evs":[0.0,2.82106]},"A9s":{"weight":0.1651,"played":[0.0015,0.9985],"evs":[0.0,2.09972]},"ATs":{"weight":0.0,"played":[0.0011,0.9989],"evs":[0.0,10.90111]},"AJs":{"weight":0.132,"played":[0.0013,0.9987],"evs":[0.0,9.11983]},"AQs":{"weight":0.0659,"played":[0.0139,0.9861],"evs":[0.0,6.24666]},"AKs":{"weight":0.1501,"played":[4.0E-4,0.9996],"evs":[0.0,11.70719]},"AA":{"weight":4.0E-4,"played":[0.0,1.0],"evs":[0.0,24.43643]}}}