{"player":1,"street":0,"children":2,"sequence":[{"player":0,"type":"F","amount":0,"street":0},{"player":1,"type":"R","amount":200000,"street":0},{"player":2,"type":"C","amount":200000,"street":0},{"player":3,"type":"C","amount":200000,"street":0},{"player":4,"type":"R","amount":900000,"street":0},{"player":5,"type":"F","amount":0,"street":0},{"player":1,"type":"C","amount":700000,"street":0},{"player":2,"type":"R","amount":1265000,"street":0},{"player":3,"type":"C","amount":1065000,"street":0},{"player":4,"type":"F","amount":0,"street":0}],"actions":[{"type":"F","amount":0},{"type":"C","amount":365000}],"hands":{"22":{"weight":0.0,"played":[0.322,0.678],"evs":[0.0,19.59435]},"32o":{"weight":0.0,"played":[0.8655,0.1345],"evs":[0.0,30.96266]},"42o":{"weight":0.0,"played":[0.9669,0.0331],"evs":[0.0,-7.10377]},"52o":{"weight":0.0,"played":[0.9408,0.0592],"evs":[0.0,-2.50416]},"62o":{"weight":0.0,"played":[0.1791,0.8209],"evs":[0.0,22.28448]},"72o":{"weight":0.0,"played":[0.9509,0.0491],"evs":[0.0,-3.86735]},"82o":{"weight":0.0,"played":[0.8622,0.1378],"evs":[0.0,9.23199]},"92o":{"weight":0.0,"played":[0.534,0.466],"evs":[0.0,-2.42344]},"T2o":{"weight":0.0,"played":[1.0,0.0],"evs":[0.0,-6.13444]},"J2o":{"weight":0.0,"played":[0.9608,0.0392],"evs":[0.0,9.05947]},"Q2o":{"weight":0.0,"played":[0.039,0.961],"evs":[0.0,16.70853]},"K2o":{"weight":0.0,"played":[0.872,0.128],"evs":[0.0,-5.71459]},"A2o":{"weight":0.0,"played":[0.4266,0.5734],"evs":[0.0,4.98495]},"32s":{"weight":0.0,"played":[1.0,0.0],"evs":[0.0,-2.50416]},"33":{"weight":2.0E-4,"played":[0.0665,0.9335],"evs":[0.0,18.96043]},"43o":{"weight":0.0,"played":[0.7977,0.2023],"evs":[0.0,-1.98225]},"53o":{"weight":0.0,"played":[0.3559,0.6441],"evs":[0.0,7.58509]},"63o":{"weight":0.0,"played":[0.4288,0.5712],"evs":[0.0,19.40355]},"73o":{"weight":0.0,"played":[0.5303,0.4697],"evs":[0.0,22.56028]},"83o":{"weight":0.0,"played":[1.0,0.0],"evs":[0.0,-2.48353]},"93o":{"weight":0.0,"played":[0.1057,0.8943],"evs":[0.0,4.11697]},"T3o":{"weight":0.0,"played":[1.0,0.0],"evs":[0.0,-2.4922]},"J3o":{"weight":0.0,"played":[0.7789,0.2211],"evs":[0.0,0.02194]},"Q3o":{"weight":0.0,"played":[0.7822,0.2178],"evs":[0.0,-2.5034]},"K3o":{"weight":0.0,"played":[0.0503,0.9497],"evs":[0.0,27.97969]},"A3o":{"weight":0.0,"played":[0.17,0.83],"evs":[0.0,3.56507]},"42s":{"weight":0.0,"played":[0.5,0.5],"evs":[0.0,42.25886]},"43s":{"weight":0.0,"played":[0.2448,0.7552],"evs":[0.0,2.55924]},"44":{"weight":0.2936,"played":[0.0274,0.9726],"evs":[0.0,24.88322]},"54o":{"weight":0.0,"played":[0.2342,0.7658],"evs":[0.0,18.76609]},"64o":{"weight":0.0,"played":[0.9797,0.0203],"evs":[0.0,-7.59153]},"74o":{"weight":0.0,"played":[0.9478,0.0522],"evs":[0.0,-6.28597]},"84o":{"weight":0.0,"played":[0.3065,0.6935],"evs":[0.0,11.54531]},"94o":{"weight":0.0,"played":[0.8461,0.1539],"evs":[0.0,-7.38243]},"T4o":{"weight":0.0,"played":[0.3693,0.6307],"evs":[0.0,12.04127]},"J4o":{"weight":0.0,"played":[1.0,0.0],"evs":[0.0,-6.59458]},"Q4o":{"weight":0.0,"played":[0.2163,0.7837],"evs":[0.0,15.68246]},"K4o":{"weight":0.0,"played":[0.1996,0.8004],"evs":[0.0,-0.4697]},"A4o":{"weight":0.0,"played":[0.9927,0.0073],"evs":[0.0,-8.94457]},"52s":{"weight":0.0,"played":[0.5,0.5],"evs":[0.0,0.0]},"53s":{"weight":0.0,"played":[0.5,0.5],"evs":[0.0,0.0]},"54s":{"weight":0.0,"played":[0.5,0.5],"evs":[0.0,42.27949]},"55":{"weight":0.0591,"played":[0.2678,0.7322],"evs":[0.0,10.96624]},"65o":{"weight":0.0,"played":[1.0,0.0],"evs":[0.0,-3.60433]},"75o":{"weight":0.0,"played":[0.055,0.945],"evs":[0.0,18.99138]},"85o":{"weight":0.0,"played":[0.9969,0.0031],"evs":[0.0,-5.28422]},"95o":{"weight":0.0,"played":[0.9857,0.0143],"evs":[0.0,15.92968]},"T5o":{"weight":0.0,"played":[0.1756,0.8244],"evs":[0.0,11.01783]},"J5o":{"weight":0.0,"played":[0.9409,0.0591],"evs":[0.0,-2.24563]},"Q5o":{"weight":0.0,"played":[0.0777,0.9223],"evs":[0.0,17.61254]},"K5o":{"weight":0.0,"played":[0.0776,0.9224],"evs":[0.0,3.24912]},"A5o":{"weight":0.0,"played":[0.0356,0.9644],"evs":[0.0,8.01622]},"62s":{"weight":0.0,"played":[0.5,0.5],"evs":[0.0,-10.37824]},"63s":{"weight":0.0,"played":[0.2897,0.7103],"evs":[0.0,4.86972]},"64s":{"weight":0.0,"played":[0.2094,0.7906],"evs":[0.0,12.11962]},"65s":{"weight":0.0,"played":[1.0,0.0],"evs":[0.0,42.27949]},"66":{"weight":0.1192,"played":[0.009,0.991],"evs":[0.0,13.87923]},"76o":{"weight":0.0,"played":[0.0982,0.9018],"evs":[0.0,22.47245]},"86o":{"weight":0.0,"played":[0.9996,4.0E-4],"evs":[0.0,-7.20266]},"96o":{"weight":0.0,"played":[0.1531,0.8469],"evs":[0.0,6.79581]},"T6o":{"weight":0.0,"played":[0.1349,0.8651],"evs":[0.0,12.8569]},"J6o":{"weight":0.0,"played":[1.0,0.0],"evs":[0.0,-2.50053]},"Q6o":{"weight":0.0,"played":[1.0,0.0],"evs":[0.0,-8.82812]},"K6o":{"weight":0.0,"played":[0.0888,0.9112],"evs":[0.0,5.73237]},"A6o":{"weight":8.0E-4,"played":[0.0,1.0],"evs":[0.0,8.96193]},"72s":{"weight":0.0,"played":[0.9909,0.0091],"evs":[0.0,15.37371]},"73s":{"weight":0.0,"played":[0.5,0.5],"evs":[0.0,-2.50416]},"74s":{"weight":0.0,"played":[0.5,0.5],"evs":[0.0,0.0]},"75s":{"weight":0.0,"played":[0.5,0.5],"evs":[0.0,-2.50053]},"76s":{"weight":0.0394,"played":[0.1085,0.8915],"evs":[0.0,13.38765]},"77":{"weight":0.0626,"played":[0.1513,0.8487],"evs":[0.0,13.3291]},"87o":{"weight":0.0,"played":[0.8029,0.1971],"evs":[0.0,15.53351]},"97o":{"weight":0.0,"played":[0.9405,0.0595],"evs":[0.0,29.11092]},"T7o":{"weight":0.0,"played":[0.5,0.5],"evs":[0.0,-2.50053]},"J7o":{"weight":0.0,"played":[0.4863,0.5137],"evs":[0.0,19.20515]},"Q7o":{"weight":0.0,"played":[0.2691,0.7309],"evs":[0.0,2.82457]},"K7o":{"weight":0.0,"played":[0.2048,0.7952],"evs":[0.0,12.69349]},"A7o":{"weight":8.0E-4,"played":[0.0185,0.9815],"evs":[0.0,16.49114]},"82s":{"weight":0.0,"played":[0.1397,0.8603],"evs":[0.0,4.32434]},"83s":{"weight":0.0,"played":[0.5,0.5],"evs":[0.0,0.0]},"84s":{"weight":0.0,"played":[0.5924,0.4076],"evs":[0.0,-2.43125]},"85s":{"weight":0.0,"played":[1.0,0.0],"evs":[0.0,-10.39435]},"86s":{"weight":0.0,"played":[0.5,0.5],"evs":[0.0,8.11979]},"87s":{"weight":3.0E-4,"played":[0.9841,0.0159],"evs":[0.0,18.06395]},"88":{"weight":3.0E-4,"played":[0.0,1.0],"evs":[0.0,17.988]},"98o":{"weight":0.0,"played":[0.2649,0.7351],"evs":[0.0,6.36417]},"T8o":{"weight":0.0,"played":[0.5327,0.4673],"evs":[0.0,-3.05435]},"J8o":{"weight":0.0,"played":[1.0,0.0],"evs":[0.0,-2.27633]},"Q8o":{"weight":0.0,"played":[0.7465,0.2535],"evs":[0.0,11.45461]},"K8o":{"weight":0.0,"played":[0.9279,0.0721],"evs":[0.0,7.35503]},"A8o":{"weight":0.0079,"played":[0.0,1.0],"evs":[0.0,6.8985]},"92s":{"weight":0.0,"played":[0.5,0.5],"evs":[0.0,-2.50416]},"93s":{"weight":0.0,"played":[0.0117,0.9883],"evs":[0.0,-1.6823]},"94s":{"weight":0.0,"played":[1.0,0.0],"evs":[0.0,-2.48353]},"95s":{"weight":0.0,"played":[1.0,0.0],"evs":[0.0,42.25886]},"96s":{"weight":0.0,"played":[0.5,0.5],"evs":[0.0,0.0]},"97s":{"weight":0.0012,"played":[0.5,0.5],"evs":[0.0,-2.50416]},"98s":{"weight":0.1311,"played":[0.975,0.025],"evs":[0.0,-9.98394]},"99":{"weight":0.1111,"played":[0.9132,0.0868],"evs":[0.0,-6.97936]},"T9o":{"weight":0.0,"played":[0.6238,0.3762],"evs":[0.0,-2.12412]},"J9o":{"weight":0.0,"played":[1.0,0.0],"evs":[0.0,-2.50416]},"Q9o":{"weight":0.0,"played":[0.9896,0.0104],"evs":[0.0,-7.1178]},"K9o":{"weight":1.0E-4,"played":[0.1139,0.8861],"evs":[0.0,17.22386]},"A9o":{"weight":3.0E-4,"played":[0.869,0.131],"evs":[0.0,-6.82417]},"T2s":{"weight":0.0,"played":[0.5,0.5],"evs":[0.0,-2.50416]},"T3s":{"weight":0.0,"played":[0.5,0.5],"evs":[0.0,32.41584]},"T4s":{"weight":0.0,"played":[0.5,0.5],"evs":[0.0,0.0]},"T5s":{"weight":0.0,"played":[0.5,0.5],"evs":[0.0,0.0]},"T6s":{"weight":0.0,"played":[0.8033,0.1967],"evs":[0.0,-5.60216]},"T7s":{"weight":0.0034,"played":[0.6374,0.3626],"evs":[0.0,-9.45445]},"T8s":{"weight":0.2414,"played":[1.0,0.0],"evs":[0.0,-9.0933]},"T9s":{"weight":5.0E-4,"played":[0.0,1.0],"evs":[0.0,4.12665]},"TT":{"weight":0.0,"played":[0.0837,0.9163],"evs":[0.0,10.97931]},"JTo":{"weight":1.0E-4,"played":[1.0E-4,0.9999],"evs":[0.0,18.33316]},"QTo":{"weight":1.0E-4,"played":[0.159,0.841],"evs":[0.0,11.06231]},"KTo":{"weight":0.09,"played":[0.0105,0.9895],"evs":[0.0,11.46888]},"ATo":{"weight":0.0649,"played":[1.0E-4,0.9999],"evs":[0.0,7.44253]},"J2s":{"weight":0.0,"played":[0.8619,0.1381],"evs":[0.0,12.10666]},"J3s":{"weight":0.0,"played":[0.0217,0.9783],"evs":[0.0,2.81899]},"J4s":{"weight":0.0,"played":[0.0,1.0],"evs":[0.0,-2.48353]},"J5s":{"weight":0.0,"played":[1.0,0.0],"evs":[0.0,-10.39435]},"J6s":{"weight":0.0,"played":[0.0048,0.9952],"evs":[0.0,2.85886]},"J7s":{"weight":3.0E-4,"played":[0.1309,0.8691],"evs":[0.0,0.27861]},"J8s":{"weight":2.0E-4,"played":[0.365,0.635],"evs":[0.0,2.30441]},"J9s":{"weight":0.0568,"played":[1.0,0.0],"evs":[0.0,-5.24035]},"JTs":{"weight":1.0E-4,"played":[0.8214,0.1786],"evs":[0.0,-2.50416]},"JJ":{"weight":0.0106,"played":[0.4532,0.5468],"evs":[0.0,8.9016]},"QJo":{"weight":5.0E-4,"played":[0.7757,0.2243],"evs":[0.0,7.10842]},"KJo":{"weight":0.0286,"played":[0.1683,0.8317],"evs":[0.0,0.74674]},"AJo":{"weight":0.0,"played":[0.475,0.525],"evs":[0.0,6.62484]},"Q2s":{"weight":0.0,"played":[0.5,0.5],"evs":[0.0,0.0]},"Q3s":{"weight":0.0,"played":[0.8704,0.1296],"evs":[0.0,-2.50416]},"Q4s":{"weight":0.0,"played":[0.5,0.5],"evs":[0.0,0.0]},"Q5s":{"weight":0.0,"played":[0.5,0.5],"evs":[0.0,0.0]},"Q6s":{"weight":0.0,"played":[0.5,0.5],"evs":[0.0,42.27949]},"Q7s":{"weight":1.0E-4,"played":[0.138,0.862],"evs":[0.0,26.43037]},"Q8s":{"weight":0.0038,"played":[0.3183,0.6817],"evs":[0.0,7.46574]},"Q9s":{"weight":0.0017,"played":[0.5,0.5],"evs":[0.0,32.39522]},"QTs":{"weight":0.0152,"played":[0.5,0.5],"evs":[0.0,32.39872]},"QJs":{"weight":0.1508,"played":[0.6114,0.3886],"evs":[0.0,7.97933]},"QQ":{"weight":1.0E-4,"played":[0.0094,0.9906],"evs":[0.0,31.33563]},"KQo":{"weight":0.1532,"played":[0.5889,0.4111],"evs":[0.0,5.34384]},"AQo":{"weight":0.0021,"played":[0.1535,0.8465],"evs":[0.0,26.28659]},"K2s":{"weight":0.0,"played":[0.5,0.5],"evs":[0.0,-2.50416]},"K3s":{"weight":0.0,"played":[0.2125,0.7875],"evs":[0.0,38.07478]},"K4s":{"weight":0.0,"played":[0.5,0.5],"evs":[0.0,-2.50416]},"K5s":{"weight":0.019,"played":[0.5,0.5],"evs":[0.0,-10.37824]},"K6s":{"weight":5.0E-4,"played":[1.0,0.0],"evs":[0.0,13.36241]},"K7s":{"weight":0.0144,"played":[0.2648,0.7352],"evs":[0.0,15.21932]},"K8s":{"weight":0.0427,"played":[0.8207,0.1793],"evs":[0.0,-10.37824]},"K9s":{"weight":0.0814,"played":[0.8414,0.1586],"evs":[0.0,-5.00766]},"KTs":{"weight":0.0094,"played":[0.5,0.5],"evs":[0.0,0.0]},"KJs":{"weight":0.007,"played":[0.6816,0.3184],"evs":[0.0,24.9684]},"KQs":{"weight":0.534,"played":[0.3029,0.6971],"evs":[0.0,16.63483]},"KK":{"weight":6.0E-4,"played":[0.1372,0.8628],"evs":[0.0,10.01519]},"AKo":{"weight":0.3182,"played":[0.0299,0.9701],"evs":[0.0,7.93087]},"A2s":{"weight":0.0937,"played":[0.607,0.393],"evs":[0.0,0.25824]},"A3s":{"weight":0.0049,"played":[1.0,0.0],"evs":[0.0,-2.50416]},"A4s":{"weight":0.0108,"played":[0.0744,0.9256],"evs":[0.0,22.74852]},"A5s":{"weight":0.119,"played":[0.2139,0.7861],"evs":[0.0,19.1039]},"A6s":{"weight":0.0964,"played":[0.2545,0.7455],"evs":[0.0,-3.94747]},"A7s":{"weight":0.3553,"played":[0.9238,0.0762],"evs":[0.0,-5.30029]},"A8s":{"weight":0.0825,"played":[0.9398,0.0602],"evs":[0.0,-9.43089]},"A9s":{"weight":0.1651,"played":[0.5,0.5],"evs":[0.0,-2.50416]},"ATs":{"weight":0.0,"played":[0.0,1.0],"evs":[0.0,25.0383]},"AJs":{"weight":0.132,"played":[0.5,0.5],"evs":[0.0,-2.50416]},"AQs":{"weight":0.0659,"played":[1.0,0.0],"evs":[0.0,-2.50416]},"AKs":{"weight":0.1501,"played":[0.0287,0.9713],"evs":[0.0,11.77292]},"AA":{"weight":4.0E-4,"played":[0.0,1.0],"evs":[0.0,-2.48353]}}}