{"player":1,"street":0,"children":2,"sequence":[{"player":0,"type":"F","amount":0,"street":0},{"player":1,"type":"R","amount":200000,"street":0},{"player":2,"type":"C","amount":200000,"street":0},{"player":3,"type":"C","amount":200000,"street":0},{"player":4,"type":"R","amount":900000,"street":0},{"player":5,"type":"F","amount":0,"street":0},{"player":1,"type":"C","amount":700000,"street":0},{"player":2,"type":"R","amount":1265000,"street":0},{"player":3,"type":"C","amount":1065000,"street":0},{"player":4,"type":"C","amount":365000,"street":0}],"actions":[{"type":"F","amount":0},{"type":"C","amount":365000}],"hands":{"22":{"weight":0.0,"played":[0.5348,0.4652],"evs":[0.0,0.26529]},"32o":{"weight":0.0,"played":[0.526,0.474],"evs":[0.0,-0.31374]},"42o":{"weight":0.0,"played":[0.9844,0.0156],"evs":[0.0,-1.66535]},"52o":{"weight":0.0,"played":[0.8676,0.1324],"evs":[0.0,-3.4968]},"62o":{"weight":0.0,"played":[0.9986,0.0014],"evs":[0.0,-8.34718]},"72o":{"weight":0.0,"played":[0.9487,0.0513],"evs":[0.0,-3.06409]},"82o":{"weight":0.0,"played":[0.6509,0.3491],"evs":[0.0,-0.86874]},"92o":{"weight":0.0,"played":[0.4143,0.5857],"evs":[0.0,0.22644]},"T2o":{"weight":0.0,"played":[0.7432,0.2568],"evs":[0.0,0.80371]},"J2o":{"weight":0.0,"played":[0.6265,0.3735],"evs":[0.0,-3.24015]},"Q2o":{"weight":0.0,"played":[0.611,0.389],"evs":[0.0,5.68349]},"K2o":{"weight":0.0,"played":[0.7513,0.2487],"evs":[0.0,-2.48253]},"A2o":{"weight":0.0,"played":[0.5703,0.4297],"evs":[0.0,-2.24294]},"32s":{"weight":0.0,"played":[0.5219,0.4781],"evs":[0.0,6.9912]},"33":{"weight":2.0E-4,"played":[0.0074,0.9926],"evs":[0.0,6.09335]},"43o":{"weight":0.0,"played":[1.0,0.0],"evs":[0.0,-4.36457]},"53o":{"weight":0.0,"played":[0.8452,0.1548],"evs":[0.0,-0.40637]},"63o":{"weight":0.0,"played":[0.1369,0.8631],"evs":[0.0,-1.32787]},"73o":{"weight":0.0,"played":[0.9636,0.0364],"evs":[0.0,-2.96371]},"83o":{"weight":0.0,"played":[0.9996,4.0E-4],"evs":[0.0,-6.55707]},"93o":{"weight":0.0,"played":[0.9999,1.0E-4],"evs":[0.0,-0.48452]},"T3o":{"weight":0.0,"played":[0.1028,0.8972],"evs":[0.0,3.18347]},"J3o":{"weight":0.0,"played":[0.0228,0.9772],"evs":[0.0,6.54295]},"Q3o":{"weight":0.0,"played":[0.1908,0.8092],"evs":[0.0,5.07728]},"K3o":{"weight":0.0,"played":[0.2868,0.7132],"evs":[0.0,2.81068]},"A3o":{"weight":0.0,"played":[0.0878,0.9122],"evs":[0.0,-0.73315]},"42s":{"weight":0.0,"played":[0.9812,0.0188],"evs":[0.0,-0.07372]},"43s":{"weight":0.0,"played":[0.6968,0.3032],"evs":[0.0,1.60813]},"44":{"weight":0.2936,"played":[0.008,0.992],"evs":[0.0,6.46339]},"54o":{"weight":0.0,"played":[0.1401,0.8599],"evs":[0.0,7.53517]},"64o":{"weight":0.0,"played":[0.1817,0.8183],"evs":[0.0,2.86315]},"74o":{"weight":0.0,"played":[0.3976,0.6024],"evs":[0.0,-0.11101]},"84o":{"weight":0.0,"played":[0.9477,0.0523],"evs":[0.0,-1.70659]},"94o":{"weight":0.0,"played":[0.7882,0.2118],"evs":[0.0,3.007]},"T4o":{"weight":0.0,"played":[0.3375,0.6625],"evs":[0.0,1.44597]},"J4o":{"weight":0.0,"played":[0.7636,0.2364],"evs":[0.0,-2.0599]},"Q4o":{"weight":0.0,"played":[0.2706,0.7294],"evs":[0.0,2.90802]},"K4o":{"weight":0.0,"played":[0.7989,0.2011],"evs":[0.0,-5.75293]},"A4o":{"weight":0.0,"played":[0.7903,0.2097],"evs":[0.0,-0.16761]},"52s":{"weight":0.0,"played":[0.3901,0.6099],"evs":[0.0,-1.34107]},"53s":{"weight":0.0,"played":[0.1237,0.8763],"evs":[0.0,13.72127]},"54s":{"weight":0.0,"played":[0.1279,0.8721],"evs":[0.0,16.32746]},"55":{"weight":0.0591,"played":[0.0252,0.9748],"evs":[0.0,6.77424]},"65o":{"weight":0.0,"played":[0.7831,0.2169],"evs":[0.0,5.2026]},"75o":{"weight":0.0,"played":[0.2994,0.7006],"evs":[0.0,2.61954]},"85o":{"weight":0.0,"played":[0.487,0.513],"evs":[0.0,-2.50132]},"95o":{"weight":0.0,"played":[0.2453,0.7547],"evs":[0.0,1.3187]},"T5o":{"weight":0.0,"played":[0.9243,0.0757],"evs":[0.0,-1.70216]},"J5o":{"weight":0.0,"played":[0.9477,0.0523],"evs":[0.0,-1.0334]},"Q5o":{"weight":0.0,"played":[0.4372,0.5628],"evs":[0.0,-0.33472]},"K5o":{"weight":0.0,"played":[0.9811,0.0189],"evs":[0.0,-7.98202]},"A5o":{"weight":0.0,"played":[0.0825,0.9175],"evs":[0.0,2.82556]},"62s":{"weight":0.0,"played":[0.1447,0.8553],"evs":[0.0,9.19139]},"63s":{"weight":0.0,"played":[0.575,0.425],"evs":[0.0,4.57433]},"64s":{"weight":0.0,"played":[0.8642,0.1358],"evs":[0.0,-4.79635]},"65s":{"weight":0.0,"played":[0.4198,0.5802],"evs":[0.0,-5.32262]},"66":{"weight":0.1192,"played":[0.0232,0.9768],"evs":[0.0,3.83848]},"76o":{"weight":0.0,"played":[0.3137,0.6863],"evs":[0.0,3.96318]},"86o":{"weight":0.0,"played":[0.7164,0.2836],"evs":[0.0,0.17975]},"96o":{"weight":0.0,"played":[0.9339,0.0661],"evs":[0.0,-9.98716]},"T6o":{"weight":0.0,"played":[0.9609,0.0391],"evs":[0.0,-5.28558]},"J6o":{"weight":0.0,"played":[0.9857,0.0143],"evs":[0.0,-1.9855]},"Q6o":{"weight":0.0,"played":[0.3003,0.6997],"evs":[0.0,0.77599]},"K6o":{"weight":0.0,"played":[0.4533,0.5467],"evs":[0.0,0.91521]},"A6o":{"weight":8.0E-4,"played":[0.5709,0.4291],"evs":[0.0,-2.94113]},"72s":{"weight":0.0,"played":[0.7071,0.2929],"evs":[0.0,-4.06028]},"73s":{"weight":0.0,"played":[0.2809,0.7191],"evs":[0.0,1.41815]},"74s":{"weight":0.0,"played":[0.9602,0.0398],"evs":[0.0,-4.48961]},"75s":{"weight":0.0,"played":[0.2813,0.7187],"evs":[0.0,12.51816]},"76s":{"weight":0.0394,"played":[0.9991,9.0E-4],"evs":[0.0,-4.30681]},"77":{"weight":0.0626,"played":[0.0276,0.9724],"evs":[0.0,4.16556]},"87o":{"weight":0.0,"played":[0.5668,0.4332],"evs":[0.0,-2.12479]},"97o":{"weight":0.0,"played":[0.8687,0.1313],"evs":[0.0,-4.77856]},"T7o":{"weight":0.0,"played":[0.5193,0.4807],"evs":[0.0,-1.54127]},"J7o":{"weight":0.0,"played":[0.4402,0.5598],"evs":[0.0,-0.72634]},"Q7o":{"weight":0.0,"played":[0.4818,0.5182],"evs":[0.0,4.50525]},"K7o":{"weight":0.0,"played":[0.9728,0.0272],"evs":[0.0,-9.70933]},"A7o":{"weight":8.0E-4,"played":[0.1573,0.8427],"evs":[0.0,4.72383]},"82s":{"weight":0.0,"played":[0.7277,0.2723],"evs":[0.0,-1.99759]},"83s":{"weight":0.0,"played":[0.998,0.002],"evs":[0.0,-1.038]},"84s":{"weight":0.0,"played":[0.1546,0.8454],"evs":[0.0,-1.48687]},"85s":{"weight":0.0,"played":[0.9454,0.0546],"evs":[0.0,-7.52962]},"86s":{"weight":0.0,"played":[0.1883,0.8117],"evs":[0.0,3.06126]},"87s":{"weight":3.0E-4,"played":[0.7064,0.2936],"evs":[0.0,-2.91751]},"88":{"weight":3.0E-4,"played":[0.4779,0.5221],"evs":[0.0,1.26534]},"98o":{"weight":0.0,"played":[0.2469,0.7531],"evs":[0.0,6.44135]},"T8o":{"weight":0.0,"played":[0.473,0.527],"evs":[0.0,2.74943]},"J8o":{"weight":0.0,"played":[1.0,0.0],"evs":[0.0,-8.46939]},"Q8o":{"weight":0.0,"played":[0.3331,0.6669],"evs":[0.0,7.56497]},"K8o":{"weight":0.0,"played":[0.0175,0.9825],"evs":[0.0,0.27877]},"A8o":{"weight":0.0079,"played":[0.3611,0.6389],"evs":[0.0,2.80171]},"92s":{"weight":0.0,"played":[0.9927,0.0073],"evs":[0.0,-4.49203]},"93s":{"weight":0.0,"played":[0.5352,0.4648],"evs":[0.0,-5.20566]},"94s":{"weight":0.0,"played":[0.1762,0.8238],"evs":[0.0,5.46892]},"95s":{"weight":0.0,"played":[0.8956,0.1044],"evs":[0.0,-0.61642]},"96s":{"weight":0.0,"played":[0.9968,0.0032],"evs":[0.0,-6.42477]},"97s":{"weight":0.0012,"played":[0.9954,0.0046],"evs":[0.0,-0.01562]},"98s":{"weight":0.1311,"played":[0.1332,0.8668],"evs":[0.0,10.3757]},"99":{"weight":0.1111,"played":[0.0475,0.9525],"evs":[0.0,8.84764]},"T9o":{"weight":0.0,"played":[0.8331,0.1669],"evs":[0.0,-0.38577]},"J9o":{"weight":0.0,"played":[0.4462,0.5538],"evs":[0.0,5.51119]},"Q9o":{"weight":0.0,"played":[0.1685,0.8315],"evs":[0.0,3.45489]},"K9o":{"weight":1.0E-4,"played":[0.3592,0.6408],"evs":[0.0,-1.11163]},"A9o":{"weight":3.0E-4,"played":[0.0971,0.9029],"evs":[0.0,8.72617]},"T2s":{"weight":0.0,"played":[0.5687,0.4313],"evs":[0.0,-6.66228]},"T3s":{"weight":0.0,"played":[0.5107,0.4893],"evs":[0.0,0.74171]},"T4s":{"weight":0.0,"played":[0.33,0.67],"evs":[0.0,0.18251]},"T5s":{"weight":0.0,"played":[1.0,0.0],"evs":[0.0,-14.84071]},"T6s":{"weight":0.0,"played":[0.9799,0.0201],"evs":[0.0,-4.79828]},"T7s":{"weight":0.0034,"played":[0.1522,0.8478],"evs":[0.0,4.40633]},"T8s":{"weight":0.2414,"played":[0.0135,0.9865],"evs":[0.0,2.37255]},"T9s":{"weight":5.0E-4,"played":[0.5385,0.4615],"evs":[0.0,-1.9226]},"TT":{"weight":0.0,"played":[0.1361,0.8639],"evs":[0.0,10.1826]},"JTo":{"weight":1.0E-4,"played":[0.9452,0.0548],"evs":[0.0,-0.50301]},"QTo":{"weight":1.0E-4,"played":[0.4414,0.5586],"evs":[0.0,2.95622]},"KTo":{"weight":0.09,"played":[0.0678,0.9322],"evs":[0.0,6.6776]},"ATo":{"weight":0.0649,"played":[0.7213,0.2787],"evs":[0.0,-0.18521]},"J2s":{"weight":0.0,"played":[0.6148,0.3852],"evs":[0.0,-3.43193]},"J3s":{"weight":0.0,"played":[0.7521,0.2479],"evs":[0.0,-2.10046]},"J4s":{"weight":0.0,"played":[0.6376,0.3624],"evs":[0.0,-4.71211]},"J5s":{"weight":0.0,"played":[0.0166,0.9834],"evs":[0.0,6.72788]},"J6s":{"weight":0.0,"played":[0.0883,0.9117],"evs":[0.0,2.8539]},"J7s":{"weight":3.0E-4,"played":[0.6108,0.3892],"evs":[0.0,-0.53684]},"J8s":{"weight":2.0E-4,"played":[0.9448,0.0552],"evs":[0.0,-5.1642]},"J9s":{"weight":0.0568,"played":[0.7895,0.2105],"evs":[0.0,2.57591]},"JTs":{"weight":1.0E-4,"played":[0.0309,0.9691],"evs":[0.0,3.52538]},"JJ":{"weight":0.0106,"played":[0.001,0.999],"evs":[0.0,17.06388]},"QJo":{"weight":5.0E-4,"played":[0.3427,0.6573],"evs":[0.0,3.81415]},"KJo":{"weight":0.0286,"played":[0.3314,0.6686],"evs":[0.0,6.61564]},"AJo":{"weight":0.0,"played":[0.1699,0.8301],"evs":[0.0,5.89634]},"Q2s":{"weight":0.0,"played":[0.0219,0.9781],"evs":[0.0,0.70218]},"Q3s":{"weight":0.0,"played":[0.998,0.002],"evs":[0.0,-8.78321]},"Q4s":{"weight":0.0,"played":[1.0,0.0],"evs":[0.0,-2.50724]},"Q5s":{"weight":0.0,"played":[0.4561,0.5439],"evs":[0.0,0.08172]},"Q6s":{"weight":0.0,"played":[0.4645,0.5355],"evs":[0.0,1.59785]},"Q7s":{"weight":1.0E-4,"played":[0.2902,0.7098],"evs":[0.0,11.58533]},"Q8s":{"weight":0.0038,"played":[0.1565,0.8435],"evs":[0.0,8.33691]},"Q9s":{"weight":0.0017,"played":[0.9999,1.0E-4],"evs":[0.0,-12.2283]},"QTs":{"weight":0.0152,"played":[0.9983,0.0017],"evs":[0.0,-10.05819]},"QJs":{"weight":0.1508,"played":[0.4586,0.5414],"evs":[0.0,9.59616]},"QQ":{"weight":1.0E-4,"played":[5.0E-4,0.9995],"evs":[0.0,19.95225]},"KQo":{"weight":0.1532,"played":[0.0295,0.9705],"evs":[0.0,6.34265]},"AQo":{"weight":0.0021,"played":[0.164,0.836],"evs":[0.0,-1.55393]},"K2s":{"weight":0.0,"played":[0.1795,0.8205],"evs":[0.0,17.24735]},"K3s":{"weight":0.0,"played":[0.5393,0.4607],"evs":[0.0,-0.24825]},"K4s":{"weight":0.0,"played":[0.109,0.891],"evs":[0.0,15.53758]},"K5s":{"weight":0.019,"played":[0.6751,0.3249],"evs":[0.0,-3.65132]},"K6s":{"weight":5.0E-4,"played":[0.1462,0.8538],"evs":[0.0,11.46856]},"K7s":{"weight":0.0144,"played":[0.318,0.682],"evs":[0.0,5.47267]},"K8s":{"weight":0.0427,"played":[0.5068,0.4932],"evs":[0.0,4.03782]},"K9s":{"weight":0.0814,"played":[0.7205,0.2795],"evs":[0.0,0.52614]},"KTs":{"weight":0.0094,"played":[0.097,0.903],"evs":[0.0,0.68761]},"KJs":{"weight":0.007,"played":[0.9542,0.0458],"evs":[0.0,-3.87222]},"KQs":{"weight":0.534,"played":[0.0161,0.9839],"evs":[0.0,4.04424]},"KK":{"weight":6.0E-4,"played":[0.0104,0.9896],"evs":[0.0,19.52319]},"AKo":{"weight":0.3182,"played":[0.0427,0.9573],"evs":[0.0,10.7324]},"A2s":{"weight":0.0937,"played":[0.879,0.121],"evs":[0.0,-4.14927]},"A3s":{"weight":0.0049,"played":[0.5341,0.4659],"evs":[0.0,-5.12472]},"A4s":{"weight":0.0108,"played":[0.7568,0.2432],"evs":[0.0,2.92163]},"A5s":{"weight":0.119,"played":[0.8607,0.1393],"evs":[0.0,-0.73713]},"A6s":{"weight":0.0964,"played":[0.7247,0.2753],"evs":[0.0,-6.17892]},"A7s":{"weight":0.3553,"played":[0.8142,0.1858],"evs":[0.0,-2.1032]},"A8s":{"weight":0.0825,"played":[0.3954,0.6046],"evs":[0.0,0.84167]},"A9s":{"weight":0.1651,"played":[0.834,0.166],"evs":[0.0,-4.92291]},"ATs":{"weight":0.0,"played":[0.081,0.919],"evs":[0.0,7.41567]},"AJs":{"weight":0.132,"played":[0.1156,0.8844],"evs":[0.0,18.66872]},"AQs":{"weight":0.0659,"played":[0.012,0.988],"evs":[0.0,7.12918]},"AKs":{"weight":0.1501,"played":[0.4891,0.5109],"evs":[0.0,4.42246]},"AA":{"weight":4.0E-4,"played":[0.0,1.0],"evs":[0.0,29.60991]}}}