{"player":4,"street":0,"children":2,"sequence":[{"player":0,"type":"F","amount":0,"street":0},{"player":1,"type":"R","amount":200000,"street":0},{"player":2,"type":"C","amount":200000,"street":0},{"player":3,"type":"C","amount":200000,"street":0},{"player":4,"type":"R","amount":900000,"street":0},{"player":5,"type":"F","amount":0,"street":0},{"player":1,"type":"R","amount":3375000,"street":0},{"player":2,"type":"F","amount":0,"street":0},{"player":3,"type":"C","amount":2195000,"street":0}],"actions":[{"type":"F","amount":0},{"type":"C","amount":2475000}],"hands":{"22":{"weight":0.0251,"played":[0.2787,0.7213],"evs":[0.0,3.31639]},"32o":{"weight":0.0,"played":[0.806,0.194],"evs":[0.0,-4.02952]},"42o":{"weight":0.0,"played":[0.94,0.06],"evs":[0.0,-2.49648]},"52o":{"weight":0.0,"played":[0.5771,0.4229],"evs":[0.0,0.64287]},"62o":{"weight":0.0,"played":[0.1007,0.8993],"evs":[0.0,3.83512]},"72o":{"weight":0.0,"played":[0.9967,0.0033],"evs":[0.0,-4.34654]},"82o":{"weight":0.0,"played":[0.9605,0.0395],"evs":[0.0,-0.40234]},"92o":{"weight":0.0,"played":[0.9996,4.0E-4],"evs":[0.0,-6.98236]},"T2o":{"weight":0.0,"played":[0.9706,0.0294],"evs":[0.0,-0.50543]},"J2o":{"weight":0.0,"played":[0.4672,0.5328],"evs":[0.0,-1.075]},"Q2o":{"weight":0.0,"played":[0.9459,0.0541],"evs":[0.0,-8.64523]},"K2o":{"weight":0.0,"played":[0.5808,0.4192],"evs":[0.0,-1.22219]},"A2o":{"weight":0.0,"played":[0.2567,0.7433],"evs":[0.0,0.35653]},"32s":{"weight":0.0,"played":[0.9514,0.0486],"evs":[0.0,-3.59052]},"33":{"weight":0.4582,"played":[0.0133,0.9867],"evs":[0.0,8.51804]},"43o":{"weight":0.0,"played":[0.9376,0.0624],"evs":[0.0,-7.68127]},"53o":{"weight":1.0E-4,"played":[0.6081,0.3919],"evs":[0.0,-1.12453]},"63o":{"weight":0.0,"played":[0.8981,0.1019],"evs":[0.0,-4.01048]},"73o":{"weight":0.0,"played":[0.8121,0.1879],"evs":[0.0,-4.09578]},"83o":{"weight":0.0,"played":[0.8776,0.1224],"evs":[0.0,-3.15192]},"93o":{"weight":0.0,"played":[0.8083,0.1917],"evs":[0.0,-5.84744]},"T3o":{"weight":0.0,"played":[0.8755,0.1245],"evs":[0.0,-5.47961]},"J3o":{"weight":0.0,"played":[0.8545,0.1455],"evs":[0.0,-2.91103]},"Q3o":{"weight":0.0,"played":[0.7466,0.2534],"evs":[0.0,-4.54282]},"K3o":{"weight":0.0,"played":[0.6598,0.3402],"evs":[0.0,0.04591]},"A3o":{"weight":0.0,"played":[0.0506,0.9494],"evs":[0.0,2.05334]},"42s":{"weight":0.0,"played":[0.3712,0.6288],"evs":[0.0,5.02955]},"43s":{"weight":0.0,"played":[0.4515,0.5485],"evs":[0.0,5.23062]},"44":{"weight":0.0,"played":[0.0818,0.9182],"evs":[0.0,5.28797]},"54o":{"weight":0.0,"played":[0.6293,0.3707],"evs":[0.0,1.74091]},"64o":{"weight":0.0,"played":[0.0906,0.9094],"evs":[0.0,1.59026]},"74o":{"weight":0.0,"played":[0.598,0.402],"evs":[0.0,1.52226]},"84o":{"weight":0.0,"played":[0.7862,0.2138],"evs":[0.0,-0.97361]},"94o":{"weight":0.0,"played":[0.9444,0.0556],"evs":[0.0,-4.0049]},"T4o":{"weight":0.0,"played":[0.64,0.36],"evs":[0.0,-1.48043]},"J4o":{"weight":0.0,"played":[0.5696,0.4304],"evs":[0.0,-4.92438]},"Q4o":{"weight":0.0,"played":[0.4811,0.5189],"evs":[0.0,-0.01789]},"K4o":{"weight":0.0,"played":[0.44,0.56],"evs":[0.0,-0.64171]},"A4o":{"weight":0.0,"played":[0.9304,0.0696],"evs":[0.0,-7.10632]},"52s":{"weight":0.0,"played":[0.6294,0.3706],"evs":[0.0,-0.9889]},"53s":{"weight":0.0,"played":[0.0638,0.9362],"evs":[0.0,0.90364]},"54s":{"weight":0.0,"played":[0.8602,0.1398],"evs":[0.0,4.4977]},"55":{"weight":0.0066,"played":[0.0068,0.9932],"evs":[0.0,13.94388]},"65o":{"weight":1.0E-4,"played":[0.1198,0.8802],"evs":[0.0,2.05513]},"75o":{"weight":0.0,"played":[0.423,0.577],"evs":[0.0,3.76686]},"85o":{"weight":0.0,"played":[0.5235,0.4765],"evs":[0.0,0.14111]},"95o":{"weight":0.0,"played":[0.0451,0.9549],"evs":[0.0,3.82962]},"T5o":{"weight":0.0,"played":[0.9944,0.0056],"evs":[0.0,-6.35608]},"J5o":{"weight":0.0,"played":[0.7991,0.2009],"evs":[0.0,-1.60993]},"Q5o":{"weight":0.0,"played":[0.9715,0.0285],"evs":[0.0,-1.805]},"K5o":{"weight":0.0,"played":[0.4269,0.5731],"evs":[0.0,3.90094]},"A5o":{"weight":0.0,"played":[0.4632,0.5368],"evs":[0.0,5.30593]},"62s":{"weight":0.0,"played":[0.3416,0.6584],"evs":[0.0,10.4703]},"63s":{"weight":0.0,"played":[0.2735,0.7265],"evs":[0.0,8.43191]},"64s":{"weight":0.0,"played":[0.5024,0.4976],"evs":[0.0,-4.9969]},"65s":{"weight":0.0,"played":[0.0266,0.9734],"evs":[0.0,12.77314]},"66":{"weight":0.2279,"played":[0.0081,0.9919],"evs":[0.0,6.01574]},"76o":{"weight":0.0,"played":[0.085,0.915],"evs":[0.0,0.91137]},"86o":{"weight":0.0,"played":[0.08,0.92],"evs":[0.0,3.28271]},"96o":{"weight":0.0,"played":[0.2103,0.7897],"evs":[0.0,6.8769]},"T6o":{"weight":0.0,"played":[0.6087,0.3913],"evs":[0.0,2.6495]},"J6o":{"weight":0.0,"played":[0.9391,0.0609],"evs":[0.0,-3.61972]},"Q6o":{"weight":0.0,"played":[0.9272,0.0728],"evs":[0.0,-5.23474]},"K6o":{"weight":0.0,"played":[0.464,0.536],"evs":[0.0,-2.02129]},"A6o":{"weight":0.0,"played":[0.2386,0.7614],"evs":[0.0,3.05307]},"72s":{"weight":0.0,"played":[0.731,0.269],"evs":[0.0,-6.15761]},"73s":{"weight":0.0,"played":[0.0473,0.9527],"evs":[0.0,4.84239]},"74s":{"weight":0.0,"played":[0.2719,0.7281],"evs":[0.0,-3.37384]},"75s":{"weight":0.0,"played":[0.1363,0.8637],"evs":[0.0,8.904]},"76s":{"weight":0.0,"played":[0.3744,0.6256],"evs":[0.0,-2.23361]},"77":{"weight":0.023,"played":[0.0101,0.9899],"evs":[0.0,4.42287]},"87o":{"weight":0.0,"played":[0.4243,0.5757],"evs":[0.0,-3.37328]},"97o":{"weight":0.0,"played":[0.7312,0.2688],"evs":[0.0,1.10262]},"T7o":{"weight":0.0,"played":[0.5451,0.4549],"evs":[0.0,0.58943]},"J7o":{"weight":0.0,"played":[0.0573,0.9427],"evs":[0.0,2.241]},"Q7o":{"weight":0.0,"played":[0.9867,0.0133],"evs":[0.0,-2.35954]},"K7o":{"weight":0.0,"played":[0.5615,0.4385],"evs":[0.0,-0.11593]},"A7o":{"weight":1.0E-4,"played":[0.068,0.932],"evs":[0.0,2.83891]},"82s":{"weight":1.0E-4,"played":[1.0,0.0],"evs":[0.0,-13.72878]},"83s":{"weight":0.0,"played":[0.8277,0.1723],"evs":[0.0,0.04324]},"84s":{"weight":0.0,"played":[0.608,0.392],"evs":[0.0,-3.97091]},"85s":{"weight":0.0,"played":[0.1233,0.8767],"evs":[0.0,3.73728]},"86s":{"weight":0.0164,"played":[0.0732,0.9268],"evs":[0.0,5.73659]},"87s":{"weight":8.0E-4,"played":[0.8941,0.1059],"evs":[0.0,-9.85479]},"88":{"weight":0.7244,"played":[0.0232,0.9768],"evs":[0.0,13.05574]},"98o":{"weight":0.0,"played":[0.5316,0.4684],"evs":[0.0,-1.94802]},"T8o":{"weight":0.0,"played":[0.9423,0.0577],"evs":[0.0,-2.87122]},"J8o":{"weight":0.0,"played":[0.4295,0.5705],"evs":[0.0,0.92452]},"Q8o":{"weight":0.0,"played":[0.1465,0.8535],"evs":[0.0,3.26494]},"K8o":{"weight":0.0,"played":[0.6443,0.3557],"evs":[0.0,-1.14379]},"A8o":{"weight":0.1784,"played":[0.3436,0.6564],"evs":[0.0,4.83531]},"92s":{"weight":0.0,"played":[0.4354,0.5646],"evs":[0.0,7.65764]},"93s":{"weight":0.0,"played":[0.8549,0.1451],"evs":[0.0,-3.87556]},"94s":{"weight":1.0E-4,"played":[0.6063,0.3937],"evs":[0.0,-1.32046]},"95s":{"weight":0.0,"played":[0.5692,0.4308],"evs":[0.0,0.69497]},"96s":{"weight":0.0,"played":[0.0727,0.9273],"evs":[0.0,5.31717]},"97s":{"weight":5.0E-4,"played":[0.1826,0.8174],"evs":[0.0,2.14054]},"98s":{"weight":0.0011,"played":[0.0196,0.9804],"evs":[0.0,6.76871]},"99":{"weight":0.5926,"played":[0.0047,0.9953],"evs":[0.0,14.37008]},"T9o":{"weight":0.0,"played":[0.0442,0.9558],"evs":[0.0,5.16441]},"J9o":{"weight":0.0,"played":[5.0E-4,0.9995],"evs":[0.0,5.03731]},"Q9o":{"weight":0.0,"played":[0.0022,0.9978],"evs":[0.0,2.83581]},"K9o":{"weight":0.0,"played":[0.2827,0.7173],"evs":[0.0,4.57221]},"A9o":{"weight":0.7261,"played":[0.1979,0.8021],"evs":[0.0,-1.70049]},"T2s":{"weight":0.0,"played":[0.9802,0.0198],"evs":[0.0,-11.12137]},"T3s":{"weight":0.0013,"played":[0.3697,0.6303],"evs":[0.0,-0.06064]},"T4s":{"weight":1.0E-4,"played":[0.4782,0.5218],"evs":[0.0,-3.14208]},"T5s":{"weight":1.0E-4,"played":[0.0406,0.9594],"evs":[0.0,3.70491]},"T6s":{"weight":2.0E-4,"played":[0.0052,0.9948],"evs":[0.0,1.69035]},"T7s":{"weight":0.0,"played":[0.6236,0.3764],"evs":[0.0,-0.04292]},"T8s":{"weight":1.0E-4,"played":[0.1457,0.8543],"evs":[0.0,0.95849]},"T9s":{"weight":0.002,"played":[0.0845,0.9155],"evs":[0.0,18.75515]},"TT":{"weight":0.0782,"played":[0.022,0.978],"evs":[0.0,13.15679]},"JTo":{"weight":0.0,"played":[0.1536,0.8464],"evs":[0.0,6.21744]},"QTo":{"weight":1.0E-4,"played":[0.1215,0.8785],"evs":[0.0,8.23299]},"KTo":{"weight":0.1483,"played":[0.7616,0.2384],"evs":[0.0,-0.31192]},"ATo":{"weight":0.0315,"played":[0.2299,0.7701],"evs":[0.0,1.87207]},"J2s":{"weight":0.0,"played":[0.5785,0.4215],"evs":[0.0,-0.27997]},"J3s":{"weight":0.0,"played":[0.4557,0.5443],"evs":[0.0,5.28545]},"J4s":{"weight":0.0,"played":[0.6277,0.3723],"evs":[0.0,2.42341]},"J5s":{"weight":0.0,"played":[0.5503,0.4497],"evs":[0.0,2.73414]},"J6s":{"weight":0.0,"played":[0.6063,0.3937],"evs":[0.0,2.48698]},"J7s":{"weight":0.0,"played":[0.7967,0.2033],"evs":[0.0,-1.73255]},"J8s":{"weight":0.0,"played":[0.6562,0.3438],"evs":[0.0,-5.2545]},"J9s":{"weight":0.0,"played":[0.012,0.988],"evs":[0.0,8.00621]},"JTs":{"weight":0.0625,"played":[0.0143,0.9857],"evs":[0.0,2.43654]},"JJ":{"weight":0.0717,"played":[0.008,0.992],"evs":[0.0,16.6094]},"QJo":{"weight":2.0E-4,"played":[0.4046,0.5954],"evs":[0.0,3.5054]},"KJo":{"weight":1.0E-4,"played":[0.1055,0.8945],"evs":[0.0,9.00848]},"AJo":{"weight":1.0E-4,"played":[0.1879,0.8121],"evs":[0.0,6.90708]},"Q2s":{"weight":1.0E-4,"played":[0.0061,0.9939],"evs":[0.0,3.76917]},"Q3s":{"weight":0.0,"played":[0.5978,0.4022],"evs":[0.0,0.22024]},"Q4s":{"weight":0.0016,"played":[0.8707,0.1293],"evs":[0.0,-6.75956]},"Q5s":{"weight":0.0,"played":[0.0808,0.9192],"evs":[0.0,4.62427]},"Q6s":{"weight":0.0,"played":[0.8981,0.1019],"evs":[0.0,-4.10822]},"Q7s":{"weight":1.0E-4,"played":[0.0603,0.9397],"evs":[0.0,3.10564]},"Q8s":{"weight":0.0,"played":[0.296,0.704],"evs":[0.0,-3.59564]},"Q9s":{"weight":0.0016,"played":[0.0087,0.9913],"evs":[0.0,11.06906]},"QTs":{"weight":0.2556,"played":[0.3718,0.6282],"evs":[0.0,9.21894]},"QJs":{"weight":0.6375,"played":[0.0278,0.9722],"evs":[0.0,6.00705]},"QQ":{"weight":0.1156,"played":[0.0047,0.9953],"evs":[0.0,24.28488]},"KQo":{"weight":0.4543,"played":[0.1361,0.8639],"evs":[0.0,3.53428]},"AQo":{"weight":0.2103,"played":[0.0324,0.9676],"evs":[0.0,11.24129]},"K2s":{"weight":0.0,"played":[0.8239,0.1761],"evs":[0.0,-2.39325]},"K3s":{"weight":6.0E-4,"played":[0.745,0.255],"evs":[0.0,-4.09063]},"K4s":{"weight":2.0E-4,"played":[0.3919,0.6081],"evs":[0.0,10.93421]},"K5s":{"weight":0.0,"played":[0.8362,0.1638],"evs":[0.0,-1.96993]},"K6s":{"weight":0.5058,"played":[0.2912,0.7088],"evs":[0.0,-1.592]},"K7s":{"weight":0.0472,"played":[0.6772,0.3228],"evs":[0.0,6.72074]},"K8s":{"weight":0.0,"played":[0.1567,0.8433],"evs":[0.0,3.55165]},"K9s":{"weight":0.0,"played":[0.6645,0.3355],"evs":[0.0,-0.31775]},"KTs":{"weight":0.0024,"played":[0.2141,0.7859],"evs":[0.0,12.55516]},"KJs":{"weight":0.3867,"played":[0.1187,0.8813],"evs":[0.0,14.52926]},"KQs":{"weight":0.0,"played":[0.0583,0.9417],"evs":[0.0,9.41747]},"KK":{"weight":0.6824,"played":[0.0,1.0],"evs":[0.0,23.60228]},"AKo":{"weight":0.2949,"played":[0.0,1.0],"evs":[0.0,14.73657]},"A2s":{"weight":0.005,"played":[0.9911,0.0089],"evs":[0.0,-8.6597]},"A3s":{"weight":0.016,"played":[0.2864,0.7136],"evs":[0.0,14.91174]},"A4s":{"weight":0.108,"played":[0.6187,0.3813],"evs":[0.0,-7.52966]},"A5s":{"weight":5.0E-4,"played":[0.1002,0.8998],"evs":[0.0,5.45648]},"A6s":{"weight":0.0203,"played":[0.4214,0.5786],"evs":[0.0,1.02262]},"A7s":{"weight":0.1098,"played":[0.1607,0.8393],"evs":[0.0,0.41701]},"A8s":{"weight":0.9451,"played":[0.5524,0.4476],"evs":[0.0,1.00644]},"A9s":{"weight":0.0151,"played":[0.7904,0.2096],"evs":[0.0,-5.11789]},"ATs":{"weight":0.7558,"played":[0.0072,0.9928],"evs":[0.0,6.14762]},"AJs":{"weight":0.0589,"played":[0.0899,0.9101],"evs":[0.0,10.89998]},"AQs":{"weight":0.5761,"played":[0.0712,0.9288],"evs":[0.0,10.43767]},"AKs":{"weight":0.7575,"played":[0.0144,0.9856],"evs":[0.0,14.06206]},"AA":{"weight":0.2988,"played":[0.0017,0.9983],"evs":[0.0,36.66541]}}}