{"player":4,"street":0,"children":2,"sequence":[{"player":0,"type":"F","amount":0,"street":0},{"player":1,"type":"R","amount":200000,"street":0},{"player":2,"type":"C","amount":200000,"street":0},{"player":3,"type":"C","amount":200000,"street":0},{"player":4,"type":"R","amount":900000,"street":0},{"player":5,"type":"F","amount":0,"street":0},{"player":1,"type":"R","amount":3375000,"street":0},{"player":2,"type":"C","amount":1065000,"street":0},{"player":3,"type":"C","amount":2195000,"street":0}],"actions":[{"type":"F","amount":0},{"type":"C","amount":2475000}],"hands":{"22":{"weight":0.0251,"played":[0.0146,0.9854],"evs":[0.0,4.90455]},"32o":{"weight":0.0,"played":[0.6541,0.3459],"evs":[0.0,-1.17461]},"42o":{"weight":0.0,"played":[0.9842,0.0158],"evs":[0.0,-5.24137]},"52o":{"weight":0.0,"played":[0.866,0.134],"evs":[0.0,-1.86944]},"62o":{"weight":0.0,"played":[0.6095,0.3905],"evs":[0.0,0.473]},"72o":{"weight":0.0,"played":[0.9716,0.0284],"evs":[0.0,-3.91517]},"82o":{"weight":0.0,"played":[0.1907,0.8093],"evs":[0.0,-1.99241]},"92o":{"weight":0.0,"played":[0.7565,0.2435],"evs":[0.0,-3.13539]},"T2o":{"weight":0.0,"played":[0.9669,0.0331],"evs":[0.0,-3.38454]},"J2o":{"weight":0.0,"played":[0.5483,0.4517],"evs":[0.0,-4.23993]},"Q2o":{"weight":0.0,"played":[0.9639,0.0361],"evs":[0.0,-6.8131]},"K2o":{"weight":0.0,"played":[0.3901,0.6099],"evs":[0.0,-2.96349]},"A2o":{"weight":0.0,"played":[0.3899,0.6101],"evs":[0.0,3.47676]},"32s":{"weight":0.0,"played":[0.2019,0.7981],"evs":[0.0,4.25549]},"33":{"weight":0.4582,"played":[0.117,0.883],"evs":[0.0,1.12621]},"43o":{"weight":0.0,"played":[0.582,0.418],"evs":[0.0,-2.2035]},"53o":{"weight":1.0E-4,"played":[0.7321,0.2679],"evs":[0.0,-1.39066]},"63o":{"weight":0.0,"played":[0.9552,0.0448],"evs":[0.0,-4.60623]},"73o":{"weight":0.0,"played":[0.6958,0.3042],"evs":[0.0,-4.24947]},"83o":{"weight":0.0,"played":[0.8684,0.1316],"evs":[0.0,-7.6112]},"93o":{"weight":0.0,"played":[0.8416,0.1584],"evs":[0.0,-3.12141]},"T3o":{"weight":0.0,"played":[0.9801,0.0199],"evs":[0.0,-3.56311]},"J3o":{"weight":0.0,"played":[0.7993,0.2007],"evs":[0.0,-3.44423]},"Q3o":{"weight":0.0,"played":[0.9983,0.0017],"evs":[0.0,-3.70642]},"K3o":{"weight":0.0,"played":[0.24,0.76],"evs":[0.0,1.28286]},"A3o":{"weight":0.0,"played":[0.3189,0.6811],"evs":[0.0,-1.70919]},"42s":{"weight":0.0,"played":[0.9941,0.0059],"evs":[0.0,-6.79443]},"43s":{"weight":0.0,"played":[0.4654,0.5346],"evs":[0.0,1.88796]},"44":{"weight":0.0,"played":[0.0019,0.9981],"evs":[0.0,1.04351]},"54o":{"weight":0.0,"played":[0.473,0.527],"evs":[0.0,-1.88578]},"64o":{"weight":0.0,"played":[0.7894,0.2106],"evs":[0.0,-2.4744]},"74o":{"weight":0.0,"played":[0.2761,0.7239],"evs":[0.0,6.27142]},"84o":{"weight":0.0,"played":[0.0039,0.9961],"evs":[0.0,4.82344]},"94o":{"weight":0.0,"played":[0.1855,0.8145],"evs":[0.0,1.30059]},"T4o":{"weight":0.0,"played":[0.9476,0.0524],"evs":[0.0,-6.37563]},"J4o":{"weight":0.0,"played":[0.9966,0.0034],"evs":[0.0,-6.31559]},"Q4o":{"weight":0.0,"played":[0.8012,0.1988],"evs":[0.0,-1.48943]},"K4o":{"weight":0.0,"played":[0.397,0.603],"evs":[0.0,-2.73259]},"A4o":{"weight":0.0,"played":[0.3502,0.6498],"evs":[0.0,1.53877]},"52s":{"weight":0.0,"played":[0.4898,0.5102],"evs":[0.0,0.23469]},"53s":{"weight":0.0,"played":[0.9912,0.0088],"evs":[0.0,-3.63751]},"54s":{"weight":0.0,"played":[0.5839,0.4161],"evs":[0.0,-7.47981]},"55":{"weight":0.0066,"played":[0.0062,0.9938],"evs":[0.0,7.84386]},"65o":{"weight":1.0E-4,"played":[0.0053,0.9947],"evs":[0.0,1.5426]},"75o":{"weight":0.0,"played":[0.4748,0.5252],"evs":[0.0,1.26761]},"85o":{"weight":0.0,"played":[0.9652,0.0348],"evs":[0.0,-2.44192]},"95o":{"weight":0.0,"played":[0.655,0.345],"evs":[0.0,0.27715]},"T5o":{"weight":0.0,"played":[0.954,0.046],"evs":[0.0,-0.44916]},"J5o":{"weight":0.0,"played":[0.9928,0.0072],"evs":[0.0,-2.14481]},"Q5o":{"weight":0.0,"played":[0.5599,0.4401],"evs":[0.0,2.71472]},"K5o":{"weight":0.0,"played":[0.8579,0.1421],"evs":[0.0,-3.22293]},"A5o":{"weight":0.0,"played":[0.5002,0.4998],"evs":[0.0,0.92701]},"62s":{"weight":0.0,"played":[0.7221,0.2779],"evs":[0.0,1.44871]},"63s":{"weight":0.0,"played":[0.4033,0.5967],"evs":[0.0,6.10263]},"64s":{"weight":0.0,"played":[0.3791,0.6209],"evs":[0.0,7.7956]},"65s":{"weight":0.0,"played":[0.3297,0.6703],"evs":[0.0,6.66326]},"66":{"weight":0.2279,"played":[3.0E-4,0.9997],"evs":[0.0,9.67522]},"76o":{"weight":0.0,"played":[0.1719,0.8281],"evs":[0.0,3.43497]},"86o":{"weight":0.0,"played":[0.6461,0.3539],"evs":[0.0,4.73354]},"96o":{"weight":0.0,"played":[0.8056,0.1944],"evs":[0.0,-1.49105]},"T6o":{"weight":0.0,"played":[0.9433,0.0567],"evs":[0.0,-6.09316]},"J6o":{"weight":0.0,"played":[0.9926,0.0074],"evs":[0.0,-4.21747]},"Q6o":{"weight":0.0,"played":[0.4948,0.5052],"evs":[0.0,1.05741]},"K6o":{"weight":0.0,"played":[0.2035,0.7965],"evs":[0.0,-0.19558]},"A6o":{"weight":0.0,"played":[0.5017,0.4983],"evs":[0.0,-0.58247]},"72s":{"weight":0.0,"played":[0.4581,0.5419],"evs":[0.0,-2.76758]},"73s":{"weight":0.0,"played":[0.2779,0.7221],"evs":[0.0,2.51448]},"74s":{"weight":0.0,"played":[0.4542,0.5458],"evs":[0.0,0.60065]},"75s":{"weight":0.0,"played":[0.3761,0.6239],"evs":[0.0,-0.32539]},"76s":{"weight":0.0,"played":[0.9363,0.0637],"evs":[0.0,-7.64399]},"77":{"weight":0.023,"played":[0.0171,0.9829],"evs":[0.0,7.46737]},"87o":{"weight":0.0,"played":[0.059,0.941],"evs":[0.0,0.2122]},"97o":{"weight":0.0,"played":[0.2225,0.7775],"evs":[0.0,4.26273]},"T7o":{"weight":0.0,"played":[0.9247,0.0753],"evs":[0.0,-0.97941]},"J7o":{"weight":0.0,"played":[0.7745,0.2255],"evs":[0.0,-0.97669]},"Q7o":{"weight":0.0,"played":[0.4626,0.5374],"evs":[0.0,-4.61969]},"K7o":{"weight":0.0,"played":[0.871,0.129],"evs":[0.0,-1.65451]},"A7o":{"weight":1.0E-4,"played":[0.0097,0.9903],"evs":[0.0,9.04737]},"82s":{"weight":1.0E-4,"played":[0.4111,0.5889],"evs":[0.0,-2.16632]},"83s":{"weight":0.0,"played":[0.9257,0.0743],"evs":[0.0,-4.48864]},"84s":{"weight":0.0,"played":[0.9864,0.0136],"evs":[0.0,-9.4746]},"85s":{"weight":0.0,"played":[0.4638,0.5362],"evs":[0.0,-1.1505]},"86s":{"weight":0.0164,"played":[0.0714,0.9286],"evs":[0.0,4.49975]},"87s":{"weight":8.0E-4,"played":[0.0079,0.9921],"evs":[0.0,11.62828]},"88":{"weight":0.7244,"played":[0.0601,0.9399],"evs":[0.0,9.53029]},"98o":{"weight":0.0,"played":[0.9464,0.0536],"evs":[0.0,-1.69748]},"T8o":{"weight":0.0,"played":[0.3643,0.6357],"evs":[0.0,-2.43311]},"J8o":{"weight":0.0,"played":[0.3249,0.6751],"evs":[0.0,1.69218]},"Q8o":{"weight":0.0,"played":[0.3011,0.6989],"evs":[0.0,6.11963]},"K8o":{"weight":0.0,"played":[0.1727,0.8273],"evs":[0.0,1.33205]},"A8o":{"weight":0.1784,"played":[0.012,0.988],"evs":[0.0,8.4454]},"92s":{"weight":0.0,"played":[0.1656,0.8344],"evs":[0.0,2.80746]},"93s":{"weight":0.0,"played":[0.7683,0.2317],"evs":[0.0,-3.02961]},"94s":{"weight":1.0E-4,"played":[0.6787,0.3213],"evs":[0.0,-1.48483]},"95s":{"weight":0.0,"played":[0.2416,0.7584],"evs":[0.0,9.61366]},"96s":{"weight":0.0,"played":[0.7288,0.2712],"evs":[0.0,-6.78468]},"97s":{"weight":5.0E-4,"played":[0.7883,0.2117],"evs":[0.0,-0.87596]},"98s":{"weight":0.0011,"played":[0.2198,0.7802],"evs":[0.0,3.93064]},"99":{"weight":0.5926,"played":[0.0065,0.9935],"evs":[0.0,12.64945]},"T9o":{"weight":0.0,"played":[0.5043,0.4957],"evs":[0.0,-1.09789]},"J9o":{"weight":0.0,"played":[0.1934,0.8066],"evs":[0.0,2.18974]},"Q9o":{"weight":0.0,"played":[0.5978,0.4022],"evs":[0.0,3.34605]},"K9o":{"weight":0.0,"played":[0.0078,0.9922],"evs":[0.0,0.21519]},"A9o":{"weight":0.7261,"played":[0.0144,0.9856],"evs":[0.0,3.55122]},"T2s":{"weight":0.0,"played":[0.7898,0.2102],"evs":[0.0,-4.19948]},"T3s":{"weight":0.0013,"played":[0.0791,0.9209],"evs":[0.0,1.41556]},"T4s":{"weight":1.0E-4,"played":[0.4948,0.5052],"evs":[0.0,-3.95145]},"T5s":{"weight":1.0E-4,"played":[0.6587,0.3413],"evs":[0.0,4.23336]},"T6s":{"weight":2.0E-4,"played":[0.8495,0.1505],"evs":[0.0,-3.22273]},"T7s":{"weight":0.0,"played":[0.5265,0.4735],"evs":[0.0,-1.9823]},"T8s":{"weight":1.0E-4,"played":[0.2918,0.7082],"evs":[0.0,7.1578]},"T9s":{"weight":0.002,"played":[0.006,0.994],"evs":[0.0,3.70283]},"TT":{"weight":0.0782,"played":[0.0202,0.9798],"evs":[0.0,10.20838]},"JTo":{"weight":0.0,"played":[0.2158,0.7842],"evs":[0.0,2.42821]},"QTo":{"weight":1.0E-4,"played":[0.0704,0.9296],"evs":[0.0,-0.94845]},"KTo":{"weight":0.1483,"played":[0.0021,0.9979],"evs":[0.0,0.75405]},"ATo":{"weight":0.0315,"played":[0.0081,0.9919],"evs":[0.0,14.20691]},"J2s":{"weight":0.0,"played":[0.0306,0.9694],"evs":[0.0,5.4901]},"J3s":{"weight":0.0,"played":[0.1204,0.8796],"evs":[0.0,3.22467]},"J4s":{"weight":0.0,"played":[0.9808,0.0192],"evs":[0.0,-0.60779]},"J5s":{"weight":0.0,"played":[0.9646,0.0354],"evs":[0.0,-8.3203]},"J6s":{"weight":0.0,"played":[0.8817,0.1183],"evs":[0.0,-4.94208]},"J7s":{"weight":0.0,"played":[0.1987,0.8013],"evs":[0.0,3.28018]},"J8s":{"weight":0.0,"played":[0.9305,0.0695],"evs":[0.0,-6.36199]},"J9s":{"weight":0.0,"played":[0.5683,0.4317],"evs":[0.0,9.22417]},"JTs":{"weight":0.0625,"played":[0.0117,0.9883],"evs":[0.0,7.79776]},"JJ":{"weight":0.0717,"played":[0.0,1.0],"evs":[0.0,6.94969]},"QJo":{"weight":2.0E-4,"played":[0.0547,0.9453],"evs":[0.0,5.81403]},"KJo":{"weight":1.0E-4,"played":[0.0572,0.9428],"evs":[0.0,3.38838]},"AJo":{"weight":1.0E-4,"played":[0.0232,0.9768],"evs":[0.0,10.25039]},"Q2s":{"weight":1.0E-4,"played":[0.2992,0.7008],"evs":[0.0,0.56756]},"Q3s":{"weight":0.0,"played":[0.536,0.464],"evs":[0.0,9.63626]},"Q4s":{"weight":0.0016,"played":[0.1775,0.8225],"evs":[0.0,4.577]},"Q5s":{"weight":0.0,"played":[0.2107,0.7893],"evs":[0.0,1.97822]},"Q6s":{"weight":0.0,"played":[0.0803,0.9197],"evs":[0.0,-0.07203]},"Q7s":{"weight":1.0E-4,"played":[0.6832,0.3168],"evs":[0.0,-3.14417]},"Q8s":{"weight":0.0,"played":[0.6227,0.3773],"evs":[0.0,-1.29451]},"Q9s":{"weight":0.0016,"played":[0.6846,0.3154],"evs":[0.0,-5.2889]},"QTs":{"weight":0.2556,"played":[0.3435,0.6565],"evs":[0.0,4.4494]},"QJs":{"weight":0.6375,"played":[0.0012,0.9988],"evs":[0.0,10.62491]},"QQ":{"weight":0.1156,"played":[0.0061,0.9939],"evs":[0.0,17.03265]},"KQo":{"weight":0.4543,"played":[0.0064,0.9936],"evs":[0.0,6.08889]},"AQo":{"weight":0.2103,"played":[0.027,0.973],"evs":[0.0,8.21014]},"K2s":{"weight":0.0,"played":[0.7144,0.2856],"evs":[0.0,-1.13656]},"K3s":{"weight":6.0E-4,"played":[0.0184,0.9816],"evs":[0.0,0.64513]},"K4s":{"weight":2.0E-4,"played":[0.0547,0.9453],"evs":[0.0,7.65389]},"K5s":{"weight":0.0,"played":[0.734,0.266],"evs":[0.0,-0.62699]},"K6s":{"weight":0.5058,"played":[0.0731,0.9269],"evs":[0.0,14.07789]},"K7s":{"weight":0.0472,"played":[0.0044,0.9956],"evs":[0.0,4.89318]},"K8s":{"weight":0.0,"played":[0.0305,0.9695],"evs":[0.0,0.46134]},"K9s":{"weight":0.0,"played":[0.5645,0.4355],"evs":[0.0,-2.69461]},"KTs":{"weight":0.0024,"played":[0.028,0.972],"evs":[0.0,7.9203]},"KJs":{"weight":0.3867,"played":[0.0184,0.9816],"evs":[0.0,7.33805]},"KQs":{"weight":0.0,"played":[0.0495,0.9505],"evs":[0.0,0.44549]},"KK":{"weight":0.6824,"played":[1.0E-4,0.9999],"evs":[0.0,21.84773]},"AKo":{"weight":0.2949,"played":[4.0E-4,0.9996],"evs":[0.0,7.17405]},"A2s":{"weight":0.005,"played":[0.1191,0.8809],"evs":[0.0,11.70929]},"A3s":{"weight":0.016,"played":[0.2586,0.7414],"evs":[0.0,5.81409]},"A4s":{"weight":0.108,"played":[0.0191,0.9809],"evs":[0.0,6.48098]},"A5s":{"weight":5.0E-4,"played":[0.4727,0.5273],"evs":[0.0,5.56306]},"A6s":{"weight":0.0203,"played":[0.0077,0.9923],"evs":[0.0,3.90099]},"A7s":{"weight":0.1098,"played":[0.2748,0.7252],"evs":[0.0,17.01029]},"A8s":{"weight":0.9451,"played":[0.0072,0.9928],"evs":[0.0,16.57788]},"A9s":{"weight":0.0151,"played":[0.0027,0.9973],"evs":[0.0,4.20869]},"ATs":{"weight":0.7558,"played":[0.0083,0.9917],"evs":[0.0,13.34352]},"AJs":{"weight":0.0589,"played":[0.1088,0.8912],"evs":[0.0,19.2735]},"AQs":{"weight":0.5761,"played":[0.0091,0.9909],"evs":[0.0,16.11928]},"AKs":{"weight":0.7575,"played":[0.0249,0.9751],"evs":[0.0,28.0691]},"AA":{"weight":0.2988,"played":[0.0,1.0],"evs":[0.0,39.72481]}}}