{"player":2,"street":0,"children":3,"sequence":[{"player":0,"type":"F","amount":0,"street":0},{"player":1,"type":"F","amount":0,"street":0},{"player":2,"type":"R","amount":200000,"street":0},{"player":3,"type":"F","amount":0,"street":0},{"player":4,"type":"C","amount":150000,"street":0},{"player":5,"type":"R","amount":895000,"street":0}],"actions":[{"type":"F","amount":0,"node":36},{"type":"C","amount":695000,"node":37},{"type":"R","amount":1265000,"node":39}],"hands":{"22":{"weight":0.055,"played":[0.0,0.0242,0.9758],"evs":[0.0,0.47662,0.48483]},"32o":{"weight":0.0,"played":[1.0,0.0,0.0],"evs":[0.0,-2.01531,-2.10433]},"42o":{"weight":0.0,"played":[1.0,0.0,0.0],"evs":[0.0,-1.89811,-1.96852]},"52o":{"weight":0.0,"played":[1.0,0.0,0.0],"evs":[0.0,-1.77767,-1.85452]},"62o":{"weight":0.0,"played":[1.0,0.0,0.0],"evs":[0.0,-2.06484,-2.14114]},"72o":{"weight":0.0,"played":[1.0,0.0,0.0],"evs":[0.0,-2.24355,-2.32106]},"82o":{"weight":0.0,"played":[1.0,0.0,0.0],"evs":[0.0,-2.16863,-2.2183]},"92o":{"weight":0.0,"played":[1.0,0.0,0.0],"evs":[0.0,-1.93851,-1.94507]},"T2o":{"weight":0.0,"played":[1.0,0.0,0.0],"evs":[0.0,-1.59489,-1.57849]},"J2o":{"weight":0.0,"played":[1.0,0.0,0.0],"evs":[0.0,-1.46599,-1.45826]},"Q2o":{"weight":0.0,"played":[1.0,0.0,0.0],"evs":[0.0,-1.41081,-1.40412]},"K2o":{"weight":0.0,"played":[1.0,0.0,0.0],"evs":[0.0,-1.12741,-1.11404]},"A2o":{"weight":0.1307,"played":[0.8249,0.0044,0.1707],"evs":[0.0,-0.12186,-0.10957]},"32s":{"weight":0.0,"played":[1.0,0.0,0.0],"evs":[0.0,-0.99993,-1.05962]},"33":{"weight":0.0,"played":[0.0,0.0742,0.9258],"evs":[0.0,0.8292,0.83212]},"43o":{"weight":0.0,"played":[1.0,0.0,0.0],"evs":[0.0,-1.51461,-1.57534]},"53o":{"weight":0.0,"played":[1.0,0.0,0.0],"evs":[0.0,-1.37596,-1.43392]},"63o":{"weight":0.0,"played":[1.0,0.0,0.0],"evs":[0.0,-1.67446,-1.72902]},"73o":{"weight":0.0,"played":[1.0,0.0,0.0],"evs":[0.0,-1.78736,-1.84017]},"83o":{"weight":0.0,"played":[1.0,0.0,0.0],"evs":[0.0,-2.13779,-2.18588]},"93o":{"weight":0.0,"played":[1.0,0.0,0.0],"evs":[0.0,-1.74598,-1.75579]},"T3o":{"weight":0.0,"played":[1.0,0.0,0.0],"evs":[0.0,-1.40398,-1.38919]},"J3o":{"weight":0.0,"played":[1.0,0.0,0.0],"evs":[0.0,-1.36218,-1.34745]},"Q3o":{"weight":0.0,"played":[1.0,0.0,0.0],"evs":[0.0,-1.29187,-1.27947]},"K3o":{"weight":0.0,"played":[0.9999,1.0E-4,0.0],"evs":[0.0,-0.97554,-0.96226]},"A3o":{"weight":0.2057,"played":[0.0,0.005,0.995],"evs":[0.0,0.13569,0.14814]},"42s":{"weight":0.0,"played":[1.0,0.0,0.0],"evs":[0.0,-1.04908,-1.10031]},"43s":{"weight":0.0,"played":[0.9996,1.0E-4,3.0E-4],"evs":[0.0,-0.59841,-0.63339]},"44":{"weight":0.0,"played":[0.0,0.1204,0.8796],"evs":[0.0,1.21087,1.21544]},"54o":{"weight":0.0,"played":[1.0,0.0,0.0],"evs":[0.0,-1.07721,-1.12354]},"64o":{"weight":0.0,"played":[1.0,0.0,0.0],"evs":[0.0,-1.30911,-1.3592]},"74o":{"weight":0.0,"played":[1.0,0.0,0.0],"evs":[0.0,-1.4962,-1.53255]},"84o":{"weight":0.0,"played":[1.0,0.0,0.0],"evs":[0.0,-1.74017,-1.7772]},"94o":{"weight":0.0,"played":[1.0,0.0,0.0],"evs":[0.0,-1.70747,-1.71458]},"T4o":{"weight":0.0,"played":[1.0,0.0,0.0],"evs":[0.0,-1.33093,-1.31699]},"J4o":{"weight":0.0,"played":[1.0,0.0,0.0],"evs":[0.0,-1.22502,-1.21354]},"Q4o":{"weight":0.0,"played":[1.0,0.0,0.0],"evs":[0.0,-1.09247,-1.07941]},"K4o":{"weight":0.0,"played":[1.0,0.0,0.0],"evs":[0.0,-0.82851,-0.81239]},"A4o":{"weight":0.0,"played":[0.0,0.0024,0.9976],"evs":[0.0,0.24533,0.25536]},"52s":{"weight":0.0,"played":[0.9999,1.0E-4,1.0E-4],"evs":[0.0,-0.85209,-0.89621]},"53s":{"weight":0.0,"played":[0.9994,3.0E-4,4.0E-4],"evs":[0.0,-0.61444,-0.65115]},"54s":{"weight":0.0,"played":[0.9985,0.0011,4.0E-4],"evs":[0.0,-0.24682,-0.28042]},"55":{"weight":0.0,"played":[0.0,0.0,1.0],"evs":[0.0,1.55584,1.56517]},"65o":{"weight":0.0,"played":[1.0,0.0,0.0],"evs":[0.0,-0.9837,-1.02507]},"75o":{"weight":0.0,"played":[1.0,0.0,0.0],"evs":[0.0,-1.12688,-1.16555]},"85o":{"weight":0.0,"played":[1.0,0.0,0.0],"evs":[0.0,-1.31485,-1.34429]},"95o":{"weight":0.0,"played":[1.0,0.0,0.0],"evs":[0.0,-1.29589,-1.30074]},"T5o":{"weight":0.0,"played":[1.0,0.0,0.0],"evs":[0.0,-1.30209,-1.28764]},"J5o":{"weight":0.0,"played":[1.0,0.0,0.0],"evs":[0.0,-1.08919,-1.07215]},"Q5o":{"weight":0.0,"played":[1.0,0.0,0.0],"evs":[0.0,-0.96174,-0.94756]},"K5o":{"weight":0.0,"played":[1.0,0.0,0.0],"evs":[0.0,-0.59492,-0.57378]},"A5o":{"weight":0.0,"played":[0.0,0.002,0.998],"evs":[0.0,0.4633,0.48161]},"62s":{"weight":0.0,"played":[1.0,0.0,0.0],"evs":[0.0,-1.16141,-1.21458]},"63s":{"weight":0.0,"played":[0.9999,1.0E-4,0.0],"evs":[0.0,-0.74555,-0.78198]},"64s":{"weight":0.0,"played":[0.999,5.0E-4,6.0E-4],"evs":[0.0,-0.45651,-0.49718]},"65s":{"weight":0.0,"played":[0.9333,0.0646,0.002],"evs":[0.0,-0.10135,-0.12966]},"66":{"weight":0.0,"played":[0.0,0.002,0.998],"evs":[0.0,2.075,2.0908]},"76o":{"weight":0.0,"played":[1.0,0.0,0.0],"evs":[0.0,-0.80964,-0.84238]},"86o":{"weight":0.0,"played":[1.0,0.0,0.0],"evs":[0.0,-0.99486,-1.01815]},"96o":{"weight":0.0,"played":[1.0,0.0,0.0],"evs":[0.0,-0.9393,-0.93933]},"T6o":{"weight":0.0,"played":[1.0,0.0,0.0],"evs":[0.0,-0.91478,-0.89977]},"J6o":{"weight":0.0,"played":[1.0,0.0,0.0],"evs":[0.0,-1.05283,-1.03609]},"Q6o":{"weight":0.0,"played":[1.0,0.0,0.0],"evs":[0.0,-0.86012,-0.84291]},"K6o":{"weight":0.0,"played":[0.9852,4.0E-4,0.0145],"evs":[0.0,-0.53451,-0.51485]},"A6o":{"weight":6.0E-4,"played":[0.0,0.0046,0.9954],"evs":[0.0,0.33946,0.3579]},"72s":{"weight":0.0,"played":[1.0,0.0,0.0],"evs":[0.0,-1.30432,-1.35145]},"73s":{"weight":0.0,"played":[0.9999,0.0,0.0],"evs":[0.0,-0.90939,-0.9406]},"74s":{"weight":0.0,"played":[1.0,0.0,0.0],"evs":[0.0,-0.56708,-0.59456]},"75s":{"weight":0.0,"played":[0.9971,0.0025,4.0E-4],"evs":[0.0,-0.16415,-0.19733]},"76s":{"weight":0.0,"played":[0.7149,0.2806,0.0045],"evs":[0.0,0.00999,-0.01444]},"77":{"weight":0.0,"played":[0.0,8.0E-4,0.9992],"evs":[0.0,2.43935,2.46085]},"87o":{"weight":0.0,"played":[0.9992,4.0E-4,4.0E-4],"evs":[0.0,-0.65955,-0.67199]},"97o":{"weight":0.0,"played":[1.0,0.0,0.0],"evs":[0.0,-0.61378,-0.60647]},"T7o":{"weight":0.0,"played":[1.0,0.0,0.0],"evs":[0.0,-0.5907,-0.57445]},"J7o":{"weight":0.0,"played":[0.9999,0.0,1.0E-4],"evs":[0.0,-0.70749,-0.68889]},"Q7o":{"weight":0.0,"played":[0.9999,1.0E-4,0.0],"evs":[0.0,-0.86348,-0.84581]},"K7o":{"weight":0.0,"played":[0.9902,5.0E-4,0.0093],"evs":[0.0,-0.34474,-0.32103]},"A7o":{"weight":0.0263,"played":[0.0,0.0044,0.9956],"evs":[0.0,0.56633,0.58157]},"82s":{"weight":0.0,"played":[1.0,0.0,0.0],"evs":[0.0,-1.18754,-1.23079]},"83s":{"weight":0.0,"played":[1.0,0.0,0.0],"evs":[0.0,-1.07521,-1.11429]},"84s":{"weight":0.0,"played":[0.9998,0.0,2.0E-4],"evs":[0.0,-0.78962,-0.81827]},"85s":{"weight":0.0,"played":[0.9885,0.006,0.0055],"evs":[0.0,-0.39488,-0.41349]},"86s":{"weight":0.0,"played":[0.8405,0.1213,0.0382],"evs":[0.0,-0.01318,-0.02615]},"87s":{"weight":0.0,"played":[0.0,0.978,0.022],"evs":[0.0,0.13024,0.12167]},"88":{"weight":0.0,"played":[0.0,0.001,0.999],"evs":[0.0,3.07989,3.10288]},"98o":{"weight":0.0,"played":[0.9999,0.0,0.0],"evs":[0.0,-0.38066,-0.36682]},"T8o":{"weight":0.0,"played":[0.9681,0.0102,0.0217],"evs":[0.0,-0.32626,-0.30971]},"J8o":{"weight":0.0,"played":[0.9716,0.0093,0.0192],"evs":[0.0,-0.41323,-0.39161]},"Q8o":{"weight":0.0,"played":[0.9847,0.0,0.0152],"evs":[0.0,-0.49706,-0.48001]},"K8o":{"weight":0.0,"played":[0.9743,0.0016,0.0241],"evs":[0.0,-0.27405,-0.25416]},"A8o":{"weight":0.0,"played":[0.0,4.0E-4,0.9996],"evs":[0.0,0.88125,0.89779]},"92s":{"weight":0.0,"played":[0.9999,0.0,0.0],"evs":[0.0,-0.92048,-0.93445]},"93s":{"weight":0.0,"played":[1.0,0.0,0.0],"evs":[0.0,-0.83236,-0.84476]},"94s":{"weight":0.0,"played":[1.0,0.0,0.0],"evs":[0.0,-0.73045,-0.72718]},"95s":{"weight":0.0,"played":[0.998,0.0016,5.0E-4],"evs":[0.0,-0.35508,-0.34694]},"96s":{"weight":0.0,"played":[0.7117,0.1332,0.1552],"evs":[0.0,0.03994,0.04431]},"97s":{"weight":0.0,"played":[1.0E-4,0.1557,0.8442],"evs":[0.0,0.29929,0.30348]},"98s":{"weight":0.0372,"played":[0.0,0.1183,0.8817],"evs":[0.0,0.55971,0.57304]},"99":{"weight":0.0021,"played":[0.0,2.0E-4,0.9998],"evs":[0.0,3.96742,3.99328]},"T9o":{"weight":0.0,"played":[6.0E-4,0.0459,0.9535],"evs":[0.0,0.19397,0.21333]},"J9o":{"weight":0.0,"played":[0.0,0.0015,0.9985],"evs":[0.0,0.17853,0.1973]},"Q9o":{"weight":0.0,"played":[0.3164,1.0E-4,0.6835],"evs":[0.0,-0.02944,-0.01148]},"K9o":{"weight":0.0,"played":[0.0,5.0E-4,0.9995],"evs":[0.0,0.21797,0.2408]},"A9o":{"weight":8.0E-4,"played":[0.0,0.0069,0.9931],"evs":[0.0,1.45402,1.47097]},"T2s":{"weight":0.0,"played":[0.9998,1.0E-4,1.0E-4],"evs":[0.0,-0.60004,-0.58702]},"T3s":{"weight":0.0,"played":[0.9998,0.0,2.0E-4],"evs":[0.0,-0.47847,-0.45583]},"T4s":{"weight":0.0,"played":[0.9999,1.0E-4,1.0E-4],"evs":[0.0,-0.44772,-0.43108]},"T5s":{"weight":0.0,"played":[1.0,0.0,0.0],"evs":[0.0,-0.37229,-0.36102]},"T6s":{"weight":0.0,"played":[0.317,0.1253,0.5577],"evs":[0.0,-0.00996,0.00852]},"T7s":{"weight":0.0,"played":[5.0E-4,0.0303,0.9692],"evs":[0.0,0.27275,0.29435]},"T8s":{"weight":0.2203,"played":[0.0,0.0014,0.9985],"evs":[0.0,0.58309,0.60417]},"T9s":{"weight":0.1596,"played":[0.0,0.001,0.999],"evs":[0.0,1.11611,1.13644]},"TT":{"weight":0.0158,"played":[0.0,0.0,1.0],"evs":[0.0,4.77426,4.80241]},"JTo":{"weight":0.0892,"played":[0.0,2.0E-4,0.9998],"evs":[0.0,0.70825,0.729]},"QTo":{"weight":0.2266,"played":[0.0,1.0E-4,0.9999],"evs":[0.0,0.4833,0.50283]},"KTo":{"weight":0.0,"played":[0.0,5.0E-4,0.9995],"evs":[0.0,0.89365,0.91979]},"ATo":{"weight":0.0,"played":[0.0,0.0028,0.9972],"evs":[0.0,2.31022,2.32649]},"J2s":{"weight":0.0,"played":[0.9978,0.0011,0.0011],"evs":[0.0,-0.45962,-0.44578]},"J3s":{"weight":0.0,"played":[0.9995,2.0E-4,3.0E-4],"evs":[0.0,-0.28177,-0.27339]},"J4s":{"weight":0.0,"played":[0.9998,1.0E-4,1.0E-4],"evs":[0.0,-0.28066,-0.26878]},"J5s":{"weight":0.0,"played":[0.9774,0.0104,0.0122],"evs":[0.0,-0.14362,-0.12849]},"J6s":{"weight":0.0,"played":[0.7651,0.0471,0.1878],"evs":[0.0,-0.0834,-0.07116]},"J7s":{"weight":0.0,"played":[6.0E-4,0.0249,0.9745],"evs":[0.0,0.17004,0.19005]},"J8s":{"weight":0.0,"played":[0.0,0.0,1.0],"evs":[0.0,0.53696,0.5603]},"J9s":{"weight":0.2405,"played":[0.0,0.0,1.0],"evs":[0.0,1.04637,1.06626]},"JTs":{"weight":0.3233,"played":[0.0,9.0E-4,0.9991],"evs":[0.0,1.6029,1.62485]},"JJ":{"weight":0.0,"played":[0.0,3.0E-4,0.9997],"evs":[0.0,5.59393,5.62244]},"QJo":{"weight":0.0,"played":[0.0,0.0,1.0],"evs":[0.0,0.74727,0.76681]},"KJo":{"weight":0.0,"played":[0.0,4.0E-4,0.9996],"evs":[0.0,1.28552,1.30622]},"AJo":{"weight":0.0,"played":[0.0,0.0102,0.9898],"evs":[0.0,3.04757,3.06227]},"Q2s":{"weight":0.0,"played":[0.9878,0.0046,0.0075],"evs":[0.0,-0.33279,-0.32139]},"Q3s":{"weight":0.0,"played":[0.932,0.0124,0.0556],"evs":[0.0,-0.27592,-0.25698]},"Q4s":{"weight":0.0,"played":[0.918,0.0355,0.0465],"evs":[0.0,-0.18057,-0.16239]},"Q5s":{"weight":0.0,"played":[0.0283,0.0785,0.8931],"evs":[0.0,0.09358,0.11562]},"Q6s":{"weight":0.0,"played":[0.0,9.0E-4,0.999],"evs":[0.0,0.09143,0.11144]},"Q7s":{"weight":0.0,"played":[0.0,0.0,1.0],"evs":[0.0,0.07557,0.09413]},"Q8s":{"weight":0.0,"played":[0.0,0.001,0.999],"evs":[0.0,0.34,0.36807]},"Q9s":{"weight":0.0,"played":[0.0,1.0E-4,0.9999],"evs":[0.0,0.90631,0.93323]},"QTs":{"weight":0.0,"played":[0.0,2.0E-4,0.9998],"evs":[0.0,1.38648,1.41183]},"QJs":{"weight":0.1604,"played":[0.0,0.0,1.0],"evs":[0.0,1.71622,1.73718]},"QQ":{"weight":0.0,"played":[0.0,7.0E-4,0.9993],"evs":[0.0,6.7098,6.73483]},"KQo":{"weight":0.0,"played":[0.0,9.0E-4,0.9991],"evs":[0.0,1.67315,1.69659]},"AQo":{"weight":0.0,"played":[0.0,0.0074,0.9926],"evs":[0.0,3.69451,3.70757]},"K2s":{"weight":0.0,"played":[0.4897,0.032,0.4784],"evs":[0.0,-0.09029,-0.07128]},"K3s":{"weight":0.0,"played":[0.3728,0.0896,0.5376],"evs":[0.0,0.04897,0.06932]},"K4s":{"weight":0.0,"played":[0.0,0.0036,0.9964],"evs":[0.0,0.27688,0.2981]},"K5s":{"weight":0.0,"played":[0.0,0.0035,0.9965],"evs":[0.0,0.40442,0.42832]},"K6s":{"weight":0.0,"played":[0.0,0.0014,0.9986],"evs":[0.0,0.4378,0.45945]},"K7s":{"weight":0.0233,"played":[0.0,0.0023,0.9977],"evs":[0.0,0.65944,0.6811]},"K8s":{"weight":0.5167,"played":[0.0,0.0,1.0],"evs":[0.0,0.68185,0.70536]},"K9s":{"weight":4.0E-4,"played":[0.0,6.0E-4,0.9994],"evs":[0.0,1.14574,1.17076]},"KTs":{"weight":0.0454,"played":[0.0,1.0E-4,0.9999],"evs":[0.0,1.7896,1.81489]},"KJs":{"weight":1.0E-4,"played":[0.0,0.0,1.0],"evs":[0.0,2.09392,2.11772]},"KQs":{"weight":0.0,"played":[0.0,0.0,1.0],"evs":[0.0,2.53992,2.56799]},"KK":{"weight":0.0027,"played":[0.0,0.0025,0.9975],"evs":[0.0,8.32067,8.35572]},"AKo":{"weight":0.0,"played":[0.0,0.001,0.999],"evs":[0.0,4.66924,4.68697]},"A2s":{"weight":0.0,"played":[0.0,0.0036,0.9964],"evs":[0.0,0.92708,0.93394]},"A3s":{"weight":0.0,"played":[0.0,0.0119,0.9881],"evs":[0.0,1.1274,1.13795]},"A4s":{"weight":0.0,"played":[0.0,0.0036,0.9964],"evs":[0.0,1.32875,1.34753]},"A5s":{"weight":0.0,"played":[0.0,0.0043,0.9957],"evs":[0.0,1.41861,1.43533]},"A6s":{"weight":0.0,"played":[0.0,0.0,1.0],"evs":[0.0,1.40845,1.42619]},"A7s":{"weight":0.0,"played":[0.0,0.0,1.0],"evs":[0.0,1.55928,1.57843]},"A8s":{"weight":0.0,"played":[0.0,0.0017,0.9983],"evs":[0.0,1.79257,1.80872]},"A9s":{"weight":0.0,"played":[0.0,0.0,1.0],"evs":[0.0,2.39294,2.40985]},"ATs":{"weight":0.0,"played":[0.0,0.002,0.998],"evs":[0.0,3.14022,3.15981]},"AJs":{"weight":0.0,"played":[0.0,0.0022,0.9978],"evs":[0.0,3.73577,3.74788]},"AQs":{"weight":1.0E-4,"played":[0.0,0.0023,0.9977],"evs":[0.0,4.51713,4.53198]},"AKs":{"weight":0.0712,"played":[0.0,0.0302,0.9698],"evs":[0.0,5.28713,5.30377]},"AA":{"weight":0.86,"played":[0.0,2.0E-4,0.9998],"evs":[0.0,11.63621,11.66155]}}}