{"player":3,"street":0,"children":3,"sequence":[{"player":0,"type":"F","amount":0,"street":0},{"player":1,"type":"R","amount":200000,"street":0},{"player":2,"type":"C","amount":200000,"street":0},{"player":3,"type":"C","amount":200000,"street":0},{"player":4,"type":"R","amount":900000,"street":0},{"player":5,"type":"C","amount":795000,"street":0},{"player":1,"type":"F","amount":0,"street":0},{"player":2,"type":"R","amount":1265000,"street":0}],"actions":[{"type":"F","amount":0,"node":354},{"type":"C","amount":1065000,"node":355},{"type":"R","amount":2395000,"node":356}],"hands":{"22":{"weight":0.0,"played":[0.0918,0.1466,0.7617],"evs":[0.0,-0.48149,-0.08838]},"32o":{"weight":0.0,"played":[0.9994,5.0E-4,0.0],"evs":[0.0,-2.20111,-4.32458]},"42o":{"weight":0.0,"played":[1.0,0.0,0.0],"evs":[0.0,-2.09256,-3.71576]},"52o":{"weight":0.0,"played":[0.9945,0.0044,0.0011],"evs":[0.0,-3.0112,-4.86674]},"62o":{"weight":0.0,"played":[0.9986,6.0E-4,8.0E-4],"evs":[0.0,-3.65678,-5.82435]},"72o":{"weight":0.0,"played":[0.9999,1.0E-4,0.0],"evs":[0.0,-4.03622,-5.91295]},"82o":{"weight":0.0,"played":[0.991,0.007,0.002],"evs":[0.0,-2.16703,-3.77125]},"92o":{"weight":0.0,"played":[0.9999,1.0E-4,1.0E-4],"evs":[0.0,-4.01665,-6.43702]},"T2o":{"weight":0.0,"played":[0.9991,3.0E-4,6.0E-4],"evs":[0.0,-4.49329,-6.87712]},"J2o":{"weight":0.0,"played":[0.9981,0.0016,3.0E-4],"evs":[0.0,-3.93312,-6.27791]},"Q2o":{"weight":0.0,"played":[0.9975,0.0023,2.0E-4],"evs":[0.0,-3.0385,-5.23594]},"K2o":{"weight":0.0,"played":[0.9973,0.0014,0.0014],"evs":[0.0,-2.79573,-5.13259]},"A2o":{"weight":0.0,"played":[0.9993,4.0E-4,3.0E-4],"evs":[0.0,-1.41222,-2.81438]},"32s":{"weight":0.0,"played":[0.8316,0.1309,0.0376],"evs":[0.0,-1.13118,-2.12897]},"33":{"weight":0.5451,"played":[0.7523,0.0915,0.1562],"evs":[0.0,-0.59672,-0.11095]},"43o":{"weight":0.0,"played":[0.9646,0.0354,0.0],"evs":[0.0,-1.68562,-3.2435]},"53o":{"weight":0.0,"played":[0.9962,0.0037,0.0],"evs":[0.0,-2.18559,-3.56026]},"63o":{"weight":0.0,"played":[0.9987,7.0E-4,6.0E-4],"evs":[0.0,-1.23369,-3.22326]},"73o":{"weight":0.0,"played":[1.0,0.0,0.0],"evs":[0.0,-2.92348,-4.87074]},"83o":{"weight":0.0,"played":[0.99,0.0021,0.0079],"evs":[0.0,-3.36549,-4.94179]},"93o":{"weight":0.0,"played":[0.9974,8.0E-4,0.0017],"evs":[0.0,-2.38536,-4.5239]},"T3o":{"weight":0.0,"played":[0.9999,0.0,1.0E-4],"evs":[0.0,-3.5094,-5.56864]},"J3o":{"weight":0.0,"played":[0.9998,0.0,2.0E-4],"evs":[0.0,-3.11557,-5.0611]},"Q3o":{"weight":0.0,"played":[0.9991,6.0E-4,3.0E-4],"evs":[0.0,-3.62734,-6.21518]},"K3o":{"weight":0.0,"played":[0.9998,1.0E-4,1.0E-4],"evs":[0.0,-2.66624,-4.06547]},"A3o":{"weight":0.0,"played":[0.9989,5.0E-4,6.0E-4],"evs":[0.0,-2.72822,-3.64255]},"42s":{"weight":0.0,"played":[0.9811,0.01,0.0088],"evs":[0.0,-0.28067,-1.96699]},"43s":{"weight":0.0,"played":[0.9332,0.0444,0.0223],"evs":[0.0,-2.52146,-4.99077]},"44":{"weight":0.9514,"played":[0.0051,6.0E-4,0.9942],"evs":[0.0,0.11457,0.777]},"54o":{"weight":0.0,"played":[0.8694,0.1305,1.0E-4],"evs":[0.0,-1.7166,-3.18]},"64o":{"weight":0.0,"played":[1.0,0.0,0.0],"evs":[0.0,-1.09271,-3.47393]},"74o":{"weight":0.0,"played":[0.9971,9.0E-4,0.002],"evs":[0.0,-2.28786,-3.89873]},"84o":{"weight":0.0,"played":[0.9915,1.0E-4,0.0084],"evs":[0.0,-2.36374,-3.51409]},"94o":{"weight":0.0,"played":[1.0,0.0,0.0],"evs":[0.0,-2.44317,-4.53916]},"T4o":{"weight":0.0,"played":[0.9996,0.0,4.0E-4],"evs":[0.0,-3.16723,-4.6737]},"J4o":{"weight":0.0,"played":[0.9934,0.0048,0.0018],"evs":[0.0,-3.49671,-5.02261]},"Q4o":{"weight":0.0,"played":[0.9986,4.0E-4,0.0011],"evs":[0.0,-3.34441,-5.42561]},"K4o":{"weight":0.0,"played":[0.9997,0.0,2.0E-4],"evs":[0.0,-1.22702,-3.16165]},"A4o":{"weight":0.0,"played":[0.9992,3.0E-4,5.0E-4],"evs":[0.0,-1.52687,-1.97253]},"52s":{"weight":0.0,"played":[0.8152,0.1106,0.0743],"evs":[0.0,-1.50005,-1.84232]},"53s":{"weight":0.0,"played":[0.5936,0.3809,0.0255],"evs":[0.0,-0.25996,-1.32147]},"54s":{"weight":0.0,"played":[0.0915,0.8172,0.0914],"evs":[0.0,0.89171,-0.36337]},"55":{"weight":3.0E-4,"played":[0.3212,0.2155,0.4633],"evs":[0.0,1.3668,1.78494]},"65o":{"weight":0.0,"played":[0.9996,0.0,4.0E-4],"evs":[0.0,-0.81242,-1.56932]},"75o":{"weight":0.0,"played":[0.9886,0.0084,0.003],"evs":[0.0,-1.70595,-3.441]},"85o":{"weight":0.0,"played":[0.9889,0.0046,0.0065],"evs":[0.0,-1.63706,-2.91972]},"95o":{"weight":0.0,"played":[0.9947,0.0022,0.0031],"evs":[0.0,-3.29352,-5.06051]},"T5o":{"weight":0.0,"played":[0.9996,2.0E-4,2.0E-4],"evs":[0.0,-3.72905,-5.67355]},"J5o":{"weight":0.0,"played":[0.9998,1.0E-4,1.0E-4],"evs":[0.0,-2.45903,-4.60447]},"Q5o":{"weight":0.0,"played":[0.9797,0.0186,0.0017],"evs":[0.0,-1.90198,-3.94073]},"K5o":{"weight":0.0,"played":[0.9999,0.0,0.0],"evs":[0.0,-3.49646,-5.25105]},"A5o":{"weight":0.0,"played":[0.9989,8.0E-4,3.0E-4],"evs":[0.0,-1.50584,-2.01203]},"62s":{"weight":0.0,"played":[0.6496,0.3432,0.0073],"evs":[0.0,-0.97657,-2.20037]},"63s":{"weight":0.0,"played":[0.6609,0.3025,0.0366],"evs":[0.0,-0.61876,-2.4706]},"64s":{"weight":0.0,"played":[0.9385,0.0613,2.0E-4],"evs":[0.0,-1.04644,-2.53601]},"65s":{"weight":0.0,"played":[0.7492,0.1024,0.1484],"evs":[0.0,-0.04203,-0.07482]},"66":{"weight":0.0,"played":[0.0076,0.485,0.5074],"evs":[0.0,6.23824,6.06281]},"76o":{"weight":0.0,"played":[0.9828,0.0087,0.0085],"evs":[0.0,-1.89406,-3.41689]},"86o":{"weight":0.0,"played":[0.9911,0.0068,0.0021],"evs":[0.0,-1.67045,-3.39749]},"96o":{"weight":0.0,"played":[0.9998,2.0E-4,0.0],"evs":[0.0,-2.20427,-3.02501]},"T6o":{"weight":0.0,"played":[0.9539,0.0306,0.0155],"evs":[0.0,-1.0498,-2.38414]},"J6o":{"weight":0.0,"played":[0.9989,6.0E-4,5.0E-4],"evs":[0.0,-3.4691,-4.42778]},"Q6o":{"weight":0.0,"played":[0.9681,0.0127,0.0192],"evs":[0.0,-2.4503,-3.78737]},"K6o":{"weight":0.0,"played":[0.9913,0.0044,0.0043],"evs":[0.0,-1.54977,-2.66748]},"A6o":{"weight":0.0,"played":[0.8964,0.0969,0.0066],"evs":[0.0,-1.3295,-1.76549]},"72s":{"weight":0.0,"played":[0.9847,0.0112,0.0041],"evs":[0.0,-3.94221,-4.89912]},"73s":{"weight":0.0,"played":[0.6615,0.3306,0.0079],"evs":[0.0,0.17322,-1.55966]},"74s":{"weight":0.0,"played":[0.9907,0.0015,0.0078],"evs":[0.0,-1.89104,-3.60709]},"75s":{"weight":0.0,"played":[0.9462,0.0091,0.0448],"evs":[0.0,-1.92788,-3.00611]},"76s":{"weight":0.0959,"played":[0.2822,0.5418,0.1759],"evs":[0.0,0.49465,-0.58693]},"77":{"weight":0.0,"played":[0.0026,0.2617,0.7357],"evs":[0.0,2.7718,2.91488]},"87o":{"weight":0.0,"played":[0.9945,3.0E-4,0.0052],"evs":[0.0,-1.06298,-2.11494]},"97o":{"weight":0.0,"played":[0.9968,0.0031,1.0E-4],"evs":[0.0,-1.8269,-3.0281]},"T7o":{"weight":0.0,"played":[0.9993,1.0E-4,5.0E-4],"evs":[0.0,-2.1248,-3.39805]},"J7o":{"weight":0.0,"played":[0.9987,0.001,3.0E-4],"evs":[0.0,-2.57294,-3.96511]},"Q7o":{"weight":0.0,"played":[0.9997,3.0E-4,0.0],"evs":[0.0,-2.21879,-3.68283]},"K7o":{"weight":0.0,"played":[0.9887,0.0065,0.0047],"evs":[0.0,-2.41928,-4.03904]},"A7o":{"weight":0.0,"played":[0.9486,0.0378,0.0136],"evs":[0.0,-2.44559,-3.29027]},"82s":{"weight":0.0,"played":[0.9872,0.0126,2.0E-4],"evs":[0.0,-1.72662,-3.2524]},"83s":{"weight":0.0,"played":[0.5023,0.4178,0.08],"evs":[0.0,-0.8224,-2.29191]},"84s":{"weight":0.0,"played":[0.9352,0.0406,0.0242],"evs":[0.0,-2.58532,-3.12346]},"85s":{"weight":0.0,"played":[0.3254,0.6743,4.0E-4],"evs":[0.0,1.90356,0.04587]},"86s":{"weight":0.0,"played":[0.4052,0.3357,0.2591],"evs":[0.0,-0.2774,-0.63705]},"87s":{"weight":8.0E-4,"played":[0.166,0.5811,0.2529],"evs":[0.0,1.95298,1.3232]},"88":{"weight":0.0,"played":[2.0E-4,1.0E-4,0.9997],"evs":[0.0,3.79708,4.21593]},"98o":{"weight":0.0,"played":[0.8926,0.1029,0.0045],"evs":[0.0,-0.77522,-1.75423]},"T8o":{"weight":0.0,"played":[0.9962,0.0012,0.0026],"evs":[0.0,-2.01524,-3.52162]},"J8o":{"weight":0.0,"played":[0.9898,3.0E-4,0.0099],"evs":[0.0,-1.25313,-2.80656]},"Q8o":{"weight":0.0,"played":[0.9905,0.0012,0.0082],"evs":[0.0,-1.53456,-2.54193]},"K8o":{"weight":0.0,"played":[0.7668,0.1932,0.04],"evs":[0.0,-0.0079,-1.25865]},"A8o":{"weight":0.1863,"played":[0.3234,0.4263,0.2503],"evs":[0.0,-0.0959,-0.32871]},"92s":{"weight":0.0,"played":[0.2515,0.6742,0.0743],"evs":[0.0,-0.10765,-1.9209]},"93s":{"weight":0.0,"played":[0.0851,0.853,0.0619],"evs":[0.0,-0.29023,-1.03705]},"94s":{"weight":0.0,"played":[0.3931,0.5794,0.0276],"evs":[0.0,-0.12236,-1.80482]},"95s":{"weight":0.0,"played":[0.0391,0.8628,0.0981],"evs":[0.0,0.22302,-1.34699]},"96s":{"weight":0.0,"played":[0.7238,0.2036,0.0726],"evs":[0.0,-0.61016,-1.81702]},"97s":{"weight":0.0,"played":[0.6322,0.3644,0.0034],"evs":[0.0,0.52949,-0.78607]},"98s":{"weight":0.1684,"played":[0.2654,0.4491,0.2856],"evs":[0.0,0.97559,0.3738]},"99":{"weight":0.0,"played":[1.0E-4,0.0017,0.9983],"evs":[0.0,4.64848,5.11604]},"T9o":{"weight":0.0,"played":[0.9952,0.0043,6.0E-4],"evs":[0.0,-0.91035,-1.99737]},"J9o":{"weight":0.0,"played":[0.994,0.0014,0.0046],"evs":[0.0,-2.04485,-3.55122]},"Q9o":{"weight":0.0,"played":[0.9993,0.0,7.0E-4],"evs":[0.0,-2.47337,-3.36567]},"K9o":{"weight":0.0,"played":[0.9906,1.0E-4,0.0094],"evs":[0.0,-2.20591,-2.85181]},"A9o":{"weight":0.9216,"played":[0.4768,0.1919,0.3313],"evs":[0.0,-0.67414,-0.62304]},"T2s":{"weight":0.0,"played":[0.7236,0.1211,0.1553],"evs":[0.0,-2.2908,-3.52059]},"T3s":{"weight":0.0,"played":[0.8944,0.1055,1.0E-4],"evs":[0.0,-2.11191,-3.70874]},"T4s":{"weight":0.0,"played":[0.8687,0.0501,0.0812],"evs":[0.0,-2.69451,-2.76431]},"T5s":{"weight":0.0,"played":[0.9466,0.0364,0.017],"evs":[0.0,-1.96945,-2.50272]},"T6s":{"weight":0.0,"played":[0.974,0.017,0.009],"evs":[0.0,-1.9762,-3.02959]},"T7s":{"weight":2.0E-4,"played":[0.8549,0.1021,0.043],"evs":[0.0,-0.91238,-1.88741]},"T8s":{"weight":0.0,"played":[0.5127,0.2867,0.2006],"evs":[0.0,-0.37181,-0.75933]},"T9s":{"weight":6.0E-4,"played":[0.0253,0.7895,0.1852],"evs":[0.0,0.87088,-0.17121]},"TT":{"weight":0.0,"played":[2.0E-4,0.0086,0.9912],"evs":[0.0,6.80151,7.32898]},"JTo":{"weight":0.0,"played":[0.9764,0.0224,0.0012],"evs":[0.0,-0.26947,-0.79245]},"QTo":{"weight":0.0,"played":[0.6674,0.2507,0.0819],"evs":[0.0,-0.19956,-1.31308]},"KTo":{"weight":0.0516,"played":[0.9972,0.0026,2.0E-4],"evs":[0.0,-1.99132,-2.74178]},"ATo":{"weight":1.0E-4,"played":[3.0E-4,0.3432,0.6565],"evs":[0.0,0.87277,1.07721]},"J2s":{"weight":0.0,"played":[0.9626,0.0352,0.0022],"evs":[0.0,-1.72554,-2.71778]},"J3s":{"weight":0.0,"played":[0.9928,0.006,0.0012],"evs":[0.0,-1.31335,-2.51006]},"J4s":{"weight":0.0,"played":[0.7539,0.233,0.0131],"evs":[0.0,-2.00397,-2.659]},"J5s":{"weight":0.0,"played":[0.3534,0.0937,0.5529],"evs":[0.0,-0.75155,-0.70034]},"J6s":{"weight":0.0,"played":[0.9878,0.0062,0.006],"evs":[0.0,-1.67631,-1.87908]},"J7s":{"weight":0.0,"played":[0.7278,0.183,0.0892],"evs":[0.0,-2.26682,-2.97297]},"J8s":{"weight":0.0,"played":[0.957,0.0211,0.0219],"evs":[0.0,-1.30391,-2.04829]},"J9s":{"weight":0.0194,"played":[0.8966,0.0533,0.05],"evs":[0.0,-1.46499,-3.30102]},"JTs":{"weight":0.0132,"played":[0.1261,0.3653,0.5086],"evs":[0.0,0.94122,1.45768]},"JJ":{"weight":0.0,"played":[9.0E-4,0.0029,0.9962],"evs":[0.0,9.66042,10.18984]},"QJo":{"weight":0.4239,"played":[0.3044,0.6707,0.0249],"evs":[0.0,0.01107,-1.08907]},"KJo":{"weight":0.9352,"played":[0.7246,0.1695,0.1059],"evs":[0.0,-0.4998,-0.73451]},"AJo":{"weight":7.0E-4,"played":[0.0,0.0012,0.9988],"evs":[0.0,1.23049,2.00672]},"Q2s":{"weight":0.0,"played":[0.0523,0.9204,0.0274],"evs":[0.0,0.53128,-0.87385]},"Q3s":{"weight":0.0,"played":[0.8884,0.0672,0.0443],"evs":[0.0,-1.29968,-2.74591]},"Q4s":{"weight":0.0,"played":[0.5021,0.4941,0.0037],"evs":[0.0,2.4203,0.95017]},"Q5s":{"weight":0.0,"played":[0.9635,0.0144,0.022],"evs":[0.0,-2.94732,-5.44046]},"Q6s":{"weight":0.0,"played":[0.3782,0.3021,0.3197],"evs":[0.0,0.05083,-0.14075]},"Q7s":{"weight":0.0,"played":[0.7722,0.2138,0.014],"evs":[0.0,-1.36669,-2.80032]},"Q8s":{"weight":0.0139,"played":[0.9547,0.0155,0.0298],"evs":[0.0,-1.18548,-2.6345]},"Q9s":{"weight":0.1403,"played":[0.8183,0.1135,0.0682],"evs":[0.0,-0.18294,-0.35414]},"QTs":{"weight":0.6217,"played":[0.3911,0.6004,0.0084],"evs":[0.0,0.17817,-0.56672]},"QJs":{"weight":0.6809,"played":[0.3493,0.3215,0.3292],"evs":[0.0,0.79056,0.05532]},"QQ":{"weight":4.0E-4,"played":[0.0,0.0419,0.9581],"evs":[0.0,14.15445,14.69755]},"KQo":{"weight":0.0466,"played":[0.087,0.279,0.634],"evs":[0.0,0.53407,0.4718]},"AQo":{"weight":0.0,"played":[0.0,8.0E-4,0.9992],"evs":[0.0,4.24355,4.56422]},"K2s":{"weight":0.0,"played":[0.91,0.0771,0.0129],"evs":[0.0,-2.11604,-2.78168]},"K3s":{"weight":0.0,"played":[0.9689,0.0053,0.0259],"evs":[0.0,-2.09712,-3.26632]},"K4s":{"weight":0.0,"played":[0.9937,0.0061,3.0E-4],"evs":[0.0,-2.11614,-3.03353]},"K5s":{"weight":0.0,"played":[0.8734,0.0885,0.0382],"evs":[0.0,-3.26726,-4.25787]},"K6s":{"weight":0.0,"played":[0.6244,0.3716,0.0041],"evs":[0.0,-1.46573,-2.62684]},"K7s":{"weight":0.0,"played":[0.688,0.2004,0.1116],"evs":[0.0,-0.95343,-1.22001]},"K8s":{"weight":0.4866,"played":[0.5772,0.4228,0.0],"evs":[0.0,-0.75554,-1.79922]},"K9s":{"weight":0.9045,"played":[0.3667,0.355,0.2783],"evs":[0.0,0.30141,0.07153]},"KTs":{"weight":0.3148,"played":[0.4127,0.3108,0.2766],"evs":[0.0,-0.76019,-0.82517]},"KJs":{"weight":0.0052,"played":[0.4162,0.3079,0.2759],"evs":[0.0,-0.14623,0.05657]},"KQs":{"weight":0.0064,"played":[0.003,0.4797,0.5173],"evs":[0.0,3.2316,3.53231]},"KK":{"weight":0.0,"played":[0.0,2.0E-4,0.9998],"evs":[0.0,14.9379,15.64131]},"AKo":{"weight":0.0,"played":[0.0012,0.001,0.9979],"evs":[0.0,5.23497,5.77176]},"A2s":{"weight":0.2725,"played":[0.1852,0.5261,0.2888],"evs":[0.0,0.57981,0.10291]},"A3s":{"weight":0.9405,"played":[0.2239,0.6776,0.0986],"evs":[0.0,0.08473,-0.38287]},"A4s":{"weight":0.7307,"played":[0.0526,0.7182,0.2292],"evs":[0.0,0.22691,-0.01002]},"A5s":{"weight":0.161,"played":[0.2013,0.2241,0.5746],"evs":[0.0,-0.97892,-0.92917]},"A6s":{"weight":0.1131,"played":[0.356,0.2686,0.3754],"evs":[0.0,0.31675,-0.0295]},"A7s":{"weight":0.0046,"played":[0.4167,0.3784,0.205],"evs":[0.0,1.25658,0.54354]},"A8s":{"weight":0.0117,"played":[0.3101,0.6667,0.0232],"evs":[0.0,1.01588,0.33661]},"A9s":{"weight":0.0077,"played":[0.1283,0.4716,0.4001],"evs":[0.0,3.44986,2.976]},"ATs":{"weight":2.0E-4,"played":[0.0,0.2437,0.7563],"evs":[0.0,5.28295,5.28237]},"AJs":{"weight":1.0E-4,"played":[0.0819,0.0223,0.8958],"evs":[0.0,1.93457,2.7034]},"AQs":{"weight":4.0E-4,"played":[1.0E-4,1.0E-4,0.9998],"evs":[0.0,3.7147,4.48662]},"AKs":{"weight":0.0,"played":[0.0121,0.0366,0.9513],"evs":[0.0,6.79144,7.33389]},"AA":{"weight":0.0194,"played":[0.0,0.0053,0.9947],"evs":[0.0,21.07932,22.04982]}}}