{"player":4,"street":0,"children":2,"sequence":[{"player":0,"type":"F","amount":0,"street":0},{"player":1,"type":"R","amount":200000,"street":0},{"player":2,"type":"C","amount":200000,"street":0},{"player":3,"type":"C","amount":200000,"street":0},{"player":4,"type":"R","amount":900000,"street":0},{"player":5,"type":"C","amount":795000,"street":0},{"player":1,"type":"F","amount":0,"street":0},{"player":2,"type":"R","amount":1265000,"street":0},{"player":3,"type":"R","amount":2395000,"street":0}],"actions":[{"type":"F","amount":0},{"type":"C","amount":1495000}],"hands":{"22":{"weight":0.0251,"played":[2.0E-4,0.9998],"evs":[0.0,1.73044]},"32o":{"weight":0.0,"played":[0.0045,0.9955],"evs":[0.0,0.06851]},"42o":{"weight":0.0,"played":[0.2106,0.7894],"evs":[0.0,-0.3138]},"52o":{"weight":0.0,"played":[0.2195,0.7805],"evs":[0.0,-0.88812]},"62o":{"weight":0.0,"played":[0.0555,0.9445],"evs":[0.0,-0.16604]},"72o":{"weight":0.0,"played":[0.0954,0.9046],"evs":[0.0,1.57218]},"82o":{"weight":0.0,"played":[0.0081,0.9919],"evs":[0.0,3.25605]},"92o":{"weight":0.0,"played":[0.1522,0.8478],"evs":[0.0,1.13547]},"T2o":{"weight":0.0,"played":[0.4701,0.5299],"evs":[0.0,0.93536]},"J2o":{"weight":0.0,"played":[0.0442,0.9558],"evs":[0.0,1.45083]},"Q2o":{"weight":0.0,"played":[0.381,0.619],"evs":[0.0,-0.94026]},"K2o":{"weight":0.0,"played":[0.1006,0.8994],"evs":[0.0,1.93651]},"A2o":{"weight":0.0,"played":[0.2456,0.7544],"evs":[0.0,3.14103]},"32s":{"weight":0.0,"played":[0.172,0.828],"evs":[0.0,1.28175]},"33":{"weight":0.4582,"played":[0.001,0.999],"evs":[0.0,4.27999]},"43o":{"weight":0.0,"played":[0.3541,0.6459],"evs":[0.0,0.53673]},"53o":{"weight":1.0E-4,"played":[0.0202,0.9798],"evs":[0.0,2.70347]},"63o":{"weight":0.0,"played":[0.2692,0.7308],"evs":[0.0,-0.7431]},"73o":{"weight":0.0,"played":[0.3012,0.6988],"evs":[0.0,-0.22986]},"83o":{"weight":0.0,"played":[0.1306,0.8694],"evs":[0.0,2.05162]},"93o":{"weight":0.0,"played":[0.0165,0.9835],"evs":[0.0,1.4911]},"T3o":{"weight":0.0,"played":[0.8593,0.1407],"evs":[0.0,-0.9257]},"J3o":{"weight":0.0,"played":[0.641,0.359],"evs":[0.0,0.35317]},"Q3o":{"weight":0.0,"played":[0.1388,0.8612],"evs":[0.0,1.12579]},"K3o":{"weight":0.0,"played":[0.2618,0.7382],"evs":[0.0,2.26699]},"A3o":{"weight":0.0,"played":[0.0011,0.9989],"evs":[0.0,2.23471]},"42s":{"weight":0.0,"played":[0.5469,0.4531],"evs":[0.0,1.07041]},"43s":{"weight":0.0,"played":[0.0149,0.9851],"evs":[0.0,1.69687]},"44":{"weight":0.0,"played":[0.0,1.0],"evs":[0.0,9.38882]},"54o":{"weight":0.0,"played":[0.0622,0.9378],"evs":[0.0,2.25919]},"64o":{"weight":0.0,"played":[0.0209,0.9791],"evs":[0.0,4.65166]},"74o":{"weight":0.0,"played":[0.0015,0.9985],"evs":[0.0,3.03163]},"84o":{"weight":0.0,"played":[0.2976,0.7024],"evs":[0.0,1.15359]},"94o":{"weight":0.0,"played":[0.0171,0.9829],"evs":[0.0,4.55277]},"T4o":{"weight":0.0,"played":[0.2995,0.7005],"evs":[0.0,2.74752]},"J4o":{"weight":0.0,"played":[0.0805,0.9195],"evs":[0.0,2.53285]},"Q4o":{"weight":0.0,"played":[0.2731,0.7269],"evs":[0.0,2.6907]},"K4o":{"weight":0.0,"played":[0.0016,0.9984],"evs":[0.0,1.27938]},"A4o":{"weight":0.0,"played":[0.0014,0.9986],"evs":[0.0,6.26268]},"52s":{"weight":0.0,"played":[0.8743,0.1257],"evs":[0.0,0.46166]},"53s":{"weight":0.0,"played":[0.0673,0.9327],"evs":[0.0,5.92418]},"54s":{"weight":0.0,"played":[0.0451,0.9549],"evs":[0.0,5.09962]},"55":{"weight":0.0066,"played":[0.0017,0.9983],"evs":[0.0,10.96462]},"65o":{"weight":1.0E-4,"played":[0.0036,0.9964],"evs":[0.0,5.32307]},"75o":{"weight":0.0,"played":[0.0115,0.9885],"evs":[0.0,3.40359]},"85o":{"weight":0.0,"played":[0.0066,0.9934],"evs":[0.0,4.85418]},"95o":{"weight":0.0,"played":[0.0064,0.9936],"evs":[0.0,6.09037]},"T5o":{"weight":0.0,"played":[0.0679,0.9321],"evs":[0.0,2.22176]},"J5o":{"weight":0.0,"played":[0.0082,0.9918],"evs":[0.0,2.88762]},"Q5o":{"weight":0.0,"played":[0.1849,0.8151],"evs":[0.0,1.75922]},"K5o":{"weight":0.0,"played":[0.0099,0.9901],"evs":[0.0,4.28003]},"A5o":{"weight":0.0,"played":[0.0,1.0],"evs":[0.0,8.22365]},"62s":{"weight":0.0,"played":[0.1284,0.8716],"evs":[0.0,1.54865]},"63s":{"weight":0.0,"played":[0.0794,0.9206],"evs":[0.0,4.50373]},"64s":{"weight":0.0,"played":[0.005,0.995],"evs":[0.0,6.00792]},"65s":{"weight":0.0,"played":[0.0034,0.9966],"evs":[0.0,6.53016]},"66":{"weight":0.2279,"played":[0.0013,0.9987],"evs":[0.0,13.54346]},"76o":{"weight":0.0,"played":[0.0048,0.9952],"evs":[0.0,3.54966]},"86o":{"weight":0.0,"played":[0.0114,0.9886],"evs":[0.0,6.64998]},"96o":{"weight":0.0,"played":[0.0071,0.9929],"evs":[0.0,3.88333]},"T6o":{"weight":0.0,"played":[0.0267,0.9733],"evs":[0.0,4.42314]},"J6o":{"weight":0.0,"played":[0.0174,0.9826],"evs":[0.0,5.82368]},"Q6o":{"weight":0.0,"played":[0.0025,0.9975],"evs":[0.0,6.21743]},"K6o":{"weight":0.0,"played":[0.0954,0.9046],"evs":[0.0,3.75118]},"A6o":{"weight":0.0,"played":[5.0E-4,0.9995],"evs":[0.0,4.16106]},"72s":{"weight":0.0,"played":[0.0021,0.9979],"evs":[0.0,4.47206]},"73s":{"weight":0.0,"played":[0.0363,0.9637],"evs":[0.0,3.06886]},"74s":{"weight":0.0,"played":[9.0E-4,0.9991],"evs":[0.0,4.92133]},"75s":{"weight":0.0,"played":[0.1113,0.8887],"evs":[0.0,8.31075]},"76s":{"weight":0.0,"played":[0.1505,0.8495],"evs":[0.0,6.56811]},"77":{"weight":0.023,"played":[3.0E-4,0.9997],"evs":[0.0,12.55387]},"87o":{"weight":0.0,"played":[5.0E-4,0.9995],"evs":[0.0,5.91124]},"97o":{"weight":0.0,"played":[0.0019,0.9981],"evs":[0.0,4.82875]},"T7o":{"weight":0.0,"played":[0.0092,0.9908],"evs":[0.0,5.88225]},"J7o":{"weight":0.0,"played":[0.0055,0.9945],"evs":[0.0,6.74856]},"Q7o":{"weight":0.0,"played":[0.0149,0.9851],"evs":[0.0,3.37284]},"K7o":{"weight":0.0,"played":[0.0046,0.9954],"evs":[0.0,9.37863]},"A7o":{"weight":1.0E-4,"played":[9.0E-4,0.9991],"evs":[0.0,4.49679]},"82s":{"weight":1.0E-4,"played":[0.0246,0.9754],"evs":[0.0,6.71173]},"83s":{"weight":0.0,"played":[0.0815,0.9185],"evs":[0.0,3.38039]},"84s":{"weight":0.0,"played":[0.0135,0.9865],"evs":[0.0,6.0937]},"85s":{"weight":0.0,"played":[0.0124,0.9876],"evs":[0.0,9.16946]},"86s":{"weight":0.0164,"played":[0.0124,0.9876],"evs":[0.0,4.06085]},"87s":{"weight":8.0E-4,"played":[0.0101,0.9899],"evs":[0.0,10.37072]},"88":{"weight":0.7244,"played":[0.0028,0.9972],"evs":[0.0,14.93204]},"98o":{"weight":0.0,"played":[0.0174,0.9826],"evs":[0.0,5.90541]},"T8o":{"weight":0.0,"played":[0.025,0.975],"evs":[0.0,5.73528]},"J8o":{"weight":0.0,"played":[0.0099,0.9901],"evs":[0.0,5.59562]},"Q8o":{"weight":0.0,"played":[0.0648,0.9352],"evs":[0.0,3.57642]},"K8o":{"weight":0.0,"played":[0.016,0.984],"evs":[0.0,6.92323]},"A8o":{"weight":0.1784,"played":[3.0E-4,0.9997],"evs":[0.0,7.66964]},"92s":{"weight":0.0,"played":[0.0286,0.9714],"evs":[0.0,4.01323]},"93s":{"weight":0.0,"played":[0.067,0.933],"evs":[0.0,4.80439]},"94s":{"weight":1.0E-4,"played":[0.6721,0.3279],"evs":[0.0,0.61288]},"95s":{"weight":0.0,"played":[0.1473,0.8527],"evs":[0.0,8.78058]},"96s":{"weight":0.0,"played":[0.097,0.903],"evs":[0.0,6.52318]},"97s":{"weight":5.0E-4,"played":[0.0097,0.9903],"evs":[0.0,2.63792]},"98s":{"weight":0.0011,"played":[0.0488,0.9512],"evs":[0.0,7.67922]},"99":{"weight":0.5926,"played":[0.0,1.0],"evs":[0.0,16.90384]},"T9o":{"weight":0.0,"played":[0.0014,0.9986],"evs":[0.0,4.43131]},"J9o":{"weight":0.0,"played":[1.0E-4,0.9999],"evs":[0.0,4.37267]},"Q9o":{"weight":0.0,"played":[0.004,0.996],"evs":[0.0,5.79714]},"K9o":{"weight":0.0,"played":[2.0E-4,0.9998],"evs":[0.0,5.28235]},"A9o":{"weight":0.7261,"played":[4.0E-4,0.9996],"evs":[0.0,8.30431]},"T2s":{"weight":0.0,"played":[0.1286,0.8714],"evs":[0.0,3.56558]},"T3s":{"weight":0.0013,"played":[0.0382,0.9618],"evs":[0.0,3.22788]},"T4s":{"weight":1.0E-4,"played":[0.1321,0.8679],"evs":[0.0,2.70856]},"T5s":{"weight":1.0E-4,"played":[0.0146,0.9854],"evs":[0.0,4.06274]},"T6s":{"weight":2.0E-4,"played":[0.0294,0.9706],"evs":[0.0,5.41953]},"T7s":{"weight":0.0,"played":[0.0675,0.9325],"evs":[0.0,4.10344]},"T8s":{"weight":1.0E-4,"played":[0.1731,0.8269],"evs":[0.0,3.51414]},"T9s":{"weight":0.002,"played":[0.0435,0.9565],"evs":[0.0,9.46074]},"TT":{"weight":0.0782,"played":[0.0018,0.9982],"evs":[0.0,18.39702]},"JTo":{"weight":0.0,"played":[9.0E-4,0.9991],"evs":[0.0,7.17605]},"QTo":{"weight":1.0E-4,"played":[0.2426,0.7574],"evs":[0.0,7.89117]},"KTo":{"weight":0.1483,"played":[0.0342,0.9658],"evs":[0.0,9.26298]},"ATo":{"weight":0.0315,"played":[0.0,1.0],"evs":[0.0,11.90142]},"J2s":{"weight":0.0,"played":[0.0419,0.9581],"evs":[0.0,3.30547]},"J3s":{"weight":0.0,"played":[0.4825,0.5175],"evs":[0.0,2.05444]},"J4s":{"weight":0.0,"played":[0.0163,0.9837],"evs":[0.0,2.8199]},"J5s":{"weight":0.0,"played":[0.1611,0.8389],"evs":[0.0,1.28668]},"J6s":{"weight":0.0,"played":[0.1096,0.8904],"evs":[0.0,8.53108]},"J7s":{"weight":0.0,"played":[0.0063,0.9937],"evs":[0.0,7.23234]},"J8s":{"weight":0.0,"played":[0.004,0.996],"evs":[0.0,6.31987]},"J9s":{"weight":0.0,"played":[0.0204,0.9796],"evs":[0.0,9.97397]},"JTs":{"weight":0.0625,"played":[0.0285,0.9715],"evs":[0.0,8.74808]},"JJ":{"weight":0.0717,"played":[1.0E-4,0.9999],"evs":[0.0,19.53279]},"QJo":{"weight":2.0E-4,"played":[0.0335,0.9665],"evs":[0.0,6.17103]},"KJo":{"weight":1.0E-4,"played":[0.0013,0.9987],"evs":[0.0,7.00701]},"AJo":{"weight":1.0E-4,"played":[1.0E-4,0.9999],"evs":[0.0,9.53645]},"Q2s":{"weight":1.0E-4,"played":[0.0406,0.9594],"evs":[0.0,1.18379]},"Q3s":{"weight":0.0,"played":[0.0907,0.9093],"evs":[0.0,2.6954]},"Q4s":{"weight":0.0016,"played":[0.0034,0.9966],"evs":[0.0,5.92816]},"Q5s":{"weight":0.0,"played":[0.0559,0.9441],"evs":[0.0,2.84347]},"Q6s":{"weight":0.0,"played":[0.0014,0.9986],"evs":[0.0,10.22563]},"Q7s":{"weight":1.0E-4,"played":[0.0826,0.9174],"evs":[0.0,9.65894]},"Q8s":{"weight":0.0,"played":[0.029,0.971],"evs":[0.0,5.6187]},"Q9s":{"weight":0.0016,"played":[0.0015,0.9985],"evs":[0.0,2.78952]},"QTs":{"weight":0.2556,"played":[0.0019,0.9981],"evs":[0.0,13.24795]},"QJs":{"weight":0.6375,"played":[0.004,0.996],"evs":[0.0,8.24126]},"QQ":{"weight":0.1156,"played":[0.001,0.999],"evs":[0.0,23.08558]},"KQo":{"weight":0.4543,"played":[1.0E-4,0.9999],"evs":[0.0,10.60484]},"AQo":{"weight":0.2103,"played":[0.0,1.0],"evs":[0.0,12.54536]},"K2s":{"weight":0.0,"played":[0.0132,0.9868],"evs":[0.0,7.01139]},"K3s":{"weight":6.0E-4,"played":[0.0023,0.9977],"evs":[0.0,6.03772]},"K4s":{"weight":2.0E-4,"played":[0.0266,0.9734],"evs":[0.0,2.99364]},"K5s":{"weight":0.0,"played":[0.0221,0.9779],"evs":[0.0,5.3375]},"K6s":{"weight":0.5058,"played":[0.0094,0.9906],"evs":[0.0,4.43927]},"K7s":{"weight":0.0472,"played":[0.0267,0.9733],"evs":[0.0,5.00692]},"K8s":{"weight":0.0,"played":[5.0E-4,0.9995],"evs":[0.0,6.54286]},"K9s":{"weight":0.0,"played":[0.0015,0.9985],"evs":[0.0,5.57437]},"KTs":{"weight":0.0024,"played":[0.0021,0.9979],"evs":[0.0,7.56846]},"KJs":{"weight":0.3867,"played":[0.0027,0.9973],"evs":[0.0,7.7627]},"KQs":{"weight":0.0,"played":[0.0105,0.9895],"evs":[0.0,10.90378]},"KK":{"weight":0.6824,"played":[0.0,1.0],"evs":[0.0,24.38956]},"AKo":{"weight":0.2949,"played":[2.0E-4,0.9998],"evs":[0.0,11.11322]},"A2s":{"weight":0.005,"played":[2.0E-4,0.9998],"evs":[0.0,5.13142]},"A3s":{"weight":0.016,"played":[0.0241,0.9759],"evs":[0.0,8.73039]},"A4s":{"weight":0.108,"played":[0.2119,0.7881],"evs":[0.0,2.72061]},"A5s":{"weight":5.0E-4,"played":[0.0703,0.9297],"evs":[0.0,1.6921]},"A6s":{"weight":0.0203,"played":[3.0E-4,0.9997],"evs":[0.0,7.30903]},"A7s":{"weight":0.1098,"played":[7.0E-4,0.9993],"evs":[0.0,12.09563]},"A8s":{"weight":0.9451,"played":[0.0122,0.9878],"evs":[0.0,8.89349]},"A9s":{"weight":0.0151,"played":[0.0017,0.9983],"evs":[0.0,6.60759]},"ATs":{"weight":0.7558,"played":[0.0029,0.9971],"evs":[0.0,6.12512]},"AJs":{"weight":0.0589,"played":[0.0098,0.9902],"evs":[0.0,14.79401]},"AQs":{"weight":0.5761,"played":[7.0E-4,0.9993],"evs":[0.0,15.36963]},"AKs":{"weight":0.7575,"played":[0.0023,0.9977],"evs":[0.0,16.42872]},"AA":{"weight":0.2988,"played":[8.0E-4,0.9992],"evs":[0.0,26.8196]}}}