{"player":4,"street":0,"children":2,"sequence":[{"player":0,"type":"F","amount":0,"street":0},{"player":1,"type":"R","amount":200000,"street":0},{"player":2,"type":"C","amount":200000,"street":0},{"player":3,"type":"C","amount":200000,"street":0},{"player":4,"type":"R","amount":900000,"street":0},{"player":5,"type":"C","amount":795000,"street":0},{"player":1,"type":"R","amount":3375000,"street":0},{"player":2,"type":"F","amount":0,"street":0},{"player":3,"type":"F","amount":0,"street":0}],"actions":[{"type":"F","amount":0},{"type":"C","amount":2475000}],"hands":{"22":{"weight":0.0251,"played":[0.096,0.904],"evs":[0.0,3.74788]},"32o":{"weight":0.0,"played":[0.9918,0.0082],"evs":[0.0,-3.04487]},"42o":{"weight":0.0,"played":[0.461,0.539],"evs":[0.0,-0.48239]},"52o":{"weight":0.0,"played":[0.6625,0.3375],"evs":[0.0,-0.79509]},"62o":{"weight":0.0,"played":[0.5593,0.4407],"evs":[0.0,-1.81]},"72o":{"weight":0.0,"played":[0.4211,0.5789],"evs":[0.0,0.12438]},"82o":{"weight":0.0,"played":[0.8974,0.1026],"evs":[0.0,-1.39032]},"92o":{"weight":0.0,"played":[0.931,0.069],"evs":[0.0,-0.52985]},"T2o":{"weight":0.0,"played":[0.8191,0.1809],"evs":[0.0,-1.97175]},"J2o":{"weight":0.0,"played":[0.2278,0.7722],"evs":[0.0,-0.26639]},"Q2o":{"weight":0.0,"played":[0.8632,0.1368],"evs":[0.0,-2.66364]},"K2o":{"weight":0.0,"played":[0.0784,0.9216],"evs":[0.0,8.95042]},"A2o":{"weight":0.0,"played":[0.4063,0.5937],"evs":[0.0,-0.346]},"32s":{"weight":0.0,"played":[0.1641,0.8359],"evs":[0.0,5.66494]},"33":{"weight":0.4582,"played":[0.0384,0.9616],"evs":[0.0,3.43213]},"43o":{"weight":0.0,"played":[0.3376,0.6624],"evs":[0.0,1.88721]},"53o":{"weight":1.0E-4,"played":[0.9362,0.0638],"evs":[0.0,-4.3252]},"63o":{"weight":0.0,"played":[0.3764,0.6236],"evs":[0.0,-1.30525]},"73o":{"weight":0.0,"played":[0.2749,0.7251],"evs":[0.0,-3.56265]},"83o":{"weight":0.0,"played":[0.9958,0.0042],"evs":[0.0,-4.539]},"93o":{"weight":0.0,"played":[0.5331,0.4669],"evs":[0.0,-0.99114]},"T3o":{"weight":0.0,"played":[0.3968,0.6032],"evs":[0.0,0.14579]},"J3o":{"weight":0.0,"played":[0.7193,0.2807],"evs":[0.0,-0.50433]},"Q3o":{"weight":0.0,"played":[0.4428,0.5572],"evs":[0.0,-0.02894]},"K3o":{"weight":0.0,"played":[0.9768,0.0232],"evs":[0.0,-3.27519]},"A3o":{"weight":0.0,"played":[0.0264,0.9736],"evs":[0.0,-0.09064]},"42s":{"weight":0.0,"played":[0.2812,0.7188],"evs":[0.0,3.6121]},"43s":{"weight":0.0,"played":[0.3282,0.6718],"evs":[0.0,5.9715]},"44":{"weight":0.0,"played":[0.7001,0.2999],"evs":[0.0,-0.72075]},"54o":{"weight":0.0,"played":[0.2232,0.7768],"evs":[0.0,3.16638]},"64o":{"weight":0.0,"played":[0.4908,0.5092],"evs":[0.0,-0.58398]},"74o":{"weight":0.0,"played":[0.9312,0.0688],"evs":[0.0,-2.30105]},"84o":{"weight":0.0,"played":[0.8423,0.1577],"evs":[0.0,-3.78427]},"94o":{"weight":0.0,"played":[0.2875,0.7125],"evs":[0.0,0.56984]},"T4o":{"weight":0.0,"played":[0.5848,0.4152],"evs":[0.0,0.84659]},"J4o":{"weight":0.0,"played":[0.9583,0.0417],"evs":[0.0,-2.90611]},"Q4o":{"weight":0.0,"played":[0.2118,0.7882],"evs":[0.0,2.16137]},"K4o":{"weight":0.0,"played":[0.732,0.268],"evs":[0.0,-3.18909]},"A4o":{"weight":0.0,"played":[0.1811,0.8189],"evs":[0.0,7.82877]},"52s":{"weight":0.0,"played":[0.078,0.922],"evs":[0.0,2.27771]},"53s":{"weight":0.0,"played":[0.3089,0.6911],"evs":[0.0,-2.33162]},"54s":{"weight":0.0,"played":[0.6113,0.3887],"evs":[0.0,-3.62132]},"55":{"weight":0.0066,"played":[0.0449,0.9551],"evs":[0.0,8.49043]},"65o":{"weight":1.0E-4,"played":[0.421,0.579],"evs":[0.0,-0.35366]},"75o":{"weight":0.0,"played":[0.7694,0.2306],"evs":[0.0,-1.03753]},"85o":{"weight":0.0,"played":[0.0728,0.9272],"evs":[0.0,1.68814]},"95o":{"weight":0.0,"played":[0.1868,0.8132],"evs":[0.0,5.97451]},"T5o":{"weight":0.0,"played":[0.4701,0.5299],"evs":[0.0,-0.50858]},"J5o":{"weight":0.0,"played":[0.2331,0.7669],"evs":[0.0,0.66747]},"Q5o":{"weight":0.0,"played":[0.2474,0.7526],"evs":[0.0,0.74607]},"K5o":{"weight":0.0,"played":[0.0798,0.9202],"evs":[0.0,1.88215]},"A5o":{"weight":0.0,"played":[0.697,0.303],"evs":[0.0,-1.46456]},"62s":{"weight":0.0,"played":[0.3868,0.6132],"evs":[0.0,8.86546]},"63s":{"weight":0.0,"played":[0.2082,0.7918],"evs":[0.0,5.38486]},"64s":{"weight":0.0,"played":[0.8595,0.1405],"evs":[0.0,3.10178]},"65s":{"weight":0.0,"played":[0.3666,0.6334],"evs":[0.0,-0.20541]},"66":{"weight":0.2279,"played":[0.0319,0.9681],"evs":[0.0,8.54238]},"76o":{"weight":0.0,"played":[0.5137,0.4863],"evs":[0.0,-0.02225]},"86o":{"weight":0.0,"played":[0.1798,0.8202],"evs":[0.0,1.44111]},"96o":{"weight":0.0,"played":[0.0057,0.9943],"evs":[0.0,6.47687]},"T6o":{"weight":0.0,"played":[0.6129,0.3871],"evs":[0.0,-1.58014]},"J6o":{"weight":0.0,"played":[0.9559,0.0441],"evs":[0.0,-1.35061]},"Q6o":{"weight":0.0,"played":[0.3597,0.6403],"evs":[0.0,1.7643]},"K6o":{"weight":0.0,"played":[0.5367,0.4633],"evs":[0.0,1.73383]},"A6o":{"weight":0.0,"played":[0.0532,0.9468],"evs":[0.0,5.49592]},"72s":{"weight":0.0,"played":[0.01,0.99],"evs":[0.0,5.30256]},"73s":{"weight":0.0,"played":[0.1583,0.8417],"evs":[0.0,-2.85762]},"74s":{"weight":0.0,"played":[0.9208,0.0792],"evs":[0.0,-5.75768]},"75s":{"weight":0.0,"played":[0.0293,0.9707],"evs":[0.0,2.34506]},"76s":{"weight":0.0,"played":[0.6964,0.3036],"evs":[0.0,-3.95581]},"77":{"weight":0.023,"played":[0.006,0.994],"evs":[0.0,9.12485]},"87o":{"weight":0.0,"played":[0.7642,0.2358],"evs":[0.0,-2.20991]},"97o":{"weight":0.0,"played":[0.7533,0.2467],"evs":[0.0,0.79817]},"T7o":{"weight":0.0,"played":[0.0096,0.9904],"evs":[0.0,3.89187]},"J7o":{"weight":0.0,"played":[0.4503,0.5497],"evs":[0.0,-1.07842]},"Q7o":{"weight":0.0,"played":[0.1156,0.8844],"evs":[0.0,2.30455]},"K7o":{"weight":0.0,"played":[0.0392,0.9608],"evs":[0.0,3.11908]},"A7o":{"weight":1.0E-4,"played":[0.1635,0.8365],"evs":[0.0,3.93023]},"82s":{"weight":1.0E-4,"played":[0.2863,0.7137],"evs":[0.0,3.96289]},"83s":{"weight":0.0,"played":[0.7758,0.2242],"evs":[0.0,-4.39319]},"84s":{"weight":0.0,"played":[0.0103,0.9897],"evs":[0.0,5.79431]},"85s":{"weight":0.0,"played":[0.9746,0.0254],"evs":[0.0,-6.03034]},"86s":{"weight":0.0164,"played":[0.7558,0.2442],"evs":[0.0,-3.83931]},"87s":{"weight":8.0E-4,"played":[0.1364,0.8636],"evs":[0.0,4.66921]},"88":{"weight":0.7244,"played":[0.009,0.991],"evs":[0.0,13.23907]},"98o":{"weight":0.0,"played":[0.3081,0.6919],"evs":[0.0,1.71559]},"T8o":{"weight":0.0,"played":[0.4548,0.5452],"evs":[0.0,2.06393]},"J8o":{"weight":0.0,"played":[0.0257,0.9743],"evs":[0.0,4.15182]},"Q8o":{"weight":0.0,"played":[0.0135,0.9865],"evs":[0.0,7.00243]},"K8o":{"weight":0.0,"played":[0.28,0.72],"evs":[0.0,1.55892]},"A8o":{"weight":0.1784,"played":[0.0024,0.9976],"evs":[0.0,4.98457]},"92s":{"weight":0.0,"played":[0.7744,0.2256],"evs":[0.0,-9.12293]},"93s":{"weight":0.0,"played":[0.6723,0.3277],"evs":[0.0,-4.73829]},"94s":{"weight":1.0E-4,"played":[0.9498,0.0502],"evs":[0.0,-7.43888]},"95s":{"weight":0.0,"played":[0.294,0.706],"evs":[0.0,0.35912]},"96s":{"weight":0.0,"played":[0.4686,0.5314],"evs":[0.0,-2.58518]},"97s":{"weight":5.0E-4,"played":[0.1181,0.8819],"evs":[0.0,4.0663]},"98s":{"weight":0.0011,"played":[0.6929,0.3071],"evs":[0.0,-3.26741]},"99":{"weight":0.5926,"played":[0.0,1.0],"evs":[0.0,14.01816]},"T9o":{"weight":0.0,"played":[0.0377,0.9623],"evs":[0.0,3.26569]},"J9o":{"weight":0.0,"played":[0.0278,0.9722],"evs":[0.0,5.21641]},"Q9o":{"weight":0.0,"played":[0.2137,0.7863],"evs":[0.0,4.48733]},"K9o":{"weight":0.0,"played":[0.0898,0.9102],"evs":[0.0,1.9977]},"A9o":{"weight":0.7261,"played":[0.0203,0.9797],"evs":[0.0,3.53059]},"T2s":{"weight":0.0,"played":[0.0024,0.9976],"evs":[0.0,10.77622]},"T3s":{"weight":0.0013,"played":[0.0232,0.9768],"evs":[0.0,12.94601]},"T4s":{"weight":1.0E-4,"played":[0.0486,0.9514],"evs":[0.0,5.39953]},"T5s":{"weight":1.0E-4,"played":[0.7566,0.2434],"evs":[0.0,-1.11917]},"T6s":{"weight":2.0E-4,"played":[0.4002,0.5998],"evs":[0.0,3.17102]},"T7s":{"weight":0.0,"played":[0.2578,0.7422],"evs":[0.0,3.72383]},"T8s":{"weight":1.0E-4,"played":[0.9464,0.0536],"evs":[0.0,-7.62469]},"T9s":{"weight":0.002,"played":[0.331,0.669],"evs":[0.0,5.15084]},"TT":{"weight":0.0782,"played":[0.0,1.0],"evs":[0.0,17.56715]},"JTo":{"weight":0.0,"played":[0.7261,0.2739],"evs":[0.0,-2.14637]},"QTo":{"weight":1.0E-4,"played":[0.0381,0.9619],"evs":[0.0,6.00599]},"KTo":{"weight":0.1483,"played":[0.1188,0.8812],"evs":[0.0,3.41052]},"ATo":{"weight":0.0315,"played":[0.084,0.916],"evs":[0.0,4.06705]},"J2s":{"weight":0.0,"played":[0.1608,0.8392],"evs":[0.0,1.87488]},"J3s":{"weight":0.0,"played":[0.376,0.624],"evs":[0.0,-4.33812]},"J4s":{"weight":0.0,"played":[0.7997,0.2003],"evs":[0.0,-4.12438]},"J5s":{"weight":0.0,"played":[0.047,0.953],"evs":[0.0,7.59686]},"J6s":{"weight":0.0,"played":[0.6858,0.3142],"evs":[0.0,-1.08858]},"J7s":{"weight":0.0,"played":[0.4914,0.5086],"evs":[0.0,5.20235]},"J8s":{"weight":0.0,"played":[0.0147,0.9853],"evs":[0.0,4.74166]},"J9s":{"weight":0.0,"played":[0.2096,0.7904],"evs":[0.0,-0.5542]},"JTs":{"weight":0.0625,"played":[0.0178,0.9822],"evs":[0.0,11.23195]},"JJ":{"weight":0.0717,"played":[0.0,1.0],"evs":[0.0,21.26535]},"QJo":{"weight":2.0E-4,"played":[0.5349,0.4651],"evs":[0.0,-1.37815]},"KJo":{"weight":1.0E-4,"played":[0.019,0.981],"evs":[0.0,5.17323]},"AJo":{"weight":1.0E-4,"played":[0.0683,0.9317],"evs":[0.0,5.06976]},"Q2s":{"weight":1.0E-4,"played":[0.6865,0.3135],"evs":[0.0,-8.10652]},"Q3s":{"weight":0.0,"played":[0.4891,0.5109],"evs":[0.0,-2.56199]},"Q4s":{"weight":0.0016,"played":[0.5759,0.4241],"evs":[0.0,4.24348]},"Q5s":{"weight":0.0,"played":[0.4037,0.5963],"evs":[0.0,-3.70612]},"Q6s":{"weight":0.0,"played":[0.3365,0.6635],"evs":[0.0,-0.99604]},"Q7s":{"weight":1.0E-4,"played":[0.8121,0.1879],"evs":[0.0,0.34041]},"Q8s":{"weight":0.0,"played":[0.5025,0.4975],"evs":[0.0,3.01929]},"Q9s":{"weight":0.0016,"played":[0.2872,0.7128],"evs":[0.0,2.9378]},"QTs":{"weight":0.2556,"played":[0.0743,0.9257],"evs":[0.0,5.38194]},"QJs":{"weight":0.6375,"played":[0.0157,0.9843],"evs":[0.0,7.63464]},"QQ":{"weight":0.1156,"played":[0.0,1.0],"evs":[0.0,24.32254]},"KQo":{"weight":0.4543,"played":[0.1258,0.8742],"evs":[0.0,2.46234]},"AQo":{"weight":0.2103,"played":[0.0055,0.9945],"evs":[0.0,14.14047]},"K2s":{"weight":0.0,"played":[0.7798,0.2202],"evs":[0.0,2.63548]},"K3s":{"weight":6.0E-4,"played":[0.237,0.763],"evs":[0.0,3.28221]},"K4s":{"weight":2.0E-4,"played":[0.722,0.278],"evs":[0.0,-1.68005]},"K5s":{"weight":0.0,"played":[0.4924,0.5076],"evs":[0.0,-1.06499]},"K6s":{"weight":0.5058,"played":[0.1074,0.8926],"evs":[0.0,10.8257]},"K7s":{"weight":0.0472,"played":[0.2294,0.7706],"evs":[0.0,4.9608]},"K8s":{"weight":0.0,"played":[0.227,0.773],"evs":[0.0,18.38739]},"K9s":{"weight":0.0,"played":[0.397,0.603],"evs":[0.0,3.79294]},"KTs":{"weight":0.0024,"played":[0.5835,0.4165],"evs":[0.0,-4.14319]},"KJs":{"weight":0.3867,"played":[0.0189,0.9811],"evs":[0.0,15.08279]},"KQs":{"weight":0.0,"played":[0.0081,0.9919],"evs":[0.0,8.7033]},"KK":{"weight":0.6824,"played":[1.0E-4,0.9999],"evs":[0.0,24.58002]},"AKo":{"weight":0.2949,"played":[0.0,1.0],"evs":[0.0,11.12817]},"A2s":{"weight":0.005,"played":[0.0243,0.9757],"evs":[0.0,7.3708]},"A3s":{"weight":0.016,"played":[0.1427,0.8573],"evs":[0.0,4.87876]},"A4s":{"weight":0.108,"played":[0.0221,0.9779],"evs":[0.0,5.53387]},"A5s":{"weight":5.0E-4,"played":[0.0247,0.9753],"evs":[0.0,6.86643]},"A6s":{"weight":0.0203,"played":[0.1593,0.8407],"evs":[0.0,12.61998]},"A7s":{"weight":0.1098,"played":[0.5484,0.4516],"evs":[0.0,-1.89626]},"A8s":{"weight":0.9451,"played":[0.0989,0.9011],"evs":[0.0,0.685]},"A9s":{"weight":0.0151,"played":[0.0208,0.9792],"evs":[0.0,12.28991]},"ATs":{"weight":0.7558,"played":[0.6698,0.3302],"evs":[0.0,-1.47119]},"AJs":{"weight":0.0589,"played":[0.0394,0.9606],"evs":[0.0,6.2654]},"AQs":{"weight":0.5761,"played":[0.0363,0.9637],"evs":[0.0,9.29354]},"AKs":{"weight":0.7575,"played":[0.0286,0.9714],"evs":[0.0,12.02521]},"AA":{"weight":0.2988,"played":[0.002,0.998],"evs":[0.0,31.46535]}}}