{"player":4,"street":0,"children":2,"sequence":[{"player":0,"type":"F","amount":0,"street":0},{"player":1,"type":"R","amount":200000,"street":0},{"player":2,"type":"C","amount":200000,"street":0},{"player":3,"type":"C","amount":200000,"street":0},{"player":4,"type":"R","amount":900000,"street":0},{"player":5,"type":"C","amount":795000,"street":0},{"player":1,"type":"R","amount":3375000,"street":0},{"player":2,"type":"C","amount":1065000,"street":0},{"player":3,"type":"F","amount":0,"street":0}],"actions":[{"type":"F","amount":0},{"type":"C","amount":2475000}],"hands":{"22":{"weight":0.0251,"played":[0.0378,0.9622],"evs":[0.0,4.27083]},"32o":{"weight":0.0,"played":[0.7926,0.2074],"evs":[0.0,-1.98741]},"42o":{"weight":0.0,"played":[0.98,0.02],"evs":[0.0,-3.80171]},"52o":{"weight":0.0,"played":[1.0,0.0],"evs":[0.0,-2.60101]},"62o":{"weight":0.0,"played":[0.9949,0.0051],"evs":[0.0,-2.74088]},"72o":{"weight":0.0,"played":[0.9876,0.0124],"evs":[0.0,-3.06745]},"82o":{"weight":0.0,"played":[0.9786,0.0214],"evs":[0.0,-1.4689]},"92o":{"weight":0.0,"played":[0.9834,0.0166],"evs":[0.0,-3.58314]},"T2o":{"weight":0.0,"played":[0.9245,0.0755],"evs":[0.0,-3.00574]},"J2o":{"weight":0.0,"played":[0.7151,0.2849],"evs":[0.0,-1.2917]},"Q2o":{"weight":0.0,"played":[0.7346,0.2654],"evs":[0.0,-2.21006]},"K2o":{"weight":0.0,"played":[0.9602,0.0398],"evs":[0.0,-1.49722]},"A2o":{"weight":0.0,"played":[0.1465,0.8535],"evs":[0.0,0.49016]},"32s":{"weight":0.0,"played":[0.9615,0.0385],"evs":[0.0,0.25095]},"33":{"weight":0.4582,"played":[0.0016,0.9984],"evs":[0.0,4.66249]},"43o":{"weight":0.0,"played":[0.4646,0.5354],"evs":[0.0,1.28033]},"53o":{"weight":1.0E-4,"played":[0.7335,0.2665],"evs":[0.0,-1.14986]},"63o":{"weight":0.0,"played":[0.2562,0.7438],"evs":[0.0,-0.29268]},"73o":{"weight":0.0,"played":[0.8874,0.1126],"evs":[0.0,-1.51823]},"83o":{"weight":0.0,"played":[0.8254,0.1746],"evs":[0.0,-2.09518]},"93o":{"weight":0.0,"played":[0.8463,0.1537],"evs":[0.0,-2.9495]},"T3o":{"weight":0.0,"played":[0.986,0.014],"evs":[0.0,-3.1841]},"J3o":{"weight":0.0,"played":[0.8698,0.1302],"evs":[0.0,-0.32312]},"Q3o":{"weight":0.0,"played":[0.4618,0.5382],"evs":[0.0,0.57982]},"K3o":{"weight":0.0,"played":[0.0561,0.9439],"evs":[0.0,1.52113]},"A3o":{"weight":0.0,"played":[0.1164,0.8836],"evs":[0.0,3.70042]},"42s":{"weight":0.0,"played":[0.6518,0.3482],"evs":[0.0,-1.15073]},"43s":{"weight":0.0,"played":[0.1816,0.8184],"evs":[0.0,2.23567]},"44":{"weight":0.0,"played":[0.0039,0.9961],"evs":[0.0,3.93309]},"54o":{"weight":0.0,"played":[0.778,0.222],"evs":[0.0,-2.13576]},"64o":{"weight":0.0,"played":[0.7809,0.2191],"evs":[0.0,-1.7151]},"74o":{"weight":0.0,"played":[0.5823,0.4177],"evs":[0.0,0.65339]},"84o":{"weight":0.0,"played":[0.8489,0.1511],"evs":[0.0,-1.3351]},"94o":{"weight":0.0,"played":[0.5964,0.4036],"evs":[0.0,-0.66781]},"T4o":{"weight":0.0,"played":[0.9395,0.0605],"evs":[0.0,-3.94782]},"J4o":{"weight":0.0,"played":[0.9809,0.0191],"evs":[0.0,-1.71041]},"Q4o":{"weight":0.0,"played":[0.3129,0.6871],"evs":[0.0,-0.92188]},"K4o":{"weight":0.0,"played":[0.7142,0.2858],"evs":[0.0,-0.86641]},"A4o":{"weight":0.0,"played":[0.5406,0.4594],"evs":[0.0,-0.43802]},"52s":{"weight":0.0,"played":[0.5975,0.4025],"evs":[0.0,-1.32349]},"53s":{"weight":0.0,"played":[0.2444,0.7556],"evs":[0.0,5.65662]},"54s":{"weight":0.0,"played":[0.078,0.922],"evs":[0.0,4.54727]},"55":{"weight":0.0066,"played":[3.0E-4,0.9997],"evs":[0.0,7.39267]},"65o":{"weight":1.0E-4,"played":[0.1346,0.8654],"evs":[0.0,1.29726]},"75o":{"weight":0.0,"played":[0.9985,0.0015],"evs":[0.0,-2.09196]},"85o":{"weight":0.0,"played":[0.9408,0.0592],"evs":[0.0,-1.55475]},"95o":{"weight":0.0,"played":[0.8844,0.1156],"evs":[0.0,-0.82769]},"T5o":{"weight":0.0,"played":[0.963,0.037],"evs":[0.0,-2.98674]},"J5o":{"weight":0.0,"played":[0.8904,0.1096],"evs":[0.0,-2.14705]},"Q5o":{"weight":0.0,"played":[0.8759,0.1241],"evs":[0.0,-3.31273]},"K5o":{"weight":0.0,"played":[0.4765,0.5235],"evs":[0.0,0.75864]},"A5o":{"weight":0.0,"played":[0.0165,0.9835],"evs":[0.0,3.26196]},"62s":{"weight":0.0,"played":[0.3897,0.6103],"evs":[0.0,2.15385]},"63s":{"weight":0.0,"played":[0.1333,0.8667],"evs":[0.0,5.43264]},"64s":{"weight":0.0,"played":[0.0892,0.9108],"evs":[0.0,4.0621]},"65s":{"weight":0.0,"played":[3.0E-4,0.9997],"evs":[0.0,2.91714]},"66":{"weight":0.2279,"played":[0.0016,0.9984],"evs":[0.0,6.43253]},"76o":{"weight":0.0,"played":[0.5449,0.4551],"evs":[0.0,-0.0328]},"86o":{"weight":0.0,"played":[0.0114,0.9886],"evs":[0.0,2.43261]},"96o":{"weight":0.0,"played":[0.1086,0.8914],"evs":[0.0,2.6832]},"T6o":{"weight":0.0,"played":[0.9956,0.0044],"evs":[0.0,-0.37967]},"J6o":{"weight":0.0,"played":[0.986,0.014],"evs":[0.0,-3.65821]},"Q6o":{"weight":0.0,"played":[0.7375,0.2625],"evs":[0.0,0.53647]},"K6o":{"weight":0.0,"played":[0.8984,0.1016],"evs":[0.0,-2.30019]},"A6o":{"weight":0.0,"played":[0.4548,0.5452],"evs":[0.0,0.74478]},"72s":{"weight":0.0,"played":[0.0316,0.9684],"evs":[0.0,4.67829]},"73s":{"weight":0.0,"played":[0.5383,0.4617],"evs":[0.0,1.51089]},"74s":{"weight":0.0,"played":[0.0613,0.9387],"evs":[0.0,2.94306]},"75s":{"weight":0.0,"played":[0.3425,0.6575],"evs":[0.0,6.41641]},"76s":{"weight":0.0,"played":[0.7294,0.2706],"evs":[0.0,-0.58523]},"77":{"weight":0.023,"played":[2.0E-4,0.9998],"evs":[0.0,11.63237]},"87o":{"weight":0.0,"played":[4.0E-4,0.9996],"evs":[0.0,2.35911]},"97o":{"weight":0.0,"played":[0.1977,0.8023],"evs":[0.0,-0.47608]},"T7o":{"weight":0.0,"played":[0.9461,0.0539],"evs":[0.0,-0.99054]},"J7o":{"weight":0.0,"played":[0.529,0.471],"evs":[0.0,0.25889]},"Q7o":{"weight":0.0,"played":[0.0118,0.9882],"evs":[0.0,0.75113]},"K7o":{"weight":0.0,"played":[0.1041,0.8959],"evs":[0.0,1.14203]},"A7o":{"weight":1.0E-4,"played":[0.001,0.999],"evs":[0.0,3.71228]},"82s":{"weight":1.0E-4,"played":[0.6139,0.3861],"evs":[0.0,-1.12754]},"83s":{"weight":0.0,"played":[0.5737,0.4263],"evs":[0.0,0.46549]},"84s":{"weight":0.0,"played":[0.1393,0.8607],"evs":[0.0,0.24564]},"85s":{"weight":0.0,"played":[0.649,0.351],"evs":[0.0,-1.30126]},"86s":{"weight":0.0164,"played":[0.05,0.95],"evs":[0.0,1.58842]},"87s":{"weight":8.0E-4,"played":[0.0611,0.9389],"evs":[0.0,3.98161]},"88":{"weight":0.7244,"played":[1.0E-4,0.9999],"evs":[0.0,9.69146]},"98o":{"weight":0.0,"played":[0.0849,0.9151],"evs":[0.0,2.37536]},"T8o":{"weight":0.0,"played":[0.3378,0.6622],"evs":[0.0,1.63809]},"J8o":{"weight":0.0,"played":[0.3477,0.6523],"evs":[0.0,1.30831]},"Q8o":{"weight":0.0,"played":[0.173,0.827],"evs":[0.0,0.38974]},"K8o":{"weight":0.0,"played":[0.5829,0.4171],"evs":[0.0,-1.45129]},"A8o":{"weight":0.1784,"played":[0.0025,0.9975],"evs":[0.0,5.31414]},"92s":{"weight":0.0,"played":[0.1159,0.8841],"evs":[0.0,5.03074]},"93s":{"weight":0.0,"played":[0.9549,0.0451],"evs":[0.0,-3.1011]},"94s":{"weight":1.0E-4,"played":[0.4882,0.5118],"evs":[0.0,1.23405]},"95s":{"weight":0.0,"played":[0.337,0.663],"evs":[0.0,0.77412]},"96s":{"weight":0.0,"played":[0.03,0.97],"evs":[0.0,3.67175]},"97s":{"weight":5.0E-4,"played":[0.1352,0.8648],"evs":[0.0,4.6283]},"98s":{"weight":0.0011,"played":[0.0011,0.9989],"evs":[0.0,7.04843]},"99":{"weight":0.5926,"played":[1.0E-4,0.9999],"evs":[0.0,10.67797]},"T9o":{"weight":0.0,"played":[0.0493,0.9507],"evs":[0.0,2.72766]},"J9o":{"weight":0.0,"played":[0.8012,0.1988],"evs":[0.0,0.33395]},"Q9o":{"weight":0.0,"played":[0.518,0.482],"evs":[0.0,1.23406]},"K9o":{"weight":0.0,"played":[0.0131,0.9869],"evs":[0.0,2.42649]},"A9o":{"weight":0.7261,"played":[0.0,1.0],"evs":[0.0,2.1679]},"T2s":{"weight":0.0,"played":[0.9199,0.0801],"evs":[0.0,-1.716]},"T3s":{"weight":0.0013,"played":[0.0984,0.9016],"evs":[0.0,3.96804]},"T4s":{"weight":1.0E-4,"played":[0.7195,0.2805],"evs":[0.0,-1.23295]},"T5s":{"weight":1.0E-4,"played":[0.7858,0.2142],"evs":[0.0,-0.97844]},"T6s":{"weight":2.0E-4,"played":[0.9644,0.0356],"evs":[0.0,-1.60203]},"T7s":{"weight":0.0,"played":[0.0031,0.9969],"evs":[0.0,3.04023]},"T8s":{"weight":1.0E-4,"played":[0.2355,0.7645],"evs":[0.0,6.12301]},"T9s":{"weight":0.002,"played":[0.1241,0.8759],"evs":[0.0,3.00571]},"TT":{"weight":0.0782,"played":[3.0E-4,0.9997],"evs":[0.0,17.74701]},"JTo":{"weight":0.0,"played":[0.0921,0.9079],"evs":[0.0,1.84201]},"QTo":{"weight":1.0E-4,"played":[0.0128,0.9872],"evs":[0.0,0.20715]},"KTo":{"weight":0.1483,"played":[0.0372,0.9628],"evs":[0.0,2.26249]},"ATo":{"weight":0.0315,"played":[8.0E-4,0.9992],"evs":[0.0,6.82893]},"J2s":{"weight":0.0,"played":[0.1254,0.8746],"evs":[0.0,1.90311]},"J3s":{"weight":0.0,"played":[0.891,0.109],"evs":[0.0,-4.89498]},"J4s":{"weight":0.0,"played":[0.3557,0.6443],"evs":[0.0,-0.02282]},"J5s":{"weight":0.0,"played":[0.1689,0.8311],"evs":[0.0,-0.20691]},"J6s":{"weight":0.0,"played":[0.1414,0.8586],"evs":[0.0,3.80378]},"J7s":{"weight":0.0,"played":[0.2023,0.7977],"evs":[0.0,6.7049]},"J8s":{"weight":0.0,"played":[6.0E-4,0.9994],"evs":[0.0,3.69848]},"J9s":{"weight":0.0,"played":[0.0346,0.9654],"evs":[0.0,5.55175]},"JTs":{"weight":0.0625,"played":[0.0286,0.9714],"evs":[0.0,5.72701]},"JJ":{"weight":0.0717,"played":[0.0,1.0],"evs":[0.0,20.63464]},"QJo":{"weight":2.0E-4,"played":[1.0E-4,0.9999],"evs":[0.0,3.24229]},"KJo":{"weight":1.0E-4,"played":[4.0E-4,0.9996],"evs":[0.0,3.38802]},"AJo":{"weight":1.0E-4,"played":[0.0,1.0],"evs":[0.0,8.17017]},"Q2s":{"weight":1.0E-4,"played":[0.1002,0.8998],"evs":[0.0,3.24115]},"Q3s":{"weight":0.0,"played":[0.2654,0.7346],"evs":[0.0,1.72326]},"Q4s":{"weight":0.0016,"played":[0.2367,0.7633],"evs":[0.0,1.11388]},"Q5s":{"weight":0.0,"played":[0.2281,0.7719],"evs":[0.0,0.38451]},"Q6s":{"weight":0.0,"played":[0.3269,0.6731],"evs":[0.0,3.03779]},"Q7s":{"weight":1.0E-4,"played":[0.0917,0.9083],"evs":[0.0,2.94553]},"Q8s":{"weight":0.0,"played":[0.0272,0.9728],"evs":[0.0,2.30504]},"Q9s":{"weight":0.0016,"played":[0.3905,0.6095],"evs":[0.0,4.06657]},"QTs":{"weight":0.2556,"played":[0.0013,0.9987],"evs":[0.0,1.85251]},"QJs":{"weight":0.6375,"played":[9.0E-4,0.9991],"evs":[0.0,4.15185]},"QQ":{"weight":0.1156,"played":[4.0E-4,0.9996],"evs":[0.0,19.30284]},"KQo":{"weight":0.4543,"played":[0.0,1.0],"evs":[0.0,3.12763]},"AQo":{"weight":0.2103,"played":[0.0011,0.9989],"evs":[0.0,10.19504]},"K2s":{"weight":0.0,"played":[0.0441,0.9559],"evs":[0.0,1.65886]},"K3s":{"weight":6.0E-4,"played":[0.7601,0.2399],"evs":[0.0,-1.7985]},"K4s":{"weight":2.0E-4,"played":[0.1911,0.8089],"evs":[0.0,3.48729]},"K5s":{"weight":0.0,"played":[0.0158,0.9842],"evs":[0.0,5.76686]},"K6s":{"weight":0.5058,"played":[5.0E-4,0.9995],"evs":[0.0,0.65627]},"K7s":{"weight":0.0472,"played":[0.3756,0.6244],"evs":[0.0,1.40329]},"K8s":{"weight":0.0,"played":[0.0027,0.9973],"evs":[0.0,4.32101]},"K9s":{"weight":0.0,"played":[0.0167,0.9833],"evs":[0.0,3.02942]},"KTs":{"weight":0.0024,"played":[0.0176,0.9824],"evs":[0.0,6.20723]},"KJs":{"weight":0.3867,"played":[0.0012,0.9988],"evs":[0.0,3.2653]},"KQs":{"weight":0.0,"played":[6.0E-4,0.9994],"evs":[0.0,9.93422]},"KK":{"weight":0.6824,"played":[0.0,1.0],"evs":[0.0,25.25221]},"AKo":{"weight":0.2949,"played":[8.0E-4,0.9992],"evs":[0.0,13.8666]},"A2s":{"weight":0.005,"played":[0.0658,0.9342],"evs":[0.0,4.37882]},"A3s":{"weight":0.016,"played":[0.4388,0.5612],"evs":[0.0,5.96893]},"A4s":{"weight":0.108,"played":[0.0456,0.9544],"evs":[0.0,1.96904]},"A5s":{"weight":5.0E-4,"played":[0.0155,0.9845],"evs":[0.0,5.87322]},"A6s":{"weight":0.0203,"played":[0.1059,0.8941],"evs":[0.0,3.65763]},"A7s":{"weight":0.1098,"played":[0.0011,0.9989],"evs":[0.0,2.61775]},"A8s":{"weight":0.9451,"played":[3.0E-4,0.9997],"evs":[0.0,9.45053]},"A9s":{"weight":0.0151,"played":[0.0237,0.9763],"evs":[0.0,11.77137]},"ATs":{"weight":0.7558,"played":[0.0019,0.9981],"evs":[0.0,8.01025]},"AJs":{"weight":0.0589,"played":[0.0,1.0],"evs":[0.0,8.7626]},"AQs":{"weight":0.5761,"played":[0.0017,0.9983],"evs":[0.0,12.27581]},"AKs":{"weight":0.7575,"played":[0.0012,0.9988],"evs":[0.0,12.77712]},"AA":{"weight":0.2988,"played":[0.0,1.0],"evs":[0.0,29.75664]}}}