{"player":3,"street":0,"children":2,"sequence":[{"player":0,"type":"F","amount":0,"street":0},{"player":1,"type":"R","amount":200000,"street":0},{"player":2,"type":"C","amount":200000,"street":0},{"player":3,"type":"C","amount":200000,"street":0},{"player":4,"type":"R","amount":3375000,"street":0},{"player":5,"type":"F","amount":0,"street":0},{"player":1,"type":"F","amount":0,"street":0},{"player":2,"type":"F","amount":0,"street":0}],"actions":[{"type":"F","amount":0},{"type":"C","amount":2195000}],"hands":{"22":{"weight":0.0,"played":[0.1121,0.8879],"evs":[0.0,-1.27676]},"32o":{"weight":0.0,"played":[0.7389,0.2611],"evs":[0.0,-4.36227]},"42o":{"weight":0.0,"played":[0.9649,0.0351],"evs":[0.0,-3.28036]},"52o":{"weight":0.0,"played":[0.6874,0.3126],"evs":[0.0,-5.07208]},"62o":{"weight":0.0,"played":[0.9843,0.0157],"evs":[0.0,-8.17671]},"72o":{"weight":0.0,"played":[0.852,0.148],"evs":[0.0,-7.74715]},"82o":{"weight":0.0,"played":[0.9998,2.0E-4],"evs":[0.0,-4.77259]},"92o":{"weight":0.0,"played":[1.0,0.0],"evs":[0.0,-6.76421]},"T2o":{"weight":0.0,"played":[0.5523,0.4477],"evs":[0.0,-1.44883]},"J2o":{"weight":0.0,"played":[0.9631,0.0369],"evs":[0.0,-7.17627]},"Q2o":{"weight":0.0,"played":[0.5039,0.4961],"evs":[0.0,-1.53381]},"K2o":{"weight":0.0,"played":[0.4338,0.5662],"evs":[0.0,2.18906]},"A2o":{"weight":0.0,"played":[0.7737,0.2263],"evs":[0.0,-3.72466]},"32s":{"weight":0.0,"played":[0.8056,0.1944],"evs":[0.0,0.77359]},"33":{"weight":0.5451,"played":[0.3284,0.6716],"evs":[0.0,-2.08157]},"43o":{"weight":0.0,"played":[0.8748,0.1252],"evs":[0.0,-5.91639]},"53o":{"weight":0.0,"played":[1.0,0.0],"evs":[0.0,-0.51676]},"63o":{"weight":0.0,"played":[1.0,0.0],"evs":[0.0,-7.04104]},"73o":{"weight":0.0,"played":[0.9928,0.0072],"evs":[0.0,-10.37704]},"83o":{"weight":0.0,"played":[0.639,0.361],"evs":[0.0,-1.04237]},"93o":{"weight":0.0,"played":[0.6054,0.3946],"evs":[0.0,-0.99067]},"T3o":{"weight":0.0,"played":[0.6863,0.3137],"evs":[0.0,0.56462]},"J3o":{"weight":0.0,"played":[0.9997,3.0E-4],"evs":[0.0,-4.10476]},"Q3o":{"weight":0.0,"played":[0.931,0.069],"evs":[0.0,-4.65153]},"K3o":{"weight":0.0,"played":[0.8186,0.1814],"evs":[0.0,-2.8931]},"A3o":{"weight":0.0,"played":[0.8717,0.1283],"evs":[0.0,-6.77967]},"42s":{"weight":0.0,"played":[0.9734,0.0266],"evs":[0.0,-12.05164]},"43s":{"weight":0.0,"played":[0.4909,0.5091],"evs":[0.0,3.53225]},"44":{"weight":0.9514,"played":[0.5307,0.4693],"evs":[0.0,0.87618]},"54o":{"weight":0.0,"played":[0.8932,0.1068],"evs":[0.0,-2.33499]},"64o":{"weight":0.0,"played":[0.9998,2.0E-4],"evs":[0.0,-3.78612]},"74o":{"weight":0.0,"played":[0.8486,0.1514],"evs":[0.0,-2.88027]},"84o":{"weight":0.0,"played":[0.74,0.26],"evs":[0.0,-1.10011]},"94o":{"weight":0.0,"played":[0.667,0.333],"evs":[0.0,0.66387]},"T4o":{"weight":0.0,"played":[0.9939,0.0061],"evs":[0.0,-3.05023]},"J4o":{"weight":0.0,"played":[0.9328,0.0672],"evs":[0.0,-6.4049]},"Q4o":{"weight":0.0,"played":[0.9644,0.0356],"evs":[0.0,-2.58146]},"K4o":{"weight":0.0,"played":[0.9862,0.0138],"evs":[0.0,-1.29654]},"A4o":{"weight":0.0,"played":[0.7766,0.2234],"evs":[0.0,-3.83461]},"52s":{"weight":0.0,"played":[0.9367,0.0633],"evs":[0.0,-5.4912]},"53s":{"weight":0.0,"played":[0.684,0.316],"evs":[0.0,4.00942]},"54s":{"weight":0.0,"played":[0.0625,0.9375],"evs":[0.0,4.26625]},"55":{"weight":3.0E-4,"played":[0.3093,0.6907],"evs":[0.0,-1.29466]},"65o":{"weight":0.0,"played":[0.4887,0.5113],"evs":[0.0,-0.18804]},"75o":{"weight":0.0,"played":[0.0441,0.9559],"evs":[0.0,0.84489]},"85o":{"weight":0.0,"played":[0.7121,0.2879],"evs":[0.0,-1.24419]},"95o":{"weight":0.0,"played":[0.6478,0.3522],"evs":[0.0,1.26769]},"T5o":{"weight":0.0,"played":[0.9744,0.0256],"evs":[0.0,-2.2157]},"J5o":{"weight":0.0,"played":[0.5783,0.4217],"evs":[0.0,-4.00286]},"Q5o":{"weight":0.0,"played":[0.5313,0.4687],"evs":[0.0,-1.96521]},"K5o":{"weight":0.0,"played":[0.4868,0.5132],"evs":[0.0,-3.47017]},"A5o":{"weight":0.0,"played":[0.0132,0.9868],"evs":[0.0,1.62506]},"62s":{"weight":0.0,"played":[0.4829,0.5171],"evs":[0.0,-3.24198]},"63s":{"weight":0.0,"played":[0.8651,0.1349],"evs":[0.0,-2.74751]},"64s":{"weight":0.0,"played":[0.9898,0.0102],"evs":[0.0,-7.61977]},"65s":{"weight":0.0,"played":[0.7715,0.2285],"evs":[0.0,-1.32049]},"66":{"weight":0.0,"played":[0.5238,0.4762],"evs":[0.0,2.44619]},"76o":{"weight":0.0,"played":[0.8026,0.1974],"evs":[0.0,-1.31306]},"86o":{"weight":0.0,"played":[0.1286,0.8714],"evs":[0.0,2.88609]},"96o":{"weight":0.0,"played":[0.9946,0.0054],"evs":[0.0,-4.28584]},"T6o":{"weight":0.0,"played":[0.8921,0.1079],"evs":[0.0,-0.24097]},"J6o":{"weight":0.0,"played":[0.6452,0.3548],"evs":[0.0,-2.2715]},"Q6o":{"weight":0.0,"played":[0.6911,0.3089],"evs":[0.0,-2.97716]},"K6o":{"weight":0.0,"played":[0.477,0.523],"evs":[0.0,-1.27417]},"A6o":{"weight":0.0,"played":[0.6428,0.3572],"evs":[0.0,-1.41694]},"72s":{"weight":0.0,"played":[0.5412,0.4588],"evs":[0.0,-2.02693]},"73s":{"weight":0.0,"played":[0.8963,0.1037],"evs":[0.0,-0.71702]},"74s":{"weight":0.0,"played":[0.5988,0.4012],"evs":[0.0,4.48978]},"75s":{"weight":0.0,"played":[0.975,0.025],"evs":[0.0,0.13033]},"76s":{"weight":0.0959,"played":[0.6652,0.3348],"evs":[0.0,-0.7658]},"77":{"weight":0.0,"played":[0.0403,0.9597],"evs":[0.0,8.15121]},"87o":{"weight":0.0,"played":[0.745,0.255],"evs":[0.0,-3.09153]},"97o":{"weight":0.0,"played":[0.9342,0.0658],"evs":[0.0,-6.7669]},"T7o":{"weight":0.0,"played":[0.628,0.372],"evs":[0.0,-0.83155]},"J7o":{"weight":0.0,"played":[0.737,0.263],"evs":[0.0,-4.06484]},"Q7o":{"weight":0.0,"played":[0.5703,0.4297],"evs":[0.0,-1.8299]},"K7o":{"weight":0.0,"played":[0.4935,0.5065],"evs":[0.0,-2.82743]},"A7o":{"weight":0.0,"played":[0.0569,0.9431],"evs":[0.0,1.81064]},"82s":{"weight":0.0,"played":[0.7861,0.2139],"evs":[0.0,-9.76117]},"83s":{"weight":0.0,"played":[0.3318,0.6682],"evs":[0.0,8.02229]},"84s":{"weight":0.0,"played":[0.1593,0.8407],"evs":[0.0,-3.81472]},"85s":{"weight":0.0,"played":[0.243,0.757],"evs":[0.0,3.25848]},"86s":{"weight":0.0,"played":[0.0019,0.9981],"evs":[0.0,4.38447]},"87s":{"weight":8.0E-4,"played":[0.0454,0.9546],"evs":[0.0,3.60202]},"88":{"weight":0.0,"played":[0.543,0.457],"evs":[0.0,4.39975]},"98o":{"weight":0.0,"played":[0.7777,0.2223],"evs":[0.0,-6.22799]},"T8o":{"weight":0.0,"played":[0.7654,0.2346],"evs":[0.0,-0.40908]},"J8o":{"weight":0.0,"played":[0.6741,0.3259],"evs":[0.0,-5.06076]},"Q8o":{"weight":0.0,"played":[0.7901,0.2099],"evs":[0.0,-1.08614]},"K8o":{"weight":0.0,"played":[0.9386,0.0614],"evs":[0.0,-9.85807]},"A8o":{"weight":0.1863,"played":[0.9702,0.0298],"evs":[0.0,-5.59186]},"92s":{"weight":0.0,"played":[0.3673,0.6327],"evs":[0.0,-3.08283]},"93s":{"weight":0.0,"played":[0.3181,0.6819],"evs":[0.0,1.1531]},"94s":{"weight":0.0,"played":[0.9945,0.0055],"evs":[0.0,-13.1302]},"95s":{"weight":0.0,"played":[0.2847,0.7153],"evs":[0.0,3.98308]},"96s":{"weight":0.0,"played":[0.5101,0.4899],"evs":[0.0,-2.28096]},"97s":{"weight":0.0,"played":[0.5808,0.4192],"evs":[0.0,-1.15451]},"98s":{"weight":0.1684,"played":[0.3684,0.6316],"evs":[0.0,1.39897]},"99":{"weight":0.0,"played":[0.0582,0.9418],"evs":[0.0,4.65157]},"T9o":{"weight":0.0,"played":[0.1986,0.8014],"evs":[0.0,0.98232]},"J9o":{"weight":0.0,"played":[0.3917,0.6083],"evs":[0.0,-1.4401]},"Q9o":{"weight":0.0,"played":[0.3806,0.6194],"evs":[0.0,-0.45255]},"K9o":{"weight":0.0,"played":[0.1025,0.8975],"evs":[0.0,6.38996]},"A9o":{"weight":0.9216,"played":[0.2978,0.7022],"evs":[0.0,-1.58306]},"T2s":{"weight":0.0,"played":[0.6893,0.3107],"evs":[0.0,0.74284]},"T3s":{"weight":0.0,"played":[0.9596,0.0404],"evs":[0.0,-10.15635]},"T4s":{"weight":0.0,"played":[0.6851,0.3149],"evs":[0.0,6.79037]},"T5s":{"weight":0.0,"played":[0.5295,0.4705],"evs":[0.0,-3.97985]},"T6s":{"weight":0.0,"played":[0.6453,0.3547],"evs":[0.0,1.23632]},"T7s":{"weight":2.0E-4,"played":[0.7857,0.2143],"evs":[0.0,-5.02611]},"T8s":{"weight":0.0,"played":[0.668,0.332],"evs":[0.0,-7.07475]},"T9s":{"weight":6.0E-4,"played":[0.946,0.054],"evs":[0.0,3.75268]},"TT":{"weight":0.0,"played":[0.0362,0.9638],"evs":[0.0,2.17424]},"JTo":{"weight":0.0,"played":[0.997,0.003],"evs":[0.0,-8.89442]},"QTo":{"weight":0.0,"played":[0.1226,0.8774],"evs":[0.0,5.92618]},"KTo":{"weight":0.0516,"played":[0.1316,0.8684],"evs":[0.0,3.93197]},"ATo":{"weight":1.0E-4,"played":[0.0147,0.9853],"evs":[0.0,2.71358]},"J2s":{"weight":0.0,"played":[0.8706,0.1294],"evs":[0.0,-7.11455]},"J3s":{"weight":0.0,"played":[0.9033,0.0967],"evs":[0.0,-8.69809]},"J4s":{"weight":0.0,"played":[0.3754,0.6246],"evs":[0.0,1.32401]},"J5s":{"weight":0.0,"played":[0.6223,0.3777],"evs":[0.0,0.67263]},"J6s":{"weight":0.0,"played":[0.1708,0.8292],"evs":[0.0,-3.31159]},"J7s":{"weight":0.0,"played":[0.6054,0.3946],"evs":[0.0,0.703]},"J8s":{"weight":0.0,"played":[0.8874,0.1126],"evs":[0.0,-6.71051]},"J9s":{"weight":0.0194,"played":[0.469,0.531],"evs":[0.0,0.7736]},"JTs":{"weight":0.0132,"played":[0.029,0.971],"evs":[0.0,8.48863]},"JJ":{"weight":0.0,"played":[0.007,0.993],"evs":[0.0,8.71959]},"QJo":{"weight":0.4239,"played":[0.9475,0.0525],"evs":[0.0,-1.21984]},"KJo":{"weight":0.9352,"played":[0.5949,0.4051],"evs":[0.0,1.44975]},"AJo":{"weight":7.0E-4,"played":[0.3421,0.6579],"evs":[0.0,7.06184]},"Q2s":{"weight":0.0,"played":[0.9245,0.0755],"evs":[0.0,-7.37728]},"Q3s":{"weight":0.0,"played":[0.4851,0.5149],"evs":[0.0,-6.7188]},"Q4s":{"weight":0.0,"played":[0.6745,0.3255],"evs":[0.0,-0.24004]},"Q5s":{"weight":0.0,"played":[0.7307,0.2693],"evs":[0.0,-5.18516]},"Q6s":{"weight":0.0,"played":[0.0,1.0],"evs":[0.0,6.64798]},"Q7s":{"weight":0.0,"played":[0.2735,0.7265],"evs":[0.0,4.72999]},"Q8s":{"weight":0.0139,"played":[0.5499,0.4501],"evs":[0.0,-3.39095]},"Q9s":{"weight":0.1403,"played":[0.3404,0.6596],"evs":[0.0,6.08228]},"QTs":{"weight":0.6217,"played":[0.6637,0.3363],"evs":[0.0,-3.87925]},"QJs":{"weight":0.6809,"played":[0.6616,0.3384],"evs":[0.0,-0.44945]},"QQ":{"weight":4.0E-4,"played":[0.0251,0.9749],"evs":[0.0,9.71273]},"KQo":{"weight":0.0466,"played":[0.0,1.0],"evs":[0.0,1.53703]},"AQo":{"weight":0.0,"played":[0.2239,0.7761],"evs":[0.0,4.4083]},"K2s":{"weight":0.0,"played":[0.9286,0.0714],"evs":[0.0,-3.77398]},"K3s":{"weight":0.0,"played":[0.6658,0.3342],"evs":[0.0,-2.33651]},"K4s":{"weight":0.0,"played":[0.867,0.133],"evs":[0.0,-4.27828]},"K5s":{"weight":0.0,"played":[0.7423,0.2577],"evs":[0.0,0.06514]},"K6s":{"weight":0.0,"played":[0.5614,0.4386],"evs":[0.0,4.28407]},"K7s":{"weight":0.0,"played":[0.5314,0.4686],"evs":[0.0,-2.4553]},"K8s":{"weight":0.4866,"played":[0.5003,0.4997],"evs":[0.0,-4.58353]},"K9s":{"weight":0.9045,"played":[0.8825,0.1175],"evs":[0.0,-5.33496]},"KTs":{"weight":0.3148,"played":[0.367,0.633],"evs":[0.0,-1.6744]},"KJs":{"weight":0.0052,"played":[0.5659,0.4341],"evs":[0.0,-0.15387]},"KQs":{"weight":0.0064,"played":[0.6174,0.3826],"evs":[0.0,-8.40644]},"KK":{"weight":0.0,"played":[0.0144,0.9856],"evs":[0.0,15.10958]},"AKo":{"weight":0.0,"played":[0.0948,0.9052],"evs":[0.0,8.98179]},"A2s":{"weight":0.2725,"played":[0.4712,0.5288],"evs":[0.0,-2.0517]},"A3s":{"weight":0.9405,"played":[0.9053,0.0947],"evs":[0.0,-1.59712]},"A4s":{"weight":0.7307,"played":[0.8719,0.1281],"evs":[0.0,-5.71054]},"A5s":{"weight":0.161,"played":[0.866,0.134],"evs":[0.0,-9.21184]},"A6s":{"weight":0.1131,"played":[0.1008,0.8992],"evs":[0.0,4.55232]},"A7s":{"weight":0.0046,"played":[1.0,0.0],"evs":[0.0,-4.77445]},"A8s":{"weight":0.0117,"played":[0.0186,0.9814],"evs":[0.0,1.74709]},"A9s":{"weight":0.0077,"played":[0.6235,0.3765],"evs":[0.0,4.10713]},"ATs":{"weight":2.0E-4,"played":[0.5587,0.4413],"evs":[0.0,1.13448]},"AJs":{"weight":1.0E-4,"played":[0.3929,0.6071],"evs":[0.0,3.79733]},"AQs":{"weight":4.0E-4,"played":[0.9167,0.0833],"evs":[0.0,-4.29747]},"AKs":{"weight":0.0,"played":[0.8857,0.1143],"evs":[0.0,-4.53667]},"AA":{"weight":0.0194,"played":[0.0,1.0],"evs":[0.0,14.40632]}}}