{"player":2,"street":0,"children":2,"sequence":[{"player":0,"type":"F","amount":0,"street":0},{"player":1,"type":"R","amount":200000,"street":0},{"player":2,"type":"C","amount":200000,"street":0},{"player":3,"type":"C","amount":200000,"street":0},{"player":4,"type":"R","amount":3375000,"street":0},{"player":5,"type":"C","amount":795000,"street":0},{"player":1,"type":"F","amount":0,"street":0}],"actions":[{"type":"F","amount":0,"node":374},{"type":"C","amount":1065000,"node":375}],"hands":{"22":{"weight":0.0,"played":[0.0,1.0],"evs":[0.0,0.50577]},"32o":{"weight":0.0,"played":[0.999,0.001],"evs":[0.0,-1.77495]},"42o":{"weight":0.0,"played":[0.9997,3.0E-4],"evs":[0.0,-1.68501]},"52o":{"weight":0.0,"played":[0.9917,0.0083],"evs":[0.0,-0.81141]},"62o":{"weight":0.0,"played":[1.0,0.0],"evs":[0.0,-1.64242]},"72o":{"weight":0.0,"played":[1.0,0.0],"evs":[0.0,-1.75145]},"82o":{"weight":0.0,"played":[1.0,0.0],"evs":[0.0,-1.62858]},"92o":{"weight":0.0,"played":[0.9995,5.0E-4],"evs":[0.0,-2.19821]},"T2o":{"weight":0.0,"played":[0.9999,1.0E-4],"evs":[0.0,-1.60424]},"J2o":{"weight":0.0,"played":[1.0,0.0],"evs":[0.0,-1.69765]},"Q2o":{"weight":0.0,"played":[0.9955,0.0045],"evs":[0.0,-1.30744]},"K2o":{"weight":0.0,"played":[0.9976,0.0024],"evs":[0.0,-1.87392]},"A2o":{"weight":0.0,"played":[0.9993,7.0E-4],"evs":[0.0,-0.78414]},"32s":{"weight":0.0,"played":[0.7324,0.2676],"evs":[0.0,-0.95342]},"33":{"weight":0.0,"played":[0.0024,0.9976],"evs":[0.0,0.27563]},"43o":{"weight":0.0,"played":[0.977,0.023],"evs":[0.0,-1.21839]},"53o":{"weight":0.0,"played":[0.9997,3.0E-4],"evs":[0.0,-0.61956]},"63o":{"weight":0.0,"played":[1.0,0.0],"evs":[0.0,-0.95883]},"73o":{"weight":0.0,"played":[0.9999,1.0E-4],"evs":[0.0,-1.41206]},"83o":{"weight":0.0,"played":[0.9999,1.0E-4],"evs":[0.0,-1.83035]},"93o":{"weight":0.0,"played":[1.0,0.0],"evs":[0.0,-1.66614]},"T3o":{"weight":0.0,"played":[1.0,0.0],"evs":[0.0,-1.64829]},"J3o":{"weight":0.0,"played":[1.0,0.0],"evs":[0.0,-2.28845]},"Q3o":{"weight":0.0,"played":[0.9965,0.0035],"evs":[0.0,-1.09961]},"K3o":{"weight":0.0,"played":[0.9857,0.0143],"evs":[0.0,-1.96464]},"A3o":{"weight":0.0,"played":[0.9994,6.0E-4],"evs":[0.0,-0.51003]},"42s":{"weight":0.0,"played":[0.7636,0.2364],"evs":[0.0,-0.83865]},"43s":{"weight":0.0,"played":[0.582,0.418],"evs":[0.0,-0.2372]},"44":{"weight":0.1537,"played":[0.0015,0.9985],"evs":[0.0,2.17303]},"54o":{"weight":0.0,"played":[0.4522,0.5478],"evs":[0.0,-0.16099]},"64o":{"weight":0.0,"played":[0.9562,0.0438],"evs":[0.0,-0.43758]},"74o":{"weight":0.0,"played":[0.9873,0.0127],"evs":[0.0,-0.62949]},"84o":{"weight":0.0,"played":[0.9986,0.0014],"evs":[0.0,-1.44499]},"94o":{"weight":0.0,"played":[1.0,0.0],"evs":[0.0,-1.90576]},"T4o":{"weight":0.0,"played":[0.9999,1.0E-4],"evs":[0.0,-1.0203]},"J4o":{"weight":0.0,"played":[0.9978,0.0022],"evs":[0.0,-1.78084]},"Q4o":{"weight":0.0,"played":[0.9994,6.0E-4],"evs":[0.0,-1.08361]},"K4o":{"weight":0.0,"played":[0.9902,0.0098],"evs":[0.0,-1.18198]},"A4o":{"weight":0.0,"played":[0.7855,0.2145],"evs":[0.0,-0.52232]},"52s":{"weight":0.0,"played":[0.9496,0.0504],"evs":[0.0,0.07474]},"53s":{"weight":0.0,"played":[0.3024,0.6976],"evs":[0.0,0.6585]},"54s":{"weight":0.0,"played":[0.1104,0.8896],"evs":[0.0,1.30107]},"55":{"weight":0.4401,"played":[4.0E-4,0.9996],"evs":[0.0,2.90413]},"65o":{"weight":0.0,"played":[0.4644,0.5356],"evs":[0.0,0.02823]},"75o":{"weight":0.0,"played":[0.8156,0.1844],"evs":[0.0,-0.40869]},"85o":{"weight":0.0,"played":[0.9997,3.0E-4],"evs":[0.0,-0.74332]},"95o":{"weight":0.0,"played":[0.9995,5.0E-4],"evs":[0.0,-1.00852]},"T5o":{"weight":0.0,"played":[1.0,0.0],"evs":[0.0,-1.11031]},"J5o":{"weight":0.0,"played":[0.9998,2.0E-4],"evs":[0.0,-1.50359]},"Q5o":{"weight":0.0,"played":[0.9952,0.0048],"evs":[0.0,-1.00401]},"K5o":{"weight":0.0,"played":[0.9916,0.0084],"evs":[0.0,-0.53641]},"A5o":{"weight":0.0,"played":[0.8883,0.1117],"evs":[0.0,-0.26458]},"62s":{"weight":0.0,"played":[0.9136,0.0864],"evs":[0.0,-0.39637]},"63s":{"weight":0.0,"played":[0.6124,0.3876],"evs":[0.0,-0.21531]},"64s":{"weight":0.0,"played":[0.0576,0.9424],"evs":[0.0,0.85377]},"65s":{"weight":0.0,"played":[8.0E-4,0.9992],"evs":[0.0,1.36798]},"66":{"weight":7.0E-4,"played":[0.0,1.0],"evs":[0.0,3.58196]},"76o":{"weight":0.0,"played":[0.0241,0.9759],"evs":[0.0,0.35198]},"86o":{"weight":0.0,"played":[2.0E-4,0.9998],"evs":[0.0,0.55568]},"96o":{"weight":0.0,"played":[0.9949,0.0051],"evs":[0.0,-0.33927]},"T6o":{"weight":0.0,"played":[0.986,0.014],"evs":[0.0,-0.64438]},"J6o":{"weight":0.0,"played":[0.9998,2.0E-4],"evs":[0.0,-0.97729]},"Q6o":{"weight":0.0,"played":[0.9983,0.0017],"evs":[0.0,-0.64532]},"K6o":{"weight":0.0,"played":[0.9999,1.0E-4],"evs":[0.0,-0.91601]},"A6o":{"weight":0.0,"played":[0.7949,0.2051],"evs":[0.0,-0.03939]},"72s":{"weight":0.0,"played":[0.9424,0.0576],"evs":[0.0,-0.45104]},"73s":{"weight":0.0,"played":[0.4251,0.5749],"evs":[0.0,-0.29339]},"74s":{"weight":0.0,"played":[0.4621,0.5379],"evs":[0.0,0.1333]},"75s":{"weight":0.0,"played":[0.0149,0.9851],"evs":[0.0,0.9436]},"76s":{"weight":0.0,"played":[0.0398,0.9602],"evs":[0.0,1.42492]},"77":{"weight":0.0,"played":[0.0,1.0],"evs":[0.0,3.76069]},"87o":{"weight":0.0,"played":[0.1197,0.8803],"evs":[0.0,0.23732]},"97o":{"weight":0.0,"played":[0.4916,0.5084],"evs":[0.0,0.01276]},"T7o":{"weight":0.0,"played":[0.8974,0.1026],"evs":[0.0,6.2E-4]},"J7o":{"weight":0.0,"played":[0.9997,3.0E-4],"evs":[0.0,-0.65229]},"Q7o":{"weight":0.0,"played":[0.9996,4.0E-4],"evs":[0.0,-0.31552]},"K7o":{"weight":0.0,"played":[0.9174,0.0826],"evs":[0.0,-0.51738]},"A7o":{"weight":0.0,"played":[0.026,0.974],"evs":[0.0,0.17303]},"82s":{"weight":0.0,"played":[0.4938,0.5062],"evs":[0.0,-0.58474]},"83s":{"weight":0.0,"played":[0.9998,2.0E-4],"evs":[0.0,-1.09975]},"84s":{"weight":0.0,"played":[0.9575,0.0425],"evs":[0.0,-0.14363]},"85s":{"weight":0.0,"played":[0.0355,0.9645],"evs":[0.0,0.98548]},"86s":{"weight":0.0,"played":[8.0E-4,0.9992],"evs":[0.0,1.52634]},"87s":{"weight":0.0,"played":[0.0014,0.9986],"evs":[0.0,1.40237]},"88":{"weight":0.0,"played":[0.0,1.0],"evs":[0.0,4.62194]},"98o":{"weight":0.0,"played":[0.131,0.869],"evs":[0.0,0.20456]},"T8o":{"weight":0.0,"played":[0.6526,0.3474],"evs":[0.0,0.1538]},"J8o":{"weight":0.0,"played":[0.9713,0.0287],"evs":[0.0,-0.11986]},"Q8o":{"weight":0.0,"played":[0.6491,0.3509],"evs":[0.0,-0.16586]},"K8o":{"weight":0.0,"played":[0.9607,0.0393],"evs":[0.0,-0.41676]},"A8o":{"weight":0.0,"played":[0.0131,0.9869],"evs":[0.0,0.67529]},"92s":{"weight":0.0,"played":[0.9141,0.0859],"evs":[0.0,-0.7792]},"93s":{"weight":0.0,"played":[0.9313,0.0687],"evs":[0.0,-0.86694]},"94s":{"weight":0.0,"played":[0.8205,0.1795],"evs":[0.0,-0.22205]},"95s":{"weight":0.0,"played":[0.2083,0.7917],"evs":[0.0,0.59486]},"96s":{"weight":0.0,"played":[0.3133,0.6867],"evs":[0.0,0.81931]},"97s":{"weight":0.0,"played":[0.015,0.985],"evs":[0.0,1.36827]},"98s":{"weight":0.0,"played":[0.0017,0.9983],"evs":[0.0,1.60824]},"99":{"weight":0.0,"played":[0.0,1.0],"evs":[0.0,5.31406]},"T9o":{"weight":0.0,"played":[0.004,0.996],"evs":[0.0,0.43454]},"J9o":{"weight":0.0,"played":[0.3288,0.6712],"evs":[0.0,-0.38331]},"Q9o":{"weight":0.0,"played":[0.0099,0.9901],"evs":[0.0,0.54285]},"K9o":{"weight":0.0,"played":[0.5976,0.4024],"evs":[0.0,-0.34608]},"A9o":{"weight":3.0E-4,"played":[0.0029,0.9971],"evs":[0.0,0.42606]},"T2s":{"weight":0.0,"played":[0.9491,0.0509],"evs":[0.0,-1.54775]},"T3s":{"weight":0.0,"played":[0.8309,0.1691],"evs":[0.0,-0.96336]},"T4s":{"weight":0.0,"played":[0.7747,0.2253],"evs":[0.0,-0.32145]},"T5s":{"weight":0.0,"played":[0.5308,0.4692],"evs":[0.0,0.01268]},"T6s":{"weight":0.0,"played":[0.1066,0.8934],"evs":[0.0,0.88009]},"T7s":{"weight":0.0,"played":[0.0062,0.9938],"evs":[0.0,0.77068]},"T8s":{"weight":0.0,"played":[0.0294,0.9706],"evs":[0.0,1.40732]},"T9s":{"weight":1.0E-4,"played":[0.0026,0.9974],"evs":[0.0,1.56063]},"TT":{"weight":0.0,"played":[0.0,1.0],"evs":[0.0,6.00109]},"JTo":{"weight":0.0,"played":[0.02,0.98],"evs":[0.0,0.71437]},"QTo":{"weight":0.0,"played":[0.0094,0.9906],"evs":[0.0,1.29712]},"KTo":{"weight":0.0,"played":[0.042,0.958],"evs":[0.0,0.43537]},"ATo":{"weight":0.0,"played":[1.0E-4,0.9999],"evs":[0.0,1.50892]},"J2s":{"weight":0.0,"played":[0.9163,0.0837],"evs":[0.0,-0.74211]},"J3s":{"weight":0.0,"played":[0.9931,0.0069],"evs":[0.0,-0.57669]},"J4s":{"weight":0.0,"played":[0.5536,0.4464],"evs":[0.0,-0.44991]},"J5s":{"weight":0.0,"played":[0.7236,0.2764],"evs":[0.0,0.0925]},"J6s":{"weight":0.0,"played":[0.5106,0.4894],"evs":[0.0,0.14392]},"J7s":{"weight":0.0,"played":[0.1879,0.8121],"evs":[0.0,-0.0307]},"J8s":{"weight":0.0,"played":[0.0188,0.9812],"evs":[0.0,1.28001]},"J9s":{"weight":0.0,"played":[0.0014,0.9986],"evs":[0.0,0.66362]},"JTs":{"weight":1.0,"played":[0.002,0.998],"evs":[0.0,1.53804]},"JJ":{"weight":0.0,"played":[0.0,1.0],"evs":[0.0,7.00626]},"QJo":{"weight":0.0,"played":[5.0E-4,0.9995],"evs":[0.0,0.97843]},"KJo":{"weight":0.1378,"played":[0.0013,0.9987],"evs":[0.0,1.02362]},"AJo":{"weight":0.0,"played":[0.0,1.0],"evs":[0.0,2.5749]},"Q2s":{"weight":0.0,"played":[0.8456,0.1544],"evs":[0.0,-0.69248]},"Q3s":{"weight":0.0,"played":[0.823,0.177],"evs":[0.0,0.03005]},"Q4s":{"weight":0.0,"played":[0.4187,0.5813],"evs":[0.0,-0.01466]},"Q5s":{"weight":0.0,"played":[0.0174,0.9826],"evs":[0.0,1.24716]},"Q6s":{"weight":0.0,"played":[0.0388,0.9612],"evs":[0.0,1.08749]},"Q7s":{"weight":0.0,"played":[0.1169,0.8831],"evs":[0.0,0.76173]},"Q8s":{"weight":0.0,"played":[0.0277,0.9723],"evs":[0.0,1.08443]},"Q9s":{"weight":0.0,"played":[1.0E-4,0.9999],"evs":[0.0,1.41891]},"QTs":{"weight":1.0,"played":[0.0037,0.9963],"evs":[0.0,0.88553]},"QJs":{"weight":1.0,"played":[0.0,1.0],"evs":[0.0,2.4676]},"QQ":{"weight":0.0,"played":[0.0,1.0],"evs":[0.0,8.90658]},"KQo":{"weight":0.0,"played":[1.0E-4,0.9999],"evs":[0.0,1.41306]},"AQo":{"weight":0.0,"played":[0.0,1.0],"evs":[0.0,3.59085]},"K2s":{"weight":0.0,"played":[0.91,0.09],"evs":[0.0,-0.45105]},"K3s":{"weight":0.0,"played":[0.9612,0.0388],"evs":[0.0,-0.24052]},"K4s":{"weight":0.0,"played":[0.9098,0.0902],"evs":[0.0,0.00288]},"K5s":{"weight":0.0,"played":[0.2236,0.7764],"evs":[0.0,0.45962]},"K6s":{"weight":0.0,"played":[0.0119,0.9881],"evs":[0.0,0.87956]},"K7s":{"weight":0.0,"played":[0.8817,0.1183],"evs":[0.0,-0.48284]},"K8s":{"weight":0.0,"played":[6.0E-4,0.9994],"evs":[0.0,0.9459]},"K9s":{"weight":6.0E-4,"played":[0.0045,0.9955],"evs":[0.0,0.93498]},"KTs":{"weight":0.4495,"played":[0.0011,0.9989],"evs":[0.0,1.78174]},"KJs":{"weight":0.0012,"played":[4.0E-4,0.9996],"evs":[0.0,2.19418]},"KQs":{"weight":0.0,"played":[0.0028,0.9972],"evs":[0.0,3.39472]},"KK":{"weight":0.0,"played":[0.0,1.0],"evs":[0.0,11.41317]},"AKo":{"weight":0.0,"played":[4.0E-4,0.9996],"evs":[0.0,3.49054]},"A2s":{"weight":0.0,"played":[0.0191,0.9809],"evs":[0.0,0.37346]},"A3s":{"weight":0.0,"played":[0.0171,0.9829],"evs":[0.0,1.3929]},"A4s":{"weight":0.0013,"played":[0.0272,0.9728],"evs":[0.0,0.75334]},"A5s":{"weight":1.0,"played":[6.0E-4,0.9994],"evs":[0.0,1.59957]},"A6s":{"weight":0.0228,"played":[7.0E-4,0.9993],"evs":[0.0,1.20762]},"A7s":{"weight":0.672,"played":[0.0032,0.9968],"evs":[0.0,1.4727]},"A8s":{"weight":0.0,"played":[4.0E-4,0.9996],"evs":[0.0,1.27629]},"A9s":{"weight":0.0,"played":[2.0E-4,0.9998],"evs":[0.0,2.9259]},"ATs":{"weight":0.0,"played":[5.0E-4,0.9995],"evs":[0.0,2.84139]},"AJs":{"weight":0.0,"played":[0.0,1.0],"evs":[0.0,3.61877]},"AQs":{"weight":0.0,"played":[1.0E-4,0.9999],"evs":[0.0,4.67195]},"AKs":{"weight":0.0,"played":[0.0,1.0],"evs":[0.0,4.92728]},"AA":{"weight":0.0375,"played":[0.0,1.0],"evs":[0.0,13.70973]}}}