{"player":4,"street":0,"children":2,"sequence":[{"player":0,"type":"F","amount":0,"street":0},{"player":1,"type":"R","amount":200000,"street":0},{"player":2,"type":"C","amount":200000,"street":0},{"player":3,"type":"R","amount":600000,"street":0}],"actions":[{"type":"F","amount":0,"node":380},{"type":"R","amount":3375000,"node":406}],"hands":{"22":{"weight":1.0,"played":[0.8727,0.1273],"evs":[0.0,-1.59562]},"32o":{"weight":1.0,"played":[1.0,0.0],"evs":[0.0,-5.56775]},"42o":{"weight":1.0,"played":[0.9981,0.0019],"evs":[0.0,-6.25304]},"52o":{"weight":1.0,"played":[0.9996,4.0E-4],"evs":[0.0,-6.493]},"62o":{"weight":1.0,"played":[0.9999,1.0E-4],"evs":[0.0,-5.00368]},"72o":{"weight":1.0,"played":[0.9999,1.0E-4],"evs":[0.0,-6.33352]},"82o":{"weight":1.0,"played":[1.0,0.0],"evs":[0.0,-6.77622]},"92o":{"weight":1.0,"played":[1.0,0.0],"evs":[0.0,-5.98254]},"T2o":{"weight":1.0,"played":[1.0,0.0],"evs":[0.0,-7.09898]},"J2o":{"weight":1.0,"played":[1.0,0.0],"evs":[0.0,-6.35909]},"Q2o":{"weight":1.0,"played":[1.0,0.0],"evs":[0.0,-6.46966]},"K2o":{"weight":1.0,"played":[0.9964,0.0036],"evs":[0.0,-4.92931]},"A2o":{"weight":1.0,"played":[0.9997,3.0E-4],"evs":[0.0,-3.72328]},"32s":{"weight":1.0,"played":[0.9989,0.0011],"evs":[0.0,-3.12554]},"33":{"weight":1.0,"played":[0.9836,0.0164],"evs":[0.0,-2.40792]},"43o":{"weight":1.0,"played":[0.9999,1.0E-4],"evs":[0.0,-5.08453]},"53o":{"weight":1.0,"played":[0.9877,0.0123],"evs":[0.0,-4.58418]},"63o":{"weight":1.0,"played":[0.999,0.001],"evs":[0.0,-6.2312]},"73o":{"weight":1.0,"played":[0.9999,1.0E-4],"evs":[0.0,-6.92646]},"83o":{"weight":1.0,"played":[1.0,0.0],"evs":[0.0,-6.05753]},"93o":{"weight":1.0,"played":[1.0,0.0],"evs":[0.0,-6.08764]},"T3o":{"weight":1.0,"played":[0.9978,0.0022],"evs":[0.0,-5.70714]},"J3o":{"weight":1.0,"played":[1.0,0.0],"evs":[0.0,-6.40513]},"Q3o":{"weight":1.0,"played":[0.9997,3.0E-4],"evs":[0.0,-6.14567]},"K3o":{"weight":1.0,"played":[1.0,0.0],"evs":[0.0,-4.98517]},"A3o":{"weight":1.0,"played":[0.9996,4.0E-4],"evs":[0.0,-3.52264]},"42s":{"weight":1.0,"played":[1.0,0.0],"evs":[0.0,-4.66934]},"43s":{"weight":1.0,"played":[0.9797,0.0203],"evs":[0.0,-4.79473]},"44":{"weight":1.0,"played":[0.9165,0.0835],"evs":[0.0,-0.68884]},"54o":{"weight":1.0,"played":[0.9999,1.0E-4],"evs":[0.0,-5.54309]},"64o":{"weight":1.0,"played":[0.9807,0.0193],"evs":[0.0,-3.5218]},"74o":{"weight":1.0,"played":[0.9999,1.0E-4],"evs":[0.0,-5.22628]},"84o":{"weight":1.0,"played":[0.9999,1.0E-4],"evs":[0.0,-5.02929]},"94o":{"weight":1.0,"played":[0.9998,2.0E-4],"evs":[0.0,-5.78019]},"T4o":{"weight":1.0,"played":[0.9999,1.0E-4],"evs":[0.0,-5.53291]},"J4o":{"weight":1.0,"played":[1.0,0.0],"evs":[0.0,-5.86326]},"Q4o":{"weight":1.0,"played":[1.0,0.0],"evs":[0.0,-6.33475]},"K4o":{"weight":1.0,"played":[1.0,0.0],"evs":[0.0,-5.42596]},"A4o":{"weight":1.0,"played":[0.9996,4.0E-4],"evs":[0.0,-3.61785]},"52s":{"weight":1.0,"played":[0.9893,0.0107],"evs":[0.0,-3.911]},"53s":{"weight":1.0,"played":[0.9997,3.0E-4],"evs":[0.0,-0.11417]},"54s":{"weight":1.0,"played":[0.9857,0.0143],"evs":[0.0,-1.00234]},"55":{"weight":1.0,"played":[0.374,0.626],"evs":[0.0,-0.32414]},"65o":{"weight":1.0,"played":[0.9972,0.0028],"evs":[0.0,-4.24336]},"75o":{"weight":1.0,"played":[0.9993,7.0E-4],"evs":[0.0,-6.21147]},"85o":{"weight":1.0,"played":[0.9999,1.0E-4],"evs":[0.0,-5.45462]},"95o":{"weight":1.0,"played":[0.9998,2.0E-4],"evs":[0.0,-6.15953]},"T5o":{"weight":1.0,"played":[0.9984,0.0016],"evs":[0.0,-7.46895]},"J5o":{"weight":1.0,"played":[0.9997,3.0E-4],"evs":[0.0,-6.26941]},"Q5o":{"weight":1.0,"played":[0.9997,3.0E-4],"evs":[0.0,-6.44289]},"K5o":{"weight":1.0,"played":[0.9998,2.0E-4],"evs":[0.0,-4.66941]},"A5o":{"weight":1.0,"played":[0.9996,4.0E-4],"evs":[0.0,-4.44771]},"62s":{"weight":1.0,"played":[0.9911,0.0089],"evs":[0.0,-2.46708]},"63s":{"weight":1.0,"played":[0.9999,1.0E-4],"evs":[0.0,-4.29035]},"64s":{"weight":1.0,"played":[0.9971,0.0029],"evs":[0.0,-4.28535]},"65s":{"weight":1.0,"played":[0.8453,0.1547],"evs":[0.0,-1.92809]},"66":{"weight":1.0,"played":[0.3354,0.6646],"evs":[0.0,0.45112]},"76o":{"weight":1.0,"played":[0.9985,0.0015],"evs":[0.0,-4.03671]},"86o":{"weight":1.0,"played":[0.9998,2.0E-4],"evs":[0.0,-3.74329]},"96o":{"weight":1.0,"played":[0.9998,2.0E-4],"evs":[0.0,-4.56803]},"T6o":{"weight":1.0,"played":[0.9994,6.0E-4],"evs":[0.0,-3.77193]},"J6o":{"weight":1.0,"played":[1.0,0.0],"evs":[0.0,-5.51015]},"Q6o":{"weight":1.0,"played":[0.9999,1.0E-4],"evs":[0.0,-3.88575]},"K6o":{"weight":1.0,"played":[0.9998,2.0E-4],"evs":[0.0,-3.45102]},"A6o":{"weight":1.0,"played":[1.0,0.0],"evs":[0.0,-4.18022]},"72s":{"weight":1.0,"played":[1.0,0.0],"evs":[0.0,-5.8026]},"73s":{"weight":1.0,"played":[0.9313,0.0687],"evs":[0.0,-2.82524]},"74s":{"weight":1.0,"played":[0.9942,0.0058],"evs":[0.0,-3.87409]},"75s":{"weight":1.0,"played":[0.4895,0.5105],"evs":[0.0,0.31388]},"76s":{"weight":1.0,"played":[0.9874,0.0126],"evs":[0.0,-0.70157]},"77":{"weight":1.0,"played":[0.2095,0.7905],"evs":[0.0,2.24046]},"87o":{"weight":1.0,"played":[0.9982,0.0018],"evs":[0.0,-3.02779]},"97o":{"weight":1.0,"played":[0.9999,1.0E-4],"evs":[0.0,-3.89428]},"T7o":{"weight":1.0,"played":[0.9974,0.0026],"evs":[0.0,-4.72188]},"J7o":{"weight":1.0,"played":[1.0,0.0],"evs":[0.0,-4.14644]},"Q7o":{"weight":1.0,"played":[0.9986,0.0014],"evs":[0.0,-5.03784]},"K7o":{"weight":1.0,"played":[0.9999,1.0E-4],"evs":[0.0,-4.46452]},"A7o":{"weight":1.0,"played":[0.9967,0.0033],"evs":[0.0,-3.70217]},"82s":{"weight":1.0,"played":[0.9997,3.0E-4],"evs":[0.0,-3.21789]},"83s":{"weight":1.0,"played":[0.9981,0.0019],"evs":[0.0,-5.36028]},"84s":{"weight":1.0,"played":[0.9862,0.0138],"evs":[0.0,-5.80601]},"85s":{"weight":1.0,"played":[0.985,0.015],"evs":[0.0,-3.41648]},"86s":{"weight":1.0,"played":[0.8409,0.1591],"evs":[0.0,-3.40933]},"87s":{"weight":1.0,"played":[0.635,0.365],"evs":[0.0,-0.88225]},"88":{"weight":1.0,"played":[1.0E-4,0.9999],"evs":[0.0,2.28574]},"98o":{"weight":1.0,"played":[0.9954,0.0046],"evs":[0.0,-2.47766]},"T8o":{"weight":1.0,"played":[0.9974,0.0026],"evs":[0.0,-3.29022]},"J8o":{"weight":1.0,"played":[1.0,0.0],"evs":[0.0,-4.58808]},"Q8o":{"weight":1.0,"played":[0.9919,0.0081],"evs":[0.0,-4.89934]},"K8o":{"weight":1.0,"played":[0.9912,0.0088],"evs":[0.0,-3.9378]},"A8o":{"weight":1.0,"played":[0.9949,0.0051],"evs":[0.0,-2.85358]},"92s":{"weight":1.0,"played":[0.99,0.01],"evs":[0.0,-3.2478]},"93s":{"weight":1.0,"played":[0.9953,0.0047],"evs":[0.0,-4.80582]},"94s":{"weight":1.0,"played":[0.9086,0.0914],"evs":[0.0,-3.31651]},"95s":{"weight":1.0,"played":[0.9999,1.0E-4],"evs":[0.0,-3.45187]},"96s":{"weight":1.0,"played":[0.9903,0.0097],"evs":[0.0,-2.83335]},"97s":{"weight":1.0,"played":[0.9956,0.0044],"evs":[0.0,-1.2584]},"98s":{"weight":1.0,"played":[0.527,0.473],"evs":[0.0,0.60045]},"99":{"weight":1.0,"played":[0.0016,0.9984],"evs":[0.0,5.43383]},"T9o":{"weight":1.0,"played":[0.9587,0.0413],"evs":[0.0,-3.8663]},"J9o":{"weight":1.0,"played":[0.9999,1.0E-4],"evs":[0.0,-3.78473]},"Q9o":{"weight":1.0,"played":[0.9927,0.0073],"evs":[0.0,-3.74492]},"K9o":{"weight":1.0,"played":[0.8908,0.1092],"evs":[0.0,-3.31806]},"A9o":{"weight":1.0,"played":[0.9349,0.0651],"evs":[0.0,-1.76966]},"T2s":{"weight":1.0,"played":[0.9998,2.0E-4],"evs":[0.0,-5.64808]},"T3s":{"weight":1.0,"played":[0.9187,0.0813],"evs":[0.0,-3.9031]},"T4s":{"weight":1.0,"played":[0.969,0.031],"evs":[0.0,-5.90318]},"T5s":{"weight":1.0,"played":[0.9994,6.0E-4],"evs":[0.0,-3.76498]},"T6s":{"weight":1.0,"played":[0.9874,0.0126],"evs":[0.0,-3.42169]},"T7s":{"weight":1.0,"played":[1.0,0.0],"evs":[0.0,-2.20317]},"T8s":{"weight":1.0,"played":[0.9937,0.0063],"evs":[0.0,-0.97235]},"T9s":{"weight":1.0,"played":[0.2364,0.7636],"evs":[0.0,1.79469]},"TT":{"weight":1.0,"played":[3.0E-4,0.9997],"evs":[0.0,7.6002]},"JTo":{"weight":1.0,"played":[0.9995,5.0E-4],"evs":[0.0,-2.98508]},"QTo":{"weight":1.0,"played":[0.9988,0.0012],"evs":[0.0,-3.62992]},"KTo":{"weight":1.0,"played":[0.7133,0.2867],"evs":[0.0,-1.56098]},"ATo":{"weight":1.0,"played":[0.4032,0.5968],"evs":[0.0,-0.29321]},"J2s":{"weight":1.0,"played":[1.0,0.0],"evs":[0.0,-3.62682]},"J3s":{"weight":1.0,"played":[0.9976,0.0024],"evs":[0.0,-5.23887]},"J4s":{"weight":1.0,"played":[0.9709,0.0291],"evs":[0.0,-3.61003]},"J5s":{"weight":1.0,"played":[0.9862,0.0138],"evs":[0.0,-5.95288]},"J6s":{"weight":1.0,"played":[0.9923,0.0077],"evs":[0.0,-2.05641]},"J7s":{"weight":1.0,"played":[0.9994,6.0E-4],"evs":[0.0,-4.23936]},"J8s":{"weight":1.0,"played":[0.9983,0.0017],"evs":[0.0,-3.04593]},"J9s":{"weight":1.0,"played":[0.738,0.262],"evs":[0.0,0.35943]},"JTs":{"weight":1.0,"played":[0.3814,0.6186],"evs":[0.0,0.08296]},"JJ":{"weight":1.0,"played":[0.0,1.0],"evs":[0.0,7.44308]},"QJo":{"weight":1.0,"played":[1.0,0.0],"evs":[0.0,-2.59428]},"KJo":{"weight":1.0,"played":[0.8545,0.1455],"evs":[0.0,-1.40156]},"AJo":{"weight":1.0,"played":[0.7119,0.2881],"evs":[0.0,-0.49625]},"Q2s":{"weight":1.0,"played":[0.9993,7.0E-4],"evs":[0.0,-5.42263]},"Q3s":{"weight":1.0,"played":[0.9921,0.0079],"evs":[0.0,-2.88878]},"Q4s":{"weight":1.0,"played":[0.9855,0.0145],"evs":[0.0,-2.83339]},"Q5s":{"weight":1.0,"played":[0.9999,1.0E-4],"evs":[0.0,-5.66427]},"Q6s":{"weight":1.0,"played":[0.9587,0.0413],"evs":[0.0,-4.2759]},"Q7s":{"weight":1.0,"played":[0.9988,0.0012],"evs":[0.0,-5.14305]},"Q8s":{"weight":1.0,"played":[0.9248,0.0752],"evs":[0.0,-1.89972]},"Q9s":{"weight":1.0,"played":[0.6841,0.3159],"evs":[0.0,-2.4732]},"QTs":{"weight":1.0,"played":[0.4432,0.5568],"evs":[0.0,-0.73795]},"QJs":{"weight":1.0,"played":[0.5002,0.4998],"evs":[0.0,-0.49719]},"QQ":{"weight":1.0,"played":[0.0,1.0],"evs":[0.0,11.51122]},"KQo":{"weight":1.0,"played":[0.4698,0.5302],"evs":[0.0,-1.75082]},"AQo":{"weight":1.0,"played":[0.0573,0.9427],"evs":[0.0,2.62607]},"K2s":{"weight":1.0,"played":[0.9169,0.0831],"evs":[0.0,-3.54073]},"K3s":{"weight":1.0,"played":[0.9887,0.0113],"evs":[0.0,-4.11942]},"K4s":{"weight":1.0,"played":[0.9085,0.0915],"evs":[0.0,-1.57274]},"K5s":{"weight":1.0,"played":[0.9985,0.0015],"evs":[0.0,-4.13068]},"K6s":{"weight":1.0,"played":[0.9999,1.0E-4],"evs":[0.0,-4.43408]},"K7s":{"weight":1.0,"played":[0.9941,0.0059],"evs":[0.0,-1.51288]},"K8s":{"weight":1.0,"played":[0.821,0.179],"evs":[0.0,-0.65056]},"K9s":{"weight":1.0,"played":[0.407,0.593],"evs":[0.0,0.20864]},"KTs":{"weight":1.0,"played":[0.5814,0.4186],"evs":[0.0,-1.12033]},"KJs":{"weight":1.0,"played":[0.3455,0.6545],"evs":[0.0,0.58272]},"KQs":{"weight":1.0,"played":[0.2399,0.7601],"evs":[0.0,1.43003]},"KK":{"weight":1.0,"played":[0.0,1.0],"evs":[0.0,14.14385]},"AKo":{"weight":1.0,"played":[0.0033,0.9967],"evs":[0.0,3.70713]},"A2s":{"weight":1.0,"played":[0.7971,0.2029],"evs":[0.0,-2.21282]},"A3s":{"weight":1.0,"played":[0.6614,0.3386],"evs":[0.0,-1.18494]},"A4s":{"weight":1.0,"played":[0.4628,0.5372],"evs":[0.0,-1.83582]},"A5s":{"weight":1.0,"played":[0.8295,0.1705],"evs":[0.0,-1.91506]},"A6s":{"weight":1.0,"played":[0.995,0.005],"evs":[0.0,-1.27383]},"A7s":{"weight":1.0,"played":[0.9422,0.0578],"evs":[0.0,-4.09211]},"A8s":{"weight":1.0,"played":[0.6741,0.3259],"evs":[0.0,-1.13249]},"A9s":{"weight":1.0,"played":[0.0768,0.9232],"evs":[0.0,0.154]},"ATs":{"weight":1.0,"played":[0.0629,0.9371],"evs":[0.0,3.82062]},"AJs":{"weight":1.0,"played":[0.0,1.0],"evs":[0.0,3.00815]},"AQs":{"weight":1.0,"played":[0.0031,0.9969],"evs":[0.0,4.34091]},"AKs":{"weight":1.0,"played":[0.0013,0.9987],"evs":[0.0,3.11861]},"AA":{"weight":1.0,"played":[0.0,1.0],"evs":[0.0,20.3608]}}}