{"player":1,"street":0,"children":2,"sequence":[{"player":0,"type":"F","amount":0,"street":0},{"player":1,"type":"R","amount":200000,"street":0},{"player":2,"type":"C","amount":200000,"street":0},{"player":3,"type":"R","amount":600000,"street":0},{"player":4,"type":"F","amount":0,"street":0},{"player":5,"type":"F","amount":0,"street":0},{"player":1,"type":"C","amount":400000,"street":0},{"player":2,"type":"R","amount":1265000,"street":0},{"player":3,"type":"F","amount":0,"street":0}],"actions":[{"type":"F","amount":0},{"type":"C","amount":665000}],"hands":{"22":{"weight":0.001,"played":[0.0296,0.9704],"evs":[0.0,20.77111]},"32o":{"weight":0.0,"played":[1.0,0.0],"evs":[0.0,-4.54817]},"42o":{"weight":0.0,"played":[0.6402,0.3598],"evs":[0.0,-3.4912]},"52o":{"weight":0.0,"played":[0.0,1.0],"evs":[0.0,0.79443]},"62o":{"weight":0.0,"played":[0.5383,0.4617],"evs":[0.0,6.48956]},"72o":{"weight":0.0,"played":[1.0,0.0],"evs":[0.0,-4.54817]},"82o":{"weight":0.0,"played":[0.9974,0.0026],"evs":[0.0,3.07367]},"92o":{"weight":0.0,"played":[0.3199,0.6801],"evs":[0.0,-1.03161]},"T2o":{"weight":0.0,"played":[0.3351,0.6649],"evs":[0.0,3.9363]},"J2o":{"weight":0.0,"played":[0.3723,0.6277],"evs":[0.0,-4.54817]},"Q2o":{"weight":0.0,"played":[0.0,1.0],"evs":[0.0,9.97607]},"K2o":{"weight":0.0,"played":[1.0,0.0],"evs":[0.0,-4.54817]},"A2o":{"weight":0.0,"played":[0.0,1.0],"evs":[0.0,3.21419]},"32s":{"weight":0.0,"played":[0.7632,0.2368],"evs":[0.0,-4.54817]},"33":{"weight":0.0223,"played":[0.3976,0.6024],"evs":[0.0,-4.54817]},"43o":{"weight":0.0,"played":[0.9804,0.0196],"evs":[0.0,-4.54817]},"53o":{"weight":0.0,"played":[0.0966,0.9034],"evs":[0.0,16.63312]},"63o":{"weight":0.0,"played":[0.4591,0.5409],"evs":[0.0,15.73485]},"73o":{"weight":0.0,"played":[1.0,0.0],"evs":[0.0,-4.54817]},"83o":{"weight":0.0,"played":[0.0386,0.9614],"evs":[0.0,3.11069]},"93o":{"weight":0.0,"played":[0.8615,0.1385],"evs":[0.0,-4.22741]},"T3o":{"weight":0.0,"played":[1.0,0.0],"evs":[0.0,-4.54817]},"J3o":{"weight":0.0,"played":[0.4735,0.5265],"evs":[0.0,3.69086]},"Q3o":{"weight":0.0,"played":[1.0,0.0],"evs":[0.0,-4.54817]},"K3o":{"weight":0.0,"played":[0.5,0.5],"evs":[0.0,20.77111]},"A3o":{"weight":0.0,"played":[0.6364,0.3636],"evs":[0.0,-3.64021]},"42s":{"weight":0.0,"played":[0.5,0.5],"evs":[0.0,20.77111]},"43s":{"weight":0.0,"played":[1.0,0.0],"evs":[0.0,-4.54817]},"44":{"weight":0.0152,"played":[0.8476,0.1524],"evs":[0.0,-4.54817]},"54o":{"weight":0.0,"played":[0.5211,0.4789],"evs":[0.0,5.0652]},"64o":{"weight":0.0,"played":[0.1181,0.8819],"evs":[0.0,1.42999]},"74o":{"weight":0.0,"played":[0.9182,0.0818],"evs":[0.0,-4.54817]},"84o":{"weight":0.0,"played":[0.5703,0.4297],"evs":[0.0,12.38637]},"94o":{"weight":0.0,"played":[0.0,1.0],"evs":[0.0,12.18512]},"T4o":{"weight":0.0,"played":[0.8716,0.1284],"evs":[0.0,-4.54817]},"J4o":{"weight":0.0,"played":[0.0444,0.9556],"evs":[0.0,9.19594]},"Q4o":{"weight":0.0,"played":[0.0,1.0],"evs":[0.0,20.77111]},"K4o":{"weight":0.0,"played":[0.6909,0.3091],"evs":[0.0,3.05682]},"A4o":{"weight":0.0,"played":[0.176,0.824],"evs":[0.0,0.98482]},"52s":{"weight":0.0,"played":[0.7844,0.2156],"evs":[0.0,-4.54817]},"53s":{"weight":0.0,"played":[0.9029,0.0971],"evs":[0.0,-4.54817]},"54s":{"weight":0.0,"played":[0.8059,0.1941],"evs":[0.0,20.77111]},"55":{"weight":3.0E-4,"played":[0.5084,0.4916],"evs":[0.0,-4.54817]},"65o":{"weight":0.0,"played":[0.88,0.12],"evs":[0.0,-4.54817]},"75o":{"weight":0.0,"played":[0.0884,0.9116],"evs":[0.0,7.2703]},"85o":{"weight":0.0,"played":[1.0,0.0],"evs":[0.0,-4.54817]},"95o":{"weight":0.0,"played":[1.0,0.0],"evs":[0.0,-4.54817]},"T5o":{"weight":0.0,"played":[0.9779,0.0221],"evs":[0.0,-4.54817]},"J5o":{"weight":0.0,"played":[0.5136,0.4864],"evs":[0.0,3.35911]},"Q5o":{"weight":0.0,"played":[0.0,1.0],"evs":[0.0,14.03517]},"K5o":{"weight":0.0,"played":[0.0,1.0],"evs":[0.0,1.65309]},"A5o":{"weight":0.0493,"played":[0.0157,0.9843],"evs":[0.0,7.80029]},"62s":{"weight":0.0,"played":[0.5,0.5],"evs":[0.0,0.0]},"63s":{"weight":0.0,"played":[0.0805,0.9195],"evs":[0.0,-0.47134]},"64s":{"weight":0.0,"played":[0.4395,0.5605],"evs":[0.0,-4.54817]},"65s":{"weight":0.0,"played":[0.5,0.5],"evs":[0.0,-4.54817]},"66":{"weight":0.2529,"played":[0.6131,0.3869],"evs":[0.0,-4.54817]},"76o":{"weight":0.0,"played":[0.3399,0.6601],"evs":[0.0,7.42699]},"86o":{"weight":0.0,"played":[0.8645,0.1355],"evs":[0.0,-4.54817]},"96o":{"weight":0.0,"played":[0.5007,0.4993],"evs":[0.0,-3.41951]},"T6o":{"weight":0.0,"played":[0.372,0.628],"evs":[0.0,9.5001]},"J6o":{"weight":0.0,"played":[0.5515,0.4485],"evs":[0.0,-3.99535]},"Q6o":{"weight":0.0,"played":[0.3425,0.6575],"evs":[0.0,-0.57963]},"K6o":{"weight":0.0,"played":[0.0082,0.9918],"evs":[0.0,4.31654]},"A6o":{"weight":0.0024,"played":[0.0,1.0],"evs":[0.0,5.46431]},"72s":{"weight":0.0,"played":[0.5,0.5],"evs":[0.0,-4.54817]},"73s":{"weight":0.0,"played":[0.5,0.5],"evs":[0.0,20.77111]},"74s":{"weight":0.0,"played":[0.5,0.5],"evs":[0.0,20.77111]},"75s":{"weight":0.0,"played":[0.4722,0.5278],"evs":[0.0,7.40736]},"76s":{"weight":0.1318,"played":[0.3411,0.6589],"evs":[0.0,4.0871]},"77":{"weight":0.0411,"played":[0.1993,0.8007],"evs":[0.0,17.18575]},"87o":{"weight":0.0,"played":[0.3506,0.6494],"evs":[0.0,1.27831]},"97o":{"weight":0.0,"played":[0.0,1.0],"evs":[0.0,12.115]},"T7o":{"weight":0.0,"played":[0.0,1.0],"evs":[0.0,5.70774]},"J7o":{"weight":0.0,"played":[0.047,0.953],"evs":[0.0,7.26946]},"Q7o":{"weight":0.0,"played":[0.0,1.0],"evs":[0.0,-1.87181]},"K7o":{"weight":0.0,"played":[0.2374,0.7626],"evs":[0.0,1.46351]},"A7o":{"weight":0.0016,"played":[0.0392,0.9608],"evs":[0.0,8.22687]},"82s":{"weight":0.0,"played":[0.5,0.5],"evs":[0.0,0.0]},"83s":{"weight":0.0,"played":[1.0,0.0],"evs":[0.0,-4.54817]},"84s":{"weight":0.0,"played":[0.5,0.5],"evs":[0.0,0.0]},"85s":{"weight":0.0,"played":[0.0515,0.9485],"evs":[0.0,20.77111]},"86s":{"weight":0.0,"played":[0.5,0.5],"evs":[0.0,-4.54817]},"87s":{"weight":5.0E-4,"played":[0.4,0.6],"evs":[0.0,11.36272]},"88":{"weight":0.9583,"played":[0.9668,0.0332],"evs":[0.0,5.56832]},"98o":{"weight":0.0,"played":[0.9964,0.0036],"evs":[0.0,-4.54817]},"T8o":{"weight":0.0,"played":[0.015,0.985],"evs":[0.0,7.71452]},"J8o":{"weight":0.0,"played":[0.8741,0.1259],"evs":[0.0,-4.54817]},"Q8o":{"weight":0.0,"played":[0.3662,0.6338],"evs":[0.0,0.67644]},"K8o":{"weight":0.0,"played":[9.0E-4,0.9991],"evs":[0.0,11.42213]},"A8o":{"weight":0.0215,"played":[0.1864,0.8136],"evs":[0.0,0.52584]},"92s":{"weight":0.0,"played":[0.0814,0.9186],"evs":[0.0,20.77111]},"93s":{"weight":0.0,"played":[0.5197,0.4803],"evs":[0.0,-4.54817]},"94s":{"weight":0.0,"played":[0.5,0.5],"evs":[0.0,-4.54817]},"95s":{"weight":0.0,"played":[1.0,0.0],"evs":[0.0,20.77111]},"96s":{"weight":0.0,"played":[0.5,0.5],"evs":[0.0,-4.54817]},"97s":{"weight":0.0441,"played":[1.0,0.0],"evs":[0.0,20.77111]},"98s":{"weight":0.4821,"played":[0.8598,0.1402],"evs":[0.0,6.05428]},"99":{"weight":0.0031,"played":[0.9564,0.0436],"evs":[0.0,-4.54817]},"T9o":{"weight":0.0,"played":[0.5607,0.4393],"evs":[0.0,17.34689]},"J9o":{"weight":0.0,"played":[0.2195,0.7805],"evs":[0.0,6.56592]},"Q9o":{"weight":0.0,"played":[0.0,1.0],"evs":[0.0,1.84193]},"K9o":{"weight":7.0E-4,"played":[0.2433,0.7567],"evs":[0.0,3.72051]},"A9o":{"weight":0.0574,"played":[0.7305,0.2695],"evs":[0.0,2.88802]},"T2s":{"weight":0.0,"played":[0.5,0.5],"evs":[0.0,20.77111]},"T3s":{"weight":0.0,"played":[0.8387,0.1613],"evs":[0.0,-4.54817]},"T4s":{"weight":0.0,"played":[0.5,0.5],"evs":[0.0,20.77111]},"T5s":{"weight":0.0,"played":[0.5,0.5],"evs":[0.0,-4.54817]},"T6s":{"weight":0.0,"played":[1.0,0.0],"evs":[0.0,20.77111]},"T7s":{"weight":0.019,"played":[0.2308,0.7692],"evs":[0.0,7.14064]},"T8s":{"weight":0.3218,"played":[0.0,1.0],"evs":[0.0,20.77111]},"T9s":{"weight":0.2946,"played":[0.0,1.0],"evs":[0.0,-4.54817]},"TT":{"weight":0.0275,"played":[0.0,1.0],"evs":[0.0,8.04785]},"JTo":{"weight":6.0E-4,"played":[0.0,1.0],"evs":[0.0,8.97542]},"QTo":{"weight":0.0386,"played":[0.5484,0.4516],"evs":[0.0,6.66428]},"KTo":{"weight":0.2882,"played":[0.0044,0.9956],"evs":[0.0,5.8842]},"ATo":{"weight":0.1997,"played":[0.1064,0.8936],"evs":[0.0,5.24159]},"J2s":{"weight":0.0,"played":[0.9648,0.0352],"evs":[0.0,18.98807]},"J3s":{"weight":0.0,"played":[0.5,0.5],"evs":[0.0,-4.54817]},"J4s":{"weight":0.0,"played":[0.5,0.5],"evs":[0.0,20.77111]},"J5s":{"weight":0.0,"played":[0.5,0.5],"evs":[0.0,20.77111]},"J6s":{"weight":0.0,"played":[0.2474,0.7526],"evs":[0.0,20.77111]},"J7s":{"weight":0.0,"played":[0.1304,0.8696],"evs":[0.0,2.05322]},"J8s":{"weight":0.1439,"played":[0.7748,0.2252],"evs":[0.0,8.88777]},"J9s":{"weight":2.0E-4,"played":[0.8896,0.1104],"evs":[0.0,13.99672]},"JTs":{"weight":0.0024,"played":[0.2031,0.7969],"evs":[0.0,19.33126]},"JJ":{"weight":0.0057,"played":[0.1634,0.8366],"evs":[0.0,20.77111]},"QJo":{"weight":0.0055,"played":[0.0083,0.9917],"evs":[0.0,1.41328]},"KJo":{"weight":0.0724,"played":[0.0312,0.9688],"evs":[0.0,7.53383]},"AJo":{"weight":0.3906,"played":[0.0684,0.9316],"evs":[0.0,9.10795]},"Q2s":{"weight":0.0,"played":[0.5,0.5],"evs":[0.0,-4.54817]},"Q3s":{"weight":0.0,"played":[0.5,0.5],"evs":[0.0,20.77111]},"Q4s":{"weight":0.0,"played":[1.0,0.0],"evs":[0.0,-4.54817]},"Q5s":{"weight":0.0,"played":[0.1089,0.8911],"evs":[0.0,-4.54817]},"Q6s":{"weight":0.0,"played":[0.7978,0.2022],"evs":[0.0,10.53332]},"Q7s":{"weight":0.0012,"played":[0.5137,0.4863],"evs":[0.0,-4.54817]},"Q8s":{"weight":0.0021,"played":[0.5,0.5],"evs":[0.0,0.0]},"Q9s":{"weight":1.0E-4,"played":[0.5,0.5],"evs":[0.0,0.0]},"QTs":{"weight":0.4153,"played":[0.0,1.0],"evs":[0.0,5.40636]},"QJs":{"weight":0.0958,"played":[0.4562,0.5438],"evs":[0.0,3.99588]},"QQ":{"weight":0.0039,"played":[0.9877,0.0123],"evs":[0.0,-4.54817]},"KQo":{"weight":0.5005,"played":[0.0568,0.9432],"evs":[0.0,9.74345]},"AQo":{"weight":0.0908,"played":[0.0207,0.9793],"evs":[0.0,11.60576]},"K2s":{"weight":0.0,"played":[0.5,0.5],"evs":[0.0,-4.54817]},"K3s":{"weight":0.0,"played":[0.1305,0.8695],"evs":[0.0,20.77111]},"K4s":{"weight":0.0,"played":[0.5,0.5],"evs":[0.0,20.77111]},"K5s":{"weight":0.012,"played":[0.5,0.5],"evs":[0.0,-4.54817]},"K6s":{"weight":0.1298,"played":[0.0714,0.9286],"evs":[0.0,15.75646]},"K7s":{"weight":0.0266,"played":[0.5,0.5],"evs":[0.0,0.0]},"K8s":{"weight":0.0022,"played":[0.5,0.5],"evs":[0.0,0.0]},"K9s":{"weight":0.0638,"played":[0.291,0.709],"evs":[0.0,10.68215]},"KTs":{"weight":0.785,"played":[0.4384,0.5616],"evs":[0.0,4.406]},"KJs":{"weight":0.277,"played":[0.466,0.534],"evs":[0.0,20.77111]},"KQs":{"weight":0.9863,"played":[0.0063,0.9937],"evs":[0.0,20.77111]},"KK":{"weight":8.0E-4,"played":[0.0136,0.9864],"evs":[0.0,12.26107]},"AKo":{"weight":0.0119,"played":[0.0,1.0],"evs":[0.0,5.23892]},"A2s":{"weight":0.0382,"played":[0.5,0.5],"evs":[0.0,-4.54817]},"A3s":{"weight":0.0618,"played":[0.1997,0.8003],"evs":[0.0,5.56362]},"A4s":{"weight":0.0276,"played":[0.3314,0.6686],"evs":[0.0,17.49872]},"A5s":{"weight":0.2205,"played":[0.3553,0.6447],"evs":[0.0,9.23758]},"A6s":{"weight":5.0E-4,"played":[0.6285,0.3715],"evs":[0.0,11.36561]},"A7s":{"weight":0.1248,"played":[0.1866,0.8134],"evs":[0.0,7.06008]},"A8s":{"weight":0.6431,"played":[0.7551,0.2449],"evs":[0.0,-4.54817]},"A9s":{"weight":0.0551,"played":[0.789,0.211],"evs":[0.0,-4.54817]},"ATs":{"weight":0.3204,"played":[0.5,0.5],"evs":[0.0,20.77111]},"AJs":{"weight":0.0138,"played":[0.2866,0.7134],"evs":[0.0,16.54609]},"AQs":{"weight":0.0216,"played":[0.5,0.5],"evs":[0.0,20.77111]},"AKs":{"weight":0.0801,"played":[0.3277,0.6723],"evs":[0.0,1.42185]},"AA":{"weight":0.464,"played":[0.0049,0.9951],"evs":[0.0,12.83449]}}}