{"player":4,"street":0,"children":2,"sequence":[{"player":0,"type":"F","amount":0,"street":0},{"player":1,"type":"F","amount":0,"street":0},{"player":2,"type":"R","amount":200000,"street":0},{"player":3,"type":"F","amount":0,"street":0},{"player":4,"type":"C","amount":150000,"street":0},{"player":5,"type":"R","amount":895000,"street":0},{"player":2,"type":"R","amount":1265000,"street":0}],"actions":[{"type":"F","amount":0},{"type":"C","amount":1065000}],"hands":{"22":{"weight":0.8968,"played":[0.0,1.0],"evs":[0.0,1.23754]},"32o":{"weight":0.0,"played":[1.0,0.0],"evs":[0.0,-1.56056]},"42o":{"weight":0.0,"played":[1.0,0.0],"evs":[0.0,-1.13026]},"52o":{"weight":0.0,"played":[1.0,0.0],"evs":[0.0,-1.03043]},"62o":{"weight":0.0,"played":[1.0,0.0],"evs":[0.0,-1.18005]},"72o":{"weight":0.0,"played":[1.0,0.0],"evs":[0.0,-1.71827]},"82o":{"weight":0.0,"played":[1.0,0.0],"evs":[0.0,-1.82516]},"92o":{"weight":0.0,"played":[1.0,0.0],"evs":[0.0,-1.63784]},"T2o":{"weight":0.0,"played":[1.0,0.0],"evs":[0.0,-1.80059]},"J2o":{"weight":0.0,"played":[1.0,0.0],"evs":[0.0,-1.44351]},"Q2o":{"weight":0.0,"played":[1.0,0.0],"evs":[0.0,-1.01825]},"K2o":{"weight":0.0,"played":[1.0,0.0],"evs":[0.0,-0.49137]},"A2o":{"weight":0.0,"played":[4.0E-4,0.9996],"evs":[0.0,0.55516]},"32s":{"weight":0.0,"played":[0.9949,0.0051],"evs":[0.0,-0.37035]},"33":{"weight":0.0233,"played":[0.0,1.0],"evs":[0.0,1.62837]},"43o":{"weight":0.0,"played":[1.0,0.0],"evs":[0.0,-0.77648]},"53o":{"weight":0.0,"played":[1.0,0.0],"evs":[0.0,-0.56271]},"63o":{"weight":0.0,"played":[1.0,0.0],"evs":[0.0,-1.01339]},"73o":{"weight":0.0,"played":[1.0,0.0],"evs":[0.0,-1.52802]},"83o":{"weight":0.0,"played":[1.0,0.0],"evs":[0.0,-2.01573]},"93o":{"weight":0.0,"played":[0.9997,3.0E-4],"evs":[0.0,-1.78505]},"T3o":{"weight":0.0,"played":[0.9999,1.0E-4],"evs":[0.0,-2.10875]},"J3o":{"weight":0.0,"played":[0.9994,6.0E-4],"evs":[0.0,-1.65939]},"Q3o":{"weight":0.0,"played":[0.9999,1.0E-4],"evs":[0.0,-0.97971]},"K3o":{"weight":0.0,"played":[0.9997,3.0E-4],"evs":[0.0,-0.49059]},"A3o":{"weight":0.0,"played":[2.0E-4,0.9998],"evs":[0.0,0.44049]},"42s":{"weight":0.0,"played":[0.8859,0.1141],"evs":[0.0,-0.07582]},"43s":{"weight":0.0882,"played":[0.0242,0.9758],"evs":[0.0,0.45486]},"44":{"weight":0.0,"played":[0.0,1.0],"evs":[0.0,2.1039]},"54o":{"weight":0.0,"played":[0.9789,0.0211],"evs":[0.0,-0.16642]},"64o":{"weight":0.0,"played":[0.9999,1.0E-4],"evs":[0.0,-0.39518]},"74o":{"weight":0.0,"played":[1.0,0.0],"evs":[0.0,-0.76023]},"84o":{"weight":0.0,"played":[1.0,0.0],"evs":[0.0,-1.19667]},"94o":{"weight":0.0,"played":[1.0,0.0],"evs":[0.0,-1.46265]},"T4o":{"weight":0.0,"played":[1.0,0.0],"evs":[0.0,-1.52729]},"J4o":{"weight":0.0,"played":[1.0,0.0],"evs":[0.0,-1.07799]},"Q4o":{"weight":0.0,"played":[0.9999,1.0E-4],"evs":[0.0,-0.79651]},"K4o":{"weight":0.0,"played":[0.9206,0.0794],"evs":[0.0,-0.10986]},"A4o":{"weight":0.0,"played":[0.0,1.0],"evs":[0.0,0.86346]},"52s":{"weight":0.0,"played":[0.8978,0.1022],"evs":[0.0,-0.11916]},"53s":{"weight":0.2423,"played":[0.1269,0.8731],"evs":[0.0,0.29133]},"54s":{"weight":0.9988,"played":[2.0E-4,0.9998],"evs":[0.0,0.63899]},"55":{"weight":0.0,"played":[0.0,1.0],"evs":[0.0,2.46932]},"65o":{"weight":0.0,"played":[0.1616,0.8384],"evs":[0.0,0.10002]},"75o":{"weight":0.0,"played":[0.9997,3.0E-4],"evs":[0.0,-0.3019]},"85o":{"weight":0.0,"played":[0.9988,0.0012],"evs":[0.0,-0.66319]},"95o":{"weight":0.0,"played":[1.0,0.0],"evs":[0.0,-0.96916]},"T5o":{"weight":0.0,"played":[0.9993,7.0E-4],"evs":[0.0,-1.39903]},"J5o":{"weight":0.0,"played":[1.0,0.0],"evs":[0.0,-1.11225]},"Q5o":{"weight":0.0,"played":[1.0,0.0],"evs":[0.0,-0.6852]},"K5o":{"weight":0.0,"played":[0.9994,6.0E-4],"evs":[0.0,-0.08025]},"A5o":{"weight":2.0E-4,"played":[0.0,1.0],"evs":[0.0,0.95983]},"62s":{"weight":0.0,"played":[0.9991,9.0E-4],"evs":[0.0,-0.24137]},"63s":{"weight":0.0,"played":[0.8618,0.1382],"evs":[0.0,-0.20516]},"64s":{"weight":0.9993,"played":[0.0,1.0],"evs":[0.0,0.63117]},"65s":{"weight":0.9997,"played":[0.0,1.0],"evs":[0.0,1.12288]},"66":{"weight":0.0,"played":[0.0,1.0],"evs":[0.0,2.38899]},"76o":{"weight":0.0,"played":[0.0458,0.9542],"evs":[0.0,0.03071]},"86o":{"weight":0.0,"played":[0.9883,0.0117],"evs":[0.0,-0.40517]},"96o":{"weight":0.0,"played":[0.9998,2.0E-4],"evs":[0.0,-0.74088]},"T6o":{"weight":0.0,"played":[0.9999,1.0E-4],"evs":[0.0,-0.97786]},"J6o":{"weight":0.0,"played":[1.0,0.0],"evs":[0.0,-0.85912]},"Q6o":{"weight":0.0,"played":[0.9996,4.0E-4],"evs":[0.0,-0.56169]},"K6o":{"weight":0.0,"played":[0.3833,0.6167],"evs":[0.0,0.03075]},"A6o":{"weight":0.0,"played":[2.0E-4,0.9998],"evs":[0.0,0.85301]},"72s":{"weight":0.0,"played":[0.9982,0.0018],"evs":[0.0,-0.60746]},"73s":{"weight":0.0,"played":[0.9323,0.0677],"evs":[0.0,-0.53551]},"74s":{"weight":0.0903,"played":[0.0031,0.9969],"evs":[0.0,0.11861]},"75s":{"weight":0.9999,"played":[1.0E-4,0.9999],"evs":[0.0,0.63689]},"76s":{"weight":0.9999,"played":[0.0,1.0],"evs":[0.0,0.98191]},"77":{"weight":0.0,"played":[0.0,1.0],"evs":[0.0,2.56913]},"87o":{"weight":0.0,"played":[0.9029,0.0971],"evs":[0.0,-0.18351]},"97o":{"weight":0.0,"played":[0.9988,0.0012],"evs":[0.0,-0.50419]},"T7o":{"weight":0.0,"played":[1.0,0.0],"evs":[0.0,-1.01145]},"J7o":{"weight":0.0,"played":[0.9995,5.0E-4],"evs":[0.0,-0.84131]},"Q7o":{"weight":0.0,"played":[0.9904,0.0096],"evs":[0.0,-0.63978]},"K7o":{"weight":1.0E-4,"played":[0.813,0.187],"evs":[0.0,-0.13656]},"A7o":{"weight":0.0,"played":[0.0,1.0],"evs":[0.0,0.9511]},"82s":{"weight":0.0,"played":[0.9964,0.0036],"evs":[0.0,-0.84341]},"83s":{"weight":0.0,"played":[0.998,0.002],"evs":[0.0,-1.01517]},"84s":{"weight":2.0E-4,"played":[0.7487,0.2513],"evs":[0.0,-0.23483]},"85s":{"weight":0.7508,"played":[0.0102,0.9898],"evs":[0.0,0.39646]},"86s":{"weight":0.9989,"played":[6.0E-4,0.9994],"evs":[0.0,0.45898]},"87s":{"weight":0.9996,"played":[0.0,1.0],"evs":[0.0,0.66239]},"88":{"weight":0.0,"played":[0.0,1.0],"evs":[0.0,2.77135]},"98o":{"weight":0.0,"played":[0.9935,0.0065],"evs":[0.0,-0.4525]},"T8o":{"weight":0.0,"played":[0.9953,0.0047],"evs":[0.0,-0.90792]},"J8o":{"weight":0.0,"played":[0.9947,0.0053],"evs":[0.0,-0.56962]},"Q8o":{"weight":0.0,"played":[0.9965,0.0035],"evs":[0.0,-0.53753]},"K8o":{"weight":2.0E-4,"played":[0.0371,0.9629],"evs":[0.0,0.02467]},"A8o":{"weight":0.0,"played":[0.0,1.0],"evs":[0.0,1.46957]},"92s":{"weight":0.0,"played":[0.9959,0.0041],"evs":[0.0,-0.71075]},"93s":{"weight":0.0,"played":[0.9983,0.0017],"evs":[0.0,-0.64257]},"94s":{"weight":0.0,"played":[0.9892,0.0108],"evs":[0.0,-0.18411]},"95s":{"weight":7.0E-4,"played":[0.9034,0.0966],"evs":[0.0,-0.16314]},"96s":{"weight":0.7983,"played":[0.0029,0.9971],"evs":[0.0,0.3724]},"97s":{"weight":0.9864,"played":[0.0,1.0],"evs":[0.0,0.53133]},"98s":{"weight":0.9999,"played":[0.0,1.0],"evs":[0.0,0.54133]},"99":{"weight":0.0,"played":[0.0,1.0],"evs":[0.0,3.5256]},"T9o":{"weight":0.0,"played":[0.9237,0.0763],"evs":[0.0,-0.18446]},"J9o":{"weight":1.0E-4,"played":[0.7649,0.2351],"evs":[0.0,-0.0256]},"Q9o":{"weight":0.0,"played":[0.0177,0.9823],"evs":[0.0,0.07158]},"K9o":{"weight":0.0143,"played":[1.0E-4,0.9999],"evs":[0.0,0.74628]},"A9o":{"weight":0.0,"played":[0.0,1.0],"evs":[0.0,2.00113]},"T2s":{"weight":0.0,"played":[0.998,0.002],"evs":[0.0,-0.69515]},"T3s":{"weight":1.0E-4,"played":[0.9986,0.0014],"evs":[0.0,-0.90875]},"T4s":{"weight":0.0,"played":[0.9996,4.0E-4],"evs":[0.0,-0.5624]},"T5s":{"weight":0.0,"played":[0.9952,0.0048],"evs":[0.0,-0.48002]},"T6s":{"weight":1.0E-4,"played":[0.657,0.343],"evs":[0.0,-0.19753]},"T7s":{"weight":0.0037,"played":[0.0431,0.9569],"evs":[0.0,0.12365]},"T8s":{"weight":0.4003,"played":[0.0114,0.9886],"evs":[0.0,0.45824]},"T9s":{"weight":1.0,"played":[0.0,1.0],"evs":[0.0,0.8155]},"TT":{"weight":0.0,"played":[0.0,1.0],"evs":[0.0,4.3373]},"JTo":{"weight":0.002,"played":[0.0,1.0],"evs":[0.0,0.35447]},"QTo":{"weight":0.0151,"played":[0.0,1.0],"evs":[0.0,0.57372]},"KTo":{"weight":0.3256,"played":[0.0,1.0],"evs":[0.0,1.34985]},"ATo":{"weight":0.0,"played":[0.0,1.0],"evs":[0.0,3.06266]},"J2s":{"weight":0.0,"played":[0.9918,0.0082],"evs":[0.0,-0.39196]},"J3s":{"weight":2.0E-4,"played":[0.9874,0.0126],"evs":[0.0,-0.372]},"J4s":{"weight":0.0,"played":[3.0E-4,0.9997],"evs":[0.0,0.06989]},"J5s":{"weight":3.0E-4,"played":[0.6235,0.3765],"evs":[0.0,-0.04184]},"J6s":{"weight":2.0E-4,"played":[0.0057,0.9943],"evs":[0.0,0.26955]},"J7s":{"weight":0.1478,"played":[0.0,1.0],"evs":[0.0,0.33931]},"J8s":{"weight":0.9918,"played":[0.0012,0.9988],"evs":[0.0,0.51502]},"J9s":{"weight":0.9436,"played":[0.0,1.0],"evs":[0.0,1.01592]},"JTs":{"weight":0.0035,"played":[0.0,1.0],"evs":[0.0,1.18745]},"JJ":{"weight":0.0,"played":[0.0,1.0],"evs":[0.0,5.61057]},"QJo":{"weight":0.7852,"played":[0.0,1.0],"evs":[0.0,1.32664]},"KJo":{"weight":4.0E-4,"played":[0.0,1.0],"evs":[0.0,1.56019]},"AJo":{"weight":0.0,"played":[0.0,1.0],"evs":[0.0,3.74001]},"Q2s":{"weight":0.0,"played":[0.9026,0.0974],"evs":[0.0,-0.18183]},"Q3s":{"weight":5.0E-4,"played":[0.8513,0.1487],"evs":[0.0,-0.18127]},"Q4s":{"weight":0.0053,"played":[0.0017,0.9983],"evs":[0.0,0.40932]},"Q5s":{"weight":0.0943,"played":[1.0E-4,0.9999],"evs":[0.0,0.45172]},"Q6s":{"weight":0.0744,"played":[0.0,1.0],"evs":[0.0,0.42485]},"Q7s":{"weight":0.0251,"played":[0.1805,0.8195],"evs":[0.0,0.34828]},"Q8s":{"weight":0.3194,"played":[0.001,0.999],"evs":[0.0,0.70765]},"Q9s":{"weight":3.0E-4,"played":[4.0E-4,0.9996],"evs":[0.0,0.89334]},"QTs":{"weight":0.0294,"played":[0.0,1.0],"evs":[0.0,1.63714]},"QJs":{"weight":0.0689,"played":[0.0,1.0],"evs":[0.0,1.97369]},"QQ":{"weight":0.0,"played":[0.0,1.0],"evs":[0.0,6.7982]},"KQo":{"weight":0.8488,"played":[0.0,1.0],"evs":[0.0,1.80236]},"AQo":{"weight":0.0,"played":[0.0,1.0],"evs":[0.0,4.24651]},"K2s":{"weight":0.5662,"played":[1.0E-4,0.9999],"evs":[0.0,0.67616]},"K3s":{"weight":0.8262,"played":[0.008,0.992],"evs":[0.0,0.53686]},"K4s":{"weight":1.0,"played":[0.0011,0.9989],"evs":[0.0,1.01653]},"K5s":{"weight":0.8627,"played":[7.0E-4,0.9993],"evs":[0.0,0.95531]},"K6s":{"weight":0.6125,"played":[4.0E-4,0.9996],"evs":[0.0,0.96147]},"K7s":{"weight":0.5983,"played":[1.0E-4,0.9999],"evs":[0.0,1.11944]},"K8s":{"weight":0.7293,"played":[8.0E-4,0.9992],"evs":[0.0,1.18478]},"K9s":{"weight":0.0942,"played":[0.0,1.0],"evs":[0.0,1.61136]},"KTs":{"weight":0.2193,"played":[0.0,1.0],"evs":[0.0,2.28551]},"KJs":{"weight":3.0E-4,"played":[0.0,1.0],"evs":[0.0,2.33097]},"KQs":{"weight":0.477,"played":[0.0,1.0],"evs":[0.0,2.63654]},"KK":{"weight":0.0,"played":[0.0,1.0],"evs":[0.0,7.74705]},"AKo":{"weight":0.0,"played":[0.0,1.0],"evs":[0.0,4.97015]},"A2s":{"weight":1.0E-4,"played":[0.0,1.0],"evs":[0.0,1.60427]},"A3s":{"weight":1.0E-4,"played":[5.0E-4,0.9995],"evs":[0.0,1.3616]},"A4s":{"weight":9.0E-4,"played":[0.0,1.0],"evs":[0.0,2.07849]},"A5s":{"weight":0.0,"played":[0.0,1.0],"evs":[0.0,1.92689]},"A6s":{"weight":0.0,"played":[0.0,1.0],"evs":[0.0,2.16328]},"A7s":{"weight":0.0,"played":[0.0,1.0],"evs":[0.0,2.08992]},"A8s":{"weight":0.0,"played":[0.0,1.0],"evs":[0.0,2.76842]},"A9s":{"weight":0.0,"played":[0.0,1.0],"evs":[0.0,2.73098]},"ATs":{"weight":0.0,"played":[0.0,1.0],"evs":[0.0,4.05617]},"AJs":{"weight":0.0,"played":[0.0,1.0],"evs":[0.0,4.71882]},"AQs":{"weight":0.0,"played":[0.0,1.0],"evs":[0.0,5.2582]},"AKs":{"weight":0.0,"played":[0.0,1.0],"evs":[0.0,5.85122]},"AA":{"weight":0.6905,"played":[0.0,1.0],"evs":[0.0,13.43678]}}}