{"player":3,"street":0,"children":2,"sequence":[{"player":0,"type":"F","amount":0,"street":0},{"player":1,"type":"R","amount":200000,"street":0},{"player":2,"type":"C","amount":200000,"street":0},{"player":3,"type":"R","amount":600000,"street":0},{"player":4,"type":"F","amount":0,"street":0},{"player":5,"type":"F","amount":0,"street":0},{"player":1,"type":"R","amount":2395000,"street":0},{"player":2,"type":"C","amount":1065000,"street":0}],"actions":[{"type":"F","amount":0},{"type":"C","amount":1795000}],"hands":{"22":{"weight":0.0,"played":[0.0133,0.9867],"evs":[0.0,0.60575]},"32o":{"weight":0.0,"played":[1.0,0.0],"evs":[0.0,-3.50993]},"42o":{"weight":0.0,"played":[1.0,0.0],"evs":[0.0,-2.77571]},"52o":{"weight":0.0,"played":[1.0,0.0],"evs":[0.0,-2.75829]},"62o":{"weight":0.0,"played":[1.0,0.0],"evs":[0.0,-3.24498]},"72o":{"weight":0.0,"played":[1.0,0.0],"evs":[0.0,-3.50398]},"82o":{"weight":0.0,"played":[1.0,0.0],"evs":[0.0,-3.0288]},"92o":{"weight":0.0,"played":[1.0,0.0],"evs":[0.0,-3.45176]},"T2o":{"weight":0.0,"played":[1.0,0.0],"evs":[0.0,-4.57533]},"J2o":{"weight":0.0,"played":[1.0,0.0],"evs":[0.0,-3.62418]},"Q2o":{"weight":0.0,"played":[1.0,0.0],"evs":[0.0,-3.3239]},"K2o":{"weight":0.0,"played":[1.0,0.0],"evs":[0.0,-2.22048]},"A2o":{"weight":0.0,"played":[1.0,0.0],"evs":[0.0,-1.01044]},"32s":{"weight":0.0,"played":[1.0,0.0],"evs":[0.0,-1.45494]},"33":{"weight":0.0,"played":[0.0122,0.9878],"evs":[0.0,0.84221]},"43o":{"weight":0.0,"played":[1.0,0.0],"evs":[0.0,-2.17195]},"53o":{"weight":0.0,"played":[1.0,0.0],"evs":[0.0,-2.04701]},"63o":{"weight":0.0,"played":[0.9999,1.0E-4],"evs":[0.0,-2.16219]},"73o":{"weight":0.0,"played":[1.0,0.0],"evs":[0.0,-2.5555]},"83o":{"weight":0.0,"played":[1.0,0.0],"evs":[0.0,-3.07014]},"93o":{"weight":0.0,"played":[1.0,0.0],"evs":[0.0,-3.15155]},"T3o":{"weight":0.0,"played":[1.0,0.0],"evs":[0.0,-4.04364]},"J3o":{"weight":0.0,"played":[1.0,0.0],"evs":[0.0,-3.23069]},"Q3o":{"weight":0.0,"played":[1.0,0.0],"evs":[0.0,-3.29609]},"K3o":{"weight":0.0,"played":[1.0,0.0],"evs":[0.0,-1.50965]},"A3o":{"weight":0.0,"played":[0.9997,3.0E-4],"evs":[0.0,-0.8815]},"42s":{"weight":0.0,"played":[0.9999,1.0E-4],"evs":[0.0,-1.09364]},"43s":{"weight":0.0,"played":[0.9987,0.0013],"evs":[0.0,-0.76379]},"44":{"weight":0.0,"played":[3.0E-4,0.9997],"evs":[0.0,2.18493]},"54o":{"weight":0.0,"played":[0.9998,2.0E-4],"evs":[0.0,-0.88746]},"64o":{"weight":0.0,"played":[1.0,0.0],"evs":[0.0,-1.56915]},"74o":{"weight":0.0,"played":[1.0,0.0],"evs":[0.0,-1.97312]},"84o":{"weight":0.0,"played":[1.0,0.0],"evs":[0.0,-2.33896]},"94o":{"weight":0.0,"played":[1.0,0.0],"evs":[0.0,-3.04924]},"T4o":{"weight":0.0,"played":[1.0,0.0],"evs":[0.0,-3.75276]},"J4o":{"weight":0.0,"played":[1.0,0.0],"evs":[0.0,-2.96505]},"Q4o":{"weight":0.0,"played":[0.9999,1.0E-4],"evs":[0.0,-2.74444]},"K4o":{"weight":0.0,"played":[1.0,0.0],"evs":[0.0,-1.36975]},"A4o":{"weight":0.0,"played":[0.9993,7.0E-4],"evs":[0.0,-0.74883]},"52s":{"weight":0.0,"played":[0.9987,0.0013],"evs":[0.0,-0.89382]},"53s":{"weight":0.0,"played":[0.8343,0.1657],"evs":[0.0,-0.34159]},"54s":{"weight":0.0,"played":[0.0427,0.9573],"evs":[0.0,0.72703]},"55":{"weight":0.0042,"played":[0.0,1.0],"evs":[0.0,3.21333]},"65o":{"weight":0.0,"played":[0.9999,1.0E-4],"evs":[0.0,-1.02496]},"75o":{"weight":0.0,"played":[0.9998,2.0E-4],"evs":[0.0,-1.13721]},"85o":{"weight":0.0,"played":[1.0,0.0],"evs":[0.0,-1.54909]},"95o":{"weight":0.0,"played":[1.0,0.0],"evs":[0.0,-2.21303]},"T5o":{"weight":0.0,"played":[1.0,0.0],"evs":[0.0,-4.23006]},"J5o":{"weight":0.0,"played":[1.0,0.0],"evs":[0.0,-3.17622]},"Q5o":{"weight":0.0,"played":[0.9989,0.0011],"evs":[0.0,-3.14449]},"K5o":{"weight":0.0,"played":[0.9997,3.0E-4],"evs":[0.0,-1.00287]},"A5o":{"weight":0.0,"played":[0.8687,0.1313],"evs":[0.0,-0.3283]},"62s":{"weight":0.0,"played":[0.9994,6.0E-4],"evs":[0.0,-1.67241]},"63s":{"weight":0.0,"played":[1.0,0.0],"evs":[0.0,-0.56112]},"64s":{"weight":0.0,"played":[0.3228,0.6772],"evs":[0.0,0.2163]},"65s":{"weight":0.0,"played":[0.017,0.983],"evs":[0.0,0.8521]},"66":{"weight":4.0E-4,"played":[0.0,1.0],"evs":[0.0,4.00673]},"76o":{"weight":0.0,"played":[0.9999,1.0E-4],"evs":[0.0,-0.53137]},"86o":{"weight":0.0,"played":[1.0,0.0],"evs":[0.0,-0.69687]},"96o":{"weight":0.0,"played":[1.0,0.0],"evs":[0.0,-1.16494]},"T6o":{"weight":0.0,"played":[1.0,0.0],"evs":[0.0,-2.79906]},"J6o":{"weight":0.0,"played":[1.0,0.0],"evs":[0.0,-2.59624]},"Q6o":{"weight":0.0,"played":[1.0,0.0],"evs":[0.0,-2.04343]},"K6o":{"weight":0.0,"played":[0.9983,0.0017],"evs":[0.0,-0.78609]},"A6o":{"weight":0.0,"played":[0.9989,0.0011],"evs":[0.0,-0.75894]},"72s":{"weight":0.0,"played":[1.0,0.0],"evs":[0.0,-1.79203]},"73s":{"weight":0.0,"played":[0.9995,5.0E-4],"evs":[0.0,-0.71891]},"74s":{"weight":0.0,"played":[0.8119,0.1881],"evs":[0.0,-0.20959]},"75s":{"weight":0.0,"played":[0.0274,0.9726],"evs":[0.0,0.19849]},"76s":{"weight":0.0,"played":[0.0149,0.9851],"evs":[0.0,1.07913]},"77":{"weight":0.0142,"played":[0.0,1.0],"evs":[0.0,4.91279]},"87o":{"weight":0.0,"played":[0.9999,1.0E-4],"evs":[0.0,-0.55536]},"97o":{"weight":0.0,"played":[0.9999,1.0E-4],"evs":[0.0,-0.93652]},"T7o":{"weight":0.0,"played":[1.0,0.0],"evs":[0.0,-2.42198]},"J7o":{"weight":0.0,"played":[1.0,0.0],"evs":[0.0,-2.25296]},"Q7o":{"weight":0.0,"played":[1.0,0.0],"evs":[0.0,-2.22475]},"K7o":{"weight":0.0,"played":[1.0,0.0],"evs":[0.0,-0.4275]},"A7o":{"weight":0.0,"played":[0.9946,0.0054],"evs":[0.0,-0.22256]},"82s":{"weight":0.0,"played":[1.0,0.0],"evs":[0.0,-1.40176]},"83s":{"weight":0.0,"played":[0.9986,0.0014],"evs":[0.0,-1.5032]},"84s":{"weight":0.0,"played":[0.9995,5.0E-4],"evs":[0.0,-0.39958]},"85s":{"weight":0.0,"played":[0.2702,0.7298],"evs":[0.0,-0.15922]},"86s":{"weight":0.0,"played":[0.29,0.71],"evs":[0.0,0.6041]},"87s":{"weight":0.0,"played":[0.0019,0.9981],"evs":[0.0,1.12898]},"88":{"weight":0.0014,"played":[0.0,1.0],"evs":[0.0,5.47575]},"98o":{"weight":0.0,"played":[0.99,0.01],"evs":[0.0,-0.36621]},"T8o":{"weight":0.0,"played":[0.988,0.012],"evs":[0.0,-1.44774]},"J8o":{"weight":0.0,"played":[0.9965,0.0035],"evs":[0.0,-1.65065]},"Q8o":{"weight":0.0,"played":[0.9994,6.0E-4],"evs":[0.0,-2.1432]},"K8o":{"weight":0.0,"played":[0.9565,0.0435],"evs":[0.0,-0.8182]},"A8o":{"weight":0.002,"played":[0.3483,0.6517],"evs":[0.0,0.06559]},"92s":{"weight":0.0,"played":[1.0,0.0],"evs":[0.0,-1.82902]},"93s":{"weight":0.0,"played":[1.0,0.0],"evs":[0.0,-1.58176]},"94s":{"weight":0.0,"played":[0.9999,1.0E-4],"evs":[0.0,-1.52601]},"95s":{"weight":0.0,"played":[0.9924,0.0076],"evs":[0.0,-0.59632]},"96s":{"weight":0.0,"played":[0.5392,0.4608],"evs":[0.0,-0.26241]},"97s":{"weight":0.0,"played":[0.3713,0.6287],"evs":[0.0,0.65676]},"98s":{"weight":0.0,"played":[0.0018,0.9982],"evs":[0.0,0.71518]},"99":{"weight":0.0267,"played":[0.0,1.0],"evs":[0.0,5.38162]},"T9o":{"weight":0.0,"played":[0.9993,7.0E-4],"evs":[0.0,-1.26475]},"J9o":{"weight":0.0,"played":[0.9989,0.0011],"evs":[0.0,-1.27847]},"Q9o":{"weight":0.0,"played":[0.9948,0.0052],"evs":[0.0,-1.66692]},"K9o":{"weight":0.0,"played":[0.9923,0.0077],"evs":[0.0,-0.78707]},"A9o":{"weight":2.0E-4,"played":[0.2072,0.7928],"evs":[0.0,0.19933]},"T2s":{"weight":0.0,"played":[0.997,0.003],"evs":[0.0,-2.75789]},"T3s":{"weight":0.0,"played":[0.9998,2.0E-4],"evs":[0.0,-1.99106]},"T4s":{"weight":0.0,"played":[0.9996,4.0E-4],"evs":[0.0,-2.08198]},"T5s":{"weight":0.0,"played":[0.9985,0.0015],"evs":[0.0,-1.86125]},"T6s":{"weight":0.0,"played":[0.9756,0.0244],"evs":[0.0,-0.95588]},"T7s":{"weight":0.0,"played":[0.99,0.01],"evs":[0.0,-0.23134]},"T8s":{"weight":0.0,"played":[0.387,0.613],"evs":[0.0,0.28659]},"T9s":{"weight":0.0,"played":[0.4482,0.5518],"evs":[0.0,0.49519]},"TT":{"weight":0.0013,"played":[0.0,1.0],"evs":[0.0,6.5743]},"JTo":{"weight":0.0,"played":[0.9673,0.0327],"evs":[0.0,-1.44641]},"QTo":{"weight":0.0,"played":[0.9978,0.0022],"evs":[0.0,-1.57655]},"KTo":{"weight":0.0,"played":[0.7057,0.2943],"evs":[0.0,0.02665]},"ATo":{"weight":0.0085,"played":[0.0,1.0],"evs":[0.0,2.2708]},"J2s":{"weight":0.0,"played":[0.9968,0.0032],"evs":[0.0,-2.41619]},"J3s":{"weight":0.0,"played":[0.9996,4.0E-4],"evs":[0.0,-1.99949]},"J4s":{"weight":0.0,"played":[0.9997,3.0E-4],"evs":[0.0,-1.4562]},"J5s":{"weight":0.0,"played":[0.9994,6.0E-4],"evs":[0.0,-0.84583]},"J6s":{"weight":0.0,"played":[0.9988,0.0012],"evs":[0.0,-1.15075]},"J7s":{"weight":0.0,"played":[0.8707,0.1293],"evs":[0.0,-0.37927]},"J8s":{"weight":0.0,"played":[0.2844,0.7156],"evs":[0.0,0.10174]},"J9s":{"weight":0.0,"played":[0.5171,0.4829],"evs":[0.0,-0.12516]},"JTs":{"weight":1.0E-4,"played":[0.7973,0.2027],"evs":[0.0,0.00219]},"JJ":{"weight":0.0028,"played":[0.0,1.0],"evs":[0.0,10.09615]},"QJo":{"weight":0.0,"played":[0.8703,0.1297],"evs":[0.0,0.00195]},"KJo":{"weight":0.0,"played":[3.0E-4,0.9997],"evs":[0.0,0.73051]},"AJo":{"weight":2.0E-4,"played":[0.0,1.0],"evs":[0.0,4.07874]},"Q2s":{"weight":0.0,"played":[0.9982,0.0018],"evs":[0.0,-1.20503]},"Q3s":{"weight":0.0,"played":[0.9979,0.0021],"evs":[0.0,-1.34587]},"Q4s":{"weight":0.0,"played":[0.9997,3.0E-4],"evs":[0.0,-1.19282]},"Q5s":{"weight":0.0,"played":[0.9975,0.0025],"evs":[0.0,-0.98583]},"Q6s":{"weight":0.0,"played":[0.9807,0.0193],"evs":[0.0,-0.43839]},"Q7s":{"weight":0.0,"played":[0.9756,0.0244],"evs":[0.0,-0.30953]},"Q8s":{"weight":0.0,"played":[0.4206,0.5794],"evs":[0.0,0.15104]},"Q9s":{"weight":0.0,"played":[0.6701,0.3299],"evs":[0.0,-0.1881]},"QTs":{"weight":0.0123,"played":[0.7075,0.2925],"evs":[0.0,0.12789]},"QJs":{"weight":0.06,"played":[0.0,1.0],"evs":[0.0,1.8878]},"QQ":{"weight":0.0039,"played":[0.0,1.0],"evs":[0.0,13.26622]},"KQo":{"weight":0.0026,"played":[1.0E-4,0.9999],"evs":[0.0,1.7117]},"AQo":{"weight":0.0013,"played":[0.0,1.0],"evs":[0.0,5.70292]},"K2s":{"weight":0.0,"played":[0.4855,0.5145],"evs":[0.0,0.36215]},"K3s":{"weight":0.0,"played":[0.2669,0.7331],"evs":[0.0,0.46437]},"K4s":{"weight":0.0,"played":[0.29,0.71],"evs":[0.0,0.88612]},"K5s":{"weight":0.0,"played":[0.0233,0.9767],"evs":[0.0,0.89982]},"K6s":{"weight":0.0,"played":[3.0E-4,0.9997],"evs":[0.0,1.63111]},"K7s":{"weight":0.0,"played":[1.0E-4,0.9999],"evs":[0.0,1.41339]},"K8s":{"weight":0.0,"played":[0.0039,0.9961],"evs":[0.0,0.91916]},"K9s":{"weight":0.0,"played":[0.0082,0.9918],"evs":[0.0,1.46925]},"KTs":{"weight":0.0,"played":[0.001,0.999],"evs":[0.0,2.20427]},"KJs":{"weight":8.0E-4,"played":[0.0013,0.9987],"evs":[0.0,2.46647]},"KQs":{"weight":0.0019,"played":[0.0,1.0],"evs":[0.0,2.80056]},"KK":{"weight":0.0058,"played":[0.0,1.0],"evs":[0.0,15.52769]},"AKo":{"weight":0.0478,"played":[0.0,1.0],"evs":[0.0,8.35973]},"A2s":{"weight":0.0,"played":[0.0021,0.9979],"evs":[0.0,0.8712]},"A3s":{"weight":0.0,"played":[4.0E-4,0.9996],"evs":[0.0,1.44565]},"A4s":{"weight":0.0016,"played":[0.0036,0.9964],"evs":[0.0,1.10744]},"A5s":{"weight":0.0357,"played":[2.0E-4,0.9998],"evs":[0.0,1.72816]},"A6s":{"weight":0.0,"played":[1.0E-4,0.9999],"evs":[0.0,1.23701]},"A7s":{"weight":0.0044,"played":[3.0E-4,0.9997],"evs":[0.0,1.45106]},"A8s":{"weight":0.0047,"played":[0.0,1.0],"evs":[0.0,1.81387]},"A9s":{"weight":0.0245,"played":[0.0,1.0],"evs":[0.0,2.27676]},"ATs":{"weight":0.0459,"played":[0.0,1.0],"evs":[0.0,3.53852]},"AJs":{"weight":0.0065,"played":[0.0,1.0],"evs":[0.0,5.54142]},"AQs":{"weight":0.007,"played":[0.0,1.0],"evs":[0.0,7.1132]},"AKs":{"weight":0.0,"played":[0.0,1.0],"evs":[0.0,9.50784]},"AA":{"weight":0.0425,"played":[0.0,1.0],"evs":[0.0,21.64938]}}}