{"player":3,"street":0,"children":2,"sequence":[{"player":0,"type":"F","amount":0,"street":0},{"player":1,"type":"R","amount":200000,"street":0},{"player":2,"type":"C","amount":200000,"street":0},{"player":3,"type":"R","amount":600000,"street":0},{"player":4,"type":"F","amount":0,"street":0},{"player":5,"type":"R","amount":895000,"street":0},{"player":1,"type":"F","amount":0,"street":0},{"player":2,"type":"C","amount":695000,"street":0}],"actions":[{"type":"F","amount":0},{"type":"C","amount":295000}],"hands":{"22":{"weight":0.0,"played":[0.0,1.0],"evs":[0.0,4.58902]},"32o":{"weight":0.0,"played":[0.0012,0.9988],"evs":[0.0,1.62099]},"42o":{"weight":0.0,"played":[0.0,1.0],"evs":[0.0,2.0501]},"52o":{"weight":0.0,"played":[1.0E-4,0.9999],"evs":[0.0,2.09614]},"62o":{"weight":0.0,"played":[1.0E-4,0.9999],"evs":[0.0,2.48925]},"72o":{"weight":0.0,"played":[0.0,1.0],"evs":[0.0,1.58848]},"82o":{"weight":0.0,"played":[1.0E-4,0.9999],"evs":[0.0,2.37877]},"92o":{"weight":0.0,"played":[1.0E-4,0.9999],"evs":[0.0,2.34844]},"T2o":{"weight":0.0,"played":[1.0E-4,0.9999],"evs":[0.0,2.41818]},"J2o":{"weight":0.0,"played":[0.0,1.0],"evs":[0.0,2.25966]},"Q2o":{"weight":0.0,"played":[0.0,1.0],"evs":[0.0,2.31308]},"K2o":{"weight":0.0,"played":[0.0,1.0],"evs":[0.0,2.98542]},"A2o":{"weight":0.0,"played":[0.0,1.0],"evs":[0.0,3.15954]},"32s":{"weight":0.0,"played":[8.0E-4,0.9992],"evs":[0.0,2.64139]},"33":{"weight":0.0,"played":[0.0,1.0],"evs":[0.0,4.4983]},"43o":{"weight":0.0,"played":[1.0E-4,0.9999],"evs":[0.0,2.62249]},"53o":{"weight":0.0,"played":[0.0,1.0],"evs":[0.0,2.64871]},"63o":{"weight":0.0,"played":[0.0,1.0],"evs":[0.0,2.80749]},"73o":{"weight":0.0,"played":[0.0,1.0],"evs":[0.0,1.95879]},"83o":{"weight":0.0,"played":[0.0,1.0],"evs":[0.0,2.25691]},"93o":{"weight":0.0,"played":[0.0,1.0],"evs":[0.0,2.74644]},"T3o":{"weight":0.0,"played":[0.0,1.0],"evs":[0.0,2.40351]},"J3o":{"weight":0.0,"played":[2.0E-4,0.9998],"evs":[0.0,2.36619]},"Q3o":{"weight":0.0,"played":[0.0,1.0],"evs":[0.0,2.38655]},"K3o":{"weight":0.0,"played":[0.0,1.0],"evs":[0.0,3.12143]},"A3o":{"weight":0.0,"played":[5.0E-4,0.9995],"evs":[0.0,2.81789]},"42s":{"weight":0.0,"played":[0.0,1.0],"evs":[0.0,2.89694]},"43s":{"weight":0.0,"played":[1.0E-4,0.9999],"evs":[0.0,3.28709]},"44":{"weight":0.0,"played":[1.0E-4,0.9999],"evs":[0.0,5.44589]},"54o":{"weight":0.0,"played":[0.0,1.0],"evs":[0.0,2.92641]},"64o":{"weight":0.0,"played":[0.0,1.0],"evs":[0.0,3.46161]},"74o":{"weight":0.0,"played":[0.0,1.0],"evs":[0.0,2.11439]},"84o":{"weight":0.0,"played":[0.0,1.0],"evs":[0.0,2.89679]},"94o":{"weight":0.0,"played":[0.0,1.0],"evs":[0.0,2.74188]},"T4o":{"weight":0.0,"played":[2.0E-4,0.9998],"evs":[0.0,2.16176]},"J4o":{"weight":0.0,"played":[0.0,1.0],"evs":[0.0,2.90791]},"Q4o":{"weight":0.0,"played":[2.0E-4,0.9998],"evs":[0.0,3.12112]},"K4o":{"weight":0.0,"played":[0.0,1.0],"evs":[0.0,3.22287]},"A4o":{"weight":0.0,"played":[0.0,1.0],"evs":[0.0,3.38063]},"52s":{"weight":0.0,"played":[0.0044,0.9956],"evs":[0.0,3.74793]},"53s":{"weight":0.0,"played":[0.0,1.0],"evs":[0.0,4.41277]},"54s":{"weight":0.0,"played":[0.0027,0.9973],"evs":[0.0,4.38144]},"55":{"weight":0.0042,"played":[0.0,1.0],"evs":[0.0,6.76554]},"65o":{"weight":0.0,"played":[0.0,1.0],"evs":[0.0,3.78302]},"75o":{"weight":0.0,"played":[3.0E-4,0.9997],"evs":[0.0,3.18716]},"85o":{"weight":0.0,"played":[1.0E-4,0.9999],"evs":[0.0,3.1304]},"95o":{"weight":0.0,"played":[0.0,1.0],"evs":[0.0,3.06918]},"T5o":{"weight":0.0,"played":[2.0E-4,0.9998],"evs":[0.0,2.67141]},"J5o":{"weight":0.0,"played":[0.0,1.0],"evs":[0.0,2.26593]},"Q5o":{"weight":0.0,"played":[0.0,1.0],"evs":[0.0,2.68717]},"K5o":{"weight":0.0,"played":[0.0,1.0],"evs":[0.0,3.19757]},"A5o":{"weight":0.0,"played":[0.0,1.0],"evs":[0.0,3.90995]},"62s":{"weight":0.0,"played":[4.0E-4,0.9996],"evs":[0.0,3.66665]},"63s":{"weight":0.0,"played":[1.0E-4,0.9999],"evs":[0.0,3.3609]},"64s":{"weight":0.0,"played":[0.0,1.0],"evs":[0.0,4.2566]},"65s":{"weight":0.0,"played":[0.0,1.0],"evs":[0.0,5.13222]},"66":{"weight":4.0E-4,"played":[1.0E-4,0.9999],"evs":[0.0,7.79085]},"76o":{"weight":0.0,"played":[0.0,1.0],"evs":[0.0,3.9487]},"86o":{"weight":0.0,"played":[0.0,1.0],"evs":[0.0,3.83415]},"96o":{"weight":0.0,"played":[0.0,1.0],"evs":[0.0,4.18914]},"T6o":{"weight":0.0,"played":[0.0,1.0],"evs":[0.0,3.47026]},"J6o":{"weight":0.0,"played":[0.0,1.0],"evs":[0.0,3.51246]},"Q6o":{"weight":0.0,"played":[0.0,1.0],"evs":[0.0,3.51642]},"K6o":{"weight":0.0,"played":[0.0,1.0],"evs":[0.0,4.01772]},"A6o":{"weight":0.0,"played":[0.0,1.0],"evs":[0.0,4.51353]},"72s":{"weight":0.0,"played":[0.0013,0.9987],"evs":[0.0,2.34417]},"73s":{"weight":0.0,"played":[5.0E-4,0.9995],"evs":[0.0,3.49463]},"74s":{"weight":0.0,"played":[1.0E-4,0.9999],"evs":[0.0,3.94593]},"75s":{"weight":0.0,"played":[0.0,1.0],"evs":[0.0,3.40192]},"76s":{"weight":0.0,"played":[0.0,1.0],"evs":[0.0,4.39792]},"77":{"weight":0.0142,"played":[0.0,1.0],"evs":[0.0,9.0152]},"87o":{"weight":0.0,"played":[0.0,1.0],"evs":[0.0,4.22445]},"97o":{"weight":0.0,"played":[0.0,1.0],"evs":[0.0,3.98699]},"T7o":{"weight":0.0,"played":[1.0E-4,0.9999],"evs":[0.0,3.6689]},"J7o":{"weight":0.0,"played":[4.0E-4,0.9996],"evs":[0.0,3.27344]},"Q7o":{"weight":0.0,"played":[0.0,1.0],"evs":[0.0,3.02869]},"K7o":{"weight":0.0,"played":[0.0,1.0],"evs":[0.0,3.56901]},"A7o":{"weight":0.0,"played":[0.0,1.0],"evs":[0.0,4.49895]},"82s":{"weight":0.0,"played":[2.0E-4,0.9998],"evs":[0.0,3.90792]},"83s":{"weight":0.0,"played":[5.0E-4,0.9995],"evs":[0.0,3.97666]},"84s":{"weight":0.0,"played":[0.0,1.0],"evs":[0.0,3.39138]},"85s":{"weight":0.0,"played":[1.0E-4,0.9999],"evs":[0.0,4.18193]},"86s":{"weight":0.0,"played":[1.0E-4,0.9999],"evs":[0.0,5.20318]},"87s":{"weight":0.0,"played":[1.0E-4,0.9999],"evs":[0.0,4.98218]},"88":{"weight":0.0014,"played":[0.0,1.0],"evs":[0.0,9.68111]},"98o":{"weight":0.0,"played":[1.0E-4,0.9999],"evs":[0.0,5.1326]},"T8o":{"weight":0.0,"played":[0.0,1.0],"evs":[0.0,4.10843]},"J8o":{"weight":0.0,"played":[0.0,1.0],"evs":[0.0,4.45134]},"Q8o":{"weight":0.0,"played":[0.0,1.0],"evs":[0.0,4.34651]},"K8o":{"weight":0.0,"played":[0.0,1.0],"evs":[0.0,4.5816]},"A8o":{"weight":0.002,"played":[0.0,1.0],"evs":[0.0,5.40998]},"92s":{"weight":0.0,"played":[1.0E-4,0.9999],"evs":[0.0,3.41536]},"93s":{"weight":0.0,"played":[0.0,1.0],"evs":[0.0,3.25004]},"94s":{"weight":0.0,"played":[1.0E-4,0.9999],"evs":[0.0,2.30363]},"95s":{"weight":0.0,"played":[1.0E-4,0.9999],"evs":[0.0,3.18222]},"96s":{"weight":0.0,"played":[2.0E-4,0.9998],"evs":[0.0,4.98307]},"97s":{"weight":0.0,"played":[2.0E-4,0.9998],"evs":[0.0,4.94768]},"98s":{"weight":0.0,"played":[3.0E-4,0.9997],"evs":[0.0,6.02542]},"99":{"weight":0.0267,"played":[0.0,1.0],"evs":[0.0,10.42122]},"T9o":{"weight":0.0,"played":[0.0,1.0],"evs":[0.0,4.68106]},"J9o":{"weight":0.0,"played":[0.0,1.0],"evs":[0.0,4.94977]},"Q9o":{"weight":0.0,"played":[2.0E-4,0.9998],"evs":[0.0,4.7674]},"K9o":{"weight":0.0,"played":[0.0,1.0],"evs":[0.0,5.23167]},"A9o":{"weight":2.0E-4,"played":[0.0,1.0],"evs":[0.0,6.56835]},"T2s":{"weight":0.0,"played":[0.001,0.999],"evs":[0.0,3.07533]},"T3s":{"weight":0.0,"played":[3.0E-4,0.9997],"evs":[0.0,2.82228]},"T4s":{"weight":0.0,"played":[2.0E-4,0.9998],"evs":[0.0,3.25322]},"T5s":{"weight":0.0,"played":[0.0,1.0],"evs":[0.0,3.91388]},"T6s":{"weight":0.0,"played":[0.0,1.0],"evs":[0.0,5.06912]},"T7s":{"weight":0.0,"played":[1.0E-4,0.9999],"evs":[0.0,4.36846]},"T8s":{"weight":0.0,"played":[2.0E-4,0.9998],"evs":[0.0,6.03656]},"T9s":{"weight":0.0,"played":[1.0E-4,0.9999],"evs":[0.0,5.73781]},"TT":{"weight":0.0013,"played":[0.0,1.0],"evs":[0.0,11.33336]},"JTo":{"weight":0.0,"played":[0.0,1.0],"evs":[0.0,5.07671]},"QTo":{"weight":0.0,"played":[0.0,1.0],"evs":[0.0,5.7787]},"KTo":{"weight":0.0,"played":[0.0,1.0],"evs":[0.0,5.1781]},"ATo":{"weight":0.0085,"played":[0.0,1.0],"evs":[0.0,7.32044]},"J2s":{"weight":0.0,"played":[0.0015,0.9985],"evs":[0.0,3.617]},"J3s":{"weight":0.0,"played":[0.0,1.0],"evs":[0.0,3.1157]},"J4s":{"weight":0.0,"played":[1.0E-4,0.9999],"evs":[0.0,4.50715]},"J5s":{"weight":0.0,"played":[0.0021,0.9979],"evs":[0.0,2.90866]},"J6s":{"weight":0.0,"played":[5.0E-4,0.9995],"evs":[0.0,4.2983]},"J7s":{"weight":0.0,"played":[1.0E-4,0.9999],"evs":[0.0,4.27771]},"J8s":{"weight":0.0,"played":[0.0,1.0],"evs":[0.0,5.76935]},"J9s":{"weight":0.0,"played":[0.0,1.0],"evs":[0.0,5.38312]},"JTs":{"weight":1.0E-4,"played":[0.0,1.0],"evs":[0.0,6.0026]},"JJ":{"weight":0.0028,"played":[0.0,1.0],"evs":[0.0,12.23445]},"QJo":{"weight":0.0,"played":[0.0,1.0],"evs":[0.0,5.22938]},"KJo":{"weight":0.0,"played":[1.0E-4,0.9999],"evs":[0.0,5.01756]},"AJo":{"weight":2.0E-4,"played":[0.0,1.0],"evs":[0.0,7.20768]},"Q2s":{"weight":0.0,"played":[1.0E-4,0.9999],"evs":[0.0,2.97289]},"Q3s":{"weight":0.0,"played":[0.0,1.0],"evs":[0.0,3.73735]},"Q4s":{"weight":0.0,"played":[0.0,1.0],"evs":[0.0,4.59955]},"Q5s":{"weight":0.0,"played":[3.0E-4,0.9997],"evs":[0.0,3.97295]},"Q6s":{"weight":0.0,"played":[0.0,1.0],"evs":[0.0,4.6418]},"Q7s":{"weight":0.0,"played":[0.0,1.0],"evs":[0.0,3.30071]},"Q8s":{"weight":0.0,"played":[0.0,1.0],"evs":[0.0,4.96734]},"Q9s":{"weight":0.0,"played":[0.0,1.0],"evs":[0.0,5.12154]},"QTs":{"weight":0.0123,"played":[0.0,1.0],"evs":[0.0,6.23842]},"QJs":{"weight":0.06,"played":[0.0,1.0],"evs":[0.0,6.14135]},"QQ":{"weight":0.0039,"played":[0.0,1.0],"evs":[0.0,12.83661]},"KQo":{"weight":0.0026,"played":[0.0,1.0],"evs":[0.0,6.60549]},"AQo":{"weight":0.0013,"played":[0.0,1.0],"evs":[0.0,7.8928]},"K2s":{"weight":0.0,"played":[1.0E-4,0.9999],"evs":[0.0,3.62426]},"K3s":{"weight":0.0,"played":[0.0,1.0],"evs":[0.0,3.80286]},"K4s":{"weight":0.0,"played":[3.0E-4,0.9997],"evs":[0.0,4.78153]},"K5s":{"weight":0.0,"played":[1.0E-4,0.9999],"evs":[0.0,3.88535]},"K6s":{"weight":0.0,"played":[0.0,1.0],"evs":[0.0,4.97148]},"K7s":{"weight":0.0,"played":[0.0,1.0],"evs":[0.0,4.49551]},"K8s":{"weight":0.0,"played":[1.0E-4,0.9999],"evs":[0.0,5.62013]},"K9s":{"weight":0.0,"played":[4.0E-4,0.9996],"evs":[0.0,5.47856]},"KTs":{"weight":0.0,"played":[0.0,1.0],"evs":[0.0,6.93974]},"KJs":{"weight":8.0E-4,"played":[0.0,1.0],"evs":[0.0,5.84843]},"KQs":{"weight":0.0019,"played":[0.0,1.0],"evs":[0.0,7.50105]},"KK":{"weight":0.0058,"played":[0.0,1.0],"evs":[0.0,14.6334]},"AKo":{"weight":0.0478,"played":[0.0,1.0],"evs":[0.0,8.22652]},"A2s":{"weight":0.0,"played":[2.0E-4,0.9998],"evs":[0.0,4.77588]},"A3s":{"weight":0.0,"played":[2.0E-4,0.9998],"evs":[0.0,4.20399]},"A4s":{"weight":0.0016,"played":[1.0E-4,0.9999],"evs":[0.0,5.20765]},"A5s":{"weight":0.0357,"played":[6.0E-4,0.9994],"evs":[0.0,4.38777]},"A6s":{"weight":0.0,"played":[0.0,1.0],"evs":[0.0,5.56604]},"A7s":{"weight":0.0044,"played":[1.0E-4,0.9999],"evs":[0.0,5.61799]},"A8s":{"weight":0.0047,"played":[1.0E-4,0.9999],"evs":[0.0,6.40254]},"A9s":{"weight":0.0245,"played":[5.0E-4,0.9995],"evs":[0.0,7.3979]},"ATs":{"weight":0.0459,"played":[0.0,1.0],"evs":[0.0,7.65616]},"AJs":{"weight":0.0065,"played":[1.0E-4,0.9999],"evs":[0.0,8.25384]},"AQs":{"weight":0.007,"played":[0.0,1.0],"evs":[0.0,8.79231]},"AKs":{"weight":0.0,"played":[0.0,1.0],"evs":[0.0,9.17097]},"AA":{"weight":0.0425,"played":[0.0,1.0],"evs":[0.0,17.10361]}}}