{"player":2,"street":0,"children":2,"sequence":[{"player":0,"type":"F","amount":0,"street":0},{"player":1,"type":"R","amount":200000,"street":0},{"player":2,"type":"C","amount":200000,"street":0},{"player":3,"type":"R","amount":600000,"street":0},{"player":4,"type":"F","amount":0,"street":0},{"player":5,"type":"R","amount":895000,"street":0},{"player":1,"type":"C","amount":695000,"street":0}],"actions":[{"type":"F","amount":0,"node":399},{"type":"R","amount":1265000,"node":400}],"hands":{"22":{"weight":0.0,"played":[0.3674,0.6326],"evs":[0.0,0.24227]},"32o":{"weight":0.0,"played":[0.9883,0.0117],"evs":[0.0,-2.67439]},"42o":{"weight":0.0,"played":[0.9986,0.0014],"evs":[0.0,-1.80184]},"52o":{"weight":0.0,"played":[1.0,0.0],"evs":[0.0,-2.24314]},"62o":{"weight":0.0,"played":[0.9973,0.0027],"evs":[0.0,-2.12931]},"72o":{"weight":0.0,"played":[0.9963,0.0037],"evs":[0.0,-3.3977]},"82o":{"weight":0.0,"played":[0.9945,0.0055],"evs":[0.0,-3.00176]},"92o":{"weight":0.0,"played":[0.9984,0.0016],"evs":[0.0,-3.14934]},"T2o":{"weight":0.0,"played":[0.9998,2.0E-4],"evs":[0.0,-1.72977]},"J2o":{"weight":0.0,"played":[0.998,0.002],"evs":[0.0,-2.53022]},"Q2o":{"weight":0.0,"played":[0.9829,0.0171],"evs":[0.0,-2.31746]},"K2o":{"weight":0.0,"played":[0.9303,0.0697],"evs":[0.0,-1.05047]},"A2o":{"weight":0.0,"played":[0.9986,0.0014],"evs":[0.0,-2.87146]},"32s":{"weight":0.0,"played":[0.7244,0.2756],"evs":[0.0,-0.19119]},"33":{"weight":0.0,"played":[0.6695,0.3305],"evs":[0.0,0.69175]},"43o":{"weight":0.0,"played":[0.9998,2.0E-4],"evs":[0.0,-0.66865]},"53o":{"weight":0.0,"played":[0.992,0.008],"evs":[0.0,-1.17374]},"63o":{"weight":0.0,"played":[0.9852,0.0148],"evs":[0.0,-0.45757]},"73o":{"weight":0.0,"played":[0.998,0.002],"evs":[0.0,-2.17862]},"83o":{"weight":0.0,"played":[0.9998,2.0E-4],"evs":[0.0,-2.74198]},"93o":{"weight":0.0,"played":[0.9964,0.0036],"evs":[0.0,-2.42053]},"T3o":{"weight":0.0,"played":[0.9992,8.0E-4],"evs":[0.0,-2.32435]},"J3o":{"weight":0.0,"played":[0.9992,8.0E-4],"evs":[0.0,-0.45976]},"Q3o":{"weight":0.0,"played":[0.9996,4.0E-4],"evs":[0.0,-1.09091]},"K3o":{"weight":0.0,"played":[0.9802,0.0198],"evs":[0.0,-2.77616]},"A3o":{"weight":0.0,"played":[0.9788,0.0212],"evs":[0.0,-1.74902]},"42s":{"weight":0.0,"played":[0.3021,0.6979],"evs":[0.0,-0.03736]},"43s":{"weight":0.0,"played":[0.4887,0.5113],"evs":[0.0,-0.36623]},"44":{"weight":0.1537,"played":[0.8128,0.1872],"evs":[0.0,0.06964]},"54o":{"weight":0.0,"played":[0.8531,0.1469],"evs":[0.0,-0.47448]},"64o":{"weight":0.0,"played":[0.9999,1.0E-4],"evs":[0.0,-1.05234]},"74o":{"weight":0.0,"played":[0.9535,0.0465],"evs":[0.0,-1.25425]},"84o":{"weight":0.0,"played":[0.974,0.026],"evs":[0.0,-1.19804]},"94o":{"weight":0.0,"played":[0.9977,0.0023],"evs":[0.0,-2.43098]},"T4o":{"weight":0.0,"played":[0.9913,0.0087],"evs":[0.0,-2.31411]},"J4o":{"weight":0.0,"played":[0.9929,0.0071],"evs":[0.0,-3.02469]},"Q4o":{"weight":0.0,"played":[0.9444,0.0556],"evs":[0.0,-2.1933]},"K4o":{"weight":0.0,"played":[0.9894,0.0106],"evs":[0.0,-1.57771]},"A4o":{"weight":0.0,"played":[0.9914,0.0086],"evs":[0.0,-2.62948]},"52s":{"weight":0.0,"played":[0.3653,0.6347],"evs":[0.0,-0.4403]},"53s":{"weight":0.0,"played":[0.6282,0.3718],"evs":[0.0,-0.30585]},"54s":{"weight":0.0,"played":[0.0305,0.9695],"evs":[0.0,2.15842]},"55":{"weight":0.4401,"played":[0.0015,0.9985],"evs":[0.0,1.07356]},"65o":{"weight":0.0,"played":[0.9683,0.0317],"evs":[0.0,-0.99304]},"75o":{"weight":0.0,"played":[0.9845,0.0155],"evs":[0.0,-1.60921]},"85o":{"weight":0.0,"played":[0.9966,0.0034],"evs":[0.0,-2.445]},"95o":{"weight":0.0,"played":[0.9966,0.0034],"evs":[0.0,-1.85157]},"T5o":{"weight":0.0,"played":[1.0,0.0],"evs":[0.0,-2.76864]},"J5o":{"weight":0.0,"played":[0.5649,0.4351],"evs":[0.0,-1.00831]},"Q5o":{"weight":0.0,"played":[0.9993,7.0E-4],"evs":[0.0,-2.31579]},"K5o":{"weight":0.0,"played":[0.8845,0.1155],"evs":[0.0,-0.42879]},"A5o":{"weight":0.0,"played":[0.8888,0.1112],"evs":[0.0,-1.65913]},"62s":{"weight":0.0,"played":[0.7423,0.2577],"evs":[0.0,-0.21763]},"63s":{"weight":0.0,"played":[0.8635,0.1365],"evs":[0.0,-0.78053]},"64s":{"weight":0.0,"played":[0.98,0.02],"evs":[0.0,-2.53198]},"65s":{"weight":0.0,"played":[0.0822,0.9178],"evs":[0.0,0.26583]},"66":{"weight":7.0E-4,"played":[0.0051,0.9949],"evs":[0.0,0.57826]},"76o":{"weight":0.0,"played":[0.5687,0.4313],"evs":[0.0,-0.6371]},"86o":{"weight":0.0,"played":[0.9741,0.0259],"evs":[0.0,0.05833]},"96o":{"weight":0.0,"played":[0.9948,0.0052],"evs":[0.0,-0.21821]},"T6o":{"weight":0.0,"played":[1.0,0.0],"evs":[0.0,-0.75121]},"J6o":{"weight":0.0,"played":[0.9579,0.0421],"evs":[0.0,-1.28487]},"Q6o":{"weight":0.0,"played":[0.9968,0.0032],"evs":[0.0,-1.43017]},"K6o":{"weight":0.0,"played":[0.9929,0.0071],"evs":[0.0,-1.77339]},"A6o":{"weight":0.0,"played":[0.9762,0.0238],"evs":[0.0,-1.88813]},"72s":{"weight":0.0,"played":[0.9907,0.0093],"evs":[0.0,-1.61248]},"73s":{"weight":0.0,"played":[0.9585,0.0415],"evs":[0.0,-1.70593]},"74s":{"weight":0.0,"played":[0.8858,0.1142],"evs":[0.0,-2.51863]},"75s":{"weight":0.0,"played":[0.3591,0.6409],"evs":[0.0,1.93437]},"76s":{"weight":0.0,"played":[0.9254,0.0746],"evs":[0.0,-2.03153]},"77":{"weight":0.0,"played":[0.1087,0.8913],"evs":[0.0,1.04615]},"87o":{"weight":0.0,"played":[0.99,0.01],"evs":[0.0,-0.82876]},"97o":{"weight":0.0,"played":[0.2936,0.7064],"evs":[0.0,-0.16236]},"T7o":{"weight":0.0,"played":[0.6126,0.3874],"evs":[0.0,-0.54283]},"J7o":{"weight":0.0,"played":[0.9805,0.0195],"evs":[0.0,-1.47422]},"Q7o":{"weight":0.0,"played":[0.997,0.003],"evs":[0.0,-1.56878]},"K7o":{"weight":0.0,"played":[0.9663,0.0337],"evs":[0.0,-1.3923]},"A7o":{"weight":0.0,"played":[0.7049,0.2951],"evs":[0.0,-1.20536]},"82s":{"weight":0.0,"played":[0.2568,0.7432],"evs":[0.0,-0.80756]},"83s":{"weight":0.0,"played":[0.0549,0.9451],"evs":[0.0,0.58244]},"84s":{"weight":0.0,"played":[0.8074,0.1926],"evs":[0.0,-1.67602]},"85s":{"weight":0.0,"played":[0.8571,0.1429],"evs":[0.0,-2.44153]},"86s":{"weight":0.0,"played":[0.0073,0.9927],"evs":[0.0,2.24288]},"87s":{"weight":0.0,"played":[0.3881,0.6119],"evs":[0.0,1.43625]},"88":{"weight":0.0,"played":[2.0E-4,0.9998],"evs":[0.0,2.77663]},"98o":{"weight":0.0,"played":[0.7154,0.2846],"evs":[0.0,-0.92131]},"T8o":{"weight":0.0,"played":[0.954,0.046],"evs":[0.0,-1.01185]},"J8o":{"weight":0.0,"played":[0.6962,0.3038],"evs":[0.0,-0.43166]},"Q8o":{"weight":0.0,"played":[0.9282,0.0718],"evs":[0.0,-0.8338]},"K8o":{"weight":0.0,"played":[0.9819,0.0181],"evs":[0.0,-1.77063]},"A8o":{"weight":0.0,"played":[0.9965,0.0035],"evs":[0.0,-2.60952]},"92s":{"weight":0.0,"played":[0.8816,0.1184],"evs":[0.0,-0.74318]},"93s":{"weight":0.0,"played":[0.8971,0.1029],"evs":[0.0,-1.64466]},"94s":{"weight":0.0,"played":[0.4244,0.5756],"evs":[0.0,0.19271]},"95s":{"weight":0.0,"played":[0.968,0.032],"evs":[0.0,-2.01692]},"96s":{"weight":0.0,"played":[0.652,0.348],"evs":[0.0,0.42927]},"97s":{"weight":0.0,"played":[0.2755,0.7245],"evs":[0.0,0.45542]},"98s":{"weight":0.0,"played":[0.5929,0.4071],"evs":[0.0,0.32349]},"99":{"weight":0.0,"played":[4.0E-4,0.9996],"evs":[0.0,4.34699]},"T9o":{"weight":0.0,"played":[0.951,0.049],"evs":[0.0,-0.33089]},"J9o":{"weight":0.0,"played":[0.8212,0.1788],"evs":[0.0,-1.6663]},"Q9o":{"weight":0.0,"played":[0.9753,0.0247],"evs":[0.0,-0.74474]},"K9o":{"weight":0.0,"played":[0.9817,0.0183],"evs":[0.0,-1.16011]},"A9o":{"weight":3.0E-4,"played":[0.9855,0.0145],"evs":[0.0,-1.10267]},"T2s":{"weight":0.0,"played":[0.9306,0.0694],"evs":[0.0,-2.41928]},"T3s":{"weight":0.0,"played":[0.7818,0.2182],"evs":[0.0,-0.66874]},"T4s":{"weight":0.0,"played":[0.68,0.32],"evs":[0.0,-0.96982]},"T5s":{"weight":0.0,"played":[0.3366,0.6634],"evs":[0.0,0.32128]},"T6s":{"weight":0.0,"played":[0.5361,0.4639],"evs":[0.0,-1.21691]},"T7s":{"weight":0.0,"played":[0.0083,0.9917],"evs":[0.0,2.72381]},"T8s":{"weight":0.0,"played":[0.0418,0.9582],"evs":[0.0,1.60277]},"T9s":{"weight":1.0E-4,"played":[0.5098,0.4902],"evs":[0.0,-0.13651]},"TT":{"weight":0.0,"played":[0.0015,0.9985],"evs":[0.0,7.64788]},"JTo":{"weight":0.0,"played":[0.0403,0.9597],"evs":[0.0,0.38032]},"QTo":{"weight":0.0,"played":[0.618,0.382],"evs":[0.0,-0.74867]},"KTo":{"weight":0.0,"played":[0.9093,0.0907],"evs":[0.0,-0.98586]},"ATo":{"weight":0.0,"played":[0.7643,0.2357],"evs":[0.0,-0.50285]},"J2s":{"weight":0.0,"played":[0.834,0.166],"evs":[0.0,-0.40691]},"J3s":{"weight":0.0,"played":[0.9123,0.0877],"evs":[0.0,-0.50564]},"J4s":{"weight":0.0,"played":[0.7751,0.2249],"evs":[0.0,-1.16402]},"J5s":{"weight":0.0,"played":[0.6001,0.3999],"evs":[0.0,0.26466]},"J6s":{"weight":0.0,"played":[0.1169,0.8831],"evs":[0.0,0.16662]},"J7s":{"weight":0.0,"played":[0.5637,0.4363],"evs":[0.0,-0.59701]},"J8s":{"weight":0.0,"played":[0.9548,0.0452],"evs":[0.0,-0.97853]},"J9s":{"weight":0.0,"played":[0.8664,0.1336],"evs":[0.0,-0.27719]},"JTs":{"weight":1.0,"played":[0.09,0.91],"evs":[0.0,1.41671]},"JJ":{"weight":0.0,"played":[0.0013,0.9987],"evs":[0.0,5.05401]},"QJo":{"weight":0.0,"played":[0.357,0.643],"evs":[0.0,1.39889]},"KJo":{"weight":0.1378,"played":[5.0E-4,0.9995],"evs":[0.0,0.6469]},"AJo":{"weight":0.0,"played":[0.0298,0.9702],"evs":[0.0,1.81012]},"Q2s":{"weight":0.0,"played":[0.7046,0.2954],"evs":[0.0,-0.59268]},"Q3s":{"weight":0.0,"played":[0.8943,0.1057],"evs":[0.0,-2.28499]},"Q4s":{"weight":0.0,"played":[0.9095,0.0905],"evs":[0.0,-1.18045]},"Q5s":{"weight":0.0,"played":[0.5795,0.4205],"evs":[0.0,0.25522]},"Q6s":{"weight":0.0,"played":[0.8671,0.1329],"evs":[0.0,0.58865]},"Q7s":{"weight":0.0,"played":[0.999,0.001],"evs":[0.0,-1.00396]},"Q8s":{"weight":0.0,"played":[0.9288,0.0712],"evs":[0.0,-0.46716]},"Q9s":{"weight":0.0,"played":[0.0072,0.9928],"evs":[0.0,1.73745]},"QTs":{"weight":1.0,"played":[0.0974,0.9026],"evs":[0.0,1.21925]},"QJs":{"weight":1.0,"played":[0.1886,0.8114],"evs":[0.0,1.68632]},"QQ":{"weight":0.0,"played":[0.0,1.0],"evs":[0.0,5.95407]},"KQo":{"weight":0.0,"played":[0.0149,0.9851],"evs":[0.0,1.57557]},"AQo":{"weight":0.0,"played":[0.3063,0.6937],"evs":[0.0,0.56192]},"K2s":{"weight":0.0,"played":[0.977,0.023],"evs":[0.0,-0.57255]},"K3s":{"weight":0.0,"played":[0.7975,0.2025],"evs":[0.0,-2.69886]},"K4s":{"weight":0.0,"played":[0.9165,0.0835],"evs":[0.0,-0.56684]},"K5s":{"weight":0.0,"played":[0.3104,0.6896],"evs":[0.0,1.56089]},"K6s":{"weight":0.0,"played":[0.1167,0.8833],"evs":[0.0,0.95783]},"K7s":{"weight":0.0,"played":[0.5911,0.4089],"evs":[0.0,-0.9001]},"K8s":{"weight":0.0,"played":[0.2886,0.7114],"evs":[0.0,0.01795]},"K9s":{"weight":6.0E-4,"played":[0.0869,0.9131],"evs":[0.0,0.84346]},"KTs":{"weight":0.4495,"played":[0.1319,0.8681],"evs":[0.0,1.01438]},"KJs":{"weight":0.0012,"played":[0.0017,0.9983],"evs":[0.0,2.04761]},"KQs":{"weight":0.0,"played":[0.3862,0.6138],"evs":[0.0,0.71309]},"KK":{"weight":0.0,"played":[3.0E-4,0.9997],"evs":[0.0,9.91852]},"AKo":{"weight":0.0,"played":[5.0E-4,0.9995],"evs":[0.0,2.74528]},"A2s":{"weight":0.0,"played":[0.4633,0.5367],"evs":[0.0,-0.002]},"A3s":{"weight":0.0,"played":[0.98,0.02],"evs":[0.0,-1.22421]},"A4s":{"weight":0.0013,"played":[0.7795,0.2205],"evs":[0.0,-0.0513]},"A5s":{"weight":1.0,"played":[0.4504,0.5496],"evs":[0.0,-0.87458]},"A6s":{"weight":0.0228,"played":[0.9217,0.0783],"evs":[0.0,-0.77693]},"A7s":{"weight":0.672,"played":[0.9035,0.0965],"evs":[0.0,-0.85674]},"A8s":{"weight":0.0,"played":[0.6203,0.3797],"evs":[0.0,0.39965]},"A9s":{"weight":0.0,"played":[0.2044,0.7956],"evs":[0.0,-0.55135]},"ATs":{"weight":0.0,"played":[0.4046,0.5954],"evs":[0.0,0.82679]},"AJs":{"weight":0.0,"played":[0.0229,0.9771],"evs":[0.0,3.89005]},"AQs":{"weight":0.0,"played":[0.2442,0.7558],"evs":[0.0,6.48034]},"AKs":{"weight":0.0,"played":[0.0128,0.9872],"evs":[0.0,3.46865]},"AA":{"weight":0.0375,"played":[1.0E-4,0.9999],"evs":[0.0,14.16133]}}}