{"player":1,"street":0,"children":2,"sequence":[{"player":0,"type":"F","amount":0,"street":0},{"player":1,"type":"R","amount":200000,"street":0},{"player":2,"type":"C","amount":200000,"street":0},{"player":3,"type":"R","amount":600000,"street":0},{"player":4,"type":"F","amount":0,"street":0},{"player":5,"type":"R","amount":895000,"street":0},{"player":1,"type":"C","amount":695000,"street":0},{"player":2,"type":"R","amount":1265000,"street":0},{"player":3,"type":"R","amount":2395000,"street":0}],"actions":[{"type":"F","amount":0},{"type":"C","amount":1500000}],"hands":{"22":{"weight":0.0074,"played":[0.0808,0.9192],"evs":[0.0,2.93992]},"32o":{"weight":0.0,"played":[0.7147,0.2853],"evs":[0.0,-0.23021]},"42o":{"weight":0.0,"played":[0.127,0.873],"evs":[0.0,0.75391]},"52o":{"weight":0.0,"played":[0.3136,0.6864],"evs":[0.0,0.19477]},"62o":{"weight":0.0,"played":[0.9135,0.0865],"evs":[0.0,-2.40551]},"72o":{"weight":0.0,"played":[0.9742,0.0258],"evs":[0.0,-0.62726]},"82o":{"weight":0.0,"played":[0.8997,0.1003],"evs":[0.0,-3.79921]},"92o":{"weight":0.0,"played":[0.8986,0.1014],"evs":[0.0,-1.33461]},"T2o":{"weight":0.0,"played":[0.2423,0.7577],"evs":[0.0,2.31879]},"J2o":{"weight":0.0,"played":[0.9451,0.0549],"evs":[0.0,-0.99147]},"Q2o":{"weight":0.0,"played":[0.4949,0.5051],"evs":[0.0,1.74309]},"K2o":{"weight":0.0,"played":[0.755,0.245],"evs":[0.0,-1.04251]},"A2o":{"weight":0.0,"played":[0.6781,0.3219],"evs":[0.0,-0.93892]},"32s":{"weight":0.0,"played":[0.0192,0.9808],"evs":[0.0,2.55464]},"33":{"weight":0.0034,"played":[0.1393,0.8607],"evs":[0.0,3.71186]},"43o":{"weight":0.0,"played":[0.3659,0.6341],"evs":[0.0,-0.10886]},"53o":{"weight":0.0,"played":[0.0907,0.9093],"evs":[0.0,3.50286]},"63o":{"weight":0.0,"played":[0.5692,0.4308],"evs":[0.0,1.02356]},"73o":{"weight":0.0,"played":[0.5466,0.4534],"evs":[0.0,1.11794]},"83o":{"weight":0.0,"played":[0.966,0.034],"evs":[0.0,-2.14159]},"93o":{"weight":0.0,"played":[0.2131,0.7869],"evs":[0.0,2.69436]},"T3o":{"weight":0.0,"played":[0.9258,0.0742],"evs":[0.0,-2.11224]},"J3o":{"weight":0.0,"played":[0.4021,0.5979],"evs":[0.0,0.76314]},"Q3o":{"weight":0.0,"played":[0.2682,0.7318],"evs":[0.0,1.71099]},"K3o":{"weight":0.0,"played":[0.4012,0.5988],"evs":[0.0,-0.41112]},"A3o":{"weight":0.0,"played":[0.0159,0.9841],"evs":[0.0,0.7154]},"42s":{"weight":0.0,"played":[0.4239,0.5761],"evs":[0.0,-2.30092]},"43s":{"weight":0.0,"played":[0.7458,0.2542],"evs":[0.0,2.31085]},"44":{"weight":0.0073,"played":[0.0605,0.9395],"evs":[0.0,4.97392]},"54o":{"weight":0.0,"played":[0.1926,0.8074],"evs":[0.0,0.23479]},"64o":{"weight":0.0,"played":[0.0184,0.9816],"evs":[0.0,2.886]},"74o":{"weight":0.0,"played":[0.4061,0.5939],"evs":[0.0,1.04274]},"84o":{"weight":0.0,"played":[0.5171,0.4829],"evs":[0.0,-0.58294]},"94o":{"weight":0.0,"played":[0.7065,0.2935],"evs":[0.0,-4.2238]},"T4o":{"weight":0.0,"played":[0.2456,0.7544],"evs":[0.0,2.07613]},"J4o":{"weight":0.0,"played":[0.6505,0.3495],"evs":[0.0,-0.93377]},"Q4o":{"weight":0.0,"played":[0.0833,0.9167],"evs":[0.0,1.56913]},"K4o":{"weight":0.0,"played":[0.7088,0.2912],"evs":[0.0,-1.6358]},"A4o":{"weight":0.0,"played":[0.0397,0.9603],"evs":[0.0,3.39359]},"52s":{"weight":0.0,"played":[0.5291,0.4709],"evs":[0.0,0.85179]},"53s":{"weight":0.0,"played":[7.0E-4,0.9993],"evs":[0.0,7.91679]},"54s":{"weight":0.0,"played":[0.0122,0.9878],"evs":[0.0,2.86158]},"55":{"weight":0.4137,"played":[0.0014,0.9986],"evs":[0.0,8.06597]},"65o":{"weight":0.0,"played":[0.0755,0.9245],"evs":[0.0,2.45729]},"75o":{"weight":0.0,"played":[0.0179,0.9821],"evs":[0.0,2.11231]},"85o":{"weight":0.0,"played":[0.703,0.297],"evs":[0.0,0.28528]},"95o":{"weight":0.0,"played":[0.343,0.657],"evs":[0.0,1.25821]},"T5o":{"weight":0.0,"played":[0.3296,0.6704],"evs":[0.0,-0.72551]},"J5o":{"weight":0.0,"played":[0.3813,0.6187],"evs":[0.0,0.2264]},"Q5o":{"weight":0.0,"played":[0.8397,0.1603],"evs":[0.0,-2.41594]},"K5o":{"weight":0.0,"played":[0.3053,0.6947],"evs":[0.0,0.83368]},"A5o":{"weight":0.0146,"played":[0.1325,0.8675],"evs":[0.0,1.64971]},"62s":{"weight":0.0,"played":[0.1235,0.8765],"evs":[0.0,7.76276]},"63s":{"weight":0.0,"played":[0.3162,0.6838],"evs":[0.0,0.54313]},"64s":{"weight":0.0,"played":[0.5226,0.4774],"evs":[0.0,3.58667]},"65s":{"weight":0.0,"played":[0.0257,0.9743],"evs":[0.0,9.37234]},"66":{"weight":0.0545,"played":[0.0323,0.9677],"evs":[0.0,6.30484]},"76o":{"weight":0.0,"played":[0.6892,0.3108],"evs":[0.0,-1.81848]},"86o":{"weight":0.0,"played":[0.0375,0.9625],"evs":[0.0,3.38932]},"96o":{"weight":0.0,"played":[0.671,0.329],"evs":[0.0,1.86922]},"T6o":{"weight":0.0,"played":[0.4122,0.5878],"evs":[0.0,0.18431]},"J6o":{"weight":0.0,"played":[0.0502,0.9498],"evs":[0.0,5.31386]},"Q6o":{"weight":0.0,"played":[0.5888,0.4112],"evs":[0.0,0.77209]},"K6o":{"weight":0.0,"played":[0.095,0.905],"evs":[0.0,0.60074]},"A6o":{"weight":0.0614,"played":[0.0014,0.9986],"evs":[0.0,2.35038]},"72s":{"weight":0.0,"played":[0.0697,0.9303],"evs":[0.0,4.55108]},"73s":{"weight":0.0,"played":[0.4154,0.5846],"evs":[0.0,4.57034]},"74s":{"weight":0.0,"played":[0.6109,0.3891],"evs":[0.0,-0.9041]},"75s":{"weight":0.0,"played":[0.178,0.822],"evs":[0.0,0.14522]},"76s":{"weight":0.3335,"played":[0.0169,0.9831],"evs":[0.0,3.50402]},"77":{"weight":0.0417,"played":[0.0,1.0],"evs":[0.0,7.42717]},"87o":{"weight":0.0,"played":[0.0174,0.9826],"evs":[0.0,4.48107]},"97o":{"weight":0.0,"played":[0.1317,0.8683],"evs":[0.0,5.6876]},"T7o":{"weight":0.0,"played":[0.0263,0.9737],"evs":[0.0,1.91638]},"J7o":{"weight":0.0,"played":[0.0382,0.9618],"evs":[0.0,0.38524]},"Q7o":{"weight":0.0,"played":[0.3833,0.6167],"evs":[0.0,2.81081]},"K7o":{"weight":0.0,"played":[0.907,0.093],"evs":[0.0,-2.59766]},"A7o":{"weight":0.0053,"played":[0.0115,0.9885],"evs":[0.0,3.98892]},"82s":{"weight":0.0,"played":[0.0903,0.9097],"evs":[0.0,3.52764]},"83s":{"weight":0.0,"played":[0.003,0.997],"evs":[0.0,1.85737]},"84s":{"weight":0.0,"played":[0.2034,0.7966],"evs":[0.0,4.5725]},"85s":{"weight":0.0,"played":[0.1545,0.8455],"evs":[0.0,4.06232]},"86s":{"weight":0.0,"played":[0.1607,0.8393],"evs":[0.0,2.75559]},"87s":{"weight":0.0011,"played":[0.0475,0.9525],"evs":[0.0,3.10695]},"88":{"weight":0.3593,"played":[0.0051,0.9949],"evs":[0.0,8.26442]},"98o":{"weight":0.0,"played":[0.01,0.99],"evs":[0.0,4.03347]},"T8o":{"weight":0.0,"played":[0.7806,0.2194],"evs":[0.0,-2.28633]},"J8o":{"weight":0.0,"played":[0.3552,0.6448],"evs":[0.0,2.14705]},"Q8o":{"weight":0.0,"played":[0.284,0.716],"evs":[0.0,3.24984]},"K8o":{"weight":0.0,"played":[0.2088,0.7912],"evs":[0.0,1.85134]},"A8o":{"weight":0.04,"played":[0.0338,0.9662],"evs":[0.0,1.86008]},"92s":{"weight":0.0,"played":[0.5244,0.4756],"evs":[0.0,-0.98594]},"93s":{"weight":0.0,"played":[0.3422,0.6578],"evs":[0.0,3.87752]},"94s":{"weight":0.0,"played":[0.9248,0.0752],"evs":[0.0,0.145]},"95s":{"weight":0.0,"played":[0.2816,0.7184],"evs":[0.0,2.19563]},"96s":{"weight":0.0,"played":[0.0231,0.9769],"evs":[0.0,1.16583]},"97s":{"weight":0.1658,"played":[0.0072,0.9928],"evs":[0.0,3.58981]},"98s":{"weight":0.0128,"played":[0.0093,0.9907],"evs":[0.0,7.20153]},"99":{"weight":0.2224,"played":[0.0,1.0],"evs":[0.0,10.44713]},"T9o":{"weight":2.0E-4,"played":[0.7614,0.2386],"evs":[0.0,0.61914]},"J9o":{"weight":0.0,"played":[0.0095,0.9905],"evs":[0.0,2.81212]},"Q9o":{"weight":0.0,"played":[0.9359,0.0641],"evs":[0.0,-1.28256]},"K9o":{"weight":1.0E-4,"played":[0.0448,0.9552],"evs":[0.0,1.90743]},"A9o":{"weight":0.3479,"played":[0.0069,0.9931],"evs":[0.0,5.39428]},"T2s":{"weight":0.0,"played":[0.2079,0.7921],"evs":[0.0,1.90525]},"T3s":{"weight":0.0,"played":[0.6411,0.3589],"evs":[0.0,0.2921]},"T4s":{"weight":0.0,"played":[0.0202,0.9798],"evs":[0.0,0.04662]},"T5s":{"weight":0.0,"played":[0.1052,0.8948],"evs":[0.0,6.76679]},"T6s":{"weight":0.0,"played":[0.5549,0.4451],"evs":[0.0,1.93054]},"T7s":{"weight":0.008,"played":[0.9526,0.0474],"evs":[0.0,-0.67213]},"T8s":{"weight":0.0144,"played":[0.3021,0.6979],"evs":[0.0,6.39907]},"T9s":{"weight":0.4087,"played":[0.0078,0.9922],"evs":[0.0,6.5816]},"TT":{"weight":0.0233,"played":[0.0044,0.9956],"evs":[0.0,9.27865]},"JTo":{"weight":0.0048,"played":[0.2627,0.7373],"evs":[0.0,1.57504]},"QTo":{"weight":0.0011,"played":[0.0054,0.9946],"evs":[0.0,2.81018]},"KTo":{"weight":0.0023,"played":[0.078,0.922],"evs":[0.0,2.60764]},"ATo":{"weight":0.0911,"played":[0.0,1.0],"evs":[0.0,5.4457]},"J2s":{"weight":0.0,"played":[0.6913,0.3087],"evs":[0.0,-0.57469]},"J3s":{"weight":0.0,"played":[0.4989,0.5011],"evs":[0.0,0.88103]},"J4s":{"weight":0.0,"played":[0.0539,0.9461],"evs":[0.0,2.49899]},"J5s":{"weight":0.0,"played":[0.2206,0.7794],"evs":[0.0,4.72016]},"J6s":{"weight":0.0,"played":[0.8086,0.1914],"evs":[0.0,-4.3953]},"J7s":{"weight":1.0E-4,"played":[0.4387,0.5613],"evs":[0.0,1.85171]},"J8s":{"weight":0.0212,"played":[0.0428,0.9572],"evs":[0.0,3.80083]},"J9s":{"weight":0.0025,"played":[0.4763,0.5237],"evs":[0.0,2.82371]},"JTs":{"weight":8.0E-4,"played":[0.0348,0.9652],"evs":[0.0,11.19109]},"JJ":{"weight":0.0738,"played":[2.0E-4,0.9998],"evs":[0.0,14.77262]},"QJo":{"weight":0.0066,"played":[0.0068,0.9932],"evs":[0.0,2.04941]},"KJo":{"weight":0.0046,"played":[0.0225,0.9775],"evs":[0.0,4.2783]},"AJo":{"weight":0.0364,"played":[0.0095,0.9905],"evs":[0.0,6.99568]},"Q2s":{"weight":0.0,"played":[0.4435,0.5565],"evs":[0.0,1.0962]},"Q3s":{"weight":0.0,"played":[0.1081,0.8919],"evs":[0.0,8.76352]},"Q4s":{"weight":0.0,"played":[0.6303,0.3697],"evs":[0.0,1.45916]},"Q5s":{"weight":0.0,"played":[0.2054,0.7946],"evs":[0.0,0.45621]},"Q6s":{"weight":0.0,"played":[0.2121,0.7879],"evs":[0.0,2.91889]},"Q7s":{"weight":0.0207,"played":[0.1375,0.8625],"evs":[0.0,1.61672]},"Q8s":{"weight":0.4349,"played":[0.0041,0.9959],"evs":[0.0,4.80166]},"Q9s":{"weight":0.6485,"played":[0.0016,0.9984],"evs":[0.0,5.84605]},"QTs":{"weight":0.3011,"played":[0.1313,0.8687],"evs":[0.0,3.64096]},"QJs":{"weight":0.003,"played":[0.1795,0.8205],"evs":[0.0,2.34313]},"QQ":{"weight":4.0E-4,"played":[0.0012,0.9988],"evs":[0.0,15.48252]},"KQo":{"weight":0.0142,"played":[0.0054,0.9946],"evs":[0.0,3.94716]},"AQo":{"weight":0.7991,"played":[3.0E-4,0.9997],"evs":[0.0,6.80694]},"K2s":{"weight":0.0,"played":[0.7728,0.2272],"evs":[0.0,-1.04075]},"K3s":{"weight":0.0,"played":[0.1519,0.8481],"evs":[0.0,2.39206]},"K4s":{"weight":0.0,"played":[0.073,0.927],"evs":[0.0,2.07943]},"K5s":{"weight":0.0213,"played":[0.9834,0.0166],"evs":[0.0,-1.51875]},"K6s":{"weight":0.0082,"played":[0.0875,0.9125],"evs":[0.0,2.57747]},"K7s":{"weight":0.1071,"played":[0.2406,0.7594],"evs":[0.0,-2.53309]},"K8s":{"weight":0.0235,"played":[0.4094,0.5906],"evs":[0.0,3.00085]},"K9s":{"weight":0.287,"played":[0.0256,0.9744],"evs":[0.0,6.80628]},"KTs":{"weight":0.8401,"played":[0.0049,0.9951],"evs":[0.0,6.07579]},"KJs":{"weight":0.0429,"played":[0.0663,0.9337],"evs":[0.0,8.05049]},"KQs":{"weight":0.1233,"played":[0.1301,0.8699],"evs":[0.0,4.50445]},"KK":{"weight":8.0E-4,"played":[1.0E-4,0.9999],"evs":[0.0,19.11829]},"AKo":{"weight":0.3789,"played":[0.0,1.0],"evs":[0.0,11.37916]},"A2s":{"weight":0.2499,"played":[5.0E-4,0.9995],"evs":[0.0,4.99349]},"A3s":{"weight":0.1638,"played":[4.0E-4,0.9996],"evs":[0.0,3.4082]},"A4s":{"weight":0.6801,"played":[0.0,1.0],"evs":[0.0,4.4888]},"A5s":{"weight":2.0E-4,"played":[0.263,0.737],"evs":[0.0,3.41643]},"A6s":{"weight":0.3019,"played":[0.1128,0.8872],"evs":[0.0,0.96539]},"A7s":{"weight":0.2808,"played":[0.0169,0.9831],"evs":[0.0,4.61556]},"A8s":{"weight":0.0462,"played":[0.0999,0.9001],"evs":[0.0,6.0672]},"A9s":{"weight":0.5405,"played":[0.0059,0.9941],"evs":[0.0,3.62492]},"ATs":{"weight":0.6681,"played":[0.0081,0.9919],"evs":[0.0,7.49264]},"AJs":{"weight":0.0272,"played":[0.0148,0.9852],"evs":[0.0,9.36179]},"AQs":{"weight":0.195,"played":[0.0,1.0],"evs":[0.0,10.72811]},"AKs":{"weight":2.0E-4,"played":[8.0E-4,0.9992],"evs":[0.0,7.7053]},"AA":{"weight":0.0069,"played":[0.0,1.0],"evs":[0.0,29.10007]}}}