{"player":2,"street":0,"children":2,"sequence":[{"player":0,"type":"F","amount":0,"street":0},{"player":1,"type":"R","amount":200000,"street":0},{"player":2,"type":"C","amount":200000,"street":0},{"player":3,"type":"R","amount":600000,"street":0},{"player":4,"type":"F","amount":0,"street":0},{"player":5,"type":"R","amount":895000,"street":0},{"player":1,"type":"R","amount":2395000,"street":0}],"actions":[{"type":"F","amount":0,"node":404},{"type":"C","amount":1065000,"node":405}],"hands":{"22":{"weight":0.0,"played":[0.9691,0.0309],"evs":[0.0,-0.49825]},"32o":{"weight":0.0,"played":[1.0,0.0],"evs":[0.0,-2.40538]},"42o":{"weight":0.0,"played":[1.0,0.0],"evs":[0.0,-2.39802]},"52o":{"weight":0.0,"played":[0.9999,1.0E-4],"evs":[0.0,-1.93906]},"62o":{"weight":0.0,"played":[1.0,0.0],"evs":[0.0,-2.66186]},"72o":{"weight":0.0,"played":[1.0,0.0],"evs":[0.0,-2.96806]},"82o":{"weight":0.0,"played":[0.9995,5.0E-4],"evs":[0.0,-2.87178]},"92o":{"weight":0.0,"played":[0.9986,0.0014],"evs":[0.0,-2.56553]},"T2o":{"weight":0.0,"played":[0.9999,1.0E-4],"evs":[0.0,-3.1031]},"J2o":{"weight":0.0,"played":[0.9996,4.0E-4],"evs":[0.0,-2.4977]},"Q2o":{"weight":0.0,"played":[0.9995,5.0E-4],"evs":[0.0,-3.1825]},"K2o":{"weight":0.0,"played":[0.9987,0.0013],"evs":[0.0,-2.79722]},"A2o":{"weight":0.0,"played":[0.998,0.002],"evs":[0.0,-2.57897]},"32s":{"weight":0.0,"played":[0.893,0.107],"evs":[0.0,-1.53606]},"33":{"weight":0.0,"played":[0.9006,0.0994],"evs":[0.0,0.059]},"43o":{"weight":0.0,"played":[0.9667,0.0333],"evs":[0.0,-1.56826]},"53o":{"weight":0.0,"played":[1.0,0.0],"evs":[0.0,-1.17454]},"63o":{"weight":0.0,"played":[0.9999,1.0E-4],"evs":[0.0,-1.78684]},"73o":{"weight":0.0,"played":[1.0,0.0],"evs":[0.0,-2.16131]},"83o":{"weight":0.0,"played":[0.9999,1.0E-4],"evs":[0.0,-3.36873]},"93o":{"weight":0.0,"played":[1.0,0.0],"evs":[0.0,-2.67841]},"T3o":{"weight":0.0,"played":[0.9959,0.0041],"evs":[0.0,-3.06048]},"J3o":{"weight":0.0,"played":[0.9993,7.0E-4],"evs":[0.0,-2.47498]},"Q3o":{"weight":0.0,"played":[0.9984,0.0016],"evs":[0.0,-2.08855]},"K3o":{"weight":0.0,"played":[0.9848,0.0152],"evs":[0.0,-1.86125]},"A3o":{"weight":0.0,"played":[0.9998,2.0E-4],"evs":[0.0,-2.72693]},"42s":{"weight":0.0,"played":[0.9794,0.0206],"evs":[0.0,-1.44815]},"43s":{"weight":0.0,"played":[0.8704,0.1296],"evs":[0.0,-0.0508]},"44":{"weight":0.1537,"played":[0.4887,0.5113],"evs":[0.0,-0.18755]},"54o":{"weight":0.0,"played":[0.9791,0.0209],"evs":[0.0,-1.29131]},"64o":{"weight":0.0,"played":[0.9982,0.0018],"evs":[0.0,-1.08033]},"74o":{"weight":0.0,"played":[0.9817,0.0183],"evs":[0.0,-1.58399]},"84o":{"weight":0.0,"played":[1.0,0.0],"evs":[0.0,-2.10354]},"94o":{"weight":0.0,"played":[0.9998,2.0E-4],"evs":[0.0,-2.90985]},"T4o":{"weight":0.0,"played":[0.9995,5.0E-4],"evs":[0.0,-2.33909]},"J4o":{"weight":0.0,"played":[0.9999,1.0E-4],"evs":[0.0,-3.07446]},"Q4o":{"weight":0.0,"played":[0.9999,1.0E-4],"evs":[0.0,-2.36227]},"K4o":{"weight":0.0,"played":[0.9695,0.0305],"evs":[0.0,-2.07288]},"A4o":{"weight":0.0,"played":[0.9954,0.0046],"evs":[0.0,-2.89223]},"52s":{"weight":0.0,"played":[0.6442,0.3558],"evs":[0.0,-0.5235]},"53s":{"weight":0.0,"played":[0.8019,0.1981],"evs":[0.0,-0.07124]},"54s":{"weight":0.0,"played":[0.6645,0.3355],"evs":[0.0,-0.26657]},"55":{"weight":0.4401,"played":[0.0232,0.9768],"evs":[0.0,0.68556]},"65o":{"weight":0.0,"played":[0.9537,0.0463],"evs":[0.0,-0.00635]},"75o":{"weight":0.0,"played":[0.9742,0.0258],"evs":[0.0,-1.14281]},"85o":{"weight":0.0,"played":[0.9993,7.0E-4],"evs":[0.0,-2.00264]},"95o":{"weight":0.0,"played":[0.9963,0.0037],"evs":[0.0,-1.88792]},"T5o":{"weight":0.0,"played":[0.9987,0.0013],"evs":[0.0,-2.59578]},"J5o":{"weight":0.0,"played":[0.9997,3.0E-4],"evs":[0.0,-2.38323]},"Q5o":{"weight":0.0,"played":[0.9998,2.0E-4],"evs":[0.0,-2.32818]},"K5o":{"weight":0.0,"played":[0.9307,0.0693],"evs":[0.0,-1.42351]},"A5o":{"weight":0.0,"played":[0.9995,5.0E-4],"evs":[0.0,-2.63817]},"62s":{"weight":0.0,"played":[0.7994,0.2006],"evs":[0.0,-0.70499]},"63s":{"weight":0.0,"played":[0.9816,0.0184],"evs":[0.0,-0.55504]},"64s":{"weight":0.0,"played":[0.0253,0.9747],"evs":[0.0,0.85192]},"65s":{"weight":0.0,"played":[0.4461,0.5539],"evs":[0.0,-0.1001]},"66":{"weight":7.0E-4,"played":[0.556,0.444],"evs":[0.0,-0.1272]},"76o":{"weight":0.0,"played":[0.9402,0.0598],"evs":[0.0,-1.27213]},"86o":{"weight":0.0,"played":[0.996,0.004],"evs":[0.0,-1.02562]},"96o":{"weight":0.0,"played":[0.9998,2.0E-4],"evs":[0.0,-1.81071]},"T6o":{"weight":0.0,"played":[0.9998,2.0E-4],"evs":[0.0,-1.85508]},"J6o":{"weight":0.0,"played":[0.9992,8.0E-4],"evs":[0.0,-1.45952]},"Q6o":{"weight":0.0,"played":[0.9991,9.0E-4],"evs":[0.0,-1.80429]},"K6o":{"weight":0.0,"played":[0.9979,0.0021],"evs":[0.0,-2.1237]},"A6o":{"weight":0.0,"played":[0.9998,2.0E-4],"evs":[0.0,-2.54599]},"72s":{"weight":0.0,"played":[0.98,0.02],"evs":[0.0,-1.09022]},"73s":{"weight":0.0,"played":[0.9946,0.0054],"evs":[0.0,-1.62205]},"74s":{"weight":0.0,"played":[0.9877,0.0123],"evs":[0.0,-0.89033]},"75s":{"weight":0.0,"played":[0.8103,0.1897],"evs":[0.0,-0.06358]},"76s":{"weight":0.0,"played":[0.0272,0.9728],"evs":[0.0,0.06918]},"77":{"weight":0.0,"played":[0.021,0.979],"evs":[0.0,1.80284]},"87o":{"weight":0.0,"played":[0.921,0.079],"evs":[0.0,-0.40586]},"97o":{"weight":0.0,"played":[0.9303,0.0697],"evs":[0.0,-0.83526]},"T7o":{"weight":0.0,"played":[0.998,0.002],"evs":[0.0,-1.63358]},"J7o":{"weight":0.0,"played":[0.9982,0.0018],"evs":[0.0,-1.49823]},"Q7o":{"weight":0.0,"played":[0.9997,3.0E-4],"evs":[0.0,-2.27261]},"K7o":{"weight":0.0,"played":[0.995,0.005],"evs":[0.0,-2.16353]},"A7o":{"weight":0.0,"played":[0.9963,0.0037],"evs":[0.0,-2.70667]},"82s":{"weight":0.0,"played":[0.9987,0.0013],"evs":[0.0,-1.47158]},"83s":{"weight":0.0,"played":[0.9448,0.0552],"evs":[0.0,-1.56971]},"84s":{"weight":0.0,"played":[0.9703,0.0297],"evs":[0.0,-1.00217]},"85s":{"weight":0.0,"played":[0.9284,0.0716],"evs":[0.0,0.1978]},"86s":{"weight":0.0,"played":[0.6365,0.3635],"evs":[0.0,-0.865]},"87s":{"weight":0.0,"played":[0.3997,0.6003],"evs":[0.0,0.96156]},"88":{"weight":0.0,"played":[0.004,0.996],"evs":[0.0,1.25414]},"98o":{"weight":0.0,"played":[0.999,0.001],"evs":[0.0,-1.23697]},"T8o":{"weight":0.0,"played":[0.9792,0.0208],"evs":[0.0,-0.94125]},"J8o":{"weight":0.0,"played":[0.956,0.044],"evs":[0.0,-2.07033]},"Q8o":{"weight":0.0,"played":[0.9983,0.0017],"evs":[0.0,-1.60462]},"K8o":{"weight":0.0,"played":[0.9938,0.0062],"evs":[0.0,-1.39888]},"A8o":{"weight":0.0,"played":[0.9998,2.0E-4],"evs":[0.0,-2.10265]},"92s":{"weight":0.0,"played":[0.9698,0.0302],"evs":[0.0,-1.47845]},"93s":{"weight":0.0,"played":[0.9975,0.0025],"evs":[0.0,-1.56538]},"94s":{"weight":0.0,"played":[0.6025,0.3975],"evs":[0.0,-0.90341]},"95s":{"weight":0.0,"played":[0.2526,0.7474],"evs":[0.0,0.35009]},"96s":{"weight":0.0,"played":[0.809,0.191],"evs":[0.0,0.12673]},"97s":{"weight":0.0,"played":[0.3236,0.6764],"evs":[0.0,0.66163]},"98s":{"weight":0.0,"played":[0.0132,0.9868],"evs":[0.0,1.69632]},"99":{"weight":0.0,"played":[0.0,1.0],"evs":[0.0,1.53776]},"T9o":{"weight":0.0,"played":[0.9313,0.0687],"evs":[0.0,-1.40352]},"J9o":{"weight":0.0,"played":[0.8935,0.1065],"evs":[0.0,-1.00718]},"Q9o":{"weight":0.0,"played":[0.9923,0.0077],"evs":[0.0,-2.45956]},"K9o":{"weight":0.0,"played":[0.9999,1.0E-4],"evs":[0.0,-1.15476]},"A9o":{"weight":3.0E-4,"played":[0.9426,0.0574],"evs":[0.0,-1.38382]},"T2s":{"weight":0.0,"played":[0.9999,1.0E-4],"evs":[0.0,-0.8897]},"T3s":{"weight":0.0,"played":[0.163,0.837],"evs":[0.0,0.51037]},"T4s":{"weight":0.0,"played":[0.9998,2.0E-4],"evs":[0.0,-1.76366]},"T5s":{"weight":0.0,"played":[0.8936,0.1064],"evs":[0.0,-1.16947]},"T6s":{"weight":0.0,"played":[0.3385,0.6615],"evs":[0.0,0.31664]},"T7s":{"weight":0.0,"played":[0.7179,0.2821],"evs":[0.0,-0.99745]},"T8s":{"weight":0.0,"played":[0.0479,0.9521],"evs":[0.0,1.46141]},"T9s":{"weight":1.0E-4,"played":[0.0621,0.9379],"evs":[0.0,0.31454]},"TT":{"weight":0.0,"played":[2.0E-4,0.9998],"evs":[0.0,5.03351]},"JTo":{"weight":0.0,"played":[0.975,0.025],"evs":[0.0,-0.91903]},"QTo":{"weight":0.0,"played":[0.9447,0.0553],"evs":[0.0,-0.58602]},"KTo":{"weight":0.0,"played":[0.953,0.047],"evs":[0.0,-0.65352]},"ATo":{"weight":0.0,"played":[0.9444,0.0556],"evs":[0.0,-0.43627]},"J2s":{"weight":0.0,"played":[0.9521,0.0479],"evs":[0.0,-1.07329]},"J3s":{"weight":0.0,"played":[0.9695,0.0305],"evs":[0.0,-1.32613]},"J4s":{"weight":0.0,"played":[0.9902,0.0098],"evs":[0.0,-1.91053]},"J5s":{"weight":0.0,"played":[0.9725,0.0275],"evs":[0.0,-1.10748]},"J6s":{"weight":0.0,"played":[0.739,0.261],"evs":[0.0,-0.21498]},"J7s":{"weight":0.0,"played":[0.9159,0.0841],"evs":[0.0,-0.69131]},"J8s":{"weight":0.0,"played":[0.9011,0.0989],"evs":[0.0,-1.95627]},"J9s":{"weight":0.0,"played":[0.6892,0.3108],"evs":[0.0,-0.50365]},"JTs":{"weight":1.0,"played":[0.9212,0.0788],"evs":[0.0,-0.57828]},"JJ":{"weight":0.0,"played":[3.0E-4,0.9997],"evs":[0.0,6.25719]},"QJo":{"weight":0.0,"played":[0.9908,0.0092],"evs":[0.0,-0.56162]},"KJo":{"weight":0.1378,"played":[0.0709,0.9291],"evs":[0.0,0.23644]},"AJo":{"weight":0.0,"played":[0.0031,0.9969],"evs":[0.0,0.72361]},"Q2s":{"weight":0.0,"played":[0.943,0.057],"evs":[0.0,-2.22172]},"Q3s":{"weight":0.0,"played":[0.9887,0.0113],"evs":[0.0,-1.02398]},"Q4s":{"weight":0.0,"played":[0.9972,0.0028],"evs":[0.0,-1.10845]},"Q5s":{"weight":0.0,"played":[0.3665,0.6335],"evs":[0.0,-0.33667]},"Q6s":{"weight":0.0,"played":[0.6932,0.3068],"evs":[0.0,-0.47552]},"Q7s":{"weight":0.0,"played":[0.421,0.579],"evs":[0.0,-0.524]},"Q8s":{"weight":0.0,"played":[0.9271,0.0729],"evs":[0.0,0.29642]},"Q9s":{"weight":0.0,"played":[0.7127,0.2873],"evs":[0.0,0.32895]},"QTs":{"weight":1.0,"played":[0.2524,0.7476],"evs":[0.0,-0.07403]},"QJs":{"weight":1.0,"played":[0.4718,0.5282],"evs":[0.0,-0.31876]},"QQ":{"weight":0.0,"played":[0.0,1.0],"evs":[0.0,7.27121]},"KQo":{"weight":0.0,"played":[0.1706,0.8294],"evs":[0.0,0.27919]},"AQo":{"weight":0.0,"played":[0.0078,0.9922],"evs":[0.0,0.67025]},"K2s":{"weight":0.0,"played":[0.8924,0.1076],"evs":[0.0,-1.07193]},"K3s":{"weight":0.0,"played":[0.8054,0.1946],"evs":[0.0,-0.63284]},"K4s":{"weight":0.0,"played":[0.8992,0.1008],"evs":[0.0,-1.72411]},"K5s":{"weight":0.0,"played":[0.9841,0.0159],"evs":[0.0,-1.39006]},"K6s":{"weight":0.0,"played":[0.6202,0.3798],"evs":[0.0,-0.07851]},"K7s":{"weight":0.0,"played":[0.8898,0.1102],"evs":[0.0,-0.90415]},"K8s":{"weight":0.0,"played":[0.285,0.715],"evs":[0.0,0.87305]},"K9s":{"weight":6.0E-4,"played":[0.9192,0.0808],"evs":[0.0,-0.3737]},"KTs":{"weight":0.4495,"played":[0.0124,0.9876],"evs":[0.0,0.66797]},"KJs":{"weight":0.0012,"played":[0.0051,0.9949],"evs":[0.0,0.94971]},"KQs":{"weight":0.0,"played":[0.0098,0.9902],"evs":[0.0,2.21583]},"KK":{"weight":0.0,"played":[0.0,1.0],"evs":[0.0,9.89126]},"AKo":{"weight":0.0,"played":[0.0,1.0],"evs":[0.0,1.67861]},"A2s":{"weight":0.0,"played":[0.5267,0.4733],"evs":[0.0,-0.96535]},"A3s":{"weight":0.0,"played":[0.665,0.335],"evs":[0.0,-1.16648]},"A4s":{"weight":0.0013,"played":[0.9561,0.0439],"evs":[0.0,-0.70434]},"A5s":{"weight":1.0,"played":[0.5243,0.4757],"evs":[0.0,-0.8951]},"A6s":{"weight":0.0228,"played":[0.7776,0.2224],"evs":[0.0,-0.45234]},"A7s":{"weight":0.672,"played":[0.0576,0.9424],"evs":[0.0,0.8203]},"A8s":{"weight":0.0,"played":[0.8678,0.1322],"evs":[0.0,-0.37369]},"A9s":{"weight":0.0,"played":[0.507,0.493],"evs":[0.0,0.49693]},"ATs":{"weight":0.0,"played":[0.0068,0.9932],"evs":[0.0,2.29318]},"AJs":{"weight":0.0,"played":[0.06,0.94],"evs":[0.0,1.04326]},"AQs":{"weight":0.0,"played":[0.0027,0.9973],"evs":[0.0,2.39711]},"AKs":{"weight":0.0,"played":[0.0,1.0],"evs":[0.0,3.40411]},"AA":{"weight":0.0375,"played":[0.0,1.0],"evs":[0.0,14.81847]}}}