{"player":3,"street":0,"children":2,"sequence":[{"player":0,"type":"F","amount":0,"street":0},{"player":1,"type":"R","amount":200000,"street":0},{"player":2,"type":"C","amount":200000,"street":0},{"player":3,"type":"R","amount":600000,"street":0},{"player":4,"type":"F","amount":0,"street":0},{"player":5,"type":"R","amount":895000,"street":0},{"player":1,"type":"R","amount":2395000,"street":0},{"player":2,"type":"C","amount":1065000,"street":0}],"actions":[{"type":"F","amount":0},{"type":"C","amount":1795000}],"hands":{"22":{"weight":0.0,"played":[0.0524,0.9476],"evs":[0.0,1.12851]},"32o":{"weight":0.0,"played":[0.9999,1.0E-4],"evs":[0.0,-3.15714]},"42o":{"weight":0.0,"played":[1.0,0.0],"evs":[0.0,-3.39046]},"52o":{"weight":0.0,"played":[0.9999,1.0E-4],"evs":[0.0,-2.37658]},"62o":{"weight":0.0,"played":[0.9997,3.0E-4],"evs":[0.0,-2.52879]},"72o":{"weight":0.0,"played":[0.9976,0.0024],"evs":[0.0,-3.17192]},"82o":{"weight":0.0,"played":[1.0,0.0],"evs":[0.0,-2.93145]},"92o":{"weight":0.0,"played":[0.9997,3.0E-4],"evs":[0.0,-2.40274]},"T2o":{"weight":0.0,"played":[1.0,0.0],"evs":[0.0,-3.23007]},"J2o":{"weight":0.0,"played":[1.0,0.0],"evs":[0.0,-3.01802]},"Q2o":{"weight":0.0,"played":[0.9991,9.0E-4],"evs":[0.0,-2.82111]},"K2o":{"weight":0.0,"played":[1.0,0.0],"evs":[0.0,-1.90693]},"A2o":{"weight":0.0,"played":[0.9443,0.0557],"evs":[0.0,-0.82594]},"32s":{"weight":0.0,"played":[0.9699,0.0301],"evs":[0.0,-1.14863]},"33":{"weight":0.0,"played":[2.0E-4,0.9998],"evs":[0.0,1.20216]},"43o":{"weight":0.0,"played":[0.9999,1.0E-4],"evs":[0.0,-1.89838]},"53o":{"weight":0.0,"played":[0.9992,8.0E-4],"evs":[0.0,-1.85076]},"63o":{"weight":0.0,"played":[1.0,0.0],"evs":[0.0,-2.00666]},"73o":{"weight":0.0,"played":[0.9998,2.0E-4],"evs":[0.0,-2.24646]},"83o":{"weight":0.0,"played":[0.9999,1.0E-4],"evs":[0.0,-2.47587]},"93o":{"weight":0.0,"played":[1.0,0.0],"evs":[0.0,-1.82911]},"T3o":{"weight":0.0,"played":[0.9999,1.0E-4],"evs":[0.0,-3.13548]},"J3o":{"weight":0.0,"played":[0.9998,2.0E-4],"evs":[0.0,-3.26036]},"Q3o":{"weight":0.0,"played":[0.9999,1.0E-4],"evs":[0.0,-1.84886]},"K3o":{"weight":0.0,"played":[0.9838,0.0162],"evs":[0.0,-2.3229]},"A3o":{"weight":0.0,"played":[0.9476,0.0524],"evs":[0.0,-1.02577]},"42s":{"weight":0.0,"played":[0.7509,0.2491],"evs":[0.0,-0.51008]},"43s":{"weight":0.0,"played":[0.9815,0.0185],"evs":[0.0,-0.54209]},"44":{"weight":0.0,"played":[1.0E-4,0.9999],"evs":[0.0,3.04164]},"54o":{"weight":0.0,"played":[0.9986,0.0014],"evs":[0.0,-0.94042]},"64o":{"weight":0.0,"played":[0.9989,0.0011],"evs":[0.0,-1.41742]},"74o":{"weight":0.0,"played":[0.9918,0.0082],"evs":[0.0,-1.8714]},"84o":{"weight":0.0,"played":[1.0,0.0],"evs":[0.0,-2.03835]},"94o":{"weight":0.0,"played":[1.0,0.0],"evs":[0.0,-2.38028]},"T4o":{"weight":0.0,"played":[1.0,0.0],"evs":[0.0,-2.26174]},"J4o":{"weight":0.0,"played":[1.0,0.0],"evs":[0.0,-2.61861]},"Q4o":{"weight":0.0,"played":[0.9978,0.0022],"evs":[0.0,-1.51239]},"K4o":{"weight":0.0,"played":[0.998,0.002],"evs":[0.0,-1.57234]},"A4o":{"weight":0.0,"played":[0.8135,0.1865],"evs":[0.0,-0.00307]},"52s":{"weight":0.0,"played":[0.7969,0.2031],"evs":[0.0,-0.34458]},"53s":{"weight":0.0,"played":[0.2838,0.7162],"evs":[0.0,0.40048]},"54s":{"weight":0.0,"played":[0.2717,0.7283],"evs":[0.0,-0.59859]},"55":{"weight":0.0042,"played":[0.0019,0.9981],"evs":[0.0,2.2206]},"65o":{"weight":0.0,"played":[0.9403,0.0597],"evs":[0.0,-0.11654]},"75o":{"weight":0.0,"played":[0.973,0.027],"evs":[0.0,-1.41943]},"85o":{"weight":0.0,"played":[0.7396,0.2604],"evs":[0.0,-0.21068]},"95o":{"weight":0.0,"played":[1.0,0.0],"evs":[0.0,-1.68427]},"T5o":{"weight":0.0,"played":[0.9998,2.0E-4],"evs":[0.0,-2.84692]},"J5o":{"weight":0.0,"played":[0.9999,1.0E-4],"evs":[0.0,-3.13806]},"Q5o":{"weight":0.0,"played":[0.999,0.001],"evs":[0.0,-1.94274]},"K5o":{"weight":0.0,"played":[0.999,0.001],"evs":[0.0,-2.17135]},"A5o":{"weight":0.0,"played":[0.3675,0.6325],"evs":[0.0,0.03728]},"62s":{"weight":0.0,"played":[0.9791,0.0209],"evs":[0.0,-1.82112]},"63s":{"weight":0.0,"played":[0.0611,0.9389],"evs":[0.0,0.50546]},"64s":{"weight":0.0,"played":[0.0142,0.9858],"evs":[0.0,1.05087]},"65s":{"weight":0.0,"played":[7.0E-4,0.9993],"evs":[0.0,2.40342]},"66":{"weight":4.0E-4,"played":[0.0,1.0],"evs":[0.0,4.98188]},"76o":{"weight":0.0,"played":[0.1461,0.8539],"evs":[0.0,0.27732]},"86o":{"weight":0.0,"played":[0.5654,0.4346],"evs":[0.0,-0.44593]},"96o":{"weight":0.0,"played":[0.9988,0.0012],"evs":[0.0,-0.98293]},"T6o":{"weight":0.0,"played":[0.9936,0.0064],"evs":[0.0,-0.90669]},"J6o":{"weight":0.0,"played":[1.0,0.0],"evs":[0.0,-2.25199]},"Q6o":{"weight":0.0,"played":[0.9982,0.0018],"evs":[0.0,-0.61022]},"K6o":{"weight":0.0,"played":[0.8658,0.1342],"evs":[0.0,-0.61256]},"A6o":{"weight":0.0,"played":[0.3147,0.6853],"evs":[0.0,0.27373]},"72s":{"weight":0.0,"played":[0.921,0.079],"evs":[0.0,-1.54419]},"73s":{"weight":0.0,"played":[0.9896,0.0104],"evs":[0.0,-1.94985]},"74s":{"weight":0.0,"played":[0.0524,0.9476],"evs":[0.0,0.75912]},"75s":{"weight":0.0,"played":[0.1,0.9],"evs":[0.0,0.81478]},"76s":{"weight":0.0,"played":[0.0906,0.9094],"evs":[0.0,0.98074]},"77":{"weight":0.0142,"played":[1.0E-4,0.9999],"evs":[0.0,5.57602]},"87o":{"weight":0.0,"played":[0.2242,0.7758],"evs":[0.0,-0.01969]},"97o":{"weight":0.0,"played":[0.6973,0.3027],"evs":[0.0,-0.30767]},"T7o":{"weight":0.0,"played":[1.0,0.0],"evs":[0.0,-1.82962]},"J7o":{"weight":0.0,"played":[0.9956,0.0044],"evs":[0.0,-0.75346]},"Q7o":{"weight":0.0,"played":[0.9974,0.0026],"evs":[0.0,-1.82658]},"K7o":{"weight":0.0,"played":[0.9973,0.0027],"evs":[0.0,-1.34972]},"A7o":{"weight":0.0,"played":[3.0E-4,0.9997],"evs":[0.0,0.41429]},"82s":{"weight":0.0,"played":[0.9971,0.0029],"evs":[0.0,-0.28398]},"83s":{"weight":0.0,"played":[0.5851,0.4149],"evs":[0.0,0.05628]},"84s":{"weight":0.0,"played":[0.9705,0.0295],"evs":[0.0,-0.35461]},"85s":{"weight":0.0,"played":[0.3988,0.6012],"evs":[0.0,0.09011]},"86s":{"weight":0.0,"played":[0.0734,0.9266],"evs":[0.0,1.85459]},"87s":{"weight":0.0,"played":[0.029,0.971],"evs":[0.0,2.22815]},"88":{"weight":0.0014,"played":[0.0,1.0],"evs":[0.0,6.00727]},"98o":{"weight":0.0,"played":[0.2272,0.7728],"evs":[0.0,-0.03947]},"T8o":{"weight":0.0,"played":[0.8313,0.1687],"evs":[0.0,0.02706]},"J8o":{"weight":0.0,"played":[0.9722,0.0278],"evs":[0.0,-0.70162]},"Q8o":{"weight":0.0,"played":[0.9892,0.0108],"evs":[0.0,-0.27488]},"K8o":{"weight":0.0,"played":[0.7587,0.2413],"evs":[0.0,-0.89153]},"A8o":{"weight":0.002,"played":[1.0E-4,0.9999],"evs":[0.0,1.39078]},"92s":{"weight":0.0,"played":[0.9299,0.0701],"evs":[0.0,-1.19835]},"93s":{"weight":0.0,"played":[0.8526,0.1474],"evs":[0.0,-0.61134]},"94s":{"weight":0.0,"played":[0.9649,0.0351],"evs":[0.0,-1.31069]},"95s":{"weight":0.0,"played":[0.2782,0.7218],"evs":[0.0,-0.36846]},"96s":{"weight":0.0,"played":[0.0305,0.9695],"evs":[0.0,1.53838]},"97s":{"weight":0.0,"played":[0.0013,0.9987],"evs":[0.0,1.575]},"98s":{"weight":0.0,"played":[0.0014,0.9986],"evs":[0.0,1.99183]},"99":{"weight":0.0267,"played":[0.0,1.0],"evs":[0.0,8.27313]},"T9o":{"weight":0.0,"played":[0.0056,0.9944],"evs":[0.0,0.51966]},"J9o":{"weight":0.0,"played":[0.4885,0.5115],"evs":[0.0,0.28121]},"Q9o":{"weight":0.0,"played":[0.1554,0.8446],"evs":[0.0,0.41331]},"K9o":{"weight":0.0,"played":[0.0661,0.9339],"evs":[0.0,0.21148]},"A9o":{"weight":2.0E-4,"played":[1.0E-4,0.9999],"evs":[0.0,1.54315]},"T2s":{"weight":0.0,"played":[0.9136,0.0864],"evs":[0.0,-0.94135]},"T3s":{"weight":0.0,"played":[0.9678,0.0322],"evs":[0.0,-1.53214]},"T4s":{"weight":0.0,"played":[0.9983,0.0017],"evs":[0.0,-0.35288]},"T5s":{"weight":0.0,"played":[0.4342,0.5658],"evs":[0.0,-0.73247]},"T6s":{"weight":0.0,"played":[0.1262,0.8738],"evs":[0.0,0.81378]},"T7s":{"weight":0.0,"played":[0.0661,0.9339],"evs":[0.0,0.50406]},"T8s":{"weight":0.0,"played":[0.008,0.992],"evs":[0.0,1.47348]},"T9s":{"weight":0.0,"played":[0.0439,0.9561],"evs":[0.0,1.98169]},"TT":{"weight":0.0013,"played":[0.0,1.0],"evs":[0.0,9.35401]},"JTo":{"weight":0.0,"played":[0.1096,0.8904],"evs":[0.0,0.59288]},"QTo":{"weight":0.0,"played":[0.0012,0.9988],"evs":[0.0,0.9521]},"KTo":{"weight":0.0,"played":[0.0071,0.9929],"evs":[0.0,1.03799]},"ATo":{"weight":0.0085,"played":[0.0,1.0],"evs":[0.0,2.47066]},"J2s":{"weight":0.0,"played":[0.8855,0.1145],"evs":[0.0,-1.38417]},"J3s":{"weight":0.0,"played":[0.9983,0.0017],"evs":[0.0,-1.22275]},"J4s":{"weight":0.0,"played":[0.8887,0.1113],"evs":[0.0,-0.88756]},"J5s":{"weight":0.0,"played":[0.541,0.459],"evs":[0.0,-0.05062]},"J6s":{"weight":0.0,"played":[0.0878,0.9122],"evs":[0.0,0.4151]},"J7s":{"weight":0.0,"played":[0.9688,0.0312],"evs":[0.0,-0.56171]},"J8s":{"weight":0.0,"played":[0.0421,0.9579],"evs":[0.0,0.55287]},"J9s":{"weight":0.0,"played":[0.0034,0.9966],"evs":[0.0,1.31905]},"JTs":{"weight":1.0E-4,"played":[0.0,1.0],"evs":[0.0,3.05211]},"JJ":{"weight":0.0028,"played":[0.0,1.0],"evs":[0.0,11.18614]},"QJo":{"weight":0.0,"played":[6.0E-4,0.9994],"evs":[0.0,0.64543]},"KJo":{"weight":0.0,"played":[0.0,1.0],"evs":[0.0,1.50912]},"AJo":{"weight":2.0E-4,"played":[0.0,1.0],"evs":[0.0,4.02927]},"Q2s":{"weight":0.0,"played":[0.8191,0.1809],"evs":[0.0,-0.46843]},"Q3s":{"weight":0.0,"played":[0.7946,0.2054],"evs":[0.0,-0.24725]},"Q4s":{"weight":0.0,"played":[0.6062,0.3938],"evs":[0.0,-0.18368]},"Q5s":{"weight":0.0,"played":[0.4859,0.5141],"evs":[0.0,-0.12261]},"Q6s":{"weight":0.0,"played":[0.0014,0.9986],"evs":[0.0,1.14926]},"Q7s":{"weight":0.0,"played":[0.0178,0.9822],"evs":[0.0,0.76607]},"Q8s":{"weight":0.0,"played":[4.0E-4,0.9996],"evs":[0.0,1.7837]},"Q9s":{"weight":0.0,"played":[0.007,0.993],"evs":[0.0,1.48079]},"QTs":{"weight":0.0123,"played":[0.0011,0.9989],"evs":[0.0,2.00271]},"QJs":{"weight":0.06,"played":[1.0E-4,0.9999],"evs":[0.0,2.11876]},"QQ":{"weight":0.0039,"played":[0.0,1.0],"evs":[0.0,15.10916]},"KQo":{"weight":0.0026,"played":[0.0,1.0],"evs":[0.0,3.11857]},"AQo":{"weight":0.0013,"played":[0.0,1.0],"evs":[0.0,6.21987]},"K2s":{"weight":0.0,"played":[0.2664,0.7336],"evs":[0.0,0.02344]},"K3s":{"weight":0.0,"played":[0.9588,0.0412],"evs":[0.0,-0.92807]},"K4s":{"weight":0.0,"played":[0.2363,0.7637],"evs":[0.0,0.82123]},"K5s":{"weight":0.0,"played":[0.0817,0.9183],"evs":[0.0,0.13962]},"K6s":{"weight":0.0,"played":[0.0451,0.9549],"evs":[0.0,0.94975]},"K7s":{"weight":0.0,"played":[0.3329,0.6671],"evs":[0.0,0.19462]},"K8s":{"weight":0.0,"played":[0.0301,0.9699],"evs":[0.0,1.16458]},"K9s":{"weight":0.0,"played":[0.0378,0.9622],"evs":[0.0,2.01825]},"KTs":{"weight":0.0,"played":[0.0053,0.9947],"evs":[0.0,2.75474]},"KJs":{"weight":8.0E-4,"played":[3.0E-4,0.9997],"evs":[0.0,3.83085]},"KQs":{"weight":0.0019,"played":[0.0067,0.9933],"evs":[0.0,4.73036]},"KK":{"weight":0.0058,"played":[0.0,1.0],"evs":[0.0,18.26175]},"AKo":{"weight":0.0478,"played":[0.0,1.0],"evs":[0.0,7.21195]},"A2s":{"weight":0.0,"played":[0.0,1.0],"evs":[0.0,0.82324]},"A3s":{"weight":0.0,"played":[5.0E-4,0.9995],"evs":[0.0,0.76514]},"A4s":{"weight":0.0016,"played":[0.0049,0.9951],"evs":[0.0,1.68608]},"A5s":{"weight":0.0357,"played":[0.013,0.987],"evs":[0.0,1.36167]},"A6s":{"weight":0.0,"played":[0.0,1.0],"evs":[0.0,1.12733]},"A7s":{"weight":0.0044,"played":[2.0E-4,0.9998],"evs":[0.0,2.57946]},"A8s":{"weight":0.0047,"played":[0.0,1.0],"evs":[0.0,3.1085]},"A9s":{"weight":0.0245,"played":[2.0E-4,0.9998],"evs":[0.0,3.16608]},"ATs":{"weight":0.0459,"played":[0.0,1.0],"evs":[0.0,5.2421]},"AJs":{"weight":0.0065,"played":[0.0,1.0],"evs":[0.0,6.80734]},"AQs":{"weight":0.007,"played":[0.0,1.0],"evs":[0.0,6.947]},"AKs":{"weight":0.0,"played":[0.0,1.0],"evs":[0.0,8.64928]},"AA":{"weight":0.0425,"played":[0.0,1.0],"evs":[0.0,24.36807]}}}