{"player":2,"street":0,"children":2,"sequence":[{"player":0,"type":"F","amount":0,"street":0},{"player":1,"type":"R","amount":200000,"street":0},{"player":2,"type":"C","amount":200000,"street":0},{"player":3,"type":"R","amount":600000,"street":0},{"player":4,"type":"R","amount":3375000,"street":0},{"player":5,"type":"F","amount":0,"street":0},{"player":1,"type":"F","amount":0,"street":0}],"actions":[{"type":"F","amount":0,"node":409},{"type":"C","amount":1065000,"node":410}],"hands":{"22":{"weight":0.0,"played":[0.0053,0.9947],"evs":[0.0,0.70615]},"32o":{"weight":0.0,"played":[0.9995,5.0E-4],"evs":[0.0,-2.04811]},"42o":{"weight":0.0,"played":[1.0,0.0],"evs":[0.0,-2.15564]},"52o":{"weight":0.0,"played":[0.997,0.003],"evs":[0.0,-1.82167]},"62o":{"weight":0.0,"played":[0.9997,3.0E-4],"evs":[0.0,-2.51433]},"72o":{"weight":0.0,"played":[0.9998,2.0E-4],"evs":[0.0,-2.29838]},"82o":{"weight":0.0,"played":[0.9997,3.0E-4],"evs":[0.0,-2.38529]},"92o":{"weight":0.0,"played":[1.0,0.0],"evs":[0.0,-2.61714]},"T2o":{"weight":0.0,"played":[0.9996,4.0E-4],"evs":[0.0,-2.45356]},"J2o":{"weight":0.0,"played":[0.9954,0.0046],"evs":[0.0,-2.11255]},"Q2o":{"weight":0.0,"played":[1.0,0.0],"evs":[0.0,-2.10242]},"K2o":{"weight":0.0,"played":[0.9996,4.0E-4],"evs":[0.0,-2.17657]},"A2o":{"weight":0.0,"played":[0.9989,0.0011],"evs":[0.0,-1.94487]},"32s":{"weight":0.0,"played":[0.8491,0.1509],"evs":[0.0,-1.33444]},"33":{"weight":0.0,"played":[0.9652,0.0348],"evs":[0.0,-0.59763]},"43o":{"weight":0.0,"played":[0.9995,5.0E-4],"evs":[0.0,-1.35878]},"53o":{"weight":0.0,"played":[0.993,0.007],"evs":[0.0,-1.36912]},"63o":{"weight":0.0,"played":[0.9997,3.0E-4],"evs":[0.0,-2.10539]},"73o":{"weight":0.0,"played":[0.9992,8.0E-4],"evs":[0.0,-1.99107]},"83o":{"weight":0.0,"played":[0.9999,1.0E-4],"evs":[0.0,-2.92018]},"93o":{"weight":0.0,"played":[1.0,0.0],"evs":[0.0,-2.93152]},"T3o":{"weight":0.0,"played":[0.9999,1.0E-4],"evs":[0.0,-3.22623]},"J3o":{"weight":0.0,"played":[0.9999,1.0E-4],"evs":[0.0,-1.4122]},"Q3o":{"weight":0.0,"played":[0.9998,2.0E-4],"evs":[0.0,-1.38721]},"K3o":{"weight":0.0,"played":[0.9999,1.0E-4],"evs":[0.0,-1.69079]},"A3o":{"weight":0.0,"played":[0.9908,0.0092],"evs":[0.0,-1.92269]},"42s":{"weight":0.0,"played":[0.9996,4.0E-4],"evs":[0.0,-1.03396]},"43s":{"weight":0.0,"played":[0.9994,6.0E-4],"evs":[0.0,-1.23702]},"44":{"weight":0.1537,"played":[0.5075,0.4925],"evs":[0.0,-0.1582]},"54o":{"weight":0.0,"played":[0.9965,0.0035],"evs":[0.0,-1.77564]},"64o":{"weight":0.0,"played":[0.9981,0.0019],"evs":[0.0,-1.18223]},"74o":{"weight":0.0,"played":[0.9914,0.0086],"evs":[0.0,-1.4143]},"84o":{"weight":0.0,"played":[0.9988,0.0012],"evs":[0.0,-1.99633]},"94o":{"weight":0.0,"played":[0.9995,5.0E-4],"evs":[0.0,-2.37502]},"T4o":{"weight":0.0,"played":[0.999,0.001],"evs":[0.0,-2.74128]},"J4o":{"weight":0.0,"played":[0.997,0.003],"evs":[0.0,-2.86102]},"Q4o":{"weight":0.0,"played":[0.9886,0.0114],"evs":[0.0,-2.9825]},"K4o":{"weight":0.0,"played":[0.9996,4.0E-4],"evs":[0.0,-1.29669]},"A4o":{"weight":0.0,"played":[1.0,0.0],"evs":[0.0,-1.54817]},"52s":{"weight":0.0,"played":[0.3659,0.6341],"evs":[0.0,0.16166]},"53s":{"weight":0.0,"played":[0.9981,0.0019],"evs":[0.0,-1.29207]},"54s":{"weight":0.0,"played":[0.9244,0.0756],"evs":[0.0,-0.0828]},"55":{"weight":0.4401,"played":[0.0421,0.9579],"evs":[0.0,0.97251]},"65o":{"weight":0.0,"played":[0.9996,4.0E-4],"evs":[0.0,-1.5535]},"75o":{"weight":0.0,"played":[0.9999,1.0E-4],"evs":[0.0,-0.88132]},"85o":{"weight":0.0,"played":[0.9997,3.0E-4],"evs":[0.0,-1.93259]},"95o":{"weight":0.0,"played":[0.9964,0.0036],"evs":[0.0,-1.64134]},"T5o":{"weight":0.0,"played":[0.9996,4.0E-4],"evs":[0.0,-2.35934]},"J5o":{"weight":0.0,"played":[0.9796,0.0204],"evs":[0.0,-1.98015]},"Q5o":{"weight":0.0,"played":[0.9824,0.0176],"evs":[0.0,-1.73221]},"K5o":{"weight":0.0,"played":[0.9992,8.0E-4],"evs":[0.0,-1.8039]},"A5o":{"weight":0.0,"played":[0.9998,2.0E-4],"evs":[0.0,-1.54786]},"62s":{"weight":0.0,"played":[0.9631,0.0369],"evs":[0.0,-1.3318]},"63s":{"weight":0.0,"played":[0.9982,0.0018],"evs":[0.0,-0.94854]},"64s":{"weight":0.0,"played":[0.7735,0.2265],"evs":[0.0,-0.02764]},"65s":{"weight":0.0,"played":[0.8815,0.1185],"evs":[0.0,-0.69271]},"66":{"weight":7.0E-4,"played":[0.085,0.915],"evs":[0.0,0.67706]},"76o":{"weight":0.0,"played":[0.9631,0.0369],"evs":[0.0,-0.8937]},"86o":{"weight":0.0,"played":[0.7796,0.2204],"evs":[0.0,-1.30577]},"96o":{"weight":0.0,"played":[0.9913,0.0087],"evs":[0.0,-1.39665]},"T6o":{"weight":0.0,"played":[0.9991,9.0E-4],"evs":[0.0,-2.29955]},"J6o":{"weight":0.0,"played":[0.9917,0.0083],"evs":[0.0,-1.19444]},"Q6o":{"weight":0.0,"played":[0.9935,0.0065],"evs":[0.0,-1.01176]},"K6o":{"weight":0.0,"played":[0.9954,0.0046],"evs":[0.0,-1.70336]},"A6o":{"weight":0.0,"played":[0.9993,7.0E-4],"evs":[0.0,-2.43053]},"72s":{"weight":0.0,"played":[0.9715,0.0285],"evs":[0.0,-1.65749]},"73s":{"weight":0.0,"played":[0.9925,0.0075],"evs":[0.0,-1.90946]},"74s":{"weight":0.0,"played":[0.9996,4.0E-4],"evs":[0.0,-0.78465]},"75s":{"weight":0.0,"played":[0.3867,0.6133],"evs":[0.0,0.31169]},"76s":{"weight":0.0,"played":[0.4817,0.5183],"evs":[0.0,0.12706]},"77":{"weight":0.0,"played":[0.1062,0.8938],"evs":[0.0,1.31473]},"87o":{"weight":0.0,"played":[0.9898,0.0102],"evs":[0.0,-1.07114]},"97o":{"weight":0.0,"played":[0.9924,0.0076],"evs":[0.0,-1.44011]},"T7o":{"weight":0.0,"played":[0.9996,4.0E-4],"evs":[0.0,-1.72433]},"J7o":{"weight":0.0,"played":[0.9995,5.0E-4],"evs":[0.0,-2.12357]},"Q7o":{"weight":0.0,"played":[0.9933,0.0067],"evs":[0.0,-1.82977]},"K7o":{"weight":0.0,"played":[0.9965,0.0035],"evs":[0.0,-2.10553]},"A7o":{"weight":0.0,"played":[0.8923,0.1077],"evs":[0.0,-1.36445]},"82s":{"weight":0.0,"played":[0.9508,0.0492],"evs":[0.0,-0.9858]},"83s":{"weight":0.0,"played":[0.978,0.022],"evs":[0.0,-2.09772]},"84s":{"weight":0.0,"played":[0.9925,0.0075],"evs":[0.0,-1.36502]},"85s":{"weight":0.0,"played":[0.981,0.019],"evs":[0.0,-0.7419]},"86s":{"weight":0.0,"played":[0.7642,0.2358],"evs":[0.0,0.18558]},"87s":{"weight":0.0,"played":[0.1719,0.8281],"evs":[0.0,1.18592]},"88":{"weight":0.0,"played":[0.0044,0.9956],"evs":[0.0,1.48331]},"98o":{"weight":0.0,"played":[0.9987,0.0013],"evs":[0.0,-1.58031]},"T8o":{"weight":0.0,"played":[0.9978,0.0022],"evs":[0.0,-0.92475]},"J8o":{"weight":0.0,"played":[0.9919,0.0081],"evs":[0.0,-2.09617]},"Q8o":{"weight":0.0,"played":[0.991,0.009],"evs":[0.0,-1.276]},"K8o":{"weight":0.0,"played":[1.0,0.0],"evs":[0.0,-1.60367]},"A8o":{"weight":0.0,"played":[0.986,0.014],"evs":[0.0,-2.1793]},"92s":{"weight":0.0,"played":[0.999,0.001],"evs":[0.0,-2.75421]},"93s":{"weight":0.0,"played":[0.9948,0.0052],"evs":[0.0,-1.8943]},"94s":{"weight":0.0,"played":[0.9817,0.0183],"evs":[0.0,-1.63578]},"95s":{"weight":0.0,"played":[0.821,0.179],"evs":[0.0,-0.67567]},"96s":{"weight":0.0,"played":[0.5841,0.4159],"evs":[0.0,0.73711]},"97s":{"weight":0.0,"played":[0.8776,0.1224],"evs":[0.0,-1.35652]},"98s":{"weight":0.0,"played":[0.6464,0.3536],"evs":[0.0,0.96257]},"99":{"weight":0.0,"played":[8.0E-4,0.9992],"evs":[0.0,1.75443]},"T9o":{"weight":0.0,"played":[0.9781,0.0219],"evs":[0.0,-1.21375]},"J9o":{"weight":0.0,"played":[0.9083,0.0917],"evs":[0.0,-0.89703]},"Q9o":{"weight":0.0,"played":[0.9524,0.0476],"evs":[0.0,-1.14075]},"K9o":{"weight":0.0,"played":[0.985,0.015],"evs":[0.0,-1.56308]},"A9o":{"weight":3.0E-4,"played":[0.9765,0.0235],"evs":[0.0,-1.60448]},"T2s":{"weight":0.0,"played":[0.9506,0.0494],"evs":[0.0,-1.67256]},"T3s":{"weight":0.0,"played":[0.8495,0.1505],"evs":[0.0,-1.07041]},"T4s":{"weight":0.0,"played":[0.9572,0.0428],"evs":[0.0,-0.3643]},"T5s":{"weight":0.0,"played":[0.5509,0.4491],"evs":[0.0,-0.7576]},"T6s":{"weight":0.0,"played":[0.9481,0.0519],"evs":[0.0,-1.45081]},"T7s":{"weight":0.0,"played":[0.7571,0.2429],"evs":[0.0,0.25141]},"T8s":{"weight":0.0,"played":[0.9846,0.0154],"evs":[0.0,-0.9829]},"T9s":{"weight":1.0E-4,"played":[0.7744,0.2256],"evs":[0.0,0.07372]},"TT":{"weight":0.0,"played":[2.0E-4,0.9998],"evs":[0.0,3.64924]},"JTo":{"weight":0.0,"played":[0.9624,0.0376],"evs":[0.0,-0.69587]},"QTo":{"weight":0.0,"played":[0.9817,0.0183],"evs":[0.0,-0.30995]},"KTo":{"weight":0.0,"played":[0.9095,0.0905],"evs":[0.0,-0.82471]},"ATo":{"weight":0.0,"played":[0.2894,0.7106],"evs":[0.0,0.27149]},"J2s":{"weight":0.0,"played":[0.9587,0.0413],"evs":[0.0,0.01459]},"J3s":{"weight":0.0,"played":[0.9312,0.0688],"evs":[0.0,-1.40628]},"J4s":{"weight":0.0,"played":[0.8437,0.1563],"evs":[0.0,-0.59796]},"J5s":{"weight":0.0,"played":[0.9992,8.0E-4],"evs":[0.0,-0.58679]},"J6s":{"weight":0.0,"played":[0.8198,0.1802],"evs":[0.0,-0.89803]},"J7s":{"weight":0.0,"played":[0.8533,0.1467],"evs":[0.0,-1.64534]},"J8s":{"weight":0.0,"played":[0.9144,0.0856],"evs":[0.0,-0.66725]},"J9s":{"weight":0.0,"played":[0.9209,0.0791],"evs":[0.0,-0.8198]},"JTs":{"weight":1.0,"played":[0.3251,0.6749],"evs":[0.0,-0.16644]},"JJ":{"weight":0.0,"played":[1.0E-4,0.9999],"evs":[0.0,4.34955]},"QJo":{"weight":0.0,"played":[0.7554,0.2446],"evs":[0.0,-0.46359]},"KJo":{"weight":0.1378,"played":[0.6455,0.3545],"evs":[0.0,-0.49635]},"AJo":{"weight":0.0,"played":[0.0265,0.9735],"evs":[0.0,0.33522]},"Q2s":{"weight":0.0,"played":[0.9565,0.0435],"evs":[0.0,-0.7834]},"Q3s":{"weight":0.0,"played":[0.751,0.249],"evs":[0.0,-0.78852]},"Q4s":{"weight":0.0,"played":[0.8595,0.1405],"evs":[0.0,-0.40117]},"Q5s":{"weight":0.0,"played":[0.9312,0.0688],"evs":[0.0,-1.26376]},"Q6s":{"weight":0.0,"played":[0.9283,0.0717],"evs":[0.0,-1.13641]},"Q7s":{"weight":0.0,"played":[0.9916,0.0084],"evs":[0.0,-1.13072]},"Q8s":{"weight":0.0,"played":[0.9919,0.0081],"evs":[0.0,-0.37711]},"Q9s":{"weight":0.0,"played":[0.7495,0.2505],"evs":[0.0,0.13271]},"QTs":{"weight":1.0,"played":[0.6741,0.3259],"evs":[0.0,0.33891]},"QJs":{"weight":1.0,"played":[0.0379,0.9621],"evs":[0.0,1.45032]},"QQ":{"weight":0.0,"played":[0.0,1.0],"evs":[0.0,6.24391]},"KQo":{"weight":0.0,"played":[0.0865,0.9135],"evs":[0.0,0.85181]},"AQo":{"weight":0.0,"played":[0.0109,0.9891],"evs":[0.0,0.15031]},"K2s":{"weight":0.0,"played":[0.9397,0.0603],"evs":[0.0,-1.47957]},"K3s":{"weight":0.0,"played":[0.7699,0.2301],"evs":[0.0,-0.53959]},"K4s":{"weight":0.0,"played":[0.9785,0.0215],"evs":[0.0,-0.67213]},"K5s":{"weight":0.0,"played":[0.3193,0.6807],"evs":[0.0,0.78369]},"K6s":{"weight":0.0,"played":[0.231,0.769],"evs":[0.0,0.94463]},"K7s":{"weight":0.0,"played":[0.8707,0.1293],"evs":[0.0,-1.1585]},"K8s":{"weight":0.0,"played":[0.9256,0.0744],"evs":[0.0,-0.72227]},"K9s":{"weight":6.0E-4,"played":[0.9191,0.0809],"evs":[0.0,-0.92104]},"KTs":{"weight":0.4495,"played":[0.5544,0.4456],"evs":[0.0,-0.48274]},"KJs":{"weight":0.0012,"played":[0.964,0.036],"evs":[0.0,-0.36579]},"KQs":{"weight":0.0,"played":[0.0407,0.9593],"evs":[0.0,0.4094]},"KK":{"weight":0.0,"played":[0.0,1.0],"evs":[0.0,9.31012]},"AKo":{"weight":0.0,"played":[0.0,1.0],"evs":[0.0,2.32288]},"A2s":{"weight":0.0,"played":[0.9611,0.0389],"evs":[0.0,-1.1468]},"A3s":{"weight":0.0,"played":[0.8128,0.1872],"evs":[0.0,-0.85955]},"A4s":{"weight":0.0013,"played":[0.9056,0.0944],"evs":[0.0,-0.56214]},"A5s":{"weight":1.0,"played":[0.7399,0.2601],"evs":[0.0,-0.02781]},"A6s":{"weight":0.0228,"played":[0.631,0.369],"evs":[0.0,-0.53984]},"A7s":{"weight":0.672,"played":[0.7129,0.2871],"evs":[0.0,-0.45572]},"A8s":{"weight":0.0,"played":[0.9517,0.0483],"evs":[0.0,-0.43937]},"A9s":{"weight":0.0,"played":[0.3507,0.6493],"evs":[0.0,-0.21576]},"ATs":{"weight":0.0,"played":[0.0311,0.9689],"evs":[0.0,1.16967]},"AJs":{"weight":0.0,"played":[0.0,1.0],"evs":[0.0,1.60833]},"AQs":{"weight":0.0,"played":[0.0036,0.9964],"evs":[0.0,2.63008]},"AKs":{"weight":0.0,"played":[4.0E-4,0.9996],"evs":[0.0,4.17528]},"AA":{"weight":0.0375,"played":[1.0E-4,0.9999],"evs":[0.0,13.04526]}}}