{"player":4,"street":0,"children":2,"sequence":[{"player":0,"type":"F","amount":0,"street":0},{"player":1,"type":"R","amount":200000,"street":0},{"player":2,"type":"C","amount":200000,"street":0},{"player":3,"type":"R","amount":2395000,"street":0}],"actions":[{"type":"F","amount":0,"node":422},{"type":"R","amount":3375000,"node":429}],"hands":{"22":{"weight":1.0,"played":[1.0,0.0],"evs":[0.0,-1.18725]},"32o":{"weight":1.0,"played":[1.0,0.0],"evs":[0.0,-5.77501]},"42o":{"weight":1.0,"played":[1.0,0.0],"evs":[0.0,-5.47296]},"52o":{"weight":1.0,"played":[1.0,0.0],"evs":[0.0,-5.527]},"62o":{"weight":1.0,"played":[1.0,0.0],"evs":[0.0,-5.80195]},"72o":{"weight":1.0,"played":[1.0,0.0],"evs":[0.0,-6.53073]},"82o":{"weight":1.0,"played":[1.0,0.0],"evs":[0.0,-6.04982]},"92o":{"weight":1.0,"played":[1.0,0.0],"evs":[0.0,-5.7313]},"T2o":{"weight":1.0,"played":[1.0,0.0],"evs":[0.0,-6.75792]},"J2o":{"weight":1.0,"played":[1.0,0.0],"evs":[0.0,-6.19699]},"Q2o":{"weight":1.0,"played":[1.0,0.0],"evs":[0.0,-5.82372]},"K2o":{"weight":1.0,"played":[1.0,0.0],"evs":[0.0,-5.05413]},"A2o":{"weight":1.0,"played":[1.0,0.0],"evs":[0.0,-3.91476]},"32s":{"weight":1.0,"played":[1.0,0.0],"evs":[0.0,-4.00468]},"33":{"weight":1.0,"played":[1.0,0.0],"evs":[0.0,-1.12531]},"43o":{"weight":1.0,"played":[1.0,0.0],"evs":[0.0,-4.93564]},"53o":{"weight":1.0,"played":[1.0,0.0],"evs":[0.0,-4.8259]},"63o":{"weight":1.0,"played":[1.0,0.0],"evs":[0.0,-5.06807]},"73o":{"weight":1.0,"played":[1.0,0.0],"evs":[0.0,-5.59955]},"83o":{"weight":1.0,"played":[1.0,0.0],"evs":[0.0,-6.30211]},"93o":{"weight":1.0,"played":[1.0,0.0],"evs":[0.0,-5.6658]},"T3o":{"weight":1.0,"played":[1.0,0.0],"evs":[0.0,-6.3222]},"J3o":{"weight":1.0,"played":[1.0,0.0],"evs":[0.0,-5.79093]},"Q3o":{"weight":1.0,"played":[1.0,0.0],"evs":[0.0,-5.68373]},"K3o":{"weight":1.0,"played":[1.0,0.0],"evs":[0.0,-4.6877]},"A3o":{"weight":1.0,"played":[1.0,0.0],"evs":[0.0,-4.02254]},"42s":{"weight":1.0,"played":[1.0,0.0],"evs":[0.0,-3.77175]},"43s":{"weight":1.0,"played":[1.0,0.0],"evs":[0.0,-3.3044]},"44":{"weight":1.0,"played":[0.9984,0.0016],"evs":[0.0,-0.87471]},"54o":{"weight":1.0,"played":[1.0,0.0],"evs":[0.0,-4.04885]},"64o":{"weight":1.0,"played":[1.0,0.0],"evs":[0.0,-4.58492]},"74o":{"weight":1.0,"played":[1.0,0.0],"evs":[0.0,-5.19575]},"84o":{"weight":1.0,"played":[1.0,0.0],"evs":[0.0,-5.55296]},"94o":{"weight":1.0,"played":[1.0,0.0],"evs":[0.0,-5.51477]},"T4o":{"weight":1.0,"played":[1.0,0.0],"evs":[0.0,-6.4242]},"J4o":{"weight":1.0,"played":[1.0,0.0],"evs":[0.0,-5.96023]},"Q4o":{"weight":1.0,"played":[1.0,0.0],"evs":[0.0,-5.46995]},"K4o":{"weight":1.0,"played":[1.0,0.0],"evs":[0.0,-4.58871]},"A4o":{"weight":1.0,"played":[1.0,0.0],"evs":[0.0,-3.62689]},"52s":{"weight":1.0,"played":[1.0,0.0],"evs":[0.0,-3.98415]},"53s":{"weight":1.0,"played":[1.0,0.0],"evs":[0.0,-3.62757]},"54s":{"weight":1.0,"played":[0.9997,3.0E-4],"evs":[0.0,-2.5656]},"55":{"weight":1.0,"played":[0.9985,0.0015],"evs":[0.0,-0.44422]},"65o":{"weight":1.0,"played":[1.0,0.0],"evs":[0.0,-4.12033]},"75o":{"weight":1.0,"played":[1.0,0.0],"evs":[0.0,-4.59979]},"85o":{"weight":1.0,"played":[1.0,0.0],"evs":[0.0,-4.97248]},"95o":{"weight":1.0,"played":[1.0,0.0],"evs":[0.0,-5.26568]},"T5o":{"weight":1.0,"played":[1.0,0.0],"evs":[0.0,-6.82803]},"J5o":{"weight":1.0,"played":[1.0,0.0],"evs":[0.0,-6.06527]},"Q5o":{"weight":1.0,"played":[1.0,0.0],"evs":[0.0,-5.564]},"K5o":{"weight":1.0,"played":[1.0,0.0],"evs":[0.0,-4.91722]},"A5o":{"weight":1.0,"played":[1.0,0.0],"evs":[0.0,-3.58006]},"62s":{"weight":1.0,"played":[1.0,0.0],"evs":[0.0,-4.54823]},"63s":{"weight":1.0,"played":[1.0,0.0],"evs":[0.0,-3.77049]},"64s":{"weight":1.0,"played":[1.0,0.0],"evs":[0.0,-2.94954]},"65s":{"weight":1.0,"played":[0.9988,0.0012],"evs":[0.0,-2.19625]},"66":{"weight":1.0,"played":[0.0047,0.9953],"evs":[0.0,1.01567]},"76o":{"weight":1.0,"played":[1.0,0.0],"evs":[0.0,-3.91205]},"86o":{"weight":1.0,"played":[1.0,0.0],"evs":[0.0,-4.2967]},"96o":{"weight":1.0,"played":[1.0,0.0],"evs":[0.0,-4.25805]},"T6o":{"weight":1.0,"played":[1.0,0.0],"evs":[0.0,-5.18439]},"J6o":{"weight":1.0,"played":[1.0,0.0],"evs":[0.0,-5.78573]},"Q6o":{"weight":1.0,"played":[1.0,0.0],"evs":[0.0,-5.18375]},"K6o":{"weight":1.0,"played":[1.0,0.0],"evs":[0.0,-4.20073]},"A6o":{"weight":1.0,"played":[1.0,0.0],"evs":[0.0,-3.9503]},"72s":{"weight":1.0,"played":[1.0,0.0],"evs":[0.0,-4.53023]},"73s":{"weight":1.0,"played":[1.0,0.0],"evs":[0.0,-4.36517]},"74s":{"weight":1.0,"played":[0.9997,3.0E-4],"evs":[0.0,-3.27181]},"75s":{"weight":1.0,"played":[1.0,0.0],"evs":[0.0,-3.0745]},"76s":{"weight":1.0,"played":[0.9999,1.0E-4],"evs":[0.0,-2.4472]},"77":{"weight":1.0,"played":[0.0,1.0],"evs":[0.0,1.08259]},"87o":{"weight":1.0,"played":[1.0,0.0],"evs":[0.0,-3.89995]},"97o":{"weight":1.0,"played":[1.0,0.0],"evs":[0.0,-3.65674]},"T7o":{"weight":1.0,"played":[1.0,0.0],"evs":[0.0,-5.04687]},"J7o":{"weight":1.0,"played":[1.0,0.0],"evs":[0.0,-4.99383]},"Q7o":{"weight":1.0,"played":[1.0,0.0],"evs":[0.0,-5.25453]},"K7o":{"weight":1.0,"played":[1.0,0.0],"evs":[0.0,-4.17358]},"A7o":{"weight":1.0,"played":[1.0,0.0],"evs":[0.0,-3.06555]},"82s":{"weight":1.0,"played":[0.9999,1.0E-4],"evs":[0.0,-4.39301]},"83s":{"weight":1.0,"played":[1.0,0.0],"evs":[0.0,-4.06827]},"84s":{"weight":1.0,"played":[1.0,0.0],"evs":[0.0,-3.81375]},"85s":{"weight":1.0,"played":[1.0,0.0],"evs":[0.0,-3.58709]},"86s":{"weight":1.0,"played":[0.9992,8.0E-4],"evs":[0.0,-2.2796]},"87s":{"weight":1.0,"played":[0.9998,2.0E-4],"evs":[0.0,-2.4646]},"88":{"weight":1.0,"played":[1.0E-4,0.9999],"evs":[0.0,2.54314]},"98o":{"weight":1.0,"played":[1.0,0.0],"evs":[0.0,-3.65726]},"T8o":{"weight":1.0,"played":[1.0,0.0],"evs":[0.0,-4.13713]},"J8o":{"weight":1.0,"played":[1.0,0.0],"evs":[0.0,-4.62945]},"Q8o":{"weight":1.0,"played":[1.0,0.0],"evs":[0.0,-4.68131]},"K8o":{"weight":1.0,"played":[1.0,0.0],"evs":[0.0,-4.18996]},"A8o":{"weight":1.0,"played":[1.0,0.0],"evs":[0.0,-2.73816]},"92s":{"weight":1.0,"played":[1.0,0.0],"evs":[0.0,-4.04064]},"93s":{"weight":1.0,"played":[1.0,0.0],"evs":[0.0,-3.71815]},"94s":{"weight":1.0,"played":[1.0,0.0],"evs":[0.0,-4.1294]},"95s":{"weight":1.0,"played":[1.0,0.0],"evs":[0.0,-3.42255]},"96s":{"weight":1.0,"played":[1.0,0.0],"evs":[0.0,-2.70779]},"97s":{"weight":1.0,"played":[0.999,0.001],"evs":[0.0,-2.26224]},"98s":{"weight":1.0,"played":[0.9996,4.0E-4],"evs":[0.0,-2.18253]},"99":{"weight":1.0,"played":[0.0,1.0],"evs":[0.0,4.32223]},"T9o":{"weight":1.0,"played":[1.0,0.0],"evs":[0.0,-3.32638]},"J9o":{"weight":1.0,"played":[1.0,0.0],"evs":[0.0,-3.635]},"Q9o":{"weight":1.0,"played":[1.0,0.0],"evs":[0.0,-3.68548]},"K9o":{"weight":1.0,"played":[1.0,0.0],"evs":[0.0,-3.10943]},"A9o":{"weight":1.0,"played":[1.0,0.0],"evs":[0.0,-1.80719]},"T2s":{"weight":1.0,"played":[1.0,0.0],"evs":[0.0,-4.3066]},"T3s":{"weight":1.0,"played":[1.0,0.0],"evs":[0.0,-4.27157]},"T4s":{"weight":1.0,"played":[1.0,0.0],"evs":[0.0,-4.16265]},"T5s":{"weight":1.0,"played":[1.0,0.0],"evs":[0.0,-4.74396]},"T6s":{"weight":1.0,"played":[0.9998,2.0E-4],"evs":[0.0,-3.17304]},"T7s":{"weight":1.0,"played":[0.9999,1.0E-4],"evs":[0.0,-3.01575]},"T8s":{"weight":1.0,"played":[0.9997,3.0E-4],"evs":[0.0,-2.3031]},"T9s":{"weight":1.0,"played":[0.99,0.01],"evs":[0.0,-1.52695]},"TT":{"weight":1.0,"played":[0.0,1.0],"evs":[0.0,5.9761]},"JTo":{"weight":1.0,"played":[1.0,0.0],"evs":[0.0,-3.63098]},"QTo":{"weight":1.0,"played":[1.0,0.0],"evs":[0.0,-3.48175]},"KTo":{"weight":1.0,"played":[0.9999,1.0E-4],"evs":[0.0,-3.03755]},"ATo":{"weight":1.0,"played":[0.999,0.001],"evs":[0.0,-0.37772]},"J2s":{"weight":1.0,"played":[1.0,0.0],"evs":[0.0,-4.00211]},"J3s":{"weight":1.0,"played":[1.0,0.0],"evs":[0.0,-4.1716]},"J4s":{"weight":1.0,"played":[1.0,0.0],"evs":[0.0,-4.0623]},"J5s":{"weight":1.0,"played":[0.9999,1.0E-4],"evs":[0.0,-4.40681]},"J6s":{"weight":1.0,"played":[1.0,0.0],"evs":[0.0,-3.64013]},"J7s":{"weight":1.0,"played":[1.0,0.0],"evs":[0.0,-3.36111]},"J8s":{"weight":1.0,"played":[0.9995,5.0E-4],"evs":[0.0,-3.30384]},"J9s":{"weight":1.0,"played":[0.9956,0.0044],"evs":[0.0,-2.01607]},"JTs":{"weight":1.0,"played":[0.9997,3.0E-4],"evs":[0.0,-2.0258]},"JJ":{"weight":1.0,"played":[0.0,1.0],"evs":[0.0,8.41269]},"QJo":{"weight":1.0,"played":[1.0,0.0],"evs":[0.0,-2.76103]},"KJo":{"weight":1.0,"played":[1.0,0.0],"evs":[0.0,-2.26789]},"AJo":{"weight":1.0,"played":[0.0048,0.9952],"evs":[0.0,1.02303]},"Q2s":{"weight":1.0,"played":[1.0,0.0],"evs":[0.0,-4.17079]},"Q3s":{"weight":1.0,"played":[1.0,0.0],"evs":[0.0,-4.18203]},"Q4s":{"weight":1.0,"played":[1.0,0.0],"evs":[0.0,-3.63232]},"Q5s":{"weight":1.0,"played":[1.0,0.0],"evs":[0.0,-3.98924]},"Q6s":{"weight":1.0,"played":[1.0,0.0],"evs":[0.0,-3.296]},"Q7s":{"weight":1.0,"played":[0.9999,1.0E-4],"evs":[0.0,-3.61397]},"Q8s":{"weight":1.0,"played":[0.9999,1.0E-4],"evs":[0.0,-2.87675]},"Q9s":{"weight":1.0,"played":[1.0,0.0],"evs":[0.0,-2.4576]},"QTs":{"weight":1.0,"played":[1.0,0.0],"evs":[0.0,-1.74321]},"QJs":{"weight":1.0,"played":[0.9972,0.0028],"evs":[0.0,-1.2905]},"QQ":{"weight":1.0,"played":[0.0,1.0],"evs":[0.0,11.08333]},"KQo":{"weight":1.0,"played":[0.9987,0.0013],"evs":[0.0,-1.02364]},"AQo":{"weight":1.0,"played":[0.0,1.0],"evs":[0.0,2.87296]},"K2s":{"weight":1.0,"played":[0.9999,1.0E-4],"evs":[0.0,-3.04163]},"K3s":{"weight":1.0,"played":[1.0,0.0],"evs":[0.0,-3.20162]},"K4s":{"weight":1.0,"played":[0.9997,3.0E-4],"evs":[0.0,-2.312]},"K5s":{"weight":1.0,"played":[0.9995,5.0E-4],"evs":[0.0,-2.98557]},"K6s":{"weight":1.0,"played":[1.0,0.0],"evs":[0.0,-2.61053]},"K7s":{"weight":1.0,"played":[1.0,0.0],"evs":[0.0,-2.31982]},"K8s":{"weight":1.0,"played":[0.9996,4.0E-4],"evs":[0.0,-2.79057]},"K9s":{"weight":1.0,"played":[0.9983,0.0017],"evs":[0.0,-1.66203]},"KTs":{"weight":1.0,"played":[0.9998,2.0E-4],"evs":[0.0,-1.62559]},"KJs":{"weight":1.0,"played":[0.9973,0.0027],"evs":[0.0,-0.56433]},"KQs":{"weight":1.0,"played":[0.0036,0.9964],"evs":[0.0,0.66651]},"KK":{"weight":1.0,"played":[0.0,1.0],"evs":[0.0,14.41457]},"AKo":{"weight":1.0,"played":[0.0,1.0],"evs":[0.0,5.25388]},"A2s":{"weight":1.0,"played":[0.9991,9.0E-4],"evs":[0.0,-1.84362]},"A3s":{"weight":1.0,"played":[1.0,0.0],"evs":[0.0,-2.0637]},"A4s":{"weight":1.0,"played":[1.0,0.0],"evs":[0.0,-1.30846]},"A5s":{"weight":1.0,"played":[0.9968,0.0032],"evs":[0.0,-1.15272]},"A6s":{"weight":1.0,"played":[0.9997,3.0E-4],"evs":[0.0,-1.78923]},"A7s":{"weight":1.0,"played":[0.9996,4.0E-4],"evs":[0.0,-1.77862]},"A8s":{"weight":1.0,"played":[0.9973,0.0027],"evs":[0.0,-0.79743]},"A9s":{"weight":1.0,"played":[0.9995,5.0E-4],"evs":[0.0,-0.4337]},"ATs":{"weight":1.0,"played":[0.0285,0.9715],"evs":[0.0,1.05789]},"AJs":{"weight":1.0,"played":[0.0,1.0],"evs":[0.0,2.22905]},"AQs":{"weight":1.0,"played":[0.0,1.0],"evs":[0.0,3.836]},"AKs":{"weight":1.0,"played":[0.0,1.0],"evs":[0.0,6.7317]},"AA":{"weight":1.0,"played":[0.0,1.0],"evs":[0.0,20.32399]}}}