{"player":2,"street":0,"children":2,"sequence":[{"player":0,"type":"F","amount":0,"street":0},{"player":1,"type":"R","amount":200000,"street":0},{"player":2,"type":"C","amount":200000,"street":0},{"player":3,"type":"R","amount":2395000,"street":0},{"player":4,"type":"F","amount":0,"street":0},{"player":5,"type":"F","amount":0,"street":0},{"player":1,"type":"C","amount":2195000,"street":0}],"actions":[{"type":"F","amount":0},{"type":"C","amount":1065000}],"hands":{"22":{"weight":0.0,"played":[1.0,0.0],"evs":[0.0,-0.76289]},"32o":{"weight":0.0,"played":[1.0,0.0],"evs":[0.0,-2.77481]},"42o":{"weight":0.0,"played":[1.0,0.0],"evs":[0.0,-2.63308]},"52o":{"weight":0.0,"played":[1.0,0.0],"evs":[0.0,-2.46969]},"62o":{"weight":0.0,"played":[1.0,0.0],"evs":[0.0,-2.70952]},"72o":{"weight":0.0,"played":[1.0,0.0],"evs":[0.0,-2.93497]},"82o":{"weight":0.0,"played":[1.0,0.0],"evs":[0.0,-2.84778]},"92o":{"weight":0.0,"played":[1.0,0.0],"evs":[0.0,-2.64726]},"T2o":{"weight":0.0,"played":[1.0,0.0],"evs":[0.0,-2.71691]},"J2o":{"weight":0.0,"played":[1.0,0.0],"evs":[0.0,-2.5388]},"Q2o":{"weight":0.0,"played":[1.0,0.0],"evs":[0.0,-2.50845]},"K2o":{"weight":0.0,"played":[1.0,0.0],"evs":[0.0,-2.27118]},"A2o":{"weight":0.0,"played":[1.0,0.0],"evs":[0.0,-2.59678]},"32s":{"weight":0.0,"played":[1.0,0.0],"evs":[0.0,-1.75005]},"33":{"weight":0.0,"played":[1.0,0.0],"evs":[0.0,-0.55074]},"43o":{"weight":0.0,"played":[1.0,0.0],"evs":[0.0,-2.21429]},"53o":{"weight":0.0,"played":[1.0,0.0],"evs":[0.0,-2.03381]},"63o":{"weight":0.0,"played":[1.0,0.0],"evs":[0.0,-2.23689]},"73o":{"weight":0.0,"played":[1.0,0.0],"evs":[0.0,-2.50352]},"83o":{"weight":0.0,"played":[1.0,0.0],"evs":[0.0,-2.86303]},"93o":{"weight":0.0,"played":[1.0,0.0],"evs":[0.0,-2.53755]},"T3o":{"weight":0.0,"played":[1.0,0.0],"evs":[0.0,-2.6419]},"J3o":{"weight":0.0,"played":[1.0,0.0],"evs":[0.0,-2.44548]},"Q3o":{"weight":0.0,"played":[1.0,0.0],"evs":[0.0,-2.3537]},"K3o":{"weight":0.0,"played":[1.0,0.0],"evs":[0.0,-2.17532]},"A3o":{"weight":0.0,"played":[1.0,0.0],"evs":[0.0,-2.48289]},"42s":{"weight":0.0,"played":[1.0,0.0],"evs":[0.0,-1.5274]},"43s":{"weight":0.0,"played":[1.0,0.0],"evs":[0.0,-1.09066]},"44":{"weight":0.1537,"played":[0.9998,2.0E-4],"evs":[0.0,-0.28497]},"54o":{"weight":0.0,"played":[1.0,0.0],"evs":[0.0,-1.60651]},"64o":{"weight":0.0,"played":[1.0,0.0],"evs":[0.0,-1.82263]},"74o":{"weight":0.0,"played":[1.0,0.0],"evs":[0.0,-2.10734]},"84o":{"weight":0.0,"played":[1.0,0.0],"evs":[0.0,-2.42191]},"94o":{"weight":0.0,"played":[1.0,0.0],"evs":[0.0,-2.50487]},"T4o":{"weight":0.0,"played":[1.0,0.0],"evs":[0.0,-2.50641]},"J4o":{"weight":0.0,"played":[1.0,0.0],"evs":[0.0,-2.3065]},"Q4o":{"weight":0.0,"played":[1.0,0.0],"evs":[0.0,-2.21078]},"K4o":{"weight":0.0,"played":[1.0,0.0],"evs":[0.0,-2.03044]},"A4o":{"weight":0.0,"played":[1.0,0.0],"evs":[0.0,-2.25735]},"52s":{"weight":0.0,"played":[1.0,0.0],"evs":[0.0,-1.40926]},"53s":{"weight":0.0,"played":[1.0,0.0],"evs":[0.0,-0.97893]},"54s":{"weight":0.0,"played":[1.0,0.0],"evs":[0.0,-0.59962]},"55":{"weight":0.4401,"played":[0.3601,0.6399],"evs":[0.0,0.09997]},"65o":{"weight":0.0,"played":[1.0,0.0],"evs":[0.0,-1.37953]},"75o":{"weight":0.0,"played":[1.0,0.0],"evs":[0.0,-1.67424]},"85o":{"weight":0.0,"played":[1.0,0.0],"evs":[0.0,-1.90273]},"95o":{"weight":0.0,"played":[1.0,0.0],"evs":[0.0,-2.08869]},"T5o":{"weight":0.0,"played":[1.0,0.0],"evs":[0.0,-2.40478]},"J5o":{"weight":0.0,"played":[1.0,0.0],"evs":[0.0,-2.12737]},"Q5o":{"weight":0.0,"played":[1.0,0.0],"evs":[0.0,-2.12008]},"K5o":{"weight":0.0,"played":[1.0,0.0],"evs":[0.0,-1.88526]},"A5o":{"weight":0.0,"played":[1.0,0.0],"evs":[0.0,-2.08996]},"62s":{"weight":0.0,"played":[1.0,0.0],"evs":[0.0,-1.61912]},"63s":{"weight":0.0,"played":[1.0,0.0],"evs":[0.0,-1.2131]},"64s":{"weight":0.0,"played":[1.0,0.0],"evs":[0.0,-0.79125]},"65s":{"weight":0.0,"played":[0.9999,1.0E-4],"evs":[0.0,-0.43151]},"66":{"weight":7.0E-4,"played":[5.0E-4,0.9995],"evs":[0.0,0.59143]},"76o":{"weight":0.0,"played":[1.0,0.0],"evs":[0.0,-1.19553]},"86o":{"weight":0.0,"played":[1.0,0.0],"evs":[0.0,-1.46622]},"96o":{"weight":0.0,"played":[1.0,0.0],"evs":[0.0,-1.70761]},"T6o":{"weight":0.0,"played":[1.0,0.0],"evs":[0.0,-1.97856]},"J6o":{"weight":0.0,"played":[1.0,0.0],"evs":[0.0,-2.09378]},"Q6o":{"weight":0.0,"played":[1.0,0.0],"evs":[0.0,-1.96411]},"K6o":{"weight":0.0,"played":[1.0,0.0],"evs":[0.0,-1.75312]},"A6o":{"weight":0.0,"played":[1.0,0.0],"evs":[0.0,-2.36326]},"72s":{"weight":0.0,"played":[1.0,0.0],"evs":[0.0,-1.8092]},"73s":{"weight":0.0,"played":[1.0,0.0],"evs":[0.0,-1.48616]},"74s":{"weight":0.0,"played":[1.0,0.0],"evs":[0.0,-1.08384]},"75s":{"weight":0.0,"played":[1.0,0.0],"evs":[0.0,-0.63748]},"76s":{"weight":0.0,"played":[0.9997,3.0E-4],"evs":[0.0,-0.24308]},"77":{"weight":0.0,"played":[0.0,1.0],"evs":[0.0,1.16838]},"87o":{"weight":0.0,"played":[1.0,0.0],"evs":[0.0,-1.24778]},"97o":{"weight":0.0,"played":[1.0,0.0],"evs":[0.0,-1.28217]},"T7o":{"weight":0.0,"played":[1.0,0.0],"evs":[0.0,-1.6128]},"J7o":{"weight":0.0,"played":[1.0,0.0],"evs":[0.0,-1.66812]},"Q7o":{"weight":0.0,"played":[1.0,0.0],"evs":[0.0,-1.88366]},"K7o":{"weight":0.0,"played":[1.0,0.0],"evs":[0.0,-1.64472]},"A7o":{"weight":0.0,"played":[1.0,0.0],"evs":[0.0,-2.12576]},"82s":{"weight":0.0,"played":[1.0,0.0],"evs":[0.0,-1.70069]},"83s":{"weight":0.0,"played":[1.0,0.0],"evs":[0.0,-1.79596]},"84s":{"weight":0.0,"played":[1.0,0.0],"evs":[0.0,-1.4073]},"85s":{"weight":0.0,"played":[1.0,0.0],"evs":[0.0,-0.92403]},"86s":{"weight":0.0,"played":[0.9983,0.0017],"evs":[0.0,-0.49137]},"87s":{"weight":0.0,"played":[0.9999,1.0E-4],"evs":[0.0,-0.24024]},"88":{"weight":0.0,"played":[0.0,1.0],"evs":[0.0,1.65472]},"98o":{"weight":0.0,"played":[1.0,0.0],"evs":[0.0,-1.14525]},"T8o":{"weight":0.0,"played":[1.0,0.0],"evs":[0.0,-1.27876]},"J8o":{"weight":0.0,"played":[1.0,0.0],"evs":[0.0,-1.38558]},"Q8o":{"weight":0.0,"played":[1.0,0.0],"evs":[0.0,-1.65264]},"K8o":{"weight":0.0,"played":[1.0,0.0],"evs":[0.0,-1.70458]},"A8o":{"weight":0.0,"played":[1.0,0.0],"evs":[0.0,-1.93653]},"92s":{"weight":0.0,"played":[1.0,0.0],"evs":[0.0,-1.61881]},"93s":{"weight":0.0,"played":[1.0,0.0],"evs":[0.0,-1.52735]},"94s":{"weight":0.0,"played":[1.0,0.0],"evs":[0.0,-1.43446]},"95s":{"weight":0.0,"played":[1.0,0.0],"evs":[0.0,-1.06051]},"96s":{"weight":0.0,"played":[1.0,0.0],"evs":[0.0,-0.64583]},"97s":{"weight":0.0,"played":[0.9983,0.0017],"evs":[0.0,-0.32623]},"98s":{"weight":0.0,"played":[0.9906,0.0094],"evs":[0.0,-0.21863]},"99":{"weight":0.0,"played":[0.0,1.0],"evs":[0.0,2.60735]},"T9o":{"weight":0.0,"played":[1.0,0.0],"evs":[0.0,-0.78957]},"J9o":{"weight":0.0,"played":[1.0,0.0],"evs":[0.0,-0.94436]},"Q9o":{"weight":0.0,"played":[1.0,0.0],"evs":[0.0,-1.07587]},"K9o":{"weight":0.0,"played":[1.0,0.0],"evs":[0.0,-1.21859]},"A9o":{"weight":3.0E-4,"played":[1.0,0.0],"evs":[0.0,-1.50713]},"T2s":{"weight":0.0,"played":[1.0,0.0],"evs":[0.0,-1.66311]},"T3s":{"weight":0.0,"played":[1.0,0.0],"evs":[0.0,-1.55592]},"T4s":{"weight":0.0,"played":[1.0,0.0],"evs":[0.0,-1.35629]},"T5s":{"weight":0.0,"played":[1.0,0.0],"evs":[0.0,-1.30555]},"T6s":{"weight":0.0,"played":[1.0,0.0],"evs":[0.0,-0.9029]},"T7s":{"weight":0.0,"played":[1.0,0.0],"evs":[0.0,-0.47515]},"T8s":{"weight":0.0,"played":[1.0,0.0],"evs":[0.0,-0.20496]},"T9s":{"weight":1.0E-4,"played":[0.1045,0.8955],"evs":[0.0,0.1301]},"TT":{"weight":0.0,"played":[0.0,1.0],"evs":[0.0,3.53792]},"JTo":{"weight":0.0,"played":[1.0,0.0],"evs":[0.0,-0.62463]},"QTo":{"weight":0.0,"played":[1.0,0.0],"evs":[0.0,-0.74151]},"KTo":{"weight":0.0,"played":[1.0,0.0],"evs":[0.0,-0.81864]},"ATo":{"weight":0.0,"played":[1.0,0.0],"evs":[0.0,-0.6824]},"J2s":{"weight":0.0,"played":[1.0,0.0],"evs":[0.0,-1.48446]},"J3s":{"weight":0.0,"played":[1.0,0.0],"evs":[0.0,-1.41971]},"J4s":{"weight":0.0,"played":[1.0,0.0],"evs":[0.0,-1.20692]},"J5s":{"weight":0.0,"played":[1.0,0.0],"evs":[0.0,-1.11621]},"J6s":{"weight":0.0,"played":[1.0,0.0],"evs":[0.0,-1.06759]},"J7s":{"weight":0.0,"played":[1.0,0.0],"evs":[0.0,-0.69184]},"J8s":{"weight":0.0,"played":[1.0,0.0],"evs":[0.0,-0.31721]},"J9s":{"weight":0.0,"played":[0.6972,0.3028],"evs":[0.0,-0.00847]},"JTs":{"weight":1.0,"played":[4.0E-4,0.9996],"evs":[0.0,0.38872]},"JJ":{"weight":0.0,"played":[0.0,1.0],"evs":[0.0,4.78584]},"QJo":{"weight":0.0,"played":[1.0,0.0],"evs":[0.0,-0.5493]},"KJo":{"weight":0.1378,"played":[1.0,0.0],"evs":[0.0,-0.49549]},"AJo":{"weight":0.0,"played":[0.029,0.971],"evs":[0.0,0.22383]},"Q2s":{"weight":0.0,"played":[1.0,0.0],"evs":[0.0,-1.44622]},"Q3s":{"weight":0.0,"played":[1.0,0.0],"evs":[0.0,-1.30683]},"Q4s":{"weight":0.0,"played":[1.0,0.0],"evs":[0.0,-1.14637]},"Q5s":{"weight":0.0,"played":[1.0,0.0],"evs":[0.0,-1.1274]},"Q6s":{"weight":0.0,"played":[1.0,0.0],"evs":[0.0,-0.94217]},"Q7s":{"weight":0.0,"played":[1.0,0.0],"evs":[0.0,-0.93593]},"Q8s":{"weight":0.0,"played":[1.0,0.0],"evs":[0.0,-0.65264]},"Q9s":{"weight":0.0,"played":[0.9935,0.0065],"evs":[0.0,-0.14476]},"QTs":{"weight":1.0,"played":[1.0E-4,0.9999],"evs":[0.0,0.27392]},"QJs":{"weight":1.0,"played":[0.0,1.0],"evs":[0.0,0.42666]},"QQ":{"weight":0.0,"played":[0.0,1.0],"evs":[0.0,6.65006]},"KQo":{"weight":0.0,"played":[0.9844,0.0156],"evs":[0.0,-0.04379]},"AQo":{"weight":0.0,"played":[0.0,1.0],"evs":[0.0,1.42529]},"K2s":{"weight":0.0,"played":[1.0,0.0],"evs":[0.0,-1.1921]},"K3s":{"weight":0.0,"played":[1.0,0.0],"evs":[0.0,-1.10114]},"K4s":{"weight":0.0,"played":[1.0,0.0],"evs":[0.0,-0.93938]},"K5s":{"weight":0.0,"played":[0.9999,1.0E-4],"evs":[0.0,-0.75454]},"K6s":{"weight":0.0,"played":[1.0,0.0],"evs":[0.0,-0.67386]},"K7s":{"weight":0.0,"played":[1.0,0.0],"evs":[0.0,-0.54017]},"K8s":{"weight":0.0,"played":[0.9999,1.0E-4],"evs":[0.0,-0.63216]},"K9s":{"weight":6.0E-4,"played":[0.9988,0.0012],"evs":[0.0,-0.16421]},"KTs":{"weight":0.4495,"played":[0.034,0.966],"evs":[0.0,0.17541]},"KJs":{"weight":0.0012,"played":[0.0019,0.9981],"evs":[0.0,0.4599]},"KQs":{"weight":0.0,"played":[0.0,1.0],"evs":[0.0,0.90174]},"KK":{"weight":0.0,"played":[0.0,1.0],"evs":[0.0,8.73757]},"AKo":{"weight":0.0,"played":[0.0,1.0],"evs":[0.0,2.83925]},"A2s":{"weight":0.0,"played":[1.0,0.0],"evs":[0.0,-1.45064]},"A3s":{"weight":0.0,"played":[1.0,0.0],"evs":[0.0,-1.29663]},"A4s":{"weight":0.0013,"played":[1.0,0.0],"evs":[0.0,-1.08235]},"A5s":{"weight":1.0,"played":[1.0,0.0],"evs":[0.0,-0.94158]},"A6s":{"weight":0.0228,"played":[1.0,0.0],"evs":[0.0,-1.1417]},"A7s":{"weight":0.672,"played":[1.0,0.0],"evs":[0.0,-0.96999]},"A8s":{"weight":0.0,"played":[0.9999,1.0E-4],"evs":[0.0,-0.75039]},"A9s":{"weight":0.0,"played":[0.9999,1.0E-4],"evs":[0.0,-0.44171]},"ATs":{"weight":0.0,"played":[0.0049,0.9951],"evs":[0.0,0.40886]},"AJs":{"weight":0.0,"played":[0.0,1.0],"evs":[0.0,1.17705]},"AQs":{"weight":0.0,"played":[0.0,1.0],"evs":[0.0,2.29974]},"AKs":{"weight":0.0,"played":[0.0,1.0],"evs":[0.0,3.67056]},"AA":{"weight":0.0375,"played":[0.0,1.0],"evs":[0.0,12.51392]}}}