{"player":2,"street":0,"children":2,"sequence":[{"player":0,"type":"F","amount":0,"street":0},{"player":1,"type":"R","amount":200000,"street":0},{"player":2,"type":"C","amount":200000,"street":0},{"player":3,"type":"R","amount":2395000,"street":0},{"player":4,"type":"R","amount":3375000,"street":0},{"player":5,"type":"F","amount":0,"street":0},{"player":1,"type":"F","amount":0,"street":0}],"actions":[{"type":"F","amount":0},{"type":"C","amount":1065000}],"hands":{"22":{"weight":0.0,"played":[0.9999,1.0E-4],"evs":[0.0,-0.61257]},"32o":{"weight":0.0,"played":[1.0,0.0],"evs":[0.0,-2.4069]},"42o":{"weight":0.0,"played":[1.0,0.0],"evs":[0.0,-2.40197]},"52o":{"weight":0.0,"played":[1.0,0.0],"evs":[0.0,-2.27539]},"62o":{"weight":0.0,"played":[1.0,0.0],"evs":[0.0,-2.51425]},"72o":{"weight":0.0,"played":[1.0,0.0],"evs":[0.0,-2.91752]},"82o":{"weight":0.0,"played":[1.0,0.0],"evs":[0.0,-2.76516]},"92o":{"weight":0.0,"played":[1.0,0.0],"evs":[0.0,-2.58279]},"T2o":{"weight":0.0,"played":[1.0,0.0],"evs":[0.0,-2.68771]},"J2o":{"weight":0.0,"played":[1.0,0.0],"evs":[0.0,-2.54523]},"Q2o":{"weight":0.0,"played":[1.0,0.0],"evs":[0.0,-2.50767]},"K2o":{"weight":0.0,"played":[1.0,0.0],"evs":[0.0,-2.03028]},"A2o":{"weight":0.0,"played":[1.0,0.0],"evs":[0.0,-2.75628]},"32s":{"weight":0.0,"played":[1.0,0.0],"evs":[0.0,-1.29108]},"33":{"weight":0.0,"played":[0.997,0.003],"evs":[0.0,-0.31759]},"43o":{"weight":0.0,"played":[1.0,0.0],"evs":[0.0,-1.99382]},"53o":{"weight":0.0,"played":[1.0,0.0],"evs":[0.0,-1.8041]},"63o":{"weight":0.0,"played":[1.0,0.0],"evs":[0.0,-2.12619]},"73o":{"weight":0.0,"played":[1.0,0.0],"evs":[0.0,-2.45343]},"83o":{"weight":0.0,"played":[1.0,0.0],"evs":[0.0,-2.73473]},"93o":{"weight":0.0,"played":[1.0,0.0],"evs":[0.0,-2.42477]},"T3o":{"weight":0.0,"played":[1.0,0.0],"evs":[0.0,-2.47497]},"J3o":{"weight":0.0,"played":[1.0,0.0],"evs":[0.0,-2.50935]},"Q3o":{"weight":0.0,"played":[1.0,0.0],"evs":[0.0,-2.46276]},"K3o":{"weight":0.0,"played":[1.0,0.0],"evs":[0.0,-1.88701]},"A3o":{"weight":0.0,"played":[1.0,0.0],"evs":[0.0,-2.45402]},"42s":{"weight":0.0,"played":[1.0,0.0],"evs":[0.0,-1.30471]},"43s":{"weight":0.0,"played":[1.0,0.0],"evs":[0.0,-0.91128]},"44":{"weight":0.1537,"played":[0.9995,5.0E-4],"evs":[0.0,-0.44683]},"54o":{"weight":0.0,"played":[1.0,0.0],"evs":[0.0,-1.55809]},"64o":{"weight":0.0,"played":[1.0,0.0],"evs":[0.0,-1.68105]},"74o":{"weight":0.0,"played":[1.0,0.0],"evs":[0.0,-2.12225]},"84o":{"weight":0.0,"played":[1.0,0.0],"evs":[0.0,-2.43587]},"94o":{"weight":0.0,"played":[1.0,0.0],"evs":[0.0,-2.44357]},"T4o":{"weight":0.0,"played":[1.0,0.0],"evs":[0.0,-2.34126]},"J4o":{"weight":0.0,"played":[1.0,0.0],"evs":[0.0,-2.36107]},"Q4o":{"weight":0.0,"played":[1.0,0.0],"evs":[0.0,-2.24671]},"K4o":{"weight":0.0,"played":[1.0,0.0],"evs":[0.0,-1.83062]},"A4o":{"weight":0.0,"played":[1.0,0.0],"evs":[0.0,-2.432]},"52s":{"weight":0.0,"played":[1.0,0.0],"evs":[0.0,-1.33829]},"53s":{"weight":0.0,"played":[0.994,0.006],"evs":[0.0,-0.9527]},"54s":{"weight":0.0,"played":[0.9999,1.0E-4],"evs":[0.0,-0.37231]},"55":{"weight":0.4401,"played":[0.8005,0.1995],"evs":[0.0,-0.15888]},"65o":{"weight":0.0,"played":[1.0,0.0],"evs":[0.0,-1.2938]},"75o":{"weight":0.0,"played":[1.0,0.0],"evs":[0.0,-1.61751]},"85o":{"weight":0.0,"played":[1.0,0.0],"evs":[0.0,-1.9121]},"95o":{"weight":0.0,"played":[1.0,0.0],"evs":[0.0,-1.88666]},"T5o":{"weight":0.0,"played":[1.0,0.0],"evs":[0.0,-2.40559]},"J5o":{"weight":0.0,"played":[1.0,0.0],"evs":[0.0,-2.26168]},"Q5o":{"weight":0.0,"played":[1.0,0.0],"evs":[0.0,-2.1869]},"K5o":{"weight":0.0,"played":[1.0,0.0],"evs":[0.0,-1.78915]},"A5o":{"weight":0.0,"played":[1.0,0.0],"evs":[0.0,-2.41267]},"62s":{"weight":0.0,"played":[1.0,0.0],"evs":[0.0,-1.26081]},"63s":{"weight":0.0,"played":[1.0,0.0],"evs":[0.0,-1.13211]},"64s":{"weight":0.0,"played":[0.999,0.001],"evs":[0.0,-0.67512]},"65s":{"weight":0.0,"played":[0.8978,0.1022],"evs":[0.0,-0.08456]},"66":{"weight":7.0E-4,"played":[0.0013,0.9987],"evs":[0.0,0.3973]},"76o":{"weight":0.0,"played":[1.0,0.0],"evs":[0.0,-1.38257]},"86o":{"weight":0.0,"played":[1.0,0.0],"evs":[0.0,-1.45963]},"96o":{"weight":0.0,"played":[1.0,0.0],"evs":[0.0,-1.78462]},"T6o":{"weight":0.0,"played":[1.0,0.0],"evs":[0.0,-2.19544]},"J6o":{"weight":0.0,"played":[1.0,0.0],"evs":[0.0,-2.38355]},"Q6o":{"weight":0.0,"played":[1.0,0.0],"evs":[0.0,-2.07309]},"K6o":{"weight":0.0,"played":[1.0,0.0],"evs":[0.0,-1.56992]},"A6o":{"weight":0.0,"played":[1.0,0.0],"evs":[0.0,-2.7489]},"72s":{"weight":0.0,"played":[1.0,0.0],"evs":[0.0,-1.7293]},"73s":{"weight":0.0,"played":[1.0,0.0],"evs":[0.0,-1.34025]},"74s":{"weight":0.0,"played":[0.9994,6.0E-4],"evs":[0.0,-0.80677]},"75s":{"weight":0.0,"played":[0.9997,3.0E-4],"evs":[0.0,-0.57855]},"76s":{"weight":0.0,"played":[0.969,0.031],"evs":[0.0,-0.29201]},"77":{"weight":0.0,"played":[0.0,1.0],"evs":[0.0,0.86069]},"87o":{"weight":0.0,"played":[1.0,0.0],"evs":[0.0,-1.28037]},"97o":{"weight":0.0,"played":[1.0,0.0],"evs":[0.0,-1.28076]},"T7o":{"weight":0.0,"played":[1.0,0.0],"evs":[0.0,-1.65151]},"J7o":{"weight":0.0,"played":[1.0,0.0],"evs":[0.0,-1.92885]},"Q7o":{"weight":0.0,"played":[1.0,0.0],"evs":[0.0,-2.14403]},"K7o":{"weight":0.0,"played":[1.0,0.0],"evs":[0.0,-1.74108]},"A7o":{"weight":0.0,"played":[1.0,0.0],"evs":[0.0,-2.49353]},"82s":{"weight":0.0,"played":[1.0,0.0],"evs":[0.0,-1.78253]},"83s":{"weight":0.0,"played":[1.0,0.0],"evs":[0.0,-1.71793]},"84s":{"weight":0.0,"played":[1.0,0.0],"evs":[0.0,-1.33499]},"85s":{"weight":0.0,"played":[0.994,0.006],"evs":[0.0,-0.87817]},"86s":{"weight":0.0,"played":[0.9993,7.0E-4],"evs":[0.0,-0.33008]},"87s":{"weight":0.0,"played":[0.7604,0.2396],"evs":[0.0,-0.32544]},"88":{"weight":0.0,"played":[0.0,1.0],"evs":[0.0,1.63536]},"98o":{"weight":0.0,"played":[1.0,0.0],"evs":[0.0,-1.14099]},"T8o":{"weight":0.0,"played":[1.0,0.0],"evs":[0.0,-1.23826]},"J8o":{"weight":0.0,"played":[1.0,0.0],"evs":[0.0,-1.59548]},"Q8o":{"weight":0.0,"played":[0.9999,1.0E-4],"evs":[0.0,-1.50213]},"K8o":{"weight":0.0,"played":[1.0,0.0],"evs":[0.0,-1.64666]},"A8o":{"weight":0.0,"played":[1.0,0.0],"evs":[0.0,-2.34264]},"92s":{"weight":0.0,"played":[1.0,0.0],"evs":[0.0,-1.40076]},"93s":{"weight":0.0,"played":[0.9998,2.0E-4],"evs":[0.0,-1.0753]},"94s":{"weight":0.0,"played":[0.9997,3.0E-4],"evs":[0.0,-1.20058]},"95s":{"weight":0.0,"played":[1.0,0.0],"evs":[0.0,-1.11631]},"96s":{"weight":0.0,"played":[0.9999,1.0E-4],"evs":[0.0,-0.67429]},"97s":{"weight":0.0,"played":[0.999,0.001],"evs":[0.0,-0.03583]},"98s":{"weight":0.0,"played":[0.7375,0.2625],"evs":[0.0,-0.05906]},"99":{"weight":0.0,"played":[0.0,1.0],"evs":[0.0,2.38649]},"T9o":{"weight":0.0,"played":[1.0,0.0],"evs":[0.0,-0.92255]},"J9o":{"weight":0.0,"played":[1.0,0.0],"evs":[0.0,-1.10181]},"Q9o":{"weight":0.0,"played":[1.0,0.0],"evs":[0.0,-1.08798]},"K9o":{"weight":0.0,"played":[1.0,0.0],"evs":[0.0,-1.04422]},"A9o":{"weight":3.0E-4,"played":[1.0,0.0],"evs":[0.0,-1.9251]},"T2s":{"weight":0.0,"played":[1.0,0.0],"evs":[0.0,-1.63042]},"T3s":{"weight":0.0,"played":[0.9999,1.0E-4],"evs":[0.0,-1.35372]},"T4s":{"weight":0.0,"played":[1.0,0.0],"evs":[0.0,-1.43467]},"T5s":{"weight":0.0,"played":[1.0,0.0],"evs":[0.0,-1.43724]},"T6s":{"weight":0.0,"played":[0.9998,2.0E-4],"evs":[0.0,-0.77175]},"T7s":{"weight":0.0,"played":[0.9986,0.0014],"evs":[0.0,-0.47075]},"T8s":{"weight":0.0,"played":[0.9819,0.0181],"evs":[0.0,-0.24014]},"T9s":{"weight":1.0E-4,"played":[0.0776,0.9224],"evs":[0.0,0.30541]},"TT":{"weight":0.0,"played":[0.0,1.0],"evs":[0.0,3.65012]},"JTo":{"weight":0.0,"played":[1.0,0.0],"evs":[0.0,-0.78785]},"QTo":{"weight":0.0,"played":[0.9998,2.0E-4],"evs":[0.0,-0.72198]},"KTo":{"weight":0.0,"played":[0.9997,3.0E-4],"evs":[0.0,-0.75648]},"ATo":{"weight":0.0,"played":[0.9999,1.0E-4],"evs":[0.0,-1.29051]},"J2s":{"weight":0.0,"played":[0.9999,1.0E-4],"evs":[0.0,-1.44719]},"J3s":{"weight":0.0,"played":[1.0,0.0],"evs":[0.0,-1.39835]},"J4s":{"weight":0.0,"played":[1.0,0.0],"evs":[0.0,-1.15322]},"J5s":{"weight":0.0,"played":[1.0,0.0],"evs":[0.0,-1.27677]},"J6s":{"weight":0.0,"played":[1.0,0.0],"evs":[0.0,-1.26483]},"J7s":{"weight":0.0,"played":[0.9999,1.0E-4],"evs":[0.0,-0.84992]},"J8s":{"weight":0.0,"played":[0.9995,5.0E-4],"evs":[0.0,-0.57263]},"J9s":{"weight":0.0,"played":[0.4976,0.5024],"evs":[0.0,0.23441]},"JTs":{"weight":1.0,"played":[7.0E-4,0.9993],"evs":[0.0,0.40252]},"JJ":{"weight":0.0,"played":[0.0,1.0],"evs":[0.0,4.61552]},"QJo":{"weight":0.0,"played":[0.9987,0.0013],"evs":[0.0,-0.71202]},"KJo":{"weight":0.1378,"played":[0.9995,5.0E-4],"evs":[0.0,-0.64966]},"AJo":{"weight":0.0,"played":[0.9996,4.0E-4],"evs":[0.0,-0.52577]},"Q2s":{"weight":0.0,"played":[0.9999,1.0E-4],"evs":[0.0,-1.37999]},"Q3s":{"weight":0.0,"played":[1.0,0.0],"evs":[0.0,-1.38934]},"Q4s":{"weight":0.0,"played":[1.0,0.0],"evs":[0.0,-0.80647]},"Q5s":{"weight":0.0,"played":[0.9971,0.0029],"evs":[0.0,-1.08992]},"Q6s":{"weight":0.0,"played":[0.9978,0.0022],"evs":[0.0,-0.9775]},"Q7s":{"weight":0.0,"played":[0.9998,2.0E-4],"evs":[0.0,-0.84159]},"Q8s":{"weight":0.0,"played":[0.9992,8.0E-4],"evs":[0.0,-0.6323]},"Q9s":{"weight":0.0,"played":[0.0191,0.9809],"evs":[0.0,0.00814]},"QTs":{"weight":1.0,"played":[1.0E-4,0.9999],"evs":[0.0,0.07303]},"QJs":{"weight":1.0,"played":[0.0018,0.9982],"evs":[0.0,0.13665]},"QQ":{"weight":0.0,"played":[0.0,1.0],"evs":[0.0,6.85565]},"KQo":{"weight":0.0,"played":[0.9907,0.0093],"evs":[0.0,-0.19368]},"AQo":{"weight":0.0,"played":[0.0,1.0],"evs":[0.0,0.75098]},"K2s":{"weight":0.0,"played":[1.0,0.0],"evs":[0.0,-0.92803]},"K3s":{"weight":0.0,"played":[0.9989,0.0011],"evs":[0.0,-0.86129]},"K4s":{"weight":0.0,"played":[0.9996,4.0E-4],"evs":[0.0,-0.9573]},"K5s":{"weight":0.0,"played":[0.9999,1.0E-4],"evs":[0.0,-0.76614]},"K6s":{"weight":0.0,"played":[0.9794,0.0206],"evs":[0.0,-0.52023]},"K7s":{"weight":0.0,"played":[0.9894,0.0106],"evs":[0.0,-0.50768]},"K8s":{"weight":0.0,"played":[0.9939,0.0061],"evs":[0.0,-0.40043]},"K9s":{"weight":6.0E-4,"played":[0.8795,0.1205],"evs":[0.0,-0.14323]},"KTs":{"weight":0.4495,"played":[0.0,1.0],"evs":[0.0,0.2839]},"KJs":{"weight":0.0012,"played":[0.0074,0.9926],"evs":[0.0,0.29846]},"KQs":{"weight":0.0,"played":[0.0,1.0],"evs":[0.0,0.6508]},"KK":{"weight":0.0,"played":[0.0,1.0],"evs":[0.0,9.48635]},"AKo":{"weight":0.0,"played":[0.0,1.0],"evs":[0.0,2.2976]},"A2s":{"weight":0.0,"played":[0.9997,3.0E-4],"evs":[0.0,-1.3963]},"A3s":{"weight":0.0,"played":[0.9999,1.0E-4],"evs":[0.0,-1.28209]},"A4s":{"weight":0.0013,"played":[0.9994,6.0E-4],"evs":[0.0,-1.3016]},"A5s":{"weight":1.0,"played":[0.9999,1.0E-4],"evs":[0.0,-1.12262]},"A6s":{"weight":0.0228,"played":[1.0,0.0],"evs":[0.0,-1.53354]},"A7s":{"weight":0.672,"played":[0.9995,5.0E-4],"evs":[0.0,-1.32793]},"A8s":{"weight":0.0,"played":[0.9999,1.0E-4],"evs":[0.0,-1.06965]},"A9s":{"weight":0.0,"played":[0.9853,0.0147],"evs":[0.0,-0.68723]},"ATs":{"weight":0.0,"played":[0.9797,0.0203],"evs":[0.0,-0.2682]},"AJs":{"weight":0.0,"played":[0.0764,0.9236],"evs":[0.0,0.38155]},"AQs":{"weight":0.0,"played":[0.0,1.0],"evs":[0.0,1.41488]},"AKs":{"weight":0.0,"played":[0.0,1.0],"evs":[0.0,3.1852]},"AA":{"weight":0.0375,"played":[0.0,1.0],"evs":[0.0,13.20023]}}}