{"player":2,"street":0,"children":2,"sequence":[{"player":0,"type":"F","amount":0,"street":0},{"player":1,"type":"R","amount":200000,"street":0},{"player":2,"type":"C","amount":200000,"street":0},{"player":3,"type":"R","amount":2395000,"street":0},{"player":4,"type":"R","amount":3375000,"street":0},{"player":5,"type":"C","amount":795000,"street":0},{"player":1,"type":"C","amount":3175000,"street":0}],"actions":[{"type":"F","amount":0},{"type":"C","amount":1065000}],"hands":{"22":{"weight":0.0,"played":[0.4171,0.5829],"evs":[0.0,-0.18733]},"32o":{"weight":0.0,"played":[0.9984,0.0016],"evs":[0.0,-2.26356]},"42o":{"weight":0.0,"played":[0.9998,2.0E-4],"evs":[0.0,-1.27987]},"52o":{"weight":0.0,"played":[0.9994,6.0E-4],"evs":[0.0,-2.34176]},"62o":{"weight":0.0,"played":[0.9998,2.0E-4],"evs":[0.0,-3.09252]},"72o":{"weight":0.0,"played":[1.0,0.0],"evs":[0.0,-2.79658]},"82o":{"weight":0.0,"played":[0.9994,6.0E-4],"evs":[0.0,-4.08107]},"92o":{"weight":0.0,"played":[1.0,0.0],"evs":[0.0,-3.18004]},"T2o":{"weight":0.0,"played":[0.9997,3.0E-4],"evs":[0.0,-3.39229]},"J2o":{"weight":0.0,"played":[1.0,0.0],"evs":[0.0,-3.01864]},"Q2o":{"weight":0.0,"played":[0.9953,0.0047],"evs":[0.0,-3.39842]},"K2o":{"weight":0.0,"played":[1.0,0.0],"evs":[0.0,-3.36108]},"A2o":{"weight":0.0,"played":[0.9999,1.0E-4],"evs":[0.0,-3.07688]},"32s":{"weight":0.0,"played":[0.9639,0.0361],"evs":[0.0,-0.03977]},"33":{"weight":0.0,"played":[0.8541,0.1459],"evs":[0.0,-1.24054]},"43o":{"weight":0.0,"played":[0.9984,0.0016],"evs":[0.0,-1.8239]},"53o":{"weight":0.0,"played":[0.9998,2.0E-4],"evs":[0.0,-1.16489]},"63o":{"weight":0.0,"played":[1.0,0.0],"evs":[0.0,-1.89888]},"73o":{"weight":0.0,"played":[0.9996,4.0E-4],"evs":[0.0,-2.70009]},"83o":{"weight":0.0,"played":[1.0,0.0],"evs":[0.0,-3.62819]},"93o":{"weight":0.0,"played":[0.9999,1.0E-4],"evs":[0.0,-3.68516]},"T3o":{"weight":0.0,"played":[1.0,0.0],"evs":[0.0,-3.18219]},"J3o":{"weight":0.0,"played":[0.9998,2.0E-4],"evs":[0.0,-2.7612]},"Q3o":{"weight":0.0,"played":[0.9961,0.0039],"evs":[0.0,-3.42752]},"K3o":{"weight":0.0,"played":[0.9943,0.0057],"evs":[0.0,-3.20376]},"A3o":{"weight":0.0,"played":[0.9987,0.0013],"evs":[0.0,-3.02295]},"42s":{"weight":0.0,"played":[0.7043,0.2957],"evs":[0.0,-0.59127]},"43s":{"weight":0.0,"played":[0.4691,0.5309],"evs":[0.0,-0.98675]},"44":{"weight":0.1537,"played":[0.934,0.066],"evs":[0.0,-1.28311]},"54o":{"weight":0.0,"played":[0.9835,0.0165],"evs":[0.0,-0.93711]},"64o":{"weight":0.0,"played":[0.9545,0.0455],"evs":[0.0,-1.71847]},"74o":{"weight":0.0,"played":[1.0,0.0],"evs":[0.0,-2.40314]},"84o":{"weight":0.0,"played":[0.9945,0.0055],"evs":[0.0,-2.75578]},"94o":{"weight":0.0,"played":[0.9999,1.0E-4],"evs":[0.0,-2.77471]},"T4o":{"weight":0.0,"played":[1.0,0.0],"evs":[0.0,-2.26551]},"J4o":{"weight":0.0,"played":[1.0,0.0],"evs":[0.0,-2.57256]},"Q4o":{"weight":0.0,"played":[0.9987,0.0013],"evs":[0.0,-2.73658]},"K4o":{"weight":0.0,"played":[0.9889,0.0111],"evs":[0.0,-3.61518]},"A4o":{"weight":0.0,"played":[0.9982,0.0018],"evs":[0.0,-2.14891]},"52s":{"weight":0.0,"played":[0.3009,0.6991],"evs":[0.0,0.07549]},"53s":{"weight":0.0,"played":[0.0599,0.9401],"evs":[0.0,0.35137]},"54s":{"weight":0.0,"played":[0.682,0.318],"evs":[0.0,-0.17891]},"55":{"weight":0.4401,"played":[0.6989,0.3011],"evs":[0.0,-0.05752]},"65o":{"weight":0.0,"played":[0.9197,0.0803],"evs":[0.0,-1.06513]},"75o":{"weight":0.0,"played":[0.9992,8.0E-4],"evs":[0.0,-1.9201]},"85o":{"weight":0.0,"played":[0.998,0.002],"evs":[0.0,-2.32783]},"95o":{"weight":0.0,"played":[0.995,0.005],"evs":[0.0,-2.78983]},"T5o":{"weight":0.0,"played":[0.9999,1.0E-4],"evs":[0.0,-2.98218]},"J5o":{"weight":0.0,"played":[0.9975,0.0025],"evs":[0.0,-3.06208]},"Q5o":{"weight":0.0,"played":[0.998,0.002],"evs":[0.0,-2.60068]},"K5o":{"weight":0.0,"played":[0.9998,2.0E-4],"evs":[0.0,-3.10219]},"A5o":{"weight":0.0,"played":[0.9995,5.0E-4],"evs":[0.0,-1.37931]},"62s":{"weight":0.0,"played":[0.9825,0.0175],"evs":[0.0,-0.41085]},"63s":{"weight":0.0,"played":[0.3387,0.6613],"evs":[0.0,0.28814]},"64s":{"weight":0.0,"played":[0.1536,0.8464],"evs":[0.0,0.08893]},"65s":{"weight":0.0,"played":[0.0052,0.9948],"evs":[0.0,0.94866]},"66":{"weight":7.0E-4,"played":[0.8031,0.1969],"evs":[0.0,-1.21354]},"76o":{"weight":0.0,"played":[0.9299,0.0701],"evs":[0.0,-1.65403]},"86o":{"weight":0.0,"played":[0.9973,0.0027],"evs":[0.0,-1.75487]},"96o":{"weight":0.0,"played":[0.9961,0.0039],"evs":[0.0,-2.00953]},"T6o":{"weight":0.0,"played":[0.9966,0.0034],"evs":[0.0,-2.6434]},"J6o":{"weight":0.0,"played":[0.9971,0.0029],"evs":[0.0,-2.88586]},"Q6o":{"weight":0.0,"played":[0.9921,0.0079],"evs":[0.0,-3.39936]},"K6o":{"weight":0.0,"played":[0.9999,1.0E-4],"evs":[0.0,-3.6014]},"A6o":{"weight":0.0,"played":[1.0,0.0],"evs":[0.0,-3.01784]},"72s":{"weight":0.0,"played":[0.7915,0.2085],"evs":[0.0,-0.51686]},"73s":{"weight":0.0,"played":[0.7181,0.2819],"evs":[0.0,0.02168]},"74s":{"weight":0.0,"played":[0.9547,0.0453],"evs":[0.0,-0.90623]},"75s":{"weight":0.0,"played":[0.6608,0.3392],"evs":[0.0,0.06809]},"76s":{"weight":0.0,"played":[0.4405,0.5595],"evs":[0.0,0.43937]},"77":{"weight":0.0,"played":[0.0013,0.9987],"evs":[0.0,1.39111]},"87o":{"weight":0.0,"played":[0.9988,0.0012],"evs":[0.0,-1.52359]},"97o":{"weight":0.0,"played":[0.999,0.001],"evs":[0.0,-1.91624]},"T7o":{"weight":0.0,"played":[0.9993,7.0E-4],"evs":[0.0,-2.26211]},"J7o":{"weight":0.0,"played":[0.9985,0.0015],"evs":[0.0,-3.158]},"Q7o":{"weight":0.0,"played":[0.9955,0.0045],"evs":[0.0,-2.90985]},"K7o":{"weight":0.0,"played":[0.9997,3.0E-4],"evs":[0.0,-3.06733]},"A7o":{"weight":0.0,"played":[1.0,0.0],"evs":[0.0,-2.88982]},"82s":{"weight":0.0,"played":[0.9996,4.0E-4],"evs":[0.0,-2.8711]},"83s":{"weight":0.0,"played":[0.9923,0.0077],"evs":[0.0,-2.62575]},"84s":{"weight":0.0,"played":[0.5398,0.4602],"evs":[0.0,0.04121]},"85s":{"weight":0.0,"played":[0.9895,0.0105],"evs":[0.0,-0.41123]},"86s":{"weight":0.0,"played":[0.6623,0.3377],"evs":[0.0,-1.04263]},"87s":{"weight":0.0,"played":[0.885,0.115],"evs":[0.0,-0.66854]},"88":{"weight":0.0,"played":[0.0026,0.9974],"evs":[0.0,0.48935]},"98o":{"weight":0.0,"played":[0.996,0.004],"evs":[0.0,-2.27377]},"T8o":{"weight":0.0,"played":[0.9968,0.0032],"evs":[0.0,-1.71366]},"J8o":{"weight":0.0,"played":[0.9823,0.0177],"evs":[0.0,-1.55867]},"Q8o":{"weight":0.0,"played":[0.9983,0.0017],"evs":[0.0,-2.42737]},"K8o":{"weight":0.0,"played":[0.993,0.007],"evs":[0.0,-2.85482]},"A8o":{"weight":0.0,"played":[0.9691,0.0309],"evs":[0.0,-2.99484]},"92s":{"weight":0.0,"played":[0.9625,0.0375],"evs":[0.0,-1.33411]},"93s":{"weight":0.0,"played":[0.995,0.005],"evs":[0.0,-2.59588]},"94s":{"weight":0.0,"played":[0.9425,0.0575],"evs":[0.0,-1.48979]},"95s":{"weight":0.0,"played":[0.8054,0.1946],"evs":[0.0,-1.71623]},"96s":{"weight":0.0,"played":[0.5582,0.4418],"evs":[0.0,-0.75902]},"97s":{"weight":0.0,"played":[0.9245,0.0755],"evs":[0.0,-0.93455]},"98s":{"weight":0.0,"played":[0.5057,0.4943],"evs":[0.0,-0.44791]},"99":{"weight":0.0,"played":[0.0078,0.9922],"evs":[0.0,0.48735]},"T9o":{"weight":0.0,"played":[0.9973,0.0027],"evs":[0.0,-1.56934]},"J9o":{"weight":0.0,"played":[0.9955,0.0045],"evs":[0.0,-1.87222]},"Q9o":{"weight":0.0,"played":[0.9926,0.0074],"evs":[0.0,-2.06358]},"K9o":{"weight":0.0,"played":[0.9985,0.0015],"evs":[0.0,-3.10469]},"A9o":{"weight":3.0E-4,"played":[0.9961,0.0039],"evs":[0.0,-3.13243]},"T2s":{"weight":0.0,"played":[0.9899,0.0101],"evs":[0.0,-2.48139]},"T3s":{"weight":0.0,"played":[0.9957,0.0043],"evs":[0.0,-1.85592]},"T4s":{"weight":0.0,"played":[0.9986,0.0014],"evs":[0.0,-1.20044]},"T5s":{"weight":0.0,"played":[0.8269,0.1731],"evs":[0.0,-1.31026]},"T6s":{"weight":0.0,"played":[0.576,0.424],"evs":[0.0,0.06039]},"T7s":{"weight":0.0,"played":[0.9789,0.0211],"evs":[0.0,-0.99853]},"T8s":{"weight":0.0,"played":[0.7049,0.2951],"evs":[0.0,-1.36814]},"T9s":{"weight":1.0E-4,"played":[0.3204,0.6796],"evs":[0.0,-0.01718]},"TT":{"weight":0.0,"played":[0.0023,0.9977],"evs":[0.0,1.83324]},"JTo":{"weight":0.0,"played":[0.8301,0.1699],"evs":[0.0,-1.83325]},"QTo":{"weight":0.0,"played":[0.9701,0.0299],"evs":[0.0,-1.18343]},"KTo":{"weight":0.0,"played":[0.9959,0.0041],"evs":[0.0,-1.39721]},"ATo":{"weight":0.0,"played":[0.9752,0.0248],"evs":[0.0,-2.18617]},"J2s":{"weight":0.0,"played":[0.9995,5.0E-4],"evs":[0.0,-3.0143]},"J3s":{"weight":0.0,"played":[0.8122,0.1878],"evs":[0.0,0.0848]},"J4s":{"weight":0.0,"played":[0.9625,0.0375],"evs":[0.0,-1.29583]},"J5s":{"weight":0.0,"played":[0.9261,0.0739],"evs":[0.0,-0.99791]},"J6s":{"weight":0.0,"played":[0.8618,0.1382],"evs":[0.0,-1.16166]},"J7s":{"weight":0.0,"played":[0.9406,0.0594],"evs":[0.0,-0.68995]},"J8s":{"weight":0.0,"played":[0.7542,0.2458],"evs":[0.0,-0.40277]},"J9s":{"weight":0.0,"played":[0.8595,0.1405],"evs":[0.0,-0.52991]},"JTs":{"weight":1.0,"played":[0.1274,0.8726],"evs":[0.0,0.32979]},"JJ":{"weight":0.0,"played":[0.0,1.0],"evs":[0.0,4.55663]},"QJo":{"weight":0.0,"played":[0.9999,1.0E-4],"evs":[0.0,-1.26652]},"KJo":{"weight":0.1378,"played":[0.9612,0.0388],"evs":[0.0,-1.94177]},"AJo":{"weight":0.0,"played":[0.9738,0.0262],"evs":[0.0,-2.20163]},"Q2s":{"weight":0.0,"played":[0.9785,0.0215],"evs":[0.0,-1.75109]},"Q3s":{"weight":0.0,"played":[0.5401,0.4599],"evs":[0.0,-0.81463]},"Q4s":{"weight":0.0,"played":[0.8783,0.1217],"evs":[0.0,-1.93422]},"Q5s":{"weight":0.0,"played":[0.8599,0.1401],"evs":[0.0,-0.72653]},"Q6s":{"weight":0.0,"played":[0.7633,0.2367],"evs":[0.0,-1.61553]},"Q7s":{"weight":0.0,"played":[0.9496,0.0504],"evs":[0.0,-2.17216]},"Q8s":{"weight":0.0,"played":[0.9385,0.0615],"evs":[0.0,-0.33471]},"Q9s":{"weight":0.0,"played":[0.7485,0.2515],"evs":[0.0,-0.34615]},"QTs":{"weight":1.0,"played":[0.0367,0.9633],"evs":[0.0,0.44475]},"QJs":{"weight":1.0,"played":[0.411,0.589],"evs":[0.0,0.50221]},"QQ":{"weight":0.0,"played":[1.0E-4,0.9999],"evs":[0.0,5.90962]},"KQo":{"weight":0.0,"played":[0.9392,0.0608],"evs":[0.0,-1.22358]},"AQo":{"weight":0.0,"played":[0.8972,0.1028],"evs":[0.0,-1.17205]},"K2s":{"weight":0.0,"played":[0.9861,0.0139],"evs":[0.0,-1.81798]},"K3s":{"weight":0.0,"played":[0.7966,0.2034],"evs":[0.0,-0.7708]},"K4s":{"weight":0.0,"played":[0.98,0.02],"evs":[0.0,-1.17174]},"K5s":{"weight":0.0,"played":[0.8511,0.1489],"evs":[0.0,-0.47565]},"K6s":{"weight":0.0,"played":[0.9883,0.0117],"evs":[0.0,-1.02971]},"K7s":{"weight":0.0,"played":[0.4927,0.5073],"evs":[0.0,-0.7088]},"K8s":{"weight":0.0,"played":[0.4725,0.5275],"evs":[0.0,-0.2063]},"K9s":{"weight":6.0E-4,"played":[0.9232,0.0768],"evs":[0.0,-0.79037]},"KTs":{"weight":0.4495,"played":[0.2595,0.7405],"evs":[0.0,0.24831]},"KJs":{"weight":0.0012,"played":[0.082,0.918],"evs":[0.0,-0.35941]},"KQs":{"weight":0.0,"played":[0.3138,0.6862],"evs":[0.0,1.03001]},"KK":{"weight":0.0,"played":[0.0,1.0],"evs":[0.0,9.95705]},"AKo":{"weight":0.0,"played":[0.0122,0.9878],"evs":[0.0,0.39819]},"A2s":{"weight":0.0,"played":[0.9347,0.0653],"evs":[0.0,-1.83552]},"A3s":{"weight":0.0,"played":[0.9252,0.0748],"evs":[0.0,0.08429]},"A4s":{"weight":0.0013,"played":[0.7815,0.2185],"evs":[0.0,-0.0735]},"A5s":{"weight":1.0,"played":[0.7756,0.2244],"evs":[0.0,-0.22469]},"A6s":{"weight":0.0228,"played":[0.9747,0.0253],"evs":[0.0,-2.70955]},"A7s":{"weight":0.672,"played":[0.999,0.001],"evs":[0.0,-1.30699]},"A8s":{"weight":0.0,"played":[0.7807,0.2193],"evs":[0.0,-1.13765]},"A9s":{"weight":0.0,"played":[0.9552,0.0448],"evs":[0.0,-1.44537]},"ATs":{"weight":0.0,"played":[0.9709,0.0291],"evs":[0.0,-1.58208]},"AJs":{"weight":0.0,"played":[0.7403,0.2597],"evs":[0.0,0.32396]},"AQs":{"weight":0.0,"played":[0.021,0.979],"evs":[0.0,1.96718]},"AKs":{"weight":0.0,"played":[0.0437,0.9563],"evs":[0.0,3.06225]},"AA":{"weight":0.0375,"played":[2.0E-4,0.9998],"evs":[0.0,14.86686]}}}