{"player":3,"street":0,"children":2,"sequence":[{"player":0,"type":"R","amount":200000,"street":0},{"player":1,"type":"F","amount":0,"street":0},{"player":2,"type":"F","amount":0,"street":0},{"player":3,"type":"C","amount":200000,"street":0},{"player":4,"type":"F","amount":0,"street":0},{"player":5,"type":"R","amount":895000,"street":0},{"player":0,"type":"F","amount":0,"street":0}],"actions":[{"type":"F","amount":0},{"type":"C","amount":695000}],"hands":{"22":{"weight":0.0132,"played":[0.0,1.0],"evs":[0.0,1.52159]},"32o":{"weight":0.0,"played":[1.0,0.0],"evs":[0.0,-0.55879]},"42o":{"weight":0.0,"played":[1.0,0.0],"evs":[0.0,-0.48298]},"52o":{"weight":0.0,"played":[1.0,0.0],"evs":[0.0,-0.3074]},"62o":{"weight":0.0,"played":[0.9999,1.0E-4],"evs":[0.0,-0.6055]},"72o":{"weight":0.0,"played":[1.0,0.0],"evs":[0.0,-0.7411]},"82o":{"weight":0.0,"played":[1.0,0.0],"evs":[0.0,-0.66276]},"92o":{"weight":0.0,"played":[0.9999,1.0E-4],"evs":[0.0,-0.59508]},"T2o":{"weight":0.0,"played":[0.9999,1.0E-4],"evs":[0.0,-0.54695]},"J2o":{"weight":0.0,"played":[1.0,0.0],"evs":[0.0,-0.44639]},"Q2o":{"weight":0.0,"played":[0.9982,0.0018],"evs":[0.0,-0.23083]},"K2o":{"weight":0.0,"played":[0.0189,0.9811],"evs":[0.0,0.10717]},"A2o":{"weight":0.0,"played":[0.839,0.161],"evs":[0.0,-0.11241]},"32s":{"weight":0.0,"played":[0.0367,0.9633],"evs":[0.0,0.03732]},"33":{"weight":0.5657,"played":[0.0,1.0],"evs":[0.0,1.5782]},"43o":{"weight":0.0,"played":[0.9985,0.0015],"evs":[0.0,-0.16159]},"53o":{"weight":0.0,"played":[0.9996,4.0E-4],"evs":[0.0,-0.09905]},"63o":{"weight":0.0,"played":[0.9998,2.0E-4],"evs":[0.0,-0.31313]},"73o":{"weight":0.0,"played":[1.0,0.0],"evs":[0.0,-0.42663]},"83o":{"weight":0.0,"played":[1.0,0.0],"evs":[0.0,-0.63344]},"93o":{"weight":0.0,"played":[0.9999,1.0E-4],"evs":[0.0,-0.52963]},"T3o":{"weight":0.0,"played":[0.998,0.002],"evs":[0.0,-0.34339]},"J3o":{"weight":0.0,"played":[0.9999,1.0E-4],"evs":[0.0,-0.37156]},"Q3o":{"weight":0.0,"played":[1.0,0.0],"evs":[0.0,-0.27941]},"K3o":{"weight":0.0,"played":[0.0098,0.9902],"evs":[0.0,0.21979]},"A3o":{"weight":0.0,"played":[0.3498,0.6502],"evs":[0.0,0.03012]},"42s":{"weight":0.0,"played":[0.0016,0.9984],"evs":[0.0,0.23807]},"43s":{"weight":0.0,"played":[1.0E-4,0.9999],"evs":[0.0,0.38412]},"44":{"weight":0.9854,"played":[0.0,1.0],"evs":[0.0,1.73771]},"54o":{"weight":0.0,"played":[0.011,0.989],"evs":[0.0,0.18666]},"64o":{"weight":0.0,"played":[0.2344,0.7656],"evs":[0.0,0.03491]},"74o":{"weight":0.0,"played":[0.9974,0.0026],"evs":[0.0,-0.17242]},"84o":{"weight":0.0,"played":[1.0,0.0],"evs":[0.0,-0.38108]},"94o":{"weight":0.0,"played":[1.0,0.0],"evs":[0.0,-0.57254]},"T4o":{"weight":0.0,"played":[0.9972,0.0028],"evs":[0.0,-0.27255]},"J4o":{"weight":0.0,"played":[0.9981,0.0019],"evs":[0.0,-0.28466]},"Q4o":{"weight":0.0,"played":[0.9797,0.0203],"evs":[0.0,-0.11051]},"K4o":{"weight":0.0,"played":[0.0,1.0],"evs":[0.0,0.22627]},"A4o":{"weight":0.0,"played":[0.019,0.981],"evs":[0.0,0.12221]},"52s":{"weight":0.0,"played":[0.0073,0.9927],"evs":[0.0,0.15939]},"53s":{"weight":0.0,"played":[0.0,1.0],"evs":[0.0,0.47982]},"54s":{"weight":0.4965,"played":[0.0,1.0],"evs":[0.0,0.6999]},"55":{"weight":0.1027,"played":[0.0,1.0],"evs":[0.0,1.80616]},"65o":{"weight":0.0,"played":[0.0591,0.9409],"evs":[0.0,0.12892]},"75o":{"weight":0.0,"played":[0.0506,0.9494],"evs":[0.0,0.05268]},"85o":{"weight":0.0,"played":[0.9993,7.0E-4],"evs":[0.0,-0.05211]},"95o":{"weight":0.0,"played":[0.9983,0.0017],"evs":[0.0,-0.33254]},"T5o":{"weight":0.0,"played":[0.9954,0.0046],"evs":[0.0,-0.23226]},"J5o":{"weight":0.0,"played":[0.9997,3.0E-4],"evs":[0.0,-0.22674]},"Q5o":{"weight":0.0,"played":[0.9956,0.0044],"evs":[0.0,-0.04962]},"K5o":{"weight":0.0,"played":[0.0,1.0],"evs":[0.0,0.32539]},"A5o":{"weight":0.0,"played":[0.0057,0.9943],"evs":[0.0,0.1466]},"62s":{"weight":0.0,"played":[0.4732,0.5268],"evs":[0.0,0.08872]},"63s":{"weight":0.0,"played":[0.0012,0.9988],"evs":[0.0,0.40493]},"64s":{"weight":0.0,"played":[6.0E-4,0.9994],"evs":[0.0,0.64936]},"65s":{"weight":1.0,"played":[0.0,1.0],"evs":[0.0,0.76161]},"66":{"weight":1.0E-4,"played":[0.0,1.0],"evs":[0.0,1.96534]},"76o":{"weight":0.0,"played":[0.0,1.0],"evs":[0.0,0.24661]},"86o":{"weight":0.0,"played":[0.0,1.0],"evs":[0.0,0.07533]},"96o":{"weight":0.0,"played":[0.744,0.256],"evs":[0.0,-0.0562]},"T6o":{"weight":0.0,"played":[0.947,0.053],"evs":[0.0,-0.08397]},"J6o":{"weight":0.0,"played":[0.9986,0.0014],"evs":[0.0,-0.25492]},"Q6o":{"weight":0.0,"played":[0.7891,0.2109],"evs":[0.0,-0.03881]},"K6o":{"weight":0.0,"played":[0.0,1.0],"evs":[0.0,0.36827]},"A6o":{"weight":0.0,"played":[0.9475,0.0525],"evs":[0.0,-0.1337]},"72s":{"weight":0.0,"played":[0.948,0.052],"evs":[0.0,-0.13314]},"73s":{"weight":0.0,"played":[0.0401,0.9599],"evs":[0.0,0.1741]},"74s":{"weight":0.0,"played":[0.0011,0.9989],"evs":[0.0,0.46123]},"75s":{"weight":2.0E-4,"played":[0.0,1.0],"evs":[0.0,0.65354]},"76s":{"weight":1.0,"played":[0.0,1.0],"evs":[0.0,0.8458]},"77":{"weight":3.0E-4,"played":[0.0,1.0],"evs":[0.0,2.65041]},"87o":{"weight":0.0,"played":[0.0,1.0],"evs":[0.0,0.34222]},"97o":{"weight":0.0,"played":[0.0,1.0],"evs":[0.0,0.19908]},"T7o":{"weight":0.0,"played":[0.0,1.0],"evs":[0.0,0.14624]},"J7o":{"weight":0.0,"played":[0.8905,0.1095],"evs":[0.0,-0.01313]},"Q7o":{"weight":0.0,"played":[0.436,0.564],"evs":[0.0,0.02962]},"K7o":{"weight":0.0,"played":[0.0,1.0],"evs":[0.0,0.45924]},"A7o":{"weight":0.0,"played":[0.0179,0.9821],"evs":[0.0,0.07906]},"82s":{"weight":0.0,"played":[0.9842,0.0158],"evs":[0.0,0.00896]},"83s":{"weight":0.0,"played":[0.226,0.774],"evs":[0.0,-0.02074]},"84s":{"weight":0.0,"played":[0.0089,0.9911],"evs":[0.0,0.23919]},"85s":{"weight":0.0,"played":[4.0E-4,0.9996],"evs":[0.0,0.47264]},"86s":{"weight":0.0013,"played":[1.0E-4,0.9999],"evs":[0.0,0.71444]},"87s":{"weight":0.948,"played":[0.0,1.0],"evs":[0.0,0.81761]},"88":{"weight":0.2123,"played":[0.0,1.0],"evs":[0.0,3.00077]},"98o":{"weight":0.0,"played":[0.0,1.0],"evs":[0.0,0.28973]},"T8o":{"weight":0.0,"played":[0.0,1.0],"evs":[0.0,0.26166]},"J8o":{"weight":0.0,"played":[0.0,1.0],"evs":[0.0,0.20241]},"Q8o":{"weight":0.0,"played":[5.0E-4,0.9995],"evs":[0.0,0.13194]},"K8o":{"weight":0.0,"played":[1.0E-4,0.9999],"evs":[0.0,0.3504]},"A8o":{"weight":1.0E-4,"played":[0.0327,0.9673],"evs":[0.0,0.21617]},"92s":{"weight":0.0,"played":[0.7733,0.2267],"evs":[0.0,0.01275]},"93s":{"weight":0.0,"played":[0.0253,0.9747],"evs":[0.0,0.13101]},"94s":{"weight":0.0,"played":[0.001,0.999],"evs":[0.0,0.10927]},"95s":{"weight":0.0,"played":[0.0012,0.9988],"evs":[0.0,0.43679]},"96s":{"weight":0.0,"played":[0.0,1.0],"evs":[0.0,0.61201]},"97s":{"weight":0.0,"played":[0.0,1.0],"evs":[0.0,0.8124]},"98s":{"weight":8.0E-4,"played":[0.0,1.0],"evs":[0.0,0.8041]},"99":{"weight":0.053,"played":[0.0,1.0],"evs":[0.0,3.47785]},"T9o":{"weight":0.0,"played":[0.0,1.0],"evs":[0.0,0.63706]},"J9o":{"weight":0.0,"played":[0.0,1.0],"evs":[0.0,0.34995]},"Q9o":{"weight":0.0,"played":[2.0E-4,0.9998],"evs":[0.0,0.22098]},"K9o":{"weight":0.0,"played":[0.0,1.0],"evs":[0.0,0.48944]},"A9o":{"weight":1.0,"played":[0.0,1.0],"evs":[0.0,0.36665]},"T2s":{"weight":0.0,"played":[0.3861,0.6139],"evs":[0.0,-8.0E-5]},"T3s":{"weight":0.0,"played":[0.007,0.993],"evs":[0.0,0.27567]},"T4s":{"weight":0.0,"played":[0.005,0.995],"evs":[0.0,0.34125]},"T5s":{"weight":0.0,"played":[2.0E-4,0.9998],"evs":[0.0,0.22931]},"T6s":{"weight":0.0,"played":[5.0E-4,0.9995],"evs":[0.0,0.44658]},"T7s":{"weight":0.0,"played":[0.0,1.0],"evs":[0.0,0.85466]},"T8s":{"weight":0.9646,"played":[1.0E-4,0.9999],"evs":[0.0,0.81169]},"T9s":{"weight":0.9999,"played":[0.0,1.0],"evs":[0.0,1.10629]},"TT":{"weight":0.0,"played":[0.0,1.0],"evs":[0.0,4.60276]},"JTo":{"weight":0.0,"played":[0.0,1.0],"evs":[0.0,0.67311]},"QTo":{"weight":0.0,"played":[0.0,1.0],"evs":[0.0,0.70245]},"KTo":{"weight":0.0046,"played":[0.0,1.0],"evs":[0.0,0.96946]},"ATo":{"weight":0.4283,"played":[0.0,1.0],"evs":[0.0,1.17926]},"J2s":{"weight":0.0,"played":[0.1223,0.8777],"evs":[0.0,0.14809]},"J3s":{"weight":0.0,"played":[0.0082,0.9918],"evs":[0.0,0.26238]},"J4s":{"weight":0.0,"played":[0.0016,0.9984],"evs":[0.0,0.33919]},"J5s":{"weight":0.0,"played":[6.0E-4,0.9994],"evs":[0.0,0.39281]},"J6s":{"weight":0.0,"played":[1.0E-4,0.9999],"evs":[0.0,0.21556]},"J7s":{"weight":0.0,"played":[0.0,1.0],"evs":[0.0,0.71416]},"J8s":{"weight":0.0,"played":[5.0E-4,0.9995],"evs":[0.0,0.62202]},"J9s":{"weight":0.0044,"played":[0.0,1.0],"evs":[0.0,1.02574]},"JTs":{"weight":1.0,"played":[0.0,1.0],"evs":[0.0,1.41704]},"JJ":{"weight":0.0,"played":[0.0,1.0],"evs":[0.0,5.21237]},"QJo":{"weight":0.9758,"played":[0.0,1.0],"evs":[0.0,0.8689]},"KJo":{"weight":1.0,"played":[0.0,1.0],"evs":[0.0,1.07707]},"AJo":{"weight":5.0E-4,"played":[0.0,1.0],"evs":[0.0,1.91835]},"Q2s":{"weight":0.0,"played":[7.0E-4,0.9993],"evs":[0.0,0.37953]},"Q3s":{"weight":0.0,"played":[0.0142,0.9858],"evs":[0.0,0.34466]},"Q4s":{"weight":0.0,"played":[1.0E-4,0.9999],"evs":[0.0,0.52113]},"Q5s":{"weight":0.0,"played":[0.004,0.996],"evs":[0.0,0.49338]},"Q6s":{"weight":0.0,"played":[0.0,1.0],"evs":[0.0,0.68058]},"Q7s":{"weight":0.0,"played":[1.0E-4,0.9999],"evs":[0.0,0.6206]},"Q8s":{"weight":0.0021,"played":[1.0E-4,0.9999],"evs":[0.0,0.58827]},"Q9s":{"weight":0.9974,"played":[1.0E-4,0.9999],"evs":[0.0,0.94986]},"QTs":{"weight":0.9998,"played":[0.0,1.0],"evs":[0.0,1.17264]},"QJs":{"weight":0.4211,"played":[0.0,1.0],"evs":[0.0,1.52144]},"QQ":{"weight":0.013,"played":[0.0,1.0],"evs":[0.0,6.21665]},"KQo":{"weight":0.4143,"played":[0.0,1.0],"evs":[0.0,1.3524]},"AQo":{"weight":0.0,"played":[0.0,1.0],"evs":[0.0,3.0323]},"K2s":{"weight":0.0,"played":[1.0E-4,0.9999],"evs":[0.0,0.7634]},"K3s":{"weight":0.0,"played":[0.0,1.0],"evs":[0.0,0.81224]},"K4s":{"weight":0.0,"played":[0.0,1.0],"evs":[0.0,0.82113]},"K5s":{"weight":0.0654,"played":[0.0,1.0],"evs":[0.0,0.82926]},"K6s":{"weight":9.0E-4,"played":[0.0,1.0],"evs":[0.0,0.97442]},"K7s":{"weight":0.8484,"played":[0.0,1.0],"evs":[0.0,0.96867]},"K8s":{"weight":0.003,"played":[1.0E-4,0.9999],"evs":[0.0,0.93804]},"K9s":{"weight":0.9999,"played":[0.0,1.0],"evs":[0.0,1.1172]},"KTs":{"weight":0.0088,"played":[0.0,1.0],"evs":[0.0,1.43795]},"KJs":{"weight":0.186,"played":[0.0,1.0],"evs":[0.0,1.58088]},"KQs":{"weight":0.0,"played":[0.0,1.0],"evs":[0.0,1.99319]},"KK":{"weight":1.0,"played":[0.0,1.0],"evs":[0.0,7.25921]},"AKo":{"weight":0.0,"played":[0.0,1.0],"evs":[0.0,4.26884]},"A2s":{"weight":0.738,"played":[0.0,1.0],"evs":[0.0,0.64208]},"A3s":{"weight":0.0108,"played":[1.0E-4,0.9999],"evs":[0.0,0.54298]},"A4s":{"weight":0.0265,"played":[1.0E-4,0.9999],"evs":[0.0,0.64941]},"A5s":{"weight":0.5439,"played":[0.0,1.0],"evs":[0.0,0.76976]},"A6s":{"weight":0.9679,"played":[1.0E-4,0.9999],"evs":[0.0,0.63395]},"A7s":{"weight":0.0383,"played":[0.0,1.0],"evs":[0.0,0.87129]},"A8s":{"weight":0.4203,"played":[0.0,1.0],"evs":[0.0,0.82568]},"A9s":{"weight":0.9986,"played":[1.0E-4,0.9999],"evs":[0.0,1.0306]},"ATs":{"weight":0.9999,"played":[0.0,1.0],"evs":[0.0,1.82209]},"AJs":{"weight":0.9999,"played":[0.0,1.0],"evs":[0.0,2.4356]},"AQs":{"weight":0.1051,"played":[0.0,1.0],"evs":[0.0,3.58875]},"AKs":{"weight":0.0041,"played":[0.0,1.0],"evs":[0.0,4.69591]},"AA":{"weight":1.0,"played":[0.0,1.0],"evs":[0.0,9.04299]}}}