{"player":3,"street":0,"children":3,"sequence":[{"player":0,"type":"R","amount":200000,"street":0},{"player":1,"type":"F","amount":0,"street":0},{"player":2,"type":"F","amount":0,"street":0},{"player":3,"type":"C","amount":200000,"street":0},{"player":4,"type":"F","amount":0,"street":0},{"player":5,"type":"R","amount":895000,"street":0},{"player":0,"type":"C","amount":695000,"street":0}],"actions":[{"type":"F","amount":0},{"type":"C","amount":695000},{"type":"R","amount":1375000,"node":471}],"hands":{"22":{"weight":0.0132,"played":[0.0218,0.0148,0.9635],"evs":[0.0,0.18418,0.29597]},"32o":{"weight":0.0,"played":[0.9999,1.0E-4,0.0],"evs":[0.0,-1.92864,-2.53491]},"42o":{"weight":0.0,"played":[0.9999,0.0,1.0E-4],"evs":[0.0,-1.35951,-1.89455]},"52o":{"weight":0.0,"played":[0.9996,0.0,4.0E-4],"evs":[0.0,-1.48534,-1.96677]},"62o":{"weight":0.0,"played":[0.9999,0.0,0.0],"evs":[0.0,-1.75962,-2.17434]},"72o":{"weight":0.0,"played":[0.9995,0.0,5.0E-4],"evs":[0.0,-1.72918,-2.43605]},"82o":{"weight":0.0,"played":[0.9999,0.0,1.0E-4],"evs":[0.0,-1.79848,-2.33302]},"92o":{"weight":0.0,"played":[1.0,0.0,0.0],"evs":[0.0,-2.58362,-3.17386]},"T2o":{"weight":0.0,"played":[0.9995,1.0E-4,5.0E-4],"evs":[0.0,-2.10505,-2.66335]},"J2o":{"weight":0.0,"played":[1.0,0.0,0.0],"evs":[0.0,-1.50445,-1.8217]},"Q2o":{"weight":0.0,"played":[0.9997,0.0,3.0E-4],"evs":[0.0,-1.8112,-1.93285]},"K2o":{"weight":0.0,"played":[0.9999,0.0,1.0E-4],"evs":[0.0,-1.50853,-1.68201]},"A2o":{"weight":0.0,"played":[0.9671,0.0019,0.031],"evs":[0.0,-1.40312,-1.26409]},"32s":{"weight":0.0,"played":[0.8959,0.0748,0.0293],"evs":[0.0,-0.97344,-1.32394]},"33":{"weight":0.5657,"played":[0.0177,7.0E-4,0.9816],"evs":[0.0,0.41043,0.50312]},"43o":{"weight":0.0,"played":[0.9956,0.0042,2.0E-4],"evs":[0.0,-1.245,-1.77082]},"53o":{"weight":0.0,"played":[0.9979,0.0013,8.0E-4],"evs":[0.0,-1.04669,-1.40163]},"63o":{"weight":0.0,"played":[0.9952,0.0031,0.0017],"evs":[0.0,-1.0495,-1.3987]},"73o":{"weight":0.0,"played":[0.9987,8.0E-4,5.0E-4],"evs":[0.0,-1.7967,-2.32177]},"83o":{"weight":0.0,"played":[0.9999,0.0,0.0],"evs":[0.0,-1.54022,-1.96893]},"93o":{"weight":0.0,"played":[0.9999,1.0E-4,0.0],"evs":[0.0,-2.22581,-2.79626]},"T3o":{"weight":0.0,"played":[0.9998,0.0,1.0E-4],"evs":[0.0,-2.2087,-2.74212]},"J3o":{"weight":0.0,"played":[0.9992,2.0E-4,6.0E-4],"evs":[0.0,-1.67348,-1.91711]},"Q3o":{"weight":0.0,"played":[0.9988,0.0011,1.0E-4],"evs":[0.0,-1.37844,-1.62717]},"K3o":{"weight":0.0,"played":[0.9987,0.0013,0.0],"evs":[0.0,-1.31758,-1.51761]},"A3o":{"weight":0.0,"played":[0.9138,0.0227,0.0635],"evs":[0.0,-1.05346,-0.9536]},"42s":{"weight":0.0,"played":[0.9373,0.0561,0.0066],"evs":[0.0,-0.64295,-1.17512]},"43s":{"weight":0.0,"played":[0.535,0.3748,0.0902],"evs":[0.0,-0.25658,-0.52336]},"44":{"weight":0.9854,"played":[0.0084,0.0013,0.9902],"evs":[0.0,0.89285,1.03467]},"54o":{"weight":0.0,"played":[0.9547,0.0323,0.0131],"evs":[0.0,-0.76258,-0.92956]},"64o":{"weight":0.0,"played":[0.953,0.043,0.004],"evs":[0.0,-0.53832,-1.02966]},"74o":{"weight":0.0,"played":[0.9995,0.0,4.0E-4],"evs":[0.0,-1.29739,-1.65517]},"84o":{"weight":0.0,"played":[0.9992,1.0E-4,7.0E-4],"evs":[0.0,-1.57758,-2.2405]},"94o":{"weight":0.0,"played":[0.9982,6.0E-4,0.0011],"evs":[0.0,-2.0354,-2.65731]},"T4o":{"weight":0.0,"played":[0.9987,0.0,0.0013],"evs":[0.0,-2.15721,-2.68247]},"J4o":{"weight":0.0,"played":[0.9999,0.0,0.0],"evs":[0.0,-2.03025,-2.25151]},"Q4o":{"weight":0.0,"played":[0.9893,0.0052,0.0056],"evs":[0.0,-1.40406,-1.73944]},"K4o":{"weight":0.0,"played":[0.9977,1.0E-4,0.0022],"evs":[0.0,-1.21852,-1.22411]},"A4o":{"weight":0.0,"played":[0.9861,0.0042,0.0097],"evs":[0.0,-1.13946,-1.07259]},"52s":{"weight":0.0,"played":[0.903,0.0835,0.0135],"evs":[0.0,-0.71065,-0.92263]},"53s":{"weight":0.0,"played":[0.009,0.6488,0.3422],"evs":[0.0,0.40162,0.28256]},"54s":{"weight":0.4965,"played":[0.245,0.5371,0.2179],"evs":[0.0,0.25769,0.05215]},"55":{"weight":0.1027,"played":[4.0E-4,0.0015,0.9981],"evs":[0.0,1.37098,1.49157]},"65o":{"weight":0.0,"played":[0.8069,0.1924,8.0E-4],"evs":[0.0,-0.39113,-0.64977]},"75o":{"weight":0.0,"played":[0.9684,0.0296,0.002],"evs":[0.0,-0.96074,-1.26285]},"85o":{"weight":0.0,"played":[0.995,0.005,0.0],"evs":[0.0,-0.75306,-1.14578]},"95o":{"weight":0.0,"played":[0.9974,0.0023,2.0E-4],"evs":[0.0,-1.87494,-2.37589]},"T5o":{"weight":0.0,"played":[0.9998,0.0,2.0E-4],"evs":[0.0,-1.66519,-2.08969]},"J5o":{"weight":0.0,"played":[0.9992,4.0E-4,4.0E-4],"evs":[0.0,-1.45097,-1.67282]},"Q5o":{"weight":0.0,"played":[0.9903,0.0016,0.0081],"evs":[0.0,-1.39694,-1.65904]},"K5o":{"weight":0.0,"played":[0.9998,0.0,2.0E-4],"evs":[0.0,-1.12542,-1.22582]},"A5o":{"weight":0.0,"played":[0.9822,0.0026,0.0152],"evs":[0.0,-0.61509,-0.58952]},"62s":{"weight":0.0,"played":[0.9458,0.0278,0.0264],"evs":[0.0,-0.84222,-1.17266]},"63s":{"weight":0.0,"played":[0.5915,0.3939,0.0147],"evs":[0.0,-0.29129,-0.66151]},"64s":{"weight":0.0,"played":[0.1105,0.8468,0.0427],"evs":[0.0,0.12591,-0.08598]},"65s":{"weight":1.0,"played":[1.0E-4,0.8993,0.1006],"evs":[0.0,0.8393,0.62314]},"66":{"weight":1.0E-4,"played":[0.0,0.1795,0.8205],"evs":[0.0,2.05348,2.15696]},"76o":{"weight":0.0,"played":[0.9666,0.0022,0.0312],"evs":[0.0,-0.3536,-0.46338]},"86o":{"weight":0.0,"played":[0.9999,0.0,1.0E-4],"evs":[0.0,-0.83484,-1.17263]},"96o":{"weight":0.0,"played":[0.9854,0.0128,0.0018],"evs":[0.0,-1.3238,-1.76777]},"T6o":{"weight":0.0,"played":[0.9994,0.0,6.0E-4],"evs":[0.0,-1.14806,-1.52147]},"J6o":{"weight":0.0,"played":[0.9999,0.0,1.0E-4],"evs":[0.0,-1.47879,-1.70683]},"Q6o":{"weight":0.0,"played":[0.9996,1.0E-4,3.0E-4],"evs":[0.0,-1.17553,-1.1902]},"K6o":{"weight":0.0,"played":[0.9859,0.0092,0.0049],"evs":[0.0,-0.88366,-0.87673]},"A6o":{"weight":0.0,"played":[0.9955,0.001,0.0035],"evs":[0.0,-0.91121,-0.82457]},"72s":{"weight":0.0,"played":[0.9897,0.0045,0.0058],"evs":[0.0,-1.04819,-1.51074]},"73s":{"weight":0.0,"played":[0.5888,0.4059,0.0054],"evs":[0.0,-0.21197,-0.52958]},"74s":{"weight":0.0,"played":[0.9355,0.0453,0.0192],"evs":[0.0,-0.67842,-0.90552]},"75s":{"weight":2.0E-4,"played":[0.3947,0.4449,0.1605],"evs":[0.0,-0.26341,-0.60744]},"76s":{"weight":1.0,"played":[0.0355,0.7173,0.2473],"evs":[0.0,0.95037,0.87028]},"77":{"weight":3.0E-4,"played":[0.0,0.0017,0.9983],"evs":[0.0,1.92672,2.04053]},"87o":{"weight":0.0,"played":[0.9808,0.0176,0.0016],"evs":[0.0,-0.26289,-0.45059]},"97o":{"weight":0.0,"played":[0.9986,8.0E-4,6.0E-4],"evs":[0.0,-0.98946,-1.3944]},"T7o":{"weight":0.0,"played":[0.9986,0.001,4.0E-4],"evs":[0.0,-1.33957,-1.73702]},"J7o":{"weight":0.0,"played":[0.9988,9.0E-4,3.0E-4],"evs":[0.0,-1.00309,-1.0748]},"Q7o":{"weight":0.0,"played":[0.9999,1.0E-4,1.0E-4],"evs":[0.0,-1.48362,-1.73791]},"K7o":{"weight":0.0,"played":[0.9999,0.0,0.0],"evs":[0.0,-1.26375,-1.19152]},"A7o":{"weight":0.0,"played":[0.8946,0.0102,0.0952],"evs":[0.0,-0.87526,-0.79438]},"82s":{"weight":0.0,"played":[0.995,0.0039,0.0011],"evs":[0.0,-1.0409,-1.50479]},"83s":{"weight":0.0,"played":[0.8616,0.1199,0.0185],"evs":[0.0,-0.39071,-0.85242]},"84s":{"weight":0.0,"played":[0.8562,0.0345,0.1093],"evs":[0.0,-0.68238,-1.00856]},"85s":{"weight":0.0,"played":[0.689,0.2674,0.0435],"evs":[0.0,-0.40014,-0.61395]},"86s":{"weight":0.0013,"played":[0.1174,0.7919,0.0907],"evs":[0.0,1.01581,0.74454]},"87s":{"weight":0.948,"played":[0.2328,0.3005,0.4667],"evs":[0.0,0.38346,0.43344]},"88":{"weight":0.2123,"played":[0.0,0.0065,0.9935],"evs":[0.0,2.37463,2.48089]},"98o":{"weight":0.0,"played":[0.9979,0.001,0.0011],"evs":[0.0,-1.00426,-1.17756]},"T8o":{"weight":0.0,"played":[0.941,1.0E-4,0.0589],"evs":[0.0,-1.09949,-1.32599]},"J8o":{"weight":0.0,"played":[0.9978,9.0E-4,0.0013],"evs":[0.0,-1.03798,-1.12849]},"Q8o":{"weight":0.0,"played":[0.998,8.0E-4,0.0013],"evs":[0.0,-1.04274,-1.10849]},"K8o":{"weight":0.0,"played":[0.9925,0.0059,0.0016],"evs":[0.0,-1.05747,-1.08222]},"A8o":{"weight":1.0E-4,"played":[0.9031,4.0E-4,0.0965],"evs":[0.0,-0.79325,-0.65851]},"92s":{"weight":0.0,"played":[0.9807,0.0137,0.0056],"evs":[0.0,-0.74574,-1.11907]},"93s":{"weight":0.0,"played":[0.9172,0.0593,0.0235],"evs":[0.0,-0.46914,-0.98716]},"94s":{"weight":0.0,"played":[0.9661,0.0268,0.0071],"evs":[0.0,-1.49695,-1.88695]},"95s":{"weight":0.0,"played":[0.7952,0.1652,0.0396],"evs":[0.0,-0.57482,-0.98072]},"96s":{"weight":0.0,"played":[0.6184,0.1477,0.2339],"evs":[0.0,-0.62439,-0.78733]},"97s":{"weight":0.0,"played":[0.2857,0.631,0.0833],"evs":[0.0,-0.16701,-0.22202]},"98s":{"weight":8.0E-4,"played":[0.1019,0.5459,0.3521],"evs":[0.0,0.88512,0.70356]},"99":{"weight":0.053,"played":[0.0,0.0839,0.9161],"evs":[0.0,2.77397,2.8046]},"T9o":{"weight":0.0,"played":[0.9626,0.0225,0.0149],"evs":[0.0,-0.75048,-1.1077]},"J9o":{"weight":0.0,"played":[0.9204,0.0279,0.0517],"evs":[0.0,-0.60413,-0.70068]},"Q9o":{"weight":0.0,"played":[0.9829,0.0047,0.0124],"evs":[0.0,-0.69193,-0.83656]},"K9o":{"weight":0.0,"played":[0.9989,0.0,0.0011],"evs":[0.0,-0.3647,-0.3368]},"A9o":{"weight":1.0,"played":[0.114,0.0,0.886],"evs":[0.0,-0.12173,0.01618]},"T2s":{"weight":0.0,"played":[0.9636,0.0248,0.0116],"evs":[0.0,-1.51142,-1.65782]},"T3s":{"weight":0.0,"played":[0.8995,0.065,0.0355],"evs":[0.0,-1.19298,-1.57461]},"T4s":{"weight":0.0,"played":[0.9996,4.0E-4,1.0E-4],"evs":[0.0,-0.78498,-1.12161]},"T5s":{"weight":0.0,"played":[0.6705,0.2723,0.0572],"evs":[0.0,-0.88992,-1.35]},"T6s":{"weight":0.0,"played":[0.4792,0.4745,0.0463],"evs":[0.0,0.35328,0.05992]},"T7s":{"weight":0.0,"played":[0.6866,0.2256,0.0877],"evs":[0.0,0.17743,0.09645]},"T8s":{"weight":0.9646,"played":[0.451,0.3403,0.2087],"evs":[0.0,0.17439,0.03832]},"T9s":{"weight":0.9999,"played":[0.0104,0.8953,0.0943],"evs":[0.0,0.42884,0.37434]},"TT":{"weight":0.0,"played":[0.0,9.0E-4,0.999],"evs":[0.0,3.73005,3.89641]},"JTo":{"weight":0.0,"played":[0.9282,0.0569,0.0149],"evs":[0.0,-0.88615,-0.98301]},"QTo":{"weight":0.0,"played":[0.4734,0.1824,0.3442],"evs":[0.0,-0.17318,-0.27669]},"KTo":{"weight":0.0046,"played":[0.6907,0.0039,0.3054],"evs":[0.0,-0.40558,-0.28417]},"ATo":{"weight":0.4283,"played":[0.0,0.0,1.0],"evs":[0.0,0.91658,1.07122]},"J2s":{"weight":0.0,"played":[0.6317,0.35,0.0184],"evs":[0.0,-0.21858,-0.44522]},"J3s":{"weight":0.0,"played":[0.6675,0.2616,0.0708],"evs":[0.0,-0.89503,-0.96368]},"J4s":{"weight":0.0,"played":[0.4897,0.2967,0.2136],"evs":[0.0,-0.56103,-0.8469]},"J5s":{"weight":0.0,"played":[0.9924,0.0013,0.0063],"evs":[0.0,-1.39268,-1.68577]},"J6s":{"weight":0.0,"played":[0.9472,0.0307,0.0221],"evs":[0.0,-1.01228,-0.93327]},"J7s":{"weight":0.0,"played":[0.0341,0.803,0.1629],"evs":[0.0,0.00957,-0.07366]},"J8s":{"weight":0.0,"played":[0.1861,0.0462,0.7677],"evs":[0.0,0.0952,0.23983]},"J9s":{"weight":0.0044,"played":[7.0E-4,0.4347,0.5647],"evs":[0.0,0.84018,0.94381]},"JTs":{"weight":1.0,"played":[0.0,0.0362,0.9638],"evs":[0.0,0.34222,0.48945]},"JJ":{"weight":0.0,"played":[0.0,0.0152,0.9848],"evs":[0.0,4.8717,4.99736]},"QJo":{"weight":0.9758,"played":[0.0353,0.1797,0.785],"evs":[0.0,0.15463,0.21476]},"KJo":{"weight":1.0,"played":[0.0,1.0E-4,0.9999],"evs":[0.0,0.27247,0.3868]},"AJo":{"weight":5.0E-4,"played":[0.0,0.0043,0.9957],"evs":[0.0,1.80181,1.92052]},"Q2s":{"weight":0.0,"played":[0.9476,0.0145,0.0379],"evs":[0.0,-1.04169,-1.39301]},"Q3s":{"weight":0.0,"played":[0.5233,0.2587,0.218],"evs":[0.0,-0.27688,-0.44406]},"Q4s":{"weight":0.0,"played":[0.4567,0.445,0.0983],"evs":[0.0,-0.29444,-0.56836]},"Q5s":{"weight":0.0,"played":[0.4295,0.3999,0.1706],"evs":[0.0,-0.00844,-0.29096]},"Q6s":{"weight":0.0,"played":[0.427,0.4733,0.0997],"evs":[0.0,-0.08561,-0.34515]},"Q7s":{"weight":0.0,"played":[0.8203,0.1309,0.0488],"evs":[0.0,-0.67009,-0.62943]},"Q8s":{"weight":0.0021,"played":[0.0066,0.6551,0.3382],"evs":[0.0,0.26938,0.13755]},"Q9s":{"weight":0.9974,"played":[0.0545,0.6315,0.314],"evs":[0.0,0.52811,0.3919]},"QTs":{"weight":0.9998,"played":[0.0,1.0E-4,0.9999],"evs":[0.0,0.17283,0.30556]},"QJs":{"weight":0.4211,"played":[0.0015,0.0928,0.9057],"evs":[0.0,0.68539,0.88549]},"QQ":{"weight":0.013,"played":[0.0,0.0027,0.9973],"evs":[0.0,5.42974,5.61812]},"KQo":{"weight":0.4143,"played":[0.0,1.0E-4,0.9999],"evs":[0.0,0.27511,0.38694]},"AQo":{"weight":0.0,"played":[0.0,0.0,1.0],"evs":[0.0,2.66162,2.74853]},"K2s":{"weight":0.0,"played":[0.6226,0.1902,0.1871],"evs":[0.0,-0.14145,-0.12006]},"K3s":{"weight":0.0,"played":[0.02,0.7117,0.2683],"evs":[0.0,0.53251,0.53671]},"K4s":{"weight":0.0,"played":[0.1905,0.2357,0.5738],"evs":[0.0,-0.20976,-0.17057]},"K5s":{"weight":0.0654,"played":[0.0066,0.025,0.9684],"evs":[0.0,0.2282,0.37586]},"K6s":{"weight":9.0E-4,"played":[0.9226,0.0169,0.0605],"evs":[0.0,-0.10158,-0.06497]},"K7s":{"weight":0.8484,"played":[0.0458,0.3647,0.5895],"evs":[0.0,0.33481,0.29522]},"K8s":{"weight":0.003,"played":[0.1949,0.5339,0.2713],"evs":[0.0,-0.09947,-0.15999]},"K9s":{"weight":0.9999,"played":[0.136,0.3388,0.5252],"evs":[0.0,0.71579,0.75064]},"KTs":{"weight":0.0088,"played":[0.0605,0.0775,0.862],"evs":[0.0,0.77515,0.92177]},"KJs":{"weight":0.186,"played":[1.0E-4,0.1961,0.8037],"evs":[0.0,1.07048,1.17187]},"KQs":{"weight":0.0,"played":[1.0E-4,0.0031,0.9968],"evs":[0.0,1.2032,1.30787]},"KK":{"weight":1.0,"played":[0.0,1.0E-4,0.9999],"evs":[0.0,9.25945,9.45272]},"AKo":{"weight":0.0,"played":[0.0,0.0,1.0],"evs":[0.0,4.14259,4.30102]},"A2s":{"weight":0.738,"played":[0.6359,0.067,0.297],"evs":[0.0,-0.19576,-0.19193]},"A3s":{"weight":0.0108,"played":[0.076,3.0E-4,0.9238],"evs":[0.0,1.14196,1.41732]},"A4s":{"weight":0.0265,"played":[2.0E-4,0.0,0.9998],"evs":[0.0,0.22107,0.40511]},"A5s":{"weight":0.5439,"played":[0.0243,0.3954,0.5803],"evs":[0.0,1.01015,1.03854]},"A6s":{"weight":0.9679,"played":[3.0E-4,0.1173,0.8825],"evs":[0.0,1.2237,1.29416]},"A7s":{"weight":0.0383,"played":[0.0649,0.1595,0.7756],"evs":[0.0,0.2982,0.43262]},"A8s":{"weight":0.4203,"played":[7.0E-4,0.0242,0.9751],"evs":[0.0,0.55908,0.70725]},"A9s":{"weight":0.9986,"played":[3.0E-4,6.0E-4,0.9991],"evs":[0.0,0.86337,0.97805]},"ATs":{"weight":0.9999,"played":[0.0,4.0E-4,0.9996],"evs":[0.0,1.55484,1.68069]},"AJs":{"weight":0.9999,"played":[0.0,8.0E-4,0.9992],"evs":[0.0,2.80244,2.93608]},"AQs":{"weight":0.1051,"played":[0.0,0.002,0.998],"evs":[0.0,3.28944,3.4595]},"AKs":{"weight":0.0041,"played":[0.0,0.0026,0.9973],"evs":[0.0,5.05096,5.14996]},"AA":{"weight":1.0,"played":[0.0,2.0E-4,0.9998],"evs":[0.0,14.18632,14.37076]}}}