{"player":0,"street":0,"children":2,"sequence":[{"player":0,"type":"R","amount":200000,"street":0},{"player":1,"type":"F","amount":0,"street":0},{"player":2,"type":"F","amount":0,"street":0},{"player":3,"type":"C","amount":200000,"street":0},{"player":4,"type":"F","amount":0,"street":0},{"player":5,"type":"R","amount":895000,"street":0},{"player":0,"type":"C","amount":695000,"street":0},{"player":3,"type":"R","amount":1375000,"street":0}],"actions":[{"type":"F","amount":0},{"type":"C","amount":480000}],"hands":{"22":{"weight":0.0,"played":[0.0,1.0],"evs":[0.0,4.90001]},"32o":{"weight":0.0,"played":[0.0,1.0],"evs":[0.0,2.38133]},"42o":{"weight":0.0,"played":[0.0,1.0],"evs":[0.0,2.60726]},"52o":{"weight":0.0,"played":[0.0,1.0],"evs":[0.0,2.76188]},"62o":{"weight":0.0,"played":[0.0,1.0],"evs":[0.0,2.3637]},"72o":{"weight":0.0,"played":[0.0,1.0],"evs":[0.0,2.18225]},"82o":{"weight":0.0,"played":[0.0,1.0],"evs":[0.0,2.21773]},"92o":{"weight":0.0,"played":[0.0,1.0],"evs":[0.0,2.07734]},"T2o":{"weight":0.0,"played":[0.0,1.0],"evs":[0.0,2.16647]},"J2o":{"weight":0.0,"played":[0.0,1.0],"evs":[0.0,2.18551]},"Q2o":{"weight":0.0,"played":[0.0,1.0],"evs":[0.0,2.57199]},"K2o":{"weight":0.0,"played":[0.0,1.0],"evs":[0.0,3.11701]},"A2o":{"weight":0.0,"played":[0.0,1.0],"evs":[0.0,3.5156]},"32s":{"weight":0.0,"played":[0.0,1.0],"evs":[0.0,3.46596]},"33":{"weight":0.0,"played":[0.0,1.0],"evs":[0.0,5.18015]},"43o":{"weight":0.0,"played":[0.0,1.0],"evs":[0.0,3.04866]},"53o":{"weight":0.0,"played":[0.0,1.0],"evs":[0.0,3.17867]},"63o":{"weight":0.0,"played":[0.0,1.0],"evs":[0.0,2.90839]},"73o":{"weight":0.0,"played":[0.0,1.0],"evs":[0.0,2.59259]},"83o":{"weight":0.0,"played":[0.0,1.0],"evs":[0.0,2.17538]},"93o":{"weight":0.0,"played":[0.0,1.0],"evs":[0.0,2.18271]},"T3o":{"weight":0.0,"played":[0.0,1.0],"evs":[0.0,2.32821]},"J3o":{"weight":0.0,"played":[0.0,1.0],"evs":[0.0,2.27346]},"Q3o":{"weight":0.0,"played":[0.0,1.0],"evs":[0.0,2.70939]},"K3o":{"weight":0.0,"played":[0.0,1.0],"evs":[0.0,3.25936]},"A3o":{"weight":0.0,"played":[0.0,1.0],"evs":[0.0,3.71166]},"42s":{"weight":0.0,"played":[0.0,1.0],"evs":[0.0,3.74578]},"43s":{"weight":0.0,"played":[0.0,1.0],"evs":[0.0,4.07893]},"44":{"weight":2.0E-4,"played":[0.0,1.0],"evs":[0.0,5.87486]},"54o":{"weight":0.0,"played":[0.0,1.0],"evs":[0.0,3.70717]},"64o":{"weight":0.0,"played":[0.0,1.0],"evs":[0.0,3.35858]},"74o":{"weight":0.0,"played":[0.0,1.0],"evs":[0.0,2.98869]},"84o":{"weight":0.0,"played":[0.0,1.0],"evs":[0.0,2.86829]},"94o":{"weight":0.0,"played":[0.0,1.0],"evs":[0.0,2.33465]},"T4o":{"weight":0.0,"played":[0.0,1.0],"evs":[0.0,2.43755]},"J4o":{"weight":0.0,"played":[0.0,1.0],"evs":[0.0,2.41617]},"Q4o":{"weight":0.0,"played":[0.0,1.0],"evs":[0.0,2.75974]},"K4o":{"weight":0.0,"played":[0.0,1.0],"evs":[0.0,3.39949]},"A4o":{"weight":0.0,"played":[0.0,1.0],"evs":[0.0,3.84948]},"52s":{"weight":0.0,"played":[0.0,1.0],"evs":[0.0,3.74715]},"53s":{"weight":0.0,"played":[0.0,1.0],"evs":[0.0,4.13598]},"54s":{"weight":0.0,"played":[0.0,1.0],"evs":[0.0,4.52212]},"55":{"weight":0.0043,"played":[0.0,1.0],"evs":[0.0,6.1596]},"65o":{"weight":0.0,"played":[0.0,1.0],"evs":[0.0,3.81569]},"75o":{"weight":0.0,"played":[0.0,1.0],"evs":[0.0,3.53299]},"85o":{"weight":0.0,"played":[0.0,1.0],"evs":[0.0,3.26702]},"95o":{"weight":0.0,"played":[0.0,1.0],"evs":[0.0,2.84235]},"T5o":{"weight":0.0,"played":[0.0,1.0],"evs":[0.0,2.71443]},"J5o":{"weight":0.0,"played":[0.0,1.0],"evs":[0.0,2.64672]},"Q5o":{"weight":0.0,"played":[0.0,1.0],"evs":[0.0,3.02347]},"K5o":{"weight":0.0,"played":[0.0,1.0],"evs":[0.0,3.55386]},"A5o":{"weight":0.0,"played":[0.0,1.0],"evs":[0.0,4.14144]},"62s":{"weight":0.0,"played":[0.0,1.0],"evs":[0.0,3.3574]},"63s":{"weight":0.0,"played":[0.0,1.0],"evs":[0.0,3.74995]},"64s":{"weight":0.0,"played":[0.0,1.0],"evs":[0.0,4.47096]},"65s":{"weight":0.0,"played":[0.0,1.0],"evs":[0.0,4.87322]},"66":{"weight":0.0011,"played":[0.0,1.0],"evs":[0.0,6.33084]},"76o":{"weight":0.0,"played":[0.0,1.0],"evs":[0.0,3.784]},"86o":{"weight":0.0,"played":[0.0,1.0],"evs":[0.0,3.52766]},"96o":{"weight":0.0,"played":[0.0,1.0],"evs":[0.0,3.15803]},"T6o":{"weight":0.0,"played":[0.0,1.0],"evs":[0.0,2.87313]},"J6o":{"weight":0.0,"played":[0.0,1.0],"evs":[0.0,2.55118]},"Q6o":{"weight":0.0,"played":[0.0,1.0],"evs":[0.0,3.06017]},"K6o":{"weight":0.0,"played":[0.0,1.0],"evs":[0.0,3.62562]},"A6o":{"weight":0.0,"played":[0.0,1.0],"evs":[0.0,3.75078]},"72s":{"weight":0.0,"played":[0.0,1.0],"evs":[0.0,3.22149]},"73s":{"weight":0.0,"played":[0.0,1.0],"evs":[0.0,3.77467]},"74s":{"weight":0.0,"played":[0.0,1.0],"evs":[0.0,4.26207]},"75s":{"weight":0.0,"played":[0.0,1.0],"evs":[0.0,4.63547]},"76s":{"weight":0.0,"played":[0.0,1.0],"evs":[0.0,4.79854]},"77":{"weight":0.0,"played":[0.0,1.0],"evs":[0.0,6.79381]},"87o":{"weight":0.0,"played":[0.0,1.0],"evs":[0.0,3.88988]},"97o":{"weight":0.0,"played":[0.0,1.0],"evs":[0.0,3.44981]},"T7o":{"weight":0.0,"played":[0.0,1.0],"evs":[0.0,3.22915]},"J7o":{"weight":0.0,"played":[0.0,1.0],"evs":[0.0,2.85231]},"Q7o":{"weight":0.0,"played":[0.0,1.0],"evs":[0.0,3.07826]},"K7o":{"weight":0.0,"played":[0.0,1.0],"evs":[0.0,3.70737]},"A7o":{"weight":0.0,"played":[0.0,1.0],"evs":[0.0,3.96244]},"82s":{"weight":0.0,"played":[0.0,1.0],"evs":[0.0,3.351]},"83s":{"weight":0.0,"played":[0.0,1.0],"evs":[0.0,3.44274]},"84s":{"weight":0.0,"played":[0.0,1.0],"evs":[0.0,4.00521]},"85s":{"weight":0.0,"played":[0.0,1.0],"evs":[0.0,4.14568]},"86s":{"weight":0.0,"played":[0.0,1.0],"evs":[0.0,4.60367]},"87s":{"weight":0.0,"played":[0.0,1.0],"evs":[0.0,4.92272]},"88":{"weight":3.0E-4,"played":[0.0,1.0],"evs":[0.0,7.25199]},"98o":{"weight":0.0,"played":[0.0,1.0],"evs":[0.0,3.90774]},"T8o":{"weight":0.0,"played":[0.0,1.0],"evs":[0.0,3.67485]},"J8o":{"weight":0.0,"played":[0.0,1.0],"evs":[0.0,3.31634]},"Q8o":{"weight":0.0,"played":[0.0,1.0],"evs":[0.0,3.41011]},"K8o":{"weight":0.0,"played":[0.0,1.0],"evs":[0.0,3.72313]},"A8o":{"weight":0.0,"played":[0.0,1.0],"evs":[0.0,4.12438]},"92s":{"weight":0.0,"played":[0.0,1.0],"evs":[0.0,3.1766]},"93s":{"weight":0.0,"played":[0.0,1.0],"evs":[0.0,3.36306]},"94s":{"weight":0.0,"played":[0.0,1.0],"evs":[0.0,3.38909]},"95s":{"weight":0.0,"played":[0.0,1.0],"evs":[0.0,3.8376]},"96s":{"weight":0.0,"played":[0.0,1.0],"evs":[0.0,4.17624]},"97s":{"weight":0.0,"played":[0.0,1.0],"evs":[0.0,4.51211]},"98s":{"weight":0.0,"played":[0.0,1.0],"evs":[0.0,4.85302]},"99":{"weight":2.0E-4,"played":[0.0,1.0],"evs":[0.0,7.91892]},"T9o":{"weight":0.0,"played":[0.0,1.0],"evs":[0.0,3.70593]},"J9o":{"weight":0.0,"played":[0.0,1.0],"evs":[0.0,3.36685]},"Q9o":{"weight":0.0,"played":[0.0,1.0],"evs":[0.0,3.41339]},"K9o":{"weight":0.0,"played":[0.0,1.0],"evs":[0.0,3.85752]},"A9o":{"weight":6.0E-4,"played":[0.0,1.0],"evs":[0.0,4.47965]},"T2s":{"weight":0.0,"played":[0.0,1.0],"evs":[0.0,3.24326]},"T3s":{"weight":0.0,"played":[0.0,1.0],"evs":[0.0,3.36085]},"T4s":{"weight":0.0,"played":[0.0,1.0],"evs":[0.0,3.77476]},"T5s":{"weight":0.0,"played":[0.0,1.0],"evs":[0.0,3.59349]},"T6s":{"weight":0.0,"played":[0.0,1.0],"evs":[0.0,3.81324]},"T7s":{"weight":0.0,"played":[0.0,1.0],"evs":[0.0,4.38399]},"T8s":{"weight":0.0,"played":[0.0,1.0],"evs":[0.0,4.7588]},"T9s":{"weight":0.0109,"played":[0.0,1.0],"evs":[0.0,4.81563]},"TT":{"weight":9.0E-4,"played":[0.0,1.0],"evs":[0.0,8.82869]},"JTo":{"weight":0.0,"played":[0.0,1.0],"evs":[0.0,3.91415]},"QTo":{"weight":0.0,"played":[0.0,1.0],"evs":[0.0,4.11682]},"KTo":{"weight":0.0,"played":[0.0,1.0],"evs":[0.0,4.46915]},"ATo":{"weight":0.0,"played":[0.0,1.0],"evs":[0.0,5.60078]},"J2s":{"weight":0.0,"played":[0.0,1.0],"evs":[0.0,3.14472]},"J3s":{"weight":0.0,"played":[0.0,1.0],"evs":[0.0,3.2541]},"J4s":{"weight":0.0,"played":[0.0,1.0],"evs":[0.0,3.45981]},"J5s":{"weight":0.0,"played":[0.0,1.0],"evs":[0.0,3.61049]},"J6s":{"weight":0.0,"played":[0.0,1.0],"evs":[0.0,3.64627]},"J7s":{"weight":0.0,"played":[0.0,1.0],"evs":[0.0,4.07804]},"J8s":{"weight":0.0,"played":[0.0,1.0],"evs":[0.0,4.39783]},"J9s":{"weight":7.0E-4,"played":[0.0,1.0],"evs":[0.0,4.41802]},"JTs":{"weight":3.0E-4,"played":[0.0,1.0],"evs":[0.0,4.77633]},"JJ":{"weight":0.0,"played":[0.0,1.0],"evs":[0.0,10.24835]},"QJo":{"weight":0.0,"played":[0.0,1.0],"evs":[0.0,4.33504]},"KJo":{"weight":9.0E-4,"played":[0.0,1.0],"evs":[0.0,5.07104]},"AJo":{"weight":0.0,"played":[0.0,1.0],"evs":[0.0,6.95583]},"Q2s":{"weight":0.0,"played":[0.0,1.0],"evs":[0.0,3.64458]},"Q3s":{"weight":0.0,"played":[0.0,1.0],"evs":[0.0,3.55956]},"Q4s":{"weight":0.0,"played":[0.0,1.0],"evs":[0.0,3.95272]},"Q5s":{"weight":0.0,"played":[0.0,1.0],"evs":[0.0,3.94597]},"Q6s":{"weight":0.0,"played":[0.0,1.0],"evs":[0.0,4.05192]},"Q7s":{"weight":0.0,"played":[0.0,1.0],"evs":[0.0,4.18455]},"Q8s":{"weight":0.0,"played":[0.0,1.0],"evs":[0.0,4.37523]},"Q9s":{"weight":0.0018,"played":[0.0,1.0],"evs":[0.0,4.58252]},"QTs":{"weight":5.0E-4,"played":[0.0,1.0],"evs":[0.0,4.99998]},"QJs":{"weight":3.0E-4,"played":[0.0,1.0],"evs":[0.0,5.15574]},"QQ":{"weight":7.0E-4,"played":[0.0,1.0],"evs":[0.0,11.6066]},"KQo":{"weight":0.0,"played":[0.0,1.0],"evs":[0.0,5.83966]},"AQo":{"weight":0.0,"played":[0.0,1.0],"evs":[0.0,7.99516]},"K2s":{"weight":0.0,"played":[0.0,1.0],"evs":[0.0,4.29467]},"K3s":{"weight":0.0,"played":[0.0,1.0],"evs":[0.0,4.36946]},"K4s":{"weight":0.0,"played":[0.0,1.0],"evs":[0.0,4.47141]},"K5s":{"weight":0.0,"played":[0.0,1.0],"evs":[0.0,4.80126]},"K6s":{"weight":0.0,"played":[0.0,1.0],"evs":[0.0,4.65601]},"K7s":{"weight":0.0,"played":[0.0,1.0],"evs":[0.0,4.7449]},"K8s":{"weight":0.0,"played":[0.0,1.0],"evs":[0.0,4.9013]},"K9s":{"weight":0.0054,"played":[0.0,1.0],"evs":[0.0,4.85768]},"KTs":{"weight":3.0E-4,"played":[0.0,1.0],"evs":[0.0,5.42584]},"KJs":{"weight":3.0E-4,"played":[0.0,1.0],"evs":[0.0,5.95828]},"KQs":{"weight":5.0E-4,"played":[0.0,1.0],"evs":[0.0,6.62488]},"KK":{"weight":0.0136,"played":[0.0,1.0],"evs":[0.0,13.98837]},"AKo":{"weight":0.0077,"played":[0.0,1.0],"evs":[0.0,9.14894]},"A2s":{"weight":0.0055,"played":[0.0,1.0],"evs":[0.0,4.63591]},"A3s":{"weight":0.0029,"played":[0.0,1.0],"evs":[0.0,4.77556]},"A4s":{"weight":0.0047,"played":[0.0,1.0],"evs":[0.0,5.04682]},"A5s":{"weight":0.0,"played":[0.0,1.0],"evs":[0.0,5.00097]},"A6s":{"weight":8.0E-4,"played":[0.0,1.0],"evs":[0.0,4.92446]},"A7s":{"weight":6.0E-4,"played":[0.0,1.0],"evs":[0.0,5.0193]},"A8s":{"weight":2.0E-4,"played":[0.0,1.0],"evs":[0.0,5.3879]},"A9s":{"weight":1.0E-4,"played":[0.0,1.0],"evs":[0.0,5.67788]},"ATs":{"weight":0.0119,"played":[0.0,1.0],"evs":[0.0,6.52895]},"AJs":{"weight":3.0E-4,"played":[0.0,1.0],"evs":[0.0,7.9348]},"AQs":{"weight":0.0044,"played":[0.0,1.0],"evs":[0.0,8.78398]},"AKs":{"weight":0.0012,"played":[0.0,1.0],"evs":[0.0,9.89854]},"AA":{"weight":0.0065,"played":[0.0,1.0],"evs":[0.0,17.90342]}}}