{"player":3,"street":0,"children":2,"sequence":[{"player":0,"type":"R","amount":200000,"street":0},{"player":1,"type":"F","amount":0,"street":0},{"player":2,"type":"F","amount":0,"street":0},{"player":3,"type":"C","amount":200000,"street":0},{"player":4,"type":"F","amount":0,"street":0},{"player":5,"type":"R","amount":895000,"street":0},{"player":0,"type":"R","amount":1375000,"street":0}],"actions":[{"type":"F","amount":0},{"type":"C","amount":1175000}],"hands":{"22":{"weight":0.0132,"played":[1.0E-4,0.9999],"evs":[0.0,0.65147]},"32o":{"weight":0.0,"played":[1.0,0.0],"evs":[0.0,-1.98682]},"42o":{"weight":0.0,"played":[1.0,0.0],"evs":[0.0,-1.90595]},"52o":{"weight":0.0,"played":[1.0,0.0],"evs":[0.0,-1.72392]},"62o":{"weight":0.0,"played":[1.0,0.0],"evs":[0.0,-2.0846]},"72o":{"weight":0.0,"played":[1.0,0.0],"evs":[0.0,-2.45191]},"82o":{"weight":0.0,"played":[1.0,0.0],"evs":[0.0,-2.26335]},"92o":{"weight":0.0,"played":[1.0,0.0],"evs":[0.0,-2.35475]},"T2o":{"weight":0.0,"played":[1.0,0.0],"evs":[0.0,-2.30727]},"J2o":{"weight":0.0,"played":[1.0,0.0],"evs":[0.0,-2.18955]},"Q2o":{"weight":0.0,"played":[1.0,0.0],"evs":[0.0,-1.72793]},"K2o":{"weight":0.0,"played":[1.0,0.0],"evs":[0.0,-1.51887]},"A2o":{"weight":0.0,"played":[1.0,0.0],"evs":[0.0,-0.85818]},"32s":{"weight":0.0,"played":[1.0,0.0],"evs":[0.0,-0.97343]},"33":{"weight":0.5657,"played":[0.0,1.0],"evs":[0.0,0.87121]},"43o":{"weight":0.0,"played":[1.0,0.0],"evs":[0.0,-1.45496]},"53o":{"weight":0.0,"played":[1.0,0.0],"evs":[0.0,-1.2657]},"63o":{"weight":0.0,"played":[1.0,0.0],"evs":[0.0,-1.64015]},"73o":{"weight":0.0,"played":[1.0,0.0],"evs":[0.0,-2.05185]},"83o":{"weight":0.0,"played":[1.0,0.0],"evs":[0.0,-2.2582]},"93o":{"weight":0.0,"played":[1.0,0.0],"evs":[0.0,-2.28969]},"T3o":{"weight":0.0,"played":[1.0,0.0],"evs":[0.0,-2.15594]},"J3o":{"weight":0.0,"played":[1.0,0.0],"evs":[0.0,-2.02903]},"Q3o":{"weight":0.0,"played":[1.0,0.0],"evs":[0.0,-1.67234]},"K3o":{"weight":0.0,"played":[1.0,0.0],"evs":[0.0,-1.43715]},"A3o":{"weight":0.0,"played":[0.9998,2.0E-4],"evs":[0.0,-0.73758]},"42s":{"weight":0.0,"played":[0.9999,1.0E-4],"evs":[0.0,-0.69083]},"43s":{"weight":0.0,"played":[0.9999,1.0E-4],"evs":[0.0,-0.46187]},"44":{"weight":0.9854,"played":[0.0,1.0],"evs":[0.0,1.11161]},"54o":{"weight":0.0,"played":[1.0,0.0],"evs":[0.0,-0.81522]},"64o":{"weight":0.0,"played":[1.0,0.0],"evs":[0.0,-1.21271]},"74o":{"weight":0.0,"played":[1.0,0.0],"evs":[0.0,-1.5828]},"84o":{"weight":0.0,"played":[1.0,0.0],"evs":[0.0,-1.82007]},"94o":{"weight":0.0,"played":[1.0,0.0],"evs":[0.0,-2.28345]},"T4o":{"weight":0.0,"played":[1.0,0.0],"evs":[0.0,-2.02861]},"J4o":{"weight":0.0,"played":[1.0,0.0],"evs":[0.0,-1.92237]},"Q4o":{"weight":0.0,"played":[1.0,0.0],"evs":[0.0,-1.48881]},"K4o":{"weight":0.0,"played":[1.0,0.0],"evs":[0.0,-1.29881]},"A4o":{"weight":0.0,"played":[0.9996,4.0E-4],"evs":[0.0,-0.53939]},"52s":{"weight":0.0,"played":[1.0,0.0],"evs":[0.0,-0.7225]},"53s":{"weight":0.0,"played":[0.9513,0.0487],"evs":[0.0,-0.15112]},"54s":{"weight":0.4965,"played":[0.0093,0.9907],"evs":[0.0,0.17253]},"55":{"weight":0.1027,"played":[0.0,1.0],"evs":[0.0,1.44746]},"65o":{"weight":0.0,"played":[1.0,0.0],"evs":[0.0,-0.7665]},"75o":{"weight":0.0,"played":[1.0,0.0],"evs":[0.0,-1.02441]},"85o":{"weight":0.0,"played":[1.0,0.0],"evs":[0.0,-1.31679]},"95o":{"weight":0.0,"played":[1.0,0.0],"evs":[0.0,-1.68287]},"T5o":{"weight":0.0,"played":[1.0,0.0],"evs":[0.0,-1.97702]},"J5o":{"weight":0.0,"played":[1.0,0.0],"evs":[0.0,-1.74902]},"Q5o":{"weight":0.0,"played":[1.0,0.0],"evs":[0.0,-1.30014]},"K5o":{"weight":0.0,"played":[1.0,0.0],"evs":[0.0,-1.1741]},"A5o":{"weight":0.0,"played":[1.0,0.0],"evs":[0.0,-0.41372]},"62s":{"weight":0.0,"played":[1.0,0.0],"evs":[0.0,-1.01995]},"63s":{"weight":0.0,"played":[1.0,0.0],"evs":[0.0,-0.61356]},"64s":{"weight":0.0,"played":[0.9996,4.0E-4],"evs":[0.0,-0.12213]},"65s":{"weight":1.0,"played":[0.0,1.0],"evs":[0.0,0.39707]},"66":{"weight":1.0E-4,"played":[0.0,1.0],"evs":[0.0,1.74061]},"76o":{"weight":0.0,"played":[1.0,0.0],"evs":[0.0,-0.70136]},"86o":{"weight":0.0,"played":[1.0,0.0],"evs":[0.0,-1.06985]},"96o":{"weight":0.0,"played":[1.0,0.0],"evs":[0.0,-1.40862]},"T6o":{"weight":0.0,"played":[1.0,0.0],"evs":[0.0,-1.72131]},"J6o":{"weight":0.0,"played":[1.0,0.0],"evs":[0.0,-1.7887]},"Q6o":{"weight":0.0,"played":[1.0,0.0],"evs":[0.0,-1.31696]},"K6o":{"weight":0.0,"played":[0.9999,1.0E-4],"evs":[0.0,-1.11354]},"A6o":{"weight":0.0,"played":[1.0,0.0],"evs":[0.0,-0.76051]},"72s":{"weight":0.0,"played":[1.0,0.0],"evs":[0.0,-1.34998]},"73s":{"weight":0.0,"played":[0.9997,3.0E-4],"evs":[0.0,-1.03357]},"74s":{"weight":0.0,"played":[0.9999,1.0E-4],"evs":[0.0,-0.56668]},"75s":{"weight":2.0E-4,"played":[0.0954,0.9046],"evs":[0.0,0.13787]},"76s":{"weight":1.0,"played":[1.0E-4,0.9999],"evs":[0.0,0.36732]},"77":{"weight":3.0E-4,"played":[0.0,1.0],"evs":[0.0,2.14141]},"87o":{"weight":0.0,"played":[1.0,0.0],"evs":[0.0,-0.69565]},"97o":{"weight":0.0,"played":[1.0,0.0],"evs":[0.0,-1.10967]},"T7o":{"weight":0.0,"played":[1.0,0.0],"evs":[0.0,-1.22704]},"J7o":{"weight":0.0,"played":[1.0,0.0],"evs":[0.0,-1.42033]},"Q7o":{"weight":0.0,"played":[1.0,0.0],"evs":[0.0,-1.30017]},"K7o":{"weight":0.0,"played":[0.9999,1.0E-4],"evs":[0.0,-1.02049]},"A7o":{"weight":0.0,"played":[1.0,0.0],"evs":[0.0,-0.58025]},"82s":{"weight":0.0,"played":[1.0,0.0],"evs":[0.0,-1.15865]},"83s":{"weight":0.0,"played":[1.0,0.0],"evs":[0.0,-1.13646]},"84s":{"weight":0.0,"played":[1.0,0.0],"evs":[0.0,-0.73573]},"85s":{"weight":0.0,"played":[0.9829,0.0171],"evs":[0.0,-0.17224]},"86s":{"weight":0.0013,"played":[0.059,0.941],"evs":[0.0,0.04148]},"87s":{"weight":0.948,"played":[0.001,0.999],"evs":[0.0,0.30634]},"88":{"weight":0.2123,"played":[0.0,1.0],"evs":[0.0,2.46591]},"98o":{"weight":0.0,"played":[1.0,0.0],"evs":[0.0,-0.74485]},"T8o":{"weight":0.0,"played":[1.0,0.0],"evs":[0.0,-0.92413]},"J8o":{"weight":0.0,"played":[1.0,0.0],"evs":[0.0,-1.13076]},"Q8o":{"weight":0.0,"played":[1.0,0.0],"evs":[0.0,-0.93529]},"K8o":{"weight":0.0,"played":[0.9999,1.0E-4],"evs":[0.0,-1.02465]},"A8o":{"weight":1.0E-4,"played":[0.9984,0.0016],"evs":[0.0,-0.1868]},"92s":{"weight":0.0,"played":[1.0,0.0],"evs":[0.0,-1.18158]},"93s":{"weight":0.0,"played":[1.0,0.0],"evs":[0.0,-1.0598]},"94s":{"weight":0.0,"played":[0.9996,4.0E-4],"evs":[0.0,-0.9943]},"95s":{"weight":0.0,"played":[0.9999,1.0E-4],"evs":[0.0,-0.51146]},"96s":{"weight":0.0,"played":[0.9962,0.0038],"evs":[0.0,-0.31166]},"97s":{"weight":0.0,"played":[0.0714,0.9286],"evs":[0.0,0.04027]},"98s":{"weight":8.0E-4,"played":[0.0,1.0],"evs":[0.0,0.14307]},"99":{"weight":0.053,"played":[0.0,1.0],"evs":[0.0,3.12907]},"T9o":{"weight":0.0,"played":[0.9999,1.0E-4],"evs":[0.0,-0.65972]},"J9o":{"weight":0.0,"played":[0.9999,1.0E-4],"evs":[0.0,-0.7847]},"Q9o":{"weight":0.0,"played":[1.0,0.0],"evs":[0.0,-0.63586]},"K9o":{"weight":0.0,"played":[0.9999,1.0E-4],"evs":[0.0,-0.61169]},"A9o":{"weight":1.0,"played":[0.3394,0.6606],"evs":[0.0,0.03217]},"T2s":{"weight":0.0,"played":[1.0,0.0],"evs":[0.0,-1.12907]},"T3s":{"weight":0.0,"played":[1.0,0.0],"evs":[0.0,-1.12287]},"T4s":{"weight":0.0,"played":[0.9999,1.0E-4],"evs":[0.0,-1.01064]},"T5s":{"weight":0.0,"played":[0.9999,1.0E-4],"evs":[0.0,-0.95215]},"T6s":{"weight":0.0,"played":[0.9979,0.0021],"evs":[0.0,-0.5519]},"T7s":{"weight":0.0,"played":[0.9961,0.0039],"evs":[0.0,-0.16799]},"T8s":{"weight":0.9646,"played":[0.0013,0.9987],"evs":[0.0,0.14032]},"T9s":{"weight":0.9999,"played":[0.0019,0.9981],"evs":[0.0,0.38093]},"TT":{"weight":0.0,"played":[0.0,1.0],"evs":[0.0,4.39093]},"JTo":{"weight":0.0,"played":[0.9995,5.0E-4],"evs":[0.0,-0.2754]},"QTo":{"weight":0.0,"played":[0.7241,0.2759],"evs":[0.0,-0.09819]},"KTo":{"weight":0.0046,"played":[0.8547,0.1453],"evs":[0.0,-0.0247]},"ATo":{"weight":0.4283,"played":[0.0,1.0],"evs":[0.0,0.80632]},"J2s":{"weight":0.0,"played":[1.0,0.0],"evs":[0.0,-0.99656]},"J3s":{"weight":0.0,"played":[1.0,0.0],"evs":[0.0,-0.99525]},"J4s":{"weight":0.0,"played":[0.9999,1.0E-4],"evs":[0.0,-0.86354]},"J5s":{"weight":0.0,"played":[1.0,0.0],"evs":[0.0,-0.58293]},"J6s":{"weight":0.0,"played":[0.9998,2.0E-4],"evs":[0.0,-0.83737]},"J7s":{"weight":0.0,"played":[0.9997,3.0E-4],"evs":[0.0,-0.3048]},"J8s":{"weight":0.0,"played":[0.5884,0.4116],"evs":[0.0,-0.02793]},"J9s":{"weight":0.0044,"played":[2.0E-4,0.9998],"evs":[0.0,0.28769]},"JTs":{"weight":1.0,"played":[0.0,1.0],"evs":[0.0,0.87506]},"JJ":{"weight":0.0,"played":[0.0,1.0],"evs":[0.0,6.08925]},"QJo":{"weight":0.9758,"played":[0.0485,0.9515],"evs":[0.0,0.04399]},"KJo":{"weight":1.0,"played":[0.0,1.0],"evs":[0.0,0.35453]},"AJo":{"weight":5.0E-4,"played":[0.0,1.0],"evs":[0.0,1.92614]},"Q2s":{"weight":0.0,"played":[0.9927,0.0073],"evs":[0.0,-0.55255]},"Q3s":{"weight":0.0,"played":[1.0,0.0],"evs":[0.0,-0.5282]},"Q4s":{"weight":0.0,"played":[0.9989,0.0011],"evs":[0.0,-0.48839]},"Q5s":{"weight":0.0,"played":[0.8477,0.1523],"evs":[0.0,-0.03794]},"Q6s":{"weight":0.0,"played":[0.8321,0.1679],"evs":[0.0,-0.14743]},"Q7s":{"weight":0.0,"played":[0.9787,0.0213],"evs":[0.0,-0.26582]},"Q8s":{"weight":0.0021,"played":[0.0017,0.9983],"evs":[0.0,0.10765]},"Q9s":{"weight":0.9974,"played":[2.0E-4,0.9998],"evs":[0.0,0.48998]},"QTs":{"weight":0.9998,"played":[0.0,1.0],"evs":[0.0,0.98262]},"QJs":{"weight":0.4211,"played":[0.0,1.0],"evs":[0.0,1.10736]},"QQ":{"weight":0.013,"played":[0.0,1.0],"evs":[0.0,8.01356]},"KQo":{"weight":0.4143,"played":[0.0,1.0],"evs":[0.0,1.37753]},"AQo":{"weight":0.0,"played":[0.0,1.0],"evs":[0.0,3.04043]},"K2s":{"weight":0.0,"played":[0.9998,2.0E-4],"evs":[0.0,-0.37819]},"K3s":{"weight":0.0,"played":[0.9998,2.0E-4],"evs":[0.0,-0.32021]},"K4s":{"weight":0.0,"played":[0.8198,0.1802],"evs":[0.0,-0.16972]},"K5s":{"weight":0.0654,"played":[0.0084,0.9916],"evs":[0.0,0.04851]},"K6s":{"weight":9.0E-4,"played":[0.7419,0.2581],"evs":[0.0,-0.07051]},"K7s":{"weight":0.8484,"played":[5.0E-4,0.9995],"evs":[0.0,0.07213]},"K8s":{"weight":0.003,"played":[0.0085,0.9915],"evs":[0.0,0.22441]},"K9s":{"weight":0.9999,"played":[7.0E-4,0.9993],"evs":[0.0,0.54158]},"KTs":{"weight":0.0088,"played":[0.0,1.0],"evs":[0.0,1.01232]},"KJs":{"weight":0.186,"played":[0.0,1.0],"evs":[0.0,1.39938]},"KQs":{"weight":0.0,"played":[0.0,1.0],"evs":[0.0,2.28872]},"KK":{"weight":1.0,"played":[0.0,1.0],"evs":[0.0,10.63991]},"AKo":{"weight":0.0,"played":[0.0,1.0],"evs":[0.0,4.58997]},"A2s":{"weight":0.738,"played":[9.0E-4,0.9991],"evs":[0.0,0.35021]},"A3s":{"weight":0.0108,"played":[7.0E-4,0.9993],"evs":[0.0,0.39467]},"A4s":{"weight":0.0265,"played":[1.0E-4,0.9999],"evs":[0.0,0.49667]},"A5s":{"weight":0.5439,"played":[0.0,1.0],"evs":[0.0,0.78616]},"A6s":{"weight":0.9679,"played":[2.0E-4,0.9998],"evs":[0.0,0.3917]},"A7s":{"weight":0.0383,"played":[0.0,1.0],"evs":[0.0,0.59357]},"A8s":{"weight":0.4203,"played":[0.0,1.0],"evs":[0.0,0.91486]},"A9s":{"weight":0.9986,"played":[0.0,1.0],"evs":[0.0,1.24381]},"ATs":{"weight":0.9999,"played":[0.0,1.0],"evs":[0.0,1.84186]},"AJs":{"weight":0.9999,"played":[0.0,1.0],"evs":[0.0,2.99213]},"AQs":{"weight":0.1051,"played":[0.0,1.0],"evs":[0.0,3.86816]},"AKs":{"weight":0.0041,"played":[0.0,1.0],"evs":[0.0,5.51823]},"AA":{"weight":1.0,"played":[0.0,1.0],"evs":[0.0,14.79571]}}}