{"player":3,"street":0,"children":2,"sequence":[{"player":0,"type":"R","amount":200000,"street":0},{"player":1,"type":"F","amount":0,"street":0},{"player":2,"type":"F","amount":0,"street":0},{"player":3,"type":"C","amount":200000,"street":0},{"player":4,"type":"C","amount":150000,"street":0},{"player":5,"type":"R","amount":895000,"street":0},{"player":0,"type":"C","amount":695000,"street":0}],"actions":[{"type":"F","amount":0,"node":481},{"type":"R","amount":2395000,"node":483}],"hands":{"22":{"weight":0.0132,"played":[0.8902,0.1098],"evs":[0.0,-0.42898]},"32o":{"weight":0.0,"played":[1.0,0.0],"evs":[0.0,-4.46187]},"42o":{"weight":0.0,"played":[1.0,0.0],"evs":[0.0,-4.09217]},"52o":{"weight":0.0,"played":[1.0,0.0],"evs":[0.0,-3.5185]},"62o":{"weight":0.0,"played":[1.0,0.0],"evs":[0.0,-3.98777]},"72o":{"weight":0.0,"played":[1.0,0.0],"evs":[0.0,-4.61523]},"82o":{"weight":0.0,"played":[1.0,0.0],"evs":[0.0,-4.01473]},"92o":{"weight":0.0,"played":[1.0,0.0],"evs":[0.0,-4.18371]},"T2o":{"weight":0.0,"played":[1.0,0.0],"evs":[0.0,-3.92189]},"J2o":{"weight":0.0,"played":[1.0,0.0],"evs":[0.0,-3.83699]},"Q2o":{"weight":0.0,"played":[1.0,0.0],"evs":[0.0,-3.60156]},"K2o":{"weight":0.0,"played":[1.0,0.0],"evs":[0.0,-3.12441]},"A2o":{"weight":0.0,"played":[0.9999,1.0E-4],"evs":[0.0,-0.92745]},"32s":{"weight":0.0,"played":[0.9995,5.0E-4],"evs":[0.0,-2.36089]},"33":{"weight":0.5657,"played":[0.0018,0.9982],"evs":[0.0,0.96614]},"43o":{"weight":0.0,"played":[1.0,0.0],"evs":[0.0,-2.93812]},"53o":{"weight":0.0,"played":[1.0,0.0],"evs":[0.0,-2.75919]},"63o":{"weight":0.0,"played":[1.0,0.0],"evs":[0.0,-3.30975]},"73o":{"weight":0.0,"played":[1.0,0.0],"evs":[0.0,-3.93575]},"83o":{"weight":0.0,"played":[1.0,0.0],"evs":[0.0,-4.27263]},"93o":{"weight":0.0,"played":[1.0,0.0],"evs":[0.0,-3.7949]},"T3o":{"weight":0.0,"played":[1.0,0.0],"evs":[0.0,-3.75096]},"J3o":{"weight":0.0,"played":[1.0,0.0],"evs":[0.0,-3.50262]},"Q3o":{"weight":0.0,"played":[1.0,0.0],"evs":[0.0,-3.24032]},"K3o":{"weight":0.0,"played":[1.0,0.0],"evs":[0.0,-2.79431]},"A3o":{"weight":0.0,"played":[1.0,0.0],"evs":[0.0,-0.82952]},"42s":{"weight":0.0,"played":[0.9989,0.0011],"evs":[0.0,-2.41471]},"43s":{"weight":0.0,"played":[1.0,0.0],"evs":[0.0,-1.94081]},"44":{"weight":0.9854,"played":[0.0012,0.9988],"evs":[0.0,1.63562]},"54o":{"weight":0.0,"played":[1.0,0.0],"evs":[0.0,-2.05493]},"64o":{"weight":0.0,"played":[0.9999,1.0E-4],"evs":[0.0,-2.51749]},"74o":{"weight":0.0,"played":[0.9998,2.0E-4],"evs":[0.0,-2.778]},"84o":{"weight":0.0,"played":[1.0,0.0],"evs":[0.0,-3.27058]},"94o":{"weight":0.0,"played":[1.0,0.0],"evs":[0.0,-3.76279]},"T4o":{"weight":0.0,"played":[1.0,0.0],"evs":[0.0,-3.6039]},"J4o":{"weight":0.0,"played":[1.0,0.0],"evs":[0.0,-3.59484]},"Q4o":{"weight":0.0,"played":[1.0,0.0],"evs":[0.0,-3.23087]},"K4o":{"weight":0.0,"played":[0.9999,1.0E-4],"evs":[0.0,-2.15753]},"A4o":{"weight":0.0,"played":[0.3934,0.6066],"evs":[0.0,-0.29572]},"52s":{"weight":0.0,"played":[1.0,0.0],"evs":[0.0,-2.16067]},"53s":{"weight":0.0,"played":[0.998,0.002],"evs":[0.0,-1.09315]},"54s":{"weight":0.4965,"played":[0.9664,0.0336],"evs":[0.0,-0.53111]},"55":{"weight":0.1027,"played":[0.0,1.0],"evs":[0.0,2.32771]},"65o":{"weight":0.0,"played":[0.9987,0.0013],"evs":[0.0,-1.62749]},"75o":{"weight":0.0,"played":[0.9998,2.0E-4],"evs":[0.0,-2.2062]},"85o":{"weight":0.0,"played":[1.0,0.0],"evs":[0.0,-2.5867]},"95o":{"weight":0.0,"played":[0.9996,4.0E-4],"evs":[0.0,-3.0449]},"T5o":{"weight":0.0,"played":[1.0,0.0],"evs":[0.0,-3.15689]},"J5o":{"weight":0.0,"played":[0.9997,3.0E-4],"evs":[0.0,-2.86061]},"Q5o":{"weight":0.0,"played":[0.9999,1.0E-4],"evs":[0.0,-2.72571]},"K5o":{"weight":0.0,"played":[1.0,0.0],"evs":[0.0,-1.74629]},"A5o":{"weight":0.0,"played":[0.4873,0.5127],"evs":[0.0,-0.08894]},"62s":{"weight":0.0,"played":[1.0,0.0],"evs":[0.0,-2.46693]},"63s":{"weight":0.0,"played":[0.9837,0.0163],"evs":[0.0,-1.17601]},"64s":{"weight":0.0,"played":[0.9749,0.0251],"evs":[0.0,-0.97265]},"65s":{"weight":1.0,"played":[0.179,0.821],"evs":[0.0,0.26997]},"66":{"weight":1.0E-4,"played":[0.0,1.0],"evs":[0.0,2.86758]},"76o":{"weight":0.0,"played":[0.9976,0.0024],"evs":[0.0,-1.66558]},"86o":{"weight":0.0,"played":[0.9999,1.0E-4],"evs":[0.0,-1.79346]},"96o":{"weight":0.0,"played":[0.9999,1.0E-4],"evs":[0.0,-2.63749]},"T6o":{"weight":0.0,"played":[0.9999,1.0E-4],"evs":[0.0,-2.66056]},"J6o":{"weight":0.0,"played":[1.0,0.0],"evs":[0.0,-2.83597]},"Q6o":{"weight":0.0,"played":[1.0,0.0],"evs":[0.0,-2.58379]},"K6o":{"weight":0.0,"played":[0.9999,1.0E-4],"evs":[0.0,-1.44589]},"A6o":{"weight":0.0,"played":[0.3339,0.6661],"evs":[0.0,-0.1744]},"72s":{"weight":0.0,"played":[0.9998,2.0E-4],"evs":[0.0,-2.50991]},"73s":{"weight":0.0,"played":[1.0,0.0],"evs":[0.0,-1.75773]},"74s":{"weight":0.0,"played":[0.9956,0.0044],"evs":[0.0,-1.16887]},"75s":{"weight":2.0E-4,"played":[0.9661,0.0339],"evs":[0.0,-0.65819]},"76s":{"weight":1.0,"played":[7.0E-4,0.9993],"evs":[0.0,0.03115]},"77":{"weight":3.0E-4,"played":[0.0,1.0],"evs":[0.0,3.80607]},"87o":{"weight":0.0,"played":[0.9998,2.0E-4],"evs":[0.0,-1.5626]},"97o":{"weight":0.0,"played":[0.999,0.001],"evs":[0.0,-2.32324]},"T7o":{"weight":0.0,"played":[1.0,0.0],"evs":[0.0,-2.21536]},"J7o":{"weight":0.0,"played":[1.0,0.0],"evs":[0.0,-2.8828]},"Q7o":{"weight":0.0,"played":[0.9999,1.0E-4],"evs":[0.0,-2.35773]},"K7o":{"weight":0.0,"played":[0.9984,0.0016],"evs":[0.0,-1.51837]},"A7o":{"weight":0.0,"played":[0.2583,0.7417],"evs":[0.0,-0.06562]},"82s":{"weight":0.0,"played":[1.0,0.0],"evs":[0.0,-2.13705]},"83s":{"weight":0.0,"played":[0.9991,9.0E-4],"evs":[0.0,-1.94912]},"84s":{"weight":0.0,"played":[0.9997,3.0E-4],"evs":[0.0,-1.40648]},"85s":{"weight":0.0,"played":[0.9473,0.0527],"evs":[0.0,-0.99446]},"86s":{"weight":0.0013,"played":[0.9144,0.0856],"evs":[0.0,-0.30668]},"87s":{"weight":0.948,"played":[0.0216,0.9784],"evs":[0.0,0.20757]},"88":{"weight":0.2123,"played":[0.0,1.0],"evs":[0.0,3.96382]},"98o":{"weight":0.0,"played":[1.0,0.0],"evs":[0.0,-1.23564]},"T8o":{"weight":0.0,"played":[0.9998,2.0E-4],"evs":[0.0,-1.22711]},"J8o":{"weight":0.0,"played":[1.0,0.0],"evs":[0.0,-1.7819]},"Q8o":{"weight":0.0,"played":[0.9999,1.0E-4],"evs":[0.0,-2.2657]},"K8o":{"weight":0.0,"played":[0.9997,3.0E-4],"evs":[0.0,-1.09991]},"A8o":{"weight":1.0E-4,"played":[0.005,0.995],"evs":[0.0,0.17418]},"92s":{"weight":0.0,"played":[0.9991,9.0E-4],"evs":[0.0,-2.57168]},"93s":{"weight":0.0,"played":[0.9996,4.0E-4],"evs":[0.0,-1.99156]},"94s":{"weight":0.0,"played":[0.9999,1.0E-4],"evs":[0.0,-2.46577]},"95s":{"weight":0.0,"played":[0.9879,0.0121],"evs":[0.0,-1.31445]},"96s":{"weight":0.0,"played":[0.5118,0.4882],"evs":[0.0,0.10747]},"97s":{"weight":0.0,"played":[0.7356,0.2644],"evs":[0.0,0.03099]},"98s":{"weight":8.0E-4,"played":[0.3024,0.6976],"evs":[0.0,0.07269]},"99":{"weight":0.053,"played":[0.0,1.0],"evs":[0.0,5.31514]},"T9o":{"weight":0.0,"played":[0.9965,0.0035],"evs":[0.0,-1.31406]},"J9o":{"weight":0.0,"played":[1.0,0.0],"evs":[0.0,-1.42821]},"Q9o":{"weight":0.0,"played":[0.9997,3.0E-4],"evs":[0.0,-1.61728]},"K9o":{"weight":0.0,"played":[1.0,0.0],"evs":[0.0,-1.20079]},"A9o":{"weight":1.0,"played":[7.0E-4,0.9993],"evs":[0.0,0.55795]},"T2s":{"weight":0.0,"played":[1.0,0.0],"evs":[0.0,-2.63431]},"T3s":{"weight":0.0,"played":[0.9495,0.0505],"evs":[0.0,-1.91921]},"T4s":{"weight":0.0,"played":[0.9984,0.0016],"evs":[0.0,-1.18078]},"T5s":{"weight":0.0,"played":[0.9973,0.0027],"evs":[0.0,-1.94971]},"T6s":{"weight":0.0,"played":[0.9905,0.0095],"evs":[0.0,-0.20783]},"T7s":{"weight":0.0,"played":[0.9288,0.0712],"evs":[0.0,-0.38511]},"T8s":{"weight":0.9646,"played":[0.0242,0.9758],"evs":[0.0,0.4644]},"T9s":{"weight":0.9999,"played":[0.0232,0.9768],"evs":[0.0,0.49409]},"TT":{"weight":0.0,"played":[0.0,1.0],"evs":[0.0,7.13574]},"JTo":{"weight":0.0,"played":[0.9989,0.0011],"evs":[0.0,-0.9057]},"QTo":{"weight":0.0,"played":[0.9668,0.0332],"evs":[0.0,-0.48588]},"KTo":{"weight":0.0046,"played":[0.144,0.856],"evs":[0.0,0.41966]},"ATo":{"weight":0.4283,"played":[0.0,1.0],"evs":[0.0,2.07806]},"J2s":{"weight":0.0,"played":[0.9984,0.0016],"evs":[0.0,-2.62614]},"J3s":{"weight":0.0,"played":[0.9991,9.0E-4],"evs":[0.0,-1.49551]},"J4s":{"weight":0.0,"played":[0.9995,5.0E-4],"evs":[0.0,-2.05209]},"J5s":{"weight":0.0,"played":[0.999,0.001],"evs":[0.0,-1.03124]},"J6s":{"weight":0.0,"played":[0.9964,0.0036],"evs":[0.0,-1.45498]},"J7s":{"weight":0.0,"played":[0.9984,0.0016],"evs":[0.0,-0.85425]},"J8s":{"weight":0.0,"played":[0.7794,0.2206],"evs":[0.0,-0.99201]},"J9s":{"weight":0.0044,"played":[0.8136,0.1864],"evs":[0.0,-0.18164]},"JTs":{"weight":1.0,"played":[0.0043,0.9957],"evs":[0.0,0.74847]},"JJ":{"weight":0.0,"played":[0.0,1.0],"evs":[0.0,9.37222]},"QJo":{"weight":0.9758,"played":[0.7102,0.2898],"evs":[0.0,0.17672]},"KJo":{"weight":1.0,"played":[0.0,1.0],"evs":[0.0,0.90175]},"AJo":{"weight":5.0E-4,"played":[0.0,1.0],"evs":[0.0,3.19643]},"Q2s":{"weight":0.0,"played":[0.9894,0.0106],"evs":[0.0,-1.87215]},"Q3s":{"weight":0.0,"played":[0.9997,3.0E-4],"evs":[0.0,-1.45512]},"Q4s":{"weight":0.0,"played":[0.9733,0.0267],"evs":[0.0,-1.12372]},"Q5s":{"weight":0.0,"played":[0.9992,8.0E-4],"evs":[0.0,-1.11157]},"Q6s":{"weight":0.0,"played":[0.9914,0.0086],"evs":[0.0,-1.20378]},"Q7s":{"weight":0.0,"played":[0.8911,0.1089],"evs":[0.0,-0.56907]},"Q8s":{"weight":0.0021,"played":[0.1134,0.8866],"evs":[0.0,0.14237]},"Q9s":{"weight":0.9974,"played":[0.1057,0.8943],"evs":[0.0,0.53637]},"QTs":{"weight":0.9998,"played":[8.0E-4,0.9992],"evs":[0.0,0.51951]},"QJs":{"weight":0.4211,"played":[0.0,1.0],"evs":[0.0,1.30993]},"QQ":{"weight":0.013,"played":[0.0,1.0],"evs":[0.0,11.44416]},"KQo":{"weight":0.4143,"played":[1.0E-4,0.9999],"evs":[0.0,2.48886]},"AQo":{"weight":0.0,"played":[0.0,1.0],"evs":[0.0,4.08729]},"K2s":{"weight":0.0,"played":[0.9998,2.0E-4],"evs":[0.0,-0.57541]},"K3s":{"weight":0.0,"played":[0.9756,0.0244],"evs":[0.0,-0.56868]},"K4s":{"weight":0.0,"played":[0.9788,0.0212],"evs":[0.0,-0.08457]},"K5s":{"weight":0.0654,"played":[0.9405,0.0595],"evs":[0.0,-0.41039]},"K6s":{"weight":9.0E-4,"played":[0.9064,0.0936],"evs":[0.0,-0.40852]},"K7s":{"weight":0.8484,"played":[0.415,0.585],"evs":[0.0,-0.20533]},"K8s":{"weight":0.003,"played":[0.0038,0.9962],"evs":[0.0,0.37202]},"K9s":{"weight":0.9999,"played":[0.1259,0.8741],"evs":[0.0,0.68961]},"KTs":{"weight":0.0088,"played":[2.0E-4,0.9998],"evs":[0.0,1.89439]},"KJs":{"weight":0.186,"played":[0.0,1.0],"evs":[0.0,2.89221]},"KQs":{"weight":0.0,"played":[0.0,1.0],"evs":[0.0,4.06249]},"KK":{"weight":1.0,"played":[0.0,1.0],"evs":[0.0,14.45713]},"AKo":{"weight":0.0,"played":[0.0,1.0],"evs":[0.0,5.64339]},"A2s":{"weight":0.738,"played":[0.0432,0.9568],"evs":[0.0,0.44677]},"A3s":{"weight":0.0108,"played":[0.0396,0.9604],"evs":[0.0,1.41172]},"A4s":{"weight":0.0265,"played":[0.0587,0.9413],"evs":[0.0,1.55972]},"A5s":{"weight":0.5439,"played":[0.0019,0.9981],"evs":[0.0,2.05294]},"A6s":{"weight":0.9679,"played":[0.0,1.0],"evs":[0.0,1.17808]},"A7s":{"weight":0.0383,"played":[2.0E-4,0.9998],"evs":[0.0,1.74223]},"A8s":{"weight":0.4203,"played":[1.0E-4,0.9999],"evs":[0.0,2.41892]},"A9s":{"weight":0.9986,"played":[4.0E-4,0.9996],"evs":[0.0,2.35938]},"ATs":{"weight":0.9999,"played":[0.0,1.0],"evs":[0.0,3.64094]},"AJs":{"weight":0.9999,"played":[0.0,1.0],"evs":[0.0,5.3012]},"AQs":{"weight":0.1051,"played":[0.0,1.0],"evs":[0.0,5.72988]},"AKs":{"weight":0.0041,"played":[1.0E-4,0.9999],"evs":[0.0,7.02037]},"AA":{"weight":1.0,"played":[0.0,1.0],"evs":[0.0,18.96551]}}}