{"player":4,"street":0,"children":2,"sequence":[{"player":0,"type":"R","amount":200000,"street":0},{"player":1,"type":"F","amount":0,"street":0},{"player":2,"type":"F","amount":0,"street":0},{"player":3,"type":"C","amount":200000,"street":0},{"player":4,"type":"C","amount":150000,"street":0},{"player":5,"type":"R","amount":895000,"street":0},{"player":0,"type":"R","amount":1375000,"street":0},{"player":3,"type":"F","amount":0,"street":0}],"actions":[{"type":"F","amount":0},{"type":"C","amount":1175000}],"hands":{"22":{"weight":0.9975,"played":[0.0042,0.9958],"evs":[0.0,1.9016]},"32o":{"weight":0.0,"played":[0.9971,0.0029],"evs":[0.0,-0.70412]},"42o":{"weight":0.0,"played":[0.9997,3.0E-4],"evs":[0.0,-0.93093]},"52o":{"weight":0.0,"played":[0.9975,0.0025],"evs":[0.0,-0.92101]},"62o":{"weight":0.0,"played":[0.9974,0.0026],"evs":[0.0,-1.45997]},"72o":{"weight":0.0,"played":[0.9959,0.0041],"evs":[0.0,-1.50193]},"82o":{"weight":0.0,"played":[0.9919,0.0081],"evs":[0.0,-0.9792]},"92o":{"weight":0.0,"played":[1.0,0.0],"evs":[0.0,-1.73042]},"T2o":{"weight":0.0,"played":[0.9967,0.0033],"evs":[0.0,-1.65616]},"J2o":{"weight":0.0,"played":[0.9978,0.0022],"evs":[0.0,-1.73623]},"Q2o":{"weight":0.0,"played":[0.859,0.141],"evs":[0.0,-1.10684]},"K2o":{"weight":0.0,"played":[1.0,0.0],"evs":[0.0,-0.65094]},"A2o":{"weight":0.0,"played":[0.3776,0.6224],"evs":[0.0,0.23808]},"32s":{"weight":0.0,"played":[0.9935,0.0065],"evs":[0.0,-0.55162]},"33":{"weight":1.0,"played":[3.0E-4,0.9997],"evs":[0.0,2.08319]},"43o":{"weight":0.0,"played":[0.9643,0.0357],"evs":[0.0,-0.47545]},"53o":{"weight":0.0,"played":[0.8801,0.1199],"evs":[0.0,-0.47405]},"63o":{"weight":0.0,"played":[0.9998,2.0E-4],"evs":[0.0,-0.85641]},"73o":{"weight":0.0,"played":[0.9905,0.0095],"evs":[0.0,-1.07328]},"83o":{"weight":0.0,"played":[1.0,0.0],"evs":[0.0,-0.92156]},"93o":{"weight":0.0,"played":[0.9928,0.0072],"evs":[0.0,-1.66624]},"T3o":{"weight":0.0,"played":[0.9992,8.0E-4],"evs":[0.0,-0.80693]},"J3o":{"weight":0.0,"played":[0.9994,6.0E-4],"evs":[0.0,-1.89323]},"Q3o":{"weight":0.0,"played":[0.998,0.002],"evs":[0.0,-0.98648]},"K3o":{"weight":0.0,"played":[0.9953,0.0047],"evs":[0.0,-1.08062]},"A3o":{"weight":0.0,"played":[0.151,0.849],"evs":[0.0,0.30114]},"42s":{"weight":0.0,"played":[0.4371,0.5629],"evs":[0.0,0.38704]},"43s":{"weight":0.9759,"played":[0.0177,0.9823],"evs":[0.0,0.9145]},"44":{"weight":0.9986,"played":[2.0E-4,0.9998],"evs":[0.0,3.04333]},"54o":{"weight":0.0,"played":[0.4389,0.5611],"evs":[0.0,0.23035]},"64o":{"weight":0.0,"played":[0.9986,0.0014],"evs":[0.0,-0.76862]},"74o":{"weight":0.0,"played":[0.9819,0.0181],"evs":[0.0,-1.32289]},"84o":{"weight":0.0,"played":[0.9833,0.0167],"evs":[0.0,-1.13666]},"94o":{"weight":0.0,"played":[0.9999,1.0E-4],"evs":[0.0,-1.23459]},"T4o":{"weight":0.0,"played":[1.0,0.0],"evs":[0.0,-1.23222]},"J4o":{"weight":0.0,"played":[0.9704,0.0296],"evs":[0.0,-1.39526]},"Q4o":{"weight":0.0,"played":[0.9317,0.0683],"evs":[0.0,-1.38758]},"K4o":{"weight":0.0,"played":[0.9812,0.0188],"evs":[0.0,-0.78782]},"A4o":{"weight":0.0,"played":[0.3091,0.6909],"evs":[0.0,0.39581]},"52s":{"weight":6.0E-4,"played":[0.5704,0.4296],"evs":[0.0,0.09684]},"53s":{"weight":0.9603,"played":[0.1158,0.8842],"evs":[0.0,0.61628]},"54s":{"weight":0.9974,"played":[0.013,0.987],"evs":[0.0,1.37152]},"55":{"weight":0.4782,"played":[2.0E-4,0.9998],"evs":[0.0,3.05405]},"65o":{"weight":0.0,"played":[0.6968,0.3032],"evs":[0.0,0.05875]},"75o":{"weight":0.0,"played":[0.8586,0.1414],"evs":[0.0,-0.2615]},"85o":{"weight":0.0,"played":[0.9663,0.0337],"evs":[0.0,-0.56143]},"95o":{"weight":0.0,"played":[0.926,0.074],"evs":[0.0,-1.74825]},"T5o":{"weight":0.0,"played":[0.9988,0.0012],"evs":[0.0,-0.46941]},"J5o":{"weight":0.0,"played":[0.996,0.004],"evs":[0.0,-0.96933]},"Q5o":{"weight":0.0,"played":[0.9772,0.0228],"evs":[0.0,-1.36729]},"K5o":{"weight":0.0,"played":[0.9092,0.0908],"evs":[0.0,-0.53147]},"A5o":{"weight":0.0,"played":[0.0619,0.9381],"evs":[0.0,0.48077]},"62s":{"weight":0.0,"played":[0.9353,0.0647],"evs":[0.0,-0.79791]},"63s":{"weight":0.5237,"played":[0.427,0.573],"evs":[0.0,0.74106]},"64s":{"weight":0.9946,"played":[0.8359,0.1641],"evs":[0.0,0.15096]},"65s":{"weight":0.9998,"played":[0.0011,0.9989],"evs":[0.0,1.8266]},"66":{"weight":0.0251,"played":[1.0E-4,0.9999],"evs":[0.0,3.24318]},"76o":{"weight":0.0,"played":[0.0938,0.9062],"evs":[0.0,0.90631]},"86o":{"weight":0.0,"played":[1.0,0.0],"evs":[0.0,-0.55005]},"96o":{"weight":0.0,"played":[0.8883,0.1117],"evs":[0.0,0.15581]},"T6o":{"weight":0.0,"played":[0.9655,0.0345],"evs":[0.0,-0.5781]},"J6o":{"weight":0.0,"played":[0.9965,0.0035],"evs":[0.0,-1.4395]},"Q6o":{"weight":0.0,"played":[0.9229,0.0771],"evs":[0.0,-0.77522]},"K6o":{"weight":0.0,"played":[0.6708,0.3292],"evs":[0.0,-0.45299]},"A6o":{"weight":0.0,"played":[0.1456,0.8544],"evs":[0.0,0.60856]},"72s":{"weight":0.0,"played":[0.798,0.202],"evs":[0.0,0.18552]},"73s":{"weight":0.0,"played":[0.458,0.542],"evs":[0.0,0.16916]},"74s":{"weight":0.6188,"played":[0.3491,0.6509],"evs":[0.0,0.2108]},"75s":{"weight":0.9992,"played":[0.0075,0.9925],"evs":[0.0,1.77231]},"76s":{"weight":0.997,"played":[0.0065,0.9935],"evs":[0.0,1.98611]},"77":{"weight":0.0,"played":[1.0E-4,0.9999],"evs":[0.0,3.57949]},"87o":{"weight":0.0,"played":[0.0758,0.9242],"evs":[0.0,0.53673]},"97o":{"weight":0.0,"played":[0.9875,0.0125],"evs":[0.0,-0.68082]},"T7o":{"weight":0.0,"played":[0.9384,0.0616],"evs":[0.0,-0.3821]},"J7o":{"weight":0.0,"played":[0.9968,0.0032],"evs":[0.0,-0.66271]},"Q7o":{"weight":0.0,"played":[0.998,0.002],"evs":[0.0,-1.18554]},"K7o":{"weight":0.0,"played":[0.1026,0.8974],"evs":[0.0,0.65956]},"A7o":{"weight":0.0,"played":[0.0623,0.9377],"evs":[0.0,0.96249]},"82s":{"weight":0.0,"played":[0.6715,0.3285],"evs":[0.0,-0.38026]},"83s":{"weight":0.0,"played":[0.9863,0.0137],"evs":[0.0,-1.21891]},"84s":{"weight":0.0,"played":[0.3077,0.6923],"evs":[0.0,0.86526]},"85s":{"weight":0.2404,"played":[0.0,1.0],"evs":[0.0,1.39676]},"86s":{"weight":0.998,"played":[0.2254,0.7746],"evs":[0.0,0.9455]},"87s":{"weight":0.9973,"played":[0.2824,0.7176],"evs":[0.0,0.95388]},"88":{"weight":0.0,"played":[7.0E-4,0.9993],"evs":[0.0,5.05441]},"98o":{"weight":0.0,"played":[0.9916,0.0084],"evs":[0.0,-0.12941]},"T8o":{"weight":0.0,"played":[0.6418,0.3582],"evs":[0.0,0.36538]},"J8o":{"weight":0.0,"played":[0.9239,0.0761],"evs":[0.0,-0.61156]},"Q8o":{"weight":0.0,"played":[0.9999,1.0E-4],"evs":[0.0,-0.11367]},"K8o":{"weight":0.0,"played":[0.4618,0.5382],"evs":[0.0,0.51314]},"A8o":{"weight":0.0,"played":[0.0249,0.9751],"evs":[0.0,0.60342]},"92s":{"weight":0.0,"played":[0.4054,0.5946],"evs":[0.0,0.59328]},"93s":{"weight":0.0,"played":[0.9878,0.0122],"evs":[0.0,-0.95061]},"94s":{"weight":0.0,"played":[0.7671,0.2329],"evs":[0.0,-0.30046]},"95s":{"weight":0.0,"played":[0.1071,0.8929],"evs":[0.0,-0.05487]},"96s":{"weight":0.013,"played":[0.1979,0.8021],"evs":[0.0,1.04162]},"97s":{"weight":0.9856,"played":[0.2596,0.7404],"evs":[0.0,1.1178]},"98s":{"weight":0.979,"played":[0.0293,0.9707],"evs":[0.0,0.71725]},"99":{"weight":1.0E-4,"played":[5.0E-4,0.9995],"evs":[0.0,4.79769]},"T9o":{"weight":0.0,"played":[0.1397,0.8603],"evs":[0.0,0.57134]},"J9o":{"weight":0.0,"played":[0.9996,4.0E-4],"evs":[0.0,-0.5115]},"Q9o":{"weight":0.0,"played":[0.8594,0.1406],"evs":[0.0,-0.16304]},"K9o":{"weight":0.0,"played":[0.4912,0.5088],"evs":[0.0,0.02835]},"A9o":{"weight":0.9998,"played":[0.0032,0.9968],"evs":[0.0,1.13024]},"T2s":{"weight":0.0,"played":[0.4825,0.5175],"evs":[0.0,0.43828]},"T3s":{"weight":0.0,"played":[0.6748,0.3252],"evs":[0.0,-0.14685]},"T4s":{"weight":0.0,"played":[0.7119,0.2881],"evs":[0.0,-0.41603]},"T5s":{"weight":0.0,"played":[0.5413,0.4587],"evs":[0.0,-0.08048]},"T6s":{"weight":0.7198,"played":[0.1624,0.8376],"evs":[0.0,1.36847]},"T7s":{"weight":0.9436,"played":[0.4238,0.5762],"evs":[0.0,1.26089]},"T8s":{"weight":0.996,"played":[0.0174,0.9826],"evs":[0.0,1.11618]},"T9s":{"weight":0.9986,"played":[0.3252,0.6748],"evs":[0.0,1.47066]},"TT":{"weight":0.0,"played":[3.0E-4,0.9997],"evs":[0.0,5.70008]},"JTo":{"weight":0.0,"played":[0.6048,0.3952],"evs":[0.0,0.00804]},"QTo":{"weight":0.0109,"played":[0.0301,0.9699],"evs":[0.0,0.84918]},"KTo":{"weight":0.5947,"played":[0.0017,0.9983],"evs":[0.0,1.07999]},"ATo":{"weight":5.0E-4,"played":[1.0E-4,0.9999],"evs":[0.0,2.27082]},"J2s":{"weight":0.0,"played":[0.4936,0.5064],"evs":[0.0,-0.33196]},"J3s":{"weight":0.0,"played":[0.2552,0.7448],"evs":[0.0,0.31039]},"J4s":{"weight":0.0,"played":[0.0809,0.9191],"evs":[0.0,0.43009]},"J5s":{"weight":0.0,"played":[0.7465,0.2535],"evs":[0.0,0.30589]},"J6s":{"weight":1.0E-4,"played":[0.5402,0.4598],"evs":[0.0,0.27913]},"J7s":{"weight":0.0,"played":[0.0954,0.9046],"evs":[0.0,2.00639]},"J8s":{"weight":0.0486,"played":[0.1162,0.8838],"evs":[0.0,0.41825]},"J9s":{"weight":0.0274,"played":[0.1008,0.8992],"evs":[0.0,0.13299]},"JTs":{"weight":0.9574,"played":[5.0E-4,0.9995],"evs":[0.0,2.1418]},"JJ":{"weight":1.0E-4,"played":[0.0,1.0],"evs":[0.0,6.52181]},"QJo":{"weight":0.1125,"played":[0.0353,0.9647],"evs":[0.0,0.18407]},"KJo":{"weight":0.9998,"played":[0.0057,0.9943],"evs":[0.0,0.65484]},"AJo":{"weight":3.0E-4,"played":[5.0E-4,0.9995],"evs":[0.0,2.34335]},"Q2s":{"weight":0.0,"played":[0.881,0.119],"evs":[0.0,-0.80717]},"Q3s":{"weight":0.0,"played":[0.9667,0.0333],"evs":[0.0,-1.35918]},"Q4s":{"weight":0.0284,"played":[0.6621,0.3379],"evs":[0.0,0.09048]},"Q5s":{"weight":0.0186,"played":[0.1311,0.8689],"evs":[0.0,-0.00802]},"Q6s":{"weight":0.3515,"played":[0.9865,0.0135],"evs":[0.0,-0.47013]},"Q7s":{"weight":0.7773,"played":[0.74,0.26],"evs":[0.0,-0.7863]},"Q8s":{"weight":0.9312,"played":[0.2743,0.7257],"evs":[0.0,0.3787]},"Q9s":{"weight":0.9883,"played":[0.3663,0.6337],"evs":[0.0,-0.11453]},"QTs":{"weight":0.7237,"played":[9.0E-4,0.9991],"evs":[0.0,1.30115]},"QJs":{"weight":0.9906,"played":[1.0E-4,0.9999],"evs":[0.0,2.74069]},"QQ":{"weight":0.0,"played":[0.0,1.0],"evs":[0.0,8.69655]},"KQo":{"weight":0.9998,"played":[0.001,0.999],"evs":[0.0,1.50406]},"AQo":{"weight":0.0,"played":[1.0E-4,0.9999],"evs":[0.0,4.46472]},"K2s":{"weight":0.7352,"played":[0.5009,0.4991],"evs":[0.0,0.31302]},"K3s":{"weight":0.9237,"played":[0.421,0.579],"evs":[0.0,0.60584]},"K4s":{"weight":0.7165,"played":[0.6278,0.3722],"evs":[0.0,0.00643]},"K5s":{"weight":0.9124,"played":[0.4001,0.5999],"evs":[0.0,0.31228]},"K6s":{"weight":0.7198,"played":[0.1977,0.8023],"evs":[0.0,1.03143]},"K7s":{"weight":0.7908,"played":[0.0141,0.9859],"evs":[0.0,1.44441]},"K8s":{"weight":0.1779,"played":[0.0774,0.9226],"evs":[0.0,1.5339]},"K9s":{"weight":0.4288,"played":[0.0498,0.9502],"evs":[0.0,1.07116]},"KTs":{"weight":0.8767,"played":[0.0338,0.9662],"evs":[0.0,1.13468]},"KJs":{"weight":0.9987,"played":[0.0,1.0],"evs":[0.0,1.79555]},"KQs":{"weight":0.9863,"played":[3.0E-4,0.9997],"evs":[0.0,2.36836]},"KK":{"weight":0.0,"played":[0.0,1.0],"evs":[0.0,11.85342]},"AKo":{"weight":0.0,"played":[0.0,1.0],"evs":[0.0,5.60426]},"A2s":{"weight":0.0193,"played":[0.005,0.995],"evs":[0.0,1.79565]},"A3s":{"weight":0.0085,"played":[0.0073,0.9927],"evs":[0.0,2.36218]},"A4s":{"weight":0.0024,"played":[0.0013,0.9987],"evs":[0.0,0.92175]},"A5s":{"weight":1.0E-4,"played":[0.0014,0.9986],"evs":[0.0,1.48357]},"A6s":{"weight":0.0013,"played":[6.0E-4,0.9994],"evs":[0.0,0.84041]},"A7s":{"weight":0.0147,"played":[0.014,0.986],"evs":[0.0,1.90421]},"A8s":{"weight":0.0816,"played":[0.006,0.994],"evs":[0.0,1.97328]},"A9s":{"weight":0.3159,"played":[0.0021,0.9979],"evs":[0.0,1.91197]},"ATs":{"weight":2.0E-4,"played":[0.0,1.0],"evs":[0.0,2.41467]},"AJs":{"weight":6.0E-4,"played":[3.0E-4,0.9997],"evs":[0.0,3.56756]},"AQs":{"weight":0.0,"played":[1.0E-4,0.9999],"evs":[0.0,4.2709]},"AKs":{"weight":0.0,"played":[5.0E-4,0.9995],"evs":[0.0,6.59317]},"AA":{"weight":0.0088,"played":[0.0,1.0],"evs":[0.0,15.17789]}}}