{"player":4,"street":0,"children":2,"sequence":[{"player":0,"type":"R","amount":200000,"street":0},{"player":1,"type":"F","amount":0,"street":0},{"player":2,"type":"F","amount":0,"street":0},{"player":3,"type":"C","amount":200000,"street":0},{"player":4,"type":"C","amount":150000,"street":0},{"player":5,"type":"R","amount":895000,"street":0},{"player":0,"type":"R","amount":1375000,"street":0},{"player":3,"type":"R","amount":2395000,"street":0}],"actions":[{"type":"F","amount":0},{"type":"C","amount":2195000}],"hands":{"22":{"weight":0.9975,"played":[0.0157,0.9843],"evs":[0.0,1.32629]},"32o":{"weight":0.0,"played":[0.9998,2.0E-4],"evs":[0.0,-3.83535]},"42o":{"weight":0.0,"played":[1.0,0.0],"evs":[0.0,-3.62789]},"52o":{"weight":0.0,"played":[1.0,0.0],"evs":[0.0,-2.602]},"62o":{"weight":0.0,"played":[0.9999,1.0E-4],"evs":[0.0,-3.19533]},"72o":{"weight":0.0,"played":[1.0,0.0],"evs":[0.0,-3.85918]},"82o":{"weight":0.0,"played":[1.0,0.0],"evs":[0.0,-3.5015]},"92o":{"weight":0.0,"played":[1.0,0.0],"evs":[0.0,-4.50561]},"T2o":{"weight":0.0,"played":[1.0,0.0],"evs":[0.0,-3.8803]},"J2o":{"weight":0.0,"played":[1.0,0.0],"evs":[0.0,-4.09316]},"Q2o":{"weight":0.0,"played":[1.0,0.0],"evs":[0.0,-2.96588]},"K2o":{"weight":0.0,"played":[1.0,0.0],"evs":[0.0,-2.54045]},"A2o":{"weight":0.0,"played":[0.9992,8.0E-4],"evs":[0.0,-1.19363]},"32s":{"weight":0.0,"played":[0.9907,0.0093],"evs":[0.0,-1.82152]},"33":{"weight":1.0,"played":[0.0014,0.9986],"evs":[0.0,1.50221]},"43o":{"weight":0.0,"played":[1.0,0.0],"evs":[0.0,-2.13454]},"53o":{"weight":0.0,"played":[1.0,0.0],"evs":[0.0,-2.44316]},"63o":{"weight":0.0,"played":[1.0,0.0],"evs":[0.0,-2.28755]},"73o":{"weight":0.0,"played":[1.0,0.0],"evs":[0.0,-3.19177]},"83o":{"weight":0.0,"played":[1.0,0.0],"evs":[0.0,-3.4584]},"93o":{"weight":0.0,"played":[1.0,0.0],"evs":[0.0,-4.3279]},"T3o":{"weight":0.0,"played":[1.0,0.0],"evs":[0.0,-3.74774]},"J3o":{"weight":0.0,"played":[1.0,0.0],"evs":[0.0,-3.38733]},"Q3o":{"weight":0.0,"played":[1.0,0.0],"evs":[0.0,-3.01853]},"K3o":{"weight":0.0,"played":[1.0,0.0],"evs":[0.0,-2.59544]},"A3o":{"weight":0.0,"played":[0.9997,3.0E-4],"evs":[0.0,-0.93263]},"42s":{"weight":0.0,"played":[0.9999,1.0E-4],"evs":[0.0,-1.17025]},"43s":{"weight":0.9759,"played":[0.8402,0.1598],"evs":[0.0,-0.6133]},"44":{"weight":0.9986,"played":[3.0E-4,0.9997],"evs":[0.0,2.93713]},"54o":{"weight":0.0,"played":[1.0,0.0],"evs":[0.0,-0.86067]},"64o":{"weight":0.0,"played":[0.9984,0.0016],"evs":[0.0,-1.75378]},"74o":{"weight":0.0,"played":[1.0,0.0],"evs":[0.0,-2.4647]},"84o":{"weight":0.0,"played":[1.0,0.0],"evs":[0.0,-2.59459]},"94o":{"weight":0.0,"played":[1.0,0.0],"evs":[0.0,-4.06895]},"T4o":{"weight":0.0,"played":[0.9996,4.0E-4],"evs":[0.0,-3.07126]},"J4o":{"weight":0.0,"played":[1.0,0.0],"evs":[0.0,-3.04716]},"Q4o":{"weight":0.0,"played":[1.0,0.0],"evs":[0.0,-2.67863]},"K4o":{"weight":0.0,"played":[0.9999,1.0E-4],"evs":[0.0,-2.04253]},"A4o":{"weight":0.0,"played":[0.9753,0.0247],"evs":[0.0,-0.36042]},"52s":{"weight":6.0E-4,"played":[0.9552,0.0448],"evs":[0.0,-1.02025]},"53s":{"weight":0.9603,"played":[0.5526,0.4474],"evs":[0.0,0.10042]},"54s":{"weight":0.9974,"played":[0.0051,0.9949],"evs":[0.0,1.60551]},"55":{"weight":0.4782,"played":[1.0E-4,0.9999],"evs":[0.0,3.17871]},"65o":{"weight":0.0,"played":[0.9864,0.0136],"evs":[0.0,-1.05484]},"75o":{"weight":0.0,"played":[0.999,0.001],"evs":[0.0,-1.52542]},"85o":{"weight":0.0,"played":[0.9999,1.0E-4],"evs":[0.0,-1.68632]},"95o":{"weight":0.0,"played":[0.9998,2.0E-4],"evs":[0.0,-3.17788]},"T5o":{"weight":0.0,"played":[1.0,0.0],"evs":[0.0,-3.11238]},"J5o":{"weight":0.0,"played":[1.0,0.0],"evs":[0.0,-2.88601]},"Q5o":{"weight":0.0,"played":[1.0,0.0],"evs":[0.0,-2.01395]},"K5o":{"weight":0.0,"played":[0.9997,3.0E-4],"evs":[0.0,-1.70557]},"A5o":{"weight":0.0,"played":[0.7178,0.2822],"evs":[0.0,-0.28888]},"62s":{"weight":0.0,"played":[0.9914,0.0086],"evs":[0.0,-1.80276]},"63s":{"weight":0.5237,"played":[0.9946,0.0054],"evs":[0.0,-1.15894]},"64s":{"weight":0.9946,"played":[0.0194,0.9806],"evs":[0.0,0.29452]},"65s":{"weight":0.9998,"played":[0.0023,0.9977],"evs":[0.0,1.08836]},"66":{"weight":0.0251,"played":[2.0E-4,0.9998],"evs":[0.0,4.3263]},"76o":{"weight":0.0,"played":[0.9932,0.0068],"evs":[0.0,-0.76277]},"86o":{"weight":0.0,"played":[1.0,0.0],"evs":[0.0,-1.06219]},"96o":{"weight":0.0,"played":[1.0,0.0],"evs":[0.0,-2.48963]},"T6o":{"weight":0.0,"played":[1.0,0.0],"evs":[0.0,-2.54891]},"J6o":{"weight":0.0,"played":[1.0,0.0],"evs":[0.0,-3.12176]},"Q6o":{"weight":0.0,"played":[0.9998,2.0E-4],"evs":[0.0,-2.05303]},"K6o":{"weight":0.0,"played":[0.9996,4.0E-4],"evs":[0.0,-2.07728]},"A6o":{"weight":0.0,"played":[0.9717,0.0283],"evs":[0.0,-0.84082]},"72s":{"weight":0.0,"played":[1.0,0.0],"evs":[0.0,-2.24012]},"73s":{"weight":0.0,"played":[0.9886,0.0114],"evs":[0.0,-1.59101]},"74s":{"weight":0.6188,"played":[0.9998,2.0E-4],"evs":[0.0,-0.5139]},"75s":{"weight":0.9992,"played":[0.1895,0.8105],"evs":[0.0,0.03826]},"76s":{"weight":0.997,"played":[4.0E-4,0.9996],"evs":[0.0,0.594]},"77":{"weight":0.0,"played":[0.0,1.0],"evs":[0.0,5.10284]},"87o":{"weight":0.0,"played":[0.9999,1.0E-4],"evs":[0.0,-0.71069]},"97o":{"weight":0.0,"played":[1.0,0.0],"evs":[0.0,-1.71752]},"T7o":{"weight":0.0,"played":[0.9999,1.0E-4],"evs":[0.0,-1.75629]},"J7o":{"weight":0.0,"played":[1.0,0.0],"evs":[0.0,-2.16131]},"Q7o":{"weight":0.0,"played":[0.9998,2.0E-4],"evs":[0.0,-2.11332]},"K7o":{"weight":0.0,"played":[0.9984,0.0016],"evs":[0.0,-1.17579]},"A7o":{"weight":0.0,"played":[0.3451,0.6549],"evs":[0.0,0.4195]},"82s":{"weight":0.0,"played":[0.9977,0.0023],"evs":[0.0,-1.47186]},"83s":{"weight":0.0,"played":[0.994,0.006],"evs":[0.0,-2.1086]},"84s":{"weight":0.0,"played":[0.9998,2.0E-4],"evs":[0.0,-1.50901]},"85s":{"weight":0.2404,"played":[0.9888,0.0112],"evs":[0.0,-0.76539]},"86s":{"weight":0.998,"played":[0.3551,0.6449],"evs":[0.0,0.01538]},"87s":{"weight":0.9973,"played":[0.0133,0.9867],"evs":[0.0,0.42242]},"88":{"weight":0.0,"played":[0.0,1.0],"evs":[0.0,5.45264]},"98o":{"weight":0.0,"played":[0.9997,3.0E-4],"evs":[0.0,-1.58742]},"T8o":{"weight":0.0,"played":[1.0,0.0],"evs":[0.0,-1.2205]},"J8o":{"weight":0.0,"played":[0.9999,1.0E-4],"evs":[0.0,-1.41702]},"Q8o":{"weight":0.0,"played":[0.9999,1.0E-4],"evs":[0.0,-1.8037]},"K8o":{"weight":0.0,"played":[1.0,0.0],"evs":[0.0,-1.50874]},"A8o":{"weight":0.0,"played":[0.4499,0.5501],"evs":[0.0,0.24753]},"92s":{"weight":0.0,"played":[0.9999,1.0E-4],"evs":[0.0,-2.81373]},"93s":{"weight":0.0,"played":[0.9997,3.0E-4],"evs":[0.0,-2.43149]},"94s":{"weight":0.0,"played":[1.0,0.0],"evs":[0.0,-1.65674]},"95s":{"weight":0.0,"played":[0.9982,0.0018],"evs":[0.0,-0.6767]},"96s":{"weight":0.013,"played":[0.9944,0.0056],"evs":[0.0,-0.19034]},"97s":{"weight":0.9856,"played":[0.567,0.433],"evs":[0.0,0.06075]},"98s":{"weight":0.979,"played":[0.0177,0.9823],"evs":[0.0,0.74312]},"99":{"weight":1.0E-4,"played":[0.0,1.0],"evs":[0.0,6.55272]},"T9o":{"weight":0.0,"played":[0.9997,3.0E-4],"evs":[0.0,-1.29092]},"J9o":{"weight":0.0,"played":[1.0,0.0],"evs":[0.0,-2.24158]},"Q9o":{"weight":0.0,"played":[1.0,0.0],"evs":[0.0,-1.51146]},"K9o":{"weight":0.0,"played":[0.9999,1.0E-4],"evs":[0.0,-1.37722]},"A9o":{"weight":0.9998,"played":[0.0016,0.9984],"evs":[0.0,0.76598]},"T2s":{"weight":0.0,"played":[0.9997,3.0E-4],"evs":[0.0,-1.84653]},"T3s":{"weight":0.0,"played":[0.9988,0.0012],"evs":[0.0,-1.84531]},"T4s":{"weight":0.0,"played":[0.9939,0.0061],"evs":[0.0,-1.28365]},"T5s":{"weight":0.0,"played":[0.9945,0.0055],"evs":[0.0,-1.22421]},"T6s":{"weight":0.7198,"played":[0.78,0.22],"evs":[0.0,-0.08495]},"T7s":{"weight":0.9436,"played":[0.3949,0.6051],"evs":[0.0,0.31628]},"T8s":{"weight":0.996,"played":[0.3475,0.6525],"evs":[0.0,0.18699]},"T9s":{"weight":0.9986,"played":[0.4035,0.5965],"evs":[0.0,-0.16653]},"TT":{"weight":0.0,"played":[0.0,1.0],"evs":[0.0,8.68584]},"JTo":{"weight":0.0,"played":[0.8922,0.1078],"evs":[0.0,-0.45059]},"QTo":{"weight":0.0109,"played":[0.8852,0.1148],"evs":[0.0,-0.38847]},"KTo":{"weight":0.5947,"played":[0.6786,0.3214],"evs":[0.0,0.15946]},"ATo":{"weight":5.0E-4,"played":[1.0E-4,0.9999],"evs":[0.0,2.98481]},"J2s":{"weight":0.0,"played":[0.9998,2.0E-4],"evs":[0.0,-2.47447]},"J3s":{"weight":0.0,"played":[0.9996,4.0E-4],"evs":[0.0,-1.20241]},"J4s":{"weight":0.0,"played":[0.9987,0.0013],"evs":[0.0,-1.12341]},"J5s":{"weight":0.0,"played":[0.9999,1.0E-4],"evs":[0.0,-0.70678]},"J6s":{"weight":1.0E-4,"played":[0.9549,0.0451],"evs":[0.0,-1.0352]},"J7s":{"weight":0.0,"played":[0.475,0.525],"evs":[0.0,-0.0366]},"J8s":{"weight":0.0486,"played":[0.226,0.774],"evs":[0.0,0.72525]},"J9s":{"weight":0.0274,"played":[0.8464,0.1536],"evs":[0.0,-0.19061]},"JTs":{"weight":0.9574,"played":[0.0317,0.9683],"evs":[0.0,1.59298]},"JJ":{"weight":1.0E-4,"played":[0.0,1.0],"evs":[0.0,9.8462]},"QJo":{"weight":0.1125,"played":[0.5506,0.4494],"evs":[0.0,-0.01552]},"KJo":{"weight":0.9998,"played":[0.0042,0.9958],"evs":[0.0,0.84736]},"AJo":{"weight":3.0E-4,"played":[0.0,1.0],"evs":[0.0,4.45645]},"Q2s":{"weight":0.0,"played":[0.8471,0.1529],"evs":[0.0,-0.75758]},"Q3s":{"weight":0.0,"played":[0.9067,0.0933],"evs":[0.0,-0.12374]},"Q4s":{"weight":0.0284,"played":[0.9977,0.0023],"evs":[0.0,-1.69204]},"Q5s":{"weight":0.0186,"played":[0.5066,0.4934],"evs":[0.0,0.42221]},"Q6s":{"weight":0.3515,"played":[0.4431,0.5569],"evs":[0.0,0.07026]},"Q7s":{"weight":0.7773,"played":[0.0476,0.9524],"evs":[0.0,0.29938]},"Q8s":{"weight":0.9312,"played":[0.0331,0.9669],"evs":[0.0,0.38831]},"Q9s":{"weight":0.9883,"played":[0.113,0.887],"evs":[0.0,0.5387]},"QTs":{"weight":0.7237,"played":[0.0014,0.9986],"evs":[0.0,2.03286]},"QJs":{"weight":0.9906,"played":[3.0E-4,0.9997],"evs":[0.0,2.49182]},"QQ":{"weight":0.0,"played":[0.0,1.0],"evs":[0.0,13.27706]},"KQo":{"weight":0.9998,"played":[0.0,1.0],"evs":[0.0,2.68371]},"AQo":{"weight":0.0,"played":[0.0,1.0],"evs":[0.0,5.23751]},"K2s":{"weight":0.7352,"played":[0.6709,0.3291],"evs":[0.0,-0.64995]},"K3s":{"weight":0.9237,"played":[0.9986,0.0014],"evs":[0.0,-0.85172]},"K4s":{"weight":0.7165,"played":[0.7925,0.2075],"evs":[0.0,-0.23053]},"K5s":{"weight":0.9124,"played":[0.1586,0.8414],"evs":[0.0,8.3E-4]},"K6s":{"weight":0.7198,"played":[0.1117,0.8883],"evs":[0.0,0.25905]},"K7s":{"weight":0.7908,"played":[0.253,0.747],"evs":[0.0,0.72573]},"K8s":{"weight":0.1779,"played":[0.2851,0.7149],"evs":[0.0,0.34496]},"K9s":{"weight":0.4288,"played":[1.0E-4,0.9999],"evs":[0.0,0.57929]},"KTs":{"weight":0.8767,"played":[6.0E-4,0.9994],"evs":[0.0,2.43701]},"KJs":{"weight":0.9987,"played":[0.0,1.0],"evs":[0.0,2.80464]},"KQs":{"weight":0.9863,"played":[4.0E-4,0.9996],"evs":[0.0,4.8108]},"KK":{"weight":0.0,"played":[0.0,1.0],"evs":[0.0,17.08084]},"AKo":{"weight":0.0,"played":[0.0,1.0],"evs":[0.0,6.82821]},"A2s":{"weight":0.0193,"played":[0.0046,0.9954],"evs":[0.0,1.01636]},"A3s":{"weight":0.0085,"played":[0.058,0.942],"evs":[0.0,0.85878]},"A4s":{"weight":0.0024,"played":[8.0E-4,0.9992],"evs":[0.0,1.60899]},"A5s":{"weight":1.0E-4,"played":[0.0012,0.9988],"evs":[0.0,1.75412]},"A6s":{"weight":0.0013,"played":[0.0087,0.9913],"evs":[0.0,1.94919]},"A7s":{"weight":0.0147,"played":[0.0021,0.9979],"evs":[0.0,1.99785]},"A8s":{"weight":0.0816,"played":[2.0E-4,0.9998],"evs":[0.0,1.58777]},"A9s":{"weight":0.3159,"played":[0.0,1.0],"evs":[0.0,2.93807]},"ATs":{"weight":2.0E-4,"played":[0.0,1.0],"evs":[0.0,3.51634]},"AJs":{"weight":6.0E-4,"played":[3.0E-4,0.9997],"evs":[0.0,6.17493]},"AQs":{"weight":0.0,"played":[0.0,1.0],"evs":[0.0,6.10187]},"AKs":{"weight":0.0,"played":[0.0,1.0],"evs":[0.0,8.03777]},"AA":{"weight":0.0088,"played":[0.0,1.0],"evs":[0.0,22.42126]}}}