{"player":0,"street":0,"children":3,"sequence":[{"player":0,"type":"R","amount":200000,"street":0},{"player":1,"type":"F","amount":0,"street":0},{"player":2,"type":"F","amount":0,"street":0},{"player":3,"type":"C","amount":200000,"street":0},{"player":4,"type":"R","amount":800000,"street":0},{"player":5,"type":"F","amount":0,"street":0}],"actions":[{"type":"F","amount":0,"node":493},{"type":"C","amount":600000,"node":495},{"type":"R","amount":1375000,"node":499}],"hands":{"22":{"weight":0.0,"played":[0.8503,0.0,0.1497],"evs":[0.0,-0.21717,-0.16922]},"32o":{"weight":0.0,"played":[1.0,0.0,0.0],"evs":[0.0,-1.73876,-2.67204]},"42o":{"weight":0.0,"played":[1.0,0.0,0.0],"evs":[0.0,-1.76745,-2.7005]},"52o":{"weight":0.0,"played":[1.0,0.0,0.0],"evs":[0.0,-1.7119,-2.64997]},"62o":{"weight":0.0,"played":[1.0,0.0,0.0],"evs":[0.0,-1.79822,-2.83724]},"72o":{"weight":0.0,"played":[1.0,0.0,0.0],"evs":[0.0,-1.86089,-2.886]},"82o":{"weight":0.0,"played":[1.0,0.0,0.0],"evs":[0.0,-2.06849,-3.09945]},"92o":{"weight":0.0,"played":[1.0,0.0,0.0],"evs":[0.0,-1.92016,-2.83063]},"T2o":{"weight":0.0,"played":[1.0,0.0,0.0],"evs":[0.0,-1.99148,-2.92612]},"J2o":{"weight":0.0,"played":[1.0,0.0,0.0],"evs":[0.0,-1.72974,-2.57131]},"Q2o":{"weight":0.0,"played":[1.0,0.0,0.0],"evs":[0.0,-1.6666,-2.41828]},"K2o":{"weight":0.0,"played":[1.0,0.0,0.0],"evs":[0.0,-1.69763,-2.32087]},"A2o":{"weight":0.0,"played":[1.0,0.0,0.0],"evs":[0.0,-1.04522,-1.08552]},"32s":{"weight":0.0,"played":[1.0,0.0,0.0],"evs":[0.0,-1.03293,-1.84746]},"33":{"weight":0.0,"played":[0.3143,0.0932,0.5925],"evs":[0.0,0.0717,0.09393]},"43o":{"weight":0.0,"played":[1.0,0.0,0.0],"evs":[0.0,-1.36793,-2.24684]},"53o":{"weight":0.0,"played":[1.0,0.0,0.0],"evs":[0.0,-1.48268,-2.36304]},"63o":{"weight":0.0,"played":[0.9999,1.0E-4,0.0],"evs":[0.0,-1.63446,-2.54312]},"73o":{"weight":0.0,"played":[1.0,0.0,0.0],"evs":[0.0,-1.70196,-2.61777]},"83o":{"weight":0.0,"played":[1.0,0.0,0.0],"evs":[0.0,-2.08523,-3.08654]},"93o":{"weight":0.0,"played":[1.0,0.0,0.0],"evs":[0.0,-1.92229,-2.80013]},"T3o":{"weight":0.0,"played":[1.0,0.0,0.0],"evs":[0.0,-2.01784,-2.99585]},"J3o":{"weight":0.0,"played":[1.0,0.0,0.0],"evs":[0.0,-1.72988,-2.56115]},"Q3o":{"weight":0.0,"played":[1.0,0.0,0.0],"evs":[0.0,-1.64913,-2.40379]},"K3o":{"weight":0.0,"played":[1.0,0.0,0.0],"evs":[0.0,-1.56004,-2.10052]},"A3o":{"weight":0.0,"played":[1.0,0.0,0.0],"evs":[0.0,-1.05156,-1.1385]},"42s":{"weight":0.0,"played":[1.0,0.0,0.0],"evs":[0.0,-1.01717,-1.75583]},"43s":{"weight":0.0,"played":[1.0,0.0,0.0],"evs":[0.0,-0.8511,-1.52565]},"44":{"weight":0.0254,"played":[0.0477,0.4472,0.5051],"evs":[0.0,0.27862,0.26447]},"54o":{"weight":0.0,"played":[1.0,0.0,0.0],"evs":[0.0,-1.25533,-2.02204]},"64o":{"weight":0.0,"played":[1.0,0.0,0.0],"evs":[0.0,-1.26339,-2.09614]},"74o":{"weight":0.0,"played":[1.0,0.0,0.0],"evs":[0.0,-1.45512,-2.25911]},"84o":{"weight":0.0,"played":[1.0,0.0,0.0],"evs":[0.0,-1.92619,-2.85588]},"94o":{"weight":0.0,"played":[1.0,0.0,0.0],"evs":[0.0,-1.8738,-2.76983]},"T4o":{"weight":0.0,"played":[1.0,0.0,0.0],"evs":[0.0,-2.0331,-2.926]},"J4o":{"weight":0.0,"played":[1.0,0.0,0.0],"evs":[0.0,-1.72486,-2.55004]},"Q4o":{"weight":0.0,"played":[1.0,0.0,0.0],"evs":[0.0,-1.65436,-2.39343]},"K4o":{"weight":0.0,"played":[1.0,0.0,0.0],"evs":[0.0,-1.59494,-2.12721]},"A4o":{"weight":0.0,"played":[1.0,0.0,0.0],"evs":[0.0,-0.92848,-0.98178]},"52s":{"weight":0.0,"played":[1.0,0.0,0.0],"evs":[0.0,-1.09795,-1.95958]},"53s":{"weight":0.0,"played":[0.9999,0.0,0.0],"evs":[0.0,-0.72935,-1.40408]},"54s":{"weight":0.0,"played":[0.9983,0.0016,1.0E-4],"evs":[0.0,-0.5556,-1.19262]},"55":{"weight":0.3158,"played":[0.0096,0.6146,0.3758],"evs":[0.0,0.39184,0.38637]},"65o":{"weight":0.0,"played":[1.0,0.0,0.0],"evs":[0.0,-0.98775,-1.77009]},"75o":{"weight":0.0,"played":[1.0,0.0,0.0],"evs":[0.0,-1.17746,-1.94149]},"85o":{"weight":0.0,"played":[1.0,0.0,0.0],"evs":[0.0,-1.56207,-2.44971]},"95o":{"weight":0.0,"played":[1.0,0.0,0.0],"evs":[0.0,-1.63972,-2.43109]},"T5o":{"weight":0.0,"played":[1.0,0.0,0.0],"evs":[0.0,-2.10007,-3.01742]},"J5o":{"weight":0.0,"played":[1.0,0.0,0.0],"evs":[0.0,-1.72879,-2.47571]},"Q5o":{"weight":0.0,"played":[1.0,0.0,0.0],"evs":[0.0,-1.71942,-2.37773]},"K5o":{"weight":0.0,"played":[1.0,0.0,0.0],"evs":[0.0,-1.54376,-2.09971]},"A5o":{"weight":0.0,"played":[0.9999,0.0,1.0E-4],"evs":[0.0,-0.76592,-0.8675]},"62s":{"weight":0.0,"played":[1.0,0.0,0.0],"evs":[0.0,-1.21518,-1.9882]},"63s":{"weight":0.0,"played":[1.0,0.0,0.0],"evs":[0.0,-0.91778,-1.66364]},"64s":{"weight":0.0,"played":[0.9979,0.0019,2.0E-4],"evs":[0.0,-0.67359,-1.30156]},"65s":{"weight":0.0,"played":[0.9989,0.0011,1.0E-4],"evs":[0.0,-0.38103,-1.03706]},"66":{"weight":0.1774,"played":[0.0,0.3677,0.6323],"evs":[0.0,0.97875,0.99528]},"76o":{"weight":0.0,"played":[1.0,0.0,0.0],"evs":[0.0,-0.76448,-1.53086]},"86o":{"weight":0.0,"played":[1.0,0.0,0.0],"evs":[0.0,-1.32458,-2.1167]},"96o":{"weight":0.0,"played":[1.0,0.0,0.0],"evs":[0.0,-1.31755,-2.12134]},"T6o":{"weight":0.0,"played":[1.0,0.0,0.0],"evs":[0.0,-1.81916,-2.69518]},"J6o":{"weight":0.0,"played":[1.0,0.0,0.0],"evs":[0.0,-1.59322,-2.40695]},"Q6o":{"weight":0.0,"played":[1.0,0.0,0.0],"evs":[0.0,-1.43723,-2.13499]},"K6o":{"weight":0.0,"played":[1.0,0.0,0.0],"evs":[0.0,-1.50363,-1.99049]},"A6o":{"weight":0.0,"played":[1.0,0.0,0.0],"evs":[0.0,-0.95388,-1.00733]},"72s":{"weight":0.0,"played":[1.0,0.0,0.0],"evs":[0.0,-1.35206,-1.98297]},"73s":{"weight":0.0,"played":[1.0,0.0,0.0],"evs":[0.0,-1.1516,-1.81309]},"74s":{"weight":0.0,"played":[1.0,0.0,0.0],"evs":[0.0,-0.68536,-1.37786]},"75s":{"weight":0.0,"played":[0.9988,0.001,1.0E-4],"evs":[0.0,-0.57468,-1.24092]},"76s":{"weight":0.0,"played":[0.9934,0.0063,3.0E-4],"evs":[0.0,-0.21051,-0.71133]},"77":{"weight":3.0E-4,"played":[0.0,0.0,1.0],"evs":[0.0,1.57941,1.61585]},"87o":{"weight":0.0,"played":[1.0,0.0,0.0],"evs":[0.0,-1.04402,-1.65428]},"97o":{"weight":0.0,"played":[1.0,0.0,0.0],"evs":[0.0,-1.11371,-1.68658]},"T7o":{"weight":0.0,"played":[1.0,0.0,0.0],"evs":[0.0,-1.45759,-2.13639]},"J7o":{"weight":0.0,"played":[1.0,0.0,0.0],"evs":[0.0,-1.38086,-2.01078]},"Q7o":{"weight":0.0,"played":[1.0,0.0,0.0],"evs":[0.0,-1.4701,-2.03585]},"K7o":{"weight":0.0,"played":[1.0,0.0,0.0],"evs":[0.0,-1.33603,-1.69188]},"A7o":{"weight":0.0,"played":[0.9997,0.0,3.0E-4],"evs":[0.0,-0.59375,-0.60402]},"82s":{"weight":0.0,"played":[0.9998,1.0E-4,0.0],"evs":[0.0,-1.27469,-2.00662]},"83s":{"weight":0.0,"played":[1.0,0.0,0.0],"evs":[0.0,-1.38312,-2.13832]},"84s":{"weight":0.0,"played":[0.9997,0.0,3.0E-4],"evs":[0.0,-1.352,-2.10222]},"85s":{"weight":0.0,"played":[1.0,0.0,0.0],"evs":[0.0,-1.01139,-1.6815]},"86s":{"weight":0.0,"played":[0.9988,0.0011,1.0E-4],"evs":[0.0,-0.71582,-1.40168]},"87s":{"weight":0.0,"played":[0.9942,0.0058,0.0],"evs":[0.0,-0.33468,-0.91674]},"88":{"weight":0.4243,"played":[0.0,0.005,0.995],"evs":[0.0,1.82818,1.87014]},"98o":{"weight":0.0,"played":[0.9999,0.0,0.0],"evs":[0.0,-1.10396,-1.7206]},"T8o":{"weight":0.0,"played":[1.0,0.0,0.0],"evs":[0.0,-1.45125,-2.19851]},"J8o":{"weight":0.0,"played":[1.0,0.0,0.0],"evs":[0.0,-1.41883,-2.01287]},"Q8o":{"weight":0.0,"played":[1.0,0.0,0.0],"evs":[0.0,-1.50266,-2.12462]},"K8o":{"weight":0.0,"played":[1.0,0.0,0.0],"evs":[0.0,-1.52299,-1.85689]},"A8o":{"weight":1.0,"played":[0.9892,7.0E-4,0.0101],"evs":[0.0,-0.28311,-0.23364]},"92s":{"weight":0.0,"played":[1.0,0.0,0.0],"evs":[0.0,-1.24139,-1.85926]},"93s":{"weight":0.0,"played":[1.0,0.0,0.0],"evs":[0.0,-1.21888,-1.89097]},"94s":{"weight":0.0,"played":[1.0,0.0,0.0],"evs":[0.0,-1.05131,-1.69937]},"95s":{"weight":0.0,"played":[1.0,0.0,0.0],"evs":[0.0,-1.02786,-1.59668]},"96s":{"weight":0.0,"played":[0.9991,4.0E-4,6.0E-4],"evs":[0.0,-0.75181,-1.24535]},"97s":{"weight":0.0,"played":[0.9978,0.0019,2.0E-4],"evs":[0.0,-0.58088,-1.01484]},"98s":{"weight":0.0,"played":[0.9723,0.0274,3.0E-4],"evs":[0.0,-0.45286,-0.89775]},"99":{"weight":0.4133,"played":[0.0,0.0789,0.9211],"evs":[0.0,2.20523,2.25431]},"T9o":{"weight":0.0,"played":[1.0,0.0,0.0],"evs":[0.0,-1.15608,-1.71095]},"J9o":{"weight":0.0,"played":[1.0,0.0,0.0],"evs":[0.0,-0.99431,-1.46714]},"Q9o":{"weight":0.0,"played":[1.0,0.0,0.0],"evs":[0.0,-1.06676,-1.48796]},"K9o":{"weight":0.0,"played":[1.0,0.0,0.0],"evs":[0.0,-0.94042,-1.05441]},"A9o":{"weight":0.9998,"played":[0.3833,4.0E-4,0.6163],"evs":[0.0,-0.02517,0.04398]},"T2s":{"weight":0.0,"played":[1.0,0.0,0.0],"evs":[0.0,-1.33979,-2.06681]},"T3s":{"weight":0.0,"played":[1.0,0.0,0.0],"evs":[0.0,-1.41648,-2.07988]},"T4s":{"weight":0.0,"played":[0.9999,0.0,1.0E-4],"evs":[0.0,-1.4854,-2.17979]},"T5s":{"weight":0.0,"played":[0.9988,6.0E-4,6.0E-4],"evs":[0.0,-1.40582,-2.20574]},"T6s":{"weight":0.0,"played":[0.9995,3.0E-4,2.0E-4],"evs":[0.0,-1.23372,-1.94362]},"T7s":{"weight":0.0,"played":[0.9999,0.0,1.0E-4],"evs":[0.0,-0.73147,-1.15901]},"T8s":{"weight":0.0,"played":[0.9978,0.0021,2.0E-4],"evs":[0.0,-0.84199,-1.39657]},"T9s":{"weight":1.0,"played":[0.9994,4.0E-4,2.0E-4],"evs":[0.0,-0.35014,-0.75507]},"TT":{"weight":1.0,"played":[0.0,0.1308,0.8692],"evs":[0.0,2.99184,3.0388]},"JTo":{"weight":0.0,"played":[1.0,0.0,0.0],"evs":[0.0,-1.01622,-1.46052]},"QTo":{"weight":0.0,"played":[1.0,0.0,0.0],"evs":[0.0,-1.17942,-1.5122]},"KTo":{"weight":0.0841,"played":[0.9997,3.0E-4,0.0],"evs":[0.0,-0.84332,-0.85689]},"ATo":{"weight":0.0,"played":[0.0,6.0E-4,0.9994],"evs":[0.0,1.27744,1.37824]},"J2s":{"weight":0.0,"played":[0.9998,1.0E-4,1.0E-4],"evs":[0.0,-1.12846,-1.63738]},"J3s":{"weight":0.0,"played":[0.9999,0.0,0.0],"evs":[0.0,-1.23378,-1.77943]},"J4s":{"weight":0.0,"played":[1.0,0.0,0.0],"evs":[0.0,-1.22631,-1.71522]},"J5s":{"weight":0.0,"played":[1.0,0.0,0.0],"evs":[0.0,-1.15382,-1.723]},"J6s":{"weight":0.0,"played":[1.0,0.0,0.0],"evs":[0.0,-0.93335,-1.51356]},"J7s":{"weight":0.0,"played":[0.9998,1.0E-4,1.0E-4],"evs":[0.0,-0.57253,-0.98034]},"J8s":{"weight":0.0,"played":[0.9914,0.0059,0.0027],"evs":[0.0,-0.74315,-1.28503]},"J9s":{"weight":0.6075,"played":[0.9991,1.0E-4,7.0E-4],"evs":[0.0,-0.42183,-0.72532]},"JTs":{"weight":0.094,"played":[0.9765,0.023,5.0E-4],"evs":[0.0,-0.4084,-0.73959]},"JJ":{"weight":1.0,"played":[0.0,0.1344,0.8656],"evs":[0.0,3.85439,3.89187]},"QJo":{"weight":0.9941,"played":[1.0,0.0,0.0],"evs":[0.0,-0.66532,-0.85777]},"KJo":{"weight":0.9644,"played":[0.9996,2.0E-4,3.0E-4],"evs":[0.0,-0.33474,-0.28111]},"AJo":{"weight":0.0,"played":[0.0,0.0,1.0],"evs":[0.0,2.31727,2.37164]},"Q2s":{"weight":0.0,"played":[1.0,0.0,0.0],"evs":[0.0,-1.2976,-1.7951]},"Q3s":{"weight":0.0,"played":[0.9999,0.0,1.0E-4],"evs":[0.0,-0.92033,-1.44759]},"Q4s":{"weight":0.0,"played":[1.0,0.0,0.0],"evs":[0.0,-0.89631,-1.39168]},"Q5s":{"weight":0.0,"played":[1.0,0.0,0.0],"evs":[0.0,-0.91201,-1.44386]},"Q6s":{"weight":0.0,"played":[1.0,0.0,0.0],"evs":[0.0,-0.84586,-1.2335]},"Q7s":{"weight":0.0,"played":[0.9999,1.0E-4,0.0],"evs":[0.0,-0.85688,-1.34178]},"Q8s":{"weight":0.0,"played":[1.0,0.0,0.0],"evs":[0.0,-0.95498,-1.4614]},"Q9s":{"weight":1.0,"played":[1.0,0.0,0.0],"evs":[0.0,-0.36424,-0.69956]},"QTs":{"weight":0.3137,"played":[0.9846,0.0124,0.0031],"evs":[0.0,-0.45783,-0.74456]},"QJs":{"weight":0.9448,"played":[0.7911,0.2064,0.0026],"evs":[0.0,-0.0267,-0.09544]},"QQ":{"weight":1.0,"played":[0.0,0.2235,0.7765],"evs":[0.0,4.37394,4.39349]},"KQo":{"weight":0.0,"played":[0.9599,0.0065,0.0336],"evs":[0.0,-0.07799,-0.02276]},"AQo":{"weight":0.0,"played":[0.0,0.006,0.994],"evs":[0.0,2.81372,2.84277]},"K2s":{"weight":0.0,"played":[0.9999,0.0,1.0E-4],"evs":[0.0,-0.8625,-1.24528]},"K3s":{"weight":0.0,"played":[0.9998,1.0E-4,2.0E-4],"evs":[0.0,-0.85794,-1.2632]},"K4s":{"weight":0.0,"played":[0.9999,0.0,0.0],"evs":[0.0,-0.84918,-1.21105]},"K5s":{"weight":0.0,"played":[0.9991,3.0E-4,6.0E-4],"evs":[0.0,-0.82706,-1.23979]},"K6s":{"weight":0.0,"played":[1.0,0.0,0.0],"evs":[0.0,-0.74999,-1.11768]},"K7s":{"weight":0.0,"played":[0.9947,0.0046,7.0E-4],"evs":[0.0,-0.45741,-0.73887]},"K8s":{"weight":0.0,"played":[0.9988,8.0E-4,4.0E-4],"evs":[0.0,-0.76481,-1.01773]},"K9s":{"weight":1.0,"played":[0.9952,0.0048,0.0],"evs":[0.0,-0.25742,-0.34414]},"KTs":{"weight":0.1769,"played":[0.6584,0.3146,0.0269],"evs":[0.0,-0.26239,-0.24427]},"KJs":{"weight":0.5604,"played":[9.0E-4,0.4401,0.559],"evs":[0.0,0.46315,0.53383]},"KQs":{"weight":0.6009,"played":[2.0E-4,0.2344,0.7654],"evs":[0.0,0.71737,0.78518]},"KK":{"weight":1.0,"played":[0.0,0.0085,0.9915],"evs":[0.0,5.94171,5.99184]},"AKo":{"weight":0.6929,"played":[0.0,0.0,1.0],"evs":[0.0,3.67424,3.71257]},"A2s":{"weight":0.9972,"played":[0.9997,3.0E-4,0.0],"evs":[0.0,-0.12921,-0.19756]},"A3s":{"weight":1.0,"played":[0.9857,3.0E-4,0.014],"evs":[0.0,-0.20159,-0.23117]},"A4s":{"weight":0.9929,"played":[0.9649,0.0166,0.0185],"evs":[0.0,-0.02984,-0.06683]},"A5s":{"weight":0.0026,"played":[0.7879,0.1289,0.0831],"evs":[0.0,-0.03002,-0.09107]},"A6s":{"weight":0.9908,"played":[0.9211,5.0E-4,0.0784],"evs":[0.0,-0.07412,-0.05148]},"A7s":{"weight":0.8485,"played":[0.3852,0.0511,0.5637],"evs":[0.0,0.09591,0.12157]},"A8s":{"weight":0.2395,"played":[0.0261,0.041,0.9328],"evs":[0.0,0.3799,0.46036]},"A9s":{"weight":0.2198,"played":[0.0,0.0425,0.9575],"evs":[0.0,0.69379,0.78595]},"ATs":{"weight":1.0,"played":[1.0E-4,0.0044,0.9955],"evs":[0.0,1.94976,2.05267]},"AJs":{"weight":1.0,"played":[0.0,0.0644,0.9356],"evs":[0.0,2.81857,2.8488]},"AQs":{"weight":1.0,"played":[0.0,0.0276,0.9724],"evs":[0.0,3.28915,3.32189]},"AKs":{"weight":1.0,"played":[0.0,0.0043,0.9957],"evs":[0.0,4.32061,4.37973]},"AA":{"weight":1.0,"played":[0.0,0.1645,0.8355],"evs":[0.0,10.28492,10.33074]}}}