{"player":3,"street":0,"children":3,"sequence":[{"player":0,"type":"R","amount":200000,"street":0},{"player":1,"type":"F","amount":0,"street":0},{"player":2,"type":"F","amount":0,"street":0},{"player":3,"type":"C","amount":200000,"street":0},{"player":4,"type":"R","amount":800000,"street":0},{"player":5,"type":"F","amount":0,"street":0},{"player":0,"type":"F","amount":0,"street":0}],"actions":[{"type":"F","amount":0},{"type":"C","amount":600000},{"type":"R","amount":2395000,"node":494}],"hands":{"22":{"weight":0.0132,"played":[0.9621,0.0,0.0379],"evs":[0.0,-0.79965,-0.32432]},"32o":{"weight":0.0,"played":[1.0,0.0,0.0],"evs":[0.0,-1.64693,-3.68422]},"42o":{"weight":0.0,"played":[1.0,0.0,0.0],"evs":[0.0,-1.43613,-3.46027]},"52o":{"weight":0.0,"played":[1.0,0.0,0.0],"evs":[0.0,-1.55932,-3.44401]},"62o":{"weight":0.0,"played":[1.0,0.0,0.0],"evs":[0.0,-1.75872,-3.66312]},"72o":{"weight":0.0,"played":[1.0,0.0,0.0],"evs":[0.0,-1.57512,-3.53702]},"82o":{"weight":0.0,"played":[1.0,0.0,0.0],"evs":[0.0,-2.02944,-4.15214]},"92o":{"weight":0.0,"played":[1.0,0.0,0.0],"evs":[0.0,-1.62402,-3.56755]},"T2o":{"weight":0.0,"played":[1.0,0.0,0.0],"evs":[0.0,-1.8625,-3.83325]},"J2o":{"weight":0.0,"played":[1.0,0.0,0.0],"evs":[0.0,-1.25859,-3.24052]},"Q2o":{"weight":0.0,"played":[1.0,0.0,0.0],"evs":[0.0,-1.16199,-3.16622]},"K2o":{"weight":0.0,"played":[1.0,0.0,0.0],"evs":[0.0,-1.20058,-2.62747]},"A2o":{"weight":0.0,"played":[1.0,0.0,0.0],"evs":[0.0,-1.10891,-1.69707]},"32s":{"weight":0.0,"played":[1.0,0.0,0.0],"evs":[0.0,-0.8485,-2.33892]},"33":{"weight":0.5657,"played":[0.9708,2.0E-4,0.029],"evs":[0.0,-0.55416,-0.20599]},"43o":{"weight":0.0,"played":[1.0,0.0,0.0],"evs":[0.0,-1.25626,-3.0401]},"53o":{"weight":0.0,"played":[1.0,0.0,0.0],"evs":[0.0,-1.21968,-3.20962]},"63o":{"weight":0.0,"played":[1.0,0.0,0.0],"evs":[0.0,-1.24232,-3.11097]},"73o":{"weight":0.0,"played":[1.0,0.0,0.0],"evs":[0.0,-1.40086,-3.24362]},"83o":{"weight":0.0,"played":[1.0,0.0,0.0],"evs":[0.0,-2.03731,-4.04587]},"93o":{"weight":0.0,"played":[1.0,0.0,0.0],"evs":[0.0,-1.54277,-3.58111]},"T3o":{"weight":0.0,"played":[1.0,0.0,0.0],"evs":[0.0,-1.93872,-4.06368]},"J3o":{"weight":0.0,"played":[1.0,0.0,0.0],"evs":[0.0,-1.42194,-3.30706]},"Q3o":{"weight":0.0,"played":[1.0,0.0,0.0],"evs":[0.0,-1.27681,-2.94655]},"K3o":{"weight":0.0,"played":[1.0,0.0,0.0],"evs":[0.0,-1.10395,-2.40553]},"A3o":{"weight":0.0,"played":[1.0,0.0,0.0],"evs":[0.0,-0.87083,-1.40097]},"42s":{"weight":0.0,"played":[0.9999,1.0E-4,1.0E-4],"evs":[0.0,-0.80252,-2.12463]},"43s":{"weight":0.0,"played":[0.9998,1.0E-4,1.0E-4],"evs":[0.0,-0.6378,-2.03706]},"44":{"weight":0.9854,"played":[0.7366,0.0606,0.2028],"evs":[0.0,-0.04288,0.11924]},"54o":{"weight":0.0,"played":[1.0,0.0,0.0],"evs":[0.0,-1.01471,-2.68072]},"64o":{"weight":0.0,"played":[1.0,0.0,0.0],"evs":[0.0,-1.06605,-2.5262]},"74o":{"weight":0.0,"played":[1.0,0.0,0.0],"evs":[0.0,-0.99966,-2.51571]},"84o":{"weight":0.0,"played":[1.0,0.0,0.0],"evs":[0.0,-1.75233,-3.74746]},"94o":{"weight":0.0,"played":[1.0,0.0,0.0],"evs":[0.0,-1.57428,-3.47465]},"T4o":{"weight":0.0,"played":[1.0,0.0,0.0],"evs":[0.0,-1.82083,-3.62846]},"J4o":{"weight":0.0,"played":[1.0,0.0,0.0],"evs":[0.0,-1.3668,-3.1144]},"Q4o":{"weight":0.0,"played":[1.0,0.0,0.0],"evs":[0.0,-1.28428,-3.02897]},"K4o":{"weight":0.0,"played":[1.0,0.0,0.0],"evs":[0.0,-1.23248,-2.48922]},"A4o":{"weight":0.0,"played":[0.9999,0.0,0.0],"evs":[0.0,-0.81375,-1.32772]},"52s":{"weight":0.0,"played":[0.9999,1.0E-4,0.0],"evs":[0.0,-1.07539,-2.57361]},"53s":{"weight":0.0,"played":[0.9995,4.0E-4,1.0E-4],"evs":[0.0,-0.50306,-1.90969]},"54s":{"weight":0.4965,"played":[1.0,0.0,0.0],"evs":[0.0,-0.3375,-1.56343]},"55":{"weight":0.1027,"played":[0.1013,0.3981,0.5006],"evs":[0.0,0.19498,0.27624]},"65o":{"weight":0.0,"played":[1.0,0.0,0.0],"evs":[0.0,-0.77793,-2.33702]},"75o":{"weight":0.0,"played":[1.0,0.0,0.0],"evs":[0.0,-1.01019,-2.31649]},"85o":{"weight":0.0,"played":[1.0,0.0,0.0],"evs":[0.0,-1.59699,-3.51904]},"95o":{"weight":0.0,"played":[1.0,0.0,0.0],"evs":[0.0,-1.36238,-3.14601]},"T5o":{"weight":0.0,"played":[1.0,0.0,0.0],"evs":[0.0,-1.81765,-3.71307]},"J5o":{"weight":0.0,"played":[1.0,0.0,0.0],"evs":[0.0,-1.43077,-3.0592]},"Q5o":{"weight":0.0,"played":[1.0,0.0,0.0],"evs":[0.0,-1.1533,-2.8474]},"K5o":{"weight":0.0,"played":[1.0,0.0,0.0],"evs":[0.0,-1.19469,-2.39025]},"A5o":{"weight":0.0,"played":[0.9999,0.0,0.0],"evs":[0.0,-0.65161,-1.21714]},"62s":{"weight":0.0,"played":[1.0,0.0,0.0],"evs":[0.0,-1.03294,-2.47615]},"63s":{"weight":0.0,"played":[0.9996,4.0E-4,0.0],"evs":[0.0,-0.80922,-2.31558]},"64s":{"weight":0.0,"played":[1.0,0.0,0.0],"evs":[0.0,-0.52965,-1.73722]},"65s":{"weight":1.0,"played":[0.9597,0.0403,0.0],"evs":[0.0,0.06585,-1.14442]},"66":{"weight":1.0E-4,"played":[2.0E-4,0.0326,0.9672],"evs":[0.0,0.89511,1.27334]},"76o":{"weight":0.0,"played":[1.0,0.0,0.0],"evs":[0.0,-0.62679,-1.75607]},"86o":{"weight":0.0,"played":[1.0,0.0,0.0],"evs":[0.0,-1.32544,-2.81866]},"96o":{"weight":0.0,"played":[1.0,0.0,0.0],"evs":[0.0,-1.15676,-2.69431]},"T6o":{"weight":0.0,"played":[1.0,0.0,0.0],"evs":[0.0,-1.55722,-3.25092]},"J6o":{"weight":0.0,"played":[1.0,0.0,0.0],"evs":[0.0,-1.25791,-2.92511]},"Q6o":{"weight":0.0,"played":[1.0,0.0,0.0],"evs":[0.0,-1.04017,-2.51649]},"K6o":{"weight":0.0,"played":[0.9999,1.0E-4,0.0],"evs":[0.0,-1.10138,-2.10949]},"A6o":{"weight":0.0,"played":[1.0,0.0,0.0],"evs":[0.0,-1.21202,-1.4632]},"72s":{"weight":0.0,"played":[1.0,0.0,0.0],"evs":[0.0,-0.99102,-2.33582]},"73s":{"weight":0.0,"played":[1.0,0.0,0.0],"evs":[0.0,-0.97019,-2.47777]},"74s":{"weight":0.0,"played":[0.9983,0.0017,0.0],"evs":[0.0,-0.57827,-1.80714]},"75s":{"weight":2.0E-4,"played":[0.9988,0.0012,0.0],"evs":[0.0,-0.46769,-1.61907]},"76s":{"weight":1.0,"played":[0.7413,0.2587,0.0],"evs":[0.0,0.07957,-0.79857]},"77":{"weight":3.0E-4,"played":[0.0,0.0029,0.9971],"evs":[0.0,1.84504,2.61988]},"87o":{"weight":0.0,"played":[1.0,0.0,0.0],"evs":[0.0,-0.9465,-2.21433]},"97o":{"weight":0.0,"played":[1.0,0.0,0.0],"evs":[0.0,-0.87044,-2.02602]},"T7o":{"weight":0.0,"played":[1.0,0.0,0.0],"evs":[0.0,-1.20686,-2.55391]},"J7o":{"weight":0.0,"played":[1.0,0.0,0.0],"evs":[0.0,-0.8489,-2.22146]},"Q7o":{"weight":0.0,"played":[1.0,0.0,0.0],"evs":[0.0,-0.8976,-2.16435]},"K7o":{"weight":0.0,"played":[1.0,0.0,0.0],"evs":[0.0,-0.92587,-1.67922]},"A7o":{"weight":0.0,"played":[0.9998,0.0,1.0E-4],"evs":[0.0,-0.82264,-0.76835]},"82s":{"weight":0.0,"played":[0.9999,1.0E-4,0.0],"evs":[0.0,-1.52502,-3.19564]},"83s":{"weight":0.0,"played":[0.9999,1.0E-4,0.0],"evs":[0.0,-1.51273,-3.16525]},"84s":{"weight":0.0,"played":[1.0,0.0,0.0],"evs":[0.0,-0.99399,-2.74658]},"85s":{"weight":0.0,"played":[0.9997,2.0E-4,0.0],"evs":[0.0,-0.91236,-1.96977]},"86s":{"weight":0.0013,"played":[0.9938,0.0059,2.0E-4],"evs":[0.0,-0.62172,-1.95544]},"87s":{"weight":0.948,"played":[0.9816,0.0182,2.0E-4],"evs":[0.0,-0.1933,-1.12575]},"88":{"weight":0.2123,"played":[0.0,0.0129,0.9871],"evs":[0.0,1.55448,1.94105]},"98o":{"weight":0.0,"played":[1.0,0.0,0.0],"evs":[0.0,-0.84564,-2.03491]},"T8o":{"weight":0.0,"played":[1.0,0.0,0.0],"evs":[0.0,-1.51465,-2.84785]},"J8o":{"weight":0.0,"played":[1.0,0.0,0.0],"evs":[0.0,-1.20832,-2.77188]},"Q8o":{"weight":0.0,"played":[0.9998,2.0E-4,0.0],"evs":[0.0,-1.18977,-2.69903]},"K8o":{"weight":0.0,"played":[1.0,0.0,0.0],"evs":[0.0,-1.24981,-1.97718]},"A8o":{"weight":1.0E-4,"played":[1.0,0.0,0.0],"evs":[0.0,-0.68239,-0.78497]},"92s":{"weight":0.0,"played":[0.9999,1.0E-4,0.0],"evs":[0.0,-1.29123,-2.53265]},"93s":{"weight":0.0,"played":[1.0,0.0,0.0],"evs":[0.0,-1.15715,-2.51563]},"94s":{"weight":0.0,"played":[0.9998,2.0E-4,0.0],"evs":[0.0,-0.72427,-2.18436]},"95s":{"weight":0.0,"played":[1.0,0.0,0.0],"evs":[0.0,-0.85485,-2.09551]},"96s":{"weight":0.0,"played":[0.9988,0.0011,1.0E-4],"evs":[0.0,-0.38919,-1.55891]},"97s":{"weight":0.0,"played":[0.5155,0.4845,0.0],"evs":[0.0,0.06748,-0.82096]},"98s":{"weight":8.0E-4,"played":[0.9985,0.0015,0.0],"evs":[0.0,-0.48999,-1.20046]},"99":{"weight":0.053,"played":[0.0,0.08,0.92],"evs":[0.0,2.2508,2.61318]},"T9o":{"weight":0.0,"played":[1.0,0.0,0.0],"evs":[0.0,-0.68856,-1.81086]},"J9o":{"weight":0.0,"played":[0.9997,3.0E-4,0.0],"evs":[0.0,-0.57673,-1.91167]},"Q9o":{"weight":0.0,"played":[0.998,0.002,0.0],"evs":[0.0,-0.57442,-1.8273]},"K9o":{"weight":0.0,"played":[1.0,0.0,0.0],"evs":[0.0,-0.50761,-0.84068]},"A9o":{"weight":1.0,"played":[1.0,0.0,0.0],"evs":[0.0,-0.51508,-0.80261]},"T2s":{"weight":0.0,"played":[0.9997,3.0E-4,0.0],"evs":[0.0,-1.33828,-3.05359]},"T3s":{"weight":0.0,"played":[1.0,0.0,0.0],"evs":[0.0,-1.34994,-2.93694]},"T4s":{"weight":0.0,"played":[0.9999,1.0E-4,0.0],"evs":[0.0,-1.00104,-2.34911]},"T5s":{"weight":0.0,"played":[0.9993,6.0E-4,1.0E-4],"evs":[0.0,-1.15939,-2.67947]},"T6s":{"weight":0.0,"played":[0.9993,7.0E-4,1.0E-4],"evs":[0.0,-0.89173,-2.20533]},"T7s":{"weight":0.0,"played":[0.9734,0.0266,0.0],"evs":[0.0,-0.62604,-1.48697]},"T8s":{"weight":0.9646,"played":[1.0,0.0,0.0],"evs":[0.0,-0.77447,-1.70754]},"T9s":{"weight":0.9999,"played":[0.9707,0.0293,0.0],"evs":[0.0,-0.34055,-1.02769]},"TT":{"weight":0.0,"played":[0.0,0.0191,0.9809],"evs":[0.0,3.90154,4.41431]},"JTo":{"weight":0.0,"played":[1.0,0.0,0.0],"evs":[0.0,-1.02931,-1.90816]},"QTo":{"weight":0.0,"played":[0.994,0.006,0.0],"evs":[0.0,-0.71844,-1.79807]},"KTo":{"weight":0.0046,"played":[0.9998,2.0E-4,0.0],"evs":[0.0,-0.60043,-0.63471]},"ATo":{"weight":0.4283,"played":[0.0029,0.0105,0.9866],"evs":[0.0,0.75627,1.16155]},"J2s":{"weight":0.0,"played":[1.0,0.0,0.0],"evs":[0.0,-1.03749,-2.47506]},"J3s":{"weight":0.0,"played":[0.9999,1.0E-4,0.0],"evs":[0.0,-0.66875,-1.96628]},"J4s":{"weight":0.0,"played":[0.999,9.0E-4,1.0E-4],"evs":[0.0,-0.73362,-2.06428]},"J5s":{"weight":0.0,"played":[1.0,0.0,0.0],"evs":[0.0,-0.86262,-2.19831]},"J6s":{"weight":0.0,"played":[0.9917,0.0082,1.0E-4],"evs":[0.0,-0.41726,-1.52802]},"J7s":{"weight":0.0,"played":[0.9972,0.0028,0.0],"evs":[0.0,-0.38769,-1.36684]},"J8s":{"weight":0.0,"played":[0.9977,0.0019,3.0E-4],"evs":[0.0,-0.46276,-1.67492]},"J9s":{"weight":0.0044,"played":[0.5038,0.496,2.0E-4],"evs":[0.0,0.13476,-0.89467]},"JTs":{"weight":1.0,"played":[0.8721,0.1273,6.0E-4],"evs":[0.0,-0.08054,-0.87197]},"JJ":{"weight":0.0,"played":[0.0,8.0E-4,0.9992],"evs":[0.0,5.18312,5.71812]},"QJo":{"weight":0.9758,"played":[0.9668,0.0332,0.0],"evs":[0.0,-0.13599,-0.63608]},"KJo":{"weight":1.0,"played":[0.975,0.025,0.0],"evs":[0.0,-0.03773,-0.08263]},"AJo":{"weight":5.0E-4,"played":[1.0E-4,2.0E-4,0.9997],"evs":[0.0,1.84574,2.67897]},"Q2s":{"weight":0.0,"played":[0.9998,2.0E-4,0.0],"evs":[0.0,-0.75092,-1.99623]},"Q3s":{"weight":0.0,"played":[1.0,0.0,0.0],"evs":[0.0,-0.85757,-2.11888]},"Q4s":{"weight":0.0,"played":[1.0,0.0,0.0],"evs":[0.0,-0.2968,-1.5079]},"Q5s":{"weight":0.0,"played":[0.9991,9.0E-4,0.0],"evs":[0.0,-0.49293,-1.78777]},"Q6s":{"weight":0.0,"played":[1.0,0.0,0.0],"evs":[0.0,-0.53268,-1.72596]},"Q7s":{"weight":0.0,"played":[0.8566,0.1434,0.0],"evs":[0.0,-0.49504,-1.53014]},"Q8s":{"weight":0.0021,"played":[0.9952,0.0048,0.0],"evs":[0.0,-0.72315,-1.80479]},"Q9s":{"weight":0.9974,"played":[0.958,0.0419,1.0E-4],"evs":[0.0,-0.0169,-0.82309]},"QTs":{"weight":0.9998,"played":[0.5861,0.4139,0.0],"evs":[0.0,-0.08006,-0.62191]},"QJs":{"weight":0.4211,"played":[0.3675,0.6294,0.0031],"evs":[0.0,0.31355,0.02271]},"QQ":{"weight":0.013,"played":[0.0,0.0049,0.9951],"evs":[0.0,5.76947,6.28703]},"KQo":{"weight":0.4143,"played":[0.907,0.0779,0.0152],"evs":[0.0,-0.01629,-0.10539]},"AQo":{"weight":0.0,"played":[0.0,0.0,1.0],"evs":[0.0,2.89489,3.48096]},"K2s":{"weight":0.0,"played":[1.0,0.0,0.0],"evs":[0.0,-0.67856,-1.8265]},"K3s":{"weight":0.0,"played":[0.9974,0.0026,1.0E-4],"evs":[0.0,-0.47093,-1.22524]},"K4s":{"weight":0.0,"played":[0.9999,1.0E-4,0.0],"evs":[0.0,-0.46327,-1.54606]},"K5s":{"weight":0.0654,"played":[1.0,0.0,0.0],"evs":[0.0,-0.56094,-1.41752]},"K6s":{"weight":9.0E-4,"played":[0.8852,0.1147,2.0E-4],"evs":[0.0,-0.09839,-1.21685]},"K7s":{"weight":0.8484,"played":[0.9791,0.0209,0.0],"evs":[0.0,-0.17749,-0.54806]},"K8s":{"weight":0.003,"played":[1.0,0.0,0.0],"evs":[0.0,-0.52408,-0.85112]},"K9s":{"weight":0.9999,"played":[0.8965,0.1025,0.001],"evs":[0.0,0.02282,-0.08683]},"KTs":{"weight":0.0088,"played":[0.2497,0.2708,0.4795],"evs":[0.0,0.36494,0.59956]},"KJs":{"weight":0.186,"played":[0.1635,0.5732,0.2634],"evs":[0.0,0.53027,0.56818]},"KQs":{"weight":0.0,"played":[0.0115,0.3806,0.6078],"evs":[0.0,1.17819,1.44662]},"KK":{"weight":1.0,"played":[0.0,0.0,1.0],"evs":[0.0,7.60563,8.05968]},"AKo":{"weight":0.0,"played":[0.0,0.0,1.0],"evs":[0.0,4.15272,4.55234]},"A2s":{"weight":0.738,"played":[0.9999,1.0E-4,0.0],"evs":[0.0,-0.31266,-0.53935]},"A3s":{"weight":0.0108,"played":[0.9932,0.0067,0.0],"evs":[0.0,-0.1403,-0.26715]},"A4s":{"weight":0.0265,"played":[0.9925,0.0066,9.0E-4],"evs":[0.0,-0.11048,-0.26089]},"A5s":{"weight":0.5439,"played":[0.9993,0.0,7.0E-4],"evs":[0.0,-0.05924,-0.39183]},"A6s":{"weight":0.9679,"played":[0.9556,0.042,0.0024],"evs":[0.0,-0.1785,-0.13585]},"A7s":{"weight":0.0383,"played":[0.2678,0.2692,0.463],"evs":[0.0,0.22632,0.50242]},"A8s":{"weight":0.4203,"played":[0.0977,0.8993,0.003],"evs":[0.0,0.18724,-3.0E-5]},"A9s":{"weight":0.9986,"played":[0.0317,0.8291,0.1392],"evs":[0.0,0.63695,0.41955]},"ATs":{"weight":0.9999,"played":[1.0E-4,0.0082,0.9918],"evs":[0.0,1.56757,1.83809]},"AJs":{"weight":0.9999,"played":[0.0,0.0,1.0],"evs":[0.0,3.04103,3.52397]},"AQs":{"weight":0.1051,"played":[0.0,6.0E-4,0.9994],"evs":[0.0,3.83356,4.09915]},"AKs":{"weight":0.0041,"played":[0.0,0.0015,0.9985],"evs":[0.0,4.55639,4.90657]},"AA":{"weight":1.0,"played":[0.0,0.5938,0.4062],"evs":[0.0,13.12838,13.13127]}}}