{"player":4,"street":0,"children":2,"sequence":[{"player":0,"type":"R","amount":200000,"street":0},{"player":1,"type":"F","amount":0,"street":0},{"player":2,"type":"F","amount":0,"street":0},{"player":3,"type":"C","amount":200000,"street":0},{"player":4,"type":"R","amount":800000,"street":0},{"player":5,"type":"F","amount":0,"street":0},{"player":0,"type":"C","amount":600000,"street":0},{"player":3,"type":"R","amount":2395000,"street":0}],"actions":[{"type":"F","amount":0,"node":497},{"type":"C","amount":1595000,"node":498}],"hands":{"22":{"weight":0.0,"played":[0.4648,0.5352],"evs":[0.0,-0.86236]},"32o":{"weight":0.0,"played":[0.998,0.002],"evs":[0.0,-3.7297]},"42o":{"weight":0.0,"played":[0.9999,1.0E-4],"evs":[0.0,-2.67057]},"52o":{"weight":0.0,"played":[0.9948,0.0052],"evs":[0.0,-2.96927]},"62o":{"weight":0.0,"played":[0.9991,9.0E-4],"evs":[0.0,-3.15404]},"72o":{"weight":0.0,"played":[0.9997,3.0E-4],"evs":[0.0,-4.70103]},"82o":{"weight":0.0,"played":[0.9999,1.0E-4],"evs":[0.0,-4.08173]},"92o":{"weight":0.0,"played":[0.9998,2.0E-4],"evs":[0.0,-3.23901]},"T2o":{"weight":0.0,"played":[0.9994,6.0E-4],"evs":[0.0,-4.18807]},"J2o":{"weight":0.0,"played":[0.9967,0.0033],"evs":[0.0,-5.03098]},"Q2o":{"weight":0.0,"played":[0.9989,0.0011],"evs":[0.0,-4.19936]},"K2o":{"weight":0.0,"played":[0.9828,0.0172],"evs":[0.0,-3.7466]},"A2o":{"weight":0.0,"played":[0.9395,0.0605],"evs":[0.0,-1.85128]},"32s":{"weight":0.0,"played":[0.7992,0.2008],"evs":[0.0,-2.20043]},"33":{"weight":0.0,"played":[0.6848,0.3152],"evs":[0.0,-0.06964]},"43o":{"weight":0.0,"played":[0.9861,0.0139],"evs":[0.0,-2.50794]},"53o":{"weight":0.0,"played":[0.98,0.02],"evs":[0.0,-2.22067]},"63o":{"weight":0.0,"played":[0.9963,0.0037],"evs":[0.0,-2.75665]},"73o":{"weight":0.0,"played":[0.9993,7.0E-4],"evs":[0.0,-4.18234]},"83o":{"weight":0.0,"played":[0.9996,4.0E-4],"evs":[0.0,-3.73448]},"93o":{"weight":0.0,"played":[0.9997,3.0E-4],"evs":[0.0,-4.26446]},"T3o":{"weight":0.0,"played":[0.9993,7.0E-4],"evs":[0.0,-4.62119]},"J3o":{"weight":0.0,"played":[0.9996,4.0E-4],"evs":[0.0,-4.37839]},"Q3o":{"weight":0.0,"played":[0.9966,0.0034],"evs":[0.0,-4.31842]},"K3o":{"weight":0.0,"played":[0.9814,0.0186],"evs":[0.0,-2.68259]},"A3o":{"weight":0.0,"played":[0.9512,0.0488],"evs":[0.0,-2.60493]},"42s":{"weight":0.0,"played":[0.9987,0.0013],"evs":[0.0,-1.18174]},"43s":{"weight":0.0,"played":[0.9197,0.0803],"evs":[0.0,-1.53151]},"44":{"weight":0.0,"played":[0.2498,0.7502],"evs":[0.0,-0.76303]},"54o":{"weight":0.0,"played":[0.9561,0.0439],"evs":[0.0,-2.11871]},"64o":{"weight":0.0,"played":[0.9811,0.0189],"evs":[0.0,-2.96523]},"74o":{"weight":0.0,"played":[0.9949,0.0051],"evs":[0.0,-2.10154]},"84o":{"weight":0.0,"played":[0.9948,0.0052],"evs":[0.0,-3.46553]},"94o":{"weight":0.0,"played":[0.9989,0.0011],"evs":[0.0,-3.48202]},"T4o":{"weight":0.0,"played":[0.9981,0.0019],"evs":[0.0,-3.85636]},"J4o":{"weight":0.0,"played":[0.9998,2.0E-4],"evs":[0.0,-4.08304]},"Q4o":{"weight":0.0,"played":[0.9992,8.0E-4],"evs":[0.0,-3.78077]},"K4o":{"weight":0.0,"played":[0.9522,0.0478],"evs":[0.0,-2.57243]},"A4o":{"weight":0.0028,"played":[0.9856,0.0144],"evs":[0.0,-1.84082]},"52s":{"weight":0.0,"played":[0.7241,0.2759],"evs":[0.0,-1.1396]},"53s":{"weight":0.0,"played":[0.2012,0.7988],"evs":[0.0,-0.58705]},"54s":{"weight":0.0,"played":[0.1546,0.8454],"evs":[0.0,0.43818]},"55":{"weight":0.0168,"played":[0.4874,0.5126],"evs":[0.0,-0.3264]},"65o":{"weight":0.0,"played":[0.9165,0.0835],"evs":[0.0,-0.84085]},"75o":{"weight":0.0,"played":[0.9356,0.0644],"evs":[0.0,-1.55997]},"85o":{"weight":0.0,"played":[0.9605,0.0395],"evs":[0.0,-2.48331]},"95o":{"weight":0.0,"played":[0.9976,0.0024],"evs":[0.0,-3.2024]},"T5o":{"weight":0.0,"played":[1.0,0.0],"evs":[0.0,-3.31494]},"J5o":{"weight":0.0,"played":[0.9918,0.0082],"evs":[0.0,-5.67396]},"Q5o":{"weight":0.0,"played":[0.9992,8.0E-4],"evs":[0.0,-4.39056]},"K5o":{"weight":0.0,"played":[0.9991,9.0E-4],"evs":[0.0,-4.17116]},"A5o":{"weight":0.0896,"played":[0.7821,0.2179],"evs":[0.0,-1.39009]},"62s":{"weight":0.0,"played":[0.9912,0.0088],"evs":[0.0,-2.75592]},"63s":{"weight":0.0,"played":[0.9773,0.0227],"evs":[0.0,-2.2185]},"64s":{"weight":0.0,"played":[0.0019,0.9981],"evs":[0.0,0.13233]},"65s":{"weight":0.0,"played":[0.3377,0.6623],"evs":[0.0,1.21423]},"66":{"weight":0.3405,"played":[1.0E-4,0.9999],"evs":[0.0,0.47812]},"76o":{"weight":0.0,"played":[0.8918,0.1082],"evs":[0.0,-1.46011]},"86o":{"weight":0.0,"played":[0.9188,0.0812],"evs":[0.0,-1.55509]},"96o":{"weight":0.0,"played":[0.9865,0.0135],"evs":[0.0,-1.57861]},"T6o":{"weight":0.0,"played":[0.9994,6.0E-4],"evs":[0.0,-3.2658]},"J6o":{"weight":0.0,"played":[0.9971,0.0029],"evs":[0.0,-3.80446]},"Q6o":{"weight":0.0,"played":[0.9977,0.0023],"evs":[0.0,-3.57336]},"K6o":{"weight":0.0,"played":[0.9708,0.0292],"evs":[0.0,-2.28469]},"A6o":{"weight":0.0,"played":[0.9453,0.0547],"evs":[0.0,-2.24648]},"72s":{"weight":0.0,"played":[0.9732,0.0268],"evs":[0.0,-2.36902]},"73s":{"weight":0.0,"played":[0.9534,0.0466],"evs":[0.0,-1.00855]},"74s":{"weight":0.0,"played":[0.6604,0.3396],"evs":[0.0,-2.21965]},"75s":{"weight":0.0,"played":[0.3346,0.6654],"evs":[0.0,0.58518]},"76s":{"weight":0.0012,"played":[1.0E-4,0.9999],"evs":[0.0,0.30663]},"77":{"weight":0.0086,"played":[0.0,1.0],"evs":[0.0,0.95265]},"87o":{"weight":0.0,"played":[0.9955,0.0045],"evs":[0.0,-2.02264]},"97o":{"weight":0.0,"played":[0.9962,0.0038],"evs":[0.0,-1.7773]},"T7o":{"weight":0.0,"played":[0.9945,0.0055],"evs":[0.0,-2.84396]},"J7o":{"weight":0.0,"played":[0.9868,0.0132],"evs":[0.0,-3.2095]},"Q7o":{"weight":0.0,"played":[0.9994,6.0E-4],"evs":[0.0,-3.19283]},"K7o":{"weight":0.0,"played":[0.9539,0.0461],"evs":[0.0,-3.31747]},"A7o":{"weight":0.0,"played":[0.9185,0.0815],"evs":[0.0,-1.72883]},"82s":{"weight":0.0,"played":[0.9938,0.0062],"evs":[0.0,-1.68843]},"83s":{"weight":0.0,"played":[0.9832,0.0168],"evs":[0.0,-2.04004]},"84s":{"weight":0.0,"played":[0.9793,0.0207],"evs":[0.0,-1.84846]},"85s":{"weight":0.0,"played":[0.8473,0.1527],"evs":[0.0,-1.40387]},"86s":{"weight":0.0,"played":[0.5155,0.4845],"evs":[0.0,-0.50141]},"87s":{"weight":0.0,"played":[0.6695,0.3305],"evs":[0.0,-0.89419]},"88":{"weight":7.0E-4,"played":[0.0,1.0],"evs":[0.0,0.47053]},"98o":{"weight":0.0,"played":[0.9609,0.0391],"evs":[0.0,-0.82334]},"T8o":{"weight":0.0,"played":[0.9732,0.0268],"evs":[0.0,-2.62831]},"J8o":{"weight":0.0,"played":[0.9778,0.0222],"evs":[0.0,-2.95172]},"Q8o":{"weight":0.0,"played":[0.9856,0.0144],"evs":[0.0,-4.10887]},"K8o":{"weight":0.0,"played":[0.985,0.015],"evs":[0.0,-3.12143]},"A8o":{"weight":0.2818,"played":[0.9618,0.0382],"evs":[0.0,-2.20995]},"92s":{"weight":0.0,"played":[0.9657,0.0343],"evs":[0.0,-1.91155]},"93s":{"weight":0.0,"played":[0.9759,0.0241],"evs":[0.0,-2.55304]},"94s":{"weight":0.0,"played":[0.9864,0.0136],"evs":[0.0,-2.69594]},"95s":{"weight":0.0,"played":[0.6998,0.3002],"evs":[0.0,-1.43629]},"96s":{"weight":0.0,"played":[0.8666,0.1334],"evs":[0.0,-0.75207]},"97s":{"weight":0.0,"played":[0.9685,0.0315],"evs":[0.0,-1.08411]},"98s":{"weight":0.0,"played":[0.6391,0.3609],"evs":[0.0,-0.04555]},"99":{"weight":0.0129,"played":[2.0E-4,0.9998],"evs":[0.0,0.65931]},"T9o":{"weight":0.0,"played":[0.9887,0.0113],"evs":[0.0,-1.0867]},"J9o":{"weight":0.0,"played":[0.9914,0.0086],"evs":[0.0,-2.42816]},"Q9o":{"weight":0.0,"played":[0.9861,0.0139],"evs":[0.0,-2.1634]},"K9o":{"weight":0.0,"played":[0.9959,0.0041],"evs":[0.0,-3.02087]},"A9o":{"weight":2.0E-4,"played":[0.8748,0.1252],"evs":[0.0,-1.27551]},"T2s":{"weight":0.0,"played":[0.981,0.019],"evs":[0.0,-2.42389]},"T3s":{"weight":0.0,"played":[0.995,0.005],"evs":[0.0,-1.49953]},"T4s":{"weight":0.0,"played":[0.958,0.042],"evs":[0.0,-2.52203]},"T5s":{"weight":0.0,"played":[0.988,0.012],"evs":[0.0,-2.53555]},"T6s":{"weight":0.0,"played":[0.9782,0.0218],"evs":[0.0,-1.35778]},"T7s":{"weight":0.0,"played":[0.3735,0.6265],"evs":[0.0,-0.28458]},"T8s":{"weight":7.0E-4,"played":[0.3646,0.6354],"evs":[0.0,0.34498]},"T9s":{"weight":0.0,"played":[0.4223,0.5777],"evs":[0.0,-0.08087]},"TT":{"weight":0.2864,"played":[0.0,1.0],"evs":[0.0,1.54106]},"JTo":{"weight":0.0,"played":[0.9896,0.0104],"evs":[0.0,-2.54829]},"QTo":{"weight":0.0,"played":[0.981,0.019],"evs":[0.0,-2.50886]},"KTo":{"weight":0.1026,"played":[0.9486,0.0514],"evs":[0.0,-2.09367]},"ATo":{"weight":0.3751,"played":[0.5682,0.4318],"evs":[0.0,-0.48879]},"J2s":{"weight":0.0,"played":[0.9818,0.0182],"evs":[0.0,-2.69822]},"J3s":{"weight":0.0,"played":[0.9899,0.0101],"evs":[0.0,-3.43316]},"J4s":{"weight":0.0,"played":[0.9793,0.0207],"evs":[0.0,-1.44692]},"J5s":{"weight":0.0,"played":[0.9941,0.0059],"evs":[0.0,-2.38084]},"J6s":{"weight":0.0,"played":[0.9988,0.0012],"evs":[0.0,-2.13622]},"J7s":{"weight":0.0,"played":[0.9336,0.0664],"evs":[0.0,-3.55567]},"J8s":{"weight":0.0,"played":[0.7698,0.2302],"evs":[0.0,-1.00069]},"J9s":{"weight":0.0,"played":[0.9474,0.0526],"evs":[0.0,-0.69785]},"JTs":{"weight":0.0416,"played":[0.0621,0.9379],"evs":[0.0,0.27883]},"JJ":{"weight":0.0048,"played":[0.0,1.0],"evs":[0.0,0.73841]},"QJo":{"weight":0.0,"played":[0.9572,0.0428],"evs":[0.0,-2.64282]},"KJo":{"weight":0.0,"played":[0.9786,0.0214],"evs":[0.0,-3.34136]},"AJo":{"weight":0.0303,"played":[0.0081,0.9919],"evs":[0.0,0.35605]},"Q2s":{"weight":0.0,"played":[0.9572,0.0428],"evs":[0.0,-1.34432]},"Q3s":{"weight":0.0,"played":[0.8562,0.1438],"evs":[0.0,-3.05388]},"Q4s":{"weight":0.0,"played":[0.9883,0.0117],"evs":[0.0,-3.14065]},"Q5s":{"weight":0.0,"played":[0.9382,0.0618],"evs":[0.0,-1.70891]},"Q6s":{"weight":0.0,"played":[0.9174,0.0826],"evs":[0.0,-1.81944]},"Q7s":{"weight":0.0,"played":[0.9338,0.0662],"evs":[0.0,-2.08698]},"Q8s":{"weight":0.0,"played":[0.7079,0.2921],"evs":[0.0,-1.1712]},"Q9s":{"weight":0.0033,"played":[0.5508,0.4492],"evs":[0.0,-0.56962]},"QTs":{"weight":0.2727,"played":[0.996,0.004],"evs":[0.0,-0.95025]},"QJs":{"weight":0.0091,"played":[0.5617,0.4383],"evs":[0.0,-0.8527]},"QQ":{"weight":0.092,"played":[0.0,1.0],"evs":[0.0,3.98196]},"KQo":{"weight":2.0E-4,"played":[0.9738,0.0262],"evs":[0.0,-1.41611]},"AQo":{"weight":0.0014,"played":[0.0,1.0],"evs":[0.0,2.42684]},"K2s":{"weight":0.0,"played":[0.9687,0.0313],"evs":[0.0,-1.34285]},"K3s":{"weight":0.0,"played":[0.9227,0.0773],"evs":[0.0,-1.28971]},"K4s":{"weight":2.0E-4,"played":[0.7797,0.2203],"evs":[0.0,-2.61311]},"K5s":{"weight":0.0419,"played":[0.8032,0.1968],"evs":[0.0,-2.33429]},"K6s":{"weight":0.0642,"played":[0.711,0.289],"evs":[0.0,-1.64793]},"K7s":{"weight":0.0174,"played":[0.9423,0.0577],"evs":[0.0,-1.6924]},"K8s":{"weight":0.4445,"played":[0.4387,0.5613],"evs":[0.0,-0.31572]},"K9s":{"weight":6.0E-4,"played":[0.6788,0.3212],"evs":[0.0,-0.80356]},"KTs":{"weight":0.0,"played":[0.0524,0.9476],"evs":[0.0,1.1627]},"KJs":{"weight":3.0E-4,"played":[0.855,0.145],"evs":[0.0,-2.29389]},"KQs":{"weight":0.0014,"played":[0.8315,0.1685],"evs":[0.0,-0.61621]},"KK":{"weight":0.285,"played":[0.0,1.0],"evs":[0.0,8.12955]},"AKo":{"weight":0.0385,"played":[0.0,1.0],"evs":[0.0,4.24106]},"A2s":{"weight":0.0,"played":[0.4831,0.5169],"evs":[0.0,-0.07143]},"A3s":{"weight":3.0E-4,"played":[0.9489,0.0511],"evs":[0.0,-0.61478]},"A4s":{"weight":0.0264,"played":[0.2352,0.7648],"evs":[0.0,0.65193]},"A5s":{"weight":0.0089,"played":[0.011,0.989],"evs":[0.0,1.2996]},"A6s":{"weight":0.1075,"played":[0.3085,0.6915],"evs":[0.0,-0.39178]},"A7s":{"weight":0.004,"played":[2.0E-4,0.9998],"evs":[0.0,0.95503]},"A8s":{"weight":0.0051,"played":[0.6211,0.3789],"evs":[0.0,-1.02137]},"A9s":{"weight":0.0023,"played":[0.0027,0.9973],"evs":[0.0,0.62219]},"ATs":{"weight":0.1248,"played":[0.0,1.0],"evs":[0.0,0.93014]},"AJs":{"weight":0.137,"played":[0.0,1.0],"evs":[0.0,1.19719]},"AQs":{"weight":0.1564,"played":[1.0E-4,0.9999],"evs":[0.0,5.07504]},"AKs":{"weight":0.2207,"played":[1.0E-4,0.9999],"evs":[0.0,5.77318]},"AA":{"weight":0.6279,"played":[0.0,1.0],"evs":[0.0,22.12691]}}}