{"player":0,"street":0,"children":2,"sequence":[{"player":0,"type":"R","amount":200000,"street":0},{"player":1,"type":"F","amount":0,"street":0},{"player":2,"type":"F","amount":0,"street":0},{"player":3,"type":"C","amount":200000,"street":0},{"player":4,"type":"R","amount":800000,"street":0},{"player":5,"type":"F","amount":0,"street":0},{"player":0,"type":"C","amount":600000,"street":0},{"player":3,"type":"R","amount":2395000,"street":0},{"player":4,"type":"F","amount":0,"street":0}],"actions":[{"type":"F","amount":0},{"type":"C","amount":575000}],"hands":{"22":{"weight":0.0,"played":[0.0088,0.9912],"evs":[0.0,2.78882]},"32o":{"weight":0.0,"played":[0.0018,0.9982],"evs":[0.0,1.11554]},"42o":{"weight":0.0,"played":[0.0022,0.9978],"evs":[0.0,0.74308]},"52o":{"weight":0.0,"played":[3.0E-4,0.9997],"evs":[0.0,1.42131]},"62o":{"weight":0.0,"played":[0.0028,0.9972],"evs":[0.0,0.55203]},"72o":{"weight":0.0,"played":[0.0074,0.9926],"evs":[0.0,1.08913]},"82o":{"weight":0.0,"played":[0.3587,0.6413],"evs":[0.0,-0.26884]},"92o":{"weight":0.0,"played":[0.0013,0.9987],"evs":[0.0,0.9589]},"T2o":{"weight":0.0,"played":[0.0306,0.9694],"evs":[0.0,0.54467]},"J2o":{"weight":0.0,"played":[0.9949,0.0051],"evs":[0.0,-0.43384]},"Q2o":{"weight":0.0,"played":[0.0662,0.9338],"evs":[0.0,1.07727]},"K2o":{"weight":0.0,"played":[0.0016,0.9984],"evs":[0.0,0.7735]},"A2o":{"weight":0.0,"played":[0.0,1.0],"evs":[0.0,2.16679]},"32s":{"weight":0.0,"played":[0.0057,0.9943],"evs":[0.0,1.79818]},"33":{"weight":0.0,"played":[0.0038,0.9962],"evs":[0.0,3.7735]},"43o":{"weight":0.0,"played":[0.0041,0.9959],"evs":[0.0,1.56709]},"53o":{"weight":0.0,"played":[0.0014,0.9986],"evs":[0.0,1.56731]},"63o":{"weight":0.0,"played":[0.0,1.0],"evs":[0.0,1.34961]},"73o":{"weight":0.0,"played":[0.0102,0.9898],"evs":[0.0,1.2197]},"83o":{"weight":0.0,"played":[0.0414,0.9586],"evs":[0.0,0.41358]},"93o":{"weight":0.0,"played":[0.0271,0.9729],"evs":[0.0,0.9922]},"T3o":{"weight":0.0,"played":[0.021,0.979],"evs":[0.0,0.60643]},"J3o":{"weight":0.0,"played":[9.0E-4,0.9991],"evs":[0.0,0.45377]},"Q3o":{"weight":0.0,"played":[8.0E-4,0.9992],"evs":[0.0,0.95982]},"K3o":{"weight":0.0,"played":[0.0285,0.9715],"evs":[0.0,1.33244]},"A3o":{"weight":0.0,"played":[2.0E-4,0.9998],"evs":[0.0,1.95988]},"42s":{"weight":0.0,"played":[0.0095,0.9905],"evs":[0.0,1.28307]},"43s":{"weight":0.0,"played":[0.0039,0.9961],"evs":[0.0,3.15612]},"44":{"weight":0.0114,"played":[0.0,1.0],"evs":[0.0,4.37833]},"54o":{"weight":0.0,"played":[2.0E-4,0.9998],"evs":[0.0,1.89608]},"64o":{"weight":0.0,"played":[1.0E-4,0.9999],"evs":[0.0,1.15427]},"74o":{"weight":0.0,"played":[0.0799,0.9201],"evs":[0.0,1.40661]},"84o":{"weight":0.0,"played":[0.1334,0.8666],"evs":[0.0,0.4012]},"94o":{"weight":0.0,"played":[0.0083,0.9917],"evs":[0.0,0.95866]},"T4o":{"weight":0.0,"played":[3.0E-4,0.9997],"evs":[0.0,1.09984]},"J4o":{"weight":0.0,"played":[0.0394,0.9606],"evs":[0.0,0.33798]},"Q4o":{"weight":0.0,"played":[0.0048,0.9952],"evs":[0.0,1.17044]},"K4o":{"weight":0.0,"played":[5.0E-4,0.9995],"evs":[0.0,0.69005]},"A4o":{"weight":0.0,"played":[0.0,1.0],"evs":[0.0,2.08633]},"52s":{"weight":0.0,"played":[0.0077,0.9923],"evs":[0.0,3.31205]},"53s":{"weight":0.0,"played":[0.0054,0.9946],"evs":[0.0,3.64111]},"54s":{"weight":0.0,"played":[1.0E-4,0.9999],"evs":[0.0,2.82173]},"55":{"weight":0.1941,"played":[2.0E-4,0.9998],"evs":[0.0,3.6183]},"65o":{"weight":0.0,"played":[0.0,1.0],"evs":[0.0,2.20451]},"75o":{"weight":0.0,"played":[0.0014,0.9986],"evs":[0.0,2.2388]},"85o":{"weight":0.0,"played":[3.0E-4,0.9997],"evs":[0.0,1.52046]},"95o":{"weight":0.0,"played":[0.0052,0.9948],"evs":[0.0,1.39554]},"T5o":{"weight":0.0,"played":[0.0458,0.9542],"evs":[0.0,1.2085]},"J5o":{"weight":0.0,"played":[0.0056,0.9944],"evs":[0.0,0.57654]},"Q5o":{"weight":0.0,"played":[7.0E-4,0.9993],"evs":[0.0,1.59456]},"K5o":{"weight":0.0,"played":[0.0029,0.9971],"evs":[0.0,0.86492]},"A5o":{"weight":0.0,"played":[0.0,1.0],"evs":[0.0,2.22218]},"62s":{"weight":0.0,"played":[0.0022,0.9978],"evs":[0.0,0.96356]},"63s":{"weight":0.0,"played":[0.0329,0.9671],"evs":[0.0,2.61857]},"64s":{"weight":0.0,"played":[0.0015,0.9985],"evs":[0.0,2.09344]},"65s":{"weight":0.0,"played":[4.0E-4,0.9996],"evs":[0.0,2.94517]},"66":{"weight":0.0652,"played":[1.0E-4,0.9999],"evs":[0.0,4.26268]},"76o":{"weight":0.0,"played":[1.0E-4,0.9999],"evs":[0.0,2.47041]},"86o":{"weight":0.0,"played":[0.0,1.0],"evs":[0.0,1.50577]},"96o":{"weight":0.0,"played":[5.0E-4,0.9995],"evs":[0.0,1.85932]},"T6o":{"weight":0.0,"played":[0.019,0.981],"evs":[0.0,0.5025]},"J6o":{"weight":0.0,"played":[0.0037,0.9963],"evs":[0.0,0.27678]},"Q6o":{"weight":0.0,"played":[0.0077,0.9923],"evs":[0.0,1.22789]},"K6o":{"weight":0.0,"played":[1.0E-4,0.9999],"evs":[0.0,1.49614]},"A6o":{"weight":0.0,"played":[7.0E-4,0.9993],"evs":[0.0,2.25635]},"72s":{"weight":0.0,"played":[0.0013,0.9987],"evs":[0.0,1.28969]},"73s":{"weight":0.0,"played":[0.0065,0.9935],"evs":[0.0,2.97743]},"74s":{"weight":0.0,"played":[8.0E-4,0.9992],"evs":[0.0,2.56363]},"75s":{"weight":0.0,"played":[1.0E-4,0.9999],"evs":[0.0,1.80938]},"76s":{"weight":0.0,"played":[0.0085,0.9915],"evs":[0.0,4.00121]},"77":{"weight":0.0,"played":[0.0011,0.9989],"evs":[0.0,3.30449]},"87o":{"weight":0.0,"played":[0.0,1.0],"evs":[0.0,2.02275]},"97o":{"weight":0.0,"played":[6.0E-4,0.9994],"evs":[0.0,1.98753]},"T7o":{"weight":0.0,"played":[0.0016,0.9984],"evs":[0.0,1.65198]},"J7o":{"weight":0.0,"played":[1.0E-4,0.9999],"evs":[0.0,0.11911]},"Q7o":{"weight":0.0,"played":[0.0103,0.9897],"evs":[0.0,1.73821]},"K7o":{"weight":0.0,"played":[2.0E-4,0.9998],"evs":[0.0,0.31335]},"A7o":{"weight":0.0,"played":[0.0,1.0],"evs":[0.0,1.44306]},"82s":{"weight":0.0,"played":[0.013,0.987],"evs":[0.0,1.69371]},"83s":{"weight":0.0,"played":[0.0024,0.9976],"evs":[0.0,1.1044]},"84s":{"weight":0.0,"played":[0.0822,0.9178],"evs":[0.0,0.9568]},"85s":{"weight":0.0,"played":[0.1795,0.8205],"evs":[0.0,0.94774]},"86s":{"weight":0.0,"played":[0.0089,0.9911],"evs":[0.0,1.30031]},"87s":{"weight":0.0,"played":[0.008,0.992],"evs":[0.0,3.13839]},"88":{"weight":0.0021,"played":[1.0E-4,0.9999],"evs":[0.0,2.79685]},"98o":{"weight":0.0,"played":[2.0E-4,0.9998],"evs":[0.0,1.86898]},"T8o":{"weight":0.0,"played":[0.0019,0.9981],"evs":[0.0,2.13173]},"J8o":{"weight":0.0,"played":[0.6681,0.3319],"evs":[0.0,0.47298]},"Q8o":{"weight":0.0,"played":[0.0177,0.9823],"evs":[0.0,0.99682]},"K8o":{"weight":0.0,"played":[0.0244,0.9756],"evs":[0.0,0.63983]},"A8o":{"weight":7.0E-4,"played":[1.0E-4,0.9999],"evs":[0.0,2.08034]},"92s":{"weight":0.0,"played":[0.0021,0.9979],"evs":[0.0,2.02497]},"93s":{"weight":0.0,"played":[0.0098,0.9902],"evs":[0.0,1.25666]},"94s":{"weight":0.0,"played":[0.0043,0.9957],"evs":[0.0,3.54268]},"95s":{"weight":0.0,"played":[0.0063,0.9937],"evs":[0.0,1.34364]},"96s":{"weight":0.0,"played":[0.0058,0.9942],"evs":[0.0,1.56623]},"97s":{"weight":0.0,"played":[6.0E-4,0.9994],"evs":[0.0,3.31247]},"98s":{"weight":0.0,"played":[1.0E-4,0.9999],"evs":[0.0,2.60813]},"99":{"weight":0.0326,"played":[0.0,1.0],"evs":[0.0,4.79911]},"T9o":{"weight":0.0,"played":[0.0017,0.9983],"evs":[0.0,1.91904]},"J9o":{"weight":0.0,"played":[0.0023,0.9977],"evs":[0.0,0.79691]},"Q9o":{"weight":0.0,"played":[0.0098,0.9902],"evs":[0.0,1.31484]},"K9o":{"weight":0.0,"played":[0.0,1.0],"evs":[0.0,1.48088]},"A9o":{"weight":4.0E-4,"played":[0.001,0.999],"evs":[0.0,1.16272]},"T2s":{"weight":0.0,"played":[0.0099,0.9901],"evs":[0.0,1.55599]},"T3s":{"weight":0.0,"played":[0.0993,0.9007],"evs":[0.0,1.0574]},"T4s":{"weight":0.0,"played":[0.0021,0.9979],"evs":[0.0,2.7551]},"T5s":{"weight":0.0,"played":[0.0286,0.9714],"evs":[0.0,1.28158]},"T6s":{"weight":0.0,"played":[0.0184,0.9816],"evs":[0.0,2.04484]},"T7s":{"weight":0.0,"played":[0.079,0.921],"evs":[0.0,3.1421]},"T8s":{"weight":0.0,"played":[1.0E-4,0.9999],"evs":[0.0,2.59555]},"T9s":{"weight":4.0E-4,"played":[0.0,1.0],"evs":[0.0,3.72202]},"TT":{"weight":0.1308,"played":[0.0,1.0],"evs":[0.0,4.71501]},"JTo":{"weight":0.0,"played":[0.0162,0.9838],"evs":[0.0,1.51815]},"QTo":{"weight":0.0,"played":[1.0E-4,0.9999],"evs":[0.0,1.75941]},"KTo":{"weight":0.0,"played":[0.0021,0.9979],"evs":[0.0,1.16511]},"ATo":{"weight":0.0,"played":[0.0412,0.9588],"evs":[0.0,2.40674]},"J2s":{"weight":0.0,"played":[0.0461,0.9539],"evs":[0.0,2.37435]},"J3s":{"weight":0.0,"played":[0.0182,0.9818],"evs":[0.0,0.578]},"J4s":{"weight":0.0,"played":[0.0083,0.9917],"evs":[0.0,0.99543]},"J5s":{"weight":0.0,"played":[0.1326,0.8674],"evs":[0.0,1.68934]},"J6s":{"weight":0.0,"played":[0.033,0.967],"evs":[0.0,1.10539]},"J7s":{"weight":0.0,"played":[1.0E-4,0.9999],"evs":[0.0,0.63876]},"J8s":{"weight":0.0,"played":[0.0158,0.9842],"evs":[0.0,2.10114]},"J9s":{"weight":1.0E-4,"played":[0.0079,0.9921],"evs":[0.0,2.59683]},"JTs":{"weight":0.0022,"played":[0.0081,0.9919],"evs":[0.0,1.81136]},"JJ":{"weight":0.1344,"played":[1.0E-4,0.9999],"evs":[0.0,4.77541]},"QJo":{"weight":0.0,"played":[0.0,1.0],"evs":[0.0,0.91745]},"KJo":{"weight":2.0E-4,"played":[0.0,1.0],"evs":[0.0,0.53949]},"AJo":{"weight":0.0,"played":[2.0E-4,0.9998],"evs":[0.0,4.3812]},"Q2s":{"weight":0.0,"played":[0.0068,0.9932],"evs":[0.0,1.33918]},"Q3s":{"weight":0.0,"played":[0.0096,0.9904],"evs":[0.0,3.36734]},"Q4s":{"weight":0.0,"played":[0.0027,0.9973],"evs":[0.0,2.17765]},"Q5s":{"weight":0.0,"played":[0.0,1.0],"evs":[0.0,3.09896]},"Q6s":{"weight":0.0,"played":[0.0126,0.9874],"evs":[0.0,2.70866]},"Q7s":{"weight":0.0,"played":[0.0814,0.9186],"evs":[0.0,2.49899]},"Q8s":{"weight":0.0,"played":[0.0067,0.9933],"evs":[0.0,2.36436]},"Q9s":{"weight":0.0,"played":[0.0,1.0],"evs":[0.0,3.29979]},"QTs":{"weight":0.0039,"played":[0.0059,0.9941],"evs":[0.0,2.43566]},"QJs":{"weight":0.195,"played":[1.0E-4,0.9999],"evs":[0.0,2.13104]},"QQ":{"weight":0.2235,"played":[0.0,1.0],"evs":[0.0,5.81285]},"KQo":{"weight":0.0,"played":[0.0,1.0],"evs":[0.0,1.36699]},"AQo":{"weight":0.0,"played":[0.0,1.0],"evs":[0.0,5.35449]},"K2s":{"weight":0.0,"played":[1.0E-4,0.9999],"evs":[0.0,2.91961]},"K3s":{"weight":0.0,"played":[0.0041,0.9959],"evs":[0.0,2.29966]},"K4s":{"weight":0.0,"played":[0.0019,0.9981],"evs":[0.0,2.71815]},"K5s":{"weight":0.0,"played":[0.0024,0.9976],"evs":[0.0,2.05832]},"K6s":{"weight":0.0,"played":[0.0088,0.9912],"evs":[0.0,1.63748]},"K7s":{"weight":0.0,"played":[0.0811,0.9189],"evs":[0.0,1.74582]},"K8s":{"weight":0.0,"played":[0.0023,0.9977],"evs":[0.0,2.27816]},"K9s":{"weight":0.0048,"played":[0.0,1.0],"evs":[0.0,3.27421]},"KTs":{"weight":0.0557,"played":[0.0,1.0],"evs":[0.0,2.42004]},"KJs":{"weight":0.2466,"played":[0.0,1.0],"evs":[0.0,2.61155]},"KQs":{"weight":0.1408,"played":[1.0E-4,0.9999],"evs":[0.0,4.28384]},"KK":{"weight":0.0085,"played":[0.0,1.0],"evs":[0.0,8.72339]},"AKo":{"weight":0.0,"played":[0.0,1.0],"evs":[0.0,6.08988]},"A2s":{"weight":3.0E-4,"played":[1.0E-4,0.9999],"evs":[0.0,2.37322]},"A3s":{"weight":3.0E-4,"played":[0.0,1.0],"evs":[0.0,3.93907]},"A4s":{"weight":0.0164,"played":[0.0,1.0],"evs":[0.0,3.15397]},"A5s":{"weight":3.0E-4,"played":[7.0E-4,0.9993],"evs":[0.0,3.19836]},"A6s":{"weight":5.0E-4,"played":[0.0045,0.9955],"evs":[0.0,2.70101]},"A7s":{"weight":0.0434,"played":[0.0,1.0],"evs":[0.0,2.44731]},"A8s":{"weight":0.0098,"played":[0.0209,0.9791],"evs":[0.0,3.09326]},"A9s":{"weight":0.0093,"played":[1.0E-4,0.9999],"evs":[0.0,3.09036]},"ATs":{"weight":0.0044,"played":[0.0071,0.9929],"evs":[0.0,3.14193]},"AJs":{"weight":0.0644,"played":[0.0,1.0],"evs":[0.0,4.80181]},"AQs":{"weight":0.0276,"played":[2.0E-4,0.9998],"evs":[0.0,6.08649]},"AKs":{"weight":0.0043,"played":[0.0,1.0],"evs":[0.0,7.10189]},"AA":{"weight":0.1645,"played":[0.0,1.0],"evs":[0.0,17.63442]}}}