{"player":4,"street":0,"children":2,"sequence":[{"player":0,"type":"F","amount":0,"street":0},{"player":1,"type":"F","amount":0,"street":0},{"player":2,"type":"R","amount":200000,"street":0},{"player":3,"type":"C","amount":200000,"street":0},{"player":4,"type":"C","amount":150000,"street":0},{"player":5,"type":"R","amount":895000,"street":0},{"player":2,"type":"R","amount":1265000,"street":0},{"player":3,"type":"R","amount":2395000,"street":0}],"actions":[{"type":"F","amount":0},{"type":"C","amount":2195000}],"hands":{"22":{"weight":0.7622,"played":[0.1284,0.8716],"evs":[0.0,-0.30269]},"32o":{"weight":0.0,"played":[0.9946,0.0054],"evs":[0.0,-6.99106]},"42o":{"weight":0.0,"played":[0.99,0.01],"evs":[0.0,-4.55396]},"52o":{"weight":0.0,"played":[0.9997,3.0E-4],"evs":[0.0,-4.33351]},"62o":{"weight":1.0E-4,"played":[0.9922,0.0078],"evs":[0.0,-4.51958]},"72o":{"weight":0.0,"played":[0.998,0.002],"evs":[0.0,-5.29643]},"82o":{"weight":4.0E-4,"played":[0.9847,0.0153],"evs":[0.0,-4.25057]},"92o":{"weight":0.0,"played":[0.999,0.001],"evs":[0.0,-5.9128]},"T2o":{"weight":1.0E-4,"played":[0.9997,3.0E-4],"evs":[0.0,-7.38055]},"J2o":{"weight":0.0,"played":[0.9983,0.0017],"evs":[0.0,-6.34554]},"Q2o":{"weight":0.0,"played":[1.0,0.0],"evs":[0.0,-4.0407]},"K2o":{"weight":0.0,"played":[0.9744,0.0256],"evs":[0.0,-4.67399]},"A2o":{"weight":3.0E-4,"played":[0.9641,0.0359],"evs":[0.0,-1.90173]},"32s":{"weight":1.0E-4,"played":[0.7766,0.2234],"evs":[0.0,-4.14227]},"33":{"weight":8.0E-4,"played":[0.335,0.665],"evs":[0.0,-1.06745]},"43o":{"weight":0.0,"played":[0.9942,0.0058],"evs":[0.0,-1.36072]},"53o":{"weight":0.0,"played":[0.9612,0.0388],"evs":[0.0,-2.53294]},"63o":{"weight":0.0,"played":[0.9607,0.0393],"evs":[0.0,-4.87622]},"73o":{"weight":2.0E-4,"played":[0.9998,2.0E-4],"evs":[0.0,-4.63005]},"83o":{"weight":1.0E-4,"played":[1.0,0.0],"evs":[0.0,-5.49228]},"93o":{"weight":0.0,"played":[0.9995,5.0E-4],"evs":[0.0,-5.64466]},"T3o":{"weight":1.0E-4,"played":[0.9581,0.0419],"evs":[0.0,-5.98603]},"J3o":{"weight":0.0,"played":[0.9953,0.0047],"evs":[0.0,-4.94746]},"Q3o":{"weight":1.0E-4,"played":[0.9313,0.0687],"evs":[0.0,-3.43569]},"K3o":{"weight":2.0E-4,"played":[0.9858,0.0142],"evs":[0.0,-6.20911]},"A3o":{"weight":0.001,"played":[0.9105,0.0895],"evs":[0.0,-3.17142]},"42s":{"weight":0.0025,"played":[0.6939,0.3061],"evs":[0.0,-1.26389]},"43s":{"weight":5.0E-4,"played":[0.994,0.006],"evs":[0.0,-3.60162]},"44":{"weight":0.7299,"played":[0.8012,0.1988],"evs":[0.0,1.35902]},"54o":{"weight":0.0,"played":[0.9173,0.0827],"evs":[0.0,-0.29927]},"64o":{"weight":1.0E-4,"played":[0.9894,0.0106],"evs":[0.0,-4.48078]},"74o":{"weight":0.0,"played":[1.0,0.0],"evs":[0.0,-6.41126]},"84o":{"weight":0.0,"played":[0.9772,0.0228],"evs":[0.0,-3.39968]},"94o":{"weight":1.0E-4,"played":[0.9972,0.0028],"evs":[0.0,-5.85444]},"T4o":{"weight":1.0E-4,"played":[0.9888,0.0112],"evs":[0.0,-6.06284]},"J4o":{"weight":2.0E-4,"played":[0.985,0.015],"evs":[0.0,-5.19539]},"Q4o":{"weight":1.0E-4,"played":[0.992,0.008],"evs":[0.0,-4.12135]},"K4o":{"weight":1.0E-4,"played":[0.9956,0.0044],"evs":[0.0,-5.96686]},"A4o":{"weight":6.0E-4,"played":[0.9905,0.0095],"evs":[0.0,-1.30003]},"52s":{"weight":0.0,"played":[0.9285,0.0715],"evs":[0.0,-0.58929]},"53s":{"weight":0.0019,"played":[0.4528,0.5472],"evs":[0.0,-0.03154]},"54s":{"weight":7.0E-4,"played":[0.9183,0.0817],"evs":[0.0,-3.10485]},"55":{"weight":0.6223,"played":[0.6217,0.3783],"evs":[0.0,-0.23321]},"65o":{"weight":0.0,"played":[0.9114,0.0886],"evs":[0.0,-1.3359]},"75o":{"weight":0.0,"played":[0.9939,0.0061],"evs":[0.0,-4.07033]},"85o":{"weight":2.0E-4,"played":[0.9719,0.0281],"evs":[0.0,-4.16255]},"95o":{"weight":0.0,"played":[0.9973,0.0027],"evs":[0.0,-4.38353]},"T5o":{"weight":1.0E-4,"played":[0.9546,0.0454],"evs":[0.0,-3.72601]},"J5o":{"weight":0.0,"played":[0.9982,0.0018],"evs":[0.0,-4.52479]},"Q5o":{"weight":0.0,"played":[0.9915,0.0085],"evs":[0.0,-4.93117]},"K5o":{"weight":0.0,"played":[0.9956,0.0044],"evs":[0.0,-4.54677]},"A5o":{"weight":0.0015,"played":[0.7748,0.2252],"evs":[0.0,-1.0195]},"62s":{"weight":0.0,"played":[0.9718,0.0282],"evs":[0.0,-4.59065]},"63s":{"weight":2.0E-4,"played":[0.8998,0.1002],"evs":[0.0,-6.61859]},"64s":{"weight":0.0037,"played":[0.9885,0.0115],"evs":[0.0,-4.54412]},"65s":{"weight":0.0152,"played":[0.5249,0.4751],"evs":[0.0,0.19286]},"66":{"weight":0.0923,"played":[0.0597,0.9403],"evs":[0.0,3.31688]},"76o":{"weight":1.0E-4,"played":[0.9028,0.0972],"evs":[0.0,-1.95751]},"86o":{"weight":2.0E-4,"played":[0.9635,0.0365],"evs":[0.0,-2.6875]},"96o":{"weight":0.0,"played":[0.9995,5.0E-4],"evs":[0.0,-3.15308]},"T6o":{"weight":0.0,"played":[0.9892,0.0108],"evs":[0.0,-5.99802]},"J6o":{"weight":1.0E-4,"played":[0.9876,0.0124],"evs":[0.0,-2.71461]},"Q6o":{"weight":0.0,"played":[0.963,0.037],"evs":[0.0,-2.43345]},"K6o":{"weight":3.0E-4,"played":[0.9948,0.0052],"evs":[0.0,-2.84866]},"A6o":{"weight":0.0102,"played":[0.6609,0.3391],"evs":[0.0,-1.33969]},"72s":{"weight":0.0,"played":[0.9975,0.0025],"evs":[0.0,-3.85849]},"73s":{"weight":1.0E-4,"played":[0.2599,0.7401],"evs":[0.0,2.40613]},"74s":{"weight":0.0,"played":[0.8262,0.1738],"evs":[0.0,-0.56256]},"75s":{"weight":0.0735,"played":[0.5342,0.4658],"evs":[0.0,-1.10002]},"76s":{"weight":0.544,"played":[0.0889,0.9111],"evs":[0.0,3.57327]},"77":{"weight":0.0269,"played":[0.3132,0.6868],"evs":[0.0,2.17776]},"87o":{"weight":0.0,"played":[0.9825,0.0175],"evs":[0.0,-1.90038]},"97o":{"weight":0.0,"played":[1.0,0.0],"evs":[0.0,-2.42186]},"T7o":{"weight":0.0,"played":[0.9993,7.0E-4],"evs":[0.0,-5.99623]},"J7o":{"weight":0.0,"played":[0.9596,0.0404],"evs":[0.0,-4.8671]},"Q7o":{"weight":1.0E-4,"played":[0.9952,0.0048],"evs":[0.0,-6.02707]},"K7o":{"weight":0.0,"played":[0.997,0.003],"evs":[0.0,-2.94852]},"A7o":{"weight":0.0245,"played":[0.0621,0.9379],"evs":[0.0,1.34938]},"82s":{"weight":1.0E-4,"played":[0.9927,0.0073],"evs":[0.0,-3.42997]},"83s":{"weight":1.0E-4,"played":[0.9888,0.0112],"evs":[0.0,-2.5358]},"84s":{"weight":0.0028,"played":[0.9545,0.0455],"evs":[0.0,-7.78576]},"85s":{"weight":0.0383,"played":[0.6782,0.3218],"evs":[0.0,1.08154]},"86s":{"weight":0.0012,"played":[0.968,0.032],"evs":[0.0,-2.66186]},"87s":{"weight":0.2035,"played":[0.7244,0.2756],"evs":[0.0,1.104]},"88":{"weight":0.0283,"played":[0.0963,0.9037],"evs":[0.0,-0.86609]},"98o":{"weight":1.0E-4,"played":[0.7465,0.2535],"evs":[0.0,-0.81834]},"T8o":{"weight":0.0,"played":[0.9998,2.0E-4],"evs":[0.0,-4.54604]},"J8o":{"weight":0.0,"played":[0.8605,0.1395],"evs":[0.0,-4.47381]},"Q8o":{"weight":1.0E-4,"played":[0.9342,0.0658],"evs":[0.0,-2.59763]},"K8o":{"weight":1.0E-4,"played":[0.9548,0.0452],"evs":[0.0,-4.6828]},"A8o":{"weight":0.026,"played":[0.8711,0.1289],"evs":[0.0,-1.24735]},"92s":{"weight":6.0E-4,"played":[0.8656,0.1344],"evs":[0.0,-5.79104]},"93s":{"weight":2.0E-4,"played":[0.901,0.099],"evs":[0.0,-3.29287]},"94s":{"weight":0.0017,"played":[0.9532,0.0468],"evs":[0.0,-3.39633]},"95s":{"weight":0.002,"played":[0.772,0.228],"evs":[0.0,-3.38284]},"96s":{"weight":2.0E-4,"played":[0.8457,0.1543],"evs":[0.0,-5.3479]},"97s":{"weight":0.0067,"played":[0.6691,0.3309],"evs":[0.0,-2.17027]},"98s":{"weight":9.0E-4,"played":[0.9291,0.0709],"evs":[0.0,-3.02423]},"99":{"weight":0.0015,"played":[0.0,1.0],"evs":[0.0,3.41981]},"T9o":{"weight":8.0E-4,"played":[0.7394,0.2606],"evs":[0.0,0.64302]},"J9o":{"weight":8.0E-4,"played":[0.9852,0.0148],"evs":[0.0,-2.44975]},"Q9o":{"weight":0.0014,"played":[0.8486,0.1514],"evs":[0.0,-1.29916]},"K9o":{"weight":2.0E-4,"played":[0.9976,0.0024],"evs":[0.0,-4.35104]},"A9o":{"weight":0.2879,"played":[0.5647,0.4353],"evs":[0.0,1.54357]},"T2s":{"weight":0.0044,"played":[1.0,0.0],"evs":[0.0,-3.98179]},"T3s":{"weight":1.0E-4,"played":[0.9301,0.0699],"evs":[0.0,-2.65122]},"T4s":{"weight":0.0019,"played":[0.2093,0.7907],"evs":[0.0,4.8669]},"T5s":{"weight":0.0,"played":[0.8378,0.1622],"evs":[0.0,-2.91773]},"T6s":{"weight":5.0E-4,"played":[0.6414,0.3586],"evs":[0.0,-0.49317]},"T7s":{"weight":0.0,"played":[0.4258,0.5742],"evs":[0.0,-2.14509]},"T8s":{"weight":0.0139,"played":[0.0724,0.9276],"evs":[0.0,-0.17562]},"T9s":{"weight":0.0014,"played":[0.7674,0.2326],"evs":[0.0,-0.633]},"TT":{"weight":0.0923,"played":[0.0908,0.9092],"evs":[0.0,3.82722]},"JTo":{"weight":2.0E-4,"played":[0.9992,8.0E-4],"evs":[0.0,-1.06138]},"QTo":{"weight":7.0E-4,"played":[0.3543,0.6457],"evs":[0.0,0.59722]},"KTo":{"weight":0.0043,"played":[0.8835,0.1165],"evs":[0.0,-1.61377]},"ATo":{"weight":0.0024,"played":[0.3997,0.6003],"evs":[0.0,-1.36457]},"J2s":{"weight":0.0034,"played":[0.5274,0.4726],"evs":[0.0,-4.41773]},"J3s":{"weight":8.0E-4,"played":[0.9155,0.0845],"evs":[0.0,-5.402]},"J4s":{"weight":1.0E-4,"played":[0.3466,0.6534],"evs":[0.0,0.68888]},"J5s":{"weight":2.0E-4,"played":[0.9862,0.0138],"evs":[0.0,-4.86354]},"J6s":{"weight":9.0E-4,"played":[0.7705,0.2295],"evs":[0.0,-4.33031]},"J7s":{"weight":0.0031,"played":[0.9492,0.0508],"evs":[0.0,-3.82223]},"J8s":{"weight":0.0018,"played":[0.531,0.469],"evs":[0.0,-1.20901]},"J9s":{"weight":5.0E-4,"played":[0.5683,0.4317],"evs":[0.0,-2.64225]},"JTs":{"weight":0.0176,"played":[0.2068,0.7932],"evs":[0.0,0.94184]},"JJ":{"weight":6.0E-4,"played":[0.0,1.0],"evs":[0.0,3.3157]},"QJo":{"weight":0.0169,"played":[0.9821,0.0179],"evs":[0.0,-1.58402]},"KJo":{"weight":3.0E-4,"played":[0.8244,0.1756],"evs":[0.0,-1.06003]},"AJo":{"weight":0.0311,"played":[0.0718,0.9282],"evs":[0.0,1.28346]},"Q2s":{"weight":1.0E-4,"played":[0.5225,0.4775],"evs":[0.0,-3.31602]},"Q3s":{"weight":0.0013,"played":[0.6481,0.3519],"evs":[0.0,-1.11925]},"Q4s":{"weight":0.0135,"played":[0.8192,0.1808],"evs":[0.0,-2.77271]},"Q5s":{"weight":2.0E-4,"played":[0.8278,0.1722],"evs":[0.0,0.71397]},"Q6s":{"weight":4.0E-4,"played":[0.2055,0.7945],"evs":[0.0,2.13426]},"Q7s":{"weight":0.3686,"played":[0.9919,0.0081],"evs":[0.0,-3.30287]},"Q8s":{"weight":6.0E-4,"played":[0.6802,0.3198],"evs":[0.0,-1.79322]},"Q9s":{"weight":0.0404,"played":[0.9237,0.0763],"evs":[0.0,-3.11176]},"QTs":{"weight":0.9577,"played":[0.7784,0.2216],"evs":[0.0,-1.47021]},"QJs":{"weight":0.3085,"played":[0.0721,0.9279],"evs":[0.0,1.88645]},"QQ":{"weight":0.192,"played":[0.0,1.0],"evs":[0.0,8.76661]},"KQo":{"weight":0.0173,"played":[0.8456,0.1544],"evs":[0.0,-1.33363]},"AQo":{"weight":0.6756,"played":[0.0108,0.9892],"evs":[0.0,1.8429]},"K2s":{"weight":0.0048,"played":[0.9874,0.0126],"evs":[0.0,-3.24732]},"K3s":{"weight":0.0011,"played":[0.9925,0.0075],"evs":[0.0,-7.55567]},"K4s":{"weight":0.008,"played":[0.8618,0.1382],"evs":[0.0,-0.80764]},"K5s":{"weight":4.0E-4,"played":[0.7313,0.2687],"evs":[0.0,-3.60945]},"K6s":{"weight":0.0229,"played":[0.9908,0.0092],"evs":[0.0,-2.88386]},"K7s":{"weight":0.032,"played":[0.0083,0.9917],"evs":[0.0,2.49978]},"K8s":{"weight":9.0E-4,"played":[0.8722,0.1278],"evs":[0.0,-1.68599]},"K9s":{"weight":0.3158,"played":[0.5507,0.4493],"evs":[0.0,-0.44949]},"KTs":{"weight":0.3993,"played":[0.0953,0.9047],"evs":[0.0,2.48743]},"KJs":{"weight":0.8214,"played":[0.0012,0.9988],"evs":[0.0,5.42403]},"KQs":{"weight":0.9149,"played":[0.0206,0.9794],"evs":[0.0,3.00622]},"KK":{"weight":0.1639,"played":[0.0,1.0],"evs":[0.0,8.59901]},"AKo":{"weight":0.011,"played":[0.0,1.0],"evs":[0.0,6.55895]},"A2s":{"weight":0.0651,"played":[0.4853,0.5147],"evs":[0.0,1.2191]},"A3s":{"weight":0.0568,"played":[0.568,0.432],"evs":[0.0,1.51974]},"A4s":{"weight":0.1571,"played":[0.9714,0.0286],"evs":[0.0,-4.07544]},"A5s":{"weight":0.0011,"played":[0.2364,0.7636],"evs":[0.0,1.45015]},"A6s":{"weight":0.0105,"played":[0.854,0.146],"evs":[0.0,-4.73358]},"A7s":{"weight":0.1911,"played":[0.928,0.072],"evs":[0.0,-2.53325]},"A8s":{"weight":0.3188,"played":[0.3888,0.6112],"evs":[0.0,1.25031]},"A9s":{"weight":0.1665,"played":[0.0444,0.9556],"evs":[0.0,1.8934]},"ATs":{"weight":0.0239,"played":[0.0028,0.9972],"evs":[0.0,4.92174]},"AJs":{"weight":0.0266,"played":[0.1171,0.8829],"evs":[0.0,0.4417]},"AQs":{"weight":0.0321,"played":[0.0,1.0],"evs":[0.0,6.85585]},"AKs":{"weight":0.0039,"played":[0.0015,0.9985],"evs":[0.0,8.66911]},"AA":{"weight":0.0093,"played":[0.0,1.0],"evs":[0.0,21.09523]}}}