{"player":3,"street":0,"children":3,"sequence":[{"player":0,"type":"F","amount":0,"street":0},{"player":1,"type":"F","amount":0,"street":0},{"player":2,"type":"R","amount":200000,"street":0},{"player":3,"type":"C","amount":200000,"street":0},{"player":4,"type":"R","amount":800000,"street":0},{"player":5,"type":"F","amount":0,"street":0},{"player":2,"type":"R","amount":1265000,"street":0}],"actions":[{"type":"F","amount":0,"node":77},{"type":"C","amount":1065000,"node":78},{"type":"R","amount":2395000,"node":79}],"hands":{"22":{"weight":0.0,"played":[0.9839,0.003,0.0131],"evs":[0.0,-2.12901,-2.2425]},"32o":{"weight":0.0,"played":[0.9989,0.0011,0.0],"evs":[0.0,-4.75504,-6.7686]},"42o":{"weight":0.0,"played":[0.9998,0.0,2.0E-4],"evs":[0.0,-5.182,-6.54901]},"52o":{"weight":0.0,"played":[0.9971,0.0025,4.0E-4],"evs":[0.0,-4.6945,-6.1854]},"62o":{"weight":0.0,"played":[0.9974,0.002,6.0E-4],"evs":[0.0,-4.4837,-5.70783]},"72o":{"weight":0.0,"played":[0.9999,1.0E-4,0.0],"evs":[0.0,-5.77717,-7.33475]},"82o":{"weight":0.0,"played":[0.9981,5.0E-4,0.0013],"evs":[0.0,-4.23421,-6.22554]},"92o":{"weight":0.0,"played":[0.9998,0.0,1.0E-4],"evs":[0.0,-4.83814,-6.91466]},"T2o":{"weight":0.0,"played":[0.9999,1.0E-4,1.0E-4],"evs":[0.0,-4.78226,-6.90097]},"J2o":{"weight":0.0,"played":[0.9999,1.0E-4,1.0E-4],"evs":[0.0,-4.94385,-6.59936]},"Q2o":{"weight":0.0,"played":[0.9975,4.0E-4,0.0021],"evs":[0.0,-4.52202,-6.74286]},"K2o":{"weight":0.0,"played":[0.9921,1.0E-4,0.0078],"evs":[0.0,-3.67876,-6.30596]},"A2o":{"weight":0.0,"played":[0.9945,0.0017,0.0038],"evs":[0.0,-6.16766,-7.04053]},"32s":{"weight":0.0,"played":[0.9608,0.0103,0.0289],"evs":[0.0,-4.713,-6.28847]},"33":{"weight":1.0E-4,"played":[0.9819,0.0016,0.0165],"evs":[0.0,-2.66193,-2.74902]},"43o":{"weight":0.0,"played":[0.9997,3.0E-4,0.0],"evs":[0.0,-4.05289,-4.81815]},"53o":{"weight":0.0,"played":[0.9984,3.0E-4,0.0012],"evs":[0.0,-4.11451,-5.91495]},"63o":{"weight":0.0,"played":[0.9948,0.0,0.0052],"evs":[0.0,-3.66154,-5.00266]},"73o":{"weight":0.0,"played":[0.9981,0.0018,1.0E-4],"evs":[0.0,-4.84785,-6.61514]},"83o":{"weight":0.0,"played":[0.9995,1.0E-4,4.0E-4],"evs":[0.0,-5.84727,-6.56889]},"93o":{"weight":0.0,"played":[0.9999,0.0,0.0],"evs":[0.0,-4.35139,-6.20553]},"T3o":{"weight":0.0,"played":[0.9997,2.0E-4,1.0E-4],"evs":[0.0,-4.03878,-5.73171]},"J3o":{"weight":0.0,"played":[0.9991,2.0E-4,6.0E-4],"evs":[0.0,-5.4367,-7.25063]},"Q3o":{"weight":0.0,"played":[0.9998,0.0,2.0E-4],"evs":[0.0,-4.18199,-5.25614]},"K3o":{"weight":0.0,"played":[0.9968,0.0019,0.0013],"evs":[0.0,-4.34335,-6.63268]},"A3o":{"weight":0.0,"played":[0.9732,0.0152,0.0117],"evs":[0.0,-4.67712,-5.6237]},"42s":{"weight":0.0,"played":[0.9906,0.006,0.0033],"evs":[0.0,-3.5097,-4.07866]},"43s":{"weight":0.0,"played":[0.9797,0.0148,0.0055],"evs":[0.0,-5.18258,-5.71598]},"44":{"weight":0.9088,"played":[0.981,0.0095,0.0095],"evs":[0.0,-2.34163,-3.09209]},"54o":{"weight":0.0,"played":[0.9996,0.0,3.0E-4],"evs":[0.0,-4.41474,-5.42291]},"64o":{"weight":0.0,"played":[0.9984,7.0E-4,9.0E-4],"evs":[0.0,-3.91011,-5.10726]},"74o":{"weight":0.0,"played":[0.9989,7.0E-4,5.0E-4],"evs":[0.0,-4.90205,-6.45075]},"84o":{"weight":0.0,"played":[1.0,0.0,0.0],"evs":[0.0,-4.14533,-5.79488]},"94o":{"weight":0.0,"played":[0.9977,0.001,0.0012],"evs":[0.0,-4.78856,-6.72361]},"T4o":{"weight":0.0,"played":[0.9999,0.0,1.0E-4],"evs":[0.0,-3.9493,-6.22341]},"J4o":{"weight":0.0,"played":[0.999,2.0E-4,8.0E-4],"evs":[0.0,-3.67997,-5.49997]},"Q4o":{"weight":0.0,"played":[0.9978,0.0018,4.0E-4],"evs":[0.0,-4.02179,-5.58794]},"K4o":{"weight":0.0,"played":[0.9983,8.0E-4,9.0E-4],"evs":[0.0,-4.5534,-6.12633]},"A4o":{"weight":0.0859,"played":[0.9835,0.0011,0.0154],"evs":[0.0,-4.47887,-5.94664]},"52s":{"weight":0.0,"played":[0.9997,0.0,3.0E-4],"evs":[0.0,-2.78056,-4.69041]},"53s":{"weight":0.0,"played":[0.9852,0.0095,0.0053],"evs":[0.0,-4.18243,-6.0874]},"54s":{"weight":0.0,"played":[0.9939,0.0053,8.0E-4],"evs":[0.0,-3.30488,-3.9846]},"55":{"weight":0.1628,"played":[0.9629,0.0339,0.0032],"evs":[0.0,-1.26347,-2.48535]},"65o":{"weight":0.0,"played":[0.9919,0.0011,0.007],"evs":[0.0,-3.09359,-3.3615]},"75o":{"weight":0.0,"played":[1.0,0.0,0.0],"evs":[0.0,-3.15719,-4.25596]},"85o":{"weight":0.0,"played":[0.9887,0.0109,4.0E-4],"evs":[0.0,-3.23136,-4.85134]},"95o":{"weight":0.0,"played":[0.9991,2.0E-4,7.0E-4],"evs":[0.0,-4.20355,-5.30989]},"T5o":{"weight":0.0,"played":[0.9981,0.0,0.0018],"evs":[0.0,-4.48884,-6.37663]},"J5o":{"weight":0.0,"played":[0.9969,0.0011,0.002],"evs":[0.0,-5.31216,-6.69445]},"Q5o":{"weight":0.0,"played":[0.9998,0.0,1.0E-4],"evs":[0.0,-4.29551,-5.78807]},"K5o":{"weight":0.0,"played":[0.9933,0.0042,0.0025],"evs":[0.0,-3.82418,-5.7364]},"A5o":{"weight":0.0069,"played":[0.9975,8.0E-4,0.0017],"evs":[0.0,-3.56733,-5.35443]},"62s":{"weight":0.0,"played":[0.9916,5.0E-4,0.0079],"evs":[0.0,-2.91935,-4.02693]},"63s":{"weight":0.0,"played":[0.9469,0.0313,0.0218],"evs":[0.0,-1.01864,-3.36182]},"64s":{"weight":0.0,"played":[0.9931,0.005,0.0019],"evs":[0.0,-2.11529,-2.18708]},"65s":{"weight":0.1618,"played":[0.9724,0.0108,0.0168],"evs":[0.0,-2.42753,-2.53899]},"66":{"weight":0.0469,"played":[0.994,0.0017,0.0044],"evs":[0.0,-1.98555,-2.15284]},"76o":{"weight":0.0,"played":[0.9991,1.0E-4,8.0E-4],"evs":[0.0,-2.21621,-4.1686]},"86o":{"weight":0.0,"played":[0.9989,2.0E-4,9.0E-4],"evs":[0.0,-2.68448,-4.00545]},"96o":{"weight":0.0,"played":[0.9997,3.0E-4,0.0],"evs":[0.0,-3.56335,-5.34934]},"T6o":{"weight":0.0,"played":[0.999,4.0E-4,6.0E-4],"evs":[0.0,-4.33156,-5.89223]},"J6o":{"weight":0.0,"played":[0.9996,1.0E-4,3.0E-4],"evs":[0.0,-2.86481,-3.65227]},"Q6o":{"weight":0.0,"played":[0.9914,0.0,0.0086],"evs":[0.0,-3.1843,-5.08529]},"K6o":{"weight":0.0,"played":[0.9966,0.0024,0.001],"evs":[0.0,-3.83881,-5.67859]},"A6o":{"weight":0.0319,"played":[0.9945,0.0027,0.0028],"evs":[0.0,-5.79623,-7.08622]},"72s":{"weight":0.0,"played":[1.0,0.0,0.0],"evs":[0.0,-3.48307,-5.14058]},"73s":{"weight":0.0,"played":[0.9921,0.0026,0.0053],"evs":[0.0,-2.49489,-4.38059]},"74s":{"weight":0.0,"played":[0.9966,0.0034,1.0E-4],"evs":[0.0,-3.59975,-4.17152]},"75s":{"weight":0.0,"played":[0.9893,0.0011,0.0095],"evs":[0.0,-3.26012,-4.13569]},"76s":{"weight":0.1127,"played":[0.8543,0.1173,0.0284],"evs":[0.0,-2.80134,-3.57802]},"77":{"weight":2.0E-4,"played":[0.9924,0.001,0.0066],"evs":[0.0,-1.69311,-1.44093]},"87o":{"weight":0.0,"played":[0.9999,0.0,1.0E-4],"evs":[0.0,-2.38946,-4.85003]},"97o":{"weight":0.0,"played":[0.9996,1.0E-4,3.0E-4],"evs":[0.0,-2.89058,-4.8156]},"T7o":{"weight":0.0,"played":[0.9977,0.0014,9.0E-4],"evs":[0.0,-3.49541,-5.63726]},"J7o":{"weight":0.0,"played":[0.9988,0.0012,0.0],"evs":[0.0,-3.36957,-4.47058]},"Q7o":{"weight":0.0,"played":[0.9987,9.0E-4,4.0E-4],"evs":[0.0,-3.65905,-5.41379]},"K7o":{"weight":0.0,"played":[0.998,0.001,0.001],"evs":[0.0,-3.4133,-4.85774]},"A7o":{"weight":0.0668,"played":[0.9821,0.0024,0.0155],"evs":[0.0,-5.42851,-6.7556]},"82s":{"weight":0.0,"played":[0.9902,0.0073,0.0025],"evs":[0.0,-4.56826,-5.94751]},"83s":{"weight":0.0,"played":[0.9844,2.0E-4,0.0154],"evs":[0.0,-4.32463,-5.60866]},"84s":{"weight":0.0,"played":[0.9983,0.0,0.0017],"evs":[0.0,-3.462,-5.22001]},"85s":{"weight":0.0,"played":[0.9614,0.0157,0.0229],"evs":[0.0,-1.82218,-2.92915]},"86s":{"weight":0.0,"played":[0.6556,0.2349,0.1096],"evs":[0.0,0.18716,-1.57556]},"87s":{"weight":0.0014,"played":[0.8495,0.0694,0.0811],"evs":[0.0,-1.20128,-1.71284]},"88":{"weight":0.1058,"played":[0.9417,0.0261,0.0322],"evs":[0.0,-1.11381,-1.25798]},"98o":{"weight":0.0,"played":[0.9999,1.0E-4,1.0E-4],"evs":[0.0,-2.83568,-3.53658]},"T8o":{"weight":0.0,"played":[0.9879,0.0074,0.0047],"evs":[0.0,-3.0722,-4.04825]},"J8o":{"weight":0.0,"played":[0.9998,1.0E-4,1.0E-4],"evs":[0.0,-3.40709,-4.03139]},"Q8o":{"weight":0.0,"played":[0.9945,0.0041,0.0014],"evs":[0.0,-3.28355,-4.88081]},"K8o":{"weight":0.0,"played":[0.9908,8.0E-4,0.0084],"evs":[0.0,-4.22028,-5.00644]},"A8o":{"weight":0.267,"played":[0.9905,0.0049,0.0046],"evs":[0.0,-4.82247,-6.22358]},"92s":{"weight":0.0,"played":[0.9975,0.0,0.0025],"evs":[0.0,-2.72826,-3.77226]},"93s":{"weight":0.0,"played":[0.9994,0.0,6.0E-4],"evs":[0.0,-1.90602,-2.13062]},"94s":{"weight":0.0,"played":[0.9934,0.0059,7.0E-4],"evs":[0.0,-5.79128,-6.1966]},"95s":{"weight":0.0,"played":[0.9809,0.004,0.0151],"evs":[0.0,-3.54588,-5.11794]},"96s":{"weight":0.0,"played":[0.9997,1.0E-4,2.0E-4],"evs":[0.0,-0.52439,-2.12947]},"97s":{"weight":0.0,"played":[0.9623,0.0093,0.0284],"evs":[0.0,-3.36148,-3.71316]},"98s":{"weight":0.3961,"played":[0.9997,1.0E-4,2.0E-4],"evs":[0.0,-2.04937,-3.08513]},"99":{"weight":0.0017,"played":[0.0912,0.6889,0.2199],"evs":[0.0,1.04806,-0.95443]},"T9o":{"weight":0.0,"played":[0.9998,0.0,2.0E-4],"evs":[0.0,-1.683,-3.03233]},"J9o":{"weight":0.0,"played":[0.9952,0.0021,0.0026],"evs":[0.0,-3.20016,-4.35379]},"Q9o":{"weight":0.0,"played":[0.9972,0.0027,2.0E-4],"evs":[0.0,-2.76613,-3.74488]},"K9o":{"weight":0.0,"played":[0.9903,0.0049,0.0048],"evs":[0.0,-4.10579,-5.28986]},"A9o":{"weight":0.0011,"played":[0.9746,0.0172,0.0081],"evs":[0.0,-5.30907,-6.97033]},"T2s":{"weight":0.0,"played":[0.9888,5.0E-4,0.0106],"evs":[0.0,-2.77012,-4.11173]},"T3s":{"weight":0.0,"played":[0.9931,0.005,0.0019],"evs":[0.0,-5.12789,-5.61796]},"T4s":{"weight":0.0,"played":[0.9992,0.0,7.0E-4],"evs":[0.0,-2.91179,-4.27365]},"T5s":{"weight":0.0,"played":[0.999,1.0E-4,9.0E-4],"evs":[0.0,-4.03293,-5.58464]},"T6s":{"weight":0.0,"played":[0.9937,0.0021,0.0042],"evs":[0.0,-1.35357,-2.66854]},"T7s":{"weight":0.0,"played":[0.9189,0.0435,0.0377],"evs":[0.0,-1.00691,-1.95962]},"T8s":{"weight":0.0,"played":[0.9845,0.0082,0.0073],"evs":[0.0,-2.70702,-3.36505]},"T9s":{"weight":0.1955,"played":[0.9188,0.0195,0.0616],"evs":[0.0,-1.64823,-2.26546]},"TT":{"weight":0.0018,"played":[0.1932,0.4677,0.3391],"evs":[0.0,2.07703,1.27305]},"JTo":{"weight":0.0,"played":[0.9921,0.0039,0.004],"evs":[0.0,-1.34091,-2.92679]},"QTo":{"weight":0.0,"played":[0.9864,0.0044,0.0093],"evs":[0.0,-3.34815,-4.27609]},"KTo":{"weight":0.0081,"played":[0.9923,0.0029,0.0049],"evs":[0.0,-3.67208,-4.3508]},"ATo":{"weight":0.0,"played":[0.9673,0.0102,0.0225],"evs":[0.0,-4.44439,-5.30939]},"J2s":{"weight":0.0,"played":[0.9959,0.003,0.0011],"evs":[0.0,-4.69885,-5.87071]},"J3s":{"weight":0.0,"played":[0.9763,0.0106,0.0131],"evs":[0.0,-4.30122,-5.5821]},"J4s":{"weight":0.0,"played":[0.9977,2.0E-4,0.0021],"evs":[0.0,-3.12959,-4.18804]},"J5s":{"weight":0.0,"played":[0.9967,0.0022,0.0011],"evs":[0.0,-1.66052,-2.52877]},"J6s":{"weight":0.0,"played":[0.9862,0.0074,0.0064],"evs":[0.0,-2.47871,-3.26108]},"J7s":{"weight":0.0,"played":[0.9921,0.0062,0.0017],"evs":[0.0,-3.31524,-5.01619]},"J8s":{"weight":0.0,"played":[0.9985,3.0E-4,0.0012],"evs":[0.0,-1.93073,-3.23098]},"J9s":{"weight":0.7864,"played":[0.9895,0.0019,0.0086],"evs":[0.0,-2.26409,-2.56363]},"JTs":{"weight":0.6811,"played":[0.9411,0.0239,0.035],"evs":[0.0,-0.75556,-1.63032]},"JJ":{"weight":2.0E-4,"played":[0.0131,0.4832,0.5037],"evs":[0.0,2.78151,2.19266]},"QJo":{"weight":0.1566,"played":[0.9923,0.0044,0.0033],"evs":[0.0,-2.16277,-3.1387]},"KJo":{"weight":0.0041,"played":[0.9979,0.002,0.0],"evs":[0.0,-3.26113,-4.26353]},"AJo":{"weight":2.0E-4,"played":[0.6902,0.107,0.2029],"evs":[0.0,-4.04203,-5.22547]},"Q2s":{"weight":0.0,"played":[0.9951,6.0E-4,0.0043],"evs":[0.0,-2.56051,-4.01451]},"Q3s":{"weight":0.0,"played":[0.9962,0.0035,3.0E-4],"evs":[0.0,-3.42329,-4.62476]},"Q4s":{"weight":0.0,"played":[0.9721,0.0262,0.0017],"evs":[0.0,-2.2623,-4.5054]},"Q5s":{"weight":0.0,"played":[0.9954,2.0E-4,0.0044],"evs":[0.0,-1.32744,-3.11825]},"Q6s":{"weight":0.0,"played":[0.9713,0.0091,0.0196],"evs":[0.0,-3.1778,-4.14504]},"Q7s":{"weight":0.0,"played":[0.9913,0.0,0.0086],"evs":[0.0,-1.83831,-3.19136]},"Q8s":{"weight":0.0,"played":[0.9817,0.0135,0.0048],"evs":[0.0,-3.19471,-4.14894]},"Q9s":{"weight":0.0288,"played":[0.9437,5.0E-4,0.0558],"evs":[0.0,-2.34017,-2.74033]},"QTs":{"weight":0.2386,"played":[0.9073,0.0066,0.086],"evs":[0.0,-1.95074,-3.61235]},"QJs":{"weight":0.0126,"played":[0.9834,0.0119,0.0047],"evs":[0.0,-3.11197,-3.87901]},"QQ":{"weight":8.0E-4,"played":[5.0E-4,0.3993,0.6002],"evs":[0.0,2.14742,1.93006]},"KQo":{"weight":0.3065,"played":[0.9913,0.0036,0.0052],"evs":[0.0,-3.08895,-4.23228]},"AQo":{"weight":5.0E-4,"played":[0.68,0.0682,0.2518],"evs":[0.0,-2.20136,-2.36559]},"K2s":{"weight":0.0,"played":[0.943,0.0538,0.0032],"evs":[0.0,-1.88485,-4.21604]},"K3s":{"weight":0.0,"played":[0.988,7.0E-4,0.0113],"evs":[0.0,-4.03867,-5.06569]},"K4s":{"weight":0.0,"played":[0.9948,0.0,0.0051],"evs":[0.0,-3.48042,-4.57932]},"K5s":{"weight":0.0,"played":[0.9989,0.0,0.0011],"evs":[0.0,-3.76714,-4.50228]},"K6s":{"weight":0.0,"played":[0.9974,0.0013,0.0013],"evs":[0.0,-3.78631,-4.36522]},"K7s":{"weight":0.0,"played":[0.9941,0.0018,0.004],"evs":[0.0,-3.94717,-4.5435]},"K8s":{"weight":0.0016,"played":[0.7279,0.263,0.0091],"evs":[0.0,-1.62653,-2.13693]},"K9s":{"weight":0.2526,"played":[0.9839,0.0032,0.0129],"evs":[0.0,-1.07173,-2.15963]},"KTs":{"weight":0.0626,"played":[0.5344,0.2813,0.1843],"evs":[0.0,-0.46444,-1.24681]},"KJs":{"weight":4.0E-4,"played":[0.9038,0.0138,0.0824],"evs":[0.0,-2.06084,-2.73424]},"KQs":{"weight":0.0027,"played":[0.9925,0.0045,0.0031],"evs":[0.0,-2.69623,-3.97132]},"KK":{"weight":0.151,"played":[0.0,0.3125,0.6875],"evs":[0.0,2.15341,1.60078]},"AKo":{"weight":0.0,"played":[0.9354,0.0201,0.0446],"evs":[0.0,-1.88846,-1.60345]},"A2s":{"weight":1.0E-4,"played":[0.9737,0.0187,0.0077],"evs":[0.0,-4.53922,-6.21286]},"A3s":{"weight":0.0,"played":[0.9956,0.0,0.0044],"evs":[0.0,-3.60653,-4.54377]},"A4s":{"weight":0.0,"played":[0.8686,2.0E-4,0.1313],"evs":[0.0,-3.57357,-3.08866]},"A5s":{"weight":4.0E-4,"played":[0.861,0.0298,0.1091],"evs":[0.0,-3.58401,-3.60671]},"A6s":{"weight":5.0E-4,"played":[0.9211,0.0295,0.0494],"evs":[0.0,-3.72371,-4.42482]},"A7s":{"weight":0.0,"played":[0.9599,0.0,0.0401],"evs":[0.0,-2.21004,-4.00528]},"A8s":{"weight":4.0E-4,"played":[0.8802,0.0874,0.0323],"evs":[0.0,-3.36476,-4.55153]},"A9s":{"weight":0.0,"played":[0.9168,0.0428,0.0404],"evs":[0.0,-1.8283,-2.65259]},"ATs":{"weight":0.0257,"played":[0.2337,0.4455,0.3208],"evs":[0.0,0.80242,-0.50106]},"AJs":{"weight":0.0076,"played":[0.2627,0.0037,0.7337],"evs":[0.0,-1.39392,-1.04097]},"AQs":{"weight":0.0443,"played":[0.2704,0.1535,0.5761],"evs":[0.0,-1.5277,-1.1E-4]},"AKs":{"weight":0.379,"played":[0.7366,0.0053,0.2582],"evs":[0.0,-2.95609,-2.25524]},"AA":{"weight":0.8684,"played":[0.0,0.0,1.0],"evs":[0.0,14.02787,14.92206]}}}