{"player":2,"street":0,"children":3,"sequence":[{"player":0,"type":"F","amount":0,"street":0},{"player":1,"type":"F","amount":0,"street":0},{"player":2,"type":"R","amount":200000,"street":0},{"player":3,"type":"C","amount":200000,"street":0},{"player":4,"type":"R","amount":800000,"street":0},{"player":5,"type":"R","amount":895000,"street":0}],"actions":[{"type":"F","amount":0,"node":81},{"type":"C","amount":695000,"node":85},{"type":"R","amount":1265000,"node":90}],"hands":{"22":{"weight":0.055,"played":[0.3622,0.3192,0.3186],"evs":[0.0,-0.09701,0.01698]},"32o":{"weight":0.0,"played":[0.9995,3.0E-4,2.0E-4],"evs":[0.0,-2.36702,-2.55862]},"42o":{"weight":0.0,"played":[0.9993,2.0E-4,5.0E-4],"evs":[0.0,-2.64358,-2.82366]},"52o":{"weight":0.0,"played":[1.0,0.0,0.0],"evs":[0.0,-2.05946,-2.28907]},"62o":{"weight":0.0,"played":[0.9999,0.0,1.0E-4],"evs":[0.0,-1.91519,-2.14912]},"72o":{"weight":0.0,"played":[1.0,0.0,0.0],"evs":[0.0,-2.20037,-2.31945]},"82o":{"weight":0.0,"played":[0.9999,0.0,1.0E-4],"evs":[0.0,-2.39496,-2.58024]},"92o":{"weight":0.0,"played":[0.9985,0.0011,4.0E-4],"evs":[0.0,-2.2275,-2.38077]},"T2o":{"weight":0.0,"played":[0.9998,2.0E-4,1.0E-4],"evs":[0.0,-2.62051,-2.83249]},"J2o":{"weight":0.0,"played":[0.9999,1.0E-4,1.0E-4],"evs":[0.0,-2.32588,-2.42611]},"Q2o":{"weight":0.0,"played":[0.9997,2.0E-4,1.0E-4],"evs":[0.0,-1.84592,-1.90223]},"K2o":{"weight":0.0,"played":[0.9999,0.0,1.0E-4],"evs":[0.0,-1.7098,-1.88766]},"A2o":{"weight":0.1307,"played":[0.9999,0.0,0.0],"evs":[0.0,-2.2446,-2.19598]},"32s":{"weight":0.0,"played":[0.9997,0.0,3.0E-4],"evs":[0.0,-0.44959,-0.72844]},"33":{"weight":0.0,"played":[0.2818,0.3742,0.344],"evs":[0.0,-0.08369,-0.13025]},"43o":{"weight":0.0,"played":[0.9993,4.0E-4,4.0E-4],"evs":[0.0,-1.67531,-1.97478]},"53o":{"weight":0.0,"played":[0.9998,0.0,2.0E-4],"evs":[0.0,-1.49888,-1.46657]},"63o":{"weight":0.0,"played":[0.9997,1.0E-4,2.0E-4],"evs":[0.0,-1.78192,-1.97173]},"73o":{"weight":0.0,"played":[0.9988,0.0,0.0012],"evs":[0.0,-2.17746,-2.40953]},"83o":{"weight":0.0,"played":[0.9996,0.0,3.0E-4],"evs":[0.0,-2.11035,-2.33713]},"93o":{"weight":0.0,"played":[1.0,0.0,0.0],"evs":[0.0,-2.3198,-2.37878]},"T3o":{"weight":0.0,"played":[1.0,0.0,0.0],"evs":[0.0,-2.31151,-2.38044]},"J3o":{"weight":0.0,"played":[0.9999,0.0,1.0E-4],"evs":[0.0,-2.07526,-2.10956]},"Q3o":{"weight":0.0,"played":[0.9993,1.0E-4,6.0E-4],"evs":[0.0,-2.0815,-2.00813]},"K3o":{"weight":0.0,"played":[0.9787,0.0012,0.0201],"evs":[0.0,-1.87536,-1.97276]},"A3o":{"weight":0.2057,"played":[0.9981,0.0011,8.0E-4],"evs":[0.0,-2.13809,-2.23356]},"42s":{"weight":0.0,"played":[0.9528,0.027,0.0202],"evs":[0.0,-1.66231,-1.57531]},"43s":{"weight":0.0,"played":[0.9714,0.0139,0.0147],"evs":[0.0,-1.50866,-1.73964]},"44":{"weight":0.0,"played":[0.6735,0.1099,0.2167],"evs":[0.0,0.07721,0.03183]},"54o":{"weight":0.0,"played":[0.9992,1.0E-4,7.0E-4],"evs":[0.0,-1.53681,-1.60309]},"64o":{"weight":0.0,"played":[1.0,0.0,0.0],"evs":[0.0,-1.70262,-1.77543]},"74o":{"weight":0.0,"played":[0.9997,1.0E-4,1.0E-4],"evs":[0.0,-2.02629,-2.18917]},"84o":{"weight":0.0,"played":[0.9998,0.0,2.0E-4],"evs":[0.0,-2.33989,-2.5762]},"94o":{"weight":0.0,"played":[0.9989,3.0E-4,8.0E-4],"evs":[0.0,-2.82281,-2.93885]},"T4o":{"weight":0.0,"played":[0.9998,0.0,2.0E-4],"evs":[0.0,-2.90594,-3.05249]},"J4o":{"weight":0.0,"played":[0.997,0.0,0.003],"evs":[0.0,-2.41703,-2.45739]},"Q4o":{"weight":0.0,"played":[0.9986,0.0012,2.0E-4],"evs":[0.0,-2.10694,-2.06274]},"K4o":{"weight":0.0,"played":[0.9994,4.0E-4,1.0E-4],"evs":[0.0,-2.03174,-2.14349]},"A4o":{"weight":0.0,"played":[0.9965,0.0027,7.0E-4],"evs":[0.0,-1.84277,-1.91097]},"52s":{"weight":0.0,"played":[0.9822,0.0031,0.0147],"evs":[0.0,-0.73071,-0.6435]},"53s":{"weight":0.0,"played":[0.8979,0.0567,0.0454],"evs":[0.0,-1.01521,-1.10913]},"54s":{"weight":0.0,"played":[0.878,6.0E-4,0.1215],"evs":[0.0,-0.16267,-0.03433]},"55":{"weight":0.0,"played":[0.3775,0.1165,0.506],"evs":[0.0,-0.17271,-0.08614]},"65o":{"weight":0.0,"played":[0.9988,0.0,0.0012],"evs":[0.0,-1.29129,-1.42154]},"75o":{"weight":0.0,"played":[1.0,0.0,0.0],"evs":[0.0,-1.6032,-1.78604]},"85o":{"weight":0.0,"played":[1.0,0.0,0.0],"evs":[0.0,-1.72355,-1.89599]},"95o":{"weight":0.0,"played":[1.0,0.0,0.0],"evs":[0.0,-1.73374,-1.68823]},"T5o":{"weight":0.0,"played":[0.9998,2.0E-4,1.0E-4],"evs":[0.0,-2.10348,-2.08716]},"J5o":{"weight":0.0,"played":[0.9999,0.0,1.0E-4],"evs":[0.0,-1.97508,-2.03877]},"Q5o":{"weight":0.0,"played":[0.9946,5.0E-4,0.0049],"evs":[0.0,-1.51295,-1.63922]},"K5o":{"weight":0.0,"played":[0.9962,0.0029,8.0E-4],"evs":[0.0,-1.79818,-1.92669]},"A5o":{"weight":0.0,"played":[0.9248,0.0037,0.0715],"evs":[0.0,-1.98203,-1.98255]},"62s":{"weight":0.0,"played":[0.9989,3.0E-4,8.0E-4],"evs":[0.0,-1.15055,-1.24803]},"63s":{"weight":0.0,"played":[0.9817,0.003,0.0153],"evs":[0.0,-0.55021,-0.6974]},"64s":{"weight":0.0,"played":[0.9583,8.0E-4,0.0409],"evs":[0.0,-0.51927,-0.62977]},"65s":{"weight":0.0,"played":[0.9823,0.0121,0.0056],"evs":[0.0,-0.63806,-0.72663]},"66":{"weight":0.0,"played":[0.0017,0.22,0.7783],"evs":[0.0,1.73008,1.74563]},"76o":{"weight":0.0,"played":[0.9791,4.0E-4,0.0205],"evs":[0.0,-0.42658,-0.64979]},"86o":{"weight":0.0,"played":[0.9946,0.0028,0.0027],"evs":[0.0,-0.95346,-1.09067]},"96o":{"weight":0.0,"played":[0.9946,0.0045,9.0E-4],"evs":[0.0,-1.45484,-1.49323]},"T6o":{"weight":0.0,"played":[0.9999,1.0E-4,0.0],"evs":[0.0,-2.03928,-1.86009]},"J6o":{"weight":0.0,"played":[0.9998,2.0E-4,0.0],"evs":[0.0,-1.82762,-1.8684]},"Q6o":{"weight":0.0,"played":[0.9996,3.0E-4,2.0E-4],"evs":[0.0,-1.5291,-1.52124]},"K6o":{"weight":0.0,"played":[0.9864,3.0E-4,0.0133],"evs":[0.0,-1.36894,-1.34279]},"A6o":{"weight":6.0E-4,"played":[0.9997,0.0,3.0E-4],"evs":[0.0,-1.69156,-1.61447]},"72s":{"weight":0.0,"played":[0.9952,3.0E-4,0.0045],"evs":[0.0,-1.37872,-1.66949]},"73s":{"weight":0.0,"played":[0.9962,0.0,0.0038],"evs":[0.0,-1.26649,-1.53146]},"74s":{"weight":0.0,"played":[0.9372,1.0E-4,0.0627],"evs":[0.0,-1.46655,-1.73028]},"75s":{"weight":0.0,"played":[0.9934,1.0E-4,0.0066],"evs":[0.0,-0.39428,-0.27085]},"76s":{"weight":0.0,"played":[0.4715,0.3259,0.2026],"evs":[0.0,0.12426,0.00505]},"77":{"weight":0.0,"played":[0.0,0.2199,0.7801],"evs":[0.0,1.31244,1.40113]},"87o":{"weight":0.0,"played":[0.9979,4.0E-4,0.0017],"evs":[0.0,-0.6278,-0.62523]},"97o":{"weight":0.0,"played":[0.9901,0.0071,0.0028],"evs":[0.0,-0.92022,-0.97773]},"T7o":{"weight":0.0,"played":[0.9975,0.0,0.0025],"evs":[0.0,-0.87556,-0.96784]},"J7o":{"weight":0.0,"played":[0.998,0.0,0.0019],"evs":[0.0,-1.38844,-1.40154]},"Q7o":{"weight":0.0,"played":[0.9982,0.0,0.0018],"evs":[0.0,-1.45939,-1.41703]},"K7o":{"weight":0.0,"played":[0.9859,0.0096,0.0044],"evs":[0.0,-1.68643,-1.55604]},"A7o":{"weight":0.0263,"played":[0.9898,0.0047,0.0055],"evs":[0.0,-1.85513,-1.86269]},"82s":{"weight":0.0,"played":[0.9987,0.0,0.0013],"evs":[0.0,-0.87744,-0.84581]},"83s":{"weight":0.0,"played":[0.8624,0.0846,0.053],"evs":[0.0,-1.57579,-1.78842]},"84s":{"weight":0.0,"played":[0.993,1.0E-4,0.0068],"evs":[0.0,-0.89319,-0.85305]},"85s":{"weight":0.0,"played":[0.6521,0.0348,0.3131],"evs":[0.0,-1.23416,-0.94922]},"86s":{"weight":0.0,"played":[0.2701,0.4614,0.2685],"evs":[0.0,0.86729,0.88291]},"87s":{"weight":0.0,"played":[0.2143,0.6698,0.1159],"evs":[0.0,-0.16499,-0.21455]},"88":{"weight":0.0,"played":[1.0E-4,0.702,0.2979],"evs":[0.0,2.06092,1.96763]},"98o":{"weight":0.0,"played":[0.9815,0.0024,0.0161],"evs":[0.0,-0.65445,-0.62996]},"T8o":{"weight":0.0,"played":[0.9839,0.0062,0.01],"evs":[0.0,-0.97095,-1.02339]},"J8o":{"weight":0.0,"played":[0.9849,0.0073,0.0078],"evs":[0.0,-0.96412,-0.98842]},"Q8o":{"weight":0.0,"played":[0.9971,0.0,0.0029],"evs":[0.0,-1.1976,-1.15744]},"K8o":{"weight":0.0,"played":[0.9926,0.0015,0.0059],"evs":[0.0,-1.14228,-1.24952]},"A8o":{"weight":0.0,"played":[0.9904,0.0053,0.0042],"evs":[0.0,-1.01208,-1.03405]},"92s":{"weight":0.0,"played":[0.952,0.0192,0.0288],"evs":[0.0,-0.9147,-0.75438]},"93s":{"weight":0.0,"played":[0.9799,0.0082,0.0119],"evs":[0.0,-1.22482,-1.03577]},"94s":{"weight":0.0,"played":[0.9276,0.0118,0.0605],"evs":[0.0,-1.63853,-1.67471]},"95s":{"weight":0.0,"played":[0.7829,0.1936,0.0235],"evs":[0.0,-0.03816,-0.29733]},"96s":{"weight":0.0,"played":[0.7063,0.1333,0.1604],"evs":[0.0,-0.63866,-0.66457]},"97s":{"weight":0.0,"played":[0.226,0.4805,0.2935],"evs":[0.0,-0.07632,-0.13421]},"98s":{"weight":0.0372,"played":[0.1239,0.5406,0.3356],"evs":[0.0,0.61543,0.40719]},"99":{"weight":0.0021,"played":[5.0E-4,0.3433,0.6562],"evs":[0.0,2.34317,2.33158]},"T9o":{"weight":0.0,"played":[0.7085,0.0597,0.2318],"evs":[0.0,-0.62589,-0.70441]},"J9o":{"weight":0.0,"played":[0.9992,6.0E-4,3.0E-4],"evs":[0.0,-1.224,-1.08349]},"Q9o":{"weight":0.0,"played":[0.8193,0.09,0.0908],"evs":[0.0,-0.49984,-0.58706]},"K9o":{"weight":0.0,"played":[0.9192,0.0092,0.0716],"evs":[0.0,-0.98888,-0.95966]},"A9o":{"weight":8.0E-4,"played":[0.8416,0.094,0.0644],"evs":[0.0,-1.0647,-0.92966]},"T2s":{"weight":0.0,"played":[0.997,0.0,0.003],"evs":[0.0,-1.00875,-1.03685]},"T3s":{"weight":0.0,"played":[0.9688,0.0266,0.0045],"evs":[0.0,-0.38323,-0.65894]},"T4s":{"weight":0.0,"played":[0.976,0.0075,0.0165],"evs":[0.0,-1.87204,-1.72005]},"T5s":{"weight":0.0,"played":[0.9837,0.0157,6.0E-4],"evs":[0.0,-0.77328,-0.9104]},"T6s":{"weight":0.0,"played":[0.4751,0.1458,0.3791],"evs":[0.0,-0.44625,-0.3228]},"T7s":{"weight":0.0,"played":[0.8527,0.1136,0.0337],"evs":[0.0,-0.60398,-0.86303]},"T8s":{"weight":0.2203,"played":[0.7359,0.1789,0.0851],"evs":[0.0,-0.78205,-0.68353]},"T9s":{"weight":0.1596,"played":[0.1458,0.3937,0.4605],"evs":[0.0,0.05595,0.05062]},"TT":{"weight":0.0158,"played":[0.0,0.0069,0.9931],"evs":[0.0,3.50246,3.54411]},"JTo":{"weight":0.0892,"played":[0.6459,0.1758,0.1783],"evs":[0.0,-0.13721,-0.0573]},"QTo":{"weight":0.2266,"played":[0.3336,0.6586,0.0078],"evs":[0.0,-0.40373,-0.41203]},"KTo":{"weight":0.0,"played":[0.8329,0.0897,0.0774],"evs":[0.0,-0.61029,-0.72652]},"ATo":{"weight":0.0,"played":[0.8353,0.0167,0.148],"evs":[0.0,-0.44381,-0.31238]},"J2s":{"weight":0.0,"played":[0.989,0.0025,0.0085],"evs":[0.0,-1.06897,-1.26673]},"J3s":{"weight":0.0,"played":[0.9628,8.0E-4,0.0364],"evs":[0.0,-0.72109,-0.75786]},"J4s":{"weight":0.0,"played":[0.9694,0.0152,0.0153],"evs":[0.0,-0.8148,-0.91022]},"J5s":{"weight":0.0,"played":[0.9998,0.0,1.0E-4],"evs":[0.0,-1.42666,-1.30513]},"J6s":{"weight":0.0,"played":[0.9544,0.0091,0.0364],"evs":[0.0,-1.29926,-1.49548]},"J7s":{"weight":0.0,"played":[0.5166,0.2755,0.2079],"evs":[0.0,0.29825,0.2944]},"J8s":{"weight":0.0,"played":[0.3819,0.5649,0.0532],"evs":[0.0,-0.73566,-0.73404]},"J9s":{"weight":0.2405,"played":[0.8535,0.0785,0.0681],"evs":[0.0,-0.41521,-0.35121]},"JTs":{"weight":0.3233,"played":[3.0E-4,0.0897,0.91],"evs":[0.0,1.00281,1.16769]},"JJ":{"weight":0.0,"played":[0.0,0.0023,0.9977],"evs":[0.0,4.73214,4.81874]},"QJo":{"weight":0.0,"played":[0.9926,0.0069,5.0E-4],"evs":[0.0,-0.44269,-0.42774]},"KJo":{"weight":0.0,"played":[0.1786,0.1811,0.6403],"evs":[0.0,-0.12887,-0.06068]},"AJo":{"weight":0.0,"played":[0.0016,0.2932,0.7052],"evs":[0.0,0.85533,0.82639]},"Q2s":{"weight":0.0,"played":[0.9891,9.0E-4,0.01],"evs":[0.0,-1.13941,-1.37443]},"Q3s":{"weight":0.0,"played":[0.9417,0.0042,0.0541],"evs":[0.0,-0.62431,-0.56245]},"Q4s":{"weight":0.0,"played":[0.9339,0.0194,0.0467],"evs":[0.0,-1.26955,-1.04167]},"Q5s":{"weight":0.0,"played":[0.9529,0.003,0.0441],"evs":[0.0,-1.41986,-1.36321]},"Q6s":{"weight":0.0,"played":[0.7757,0.0054,0.2189],"evs":[0.0,-0.97367,-0.89492]},"Q7s":{"weight":0.0,"played":[0.5728,0.1766,0.2506],"evs":[0.0,-0.07609,-0.04838]},"Q8s":{"weight":0.0,"played":[0.0169,0.4205,0.5626],"evs":[0.0,0.542,0.5589]},"Q9s":{"weight":0.0,"played":[0.1475,0.6716,0.1809],"evs":[0.0,0.26655,0.20787]},"QTs":{"weight":0.0,"played":[0.2848,0.2303,0.4849],"evs":[0.0,0.16692,0.10841]},"QJs":{"weight":0.1604,"played":[0.2966,0.252,0.4513],"evs":[0.0,-0.01179,0.18815]},"QQ":{"weight":0.0,"played":[0.0,0.0131,0.9869],"evs":[0.0,5.79572,5.9852]},"KQo":{"weight":0.0,"played":[0.0966,0.2231,0.6802],"evs":[0.0,0.19614,0.23108]},"AQo":{"weight":0.0,"played":[0.0,0.7804,0.2196],"evs":[0.0,1.22794,1.20387]},"K2s":{"weight":0.0,"played":[0.7511,0.016,0.2329],"evs":[0.0,-0.42915,-0.31993]},"K3s":{"weight":0.0,"played":[0.5176,0.13,0.3524],"evs":[0.0,0.1941,0.22314]},"K4s":{"weight":0.0,"played":[0.6316,0.1104,0.258],"evs":[0.0,-0.30803,-0.29573]},"K5s":{"weight":0.0,"played":[0.1566,0.3187,0.5247],"evs":[0.0,-0.17492,-0.24949]},"K6s":{"weight":0.0,"played":[0.9667,0.0015,0.0318],"evs":[0.0,-0.56704,-0.43893]},"K7s":{"weight":0.0233,"played":[0.7999,0.0775,0.1226],"evs":[0.0,-0.103,0.09083]},"K8s":{"weight":0.5167,"played":[0.6256,0.1627,0.2117],"evs":[0.0,-0.13904,-0.12263]},"K9s":{"weight":4.0E-4,"played":[0.4136,0.2267,0.3598],"evs":[0.0,0.36601,0.41958]},"KTs":{"weight":0.0454,"played":[5.0E-4,0.1477,0.8518],"evs":[0.0,0.57256,0.50938]},"KJs":{"weight":1.0E-4,"played":[0.0556,0.2014,0.743],"evs":[0.0,0.17454,0.30072]},"KQs":{"weight":0.0,"played":[0.053,0.7453,0.2017],"evs":[0.0,1.30192,1.16932]},"KK":{"weight":0.0027,"played":[0.0,0.1422,0.8578],"evs":[0.0,7.05206,7.06483]},"AKo":{"weight":0.0,"played":[0.0,0.507,0.493],"evs":[0.0,2.93723,2.96547]},"A2s":{"weight":0.0,"played":[0.8889,0.0046,0.1065],"evs":[0.0,-1.7853,-1.54133]},"A3s":{"weight":0.0,"played":[0.9407,0.0292,0.0301],"evs":[0.0,-1.32216,-1.41784]},"A4s":{"weight":0.0,"played":[0.9276,0.0222,0.0502],"evs":[0.0,-0.20324,-0.27352]},"A5s":{"weight":0.0,"played":[0.7076,0.097,0.1954],"evs":[0.0,0.25092,0.31418]},"A6s":{"weight":0.0,"played":[0.9032,0.0169,0.0799],"evs":[0.0,-1.44493,-1.32282]},"A7s":{"weight":0.0,"played":[0.8784,0.0312,0.0903],"evs":[0.0,-0.9405,-0.99891]},"A8s":{"weight":0.0,"played":[0.0315,0.4945,0.474],"evs":[0.0,0.44734,0.44054]},"A9s":{"weight":0.0,"played":[0.0416,0.0791,0.8792],"evs":[0.0,0.58857,0.66124]},"ATs":{"weight":0.0,"played":[0.005,0.4225,0.5725],"evs":[0.0,0.98593,0.92948]},"AJs":{"weight":0.0,"played":[9.0E-4,0.3911,0.6081],"evs":[0.0,1.30228,1.34451]},"AQs":{"weight":1.0E-4,"played":[0.0,0.4892,0.5108],"evs":[0.0,2.29672,2.40787]},"AKs":{"weight":0.0712,"played":[0.0,0.5008,0.4992],"evs":[0.0,3.25866,3.29298]},"AA":{"weight":0.86,"played":[0.0,0.0035,0.9965],"evs":[0.0,12.55821,12.70264]}}}