{"player":4,"street":0,"children":2,"sequence":[{"player":0,"type":"F","amount":0,"street":0},{"player":1,"type":"F","amount":0,"street":0},{"player":2,"type":"R","amount":200000,"street":0},{"player":3,"type":"C","amount":200000,"street":0},{"player":4,"type":"R","amount":800000,"street":0},{"player":5,"type":"R","amount":895000,"street":0},{"player":2,"type":"C","amount":695000,"street":0},{"player":3,"type":"F","amount":0,"street":0}],"actions":[{"type":"F","amount":0},{"type":"C","amount":95000}],"hands":{"22":{"weight":0.0,"played":[3.0E-4,0.9997],"evs":[0.0,5.96704]},"32o":{"weight":0.0,"played":[0.0687,0.9313],"evs":[0.0,2.42759]},"42o":{"weight":0.0,"played":[0.0015,0.9985],"evs":[0.0,4.85402]},"52o":{"weight":0.0,"played":[0.0057,0.9943],"evs":[0.0,3.0613]},"62o":{"weight":0.0,"played":[0.0124,0.9876],"evs":[0.0,2.8125]},"72o":{"weight":0.0,"played":[0.0034,0.9966],"evs":[0.0,3.46071]},"82o":{"weight":0.0,"played":[2.0E-4,0.9998],"evs":[0.0,4.51324]},"92o":{"weight":0.0,"played":[8.0E-4,0.9992],"evs":[0.0,2.87627]},"T2o":{"weight":0.0,"played":[0.0011,0.9989],"evs":[0.0,3.73514]},"J2o":{"weight":0.0,"played":[6.0E-4,0.9994],"evs":[0.0,4.0857]},"Q2o":{"weight":0.0,"played":[0.0014,0.9986],"evs":[0.0,3.71962]},"K2o":{"weight":0.0,"played":[4.0E-4,0.9996],"evs":[0.0,6.36973]},"A2o":{"weight":0.0,"played":[0.0011,0.9989],"evs":[0.0,5.2135]},"32s":{"weight":0.0,"played":[0.0,1.0],"evs":[0.0,3.78386]},"33":{"weight":1.0E-4,"played":[3.0E-4,0.9997],"evs":[0.0,6.6504]},"43o":{"weight":0.0,"played":[0.0023,0.9977],"evs":[0.0,3.23957]},"53o":{"weight":0.0,"played":[0.0026,0.9974],"evs":[0.0,4.57741]},"63o":{"weight":0.0,"played":[4.0E-4,0.9996],"evs":[0.0,4.29706]},"73o":{"weight":0.0,"played":[0.0322,0.9678],"evs":[0.0,3.89179]},"83o":{"weight":0.0,"played":[0.0032,0.9968],"evs":[0.0,1.82686]},"93o":{"weight":0.0,"played":[0.002,0.998],"evs":[0.0,2.07609]},"T3o":{"weight":0.0,"played":[0.001,0.999],"evs":[0.0,1.99982]},"J3o":{"weight":0.0,"played":[0.0023,0.9977],"evs":[0.0,5.08539]},"Q3o":{"weight":0.0,"played":[0.0049,0.9951],"evs":[0.0,2.21833]},"K3o":{"weight":0.0,"played":[0.0098,0.9902],"evs":[0.0,5.2283]},"A3o":{"weight":5.0E-4,"played":[2.0E-4,0.9998],"evs":[0.0,6.0205]},"42s":{"weight":0.0,"played":[0.0035,0.9965],"evs":[0.0,5.67529]},"43s":{"weight":0.0,"played":[0.0236,0.9764],"evs":[0.0,5.23275]},"44":{"weight":9.0E-4,"played":[0.0013,0.9987],"evs":[0.0,5.45231]},"54o":{"weight":0.0,"played":[6.0E-4,0.9994],"evs":[0.0,4.39535]},"64o":{"weight":0.0,"played":[3.0E-4,0.9997],"evs":[0.0,5.07449]},"74o":{"weight":0.0,"played":[0.0011,0.9989],"evs":[0.0,3.63277]},"84o":{"weight":0.0,"played":[0.0066,0.9934],"evs":[0.0,3.72114]},"94o":{"weight":0.0,"played":[1.0E-4,0.9999],"evs":[0.0,3.07937]},"T4o":{"weight":0.0,"played":[0.0093,0.9907],"evs":[0.0,2.04772]},"J4o":{"weight":0.0,"played":[0.001,0.999],"evs":[0.0,3.40305]},"Q4o":{"weight":0.0,"played":[0.0,1.0],"evs":[0.0,2.23516]},"K4o":{"weight":0.0,"played":[9.0E-4,0.9991],"evs":[0.0,6.53922]},"A4o":{"weight":0.212,"played":[1.0E-4,0.9999],"evs":[0.0,7.43144]},"52s":{"weight":0.0,"played":[0.0386,0.9614],"evs":[0.0,4.52688]},"53s":{"weight":0.0,"played":[0.0025,0.9975],"evs":[0.0,3.99414]},"54s":{"weight":0.0,"played":[0.0034,0.9966],"evs":[0.0,3.60029]},"55":{"weight":0.2019,"played":[5.0E-4,0.9995],"evs":[0.0,9.3406]},"65o":{"weight":0.0,"played":[4.0E-4,0.9996],"evs":[0.0,5.65593]},"75o":{"weight":0.0,"played":[0.0046,0.9954],"evs":[0.0,4.75474]},"85o":{"weight":0.0,"played":[0.001,0.999],"evs":[0.0,2.71371]},"95o":{"weight":0.0,"played":[0.0025,0.9975],"evs":[0.0,4.83644]},"T5o":{"weight":0.0,"played":[0.0,1.0],"evs":[0.0,2.8044]},"J5o":{"weight":0.0,"played":[8.0E-4,0.9992],"evs":[0.0,4.21242]},"Q5o":{"weight":0.0,"played":[3.0E-4,0.9997],"evs":[0.0,4.15255]},"K5o":{"weight":0.0,"played":[4.0E-4,0.9996],"evs":[0.0,5.75856]},"A5o":{"weight":0.0057,"played":[7.0E-4,0.9993],"evs":[0.0,6.59241]},"62s":{"weight":0.0,"played":[7.0E-4,0.9993],"evs":[0.0,3.2927]},"63s":{"weight":0.0,"played":[0.0034,0.9966],"evs":[0.0,6.21174]},"64s":{"weight":0.0,"played":[0.0639,0.9361],"evs":[0.0,4.92933]},"65s":{"weight":3.0E-4,"played":[0.0,1.0],"evs":[0.0,7.09013]},"66":{"weight":0.1143,"played":[0.0094,0.9906],"evs":[0.0,6.57591]},"76o":{"weight":0.0,"played":[0.0072,0.9928],"evs":[0.0,4.73832]},"86o":{"weight":0.0,"played":[3.0E-4,0.9997],"evs":[0.0,4.04445]},"96o":{"weight":0.0,"played":[0.0021,0.9979],"evs":[0.0,3.57355]},"T6o":{"weight":0.0,"played":[3.0E-4,0.9997],"evs":[0.0,2.33522]},"J6o":{"weight":0.0,"played":[0.0,1.0],"evs":[0.0,4.32624]},"Q6o":{"weight":0.0,"played":[0.0011,0.9989],"evs":[0.0,4.17767]},"K6o":{"weight":0.0,"played":[4.0E-4,0.9996],"evs":[0.0,5.97825]},"A6o":{"weight":0.0201,"played":[5.0E-4,0.9995],"evs":[0.0,6.61408]},"72s":{"weight":0.0,"played":[0.2046,0.7954],"evs":[0.0,1.33776]},"73s":{"weight":0.0,"played":[0.0114,0.9886],"evs":[0.0,6.28167]},"74s":{"weight":2.0E-4,"played":[0.0023,0.9977],"evs":[0.0,3.22314]},"75s":{"weight":0.0,"played":[0.0088,0.9912],"evs":[0.0,2.49859]},"76s":{"weight":7.0E-4,"played":[0.0113,0.9887],"evs":[0.0,5.03725]},"77":{"weight":0.3898,"played":[0.0045,0.9955],"evs":[0.0,10.51361]},"87o":{"weight":0.0,"played":[5.0E-4,0.9995],"evs":[0.0,4.35768]},"97o":{"weight":0.0,"played":[0.0034,0.9966],"evs":[0.0,4.32726]},"T7o":{"weight":0.0,"played":[0.0018,0.9982],"evs":[0.0,4.63313]},"J7o":{"weight":0.0,"played":[0.002,0.998],"evs":[0.0,4.30641]},"Q7o":{"weight":0.0,"played":[0.0,1.0],"evs":[0.0,2.98236]},"K7o":{"weight":0.0,"played":[0.0,1.0],"evs":[0.0,5.39727]},"A7o":{"weight":0.0534,"played":[3.0E-4,0.9997],"evs":[0.0,6.7749]},"82s":{"weight":0.0,"played":[0.0,1.0],"evs":[0.0,3.27424]},"83s":{"weight":1.0E-4,"played":[0.0011,0.9989],"evs":[0.0,6.6136]},"84s":{"weight":0.0,"played":[1.0E-4,0.9999],"evs":[0.0,4.49045]},"85s":{"weight":0.0,"played":[0.0052,0.9948],"evs":[0.0,2.92574]},"86s":{"weight":0.0,"played":[3.0E-4,0.9997],"evs":[0.0,5.01142]},"87s":{"weight":0.0,"played":[0.0,1.0],"evs":[0.0,5.35144]},"88":{"weight":0.1063,"played":[0.0064,0.9936],"evs":[0.0,9.19719]},"98o":{"weight":0.0,"played":[5.0E-4,0.9995],"evs":[0.0,5.17962]},"T8o":{"weight":0.0,"played":[0.0045,0.9955],"evs":[0.0,3.03891]},"J8o":{"weight":0.0,"played":[0.0276,0.9724],"evs":[0.0,3.99411]},"Q8o":{"weight":0.0,"played":[0.0048,0.9952],"evs":[0.0,3.68771]},"K8o":{"weight":0.0,"played":[0.0026,0.9974],"evs":[0.0,5.63576]},"A8o":{"weight":0.0829,"played":[0.0,1.0],"evs":[0.0,6.90697]},"92s":{"weight":0.0,"played":[0.0048,0.9952],"evs":[0.0,5.15105]},"93s":{"weight":0.0,"played":[0.1559,0.8441],"evs":[0.0,1.42147]},"94s":{"weight":0.0,"played":[0.0617,0.9383],"evs":[0.0,6.92235]},"95s":{"weight":0.0,"played":[0.037,0.963],"evs":[0.0,3.04261]},"96s":{"weight":0.0,"played":[0.0015,0.9985],"evs":[0.0,6.33383]},"97s":{"weight":0.0,"played":[0.0,1.0],"evs":[0.0,3.15806]},"98s":{"weight":0.0,"played":[0.0015,0.9985],"evs":[0.0,1.32797]},"99":{"weight":0.3086,"played":[0.0019,0.9981],"evs":[0.0,10.49458]},"T9o":{"weight":1.0E-4,"played":[0.0046,0.9954],"evs":[0.0,4.49061]},"J9o":{"weight":0.0,"played":[0.001,0.999],"evs":[0.0,4.02294]},"Q9o":{"weight":0.0,"played":[0.0,1.0],"evs":[0.0,4.78662]},"K9o":{"weight":5.0E-4,"played":[0.0,1.0],"evs":[0.0,8.44787]},"A9o":{"weight":0.2519,"played":[0.0,1.0],"evs":[0.0,6.25779]},"T2s":{"weight":0.0,"played":[0.0026,0.9974],"evs":[0.0,2.26717]},"T3s":{"weight":0.0,"played":[0.0026,0.9974],"evs":[0.0,1.88505]},"T4s":{"weight":0.0,"played":[0.0078,0.9922],"evs":[0.0,2.8901]},"T5s":{"weight":0.0,"played":[0.0039,0.9961],"evs":[0.0,6.22222]},"T6s":{"weight":0.0,"played":[0.0091,0.9909],"evs":[0.0,4.86539]},"T7s":{"weight":0.0,"played":[0.0053,0.9947],"evs":[0.0,6.18095]},"T8s":{"weight":0.0,"played":[0.0047,0.9953],"evs":[0.0,5.16912]},"T9s":{"weight":1.0E-4,"played":[0.0424,0.9576],"evs":[0.0,4.31912]},"TT":{"weight":0.0502,"played":[0.0,1.0],"evs":[0.0,11.34924]},"JTo":{"weight":0.0,"played":[0.0,1.0],"evs":[0.0,5.73785]},"QTo":{"weight":0.0,"played":[0.0015,0.9985],"evs":[0.0,4.39271]},"KTo":{"weight":0.0,"played":[0.001,0.999],"evs":[0.0,8.55635]},"ATo":{"weight":0.6662,"played":[0.0,1.0],"evs":[0.0,8.13263]},"J2s":{"weight":0.0,"played":[0.1239,0.8761],"evs":[0.0,6.86122]},"J3s":{"weight":0.0,"played":[0.3477,0.6523],"evs":[0.0,0.33993]},"J4s":{"weight":0.0,"played":[0.0037,0.9963],"evs":[0.0,2.90243]},"J5s":{"weight":0.0,"played":[0.0014,0.9986],"evs":[0.0,7.20679]},"J6s":{"weight":0.0,"played":[0.0012,0.9988],"evs":[0.0,5.2579]},"J7s":{"weight":3.0E-4,"played":[0.021,0.979],"evs":[0.0,5.67656]},"J8s":{"weight":0.0,"played":[0.0318,0.9682],"evs":[0.0,2.97712]},"J9s":{"weight":0.0,"played":[0.0018,0.9982],"evs":[0.0,8.29258]},"JTs":{"weight":0.2339,"played":[0.0022,0.9978],"evs":[0.0,8.63517]},"JJ":{"weight":0.2706,"played":[5.0E-4,0.9995],"evs":[0.0,9.18941]},"QJo":{"weight":0.0015,"played":[0.0148,0.9852],"evs":[0.0,8.21811]},"KJo":{"weight":0.0,"played":[2.0E-4,0.9998],"evs":[0.0,9.27971]},"AJo":{"weight":0.0915,"played":[0.0,1.0],"evs":[0.0,9.21962]},"Q2s":{"weight":1.0E-4,"played":[0.0069,0.9931],"evs":[0.0,1.86049]},"Q3s":{"weight":0.0,"played":[0.0286,0.9714],"evs":[0.0,9.22565]},"Q4s":{"weight":0.0,"played":[0.0039,0.9961],"evs":[0.0,5.49232]},"Q5s":{"weight":0.0,"played":[0.0228,0.9772],"evs":[0.0,3.25422]},"Q6s":{"weight":0.0,"played":[0.0098,0.9902],"evs":[0.0,5.31481]},"Q7s":{"weight":0.0,"played":[0.0055,0.9945],"evs":[0.0,4.75366]},"Q8s":{"weight":0.0,"played":[0.0216,0.9784],"evs":[0.0,6.69311]},"Q9s":{"weight":0.013,"played":[0.0885,0.9115],"evs":[0.0,2.8499]},"QTs":{"weight":0.0011,"played":[0.0,1.0],"evs":[0.0,9.13805]},"QJs":{"weight":0.3858,"played":[0.0,1.0],"evs":[0.0,8.26434]},"QQ":{"weight":0.6312,"played":[0.0,1.0],"evs":[0.0,13.00444]},"KQo":{"weight":0.0261,"played":[4.0E-4,0.9996],"evs":[0.0,9.01929]},"AQo":{"weight":0.1609,"played":[1.0E-4,0.9999],"evs":[0.0,7.25976]},"K2s":{"weight":0.0,"played":[0.0015,0.9985],"evs":[0.0,6.95293]},"K3s":{"weight":1.0E-4,"played":[0.0,1.0],"evs":[0.0,6.11273]},"K4s":{"weight":0.0016,"played":[0.0,1.0],"evs":[0.0,8.37117]},"K5s":{"weight":0.0,"played":[0.0235,0.9765],"evs":[0.0,5.41588]},"K6s":{"weight":0.0037,"played":[0.0164,0.9836],"evs":[0.0,6.3121]},"K7s":{"weight":2.0E-4,"played":[0.0107,0.9893],"evs":[0.0,4.88401]},"K8s":{"weight":0.0047,"played":[0.001,0.999],"evs":[0.0,5.34561]},"K9s":{"weight":0.0043,"played":[0.0125,0.9875],"evs":[0.0,9.34693]},"KTs":{"weight":7.0E-4,"played":[0.003,0.997],"evs":[0.0,12.33666]},"KJs":{"weight":0.0885,"played":[0.0019,0.9981],"evs":[0.0,9.4539]},"KQs":{"weight":0.0043,"played":[0.0066,0.9934],"evs":[0.0,10.32052]},"KK":{"weight":0.2332,"played":[0.0,1.0],"evs":[0.0,14.4265]},"AKo":{"weight":0.4078,"played":[8.0E-4,0.9992],"evs":[0.0,10.07462]},"A2s":{"weight":0.2127,"played":[7.0E-4,0.9993],"evs":[0.0,6.91534]},"A3s":{"weight":0.2146,"played":[0.0015,0.9985],"evs":[0.0,7.77192]},"A4s":{"weight":0.6585,"played":[0.002,0.998],"evs":[0.0,7.03199]},"A5s":{"weight":0.2403,"played":[0.0013,0.9987],"evs":[0.0,7.34438]},"A6s":{"weight":0.0673,"played":[0.0145,0.9855],"evs":[0.0,7.57888]},"A7s":{"weight":0.3578,"played":[0.0,1.0],"evs":[0.0,8.06152]},"A8s":{"weight":9.0E-4,"played":[0.0017,0.9983],"evs":[0.0,6.31235]},"A9s":{"weight":0.0366,"played":[0.0,1.0],"evs":[0.0,8.03481]},"ATs":{"weight":0.4555,"played":[4.0E-4,0.9996],"evs":[0.0,9.87194]},"AJs":{"weight":0.0772,"played":[0.0,1.0],"evs":[0.0,10.07324]},"AQs":{"weight":0.0869,"played":[0.0143,0.9857],"evs":[0.0,9.58837]},"AKs":{"weight":0.7069,"played":[0.0056,0.9944],"evs":[0.0,11.67948]},"AA":{"weight":0.9169,"played":[0.0,1.0],"evs":[0.0,18.36025]}}}