{"player":5,"street":0,"children":3,"sequence":[{"player":0,"type":"F","amount":0,"street":0},{"player":1,"type":"F","amount":0,"street":0},{"player":2,"type":"F","amount":0,"street":0},{"player":3,"type":"R","amount":200000,"street":0},{"player":4,"type":"F","amount":0,"street":0}],"actions":[{"type":"F","amount":0},{"type":"C","amount":100000},{"type":"R","amount":895000,"node":10}],"hands":{"22":{"weight":1.0,"played":[0.0,1.0,0.0],"evs":[0.0,0.59338,0.47912]},"32o":{"weight":1.0,"played":[0.0,1.0,0.0],"evs":[0.0,0.03523,-1.78569]},"42o":{"weight":1.0,"played":[0.0,1.0,0.0],"evs":[0.0,0.0397,-1.74387]},"52o":{"weight":1.0,"played":[0.0,1.0,0.0],"evs":[0.0,0.06557,-1.67819]},"62o":{"weight":1.0,"played":[0.9981,0.0019,0.0],"evs":[0.0,-0.00653,-1.86124]},"72o":{"weight":1.0,"played":[1.0,0.0,0.0],"evs":[0.0,-0.03077,-1.89835]},"82o":{"weight":1.0,"played":[1.0,0.0,0.0],"evs":[0.0,-0.01822,-1.82739]},"92o":{"weight":1.0,"played":[0.4234,0.5766,0.0],"evs":[0.0,3.8E-4,-1.7396]},"T2o":{"weight":1.0,"played":[0.0,1.0,0.0],"evs":[0.0,0.03007,-1.54458]},"J2o":{"weight":1.0,"played":[0.0,1.0,0.0],"evs":[0.0,0.11024,-1.21164]},"Q2o":{"weight":1.0,"played":[0.0,1.0,0.0],"evs":[0.0,0.20029,-0.82286]},"K2o":{"weight":1.0,"played":[0.0,1.0,0.0],"evs":[0.0,0.32024,-0.32275]},"A2o":{"weight":1.0,"played":[0.0,1.0,0.0],"evs":[0.0,0.79526,0.77196]},"32s":{"weight":1.0,"played":[0.0,1.0,0.0],"evs":[0.0,0.24539,-1.28633]},"33":{"weight":1.0,"played":[0.0,1.0,0.0],"evs":[0.0,0.68028,0.62314]},"43o":{"weight":1.0,"played":[0.0,1.0,0.0],"evs":[0.0,0.10722,-1.55462]},"53o":{"weight":1.0,"played":[0.0,1.0,0.0],"evs":[0.0,0.13302,-1.4922]},"63o":{"weight":1.0,"played":[0.0,1.0,0.0],"evs":[0.0,0.0577,-1.67052]},"73o":{"weight":1.0,"played":[1.0E-4,0.9999,0.0],"evs":[0.0,0.02949,-1.70634]},"83o":{"weight":1.0,"played":[1.0,0.0,0.0],"evs":[0.0,-0.02821,-1.81977]},"93o":{"weight":1.0,"played":[0.0053,0.9947,0.0],"evs":[0.0,7.7E-4,-1.6883]},"T3o":{"weight":1.0,"played":[0.0,1.0,0.0],"evs":[0.0,0.03258,-1.49873]},"J3o":{"weight":1.0,"played":[0.0,1.0,0.0],"evs":[0.0,0.11512,-1.15677]},"Q3o":{"weight":1.0,"played":[0.0,1.0,0.0],"evs":[0.0,0.20299,-0.7755]},"K3o":{"weight":1.0,"played":[0.0,1.0,0.0],"evs":[0.0,0.34364,-0.27005]},"A3o":{"weight":1.0,"played":[0.0,0.9195,0.0805],"evs":[0.0,0.82888,0.82731]},"42s":{"weight":1.0,"played":[0.0,1.0,0.0],"evs":[0.0,0.26635,-1.22697]},"43s":{"weight":1.0,"played":[0.0,1.0,0.0],"evs":[0.0,0.32798,-1.06955]},"44":{"weight":1.0,"played":[0.0,0.0443,0.9557],"evs":[0.0,0.77147,0.7762]},"54o":{"weight":1.0,"played":[0.0,1.0,0.0],"evs":[0.0,0.19226,-1.31727]},"64o":{"weight":1.0,"played":[0.0,1.0,0.0],"evs":[0.0,0.13152,-1.47736]},"74o":{"weight":1.0,"played":[0.0,1.0,0.0],"evs":[0.0,0.10405,-1.50825]},"84o":{"weight":1.0,"played":[0.0,1.0,0.0],"evs":[0.0,0.0358,-1.62971]},"94o":{"weight":1.0,"played":[0.2155,0.7845,0.0],"evs":[0.0,0.00173,-1.66181]},"T4o":{"weight":1.0,"played":[0.0,1.0,0.0],"evs":[0.0,0.04135,-1.44002]},"J4o":{"weight":1.0,"played":[0.0,1.0,0.0],"evs":[0.0,0.12497,-1.10763]},"Q4o":{"weight":1.0,"played":[0.0,1.0,0.0],"evs":[0.0,0.21164,-0.72587]},"K4o":{"weight":1.0,"played":[0.0,1.0,0.0],"evs":[0.0,0.3575,-0.21098]},"A4o":{"weight":1.0,"played":[0.0,2.0E-4,0.9998],"evs":[0.0,0.86797,0.89512]},"52s":{"weight":1.0,"played":[0.0,1.0,0.0],"evs":[0.0,0.29399,-1.16712]},"53s":{"weight":1.0,"played":[0.0,1.0,0.0],"evs":[0.0,0.36076,-0.99428]},"54s":{"weight":1.0,"played":[0.0,1.0,0.0],"evs":[0.0,0.42269,-0.83607]},"55":{"weight":1.0,"played":[0.0,0.0,1.0],"evs":[0.0,0.89006,0.98665]},"65o":{"weight":1.0,"played":[0.0,1.0,0.0],"evs":[0.0,0.2039,-1.29188]},"75o":{"weight":1.0,"played":[0.0,1.0,0.0],"evs":[0.0,0.1768,-1.32141]},"85o":{"weight":1.0,"played":[0.0,1.0,0.0],"evs":[0.0,0.11552,-1.43332]},"95o":{"weight":1.0,"played":[0.0,1.0,0.0],"evs":[0.0,0.07189,-1.47062]},"T5o":{"weight":1.0,"played":[0.0,1.0,0.0],"evs":[0.0,0.04816,-1.41988]},"J5o":{"weight":1.0,"played":[0.0,1.0,0.0],"evs":[0.0,0.13723,-1.03713]},"Q5o":{"weight":1.0,"played":[0.0,1.0,0.0],"evs":[0.0,0.23202,-0.6414]},"K5o":{"weight":1.0,"played":[0.0,1.0,0.0],"evs":[0.0,0.38199,-0.12923]},"A5o":{"weight":1.0,"played":[0.0,0.0,1.0],"evs":[0.0,0.92923,1.00583]},"62s":{"weight":1.0,"played":[0.0,1.0,0.0],"evs":[0.0,0.2132,-1.35212]},"63s":{"weight":1.0,"played":[0.0,1.0,0.0],"evs":[0.0,0.29913,-1.15499]},"64s":{"weight":1.0,"played":[0.0,1.0,0.0],"evs":[0.0,0.36826,-0.98828]},"65s":{"weight":1.0,"played":[0.0,1.0,0.0],"evs":[0.0,0.4499,-0.80052]},"66":{"weight":1.0,"played":[0.0,0.0,1.0],"evs":[0.0,1.04663,1.25833]},"76o":{"weight":1.0,"played":[0.0,1.0,0.0],"evs":[0.0,0.25446,-1.16353]},"86o":{"weight":1.0,"played":[0.0,1.0,0.0],"evs":[0.0,0.21084,-1.24398]},"96o":{"weight":1.0,"played":[0.0,1.0,0.0],"evs":[0.0,0.16709,-1.2781]},"T6o":{"weight":1.0,"played":[0.0,1.0,0.0],"evs":[0.0,0.13804,-1.22356]},"J6o":{"weight":1.0,"played":[0.0,1.0,0.0],"evs":[0.0,0.16276,-0.99501]},"Q6o":{"weight":1.0,"played":[0.0,1.0,0.0],"evs":[0.0,0.27052,-0.54289]},"K6o":{"weight":1.0,"played":[0.0,1.0,0.0],"evs":[0.0,0.42108,-0.01492]},"A6o":{"weight":1.0,"played":[0.0,0.0,1.0],"evs":[0.0,0.92281,1.08622]},"72s":{"weight":1.0,"played":[0.0,1.0,0.0],"evs":[0.0,0.18722,-1.37752]},"73s":{"weight":1.0,"played":[0.0,1.0,0.0],"evs":[0.0,0.26006,-1.19908]},"74s":{"weight":1.0,"played":[0.0,1.0,0.0],"evs":[0.0,0.33416,-1.01864]},"75s":{"weight":1.0,"played":[0.0,1.0,0.0],"evs":[0.0,0.41624,-0.83039]},"76s":{"weight":1.0,"played":[0.0,1.0,0.0],"evs":[0.0,0.49937,-0.67657]},"77":{"weight":1.0,"played":[0.0,0.0,1.0],"evs":[0.0,1.23804,1.58775]},"87o":{"weight":1.0,"played":[0.0,1.0,0.0],"evs":[0.0,0.31269,-0.99975]},"97o":{"weight":1.0,"played":[0.0,1.0,0.0],"evs":[0.0,0.28286,-1.02936]},"T7o":{"weight":1.0,"played":[0.0,1.0,0.0],"evs":[0.0,0.26185,-0.96033]},"J7o":{"weight":1.0,"played":[0.0,1.0,0.0],"evs":[0.0,0.28029,-0.72923]},"Q7o":{"weight":1.0,"played":[0.0,1.0,0.0],"evs":[0.0,0.31968,-0.43468]},"K7o":{"weight":1.0,"played":[0.0,1.0,0.0],"evs":[0.0,0.4777,0.1224]},"A7o":{"weight":1.0,"played":[0.0,0.0,1.0],"evs":[0.0,1.03575,1.28913]},"82s":{"weight":1.0,"played":[0.0,1.0,0.0],"evs":[0.0,0.20262,-1.30849]},"83s":{"weight":1.0,"played":[0.0,1.0,0.0],"evs":[0.0,0.20651,-1.2879]},"84s":{"weight":1.0,"played":[0.0,1.0,0.0],"evs":[0.0,0.27114,-1.11577]},"85s":{"weight":1.0,"played":[0.0,1.0,0.0],"evs":[0.0,0.35388,-0.93341]},"86s":{"weight":1.0,"played":[0.0,1.0,0.0],"evs":[0.0,0.46021,-0.75224]},"87s":{"weight":1.0,"played":[0.0,1.0,0.0],"evs":[0.0,0.55756,-0.52029]},"88":{"weight":1.0,"played":[0.0,0.0,1.0],"evs":[0.0,1.44904,1.93869]},"98o":{"weight":1.0,"played":[0.0,1.0,0.0],"evs":[0.0,0.3423,-0.87087]},"T8o":{"weight":1.0,"played":[0.0,1.0,0.0],"evs":[0.0,0.34886,-0.73279]},"J8o":{"weight":1.0,"played":[0.0,1.0,0.0],"evs":[0.0,0.36549,-0.51676]},"Q8o":{"weight":1.0,"played":[0.0,1.0,0.0],"evs":[0.0,0.39646,-0.20768]},"K8o":{"weight":1.0,"played":[0.0,1.0,0.0],"evs":[0.0,0.50849,0.27705]},"A8o":{"weight":1.0,"played":[0.0,0.0,1.0],"evs":[0.0,1.13961,1.51376]},"92s":{"weight":1.0,"played":[0.0,1.0,0.0],"evs":[0.0,0.22727,-1.22088]},"93s":{"weight":1.0,"played":[0.0,1.0,0.0],"evs":[0.0,0.24072,-1.16809]},"94s":{"weight":1.0,"played":[0.0,1.0,0.0],"evs":[0.0,0.2411,-1.15757]},"95s":{"weight":1.0,"played":[0.0,1.0,0.0],"evs":[0.0,0.32407,-0.96318]},"96s":{"weight":1.0,"played":[0.0,1.0,0.0],"evs":[0.0,0.41107,-0.79837]},"97s":{"weight":1.0,"played":[0.0,1.0,0.0],"evs":[0.0,0.53472,-0.54981]},"98s":{"weight":1.0,"played":[0.0,1.0,0.0],"evs":[0.0,0.59382,-0.40582]},"99":{"weight":1.0,"played":[0.0,0.0,1.0],"evs":[0.0,1.79541,2.43679]},"T9o":{"weight":1.0,"played":[0.0,1.0,0.0],"evs":[0.0,0.46422,-0.42854]},"J9o":{"weight":1.0,"played":[0.0,1.0,0.0],"evs":[0.0,0.4863,-0.22651]},"Q9o":{"weight":1.0,"played":[0.0,1.0,0.0],"evs":[0.0,0.54684,0.13341]},"K9o":{"weight":1.0,"played":[0.0,0.9786,0.0214],"evs":[0.0,0.69458,0.68336]},"A9o":{"weight":1.0,"played":[0.0,0.0,1.0],"evs":[0.0,1.26497,1.76811]},"T2s":{"weight":1.0,"played":[0.0,1.0,0.0],"evs":[0.0,0.26779,-1.04143]},"T3s":{"weight":1.0,"played":[0.0,1.0,0.0],"evs":[0.0,0.27198,-0.99322]},"T4s":{"weight":1.0,"played":[0.0,1.0,0.0],"evs":[0.0,0.28035,-0.95076]},"T5s":{"weight":1.0,"played":[0.0,1.0,0.0],"evs":[0.0,0.29102,-0.92678]},"T6s":{"weight":1.0,"played":[0.0,1.0,0.0],"evs":[0.0,0.39133,-0.7282]},"T7s":{"weight":1.0,"played":[0.0,1.0,0.0],"evs":[0.0,0.5095,-0.49266]},"T8s":{"weight":1.0,"played":[0.0,1.0,0.0],"evs":[0.0,0.60399,-0.27871]},"T9s":{"weight":1.0,"played":[0.0,1.0,0.0],"evs":[0.0,0.7117,0.00104]},"TT":{"weight":1.0,"played":[0.0,0.0,1.0],"evs":[0.0,2.30149,3.10302]},"JTo":{"weight":1.0,"played":[0.0,1.0,0.0],"evs":[0.0,0.69985,0.24853]},"QTo":{"weight":1.0,"played":[0.0,1.0,0.0],"evs":[0.0,0.78651,0.60407]},"KTo":{"weight":1.0,"played":[0.0,0.0,1.0],"evs":[0.0,0.99084,1.17841]},"ATo":{"weight":1.0,"played":[0.0,0.0,1.0],"evs":[0.0,1.62403,2.25489]},"J2s":{"weight":1.0,"played":[0.0,1.0,0.0],"evs":[0.0,0.35912,-0.70899]},"J3s":{"weight":1.0,"played":[0.0,1.0,0.0],"evs":[0.0,0.36451,-0.66568]},"J4s":{"weight":1.0,"played":[0.0,1.0,0.0],"evs":[0.0,0.37927,-0.61675]},"J5s":{"weight":1.0,"played":[0.0,1.0,0.0],"evs":[0.0,0.38752,-0.56293]},"J6s":{"weight":1.0,"played":[0.0,1.0,0.0],"evs":[0.0,0.41895,-0.5068]},"J7s":{"weight":1.0,"played":[0.0,1.0,0.0],"evs":[0.0,0.53072,-0.26515]},"J8s":{"weight":1.0,"played":[0.0,1.0,0.0],"evs":[0.0,0.6323,-0.05753]},"J9s":{"weight":1.0,"played":[0.0,1.0,0.0],"evs":[0.0,0.75008,0.19733]},"JTs":{"weight":1.0,"played":[0.0,1.0,0.0],"evs":[0.0,0.97132,0.63782]},"JJ":{"weight":1.0,"played":[0.0,0.0,1.0],"evs":[0.0,2.78841,3.66889]},"QJo":{"weight":1.0,"played":[0.0,1.0,0.0],"evs":[0.0,0.92551,0.83922]},"KJo":{"weight":1.0,"played":[0.0,0.0,1.0],"evs":[0.0,1.16451,1.42686]},"AJo":{"weight":1.0,"played":[0.0,0.0,1.0],"evs":[0.0,1.86239,2.54347]},"Q2s":{"weight":1.0,"played":[0.0,1.0,0.0],"evs":[0.0,0.45458,-0.34109]},"Q3s":{"weight":1.0,"played":[0.0,1.0,0.0],"evs":[0.0,0.46153,-0.30207]},"Q4s":{"weight":1.0,"played":[0.0,1.0,0.0],"evs":[0.0,0.48944,-0.24128]},"Q5s":{"weight":1.0,"played":[0.0,1.0,0.0],"evs":[0.0,0.50715,-0.17216]},"Q6s":{"weight":1.0,"played":[0.0,1.0,0.0],"evs":[0.0,0.53851,-0.09048]},"Q7s":{"weight":1.0,"played":[0.0,1.0,0.0],"evs":[0.0,0.58255,-0.00441]},"Q8s":{"weight":1.0,"played":[0.0,1.0,0.0],"evs":[0.0,0.6862,0.23244]},"Q9s":{"weight":1.0,"played":[0.0,1.0,0.0],"evs":[0.0,0.8309,0.54199]},"QTs":{"weight":1.0,"played":[0.0,1.0,0.0],"evs":[0.0,1.07584,0.97662]},"QJs":{"weight":1.0,"played":[0.0,1.0,0.0],"evs":[0.0,1.21015,1.1996]},"QQ":{"weight":1.0,"played":[0.0,0.0,1.0],"evs":[0.0,3.2634,4.18532]},"KQo":{"weight":1.0,"played":[0.0,0.0,1.0],"evs":[0.0,1.34508,1.66694]},"AQo":{"weight":1.0,"played":[0.0,0.0,1.0],"evs":[0.0,2.10869,2.84337]},"K2s":{"weight":1.0,"played":[0.0,1.0,0.0],"evs":[0.0,0.61091,0.13948]},"K3s":{"weight":1.0,"played":[0.0,1.0,0.0],"evs":[0.0,0.63416,0.19363]},"K4s":{"weight":1.0,"played":[0.0,1.0,0.0],"evs":[0.0,0.63861,0.22524]},"K5s":{"weight":1.0,"played":[0.0,1.0,0.0],"evs":[0.0,0.67979,0.31518]},"K6s":{"weight":1.0,"played":[0.0,1.0,0.0],"evs":[0.0,0.72009,0.4147]},"K7s":{"weight":1.0,"played":[0.0,1.0,0.0],"evs":[0.0,0.78136,0.56376]},"K8s":{"weight":1.0,"played":[0.0,1.0,0.0],"evs":[0.0,0.81444,0.68465]},"K9s":{"weight":1.0,"played":[0.0,0.0,1.0],"evs":[0.0,1.01149,1.0713]},"KTs":{"weight":1.0,"played":[0.0,0.0,1.0],"evs":[0.0,1.28894,1.5215]},"KJs":{"weight":1.0,"played":[0.0,0.0,1.0],"evs":[0.0,1.45369,1.75755]},"KQs":{"weight":1.0,"played":[0.0,0.0,1.0],"evs":[0.0,1.6243,1.9868]},"KK":{"weight":1.0,"played":[0.0,0.0,1.0],"evs":[0.0,3.83329,4.79379]},"AKo":{"weight":1.0,"played":[0.0,0.0,1.0],"evs":[0.0,2.45546,3.23562]},"A2s":{"weight":1.0,"played":[0.0,0.0,1.0],"evs":[0.0,1.09918,1.16592]},"A3s":{"weight":1.0,"played":[0.0,0.0,1.0],"evs":[0.0,1.13408,1.22393]},"A4s":{"weight":1.0,"played":[0.0,0.0,1.0],"evs":[0.0,1.1687,1.28176]},"A5s":{"weight":1.0,"played":[0.0,0.0,1.0],"evs":[0.0,1.22718,1.38452]},"A6s":{"weight":1.0,"played":[0.0,0.0,1.0],"evs":[0.0,1.22955,1.45476]},"A7s":{"weight":1.0,"played":[0.0,0.0,1.0],"evs":[0.0,1.33555,1.64418]},"A8s":{"weight":1.0,"played":[0.0,0.0,1.0],"evs":[0.0,1.43997,1.84192]},"A9s":{"weight":1.0,"played":[0.0,0.0,1.0],"evs":[0.0,1.57798,2.08526]},"ATs":{"weight":1.0,"played":[0.0,0.0,1.0],"evs":[0.0,1.89509,2.53531]},"AJs":{"weight":1.0,"played":[0.0,0.0,1.0],"evs":[0.0,2.12004,2.80537]},"AQs":{"weight":1.0,"played":[0.0,0.0,1.0],"evs":[0.0,2.35494,3.09784]},"AKs":{"weight":1.0,"played":[0.0,0.0,1.0],"evs":[0.0,2.67139,3.4574]},"AA":{"weight":1.0,"played":[0.0,0.0,1.0],"evs":[0.0,4.86076,5.85671]}}}