{"player":1,"street":0,"children":3,"sequence":[{"player":0,"type":"R","amount":200000,"street":0}],"actions":[{"type":"F","amount":0,"node":22},{"type":"C","amount":200000,"node":34},{"type":"R","amount":1505000,"node":66}],"hands":{"22":{"weight":1.0,"played":[1.0,0.0,0.0],"evs":[0.0,-0.2465,-0.65431]},"32o":{"weight":1.0,"played":[1.0,0.0,0.0],"evs":[0.0,-0.9926,-2.29965]},"42o":{"weight":1.0,"played":[1.0,0.0,0.0],"evs":[0.0,-0.9557,-2.24084]},"52o":{"weight":1.0,"played":[1.0,0.0,0.0],"evs":[0.0,-0.88572,-2.09399]},"62o":{"weight":1.0,"played":[1.0,0.0,0.0],"evs":[0.0,-1.03588,-2.47633]},"72o":{"weight":1.0,"played":[1.0,0.0,0.0],"evs":[0.0,-1.14249,-2.72558]},"82o":{"weight":1.0,"played":[1.0,0.0,0.0],"evs":[0.0,-1.13196,-2.59513]},"92o":{"weight":1.0,"played":[1.0,0.0,0.0],"evs":[0.0,-1.21079,-2.60419]},"T2o":{"weight":1.0,"played":[1.0,0.0,0.0],"evs":[0.0,-1.09784,-2.35259]},"J2o":{"weight":1.0,"played":[1.0,0.0,0.0],"evs":[0.0,-1.03977,-2.09736]},"Q2o":{"weight":1.0,"played":[1.0,0.0,0.0],"evs":[0.0,-0.9697,-1.69327]},"K2o":{"weight":1.0,"played":[1.0,0.0,0.0],"evs":[0.0,-0.87013,-1.21746]},"A2o":{"weight":1.0,"played":[1.0,0.0,0.0],"evs":[0.0,-0.32012,-0.35716]},"32s":{"weight":1.0,"played":[1.0,0.0,0.0],"evs":[0.0,-0.6013,-1.57181]},"33":{"weight":1.0,"played":[0.9888,0.0106,6.0E-4],"evs":[0.0,-0.04879,-0.28689]},"43o":{"weight":1.0,"played":[1.0,0.0,0.0],"evs":[0.0,-0.6971,-1.77481]},"53o":{"weight":1.0,"played":[1.0,0.0,0.0],"evs":[0.0,-0.6622,-1.7087]},"63o":{"weight":1.0,"played":[1.0,0.0,0.0],"evs":[0.0,-0.78722,-1.94619]},"73o":{"weight":1.0,"played":[1.0,0.0,0.0],"evs":[0.0,-0.93894,-2.29529]},"83o":{"weight":1.0,"played":[1.0,0.0,0.0],"evs":[0.0,-1.03204,-2.38514]},"93o":{"weight":1.0,"played":[1.0,0.0,0.0],"evs":[0.0,-1.10062,-2.39304]},"T3o":{"weight":1.0,"played":[1.0,0.0,0.0],"evs":[0.0,-0.99129,-2.10369]},"J3o":{"weight":1.0,"played":[1.0,0.0,0.0],"evs":[0.0,-0.93921,-1.90742]},"Q3o":{"weight":1.0,"played":[1.0,0.0,0.0],"evs":[0.0,-0.84014,-1.47707]},"K3o":{"weight":1.0,"played":[1.0,0.0,0.0],"evs":[0.0,-0.74995,-0.96851]},"A3o":{"weight":1.0,"played":[1.0,0.0,0.0],"evs":[0.0,-0.19961,-0.16452]},"42s":{"weight":1.0,"played":[1.0,0.0,0.0],"evs":[0.0,-0.56932,-1.43887]},"43s":{"weight":1.0,"played":[1.0,0.0,0.0],"evs":[0.0,-0.40067,-1.07511]},"44":{"weight":1.0,"played":[0.0409,0.9284,0.0307],"evs":[0.0,0.01854,-0.16267]},"54o":{"weight":1.0,"played":[1.0,0.0,0.0],"evs":[0.0,-0.55005,-1.36601]},"64o":{"weight":1.0,"played":[1.0,0.0,0.0],"evs":[0.0,-0.61496,-1.65653]},"74o":{"weight":1.0,"played":[1.0,0.0,0.0],"evs":[0.0,-0.79298,-1.94292]},"84o":{"weight":1.0,"played":[1.0,0.0,0.0],"evs":[0.0,-0.91087,-2.12676]},"94o":{"weight":1.0,"played":[1.0,0.0,0.0],"evs":[0.0,-1.07877,-2.35425]},"T4o":{"weight":1.0,"played":[1.0,0.0,0.0],"evs":[0.0,-0.94127,-2.06888]},"J4o":{"weight":1.0,"played":[1.0,0.0,0.0],"evs":[0.0,-0.90196,-1.8419]},"Q4o":{"weight":1.0,"played":[1.0,0.0,0.0],"evs":[0.0,-0.81718,-1.45009]},"K4o":{"weight":1.0,"played":[1.0,0.0,0.0],"evs":[0.0,-0.66493,-0.8679]},"A4o":{"weight":1.0,"played":[1.0,0.0,0.0],"evs":[0.0,-0.12609,-0.06857]},"52s":{"weight":1.0,"played":[1.0,0.0,0.0],"evs":[0.0,-0.51892,-1.36925]},"53s":{"weight":1.0,"played":[1.0,0.0,0.0],"evs":[0.0,-0.22791,-0.89205]},"54s":{"weight":1.0,"played":[1.0,0.0,0.0],"evs":[0.0,-0.07772,-0.56541]},"55":{"weight":1.0,"played":[0.003,0.9843,0.0127],"evs":[0.0,0.15268,0.05839]},"65o":{"weight":1.0,"played":[1.0,0.0,0.0],"evs":[0.0,-0.49868,-1.33624]},"75o":{"weight":1.0,"played":[1.0,0.0,0.0],"evs":[0.0,-0.62164,-1.62608]},"85o":{"weight":1.0,"played":[1.0,0.0,0.0],"evs":[0.0,-0.6992,-1.74728]},"95o":{"weight":1.0,"played":[1.0,0.0,0.0],"evs":[0.0,-0.94064,-2.045]},"T5o":{"weight":1.0,"played":[1.0,0.0,0.0],"evs":[0.0,-0.91796,-2.01355]},"J5o":{"weight":1.0,"played":[1.0,0.0,0.0],"evs":[0.0,-0.8592,-1.66598]},"Q5o":{"weight":1.0,"played":[1.0,0.0,0.0],"evs":[0.0,-0.75598,-1.25658]},"K5o":{"weight":1.0,"played":[1.0,0.0,0.0],"evs":[0.0,-0.62379,-0.76894]},"A5o":{"weight":1.0,"played":[0.3942,0.0082,0.5975],"evs":[0.0,-0.04295,0.01648]},"62s":{"weight":1.0,"played":[1.0,0.0,0.0],"evs":[0.0,-0.63712,-1.69008]},"63s":{"weight":1.0,"played":[1.0,0.0,0.0],"evs":[0.0,-0.43759,-1.26574]},"64s":{"weight":1.0,"played":[1.0,0.0,0.0],"evs":[0.0,-0.20911,-0.96611]},"65s":{"weight":1.0,"played":[1.0,0.0,0.0],"evs":[0.0,-0.0921,-0.66554]},"66":{"weight":1.0,"played":[0.001,0.7808,0.2182],"evs":[0.0,0.16056,0.09715]},"76o":{"weight":1.0,"played":[1.0,0.0,0.0],"evs":[0.0,-0.5235,-1.46492]},"86o":{"weight":1.0,"played":[1.0,0.0,0.0],"evs":[0.0,-0.64066,-1.61552]},"96o":{"weight":1.0,"played":[1.0,0.0,0.0],"evs":[0.0,-0.81833,-1.85892]},"T6o":{"weight":1.0,"played":[1.0,0.0,0.0],"evs":[0.0,-0.84708,-1.82487]},"J6o":{"weight":1.0,"played":[1.0,0.0,0.0],"evs":[0.0,-0.90482,-1.81925]},"Q6o":{"weight":1.0,"played":[1.0,0.0,0.0],"evs":[0.0,-0.79071,-1.32712]},"K6o":{"weight":1.0,"played":[1.0,0.0,0.0],"evs":[0.0,-0.66077,-0.84253]},"A6o":{"weight":1.0,"played":[1.0,0.0,0.0],"evs":[0.0,-0.21273,-0.22947]},"72s":{"weight":1.0,"played":[1.0,0.0,0.0],"evs":[0.0,-0.76093,-2.05339]},"73s":{"weight":1.0,"played":[1.0,0.0,0.0],"evs":[0.0,-0.57348,-1.48951]},"74s":{"weight":1.0,"played":[1.0,0.0,0.0],"evs":[0.0,-0.37648,-1.30712]},"75s":{"weight":1.0,"played":[1.0,0.0,0.0],"evs":[0.0,-0.17386,-0.91103]},"76s":{"weight":1.0,"played":[1.0,0.0,0.0],"evs":[0.0,-0.10408,-0.83563]},"77":{"weight":1.0,"played":[0.0026,0.9114,0.086],"evs":[0.0,0.27934,0.13484]},"87o":{"weight":1.0,"played":[1.0,0.0,0.0],"evs":[0.0,-0.5609,-1.42427]},"97o":{"weight":1.0,"played":[1.0,0.0,0.0],"evs":[0.0,-0.68661,-1.62468]},"T7o":{"weight":1.0,"played":[1.0,0.0,0.0],"evs":[0.0,-0.7207,-1.59349]},"J7o":{"weight":1.0,"played":[1.0,0.0,0.0],"evs":[0.0,-0.77808,-1.5247]},"Q7o":{"weight":1.0,"played":[1.0,0.0,0.0],"evs":[0.0,-0.72234,-1.29555]},"K7o":{"weight":1.0,"played":[1.0,0.0,0.0],"evs":[0.0,-0.6052,-0.76547]},"A7o":{"weight":1.0,"played":[0.9998,0.0,2.0E-4],"evs":[0.0,-0.07475,-0.14367]},"82s":{"weight":1.0,"played":[1.0,0.0,0.0],"evs":[0.0,-0.72712,-1.84281]},"83s":{"weight":1.0,"played":[1.0,0.0,0.0],"evs":[0.0,-0.63362,-1.64095]},"84s":{"weight":1.0,"played":[1.0,0.0,0.0],"evs":[0.0,-0.56299,-1.48465]},"85s":{"weight":1.0,"played":[1.0,0.0,0.0],"evs":[0.0,-0.29049,-1.1307]},"86s":{"weight":1.0,"played":[1.0,0.0,0.0],"evs":[0.0,-0.1705,-0.84729]},"87s":{"weight":1.0,"played":[1.0,0.0,0.0],"evs":[0.0,-0.06922,-0.73161]},"88":{"weight":1.0,"played":[0.0,0.4861,0.5139],"evs":[0.0,0.57597,0.57781]},"98o":{"weight":1.0,"played":[1.0,0.0,0.0],"evs":[0.0,-0.6427,-1.43604]},"T8o":{"weight":1.0,"played":[1.0,0.0,0.0],"evs":[0.0,-0.58876,-1.40383]},"J8o":{"weight":1.0,"played":[1.0,0.0,0.0],"evs":[0.0,-0.62792,-1.29301]},"Q8o":{"weight":1.0,"played":[1.0,0.0,0.0],"evs":[0.0,-0.60157,-1.07011]},"K8o":{"weight":1.0,"played":[1.0,0.0,0.0],"evs":[0.0,-0.6046,-0.75941]},"A8o":{"weight":1.0,"played":[0.0907,0.1019,0.8073],"evs":[0.0,0.04096,0.11238]},"92s":{"weight":1.0,"played":[1.0,0.0,0.0],"evs":[0.0,-0.78765,-1.74576]},"93s":{"weight":1.0,"played":[1.0,0.0,0.0],"evs":[0.0,-0.68234,-1.59253]},"94s":{"weight":1.0,"played":[1.0,0.0,0.0],"evs":[0.0,-0.68199,-1.57292]},"95s":{"weight":1.0,"played":[1.0,0.0,0.0],"evs":[0.0,-0.51323,-1.31146]},"96s":{"weight":1.0,"played":[1.0,0.0,0.0],"evs":[0.0,-0.36741,-1.00531]},"97s":{"weight":1.0,"played":[1.0,0.0,0.0],"evs":[0.0,-0.19385,-0.86008]},"98s":{"weight":1.0,"played":[1.0,0.0,0.0],"evs":[0.0,-0.24023,-0.74679]},"99":{"weight":1.0,"played":[0.0,0.363,0.637],"evs":[0.0,0.72912,0.72369]},"T9o":{"weight":1.0,"played":[1.0,0.0,0.0],"evs":[0.0,-0.52396,-1.28948]},"J9o":{"weight":1.0,"played":[1.0,0.0,0.0],"evs":[0.0,-0.56582,-1.20146]},"Q9o":{"weight":1.0,"played":[1.0,0.0,0.0],"evs":[0.0,-0.52146,-0.92221]},"K9o":{"weight":1.0,"played":[1.0,0.0,0.0],"evs":[0.0,-0.41207,-0.5565]},"A9o":{"weight":1.0,"played":[0.0,0.8168,0.1832],"evs":[0.0,0.16456,0.12413]},"T2s":{"weight":1.0,"played":[1.0,0.0,0.0],"evs":[0.0,-0.75195,-1.68889]},"T3s":{"weight":1.0,"played":[1.0,0.0,0.0],"evs":[0.0,-0.62633,-1.37755]},"T4s":{"weight":1.0,"played":[1.0,0.0,0.0],"evs":[0.0,-0.61437,-1.36566]},"T5s":{"weight":1.0,"played":[1.0,0.0,0.0],"evs":[0.0,-0.53043,-1.23814]},"T6s":{"weight":1.0,"played":[1.0,0.0,0.0],"evs":[0.0,-0.48616,-1.17986]},"T7s":{"weight":1.0,"played":[1.0,0.0,0.0],"evs":[0.0,-0.30571,-0.93592]},"T8s":{"weight":1.0,"played":[1.0,0.0,0.0],"evs":[0.0,-0.06168,-0.65382]},"T9s":{"weight":1.0,"played":[1.0,0.0,0.0],"evs":[0.0,-0.1047,-0.56543]},"TT":{"weight":1.0,"played":[0.0,0.6208,0.3792],"evs":[0.0,1.25863,1.24777]},"JTo":{"weight":1.0,"played":[1.0,0.0,0.0],"evs":[0.0,-0.33728,-0.775]},"QTo":{"weight":1.0,"played":[1.0,0.0,0.0],"evs":[0.0,-0.20816,-0.46504]},"KTo":{"weight":1.0,"played":[0.9998,0.0,2.0E-4],"evs":[0.0,-0.1008,-0.20822]},"ATo":{"weight":1.0,"played":[0.0,0.0111,0.9889],"evs":[0.0,0.48206,0.53412]},"J2s":{"weight":1.0,"played":[1.0,0.0,0.0],"evs":[0.0,-0.65296,-1.41091]},"J3s":{"weight":1.0,"played":[1.0,0.0,0.0],"evs":[0.0,-0.54198,-1.20536]},"J4s":{"weight":1.0,"played":[1.0,0.0,0.0],"evs":[0.0,-0.46812,-0.98427]},"J5s":{"weight":1.0,"played":[1.0,0.0,0.0],"evs":[0.0,-0.41261,-0.92469]},"J6s":{"weight":1.0,"played":[1.0,0.0,0.0],"evs":[0.0,-0.47731,-1.11464]},"J7s":{"weight":1.0,"played":[1.0,0.0,0.0],"evs":[0.0,-0.39047,-0.83872]},"J8s":{"weight":1.0,"played":[1.0,0.0,0.0],"evs":[0.0,-0.18432,-0.60939]},"J9s":{"weight":1.0,"played":[0.9967,0.0033,0.0],"evs":[0.0,-0.05678,-0.44528]},"JTs":{"weight":1.0,"played":[7.0E-4,0.9993,0.0],"evs":[0.0,0.16095,-0.17289]},"JJ":{"weight":1.0,"played":[0.0,0.0017,0.9983],"evs":[0.0,2.05754,2.10056]},"QJo":{"weight":1.0,"played":[0.9757,0.0243,0.0],"evs":[0.0,-0.08381,-0.2461]},"KJo":{"weight":1.0,"played":[0.3743,0.5654,0.0603],"evs":[0.0,0.00403,-0.04718]},"AJo":{"weight":1.0,"played":[0.0,0.0,1.0],"evs":[0.0,0.74142,0.88522]},"Q2s":{"weight":1.0,"played":[1.0,0.0,0.0],"evs":[0.0,-0.52813,-0.99109]},"Q3s":{"weight":1.0,"played":[1.0,0.0,0.0],"evs":[0.0,-0.4848,-0.67925]},"Q4s":{"weight":1.0,"played":[1.0,0.0,0.0],"evs":[0.0,-0.3983,-0.69583]},"Q5s":{"weight":1.0,"played":[1.0,0.0,0.0],"evs":[0.0,-0.3072,-0.66766]},"Q6s":{"weight":1.0,"played":[1.0,0.0,0.0],"evs":[0.0,-0.3152,-0.59097]},"Q7s":{"weight":1.0,"played":[1.0,0.0,0.0],"evs":[0.0,-0.30636,-0.57406]},"Q8s":{"weight":1.0,"played":[0.9991,9.0E-4,0.0],"evs":[0.0,-0.1661,-0.40805]},"Q9s":{"weight":1.0,"played":[0.4382,0.5618,0.0],"evs":[0.0,-1.1E-4,-0.17804]},"QTs":{"weight":1.0,"played":[0.0012,0.9955,0.0033],"evs":[0.0,0.27513,0.21038]},"QJs":{"weight":1.0,"played":[0.0,0.9911,0.0089],"evs":[0.0,0.45674,0.37944]},"QQ":{"weight":1.0,"played":[0.0,0.0016,0.9984],"evs":[0.0,3.52067,3.62848]},"KQo":{"weight":1.0,"played":[0.0,0.5803,0.4197],"evs":[0.0,0.35076,0.36018]},"AQo":{"weight":1.0,"played":[0.0,1.0E-4,0.9999],"evs":[0.0,1.33697,1.4289]},"K2s":{"weight":1.0,"played":[1.0,0.0,0.0],"evs":[0.0,-0.37119,-0.42395]},"K3s":{"weight":1.0,"played":[1.0,0.0,0.0],"evs":[0.0,-0.2701,-0.27383]},"K4s":{"weight":1.0,"played":[1.0,0.0,0.0],"evs":[0.0,-0.23449,-0.22626]},"K5s":{"weight":1.0,"played":[0.8222,0.0058,0.172],"evs":[0.0,-0.11531,-0.02447]},"K6s":{"weight":1.0,"played":[0.9999,0.0,1.0E-4],"evs":[0.0,-0.18005,-0.08978]},"K7s":{"weight":1.0,"played":[0.9897,0.004,0.0063],"evs":[0.0,-0.08928,-0.04643]},"K8s":{"weight":1.0,"played":[0.982,0.0,0.018],"evs":[0.0,-0.10714,-0.08027]},"K9s":{"weight":1.0,"played":[1.0E-4,0.9998,1.0E-4],"evs":[0.0,0.14357,0.05173]},"KTs":{"weight":1.0,"played":[0.0,0.768,0.232],"evs":[0.0,0.55399,0.53429]},"KJs":{"weight":1.0,"played":[0.0,0.0201,0.9799],"evs":[0.0,0.63632,0.67327]},"KQs":{"weight":1.0,"played":[0.0,0.1581,0.8419],"evs":[0.0,0.9968,1.04101]},"KK":{"weight":1.0,"played":[0.0,0.7621,0.2379],"evs":[0.0,5.90596,5.8968]},"AKo":{"weight":1.0,"played":[0.0,0.0,1.0],"evs":[0.0,2.23185,2.46057]},"A2s":{"weight":1.0,"played":[0.0,0.0297,0.9703],"evs":[0.0,0.28593,0.43013]},"A3s":{"weight":1.0,"played":[1.0E-4,0.0037,0.9963],"evs":[0.0,0.37757,0.56769]},"A4s":{"weight":1.0,"played":[0.0,5.0E-4,0.9995],"evs":[0.0,0.42785,0.59257]},"A5s":{"weight":1.0,"played":[4.0E-4,0.0089,0.9907],"evs":[0.0,0.49567,0.66896]},"A6s":{"weight":1.0,"played":[0.0,0.3722,0.6278],"evs":[0.0,0.34805,0.35661]},"A7s":{"weight":1.0,"played":[0.0,0.8246,0.1754],"evs":[0.0,0.50401,0.50238]},"A8s":{"weight":1.0,"played":[0.0,0.0292,0.9708],"evs":[0.0,0.66522,0.74731]},"A9s":{"weight":1.0,"played":[0.0,0.0792,0.9208],"evs":[0.0,0.8693,0.88933]},"ATs":{"weight":1.0,"played":[0.0,0.7036,0.2964],"evs":[0.0,1.16604,1.14227]},"AJs":{"weight":1.0,"played":[0.0,0.0627,0.9373],"evs":[0.0,1.43403,1.49335]},"AQs":{"weight":1.0,"played":[0.0,0.4553,0.5447],"evs":[0.0,2.04112,2.04214]},"AKs":{"weight":1.0,"played":[0.0,0.0,1.0],"evs":[0.0,2.88764,2.9258]},"AA":{"weight":1.0,"played":[0.0,1.0,0.0],"evs":[0.0,9.55564,8.61095]}}}