{"player":0,"street":0,"children":2,"sequence":[{"player":0,"type":"R","amount":200000,"street":0},{"player":1,"type":"F","amount":0,"street":0},{"player":2,"type":"F","amount":0,"street":0},{"player":3,"type":"R","amount":955000,"street":0}],"actions":[{"type":"F","amount":0},{"type":"C","amount":755000}],"hands":{"22":{"weight":0.151,"played":[0.0,1.0],"evs":[0.0,2.32568]},"32o":{"weight":0.0,"played":[1.0,0.0],"evs":[0.0,-1.32589]},"42o":{"weight":0.0,"played":[1.0,0.0],"evs":[0.0,-1.25455]},"52o":{"weight":0.0,"played":[1.0,0.0],"evs":[0.0,-1.19972]},"62o":{"weight":0.0,"played":[1.0,0.0],"evs":[0.0,-1.40387]},"72o":{"weight":0.0,"played":[1.0,0.0],"evs":[0.0,-1.51254]},"82o":{"weight":0.0,"played":[1.0,0.0],"evs":[0.0,-1.32066]},"92o":{"weight":0.0,"played":[1.0,0.0],"evs":[0.0,-1.28723]},"T2o":{"weight":0.0,"played":[1.0,0.0],"evs":[0.0,-1.1479]},"J2o":{"weight":0.0,"played":[1.0,0.0],"evs":[0.0,-0.99737]},"Q2o":{"weight":0.0,"played":[1.0,0.0],"evs":[0.0,-0.87281]},"K2o":{"weight":0.0,"played":[1.0,0.0],"evs":[0.0,-0.92106]},"A2o":{"weight":0.723,"played":[0.0,1.0],"evs":[0.0,0.71369]},"32s":{"weight":0.0,"played":[0.9995,5.0E-4],"evs":[0.0,-0.45767]},"33":{"weight":0.0,"played":[0.0,1.0],"evs":[0.0,2.44379]},"43o":{"weight":0.0,"played":[1.0,0.0],"evs":[0.0,-0.96149]},"53o":{"weight":0.0,"played":[1.0,0.0],"evs":[0.0,-0.86533]},"63o":{"weight":0.0,"played":[1.0,0.0],"evs":[0.0,-1.06944]},"73o":{"weight":0.0,"played":[1.0,0.0],"evs":[0.0,-1.22773]},"83o":{"weight":0.0,"played":[1.0,0.0],"evs":[0.0,-1.35561]},"93o":{"weight":0.0,"played":[1.0,0.0],"evs":[0.0,-1.13776]},"T3o":{"weight":0.0,"played":[1.0,0.0],"evs":[0.0,-1.09056]},"J3o":{"weight":0.0,"played":[1.0,0.0],"evs":[0.0,-0.89538]},"Q3o":{"weight":0.0,"played":[1.0,0.0],"evs":[0.0,-0.8004]},"K3o":{"weight":0.0,"played":[1.0,0.0],"evs":[0.0,-0.84022]},"A3o":{"weight":0.1288,"played":[0.0,1.0],"evs":[0.0,0.81878]},"42s":{"weight":0.0,"played":[1.0,0.0],"evs":[0.0,-0.38154]},"43s":{"weight":0.0,"played":[0.8692,0.1308],"evs":[0.0,-0.05882]},"44":{"weight":0.0037,"played":[0.0,1.0],"evs":[0.0,2.69178]},"54o":{"weight":0.0,"played":[1.0,0.0],"evs":[0.0,-0.54042]},"64o":{"weight":0.0,"played":[1.0,0.0],"evs":[0.0,-0.75154]},"74o":{"weight":0.0,"played":[1.0,0.0],"evs":[0.0,-0.90789]},"84o":{"weight":0.0,"played":[1.0,0.0],"evs":[0.0,-1.02087]},"94o":{"weight":0.0,"played":[1.0,0.0],"evs":[0.0,-1.17516]},"T4o":{"weight":0.0,"played":[1.0,0.0],"evs":[0.0,-1.01772]},"J4o":{"weight":0.0,"played":[1.0,0.0],"evs":[0.0,-0.89725]},"Q4o":{"weight":0.0,"played":[1.0,0.0],"evs":[0.0,-0.71009]},"K4o":{"weight":0.0,"played":[1.0,0.0],"evs":[0.0,-0.78554]},"A4o":{"weight":0.0107,"played":[0.0,1.0],"evs":[0.0,0.92201]},"52s":{"weight":0.0,"played":[0.9997,3.0E-4],"evs":[0.0,-0.2638]},"53s":{"weight":0.0,"played":[0.1358,0.8642],"evs":[0.0,0.02329]},"54s":{"weight":0.0,"played":[0.0,1.0],"evs":[0.0,0.29282]},"55":{"weight":0.0,"played":[0.0,1.0],"evs":[0.0,3.1325]},"65o":{"weight":0.0,"played":[1.0,0.0],"evs":[0.0,-0.40931]},"75o":{"weight":0.0,"played":[1.0,0.0],"evs":[0.0,-0.61578]},"85o":{"weight":0.0,"played":[1.0,0.0],"evs":[0.0,-0.70089]},"95o":{"weight":0.0,"played":[1.0,0.0],"evs":[0.0,-0.93613]},"T5o":{"weight":0.0,"played":[1.0,0.0],"evs":[0.0,-1.06478]},"J5o":{"weight":0.0,"played":[1.0,0.0],"evs":[0.0,-0.87554]},"Q5o":{"weight":0.0,"played":[1.0,0.0],"evs":[0.0,-0.69698]},"K5o":{"weight":0.0,"played":[1.0,0.0],"evs":[0.0,-0.71612]},"A5o":{"weight":0.0,"played":[0.0,1.0],"evs":[0.0,1.05638]},"62s":{"weight":0.0,"played":[1.0,0.0],"evs":[0.0,-0.45825]},"63s":{"weight":0.0,"played":[1.0,0.0],"evs":[0.0,-0.16516]},"64s":{"weight":0.0,"played":[0.0852,0.9148],"evs":[0.0,0.08877]},"65s":{"weight":0.0828,"played":[0.0,1.0],"evs":[0.0,0.36757]},"66":{"weight":0.0,"played":[0.0,1.0],"evs":[0.0,3.66744]},"76o":{"weight":0.0,"played":[1.0,0.0],"evs":[0.0,-0.22163]},"86o":{"weight":0.0,"played":[1.0,0.0],"evs":[0.0,-0.29387]},"96o":{"weight":0.0,"played":[1.0,0.0],"evs":[0.0,-0.45978]},"T6o":{"weight":0.0,"played":[1.0,0.0],"evs":[0.0,-0.65649]},"J6o":{"weight":0.0,"played":[1.0,0.0],"evs":[0.0,-0.75268]},"Q6o":{"weight":0.0,"played":[1.0,0.0],"evs":[0.0,-0.52954]},"K6o":{"weight":0.0,"played":[1.0,0.0],"evs":[0.0,-0.55496]},"A6o":{"weight":0.2145,"played":[0.0,1.0],"evs":[0.0,1.16008]},"72s":{"weight":0.0,"played":[1.0,0.0],"evs":[0.0,-0.6531]},"73s":{"weight":0.0,"played":[0.9991,9.0E-4],"evs":[0.0,-0.28546]},"74s":{"weight":0.0,"played":[0.2168,0.7832],"evs":[0.0,0.00169]},"75s":{"weight":0.0,"played":[2.0E-4,0.9998],"evs":[0.0,0.27627]},"76s":{"weight":0.0102,"played":[0.0,1.0],"evs":[0.0,0.56655]},"77":{"weight":0.0,"played":[0.0,1.0],"evs":[0.0,4.30921]},"87o":{"weight":0.0,"played":[0.0472,0.9528],"evs":[0.0,0.05822]},"97o":{"weight":0.0,"played":[0.961,0.039],"evs":[0.0,-0.10734]},"T7o":{"weight":0.0,"played":[1.0,0.0],"evs":[0.0,-0.27835]},"J7o":{"weight":0.0,"played":[1.0,0.0],"evs":[0.0,-0.38386]},"Q7o":{"weight":0.0,"played":[1.0,0.0],"evs":[0.0,-0.48978]},"K7o":{"weight":2.0E-4,"played":[1.0,0.0],"evs":[0.0,-0.47739]},"A7o":{"weight":0.0674,"played":[0.0,1.0],"evs":[0.0,1.73372]},"82s":{"weight":0.0,"played":[1.0,0.0],"evs":[0.0,-0.37898]},"83s":{"weight":0.0,"played":[1.0,0.0],"evs":[0.0,-0.42009]},"84s":{"weight":0.0,"played":[0.9999,1.0E-4],"evs":[0.0,-0.1211]},"85s":{"weight":0.0,"played":[0.1684,0.8316],"evs":[0.0,0.0341]},"86s":{"weight":0.1629,"played":[1.0E-4,0.9999],"evs":[0.0,0.56096]},"87s":{"weight":0.5879,"played":[0.0,1.0],"evs":[0.0,0.89148]},"88":{"weight":0.0,"played":[0.0,1.0],"evs":[0.0,4.90515]},"98o":{"weight":0.0,"played":[1.0E-4,0.9999],"evs":[0.0,0.24561]},"T8o":{"weight":0.0,"played":[4.0E-4,0.9996],"evs":[0.0,0.13356]},"J8o":{"weight":0.0,"played":[0.9628,0.0372],"evs":[0.0,-0.032]},"Q8o":{"weight":0.0,"played":[0.9991,9.0E-4],"evs":[0.0,-0.07733]},"K8o":{"weight":0.0439,"played":[0.9999,1.0E-4],"evs":[0.0,-0.39848]},"A8o":{"weight":0.0023,"played":[0.0,1.0],"evs":[0.0,2.37069]},"92s":{"weight":0.0,"played":[1.0,0.0],"evs":[0.0,-0.26669]},"93s":{"weight":0.0,"played":[0.9991,9.0E-4],"evs":[0.0,-0.23792]},"94s":{"weight":0.0,"played":[0.9995,5.0E-4],"evs":[0.0,-0.22875]},"95s":{"weight":0.0,"played":[0.0821,0.9179],"evs":[0.0,0.09354]},"96s":{"weight":0.0052,"played":[0.0,1.0],"evs":[0.0,0.40995]},"97s":{"weight":0.0021,"played":[0.0,1.0],"evs":[0.0,0.77899]},"98s":{"weight":0.063,"played":[0.0,1.0],"evs":[0.0,1.08133]},"99":{"weight":5.0E-4,"played":[0.0,1.0],"evs":[0.0,5.56246]},"T9o":{"weight":0.4615,"played":[0.0,1.0],"evs":[0.0,0.50542]},"J9o":{"weight":0.0111,"played":[1.0E-4,0.9999],"evs":[0.0,0.32697]},"Q9o":{"weight":0.0069,"played":[1.0E-4,0.9999],"evs":[0.0,0.24122]},"K9o":{"weight":1.0,"played":[0.3374,0.6626],"evs":[0.0,-0.00129]},"A9o":{"weight":0.0,"played":[0.0,1.0],"evs":[0.0,3.0925]},"T2s":{"weight":0.0,"played":[1.0,0.0],"evs":[0.0,-0.2212]},"T3s":{"weight":0.0,"played":[0.9975,0.0025],"evs":[0.0,-0.12165]},"T4s":{"weight":0.0,"played":[1.0,0.0],"evs":[0.0,-0.13512]},"T5s":{"weight":0.0,"played":[0.9966,0.0034],"evs":[0.0,-0.14812]},"T6s":{"weight":0.0,"played":[0.0019,0.9981],"evs":[0.0,0.26986]},"T7s":{"weight":0.1991,"played":[0.0,1.0],"evs":[0.0,0.53128]},"T8s":{"weight":0.0,"played":[0.0,1.0],"evs":[0.0,0.94431]},"T9s":{"weight":0.0416,"played":[0.0,1.0],"evs":[0.0,1.28314]},"TT":{"weight":0.0056,"played":[0.0,1.0],"evs":[0.0,6.40916]},"JTo":{"weight":0.0951,"played":[0.0,1.0],"evs":[0.0,0.7879]},"QTo":{"weight":0.067,"played":[0.0,1.0],"evs":[0.0,0.687]},"KTo":{"weight":1.0E-4,"played":[0.0,1.0],"evs":[0.0,0.69102]},"ATo":{"weight":0.0,"played":[0.0,1.0],"evs":[0.0,4.32662]},"J2s":{"weight":0.0,"played":[0.9838,0.0162],"evs":[0.0,-0.11817]},"J3s":{"weight":0.0,"played":[0.9594,0.0406],"evs":[0.0,-0.08823]},"J4s":{"weight":0.0,"played":[0.6148,0.3852],"evs":[0.0,-0.00845]},"J5s":{"weight":0.0,"played":[0.0218,0.9782],"evs":[0.0,0.07948]},"J6s":{"weight":0.0,"played":[0.0266,0.9734],"evs":[0.0,0.04399]},"J7s":{"weight":0.8263,"played":[2.0E-4,0.9998],"evs":[0.0,0.50848]},"J8s":{"weight":0.0249,"played":[0.0,1.0],"evs":[0.0,0.79727]},"J9s":{"weight":0.1235,"played":[0.0,1.0],"evs":[0.0,1.15956]},"JTs":{"weight":0.2413,"played":[0.0,1.0],"evs":[0.0,1.58758]},"JJ":{"weight":0.4846,"played":[0.0,1.0],"evs":[0.0,7.27711]},"QJo":{"weight":0.0,"played":[0.0,1.0],"evs":[0.0,0.81851]},"KJo":{"weight":0.0,"played":[0.0,1.0],"evs":[0.0,1.35526]},"AJo":{"weight":0.0,"played":[0.0,1.0],"evs":[0.0,5.11617]},"Q2s":{"weight":0.0,"played":[0.0051,0.9949],"evs":[0.0,0.04588]},"Q3s":{"weight":0.0,"played":[1.0E-4,0.9999],"evs":[0.0,0.07019]},"Q4s":{"weight":5.0E-4,"played":[1.0E-4,0.9999],"evs":[0.0,0.17199]},"Q5s":{"weight":0.0062,"played":[0.0,1.0],"evs":[0.0,0.16669]},"Q6s":{"weight":0.6707,"played":[0.0,1.0],"evs":[0.0,0.36194]},"Q7s":{"weight":0.9921,"played":[1.0E-4,0.9999],"evs":[0.0,0.33691]},"Q8s":{"weight":0.9997,"played":[0.0,1.0],"evs":[0.0,0.76554]},"Q9s":{"weight":0.2286,"played":[0.0,1.0],"evs":[0.0,1.06905]},"QTs":{"weight":0.0236,"played":[0.0,1.0],"evs":[0.0,1.51487]},"QJs":{"weight":0.0049,"played":[0.0,1.0],"evs":[0.0,1.6933]},"QQ":{"weight":1.0,"played":[0.0,1.0],"evs":[0.0,8.05553]},"KQo":{"weight":0.0,"played":[0.0,1.0],"evs":[0.0,2.01936]},"AQo":{"weight":0.0,"played":[0.0,1.0],"evs":[0.0,6.02527]},"K2s":{"weight":0.0,"played":[0.242,0.758],"evs":[0.0,-0.05239]},"K3s":{"weight":8.0E-4,"played":[0.0019,0.9981],"evs":[0.0,0.10907]},"K4s":{"weight":0.5231,"played":[1.0E-4,0.9999],"evs":[0.0,0.12296]},"K5s":{"weight":9.0E-4,"played":[0.0,1.0],"evs":[0.0,0.23654]},"K6s":{"weight":0.0,"played":[6.0E-4,0.9994],"evs":[0.0,0.35149]},"K7s":{"weight":0.0,"played":[0.0,1.0],"evs":[0.0,0.47983]},"K8s":{"weight":0.0708,"played":[0.0,1.0],"evs":[0.0,0.44012]},"K9s":{"weight":1.0E-4,"played":[0.0,1.0],"evs":[0.0,0.86335]},"KTs":{"weight":0.0037,"played":[0.0,1.0],"evs":[0.0,1.47859]},"KJs":{"weight":0.0452,"played":[0.0,1.0],"evs":[0.0,2.06358]},"KQs":{"weight":0.0176,"played":[0.0,1.0],"evs":[0.0,2.76649]},"KK":{"weight":1.0,"played":[0.0,1.0],"evs":[0.0,9.11587]},"AKo":{"weight":0.0016,"played":[0.0,1.0],"evs":[0.0,7.19796]},"A2s":{"weight":0.0012,"played":[0.0,1.0],"evs":[0.0,1.56363]},"A3s":{"weight":0.0,"played":[0.0,1.0],"evs":[0.0,1.63255]},"A4s":{"weight":0.0,"played":[0.0,1.0],"evs":[0.0,1.6113]},"A5s":{"weight":0.0056,"played":[0.0,1.0],"evs":[0.0,1.83408]},"A6s":{"weight":0.0,"played":[0.0,1.0],"evs":[0.0,1.90618]},"A7s":{"weight":0.0359,"played":[0.0,1.0],"evs":[0.0,2.44277]},"A8s":{"weight":0.6883,"played":[0.0,1.0],"evs":[0.0,3.05998]},"A9s":{"weight":4.0E-4,"played":[0.0,1.0],"evs":[0.0,3.74887]},"ATs":{"weight":7.0E-4,"played":[0.0,1.0],"evs":[0.0,4.88234]},"AJs":{"weight":0.0314,"played":[0.0,1.0],"evs":[0.0,5.71683]},"AQs":{"weight":0.0734,"played":[0.0,1.0],"evs":[0.0,6.51824]},"AKs":{"weight":0.9953,"played":[0.0,1.0],"evs":[0.0,7.58639]},"AA":{"weight":1.0,"played":[0.0,1.0],"evs":[0.0,12.63679]}}}