{"player":1,"street":0,"children":3,"sequence":[{"player":0,"type":"R","amount":200000,"street":0},{"player":1,"type":"C","amount":200000,"street":0},{"player":2,"type":"F","amount":0,"street":0},{"player":3,"type":"R","amount":955000,"street":0},{"player":0,"type":"C","amount":755000,"street":0}],"actions":[{"type":"F","amount":0},{"type":"C","amount":755000},{"type":"R","amount":1505000,"node":39}],"hands":{"22":{"weight":0.0,"played":[0.9671,0.0162,0.0167],"evs":[0.0,-3.71347,-3.68476]},"32o":{"weight":0.0,"played":[0.9999,1.0E-4,0.0],"evs":[0.0,-4.56856,-6.35603]},"42o":{"weight":0.0,"played":[0.9999,1.0E-4,1.0E-4],"evs":[0.0,-5.00726,-6.98117]},"52o":{"weight":0.0,"played":[0.9996,1.0E-4,3.0E-4],"evs":[0.0,-4.93446,-6.57506]},"62o":{"weight":0.0,"played":[1.0,0.0,0.0],"evs":[0.0,-4.93283,-6.67881]},"72o":{"weight":0.0,"played":[0.9999,0.0,1.0E-4],"evs":[0.0,-5.58216,-7.78197]},"82o":{"weight":0.0,"played":[0.9998,1.0E-4,1.0E-4],"evs":[0.0,-6.12192,-8.23041]},"92o":{"weight":0.0,"played":[1.0,0.0,0.0],"evs":[0.0,-5.34214,-7.36818]},"T2o":{"weight":0.0,"played":[0.9998,1.0E-4,1.0E-4],"evs":[0.0,-5.51707,-7.29109]},"J2o":{"weight":0.0,"played":[0.9999,0.0,1.0E-4],"evs":[0.0,-5.37803,-7.31375]},"Q2o":{"weight":0.0,"played":[0.9995,2.0E-4,2.0E-4],"evs":[0.0,-5.33431,-7.06161]},"K2o":{"weight":0.0,"played":[0.9999,0.0,1.0E-4],"evs":[0.0,-4.16547,-5.63023]},"A2o":{"weight":0.0,"played":[0.9982,0.001,8.0E-4],"evs":[0.0,-3.23336,-4.1829]},"32s":{"weight":0.0,"played":[0.9999,0.0,1.0E-4],"evs":[0.0,-3.1736,-4.98476]},"33":{"weight":0.0106,"played":[0.9463,0.0064,0.0473],"evs":[0.0,-3.42956,-3.6692]},"43o":{"weight":0.0,"played":[0.9998,0.0,1.0E-4],"evs":[0.0,-4.1001,-5.55232]},"53o":{"weight":0.0,"played":[1.0,0.0,0.0],"evs":[0.0,-4.48538,-5.96619]},"63o":{"weight":0.0,"played":[0.9999,0.0,1.0E-4],"evs":[0.0,-4.27622,-6.03577]},"73o":{"weight":0.0,"played":[0.9998,1.0E-4,1.0E-4],"evs":[0.0,-5.66577,-7.90231]},"83o":{"weight":0.0,"played":[1.0,0.0,0.0],"evs":[0.0,-5.97504,-7.94213]},"93o":{"weight":0.0,"played":[0.9999,0.0,0.0],"evs":[0.0,-5.53602,-7.20188]},"T3o":{"weight":0.0,"played":[0.9999,0.0,1.0E-4],"evs":[0.0,-5.0811,-6.9224]},"J3o":{"weight":0.0,"played":[0.9994,1.0E-4,5.0E-4],"evs":[0.0,-5.46295,-6.66684]},"Q3o":{"weight":0.0,"played":[0.9999,0.0,1.0E-4],"evs":[0.0,-5.11714,-6.59799]},"K3o":{"weight":0.0,"played":[0.9984,0.0,0.0016],"evs":[0.0,-3.54136,-4.47401]},"A3o":{"weight":0.0,"played":[0.9984,5.0E-4,0.0011],"evs":[0.0,-3.22057,-4.0455]},"42s":{"weight":0.0,"played":[0.9989,8.0E-4,3.0E-4],"evs":[0.0,-3.41289,-4.84442]},"43s":{"weight":0.0,"played":[0.9977,0.0021,1.0E-4],"evs":[0.0,-1.41924,-2.571]},"44":{"weight":0.9284,"played":[0.9914,0.0,0.0086],"evs":[0.0,-3.4745,-3.66421]},"54o":{"weight":0.0,"played":[0.9996,2.0E-4,2.0E-4],"evs":[0.0,-3.74917,-5.08994]},"64o":{"weight":0.0,"played":[1.0,0.0,0.0],"evs":[0.0,-3.54619,-5.01703]},"74o":{"weight":0.0,"played":[1.0,0.0,0.0],"evs":[0.0,-4.45363,-5.90069]},"84o":{"weight":0.0,"played":[0.9999,0.0,1.0E-4],"evs":[0.0,-5.24034,-7.01699]},"94o":{"weight":0.0,"played":[0.9999,0.0,1.0E-4],"evs":[0.0,-5.09735,-6.61299]},"T4o":{"weight":0.0,"played":[0.9998,1.0E-4,1.0E-4],"evs":[0.0,-5.30096,-6.81217]},"J4o":{"weight":0.0,"played":[0.9997,2.0E-4,1.0E-4],"evs":[0.0,-5.44553,-7.2407]},"Q4o":{"weight":0.0,"played":[1.0,0.0,0.0],"evs":[0.0,-5.20427,-6.49547]},"K4o":{"weight":0.0,"played":[0.9979,0.0019,2.0E-4],"evs":[0.0,-3.34793,-4.03104]},"A4o":{"weight":0.0,"played":[0.9779,0.0024,0.0197],"evs":[0.0,-3.3373,-3.67307]},"52s":{"weight":0.0,"played":[0.9919,0.0059,0.0023],"evs":[0.0,-2.98748,-4.55841]},"53s":{"weight":0.0,"played":[0.9742,0.0141,0.0117],"evs":[0.0,-3.43334,-4.244]},"54s":{"weight":0.0,"played":[0.9352,0.0546,0.0102],"evs":[0.0,-1.07133,-1.96813]},"55":{"weight":0.9843,"played":[0.9752,4.0E-4,0.0244],"evs":[0.0,-2.62086,-2.68683]},"65o":{"weight":0.0,"played":[0.9983,0.0015,2.0E-4],"evs":[0.0,-3.45311,-4.76153]},"75o":{"weight":0.0,"played":[1.0,0.0,0.0],"evs":[0.0,-3.55535,-5.12299]},"85o":{"weight":0.0,"played":[0.9995,4.0E-4,1.0E-4],"evs":[0.0,-4.77338,-6.4071]},"95o":{"weight":0.0,"played":[0.9993,1.0E-4,6.0E-4],"evs":[0.0,-4.63739,-5.94752]},"T5o":{"weight":0.0,"played":[0.9999,0.0,1.0E-4],"evs":[0.0,-5.48021,-7.15386]},"J5o":{"weight":0.0,"played":[0.9999,0.0,1.0E-4],"evs":[0.0,-4.94465,-6.52089]},"Q5o":{"weight":0.0,"played":[0.9999,0.0,0.0],"evs":[0.0,-5.13163,-6.3801]},"K5o":{"weight":0.0,"played":[0.9967,4.0E-4,0.003],"evs":[0.0,-3.80043,-4.56174]},"A5o":{"weight":0.0082,"played":[0.9868,0.0089,0.0043],"evs":[0.0,-3.15682,-3.56393]},"62s":{"weight":0.0,"played":[0.9919,0.0035,0.0045],"evs":[0.0,-4.49571,-5.95714]},"63s":{"weight":0.0,"played":[0.999,9.0E-4,1.0E-4],"evs":[0.0,-3.27278,-4.38371]},"64s":{"weight":0.0,"played":[0.987,0.0023,0.0107],"evs":[0.0,-2.71009,-3.55441]},"65s":{"weight":0.0,"played":[0.9861,0.0132,6.0E-4],"evs":[0.0,-2.10817,-2.8412]},"66":{"weight":0.7808,"played":[0.955,0.0073,0.0377],"evs":[0.0,-2.76445,-3.06409]},"76o":{"weight":0.0,"played":[0.9996,0.0,4.0E-4],"evs":[0.0,-3.27261,-4.78524]},"86o":{"weight":0.0,"played":[1.0,0.0,0.0],"evs":[0.0,-4.53253,-5.87514]},"96o":{"weight":0.0,"played":[0.9998,2.0E-4,1.0E-4],"evs":[0.0,-4.40764,-5.51197]},"T6o":{"weight":0.0,"played":[0.9998,1.0E-4,1.0E-4],"evs":[0.0,-4.67689,-5.98279]},"J6o":{"weight":0.0,"played":[1.0,0.0,0.0],"evs":[0.0,-4.91953,-6.70396]},"Q6o":{"weight":0.0,"played":[0.9982,4.0E-4,0.0014],"evs":[0.0,-4.75888,-6.10049]},"K6o":{"weight":0.0,"played":[0.9983,5.0E-4,0.0012],"evs":[0.0,-3.4994,-4.49767]},"A6o":{"weight":0.0,"played":[0.9992,1.0E-4,7.0E-4],"evs":[0.0,-4.22074,-5.13364]},"72s":{"weight":0.0,"played":[0.998,0.0012,8.0E-4],"evs":[0.0,-5.32838,-6.84734]},"73s":{"weight":0.0,"played":[0.9723,0.0172,0.0105],"evs":[0.0,-3.29502,-4.08986]},"74s":{"weight":0.0,"played":[0.9933,0.0067,1.0E-4],"evs":[0.0,-2.78028,-3.91452]},"75s":{"weight":0.0,"played":[0.9934,4.0E-4,0.0062],"evs":[0.0,-2.5334,-3.67504]},"76s":{"weight":0.0,"played":[0.9974,0.0015,0.0011],"evs":[0.0,-3.08685,-3.47888]},"77":{"weight":0.9114,"played":[0.98,0.0132,0.0069],"evs":[0.0,-2.73433,-2.81202]},"87o":{"weight":0.0,"played":[0.9996,3.0E-4,0.0],"evs":[0.0,-4.10809,-5.40568]},"97o":{"weight":0.0,"played":[0.9996,2.0E-4,2.0E-4],"evs":[0.0,-4.37524,-5.55878]},"T7o":{"weight":0.0,"played":[0.9988,2.0E-4,0.001],"evs":[0.0,-4.88527,-6.22823]},"J7o":{"weight":0.0,"played":[0.9982,1.0E-4,0.0016],"evs":[0.0,-5.20599,-6.701]},"Q7o":{"weight":0.0,"played":[0.9997,2.0E-4,1.0E-4],"evs":[0.0,-5.21403,-6.54265]},"K7o":{"weight":0.0,"played":[0.9971,0.0011,0.0018],"evs":[0.0,-3.74432,-4.51704]},"A7o":{"weight":0.0,"played":[0.9973,0.0,0.0027],"evs":[0.0,-3.99964,-4.47959]},"82s":{"weight":0.0,"played":[0.9969,0.0021,0.001],"evs":[0.0,-4.49891,-6.2283]},"83s":{"weight":0.0,"played":[0.9995,3.0E-4,2.0E-4],"evs":[0.0,-4.98468,-5.97843]},"84s":{"weight":0.0,"played":[0.998,0.0019,1.0E-4],"evs":[0.0,-2.71759,-4.01728]},"85s":{"weight":0.0,"played":[0.9953,0.0028,0.0018],"evs":[0.0,-3.61761,-4.71842]},"86s":{"weight":0.0,"played":[0.9484,0.0345,0.0171],"evs":[0.0,-2.80639,-3.5354]},"87s":{"weight":0.0,"played":[0.9039,0.0801,0.016],"evs":[0.0,-2.02134,-2.99768]},"88":{"weight":0.4861,"played":[0.9245,0.0165,0.059],"evs":[0.0,-2.43422,-2.36991]},"98o":{"weight":0.0,"played":[0.9999,0.0,1.0E-4],"evs":[0.0,-3.90545,-5.2867]},"T8o":{"weight":0.0,"played":[1.0,0.0,0.0],"evs":[0.0,-4.32388,-5.45193]},"J8o":{"weight":0.0,"played":[0.9998,1.0E-4,1.0E-4],"evs":[0.0,-4.82155,-6.29911]},"Q8o":{"weight":0.0,"played":[0.9999,1.0E-4,0.0],"evs":[0.0,-5.41084,-6.33726]},"K8o":{"weight":0.0,"played":[0.9998,1.0E-4,1.0E-4],"evs":[0.0,-4.28289,-5.14792]},"A8o":{"weight":0.1019,"played":[0.9864,7.0E-4,0.0129],"evs":[0.0,-3.78674,-4.225]},"92s":{"weight":0.0,"played":[0.9999,1.0E-4,0.0],"evs":[0.0,-3.91873,-5.36161]},"93s":{"weight":0.0,"played":[0.9999,0.0,1.0E-4],"evs":[0.0,-3.53975,-4.47398]},"94s":{"weight":0.0,"played":[1.0,0.0,0.0],"evs":[0.0,-3.26429,-4.13049]},"95s":{"weight":0.0,"played":[0.9956,0.0,0.0044],"evs":[0.0,-2.74538,-3.52774]},"96s":{"weight":0.0,"played":[0.986,0.0139,2.0E-4],"evs":[0.0,-2.89599,-3.44351]},"97s":{"weight":0.0,"played":[0.9746,0.0211,0.0043],"evs":[0.0,-2.30836,-3.0805]},"98s":{"weight":0.0,"played":[0.9719,0.0186,0.0095],"evs":[0.0,-2.82935,-3.84626]},"99":{"weight":0.363,"played":[0.6669,0.1386,0.1945],"evs":[0.0,-0.47529,-0.36652]},"T9o":{"weight":0.0,"played":[0.991,0.0018,0.0072],"evs":[0.0,-3.62746,-4.61855]},"J9o":{"weight":0.0,"played":[0.9996,2.0E-4,1.0E-4],"evs":[0.0,-4.31313,-5.35215]},"Q9o":{"weight":0.0,"played":[0.9969,2.0E-4,0.0028],"evs":[0.0,-4.01237,-4.95777]},"K9o":{"weight":0.0,"played":[0.9936,0.0033,0.0032],"evs":[0.0,-3.26345,-3.7957]},"A9o":{"weight":0.8168,"played":[0.9931,0.0016,0.0053],"evs":[0.0,-3.99961,-4.30057]},"T2s":{"weight":0.0,"played":[0.9999,1.0E-4,0.0],"evs":[0.0,-4.51989,-5.76492]},"T3s":{"weight":0.0,"played":[0.9988,8.0E-4,4.0E-4],"evs":[0.0,-4.25976,-5.37027]},"T4s":{"weight":0.0,"played":[0.9996,3.0E-4,1.0E-4],"evs":[0.0,-4.01038,-5.34263]},"T5s":{"weight":0.0,"played":[0.9975,0.001,0.0015],"evs":[0.0,-3.92323,-5.08199]},"T6s":{"weight":0.0,"played":[0.9981,0.0018,1.0E-4],"evs":[0.0,-3.53593,-4.24832]},"T7s":{"weight":0.0,"played":[0.9693,0.016,0.0147],"evs":[0.0,-2.97344,-4.07692]},"T8s":{"weight":0.0,"played":[0.9498,0.0451,0.0051],"evs":[0.0,-2.74046,-3.54313]},"T9s":{"weight":0.0,"played":[0.8406,0.1317,0.0277],"evs":[0.0,-1.65358,-2.23658]},"TT":{"weight":0.6208,"played":[0.6789,0.0083,0.3128],"evs":[0.0,-0.66231,-0.50519]},"JTo":{"weight":0.0,"played":[0.9984,4.0E-4,0.0012],"evs":[0.0,-3.96121,-4.88073]},"QTo":{"weight":0.0,"played":[0.995,0.0013,0.0037],"evs":[0.0,-3.66697,-4.22393]},"KTo":{"weight":0.0,"played":[0.9932,0.0013,0.0055],"evs":[0.0,-3.26444,-3.64127]},"ATo":{"weight":0.0111,"played":[0.9647,0.0197,0.0156],"evs":[0.0,-2.80354,-2.93323]},"J2s":{"weight":0.0,"played":[0.9886,5.0E-4,0.0109],"evs":[0.0,-4.19217,-5.69574]},"J3s":{"weight":0.0,"played":[0.9991,3.0E-4,6.0E-4],"evs":[0.0,-4.1746,-5.4528]},"J4s":{"weight":0.0,"played":[0.9998,0.0,2.0E-4],"evs":[0.0,-3.84271,-5.01908]},"J5s":{"weight":0.0,"played":[0.9968,0.0013,0.002],"evs":[0.0,-3.8897,-5.00894]},"J6s":{"weight":0.0,"played":[0.9972,8.0E-4,0.002],"evs":[0.0,-4.46434,-5.25676]},"J7s":{"weight":0.0,"played":[0.9867,0.0082,0.0052],"evs":[0.0,-2.72123,-3.36045]},"J8s":{"weight":0.0,"played":[0.9525,0.0363,0.0112],"evs":[0.0,-4.25471,-5.14652]},"J9s":{"weight":0.0033,"played":[0.9964,0.0018,0.0018],"evs":[0.0,-3.4453,-3.59255]},"JTs":{"weight":0.9993,"played":[0.9866,0.003,0.0105],"evs":[0.0,-3.01147,-3.73926]},"JJ":{"weight":0.0017,"played":[0.0,0.0171,0.9829],"evs":[0.0,0.84221,0.85178]},"QJo":{"weight":0.0243,"played":[0.9959,0.0023,0.0019],"evs":[0.0,-3.90834,-4.53734]},"KJo":{"weight":0.5654,"played":[0.9882,0.0047,0.0072],"evs":[0.0,-2.81788,-3.18204]},"AJo":{"weight":0.0,"played":[0.9606,3.0E-4,0.0392],"evs":[0.0,-3.01254,-3.03922]},"Q2s":{"weight":0.0,"played":[0.9976,7.0E-4,0.0017],"evs":[0.0,-4.21285,-6.08993]},"Q3s":{"weight":0.0,"played":[0.9994,3.0E-4,4.0E-4],"evs":[0.0,-2.77612,-4.42853]},"Q4s":{"weight":0.0,"played":[0.9984,2.0E-4,0.0013],"evs":[0.0,-3.1077,-3.99746]},"Q5s":{"weight":0.0,"played":[0.9904,0.0029,0.0068],"evs":[0.0,-4.18478,-5.50696]},"Q6s":{"weight":0.0,"played":[0.9982,0.0018,0.0],"evs":[0.0,-2.96734,-3.96884]},"Q7s":{"weight":0.0,"played":[0.9704,0.0166,0.013],"evs":[0.0,-3.31499,-4.15311]},"Q8s":{"weight":9.0E-4,"played":[0.9911,0.0064,0.0025],"evs":[0.0,-3.29268,-3.90345]},"Q9s":{"weight":0.5618,"played":[0.9924,0.0014,0.0063],"evs":[0.0,-2.82512,-3.29746]},"QTs":{"weight":0.9955,"played":[0.9914,0.0016,0.0069],"evs":[0.0,-2.92371,-3.29786]},"QJs":{"weight":0.9911,"played":[0.9982,1.0E-4,0.0018],"evs":[0.0,-1.93009,-2.5842]},"QQ":{"weight":0.0016,"played":[0.0,0.5123,0.4877],"evs":[0.0,5.22182,5.15054]},"KQo":{"weight":0.5803,"played":[0.9876,0.0017,0.0108],"evs":[0.0,-2.8068,-3.05637]},"AQo":{"weight":1.0E-4,"played":[0.3333,0.1119,0.5548],"evs":[0.0,-0.90304,-0.69681]},"K2s":{"weight":0.0,"played":[0.9946,0.0019,0.0035],"evs":[0.0,-2.90957,-3.60573]},"K3s":{"weight":0.0,"played":[0.9954,7.0E-4,0.0039],"evs":[0.0,-2.32389,-3.14018]},"K4s":{"weight":0.0,"played":[0.9841,0.0059,0.01],"evs":[0.0,-2.13969,-2.31636]},"K5s":{"weight":0.0058,"played":[0.9389,0.0128,0.0484],"evs":[0.0,-1.58466,-1.45725]},"K6s":{"weight":0.0,"played":[0.9795,0.0117,0.0088],"evs":[0.0,-1.22353,-2.18086]},"K7s":{"weight":0.004,"played":[0.9931,0.0063,6.0E-4],"evs":[0.0,-1.39964,-2.33552]},"K8s":{"weight":0.0,"played":[0.9712,0.0191,0.0098],"evs":[0.0,-2.11871,-2.51438]},"K9s":{"weight":0.9998,"played":[0.9963,0.0015,0.0022],"evs":[0.0,-1.25211,-1.65644]},"KTs":{"weight":0.768,"played":[0.6356,0.2385,0.1259],"evs":[0.0,-0.21532,-0.37236]},"KJs":{"weight":0.0201,"played":[0.9009,0.0209,0.0782],"evs":[0.0,-1.44683,-1.36097]},"KQs":{"weight":0.1581,"played":[0.9527,0.0129,0.0345],"evs":[0.0,-1.48631,-1.47867]},"KK":{"weight":0.7621,"played":[0.0,0.0,1.0],"evs":[0.0,12.51886,12.96551]},"AKo":{"weight":0.0,"played":[0.0,0.0166,0.9834],"evs":[0.0,1.77579,2.12865]},"A2s":{"weight":0.0297,"played":[0.9747,0.0098,0.0156],"evs":[0.0,-3.06097,-3.58058]},"A3s":{"weight":0.0037,"played":[0.9694,0.0091,0.0215],"evs":[0.0,-2.22503,-2.6433]},"A4s":{"weight":5.0E-4,"played":[0.6902,0.2567,0.0531],"evs":[0.0,-1.29024,-1.55571]},"A5s":{"weight":0.0089,"played":[0.9897,0.0097,6.0E-4],"evs":[0.0,-1.5439,-1.89516]},"A6s":{"weight":0.3722,"played":[0.965,0.0251,0.01],"evs":[0.0,-2.98157,-3.63485]},"A7s":{"weight":0.8246,"played":[0.9226,0.0407,0.0367],"evs":[0.0,-2.71072,-2.80385]},"A8s":{"weight":0.0292,"played":[0.982,0.008,0.01],"evs":[0.0,-3.06148,-3.45265]},"A9s":{"weight":0.0792,"played":[0.9328,0.034,0.0333],"evs":[0.0,-1.93572,-1.76872]},"ATs":{"weight":0.7036,"played":[0.7046,0.136,0.1593],"evs":[0.0,-1.41267,-1.69725]},"AJs":{"weight":0.0627,"played":[0.8111,0.0335,0.1554],"evs":[0.0,-0.93297,-0.69688]},"AQs":{"weight":0.4553,"played":[0.0363,0.3543,0.6095],"evs":[0.0,0.37875,0.42118]},"AKs":{"weight":0.0,"played":[0.0,0.1138,0.8861],"evs":[0.0,4.01326,4.17393]},"AA":{"weight":1.0,"played":[0.0,1.0E-4,0.9999],"evs":[0.0,21.22768,21.5113]}}}