{"player":2,"street":0,"children":2,"sequence":[{"player":0,"type":"R","amount":200000,"street":0},{"player":1,"type":"C","amount":200000,"street":0},{"player":2,"type":"C","amount":150000,"street":0},{"player":3,"type":"R","amount":955000,"street":0},{"player":0,"type":"F","amount":0,"street":0},{"player":1,"type":"R","amount":1505000,"street":0}],"actions":[{"type":"F","amount":0},{"type":"C","amount":1195000}],"hands":{"22":{"weight":4.0E-4,"played":[0.6826,0.3174],"evs":[0.0,-3.5092]},"32o":{"weight":0.0,"played":[1.0,0.0],"evs":[0.0,-4.36637]},"42o":{"weight":0.0,"played":[0.9998,2.0E-4],"evs":[0.0,-5.83331]},"52o":{"weight":0.0,"played":[0.9664,0.0336],"evs":[0.0,-5.12057]},"62o":{"weight":0.0,"played":[0.9992,8.0E-4],"evs":[0.0,-5.2441]},"72o":{"weight":0.0,"played":[0.9937,0.0063],"evs":[0.0,-4.16186]},"82o":{"weight":0.0,"played":[0.9994,6.0E-4],"evs":[0.0,-4.85742]},"92o":{"weight":0.0,"played":[0.9873,0.0127],"evs":[0.0,-4.9848]},"T2o":{"weight":0.0,"played":[0.9996,4.0E-4],"evs":[0.0,-3.90985]},"J2o":{"weight":0.0,"played":[0.9829,0.0171],"evs":[0.0,-3.62988]},"Q2o":{"weight":0.0,"played":[0.994,0.006],"evs":[0.0,-3.95377]},"K2o":{"weight":0.0,"played":[0.9984,0.0016],"evs":[0.0,-3.64173]},"A2o":{"weight":0.0,"played":[0.6767,0.3233],"evs":[0.0,-0.93922]},"32s":{"weight":1.0E-4,"played":[0.4271,0.5729],"evs":[0.0,-0.72332]},"33":{"weight":1.0E-4,"played":[0.7054,0.2946],"evs":[0.0,-1.36393]},"43o":{"weight":0.0,"played":[0.9947,0.0053],"evs":[0.0,-4.30545]},"53o":{"weight":0.0,"played":[0.9998,2.0E-4],"evs":[0.0,-2.58117]},"63o":{"weight":0.0,"played":[0.981,0.019],"evs":[0.0,-4.15569]},"73o":{"weight":0.0,"played":[0.9987,0.0013],"evs":[0.0,-2.93682]},"83o":{"weight":0.0,"played":[0.9985,0.0015],"evs":[0.0,-3.31204]},"93o":{"weight":0.0,"played":[0.9885,0.0115],"evs":[0.0,-5.18742]},"T3o":{"weight":0.0,"played":[0.9975,0.0025],"evs":[0.0,-5.72706]},"J3o":{"weight":0.0,"played":[0.9934,0.0066],"evs":[0.0,-3.10412]},"Q3o":{"weight":0.0,"played":[0.8294,0.1706],"evs":[0.0,-4.10774]},"K3o":{"weight":0.0,"played":[0.9465,0.0535],"evs":[0.0,-3.53167]},"A3o":{"weight":2.0E-4,"played":[0.93,0.07],"evs":[0.0,-1.75173]},"42s":{"weight":0.0,"played":[0.8815,0.1185],"evs":[0.0,-5.1897]},"43s":{"weight":0.0,"played":[0.6371,0.3629],"evs":[0.0,-2.38209]},"44":{"weight":0.2299,"played":[0.4463,0.5537],"evs":[0.0,-0.08309]},"54o":{"weight":0.0,"played":[0.9985,0.0015],"evs":[0.0,-4.78562]},"64o":{"weight":0.0,"played":[0.9962,0.0038],"evs":[0.0,-4.34724]},"74o":{"weight":0.0,"played":[0.8011,0.1989],"evs":[0.0,-4.41733]},"84o":{"weight":0.0,"played":[0.9956,0.0044],"evs":[0.0,-3.85843]},"94o":{"weight":0.0,"played":[0.9979,0.0021],"evs":[0.0,-4.61318]},"T4o":{"weight":0.0,"played":[0.9998,2.0E-4],"evs":[0.0,-4.4291]},"J4o":{"weight":0.0,"played":[0.8396,0.1604],"evs":[0.0,-1.34905]},"Q4o":{"weight":0.0,"played":[0.9766,0.0234],"evs":[0.0,-1.26219]},"K4o":{"weight":0.0,"played":[0.9667,0.0333],"evs":[0.0,-5.23955]},"A4o":{"weight":0.0086,"played":[0.9993,7.0E-4],"evs":[0.0,-3.73646]},"52s":{"weight":1.0E-4,"played":[0.8215,0.1785],"evs":[0.0,-2.33299]},"53s":{"weight":5.0E-4,"played":[0.4898,0.5102],"evs":[0.0,2.19534]},"54s":{"weight":1.0E-4,"played":[0.9531,0.0469],"evs":[0.0,-4.02084]},"55":{"weight":0.5055,"played":[0.5171,0.4829],"evs":[0.0,1.57366]},"65o":{"weight":0.0,"played":[0.9914,0.0086],"evs":[0.0,-1.4071]},"75o":{"weight":0.0,"played":[1.0,0.0],"evs":[0.0,-2.22553]},"85o":{"weight":0.0,"played":[0.9984,0.0016],"evs":[0.0,-2.42307]},"95o":{"weight":0.0,"played":[0.9785,0.0215],"evs":[0.0,-4.00904]},"T5o":{"weight":0.0,"played":[0.9773,0.0227],"evs":[0.0,-0.95252]},"J5o":{"weight":0.0,"played":[0.9876,0.0124],"evs":[0.0,-3.26398]},"Q5o":{"weight":0.0,"played":[0.9934,0.0066],"evs":[0.0,-3.8702]},"K5o":{"weight":0.0,"played":[0.9667,0.0333],"evs":[0.0,-1.97252]},"A5o":{"weight":2.0E-4,"played":[0.9107,0.0893],"evs":[0.0,-2.57478]},"62s":{"weight":0.0,"played":[0.7044,0.2956],"evs":[0.0,-0.05231]},"63s":{"weight":0.0074,"played":[1.0,0.0],"evs":[0.0,-4.26631]},"64s":{"weight":0.0,"played":[0.8419,0.1581],"evs":[0.0,-2.21527]},"65s":{"weight":0.1354,"played":[0.2529,0.7471],"evs":[0.0,-0.65279]},"66":{"weight":0.9112,"played":[0.103,0.897],"evs":[0.0,3.08124]},"76o":{"weight":0.0,"played":[0.6402,0.3598],"evs":[0.0,-1.04866]},"86o":{"weight":0.0,"played":[0.9798,0.0202],"evs":[0.0,-1.19354]},"96o":{"weight":0.0,"played":[0.9999,1.0E-4],"evs":[0.0,-2.46544]},"T6o":{"weight":0.0,"played":[1.0,0.0],"evs":[0.0,-2.21857]},"J6o":{"weight":0.0,"played":[0.9353,0.0647],"evs":[0.0,-2.80764]},"Q6o":{"weight":0.0,"played":[1.0,0.0],"evs":[0.0,-2.17295]},"K6o":{"weight":0.0,"played":[0.9586,0.0414],"evs":[0.0,-1.20811]},"A6o":{"weight":0.0,"played":[0.9967,0.0033],"evs":[0.0,-2.07686]},"72s":{"weight":0.0,"played":[0.9011,0.0989],"evs":[0.0,-1.18988]},"73s":{"weight":0.0,"played":[0.8068,0.1932],"evs":[0.0,-1.12208]},"74s":{"weight":0.0,"played":[0.7497,0.2503],"evs":[0.0,-0.44898]},"75s":{"weight":0.0,"played":[0.9942,0.0058],"evs":[0.0,-2.23898]},"76s":{"weight":0.0,"played":[0.1859,0.8141],"evs":[0.0,1.61098]},"77":{"weight":0.1555,"played":[0.0146,0.9854],"evs":[0.0,4.04208]},"87o":{"weight":0.0,"played":[0.9963,0.0037],"evs":[0.0,-3.24516]},"97o":{"weight":0.0,"played":[0.9998,2.0E-4],"evs":[0.0,-1.46882]},"T7o":{"weight":0.0,"played":[0.9941,0.0059],"evs":[0.0,-4.28088]},"J7o":{"weight":0.0,"played":[0.9877,0.0123],"evs":[0.0,-3.06657]},"Q7o":{"weight":0.0,"played":[0.8122,0.1878],"evs":[0.0,-1.73602]},"K7o":{"weight":0.0,"played":[0.9989,0.0011],"evs":[0.0,-2.27389]},"A7o":{"weight":0.0049,"played":[0.9204,0.0796],"evs":[0.0,-1.12851]},"82s":{"weight":1.0E-4,"played":[0.9895,0.0105],"evs":[0.0,-8.5084]},"83s":{"weight":1.0E-4,"played":[0.8988,0.1012],"evs":[0.0,-4.51145]},"84s":{"weight":0.0,"played":[0.5576,0.4424],"evs":[0.0,-2.22487]},"85s":{"weight":0.0,"played":[0.3908,0.6092],"evs":[0.0,1.09923]},"86s":{"weight":1.0E-4,"played":[0.6846,0.3154],"evs":[0.0,-1.81019]},"87s":{"weight":3.0E-4,"played":[0.1214,0.8786],"evs":[0.0,0.83846]},"88":{"weight":0.0363,"played":[8.0E-4,0.9992],"evs":[0.0,0.181]},"98o":{"weight":0.0,"played":[0.9977,0.0023],"evs":[0.0,-2.53084]},"T8o":{"weight":0.0,"played":[0.8686,0.1314],"evs":[0.0,-2.63347]},"J8o":{"weight":0.0,"played":[0.3046,0.6954],"evs":[0.0,0.02609]},"Q8o":{"weight":0.0,"played":[0.8172,0.1828],"evs":[0.0,-1.96818]},"K8o":{"weight":1.0E-4,"played":[0.9299,0.0701],"evs":[0.0,-0.7585]},"A8o":{"weight":6.0E-4,"played":[0.6189,0.3811],"evs":[0.0,0.57914]},"92s":{"weight":0.0,"played":[0.9731,0.0269],"evs":[0.0,-4.34243]},"93s":{"weight":0.0,"played":[0.5092,0.4908],"evs":[0.0,1.43842]},"94s":{"weight":0.0,"played":[0.7352,0.2648],"evs":[0.0,1.67369]},"95s":{"weight":1.0E-4,"played":[0.3301,0.6699],"evs":[0.0,0.28165]},"96s":{"weight":0.0,"played":[0.1062,0.8938],"evs":[0.0,2.67931]},"97s":{"weight":0.0013,"played":[0.992,0.008],"evs":[0.0,-3.88675]},"98s":{"weight":0.0,"played":[0.9958,0.0042],"evs":[0.0,-2.62067]},"99":{"weight":0.0945,"played":[0.0044,0.9956],"evs":[0.0,6.63646]},"T9o":{"weight":0.0,"played":[0.6412,0.3588],"evs":[0.0,0.14275]},"J9o":{"weight":0.0,"played":[0.9925,0.0075],"evs":[0.0,-3.20728]},"Q9o":{"weight":0.0,"played":[0.9712,0.0288],"evs":[0.0,-0.97672]},"K9o":{"weight":0.0,"played":[0.9931,0.0069],"evs":[0.0,-1.31628]},"A9o":{"weight":0.245,"played":[0.0326,0.9674],"evs":[0.0,0.69476]},"T2s":{"weight":0.0,"played":[0.9755,0.0245],"evs":[0.0,-4.77216]},"T3s":{"weight":0.0,"played":[0.4636,0.5364],"evs":[0.0,-1.00675]},"T4s":{"weight":0.0,"played":[0.5091,0.4909],"evs":[0.0,1.41015]},"T5s":{"weight":0.0,"played":[0.8195,0.1805],"evs":[0.0,-0.32472]},"T6s":{"weight":6.0E-4,"played":[0.14,0.86],"evs":[0.0,2.00532]},"T7s":{"weight":1.0E-4,"played":[0.9412,0.0588],"evs":[0.0,-2.765]},"T8s":{"weight":0.0274,"played":[0.5128,0.4872],"evs":[0.0,1.57532]},"T9s":{"weight":1.0E-4,"played":[0.5661,0.4339],"evs":[0.0,-0.30549]},"TT":{"weight":0.002,"played":[9.0E-4,0.9991],"evs":[0.0,7.18025]},"JTo":{"weight":0.0,"played":[0.8838,0.1162],"evs":[0.0,-0.15359]},"QTo":{"weight":3.0E-4,"played":[0.441,0.559],"evs":[0.0,-0.08156]},"KTo":{"weight":1.0E-4,"played":[0.0024,0.9976],"evs":[0.0,0.93615]},"ATo":{"weight":0.5609,"played":[2.0E-4,0.9998],"evs":[0.0,2.27975]},"J2s":{"weight":3.0E-4,"played":[0.9969,0.0031],"evs":[0.0,-1.55385]},"J3s":{"weight":0.002,"played":[0.9375,0.0625],"evs":[0.0,-3.8306]},"J4s":{"weight":4.0E-4,"played":[0.9982,0.0018],"evs":[0.0,-3.56085]},"J5s":{"weight":0.0,"played":[0.8195,0.1805],"evs":[0.0,-1.73668]},"J6s":{"weight":0.0,"played":[0.5091,0.4909],"evs":[0.0,-0.9481]},"J7s":{"weight":0.0024,"played":[0.8147,0.1853],"evs":[0.0,-2.28628]},"J8s":{"weight":0.012,"played":[0.8002,0.1998],"evs":[0.0,-1.90311]},"J9s":{"weight":7.0E-4,"played":[0.9558,0.0442],"evs":[0.0,-4.19449]},"JTs":{"weight":0.0033,"played":[0.2518,0.7482],"evs":[0.0,3.03173]},"JJ":{"weight":0.0,"played":[6.0E-4,0.9994],"evs":[0.0,11.89704]},"QJo":{"weight":0.0,"played":[0.9385,0.0615],"evs":[0.0,-1.72998]},"KJo":{"weight":0.0102,"played":[0.3729,0.6271],"evs":[0.0,1.10465]},"AJo":{"weight":0.6651,"played":[0.0024,0.9976],"evs":[0.0,3.38317]},"Q2s":{"weight":0.0,"played":[0.9062,0.0938],"evs":[0.0,-4.64924]},"Q3s":{"weight":0.0,"played":[0.9198,0.0802],"evs":[0.0,-3.23155]},"Q4s":{"weight":6.0E-4,"played":[0.5799,0.4201],"evs":[0.0,-1.19126]},"Q5s":{"weight":4.0E-4,"played":[0.5104,0.4896],"evs":[0.0,-0.47283]},"Q6s":{"weight":0.0,"played":[0.8605,0.1395],"evs":[0.0,-2.36588]},"Q7s":{"weight":1.0E-4,"played":[0.973,0.027],"evs":[0.0,-2.0992]},"Q8s":{"weight":0.011,"played":[0.2608,0.7392],"evs":[0.0,1.29228]},"Q9s":{"weight":6.0E-4,"played":[0.0471,0.9529],"evs":[0.0,0.80034]},"QTs":{"weight":0.2593,"played":[0.2881,0.7119],"evs":[0.0,1.1877]},"QJs":{"weight":0.7148,"played":[5.0E-4,0.9995],"evs":[0.0,2.03935]},"QQ":{"weight":0.0,"played":[0.0025,0.9975],"evs":[0.0,16.91256]},"KQo":{"weight":0.8339,"played":[0.1171,0.8829],"evs":[0.0,1.32889]},"AQo":{"weight":0.0037,"played":[4.0E-4,0.9996],"evs":[0.0,4.94752]},"K2s":{"weight":0.0054,"played":[0.4498,0.5502],"evs":[0.0,0.87934]},"K3s":{"weight":0.001,"played":[0.9994,6.0E-4],"evs":[0.0,-3.49534]},"K4s":{"weight":0.0,"played":[0.8829,0.1171],"evs":[0.0,-4.43178]},"K5s":{"weight":1.0E-4,"played":[0.98,0.02],"evs":[0.0,-2.38773]},"K6s":{"weight":7.0E-4,"played":[0.0232,0.9768],"evs":[0.0,2.2796]},"K7s":{"weight":0.0022,"played":[0.805,0.195],"evs":[0.0,-0.06256]},"K8s":{"weight":4.0E-4,"played":[0.1385,0.8615],"evs":[0.0,2.61103]},"K9s":{"weight":0.0021,"played":[0.4218,0.5782],"evs":[0.0,-0.52486]},"KTs":{"weight":0.7827,"played":[0.2783,0.7217],"evs":[0.0,3.52956]},"KJs":{"weight":0.6341,"played":[0.4681,0.5319],"evs":[0.0,0.05037]},"KQs":{"weight":0.9602,"played":[0.01,0.99],"evs":[0.0,3.73665]},"KK":{"weight":0.0,"played":[0.0091,0.9909],"evs":[0.0,15.57246]},"AKo":{"weight":7.0E-4,"played":[0.0,1.0],"evs":[0.0,3.03455]},"A2s":{"weight":0.7032,"played":[0.5706,0.4294],"evs":[0.0,-1.62128]},"A3s":{"weight":0.9187,"played":[0.3561,0.6439],"evs":[0.0,-1.04367]},"A4s":{"weight":0.5557,"played":[0.9848,0.0152],"evs":[0.0,-0.93551]},"A5s":{"weight":0.9784,"played":[0.7867,0.2133],"evs":[0.0,-0.06259]},"A6s":{"weight":0.6994,"played":[0.6719,0.3281],"evs":[0.0,-0.13983]},"A7s":{"weight":0.8501,"played":[0.6819,0.3181],"evs":[0.0,0.48081]},"A8s":{"weight":0.1567,"played":[0.0781,0.9219],"evs":[0.0,3.55406]},"A9s":{"weight":0.9314,"played":[0.7393,0.2607],"evs":[0.0,-3.21419]},"ATs":{"weight":0.5391,"played":[0.1833,0.8167],"evs":[0.0,2.29983]},"AJs":{"weight":0.5291,"played":[0.0066,0.9934],"evs":[0.0,5.9157]},"AQs":{"weight":0.3002,"played":[0.002,0.998],"evs":[0.0,1.33086]},"AKs":{"weight":0.1238,"played":[0.0163,0.9837],"evs":[0.0,5.19003]},"AA":{"weight":0.0,"played":[0.0,1.0],"evs":[0.0,20.88596]}}}