{"player":2,"street":0,"children":2,"sequence":[{"player":0,"type":"R","amount":200000,"street":0},{"player":1,"type":"C","amount":200000,"street":0},{"player":2,"type":"C","amount":150000,"street":0},{"player":3,"type":"R","amount":955000,"street":0},{"player":0,"type":"C","amount":755000,"street":0},{"player":1,"type":"R","amount":1505000,"street":0}],"actions":[{"type":"F","amount":0,"node":52},{"type":"C","amount":1195000,"node":53}],"hands":{"22":{"weight":4.0E-4,"played":[0.6875,0.3125],"evs":[0.0,-1.23333]},"32o":{"weight":0.0,"played":[0.9504,0.0496],"evs":[0.0,-4.72504]},"42o":{"weight":0.0,"played":[0.9844,0.0156],"evs":[0.0,-4.20758]},"52o":{"weight":0.0,"played":[0.99,0.01],"evs":[0.0,-3.47432]},"62o":{"weight":0.0,"played":[0.9972,0.0028],"evs":[0.0,-4.54078]},"72o":{"weight":0.0,"played":[0.9986,0.0014],"evs":[0.0,-4.98417]},"82o":{"weight":0.0,"played":[0.998,0.002],"evs":[0.0,-5.27299]},"92o":{"weight":0.0,"played":[1.0,0.0],"evs":[0.0,-4.90273]},"T2o":{"weight":0.0,"played":[1.0,0.0],"evs":[0.0,-7.8213]},"J2o":{"weight":0.0,"played":[0.9997,3.0E-4],"evs":[0.0,-4.18374]},"Q2o":{"weight":0.0,"played":[0.997,0.003],"evs":[0.0,-5.69078]},"K2o":{"weight":0.0,"played":[0.9958,0.0042],"evs":[0.0,-4.94374]},"A2o":{"weight":0.0,"played":[0.9989,0.0011],"evs":[0.0,-3.11961]},"32s":{"weight":1.0E-4,"played":[0.9569,0.0431],"evs":[0.0,-3.67659]},"33":{"weight":1.0E-4,"played":[0.8149,0.1851],"evs":[0.0,-4.18664]},"43o":{"weight":0.0,"played":[0.9576,0.0424],"evs":[0.0,-3.81524]},"53o":{"weight":0.0,"played":[0.9867,0.0133],"evs":[0.0,-3.85452]},"63o":{"weight":0.0,"played":[0.9992,8.0E-4],"evs":[0.0,-3.47073]},"73o":{"weight":0.0,"played":[0.9995,5.0E-4],"evs":[0.0,-5.60891]},"83o":{"weight":0.0,"played":[0.9985,0.0015],"evs":[0.0,-6.80658]},"93o":{"weight":0.0,"played":[0.9987,0.0013],"evs":[0.0,-6.41444]},"T3o":{"weight":0.0,"played":[0.9998,2.0E-4],"evs":[0.0,-6.24827]},"J3o":{"weight":0.0,"played":[0.9999,1.0E-4],"evs":[0.0,-6.58841]},"Q3o":{"weight":0.0,"played":[0.9984,0.0016],"evs":[0.0,-5.87164]},"K3o":{"weight":0.0,"played":[0.9995,5.0E-4],"evs":[0.0,-3.70948]},"A3o":{"weight":2.0E-4,"played":[0.9647,0.0353],"evs":[0.0,-1.0382]},"42s":{"weight":0.0,"played":[0.7355,0.2645],"evs":[0.0,0.55346]},"43s":{"weight":0.0,"played":[0.7076,0.2924],"evs":[0.0,-3.92787]},"44":{"weight":0.2299,"played":[0.2637,0.7363],"evs":[0.0,-0.66421]},"54o":{"weight":0.0,"played":[0.9995,5.0E-4],"evs":[0.0,-1.80358]},"64o":{"weight":0.0,"played":[1.0,0.0],"evs":[0.0,-6.56379]},"74o":{"weight":0.0,"played":[0.9919,0.0081],"evs":[0.0,-4.56457]},"84o":{"weight":0.0,"played":[1.0,0.0],"evs":[0.0,-4.75153]},"94o":{"weight":0.0,"played":[0.9992,8.0E-4],"evs":[0.0,-4.50498]},"T4o":{"weight":0.0,"played":[1.0,0.0],"evs":[0.0,-5.2114]},"J4o":{"weight":0.0,"played":[0.9961,0.0039],"evs":[0.0,-5.14923]},"Q4o":{"weight":0.0,"played":[0.9949,0.0051],"evs":[0.0,-4.36561]},"K4o":{"weight":0.0,"played":[0.9991,9.0E-4],"evs":[0.0,-3.53954]},"A4o":{"weight":0.0086,"played":[0.9864,0.0136],"evs":[0.0,-1.29331]},"52s":{"weight":1.0E-4,"played":[0.9294,0.0706],"evs":[0.0,-5.89306]},"53s":{"weight":5.0E-4,"played":[0.2346,0.7654],"evs":[0.0,2.43658]},"54s":{"weight":1.0E-4,"played":[0.7841,0.2159],"evs":[0.0,-2.06294]},"55":{"weight":0.5055,"played":[0.9215,0.0785],"evs":[0.0,-0.55427]},"65o":{"weight":0.0,"played":[0.8627,0.1373],"evs":[0.0,-2.39136]},"75o":{"weight":0.0,"played":[0.994,0.006],"evs":[0.0,-2.72394]},"85o":{"weight":0.0,"played":[0.9822,0.0178],"evs":[0.0,-5.92766]},"95o":{"weight":0.0,"played":[0.9996,4.0E-4],"evs":[0.0,-5.9987]},"T5o":{"weight":0.0,"played":[0.9998,2.0E-4],"evs":[0.0,-7.1841]},"J5o":{"weight":0.0,"played":[1.0,0.0],"evs":[0.0,-5.47433]},"Q5o":{"weight":0.0,"played":[0.9979,0.0021],"evs":[0.0,-5.43283]},"K5o":{"weight":0.0,"played":[0.9968,0.0032],"evs":[0.0,-2.50126]},"A5o":{"weight":2.0E-4,"played":[0.9998,2.0E-4],"evs":[0.0,-3.37388]},"62s":{"weight":0.0,"played":[0.9298,0.0702],"evs":[0.0,-3.95132]},"63s":{"weight":0.0074,"played":[0.8819,0.1181],"evs":[0.0,-3.50102]},"64s":{"weight":0.0,"played":[0.3567,0.6433],"evs":[0.0,0.44933]},"65s":{"weight":0.1354,"played":[0.0548,0.9452],"evs":[0.0,2.41422]},"66":{"weight":0.9112,"played":[0.043,0.957],"evs":[0.0,2.02053]},"76o":{"weight":0.0,"played":[0.9977,0.0023],"evs":[0.0,-0.86529]},"86o":{"weight":0.0,"played":[0.9981,0.0019],"evs":[0.0,-4.63651]},"96o":{"weight":0.0,"played":[0.9985,0.0015],"evs":[0.0,-4.91454]},"T6o":{"weight":0.0,"played":[0.998,0.002],"evs":[0.0,-5.53049]},"J6o":{"weight":0.0,"played":[0.9973,0.0027],"evs":[0.0,-4.82551]},"Q6o":{"weight":0.0,"played":[0.9988,0.0012],"evs":[0.0,-4.73711]},"K6o":{"weight":0.0,"played":[0.9968,0.0032],"evs":[0.0,-4.30664]},"A6o":{"weight":0.0,"played":[0.1589,0.8411],"evs":[0.0,0.4488]},"72s":{"weight":0.0,"played":[0.9786,0.0214],"evs":[0.0,-2.59607]},"73s":{"weight":0.0,"played":[0.9128,0.0872],"evs":[0.0,-3.59469]},"74s":{"weight":0.0,"played":[0.7814,0.2186],"evs":[0.0,-3.38753]},"75s":{"weight":0.0,"played":[0.4576,0.5424],"evs":[0.0,-2.35903]},"76s":{"weight":0.0,"played":[0.0242,0.9758],"evs":[0.0,2.65049]},"77":{"weight":0.1555,"played":[0.6752,0.3248],"evs":[0.0,-0.98787]},"87o":{"weight":0.0,"played":[0.999,0.001],"evs":[0.0,-4.8095]},"97o":{"weight":0.0,"played":[0.9997,3.0E-4],"evs":[0.0,-4.21887]},"T7o":{"weight":0.0,"played":[0.9366,0.0634],"evs":[0.0,-5.67941]},"J7o":{"weight":0.0,"played":[1.0,0.0],"evs":[0.0,-3.29913]},"Q7o":{"weight":0.0,"played":[0.9947,0.0053],"evs":[0.0,-4.26302]},"K7o":{"weight":0.0,"played":[0.9847,0.0153],"evs":[0.0,-3.73563]},"A7o":{"weight":0.0049,"played":[0.9408,0.0592],"evs":[0.0,-0.50472]},"82s":{"weight":1.0E-4,"played":[0.8869,0.1131],"evs":[0.0,-3.71742]},"83s":{"weight":1.0E-4,"played":[0.892,0.108],"evs":[0.0,-4.37441]},"84s":{"weight":0.0,"played":[1.0,0.0],"evs":[0.0,-7.10923]},"85s":{"weight":0.0,"played":[0.8692,0.1308],"evs":[0.0,-0.73668]},"86s":{"weight":1.0E-4,"played":[0.7597,0.2403],"evs":[0.0,-1.84626]},"87s":{"weight":3.0E-4,"played":[0.6819,0.3181],"evs":[0.0,0.14409]},"88":{"weight":0.0363,"played":[0.7079,0.2921],"evs":[0.0,-2.61647]},"98o":{"weight":0.0,"played":[0.9282,0.0718],"evs":[0.0,-2.6968]},"T8o":{"weight":0.0,"played":[0.9998,2.0E-4],"evs":[0.0,-1.67054]},"J8o":{"weight":0.0,"played":[0.99,0.01],"evs":[0.0,-2.85307]},"Q8o":{"weight":0.0,"played":[0.9165,0.0835],"evs":[0.0,-2.1472]},"K8o":{"weight":1.0E-4,"played":[0.9983,0.0017],"evs":[0.0,-4.74195]},"A8o":{"weight":6.0E-4,"played":[0.9901,0.0099],"evs":[0.0,-2.08894]},"92s":{"weight":0.0,"played":[0.9133,0.0867],"evs":[0.0,-3.98267]},"93s":{"weight":0.0,"played":[0.9841,0.0159],"evs":[0.0,-6.70727]},"94s":{"weight":0.0,"played":[1.0,0.0],"evs":[0.0,-9.14907]},"95s":{"weight":1.0E-4,"played":[0.9833,0.0167],"evs":[0.0,-3.46149]},"96s":{"weight":0.0,"played":[0.319,0.681],"evs":[0.0,-0.92438]},"97s":{"weight":0.0013,"played":[0.8031,0.1969],"evs":[0.0,-1.29186]},"98s":{"weight":0.0,"played":[0.6855,0.3145],"evs":[0.0,-0.60149]},"99":{"weight":0.0945,"played":[0.0,1.0],"evs":[0.0,2.9099]},"T9o":{"weight":0.0,"played":[0.1681,0.8319],"evs":[0.0,0.14148]},"J9o":{"weight":0.0,"played":[0.9979,0.0021],"evs":[0.0,-3.79356]},"Q9o":{"weight":0.0,"played":[0.9991,9.0E-4],"evs":[0.0,-5.30635]},"K9o":{"weight":0.0,"played":[0.9825,0.0175],"evs":[0.0,-3.70645]},"A9o":{"weight":0.245,"played":[0.307,0.693],"evs":[0.0,-0.41103]},"T2s":{"weight":0.0,"played":[0.7013,0.2987],"evs":[0.0,-4.5617]},"T3s":{"weight":0.0,"played":[0.8702,0.1298],"evs":[0.0,-1.86706]},"T4s":{"weight":0.0,"played":[0.9775,0.0225],"evs":[0.0,-5.22784]},"T5s":{"weight":0.0,"played":[0.9614,0.0386],"evs":[0.0,-2.63265]},"T6s":{"weight":6.0E-4,"played":[0.9251,0.0749],"evs":[0.0,-3.32909]},"T7s":{"weight":1.0E-4,"played":[1.0,0.0],"evs":[0.0,-2.99259]},"T8s":{"weight":0.0274,"played":[0.2023,0.7977],"evs":[0.0,-1.95841]},"T9s":{"weight":1.0E-4,"played":[0.7172,0.2828],"evs":[0.0,-1.24019]},"TT":{"weight":0.002,"played":[0.0112,0.9888],"evs":[0.0,5.54437]},"JTo":{"weight":0.0,"played":[0.8422,0.1578],"evs":[0.0,-3.68108]},"QTo":{"weight":3.0E-4,"played":[0.6937,0.3063],"evs":[0.0,-0.96615]},"KTo":{"weight":1.0E-4,"played":[0.9857,0.0143],"evs":[0.0,-1.66504]},"ATo":{"weight":0.5609,"played":[0.0258,0.9742],"evs":[0.0,-0.12664]},"J2s":{"weight":3.0E-4,"played":[0.9992,8.0E-4],"evs":[0.0,-5.14122]},"J3s":{"weight":0.002,"played":[0.5916,0.4084],"evs":[0.0,-3.91197]},"J4s":{"weight":4.0E-4,"played":[0.9943,0.0057],"evs":[0.0,-5.63735]},"J5s":{"weight":0.0,"played":[0.4405,0.5595],"evs":[0.0,0.29403]},"J6s":{"weight":0.0,"played":[0.4017,0.5983],"evs":[0.0,0.00141]},"J7s":{"weight":0.0024,"played":[0.8669,0.1331],"evs":[0.0,-4.12577]},"J8s":{"weight":0.012,"played":[0.7184,0.2816],"evs":[0.0,-3.61174]},"J9s":{"weight":7.0E-4,"played":[0.9946,0.0054],"evs":[0.0,-3.21888]},"JTs":{"weight":0.0033,"played":[0.0779,0.9221],"evs":[0.0,-0.2989]},"JJ":{"weight":0.0,"played":[0.0036,0.9964],"evs":[0.0,3.16614]},"QJo":{"weight":0.0,"played":[0.7829,0.2171],"evs":[0.0,-2.73329]},"KJo":{"weight":0.0102,"played":[0.547,0.453],"evs":[0.0,-2.7073]},"AJo":{"weight":0.6651,"played":[8.0E-4,0.9992],"evs":[0.0,2.06988]},"Q2s":{"weight":0.0,"played":[0.966,0.034],"evs":[0.0,-1.60677]},"Q3s":{"weight":0.0,"played":[0.9076,0.0924],"evs":[0.0,-3.78116]},"Q4s":{"weight":6.0E-4,"played":[0.9996,4.0E-4],"evs":[0.0,-5.93817]},"Q5s":{"weight":4.0E-4,"played":[0.9965,0.0035],"evs":[0.0,-6.35844]},"Q6s":{"weight":0.0,"played":[0.9816,0.0184],"evs":[0.0,-4.62258]},"Q7s":{"weight":1.0E-4,"played":[0.6478,0.3522],"evs":[0.0,-2.21554]},"Q8s":{"weight":0.011,"played":[0.9005,0.0995],"evs":[0.0,-2.91229]},"Q9s":{"weight":6.0E-4,"played":[0.4777,0.5223],"evs":[0.0,-0.90754]},"QTs":{"weight":0.2593,"played":[0.9999,1.0E-4],"evs":[0.0,-1.55724]},"QJs":{"weight":0.7148,"played":[0.8405,0.1595],"evs":[0.0,-0.34063]},"QQ":{"weight":0.0,"played":[1.0E-4,0.9999],"evs":[0.0,7.8888]},"KQo":{"weight":0.8339,"played":[0.8558,0.1442],"evs":[0.0,-3.24179]},"AQo":{"weight":0.0037,"played":[0.0023,0.9977],"evs":[0.0,3.89978]},"K2s":{"weight":0.0054,"played":[0.9616,0.0384],"evs":[0.0,-5.28333]},"K3s":{"weight":0.001,"played":[0.8686,0.1314],"evs":[0.0,-3.14001]},"K4s":{"weight":0.0,"played":[0.387,0.613],"evs":[0.0,-1.91734]},"K5s":{"weight":1.0E-4,"played":[0.9582,0.0418],"evs":[0.0,-3.05805]},"K6s":{"weight":7.0E-4,"played":[0.548,0.452],"evs":[0.0,-0.6523]},"K7s":{"weight":0.0022,"played":[0.0535,0.9465],"evs":[0.0,2.84558]},"K8s":{"weight":4.0E-4,"played":[0.7865,0.2135],"evs":[0.0,-1.94084]},"K9s":{"weight":0.0021,"played":[0.9329,0.0671],"evs":[0.0,-1.88944]},"KTs":{"weight":0.7827,"played":[0.4778,0.5222],"evs":[0.0,-1.55477]},"KJs":{"weight":0.6341,"played":[0.0041,0.9959],"evs":[0.0,2.29782]},"KQs":{"weight":0.9602,"played":[0.0182,0.9818],"evs":[0.0,1.86242]},"KK":{"weight":0.0,"played":[0.0,1.0],"evs":[0.0,20.2141]},"AKo":{"weight":7.0E-4,"played":[0.0017,0.9983],"evs":[0.0,3.43079]},"A2s":{"weight":0.7032,"played":[0.0906,0.9094],"evs":[0.0,-0.35644]},"A3s":{"weight":0.9187,"played":[0.1048,0.8952],"evs":[0.0,0.73222]},"A4s":{"weight":0.5557,"played":[0.4664,0.5336],"evs":[0.0,2.34425]},"A5s":{"weight":0.9784,"played":[0.123,0.877],"evs":[0.0,-0.28068]},"A6s":{"weight":0.6994,"played":[0.2198,0.7802],"evs":[0.0,-0.68716]},"A7s":{"weight":0.8501,"played":[0.2838,0.7162],"evs":[0.0,0.10404]},"A8s":{"weight":0.1567,"played":[0.5067,0.4933],"evs":[0.0,-2.72159]},"A9s":{"weight":0.9314,"played":[0.0229,0.9771],"evs":[0.0,1.92082]},"ATs":{"weight":0.5391,"played":[0.1911,0.8089],"evs":[0.0,-0.87592]},"AJs":{"weight":0.5291,"played":[0.0017,0.9983],"evs":[0.0,4.29499]},"AQs":{"weight":0.3002,"played":[0.0015,0.9985],"evs":[0.0,10.46117]},"AKs":{"weight":0.1238,"played":[0.1458,0.8542],"evs":[0.0,6.85683]},"AA":{"weight":0.0,"played":[0.0,1.0],"evs":[0.0,22.60507]}}}