{"player":2,"street":0,"children":2,"sequence":[{"player":0,"type":"R","amount":200000,"street":0},{"player":1,"type":"C","amount":200000,"street":0},{"player":2,"type":"C","amount":150000,"street":0},{"player":3,"type":"R","amount":955000,"street":0},{"player":0,"type":"R","amount":1505000,"street":0},{"player":1,"type":"C","amount":1305000,"street":0}],"actions":[{"type":"F","amount":0},{"type":"C","amount":1195000}],"hands":{"22":{"weight":4.0E-4,"played":[0.9931,0.0069],"evs":[0.0,-1.77638]},"32o":{"weight":0.0,"played":[1.0,0.0],"evs":[0.0,-4.65536]},"42o":{"weight":0.0,"played":[0.9999,1.0E-4],"evs":[0.0,-5.73299]},"52o":{"weight":0.0,"played":[0.9937,0.0063],"evs":[0.0,-4.43992]},"62o":{"weight":0.0,"played":[0.9999,1.0E-4],"evs":[0.0,-5.31114]},"72o":{"weight":0.0,"played":[0.9943,0.0057],"evs":[0.0,-6.95434]},"82o":{"weight":0.0,"played":[0.9984,0.0016],"evs":[0.0,-6.26484]},"92o":{"weight":0.0,"played":[0.9993,7.0E-4],"evs":[0.0,-7.17368]},"T2o":{"weight":0.0,"played":[0.9989,0.0011],"evs":[0.0,-6.09767]},"J2o":{"weight":0.0,"played":[1.0,0.0],"evs":[0.0,-6.81187]},"Q2o":{"weight":0.0,"played":[0.9964,0.0036],"evs":[0.0,-5.80312]},"K2o":{"weight":0.0,"played":[0.9918,0.0082],"evs":[0.0,-5.16182]},"A2o":{"weight":0.0,"played":[0.9887,0.0113],"evs":[0.0,-2.52245]},"32s":{"weight":1.0E-4,"played":[0.9863,0.0137],"evs":[0.0,-5.71496]},"33":{"weight":1.0E-4,"played":[0.6026,0.3974],"evs":[0.0,-0.87093]},"43o":{"weight":0.0,"played":[0.9996,4.0E-4],"evs":[0.0,-3.26793]},"53o":{"weight":0.0,"played":[0.934,0.066],"evs":[0.0,-3.27481]},"63o":{"weight":0.0,"played":[0.9991,9.0E-4],"evs":[0.0,-3.29615]},"73o":{"weight":0.0,"played":[0.9854,0.0146],"evs":[0.0,-5.77387]},"83o":{"weight":0.0,"played":[0.9993,7.0E-4],"evs":[0.0,-5.33974]},"93o":{"weight":0.0,"played":[0.9997,3.0E-4],"evs":[0.0,-5.03747]},"T3o":{"weight":0.0,"played":[0.9998,2.0E-4],"evs":[0.0,-4.70591]},"J3o":{"weight":0.0,"played":[0.9992,8.0E-4],"evs":[0.0,-5.73318]},"Q3o":{"weight":0.0,"played":[0.972,0.028],"evs":[0.0,-4.41744]},"K3o":{"weight":0.0,"played":[0.9998,2.0E-4],"evs":[0.0,-4.52827]},"A3o":{"weight":2.0E-4,"played":[0.9628,0.0372],"evs":[0.0,-4.2824]},"42s":{"weight":0.0,"played":[0.9514,0.0486],"evs":[0.0,-4.72056]},"43s":{"weight":0.0,"played":[0.8689,0.1311],"evs":[0.0,-4.18597]},"44":{"weight":0.2299,"played":[0.2379,0.7621],"evs":[0.0,1.12748]},"54o":{"weight":0.0,"played":[0.9996,4.0E-4],"evs":[0.0,-3.70171]},"64o":{"weight":0.0,"played":[0.9983,0.0017],"evs":[0.0,-2.76566]},"74o":{"weight":0.0,"played":[0.9992,8.0E-4],"evs":[0.0,-3.87708]},"84o":{"weight":0.0,"played":[0.9999,1.0E-4],"evs":[0.0,-4.36811]},"94o":{"weight":0.0,"played":[1.0,0.0],"evs":[0.0,-6.66148]},"T4o":{"weight":0.0,"played":[0.9998,2.0E-4],"evs":[0.0,-5.74584]},"J4o":{"weight":0.0,"played":[0.9941,0.0059],"evs":[0.0,-5.1409]},"Q4o":{"weight":0.0,"played":[0.9965,0.0035],"evs":[0.0,-3.21604]},"K4o":{"weight":0.0,"played":[0.9989,0.0011],"evs":[0.0,-4.41598]},"A4o":{"weight":0.0086,"played":[0.9964,0.0036],"evs":[0.0,-3.36287]},"52s":{"weight":1.0E-4,"played":[0.9978,0.0022],"evs":[0.0,-3.04824]},"53s":{"weight":5.0E-4,"played":[0.5508,0.4492],"evs":[0.0,0.09067]},"54s":{"weight":1.0E-4,"played":[0.3459,0.6541],"evs":[0.0,-1.68166]},"55":{"weight":0.5055,"played":[0.7837,0.2163],"evs":[0.0,-0.31777]},"65o":{"weight":0.0,"played":[0.947,0.053],"evs":[0.0,-1.32044]},"75o":{"weight":0.0,"played":[0.9694,0.0306],"evs":[0.0,-1.45231]},"85o":{"weight":0.0,"played":[0.9998,2.0E-4],"evs":[0.0,-5.42254]},"95o":{"weight":0.0,"played":[0.924,0.076],"evs":[0.0,-4.68199]},"T5o":{"weight":0.0,"played":[0.9991,9.0E-4],"evs":[0.0,-5.41672]},"J5o":{"weight":0.0,"played":[0.9947,0.0053],"evs":[0.0,-6.74059]},"Q5o":{"weight":0.0,"played":[0.9999,1.0E-4],"evs":[0.0,-5.03899]},"K5o":{"weight":0.0,"played":[0.9983,0.0017],"evs":[0.0,-3.56355]},"A5o":{"weight":2.0E-4,"played":[0.8568,0.1432],"evs":[0.0,-1.31071]},"62s":{"weight":0.0,"played":[0.9977,0.0023],"evs":[0.0,-4.32433]},"63s":{"weight":0.0074,"played":[0.5041,0.4959],"evs":[0.0,-0.3733]},"64s":{"weight":0.0,"played":[0.6607,0.3393],"evs":[0.0,-2.10136]},"65s":{"weight":0.1354,"played":[0.9687,0.0313],"evs":[0.0,0.61385]},"66":{"weight":0.9112,"played":[0.202,0.798],"evs":[0.0,1.68725]},"76o":{"weight":0.0,"played":[0.9375,0.0625],"evs":[0.0,-2.97547]},"86o":{"weight":0.0,"played":[0.995,0.005],"evs":[0.0,-1.13178]},"96o":{"weight":0.0,"played":[0.9883,0.0117],"evs":[0.0,-4.58541]},"T6o":{"weight":0.0,"played":[0.9943,0.0057],"evs":[0.0,-4.86469]},"J6o":{"weight":0.0,"played":[0.9536,0.0464],"evs":[0.0,-3.18148]},"Q6o":{"weight":0.0,"played":[0.9995,5.0E-4],"evs":[0.0,-5.14391]},"K6o":{"weight":0.0,"played":[0.989,0.011],"evs":[0.0,-3.25095]},"A6o":{"weight":0.0,"played":[0.7987,0.2013],"evs":[0.0,-2.65791]},"72s":{"weight":0.0,"played":[0.979,0.021],"evs":[0.0,-6.4602]},"73s":{"weight":0.0,"played":[0.6108,0.3892],"evs":[0.0,-2.13348]},"74s":{"weight":0.0,"played":[0.9865,0.0135],"evs":[0.0,-5.13067]},"75s":{"weight":0.0,"played":[0.641,0.359],"evs":[0.0,-1.3666]},"76s":{"weight":0.0,"played":[0.999,0.001],"evs":[0.0,-3.35068]},"77":{"weight":0.1555,"played":[0.434,0.566],"evs":[0.0,0.41004]},"87o":{"weight":0.0,"played":[0.9346,0.0654],"evs":[0.0,-3.2265]},"97o":{"weight":0.0,"played":[0.9944,0.0056],"evs":[0.0,-3.46194]},"T7o":{"weight":0.0,"played":[1.0,0.0],"evs":[0.0,-3.02781]},"J7o":{"weight":0.0,"played":[0.9995,5.0E-4],"evs":[0.0,-3.96452]},"Q7o":{"weight":0.0,"played":[1.0,0.0],"evs":[0.0,-3.85555]},"K7o":{"weight":0.0,"played":[0.9994,6.0E-4],"evs":[0.0,-5.7717]},"A7o":{"weight":0.0049,"played":[0.7983,0.2017],"evs":[0.0,-2.76452]},"82s":{"weight":1.0E-4,"played":[0.9168,0.0832],"evs":[0.0,-3.46941]},"83s":{"weight":1.0E-4,"played":[0.9939,0.0061],"evs":[0.0,-3.74204]},"84s":{"weight":0.0,"played":[0.9562,0.0438],"evs":[0.0,-3.69518]},"85s":{"weight":0.0,"played":[0.9794,0.0206],"evs":[0.0,-4.49273]},"86s":{"weight":1.0E-4,"played":[0.5807,0.4193],"evs":[0.0,-1.74786]},"87s":{"weight":3.0E-4,"played":[0.5908,0.4092],"evs":[0.0,1.8686]},"88":{"weight":0.0363,"played":[0.1662,0.8338],"evs":[0.0,2.69518]},"98o":{"weight":0.0,"played":[0.9877,0.0123],"evs":[0.0,-2.59387]},"T8o":{"weight":0.0,"played":[0.9988,0.0012],"evs":[0.0,-0.5864]},"J8o":{"weight":0.0,"played":[0.9998,2.0E-4],"evs":[0.0,-4.30639]},"Q8o":{"weight":0.0,"played":[0.9944,0.0056],"evs":[0.0,-2.58993]},"K8o":{"weight":1.0E-4,"played":[0.9993,7.0E-4],"evs":[0.0,-5.9333]},"A8o":{"weight":6.0E-4,"played":[0.9946,0.0054],"evs":[0.0,-2.39299]},"92s":{"weight":0.0,"played":[1.0,0.0],"evs":[0.0,-5.09929]},"93s":{"weight":0.0,"played":[0.8745,0.1255],"evs":[0.0,-2.35106]},"94s":{"weight":0.0,"played":[0.9951,0.0049],"evs":[0.0,-3.26471]},"95s":{"weight":1.0E-4,"played":[0.9804,0.0196],"evs":[0.0,-1.40065]},"96s":{"weight":0.0,"played":[0.9989,0.0011],"evs":[0.0,-4.03732]},"97s":{"weight":0.0013,"played":[0.9073,0.0927],"evs":[0.0,-1.91312]},"98s":{"weight":0.0,"played":[0.9205,0.0795],"evs":[0.0,-3.67921]},"99":{"weight":0.0945,"played":[0.0098,0.9902],"evs":[0.0,4.46544]},"T9o":{"weight":0.0,"played":[0.997,0.003],"evs":[0.0,-2.75866]},"J9o":{"weight":0.0,"played":[0.913,0.087],"evs":[0.0,-2.70069]},"Q9o":{"weight":0.0,"played":[0.903,0.097],"evs":[0.0,-4.75079]},"K9o":{"weight":0.0,"played":[0.8723,0.1277],"evs":[0.0,-4.00299]},"A9o":{"weight":0.245,"played":[0.9896,0.0104],"evs":[0.0,-4.38882]},"T2s":{"weight":0.0,"played":[0.9895,0.0105],"evs":[0.0,-1.96554]},"T3s":{"weight":0.0,"played":[0.5324,0.4676],"evs":[0.0,-1.1436]},"T4s":{"weight":0.0,"played":[0.8264,0.1736],"evs":[0.0,-5.02577]},"T5s":{"weight":0.0,"played":[0.959,0.041],"evs":[0.0,-5.87735]},"T6s":{"weight":6.0E-4,"played":[0.8937,0.1063],"evs":[0.0,-0.69803]},"T7s":{"weight":1.0E-4,"played":[0.9833,0.0167],"evs":[0.0,-4.73887]},"T8s":{"weight":0.0274,"played":[0.2975,0.7025],"evs":[0.0,0.06349]},"T9s":{"weight":1.0E-4,"played":[0.0617,0.9383],"evs":[0.0,1.85831]},"TT":{"weight":0.002,"played":[0.0168,0.9832],"evs":[0.0,2.58938]},"JTo":{"weight":0.0,"played":[0.9833,0.0167],"evs":[0.0,-2.70638]},"QTo":{"weight":3.0E-4,"played":[0.9007,0.0993],"evs":[0.0,-1.4471]},"KTo":{"weight":1.0E-4,"played":[0.9483,0.0517],"evs":[0.0,-2.59072]},"ATo":{"weight":0.5609,"played":[0.665,0.335],"evs":[0.0,0.00901]},"J2s":{"weight":3.0E-4,"played":[0.9631,0.0369],"evs":[0.0,-3.22245]},"J3s":{"weight":0.002,"played":[0.9408,0.0592],"evs":[0.0,-3.88265]},"J4s":{"weight":4.0E-4,"played":[0.826,0.174],"evs":[0.0,-2.4454]},"J5s":{"weight":0.0,"played":[0.3067,0.6933],"evs":[0.0,-0.71649]},"J6s":{"weight":0.0,"played":[0.8449,0.1551],"evs":[0.0,-3.43702]},"J7s":{"weight":0.0024,"played":[0.9796,0.0204],"evs":[0.0,-2.8965]},"J8s":{"weight":0.012,"played":[0.3365,0.6635],"evs":[0.0,-1.22173]},"J9s":{"weight":7.0E-4,"played":[0.8609,0.1391],"evs":[0.0,-1.04399]},"JTs":{"weight":0.0033,"played":[0.5658,0.4342],"evs":[0.0,-1.00863]},"JJ":{"weight":0.0,"played":[0.0,1.0],"evs":[0.0,6.92502]},"QJo":{"weight":0.0,"played":[0.9743,0.0257],"evs":[0.0,-0.12241]},"KJo":{"weight":0.0102,"played":[0.6326,0.3674],"evs":[0.0,-0.20592]},"AJo":{"weight":0.6651,"played":[0.0596,0.9404],"evs":[0.0,1.14716]},"Q2s":{"weight":0.0,"played":[0.9983,0.0017],"evs":[0.0,-2.2306]},"Q3s":{"weight":0.0,"played":[0.7303,0.2697],"evs":[0.0,-1.30415]},"Q4s":{"weight":6.0E-4,"played":[0.9978,0.0022],"evs":[0.0,-1.20703]},"Q5s":{"weight":4.0E-4,"played":[0.996,0.004],"evs":[0.0,-2.51944]},"Q6s":{"weight":0.0,"played":[0.7664,0.2336],"evs":[0.0,-1.64085]},"Q7s":{"weight":1.0E-4,"played":[0.9247,0.0753],"evs":[0.0,0.39089]},"Q8s":{"weight":0.011,"played":[0.3167,0.6833],"evs":[0.0,-0.21671]},"Q9s":{"weight":6.0E-4,"played":[0.8115,0.1885],"evs":[0.0,-4.14677]},"QTs":{"weight":0.2593,"played":[0.5588,0.4412],"evs":[0.0,-0.97072]},"QJs":{"weight":0.7148,"played":[0.0086,0.9914],"evs":[0.0,0.29933]},"QQ":{"weight":0.0,"played":[0.0,1.0],"evs":[0.0,11.68382]},"KQo":{"weight":0.8339,"played":[0.5826,0.4174],"evs":[0.0,-0.01569]},"AQo":{"weight":0.0037,"played":[0.0,1.0],"evs":[0.0,-0.04036]},"K2s":{"weight":0.0054,"played":[0.7449,0.2551],"evs":[0.0,-2.23774]},"K3s":{"weight":0.001,"played":[0.9216,0.0784],"evs":[0.0,-3.38295]},"K4s":{"weight":0.0,"played":[0.5794,0.4206],"evs":[0.0,-2.21347]},"K5s":{"weight":1.0E-4,"played":[0.9878,0.0122],"evs":[0.0,-3.34455]},"K6s":{"weight":7.0E-4,"played":[0.3863,0.6137],"evs":[0.0,2.07887]},"K7s":{"weight":0.0022,"played":[0.9653,0.0347],"evs":[0.0,-0.47138]},"K8s":{"weight":4.0E-4,"played":[0.7401,0.2599],"evs":[0.0,-2.88326]},"K9s":{"weight":0.0021,"played":[0.7695,0.2305],"evs":[0.0,-0.88783]},"KTs":{"weight":0.7827,"played":[0.5804,0.4196],"evs":[0.0,-1.20232]},"KJs":{"weight":0.6341,"played":[0.0,1.0],"evs":[0.0,3.62116]},"KQs":{"weight":0.9602,"played":[0.2864,0.7136],"evs":[0.0,1.63426]},"KK":{"weight":0.0,"played":[2.0E-4,0.9998],"evs":[0.0,13.97771]},"AKo":{"weight":7.0E-4,"played":[3.0E-4,0.9997],"evs":[0.0,6.47479]},"A2s":{"weight":0.7032,"played":[0.3394,0.6606],"evs":[0.0,-0.94059]},"A3s":{"weight":0.9187,"played":[0.5885,0.4115],"evs":[0.0,-0.65303]},"A4s":{"weight":0.5557,"played":[0.7273,0.2727],"evs":[0.0,-1.85441]},"A5s":{"weight":0.9784,"played":[0.0746,0.9254],"evs":[0.0,2.20203]},"A6s":{"weight":0.6994,"played":[0.7621,0.2379],"evs":[0.0,-2.52485]},"A7s":{"weight":0.8501,"played":[0.538,0.462],"evs":[0.0,0.45047]},"A8s":{"weight":0.1567,"played":[0.1294,0.8706],"evs":[0.0,2.15408]},"A9s":{"weight":0.9314,"played":[0.4727,0.5273],"evs":[0.0,0.61985]},"ATs":{"weight":0.5391,"played":[0.0288,0.9712],"evs":[0.0,2.70682]},"AJs":{"weight":0.5291,"played":[0.0254,0.9746],"evs":[0.0,2.35638]},"AQs":{"weight":0.3002,"played":[0.0693,0.9307],"evs":[0.0,2.05496]},"AKs":{"weight":0.1238,"played":[5.0E-4,0.9995],"evs":[0.0,4.12336]},"AA":{"weight":0.0,"played":[0.0,1.0],"evs":[0.0,23.29151]}}}