{"player":0,"street":0,"children":3,"sequence":[{"player":0,"type":"R","amount":200000,"street":0},{"player":1,"type":"C","amount":200000,"street":0},{"player":2,"type":"R","amount":1395000,"street":0},{"player":3,"type":"F","amount":0,"street":0}],"actions":[{"type":"F","amount":0,"node":59},{"type":"C","amount":1195000,"node":60},{"type":"R","amount":1505000,"node":62}],"hands":{"22":{"weight":0.151,"played":[0.3685,0.4168,0.2147],"evs":[0.0,-0.11806,-0.16015]},"32o":{"weight":0.0,"played":[1.0,0.0,0.0],"evs":[0.0,-3.92433,-3.93473]},"42o":{"weight":0.0,"played":[1.0,0.0,0.0],"evs":[0.0,-3.99154,-4.02598]},"52o":{"weight":0.0,"played":[1.0,0.0,0.0],"evs":[0.0,-3.68167,-3.68917]},"62o":{"weight":0.0,"played":[1.0,0.0,0.0],"evs":[0.0,-4.09448,-4.07955]},"72o":{"weight":0.0,"played":[1.0,0.0,0.0],"evs":[0.0,-4.81052,-4.82692]},"82o":{"weight":0.0,"played":[1.0,0.0,0.0],"evs":[0.0,-4.73983,-4.70719]},"92o":{"weight":0.0,"played":[0.9996,2.0E-4,2.0E-4],"evs":[0.0,-4.26526,-4.24554]},"T2o":{"weight":0.0,"played":[1.0,0.0,0.0],"evs":[0.0,-4.19383,-4.18982]},"J2o":{"weight":0.0,"played":[1.0,0.0,0.0],"evs":[0.0,-3.5762,-3.57566]},"Q2o":{"weight":0.0,"played":[1.0,0.0,0.0],"evs":[0.0,-3.53176,-3.54367]},"K2o":{"weight":0.0,"played":[1.0,0.0,0.0],"evs":[0.0,-3.34588,-3.34728]},"A2o":{"weight":0.723,"played":[0.9999,0.0,0.0],"evs":[0.0,-2.63513,-2.64096]},"32s":{"weight":0.0,"played":[0.9997,1.0E-4,2.0E-4],"evs":[0.0,-2.72333,-2.75119]},"33":{"weight":0.0,"played":[0.0152,0.9546,0.0302],"evs":[0.0,0.69936,0.62992]},"43o":{"weight":0.0,"played":[1.0,0.0,0.0],"evs":[0.0,-3.2044,-3.18519]},"53o":{"weight":0.0,"played":[1.0,0.0,0.0],"evs":[0.0,-3.18,-3.16764]},"63o":{"weight":0.0,"played":[0.9998,1.0E-4,1.0E-4],"evs":[0.0,-3.94927,-3.95145]},"73o":{"weight":0.0,"played":[1.0,0.0,0.0],"evs":[0.0,-4.09331,-4.11515]},"83o":{"weight":0.0,"played":[0.9999,1.0E-4,0.0],"evs":[0.0,-4.32479,-4.33601]},"93o":{"weight":0.0,"played":[1.0,0.0,0.0],"evs":[0.0,-3.74015,-3.74071]},"T3o":{"weight":0.0,"played":[1.0,0.0,0.0],"evs":[0.0,-4.02407,-4.01774]},"J3o":{"weight":0.0,"played":[1.0,0.0,0.0],"evs":[0.0,-3.45682,-3.44812]},"Q3o":{"weight":0.0,"played":[1.0,0.0,0.0],"evs":[0.0,-3.53309,-3.48826]},"K3o":{"weight":0.0,"played":[1.0,0.0,0.0],"evs":[0.0,-3.17333,-3.1837]},"A3o":{"weight":0.1288,"played":[0.9991,5.0E-4,4.0E-4],"evs":[0.0,-2.15414,-2.10144]},"42s":{"weight":0.0,"played":[0.9999,0.0,1.0E-4],"evs":[0.0,-2.63283,-2.67728]},"43s":{"weight":0.0,"played":[0.997,0.0,0.003],"evs":[0.0,-1.66351,-1.65168]},"44":{"weight":0.0037,"played":[0.0033,0.0089,0.9878],"evs":[0.0,0.10515,0.12092]},"54o":{"weight":0.0,"played":[0.9995,1.0E-4,4.0E-4],"evs":[0.0,-2.94102,-2.98133]},"64o":{"weight":0.0,"played":[1.0,0.0,0.0],"evs":[0.0,-2.84368,-2.85985]},"74o":{"weight":0.0,"played":[0.9999,0.0,1.0E-4],"evs":[0.0,-3.19708,-3.20568]},"84o":{"weight":0.0,"played":[1.0,0.0,0.0],"evs":[0.0,-3.81526,-3.81721]},"94o":{"weight":0.0,"played":[1.0,0.0,0.0],"evs":[0.0,-4.05191,-4.0777]},"T4o":{"weight":0.0,"played":[1.0,0.0,0.0],"evs":[0.0,-4.05832,-4.04924]},"J4o":{"weight":0.0,"played":[0.9999,1.0E-4,1.0E-4],"evs":[0.0,-3.48032,-3.48383]},"Q4o":{"weight":0.0,"played":[0.9995,0.0,5.0E-4],"evs":[0.0,-3.40182,-3.38824]},"K4o":{"weight":0.0,"played":[1.0,0.0,0.0],"evs":[0.0,-2.4532,-2.43923]},"A4o":{"weight":0.0107,"played":[0.9994,0.0,6.0E-4],"evs":[0.0,-2.09379,-2.05131]},"52s":{"weight":0.0,"played":[0.9997,1.0E-4,2.0E-4],"evs":[0.0,-2.01364,-1.992]},"53s":{"weight":0.0,"played":[0.9716,0.007,0.0214],"evs":[0.0,-1.24058,-1.25334]},"54s":{"weight":0.0,"played":[0.9956,0.0017,0.0026],"evs":[0.0,-1.52568,-1.5296]},"55":{"weight":0.0,"played":[0.0,2.0E-4,0.9998],"evs":[0.0,0.27843,0.29843]},"65o":{"weight":0.0,"played":[0.9998,1.0E-4,1.0E-4],"evs":[0.0,-2.5712,-2.57645]},"75o":{"weight":0.0,"played":[0.9997,1.0E-4,3.0E-4],"evs":[0.0,-3.03972,-3.03322]},"85o":{"weight":0.0,"played":[1.0,0.0,0.0],"evs":[0.0,-3.29765,-3.29005]},"95o":{"weight":0.0,"played":[0.9999,0.0,0.0],"evs":[0.0,-3.5654,-3.60629]},"T5o":{"weight":0.0,"played":[0.9999,0.0,1.0E-4],"evs":[0.0,-4.07301,-4.07614]},"J5o":{"weight":0.0,"played":[0.9999,0.0,0.0],"evs":[0.0,-3.35225,-3.37837]},"Q5o":{"weight":0.0,"played":[1.0,0.0,0.0],"evs":[0.0,-3.35901,-3.34708]},"K5o":{"weight":0.0,"played":[0.9998,1.0E-4,1.0E-4],"evs":[0.0,-2.82018,-2.80421]},"A5o":{"weight":0.0,"played":[0.9998,1.0E-4,2.0E-4],"evs":[0.0,-2.32631,-2.34483]},"62s":{"weight":0.0,"played":[0.998,0.0,0.002],"evs":[0.0,-2.65852,-2.68284]},"63s":{"weight":0.0,"played":[0.9946,0.0023,0.0031],"evs":[0.0,-1.95127,-1.9423]},"64s":{"weight":0.0,"played":[0.9921,0.0038,0.0041],"evs":[0.0,-1.67593,-1.64858]},"65s":{"weight":0.0828,"played":[0.9982,6.0E-4,0.0012],"evs":[0.0,-0.74089,-0.76906]},"66":{"weight":0.0,"played":[0.0,0.7885,0.2115],"evs":[0.0,0.563,0.52295]},"76o":{"weight":0.0,"played":[0.9999,1.0E-4,0.0],"evs":[0.0,-2.5631,-2.57603]},"86o":{"weight":0.0,"played":[0.9995,3.0E-4,2.0E-4],"evs":[0.0,-2.94199,-2.98373]},"96o":{"weight":0.0,"played":[0.9999,0.0,1.0E-4],"evs":[0.0,-2.82527,-2.81373]},"T6o":{"weight":0.0,"played":[0.9993,3.0E-4,5.0E-4],"evs":[0.0,-3.53788,-3.52934]},"J6o":{"weight":0.0,"played":[0.9998,0.0,1.0E-4],"evs":[0.0,-3.32268,-3.34242]},"Q6o":{"weight":0.0,"played":[1.0,0.0,0.0],"evs":[0.0,-3.32471,-3.28734]},"K6o":{"weight":0.0,"played":[0.9999,1.0E-4,0.0],"evs":[0.0,-2.73305,-2.73753]},"A6o":{"weight":0.2145,"played":[0.999,5.0E-4,5.0E-4],"evs":[0.0,-3.03617,-3.00626]},"72s":{"weight":0.0,"played":[1.0,0.0,0.0],"evs":[0.0,-2.61731,-2.57338]},"73s":{"weight":0.0,"played":[0.9998,0.0,1.0E-4],"evs":[0.0,-2.40632,-2.41174]},"74s":{"weight":0.0,"played":[0.9957,8.0E-4,0.0035],"evs":[0.0,-2.33613,-2.35826]},"75s":{"weight":0.0,"played":[0.9216,0.0416,0.0368],"evs":[0.0,-1.50169,-1.53881]},"76s":{"weight":0.0102,"played":[0.9735,0.0078,0.0187],"evs":[0.0,-1.58862,-1.61982]},"77":{"weight":0.0,"played":[0.0,0.0101,0.9899],"evs":[0.0,1.12599,1.14427]},"87o":{"weight":0.0,"played":[1.0,0.0,0.0],"evs":[0.0,-2.39225,-2.38528]},"97o":{"weight":0.0,"played":[0.9998,0.0,1.0E-4],"evs":[0.0,-2.89116,-2.86774]},"T7o":{"weight":0.0,"played":[1.0,0.0,0.0],"evs":[0.0,-3.20316,-3.18792]},"J7o":{"weight":0.0,"played":[0.9999,0.0,1.0E-4],"evs":[0.0,-2.97165,-2.96512]},"Q7o":{"weight":0.0,"played":[1.0,0.0,0.0],"evs":[0.0,-3.57967,-3.56622]},"K7o":{"weight":2.0E-4,"played":[0.9997,2.0E-4,1.0E-4],"evs":[0.0,-3.10125,-3.11191]},"A7o":{"weight":0.0674,"played":[0.9994,2.0E-4,4.0E-4],"evs":[0.0,-2.83458,-2.83466]},"82s":{"weight":0.0,"played":[0.9995,1.0E-4,4.0E-4],"evs":[0.0,-3.11846,-3.17472]},"83s":{"weight":0.0,"played":[0.9999,0.0,1.0E-4],"evs":[0.0,-2.94995,-2.97606]},"84s":{"weight":0.0,"played":[0.9965,0.0026,9.0E-4],"evs":[0.0,-1.93465,-1.99684]},"85s":{"weight":0.0,"played":[0.9944,0.0026,0.0031],"evs":[0.0,-1.96322,-1.95569]},"86s":{"weight":0.1629,"played":[0.9403,0.0039,0.0558],"evs":[0.0,-1.10717,-1.10724]},"87s":{"weight":0.5879,"played":[0.9444,0.0031,0.0525],"evs":[0.0,-1.02488,-0.98854]},"88":{"weight":0.0,"played":[0.0,0.2146,0.7854],"evs":[0.0,2.39626,2.39939]},"98o":{"weight":0.0,"played":[0.9999,1.0E-4,1.0E-4],"evs":[0.0,-2.1672,-2.16045]},"T8o":{"weight":0.0,"played":[1.0,0.0,0.0],"evs":[0.0,-2.73863,-2.73865]},"J8o":{"weight":0.0,"played":[0.9994,1.0E-4,5.0E-4],"evs":[0.0,-2.57941,-2.58493]},"Q8o":{"weight":0.0,"played":[0.9999,0.0,1.0E-4],"evs":[0.0,-2.73408,-2.71263]},"K8o":{"weight":0.0439,"played":[0.9994,0.0,5.0E-4],"evs":[0.0,-2.63318,-2.62737]},"A8o":{"weight":0.0023,"played":[0.9987,0.001,2.0E-4],"evs":[0.0,-2.56183,-2.55301]},"92s":{"weight":0.0,"played":[0.9999,0.0,1.0E-4],"evs":[0.0,-2.48608,-2.44216]},"93s":{"weight":0.0,"played":[0.9992,0.0,8.0E-4],"evs":[0.0,-2.73302,-2.70844]},"94s":{"weight":0.0,"played":[0.9904,0.0033,0.0063],"evs":[0.0,-2.23238,-2.18328]},"95s":{"weight":0.0,"played":[0.9963,1.0E-4,0.0036],"evs":[0.0,-2.28919,-2.23015]},"96s":{"weight":0.0052,"played":[0.9948,0.0018,0.0034],"evs":[0.0,-1.6084,-1.65058]},"97s":{"weight":0.0021,"played":[0.9998,1.0E-4,1.0E-4],"evs":[0.0,-1.0163,-1.03659]},"98s":{"weight":0.063,"played":[0.8574,0.0523,0.0903],"evs":[0.0,-0.39681,-0.41174]},"99":{"weight":5.0E-4,"played":[0.0,0.5566,0.4434],"evs":[0.0,3.7287,3.71406]},"T9o":{"weight":0.4615,"played":[0.9999,0.0,1.0E-4],"evs":[0.0,-1.8314,-1.84217]},"J9o":{"weight":0.0111,"played":[0.9996,1.0E-4,2.0E-4],"evs":[0.0,-2.14853,-2.13366]},"Q9o":{"weight":0.0069,"played":[0.9992,3.0E-4,5.0E-4],"evs":[0.0,-1.85808,-1.85507]},"K9o":{"weight":1.0,"played":[0.9996,0.0,4.0E-4],"evs":[0.0,-1.99253,-1.97999]},"A9o":{"weight":0.0,"played":[0.9989,5.0E-4,6.0E-4],"evs":[0.0,-1.72762,-1.7153]},"T2s":{"weight":0.0,"played":[0.9999,0.0,1.0E-4],"evs":[0.0,-2.37767,-2.35683]},"T3s":{"weight":0.0,"played":[0.9963,0.0015,0.0021],"evs":[0.0,-1.78994,-1.79839]},"T4s":{"weight":0.0,"played":[0.9825,0.0095,0.008],"evs":[0.0,-2.28142,-2.32567]},"T5s":{"weight":0.0,"played":[0.9998,0.0,2.0E-4],"evs":[0.0,-2.7874,-2.7523]},"T6s":{"weight":0.0,"played":[0.9999,0.0,1.0E-4],"evs":[0.0,-1.98275,-1.97116]},"T7s":{"weight":0.1991,"played":[0.9976,9.0E-4,0.0015],"evs":[0.0,-1.56811,-1.54644]},"T8s":{"weight":0.0,"played":[0.9314,0.0018,0.0668],"evs":[0.0,-0.71214,-0.715]},"T9s":{"weight":0.0416,"played":[0.0982,0.6517,0.2501],"evs":[0.0,-0.12678,-0.16109]},"TT":{"weight":0.0056,"played":[0.0,0.9515,0.0485],"evs":[0.0,5.31725,5.2887]},"JTo":{"weight":0.0951,"played":[0.9952,0.0029,0.0018],"evs":[0.0,-1.2627,-1.29165]},"QTo":{"weight":0.067,"played":[0.9999,0.0,1.0E-4],"evs":[0.0,-1.76008,-1.75832]},"KTo":{"weight":1.0E-4,"played":[0.9948,0.0045,7.0E-4],"evs":[0.0,-1.44146,-1.46237]},"ATo":{"weight":0.0,"played":[0.984,0.0092,0.0067],"evs":[0.0,-0.97236,-0.94167]},"J2s":{"weight":0.0,"played":[0.9997,0.0,3.0E-4],"evs":[0.0,-2.13771,-2.15551]},"J3s":{"weight":0.0,"played":[1.0,0.0,0.0],"evs":[0.0,-2.43279,-2.50203]},"J4s":{"weight":0.0,"played":[0.9954,7.0E-4,0.0039],"evs":[0.0,-2.19752,-2.24]},"J5s":{"weight":0.0,"played":[0.9998,1.0E-4,1.0E-4],"evs":[0.0,-1.82963,-1.82009]},"J6s":{"weight":0.0,"played":[0.9996,1.0E-4,4.0E-4],"evs":[0.0,-2.08151,-2.01587]},"J7s":{"weight":0.8263,"played":[0.9998,1.0E-4,1.0E-4],"evs":[0.0,-1.7716,-1.78844]},"J8s":{"weight":0.0249,"played":[0.6892,0.2028,0.108],"evs":[0.0,-0.40228,-0.44737]},"J9s":{"weight":0.1235,"played":[0.8773,0.0488,0.0738],"evs":[0.0,-0.01119,-0.0129]},"JTs":{"weight":0.2413,"played":[0.5269,0.1985,0.2746],"evs":[0.0,0.53471,0.55746]},"JJ":{"weight":0.4846,"played":[0.0,0.3559,0.6441],"evs":[0.0,7.46075,7.45721]},"QJo":{"weight":0.0,"played":[0.9994,2.0E-4,5.0E-4],"evs":[0.0,-1.38928,-1.38967]},"KJo":{"weight":0.0,"played":[0.984,0.0062,0.0099],"evs":[0.0,-0.71318,-0.73492]},"AJo":{"weight":0.0,"played":[0.0,2.0E-4,0.9998],"evs":[0.0,0.82163,0.83544]},"Q2s":{"weight":0.0,"played":[0.9874,0.0111,0.0015],"evs":[0.0,-2.10665,-2.17346]},"Q3s":{"weight":0.0,"played":[0.9954,0.0023,0.0023],"evs":[0.0,-2.28093,-2.28845]},"Q4s":{"weight":5.0E-4,"played":[0.9979,0.0012,8.0E-4],"evs":[0.0,-1.581,-1.5563]},"Q5s":{"weight":0.0062,"played":[0.9974,5.0E-4,0.0022],"evs":[0.0,-1.90545,-1.92354]},"Q6s":{"weight":0.6707,"played":[0.9994,2.0E-4,5.0E-4],"evs":[0.0,-1.58638,-1.55218]},"Q7s":{"weight":0.9921,"played":[0.9984,0.0013,3.0E-4],"evs":[0.0,-2.1469,-2.14804]},"Q8s":{"weight":0.9997,"played":[0.9953,0.0015,0.0031],"evs":[0.0,-1.45277,-1.50019]},"Q9s":{"weight":0.2286,"played":[0.9787,0.0117,0.0096],"evs":[0.0,-0.82294,-0.8485]},"QTs":{"weight":0.0236,"played":[0.6613,0.1812,0.1575],"evs":[0.0,-0.08862,-0.09784]},"QJs":{"weight":0.0049,"played":[0.2618,0.5217,0.2166],"evs":[0.0,-0.04558,-0.04622]},"QQ":{"weight":1.0,"played":[0.0,0.466,0.534],"evs":[0.0,9.31196,9.31881]},"KQo":{"weight":0.0,"played":[0.9966,0.0023,0.0011],"evs":[0.0,-1.02006,-1.05031]},"AQo":{"weight":0.0,"played":[0.0,0.002,0.998],"evs":[0.0,2.38524,2.42901]},"K2s":{"weight":0.0,"played":[0.998,7.0E-4,0.0014],"evs":[0.0,-1.95443,-1.93009]},"K3s":{"weight":8.0E-4,"played":[0.9999,0.0,1.0E-4],"evs":[0.0,-1.93446,-1.91472]},"K4s":{"weight":0.5231,"played":[0.9934,0.0031,0.0035],"evs":[0.0,-1.34712,-1.39984]},"K5s":{"weight":9.0E-4,"played":[0.9986,0.001,4.0E-4],"evs":[0.0,-1.29772,-1.28667]},"K6s":{"weight":0.0,"played":[0.998,1.0E-4,0.0019],"evs":[0.0,-0.97285,-0.9319]},"K7s":{"weight":0.0,"played":[0.9881,0.003,0.0089],"evs":[0.0,-1.20516,-1.18085]},"K8s":{"weight":0.0708,"played":[0.8439,0.0769,0.0791],"evs":[0.0,-0.72814,-0.78374]},"K9s":{"weight":1.0E-4,"played":[0.6351,0.2022,0.1627],"evs":[0.0,-0.82071,-0.83156]},"KTs":{"weight":0.0037,"played":[0.0736,0.5326,0.3938],"evs":[0.0,0.12027,0.09781]},"KJs":{"weight":0.0452,"played":[0.0034,0.936,0.0606],"evs":[0.0,0.58599,0.54709]},"KQs":{"weight":0.0176,"played":[0.1585,0.5559,0.2856],"evs":[0.0,0.64797,0.61718]},"KK":{"weight":1.0,"played":[0.0,0.3144,0.6856],"evs":[0.0,12.74941,12.75736]},"AKo":{"weight":0.0016,"played":[0.0,0.0091,0.9909],"evs":[0.0,5.13104,5.16977]},"A2s":{"weight":0.0012,"played":[0.9892,0.0096,0.0013],"evs":[0.0,-0.25639,-0.25073]},"A3s":{"weight":0.0,"played":[0.9953,0.0025,0.0023],"evs":[0.0,-0.27195,-0.30639]},"A4s":{"weight":0.0,"played":[0.9943,0.0023,0.0034],"evs":[0.0,-0.90914,-0.86541]},"A5s":{"weight":0.0056,"played":[0.9548,0.0207,0.0245],"evs":[0.0,-1.33463,-1.34418]},"A6s":{"weight":0.0,"played":[0.9932,0.0023,0.0044],"evs":[0.0,-1.15339,-1.11158]},"A7s":{"weight":0.0359,"played":[0.8529,0.0461,0.1009],"evs":[0.0,-1.31718,-1.25571]},"A8s":{"weight":0.6883,"played":[0.8447,0.1144,0.0409],"evs":[0.0,-0.74903,-0.76335]},"A9s":{"weight":4.0E-4,"played":[0.8038,0.1055,0.0907],"evs":[0.0,-0.30693,-0.32094]},"ATs":{"weight":7.0E-4,"played":[0.0046,0.339,0.6564],"evs":[0.0,0.83038,0.86927]},"AJs":{"weight":0.0314,"played":[0.0,0.6946,0.3054],"evs":[0.0,1.81656,1.80933]},"AQs":{"weight":0.0734,"played":[0.0,0.6736,0.3264],"evs":[0.0,3.60808,3.59974]},"AKs":{"weight":0.9953,"played":[0.0,0.0812,0.9188],"evs":[0.0,7.14394,7.18503]},"AA":{"weight":1.0,"played":[0.0,0.9689,0.0311],"evs":[0.0,18.83079,18.79425]}}}