{"player":1,"street":0,"children":2,"sequence":[{"player":0,"type":"R","amount":200000,"street":0},{"player":1,"type":"C","amount":200000,"street":0},{"player":2,"type":"R","amount":1395000,"street":0},{"player":3,"type":"C","amount":855000,"street":0},{"player":0,"type":"R","amount":1505000,"street":0}],"actions":[{"type":"F","amount":0},{"type":"C","amount":1305000}],"hands":{"22":{"weight":0.0,"played":[0.8092,0.1908],"evs":[0.0,-1.85483]},"32o":{"weight":0.0,"played":[0.9998,2.0E-4],"evs":[0.0,-4.74615]},"42o":{"weight":0.0,"played":[0.9987,0.0013],"evs":[0.0,-4.8749]},"52o":{"weight":0.0,"played":[0.9915,0.0085],"evs":[0.0,-5.2794]},"62o":{"weight":0.0,"played":[0.9926,0.0074],"evs":[0.0,-4.24461]},"72o":{"weight":0.0,"played":[0.9999,1.0E-4],"evs":[0.0,-6.99018]},"82o":{"weight":0.0,"played":[0.9972,0.0028],"evs":[0.0,-5.93851]},"92o":{"weight":0.0,"played":[1.0,0.0],"evs":[0.0,-9.04259]},"T2o":{"weight":0.0,"played":[0.9981,0.0019],"evs":[0.0,-5.62382]},"J2o":{"weight":0.0,"played":[0.9997,3.0E-4],"evs":[0.0,-7.05394]},"Q2o":{"weight":0.0,"played":[0.984,0.016],"evs":[0.0,-6.08675]},"K2o":{"weight":0.0,"played":[0.9733,0.0267],"evs":[0.0,-7.07348]},"A2o":{"weight":0.0,"played":[0.9264,0.0736],"evs":[0.0,-4.19742]},"32s":{"weight":0.0,"played":[0.7407,0.2593],"evs":[0.0,-1.48482]},"33":{"weight":0.0106,"played":[0.4742,0.5258],"evs":[0.0,-1.87057]},"43o":{"weight":0.0,"played":[0.9948,0.0052],"evs":[0.0,-3.83557]},"53o":{"weight":0.0,"played":[0.9163,0.0837],"evs":[0.0,-2.54715]},"63o":{"weight":0.0,"played":[0.9952,0.0048],"evs":[0.0,-2.312]},"73o":{"weight":0.0,"played":[0.9973,0.0027],"evs":[0.0,-6.67239]},"83o":{"weight":0.0,"played":[0.9982,0.0018],"evs":[0.0,-7.18969]},"93o":{"weight":0.0,"played":[0.9967,0.0033],"evs":[0.0,-4.39064]},"T3o":{"weight":0.0,"played":[0.9926,0.0074],"evs":[0.0,-8.46098]},"J3o":{"weight":0.0,"played":[0.9879,0.0121],"evs":[0.0,-5.62917]},"Q3o":{"weight":0.0,"played":[1.0,0.0],"evs":[0.0,-4.80163]},"K3o":{"weight":0.0,"played":[0.9861,0.0139],"evs":[0.0,-5.29659]},"A3o":{"weight":0.0,"played":[0.9508,0.0492],"evs":[0.0,-5.42122]},"42s":{"weight":0.0,"played":[0.6897,0.3103],"evs":[0.0,-2.79839]},"43s":{"weight":0.0,"played":[0.4781,0.5219],"evs":[0.0,-1.98524]},"44":{"weight":0.9284,"played":[0.2696,0.7304],"evs":[0.0,-2.0705]},"54o":{"weight":0.0,"played":[0.996,0.004],"evs":[0.0,-1.95476]},"64o":{"weight":0.0,"played":[0.9338,0.0662],"evs":[0.0,-3.55645]},"74o":{"weight":0.0,"played":[0.9996,4.0E-4],"evs":[0.0,-3.35181]},"84o":{"weight":0.0,"played":[0.9954,0.0046],"evs":[0.0,-5.71165]},"94o":{"weight":0.0,"played":[0.9965,0.0035],"evs":[0.0,-6.31434]},"T4o":{"weight":0.0,"played":[0.9982,0.0018],"evs":[0.0,-5.84803]},"J4o":{"weight":0.0,"played":[0.9942,0.0058],"evs":[0.0,-5.16658]},"Q4o":{"weight":0.0,"played":[0.9854,0.0146],"evs":[0.0,-4.97081]},"K4o":{"weight":0.0,"played":[0.9961,0.0039],"evs":[0.0,-5.07468]},"A4o":{"weight":0.0,"played":[0.8408,0.1592],"evs":[0.0,-4.28556]},"52s":{"weight":0.0,"played":[0.9659,0.0341],"evs":[0.0,-3.2803]},"53s":{"weight":0.0,"played":[0.769,0.231],"evs":[0.0,-0.54951]},"54s":{"weight":0.0,"played":[0.6922,0.3078],"evs":[0.0,0.08039]},"55":{"weight":0.9843,"played":[0.7391,0.2609],"evs":[0.0,-2.21015]},"65o":{"weight":0.0,"played":[0.9999,1.0E-4],"evs":[0.0,-2.8207]},"75o":{"weight":0.0,"played":[0.9826,0.0174],"evs":[0.0,-3.19735]},"85o":{"weight":0.0,"played":[0.9992,8.0E-4],"evs":[0.0,-4.19726]},"95o":{"weight":0.0,"played":[0.9975,0.0025],"evs":[0.0,-5.92555]},"T5o":{"weight":0.0,"played":[1.0,0.0],"evs":[0.0,-5.14648]},"J5o":{"weight":0.0,"played":[0.9996,4.0E-4],"evs":[0.0,-7.0813]},"Q5o":{"weight":0.0,"played":[0.9642,0.0358],"evs":[0.0,-5.0859]},"K5o":{"weight":0.0,"played":[0.9837,0.0163],"evs":[0.0,-3.88716]},"A5o":{"weight":0.0082,"played":[0.9863,0.0137],"evs":[0.0,-2.26038]},"62s":{"weight":0.0,"played":[0.9124,0.0876],"evs":[0.0,-1.61606]},"63s":{"weight":0.0,"played":[0.6928,0.3072],"evs":[0.0,-4.04549]},"64s":{"weight":0.0,"played":[0.8863,0.1137],"evs":[0.0,-4.16895]},"65s":{"weight":0.0,"played":[0.3458,0.6542],"evs":[0.0,1.38241]},"66":{"weight":0.7808,"played":[0.5066,0.4934],"evs":[0.0,-1.78971]},"76o":{"weight":0.0,"played":[0.8433,0.1567],"evs":[0.0,-2.67397]},"86o":{"weight":0.0,"played":[0.9669,0.0331],"evs":[0.0,-3.04931]},"96o":{"weight":0.0,"played":[0.9743,0.0257],"evs":[0.0,-2.73628]},"T6o":{"weight":0.0,"played":[0.9889,0.0111],"evs":[0.0,-4.86326]},"J6o":{"weight":0.0,"played":[0.9994,6.0E-4],"evs":[0.0,-6.09147]},"Q6o":{"weight":0.0,"played":[0.9952,0.0048],"evs":[0.0,-4.06668]},"K6o":{"weight":0.0,"played":[0.9779,0.0221],"evs":[0.0,-3.29535]},"A6o":{"weight":0.0,"played":[0.9852,0.0148],"evs":[0.0,-3.60549]},"72s":{"weight":0.0,"played":[0.9907,0.0093],"evs":[0.0,-2.79079]},"73s":{"weight":0.0,"played":[0.9442,0.0558],"evs":[0.0,-6.70084]},"74s":{"weight":0.0,"played":[0.4192,0.5808],"evs":[0.0,1.29358]},"75s":{"weight":0.0,"played":[0.7651,0.2349],"evs":[0.0,-1.07437]},"76s":{"weight":0.0,"played":[0.9743,0.0257],"evs":[0.0,-3.87142]},"77":{"weight":0.9114,"played":[0.3225,0.6775],"evs":[0.0,-1.79687]},"87o":{"weight":0.0,"played":[0.9103,0.0897],"evs":[0.0,-1.53538]},"97o":{"weight":0.0,"played":[0.994,0.006],"evs":[0.0,-5.29744]},"T7o":{"weight":0.0,"played":[0.9411,0.0589],"evs":[0.0,-1.8762]},"J7o":{"weight":0.0,"played":[0.9642,0.0358],"evs":[0.0,-7.06536]},"Q7o":{"weight":0.0,"played":[0.9946,0.0054],"evs":[0.0,-6.58389]},"K7o":{"weight":0.0,"played":[0.9306,0.0694],"evs":[0.0,-4.1107]},"A7o":{"weight":0.0,"played":[0.8859,0.1141],"evs":[0.0,-4.82426]},"82s":{"weight":0.0,"played":[0.9954,0.0046],"evs":[0.0,-6.35763]},"83s":{"weight":0.0,"played":[0.9834,0.0166],"evs":[0.0,-3.90874]},"84s":{"weight":0.0,"played":[0.8233,0.1767],"evs":[0.0,-1.87873]},"85s":{"weight":0.0,"played":[0.695,0.305],"evs":[0.0,-0.15357]},"86s":{"weight":0.0,"played":[0.2465,0.7535],"evs":[0.0,-1.15906]},"87s":{"weight":0.0,"played":[0.6099,0.3901],"evs":[0.0,-2.93484]},"88":{"weight":0.4861,"played":[0.2161,0.7839],"evs":[0.0,0.44842]},"98o":{"weight":0.0,"played":[0.9998,2.0E-4],"evs":[0.0,-5.05643]},"T8o":{"weight":0.0,"played":[0.9461,0.0539],"evs":[0.0,-3.79297]},"J8o":{"weight":0.0,"played":[0.9985,0.0015],"evs":[0.0,-5.99197]},"Q8o":{"weight":0.0,"played":[0.9989,0.0011],"evs":[0.0,-6.78862]},"K8o":{"weight":0.0,"played":[0.9844,0.0156],"evs":[0.0,-3.76238]},"A8o":{"weight":0.1019,"played":[0.953,0.047],"evs":[0.0,-5.81022]},"92s":{"weight":0.0,"played":[0.7451,0.2549],"evs":[0.0,-4.07482]},"93s":{"weight":0.0,"played":[0.8787,0.1213],"evs":[0.0,-3.27972]},"94s":{"weight":0.0,"played":[0.6506,0.3494],"evs":[0.0,-2.85527]},"95s":{"weight":0.0,"played":[0.9328,0.0672],"evs":[0.0,-4.58997]},"96s":{"weight":0.0,"played":[0.1334,0.8666],"evs":[0.0,4.18811]},"97s":{"weight":0.0,"played":[0.9575,0.0425],"evs":[0.0,-2.38388]},"98s":{"weight":0.0,"played":[0.696,0.304],"evs":[0.0,-3.06643]},"99":{"weight":0.363,"played":[7.0E-4,0.9993],"evs":[0.0,1.78691]},"T9o":{"weight":0.0,"played":[0.9177,0.0823],"evs":[0.0,-3.59303]},"J9o":{"weight":0.0,"played":[0.9071,0.0929],"evs":[0.0,-3.1999]},"Q9o":{"weight":0.0,"played":[0.9637,0.0363],"evs":[0.0,-4.22489]},"K9o":{"weight":0.0,"played":[0.7357,0.2643],"evs":[0.0,-3.34235]},"A9o":{"weight":0.8168,"played":[0.9736,0.0264],"evs":[0.0,-3.56908]},"T2s":{"weight":0.0,"played":[0.9467,0.0533],"evs":[0.0,-2.33946]},"T3s":{"weight":0.0,"played":[0.9903,0.0097],"evs":[0.0,-3.73807]},"T4s":{"weight":0.0,"played":[0.4283,0.5717],"evs":[0.0,0.08208]},"T5s":{"weight":0.0,"played":[0.4518,0.5482],"evs":[0.0,0.25555]},"T6s":{"weight":0.0,"played":[0.7135,0.2865],"evs":[0.0,-3.57932]},"T7s":{"weight":0.0,"played":[0.8227,0.1773],"evs":[0.0,-4.44363]},"T8s":{"weight":0.0,"played":[0.8254,0.1746],"evs":[0.0,-2.75646]},"T9s":{"weight":0.0,"played":[0.801,0.199],"evs":[0.0,-4.13105]},"TT":{"weight":0.6208,"played":[0.0026,0.9974],"evs":[0.0,1.97825]},"JTo":{"weight":0.0,"played":[0.8662,0.1338],"evs":[0.0,-5.03791]},"QTo":{"weight":0.0,"played":[0.0584,0.9416],"evs":[0.0,0.2527]},"KTo":{"weight":0.0,"played":[0.887,0.113],"evs":[0.0,-3.16661]},"ATo":{"weight":0.0111,"played":[0.7863,0.2137],"evs":[0.0,-1.56415]},"J2s":{"weight":0.0,"played":[0.7777,0.2223],"evs":[0.0,-2.47625]},"J3s":{"weight":0.0,"played":[0.8952,0.1048],"evs":[0.0,-2.17697]},"J4s":{"weight":0.0,"played":[0.7344,0.2656],"evs":[0.0,-3.62832]},"J5s":{"weight":0.0,"played":[0.829,0.171],"evs":[0.0,-1.66624]},"J6s":{"weight":0.0,"played":[0.9799,0.0201],"evs":[0.0,-4.14637]},"J7s":{"weight":0.0,"played":[0.9876,0.0124],"evs":[0.0,-3.74138]},"J8s":{"weight":0.0,"played":[0.9617,0.0383],"evs":[0.0,-4.19736]},"J9s":{"weight":0.0033,"played":[0.877,0.123],"evs":[0.0,-1.61821]},"JTs":{"weight":0.9993,"played":[0.6346,0.3654],"evs":[0.0,-0.31026]},"JJ":{"weight":0.0017,"played":[0.0022,0.9978],"evs":[0.0,6.46157]},"QJo":{"weight":0.0243,"played":[0.8609,0.1391],"evs":[0.0,-2.98369]},"KJo":{"weight":0.5654,"played":[0.8519,0.1481],"evs":[0.0,-1.37096]},"AJo":{"weight":0.0,"played":[0.4572,0.5428],"evs":[0.0,-1.18296]},"Q2s":{"weight":0.0,"played":[0.9102,0.0898],"evs":[0.0,-1.46365]},"Q3s":{"weight":0.0,"played":[0.9666,0.0334],"evs":[0.0,-1.71915]},"Q4s":{"weight":0.0,"played":[0.7617,0.2383],"evs":[0.0,1.07066]},"Q5s":{"weight":0.0,"played":[0.9299,0.0701],"evs":[0.0,-2.56207]},"Q6s":{"weight":0.0,"played":[0.3764,0.6236],"evs":[0.0,2.21468]},"Q7s":{"weight":0.0,"played":[0.4669,0.5331],"evs":[0.0,-1.75249]},"Q8s":{"weight":9.0E-4,"played":[0.8341,0.1659],"evs":[0.0,-3.13306]},"Q9s":{"weight":0.5618,"played":[0.4298,0.5702],"evs":[0.0,-0.0205]},"QTs":{"weight":0.9955,"played":[0.677,0.323],"evs":[0.0,-0.79208]},"QJs":{"weight":0.9911,"played":[0.5141,0.4859],"evs":[0.0,-1.04191]},"QQ":{"weight":0.0016,"played":[0.0,1.0],"evs":[0.0,12.44613]},"KQo":{"weight":0.5803,"played":[0.8245,0.1755],"evs":[0.0,-3.6399]},"AQo":{"weight":1.0E-4,"played":[0.0409,0.9591],"evs":[0.0,0.44813]},"K2s":{"weight":0.0,"played":[0.8344,0.1656],"evs":[0.0,-1.85394]},"K3s":{"weight":0.0,"played":[0.9107,0.0893],"evs":[0.0,-2.33034]},"K4s":{"weight":0.0,"played":[0.372,0.628],"evs":[0.0,-0.59351]},"K5s":{"weight":0.0058,"played":[0.276,0.724],"evs":[0.0,-0.87056]},"K6s":{"weight":0.0,"played":[0.7451,0.2549],"evs":[0.0,-0.83214]},"K7s":{"weight":0.004,"played":[0.9997,3.0E-4],"evs":[0.0,-4.72029]},"K8s":{"weight":0.0,"played":[0.708,0.292],"evs":[0.0,-4.1048]},"K9s":{"weight":0.9998,"played":[0.0864,0.9136],"evs":[0.0,0.2442]},"KTs":{"weight":0.768,"played":[0.787,0.213],"evs":[0.0,-3.02623]},"KJs":{"weight":0.0201,"played":[0.1179,0.8821],"evs":[0.0,1.18529]},"KQs":{"weight":0.1581,"played":[0.6451,0.3549],"evs":[0.0,-2.45703]},"KK":{"weight":0.7621,"played":[0.0,1.0],"evs":[0.0,17.32826]},"AKo":{"weight":0.0,"played":[0.0558,0.9442],"evs":[0.0,-0.09452]},"A2s":{"weight":0.0297,"played":[0.5938,0.4062],"evs":[0.0,-0.93441]},"A3s":{"weight":0.0037,"played":[0.9546,0.0454],"evs":[0.0,-1.58955]},"A4s":{"weight":5.0E-4,"played":[0.56,0.44],"evs":[0.0,-0.59417]},"A5s":{"weight":0.0089,"played":[0.1478,0.8522],"evs":[0.0,-0.78976]},"A6s":{"weight":0.3722,"played":[0.9109,0.0891],"evs":[0.0,-3.65649]},"A7s":{"weight":0.8246,"played":[0.5964,0.4036],"evs":[0.0,-0.50053]},"A8s":{"weight":0.0292,"played":[0.711,0.289],"evs":[0.0,-2.45673]},"A9s":{"weight":0.0792,"played":[0.3864,0.6136],"evs":[0.0,0.05366]},"ATs":{"weight":0.7036,"played":[0.4167,0.5833],"evs":[0.0,0.53126]},"AJs":{"weight":0.0627,"played":[0.3426,0.6574],"evs":[0.0,0.76213]},"AQs":{"weight":0.4553,"played":[7.0E-4,0.9993],"evs":[0.0,3.2461]},"AKs":{"weight":0.0,"played":[0.0208,0.9792],"evs":[0.0,7.28177]},"AA":{"weight":1.0,"played":[0.0,1.0],"evs":[0.0,26.48262]}}}