{"player":2,"street":0,"children":2,"sequence":[{"player":0,"type":"R","amount":200000,"street":0},{"player":1,"type":"R","amount":1505000,"street":0}],"actions":[{"type":"F","amount":0,"node":67},{"type":"C","amount":1345000,"node":70}],"hands":{"22":{"weight":1.0,"played":[0.9999,1.0E-4],"evs":[0.0,-1.76567]},"32o":{"weight":1.0,"played":[1.0,0.0],"evs":[0.0,-5.89235]},"42o":{"weight":1.0,"played":[1.0,0.0],"evs":[0.0,-6.02774]},"52o":{"weight":1.0,"played":[1.0,0.0],"evs":[0.0,-5.5457]},"62o":{"weight":1.0,"played":[1.0,0.0],"evs":[0.0,-6.00755]},"72o":{"weight":1.0,"played":[1.0,0.0],"evs":[0.0,-6.86061]},"82o":{"weight":1.0,"played":[1.0,0.0],"evs":[0.0,-6.88285]},"92o":{"weight":1.0,"played":[1.0,0.0],"evs":[0.0,-6.72999]},"T2o":{"weight":1.0,"played":[1.0,0.0],"evs":[0.0,-6.48989]},"J2o":{"weight":1.0,"played":[1.0,0.0],"evs":[0.0,-6.46102]},"Q2o":{"weight":1.0,"played":[1.0,0.0],"evs":[0.0,-6.31173]},"K2o":{"weight":1.0,"played":[1.0,0.0],"evs":[0.0,-5.57121]},"A2o":{"weight":1.0,"played":[1.0,0.0],"evs":[0.0,-4.88711]},"32s":{"weight":1.0,"played":[1.0,0.0],"evs":[0.0,-4.64828]},"33":{"weight":1.0,"played":[0.9998,2.0E-4],"evs":[0.0,-1.39278]},"43o":{"weight":1.0,"played":[1.0,0.0],"evs":[0.0,-5.12926]},"53o":{"weight":1.0,"played":[1.0,0.0],"evs":[0.0,-4.86248]},"63o":{"weight":1.0,"played":[1.0,0.0],"evs":[0.0,-5.32523]},"73o":{"weight":1.0,"played":[1.0,0.0],"evs":[0.0,-5.94338]},"83o":{"weight":1.0,"played":[1.0,0.0],"evs":[0.0,-6.70069]},"93o":{"weight":1.0,"played":[1.0,0.0],"evs":[0.0,-6.14631]},"T3o":{"weight":1.0,"played":[1.0,0.0],"evs":[0.0,-6.26766]},"J3o":{"weight":1.0,"played":[1.0,0.0],"evs":[0.0,-6.05518]},"Q3o":{"weight":1.0,"played":[1.0,0.0],"evs":[0.0,-6.04762]},"K3o":{"weight":1.0,"played":[1.0,0.0],"evs":[0.0,-5.30969]},"A3o":{"weight":1.0,"played":[1.0,0.0],"evs":[0.0,-4.52715]},"42s":{"weight":1.0,"played":[1.0,0.0],"evs":[0.0,-4.18181]},"43s":{"weight":1.0,"played":[1.0,0.0],"evs":[0.0,-3.88672]},"44":{"weight":1.0,"played":[0.9999,1.0E-4],"evs":[0.0,-0.80387]},"54o":{"weight":1.0,"played":[1.0,0.0],"evs":[0.0,-4.01099]},"64o":{"weight":1.0,"played":[1.0,0.0],"evs":[0.0,-4.63416]},"74o":{"weight":1.0,"played":[1.0,0.0],"evs":[0.0,-5.47094]},"84o":{"weight":1.0,"played":[1.0,0.0],"evs":[0.0,-5.93552]},"94o":{"weight":1.0,"played":[1.0,0.0],"evs":[0.0,-6.5215]},"T4o":{"weight":1.0,"played":[1.0,0.0],"evs":[0.0,-5.98604]},"J4o":{"weight":1.0,"played":[1.0,0.0],"evs":[0.0,-5.89125]},"Q4o":{"weight":1.0,"played":[1.0,0.0],"evs":[0.0,-5.60095]},"K4o":{"weight":1.0,"played":[1.0,0.0],"evs":[0.0,-5.10905]},"A4o":{"weight":1.0,"played":[1.0,0.0],"evs":[0.0,-4.41458]},"52s":{"weight":1.0,"played":[1.0,0.0],"evs":[0.0,-4.17021]},"53s":{"weight":1.0,"played":[1.0,0.0],"evs":[0.0,-3.52785]},"54s":{"weight":1.0,"played":[0.9998,2.0E-4],"evs":[0.0,-2.46489]},"55":{"weight":1.0,"played":[0.999,0.001],"evs":[0.0,-0.39266]},"65o":{"weight":1.0,"played":[1.0,0.0],"evs":[0.0,-4.16186]},"75o":{"weight":1.0,"played":[1.0,0.0],"evs":[0.0,-4.70438]},"85o":{"weight":1.0,"played":[1.0,0.0],"evs":[0.0,-5.51768]},"95o":{"weight":1.0,"played":[1.0,0.0],"evs":[0.0,-5.91042]},"T5o":{"weight":1.0,"played":[1.0,0.0],"evs":[0.0,-6.17502]},"J5o":{"weight":1.0,"played":[1.0,0.0],"evs":[0.0,-5.89034]},"Q5o":{"weight":1.0,"played":[1.0,0.0],"evs":[0.0,-5.42188]},"K5o":{"weight":1.0,"played":[1.0,0.0],"evs":[0.0,-5.13726]},"A5o":{"weight":1.0,"played":[1.0,0.0],"evs":[0.0,-4.32685]},"62s":{"weight":1.0,"played":[1.0,0.0],"evs":[0.0,-4.31431]},"63s":{"weight":1.0,"played":[1.0,0.0],"evs":[0.0,-3.73804]},"64s":{"weight":1.0,"played":[0.9999,1.0E-4],"evs":[0.0,-3.13739]},"65s":{"weight":1.0,"played":[1.0,0.0],"evs":[0.0,-2.69149]},"66":{"weight":1.0,"played":[0.111,0.889],"evs":[0.0,-0.02632]},"76o":{"weight":1.0,"played":[1.0,0.0],"evs":[0.0,-4.14673]},"86o":{"weight":1.0,"played":[1.0,0.0],"evs":[0.0,-4.87094]},"96o":{"weight":1.0,"played":[1.0,0.0],"evs":[0.0,-5.04281]},"T6o":{"weight":1.0,"played":[1.0,0.0],"evs":[0.0,-5.25588]},"J6o":{"weight":1.0,"played":[1.0,0.0],"evs":[0.0,-5.62991]},"Q6o":{"weight":1.0,"played":[1.0,0.0],"evs":[0.0,-5.17839]},"K6o":{"weight":1.0,"played":[1.0,0.0],"evs":[0.0,-4.89698]},"A6o":{"weight":1.0,"played":[1.0,0.0],"evs":[0.0,-4.51096]},"72s":{"weight":1.0,"played":[1.0,0.0],"evs":[0.0,-5.01757]},"73s":{"weight":1.0,"played":[1.0,0.0],"evs":[0.0,-4.0922]},"74s":{"weight":1.0,"played":[0.9999,1.0E-4],"evs":[0.0,-3.90342]},"75s":{"weight":1.0,"played":[1.0,0.0],"evs":[0.0,-2.89481]},"76s":{"weight":1.0,"played":[1.0,0.0],"evs":[0.0,-2.69341]},"77":{"weight":1.0,"played":[0.9335,0.0665],"evs":[0.0,-0.14716]},"87o":{"weight":1.0,"played":[1.0,0.0],"evs":[0.0,-4.4424]},"97o":{"weight":1.0,"played":[1.0,0.0],"evs":[0.0,-4.87459]},"T7o":{"weight":1.0,"played":[1.0,0.0],"evs":[0.0,-5.0591]},"J7o":{"weight":1.0,"played":[1.0,0.0],"evs":[0.0,-5.19485]},"Q7o":{"weight":1.0,"played":[1.0,0.0],"evs":[0.0,-5.35991]},"K7o":{"weight":1.0,"played":[1.0,0.0],"evs":[0.0,-4.77651]},"A7o":{"weight":1.0,"played":[1.0,0.0],"evs":[0.0,-4.37212]},"82s":{"weight":1.0,"played":[1.0,0.0],"evs":[0.0,-5.34139]},"83s":{"weight":1.0,"played":[1.0,0.0],"evs":[0.0,-5.16479]},"84s":{"weight":1.0,"played":[1.0,0.0],"evs":[0.0,-4.59027]},"85s":{"weight":1.0,"played":[1.0,0.0],"evs":[0.0,-3.93522]},"86s":{"weight":1.0,"played":[1.0,0.0],"evs":[0.0,-3.16245]},"87s":{"weight":1.0,"played":[0.9997,3.0E-4],"evs":[0.0,-2.79973]},"88":{"weight":1.0,"played":[0.0,1.0],"evs":[0.0,0.83907]},"98o":{"weight":1.0,"played":[1.0,0.0],"evs":[0.0,-4.46488]},"T8o":{"weight":1.0,"played":[1.0,0.0],"evs":[0.0,-4.90566]},"J8o":{"weight":1.0,"played":[1.0,0.0],"evs":[0.0,-4.8381]},"Q8o":{"weight":1.0,"played":[1.0,0.0],"evs":[0.0,-5.05016]},"K8o":{"weight":1.0,"played":[1.0,0.0],"evs":[0.0,-4.86653]},"A8o":{"weight":1.0,"played":[1.0,0.0],"evs":[0.0,-3.6316]},"92s":{"weight":1.0,"played":[1.0,0.0],"evs":[0.0,-5.00802]},"93s":{"weight":1.0,"played":[1.0,0.0],"evs":[0.0,-4.8298]},"94s":{"weight":1.0,"played":[1.0,0.0],"evs":[0.0,-4.55842]},"95s":{"weight":1.0,"played":[1.0,0.0],"evs":[0.0,-4.12876]},"96s":{"weight":1.0,"played":[1.0,0.0],"evs":[0.0,-3.46751]},"97s":{"weight":1.0,"played":[1.0,0.0],"evs":[0.0,-3.14532]},"98s":{"weight":1.0,"played":[1.0,0.0],"evs":[0.0,-3.01254]},"99":{"weight":1.0,"played":[0.0,1.0],"evs":[0.0,1.11826]},"T9o":{"weight":1.0,"played":[1.0,0.0],"evs":[0.0,-4.10894]},"J9o":{"weight":1.0,"played":[1.0,0.0],"evs":[0.0,-4.1501]},"Q9o":{"weight":1.0,"played":[1.0,0.0],"evs":[0.0,-4.50156]},"K9o":{"weight":1.0,"played":[1.0,0.0],"evs":[0.0,-4.38884]},"A9o":{"weight":1.0,"played":[1.0,0.0],"evs":[0.0,-2.97571]},"T2s":{"weight":1.0,"played":[1.0,0.0],"evs":[0.0,-4.62291]},"T3s":{"weight":1.0,"played":[1.0,0.0],"evs":[0.0,-4.6462]},"T4s":{"weight":1.0,"played":[1.0,0.0],"evs":[0.0,-4.45621]},"T5s":{"weight":1.0,"played":[1.0,0.0],"evs":[0.0,-4.77241]},"T6s":{"weight":1.0,"played":[0.9999,1.0E-4],"evs":[0.0,-3.78012]},"T7s":{"weight":1.0,"played":[1.0,0.0],"evs":[0.0,-3.65212]},"T8s":{"weight":1.0,"played":[0.9999,1.0E-4],"evs":[0.0,-3.56553]},"T9s":{"weight":1.0,"played":[0.9999,1.0E-4],"evs":[0.0,-2.47284]},"TT":{"weight":1.0,"played":[0.0,1.0],"evs":[0.0,2.7244]},"JTo":{"weight":1.0,"played":[1.0,0.0],"evs":[0.0,-3.70484]},"QTo":{"weight":1.0,"played":[1.0,0.0],"evs":[0.0,-3.7134]},"KTo":{"weight":1.0,"played":[0.9999,1.0E-4],"evs":[0.0,-3.63084]},"ATo":{"weight":1.0,"played":[0.9998,2.0E-4],"evs":[0.0,-1.62888]},"J2s":{"weight":1.0,"played":[1.0,0.0],"evs":[0.0,-4.5467]},"J3s":{"weight":1.0,"played":[1.0,0.0],"evs":[0.0,-4.42576]},"J4s":{"weight":1.0,"played":[1.0,0.0],"evs":[0.0,-4.50932]},"J5s":{"weight":1.0,"played":[1.0,0.0],"evs":[0.0,-4.45372]},"J6s":{"weight":1.0,"played":[1.0,0.0],"evs":[0.0,-4.05846]},"J7s":{"weight":1.0,"played":[0.9999,1.0E-4],"evs":[0.0,-3.74465]},"J8s":{"weight":1.0,"played":[1.0,0.0],"evs":[0.0,-3.38978]},"J9s":{"weight":1.0,"played":[0.9995,5.0E-4],"evs":[0.0,-2.37225]},"JTs":{"weight":1.0,"played":[0.9994,6.0E-4],"evs":[0.0,-2.29903]},"JJ":{"weight":1.0,"played":[0.0,1.0],"evs":[0.0,4.61454]},"QJo":{"weight":1.0,"played":[1.0,0.0],"evs":[0.0,-3.59956]},"KJo":{"weight":1.0,"played":[0.9999,1.0E-4],"evs":[0.0,-3.18486]},"AJo":{"weight":1.0,"played":[0.481,0.519],"evs":[0.0,-0.07859]},"Q2s":{"weight":1.0,"played":[1.0,0.0],"evs":[0.0,-4.5065]},"Q3s":{"weight":1.0,"played":[1.0,0.0],"evs":[0.0,-4.04159]},"Q4s":{"weight":1.0,"played":[1.0,0.0],"evs":[0.0,-3.94729]},"Q5s":{"weight":1.0,"played":[0.9999,1.0E-4],"evs":[0.0,-3.77864]},"Q6s":{"weight":1.0,"played":[1.0,0.0],"evs":[0.0,-3.59901]},"Q7s":{"weight":1.0,"played":[1.0,0.0],"evs":[0.0,-3.77812]},"Q8s":{"weight":1.0,"played":[0.9999,1.0E-4],"evs":[0.0,-3.48352]},"Q9s":{"weight":1.0,"played":[0.9999,1.0E-4],"evs":[0.0,-2.84416]},"QTs":{"weight":1.0,"played":[0.9999,1.0E-4],"evs":[0.0,-2.10025]},"QJs":{"weight":1.0,"played":[0.9982,0.0018],"evs":[0.0,-1.95995]},"QQ":{"weight":1.0,"played":[0.0,1.0],"evs":[0.0,7.53603]},"KQo":{"weight":1.0,"played":[0.9997,3.0E-4],"evs":[0.0,-2.13655]},"AQo":{"weight":1.0,"played":[0.0,1.0],"evs":[0.0,2.09686]},"K2s":{"weight":1.0,"played":[1.0,0.0],"evs":[0.0,-3.83938]},"K3s":{"weight":1.0,"played":[1.0,0.0],"evs":[0.0,-3.49678]},"K4s":{"weight":1.0,"played":[1.0,0.0],"evs":[0.0,-3.38493]},"K5s":{"weight":1.0,"played":[1.0,0.0],"evs":[0.0,-3.12336]},"K6s":{"weight":1.0,"played":[1.0,0.0],"evs":[0.0,-3.21366]},"K7s":{"weight":1.0,"played":[1.0,0.0],"evs":[0.0,-3.08831]},"K8s":{"weight":1.0,"played":[1.0,0.0],"evs":[0.0,-3.60436]},"K9s":{"weight":1.0,"played":[0.9996,4.0E-4],"evs":[0.0,-2.8674]},"KTs":{"weight":1.0,"played":[0.9972,0.0028],"evs":[0.0,-2.48827]},"KJs":{"weight":1.0,"played":[0.9996,4.0E-4],"evs":[0.0,-1.5731]},"KQs":{"weight":1.0,"played":[0.9965,0.0035],"evs":[0.0,-0.60418]},"KK":{"weight":1.0,"played":[0.0,1.0],"evs":[0.0,11.00404]},"AKo":{"weight":1.0,"played":[0.0,1.0],"evs":[0.0,4.28623]},"A2s":{"weight":1.0,"played":[1.0,0.0],"evs":[0.0,-2.99691]},"A3s":{"weight":1.0,"played":[0.9988,0.0012],"evs":[0.0,-3.14723]},"A4s":{"weight":1.0,"played":[0.9999,1.0E-4],"evs":[0.0,-2.55688]},"A5s":{"weight":1.0,"played":[1.0,0.0],"evs":[0.0,-2.55213]},"A6s":{"weight":1.0,"played":[1.0,0.0],"evs":[0.0,-2.75169]},"A7s":{"weight":1.0,"played":[0.9931,0.0069],"evs":[0.0,-2.29398]},"A8s":{"weight":1.0,"played":[0.9988,0.0012],"evs":[0.0,-1.71982]},"A9s":{"weight":1.0,"played":[0.9912,0.0088],"evs":[0.0,-1.69919]},"ATs":{"weight":1.0,"played":[0.344,0.656],"evs":[0.0,0.09297]},"AJs":{"weight":1.0,"played":[0.0016,0.9984],"evs":[0.0,1.39812]},"AQs":{"weight":1.0,"played":[0.0,1.0],"evs":[0.0,3.57359]},"AKs":{"weight":1.0,"played":[0.0,1.0],"evs":[0.0,5.29497]},"AA":{"weight":1.0,"played":[0.0,1.0],"evs":[0.0,18.00714]}}}