{"player":3,"street":0,"children":2,"sequence":[{"player":0,"type":"R","amount":1505000,"street":0},{"player":1,"type":"F","amount":0,"street":0},{"player":2,"type":"C","amount":1345000,"street":0}],"actions":[{"type":"F","amount":0},{"type":"C","amount":855000}],"hands":{"22":{"weight":1.0,"played":[1.0,0.0],"evs":[0.0,-0.69565]},"32o":{"weight":1.0,"played":[1.0,0.0],"evs":[0.0,-3.5509]},"42o":{"weight":1.0,"played":[1.0,0.0],"evs":[0.0,-3.27404]},"52o":{"weight":1.0,"played":[1.0,0.0],"evs":[0.0,-3.1204]},"62o":{"weight":1.0,"played":[1.0,0.0],"evs":[0.0,-3.42853]},"72o":{"weight":1.0,"played":[1.0,0.0],"evs":[0.0,-3.7544]},"82o":{"weight":1.0,"played":[1.0,0.0],"evs":[0.0,-3.47214]},"92o":{"weight":1.0,"played":[1.0,0.0],"evs":[0.0,-3.41826]},"T2o":{"weight":1.0,"played":[1.0,0.0],"evs":[0.0,-3.39285]},"J2o":{"weight":1.0,"played":[1.0,0.0],"evs":[0.0,-3.21142]},"Q2o":{"weight":1.0,"played":[1.0,0.0],"evs":[0.0,-2.87051]},"K2o":{"weight":1.0,"played":[1.0,0.0],"evs":[0.0,-2.72031]},"A2o":{"weight":1.0,"played":[1.0,0.0],"evs":[0.0,-2.76338]},"32s":{"weight":1.0,"played":[1.0,0.0],"evs":[0.0,-2.39899]},"33":{"weight":1.0,"played":[0.9999,1.0E-4],"evs":[0.0,-0.24443]},"43o":{"weight":1.0,"played":[1.0,0.0],"evs":[0.0,-2.7986]},"53o":{"weight":1.0,"played":[1.0,0.0],"evs":[0.0,-2.57724]},"63o":{"weight":1.0,"played":[1.0,0.0],"evs":[0.0,-2.82152]},"73o":{"weight":1.0,"played":[1.0,0.0],"evs":[0.0,-3.27672]},"83o":{"weight":1.0,"played":[1.0,0.0],"evs":[0.0,-3.43502]},"93o":{"weight":1.0,"played":[1.0,0.0],"evs":[0.0,-3.27614]},"T3o":{"weight":1.0,"played":[1.0,0.0],"evs":[0.0,-3.18667]},"J3o":{"weight":1.0,"played":[1.0,0.0],"evs":[0.0,-3.04978]},"Q3o":{"weight":1.0,"played":[1.0,0.0],"evs":[0.0,-2.73531]},"K3o":{"weight":1.0,"played":[1.0,0.0],"evs":[0.0,-2.68887]},"A3o":{"weight":1.0,"played":[1.0,0.0],"evs":[0.0,-2.54195]},"42s":{"weight":1.0,"played":[1.0,0.0],"evs":[0.0,-2.04828]},"43s":{"weight":1.0,"played":[1.0,0.0],"evs":[0.0,-1.52972]},"44":{"weight":1.0,"played":[0.0089,0.9911],"evs":[0.0,0.23358]},"54o":{"weight":1.0,"played":[1.0,0.0],"evs":[0.0,-2.01923]},"64o":{"weight":1.0,"played":[1.0,0.0],"evs":[0.0,-2.22107]},"74o":{"weight":1.0,"played":[1.0,0.0],"evs":[0.0,-2.65721]},"84o":{"weight":1.0,"played":[1.0,0.0],"evs":[0.0,-2.84334]},"94o":{"weight":1.0,"played":[1.0,0.0],"evs":[0.0,-3.15263]},"T4o":{"weight":1.0,"played":[1.0,0.0],"evs":[0.0,-3.04693]},"J4o":{"weight":1.0,"played":[1.0,0.0],"evs":[0.0,-2.88849]},"Q4o":{"weight":1.0,"played":[1.0,0.0],"evs":[0.0,-2.54798]},"K4o":{"weight":1.0,"played":[1.0,0.0],"evs":[0.0,-2.49623]},"A4o":{"weight":1.0,"played":[1.0,0.0],"evs":[0.0,-2.29422]},"52s":{"weight":1.0,"played":[1.0,0.0],"evs":[0.0,-2.00418]},"53s":{"weight":1.0,"played":[0.9999,1.0E-4],"evs":[0.0,-1.3644]},"54s":{"weight":1.0,"played":[1.0,0.0],"evs":[0.0,-0.84006]},"55":{"weight":1.0,"played":[0.0,1.0],"evs":[0.0,0.95891]},"65o":{"weight":1.0,"played":[1.0,0.0],"evs":[0.0,-1.72933]},"75o":{"weight":1.0,"played":[1.0,0.0],"evs":[0.0,-2.09422]},"85o":{"weight":1.0,"played":[1.0,0.0],"evs":[0.0,-2.26416]},"95o":{"weight":1.0,"played":[1.0,0.0],"evs":[0.0,-2.53913]},"T5o":{"weight":1.0,"played":[1.0,0.0],"evs":[0.0,-2.87038]},"J5o":{"weight":1.0,"played":[1.0,0.0],"evs":[0.0,-2.6306]},"Q5o":{"weight":1.0,"played":[1.0,0.0],"evs":[0.0,-2.38889]},"K5o":{"weight":1.0,"played":[1.0,0.0],"evs":[0.0,-2.23192]},"A5o":{"weight":1.0,"played":[1.0,0.0],"evs":[0.0,-2.03443]},"62s":{"weight":1.0,"played":[1.0,0.0],"evs":[0.0,-2.13687]},"63s":{"weight":1.0,"played":[1.0,0.0],"evs":[0.0,-1.70668]},"64s":{"weight":1.0,"played":[1.0,0.0],"evs":[0.0,-1.03904]},"65s":{"weight":1.0,"played":[0.9995,5.0E-4],"evs":[0.0,-0.46648]},"66":{"weight":1.0,"played":[0.0,1.0],"evs":[0.0,1.5749]},"76o":{"weight":1.0,"played":[1.0,0.0],"evs":[0.0,-1.51371]},"86o":{"weight":1.0,"played":[1.0,0.0],"evs":[0.0,-1.77296]},"96o":{"weight":1.0,"played":[1.0,0.0],"evs":[0.0,-1.9496]},"T6o":{"weight":1.0,"played":[1.0,0.0],"evs":[0.0,-2.31634]},"J6o":{"weight":1.0,"played":[1.0,0.0],"evs":[0.0,-2.49762]},"Q6o":{"weight":1.0,"played":[1.0,0.0],"evs":[0.0,-2.13069]},"K6o":{"weight":1.0,"played":[1.0,0.0],"evs":[0.0,-1.94184]},"A6o":{"weight":1.0,"played":[1.0,0.0],"evs":[0.0,-2.17105]},"72s":{"weight":1.0,"played":[1.0,0.0],"evs":[0.0,-2.50232]},"73s":{"weight":1.0,"played":[1.0,0.0],"evs":[0.0,-1.94442]},"74s":{"weight":1.0,"played":[1.0,0.0],"evs":[0.0,-1.47836]},"75s":{"weight":1.0,"played":[1.0,0.0],"evs":[0.0,-1.05642]},"76s":{"weight":1.0,"played":[0.9998,2.0E-4],"evs":[0.0,-0.46522]},"77":{"weight":1.0,"played":[0.0,1.0],"evs":[0.0,2.34193]},"87o":{"weight":1.0,"played":[1.0,0.0],"evs":[0.0,-1.48329]},"97o":{"weight":1.0,"played":[1.0,0.0],"evs":[0.0,-1.6692]},"T7o":{"weight":1.0,"played":[1.0,0.0],"evs":[0.0,-1.96231]},"J7o":{"weight":1.0,"played":[1.0,0.0],"evs":[0.0,-2.15959]},"Q7o":{"weight":1.0,"played":[1.0,0.0],"evs":[0.0,-2.26627]},"K7o":{"weight":1.0,"played":[1.0,0.0],"evs":[0.0,-2.01653]},"A7o":{"weight":1.0,"played":[1.0,0.0],"evs":[0.0,-1.74948]},"82s":{"weight":1.0,"played":[1.0,0.0],"evs":[0.0,-2.29294]},"83s":{"weight":1.0,"played":[1.0,0.0],"evs":[0.0,-2.25452]},"84s":{"weight":1.0,"played":[1.0,0.0],"evs":[0.0,-1.69579]},"85s":{"weight":1.0,"played":[1.0,0.0],"evs":[0.0,-1.12933]},"86s":{"weight":1.0,"played":[0.9999,1.0E-4],"evs":[0.0,-0.62134]},"87s":{"weight":1.0,"played":[0.9997,3.0E-4],"evs":[0.0,-0.29973]},"88":{"weight":1.0,"played":[0.0,1.0],"evs":[0.0,3.19863]},"98o":{"weight":1.0,"played":[1.0,0.0],"evs":[0.0,-1.18534]},"T8o":{"weight":1.0,"played":[1.0,0.0],"evs":[0.0,-1.36183]},"J8o":{"weight":1.0,"played":[1.0,0.0],"evs":[0.0,-1.5448]},"Q8o":{"weight":1.0,"played":[1.0,0.0],"evs":[0.0,-1.63717]},"K8o":{"weight":1.0,"played":[1.0,0.0],"evs":[0.0,-1.84272]},"A8o":{"weight":1.0,"played":[1.0,0.0],"evs":[0.0,-1.1645]},"92s":{"weight":1.0,"played":[1.0,0.0],"evs":[0.0,-2.25119]},"93s":{"weight":1.0,"played":[1.0,0.0],"evs":[0.0,-2.09339]},"94s":{"weight":1.0,"played":[1.0,0.0],"evs":[0.0,-1.93975]},"95s":{"weight":1.0,"played":[1.0,0.0],"evs":[0.0,-1.34504]},"96s":{"weight":1.0,"played":[0.9999,1.0E-4],"evs":[0.0,-0.84721]},"97s":{"weight":1.0,"played":[0.9995,5.0E-4],"evs":[0.0,-0.4745]},"98s":{"weight":1.0,"played":[0.0789,0.9211],"evs":[0.0,0.05376]},"99":{"weight":1.0,"played":[0.0,1.0],"evs":[0.0,4.13901]},"T9o":{"weight":1.0,"played":[1.0,0.0],"evs":[0.0,-0.84287]},"J9o":{"weight":1.0,"played":[1.0,0.0],"evs":[0.0,-1.06722]},"Q9o":{"weight":1.0,"played":[1.0,0.0],"evs":[0.0,-1.12984]},"K9o":{"weight":1.0,"played":[1.0,0.0],"evs":[0.0,-1.27625]},"A9o":{"weight":1.0,"played":[0.9999,1.0E-4],"evs":[0.0,-0.50697]},"T2s":{"weight":1.0,"played":[1.0,0.0],"evs":[0.0,-2.0787]},"T3s":{"weight":1.0,"played":[1.0,0.0],"evs":[0.0,-1.86251]},"T4s":{"weight":1.0,"played":[1.0,0.0],"evs":[0.0,-1.75834]},"T5s":{"weight":1.0,"played":[1.0,0.0],"evs":[0.0,-1.57681]},"T6s":{"weight":1.0,"played":[0.9999,1.0E-4],"evs":[0.0,-1.12098]},"T7s":{"weight":1.0,"played":[1.0,0.0],"evs":[0.0,-0.5936]},"T8s":{"weight":1.0,"played":[1.0,0.0],"evs":[0.0,-0.11309]},"T9s":{"weight":1.0,"played":[2.0E-4,0.9998],"evs":[0.0,0.30228]},"TT":{"weight":1.0,"played":[0.0,1.0],"evs":[0.0,5.53039]},"JTo":{"weight":1.0,"played":[1.0,0.0],"evs":[0.0,-0.42676]},"QTo":{"weight":1.0,"played":[1.0,0.0],"evs":[0.0,-0.45427]},"KTo":{"weight":1.0,"played":[1.0,0.0],"evs":[0.0,-0.55767]},"ATo":{"weight":1.0,"played":[0.0,1.0],"evs":[0.0,0.73492]},"J2s":{"weight":1.0,"played":[1.0,0.0],"evs":[0.0,-1.91984]},"J3s":{"weight":1.0,"played":[1.0,0.0],"evs":[0.0,-1.85127]},"J4s":{"weight":1.0,"played":[1.0,0.0],"evs":[0.0,-1.61772]},"J5s":{"weight":1.0,"played":[1.0,0.0],"evs":[0.0,-1.40158]},"J6s":{"weight":1.0,"played":[1.0,0.0],"evs":[0.0,-1.29062]},"J7s":{"weight":1.0,"played":[1.0,0.0],"evs":[0.0,-0.90364]},"J8s":{"weight":1.0,"played":[0.992,0.008],"evs":[0.0,-0.54688]},"J9s":{"weight":1.0,"played":[0.4176,0.5824],"evs":[0.0,0.01055]},"JTs":{"weight":1.0,"played":[0.0,1.0],"evs":[0.0,0.73332]},"JJ":{"weight":1.0,"played":[0.0,1.0],"evs":[0.0,7.02842]},"QJo":{"weight":1.0,"played":[0.9996,4.0E-4],"evs":[0.0,-0.28685]},"KJo":{"weight":1.0,"played":[0.9769,0.0231],"evs":[0.0,-0.05049]},"AJo":{"weight":1.0,"played":[0.0,1.0],"evs":[0.0,1.89685]},"Q2s":{"weight":1.0,"played":[1.0,0.0],"evs":[0.0,-1.61087]},"Q3s":{"weight":1.0,"played":[1.0,0.0],"evs":[0.0,-1.51091]},"Q4s":{"weight":1.0,"played":[1.0,0.0],"evs":[0.0,-1.35526]},"Q5s":{"weight":1.0,"played":[1.0,0.0],"evs":[0.0,-1.11075]},"Q6s":{"weight":1.0,"played":[1.0,0.0],"evs":[0.0,-0.81434]},"Q7s":{"weight":1.0,"played":[1.0,0.0],"evs":[0.0,-0.9017]},"Q8s":{"weight":1.0,"played":[0.9995,5.0E-4],"evs":[0.0,-0.4424]},"Q9s":{"weight":1.0,"played":[0.1143,0.8857],"evs":[0.0,0.04366]},"QTs":{"weight":1.0,"played":[4.0E-4,0.9996],"evs":[0.0,0.70273]},"QJs":{"weight":1.0,"played":[0.0,1.0],"evs":[0.0,0.88141]},"QQ":{"weight":1.0,"played":[0.0,1.0],"evs":[0.0,8.61714]},"KQo":{"weight":1.0,"played":[1.0E-4,0.9999],"evs":[0.0,0.58318]},"AQo":{"weight":1.0,"played":[0.0,1.0],"evs":[0.0,2.94171]},"K2s":{"weight":1.0,"played":[1.0,0.0],"evs":[0.0,-1.50459]},"K3s":{"weight":1.0,"played":[1.0,0.0],"evs":[0.0,-1.45677]},"K4s":{"weight":1.0,"played":[1.0,0.0],"evs":[0.0,-1.14881]},"K5s":{"weight":1.0,"played":[1.0,0.0],"evs":[0.0,-0.9602]},"K6s":{"weight":1.0,"played":[1.0,0.0],"evs":[0.0,-0.79212]},"K7s":{"weight":1.0,"played":[0.9999,1.0E-4],"evs":[0.0,-0.68557]},"K8s":{"weight":1.0,"played":[1.0,0.0],"evs":[0.0,-0.60579]},"K9s":{"weight":1.0,"played":[0.7748,0.2252],"evs":[0.0,-0.06849]},"KTs":{"weight":1.0,"played":[0.0,1.0],"evs":[0.0,0.48212]},"KJs":{"weight":1.0,"played":[0.0,1.0],"evs":[0.0,1.07429]},"KQs":{"weight":1.0,"played":[0.0,1.0],"evs":[0.0,1.64045]},"KK":{"weight":1.0,"played":[0.0,1.0],"evs":[0.0,10.42766]},"AKo":{"weight":1.0,"played":[0.0,1.0],"evs":[0.0,4.12235]},"A2s":{"weight":1.0,"played":[1.0,0.0],"evs":[0.0,-1.391]},"A3s":{"weight":1.0,"played":[1.0,0.0],"evs":[0.0,-1.1667]},"A4s":{"weight":1.0,"played":[1.0,0.0],"evs":[0.0,-1.03451]},"A5s":{"weight":1.0,"played":[1.0,0.0],"evs":[0.0,-0.70148]},"A6s":{"weight":1.0,"played":[1.0,0.0],"evs":[0.0,-0.77381]},"A7s":{"weight":1.0,"played":[0.9943,0.0057],"evs":[0.0,-0.38795]},"A8s":{"weight":1.0,"played":[0.0021,0.9979],"evs":[0.0,0.1074]},"A9s":{"weight":1.0,"played":[0.0,1.0],"evs":[0.0,0.75467]},"ATs":{"weight":1.0,"played":[0.0,1.0],"evs":[0.0,2.00229]},"AJs":{"weight":1.0,"played":[0.0,1.0],"evs":[0.0,2.77569]},"AQs":{"weight":1.0,"played":[0.0,1.0],"evs":[0.0,3.98838]},"AKs":{"weight":1.0,"played":[0.0,1.0],"evs":[0.0,5.09887]},"AA":{"weight":1.0,"played":[0.0,1.0],"evs":[0.0,14.13987]}}}