{"player":3,"street":0,"children":3,"sequence":[{"player":0,"type":"F","amount":0,"street":0},{"player":1,"type":"R","amount":200000,"street":0},{"player":2,"type":"C","amount":150000,"street":0}],"actions":[{"type":"F","amount":0},{"type":"C","amount":100000},{"type":"R","amount":955000,"node":10}],"hands":{"22":{"weight":1.0,"played":[0.0241,0.9758,0.0],"evs":[0.0,0.51091,-1.62146]},"32o":{"weight":1.0,"played":[1.0,0.0,0.0],"evs":[0.0,-0.34927,-3.9225]},"42o":{"weight":1.0,"played":[0.9998,1.0E-4,1.0E-4],"evs":[0.0,-0.37539,-4.06668]},"52o":{"weight":1.0,"played":[1.0,0.0,0.0],"evs":[0.0,-0.2673,-3.42244]},"62o":{"weight":1.0,"played":[0.9994,6.0E-4,0.0],"evs":[0.0,-0.40201,-3.89383]},"72o":{"weight":1.0,"played":[1.0,0.0,0.0],"evs":[0.0,-0.54184,-4.08902]},"82o":{"weight":1.0,"played":[0.9999,0.0,0.0],"evs":[0.0,-0.64331,-4.1588]},"92o":{"weight":1.0,"played":[0.9999,1.0E-4,0.0],"evs":[0.0,-0.47042,-3.91082]},"T2o":{"weight":1.0,"played":[0.9999,1.0E-4,0.0],"evs":[0.0,-0.45836,-3.51315]},"J2o":{"weight":1.0,"played":[0.9999,0.0,1.0E-4],"evs":[0.0,-0.43456,-3.36213]},"Q2o":{"weight":1.0,"played":[0.9993,6.0E-4,0.0],"evs":[0.0,-0.25868,-2.38331]},"K2o":{"weight":1.0,"played":[0.9999,1.0E-4,0.0],"evs":[0.0,-0.24917,-1.93865]},"A2o":{"weight":1.0,"played":[0.0051,0.9936,0.0014],"evs":[0.0,0.76585,0.32886]},"32s":{"weight":1.0,"played":[0.8639,0.1361,0.0],"evs":[0.0,-0.2668,-3.39052]},"33":{"weight":1.0,"played":[0.0095,0.9898,7.0E-4],"evs":[0.0,0.56109,-0.38956]},"43o":{"weight":1.0,"played":[0.9998,2.0E-4,0.0],"evs":[0.0,-0.20199,-3.18566]},"53o":{"weight":1.0,"played":[0.9993,7.0E-4,0.0],"evs":[0.0,-0.11781,-2.94202]},"63o":{"weight":1.0,"played":[0.9998,2.0E-4,0.0],"evs":[0.0,-0.23846,-3.3282]},"73o":{"weight":1.0,"played":[0.9999,1.0E-4,0.0],"evs":[0.0,-0.48302,-3.71408]},"83o":{"weight":1.0,"played":[1.0,0.0,0.0],"evs":[0.0,-0.51481,-3.88508]},"93o":{"weight":1.0,"played":[0.9999,1.0E-4,0.0],"evs":[0.0,-0.34445,-3.52749]},"T3o":{"weight":1.0,"played":[0.9998,2.0E-4,0.0],"evs":[0.0,-0.48132,-3.54166]},"J3o":{"weight":1.0,"played":[1.0,0.0,0.0],"evs":[0.0,-0.38549,-2.89307]},"Q3o":{"weight":1.0,"played":[1.0,0.0,0.0],"evs":[0.0,-0.37812,-2.40907]},"K3o":{"weight":1.0,"played":[0.9995,4.0E-4,1.0E-4],"evs":[0.0,-0.27979,-1.69181]},"A3o":{"weight":1.0,"played":[0.0017,0.9026,0.0958],"evs":[0.0,0.69719,0.04813]},"42s":{"weight":1.0,"played":[0.6001,0.3998,0.0],"evs":[0.0,-0.01648,-2.90174]},"43s":{"weight":1.0,"played":[0.0432,0.9562,6.0E-4],"evs":[0.0,0.31183,-1.96979]},"44":{"weight":1.0,"played":[0.0439,0.9485,0.0076],"evs":[0.0,0.55836,-0.0735]},"54o":{"weight":1.0,"played":[0.9036,0.0964,0.0],"evs":[0.0,-0.02375,-2.70926]},"64o":{"weight":1.0,"played":[0.9977,0.0023,0.0],"evs":[0.0,-0.16657,-2.81972]},"74o":{"weight":1.0,"played":[0.9977,0.0023,0.0],"evs":[0.0,-0.15376,-3.1519]},"84o":{"weight":1.0,"played":[0.9999,1.0E-4,0.0],"evs":[0.0,-0.46397,-3.58534]},"94o":{"weight":1.0,"played":[1.0,0.0,0.0],"evs":[0.0,-0.4604,-3.49563]},"T4o":{"weight":1.0,"played":[0.9997,3.0E-4,0.0],"evs":[0.0,-0.49448,-3.22628]},"J4o":{"weight":1.0,"played":[0.9999,1.0E-4,1.0E-4],"evs":[0.0,-0.46241,-3.21719]},"Q4o":{"weight":1.0,"played":[0.9994,6.0E-4,0.0],"evs":[0.0,-0.17303,-1.94191]},"K4o":{"weight":1.0,"played":[0.9998,1.0E-4,1.0E-4],"evs":[0.0,-0.30389,-1.57338]},"A4o":{"weight":1.0,"played":[0.0,0.9454,0.0546],"evs":[0.0,0.86797,0.75267]},"52s":{"weight":1.0,"played":[0.5736,0.4254,0.001],"evs":[0.0,-0.00168,-2.57838]},"53s":{"weight":1.0,"played":[0.5388,0.4612,0.0],"evs":[0.0,0.01569,-2.35905]},"54s":{"weight":1.0,"played":[0.0149,0.9841,0.001],"evs":[0.0,0.27026,-1.80142]},"55":{"weight":1.0,"played":[0.0081,0.9494,0.0425],"evs":[0.0,0.83764,0.63814]},"65o":{"weight":1.0,"played":[0.7393,0.2606,2.0E-4],"evs":[0.0,-0.02207,-2.27718]},"75o":{"weight":1.0,"played":[0.9698,0.0301,1.0E-4],"evs":[0.0,0.029,-2.51475]},"85o":{"weight":1.0,"played":[0.9996,4.0E-4,0.0],"evs":[0.0,-0.20094,-2.65932]},"95o":{"weight":1.0,"played":[0.9996,3.0E-4,0.0],"evs":[0.0,-0.29156,-2.97316]},"T5o":{"weight":1.0,"played":[0.9998,1.0E-4,1.0E-4],"evs":[0.0,-0.37727,-3.02275]},"J5o":{"weight":1.0,"played":[0.9986,0.0014,0.0],"evs":[0.0,-0.43337,-2.84773]},"Q5o":{"weight":1.0,"played":[0.9994,6.0E-4,0.0],"evs":[0.0,-0.1405,-1.87801]},"K5o":{"weight":1.0,"played":[0.9997,2.0E-4,1.0E-4],"evs":[0.0,-0.22602,-1.50315]},"A5o":{"weight":1.0,"played":[0.0,0.3937,0.6063],"evs":[0.0,0.70128,0.58764]},"62s":{"weight":1.0,"played":[0.9988,7.0E-4,5.0E-4],"evs":[0.0,-0.14509,-2.8512]},"63s":{"weight":1.0,"played":[0.9246,0.0753,1.0E-4],"evs":[0.0,-0.2268,-2.8833]},"64s":{"weight":1.0,"played":[0.0808,0.9192,0.0],"evs":[0.0,0.20634,-1.95781]},"65s":{"weight":1.0,"played":[0.3038,0.6962,0.0],"evs":[0.0,0.07306,-1.7952]},"66":{"weight":1.0,"played":[6.0E-4,0.8409,0.1585],"evs":[0.0,0.75543,0.51773]},"76o":{"weight":1.0,"played":[0.9996,2.0E-4,2.0E-4],"evs":[0.0,-0.11792,-2.63251]},"86o":{"weight":1.0,"played":[0.9997,3.0E-4,0.0],"evs":[0.0,-0.235,-2.7226]},"96o":{"weight":1.0,"played":[0.9998,1.0E-4,1.0E-4],"evs":[0.0,-0.25608,-2.71544]},"T6o":{"weight":1.0,"played":[0.9995,5.0E-4,0.0],"evs":[0.0,-0.41147,-2.68989]},"J6o":{"weight":1.0,"played":[0.9991,9.0E-4,0.0],"evs":[0.0,-0.45778,-2.91709]},"Q6o":{"weight":1.0,"played":[0.9998,2.0E-4,0.0],"evs":[0.0,-0.27854,-1.82973]},"K6o":{"weight":1.0,"played":[0.9992,7.0E-4,1.0E-4],"evs":[0.0,-0.23535,-1.42356]},"A6o":{"weight":1.0,"played":[0.0,0.9766,0.0234],"evs":[0.0,0.81465,0.53098]},"72s":{"weight":1.0,"played":[0.9999,1.0E-4,0.0],"evs":[0.0,-0.31912,-3.08842]},"73s":{"weight":1.0,"played":[0.9723,0.0276,0.0],"evs":[0.0,-0.17594,-2.87418]},"74s":{"weight":1.0,"played":[0.4776,0.5224,0.0],"evs":[0.0,0.03865,-2.61956]},"75s":{"weight":1.0,"played":[0.2776,0.7218,7.0E-4],"evs":[0.0,0.1697,-1.82768]},"76s":{"weight":1.0,"played":[0.018,0.982,0.0],"evs":[0.0,0.14705,-1.58991]},"77":{"weight":1.0,"played":[3.0E-4,0.0055,0.9942],"evs":[0.0,0.64208,1.23619]},"87o":{"weight":1.0,"played":[0.9931,0.0069,1.0E-4],"evs":[0.0,-0.03469,-2.17936]},"97o":{"weight":1.0,"played":[0.999,0.001,1.0E-4],"evs":[0.0,-0.21197,-2.46089]},"T7o":{"weight":1.0,"played":[1.0,0.0,0.0],"evs":[0.0,-0.21189,-2.35582]},"J7o":{"weight":1.0,"played":[0.9996,4.0E-4,0.0],"evs":[0.0,-0.38509,-2.49061]},"Q7o":{"weight":1.0,"played":[0.9995,5.0E-4,0.0],"evs":[0.0,-0.22744,-1.66714]},"K7o":{"weight":1.0,"played":[0.6856,0.3144,0.0],"evs":[0.0,-0.00723,-1.21271]},"A7o":{"weight":1.0,"played":[0.0027,0.6815,0.3159],"evs":[0.0,0.74194,0.74785]},"82s":{"weight":1.0,"played":[0.9993,7.0E-4,0.0],"evs":[0.0,-0.34716,-3.38683]},"83s":{"weight":1.0,"played":[0.9993,7.0E-4,0.0],"evs":[0.0,-0.21679,-3.18885]},"84s":{"weight":1.0,"played":[0.3076,0.6924,0.0],"evs":[0.0,0.04368,-2.29537]},"85s":{"weight":1.0,"played":[0.3147,0.6853,0.0],"evs":[0.0,0.10093,-1.83766]},"86s":{"weight":1.0,"played":[0.1796,0.8204,0.0],"evs":[0.0,0.10899,-1.9643]},"87s":{"weight":1.0,"played":[0.0943,0.9044,0.0012],"evs":[0.0,0.36958,-1.11564]},"88":{"weight":1.0,"played":[0.0,0.0,1.0],"evs":[0.0,1.08853,1.98659]},"98o":{"weight":1.0,"played":[1.0,0.0,0.0],"evs":[0.0,-0.03085,-1.96806]},"T8o":{"weight":1.0,"played":[0.9999,1.0E-4,0.0],"evs":[0.0,-0.17355,-2.22398]},"J8o":{"weight":1.0,"played":[0.9991,9.0E-4,0.0],"evs":[0.0,-0.25132,-2.08535]},"Q8o":{"weight":1.0,"played":[0.9934,0.0066,0.0],"evs":[0.0,-0.06384,-1.08692]},"K8o":{"weight":1.0,"played":[0.994,0.0029,0.0031],"evs":[0.0,-0.03105,-1.21117]},"A8o":{"weight":1.0,"played":[0.0,0.1068,0.8932],"evs":[0.0,0.65951,0.78907]},"92s":{"weight":1.0,"played":[0.9997,2.0E-4,1.0E-4],"evs":[0.0,-0.31496,-3.19244]},"93s":{"weight":1.0,"played":[0.9996,4.0E-4,0.0],"evs":[0.0,-0.16191,-3.07746]},"94s":{"weight":1.0,"played":[0.7164,0.2836,0.0],"evs":[0.0,0.01244,-2.56286]},"95s":{"weight":1.0,"played":[0.9964,0.0036,0.0],"evs":[0.0,-0.06912,-2.18296]},"96s":{"weight":1.0,"played":[0.4067,0.5933,0.0],"evs":[0.0,0.11214,-1.83562]},"97s":{"weight":1.0,"played":[0.0592,0.9405,2.0E-4],"evs":[0.0,0.3635,-1.30788]},"98s":{"weight":1.0,"played":[0.6596,0.3386,0.0018],"evs":[0.0,0.10222,-1.03475]},"99":{"weight":1.0,"played":[0.0,1.0E-4,0.9999],"evs":[0.0,0.85865,2.23647]},"T9o":{"weight":1.0,"played":[0.4702,0.5298,0.0],"evs":[0.0,0.02901,-1.72373]},"J9o":{"weight":1.0,"played":[0.4245,0.5752,2.0E-4],"evs":[0.0,0.05922,-1.60642]},"Q9o":{"weight":1.0,"played":[0.2415,0.7581,4.0E-4],"evs":[0.0,0.12616,-0.69459]},"K9o":{"weight":1.0,"played":[0.1397,0.8576,0.0026],"evs":[0.0,0.32316,-0.23433]},"A9o":{"weight":1.0,"played":[0.0,0.0,1.0],"evs":[0.0,0.89634,1.40155]},"T2s":{"weight":1.0,"played":[0.9996,4.0E-4,0.0],"evs":[0.0,-0.05799,-2.28276]},"T3s":{"weight":1.0,"played":[0.9989,0.0011,0.0],"evs":[0.0,-0.15321,-2.54297]},"T4s":{"weight":1.0,"played":[0.8913,0.1087,0.0],"evs":[0.0,-0.16168,-2.44041]},"T5s":{"weight":1.0,"played":[0.0195,0.9805,0.0],"evs":[0.0,0.12608,-1.89297]},"T6s":{"weight":1.0,"played":[0.8722,0.1278,1.0E-4],"evs":[0.0,-0.02628,-1.81452]},"T7s":{"weight":1.0,"played":[0.0037,0.9963,0.0],"evs":[0.0,0.19551,-1.25405]},"T8s":{"weight":1.0,"played":[0.156,0.8437,3.0E-4],"evs":[0.0,0.36102,-1.24843]},"T9s":{"weight":1.0,"played":[0.0464,0.9534,2.0E-4],"evs":[0.0,0.40301,-0.97471]},"TT":{"weight":1.0,"played":[0.0,0.0,1.0],"evs":[0.0,1.42833,3.43562]},"JTo":{"weight":1.0,"played":[0.0138,0.9861,1.0E-4],"evs":[0.0,0.34899,-0.36481]},"QTo":{"weight":1.0,"played":[0.0055,0.9935,0.001],"evs":[0.0,0.3424,-0.21559]},"KTo":{"weight":1.0,"played":[0.0093,0.9342,0.0565],"evs":[0.0,0.55008,0.18905]},"ATo":{"weight":1.0,"played":[0.0,0.0,1.0],"evs":[0.0,0.96951,1.75161]},"J2s":{"weight":1.0,"played":[0.9631,0.0369,0.0],"evs":[0.0,-1.3E-4,-2.34538]},"J3s":{"weight":1.0,"played":[0.9677,0.0322,1.0E-4],"evs":[0.0,-0.30519,-2.60669]},"J4s":{"weight":1.0,"played":[0.177,0.8228,2.0E-4],"evs":[0.0,0.10905,-1.85381]},"J5s":{"weight":1.0,"played":[0.9999,1.0E-4,0.0],"evs":[0.0,-0.21493,-1.85539]},"J6s":{"weight":1.0,"played":[0.57,0.4299,1.0E-4],"evs":[0.0,0.1487,-2.00262]},"J7s":{"weight":1.0,"played":[0.1711,0.8288,2.0E-4],"evs":[0.0,0.20295,-1.33638]},"J8s":{"weight":1.0,"played":[0.0776,0.9218,6.0E-4],"evs":[0.0,0.23641,-1.07468]},"J9s":{"weight":1.0,"played":[0.0682,0.9245,0.0073],"evs":[0.0,0.32879,-0.89796]},"JTs":{"weight":1.0,"played":[0.0277,0.9029,0.0695],"evs":[0.0,0.57877,0.01324]},"JJ":{"weight":1.0,"played":[0.0,0.0,1.0],"evs":[0.0,2.16793,4.31902]},"QJo":{"weight":1.0,"played":[0.0013,0.9971,0.0016],"evs":[0.0,0.67466,0.29365]},"KJo":{"weight":1.0,"played":[1.0E-4,0.6827,0.3173],"evs":[0.0,0.6814,0.44394]},"AJo":{"weight":1.0,"played":[0.0,0.0,1.0],"evs":[0.0,1.42946,2.14243]},"Q2s":{"weight":1.0,"played":[0.0285,0.9715,0.0],"evs":[0.0,0.2007,-1.76098]},"Q3s":{"weight":1.0,"played":[0.1822,0.8177,1.0E-4],"evs":[0.0,0.23674,-1.08936]},"Q4s":{"weight":1.0,"played":[0.1566,0.8427,7.0E-4],"evs":[0.0,0.24842,-1.03974]},"Q5s":{"weight":1.0,"played":[0.073,0.9254,0.0015],"evs":[0.0,0.23087,-1.05811]},"Q6s":{"weight":1.0,"played":[0.1126,0.8873,0.0],"evs":[0.0,0.31556,-1.03989]},"Q7s":{"weight":1.0,"played":[0.5447,0.455,3.0E-4],"evs":[0.0,0.13297,-0.90365]},"Q8s":{"weight":1.0,"played":[0.0993,0.8987,0.002],"evs":[0.0,0.3193,-0.33625]},"Q9s":{"weight":1.0,"played":[0.0319,0.9408,0.0273],"evs":[0.0,0.65198,0.39086]},"QTs":{"weight":1.0,"played":[0.0,0.6606,0.3394],"evs":[0.0,0.65582,0.7007]},"QJs":{"weight":1.0,"played":[0.0028,0.8289,0.1683],"evs":[0.0,0.97809,0.76425]},"QQ":{"weight":1.0,"played":[0.0,0.0,1.0],"evs":[0.0,2.72683,5.64487]},"KQo":{"weight":1.0,"played":[0.0,0.2732,0.7268],"evs":[0.0,0.88253,0.99383]},"AQo":{"weight":1.0,"played":[0.0,0.0,1.0],"evs":[0.0,1.25577,2.04385]},"K2s":{"weight":1.0,"played":[0.9334,0.0666,0.0],"evs":[0.0,0.00447,-1.27626]},"K3s":{"weight":1.0,"played":[0.0355,0.9645,0.0],"evs":[0.0,0.25027,-0.8907]},"K4s":{"weight":1.0,"played":[0.931,0.0687,3.0E-4],"evs":[0.0,-0.02159,-1.10695]},"K5s":{"weight":1.0,"played":[0.0721,0.9161,0.0117],"evs":[0.0,0.58604,-0.33151]},"K6s":{"weight":1.0,"played":[0.4015,0.5977,8.0E-4],"evs":[0.0,0.10857,-0.59182]},"K7s":{"weight":1.0,"played":[0.0239,0.9758,2.0E-4],"evs":[0.0,0.43992,-0.57214]},"K8s":{"weight":1.0,"played":[0.015,0.9849,1.0E-4],"evs":[0.0,0.63471,0.09993]},"K9s":{"weight":1.0,"played":[0.0098,0.9428,0.0474],"evs":[0.0,0.71372,0.60731]},"KTs":{"weight":1.0,"played":[0.0012,0.1653,0.8334],"evs":[0.0,0.7924,1.0242]},"KJs":{"weight":1.0,"played":[4.0E-4,0.0559,0.9436],"evs":[0.0,0.83002,1.08047]},"KQs":{"weight":1.0,"played":[0.0,0.0656,0.9344],"evs":[0.0,1.22487,1.26931]},"KK":{"weight":1.0,"played":[0.0,0.0,1.0],"evs":[0.0,4.31464,7.21679]},"AKo":{"weight":1.0,"played":[0.0,0.0,1.0],"evs":[0.0,1.66262,2.48207]},"A2s":{"weight":1.0,"played":[2.0E-4,0.9353,0.0645],"evs":[0.0,1.07896,0.56717]},"A3s":{"weight":1.0,"played":[2.0E-4,0.5722,0.4276],"evs":[0.0,1.22128,1.10606]},"A4s":{"weight":1.0,"played":[0.0036,0.5126,0.4839],"evs":[0.0,1.08098,1.01448]},"A5s":{"weight":1.0,"played":[0.0,0.0363,0.9637],"evs":[0.0,1.63977,1.74489]},"A6s":{"weight":1.0,"played":[0.0027,0.2897,0.7076],"evs":[0.0,1.36597,1.51958]},"A7s":{"weight":1.0,"played":[0.0,0.0197,0.9803],"evs":[0.0,1.40771,1.68022]},"A8s":{"weight":1.0,"played":[0.0,2.0E-4,0.9998],"evs":[0.0,1.48396,1.69724]},"A9s":{"weight":1.0,"played":[1.0E-4,0.0173,0.9826],"evs":[0.0,1.32188,1.90458]},"ATs":{"weight":1.0,"played":[0.0,1.0E-4,0.9999],"evs":[0.0,1.57538,2.55671]},"AJs":{"weight":1.0,"played":[0.0,1.0E-4,0.9999],"evs":[0.0,1.86868,2.93071]},"AQs":{"weight":1.0,"played":[0.0,1.0E-4,0.9999],"evs":[0.0,1.88798,2.78093]},"AKs":{"weight":1.0,"played":[0.0,0.0,1.0],"evs":[0.0,2.07094,3.10738]},"AA":{"weight":1.0,"played":[0.0,0.0,1.0],"evs":[0.0,7.41324,10.46493]}}}