{"player":3,"street":0,"children":2,"sequence":[{"player":0,"type":"F","amount":0,"street":0},{"player":1,"type":"R","amount":200000,"street":0},{"player":2,"type":"F","amount":0,"street":0},{"player":3,"type":"C","amount":200000,"street":0},{"player":4,"type":"C","amount":150000,"street":0},{"player":5,"type":"R","amount":945000,"street":0},{"player":1,"type":"R","amount":1315000,"street":0}],"actions":[{"type":"F","amount":0,"node":109},{"type":"C","amount":545000,"node":110}],"hands":{"22":{"weight":0.0029,"played":[0.218,0.782],"evs":[0.0,0.70485]},"32o":{"weight":0.0,"played":[0.9952,0.0048],"evs":[0.0,-2.16815]},"42o":{"weight":0.0,"played":[0.9172,0.0828],"evs":[0.0,-1.21154]},"52o":{"weight":0.0,"played":[0.726,0.274],"evs":[0.0,0.08214]},"62o":{"weight":0.0,"played":[0.9955,0.0045],"evs":[0.0,-1.15639]},"72o":{"weight":0.0,"played":[0.959,0.041],"evs":[0.0,-1.81011]},"82o":{"weight":0.0,"played":[0.3175,0.6825],"evs":[0.0,-0.06229]},"92o":{"weight":0.0,"played":[0.902,0.098],"evs":[0.0,-1.35686]},"T2o":{"weight":0.0,"played":[0.674,0.326],"evs":[0.0,-0.90969]},"J2o":{"weight":0.0,"played":[0.9387,0.0613],"evs":[0.0,-1.87116]},"Q2o":{"weight":0.0,"played":[0.6914,0.3086],"evs":[0.0,-1.08404]},"K2o":{"weight":0.0,"played":[0.1306,0.8694],"evs":[0.0,-0.34836]},"A2o":{"weight":0.0,"played":[0.9089,0.0911],"evs":[0.0,-0.35835]},"32s":{"weight":0.0,"played":[0.3145,0.6855],"evs":[0.0,1.85684]},"33":{"weight":0.0015,"played":[0.2237,0.7763],"evs":[0.0,1.33824]},"43o":{"weight":0.0,"played":[0.8586,0.1414],"evs":[0.0,-0.75752]},"53o":{"weight":0.0,"played":[0.8077,0.1923],"evs":[0.0,-0.48757]},"63o":{"weight":0.0,"played":[0.9993,7.0E-4],"evs":[0.0,-1.5747]},"73o":{"weight":0.0,"played":[0.9784,0.0216],"evs":[0.0,-1.56273]},"83o":{"weight":0.0,"played":[0.8724,0.1276],"evs":[0.0,-1.71999]},"93o":{"weight":0.0,"played":[0.8588,0.1412],"evs":[0.0,-1.33085]},"T3o":{"weight":0.0,"played":[0.983,0.017],"evs":[0.0,-1.98521]},"J3o":{"weight":0.0,"played":[0.9962,0.0038],"evs":[0.0,-0.45852]},"Q3o":{"weight":0.0,"played":[0.6095,0.3905],"evs":[0.0,-0.58746]},"K3o":{"weight":0.0,"played":[0.8174,0.1826],"evs":[0.0,0.04063]},"A3o":{"weight":8.0E-4,"played":[0.6318,0.3682],"evs":[0.0,-0.63262]},"42s":{"weight":0.0,"played":[0.785,0.215],"evs":[0.0,-1.07291]},"43s":{"weight":0.0,"played":[0.5005,0.4995],"evs":[0.0,1.60784]},"44":{"weight":0.0645,"played":[0.0588,0.9412],"evs":[0.0,1.40959]},"54o":{"weight":0.0,"played":[0.188,0.812],"evs":[0.0,1.27575]},"64o":{"weight":0.0,"played":[0.4718,0.5282],"evs":[0.0,0.61956]},"74o":{"weight":0.0,"played":[0.0055,0.9945],"evs":[0.0,0.95794]},"84o":{"weight":0.0,"played":[0.0662,0.9338],"evs":[0.0,0.3896]},"94o":{"weight":0.0,"played":[0.9583,0.0417],"evs":[0.0,-1.32447]},"T4o":{"weight":0.0,"played":[0.7354,0.2646],"evs":[0.0,-2.29615]},"J4o":{"weight":0.0,"played":[0.527,0.473],"evs":[0.0,-0.73603]},"Q4o":{"weight":0.0,"played":[0.4646,0.5354],"evs":[0.0,-1.41514]},"K4o":{"weight":1.0E-4,"played":[0.632,0.368],"evs":[0.0,0.05828]},"A4o":{"weight":0.0012,"played":[0.0036,0.9964],"evs":[0.0,2.60263]},"52s":{"weight":0.0,"played":[0.35,0.65],"evs":[0.0,1.9754]},"53s":{"weight":0.0,"played":[0.0099,0.9901],"evs":[0.0,3.01101]},"54s":{"weight":8.0E-4,"played":[0.0947,0.9053],"evs":[0.0,2.03258]},"55":{"weight":0.2875,"played":[0.0116,0.9884],"evs":[0.0,2.01961]},"65o":{"weight":0.0,"played":[0.5647,0.4353],"evs":[0.0,0.03001]},"75o":{"weight":0.0,"played":[0.5774,0.4226],"evs":[0.0,0.43736]},"85o":{"weight":0.0,"played":[0.5292,0.4708],"evs":[0.0,0.67613]},"95o":{"weight":0.0,"played":[0.891,0.109],"evs":[0.0,-1.20281]},"T5o":{"weight":0.0,"played":[0.7068,0.2932],"evs":[0.0,-2.3346]},"J5o":{"weight":0.0,"played":[0.3337,0.6663],"evs":[0.0,-0.34553]},"Q5o":{"weight":0.0,"played":[0.4534,0.5466],"evs":[0.0,-1.52842]},"K5o":{"weight":0.0,"played":[0.7748,0.2252],"evs":[0.0,-1.68027]},"A5o":{"weight":0.0159,"played":[0.1099,0.8901],"evs":[0.0,0.19864]},"62s":{"weight":4.0E-4,"played":[0.247,0.753],"evs":[0.0,1.46858]},"63s":{"weight":0.0,"played":[0.0193,0.9807],"evs":[0.0,1.92732]},"64s":{"weight":0.0,"played":[0.0127,0.9873],"evs":[0.0,0.1659]},"65s":{"weight":0.0,"played":[0.0237,0.9763],"evs":[0.0,4.94964]},"66":{"weight":0.6804,"played":[4.0E-4,0.9996],"evs":[0.0,1.48584]},"76o":{"weight":0.0,"played":[0.5853,0.4147],"evs":[0.0,0.03296]},"86o":{"weight":0.0,"played":[0.2776,0.7224],"evs":[0.0,0.25922]},"96o":{"weight":0.0,"played":[0.1185,0.8815],"evs":[0.0,1.07307]},"T6o":{"weight":0.0,"played":[0.6808,0.3192],"evs":[0.0,-0.03628]},"J6o":{"weight":0.0,"played":[0.8294,0.1706],"evs":[0.0,-0.99659]},"Q6o":{"weight":0.0,"played":[0.9105,0.0895],"evs":[0.0,-1.07036]},"K6o":{"weight":0.0,"played":[0.9212,0.0788],"evs":[0.0,-0.68106]},"A6o":{"weight":0.001,"played":[0.0269,0.9731],"evs":[0.0,1.3741]},"72s":{"weight":0.0,"played":[0.2229,0.7771],"evs":[0.0,2.88111]},"73s":{"weight":1.0E-4,"played":[0.2001,0.7999],"evs":[0.0,-0.11145]},"74s":{"weight":1.0E-4,"played":[0.0094,0.9906],"evs":[0.0,1.65123]},"75s":{"weight":0.0017,"played":[0.0209,0.9791],"evs":[0.0,3.4317]},"76s":{"weight":0.0,"played":[0.2579,0.7421],"evs":[0.0,1.46446]},"77":{"weight":0.8534,"played":[0.0086,0.9914],"evs":[0.0,2.25773]},"87o":{"weight":0.0,"played":[0.9504,0.0496],"evs":[0.0,-1.51415]},"97o":{"weight":0.0,"played":[0.7551,0.2449],"evs":[0.0,-0.78401]},"T7o":{"weight":3.0E-4,"played":[0.0032,0.9968],"evs":[0.0,0.95884]},"J7o":{"weight":1.0E-4,"played":[0.7762,0.2238],"evs":[0.0,0.66273]},"Q7o":{"weight":0.0,"played":[0.752,0.248],"evs":[0.0,-0.27275]},"K7o":{"weight":0.0,"played":[0.3654,0.6346],"evs":[0.0,0.22243]},"A7o":{"weight":0.1507,"played":[0.0605,0.9395],"evs":[0.0,1.04068]},"82s":{"weight":0.0,"played":[0.9673,0.0327],"evs":[0.0,-1.14148]},"83s":{"weight":1.0E-4,"played":[0.7388,0.2612],"evs":[0.0,0.11588]},"84s":{"weight":1.0E-4,"played":[0.4508,0.5492],"evs":[0.0,0.72193]},"85s":{"weight":2.0E-4,"played":[0.3066,0.6934],"evs":[0.0,1.61745]},"86s":{"weight":0.0186,"played":[0.0523,0.9477],"evs":[0.0,4.61397]},"87s":{"weight":0.0369,"played":[0.6256,0.3744],"evs":[0.0,-1.51652]},"88":{"weight":0.937,"played":[0.004,0.996],"evs":[0.0,6.60466]},"98o":{"weight":0.0,"played":[0.5336,0.4664],"evs":[0.0,-1.02651]},"T8o":{"weight":0.0,"played":[0.6615,0.3385],"evs":[0.0,1.30339]},"J8o":{"weight":0.0,"played":[0.116,0.884],"evs":[0.0,1.90266]},"Q8o":{"weight":2.0E-4,"played":[0.1687,0.8313],"evs":[0.0,1.09878]},"K8o":{"weight":0.0,"played":[0.0018,0.9982],"evs":[0.0,0.45068]},"A8o":{"weight":0.7677,"played":[0.0038,0.9962],"evs":[0.0,3.08012]},"92s":{"weight":0.0,"played":[0.5081,0.4919],"evs":[0.0,-1.60919]},"93s":{"weight":0.0,"played":[0.9414,0.0586],"evs":[0.0,-1.79279]},"94s":{"weight":3.0E-4,"played":[0.2254,0.7746],"evs":[0.0,2.37173]},"95s":{"weight":0.0,"played":[0.4679,0.5321],"evs":[0.0,0.80062]},"96s":{"weight":0.001,"played":[0.2357,0.7643],"evs":[0.0,3.038]},"97s":{"weight":5.0E-4,"played":[0.7093,0.2907],"evs":[0.0,1.68832]},"98s":{"weight":0.0,"played":[0.3959,0.6041],"evs":[0.0,-0.45725]},"99":{"weight":0.8438,"played":[0.0028,0.9972],"evs":[0.0,8.81032]},"T9o":{"weight":0.0,"played":[0.2861,0.7139],"evs":[0.0,-0.62246]},"J9o":{"weight":4.0E-4,"played":[0.2337,0.7663],"evs":[0.0,0.1658]},"Q9o":{"weight":4.0E-4,"played":[0.0264,0.9736],"evs":[0.0,1.15032]},"K9o":{"weight":0.0902,"played":[0.01,0.99],"evs":[0.0,1.16852]},"A9o":{"weight":0.3195,"played":[0.0796,0.9204],"evs":[0.0,2.3483]},"T2s":{"weight":0.0,"played":[0.1299,0.8701],"evs":[0.0,0.13457]},"T3s":{"weight":0.0,"played":[0.8069,0.1931],"evs":[0.0,-0.98382]},"T4s":{"weight":0.0,"played":[0.811,0.189],"evs":[0.0,-2.13346]},"T5s":{"weight":0.0,"played":[0.7703,0.2297],"evs":[0.0,0.35794]},"T6s":{"weight":0.0,"played":[0.2991,0.7009],"evs":[0.0,0.46541]},"T7s":{"weight":0.0027,"played":[0.0042,0.9958],"evs":[0.0,4.75188]},"T8s":{"weight":1.0E-4,"played":[0.0383,0.9617],"evs":[0.0,4.40351]},"T9s":{"weight":0.0021,"played":[0.5274,0.4726],"evs":[0.0,-0.31974]},"TT":{"weight":0.2387,"played":[0.051,0.949],"evs":[0.0,3.1162]},"JTo":{"weight":0.0142,"played":[3.0E-4,0.9997],"evs":[0.0,1.08005]},"QTo":{"weight":0.0206,"played":[1.0E-4,0.9999],"evs":[0.0,2.22155]},"KTo":{"weight":0.6034,"played":[7.0E-4,0.9993],"evs":[0.0,2.40253]},"ATo":{"weight":0.0,"played":[0.0414,0.9586],"evs":[0.0,4.87458]},"J2s":{"weight":1.0E-4,"played":[0.9951,0.0049],"evs":[0.0,-1.10084]},"J3s":{"weight":5.0E-4,"played":[0.463,0.537],"evs":[0.0,-0.25111]},"J4s":{"weight":0.0,"played":[0.4999,0.5001],"evs":[0.0,-0.67686]},"J5s":{"weight":1.0E-4,"played":[0.9884,0.0116],"evs":[0.0,-3.40933]},"J6s":{"weight":0.002,"played":[0.2356,0.7644],"evs":[0.0,0.23131]},"J7s":{"weight":7.0E-4,"played":[1.0E-4,0.9999],"evs":[0.0,1.77657]},"J8s":{"weight":0.2479,"played":[0.0479,0.9521],"evs":[0.0,3.04189]},"J9s":{"weight":0.0076,"played":[0.2532,0.7468],"evs":[0.0,2.1689]},"JTs":{"weight":0.8139,"played":[0.1252,0.8748],"evs":[0.0,0.70412]},"JJ":{"weight":1.0E-4,"played":[2.0E-4,0.9998],"evs":[0.0,6.23364]},"QJo":{"weight":0.2209,"played":[0.0,1.0],"evs":[0.0,1.6177]},"KJo":{"weight":0.8815,"played":[0.0031,0.9969],"evs":[0.0,3.27481]},"AJo":{"weight":0.0629,"played":[0.001,0.999],"evs":[0.0,4.44751]},"Q2s":{"weight":5.0E-4,"played":[0.4444,0.5556],"evs":[0.0,0.19942]},"Q3s":{"weight":0.0,"played":[0.9998,2.0E-4],"evs":[0.0,-2.23273]},"Q4s":{"weight":1.0E-4,"played":[0.0485,0.9515],"evs":[0.0,0.73848]},"Q5s":{"weight":2.0E-4,"played":[0.0867,0.9133],"evs":[0.0,2.12734]},"Q6s":{"weight":3.0E-4,"played":[0.3103,0.6897],"evs":[0.0,0.86214]},"Q7s":{"weight":0.0086,"played":[0.1601,0.8399],"evs":[0.0,0.09295]},"Q8s":{"weight":0.0017,"played":[0.173,0.827],"evs":[0.0,4.11593]},"Q9s":{"weight":0.0113,"played":[0.0928,0.9072],"evs":[0.0,1.12738]},"QTs":{"weight":0.8346,"played":[0.0802,0.9198],"evs":[0.0,3.71997]},"QJs":{"weight":0.9748,"played":[9.0E-4,0.9991],"evs":[0.0,2.61384]},"QQ":{"weight":0.002,"played":[9.0E-4,0.9991],"evs":[0.0,10.09282]},"KQo":{"weight":0.8457,"played":[0.0022,0.9978],"evs":[0.0,2.82159]},"AQo":{"weight":0.0028,"played":[1.0E-4,0.9999],"evs":[0.0,5.46588]},"K2s":{"weight":1.0E-4,"played":[0.2873,0.7127],"evs":[0.0,0.17501]},"K3s":{"weight":0.0,"played":[0.0393,0.9607],"evs":[0.0,3.90171]},"K4s":{"weight":2.0E-4,"played":[0.6972,0.3028],"evs":[0.0,-1.62653]},"K5s":{"weight":0.0015,"played":[0.2377,0.7623],"evs":[0.0,3.66547]},"K6s":{"weight":0.0077,"played":[0.0709,0.9291],"evs":[0.0,2.75516]},"K7s":{"weight":1.0E-4,"played":[0.2379,0.7621],"evs":[0.0,4.31836]},"K8s":{"weight":0.002,"played":[0.0903,0.9097],"evs":[0.0,0.48281]},"K9s":{"weight":0.1191,"played":[0.0545,0.9455],"evs":[0.0,0.83793]},"KTs":{"weight":0.6833,"played":[0.0965,0.9035],"evs":[0.0,3.5312]},"KJs":{"weight":0.7591,"played":[0.0172,0.9828],"evs":[0.0,3.06819]},"KQs":{"weight":0.0,"played":[0.0217,0.9783],"evs":[0.0,5.61842]},"KK":{"weight":0.0,"played":[1.0E-4,0.9999],"evs":[0.0,13.4721]},"AKo":{"weight":2.0E-4,"played":[2.0E-4,0.9998],"evs":[0.0,6.5311]},"A2s":{"weight":0.1085,"played":[0.1505,0.8495],"evs":[0.0,1.32471]},"A3s":{"weight":0.0012,"played":[0.153,0.847],"evs":[0.0,-0.05275]},"A4s":{"weight":0.5614,"played":[0.0108,0.9892],"evs":[0.0,2.85099]},"A5s":{"weight":0.974,"played":[0.0239,0.9761],"evs":[0.0,3.88948]},"A6s":{"weight":0.987,"played":[0.0065,0.9935],"evs":[0.0,1.265]},"A7s":{"weight":0.4118,"played":[6.0E-4,0.9994],"evs":[0.0,4.57194]},"A8s":{"weight":0.2384,"played":[0.2883,0.7117],"evs":[0.0,2.01046]},"A9s":{"weight":0.4649,"played":[0.0012,0.9988],"evs":[0.0,4.11517]},"ATs":{"weight":0.0115,"played":[0.005,0.995],"evs":[0.0,5.37562]},"AJs":{"weight":0.255,"played":[0.0076,0.9924],"evs":[0.0,6.88349]},"AQs":{"weight":0.3953,"played":[0.0143,0.9857],"evs":[0.0,9.93091]},"AKs":{"weight":0.0,"played":[0.0226,0.9774],"evs":[0.0,6.43251]},"AA":{"weight":0.5135,"played":[0.0012,0.9988],"evs":[0.0,15.75004]}}}