{"player":4,"street":0,"children":2,"sequence":[{"player":0,"type":"F","amount":0,"street":0},{"player":1,"type":"R","amount":200000,"street":0},{"player":2,"type":"F","amount":0,"street":0},{"player":3,"type":"C","amount":200000,"street":0},{"player":4,"type":"C","amount":150000,"street":0},{"player":5,"type":"R","amount":945000,"street":0},{"player":1,"type":"R","amount":1315000,"street":0},{"player":3,"type":"F","amount":0,"street":0}],"actions":[{"type":"F","amount":0},{"type":"C","amount":1115000}],"hands":{"22":{"weight":0.16,"played":[0.938,0.062],"evs":[0.0,-10.07998]},"32o":{"weight":0.0,"played":[0.239,0.761],"evs":[0.0,-0.89022]},"42o":{"weight":3.0E-4,"played":[0.3573,0.6427],"evs":[0.0,4.03308]},"52o":{"weight":0.0013,"played":[0.7936,0.2064],"evs":[0.0,-1.67519]},"62o":{"weight":8.0E-4,"played":[0.9683,0.0317],"evs":[0.0,4.30369]},"72o":{"weight":0.0038,"played":[0.3425,0.6575],"evs":[0.0,-2.83402]},"82o":{"weight":0.0,"played":[0.5839,0.4161],"evs":[0.0,1.72017]},"92o":{"weight":0.0,"played":[0.6481,0.3519],"evs":[0.0,-3.90218]},"T2o":{"weight":0.011,"played":[0.9935,0.0065],"evs":[0.0,5.96167]},"J2o":{"weight":0.0018,"played":[0.5584,0.4416],"evs":[0.0,2.52205]},"Q2o":{"weight":2.0E-4,"played":[0.9497,0.0503],"evs":[0.0,-13.60321]},"K2o":{"weight":0.003,"played":[0.9987,0.0013],"evs":[0.0,-13.69634]},"A2o":{"weight":0.0699,"played":[0.9871,0.0129],"evs":[0.0,-4.14401]},"32s":{"weight":9.0E-4,"played":[0.2024,0.7976],"evs":[0.0,-3.35901]},"33":{"weight":0.4138,"played":[0.9706,0.0294],"evs":[0.0,-8.91765]},"43o":{"weight":7.0E-4,"played":[0.617,0.383],"evs":[0.0,-3.95872]},"53o":{"weight":0.0023,"played":[0.927,0.073],"evs":[0.0,-1.97781]},"63o":{"weight":0.0,"played":[0.6187,0.3813],"evs":[0.0,-8.34836]},"73o":{"weight":9.0E-4,"played":[0.6082,0.3918],"evs":[0.0,15.23801]},"83o":{"weight":1.0E-4,"played":[0.9887,0.0113],"evs":[0.0,1.01301]},"93o":{"weight":9.0E-4,"played":[0.528,0.472],"evs":[0.0,-3.50309]},"T3o":{"weight":0.0017,"played":[0.9992,8.0E-4],"evs":[0.0,-10.50577]},"J3o":{"weight":6.0E-4,"played":[0.3733,0.6267],"evs":[0.0,15.64242]},"Q3o":{"weight":0.0052,"played":[0.99,0.01],"evs":[0.0,-13.60316]},"K3o":{"weight":0.0079,"played":[0.6833,0.3167],"evs":[0.0,-9.96967]},"A3o":{"weight":0.7631,"played":[0.9479,0.0521],"evs":[0.0,-12.74406]},"42s":{"weight":0.0292,"played":[0.8582,0.1418],"evs":[0.0,-11.10641]},"43s":{"weight":0.0032,"played":[0.9894,0.0106],"evs":[0.0,-13.70499]},"44":{"weight":0.5798,"played":[0.0732,0.9268],"evs":[0.0,30.59762]},"54o":{"weight":0.0392,"played":[0.4378,0.5622],"evs":[0.0,-7.21071]},"64o":{"weight":0.0137,"played":[0.3741,0.6259],"evs":[0.0,-0.77788]},"74o":{"weight":0.0241,"played":[0.845,0.155],"evs":[0.0,-5.76644]},"84o":{"weight":0.0042,"played":[0.5641,0.4359],"evs":[0.0,7.64278]},"94o":{"weight":0.0097,"played":[0.8236,0.1764],"evs":[0.0,11.88705]},"T4o":{"weight":0.0094,"played":[0.3072,0.6928],"evs":[0.0,6.08526]},"J4o":{"weight":6.0E-4,"played":[0.3216,0.6784],"evs":[0.0,-2.68869]},"Q4o":{"weight":0.001,"played":[0.7181,0.2819],"evs":[0.0,-5.59406]},"K4o":{"weight":0.0113,"played":[0.679,0.321],"evs":[0.0,-1.62497]},"A4o":{"weight":0.1509,"played":[0.7513,0.2487],"evs":[0.0,5.36676]},"52s":{"weight":0.0165,"played":[0.9483,0.0517],"evs":[0.0,-11.52248]},"53s":{"weight":0.7247,"played":[0.4589,0.5411],"evs":[0.0,26.50722]},"54s":{"weight":0.2154,"played":[0.5,0.5],"evs":[0.0,0.0]},"55":{"weight":0.0026,"played":[0.9598,0.0402],"evs":[0.0,0.54505]},"65o":{"weight":0.0,"played":[0.3931,0.6069],"evs":[0.0,18.47643]},"75o":{"weight":0.0039,"played":[0.6146,0.3854],"evs":[0.0,-6.01475]},"85o":{"weight":0.0,"played":[0.9667,0.0333],"evs":[0.0,5.73919]},"95o":{"weight":0.0,"played":[0.4403,0.5597],"evs":[0.0,7.652]},"T5o":{"weight":6.0E-4,"played":[0.4027,0.5973],"evs":[0.0,-6.96385]},"J5o":{"weight":0.0,"played":[0.6296,0.3704],"evs":[0.0,-5.49896]},"Q5o":{"weight":0.0071,"played":[0.2405,0.7595],"evs":[0.0,23.6476]},"K5o":{"weight":0.0832,"played":[0.4905,0.5095],"evs":[0.0,2.15153]},"A5o":{"weight":0.3161,"played":[0.9737,0.0263],"evs":[0.0,-13.69971]},"62s":{"weight":0.0014,"played":[0.9996,4.0E-4],"evs":[0.0,-13.6978]},"63s":{"weight":0.3553,"played":[0.9369,0.0631],"evs":[0.0,-13.69471]},"64s":{"weight":3.0E-4,"played":[0.8853,0.1147],"evs":[0.0,7.40884]},"65s":{"weight":0.1871,"played":[0.8651,0.1349],"evs":[0.0,-10.54868]},"66":{"weight":0.317,"played":[0.9656,0.0344],"evs":[0.0,14.81112]},"76o":{"weight":0.0017,"played":[0.5986,0.4014],"evs":[0.0,4.571]},"86o":{"weight":6.0E-4,"played":[0.2161,0.7839],"evs":[0.0,3.85868]},"96o":{"weight":0.3555,"played":[0.9593,0.0407],"evs":[0.0,-5.75721]},"T6o":{"weight":0.0766,"played":[0.361,0.639],"evs":[0.0,16.15435]},"J6o":{"weight":0.0063,"played":[0.9783,0.0217],"evs":[0.0,-11.6005]},"Q6o":{"weight":4.0E-4,"played":[0.8577,0.1423],"evs":[0.0,-13.7022]},"K6o":{"weight":0.0257,"played":[0.9955,0.0045],"evs":[0.0,-5.01563]},"A6o":{"weight":0.287,"played":[0.6979,0.3021],"evs":[0.0,2.61624]},"72s":{"weight":0.0093,"played":[0.2118,0.7882],"evs":[0.0,7.18387]},"73s":{"weight":0.004,"played":[0.9727,0.0273],"evs":[0.0,-13.69471]},"74s":{"weight":0.0093,"played":[0.5,0.5],"evs":[0.0,0.0]},"75s":{"weight":0.6198,"played":[0.7744,0.2256],"evs":[0.0,-13.70514]},"76s":{"weight":0.1052,"played":[0.5,0.5],"evs":[0.0,-13.70514]},"77":{"weight":0.1361,"played":[0.5,0.5],"evs":[0.0,-13.70514]},"87o":{"weight":0.0086,"played":[0.0162,0.9838],"evs":[0.0,0.31777]},"97o":{"weight":0.1221,"played":[0.0276,0.9724],"evs":[0.0,-1.10854]},"T7o":{"weight":6.0E-4,"played":[0.986,0.014],"evs":[0.0,-0.94141]},"J7o":{"weight":0.0131,"played":[0.3041,0.6959],"evs":[0.0,-3.6647]},"Q7o":{"weight":4.0E-4,"played":[0.0203,0.9797],"evs":[0.0,5.20969]},"K7o":{"weight":0.0615,"played":[0.4662,0.5338],"evs":[0.0,-4.93053]},"A7o":{"weight":0.415,"played":[0.9022,0.0978],"evs":[0.0,-8.87552]},"82s":{"weight":0.0036,"played":[0.5,0.5],"evs":[0.0,-13.70514]},"83s":{"weight":0.1312,"played":[0.8011,0.1989],"evs":[0.0,-6.21185]},"84s":{"weight":0.0819,"played":[0.5,0.5],"evs":[0.0,35.5878]},"85s":{"weight":0.0118,"played":[0.1284,0.8716],"evs":[0.0,17.21449]},"86s":{"weight":0.2631,"played":[0.5,0.5],"evs":[0.0,-4.56673]},"87s":{"weight":0.3893,"played":[0.1565,0.8435],"evs":[0.0,-4.9709]},"88":{"weight":0.3223,"played":[0.8625,0.1375],"evs":[0.0,-11.18452]},"98o":{"weight":0.3059,"played":[0.763,0.237],"evs":[0.0,4.49645]},"T8o":{"weight":0.0148,"played":[0.9098,0.0902],"evs":[0.0,-12.52051]},"J8o":{"weight":0.0338,"played":[0.3361,0.6639],"evs":[0.0,6.91092]},"Q8o":{"weight":0.1154,"played":[0.8381,0.1619],"evs":[0.0,5.6505]},"K8o":{"weight":0.4335,"played":[0.0214,0.9786],"evs":[0.0,4.84742]},"A8o":{"weight":0.0349,"played":[0.4141,0.5859],"evs":[0.0,-3.62874]},"92s":{"weight":0.0366,"played":[0.5825,0.4175],"evs":[0.0,-5.33244]},"93s":{"weight":0.0195,"played":[0.5,0.5],"evs":[0.0,-9.1153]},"94s":{"weight":0.1562,"played":[0.9693,0.0307],"evs":[0.0,15.80847]},"95s":{"weight":0.0437,"played":[0.5,0.5],"evs":[0.0,-4.56673]},"96s":{"weight":0.4922,"played":[0.0065,0.9935],"evs":[0.0,14.57464]},"97s":{"weight":0.0789,"played":[0.0787,0.9213],"evs":[0.0,-6.40361]},"98s":{"weight":0.3303,"played":[0.6341,0.3659],"evs":[0.0,-7.87745]},"99":{"weight":0.0027,"played":[0.0977,0.9023],"evs":[0.0,-4.06611]},"T9o":{"weight":0.3365,"played":[0.6055,0.3945],"evs":[0.0,2.15164]},"J9o":{"weight":2.0E-4,"played":[0.1198,0.8802],"evs":[0.0,21.96972]},"Q9o":{"weight":0.0449,"played":[0.2125,0.7875],"evs":[0.0,10.09073]},"K9o":{"weight":0.7151,"played":[0.5099,0.4901],"evs":[0.0,11.44421]},"A9o":{"weight":0.0092,"played":[0.255,0.745],"evs":[0.0,3.00727]},"T2s":{"weight":0.0474,"played":[0.8612,0.1388],"evs":[0.0,-7.10116]},"T3s":{"weight":0.7438,"played":[0.505,0.495],"evs":[0.0,7.05396]},"T4s":{"weight":0.0031,"played":[0.2999,0.7001],"evs":[0.0,9.57407]},"T5s":{"weight":0.158,"played":[0.1811,0.8189],"evs":[0.0,-3.59093]},"T6s":{"weight":0.0101,"played":[0.9552,0.0448],"evs":[0.0,12.44903]},"T7s":{"weight":0.0653,"played":[0.1418,0.8582],"evs":[0.0,6.81641]},"T8s":{"weight":0.1245,"played":[0.9641,0.0359],"evs":[0.0,-13.69676]},"T9s":{"weight":0.2988,"played":[0.5,0.5],"evs":[0.0,-13.70514]},"TT":{"weight":0.0082,"played":[0.0196,0.9804],"evs":[0.0,17.37469]},"JTo":{"weight":0.4775,"played":[0.202,0.798],"evs":[0.0,0.81993]},"QTo":{"weight":0.6484,"played":[0.8486,0.1514],"evs":[0.0,-0.52187]},"KTo":{"weight":0.441,"played":[0.4387,0.5613],"evs":[0.0,0.34478]},"ATo":{"weight":0.0564,"played":[0.672,0.328],"evs":[0.0,16.41228]},"J2s":{"weight":0.059,"played":[0.5,0.5],"evs":[0.0,-13.69471]},"J3s":{"weight":0.011,"played":[0.1538,0.8462],"evs":[0.0,1.45878]},"J4s":{"weight":0.0159,"played":[0.5,0.5],"evs":[0.0,-13.69471]},"J5s":{"weight":0.0789,"played":[0.1282,0.8718],"evs":[0.0,-1.06086]},"J6s":{"weight":0.0966,"played":[0.5,0.5],"evs":[0.0,35.5878]},"J7s":{"weight":0.3652,"played":[0.9667,0.0333],"evs":[0.0,-13.09041]},"J8s":{"weight":0.1359,"played":[0.2372,0.7628],"evs":[0.0,-2.8595]},"J9s":{"weight":0.3225,"played":[0.5,0.5],"evs":[0.0,-13.69471]},"JTs":{"weight":0.118,"played":[0.2178,0.7822],"evs":[0.0,7.76468]},"JJ":{"weight":8.0E-4,"played":[0.5,0.5],"evs":[0.0,-13.69471]},"QJo":{"weight":0.4536,"played":[0.0806,0.9194],"evs":[0.0,31.56482]},"KJo":{"weight":0.6664,"played":[0.188,0.812],"evs":[0.0,4.05848]},"AJo":{"weight":0.0031,"played":[0.1675,0.8325],"evs":[0.0,20.16134]},"Q2s":{"weight":0.0236,"played":[0.5,0.5],"evs":[0.0,-13.70514]},"Q3s":{"weight":0.2208,"played":[0.1825,0.8175],"evs":[0.0,35.584]},"Q4s":{"weight":0.2414,"played":[0.416,0.584],"evs":[0.0,12.56948]},"Q5s":{"weight":0.5244,"played":[0.2233,0.7767],"evs":[0.0,35.5878]},"Q6s":{"weight":0.0079,"played":[0.4666,0.5334],"evs":[0.0,-1.04031]},"Q7s":{"weight":0.2369,"played":[0.5,0.5],"evs":[0.0,-13.69471]},"Q8s":{"weight":0.9363,"played":[0.0524,0.9476],"evs":[0.0,0.66914]},"Q9s":{"weight":0.2269,"played":[0.7909,0.2091],"evs":[0.0,-13.69907]},"QTs":{"weight":0.1228,"played":[0.5,0.5],"evs":[0.0,-13.69471]},"QJs":{"weight":0.362,"played":[0.5,0.5],"evs":[0.0,0.0]},"QQ":{"weight":9.0E-4,"played":[0.2963,0.7037],"evs":[0.0,0.02355]},"KQo":{"weight":3.0E-4,"played":[0.0198,0.9802],"evs":[0.0,10.55975]},"AQo":{"weight":0.0501,"played":[0.1445,0.8555],"evs":[0.0,-2.32037]},"K2s":{"weight":0.086,"played":[0.703,0.297],"evs":[0.0,-8.4719]},"K3s":{"weight":0.0016,"played":[0.9569,0.0431],"evs":[0.0,-11.95069]},"K4s":{"weight":0.097,"played":[0.5,0.5],"evs":[0.0,-13.70514]},"K5s":{"weight":0.0988,"played":[0.9194,0.0806],"evs":[0.0,-13.70346]},"K6s":{"weight":0.3117,"played":[0.2754,0.7246],"evs":[0.0,11.40153]},"K7s":{"weight":0.5336,"played":[0.5,0.5],"evs":[0.0,-13.69471]},"K8s":{"weight":0.0219,"played":[0.5,0.5],"evs":[0.0,35.57737]},"K9s":{"weight":0.0407,"played":[0.0667,0.9333],"evs":[0.0,0.78582]},"KTs":{"weight":0.3742,"played":[0.8682,0.1318],"evs":[0.0,-13.69765]},"KJs":{"weight":0.8273,"played":[0.5,0.5],"evs":[0.0,-13.69471]},"KQs":{"weight":0.006,"played":[0.0556,0.9444],"evs":[0.0,6.38335]},"KK":{"weight":0.0,"played":[0.362,0.638],"evs":[0.0,12.71347]},"AKo":{"weight":5.0E-4,"played":[0.219,0.781],"evs":[0.0,17.6436]},"A2s":{"weight":0.953,"played":[0.4748,0.5252],"evs":[0.0,6.3447]},"A3s":{"weight":0.7955,"played":[0.5,0.5],"evs":[0.0,0.0]},"A4s":{"weight":0.1971,"played":[0.3862,0.6138],"evs":[0.0,-8.92871]},"A5s":{"weight":0.3228,"played":[0.8574,0.1426],"evs":[0.0,-7.16968]},"A6s":{"weight":0.4536,"played":[0.5,0.5],"evs":[0.0,-13.69471]},"A7s":{"weight":0.0999,"played":[0.9881,0.0119],"evs":[0.0,14.1129]},"A8s":{"weight":0.1438,"played":[0.9158,0.0842],"evs":[0.0,27.29048]},"A9s":{"weight":0.0318,"played":[0.0359,0.9641],"evs":[0.0,13.22103]},"ATs":{"weight":0.2731,"played":[0.1538,0.8462],"evs":[0.0,1.45878]},"AJs":{"weight":7.0E-4,"played":[0.5,0.5],"evs":[0.0,-13.70514]},"AQs":{"weight":0.0034,"played":[0.0066,0.9934],"evs":[0.0,2.76116]},"AKs":{"weight":2.0E-4,"played":[0.3171,0.6829],"evs":[0.0,-1.23018]},"AA":{"weight":0.0,"played":[0.2087,0.7913],"evs":[0.0,30.53952]}}}