{"player":1,"street":0,"children":2,"sequence":[{"player":0,"type":"F","amount":0,"street":0},{"player":1,"type":"R","amount":200000,"street":0},{"player":2,"type":"F","amount":0,"street":0},{"player":3,"type":"C","amount":200000,"street":0},{"player":4,"type":"R","amount":1315000,"street":0},{"player":5,"type":"C","amount":845000,"street":0}],"actions":[{"type":"F","amount":0,"node":116},{"type":"C","amount":1115000,"node":117}],"hands":{"22":{"weight":0.1057,"played":[0.1224,0.8776],"evs":[0.0,4.88313]},"32o":{"weight":0.0,"played":[0.9848,0.0152],"evs":[0.0,-3.07886]},"42o":{"weight":0.0,"played":[0.4087,0.5913],"evs":[0.0,1.42768]},"52o":{"weight":0.0,"played":[0.5065,0.4935],"evs":[0.0,0.0231]},"62o":{"weight":0.0,"played":[0.997,0.003],"evs":[0.0,-3.3699]},"72o":{"weight":0.0,"played":[0.6492,0.3508],"evs":[0.0,-0.52703]},"82o":{"weight":0.0,"played":[0.9228,0.0772],"evs":[0.0,-2.79142]},"92o":{"weight":0.0,"played":[0.8733,0.1267],"evs":[0.0,-1.87589]},"T2o":{"weight":0.0,"played":[0.3694,0.6306],"evs":[0.0,2.25574]},"J2o":{"weight":0.0,"played":[0.9771,0.0229],"evs":[0.0,-4.43281]},"Q2o":{"weight":0.0,"played":[0.3236,0.6764],"evs":[0.0,-1.83445]},"K2o":{"weight":1.0E-4,"played":[0.202,0.798],"evs":[0.0,0.3374]},"A2o":{"weight":0.0936,"played":[0.0045,0.9955],"evs":[0.0,4.03133]},"32s":{"weight":0.0,"played":[0.0118,0.9882],"evs":[0.0,3.964]},"33":{"weight":0.0445,"played":[0.0164,0.9836],"evs":[0.0,0.68693]},"43o":{"weight":0.0,"played":[0.9731,0.0269],"evs":[0.0,-0.72002]},"53o":{"weight":0.0,"played":[0.4585,0.5415],"evs":[0.0,-0.06202]},"63o":{"weight":0.0,"played":[0.4128,0.5872],"evs":[0.0,-0.18855]},"73o":{"weight":0.0,"played":[0.9421,0.0579],"evs":[0.0,-3.8898]},"83o":{"weight":0.0,"played":[0.707,0.293],"evs":[0.0,-1.00189]},"93o":{"weight":0.0,"played":[0.936,0.064],"evs":[0.0,-1.49188]},"T3o":{"weight":0.0,"played":[0.3681,0.6319],"evs":[0.0,4.73885]},"J3o":{"weight":0.0,"played":[0.4499,0.5501],"evs":[0.0,-1.36748]},"Q3o":{"weight":0.0,"played":[0.6948,0.3052],"evs":[0.0,-2.29914]},"K3o":{"weight":0.0,"played":[0.0144,0.9856],"evs":[0.0,0.5337]},"A3o":{"weight":0.9968,"played":[0.0269,0.9731],"evs":[0.0,3.42344]},"42s":{"weight":0.0,"played":[0.7691,0.2309],"evs":[0.0,-3.56013]},"43s":{"weight":0.0,"played":[0.1613,0.8387],"evs":[0.0,5.89189]},"44":{"weight":0.0068,"played":[0.0195,0.9805],"evs":[0.0,5.24602]},"54o":{"weight":0.0,"played":[0.6624,0.3376],"evs":[0.0,-0.76805]},"64o":{"weight":0.0,"played":[0.7109,0.2891],"evs":[0.0,-1.27074]},"74o":{"weight":0.0,"played":[0.6334,0.3666],"evs":[0.0,-3.62116]},"84o":{"weight":0.0,"played":[0.9195,0.0805],"evs":[0.0,-3.73332]},"94o":{"weight":0.0,"played":[0.5789,0.4211],"evs":[0.0,0.34664]},"T4o":{"weight":0.0,"played":[0.7532,0.2468],"evs":[0.0,-1.97807]},"J4o":{"weight":0.0,"played":[0.0288,0.9712],"evs":[0.0,5.68586]},"Q4o":{"weight":0.0,"played":[0.4966,0.5034],"evs":[0.0,-2.97645]},"K4o":{"weight":1.0E-4,"played":[0.0315,0.9685],"evs":[0.0,0.76275]},"A4o":{"weight":0.899,"played":[0.0013,0.9987],"evs":[0.0,2.82835]},"52s":{"weight":0.0,"played":[0.0113,0.9887],"evs":[0.0,3.7421]},"53s":{"weight":0.0,"played":[0.6419,0.3581],"evs":[0.0,3.51133]},"54s":{"weight":0.0,"played":[0.8113,0.1887],"evs":[0.0,-1.17852]},"55":{"weight":0.3371,"played":[0.0178,0.9822],"evs":[0.0,2.78686]},"65o":{"weight":0.0,"played":[0.0159,0.9841],"evs":[0.0,1.65686]},"75o":{"weight":0.0,"played":[0.1002,0.8998],"evs":[0.0,2.23813]},"85o":{"weight":0.0,"played":[0.0332,0.9668],"evs":[0.0,1.54738]},"95o":{"weight":0.0,"played":[0.8181,0.1819],"evs":[0.0,-2.44894]},"T5o":{"weight":0.0,"played":[0.9836,0.0164],"evs":[0.0,-4.13918]},"J5o":{"weight":0.0,"played":[0.6867,0.3133],"evs":[0.0,-0.46207]},"Q5o":{"weight":0.0,"played":[0.5866,0.4134],"evs":[0.0,-0.19539]},"K5o":{"weight":2.0E-4,"played":[0.9534,0.0466],"evs":[0.0,-0.90542]},"A5o":{"weight":0.9984,"played":[0.0063,0.9937],"evs":[0.0,1.15117]},"62s":{"weight":0.0,"played":[0.5738,0.4262],"evs":[0.0,1.36654]},"63s":{"weight":0.0,"played":[0.9619,0.0381],"evs":[0.0,-2.85178]},"64s":{"weight":0.0,"played":[0.279,0.721],"evs":[0.0,2.26367]},"65s":{"weight":0.0,"played":[0.0367,0.9633],"evs":[0.0,1.30935]},"66":{"weight":0.0034,"played":[2.0E-4,0.9998],"evs":[0.0,7.06463]},"76o":{"weight":0.0,"played":[0.3352,0.6648],"evs":[0.0,6.02152]},"86o":{"weight":0.0,"played":[0.1858,0.8142],"evs":[0.0,2.29304]},"96o":{"weight":0.0,"played":[0.5649,0.4351],"evs":[0.0,-3.0625]},"T6o":{"weight":0.0,"played":[0.8473,0.1527],"evs":[0.0,-0.58339]},"J6o":{"weight":0.0,"played":[0.356,0.644],"evs":[0.0,-1.31402]},"Q6o":{"weight":2.0E-4,"played":[0.0387,0.9613],"evs":[0.0,2.0695]},"K6o":{"weight":0.002,"played":[0.5662,0.4338],"evs":[0.0,-1.13011]},"A6o":{"weight":0.9897,"played":[0.5291,0.4709],"evs":[0.0,-1.49847]},"72s":{"weight":0.0,"played":[0.808,0.192],"evs":[0.0,-5.33359]},"73s":{"weight":0.0,"played":[0.0226,0.9774],"evs":[0.0,4.5066]},"74s":{"weight":0.0,"played":[0.557,0.443],"evs":[0.0,-0.68579]},"75s":{"weight":0.0033,"played":[0.0929,0.9071],"evs":[0.0,0.65893]},"76s":{"weight":0.0,"played":[0.4967,0.5033],"evs":[0.0,-0.3822]},"77":{"weight":0.4321,"played":[8.0E-4,0.9992],"evs":[0.0,5.10519]},"87o":{"weight":0.0,"played":[0.056,0.944],"evs":[0.0,4.78061]},"97o":{"weight":0.0,"played":[0.5609,0.4391],"evs":[0.0,0.60478]},"T7o":{"weight":0.0,"played":[0.7536,0.2464],"evs":[0.0,-0.1069]},"J7o":{"weight":0.0,"played":[0.4498,0.5502],"evs":[0.0,1.02879]},"Q7o":{"weight":0.0,"played":[0.7498,0.2502],"evs":[0.0,-3.81387]},"K7o":{"weight":4.0E-4,"played":[0.1905,0.8095],"evs":[0.0,1.00845]},"A7o":{"weight":0.9496,"played":[1.0E-4,0.9999],"evs":[0.0,2.24486]},"82s":{"weight":0.0,"played":[0.086,0.914],"evs":[0.0,2.03557]},"83s":{"weight":1.0E-4,"played":[0.8287,0.1713],"evs":[0.0,-0.62622]},"84s":{"weight":0.0,"played":[0.3645,0.6355],"evs":[0.0,0.99315]},"85s":{"weight":0.0,"played":[0.2817,0.7183],"evs":[0.0,9.23275]},"86s":{"weight":0.0,"played":[0.0464,0.9536],"evs":[0.0,1.2915]},"87s":{"weight":0.1887,"played":[0.0617,0.9383],"evs":[0.0,1.11145]},"88":{"weight":0.979,"played":[0.0,1.0],"evs":[0.0,7.14155]},"98o":{"weight":0.0,"played":[0.3922,0.6078],"evs":[0.0,0.8879]},"T8o":{"weight":1.0E-4,"played":[0.2074,0.7926],"evs":[0.0,0.47776]},"J8o":{"weight":4.0E-4,"played":[0.4093,0.5907],"evs":[0.0,0.93486]},"Q8o":{"weight":5.0E-4,"played":[0.9282,0.0718],"evs":[0.0,-3.78059]},"K8o":{"weight":0.0032,"played":[0.3685,0.6315],"evs":[0.0,2.03979]},"A8o":{"weight":0.9885,"played":[0.0056,0.9944],"evs":[0.0,4.39886]},"92s":{"weight":0.0,"played":[0.7232,0.2768],"evs":[0.0,-1.27388]},"93s":{"weight":0.0,"played":[0.73,0.27],"evs":[0.0,-2.13265]},"94s":{"weight":0.0,"played":[0.8462,0.1538],"evs":[0.0,-0.79611]},"95s":{"weight":0.0,"played":[0.3481,0.6519],"evs":[0.0,-0.84864]},"96s":{"weight":0.0,"played":[0.2033,0.7967],"evs":[0.0,3.40832]},"97s":{"weight":0.4823,"played":[0.311,0.689],"evs":[0.0,3.22279]},"98s":{"weight":0.6907,"played":[0.1859,0.8141],"evs":[0.0,0.66709]},"99":{"weight":1.0,"played":[6.0E-4,0.9994],"evs":[0.0,10.29378]},"T9o":{"weight":0.096,"played":[7.0E-4,0.9993],"evs":[0.0,3.52013]},"J9o":{"weight":1.0E-4,"played":[0.1177,0.8823],"evs":[0.0,6.65329]},"Q9o":{"weight":0.0053,"played":[0.3511,0.6489],"evs":[0.0,0.72119]},"K9o":{"weight":0.0803,"played":[0.0259,0.9741],"evs":[0.0,2.78915]},"A9o":{"weight":0.4824,"played":[0.0,1.0],"evs":[0.0,4.26715]},"T2s":{"weight":0.0,"played":[0.4165,0.5835],"evs":[0.0,4.29406]},"T3s":{"weight":0.0,"played":[0.9174,0.0826],"evs":[0.0,-3.4432]},"T4s":{"weight":1.0E-4,"played":[0.4694,0.5306],"evs":[0.0,1.02147]},"T5s":{"weight":4.0E-4,"played":[0.8506,0.1494],"evs":[0.0,-3.49604]},"T6s":{"weight":0.0,"played":[0.4399,0.5601],"evs":[0.0,0.84418]},"T7s":{"weight":0.2239,"played":[0.0348,0.9652],"evs":[0.0,1.71334]},"T8s":{"weight":0.9161,"played":[0.0045,0.9955],"evs":[0.0,6.34854]},"T9s":{"weight":0.9676,"played":[0.0218,0.9782],"evs":[0.0,7.11037]},"TT":{"weight":0.9887,"played":[0.004,0.996],"evs":[0.0,11.72216]},"JTo":{"weight":0.9974,"played":[0.0088,0.9912],"evs":[0.0,4.13539]},"QTo":{"weight":0.9996,"played":[0.2556,0.7444],"evs":[0.0,3.02033]},"KTo":{"weight":0.5919,"played":[0.0011,0.9989],"evs":[0.0,3.98785]},"ATo":{"weight":0.2931,"played":[5.0E-4,0.9995],"evs":[0.0,5.01777]},"J2s":{"weight":0.0,"played":[0.5774,0.4226],"evs":[0.0,1.25517]},"J3s":{"weight":2.0E-4,"played":[0.0728,0.9272],"evs":[0.0,1.14229]},"J4s":{"weight":0.0,"played":[0.2745,0.7255],"evs":[0.0,-1.31976]},"J5s":{"weight":0.0,"played":[0.1869,0.8131],"evs":[0.0,2.90702]},"J6s":{"weight":0.0,"played":[0.0815,0.9185],"evs":[0.0,8.7934]},"J7s":{"weight":0.0516,"played":[0.4898,0.5102],"evs":[0.0,0.5102]},"J8s":{"weight":0.9448,"played":[1.0E-4,0.9999],"evs":[0.0,5.66054]},"J9s":{"weight":0.7794,"played":[0.1749,0.8251],"evs":[0.0,3.0027]},"JTs":{"weight":0.6553,"played":[0.1122,0.8878],"evs":[0.0,0.76318]},"JJ":{"weight":0.986,"played":[6.0E-4,0.9994],"evs":[0.0,15.05134]},"QJo":{"weight":0.9999,"played":[9.0E-4,0.9991],"evs":[0.0,1.35479]},"KJo":{"weight":0.9064,"played":[0.0,1.0],"evs":[0.0,4.15068]},"AJo":{"weight":0.2783,"played":[7.0E-4,0.9993],"evs":[0.0,8.65442]},"Q2s":{"weight":5.0E-4,"played":[0.5103,0.4897],"evs":[0.0,1.33688]},"Q3s":{"weight":4.0E-4,"played":[0.6751,0.3249],"evs":[0.0,4.79181]},"Q4s":{"weight":1.0E-4,"played":[0.2244,0.7756],"evs":[0.0,5.18163]},"Q5s":{"weight":8.0E-4,"played":[0.0315,0.9685],"evs":[0.0,9.40086]},"Q6s":{"weight":0.1681,"played":[0.701,0.299],"evs":[0.0,-0.9534]},"Q7s":{"weight":0.3632,"played":[0.3919,0.6081],"evs":[0.0,0.66258]},"Q8s":{"weight":0.7283,"played":[0.0101,0.9899],"evs":[0.0,5.05284]},"Q9s":{"weight":0.8398,"played":[0.0908,0.9092],"evs":[0.0,4.72772]},"QTs":{"weight":0.4273,"played":[0.6611,0.3389],"evs":[0.0,-4.93991]},"QJs":{"weight":0.5929,"played":[2.0E-4,0.9998],"evs":[0.0,9.22134]},"QQ":{"weight":0.9987,"played":[3.0E-4,0.9997],"evs":[0.0,19.99508]},"KQo":{"weight":0.4424,"played":[6.0E-4,0.9994],"evs":[0.0,5.33107]},"AQo":{"weight":0.8843,"played":[3.0E-4,0.9997],"evs":[0.0,8.90521]},"K2s":{"weight":0.0,"played":[0.0239,0.9761],"evs":[0.0,1.73478]},"K3s":{"weight":1.0E-4,"played":[0.0304,0.9696],"evs":[0.0,10.14962]},"K4s":{"weight":0.1182,"played":[0.1445,0.8555],"evs":[0.0,3.92915]},"K5s":{"weight":0.4215,"played":[0.3974,0.6026],"evs":[0.0,4.33407]},"K6s":{"weight":0.7818,"played":[0.0029,0.9971],"evs":[0.0,9.98698]},"K7s":{"weight":0.9664,"played":[0.0233,0.9767],"evs":[0.0,9.7092]},"K8s":{"weight":0.917,"played":[0.3091,0.6909],"evs":[0.0,0.651]},"K9s":{"weight":0.9963,"played":[0.0059,0.9941],"evs":[0.0,4.95381]},"KTs":{"weight":0.6747,"played":[3.0E-4,0.9997],"evs":[0.0,7.60932]},"KJs":{"weight":0.7077,"played":[0.013,0.987],"evs":[0.0,2.51154]},"KQs":{"weight":0.9509,"played":[0.001,0.999],"evs":[0.0,7.58602]},"KK":{"weight":0.9973,"played":[0.0,1.0],"evs":[0.0,24.30003]},"AKo":{"weight":0.6674,"played":[4.0E-4,0.9996],"evs":[0.0,12.01863]},"A2s":{"weight":0.032,"played":[0.2498,0.7502],"evs":[0.0,2.34743]},"A3s":{"weight":0.3108,"played":[0.1914,0.8086],"evs":[0.0,6.83476]},"A4s":{"weight":0.3017,"played":[0.1892,0.8108],"evs":[0.0,2.43241]},"A5s":{"weight":0.308,"played":[0.0248,0.9752],"evs":[0.0,1.06383]},"A6s":{"weight":0.2416,"played":[0.0166,0.9834],"evs":[0.0,3.86852]},"A7s":{"weight":0.9626,"played":[8.0E-4,0.9992],"evs":[0.0,9.4238]},"A8s":{"weight":0.044,"played":[0.008,0.992],"evs":[0.0,3.21878]},"A9s":{"weight":0.678,"played":[0.0013,0.9987],"evs":[0.0,2.31051]},"ATs":{"weight":0.2658,"played":[0.193,0.807],"evs":[0.0,5.98012]},"AJs":{"weight":0.985,"played":[2.0E-4,0.9998],"evs":[0.0,14.94485]},"AQs":{"weight":0.9605,"played":[0.0148,0.9852],"evs":[0.0,10.00517]},"AKs":{"weight":0.9999,"played":[0.0043,0.9957],"evs":[0.0,14.31251]},"AA":{"weight":1.0,"played":[1.0E-4,0.9999],"evs":[0.0,27.17849]}}}