{"player":3,"street":0,"children":2,"sequence":[{"player":0,"type":"F","amount":0,"street":0},{"player":1,"type":"R","amount":200000,"street":0},{"player":2,"type":"F","amount":0,"street":0},{"player":3,"type":"C","amount":200000,"street":0},{"player":4,"type":"R","amount":1315000,"street":0},{"player":5,"type":"C","amount":845000,"street":0},{"player":1,"type":"C","amount":1115000,"street":0}],"actions":[{"type":"F","amount":0},{"type":"C","amount":545000}],"hands":{"22":{"weight":0.0029,"played":[0.6376,0.3624],"evs":[0.0,-0.27767]},"32o":{"weight":0.0,"played":[0.9395,0.0605],"evs":[0.0,-1.91887]},"42o":{"weight":0.0,"played":[0.9419,0.0581],"evs":[0.0,-0.85366]},"52o":{"weight":0.0,"played":[0.9838,0.0162],"evs":[0.0,-1.41938]},"62o":{"weight":0.0,"played":[1.0,0.0],"evs":[0.0,-2.30966]},"72o":{"weight":0.0,"played":[0.9999,1.0E-4],"evs":[0.0,-2.06291]},"82o":{"weight":0.0,"played":[0.9973,0.0027],"evs":[0.0,-1.46239]},"92o":{"weight":0.0,"played":[0.97,0.03],"evs":[0.0,-2.20818]},"T2o":{"weight":0.0,"played":[0.9831,0.0169],"evs":[0.0,-2.41477]},"J2o":{"weight":0.0,"played":[0.9989,0.0011],"evs":[0.0,-2.47221]},"Q2o":{"weight":0.0,"played":[0.8823,0.1177],"evs":[0.0,-0.62338]},"K2o":{"weight":0.0,"played":[0.9976,0.0024],"evs":[0.0,-1.16252]},"A2o":{"weight":0.0,"played":[0.7587,0.2413],"evs":[0.0,-0.70847]},"32s":{"weight":0.0,"played":[0.5612,0.4388],"evs":[0.0,0.05173]},"33":{"weight":0.0015,"played":[0.0131,0.9869],"evs":[0.0,1.4568]},"43o":{"weight":0.0,"played":[0.6731,0.3269],"evs":[0.0,-1.02731]},"53o":{"weight":0.0,"played":[0.9837,0.0163],"evs":[0.0,-1.68264]},"63o":{"weight":0.0,"played":[0.9882,0.0118],"evs":[0.0,-0.93628]},"73o":{"weight":0.0,"played":[0.9999,1.0E-4],"evs":[0.0,-2.25525]},"83o":{"weight":0.0,"played":[0.9627,0.0373],"evs":[0.0,-1.94805]},"93o":{"weight":0.0,"played":[0.9546,0.0454],"evs":[0.0,-1.76756]},"T3o":{"weight":0.0,"played":[0.7212,0.2788],"evs":[0.0,-0.9884]},"J3o":{"weight":0.0,"played":[0.9962,0.0038],"evs":[0.0,-2.15213]},"Q3o":{"weight":0.0,"played":[0.8716,0.1284],"evs":[0.0,0.01846]},"K3o":{"weight":0.0,"played":[0.5784,0.4216],"evs":[0.0,0.70971]},"A3o":{"weight":8.0E-4,"played":[0.9866,0.0134],"evs":[0.0,-1.58715]},"42s":{"weight":0.0,"played":[0.6111,0.3889],"evs":[0.0,-1.42639]},"43s":{"weight":0.0,"played":[0.2939,0.7061],"evs":[0.0,1.12092]},"44":{"weight":0.0645,"played":[0.0812,0.9188],"evs":[0.0,0.88518]},"54o":{"weight":0.0,"played":[0.4857,0.5143],"evs":[0.0,0.47858]},"64o":{"weight":0.0,"played":[0.4714,0.5286],"evs":[0.0,0.31761]},"74o":{"weight":0.0,"played":[0.9968,0.0032],"evs":[0.0,-2.24321]},"84o":{"weight":0.0,"played":[0.9835,0.0165],"evs":[0.0,-1.09322]},"94o":{"weight":0.0,"played":[0.9969,0.0031],"evs":[0.0,-1.81123]},"T4o":{"weight":0.0,"played":[0.5693,0.4307],"evs":[0.0,-0.74575]},"J4o":{"weight":0.0,"played":[0.9852,0.0148],"evs":[0.0,-1.12081]},"Q4o":{"weight":0.0,"played":[0.9599,0.0401],"evs":[0.0,-0.85449]},"K4o":{"weight":1.0E-4,"played":[0.8155,0.1845],"evs":[0.0,-0.70343]},"A4o":{"weight":0.0012,"played":[0.8294,0.1706],"evs":[0.0,-1.37346]},"52s":{"weight":0.0,"played":[0.1226,0.8774],"evs":[0.0,3.77764]},"53s":{"weight":0.0,"played":[0.1096,0.8904],"evs":[0.0,3.32118]},"54s":{"weight":8.0E-4,"played":[0.2653,0.7347],"evs":[0.0,1.88509]},"55":{"weight":0.2875,"played":[0.2608,0.7392],"evs":[0.0,1.1303]},"65o":{"weight":0.0,"played":[0.0799,0.9201],"evs":[0.0,0.97302]},"75o":{"weight":0.0,"played":[0.3033,0.6967],"evs":[0.0,0.73499]},"85o":{"weight":0.0,"played":[0.8869,0.1131],"evs":[0.0,-1.93217]},"95o":{"weight":0.0,"played":[0.6407,0.3593],"evs":[0.0,-0.39014]},"T5o":{"weight":0.0,"played":[0.9997,3.0E-4],"evs":[0.0,-2.2221]},"J5o":{"weight":0.0,"played":[0.9985,0.0015],"evs":[0.0,-0.72792]},"Q5o":{"weight":0.0,"played":[0.91,0.09],"evs":[0.0,-1.67128]},"K5o":{"weight":0.0,"played":[0.3747,0.6253],"evs":[0.0,0.40843]},"A5o":{"weight":0.0159,"played":[0.6158,0.3842],"evs":[0.0,-0.33777]},"62s":{"weight":4.0E-4,"played":[0.7734,0.2266],"evs":[0.0,-0.36158]},"63s":{"weight":0.0,"played":[0.0532,0.9468],"evs":[0.0,0.96134]},"64s":{"weight":0.0,"played":[0.1579,0.8421],"evs":[0.0,2.79247]},"65s":{"weight":0.0,"played":[0.1421,0.8579],"evs":[0.0,1.90714]},"66":{"weight":0.6804,"played":[3.0E-4,0.9997],"evs":[0.0,2.56283]},"76o":{"weight":0.0,"played":[0.3167,0.6833],"evs":[0.0,0.77753]},"86o":{"weight":0.0,"played":[0.3487,0.6513],"evs":[0.0,-0.32217]},"96o":{"weight":0.0,"played":[0.7191,0.2809],"evs":[0.0,-0.10556]},"T6o":{"weight":0.0,"played":[0.603,0.397],"evs":[0.0,-1.2678]},"J6o":{"weight":0.0,"played":[0.071,0.929],"evs":[0.0,0.59863]},"Q6o":{"weight":0.0,"played":[0.4825,0.5175],"evs":[0.0,-0.41193]},"K6o":{"weight":0.0,"played":[0.2769,0.7231],"evs":[0.0,0.55365]},"A6o":{"weight":0.001,"played":[0.6498,0.3502],"evs":[0.0,-0.7728]},"72s":{"weight":0.0,"played":[0.7716,0.2284],"evs":[0.0,-0.45295]},"73s":{"weight":1.0E-4,"played":[0.2768,0.7232],"evs":[0.0,0.03734]},"74s":{"weight":1.0E-4,"played":[0.7371,0.2629],"evs":[0.0,0.9783]},"75s":{"weight":0.0017,"played":[0.1813,0.8187],"evs":[0.0,0.07597]},"76s":{"weight":0.0,"played":[0.0435,0.9565],"evs":[0.0,0.49978]},"77":{"weight":0.8534,"played":[0.0066,0.9934],"evs":[0.0,2.84149]},"87o":{"weight":0.0,"played":[0.3356,0.6644],"evs":[0.0,-0.06087]},"97o":{"weight":0.0,"played":[0.3123,0.6877],"evs":[0.0,-0.01344]},"T7o":{"weight":3.0E-4,"played":[0.8597,0.1403],"evs":[0.0,-1.0191]},"J7o":{"weight":1.0E-4,"played":[0.9252,0.0748],"evs":[0.0,-0.17573]},"Q7o":{"weight":0.0,"played":[0.4838,0.5162],"evs":[0.0,-0.30691]},"K7o":{"weight":0.0,"played":[0.7929,0.2071],"evs":[0.0,-1.03779]},"A7o":{"weight":0.1507,"played":[0.1036,0.8964],"evs":[0.0,-0.4323]},"82s":{"weight":0.0,"played":[0.4829,0.5171],"evs":[0.0,0.29727]},"83s":{"weight":1.0E-4,"played":[0.793,0.207],"evs":[0.0,0.98664]},"84s":{"weight":1.0E-4,"played":[0.9189,0.0811],"evs":[0.0,0.01637]},"85s":{"weight":2.0E-4,"played":[0.0088,0.9912],"evs":[0.0,1.45906]},"86s":{"weight":0.0186,"played":[0.1369,0.8631],"evs":[0.0,1.40472]},"87s":{"weight":0.0369,"played":[0.0112,0.9888],"evs":[0.0,1.11439]},"88":{"weight":0.937,"played":[0.0012,0.9988],"evs":[0.0,4.98376]},"98o":{"weight":0.0,"played":[0.004,0.996],"evs":[0.0,0.67756]},"T8o":{"weight":0.0,"played":[0.9264,0.0736],"evs":[0.0,-0.60901]},"J8o":{"weight":0.0,"played":[0.7808,0.2192],"evs":[0.0,-0.70447]},"Q8o":{"weight":2.0E-4,"played":[0.9758,0.0242],"evs":[0.0,-1.06232]},"K8o":{"weight":0.0,"played":[0.2986,0.7014],"evs":[0.0,0.49114]},"A8o":{"weight":0.7677,"played":[0.2218,0.7782],"evs":[0.0,-0.33285]},"92s":{"weight":0.0,"played":[0.7322,0.2678],"evs":[0.0,-0.86143]},"93s":{"weight":0.0,"played":[0.7812,0.2188],"evs":[0.0,-1.41221]},"94s":{"weight":3.0E-4,"played":[0.507,0.493],"evs":[0.0,1.7326]},"95s":{"weight":0.0,"played":[0.5731,0.4269],"evs":[0.0,1.54436]},"96s":{"weight":0.001,"played":[0.9379,0.0621],"evs":[0.0,-2.14154]},"97s":{"weight":5.0E-4,"played":[0.1289,0.8711],"evs":[0.0,0.89972]},"98s":{"weight":0.0,"played":[0.0881,0.9119],"evs":[0.0,1.33111]},"99":{"weight":0.8438,"played":[1.0E-4,0.9999],"evs":[0.0,3.97909]},"T9o":{"weight":0.0,"played":[0.3625,0.6375],"evs":[0.0,0.7236]},"J9o":{"weight":4.0E-4,"played":[0.1825,0.8175],"evs":[0.0,-0.11682]},"Q9o":{"weight":4.0E-4,"played":[0.7775,0.2225],"evs":[0.0,0.40419]},"K9o":{"weight":0.0902,"played":[0.0081,0.9919],"evs":[0.0,1.96879]},"A9o":{"weight":0.3195,"played":[0.0013,0.9987],"evs":[0.0,1.4072]},"T2s":{"weight":0.0,"played":[0.8596,0.1404],"evs":[0.0,0.54129]},"T3s":{"weight":0.0,"played":[0.6269,0.3731],"evs":[0.0,-1.41228]},"T4s":{"weight":0.0,"played":[0.9807,0.0193],"evs":[0.0,-1.22502]},"T5s":{"weight":0.0,"played":[0.2495,0.7505],"evs":[0.0,1.51788]},"T6s":{"weight":0.0,"played":[0.4116,0.5884],"evs":[0.0,1.55952]},"T7s":{"weight":0.0027,"played":[0.2682,0.7318],"evs":[0.0,-0.31526]},"T8s":{"weight":1.0E-4,"played":[0.0939,0.9061],"evs":[0.0,1.03787]},"T9s":{"weight":0.0021,"played":[0.1561,0.8439],"evs":[0.0,1.64349]},"TT":{"weight":0.2387,"played":[3.0E-4,0.9997],"evs":[0.0,7.58094]},"JTo":{"weight":0.0142,"played":[0.001,0.999],"evs":[0.0,1.66274]},"QTo":{"weight":0.0206,"played":[0.0421,0.9579],"evs":[0.0,0.49743]},"KTo":{"weight":0.6034,"played":[0.0026,0.9974],"evs":[0.0,1.7018]},"ATo":{"weight":0.0,"played":[8.0E-4,0.9992],"evs":[0.0,2.08545]},"J2s":{"weight":1.0E-4,"played":[0.3758,0.6242],"evs":[0.0,-1.28316]},"J3s":{"weight":5.0E-4,"played":[0.028,0.972],"evs":[0.0,2.64182]},"J4s":{"weight":0.0,"played":[0.2174,0.7826],"evs":[0.0,3.68022]},"J5s":{"weight":1.0E-4,"played":[0.2413,0.7587],"evs":[0.0,0.17157]},"J6s":{"weight":0.002,"played":[0.0482,0.9518],"evs":[0.0,-0.26295]},"J7s":{"weight":7.0E-4,"played":[0.2352,0.7648],"evs":[0.0,1.46567]},"J8s":{"weight":0.2479,"played":[0.2968,0.7032],"evs":[0.0,1.17693]},"J9s":{"weight":0.0076,"played":[0.0151,0.9849],"evs":[0.0,0.16836]},"JTs":{"weight":0.8139,"played":[5.0E-4,0.9995],"evs":[0.0,4.24306]},"JJ":{"weight":1.0E-4,"played":[0.0039,0.9961],"evs":[0.0,5.68396]},"QJo":{"weight":0.2209,"played":[0.0992,0.9008],"evs":[0.0,2.10291]},"KJo":{"weight":0.8815,"played":[0.002,0.998],"evs":[0.0,2.4117]},"AJo":{"weight":0.0629,"played":[0.0013,0.9987],"evs":[0.0,3.41401]},"Q2s":{"weight":5.0E-4,"played":[0.9679,0.0321],"evs":[0.0,-0.99898]},"Q3s":{"weight":0.0,"played":[0.0315,0.9685],"evs":[0.0,1.15935]},"Q4s":{"weight":1.0E-4,"played":[0.5995,0.4005],"evs":[0.0,-0.07861]},"Q5s":{"weight":2.0E-4,"played":[0.9883,0.0117],"evs":[0.0,-0.72338]},"Q6s":{"weight":3.0E-4,"played":[0.153,0.847],"evs":[0.0,0.63317]},"Q7s":{"weight":0.0086,"played":[0.001,0.999],"evs":[0.0,1.8686]},"Q8s":{"weight":0.0017,"played":[0.4705,0.5295],"evs":[0.0,0.44873]},"Q9s":{"weight":0.0113,"played":[0.2456,0.7544],"evs":[0.0,3.08295]},"QTs":{"weight":0.8346,"played":[0.0207,0.9793],"evs":[0.0,4.53034]},"QJs":{"weight":0.9748,"played":[0.0036,0.9964],"evs":[0.0,3.22333]},"QQ":{"weight":0.002,"played":[1.0E-4,0.9999],"evs":[0.0,8.52611]},"KQo":{"weight":0.8457,"played":[0.017,0.983],"evs":[0.0,2.82688]},"AQo":{"weight":0.0028,"played":[6.0E-4,0.9994],"evs":[0.0,2.25262]},"K2s":{"weight":1.0E-4,"played":[0.3958,0.6042],"evs":[0.0,0.92025]},"K3s":{"weight":0.0,"played":[0.0792,0.9208],"evs":[0.0,1.85416]},"K4s":{"weight":2.0E-4,"played":[0.9143,0.0857],"evs":[0.0,-0.8654]},"K5s":{"weight":0.0015,"played":[0.457,0.543],"evs":[0.0,0.59137]},"K6s":{"weight":0.0077,"played":[0.4078,0.5922],"evs":[0.0,1.48344]},"K7s":{"weight":1.0E-4,"played":[0.0395,0.9605],"evs":[0.0,-0.11065]},"K8s":{"weight":0.002,"played":[0.4538,0.5462],"evs":[0.0,-0.9248]},"K9s":{"weight":0.1191,"played":[0.3821,0.6179],"evs":[0.0,0.34276]},"KTs":{"weight":0.6833,"played":[0.0543,0.9457],"evs":[0.0,1.44117]},"KJs":{"weight":0.7591,"played":[3.0E-4,0.9997],"evs":[0.0,1.16087]},"KQs":{"weight":0.0,"played":[0.0066,0.9934],"evs":[0.0,4.26351]},"KK":{"weight":0.0,"played":[3.0E-4,0.9997],"evs":[0.0,12.42572]},"AKo":{"weight":2.0E-4,"played":[1.0E-4,0.9999],"evs":[0.0,7.34555]},"A2s":{"weight":0.1085,"played":[0.5332,0.4668],"evs":[0.0,1.26102]},"A3s":{"weight":0.0012,"played":[0.9036,0.0964],"evs":[0.0,-1.62345]},"A4s":{"weight":0.5614,"played":[0.8327,0.1673],"evs":[0.0,-0.71034]},"A5s":{"weight":0.974,"played":[0.0019,0.9981],"evs":[0.0,3.09339]},"A6s":{"weight":0.987,"played":[0.001,0.999],"evs":[0.0,-0.0208]},"A7s":{"weight":0.4118,"played":[2.0E-4,0.9998],"evs":[0.0,5.1244]},"A8s":{"weight":0.2384,"played":[0.4319,0.5681],"evs":[0.0,1.59246]},"A9s":{"weight":0.4649,"played":[0.093,0.907],"evs":[0.0,4.615]},"ATs":{"weight":0.0115,"played":[6.0E-4,0.9994],"evs":[0.0,2.4286]},"AJs":{"weight":0.255,"played":[0.3346,0.6654],"evs":[0.0,-0.50392]},"AQs":{"weight":0.3953,"played":[0.0069,0.9931],"evs":[0.0,5.95094]},"AKs":{"weight":0.0,"played":[9.0E-4,0.9991],"evs":[0.0,6.7591]},"AA":{"weight":0.5135,"played":[0.0,1.0],"evs":[0.0,16.85776]}}}