{"player":5,"street":0,"children":2,"sequence":[{"player":0,"type":"F","amount":0,"street":0},{"player":1,"type":"R","amount":200000,"street":0},{"player":2,"type":"F","amount":0,"street":0},{"player":3,"type":"R","amount":745000,"street":0},{"player":4,"type":"F","amount":0,"street":0}],"actions":[{"type":"F","amount":0,"node":120},{"type":"R","amount":945000,"node":121}],"hands":{"22":{"weight":1.0,"played":[0.0049,0.9951],"evs":[0.0,2.46318]},"32o":{"weight":1.0,"played":[0.9994,6.0E-4],"evs":[0.0,-2.78695]},"42o":{"weight":1.0,"played":[0.9998,2.0E-4],"evs":[0.0,-1.95863]},"52o":{"weight":1.0,"played":[0.9837,0.0163],"evs":[0.0,-0.36455]},"62o":{"weight":1.0,"played":[0.9998,2.0E-4],"evs":[0.0,-2.24169]},"72o":{"weight":1.0,"played":[0.9999,1.0E-4],"evs":[0.0,-4.24685]},"82o":{"weight":1.0,"played":[0.9921,0.0079],"evs":[0.0,-2.08452]},"92o":{"weight":1.0,"played":[0.9968,0.0032],"evs":[0.0,-2.86045]},"T2o":{"weight":1.0,"played":[0.9905,0.0095],"evs":[0.0,-1.66078]},"J2o":{"weight":1.0,"played":[0.998,0.002],"evs":[0.0,-2.13901]},"Q2o":{"weight":1.0,"played":[1.0,0.0],"evs":[0.0,-2.59334]},"K2o":{"weight":1.0,"played":[0.9997,3.0E-4],"evs":[0.0,-2.30954]},"A2o":{"weight":1.0,"played":[0.9991,9.0E-4],"evs":[0.0,-2.01755]},"32s":{"weight":1.0,"played":[0.8958,0.1042],"evs":[0.0,-0.83949]},"33":{"weight":1.0,"played":[0.0343,0.9657],"evs":[0.0,0.85689]},"43o":{"weight":1.0,"played":[0.9991,9.0E-4],"evs":[0.0,-2.27024]},"53o":{"weight":1.0,"played":[0.9995,5.0E-4],"evs":[0.0,-0.52757]},"63o":{"weight":1.0,"played":[0.9989,0.0011],"evs":[0.0,-1.69945]},"73o":{"weight":1.0,"played":[1.0,0.0],"evs":[0.0,-2.8971]},"83o":{"weight":1.0,"played":[0.9998,2.0E-4],"evs":[0.0,-2.65162]},"93o":{"weight":1.0,"played":[0.9987,0.0013],"evs":[0.0,-2.78926]},"T3o":{"weight":1.0,"played":[1.0,0.0],"evs":[0.0,-3.01834]},"J3o":{"weight":1.0,"played":[0.9912,0.0088],"evs":[0.0,-2.0976]},"Q3o":{"weight":1.0,"played":[0.9991,9.0E-4],"evs":[0.0,-2.29156]},"K3o":{"weight":1.0,"played":[0.999,0.001],"evs":[0.0,-1.62508]},"A3o":{"weight":1.0,"played":[0.9898,0.0102],"evs":[0.0,-1.87553]},"42s":{"weight":1.0,"played":[0.8957,0.1043],"evs":[0.0,-2.27227]},"43s":{"weight":1.0,"played":[0.0358,0.9642],"evs":[0.0,1.55386]},"44":{"weight":1.0,"played":[0.0052,0.9948],"evs":[0.0,2.22148]},"54o":{"weight":1.0,"played":[0.8739,0.1261],"evs":[0.0,-0.95416]},"64o":{"weight":1.0,"played":[0.9952,0.0048],"evs":[0.0,-1.15444]},"74o":{"weight":1.0,"played":[0.9995,5.0E-4],"evs":[0.0,-0.61135]},"84o":{"weight":1.0,"played":[0.992,0.008],"evs":[0.0,-2.23399]},"94o":{"weight":1.0,"played":[0.9997,3.0E-4],"evs":[0.0,-3.6751]},"T4o":{"weight":1.0,"played":[0.9651,0.0349],"evs":[0.0,-2.66189]},"J4o":{"weight":1.0,"played":[0.9973,0.0027],"evs":[0.0,-1.65956]},"Q4o":{"weight":1.0,"played":[0.9961,0.0039],"evs":[0.0,-2.12938]},"K4o":{"weight":1.0,"played":[0.9393,0.0607],"evs":[0.0,-0.97261]},"A4o":{"weight":1.0,"played":[0.9944,0.0056],"evs":[0.0,-1.59813]},"52s":{"weight":1.0,"played":[0.958,0.042],"evs":[0.0,-2.07279]},"53s":{"weight":1.0,"played":[0.5797,0.4203],"evs":[0.0,-0.06977]},"54s":{"weight":1.0,"played":[0.7222,0.2778],"evs":[0.0,-0.79934]},"55":{"weight":1.0,"played":[1.0E-4,0.9999],"evs":[0.0,2.45054]},"65o":{"weight":1.0,"played":[0.935,0.065],"evs":[0.0,-0.3694]},"75o":{"weight":1.0,"played":[0.945,0.055],"evs":[0.0,-0.56358]},"85o":{"weight":1.0,"played":[0.9033,0.0967],"evs":[0.0,-1.53568]},"95o":{"weight":1.0,"played":[0.9985,0.0015],"evs":[0.0,-1.50437]},"T5o":{"weight":1.0,"played":[0.9991,9.0E-4],"evs":[0.0,-2.37825]},"J5o":{"weight":1.0,"played":[0.9999,1.0E-4],"evs":[0.0,-1.6492]},"Q5o":{"weight":1.0,"played":[0.999,0.001],"evs":[0.0,-1.99615]},"K5o":{"weight":1.0,"played":[0.9532,0.0468],"evs":[0.0,-1.82133]},"A5o":{"weight":1.0,"played":[0.9912,0.0088],"evs":[0.0,-1.88059]},"62s":{"weight":1.0,"played":[0.773,0.227],"evs":[0.0,-0.59312]},"63s":{"weight":1.0,"played":[0.3155,0.6845],"evs":[0.0,0.21697]},"64s":{"weight":1.0,"played":[0.7406,0.2594],"evs":[0.0,-0.65678]},"65s":{"weight":1.0,"played":[0.7986,0.2014],"evs":[0.0,-0.30594]},"66":{"weight":1.0,"played":[0.0099,0.9901],"evs":[0.0,3.98941]},"76o":{"weight":1.0,"played":[0.9998,2.0E-4],"evs":[0.0,-0.07835]},"86o":{"weight":1.0,"played":[0.9996,4.0E-4],"evs":[0.0,-1.75724]},"96o":{"weight":1.0,"played":[0.9718,0.0282],"evs":[0.0,-1.71656]},"T6o":{"weight":1.0,"played":[0.9904,0.0096],"evs":[0.0,-2.13773]},"J6o":{"weight":1.0,"played":[0.9861,0.0139],"evs":[0.0,-2.64154]},"Q6o":{"weight":1.0,"played":[0.9911,0.0089],"evs":[0.0,-1.61905]},"K6o":{"weight":1.0,"played":[0.9107,0.0893],"evs":[0.0,-1.20593]},"A6o":{"weight":1.0,"played":[0.7628,0.2372],"evs":[0.0,-1.24627]},"72s":{"weight":1.0,"played":[0.996,0.004],"evs":[0.0,-1.24221]},"73s":{"weight":1.0,"played":[0.3472,0.6528],"evs":[0.0,-1.03334]},"74s":{"weight":1.0,"played":[0.7565,0.2435],"evs":[0.0,-0.60242]},"75s":{"weight":1.0,"played":[0.115,0.885],"evs":[0.0,0.35404]},"76s":{"weight":1.0,"played":[0.1782,0.8218],"evs":[0.0,-0.32505]},"77":{"weight":1.0,"played":[0.006,0.994],"evs":[0.0,2.26601]},"87o":{"weight":1.0,"played":[0.632,0.368],"evs":[0.0,0.12891]},"97o":{"weight":1.0,"played":[1.0,0.0],"evs":[0.0,-1.23422]},"T7o":{"weight":1.0,"played":[0.998,0.002],"evs":[0.0,-1.46702]},"J7o":{"weight":1.0,"played":[0.9702,0.0298],"evs":[0.0,-1.56369]},"Q7o":{"weight":1.0,"played":[0.9946,0.0054],"evs":[0.0,-2.13555]},"K7o":{"weight":1.0,"played":[0.959,0.041],"evs":[0.0,-0.42606]},"A7o":{"weight":1.0,"played":[0.8373,0.1627],"evs":[0.0,-1.48963]},"82s":{"weight":1.0,"played":[0.9692,0.0308],"evs":[0.0,-2.03519]},"83s":{"weight":1.0,"played":[0.7743,0.2257],"evs":[0.0,-0.59282]},"84s":{"weight":1.0,"played":[0.9998,2.0E-4],"evs":[0.0,-1.41568]},"85s":{"weight":1.0,"played":[0.5507,0.4493],"evs":[0.0,-1.24135]},"86s":{"weight":1.0,"played":[0.5162,0.4838],"evs":[0.0,0.65808]},"87s":{"weight":1.0,"played":[0.815,0.185],"evs":[0.0,-0.30633]},"88":{"weight":1.0,"played":[0.0,1.0],"evs":[0.0,4.09939]},"98o":{"weight":1.0,"played":[0.9134,0.0866],"evs":[0.0,-0.78361]},"T8o":{"weight":1.0,"played":[0.991,0.009],"evs":[0.0,-0.52197]},"J8o":{"weight":1.0,"played":[0.8389,0.1611],"evs":[0.0,-0.95494]},"Q8o":{"weight":1.0,"played":[0.9163,0.0837],"evs":[0.0,-1.70589]},"K8o":{"weight":1.0,"played":[0.9927,0.0073],"evs":[0.0,-1.35226]},"A8o":{"weight":1.0,"played":[0.7956,0.2044],"evs":[0.0,-0.57739]},"92s":{"weight":1.0,"played":[0.6899,0.3101],"evs":[0.0,-0.49096]},"93s":{"weight":1.0,"played":[0.9695,0.0305],"evs":[0.0,-1.48142]},"94s":{"weight":1.0,"played":[0.9841,0.0159],"evs":[0.0,-1.5402]},"95s":{"weight":1.0,"played":[0.4854,0.5146],"evs":[0.0,-1.02118]},"96s":{"weight":1.0,"played":[0.2492,0.7508],"evs":[0.0,0.41407]},"97s":{"weight":1.0,"played":[0.1906,0.8094],"evs":[0.0,0.38139]},"98s":{"weight":1.0,"played":[0.0267,0.9733],"evs":[0.0,2.08158]},"99":{"weight":1.0,"played":[0.0,1.0],"evs":[0.0,6.06864]},"T9o":{"weight":1.0,"played":[0.4376,0.5624],"evs":[0.0,-0.04539]},"J9o":{"weight":1.0,"played":[0.9957,0.0043],"evs":[0.0,-1.19122]},"Q9o":{"weight":1.0,"played":[0.8907,0.1093],"evs":[0.0,-0.69096]},"K9o":{"weight":1.0,"played":[0.9952,0.0048],"evs":[0.0,-0.99805]},"A9o":{"weight":1.0,"played":[4.0E-4,0.9996],"evs":[0.0,0.70075]},"T2s":{"weight":1.0,"played":[0.747,0.253],"evs":[0.0,-1.22498]},"T3s":{"weight":1.0,"played":[0.979,0.021],"evs":[0.0,-0.7988]},"T4s":{"weight":1.0,"played":[0.7739,0.2261],"evs":[0.0,0.03875]},"T5s":{"weight":1.0,"played":[0.9717,0.0283],"evs":[0.0,-1.53724]},"T6s":{"weight":1.0,"played":[0.761,0.239],"evs":[0.0,-0.29316]},"T7s":{"weight":1.0,"played":[0.5316,0.4684],"evs":[0.0,-1.09129]},"T8s":{"weight":1.0,"played":[0.0387,0.9613],"evs":[0.0,0.66898]},"T9s":{"weight":1.0,"played":[0.1619,0.8381],"evs":[0.0,1.35452]},"TT":{"weight":1.0,"played":[2.0E-4,0.9998],"evs":[0.0,6.05708]},"JTo":{"weight":1.0,"played":[0.1554,0.8446],"evs":[0.0,1.15464]},"QTo":{"weight":1.0,"played":[0.1267,0.8733],"evs":[0.0,0.27442]},"KTo":{"weight":1.0,"played":[0.1834,0.8166],"evs":[0.0,0.90966]},"ATo":{"weight":1.0,"played":[4.0E-4,0.9996],"evs":[0.0,1.50862]},"J2s":{"weight":1.0,"played":[0.9521,0.0479],"evs":[0.0,-1.11976]},"J3s":{"weight":1.0,"played":[0.9674,0.0326],"evs":[0.0,-0.69178]},"J4s":{"weight":1.0,"played":[0.206,0.794],"evs":[0.0,0.29579]},"J5s":{"weight":1.0,"played":[0.9462,0.0538],"evs":[0.0,-2.23819]},"J6s":{"weight":1.0,"played":[0.6771,0.3229],"evs":[0.0,-1.64205]},"J7s":{"weight":1.0,"played":[0.1767,0.8233],"evs":[0.0,0.6021]},"J8s":{"weight":1.0,"played":[0.1633,0.8367],"evs":[0.0,0.97007]},"J9s":{"weight":1.0,"played":[0.1966,0.8034],"evs":[0.0,-0.52805]},"JTs":{"weight":1.0,"played":[0.1128,0.8872],"evs":[0.0,2.1138]},"JJ":{"weight":1.0,"played":[0.0,1.0],"evs":[0.0,7.53543]},"QJo":{"weight":1.0,"played":[6.0E-4,0.9994],"evs":[0.0,0.74766]},"KJo":{"weight":1.0,"played":[0.0187,0.9813],"evs":[0.0,1.16317]},"AJo":{"weight":1.0,"played":[0.0,1.0],"evs":[0.0,3.46119]},"Q2s":{"weight":1.0,"played":[0.9981,0.0019],"evs":[0.0,-1.23909]},"Q3s":{"weight":1.0,"played":[0.5793,0.4207],"evs":[0.0,-0.17759]},"Q4s":{"weight":1.0,"played":[0.7691,0.2309],"evs":[0.0,-1.97007]},"Q5s":{"weight":1.0,"played":[0.2873,0.7127],"evs":[0.0,0.4247]},"Q6s":{"weight":1.0,"played":[0.2186,0.7814],"evs":[0.0,1.80744]},"Q7s":{"weight":1.0,"played":[0.907,0.093],"evs":[0.0,0.20717]},"Q8s":{"weight":1.0,"played":[0.1174,0.8826],"evs":[0.0,1.23956]},"Q9s":{"weight":1.0,"played":[0.0027,0.9973],"evs":[0.0,1.98029]},"QTs":{"weight":1.0,"played":[0.0401,0.9599],"evs":[0.0,3.86444]},"QJs":{"weight":1.0,"played":[0.0027,0.9973],"evs":[0.0,1.69255]},"QQ":{"weight":1.0,"played":[0.0,1.0],"evs":[0.0,12.01268]},"KQo":{"weight":1.0,"played":[2.0E-4,0.9998],"evs":[0.0,2.23593]},"AQo":{"weight":1.0,"played":[3.0E-4,0.9997],"evs":[0.0,4.2432]},"K2s":{"weight":1.0,"played":[0.1646,0.8354],"evs":[0.0,1.99034]},"K3s":{"weight":1.0,"played":[0.6486,0.3514],"evs":[0.0,0.89684]},"K4s":{"weight":1.0,"played":[0.6514,0.3486],"evs":[0.0,0.59371]},"K5s":{"weight":1.0,"played":[0.7784,0.2216],"evs":[0.0,-0.65473]},"K6s":{"weight":1.0,"played":[4.0E-4,0.9996],"evs":[0.0,1.28597]},"K7s":{"weight":1.0,"played":[0.1114,0.8886],"evs":[0.0,2.13132]},"K8s":{"weight":1.0,"played":[0.6915,0.3085],"evs":[0.0,-1.46471]},"K9s":{"weight":1.0,"played":[0.0664,0.9336],"evs":[0.0,2.5444]},"KTs":{"weight":1.0,"played":[0.0387,0.9613],"evs":[0.0,1.59126]},"KJs":{"weight":1.0,"played":[0.0038,0.9962],"evs":[0.0,2.6317]},"KQs":{"weight":1.0,"played":[0.0105,0.9895],"evs":[0.0,1.95582]},"KK":{"weight":1.0,"played":[0.0,1.0],"evs":[0.0,10.9479]},"AKo":{"weight":1.0,"played":[2.0E-4,0.9998],"evs":[0.0,6.76584]},"A2s":{"weight":1.0,"played":[0.2087,0.7913],"evs":[0.0,0.39114]},"A3s":{"weight":1.0,"played":[0.5466,0.4534],"evs":[0.0,0.22973]},"A4s":{"weight":1.0,"played":[0.0128,0.9872],"evs":[0.0,3.04914]},"A5s":{"weight":1.0,"played":[0.8045,0.1955],"evs":[0.0,-1.09177]},"A6s":{"weight":1.0,"played":[0.3774,0.6226],"evs":[0.0,0.26382]},"A7s":{"weight":1.0,"played":[0.256,0.744],"evs":[0.0,0.42243]},"A8s":{"weight":1.0,"played":[0.129,0.871],"evs":[0.0,1.2406]},"A9s":{"weight":1.0,"played":[0.0056,0.9944],"evs":[0.0,2.36868]},"ATs":{"weight":1.0,"played":[0.0,1.0],"evs":[0.0,3.80042]},"AJs":{"weight":1.0,"played":[0.0022,0.9978],"evs":[0.0,2.71026]},"AQs":{"weight":1.0,"played":[0.0011,0.9989],"evs":[0.0,6.03084]},"AKs":{"weight":1.0,"played":[3.0E-4,0.9997],"evs":[0.0,8.17993]},"AA":{"weight":1.0,"played":[1.0E-4,0.9999],"evs":[0.0,18.30838]}}}