{"player":4,"street":0,"children":2,"sequence":[{"player":0,"type":"F","amount":0,"street":0},{"player":1,"type":"R","amount":200000,"street":0},{"player":2,"type":"C","amount":200000,"street":0},{"player":3,"type":"F","amount":0,"street":0},{"player":4,"type":"C","amount":150000,"street":0},{"player":5,"type":"R","amount":945000,"street":0},{"player":1,"type":"F","amount":0,"street":0},{"player":2,"type":"R","amount":1315000,"street":0}],"actions":[{"type":"F","amount":0},{"type":"C","amount":1115000}],"hands":{"22":{"weight":0.1528,"played":[0.4933,0.5067],"evs":[0.0,7.04908]},"32o":{"weight":8.0E-4,"played":[0.9311,0.0689],"evs":[0.0,-3.51513]},"42o":{"weight":7.0E-4,"played":[0.5336,0.4664],"evs":[0.0,2.57797]},"52o":{"weight":0.0098,"played":[0.9126,0.0874],"evs":[0.0,-4.01171]},"62o":{"weight":4.0E-4,"played":[0.9517,0.0483],"evs":[0.0,-5.25185]},"72o":{"weight":3.0E-4,"played":[0.3345,0.6655],"evs":[0.0,1.48975]},"82o":{"weight":0.0011,"played":[0.5739,0.4261],"evs":[0.0,0.74387]},"92o":{"weight":7.0E-4,"played":[0.9615,0.0385],"evs":[0.0,-5.83451]},"T2o":{"weight":0.0034,"played":[0.732,0.268],"evs":[0.0,3.2253]},"J2o":{"weight":0.0,"played":[0.2585,0.7415],"evs":[0.0,2.2849]},"Q2o":{"weight":0.0013,"played":[0.369,0.631],"evs":[0.0,-3.32134]},"K2o":{"weight":0.0012,"played":[0.7862,0.2138],"evs":[0.0,-6.84369]},"A2o":{"weight":0.0085,"played":[0.5262,0.4738],"evs":[0.0,-3.80684]},"32s":{"weight":0.1083,"played":[0.9385,0.0615],"evs":[0.0,-11.09434]},"33":{"weight":0.9171,"played":[0.0974,0.9026],"evs":[0.0,9.16717]},"43o":{"weight":1.0E-4,"played":[0.9689,0.0311],"evs":[0.0,-6.1519]},"53o":{"weight":0.002,"played":[0.8821,0.1179],"evs":[0.0,-2.38267]},"63o":{"weight":8.0E-4,"played":[0.3134,0.6866],"evs":[0.0,-1.83428]},"73o":{"weight":0.0013,"played":[0.9114,0.0886],"evs":[0.0,-4.13621]},"83o":{"weight":0.0,"played":[0.9827,0.0173],"evs":[0.0,-9.98914]},"93o":{"weight":5.0E-4,"played":[0.993,0.007],"evs":[0.0,-4.03585]},"T3o":{"weight":4.0E-4,"played":[0.8045,0.1955],"evs":[0.0,-2.8095]},"J3o":{"weight":8.0E-4,"played":[0.8041,0.1959],"evs":[0.0,-6.5547]},"Q3o":{"weight":0.007,"played":[0.9462,0.0538],"evs":[0.0,-3.93864]},"K3o":{"weight":9.0E-4,"played":[0.0518,0.9482],"evs":[0.0,0.92635]},"A3o":{"weight":0.0516,"played":[0.7671,0.2329],"evs":[0.0,-2.23984]},"42s":{"weight":0.0028,"played":[0.619,0.381],"evs":[0.0,-8.50579]},"43s":{"weight":0.0035,"played":[0.83,0.17],"evs":[0.0,-7.98051]},"44":{"weight":0.8319,"played":[0.0414,0.9586],"evs":[0.0,-0.28024]},"54o":{"weight":1.0E-4,"played":[0.2104,0.7896],"evs":[0.0,4.03101]},"64o":{"weight":0.0026,"played":[0.0105,0.9895],"evs":[0.0,13.40675]},"74o":{"weight":0.0028,"played":[0.783,0.217],"evs":[0.0,-5.02916]},"84o":{"weight":7.0E-4,"played":[0.8334,0.1666],"evs":[0.0,-7.24326]},"94o":{"weight":0.0,"played":[0.9663,0.0337],"evs":[0.0,-11.843]},"T4o":{"weight":0.0,"played":[0.9198,0.0802],"evs":[0.0,-4.11436]},"J4o":{"weight":1.0E-4,"played":[0.5618,0.4382],"evs":[0.0,4.0126]},"Q4o":{"weight":0.004,"played":[0.9601,0.0399],"evs":[0.0,-1.3944]},"K4o":{"weight":0.0158,"played":[0.1525,0.8475],"evs":[0.0,-2.44072]},"A4o":{"weight":0.0062,"played":[0.0608,0.9392],"evs":[0.0,2.52785]},"52s":{"weight":0.0107,"played":[0.4794,0.5206],"evs":[0.0,-4.72827]},"53s":{"weight":0.086,"played":[0.9927,0.0073],"evs":[0.0,-1.35584]},"54s":{"weight":0.0344,"played":[0.8828,0.1172],"evs":[0.0,-5.35333]},"55":{"weight":0.0445,"played":[0.7746,0.2254],"evs":[0.0,2.28047]},"65o":{"weight":0.0027,"played":[0.9946,0.0054],"evs":[0.0,-5.66918]},"75o":{"weight":0.0021,"played":[0.9242,0.0758],"evs":[0.0,-4.54445]},"85o":{"weight":2.0E-4,"played":[0.8818,0.1182],"evs":[0.0,-3.36521]},"95o":{"weight":2.0E-4,"played":[0.6687,0.3313],"evs":[0.0,-3.73924]},"T5o":{"weight":0.0,"played":[0.7302,0.2698],"evs":[0.0,-4.70378]},"J5o":{"weight":1.0E-4,"played":[0.6965,0.3035],"evs":[0.0,-0.40261]},"Q5o":{"weight":5.0E-4,"played":[0.9241,0.0759],"evs":[0.0,-4.2646]},"K5o":{"weight":0.0071,"played":[0.5053,0.4947],"evs":[0.0,-5.58717]},"A5o":{"weight":0.0242,"played":[0.3813,0.6187],"evs":[0.0,2.77227]},"62s":{"weight":0.0052,"played":[0.9947,0.0053],"evs":[0.0,-8.94758]},"63s":{"weight":3.0E-4,"played":[0.0041,0.9959],"evs":[0.0,13.73899]},"64s":{"weight":0.0573,"played":[0.3019,0.6981],"evs":[0.0,3.6932]},"65s":{"weight":0.1913,"played":[0.3757,0.6243],"evs":[0.0,2.1639]},"66":{"weight":0.0292,"played":[0.883,0.117],"evs":[0.0,-8.20701]},"76o":{"weight":0.0066,"played":[0.7825,0.2175],"evs":[0.0,-7.13294]},"86o":{"weight":0.0,"played":[0.9872,0.0128],"evs":[0.0,-6.61301]},"96o":{"weight":0.0189,"played":[0.2835,0.7165],"evs":[0.0,4.47802]},"T6o":{"weight":0.0179,"played":[0.8896,0.1104],"evs":[0.0,-3.62613]},"J6o":{"weight":0.0012,"played":[0.4678,0.5322],"evs":[0.0,4.62487]},"Q6o":{"weight":1.0E-4,"played":[0.4595,0.5405],"evs":[0.0,-2.42536]},"K6o":{"weight":0.007,"played":[0.7265,0.2735],"evs":[0.0,-1.68199]},"A6o":{"weight":0.1505,"played":[0.5969,0.4031],"evs":[0.0,-6.11964]},"72s":{"weight":0.0028,"played":[0.8613,0.1387],"evs":[0.0,-9.8825]},"73s":{"weight":0.0506,"played":[0.5367,0.4633],"evs":[0.0,-7.09408]},"74s":{"weight":5.0E-4,"played":[0.8859,0.1141],"evs":[0.0,-13.69949]},"75s":{"weight":0.0216,"played":[0.6531,0.3469],"evs":[0.0,14.97989]},"76s":{"weight":0.1071,"played":[0.8826,0.1174],"evs":[0.0,-1.87902]},"77":{"weight":0.2895,"played":[0.2578,0.7422],"evs":[0.0,9.54993]},"87o":{"weight":0.0052,"played":[0.3152,0.6848],"evs":[0.0,4.10853]},"97o":{"weight":0.0024,"played":[0.1766,0.8234],"evs":[0.0,-2.68806]},"T7o":{"weight":0.0016,"played":[0.5235,0.4765],"evs":[0.0,0.35141]},"J7o":{"weight":0.0,"played":[0.935,0.065],"evs":[0.0,-2.83967]},"Q7o":{"weight":0.0013,"played":[0.9242,0.0758],"evs":[0.0,-1.90782]},"K7o":{"weight":0.0045,"played":[0.6464,0.3536],"evs":[0.0,-3.6259]},"A7o":{"weight":0.0212,"played":[0.1227,0.8773],"evs":[0.0,1.74139]},"82s":{"weight":0.0844,"played":[0.7867,0.2133],"evs":[0.0,-5.62771]},"83s":{"weight":0.003,"played":[0.4543,0.5457],"evs":[0.0,0.16722]},"84s":{"weight":0.0027,"played":[0.6308,0.3692],"evs":[0.0,-6.46624]},"85s":{"weight":0.0,"played":[0.1159,0.8841],"evs":[0.0,2.17806]},"86s":{"weight":0.309,"played":[0.4845,0.5155],"evs":[0.0,6.91955]},"87s":{"weight":0.0182,"played":[0.5458,0.4542],"evs":[0.0,11.01571]},"88":{"weight":0.8021,"played":[0.1461,0.8539],"evs":[0.0,10.63225]},"98o":{"weight":0.0209,"played":[0.2937,0.7063],"evs":[0.0,2.4805]},"T8o":{"weight":0.0093,"played":[0.9436,0.0564],"evs":[0.0,2.62589]},"J8o":{"weight":0.0057,"played":[0.4378,0.5622],"evs":[0.0,2.31565]},"Q8o":{"weight":6.0E-4,"played":[0.8759,0.1241],"evs":[0.0,-2.43626]},"K8o":{"weight":0.0021,"played":[0.8985,0.1015],"evs":[0.0,-6.82385]},"A8o":{"weight":0.2163,"played":[0.8357,0.1643],"evs":[0.0,-0.95285]},"92s":{"weight":0.0188,"played":[0.1114,0.8886],"evs":[0.0,4.82556]},"93s":{"weight":0.0011,"played":[0.8112,0.1888],"evs":[0.0,-12.04857]},"94s":{"weight":1.0E-4,"played":[0.0081,0.9919],"evs":[0.0,4.75625]},"95s":{"weight":0.0303,"played":[0.8787,0.1213],"evs":[0.0,-12.36736]},"96s":{"weight":0.4924,"played":[0.046,0.954],"evs":[0.0,0.22128]},"97s":{"weight":0.0,"played":[0.5842,0.4158],"evs":[0.0,7.8104]},"98s":{"weight":0.1103,"played":[0.999,0.001],"evs":[0.0,-9.68906]},"99":{"weight":0.0437,"played":[0.7244,0.2756],"evs":[0.0,7.3734]},"T9o":{"weight":0.0012,"played":[0.9662,0.0338],"evs":[0.0,-6.29412]},"J9o":{"weight":0.0121,"played":[0.745,0.255],"evs":[0.0,-7.07006]},"Q9o":{"weight":0.0031,"played":[0.9275,0.0725],"evs":[0.0,-2.78642]},"K9o":{"weight":0.1556,"played":[0.4776,0.5224],"evs":[0.0,1.7863]},"A9o":{"weight":0.8957,"played":[0.5962,0.4038],"evs":[0.0,-0.71914]},"T2s":{"weight":0.1085,"played":[0.8503,0.1497],"evs":[0.0,4.54236]},"T3s":{"weight":0.4844,"played":[0.615,0.385],"evs":[0.0,-4.34453]},"T4s":{"weight":0.0211,"played":[0.9964,0.0036],"evs":[0.0,-7.46075]},"T5s":{"weight":0.1362,"played":[0.4642,0.5358],"evs":[0.0,15.7619]},"T6s":{"weight":0.1081,"played":[0.2309,0.7691],"evs":[0.0,-3.00893]},"T7s":{"weight":0.1265,"played":[0.1162,0.8838],"evs":[0.0,16.30928]},"T8s":{"weight":0.0933,"played":[0.7112,0.2888],"evs":[0.0,-0.7785]},"T9s":{"weight":0.1433,"played":[0.5183,0.4817],"evs":[0.0,-6.62659]},"TT":{"weight":0.002,"played":[0.0066,0.9934],"evs":[0.0,9.60369]},"JTo":{"weight":0.0014,"played":[0.1481,0.8519],"evs":[0.0,5.67535]},"QTo":{"weight":0.0373,"played":[0.1398,0.8602],"evs":[0.0,4.58178]},"KTo":{"weight":0.1833,"played":[0.3817,0.6183],"evs":[0.0,6.29131]},"ATo":{"weight":0.0252,"played":[0.5709,0.4291],"evs":[0.0,-3.3924]},"J2s":{"weight":0.0621,"played":[0.448,0.552],"evs":[0.0,-8.23084]},"J3s":{"weight":9.0E-4,"played":[0.9068,0.0932],"evs":[0.0,-12.52012]},"J4s":{"weight":0.0482,"played":[0.7338,0.2662],"evs":[0.0,-3.7415]},"J5s":{"weight":0.0014,"played":[0.999,0.001],"evs":[0.0,-8.91801]},"J6s":{"weight":0.0447,"played":[0.5845,0.4155],"evs":[0.0,5.21313]},"J7s":{"weight":0.047,"played":[0.5012,0.4988],"evs":[0.0,-7.39039]},"J8s":{"weight":0.0472,"played":[0.4274,0.5726],"evs":[0.0,-2.24145]},"J9s":{"weight":0.8874,"played":[0.0246,0.9754],"evs":[0.0,7.73307]},"JTs":{"weight":0.1241,"played":[0.4164,0.5836],"evs":[0.0,4.18392]},"JJ":{"weight":0.0132,"played":[0.2991,0.7009],"evs":[0.0,4.59497]},"QJo":{"weight":0.1054,"played":[0.2092,0.7908],"evs":[0.0,-1.41846]},"KJo":{"weight":0.9211,"played":[0.1177,0.8823],"evs":[0.0,-0.58904]},"AJo":{"weight":1.0E-4,"played":[0.1241,0.8759],"evs":[0.0,10.54831]},"Q2s":{"weight":0.0083,"played":[0.9741,0.0259],"evs":[0.0,-0.90727]},"Q3s":{"weight":0.221,"played":[0.9689,0.0311],"evs":[0.0,-5.28699]},"Q4s":{"weight":0.0023,"played":[0.98,0.02],"evs":[0.0,-13.24265]},"Q5s":{"weight":0.2513,"played":[0.62,0.38],"evs":[0.0,-2.03989]},"Q6s":{"weight":0.0024,"played":[0.2127,0.7873],"evs":[0.0,2.32987]},"Q7s":{"weight":6.0E-4,"played":[0.8925,0.1075],"evs":[0.0,-6.88031]},"Q8s":{"weight":0.0676,"played":[0.2371,0.7629],"evs":[0.0,-0.55909]},"Q9s":{"weight":0.1173,"played":[0.5417,0.4583],"evs":[0.0,9.45346]},"QTs":{"weight":0.8574,"played":[0.1725,0.8275],"evs":[0.0,9.23503]},"QJs":{"weight":0.9581,"played":[0.9074,0.0926],"evs":[0.0,-5.28947]},"QQ":{"weight":0.0,"played":[0.3311,0.6689],"evs":[0.0,3.1545]},"KQo":{"weight":0.2437,"played":[0.2908,0.7092],"evs":[0.0,2.73394]},"AQo":{"weight":0.1915,"played":[6.0E-4,0.9994],"evs":[0.0,6.6401]},"K2s":{"weight":0.0332,"played":[0.8795,0.1205],"evs":[0.0,-12.28627]},"K3s":{"weight":0.1591,"played":[0.7684,0.2316],"evs":[0.0,-9.32841]},"K4s":{"weight":0.4553,"played":[0.1199,0.8801],"evs":[0.0,8.10962]},"K5s":{"weight":0.5875,"played":[0.6102,0.3898],"evs":[0.0,-3.47214]},"K6s":{"weight":0.1617,"played":[0.4321,0.5679],"evs":[0.0,5.61627]},"K7s":{"weight":0.0806,"played":[0.4292,0.5708],"evs":[0.0,4.50647]},"K8s":{"weight":0.1356,"played":[0.4589,0.5411],"evs":[0.0,5.30464]},"K9s":{"weight":0.3424,"played":[0.4825,0.5175],"evs":[0.0,6.11216]},"KTs":{"weight":0.5083,"played":[0.4313,0.5687],"evs":[0.0,5.68725]},"KJs":{"weight":0.3046,"played":[0.1154,0.8846],"evs":[0.0,5.46728]},"KQs":{"weight":0.0567,"played":[0.2298,0.7702],"evs":[0.0,-2.92915]},"KK":{"weight":0.0034,"played":[0.089,0.911],"evs":[0.0,20.26667]},"AKo":{"weight":0.0,"played":[0.0629,0.9371],"evs":[0.0,10.28712]},"A2s":{"weight":0.0791,"played":[0.4053,0.5947],"evs":[0.0,-2.92183]},"A3s":{"weight":0.6862,"played":[0.9952,0.0048],"evs":[0.0,-10.45018]},"A4s":{"weight":0.0599,"played":[0.3003,0.6997],"evs":[0.0,-0.46232]},"A5s":{"weight":0.0093,"played":[0.0073,0.9927],"evs":[0.0,6.82781]},"A6s":{"weight":0.0757,"played":[0.2842,0.7158],"evs":[0.0,6.88714]},"A7s":{"weight":0.1376,"played":[0.4015,0.5985],"evs":[0.0,8.38626]},"A8s":{"weight":0.1923,"played":[0.6841,0.3159],"evs":[0.0,-5.43801]},"A9s":{"weight":0.0011,"played":[0.097,0.903],"evs":[0.0,33.84176]},"ATs":{"weight":0.0551,"played":[4.0E-4,0.9996],"evs":[0.0,14.6191]},"AJs":{"weight":0.493,"played":[0.3375,0.6625],"evs":[0.0,-0.23254]},"AQs":{"weight":0.1778,"played":[0.0058,0.9942],"evs":[0.0,16.13627]},"AKs":{"weight":9.0E-4,"played":[0.5185,0.4815],"evs":[0.0,9.66491]},"AA":{"weight":0.0081,"played":[0.004,0.996],"evs":[0.0,8.4459]}}}