{"player":2,"street":0,"children":2,"sequence":[{"player":0,"type":"F","amount":0,"street":0},{"player":1,"type":"R","amount":200000,"street":0},{"player":2,"type":"C","amount":200000,"street":0},{"player":3,"type":"F","amount":0,"street":0},{"player":4,"type":"R","amount":1315000,"street":0},{"player":5,"type":"C","amount":845000,"street":0},{"player":1,"type":"R","amount":2185000,"street":0}],"actions":[{"type":"F","amount":0},{"type":"C","amount":1985000}],"hands":{"22":{"weight":0.0029,"played":[0.2504,0.7496],"evs":[0.0,5.59432]},"32o":{"weight":0.0,"played":[0.9879,0.0121],"evs":[0.0,-4.1649]},"42o":{"weight":0.0,"played":[0.7984,0.2016],"evs":[0.0,-4.88122]},"52o":{"weight":0.0,"played":[0.7873,0.2127],"evs":[0.0,-1.10832]},"62o":{"weight":0.0,"played":[0.9997,3.0E-4],"evs":[0.0,-10.6833]},"72o":{"weight":0.0,"played":[0.9953,0.0047],"evs":[0.0,-12.89238]},"82o":{"weight":0.0,"played":[0.9976,0.0024],"evs":[0.0,-9.66496]},"92o":{"weight":0.0,"played":[0.9289,0.0711],"evs":[0.0,-11.0005]},"T2o":{"weight":0.0,"played":[0.9995,5.0E-4],"evs":[0.0,-9.66053]},"J2o":{"weight":0.0,"played":[0.9839,0.0161],"evs":[0.0,-10.53537]},"Q2o":{"weight":0.0,"played":[0.6474,0.3526],"evs":[0.0,-6.10566]},"K2o":{"weight":2.0E-4,"played":[0.8599,0.1401],"evs":[0.0,-4.38516]},"A2o":{"weight":2.0E-4,"played":[0.9462,0.0538],"evs":[0.0,-6.24391]},"32s":{"weight":0.0,"played":[0.7202,0.2798],"evs":[0.0,-0.18404]},"33":{"weight":0.0795,"played":[0.0359,0.9641],"evs":[0.0,2.63484]},"43o":{"weight":1.0E-4,"played":[0.9879,0.0121],"evs":[0.0,-7.29538]},"53o":{"weight":0.0,"played":[1.0,0.0],"evs":[0.0,-8.85635]},"63o":{"weight":0.0,"played":[0.9694,0.0306],"evs":[0.0,-10.59046]},"73o":{"weight":0.0,"played":[1.0,0.0],"evs":[0.0,-8.86865]},"83o":{"weight":0.0,"played":[0.974,0.026],"evs":[0.0,-7.34113]},"93o":{"weight":0.0,"played":[0.9774,0.0226],"evs":[0.0,-7.18524]},"T3o":{"weight":0.0,"played":[0.9949,0.0051],"evs":[0.0,-7.33533]},"J3o":{"weight":0.0,"played":[0.8005,0.1995],"evs":[0.0,-5.21474]},"Q3o":{"weight":0.0,"played":[0.9209,0.0791],"evs":[0.0,-3.46282]},"K3o":{"weight":0.0,"played":[0.999,0.001],"evs":[0.0,-7.34986]},"A3o":{"weight":0.0215,"played":[0.7831,0.2169],"evs":[0.0,-6.82531]},"42s":{"weight":0.0,"played":[0.66,0.34],"evs":[0.0,-9.08858]},"43s":{"weight":3.0E-4,"played":[0.4256,0.5744],"evs":[0.0,4.08088]},"44":{"weight":0.7476,"played":[0.0047,0.9953],"evs":[0.0,5.6335]},"54o":{"weight":0.0,"played":[0.6899,0.3101],"evs":[0.0,-6.10969]},"64o":{"weight":0.0,"played":[0.9814,0.0186],"evs":[0.0,-8.93772]},"74o":{"weight":0.0,"played":[0.9605,0.0395],"evs":[0.0,-6.22992]},"84o":{"weight":0.0,"played":[0.699,0.301],"evs":[0.0,-4.49736]},"94o":{"weight":0.0,"played":[0.8892,0.1108],"evs":[0.0,-6.94133]},"T4o":{"weight":0.0,"played":[0.9999,1.0E-4],"evs":[0.0,-11.34602]},"J4o":{"weight":0.0,"played":[0.8661,0.1339],"evs":[0.0,-2.28257]},"Q4o":{"weight":1.0E-4,"played":[0.6217,0.3783],"evs":[0.0,-5.23001]},"K4o":{"weight":0.0,"played":[0.7489,0.2511],"evs":[0.0,-5.8134]},"A4o":{"weight":0.003,"played":[0.7823,0.2177],"evs":[0.0,-7.35739]},"52s":{"weight":0.0,"played":[0.9377,0.0623],"evs":[0.0,-7.7697]},"53s":{"weight":0.0011,"played":[0.9502,0.0498],"evs":[0.0,-15.56395]},"54s":{"weight":0.0,"played":[0.2451,0.7549],"evs":[0.0,10.31364]},"55":{"weight":0.8158,"played":[0.0738,0.9262],"evs":[0.0,3.69027]},"65o":{"weight":0.0,"played":[0.922,0.078],"evs":[0.0,-2.35088]},"75o":{"weight":2.0E-4,"played":[0.9701,0.0299],"evs":[0.0,-4.08309]},"85o":{"weight":0.0,"played":[0.9146,0.0854],"evs":[0.0,-6.20343]},"95o":{"weight":0.0,"played":[0.9997,3.0E-4],"evs":[0.0,-10.46942]},"T5o":{"weight":0.0,"played":[0.9698,0.0302],"evs":[0.0,-8.3072]},"J5o":{"weight":0.0,"played":[0.9894,0.0106],"evs":[0.0,-2.68993]},"Q5o":{"weight":0.0,"played":[0.9422,0.0578],"evs":[0.0,-5.95658]},"K5o":{"weight":5.0E-4,"played":[0.8155,0.1845],"evs":[0.0,-2.07261]},"A5o":{"weight":0.1068,"played":[0.0846,0.9154],"evs":[0.0,8.2262]},"62s":{"weight":3.0E-4,"played":[8.0E-4,0.9992],"evs":[0.0,0.61024]},"63s":{"weight":0.0,"played":[0.7004,0.2996],"evs":[0.0,-4.09496]},"64s":{"weight":1.0E-4,"played":[0.7397,0.2603],"evs":[0.0,-0.41558]},"65s":{"weight":0.0,"played":[0.3404,0.6596],"evs":[0.0,4.56595]},"66":{"weight":0.5523,"played":[0.7759,0.2241],"evs":[0.0,-6.15824]},"76o":{"weight":0.0,"played":[0.7784,0.2216],"evs":[0.0,-2.292]},"86o":{"weight":1.0E-4,"played":[0.9585,0.0415],"evs":[0.0,-2.03845]},"96o":{"weight":0.0,"played":[0.6213,0.3787],"evs":[0.0,-3.59639]},"T6o":{"weight":0.0,"played":[0.9109,0.0891],"evs":[0.0,-0.89949]},"J6o":{"weight":1.0E-4,"played":[0.9085,0.0915],"evs":[0.0,-1.31047]},"Q6o":{"weight":0.0,"played":[0.8007,0.1993],"evs":[0.0,-3.46691]},"K6o":{"weight":1.0E-4,"played":[0.9942,0.0058],"evs":[0.0,-9.27134]},"A6o":{"weight":0.21,"played":[0.9715,0.0285],"evs":[0.0,-3.3634]},"72s":{"weight":0.0,"played":[0.7313,0.2687],"evs":[0.0,-1.64849]},"73s":{"weight":1.0E-4,"played":[0.4808,0.5192],"evs":[0.0,1.73012]},"74s":{"weight":4.0E-4,"played":[0.3686,0.6314],"evs":[0.0,2.36837]},"75s":{"weight":7.0E-4,"played":[0.824,0.176],"evs":[0.0,-6.43616]},"76s":{"weight":0.0,"played":[0.6681,0.3319],"evs":[0.0,-0.25342]},"77":{"weight":0.0961,"played":[0.0085,0.9915],"evs":[0.0,0.93018]},"87o":{"weight":1.0E-4,"played":[0.3052,0.6948],"evs":[0.0,4.37306]},"97o":{"weight":2.0E-4,"played":[0.7407,0.2593],"evs":[0.0,0.93032]},"T7o":{"weight":0.0,"played":[0.9942,0.0058],"evs":[0.0,-7.84878]},"J7o":{"weight":2.0E-4,"played":[0.4876,0.5124],"evs":[0.0,-0.74808]},"Q7o":{"weight":0.0,"played":[0.5052,0.4948],"evs":[0.0,-1.16826]},"K7o":{"weight":6.0E-4,"played":[0.5531,0.4469],"evs":[0.0,0.61955]},"A7o":{"weight":0.0678,"played":[0.8964,0.1036],"evs":[0.0,-2.41574]},"82s":{"weight":5.0E-4,"played":[0.3629,0.6371],"evs":[0.0,1.06881]},"83s":{"weight":0.0,"played":[0.909,0.091],"evs":[0.0,-2.61157]},"84s":{"weight":0.0,"played":[0.7357,0.2643],"evs":[0.0,-4.90694]},"85s":{"weight":1.0E-4,"played":[0.9158,0.0842],"evs":[0.0,-3.94618]},"86s":{"weight":4.0E-4,"played":[0.9476,0.0524],"evs":[0.0,-8.19202]},"87s":{"weight":4.0E-4,"played":[0.6099,0.3901],"evs":[0.0,-4.85303]},"88":{"weight":0.0429,"played":[0.5973,0.4027],"evs":[0.0,0.83199]},"98o":{"weight":7.0E-4,"played":[0.444,0.556],"evs":[0.0,0.31574]},"T8o":{"weight":1.0E-4,"played":[0.533,0.467],"evs":[0.0,-3.88447]},"J8o":{"weight":1.0E-4,"played":[0.9998,2.0E-4],"evs":[0.0,-6.17515]},"Q8o":{"weight":3.0E-4,"played":[0.9127,0.0873],"evs":[0.0,-6.7234]},"K8o":{"weight":0.0,"played":[0.9985,0.0015],"evs":[0.0,-4.96201]},"A8o":{"weight":0.8555,"played":[0.8227,0.1773],"evs":[0.0,-1.35981]},"92s":{"weight":2.0E-4,"played":[0.4145,0.5855],"evs":[0.0,-2.41012]},"93s":{"weight":1.0E-4,"played":[0.7935,0.2065],"evs":[0.0,3.56313]},"94s":{"weight":0.0,"played":[0.9958,0.0042],"evs":[0.0,-9.87715]},"95s":{"weight":0.001,"played":[0.7471,0.2529],"evs":[0.0,-8.28166]},"96s":{"weight":0.0027,"played":[0.9942,0.0058],"evs":[0.0,-9.03769]},"97s":{"weight":1.0E-4,"played":[0.3059,0.6941],"evs":[0.0,2.234]},"98s":{"weight":0.5501,"played":[0.2187,0.7813],"evs":[0.0,3.02898]},"99":{"weight":0.2128,"played":[0.009,0.991],"evs":[0.0,6.37109]},"T9o":{"weight":3.0E-4,"played":[0.9724,0.0276],"evs":[0.0,-4.83164]},"J9o":{"weight":5.0E-4,"played":[0.8198,0.1802],"evs":[0.0,-2.58918]},"Q9o":{"weight":0.0,"played":[0.2237,0.7763],"evs":[0.0,0.84907]},"K9o":{"weight":0.0024,"played":[0.7098,0.2902],"evs":[0.0,-4.74937]},"A9o":{"weight":0.8488,"played":[0.5902,0.4098],"evs":[0.0,-3.80835]},"T2s":{"weight":2.0E-4,"played":[0.9875,0.0125],"evs":[0.0,-11.81127]},"T3s":{"weight":1.0E-4,"played":[0.9823,0.0177],"evs":[0.0,-3.07051]},"T4s":{"weight":0.0,"played":[0.5211,0.4789],"evs":[0.0,-2.83842]},"T5s":{"weight":0.0041,"played":[0.5916,0.4084],"evs":[0.0,-2.30904]},"T6s":{"weight":2.0E-4,"played":[0.4821,0.5179],"evs":[0.0,3.01408]},"T7s":{"weight":1.0E-4,"played":[0.7306,0.2694],"evs":[0.0,-9.56653]},"T8s":{"weight":0.0109,"played":[0.9322,0.0678],"evs":[0.0,-9.79084]},"T9s":{"weight":0.5242,"played":[0.3056,0.6944],"evs":[0.0,-2.94558]},"TT":{"weight":0.307,"played":[0.0092,0.9908],"evs":[0.0,13.20103]},"JTo":{"weight":0.0,"played":[0.1138,0.8862],"evs":[0.0,1.16268]},"QTo":{"weight":0.0915,"played":[0.6413,0.3587],"evs":[0.0,-3.29434]},"KTo":{"weight":0.3509,"played":[0.3385,0.6615],"evs":[0.0,-2.7339]},"ATo":{"weight":0.7332,"played":[0.0095,0.9905],"evs":[0.0,4.03548]},"J2s":{"weight":2.0E-4,"played":[0.888,0.112],"evs":[0.0,-5.45787]},"J3s":{"weight":4.0E-4,"played":[0.5506,0.4494],"evs":[0.0,2.44618]},"J4s":{"weight":3.0E-4,"played":[0.594,0.406],"evs":[0.0,-0.83765]},"J5s":{"weight":0.0011,"played":[0.9303,0.0697],"evs":[0.0,-10.79325]},"J6s":{"weight":0.0026,"played":[0.6004,0.3996],"evs":[0.0,1.01316]},"J7s":{"weight":0.0,"played":[0.56,0.44],"evs":[0.0,-7.05816]},"J8s":{"weight":0.027,"played":[0.8226,0.1774],"evs":[0.0,-6.49789]},"J9s":{"weight":0.0165,"played":[0.3035,0.6965],"evs":[0.0,-2.87805]},"JTs":{"weight":0.9972,"played":[0.3586,0.6414],"evs":[0.0,1.2109]},"JJ":{"weight":0.6646,"played":[0.0,1.0],"evs":[0.0,5.1049]},"QJo":{"weight":0.99,"played":[0.0024,0.9976],"evs":[0.0,3.57126]},"KJo":{"weight":0.6943,"played":[0.1344,0.8656],"evs":[0.0,3.75127]},"AJo":{"weight":0.996,"played":[9.0E-4,0.9991],"evs":[0.0,2.73133]},"Q2s":{"weight":5.0E-4,"played":[0.4843,0.5157],"evs":[0.0,-3.28882]},"Q3s":{"weight":4.0E-4,"played":[0.2844,0.7156],"evs":[0.0,1.49019]},"Q4s":{"weight":1.0E-4,"played":[0.3313,0.6687],"evs":[0.0,6.6855]},"Q5s":{"weight":0.2627,"played":[0.9249,0.0751],"evs":[0.0,-8.84926]},"Q6s":{"weight":0.0058,"played":[0.872,0.128],"evs":[0.0,-11.07698]},"Q7s":{"weight":1.0E-4,"played":[0.4727,0.5273],"evs":[0.0,6.82463]},"Q8s":{"weight":0.0262,"played":[0.9556,0.0444],"evs":[0.0,-11.35203]},"Q9s":{"weight":0.0235,"played":[4.0E-4,0.9996],"evs":[0.0,4.86852]},"QTs":{"weight":0.1481,"played":[0.627,0.373],"evs":[0.0,-2.71132]},"QJs":{"weight":0.0678,"played":[0.7503,0.2497],"evs":[0.0,-2.30665]},"QQ":{"weight":0.3417,"played":[0.0049,0.9951],"evs":[0.0,24.23326]},"KQo":{"weight":0.7302,"played":[0.1556,0.8444],"evs":[0.0,2.3285]},"AQo":{"weight":0.3368,"played":[0.001,0.999],"evs":[0.0,3.54115]},"K2s":{"weight":3.0E-4,"played":[0.3516,0.6484],"evs":[0.0,0.15662]},"K3s":{"weight":0.0,"played":[0.9613,0.0387],"evs":[0.0,-13.70479]},"K4s":{"weight":0.0025,"played":[0.5685,0.4315],"evs":[0.0,2.59215]},"K5s":{"weight":3.0E-4,"played":[0.1621,0.8379],"evs":[0.0,2.01]},"K6s":{"weight":1.0E-4,"played":[0.0284,0.9716],"evs":[0.0,5.41436]},"K7s":{"weight":0.0043,"played":[0.6234,0.3766],"evs":[0.0,-3.71723]},"K8s":{"weight":0.622,"played":[0.2296,0.7704],"evs":[0.0,9.06674]},"K9s":{"weight":0.6864,"played":[0.5517,0.4483],"evs":[0.0,4.25111]},"KTs":{"weight":0.0885,"played":[0.3381,0.6619],"evs":[0.0,0.57955]},"KJs":{"weight":0.6812,"played":[0.4212,0.5788],"evs":[0.0,-1.75685]},"KQs":{"weight":0.4916,"played":[0.0084,0.9916],"evs":[0.0,16.19424]},"KK":{"weight":0.9938,"played":[4.0E-4,0.9996],"evs":[0.0,29.04924]},"AKo":{"weight":0.1397,"played":[1.0E-4,0.9999],"evs":[0.0,10.14561]},"A2s":{"weight":0.0406,"played":[0.1686,0.8314],"evs":[0.0,6.2832]},"A3s":{"weight":0.1909,"played":[0.0255,0.9745],"evs":[0.0,4.81975]},"A4s":{"weight":0.4534,"played":[0.9901,0.0099],"evs":[0.0,-3.59683]},"A5s":{"weight":0.3967,"played":[0.9638,0.0362],"evs":[0.0,-2.41596]},"A6s":{"weight":0.2281,"played":[0.5267,0.4733],"evs":[0.0,-3.0979]},"A7s":{"weight":0.9367,"played":[0.1097,0.8903],"evs":[0.0,3.74818]},"A8s":{"weight":0.7553,"played":[0.577,0.423],"evs":[0.0,1.4129]},"A9s":{"weight":0.2626,"played":[0.2026,0.7974],"evs":[0.0,0.61677]},"ATs":{"weight":0.576,"played":[0.2129,0.7871],"evs":[0.0,2.44565]},"AJs":{"weight":0.8256,"played":[0.1082,0.8918],"evs":[0.0,11.00835]},"AQs":{"weight":0.0107,"played":[0.0571,0.9429],"evs":[0.0,10.47822]},"AKs":{"weight":0.2103,"played":[0.0116,0.9884],"evs":[0.0,8.80662]},"AA":{"weight":0.9977,"played":[0.0027,0.9973],"evs":[0.0,35.33429]}}}