{"player":4,"street":0,"children":2,"sequence":[{"player":0,"type":"F","amount":0,"street":0},{"player":1,"type":"R","amount":200000,"street":0},{"player":2,"type":"C","amount":200000,"street":0},{"player":3,"type":"C","amount":200000,"street":0}],"actions":[{"type":"F","amount":0,"node":159},{"type":"R","amount":1315000,"node":172}],"hands":{"22":{"weight":1.0,"played":[0.4527,0.5473],"evs":[0.0,-3.42517]},"32o":{"weight":1.0,"played":[0.992,0.008],"evs":[0.0,-7.73773]},"42o":{"weight":1.0,"played":[0.9752,0.0248],"evs":[0.0,-3.39511]},"52o":{"weight":1.0,"played":[0.9999,1.0E-4],"evs":[0.0,-4.3052]},"62o":{"weight":1.0,"played":[0.9951,0.0049],"evs":[0.0,-7.28386]},"72o":{"weight":1.0,"played":[0.939,0.061],"evs":[0.0,-3.25919]},"82o":{"weight":1.0,"played":[0.9912,0.0088],"evs":[0.0,-8.25092]},"92o":{"weight":1.0,"played":[0.9953,0.0047],"evs":[0.0,-4.6026]},"T2o":{"weight":1.0,"played":[0.9808,0.0192],"evs":[0.0,-2.71078]},"J2o":{"weight":1.0,"played":[0.9827,0.0173],"evs":[0.0,-9.26359]},"Q2o":{"weight":1.0,"played":[0.5032,0.4968],"evs":[0.0,-1.32324]},"K2o":{"weight":1.0,"played":[0.9164,0.0836],"evs":[0.0,-2.91887]},"A2o":{"weight":1.0,"played":[0.6686,0.3314],"evs":[0.0,-1.88815]},"32s":{"weight":1.0,"played":[0.3406,0.6594],"evs":[0.0,0.46529]},"33":{"weight":1.0,"played":[0.0634,0.9366],"evs":[0.0,9.76876]},"43o":{"weight":1.0,"played":[0.5,0.5],"evs":[0.0,-3.40975]},"53o":{"weight":1.0,"played":[0.8551,0.1449],"evs":[0.0,-3.39982]},"63o":{"weight":1.0,"played":[0.7298,0.2702],"evs":[0.0,-2.54132]},"73o":{"weight":1.0,"played":[0.9731,0.0269],"evs":[0.0,-0.80084]},"83o":{"weight":1.0,"played":[0.9923,0.0077],"evs":[0.0,-9.65727]},"93o":{"weight":1.0,"played":[0.9568,0.0432],"evs":[0.0,-4.67986]},"T3o":{"weight":1.0,"played":[0.9193,0.0807],"evs":[0.0,-3.24792]},"J3o":{"weight":1.0,"played":[0.934,0.066],"evs":[0.0,-9.41966]},"Q3o":{"weight":1.0,"played":[0.5727,0.4273],"evs":[0.0,-6.95861]},"K3o":{"weight":1.0,"played":[0.4897,0.5103],"evs":[0.0,-5.75639]},"A3o":{"weight":1.0,"played":[0.6188,0.3812],"evs":[0.0,-3.98107]},"42s":{"weight":1.0,"played":[0.7793,0.2207],"evs":[0.0,-7.56992]},"43s":{"weight":1.0,"played":[0.8417,0.1583],"evs":[0.0,-4.87741]},"44":{"weight":1.0,"played":[2.0E-4,0.9998],"evs":[0.0,5.65102]},"54o":{"weight":1.0,"played":[0.181,0.819],"evs":[0.0,0.57891]},"64o":{"weight":1.0,"played":[0.6323,0.3677],"evs":[0.0,2.51636]},"74o":{"weight":1.0,"played":[0.7505,0.2495],"evs":[0.0,-0.31439]},"84o":{"weight":1.0,"played":[0.8604,0.1396],"evs":[0.0,-6.66026]},"94o":{"weight":1.0,"played":[0.8333,0.1667],"evs":[0.0,-6.51078]},"T4o":{"weight":1.0,"played":[0.7354,0.2646],"evs":[0.0,-2.47487]},"J4o":{"weight":1.0,"played":[0.9693,0.0307],"evs":[0.0,-9.87335]},"Q4o":{"weight":1.0,"played":[0.7247,0.2753],"evs":[0.0,-3.81857]},"K4o":{"weight":1.0,"played":[0.9431,0.0569],"evs":[0.0,-3.22561]},"A4o":{"weight":1.0,"played":[0.3057,0.6943],"evs":[0.0,0.71204]},"52s":{"weight":1.0,"played":[0.6769,0.3231],"evs":[0.0,-4.25583]},"53s":{"weight":1.0,"played":[0.8652,0.1348],"evs":[0.0,-8.22742]},"54s":{"weight":1.0,"played":[0.7545,0.2455],"evs":[0.0,-3.42484]},"55":{"weight":1.0,"played":[0.0586,0.9414],"evs":[0.0,2.38431]},"65o":{"weight":1.0,"played":[0.8748,0.1252],"evs":[0.0,1.45689]},"75o":{"weight":1.0,"played":[0.4748,0.5252],"evs":[0.0,-0.71895]},"85o":{"weight":1.0,"played":[0.495,0.505],"evs":[0.0,-1.26236]},"95o":{"weight":1.0,"played":[0.9804,0.0196],"evs":[0.0,-8.99403]},"T5o":{"weight":1.0,"played":[0.9056,0.0944],"evs":[0.0,-5.42392]},"J5o":{"weight":1.0,"played":[0.9186,0.0814],"evs":[0.0,-4.01828]},"Q5o":{"weight":1.0,"played":[0.9172,0.0828],"evs":[0.0,-6.37384]},"K5o":{"weight":1.0,"played":[0.4265,0.5735],"evs":[0.0,1.03352]},"A5o":{"weight":1.0,"played":[0.081,0.919],"evs":[0.0,1.17895]},"62s":{"weight":1.0,"played":[0.835,0.165],"evs":[0.0,-7.60689]},"63s":{"weight":1.0,"played":[0.5419,0.4581],"evs":[0.0,-0.85063]},"64s":{"weight":1.0,"played":[0.1397,0.8603],"evs":[0.0,1.66042]},"65s":{"weight":1.0,"played":[0.124,0.876],"evs":[0.0,12.36459]},"66":{"weight":1.0,"played":[0.0189,0.9811],"evs":[0.0,7.04165]},"76o":{"weight":1.0,"played":[0.6708,0.3292],"evs":[0.0,-3.36841]},"86o":{"weight":1.0,"played":[0.7958,0.2042],"evs":[0.0,-4.60972]},"96o":{"weight":1.0,"played":[0.6751,0.3249],"evs":[0.0,3.19951]},"T6o":{"weight":1.0,"played":[0.9058,0.0942],"evs":[0.0,-8.39207]},"J6o":{"weight":1.0,"played":[0.7762,0.2238],"evs":[0.0,-3.17466]},"Q6o":{"weight":1.0,"played":[0.5088,0.4912],"evs":[0.0,-4.8791]},"K6o":{"weight":1.0,"played":[0.4149,0.5851],"evs":[0.0,-5.38973]},"A6o":{"weight":1.0,"played":[0.3944,0.6056],"evs":[0.0,-1.51415]},"72s":{"weight":1.0,"played":[0.1989,0.8011],"evs":[0.0,2.48345]},"73s":{"weight":1.0,"played":[0.9956,0.0044],"evs":[0.0,-13.06665]},"74s":{"weight":1.0,"played":[0.5036,0.4964],"evs":[0.0,4.45974]},"75s":{"weight":1.0,"played":[0.2999,0.7001],"evs":[0.0,4.32333]},"76s":{"weight":1.0,"played":[0.9374,0.0626],"evs":[0.0,-5.19352]},"77":{"weight":1.0,"played":[0.1752,0.8248],"evs":[0.0,12.2426]},"87o":{"weight":1.0,"played":[0.7382,0.2618],"evs":[0.0,-5.06841]},"97o":{"weight":1.0,"played":[0.1075,0.8925],"evs":[0.0,2.7351]},"T7o":{"weight":1.0,"played":[0.4596,0.5404],"evs":[0.0,0.41931]},"J7o":{"weight":1.0,"played":[0.3225,0.6775],"evs":[0.0,1.55733]},"Q7o":{"weight":1.0,"played":[0.6682,0.3318],"evs":[0.0,-4.39501]},"K7o":{"weight":1.0,"played":[0.0412,0.9588],"evs":[0.0,0.83594]},"A7o":{"weight":1.0,"played":[0.5121,0.4879],"evs":[0.0,5.36141]},"82s":{"weight":1.0,"played":[0.934,0.066],"evs":[0.0,-6.29489]},"83s":{"weight":1.0,"played":[0.8114,0.1886],"evs":[0.0,1.72366]},"84s":{"weight":1.0,"played":[0.7492,0.2508],"evs":[0.0,-2.37366]},"85s":{"weight":1.0,"played":[0.6995,0.3005],"evs":[0.0,-6.56344]},"86s":{"weight":1.0,"played":[0.4894,0.5106],"evs":[0.0,0.13688]},"87s":{"weight":1.0,"played":[0.9106,0.0894],"evs":[0.0,-5.93572]},"88":{"weight":1.0,"played":[0.2177,0.7823],"evs":[0.0,7.01696]},"98o":{"weight":1.0,"played":[0.6181,0.3819],"evs":[0.0,-3.38191]},"T8o":{"weight":1.0,"played":[0.8322,0.1678],"evs":[0.0,-4.33822]},"J8o":{"weight":1.0,"played":[0.6677,0.3323],"evs":[0.0,-0.29871]},"Q8o":{"weight":1.0,"played":[0.5103,0.4897],"evs":[0.0,2.25864]},"K8o":{"weight":1.0,"played":[0.9979,0.0021],"evs":[0.0,-9.51343]},"A8o":{"weight":1.0,"played":[0.4339,0.5661],"evs":[0.0,4.18416]},"92s":{"weight":1.0,"played":[0.6836,0.3164],"evs":[0.0,-9.21845]},"93s":{"weight":1.0,"played":[0.9861,0.0139],"evs":[0.0,-2.8806]},"94s":{"weight":1.0,"played":[0.9358,0.0642],"evs":[0.0,-7.8574]},"95s":{"weight":1.0,"played":[0.4705,0.5295],"evs":[0.0,-4.82626]},"96s":{"weight":1.0,"played":[0.8453,0.1547],"evs":[0.0,-10.45757]},"97s":{"weight":1.0,"played":[0.0078,0.9922],"evs":[0.0,8.64012]},"98s":{"weight":1.0,"played":[0.9713,0.0287],"evs":[0.0,-2.13507]},"99":{"weight":1.0,"played":[0.0317,0.9683],"evs":[0.0,9.36081]},"T9o":{"weight":1.0,"played":[0.6675,0.3325],"evs":[0.0,-1.40706]},"J9o":{"weight":1.0,"played":[0.9163,0.0837],"evs":[0.0,-4.56203]},"Q9o":{"weight":1.0,"played":[0.0804,0.9196],"evs":[0.0,0.8886]},"K9o":{"weight":1.0,"played":[0.8067,0.1933],"evs":[0.0,-4.66118]},"A9o":{"weight":1.0,"played":[0.173,0.827],"evs":[0.0,8.12747]},"T2s":{"weight":1.0,"played":[0.6054,0.3946],"evs":[0.0,-3.82517]},"T3s":{"weight":1.0,"played":[0.4173,0.5827],"evs":[0.0,-2.24971]},"T4s":{"weight":1.0,"played":[0.6672,0.3328],"evs":[0.0,2.08568]},"T5s":{"weight":1.0,"played":[0.2544,0.7456],"evs":[0.0,-1.72182]},"T6s":{"weight":1.0,"played":[0.2368,0.7632],"evs":[0.0,9.04839]},"T7s":{"weight":1.0,"played":[0.734,0.266],"evs":[0.0,-1.1529]},"T8s":{"weight":1.0,"played":[0.9012,0.0988],"evs":[0.0,-4.91603]},"T9s":{"weight":1.0,"played":[0.9635,0.0365],"evs":[0.0,-8.19722]},"TT":{"weight":1.0,"played":[0.0351,0.9649],"evs":[0.0,9.78619]},"JTo":{"weight":1.0,"played":[0.4714,0.5286],"evs":[0.0,4.08444]},"QTo":{"weight":1.0,"played":[0.219,0.781],"evs":[0.0,1.98042]},"KTo":{"weight":1.0,"played":[0.6675,0.3325],"evs":[0.0,-0.5884]},"ATo":{"weight":1.0,"played":[0.6135,0.3865],"evs":[0.0,3.68532]},"J2s":{"weight":1.0,"played":[0.9709,0.0291],"evs":[0.0,-6.38243]},"J3s":{"weight":1.0,"played":[0.9833,0.0167],"evs":[0.0,-5.74174]},"J4s":{"weight":1.0,"played":[0.775,0.225],"evs":[0.0,1.39706]},"J5s":{"weight":1.0,"played":[0.9362,0.0638],"evs":[0.0,-12.24708]},"J6s":{"weight":1.0,"played":[0.4734,0.5266],"evs":[0.0,6.50209]},"J7s":{"weight":1.0,"played":[0.4829,0.5171],"evs":[0.0,-0.45708]},"J8s":{"weight":1.0,"played":[0.4283,0.5717],"evs":[0.0,-4.60314]},"J9s":{"weight":1.0,"played":[0.4965,0.5035],"evs":[0.0,-5.9935]},"JTs":{"weight":1.0,"played":[0.9979,0.0021],"evs":[0.0,0.24604]},"JJ":{"weight":1.0,"played":[0.0121,0.9879],"evs":[0.0,8.01532]},"QJo":{"weight":1.0,"played":[0.4798,0.5202],"evs":[0.0,2.88577]},"KJo":{"weight":1.0,"played":[0.8284,0.1716],"evs":[0.0,0.16583]},"AJo":{"weight":1.0,"played":[0.0371,0.9629],"evs":[0.0,5.0868]},"Q2s":{"weight":1.0,"played":[0.7357,0.2643],"evs":[0.0,-6.34721]},"Q3s":{"weight":1.0,"played":[0.4169,0.5831],"evs":[0.0,-4.70406]},"Q4s":{"weight":1.0,"played":[0.9783,0.0217],"evs":[0.0,-6.67022]},"Q5s":{"weight":1.0,"played":[0.8678,0.1322],"evs":[0.0,-5.93573]},"Q6s":{"weight":1.0,"played":[0.7767,0.2233],"evs":[0.0,-3.42794]},"Q7s":{"weight":1.0,"played":[0.4956,0.5044],"evs":[0.0,5.12147]},"Q8s":{"weight":1.0,"played":[0.18,0.82],"evs":[0.0,-0.07563]},"Q9s":{"weight":1.0,"played":[0.8746,0.1254],"evs":[0.0,8.30667]},"QTs":{"weight":1.0,"played":[0.1255,0.8745],"evs":[0.0,8.58161]},"QJs":{"weight":1.0,"played":[0.0175,0.9825],"evs":[0.0,0.66648]},"QQ":{"weight":1.0,"played":[0.0138,0.9862],"evs":[0.0,10.45993]},"KQo":{"weight":1.0,"played":[0.0499,0.9501],"evs":[0.0,-0.49557]},"AQo":{"weight":1.0,"played":[0.0168,0.9832],"evs":[0.0,6.80266]},"K2s":{"weight":1.0,"played":[0.5775,0.4225],"evs":[0.0,-2.74121]},"K3s":{"weight":1.0,"played":[0.0195,0.9805],"evs":[0.0,9.49102]},"K4s":{"weight":1.0,"played":[0.8866,0.1134],"evs":[0.0,-0.0103]},"K5s":{"weight":1.0,"played":[0.3053,0.6947],"evs":[0.0,0.82818]},"K6s":{"weight":1.0,"played":[0.8981,0.1019],"evs":[0.0,-12.34033]},"K7s":{"weight":1.0,"played":[0.1267,0.8733],"evs":[0.0,-1.60264]},"K8s":{"weight":1.0,"played":[0.725,0.275],"evs":[0.0,-4.41477]},"K9s":{"weight":1.0,"played":[0.1987,0.8013],"evs":[0.0,-3.67236]},"KTs":{"weight":1.0,"played":[0.0022,0.9978],"evs":[0.0,8.0769]},"KJs":{"weight":1.0,"played":[0.1429,0.8571],"evs":[0.0,12.55067]},"KQs":{"weight":1.0,"played":[0.1669,0.8331],"evs":[0.0,14.30282]},"KK":{"weight":1.0,"played":[0.1111,0.8889],"evs":[0.0,19.58008]},"AKo":{"weight":1.0,"played":[0.0119,0.9881],"evs":[0.0,6.00081]},"A2s":{"weight":1.0,"played":[0.3003,0.6997],"evs":[0.0,8.79493]},"A3s":{"weight":1.0,"played":[0.0039,0.9961],"evs":[0.0,18.79136]},"A4s":{"weight":1.0,"played":[0.2962,0.7038],"evs":[0.0,7.52747]},"A5s":{"weight":1.0,"played":[0.8684,0.1316],"evs":[0.0,-7.1917]},"A6s":{"weight":1.0,"played":[0.0825,0.9175],"evs":[0.0,3.67078]},"A7s":{"weight":1.0,"played":[0.0096,0.9904],"evs":[0.0,9.68849]},"A8s":{"weight":1.0,"played":[0.2574,0.7426],"evs":[0.0,9.02358]},"A9s":{"weight":1.0,"played":[0.6682,0.3318],"evs":[0.0,3.45014]},"ATs":{"weight":1.0,"played":[0.0012,0.9988],"evs":[0.0,11.12583]},"AJs":{"weight":1.0,"played":[0.0703,0.9297],"evs":[0.0,2.17956]},"AQs":{"weight":1.0,"played":[0.2839,0.7161],"evs":[0.0,4.36406]},"AKs":{"weight":1.0,"played":[0.0921,0.9079],"evs":[0.0,10.53283]},"AA":{"weight":1.0,"played":[0.0021,0.9979],"evs":[0.0,28.50965]}}}