{"player":3,"street":0,"children":2,"sequence":[{"player":0,"type":"F","amount":0,"street":0},{"player":1,"type":"R","amount":200000,"street":0},{"player":2,"type":"C","amount":200000,"street":0},{"player":3,"type":"C","amount":200000,"street":0},{"player":4,"type":"F","amount":0,"street":0},{"player":5,"type":"R","amount":945000,"street":0},{"player":1,"type":"F","amount":0,"street":0},{"player":2,"type":"C","amount":745000,"street":0}],"actions":[{"type":"F","amount":0},{"type":"C","amount":545000}],"hands":{"22":{"weight":0.0586,"played":[0.9239,0.0761],"evs":[0.0,0.40625]},"32o":{"weight":6.0E-4,"played":[0.5625,0.4375],"evs":[0.0,2.5729]},"42o":{"weight":6.0E-4,"played":[0.7436,0.2564],"evs":[0.0,1.6989]},"52o":{"weight":0.0,"played":[0.9984,0.0016],"evs":[0.0,-1.81415]},"62o":{"weight":2.0E-4,"played":[0.6821,0.3179],"evs":[0.0,0.96619]},"72o":{"weight":0.0,"played":[0.9491,0.0509],"evs":[0.0,-4.46684]},"82o":{"weight":1.0E-4,"played":[0.9991,9.0E-4],"evs":[0.0,-3.10251]},"92o":{"weight":0.0,"played":[0.6393,0.3607],"evs":[0.0,0.9018]},"T2o":{"weight":3.0E-4,"played":[0.3676,0.6324],"evs":[0.0,1.47521]},"J2o":{"weight":0.0,"played":[0.2431,0.7569],"evs":[0.0,-0.59203]},"Q2o":{"weight":5.0E-4,"played":[0.4647,0.5353],"evs":[0.0,-2.37694]},"K2o":{"weight":5.0E-4,"played":[0.0693,0.9307],"evs":[0.0,6.43171]},"A2o":{"weight":6.0E-4,"played":[0.1651,0.8349],"evs":[0.0,1.85056]},"32s":{"weight":0.0012,"played":[0.3637,0.6363],"evs":[0.0,8.06453]},"33":{"weight":3.0E-4,"played":[0.3052,0.6948],"evs":[0.0,0.44626]},"43o":{"weight":6.0E-4,"played":[0.637,0.363],"evs":[0.0,-0.38346]},"53o":{"weight":1.0E-4,"played":[0.3402,0.6598],"evs":[0.0,0.31811]},"63o":{"weight":0.0,"played":[0.9873,0.0127],"evs":[0.0,-6.19577]},"73o":{"weight":4.0E-4,"played":[0.878,0.122],"evs":[0.0,-2.80247]},"83o":{"weight":0.0,"played":[0.5445,0.4555],"evs":[0.0,0.5149]},"93o":{"weight":0.0036,"played":[0.19,0.81],"evs":[0.0,1.87522]},"T3o":{"weight":0.001,"played":[0.9172,0.0828],"evs":[0.0,-1.32199]},"J3o":{"weight":0.0,"played":[0.6056,0.3944],"evs":[0.0,-0.43708]},"Q3o":{"weight":0.0025,"played":[0.9613,0.0387],"evs":[0.0,-2.48525]},"K3o":{"weight":0.0012,"played":[0.5198,0.4802],"evs":[0.0,3.53603]},"A3o":{"weight":0.0015,"played":[0.8113,0.1887],"evs":[0.0,-3.18713]},"42s":{"weight":1.0E-4,"played":[0.0505,0.9495],"evs":[0.0,7.35604]},"43s":{"weight":3.0E-4,"played":[0.9973,0.0027],"evs":[0.0,-4.11995]},"44":{"weight":0.3059,"played":[0.3697,0.6303],"evs":[0.0,0.31579]},"54o":{"weight":0.0012,"played":[0.4252,0.5748],"evs":[0.0,-2.09394]},"64o":{"weight":1.0E-4,"played":[0.6302,0.3698],"evs":[0.0,-0.13264]},"74o":{"weight":1.0E-4,"played":[0.9623,0.0377],"evs":[0.0,-1.29622]},"84o":{"weight":6.0E-4,"played":[0.4659,0.5341],"evs":[0.0,0.8079]},"94o":{"weight":3.0E-4,"played":[0.2829,0.7171],"evs":[0.0,1.45308]},"T4o":{"weight":4.0E-4,"played":[0.6488,0.3512],"evs":[0.0,-0.74552]},"J4o":{"weight":8.0E-4,"played":[0.9997,3.0E-4],"evs":[0.0,-2.64031]},"Q4o":{"weight":4.0E-4,"played":[0.8303,0.1697],"evs":[0.0,-1.46128]},"K4o":{"weight":3.0E-4,"played":[0.7658,0.2342],"evs":[0.0,-3.22607]},"A4o":{"weight":7.0E-4,"played":[0.4997,0.5003],"evs":[0.0,1.22077]},"52s":{"weight":0.0098,"played":[0.9977,0.0023],"evs":[0.0,2.76642]},"53s":{"weight":0.011,"played":[0.3199,0.6801],"evs":[0.0,-1.33161]},"54s":{"weight":1.0E-4,"played":[0.0989,0.9011],"evs":[0.0,0.96395]},"55":{"weight":0.1582,"played":[0.6665,0.3335],"evs":[0.0,-0.97439]},"65o":{"weight":0.0016,"played":[0.0171,0.9829],"evs":[0.0,1.02231]},"75o":{"weight":9.0E-4,"played":[0.4148,0.5852],"evs":[0.0,4.37324]},"85o":{"weight":0.0,"played":[0.9157,0.0843],"evs":[0.0,-1.68091]},"95o":{"weight":0.0012,"played":[0.6611,0.3389],"evs":[0.0,-1.72851]},"T5o":{"weight":2.0E-4,"played":[0.3832,0.6168],"evs":[0.0,-1.03111]},"J5o":{"weight":0.0,"played":[0.7945,0.2055],"evs":[0.0,-2.37397]},"Q5o":{"weight":4.0E-4,"played":[0.8765,0.1235],"evs":[0.0,0.85373]},"K5o":{"weight":0.0073,"played":[0.2686,0.7314],"evs":[0.0,1.93746]},"A5o":{"weight":0.0128,"played":[0.318,0.682],"evs":[0.0,7.57273]},"62s":{"weight":0.0016,"played":[0.1431,0.8569],"evs":[0.0,5.41411]},"63s":{"weight":3.0E-4,"played":[0.8468,0.1532],"evs":[0.0,-4.87043]},"64s":{"weight":0.0,"played":[0.0525,0.9475],"evs":[0.0,5.22874]},"65s":{"weight":0.0163,"played":[0.6611,0.3389],"evs":[0.0,4.57813]},"66":{"weight":0.0948,"played":[0.1122,0.8878],"evs":[0.0,3.4093]},"76o":{"weight":2.0E-4,"played":[0.739,0.261],"evs":[0.0,0.19806]},"86o":{"weight":0.0,"played":[0.3388,0.6612],"evs":[0.0,1.36188]},"96o":{"weight":1.0E-4,"played":[0.3791,0.6209],"evs":[0.0,1.5566]},"T6o":{"weight":6.0E-4,"played":[0.0045,0.9955],"evs":[0.0,2.52913]},"J6o":{"weight":2.0E-4,"played":[0.9797,0.0203],"evs":[0.0,-1.38495]},"Q6o":{"weight":1.0E-4,"played":[0.7752,0.2248],"evs":[0.0,3.89527]},"K6o":{"weight":0.0076,"played":[0.1001,0.8999],"evs":[0.0,6.3958]},"A6o":{"weight":7.0E-4,"played":[0.2322,0.7678],"evs":[0.0,3.46257]},"72s":{"weight":0.006,"played":[0.7156,0.2844],"evs":[0.0,-0.68639]},"73s":{"weight":0.0113,"played":[0.6563,0.3437],"evs":[0.0,-1.48802]},"74s":{"weight":0.0022,"played":[0.7434,0.2566],"evs":[0.0,0.02951]},"75s":{"weight":0.0051,"played":[0.1902,0.8098],"evs":[0.0,-0.48576]},"76s":{"weight":0.1433,"played":[0.0513,0.9487],"evs":[0.0,4.61381]},"77":{"weight":0.0025,"played":[0.0271,0.9729],"evs":[0.0,5.84896]},"87o":{"weight":9.0E-4,"played":[0.1356,0.8644],"evs":[0.0,1.62692]},"97o":{"weight":0.0,"played":[0.5444,0.4556],"evs":[0.0,-0.40405]},"T7o":{"weight":0.0025,"played":[0.5846,0.4154],"evs":[0.0,-0.32018]},"J7o":{"weight":8.0E-4,"played":[0.099,0.901],"evs":[0.0,4.84399]},"Q7o":{"weight":0.0028,"played":[0.7099,0.2901],"evs":[0.0,-0.47014]},"K7o":{"weight":1.0E-4,"played":[0.0298,0.9702],"evs":[0.0,4.73777]},"A7o":{"weight":0.01,"played":[0.5899,0.4101],"evs":[0.0,2.16916]},"82s":{"weight":1.0E-4,"played":[0.4004,0.5996],"evs":[0.0,8.26566]},"83s":{"weight":0.0213,"played":[0.651,0.349],"evs":[0.0,-4.19491]},"84s":{"weight":0.0492,"played":[0.6788,0.3212],"evs":[0.0,0.44283]},"85s":{"weight":0.0036,"played":[0.9308,0.0692],"evs":[0.0,-1.14409]},"86s":{"weight":0.2575,"played":[0.0686,0.9314],"evs":[0.0,3.85567]},"87s":{"weight":4.0E-4,"played":[0.1024,0.8976],"evs":[0.0,-1.19806]},"88":{"weight":0.0016,"played":[0.0703,0.9297],"evs":[0.0,11.30827]},"98o":{"weight":1.0E-4,"played":[0.8249,0.1751],"evs":[0.0,-1.32646]},"T8o":{"weight":0.0,"played":[0.9327,0.0673],"evs":[0.0,-0.96131]},"J8o":{"weight":0.0797,"played":[0.1961,0.8039],"evs":[0.0,5.52506]},"Q8o":{"weight":0.0013,"played":[0.819,0.181],"evs":[0.0,2.04903]},"K8o":{"weight":0.0,"played":[0.9111,0.0889],"evs":[0.0,-3.5873]},"A8o":{"weight":0.0141,"played":[0.9996,4.0E-4],"evs":[0.0,-2.23475]},"92s":{"weight":2.0E-4,"played":[0.7593,0.2407],"evs":[0.0,-3.21695]},"93s":{"weight":0.0015,"played":[0.348,0.652],"evs":[0.0,-1.98363]},"94s":{"weight":0.0013,"played":[0.8589,0.1411],"evs":[0.0,-3.77089]},"95s":{"weight":0.002,"played":[0.0134,0.9866],"evs":[0.0,4.08371]},"96s":{"weight":0.0088,"played":[0.7983,0.2017],"evs":[0.0,-4.96286]},"97s":{"weight":0.0076,"played":[0.3996,0.6004],"evs":[0.0,9.25633]},"98s":{"weight":0.1434,"played":[0.4795,0.5205],"evs":[0.0,-0.69709]},"99":{"weight":0.2084,"played":[0.4558,0.5442],"evs":[0.0,3.55045]},"T9o":{"weight":0.0063,"played":[0.0253,0.9747],"evs":[0.0,3.05586]},"J9o":{"weight":0.0013,"played":[0.0061,0.9939],"evs":[0.0,5.30895]},"Q9o":{"weight":2.0E-4,"played":[0.1673,0.8327],"evs":[0.0,1.53074]},"K9o":{"weight":0.0013,"played":[0.1916,0.8084],"evs":[0.0,2.77497]},"A9o":{"weight":0.0011,"played":[0.3728,0.6272],"evs":[0.0,0.73789]},"T2s":{"weight":0.0,"played":[0.9845,0.0155],"evs":[0.0,-6.74183]},"T3s":{"weight":5.0E-4,"played":[0.6568,0.3432],"evs":[0.0,-4.53331]},"T4s":{"weight":0.0,"played":[0.7513,0.2487],"evs":[0.0,-4.36805]},"T5s":{"weight":0.1376,"played":[0.7592,0.2408],"evs":[0.0,-5.76264]},"T6s":{"weight":5.0E-4,"played":[0.9665,0.0335],"evs":[0.0,-3.85554]},"T7s":{"weight":5.0E-4,"played":[0.0669,0.9331],"evs":[0.0,15.53134]},"T8s":{"weight":1.0E-4,"played":[0.5378,0.4622],"evs":[0.0,16.19045]},"T9s":{"weight":0.2707,"played":[0.3102,0.6898],"evs":[0.0,10.48943]},"TT":{"weight":0.0103,"played":[0.05,0.95],"evs":[0.0,10.72383]},"JTo":{"weight":7.0E-4,"played":[0.3974,0.6026],"evs":[0.0,-0.30662]},"QTo":{"weight":0.0017,"played":[0.1048,0.8952],"evs":[0.0,-0.83541]},"KTo":{"weight":0.0035,"played":[0.2204,0.7796],"evs":[0.0,6.45793]},"ATo":{"weight":0.1539,"played":[0.1219,0.8781],"evs":[0.0,4.72701]},"J2s":{"weight":1.0E-4,"played":[0.7671,0.2329],"evs":[0.0,0.845]},"J3s":{"weight":2.0E-4,"played":[0.9997,3.0E-4],"evs":[0.0,-0.95228]},"J4s":{"weight":0.0558,"played":[0.2398,0.7602],"evs":[0.0,-2.77792]},"J5s":{"weight":0.0324,"played":[0.2219,0.7781],"evs":[0.0,-0.93964]},"J6s":{"weight":0.0,"played":[0.5995,0.4005],"evs":[0.0,-0.44532]},"J7s":{"weight":0.0134,"played":[0.3095,0.6905],"evs":[0.0,3.01785]},"J8s":{"weight":0.0066,"played":[0.2391,0.7609],"evs":[0.0,5.27335]},"J9s":{"weight":0.0066,"played":[0.9882,0.0118],"evs":[0.0,-6.74292]},"JTs":{"weight":0.1054,"played":[0.5704,0.4296],"evs":[0.0,3.03208]},"JJ":{"weight":0.0015,"played":[0.0217,0.9783],"evs":[0.0,-0.83584]},"QJo":{"weight":0.0996,"played":[0.9982,0.0018],"evs":[0.0,-0.54665]},"KJo":{"weight":0.1681,"played":[0.0259,0.9741],"evs":[0.0,0.42622]},"AJo":{"weight":0.011,"played":[0.1721,0.8279],"evs":[0.0,5.48971]},"Q2s":{"weight":0.0,"played":[0.0407,0.9593],"evs":[0.0,5.63029]},"Q3s":{"weight":0.0871,"played":[0.8806,0.1194],"evs":[0.0,-6.53635]},"Q4s":{"weight":0.1601,"played":[0.0267,0.9733],"evs":[0.0,10.46584]},"Q5s":{"weight":4.0E-4,"played":[0.7426,0.2574],"evs":[0.0,-4.24206]},"Q6s":{"weight":0.035,"played":[0.1375,0.8625],"evs":[0.0,5.62749]},"Q7s":{"weight":0.0421,"played":[0.61,0.39],"evs":[0.0,-1.4316]},"Q8s":{"weight":0.0062,"played":[0.9891,0.0109],"evs":[0.0,1.59496]},"Q9s":{"weight":0.0114,"played":[0.0168,0.9832],"evs":[0.0,5.14047]},"QTs":{"weight":0.0011,"played":[0.3156,0.6844],"evs":[0.0,3.63684]},"QJs":{"weight":0.0012,"played":[0.7186,0.2814],"evs":[0.0,5.24712]},"QQ":{"weight":2.0E-4,"played":[0.0297,0.9703],"evs":[0.0,9.86096]},"KQo":{"weight":0.0453,"played":[0.1924,0.8076],"evs":[0.0,6.90572]},"AQo":{"weight":0.0101,"played":[0.0739,0.9261],"evs":[0.0,7.05345]},"K2s":{"weight":0.1935,"played":[0.5061,0.4939],"evs":[0.0,3.55717]},"K3s":{"weight":9.0E-4,"played":[0.9938,0.0062],"evs":[0.0,-6.74189]},"K4s":{"weight":0.0468,"played":[0.995,0.005],"evs":[0.0,-6.74217]},"K5s":{"weight":0.0044,"played":[0.8119,0.1881],"evs":[0.0,0.78527]},"K6s":{"weight":0.004,"played":[0.999,0.001],"evs":[0.0,2.75498]},"K7s":{"weight":0.1521,"played":[0.9947,0.0053],"evs":[0.0,-2.38261]},"K8s":{"weight":3.0E-4,"played":[0.2767,0.7233],"evs":[0.0,6.54972]},"K9s":{"weight":0.0288,"played":[0.4476,0.5524],"evs":[0.0,12.73687]},"KTs":{"weight":0.2704,"played":[0.7677,0.2323],"evs":[0.0,0.70584]},"KJs":{"weight":0.1622,"played":[0.3161,0.6839],"evs":[0.0,5.86403]},"KQs":{"weight":0.0166,"played":[0.1132,0.8868],"evs":[0.0,11.66205]},"KK":{"weight":0.0,"played":[0.0024,0.9976],"evs":[0.0,12.37057]},"AKo":{"weight":1.0E-4,"played":[0.4868,0.5132],"evs":[0.0,0.03147]},"A2s":{"weight":0.0282,"played":[0.1023,0.8977],"evs":[0.0,0.91571]},"A3s":{"weight":0.1175,"played":[0.083,0.917],"evs":[0.0,-1.5765]},"A4s":{"weight":0.4554,"played":[0.4666,0.5334],"evs":[0.0,-2.7972]},"A5s":{"weight":0.0056,"played":[0.1503,0.8497],"evs":[0.0,14.43725]},"A6s":{"weight":0.0184,"played":[0.4663,0.5337],"evs":[0.0,0.20344]},"A7s":{"weight":0.0127,"played":[0.9923,0.0077],"evs":[0.0,-6.74201]},"A8s":{"weight":3.0E-4,"played":[0.3935,0.6065],"evs":[0.0,4.60486]},"A9s":{"weight":0.0121,"played":[0.0657,0.9343],"evs":[0.0,7.07777]},"ATs":{"weight":0.0017,"played":[0.174,0.826],"evs":[0.0,0.71519]},"AJs":{"weight":0.0024,"played":[0.9571,0.0429],"evs":[0.0,-6.74202]},"AQs":{"weight":1.0E-4,"played":[0.0055,0.9945],"evs":[0.0,9.85037]},"AKs":{"weight":0.0,"played":[0.0061,0.9939],"evs":[0.0,10.31329]},"AA":{"weight":0.0,"played":[0.11,0.89],"evs":[0.0,7.76656]}}}