{"player":3,"street":0,"children":2,"sequence":[{"player":0,"type":"F","amount":0,"street":0},{"player":1,"type":"R","amount":200000,"street":0},{"player":2,"type":"C","amount":200000,"street":0},{"player":3,"type":"C","amount":200000,"street":0},{"player":4,"type":"R","amount":1315000,"street":0},{"player":5,"type":"F","amount":0,"street":0},{"player":1,"type":"F","amount":0,"street":0},{"player":2,"type":"C","amount":1115000,"street":0}],"actions":[{"type":"F","amount":0},{"type":"C","amount":545000}],"hands":{"22":{"weight":0.0586,"played":[0.2212,0.7788],"evs":[0.0,0.9732]},"32o":{"weight":6.0E-4,"played":[0.4257,0.5743],"evs":[0.0,4.47534]},"42o":{"weight":6.0E-4,"played":[0.7928,0.2072],"evs":[0.0,-1.79623]},"52o":{"weight":0.0,"played":[0.9346,0.0654],"evs":[0.0,-1.86777]},"62o":{"weight":2.0E-4,"played":[0.6131,0.3869],"evs":[0.0,0.62227]},"72o":{"weight":0.0,"played":[0.129,0.871],"evs":[0.0,-0.33412]},"82o":{"weight":1.0E-4,"played":[0.232,0.768],"evs":[0.0,-0.1032]},"92o":{"weight":0.0,"played":[0.7578,0.2422],"evs":[0.0,-1.79963]},"T2o":{"weight":3.0E-4,"played":[0.3099,0.6901],"evs":[0.0,0.11208]},"J2o":{"weight":0.0,"played":[0.6065,0.3935],"evs":[0.0,-2.17271]},"Q2o":{"weight":5.0E-4,"played":[0.5544,0.4456],"evs":[0.0,-0.90459]},"K2o":{"weight":5.0E-4,"played":[0.8158,0.1842],"evs":[0.0,-1.80389]},"A2o":{"weight":6.0E-4,"played":[0.2424,0.7576],"evs":[0.0,3.88542]},"32s":{"weight":0.0012,"played":[0.405,0.595],"evs":[0.0,-2.89209]},"33":{"weight":3.0E-4,"played":[0.4227,0.5773],"evs":[0.0,1.20733]},"43o":{"weight":6.0E-4,"played":[0.9641,0.0359],"evs":[0.0,-2.84946]},"53o":{"weight":1.0E-4,"played":[0.045,0.955],"evs":[0.0,1.48191]},"63o":{"weight":0.0,"played":[0.9992,8.0E-4],"evs":[0.0,-2.51891]},"73o":{"weight":4.0E-4,"played":[0.467,0.533],"evs":[0.0,-1.57509]},"83o":{"weight":0.0,"played":[0.4504,0.5496],"evs":[0.0,-1.55412]},"93o":{"weight":0.0036,"played":[0.7327,0.2673],"evs":[0.0,-1.11344]},"T3o":{"weight":0.001,"played":[0.8421,0.1579],"evs":[0.0,-1.37661]},"J3o":{"weight":0.0,"played":[0.1533,0.8467],"evs":[0.0,4.12911]},"Q3o":{"weight":0.0025,"played":[0.6629,0.3371],"evs":[0.0,-0.45355]},"K3o":{"weight":0.0012,"played":[0.7453,0.2547],"evs":[0.0,2.29391]},"A3o":{"weight":0.0015,"played":[0.5673,0.4327],"evs":[0.0,3.64445]},"42s":{"weight":1.0E-4,"played":[0.7276,0.2724],"evs":[0.0,1.21642]},"43s":{"weight":3.0E-4,"played":[0.3877,0.6123],"evs":[0.0,0.27428]},"44":{"weight":0.3059,"played":[0.0037,0.9963],"evs":[0.0,3.60269]},"54o":{"weight":0.0012,"played":[0.9998,2.0E-4],"evs":[0.0,-3.34506]},"64o":{"weight":1.0E-4,"played":[0.8031,0.1969],"evs":[0.0,2.16684]},"74o":{"weight":1.0E-4,"played":[0.2575,0.7425],"evs":[0.0,2.93343]},"84o":{"weight":6.0E-4,"played":[0.7558,0.2442],"evs":[0.0,-0.72418]},"94o":{"weight":3.0E-4,"played":[0.7897,0.2103],"evs":[0.0,-3.89463]},"T4o":{"weight":4.0E-4,"played":[0.5821,0.4179],"evs":[0.0,0.07166]},"J4o":{"weight":8.0E-4,"played":[0.5635,0.4365],"evs":[0.0,1.13436]},"Q4o":{"weight":4.0E-4,"played":[0.5713,0.4287],"evs":[0.0,-1.50798]},"K4o":{"weight":3.0E-4,"played":[0.8159,0.1841],"evs":[0.0,-0.46861]},"A4o":{"weight":7.0E-4,"played":[0.135,0.865],"evs":[0.0,1.54361]},"52s":{"weight":0.0098,"played":[0.384,0.616],"evs":[0.0,1.7263]},"53s":{"weight":0.011,"played":[0.0314,0.9686],"evs":[0.0,8.36308]},"54s":{"weight":1.0E-4,"played":[0.997,0.003],"evs":[0.0,-1.61539]},"55":{"weight":0.1582,"played":[0.5883,0.4117],"evs":[0.0,-2.11761]},"65o":{"weight":0.0016,"played":[0.2869,0.7131],"evs":[0.0,3.21301]},"75o":{"weight":9.0E-4,"played":[0.0389,0.9611],"evs":[0.0,1.29392]},"85o":{"weight":0.0,"played":[0.2862,0.7138],"evs":[0.0,1.65644]},"95o":{"weight":0.0012,"played":[0.9834,0.0166],"evs":[0.0,-4.49128]},"T5o":{"weight":2.0E-4,"played":[0.4759,0.5241],"evs":[0.0,1.88524]},"J5o":{"weight":0.0,"played":[0.5221,0.4779],"evs":[0.0,2.17538]},"Q5o":{"weight":4.0E-4,"played":[0.8502,0.1498],"evs":[0.0,-3.72882]},"K5o":{"weight":0.0073,"played":[0.044,0.956],"evs":[0.0,0.86024]},"A5o":{"weight":0.0128,"played":[0.1401,0.8599],"evs":[0.0,4.3883]},"62s":{"weight":0.0016,"played":[0.8261,0.1739],"evs":[0.0,-1.01489]},"63s":{"weight":3.0E-4,"played":[0.2763,0.7237],"evs":[0.0,3.17656]},"64s":{"weight":0.0,"played":[0.5859,0.4141],"evs":[0.0,-2.8009]},"65s":{"weight":0.0163,"played":[0.0071,0.9929],"evs":[0.0,9.01013]},"66":{"weight":0.0948,"played":[0.4504,0.5496],"evs":[0.0,2.39385]},"76o":{"weight":2.0E-4,"played":[0.7413,0.2587],"evs":[0.0,2.30417]},"86o":{"weight":0.0,"played":[0.1095,0.8905],"evs":[0.0,-0.92269]},"96o":{"weight":1.0E-4,"played":[0.2424,0.7576],"evs":[0.0,1.80603]},"T6o":{"weight":6.0E-4,"played":[0.2939,0.7061],"evs":[0.0,-0.49341]},"J6o":{"weight":2.0E-4,"played":[0.7169,0.2831],"evs":[0.0,-2.24379]},"Q6o":{"weight":1.0E-4,"played":[0.5075,0.4925],"evs":[0.0,2.17758]},"K6o":{"weight":0.0076,"played":[0.2299,0.7701],"evs":[0.0,5.72418]},"A6o":{"weight":7.0E-4,"played":[0.5607,0.4393],"evs":[0.0,-0.84459]},"72s":{"weight":0.006,"played":[0.996,0.004],"evs":[0.0,-6.74395]},"73s":{"weight":0.0113,"played":[0.7106,0.2894],"evs":[0.0,-4.31556]},"74s":{"weight":0.0022,"played":[0.0802,0.9198],"evs":[0.0,-0.45311]},"75s":{"weight":0.0051,"played":[0.2788,0.7212],"evs":[0.0,-1.73938]},"76s":{"weight":0.1433,"played":[0.0576,0.9424],"evs":[0.0,2.46542]},"77":{"weight":0.0025,"played":[0.072,0.928],"evs":[0.0,7.94825]},"87o":{"weight":9.0E-4,"played":[0.5457,0.4543],"evs":[0.0,0.77723]},"97o":{"weight":0.0,"played":[0.1061,0.8939],"evs":[0.0,4.05142]},"T7o":{"weight":0.0025,"played":[0.3766,0.6234],"evs":[0.0,2.46991]},"J7o":{"weight":8.0E-4,"played":[0.8625,0.1375],"evs":[0.0,0.9872]},"Q7o":{"weight":0.0028,"played":[0.0144,0.9856],"evs":[0.0,4.02742]},"K7o":{"weight":1.0E-4,"played":[0.1485,0.8515],"evs":[0.0,2.58602]},"A7o":{"weight":0.01,"played":[0.009,0.991],"evs":[0.0,4.00204]},"82s":{"weight":1.0E-4,"played":[0.732,0.268],"evs":[0.0,-3.81443]},"83s":{"weight":0.0213,"played":[0.1736,0.8264],"evs":[0.0,8.24454]},"84s":{"weight":0.0492,"played":[0.6258,0.3742],"evs":[0.0,-2.4019]},"85s":{"weight":0.0036,"played":[0.1698,0.8302],"evs":[0.0,7.11403]},"86s":{"weight":0.2575,"played":[0.3896,0.6104],"evs":[0.0,4.80115]},"87s":{"weight":4.0E-4,"played":[0.9953,0.0047],"evs":[0.0,-6.74496]},"88":{"weight":0.0016,"played":[0.2068,0.7932],"evs":[0.0,4.44145]},"98o":{"weight":1.0E-4,"played":[0.5042,0.4958],"evs":[0.0,-0.07533]},"T8o":{"weight":0.0,"played":[0.3109,0.6891],"evs":[0.0,0.42835]},"J8o":{"weight":0.0797,"played":[0.0356,0.9644],"evs":[0.0,2.73497]},"Q8o":{"weight":0.0013,"played":[0.4729,0.5271],"evs":[0.0,1.80285]},"K8o":{"weight":0.0,"played":[0.0878,0.9122],"evs":[0.0,2.12868]},"A8o":{"weight":0.0141,"played":[0.6735,0.3265],"evs":[0.0,-1.07139]},"92s":{"weight":2.0E-4,"played":[0.4158,0.5842],"evs":[0.0,-0.91463]},"93s":{"weight":0.0015,"played":[0.0524,0.9476],"evs":[0.0,7.75728]},"94s":{"weight":0.0013,"played":[0.6452,0.3548],"evs":[0.0,-4.20748]},"95s":{"weight":0.002,"played":[0.5401,0.4599],"evs":[0.0,-0.22295]},"96s":{"weight":0.0088,"played":[0.9643,0.0357],"evs":[0.0,-1.6615]},"97s":{"weight":0.0076,"played":[0.4338,0.5662],"evs":[0.0,-1.54182]},"98s":{"weight":0.1434,"played":[0.1197,0.8803],"evs":[0.0,5.23213]},"99":{"weight":0.2084,"played":[0.0896,0.9104],"evs":[0.0,6.662]},"T9o":{"weight":0.0063,"played":[0.8968,0.1032],"evs":[0.0,-2.65473]},"J9o":{"weight":0.0013,"played":[0.3313,0.6687],"evs":[0.0,1.29022]},"Q9o":{"weight":2.0E-4,"played":[0.0183,0.9817],"evs":[0.0,2.86858]},"K9o":{"weight":0.0013,"played":[0.168,0.832],"evs":[0.0,8.41963]},"A9o":{"weight":0.0011,"played":[0.0633,0.9367],"evs":[0.0,8.86789]},"T2s":{"weight":0.0,"played":[0.3889,0.6111],"evs":[0.0,3.76194]},"T3s":{"weight":5.0E-4,"played":[0.7384,0.2616],"evs":[0.0,-1.97337]},"T4s":{"weight":0.0,"played":[0.4582,0.5418],"evs":[0.0,-1.76859]},"T5s":{"weight":0.1376,"played":[0.0484,0.9516],"evs":[0.0,9.5522]},"T6s":{"weight":5.0E-4,"played":[0.2675,0.7325],"evs":[0.0,3.15518]},"T7s":{"weight":5.0E-4,"played":[0.3051,0.6949],"evs":[0.0,1.84151]},"T8s":{"weight":1.0E-4,"played":[0.1068,0.8932],"evs":[0.0,8.53081]},"T9s":{"weight":0.2707,"played":[0.7972,0.2028],"evs":[0.0,3.16607]},"TT":{"weight":0.0103,"played":[0.2838,0.7162],"evs":[0.0,4.48311]},"JTo":{"weight":7.0E-4,"played":[0.6157,0.3843],"evs":[0.0,0.67509]},"QTo":{"weight":0.0017,"played":[0.0417,0.9583],"evs":[0.0,0.40742]},"KTo":{"weight":0.0035,"played":[0.0465,0.9535],"evs":[0.0,3.96617]},"ATo":{"weight":0.1539,"played":[0.2108,0.7892],"evs":[0.0,4.58626]},"J2s":{"weight":1.0E-4,"played":[0.8356,0.1644],"evs":[0.0,-2.90472]},"J3s":{"weight":2.0E-4,"played":[0.3422,0.6578],"evs":[0.0,2.12708]},"J4s":{"weight":0.0558,"played":[0.504,0.496],"evs":[0.0,7.00026]},"J5s":{"weight":0.0324,"played":[0.1498,0.8502],"evs":[0.0,1.55919]},"J6s":{"weight":0.0,"played":[0.0225,0.9775],"evs":[0.0,10.63034]},"J7s":{"weight":0.0134,"played":[0.6721,0.3279],"evs":[0.0,-5.08275]},"J8s":{"weight":0.0066,"played":[0.3957,0.6043],"evs":[0.0,4.2359]},"J9s":{"weight":0.0066,"played":[0.1706,0.8294],"evs":[0.0,2.72983]},"JTs":{"weight":0.1054,"played":[0.6979,0.3021],"evs":[0.0,-4.52317]},"JJ":{"weight":0.0015,"played":[0.0888,0.9112],"evs":[0.0,9.1403]},"QJo":{"weight":0.0996,"played":[0.2161,0.7839],"evs":[0.0,-0.13265]},"KJo":{"weight":0.1681,"played":[0.1814,0.8186],"evs":[0.0,3.46905]},"AJo":{"weight":0.011,"played":[0.0508,0.9492],"evs":[0.0,1.28725]},"Q2s":{"weight":0.0,"played":[0.1381,0.8619],"evs":[0.0,14.19037]},"Q3s":{"weight":0.0871,"played":[0.1373,0.8627],"evs":[0.0,8.56204]},"Q4s":{"weight":0.1601,"played":[0.5308,0.4692],"evs":[0.0,3.0754]},"Q5s":{"weight":4.0E-4,"played":[0.2885,0.7115],"evs":[0.0,-1.67284]},"Q6s":{"weight":0.035,"played":[0.4323,0.5677],"evs":[0.0,-2.22285]},"Q7s":{"weight":0.0421,"played":[0.573,0.427],"evs":[0.0,3.65335]},"Q8s":{"weight":0.0062,"played":[0.1949,0.8051],"evs":[0.0,0.32426]},"Q9s":{"weight":0.0114,"played":[0.0152,0.9848],"evs":[0.0,8.48686]},"QTs":{"weight":0.0011,"played":[0.6817,0.3183],"evs":[0.0,-2.40674]},"QJs":{"weight":0.0012,"played":[0.1169,0.8831],"evs":[0.0,4.46154]},"QQ":{"weight":2.0E-4,"played":[0.0402,0.9598],"evs":[0.0,11.33866]},"KQo":{"weight":0.0453,"played":[0.078,0.922],"evs":[0.0,9.79934]},"AQo":{"weight":0.0101,"played":[0.0013,0.9987],"evs":[0.0,6.91624]},"K2s":{"weight":0.1935,"played":[0.6802,0.3198],"evs":[0.0,-2.05855]},"K3s":{"weight":9.0E-4,"played":[0.8998,0.1002],"evs":[0.0,-2.88317]},"K4s":{"weight":0.0468,"played":[0.5728,0.4272],"evs":[0.0,1.76679]},"K5s":{"weight":0.0044,"played":[0.0145,0.9855],"evs":[0.0,0.56141]},"K6s":{"weight":0.004,"played":[0.2357,0.7643],"evs":[0.0,5.54294]},"K7s":{"weight":0.1521,"played":[0.0772,0.9228],"evs":[0.0,0.6363]},"K8s":{"weight":3.0E-4,"played":[0.547,0.453],"evs":[0.0,4.12335]},"K9s":{"weight":0.0288,"played":[0.056,0.944],"evs":[0.0,3.5422]},"KTs":{"weight":0.2704,"played":[0.5158,0.4842],"evs":[0.0,-0.27896]},"KJs":{"weight":0.1622,"played":[0.1649,0.8351],"evs":[0.0,1.16624]},"KQs":{"weight":0.0166,"played":[0.3599,0.6401],"evs":[0.0,0.93452]},"KK":{"weight":0.0,"played":[0.1274,0.8726],"evs":[0.0,19.0599]},"AKo":{"weight":1.0E-4,"played":[0.0014,0.9986],"evs":[0.0,9.82501]},"A2s":{"weight":0.0282,"played":[0.2327,0.7673],"evs":[0.0,2.99956]},"A3s":{"weight":0.1175,"played":[0.3821,0.6179],"evs":[0.0,3.13351]},"A4s":{"weight":0.4554,"played":[0.5637,0.4363],"evs":[0.0,3.05232]},"A5s":{"weight":0.0056,"played":[0.4072,0.5928],"evs":[0.0,-1.77894]},"A6s":{"weight":0.0184,"played":[0.3326,0.6674],"evs":[0.0,3.68192]},"A7s":{"weight":0.0127,"played":[0.3137,0.6863],"evs":[0.0,4.70933]},"A8s":{"weight":3.0E-4,"played":[0.237,0.763],"evs":[0.0,9.29211]},"A9s":{"weight":0.0121,"played":[0.3905,0.6095],"evs":[0.0,-2.72054]},"ATs":{"weight":0.0017,"played":[0.3034,0.6966],"evs":[0.0,0.22326]},"AJs":{"weight":0.0024,"played":[0.581,0.419],"evs":[0.0,0.66678]},"AQs":{"weight":1.0E-4,"played":[0.326,0.674],"evs":[0.0,7.71598]},"AKs":{"weight":0.0,"played":[0.1575,0.8425],"evs":[0.0,12.59201]},"AA":{"weight":0.0,"played":[0.1212,0.8788],"evs":[0.0,17.24953]}}}