{"player":1,"street":0,"children":2,"sequence":[{"player":0,"type":"F","amount":0,"street":0},{"player":1,"type":"R","amount":200000,"street":0},{"player":2,"type":"C","amount":200000,"street":0},{"player":3,"type":"C","amount":200000,"street":0},{"player":4,"type":"R","amount":1315000,"street":0},{"player":5,"type":"F","amount":0,"street":0},{"player":1,"type":"C","amount":1115000,"street":0},{"player":2,"type":"R","amount":2275000,"street":0},{"player":3,"type":"C","amount":545000,"street":0}],"actions":[{"type":"F","amount":0},{"type":"C","amount":870000}],"hands":{"22":{"weight":0.012,"played":[0.3417,0.6583],"evs":[0.0,10.44031]},"32o":{"weight":0.0,"played":[0.2283,0.7717],"evs":[0.0,61.90765]},"42o":{"weight":0.0,"played":[0.4972,0.5028],"evs":[0.0,-4.354]},"52o":{"weight":0.0,"played":[0.5817,0.4183],"evs":[0.0,-5.60158]},"62o":{"weight":0.0,"played":[0.6842,0.3158],"evs":[0.0,-0.23894]},"72o":{"weight":0.0,"played":[0.0891,0.9109],"evs":[0.0,4.37279]},"82o":{"weight":0.0,"played":[0.9718,0.0282],"evs":[0.0,-10.72024]},"92o":{"weight":0.0,"played":[0.2508,0.7492],"evs":[0.0,11.74423]},"T2o":{"weight":0.0,"played":[0.2092,0.7908],"evs":[0.0,-1.83038]},"J2o":{"weight":0.0,"played":[0.2333,0.7667],"evs":[0.0,26.25897]},"Q2o":{"weight":0.0,"played":[0.5977,0.4023],"evs":[0.0,9.8338]},"K2o":{"weight":0.0,"played":[0.4046,0.5954],"evs":[0.0,-5.4904]},"A2o":{"weight":3.0E-4,"played":[0.5951,0.4049],"evs":[0.0,9.80579]},"32s":{"weight":0.0,"played":[0.5,0.5],"evs":[0.0,-10.70825]},"33":{"weight":1.0E-4,"played":[0.1687,0.8313],"evs":[0.0,7.27353]},"43o":{"weight":0.0,"played":[0.4842,0.5158],"evs":[0.0,13.66636]},"53o":{"weight":0.0,"played":[0.4589,0.5411],"evs":[0.0,8.54838]},"63o":{"weight":0.0,"played":[0.5,0.5],"evs":[0.0,-10.70825]},"73o":{"weight":0.0,"played":[0.456,0.544],"evs":[0.0,4.79098]},"83o":{"weight":0.0,"played":[0.9592,0.0408],"evs":[0.0,-10.71244]},"93o":{"weight":0.0,"played":[0.4108,0.5892],"evs":[0.0,19.7831]},"T3o":{"weight":0.0,"played":[0.9429,0.0571],"evs":[0.0,-10.7101]},"J3o":{"weight":0.0,"played":[0.0182,0.9818],"evs":[0.0,2.93858]},"Q3o":{"weight":0.0,"played":[0.4179,0.5821],"evs":[0.0,37.36949]},"K3o":{"weight":0.0,"played":[0.466,0.534],"evs":[0.0,1.94598]},"A3o":{"weight":0.0604,"played":[0.9309,0.0691],"evs":[0.0,-10.71441]},"42s":{"weight":0.0,"played":[0.249,0.751],"evs":[0.0,31.43925]},"43s":{"weight":0.0,"played":[0.1092,0.8908],"evs":[0.0,21.29652]},"44":{"weight":2.0E-4,"played":[0.1091,0.8909],"evs":[0.0,7.75587]},"54o":{"weight":0.0,"played":[0.2356,0.7644],"evs":[0.0,17.18334]},"64o":{"weight":0.0,"played":[0.013,0.987],"evs":[0.0,0.26356]},"74o":{"weight":0.0,"played":[0.6695,0.3305],"evs":[0.0,6.09412]},"84o":{"weight":0.0,"played":[0.8113,0.1887],"evs":[0.0,-9.57593]},"94o":{"weight":0.0,"played":[0.4352,0.5648],"evs":[0.0,6.86977]},"T4o":{"weight":0.0,"played":[0.0075,0.9925],"evs":[0.0,24.07163]},"J4o":{"weight":0.0,"played":[0.5667,0.4333],"evs":[0.0,4.66947]},"Q4o":{"weight":0.0,"played":[0.0056,0.9944],"evs":[0.0,24.44972]},"K4o":{"weight":0.0,"played":[0.2489,0.7511],"evs":[0.0,-4.4205]},"A4o":{"weight":0.0292,"played":[0.7548,0.2452],"evs":[0.0,-8.51407]},"52s":{"weight":0.0,"played":[0.368,0.632],"evs":[0.0,9.75342]},"53s":{"weight":0.0,"played":[0.9247,0.0753],"evs":[0.0,7.30142]},"54s":{"weight":0.0,"played":[0.9297,0.0703],"evs":[0.0,62.04589]},"55":{"weight":0.1712,"played":[0.9285,0.0715],"evs":[0.0,7.46165]},"65o":{"weight":0.0,"played":[0.8297,0.1703],"evs":[0.0,-10.14978]},"75o":{"weight":0.0,"played":[0.3212,0.6788],"evs":[0.0,10.39704]},"85o":{"weight":0.0,"played":[0.0106,0.9894],"evs":[0.0,11.60203]},"95o":{"weight":0.0,"played":[0.9006,0.0994],"evs":[0.0,-9.77712]},"T5o":{"weight":0.0,"played":[0.1785,0.8215],"evs":[0.0,4.17809]},"J5o":{"weight":0.0,"played":[0.1555,0.8445],"evs":[0.0,14.16635]},"Q5o":{"weight":0.0,"played":[0.4666,0.5334],"evs":[0.0,3.89674]},"K5o":{"weight":1.0E-4,"played":[0.2311,0.7689],"evs":[0.0,27.05751]},"A5o":{"weight":0.0012,"played":[0.9114,0.0886],"evs":[0.0,-4.77226]},"62s":{"weight":0.0,"played":[0.5,0.5],"evs":[0.0,-10.70825]},"63s":{"weight":0.0,"played":[0.6841,0.3159],"evs":[0.0,-8.48363]},"64s":{"weight":0.0,"played":[0.5,0.5],"evs":[0.0,0.0]},"65s":{"weight":0.0,"played":[0.0284,0.9716],"evs":[0.0,32.40268]},"66":{"weight":0.0,"played":[0.9208,0.0792],"evs":[0.0,-10.70825]},"76o":{"weight":0.0,"played":[0.9723,0.0277],"evs":[0.0,-6.81947]},"86o":{"weight":0.0,"played":[0.9533,0.0467],"evs":[0.0,-10.71415]},"96o":{"weight":0.0,"played":[0.1396,0.8604],"evs":[0.0,16.9303]},"T6o":{"weight":0.0,"played":[0.334,0.666],"evs":[0.0,37.45298]},"J6o":{"weight":0.0,"played":[0.4215,0.5785],"evs":[0.0,10.20024]},"Q6o":{"weight":1.0E-4,"played":[0.4532,0.5468],"evs":[0.0,6.50034]},"K6o":{"weight":1.0E-4,"played":[0.4966,0.5034],"evs":[0.0,-2.63848]},"A6o":{"weight":0.0071,"played":[0.996,0.004],"evs":[0.0,5.18821]},"72s":{"weight":0.0,"played":[0.7705,0.2295],"evs":[0.0,-10.72005]},"73s":{"weight":0.0,"played":[0.9112,0.0888],"evs":[0.0,58.92717]},"74s":{"weight":0.0,"played":[0.5,0.5],"evs":[0.0,0.0]},"75s":{"weight":0.0011,"played":[0.9923,0.0077],"evs":[0.0,-10.70835]},"76s":{"weight":0.0,"played":[0.5,0.5],"evs":[0.0,0.0]},"77":{"weight":0.0369,"played":[0.8692,0.1308],"evs":[0.0,-10.71313]},"87o":{"weight":0.0,"played":[0.237,0.763],"evs":[0.0,22.7047]},"97o":{"weight":0.0,"played":[0.0081,0.9919],"evs":[0.0,13.08065]},"T7o":{"weight":0.0,"played":[0.0174,0.9826],"evs":[0.0,5.85371]},"J7o":{"weight":0.0,"played":[0.9637,0.0363],"evs":[0.0,-10.70961]},"Q7o":{"weight":0.0,"played":[0.3769,0.6231],"evs":[0.0,10.50325]},"K7o":{"weight":1.0E-4,"played":[0.9637,0.0363],"evs":[0.0,8.95636]},"A7o":{"weight":0.9446,"played":[0.0058,0.9942],"evs":[0.0,24.5208]},"82s":{"weight":0.0,"played":[0.9641,0.0359],"evs":[0.0,-10.7143]},"83s":{"weight":0.0,"played":[0.6282,0.3718],"evs":[0.0,-3.83874]},"84s":{"weight":0.0,"played":[0.5,0.5],"evs":[0.0,-10.7168]},"85s":{"weight":0.0,"played":[0.5,0.5],"evs":[0.0,-10.72617]},"86s":{"weight":0.0,"played":[0.5,0.5],"evs":[0.0,73.94801]},"87s":{"weight":0.0245,"played":[0.5,0.5],"evs":[0.0,-10.71485]},"88":{"weight":0.0312,"played":[0.2179,0.7821],"evs":[0.0,28.61255]},"98o":{"weight":0.0,"played":[0.7806,0.2194],"evs":[0.0,-10.70825]},"T8o":{"weight":0.0,"played":[0.3598,0.6402],"evs":[0.0,6.57944]},"J8o":{"weight":1.0E-4,"played":[0.6798,0.3202],"evs":[0.0,-8.16152]},"Q8o":{"weight":0.0,"played":[0.1175,0.8825],"evs":[0.0,3.23337]},"K8o":{"weight":1.0E-4,"played":[0.4323,0.5677],"evs":[0.0,15.26556]},"A8o":{"weight":0.2477,"played":[0.9752,0.0248],"evs":[0.0,4.79172]},"92s":{"weight":0.0,"played":[0.9221,0.0779],"evs":[0.0,0.27608]},"93s":{"weight":0.0,"played":[0.2857,0.7143],"evs":[0.0,8.13033]},"94s":{"weight":0.0,"played":[0.5,0.5],"evs":[0.0,-10.70825]},"95s":{"weight":0.0,"played":[0.8006,0.1994],"evs":[0.0,-10.71339]},"96s":{"weight":0.0,"played":[0.7547,0.2453],"evs":[0.0,-10.7214]},"97s":{"weight":0.0652,"played":[0.5,0.5],"evs":[0.0,-10.70825]},"98s":{"weight":0.352,"played":[0.5,0.5],"evs":[0.0,73.93864]},"99":{"weight":0.1621,"played":[0.3161,0.6839],"evs":[0.0,-4.11122]},"T9o":{"weight":0.0022,"played":[0.3422,0.6578],"evs":[0.0,18.35597]},"J9o":{"weight":0.0,"played":[0.7671,0.2329],"evs":[0.0,-10.71782]},"Q9o":{"weight":4.0E-4,"played":[0.0032,0.9968],"evs":[0.0,-1.45535]},"K9o":{"weight":0.0029,"played":[0.1788,0.8212],"evs":[0.0,0.86306]},"A9o":{"weight":0.0986,"played":[0.005,0.995],"evs":[0.0,0.59982]},"T2s":{"weight":0.0,"played":[0.6372,0.3628],"evs":[0.0,-8.20137]},"T3s":{"weight":0.0,"played":[0.5,0.5],"evs":[0.0,10.50574]},"T4s":{"weight":0.0,"played":[0.5,0.5],"evs":[0.0,-10.70825]},"T5s":{"weight":1.0E-4,"played":[0.812,0.188],"evs":[0.0,-10.71073]},"T6s":{"weight":0.0,"played":[0.3429,0.6571],"evs":[0.0,7.32611]},"T7s":{"weight":0.0154,"played":[0.9897,0.0103],"evs":[0.0,-10.70825]},"T8s":{"weight":0.1702,"played":[0.3703,0.6297],"evs":[0.0,-0.25176]},"T9s":{"weight":0.2222,"played":[0.9021,0.0979],"evs":[0.0,-10.71196]},"TT":{"weight":0.3236,"played":[0.436,0.564],"evs":[0.0,22.97605]},"JTo":{"weight":0.0115,"played":[0.4696,0.5304],"evs":[0.0,3.99283]},"QTo":{"weight":2.0E-4,"played":[0.0468,0.9532],"evs":[0.0,27.54529]},"KTo":{"weight":0.0143,"played":[0.9143,0.0857],"evs":[0.0,-8.19366]},"ATo":{"weight":0.0073,"played":[0.0454,0.9546],"evs":[0.0,13.37145]},"J2s":{"weight":0.0,"played":[0.25,0.75],"evs":[0.0,33.82058]},"J3s":{"weight":0.0,"played":[0.2223,0.7777],"evs":[0.0,-7.58684]},"J4s":{"weight":0.0,"played":[0.0056,0.9944],"evs":[0.0,30.80823]},"J5s":{"weight":0.0,"played":[0.25,0.75],"evs":[0.0,73.95656]},"J6s":{"weight":0.0,"played":[0.5,0.5],"evs":[0.0,16.35552]},"J7s":{"weight":0.0204,"played":[0.4871,0.5129],"evs":[0.0,10.06521]},"J8s":{"weight":0.3142,"played":[0.5,0.5],"evs":[0.0,-10.70825]},"J9s":{"weight":0.1128,"played":[0.1935,0.8065],"evs":[0.0,-3.65265]},"JTs":{"weight":0.2564,"played":[0.5,0.5],"evs":[0.0,0.0]},"JJ":{"weight":0.1288,"played":[0.1049,0.8951],"evs":[0.0,73.95656]},"QJo":{"weight":0.168,"played":[0.4665,0.5335],"evs":[0.0,-2.69316]},"KJo":{"weight":0.8988,"played":[0.0037,0.9963],"evs":[0.0,25.79727]},"AJo":{"weight":0.1391,"played":[0.0135,0.9865],"evs":[0.0,30.74506]},"Q2s":{"weight":2.0E-4,"played":[0.1714,0.8286],"evs":[0.0,65.55731]},"Q3s":{"weight":1.0E-4,"played":[0.0307,0.9693],"evs":[0.0,6.89622]},"Q4s":{"weight":0.0,"played":[0.586,0.414],"evs":[0.0,41.64696]},"Q5s":{"weight":1.0E-4,"played":[0.5,0.5],"evs":[0.0,-10.71485]},"Q6s":{"weight":0.0064,"played":[0.9676,0.0324],"evs":[0.0,-10.71176]},"Q7s":{"weight":0.1283,"played":[0.0779,0.9221],"evs":[0.0,-7.4087]},"Q8s":{"weight":0.2612,"played":[0.2444,0.7556],"evs":[0.0,73.95238]},"Q9s":{"weight":0.1643,"played":[0.412,0.588],"evs":[0.0,16.55405]},"QTs":{"weight":0.1426,"played":[0.0133,0.9867],"evs":[0.0,6.03567]},"QJs":{"weight":0.1391,"played":[0.7795,0.2205],"evs":[0.0,-10.0665]},"QQ":{"weight":0.0535,"played":[0.1139,0.8861],"evs":[0.0,32.61956]},"KQo":{"weight":0.2493,"played":[0.0456,0.9544],"evs":[0.0,16.70876]},"AQo":{"weight":0.0384,"played":[0.4026,0.5974],"evs":[0.0,13.84118]},"K2s":{"weight":0.0,"played":[0.0432,0.9568],"evs":[0.0,9.68662]},"K3s":{"weight":0.0,"played":[0.5,0.5],"evs":[0.0,0.0]},"K4s":{"weight":0.0242,"played":[0.9226,0.0774],"evs":[0.0,7.21117]},"K5s":{"weight":0.0407,"played":[0.9092,0.0908],"evs":[0.0,-10.70945]},"K6s":{"weight":0.002,"played":[0.2462,0.7538],"evs":[0.0,72.16836]},"K7s":{"weight":0.0079,"played":[0.7715,0.2285],"evs":[0.0,-10.70825]},"K8s":{"weight":0.3471,"played":[0.8057,0.1943],"evs":[0.0,-10.71348]},"K9s":{"weight":0.3792,"played":[0.3781,0.6219],"evs":[0.0,-5.7339]},"KTs":{"weight":0.0242,"played":[0.0379,0.9621],"evs":[0.0,35.45776]},"KJs":{"weight":0.4167,"played":[0.25,0.75],"evs":[0.0,57.62468]},"KQs":{"weight":0.1097,"played":[0.5,0.5],"evs":[0.0,-7.72196]},"KK":{"weight":2.0E-4,"played":[0.0016,0.9984],"evs":[0.0,41.1301]},"AKo":{"weight":0.4527,"played":[0.0106,0.9894],"evs":[0.0,28.51423]},"A2s":{"weight":5.0E-4,"played":[0.5,0.5],"evs":[0.0,0.0]},"A3s":{"weight":0.1452,"played":[0.0254,0.9746],"evs":[0.0,41.86248]},"A4s":{"weight":0.1874,"played":[0.6323,0.3677],"evs":[0.0,11.7923]},"A5s":{"weight":0.2359,"played":[0.0578,0.9422],"evs":[0.0,18.32248]},"A6s":{"weight":0.0783,"played":[0.368,0.632],"evs":[0.0,3.27728]},"A7s":{"weight":0.1494,"played":[0.2732,0.7268],"evs":[0.0,38.03427]},"A8s":{"weight":0.0298,"played":[0.0498,0.9502],"evs":[0.0,46.96225]},"A9s":{"weight":0.0029,"played":[0.8215,0.1785],"evs":[0.0,-10.71485]},"ATs":{"weight":0.0255,"played":[0.0671,0.9329],"evs":[0.0,42.55308]},"AJs":{"weight":0.238,"played":[0.6907,0.3093],"evs":[0.0,14.1374]},"AQs":{"weight":0.0017,"played":[0.017,0.983],"evs":[0.0,23.02818]},"AKs":{"weight":0.4207,"played":[0.0325,0.9675],"evs":[0.0,31.0799]},"AA":{"weight":0.8536,"played":[0.0057,0.9943],"evs":[0.0,13.99094]}}}