{"player":1,"street":0,"children":2,"sequence":[{"player":0,"type":"F","amount":0,"street":0},{"player":1,"type":"R","amount":200000,"street":0},{"player":2,"type":"C","amount":200000,"street":0},{"player":3,"type":"C","amount":200000,"street":0},{"player":4,"type":"R","amount":1315000,"street":0},{"player":5,"type":"C","amount":845000,"street":0}],"actions":[{"type":"F","amount":0,"node":186},{"type":"R","amount":2185000,"node":189}],"hands":{"22":{"weight":0.1057,"played":[0.3737,0.6263],"evs":[0.0,-9.81114]},"32o":{"weight":0.0,"played":[0.8954,0.1046],"evs":[0.0,-14.05823]},"42o":{"weight":0.0,"played":[0.4831,0.5169],"evs":[0.0,0.59299]},"52o":{"weight":0.0,"played":[0.9728,0.0272],"evs":[0.0,-16.49805]},"62o":{"weight":0.0,"played":[0.9114,0.0886],"evs":[0.0,-9.57016]},"72o":{"weight":0.0,"played":[0.7015,0.2985],"evs":[0.0,-6.59792]},"82o":{"weight":0.0,"played":[0.3314,0.6686],"evs":[0.0,3.60792]},"92o":{"weight":0.0,"played":[0.4194,0.5806],"evs":[0.0,9.42454]},"T2o":{"weight":0.0,"played":[0.9539,0.0461],"evs":[0.0,-4.39546]},"J2o":{"weight":0.0,"played":[0.5858,0.4142],"evs":[0.0,-3.25384]},"Q2o":{"weight":0.0,"played":[0.7151,0.2849],"evs":[0.0,-8.14639]},"K2o":{"weight":1.0E-4,"played":[0.0644,0.9356],"evs":[0.0,0.74218]},"A2o":{"weight":0.0936,"played":[0.2927,0.7073],"evs":[0.0,-2.04672]},"32s":{"weight":0.0,"played":[0.9996,4.0E-4],"evs":[0.0,-13.49491]},"33":{"weight":0.0445,"played":[0.8095,0.1905],"evs":[0.0,-4.00029]},"43o":{"weight":0.0,"played":[0.1273,0.8727],"evs":[0.0,2.37236]},"53o":{"weight":0.0,"played":[0.9323,0.0677],"evs":[0.0,-11.92558]},"63o":{"weight":0.0,"played":[0.7978,0.2022],"evs":[0.0,-9.13041]},"73o":{"weight":0.0,"played":[0.7944,0.2056],"evs":[0.0,-0.53129]},"83o":{"weight":0.0,"played":[0.9499,0.0501],"evs":[0.0,-12.2163]},"93o":{"weight":0.0,"played":[0.876,0.124],"evs":[0.0,-7.83215]},"T3o":{"weight":0.0,"played":[0.7996,0.2004],"evs":[0.0,-10.86555]},"J3o":{"weight":0.0,"played":[0.7407,0.2593],"evs":[0.0,-5.20698]},"Q3o":{"weight":0.0,"played":[0.3733,0.6267],"evs":[0.0,5.80094]},"K3o":{"weight":0.0,"played":[0.7525,0.2475],"evs":[0.0,1.48211]},"A3o":{"weight":0.9968,"played":[5.0E-4,0.9995],"evs":[0.0,1.31892]},"42s":{"weight":0.0,"played":[0.7062,0.2938],"evs":[0.0,-10.25365]},"43s":{"weight":0.0,"played":[0.192,0.808],"evs":[0.0,10.76946]},"44":{"weight":0.0068,"played":[0.0539,0.9461],"evs":[0.0,0.062]},"54o":{"weight":0.0,"played":[0.4177,0.5823],"evs":[0.0,3.98758]},"64o":{"weight":0.0,"played":[0.9109,0.0891],"evs":[0.0,-14.97132]},"74o":{"weight":0.0,"played":[0.9734,0.0266],"evs":[0.0,-13.61196]},"84o":{"weight":0.0,"played":[0.323,0.677],"evs":[0.0,5.19549]},"94o":{"weight":0.0,"played":[0.4606,0.5394],"evs":[0.0,0.37151]},"T4o":{"weight":0.0,"played":[0.9829,0.0171],"evs":[0.0,-4.54523]},"J4o":{"weight":0.0,"played":[0.7336,0.2664],"evs":[0.0,3.06885]},"Q4o":{"weight":0.0,"played":[0.6921,0.3079],"evs":[0.0,-9.53957]},"K4o":{"weight":1.0E-4,"played":[0.4962,0.5038],"evs":[0.0,4.05286]},"A4o":{"weight":0.899,"played":[0.1806,0.8194],"evs":[0.0,5.5948]},"52s":{"weight":0.0,"played":[0.9365,0.0635],"evs":[0.0,-21.21696]},"53s":{"weight":0.0,"played":[0.5274,0.4726],"evs":[0.0,-8.29679]},"54s":{"weight":0.0,"played":[0.8293,0.1707],"evs":[0.0,-15.06357]},"55":{"weight":0.3371,"played":[0.2519,0.7481],"evs":[0.0,-0.42001]},"65o":{"weight":0.0,"played":[0.9967,0.0033],"evs":[0.0,-7.87212]},"75o":{"weight":0.0,"played":[0.4098,0.5902],"evs":[0.0,3.0695]},"85o":{"weight":0.0,"played":[0.3972,0.6028],"evs":[0.0,2.53344]},"95o":{"weight":0.0,"played":[0.1699,0.8301],"evs":[0.0,9.15226]},"T5o":{"weight":0.0,"played":[0.5425,0.4575],"evs":[0.0,-6.72995]},"J5o":{"weight":0.0,"played":[0.9734,0.0266],"evs":[0.0,-8.60428]},"Q5o":{"weight":0.0,"played":[0.8614,0.1386],"evs":[0.0,-12.11641]},"K5o":{"weight":2.0E-4,"played":[0.6635,0.3365],"evs":[0.0,-10.29434]},"A5o":{"weight":0.9984,"played":[0.5166,0.4834],"evs":[0.0,-0.41743]},"62s":{"weight":0.0,"played":[0.9392,0.0608],"evs":[0.0,-20.02954]},"63s":{"weight":0.0,"played":[0.9986,0.0014],"evs":[0.0,-6.14905]},"64s":{"weight":0.0,"played":[0.0044,0.9956],"evs":[0.0,0.03917]},"65s":{"weight":0.0,"played":[0.9634,0.0366],"evs":[0.0,-15.49985]},"66":{"weight":0.0034,"played":[0.3415,0.6585],"evs":[0.0,-1.29151]},"76o":{"weight":0.0,"played":[0.7663,0.2337],"evs":[0.0,4.87505]},"86o":{"weight":0.0,"played":[0.7067,0.2933],"evs":[0.0,-10.56523]},"96o":{"weight":0.0,"played":[0.0329,0.9671],"evs":[0.0,4.23966]},"T6o":{"weight":0.0,"played":[0.293,0.707],"evs":[0.0,4.05606]},"J6o":{"weight":0.0,"played":[0.9545,0.0455],"evs":[0.0,-10.55073]},"Q6o":{"weight":2.0E-4,"played":[0.3404,0.6596],"evs":[0.0,-8.72816]},"K6o":{"weight":0.002,"played":[0.1332,0.8668],"evs":[0.0,1.58998]},"A6o":{"weight":0.9897,"played":[0.21,0.79],"evs":[0.0,3.16208]},"72s":{"weight":0.0,"played":[0.8392,0.1608],"evs":[0.0,0.06633]},"73s":{"weight":0.0,"played":[0.2354,0.7646],"evs":[0.0,28.58256]},"74s":{"weight":0.0,"played":[0.9833,0.0167],"evs":[0.0,0.2768]},"75s":{"weight":0.0033,"played":[0.7006,0.2994],"evs":[0.0,5.89366]},"76s":{"weight":0.0,"played":[0.6132,0.3868],"evs":[0.0,-3.58982]},"77":{"weight":0.4321,"played":[0.0056,0.9944],"evs":[0.0,5.61235]},"87o":{"weight":0.0,"played":[0.7876,0.2124],"evs":[0.0,-5.45828]},"97o":{"weight":0.0,"played":[0.7667,0.2333],"evs":[0.0,-3.36685]},"T7o":{"weight":0.0,"played":[0.9743,0.0257],"evs":[0.0,-9.35762]},"J7o":{"weight":0.0,"played":[0.3094,0.6906],"evs":[0.0,4.69569]},"Q7o":{"weight":0.0,"played":[0.433,0.567],"evs":[0.0,-6.47839]},"K7o":{"weight":4.0E-4,"played":[0.0584,0.9416],"evs":[0.0,3.9445]},"A7o":{"weight":0.9496,"played":[0.0078,0.9922],"evs":[0.0,1.93567]},"82s":{"weight":0.0,"played":[0.9955,0.0045],"evs":[0.0,-16.92178]},"83s":{"weight":1.0E-4,"played":[0.141,0.859],"evs":[0.0,2.03423]},"84s":{"weight":0.0,"played":[0.6414,0.3586],"evs":[0.0,-7.26101]},"85s":{"weight":0.0,"played":[0.7493,0.2507],"evs":[0.0,5.17093]},"86s":{"weight":0.0,"played":[0.1174,0.8826],"evs":[0.0,8.6999]},"87s":{"weight":0.1887,"played":[0.1725,0.8275],"evs":[0.0,7.88461]},"88":{"weight":0.979,"played":[0.8198,0.1802],"evs":[0.0,-6.96912]},"98o":{"weight":0.0,"played":[0.9985,0.0015],"evs":[0.0,-13.59851]},"T8o":{"weight":1.0E-4,"played":[0.3468,0.6532],"evs":[0.0,10.40163]},"J8o":{"weight":4.0E-4,"played":[0.5216,0.4784],"evs":[0.0,-10.21186]},"Q8o":{"weight":5.0E-4,"played":[0.8987,0.1013],"evs":[0.0,-4.59062]},"K8o":{"weight":0.0032,"played":[0.2633,0.7367],"evs":[0.0,-7.70977]},"A8o":{"weight":0.9885,"played":[0.0016,0.9984],"evs":[0.0,2.53264]},"92s":{"weight":0.0,"played":[0.9109,0.0891],"evs":[0.0,-15.61421]},"93s":{"weight":0.0,"played":[0.9728,0.0272],"evs":[0.0,-16.70547]},"94s":{"weight":0.0,"played":[0.918,0.082],"evs":[0.0,-20.34379]},"95s":{"weight":0.0,"played":[0.9558,0.0442],"evs":[0.0,-24.12138]},"96s":{"weight":0.0,"played":[0.8615,0.1385],"evs":[0.0,-13.48471]},"97s":{"weight":0.4823,"played":[0.266,0.734],"evs":[0.0,30.55291]},"98s":{"weight":0.6907,"played":[0.6793,0.3207],"evs":[0.0,-9.29074]},"99":{"weight":1.0,"played":[0.6055,0.3945],"evs":[0.0,0.50846]},"T9o":{"weight":0.096,"played":[0.1603,0.8397],"evs":[0.0,1.24417]},"J9o":{"weight":1.0E-4,"played":[0.2285,0.7715],"evs":[0.0,0.94798]},"Q9o":{"weight":0.0053,"played":[0.3086,0.6914],"evs":[0.0,1.7341]},"K9o":{"weight":0.0803,"played":[0.6961,0.3039],"evs":[0.0,-5.97934]},"A9o":{"weight":0.4824,"played":[0.4272,0.5728],"evs":[0.0,4.42731]},"T2s":{"weight":0.0,"played":[0.5972,0.4028],"evs":[0.0,29.61155]},"T3s":{"weight":0.0,"played":[0.2164,0.7836],"evs":[0.0,11.33582]},"T4s":{"weight":1.0E-4,"played":[0.9524,0.0476],"evs":[0.0,-15.28629]},"T5s":{"weight":4.0E-4,"played":[0.5635,0.4365],"evs":[0.0,-5.45236]},"T6s":{"weight":0.0,"played":[0.2687,0.7313],"evs":[0.0,25.53105]},"T7s":{"weight":0.2239,"played":[0.5774,0.4226],"evs":[0.0,12.6314]},"T8s":{"weight":0.9161,"played":[0.9283,0.0717],"evs":[0.0,-4.43255]},"T9s":{"weight":0.9676,"played":[0.134,0.866],"evs":[0.0,9.01428]},"TT":{"weight":0.9887,"played":[0.1865,0.8135],"evs":[0.0,11.51889]},"JTo":{"weight":0.9974,"played":[0.1389,0.8611],"evs":[0.0,6.32031]},"QTo":{"weight":0.9996,"played":[0.2059,0.7941],"evs":[0.0,-1.29758]},"KTo":{"weight":0.5919,"played":[0.0054,0.9946],"evs":[0.0,0.84523]},"ATo":{"weight":0.2931,"played":[0.7766,0.2234],"evs":[0.0,-13.83533]},"J2s":{"weight":0.0,"played":[0.439,0.561],"evs":[0.0,14.03253]},"J3s":{"weight":2.0E-4,"played":[0.9965,0.0035],"evs":[0.0,-20.99925]},"J4s":{"weight":0.0,"played":[0.9609,0.0391],"evs":[0.0,-21.6026]},"J5s":{"weight":0.0,"played":[0.9489,0.0511],"evs":[0.0,-10.3295]},"J6s":{"weight":0.0,"played":[0.9815,0.0185],"evs":[0.0,-15.76757]},"J7s":{"weight":0.0516,"played":[0.5374,0.4626],"evs":[0.0,5.52121]},"J8s":{"weight":0.9448,"played":[0.6421,0.3579],"evs":[0.0,9.57726]},"J9s":{"weight":0.7794,"played":[0.0739,0.9261],"evs":[0.0,5.19514]},"JTs":{"weight":0.6553,"played":[0.1167,0.8833],"evs":[0.0,5.50436]},"JJ":{"weight":0.986,"played":[0.0086,0.9914],"evs":[0.0,18.05079]},"QJo":{"weight":0.9999,"played":[0.1263,0.8737],"evs":[0.0,10.99968]},"KJo":{"weight":0.9064,"played":[0.1457,0.8543],"evs":[0.0,4.63851]},"AJo":{"weight":0.2783,"played":[0.0366,0.9634],"evs":[0.0,21.96451]},"Q2s":{"weight":5.0E-4,"played":[0.4159,0.5841],"evs":[0.0,-1.98307]},"Q3s":{"weight":4.0E-4,"played":[0.5851,0.4149],"evs":[0.0,1.1776]},"Q4s":{"weight":1.0E-4,"played":[0.4466,0.5534],"evs":[0.0,4.57891]},"Q5s":{"weight":8.0E-4,"played":[0.1601,0.8399],"evs":[0.0,-1.71382]},"Q6s":{"weight":0.1681,"played":[0.6607,0.3393],"evs":[0.0,-7.09415]},"Q7s":{"weight":0.3632,"played":[0.8223,0.1777],"evs":[0.0,7.67832]},"Q8s":{"weight":0.7283,"played":[0.7694,0.2306],"evs":[0.0,-0.48753]},"Q9s":{"weight":0.8398,"played":[0.5561,0.4439],"evs":[0.0,8.61309]},"QTs":{"weight":0.4273,"played":[0.3799,0.6201],"evs":[0.0,13.07405]},"QJs":{"weight":0.5929,"played":[0.1771,0.8229],"evs":[0.0,14.58884]},"QQ":{"weight":0.9987,"played":[0.1431,0.8569],"evs":[0.0,25.35322]},"KQo":{"weight":0.4424,"played":[0.4154,0.5846],"evs":[0.0,5.24095]},"AQo":{"weight":0.8843,"played":[0.0017,0.9983],"evs":[0.0,6.90417]},"K2s":{"weight":0.0,"played":[0.5362,0.4638],"evs":[0.0,-7.11582]},"K3s":{"weight":1.0E-4,"played":[0.9852,0.0148],"evs":[0.0,-19.49428]},"K4s":{"weight":0.1182,"played":[0.7799,0.2201],"evs":[0.0,-16.48654]},"K5s":{"weight":0.4215,"played":[0.001,0.999],"evs":[0.0,26.02748]},"K6s":{"weight":0.7818,"played":[0.7057,0.2943],"evs":[0.0,-0.1273]},"K7s":{"weight":0.9664,"played":[0.5013,0.4987],"evs":[0.0,2.43947]},"K8s":{"weight":0.917,"played":[0.1263,0.8737],"evs":[0.0,-2.16129]},"K9s":{"weight":0.9963,"played":[0.1463,0.8537],"evs":[0.0,18.54725]},"KTs":{"weight":0.6747,"played":[0.2518,0.7482],"evs":[0.0,-4.4668]},"KJs":{"weight":0.7077,"played":[0.2237,0.7763],"evs":[0.0,29.73863]},"KQs":{"weight":0.9509,"played":[0.0817,0.9183],"evs":[0.0,12.37735]},"KK":{"weight":0.9973,"played":[0.013,0.987],"evs":[0.0,21.44415]},"AKo":{"weight":0.6674,"played":[0.0011,0.9989],"evs":[0.0,22.00357]},"A2s":{"weight":0.032,"played":[0.567,0.433],"evs":[0.0,-11.94424]},"A3s":{"weight":0.3108,"played":[0.6113,0.3887],"evs":[0.0,15.91468]},"A4s":{"weight":0.3017,"played":[0.1682,0.8318],"evs":[0.0,2.27086]},"A5s":{"weight":0.308,"played":[0.4765,0.5235],"evs":[0.0,-1.4283]},"A6s":{"weight":0.2416,"played":[0.1321,0.8679],"evs":[0.0,6.11341]},"A7s":{"weight":0.9626,"played":[0.3326,0.6674],"evs":[0.0,4.45854]},"A8s":{"weight":0.044,"played":[0.3278,0.6722],"evs":[0.0,-3.91135]},"A9s":{"weight":0.678,"played":[0.6937,0.3063],"evs":[0.0,12.61769]},"ATs":{"weight":0.2658,"played":[0.0197,0.9803],"evs":[0.0,11.87115]},"AJs":{"weight":0.985,"played":[0.0814,0.9186],"evs":[0.0,15.9517]},"AQs":{"weight":0.9605,"played":[0.5036,0.4964],"evs":[0.0,1.30508]},"AKs":{"weight":0.9999,"played":[0.0412,0.9588],"evs":[0.0,15.85885]},"AA":{"weight":1.0,"played":[0.0133,0.9867],"evs":[0.0,32.785]}}}