{"player":2,"street":0,"children":2,"sequence":[{"player":0,"type":"F","amount":0,"street":0},{"player":1,"type":"R","amount":200000,"street":0},{"player":2,"type":"C","amount":200000,"street":0},{"player":3,"type":"C","amount":200000,"street":0},{"player":4,"type":"R","amount":1315000,"street":0},{"player":5,"type":"C","amount":845000,"street":0},{"player":1,"type":"R","amount":2185000,"street":0}],"actions":[{"type":"F","amount":0,"node":190},{"type":"C","amount":1985000,"node":191}],"hands":{"22":{"weight":0.0029,"played":[0.7082,0.2918],"evs":[0.0,-8.2484]},"32o":{"weight":0.0,"played":[0.9636,0.0364],"evs":[0.0,-6.65929]},"42o":{"weight":0.0,"played":[0.8652,0.1348],"evs":[0.0,2.2892]},"52o":{"weight":0.0,"played":[0.9002,0.0998],"evs":[0.0,-6.68115]},"62o":{"weight":0.0,"played":[0.7158,0.2842],"evs":[0.0,-5.93112]},"72o":{"weight":0.0,"played":[0.5677,0.4323],"evs":[0.0,-6.73158]},"82o":{"weight":0.0,"played":[0.6471,0.3529],"evs":[0.0,-9.41997]},"92o":{"weight":0.0,"played":[0.836,0.164],"evs":[0.0,-11.74151]},"T2o":{"weight":0.0,"played":[0.8239,0.1761],"evs":[0.0,-16.14634]},"J2o":{"weight":0.0,"played":[0.9525,0.0475],"evs":[0.0,-10.84735]},"Q2o":{"weight":0.0,"played":[0.699,0.301],"evs":[0.0,-6.05267]},"K2o":{"weight":2.0E-4,"played":[0.4004,0.5996],"evs":[0.0,1.74137]},"A2o":{"weight":2.0E-4,"played":[0.5363,0.4637],"evs":[0.0,8.74594]},"32s":{"weight":0.0,"played":[0.2745,0.7255],"evs":[0.0,0.45678]},"33":{"weight":0.0795,"played":[0.9557,0.0443],"evs":[0.0,-5.07395]},"43o":{"weight":1.0E-4,"played":[0.9629,0.0371],"evs":[0.0,-1.89164]},"53o":{"weight":0.0,"played":[0.9773,0.0227],"evs":[0.0,-6.56312]},"63o":{"weight":0.0,"played":[0.8282,0.1718],"evs":[0.0,-6.91128]},"73o":{"weight":0.0,"played":[0.9938,0.0062],"evs":[0.0,-8.09606]},"83o":{"weight":0.0,"played":[0.9989,0.0011],"evs":[0.0,-9.66542]},"93o":{"weight":0.0,"played":[0.9849,0.0151],"evs":[0.0,-10.2859]},"T3o":{"weight":0.0,"played":[0.9905,0.0095],"evs":[0.0,-11.02841]},"J3o":{"weight":0.0,"played":[0.9384,0.0616],"evs":[0.0,-9.74258]},"Q3o":{"weight":0.0,"played":[0.5346,0.4654],"evs":[0.0,3.10674]},"K3o":{"weight":0.0,"played":[0.0567,0.9433],"evs":[0.0,3.20091]},"A3o":{"weight":0.0215,"played":[0.5422,0.4578],"evs":[0.0,1.94681]},"42s":{"weight":0.0,"played":[0.999,0.001],"evs":[0.0,1.10281]},"43s":{"weight":3.0E-4,"played":[0.8591,0.1409],"evs":[0.0,-10.9245]},"44":{"weight":0.7476,"played":[0.1255,0.8745],"evs":[0.0,13.68199]},"54o":{"weight":0.0,"played":[0.2167,0.7833],"evs":[0.0,10.14007]},"64o":{"weight":0.0,"played":[0.9875,0.0125],"evs":[0.0,-11.11487]},"74o":{"weight":0.0,"played":[0.0313,0.9687],"evs":[0.0,-1.90081]},"84o":{"weight":0.0,"played":[0.2699,0.7301],"evs":[0.0,-0.14246]},"94o":{"weight":0.0,"played":[0.5095,0.4905],"evs":[0.0,-0.54284]},"T4o":{"weight":0.0,"played":[0.9577,0.0423],"evs":[0.0,-9.43679]},"J4o":{"weight":0.0,"played":[0.6218,0.3782],"evs":[0.0,-5.75543]},"Q4o":{"weight":1.0E-4,"played":[0.6072,0.3928],"evs":[0.0,-9.61464]},"K4o":{"weight":0.0,"played":[0.3182,0.6818],"evs":[0.0,-1.58431]},"A4o":{"weight":0.003,"played":[0.1342,0.8658],"evs":[0.0,3.97697]},"52s":{"weight":0.0,"played":[0.5959,0.4041],"evs":[0.0,6.50895]},"53s":{"weight":0.0011,"played":[0.8269,0.1731],"evs":[0.0,-14.10127]},"54s":{"weight":0.0,"played":[0.7751,0.2249],"evs":[0.0,-4.82444]},"55":{"weight":0.8158,"played":[0.8211,0.1789],"evs":[0.0,4.51207]},"65o":{"weight":0.0,"played":[0.236,0.764],"evs":[0.0,0.27433]},"75o":{"weight":2.0E-4,"played":[0.2244,0.7756],"evs":[0.0,17.22519]},"85o":{"weight":0.0,"played":[0.9631,0.0369],"evs":[0.0,-10.85526]},"95o":{"weight":0.0,"played":[0.7815,0.2185],"evs":[0.0,-8.20686]},"T5o":{"weight":0.0,"played":[0.3001,0.6999],"evs":[0.0,-1.46321]},"J5o":{"weight":0.0,"played":[0.9686,0.0314],"evs":[0.0,-2.74466]},"Q5o":{"weight":0.0,"played":[0.9251,0.0749],"evs":[0.0,-1.02405]},"K5o":{"weight":5.0E-4,"played":[0.9214,0.0786],"evs":[0.0,-5.91295]},"A5o":{"weight":0.1068,"played":[0.2791,0.7209],"evs":[0.0,4.86654]},"62s":{"weight":3.0E-4,"played":[0.7318,0.2682],"evs":[0.0,-6.02508]},"63s":{"weight":0.0,"played":[0.8851,0.1149],"evs":[0.0,-13.79617]},"64s":{"weight":1.0E-4,"played":[0.8641,0.1359],"evs":[0.0,-19.60411]},"65s":{"weight":0.0,"played":[0.9863,0.0137],"evs":[0.0,-4.89611]},"66":{"weight":0.5523,"played":[0.0085,0.9915],"evs":[0.0,22.64638]},"76o":{"weight":0.0,"played":[0.7808,0.2192],"evs":[0.0,-10.89159]},"86o":{"weight":1.0E-4,"played":[0.8856,0.1144],"evs":[0.0,-9.40423]},"96o":{"weight":0.0,"played":[0.9824,0.0176],"evs":[0.0,-8.2249]},"T6o":{"weight":0.0,"played":[0.9393,0.0607],"evs":[0.0,-11.36859]},"J6o":{"weight":1.0E-4,"played":[0.6413,0.3587],"evs":[0.0,-6.50002]},"Q6o":{"weight":0.0,"played":[0.6136,0.3864],"evs":[0.0,-3.07175]},"K6o":{"weight":1.0E-4,"played":[0.9598,0.0402],"evs":[0.0,-4.98273]},"A6o":{"weight":0.21,"played":[0.0516,0.9484],"evs":[0.0,6.1308]},"72s":{"weight":0.0,"played":[0.6797,0.3203],"evs":[0.0,-4.74573]},"73s":{"weight":1.0E-4,"played":[0.5557,0.4443],"evs":[0.0,-8.15445]},"74s":{"weight":4.0E-4,"played":[0.3486,0.6514],"evs":[0.0,28.4437]},"75s":{"weight":7.0E-4,"played":[0.6777,0.3223],"evs":[0.0,-4.44754]},"76s":{"weight":0.0,"played":[0.787,0.213],"evs":[0.0,-20.87578]},"77":{"weight":0.0961,"played":[0.4534,0.5466],"evs":[0.0,3.23387]},"87o":{"weight":1.0E-4,"played":[0.7572,0.2428],"evs":[0.0,-3.15866]},"97o":{"weight":2.0E-4,"played":[0.3673,0.6327],"evs":[0.0,-2.30156]},"T7o":{"weight":0.0,"played":[0.8859,0.1141],"evs":[0.0,-11.59258]},"J7o":{"weight":2.0E-4,"played":[0.509,0.491],"evs":[0.0,-2.71089]},"Q7o":{"weight":0.0,"played":[0.4092,0.5908],"evs":[0.0,-3.99481]},"K7o":{"weight":6.0E-4,"played":[0.7985,0.2015],"evs":[0.0,-5.42223]},"A7o":{"weight":0.0678,"played":[0.4232,0.5768],"evs":[0.0,-3.87028]},"82s":{"weight":5.0E-4,"played":[0.8838,0.1162],"evs":[0.0,-20.9216]},"83s":{"weight":0.0,"played":[0.0669,0.9331],"evs":[0.0,5.4982]},"84s":{"weight":0.0,"played":[0.703,0.297],"evs":[0.0,-13.61392]},"85s":{"weight":1.0E-4,"played":[0.7143,0.2857],"evs":[0.0,6.89341]},"86s":{"weight":4.0E-4,"played":[0.9975,0.0025],"evs":[0.0,-7.53925]},"87s":{"weight":4.0E-4,"played":[0.1011,0.8989],"evs":[0.0,13.79778]},"88":{"weight":0.0429,"played":[0.0392,0.9608],"evs":[0.0,7.28415]},"98o":{"weight":7.0E-4,"played":[0.4981,0.5019],"evs":[0.0,5.57533]},"T8o":{"weight":1.0E-4,"played":[0.5948,0.4052],"evs":[0.0,-0.55521]},"J8o":{"weight":1.0E-4,"played":[0.7693,0.2307],"evs":[0.0,-3.77268]},"Q8o":{"weight":3.0E-4,"played":[0.6587,0.3413],"evs":[0.0,-0.34317]},"K8o":{"weight":0.0,"played":[0.0066,0.9934],"evs":[0.0,7.0628]},"A8o":{"weight":0.8555,"played":[0.0381,0.9619],"evs":[0.0,3.09332]},"92s":{"weight":2.0E-4,"played":[0.4102,0.5898],"evs":[0.0,0.07112]},"93s":{"weight":1.0E-4,"played":[0.7041,0.2959],"evs":[0.0,-9.76889]},"94s":{"weight":0.0,"played":[0.7454,0.2546],"evs":[0.0,-2.80224]},"95s":{"weight":0.001,"played":[0.9091,0.0909],"evs":[0.0,-4.9289]},"96s":{"weight":0.0027,"played":[0.4275,0.5725],"evs":[0.0,10.05088]},"97s":{"weight":1.0E-4,"played":[0.6565,0.3435],"evs":[0.0,5.44456]},"98s":{"weight":0.5501,"played":[0.1484,0.8516],"evs":[0.0,0.6842]},"99":{"weight":0.2128,"played":[0.2765,0.7235],"evs":[0.0,-1.23755]},"T9o":{"weight":3.0E-4,"played":[0.9965,0.0035],"evs":[0.0,-4.1561]},"J9o":{"weight":5.0E-4,"played":[0.4777,0.5223],"evs":[0.0,0.13565]},"Q9o":{"weight":0.0,"played":[0.0384,0.9616],"evs":[0.0,12.67477]},"K9o":{"weight":0.0024,"played":[0.8686,0.1314],"evs":[0.0,-10.85395]},"A9o":{"weight":0.8488,"played":[0.8607,0.1393],"evs":[0.0,-5.57633]},"T2s":{"weight":2.0E-4,"played":[0.8791,0.1209],"evs":[0.0,-8.96875]},"T3s":{"weight":1.0E-4,"played":[0.8226,0.1774],"evs":[0.0,-20.13038]},"T4s":{"weight":0.0,"played":[0.5931,0.4069],"evs":[0.0,7.18858]},"T5s":{"weight":0.0041,"played":[0.9967,0.0033],"evs":[0.0,-21.43539]},"T6s":{"weight":2.0E-4,"played":[0.8385,0.1615],"evs":[0.0,-16.50692]},"T7s":{"weight":1.0E-4,"played":[0.6522,0.3478],"evs":[0.0,-3.32846]},"T8s":{"weight":0.0109,"played":[0.1426,0.8574],"evs":[0.0,8.97308]},"T9s":{"weight":0.5242,"played":[0.4443,0.5557],"evs":[0.0,16.37654]},"TT":{"weight":0.307,"played":[0.1472,0.8528],"evs":[0.0,31.36903]},"JTo":{"weight":0.0,"played":[0.7779,0.2221],"evs":[0.0,2.65162]},"QTo":{"weight":0.0915,"played":[0.2919,0.7081],"evs":[0.0,-1.6046]},"KTo":{"weight":0.3509,"played":[7.0E-4,0.9993],"evs":[0.0,1.48696]},"ATo":{"weight":0.7332,"played":[0.1084,0.8916],"evs":[0.0,10.69044]},"J2s":{"weight":2.0E-4,"played":[0.7603,0.2397],"evs":[0.0,-1.19645]},"J3s":{"weight":4.0E-4,"played":[0.914,0.086],"evs":[0.0,58.69068]},"J4s":{"weight":3.0E-4,"played":[0.1626,0.8374],"evs":[0.0,-5.18588]},"J5s":{"weight":0.0011,"played":[0.6204,0.3796],"evs":[0.0,-10.47451]},"J6s":{"weight":0.0026,"played":[0.2363,0.7637],"evs":[0.0,3.38916]},"J7s":{"weight":0.0,"played":[0.9215,0.0785],"evs":[0.0,-2.71077]},"J8s":{"weight":0.027,"played":[0.6452,0.3548],"evs":[0.0,-9.1283]},"J9s":{"weight":0.0165,"played":[0.2308,0.7692],"evs":[0.0,-7.06922]},"JTs":{"weight":0.9972,"played":[0.285,0.715],"evs":[0.0,12.39596]},"JJ":{"weight":0.6646,"played":[0.086,0.914],"evs":[0.0,18.49811]},"QJo":{"weight":0.99,"played":[0.0694,0.9306],"evs":[0.0,1.30697]},"KJo":{"weight":0.6943,"played":[0.0244,0.9756],"evs":[0.0,7.068]},"AJo":{"weight":0.996,"played":[0.1911,0.8089],"evs":[0.0,14.16373]},"Q2s":{"weight":5.0E-4,"played":[0.9498,0.0502],"evs":[0.0,2.54177]},"Q3s":{"weight":4.0E-4,"played":[0.7013,0.2987],"evs":[0.0,-7.12089]},"Q4s":{"weight":1.0E-4,"played":[0.4982,0.5018],"evs":[0.0,24.23897]},"Q5s":{"weight":0.2627,"played":[0.9973,0.0027],"evs":[0.0,-23.46905]},"Q6s":{"weight":0.0058,"played":[0.9043,0.0957],"evs":[0.0,0.01352]},"Q7s":{"weight":1.0E-4,"played":[0.3103,0.6897],"evs":[0.0,-1.4775]},"Q8s":{"weight":0.0262,"played":[0.3712,0.6288],"evs":[0.0,23.0767]},"Q9s":{"weight":0.0235,"played":[0.4508,0.5492],"evs":[0.0,7.55503]},"QTs":{"weight":0.1481,"played":[0.1646,0.8354],"evs":[0.0,26.33086]},"QJs":{"weight":0.0678,"played":[0.2715,0.7285],"evs":[0.0,2.38174]},"QQ":{"weight":0.3417,"played":[0.1042,0.8958],"evs":[0.0,21.93945]},"KQo":{"weight":0.7302,"played":[0.0531,0.9469],"evs":[0.0,12.94302]},"AQo":{"weight":0.3368,"played":[0.001,0.999],"evs":[0.0,21.12123]},"K2s":{"weight":3.0E-4,"played":[0.4926,0.5074],"evs":[0.0,5.62632]},"K3s":{"weight":0.0,"played":[0.7895,0.2105],"evs":[0.0,12.75584]},"K4s":{"weight":0.0025,"played":[0.2175,0.7825],"evs":[0.0,14.5539]},"K5s":{"weight":3.0E-4,"played":[0.8749,0.1251],"evs":[0.0,-18.69558]},"K6s":{"weight":1.0E-4,"played":[0.5139,0.4861],"evs":[0.0,-15.38295]},"K7s":{"weight":0.0043,"played":[0.4389,0.5611],"evs":[0.0,-7.82451]},"K8s":{"weight":0.622,"played":[0.0016,0.9984],"evs":[0.0,22.39985]},"K9s":{"weight":0.6864,"played":[0.1628,0.8372],"evs":[0.0,2.38421]},"KTs":{"weight":0.0885,"played":[0.1091,0.8909],"evs":[0.0,6.49229]},"KJs":{"weight":0.6812,"played":[0.6965,0.3035],"evs":[0.0,-15.36718]},"KQs":{"weight":0.4916,"played":[0.5585,0.4415],"evs":[0.0,-6.96981]},"KK":{"weight":0.9938,"played":[0.1622,0.8378],"evs":[0.0,23.05688]},"AKo":{"weight":0.1397,"played":[0.5164,0.4836],"evs":[0.0,2.13724]},"A2s":{"weight":0.0406,"played":[0.5427,0.4573],"evs":[0.0,-3.68569]},"A3s":{"weight":0.1909,"played":[0.2035,0.7965],"evs":[0.0,-5.04998]},"A4s":{"weight":0.4534,"played":[0.1901,0.8099],"evs":[0.0,20.67844]},"A5s":{"weight":0.3967,"played":[0.2216,0.7784],"evs":[0.0,29.52673]},"A6s":{"weight":0.2281,"played":[0.8782,0.1218],"evs":[0.0,-9.64372]},"A7s":{"weight":0.9367,"played":[0.9942,0.0058],"evs":[0.0,-19.56963]},"A8s":{"weight":0.7553,"played":[0.0818,0.9182],"evs":[0.0,28.00047]},"A9s":{"weight":0.2626,"played":[0.765,0.235],"evs":[0.0,9.78615]},"ATs":{"weight":0.576,"played":[0.6259,0.3741],"evs":[0.0,2.46645]},"AJs":{"weight":0.8256,"played":[0.1466,0.8534],"evs":[0.0,22.55169]},"AQs":{"weight":0.0107,"played":[0.1166,0.8834],"evs":[0.0,25.28528]},"AKs":{"weight":0.2103,"played":[0.2408,0.7592],"evs":[0.0,19.55799]},"AA":{"weight":0.9977,"played":[0.0045,0.9955],"evs":[0.0,49.62414]}}}