{"player":5,"street":0,"children":2,"sequence":[{"player":0,"type":"F","amount":0,"street":0},{"player":1,"type":"F","amount":0,"street":0},{"player":2,"type":"F","amount":0,"street":0},{"player":3,"type":"R","amount":200000,"street":0},{"player":4,"type":"R","amount":945000,"street":0}],"actions":[{"type":"F","amount":0,"node":20},{"type":"C","amount":845000,"node":21}],"hands":{"22":{"weight":1.0,"played":[0.0117,0.9883],"evs":[0.0,0.88301]},"32o":{"weight":1.0,"played":[0.9992,8.0E-4],"evs":[0.0,-2.70969]},"42o":{"weight":1.0,"played":[0.9971,0.0029],"evs":[0.0,-1.94985]},"52o":{"weight":1.0,"played":[0.9986,0.0014],"evs":[0.0,-2.08989]},"62o":{"weight":1.0,"played":[0.9998,2.0E-4],"evs":[0.0,-3.82713]},"72o":{"weight":1.0,"played":[0.9987,0.0013],"evs":[0.0,-3.12802]},"82o":{"weight":1.0,"played":[0.9995,5.0E-4],"evs":[0.0,-3.041]},"92o":{"weight":1.0,"played":[0.9997,3.0E-4],"evs":[0.0,-3.2823]},"T2o":{"weight":1.0,"played":[0.9999,1.0E-4],"evs":[0.0,-3.3603]},"J2o":{"weight":1.0,"played":[0.7974,0.2026],"evs":[0.0,-0.99952]},"Q2o":{"weight":1.0,"played":[0.9859,0.0141],"evs":[0.0,-1.67203]},"K2o":{"weight":1.0,"played":[0.8919,0.1081],"evs":[0.0,-1.02044]},"A2o":{"weight":1.0,"played":[1.0E-4,0.9999],"evs":[0.0,1.6851]},"32s":{"weight":1.0,"played":[0.925,0.075],"evs":[0.0,-2.1753]},"33":{"weight":1.0,"played":[0.0142,0.9858],"evs":[0.0,0.88655]},"43o":{"weight":1.0,"played":[0.9999,1.0E-4],"evs":[0.0,-3.55474]},"53o":{"weight":1.0,"played":[0.939,0.061],"evs":[0.0,-1.99]},"63o":{"weight":1.0,"played":[0.9957,0.0043],"evs":[0.0,-2.38816]},"73o":{"weight":1.0,"played":[0.984,0.016],"evs":[0.0,-1.75472]},"83o":{"weight":1.0,"played":[0.998,0.002],"evs":[0.0,-4.61992]},"93o":{"weight":1.0,"played":[0.9998,2.0E-4],"evs":[0.0,-2.97388]},"T3o":{"weight":1.0,"played":[0.991,0.009],"evs":[0.0,-3.32526]},"J3o":{"weight":1.0,"played":[0.9895,0.0105],"evs":[0.0,-2.18785]},"Q3o":{"weight":1.0,"played":[0.9616,0.0384],"evs":[0.0,-1.4503]},"K3o":{"weight":1.0,"played":[2.0E-4,0.9998],"evs":[0.0,0.32061]},"A3o":{"weight":1.0,"played":[0.0647,0.9353],"evs":[0.0,2.24111]},"42s":{"weight":1.0,"played":[0.9667,0.0333],"evs":[0.0,-2.90569]},"43s":{"weight":1.0,"played":[0.8146,0.1854],"evs":[0.0,-1.54898]},"44":{"weight":1.0,"played":[0.0023,0.9977],"evs":[0.0,1.83213]},"54o":{"weight":1.0,"played":[0.9551,0.0449],"evs":[0.0,-1.79544]},"64o":{"weight":1.0,"played":[0.9384,0.0616],"evs":[0.0,-1.86545]},"74o":{"weight":1.0,"played":[0.9996,4.0E-4],"evs":[0.0,-2.28713]},"84o":{"weight":1.0,"played":[0.9995,5.0E-4],"evs":[0.0,-3.4816]},"94o":{"weight":1.0,"played":[0.9991,9.0E-4],"evs":[0.0,-3.43547]},"T4o":{"weight":1.0,"played":[0.9998,2.0E-4],"evs":[0.0,-3.45754]},"J4o":{"weight":1.0,"played":[0.9053,0.0947],"evs":[0.0,-1.17992]},"Q4o":{"weight":1.0,"played":[0.8026,0.1974],"evs":[0.0,-0.95194]},"K4o":{"weight":1.0,"played":[0.7815,0.2185],"evs":[0.0,-0.42024]},"A4o":{"weight":1.0,"played":[0.0023,0.9977],"evs":[0.0,1.43251]},"52s":{"weight":1.0,"played":[0.8004,0.1996],"evs":[0.0,-0.3165]},"53s":{"weight":1.0,"played":[0.7883,0.2117],"evs":[0.0,-1.42128]},"54s":{"weight":1.0,"played":[0.4731,0.5269],"evs":[0.0,0.52961]},"55":{"weight":1.0,"played":[0.0049,0.9951],"evs":[0.0,2.59978]},"65o":{"weight":1.0,"played":[0.9733,0.0267],"evs":[0.0,-0.54186]},"75o":{"weight":1.0,"played":[0.9598,0.0402],"evs":[0.0,-2.06]},"85o":{"weight":1.0,"played":[0.955,0.045],"evs":[0.0,-2.23777]},"95o":{"weight":1.0,"played":[0.8746,0.1254],"evs":[0.0,-2.20734]},"T5o":{"weight":1.0,"played":[0.9985,0.0015],"evs":[0.0,-2.13524]},"J5o":{"weight":1.0,"played":[0.9252,0.0748],"evs":[0.0,-2.18703]},"Q5o":{"weight":1.0,"played":[0.944,0.056],"evs":[0.0,-1.33101]},"K5o":{"weight":1.0,"played":[0.4376,0.5624],"evs":[0.0,0.32471]},"A5o":{"weight":1.0,"played":[0.0014,0.9986],"evs":[0.0,1.39864]},"62s":{"weight":1.0,"played":[0.9959,0.0041],"evs":[0.0,-1.74873]},"63s":{"weight":1.0,"played":[0.9003,0.0997],"evs":[0.0,-2.33272]},"64s":{"weight":1.0,"played":[0.9356,0.0644],"evs":[0.0,-2.11918]},"65s":{"weight":1.0,"played":[0.125,0.875],"evs":[0.0,0.29446]},"66":{"weight":1.0,"played":[0.0015,0.9985],"evs":[0.0,2.52609]},"76o":{"weight":1.0,"played":[0.9876,0.0124],"evs":[0.0,-0.5913]},"86o":{"weight":1.0,"played":[0.9887,0.0113],"evs":[0.0,-2.32616]},"96o":{"weight":1.0,"played":[0.9944,0.0056],"evs":[0.0,-1.21789]},"T6o":{"weight":1.0,"played":[0.8092,0.1908],"evs":[0.0,-1.08594]},"J6o":{"weight":1.0,"played":[0.9734,0.0266],"evs":[0.0,-1.26308]},"Q6o":{"weight":1.0,"played":[0.3663,0.6337],"evs":[0.0,-0.42997]},"K6o":{"weight":1.0,"played":[0.1991,0.8009],"evs":[0.0,1.2756]},"A6o":{"weight":1.0,"played":[1.0E-4,0.9999],"evs":[0.0,2.49185]},"72s":{"weight":1.0,"played":[0.4533,0.5467],"evs":[0.0,-0.52385]},"73s":{"weight":1.0,"played":[0.2365,0.7635],"evs":[0.0,0.18787]},"74s":{"weight":1.0,"played":[0.9032,0.0968],"evs":[0.0,-1.97148]},"75s":{"weight":1.0,"played":[0.1241,0.8759],"evs":[0.0,1.37956]},"76s":{"weight":1.0,"played":[0.5183,0.4817],"evs":[0.0,-1.30999]},"77":{"weight":1.0,"played":[0.0,1.0],"evs":[0.0,4.58048]},"87o":{"weight":1.0,"played":[0.8782,0.1218],"evs":[0.0,-1.45095]},"97o":{"weight":1.0,"played":[0.9443,0.0557],"evs":[0.0,-1.59265]},"T7o":{"weight":1.0,"played":[0.9731,0.0269],"evs":[0.0,-1.40029]},"J7o":{"weight":1.0,"played":[0.7855,0.2145],"evs":[0.0,-1.14265]},"Q7o":{"weight":1.0,"played":[0.9103,0.0897],"evs":[0.0,-1.79011]},"K7o":{"weight":1.0,"played":[3.0E-4,0.9997],"evs":[0.0,0.20249]},"A7o":{"weight":1.0,"played":[0.0035,0.9965],"evs":[0.0,1.70185]},"82s":{"weight":1.0,"played":[0.7514,0.2486],"evs":[0.0,-0.65367]},"83s":{"weight":1.0,"played":[0.8128,0.1872],"evs":[0.0,-2.18465]},"84s":{"weight":1.0,"played":[0.4654,0.5346],"evs":[0.0,-0.36404]},"85s":{"weight":1.0,"played":[0.7394,0.2606],"evs":[0.0,-0.80899]},"86s":{"weight":1.0,"played":[0.0333,0.9667],"evs":[0.0,1.12687]},"87s":{"weight":1.0,"played":[0.4101,0.5899],"evs":[0.0,-0.63214]},"88":{"weight":1.0,"played":[1.0E-4,0.9999],"evs":[0.0,4.08417]},"98o":{"weight":1.0,"played":[0.7008,0.2992],"evs":[0.0,-0.54123]},"T8o":{"weight":1.0,"played":[0.4904,0.5096],"evs":[0.0,-0.87024]},"J8o":{"weight":1.0,"played":[0.161,0.839],"evs":[0.0,-0.31009]},"Q8o":{"weight":1.0,"played":[0.2613,0.7387],"evs":[0.0,0.07872]},"K8o":{"weight":1.0,"played":[0.0066,0.9934],"evs":[0.0,1.75899]},"A8o":{"weight":1.0,"played":[1.0E-4,0.9999],"evs":[0.0,3.9574]},"92s":{"weight":1.0,"played":[0.7241,0.2759],"evs":[0.0,-0.33941]},"93s":{"weight":1.0,"played":[0.9871,0.0129],"evs":[0.0,-2.8021]},"94s":{"weight":1.0,"played":[0.6573,0.3427],"evs":[0.0,-0.85083]},"95s":{"weight":1.0,"played":[0.6313,0.3687],"evs":[0.0,-0.13518]},"96s":{"weight":1.0,"played":[0.005,0.995],"evs":[0.0,1.17823]},"97s":{"weight":1.0,"played":[0.1184,0.8816],"evs":[0.0,1.56687]},"98s":{"weight":1.0,"played":[0.0072,0.9928],"evs":[0.0,2.51996]},"99":{"weight":1.0,"played":[0.0,1.0],"evs":[0.0,6.11119]},"T9o":{"weight":1.0,"played":[0.1943,0.8057],"evs":[0.0,0.30502]},"J9o":{"weight":1.0,"played":[0.0019,0.9981],"evs":[0.0,0.65321]},"Q9o":{"weight":1.0,"played":[0.0177,0.9823],"evs":[0.0,0.76596]},"K9o":{"weight":1.0,"played":[1.0E-4,0.9999],"evs":[0.0,0.79083]},"A9o":{"weight":1.0,"played":[4.0E-4,0.9996],"evs":[0.0,4.50836]},"T2s":{"weight":1.0,"played":[0.6982,0.3018],"evs":[0.0,-1.70881]},"T3s":{"weight":1.0,"played":[0.9277,0.0723],"evs":[0.0,-0.82991]},"T4s":{"weight":1.0,"played":[0.861,0.139],"evs":[0.0,-0.84721]},"T5s":{"weight":1.0,"played":[0.4184,0.5816],"evs":[0.0,-1.00569]},"T6s":{"weight":1.0,"played":[0.3845,0.6155],"evs":[0.0,0.40623]},"T7s":{"weight":1.0,"played":[0.7466,0.2534],"evs":[0.0,-1.48367]},"T8s":{"weight":1.0,"played":[0.1606,0.8394],"evs":[0.0,-0.50918]},"T9s":{"weight":1.0,"played":[0.1024,0.8976],"evs":[0.0,1.59268]},"TT":{"weight":1.0,"played":[5.0E-4,0.9995],"evs":[0.0,9.36844]},"JTo":{"weight":1.0,"played":[0.0,1.0],"evs":[0.0,1.87244]},"QTo":{"weight":1.0,"played":[0.0039,0.9961],"evs":[0.0,2.22574]},"KTo":{"weight":1.0,"played":[0.0,1.0],"evs":[0.0,3.61614]},"ATo":{"weight":1.0,"played":[0.0,1.0],"evs":[0.0,5.02814]},"J2s":{"weight":1.0,"played":[0.8468,0.1532],"evs":[0.0,-1.14961]},"J3s":{"weight":1.0,"played":[0.9953,0.0047],"evs":[0.0,-1.86998]},"J4s":{"weight":1.0,"played":[0.3484,0.6516],"evs":[0.0,0.58706]},"J5s":{"weight":1.0,"played":[0.6285,0.3715],"evs":[0.0,-2.13466]},"J6s":{"weight":1.0,"played":[0.3908,0.6092],"evs":[0.0,0.21272]},"J7s":{"weight":1.0,"played":[0.0502,0.9498],"evs":[0.0,0.53454]},"J8s":{"weight":1.0,"played":[0.2455,0.7545],"evs":[0.0,1.00411]},"J9s":{"weight":1.0,"played":[0.0017,0.9983],"evs":[0.0,2.65384]},"JTs":{"weight":1.0,"played":[0.0019,0.9981],"evs":[0.0,3.20499]},"JJ":{"weight":1.0,"played":[0.0,1.0],"evs":[0.0,10.8451]},"QJo":{"weight":1.0,"played":[8.0E-4,0.9992],"evs":[0.0,3.02115]},"KJo":{"weight":1.0,"played":[3.0E-4,0.9997],"evs":[0.0,3.97995]},"AJo":{"weight":1.0,"played":[1.0E-4,0.9999],"evs":[0.0,6.289]},"Q2s":{"weight":1.0,"played":[0.447,0.553],"evs":[0.0,-0.40467]},"Q3s":{"weight":1.0,"played":[0.2294,0.7706],"evs":[0.0,1.5764]},"Q4s":{"weight":1.0,"played":[0.2647,0.7353],"evs":[0.0,0.55061]},"Q5s":{"weight":1.0,"played":[0.0575,0.9425],"evs":[0.0,1.30704]},"Q6s":{"weight":1.0,"played":[0.0208,0.9792],"evs":[0.0,3.61525]},"Q7s":{"weight":1.0,"played":[0.0655,0.9345],"evs":[0.0,1.71128]},"Q8s":{"weight":1.0,"played":[0.0014,0.9986],"evs":[0.0,0.62903]},"Q9s":{"weight":1.0,"played":[0.0388,0.9612],"evs":[0.0,0.79813]},"QTs":{"weight":1.0,"played":[0.0169,0.9831],"evs":[0.0,2.17709]},"QJs":{"weight":1.0,"played":[5.0E-4,0.9995],"evs":[0.0,5.52135]},"QQ":{"weight":1.0,"played":[0.0,1.0],"evs":[0.0,11.92699]},"KQo":{"weight":1.0,"played":[0.0,1.0],"evs":[0.0,3.22056]},"AQo":{"weight":1.0,"played":[1.0E-4,0.9999],"evs":[0.0,6.68781]},"K2s":{"weight":1.0,"played":[0.167,0.833],"evs":[0.0,0.16602]},"K3s":{"weight":1.0,"played":[0.0506,0.9494],"evs":[0.0,1.15483]},"K4s":{"weight":1.0,"played":[0.5698,0.4302],"evs":[0.0,0.48782]},"K5s":{"weight":1.0,"played":[0.2543,0.7457],"evs":[0.0,1.01903]},"K6s":{"weight":1.0,"played":[0.0544,0.9456],"evs":[0.0,0.89093]},"K7s":{"weight":1.0,"played":[0.0048,0.9952],"evs":[0.0,1.5417]},"K8s":{"weight":1.0,"played":[0.0401,0.9599],"evs":[0.0,1.74353]},"K9s":{"weight":1.0,"played":[2.0E-4,0.9998],"evs":[0.0,1.80637]},"KTs":{"weight":1.0,"played":[0.0014,0.9986],"evs":[0.0,4.84887]},"KJs":{"weight":1.0,"played":[4.0E-4,0.9996],"evs":[0.0,4.51272]},"KQs":{"weight":1.0,"played":[4.0E-4,0.9996],"evs":[0.0,4.79532]},"KK":{"weight":1.0,"played":[0.0,1.0],"evs":[0.0,14.11636]},"AKo":{"weight":1.0,"played":[0.0,1.0],"evs":[0.0,7.34298]},"A2s":{"weight":1.0,"played":[0.0375,0.9625],"evs":[0.0,1.04565]},"A3s":{"weight":1.0,"played":[0.0,1.0],"evs":[0.0,2.83229]},"A4s":{"weight":1.0,"played":[0.0098,0.9902],"evs":[0.0,1.91295]},"A5s":{"weight":1.0,"played":[0.0021,0.9979],"evs":[0.0,4.14254]},"A6s":{"weight":1.0,"played":[0.0073,0.9927],"evs":[0.0,5.67541]},"A7s":{"weight":1.0,"played":[0.016,0.984],"evs":[0.0,3.59742]},"A8s":{"weight":1.0,"played":[0.0047,0.9953],"evs":[0.0,4.82871]},"A9s":{"weight":1.0,"played":[4.0E-4,0.9996],"evs":[0.0,3.15993]},"ATs":{"weight":1.0,"played":[9.0E-4,0.9991],"evs":[0.0,6.34368]},"AJs":{"weight":1.0,"played":[0.0,1.0],"evs":[0.0,6.67364]},"AQs":{"weight":1.0,"played":[0.0,1.0],"evs":[0.0,7.24203]},"AKs":{"weight":1.0,"played":[1.0E-4,0.9999],"evs":[0.0,7.78323]},"AA":{"weight":1.0,"played":[0.0,1.0],"evs":[0.0,17.24602]}}}