{"player":2,"street":0,"children":2,"sequence":[{"player":0,"type":"F","amount":0,"street":0},{"player":1,"type":"R","amount":200000,"street":0},{"player":2,"type":"C","amount":200000,"street":0},{"player":3,"type":"R","amount":745000,"street":0},{"player":4,"type":"F","amount":0,"street":0},{"player":5,"type":"F","amount":0,"street":0},{"player":1,"type":"R","amount":2185000,"street":0}],"actions":[{"type":"F","amount":0},{"type":"C","amount":1985000}],"hands":{"22":{"weight":0.0029,"played":[0.323,0.677],"evs":[0.0,3.10601]},"32o":{"weight":0.0,"played":[0.9991,9.0E-4],"evs":[0.0,-7.52623]},"42o":{"weight":0.0,"played":[0.9983,0.0017],"evs":[0.0,-8.06051]},"52o":{"weight":0.0,"played":[0.9918,0.0082],"evs":[0.0,-6.81569]},"62o":{"weight":0.0,"played":[0.9987,0.0013],"evs":[0.0,-10.08134]},"72o":{"weight":0.0,"played":[0.9962,0.0038],"evs":[0.0,-8.52408]},"82o":{"weight":0.0,"played":[0.9941,0.0059],"evs":[0.0,-8.38945]},"92o":{"weight":0.0,"played":[0.9944,0.0056],"evs":[0.0,-4.60349]},"T2o":{"weight":0.0,"played":[0.996,0.004],"evs":[0.0,-9.18835]},"J2o":{"weight":0.0,"played":[0.9159,0.0841],"evs":[0.0,-10.48804]},"Q2o":{"weight":0.0,"played":[0.9935,0.0065],"evs":[0.0,-8.44083]},"K2o":{"weight":2.0E-4,"played":[0.9899,0.0101],"evs":[0.0,-5.84457]},"A2o":{"weight":2.0E-4,"played":[0.9587,0.0413],"evs":[0.0,-3.23266]},"32s":{"weight":0.0,"played":[0.8305,0.1695],"evs":[0.0,-6.59972]},"33":{"weight":0.0795,"played":[0.3273,0.6727],"evs":[0.0,0.30705]},"43o":{"weight":1.0E-4,"played":[0.9146,0.0854],"evs":[0.0,-2.77158]},"53o":{"weight":0.0,"played":[0.9758,0.0242],"evs":[0.0,-3.40552]},"63o":{"weight":0.0,"played":[0.8787,0.1213],"evs":[0.0,-7.09641]},"73o":{"weight":0.0,"played":[0.9784,0.0216],"evs":[0.0,-9.51412]},"83o":{"weight":0.0,"played":[0.9973,0.0027],"evs":[0.0,-9.33027]},"93o":{"weight":0.0,"played":[0.9979,0.0021],"evs":[0.0,-5.2233]},"T3o":{"weight":0.0,"played":[0.9996,4.0E-4],"evs":[0.0,-6.53706]},"J3o":{"weight":0.0,"played":[0.9943,0.0057],"evs":[0.0,-5.31294]},"Q3o":{"weight":0.0,"played":[0.9855,0.0145],"evs":[0.0,-6.66633]},"K3o":{"weight":0.0,"played":[0.985,0.015],"evs":[0.0,-4.9512]},"A3o":{"weight":0.0215,"played":[0.644,0.356],"evs":[0.0,-1.87482]},"42s":{"weight":0.0,"played":[0.9905,0.0095],"evs":[0.0,-3.36924]},"43s":{"weight":3.0E-4,"played":[0.9036,0.0964],"evs":[0.0,-7.50497]},"44":{"weight":0.7476,"played":[3.0E-4,0.9997],"evs":[0.0,0.79595]},"54o":{"weight":0.0,"played":[0.9958,0.0042],"evs":[0.0,-9.59309]},"64o":{"weight":0.0,"played":[0.9881,0.0119],"evs":[0.0,-6.20712]},"74o":{"weight":0.0,"played":[0.9398,0.0602],"evs":[0.0,-8.07607]},"84o":{"weight":0.0,"played":[0.9743,0.0257],"evs":[0.0,-5.2819]},"94o":{"weight":0.0,"played":[0.9854,0.0146],"evs":[0.0,-10.90426]},"T4o":{"weight":0.0,"played":[0.9622,0.0378],"evs":[0.0,-9.28247]},"J4o":{"weight":0.0,"played":[0.9997,3.0E-4],"evs":[0.0,-7.32523]},"Q4o":{"weight":1.0E-4,"played":[0.9983,0.0017],"evs":[0.0,-8.33104]},"K4o":{"weight":0.0,"played":[0.9998,2.0E-4],"evs":[0.0,-4.0527]},"A4o":{"weight":0.003,"played":[0.8439,0.1561],"evs":[0.0,-1.53796]},"52s":{"weight":0.0,"played":[0.9972,0.0028],"evs":[0.0,-6.04855]},"53s":{"weight":0.0011,"played":[0.6509,0.3491],"evs":[0.0,-2.19181]},"54s":{"weight":0.0,"played":[0.4158,0.5842],"evs":[0.0,1.82011]},"55":{"weight":0.8158,"played":[0.0394,0.9606],"evs":[0.0,4.25096]},"65o":{"weight":0.0,"played":[0.6316,0.3684],"evs":[0.0,-6.65672]},"75o":{"weight":2.0E-4,"played":[0.9392,0.0608],"evs":[0.0,-8.02394]},"85o":{"weight":0.0,"played":[0.9553,0.0447],"evs":[0.0,-3.20952]},"95o":{"weight":0.0,"played":[0.9913,0.0087],"evs":[0.0,-7.10354]},"T5o":{"weight":0.0,"played":[0.9123,0.0877],"evs":[0.0,-10.0614]},"J5o":{"weight":0.0,"played":[0.9299,0.0701],"evs":[0.0,-8.29431]},"Q5o":{"weight":0.0,"played":[0.9469,0.0531],"evs":[0.0,-8.8503]},"K5o":{"weight":5.0E-4,"played":[0.6313,0.3687],"evs":[0.0,-5.69776]},"A5o":{"weight":0.1068,"played":[0.4282,0.5718],"evs":[0.0,2.24117]},"62s":{"weight":3.0E-4,"played":[0.5761,0.4239],"evs":[0.0,-1.84713]},"63s":{"weight":0.0,"played":[0.7448,0.2552],"evs":[0.0,-5.23528]},"64s":{"weight":1.0E-4,"played":[0.2493,0.7507],"evs":[0.0,1.38801]},"65s":{"weight":0.0,"played":[0.1114,0.8886],"evs":[0.0,3.72469]},"66":{"weight":0.5523,"played":[0.0079,0.9921],"evs":[0.0,2.15746]},"76o":{"weight":0.0,"played":[0.976,0.024],"evs":[0.0,-6.24226]},"86o":{"weight":1.0E-4,"played":[0.9998,2.0E-4],"evs":[0.0,-4.8996]},"96o":{"weight":0.0,"played":[0.7514,0.2486],"evs":[0.0,-1.79512]},"T6o":{"weight":0.0,"played":[0.9818,0.0182],"evs":[0.0,-9.08945]},"J6o":{"weight":1.0E-4,"played":[0.9925,0.0075],"evs":[0.0,-3.46515]},"Q6o":{"weight":0.0,"played":[0.9966,0.0034],"evs":[0.0,-5.89645]},"K6o":{"weight":1.0E-4,"played":[0.9825,0.0175],"evs":[0.0,-5.12895]},"A6o":{"weight":0.21,"played":[0.7962,0.2038],"evs":[0.0,-1.86186]},"72s":{"weight":0.0,"played":[0.4362,0.5638],"evs":[0.0,-0.55041]},"73s":{"weight":1.0E-4,"played":[0.796,0.204],"evs":[0.0,-7.28142]},"74s":{"weight":4.0E-4,"played":[0.5928,0.4072],"evs":[0.0,1.53199]},"75s":{"weight":7.0E-4,"played":[0.7117,0.2883],"evs":[0.0,-5.92663]},"76s":{"weight":0.0,"played":[0.7504,0.2496],"evs":[0.0,-3.45508]},"77":{"weight":0.0961,"played":[0.328,0.672],"evs":[0.0,1.90422]},"87o":{"weight":1.0E-4,"played":[0.6195,0.3805],"evs":[0.0,-3.09551]},"97o":{"weight":2.0E-4,"played":[0.9997,3.0E-4],"evs":[0.0,-2.16562]},"T7o":{"weight":0.0,"played":[0.9938,0.0062],"evs":[0.0,-5.0629]},"J7o":{"weight":2.0E-4,"played":[0.9343,0.0657],"evs":[0.0,-6.23718]},"Q7o":{"weight":0.0,"played":[1.0,0.0],"evs":[0.0,-6.2039]},"K7o":{"weight":6.0E-4,"played":[0.9837,0.0163],"evs":[0.0,-7.35774]},"A7o":{"weight":0.0678,"played":[0.8008,0.1992],"evs":[0.0,-1.83458]},"82s":{"weight":5.0E-4,"played":[0.8253,0.1747],"evs":[0.0,-8.20917]},"83s":{"weight":0.0,"played":[0.9667,0.0333],"evs":[0.0,-8.50155]},"84s":{"weight":0.0,"played":[0.213,0.787],"evs":[0.0,9.7226]},"85s":{"weight":1.0E-4,"played":[0.398,0.602],"evs":[0.0,-0.91742]},"86s":{"weight":4.0E-4,"played":[0.8237,0.1763],"evs":[0.0,-3.76204]},"87s":{"weight":4.0E-4,"played":[0.404,0.596],"evs":[0.0,0.19198]},"88":{"weight":0.0429,"played":[0.0,1.0],"evs":[0.0,4.15664]},"98o":{"weight":7.0E-4,"played":[0.8928,0.1072],"evs":[0.0,-7.64747]},"T8o":{"weight":1.0E-4,"played":[0.9784,0.0216],"evs":[0.0,-5.77074]},"J8o":{"weight":1.0E-4,"played":[0.9853,0.0147],"evs":[0.0,-0.83999]},"Q8o":{"weight":3.0E-4,"played":[0.9971,0.0029],"evs":[0.0,-4.32385]},"K8o":{"weight":0.0,"played":[0.889,0.111],"evs":[0.0,-5.01889]},"A8o":{"weight":0.8555,"played":[0.6518,0.3482],"evs":[0.0,-1.18531]},"92s":{"weight":2.0E-4,"played":[0.9892,0.0108],"evs":[0.0,-5.44791]},"93s":{"weight":1.0E-4,"played":[0.9777,0.0223],"evs":[0.0,-8.67232]},"94s":{"weight":0.0,"played":[0.9988,0.0012],"evs":[0.0,-7.39687]},"95s":{"weight":0.001,"played":[0.9113,0.0887],"evs":[0.0,-5.28707]},"96s":{"weight":0.0027,"played":[0.9704,0.0296],"evs":[0.0,-9.68232]},"97s":{"weight":1.0E-4,"played":[0.9181,0.0819],"evs":[0.0,-6.41052]},"98s":{"weight":0.5501,"played":[0.0022,0.9978],"evs":[0.0,4.30961]},"99":{"weight":0.2128,"played":[0.0219,0.9781],"evs":[0.0,4.09057]},"T9o":{"weight":3.0E-4,"played":[0.9959,0.0041],"evs":[0.0,-5.67479]},"J9o":{"weight":5.0E-4,"played":[0.982,0.018],"evs":[0.0,-4.73946]},"Q9o":{"weight":0.0,"played":[0.9041,0.0959],"evs":[0.0,-7.17058]},"K9o":{"weight":0.0024,"played":[0.9954,0.0046],"evs":[0.0,-2.51136]},"A9o":{"weight":0.8488,"played":[1.0E-4,0.9999],"evs":[0.0,2.22274]},"T2s":{"weight":2.0E-4,"played":[0.9892,0.0108],"evs":[0.0,-7.96299]},"T3s":{"weight":1.0E-4,"played":[0.9126,0.0874],"evs":[0.0,-2.7294]},"T4s":{"weight":0.0,"played":[0.9481,0.0519],"evs":[0.0,-9.06256]},"T5s":{"weight":0.0041,"played":[0.871,0.129],"evs":[0.0,-7.63708]},"T6s":{"weight":2.0E-4,"played":[0.9583,0.0417],"evs":[0.0,-1.01939]},"T7s":{"weight":1.0E-4,"played":[0.8345,0.1655],"evs":[0.0,-5.64486]},"T8s":{"weight":0.0109,"played":[0.4772,0.5228],"evs":[0.0,2.05562]},"T9s":{"weight":0.5242,"played":[0.507,0.493],"evs":[0.0,-4.27739]},"TT":{"weight":0.307,"played":[7.0E-4,0.9993],"evs":[0.0,10.34003]},"JTo":{"weight":0.0,"played":[0.8807,0.1193],"evs":[0.0,-4.97878]},"QTo":{"weight":0.0915,"played":[0.1938,0.8062],"evs":[0.0,-0.02007]},"KTo":{"weight":0.3509,"played":[0.5334,0.4666],"evs":[0.0,-4.26343]},"ATo":{"weight":0.7332,"played":[0.0072,0.9928],"evs":[0.0,5.5237]},"J2s":{"weight":2.0E-4,"played":[0.5804,0.4196],"evs":[0.0,1.59692]},"J3s":{"weight":4.0E-4,"played":[0.9394,0.0606],"evs":[0.0,-7.19012]},"J4s":{"weight":3.0E-4,"played":[0.9972,0.0028],"evs":[0.0,-8.24194]},"J5s":{"weight":0.0011,"played":[0.897,0.103],"evs":[0.0,-4.90834]},"J6s":{"weight":0.0026,"played":[0.923,0.077],"evs":[0.0,0.84089]},"J7s":{"weight":0.0,"played":[0.8969,0.1031],"evs":[0.0,-5.67463]},"J8s":{"weight":0.027,"played":[0.5576,0.4424],"evs":[0.0,6.23279]},"J9s":{"weight":0.0165,"played":[0.7076,0.2924],"evs":[0.0,1.85839]},"JTs":{"weight":0.9972,"played":[0.5959,0.4041],"evs":[0.0,1.3659]},"JJ":{"weight":0.6646,"played":[0.0021,0.9979],"evs":[0.0,10.51006]},"QJo":{"weight":0.99,"played":[0.8119,0.1881],"evs":[0.0,-3.64683]},"KJo":{"weight":0.6943,"played":[0.4413,0.5587],"evs":[0.0,0.69775]},"AJo":{"weight":0.996,"played":[1.0E-4,0.9999],"evs":[0.0,6.15546]},"Q2s":{"weight":5.0E-4,"played":[0.8319,0.1681],"evs":[0.0,-5.11006]},"Q3s":{"weight":4.0E-4,"played":[0.9334,0.0666],"evs":[0.0,-3.47237]},"Q4s":{"weight":1.0E-4,"played":[0.6737,0.3263],"evs":[0.0,2.99956]},"Q5s":{"weight":0.2627,"played":[0.6946,0.3054],"evs":[0.0,-4.43541]},"Q6s":{"weight":0.0058,"played":[0.4125,0.5875],"evs":[0.0,0.40236]},"Q7s":{"weight":1.0E-4,"played":[0.9172,0.0828],"evs":[0.0,-6.90444]},"Q8s":{"weight":0.0262,"played":[0.5053,0.4947],"evs":[0.0,-1.6399]},"Q9s":{"weight":0.0235,"played":[0.2313,0.7687],"evs":[0.0,4.82113]},"QTs":{"weight":0.1481,"played":[0.3363,0.6637],"evs":[0.0,-3.13689]},"QJs":{"weight":0.0678,"played":[0.2167,0.7833],"evs":[0.0,-2.29111]},"QQ":{"weight":0.3417,"played":[1.0E-4,0.9999],"evs":[0.0,16.1402]},"KQo":{"weight":0.7302,"played":[0.0,1.0],"evs":[0.0,3.364]},"AQo":{"weight":0.3368,"played":[0.0018,0.9982],"evs":[0.0,7.72489]},"K2s":{"weight":3.0E-4,"played":[0.988,0.012],"evs":[0.0,-1.67577]},"K3s":{"weight":0.0,"played":[0.8451,0.1549],"evs":[0.0,-3.62843]},"K4s":{"weight":0.0025,"played":[0.591,0.409],"evs":[0.0,-0.40664]},"K5s":{"weight":3.0E-4,"played":[0.7602,0.2398],"evs":[0.0,0.06516]},"K6s":{"weight":1.0E-4,"played":[0.5322,0.4678],"evs":[0.0,4.00889]},"K7s":{"weight":0.0043,"played":[0.8138,0.1862],"evs":[0.0,-2.88336]},"K8s":{"weight":0.622,"played":[0.4539,0.5461],"evs":[0.0,2.3046]},"K9s":{"weight":0.6864,"played":[0.1771,0.8229],"evs":[0.0,0.92303]},"KTs":{"weight":0.0885,"played":[0.0045,0.9955],"evs":[0.0,5.2893]},"KJs":{"weight":0.6812,"played":[0.03,0.97],"evs":[0.0,6.62321]},"KQs":{"weight":0.4916,"played":[0.0808,0.9192],"evs":[0.0,7.57055]},"KK":{"weight":0.9938,"played":[0.0,1.0],"evs":[0.0,22.47021]},"AKo":{"weight":0.1397,"played":[0.0,1.0],"evs":[0.0,12.44311]},"A2s":{"weight":0.0406,"played":[0.3498,0.6502],"evs":[0.0,1.0223]},"A3s":{"weight":0.1909,"played":[0.0069,0.9931],"evs":[0.0,0.76387]},"A4s":{"weight":0.4534,"played":[0.0096,0.9904],"evs":[0.0,9.25627]},"A5s":{"weight":0.3967,"played":[0.0922,0.9078],"evs":[0.0,1.206]},"A6s":{"weight":0.2281,"played":[0.1222,0.8778],"evs":[0.0,1.9796]},"A7s":{"weight":0.9367,"played":[0.0041,0.9959],"evs":[0.0,3.08104]},"A8s":{"weight":0.7553,"played":[0.6168,0.3832],"evs":[0.0,-2.35293]},"A9s":{"weight":0.2626,"played":[0.0357,0.9643],"evs":[0.0,1.43571]},"ATs":{"weight":0.576,"played":[0.019,0.981],"evs":[0.0,9.34456]},"AJs":{"weight":0.8256,"played":[0.0098,0.9902],"evs":[0.0,5.36316]},"AQs":{"weight":0.0107,"played":[0.0034,0.9966],"evs":[0.0,11.82687]},"AKs":{"weight":0.2103,"played":[0.0018,0.9982],"evs":[0.0,13.02327]},"AA":{"weight":0.9977,"played":[0.0,1.0],"evs":[0.0,28.7215]}}}