{"player":5,"street":0,"children":2,"sequence":[{"player":0,"type":"F","amount":0,"street":0},{"player":1,"type":"R","amount":200000,"street":0},{"player":2,"type":"C","amount":200000,"street":0},{"player":3,"type":"R","amount":745000,"street":0},{"player":4,"type":"R","amount":1315000,"street":0}],"actions":[{"type":"F","amount":0,"node":205},{"type":"C","amount":845000,"node":210}],"hands":{"22":{"weight":1.0,"played":[0.6175,0.3825],"evs":[0.0,-1.56726]},"32o":{"weight":1.0,"played":[0.8484,0.1516],"evs":[0.0,-0.6294]},"42o":{"weight":1.0,"played":[0.4602,0.5398],"evs":[0.0,-0.79754]},"52o":{"weight":1.0,"played":[0.8101,0.1899],"evs":[0.0,-0.25343]},"62o":{"weight":1.0,"played":[0.9953,0.0047],"evs":[0.0,-2.15974]},"72o":{"weight":1.0,"played":[0.9889,0.0111],"evs":[0.0,-6.11535]},"82o":{"weight":1.0,"played":[0.9318,0.0682],"evs":[0.0,-4.86682]},"92o":{"weight":1.0,"played":[0.9752,0.0248],"evs":[0.0,-6.99991]},"T2o":{"weight":1.0,"played":[0.9235,0.0765],"evs":[0.0,-4.93628]},"J2o":{"weight":1.0,"played":[0.7095,0.2905],"evs":[0.0,-2.10184]},"Q2o":{"weight":1.0,"played":[0.677,0.323],"evs":[0.0,-3.61126]},"K2o":{"weight":1.0,"played":[0.9759,0.0241],"evs":[0.0,-4.66321]},"A2o":{"weight":1.0,"played":[0.9973,0.0027],"evs":[0.0,-3.12689]},"32s":{"weight":1.0,"played":[0.1974,0.8026],"evs":[0.0,-2.15794]},"33":{"weight":1.0,"played":[0.163,0.837],"evs":[0.0,-0.42685]},"43o":{"weight":1.0,"played":[0.3042,0.6958],"evs":[0.0,1.48749]},"53o":{"weight":1.0,"played":[0.9767,0.0233],"evs":[0.0,-3.27881]},"63o":{"weight":1.0,"played":[0.7344,0.2656],"evs":[0.0,-2.42522]},"73o":{"weight":1.0,"played":[0.2858,0.7142],"evs":[0.0,0.76367]},"83o":{"weight":1.0,"played":[0.9051,0.0949],"evs":[0.0,-3.13264]},"93o":{"weight":1.0,"played":[0.9867,0.0133],"evs":[0.0,-4.99635]},"T3o":{"weight":1.0,"played":[0.7536,0.2464],"evs":[0.0,-4.44179]},"J3o":{"weight":1.0,"played":[0.8543,0.1457],"evs":[0.0,-3.10156]},"Q3o":{"weight":1.0,"played":[0.8706,0.1294],"evs":[0.0,-5.28322]},"K3o":{"weight":1.0,"played":[0.3918,0.6082],"evs":[0.0,0.1204]},"A3o":{"weight":1.0,"played":[1.0,0.0],"evs":[0.0,-2.80109]},"42s":{"weight":1.0,"played":[0.9676,0.0324],"evs":[0.0,-7.54632]},"43s":{"weight":1.0,"played":[0.8997,0.1003],"evs":[0.0,-2.08584]},"44":{"weight":1.0,"played":[0.2296,0.7704],"evs":[0.0,1.21499]},"54o":{"weight":1.0,"played":[0.3423,0.6577],"evs":[0.0,1.54511]},"64o":{"weight":1.0,"played":[0.7862,0.2138],"evs":[0.0,-1.39103]},"74o":{"weight":1.0,"played":[0.7732,0.2268],"evs":[0.0,0.55805]},"84o":{"weight":1.0,"played":[0.5115,0.4885],"evs":[0.0,0.84624]},"94o":{"weight":1.0,"played":[0.9622,0.0378],"evs":[0.0,-3.89326]},"T4o":{"weight":1.0,"played":[0.9755,0.0245],"evs":[0.0,-2.31327]},"J4o":{"weight":1.0,"played":[0.5764,0.4236],"evs":[0.0,-0.74788]},"Q4o":{"weight":1.0,"played":[0.6795,0.3205],"evs":[0.0,-2.72239]},"K4o":{"weight":1.0,"played":[0.9218,0.0782],"evs":[0.0,-4.4122]},"A4o":{"weight":1.0,"played":[0.204,0.796],"evs":[0.0,0.21684]},"52s":{"weight":1.0,"played":[0.4496,0.5504],"evs":[0.0,-1.09709]},"53s":{"weight":1.0,"played":[0.3514,0.6486],"evs":[0.0,0.85381]},"54s":{"weight":1.0,"played":[0.0029,0.9971],"evs":[0.0,4.63431]},"55":{"weight":1.0,"played":[0.4275,0.5725],"evs":[0.0,1.52421]},"65o":{"weight":1.0,"played":[0.4647,0.5353],"evs":[0.0,-0.27303]},"75o":{"weight":1.0,"played":[0.8789,0.1211],"evs":[0.0,-4.28512]},"85o":{"weight":1.0,"played":[0.9607,0.0393],"evs":[0.0,-2.50448]},"95o":{"weight":1.0,"played":[0.6767,0.3233],"evs":[0.0,-0.66773]},"T5o":{"weight":1.0,"played":[0.9646,0.0354],"evs":[0.0,-6.13238]},"J5o":{"weight":1.0,"played":[0.9458,0.0542],"evs":[0.0,-3.55077]},"Q5o":{"weight":1.0,"played":[0.9241,0.0759],"evs":[0.0,-2.43589]},"K5o":{"weight":1.0,"played":[0.6842,0.3158],"evs":[0.0,-1.26494]},"A5o":{"weight":1.0,"played":[0.125,0.875],"evs":[0.0,0.37073]},"62s":{"weight":1.0,"played":[0.8264,0.1736],"evs":[0.0,-2.03069]},"63s":{"weight":1.0,"played":[0.6649,0.3351],"evs":[0.0,5.07963]},"64s":{"weight":1.0,"played":[0.1004,0.8996],"evs":[0.0,3.1608]},"65s":{"weight":1.0,"played":[0.9203,0.0797],"evs":[0.0,-9.51993]},"66":{"weight":1.0,"played":[0.6577,0.3423],"evs":[0.0,4.65426]},"76o":{"weight":1.0,"played":[0.9331,0.0669],"evs":[0.0,-1.18221]},"86o":{"weight":1.0,"played":[0.8204,0.1796],"evs":[0.0,-4.91396]},"96o":{"weight":1.0,"played":[0.6788,0.3212],"evs":[0.0,0.31022]},"T6o":{"weight":1.0,"played":[0.9532,0.0468],"evs":[0.0,-1.90615]},"J6o":{"weight":1.0,"played":[0.9279,0.0721],"evs":[0.0,-0.77596]},"Q6o":{"weight":1.0,"played":[0.1923,0.8077],"evs":[0.0,2.48856]},"K6o":{"weight":1.0,"played":[0.539,0.461],"evs":[0.0,-1.84672]},"A6o":{"weight":1.0,"played":[0.6631,0.3369],"evs":[0.0,-2.06888]},"72s":{"weight":1.0,"played":[0.6444,0.3556],"evs":[0.0,-1.5581]},"73s":{"weight":1.0,"played":[0.8036,0.1964],"evs":[0.0,-1.22762]},"74s":{"weight":1.0,"played":[0.4886,0.5114],"evs":[0.0,-1.92756]},"75s":{"weight":1.0,"played":[0.1642,0.8358],"evs":[0.0,0.79499]},"76s":{"weight":1.0,"played":[0.4775,0.5225],"evs":[0.0,-0.27331]},"77":{"weight":1.0,"played":[9.0E-4,0.9991],"evs":[0.0,6.38783]},"87o":{"weight":1.0,"played":[0.9933,0.0067],"evs":[0.0,-3.4691]},"97o":{"weight":1.0,"played":[0.2633,0.7367],"evs":[0.0,0.07618]},"T7o":{"weight":1.0,"played":[0.5969,0.4031],"evs":[0.0,-0.93587]},"J7o":{"weight":1.0,"played":[0.6331,0.3669],"evs":[0.0,-1.862]},"Q7o":{"weight":1.0,"played":[0.8797,0.1203],"evs":[0.0,-3.3956]},"K7o":{"weight":1.0,"played":[0.2304,0.7696],"evs":[0.0,0.98873]},"A7o":{"weight":1.0,"played":[0.4234,0.5766],"evs":[0.0,0.20346]},"82s":{"weight":1.0,"played":[0.9146,0.0854],"evs":[0.0,-5.63832]},"83s":{"weight":1.0,"played":[0.8059,0.1941],"evs":[0.0,4.20299]},"84s":{"weight":1.0,"played":[0.5491,0.4509],"evs":[0.0,-1.23288]},"85s":{"weight":1.0,"played":[0.0753,0.9247],"evs":[0.0,5.15919]},"86s":{"weight":1.0,"played":[0.7893,0.2107],"evs":[0.0,-3.22101]},"87s":{"weight":1.0,"played":[0.3058,0.6942],"evs":[0.0,6.53022]},"88":{"weight":1.0,"played":[0.0803,0.9197],"evs":[0.0,9.50641]},"98o":{"weight":1.0,"played":[0.2693,0.7307],"evs":[0.0,1.18055]},"T8o":{"weight":1.0,"played":[0.1004,0.8996],"evs":[0.0,4.49442]},"J8o":{"weight":1.0,"played":[0.5399,0.4601],"evs":[0.0,-0.28234]},"Q8o":{"weight":1.0,"played":[0.5207,0.4793],"evs":[0.0,-2.27019]},"K8o":{"weight":1.0,"played":[0.9674,0.0326],"evs":[0.0,-2.51066]},"A8o":{"weight":1.0,"played":[0.6259,0.3741],"evs":[0.0,1.21092]},"92s":{"weight":1.0,"played":[0.9411,0.0589],"evs":[0.0,-1.56573]},"93s":{"weight":1.0,"played":[0.8343,0.1657],"evs":[0.0,-0.77823]},"94s":{"weight":1.0,"played":[1.0,0.0],"evs":[0.0,-7.15306]},"95s":{"weight":1.0,"played":[0.8464,0.1536],"evs":[0.0,-0.27758]},"96s":{"weight":1.0,"played":[0.8951,0.1049],"evs":[0.0,-8.33795]},"97s":{"weight":1.0,"played":[0.065,0.935],"evs":[0.0,5.62294]},"98s":{"weight":1.0,"played":[0.5743,0.4257],"evs":[0.0,-1.11355]},"99":{"weight":1.0,"played":[0.1219,0.8781],"evs":[0.0,12.0961]},"T9o":{"weight":1.0,"played":[0.28,0.72],"evs":[0.0,1.02979]},"J9o":{"weight":1.0,"played":[0.1365,0.8635],"evs":[0.0,0.92119]},"Q9o":{"weight":1.0,"played":[0.683,0.317],"evs":[0.0,-0.99508]},"K9o":{"weight":1.0,"played":[0.8875,0.1125],"evs":[0.0,-1.49752]},"A9o":{"weight":1.0,"played":[2.0E-4,0.9998],"evs":[0.0,2.32287]},"T2s":{"weight":1.0,"played":[0.0423,0.9577],"evs":[0.0,2.14476]},"T3s":{"weight":1.0,"played":[0.7175,0.2825],"evs":[0.0,-1.36072]},"T4s":{"weight":1.0,"played":[0.7525,0.2475],"evs":[0.0,-2.54756]},"T5s":{"weight":1.0,"played":[0.8473,0.1527],"evs":[0.0,-3.33712]},"T6s":{"weight":1.0,"played":[0.2087,0.7913],"evs":[0.0,7.76163]},"T7s":{"weight":1.0,"played":[0.6873,0.3127],"evs":[0.0,2.67412]},"T8s":{"weight":1.0,"played":[0.0094,0.9906],"evs":[0.0,6.08594]},"T9s":{"weight":1.0,"played":[0.0433,0.9567],"evs":[0.0,8.08642]},"TT":{"weight":1.0,"played":[0.0448,0.9552],"evs":[0.0,8.09802]},"JTo":{"weight":1.0,"played":[0.3327,0.6673],"evs":[0.0,2.68063]},"QTo":{"weight":1.0,"played":[0.0804,0.9196],"evs":[0.0,2.97273]},"KTo":{"weight":1.0,"played":[0.551,0.449],"evs":[0.0,1.57909]},"ATo":{"weight":1.0,"played":[0.4749,0.5251],"evs":[0.0,2.85048]},"J2s":{"weight":1.0,"played":[0.7727,0.2273],"evs":[0.0,-4.56037]},"J3s":{"weight":1.0,"played":[0.5169,0.4831],"evs":[0.0,1.04609]},"J4s":{"weight":1.0,"played":[0.7674,0.2326],"evs":[0.0,-1.71715]},"J5s":{"weight":1.0,"played":[0.5751,0.4249],"evs":[0.0,-3.53178]},"J6s":{"weight":1.0,"played":[0.3418,0.6582],"evs":[0.0,5.04617]},"J7s":{"weight":1.0,"played":[0.8212,0.1788],"evs":[0.0,-5.29172]},"J8s":{"weight":1.0,"played":[0.6411,0.3589],"evs":[0.0,-4.82595]},"J9s":{"weight":1.0,"played":[0.7836,0.2164],"evs":[0.0,-1.4197]},"JTs":{"weight":1.0,"played":[0.6125,0.3875],"evs":[0.0,-3.48056]},"JJ":{"weight":1.0,"played":[0.0092,0.9908],"evs":[0.0,6.05408]},"QJo":{"weight":1.0,"played":[0.0669,0.9331],"evs":[0.0,4.61546]},"KJo":{"weight":1.0,"played":[0.0058,0.9942],"evs":[0.0,4.01711]},"AJo":{"weight":1.0,"played":[0.9614,0.0386],"evs":[0.0,-3.71822]},"Q2s":{"weight":1.0,"played":[0.9667,0.0333],"evs":[0.0,-2.24028]},"Q3s":{"weight":1.0,"played":[0.999,0.001],"evs":[0.0,-5.2649]},"Q4s":{"weight":1.0,"played":[0.8555,0.1445],"evs":[0.0,-6.92586]},"Q5s":{"weight":1.0,"played":[0.1327,0.8673],"evs":[0.0,11.22823]},"Q6s":{"weight":1.0,"played":[0.7232,0.2768],"evs":[0.0,0.14955]},"Q7s":{"weight":1.0,"played":[0.6119,0.3881],"evs":[0.0,1.54928]},"Q8s":{"weight":1.0,"played":[0.6457,0.3543],"evs":[0.0,-3.24573]},"Q9s":{"weight":1.0,"played":[0.5623,0.4377],"evs":[0.0,-4.21665]},"QTs":{"weight":1.0,"played":[0.0246,0.9754],"evs":[0.0,7.16707]},"QJs":{"weight":1.0,"played":[0.9684,0.0316],"evs":[0.0,-1.19593]},"QQ":{"weight":1.0,"played":[0.0013,0.9987],"evs":[0.0,16.2439]},"KQo":{"weight":1.0,"played":[0.0154,0.9846],"evs":[0.0,6.15244]},"AQo":{"weight":1.0,"played":[0.0285,0.9715],"evs":[0.0,4.02505]},"K2s":{"weight":1.0,"played":[0.8878,0.1122],"evs":[0.0,-8.21346]},"K3s":{"weight":1.0,"played":[0.8558,0.1442],"evs":[0.0,-6.08343]},"K4s":{"weight":1.0,"played":[0.6298,0.3702],"evs":[0.0,-2.47897]},"K5s":{"weight":1.0,"played":[0.2228,0.7772],"evs":[0.0,1.05423]},"K6s":{"weight":1.0,"played":[0.8542,0.1458],"evs":[0.0,-8.31372]},"K7s":{"weight":1.0,"played":[0.9842,0.0158],"evs":[0.0,-6.63767]},"K8s":{"weight":1.0,"played":[0.8926,0.1074],"evs":[0.0,-1.2713]},"K9s":{"weight":1.0,"played":[0.8409,0.1591],"evs":[0.0,-1.65389]},"KTs":{"weight":1.0,"played":[0.3027,0.6973],"evs":[0.0,-1.62019]},"KJs":{"weight":1.0,"played":[0.0431,0.9569],"evs":[0.0,2.67855]},"KQs":{"weight":1.0,"played":[0.0019,0.9981],"evs":[0.0,1.82866]},"KK":{"weight":1.0,"played":[4.0E-4,0.9996],"evs":[0.0,14.63505]},"AKo":{"weight":1.0,"played":[0.0015,0.9985],"evs":[0.0,2.66572]},"A2s":{"weight":1.0,"played":[0.7622,0.2378],"evs":[0.0,-7.59629]},"A3s":{"weight":1.0,"played":[0.7367,0.2633],"evs":[0.0,0.4739]},"A4s":{"weight":1.0,"played":[0.4537,0.5463],"evs":[0.0,-1.32814]},"A5s":{"weight":1.0,"played":[0.9895,0.0105],"evs":[0.0,1.84868]},"A6s":{"weight":1.0,"played":[0.8213,0.1787],"evs":[0.0,-1.51298]},"A7s":{"weight":1.0,"played":[0.3516,0.6484],"evs":[0.0,-1.34944]},"A8s":{"weight":1.0,"played":[0.1404,0.8596],"evs":[0.0,6.00681]},"A9s":{"weight":1.0,"played":[0.3534,0.6466],"evs":[0.0,3.86465]},"ATs":{"weight":1.0,"played":[0.1385,0.8615],"evs":[0.0,16.98931]},"AJs":{"weight":1.0,"played":[0.0337,0.9663],"evs":[0.0,12.54875]},"AQs":{"weight":1.0,"played":[0.1128,0.8872],"evs":[0.0,0.99044]},"AKs":{"weight":1.0,"played":[0.3296,0.6704],"evs":[0.0,12.47068]},"AA":{"weight":1.0,"played":[0.0066,0.9934],"evs":[0.0,23.12918]}}}