{"player":2,"street":0,"children":2,"sequence":[{"player":0,"type":"F","amount":0,"street":0},{"player":1,"type":"R","amount":200000,"street":0},{"player":2,"type":"C","amount":200000,"street":0},{"player":3,"type":"R","amount":745000,"street":0},{"player":4,"type":"R","amount":1315000,"street":0},{"player":5,"type":"F","amount":0,"street":0},{"player":1,"type":"R","amount":2185000,"street":0}],"actions":[{"type":"F","amount":0},{"type":"C","amount":1985000}],"hands":{"22":{"weight":0.0029,"played":[0.1452,0.8548],"evs":[0.0,2.06596]},"32o":{"weight":0.0,"played":[0.9865,0.0135],"evs":[0.0,-4.16576]},"42o":{"weight":0.0,"played":[0.9504,0.0496],"evs":[0.0,-5.26932]},"52o":{"weight":0.0,"played":[0.6926,0.3074],"evs":[0.0,-4.02197]},"62o":{"weight":0.0,"played":[0.9699,0.0301],"evs":[0.0,-11.75306]},"72o":{"weight":0.0,"played":[0.9858,0.0142],"evs":[0.0,-6.93088]},"82o":{"weight":0.0,"played":[0.9632,0.0368],"evs":[0.0,-9.19255]},"92o":{"weight":0.0,"played":[0.9966,0.0034],"evs":[0.0,-7.58251]},"T2o":{"weight":0.0,"played":[0.9831,0.0169],"evs":[0.0,-8.20089]},"J2o":{"weight":0.0,"played":[0.9191,0.0809],"evs":[0.0,-6.33058]},"Q2o":{"weight":0.0,"played":[0.9865,0.0135],"evs":[0.0,-8.00184]},"K2o":{"weight":2.0E-4,"played":[0.9863,0.0137],"evs":[0.0,-11.73147]},"A2o":{"weight":2.0E-4,"played":[0.9904,0.0096],"evs":[0.0,-4.9298]},"32s":{"weight":0.0,"played":[0.9416,0.0584],"evs":[0.0,-8.0701]},"33":{"weight":0.0795,"played":[0.1925,0.8075],"evs":[0.0,4.80265]},"43o":{"weight":1.0E-4,"played":[0.647,0.353],"evs":[0.0,0.40528]},"53o":{"weight":0.0,"played":[0.9949,0.0051],"evs":[0.0,-10.0958]},"63o":{"weight":0.0,"played":[0.6765,0.3235],"evs":[0.0,-6.90137]},"73o":{"weight":0.0,"played":[0.9864,0.0136],"evs":[0.0,-9.63603]},"83o":{"weight":0.0,"played":[0.9947,0.0053],"evs":[0.0,-12.8576]},"93o":{"weight":0.0,"played":[0.9808,0.0192],"evs":[0.0,-12.0249]},"T3o":{"weight":0.0,"played":[0.9958,0.0042],"evs":[0.0,-3.82968]},"J3o":{"weight":0.0,"played":[0.9948,0.0052],"evs":[0.0,-5.09824]},"Q3o":{"weight":0.0,"played":[0.9794,0.0206],"evs":[0.0,-4.85869]},"K3o":{"weight":0.0,"played":[0.6422,0.3578],"evs":[0.0,2.38399]},"A3o":{"weight":0.0215,"played":[0.2418,0.7582],"evs":[0.0,-0.77599]},"42s":{"weight":0.0,"played":[0.9408,0.0592],"evs":[0.0,-5.75479]},"43s":{"weight":3.0E-4,"played":[0.2497,0.7503],"evs":[0.0,7.73684]},"44":{"weight":0.7476,"played":[0.113,0.887],"evs":[0.0,5.96371]},"54o":{"weight":0.0,"played":[0.6904,0.3096],"evs":[0.0,-1.00879]},"64o":{"weight":0.0,"played":[0.9999,1.0E-4],"evs":[0.0,-4.49385]},"74o":{"weight":0.0,"played":[0.4457,0.5543],"evs":[0.0,3.60841]},"84o":{"weight":0.0,"played":[0.9259,0.0741],"evs":[0.0,-5.07459]},"94o":{"weight":0.0,"played":[0.9984,0.0016],"evs":[0.0,-9.22098]},"T4o":{"weight":0.0,"played":[1.0,0.0],"evs":[0.0,-7.43077]},"J4o":{"weight":0.0,"played":[0.9714,0.0286],"evs":[0.0,-4.27733]},"Q4o":{"weight":1.0E-4,"played":[0.9624,0.0376],"evs":[0.0,-6.91227]},"K4o":{"weight":0.0,"played":[0.2489,0.7511],"evs":[0.0,0.44386]},"A4o":{"weight":0.003,"played":[0.7844,0.2156],"evs":[0.0,-3.38212]},"52s":{"weight":0.0,"played":[0.9787,0.0213],"evs":[0.0,-10.95354]},"53s":{"weight":0.0011,"played":[0.544,0.456],"evs":[0.0,-7.48332]},"54s":{"weight":0.0,"played":[0.2345,0.7655],"evs":[0.0,9.96039]},"55":{"weight":0.8158,"played":[0.0386,0.9614],"evs":[0.0,9.4189]},"65o":{"weight":0.0,"played":[0.5737,0.4263],"evs":[0.0,-0.67596]},"75o":{"weight":2.0E-4,"played":[0.8255,0.1745],"evs":[0.0,-1.32927]},"85o":{"weight":0.0,"played":[0.9971,0.0029],"evs":[0.0,-4.77814]},"95o":{"weight":0.0,"played":[0.9746,0.0254],"evs":[0.0,-4.25119]},"T5o":{"weight":0.0,"played":[0.7338,0.2662],"evs":[0.0,2.83233]},"J5o":{"weight":0.0,"played":[0.8311,0.1689],"evs":[0.0,-5.91791]},"Q5o":{"weight":0.0,"played":[0.726,0.274],"evs":[0.0,0.43445]},"K5o":{"weight":5.0E-4,"played":[0.9954,0.0046],"evs":[0.0,-11.64154]},"A5o":{"weight":0.1068,"played":[0.051,0.949],"evs":[0.0,5.65467]},"62s":{"weight":3.0E-4,"played":[0.8116,0.1884],"evs":[0.0,-1.48436]},"63s":{"weight":0.0,"played":[0.9246,0.0754],"evs":[0.0,-9.12511]},"64s":{"weight":1.0E-4,"played":[0.4031,0.5969],"evs":[0.0,5.64803]},"65s":{"weight":0.0,"played":[0.8578,0.1422],"evs":[0.0,2.72683]},"66":{"weight":0.5523,"played":[0.0058,0.9942],"evs":[0.0,11.11148]},"76o":{"weight":0.0,"played":[0.4471,0.5529],"evs":[0.0,-0.30603]},"86o":{"weight":1.0E-4,"played":[0.8364,0.1636],"evs":[0.0,-3.01356]},"96o":{"weight":0.0,"played":[0.7587,0.2413],"evs":[0.0,-5.47627]},"T6o":{"weight":0.0,"played":[0.995,0.005],"evs":[0.0,-3.32869]},"J6o":{"weight":1.0E-4,"played":[0.9673,0.0327],"evs":[0.0,-6.47554]},"Q6o":{"weight":0.0,"played":[0.9648,0.0352],"evs":[0.0,-1.73263]},"K6o":{"weight":1.0E-4,"played":[0.5703,0.4297],"evs":[0.0,-2.39313]},"A6o":{"weight":0.21,"played":[0.02,0.98],"evs":[0.0,2.03125]},"72s":{"weight":0.0,"played":[0.8636,0.1364],"evs":[0.0,-3.08718]},"73s":{"weight":1.0E-4,"played":[0.4188,0.5812],"evs":[0.0,-7.0618]},"74s":{"weight":4.0E-4,"played":[0.1387,0.8613],"evs":[0.0,5.24819]},"75s":{"weight":7.0E-4,"played":[0.7525,0.2475],"evs":[0.0,-13.78176]},"76s":{"weight":0.0,"played":[0.8462,0.1538],"evs":[0.0,-0.46283]},"77":{"weight":0.0961,"played":[0.0713,0.9287],"evs":[0.0,6.43528]},"87o":{"weight":1.0E-4,"played":[0.7885,0.2115],"evs":[0.0,-0.77705]},"97o":{"weight":2.0E-4,"played":[0.7065,0.2935],"evs":[0.0,-1.66267]},"T7o":{"weight":0.0,"played":[0.9424,0.0576],"evs":[0.0,-6.54335]},"J7o":{"weight":2.0E-4,"played":[0.97,0.03],"evs":[0.0,-4.18356]},"Q7o":{"weight":0.0,"played":[0.9279,0.0721],"evs":[0.0,-4.79367]},"K7o":{"weight":6.0E-4,"played":[0.9178,0.0822],"evs":[0.0,-1.50582]},"A7o":{"weight":0.0678,"played":[0.1847,0.8153],"evs":[0.0,0.56495]},"82s":{"weight":5.0E-4,"played":[0.5688,0.4312],"evs":[0.0,-4.49709]},"83s":{"weight":0.0,"played":[0.9999,1.0E-4],"evs":[0.0,-15.297]},"84s":{"weight":0.0,"played":[0.4853,0.5147],"evs":[0.0,-5.05028]},"85s":{"weight":1.0E-4,"played":[0.562,0.438],"evs":[0.0,7.5495]},"86s":{"weight":4.0E-4,"played":[0.4122,0.5878],"evs":[0.0,-0.86441]},"87s":{"weight":4.0E-4,"played":[0.4233,0.5767],"evs":[0.0,3.52737]},"88":{"weight":0.0429,"played":[0.0061,0.9939],"evs":[0.0,12.13923]},"98o":{"weight":7.0E-4,"played":[0.4543,0.5457],"evs":[0.0,-0.64986]},"T8o":{"weight":1.0E-4,"played":[0.9303,0.0697],"evs":[0.0,-7.19569]},"J8o":{"weight":1.0E-4,"played":[0.5853,0.4147],"evs":[0.0,3.68497]},"Q8o":{"weight":3.0E-4,"played":[0.6192,0.3808],"evs":[0.0,-0.07051]},"K8o":{"weight":0.0,"played":[0.5056,0.4944],"evs":[0.0,-2.35128]},"A8o":{"weight":0.8555,"played":[0.0121,0.9879],"evs":[0.0,2.27911]},"92s":{"weight":2.0E-4,"played":[0.737,0.263],"evs":[0.0,-0.6048]},"93s":{"weight":1.0E-4,"played":[0.5473,0.4527],"evs":[0.0,-5.91224]},"94s":{"weight":0.0,"played":[0.0509,0.9491],"evs":[0.0,7.77473]},"95s":{"weight":0.001,"played":[0.4566,0.5434],"evs":[0.0,0.5361]},"96s":{"weight":0.0027,"played":[0.916,0.084],"evs":[0.0,-8.76119]},"97s":{"weight":1.0E-4,"played":[0.6446,0.3554],"evs":[0.0,-2.99109]},"98s":{"weight":0.5501,"played":[0.8688,0.1312],"evs":[0.0,-5.09126]},"99":{"weight":0.2128,"played":[0.1017,0.8983],"evs":[0.0,1.20695]},"T9o":{"weight":3.0E-4,"played":[0.7777,0.2223],"evs":[0.0,-4.48935]},"J9o":{"weight":5.0E-4,"played":[0.0784,0.9216],"evs":[0.0,-0.53792]},"Q9o":{"weight":0.0,"played":[0.96,0.04],"evs":[0.0,-5.92505]},"K9o":{"weight":0.0024,"played":[0.6823,0.3177],"evs":[0.0,-1.42474]},"A9o":{"weight":0.8488,"played":[0.0583,0.9417],"evs":[0.0,5.04761]},"T2s":{"weight":2.0E-4,"played":[0.992,0.008],"evs":[0.0,-3.18662]},"T3s":{"weight":1.0E-4,"played":[0.9904,0.0096],"evs":[0.0,-12.99539]},"T4s":{"weight":0.0,"played":[0.9863,0.0137],"evs":[0.0,-5.68525]},"T5s":{"weight":0.0041,"played":[0.6865,0.3135],"evs":[0.0,-4.55975]},"T6s":{"weight":2.0E-4,"played":[0.9672,0.0328],"evs":[0.0,-10.77515]},"T7s":{"weight":1.0E-4,"played":[0.4102,0.5898],"evs":[0.0,3.16068]},"T8s":{"weight":0.0109,"played":[0.1731,0.8269],"evs":[0.0,1.89774]},"T9s":{"weight":0.5242,"played":[0.55,0.45],"evs":[0.0,-0.92018]},"TT":{"weight":0.307,"played":[9.0E-4,0.9991],"evs":[0.0,18.80961]},"JTo":{"weight":0.0,"played":[0.7241,0.2759],"evs":[0.0,-2.97503]},"QTo":{"weight":0.0915,"played":[0.21,0.79],"evs":[0.0,2.32604]},"KTo":{"weight":0.3509,"played":[0.1218,0.8782],"evs":[0.0,5.45466]},"ATo":{"weight":0.7332,"played":[0.0075,0.9925],"evs":[0.0,2.3224]},"J2s":{"weight":2.0E-4,"played":[0.2879,0.7121],"evs":[0.0,3.23059]},"J3s":{"weight":4.0E-4,"played":[0.2974,0.7026],"evs":[0.0,4.10821]},"J4s":{"weight":3.0E-4,"played":[0.6261,0.3739],"evs":[0.0,-0.05189]},"J5s":{"weight":0.0011,"played":[0.3409,0.6591],"evs":[0.0,-0.59716]},"J6s":{"weight":0.0026,"played":[0.8981,0.1019],"evs":[0.0,-0.49304]},"J7s":{"weight":0.0,"played":[0.4512,0.5488],"evs":[0.0,-1.14049]},"J8s":{"weight":0.027,"played":[0.6873,0.3127],"evs":[0.0,-3.24048]},"J9s":{"weight":0.0165,"played":[0.7919,0.2081],"evs":[0.0,-5.53518]},"JTs":{"weight":0.9972,"played":[0.0015,0.9985],"evs":[0.0,8.0237]},"JJ":{"weight":0.6646,"played":[0.0165,0.9835],"evs":[0.0,12.92658]},"QJo":{"weight":0.99,"played":[0.0822,0.9178],"evs":[0.0,1.82097]},"KJo":{"weight":0.6943,"played":[0.0089,0.9911],"evs":[0.0,3.99776]},"AJo":{"weight":0.996,"played":[0.0872,0.9128],"evs":[0.0,3.80772]},"Q2s":{"weight":5.0E-4,"played":[0.761,0.239],"evs":[0.0,0.10427]},"Q3s":{"weight":4.0E-4,"played":[0.6191,0.3809],"evs":[0.0,-0.43415]},"Q4s":{"weight":1.0E-4,"played":[0.9574,0.0426],"evs":[0.0,-13.72781]},"Q5s":{"weight":0.2627,"played":[0.4379,0.5621],"evs":[0.0,0.52998]},"Q6s":{"weight":0.0058,"played":[0.9851,0.0149],"evs":[0.0,-3.12169]},"Q7s":{"weight":1.0E-4,"played":[0.6897,0.3103],"evs":[0.0,3.73093]},"Q8s":{"weight":0.0262,"played":[0.871,0.129],"evs":[0.0,-4.15419]},"Q9s":{"weight":0.0235,"played":[0.0182,0.9818],"evs":[0.0,2.60895]},"QTs":{"weight":0.1481,"played":[0.7812,0.2188],"evs":[0.0,7.07287]},"QJs":{"weight":0.0678,"played":[0.0727,0.9273],"evs":[0.0,5.18284]},"QQ":{"weight":0.3417,"played":[0.0061,0.9939],"evs":[0.0,18.36401]},"KQo":{"weight":0.7302,"played":[0.0388,0.9612],"evs":[0.0,4.41996]},"AQo":{"weight":0.3368,"played":[0.0028,0.9972],"evs":[0.0,5.44313]},"K2s":{"weight":3.0E-4,"played":[0.4106,0.5894],"evs":[0.0,3.96935]},"K3s":{"weight":0.0,"played":[0.3007,0.6993],"evs":[0.0,1.76727]},"K4s":{"weight":0.0025,"played":[0.5781,0.4219],"evs":[0.0,-2.58038]},"K5s":{"weight":3.0E-4,"played":[0.7594,0.2406],"evs":[0.0,1.17173]},"K6s":{"weight":1.0E-4,"played":[0.6031,0.3969],"evs":[0.0,-0.80864]},"K7s":{"weight":0.0043,"played":[0.6497,0.3503],"evs":[0.0,-1.22156]},"K8s":{"weight":0.622,"played":[0.521,0.479],"evs":[0.0,7.52252]},"K9s":{"weight":0.6864,"played":[0.9335,0.0665],"evs":[0.0,1.3194]},"KTs":{"weight":0.0885,"played":[0.0333,0.9667],"evs":[0.0,6.5864]},"KJs":{"weight":0.6812,"played":[0.0613,0.9387],"evs":[0.0,6.19537]},"KQs":{"weight":0.4916,"played":[0.0433,0.9567],"evs":[0.0,4.60305]},"KK":{"weight":0.9938,"played":[4.0E-4,0.9996],"evs":[0.0,30.65099]},"AKo":{"weight":0.1397,"played":[3.0E-4,0.9997],"evs":[0.0,14.56069]},"A2s":{"weight":0.0406,"played":[0.0287,0.9713],"evs":[0.0,12.60952]},"A3s":{"weight":0.1909,"played":[0.5126,0.4874],"evs":[0.0,2.6298]},"A4s":{"weight":0.4534,"played":[0.318,0.682],"evs":[0.0,2.42715]},"A5s":{"weight":0.3967,"played":[0.9755,0.0245],"evs":[0.0,-11.00996]},"A6s":{"weight":0.2281,"played":[0.1105,0.8895],"evs":[0.0,12.0892]},"A7s":{"weight":0.9367,"played":[0.0028,0.9972],"evs":[0.0,9.88585]},"A8s":{"weight":0.7553,"played":[0.0251,0.9749],"evs":[0.0,3.69934]},"A9s":{"weight":0.2626,"played":[0.1628,0.8372],"evs":[0.0,9.22832]},"ATs":{"weight":0.576,"played":[0.0304,0.9696],"evs":[0.0,5.62621]},"AJs":{"weight":0.8256,"played":[0.0015,0.9985],"evs":[0.0,16.32667]},"AQs":{"weight":0.0107,"played":[0.0011,0.9989],"evs":[0.0,13.50278]},"AKs":{"weight":0.2103,"played":[0.0696,0.9304],"evs":[0.0,8.39742]},"AA":{"weight":0.9977,"played":[9.0E-4,0.9991],"evs":[0.0,36.52092]}}}