{"player":3,"street":0,"children":2,"sequence":[{"player":0,"type":"F","amount":0,"street":0},{"player":1,"type":"F","amount":0,"street":0},{"player":2,"type":"F","amount":0,"street":0},{"player":3,"type":"R","amount":200000,"street":0},{"player":4,"type":"R","amount":945000,"street":0},{"player":5,"type":"C","amount":845000,"street":0}],"actions":[{"type":"F","amount":0},{"type":"C","amount":545000}],"hands":{"22":{"weight":0.0483,"played":[0.0012,0.9988],"evs":[0.0,1.72678]},"32o":{"weight":0.0,"played":[0.9996,4.0E-4],"evs":[0.0,-1.63749]},"42o":{"weight":0.0,"played":[0.9999,1.0E-4],"evs":[0.0,-1.25517]},"52o":{"weight":0.0,"played":[0.9995,5.0E-4],"evs":[0.0,-0.95198]},"62o":{"weight":0.0,"played":[0.9999,1.0E-4],"evs":[0.0,-1.63779]},"72o":{"weight":0.0,"played":[0.9999,1.0E-4],"evs":[0.0,-1.82988]},"82o":{"weight":0.0,"played":[0.9975,0.0025],"evs":[0.0,-1.53903]},"92o":{"weight":0.0,"played":[0.9988,0.0012],"evs":[0.0,-1.18755]},"T2o":{"weight":0.0,"played":[0.9929,0.0071],"evs":[0.0,-0.66338]},"J2o":{"weight":0.0,"played":[0.9983,0.0017],"evs":[0.0,-0.88771]},"Q2o":{"weight":0.0,"played":[0.9065,0.0935],"evs":[0.0,-0.58262]},"K2o":{"weight":6.0E-4,"played":[0.6214,0.3786],"evs":[0.0,-0.36901]},"A2o":{"weight":0.0098,"played":[2.0E-4,0.9998],"evs":[0.0,1.45725]},"32s":{"weight":0.0,"played":[0.6391,0.3609],"evs":[0.0,-0.38437]},"33":{"weight":0.2974,"played":[0.0,1.0],"evs":[0.0,1.13436]},"43o":{"weight":0.0,"played":[0.9417,0.0583],"evs":[0.0,-0.99914]},"53o":{"weight":0.0,"played":[0.9875,0.0125],"evs":[0.0,-0.96798]},"63o":{"weight":0.0,"played":[0.9809,0.0191],"evs":[0.0,-1.22536]},"73o":{"weight":0.0,"played":[0.9962,0.0038],"evs":[0.0,-1.37976]},"83o":{"weight":0.0,"played":[0.9995,5.0E-4],"evs":[0.0,-1.31681]},"93o":{"weight":0.0,"played":[1.0,0.0],"evs":[0.0,-1.13159]},"T3o":{"weight":0.0,"played":[0.9994,6.0E-4],"evs":[0.0,-1.01513]},"J3o":{"weight":0.0,"played":[0.9995,5.0E-4],"evs":[0.0,-1.17358]},"Q3o":{"weight":0.0,"played":[0.9878,0.0122],"evs":[0.0,-0.65032]},"K3o":{"weight":0.0077,"played":[0.5391,0.4609],"evs":[0.0,-0.263]},"A3o":{"weight":0.1399,"played":[1.0E-4,0.9999],"evs":[0.0,1.4876]},"42s":{"weight":0.0,"played":[0.1628,0.8372],"evs":[0.0,0.36905]},"43s":{"weight":1.0E-4,"played":[0.3065,0.6935],"evs":[0.0,-0.72427]},"44":{"weight":0.025,"played":[0.0019,0.9981],"evs":[0.0,1.96805]},"54o":{"weight":0.0,"played":[0.6032,0.3968],"evs":[0.0,-0.28383]},"64o":{"weight":0.0,"played":[0.8851,0.1149],"evs":[0.0,-0.62895]},"74o":{"weight":0.0,"played":[0.9961,0.0039],"evs":[0.0,-0.63332]},"84o":{"weight":0.0,"played":[0.9553,0.0447],"evs":[0.0,-0.92651]},"94o":{"weight":0.0,"played":[1.0,0.0],"evs":[0.0,-0.96993]},"T4o":{"weight":0.0,"played":[0.978,0.022],"evs":[0.0,-0.76565]},"J4o":{"weight":0.0,"played":[0.9809,0.0191],"evs":[0.0,-0.569]},"Q4o":{"weight":1.0E-4,"played":[0.6171,0.3829],"evs":[0.0,-0.2894]},"K4o":{"weight":0.0114,"played":[0.0665,0.9335],"evs":[0.0,-0.0811]},"A4o":{"weight":0.2019,"played":[0.0,1.0],"evs":[0.0,1.96991]},"52s":{"weight":0.0,"played":[0.7621,0.2379],"evs":[0.0,-0.21364]},"53s":{"weight":0.0,"played":[0.0028,0.9972],"evs":[0.0,0.56045]},"54s":{"weight":0.0,"played":[0.0159,0.9841],"evs":[0.0,0.64383]},"55":{"weight":0.2921,"played":[0.0,1.0],"evs":[0.0,3.3231]},"65o":{"weight":0.0,"played":[0.4017,0.5983],"evs":[0.0,0.32458]},"75o":{"weight":0.0,"played":[0.9157,0.0843],"evs":[0.0,-0.1501]},"85o":{"weight":0.0,"played":[0.9987,0.0013],"evs":[0.0,-0.47871]},"95o":{"weight":0.0,"played":[0.9766,0.0234],"evs":[0.0,-0.606]},"T5o":{"weight":0.0,"played":[0.9925,0.0075],"evs":[0.0,-0.83246]},"J5o":{"weight":0.0,"played":[0.9206,0.0794],"evs":[0.0,-0.46396]},"Q5o":{"weight":1.0E-4,"played":[0.0417,0.9583],"evs":[0.0,0.15426]},"K5o":{"weight":0.0264,"played":[0.0,1.0],"evs":[0.0,0.48198]},"A5o":{"weight":0.0091,"played":[0.0,1.0],"evs":[0.0,1.73622]},"62s":{"weight":0.0,"played":[0.8791,0.1209],"evs":[0.0,-0.80507]},"63s":{"weight":0.0,"played":[0.0314,0.9686],"evs":[0.0,0.66164]},"64s":{"weight":4.0E-4,"played":[0.0969,0.9031],"evs":[0.0,0.73582]},"65s":{"weight":3.0E-4,"played":[0.0419,0.9581],"evs":[0.0,1.21225]},"66":{"weight":0.063,"played":[0.0,1.0],"evs":[0.0,3.5228]},"76o":{"weight":0.0,"played":[0.4832,0.5168],"evs":[0.0,0.0424]},"86o":{"weight":0.0,"played":[0.4354,0.5646],"evs":[0.0,0.06944]},"96o":{"weight":1.0E-4,"played":[0.9574,0.0426],"evs":[0.0,-0.43869]},"T6o":{"weight":0.0,"played":[0.4916,0.5084],"evs":[0.0,0.09723]},"J6o":{"weight":1.0E-4,"played":[0.5396,0.4604],"evs":[0.0,0.04427]},"Q6o":{"weight":0.0,"played":[0.2247,0.7753],"evs":[0.0,-0.02435]},"K6o":{"weight":0.1176,"played":[0.0024,0.9976],"evs":[0.0,0.59668]},"A6o":{"weight":0.0307,"played":[1.0E-4,0.9999],"evs":[0.0,1.85021]},"72s":{"weight":0.0,"played":[0.9867,0.0133],"evs":[0.0,-0.81248]},"73s":{"weight":0.0,"played":[0.8,0.2],"evs":[0.0,-0.46016]},"74s":{"weight":1.0E-4,"played":[0.2997,0.7003],"evs":[0.0,0.46923]},"75s":{"weight":0.0,"played":[0.1743,0.8257],"evs":[0.0,0.67544]},"76s":{"weight":0.0,"played":[0.0267,0.9733],"evs":[0.0,1.19481]},"77":{"weight":0.1447,"played":[0.0,1.0],"evs":[0.0,4.15985]},"87o":{"weight":0.0,"played":[0.0028,0.9972],"evs":[0.0,0.68715]},"97o":{"weight":2.0E-4,"played":[0.2637,0.7363],"evs":[0.0,0.21704]},"T7o":{"weight":6.0E-4,"played":[0.0238,0.9762],"evs":[0.0,0.64289]},"J7o":{"weight":0.0,"played":[0.1439,0.8561],"evs":[0.0,0.06688]},"Q7o":{"weight":0.0012,"played":[0.5907,0.4093],"evs":[0.0,-0.33814]},"K7o":{"weight":0.0608,"played":[1.0E-4,0.9999],"evs":[0.0,0.94685]},"A7o":{"weight":0.0621,"played":[0.0,1.0],"evs":[0.0,1.89267]},"82s":{"weight":0.0,"played":[0.8016,0.1984],"evs":[0.0,-0.21949]},"83s":{"weight":0.0,"played":[0.0053,0.9947],"evs":[0.0,0.2797]},"84s":{"weight":0.0,"played":[0.0043,0.9957],"evs":[0.0,0.90969]},"85s":{"weight":0.0,"played":[0.0131,0.9869],"evs":[0.0,0.53513]},"86s":{"weight":0.0,"played":[0.025,0.975],"evs":[0.0,0.52507]},"87s":{"weight":0.0022,"played":[0.0096,0.9904],"evs":[0.0,1.08898]},"88":{"weight":0.1991,"played":[0.0,1.0],"evs":[0.0,4.30975]},"98o":{"weight":0.0,"played":[0.0,1.0],"evs":[0.0,0.80579]},"T8o":{"weight":9.0E-4,"played":[0.0025,0.9975],"evs":[0.0,0.21075]},"J8o":{"weight":0.0309,"played":[0.065,0.935],"evs":[0.0,0.1133]},"Q8o":{"weight":0.0695,"played":[0.0,1.0],"evs":[0.0,0.59105]},"K8o":{"weight":0.0248,"played":[0.0,1.0],"evs":[0.0,0.78982]},"A8o":{"weight":0.0433,"played":[0.0,1.0],"evs":[0.0,2.37838]},"92s":{"weight":4.0E-4,"played":[0.0226,0.9774],"evs":[0.0,0.25321]},"93s":{"weight":0.0,"played":[0.4866,0.5134],"evs":[0.0,-0.27572]},"94s":{"weight":0.0,"played":[0.1992,0.8008],"evs":[0.0,0.92415]},"95s":{"weight":0.0,"played":[0.4865,0.5135],"evs":[0.0,0.51862]},"96s":{"weight":2.0E-4,"played":[0.0306,0.9694],"evs":[0.0,0.71046]},"97s":{"weight":0.0,"played":[6.0E-4,0.9994],"evs":[0.0,0.80684]},"98s":{"weight":0.3523,"played":[1.0E-4,0.9999],"evs":[0.0,1.35305]},"99":{"weight":0.1145,"played":[0.0,1.0],"evs":[0.0,5.2455]},"T9o":{"weight":0.029,"played":[2.0E-4,0.9998],"evs":[0.0,1.00905]},"J9o":{"weight":0.1668,"played":[5.0E-4,0.9995],"evs":[0.0,1.04617]},"Q9o":{"weight":0.0792,"played":[2.0E-4,0.9998],"evs":[0.0,1.56548]},"K9o":{"weight":0.0525,"played":[0.001,0.999],"evs":[0.0,1.59256]},"A9o":{"weight":0.0588,"played":[0.0,1.0],"evs":[0.0,3.50397]},"T2s":{"weight":0.0,"played":[0.0834,0.9166],"evs":[0.0,0.12471]},"T3s":{"weight":5.0E-4,"played":[0.0357,0.9643],"evs":[0.0,0.89806]},"T4s":{"weight":0.0,"played":[0.0221,0.9779],"evs":[0.0,0.88746]},"T5s":{"weight":1.0E-4,"played":[0.0436,0.9564],"evs":[0.0,0.45175]},"T6s":{"weight":7.0E-4,"played":[0.1915,0.8085],"evs":[0.0,0.14917]},"T7s":{"weight":0.0861,"played":[6.0E-4,0.9994],"evs":[0.0,0.85052]},"T8s":{"weight":0.5005,"played":[1.0E-4,0.9999],"evs":[0.0,2.134]},"T9s":{"weight":0.0298,"played":[3.0E-4,0.9997],"evs":[0.0,1.76217]},"TT":{"weight":0.3988,"played":[0.0,1.0],"evs":[0.0,6.79724]},"JTo":{"weight":0.1679,"played":[2.0E-4,0.9998],"evs":[0.0,2.1072]},"QTo":{"weight":0.1373,"played":[0.0,1.0],"evs":[0.0,1.75865]},"KTo":{"weight":0.0151,"played":[0.0,1.0],"evs":[0.0,2.88315]},"ATo":{"weight":0.0026,"played":[0.0,1.0],"evs":[0.0,4.04111]},"J2s":{"weight":0.0,"played":[0.1852,0.8148],"evs":[0.0,0.1152]},"J3s":{"weight":8.0E-4,"played":[0.3797,0.6203],"evs":[0.0,0.14369]},"J4s":{"weight":0.0043,"played":[0.7845,0.2155],"evs":[0.0,-0.16131]},"J5s":{"weight":8.0E-4,"played":[0.1977,0.8023],"evs":[0.0,0.70928]},"J6s":{"weight":0.0,"played":[0.2329,0.7671],"evs":[0.0,1.25417]},"J7s":{"weight":0.0607,"played":[0.0,1.0],"evs":[0.0,1.519]},"J8s":{"weight":0.2523,"played":[0.0015,0.9985],"evs":[0.0,2.06577]},"J9s":{"weight":0.464,"played":[5.0E-4,0.9995],"evs":[0.0,2.64682]},"JTs":{"weight":0.1827,"played":[0.0,1.0],"evs":[0.0,3.36333]},"JJ":{"weight":0.2979,"played":[0.0,1.0],"evs":[0.0,7.74736]},"QJo":{"weight":0.0093,"played":[0.0,1.0],"evs":[0.0,2.63782]},"KJo":{"weight":0.0105,"played":[0.0,1.0],"evs":[0.0,3.24202]},"AJo":{"weight":0.0086,"played":[0.0,1.0],"evs":[0.0,4.50527]},"Q2s":{"weight":0.0238,"played":[6.0E-4,0.9994],"evs":[0.0,0.35375]},"Q3s":{"weight":0.0,"played":[0.029,0.971],"evs":[0.0,0.63295]},"Q4s":{"weight":0.031,"played":[0.0147,0.9853],"evs":[0.0,1.28219]},"Q5s":{"weight":0.0,"played":[0.0163,0.9837],"evs":[0.0,0.48883]},"Q6s":{"weight":0.076,"played":[0.0601,0.9399],"evs":[0.0,0.43329]},"Q7s":{"weight":0.0938,"played":[0.0,1.0],"evs":[0.0,1.61765]},"Q8s":{"weight":0.0955,"played":[0.0,1.0],"evs":[0.0,1.7568]},"Q9s":{"weight":0.3339,"played":[0.0,1.0],"evs":[0.0,2.34543]},"QTs":{"weight":0.1136,"played":[1.0E-4,0.9999],"evs":[0.0,2.93158]},"QJs":{"weight":0.0531,"played":[6.0E-4,0.9994],"evs":[0.0,3.41954]},"QQ":{"weight":0.0802,"played":[0.0,1.0],"evs":[0.0,8.67853]},"KQo":{"weight":0.0232,"played":[0.0,1.0],"evs":[0.0,3.52704]},"AQo":{"weight":0.0059,"played":[0.0,1.0],"evs":[0.0,5.08949]},"K2s":{"weight":0.0035,"played":[0.1931,0.8069],"evs":[0.0,-0.19475]},"K3s":{"weight":0.0097,"played":[2.0E-4,0.9998],"evs":[0.0,1.89431]},"K4s":{"weight":0.4715,"played":[1.0E-4,0.9999],"evs":[0.0,1.08962]},"K5s":{"weight":0.2955,"played":[6.0E-4,0.9994],"evs":[0.0,1.60472]},"K6s":{"weight":0.0676,"played":[5.0E-4,0.9995],"evs":[0.0,1.90805]},"K7s":{"weight":0.0239,"played":[0.0501,0.9499],"evs":[0.0,1.18752]},"K8s":{"weight":0.0345,"played":[5.0E-4,0.9995],"evs":[0.0,1.97524]},"K9s":{"weight":0.1463,"played":[0.0,1.0],"evs":[0.0,3.27607]},"KTs":{"weight":0.1394,"played":[0.0,1.0],"evs":[0.0,3.45085]},"KJs":{"weight":0.0048,"played":[0.0,1.0],"evs":[0.0,5.64308]},"KQs":{"weight":0.0781,"played":[0.0,1.0],"evs":[0.0,4.02123]},"KK":{"weight":0.1,"played":[0.0,1.0],"evs":[0.0,10.733]},"AKo":{"weight":0.0,"played":[0.0,1.0],"evs":[0.0,6.60951]},"A2s":{"weight":0.0301,"played":[1.0E-4,0.9999],"evs":[0.0,3.51922]},"A3s":{"weight":0.0532,"played":[2.0E-4,0.9998],"evs":[0.0,2.39736]},"A4s":{"weight":0.0165,"played":[0.0011,0.9989],"evs":[0.0,2.9507]},"A5s":{"weight":0.0221,"played":[2.0E-4,0.9998],"evs":[0.0,3.02413]},"A6s":{"weight":0.005,"played":[0.0,1.0],"evs":[0.0,3.73468]},"A7s":{"weight":0.0191,"played":[0.0,1.0],"evs":[0.0,2.87847]},"A8s":{"weight":0.0527,"played":[2.0E-4,0.9998],"evs":[0.0,4.41723]},"A9s":{"weight":0.0426,"played":[0.0,1.0],"evs":[0.0,4.63456]},"ATs":{"weight":0.0325,"played":[5.0E-4,0.9995],"evs":[0.0,5.93851]},"AJs":{"weight":0.025,"played":[1.0E-4,0.9999],"evs":[0.0,5.43583]},"AQs":{"weight":0.0232,"played":[0.0,1.0],"evs":[0.0,6.33042]},"AKs":{"weight":2.0E-4,"played":[0.0,1.0],"evs":[0.0,7.42979]},"AA":{"weight":0.6672,"played":[0.0,1.0],"evs":[0.0,13.69042]}}}