{"player":3,"street":0,"children":2,"sequence":[{"player":0,"type":"F","amount":0,"street":0},{"player":1,"type":"R","amount":200000,"street":0},{"player":2,"type":"R","amount":2185000,"street":0}],"actions":[{"type":"F","amount":0,"node":214},{"type":"C","amount":745000,"node":221}],"hands":{"22":{"weight":1.0,"played":[0.9953,0.0047],"evs":[0.0,-1.22282]},"32o":{"weight":1.0,"played":[0.9999,1.0E-4],"evs":[0.0,-4.46909]},"42o":{"weight":1.0,"played":[0.9999,1.0E-4],"evs":[0.0,-3.77961]},"52o":{"weight":1.0,"played":[0.9998,2.0E-4],"evs":[0.0,-3.05731]},"62o":{"weight":1.0,"played":[0.9998,2.0E-4],"evs":[0.0,-3.3646]},"72o":{"weight":1.0,"played":[1.0,0.0],"evs":[0.0,-4.02358]},"82o":{"weight":1.0,"played":[1.0,0.0],"evs":[0.0,-3.29014]},"92o":{"weight":1.0,"played":[0.9995,5.0E-4],"evs":[0.0,-4.14096]},"T2o":{"weight":1.0,"played":[1.0,0.0],"evs":[0.0,-3.34245]},"J2o":{"weight":1.0,"played":[0.9988,0.0012],"evs":[0.0,-2.98609]},"Q2o":{"weight":1.0,"played":[0.9959,0.0041],"evs":[0.0,-3.42125]},"K2o":{"weight":1.0,"played":[0.9993,7.0E-4],"evs":[0.0,-3.53778]},"A2o":{"weight":1.0,"played":[0.9937,0.0063],"evs":[0.0,-2.15694]},"32s":{"weight":1.0,"played":[0.9902,0.0098],"evs":[0.0,-2.62845]},"33":{"weight":1.0,"played":[0.8749,0.1251],"evs":[0.0,-1.75179]},"43o":{"weight":1.0,"played":[0.9999,1.0E-4],"evs":[0.0,-2.86061]},"53o":{"weight":1.0,"played":[0.9995,5.0E-4],"evs":[0.0,-2.91116]},"63o":{"weight":1.0,"played":[1.0,0.0],"evs":[0.0,-3.50773]},"73o":{"weight":1.0,"played":[0.9998,2.0E-4],"evs":[0.0,-3.15327]},"83o":{"weight":1.0,"played":[0.9998,2.0E-4],"evs":[0.0,-3.54514]},"93o":{"weight":1.0,"played":[0.9998,2.0E-4],"evs":[0.0,-3.3596]},"T3o":{"weight":1.0,"played":[1.0,0.0],"evs":[0.0,-2.78578]},"J3o":{"weight":1.0,"played":[1.0,0.0],"evs":[0.0,-2.88044]},"Q3o":{"weight":1.0,"played":[0.9984,0.0016],"evs":[0.0,-2.86644]},"K3o":{"weight":1.0,"played":[0.9986,0.0014],"evs":[0.0,-2.60458]},"A3o":{"weight":1.0,"played":[0.9926,0.0074],"evs":[0.0,-1.76733]},"42s":{"weight":1.0,"played":[0.9998,2.0E-4],"evs":[0.0,-3.68561]},"43s":{"weight":1.0,"played":[0.9707,0.0293],"evs":[0.0,-2.09683]},"44":{"weight":1.0,"played":[0.1239,0.8761],"evs":[0.0,0.1464]},"54o":{"weight":1.0,"played":[0.9999,1.0E-4],"evs":[0.0,-2.16936]},"64o":{"weight":1.0,"played":[0.9967,0.0033],"evs":[0.0,-2.46257]},"74o":{"weight":1.0,"played":[1.0,0.0],"evs":[0.0,-2.87344]},"84o":{"weight":1.0,"played":[1.0,0.0],"evs":[0.0,-3.14779]},"94o":{"weight":1.0,"played":[0.9999,1.0E-4],"evs":[0.0,-3.45422]},"T4o":{"weight":1.0,"played":[0.9999,1.0E-4],"evs":[0.0,-4.13249]},"J4o":{"weight":1.0,"played":[0.9994,6.0E-4],"evs":[0.0,-2.84123]},"Q4o":{"weight":1.0,"played":[0.9992,8.0E-4],"evs":[0.0,-2.6974]},"K4o":{"weight":1.0,"played":[0.9989,0.0011],"evs":[0.0,-2.41531]},"A4o":{"weight":1.0,"played":[0.9995,5.0E-4],"evs":[0.0,-1.47266]},"52s":{"weight":1.0,"played":[0.9999,1.0E-4],"evs":[0.0,-2.19665]},"53s":{"weight":1.0,"played":[0.9993,7.0E-4],"evs":[0.0,-1.41078]},"54s":{"weight":1.0,"played":[0.9501,0.0499],"evs":[0.0,-1.85213]},"55":{"weight":1.0,"played":[0.0207,0.9793],"evs":[0.0,1.40847]},"65o":{"weight":1.0,"played":[0.9999,1.0E-4],"evs":[0.0,-2.49687]},"75o":{"weight":1.0,"played":[1.0,0.0],"evs":[0.0,-2.38942]},"85o":{"weight":1.0,"played":[1.0,0.0],"evs":[0.0,-1.79348]},"95o":{"weight":1.0,"played":[0.9998,2.0E-4],"evs":[0.0,-2.88704]},"T5o":{"weight":1.0,"played":[0.9999,1.0E-4],"evs":[0.0,-3.21379]},"J5o":{"weight":1.0,"played":[0.9992,8.0E-4],"evs":[0.0,-3.46066]},"Q5o":{"weight":1.0,"played":[0.998,0.002],"evs":[0.0,-2.99402]},"K5o":{"weight":1.0,"played":[0.9996,4.0E-4],"evs":[0.0,-2.19884]},"A5o":{"weight":1.0,"played":[0.993,0.007],"evs":[0.0,-1.04217]},"62s":{"weight":1.0,"played":[0.9999,1.0E-4],"evs":[0.0,-3.17092]},"63s":{"weight":1.0,"played":[0.9928,0.0072],"evs":[0.0,-0.81568]},"64s":{"weight":1.0,"played":[0.9999,1.0E-4],"evs":[0.0,-1.57872]},"65s":{"weight":1.0,"played":[0.9532,0.0468],"evs":[0.0,-1.31283]},"66":{"weight":1.0,"played":[2.0E-4,0.9998],"evs":[0.0,1.65857]},"76o":{"weight":1.0,"played":[1.0,0.0],"evs":[0.0,-1.77444]},"86o":{"weight":1.0,"played":[0.9923,0.0077],"evs":[0.0,-1.48665]},"96o":{"weight":1.0,"played":[0.9914,0.0086],"evs":[0.0,-1.87391]},"T6o":{"weight":1.0,"played":[0.9998,2.0E-4],"evs":[0.0,-3.15127]},"J6o":{"weight":1.0,"played":[0.9958,0.0042],"evs":[0.0,-3.19695]},"Q6o":{"weight":1.0,"played":[1.0,0.0],"evs":[0.0,-2.46085]},"K6o":{"weight":1.0,"played":[0.9977,0.0023],"evs":[0.0,-2.39317]},"A6o":{"weight":1.0,"played":[0.9894,0.0106],"evs":[0.0,-1.73349]},"72s":{"weight":1.0,"played":[0.9961,0.0039],"evs":[0.0,-2.70507]},"73s":{"weight":1.0,"played":[0.999,0.001],"evs":[0.0,-2.92006]},"74s":{"weight":1.0,"played":[0.9763,0.0237],"evs":[0.0,-1.4682]},"75s":{"weight":1.0,"played":[0.9542,0.0458],"evs":[0.0,-2.31667]},"76s":{"weight":1.0,"played":[0.9952,0.0048],"evs":[0.0,-1.84349]},"77":{"weight":1.0,"played":[0.0872,0.9128],"evs":[0.0,1.35841]},"87o":{"weight":1.0,"played":[0.9971,0.0029],"evs":[0.0,-2.20757]},"97o":{"weight":1.0,"played":[0.9998,2.0E-4],"evs":[0.0,-1.67172]},"T7o":{"weight":1.0,"played":[0.9913,0.0087],"evs":[0.0,-2.13833]},"J7o":{"weight":1.0,"played":[0.9936,0.0064],"evs":[0.0,-1.8809]},"Q7o":{"weight":1.0,"played":[0.9993,7.0E-4],"evs":[0.0,-2.13022]},"K7o":{"weight":1.0,"played":[0.9962,0.0038],"evs":[0.0,-1.66877]},"A7o":{"weight":1.0,"played":[0.9837,0.0163],"evs":[0.0,-1.70731]},"82s":{"weight":1.0,"played":[0.9979,0.0021],"evs":[0.0,-2.91172]},"83s":{"weight":1.0,"played":[0.9942,0.0058],"evs":[0.0,-1.8483]},"84s":{"weight":1.0,"played":[0.9764,0.0236],"evs":[0.0,-0.92988]},"85s":{"weight":1.0,"played":[0.9785,0.0215],"evs":[0.0,-1.8693]},"86s":{"weight":1.0,"played":[0.986,0.014],"evs":[0.0,-0.98319]},"87s":{"weight":1.0,"played":[0.6415,0.3585],"evs":[0.0,-1.34923]},"88":{"weight":1.0,"played":[0.0,1.0],"evs":[0.0,1.62097]},"98o":{"weight":1.0,"played":[1.0,0.0],"evs":[0.0,-2.24768]},"T8o":{"weight":1.0,"played":[0.9985,0.0015],"evs":[0.0,-1.68242]},"J8o":{"weight":1.0,"played":[0.9997,3.0E-4],"evs":[0.0,-2.00422]},"Q8o":{"weight":1.0,"played":[0.9997,3.0E-4],"evs":[0.0,-1.67865]},"K8o":{"weight":1.0,"played":[0.963,0.037],"evs":[0.0,-1.74396]},"A8o":{"weight":1.0,"played":[0.8948,0.1052],"evs":[0.0,-1.45574]},"92s":{"weight":1.0,"played":[0.9982,0.0018],"evs":[0.0,-1.75572]},"93s":{"weight":1.0,"played":[0.9816,0.0184],"evs":[0.0,-2.72054]},"94s":{"weight":1.0,"played":[0.9979,0.0021],"evs":[0.0,-1.33035]},"95s":{"weight":1.0,"played":[0.9753,0.0247],"evs":[0.0,-2.35947]},"96s":{"weight":1.0,"played":[0.6318,0.3682],"evs":[0.0,-1.39353]},"97s":{"weight":1.0,"played":[0.7761,0.2239],"evs":[0.0,-0.77747]},"98s":{"weight":1.0,"played":[0.9678,0.0322],"evs":[0.0,-1.32613]},"99":{"weight":1.0,"played":[1.0E-4,0.9999],"evs":[0.0,4.56053]},"T9o":{"weight":1.0,"played":[0.9981,0.0019],"evs":[0.0,-0.98111]},"J9o":{"weight":1.0,"played":[0.9405,0.0595],"evs":[0.0,-1.6137]},"Q9o":{"weight":1.0,"played":[0.9719,0.0281],"evs":[0.0,-1.81041]},"K9o":{"weight":1.0,"played":[0.9918,0.0082],"evs":[0.0,-1.35927]},"A9o":{"weight":1.0,"played":[0.8871,0.1129],"evs":[0.0,-0.47028]},"T2s":{"weight":1.0,"played":[0.9989,0.0011],"evs":[0.0,-1.76237]},"T3s":{"weight":1.0,"played":[0.9887,0.0113],"evs":[0.0,-2.56955]},"T4s":{"weight":1.0,"played":[0.982,0.018],"evs":[0.0,-1.39327]},"T5s":{"weight":1.0,"played":[0.9898,0.0102],"evs":[0.0,-0.664]},"T6s":{"weight":1.0,"played":[0.7298,0.2702],"evs":[0.0,-2.24144]},"T7s":{"weight":1.0,"played":[0.8253,0.1747],"evs":[0.0,-2.25993]},"T8s":{"weight":1.0,"played":[0.4691,0.5309],"evs":[0.0,0.3254]},"T9s":{"weight":1.0,"played":[0.9318,0.0682],"evs":[0.0,-0.19636]},"TT":{"weight":1.0,"played":[1.0E-4,0.9999],"evs":[0.0,3.60407]},"JTo":{"weight":1.0,"played":[0.9152,0.0848],"evs":[0.0,-0.57168]},"QTo":{"weight":1.0,"played":[0.897,0.103],"evs":[0.0,-0.70556]},"KTo":{"weight":1.0,"played":[0.9415,0.0585],"evs":[0.0,-1.21128]},"ATo":{"weight":1.0,"played":[0.129,0.871],"evs":[0.0,0.002]},"J2s":{"weight":1.0,"played":[0.9797,0.0203],"evs":[0.0,-1.05758]},"J3s":{"weight":1.0,"played":[0.9999,1.0E-4],"evs":[0.0,-1.82726]},"J4s":{"weight":1.0,"played":[0.8792,0.1208],"evs":[0.0,-2.07613]},"J5s":{"weight":1.0,"played":[0.9964,0.0036],"evs":[0.0,-2.5183]},"J6s":{"weight":1.0,"played":[0.9893,0.0107],"evs":[0.0,-2.38869]},"J7s":{"weight":1.0,"played":[0.8048,0.1952],"evs":[0.0,-0.39685]},"J8s":{"weight":1.0,"played":[0.6635,0.3365],"evs":[0.0,-0.46356]},"J9s":{"weight":1.0,"played":[0.8256,0.1744],"evs":[0.0,-0.81477]},"JTs":{"weight":1.0,"played":[0.5876,0.4124],"evs":[0.0,-0.00536]},"JJ":{"weight":1.0,"played":[1.0E-4,0.9999],"evs":[0.0,5.59814]},"QJo":{"weight":1.0,"played":[0.511,0.489],"evs":[0.0,0.10438]},"KJo":{"weight":1.0,"played":[0.5848,0.4152],"evs":[0.0,-0.29171]},"AJo":{"weight":1.0,"played":[0.0,1.0],"evs":[0.0,1.2348]},"Q2s":{"weight":1.0,"played":[0.9451,0.0549],"evs":[0.0,-2.39125]},"Q3s":{"weight":1.0,"played":[1.0,0.0],"evs":[0.0,-2.13532]},"Q4s":{"weight":1.0,"played":[0.9963,0.0037],"evs":[0.0,-2.1187]},"Q5s":{"weight":1.0,"played":[0.9915,0.0085],"evs":[0.0,-1.24203]},"Q6s":{"weight":1.0,"played":[0.7922,0.2078],"evs":[0.0,-0.43332]},"Q7s":{"weight":1.0,"played":[0.9016,0.0984],"evs":[0.0,-0.99918]},"Q8s":{"weight":1.0,"played":[0.9485,0.0515],"evs":[0.0,-1.93844]},"Q9s":{"weight":1.0,"played":[0.9985,0.0015],"evs":[0.0,-1.05792]},"QTs":{"weight":1.0,"played":[0.923,0.077],"evs":[0.0,-0.72424]},"QJs":{"weight":1.0,"played":[0.0155,0.9845],"evs":[0.0,2.34184]},"QQ":{"weight":1.0,"played":[1.0E-4,0.9999],"evs":[0.0,7.65397]},"KQo":{"weight":1.0,"played":[1.0E-4,0.9999],"evs":[0.0,0.56295]},"AQo":{"weight":1.0,"played":[0.0015,0.9985],"evs":[0.0,1.50288]},"K2s":{"weight":1.0,"played":[0.9184,0.0816],"evs":[0.0,-1.22707]},"K3s":{"weight":1.0,"played":[0.4608,0.5392],"evs":[0.0,-0.93477]},"K4s":{"weight":1.0,"played":[0.6972,0.3028],"evs":[0.0,-1.80464]},"K5s":{"weight":1.0,"played":[0.7314,0.2686],"evs":[0.0,-0.84774]},"K6s":{"weight":1.0,"played":[0.8753,0.1247],"evs":[0.0,-0.54999]},"K7s":{"weight":1.0,"played":[0.8225,0.1775],"evs":[0.0,-0.75206]},"K8s":{"weight":1.0,"played":[0.1381,0.8619],"evs":[0.0,0.35481]},"K9s":{"weight":1.0,"played":[0.6781,0.3219],"evs":[0.0,0.20105]},"KTs":{"weight":1.0,"played":[0.0974,0.9026],"evs":[0.0,1.37153]},"KJs":{"weight":1.0,"played":[0.001,0.999],"evs":[0.0,0.42873]},"KQs":{"weight":1.0,"played":[0.0058,0.9942],"evs":[0.0,2.48887]},"KK":{"weight":1.0,"played":[1.0E-4,0.9999],"evs":[0.0,8.10099]},"AKo":{"weight":1.0,"played":[0.0,1.0],"evs":[0.0,3.05942]},"A2s":{"weight":1.0,"played":[0.6506,0.3494],"evs":[0.0,-0.61806]},"A3s":{"weight":1.0,"played":[0.5357,0.4643],"evs":[0.0,-0.03601]},"A4s":{"weight":1.0,"played":[0.982,0.018],"evs":[0.0,-1.83531]},"A5s":{"weight":1.0,"played":[0.8076,0.1924],"evs":[0.0,-0.20047]},"A6s":{"weight":1.0,"played":[0.7775,0.2225],"evs":[0.0,-0.13365]},"A7s":{"weight":1.0,"played":[0.4323,0.5677],"evs":[0.0,0.08182]},"A8s":{"weight":1.0,"played":[0.1415,0.8585],"evs":[0.0,0.90164]},"A9s":{"weight":1.0,"played":[0.001,0.999],"evs":[0.0,0.83342]},"ATs":{"weight":1.0,"played":[0.2242,0.7758],"evs":[0.0,0.94141]},"AJs":{"weight":1.0,"played":[2.0E-4,0.9998],"evs":[0.0,1.88738]},"AQs":{"weight":1.0,"played":[3.0E-4,0.9997],"evs":[0.0,2.68638]},"AKs":{"weight":1.0,"played":[0.0,1.0],"evs":[0.0,3.63322]},"AA":{"weight":1.0,"played":[0.0,1.0],"evs":[0.0,12.25257]}}}