{"player":5,"street":0,"children":2,"sequence":[{"player":0,"type":"F","amount":0,"street":0},{"player":1,"type":"R","amount":200000,"street":0},{"player":2,"type":"R","amount":2185000,"street":0},{"player":3,"type":"F","amount":0,"street":0},{"player":4,"type":"F","amount":0,"street":0}],"actions":[{"type":"F","amount":0,"node":216},{"type":"C","amount":845000,"node":217}],"hands":{"22":{"weight":1.0,"played":[0.9687,0.0313],"evs":[0.0,-0.78589]},"32o":{"weight":1.0,"played":[0.9993,7.0E-4],"evs":[0.0,-3.65198]},"42o":{"weight":1.0,"played":[1.0,0.0],"evs":[0.0,-2.78124]},"52o":{"weight":1.0,"played":[0.9992,8.0E-4],"evs":[0.0,-3.45605]},"62o":{"weight":1.0,"played":[1.0,0.0],"evs":[0.0,-3.79708]},"72o":{"weight":1.0,"played":[1.0,0.0],"evs":[0.0,-4.22869]},"82o":{"weight":1.0,"played":[0.9964,0.0036],"evs":[0.0,-4.37133]},"92o":{"weight":1.0,"played":[1.0,0.0],"evs":[0.0,-3.89665]},"T2o":{"weight":1.0,"played":[0.9995,5.0E-4],"evs":[0.0,-3.56342]},"J2o":{"weight":1.0,"played":[1.0,0.0],"evs":[0.0,-2.55866]},"Q2o":{"weight":1.0,"played":[0.9951,0.0049],"evs":[0.0,-3.32663]},"K2o":{"weight":1.0,"played":[0.9957,0.0043],"evs":[0.0,-2.74425]},"A2o":{"weight":1.0,"played":[0.9648,0.0352],"evs":[0.0,-1.38027]},"32s":{"weight":1.0,"played":[0.9905,0.0095],"evs":[0.0,-1.40916]},"33":{"weight":1.0,"played":[0.4859,0.5141],"evs":[0.0,-0.52393]},"43o":{"weight":1.0,"played":[0.9815,0.0185],"evs":[0.0,-3.37743]},"53o":{"weight":1.0,"played":[0.9956,0.0044],"evs":[0.0,-3.23369]},"63o":{"weight":1.0,"played":[0.996,0.004],"evs":[0.0,-3.45674]},"73o":{"weight":1.0,"played":[1.0,0.0],"evs":[0.0,-3.59664]},"83o":{"weight":1.0,"played":[0.9999,1.0E-4],"evs":[0.0,-3.75403]},"93o":{"weight":1.0,"played":[0.9994,6.0E-4],"evs":[0.0,-2.46347]},"T3o":{"weight":1.0,"played":[0.9985,0.0015],"evs":[0.0,-3.61356]},"J3o":{"weight":1.0,"played":[0.9996,4.0E-4],"evs":[0.0,-2.14212]},"Q3o":{"weight":1.0,"played":[0.9994,6.0E-4],"evs":[0.0,-2.57481]},"K3o":{"weight":1.0,"played":[0.9904,0.0096],"evs":[0.0,-2.11313]},"A3o":{"weight":1.0,"played":[0.9989,0.0011],"evs":[0.0,-1.26091]},"42s":{"weight":1.0,"played":[0.9934,0.0066],"evs":[0.0,-3.04841]},"43s":{"weight":1.0,"played":[0.9957,0.0043],"evs":[0.0,-0.9748]},"44":{"weight":1.0,"played":[0.0975,0.9025],"evs":[0.0,0.13585]},"54o":{"weight":1.0,"played":[0.9951,0.0049],"evs":[0.0,-1.24152]},"64o":{"weight":1.0,"played":[0.9791,0.0209],"evs":[0.0,-1.75903]},"74o":{"weight":1.0,"played":[0.9998,2.0E-4],"evs":[0.0,-3.31995]},"84o":{"weight":1.0,"played":[0.9986,0.0014],"evs":[0.0,-3.49159]},"94o":{"weight":1.0,"played":[0.9999,1.0E-4],"evs":[0.0,-2.56905]},"T4o":{"weight":1.0,"played":[1.0,0.0],"evs":[0.0,-2.72082]},"J4o":{"weight":1.0,"played":[1.0,0.0],"evs":[0.0,-2.74477]},"Q4o":{"weight":1.0,"played":[0.9929,0.0071],"evs":[0.0,-3.38131]},"K4o":{"weight":1.0,"played":[0.9993,7.0E-4],"evs":[0.0,-2.10878]},"A4o":{"weight":1.0,"played":[0.9842,0.0158],"evs":[0.0,-0.79872]},"52s":{"weight":1.0,"played":[0.9971,0.0029],"evs":[0.0,-2.95063]},"53s":{"weight":1.0,"played":[0.9937,0.0063],"evs":[0.0,-2.79215]},"54s":{"weight":1.0,"played":[0.9558,0.0442],"evs":[0.0,-0.86859]},"55":{"weight":1.0,"played":[0.0398,0.9602],"evs":[0.0,2.32784]},"65o":{"weight":1.0,"played":[0.9645,0.0355],"evs":[0.0,-1.73591]},"75o":{"weight":1.0,"played":[0.9835,0.0165],"evs":[0.0,-1.96635]},"85o":{"weight":1.0,"played":[0.9987,0.0013],"evs":[0.0,-2.55194]},"95o":{"weight":1.0,"played":[0.9997,3.0E-4],"evs":[0.0,-3.32151]},"T5o":{"weight":1.0,"played":[0.9965,0.0035],"evs":[0.0,-2.15441]},"J5o":{"weight":1.0,"played":[0.9997,3.0E-4],"evs":[0.0,-2.65203]},"Q5o":{"weight":1.0,"played":[0.9863,0.0137],"evs":[0.0,-3.03429]},"K5o":{"weight":1.0,"played":[0.9718,0.0282],"evs":[0.0,-1.83923]},"A5o":{"weight":1.0,"played":[0.8905,0.1095],"evs":[0.0,-1.74803]},"62s":{"weight":1.0,"played":[0.9986,0.0014],"evs":[0.0,-3.39939]},"63s":{"weight":1.0,"played":[0.9874,0.0126],"evs":[0.0,-1.48732]},"64s":{"weight":1.0,"played":[0.9962,0.0038],"evs":[0.0,-1.34715]},"65s":{"weight":1.0,"played":[0.5021,0.4979],"evs":[0.0,-1.39185]},"66":{"weight":1.0,"played":[0.0051,0.9949],"evs":[0.0,0.74709]},"76o":{"weight":1.0,"played":[0.9944,0.0056],"evs":[0.0,-1.63326]},"86o":{"weight":1.0,"played":[0.998,0.002],"evs":[0.0,-1.64326]},"96o":{"weight":1.0,"played":[0.9995,5.0E-4],"evs":[0.0,-2.26531]},"T6o":{"weight":1.0,"played":[0.9999,1.0E-4],"evs":[0.0,-2.59035]},"J6o":{"weight":1.0,"played":[0.9905,0.0095],"evs":[0.0,-1.52902]},"Q6o":{"weight":1.0,"played":[0.9976,0.0024],"evs":[0.0,-1.54547]},"K6o":{"weight":1.0,"played":[0.9165,0.0835],"evs":[0.0,-1.03397]},"A6o":{"weight":1.0,"played":[0.9524,0.0476],"evs":[0.0,-0.91145]},"72s":{"weight":1.0,"played":[0.9802,0.0198],"evs":[0.0,-4.17745]},"73s":{"weight":1.0,"played":[0.9991,9.0E-4],"evs":[0.0,-1.99639]},"74s":{"weight":1.0,"played":[0.9978,0.0022],"evs":[0.0,-1.20553]},"75s":{"weight":1.0,"played":[0.7775,0.2225],"evs":[0.0,-2.50006]},"76s":{"weight":1.0,"played":[0.8387,0.1613],"evs":[0.0,-1.67969]},"77":{"weight":1.0,"played":[0.0326,0.9674],"evs":[0.0,2.03278]},"87o":{"weight":1.0,"played":[0.9592,0.0408],"evs":[0.0,-1.80117]},"97o":{"weight":1.0,"played":[0.9993,7.0E-4],"evs":[0.0,-1.75206]},"T7o":{"weight":1.0,"played":[0.9996,4.0E-4],"evs":[0.0,-1.97981]},"J7o":{"weight":1.0,"played":[0.9998,2.0E-4],"evs":[0.0,-1.74304]},"Q7o":{"weight":1.0,"played":[0.9948,0.0052],"evs":[0.0,-1.96593]},"K7o":{"weight":1.0,"played":[0.961,0.039],"evs":[0.0,-1.75945]},"A7o":{"weight":1.0,"played":[0.929,0.071],"evs":[0.0,-1.03084]},"82s":{"weight":1.0,"played":[0.9977,0.0023],"evs":[0.0,-2.02644]},"83s":{"weight":1.0,"played":[0.9722,0.0278],"evs":[0.0,-2.37015]},"84s":{"weight":1.0,"played":[0.9967,0.0033],"evs":[0.0,-0.28973]},"85s":{"weight":1.0,"played":[0.9497,0.0503],"evs":[0.0,-1.37438]},"86s":{"weight":1.0,"played":[0.7783,0.2217],"evs":[0.0,0.63835]},"87s":{"weight":1.0,"played":[0.7164,0.2836],"evs":[0.0,-0.87142]},"88":{"weight":1.0,"played":[0.0,1.0],"evs":[0.0,3.04708]},"98o":{"weight":1.0,"played":[0.8233,0.1767],"evs":[0.0,-1.08663]},"T8o":{"weight":1.0,"played":[0.9969,0.0031],"evs":[0.0,-2.2519]},"J8o":{"weight":1.0,"played":[0.664,0.336],"evs":[0.0,-1.05226]},"Q8o":{"weight":1.0,"played":[0.9987,0.0013],"evs":[0.0,-1.04449]},"K8o":{"weight":1.0,"played":[0.966,0.034],"evs":[0.0,-1.98976]},"A8o":{"weight":1.0,"played":[0.9655,0.0345],"evs":[0.0,-1.50823]},"92s":{"weight":1.0,"played":[0.9707,0.0293],"evs":[0.0,-2.04437]},"93s":{"weight":1.0,"played":[1.0,0.0],"evs":[0.0,-2.59749]},"94s":{"weight":1.0,"played":[0.8464,0.1536],"evs":[0.0,-1.60508]},"95s":{"weight":1.0,"played":[0.8623,0.1377],"evs":[0.0,-0.58519]},"96s":{"weight":1.0,"played":[0.8188,0.1812],"evs":[0.0,-0.74286]},"97s":{"weight":1.0,"played":[0.8172,0.1828],"evs":[0.0,0.15918]},"98s":{"weight":1.0,"played":[0.8099,0.1901],"evs":[0.0,-0.17262]},"99":{"weight":1.0,"played":[4.0E-4,0.9996],"evs":[0.0,5.43486]},"T9o":{"weight":1.0,"played":[0.99,0.01],"evs":[0.0,-0.73323]},"J9o":{"weight":1.0,"played":[0.9962,0.0038],"evs":[0.0,-1.36582]},"Q9o":{"weight":1.0,"played":[0.9999,1.0E-4],"evs":[0.0,-1.2463]},"K9o":{"weight":1.0,"played":[0.9672,0.0328],"evs":[0.0,-0.61902]},"A9o":{"weight":1.0,"played":[0.3302,0.6698],"evs":[0.0,-0.39375]},"T2s":{"weight":1.0,"played":[0.9911,0.0089],"evs":[0.0,-3.40571]},"T3s":{"weight":1.0,"played":[0.9281,0.0719],"evs":[0.0,-1.65039]},"T4s":{"weight":1.0,"played":[0.9156,0.0844],"evs":[0.0,-0.99529]},"T5s":{"weight":1.0,"played":[0.9476,0.0524],"evs":[0.0,-0.79329]},"T6s":{"weight":1.0,"played":[0.9838,0.0162],"evs":[0.0,-0.9564]},"T7s":{"weight":1.0,"played":[0.9655,0.0345],"evs":[0.0,-0.51515]},"T8s":{"weight":1.0,"played":[0.2707,0.7293],"evs":[0.0,0.11837]},"T9s":{"weight":1.0,"played":[0.1139,0.8861],"evs":[0.0,0.04626]},"TT":{"weight":1.0,"played":[0.0013,0.9987],"evs":[0.0,6.17518]},"JTo":{"weight":1.0,"played":[0.8446,0.1554],"evs":[0.0,-0.99643]},"QTo":{"weight":1.0,"played":[0.637,0.363],"evs":[0.0,0.27976]},"KTo":{"weight":1.0,"played":[0.7928,0.2072],"evs":[0.0,-0.14153]},"ATo":{"weight":1.0,"played":[4.0E-4,0.9996],"evs":[0.0,1.32327]},"J2s":{"weight":1.0,"played":[0.8929,0.1071],"evs":[0.0,-0.36513]},"J3s":{"weight":1.0,"played":[0.9837,0.0163],"evs":[0.0,-1.92792]},"J4s":{"weight":1.0,"played":[0.9958,0.0042],"evs":[0.0,-3.02498]},"J5s":{"weight":1.0,"played":[0.9864,0.0136],"evs":[0.0,-2.66446]},"J6s":{"weight":1.0,"played":[0.8802,0.1198],"evs":[0.0,-2.54128]},"J7s":{"weight":1.0,"played":[0.9649,0.0351],"evs":[0.0,-1.58168]},"J8s":{"weight":1.0,"played":[0.9879,0.0121],"evs":[0.0,-1.19045]},"J9s":{"weight":1.0,"played":[0.6727,0.3273],"evs":[0.0,-1.13205]},"JTs":{"weight":1.0,"played":[0.5067,0.4933],"evs":[0.0,0.40348]},"JJ":{"weight":1.0,"played":[0.0,1.0],"evs":[0.0,5.73635]},"QJo":{"weight":1.0,"played":[0.6135,0.3865],"evs":[0.0,0.46981]},"KJo":{"weight":1.0,"played":[0.7225,0.2775],"evs":[0.0,-0.43088]},"AJo":{"weight":1.0,"played":[0.0,1.0],"evs":[0.0,1.53619]},"Q2s":{"weight":1.0,"played":[0.9702,0.0298],"evs":[0.0,-1.53983]},"Q3s":{"weight":1.0,"played":[0.8542,0.1458],"evs":[0.0,-3.12249]},"Q4s":{"weight":1.0,"played":[0.7525,0.2475],"evs":[0.0,-0.47784]},"Q5s":{"weight":1.0,"played":[0.9953,0.0047],"evs":[0.0,-0.85551]},"Q6s":{"weight":1.0,"played":[0.7269,0.2731],"evs":[0.0,-1.19666]},"Q7s":{"weight":1.0,"played":[0.9612,0.0388],"evs":[0.0,-0.27565]},"Q8s":{"weight":1.0,"played":[0.8493,0.1507],"evs":[0.0,-1.48665]},"Q9s":{"weight":1.0,"played":[0.2857,0.7143],"evs":[0.0,0.63861]},"QTs":{"weight":1.0,"played":[4.0E-4,0.9996],"evs":[0.0,1.62511]},"QJs":{"weight":1.0,"played":[0.092,0.908],"evs":[0.0,0.79383]},"QQ":{"weight":1.0,"played":[0.0,1.0],"evs":[0.0,9.17591]},"KQo":{"weight":1.0,"played":[0.7237,0.2763],"evs":[0.0,0.03507]},"AQo":{"weight":1.0,"played":[8.0E-4,0.9992],"evs":[0.0,1.59096]},"K2s":{"weight":1.0,"played":[0.97,0.03],"evs":[0.0,-2.8246]},"K3s":{"weight":1.0,"played":[0.89,0.11],"evs":[0.0,-0.82824]},"K4s":{"weight":1.0,"played":[0.2591,0.7409],"evs":[0.0,-0.40147]},"K5s":{"weight":1.0,"played":[0.4319,0.5681],"evs":[0.0,0.87681]},"K6s":{"weight":1.0,"played":[0.3684,0.6316],"evs":[0.0,0.40806]},"K7s":{"weight":1.0,"played":[0.7014,0.2986],"evs":[0.0,-0.88848]},"K8s":{"weight":1.0,"played":[0.6645,0.3355],"evs":[0.0,-0.16123]},"K9s":{"weight":1.0,"played":[0.8241,0.1759],"evs":[0.0,-0.33152]},"KTs":{"weight":1.0,"played":[0.1224,0.8776],"evs":[0.0,-0.1044]},"KJs":{"weight":1.0,"played":[0.0015,0.9985],"evs":[0.0,1.21304]},"KQs":{"weight":1.0,"played":[2.0E-4,0.9998],"evs":[0.0,2.00719]},"KK":{"weight":1.0,"played":[3.0E-4,0.9997],"evs":[0.0,10.18628]},"AKo":{"weight":1.0,"played":[0.0,1.0],"evs":[0.0,4.20178]},"A2s":{"weight":1.0,"played":[0.9067,0.0933],"evs":[0.0,-2.06877]},"A3s":{"weight":1.0,"played":[0.3301,0.6699],"evs":[0.0,0.52328]},"A4s":{"weight":1.0,"played":[0.3871,0.6129],"evs":[0.0,-0.4796]},"A5s":{"weight":1.0,"played":[5.0E-4,0.9995],"evs":[0.0,0.97408]},"A6s":{"weight":1.0,"played":[0.9675,0.0325],"evs":[0.0,-1.12133]},"A7s":{"weight":1.0,"played":[0.7816,0.2184],"evs":[0.0,-0.98391]},"A8s":{"weight":1.0,"played":[0.6529,0.3471],"evs":[0.0,-0.70437]},"A9s":{"weight":1.0,"played":[0.0118,0.9882],"evs":[0.0,3.02507]},"ATs":{"weight":1.0,"played":[0.6016,0.3984],"evs":[0.0,-0.52405]},"AJs":{"weight":1.0,"played":[0.0067,0.9933],"evs":[0.0,1.78661]},"AQs":{"weight":1.0,"played":[1.0E-4,0.9999],"evs":[0.0,4.4514]},"AKs":{"weight":1.0,"played":[0.0013,0.9987],"evs":[0.0,4.22297]},"AA":{"weight":1.0,"played":[0.0,1.0],"evs":[0.0,13.65168]}}}