{"player":5,"street":0,"children":2,"sequence":[{"player":0,"type":"F","amount":0,"street":0},{"player":1,"type":"R","amount":200000,"street":0},{"player":2,"type":"R","amount":2185000,"street":0},{"player":3,"type":"F","amount":0,"street":0},{"player":4,"type":"C","amount":1265000,"street":0}],"actions":[{"type":"F","amount":0,"node":219},{"type":"C","amount":845000,"node":220}],"hands":{"22":{"weight":1.0,"played":[0.4048,0.5952],"evs":[0.0,0.69375]},"32o":{"weight":1.0,"played":[0.9911,0.0089],"evs":[0.0,-4.35357]},"42o":{"weight":1.0,"played":[0.9951,0.0049],"evs":[0.0,-2.63856]},"52o":{"weight":1.0,"played":[0.9993,7.0E-4],"evs":[0.0,-3.08431]},"62o":{"weight":1.0,"played":[0.9885,0.0115],"evs":[0.0,-5.54076]},"72o":{"weight":1.0,"played":[0.9979,0.0021],"evs":[0.0,-3.33723]},"82o":{"weight":1.0,"played":[0.9999,1.0E-4],"evs":[0.0,-3.5154]},"92o":{"weight":1.0,"played":[0.9608,0.0392],"evs":[0.0,-4.63206]},"T2o":{"weight":1.0,"played":[0.9987,0.0013],"evs":[0.0,-5.01194]},"J2o":{"weight":1.0,"played":[0.9997,3.0E-4],"evs":[0.0,-2.97722]},"Q2o":{"weight":1.0,"played":[0.9998,2.0E-4],"evs":[0.0,-3.0019]},"K2o":{"weight":1.0,"played":[0.8772,0.1228],"evs":[0.0,-3.55171]},"A2o":{"weight":1.0,"played":[0.8974,0.1026],"evs":[0.0,-2.83968]},"32s":{"weight":1.0,"played":[0.8077,0.1923],"evs":[0.0,-2.16164]},"33":{"weight":1.0,"played":[0.0097,0.9903],"evs":[0.0,0.8174]},"43o":{"weight":1.0,"played":[0.9157,0.0843],"evs":[0.0,-0.6127]},"53o":{"weight":1.0,"played":[0.8909,0.1091],"evs":[0.0,-2.38633]},"63o":{"weight":1.0,"played":[0.9931,0.0069],"evs":[0.0,-3.71848]},"73o":{"weight":1.0,"played":[0.9861,0.0139],"evs":[0.0,-3.86296]},"83o":{"weight":1.0,"played":[1.0,0.0],"evs":[0.0,-5.80363]},"93o":{"weight":1.0,"played":[1.0,0.0],"evs":[0.0,-3.71931]},"T3o":{"weight":1.0,"played":[0.9592,0.0408],"evs":[0.0,-3.1952]},"J3o":{"weight":1.0,"played":[0.8342,0.1658],"evs":[0.0,-4.64819]},"Q3o":{"weight":1.0,"played":[0.9363,0.0637],"evs":[0.0,-3.37293]},"K3o":{"weight":1.0,"played":[0.9718,0.0282],"evs":[0.0,-3.89875]},"A3o":{"weight":1.0,"played":[0.9233,0.0767],"evs":[0.0,-6.60649]},"42s":{"weight":1.0,"played":[0.2486,0.7514],"evs":[0.0,0.42076]},"43s":{"weight":1.0,"played":[0.7659,0.2341],"evs":[0.0,-1.19055]},"44":{"weight":1.0,"played":[0.8494,0.1506],"evs":[0.0,-1.26363]},"54o":{"weight":1.0,"played":[0.912,0.088],"evs":[0.0,-3.92752]},"64o":{"weight":1.0,"played":[0.9558,0.0442],"evs":[0.0,-2.26249]},"74o":{"weight":1.0,"played":[0.8791,0.1209],"evs":[0.0,-1.24811]},"84o":{"weight":1.0,"played":[0.9572,0.0428],"evs":[0.0,-1.26269]},"94o":{"weight":1.0,"played":[0.9986,0.0014],"evs":[0.0,-6.30051]},"T4o":{"weight":1.0,"played":[0.998,0.002],"evs":[0.0,-4.0919]},"J4o":{"weight":1.0,"played":[0.8524,0.1476],"evs":[0.0,-4.12607]},"Q4o":{"weight":1.0,"played":[0.8455,0.1545],"evs":[0.0,-4.96873]},"K4o":{"weight":1.0,"played":[0.4675,0.5325],"evs":[0.0,-1.04425]},"A4o":{"weight":1.0,"played":[0.9554,0.0446],"evs":[0.0,-1.28609]},"52s":{"weight":1.0,"played":[0.9748,0.0252],"evs":[0.0,-5.03347]},"53s":{"weight":1.0,"played":[0.9813,0.0187],"evs":[0.0,-2.46911]},"54s":{"weight":1.0,"played":[0.9011,0.0989],"evs":[0.0,-2.83034]},"55":{"weight":1.0,"played":[0.6914,0.3086],"evs":[0.0,-1.83077]},"65o":{"weight":1.0,"played":[0.9807,0.0193],"evs":[0.0,-2.22321]},"75o":{"weight":1.0,"played":[0.9751,0.0249],"evs":[0.0,-1.3933]},"85o":{"weight":1.0,"played":[0.4216,0.5784],"evs":[0.0,-0.86938]},"95o":{"weight":1.0,"played":[0.9669,0.0331],"evs":[0.0,-2.45734]},"T5o":{"weight":1.0,"played":[0.9742,0.0258],"evs":[0.0,-5.14642]},"J5o":{"weight":1.0,"played":[0.9897,0.0103],"evs":[0.0,-2.38882]},"Q5o":{"weight":1.0,"played":[1.0,0.0],"evs":[0.0,-3.25305]},"K5o":{"weight":1.0,"played":[0.9953,0.0047],"evs":[0.0,-3.17678]},"A5o":{"weight":1.0,"played":[0.9703,0.0297],"evs":[0.0,-4.64904]},"62s":{"weight":1.0,"played":[0.783,0.217],"evs":[0.0,-1.2206]},"63s":{"weight":1.0,"played":[0.7938,0.2062],"evs":[0.0,-2.50517]},"64s":{"weight":1.0,"played":[0.8624,0.1376],"evs":[0.0,-3.05504]},"65s":{"weight":1.0,"played":[0.118,0.882],"evs":[0.0,2.13721]},"66":{"weight":1.0,"played":[0.0021,0.9979],"evs":[0.0,1.84092]},"76o":{"weight":1.0,"played":[0.8051,0.1949],"evs":[0.0,-2.05408]},"86o":{"weight":1.0,"played":[0.9436,0.0564],"evs":[0.0,-4.11042]},"96o":{"weight":1.0,"played":[0.9479,0.0521],"evs":[0.0,-2.97568]},"T6o":{"weight":1.0,"played":[0.972,0.028],"evs":[0.0,-1.66593]},"J6o":{"weight":1.0,"played":[0.9998,2.0E-4],"evs":[0.0,-1.51516]},"Q6o":{"weight":1.0,"played":[0.9288,0.0712],"evs":[0.0,-3.00749]},"K6o":{"weight":1.0,"played":[0.9289,0.0711],"evs":[0.0,-3.56165]},"A6o":{"weight":1.0,"played":[0.9883,0.0117],"evs":[0.0,-1.55898]},"72s":{"weight":1.0,"played":[0.9835,0.0165],"evs":[0.0,-4.20583]},"73s":{"weight":1.0,"played":[0.9722,0.0278],"evs":[0.0,-5.3749]},"74s":{"weight":1.0,"played":[0.5813,0.4187],"evs":[0.0,1.16063]},"75s":{"weight":1.0,"played":[0.853,0.147],"evs":[0.0,1.11972]},"76s":{"weight":1.0,"played":[0.222,0.778],"evs":[0.0,2.248]},"77":{"weight":1.0,"played":[0.3564,0.6436],"evs":[0.0,1.05335]},"87o":{"weight":1.0,"played":[0.9742,0.0258],"evs":[0.0,-3.30725]},"97o":{"weight":1.0,"played":[0.6617,0.3383],"evs":[0.0,-2.68776]},"T7o":{"weight":1.0,"played":[0.9997,3.0E-4],"evs":[0.0,-5.36025]},"J7o":{"weight":1.0,"played":[0.9841,0.0159],"evs":[0.0,-4.05352]},"Q7o":{"weight":1.0,"played":[0.7919,0.2081],"evs":[0.0,-1.36397]},"K7o":{"weight":1.0,"played":[0.9959,0.0041],"evs":[0.0,-2.93657]},"A7o":{"weight":1.0,"played":[0.9942,0.0058],"evs":[0.0,-4.04114]},"82s":{"weight":1.0,"played":[0.2046,0.7954],"evs":[0.0,2.31997]},"83s":{"weight":1.0,"played":[0.9934,0.0066],"evs":[0.0,-6.65428]},"84s":{"weight":1.0,"played":[0.4474,0.5526],"evs":[0.0,-0.44326]},"85s":{"weight":1.0,"played":[0.9217,0.0783],"evs":[0.0,-2.48458]},"86s":{"weight":1.0,"played":[0.376,0.624],"evs":[0.0,5.35697]},"87s":{"weight":1.0,"played":[0.2224,0.7776],"evs":[0.0,-0.85993]},"88":{"weight":1.0,"played":[0.6632,0.3368],"evs":[0.0,-0.70266]},"98o":{"weight":1.0,"played":[0.999,0.001],"evs":[0.0,-5.22907]},"T8o":{"weight":1.0,"played":[0.7157,0.2843],"evs":[0.0,-0.8468]},"J8o":{"weight":1.0,"played":[0.8058,0.1942],"evs":[0.0,-1.27819]},"Q8o":{"weight":1.0,"played":[0.9768,0.0232],"evs":[0.0,-4.06403]},"K8o":{"weight":1.0,"played":[0.9839,0.0161],"evs":[0.0,-1.14101]},"A8o":{"weight":1.0,"played":[0.9642,0.0358],"evs":[0.0,-2.6708]},"92s":{"weight":1.0,"played":[0.9391,0.0609],"evs":[0.0,-5.71938]},"93s":{"weight":1.0,"played":[0.4173,0.5827],"evs":[0.0,2.24934]},"94s":{"weight":1.0,"played":[0.6334,0.3666],"evs":[0.0,0.85471]},"95s":{"weight":1.0,"played":[0.9521,0.0479],"evs":[0.0,-7.75299]},"96s":{"weight":1.0,"played":[0.4433,0.5567],"evs":[0.0,-0.16211]},"97s":{"weight":1.0,"played":[0.1792,0.8208],"evs":[0.0,5.17467]},"98s":{"weight":1.0,"played":[0.9617,0.0383],"evs":[0.0,-3.49947]},"99":{"weight":1.0,"played":[0.0179,0.9821],"evs":[0.0,5.36002]},"T9o":{"weight":1.0,"played":[0.9634,0.0366],"evs":[0.0,-2.77454]},"J9o":{"weight":1.0,"played":[0.9971,0.0029],"evs":[0.0,-0.79847]},"Q9o":{"weight":1.0,"played":[0.9911,0.0089],"evs":[0.0,-3.93982]},"K9o":{"weight":1.0,"played":[0.7097,0.2903],"evs":[0.0,-0.93272]},"A9o":{"weight":1.0,"played":[0.8381,0.1619],"evs":[0.0,-2.21329]},"T2s":{"weight":1.0,"played":[0.7063,0.2937],"evs":[0.0,-1.86813]},"T3s":{"weight":1.0,"played":[0.6197,0.3803],"evs":[0.0,-3.05837]},"T4s":{"weight":1.0,"played":[0.437,0.563],"evs":[0.0,0.94495]},"T5s":{"weight":1.0,"played":[0.8267,0.1733],"evs":[0.0,-0.80285]},"T6s":{"weight":1.0,"played":[0.1759,0.8241],"evs":[0.0,0.91435]},"T7s":{"weight":1.0,"played":[0.616,0.384],"evs":[0.0,-1.82373]},"T8s":{"weight":1.0,"played":[0.4368,0.5632],"evs":[0.0,-1.41823]},"T9s":{"weight":1.0,"played":[0.9557,0.0443],"evs":[0.0,-4.64235]},"TT":{"weight":1.0,"played":[1.0E-4,0.9999],"evs":[0.0,3.01946]},"JTo":{"weight":1.0,"played":[0.9132,0.0868],"evs":[0.0,-2.339]},"QTo":{"weight":1.0,"played":[0.8782,0.1218],"evs":[0.0,-1.8489]},"KTo":{"weight":1.0,"played":[0.6775,0.3225],"evs":[0.0,0.86085]},"ATo":{"weight":1.0,"played":[0.5741,0.4259],"evs":[0.0,-1.5973]},"J2s":{"weight":1.0,"played":[0.9658,0.0342],"evs":[0.0,-6.15144]},"J3s":{"weight":1.0,"played":[0.9708,0.0292],"evs":[0.0,-3.78832]},"J4s":{"weight":1.0,"played":[1.0,0.0],"evs":[0.0,-3.27979]},"J5s":{"weight":1.0,"played":[0.794,0.206],"evs":[0.0,-1.61045]},"J6s":{"weight":1.0,"played":[0.9733,0.0267],"evs":[0.0,-1.86195]},"J7s":{"weight":1.0,"played":[0.9286,0.0714],"evs":[0.0,-6.35452]},"J8s":{"weight":1.0,"played":[0.0115,0.9885],"evs":[0.0,6.2132]},"J9s":{"weight":1.0,"played":[0.7688,0.2312],"evs":[0.0,-3.453]},"JTs":{"weight":1.0,"played":[0.2612,0.7388],"evs":[0.0,3.73642]},"JJ":{"weight":1.0,"played":[1.0E-4,0.9999],"evs":[0.0,4.08559]},"QJo":{"weight":1.0,"played":[0.8548,0.1452],"evs":[0.0,-1.06328]},"KJo":{"weight":1.0,"played":[0.8848,0.1152],"evs":[0.0,-0.92877]},"AJo":{"weight":1.0,"played":[0.0077,0.9923],"evs":[0.0,1.7464]},"Q2s":{"weight":1.0,"played":[0.6864,0.3136],"evs":[0.0,0.17636]},"Q3s":{"weight":1.0,"played":[0.8837,0.1163],"evs":[0.0,-4.04939]},"Q4s":{"weight":1.0,"played":[0.3954,0.6046],"evs":[0.0,-1.88]},"Q5s":{"weight":1.0,"played":[0.5692,0.4308],"evs":[0.0,-1.87398]},"Q6s":{"weight":1.0,"played":[0.8182,0.1818],"evs":[0.0,-3.68042]},"Q7s":{"weight":1.0,"played":[0.9481,0.0519],"evs":[0.0,-4.60714]},"Q8s":{"weight":1.0,"played":[0.1807,0.8193],"evs":[0.0,-0.75842]},"Q9s":{"weight":1.0,"played":[0.024,0.976],"evs":[0.0,3.97934]},"QTs":{"weight":1.0,"played":[0.0516,0.9484],"evs":[0.0,2.83697]},"QJs":{"weight":1.0,"played":[0.4434,0.5566],"evs":[0.0,-2.30339]},"QQ":{"weight":1.0,"played":[0.0,1.0],"evs":[0.0,7.42603]},"KQo":{"weight":1.0,"played":[0.9174,0.0826],"evs":[0.0,-1.67908]},"AQo":{"weight":1.0,"played":[9.0E-4,0.9991],"evs":[0.0,2.1903]},"K2s":{"weight":1.0,"played":[0.3807,0.6193],"evs":[0.0,3.12953]},"K3s":{"weight":1.0,"played":[0.9557,0.0443],"evs":[0.0,-3.77564]},"K4s":{"weight":1.0,"played":[0.6523,0.3477],"evs":[0.0,-0.81881]},"K5s":{"weight":1.0,"played":[0.6751,0.3249],"evs":[0.0,-1.43824]},"K6s":{"weight":1.0,"played":[0.9752,0.0248],"evs":[0.0,-5.30187]},"K7s":{"weight":1.0,"played":[0.4574,0.5426],"evs":[0.0,0.86685]},"K8s":{"weight":1.0,"played":[0.7689,0.2311],"evs":[0.0,-0.70622]},"K9s":{"weight":1.0,"played":[0.1187,0.8813],"evs":[0.0,4.92892]},"KTs":{"weight":1.0,"played":[0.9474,0.0526],"evs":[0.0,-0.27445]},"KJs":{"weight":1.0,"played":[0.064,0.936],"evs":[0.0,3.39702]},"KQs":{"weight":1.0,"played":[0.0212,0.9788],"evs":[0.0,2.80876]},"KK":{"weight":1.0,"played":[0.0211,0.9789],"evs":[0.0,12.78719]},"AKo":{"weight":1.0,"played":[0.2674,0.7326],"evs":[0.0,-0.25428]},"A2s":{"weight":1.0,"played":[0.2723,0.7277],"evs":[0.0,0.84]},"A3s":{"weight":1.0,"played":[0.5352,0.4648],"evs":[0.0,-1.58997]},"A4s":{"weight":1.0,"played":[0.2057,0.7943],"evs":[0.0,0.20939]},"A5s":{"weight":1.0,"played":[0.3748,0.6252],"evs":[0.0,-0.60599]},"A6s":{"weight":1.0,"played":[0.5227,0.4773],"evs":[0.0,-0.65384]},"A7s":{"weight":1.0,"played":[0.4522,0.5478],"evs":[0.0,2.16848]},"A8s":{"weight":1.0,"played":[0.7737,0.2263],"evs":[0.0,1.51594]},"A9s":{"weight":1.0,"played":[0.3791,0.6209],"evs":[0.0,-0.28134]},"ATs":{"weight":1.0,"played":[0.2493,0.7507],"evs":[0.0,1.04636]},"AJs":{"weight":1.0,"played":[0.551,0.449],"evs":[0.0,-3.24068]},"AQs":{"weight":1.0,"played":[0.0,1.0],"evs":[0.0,7.13919]},"AKs":{"weight":1.0,"played":[0.0358,0.9642],"evs":[0.0,7.53174]},"AA":{"weight":1.0,"played":[1.0E-4,0.9999],"evs":[0.0,15.93015]}}}