{"player":4,"street":0,"children":2,"sequence":[{"player":0,"type":"F","amount":0,"street":0},{"player":1,"type":"R","amount":2185000,"street":0},{"player":2,"type":"F","amount":0,"street":0},{"player":3,"type":"C","amount":745000,"street":0}],"actions":[{"type":"F","amount":0,"node":234},{"type":"C","amount":1265000,"node":235}],"hands":{"22":{"weight":1.0,"played":[0.4891,0.5109],"evs":[0.0,-1.22712]},"32o":{"weight":1.0,"played":[1.0,0.0],"evs":[0.0,-4.88767]},"42o":{"weight":1.0,"played":[1.0,0.0],"evs":[0.0,-4.70583]},"52o":{"weight":1.0,"played":[0.9981,0.0019],"evs":[0.0,-5.7175]},"62o":{"weight":1.0,"played":[1.0,0.0],"evs":[0.0,-5.26089]},"72o":{"weight":1.0,"played":[0.9987,0.0013],"evs":[0.0,-5.34608]},"82o":{"weight":1.0,"played":[0.9995,5.0E-4],"evs":[0.0,-5.37751]},"92o":{"weight":1.0,"played":[1.0,0.0],"evs":[0.0,-4.84142]},"T2o":{"weight":1.0,"played":[0.9996,4.0E-4],"evs":[0.0,-3.47442]},"J2o":{"weight":1.0,"played":[0.9998,2.0E-4],"evs":[0.0,-4.91696]},"Q2o":{"weight":1.0,"played":[0.9999,1.0E-4],"evs":[0.0,-3.8463]},"K2o":{"weight":1.0,"played":[0.9875,0.0125],"evs":[0.0,-4.2967]},"A2o":{"weight":1.0,"played":[0.961,0.039],"evs":[0.0,-3.49091]},"32s":{"weight":1.0,"played":[0.8988,0.1012],"evs":[0.0,-3.18116]},"33":{"weight":1.0,"played":[0.7883,0.2117],"evs":[0.0,0.23447]},"43o":{"weight":1.0,"played":[0.9999,1.0E-4],"evs":[0.0,-4.30769]},"53o":{"weight":1.0,"played":[0.9983,0.0017],"evs":[0.0,-3.4376]},"63o":{"weight":1.0,"played":[0.9988,0.0012],"evs":[0.0,-3.86611]},"73o":{"weight":1.0,"played":[1.0,0.0],"evs":[0.0,-4.99009]},"83o":{"weight":1.0,"played":[0.9995,5.0E-4],"evs":[0.0,-2.9539]},"93o":{"weight":1.0,"played":[0.9998,2.0E-4],"evs":[0.0,-4.80859]},"T3o":{"weight":1.0,"played":[1.0,0.0],"evs":[0.0,-5.63185]},"J3o":{"weight":1.0,"played":[0.9984,0.0016],"evs":[0.0,-3.11859]},"Q3o":{"weight":1.0,"played":[0.9867,0.0133],"evs":[0.0,-4.35334]},"K3o":{"weight":1.0,"played":[0.9997,3.0E-4],"evs":[0.0,-1.65648]},"A3o":{"weight":1.0,"played":[0.9214,0.0786],"evs":[0.0,-1.58948]},"42s":{"weight":1.0,"played":[0.8489,0.1511],"evs":[0.0,-0.74311]},"43s":{"weight":1.0,"played":[0.9802,0.0198],"evs":[0.0,-2.22653]},"44":{"weight":1.0,"played":[0.7233,0.2767],"evs":[0.0,0.35276]},"54o":{"weight":1.0,"played":[0.9727,0.0273],"evs":[0.0,-2.16066]},"64o":{"weight":1.0,"played":[0.9998,2.0E-4],"evs":[0.0,-2.26947]},"74o":{"weight":1.0,"played":[0.9943,0.0057],"evs":[0.0,-1.78425]},"84o":{"weight":1.0,"played":[0.9846,0.0154],"evs":[0.0,-4.06335]},"94o":{"weight":1.0,"played":[0.9998,2.0E-4],"evs":[0.0,-4.35837]},"T4o":{"weight":1.0,"played":[0.9976,0.0024],"evs":[0.0,-3.81785]},"J4o":{"weight":1.0,"played":[0.999,0.001],"evs":[0.0,-5.32921]},"Q4o":{"weight":1.0,"played":[1.0,0.0],"evs":[0.0,-3.22904]},"K4o":{"weight":1.0,"played":[0.9688,0.0312],"evs":[0.0,-3.41837]},"A4o":{"weight":1.0,"played":[0.9945,0.0055],"evs":[0.0,-2.32993]},"52s":{"weight":1.0,"played":[0.9954,0.0046],"evs":[0.0,-3.85458]},"53s":{"weight":1.0,"played":[0.9934,0.0066],"evs":[0.0,-1.91544]},"54s":{"weight":1.0,"played":[0.0602,0.9398],"evs":[0.0,0.79545]},"55":{"weight":1.0,"played":[0.1856,0.8144],"evs":[0.0,4.0515]},"65o":{"weight":1.0,"played":[0.9977,0.0023],"evs":[0.0,-3.36739]},"75o":{"weight":1.0,"played":[0.998,0.002],"evs":[0.0,-2.72628]},"85o":{"weight":1.0,"played":[1.0,0.0],"evs":[0.0,-3.00175]},"95o":{"weight":1.0,"played":[0.9961,0.0039],"evs":[0.0,-4.17798]},"T5o":{"weight":1.0,"played":[1.0,0.0],"evs":[0.0,-4.18955]},"J5o":{"weight":1.0,"played":[0.9997,3.0E-4],"evs":[0.0,-3.59293]},"Q5o":{"weight":1.0,"played":[1.0,0.0],"evs":[0.0,-4.10366]},"K5o":{"weight":1.0,"played":[0.9464,0.0536],"evs":[0.0,-3.4349]},"A5o":{"weight":1.0,"played":[0.942,0.058],"evs":[0.0,-2.97622]},"62s":{"weight":1.0,"played":[0.9916,0.0084],"evs":[0.0,-2.05561]},"63s":{"weight":1.0,"played":[0.8348,0.1652],"evs":[0.0,-3.06097]},"64s":{"weight":1.0,"played":[0.6757,0.3243],"evs":[0.0,0.83484]},"65s":{"weight":1.0,"played":[0.5801,0.4199],"evs":[0.0,0.19612]},"66":{"weight":1.0,"played":[1.0E-4,0.9999],"evs":[0.0,2.68081]},"76o":{"weight":1.0,"played":[0.9998,2.0E-4],"evs":[0.0,-3.33788]},"86o":{"weight":1.0,"played":[0.9903,0.0097],"evs":[0.0,-2.46293]},"96o":{"weight":1.0,"played":[0.9924,0.0076],"evs":[0.0,-2.35182]},"T6o":{"weight":1.0,"played":[0.9847,0.0153],"evs":[0.0,-1.86624]},"J6o":{"weight":1.0,"played":[0.9998,2.0E-4],"evs":[0.0,-3.26553]},"Q6o":{"weight":1.0,"played":[0.9846,0.0154],"evs":[0.0,-2.88409]},"K6o":{"weight":1.0,"played":[0.9447,0.0553],"evs":[0.0,-2.79917]},"A6o":{"weight":1.0,"played":[0.9389,0.0611],"evs":[0.0,-1.32469]},"72s":{"weight":1.0,"played":[0.8441,0.1559],"evs":[0.0,-0.55994]},"73s":{"weight":1.0,"played":[0.9853,0.0147],"evs":[0.0,-0.83377]},"74s":{"weight":1.0,"played":[0.999,0.001],"evs":[0.0,-0.94167]},"75s":{"weight":1.0,"played":[0.6498,0.3502],"evs":[0.0,0.86329]},"76s":{"weight":1.0,"played":[0.3769,0.6231],"evs":[0.0,0.94457]},"77":{"weight":1.0,"played":[0.003,0.997],"evs":[0.0,6.47744]},"87o":{"weight":1.0,"played":[0.6636,0.3364],"evs":[0.0,-1.82328]},"97o":{"weight":1.0,"played":[0.9582,0.0418],"evs":[0.0,-1.40303]},"T7o":{"weight":1.0,"played":[0.9998,2.0E-4],"evs":[0.0,-2.84558]},"J7o":{"weight":1.0,"played":[0.9794,0.0206],"evs":[0.0,-2.00787]},"Q7o":{"weight":1.0,"played":[0.8564,0.1436],"evs":[0.0,-1.74102]},"K7o":{"weight":1.0,"played":[0.9992,8.0E-4],"evs":[0.0,-2.43485]},"A7o":{"weight":1.0,"played":[0.7599,0.2401],"evs":[0.0,-0.98908]},"82s":{"weight":1.0,"played":[0.9981,0.0019],"evs":[0.0,-4.10023]},"83s":{"weight":1.0,"played":[0.9983,0.0017],"evs":[0.0,-4.40988]},"84s":{"weight":1.0,"played":[1.0,0.0],"evs":[0.0,-3.41584]},"85s":{"weight":1.0,"played":[0.8699,0.1301],"evs":[0.0,-2.30621]},"86s":{"weight":1.0,"played":[0.0863,0.9137],"evs":[0.0,1.29875]},"87s":{"weight":1.0,"played":[0.0052,0.9948],"evs":[0.0,1.80466]},"88":{"weight":1.0,"played":[0.0018,0.9982],"evs":[0.0,6.96859]},"98o":{"weight":1.0,"played":[0.9984,0.0016],"evs":[0.0,-1.3171]},"T8o":{"weight":1.0,"played":[0.9965,0.0035],"evs":[0.0,-1.43638]},"J8o":{"weight":1.0,"played":[0.9457,0.0543],"evs":[0.0,-1.67428]},"Q8o":{"weight":1.0,"played":[0.9879,0.0121],"evs":[0.0,-3.15725]},"K8o":{"weight":1.0,"played":[0.9995,5.0E-4],"evs":[0.0,-2.69997]},"A8o":{"weight":1.0,"played":[0.6922,0.3078],"evs":[0.0,-0.84219]},"92s":{"weight":1.0,"played":[0.9548,0.0452],"evs":[0.0,-2.53754]},"93s":{"weight":1.0,"played":[0.9225,0.0775],"evs":[0.0,-3.4205]},"94s":{"weight":1.0,"played":[0.9771,0.0229],"evs":[0.0,-1.14313]},"95s":{"weight":1.0,"played":[0.7164,0.2836],"evs":[0.0,-2.32263]},"96s":{"weight":1.0,"played":[0.994,0.006],"evs":[0.0,-3.31322]},"97s":{"weight":1.0,"played":[0.0117,0.9883],"evs":[0.0,2.42034]},"98s":{"weight":1.0,"played":[0.5961,0.4039],"evs":[0.0,1.44009]},"99":{"weight":1.0,"played":[4.0E-4,0.9996],"evs":[0.0,7.90039]},"T9o":{"weight":1.0,"played":[0.9878,0.0122],"evs":[0.0,-0.93286]},"J9o":{"weight":1.0,"played":[0.9368,0.0632],"evs":[0.0,-0.932]},"Q9o":{"weight":1.0,"played":[0.7423,0.2577],"evs":[0.0,-0.29965]},"K9o":{"weight":1.0,"played":[0.8558,0.1442],"evs":[0.0,-1.6474]},"A9o":{"weight":1.0,"played":[0.234,0.766],"evs":[0.0,-0.00908]},"T2s":{"weight":1.0,"played":[0.9814,0.0186],"evs":[0.0,-3.1857]},"T3s":{"weight":1.0,"played":[0.9324,0.0676],"evs":[0.0,-4.28043]},"T4s":{"weight":1.0,"played":[0.9735,0.0265],"evs":[0.0,-2.18588]},"T5s":{"weight":1.0,"played":[0.9996,4.0E-4],"evs":[0.0,-3.49089]},"T6s":{"weight":1.0,"played":[0.8443,0.1557],"evs":[0.0,-1.13675]},"T7s":{"weight":1.0,"played":[0.9801,0.0199],"evs":[0.0,-1.32037]},"T8s":{"weight":1.0,"played":[0.0012,0.9988],"evs":[0.0,1.12905]},"T9s":{"weight":1.0,"played":[0.7899,0.2101],"evs":[0.0,-0.09915]},"TT":{"weight":1.0,"played":[0.0,1.0],"evs":[0.0,8.68965]},"JTo":{"weight":1.0,"played":[0.143,0.857],"evs":[0.0,-0.03471]},"QTo":{"weight":1.0,"played":[0.533,0.467],"evs":[0.0,-0.34602]},"KTo":{"weight":1.0,"played":[0.3153,0.6847],"evs":[0.0,-0.6375]},"ATo":{"weight":1.0,"played":[1.0E-4,0.9999],"evs":[0.0,3.43057]},"J2s":{"weight":1.0,"played":[0.3663,0.6337],"evs":[0.0,-0.57743]},"J3s":{"weight":1.0,"played":[0.9027,0.0973],"evs":[0.0,-3.25327]},"J4s":{"weight":1.0,"played":[0.5819,0.4181],"evs":[0.0,-1.17747]},"J5s":{"weight":1.0,"played":[0.1945,0.8055],"evs":[0.0,-0.13821]},"J6s":{"weight":1.0,"played":[0.9028,0.0972],"evs":[0.0,-3.63058]},"J7s":{"weight":1.0,"played":[0.5902,0.4098],"evs":[0.0,0.36656]},"J8s":{"weight":1.0,"played":[0.8408,0.1592],"evs":[0.0,-0.28558]},"J9s":{"weight":1.0,"played":[0.9802,0.0198],"evs":[0.0,-0.09308]},"JTs":{"weight":1.0,"played":[0.2079,0.7921],"evs":[0.0,-1.3443]},"JJ":{"weight":1.0,"played":[0.0,1.0],"evs":[0.0,13.16803]},"QJo":{"weight":1.0,"played":[0.4513,0.5487],"evs":[0.0,0.78756]},"KJo":{"weight":1.0,"played":[6.0E-4,0.9994],"evs":[0.0,0.99538]},"AJo":{"weight":1.0,"played":[0.0,1.0],"evs":[0.0,4.61511]},"Q2s":{"weight":1.0,"played":[0.5852,0.4148],"evs":[0.0,-2.08427]},"Q3s":{"weight":1.0,"played":[0.9806,0.0194],"evs":[0.0,-1.10658]},"Q4s":{"weight":1.0,"played":[0.175,0.825],"evs":[0.0,-0.83684]},"Q5s":{"weight":1.0,"played":[0.9166,0.0834],"evs":[0.0,-1.12168]},"Q6s":{"weight":1.0,"played":[0.8258,0.1742],"evs":[0.0,-2.11887]},"Q7s":{"weight":1.0,"played":[0.4483,0.5517],"evs":[0.0,-0.17791]},"Q8s":{"weight":1.0,"played":[0.9407,0.0593],"evs":[0.0,-1.05501]},"Q9s":{"weight":1.0,"played":[0.6281,0.3719],"evs":[0.0,-1.18146]},"QTs":{"weight":1.0,"played":[0.0773,0.9227],"evs":[0.0,1.90698]},"QJs":{"weight":1.0,"played":[0.9248,0.0752],"evs":[0.0,-0.27332]},"QQ":{"weight":1.0,"played":[6.0E-4,0.9994],"evs":[0.0,13.69771]},"KQo":{"weight":1.0,"played":[0.0,1.0],"evs":[0.0,1.864]},"AQo":{"weight":1.0,"played":[0.0,1.0],"evs":[0.0,5.65531]},"K2s":{"weight":1.0,"played":[0.538,0.462],"evs":[0.0,0.6281]},"K3s":{"weight":1.0,"played":[0.9854,0.0146],"evs":[0.0,-4.4161]},"K4s":{"weight":1.0,"played":[0.7976,0.2024],"evs":[0.0,1.01036]},"K5s":{"weight":1.0,"played":[0.351,0.649],"evs":[0.0,0.87213]},"K6s":{"weight":1.0,"played":[0.1305,0.8695],"evs":[0.0,0.44055]},"K7s":{"weight":1.0,"played":[0.2673,0.7327],"evs":[0.0,-0.14049]},"K8s":{"weight":1.0,"played":[0.8838,0.1162],"evs":[0.0,-2.80453]},"K9s":{"weight":1.0,"played":[0.1825,0.8175],"evs":[0.0,1.15406]},"KTs":{"weight":1.0,"played":[0.6111,0.3889],"evs":[0.0,-1.25326]},"KJs":{"weight":1.0,"played":[3.0E-4,0.9997],"evs":[0.0,2.50356]},"KQs":{"weight":1.0,"played":[0.0024,0.9976],"evs":[0.0,3.98454]},"KK":{"weight":1.0,"played":[0.0,1.0],"evs":[0.0,17.30321]},"AKo":{"weight":1.0,"played":[2.0E-4,0.9998],"evs":[0.0,7.01335]},"A2s":{"weight":1.0,"played":[0.3194,0.6806],"evs":[0.0,1.46434]},"A3s":{"weight":1.0,"played":[0.5026,0.4974],"evs":[0.0,-0.33256]},"A4s":{"weight":1.0,"played":[0.0086,0.9914],"evs":[0.0,1.5381]},"A5s":{"weight":1.0,"played":[0.351,0.649],"evs":[0.0,-0.20413]},"A6s":{"weight":1.0,"played":[4.0E-4,0.9996],"evs":[0.0,2.91935]},"A7s":{"weight":1.0,"played":[0.0028,0.9972],"evs":[0.0,1.93278]},"A8s":{"weight":1.0,"played":[0.5078,0.4922],"evs":[0.0,1.51519]},"A9s":{"weight":1.0,"played":[0.7295,0.2705],"evs":[0.0,-1.21618]},"ATs":{"weight":1.0,"played":[0.0188,0.9812],"evs":[0.0,4.54309]},"AJs":{"weight":1.0,"played":[0.0264,0.9736],"evs":[0.0,8.86497]},"AQs":{"weight":1.0,"played":[0.0,1.0],"evs":[0.0,7.37273]},"AKs":{"weight":1.0,"played":[0.0011,0.9989],"evs":[0.0,8.26582]},"AA":{"weight":1.0,"played":[0.0,1.0],"evs":[0.0,23.38579]}}}