{"player":5,"street":0,"children":2,"sequence":[{"player":0,"type":"F","amount":0,"street":0},{"player":1,"type":"R","amount":2185000,"street":0},{"player":2,"type":"C","amount":2185000,"street":0},{"player":3,"type":"C","amount":745000,"street":0},{"player":4,"type":"F","amount":0,"street":0}],"actions":[{"type":"F","amount":0},{"type":"C","amount":845000}],"hands":{"22":{"weight":1.0,"played":[0.7693,0.2307],"evs":[0.0,-3.07454]},"32o":{"weight":1.0,"played":[0.9861,0.0139],"evs":[0.0,-3.04773]},"42o":{"weight":1.0,"played":[0.944,0.056],"evs":[0.0,-3.26552]},"52o":{"weight":1.0,"played":[1.0,0.0],"evs":[0.0,-4.7382]},"62o":{"weight":1.0,"played":[0.9485,0.0515],"evs":[0.0,-1.65619]},"72o":{"weight":1.0,"played":[0.5263,0.4737],"evs":[0.0,-0.53025]},"82o":{"weight":1.0,"played":[1.0,0.0],"evs":[0.0,-7.31769]},"92o":{"weight":1.0,"played":[0.9985,0.0015],"evs":[0.0,-3.61892]},"T2o":{"weight":1.0,"played":[0.8479,0.1521],"evs":[0.0,-2.58937]},"J2o":{"weight":1.0,"played":[0.9923,0.0077],"evs":[0.0,-3.56016]},"Q2o":{"weight":1.0,"played":[0.9132,0.0868],"evs":[0.0,-5.82487]},"K2o":{"weight":1.0,"played":[0.8295,0.1705],"evs":[0.0,-0.17933]},"A2o":{"weight":1.0,"played":[0.9152,0.0848],"evs":[0.0,-3.20564]},"32s":{"weight":1.0,"played":[0.8138,0.1862],"evs":[0.0,1.03467]},"33":{"weight":1.0,"played":[0.0069,0.9931],"evs":[0.0,2.45111]},"43o":{"weight":1.0,"played":[0.6002,0.3998],"evs":[0.0,-0.42499]},"53o":{"weight":1.0,"played":[0.9999,1.0E-4],"evs":[0.0,-4.78985]},"63o":{"weight":1.0,"played":[0.7395,0.2605],"evs":[0.0,-0.29497]},"73o":{"weight":1.0,"played":[0.9873,0.0127],"evs":[0.0,-4.57781]},"83o":{"weight":1.0,"played":[0.6084,0.3916],"evs":[0.0,-0.76086]},"93o":{"weight":1.0,"played":[0.9982,0.0018],"evs":[0.0,-5.28531]},"T3o":{"weight":1.0,"played":[0.5397,0.4603],"evs":[0.0,-1.84027]},"J3o":{"weight":1.0,"played":[0.9782,0.0218],"evs":[0.0,-6.86808]},"Q3o":{"weight":1.0,"played":[0.9962,0.0038],"evs":[0.0,-2.81578]},"K3o":{"weight":1.0,"played":[0.9603,0.0397],"evs":[0.0,-4.7129]},"A3o":{"weight":1.0,"played":[0.9999,1.0E-4],"evs":[0.0,-5.13592]},"42s":{"weight":1.0,"played":[0.364,0.636],"evs":[0.0,-0.74957]},"43s":{"weight":1.0,"played":[0.4208,0.5792],"evs":[0.0,3.77355]},"44":{"weight":1.0,"played":[0.9699,0.0301],"evs":[0.0,-2.86215]},"54o":{"weight":1.0,"played":[0.2083,0.7917],"evs":[0.0,-0.39493]},"64o":{"weight":1.0,"played":[0.5579,0.4421],"evs":[0.0,-0.46865]},"74o":{"weight":1.0,"played":[0.3539,0.6461],"evs":[0.0,-0.90236]},"84o":{"weight":1.0,"played":[0.4662,0.5338],"evs":[0.0,-0.92635]},"94o":{"weight":1.0,"played":[0.991,0.009],"evs":[0.0,-3.44528]},"T4o":{"weight":1.0,"played":[0.9948,0.0052],"evs":[0.0,-5.26264]},"J4o":{"weight":1.0,"played":[0.9964,0.0036],"evs":[0.0,-2.90454]},"Q4o":{"weight":1.0,"played":[0.8931,0.1069],"evs":[0.0,-4.59347]},"K4o":{"weight":1.0,"played":[0.985,0.015],"evs":[0.0,-3.85123]},"A4o":{"weight":1.0,"played":[0.6372,0.3628],"evs":[0.0,0.7792]},"52s":{"weight":1.0,"played":[0.3728,0.6272],"evs":[0.0,3.65916]},"53s":{"weight":1.0,"played":[0.5187,0.4813],"evs":[0.0,-3.44339]},"54s":{"weight":1.0,"played":[0.4062,0.5938],"evs":[0.0,1.75868]},"55":{"weight":1.0,"played":[0.1327,0.8673],"evs":[0.0,2.6481]},"65o":{"weight":1.0,"played":[0.9852,0.0148],"evs":[0.0,-3.01058]},"75o":{"weight":1.0,"played":[0.5263,0.4737],"evs":[0.0,-0.06569]},"85o":{"weight":1.0,"played":[0.8849,0.1151],"evs":[0.0,-4.01632]},"95o":{"weight":1.0,"played":[0.9201,0.0799],"evs":[0.0,-2.54377]},"T5o":{"weight":1.0,"played":[0.8582,0.1418],"evs":[0.0,-2.6709]},"J5o":{"weight":1.0,"played":[0.8014,0.1986],"evs":[0.0,-1.11789]},"Q5o":{"weight":1.0,"played":[0.5682,0.4318],"evs":[0.0,-2.37948]},"K5o":{"weight":1.0,"played":[0.6019,0.3981],"evs":[0.0,-1.30156]},"A5o":{"weight":1.0,"played":[0.9385,0.0615],"evs":[0.0,-5.34845]},"62s":{"weight":1.0,"played":[0.9096,0.0904],"evs":[0.0,-7.34159]},"63s":{"weight":1.0,"played":[0.0568,0.9432],"evs":[0.0,3.30152]},"64s":{"weight":1.0,"played":[0.9327,0.0673],"evs":[0.0,-8.03919]},"65s":{"weight":1.0,"played":[0.1178,0.8822],"evs":[0.0,1.62965]},"66":{"weight":1.0,"played":[0.0991,0.9009],"evs":[0.0,1.55288]},"76o":{"weight":1.0,"played":[0.7887,0.2113],"evs":[0.0,-0.14701]},"86o":{"weight":1.0,"played":[0.9951,0.0049],"evs":[0.0,-2.10987]},"96o":{"weight":1.0,"played":[0.9953,0.0047],"evs":[0.0,-4.89149]},"T6o":{"weight":1.0,"played":[0.799,0.201],"evs":[0.0,-1.62188]},"J6o":{"weight":1.0,"played":[0.7177,0.2823],"evs":[0.0,-1.88919]},"Q6o":{"weight":1.0,"played":[0.9002,0.0998],"evs":[0.0,-3.15436]},"K6o":{"weight":1.0,"played":[0.9355,0.0645],"evs":[0.0,-0.22272]},"A6o":{"weight":1.0,"played":[0.9694,0.0306],"evs":[0.0,-6.81539]},"72s":{"weight":1.0,"played":[0.4653,0.5347],"evs":[0.0,-0.27467]},"73s":{"weight":1.0,"played":[0.5991,0.4009],"evs":[0.0,-0.42899]},"74s":{"weight":1.0,"played":[0.6442,0.3558],"evs":[0.0,-4.05391]},"75s":{"weight":1.0,"played":[0.5893,0.4107],"evs":[0.0,0.92522]},"76s":{"weight":1.0,"played":[0.5569,0.4431],"evs":[0.0,-0.03003]},"77":{"weight":1.0,"played":[0.006,0.994],"evs":[0.0,2.76568]},"87o":{"weight":1.0,"played":[0.7772,0.2228],"evs":[0.0,-0.86492]},"97o":{"weight":1.0,"played":[0.7827,0.2173],"evs":[0.0,-1.78054]},"T7o":{"weight":1.0,"played":[0.0528,0.9472],"evs":[0.0,3.58294]},"J7o":{"weight":1.0,"played":[0.8642,0.1358],"evs":[0.0,-0.25801]},"Q7o":{"weight":1.0,"played":[0.7775,0.2225],"evs":[0.0,-3.18092]},"K7o":{"weight":1.0,"played":[0.6864,0.3136],"evs":[0.0,-0.48441]},"A7o":{"weight":1.0,"played":[0.9601,0.0399],"evs":[0.0,-1.95748]},"82s":{"weight":1.0,"played":[0.8154,0.1846],"evs":[0.0,-0.88695]},"83s":{"weight":1.0,"played":[0.9175,0.0825],"evs":[0.0,-5.27405]},"84s":{"weight":1.0,"played":[0.8258,0.1742],"evs":[0.0,-0.8949]},"85s":{"weight":1.0,"played":[0.2242,0.7758],"evs":[0.0,0.75734]},"86s":{"weight":1.0,"played":[0.9725,0.0275],"evs":[0.0,-4.75962]},"87s":{"weight":1.0,"played":[0.7882,0.2118],"evs":[0.0,-2.88427]},"88":{"weight":1.0,"played":[0.0039,0.9961],"evs":[0.0,8.8971]},"98o":{"weight":1.0,"played":[0.8448,0.1552],"evs":[0.0,-1.14126]},"T8o":{"weight":1.0,"played":[0.6188,0.3812],"evs":[0.0,0.55051]},"J8o":{"weight":1.0,"played":[0.9985,0.0015],"evs":[0.0,-1.9358]},"Q8o":{"weight":1.0,"played":[0.6594,0.3406],"evs":[0.0,-1.09302]},"K8o":{"weight":1.0,"played":[0.1989,0.8011],"evs":[0.0,2.16473]},"A8o":{"weight":1.0,"played":[0.3736,0.6264],"evs":[0.0,-1.09315]},"92s":{"weight":1.0,"played":[0.9469,0.0531],"evs":[0.0,-6.07474]},"93s":{"weight":1.0,"played":[0.7251,0.2749],"evs":[0.0,-3.70115]},"94s":{"weight":1.0,"played":[0.6974,0.3026],"evs":[0.0,-1.40841]},"95s":{"weight":1.0,"played":[0.7103,0.2897],"evs":[0.0,2.82616]},"96s":{"weight":1.0,"played":[0.0943,0.9057],"evs":[0.0,4.05173]},"97s":{"weight":1.0,"played":[0.8645,0.1355],"evs":[0.0,-5.05536]},"98s":{"weight":1.0,"played":[0.2709,0.7291],"evs":[0.0,4.00844]},"99":{"weight":1.0,"played":[0.2373,0.7627],"evs":[0.0,1.5923]},"T9o":{"weight":1.0,"played":[0.6643,0.3357],"evs":[0.0,1.38695]},"J9o":{"weight":1.0,"played":[0.0619,0.9381],"evs":[0.0,0.3659]},"Q9o":{"weight":1.0,"played":[0.4551,0.5449],"evs":[0.0,0.92578]},"K9o":{"weight":1.0,"played":[0.2016,0.7984],"evs":[0.0,1.45016]},"A9o":{"weight":1.0,"played":[0.1042,0.8958],"evs":[0.0,2.59865]},"T2s":{"weight":1.0,"played":[0.2275,0.7725],"evs":[0.0,1.1821]},"T3s":{"weight":1.0,"played":[0.7399,0.2601],"evs":[0.0,-2.21122]},"T4s":{"weight":1.0,"played":[0.9762,0.0238],"evs":[0.0,-3.22323]},"T5s":{"weight":1.0,"played":[0.3989,0.6011],"evs":[0.0,-1.34355]},"T6s":{"weight":1.0,"played":[0.7676,0.2324],"evs":[0.0,-1.78162]},"T7s":{"weight":1.0,"played":[0.397,0.603],"evs":[0.0,0.18772]},"T8s":{"weight":1.0,"played":[0.5248,0.4752],"evs":[0.0,-2.02055]},"T9s":{"weight":1.0,"played":[0.4309,0.5691],"evs":[0.0,1.97741]},"TT":{"weight":1.0,"played":[0.0089,0.9911],"evs":[0.0,6.17567]},"JTo":{"weight":1.0,"played":[0.742,0.258],"evs":[0.0,-1.34738]},"QTo":{"weight":1.0,"played":[0.7055,0.2945],"evs":[0.0,0.42061]},"KTo":{"weight":1.0,"played":[0.4177,0.5823],"evs":[0.0,0.34186]},"ATo":{"weight":1.0,"played":[4.0E-4,0.9996],"evs":[0.0,3.32707]},"J2s":{"weight":1.0,"played":[0.4034,0.5966],"evs":[0.0,0.46741]},"J3s":{"weight":1.0,"played":[0.4231,0.5769],"evs":[0.0,1.14245]},"J4s":{"weight":1.0,"played":[0.1099,0.8901],"evs":[0.0,8.06611]},"J5s":{"weight":1.0,"played":[0.0253,0.9747],"evs":[0.0,5.85114]},"J6s":{"weight":1.0,"played":[0.8522,0.1478],"evs":[0.0,-4.1657]},"J7s":{"weight":1.0,"played":[0.2134,0.7866],"evs":[0.0,-1.7736]},"J8s":{"weight":1.0,"played":[0.4813,0.5187],"evs":[0.0,-2.88456]},"J9s":{"weight":1.0,"played":[0.4467,0.5533],"evs":[0.0,-0.1779]},"JTs":{"weight":1.0,"played":[0.5089,0.4911],"evs":[0.0,-0.36048]},"JJ":{"weight":1.0,"played":[5.0E-4,0.9995],"evs":[0.0,11.13563]},"QJo":{"weight":1.0,"played":[0.0525,0.9475],"evs":[0.0,0.46934]},"KJo":{"weight":1.0,"played":[0.0878,0.9122],"evs":[0.0,1.32827]},"AJo":{"weight":1.0,"played":[0.0623,0.9377],"evs":[0.0,2.92189]},"Q2s":{"weight":1.0,"played":[0.6449,0.3551],"evs":[0.0,-2.19552]},"Q3s":{"weight":1.0,"played":[0.096,0.904],"evs":[0.0,2.76571]},"Q4s":{"weight":1.0,"played":[0.4461,0.5539],"evs":[0.0,-3.28599]},"Q5s":{"weight":1.0,"played":[0.4091,0.5909],"evs":[0.0,0.98612]},"Q6s":{"weight":1.0,"played":[0.0374,0.9626],"evs":[0.0,8.55995]},"Q7s":{"weight":1.0,"played":[0.3026,0.6974],"evs":[0.0,-0.29638]},"Q8s":{"weight":1.0,"played":[0.8626,0.1374],"evs":[0.0,-2.33708]},"Q9s":{"weight":1.0,"played":[0.9686,0.0314],"evs":[0.0,-3.2102]},"QTs":{"weight":1.0,"played":[0.5551,0.4449],"evs":[0.0,0.87936]},"QJs":{"weight":1.0,"played":[0.0043,0.9957],"evs":[0.0,6.73949]},"QQ":{"weight":1.0,"played":[0.002,0.998],"evs":[0.0,17.49483]},"KQo":{"weight":1.0,"played":[0.0117,0.9883],"evs":[0.0,2.45298]},"AQo":{"weight":1.0,"played":[0.0377,0.9623],"evs":[0.0,4.03031]},"K2s":{"weight":1.0,"played":[0.0626,0.9374],"evs":[0.0,4.28229]},"K3s":{"weight":1.0,"played":[0.4547,0.5453],"evs":[0.0,-4.4382]},"K4s":{"weight":1.0,"played":[0.3299,0.6701],"evs":[0.0,-0.40934]},"K5s":{"weight":1.0,"played":[0.1837,0.8163],"evs":[0.0,4.22628]},"K6s":{"weight":1.0,"played":[0.0873,0.9127],"evs":[0.0,0.98826]},"K7s":{"weight":1.0,"played":[0.4371,0.5629],"evs":[0.0,-0.57261]},"K8s":{"weight":1.0,"played":[0.0346,0.9654],"evs":[0.0,3.91923]},"K9s":{"weight":1.0,"played":[0.2567,0.7433],"evs":[0.0,2.5905]},"KTs":{"weight":1.0,"played":[0.1466,0.8534],"evs":[0.0,5.62737]},"KJs":{"weight":1.0,"played":[0.8989,0.1011],"evs":[0.0,-7.30239]},"KQs":{"weight":1.0,"played":[0.5247,0.4753],"evs":[0.0,-0.08272]},"KK":{"weight":1.0,"played":[0.0075,0.9925],"evs":[0.0,15.16186]},"AKo":{"weight":1.0,"played":[0.0021,0.9979],"evs":[0.0,4.46406]},"A2s":{"weight":1.0,"played":[0.1771,0.8229],"evs":[0.0,3.83784]},"A3s":{"weight":1.0,"played":[0.4565,0.5435],"evs":[0.0,3.81221]},"A4s":{"weight":1.0,"played":[0.7339,0.2661],"evs":[0.0,-4.96958]},"A5s":{"weight":1.0,"played":[0.293,0.707],"evs":[0.0,6.45553]},"A6s":{"weight":1.0,"played":[0.4123,0.5877],"evs":[0.0,8.49608]},"A7s":{"weight":1.0,"played":[0.9371,0.0629],"evs":[0.0,-5.66226]},"A8s":{"weight":1.0,"played":[0.4051,0.5949],"evs":[0.0,1.69825]},"A9s":{"weight":1.0,"played":[0.8929,0.1071],"evs":[0.0,-3.69678]},"ATs":{"weight":1.0,"played":[0.2405,0.7595],"evs":[0.0,-0.35433]},"AJs":{"weight":1.0,"played":[0.0247,0.9753],"evs":[0.0,1.99056]},"AQs":{"weight":1.0,"played":[0.3604,0.6396],"evs":[0.0,-1.20587]},"AKs":{"weight":1.0,"played":[0.3618,0.6382],"evs":[0.0,9.40559]},"AA":{"weight":1.0,"played":[0.0014,0.9986],"evs":[0.0,26.16772]}}}