{"player":4,"street":0,"children":2,"sequence":[{"player":0,"type":"R","amount":200000,"street":0},{"player":1,"type":"F","amount":0,"street":0},{"player":2,"type":"F","amount":0,"street":0},{"player":3,"type":"F","amount":0,"street":0},{"player":4,"type":"C","amount":150000,"street":0},{"player":5,"type":"R","amount":945000,"street":0},{"player":0,"type":"F","amount":0,"street":0}],"actions":[{"type":"F","amount":0},{"type":"C","amount":745000}],"hands":{"22":{"weight":0.2079,"played":[0.8167,0.1833],"evs":[0.0,9.56787]},"32o":{"weight":3.0E-4,"played":[0.485,0.515],"evs":[0.0,-3.27677]},"42o":{"weight":1.0E-4,"played":[0.0167,0.9833],"evs":[0.0,-2.10247]},"52o":{"weight":0.0,"played":[0.4055,0.5945],"evs":[0.0,-4.50131]},"62o":{"weight":0.0,"played":[0.5,0.5],"evs":[0.0,-9.11548]},"72o":{"weight":1.0E-4,"played":[0.5447,0.4553],"evs":[0.0,12.37147]},"82o":{"weight":4.0E-4,"played":[0.5,0.5],"evs":[0.0,0.0]},"92o":{"weight":0.0013,"played":[0.0282,0.9718],"evs":[0.0,6.5765]},"T2o":{"weight":0.0032,"played":[0.8247,0.1753],"evs":[0.0,10.03575]},"J2o":{"weight":0.0122,"played":[0.5,0.5],"evs":[0.0,0.0]},"Q2o":{"weight":8.0E-4,"played":[0.0358,0.9642],"evs":[0.0,6.08414]},"K2o":{"weight":0.3032,"played":[0.2414,0.7586],"evs":[0.0,12.69003]},"A2o":{"weight":0.0069,"played":[0.5,0.5],"evs":[0.0,0.0]},"32s":{"weight":0.0798,"played":[0.5,0.5],"evs":[0.0,-9.11548]},"33":{"weight":0.0754,"played":[0.5,0.5],"evs":[0.0,0.0]},"43o":{"weight":9.0E-4,"played":[0.927,0.073],"evs":[0.0,5.8613]},"53o":{"weight":7.0E-4,"played":[0.5,0.5],"evs":[0.0,0.0]},"63o":{"weight":2.0E-4,"played":[0.1224,0.8776],"evs":[0.0,14.8613]},"73o":{"weight":0.0,"played":[0.5,0.5],"evs":[0.0,0.0]},"83o":{"weight":0.0,"played":[0.2229,0.7771],"evs":[0.0,4.03575]},"93o":{"weight":0.0066,"played":[0.9848,0.0152],"evs":[0.0,-9.11548]},"T3o":{"weight":1.0E-4,"played":[0.8447,0.1553],"evs":[0.0,11.21569]},"J3o":{"weight":0.0022,"played":[0.0225,0.9775],"evs":[0.0,10.8427]},"Q3o":{"weight":7.0E-4,"played":[0.8992,0.1008],"evs":[0.0,14.4344]},"K3o":{"weight":0.0052,"played":[0.5,0.5],"evs":[0.0,20.37903]},"A3o":{"weight":0.0234,"played":[0.5,0.5],"evs":[0.0,-9.11548]},"42s":{"weight":0.0026,"played":[0.5,0.5],"evs":[0.0,20.37903]},"43s":{"weight":2.0E-4,"played":[0.5,0.5],"evs":[0.0,0.0]},"44":{"weight":0.119,"played":[0.9718,0.0282],"evs":[0.0,-9.11548]},"54o":{"weight":8.0E-4,"played":[0.2922,0.7078],"evs":[0.0,-3.66138]},"64o":{"weight":5.0E-4,"played":[0.2259,0.7741],"evs":[0.0,4.2083]},"74o":{"weight":3.0E-4,"played":[0.0708,0.9292],"evs":[0.0,-4.93709]},"84o":{"weight":6.0E-4,"played":[0.9429,0.0571],"evs":[0.0,3.94783]},"94o":{"weight":0.0631,"played":[0.9741,0.0259],"evs":[0.0,4.8671]},"T4o":{"weight":0.0,"played":[0.0052,0.9948],"evs":[0.0,20.37903]},"J4o":{"weight":0.0034,"played":[0.9874,0.0126],"evs":[0.0,-9.11548]},"Q4o":{"weight":0.1057,"played":[0.8882,0.1118],"evs":[0.0,-9.11548]},"K4o":{"weight":0.4258,"played":[0.9216,0.0784],"evs":[0.0,4.2501]},"A4o":{"weight":0.3258,"played":[0.4295,0.5705],"evs":[0.0,3.60135]},"52s":{"weight":0.008,"played":[0.5,0.5],"evs":[0.0,20.37903]},"53s":{"weight":0.0137,"played":[0.5,0.5],"evs":[0.0,0.0]},"54s":{"weight":0.6489,"played":[0.8447,0.1553],"evs":[0.0,11.21569]},"55":{"weight":0.103,"played":[0.5,0.5],"evs":[0.0,0.0]},"65o":{"weight":0.1877,"played":[0.8803,0.1197],"evs":[0.0,-3.9791]},"75o":{"weight":0.4777,"played":[0.4426,0.5574],"evs":[0.0,-1.16748]},"85o":{"weight":0.1016,"played":[0.6154,0.3846],"evs":[0.0,10.03008]},"95o":{"weight":5.0E-4,"played":[0.5,0.5],"evs":[0.0,-9.11548]},"T5o":{"weight":4.0E-4,"played":[0.2565,0.7435],"evs":[0.0,-3.03414]},"J5o":{"weight":0.1245,"played":[0.5,0.5],"evs":[0.0,4.16684]},"Q5o":{"weight":0.1027,"played":[0.4341,0.5659],"evs":[0.0,1.03317]},"K5o":{"weight":0.1072,"played":[0.6511,0.3489],"evs":[0.0,-5.99913]},"A5o":{"weight":0.0437,"played":[0.5,0.5],"evs":[0.0,-9.11548]},"62s":{"weight":0.0,"played":[0.7693,0.2307],"evs":[0.0,-9.11548]},"63s":{"weight":0.0,"played":[0.5,0.5],"evs":[0.0,0.0]},"64s":{"weight":0.012,"played":[0.5,0.5],"evs":[0.0,0.0]},"65s":{"weight":0.8,"played":[0.8992,0.1008],"evs":[0.0,14.43157]},"66":{"weight":0.6465,"played":[0.1855,0.8145],"evs":[0.0,20.37903]},"76o":{"weight":0.5274,"played":[0.0084,0.9916],"evs":[0.0,5.78571]},"86o":{"weight":0.2518,"played":[0.0769,0.9231],"evs":[0.0,8.92946]},"96o":{"weight":0.0219,"played":[0.5045,0.4955],"evs":[0.0,-0.23243]},"T6o":{"weight":0.0095,"played":[0.5,0.5],"evs":[0.0,20.37903]},"J6o":{"weight":2.0E-4,"played":[0.5,0.5],"evs":[0.0,0.0]},"Q6o":{"weight":0.0642,"played":[0.432,0.568],"evs":[0.0,-4.62869]},"K6o":{"weight":0.3826,"played":[0.5,0.5],"evs":[0.0,-9.11548]},"A6o":{"weight":0.3551,"played":[0.1854,0.8146],"evs":[0.0,7.36114]},"72s":{"weight":0.0093,"played":[0.5,0.5],"evs":[0.0,0.0]},"73s":{"weight":0.0068,"played":[0.5,0.5],"evs":[0.0,-9.11548]},"74s":{"weight":0.1706,"played":[0.5,0.5],"evs":[0.0,0.0]},"75s":{"weight":0.8556,"played":[0.5,0.5],"evs":[0.0,0.0]},"76s":{"weight":0.7748,"played":[0.5,0.5],"evs":[0.0,0.0]},"77":{"weight":1.0E-4,"played":[0.5,0.5],"evs":[0.0,20.37903]},"87o":{"weight":0.1224,"played":[0.8078,0.1922],"evs":[0.0,-9.11548]},"97o":{"weight":0.0051,"played":[0.4624,0.5376],"evs":[0.0,15.25723]},"T7o":{"weight":0.3732,"played":[0.1226,0.8774],"evs":[0.0,8.1744]},"J7o":{"weight":0.0515,"played":[0.0889,0.9111],"evs":[0.0,2.13717]},"Q7o":{"weight":2.0E-4,"played":[0.9882,0.0118],"evs":[0.0,-9.11548]},"K7o":{"weight":0.7668,"played":[0.5072,0.4928],"evs":[0.0,-7.13332]},"A7o":{"weight":0.5529,"played":[0.7908,0.2092],"evs":[0.0,8.04146]},"82s":{"weight":0.0051,"played":[0.5,0.5],"evs":[0.0,-9.11548]},"83s":{"weight":0.0607,"played":[0.5378,0.4622],"evs":[0.0,3.14198]},"84s":{"weight":0.103,"played":[0.5,0.5],"evs":[0.0,0.0]},"85s":{"weight":0.7444,"played":[0.5,0.5],"evs":[0.0,-9.11548]},"86s":{"weight":0.1804,"played":[0.0802,0.9198],"evs":[0.0,1.13884]},"87s":{"weight":0.7808,"played":[0.887,0.113],"evs":[0.0,-9.11548]},"88":{"weight":0.0,"played":[0.5,0.5],"evs":[0.0,-9.11548]},"98o":{"weight":0.4289,"played":[0.4806,0.5194],"evs":[0.0,-1.51953]},"T8o":{"weight":0.5716,"played":[0.335,0.665],"evs":[0.0,-4.92194]},"J8o":{"weight":0.1411,"played":[0.927,0.073],"evs":[0.0,-9.11548]},"Q8o":{"weight":0.2305,"played":[0.0259,0.9741],"evs":[0.0,-7.58613]},"K8o":{"weight":0.0044,"played":[0.5,0.5],"evs":[0.0,20.37903]},"A8o":{"weight":0.044,"played":[0.0229,0.9771],"evs":[0.0,-0.072]},"92s":{"weight":0.2298,"played":[0.5,0.5],"evs":[0.0,-9.11548]},"93s":{"weight":0.1704,"played":[0.5,0.5],"evs":[0.0,20.37903]},"94s":{"weight":0.0117,"played":[0.5,0.5],"evs":[0.0,0.0]},"95s":{"weight":0.522,"played":[0.5,0.5],"evs":[0.0,20.37903]},"96s":{"weight":0.8156,"played":[0.5,0.5],"evs":[0.0,0.0]},"97s":{"weight":0.9345,"played":[0.5,0.5],"evs":[0.0,20.37903]},"98s":{"weight":0.6963,"played":[0.0924,0.9076],"evs":[0.0,20.37903]},"99":{"weight":0.1415,"played":[0.5,0.5],"evs":[0.0,0.0]},"T9o":{"weight":0.5488,"played":[0.416,0.584],"evs":[0.0,12.15398]},"J9o":{"weight":0.9552,"played":[0.5,0.5],"evs":[0.0,-9.11548]},"Q9o":{"weight":0.3062,"played":[0.5,0.5],"evs":[0.0,20.37903]},"K9o":{"weight":0.6459,"played":[0.2218,0.7782],"evs":[0.0,12.23151]},"A9o":{"weight":4.0E-4,"played":[0.5,0.5],"evs":[0.0,-9.11548]},"T2s":{"weight":3.0E-4,"played":[0.5,0.5],"evs":[0.0,20.37903]},"T3s":{"weight":0.6618,"played":[0.184,0.816],"evs":[0.0,1.7414]},"T4s":{"weight":0.6177,"played":[0.908,0.092],"evs":[0.0,2.91964]},"T5s":{"weight":0.0407,"played":[0.5,0.5],"evs":[0.0,20.37903]},"T6s":{"weight":0.2307,"played":[0.5,0.5],"evs":[0.0,0.0]},"T7s":{"weight":0.8935,"played":[0.5,0.5],"evs":[0.0,-9.11548]},"T8s":{"weight":0.8923,"played":[0.5,0.5],"evs":[0.0,20.37903]},"T9s":{"weight":0.4967,"played":[0.5,0.5],"evs":[0.0,0.0]},"TT":{"weight":0.1421,"played":[0.5,0.5],"evs":[0.0,0.0]},"JTo":{"weight":0.9812,"played":[0.2059,0.7941],"evs":[0.0,15.84961]},"QTo":{"weight":0.4756,"played":[0.6748,0.3252],"evs":[0.0,-7.52466]},"KTo":{"weight":0.0,"played":[0.239,0.761],"evs":[0.0,20.37903]},"ATo":{"weight":0.0,"played":[0.0901,0.9099],"evs":[0.0,15.06171]},"J2s":{"weight":0.843,"played":[0.9925,0.0075],"evs":[0.0,-9.11548]},"J3s":{"weight":0.2952,"played":[0.5,0.5],"evs":[0.0,0.0]},"J4s":{"weight":0.0159,"played":[0.1542,0.8458],"evs":[0.0,9.07574]},"J5s":{"weight":0.28,"played":[0.5,0.5],"evs":[0.0,0.0]},"J6s":{"weight":0.8962,"played":[0.5,0.5],"evs":[0.0,0.0]},"J7s":{"weight":0.2416,"played":[0.9604,0.0396],"evs":[0.0,5.06342]},"J8s":{"weight":0.1721,"played":[0.1104,0.8896],"evs":[0.0,-2.60027]},"J9s":{"weight":0.6045,"played":[0.8247,0.1753],"evs":[0.0,10.03575]},"JTs":{"weight":0.7317,"played":[0.2049,0.7951],"evs":[0.0,13.63743]},"JJ":{"weight":0.5167,"played":[0.026,0.974],"evs":[0.0,20.37903]},"QJo":{"weight":0.5317,"played":[0.0813,0.9187],"evs":[0.0,3.36441]},"KJo":{"weight":0.5892,"played":[0.017,0.983],"evs":[0.0,-1.26245]},"AJo":{"weight":1.0E-4,"played":[0.7771,0.2229],"evs":[0.0,7.2278]},"Q2s":{"weight":0.2441,"played":[0.5,0.5],"evs":[0.0,20.37903]},"Q3s":{"weight":0.5583,"played":[0.0188,0.9812],"evs":[0.0,-8.00666]},"Q4s":{"weight":0.5297,"played":[0.5,0.5],"evs":[0.0,0.0]},"Q5s":{"weight":0.3517,"played":[0.5,0.5],"evs":[0.0,-9.11548]},"Q6s":{"weight":0.518,"played":[0.5,0.5],"evs":[0.0,20.37903]},"Q7s":{"weight":0.2464,"played":[0.5,0.5],"evs":[0.0,0.0]},"Q8s":{"weight":0.8373,"played":[0.5,0.5],"evs":[0.0,0.0]},"Q9s":{"weight":0.1619,"played":[0.5,0.5],"evs":[0.0,0.0]},"QTs":{"weight":0.346,"played":[0.5,0.5],"evs":[0.0,0.0]},"QJs":{"weight":0.2476,"played":[0.5,0.5],"evs":[0.0,0.0]},"QQ":{"weight":0.0528,"played":[0.5,0.5],"evs":[0.0,0.0]},"KQo":{"weight":0.2514,"played":[0.5,0.5],"evs":[0.0,-9.11548]},"AQo":{"weight":0.4888,"played":[0.0304,0.9696],"evs":[0.0,20.37903]},"K2s":{"weight":0.1822,"played":[0.5,0.5],"evs":[0.0,-9.11548]},"K3s":{"weight":0.5217,"played":[0.5,0.5],"evs":[0.0,0.0]},"K4s":{"weight":0.209,"played":[0.1596,0.8404],"evs":[0.0,0.29766]},"K5s":{"weight":0.1016,"played":[0.5,0.5],"evs":[0.0,0.0]},"K6s":{"weight":0.5257,"played":[0.5,0.5],"evs":[0.0,0.0]},"K7s":{"weight":0.6282,"played":[0.5,0.5],"evs":[0.0,0.0]},"K8s":{"weight":0.3256,"played":[0.5,0.5],"evs":[0.0,-9.11548]},"K9s":{"weight":0.0382,"played":[0.5,0.5],"evs":[0.0,20.37903]},"KTs":{"weight":0.0243,"played":[0.5,0.5],"evs":[0.0,20.37903]},"KJs":{"weight":0.1788,"played":[0.1645,0.8355],"evs":[0.0,20.37903]},"KQs":{"weight":0.0332,"played":[0.5,0.5],"evs":[0.0,20.37903]},"KK":{"weight":0.2937,"played":[0.5,0.5],"evs":[0.0,20.37903]},"AKo":{"weight":0.0,"played":[0.7819,0.2181],"evs":[0.0,7.51101]},"A2s":{"weight":0.3711,"played":[0.5,0.5],"evs":[0.0,4.16684]},"A3s":{"weight":1.0E-4,"played":[0.5,0.5],"evs":[0.0,0.0]},"A4s":{"weight":0.6212,"played":[0.5,0.5],"evs":[0.0,20.37903]},"A5s":{"weight":0.4424,"played":[0.5,0.5],"evs":[0.0,-9.11548]},"A6s":{"weight":0.2405,"played":[0.5,0.5],"evs":[0.0,20.37903]},"A7s":{"weight":0.7052,"played":[0.5,0.5],"evs":[0.0,0.0]},"A8s":{"weight":0.2497,"played":[0.5,0.5],"evs":[0.0,20.37903]},"A9s":{"weight":0.1536,"played":[0.5,0.5],"evs":[0.0,20.37903]},"ATs":{"weight":0.0248,"played":[0.5,0.5],"evs":[0.0,0.0]},"AJs":{"weight":1.0E-4,"played":[0.5,0.5],"evs":[0.0,0.0]},"AQs":{"weight":0.4684,"played":[0.5,0.5],"evs":[0.0,-9.11548]},"AKs":{"weight":0.0082,"played":[0.5,0.5],"evs":[0.0,0.0]},"AA":{"weight":1.0E-4,"played":[0.0115,0.9885],"evs":[0.0,20.37903]}}}