{"player":4,"street":0,"children":2,"sequence":[{"player":0,"type":"R","amount":200000,"street":0},{"player":1,"type":"F","amount":0,"street":0},{"player":2,"type":"F","amount":0,"street":0},{"player":3,"type":"F","amount":0,"street":0},{"player":4,"type":"C","amount":150000,"street":0},{"player":5,"type":"R","amount":945000,"street":0},{"player":0,"type":"C","amount":435000,"street":0}],"actions":[{"type":"F","amount":0},{"type":"C","amount":745000}],"hands":{"22":{"weight":0.2079,"played":[0.0242,0.9758],"evs":[0.0,4.82368]},"32o":{"weight":3.0E-4,"played":[0.8139,0.1861],"evs":[0.0,-0.70735]},"42o":{"weight":1.0E-4,"played":[0.9794,0.0206],"evs":[0.0,-2.23605]},"52o":{"weight":0.0,"played":[0.217,0.783],"evs":[0.0,-0.23347]},"62o":{"weight":0.0,"played":[0.8949,0.1051],"evs":[0.0,-1.34441]},"72o":{"weight":1.0E-4,"played":[0.9993,7.0E-4],"evs":[0.0,-1.40247]},"82o":{"weight":4.0E-4,"played":[0.5921,0.4079],"evs":[0.0,-0.38872]},"92o":{"weight":0.0013,"played":[0.6566,0.3434],"evs":[0.0,-1.12327]},"T2o":{"weight":0.0032,"played":[0.9359,0.0641],"evs":[0.0,-1.73575]},"J2o":{"weight":0.0122,"played":[0.8295,0.1705],"evs":[0.0,-1.02929]},"Q2o":{"weight":8.0E-4,"played":[0.8009,0.1991],"evs":[0.0,-1.01513]},"K2o":{"weight":0.3032,"played":[1.0E-4,0.9999],"evs":[0.0,2.26037]},"A2o":{"weight":0.0069,"played":[0.0,1.0],"evs":[0.0,1.80194]},"32s":{"weight":0.0798,"played":[0.0458,0.9542],"evs":[0.0,2.21735]},"33":{"weight":0.0754,"played":[0.0114,0.9886],"evs":[0.0,4.32871]},"43o":{"weight":9.0E-4,"played":[0.9953,0.0047],"evs":[0.0,-0.16253]},"53o":{"weight":7.0E-4,"played":[0.506,0.494],"evs":[0.0,0.06923]},"63o":{"weight":2.0E-4,"played":[0.9738,0.0262],"evs":[0.0,-1.93463]},"73o":{"weight":0.0,"played":[0.9964,0.0036],"evs":[0.0,-2.27797]},"83o":{"weight":0.0,"played":[0.4888,0.5112],"evs":[0.0,-0.14592]},"93o":{"weight":0.0066,"played":[0.3445,0.6555],"evs":[0.0,-0.73747]},"T3o":{"weight":1.0E-4,"played":[0.9776,0.0224],"evs":[0.0,-1.69723]},"J3o":{"weight":0.0022,"played":[0.1403,0.8597],"evs":[0.0,1.99973]},"Q3o":{"weight":7.0E-4,"played":[0.2915,0.7085],"evs":[0.0,0.68203]},"K3o":{"weight":0.0052,"played":[0.1353,0.8647],"evs":[0.0,1.01233]},"A3o":{"weight":0.0234,"played":[7.0E-4,0.9993],"evs":[0.0,2.15409]},"42s":{"weight":0.0026,"played":[0.2928,0.7072],"evs":[0.0,0.94973]},"43s":{"weight":2.0E-4,"played":[0.7275,0.2725],"evs":[0.0,-1.44599]},"44":{"weight":0.119,"played":[8.0E-4,0.9992],"evs":[0.0,3.80622]},"54o":{"weight":8.0E-4,"played":[0.0684,0.9316],"evs":[0.0,0.8035]},"64o":{"weight":5.0E-4,"played":[0.6055,0.3945],"evs":[0.0,-0.45048]},"74o":{"weight":3.0E-4,"played":[0.4311,0.5689],"evs":[0.0,-0.64628]},"84o":{"weight":6.0E-4,"played":[0.1402,0.8598],"evs":[0.0,-0.51136]},"94o":{"weight":0.0631,"played":[0.4956,0.5044],"evs":[0.0,-0.431]},"T4o":{"weight":0.0,"played":[0.5174,0.4826],"evs":[0.0,-0.43458]},"J4o":{"weight":0.0034,"played":[0.7066,0.2934],"evs":[0.0,-0.30353]},"Q4o":{"weight":0.1057,"played":[0.0591,0.9409],"evs":[0.0,1.46484]},"K4o":{"weight":0.4258,"played":[4.0E-4,0.9996],"evs":[0.0,0.83555]},"A4o":{"weight":0.3258,"played":[0.0,1.0],"evs":[0.0,3.3307]},"52s":{"weight":0.008,"played":[0.6172,0.3828],"evs":[0.0,-1.8198]},"53s":{"weight":0.0137,"played":[0.7722,0.2278],"evs":[0.0,0.21204]},"54s":{"weight":0.6489,"played":[0.0549,0.9451],"evs":[0.0,1.1465]},"55":{"weight":0.103,"played":[0.0,1.0],"evs":[0.0,3.60182]},"65o":{"weight":0.1877,"played":[0.0128,0.9872],"evs":[0.0,0.87208]},"75o":{"weight":0.4777,"played":[0.0147,0.9853],"evs":[0.0,1.99686]},"85o":{"weight":0.1016,"played":[0.0468,0.9532],"evs":[0.0,-0.06276]},"95o":{"weight":5.0E-4,"played":[0.6456,0.3544],"evs":[0.0,-0.79205]},"T5o":{"weight":4.0E-4,"played":[0.475,0.525],"evs":[0.0,-0.64347]},"J5o":{"weight":0.1245,"played":[0.0114,0.9886],"evs":[0.0,1.55116]},"Q5o":{"weight":0.1027,"played":[0.4701,0.5299],"evs":[0.0,1.18217]},"K5o":{"weight":0.1072,"played":[0.0059,0.9941],"evs":[0.0,1.92705]},"A5o":{"weight":0.0437,"played":[4.0E-4,0.9996],"evs":[0.0,3.17412]},"62s":{"weight":0.0,"played":[0.4459,0.5541],"evs":[0.0,-0.6452]},"63s":{"weight":0.0,"played":[0.3231,0.6769],"evs":[0.0,2.49797]},"64s":{"weight":0.012,"played":[0.1734,0.8266],"evs":[0.0,1.61938]},"65s":{"weight":0.8,"played":[0.0013,0.9987],"evs":[0.0,1.3088]},"66":{"weight":0.6465,"played":[0.0163,0.9837],"evs":[0.0,3.96252]},"76o":{"weight":0.5274,"played":[0.0053,0.9947],"evs":[0.0,1.54401]},"86o":{"weight":0.2518,"played":[0.0054,0.9946],"evs":[0.0,1.70037]},"96o":{"weight":0.0219,"played":[0.1094,0.8906],"evs":[0.0,1.35384]},"T6o":{"weight":0.0095,"played":[0.1251,0.8749],"evs":[0.0,0.08827]},"J6o":{"weight":2.0E-4,"played":[0.6893,0.3107],"evs":[0.0,0.7971]},"Q6o":{"weight":0.0642,"played":[0.0099,0.9901],"evs":[0.0,0.94751]},"K6o":{"weight":0.3826,"played":[0.0014,0.9986],"evs":[0.0,1.99583]},"A6o":{"weight":0.3551,"played":[2.0E-4,0.9998],"evs":[0.0,5.16836]},"72s":{"weight":0.0093,"played":[0.2263,0.7737],"evs":[0.0,1.24741]},"73s":{"weight":0.0068,"played":[0.7265,0.2735],"evs":[0.0,-0.80239]},"74s":{"weight":0.1706,"played":[0.0856,0.9144],"evs":[0.0,1.78611]},"75s":{"weight":0.8556,"played":[0.0144,0.9856],"evs":[0.0,3.75893]},"76s":{"weight":0.7748,"played":[0.0049,0.9951],"evs":[0.0,1.17916]},"77":{"weight":1.0E-4,"played":[0.0231,0.9769],"evs":[0.0,6.2141]},"87o":{"weight":0.1224,"played":[0.0146,0.9854],"evs":[0.0,0.46842]},"97o":{"weight":0.0051,"played":[0.0611,0.9389],"evs":[0.0,1.34413]},"T7o":{"weight":0.3732,"played":[0.0013,0.9987],"evs":[0.0,0.67172]},"J7o":{"weight":0.0515,"played":[0.0042,0.9958],"evs":[0.0,1.06968]},"Q7o":{"weight":2.0E-4,"played":[0.2183,0.7817],"evs":[0.0,0.13437]},"K7o":{"weight":0.7668,"played":[0.0021,0.9979],"evs":[0.0,2.34647]},"A7o":{"weight":0.5529,"played":[1.0E-4,0.9999],"evs":[0.0,3.78245]},"82s":{"weight":0.0051,"played":[0.3615,0.6385],"evs":[0.0,0.44338]},"83s":{"weight":0.0607,"played":[0.1964,0.8036],"evs":[0.0,0.82678]},"84s":{"weight":0.103,"played":[0.5214,0.4786],"evs":[0.0,-0.96323]},"85s":{"weight":0.7444,"played":[0.037,0.963],"evs":[0.0,1.82694]},"86s":{"weight":0.1804,"played":[0.1644,0.8356],"evs":[0.0,3.03151]},"87s":{"weight":0.7808,"played":[0.0038,0.9962],"evs":[0.0,4.29337]},"88":{"weight":0.0,"played":[2.0E-4,0.9998],"evs":[0.0,6.2949]},"98o":{"weight":0.4289,"played":[0.0018,0.9982],"evs":[0.0,1.94167]},"T8o":{"weight":0.5716,"played":[0.0444,0.9556],"evs":[0.0,1.79486]},"J8o":{"weight":0.1411,"played":[0.1177,0.8823],"evs":[0.0,1.34748]},"Q8o":{"weight":0.2305,"played":[0.0092,0.9908],"evs":[0.0,1.28127]},"K8o":{"weight":0.0044,"played":[0.0566,0.9434],"evs":[0.0,0.30849]},"A8o":{"weight":0.044,"played":[1.0E-4,0.9999],"evs":[0.0,3.64465]},"92s":{"weight":0.2298,"played":[0.4315,0.5685],"evs":[0.0,-1.20614]},"93s":{"weight":0.1704,"played":[0.2112,0.7888],"evs":[0.0,0.46898]},"94s":{"weight":0.0117,"played":[0.8588,0.1412],"evs":[0.0,-1.08796]},"95s":{"weight":0.522,"played":[0.048,0.952],"evs":[0.0,2.55872]},"96s":{"weight":0.8156,"played":[0.0739,0.9261],"evs":[0.0,2.35412]},"97s":{"weight":0.9345,"played":[0.004,0.996],"evs":[0.0,3.7336]},"98s":{"weight":0.6963,"played":[0.0061,0.9939],"evs":[0.0,3.18452]},"99":{"weight":0.1415,"played":[0.0,1.0],"evs":[0.0,8.00835]},"T9o":{"weight":0.5488,"played":[0.0997,0.9003],"evs":[0.0,2.17985]},"J9o":{"weight":0.9552,"played":[0.0,1.0],"evs":[0.0,2.06934]},"Q9o":{"weight":0.3062,"played":[6.0E-4,0.9994],"evs":[0.0,1.8149]},"K9o":{"weight":0.6459,"played":[0.0,1.0],"evs":[0.0,3.3256]},"A9o":{"weight":4.0E-4,"played":[1.0E-4,0.9999],"evs":[0.0,4.98183]},"T2s":{"weight":3.0E-4,"played":[0.4789,0.5211],"evs":[0.0,-0.07287]},"T3s":{"weight":0.6618,"played":[0.0797,0.9203],"evs":[0.0,-0.3433]},"T4s":{"weight":0.6177,"played":[0.0038,0.9962],"evs":[0.0,4.65492]},"T5s":{"weight":0.0407,"played":[0.6045,0.3955],"evs":[0.0,-0.81543]},"T6s":{"weight":0.2307,"played":[0.0441,0.9559],"evs":[0.0,2.69274]},"T7s":{"weight":0.8935,"played":[0.0011,0.9989],"evs":[0.0,3.76417]},"T8s":{"weight":0.8923,"played":[0.0094,0.9906],"evs":[0.0,3.56159]},"T9s":{"weight":0.4967,"played":[0.0,1.0],"evs":[0.0,1.58193]},"TT":{"weight":0.1421,"played":[0.0012,0.9988],"evs":[0.0,10.57324]},"JTo":{"weight":0.9812,"played":[5.0E-4,0.9995],"evs":[0.0,2.97561]},"QTo":{"weight":0.4756,"played":[0.001,0.999],"evs":[0.0,4.28743]},"KTo":{"weight":0.0,"played":[4.0E-4,0.9996],"evs":[0.0,4.35755]},"ATo":{"weight":0.0,"played":[8.0E-4,0.9992],"evs":[0.0,8.36121]},"J2s":{"weight":0.843,"played":[0.0109,0.9891],"evs":[0.0,2.71606]},"J3s":{"weight":0.2952,"played":[0.1669,0.8331],"evs":[0.0,1.62377]},"J4s":{"weight":0.0159,"played":[0.2845,0.7155],"evs":[0.0,1.01846]},"J5s":{"weight":0.28,"played":[0.1183,0.8817],"evs":[0.0,-0.46222]},"J6s":{"weight":0.8962,"played":[0.0013,0.9987],"evs":[0.0,1.38593]},"J7s":{"weight":0.2416,"played":[0.4926,0.5074],"evs":[0.0,0.39862]},"J8s":{"weight":0.1721,"played":[0.0502,0.9498],"evs":[0.0,1.66624]},"J9s":{"weight":0.6045,"played":[0.0031,0.9969],"evs":[0.0,3.56564]},"JTs":{"weight":0.7317,"played":[0.0012,0.9988],"evs":[0.0,5.54906]},"JJ":{"weight":0.5167,"played":[3.0E-4,0.9997],"evs":[0.0,11.66966]},"QJo":{"weight":0.5317,"played":[1.0E-4,0.9999],"evs":[0.0,3.96924]},"KJo":{"weight":0.5892,"played":[2.0E-4,0.9998],"evs":[0.0,4.77963]},"AJo":{"weight":1.0E-4,"played":[0.0,1.0],"evs":[0.0,8.12406]},"Q2s":{"weight":0.2441,"played":[0.1088,0.8912],"evs":[0.0,2.23051]},"Q3s":{"weight":0.5583,"played":[0.0573,0.9427],"evs":[0.0,0.77075]},"Q4s":{"weight":0.5297,"played":[0.3289,0.6711],"evs":[0.0,-0.45332]},"Q5s":{"weight":0.3517,"played":[0.4394,0.5606],"evs":[0.0,0.65141]},"Q6s":{"weight":0.518,"played":[0.013,0.987],"evs":[0.0,2.0022]},"Q7s":{"weight":0.2464,"played":[1.0E-4,0.9999],"evs":[0.0,1.444]},"Q8s":{"weight":0.8373,"played":[0.0013,0.9987],"evs":[0.0,3.60322]},"Q9s":{"weight":0.1619,"played":[0.0012,0.9988],"evs":[0.0,5.89028]},"QTs":{"weight":0.346,"played":[0.0091,0.9909],"evs":[0.0,5.01597]},"QJs":{"weight":0.2476,"played":[0.0013,0.9987],"evs":[0.0,7.40928]},"QQ":{"weight":0.0528,"played":[0.0,1.0],"evs":[0.0,13.20189]},"KQo":{"weight":0.2514,"played":[0.0,1.0],"evs":[0.0,5.68377]},"AQo":{"weight":0.4888,"played":[0.0,1.0],"evs":[0.0,7.87955]},"K2s":{"weight":0.1822,"played":[0.0523,0.9477],"evs":[0.0,4.22575]},"K3s":{"weight":0.5217,"played":[0.0215,0.9785],"evs":[0.0,4.82869]},"K4s":{"weight":0.209,"played":[0.0071,0.9929],"evs":[0.0,4.87233]},"K5s":{"weight":0.1016,"played":[6.0E-4,0.9994],"evs":[0.0,2.1503]},"K6s":{"weight":0.5257,"played":[0.0017,0.9983],"evs":[0.0,4.53216]},"K7s":{"weight":0.6282,"played":[0.0566,0.9434],"evs":[0.0,3.30946]},"K8s":{"weight":0.3256,"played":[0.0027,0.9973],"evs":[0.0,4.35936]},"K9s":{"weight":0.0382,"played":[5.0E-4,0.9995],"evs":[0.0,8.22277]},"KTs":{"weight":0.0243,"played":[0.003,0.997],"evs":[0.0,5.11557]},"KJs":{"weight":0.1788,"played":[6.0E-4,0.9994],"evs":[0.0,6.08182]},"KQs":{"weight":0.0332,"played":[1.0E-4,0.9999],"evs":[0.0,7.51261]},"KK":{"weight":0.2937,"played":[1.0E-4,0.9999],"evs":[0.0,14.8554]},"AKo":{"weight":0.0,"played":[1.0E-4,0.9999],"evs":[0.0,9.34094]},"A2s":{"weight":0.3711,"played":[2.0E-4,0.9998],"evs":[0.0,3.69894]},"A3s":{"weight":1.0E-4,"played":[0.0017,0.9983],"evs":[0.0,1.72434]},"A4s":{"weight":0.6212,"played":[0.0016,0.9984],"evs":[0.0,5.25392]},"A5s":{"weight":0.4424,"played":[0.0079,0.9921],"evs":[0.0,3.76646]},"A6s":{"weight":0.2405,"played":[0.0,1.0],"evs":[0.0,6.1059]},"A7s":{"weight":0.7052,"played":[0.0016,0.9984],"evs":[0.0,4.75096]},"A8s":{"weight":0.2497,"played":[1.0E-4,0.9999],"evs":[0.0,5.67045]},"A9s":{"weight":0.1536,"played":[0.0049,0.9951],"evs":[0.0,8.48942]},"ATs":{"weight":0.0248,"played":[0.0,1.0],"evs":[0.0,9.84953]},"AJs":{"weight":1.0E-4,"played":[0.0012,0.9988],"evs":[0.0,8.2699]},"AQs":{"weight":0.4684,"played":[2.0E-4,0.9998],"evs":[0.0,10.92598]},"AKs":{"weight":0.0082,"played":[1.0E-4,0.9999],"evs":[0.0,10.49035]},"AA":{"weight":1.0E-4,"played":[6.0E-4,0.9994],"evs":[0.0,19.65465]}}}