{"player":0,"street":0,"children":2,"sequence":[{"player":0,"type":"R","amount":200000,"street":0},{"player":1,"type":"F","amount":0,"street":0},{"player":2,"type":"F","amount":0,"street":0},{"player":3,"type":"F","amount":0,"street":0},{"player":4,"type":"R","amount":945000,"street":0},{"player":5,"type":"C","amount":845000,"street":0}],"actions":[{"type":"F","amount":0},{"type":"C","amount":435000}],"hands":{"22":{"weight":0.0,"played":[0.0095,0.9905],"evs":[0.0,1.69996]},"32o":{"weight":0.0,"played":[0.9874,0.0126],"evs":[0.0,-1.07783]},"42o":{"weight":0.0,"played":[0.9949,0.0051],"evs":[0.0,-0.72437]},"52o":{"weight":0.0,"played":[0.9815,0.0185],"evs":[0.0,-0.63915]},"62o":{"weight":0.0,"played":[0.9067,0.0933],"evs":[0.0,-1.15024]},"72o":{"weight":0.0,"played":[0.9851,0.0149],"evs":[0.0,-0.98289]},"82o":{"weight":0.0,"played":[0.9957,0.0043],"evs":[0.0,-0.98957]},"92o":{"weight":0.0,"played":[0.9973,0.0027],"evs":[0.0,-0.38546]},"T2o":{"weight":0.0,"played":[0.9992,8.0E-4],"evs":[0.0,-1.08836]},"J2o":{"weight":0.0,"played":[0.6284,0.3716],"evs":[0.0,-0.12974]},"Q2o":{"weight":0.0,"played":[0.9896,0.0104],"evs":[0.0,-0.54963]},"K2o":{"weight":0.0,"played":[0.556,0.444],"evs":[0.0,-0.11806]},"A2o":{"weight":5.0E-4,"played":[3.0E-4,0.9997],"evs":[0.0,1.29134]},"32s":{"weight":0.0,"played":[0.9844,0.0156],"evs":[0.0,-0.79012]},"33":{"weight":0.005,"played":[0.0564,0.9436],"evs":[0.0,1.047]},"43o":{"weight":0.0,"played":[0.0427,0.9573],"evs":[0.0,0.10899]},"53o":{"weight":0.0,"played":[0.6493,0.3507],"evs":[0.0,-0.45527]},"63o":{"weight":0.0,"played":[0.9985,0.0015],"evs":[0.0,-0.80324]},"73o":{"weight":0.0,"played":[0.872,0.128],"evs":[0.0,-0.4031]},"83o":{"weight":0.0,"played":[0.9963,0.0037],"evs":[0.0,-1.05013]},"93o":{"weight":0.0,"played":[0.825,0.175],"evs":[0.0,-0.36885]},"T3o":{"weight":0.0,"played":[0.8236,0.1764],"evs":[0.0,-0.31958]},"J3o":{"weight":0.0,"played":[0.6086,0.3914],"evs":[0.0,-0.31885]},"Q3o":{"weight":0.0,"played":[0.431,0.569],"evs":[0.0,-0.01187]},"K3o":{"weight":0.0,"played":[0.296,0.704],"evs":[0.0,-0.1118]},"A3o":{"weight":2.0E-4,"played":[0.0104,0.9896],"evs":[0.0,1.52271]},"42s":{"weight":0.0,"played":[0.0984,0.9016],"evs":[0.0,1.10904]},"43s":{"weight":0.0,"played":[6.0E-4,0.9994],"evs":[0.0,0.2766]},"44":{"weight":0.1633,"played":[9.0E-4,0.9991],"evs":[0.0,2.35777]},"54o":{"weight":0.0,"played":[0.1431,0.8569],"evs":[0.0,0.2068]},"64o":{"weight":0.0,"played":[0.4746,0.5254],"evs":[0.0,0.22525]},"74o":{"weight":0.0,"played":[0.5539,0.4461],"evs":[0.0,-0.04899]},"84o":{"weight":0.0,"played":[0.9957,0.0043],"evs":[0.0,-0.7759]},"94o":{"weight":0.0,"played":[0.6509,0.3491],"evs":[0.0,-0.46165]},"T4o":{"weight":0.0,"played":[0.658,0.342],"evs":[0.0,0.00971]},"J4o":{"weight":0.0,"played":[0.9979,0.0021],"evs":[0.0,-0.40446]},"Q4o":{"weight":0.0,"played":[0.8889,0.1111],"evs":[0.0,0.01174]},"K4o":{"weight":0.0,"played":[0.0012,0.9988],"evs":[0.0,0.41514]},"A4o":{"weight":0.4021,"played":[0.0,1.0],"evs":[0.0,1.62751]},"52s":{"weight":0.0,"played":[0.3767,0.6233],"evs":[0.0,0.2318]},"53s":{"weight":0.0,"played":[0.1276,0.8724],"evs":[0.0,0.27693]},"54s":{"weight":0.0,"played":[0.0198,0.9802],"evs":[0.0,1.85655]},"55":{"weight":0.4584,"played":[7.0E-4,0.9993],"evs":[0.0,1.89155]},"65o":{"weight":0.0,"played":[0.0357,0.9643],"evs":[0.0,0.33478]},"75o":{"weight":0.0,"played":[0.9888,0.0112],"evs":[0.0,-0.09252]},"85o":{"weight":0.0,"played":[0.947,0.053],"evs":[0.0,-0.00189]},"95o":{"weight":0.0,"played":[0.92,0.08],"evs":[0.0,-0.60475]},"T5o":{"weight":0.0,"played":[0.0069,0.9931],"evs":[0.0,0.306]},"J5o":{"weight":0.0,"played":[0.2539,0.7461],"evs":[0.0,0.25422]},"Q5o":{"weight":0.0,"played":[0.4183,0.5817],"evs":[0.0,-0.03428]},"K5o":{"weight":0.0,"played":[0.0,1.0],"evs":[0.0,0.66378]},"A5o":{"weight":0.5172,"played":[0.0,1.0],"evs":[0.0,1.62869]},"62s":{"weight":0.0,"played":[0.1276,0.8724],"evs":[0.0,1.39141]},"63s":{"weight":0.0,"played":[0.0064,0.9936],"evs":[0.0,0.56202]},"64s":{"weight":0.0,"played":[0.0266,0.9734],"evs":[0.0,0.35608]},"65s":{"weight":0.0,"played":[0.008,0.992],"evs":[0.0,1.57196]},"66":{"weight":8.0E-4,"played":[1.0E-4,0.9999],"evs":[0.0,3.62287]},"76o":{"weight":0.0,"played":[0.2808,0.7192],"evs":[0.0,0.49255]},"86o":{"weight":0.0,"played":[0.0527,0.9473],"evs":[0.0,0.95392]},"96o":{"weight":0.0,"played":[0.0486,0.9514],"evs":[0.0,1.14475]},"T6o":{"weight":0.0,"played":[0.0991,0.9009],"evs":[0.0,-0.18099]},"J6o":{"weight":0.0,"played":[0.1786,0.8214],"evs":[0.0,0.52417]},"Q6o":{"weight":0.0,"played":[0.368,0.632],"evs":[0.0,-0.34339]},"K6o":{"weight":0.0,"played":[1.0E-4,0.9999],"evs":[0.0,0.71571]},"A6o":{"weight":0.9936,"played":[0.0,1.0],"evs":[0.0,1.71442]},"72s":{"weight":0.0,"played":[0.4179,0.5821],"evs":[0.0,0.07608]},"73s":{"weight":0.0,"played":[0.7693,0.2307],"evs":[0.0,-0.51728]},"74s":{"weight":0.0,"played":[0.8755,0.1245],"evs":[0.0,-0.26681]},"75s":{"weight":0.0,"played":[0.0518,0.9482],"evs":[0.0,0.46984]},"76s":{"weight":0.0,"played":[0.006,0.994],"evs":[0.0,1.50934]},"77":{"weight":0.9426,"played":[0.0,1.0],"evs":[0.0,3.61814]},"87o":{"weight":0.0,"played":[0.004,0.996],"evs":[0.0,0.22616]},"97o":{"weight":0.0,"played":[3.0E-4,0.9997],"evs":[0.0,0.78219]},"T7o":{"weight":0.0,"played":[0.5343,0.4657],"evs":[0.0,0.02461]},"J7o":{"weight":0.0,"played":[0.1611,0.8389],"evs":[0.0,0.71111]},"Q7o":{"weight":0.0,"played":[0.0334,0.9666],"evs":[0.0,0.51499]},"K7o":{"weight":5.0E-4,"played":[0.0617,0.9383],"evs":[0.0,0.6191]},"A7o":{"weight":0.2035,"played":[0.0,1.0],"evs":[0.0,1.9541]},"82s":{"weight":0.0,"played":[0.8953,0.1047],"evs":[0.0,-0.1966]},"83s":{"weight":0.0,"played":[0.9749,0.0251],"evs":[0.0,-1.21509]},"84s":{"weight":0.0,"played":[0.03,0.97],"evs":[0.0,0.36487]},"85s":{"weight":0.0,"played":[0.054,0.946],"evs":[0.0,0.28456]},"86s":{"weight":0.0,"played":[0.0018,0.9982],"evs":[0.0,1.06184]},"87s":{"weight":0.0,"played":[0.0,1.0],"evs":[0.0,0.83174]},"88":{"weight":0.9365,"played":[1.0E-4,0.9999],"evs":[0.0,3.51017]},"98o":{"weight":0.0,"played":[0.0181,0.9819],"evs":[0.0,0.60664]},"T8o":{"weight":0.0,"played":[0.0,1.0],"evs":[0.0,1.16195]},"J8o":{"weight":0.0,"played":[0.6595,0.3405],"evs":[0.0,0.10634]},"Q8o":{"weight":0.0,"played":[0.0,1.0],"evs":[0.0,1.14298]},"K8o":{"weight":0.0,"played":[0.0137,0.9863],"evs":[0.0,1.08924]},"A8o":{"weight":0.0929,"played":[3.0E-4,0.9997],"evs":[0.0,2.21425]},"92s":{"weight":0.0,"played":[0.6518,0.3482],"evs":[0.0,-0.21006]},"93s":{"weight":0.0,"played":[0.3925,0.6075],"evs":[0.0,0.93885]},"94s":{"weight":0.0,"played":[0.129,0.871],"evs":[0.0,1.02305]},"95s":{"weight":0.0,"played":[0.0469,0.9531],"evs":[0.0,0.8244]},"96s":{"weight":0.0,"played":[0.2789,0.7211],"evs":[0.0,0.917]},"97s":{"weight":1.0E-4,"played":[0.0436,0.9564],"evs":[0.0,1.71498]},"98s":{"weight":0.0,"played":[0.0,1.0],"evs":[0.0,1.98258]},"99":{"weight":0.1885,"played":[0.0,1.0],"evs":[0.0,4.41281]},"T9o":{"weight":0.0049,"played":[0.0,1.0],"evs":[0.0,0.7762]},"J9o":{"weight":0.001,"played":[0.0,1.0],"evs":[0.0,1.29286]},"Q9o":{"weight":0.0053,"played":[1.0E-4,0.9999],"evs":[0.0,0.64547]},"K9o":{"weight":0.1896,"played":[4.0E-4,0.9996],"evs":[0.0,2.12453]},"A9o":{"weight":0.0872,"played":[2.0E-4,0.9998],"evs":[0.0,2.70329]},"T2s":{"weight":0.0,"played":[0.3979,0.6021],"evs":[0.0,0.55873]},"T3s":{"weight":0.0,"played":[0.9792,0.0208],"evs":[0.0,-0.47513]},"T4s":{"weight":0.0,"played":[0.046,0.954],"evs":[0.0,0.55657]},"T5s":{"weight":0.0,"played":[0.1182,0.8818],"evs":[0.0,0.96543]},"T6s":{"weight":0.0,"played":[0.0018,0.9982],"evs":[0.0,1.7239]},"T7s":{"weight":0.0,"played":[1.0E-4,0.9999],"evs":[0.0,0.94236]},"T8s":{"weight":0.03,"played":[0.001,0.999],"evs":[0.0,1.97847]},"T9s":{"weight":0.9773,"played":[1.0E-4,0.9999],"evs":[0.0,2.10752]},"TT":{"weight":0.7621,"played":[0.0,1.0],"evs":[0.0,6.16876]},"JTo":{"weight":0.4922,"played":[0.0,1.0],"evs":[0.0,1.79336]},"QTo":{"weight":0.3556,"played":[0.0,1.0],"evs":[0.0,2.53979]},"KTo":{"weight":0.1553,"played":[0.0,1.0],"evs":[0.0,2.4187]},"ATo":{"weight":0.0,"played":[2.0E-4,0.9998],"evs":[0.0,3.54525]},"J2s":{"weight":0.0,"played":[0.3283,0.6717],"evs":[0.0,-0.18793]},"J3s":{"weight":0.0,"played":[0.0038,0.9962],"evs":[0.0,1.39201]},"J4s":{"weight":0.0,"played":[5.0E-4,0.9995],"evs":[0.0,0.87332]},"J5s":{"weight":0.0,"played":[0.5702,0.4298],"evs":[0.0,0.102]},"J6s":{"weight":0.0,"played":[0.0919,0.9081],"evs":[0.0,0.22155]},"J7s":{"weight":2.0E-4,"played":[0.0312,0.9688],"evs":[0.0,1.26499]},"J8s":{"weight":3.0E-4,"played":[0.0423,0.9577],"evs":[0.0,2.35675]},"J9s":{"weight":0.8283,"played":[0.0133,0.9867],"evs":[0.0,1.33987]},"JTs":{"weight":0.5948,"played":[0.0,1.0],"evs":[0.0,2.50619]},"JJ":{"weight":0.2718,"played":[0.0,1.0],"evs":[0.0,6.40337]},"QJo":{"weight":0.2577,"played":[0.0,1.0],"evs":[0.0,2.38846]},"KJo":{"weight":0.11,"played":[0.0,1.0],"evs":[0.0,2.63176]},"AJo":{"weight":0.212,"played":[0.0,1.0],"evs":[0.0,4.28324]},"Q2s":{"weight":0.0,"played":[0.0158,0.9842],"evs":[0.0,0.65065]},"Q3s":{"weight":0.0,"played":[0.0119,0.9881],"evs":[0.0,1.10472]},"Q4s":{"weight":0.0,"played":[0.1944,0.8056],"evs":[0.0,0.16588]},"Q5s":{"weight":0.0,"played":[7.0E-4,0.9993],"evs":[0.0,0.74199]},"Q6s":{"weight":3.0E-4,"played":[0.0207,0.9793],"evs":[0.0,1.12781]},"Q7s":{"weight":0.0,"played":[0.0013,0.9987],"evs":[0.0,0.78133]},"Q8s":{"weight":0.0051,"played":[0.0014,0.9986],"evs":[0.0,1.07328]},"Q9s":{"weight":0.4682,"played":[0.002,0.998],"evs":[0.0,2.02087]},"QTs":{"weight":0.0,"played":[0.0032,0.9968],"evs":[0.0,2.06675]},"QJs":{"weight":0.1563,"played":[0.0016,0.9984],"evs":[0.0,2.93894]},"QQ":{"weight":0.0319,"played":[0.0,1.0],"evs":[0.0,8.10143]},"KQo":{"weight":0.073,"played":[0.0,1.0],"evs":[0.0,2.63671]},"AQo":{"weight":0.5031,"played":[0.0,1.0],"evs":[0.0,5.03406]},"K2s":{"weight":0.0,"played":[0.223,0.777],"evs":[0.0,0.83424]},"K3s":{"weight":0.0,"played":[0.026,0.974],"evs":[0.0,2.40724]},"K4s":{"weight":0.0,"played":[7.0E-4,0.9993],"evs":[0.0,1.95763]},"K5s":{"weight":0.0,"played":[0.0078,0.9922],"evs":[0.0,1.3193]},"K6s":{"weight":0.0,"played":[4.0E-4,0.9996],"evs":[0.0,0.91693]},"K7s":{"weight":5.0E-4,"played":[0.0,1.0],"evs":[0.0,1.20241]},"K8s":{"weight":0.0,"played":[0.0012,0.9988],"evs":[0.0,2.77255]},"K9s":{"weight":0.0992,"played":[0.0012,0.9988],"evs":[0.0,1.90568]},"KTs":{"weight":0.0,"played":[1.0E-4,0.9999],"evs":[0.0,2.58616]},"KJs":{"weight":0.8516,"played":[6.0E-4,0.9994],"evs":[0.0,2.99641]},"KQs":{"weight":0.5918,"played":[8.0E-4,0.9992],"evs":[0.0,2.59104]},"KK":{"weight":0.0071,"played":[0.0,1.0],"evs":[0.0,10.1308]},"AKo":{"weight":0.0932,"played":[0.0,1.0],"evs":[0.0,5.7245]},"A2s":{"weight":0.0,"played":[0.0,1.0],"evs":[0.0,2.51577]},"A3s":{"weight":0.0,"played":[1.0E-4,0.9999],"evs":[0.0,2.5964]},"A4s":{"weight":0.098,"played":[2.0E-4,0.9998],"evs":[0.0,4.04624]},"A5s":{"weight":0.0,"played":[0.0,1.0],"evs":[0.0,1.14645]},"A6s":{"weight":0.0,"played":[8.0E-4,0.9992],"evs":[0.0,2.60949]},"A7s":{"weight":0.3923,"played":[0.0081,0.9919],"evs":[0.0,3.04482]},"A8s":{"weight":7.0E-4,"played":[6.0E-4,0.9994],"evs":[0.0,3.34815]},"A9s":{"weight":0.0,"played":[0.0,1.0],"evs":[0.0,4.24573]},"ATs":{"weight":0.0,"played":[0.0,1.0],"evs":[0.0,4.98908]},"AJs":{"weight":0.0,"played":[0.0,1.0],"evs":[0.0,4.98316]},"AQs":{"weight":0.0,"played":[0.0,1.0],"evs":[0.0,5.79271]},"AKs":{"weight":0.7375,"played":[0.0,1.0],"evs":[0.0,6.78436]},"AA":{"weight":0.9702,"played":[0.0,1.0],"evs":[0.0,12.4914]}}}