{"player":0,"street":0,"children":2,"sequence":[{"player":0,"type":"R","amount":200000,"street":0},{"player":1,"type":"F","amount":0,"street":0},{"player":2,"type":"F","amount":0,"street":0},{"player":3,"type":"C","amount":200000,"street":0},{"player":4,"type":"F","amount":0,"street":0},{"player":5,"type":"R","amount":745000,"street":0}],"actions":[{"type":"F","amount":0,"node":259},{"type":"C","amount":435000,"node":260}],"hands":{"22":{"weight":0.0,"played":[0.0059,0.9941],"evs":[0.0,1.43113]},"32o":{"weight":0.0,"played":[0.9216,0.0784],"evs":[0.0,-2.00324]},"42o":{"weight":0.0,"played":[0.9315,0.0685],"evs":[0.0,-1.50404]},"52o":{"weight":0.0,"played":[0.921,0.079],"evs":[0.0,-0.50415]},"62o":{"weight":0.0,"played":[0.9796,0.0204],"evs":[0.0,-1.8504]},"72o":{"weight":0.0,"played":[0.9579,0.0421],"evs":[0.0,-2.93135]},"82o":{"weight":0.0,"played":[0.7631,0.2369],"evs":[0.0,-1.16787]},"92o":{"weight":0.0,"played":[0.1504,0.8496],"evs":[0.0,0.86193]},"T2o":{"weight":0.0,"played":[0.3844,0.6156],"evs":[0.0,1.10725]},"J2o":{"weight":0.0,"played":[0.6261,0.3739],"evs":[0.0,-0.41434]},"Q2o":{"weight":0.0,"played":[0.3628,0.6372],"evs":[0.0,-0.09202]},"K2o":{"weight":0.0,"played":[0.2551,0.7449],"evs":[0.0,1.03062]},"A2o":{"weight":5.0E-4,"played":[6.0E-4,0.9994],"evs":[0.0,2.50144]},"32s":{"weight":0.0,"played":[0.175,0.825],"evs":[0.0,0.05722]},"33":{"weight":0.005,"played":[0.5099,0.4901],"evs":[0.0,-0.44173]},"43o":{"weight":0.0,"played":[0.1843,0.8157],"evs":[0.0,0.59117]},"53o":{"weight":0.0,"played":[0.7152,0.2848],"evs":[0.0,0.23232]},"63o":{"weight":0.0,"played":[0.5852,0.4148],"evs":[0.0,0.09404]},"73o":{"weight":0.0,"played":[0.9816,0.0184],"evs":[0.0,-0.52126]},"83o":{"weight":0.0,"played":[0.7827,0.2173],"evs":[0.0,0.10729]},"93o":{"weight":0.0,"played":[0.95,0.05],"evs":[0.0,-1.43536]},"T3o":{"weight":0.0,"played":[0.3689,0.6311],"evs":[0.0,-0.13729]},"J3o":{"weight":0.0,"played":[0.2207,0.7793],"evs":[0.0,-0.46367]},"Q3o":{"weight":0.0,"played":[0.028,0.972],"evs":[0.0,1.38142]},"K3o":{"weight":0.0,"played":[0.0645,0.9355],"evs":[0.0,2.22306]},"A3o":{"weight":2.0E-4,"played":[3.0E-4,0.9997],"evs":[0.0,1.97481]},"42s":{"weight":0.0,"played":[0.604,0.396],"evs":[0.0,0.53483]},"43s":{"weight":0.0,"played":[0.0166,0.9834],"evs":[0.0,2.84788]},"44":{"weight":0.1633,"played":[0.0011,0.9989],"evs":[0.0,3.78274]},"54o":{"weight":0.0,"played":[0.9909,0.0091],"evs":[0.0,-0.54601]},"64o":{"weight":0.0,"played":[0.7409,0.2591],"evs":[0.0,0.18239]},"74o":{"weight":0.0,"played":[0.3557,0.6443],"evs":[0.0,0.95861]},"84o":{"weight":0.0,"played":[0.4076,0.5924],"evs":[0.0,0.29623]},"94o":{"weight":0.0,"played":[0.6691,0.3309],"evs":[0.0,-0.21737]},"T4o":{"weight":0.0,"played":[0.0187,0.9813],"evs":[0.0,1.17388]},"J4o":{"weight":0.0,"played":[0.2665,0.7335],"evs":[0.0,-0.48092]},"Q4o":{"weight":0.0,"played":[0.0906,0.9094],"evs":[0.0,0.54874]},"K4o":{"weight":0.0,"played":[0.0029,0.9971],"evs":[0.0,1.97145]},"A4o":{"weight":0.4021,"played":[2.0E-4,0.9998],"evs":[0.0,2.03868]},"52s":{"weight":0.0,"played":[0.3581,0.6419],"evs":[0.0,1.18104]},"53s":{"weight":0.0,"played":[0.0013,0.9987],"evs":[0.0,3.80173]},"54s":{"weight":0.0,"played":[0.4269,0.5731],"evs":[0.0,1.07235]},"55":{"weight":0.4584,"played":[0.0029,0.9971],"evs":[0.0,3.37342]},"65o":{"weight":0.0,"played":[0.2074,0.7926],"evs":[0.0,1.60276]},"75o":{"weight":0.0,"played":[0.1812,0.8188],"evs":[0.0,0.68142]},"85o":{"weight":0.0,"played":[0.1645,0.8355],"evs":[0.0,1.1863]},"95o":{"weight":0.0,"played":[0.0403,0.9597],"evs":[0.0,0.2692]},"T5o":{"weight":0.0,"played":[0.6365,0.3635],"evs":[0.0,-0.11618]},"J5o":{"weight":0.0,"played":[0.2199,0.7801],"evs":[0.0,0.06261]},"Q5o":{"weight":0.0,"played":[7.0E-4,0.9993],"evs":[0.0,1.97944]},"K5o":{"weight":0.0,"played":[0.0,1.0],"evs":[0.0,1.37683]},"A5o":{"weight":0.5172,"played":[0.0088,0.9912],"evs":[0.0,2.03729]},"62s":{"weight":0.0,"played":[0.3568,0.6432],"evs":[0.0,0.09053]},"63s":{"weight":0.0,"played":[0.9073,0.0927],"evs":[0.0,-2.18152]},"64s":{"weight":0.0,"played":[0.1913,0.8087],"evs":[0.0,2.6438]},"65s":{"weight":0.0,"played":[0.1167,0.8833],"evs":[0.0,0.72405]},"66":{"weight":8.0E-4,"played":[0.3819,0.6181],"evs":[0.0,-0.28581]},"76o":{"weight":0.0,"played":[0.1758,0.8242],"evs":[0.0,0.71151]},"86o":{"weight":0.0,"played":[0.0579,0.9421],"evs":[0.0,0.85462]},"96o":{"weight":0.0,"played":[0.0811,0.9189],"evs":[0.0,2.5557]},"T6o":{"weight":0.0,"played":[0.6951,0.3049],"evs":[0.0,-0.06794]},"J6o":{"weight":0.0,"played":[0.3808,0.6192],"evs":[0.0,0.22516]},"Q6o":{"weight":0.0,"played":[0.1962,0.8038],"evs":[0.0,0.95506]},"K6o":{"weight":0.0,"played":[0.0073,0.9927],"evs":[0.0,3.91346]},"A6o":{"weight":0.9936,"played":[1.0E-4,0.9999],"evs":[0.0,4.38158]},"72s":{"weight":0.0,"played":[0.6206,0.3794],"evs":[0.0,-0.25338]},"73s":{"weight":0.0,"played":[0.2629,0.7371],"evs":[0.0,1.93156]},"74s":{"weight":0.0,"played":[0.5017,0.4983],"evs":[0.0,-0.63945]},"75s":{"weight":0.0,"played":[0.0093,0.9907],"evs":[0.0,1.25166]},"76s":{"weight":0.0,"played":[0.1293,0.8707],"evs":[0.0,1.68871]},"77":{"weight":0.9426,"played":[0.003,0.997],"evs":[0.0,3.35551]},"87o":{"weight":0.0,"played":[0.3623,0.6377],"evs":[0.0,0.97085]},"97o":{"weight":0.0,"played":[0.0203,0.9797],"evs":[0.0,2.38588]},"T7o":{"weight":0.0,"played":[0.0564,0.9436],"evs":[0.0,1.57364]},"J7o":{"weight":0.0,"played":[0.0059,0.9941],"evs":[0.0,0.73314]},"Q7o":{"weight":0.0,"played":[0.0132,0.9868],"evs":[0.0,1.43931]},"K7o":{"weight":5.0E-4,"played":[0.0,1.0],"evs":[0.0,0.0061]},"A7o":{"weight":0.2035,"played":[0.0024,0.9976],"evs":[0.0,1.49195]},"82s":{"weight":0.0,"played":[0.8688,0.1312],"evs":[0.0,-1.93838]},"83s":{"weight":0.0,"played":[0.7172,0.2828],"evs":[0.0,-0.60788]},"84s":{"weight":0.0,"played":[0.9816,0.0184],"evs":[0.0,-0.78488]},"85s":{"weight":0.0,"played":[0.4431,0.5569],"evs":[0.0,0.53299]},"86s":{"weight":0.0,"played":[1.0E-4,0.9999],"evs":[0.0,0.95334]},"87s":{"weight":0.0,"played":[0.7561,0.2439],"evs":[0.0,0.55178]},"88":{"weight":0.9365,"played":[0.0046,0.9954],"evs":[0.0,5.87991]},"98o":{"weight":0.0,"played":[0.008,0.992],"evs":[0.0,0.4932]},"T8o":{"weight":0.0,"played":[0.2786,0.7214],"evs":[0.0,1.50928]},"J8o":{"weight":0.0,"played":[0.6513,0.3487],"evs":[0.0,-0.61857]},"Q8o":{"weight":0.0,"played":[0.0477,0.9523],"evs":[0.0,2.83965]},"K8o":{"weight":0.0,"played":[0.0012,0.9988],"evs":[0.0,3.17384]},"A8o":{"weight":0.0929,"played":[0.0088,0.9912],"evs":[0.0,5.56605]},"92s":{"weight":0.0,"played":[0.0922,0.9078],"evs":[0.0,1.52799]},"93s":{"weight":0.0,"played":[0.078,0.922],"evs":[0.0,0.04922]},"94s":{"weight":0.0,"played":[0.4385,0.5615],"evs":[0.0,0.25362]},"95s":{"weight":0.0,"played":[0.423,0.577],"evs":[0.0,1.1892]},"96s":{"weight":0.0,"played":[0.1254,0.8746],"evs":[0.0,1.24671]},"97s":{"weight":1.0E-4,"played":[0.302,0.698],"evs":[0.0,0.17717]},"98s":{"weight":0.0,"played":[0.0967,0.9033],"evs":[0.0,3.68279]},"99":{"weight":0.1885,"played":[4.0E-4,0.9996],"evs":[0.0,7.18154]},"T9o":{"weight":0.0049,"played":[0.1629,0.8371],"evs":[0.0,0.46932]},"J9o":{"weight":0.001,"played":[9.0E-4,0.9991],"evs":[0.0,1.7841]},"Q9o":{"weight":0.0053,"played":[0.0167,0.9833],"evs":[0.0,2.55299]},"K9o":{"weight":0.1896,"played":[1.0E-4,0.9999],"evs":[0.0,3.20286]},"A9o":{"weight":0.0872,"played":[0.0018,0.9982],"evs":[0.0,4.54781]},"T2s":{"weight":0.0,"played":[0.7953,0.2047],"evs":[0.0,-0.17703]},"T3s":{"weight":0.0,"played":[0.5311,0.4689],"evs":[0.0,3.19281]},"T4s":{"weight":0.0,"played":[0.3576,0.6424],"evs":[0.0,0.7582]},"T5s":{"weight":0.0,"played":[0.1447,0.8553],"evs":[0.0,1.37803]},"T6s":{"weight":0.0,"played":[0.3934,0.6066],"evs":[0.0,-1.49831]},"T7s":{"weight":0.0,"played":[0.1758,0.8242],"evs":[0.0,1.42632]},"T8s":{"weight":0.03,"played":[0.0127,0.9873],"evs":[0.0,1.74247]},"T9s":{"weight":0.9773,"played":[0.0626,0.9374],"evs":[0.0,4.95829]},"TT":{"weight":0.7621,"played":[2.0E-4,0.9998],"evs":[0.0,6.22508]},"JTo":{"weight":0.4922,"played":[8.0E-4,0.9992],"evs":[0.0,2.61977]},"QTo":{"weight":0.3556,"played":[3.0E-4,0.9997],"evs":[0.0,3.46214]},"KTo":{"weight":0.1553,"played":[0.0,1.0],"evs":[0.0,4.16536]},"ATo":{"weight":0.0,"played":[1.0E-4,0.9999],"evs":[0.0,6.818]},"J2s":{"weight":0.0,"played":[0.0264,0.9736],"evs":[0.0,2.62211]},"J3s":{"weight":0.0,"played":[0.0107,0.9893],"evs":[0.0,2.43921]},"J4s":{"weight":0.0,"played":[0.0865,0.9135],"evs":[0.0,2.72072]},"J5s":{"weight":0.0,"played":[0.1616,0.8384],"evs":[0.0,1.66871]},"J6s":{"weight":0.0,"played":[0.0109,0.9891],"evs":[0.0,4.34874]},"J7s":{"weight":2.0E-4,"played":[0.1974,0.8026],"evs":[0.0,1.91868]},"J8s":{"weight":3.0E-4,"played":[0.0341,0.9659],"evs":[0.0,0.6723]},"J9s":{"weight":0.8283,"played":[0.008,0.992],"evs":[0.0,3.5911]},"JTs":{"weight":0.5948,"played":[0.0657,0.9343],"evs":[0.0,3.96828]},"JJ":{"weight":0.2718,"played":[0.001,0.999],"evs":[0.0,7.51584]},"QJo":{"weight":0.2577,"played":[5.0E-4,0.9995],"evs":[0.0,2.44048]},"KJo":{"weight":0.11,"played":[0.0015,0.9985],"evs":[0.0,5.34704]},"AJo":{"weight":0.212,"played":[2.0E-4,0.9998],"evs":[0.0,5.11653]},"Q2s":{"weight":0.0,"played":[0.4761,0.5239],"evs":[0.0,-0.06224]},"Q3s":{"weight":0.0,"played":[0.285,0.715],"evs":[0.0,0.54445]},"Q4s":{"weight":0.0,"played":[0.0032,0.9968],"evs":[0.0,1.0944]},"Q5s":{"weight":0.0,"played":[0.0738,0.9262],"evs":[0.0,2.22167]},"Q6s":{"weight":3.0E-4,"played":[0.0185,0.9815],"evs":[0.0,2.24507]},"Q7s":{"weight":0.0,"played":[0.0254,0.9746],"evs":[0.0,1.28165]},"Q8s":{"weight":0.0051,"played":[6.0E-4,0.9994],"evs":[0.0,4.04201]},"Q9s":{"weight":0.4682,"played":[0.034,0.966],"evs":[0.0,4.44275]},"QTs":{"weight":0.0,"played":[0.0023,0.9977],"evs":[0.0,4.58901]},"QJs":{"weight":0.1563,"played":[0.0017,0.9983],"evs":[0.0,7.47044]},"QQ":{"weight":0.0319,"played":[2.0E-4,0.9998],"evs":[0.0,8.65126]},"KQo":{"weight":0.073,"played":[8.0E-4,0.9992],"evs":[0.0,4.76716]},"AQo":{"weight":0.5031,"played":[7.0E-4,0.9993],"evs":[0.0,6.41805]},"K2s":{"weight":0.0,"played":[0.1036,0.8964],"evs":[0.0,4.63449]},"K3s":{"weight":0.0,"played":[0.0843,0.9157],"evs":[0.0,2.15471]},"K4s":{"weight":0.0,"played":[0.0353,0.9647],"evs":[0.0,2.58374]},"K5s":{"weight":0.0,"played":[0.1613,0.8387],"evs":[0.0,1.89745]},"K6s":{"weight":0.0,"played":[0.217,0.783],"evs":[0.0,0.94212]},"K7s":{"weight":5.0E-4,"played":[0.0248,0.9752],"evs":[0.0,5.10066]},"K8s":{"weight":0.0,"played":[0.0026,0.9974],"evs":[0.0,3.45363]},"K9s":{"weight":0.0992,"played":[0.0119,0.9881],"evs":[0.0,4.26955]},"KTs":{"weight":0.0,"played":[0.1547,0.8453],"evs":[0.0,4.30329]},"KJs":{"weight":0.8516,"played":[0.002,0.998],"evs":[0.0,4.77797]},"KQs":{"weight":0.5918,"played":[0.0081,0.9919],"evs":[0.0,6.50878]},"KK":{"weight":0.0071,"played":[1.0E-4,0.9999],"evs":[0.0,8.8279]},"AKo":{"weight":0.0932,"played":[8.0E-4,0.9992],"evs":[0.0,5.30293]},"A2s":{"weight":0.0,"played":[0.1084,0.8916],"evs":[0.0,2.01221]},"A3s":{"weight":0.0,"played":[0.1734,0.8266],"evs":[0.0,2.0577]},"A4s":{"weight":0.098,"played":[0.0126,0.9874],"evs":[0.0,2.49834]},"A5s":{"weight":0.0,"played":[0.0176,0.9824],"evs":[0.0,5.1795]},"A6s":{"weight":0.0,"played":[0.04,0.96],"evs":[0.0,3.21796]},"A7s":{"weight":0.3923,"played":[0.0017,0.9983],"evs":[0.0,2.92656]},"A8s":{"weight":7.0E-4,"played":[0.0265,0.9735],"evs":[0.0,5.41459]},"A9s":{"weight":0.0,"played":[0.0285,0.9715],"evs":[0.0,8.11154]},"ATs":{"weight":0.0,"played":[0.012,0.988],"evs":[0.0,8.03394]},"AJs":{"weight":0.0,"played":[2.0E-4,0.9998],"evs":[0.0,6.68247]},"AQs":{"weight":0.0,"played":[8.0E-4,0.9992],"evs":[0.0,12.35674]},"AKs":{"weight":0.7375,"played":[2.0E-4,0.9998],"evs":[0.0,7.96567]},"AA":{"weight":0.9702,"played":[0.0,1.0],"evs":[0.0,13.31815]}}}