{"player":0,"street":0,"children":2,"sequence":[{"player":0,"type":"R","amount":200000,"street":0},{"player":1,"type":"F","amount":0,"street":0},{"player":2,"type":"F","amount":0,"street":0},{"player":3,"type":"C","amount":200000,"street":0},{"player":4,"type":"C","amount":150000,"street":0},{"player":5,"type":"R","amount":945000,"street":0}],"actions":[{"type":"F","amount":0,"node":263},{"type":"C","amount":435000,"node":266}],"hands":{"22":{"weight":0.0,"played":[0.1002,0.8998],"evs":[0.0,2.53697]},"32o":{"weight":0.0,"played":[0.9952,0.0048],"evs":[0.0,-1.1626]},"42o":{"weight":0.0,"played":[0.8853,0.1147],"evs":[0.0,-1.98454]},"52o":{"weight":0.0,"played":[0.4212,0.5788],"evs":[0.0,2.72816]},"62o":{"weight":0.0,"played":[0.6739,0.3261],"evs":[0.0,-0.7742]},"72o":{"weight":0.0,"played":[0.7272,0.2728],"evs":[0.0,-0.93298]},"82o":{"weight":0.0,"played":[0.9643,0.0357],"evs":[0.0,-0.29524]},"92o":{"weight":0.0,"played":[0.6243,0.3757],"evs":[0.0,0.74544]},"T2o":{"weight":0.0,"played":[0.9247,0.0753],"evs":[0.0,-0.87086]},"J2o":{"weight":0.0,"played":[0.7352,0.2648],"evs":[0.0,-0.93647]},"Q2o":{"weight":0.0,"played":[0.2831,0.7169],"evs":[0.0,0.4002]},"K2o":{"weight":0.0,"played":[0.2019,0.7981],"evs":[0.0,0.76116]},"A2o":{"weight":5.0E-4,"played":[0.7854,0.2146],"evs":[0.0,0.0675]},"32s":{"weight":0.0,"played":[0.404,0.596],"evs":[0.0,-0.48935]},"33":{"weight":0.005,"played":[0.0814,0.9186],"evs":[0.0,3.11785]},"43o":{"weight":0.0,"played":[0.7092,0.2908],"evs":[0.0,-1.10599]},"53o":{"weight":0.0,"played":[0.7124,0.2876],"evs":[0.0,-0.21171]},"63o":{"weight":0.0,"played":[0.4508,0.5492],"evs":[0.0,0.75009]},"73o":{"weight":0.0,"played":[0.6789,0.3211],"evs":[0.0,-0.75292]},"83o":{"weight":0.0,"played":[0.9998,2.0E-4],"evs":[0.0,-1.73506]},"93o":{"weight":0.0,"played":[0.6286,0.3714],"evs":[0.0,-0.87302]},"T3o":{"weight":0.0,"played":[2.0E-4,0.9998],"evs":[0.0,0.75345]},"J3o":{"weight":0.0,"played":[0.1157,0.8843],"evs":[0.0,0.55]},"Q3o":{"weight":0.0,"played":[0.0126,0.9874],"evs":[0.0,1.16604]},"K3o":{"weight":0.0,"played":[0.0469,0.9531],"evs":[0.0,1.09899]},"A3o":{"weight":2.0E-4,"played":[0.0302,0.9698],"evs":[0.0,3.77099]},"42s":{"weight":0.0,"played":[0.5467,0.4533],"evs":[0.0,-1.66035]},"43s":{"weight":0.0,"played":[0.5383,0.4617],"evs":[0.0,0.07997]},"44":{"weight":0.1633,"played":[7.0E-4,0.9993],"evs":[0.0,2.65591]},"54o":{"weight":0.0,"played":[0.6669,0.3331],"evs":[0.0,-0.92943]},"64o":{"weight":0.0,"played":[0.4484,0.5516],"evs":[0.0,-1.62751]},"74o":{"weight":0.0,"played":[0.6932,0.3068],"evs":[0.0,-0.7848]},"84o":{"weight":0.0,"played":[0.0819,0.9181],"evs":[0.0,2.0015]},"94o":{"weight":0.0,"played":[0.1414,0.8586],"evs":[0.0,3.06988]},"T4o":{"weight":0.0,"played":[0.4228,0.5772],"evs":[0.0,-0.3472]},"J4o":{"weight":0.0,"played":[0.0947,0.9053],"evs":[0.0,2.78914]},"Q4o":{"weight":0.0,"played":[0.0472,0.9528],"evs":[0.0,3.50548]},"K4o":{"weight":0.0,"played":[0.2816,0.7184],"evs":[0.0,2.00009]},"A4o":{"weight":0.4021,"played":[0.001,0.999],"evs":[0.0,1.9294]},"52s":{"weight":0.0,"played":[0.0702,0.9298],"evs":[0.0,2.97857]},"53s":{"weight":0.0,"played":[0.9165,0.0835],"evs":[0.0,-1.18575]},"54s":{"weight":0.0,"played":[1.0E-4,0.9999],"evs":[0.0,3.02255]},"55":{"weight":0.4584,"played":[0.0699,0.9301],"evs":[0.0,1.83466]},"65o":{"weight":0.0,"played":[0.6651,0.3349],"evs":[0.0,0.34432]},"75o":{"weight":0.0,"played":[0.0907,0.9093],"evs":[0.0,1.29396]},"85o":{"weight":0.0,"played":[0.1196,0.8804],"evs":[0.0,0.25291]},"95o":{"weight":0.0,"played":[0.2994,0.7006],"evs":[0.0,0.92322]},"T5o":{"weight":0.0,"played":[0.1502,0.8498],"evs":[0.0,1.1032]},"J5o":{"weight":0.0,"played":[0.0359,0.9641],"evs":[0.0,1.31786]},"Q5o":{"weight":0.0,"played":[0.665,0.335],"evs":[0.0,0.25259]},"K5o":{"weight":0.0,"played":[0.0847,0.9153],"evs":[0.0,0.81788]},"A5o":{"weight":0.5172,"played":[0.0084,0.9916],"evs":[0.0,1.48401]},"62s":{"weight":0.0,"played":[0.0178,0.9822],"evs":[0.0,1.46249]},"63s":{"weight":0.0,"played":[0.349,0.651],"evs":[0.0,-0.4299]},"64s":{"weight":0.0,"played":[0.1439,0.8561],"evs":[0.0,1.5468]},"65s":{"weight":0.0,"played":[0.62,0.38],"evs":[0.0,3.00284]},"66":{"weight":8.0E-4,"played":[0.0,1.0],"evs":[0.0,6.132]},"76o":{"weight":0.0,"played":[0.361,0.639],"evs":[0.0,-0.3409]},"86o":{"weight":0.0,"played":[0.1601,0.8399],"evs":[0.0,1.22771]},"96o":{"weight":0.0,"played":[0.695,0.305],"evs":[0.0,-1.69592]},"T6o":{"weight":0.0,"played":[0.5956,0.4044],"evs":[0.0,-0.40695]},"J6o":{"weight":0.0,"played":[0.0959,0.9041],"evs":[0.0,1.25643]},"Q6o":{"weight":0.0,"played":[0.0886,0.9114],"evs":[0.0,2.30252]},"K6o":{"weight":0.0,"played":[0.0058,0.9942],"evs":[0.0,2.15339]},"A6o":{"weight":0.9936,"played":[0.0126,0.9874],"evs":[0.0,2.63474]},"72s":{"weight":0.0,"played":[0.7654,0.2346],"evs":[0.0,-2.4653]},"73s":{"weight":0.0,"played":[0.0608,0.9392],"evs":[0.0,2.4601]},"74s":{"weight":0.0,"played":[0.0755,0.9245],"evs":[0.0,1.92816]},"75s":{"weight":0.0,"played":[0.2948,0.7052],"evs":[0.0,-0.34801]},"76s":{"weight":0.0,"played":[0.242,0.758],"evs":[0.0,3.30988]},"77":{"weight":0.9426,"played":[0.0029,0.9971],"evs":[0.0,1.61542]},"87o":{"weight":0.0,"played":[0.3244,0.6756],"evs":[0.0,0.25376]},"97o":{"weight":0.0,"played":[0.1253,0.8747],"evs":[0.0,-0.43629]},"T7o":{"weight":0.0,"played":[0.5256,0.4744],"evs":[0.0,0.91372]},"J7o":{"weight":0.0,"played":[0.1147,0.8853],"evs":[0.0,2.89444]},"Q7o":{"weight":0.0,"played":[0.0135,0.9865],"evs":[0.0,0.8569]},"K7o":{"weight":5.0E-4,"played":[0.0171,0.9829],"evs":[0.0,4.59537]},"A7o":{"weight":0.2035,"played":[0.0026,0.9974],"evs":[0.0,4.41073]},"82s":{"weight":0.0,"played":[0.0467,0.9533],"evs":[0.0,0.99638]},"83s":{"weight":0.0,"played":[0.9608,0.0392],"evs":[0.0,-2.06672]},"84s":{"weight":0.0,"played":[0.5611,0.4389],"evs":[0.0,2.28655]},"85s":{"weight":0.0,"played":[0.8727,0.1273],"evs":[0.0,0.31868]},"86s":{"weight":0.0,"played":[0.5135,0.4865],"evs":[0.0,2.6225]},"87s":{"weight":0.0,"played":[0.7102,0.2898],"evs":[0.0,-2.96383]},"88":{"weight":0.9365,"played":[0.0019,0.9981],"evs":[0.0,6.42548]},"98o":{"weight":0.0,"played":[0.1078,0.8922],"evs":[0.0,1.56773]},"T8o":{"weight":0.0,"played":[0.1862,0.8138],"evs":[0.0,1.02387]},"J8o":{"weight":0.0,"played":[0.0935,0.9065],"evs":[0.0,3.05154]},"Q8o":{"weight":0.0,"played":[6.0E-4,0.9994],"evs":[0.0,9.37426]},"K8o":{"weight":0.0,"played":[0.0022,0.9978],"evs":[0.0,6.13717]},"A8o":{"weight":0.0929,"played":[0.0,1.0],"evs":[0.0,3.67887]},"92s":{"weight":0.0,"played":[0.8388,0.1612],"evs":[0.0,-2.17911]},"93s":{"weight":0.0,"played":[0.0033,0.9967],"evs":[0.0,2.7123]},"94s":{"weight":0.0,"played":[0.3638,0.6362],"evs":[0.0,-0.57945]},"95s":{"weight":0.0,"played":[0.7269,0.2731],"evs":[0.0,0.37248]},"96s":{"weight":0.0,"played":[0.7721,0.2279],"evs":[0.0,-3.52732]},"97s":{"weight":1.0E-4,"played":[0.7661,0.2339],"evs":[0.0,-0.83271]},"98s":{"weight":0.0,"played":[0.0743,0.9257],"evs":[0.0,2.56848]},"99":{"weight":0.1885,"played":[0.0,1.0],"evs":[0.0,6.24098]},"T9o":{"weight":0.0049,"played":[0.0118,0.9882],"evs":[0.0,4.10491]},"J9o":{"weight":0.001,"played":[0.1675,0.8325],"evs":[0.0,0.74172]},"Q9o":{"weight":0.0053,"played":[0.0056,0.9944],"evs":[0.0,1.76518]},"K9o":{"weight":0.1896,"played":[3.0E-4,0.9997],"evs":[0.0,3.69217]},"A9o":{"weight":0.0872,"played":[5.0E-4,0.9995],"evs":[0.0,5.76367]},"T2s":{"weight":0.0,"played":[0.2052,0.7948],"evs":[0.0,4.47622]},"T3s":{"weight":0.0,"played":[0.0326,0.9674],"evs":[0.0,2.19968]},"T4s":{"weight":0.0,"played":[0.7595,0.2405],"evs":[0.0,-0.96641]},"T5s":{"weight":0.0,"played":[0.7802,0.2198],"evs":[0.0,-1.50605]},"T6s":{"weight":0.0,"played":[0.3321,0.6679],"evs":[0.0,2.11868]},"T7s":{"weight":0.0,"played":[0.0612,0.9388],"evs":[0.0,4.40879]},"T8s":{"weight":0.03,"played":[0.4937,0.5063],"evs":[0.0,0.36851]},"T9s":{"weight":0.9773,"played":[0.3981,0.6019],"evs":[0.0,4.01126]},"TT":{"weight":0.7621,"played":[0.0045,0.9955],"evs":[0.0,10.72764]},"JTo":{"weight":0.4922,"played":[0.0031,0.9969],"evs":[0.0,2.96748]},"QTo":{"weight":0.3556,"played":[0.0,1.0],"evs":[0.0,2.8807]},"KTo":{"weight":0.1553,"played":[0.0067,0.9933],"evs":[0.0,2.65615]},"ATo":{"weight":0.0,"played":[8.0E-4,0.9992],"evs":[0.0,5.76074]},"J2s":{"weight":0.0,"played":[0.1478,0.8522],"evs":[0.0,2.53633]},"J3s":{"weight":0.0,"played":[0.2606,0.7394],"evs":[0.0,7.19213]},"J4s":{"weight":0.0,"played":[0.1812,0.8188],"evs":[0.0,2.86896]},"J5s":{"weight":0.0,"played":[0.1061,0.8939],"evs":[0.0,6.07633]},"J6s":{"weight":0.0,"played":[0.6079,0.3921],"evs":[0.0,-0.39188]},"J7s":{"weight":2.0E-4,"played":[0.4788,0.5212],"evs":[0.0,-0.22359]},"J8s":{"weight":3.0E-4,"played":[0.0839,0.9161],"evs":[0.0,5.47148]},"J9s":{"weight":0.8283,"played":[0.0075,0.9925],"evs":[0.0,5.36442]},"JTs":{"weight":0.5948,"played":[0.0039,0.9961],"evs":[0.0,2.02498]},"JJ":{"weight":0.2718,"played":[0.0022,0.9978],"evs":[0.0,10.17467]},"QJo":{"weight":0.2577,"played":[0.0025,0.9975],"evs":[0.0,4.53918]},"KJo":{"weight":0.11,"played":[0.0057,0.9943],"evs":[0.0,5.2783]},"AJo":{"weight":0.212,"played":[8.0E-4,0.9992],"evs":[0.0,8.5446]},"Q2s":{"weight":0.0,"played":[0.3555,0.6445],"evs":[0.0,0.41774]},"Q3s":{"weight":0.0,"played":[0.0079,0.9921],"evs":[0.0,4.60651]},"Q4s":{"weight":0.0,"played":[0.0037,0.9963],"evs":[0.0,3.8923]},"Q5s":{"weight":0.0,"played":[0.8728,0.1272],"evs":[0.0,1.27675]},"Q6s":{"weight":3.0E-4,"played":[0.5944,0.4056],"evs":[0.0,-0.96056]},"Q7s":{"weight":0.0,"played":[0.3462,0.6538],"evs":[0.0,1.1785]},"Q8s":{"weight":0.0051,"played":[0.0083,0.9917],"evs":[0.0,8.58921]},"Q9s":{"weight":0.4682,"played":[0.1763,0.8237],"evs":[0.0,-1.00775]},"QTs":{"weight":0.0,"played":[0.1413,0.8587],"evs":[0.0,5.86502]},"QJs":{"weight":0.1563,"played":[0.0456,0.9544],"evs":[0.0,7.52596]},"QQ":{"weight":0.0319,"played":[0.0284,0.9716],"evs":[0.0,8.85782]},"KQo":{"weight":0.073,"played":[0.0037,0.9963],"evs":[0.0,7.43094]},"AQo":{"weight":0.5031,"played":[0.0014,0.9986],"evs":[0.0,6.92456]},"K2s":{"weight":0.0,"played":[0.4209,0.5791],"evs":[0.0,0.76143]},"K3s":{"weight":0.0,"played":[0.5447,0.4553],"evs":[0.0,-0.67645]},"K4s":{"weight":0.0,"played":[0.128,0.872],"evs":[0.0,1.52145]},"K5s":{"weight":0.0,"played":[0.0936,0.9064],"evs":[0.0,1.26694]},"K6s":{"weight":0.0,"played":[0.0833,0.9167],"evs":[0.0,0.51859]},"K7s":{"weight":5.0E-4,"played":[0.162,0.838],"evs":[0.0,6.69889]},"K8s":{"weight":0.0,"played":[0.1315,0.8685],"evs":[0.0,6.08561]},"K9s":{"weight":0.0992,"played":[0.009,0.991],"evs":[0.0,6.77212]},"KTs":{"weight":0.0,"played":[0.1419,0.8581],"evs":[0.0,1.92276]},"KJs":{"weight":0.8516,"played":[0.0065,0.9935],"evs":[0.0,5.67877]},"KQs":{"weight":0.5918,"played":[0.014,0.986],"evs":[0.0,2.80367]},"KK":{"weight":0.0071,"played":[0.0088,0.9912],"evs":[0.0,12.74791]},"AKo":{"weight":0.0932,"played":[0.0295,0.9705],"evs":[0.0,5.68355]},"A2s":{"weight":0.0,"played":[0.0238,0.9762],"evs":[0.0,3.6675]},"A3s":{"weight":0.0,"played":[0.0216,0.9784],"evs":[0.0,6.43431]},"A4s":{"weight":0.098,"played":[0.0158,0.9842],"evs":[0.0,0.03985]},"A5s":{"weight":0.0,"played":[0.0392,0.9608],"evs":[0.0,0.57998]},"A6s":{"weight":0.0,"played":[0.4542,0.5458],"evs":[0.0,-1.19197]},"A7s":{"weight":0.3923,"played":[0.1625,0.8375],"evs":[0.0,4.74356]},"A8s":{"weight":7.0E-4,"played":[0.0759,0.9241],"evs":[0.0,7.7002]},"A9s":{"weight":0.0,"played":[0.0536,0.9464],"evs":[0.0,8.10686]},"ATs":{"weight":0.0,"played":[0.2254,0.7746],"evs":[0.0,2.39868]},"AJs":{"weight":0.0,"played":[0.0778,0.9222],"evs":[0.0,3.87152]},"AQs":{"weight":0.0,"played":[0.0023,0.9977],"evs":[0.0,8.12899]},"AKs":{"weight":0.7375,"played":[1.0E-4,0.9999],"evs":[0.0,5.35371]},"AA":{"weight":0.9702,"played":[4.0E-4,0.9996],"evs":[0.0,14.36136]}}}