{"player":4,"street":0,"children":2,"sequence":[{"player":0,"type":"R","amount":200000,"street":0},{"player":1,"type":"F","amount":0,"street":0},{"player":2,"type":"F","amount":0,"street":0},{"player":3,"type":"C","amount":200000,"street":0},{"player":4,"type":"C","amount":150000,"street":0},{"player":5,"type":"R","amount":945000,"street":0},{"player":0,"type":"C","amount":435000,"street":0},{"player":3,"type":"F","amount":0,"street":0}],"actions":[{"type":"F","amount":0},{"type":"C","amount":745000}],"hands":{"22":{"weight":0.0235,"played":[0.9657,0.0343],"evs":[0.0,-9.10811]},"32o":{"weight":0.1929,"played":[0.6899,0.3101],"evs":[0.0,0.28667]},"42o":{"weight":0.2698,"played":[0.1489,0.8511],"evs":[0.0,3.40246]},"52o":{"weight":0.0017,"played":[0.7739,0.2261],"evs":[0.0,-1.67339]},"62o":{"weight":0.4678,"played":[0.2517,0.7483],"evs":[0.0,3.77571]},"72o":{"weight":0.0179,"played":[0.1696,0.8304],"evs":[0.0,4.34823]},"82o":{"weight":0.1432,"played":[0.8547,0.1453],"evs":[0.0,-8.62667]},"92o":{"weight":0.0213,"played":[0.4651,0.5349],"evs":[0.0,2.47903]},"T2o":{"weight":0.0322,"played":[0.6308,0.3692],"evs":[0.0,-5.35014]},"J2o":{"weight":0.016,"played":[0.1948,0.8052],"evs":[0.0,7.63366]},"Q2o":{"weight":0.0624,"played":[0.4572,0.5428],"evs":[0.0,0.51441]},"K2o":{"weight":0.0121,"played":[0.0351,0.9649],"evs":[0.0,3.25968]},"A2o":{"weight":0.0028,"played":[0.0023,0.9977],"evs":[0.0,-0.21597]},"32s":{"weight":0.0127,"played":[0.4469,0.5531],"evs":[0.0,-1.34219]},"33":{"weight":0.2356,"played":[0.3111,0.6889],"evs":[0.0,12.90148]},"43o":{"weight":0.1617,"played":[0.598,0.402],"evs":[0.0,-3.3299]},"53o":{"weight":0.0113,"played":[0.6833,0.3167],"evs":[0.0,0.20984]},"63o":{"weight":0.2265,"played":[0.5886,0.4114],"evs":[0.0,-4.58266]},"73o":{"weight":0.2658,"played":[0.574,0.426],"evs":[0.0,-0.05848]},"83o":{"weight":0.01,"played":[0.0595,0.9405],"evs":[0.0,11.47835]},"93o":{"weight":0.1086,"played":[0.8127,0.1873],"evs":[0.0,9.66516]},"T3o":{"weight":0.0584,"played":[0.4114,0.5886],"evs":[0.0,-4.05791]},"J3o":{"weight":0.072,"played":[0.7154,0.2846],"evs":[0.0,-4.6414]},"Q3o":{"weight":0.0017,"played":[0.9743,0.0257],"evs":[0.0,2.93184]},"K3o":{"weight":0.16,"played":[0.7887,0.2113],"evs":[0.0,-4.06568]},"A3o":{"weight":0.0481,"played":[0.9911,0.0089],"evs":[0.0,-9.10781]},"42s":{"weight":0.062,"played":[0.9958,0.0042],"evs":[0.0,-2.08891]},"43s":{"weight":0.0011,"played":[0.6489,0.3511],"evs":[0.0,-7.00427]},"44":{"weight":0.0022,"played":[0.0916,0.9084],"evs":[0.0,1.76275]},"54o":{"weight":0.3547,"played":[0.6944,0.3056],"evs":[0.0,-3.18372]},"64o":{"weight":0.0026,"played":[0.9421,0.0579],"evs":[0.0,-8.82395]},"74o":{"weight":0.1548,"played":[0.4616,0.5384],"evs":[0.0,-6.35111]},"84o":{"weight":0.0042,"played":[0.6509,0.3491],"evs":[0.0,0.87501]},"94o":{"weight":0.0464,"played":[0.4683,0.5317],"evs":[0.0,-4.60753]},"T4o":{"weight":0.0818,"played":[0.1229,0.8771],"evs":[0.0,13.22731]},"J4o":{"weight":0.0175,"played":[0.0069,0.9931],"evs":[0.0,4.59767]},"Q4o":{"weight":0.0137,"played":[0.5576,0.4424],"evs":[0.0,-2.16799]},"K4o":{"weight":0.0178,"played":[0.3953,0.6047],"evs":[0.0,-6.31931]},"A4o":{"weight":0.0017,"played":[0.7148,0.2852],"evs":[0.0,0.58467]},"52s":{"weight":0.1279,"played":[0.7771,0.2229],"evs":[0.0,13.13495]},"53s":{"weight":0.0194,"played":[0.8447,0.1553],"evs":[0.0,-6.74261]},"54s":{"weight":0.2561,"played":[0.7363,0.2637],"evs":[0.0,-8.8169]},"55":{"weight":0.0289,"played":[0.8021,0.1979],"evs":[0.0,-9.11222]},"65o":{"weight":0.3039,"played":[0.2769,0.7231],"evs":[0.0,1.84023]},"75o":{"weight":0.0395,"played":[0.9618,0.0382],"evs":[0.0,-7.43994]},"85o":{"weight":0.0537,"played":[0.3629,0.6371],"evs":[0.0,-2.11761]},"95o":{"weight":0.0053,"played":[0.9383,0.0617],"evs":[0.0,-9.1077]},"T5o":{"weight":0.1853,"played":[0.5677,0.4323],"evs":[0.0,1.42997]},"J5o":{"weight":0.1137,"played":[0.5722,0.4278],"evs":[0.0,10.17545]},"Q5o":{"weight":0.063,"played":[0.5369,0.4631],"evs":[0.0,-3.81414]},"K5o":{"weight":0.0708,"played":[0.0209,0.9791],"evs":[0.0,4.36338]},"A5o":{"weight":0.0125,"played":[0.3924,0.6076],"evs":[0.0,-0.75874]},"62s":{"weight":0.1987,"played":[0.5,0.5],"evs":[0.0,0.0]},"63s":{"weight":0.0679,"played":[0.5,0.5],"evs":[0.0,31.02642]},"64s":{"weight":0.4188,"played":[0.3338,0.6662],"evs":[0.0,7.32069]},"65s":{"weight":0.0047,"played":[0.5,0.5],"evs":[0.0,-9.10655]},"66":{"weight":6.0E-4,"played":[0.3866,0.6134],"evs":[0.0,5.87056]},"76o":{"weight":0.1193,"played":[0.0571,0.9429],"evs":[0.0,8.52041]},"86o":{"weight":0.0238,"played":[0.1071,0.8929],"evs":[0.0,0.76153]},"96o":{"weight":0.051,"played":[0.161,0.839],"evs":[0.0,11.57545]},"T6o":{"weight":1.0E-4,"played":[0.6901,0.3099],"evs":[0.0,-7.20019]},"J6o":{"weight":0.1277,"played":[0.6066,0.3934],"evs":[0.0,7.07953]},"Q6o":{"weight":0.3716,"played":[0.8243,0.1757],"evs":[0.0,3.81579]},"K6o":{"weight":0.1662,"played":[0.3755,0.6245],"evs":[0.0,3.52775]},"A6o":{"weight":0.1472,"played":[0.2512,0.7488],"evs":[0.0,1.44647]},"72s":{"weight":0.0442,"played":[0.0201,0.9799],"evs":[0.0,30.38936]},"73s":{"weight":0.1436,"played":[0.3751,0.6249],"evs":[0.0,-5.43862]},"74s":{"weight":0.4687,"played":[0.9525,0.0475],"evs":[0.0,-7.04352]},"75s":{"weight":6.0E-4,"played":[0.779,0.221],"evs":[0.0,-9.11594]},"76s":{"weight":0.1099,"played":[0.5696,0.4304],"evs":[0.0,-7.62502]},"77":{"weight":0.0162,"played":[0.0842,0.9158],"evs":[0.0,9.25136]},"87o":{"weight":0.2902,"played":[0.3949,0.6051],"evs":[0.0,4.19755]},"97o":{"weight":0.1216,"played":[0.0129,0.9871],"evs":[0.0,0.77801]},"T7o":{"weight":0.0513,"played":[0.9479,0.0521],"evs":[0.0,-9.10752]},"J7o":{"weight":0.0033,"played":[0.9791,0.0209],"evs":[0.0,-8.32213]},"Q7o":{"weight":0.4635,"played":[0.4263,0.5737],"evs":[0.0,4.10124]},"K7o":{"weight":0.3288,"played":[0.5952,0.4048],"evs":[0.0,5.09992]},"A7o":{"weight":0.4457,"played":[0.5046,0.4954],"evs":[0.0,4.8094]},"82s":{"weight":0.0839,"played":[0.0546,0.9454],"evs":[0.0,-4.72582]},"83s":{"weight":0.1968,"played":[0.389,0.611],"evs":[0.0,14.49545]},"84s":{"weight":0.7221,"played":[0.8626,0.1374],"evs":[0.0,-6.32359]},"85s":{"weight":0.0856,"played":[0.9079,0.0921],"evs":[0.0,15.61502]},"86s":{"weight":0.0466,"played":[0.9598,0.0402],"evs":[0.0,6.65195]},"87s":{"weight":0.1037,"played":[0.5,0.5],"evs":[0.0,1.76275]},"88":{"weight":0.1214,"played":[0.2231,0.7769],"evs":[0.0,31.03176]},"98o":{"weight":0.4325,"played":[0.0185,0.9815],"evs":[0.0,4.7122]},"T8o":{"weight":0.4046,"played":[0.3587,0.6413],"evs":[0.0,6.41958]},"J8o":{"weight":0.0395,"played":[0.0129,0.9871],"evs":[0.0,-0.39076]},"Q8o":{"weight":0.7763,"played":[0.5392,0.4608],"evs":[0.0,1.82279]},"K8o":{"weight":0.1062,"played":[0.6193,0.3807],"evs":[0.0,-4.14671]},"A8o":{"weight":0.1324,"played":[0.7701,0.2299],"evs":[0.0,2.32231]},"92s":{"weight":0.0274,"played":[0.4166,0.5834],"evs":[0.0,-5.05563]},"93s":{"weight":0.2097,"played":[0.5,0.5],"evs":[0.0,0.0]},"94s":{"weight":0.0852,"played":[0.8596,0.1404],"evs":[0.0,-9.11594]},"95s":{"weight":0.3657,"played":[0.2899,0.7101],"evs":[0.0,20.85772]},"96s":{"weight":0.0067,"played":[0.5,0.5],"evs":[0.0,31.03922]},"97s":{"weight":0.7254,"played":[0.8623,0.1377],"evs":[0.0,-1.23429]},"98s":{"weight":0.2483,"played":[0.5,0.5],"evs":[0.0,-9.10655]},"99":{"weight":3.0E-4,"played":[0.0825,0.9175],"evs":[0.0,11.44865]},"T9o":{"weight":0.4188,"played":[0.0406,0.9594],"evs":[0.0,16.15118]},"J9o":{"weight":0.0132,"played":[0.1699,0.8301],"evs":[0.0,10.41031]},"Q9o":{"weight":0.0639,"played":[0.9658,0.0342],"evs":[0.0,-8.21479]},"K9o":{"weight":0.0046,"played":[0.0849,0.9151],"evs":[0.0,-7.26082]},"A9o":{"weight":0.0213,"played":[0.0411,0.9589],"evs":[0.0,1.46093]},"T2s":{"weight":0.0361,"played":[0.5,0.5],"evs":[0.0,0.0]},"T3s":{"weight":0.1414,"played":[0.0109,0.9891],"evs":[0.0,14.91146]},"T4s":{"weight":0.1671,"played":[0.3774,0.6226],"evs":[0.0,0.4339]},"T5s":{"weight":0.5846,"played":[0.9586,0.0414],"evs":[0.0,-3.74697]},"T6s":{"weight":0.2175,"played":[0.0296,0.9704],"evs":[0.0,1.73307]},"T7s":{"weight":0.1474,"played":[0.0222,0.9778],"evs":[0.0,-1.27531]},"T8s":{"weight":0.0873,"played":[0.5,0.5],"evs":[0.0,0.0]},"T9s":{"weight":0.0068,"played":[0.5,0.5],"evs":[0.0,-9.11594]},"TT":{"weight":0.5382,"played":[0.9628,0.0372],"evs":[0.0,9.46133]},"JTo":{"weight":0.4459,"played":[0.0041,0.9959],"evs":[0.0,10.9367]},"QTo":{"weight":0.0866,"played":[0.564,0.436],"evs":[0.0,11.4436]},"KTo":{"weight":0.1501,"played":[0.2214,0.7786],"evs":[0.0,3.8723]},"ATo":{"weight":0.0013,"played":[0.1465,0.8535],"evs":[0.0,18.33506]},"J2s":{"weight":9.0E-4,"played":[0.2251,0.7749],"evs":[0.0,3.80636]},"J3s":{"weight":0.4661,"played":[0.673,0.327],"evs":[0.0,1.64679]},"J4s":{"weight":0.094,"played":[0.5,0.5],"evs":[0.0,0.0]},"J5s":{"weight":0.5434,"played":[0.9322,0.0678],"evs":[0.0,25.5802]},"J6s":{"weight":0.4304,"played":[0.5948,0.4052],"evs":[0.0,20.29022]},"J7s":{"weight":0.0543,"played":[0.5,0.5],"evs":[0.0,31.02574]},"J8s":{"weight":0.0755,"played":[0.8875,0.1125],"evs":[0.0,-9.10655]},"J9s":{"weight":0.1688,"played":[0.7523,0.2477],"evs":[0.0,-9.1112]},"JTs":{"weight":0.7004,"played":[0.0294,0.9706],"evs":[0.0,10.42253]},"JJ":{"weight":0.0092,"played":[0.1616,0.8384],"evs":[0.0,0.30829]},"QJo":{"weight":2.0E-4,"played":[0.5524,0.4476],"evs":[0.0,-6.00433]},"KJo":{"weight":0.0237,"played":[0.2715,0.7285],"evs":[0.0,10.59519]},"AJo":{"weight":0.0052,"played":[0.0345,0.9655],"evs":[0.0,15.50304]},"Q2s":{"weight":0.0262,"played":[0.8919,0.1081],"evs":[0.0,-3.06018]},"Q3s":{"weight":0.5315,"played":[0.5,0.5],"evs":[0.0,1.76275]},"Q4s":{"weight":0.0921,"played":[0.0634,0.9366],"evs":[0.0,5.93446]},"Q5s":{"weight":0.0174,"played":[0.142,0.858],"evs":[0.0,6.98074]},"Q6s":{"weight":0.39,"played":[0.1667,0.8333],"evs":[0.0,7.89398]},"Q7s":{"weight":0.0554,"played":[0.0184,0.9816],"evs":[0.0,-1.28876]},"Q8s":{"weight":0.1947,"played":[0.8184,0.1816],"evs":[0.0,-7.73051]},"Q9s":{"weight":0.0051,"played":[0.9808,0.0192],"evs":[0.0,-3.32214]},"QTs":{"weight":0.2349,"played":[0.104,0.896],"evs":[0.0,9.76402]},"QJs":{"weight":0.049,"played":[0.4906,0.5094],"evs":[0.0,-8.05255]},"QQ":{"weight":0.005,"played":[0.0255,0.9745],"evs":[0.0,12.93112]},"KQo":{"weight":0.0082,"played":[0.2933,0.7067],"evs":[0.0,-0.71654]},"AQo":{"weight":7.0E-4,"played":[0.204,0.796],"evs":[0.0,17.20236]},"K2s":{"weight":0.8335,"played":[0.5,0.5],"evs":[0.0,1.76275]},"K3s":{"weight":0.028,"played":[0.8869,0.1131],"evs":[0.0,6.25166]},"K4s":{"weight":0.5889,"played":[0.8478,0.1522],"evs":[0.0,18.80971]},"K5s":{"weight":0.0513,"played":[0.7943,0.2057],"evs":[0.0,-8.53205]},"K6s":{"weight":0.1823,"played":[0.5,0.5],"evs":[0.0,31.02574]},"K7s":{"weight":0.0081,"played":[0.419,0.581],"evs":[0.0,7.2691]},"K8s":{"weight":0.4822,"played":[0.1221,0.8779],"evs":[0.0,7.8946]},"K9s":{"weight":0.634,"played":[0.3016,0.6984],"evs":[0.0,11.03011]},"KTs":{"weight":0.5343,"played":[0.0387,0.9613],"evs":[0.0,28.76117]},"KJs":{"weight":0.6807,"played":[0.5,0.5],"evs":[0.0,-9.10655]},"KQs":{"weight":2.0E-4,"played":[0.0182,0.9818],"evs":[0.0,6.47768]},"KK":{"weight":1.0E-4,"played":[0.1549,0.8451],"evs":[0.0,10.82776]},"AKo":{"weight":0.0012,"played":[0.0017,0.9983],"evs":[0.0,-1.74708]},"A2s":{"weight":0.0021,"played":[0.5,0.5],"evs":[0.0,0.0]},"A3s":{"weight":0.2386,"played":[0.0205,0.9795],"evs":[0.0,-7.46216]},"A4s":{"weight":2.0E-4,"played":[0.2133,0.7867],"evs":[0.0,8.01081]},"A5s":{"weight":0.3973,"played":[0.9917,0.0083],"evs":[0.0,-5.69795]},"A6s":{"weight":0.0,"played":[0.8923,0.1077],"evs":[0.0,-5.06722]},"A7s":{"weight":0.2539,"played":[0.1859,0.8141],"evs":[0.0,-0.78387]},"A8s":{"weight":0.0279,"played":[0.5,0.5],"evs":[0.0,0.0]},"A9s":{"weight":0.0028,"played":[0.017,0.983],"evs":[0.0,14.17343]},"ATs":{"weight":0.0313,"played":[0.0201,0.9799],"evs":[0.0,6.38826]},"AJs":{"weight":0.0041,"played":[0.4855,0.5145],"evs":[0.0,12.47207]},"AQs":{"weight":6.0E-4,"played":[0.1132,0.8868],"evs":[0.0,1.76275]},"AKs":{"weight":0.0389,"played":[0.3038,0.6962],"evs":[0.0,4.68859]},"AA":{"weight":0.0,"played":[0.5,0.5],"evs":[0.0,1.76275]}}}