{"player":0,"street":0,"children":2,"sequence":[{"player":0,"type":"R","amount":200000,"street":0},{"player":1,"type":"F","amount":0,"street":0},{"player":2,"type":"F","amount":0,"street":0},{"player":3,"type":"R","amount":745000,"street":0},{"player":4,"type":"F","amount":0,"street":0},{"player":5,"type":"F","amount":0,"street":0}],"actions":[{"type":"F","amount":0},{"type":"C","amount":435000}],"hands":{"22":{"weight":0.0,"played":[0.0015,0.9985],"evs":[0.0,2.00081]},"32o":{"weight":0.0,"played":[0.9612,0.0388],"evs":[0.0,-0.5086]},"42o":{"weight":0.0,"played":[0.9862,0.0138],"evs":[0.0,-0.62598]},"52o":{"weight":0.0,"played":[0.3029,0.6971],"evs":[0.0,-0.14418]},"62o":{"weight":0.0,"played":[0.7083,0.2917],"evs":[0.0,-0.34767]},"72o":{"weight":0.0,"played":[0.5898,0.4102],"evs":[0.0,0.10641]},"82o":{"weight":0.0,"played":[0.9528,0.0472],"evs":[0.0,-0.76538]},"92o":{"weight":0.0,"played":[0.7875,0.2125],"evs":[0.0,-0.61037]},"T2o":{"weight":0.0,"played":[0.2424,0.7576],"evs":[0.0,0.74336]},"J2o":{"weight":0.0,"played":[0.9317,0.0683],"evs":[0.0,-0.47393]},"Q2o":{"weight":0.0,"played":[0.475,0.525],"evs":[0.0,-0.07387]},"K2o":{"weight":0.0,"played":[0.0,1.0],"evs":[0.0,0.95214]},"A2o":{"weight":5.0E-4,"played":[3.0E-4,0.9997],"evs":[0.0,3.1291]},"32s":{"weight":0.0,"played":[0.5316,0.4684],"evs":[0.0,-0.48756]},"33":{"weight":0.005,"played":[0.0074,0.9926],"evs":[0.0,2.85081]},"43o":{"weight":0.0,"played":[0.3697,0.6303],"evs":[0.0,-0.25516]},"53o":{"weight":0.0,"played":[0.5139,0.4861],"evs":[0.0,0.07113]},"63o":{"weight":0.0,"played":[0.7793,0.2207],"evs":[0.0,-0.31522]},"73o":{"weight":0.0,"played":[0.9828,0.0172],"evs":[0.0,-0.87019]},"83o":{"weight":0.0,"played":[0.4067,0.5933],"evs":[0.0,0.00608]},"93o":{"weight":0.0,"played":[0.8718,0.1282],"evs":[0.0,-0.69803]},"T3o":{"weight":0.0,"played":[0.0522,0.9478],"evs":[0.0,0.84734]},"J3o":{"weight":0.0,"played":[0.0906,0.9094],"evs":[0.0,0.43424]},"Q3o":{"weight":0.0,"played":[0.0476,0.9524],"evs":[0.0,1.0648]},"K3o":{"weight":0.0,"played":[0.0,1.0],"evs":[0.0,0.78016]},"A3o":{"weight":2.0E-4,"played":[0.0024,0.9976],"evs":[0.0,2.63639]},"42s":{"weight":0.0,"played":[0.3678,0.6322],"evs":[0.0,1.06615]},"43s":{"weight":0.0,"played":[0.3917,0.6083],"evs":[0.0,-0.51889]},"44":{"weight":0.1633,"played":[8.0E-4,0.9992],"evs":[0.0,2.48469]},"54o":{"weight":0.0,"played":[0.0067,0.9933],"evs":[0.0,0.64926]},"64o":{"weight":0.0,"played":[0.4659,0.5341],"evs":[0.0,-0.23643]},"74o":{"weight":0.0,"played":[0.6383,0.3617],"evs":[0.0,-0.70179]},"84o":{"weight":0.0,"played":[0.024,0.976],"evs":[0.0,0.14312]},"94o":{"weight":0.0,"played":[0.3917,0.6083],"evs":[0.0,-0.06926]},"T4o":{"weight":0.0,"played":[4.0E-4,0.9996],"evs":[0.0,0.66779]},"J4o":{"weight":0.0,"played":[0.219,0.781],"evs":[0.0,-0.26939]},"Q4o":{"weight":0.0,"played":[0.015,0.985],"evs":[0.0,0.11406]},"K4o":{"weight":0.0,"played":[0.0,1.0],"evs":[0.0,2.03813]},"A4o":{"weight":0.4021,"played":[2.0E-4,0.9998],"evs":[0.0,2.49011]},"52s":{"weight":0.0,"played":[0.36,0.64],"evs":[0.0,0.44784]},"53s":{"weight":0.0,"played":[0.1355,0.8645],"evs":[0.0,-0.01648]},"54s":{"weight":0.0,"played":[0.018,0.982],"evs":[0.0,1.32458]},"55":{"weight":0.4584,"played":[0.0,1.0],"evs":[0.0,2.27067]},"65o":{"weight":0.0,"played":[0.001,0.999],"evs":[0.0,0.37456]},"75o":{"weight":0.0,"played":[0.8567,0.1433],"evs":[0.0,-0.33076]},"85o":{"weight":0.0,"played":[0.9494,0.0506],"evs":[0.0,-1.04864]},"95o":{"weight":0.0,"played":[0.0273,0.9727],"evs":[0.0,1.11779]},"T5o":{"weight":0.0,"played":[0.1138,0.8862],"evs":[0.0,0.38251]},"J5o":{"weight":0.0,"played":[0.006,0.994],"evs":[0.0,0.47168]},"Q5o":{"weight":0.0,"played":[1.0E-4,0.9999],"evs":[0.0,0.52607]},"K5o":{"weight":0.0,"played":[0.0,1.0],"evs":[0.0,2.10698]},"A5o":{"weight":0.5172,"played":[0.0,1.0],"evs":[0.0,2.89028]},"62s":{"weight":0.0,"played":[0.6889,0.3111],"evs":[0.0,-0.17625]},"63s":{"weight":0.0,"played":[0.1005,0.8995],"evs":[0.0,0.98417]},"64s":{"weight":0.0,"played":[0.4045,0.5955],"evs":[0.0,0.47842]},"65s":{"weight":0.0,"played":[0.104,0.896],"evs":[0.0,1.4629]},"66":{"weight":8.0E-4,"played":[0.0034,0.9966],"evs":[0.0,2.80276]},"76o":{"weight":0.0,"played":[0.0719,0.9281],"evs":[0.0,0.78166]},"86o":{"weight":0.0,"played":[6.0E-4,0.9994],"evs":[0.0,1.57799]},"96o":{"weight":0.0,"played":[0.6472,0.3528],"evs":[0.0,-0.38894]},"T6o":{"weight":0.0,"played":[0.0036,0.9964],"evs":[0.0,0.03237]},"J6o":{"weight":0.0,"played":[0.0212,0.9788],"evs":[0.0,0.48487]},"Q6o":{"weight":0.0,"played":[3.0E-4,0.9997],"evs":[0.0,1.59883]},"K6o":{"weight":0.0,"played":[0.1834,0.8166],"evs":[0.0,1.24673]},"A6o":{"weight":0.9936,"played":[0.0,1.0],"evs":[0.0,3.13154]},"72s":{"weight":0.0,"played":[0.236,0.764],"evs":[0.0,0.25007]},"73s":{"weight":0.0,"played":[0.2063,0.7937],"evs":[0.0,-0.43661]},"74s":{"weight":0.0,"played":[0.1004,0.8996],"evs":[0.0,0.69194]},"75s":{"weight":0.0,"played":[0.1367,0.8633],"evs":[0.0,2.03003]},"76s":{"weight":0.0,"played":[0.4814,0.5186],"evs":[0.0,0.082]},"77":{"weight":0.9426,"played":[1.0E-4,0.9999],"evs":[0.0,3.85323]},"87o":{"weight":0.0,"played":[0.6394,0.3606],"evs":[0.0,-0.05086]},"97o":{"weight":0.0,"played":[0.0291,0.9709],"evs":[0.0,0.44069]},"T7o":{"weight":0.0,"played":[1.0E-4,0.9999],"evs":[0.0,1.7722]},"J7o":{"weight":0.0,"played":[0.1922,0.8078],"evs":[0.0,0.81278]},"Q7o":{"weight":0.0,"played":[0.0017,0.9983],"evs":[0.0,0.84744]},"K7o":{"weight":5.0E-4,"played":[4.0E-4,0.9996],"evs":[0.0,1.05451]},"A7o":{"weight":0.2035,"played":[2.0E-4,0.9998],"evs":[0.0,2.6456]},"82s":{"weight":0.0,"played":[0.4151,0.5849],"evs":[0.0,1.049]},"83s":{"weight":0.0,"played":[9.0E-4,0.9991],"evs":[0.0,1.72237]},"84s":{"weight":0.0,"played":[0.167,0.833],"evs":[0.0,1.79613]},"85s":{"weight":0.0,"played":[0.3414,0.6586],"evs":[0.0,-0.26926]},"86s":{"weight":0.0,"played":[0.0235,0.9765],"evs":[0.0,1.50565]},"87s":{"weight":0.0,"played":[0.0455,0.9545],"evs":[0.0,1.98158]},"88":{"weight":0.9365,"played":[0.0,1.0],"evs":[0.0,4.63181]},"98o":{"weight":0.0,"played":[0.0048,0.9952],"evs":[0.0,0.52028]},"T8o":{"weight":0.0,"played":[0.0,1.0],"evs":[0.0,0.83492]},"J8o":{"weight":0.0,"played":[3.0E-4,0.9997],"evs":[0.0,1.15461]},"Q8o":{"weight":0.0,"played":[0.0,1.0],"evs":[0.0,0.76856]},"K8o":{"weight":0.0,"played":[0.0021,0.9979],"evs":[0.0,2.35624]},"A8o":{"weight":0.0929,"played":[0.0,1.0],"evs":[0.0,3.25103]},"92s":{"weight":0.0,"played":[0.2429,0.7571],"evs":[0.0,2.54901]},"93s":{"weight":0.0,"played":[0.3161,0.6839],"evs":[0.0,1.05534]},"94s":{"weight":0.0,"played":[0.4683,0.5317],"evs":[0.0,0.54502]},"95s":{"weight":0.0,"played":[0.3892,0.6108],"evs":[0.0,0.15914]},"96s":{"weight":0.0,"played":[0.0461,0.9539],"evs":[0.0,2.08538]},"97s":{"weight":1.0E-4,"played":[0.0922,0.9078],"evs":[0.0,2.38442]},"98s":{"weight":0.0,"played":[1.0E-4,0.9999],"evs":[0.0,1.04558]},"99":{"weight":0.1885,"played":[3.0E-4,0.9997],"evs":[0.0,4.68064]},"T9o":{"weight":0.0049,"played":[0.0,1.0],"evs":[0.0,1.32761]},"J9o":{"weight":0.001,"played":[0.004,0.996],"evs":[0.0,1.1337]},"Q9o":{"weight":0.0053,"played":[0.0,1.0],"evs":[0.0,1.77569]},"K9o":{"weight":0.1896,"played":[1.0E-4,0.9999],"evs":[0.0,2.31238]},"A9o":{"weight":0.0872,"played":[0.0,1.0],"evs":[0.0,3.6877]},"T2s":{"weight":0.0,"played":[8.0E-4,0.9992],"evs":[0.0,0.002]},"T3s":{"weight":0.0,"played":[0.1827,0.8173],"evs":[0.0,0.55563]},"T4s":{"weight":0.0,"played":[0.0,1.0],"evs":[0.0,1.57244]},"T5s":{"weight":0.0,"played":[0.5507,0.4493],"evs":[0.0,0.17609]},"T6s":{"weight":0.0,"played":[0.0999,0.9001],"evs":[0.0,1.56247]},"T7s":{"weight":0.0,"played":[0.0125,0.9875],"evs":[0.0,1.09971]},"T8s":{"weight":0.03,"played":[0.0,1.0],"evs":[0.0,2.29787]},"T9s":{"weight":0.9773,"played":[9.0E-4,0.9991],"evs":[0.0,2.24635]},"TT":{"weight":0.7621,"played":[1.0E-4,0.9999],"evs":[0.0,5.53344]},"JTo":{"weight":0.4922,"played":[0.0,1.0],"evs":[0.0,1.40148]},"QTo":{"weight":0.3556,"played":[0.0,1.0],"evs":[0.0,1.80334]},"KTo":{"weight":0.1553,"played":[0.0,1.0],"evs":[0.0,2.98545]},"ATo":{"weight":0.0,"played":[0.0,1.0],"evs":[0.0,4.22743]},"J2s":{"weight":0.0,"played":[0.3987,0.6013],"evs":[0.0,0.36335]},"J3s":{"weight":0.0,"played":[0.2724,0.7276],"evs":[0.0,0.49825]},"J4s":{"weight":0.0,"played":[0.0487,0.9513],"evs":[0.0,1.552]},"J5s":{"weight":0.0,"played":[0.4402,0.5598],"evs":[0.0,0.97736]},"J6s":{"weight":0.0,"played":[0.7389,0.2611],"evs":[0.0,-0.86056]},"J7s":{"weight":2.0E-4,"played":[0.3925,0.6075],"evs":[0.0,1.54749]},"J8s":{"weight":3.0E-4,"played":[7.0E-4,0.9993],"evs":[0.0,1.68134]},"J9s":{"weight":0.8283,"played":[0.0103,0.9897],"evs":[0.0,1.64878]},"JTs":{"weight":0.5948,"played":[3.0E-4,0.9997],"evs":[0.0,2.2639]},"JJ":{"weight":0.2718,"played":[0.0,1.0],"evs":[0.0,6.37018]},"QJo":{"weight":0.2577,"played":[0.0,1.0],"evs":[0.0,2.89038]},"KJo":{"weight":0.11,"played":[2.0E-4,0.9998],"evs":[0.0,3.43227]},"AJo":{"weight":0.212,"played":[0.0,1.0],"evs":[0.0,5.3666]},"Q2s":{"weight":0.0,"played":[0.1722,0.8278],"evs":[0.0,0.01065]},"Q3s":{"weight":0.0,"played":[0.1185,0.8815],"evs":[0.0,0.72623]},"Q4s":{"weight":0.0,"played":[0.0201,0.9799],"evs":[0.0,3.39293]},"Q5s":{"weight":0.0,"played":[0.1655,0.8345],"evs":[0.0,0.94743]},"Q6s":{"weight":3.0E-4,"played":[0.0014,0.9986],"evs":[0.0,2.94806]},"Q7s":{"weight":0.0,"played":[1.0E-4,0.9999],"evs":[0.0,2.13803]},"Q8s":{"weight":0.0051,"played":[1.0E-4,0.9999],"evs":[0.0,2.42797]},"Q9s":{"weight":0.4682,"played":[0.0,1.0],"evs":[0.0,3.53878]},"QTs":{"weight":0.0,"played":[0.0091,0.9909],"evs":[0.0,2.44006]},"QJs":{"weight":0.1563,"played":[9.0E-4,0.9991],"evs":[0.0,2.14405]},"QQ":{"weight":0.0319,"played":[0.0,1.0],"evs":[0.0,9.5397]},"KQo":{"weight":0.073,"played":[0.0,1.0],"evs":[0.0,3.822]},"AQo":{"weight":0.5031,"played":[0.0,1.0],"evs":[0.0,5.9747]},"K2s":{"weight":0.0,"played":[0.1422,0.8578],"evs":[0.0,0.45445]},"K3s":{"weight":0.0,"played":[4.0E-4,0.9996],"evs":[0.0,1.44096]},"K4s":{"weight":0.0,"played":[0.0039,0.9961],"evs":[0.0,2.97652]},"K5s":{"weight":0.0,"played":[0.1461,0.8539],"evs":[0.0,0.91955]},"K6s":{"weight":0.0,"played":[0.1062,0.8938],"evs":[0.0,1.44652]},"K7s":{"weight":5.0E-4,"played":[0.001,0.999],"evs":[0.0,3.43824]},"K8s":{"weight":0.0,"played":[2.0E-4,0.9998],"evs":[0.0,2.74411]},"K9s":{"weight":0.0992,"played":[0.0055,0.9945],"evs":[0.0,2.52671]},"KTs":{"weight":0.0,"played":[1.0E-4,0.9999],"evs":[0.0,4.04089]},"KJs":{"weight":0.8516,"played":[1.0E-4,0.9999],"evs":[0.0,2.8796]},"KQs":{"weight":0.5918,"played":[0.0011,0.9989],"evs":[0.0,2.26431]},"KK":{"weight":0.0071,"played":[1.0E-4,0.9999],"evs":[0.0,8.77207]},"AKo":{"weight":0.0932,"played":[1.0E-4,0.9999],"evs":[0.0,6.15652]},"A2s":{"weight":0.0,"played":[0.004,0.996],"evs":[0.0,1.63566]},"A3s":{"weight":0.0,"played":[0.0,1.0],"evs":[0.0,2.7374]},"A4s":{"weight":0.098,"played":[5.0E-4,0.9995],"evs":[0.0,4.73311]},"A5s":{"weight":0.0,"played":[0.0023,0.9977],"evs":[0.0,3.75582]},"A6s":{"weight":0.0,"played":[0.0014,0.9986],"evs":[0.0,3.70761]},"A7s":{"weight":0.3923,"played":[1.0E-4,0.9999],"evs":[0.0,2.49487]},"A8s":{"weight":7.0E-4,"played":[1.0E-4,0.9999],"evs":[0.0,3.03075]},"A9s":{"weight":0.0,"played":[0.0027,0.9973],"evs":[0.0,4.89581]},"ATs":{"weight":0.0,"played":[5.0E-4,0.9995],"evs":[0.0,5.70398]},"AJs":{"weight":0.0,"played":[0.0,1.0],"evs":[0.0,6.5038]},"AQs":{"weight":0.0,"played":[3.0E-4,0.9997],"evs":[0.0,5.19461]},"AKs":{"weight":0.7375,"played":[5.0E-4,0.9995],"evs":[0.0,6.21268]},"AA":{"weight":0.9702,"played":[0.0,1.0],"evs":[0.0,10.76021]}}}