{"player":0,"street":0,"children":2,"sequence":[{"player":0,"type":"R","amount":200000,"street":0},{"player":1,"type":"F","amount":0,"street":0},{"player":2,"type":"F","amount":0,"street":0},{"player":3,"type":"R","amount":745000,"street":0},{"player":4,"type":"R","amount":945000,"street":0},{"player":5,"type":"C","amount":845000,"street":0}],"actions":[{"type":"F","amount":0},{"type":"C","amount":435000}],"hands":{"22":{"weight":0.0,"played":[0.0304,0.9696],"evs":[0.0,1.40211]},"32o":{"weight":0.0,"played":[0.9461,0.0539],"evs":[0.0,-0.81807]},"42o":{"weight":0.0,"played":[0.9134,0.0866],"evs":[0.0,-0.25408]},"52o":{"weight":0.0,"played":[0.9995,5.0E-4],"evs":[0.0,-0.49477]},"62o":{"weight":0.0,"played":[0.8923,0.1077],"evs":[0.0,-0.89374]},"72o":{"weight":0.0,"played":[1.0,0.0],"evs":[0.0,-1.3415]},"82o":{"weight":0.0,"played":[0.9997,3.0E-4],"evs":[0.0,-1.70563]},"92o":{"weight":0.0,"played":[0.9795,0.0205],"evs":[0.0,-1.07476]},"T2o":{"weight":0.0,"played":[0.9862,0.0138],"evs":[0.0,-0.91216]},"J2o":{"weight":0.0,"played":[0.9991,9.0E-4],"evs":[0.0,-0.45539]},"Q2o":{"weight":0.0,"played":[0.586,0.414],"evs":[0.0,-0.30475]},"K2o":{"weight":0.0,"played":[0.8961,0.1039],"evs":[0.0,-0.5661]},"A2o":{"weight":5.0E-4,"played":[0.0196,0.9804],"evs":[0.0,0.84678]},"32s":{"weight":0.0,"played":[0.0314,0.9686],"evs":[0.0,1.86365]},"33":{"weight":0.005,"played":[0.002,0.998],"evs":[0.0,1.09822]},"43o":{"weight":0.0,"played":[0.8349,0.1651],"evs":[0.0,-0.29559]},"53o":{"weight":0.0,"played":[0.323,0.677],"evs":[0.0,0.10324]},"63o":{"weight":0.0,"played":[0.9316,0.0684],"evs":[0.0,-1.38704]},"73o":{"weight":0.0,"played":[0.978,0.022],"evs":[0.0,-0.82564]},"83o":{"weight":0.0,"played":[0.9857,0.0143],"evs":[0.0,-0.69747]},"93o":{"weight":0.0,"played":[0.9223,0.0777],"evs":[0.0,-0.75261]},"T3o":{"weight":0.0,"played":[0.9532,0.0468],"evs":[0.0,-0.6445]},"J3o":{"weight":0.0,"played":[0.8884,0.1116],"evs":[0.0,-0.49002]},"Q3o":{"weight":0.0,"played":[0.4736,0.5264],"evs":[0.0,-0.18008]},"K3o":{"weight":0.0,"played":[0.0035,0.9965],"evs":[0.0,1.06495]},"A3o":{"weight":2.0E-4,"played":[5.0E-4,0.9995],"evs":[0.0,1.44784]},"42s":{"weight":0.0,"played":[0.017,0.983],"evs":[0.0,0.66375]},"43s":{"weight":0.0,"played":[0.063,0.937],"evs":[0.0,1.66545]},"44":{"weight":0.1633,"played":[8.0E-4,0.9992],"evs":[0.0,1.42217]},"54o":{"weight":0.0,"played":[0.0912,0.9088],"evs":[0.0,0.31734]},"64o":{"weight":0.0,"played":[0.0143,0.9857],"evs":[0.0,0.34881]},"74o":{"weight":0.0,"played":[0.4521,0.5479],"evs":[0.0,-0.25682]},"84o":{"weight":0.0,"played":[0.9953,0.0047],"evs":[0.0,-0.7674]},"94o":{"weight":0.0,"played":[0.997,0.003],"evs":[0.0,-0.46614]},"T4o":{"weight":0.0,"played":[0.8899,0.1101],"evs":[0.0,-0.5145]},"J4o":{"weight":0.0,"played":[0.7549,0.2451],"evs":[0.0,0.00575]},"Q4o":{"weight":0.0,"played":[0.5375,0.4625],"evs":[0.0,0.36006]},"K4o":{"weight":0.0,"played":[0.152,0.848],"evs":[0.0,0.00663]},"A4o":{"weight":0.4021,"played":[2.0E-4,0.9998],"evs":[0.0,1.38781]},"52s":{"weight":0.0,"played":[0.5221,0.4779],"evs":[0.0,0.86765]},"53s":{"weight":0.0,"played":[0.1613,0.8387],"evs":[0.0,1.10751]},"54s":{"weight":0.0,"played":[0.0054,0.9946],"evs":[0.0,0.63702]},"55":{"weight":0.4584,"played":[0.0014,0.9986],"evs":[0.0,2.43115]},"65o":{"weight":0.0,"played":[0.2761,0.7239],"evs":[0.0,0.06648]},"75o":{"weight":0.0,"played":[0.006,0.994],"evs":[0.0,0.60145]},"85o":{"weight":0.0,"played":[0.1965,0.8035],"evs":[0.0,0.37019]},"95o":{"weight":0.0,"played":[0.9936,0.0064],"evs":[0.0,-0.42049]},"T5o":{"weight":0.0,"played":[0.3153,0.6847],"evs":[0.0,0.14387]},"J5o":{"weight":0.0,"played":[0.0258,0.9742],"evs":[0.0,0.25029]},"Q5o":{"weight":0.0,"played":[0.1187,0.8813],"evs":[0.0,-0.07724]},"K5o":{"weight":0.0,"played":[0.0799,0.9201],"evs":[0.0,0.68016]},"A5o":{"weight":0.5172,"played":[3.0E-4,0.9997],"evs":[0.0,1.67024]},"62s":{"weight":0.0,"played":[0.6807,0.3193],"evs":[0.0,-0.09885]},"63s":{"weight":0.0,"played":[0.1868,0.8132],"evs":[0.0,0.02165]},"64s":{"weight":0.0,"played":[0.0014,0.9986],"evs":[0.0,2.20014]},"65s":{"weight":0.0,"played":[0.0312,0.9688],"evs":[0.0,1.77539]},"66":{"weight":8.0E-4,"played":[4.0E-4,0.9996],"evs":[0.0,3.11874]},"76o":{"weight":0.0,"played":[0.1148,0.8852],"evs":[0.0,0.68017]},"86o":{"weight":0.0,"played":[0.1011,0.8989],"evs":[0.0,0.53886]},"96o":{"weight":0.0,"played":[0.0683,0.9317],"evs":[0.0,0.02888]},"T6o":{"weight":0.0,"played":[0.5375,0.4625],"evs":[0.0,0.17322]},"J6o":{"weight":0.0,"played":[0.5906,0.4094],"evs":[0.0,0.18967]},"Q6o":{"weight":0.0,"played":[0.0041,0.9959],"evs":[0.0,0.28051]},"K6o":{"weight":0.0,"played":[0.0116,0.9884],"evs":[0.0,0.45081]},"A6o":{"weight":0.9936,"played":[1.0E-4,0.9999],"evs":[0.0,1.08699]},"72s":{"weight":0.0,"played":[0.2305,0.7695],"evs":[0.0,0.47027]},"73s":{"weight":0.0,"played":[0.0343,0.9657],"evs":[0.0,0.63451]},"74s":{"weight":0.0,"played":[0.0339,0.9661],"evs":[0.0,0.52259]},"75s":{"weight":0.0,"played":[0.0017,0.9983],"evs":[0.0,1.82797]},"76s":{"weight":0.0,"played":[0.0023,0.9977],"evs":[0.0,1.53275]},"77":{"weight":0.9426,"played":[1.0E-4,0.9999],"evs":[0.0,2.98327]},"87o":{"weight":0.0,"played":[0.0581,0.9419],"evs":[0.0,0.5031]},"97o":{"weight":0.0,"played":[0.0294,0.9706],"evs":[0.0,0.67609]},"T7o":{"weight":0.0,"played":[0.1277,0.8723],"evs":[0.0,-0.0691]},"J7o":{"weight":0.0,"played":[0.0352,0.9648],"evs":[0.0,0.34917]},"Q7o":{"weight":0.0,"played":[1.0E-4,0.9999],"evs":[0.0,0.61934]},"K7o":{"weight":5.0E-4,"played":[2.0E-4,0.9998],"evs":[0.0,0.61773]},"A7o":{"weight":0.2035,"played":[0.0,1.0],"evs":[0.0,1.59936]},"82s":{"weight":0.0,"played":[0.1058,0.8942],"evs":[0.0,0.22987]},"83s":{"weight":0.0,"played":[0.7663,0.2337],"evs":[0.0,-0.43849]},"84s":{"weight":0.0,"played":[0.0284,0.9716],"evs":[0.0,0.84095]},"85s":{"weight":0.0,"played":[0.0739,0.9261],"evs":[0.0,1.41695]},"86s":{"weight":0.0,"played":[6.0E-4,0.9994],"evs":[0.0,0.88021]},"87s":{"weight":0.0,"played":[0.0028,0.9972],"evs":[0.0,2.88944]},"88":{"weight":0.9365,"played":[0.0,1.0],"evs":[0.0,3.53216]},"98o":{"weight":0.0,"played":[0.0133,0.9867],"evs":[0.0,1.18945]},"T8o":{"weight":0.0,"played":[0.1161,0.8839],"evs":[0.0,1.25628]},"J8o":{"weight":0.0,"played":[7.0E-4,0.9993],"evs":[0.0,0.40499]},"Q8o":{"weight":0.0,"played":[7.0E-4,0.9993],"evs":[0.0,1.20971]},"K8o":{"weight":0.0,"played":[0.0205,0.9795],"evs":[0.0,0.60828]},"A8o":{"weight":0.0929,"played":[8.0E-4,0.9992],"evs":[0.0,2.54031]},"92s":{"weight":0.0,"played":[0.3694,0.6306],"evs":[0.0,0.02295]},"93s":{"weight":0.0,"played":[0.1948,0.8052],"evs":[0.0,1.29023]},"94s":{"weight":0.0,"played":[0.5098,0.4902],"evs":[0.0,0.13003]},"95s":{"weight":0.0,"played":[0.0,1.0],"evs":[0.0,0.1262]},"96s":{"weight":0.0,"played":[0.016,0.984],"evs":[0.0,1.17293]},"97s":{"weight":1.0E-4,"played":[0.0031,0.9969],"evs":[0.0,1.40692]},"98s":{"weight":0.0,"played":[9.0E-4,0.9991],"evs":[0.0,2.53171]},"99":{"weight":0.1885,"played":[0.0,1.0],"evs":[0.0,5.97039]},"T9o":{"weight":0.0049,"played":[0.0,1.0],"evs":[0.0,1.73032]},"J9o":{"weight":0.001,"played":[0.0053,0.9947],"evs":[0.0,1.08663]},"Q9o":{"weight":0.0053,"played":[0.0,1.0],"evs":[0.0,1.93145]},"K9o":{"weight":0.1896,"played":[1.0E-4,0.9999],"evs":[0.0,1.45573]},"A9o":{"weight":0.0872,"played":[6.0E-4,0.9994],"evs":[0.0,2.86218]},"T2s":{"weight":0.0,"played":[0.9418,0.0582],"evs":[0.0,-0.36195]},"T3s":{"weight":0.0,"played":[0.208,0.792],"evs":[0.0,0.36491]},"T4s":{"weight":0.0,"played":[0.0079,0.9921],"evs":[0.0,0.94831]},"T5s":{"weight":0.0,"played":[0.0031,0.9969],"evs":[0.0,1.10407]},"T6s":{"weight":0.0,"played":[0.084,0.916],"evs":[0.0,1.44651]},"T7s":{"weight":0.0,"played":[0.0018,0.9982],"evs":[0.0,2.48511]},"T8s":{"weight":0.03,"played":[0.0086,0.9914],"evs":[0.0,2.63333]},"T9s":{"weight":0.9773,"played":[0.003,0.997],"evs":[0.0,2.91371]},"TT":{"weight":0.7621,"played":[1.0E-4,0.9999],"evs":[0.0,6.35616]},"JTo":{"weight":0.4922,"played":[0.0,1.0],"evs":[0.0,2.47304]},"QTo":{"weight":0.3556,"played":[0.0,1.0],"evs":[0.0,2.07055]},"KTo":{"weight":0.1553,"played":[0.0,1.0],"evs":[0.0,2.75242]},"ATo":{"weight":0.0,"played":[0.0,1.0],"evs":[0.0,3.86208]},"J2s":{"weight":0.0,"played":[0.3914,0.6086],"evs":[0.0,0.30239]},"J3s":{"weight":0.0,"played":[0.0435,0.9565],"evs":[0.0,0.74488]},"J4s":{"weight":0.0,"played":[0.0112,0.9888],"evs":[0.0,1.63692]},"J5s":{"weight":0.0,"played":[0.0283,0.9717],"evs":[0.0,0.78926]},"J6s":{"weight":0.0,"played":[0.5481,0.4519],"evs":[0.0,-0.66706]},"J7s":{"weight":2.0E-4,"played":[0.1279,0.8721],"evs":[0.0,0.07861]},"J8s":{"weight":3.0E-4,"played":[0.0269,0.9731],"evs":[0.0,2.24877]},"J9s":{"weight":0.8283,"played":[2.0E-4,0.9998],"evs":[0.0,2.07716]},"JTs":{"weight":0.5948,"played":[0.0022,0.9978],"evs":[0.0,4.19451]},"JJ":{"weight":0.2718,"played":[1.0E-4,0.9999],"evs":[0.0,7.21182]},"QJo":{"weight":0.2577,"played":[0.0,1.0],"evs":[0.0,2.62817]},"KJo":{"weight":0.11,"played":[1.0E-4,0.9999],"evs":[0.0,3.47981]},"AJo":{"weight":0.212,"played":[0.0,1.0],"evs":[0.0,3.97721]},"Q2s":{"weight":0.0,"played":[0.0563,0.9437],"evs":[0.0,1.43516]},"Q3s":{"weight":0.0,"played":[0.0333,0.9667],"evs":[0.0,0.19025]},"Q4s":{"weight":0.0,"played":[0.004,0.996],"evs":[0.0,2.52916]},"Q5s":{"weight":0.0,"played":[0.0384,0.9616],"evs":[0.0,0.6414]},"Q6s":{"weight":3.0E-4,"played":[4.0E-4,0.9996],"evs":[0.0,1.07277]},"Q7s":{"weight":0.0,"played":[0.0013,0.9987],"evs":[0.0,2.49872]},"Q8s":{"weight":0.0051,"played":[0.0236,0.9764],"evs":[0.0,1.51249]},"Q9s":{"weight":0.4682,"played":[0.0,1.0],"evs":[0.0,2.37265]},"QTs":{"weight":0.0,"played":[0.0207,0.9793],"evs":[0.0,4.41486]},"QJs":{"weight":0.1563,"played":[1.0E-4,0.9999],"evs":[0.0,3.80194]},"QQ":{"weight":0.0319,"played":[0.0,1.0],"evs":[0.0,9.72555]},"KQo":{"weight":0.073,"played":[0.0,1.0],"evs":[0.0,4.07236]},"AQo":{"weight":0.5031,"played":[1.0E-4,0.9999],"evs":[0.0,4.2393]},"K2s":{"weight":0.0,"played":[0.0,1.0],"evs":[0.0,2.61404]},"K3s":{"weight":0.0,"played":[1.0E-4,0.9999],"evs":[0.0,0.85677]},"K4s":{"weight":0.0,"played":[0.006,0.994],"evs":[0.0,1.93607]},"K5s":{"weight":0.0,"played":[0.0,1.0],"evs":[0.0,0.93947]},"K6s":{"weight":0.0,"played":[5.0E-4,0.9995],"evs":[0.0,2.34965]},"K7s":{"weight":5.0E-4,"played":[4.0E-4,0.9996],"evs":[0.0,1.94245]},"K8s":{"weight":0.0,"played":[0.0317,0.9683],"evs":[0.0,1.84897]},"K9s":{"weight":0.0992,"played":[0.0024,0.9976],"evs":[0.0,2.96832]},"KTs":{"weight":0.0,"played":[0.0,1.0],"evs":[0.0,3.08595]},"KJs":{"weight":0.8516,"played":[1.0E-4,0.9999],"evs":[0.0,4.66856]},"KQs":{"weight":0.5918,"played":[1.0E-4,0.9999],"evs":[0.0,5.22879]},"KK":{"weight":0.0071,"played":[0.0,1.0],"evs":[0.0,10.60631]},"AKo":{"weight":0.0932,"played":[0.0,1.0],"evs":[0.0,5.76924]},"A2s":{"weight":0.0,"played":[0.0012,0.9988],"evs":[0.0,3.2701]},"A3s":{"weight":0.0,"played":[6.0E-4,0.9994],"evs":[0.0,1.80104]},"A4s":{"weight":0.098,"played":[0.0127,0.9873],"evs":[0.0,3.59354]},"A5s":{"weight":0.0,"played":[1.0E-4,0.9999],"evs":[0.0,2.26342]},"A6s":{"weight":0.0,"played":[3.0E-4,0.9997],"evs":[0.0,2.93221]},"A7s":{"weight":0.3923,"played":[0.0078,0.9922],"evs":[0.0,3.1346]},"A8s":{"weight":7.0E-4,"played":[0.0,1.0],"evs":[0.0,2.69035]},"A9s":{"weight":0.0,"played":[1.0E-4,0.9999],"evs":[0.0,3.71107]},"ATs":{"weight":0.0,"played":[7.0E-4,0.9993],"evs":[0.0,4.76463]},"AJs":{"weight":0.0,"played":[0.0,1.0],"evs":[0.0,6.52977]},"AQs":{"weight":0.0,"played":[0.0,1.0],"evs":[0.0,4.96454]},"AKs":{"weight":0.7375,"played":[1.0E-4,0.9999],"evs":[0.0,7.75888]},"AA":{"weight":0.9702,"played":[0.0,1.0],"evs":[0.0,14.82076]}}}