{"player":0,"street":0,"children":2,"sequence":[{"player":0,"type":"R","amount":200000,"street":0},{"player":1,"type":"F","amount":0,"street":0},{"player":2,"type":"C","amount":200000,"street":0},{"player":3,"type":"F","amount":0,"street":0},{"player":4,"type":"R","amount":1315000,"street":0},{"player":5,"type":"F","amount":0,"street":0}],"actions":[{"type":"F","amount":0,"node":301},{"type":"C","amount":435000,"node":302}],"hands":{"22":{"weight":0.0,"played":[0.0,1.0],"evs":[0.0,1.97592]},"32o":{"weight":0.0,"played":[0.5055,0.4945],"evs":[0.0,0.17811]},"42o":{"weight":0.0,"played":[0.1049,0.8951],"evs":[0.0,-0.08931]},"52o":{"weight":0.0,"played":[0.7639,0.2361],"evs":[0.0,-0.40531]},"62o":{"weight":0.0,"played":[0.8054,0.1946],"evs":[0.0,-0.4362]},"72o":{"weight":0.0,"played":[0.4375,0.5625],"evs":[0.0,-0.21661]},"82o":{"weight":0.0,"played":[0.7704,0.2296],"evs":[0.0,-0.22019]},"92o":{"weight":0.0,"played":[0.8568,0.1432],"evs":[0.0,-0.80807]},"T2o":{"weight":0.0,"played":[0.6412,0.3588],"evs":[0.0,-0.16205]},"J2o":{"weight":0.0,"played":[0.8805,0.1195],"evs":[0.0,-0.7757]},"Q2o":{"weight":0.0,"played":[0.2338,0.7662],"evs":[0.0,0.07627]},"K2o":{"weight":0.0,"played":[0.1546,0.8454],"evs":[0.0,0.54931]},"A2o":{"weight":5.0E-4,"played":[0.0,1.0],"evs":[0.0,1.24566]},"32s":{"weight":0.0,"played":[0.0403,0.9597],"evs":[0.0,0.45158]},"33":{"weight":0.005,"played":[0.0181,0.9819],"evs":[0.0,1.88961]},"43o":{"weight":0.0,"played":[0.1041,0.8959],"evs":[0.0,0.15698]},"53o":{"weight":0.0,"played":[0.2571,0.7429],"evs":[0.0,0.06384]},"63o":{"weight":0.0,"played":[0.9993,7.0E-4],"evs":[0.0,-0.25046]},"73o":{"weight":0.0,"played":[0.9604,0.0396],"evs":[0.0,-1.00769]},"83o":{"weight":0.0,"played":[0.9919,0.0081],"evs":[0.0,-0.97664]},"93o":{"weight":0.0,"played":[0.6739,0.3261],"evs":[0.0,-0.55868]},"T3o":{"weight":0.0,"played":[0.9672,0.0328],"evs":[0.0,-0.0709]},"J3o":{"weight":0.0,"played":[0.0164,0.9836],"evs":[0.0,0.26058]},"Q3o":{"weight":0.0,"played":[0.7498,0.2502],"evs":[0.0,-0.71678]},"K3o":{"weight":0.0,"played":[0.237,0.763],"evs":[0.0,0.30788]},"A3o":{"weight":2.0E-4,"played":[0.0016,0.9984],"evs":[0.0,2.59383]},"42s":{"weight":0.0,"played":[0.1388,0.8612],"evs":[0.0,0.48472]},"43s":{"weight":0.0,"played":[0.1232,0.8768],"evs":[0.0,3.0888]},"44":{"weight":0.1633,"played":[1.0E-4,0.9999],"evs":[0.0,4.00032]},"54o":{"weight":0.0,"played":[0.0079,0.9921],"evs":[0.0,0.29205]},"64o":{"weight":0.0,"played":[0.0846,0.9154],"evs":[0.0,0.84955]},"74o":{"weight":0.0,"played":[0.6102,0.3898],"evs":[0.0,0.20462]},"84o":{"weight":0.0,"played":[0.9043,0.0957],"evs":[0.0,-0.76872]},"94o":{"weight":0.0,"played":[0.8361,0.1639],"evs":[0.0,-0.68822]},"T4o":{"weight":0.0,"played":[0.7955,0.2045],"evs":[0.0,-0.32561]},"J4o":{"weight":0.0,"played":[0.1775,0.8225],"evs":[0.0,0.41521]},"Q4o":{"weight":0.0,"played":[0.3877,0.6123],"evs":[0.0,-0.14843]},"K4o":{"weight":0.0,"played":[0.0097,0.9903],"evs":[0.0,1.05251]},"A4o":{"weight":0.4021,"played":[0.0,1.0],"evs":[0.0,1.39145]},"52s":{"weight":0.0,"played":[0.711,0.289],"evs":[0.0,0.19899]},"53s":{"weight":0.0,"played":[0.1055,0.8945],"evs":[0.0,1.36048]},"54s":{"weight":0.0,"played":[9.0E-4,0.9991],"evs":[0.0,1.84981]},"55":{"weight":0.4584,"played":[3.0E-4,0.9997],"evs":[0.0,2.24285]},"65o":{"weight":0.0,"played":[0.0323,0.9677],"evs":[0.0,1.24177]},"75o":{"weight":0.0,"played":[4.0E-4,0.9996],"evs":[0.0,0.32396]},"85o":{"weight":0.0,"played":[0.6587,0.3413],"evs":[0.0,0.04243]},"95o":{"weight":0.0,"played":[0.2994,0.7006],"evs":[0.0,0.10457]},"T5o":{"weight":0.0,"played":[0.7627,0.2373],"evs":[0.0,-0.77199]},"J5o":{"weight":0.0,"played":[0.0777,0.9223],"evs":[0.0,0.46514]},"Q5o":{"weight":0.0,"played":[0.0011,0.9989],"evs":[0.0,0.70685]},"K5o":{"weight":0.0,"played":[1.0E-4,0.9999],"evs":[0.0,1.34799]},"A5o":{"weight":0.5172,"played":[3.0E-4,0.9997],"evs":[0.0,2.7548]},"62s":{"weight":0.0,"played":[0.3046,0.6954],"evs":[0.0,0.28959]},"63s":{"weight":0.0,"played":[4.0E-4,0.9996],"evs":[0.0,1.84905]},"64s":{"weight":0.0,"played":[0.0337,0.9663],"evs":[0.0,1.83038]},"65s":{"weight":0.0,"played":[0.0062,0.9938],"evs":[0.0,1.21396]},"66":{"weight":8.0E-4,"played":[0.0069,0.9931],"evs":[0.0,3.05457]},"76o":{"weight":0.0,"played":[0.0329,0.9671],"evs":[0.0,1.12249]},"86o":{"weight":0.0,"played":[0.0,1.0],"evs":[0.0,1.19235]},"96o":{"weight":0.0,"played":[0.2829,0.7171],"evs":[0.0,0.02965]},"T6o":{"weight":0.0,"played":[0.82,0.18],"evs":[0.0,-0.33984]},"J6o":{"weight":0.0,"played":[0.5585,0.4415],"evs":[0.0,0.34163]},"Q6o":{"weight":0.0,"played":[0.1388,0.8612],"evs":[0.0,0.80039]},"K6o":{"weight":0.0,"played":[2.0E-4,0.9998],"evs":[0.0,0.2615]},"A6o":{"weight":0.9936,"played":[0.0,1.0],"evs":[0.0,2.4323]},"72s":{"weight":0.0,"played":[0.3553,0.6447],"evs":[0.0,0.10691]},"73s":{"weight":0.0,"played":[0.8841,0.1159],"evs":[0.0,-0.46571]},"74s":{"weight":0.0,"played":[0.2648,0.7352],"evs":[0.0,-0.17381]},"75s":{"weight":0.0,"played":[0.2239,0.7761],"evs":[0.0,0.14022]},"76s":{"weight":0.0,"played":[1.0E-4,0.9999],"evs":[0.0,2.16023]},"77":{"weight":0.9426,"played":[1.0E-4,0.9999],"evs":[0.0,4.24425]},"87o":{"weight":0.0,"played":[0.3007,0.6993],"evs":[0.0,-0.08611]},"97o":{"weight":0.0,"played":[0.2757,0.7243],"evs":[0.0,0.39952]},"T7o":{"weight":0.0,"played":[0.1234,0.8766],"evs":[0.0,0.32142]},"J7o":{"weight":0.0,"played":[0.0,1.0],"evs":[0.0,0.64397]},"Q7o":{"weight":0.0,"played":[0.1009,0.8991],"evs":[0.0,0.28819]},"K7o":{"weight":5.0E-4,"played":[0.0,1.0],"evs":[0.0,0.4596]},"A7o":{"weight":0.2035,"played":[3.0E-4,0.9997],"evs":[0.0,2.19862]},"82s":{"weight":0.0,"played":[0.9502,0.0498],"evs":[0.0,-0.69459]},"83s":{"weight":0.0,"played":[0.0542,0.9458],"evs":[0.0,0.76799]},"84s":{"weight":0.0,"played":[0.8954,0.1046],"evs":[0.0,-0.75424]},"85s":{"weight":0.0,"played":[3.0E-4,0.9997],"evs":[0.0,2.64558]},"86s":{"weight":0.0,"played":[0.0101,0.9899],"evs":[0.0,1.00292]},"87s":{"weight":0.0,"played":[0.0195,0.9805],"evs":[0.0,3.22326]},"88":{"weight":0.9365,"played":[0.0,1.0],"evs":[0.0,4.17897]},"98o":{"weight":0.0,"played":[0.0685,0.9315],"evs":[0.0,-0.00594]},"T8o":{"weight":0.0,"played":[0.0449,0.9551],"evs":[0.0,0.91284]},"J8o":{"weight":0.0,"played":[4.0E-4,0.9996],"evs":[0.0,1.10579]},"Q8o":{"weight":0.0,"played":[0.0,1.0],"evs":[0.0,0.90976]},"K8o":{"weight":0.0,"played":[8.0E-4,0.9992],"evs":[0.0,1.06964]},"A8o":{"weight":0.0929,"played":[0.0,1.0],"evs":[0.0,3.44443]},"92s":{"weight":0.0,"played":[0.414,0.586],"evs":[0.0,-0.22257]},"93s":{"weight":0.0,"played":[0.2864,0.7136],"evs":[0.0,0.10429]},"94s":{"weight":0.0,"played":[0.3515,0.6485],"evs":[0.0,1.4229]},"95s":{"weight":0.0,"played":[0.1598,0.8402],"evs":[0.0,0.83363]},"96s":{"weight":0.0,"played":[7.0E-4,0.9993],"evs":[0.0,1.57122]},"97s":{"weight":1.0E-4,"played":[0.1752,0.8248],"evs":[0.0,-0.10133]},"98s":{"weight":0.0,"played":[0.0,1.0],"evs":[0.0,2.42622]},"99":{"weight":0.1885,"played":[3.0E-4,0.9997],"evs":[0.0,4.74053]},"T9o":{"weight":0.0049,"played":[0.0063,0.9937],"evs":[0.0,1.80861]},"J9o":{"weight":0.001,"played":[0.0,1.0],"evs":[0.0,1.68787]},"Q9o":{"weight":0.0053,"played":[0.0,1.0],"evs":[0.0,1.32093]},"K9o":{"weight":0.1896,"played":[0.0014,0.9986],"evs":[0.0,1.44354]},"A9o":{"weight":0.0872,"played":[0.0,1.0],"evs":[0.0,3.83824]},"T2s":{"weight":0.0,"played":[0.2051,0.7949],"evs":[0.0,0.63759]},"T3s":{"weight":0.0,"played":[0.0064,0.9936],"evs":[0.0,0.24071]},"T4s":{"weight":0.0,"played":[0.2046,0.7954],"evs":[0.0,0.55315]},"T5s":{"weight":0.0,"played":[0.0403,0.9597],"evs":[0.0,0.13235]},"T6s":{"weight":0.0,"played":[0.0807,0.9193],"evs":[0.0,0.37989]},"T7s":{"weight":0.0,"played":[0.0092,0.9908],"evs":[0.0,0.71294]},"T8s":{"weight":0.03,"played":[0.0048,0.9952],"evs":[0.0,3.10081]},"T9s":{"weight":0.9773,"played":[0.0,1.0],"evs":[0.0,1.83648]},"TT":{"weight":0.7621,"played":[0.0,1.0],"evs":[0.0,7.40074]},"JTo":{"weight":0.4922,"played":[1.0E-4,0.9999],"evs":[0.0,1.69165]},"QTo":{"weight":0.3556,"played":[5.0E-4,0.9995],"evs":[0.0,2.8043]},"KTo":{"weight":0.1553,"played":[0.0,1.0],"evs":[0.0,2.8793]},"ATo":{"weight":0.0,"played":[3.0E-4,0.9997],"evs":[0.0,4.87258]},"J2s":{"weight":0.0,"played":[0.4225,0.5775],"evs":[0.0,0.19967]},"J3s":{"weight":0.0,"played":[0.3168,0.6832],"evs":[0.0,1.53977]},"J4s":{"weight":0.0,"played":[0.3542,0.6458],"evs":[0.0,1.15783]},"J5s":{"weight":0.0,"played":[0.0359,0.9641],"evs":[0.0,3.17856]},"J6s":{"weight":0.0,"played":[0.0053,0.9947],"evs":[0.0,1.00445]},"J7s":{"weight":2.0E-4,"played":[0.0019,0.9981],"evs":[0.0,1.19076]},"J8s":{"weight":3.0E-4,"played":[0.0155,0.9845],"evs":[0.0,0.71249]},"J9s":{"weight":0.8283,"played":[5.0E-4,0.9995],"evs":[0.0,2.25393]},"JTs":{"weight":0.5948,"played":[0.0,1.0],"evs":[0.0,3.03476]},"JJ":{"weight":0.2718,"played":[0.0,1.0],"evs":[0.0,7.70004]},"QJo":{"weight":0.2577,"played":[0.0,1.0],"evs":[0.0,2.58784]},"KJo":{"weight":0.11,"played":[4.0E-4,0.9996],"evs":[0.0,3.85668]},"AJo":{"weight":0.212,"played":[1.0E-4,0.9999],"evs":[0.0,5.62484]},"Q2s":{"weight":0.0,"played":[0.1623,0.8377],"evs":[0.0,-0.24597]},"Q3s":{"weight":0.0,"played":[0.0048,0.9952],"evs":[0.0,0.89466]},"Q4s":{"weight":0.0,"played":[0.0608,0.9392],"evs":[0.0,2.52697]},"Q5s":{"weight":0.0,"played":[0.0027,0.9973],"evs":[0.0,1.7052]},"Q6s":{"weight":3.0E-4,"played":[6.0E-4,0.9994],"evs":[0.0,2.12332]},"Q7s":{"weight":0.0,"played":[0.0135,0.9865],"evs":[0.0,2.52374]},"Q8s":{"weight":0.0051,"played":[0.0312,0.9688],"evs":[0.0,3.19523]},"Q9s":{"weight":0.4682,"played":[5.0E-4,0.9995],"evs":[0.0,2.71948]},"QTs":{"weight":0.0,"played":[0.032,0.968],"evs":[0.0,2.97396]},"QJs":{"weight":0.1563,"played":[1.0E-4,0.9999],"evs":[0.0,4.52234]},"QQ":{"weight":0.0319,"played":[0.0,1.0],"evs":[0.0,10.1884]},"KQo":{"weight":0.073,"played":[2.0E-4,0.9998],"evs":[0.0,3.88153]},"AQo":{"weight":0.5031,"played":[0.0,1.0],"evs":[0.0,5.20739]},"K2s":{"weight":0.0,"played":[0.0093,0.9907],"evs":[0.0,1.05911]},"K3s":{"weight":0.0,"played":[0.037,0.963],"evs":[0.0,1.61595]},"K4s":{"weight":0.0,"played":[1.0E-4,0.9999],"evs":[0.0,1.91019]},"K5s":{"weight":0.0,"played":[6.0E-4,0.9994],"evs":[0.0,1.02905]},"K6s":{"weight":0.0,"played":[0.0071,0.9929],"evs":[0.0,1.93115]},"K7s":{"weight":5.0E-4,"played":[8.0E-4,0.9992],"evs":[0.0,1.96665]},"K8s":{"weight":0.0,"played":[0.001,0.999],"evs":[0.0,2.53007]},"K9s":{"weight":0.0992,"played":[6.0E-4,0.9994],"evs":[0.0,2.94769]},"KTs":{"weight":0.0,"played":[0.0015,0.9985],"evs":[0.0,3.21171]},"KJs":{"weight":0.8516,"played":[2.0E-4,0.9998],"evs":[0.0,4.4882]},"KQs":{"weight":0.5918,"played":[0.0,1.0],"evs":[0.0,4.43606]},"KK":{"weight":0.0071,"played":[0.0,1.0],"evs":[0.0,10.55923]},"AKo":{"weight":0.0932,"played":[0.0,1.0],"evs":[0.0,7.15552]},"A2s":{"weight":0.0,"played":[0.0729,0.9271],"evs":[0.0,2.64945]},"A3s":{"weight":0.0,"played":[1.0E-4,0.9999],"evs":[0.0,2.05445]},"A4s":{"weight":0.098,"played":[2.0E-4,0.9998],"evs":[0.0,1.53281]},"A5s":{"weight":0.0,"played":[4.0E-4,0.9996],"evs":[0.0,2.11663]},"A6s":{"weight":0.0,"played":[0.015,0.985],"evs":[0.0,2.90628]},"A7s":{"weight":0.3923,"played":[0.0041,0.9959],"evs":[0.0,2.82635]},"A8s":{"weight":7.0E-4,"played":[0.0063,0.9937],"evs":[0.0,4.16685]},"A9s":{"weight":0.0,"played":[1.0E-4,0.9999],"evs":[0.0,3.80882]},"ATs":{"weight":0.0,"played":[1.0E-4,0.9999],"evs":[0.0,5.28219]},"AJs":{"weight":0.0,"played":[0.0053,0.9947],"evs":[0.0,6.34703]},"AQs":{"weight":0.0,"played":[0.0,1.0],"evs":[0.0,6.63252]},"AKs":{"weight":0.7375,"played":[0.0012,0.9988],"evs":[0.0,6.65283]},"AA":{"weight":0.9702,"played":[0.0,1.0],"evs":[0.0,13.52409]}}}