{"player":2,"street":0,"children":2,"sequence":[{"player":0,"type":"R","amount":200000,"street":0},{"player":1,"type":"F","amount":0,"street":0},{"player":2,"type":"C","amount":200000,"street":0},{"player":3,"type":"F","amount":0,"street":0},{"player":4,"type":"R","amount":1315000,"street":0},{"player":5,"type":"C","amount":845000,"street":0},{"player":0,"type":"C","amount":435000,"street":0}],"actions":[{"type":"F","amount":0},{"type":"C","amount":1115000}],"hands":{"22":{"weight":4.0E-4,"played":[0.0299,0.9701],"evs":[0.0,4.09537]},"32o":{"weight":0.0,"played":[0.9764,0.0236],"evs":[0.0,-2.3974]},"42o":{"weight":0.0,"played":[0.9289,0.0711],"evs":[0.0,-3.02175]},"52o":{"weight":0.0,"played":[0.7521,0.2479],"evs":[0.0,-1.44622]},"62o":{"weight":0.0,"played":[1.0,0.0],"evs":[0.0,-3.86037]},"72o":{"weight":0.0,"played":[0.9921,0.0079],"evs":[0.0,-1.96302]},"82o":{"weight":0.0,"played":[0.9869,0.0131],"evs":[0.0,-2.12204]},"92o":{"weight":0.0,"played":[0.9515,0.0485],"evs":[0.0,-3.4476]},"T2o":{"weight":0.0,"played":[0.4379,0.5621],"evs":[0.0,0.10016]},"J2o":{"weight":0.0,"played":[0.9807,0.0193],"evs":[0.0,-2.58784]},"Q2o":{"weight":0.0067,"played":[0.9214,0.0786],"evs":[0.0,-1.78216]},"K2o":{"weight":0.0067,"played":[0.2872,0.7128],"evs":[0.0,-0.11752]},"A2o":{"weight":0.0534,"played":[0.6358,0.3642],"evs":[0.0,-0.71811]},"32s":{"weight":0.0047,"played":[0.2964,0.7036],"evs":[0.0,-0.33492]},"33":{"weight":0.0027,"played":[0.0051,0.9949],"evs":[0.0,4.89551]},"43o":{"weight":3.0E-4,"played":[0.4207,0.5793],"evs":[0.0,1.67277]},"53o":{"weight":0.0,"played":[0.9243,0.0757],"evs":[0.0,-2.9189]},"63o":{"weight":0.0015,"played":[0.773,0.227],"evs":[0.0,-0.38732]},"73o":{"weight":0.0,"played":[0.4543,0.5457],"evs":[0.0,0.41285]},"83o":{"weight":0.0,"played":[0.5014,0.4986],"evs":[0.0,-2.01357]},"93o":{"weight":1.0E-4,"played":[0.9989,0.0011],"evs":[0.0,-3.62317]},"T3o":{"weight":4.0E-4,"played":[0.5687,0.4313],"evs":[0.0,-0.58861]},"J3o":{"weight":0.0026,"played":[0.2633,0.7367],"evs":[0.0,0.38596]},"Q3o":{"weight":4.0E-4,"played":[0.9968,0.0032],"evs":[0.0,-1.63311]},"K3o":{"weight":0.1707,"played":[0.5422,0.4578],"evs":[0.0,0.50515]},"A3o":{"weight":0.0,"played":[0.016,0.984],"evs":[0.0,3.33753]},"42s":{"weight":0.137,"played":[0.0102,0.9898],"evs":[0.0,2.56561]},"43s":{"weight":0.1167,"played":[0.6446,0.3554],"evs":[0.0,-0.81724]},"44":{"weight":0.6112,"played":[0.0014,0.9986],"evs":[0.0,7.22157]},"54o":{"weight":0.0,"played":[0.678,0.322],"evs":[0.0,-1.93139]},"64o":{"weight":0.0,"played":[0.4837,0.5163],"evs":[0.0,-0.28341]},"74o":{"weight":5.0E-4,"played":[0.3167,0.6833],"evs":[0.0,1.51981]},"84o":{"weight":0.0,"played":[0.9502,0.0498],"evs":[0.0,-2.73014]},"94o":{"weight":1.0E-4,"played":[0.9165,0.0835],"evs":[0.0,-2.13794]},"T4o":{"weight":0.001,"played":[0.9653,0.0347],"evs":[0.0,-0.687]},"J4o":{"weight":3.0E-4,"played":[0.9975,0.0025],"evs":[0.0,-3.7262]},"Q4o":{"weight":0.0118,"played":[0.6877,0.3123],"evs":[0.0,0.38073]},"K4o":{"weight":0.2615,"played":[0.3047,0.6953],"evs":[0.0,1.49839]},"A4o":{"weight":0.142,"played":[0.0477,0.9523],"evs":[0.0,2.55928]},"52s":{"weight":0.0035,"played":[0.0399,0.9601],"evs":[0.0,4.59828]},"53s":{"weight":0.1122,"played":[0.0191,0.9809],"evs":[0.0,1.46529]},"54s":{"weight":0.2443,"played":[0.0269,0.9731],"evs":[0.0,3.97998]},"55":{"weight":0.2727,"played":[0.1647,0.8353],"evs":[0.0,4.37881]},"65o":{"weight":4.0E-4,"played":[0.1128,0.8872],"evs":[0.0,1.68566]},"75o":{"weight":4.0E-4,"played":[0.7814,0.2186],"evs":[0.0,-1.14165]},"85o":{"weight":1.0E-4,"played":[0.535,0.465],"evs":[0.0,-0.09914]},"95o":{"weight":3.0E-4,"played":[0.9479,0.0521],"evs":[0.0,-1.03522]},"T5o":{"weight":0.0,"played":[0.8402,0.1598],"evs":[0.0,-0.55138]},"J5o":{"weight":0.0,"played":[0.4897,0.5103],"evs":[0.0,-1.20545]},"Q5o":{"weight":0.0254,"played":[0.3578,0.6422],"evs":[0.0,2.45659]},"K5o":{"weight":0.2175,"played":[0.1235,0.8765],"evs":[0.0,0.69261]},"A5o":{"weight":0.1335,"played":[0.316,0.684],"evs":[0.0,-0.9104]},"62s":{"weight":6.0E-4,"played":[0.6128,0.3872],"evs":[0.0,1.37184]},"63s":{"weight":0.011,"played":[0.4755,0.5245],"evs":[0.0,0.1049]},"64s":{"weight":0.219,"played":[0.014,0.986],"evs":[0.0,0.6667]},"65s":{"weight":0.1269,"played":[0.4352,0.5648],"evs":[0.0,1.14238]},"66":{"weight":0.2679,"played":[0.0109,0.9891],"evs":[0.0,4.54781]},"76o":{"weight":0.0039,"played":[0.4473,0.5527],"evs":[0.0,1.68111]},"86o":{"weight":0.0,"played":[0.4828,0.5172],"evs":[0.0,0.05601]},"96o":{"weight":0.0021,"played":[0.9863,0.0137],"evs":[0.0,-2.02396]},"T6o":{"weight":0.0053,"played":[0.3259,0.6741],"evs":[0.0,-0.24852]},"J6o":{"weight":0.0028,"played":[0.4841,0.5159],"evs":[0.0,2.20948]},"Q6o":{"weight":0.0164,"played":[0.5518,0.4482],"evs":[0.0,-1.09682]},"K6o":{"weight":0.2142,"played":[6.0E-4,0.9994],"evs":[0.0,0.97463]},"A6o":{"weight":0.3658,"played":[0.0153,0.9847],"evs":[0.0,2.18463]},"72s":{"weight":0.0073,"played":[0.4461,0.5539],"evs":[0.0,3.84083]},"73s":{"weight":0.0013,"played":[0.2307,0.7693],"evs":[0.0,7.49566]},"74s":{"weight":0.1104,"played":[0.024,0.976],"evs":[0.0,6.93574]},"75s":{"weight":0.3215,"played":[0.5227,0.4773],"evs":[0.0,-0.03745]},"76s":{"weight":0.5965,"played":[0.1901,0.8099],"evs":[0.0,0.67518]},"77":{"weight":0.8948,"played":[3.0E-4,0.9997],"evs":[0.0,8.55044]},"87o":{"weight":0.1468,"played":[0.6673,0.3327],"evs":[0.0,-2.41338]},"97o":{"weight":3.0E-4,"played":[0.2519,0.7481],"evs":[0.0,1.36593]},"T7o":{"weight":0.2771,"played":[0.614,0.386],"evs":[0.0,0.92416]},"J7o":{"weight":6.0E-4,"played":[0.0315,0.9685],"evs":[0.0,0.86319]},"Q7o":{"weight":0.0058,"played":[0.4808,0.5192],"evs":[0.0,-1.29992]},"K7o":{"weight":0.9008,"played":[0.1122,0.8878],"evs":[0.0,1.64524]},"A7o":{"weight":0.9971,"played":[0.0,1.0],"evs":[0.0,3.74118]},"82s":{"weight":0.0281,"played":[0.5389,0.4611],"evs":[0.0,1.45449]},"83s":{"weight":0.001,"played":[0.5235,0.4765],"evs":[0.0,0.88025]},"84s":{"weight":0.5474,"played":[0.1156,0.8844],"evs":[0.0,4.83738]},"85s":{"weight":0.0021,"played":[0.2329,0.7671],"evs":[0.0,2.29931]},"86s":{"weight":0.0799,"played":[0.0197,0.9803],"evs":[0.0,4.61111]},"87s":{"weight":0.8751,"played":[0.5652,0.4348],"evs":[0.0,-2.56871]},"88":{"weight":0.2375,"played":[8.0E-4,0.9992],"evs":[0.0,7.90837]},"98o":{"weight":0.4599,"played":[1.0E-4,0.9999],"evs":[0.0,1.8561]},"T8o":{"weight":0.0536,"played":[0.5236,0.4764],"evs":[0.0,0.31807]},"J8o":{"weight":0.1074,"played":[0.0443,0.9557],"evs":[0.0,2.12109]},"Q8o":{"weight":0.7497,"played":[0.0655,0.9345],"evs":[0.0,2.71466]},"K8o":{"weight":0.9169,"played":[0.003,0.997],"evs":[0.0,1.58757]},"A8o":{"weight":0.7496,"played":[8.0E-4,0.9992],"evs":[0.0,4.74059]},"92s":{"weight":0.0013,"played":[0.1443,0.8557],"evs":[0.0,4.36655]},"93s":{"weight":0.0,"played":[0.1858,0.8142],"evs":[0.0,1.25253]},"94s":{"weight":0.008,"played":[0.2834,0.7166],"evs":[0.0,-0.15444]},"95s":{"weight":0.005,"played":[0.3798,0.6202],"evs":[0.0,3.17425]},"96s":{"weight":0.0104,"played":[0.0092,0.9908],"evs":[0.0,5.48053]},"97s":{"weight":0.008,"played":[0.0767,0.9233],"evs":[0.0,4.76636]},"98s":{"weight":0.57,"played":[0.0716,0.9284],"evs":[0.0,5.61245]},"99":{"weight":0.5881,"played":[0.002,0.998],"evs":[0.0,8.81481]},"T9o":{"weight":0.968,"played":[0.0374,0.9626],"evs":[0.0,1.35169]},"J9o":{"weight":0.3033,"played":[0.018,0.982],"evs":[0.0,2.6642]},"Q9o":{"weight":0.9427,"played":[0.3928,0.6072],"evs":[0.0,0.87718]},"K9o":{"weight":0.9141,"played":[0.0046,0.9954],"evs":[0.0,3.85444]},"A9o":{"weight":0.9788,"played":[6.0E-4,0.9994],"evs":[0.0,7.21557]},"T2s":{"weight":0.0024,"played":[0.3269,0.6731],"evs":[0.0,5.37278]},"T3s":{"weight":0.0662,"played":[0.6064,0.3936],"evs":[0.0,-0.5849]},"T4s":{"weight":0.0571,"played":[0.221,0.779],"evs":[0.0,0.95279]},"T5s":{"weight":0.0442,"played":[0.16,0.84],"evs":[0.0,-1.76695]},"T6s":{"weight":0.2675,"played":[0.2468,0.7532],"evs":[0.0,0.32515]},"T7s":{"weight":0.0187,"played":[0.0529,0.9471],"evs":[0.0,6.60653]},"T8s":{"weight":0.1778,"played":[0.2914,0.7086],"evs":[0.0,4.78074]},"T9s":{"weight":0.9663,"played":[3.0E-4,0.9997],"evs":[0.0,8.10768]},"TT":{"weight":0.5691,"played":[9.0E-4,0.9991],"evs":[0.0,15.4027]},"JTo":{"weight":0.9763,"played":[0.0033,0.9967],"evs":[0.0,3.69086]},"QTo":{"weight":0.5929,"played":[0.0074,0.9926],"evs":[0.0,2.74463]},"KTo":{"weight":0.2348,"played":[0.0064,0.9936],"evs":[0.0,3.46148]},"ATo":{"weight":0.0887,"played":[2.0E-4,0.9998],"evs":[0.0,4.60107]},"J2s":{"weight":0.1991,"played":[0.2111,0.7889],"evs":[0.0,2.4377]},"J3s":{"weight":0.0686,"played":[0.0765,0.9235],"evs":[0.0,8.13085]},"J4s":{"weight":1.0E-4,"played":[0.0368,0.9632],"evs":[0.0,1.08226]},"J5s":{"weight":0.3604,"played":[0.3481,0.6519],"evs":[0.0,-0.28876]},"J6s":{"weight":0.4583,"played":[0.1025,0.8975],"evs":[0.0,2.06842]},"J7s":{"weight":0.0111,"played":[0.0581,0.9419],"evs":[0.0,6.16187]},"J8s":{"weight":0.2415,"played":[0.0255,0.9745],"evs":[0.0,7.72253]},"J9s":{"weight":0.0872,"played":[3.0E-4,0.9997],"evs":[0.0,3.48979]},"JTs":{"weight":0.368,"played":[0.1212,0.8788],"evs":[0.0,2.41097]},"JJ":{"weight":0.2014,"played":[0.0011,0.9989],"evs":[0.0,16.3339]},"QJo":{"weight":0.2965,"played":[0.0049,0.9951],"evs":[0.0,3.70434]},"KJo":{"weight":0.2443,"played":[0.0014,0.9986],"evs":[0.0,5.96509]},"AJo":{"weight":0.5666,"played":[0.0037,0.9963],"evs":[0.0,9.40838]},"Q2s":{"weight":0.0294,"played":[0.5401,0.4599],"evs":[0.0,2.15053]},"Q3s":{"weight":0.0263,"played":[0.5632,0.4368],"evs":[0.0,-0.60407]},"Q4s":{"weight":0.4251,"played":[0.2353,0.7647],"evs":[0.0,4.07096]},"Q5s":{"weight":0.525,"played":[0.6107,0.3893],"evs":[0.0,-1.71762]},"Q6s":{"weight":0.8054,"played":[0.0039,0.9961],"evs":[0.0,7.40017]},"Q7s":{"weight":0.0074,"played":[0.0174,0.9826],"evs":[0.0,2.8293]},"Q8s":{"weight":0.079,"played":[0.0,1.0],"evs":[0.0,8.86328]},"Q9s":{"weight":0.0734,"played":[0.0656,0.9344],"evs":[0.0,5.31557]},"QTs":{"weight":0.145,"played":[0.0429,0.9571],"evs":[0.0,7.53331]},"QJs":{"weight":0.7719,"played":[0.0,1.0],"evs":[0.0,4.48449]},"QQ":{"weight":0.5096,"played":[1.0E-4,0.9999],"evs":[0.0,17.57469]},"KQo":{"weight":0.9847,"played":[2.0E-4,0.9998],"evs":[0.0,6.54559]},"AQo":{"weight":0.1051,"played":[1.0E-4,0.9999],"evs":[0.0,12.23783]},"K2s":{"weight":0.0404,"played":[0.0613,0.9387],"evs":[0.0,7.60255]},"K3s":{"weight":0.0665,"played":[0.3739,0.6261],"evs":[0.0,1.61226]},"K4s":{"weight":0.0991,"played":[0.3248,0.6752],"evs":[0.0,2.10808]},"K5s":{"weight":0.0299,"played":[0.0733,0.9267],"evs":[0.0,6.27662]},"K6s":{"weight":0.4717,"played":[0.0033,0.9967],"evs":[0.0,6.81536]},"K7s":{"weight":0.4845,"played":[0.05,0.95],"evs":[0.0,2.18755]},"K8s":{"weight":0.5579,"played":[0.7524,0.2476],"evs":[0.0,0.96239]},"K9s":{"weight":0.0,"played":[0.1573,0.8427],"evs":[0.0,2.35891]},"KTs":{"weight":0.0865,"played":[0.0011,0.9989],"evs":[0.0,4.23432]},"KJs":{"weight":0.0,"played":[0.0812,0.9188],"evs":[0.0,5.48425]},"KQs":{"weight":0.0844,"played":[0.0137,0.9863],"evs":[0.0,6.12716]},"KK":{"weight":0.9584,"played":[2.0E-4,0.9998],"evs":[0.0,19.48221]},"AKo":{"weight":6.0E-4,"played":[1.0E-4,0.9999],"evs":[0.0,13.94815]},"A2s":{"weight":0.1866,"played":[0.0018,0.9982],"evs":[0.0,8.86952]},"A3s":{"weight":3.0E-4,"played":[0.0321,0.9679],"evs":[0.0,4.54589]},"A4s":{"weight":0.7122,"played":[0.6705,0.3295],"evs":[0.0,-0.642]},"A5s":{"weight":0.0,"played":[0.0158,0.9842],"evs":[0.0,3.4946]},"A6s":{"weight":0.5813,"played":[0.0,1.0],"evs":[0.0,1.63818]},"A7s":{"weight":0.0329,"played":[0.0886,0.9114],"evs":[0.0,8.18553]},"A8s":{"weight":0.0072,"played":[0.0208,0.9792],"evs":[0.0,0.61203]},"A9s":{"weight":0.4715,"played":[0.0037,0.9963],"evs":[0.0,10.14979]},"ATs":{"weight":7.0E-4,"played":[0.0056,0.9944],"evs":[0.0,7.81839]},"AJs":{"weight":0.63,"played":[1.0E-4,0.9999],"evs":[0.0,5.1994]},"AQs":{"weight":2.0E-4,"played":[2.0E-4,0.9998],"evs":[0.0,7.99345]},"AKs":{"weight":0.0203,"played":[0.0628,0.9372],"evs":[0.0,6.28411]},"AA":{"weight":0.0214,"played":[0.0,1.0],"evs":[0.0,27.72302]}}}