{"player":3,"street":0,"children":2,"sequence":[{"player":0,"type":"R","amount":200000,"street":0},{"player":1,"type":"F","amount":0,"street":0},{"player":2,"type":"C","amount":200000,"street":0},{"player":3,"type":"C","amount":200000,"street":0},{"player":4,"type":"F","amount":0,"street":0},{"player":5,"type":"R","amount":945000,"street":0},{"player":0,"type":"F","amount":0,"street":0},{"player":2,"type":"C","amount":745000,"street":0}],"actions":[{"type":"F","amount":0},{"type":"C","amount":545000}],"hands":{"22":{"weight":0.0352,"played":[0.5,0.5],"evs":[0.0,0.0]},"32o":{"weight":0.0061,"played":[0.9982,0.0018],"evs":[0.0,-6.74311]},"42o":{"weight":6.0E-4,"played":[0.4831,0.5169],"evs":[0.0,8.66742]},"52o":{"weight":1.0E-4,"played":[0.8573,0.1427],"evs":[0.0,4.89153]},"62o":{"weight":1.0E-4,"played":[0.5,0.5],"evs":[0.0,9.04634]},"72o":{"weight":0.0,"played":[0.8534,0.1466],"evs":[0.0,-6.74334]},"82o":{"weight":5.0E-4,"played":[0.554,0.446],"evs":[0.0,3.02337]},"92o":{"weight":0.0,"played":[0.5,0.5],"evs":[0.0,0.0]},"T2o":{"weight":0.0028,"played":[0.5,0.5],"evs":[0.0,-6.74051]},"J2o":{"weight":2.0E-4,"played":[0.2037,0.7963],"evs":[0.0,12.08137]},"Q2o":{"weight":2.0E-4,"played":[0.9459,0.0541],"evs":[0.0,-6.74535]},"K2o":{"weight":0.0114,"played":[0.1326,0.8674],"evs":[0.0,12.92113]},"A2o":{"weight":1.0E-4,"played":[0.8649,0.1351],"evs":[0.0,15.9609]},"32s":{"weight":0.0969,"played":[0.8566,0.1434],"evs":[0.0,-6.74051]},"33":{"weight":0.0334,"played":[0.85,0.15],"evs":[0.0,-6.74196]},"43o":{"weight":0.0,"played":[0.978,0.022],"evs":[0.0,-6.74514]},"53o":{"weight":7.0E-4,"played":[0.9074,0.0926],"evs":[0.0,-6.74535]},"63o":{"weight":2.0E-4,"played":[0.5,0.5],"evs":[0.0,0.0]},"73o":{"weight":2.0E-4,"played":[0.9575,0.0425],"evs":[0.0,-6.74295]},"83o":{"weight":6.0E-4,"played":[0.9895,0.0105],"evs":[0.0,-6.74176]},"93o":{"weight":0.0,"played":[0.5,0.5],"evs":[0.0,9.04634]},"T3o":{"weight":5.0E-4,"played":[0.5405,0.4595],"evs":[0.0,2.55853]},"J3o":{"weight":9.0E-4,"played":[0.097,0.903],"evs":[0.0,24.34234]},"Q3o":{"weight":0.0,"played":[0.5,0.5],"evs":[0.0,-6.74051]},"K3o":{"weight":0.0027,"played":[0.055,0.945],"evs":[0.0,13.09476]},"A3o":{"weight":7.0E-4,"played":[0.4178,0.5822],"evs":[0.0,-1.17407]},"42s":{"weight":0.0011,"played":[0.2096,0.7904],"evs":[0.0,6.29942]},"43s":{"weight":0.0251,"played":[0.5,0.5],"evs":[0.0,24.36883]},"44":{"weight":0.0117,"played":[0.5,0.5],"evs":[0.0,0.0]},"54o":{"weight":0.0,"played":[0.5,0.5],"evs":[0.0,-6.74051]},"64o":{"weight":2.0E-4,"played":[0.5,0.5],"evs":[0.0,-6.74535]},"74o":{"weight":0.0,"played":[0.5,0.5],"evs":[0.0,24.36883]},"84o":{"weight":1.0E-4,"played":[0.5,0.5],"evs":[0.0,-6.74535]},"94o":{"weight":1.0E-4,"played":[0.9274,0.0726],"evs":[0.0,3.36583]},"T4o":{"weight":1.0E-4,"played":[0.5,0.5],"evs":[0.0,24.34235]},"J4o":{"weight":2.0E-4,"played":[0.5,0.5],"evs":[0.0,-6.74051]},"Q4o":{"weight":0.0,"played":[0.967,0.033],"evs":[0.0,14.07786]},"K4o":{"weight":0.003,"played":[0.5,0.5],"evs":[0.0,-6.74535]},"A4o":{"weight":0.0347,"played":[0.175,0.825],"evs":[0.0,4.13849]},"52s":{"weight":0.0114,"played":[0.5,0.5],"evs":[0.0,24.34234]},"53s":{"weight":3.0E-4,"played":[0.5,0.5],"evs":[0.0,-6.74535]},"54s":{"weight":3.0E-4,"played":[0.9867,0.0133],"evs":[0.0,-6.74051]},"55":{"weight":0.0116,"played":[0.4705,0.5295],"evs":[0.0,2.94365]},"65o":{"weight":0.0132,"played":[0.5,0.5],"evs":[0.0,-6.74051]},"75o":{"weight":0.0,"played":[0.5,0.5],"evs":[0.0,-6.74535]},"85o":{"weight":0.0119,"played":[0.5624,0.4376],"evs":[0.0,-0.48977]},"95o":{"weight":0.0013,"played":[0.5,0.5],"evs":[0.0,0.0]},"T5o":{"weight":1.0E-4,"played":[0.5,0.5],"evs":[0.0,0.0]},"J5o":{"weight":0.0018,"played":[0.5,0.5],"evs":[0.0,-6.74051]},"Q5o":{"weight":1.0E-4,"played":[0.5,0.5],"evs":[0.0,0.0]},"K5o":{"weight":0.001,"played":[0.9693,0.0307],"evs":[0.0,2.9367]},"A5o":{"weight":0.0,"played":[0.5664,0.4336],"evs":[0.0,-4.01931]},"62s":{"weight":0.0411,"played":[0.106,0.894],"evs":[0.0,-0.14718]},"63s":{"weight":1.0E-4,"played":[0.5,0.5],"evs":[0.0,-6.74051]},"64s":{"weight":0.1308,"played":[0.5,0.5],"evs":[0.0,-6.74051]},"65s":{"weight":0.0568,"played":[0.5,0.5],"evs":[0.0,0.0]},"66":{"weight":0.0111,"played":[0.5,0.5],"evs":[0.0,24.34234]},"76o":{"weight":0.0,"played":[0.8462,0.1538],"evs":[0.0,-6.74386]},"86o":{"weight":0.0021,"played":[0.8272,0.1728],"evs":[0.0,13.60305]},"96o":{"weight":0.0017,"played":[0.5339,0.4661],"evs":[0.0,3.42757]},"T6o":{"weight":0.0017,"played":[0.9674,0.0326],"evs":[0.0,-6.74535]},"J6o":{"weight":1.0E-4,"played":[0.5,0.5],"evs":[0.0,-6.74535]},"Q6o":{"weight":0.0035,"played":[0.9223,0.0777],"evs":[0.0,-6.7446]},"K6o":{"weight":0.0308,"played":[0.0755,0.9245],"evs":[0.0,24.36483]},"A6o":{"weight":0.0096,"played":[0.0235,0.9765],"evs":[0.0,10.8172]},"72s":{"weight":1.0E-4,"played":[0.5,0.5],"evs":[0.0,9.03811]},"73s":{"weight":0.0283,"played":[0.5,0.5],"evs":[0.0,24.36883]},"74s":{"weight":7.0E-4,"played":[0.5,0.5],"evs":[0.0,-6.74535]},"75s":{"weight":0.0075,"played":[0.5,0.5],"evs":[0.0,0.0]},"76s":{"weight":0.0541,"played":[0.5,0.5],"evs":[0.0,24.34235]},"77":{"weight":0.0274,"played":[0.5,0.5],"evs":[0.0,0.0]},"87o":{"weight":0.0,"played":[0.5,0.5],"evs":[0.0,24.36883]},"97o":{"weight":0.007,"played":[0.5,0.5],"evs":[0.0,0.0]},"T7o":{"weight":0.0212,"played":[0.5836,0.4164],"evs":[0.0,3.04583]},"J7o":{"weight":0.0413,"played":[0.5,0.5],"evs":[0.0,-6.74051]},"Q7o":{"weight":0.0,"played":[0.0041,0.9959],"evs":[0.0,18.45773]},"K7o":{"weight":0.0227,"played":[0.5748,0.4252],"evs":[0.0,-5.79043]},"A7o":{"weight":0.1968,"played":[0.108,0.892],"evs":[0.0,10.05493]},"82s":{"weight":2.0E-4,"played":[0.5,0.5],"evs":[0.0,0.0]},"83s":{"weight":0.1478,"played":[0.4216,0.5784],"evs":[0.0,3.69485]},"84s":{"weight":0.007,"played":[0.5,0.5],"evs":[0.0,0.0]},"85s":{"weight":4.0E-4,"played":[0.5,0.5],"evs":[0.0,0.0]},"86s":{"weight":9.0E-4,"played":[0.5,0.5],"evs":[0.0,-6.74535]},"87s":{"weight":0.2213,"played":[0.5,0.5],"evs":[0.0,0.0]},"88":{"weight":0.2114,"played":[0.0796,0.9204],"evs":[0.0,-1.78679]},"98o":{"weight":0.0128,"played":[0.6204,0.3796],"evs":[0.0,2.7546]},"T8o":{"weight":0.0149,"played":[0.9593,0.0407],"evs":[0.0,-6.74289]},"J8o":{"weight":0.1007,"played":[0.8652,0.1348],"evs":[0.0,-6.74535]},"Q8o":{"weight":2.0E-4,"played":[0.9261,0.0739],"evs":[0.0,13.2497]},"K8o":{"weight":0.0019,"played":[0.5,0.5],"evs":[0.0,-6.74051]},"A8o":{"weight":0.0202,"played":[0.964,0.036],"evs":[0.0,0.58459]},"92s":{"weight":0.0428,"played":[0.5,0.5],"evs":[0.0,24.34235]},"93s":{"weight":0.0014,"played":[0.5,0.5],"evs":[0.0,0.0]},"94s":{"weight":0.0286,"played":[0.205,0.795],"evs":[0.0,-0.26926]},"95s":{"weight":0.0027,"played":[0.5,0.5],"evs":[0.0,24.34235]},"96s":{"weight":0.1161,"played":[0.8966,0.1034],"evs":[0.0,-6.74323]},"97s":{"weight":0.4096,"played":[0.1498,0.8502],"evs":[0.0,2.57457]},"98s":{"weight":0.1315,"played":[0.7794,0.2206],"evs":[0.0,-6.74535]},"99":{"weight":4.0E-4,"played":[0.7904,0.2096],"evs":[0.0,11.30868]},"T9o":{"weight":0.0866,"played":[0.0368,0.9632],"evs":[0.0,6.29502]},"J9o":{"weight":0.0051,"played":[0.7503,0.2497],"evs":[0.0,-5.62508]},"Q9o":{"weight":0.0427,"played":[0.5,0.5],"evs":[0.0,-6.74535]},"K9o":{"weight":0.4767,"played":[0.241,0.759],"evs":[0.0,14.47289]},"A9o":{"weight":0.0017,"played":[0.1203,0.8797],"evs":[0.0,14.85825]},"T2s":{"weight":0.0035,"played":[0.5,0.5],"evs":[0.0,24.34234]},"T3s":{"weight":0.001,"played":[0.5,0.5],"evs":[0.0,-6.74535]},"T4s":{"weight":0.0046,"played":[0.5,0.5],"evs":[0.0,24.36883]},"T5s":{"weight":0.0032,"played":[0.5,0.5],"evs":[0.0,-6.74535]},"T6s":{"weight":1.0E-4,"played":[0.5,0.5],"evs":[0.0,0.0]},"T7s":{"weight":0.0019,"played":[0.8624,0.1376],"evs":[0.0,15.78854]},"T8s":{"weight":0.0157,"played":[0.5,0.5],"evs":[0.0,-6.74051]},"T9s":{"weight":0.0706,"played":[0.5,0.5],"evs":[0.0,0.0]},"TT":{"weight":0.0,"played":[0.287,0.713],"evs":[0.0,10.63469]},"JTo":{"weight":0.0012,"played":[0.5,0.5],"evs":[0.0,24.36883]},"QTo":{"weight":0.3124,"played":[0.3592,0.6408],"evs":[0.0,0.09837]},"KTo":{"weight":0.0834,"played":[0.515,0.485],"evs":[0.0,4.09333]},"ATo":{"weight":0.2591,"played":[0.8709,0.1291],"evs":[0.0,-6.7441]},"J2s":{"weight":0.0011,"played":[0.5,0.5],"evs":[0.0,0.0]},"J3s":{"weight":0.0176,"played":[0.5,0.5],"evs":[0.0,0.0]},"J4s":{"weight":0.095,"played":[0.5,0.5],"evs":[0.0,0.0]},"J5s":{"weight":0.0049,"played":[0.5,0.5],"evs":[0.0,0.0]},"J6s":{"weight":0.0134,"played":[0.5,0.5],"evs":[0.0,24.34234]},"J7s":{"weight":0.0648,"played":[0.25,0.75],"evs":[0.0,8.80092]},"J8s":{"weight":0.2395,"played":[0.5,0.5],"evs":[0.0,0.0]},"J9s":{"weight":0.0056,"played":[0.5,0.5],"evs":[0.0,0.0]},"JTs":{"weight":0.0206,"played":[0.5,0.5],"evs":[0.0,-6.74535]},"JJ":{"weight":1.0E-4,"played":[0.0246,0.9754],"evs":[0.0,-5.21451]},"QJo":{"weight":0.0041,"played":[0.0465,0.9535],"evs":[0.0,-2.38842]},"KJo":{"weight":0.0966,"played":[0.1213,0.8787],"evs":[0.0,20.56059]},"AJo":{"weight":6.0E-4,"played":[0.134,0.866],"evs":[0.0,1.59233]},"Q2s":{"weight":0.4003,"played":[0.5,0.5],"evs":[0.0,0.0]},"Q3s":{"weight":0.0615,"played":[0.5,0.5],"evs":[0.0,24.34235]},"Q4s":{"weight":0.5211,"played":[0.5,0.5],"evs":[0.0,0.0]},"Q5s":{"weight":0.0019,"played":[0.5,0.5],"evs":[0.0,0.0]},"Q6s":{"weight":0.0055,"played":[0.5,0.5],"evs":[0.0,-6.74535]},"Q7s":{"weight":0.0666,"played":[0.5,0.5],"evs":[0.0,24.36883]},"Q8s":{"weight":0.0709,"played":[0.5,0.5],"evs":[0.0,0.0]},"Q9s":{"weight":0.0,"played":[0.5,0.5],"evs":[0.0,0.0]},"QTs":{"weight":0.0038,"played":[0.5,0.5],"evs":[0.0,-6.74051]},"QJs":{"weight":1.0E-4,"played":[0.5,0.5],"evs":[0.0,0.0]},"QQ":{"weight":0.0039,"played":[0.1897,0.8103],"evs":[0.0,5.05132]},"KQo":{"weight":0.622,"played":[0.1059,0.8941],"evs":[0.0,11.62152]},"AQo":{"weight":0.0628,"played":[0.0979,0.9021],"evs":[0.0,15.50827]},"K2s":{"weight":5.0E-4,"played":[0.8566,0.1434],"evs":[0.0,6.52252]},"K3s":{"weight":0.0015,"played":[0.9222,0.0778],"evs":[0.0,-6.74313]},"K4s":{"weight":0.0067,"played":[0.5,0.5],"evs":[0.0,0.0]},"K5s":{"weight":0.1519,"played":[0.915,0.085],"evs":[0.0,-6.74452]},"K6s":{"weight":0.016,"played":[0.4409,0.5591],"evs":[0.0,3.89344]},"K7s":{"weight":0.0109,"played":[0.5,0.5],"evs":[0.0,0.0]},"K8s":{"weight":0.2791,"played":[0.5,0.5],"evs":[0.0,-6.74051]},"K9s":{"weight":0.2887,"played":[0.5,0.5],"evs":[0.0,24.36883]},"KTs":{"weight":0.0225,"played":[0.5,0.5],"evs":[0.0,-6.74535]},"KJs":{"weight":0.0361,"played":[0.5,0.5],"evs":[0.0,-6.74535]},"KQs":{"weight":5.0E-4,"played":[0.5,0.5],"evs":[0.0,0.0]},"KK":{"weight":4.0E-4,"played":[0.5,0.5],"evs":[0.0,24.34235]},"AKo":{"weight":1.0E-4,"played":[0.5,0.5],"evs":[0.0,24.34234]},"A2s":{"weight":0.0055,"played":[0.5,0.5],"evs":[0.0,-6.74051]},"A3s":{"weight":0.002,"played":[0.5,0.5],"evs":[0.0,24.36883]},"A4s":{"weight":0.3451,"played":[0.8624,0.1376],"evs":[0.0,-6.74051]},"A5s":{"weight":0.6543,"played":[0.5,0.5],"evs":[0.0,-6.74051]},"A6s":{"weight":0.2336,"played":[0.5,0.5],"evs":[0.0,24.36883]},"A7s":{"weight":0.024,"played":[0.5,0.5],"evs":[0.0,0.0]},"A8s":{"weight":0.005,"played":[0.5,0.5],"evs":[0.0,24.36883]},"A9s":{"weight":0.0507,"played":[0.5,0.5],"evs":[0.0,0.0]},"ATs":{"weight":0.0024,"played":[0.5,0.5],"evs":[0.0,0.0]},"AJs":{"weight":0.0167,"played":[0.5,0.5],"evs":[0.0,3.83759]},"AQs":{"weight":0.2222,"played":[0.5,0.5],"evs":[0.0,3.83759]},"AKs":{"weight":0.0039,"played":[0.5,0.5],"evs":[0.0,24.34235]},"AA":{"weight":0.0,"played":[0.2039,0.7961],"evs":[0.0,24.34235]}}}