{"player":5,"street":0,"children":2,"sequence":[{"player":0,"type":"R","amount":200000,"street":0},{"player":1,"type":"F","amount":0,"street":0},{"player":2,"type":"C","amount":200000,"street":0},{"player":3,"type":"C","amount":200000,"street":0},{"player":4,"type":"R","amount":1315000,"street":0}],"actions":[{"type":"F","amount":0,"node":316},{"type":"C","amount":845000,"node":323}],"hands":{"22":{"weight":1.0,"played":[0.5867,0.4133],"evs":[0.0,-0.57249]},"32o":{"weight":1.0,"played":[0.9336,0.0664],"evs":[0.0,-2.30284]},"42o":{"weight":1.0,"played":[0.9891,0.0109],"evs":[0.0,-2.65577]},"52o":{"weight":1.0,"played":[0.5509,0.4491],"evs":[0.0,-2.9577]},"62o":{"weight":1.0,"played":[0.9672,0.0328],"evs":[0.0,-3.5705]},"72o":{"weight":1.0,"played":[0.8553,0.1447],"evs":[0.0,-5.13935]},"82o":{"weight":1.0,"played":[0.838,0.162],"evs":[0.0,-4.47049]},"92o":{"weight":1.0,"played":[0.9115,0.0885],"evs":[0.0,-4.17315]},"T2o":{"weight":1.0,"played":[0.2529,0.7471],"evs":[0.0,-2.7281]},"J2o":{"weight":1.0,"played":[0.7236,0.2764],"evs":[0.0,-4.67627]},"Q2o":{"weight":1.0,"played":[0.5627,0.4373],"evs":[0.0,0.75272]},"K2o":{"weight":1.0,"played":[0.8851,0.1149],"evs":[0.0,-2.41846]},"A2o":{"weight":1.0,"played":[0.324,0.676],"evs":[0.0,8.03992]},"32s":{"weight":1.0,"played":[0.9358,0.0642],"evs":[0.0,-9.23389]},"33":{"weight":1.0,"played":[0.2492,0.7508],"evs":[0.0,10.0258]},"43o":{"weight":1.0,"played":[0.274,0.726],"evs":[0.0,1.71828]},"53o":{"weight":1.0,"played":[0.3863,0.6137],"evs":[0.0,4.6834]},"63o":{"weight":1.0,"played":[0.7061,0.2939],"evs":[0.0,-1.07477]},"73o":{"weight":1.0,"played":[0.9963,0.0037],"evs":[0.0,-9.4403]},"83o":{"weight":1.0,"played":[0.9363,0.0637],"evs":[0.0,-4.75108]},"93o":{"weight":1.0,"played":[0.8198,0.1802],"evs":[0.0,-0.87836]},"T3o":{"weight":1.0,"played":[0.3938,0.6062],"evs":[0.0,1.62173]},"J3o":{"weight":1.0,"played":[0.6049,0.3951],"evs":[0.0,-2.06947]},"Q3o":{"weight":1.0,"played":[0.9421,0.0579],"evs":[0.0,-2.9324]},"K3o":{"weight":1.0,"played":[0.7562,0.2438],"evs":[0.0,2.43951]},"A3o":{"weight":1.0,"played":[0.0375,0.9625],"evs":[0.0,8.53635]},"42s":{"weight":1.0,"played":[0.2743,0.7257],"evs":[0.0,3.5037]},"43s":{"weight":1.0,"played":[0.5945,0.4055],"evs":[0.0,13.74239]},"44":{"weight":1.0,"played":[0.5463,0.4537],"evs":[0.0,4.06154]},"54o":{"weight":1.0,"played":[0.4927,0.5073],"evs":[0.0,4.23629]},"64o":{"weight":1.0,"played":[0.9472,0.0528],"evs":[0.0,-1.86948]},"74o":{"weight":1.0,"played":[0.7446,0.2554],"evs":[0.0,-6.6628]},"84o":{"weight":1.0,"played":[0.9995,5.0E-4],"evs":[0.0,-4.70692]},"94o":{"weight":1.0,"played":[0.981,0.019],"evs":[0.0,-2.67116]},"T4o":{"weight":1.0,"played":[0.4263,0.5737],"evs":[0.0,1.99285]},"J4o":{"weight":1.0,"played":[0.8359,0.1641],"evs":[0.0,-3.98221]},"Q4o":{"weight":1.0,"played":[0.8092,0.1908],"evs":[0.0,-3.06259]},"K4o":{"weight":1.0,"played":[0.0351,0.9649],"evs":[0.0,2.04288]},"A4o":{"weight":1.0,"played":[0.1443,0.8557],"evs":[0.0,8.29653]},"52s":{"weight":1.0,"played":[0.2736,0.7264],"evs":[0.0,6.61746]},"53s":{"weight":1.0,"played":[0.527,0.473],"evs":[0.0,-0.7914]},"54s":{"weight":1.0,"played":[0.6949,0.3051],"evs":[0.0,-2.15893]},"55":{"weight":1.0,"played":[0.4412,0.5588],"evs":[0.0,0.10462]},"65o":{"weight":1.0,"played":[0.4773,0.5227],"evs":[0.0,-1.59502]},"75o":{"weight":1.0,"played":[0.4808,0.5192],"evs":[0.0,-1.72582]},"85o":{"weight":1.0,"played":[0.6419,0.3581],"evs":[0.0,5.43709]},"95o":{"weight":1.0,"played":[0.8588,0.1412],"evs":[0.0,-2.11265]},"T5o":{"weight":1.0,"played":[0.5864,0.4136],"evs":[0.0,-0.32968]},"J5o":{"weight":1.0,"played":[0.96,0.04],"evs":[0.0,-2.09691]},"Q5o":{"weight":1.0,"played":[0.4139,0.5861],"evs":[0.0,5.42812]},"K5o":{"weight":1.0,"played":[0.0385,0.9615],"evs":[0.0,6.85222]},"A5o":{"weight":1.0,"played":[0.647,0.353],"evs":[0.0,-1.28478]},"62s":{"weight":1.0,"played":[0.762,0.238],"evs":[0.0,2.81281]},"63s":{"weight":1.0,"played":[0.5367,0.4633],"evs":[0.0,3.02434]},"64s":{"weight":1.0,"played":[0.4489,0.5511],"evs":[0.0,1.4373]},"65s":{"weight":1.0,"played":[0.5814,0.4186],"evs":[0.0,-1.73029]},"66":{"weight":1.0,"played":[0.0246,0.9754],"evs":[0.0,5.88765]},"76o":{"weight":1.0,"played":[0.2609,0.7391],"evs":[0.0,1.50162]},"86o":{"weight":1.0,"played":[0.7677,0.2323],"evs":[0.0,-4.62101]},"96o":{"weight":1.0,"played":[0.6292,0.3708],"evs":[0.0,0.05288]},"T6o":{"weight":1.0,"played":[0.9669,0.0331],"evs":[0.0,-2.66973]},"J6o":{"weight":1.0,"played":[0.9996,4.0E-4],"evs":[0.0,-5.75592]},"Q6o":{"weight":1.0,"played":[0.5512,0.4488],"evs":[0.0,-2.95723]},"K6o":{"weight":1.0,"played":[0.2366,0.7634],"evs":[0.0,2.40261]},"A6o":{"weight":1.0,"played":[0.4066,0.5934],"evs":[0.0,0.93069]},"72s":{"weight":1.0,"played":[0.1925,0.8075],"evs":[0.0,14.79921]},"73s":{"weight":1.0,"played":[0.2957,0.7043],"evs":[0.0,8.8132]},"74s":{"weight":1.0,"played":[0.6687,0.3313],"evs":[0.0,7.28755]},"75s":{"weight":1.0,"played":[0.5074,0.4926],"evs":[0.0,3.63026]},"76s":{"weight":1.0,"played":[0.5711,0.4289],"evs":[0.0,0.53021]},"77":{"weight":1.0,"played":[0.0403,0.9597],"evs":[0.0,10.93489]},"87o":{"weight":1.0,"played":[0.8629,0.1371],"evs":[0.0,-1.21541]},"97o":{"weight":1.0,"played":[0.7065,0.2935],"evs":[0.0,0.87117]},"T7o":{"weight":1.0,"played":[0.5874,0.4126],"evs":[0.0,-4.13737]},"J7o":{"weight":1.0,"played":[0.3676,0.6324],"evs":[0.0,-0.35778]},"Q7o":{"weight":1.0,"played":[0.4604,0.5396],"evs":[0.0,-3.33519]},"K7o":{"weight":1.0,"played":[0.5101,0.4899],"evs":[0.0,0.955]},"A7o":{"weight":1.0,"played":[0.4339,0.5661],"evs":[0.0,1.73728]},"82s":{"weight":1.0,"played":[0.2272,0.7728],"evs":[0.0,11.34558]},"83s":{"weight":1.0,"played":[0.4494,0.5506],"evs":[0.0,-3.98659]},"84s":{"weight":1.0,"played":[0.0716,0.9284],"evs":[0.0,3.13932]},"85s":{"weight":1.0,"played":[0.4161,0.5839],"evs":[0.0,-4.65208]},"86s":{"weight":1.0,"played":[0.7179,0.2821],"evs":[0.0,-6.22299]},"87s":{"weight":1.0,"played":[0.661,0.339],"evs":[0.0,5.15176]},"88":{"weight":1.0,"played":[0.1129,0.8871],"evs":[0.0,15.07179]},"98o":{"weight":1.0,"played":[0.7147,0.2853],"evs":[0.0,-1.67825]},"T8o":{"weight":1.0,"played":[0.0866,0.9134],"evs":[0.0,1.35715]},"J8o":{"weight":1.0,"played":[0.2561,0.7439],"evs":[0.0,5.33734]},"Q8o":{"weight":1.0,"played":[0.1681,0.8319],"evs":[0.0,9.80109]},"K8o":{"weight":1.0,"played":[0.0487,0.9513],"evs":[0.0,5.32938]},"A8o":{"weight":1.0,"played":[0.9198,0.0802],"evs":[0.0,3.61654]},"92s":{"weight":1.0,"played":[0.3875,0.6125],"evs":[0.0,-0.27811]},"93s":{"weight":1.0,"played":[0.1057,0.8943],"evs":[0.0,0.80676]},"94s":{"weight":1.0,"played":[0.9963,0.0037],"evs":[0.0,-10.40433]},"95s":{"weight":1.0,"played":[0.1551,0.8449],"evs":[0.0,2.60768]},"96s":{"weight":1.0,"played":[0.3567,0.6433],"evs":[0.0,-1.14737]},"97s":{"weight":1.0,"played":[0.9996,4.0E-4],"evs":[0.0,-8.04551]},"98s":{"weight":1.0,"played":[0.0542,0.9458],"evs":[0.0,10.83295]},"99":{"weight":1.0,"played":[0.1349,0.8651],"evs":[0.0,16.72958]},"T9o":{"weight":1.0,"played":[0.3484,0.6516],"evs":[0.0,-3.57497]},"J9o":{"weight":1.0,"played":[0.3344,0.6656],"evs":[0.0,4.22115]},"Q9o":{"weight":1.0,"played":[0.6598,0.3402],"evs":[0.0,-1.83451]},"K9o":{"weight":1.0,"played":[0.067,0.933],"evs":[0.0,6.76958]},"A9o":{"weight":1.0,"played":[0.1641,0.8359],"evs":[0.0,9.99087]},"T2s":{"weight":1.0,"played":[0.6431,0.3569],"evs":[0.0,-2.32606]},"T3s":{"weight":1.0,"played":[0.6538,0.3462],"evs":[0.0,-6.31237]},"T4s":{"weight":1.0,"played":[0.8847,0.1153],"evs":[0.0,9.46972]},"T5s":{"weight":1.0,"played":[0.3838,0.6162],"evs":[0.0,5.79624]},"T6s":{"weight":1.0,"played":[0.9818,0.0182],"evs":[0.0,-6.82351]},"T7s":{"weight":1.0,"played":[0.9043,0.0957],"evs":[0.0,-9.20913]},"T8s":{"weight":1.0,"played":[0.5696,0.4304],"evs":[0.0,2.10193]},"T9s":{"weight":1.0,"played":[0.0214,0.9786],"evs":[0.0,6.3086]},"TT":{"weight":1.0,"played":[0.0019,0.9981],"evs":[0.0,17.42443]},"JTo":{"weight":1.0,"played":[0.7604,0.2396],"evs":[0.0,2.63117]},"QTo":{"weight":1.0,"played":[0.2047,0.7953],"evs":[0.0,1.4317]},"KTo":{"weight":1.0,"played":[0.8751,0.1249],"evs":[0.0,-1.33306]},"ATo":{"weight":1.0,"played":[0.8022,0.1978],"evs":[0.0,-4.38801]},"J2s":{"weight":1.0,"played":[0.3946,0.6054],"evs":[0.0,-0.94481]},"J3s":{"weight":1.0,"played":[0.612,0.388],"evs":[0.0,-3.28415]},"J4s":{"weight":1.0,"played":[0.9649,0.0351],"evs":[0.0,-7.48438]},"J5s":{"weight":1.0,"played":[0.4287,0.5713],"evs":[0.0,9.18793]},"J6s":{"weight":1.0,"played":[0.5135,0.4865],"evs":[0.0,1.30901]},"J7s":{"weight":1.0,"played":[0.7762,0.2238],"evs":[0.0,8.31813]},"J8s":{"weight":1.0,"played":[0.2106,0.7894],"evs":[0.0,7.79926]},"J9s":{"weight":1.0,"played":[0.597,0.403],"evs":[0.0,-1.417]},"JTs":{"weight":1.0,"played":[0.0969,0.9031],"evs":[0.0,3.13303]},"JJ":{"weight":1.0,"played":[0.1246,0.8754],"evs":[0.0,8.03969]},"QJo":{"weight":1.0,"played":[0.0019,0.9981],"evs":[0.0,5.90348]},"KJo":{"weight":1.0,"played":[0.0363,0.9637],"evs":[0.0,9.40119]},"AJo":{"weight":1.0,"played":[0.1062,0.8938],"evs":[0.0,7.83554]},"Q2s":{"weight":1.0,"played":[0.6411,0.3589],"evs":[0.0,7.76046]},"Q3s":{"weight":1.0,"played":[0.3132,0.6868],"evs":[0.0,7.80828]},"Q4s":{"weight":1.0,"played":[0.9927,0.0073],"evs":[0.0,-8.53952]},"Q5s":{"weight":1.0,"played":[0.578,0.422],"evs":[0.0,-5.43503]},"Q6s":{"weight":1.0,"played":[0.4518,0.5482],"evs":[0.0,1.71674]},"Q7s":{"weight":1.0,"played":[0.5991,0.4009],"evs":[0.0,0.73456]},"Q8s":{"weight":1.0,"played":[0.3093,0.6907],"evs":[0.0,6.18818]},"Q9s":{"weight":1.0,"played":[0.0279,0.9721],"evs":[0.0,4.00105]},"QTs":{"weight":1.0,"played":[0.8955,0.1045],"evs":[0.0,-8.70515]},"QJs":{"weight":1.0,"played":[0.2227,0.7773],"evs":[0.0,1.42945]},"QQ":{"weight":1.0,"played":[0.001,0.999],"evs":[0.0,25.83338]},"KQo":{"weight":1.0,"played":[0.0039,0.9961],"evs":[0.0,2.80177]},"AQo":{"weight":1.0,"played":[0.5419,0.4581],"evs":[0.0,4.6853]},"K2s":{"weight":1.0,"played":[0.3213,0.6787],"evs":[0.0,-2.55313]},"K3s":{"weight":1.0,"played":[0.198,0.802],"evs":[0.0,19.01303]},"K4s":{"weight":1.0,"played":[0.487,0.513],"evs":[0.0,-5.86499]},"K5s":{"weight":1.0,"played":[0.8494,0.1506],"evs":[0.0,-6.52796]},"K6s":{"weight":1.0,"played":[0.2785,0.7215],"evs":[0.0,-1.97104]},"K7s":{"weight":1.0,"played":[0.6872,0.3128],"evs":[0.0,-2.86173]},"K8s":{"weight":1.0,"played":[0.0883,0.9117],"evs":[0.0,6.43291]},"K9s":{"weight":1.0,"played":[0.2159,0.7841],"evs":[0.0,0.01943]},"KTs":{"weight":1.0,"played":[0.6079,0.3921],"evs":[0.0,-1.35735]},"KJs":{"weight":1.0,"played":[0.0073,0.9927],"evs":[0.0,3.20166]},"KQs":{"weight":1.0,"played":[0.4787,0.5213],"evs":[0.0,7.81025]},"KK":{"weight":1.0,"played":[0.0714,0.9286],"evs":[0.0,23.32418]},"AKo":{"weight":1.0,"played":[0.0283,0.9717],"evs":[0.0,16.03102]},"A2s":{"weight":1.0,"played":[0.7541,0.2459],"evs":[0.0,-0.28628]},"A3s":{"weight":1.0,"played":[0.5463,0.4537],"evs":[0.0,5.94855]},"A4s":{"weight":1.0,"played":[0.5103,0.4897],"evs":[0.0,2.56209]},"A5s":{"weight":1.0,"played":[0.6547,0.3453],"evs":[0.0,-5.27839]},"A6s":{"weight":1.0,"played":[0.007,0.993],"evs":[0.0,2.162]},"A7s":{"weight":1.0,"played":[0.453,0.547],"evs":[0.0,-2.43417]},"A8s":{"weight":1.0,"played":[0.3365,0.6635],"evs":[0.0,-2.22318]},"A9s":{"weight":1.0,"played":[0.4836,0.5164],"evs":[0.0,-3.10045]},"ATs":{"weight":1.0,"played":[0.5784,0.4216],"evs":[0.0,-0.8178]},"AJs":{"weight":1.0,"played":[0.1727,0.8273],"evs":[0.0,0.8052]},"AQs":{"weight":1.0,"played":[0.007,0.993],"evs":[0.0,15.31336]},"AKs":{"weight":1.0,"played":[0.4065,0.5935],"evs":[0.0,9.92063]},"AA":{"weight":1.0,"played":[0.0055,0.9945],"evs":[0.0,16.59667]}}}