{"player":2,"street":0,"children":2,"sequence":[{"player":0,"type":"R","amount":200000,"street":0},{"player":1,"type":"F","amount":0,"street":0},{"player":2,"type":"C","amount":200000,"street":0},{"player":3,"type":"C","amount":200000,"street":0},{"player":4,"type":"R","amount":1315000,"street":0},{"player":5,"type":"F","amount":0,"street":0},{"player":0,"type":"F","amount":0,"street":0}],"actions":[{"type":"F","amount":0,"node":318},{"type":"C","amount":1115000,"node":319}],"hands":{"22":{"weight":4.0E-4,"played":[0.4338,0.5662],"evs":[0.0,17.33678]},"32o":{"weight":0.0,"played":[0.9826,0.0174],"evs":[0.0,-13.12308]},"42o":{"weight":0.0,"played":[0.6138,0.3862],"evs":[0.0,-2.16075]},"52o":{"weight":0.0,"played":[0.8203,0.1797],"evs":[0.0,12.89184]},"62o":{"weight":0.0,"played":[0.901,0.099],"evs":[0.0,-13.39479]},"72o":{"weight":0.0,"played":[0.9088,0.0912],"evs":[0.0,-13.28525]},"82o":{"weight":0.0,"played":[0.8067,0.1933],"evs":[0.0,-2.99117]},"92o":{"weight":0.0,"played":[0.5,0.5],"evs":[0.0,0.0]},"T2o":{"weight":0.0,"played":[0.4374,0.5626],"evs":[0.0,1.90742]},"J2o":{"weight":0.0,"played":[0.0248,0.9752],"evs":[0.0,6.66665]},"Q2o":{"weight":0.0067,"played":[0.3721,0.6279],"evs":[0.0,21.40875]},"K2o":{"weight":0.0067,"played":[0.4157,0.5843],"evs":[0.0,-7.68319]},"A2o":{"weight":0.0534,"played":[0.4573,0.5427],"evs":[0.0,2.83121]},"32s":{"weight":0.0047,"played":[0.5,0.5],"evs":[0.0,0.0]},"33":{"weight":0.0027,"played":[0.5,0.5],"evs":[0.0,-13.41045]},"43o":{"weight":3.0E-4,"played":[0.9909,0.0091],"evs":[0.0,11.67698]},"53o":{"weight":0.0,"played":[0.5,0.5],"evs":[0.0,0.0]},"63o":{"weight":0.0015,"played":[0.4774,0.5226],"evs":[0.0,2.17419]},"73o":{"weight":0.0,"played":[0.909,0.091],"evs":[0.0,-13.3861]},"83o":{"weight":0.0,"played":[0.9243,0.0757],"evs":[0.0,-13.38421]},"93o":{"weight":1.0E-4,"played":[0.0116,0.9884],"evs":[0.0,31.79441]},"T3o":{"weight":4.0E-4,"played":[0.964,0.036],"evs":[0.0,-13.37555]},"J3o":{"weight":0.0026,"played":[0.893,0.107],"evs":[0.0,0.55738]},"Q3o":{"weight":4.0E-4,"played":[0.4676,0.5324],"evs":[0.0,4.44684]},"K3o":{"weight":0.1707,"played":[0.0444,0.9556],"evs":[0.0,25.52153]},"A3o":{"weight":0.0,"played":[0.0939,0.9061],"evs":[0.0,17.24436]},"42s":{"weight":0.137,"played":[0.5,0.5],"evs":[0.0,0.0]},"43s":{"weight":0.1167,"played":[0.5,0.5],"evs":[0.0,0.0]},"44":{"weight":0.6112,"played":[0.8031,0.1969],"evs":[0.0,-13.357]},"54o":{"weight":0.0,"played":[0.1432,0.8568],"evs":[0.0,-1.64612]},"64o":{"weight":0.0,"played":[0.375,0.625],"evs":[0.0,-6.10504]},"74o":{"weight":5.0E-4,"played":[0.9911,0.0089],"evs":[0.0,2.31211]},"84o":{"weight":0.0,"played":[0.5245,0.4755],"evs":[0.0,-6.55761]},"94o":{"weight":1.0E-4,"played":[0.5,0.5],"evs":[0.0,-13.39396]},"T4o":{"weight":0.001,"played":[0.6686,0.3314],"evs":[0.0,-2.42352]},"J4o":{"weight":3.0E-4,"played":[0.6438,0.3562],"evs":[0.0,-12.69813]},"Q4o":{"weight":0.0118,"played":[0.0074,0.9926],"evs":[0.0,7.19786]},"K4o":{"weight":0.2615,"played":[0.4884,0.5116],"evs":[0.0,14.79944]},"A4o":{"weight":0.142,"played":[0.0126,0.9874],"evs":[0.0,16.26892]},"52s":{"weight":0.0035,"played":[0.5,0.5],"evs":[0.0,0.0]},"53s":{"weight":0.1122,"played":[0.5,0.5],"evs":[0.0,0.0]},"54s":{"weight":0.2443,"played":[0.5,0.5],"evs":[0.0,38.63397]},"55":{"weight":0.2727,"played":[0.9514,0.0486],"evs":[0.0,-13.40899]},"65o":{"weight":4.0E-4,"played":[0.844,0.156],"evs":[0.0,14.84323]},"75o":{"weight":4.0E-4,"played":[0.875,0.125],"evs":[0.0,-13.37857]},"85o":{"weight":1.0E-4,"played":[0.9721,0.0279],"evs":[0.0,-0.44466]},"95o":{"weight":3.0E-4,"played":[0.9979,0.0021],"evs":[0.0,-11.34783]},"T5o":{"weight":0.0,"played":[0.6608,0.3392],"evs":[0.0,-0.14365]},"J5o":{"weight":0.0,"played":[0.5356,0.4644],"evs":[0.0,11.56125]},"Q5o":{"weight":0.0254,"played":[0.1531,0.8469],"evs":[0.0,35.28166]},"K5o":{"weight":0.2175,"played":[0.0052,0.9948],"evs":[0.0,16.77644]},"A5o":{"weight":0.1335,"played":[0.3511,0.6489],"evs":[0.0,2.73619]},"62s":{"weight":6.0E-4,"played":[0.5,0.5],"evs":[0.0,0.0]},"63s":{"weight":0.011,"played":[0.7768,0.2232],"evs":[0.0,-13.37411]},"64s":{"weight":0.219,"played":[0.5,0.5],"evs":[0.0,0.0]},"65s":{"weight":0.1269,"played":[0.8587,0.1413],"evs":[0.0,-13.36164]},"66":{"weight":0.2679,"played":[0.1642,0.8358],"evs":[0.0,31.25271]},"76o":{"weight":0.0039,"played":[0.9005,0.0995],"evs":[0.0,-13.3913]},"86o":{"weight":0.0,"played":[0.9711,0.0289],"evs":[0.0,-13.39938]},"96o":{"weight":0.0021,"played":[0.8616,0.1384],"evs":[0.0,18.19366]},"T6o":{"weight":0.0053,"played":[0.1581,0.8419],"evs":[0.0,-0.38364]},"J6o":{"weight":0.0028,"played":[0.2336,0.7664],"evs":[0.0,2.97154]},"Q6o":{"weight":0.0164,"played":[0.1216,0.8784],"evs":[0.0,21.78711]},"K6o":{"weight":0.2142,"played":[0.2216,0.7784],"evs":[0.0,22.27898]},"A6o":{"weight":0.3658,"played":[0.1523,0.8477],"evs":[0.0,15.19177]},"72s":{"weight":0.0073,"played":[0.5,0.5],"evs":[0.0,-13.357]},"73s":{"weight":0.0013,"played":[0.5,0.5],"evs":[0.0,0.0]},"74s":{"weight":0.1104,"played":[0.5,0.5],"evs":[0.0,-13.39396]},"75s":{"weight":0.3215,"played":[0.7746,0.2254],"evs":[0.0,-13.394]},"76s":{"weight":0.5965,"played":[0.5,0.5],"evs":[0.0,0.0]},"77":{"weight":0.8948,"played":[0.051,0.949],"evs":[0.0,5.37422]},"87o":{"weight":0.1468,"played":[0.3325,0.6675],"evs":[0.0,21.08078]},"97o":{"weight":3.0E-4,"played":[0.2627,0.7373],"evs":[0.0,1.30762]},"T7o":{"weight":0.2771,"played":[0.1837,0.8163],"evs":[0.0,14.88004]},"J7o":{"weight":6.0E-4,"played":[0.6021,0.3979],"evs":[0.0,19.3555]},"Q7o":{"weight":0.0058,"played":[0.5334,0.4666],"evs":[0.0,-12.10532]},"K7o":{"weight":0.9008,"played":[0.6085,0.3915],"evs":[0.0,-6.13556]},"A7o":{"weight":0.9971,"played":[0.0062,0.9938],"evs":[0.0,19.94229]},"82s":{"weight":0.0281,"played":[0.7533,0.2467],"evs":[0.0,-13.40236]},"83s":{"weight":0.001,"played":[0.195,0.805],"evs":[0.0,12.96857]},"84s":{"weight":0.5474,"played":[0.1657,0.8343],"evs":[0.0,5.9247]},"85s":{"weight":0.0021,"played":[0.5,0.5],"evs":[0.0,-13.39396]},"86s":{"weight":0.0799,"played":[0.0728,0.9272],"evs":[0.0,-5.78331]},"87s":{"weight":0.8751,"played":[0.8017,0.1983],"evs":[0.0,-13.3734]},"88":{"weight":0.2375,"played":[0.1918,0.8082],"evs":[0.0,31.85947]},"98o":{"weight":0.4599,"played":[0.7984,0.2016],"evs":[0.0,2.79707]},"T8o":{"weight":0.0536,"played":[0.8019,0.1981],"evs":[0.0,-3.34499]},"J8o":{"weight":0.1074,"played":[0.3543,0.6457],"evs":[0.0,-1.51166]},"Q8o":{"weight":0.7497,"played":[0.9674,0.0326],"evs":[0.0,-9.79883]},"K8o":{"weight":0.9169,"played":[0.6513,0.3487],"evs":[0.0,9.87979]},"A8o":{"weight":0.7496,"played":[0.2243,0.7757],"evs":[0.0,14.38302]},"92s":{"weight":0.0013,"played":[0.5,0.5],"evs":[0.0,0.0]},"93s":{"weight":0.0,"played":[0.5,0.5],"evs":[0.0,-13.39405]},"94s":{"weight":0.008,"played":[0.5,0.5],"evs":[0.0,0.0]},"95s":{"weight":0.005,"played":[0.23,0.77],"evs":[0.0,5.48581]},"96s":{"weight":0.0104,"played":[0.2296,0.7704],"evs":[0.0,27.64417]},"97s":{"weight":0.008,"played":[0.5,0.5],"evs":[0.0,0.0]},"98s":{"weight":0.57,"played":[0.5,0.5],"evs":[0.0,27.64422]},"99":{"weight":0.5881,"played":[0.0796,0.9204],"evs":[0.0,27.64413]},"T9o":{"weight":0.968,"played":[0.6675,0.3325],"evs":[0.0,-8.38612]},"J9o":{"weight":0.3033,"played":[0.8962,0.1038],"evs":[0.0,0.0439]},"Q9o":{"weight":0.9427,"played":[0.4863,0.5137],"evs":[0.0,9.54078]},"K9o":{"weight":0.9141,"played":[0.2523,0.7477],"evs":[0.0,9.70035]},"A9o":{"weight":0.9788,"played":[0.2889,0.7111],"evs":[0.0,17.21788]},"T2s":{"weight":0.0024,"played":[0.5,0.5],"evs":[0.0,0.0]},"T3s":{"weight":0.0662,"played":[0.5,0.5],"evs":[0.0,0.0]},"T4s":{"weight":0.0571,"played":[0.5,0.5],"evs":[0.0,3.565]},"T5s":{"weight":0.0442,"played":[0.5,0.5],"evs":[0.0,-13.357]},"T6s":{"weight":0.2675,"played":[0.5,0.5],"evs":[0.0,0.0]},"T7s":{"weight":0.0187,"played":[0.5,0.5],"evs":[0.0,0.0]},"T8s":{"weight":0.1778,"played":[0.5,0.5],"evs":[0.0,27.64422]},"T9s":{"weight":0.9663,"played":[0.7884,0.2116],"evs":[0.0,-13.40099]},"TT":{"weight":0.5691,"played":[0.1465,0.8535],"evs":[0.0,-1.35631]},"JTo":{"weight":0.9763,"played":[0.5558,0.4442],"evs":[0.0,0.3665]},"QTo":{"weight":0.5929,"played":[0.2357,0.7643],"evs":[0.0,22.9561]},"KTo":{"weight":0.2348,"played":[0.0204,0.9796],"evs":[0.0,27.2119]},"ATo":{"weight":0.0887,"played":[0.249,0.751],"evs":[0.0,7.26404]},"J2s":{"weight":0.1991,"played":[0.9993,7.0E-4],"evs":[0.0,9.93048]},"J3s":{"weight":0.0686,"played":[0.9417,0.0583],"evs":[0.0,-13.40854]},"J4s":{"weight":1.0E-4,"played":[0.867,0.133],"evs":[0.0,-13.40609]},"J5s":{"weight":0.3604,"played":[0.9909,0.0091],"evs":[0.0,-13.3734]},"J6s":{"weight":0.4583,"played":[0.8591,0.1409],"evs":[0.0,-13.39405]},"J7s":{"weight":0.0111,"played":[0.952,0.048],"evs":[0.0,1.94009]},"J8s":{"weight":0.2415,"played":[0.5,0.5],"evs":[0.0,38.63389]},"J9s":{"weight":0.0872,"played":[0.5,0.5],"evs":[0.0,38.63388]},"JTs":{"weight":0.368,"played":[0.805,0.195],"evs":[0.0,-3.03976]},"JJ":{"weight":0.2014,"played":[0.5,0.5],"evs":[0.0,27.64413]},"QJo":{"weight":0.2965,"played":[0.5,0.5],"evs":[0.0,0.0]},"KJo":{"weight":0.2443,"played":[0.5812,0.4188],"evs":[0.0,21.49625]},"AJo":{"weight":0.5666,"played":[0.0393,0.9607],"evs":[0.0,6.39318]},"Q2s":{"weight":0.0294,"played":[0.2561,0.7439],"evs":[0.0,20.2893]},"Q3s":{"weight":0.0263,"played":[0.0589,0.9411],"evs":[0.0,14.70558]},"Q4s":{"weight":0.4251,"played":[0.5,0.5],"evs":[0.0,0.0]},"Q5s":{"weight":0.525,"played":[0.0628,0.9372],"evs":[0.0,27.64428]},"Q6s":{"weight":0.8054,"played":[0.5,0.5],"evs":[0.0,0.0]},"Q7s":{"weight":0.0074,"played":[0.5,0.5],"evs":[0.0,-13.39405]},"Q8s":{"weight":0.079,"played":[0.5,0.5],"evs":[0.0,27.64422]},"Q9s":{"weight":0.0734,"played":[0.5,0.5],"evs":[0.0,0.0]},"QTs":{"weight":0.145,"played":[0.5,0.5],"evs":[0.0,0.0]},"QJs":{"weight":0.7719,"played":[0.0095,0.9905],"evs":[0.0,27.85214]},"QQ":{"weight":0.5096,"played":[0.1747,0.8253],"evs":[0.0,34.7944]},"KQo":{"weight":0.9847,"played":[0.7171,0.2829],"evs":[0.0,-12.55113]},"AQo":{"weight":0.1051,"played":[0.0996,0.9004],"evs":[0.0,11.00929]},"K2s":{"weight":0.0404,"played":[0.5,0.5],"evs":[0.0,0.0]},"K3s":{"weight":0.0665,"played":[0.8055,0.1945],"evs":[0.0,-13.357]},"K4s":{"weight":0.0991,"played":[0.2194,0.7806],"evs":[0.0,20.57082]},"K5s":{"weight":0.0299,"played":[0.5,0.5],"evs":[0.0,-13.3734]},"K6s":{"weight":0.4717,"played":[0.5,0.5],"evs":[0.0,0.0]},"K7s":{"weight":0.4845,"played":[0.8799,0.1201],"evs":[0.0,-13.39792]},"K8s":{"weight":0.5579,"played":[0.074,0.926],"evs":[0.0,38.64691]},"K9s":{"weight":0.0,"played":[0.1064,0.8936],"evs":[0.0,9.57435]},"KTs":{"weight":0.0865,"played":[0.5,0.5],"evs":[0.0,38.63388]},"KJs":{"weight":0.0,"played":[0.2987,0.7013],"evs":[0.0,13.99299]},"KQs":{"weight":0.0844,"played":[0.5,0.5],"evs":[0.0,27.64413]},"KK":{"weight":0.9584,"played":[0.1667,0.8333],"evs":[0.0,27.65648]},"AKo":{"weight":6.0E-4,"played":[9.0E-4,0.9991],"evs":[0.0,-2.55228]},"A2s":{"weight":0.1866,"played":[0.5,0.5],"evs":[0.0,-13.39543]},"A3s":{"weight":3.0E-4,"played":[0.5516,0.4484],"evs":[0.0,1.49522]},"A4s":{"weight":0.7122,"played":[0.5,0.5],"evs":[0.0,-13.41045]},"A5s":{"weight":0.0,"played":[0.1382,0.8618],"evs":[0.0,16.00104]},"A6s":{"weight":0.5813,"played":[0.1933,0.8067],"evs":[0.0,2.49354]},"A7s":{"weight":0.0329,"played":[0.1444,0.8556],"evs":[0.0,32.95753]},"A8s":{"weight":0.0072,"played":[0.5,0.5],"evs":[0.0,27.64413]},"A9s":{"weight":0.4715,"played":[0.8173,0.1827],"evs":[0.0,19.62782]},"ATs":{"weight":7.0E-4,"played":[0.5,0.5],"evs":[0.0,27.64534]},"AJs":{"weight":0.63,"played":[0.5,0.5],"evs":[0.0,-13.41045]},"AQs":{"weight":2.0E-4,"played":[0.5,0.5],"evs":[0.0,-13.39405]},"AKs":{"weight":0.0203,"played":[0.155,0.845],"evs":[0.0,35.23945]},"AA":{"weight":0.0214,"played":[0.5,0.5],"evs":[0.0,27.64422]}}}