{"player":3,"street":0,"children":2,"sequence":[{"player":0,"type":"R","amount":200000,"street":0},{"player":1,"type":"F","amount":0,"street":0},{"player":2,"type":"C","amount":200000,"street":0},{"player":3,"type":"C","amount":200000,"street":0},{"player":4,"type":"R","amount":1315000,"street":0},{"player":5,"type":"C","amount":845000,"street":0},{"player":0,"type":"F","amount":0,"street":0},{"player":2,"type":"C","amount":1115000,"street":0}],"actions":[{"type":"F","amount":0},{"type":"C","amount":545000}],"hands":{"22":{"weight":0.0352,"played":[0.4339,0.5661],"evs":[0.0,11.39683]},"32o":{"weight":0.0061,"played":[0.7903,0.2097],"evs":[0.0,-6.74058]},"42o":{"weight":6.0E-4,"played":[0.9764,0.0236],"evs":[0.0,-6.73861]},"52o":{"weight":1.0E-4,"played":[0.159,0.841],"evs":[0.0,1.287]},"62o":{"weight":1.0E-4,"played":[0.9877,0.0123],"evs":[0.0,-6.73928]},"72o":{"weight":0.0,"played":[0.194,0.806],"evs":[0.0,1.16952]},"82o":{"weight":5.0E-4,"played":[0.8677,0.1323],"evs":[0.0,-6.74231]},"92o":{"weight":0.0,"played":[0.963,0.037],"evs":[0.0,9.72381]},"T2o":{"weight":0.0028,"played":[0.7994,0.2006],"evs":[0.0,-6.73835]},"J2o":{"weight":2.0E-4,"played":[0.6788,0.3212],"evs":[0.0,-5.06348]},"Q2o":{"weight":2.0E-4,"played":[0.8707,0.1293],"evs":[0.0,-6.21437]},"K2o":{"weight":0.0114,"played":[0.397,0.603],"evs":[0.0,16.97696]},"A2o":{"weight":1.0E-4,"played":[0.8512,0.1488],"evs":[0.0,-6.7397]},"32s":{"weight":0.0969,"played":[0.5,0.5],"evs":[0.0,-6.73655]},"33":{"weight":0.0334,"played":[0.5,0.5],"evs":[0.0,32.42544]},"43o":{"weight":0.0,"played":[0.5985,0.4015],"evs":[0.0,-2.68024]},"53o":{"weight":7.0E-4,"played":[0.4579,0.5421],"evs":[0.0,-0.14633]},"63o":{"weight":2.0E-4,"played":[0.9978,0.0022],"evs":[0.0,-6.73967]},"73o":{"weight":2.0E-4,"played":[0.9642,0.0358],"evs":[0.0,3.70232]},"83o":{"weight":6.0E-4,"played":[0.2193,0.7807],"evs":[0.0,3.18257]},"93o":{"weight":0.0,"played":[0.0346,0.9654],"evs":[0.0,3.77748]},"T3o":{"weight":5.0E-4,"played":[0.9959,0.0041],"evs":[0.0,2.98166]},"J3o":{"weight":9.0E-4,"played":[0.9539,0.0461],"evs":[0.0,-6.74017]},"Q3o":{"weight":0.0,"played":[0.8718,0.1282],"evs":[0.0,-6.73836]},"K3o":{"weight":0.0027,"played":[0.9836,0.0164],"evs":[0.0,-6.73781]},"A3o":{"weight":7.0E-4,"played":[0.5811,0.4189],"evs":[0.0,7.57841]},"42s":{"weight":0.0011,"played":[0.9533,0.0467],"evs":[0.0,-6.73655]},"43s":{"weight":0.0251,"played":[0.9641,0.0359],"evs":[0.0,-6.7464]},"44":{"weight":0.0117,"played":[0.5,0.5],"evs":[0.0,-6.7464]},"54o":{"weight":0.0,"played":[0.99,0.01],"evs":[0.0,-4.99093]},"64o":{"weight":2.0E-4,"played":[0.0909,0.9091],"evs":[0.0,5.54232]},"74o":{"weight":0.0,"played":[0.1356,0.8644],"evs":[0.0,24.99561]},"84o":{"weight":1.0E-4,"played":[0.5787,0.4213],"evs":[0.0,-4.78528]},"94o":{"weight":1.0E-4,"played":[0.4477,0.5523],"evs":[0.0,-0.36087]},"T4o":{"weight":1.0E-4,"played":[0.9924,0.0076],"evs":[0.0,-6.73903]},"J4o":{"weight":2.0E-4,"played":[0.8104,0.1896],"evs":[0.0,-2.95867]},"Q4o":{"weight":0.0,"played":[0.9603,0.0397],"evs":[0.0,-6.73887]},"K4o":{"weight":0.003,"played":[0.0165,0.9835],"evs":[0.0,-1.24941]},"A4o":{"weight":0.0347,"played":[0.9995,5.0E-4],"evs":[0.0,15.35013]},"52s":{"weight":0.0114,"played":[0.5,0.5],"evs":[0.0,-6.74104]},"53s":{"weight":3.0E-4,"played":[0.9863,0.0137],"evs":[0.0,-6.73873]},"54s":{"weight":3.0E-4,"played":[0.241,0.759],"evs":[0.0,12.12342]},"55":{"weight":0.0116,"played":[0.9684,0.0316],"evs":[0.0,-6.74258]},"65o":{"weight":0.0132,"played":[0.2664,0.7336],"evs":[0.0,8.38466]},"75o":{"weight":0.0,"played":[0.9891,0.0109],"evs":[0.0,-6.73698]},"85o":{"weight":0.0119,"played":[0.9785,0.0215],"evs":[0.0,-6.73912]},"95o":{"weight":0.0013,"played":[0.0543,0.9457],"evs":[0.0,15.68674]},"T5o":{"weight":1.0E-4,"played":[0.0748,0.9252],"evs":[0.0,11.2578]},"J5o":{"weight":0.0018,"played":[0.5106,0.4894],"evs":[0.0,-0.473]},"Q5o":{"weight":1.0E-4,"played":[0.4005,0.5995],"evs":[0.0,4.9043]},"K5o":{"weight":0.001,"played":[0.905,0.095],"evs":[0.0,-6.74304]},"A5o":{"weight":0.0,"played":[0.073,0.927],"evs":[0.0,-0.64537]},"62s":{"weight":0.0411,"played":[0.941,0.059],"evs":[0.0,-6.73987]},"63s":{"weight":1.0E-4,"played":[0.3877,0.6123],"evs":[0.0,-0.15594]},"64s":{"weight":0.1308,"played":[0.1107,0.8893],"evs":[0.0,1.92257]},"65s":{"weight":0.0568,"played":[0.8957,0.1043],"evs":[0.0,5.45265]},"66":{"weight":0.0111,"played":[0.5,0.5],"evs":[0.0,0.0]},"76o":{"weight":0.0,"played":[0.5662,0.4338],"evs":[0.0,-3.596]},"86o":{"weight":0.0021,"played":[0.7907,0.2093],"evs":[0.0,4.8608]},"96o":{"weight":0.0017,"played":[0.2359,0.7641],"evs":[0.0,-2.11631]},"T6o":{"weight":0.0017,"played":[0.7894,0.2106],"evs":[0.0,-5.94042]},"J6o":{"weight":1.0E-4,"played":[0.9443,0.0557],"evs":[0.0,-6.73979]},"Q6o":{"weight":0.0035,"played":[0.0766,0.9234],"evs":[0.0,17.95845]},"K6o":{"weight":0.0308,"played":[0.9772,0.0228],"evs":[0.0,-6.70685]},"A6o":{"weight":0.0096,"played":[0.4367,0.5633],"evs":[0.0,-1.56685]},"72s":{"weight":1.0E-4,"played":[0.0185,0.9815],"evs":[0.0,8.46183]},"73s":{"weight":0.0283,"played":[0.8032,0.1968],"evs":[0.0,5.3661]},"74s":{"weight":7.0E-4,"played":[0.9698,0.0302],"evs":[0.0,-6.73926]},"75s":{"weight":0.0075,"played":[0.5,0.5],"evs":[0.0,0.0]},"76s":{"weight":0.0541,"played":[0.9878,0.0122],"evs":[0.0,-6.74011]},"77":{"weight":0.0274,"played":[0.9382,0.0618],"evs":[0.0,7.2338]},"87o":{"weight":0.0,"played":[0.9928,0.0072],"evs":[0.0,-6.73917]},"97o":{"weight":0.007,"played":[0.9002,0.0998],"evs":[0.0,-6.73993]},"T7o":{"weight":0.0212,"played":[0.3094,0.6906],"evs":[0.0,-3.58438]},"J7o":{"weight":0.0413,"played":[0.9889,0.0111],"evs":[0.0,-6.73937]},"Q7o":{"weight":0.0,"played":[0.9622,0.0378],"evs":[0.0,-6.73714]},"K7o":{"weight":0.0227,"played":[0.5029,0.4971],"evs":[0.0,-2.63782]},"A7o":{"weight":0.1968,"played":[0.9853,0.0147],"evs":[0.0,-6.73917]},"82s":{"weight":2.0E-4,"played":[0.5,0.5],"evs":[0.0,0.0]},"83s":{"weight":0.1478,"played":[0.5,0.5],"evs":[0.0,-6.73655]},"84s":{"weight":0.007,"played":[0.2442,0.7558],"evs":[0.0,12.36974]},"85s":{"weight":4.0E-4,"played":[0.8789,0.1211],"evs":[0.0,-6.73995]},"86s":{"weight":9.0E-4,"played":[0.5,0.5],"evs":[0.0,0.0]},"87s":{"weight":0.2213,"played":[0.5,0.5],"evs":[0.0,32.42346]},"88":{"weight":0.2114,"played":[0.1794,0.8206],"evs":[0.0,21.35408]},"98o":{"weight":0.0128,"played":[0.1834,0.8166],"evs":[0.0,-1.09799]},"T8o":{"weight":0.0149,"played":[0.9982,0.0018],"evs":[0.0,-6.73938]},"J8o":{"weight":0.1007,"played":[0.042,0.958],"evs":[0.0,1.72226]},"Q8o":{"weight":2.0E-4,"played":[0.4743,0.5257],"evs":[0.0,-4.10553]},"K8o":{"weight":0.0019,"played":[0.9812,0.0188],"evs":[0.0,2.98099]},"A8o":{"weight":0.0202,"played":[0.1149,0.8851],"evs":[0.0,2.25473]},"92s":{"weight":0.0428,"played":[0.1264,0.8736],"evs":[0.0,-1.70114]},"93s":{"weight":0.0014,"played":[0.9768,0.0232],"evs":[0.0,-5.24055]},"94s":{"weight":0.0286,"played":[0.7808,0.2192],"evs":[0.0,-6.73655]},"95s":{"weight":0.0027,"played":[0.9376,0.0624],"evs":[0.0,6.40005]},"96s":{"weight":0.1161,"played":[0.5,0.5],"evs":[0.0,-6.73655]},"97s":{"weight":0.4096,"played":[0.8958,0.1042],"evs":[0.0,-6.74216]},"98s":{"weight":0.1315,"played":[0.19,0.81],"evs":[0.0,8.12918]},"99":{"weight":4.0E-4,"played":[0.8972,0.1028],"evs":[0.0,-6.74214]},"T9o":{"weight":0.0866,"played":[0.5908,0.4092],"evs":[0.0,0.23654]},"J9o":{"weight":0.0051,"played":[0.5001,0.4999],"evs":[0.0,-3.72518]},"Q9o":{"weight":0.0427,"played":[0.7846,0.2154],"evs":[0.0,-6.73801]},"K9o":{"weight":0.4767,"played":[0.8726,0.1274],"evs":[0.0,-6.74474]},"A9o":{"weight":0.0017,"played":[0.9425,0.0575],"evs":[0.0,4.53811]},"T2s":{"weight":0.0035,"played":[0.9156,0.0844],"evs":[0.0,-6.73786]},"T3s":{"weight":0.001,"played":[0.5,0.5],"evs":[0.0,32.42346]},"T4s":{"weight":0.0046,"played":[0.5,0.5],"evs":[0.0,-6.73655]},"T5s":{"weight":0.0032,"played":[0.5,0.5],"evs":[0.0,0.0]},"T6s":{"weight":1.0E-4,"played":[0.5,0.5],"evs":[0.0,-6.73655]},"T7s":{"weight":0.0019,"played":[0.1678,0.8322],"evs":[0.0,6.41725]},"T8s":{"weight":0.0157,"played":[0.884,0.116],"evs":[0.0,8.87796]},"T9s":{"weight":0.0706,"played":[0.4347,0.5653],"evs":[0.0,5.67981]},"TT":{"weight":0.0,"played":[0.9286,0.0714],"evs":[0.0,26.80033]},"JTo":{"weight":0.0012,"played":[0.9024,0.0976],"evs":[0.0,-0.90846]},"QTo":{"weight":0.3124,"played":[0.5231,0.4769],"evs":[0.0,-2.46312]},"KTo":{"weight":0.0834,"played":[0.9444,0.0556],"evs":[0.0,-6.74125]},"ATo":{"weight":0.2591,"played":[0.4995,0.5005],"evs":[0.0,-4.84797]},"J2s":{"weight":0.0011,"played":[0.9726,0.0274],"evs":[0.0,-6.73828]},"J3s":{"weight":0.0176,"played":[0.1331,0.8669],"evs":[0.0,1.76033]},"J4s":{"weight":0.095,"played":[0.5,0.5],"evs":[0.0,0.0]},"J5s":{"weight":0.0049,"played":[0.3929,0.6071],"evs":[0.0,6.10577]},"J6s":{"weight":0.0134,"played":[0.5,0.5],"evs":[0.0,-6.73655]},"J7s":{"weight":0.0648,"played":[0.7674,0.2326],"evs":[0.0,-6.74045]},"J8s":{"weight":0.2395,"played":[0.2006,0.7994],"evs":[0.0,8.96905]},"J9s":{"weight":0.0056,"played":[0.9459,0.0541],"evs":[0.0,-6.73958]},"JTs":{"weight":0.0206,"played":[0.5,0.5],"evs":[0.0,-6.7464]},"JJ":{"weight":1.0E-4,"played":[0.7846,0.2154],"evs":[0.0,15.55566]},"QJo":{"weight":0.0041,"played":[0.3444,0.6556],"evs":[0.0,19.54986]},"KJo":{"weight":0.0966,"played":[0.6333,0.3667],"evs":[0.0,6.20522]},"AJo":{"weight":6.0E-4,"played":[0.5832,0.4168],"evs":[0.0,1.99257]},"Q2s":{"weight":0.4003,"played":[0.6029,0.3971],"evs":[0.0,-0.60124]},"Q3s":{"weight":0.0615,"played":[0.2356,0.7644],"evs":[0.0,9.23241]},"Q4s":{"weight":0.5211,"played":[0.6613,0.3387],"evs":[0.0,-6.1954]},"Q5s":{"weight":0.0019,"played":[0.5,0.5],"evs":[0.0,0.0]},"Q6s":{"weight":0.0055,"played":[0.5,0.5],"evs":[0.0,-6.74104]},"Q7s":{"weight":0.0666,"played":[0.9522,0.0478],"evs":[0.0,-6.74007]},"Q8s":{"weight":0.0709,"played":[0.2357,0.7643],"evs":[0.0,32.42451]},"Q9s":{"weight":0.0,"played":[0.5,0.5],"evs":[0.0,-6.73655]},"QTs":{"weight":0.0038,"played":[0.2479,0.7521],"evs":[0.0,22.72144]},"QJs":{"weight":1.0E-4,"played":[0.5,0.5],"evs":[0.0,-6.7464]},"QQ":{"weight":0.0039,"played":[0.094,0.906],"evs":[0.0,32.40329]},"KQo":{"weight":0.622,"played":[0.0041,0.9959],"evs":[0.0,2.74896]},"AQo":{"weight":0.0628,"played":[0.1443,0.8557],"evs":[0.0,29.08335]},"K2s":{"weight":5.0E-4,"played":[0.5,0.5],"evs":[0.0,0.0]},"K3s":{"weight":0.0015,"played":[0.5,0.5],"evs":[0.0,-6.73994]},"K4s":{"weight":0.0067,"played":[0.5,0.5],"evs":[0.0,-6.74104]},"K5s":{"weight":0.1519,"played":[0.7666,0.2334],"evs":[0.0,-6.74104]},"K6s":{"weight":0.016,"played":[0.5,0.5],"evs":[0.0,0.0]},"K7s":{"weight":0.0109,"played":[0.5,0.5],"evs":[0.0,-6.7464]},"K8s":{"weight":0.2791,"played":[0.802,0.198],"evs":[0.0,-6.74045]},"K9s":{"weight":0.2887,"played":[0.2975,0.7025],"evs":[0.0,4.12566]},"KTs":{"weight":0.0225,"played":[0.0747,0.9253],"evs":[0.0,-0.88765]},"KJs":{"weight":0.0361,"played":[0.75,0.25],"evs":[0.0,-6.7388]},"KQs":{"weight":5.0E-4,"played":[0.5,0.5],"evs":[0.0,0.0]},"KK":{"weight":4.0E-4,"played":[0.5,0.5],"evs":[0.0,32.45826]},"AKo":{"weight":1.0E-4,"played":[0.6783,0.3217],"evs":[0.0,-5.49558]},"A2s":{"weight":0.0055,"played":[0.7825,0.2175],"evs":[0.0,15.36721]},"A3s":{"weight":0.002,"played":[0.6146,0.3854],"evs":[0.0,0.34913]},"A4s":{"weight":0.3451,"played":[0.9715,0.0285],"evs":[0.0,-6.74197]},"A5s":{"weight":0.6543,"played":[0.0986,0.9014],"evs":[0.0,10.30333]},"A6s":{"weight":0.2336,"played":[0.1166,0.8834],"evs":[0.0,12.69146]},"A7s":{"weight":0.024,"played":[0.5,0.5],"evs":[0.0,-6.73655]},"A8s":{"weight":0.005,"played":[0.5,0.5],"evs":[0.0,32.42544]},"A9s":{"weight":0.0507,"played":[0.5,0.5],"evs":[0.0,0.0]},"ATs":{"weight":0.0024,"played":[0.5,0.5],"evs":[0.0,0.0]},"AJs":{"weight":0.0167,"played":[0.5,0.5],"evs":[0.0,-6.73995]},"AQs":{"weight":0.2222,"played":[0.1792,0.8208],"evs":[0.0,7.28511]},"AKs":{"weight":0.0039,"played":[0.5,0.5],"evs":[0.0,0.0]},"AA":{"weight":0.0,"played":[0.7622,0.2378],"evs":[0.0,13.80226]}}}