{"player":2,"street":0,"children":2,"sequence":[{"player":0,"type":"R","amount":200000,"street":0},{"player":1,"type":"F","amount":0,"street":0},{"player":2,"type":"C","amount":200000,"street":0},{"player":3,"type":"R","amount":745000,"street":0},{"player":4,"type":"F","amount":0,"street":0},{"player":5,"type":"R","amount":945000,"street":0},{"player":0,"type":"C","amount":435000,"street":0}],"actions":[{"type":"F","amount":0},{"type":"C","amount":745000}],"hands":{"22":{"weight":4.0E-4,"played":[0.1676,0.8324],"evs":[0.0,1.78991]},"32o":{"weight":0.0,"played":[0.9193,0.0807],"evs":[0.0,-0.49094]},"42o":{"weight":0.0,"played":[0.2883,0.7117],"evs":[0.0,-0.7307]},"52o":{"weight":0.0,"played":[0.9207,0.0793],"evs":[0.0,0.24843]},"62o":{"weight":0.0,"played":[0.2837,0.7163],"evs":[0.0,1.73625]},"72o":{"weight":0.0,"played":[0.1972,0.8028],"evs":[0.0,-0.40544]},"82o":{"weight":0.0,"played":[0.3422,0.6578],"evs":[0.0,0.61562]},"92o":{"weight":0.0,"played":[0.1251,0.8749],"evs":[0.0,0.23111]},"T2o":{"weight":0.0,"played":[0.3802,0.6198],"evs":[0.0,2.79768]},"J2o":{"weight":0.0,"played":[0.5327,0.4673],"evs":[0.0,-0.33114]},"Q2o":{"weight":0.0067,"played":[0.001,0.999],"evs":[0.0,2.57446]},"K2o":{"weight":0.0067,"played":[0.0112,0.9888],"evs":[0.0,5.61357]},"A2o":{"weight":0.0534,"played":[0.0015,0.9985],"evs":[0.0,1.97553]},"32s":{"weight":0.0047,"played":[0.2068,0.7932],"evs":[0.0,1.31985]},"33":{"weight":0.0027,"played":[0.0096,0.9904],"evs":[0.0,5.07097]},"43o":{"weight":3.0E-4,"played":[0.0411,0.9589],"evs":[0.0,2.84246]},"53o":{"weight":0.0,"played":[0.3141,0.6859],"evs":[0.0,0.63781]},"63o":{"weight":0.0015,"played":[0.1337,0.8663],"evs":[0.0,1.01768]},"73o":{"weight":0.0,"played":[0.5265,0.4735],"evs":[0.0,-0.6969]},"83o":{"weight":0.0,"played":[0.0126,0.9874],"evs":[0.0,2.64573]},"93o":{"weight":1.0E-4,"played":[0.0603,0.9397],"evs":[0.0,3.0734]},"T3o":{"weight":4.0E-4,"played":[0.3764,0.6236],"evs":[0.0,1.30048]},"J3o":{"weight":0.0026,"played":[0.0863,0.9137],"evs":[0.0,1.01397]},"Q3o":{"weight":4.0E-4,"played":[0.0616,0.9384],"evs":[0.0,1.53663]},"K3o":{"weight":0.1707,"played":[0.009,0.991],"evs":[0.0,1.77755]},"A3o":{"weight":0.0,"played":[1.0E-4,0.9999],"evs":[0.0,4.49217]},"42s":{"weight":0.137,"played":[0.0875,0.9125],"evs":[0.0,1.72408]},"43s":{"weight":0.1167,"played":[0.0043,0.9957],"evs":[0.0,2.68248]},"44":{"weight":0.6112,"played":[0.0,1.0],"evs":[0.0,7.48038]},"54o":{"weight":0.0,"played":[0.1769,0.8231],"evs":[0.0,2.1697]},"64o":{"weight":0.0,"played":[0.1846,0.8154],"evs":[0.0,3.69087]},"74o":{"weight":5.0E-4,"played":[0.2882,0.7118],"evs":[0.0,-0.03461]},"84o":{"weight":0.0,"played":[0.1434,0.8566],"evs":[0.0,1.8426]},"94o":{"weight":1.0E-4,"played":[0.1296,0.8704],"evs":[0.0,2.61439]},"T4o":{"weight":0.001,"played":[0.0168,0.9832],"evs":[0.0,0.89421]},"J4o":{"weight":3.0E-4,"played":[0.8033,0.1967],"evs":[0.0,-0.28471]},"Q4o":{"weight":0.0118,"played":[0.0011,0.9989],"evs":[0.0,1.52007]},"K4o":{"weight":0.2615,"played":[0.0169,0.9831],"evs":[0.0,3.57168]},"A4o":{"weight":0.142,"played":[4.0E-4,0.9996],"evs":[0.0,4.87478]},"52s":{"weight":0.0035,"played":[0.0064,0.9936],"evs":[0.0,1.16297]},"53s":{"weight":0.1122,"played":[0.0026,0.9974],"evs":[0.0,5.69931]},"54s":{"weight":0.2443,"played":[0.0508,0.9492],"evs":[0.0,3.08718]},"55":{"weight":0.2727,"played":[0.002,0.998],"evs":[0.0,7.87603]},"65o":{"weight":4.0E-4,"played":[0.1338,0.8662],"evs":[0.0,2.70205]},"75o":{"weight":4.0E-4,"played":[0.0718,0.9282],"evs":[0.0,2.09781]},"85o":{"weight":1.0E-4,"played":[0.006,0.994],"evs":[0.0,2.18434]},"95o":{"weight":3.0E-4,"played":[0.0594,0.9406],"evs":[0.0,1.05075]},"T5o":{"weight":0.0,"played":[0.0329,0.9671],"evs":[0.0,0.44481]},"J5o":{"weight":0.0,"played":[0.0145,0.9855],"evs":[0.0,3.95519]},"Q5o":{"weight":0.0254,"played":[0.0091,0.9909],"evs":[0.0,4.13979]},"K5o":{"weight":0.2175,"played":[0.0013,0.9987],"evs":[0.0,1.64307]},"A5o":{"weight":0.1335,"played":[0.0015,0.9985],"evs":[0.0,6.55038]},"62s":{"weight":6.0E-4,"played":[0.7902,0.2098],"evs":[0.0,-3.91457]},"63s":{"weight":0.011,"played":[0.9474,0.0526],"evs":[0.0,-0.22982]},"64s":{"weight":0.219,"played":[0.0023,0.9977],"evs":[0.0,7.78973]},"65s":{"weight":0.1269,"played":[0.002,0.998],"evs":[0.0,5.20525]},"66":{"weight":0.2679,"played":[1.0E-4,0.9999],"evs":[0.0,4.42807]},"76o":{"weight":0.0039,"played":[0.0025,0.9975],"evs":[0.0,3.11868]},"86o":{"weight":0.0,"played":[0.2316,0.7684],"evs":[0.0,3.40624]},"96o":{"weight":0.0021,"played":[0.0973,0.9027],"evs":[0.0,0.92744]},"T6o":{"weight":0.0053,"played":[0.1209,0.8791],"evs":[0.0,2.24662]},"J6o":{"weight":0.0028,"played":[0.0518,0.9482],"evs":[0.0,0.67458]},"Q6o":{"weight":0.0164,"played":[0.0439,0.9561],"evs":[0.0,2.50132]},"K6o":{"weight":0.2142,"played":[0.0013,0.9987],"evs":[0.0,2.68028]},"A6o":{"weight":0.3658,"played":[8.0E-4,0.9992],"evs":[0.0,3.89864]},"72s":{"weight":0.0073,"played":[0.021,0.979],"evs":[0.0,2.07643]},"73s":{"weight":0.0013,"played":[0.0259,0.9741],"evs":[0.0,4.98278]},"74s":{"weight":0.1104,"played":[0.0061,0.9939],"evs":[0.0,5.78457]},"75s":{"weight":0.3215,"played":[0.0352,0.9648],"evs":[0.0,4.71843]},"76s":{"weight":0.5965,"played":[0.0436,0.9564],"evs":[0.0,6.1375]},"77":{"weight":0.8948,"played":[1.0E-4,0.9999],"evs":[0.0,7.90732]},"87o":{"weight":0.1468,"played":[8.0E-4,0.9992],"evs":[0.0,6.13692]},"97o":{"weight":3.0E-4,"played":[0.0417,0.9583],"evs":[0.0,4.16922]},"T7o":{"weight":0.2771,"played":[0.0,1.0],"evs":[0.0,2.31968]},"J7o":{"weight":6.0E-4,"played":[0.336,0.664],"evs":[0.0,-0.85773]},"Q7o":{"weight":0.0058,"played":[0.0366,0.9634],"evs":[0.0,2.01049]},"K7o":{"weight":0.9008,"played":[0.0027,0.9973],"evs":[0.0,5.31688]},"A7o":{"weight":0.9971,"played":[1.0E-4,0.9999],"evs":[0.0,6.81821]},"82s":{"weight":0.0281,"played":[0.0181,0.9819],"evs":[0.0,2.92886]},"83s":{"weight":0.001,"played":[0.3747,0.6253],"evs":[0.0,3.02924]},"84s":{"weight":0.5474,"played":[0.0163,0.9837],"evs":[0.0,5.97285]},"85s":{"weight":0.0021,"played":[0.2425,0.7575],"evs":[0.0,3.45512]},"86s":{"weight":0.0799,"played":[0.0513,0.9487],"evs":[0.0,6.6746]},"87s":{"weight":0.8751,"played":[1.0E-4,0.9999],"evs":[0.0,5.09573]},"88":{"weight":0.2375,"played":[9.0E-4,0.9991],"evs":[0.0,8.69229]},"98o":{"weight":0.4599,"played":[0.0066,0.9934],"evs":[0.0,4.07663]},"T8o":{"weight":0.0536,"played":[0.0072,0.9928],"evs":[0.0,5.3442]},"J8o":{"weight":0.1074,"played":[0.1748,0.8252],"evs":[0.0,4.80488]},"Q8o":{"weight":0.7497,"played":[0.0036,0.9964],"evs":[0.0,2.26116]},"K8o":{"weight":0.9169,"played":[5.0E-4,0.9995],"evs":[0.0,5.84204]},"A8o":{"weight":0.7496,"played":[0.0,1.0],"evs":[0.0,4.88025]},"92s":{"weight":0.0013,"played":[0.172,0.828],"evs":[0.0,3.59191]},"93s":{"weight":0.0,"played":[0.0618,0.9382],"evs":[0.0,3.26871]},"94s":{"weight":0.008,"played":[0.216,0.784],"evs":[0.0,3.25481]},"95s":{"weight":0.005,"played":[0.4517,0.5483],"evs":[0.0,1.50395]},"96s":{"weight":0.0104,"played":[0.0043,0.9957],"evs":[0.0,0.79764]},"97s":{"weight":0.008,"played":[0.2271,0.7729],"evs":[0.0,2.36298]},"98s":{"weight":0.57,"played":[0.0039,0.9961],"evs":[0.0,5.40372]},"99":{"weight":0.5881,"played":[2.0E-4,0.9998],"evs":[0.0,11.05688]},"T9o":{"weight":0.968,"played":[0.0,1.0],"evs":[0.0,5.43025]},"J9o":{"weight":0.3033,"played":[0.0123,0.9877],"evs":[0.0,3.22143]},"Q9o":{"weight":0.9427,"played":[0.0031,0.9969],"evs":[0.0,3.66215]},"K9o":{"weight":0.9141,"played":[0.0026,0.9974],"evs":[0.0,7.02913]},"A9o":{"weight":0.9788,"played":[1.0E-4,0.9999],"evs":[0.0,7.44182]},"T2s":{"weight":0.0024,"played":[0.5169,0.4831],"evs":[0.0,1.42355]},"T3s":{"weight":0.0662,"played":[0.0044,0.9956],"evs":[0.0,3.81849]},"T4s":{"weight":0.0571,"played":[0.1532,0.8468],"evs":[0.0,1.73898]},"T5s":{"weight":0.0442,"played":[0.1334,0.8666],"evs":[0.0,5.64959]},"T6s":{"weight":0.2675,"played":[0.0148,0.9852],"evs":[0.0,1.23384]},"T7s":{"weight":0.0187,"played":[0.0148,0.9852],"evs":[0.0,7.06375]},"T8s":{"weight":0.1778,"played":[0.1464,0.8536],"evs":[0.0,5.56559]},"T9s":{"weight":0.9663,"played":[0.0075,0.9925],"evs":[0.0,7.93483]},"TT":{"weight":0.5691,"played":[3.0E-4,0.9997],"evs":[0.0,15.72582]},"JTo":{"weight":0.9763,"played":[0.0011,0.9989],"evs":[0.0,5.21625]},"QTo":{"weight":0.5929,"played":[6.0E-4,0.9994],"evs":[0.0,7.69296]},"KTo":{"weight":0.2348,"played":[6.0E-4,0.9994],"evs":[0.0,8.05465]},"ATo":{"weight":0.0887,"played":[1.0E-4,0.9999],"evs":[0.0,6.44113]},"J2s":{"weight":0.1991,"played":[0.0499,0.9501],"evs":[0.0,1.09609]},"J3s":{"weight":0.0686,"played":[0.0177,0.9823],"evs":[0.0,3.58633]},"J4s":{"weight":1.0E-4,"played":[0.2761,0.7239],"evs":[0.0,1.88698]},"J5s":{"weight":0.3604,"played":[6.0E-4,0.9994],"evs":[0.0,5.75399]},"J6s":{"weight":0.4583,"played":[0.2084,0.7916],"evs":[0.0,1.11427]},"J7s":{"weight":0.0111,"played":[0.0206,0.9794],"evs":[0.0,2.53097]},"J8s":{"weight":0.2415,"played":[0.0323,0.9677],"evs":[0.0,5.37294]},"J9s":{"weight":0.0872,"played":[0.0167,0.9833],"evs":[0.0,5.62074]},"JTs":{"weight":0.368,"played":[5.0E-4,0.9995],"evs":[0.0,11.67699]},"JJ":{"weight":0.2014,"played":[4.0E-4,0.9996],"evs":[0.0,16.51975]},"QJo":{"weight":0.2965,"played":[0.0034,0.9966],"evs":[0.0,3.69909]},"KJo":{"weight":0.2443,"played":[4.0E-4,0.9996],"evs":[0.0,8.37593]},"AJo":{"weight":0.5666,"played":[7.0E-4,0.9993],"evs":[0.0,8.31729]},"Q2s":{"weight":0.0294,"played":[0.016,0.984],"evs":[0.0,5.69791]},"Q3s":{"weight":0.0263,"played":[0.1092,0.8908],"evs":[0.0,2.98943]},"Q4s":{"weight":0.4251,"played":[0.0058,0.9942],"evs":[0.0,7.63161]},"Q5s":{"weight":0.525,"played":[0.0036,0.9964],"evs":[0.0,6.7143]},"Q6s":{"weight":0.8054,"played":[0.2545,0.7455],"evs":[0.0,3.44399]},"Q7s":{"weight":0.0074,"played":[0.0145,0.9855],"evs":[0.0,6.66521]},"Q8s":{"weight":0.079,"played":[0.0535,0.9465],"evs":[0.0,6.63661]},"Q9s":{"weight":0.0734,"played":[0.0728,0.9272],"evs":[0.0,5.41827]},"QTs":{"weight":0.145,"played":[0.0081,0.9919],"evs":[0.0,11.09438]},"QJs":{"weight":0.7719,"played":[1.0E-4,0.9999],"evs":[0.0,8.63902]},"QQ":{"weight":0.5096,"played":[0.0,1.0],"evs":[0.0,14.59379]},"KQo":{"weight":0.9847,"played":[0.0,1.0],"evs":[0.0,7.59946]},"AQo":{"weight":0.1051,"played":[0.0,1.0],"evs":[0.0,11.41301]},"K2s":{"weight":0.0404,"played":[0.0628,0.9372],"evs":[0.0,2.04541]},"K3s":{"weight":0.0665,"played":[0.0025,0.9975],"evs":[0.0,4.61788]},"K4s":{"weight":0.0991,"played":[0.0206,0.9794],"evs":[0.0,7.86732]},"K5s":{"weight":0.0299,"played":[0.0811,0.9189],"evs":[0.0,2.34061]},"K6s":{"weight":0.4717,"played":[9.0E-4,0.9991],"evs":[0.0,6.06699]},"K7s":{"weight":0.4845,"played":[0.0056,0.9944],"evs":[0.0,4.66554]},"K8s":{"weight":0.5579,"played":[0.0075,0.9925],"evs":[0.0,12.59285]},"K9s":{"weight":0.0,"played":[0.0291,0.9709],"evs":[0.0,9.89941]},"KTs":{"weight":0.0865,"played":[0.01,0.99],"evs":[0.0,8.30452]},"KJs":{"weight":0.0,"played":[0.0061,0.9939],"evs":[0.0,16.02106]},"KQs":{"weight":0.0844,"played":[0.0137,0.9863],"evs":[0.0,13.44834]},"KK":{"weight":0.9584,"played":[0.0,1.0],"evs":[0.0,22.00455]},"AKo":{"weight":6.0E-4,"played":[2.0E-4,0.9998],"evs":[0.0,10.64666]},"A2s":{"weight":0.1866,"played":[0.0063,0.9937],"evs":[0.0,4.00343]},"A3s":{"weight":3.0E-4,"played":[5.0E-4,0.9995],"evs":[0.0,8.97669]},"A4s":{"weight":0.7122,"played":[0.0064,0.9936],"evs":[0.0,6.45316]},"A5s":{"weight":0.0,"played":[0.0262,0.9738],"evs":[0.0,6.45248]},"A6s":{"weight":0.5813,"played":[0.0088,0.9912],"evs":[0.0,2.91884]},"A7s":{"weight":0.0329,"played":[0.0069,0.9931],"evs":[0.0,5.63338]},"A8s":{"weight":0.0072,"played":[0.0011,0.9989],"evs":[0.0,11.16348]},"A9s":{"weight":0.4715,"played":[0.007,0.993],"evs":[0.0,4.48948]},"ATs":{"weight":7.0E-4,"played":[0.0035,0.9965],"evs":[0.0,3.26931]},"AJs":{"weight":0.63,"played":[0.0068,0.9932],"evs":[0.0,9.45144]},"AQs":{"weight":2.0E-4,"played":[0.0923,0.9077],"evs":[0.0,9.7941]},"AKs":{"weight":0.0203,"played":[0.0064,0.9936],"evs":[0.0,12.76822]},"AA":{"weight":0.0214,"played":[3.0E-4,0.9997],"evs":[0.0,23.76949]}}}