{"player":5,"street":0,"children":2,"sequence":[{"player":0,"type":"R","amount":200000,"street":0},{"player":1,"type":"F","amount":0,"street":0},{"player":2,"type":"C","amount":200000,"street":0},{"player":3,"type":"R","amount":745000,"street":0},{"player":4,"type":"R","amount":1315000,"street":0}],"actions":[{"type":"F","amount":0,"node":339},{"type":"C","amount":845000,"node":342}],"hands":{"22":{"weight":1.0,"played":[0.1991,0.8009],"evs":[0.0,4.80367]},"32o":{"weight":1.0,"played":[0.857,0.143],"evs":[0.0,-2.56201]},"42o":{"weight":1.0,"played":[0.9639,0.0361],"evs":[0.0,-3.2467]},"52o":{"weight":1.0,"played":[0.8955,0.1045],"evs":[0.0,-1.61364]},"62o":{"weight":1.0,"played":[0.8781,0.1219],"evs":[0.0,-2.29123]},"72o":{"weight":1.0,"played":[0.9897,0.0103],"evs":[0.0,-2.31887]},"82o":{"weight":1.0,"played":[0.9957,0.0043],"evs":[0.0,-4.61065]},"92o":{"weight":1.0,"played":[0.9864,0.0136],"evs":[0.0,-2.76321]},"T2o":{"weight":1.0,"played":[0.9126,0.0874],"evs":[0.0,-4.93248]},"J2o":{"weight":1.0,"played":[0.9785,0.0215],"evs":[0.0,-2.63024]},"Q2o":{"weight":1.0,"played":[0.8294,0.1706],"evs":[0.0,-0.65063]},"K2o":{"weight":1.0,"played":[0.6739,0.3261],"evs":[0.0,-0.61661]},"A2o":{"weight":1.0,"played":[0.0016,0.9984],"evs":[0.0,1.63537]},"32s":{"weight":1.0,"played":[0.1681,0.8319],"evs":[0.0,2.00659]},"33":{"weight":1.0,"played":[0.2695,0.7305],"evs":[0.0,1.9241]},"43o":{"weight":1.0,"played":[0.8676,0.1324],"evs":[0.0,-3.01331]},"53o":{"weight":1.0,"played":[0.9073,0.0927],"evs":[0.0,-2.98364]},"63o":{"weight":1.0,"played":[0.9732,0.0268],"evs":[0.0,-2.5865]},"73o":{"weight":1.0,"played":[0.8815,0.1185],"evs":[0.0,-2.14825]},"83o":{"weight":1.0,"played":[0.9986,0.0014],"evs":[0.0,-4.03999]},"93o":{"weight":1.0,"played":[0.9905,0.0095],"evs":[0.0,-3.1994]},"T3o":{"weight":1.0,"played":[0.9914,0.0086],"evs":[0.0,-2.98587]},"J3o":{"weight":1.0,"played":[0.9746,0.0254],"evs":[0.0,-2.2947]},"Q3o":{"weight":1.0,"played":[0.7337,0.2663],"evs":[0.0,-1.10361]},"K3o":{"weight":1.0,"played":[0.3207,0.6793],"evs":[0.0,0.55667]},"A3o":{"weight":1.0,"played":[0.0053,0.9947],"evs":[0.0,2.65214]},"42s":{"weight":1.0,"played":[0.2383,0.7617],"evs":[0.0,-0.28174]},"43s":{"weight":1.0,"played":[0.6144,0.3856],"evs":[0.0,-3.48892]},"44":{"weight":1.0,"played":[0.4836,0.5164],"evs":[0.0,0.39021]},"54o":{"weight":1.0,"played":[0.9213,0.0787],"evs":[0.0,-1.73821]},"64o":{"weight":1.0,"played":[0.6151,0.3849],"evs":[0.0,1.90297]},"74o":{"weight":1.0,"played":[0.4909,0.5091],"evs":[0.0,4.24443]},"84o":{"weight":1.0,"played":[0.9498,0.0502],"evs":[0.0,-2.9787]},"94o":{"weight":1.0,"played":[0.4433,0.5567],"evs":[0.0,-1.67307]},"T4o":{"weight":1.0,"played":[0.6951,0.3049],"evs":[0.0,-0.38263]},"J4o":{"weight":1.0,"played":[0.9999,1.0E-4],"evs":[0.0,-2.51983]},"Q4o":{"weight":1.0,"played":[0.6025,0.3975],"evs":[0.0,-0.94171]},"K4o":{"weight":1.0,"played":[0.9931,0.0069],"evs":[0.0,-2.48287]},"A4o":{"weight":1.0,"played":[0.2873,0.7127],"evs":[0.0,-0.35372]},"52s":{"weight":1.0,"played":[0.2535,0.7465],"evs":[0.0,3.42778]},"53s":{"weight":1.0,"played":[0.923,0.077],"evs":[0.0,-5.15698]},"54s":{"weight":1.0,"played":[0.2267,0.7733],"evs":[0.0,7.26043]},"55":{"weight":1.0,"played":[0.9149,0.0851],"evs":[0.0,-4.2086]},"65o":{"weight":1.0,"played":[0.3945,0.6055],"evs":[0.0,3.27619]},"75o":{"weight":1.0,"played":[0.2397,0.7603],"evs":[0.0,2.90143]},"85o":{"weight":1.0,"played":[0.829,0.171],"evs":[0.0,-2.44028]},"95o":{"weight":1.0,"played":[0.9537,0.0463],"evs":[0.0,-0.42701]},"T5o":{"weight":1.0,"played":[0.7202,0.2798],"evs":[0.0,-1.78436]},"J5o":{"weight":1.0,"played":[0.6177,0.3823],"evs":[0.0,-2.54683]},"Q5o":{"weight":1.0,"played":[0.2108,0.7892],"evs":[0.0,0.78722]},"K5o":{"weight":1.0,"played":[0.5968,0.4032],"evs":[0.0,-1.3499]},"A5o":{"weight":1.0,"played":[0.274,0.726],"evs":[0.0,1.38907]},"62s":{"weight":1.0,"played":[0.5661,0.4339],"evs":[0.0,4.55934]},"63s":{"weight":1.0,"played":[0.3889,0.6111],"evs":[0.0,2.11056]},"64s":{"weight":1.0,"played":[0.6502,0.3498],"evs":[0.0,-1.20477]},"65s":{"weight":1.0,"played":[0.3887,0.6113],"evs":[0.0,5.83405]},"66":{"weight":1.0,"played":[0.2462,0.7538],"evs":[0.0,5.83214]},"76o":{"weight":1.0,"played":[0.7728,0.2272],"evs":[0.0,-1.4385]},"86o":{"weight":1.0,"played":[0.4647,0.5353],"evs":[0.0,-0.06728]},"96o":{"weight":1.0,"played":[0.585,0.415],"evs":[0.0,-1.52288]},"T6o":{"weight":1.0,"played":[0.9967,0.0033],"evs":[0.0,-1.60088]},"J6o":{"weight":1.0,"played":[0.4163,0.5837],"evs":[0.0,0.51481]},"Q6o":{"weight":1.0,"played":[0.1593,0.8407],"evs":[0.0,-0.20337]},"K6o":{"weight":1.0,"played":[0.9847,0.0153],"evs":[0.0,-1.874]},"A6o":{"weight":1.0,"played":[0.2267,0.7733],"evs":[0.0,2.75353]},"72s":{"weight":1.0,"played":[0.7847,0.2153],"evs":[0.0,0.94534]},"73s":{"weight":1.0,"played":[0.4607,0.5393],"evs":[0.0,0.80878]},"74s":{"weight":1.0,"played":[0.0083,0.9917],"evs":[0.0,8.8684]},"75s":{"weight":1.0,"played":[0.0133,0.9867],"evs":[0.0,6.54583]},"76s":{"weight":1.0,"played":[0.4253,0.5747],"evs":[0.0,0.94983]},"77":{"weight":1.0,"played":[0.1439,0.8561],"evs":[0.0,2.3463]},"87o":{"weight":1.0,"played":[0.9619,0.0381],"evs":[0.0,-3.94159]},"97o":{"weight":1.0,"played":[0.5841,0.4159],"evs":[0.0,-1.87761]},"T7o":{"weight":1.0,"played":[0.7563,0.2437],"evs":[0.0,-3.72536]},"J7o":{"weight":1.0,"played":[0.8358,0.1642],"evs":[0.0,-0.67714]},"Q7o":{"weight":1.0,"played":[0.9494,0.0506],"evs":[0.0,-0.8928]},"K7o":{"weight":1.0,"played":[0.5664,0.4336],"evs":[0.0,1.20303]},"A7o":{"weight":1.0,"played":[0.2223,0.7777],"evs":[0.0,0.39385]},"82s":{"weight":1.0,"played":[0.0195,0.9805],"evs":[0.0,1.47526]},"83s":{"weight":1.0,"played":[0.9717,0.0283],"evs":[0.0,-2.7424]},"84s":{"weight":1.0,"played":[0.2835,0.7165],"evs":[0.0,-1.19413]},"85s":{"weight":1.0,"played":[0.0154,0.9846],"evs":[0.0,2.53815]},"86s":{"weight":1.0,"played":[0.3576,0.6424],"evs":[0.0,0.96931]},"87s":{"weight":1.0,"played":[0.5484,0.4516],"evs":[0.0,3.50636]},"88":{"weight":1.0,"played":[0.0668,0.9332],"evs":[0.0,10.63653]},"98o":{"weight":1.0,"played":[0.9153,0.0847],"evs":[0.0,-0.39736]},"T8o":{"weight":1.0,"played":[0.616,0.384],"evs":[0.0,-1.27048]},"J8o":{"weight":1.0,"played":[0.9505,0.0495],"evs":[0.0,-4.02159]},"Q8o":{"weight":1.0,"played":[0.6078,0.3922],"evs":[0.0,-0.89623]},"K8o":{"weight":1.0,"played":[0.9367,0.0633],"evs":[0.0,-2.53373]},"A8o":{"weight":1.0,"played":[0.0031,0.9969],"evs":[0.0,1.23727]},"92s":{"weight":1.0,"played":[0.7649,0.2351],"evs":[0.0,-3.07345]},"93s":{"weight":1.0,"played":[0.4457,0.5543],"evs":[0.0,-1.59808]},"94s":{"weight":1.0,"played":[0.168,0.832],"evs":[0.0,2.39978]},"95s":{"weight":1.0,"played":[0.58,0.42],"evs":[0.0,-1.01489]},"96s":{"weight":1.0,"played":[0.6899,0.3101],"evs":[0.0,2.57588]},"97s":{"weight":1.0,"played":[0.51,0.49],"evs":[0.0,2.10184]},"98s":{"weight":1.0,"played":[0.187,0.813],"evs":[0.0,5.80523]},"99":{"weight":1.0,"played":[2.0E-4,0.9998],"evs":[0.0,4.89077]},"T9o":{"weight":1.0,"played":[0.4361,0.5639],"evs":[0.0,-2.63437]},"J9o":{"weight":1.0,"played":[0.3952,0.6048],"evs":[0.0,-0.75223]},"Q9o":{"weight":1.0,"played":[0.2215,0.7785],"evs":[0.0,5.24268]},"K9o":{"weight":1.0,"played":[0.323,0.677],"evs":[0.0,0.61001]},"A9o":{"weight":1.0,"played":[0.0401,0.9599],"evs":[0.0,1.08027]},"T2s":{"weight":1.0,"played":[0.3077,0.6923],"evs":[0.0,-2.74561]},"T3s":{"weight":1.0,"played":[0.376,0.624],"evs":[0.0,0.50918]},"T4s":{"weight":1.0,"played":[0.1696,0.8304],"evs":[0.0,-0.58789]},"T5s":{"weight":1.0,"played":[0.3375,0.6625],"evs":[0.0,5.7008]},"T6s":{"weight":1.0,"played":[0.1657,0.8343],"evs":[0.0,1.84472]},"T7s":{"weight":1.0,"played":[0.5591,0.4409],"evs":[0.0,0.49428]},"T8s":{"weight":1.0,"played":[0.075,0.925],"evs":[0.0,0.06979]},"T9s":{"weight":1.0,"played":[0.5791,0.4209],"evs":[0.0,2.13568]},"TT":{"weight":1.0,"played":[0.0151,0.9849],"evs":[0.0,9.14608]},"JTo":{"weight":1.0,"played":[0.023,0.977],"evs":[0.0,1.47951]},"QTo":{"weight":1.0,"played":[0.0014,0.9986],"evs":[0.0,4.44496]},"KTo":{"weight":1.0,"played":[0.1953,0.8047],"evs":[0.0,-0.93966]},"ATo":{"weight":1.0,"played":[0.0747,0.9253],"evs":[0.0,10.07542]},"J2s":{"weight":1.0,"played":[0.2642,0.7358],"evs":[0.0,2.59131]},"J3s":{"weight":1.0,"played":[0.4511,0.5489],"evs":[0.0,2.57981]},"J4s":{"weight":1.0,"played":[0.4406,0.5594],"evs":[0.0,-1.3145]},"J5s":{"weight":1.0,"played":[0.9826,0.0174],"evs":[0.0,-2.16481]},"J6s":{"weight":1.0,"played":[0.4391,0.5609],"evs":[0.0,1.55388]},"J7s":{"weight":1.0,"played":[0.3829,0.6171],"evs":[0.0,0.42643]},"J8s":{"weight":1.0,"played":[0.7629,0.2371],"evs":[0.0,-3.88009]},"J9s":{"weight":1.0,"played":[0.2563,0.7437],"evs":[0.0,3.23656]},"JTs":{"weight":1.0,"played":[0.1619,0.8381],"evs":[0.0,4.91948]},"JJ":{"weight":1.0,"played":[1.0E-4,0.9999],"evs":[0.0,10.27685]},"QJo":{"weight":1.0,"played":[0.0,1.0],"evs":[0.0,5.80644]},"KJo":{"weight":1.0,"played":[0.0396,0.9604],"evs":[0.0,2.03558]},"AJo":{"weight":1.0,"played":[0.0149,0.9851],"evs":[0.0,8.90704]},"Q2s":{"weight":1.0,"played":[0.2056,0.7944],"evs":[0.0,2.23715]},"Q3s":{"weight":1.0,"played":[0.8437,0.1563],"evs":[0.0,-3.5441]},"Q4s":{"weight":1.0,"played":[0.3715,0.6285],"evs":[0.0,0.21161]},"Q5s":{"weight":1.0,"played":[0.1116,0.8884],"evs":[0.0,6.43046]},"Q6s":{"weight":1.0,"played":[0.6956,0.3044],"evs":[0.0,-0.15625]},"Q7s":{"weight":1.0,"played":[0.6988,0.3012],"evs":[0.0,-2.10247]},"Q8s":{"weight":1.0,"played":[0.2123,0.7877],"evs":[0.0,13.2404]},"Q9s":{"weight":1.0,"played":[0.0015,0.9985],"evs":[0.0,10.57325]},"QTs":{"weight":1.0,"played":[0.0678,0.9322],"evs":[0.0,2.6045]},"QJs":{"weight":1.0,"played":[0.0098,0.9902],"evs":[0.0,10.90538]},"QQ":{"weight":1.0,"played":[6.0E-4,0.9994],"evs":[0.0,18.18159]},"KQo":{"weight":1.0,"played":[0.0308,0.9692],"evs":[0.0,7.93171]},"AQo":{"weight":1.0,"played":[0.0,1.0],"evs":[0.0,10.47585]},"K2s":{"weight":1.0,"played":[0.3645,0.6355],"evs":[0.0,0.76546]},"K3s":{"weight":1.0,"played":[0.7779,0.2221],"evs":[0.0,0.53675]},"K4s":{"weight":1.0,"played":[0.0123,0.9877],"evs":[0.0,5.39074]},"K5s":{"weight":1.0,"played":[0.0134,0.9866],"evs":[0.0,5.61453]},"K6s":{"weight":1.0,"played":[0.0224,0.9776],"evs":[0.0,6.26902]},"K7s":{"weight":1.0,"played":[0.1694,0.8306],"evs":[0.0,3.67246]},"K8s":{"weight":1.0,"played":[0.0881,0.9119],"evs":[0.0,4.31283]},"K9s":{"weight":1.0,"played":[0.3298,0.6702],"evs":[0.0,-1.18466]},"KTs":{"weight":1.0,"played":[0.2103,0.7897],"evs":[0.0,-0.48717]},"KJs":{"weight":1.0,"played":[6.0E-4,0.9994],"evs":[0.0,1.94823]},"KQs":{"weight":1.0,"played":[0.0465,0.9535],"evs":[0.0,8.91348]},"KK":{"weight":1.0,"played":[0.0043,0.9957],"evs":[0.0,18.43021]},"AKo":{"weight":1.0,"played":[8.0E-4,0.9992],"evs":[0.0,6.12807]},"A2s":{"weight":1.0,"played":[0.2029,0.7971],"evs":[0.0,7.80522]},"A3s":{"weight":1.0,"played":[0.6421,0.3579],"evs":[0.0,-2.90736]},"A4s":{"weight":1.0,"played":[0.0728,0.9272],"evs":[0.0,1.49571]},"A5s":{"weight":1.0,"played":[0.7001,0.2999],"evs":[0.0,-2.92509]},"A6s":{"weight":1.0,"played":[0.0776,0.9224],"evs":[0.0,1.78432]},"A7s":{"weight":1.0,"played":[0.0319,0.9681],"evs":[0.0,6.16418]},"A8s":{"weight":1.0,"played":[0.1048,0.8952],"evs":[0.0,7.96158]},"A9s":{"weight":1.0,"played":[0.3485,0.6515],"evs":[0.0,2.93647]},"ATs":{"weight":1.0,"played":[0.2191,0.7809],"evs":[0.0,2.21328]},"AJs":{"weight":1.0,"played":[0.012,0.988],"evs":[0.0,2.97461]},"AQs":{"weight":1.0,"played":[0.0037,0.9963],"evs":[0.0,13.50663]},"AKs":{"weight":1.0,"played":[0.0066,0.9934],"evs":[0.0,17.76568]},"AA":{"weight":1.0,"played":[1.0E-4,0.9999],"evs":[0.0,26.90521]}}}