{"player":2,"street":0,"children":2,"sequence":[{"player":0,"type":"R","amount":200000,"street":0},{"player":1,"type":"F","amount":0,"street":0},{"player":2,"type":"C","amount":200000,"street":0},{"player":3,"type":"R","amount":745000,"street":0},{"player":4,"type":"R","amount":1315000,"street":0},{"player":5,"type":"F","amount":0,"street":0},{"player":0,"type":"F","amount":0,"street":0}],"actions":[{"type":"F","amount":0},{"type":"C","amount":1115000}],"hands":{"22":{"weight":4.0E-4,"played":[0.5,0.5],"evs":[0.0,0.0]},"32o":{"weight":0.0,"played":[0.1806,0.8194],"evs":[0.0,16.22879]},"42o":{"weight":0.0,"played":[0.5345,0.4655],"evs":[0.0,-11.19194]},"52o":{"weight":0.0,"played":[0.777,0.223],"evs":[0.0,-1.64409]},"62o":{"weight":0.0,"played":[0.9511,0.0489],"evs":[0.0,21.13477]},"72o":{"weight":0.0,"played":[0.5,0.5],"evs":[0.0,-13.3734]},"82o":{"weight":0.0,"played":[0.9891,0.0109],"evs":[0.0,-11.39652]},"92o":{"weight":0.0,"played":[0.8927,0.1073],"evs":[0.0,-13.3734]},"T2o":{"weight":0.0,"played":[0.7024,0.2976],"evs":[0.0,-13.0989]},"J2o":{"weight":0.0,"played":[0.5,0.5],"evs":[0.0,0.0]},"Q2o":{"weight":0.0067,"played":[0.777,0.223],"evs":[0.0,-13.38319]},"K2o":{"weight":0.0067,"played":[0.524,0.476],"evs":[0.0,-5.08417]},"A2o":{"weight":0.0534,"played":[0.5,0.5],"evs":[0.0,0.0]},"32s":{"weight":0.0047,"played":[0.5,0.5],"evs":[0.0,38.67094]},"33":{"weight":0.0027,"played":[0.1865,0.8135],"evs":[0.0,16.64352]},"43o":{"weight":3.0E-4,"played":[0.0064,0.9936],"evs":[0.0,21.93684]},"53o":{"weight":0.0,"played":[0.2088,0.7912],"evs":[0.0,7.74783]},"63o":{"weight":0.0015,"played":[0.9513,0.0487],"evs":[0.0,-13.37554]},"73o":{"weight":0.0,"played":[0.2976,0.7024],"evs":[0.0,6.87369]},"83o":{"weight":0.0,"played":[0.5,0.5],"evs":[0.0,-13.3734]},"93o":{"weight":1.0E-4,"played":[0.3048,0.6952],"evs":[0.0,4.26347]},"T3o":{"weight":4.0E-4,"played":[6.0E-4,0.9994],"evs":[0.0,-2.53465]},"J3o":{"weight":0.0026,"played":[0.9247,0.0753],"evs":[0.0,-13.37671]},"Q3o":{"weight":4.0E-4,"played":[0.8169,0.1831],"evs":[0.0,19.6091]},"K3o":{"weight":0.1707,"played":[0.3058,0.6942],"evs":[0.0,32.87097]},"A3o":{"weight":0.0,"played":[0.6534,0.3466],"evs":[0.0,3.38636]},"42s":{"weight":0.137,"played":[0.5,0.5],"evs":[0.0,-13.39534]},"43s":{"weight":0.1167,"played":[0.1275,0.8725],"evs":[0.0,-0.11662]},"44":{"weight":0.6112,"played":[0.0395,0.9605],"evs":[0.0,6.33677]},"54o":{"weight":0.0,"played":[0.5,0.5],"evs":[0.0,-13.3734]},"64o":{"weight":0.0,"played":[0.8268,0.1732],"evs":[0.0,-13.3734]},"74o":{"weight":5.0E-4,"played":[0.0295,0.9705],"evs":[0.0,24.26068]},"84o":{"weight":0.0,"played":[0.1996,0.8004],"evs":[0.0,2.59838]},"94o":{"weight":1.0E-4,"played":[0.1585,0.8415],"evs":[0.0,14.68443]},"T4o":{"weight":0.001,"played":[0.9184,0.0816],"evs":[0.0,10.13299]},"J4o":{"weight":3.0E-4,"played":[0.325,0.675],"evs":[0.0,5.94422]},"Q4o":{"weight":0.0118,"played":[0.8756,0.1244],"evs":[0.0,25.72395]},"K4o":{"weight":0.2615,"played":[0.0049,0.9951],"evs":[0.0,4.76376]},"A4o":{"weight":0.142,"played":[0.9989,0.0011],"evs":[0.0,1.16657]},"52s":{"weight":0.0035,"played":[0.5,0.5],"evs":[0.0,-13.3734]},"53s":{"weight":0.1122,"played":[0.1526,0.8474],"evs":[0.0,38.64526]},"54s":{"weight":0.2443,"played":[0.5,0.5],"evs":[0.0,-13.39534]},"55":{"weight":0.2727,"played":[0.9285,0.0715],"evs":[0.0,-7.4822]},"65o":{"weight":4.0E-4,"played":[0.2518,0.7482],"evs":[0.0,1.91666]},"75o":{"weight":4.0E-4,"played":[0.0469,0.9531],"evs":[0.0,-2.27864]},"85o":{"weight":1.0E-4,"played":[0.0215,0.9785],"evs":[0.0,-3.42175]},"95o":{"weight":3.0E-4,"played":[0.9579,0.0421],"evs":[0.0,-6.50803]},"T5o":{"weight":0.0,"played":[0.9892,0.0108],"evs":[0.0,-13.38276]},"J5o":{"weight":0.0,"played":[0.8605,0.1395],"evs":[0.0,24.15213]},"Q5o":{"weight":0.0254,"played":[0.9615,0.0385],"evs":[0.0,-7.41454]},"K5o":{"weight":0.2175,"played":[0.0796,0.9204],"evs":[0.0,2.04403]},"A5o":{"weight":0.1335,"played":[0.0245,0.9755],"evs":[0.0,15.92449]},"62s":{"weight":6.0E-4,"played":[0.5,0.5],"evs":[0.0,0.0]},"63s":{"weight":0.011,"played":[0.5,0.5],"evs":[0.0,0.0]},"64s":{"weight":0.219,"played":[0.1111,0.8889],"evs":[0.0,10.63214]},"65s":{"weight":0.1269,"played":[0.0448,0.9552],"evs":[0.0,38.63448]},"66":{"weight":0.2679,"played":[0.8495,0.1505],"evs":[0.0,22.98361]},"76o":{"weight":0.0039,"played":[0.0116,0.9884],"evs":[0.0,-0.14913]},"86o":{"weight":0.0,"played":[0.3388,0.6612],"evs":[0.0,8.77301]},"96o":{"weight":0.0021,"played":[0.9302,0.0698],"evs":[0.0,-13.37646]},"T6o":{"weight":0.0053,"played":[0.918,0.082],"evs":[0.0,-13.38467]},"J6o":{"weight":0.0028,"played":[0.6107,0.3893],"evs":[0.0,-5.97254]},"Q6o":{"weight":0.0164,"played":[0.4719,0.5281],"evs":[0.0,-4.15125]},"K6o":{"weight":0.2142,"played":[0.5805,0.4195],"evs":[0.0,-4.94297]},"A6o":{"weight":0.3658,"played":[0.4959,0.5041],"evs":[0.0,3.08523]},"72s":{"weight":0.0073,"played":[0.0814,0.9186],"evs":[0.0,10.17745]},"73s":{"weight":0.0013,"played":[0.5,0.5],"evs":[0.0,0.0]},"74s":{"weight":0.1104,"played":[0.5,0.5],"evs":[0.0,38.63397]},"75s":{"weight":0.3215,"played":[0.8546,0.1454],"evs":[0.0,-13.38896]},"76s":{"weight":0.5965,"played":[0.4434,0.5566],"evs":[0.0,3.06471]},"77":{"weight":0.8948,"played":[0.3022,0.6978],"evs":[0.0,9.75588]},"87o":{"weight":0.1468,"played":[0.1949,0.8051],"evs":[0.0,6.9011]},"97o":{"weight":3.0E-4,"played":[0.7702,0.2298],"evs":[0.0,-5.4686]},"T7o":{"weight":0.2771,"played":[0.5044,0.4956],"evs":[0.0,-3.50853]},"J7o":{"weight":6.0E-4,"played":[0.7835,0.2165],"evs":[0.0,-3.76994]},"Q7o":{"weight":0.0058,"played":[0.8344,0.1656],"evs":[0.0,-13.38067]},"K7o":{"weight":0.9008,"played":[0.0745,0.9255],"evs":[0.0,36.68963]},"A7o":{"weight":0.9971,"played":[0.012,0.988],"evs":[0.0,-12.12832]},"82s":{"weight":0.0281,"played":[0.5,0.5],"evs":[0.0,38.63397]},"83s":{"weight":0.001,"played":[0.5,0.5],"evs":[0.0,38.63397]},"84s":{"weight":0.5474,"played":[0.9826,0.0174],"evs":[0.0,-8.98858]},"85s":{"weight":0.0021,"played":[0.5,0.5],"evs":[0.0,38.67094]},"86s":{"weight":0.0799,"played":[0.058,0.942],"evs":[0.0,-7.35867]},"87s":{"weight":0.8751,"played":[0.5,0.5],"evs":[0.0,-13.39534]},"88":{"weight":0.2375,"played":[0.5,0.5],"evs":[0.0,-13.3734]},"98o":{"weight":0.4599,"played":[0.9602,0.0398],"evs":[0.0,-13.3771]},"T8o":{"weight":0.0536,"played":[0.5,0.5],"evs":[0.0,-13.3734]},"J8o":{"weight":0.1074,"played":[0.9709,0.0291],"evs":[0.0,0.55238]},"Q8o":{"weight":0.7497,"played":[0.2591,0.7409],"evs":[0.0,8.88629]},"K8o":{"weight":0.9169,"played":[0.026,0.974],"evs":[0.0,1.67241]},"A8o":{"weight":0.7496,"played":[0.571,0.429],"evs":[0.0,-8.10452]},"92s":{"weight":0.0013,"played":[0.5,0.5],"evs":[0.0,0.0]},"93s":{"weight":0.0,"played":[0.2322,0.7678],"evs":[0.0,22.35013]},"94s":{"weight":0.008,"played":[0.5,0.5],"evs":[0.0,0.0]},"95s":{"weight":0.005,"played":[0.9953,0.0047],"evs":[0.0,-1.34329]},"96s":{"weight":0.0104,"played":[0.5,0.5],"evs":[0.0,-13.39447]},"97s":{"weight":0.008,"played":[0.5,0.5],"evs":[0.0,0.0]},"98s":{"weight":0.57,"played":[0.5,0.5],"evs":[0.0,-13.39534]},"99":{"weight":0.5881,"played":[0.0051,0.9949],"evs":[0.0,-5.20028]},"T9o":{"weight":0.968,"played":[0.1509,0.8491],"evs":[0.0,2.30937]},"J9o":{"weight":0.3033,"played":[0.2407,0.7593],"evs":[0.0,38.63397]},"Q9o":{"weight":0.9427,"played":[0.2028,0.7972],"evs":[0.0,8.67962]},"K9o":{"weight":0.9141,"played":[0.4859,0.5141],"evs":[0.0,-5.05281]},"A9o":{"weight":0.9788,"played":[0.7285,0.2715],"evs":[0.0,8.22509]},"T2s":{"weight":0.0024,"played":[0.9989,0.0011],"evs":[0.0,15.37375]},"T3s":{"weight":0.0662,"played":[0.5,0.5],"evs":[0.0,0.0]},"T4s":{"weight":0.0571,"played":[0.5,0.5],"evs":[0.0,38.67093]},"T5s":{"weight":0.0442,"played":[0.5,0.5],"evs":[0.0,0.0]},"T6s":{"weight":0.2675,"played":[0.5,0.5],"evs":[0.0,38.67094]},"T7s":{"weight":0.0187,"played":[0.5,0.5],"evs":[0.0,0.0]},"T8s":{"weight":0.1778,"played":[0.5,0.5],"evs":[0.0,0.0]},"T9s":{"weight":0.9663,"played":[0.7749,0.2251],"evs":[0.0,-13.38547]},"TT":{"weight":0.5691,"played":[0.0879,0.9121],"evs":[0.0,-11.45116]},"JTo":{"weight":0.9763,"played":[0.3613,0.6387],"evs":[0.0,0.88035]},"QTo":{"weight":0.5929,"played":[0.25,0.75],"evs":[0.0,21.09948]},"KTo":{"weight":0.2348,"played":[0.2014,0.7986],"evs":[0.0,5.23693]},"ATo":{"weight":0.0887,"played":[0.5,0.5],"evs":[0.0,38.63397]},"J2s":{"weight":0.1991,"played":[0.1921,0.8079],"evs":[0.0,6.60567]},"J3s":{"weight":0.0686,"played":[0.5567,0.4433],"evs":[0.0,2.80903]},"J4s":{"weight":1.0E-4,"played":[0.5,0.5],"evs":[0.0,38.67094]},"J5s":{"weight":0.3604,"played":[0.5,0.5],"evs":[0.0,-13.3734]},"J6s":{"weight":0.4583,"played":[0.8583,0.1417],"evs":[0.0,-13.38912]},"J7s":{"weight":0.0111,"played":[0.5,0.5],"evs":[0.0,-13.3734]},"J8s":{"weight":0.2415,"played":[0.9117,0.0883],"evs":[0.0,0.82259]},"J9s":{"weight":0.0872,"played":[0.5,0.5],"evs":[0.0,3.56499]},"JTs":{"weight":0.368,"played":[0.5,0.5],"evs":[0.0,0.0]},"JJ":{"weight":0.2014,"played":[0.1926,0.8074],"evs":[0.0,38.63397]},"QJo":{"weight":0.2965,"played":[0.6777,0.3223],"evs":[0.0,-6.12882]},"KJo":{"weight":0.2443,"played":[0.0174,0.9826],"evs":[0.0,8.32491]},"AJo":{"weight":0.5666,"played":[0.248,0.752],"evs":[0.0,34.60352]},"Q2s":{"weight":0.0294,"played":[0.5,0.5],"evs":[0.0,-13.39534]},"Q3s":{"weight":0.0263,"played":[0.5,0.5],"evs":[0.0,38.63397]},"Q4s":{"weight":0.4251,"played":[0.4681,0.5319],"evs":[0.0,10.02899]},"Q5s":{"weight":0.525,"played":[0.5,0.5],"evs":[0.0,0.0]},"Q6s":{"weight":0.8054,"played":[0.5,0.5],"evs":[0.0,38.67093]},"Q7s":{"weight":0.0074,"played":[0.1062,0.8938],"evs":[0.0,-9.77538]},"Q8s":{"weight":0.079,"played":[0.5,0.5],"evs":[0.0,0.0]},"Q9s":{"weight":0.0734,"played":[0.5783,0.4217],"evs":[0.0,16.93412]},"QTs":{"weight":0.145,"played":[0.0274,0.9726],"evs":[0.0,26.44337]},"QJs":{"weight":0.7719,"played":[0.5,0.5],"evs":[0.0,3.56499]},"QQ":{"weight":0.5096,"played":[0.5,0.5],"evs":[0.0,38.67094]},"KQo":{"weight":0.9847,"played":[0.1177,0.8823],"evs":[0.0,38.67094]},"AQo":{"weight":0.1051,"played":[0.4274,0.5726],"evs":[0.0,-6.47025]},"K2s":{"weight":0.0404,"played":[0.5,0.5],"evs":[0.0,0.0]},"K3s":{"weight":0.0665,"played":[0.5,0.5],"evs":[0.0,-13.39447]},"K4s":{"weight":0.0991,"played":[0.833,0.167],"evs":[0.0,-13.3734]},"K5s":{"weight":0.0299,"played":[0.7691,0.2309],"evs":[0.0,-4.25611]},"K6s":{"weight":0.4717,"played":[0.5,0.5],"evs":[0.0,0.0]},"K7s":{"weight":0.4845,"played":[0.5,0.5],"evs":[0.0,3.56499]},"K8s":{"weight":0.5579,"played":[0.5367,0.4633],"evs":[0.0,7.01395]},"K9s":{"weight":0.0,"played":[0.5,0.5],"evs":[0.0,3.565]},"KTs":{"weight":0.0865,"played":[0.5,0.5],"evs":[0.0,38.63397]},"KJs":{"weight":0.0,"played":[0.5,0.5],"evs":[0.0,0.0]},"KQs":{"weight":0.0844,"played":[0.5,0.5],"evs":[0.0,38.63397]},"KK":{"weight":0.9584,"played":[0.1557,0.8443],"evs":[0.0,3.56499]},"AKo":{"weight":6.0E-4,"played":[0.0485,0.9515],"evs":[0.0,27.87559]},"A2s":{"weight":0.1866,"played":[0.5,0.5],"evs":[0.0,38.63398]},"A3s":{"weight":3.0E-4,"played":[0.8223,0.1777],"evs":[0.0,-10.93231]},"A4s":{"weight":0.7122,"played":[0.5,0.5],"evs":[0.0,0.0]},"A5s":{"weight":0.0,"played":[0.5,0.5],"evs":[0.0,0.0]},"A6s":{"weight":0.5813,"played":[0.711,0.289],"evs":[0.0,3.84331]},"A7s":{"weight":0.0329,"played":[0.1991,0.8009],"evs":[0.0,-0.53244]},"A8s":{"weight":0.0072,"played":[0.5,0.5],"evs":[0.0,0.0]},"A9s":{"weight":0.4715,"played":[0.0645,0.9355],"evs":[0.0,38.63874]},"ATs":{"weight":7.0E-4,"played":[0.5,0.5],"evs":[0.0,0.0]},"AJs":{"weight":0.63,"played":[0.0101,0.9899],"evs":[0.0,38.63472]},"AQs":{"weight":2.0E-4,"played":[0.8079,0.1921],"evs":[0.0,-2.94203]},"AKs":{"weight":0.0203,"played":[0.5,0.5],"evs":[0.0,38.63397]},"AA":{"weight":0.0214,"played":[0.5,0.5],"evs":[0.0,0.0]}}}