{"player":2,"street":0,"children":2,"sequence":[{"player":0,"type":"R","amount":200000,"street":0},{"player":1,"type":"F","amount":0,"street":0},{"player":2,"type":"C","amount":200000,"street":0},{"player":3,"type":"R","amount":745000,"street":0},{"player":4,"type":"R","amount":1315000,"street":0},{"player":5,"type":"C","amount":845000,"street":0},{"player":0,"type":"F","amount":0,"street":0}],"actions":[{"type":"F","amount":0},{"type":"C","amount":1115000}],"hands":{"22":{"weight":4.0E-4,"played":[0.9654,0.0346],"evs":[0.0,-9.9296]},"32o":{"weight":0.0,"played":[0.8048,0.1952],"evs":[0.0,-13.3909]},"42o":{"weight":0.0,"played":[0.8181,0.1819],"evs":[0.0,-2.09592]},"52o":{"weight":0.0,"played":[0.2702,0.7298],"evs":[0.0,13.66586]},"62o":{"weight":0.0,"played":[0.4818,0.5182],"evs":[0.0,-4.49815]},"72o":{"weight":0.0,"played":[0.9569,0.0431],"evs":[0.0,-9.35881]},"82o":{"weight":0.0,"played":[0.993,0.007],"evs":[0.0,-11.30115]},"92o":{"weight":0.0,"played":[0.0084,0.9916],"evs":[0.0,3.6748]},"T2o":{"weight":0.0,"played":[0.994,0.006],"evs":[0.0,15.45897]},"J2o":{"weight":0.0,"played":[0.4386,0.5614],"evs":[0.0,1.77185]},"Q2o":{"weight":0.0067,"played":[0.9892,0.0108],"evs":[0.0,-13.11677]},"K2o":{"weight":0.0067,"played":[0.9908,0.0092],"evs":[0.0,-10.83957]},"A2o":{"weight":0.0534,"played":[0.9962,0.0038],"evs":[0.0,-8.19343]},"32s":{"weight":0.0047,"played":[0.1867,0.8133],"evs":[0.0,-1.59083]},"33":{"weight":0.0027,"played":[0.5163,0.4837],"evs":[0.0,5.64192]},"43o":{"weight":3.0E-4,"played":[0.4999,0.5001],"evs":[0.0,0.85771]},"53o":{"weight":0.0,"played":[0.531,0.469],"evs":[0.0,-4.55437]},"63o":{"weight":0.0015,"played":[0.2746,0.7254],"evs":[0.0,4.91053]},"73o":{"weight":0.0,"played":[0.8932,0.1068],"evs":[0.0,-1.99891]},"83o":{"weight":0.0,"played":[0.4681,0.5319],"evs":[0.0,16.54699]},"93o":{"weight":1.0E-4,"played":[0.0799,0.9201],"evs":[0.0,-3.06188]},"T3o":{"weight":4.0E-4,"played":[0.7357,0.2643],"evs":[0.0,-5.15516]},"J3o":{"weight":0.0026,"played":[0.9311,0.0689],"evs":[0.0,-11.48265]},"Q3o":{"weight":4.0E-4,"played":[0.0096,0.9904],"evs":[0.0,14.93731]},"K3o":{"weight":0.1707,"played":[0.0475,0.9525],"evs":[0.0,8.37978]},"A3o":{"weight":0.0,"played":[0.4259,0.5741],"evs":[0.0,3.44997]},"42s":{"weight":0.137,"played":[0.7518,0.2482],"evs":[0.0,-7.32819]},"43s":{"weight":0.1167,"played":[0.1392,0.8608],"evs":[0.0,13.42104]},"44":{"weight":0.6112,"played":[0.1098,0.8902],"evs":[0.0,21.86849]},"54o":{"weight":0.0,"played":[0.8548,0.1452],"evs":[0.0,-7.94329]},"64o":{"weight":0.0,"played":[0.4325,0.5675],"evs":[0.0,-4.76453]},"74o":{"weight":5.0E-4,"played":[0.1115,0.8885],"evs":[0.0,9.35982]},"84o":{"weight":0.0,"played":[0.0327,0.9673],"evs":[0.0,11.78057]},"94o":{"weight":1.0E-4,"played":[0.0617,0.9383],"evs":[0.0,12.27441]},"T4o":{"weight":0.001,"played":[0.1831,0.8169],"evs":[0.0,15.83529]},"J4o":{"weight":3.0E-4,"played":[0.487,0.513],"evs":[0.0,-0.67431]},"Q4o":{"weight":0.0118,"played":[0.959,0.041],"evs":[0.0,-6.85772]},"K4o":{"weight":0.2615,"played":[0.1943,0.8057],"evs":[0.0,-1.15552]},"A4o":{"weight":0.142,"played":[0.0015,0.9985],"evs":[0.0,4.28152]},"52s":{"weight":0.0035,"played":[0.4901,0.5099],"evs":[0.0,6.12568]},"53s":{"weight":0.1122,"played":[0.9527,0.0473],"evs":[0.0,-13.37689]},"54s":{"weight":0.2443,"played":[0.3589,0.6411],"evs":[0.0,2.22792]},"55":{"weight":0.2727,"played":[0.3936,0.6064],"evs":[0.0,14.13124]},"65o":{"weight":4.0E-4,"played":[0.9067,0.0933],"evs":[0.0,-13.33755]},"75o":{"weight":4.0E-4,"played":[0.2021,0.7979],"evs":[0.0,7.39633]},"85o":{"weight":1.0E-4,"played":[0.6683,0.3317],"evs":[0.0,-3.15186]},"95o":{"weight":3.0E-4,"played":[0.299,0.701],"evs":[0.0,-0.54348]},"T5o":{"weight":0.0,"played":[0.9026,0.0974],"evs":[0.0,-6.68945]},"J5o":{"weight":0.0,"played":[0.0286,0.9714],"evs":[0.0,11.33899]},"Q5o":{"weight":0.0254,"played":[0.9847,0.0153],"evs":[0.0,3.86777]},"K5o":{"weight":0.2175,"played":[0.1929,0.8071],"evs":[0.0,17.61472]},"A5o":{"weight":0.1335,"played":[0.9902,0.0098],"evs":[0.0,-7.37023]},"62s":{"weight":6.0E-4,"played":[0.5,0.5],"evs":[0.0,-13.37548]},"63s":{"weight":0.011,"played":[0.5,0.5],"evs":[0.0,9.21933]},"64s":{"weight":0.219,"played":[0.9607,0.0393],"evs":[0.0,-12.40594]},"65s":{"weight":0.1269,"played":[0.414,0.586],"evs":[0.0,11.85681]},"66":{"weight":0.2679,"played":[0.9231,0.0769],"evs":[0.0,25.73276]},"76o":{"weight":0.0039,"played":[0.2394,0.7606],"evs":[0.0,18.29394]},"86o":{"weight":0.0,"played":[0.3058,0.6942],"evs":[0.0,4.72963]},"96o":{"weight":0.0021,"played":[0.0625,0.9375],"evs":[0.0,10.57334]},"T6o":{"weight":0.0053,"played":[0.5333,0.4667],"evs":[0.0,5.07659]},"J6o":{"weight":0.0028,"played":[0.5302,0.4698],"evs":[0.0,13.99938]},"Q6o":{"weight":0.0164,"played":[0.8976,0.1024],"evs":[0.0,-4.55017]},"K6o":{"weight":0.2142,"played":[0.4028,0.5972],"evs":[0.0,12.83126]},"A6o":{"weight":0.3658,"played":[0.6575,0.3425],"evs":[0.0,8.5628]},"72s":{"weight":0.0073,"played":[0.9777,0.0223],"evs":[0.0,-13.36073]},"73s":{"weight":0.0013,"played":[0.8392,0.1608],"evs":[0.0,-13.36762]},"74s":{"weight":0.1104,"played":[0.9458,0.0542],"evs":[0.0,-13.37397]},"75s":{"weight":0.3215,"played":[0.9748,0.0252],"evs":[0.0,-12.77339]},"76s":{"weight":0.5965,"played":[0.5,0.5],"evs":[0.0,0.0]},"77":{"weight":0.8948,"played":[0.8588,0.1412],"evs":[0.0,-4.63125]},"87o":{"weight":0.1468,"played":[0.787,0.213],"evs":[0.0,-11.28248]},"97o":{"weight":3.0E-4,"played":[0.0713,0.9287],"evs":[0.0,-1.1518]},"T7o":{"weight":0.2771,"played":[0.0092,0.9908],"evs":[0.0,1.81027]},"J7o":{"weight":6.0E-4,"played":[0.0159,0.9841],"evs":[0.0,16.5575]},"Q7o":{"weight":0.0058,"played":[0.95,0.05],"evs":[0.0,-8.42762]},"K7o":{"weight":0.9008,"played":[0.4493,0.5507],"evs":[0.0,13.17721]},"A7o":{"weight":0.9971,"played":[0.2155,0.7845],"evs":[0.0,17.3578]},"82s":{"weight":0.0281,"played":[0.9058,0.0942],"evs":[0.0,-13.36747]},"83s":{"weight":0.001,"played":[0.421,0.579],"evs":[0.0,27.20644]},"84s":{"weight":0.5474,"played":[0.9402,0.0598],"evs":[0.0,-2.64261]},"85s":{"weight":0.0021,"played":[0.5,0.5],"evs":[0.0,51.2664]},"86s":{"weight":0.0799,"played":[0.5,0.5],"evs":[0.0,0.0]},"87s":{"weight":0.8751,"played":[0.7857,0.2143],"evs":[0.0,25.4957]},"88":{"weight":0.2375,"played":[0.5,0.5],"evs":[0.0,51.22918]},"98o":{"weight":0.4599,"played":[0.5523,0.4477],"evs":[0.0,-1.76158]},"T8o":{"weight":0.0536,"played":[0.9854,0.0146],"evs":[0.0,-6.06645]},"J8o":{"weight":0.1074,"played":[0.9867,0.0133],"evs":[0.0,-13.36599]},"Q8o":{"weight":0.7497,"played":[0.348,0.652],"evs":[0.0,1.55035]},"K8o":{"weight":0.9169,"played":[0.5671,0.4329],"evs":[0.0,-2.91423]},"A8o":{"weight":0.7496,"played":[0.3153,0.6847],"evs":[0.0,4.13582]},"92s":{"weight":0.0013,"played":[0.8197,0.1803],"evs":[0.0,27.961]},"93s":{"weight":0.0,"played":[0.8725,0.1275],"evs":[0.0,-13.36986]},"94s":{"weight":0.008,"played":[0.8568,0.1432],"evs":[0.0,-13.36904]},"95s":{"weight":0.005,"played":[0.5,0.5],"evs":[0.0,-13.37548]},"96s":{"weight":0.0104,"played":[0.5,0.5],"evs":[0.0,0.0]},"97s":{"weight":0.008,"played":[0.5,0.5],"evs":[0.0,51.25528]},"98s":{"weight":0.57,"played":[0.1318,0.8682],"evs":[0.0,51.2645]},"99":{"weight":0.5881,"played":[0.5,0.5],"evs":[0.0,0.0]},"T9o":{"weight":0.968,"played":[0.0377,0.9623],"evs":[0.0,11.70218]},"J9o":{"weight":0.3033,"played":[0.003,0.997],"evs":[0.0,14.58345]},"Q9o":{"weight":0.9427,"played":[0.1295,0.8705],"evs":[0.0,16.43252]},"K9o":{"weight":0.9141,"played":[0.4845,0.5155],"evs":[0.0,22.7308]},"A9o":{"weight":0.9788,"played":[0.4984,0.5016],"evs":[0.0,0.10671]},"T2s":{"weight":0.0024,"played":[0.5,0.5],"evs":[0.0,0.0]},"T3s":{"weight":0.0662,"played":[0.5041,0.4959],"evs":[0.0,9.22288]},"T4s":{"weight":0.0571,"played":[0.9414,0.0586],"evs":[0.0,-8.5507]},"T5s":{"weight":0.0442,"played":[0.9959,0.0041],"evs":[0.0,-13.36073]},"T6s":{"weight":0.2675,"played":[0.5,0.5],"evs":[0.0,51.2664]},"T7s":{"weight":0.0187,"played":[0.872,0.128],"evs":[0.0,-13.38086]},"T8s":{"weight":0.1778,"played":[0.7269,0.2731],"evs":[0.0,-7.57861]},"T9s":{"weight":0.9663,"played":[0.8572,0.1428],"evs":[0.0,-4.88402]},"TT":{"weight":0.5691,"played":[0.1632,0.8368],"evs":[0.0,-6.00102]},"JTo":{"weight":0.9763,"played":[0.444,0.556],"evs":[0.0,12.56926]},"QTo":{"weight":0.5929,"played":[0.0531,0.9469],"evs":[0.0,5.65195]},"KTo":{"weight":0.2348,"played":[0.8243,0.1757],"evs":[0.0,-3.19931]},"ATo":{"weight":0.0887,"played":[0.13,0.87],"evs":[0.0,26.56548]},"J2s":{"weight":0.1991,"played":[0.7842,0.2158],"evs":[0.0,23.37086]},"J3s":{"weight":0.0686,"played":[0.5,0.5],"evs":[0.0,-13.37548]},"J4s":{"weight":1.0E-4,"played":[0.5,0.5],"evs":[0.0,-1.18566]},"J5s":{"weight":0.3604,"played":[0.9111,0.0889],"evs":[0.0,-9.98678]},"J6s":{"weight":0.4583,"played":[0.5,0.5],"evs":[0.0,0.0]},"J7s":{"weight":0.0111,"played":[0.5,0.5],"evs":[0.0,0.0]},"J8s":{"weight":0.2415,"played":[0.5,0.5],"evs":[0.0,51.25528]},"J9s":{"weight":0.0872,"played":[0.9795,0.0205],"evs":[0.0,-5.4426]},"JTs":{"weight":0.368,"played":[0.5,0.5],"evs":[0.0,-1.18566]},"JJ":{"weight":0.2014,"played":[0.2362,0.7638],"evs":[0.0,9.60319]},"QJo":{"weight":0.2965,"played":[0.4599,0.5401],"evs":[0.0,22.57804]},"KJo":{"weight":0.2443,"played":[0.3038,0.6962],"evs":[0.0,17.7203]},"AJo":{"weight":0.5666,"played":[0.0057,0.9943],"evs":[0.0,15.51641]},"Q2s":{"weight":0.0294,"played":[0.5087,0.4913],"evs":[0.0,11.87668]},"Q3s":{"weight":0.0263,"played":[0.0496,0.9504],"evs":[0.0,51.26286]},"Q4s":{"weight":0.4251,"played":[0.242,0.758],"evs":[0.0,32.7791]},"Q5s":{"weight":0.525,"played":[0.5,0.5],"evs":[0.0,-13.36073]},"Q6s":{"weight":0.8054,"played":[0.923,0.077],"evs":[0.0,-6.85796]},"Q7s":{"weight":0.0074,"played":[0.5,0.5],"evs":[0.0,0.0]},"Q8s":{"weight":0.079,"played":[0.3781,0.6219],"evs":[0.0,21.15612]},"Q9s":{"weight":0.0734,"played":[0.5,0.5],"evs":[0.0,0.0]},"QTs":{"weight":0.145,"played":[0.9946,0.0054],"evs":[0.0,-13.3819]},"QJs":{"weight":0.7719,"played":[0.1093,0.8907],"evs":[0.0,51.2664]},"QQ":{"weight":0.5096,"played":[0.5,0.5],"evs":[0.0,-13.36073]},"KQo":{"weight":0.9847,"played":[0.0033,0.9967],"evs":[0.0,1.63688]},"AQo":{"weight":0.1051,"played":[0.7721,0.2279],"evs":[0.0,-7.82393]},"K2s":{"weight":0.0404,"played":[0.8753,0.1247],"evs":[0.0,-12.25123]},"K3s":{"weight":0.0665,"played":[0.5,0.5],"evs":[0.0,0.0]},"K4s":{"weight":0.0991,"played":[0.5,0.5],"evs":[0.0,0.0]},"K5s":{"weight":0.0299,"played":[0.9295,0.0705],"evs":[0.0,-10.72855]},"K6s":{"weight":0.4717,"played":[0.5,0.5],"evs":[0.0,51.25528]},"K7s":{"weight":0.4845,"played":[0.7819,0.2181],"evs":[0.0,-13.36905]},"K8s":{"weight":0.5579,"played":[0.8755,0.1245],"evs":[0.0,-4.22015]},"K9s":{"weight":0.0,"played":[0.4339,0.5661],"evs":[0.0,41.13467]},"KTs":{"weight":0.0865,"played":[0.8545,0.1455],"evs":[0.0,-1.18566]},"KJs":{"weight":0.0,"played":[0.5,0.5],"evs":[0.0,0.0]},"KQs":{"weight":0.0844,"played":[0.5,0.5],"evs":[0.0,9.21933]},"KK":{"weight":0.9584,"played":[0.6826,0.3174],"evs":[0.0,24.25659]},"AKo":{"weight":6.0E-4,"played":[0.0044,0.9956],"evs":[0.0,40.66788]},"A2s":{"weight":0.1866,"played":[0.5,0.5],"evs":[0.0,51.29026]},"A3s":{"weight":3.0E-4,"played":[0.1044,0.8956],"evs":[0.0,38.96544]},"A4s":{"weight":0.7122,"played":[0.4538,0.5462],"evs":[0.0,-2.31036]},"A5s":{"weight":0.0,"played":[0.5,0.5],"evs":[0.0,-13.36073]},"A6s":{"weight":0.5813,"played":[0.5,0.5],"evs":[0.0,-13.39651]},"A7s":{"weight":0.0329,"played":[0.9553,0.0447],"evs":[0.0,-12.284]},"A8s":{"weight":0.0072,"played":[0.4506,0.5494],"evs":[0.0,24.02177]},"A9s":{"weight":0.4715,"played":[0.9258,0.0742],"evs":[0.0,41.69918]},"ATs":{"weight":7.0E-4,"played":[0.1795,0.8205],"evs":[0.0,51.2817]},"AJs":{"weight":0.63,"played":[0.5,0.5],"evs":[0.0,-1.18566]},"AQs":{"weight":2.0E-4,"played":[0.8409,0.1591],"evs":[0.0,2.01697]},"AKs":{"weight":0.0203,"played":[0.8985,0.1015],"evs":[0.0,13.3511]},"AA":{"weight":0.0214,"played":[0.0634,0.9366],"evs":[0.0,51.27791]}}}