{"player":5,"street":0,"children":2,"sequence":[{"player":0,"type":"R","amount":200000,"street":0},{"player":1,"type":"F","amount":0,"street":0},{"player":2,"type":"R","amount":1315000,"street":0},{"player":3,"type":"F","amount":0,"street":0},{"player":4,"type":"C","amount":1265000,"street":0}],"actions":[{"type":"F","amount":0,"node":351},{"type":"C","amount":845000,"node":352}],"hands":{"22":{"weight":1.0,"played":[0.2357,0.7643],"evs":[0.0,-0.57759]},"32o":{"weight":1.0,"played":[0.9992,8.0E-4],"evs":[0.0,-2.70373]},"42o":{"weight":1.0,"played":[0.9984,0.0016],"evs":[0.0,-2.00831]},"52o":{"weight":1.0,"played":[0.9991,9.0E-4],"evs":[0.0,-3.38718]},"62o":{"weight":1.0,"played":[0.9933,0.0067],"evs":[0.0,-1.9021]},"72o":{"weight":1.0,"played":[0.9986,0.0014],"evs":[0.0,-3.08622]},"82o":{"weight":1.0,"played":[0.9978,0.0022],"evs":[0.0,-3.14253]},"92o":{"weight":1.0,"played":[0.9992,8.0E-4],"evs":[0.0,-2.80557]},"T2o":{"weight":1.0,"played":[0.9904,0.0096],"evs":[0.0,-3.48466]},"J2o":{"weight":1.0,"played":[0.9504,0.0496],"evs":[0.0,-2.98676]},"Q2o":{"weight":1.0,"played":[0.9938,0.0062],"evs":[0.0,-1.79515]},"K2o":{"weight":1.0,"played":[0.9836,0.0164],"evs":[0.0,-1.78222]},"A2o":{"weight":1.0,"played":[0.9555,0.0445],"evs":[0.0,-1.89005]},"32s":{"weight":1.0,"played":[0.7776,0.2224],"evs":[0.0,0.27802]},"33":{"weight":1.0,"played":[0.5501,0.4499],"evs":[0.0,-0.81853]},"43o":{"weight":1.0,"played":[1.0,0.0],"evs":[0.0,-2.5709]},"53o":{"weight":1.0,"played":[0.9006,0.0994],"evs":[0.0,-1.47459]},"63o":{"weight":1.0,"played":[0.9997,3.0E-4],"evs":[0.0,-1.3605]},"73o":{"weight":1.0,"played":[0.9993,7.0E-4],"evs":[0.0,-2.07288]},"83o":{"weight":1.0,"played":[0.9967,0.0033],"evs":[0.0,-2.29445]},"93o":{"weight":1.0,"played":[0.9948,0.0052],"evs":[0.0,-2.64589]},"T3o":{"weight":1.0,"played":[0.9765,0.0235],"evs":[0.0,-2.73611]},"J3o":{"weight":1.0,"played":[0.9684,0.0316],"evs":[0.0,-1.64321]},"Q3o":{"weight":1.0,"played":[1.0,0.0],"evs":[0.0,-2.13758]},"K3o":{"weight":1.0,"played":[0.9476,0.0524],"evs":[0.0,-1.66452]},"A3o":{"weight":1.0,"played":[0.7505,0.2495],"evs":[0.0,-0.39519]},"42s":{"weight":1.0,"played":[0.8502,0.1498],"evs":[0.0,-1.29935]},"43s":{"weight":1.0,"played":[0.5922,0.4078],"evs":[0.0,-1.46573]},"44":{"weight":1.0,"played":[9.0E-4,0.9991],"evs":[0.0,1.9264]},"54o":{"weight":1.0,"played":[0.9978,0.0022],"evs":[0.0,-2.05732]},"64o":{"weight":1.0,"played":[0.8735,0.1265],"evs":[0.0,-1.73433]},"74o":{"weight":1.0,"played":[0.9689,0.0311],"evs":[0.0,-4.28852]},"84o":{"weight":1.0,"played":[0.9986,0.0014],"evs":[0.0,-3.49373]},"94o":{"weight":1.0,"played":[0.9991,9.0E-4],"evs":[0.0,-2.35017]},"T4o":{"weight":1.0,"played":[0.9829,0.0171],"evs":[0.0,-3.38541]},"J4o":{"weight":1.0,"played":[0.8358,0.1642],"evs":[0.0,-2.83954]},"Q4o":{"weight":1.0,"played":[0.9898,0.0102],"evs":[0.0,-4.46691]},"K4o":{"weight":1.0,"played":[0.5302,0.4698],"evs":[0.0,-0.8064]},"A4o":{"weight":1.0,"played":[0.9347,0.0653],"evs":[0.0,-1.77599]},"52s":{"weight":1.0,"played":[0.6246,0.3754],"evs":[0.0,-0.60696]},"53s":{"weight":1.0,"played":[0.7168,0.2832],"evs":[0.0,-2.99199]},"54s":{"weight":1.0,"played":[0.6805,0.3195],"evs":[0.0,-0.85338]},"55":{"weight":1.0,"played":[0.0293,0.9707],"evs":[0.0,3.78099]},"65o":{"weight":1.0,"played":[0.197,0.803],"evs":[0.0,-0.27709]},"75o":{"weight":1.0,"played":[0.901,0.099],"evs":[0.0,-0.05336]},"85o":{"weight":1.0,"played":[0.9934,0.0066],"evs":[0.0,-4.16595]},"95o":{"weight":1.0,"played":[0.9091,0.0909],"evs":[0.0,-3.65006]},"T5o":{"weight":1.0,"played":[0.9968,0.0032],"evs":[0.0,-2.58783]},"J5o":{"weight":1.0,"played":[1.0,0.0],"evs":[0.0,-2.82528]},"Q5o":{"weight":1.0,"played":[0.9097,0.0903],"evs":[0.0,-2.21592]},"K5o":{"weight":1.0,"played":[0.9623,0.0377],"evs":[0.0,-1.61227]},"A5o":{"weight":1.0,"played":[0.7193,0.2807],"evs":[0.0,-2.5086]},"62s":{"weight":1.0,"played":[0.9423,0.0577],"evs":[0.0,-2.376]},"63s":{"weight":1.0,"played":[0.4051,0.5949],"evs":[0.0,0.04317]},"64s":{"weight":1.0,"played":[0.2982,0.7018],"evs":[0.0,-0.89678]},"65s":{"weight":1.0,"played":[0.9676,0.0324],"evs":[0.0,-4.03801]},"66":{"weight":1.0,"played":[0.0031,0.9969],"evs":[0.0,4.7525]},"76o":{"weight":1.0,"played":[0.8613,0.1387],"evs":[0.0,-1.45825]},"86o":{"weight":1.0,"played":[0.9539,0.0461],"evs":[0.0,-1.96196]},"96o":{"weight":1.0,"played":[0.7247,0.2753],"evs":[0.0,-2.39705]},"T6o":{"weight":1.0,"played":[0.8306,0.1694],"evs":[0.0,-0.80942]},"J6o":{"weight":1.0,"played":[0.8129,0.1871],"evs":[0.0,-2.42168]},"Q6o":{"weight":1.0,"played":[0.9953,0.0047],"evs":[0.0,-1.96196]},"K6o":{"weight":1.0,"played":[0.8585,0.1415],"evs":[0.0,-0.31398]},"A6o":{"weight":1.0,"played":[0.8735,0.1265],"evs":[0.0,-1.03556]},"72s":{"weight":1.0,"played":[0.7114,0.2886],"evs":[0.0,-3.25705]},"73s":{"weight":1.0,"played":[1.0,0.0],"evs":[0.0,0.20596]},"74s":{"weight":1.0,"played":[0.9934,0.0066],"evs":[0.0,-3.47853]},"75s":{"weight":1.0,"played":[0.1853,0.8147],"evs":[0.0,2.05826]},"76s":{"weight":1.0,"played":[0.1337,0.8663],"evs":[0.0,1.36494]},"77":{"weight":1.0,"played":[0.0641,0.9359],"evs":[0.0,2.31796]},"87o":{"weight":1.0,"played":[0.509,0.491],"evs":[0.0,-0.27205]},"97o":{"weight":1.0,"played":[0.9904,0.0096],"evs":[0.0,-2.14985]},"T7o":{"weight":1.0,"played":[0.7163,0.2837],"evs":[0.0,-0.82026]},"J7o":{"weight":1.0,"played":[0.9992,8.0E-4],"evs":[0.0,-1.62563]},"Q7o":{"weight":1.0,"played":[0.988,0.012],"evs":[0.0,-2.49492]},"K7o":{"weight":1.0,"played":[0.7275,0.2725],"evs":[0.0,-0.61591]},"A7o":{"weight":1.0,"played":[0.2519,0.7481],"evs":[0.0,-0.27088]},"82s":{"weight":1.0,"played":[0.8866,0.1134],"evs":[0.0,-0.48675]},"83s":{"weight":1.0,"played":[0.9647,0.0353],"evs":[0.0,-0.4289]},"84s":{"weight":1.0,"played":[0.5171,0.4829],"evs":[0.0,1.34515]},"85s":{"weight":1.0,"played":[0.8264,0.1736],"evs":[0.0,-0.7569]},"86s":{"weight":1.0,"played":[0.8469,0.1531],"evs":[0.0,-0.3504]},"87s":{"weight":1.0,"played":[0.1507,0.8493],"evs":[0.0,0.78445]},"88":{"weight":1.0,"played":[0.2137,0.7863],"evs":[0.0,2.15091]},"98o":{"weight":1.0,"played":[0.2266,0.7734],"evs":[0.0,0.03781]},"T8o":{"weight":1.0,"played":[0.7201,0.2799],"evs":[0.0,0.04645]},"J8o":{"weight":1.0,"played":[0.5093,0.4907],"evs":[0.0,-0.76935]},"Q8o":{"weight":1.0,"played":[0.5176,0.4824],"evs":[0.0,0.01729]},"K8o":{"weight":1.0,"played":[0.989,0.011],"evs":[0.0,-2.76557]},"A8o":{"weight":1.0,"played":[0.0336,0.9664],"evs":[0.0,0.64192]},"92s":{"weight":1.0,"played":[0.841,0.159],"evs":[0.0,-1.7689]},"93s":{"weight":1.0,"played":[0.8078,0.1922],"evs":[0.0,-1.68934]},"94s":{"weight":1.0,"played":[0.443,0.557],"evs":[0.0,-2.03869]},"95s":{"weight":1.0,"played":[0.1386,0.8614],"evs":[0.0,2.96585]},"96s":{"weight":1.0,"played":[0.7102,0.2898],"evs":[0.0,1.30844]},"97s":{"weight":1.0,"played":[0.4861,0.5139],"evs":[0.0,0.81379]},"98s":{"weight":1.0,"played":[0.3087,0.6913],"evs":[0.0,1.3512]},"99":{"weight":1.0,"played":[0.0,1.0],"evs":[0.0,5.49284]},"T9o":{"weight":1.0,"played":[0.3431,0.6569],"evs":[0.0,1.40489]},"J9o":{"weight":1.0,"played":[0.6467,0.3533],"evs":[0.0,0.18744]},"Q9o":{"weight":1.0,"played":[0.0456,0.9544],"evs":[0.0,2.31163]},"K9o":{"weight":1.0,"played":[0.9966,0.0034],"evs":[0.0,-1.26528]},"A9o":{"weight":1.0,"played":[0.6068,0.3932],"evs":[0.0,-0.09451]},"T2s":{"weight":1.0,"played":[0.8323,0.1677],"evs":[0.0,-0.42939]},"T3s":{"weight":1.0,"played":[0.9407,0.0593],"evs":[0.0,-2.91843]},"T4s":{"weight":1.0,"played":[0.571,0.429],"evs":[0.0,-0.96805]},"T5s":{"weight":1.0,"played":[0.77,0.23],"evs":[0.0,0.28691]},"T6s":{"weight":1.0,"played":[0.9856,0.0144],"evs":[0.0,-3.72758]},"T7s":{"weight":1.0,"played":[0.9944,0.0056],"evs":[0.0,-2.22709]},"T8s":{"weight":1.0,"played":[0.2852,0.7148],"evs":[0.0,1.23328]},"T9s":{"weight":1.0,"played":[0.1035,0.8965],"evs":[0.0,3.20169]},"TT":{"weight":1.0,"played":[0.0013,0.9987],"evs":[0.0,8.14711]},"JTo":{"weight":1.0,"played":[0.3083,0.6917],"evs":[0.0,2.38937]},"QTo":{"weight":1.0,"played":[0.0971,0.9029],"evs":[0.0,0.30161]},"KTo":{"weight":1.0,"played":[6.0E-4,0.9994],"evs":[0.0,1.0389]},"ATo":{"weight":1.0,"played":[8.0E-4,0.9992],"evs":[0.0,0.92628]},"J2s":{"weight":1.0,"played":[0.9182,0.0818],"evs":[0.0,-0.6437]},"J3s":{"weight":1.0,"played":[0.5409,0.4591],"evs":[0.0,-1.13371]},"J4s":{"weight":1.0,"played":[0.8359,0.1641],"evs":[0.0,-0.21249]},"J5s":{"weight":1.0,"played":[0.7432,0.2568],"evs":[0.0,-2.78496]},"J6s":{"weight":1.0,"played":[0.2376,0.7624],"evs":[0.0,1.14786]},"J7s":{"weight":1.0,"played":[0.0188,0.9812],"evs":[0.0,0.68435]},"J8s":{"weight":1.0,"played":[0.6453,0.3547],"evs":[0.0,0.23619]},"J9s":{"weight":1.0,"played":[0.0365,0.9635],"evs":[0.0,3.69616]},"JTs":{"weight":1.0,"played":[0.01,0.99],"evs":[0.0,4.20164]},"JJ":{"weight":1.0,"played":[0.0,1.0],"evs":[0.0,8.1458]},"QJo":{"weight":1.0,"played":[0.0476,0.9524],"evs":[0.0,2.64218]},"KJo":{"weight":1.0,"played":[0.2494,0.7506],"evs":[0.0,0.22731]},"AJo":{"weight":1.0,"played":[4.0E-4,0.9996],"evs":[0.0,3.34944]},"Q2s":{"weight":1.0,"played":[0.7757,0.2243],"evs":[0.0,-1.03694]},"Q3s":{"weight":1.0,"played":[0.6685,0.3315],"evs":[0.0,1.19404]},"Q4s":{"weight":1.0,"played":[0.5957,0.4043],"evs":[0.0,0.71112]},"Q5s":{"weight":1.0,"played":[0.2257,0.7743],"evs":[0.0,1.97732]},"Q6s":{"weight":1.0,"played":[0.1461,0.8539],"evs":[0.0,2.79374]},"Q7s":{"weight":1.0,"played":[0.7891,0.2109],"evs":[0.0,-1.26723]},"Q8s":{"weight":1.0,"played":[0.1279,0.8721],"evs":[0.0,3.9804]},"Q9s":{"weight":1.0,"played":[0.4728,0.5272],"evs":[0.0,0.31762]},"QTs":{"weight":1.0,"played":[0.0021,0.9979],"evs":[0.0,4.89711]},"QJs":{"weight":1.0,"played":[3.0E-4,0.9997],"evs":[0.0,2.04723]},"QQ":{"weight":1.0,"played":[3.0E-4,0.9997],"evs":[0.0,13.56182]},"KQo":{"weight":1.0,"played":[0.0649,0.9351],"evs":[0.0,2.8603]},"AQo":{"weight":1.0,"played":[9.0E-4,0.9991],"evs":[0.0,3.04941]},"K2s":{"weight":1.0,"played":[0.2303,0.7697],"evs":[0.0,0.02185]},"K3s":{"weight":1.0,"played":[0.733,0.267],"evs":[0.0,-2.49378]},"K4s":{"weight":1.0,"played":[0.5677,0.4323],"evs":[0.0,-0.24372]},"K5s":{"weight":1.0,"played":[0.6874,0.3126],"evs":[0.0,-0.13104]},"K6s":{"weight":1.0,"played":[0.2735,0.7265],"evs":[0.0,-1.15635]},"K7s":{"weight":1.0,"played":[0.5386,0.4614],"evs":[0.0,1.44924]},"K8s":{"weight":1.0,"played":[0.1757,0.8243],"evs":[0.0,2.75557]},"K9s":{"weight":1.0,"played":[0.0104,0.9896],"evs":[0.0,4.84152]},"KTs":{"weight":1.0,"played":[0.0641,0.9359],"evs":[0.0,1.67115]},"KJs":{"weight":1.0,"played":[0.0328,0.9672],"evs":[0.0,3.66031]},"KQs":{"weight":1.0,"played":[0.4424,0.5576],"evs":[0.0,0.80663]},"KK":{"weight":1.0,"played":[0.0,1.0],"evs":[0.0,14.9924]},"AKo":{"weight":1.0,"played":[7.0E-4,0.9993],"evs":[0.0,6.81846]},"A2s":{"weight":1.0,"played":[0.1763,0.8237],"evs":[0.0,3.17211]},"A3s":{"weight":1.0,"played":[0.1156,0.8844],"evs":[0.0,2.11153]},"A4s":{"weight":1.0,"played":[0.0698,0.9302],"evs":[0.0,2.05845]},"A5s":{"weight":1.0,"played":[0.6929,0.3071],"evs":[0.0,0.43817]},"A6s":{"weight":1.0,"played":[0.0561,0.9439],"evs":[0.0,2.55584]},"A7s":{"weight":1.0,"played":[0.1832,0.8168],"evs":[0.0,1.50047]},"A8s":{"weight":1.0,"played":[0.2413,0.7587],"evs":[0.0,-0.78984]},"A9s":{"weight":1.0,"played":[0.4167,0.5833],"evs":[0.0,-0.93386]},"ATs":{"weight":1.0,"played":[0.1736,0.8264],"evs":[0.0,3.70344]},"AJs":{"weight":1.0,"played":[0.0016,0.9984],"evs":[0.0,6.06714]},"AQs":{"weight":1.0,"played":[0.0996,0.9004],"evs":[0.0,7.21173]},"AKs":{"weight":1.0,"played":[0.0037,0.9963],"evs":[0.0,7.02133]},"AA":{"weight":1.0,"played":[3.0E-4,0.9997],"evs":[0.0,17.32956]}}}