{"player":0,"street":0,"children":2,"sequence":[{"player":0,"type":"R","amount":200000,"street":0},{"player":1,"type":"F","amount":0,"street":0},{"player":2,"type":"R","amount":1315000,"street":0},{"player":3,"type":"C","amount":745000,"street":0},{"player":4,"type":"F","amount":0,"street":0},{"player":5,"type":"F","amount":0,"street":0}],"actions":[{"type":"F","amount":0},{"type":"C","amount":435000}],"hands":{"22":{"weight":0.0,"played":[8.0E-4,0.9992],"evs":[0.0,2.00917]},"32o":{"weight":0.0,"played":[0.9872,0.0128],"evs":[0.0,-1.3177]},"42o":{"weight":0.0,"played":[0.689,0.311],"evs":[0.0,-0.24471]},"52o":{"weight":0.0,"played":[0.2815,0.7185],"evs":[0.0,-0.20022]},"62o":{"weight":0.0,"played":[0.3342,0.6658],"evs":[0.0,0.22639]},"72o":{"weight":0.0,"played":[0.9989,0.0011],"evs":[0.0,-0.65624]},"82o":{"weight":0.0,"played":[0.9432,0.0568],"evs":[0.0,-0.88376]},"92o":{"weight":0.0,"played":[0.9119,0.0881],"evs":[0.0,-1.29282]},"T2o":{"weight":0.0,"played":[0.9371,0.0629],"evs":[0.0,-1.10655]},"J2o":{"weight":0.0,"played":[0.8604,0.1396],"evs":[0.0,-0.82428]},"Q2o":{"weight":0.0,"played":[0.7126,0.2874],"evs":[0.0,0.10763]},"K2o":{"weight":0.0,"played":[0.0227,0.9773],"evs":[0.0,0.21039]},"A2o":{"weight":5.0E-4,"played":[0.0136,0.9864],"evs":[0.0,0.72024]},"32s":{"weight":0.0,"played":[0.1926,0.8074],"evs":[0.0,1.02112]},"33":{"weight":0.005,"played":[0.0088,0.9912],"evs":[0.0,1.83011]},"43o":{"weight":0.0,"played":[0.0097,0.9903],"evs":[0.0,0.50619]},"53o":{"weight":0.0,"played":[0.3292,0.6708],"evs":[0.0,0.68002]},"63o":{"weight":0.0,"played":[0.727,0.273],"evs":[0.0,-0.77998]},"73o":{"weight":0.0,"played":[0.3773,0.6227],"evs":[0.0,0.35799]},"83o":{"weight":0.0,"played":[0.9179,0.0821],"evs":[0.0,-0.5937]},"93o":{"weight":0.0,"played":[0.872,0.128],"evs":[0.0,-0.35681]},"T3o":{"weight":0.0,"played":[0.9099,0.0901],"evs":[0.0,-0.60316]},"J3o":{"weight":0.0,"played":[0.3844,0.6156],"evs":[0.0,0.47935]},"Q3o":{"weight":0.0,"played":[0.1118,0.8882],"evs":[0.0,0.20136]},"K3o":{"weight":0.0,"played":[0.7524,0.2476],"evs":[0.0,-0.08987]},"A3o":{"weight":2.0E-4,"played":[0.007,0.993],"evs":[0.0,0.74818]},"42s":{"weight":0.0,"played":[0.0768,0.9232],"evs":[0.0,0.31067]},"43s":{"weight":0.0,"played":[0.8298,0.1702],"evs":[0.0,0.34027]},"44":{"weight":0.1633,"played":[3.0E-4,0.9997],"evs":[0.0,2.45781]},"54o":{"weight":0.0,"played":[0.0458,0.9542],"evs":[0.0,0.94159]},"64o":{"weight":0.0,"played":[0.2225,0.7775],"evs":[0.0,0.59002]},"74o":{"weight":0.0,"played":[0.1832,0.8168],"evs":[0.0,1.2745]},"84o":{"weight":0.0,"played":[0.548,0.452],"evs":[0.0,-0.24448]},"94o":{"weight":0.0,"played":[0.9522,0.0478],"evs":[0.0,-0.10441]},"T4o":{"weight":0.0,"played":[0.9398,0.0602],"evs":[0.0,-0.42377]},"J4o":{"weight":0.0,"played":[0.1372,0.8628],"evs":[0.0,0.63373]},"Q4o":{"weight":0.0,"played":[0.4829,0.5171],"evs":[0.0,-0.03241]},"K4o":{"weight":0.0,"played":[0.0164,0.9836],"evs":[0.0,0.26961]},"A4o":{"weight":0.4021,"played":[1.0E-4,0.9999],"evs":[0.0,2.11481]},"52s":{"weight":0.0,"played":[0.0022,0.9978],"evs":[0.0,1.7783]},"53s":{"weight":0.0,"played":[0.6042,0.3958],"evs":[0.0,-0.0223]},"54s":{"weight":0.0,"played":[0.0107,0.9893],"evs":[0.0,2.13704]},"55":{"weight":0.4584,"played":[0.0044,0.9956],"evs":[0.0,4.78965]},"65o":{"weight":0.0,"played":[0.0479,0.9521],"evs":[0.0,0.49268]},"75o":{"weight":0.0,"played":[0.0105,0.9895],"evs":[0.0,1.10187]},"85o":{"weight":0.0,"played":[0.0,1.0],"evs":[0.0,0.42042]},"95o":{"weight":0.0,"played":[0.3908,0.6092],"evs":[0.0,-0.17752]},"T5o":{"weight":0.0,"played":[0.6559,0.3441],"evs":[0.0,-0.06661]},"J5o":{"weight":0.0,"played":[0.9731,0.0269],"evs":[0.0,-0.74496]},"Q5o":{"weight":0.0,"played":[0.0212,0.9788],"evs":[0.0,0.2968]},"K5o":{"weight":0.0,"played":[0.0174,0.9826],"evs":[0.0,0.30424]},"A5o":{"weight":0.5172,"played":[6.0E-4,0.9994],"evs":[0.0,2.20789]},"62s":{"weight":0.0,"played":[0.0822,0.9178],"evs":[0.0,0.17996]},"63s":{"weight":0.0,"played":[0.5758,0.4242],"evs":[0.0,0.2177]},"64s":{"weight":0.0,"played":[0.228,0.772],"evs":[0.0,1.15441]},"65s":{"weight":0.0,"played":[0.3768,0.6232],"evs":[0.0,0.43668]},"66":{"weight":8.0E-4,"played":[0.0016,0.9984],"evs":[0.0,3.94794]},"76o":{"weight":0.0,"played":[5.0E-4,0.9995],"evs":[0.0,0.60999]},"86o":{"weight":0.0,"played":[0.1176,0.8824],"evs":[0.0,0.59213]},"96o":{"weight":0.0,"played":[0.0599,0.9401],"evs":[0.0,0.60608]},"T6o":{"weight":0.0,"played":[0.5293,0.4707],"evs":[0.0,0.55955]},"J6o":{"weight":0.0,"played":[0.3596,0.6404],"evs":[0.0,0.23489]},"Q6o":{"weight":0.0,"played":[0.0021,0.9979],"evs":[0.0,0.99857]},"K6o":{"weight":0.0,"played":[4.0E-4,0.9996],"evs":[0.0,1.00701]},"A6o":{"weight":0.9936,"played":[1.0E-4,0.9999],"evs":[0.0,1.49349]},"72s":{"weight":0.0,"played":[0.0221,0.9779],"evs":[0.0,0.11634]},"73s":{"weight":0.0,"played":[0.5108,0.4892],"evs":[0.0,-0.48043]},"74s":{"weight":0.0,"played":[0.0392,0.9608],"evs":[0.0,1.74362]},"75s":{"weight":0.0,"played":[0.0014,0.9986],"evs":[0.0,0.48542]},"76s":{"weight":0.0,"played":[0.753,0.247],"evs":[0.0,-0.75751]},"77":{"weight":0.9426,"played":[0.0016,0.9984],"evs":[0.0,4.03249]},"87o":{"weight":0.0,"played":[0.0163,0.9837],"evs":[0.0,1.10434]},"97o":{"weight":0.0,"played":[0.0173,0.9827],"evs":[0.0,1.32371]},"T7o":{"weight":0.0,"played":[0.0029,0.9971],"evs":[0.0,1.21709]},"J7o":{"weight":0.0,"played":[0.1953,0.8047],"evs":[0.0,0.12243]},"Q7o":{"weight":0.0,"played":[0.0363,0.9637],"evs":[0.0,0.36912]},"K7o":{"weight":5.0E-4,"played":[0.0,1.0],"evs":[0.0,0.62025]},"A7o":{"weight":0.2035,"played":[0.0,1.0],"evs":[0.0,1.43592]},"82s":{"weight":0.0,"played":[0.913,0.087],"evs":[0.0,-0.42543]},"83s":{"weight":0.0,"played":[0.2455,0.7545],"evs":[0.0,1.15367]},"84s":{"weight":0.0,"played":[0.4407,0.5593],"evs":[0.0,0.37612]},"85s":{"weight":0.0,"played":[0.0397,0.9603],"evs":[0.0,1.573]},"86s":{"weight":0.0,"played":[0.0178,0.9822],"evs":[0.0,1.39536]},"87s":{"weight":0.0,"played":[0.0358,0.9642],"evs":[0.0,2.52971]},"88":{"weight":0.9365,"played":[0.0,1.0],"evs":[0.0,4.61068]},"98o":{"weight":0.0,"played":[3.0E-4,0.9997],"evs":[0.0,1.5362]},"T8o":{"weight":0.0,"played":[0.0018,0.9982],"evs":[0.0,0.67142]},"J8o":{"weight":0.0,"played":[0.0019,0.9981],"evs":[0.0,2.01159]},"Q8o":{"weight":0.0,"played":[0.0019,0.9981],"evs":[0.0,0.99497]},"K8o":{"weight":0.0,"played":[0.0187,0.9813],"evs":[0.0,0.80341]},"A8o":{"weight":0.0929,"played":[0.0,1.0],"evs":[0.0,2.03271]},"92s":{"weight":0.0,"played":[0.5188,0.4812],"evs":[0.0,-0.14782]},"93s":{"weight":0.0,"played":[0.5256,0.4744],"evs":[0.0,-0.25012]},"94s":{"weight":0.0,"played":[0.0949,0.9051],"evs":[0.0,1.74641]},"95s":{"weight":0.0,"played":[0.5069,0.4931],"evs":[0.0,0.45225]},"96s":{"weight":0.0,"played":[0.0121,0.9879],"evs":[0.0,1.19402]},"97s":{"weight":1.0E-4,"played":[0.0259,0.9741],"evs":[0.0,2.43495]},"98s":{"weight":0.0,"played":[5.0E-4,0.9995],"evs":[0.0,3.33751]},"99":{"weight":0.1885,"played":[0.0023,0.9977],"evs":[0.0,5.03369]},"T9o":{"weight":0.0049,"played":[0.0035,0.9965],"evs":[0.0,1.71907]},"J9o":{"weight":0.001,"played":[0.0,1.0],"evs":[0.0,2.0366]},"Q9o":{"weight":0.0053,"played":[0.0,1.0],"evs":[0.0,1.30605]},"K9o":{"weight":0.1896,"played":[0.0,1.0],"evs":[0.0,1.27051]},"A9o":{"weight":0.0872,"played":[5.0E-4,0.9995],"evs":[0.0,2.96563]},"T2s":{"weight":0.0,"played":[0.1265,0.8735],"evs":[0.0,1.45286]},"T3s":{"weight":0.0,"played":[0.3662,0.6338],"evs":[0.0,-0.53269]},"T4s":{"weight":0.0,"played":[0.7618,0.2382],"evs":[0.0,0.2446]},"T5s":{"weight":0.0,"played":[0.4054,0.5946],"evs":[0.0,0.94741]},"T6s":{"weight":0.0,"played":[0.1739,0.8261],"evs":[0.0,2.01684]},"T7s":{"weight":0.0,"played":[0.0038,0.9962],"evs":[0.0,2.89994]},"T8s":{"weight":0.03,"played":[3.0E-4,0.9997],"evs":[0.0,2.87231]},"T9s":{"weight":0.9773,"played":[4.0E-4,0.9996],"evs":[0.0,2.49671]},"TT":{"weight":0.7621,"played":[0.0,1.0],"evs":[0.0,6.00837]},"JTo":{"weight":0.4922,"played":[4.0E-4,0.9996],"evs":[0.0,2.27713]},"QTo":{"weight":0.3556,"played":[0.0,1.0],"evs":[0.0,1.83849]},"KTo":{"weight":0.1553,"played":[2.0E-4,0.9998],"evs":[0.0,2.62578]},"ATo":{"weight":0.0,"played":[0.0,1.0],"evs":[0.0,4.32957]},"J2s":{"weight":0.0,"played":[6.0E-4,0.9994],"evs":[0.0,1.38267]},"J3s":{"weight":0.0,"played":[0.5198,0.4802],"evs":[0.0,-0.10681]},"J4s":{"weight":0.0,"played":[0.0455,0.9545],"evs":[0.0,0.40746]},"J5s":{"weight":0.0,"played":[0.0415,0.9585],"evs":[0.0,0.20668]},"J6s":{"weight":0.0,"played":[0.2145,0.7855],"evs":[0.0,1.15604]},"J7s":{"weight":2.0E-4,"played":[0.1957,0.8043],"evs":[0.0,1.62515]},"J8s":{"weight":3.0E-4,"played":[0.0102,0.9898],"evs":[0.0,1.74862]},"J9s":{"weight":0.8283,"played":[3.0E-4,0.9997],"evs":[0.0,2.54468]},"JTs":{"weight":0.5948,"played":[2.0E-4,0.9998],"evs":[0.0,2.63412]},"JJ":{"weight":0.2718,"played":[0.0,1.0],"evs":[0.0,7.40893]},"QJo":{"weight":0.2577,"played":[0.0,1.0],"evs":[0.0,2.27313]},"KJo":{"weight":0.11,"played":[0.0,1.0],"evs":[0.0,3.13047]},"AJo":{"weight":0.212,"played":[0.0,1.0],"evs":[0.0,4.26047]},"Q2s":{"weight":0.0,"played":[0.0161,0.9839],"evs":[0.0,0.97958]},"Q3s":{"weight":0.0,"played":[4.0E-4,0.9996],"evs":[0.0,1.29066]},"Q4s":{"weight":0.0,"played":[0.0019,0.9981],"evs":[0.0,3.3149]},"Q5s":{"weight":0.0,"played":[0.0,1.0],"evs":[0.0,0.6976]},"Q6s":{"weight":3.0E-4,"played":[0.0581,0.9419],"evs":[0.0,2.46571]},"Q7s":{"weight":0.0,"played":[0.0095,0.9905],"evs":[0.0,2.70328]},"Q8s":{"weight":0.0051,"played":[0.0729,0.9271],"evs":[0.0,2.12862]},"Q9s":{"weight":0.4682,"played":[0.041,0.959],"evs":[0.0,2.15259]},"QTs":{"weight":0.0,"played":[0.0024,0.9976],"evs":[0.0,1.33328]},"QJs":{"weight":0.1563,"played":[1.0E-4,0.9999],"evs":[0.0,3.73978]},"QQ":{"weight":0.0319,"played":[2.0E-4,0.9998],"evs":[0.0,8.20933]},"KQo":{"weight":0.073,"played":[0.0,1.0],"evs":[0.0,3.56967]},"AQo":{"weight":0.5031,"played":[2.0E-4,0.9998],"evs":[0.0,4.78282]},"K2s":{"weight":0.0,"played":[0.0031,0.9969],"evs":[0.0,1.92676]},"K3s":{"weight":0.0,"played":[0.4848,0.5152],"evs":[0.0,0.95823]},"K4s":{"weight":0.0,"played":[0.0588,0.9412],"evs":[0.0,1.58363]},"K5s":{"weight":0.0,"played":[0.191,0.809],"evs":[0.0,1.71363]},"K6s":{"weight":0.0,"played":[0.0041,0.9959],"evs":[0.0,1.52392]},"K7s":{"weight":5.0E-4,"played":[0.0029,0.9971],"evs":[0.0,3.21803]},"K8s":{"weight":0.0,"played":[0.0177,0.9823],"evs":[0.0,3.22559]},"K9s":{"weight":0.0992,"played":[0.0051,0.9949],"evs":[0.0,3.02928]},"KTs":{"weight":0.0,"played":[0.0124,0.9876],"evs":[0.0,1.60676]},"KJs":{"weight":0.8516,"played":[5.0E-4,0.9995],"evs":[0.0,3.70498]},"KQs":{"weight":0.5918,"played":[0.0,1.0],"evs":[0.0,4.18434]},"KK":{"weight":0.0071,"played":[0.0,1.0],"evs":[0.0,10.17137]},"AKo":{"weight":0.0932,"played":[0.0,1.0],"evs":[0.0,6.50811]},"A2s":{"weight":0.0,"played":[0.0023,0.9977],"evs":[0.0,1.98447]},"A3s":{"weight":0.0,"played":[0.0256,0.9744],"evs":[0.0,1.52873]},"A4s":{"weight":0.098,"played":[0.0038,0.9962],"evs":[0.0,2.42328]},"A5s":{"weight":0.0,"played":[0.011,0.989],"evs":[0.0,2.17389]},"A6s":{"weight":0.0,"played":[0.0031,0.9969],"evs":[0.0,4.77462]},"A7s":{"weight":0.3923,"played":[0.0,1.0],"evs":[0.0,4.26693]},"A8s":{"weight":7.0E-4,"played":[2.0E-4,0.9998],"evs":[0.0,4.43385]},"A9s":{"weight":0.0,"played":[0.0,1.0],"evs":[0.0,3.00447]},"ATs":{"weight":0.0,"played":[0.0115,0.9885],"evs":[0.0,3.71732]},"AJs":{"weight":0.0,"played":[1.0E-4,0.9999],"evs":[0.0,3.99202]},"AQs":{"weight":0.0,"played":[0.0036,0.9964],"evs":[0.0,4.85491]},"AKs":{"weight":0.7375,"played":[0.0,1.0],"evs":[0.0,7.64101]},"AA":{"weight":0.9702,"played":[0.0,1.0],"evs":[0.0,13.76957]}}}