{"player":0,"street":0,"children":2,"sequence":[{"player":0,"type":"R","amount":200000,"street":0},{"player":1,"type":"C","amount":200000,"street":0},{"player":2,"type":"F","amount":0,"street":0},{"player":3,"type":"F","amount":0,"street":0},{"player":4,"type":"F","amount":0,"street":0},{"player":5,"type":"R","amount":945000,"street":0}],"actions":[{"type":"F","amount":0,"node":365},{"type":"C","amount":435000,"node":366}],"hands":{"22":{"weight":0.0,"played":[0.0037,0.9963],"evs":[0.0,0.85443]},"32o":{"weight":0.0,"played":[0.9769,0.0231],"evs":[0.0,-1.63154]},"42o":{"weight":0.0,"played":[0.7904,0.2096],"evs":[0.0,-0.474]},"52o":{"weight":0.0,"played":[0.9623,0.0377],"evs":[0.0,-0.5485]},"62o":{"weight":0.0,"played":[0.8022,0.1978],"evs":[0.0,-0.72886]},"72o":{"weight":0.0,"played":[0.9943,0.0057],"evs":[0.0,-0.78044]},"82o":{"weight":0.0,"played":[0.8157,0.1843],"evs":[0.0,-0.05008]},"92o":{"weight":0.0,"played":[0.9998,2.0E-4],"evs":[0.0,-1.16018]},"T2o":{"weight":0.0,"played":[0.9972,0.0028],"evs":[0.0,-1.74141]},"J2o":{"weight":0.0,"played":[0.8273,0.1727],"evs":[0.0,-0.66173]},"Q2o":{"weight":0.0,"played":[0.7893,0.2107],"evs":[0.0,-0.47268]},"K2o":{"weight":0.0,"played":[0.7964,0.2036],"evs":[0.0,0.0031]},"A2o":{"weight":5.0E-4,"played":[0.0127,0.9873],"evs":[0.0,0.39152]},"32s":{"weight":0.0,"played":[0.3115,0.6885],"evs":[0.0,0.43945]},"33":{"weight":0.005,"played":[0.0198,0.9802],"evs":[0.0,2.51186]},"43o":{"weight":0.0,"played":[0.9464,0.0536],"evs":[0.0,-0.46915]},"53o":{"weight":0.0,"played":[0.6735,0.3265],"evs":[0.0,-0.08548]},"63o":{"weight":0.0,"played":[0.6361,0.3639],"evs":[0.0,-0.47971]},"73o":{"weight":0.0,"played":[0.9191,0.0809],"evs":[0.0,-0.54344]},"83o":{"weight":0.0,"played":[0.9594,0.0406],"evs":[0.0,-0.98733]},"93o":{"weight":0.0,"played":[0.9961,0.0039],"evs":[0.0,-1.26643]},"T3o":{"weight":0.0,"played":[0.9478,0.0522],"evs":[0.0,-0.01501]},"J3o":{"weight":0.0,"played":[1.0,0.0],"evs":[0.0,-0.96078]},"Q3o":{"weight":0.0,"played":[0.4841,0.5159],"evs":[0.0,-0.06553]},"K3o":{"weight":0.0,"played":[0.0731,0.9269],"evs":[0.0,0.39138]},"A3o":{"weight":2.0E-4,"played":[1.0E-4,0.9999],"evs":[0.0,1.56661]},"42s":{"weight":0.0,"played":[0.0582,0.9418],"evs":[0.0,1.24451]},"43s":{"weight":0.0,"played":[0.0402,0.9598],"evs":[0.0,0.92027]},"44":{"weight":0.1633,"played":[0.0651,0.9349],"evs":[0.0,0.53118]},"54o":{"weight":0.0,"played":[0.1864,0.8136],"evs":[0.0,0.0565]},"64o":{"weight":0.0,"played":[0.6452,0.3548],"evs":[0.0,0.00678]},"74o":{"weight":0.0,"played":[0.3734,0.6266],"evs":[0.0,-0.33042]},"84o":{"weight":0.0,"played":[0.5734,0.4266],"evs":[0.0,-0.76758]},"94o":{"weight":0.0,"played":[0.9793,0.0207],"evs":[0.0,-0.71751]},"T4o":{"weight":0.0,"played":[0.7518,0.2482],"evs":[0.0,-0.87928]},"J4o":{"weight":0.0,"played":[0.0402,0.9598],"evs":[0.0,0.53643]},"Q4o":{"weight":0.0,"played":[0.9999,1.0E-4],"evs":[0.0,-1.01467]},"K4o":{"weight":0.0,"played":[0.2579,0.7421],"evs":[0.0,-0.27837]},"A4o":{"weight":0.4021,"played":[0.0011,0.9989],"evs":[0.0,2.17095]},"52s":{"weight":0.0,"played":[0.1401,0.8599],"evs":[0.0,1.25862]},"53s":{"weight":0.0,"played":[9.0E-4,0.9991],"evs":[0.0,1.58376]},"54s":{"weight":0.0,"played":[0.1694,0.8306],"evs":[0.0,0.8888]},"55":{"weight":0.4584,"played":[0.0476,0.9524],"evs":[0.0,3.61333]},"65o":{"weight":0.0,"played":[0.2636,0.7364],"evs":[0.0,0.24003]},"75o":{"weight":0.0,"played":[0.0551,0.9449],"evs":[0.0,0.41184]},"85o":{"weight":0.0,"played":[0.839,0.161],"evs":[0.0,-0.77797]},"95o":{"weight":0.0,"played":[0.9584,0.0416],"evs":[0.0,-0.02147]},"T5o":{"weight":0.0,"played":[0.9042,0.0958],"evs":[0.0,-0.79697]},"J5o":{"weight":0.0,"played":[0.5002,0.4998],"evs":[0.0,-0.35897]},"Q5o":{"weight":0.0,"played":[0.795,0.205],"evs":[0.0,-0.28046]},"K5o":{"weight":0.0,"played":[0.0222,0.9778],"evs":[0.0,0.30146]},"A5o":{"weight":0.5172,"played":[0.0,1.0],"evs":[0.0,1.33143]},"62s":{"weight":0.0,"played":[0.4245,0.5755],"evs":[0.0,-0.14657]},"63s":{"weight":0.0,"played":[0.7121,0.2879],"evs":[0.0,-0.21449]},"64s":{"weight":0.0,"played":[0.0881,0.9119],"evs":[0.0,0.37252]},"65s":{"weight":0.0,"played":[0.0107,0.9893],"evs":[0.0,3.21397]},"66":{"weight":8.0E-4,"played":[0.0,1.0],"evs":[0.0,1.96047]},"76o":{"weight":0.0,"played":[0.0041,0.9959],"evs":[0.0,0.30496]},"86o":{"weight":0.0,"played":[0.1151,0.8849],"evs":[0.0,0.79914]},"96o":{"weight":0.0,"played":[0.5532,0.4468],"evs":[0.0,0.23285]},"T6o":{"weight":0.0,"played":[0.0356,0.9644],"evs":[0.0,0.55093]},"J6o":{"weight":0.0,"played":[0.9099,0.0901],"evs":[0.0,-0.81257]},"Q6o":{"weight":0.0,"played":[0.6991,0.3009],"evs":[0.0,-0.37923]},"K6o":{"weight":0.0,"played":[0.0153,0.9847],"evs":[0.0,0.20031]},"A6o":{"weight":0.9936,"played":[0.0,1.0],"evs":[0.0,1.17754]},"72s":{"weight":0.0,"played":[0.5667,0.4333],"evs":[0.0,-0.01983]},"73s":{"weight":0.0,"played":[0.2317,0.7683],"evs":[0.0,1.3922]},"74s":{"weight":0.0,"played":[0.0314,0.9686],"evs":[0.0,2.99075]},"75s":{"weight":0.0,"played":[0.467,0.533],"evs":[0.0,0.80295]},"76s":{"weight":0.0,"played":[0.0337,0.9663],"evs":[0.0,2.17043]},"77":{"weight":0.9426,"played":[1.0E-4,0.9999],"evs":[0.0,3.83355]},"87o":{"weight":0.0,"played":[0.2869,0.7131],"evs":[0.0,0.56186]},"97o":{"weight":0.0,"played":[0.6835,0.3165],"evs":[0.0,-0.67917]},"T7o":{"weight":0.0,"played":[0.1351,0.8649],"evs":[0.0,0.66103]},"J7o":{"weight":0.0,"played":[0.7005,0.2995],"evs":[0.0,-0.25675]},"Q7o":{"weight":0.0,"played":[0.1739,0.8261],"evs":[0.0,0.06657]},"K7o":{"weight":5.0E-4,"played":[0.0046,0.9954],"evs":[0.0,2.31387]},"A7o":{"weight":0.2035,"played":[1.0E-4,0.9999],"evs":[0.0,2.14388]},"82s":{"weight":0.0,"played":[0.7917,0.2083],"evs":[0.0,-0.02463]},"83s":{"weight":0.0,"played":[0.1271,0.8729],"evs":[0.0,1.55916]},"84s":{"weight":0.0,"played":[0.491,0.509],"evs":[0.0,-0.51755]},"85s":{"weight":0.0,"played":[0.5023,0.4977],"evs":[0.0,0.26539]},"86s":{"weight":0.0,"played":[0.0728,0.9272],"evs":[0.0,1.56634]},"87s":{"weight":0.0,"played":[0.0024,0.9976],"evs":[0.0,2.53981]},"88":{"weight":0.9365,"played":[0.0024,0.9976],"evs":[0.0,4.19086]},"98o":{"weight":0.0,"played":[0.0177,0.9823],"evs":[0.0,1.1153]},"T8o":{"weight":0.0,"played":[5.0E-4,0.9995],"evs":[0.0,0.80688]},"J8o":{"weight":0.0,"played":[0.7669,0.2331],"evs":[0.0,-0.09029]},"Q8o":{"weight":0.0,"played":[0.5235,0.4765],"evs":[0.0,-0.15924]},"K8o":{"weight":0.0,"played":[0.0096,0.9904],"evs":[0.0,0.9873]},"A8o":{"weight":0.0929,"played":[0.0,1.0],"evs":[0.0,2.64749]},"92s":{"weight":0.0,"played":[0.4163,0.5837],"evs":[0.0,1.38678]},"93s":{"weight":0.0,"played":[0.8168,0.1832],"evs":[0.0,0.14432]},"94s":{"weight":0.0,"played":[0.0639,0.9361],"evs":[0.0,0.33007]},"95s":{"weight":0.0,"played":[0.7857,0.2143],"evs":[0.0,-0.19986]},"96s":{"weight":0.0,"played":[0.3635,0.6365],"evs":[0.0,2.0505]},"97s":{"weight":1.0E-4,"played":[0.008,0.992],"evs":[0.0,2.11348]},"98s":{"weight":0.0,"played":[0.0014,0.9986],"evs":[0.0,2.42126]},"99":{"weight":0.1885,"played":[0.0034,0.9966],"evs":[0.0,4.44596]},"T9o":{"weight":0.0049,"played":[0.09,0.91],"evs":[0.0,1.53186]},"J9o":{"weight":0.001,"played":[0.0232,0.9768],"evs":[0.0,0.5719]},"Q9o":{"weight":0.0053,"played":[0.07,0.93],"evs":[0.0,0.86518]},"K9o":{"weight":0.1896,"played":[0.0048,0.9952],"evs":[0.0,1.06985]},"A9o":{"weight":0.0872,"played":[1.0E-4,0.9999],"evs":[0.0,3.37903]},"T2s":{"weight":0.0,"played":[0.3349,0.6651],"evs":[0.0,0.0785]},"T3s":{"weight":0.0,"played":[0.6497,0.3503],"evs":[0.0,0.86766]},"T4s":{"weight":0.0,"played":[0.5981,0.4019],"evs":[0.0,0.11272]},"T5s":{"weight":0.0,"played":[0.991,0.009],"evs":[0.0,-1.25582]},"T6s":{"weight":0.0,"played":[0.0583,0.9417],"evs":[0.0,0.50999]},"T7s":{"weight":0.0,"played":[0.0914,0.9086],"evs":[0.0,1.86931]},"T8s":{"weight":0.03,"played":[3.0E-4,0.9997],"evs":[0.0,2.42056]},"T9s":{"weight":0.9773,"played":[0.0227,0.9773],"evs":[0.0,0.82983]},"TT":{"weight":0.7621,"played":[0.0,1.0],"evs":[0.0,5.5185]},"JTo":{"weight":0.4922,"played":[0.0,1.0],"evs":[0.0,1.4302]},"QTo":{"weight":0.3556,"played":[6.0E-4,0.9994],"evs":[0.0,1.76559]},"KTo":{"weight":0.1553,"played":[0.0,1.0],"evs":[0.0,2.03912]},"ATo":{"weight":0.0,"played":[0.0,1.0],"evs":[0.0,3.46235]},"J2s":{"weight":0.0,"played":[0.0762,0.9238],"evs":[0.0,0.38278]},"J3s":{"weight":0.0,"played":[0.3523,0.6477],"evs":[0.0,1.07697]},"J4s":{"weight":0.0,"played":[0.1969,0.8031],"evs":[0.0,0.90058]},"J5s":{"weight":0.0,"played":[0.0048,0.9952],"evs":[0.0,1.08453]},"J6s":{"weight":0.0,"played":[0.103,0.897],"evs":[0.0,0.7037]},"J7s":{"weight":2.0E-4,"played":[0.2936,0.7064],"evs":[0.0,0.48393]},"J8s":{"weight":3.0E-4,"played":[1.0E-4,0.9999],"evs":[0.0,2.1406]},"J9s":{"weight":0.8283,"played":[0.0958,0.9042],"evs":[0.0,1.21802]},"JTs":{"weight":0.5948,"played":[0.0,1.0],"evs":[0.0,2.07564]},"JJ":{"weight":0.2718,"played":[0.0,1.0],"evs":[0.0,6.16189]},"QJo":{"weight":0.2577,"played":[0.032,0.968],"evs":[0.0,0.74477]},"KJo":{"weight":0.11,"played":[4.0E-4,0.9996],"evs":[0.0,2.91148]},"AJo":{"weight":0.212,"played":[1.0E-4,0.9999],"evs":[0.0,5.0852]},"Q2s":{"weight":0.0,"played":[0.088,0.912],"evs":[0.0,0.91544]},"Q3s":{"weight":0.0,"played":[0.1776,0.8224],"evs":[0.0,0.4893]},"Q4s":{"weight":0.0,"played":[0.4676,0.5324],"evs":[0.0,-0.1828]},"Q5s":{"weight":0.0,"played":[0.5731,0.4269],"evs":[0.0,-0.06648]},"Q6s":{"weight":3.0E-4,"played":[0.0137,0.9863],"evs":[0.0,2.57699]},"Q7s":{"weight":0.0,"played":[0.1268,0.8732],"evs":[0.0,2.49076]},"Q8s":{"weight":0.0051,"played":[0.0,1.0],"evs":[0.0,1.21666]},"Q9s":{"weight":0.4682,"played":[0.0017,0.9983],"evs":[0.0,1.68285]},"QTs":{"weight":0.0,"played":[6.0E-4,0.9994],"evs":[0.0,1.95832]},"QJs":{"weight":0.1563,"played":[1.0E-4,0.9999],"evs":[0.0,2.17337]},"QQ":{"weight":0.0319,"played":[1.0E-4,0.9999],"evs":[0.0,6.65832]},"KQo":{"weight":0.073,"played":[0.0,1.0],"evs":[0.0,2.57351]},"AQo":{"weight":0.5031,"played":[1.0E-4,0.9999],"evs":[0.0,5.26648]},"K2s":{"weight":0.0,"played":[0.2715,0.7285],"evs":[0.0,0.12187]},"K3s":{"weight":0.0,"played":[0.057,0.943],"evs":[0.0,2.66963]},"K4s":{"weight":0.0,"played":[0.1202,0.8798],"evs":[0.0,0.52456]},"K5s":{"weight":0.0,"played":[0.0473,0.9527],"evs":[0.0,1.8877]},"K6s":{"weight":0.0,"played":[0.2118,0.7882],"evs":[0.0,1.30961]},"K7s":{"weight":5.0E-4,"played":[0.0,1.0],"evs":[0.0,1.28672]},"K8s":{"weight":0.0,"played":[0.0029,0.9971],"evs":[0.0,2.09486]},"K9s":{"weight":0.0992,"played":[0.0083,0.9917],"evs":[0.0,2.03148]},"KTs":{"weight":0.0,"played":[0.0155,0.9845],"evs":[0.0,3.00248]},"KJs":{"weight":0.8516,"played":[0.0,1.0],"evs":[0.0,3.42663]},"KQs":{"weight":0.5918,"played":[0.0028,0.9972],"evs":[0.0,2.52422]},"KK":{"weight":0.0071,"played":[0.0,1.0],"evs":[0.0,9.29438]},"AKo":{"weight":0.0932,"played":[0.0,1.0],"evs":[0.0,5.56025]},"A2s":{"weight":0.0,"played":[0.0118,0.9882],"evs":[0.0,3.36527]},"A3s":{"weight":0.0,"played":[0.0055,0.9945],"evs":[0.0,2.01812]},"A4s":{"weight":0.098,"played":[0.0693,0.9307],"evs":[0.0,3.84287]},"A5s":{"weight":0.0,"played":[2.0E-4,0.9998],"evs":[0.0,2.9962]},"A6s":{"weight":0.0,"played":[3.0E-4,0.9997],"evs":[0.0,1.92646]},"A7s":{"weight":0.3923,"played":[7.0E-4,0.9993],"evs":[0.0,2.40939]},"A8s":{"weight":7.0E-4,"played":[0.0071,0.9929],"evs":[0.0,3.75261]},"A9s":{"weight":0.0,"played":[0.0042,0.9958],"evs":[0.0,5.59596]},"ATs":{"weight":0.0,"played":[0.0011,0.9989],"evs":[0.0,6.23061]},"AJs":{"weight":0.0,"played":[0.0038,0.9962],"evs":[0.0,6.73675]},"AQs":{"weight":0.0,"played":[0.0016,0.9984],"evs":[0.0,7.89751]},"AKs":{"weight":0.7375,"played":[1.0E-4,0.9999],"evs":[0.0,6.69067]},"AA":{"weight":0.9702,"played":[0.0,1.0],"evs":[0.0,13.12912]}}}