{"player":1,"street":0,"children":2,"sequence":[{"player":0,"type":"R","amount":200000,"street":0},{"player":1,"type":"C","amount":200000,"street":0},{"player":2,"type":"F","amount":0,"street":0},{"player":3,"type":"F","amount":0,"street":0},{"player":4,"type":"F","amount":0,"street":0},{"player":5,"type":"R","amount":945000,"street":0},{"player":0,"type":"F","amount":0,"street":0}],"actions":[{"type":"F","amount":0},{"type":"C","amount":745000}],"hands":{"22":{"weight":4.0E-4,"played":[0.2392,0.7608],"evs":[0.0,5.20076]},"32o":{"weight":0.0,"played":[0.2521,0.7479],"evs":[0.0,18.32949]},"42o":{"weight":0.0,"played":[0.1616,0.8384],"evs":[0.0,7.44661]},"52o":{"weight":0.0,"played":[0.6317,0.3683],"evs":[0.0,-3.57613]},"62o":{"weight":0.0,"played":[0.4521,0.5479],"evs":[0.0,1.15018]},"72o":{"weight":0.0,"played":[0.731,0.269],"evs":[0.0,0.7454]},"82o":{"weight":0.0,"played":[0.8856,0.1144],"evs":[0.0,-6.85593]},"92o":{"weight":0.0,"played":[0.2585,0.7415],"evs":[0.0,8.47001]},"T2o":{"weight":0.0,"played":[0.3724,0.6276],"evs":[0.0,6.50733]},"J2o":{"weight":0.0,"played":[0.5184,0.4816],"evs":[0.0,-5.48517]},"Q2o":{"weight":0.0,"played":[0.3501,0.6499],"evs":[0.0,-0.38135]},"K2o":{"weight":0.0,"played":[0.3821,0.6179],"evs":[0.0,6.69829]},"A2o":{"weight":0.5107,"played":[0.039,0.961],"evs":[0.0,12.80649]},"32s":{"weight":3.0E-4,"played":[0.0987,0.9013],"evs":[0.0,4.35345]},"33":{"weight":0.0,"played":[0.0772,0.9228],"evs":[0.0,10.23495]},"43o":{"weight":0.0,"played":[0.4207,0.5793],"evs":[0.0,-6.37843]},"53o":{"weight":0.0,"played":[0.6779,0.3221],"evs":[0.0,-7.81399]},"63o":{"weight":0.0,"played":[0.08,0.92],"evs":[0.0,1.35958]},"73o":{"weight":0.0,"played":[0.6556,0.3444],"evs":[0.0,-0.2961]},"83o":{"weight":0.0,"played":[0.9892,0.0108],"evs":[0.0,-8.92961]},"93o":{"weight":0.0,"played":[0.069,0.931],"evs":[0.0,11.89995]},"T3o":{"weight":1.0E-4,"played":[0.267,0.733],"evs":[0.0,4.20046]},"J3o":{"weight":1.0E-4,"played":[0.5777,0.4223],"evs":[0.0,-3.6807]},"Q3o":{"weight":0.0,"played":[0.0349,0.9651],"evs":[0.0,9.23392]},"K3o":{"weight":0.0,"played":[0.151,0.849],"evs":[0.0,6.14791]},"A3o":{"weight":0.6157,"played":[0.4899,0.5101],"evs":[0.0,0.41512]},"42s":{"weight":1.0E-4,"played":[0.7805,0.2195],"evs":[0.0,-8.92961]},"43s":{"weight":0.0,"played":[0.2862,0.7138],"evs":[0.0,13.75493]},"44":{"weight":5.0E-4,"played":[0.8836,0.1164],"evs":[0.0,2.45914]},"54o":{"weight":0.0,"played":[0.8158,0.1842],"evs":[0.0,-7.8361]},"64o":{"weight":0.0,"played":[0.3516,0.6484],"evs":[0.0,10.93773]},"74o":{"weight":0.0,"played":[0.3544,0.6456],"evs":[0.0,9.95815]},"84o":{"weight":0.0,"played":[0.2428,0.7572],"evs":[0.0,11.99296]},"94o":{"weight":1.0E-4,"played":[0.487,0.513],"evs":[0.0,-2.90888]},"T4o":{"weight":0.0,"played":[0.9062,0.0938],"evs":[0.0,0.11697]},"J4o":{"weight":0.0,"played":[0.4624,0.5376],"evs":[0.0,2.8164]},"Q4o":{"weight":0.0,"played":[0.8418,0.1582],"evs":[0.0,-8.92961]},"K4o":{"weight":1.0E-4,"played":[0.1202,0.8798],"evs":[0.0,15.96648]},"A4o":{"weight":0.8373,"played":[0.2891,0.7109],"evs":[0.0,-0.14668]},"52s":{"weight":1.0E-4,"played":[0.1763,0.8237],"evs":[0.0,1.48445]},"53s":{"weight":9.0E-4,"played":[0.0392,0.9608],"evs":[0.0,10.86308]},"54s":{"weight":0.0324,"played":[0.5,0.5],"evs":[0.0,-8.92961]},"55":{"weight":0.1092,"played":[0.4329,0.5671],"evs":[0.0,14.95507]},"65o":{"weight":0.0,"played":[0.6496,0.3504],"evs":[0.0,0.35901]},"75o":{"weight":0.0,"played":[0.7024,0.2976],"evs":[0.0,7.85267]},"85o":{"weight":1.0E-4,"played":[0.6337,0.3663],"evs":[0.0,-7.00561]},"95o":{"weight":0.0,"played":[0.0484,0.9516],"evs":[0.0,0.84457]},"T5o":{"weight":0.0,"played":[0.1663,0.8337],"evs":[0.0,2.20829]},"J5o":{"weight":6.0E-4,"played":[0.1406,0.8594],"evs":[0.0,-1.87093]},"Q5o":{"weight":1.0E-4,"played":[0.0959,0.9041],"evs":[0.0,-3.26616]},"K5o":{"weight":0.0059,"played":[0.315,0.685],"evs":[0.0,15.67635]},"A5o":{"weight":0.7173,"played":[0.1897,0.8103],"evs":[0.0,5.86211]},"62s":{"weight":0.0,"played":[0.1623,0.8377],"evs":[0.0,0.65743]},"63s":{"weight":1.0E-4,"played":[0.2818,0.7182],"evs":[0.0,9.80526]},"64s":{"weight":1.0E-4,"played":[0.4834,0.5166],"evs":[0.0,15.22697]},"65s":{"weight":0.0081,"played":[0.5,0.5],"evs":[0.0,-8.92961]},"66":{"weight":0.4344,"played":[0.0019,0.9981],"evs":[0.0,4.15242]},"76o":{"weight":0.0,"played":[0.3696,0.6304],"evs":[0.0,4.94935]},"86o":{"weight":0.0,"played":[0.3885,0.6115],"evs":[0.0,4.49887]},"96o":{"weight":0.0018,"played":[0.2121,0.7879],"evs":[0.0,-3.0256]},"T6o":{"weight":3.0E-4,"played":[0.4581,0.5419],"evs":[0.0,-1.75589]},"J6o":{"weight":3.0E-4,"played":[0.6112,0.3888],"evs":[0.0,-2.22323]},"Q6o":{"weight":0.0,"played":[0.3606,0.6394],"evs":[0.0,2.96375]},"K6o":{"weight":0.0435,"played":[0.314,0.686],"evs":[0.0,-2.14283]},"A6o":{"weight":0.0766,"played":[0.3665,0.6335],"evs":[0.0,-0.64884]},"72s":{"weight":0.0,"played":[0.5,0.5],"evs":[0.0,20.61305]},"73s":{"weight":0.0037,"played":[0.5,0.5],"evs":[0.0,-8.92961]},"74s":{"weight":0.009,"played":[0.2274,0.7726],"evs":[0.0,4.50811]},"75s":{"weight":0.0028,"played":[0.831,0.169],"evs":[0.0,10.62986]},"76s":{"weight":0.4348,"played":[0.773,0.227],"evs":[0.0,-8.92961]},"77":{"weight":0.8418,"played":[0.0021,0.9979],"evs":[0.0,20.61305]},"87o":{"weight":1.0E-4,"played":[0.0067,0.9933],"evs":[0.0,8.74633]},"97o":{"weight":3.0E-4,"played":[0.4135,0.5865],"evs":[0.0,2.54911]},"T7o":{"weight":0.0027,"played":[0.6353,0.3647],"evs":[0.0,-7.01451]},"J7o":{"weight":1.0E-4,"played":[0.118,0.882],"evs":[0.0,7.30124]},"Q7o":{"weight":0.0,"played":[0.3288,0.6712],"evs":[0.0,0.80215]},"K7o":{"weight":0.0614,"played":[0.0622,0.9378],"evs":[0.0,6.79054]},"A7o":{"weight":0.0476,"played":[0.0101,0.9899],"evs":[0.0,10.00516]},"82s":{"weight":2.0E-4,"played":[0.7657,0.2343],"evs":[0.0,-1.89704]},"83s":{"weight":2.0E-4,"played":[0.5,0.5],"evs":[0.0,0.0]},"84s":{"weight":3.0E-4,"played":[0.9874,0.0126],"evs":[0.0,-8.92961]},"85s":{"weight":8.0E-4,"played":[0.2107,0.7893],"evs":[0.0,3.51886]},"86s":{"weight":0.1554,"played":[0.0314,0.9686],"evs":[0.0,-3.88017]},"87s":{"weight":0.125,"played":[0.6111,0.3889],"evs":[0.0,6.84217]},"88":{"weight":0.0309,"played":[0.114,0.886],"evs":[0.0,7.16377]},"98o":{"weight":8.0E-4,"played":[0.0129,0.9871],"evs":[0.0,-8.16932]},"T8o":{"weight":2.0E-4,"played":[0.8136,0.1864],"evs":[0.0,0.67906]},"J8o":{"weight":3.0E-4,"played":[0.9499,0.0501],"evs":[0.0,-8.92961]},"Q8o":{"weight":0.0012,"played":[0.4729,0.5271],"evs":[0.0,3.90761]},"K8o":{"weight":0.01,"played":[0.4426,0.5574],"evs":[0.0,1.59118]},"A8o":{"weight":0.0029,"played":[0.0956,0.9044],"evs":[0.0,8.17013]},"92s":{"weight":0.0012,"played":[0.5,0.5],"evs":[0.0,20.61305]},"93s":{"weight":0.0,"played":[0.5,0.5],"evs":[0.0,20.61305]},"94s":{"weight":0.0015,"played":[0.5,0.5],"evs":[0.0,20.61305]},"95s":{"weight":1.0E-4,"played":[0.5,0.5],"evs":[0.0,20.61305]},"96s":{"weight":0.0086,"played":[0.5,0.5],"evs":[0.0,-8.92961]},"97s":{"weight":0.0378,"played":[0.9028,0.0972],"evs":[0.0,7.32106]},"98s":{"weight":2.0E-4,"played":[0.5,0.5],"evs":[0.0,-8.92961]},"99":{"weight":0.992,"played":[0.5188,0.4812],"evs":[0.0,0.11426]},"T9o":{"weight":0.2338,"played":[0.9433,0.0567],"evs":[0.0,-8.92961]},"J9o":{"weight":0.0025,"played":[0.0368,0.9632],"evs":[0.0,13.36137]},"Q9o":{"weight":0.1666,"played":[0.06,0.94],"evs":[0.0,4.08688]},"K9o":{"weight":0.9979,"played":[0.0098,0.9902],"evs":[0.0,12.96198]},"A9o":{"weight":0.0,"played":[0.9745,0.0255],"evs":[0.0,-8.92961]},"T2s":{"weight":1.0E-4,"played":[0.4522,0.5478],"evs":[0.0,-2.74572]},"T3s":{"weight":1.0E-4,"played":[0.5525,0.4475],"evs":[0.0,1.34526]},"T4s":{"weight":0.0,"played":[0.5,0.5],"evs":[0.0,0.0]},"T5s":{"weight":0.0,"played":[0.06,0.94],"evs":[0.0,-0.78793]},"T6s":{"weight":0.0124,"played":[0.6863,0.3137],"evs":[0.0,7.82138]},"T7s":{"weight":0.2311,"played":[0.5,0.5],"evs":[0.0,-8.92961]},"T8s":{"weight":0.468,"played":[0.2191,0.7809],"evs":[0.0,-2.76717]},"T9s":{"weight":0.2989,"played":[0.0415,0.9585],"evs":[0.0,12.16478]},"TT":{"weight":0.9722,"played":[0.0449,0.9551],"evs":[0.0,10.90364]},"JTo":{"weight":0.9325,"played":[0.084,0.916],"evs":[0.0,5.26789]},"QTo":{"weight":0.9326,"played":[0.2513,0.7487],"evs":[0.0,10.09131]},"KTo":{"weight":0.9901,"played":[0.4879,0.5121],"evs":[0.0,3.81184]},"ATo":{"weight":0.5465,"played":[0.6092,0.3908],"evs":[0.0,5.11386]},"J2s":{"weight":0.0017,"played":[0.7833,0.2167],"evs":[0.0,7.80859]},"J3s":{"weight":0.0011,"played":[0.5,0.5],"evs":[0.0,0.0]},"J4s":{"weight":4.0E-4,"played":[0.227,0.773],"evs":[0.0,4.48502]},"J5s":{"weight":0.0,"played":[0.2154,0.7846],"evs":[0.0,20.61305]},"J6s":{"weight":0.0038,"played":[0.1562,0.8438],"evs":[0.0,0.29847]},"J7s":{"weight":0.191,"played":[0.5,0.5],"evs":[0.0,-8.92961]},"J8s":{"weight":0.0258,"played":[0.9149,0.0851],"evs":[0.0,-8.92961]},"J9s":{"weight":0.9783,"played":[0.5073,0.4927],"evs":[0.0,4.9543]},"JTs":{"weight":0.2069,"played":[0.1368,0.8632],"evs":[0.0,-0.84828]},"JJ":{"weight":0.3898,"played":[0.2415,0.7585],"evs":[0.0,10.0321]},"QJo":{"weight":0.8872,"played":[0.6215,0.3785],"evs":[0.0,-4.81216]},"KJo":{"weight":0.0912,"played":[0.6871,0.3129],"evs":[0.0,-2.36871]},"AJo":{"weight":0.0,"played":[0.7558,0.2442],"evs":[0.0,7.07387]},"Q2s":{"weight":0.0676,"played":[0.2435,0.7565],"evs":[0.0,10.33143]},"Q3s":{"weight":4.0E-4,"played":[0.0454,0.9546],"evs":[0.0,20.61305]},"Q4s":{"weight":0.0057,"played":[0.4503,0.5497],"evs":[0.0,0.94509]},"Q5s":{"weight":0.0823,"played":[0.5,0.5],"evs":[0.0,20.61305]},"Q6s":{"weight":0.1986,"played":[0.5589,0.4411],"evs":[0.0,11.96642]},"Q7s":{"weight":0.1372,"played":[0.0376,0.9624],"evs":[0.0,0.17669]},"Q8s":{"weight":0.213,"played":[0.7884,0.2116],"evs":[0.0,8.1106]},"Q9s":{"weight":0.2541,"played":[0.5311,0.4689],"evs":[0.0,-3.89718]},"QTs":{"weight":0.671,"played":[0.0353,0.9647],"evs":[0.0,7.88772]},"QJs":{"weight":0.1785,"played":[0.5,0.5],"evs":[0.0,20.61305]},"QQ":{"weight":0.4826,"played":[0.9593,0.0407],"evs":[0.0,18.2077]},"KQo":{"weight":0.2625,"played":[0.9191,0.0809],"evs":[0.0,-0.36772]},"AQo":{"weight":0.738,"played":[0.0036,0.9964],"evs":[0.0,10.79288]},"K2s":{"weight":0.0649,"played":[0.0222,0.9778],"evs":[0.0,13.19039]},"K3s":{"weight":0.1292,"played":[0.3547,0.6453],"evs":[0.0,-4.81747]},"K4s":{"weight":0.1649,"played":[0.5,0.5],"evs":[0.0,20.61305]},"K5s":{"weight":0.228,"played":[0.2762,0.7238],"evs":[0.0,13.6479]},"K6s":{"weight":0.4315,"played":[0.4161,0.5839],"evs":[0.0,-5.0795]},"K7s":{"weight":0.9703,"played":[0.1393,0.8607],"evs":[0.0,-0.69948]},"K8s":{"weight":0.3808,"played":[0.5,0.5],"evs":[0.0,0.0]},"K9s":{"weight":0.1713,"played":[0.0539,0.9461],"evs":[0.0,1.86855]},"KTs":{"weight":0.5516,"played":[0.1023,0.8977],"evs":[0.0,-2.88331]},"KJs":{"weight":0.0723,"played":[0.5,0.5],"evs":[0.0,-8.92961]},"KQs":{"weight":0.0945,"played":[0.5,0.5],"evs":[0.0,20.61305]},"KK":{"weight":0.8236,"played":[0.0333,0.9667],"evs":[0.0,20.61305]},"AKo":{"weight":0.319,"played":[0.0173,0.9827],"evs":[0.0,12.89328]},"A2s":{"weight":0.1749,"played":[0.8937,0.1063],"evs":[0.0,-8.92961]},"A3s":{"weight":0.0408,"played":[0.5,0.5],"evs":[0.0,20.61305]},"A4s":{"weight":0.0057,"played":[0.2193,0.7807],"evs":[0.0,-1.7447]},"A5s":{"weight":1.0E-4,"played":[0.0476,0.9524],"evs":[0.0,11.90915]},"A6s":{"weight":0.0308,"played":[0.0216,0.9784],"evs":[0.0,-0.73722]},"A7s":{"weight":3.0E-4,"played":[0.319,0.681],"evs":[0.0,-4.84392]},"A8s":{"weight":0.7033,"played":[0.5,0.5],"evs":[0.0,4.37896]},"A9s":{"weight":0.0662,"played":[0.8964,0.1036],"evs":[0.0,-8.92961]},"ATs":{"weight":0.1138,"played":[0.8513,0.1487],"evs":[0.0,3.04356]},"AJs":{"weight":0.0,"played":[0.5937,0.4063],"evs":[0.0,4.44492]},"AQs":{"weight":0.6269,"played":[0.5,0.5],"evs":[0.0,-8.92961]},"AKs":{"weight":0.1751,"played":[0.2712,0.7288],"evs":[0.0,16.31301]},"AA":{"weight":0.9731,"played":[0.0019,0.9981],"evs":[0.0,20.61305]}}}