{"player":5,"street":0,"children":2,"sequence":[{"player":0,"type":"F","amount":0,"street":0},{"player":1,"type":"F","amount":0,"street":0},{"player":2,"type":"R","amount":200000,"street":0},{"player":3,"type":"F","amount":0,"street":0},{"player":4,"type":"R","amount":1315000,"street":0}],"actions":[{"type":"F","amount":0,"node":38},{"type":"C","amount":845000,"node":39}],"hands":{"22":{"weight":1.0,"played":[0.8794,0.1206],"evs":[0.0,-0.57539]},"32o":{"weight":1.0,"played":[1.0,0.0],"evs":[0.0,-4.28594]},"42o":{"weight":1.0,"played":[0.9998,2.0E-4],"evs":[0.0,-3.45728]},"52o":{"weight":1.0,"played":[0.9992,8.0E-4],"evs":[0.0,-3.45777]},"62o":{"weight":1.0,"played":[1.0,0.0],"evs":[0.0,-4.30255]},"72o":{"weight":1.0,"played":[0.9999,1.0E-4],"evs":[0.0,-4.19936]},"82o":{"weight":1.0,"played":[1.0,0.0],"evs":[0.0,-3.17413]},"92o":{"weight":1.0,"played":[0.9999,1.0E-4],"evs":[0.0,-3.58717]},"T2o":{"weight":1.0,"played":[1.0,0.0],"evs":[0.0,-4.8435]},"J2o":{"weight":1.0,"played":[0.9998,2.0E-4],"evs":[0.0,-4.96551]},"Q2o":{"weight":1.0,"played":[0.9928,0.0072],"evs":[0.0,-4.25497]},"K2o":{"weight":1.0,"played":[0.9989,0.0011],"evs":[0.0,-2.93363]},"A2o":{"weight":1.0,"played":[0.9811,0.0189],"evs":[0.0,-1.65212]},"32s":{"weight":1.0,"played":[0.9963,0.0037],"evs":[0.0,-1.11783]},"33":{"weight":1.0,"played":[0.9825,0.0175],"evs":[0.0,-1.86414]},"43o":{"weight":1.0,"played":[0.9973,0.0027],"evs":[0.0,-4.12679]},"53o":{"weight":1.0,"played":[0.9998,2.0E-4],"evs":[0.0,-2.47248]},"63o":{"weight":1.0,"played":[0.9984,0.0016],"evs":[0.0,-2.75048]},"73o":{"weight":1.0,"played":[0.9982,0.0018],"evs":[0.0,-4.34512]},"83o":{"weight":1.0,"played":[1.0,0.0],"evs":[0.0,-5.29153]},"93o":{"weight":1.0,"played":[0.9996,4.0E-4],"evs":[0.0,-4.03438]},"T3o":{"weight":1.0,"played":[0.9985,0.0015],"evs":[0.0,-2.94701]},"J3o":{"weight":1.0,"played":[0.9975,0.0025],"evs":[0.0,-4.09086]},"Q3o":{"weight":1.0,"played":[0.9817,0.0183],"evs":[0.0,-3.55231]},"K3o":{"weight":1.0,"played":[0.9984,0.0016],"evs":[0.0,-2.56462]},"A3o":{"weight":1.0,"played":[0.9695,0.0305],"evs":[0.0,-1.65557]},"42s":{"weight":1.0,"played":[0.9498,0.0502],"evs":[0.0,-2.39538]},"43s":{"weight":1.0,"played":[0.9906,0.0094],"evs":[0.0,-2.93096]},"44":{"weight":1.0,"played":[0.7537,0.2463],"evs":[0.0,-0.53716]},"54o":{"weight":1.0,"played":[1.0,0.0],"evs":[0.0,-2.72553]},"64o":{"weight":1.0,"played":[0.9998,2.0E-4],"evs":[0.0,-3.72783]},"74o":{"weight":1.0,"played":[0.9999,1.0E-4],"evs":[0.0,-3.57222]},"84o":{"weight":1.0,"played":[0.9896,0.0104],"evs":[0.0,-4.14123]},"94o":{"weight":1.0,"played":[0.9985,0.0015],"evs":[0.0,-3.87651]},"T4o":{"weight":1.0,"played":[0.9998,2.0E-4],"evs":[0.0,-3.19835]},"J4o":{"weight":1.0,"played":[0.9938,0.0062],"evs":[0.0,-4.188]},"Q4o":{"weight":1.0,"played":[0.9992,8.0E-4],"evs":[0.0,-2.4229]},"K4o":{"weight":1.0,"played":[0.9518,0.0482],"evs":[0.0,-3.91725]},"A4o":{"weight":1.0,"played":[0.9449,0.0551],"evs":[0.0,-1.15287]},"52s":{"weight":1.0,"played":[0.8484,0.1516],"evs":[0.0,-0.95014]},"53s":{"weight":1.0,"played":[0.733,0.267],"evs":[0.0,-0.85577]},"54s":{"weight":1.0,"played":[0.8642,0.1358],"evs":[0.0,-2.59651]},"55":{"weight":1.0,"played":[0.7354,0.2646],"evs":[0.0,-0.47558]},"65o":{"weight":1.0,"played":[0.986,0.014],"evs":[0.0,-2.23667]},"75o":{"weight":1.0,"played":[0.9889,0.0111],"evs":[0.0,-3.52874]},"85o":{"weight":1.0,"played":[0.9999,1.0E-4],"evs":[0.0,-3.6188]},"95o":{"weight":1.0,"played":[0.998,0.002],"evs":[0.0,-2.85702]},"T5o":{"weight":1.0,"played":[0.9948,0.0052],"evs":[0.0,-3.51944]},"J5o":{"weight":1.0,"played":[0.9955,0.0045],"evs":[0.0,-3.63728]},"Q5o":{"weight":1.0,"played":[0.9995,5.0E-4],"evs":[0.0,-2.77712]},"K5o":{"weight":1.0,"played":[0.991,0.009],"evs":[0.0,-2.28772]},"A5o":{"weight":1.0,"played":[0.8586,0.1414],"evs":[0.0,-0.72197]},"62s":{"weight":1.0,"played":[0.9539,0.0461],"evs":[0.0,-0.25361]},"63s":{"weight":1.0,"played":[0.9361,0.0639],"evs":[0.0,-1.253]},"64s":{"weight":1.0,"played":[0.8373,0.1627],"evs":[0.0,-0.97655]},"65s":{"weight":1.0,"played":[0.9759,0.0241],"evs":[0.0,-1.62021]},"66":{"weight":1.0,"played":[0.1075,0.8925],"evs":[0.0,0.51047]},"76o":{"weight":1.0,"played":[1.0,0.0],"evs":[0.0,-2.29148]},"86o":{"weight":1.0,"played":[0.9529,0.0471],"evs":[0.0,-1.93939]},"96o":{"weight":1.0,"played":[0.9991,9.0E-4],"evs":[0.0,-3.45771]},"T6o":{"weight":1.0,"played":[0.9934,0.0066],"evs":[0.0,-2.82516]},"J6o":{"weight":1.0,"played":[1.0,0.0],"evs":[0.0,-2.84834]},"Q6o":{"weight":1.0,"played":[0.9988,0.0012],"evs":[0.0,-2.79992]},"K6o":{"weight":1.0,"played":[0.9743,0.0257],"evs":[0.0,-1.98389]},"A6o":{"weight":1.0,"played":[0.8444,0.1556],"evs":[0.0,-1.90728]},"72s":{"weight":1.0,"played":[0.9901,0.0099],"evs":[0.0,-1.90614]},"73s":{"weight":1.0,"played":[0.973,0.027],"evs":[0.0,-1.15258]},"74s":{"weight":1.0,"played":[0.9196,0.0804],"evs":[0.0,-3.46146]},"75s":{"weight":1.0,"played":[0.8834,0.1166],"evs":[0.0,-0.26463]},"76s":{"weight":1.0,"played":[0.9925,0.0075],"evs":[0.0,-1.56063]},"77":{"weight":1.0,"played":[0.0016,0.9984],"evs":[0.0,1.79152]},"87o":{"weight":1.0,"played":[0.9973,0.0027],"evs":[0.0,-2.61544]},"97o":{"weight":1.0,"played":[0.9433,0.0567],"evs":[0.0,-1.58316]},"T7o":{"weight":1.0,"played":[0.9525,0.0475],"evs":[0.0,-2.84177]},"J7o":{"weight":1.0,"played":[0.9984,0.0016],"evs":[0.0,-3.45486]},"Q7o":{"weight":1.0,"played":[0.9963,0.0037],"evs":[0.0,-2.81157]},"K7o":{"weight":1.0,"played":[0.9794,0.0206],"evs":[0.0,-1.70849]},"A7o":{"weight":1.0,"played":[0.8759,0.1241],"evs":[0.0,-0.40474]},"82s":{"weight":1.0,"played":[0.9281,0.0719],"evs":[0.0,-3.44802]},"83s":{"weight":1.0,"played":[0.9907,0.0093],"evs":[0.0,-3.48727]},"84s":{"weight":1.0,"played":[0.8423,0.1577],"evs":[0.0,-1.40332]},"85s":{"weight":1.0,"played":[0.9984,0.0016],"evs":[0.0,-2.70868]},"86s":{"weight":1.0,"played":[0.6778,0.3222],"evs":[0.0,-0.60807]},"87s":{"weight":1.0,"played":[0.8138,0.1862],"evs":[0.0,-0.95381]},"88":{"weight":1.0,"played":[0.0726,0.9274],"evs":[0.0,2.53795]},"98o":{"weight":1.0,"played":[0.9731,0.0269],"evs":[0.0,-2.27141]},"T8o":{"weight":1.0,"played":[0.9973,0.0027],"evs":[0.0,-2.43234]},"J8o":{"weight":1.0,"played":[0.9997,3.0E-4],"evs":[0.0,-3.13391]},"Q8o":{"weight":1.0,"played":[0.9573,0.0427],"evs":[0.0,-1.60793]},"K8o":{"weight":1.0,"played":[0.9158,0.0842],"evs":[0.0,-1.55132]},"A8o":{"weight":1.0,"played":[0.1226,0.8774],"evs":[0.0,0.74161]},"92s":{"weight":1.0,"played":[0.915,0.085],"evs":[0.0,-3.52974]},"93s":{"weight":1.0,"played":[0.9949,0.0051],"evs":[0.0,-1.83368]},"94s":{"weight":1.0,"played":[0.9918,0.0082],"evs":[0.0,-3.0264]},"95s":{"weight":1.0,"played":[0.9388,0.0612],"evs":[0.0,-1.00958]},"96s":{"weight":1.0,"played":[0.9947,0.0053],"evs":[0.0,-2.58386]},"97s":{"weight":1.0,"played":[0.7723,0.2277],"evs":[0.0,-0.62984]},"98s":{"weight":1.0,"played":[0.9398,0.0602],"evs":[0.0,-2.05812]},"99":{"weight":1.0,"played":[0.0,1.0],"evs":[0.0,2.10858]},"T9o":{"weight":1.0,"played":[0.8205,0.1795],"evs":[0.0,-1.16644]},"J9o":{"weight":1.0,"played":[0.9257,0.0743],"evs":[0.0,-2.14954]},"Q9o":{"weight":1.0,"played":[0.9929,0.0071],"evs":[0.0,-0.89201]},"K9o":{"weight":1.0,"played":[0.9844,0.0156],"evs":[0.0,-1.92704]},"A9o":{"weight":1.0,"played":[0.1575,0.8425],"evs":[0.0,0.54702]},"T2s":{"weight":1.0,"played":[0.9955,0.0045],"evs":[0.0,-4.09169]},"T3s":{"weight":1.0,"played":[0.9351,0.0649],"evs":[0.0,-2.22618]},"T4s":{"weight":1.0,"played":[0.9888,0.0112],"evs":[0.0,-3.05298]},"T5s":{"weight":1.0,"played":[0.9911,0.0089],"evs":[0.0,-1.21054]},"T6s":{"weight":1.0,"played":[0.9183,0.0817],"evs":[0.0,-1.12738]},"T7s":{"weight":1.0,"played":[0.8772,0.1228],"evs":[0.0,-1.47932]},"T8s":{"weight":1.0,"played":[0.7456,0.2544],"evs":[0.0,-2.01358]},"T9s":{"weight":1.0,"played":[0.6363,0.3637],"evs":[0.0,-1.99263]},"TT":{"weight":1.0,"played":[0.0,1.0],"evs":[0.0,2.79551]},"JTo":{"weight":1.0,"played":[0.8851,0.1149],"evs":[0.0,-0.59255]},"QTo":{"weight":1.0,"played":[0.5388,0.4612],"evs":[0.0,-0.81195]},"KTo":{"weight":1.0,"played":[0.4853,0.5147],"evs":[0.0,-0.89164]},"ATo":{"weight":1.0,"played":[0.0016,0.9984],"evs":[0.0,2.06236]},"J2s":{"weight":1.0,"played":[0.9951,0.0049],"evs":[0.0,-2.07765]},"J3s":{"weight":1.0,"played":[0.9832,0.0168],"evs":[0.0,-1.94901]},"J4s":{"weight":1.0,"played":[0.9999,1.0E-4],"evs":[0.0,-2.41377]},"J5s":{"weight":1.0,"played":[0.957,0.043],"evs":[0.0,-2.0339]},"J6s":{"weight":1.0,"played":[0.9631,0.0369],"evs":[0.0,-1.75473]},"J7s":{"weight":1.0,"played":[0.7034,0.2966],"evs":[0.0,-2.32639]},"J8s":{"weight":1.0,"played":[0.1267,0.8733],"evs":[0.0,-0.67507]},"J9s":{"weight":1.0,"played":[0.7858,0.2142],"evs":[0.0,-1.16632]},"JTs":{"weight":1.0,"played":[0.3218,0.6782],"evs":[0.0,1.10934]},"JJ":{"weight":1.0,"played":[0.0012,0.9988],"evs":[0.0,7.24647]},"QJo":{"weight":1.0,"played":[0.3589,0.6411],"evs":[0.0,-0.07278]},"KJo":{"weight":1.0,"played":[0.2946,0.7054],"evs":[0.0,0.37529]},"AJo":{"weight":1.0,"played":[0.0,1.0],"evs":[0.0,2.1372]},"Q2s":{"weight":1.0,"played":[0.9997,3.0E-4],"evs":[0.0,-2.16598]},"Q3s":{"weight":1.0,"played":[0.7407,0.2593],"evs":[0.0,-2.50607]},"Q4s":{"weight":1.0,"played":[0.9664,0.0336],"evs":[0.0,-0.64257]},"Q5s":{"weight":1.0,"played":[0.8356,0.1644],"evs":[0.0,-1.59884]},"Q6s":{"weight":1.0,"played":[0.867,0.133],"evs":[0.0,-3.41839]},"Q7s":{"weight":1.0,"played":[0.5833,0.4167],"evs":[0.0,-1.1514]},"Q8s":{"weight":1.0,"played":[0.5792,0.4208],"evs":[0.0,-0.07994]},"Q9s":{"weight":1.0,"played":[0.1118,0.8882],"evs":[0.0,0.81764]},"QTs":{"weight":1.0,"played":[0.2893,0.7107],"evs":[0.0,1.62886]},"QJs":{"weight":1.0,"played":[0.0556,0.9444],"evs":[0.0,4.17149]},"QQ":{"weight":1.0,"played":[1.0E-4,0.9999],"evs":[0.0,7.42977]},"KQo":{"weight":1.0,"played":[0.0517,0.9483],"evs":[0.0,-0.11928]},"AQo":{"weight":1.0,"played":[0.0,1.0],"evs":[0.0,4.13561]},"K2s":{"weight":1.0,"played":[0.5055,0.4945],"evs":[0.0,-0.39602]},"K3s":{"weight":1.0,"played":[0.2401,0.7599],"evs":[0.0,1.16138]},"K4s":{"weight":1.0,"played":[0.7195,0.2805],"evs":[0.0,-0.33345]},"K5s":{"weight":1.0,"played":[0.988,0.012],"evs":[0.0,-0.54608]},"K6s":{"weight":1.0,"played":[0.8233,0.1767],"evs":[0.0,-1.91008]},"K7s":{"weight":1.0,"played":[0.9788,0.0212],"evs":[0.0,-1.65657]},"K8s":{"weight":1.0,"played":[0.9861,0.0139],"evs":[0.0,-0.88354]},"K9s":{"weight":1.0,"played":[0.618,0.382],"evs":[0.0,-2.18718]},"KTs":{"weight":1.0,"played":[0.0018,0.9982],"evs":[0.0,2.55942]},"KJs":{"weight":1.0,"played":[0.6798,0.3202],"evs":[0.0,0.00121]},"KQs":{"weight":1.0,"played":[0.0237,0.9763],"evs":[0.0,1.54481]},"KK":{"weight":1.0,"played":[0.0,1.0],"evs":[0.0,10.92477]},"AKo":{"weight":1.0,"played":[5.0E-4,0.9995],"evs":[0.0,4.00483]},"A2s":{"weight":1.0,"played":[0.0483,0.9517],"evs":[0.0,0.91621]},"A3s":{"weight":1.0,"played":[0.8344,0.1656],"evs":[0.0,-2.80012]},"A4s":{"weight":1.0,"played":[0.4001,0.5999],"evs":[0.0,0.77396]},"A5s":{"weight":1.0,"played":[0.2948,0.7052],"evs":[0.0,-0.28205]},"A6s":{"weight":1.0,"played":[0.1721,0.8279],"evs":[0.0,0.52075]},"A7s":{"weight":1.0,"played":[0.0878,0.9122],"evs":[0.0,1.85682]},"A8s":{"weight":1.0,"played":[0.2422,0.7578],"evs":[0.0,-0.1869]},"A9s":{"weight":1.0,"played":[0.3967,0.6033],"evs":[0.0,0.99892]},"ATs":{"weight":1.0,"played":[0.1372,0.8628],"evs":[0.0,1.26919]},"AJs":{"weight":1.0,"played":[2.0E-4,0.9998],"evs":[0.0,5.03038]},"AQs":{"weight":1.0,"played":[0.0047,0.9953],"evs":[0.0,4.21132]},"AKs":{"weight":1.0,"played":[1.0E-4,0.9999],"evs":[0.0,4.86979]},"AA":{"weight":1.0,"played":[0.0,1.0],"evs":[0.0,15.03034]}}}