{"player":4,"street":0,"children":2,"sequence":[{"player":0,"type":"R","amount":200000,"street":0},{"player":1,"type":"C","amount":200000,"street":0},{"player":2,"type":"F","amount":0,"street":0},{"player":3,"type":"F","amount":0,"street":0},{"player":4,"type":"C","amount":150000,"street":0},{"player":5,"type":"R","amount":945000,"street":0},{"player":0,"type":"C","amount":435000,"street":0},{"player":1,"type":"F","amount":0,"street":0}],"actions":[{"type":"F","amount":0},{"type":"C","amount":745000}],"hands":{"22":{"weight":0.1541,"played":[0.4647,0.5353],"evs":[0.0,-7.23751]},"32o":{"weight":0.0012,"played":[0.3616,0.6384],"evs":[0.0,5.79684]},"42o":{"weight":0.0137,"played":[0.4247,0.5753],"evs":[0.0,1.47424]},"52o":{"weight":0.0023,"played":[0.8553,0.1447],"evs":[0.0,-8.38049]},"62o":{"weight":0.0024,"played":[0.1741,0.8259],"evs":[0.0,6.61847]},"72o":{"weight":0.0216,"played":[0.5265,0.4735],"evs":[0.0,-2.03864]},"82o":{"weight":1.0E-4,"played":[0.8373,0.1627],"evs":[0.0,-5.27524]},"92o":{"weight":0.0343,"played":[0.8898,0.1102],"evs":[0.0,-5.78728]},"T2o":{"weight":0.0053,"played":[0.2207,0.7793],"evs":[0.0,7.40689]},"J2o":{"weight":6.0E-4,"played":[0.0048,0.9952],"evs":[0.0,8.43969]},"Q2o":{"weight":0.0142,"played":[0.0293,0.9707],"evs":[0.0,3.23383]},"K2o":{"weight":0.0023,"played":[0.2509,0.7491],"evs":[0.0,-1.05591]},"A2o":{"weight":0.0016,"played":[0.7206,0.2794],"evs":[0.0,-5.39986]},"32s":{"weight":8.0E-4,"played":[0.3477,0.6523],"evs":[0.0,0.74861]},"33":{"weight":0.0425,"played":[0.4752,0.5248],"evs":[0.0,9.88056]},"43o":{"weight":0.0027,"played":[0.006,0.994],"evs":[0.0,14.66477]},"53o":{"weight":1.0E-4,"played":[0.9778,0.0222],"evs":[0.0,-9.10744]},"63o":{"weight":2.0E-4,"played":[0.384,0.616],"evs":[0.0,-3.04499]},"73o":{"weight":0.0169,"played":[0.9516,0.0484],"evs":[0.0,-7.49395]},"83o":{"weight":6.0E-4,"played":[0.3098,0.6902],"evs":[0.0,2.15956]},"93o":{"weight":0.1747,"played":[0.9874,0.0126],"evs":[0.0,-2.87063]},"T3o":{"weight":0.0078,"played":[0.0293,0.9707],"evs":[0.0,3.96474]},"J3o":{"weight":0.0037,"played":[0.3778,0.6222],"evs":[0.0,3.03698]},"Q3o":{"weight":0.0107,"played":[0.1905,0.8095],"evs":[0.0,6.07553]},"K3o":{"weight":0.0531,"played":[0.9343,0.0657],"evs":[0.0,3.82055]},"A3o":{"weight":0.4558,"played":[0.0046,0.9954],"evs":[0.0,4.99916]},"42s":{"weight":0.1037,"played":[0.5281,0.4719],"evs":[0.0,4.21127]},"43s":{"weight":0.0017,"played":[0.2134,0.7866],"evs":[0.0,8.01573]},"44":{"weight":0.0918,"played":[0.6132,0.3868],"evs":[0.0,-1.91272]},"54o":{"weight":0.0245,"played":[0.3214,0.6786],"evs":[0.0,0.24761]},"64o":{"weight":0.0609,"played":[0.7094,0.2906],"evs":[0.0,-1.4176]},"74o":{"weight":0.0024,"played":[0.5579,0.4421],"evs":[0.0,2.36076]},"84o":{"weight":0.0017,"played":[0.3455,0.6545],"evs":[0.0,3.71549]},"94o":{"weight":0.0028,"played":[0.9839,0.0161],"evs":[0.0,-6.47834]},"T4o":{"weight":0.0,"played":[0.6393,0.3607],"evs":[0.0,-2.2443]},"J4o":{"weight":0.0057,"played":[0.9985,0.0015],"evs":[0.0,-9.10903]},"Q4o":{"weight":0.005,"played":[0.9559,0.0441],"evs":[0.0,-8.96932]},"K4o":{"weight":0.0105,"played":[0.7896,0.2104],"evs":[0.0,-7.15572]},"A4o":{"weight":0.0832,"played":[0.1254,0.8746],"evs":[0.0,6.0292]},"52s":{"weight":0.1903,"played":[0.8593,0.1407],"evs":[0.0,-9.10882]},"53s":{"weight":0.4062,"played":[0.7366,0.2634],"evs":[0.0,8.34717]},"54s":{"weight":0.3363,"played":[0.4696,0.5304],"evs":[0.0,-5.56662]},"55":{"weight":0.5546,"played":[0.8501,0.1499],"evs":[0.0,-9.10911]},"65o":{"weight":0.0166,"played":[0.4088,0.5912],"evs":[0.0,2.94991]},"75o":{"weight":0.0112,"played":[0.7928,0.2072],"evs":[0.0,-5.06182]},"85o":{"weight":0.0057,"played":[0.9894,0.0106],"evs":[0.0,-8.26313]},"95o":{"weight":0.0,"played":[0.4343,0.5657],"evs":[0.0,-1.15322]},"T5o":{"weight":0.0133,"played":[0.1313,0.8687],"evs":[0.0,4.20701]},"J5o":{"weight":0.1572,"played":[0.087,0.913],"evs":[0.0,4.6486]},"Q5o":{"weight":0.0145,"played":[0.1569,0.8431],"evs":[0.0,2.04878]},"K5o":{"weight":0.2077,"played":[0.221,0.779],"evs":[0.0,10.14936]},"A5o":{"weight":0.6094,"played":[0.4174,0.5826],"evs":[0.0,11.18045]},"62s":{"weight":0.298,"played":[0.8279,0.1721],"evs":[0.0,17.21105]},"63s":{"weight":0.0518,"played":[0.7377,0.2623],"evs":[0.0,-1.91578]},"64s":{"weight":0.0499,"played":[0.5,0.5],"evs":[0.0,0.0]},"65s":{"weight":0.3477,"played":[0.0678,0.9322],"evs":[0.0,31.03331]},"66":{"weight":0.0163,"played":[0.9972,0.0028],"evs":[0.0,-7.02204]},"76o":{"weight":0.0762,"played":[0.6624,0.3376],"evs":[0.0,0.7068]},"86o":{"weight":0.0615,"played":[0.0978,0.9022],"evs":[0.0,14.07972]},"96o":{"weight":0.001,"played":[0.9372,0.0628],"evs":[0.0,-3.32844]},"T6o":{"weight":0.034,"played":[0.2542,0.7458],"evs":[0.0,1.31843]},"J6o":{"weight":0.0,"played":[0.6721,0.3279],"evs":[0.0,7.47266]},"Q6o":{"weight":0.0725,"played":[0.9966,0.0034],"evs":[0.0,-6.45006]},"K6o":{"weight":3.0E-4,"played":[0.5236,0.4764],"evs":[0.0,0.1615]},"A6o":{"weight":0.0695,"played":[0.3204,0.6796],"evs":[0.0,-0.76429]},"72s":{"weight":0.2151,"played":[0.4593,0.5407],"evs":[0.0,22.40913]},"73s":{"weight":0.5012,"played":[0.8729,0.1271],"evs":[0.0,4.84826]},"74s":{"weight":0.113,"played":[0.9043,0.0957],"evs":[0.0,-9.11389]},"75s":{"weight":0.0187,"played":[0.4936,0.5064],"evs":[0.0,-5.91907]},"76s":{"weight":0.2377,"played":[0.4434,0.5566],"evs":[0.0,-0.30038]},"77":{"weight":0.4683,"played":[0.343,0.657],"evs":[0.0,-2.94766]},"87o":{"weight":0.0214,"played":[0.3114,0.6886],"evs":[0.0,-0.4394]},"97o":{"weight":0.0328,"played":[0.3816,0.6184],"evs":[0.0,7.5531]},"T7o":{"weight":0.3256,"played":[0.2797,0.7203],"evs":[0.0,3.02782]},"J7o":{"weight":0.0117,"played":[0.0906,0.9094],"evs":[0.0,1.6211]},"Q7o":{"weight":0.2189,"played":[0.1158,0.8842],"evs":[0.0,5.08751]},"K7o":{"weight":0.3105,"played":[0.6661,0.3339],"evs":[0.0,-1.05666]},"A7o":{"weight":0.1577,"played":[0.4775,0.5225],"evs":[0.0,1.0266]},"82s":{"weight":0.2118,"played":[0.059,0.941],"evs":[0.0,15.56906]},"83s":{"weight":0.0078,"played":[0.3009,0.6991],"evs":[0.0,26.68563]},"84s":{"weight":0.0373,"played":[0.0501,0.9499],"evs":[0.0,16.77853]},"85s":{"weight":0.3939,"played":[0.7838,0.2162],"evs":[0.0,13.66776]},"86s":{"weight":0.6512,"played":[0.7569,0.2431],"evs":[0.0,8.84607]},"87s":{"weight":0.1316,"played":[0.2439,0.7561],"evs":[0.0,10.47512]},"88":{"weight":0.0947,"played":[0.1285,0.8715],"evs":[0.0,8.89029]},"98o":{"weight":4.0E-4,"played":[0.4489,0.5511],"evs":[0.0,5.11667]},"T8o":{"weight":0.0,"played":[0.0167,0.9833],"evs":[0.0,10.65502]},"J8o":{"weight":0.07,"played":[0.4677,0.5323],"evs":[0.0,-4.50813]},"Q8o":{"weight":0.0031,"played":[0.9664,0.0336],"evs":[0.0,-8.16662]},"K8o":{"weight":0.1793,"played":[0.4258,0.5742],"evs":[0.0,2.09209]},"A8o":{"weight":0.0452,"played":[0.2723,0.7277],"evs":[0.0,-2.60332]},"92s":{"weight":0.1289,"played":[0.5873,0.4127],"evs":[0.0,-6.0898]},"93s":{"weight":0.2433,"played":[0.976,0.024],"evs":[0.0,-9.11168]},"94s":{"weight":0.1092,"played":[0.5,0.5],"evs":[0.0,0.0]},"95s":{"weight":0.0015,"played":[0.0218,0.9782],"evs":[0.0,1.29619]},"96s":{"weight":0.0,"played":[0.0793,0.9207],"evs":[0.0,14.14329]},"97s":{"weight":0.1548,"played":[0.268,0.732],"evs":[0.0,-3.81408]},"98s":{"weight":0.1457,"played":[0.0102,0.9898],"evs":[0.0,10.89547]},"99":{"weight":0.0745,"played":[0.9547,0.0453],"evs":[0.0,-1.91408]},"T9o":{"weight":0.0071,"played":[0.0427,0.9573],"evs":[0.0,0.78331]},"J9o":{"weight":0.017,"played":[0.9775,0.0225],"evs":[0.0,1.13604]},"Q9o":{"weight":0.3838,"played":[0.7571,0.2429],"evs":[0.0,1.29671]},"K9o":{"weight":0.2301,"played":[0.2067,0.7933],"evs":[0.0,2.86075]},"A9o":{"weight":0.6623,"played":[0.0589,0.9411],"evs":[0.0,6.51254]},"T2s":{"weight":0.2781,"played":[0.4568,0.5432],"evs":[0.0,11.58659]},"T3s":{"weight":0.0012,"played":[0.0432,0.9568],"evs":[0.0,-8.17593]},"T4s":{"weight":0.7949,"played":[0.4632,0.5368],"evs":[0.0,9.98474]},"T5s":{"weight":0.0191,"played":[0.761,0.239],"evs":[0.0,-9.1112]},"T6s":{"weight":0.4628,"played":[0.0755,0.9245],"evs":[0.0,-3.0488]},"T7s":{"weight":7.0E-4,"played":[0.4987,0.5013],"evs":[0.0,20.65994]},"T8s":{"weight":0.4081,"played":[0.9334,0.0666],"evs":[0.0,-6.41165]},"T9s":{"weight":0.3606,"played":[0.7804,0.2196],"evs":[0.0,-7.01763]},"TT":{"weight":0.0179,"played":[0.0896,0.9104],"evs":[0.0,1.76279]},"JTo":{"weight":0.3178,"played":[0.1434,0.8566],"evs":[0.0,4.97939]},"QTo":{"weight":0.3658,"played":[0.0422,0.9578],"evs":[0.0,11.60908]},"KTo":{"weight":0.2533,"played":[0.0032,0.9968],"evs":[0.0,-0.39522]},"ATo":{"weight":0.0036,"played":[0.1188,0.8812],"evs":[0.0,13.62062]},"J2s":{"weight":0.0181,"played":[0.9866,0.0134],"evs":[0.0,-2.63765]},"J3s":{"weight":0.0195,"played":[0.0474,0.9526],"evs":[0.0,2.84489]},"J4s":{"weight":6.0E-4,"played":[0.4818,0.5182],"evs":[0.0,-5.64518]},"J5s":{"weight":0.0279,"played":[0.9958,0.0042],"evs":[0.0,-9.11569]},"J6s":{"weight":0.0855,"played":[0.7661,0.2339],"evs":[0.0,12.26017]},"J7s":{"weight":0.3669,"played":[0.5,0.5],"evs":[0.0,-9.1063]},"J8s":{"weight":0.0354,"played":[0.0383,0.9617],"evs":[0.0,11.71421]},"J9s":{"weight":0.3926,"played":[0.0343,0.9657],"evs":[0.0,-1.12225]},"JTs":{"weight":0.0757,"played":[0.029,0.971],"evs":[0.0,3.28245]},"JJ":{"weight":2.0E-4,"played":[0.1146,0.8854],"evs":[0.0,4.86939]},"QJo":{"weight":0.3676,"played":[0.276,0.724],"evs":[0.0,9.03065]},"KJo":{"weight":0.1276,"played":[0.3767,0.6233],"evs":[0.0,-0.29919]},"AJo":{"weight":0.436,"played":[0.0442,0.9558],"evs":[0.0,11.95299]},"Q2s":{"weight":0.4505,"played":[0.2811,0.7189],"evs":[0.0,16.01518]},"Q3s":{"weight":0.6118,"played":[0.3308,0.6692],"evs":[0.0,5.15679]},"Q4s":{"weight":0.0598,"played":[0.3404,0.6596],"evs":[0.0,10.56546]},"Q5s":{"weight":0.0879,"played":[0.914,0.086],"evs":[0.0,-9.11569]},"Q6s":{"weight":0.1108,"played":[0.0799,0.9201],"evs":[0.0,26.3551]},"Q7s":{"weight":0.7614,"played":[0.0715,0.9285],"evs":[0.0,16.63286]},"Q8s":{"weight":0.7842,"played":[0.0879,0.9121],"evs":[0.0,31.03372]},"Q9s":{"weight":0.0213,"played":[0.5912,0.4088],"evs":[0.0,6.02812]},"QTs":{"weight":0.7065,"played":[0.1434,0.8566],"evs":[0.0,5.51688]},"QJs":{"weight":0.3161,"played":[0.3727,0.6273],"evs":[0.0,5.08507]},"QQ":{"weight":0.0018,"played":[0.2991,0.7009],"evs":[0.0,25.51497]},"KQo":{"weight":0.1103,"played":[0.9389,0.0611],"evs":[0.0,5.02061]},"AQo":{"weight":0.0,"played":[0.1753,0.8247],"evs":[0.0,11.08926]},"K2s":{"weight":0.4638,"played":[0.779,0.221],"evs":[0.0,-3.04166]},"K3s":{"weight":0.2769,"played":[0.9569,0.0431],"evs":[0.0,27.56634]},"K4s":{"weight":0.3195,"played":[0.3726,0.6274],"evs":[0.0,9.97605]},"K5s":{"weight":0.0868,"played":[0.046,0.954],"evs":[0.0,12.29137]},"K6s":{"weight":0.0373,"played":[0.5461,0.4539],"evs":[0.0,-7.90487]},"K7s":{"weight":0.3103,"played":[0.1151,0.8849],"evs":[0.0,17.0504]},"K8s":{"weight":0.8744,"played":[0.5201,0.4799],"evs":[0.0,0.23172]},"K9s":{"weight":0.9459,"played":[0.0294,0.9706],"evs":[0.0,25.43898]},"KTs":{"weight":0.3004,"played":[0.5,0.5],"evs":[0.0,0.0]},"KJs":{"weight":0.5954,"played":[0.9543,0.0457],"evs":[0.0,-7.20507]},"KQs":{"weight":0.2558,"played":[0.5,0.5],"evs":[0.0,1.76279]},"KK":{"weight":0.001,"played":[0.201,0.799],"evs":[0.0,7.02599]},"AKo":{"weight":0.0024,"played":[0.0043,0.9957],"evs":[0.0,9.63508]},"A2s":{"weight":0.0907,"played":[0.0116,0.9884],"evs":[0.0,1.76279]},"A3s":{"weight":0.4304,"played":[0.4259,0.5741],"evs":[0.0,13.3289]},"A4s":{"weight":0.2705,"played":[0.9101,0.0899],"evs":[0.0,8.74782]},"A5s":{"weight":0.1826,"played":[0.5,0.5],"evs":[0.0,31.03867]},"A6s":{"weight":0.0029,"played":[0.5,0.5],"evs":[0.0,-9.1063]},"A7s":{"weight":0.2121,"played":[0.3571,0.6429],"evs":[0.0,13.57236]},"A8s":{"weight":0.2696,"played":[0.2296,0.7704],"evs":[0.0,31.02519]},"A9s":{"weight":0.1259,"played":[0.25,0.75],"evs":[0.0,-3.67176]},"ATs":{"weight":0.0199,"played":[0.8632,0.1368],"evs":[0.0,-2.66635]},"AJs":{"weight":0.1572,"played":[0.9242,0.0758],"evs":[0.0,-2.73336]},"AQs":{"weight":0.2216,"played":[0.0505,0.9495],"evs":[0.0,29.40663]},"AKs":{"weight":0.0266,"played":[0.0017,0.9983],"evs":[0.0,26.12526]},"AA":{"weight":4.0E-4,"played":[0.0526,0.9474],"evs":[0.0,31.02914]}}}