{"player":1,"street":0,"children":2,"sequence":[{"player":0,"type":"R","amount":200000,"street":0},{"player":1,"type":"C","amount":200000,"street":0},{"player":2,"type":"F","amount":0,"street":0},{"player":3,"type":"F","amount":0,"street":0},{"player":4,"type":"R","amount":1315000,"street":0},{"player":5,"type":"C","amount":845000,"street":0},{"player":0,"type":"C","amount":435000,"street":0}],"actions":[{"type":"F","amount":0},{"type":"C","amount":1115000}],"hands":{"22":{"weight":4.0E-4,"played":[0.5398,0.4602],"evs":[0.0,0.24503]},"32o":{"weight":0.0,"played":[0.9935,0.0065],"evs":[0.0,-0.58039]},"42o":{"weight":0.0,"played":[0.908,0.092],"evs":[0.0,-0.22836]},"52o":{"weight":0.0,"played":[0.8155,0.1845],"evs":[0.0,-0.63003]},"62o":{"weight":0.0,"played":[0.966,0.034],"evs":[0.0,-4.59573]},"72o":{"weight":0.0,"played":[0.8895,0.1105],"evs":[0.0,-2.6863]},"82o":{"weight":0.0,"played":[0.9456,0.0544],"evs":[0.0,-5.47973]},"92o":{"weight":0.0,"played":[0.972,0.028],"evs":[0.0,-2.75954]},"T2o":{"weight":0.0,"played":[0.5612,0.4388],"evs":[0.0,-0.15227]},"J2o":{"weight":0.0,"played":[0.1873,0.8127],"evs":[0.0,-0.00718]},"Q2o":{"weight":0.0,"played":[0.9709,0.0291],"evs":[0.0,-2.10226]},"K2o":{"weight":0.0,"played":[0.2424,0.7576],"evs":[0.0,1.73373]},"A2o":{"weight":0.5107,"played":[0.0042,0.9958],"evs":[0.0,1.86388]},"32s":{"weight":3.0E-4,"played":[0.1851,0.8149],"evs":[0.0,0.3426]},"33":{"weight":0.0,"played":[0.5326,0.4674],"evs":[0.0,0.12383]},"43o":{"weight":0.0,"played":[0.9607,0.0393],"evs":[0.0,-3.59082]},"53o":{"weight":0.0,"played":[0.7726,0.2274],"evs":[0.0,0.44022]},"63o":{"weight":0.0,"played":[0.6536,0.3464],"evs":[0.0,-2.10693]},"73o":{"weight":0.0,"played":[0.8738,0.1262],"evs":[0.0,-1.44273]},"83o":{"weight":0.0,"played":[0.2275,0.7725],"evs":[0.0,1.10056]},"93o":{"weight":0.0,"played":[0.8461,0.1539],"evs":[0.0,-1.20276]},"T3o":{"weight":1.0E-4,"played":[0.9969,0.0031],"evs":[0.0,-0.46344]},"J3o":{"weight":1.0E-4,"played":[0.8684,0.1316],"evs":[0.0,0.55328]},"Q3o":{"weight":0.0,"played":[0.4075,0.5925],"evs":[0.0,1.82532]},"K3o":{"weight":0.0,"played":[0.337,0.663],"evs":[0.0,1.38673]},"A3o":{"weight":0.6157,"played":[0.0178,0.9822],"evs":[0.0,2.12707]},"42s":{"weight":1.0E-4,"played":[0.199,0.801],"evs":[0.0,3.14644]},"43s":{"weight":0.0,"played":[0.0769,0.9231],"evs":[0.0,1.31634]},"44":{"weight":5.0E-4,"played":[9.0E-4,0.9991],"evs":[0.0,5.46792]},"54o":{"weight":0.0,"played":[0.1147,0.8853],"evs":[0.0,5.36019]},"64o":{"weight":0.0,"played":[0.2921,0.7079],"evs":[0.0,0.46814]},"74o":{"weight":0.0,"played":[0.7559,0.2441],"evs":[0.0,-0.18034]},"84o":{"weight":0.0,"played":[0.6841,0.3159],"evs":[0.0,-1.76275]},"94o":{"weight":1.0E-4,"played":[0.9865,0.0135],"evs":[0.0,-3.33705]},"T4o":{"weight":0.0,"played":[0.6869,0.3131],"evs":[0.0,-1.94868]},"J4o":{"weight":0.0,"played":[0.8453,0.1547],"evs":[0.0,-0.7569]},"Q4o":{"weight":0.0,"played":[0.7195,0.2805],"evs":[0.0,-1.81523]},"K4o":{"weight":1.0E-4,"played":[0.8318,0.1682],"evs":[0.0,-0.76302]},"A4o":{"weight":0.8373,"played":[0.0401,0.9599],"evs":[0.0,0.6314]},"52s":{"weight":1.0E-4,"played":[0.9719,0.0281],"evs":[0.0,-5.44893]},"53s":{"weight":9.0E-4,"played":[0.0482,0.9518],"evs":[0.0,4.44123]},"54s":{"weight":0.0324,"played":[0.6933,0.3067],"evs":[0.0,0.12009]},"55":{"weight":0.1092,"played":[0.001,0.999],"evs":[0.0,5.45827]},"65o":{"weight":0.0,"played":[0.3823,0.6177],"evs":[0.0,-0.19824]},"75o":{"weight":0.0,"played":[0.5352,0.4648],"evs":[0.0,-1.40193]},"85o":{"weight":1.0E-4,"played":[0.4113,0.5887],"evs":[0.0,1.60613]},"95o":{"weight":0.0,"played":[0.8637,0.1363],"evs":[0.0,-1.27408]},"T5o":{"weight":0.0,"played":[0.5138,0.4862],"evs":[0.0,0.76502]},"J5o":{"weight":6.0E-4,"played":[0.6295,0.3705],"evs":[0.0,0.11628]},"Q5o":{"weight":1.0E-4,"played":[0.5257,0.4743],"evs":[0.0,-0.04431]},"K5o":{"weight":0.0059,"played":[0.2526,0.7474],"evs":[0.0,5.12599]},"A5o":{"weight":0.7173,"played":[0.207,0.793],"evs":[0.0,0.56477]},"62s":{"weight":0.0,"played":[0.5945,0.4055],"evs":[0.0,-1.18907]},"63s":{"weight":1.0E-4,"played":[0.2076,0.7924],"evs":[0.0,4.86934]},"64s":{"weight":1.0E-4,"played":[0.7679,0.2321],"evs":[0.0,0.42902]},"65s":{"weight":0.0081,"played":[0.0773,0.9227],"evs":[0.0,7.0814]},"66":{"weight":0.4344,"played":[0.0284,0.9716],"evs":[0.0,5.63319]},"76o":{"weight":0.0,"played":[0.2548,0.7452],"evs":[0.0,-0.36092]},"86o":{"weight":0.0,"played":[0.784,0.216],"evs":[0.0,-0.94475]},"96o":{"weight":0.0018,"played":[0.6535,0.3465],"evs":[0.0,-0.61142]},"T6o":{"weight":3.0E-4,"played":[0.9547,0.0453],"evs":[0.0,-3.12176]},"J6o":{"weight":3.0E-4,"played":[0.4501,0.5499],"evs":[0.0,0.02223]},"Q6o":{"weight":0.0,"played":[0.4119,0.5881],"evs":[0.0,0.18662]},"K6o":{"weight":0.0435,"played":[0.0314,0.9686],"evs":[0.0,0.77342]},"A6o":{"weight":0.0766,"played":[0.0236,0.9764],"evs":[0.0,4.13981]},"72s":{"weight":0.0,"played":[0.7958,0.2042],"evs":[0.0,-3.07399]},"73s":{"weight":0.0037,"played":[0.5288,0.4712],"evs":[0.0,-2.71078]},"74s":{"weight":0.009,"played":[0.2857,0.7143],"evs":[0.0,4.18513]},"75s":{"weight":0.0028,"played":[0.0424,0.9576],"evs":[0.0,3.50784]},"76s":{"weight":0.4348,"played":[0.6659,0.3341],"evs":[0.0,-0.11967]},"77":{"weight":0.8418,"played":[2.0E-4,0.9998],"evs":[0.0,10.40069]},"87o":{"weight":1.0E-4,"played":[0.1836,0.8164],"evs":[0.0,2.30992]},"97o":{"weight":3.0E-4,"played":[0.3947,0.6053],"evs":[0.0,0.44819]},"T7o":{"weight":0.0027,"played":[0.6084,0.3916],"evs":[0.0,-3.92533]},"J7o":{"weight":1.0E-4,"played":[0.2991,0.7009],"evs":[0.0,-0.38335]},"Q7o":{"weight":0.0,"played":[0.7165,0.2835],"evs":[0.0,-1.2991]},"K7o":{"weight":0.0614,"played":[0.0487,0.9513],"evs":[0.0,3.3472]},"A7o":{"weight":0.0476,"played":[0.0024,0.9976],"evs":[0.0,4.2117]},"82s":{"weight":2.0E-4,"played":[0.2668,0.7332],"evs":[0.0,4.15549]},"83s":{"weight":2.0E-4,"played":[0.7643,0.2357],"evs":[0.0,0.96471]},"84s":{"weight":3.0E-4,"played":[0.143,0.857],"evs":[0.0,-1.36119]},"85s":{"weight":8.0E-4,"played":[0.9488,0.0512],"evs":[0.0,0.23742]},"86s":{"weight":0.1554,"played":[0.0816,0.9184],"evs":[0.0,6.13872]},"87s":{"weight":0.125,"played":[0.0573,0.9427],"evs":[0.0,10.11557]},"88":{"weight":0.0309,"played":[2.0E-4,0.9998],"evs":[0.0,5.3306]},"98o":{"weight":8.0E-4,"played":[0.0484,0.9516],"evs":[0.0,1.23752]},"T8o":{"weight":2.0E-4,"played":[0.147,0.853],"evs":[0.0,-0.31673]},"J8o":{"weight":3.0E-4,"played":[0.196,0.804],"evs":[0.0,0.95428]},"Q8o":{"weight":0.0012,"played":[0.9177,0.0823],"evs":[0.0,-1.70451]},"K8o":{"weight":0.01,"played":[0.0204,0.9796],"evs":[0.0,3.92825]},"A8o":{"weight":0.0029,"played":[0.0042,0.9958],"evs":[0.0,2.01778]},"92s":{"weight":0.0012,"played":[0.3517,0.6483],"evs":[0.0,-0.71227]},"93s":{"weight":0.0,"played":[0.2,0.8],"evs":[0.0,3.85439]},"94s":{"weight":0.0015,"played":[0.006,0.994],"evs":[0.0,4.28512]},"95s":{"weight":1.0E-4,"played":[0.0224,0.9776],"evs":[0.0,2.41184]},"96s":{"weight":0.0086,"played":[0.8033,0.1967],"evs":[0.0,-1.61045]},"97s":{"weight":0.0378,"played":[0.7832,0.2168],"evs":[0.0,2.63546]},"98s":{"weight":2.0E-4,"played":[0.4102,0.5898],"evs":[0.0,4.88213]},"99":{"weight":0.992,"played":[0.0015,0.9985],"evs":[0.0,14.18409]},"T9o":{"weight":0.2338,"played":[0.0013,0.9987],"evs":[0.0,4.25933]},"J9o":{"weight":0.0025,"played":[0.0585,0.9415],"evs":[0.0,1.00539]},"Q9o":{"weight":0.1666,"played":[0.4828,0.5172],"evs":[0.0,0.9019]},"K9o":{"weight":0.9979,"played":[2.0E-4,0.9998],"evs":[0.0,4.10934]},"A9o":{"weight":0.0,"played":[0.1345,0.8655],"evs":[0.0,6.55319]},"T2s":{"weight":1.0E-4,"played":[0.0377,0.9623],"evs":[0.0,4.31325]},"T3s":{"weight":1.0E-4,"played":[0.0331,0.9669],"evs":[0.0,0.57182]},"T4s":{"weight":0.0,"played":[0.5971,0.4029],"evs":[0.0,-1.84511]},"T5s":{"weight":0.0,"played":[0.1527,0.8473],"evs":[0.0,6.38348]},"T6s":{"weight":0.0124,"played":[0.0045,0.9955],"evs":[0.0,2.36302]},"T7s":{"weight":0.2311,"played":[0.213,0.787],"evs":[0.0,1.7328]},"T8s":{"weight":0.468,"played":[0.0317,0.9683],"evs":[0.0,6.3616]},"T9s":{"weight":0.2989,"played":[0.1099,0.8901],"evs":[0.0,12.54304]},"TT":{"weight":0.9722,"played":[0.0029,0.9971],"evs":[0.0,12.65644]},"JTo":{"weight":0.9325,"played":[0.0027,0.9973],"evs":[0.0,2.81337]},"QTo":{"weight":0.9326,"played":[0.0242,0.9758],"evs":[0.0,3.83209]},"KTo":{"weight":0.9901,"played":[1.0E-4,0.9999],"evs":[0.0,3.44059]},"ATo":{"weight":0.5465,"played":[0.0079,0.9921],"evs":[0.0,7.997]},"J2s":{"weight":0.0017,"played":[0.9803,0.0197],"evs":[0.0,-4.99429]},"J3s":{"weight":0.0011,"played":[0.0896,0.9104],"evs":[0.0,5.66931]},"J4s":{"weight":4.0E-4,"played":[0.9413,0.0587],"evs":[0.0,-4.64889]},"J5s":{"weight":0.0,"played":[0.2262,0.7738],"evs":[0.0,7.41377]},"J6s":{"weight":0.0038,"played":[0.4515,0.5485],"evs":[0.0,-0.74474]},"J7s":{"weight":0.191,"played":[0.057,0.943],"evs":[0.0,4.60307]},"J8s":{"weight":0.0258,"played":[0.2599,0.7401],"evs":[0.0,-1.11245]},"J9s":{"weight":0.9783,"played":[0.01,0.99],"evs":[0.0,5.33349]},"JTs":{"weight":0.2069,"played":[0.0211,0.9789],"evs":[0.0,7.8153]},"JJ":{"weight":0.3898,"played":[0.0022,0.9978],"evs":[0.0,17.26064]},"QJo":{"weight":0.8872,"played":[2.0E-4,0.9998],"evs":[0.0,8.6425]},"KJo":{"weight":0.0912,"played":[2.0E-4,0.9998],"evs":[0.0,7.6439]},"AJo":{"weight":0.0,"played":[0.0048,0.9952],"evs":[0.0,6.14748]},"Q2s":{"weight":0.0676,"played":[0.2197,0.7803],"evs":[0.0,1.73734]},"Q3s":{"weight":4.0E-4,"played":[0.2498,0.7502],"evs":[0.0,5.84742]},"Q4s":{"weight":0.0057,"played":[0.1436,0.8564],"evs":[0.0,4.39745]},"Q5s":{"weight":0.0823,"played":[0.6033,0.3967],"evs":[0.0,-0.30333]},"Q6s":{"weight":0.1986,"played":[0.6403,0.3597],"evs":[0.0,1.70061]},"Q7s":{"weight":0.1372,"played":[0.4479,0.5521],"evs":[0.0,1.9898]},"Q8s":{"weight":0.213,"played":[0.3925,0.6075],"evs":[0.0,-0.93289]},"Q9s":{"weight":0.2541,"played":[0.1209,0.8791],"evs":[0.0,3.9558]},"QTs":{"weight":0.671,"played":[0.0152,0.9848],"evs":[0.0,10.64873]},"QJs":{"weight":0.1785,"played":[0.0011,0.9989],"evs":[0.0,10.99509]},"QQ":{"weight":0.4826,"played":[1.0E-4,0.9999],"evs":[0.0,17.04141]},"KQo":{"weight":0.2625,"played":[0.0152,0.9848],"evs":[0.0,9.09618]},"AQo":{"weight":0.738,"played":[7.0E-4,0.9993],"evs":[0.0,6.46141]},"K2s":{"weight":0.0649,"played":[0.1598,0.8402],"evs":[0.0,7.49704]},"K3s":{"weight":0.1292,"played":[0.4937,0.5063],"evs":[0.0,4.79306]},"K4s":{"weight":0.1649,"played":[0.0291,0.9709],"evs":[0.0,3.98502]},"K5s":{"weight":0.228,"played":[0.2014,0.7986],"evs":[0.0,2.44312]},"K6s":{"weight":0.4315,"played":[0.0221,0.9779],"evs":[0.0,7.00909]},"K7s":{"weight":0.9703,"played":[0.0494,0.9506],"evs":[0.0,4.65271]},"K8s":{"weight":0.3808,"played":[0.1962,0.8038],"evs":[0.0,-1.21181]},"K9s":{"weight":0.1713,"played":[0.002,0.998],"evs":[0.0,2.4153]},"KTs":{"weight":0.5516,"played":[0.0088,0.9912],"evs":[0.0,6.91794]},"KJs":{"weight":0.0723,"played":[0.0619,0.9381],"evs":[0.0,7.76812]},"KQs":{"weight":0.0945,"played":[0.0277,0.9723],"evs":[0.0,6.92145]},"KK":{"weight":0.8236,"played":[3.0E-4,0.9997],"evs":[0.0,22.30575]},"AKo":{"weight":0.319,"played":[9.0E-4,0.9991],"evs":[0.0,9.62332]},"A2s":{"weight":0.1749,"played":[0.01,0.99],"evs":[0.0,4.9141]},"A3s":{"weight":0.0408,"played":[0.0194,0.9806],"evs":[0.0,6.65082]},"A4s":{"weight":0.0057,"played":[0.1868,0.8132],"evs":[0.0,2.20097]},"A5s":{"weight":1.0E-4,"played":[0.0,1.0],"evs":[0.0,8.44741]},"A6s":{"weight":0.0308,"played":[0.0664,0.9336],"evs":[0.0,2.44069]},"A7s":{"weight":3.0E-4,"played":[0.0374,0.9626],"evs":[0.0,10.49724]},"A8s":{"weight":0.7033,"played":[0.0031,0.9969],"evs":[0.0,8.24871]},"A9s":{"weight":0.0662,"played":[0.002,0.998],"evs":[0.0,12.25901]},"ATs":{"weight":0.1138,"played":[0.0956,0.9044],"evs":[0.0,10.44808]},"AJs":{"weight":0.0,"played":[0.0083,0.9917],"evs":[0.0,13.25289]},"AQs":{"weight":0.6269,"played":[0.101,0.899],"evs":[0.0,8.21362]},"AKs":{"weight":0.1751,"played":[0.0638,0.9362],"evs":[0.0,6.75598]},"AA":{"weight":0.9731,"played":[1.0E-4,0.9999],"evs":[0.0,26.06962]}}}