{"player":1,"street":0,"children":2,"sequence":[{"player":0,"type":"R","amount":200000,"street":0},{"player":1,"type":"C","amount":200000,"street":0},{"player":2,"type":"F","amount":0,"street":0},{"player":3,"type":"C","amount":200000,"street":0},{"player":4,"type":"F","amount":0,"street":0},{"player":5,"type":"R","amount":945000,"street":0},{"player":0,"type":"F","amount":0,"street":0}],"actions":[{"type":"F","amount":0,"node":388},{"type":"C","amount":745000,"node":389}],"hands":{"22":{"weight":4.0E-4,"played":[0.5,0.5],"evs":[0.0,0.0]},"32o":{"weight":0.0,"played":[0.2193,0.7807],"evs":[0.0,-3.28456]},"42o":{"weight":0.0,"played":[0.3284,0.6716],"evs":[0.0,4.48639]},"52o":{"weight":0.0,"played":[0.5,0.5],"evs":[0.0,-8.95134]},"62o":{"weight":0.0,"played":[0.4224,0.5776],"evs":[0.0,-3.85946]},"72o":{"weight":0.0,"played":[0.9778,0.0222],"evs":[0.0,-8.91033]},"82o":{"weight":0.0,"played":[0.2319,0.7681],"evs":[0.0,-2.87967]},"92o":{"weight":0.0,"played":[0.9338,0.0662],"evs":[0.0,10.5781]},"T2o":{"weight":0.0,"played":[0.2409,0.7591],"evs":[0.0,-1.7038]},"J2o":{"weight":0.0,"played":[0.7671,0.2329],"evs":[0.0,11.86265]},"Q2o":{"weight":0.0,"played":[0.2409,0.7591],"evs":[0.0,-1.96353]},"K2o":{"weight":0.0,"played":[0.1869,0.8131],"evs":[0.0,17.5909]},"A2o":{"weight":0.5107,"played":[0.0872,0.9128],"evs":[0.0,15.49386]},"32s":{"weight":3.0E-4,"played":[0.2095,0.7905],"evs":[0.0,4.41183]},"33":{"weight":0.0,"played":[0.5,0.5],"evs":[0.0,-8.89363]},"43o":{"weight":0.0,"played":[0.5159,0.4841],"evs":[0.0,5.35189]},"53o":{"weight":0.0,"played":[0.6342,0.3658],"evs":[0.0,-7.14102]},"63o":{"weight":0.0,"played":[0.9203,0.0797],"evs":[0.0,-8.92966]},"73o":{"weight":0.0,"played":[0.9256,0.0744],"evs":[0.0,-1.90098]},"83o":{"weight":0.0,"played":[0.8852,0.1148],"evs":[0.0,26.00261]},"93o":{"weight":0.0,"played":[0.99,0.01],"evs":[0.0,-8.77971]},"T3o":{"weight":1.0E-4,"played":[0.3961,0.6039],"evs":[0.0,2.27665]},"J3o":{"weight":1.0E-4,"played":[0.8076,0.1924],"evs":[0.0,-3.95541]},"Q3o":{"weight":0.0,"played":[0.1653,0.8347],"evs":[0.0,16.95721]},"K3o":{"weight":0.0,"played":[0.9777,0.0223],"evs":[0.0,12.21079]},"A3o":{"weight":0.6157,"played":[0.951,0.049],"evs":[0.0,-8.69304]},"42s":{"weight":1.0E-4,"played":[0.9492,0.0508],"evs":[0.0,-8.89724]},"43s":{"weight":0.0,"played":[0.5,0.5],"evs":[0.0,-8.91544]},"44":{"weight":5.0E-4,"played":[0.5,0.5],"evs":[0.0,0.0]},"54o":{"weight":0.0,"played":[0.0488,0.9512],"evs":[0.0,8.92415]},"64o":{"weight":0.0,"played":[0.0668,0.9332],"evs":[0.0,25.70204]},"74o":{"weight":0.0,"played":[0.0764,0.9236],"evs":[0.0,4.47842]},"84o":{"weight":0.0,"played":[0.1289,0.8711],"evs":[0.0,13.47379]},"94o":{"weight":1.0E-4,"played":[0.7858,0.2142],"evs":[0.0,-8.9235]},"T4o":{"weight":0.0,"played":[0.4183,0.5817],"evs":[0.0,2.37373]},"J4o":{"weight":0.0,"played":[0.1117,0.8883],"evs":[0.0,21.37646]},"Q4o":{"weight":0.0,"played":[0.4828,0.5172],"evs":[0.0,22.78222]},"K4o":{"weight":1.0E-4,"played":[0.8428,0.1572],"evs":[0.0,-8.91825]},"A4o":{"weight":0.8373,"played":[0.6109,0.3891],"evs":[0.0,-7.58656]},"52s":{"weight":1.0E-4,"played":[0.5,0.5],"evs":[0.0,-0.84339]},"53s":{"weight":9.0E-4,"played":[0.5,0.5],"evs":[0.0,34.00605]},"54s":{"weight":0.0324,"played":[0.0154,0.9846],"evs":[0.0,19.56445]},"55":{"weight":0.1092,"played":[0.5,0.5],"evs":[0.0,-8.92954]},"65o":{"weight":0.0,"played":[0.5,0.5],"evs":[0.0,0.0]},"75o":{"weight":0.0,"played":[0.9599,0.0401],"evs":[0.0,-8.93104]},"85o":{"weight":1.0E-4,"played":[0.4296,0.5704],"evs":[0.0,1.73037]},"95o":{"weight":0.0,"played":[0.0912,0.9088],"evs":[0.0,31.87529]},"T5o":{"weight":0.0,"played":[0.5,0.5],"evs":[0.0,-8.92912]},"J5o":{"weight":6.0E-4,"played":[0.6306,0.3694],"evs":[0.0,0.39516]},"Q5o":{"weight":1.0E-4,"played":[0.9903,0.0097],"evs":[0.0,-6.45635]},"K5o":{"weight":0.0059,"played":[0.5,0.5],"evs":[0.0,-8.95134]},"A5o":{"weight":0.7173,"played":[0.2002,0.7998],"evs":[0.0,25.61993]},"62s":{"weight":0.0,"played":[0.4762,0.5238],"evs":[0.0,7.21966]},"63s":{"weight":1.0E-4,"played":[0.5,0.5],"evs":[0.0,0.0]},"64s":{"weight":1.0E-4,"played":[0.5,0.5],"evs":[0.0,-0.84339]},"65s":{"weight":0.0081,"played":[0.5,0.5],"evs":[0.0,0.0]},"66":{"weight":0.4344,"played":[0.336,0.664],"evs":[0.0,19.68241]},"76o":{"weight":0.0,"played":[0.8614,0.1386],"evs":[0.0,-8.91935]},"86o":{"weight":0.0,"played":[0.0209,0.9791],"evs":[0.0,5.7884]},"96o":{"weight":0.0018,"played":[0.3281,0.6719],"evs":[0.0,15.57101]},"T6o":{"weight":3.0E-4,"played":[0.3647,0.6353],"evs":[0.0,-2.41904]},"J6o":{"weight":3.0E-4,"played":[0.9948,0.0052],"evs":[0.0,-6.00631]},"Q6o":{"weight":0.0,"played":[0.2142,0.7858],"evs":[0.0,9.45423]},"K6o":{"weight":0.0435,"played":[0.0119,0.9881],"evs":[0.0,10.64923]},"A6o":{"weight":0.0766,"played":[0.3973,0.6027],"evs":[0.0,11.04182]},"72s":{"weight":0.0,"played":[0.5,0.5],"evs":[0.0,0.0]},"73s":{"weight":0.0037,"played":[0.5,0.5],"evs":[0.0,0.0]},"74s":{"weight":0.009,"played":[0.5,0.5],"evs":[0.0,0.0]},"75s":{"weight":0.0028,"played":[0.5,0.5],"evs":[0.0,-8.89364]},"76s":{"weight":0.4348,"played":[0.0596,0.9404],"evs":[0.0,-5.13774]},"77":{"weight":0.8418,"played":[0.7956,0.2044],"evs":[0.0,9.89442]},"87o":{"weight":1.0E-4,"played":[0.2494,0.7506],"evs":[0.0,0.59477]},"97o":{"weight":3.0E-4,"played":[0.121,0.879],"evs":[0.0,-0.04917]},"T7o":{"weight":0.0027,"played":[0.5,0.5],"evs":[0.0,33.96899]},"J7o":{"weight":1.0E-4,"played":[0.3727,0.6273],"evs":[0.0,-5.371]},"Q7o":{"weight":0.0,"played":[0.4825,0.5175],"evs":[0.0,-6.00838]},"K7o":{"weight":0.0614,"played":[0.5335,0.4665],"evs":[0.0,20.81321]},"A7o":{"weight":0.0476,"played":[0.5,0.5],"evs":[0.0,0.0]},"82s":{"weight":2.0E-4,"played":[0.8453,0.1547],"evs":[0.0,13.04867]},"83s":{"weight":2.0E-4,"played":[0.8845,0.1155],"evs":[0.0,-8.92954]},"84s":{"weight":3.0E-4,"played":[0.5,0.5],"evs":[0.0,0.0]},"85s":{"weight":8.0E-4,"played":[0.5,0.5],"evs":[0.0,-8.95134]},"86s":{"weight":0.1554,"played":[0.5,0.5],"evs":[0.0,0.0]},"87s":{"weight":0.125,"played":[0.5,0.5],"evs":[0.0,0.0]},"88":{"weight":0.0309,"played":[0.8428,0.1572],"evs":[0.0,15.43824]},"98o":{"weight":8.0E-4,"played":[0.9477,0.0523],"evs":[0.0,-8.91373]},"T8o":{"weight":2.0E-4,"played":[0.3633,0.6367],"evs":[0.0,10.61704]},"J8o":{"weight":3.0E-4,"played":[0.5066,0.4934],"evs":[0.0,13.13716]},"Q8o":{"weight":0.0012,"played":[0.2484,0.7516],"evs":[0.0,2.77624]},"K8o":{"weight":0.01,"played":[0.4957,0.5043],"evs":[0.0,4.79662]},"A8o":{"weight":0.0029,"played":[0.2279,0.7721],"evs":[0.0,14.16035]},"92s":{"weight":0.0012,"played":[0.5,0.5],"evs":[0.0,33.96899]},"93s":{"weight":0.0,"played":[0.5,0.5],"evs":[0.0,22.90575]},"94s":{"weight":0.0015,"played":[0.4743,0.5257],"evs":[0.0,7.25437]},"95s":{"weight":1.0E-4,"played":[0.5,0.5],"evs":[0.0,0.0]},"96s":{"weight":0.0086,"played":[0.5,0.5],"evs":[0.0,0.0]},"97s":{"weight":0.0378,"played":[0.5,0.5],"evs":[0.0,0.0]},"98s":{"weight":2.0E-4,"played":[0.5,0.5],"evs":[0.0,-0.84225]},"99":{"weight":0.992,"played":[0.5,0.5],"evs":[0.0,-0.84225]},"T9o":{"weight":0.2338,"played":[0.1979,0.8021],"evs":[0.0,3.69408]},"J9o":{"weight":0.0025,"played":[0.361,0.639],"evs":[0.0,5.4651]},"Q9o":{"weight":0.1666,"played":[0.0523,0.9477],"evs":[0.0,8.27186]},"K9o":{"weight":0.9979,"played":[0.0376,0.9624],"evs":[0.0,20.85695]},"A9o":{"weight":0.0,"played":[0.4334,0.5666],"evs":[0.0,14.89399]},"T2s":{"weight":1.0E-4,"played":[0.75,0.25],"evs":[0.0,-8.91195]},"T3s":{"weight":1.0E-4,"played":[0.5,0.5],"evs":[0.0,22.9428]},"T4s":{"weight":0.0,"played":[0.3882,0.6118],"evs":[0.0,-3.34136]},"T5s":{"weight":0.0,"played":[0.5,0.5],"evs":[0.0,0.0]},"T6s":{"weight":0.0124,"played":[0.5,0.5],"evs":[0.0,0.0]},"T7s":{"weight":0.2311,"played":[0.5,0.5],"evs":[0.0,0.0]},"T8s":{"weight":0.468,"played":[0.5,0.5],"evs":[0.0,0.0]},"T9s":{"weight":0.2989,"played":[0.8299,0.1701],"evs":[0.0,19.37748]},"TT":{"weight":0.9722,"played":[0.0183,0.9817],"evs":[0.0,0.97072]},"JTo":{"weight":0.9325,"played":[0.885,0.115],"evs":[0.0,-8.93455]},"QTo":{"weight":0.9326,"played":[0.1026,0.8974],"evs":[0.0,17.61841]},"KTo":{"weight":0.9901,"played":[0.0275,0.9725],"evs":[0.0,12.88685]},"ATo":{"weight":0.5465,"played":[0.4076,0.5924],"evs":[0.0,7.41806]},"J2s":{"weight":0.0017,"played":[0.5,0.5],"evs":[0.0,-8.93026]},"J3s":{"weight":0.0011,"played":[0.9283,0.0717],"evs":[0.0,-8.89878]},"J4s":{"weight":4.0E-4,"played":[0.5,0.5],"evs":[0.0,22.9069]},"J5s":{"weight":0.0,"played":[0.5,0.5],"evs":[0.0,33.97014]},"J6s":{"weight":0.0038,"played":[0.5,0.5],"evs":[0.0,0.0]},"J7s":{"weight":0.191,"played":[0.5,0.5],"evs":[0.0,22.9069]},"J8s":{"weight":0.0258,"played":[0.5,0.5],"evs":[0.0,0.0]},"J9s":{"weight":0.9783,"played":[0.75,0.25],"evs":[0.0,6.98832]},"JTs":{"weight":0.2069,"played":[0.5,0.5],"evs":[0.0,22.9428]},"JJ":{"weight":0.3898,"played":[0.5893,0.4107],"evs":[0.0,15.75907]},"QJo":{"weight":0.8872,"played":[0.861,0.139],"evs":[0.0,-5.34065]},"KJo":{"weight":0.0912,"played":[0.75,0.25],"evs":[0.0,6.98753]},"AJo":{"weight":0.0,"played":[0.7983,0.2017],"evs":[0.0,21.84816]},"Q2s":{"weight":0.0676,"played":[0.5,0.5],"evs":[0.0,0.0]},"Q3s":{"weight":4.0E-4,"played":[0.2366,0.7634],"evs":[0.0,15.63271]},"Q4s":{"weight":0.0057,"played":[0.2185,0.7815],"evs":[0.0,1.21439]},"Q5s":{"weight":0.0823,"played":[0.5,0.5],"evs":[0.0,0.0]},"Q6s":{"weight":0.1986,"played":[0.5,0.5],"evs":[0.0,-8.92954]},"Q7s":{"weight":0.1372,"played":[0.2799,0.7201],"evs":[0.0,7.50782]},"Q8s":{"weight":0.213,"played":[0.75,0.25],"evs":[0.0,6.99573]},"Q9s":{"weight":0.2541,"played":[0.0499,0.9501],"evs":[0.0,6.3748]},"QTs":{"weight":0.671,"played":[0.1346,0.8654],"evs":[0.0,-0.33569]},"QJs":{"weight":0.1785,"played":[0.5,0.5],"evs":[0.0,0.0]},"QQ":{"weight":0.4826,"played":[0.5,0.5],"evs":[0.0,-8.95134]},"KQo":{"weight":0.2625,"played":[0.0345,0.9655],"evs":[0.0,15.35479]},"AQo":{"weight":0.738,"played":[0.1296,0.8704],"evs":[0.0,9.56581]},"K2s":{"weight":0.0649,"played":[0.5,0.5],"evs":[0.0,0.0]},"K3s":{"weight":0.1292,"played":[0.5,0.5],"evs":[0.0,-8.91544]},"K4s":{"weight":0.1649,"played":[0.1155,0.8845],"evs":[0.0,-1.57421]},"K5s":{"weight":0.228,"played":[0.8381,0.1619],"evs":[0.0,-8.93069]},"K6s":{"weight":0.4315,"played":[0.545,0.455],"evs":[0.0,-1.45237]},"K7s":{"weight":0.9703,"played":[0.4713,0.5287],"evs":[0.0,6.55343]},"K8s":{"weight":0.3808,"played":[0.7708,0.2292],"evs":[0.0,-5.2352]},"K9s":{"weight":0.1713,"played":[0.9127,0.0873],"evs":[0.0,-7.50488]},"KTs":{"weight":0.5516,"played":[0.1268,0.8732],"evs":[0.0,-0.8361]},"KJs":{"weight":0.0723,"played":[0.5,0.5],"evs":[0.0,33.97014]},"KQs":{"weight":0.0945,"played":[0.8168,0.1832],"evs":[0.0,18.25314]},"KK":{"weight":0.8236,"played":[0.1287,0.8713],"evs":[0.0,18.77481]},"AKo":{"weight":0.319,"played":[0.0529,0.9471],"evs":[0.0,24.07646]},"A2s":{"weight":0.1749,"played":[0.8581,0.1419],"evs":[0.0,24.09095]},"A3s":{"weight":0.0408,"played":[0.5,0.5],"evs":[0.0,-8.89363]},"A4s":{"weight":0.0057,"played":[0.5,0.5],"evs":[0.0,-8.92954]},"A5s":{"weight":1.0E-4,"played":[0.5,0.5],"evs":[0.0,0.0]},"A6s":{"weight":0.0308,"played":[0.5,0.5],"evs":[0.0,22.9069]},"A7s":{"weight":3.0E-4,"played":[0.5,0.5],"evs":[0.0,-8.89363]},"A8s":{"weight":0.7033,"played":[0.5,0.5],"evs":[0.0,22.9069]},"A9s":{"weight":0.0662,"played":[0.5,0.5],"evs":[0.0,0.0]},"ATs":{"weight":0.1138,"played":[0.7774,0.2226],"evs":[0.0,14.86126]},"AJs":{"weight":0.0,"played":[0.9735,0.0265],"evs":[0.0,11.46279]},"AQs":{"weight":0.6269,"played":[0.5,0.5],"evs":[0.0,22.9069]},"AKs":{"weight":0.1751,"played":[0.2242,0.7758],"evs":[0.0,29.02952]},"AA":{"weight":0.9731,"played":[0.0148,0.9852],"evs":[0.0,31.41401]}}}