{"player":2,"street":0,"children":2,"sequence":[{"player":0,"type":"F","amount":0,"street":0},{"player":1,"type":"F","amount":0,"street":0},{"player":2,"type":"R","amount":200000,"street":0},{"player":3,"type":"F","amount":0,"street":0},{"player":4,"type":"R","amount":1315000,"street":0},{"player":5,"type":"C","amount":845000,"street":0}],"actions":[{"type":"F","amount":0},{"type":"C","amount":1115000}],"hands":{"22":{"weight":0.0088,"played":[0.2951,0.7049],"evs":[0.0,1.37959]},"32o":{"weight":0.0,"played":[0.9731,0.0269],"evs":[0.0,-2.14498]},"42o":{"weight":0.0,"played":[0.9824,0.0176],"evs":[0.0,-3.22227]},"52o":{"weight":0.0,"played":[0.9976,0.0024],"evs":[0.0,-3.04876]},"62o":{"weight":0.0,"played":[0.9702,0.0298],"evs":[0.0,-1.38047]},"72o":{"weight":0.0,"played":[0.993,0.007],"evs":[0.0,-3.74784]},"82o":{"weight":0.0,"played":[0.9953,0.0047],"evs":[0.0,-3.22429]},"92o":{"weight":0.0,"played":[0.9975,0.0025],"evs":[0.0,-3.65031]},"T2o":{"weight":0.0,"played":[0.9982,0.0018],"evs":[0.0,-3.1222]},"J2o":{"weight":0.0,"played":[0.9953,0.0047],"evs":[0.0,-2.15981]},"Q2o":{"weight":2.0E-4,"played":[0.9931,0.0069],"evs":[0.0,-2.48102]},"K2o":{"weight":1.0E-4,"played":[0.9943,0.0057],"evs":[0.0,-2.71799]},"A2o":{"weight":0.0029,"played":[0.2455,0.7545],"evs":[0.0,0.00579]},"32s":{"weight":0.0,"played":[0.6057,0.3943],"evs":[0.0,-0.25766]},"33":{"weight":0.0,"played":[0.0087,0.9913],"evs":[0.0,2.63205]},"43o":{"weight":0.0,"played":[0.9934,0.0066],"evs":[0.0,-2.2308]},"53o":{"weight":0.0,"played":[0.988,0.012],"evs":[0.0,-2.03143]},"63o":{"weight":0.0,"played":[0.9984,0.0016],"evs":[0.0,-2.00812]},"73o":{"weight":0.0,"played":[0.9998,2.0E-4],"evs":[0.0,-1.41844]},"83o":{"weight":0.0,"played":[0.9974,0.0026],"evs":[0.0,-3.43177]},"93o":{"weight":0.0,"played":[0.9998,2.0E-4],"evs":[0.0,-1.69482]},"T3o":{"weight":0.0,"played":[0.9463,0.0537],"evs":[0.0,-2.98137]},"J3o":{"weight":0.0,"played":[0.9872,0.0128],"evs":[0.0,-1.53199]},"Q3o":{"weight":1.0E-4,"played":[0.8693,0.1307],"evs":[0.0,-1.19711]},"K3o":{"weight":0.0101,"played":[0.9864,0.0136],"evs":[0.0,-1.31786]},"A3o":{"weight":0.0094,"played":[1.0E-4,0.9999],"evs":[0.0,0.75722]},"42s":{"weight":0.0,"played":[0.0021,0.9979],"evs":[0.0,1.98404]},"43s":{"weight":1.0E-4,"played":[0.4332,0.5668],"evs":[0.0,1.11835]},"44":{"weight":0.002,"played":[0.2771,0.7229],"evs":[0.0,-0.19134]},"54o":{"weight":0.0,"played":[0.764,0.236],"evs":[0.0,-2.28539]},"64o":{"weight":0.0,"played":[0.7112,0.2888],"evs":[0.0,-1.41624]},"74o":{"weight":0.0,"played":[0.9987,0.0013],"evs":[0.0,-2.89683]},"84o":{"weight":0.0,"played":[0.9911,0.0089],"evs":[0.0,-1.9653]},"94o":{"weight":0.0,"played":[0.998,0.002],"evs":[0.0,-3.02837]},"T4o":{"weight":0.0,"played":[0.9331,0.0669],"evs":[0.0,-2.68952]},"J4o":{"weight":0.0,"played":[0.9919,0.0081],"evs":[0.0,-2.63923]},"Q4o":{"weight":1.0E-4,"played":[0.9674,0.0326],"evs":[0.0,-0.89532]},"K4o":{"weight":0.0234,"played":[0.9163,0.0837],"evs":[0.0,-1.42982]},"A4o":{"weight":0.0,"played":[0.3794,0.6206],"evs":[0.0,0.02907]},"52s":{"weight":0.0,"played":[0.744,0.256],"evs":[0.0,-0.59939]},"53s":{"weight":0.0,"played":[0.2356,0.7644],"evs":[0.0,2.68252]},"54s":{"weight":0.2038,"played":[0.0976,0.9024],"evs":[0.0,1.73479]},"55":{"weight":0.0656,"played":[1.0E-4,0.9999],"evs":[0.0,4.83211]},"65o":{"weight":1.0E-4,"played":[0.1226,0.8774],"evs":[0.0,0.27388]},"75o":{"weight":1.0E-4,"played":[0.9105,0.0895],"evs":[0.0,-0.62531]},"85o":{"weight":0.0,"played":[0.8264,0.1736],"evs":[0.0,-0.75647]},"95o":{"weight":2.0E-4,"played":[0.9908,0.0092],"evs":[0.0,-1.15869]},"T5o":{"weight":0.0,"played":[0.9935,0.0065],"evs":[0.0,-2.45786]},"J5o":{"weight":2.0E-4,"played":[0.9992,8.0E-4],"evs":[0.0,-2.33873]},"Q5o":{"weight":4.0E-4,"played":[0.8913,0.1087],"evs":[0.0,-1.13572]},"K5o":{"weight":0.0164,"played":[0.9589,0.0411],"evs":[0.0,-1.6788]},"A5o":{"weight":0.0587,"played":[0.003,0.997],"evs":[0.0,0.35974]},"62s":{"weight":0.0,"played":[0.7745,0.2255],"evs":[0.0,-0.31614]},"63s":{"weight":0.0,"played":[0.3429,0.6571],"evs":[0.0,0.09972]},"64s":{"weight":0.0,"played":[0.0044,0.9956],"evs":[0.0,0.27787]},"65s":{"weight":0.0012,"played":[0.3218,0.6782],"evs":[0.0,-0.28868]},"66":{"weight":0.0056,"played":[0.0,1.0],"evs":[0.0,4.57994]},"76o":{"weight":0.0,"played":[0.9921,0.0079],"evs":[0.0,-0.52224]},"86o":{"weight":0.0,"played":[0.8472,0.1528],"evs":[0.0,-0.77909]},"96o":{"weight":1.0E-4,"played":[0.5714,0.4286],"evs":[0.0,0.06792]},"T6o":{"weight":1.0E-4,"played":[0.716,0.284],"evs":[0.0,-0.2651]},"J6o":{"weight":0.0,"played":[0.7777,0.2223],"evs":[0.0,-1.00658]},"Q6o":{"weight":3.0E-4,"played":[0.8644,0.1356],"evs":[0.0,-0.23592]},"K6o":{"weight":0.1868,"played":[0.343,0.657],"evs":[0.0,0.37543]},"A6o":{"weight":0.0036,"played":[1.0E-4,0.9999],"evs":[0.0,0.27801]},"72s":{"weight":0.0,"played":[0.289,0.711],"evs":[0.0,0.19693]},"73s":{"weight":0.0,"played":[0.8632,0.1368],"evs":[0.0,-0.36154]},"74s":{"weight":0.0,"played":[0.9492,0.0508],"evs":[0.0,-1.07703]},"75s":{"weight":0.6606,"played":[0.0371,0.9629],"evs":[0.0,3.74819]},"76s":{"weight":0.0018,"played":[0.5135,0.4865],"evs":[0.0,-0.09091]},"77":{"weight":0.2159,"played":[0.0,1.0],"evs":[0.0,6.43399]},"87o":{"weight":0.0,"played":[0.1043,0.8957],"evs":[0.0,0.40707]},"97o":{"weight":1.0E-4,"played":[0.6818,0.3182],"evs":[0.0,-1.15414]},"T7o":{"weight":0.0,"played":[0.65,0.35],"evs":[0.0,-0.50182]},"J7o":{"weight":1.0E-4,"played":[0.9842,0.0158],"evs":[0.0,-2.67997]},"Q7o":{"weight":0.0,"played":[0.9068,0.0932],"evs":[0.0,-0.69131]},"K7o":{"weight":0.8421,"played":[0.4437,0.5563],"evs":[0.0,-0.00623]},"A7o":{"weight":0.0311,"played":[0.736,0.264],"evs":[0.0,-0.51482]},"82s":{"weight":0.0,"played":[0.9986,0.0014],"evs":[0.0,-1.08763]},"83s":{"weight":0.0,"played":[0.0775,0.9225],"evs":[0.0,1.31304]},"84s":{"weight":2.0E-4,"played":[0.4404,0.5596],"evs":[0.0,0.77411]},"85s":{"weight":0.0012,"played":[0.0272,0.9728],"evs":[0.0,2.03262]},"86s":{"weight":0.3792,"played":[8.0E-4,0.9992],"evs":[0.0,2.74444]},"87s":{"weight":0.0575,"played":[0.0177,0.9823],"evs":[0.0,2.88295]},"88":{"weight":0.2033,"played":[0.0024,0.9976],"evs":[0.0,5.90664]},"98o":{"weight":0.4804,"played":[0.6348,0.3652],"evs":[0.0,0.23708]},"T8o":{"weight":0.0362,"played":[0.5375,0.4625],"evs":[0.0,-0.29658]},"J8o":{"weight":0.0129,"played":[0.6685,0.3315],"evs":[0.0,-1.11801]},"Q8o":{"weight":0.0616,"played":[0.8319,0.1681],"evs":[0.0,-1.37975]},"K8o":{"weight":0.0111,"played":[0.885,0.115],"evs":[0.0,-0.65883]},"A8o":{"weight":0.0342,"played":[2.0E-4,0.9998],"evs":[0.0,1.62716]},"92s":{"weight":1.0E-4,"played":[0.9541,0.0459],"evs":[0.0,-2.70626]},"93s":{"weight":1.0E-4,"played":[0.5835,0.4165],"evs":[0.0,-0.07457]},"94s":{"weight":0.0,"played":[0.5568,0.4432],"evs":[0.0,-1.73398]},"95s":{"weight":0.0015,"played":[0.2349,0.7651],"evs":[0.0,1.43034]},"96s":{"weight":0.4673,"played":[0.0486,0.9514],"evs":[0.0,3.51873]},"97s":{"weight":0.2074,"played":[0.514,0.486],"evs":[0.0,1.00601]},"98s":{"weight":0.0066,"played":[0.0806,0.9194],"evs":[0.0,0.72829]},"99":{"weight":0.1143,"played":[0.0,1.0],"evs":[0.0,10.44765]},"T9o":{"weight":0.2907,"played":[0.0106,0.9894],"evs":[0.0,0.98459]},"J9o":{"weight":0.2229,"played":[0.1474,0.8526],"evs":[0.0,0.04341]},"Q9o":{"weight":0.2856,"played":[0.1046,0.8954],"evs":[0.0,0.49714]},"K9o":{"weight":0.0105,"played":[0.0066,0.9934],"evs":[0.0,1.48236]},"A9o":{"weight":0.0241,"played":[0.0,1.0],"evs":[0.0,2.33847]},"T2s":{"weight":0.0,"played":[0.5409,0.4591],"evs":[0.0,-0.22371]},"T3s":{"weight":1.0E-4,"played":[0.2242,0.7758],"evs":[0.0,1.42457]},"T4s":{"weight":0.0,"played":[0.5784,0.4216],"evs":[0.0,0.33532]},"T5s":{"weight":0.0051,"played":[0.5377,0.4623],"evs":[0.0,0.84734]},"T6s":{"weight":0.2266,"played":[0.3758,0.6242],"evs":[0.0,0.62407]},"T7s":{"weight":0.7284,"played":[0.0754,0.9246],"evs":[0.0,1.46036]},"T8s":{"weight":0.0019,"played":[0.6669,0.3331],"evs":[0.0,-0.81106]},"T9s":{"weight":0.0357,"played":[0.0062,0.9938],"evs":[0.0,3.40083]},"TT":{"weight":0.4619,"played":[0.0,1.0],"evs":[0.0,11.23552]},"JTo":{"weight":0.5852,"played":[0.0366,0.9634],"evs":[0.0,1.83533]},"QTo":{"weight":0.042,"played":[1.0E-4,0.9999],"evs":[0.0,1.63663]},"KTo":{"weight":0.0129,"played":[0.0032,0.9968],"evs":[0.0,2.34257]},"ATo":{"weight":0.0207,"played":[1.0E-4,0.9999],"evs":[0.0,5.2324]},"J2s":{"weight":0.0026,"played":[0.4666,0.5334],"evs":[0.0,-0.78979]},"J3s":{"weight":0.0031,"played":[0.9991,9.0E-4],"evs":[0.0,-2.134]},"J4s":{"weight":0.0,"played":[0.5091,0.4909],"evs":[0.0,-0.6263]},"J5s":{"weight":0.8894,"played":[4.0E-4,0.9996],"evs":[0.0,0.54661]},"J6s":{"weight":0.1332,"played":[0.0281,0.9719],"evs":[0.0,1.52972]},"J7s":{"weight":0.9089,"played":[0.6401,0.3599],"evs":[0.0,1.29904]},"J8s":{"weight":0.124,"played":[0.1705,0.8295],"evs":[0.0,1.18636]},"J9s":{"weight":0.3773,"played":[0.0064,0.9936],"evs":[0.0,4.15094]},"JTs":{"weight":0.6365,"played":[0.0,1.0],"evs":[0.0,2.00671]},"JJ":{"weight":0.3984,"played":[0.0,1.0],"evs":[0.0,11.71677]},"QJo":{"weight":0.0326,"played":[4.0E-4,0.9996],"evs":[0.0,2.00959]},"KJo":{"weight":0.1359,"played":[0.0018,0.9982],"evs":[0.0,2.13534]},"AJo":{"weight":0.0609,"played":[0.0,1.0],"evs":[0.0,7.43293]},"Q2s":{"weight":0.0088,"played":[0.772,0.228],"evs":[0.0,-1.22294]},"Q3s":{"weight":0.0386,"played":[0.4006,0.5994],"evs":[0.0,-0.69637]},"Q4s":{"weight":0.1713,"played":[0.8239,0.1761],"evs":[0.0,-1.68303]},"Q5s":{"weight":0.2709,"played":[0.1321,0.8679],"evs":[0.0,-0.08535]},"Q6s":{"weight":0.0875,"played":[0.6627,0.3373],"evs":[0.0,-2.03757]},"Q7s":{"weight":0.3122,"played":[0.4121,0.5879],"evs":[0.0,0.79287]},"Q8s":{"weight":0.1059,"played":[0.0178,0.9822],"evs":[0.0,0.15988]},"Q9s":{"weight":0.0485,"played":[4.0E-4,0.9996],"evs":[0.0,4.33088]},"QTs":{"weight":0.118,"played":[0.059,0.941],"evs":[0.0,3.63858]},"QJs":{"weight":0.0672,"played":[5.0E-4,0.9995],"evs":[0.0,5.99328]},"QQ":{"weight":0.9145,"played":[0.0,1.0],"evs":[0.0,16.64174]},"KQo":{"weight":0.0611,"played":[6.0E-4,0.9994],"evs":[0.0,3.05595]},"AQo":{"weight":0.0031,"played":[0.0,1.0],"evs":[0.0,8.6533]},"K2s":{"weight":0.0066,"played":[0.8399,0.1601],"evs":[0.0,-0.92526]},"K3s":{"weight":0.3666,"played":[0.6431,0.3569],"evs":[0.0,0.90809]},"K4s":{"weight":0.0197,"played":[0.1864,0.8136],"evs":[0.0,-0.05783]},"K5s":{"weight":0.0045,"played":[0.1056,0.8944],"evs":[0.0,3.56566]},"K6s":{"weight":4.0E-4,"played":[0.4227,0.5773],"evs":[0.0,0.28029]},"K7s":{"weight":0.0035,"played":[0.2055,0.7945],"evs":[0.0,2.81762]},"K8s":{"weight":0.1828,"played":[6.0E-4,0.9994],"evs":[0.0,2.95592]},"K9s":{"weight":0.0446,"played":[0.2115,0.7885],"evs":[0.0,2.57002]},"KTs":{"weight":0.0058,"played":[4.0E-4,0.9996],"evs":[0.0,2.17116]},"KJs":{"weight":0.2289,"played":[6.0E-4,0.9994],"evs":[0.0,4.22795]},"KQs":{"weight":0.2268,"played":[0.0,1.0],"evs":[0.0,3.96653]},"KK":{"weight":0.8568,"played":[0.0,1.0],"evs":[0.0,18.40441]},"AKo":{"weight":0.512,"played":[0.0,1.0],"evs":[0.0,10.44089]},"A2s":{"weight":0.0,"played":[0.0014,0.9986],"evs":[0.0,2.92772]},"A3s":{"weight":9.0E-4,"played":[0.1939,0.8061],"evs":[0.0,1.11703]},"A4s":{"weight":0.1415,"played":[0.0,1.0],"evs":[0.0,3.97827]},"A5s":{"weight":0.0012,"played":[0.1478,0.8522],"evs":[0.0,2.87341]},"A6s":{"weight":0.0555,"played":[0.0,1.0],"evs":[0.0,2.67719]},"A7s":{"weight":0.0193,"played":[0.0035,0.9965],"evs":[0.0,3.4648]},"A8s":{"weight":3.0E-4,"played":[0.02,0.98],"evs":[0.0,3.01095]},"A9s":{"weight":0.121,"played":[0.001,0.999],"evs":[0.0,5.41501]},"ATs":{"weight":0.9387,"played":[3.0E-4,0.9997],"evs":[0.0,7.91226]},"AJs":{"weight":0.01,"played":[6.0E-4,0.9994],"evs":[0.0,8.32201]},"AQs":{"weight":0.1487,"played":[0.0065,0.9935],"evs":[0.0,9.83915]},"AKs":{"weight":0.6523,"played":[0.0013,0.9987],"evs":[0.0,11.133]},"AA":{"weight":0.9967,"played":[0.0,1.0],"evs":[0.0,23.68577]}}}