{"player":1,"street":0,"children":2,"sequence":[{"player":0,"type":"R","amount":200000,"street":0},{"player":1,"type":"C","amount":200000,"street":0},{"player":2,"type":"F","amount":0,"street":0},{"player":3,"type":"C","amount":200000,"street":0},{"player":4,"type":"R","amount":1315000,"street":0},{"player":5,"type":"F","amount":0,"street":0},{"player":0,"type":"F","amount":0,"street":0}],"actions":[{"type":"F","amount":0,"node":396},{"type":"C","amount":1115000,"node":397}],"hands":{"22":{"weight":4.0E-4,"played":[0.8324,0.1676],"evs":[0.0,13.9365]},"32o":{"weight":0.0,"played":[0.8791,0.1209],"evs":[0.0,-13.40152]},"42o":{"weight":0.0,"played":[0.3671,0.6329],"evs":[0.0,-3.62262]},"52o":{"weight":0.0,"played":[0.9826,0.0174],"evs":[0.0,-0.16775]},"62o":{"weight":0.0,"played":[0.0294,0.9706],"evs":[0.0,24.99219]},"72o":{"weight":0.0,"played":[0.5,0.5],"evs":[0.0,38.69634]},"82o":{"weight":0.0,"played":[0.013,0.987],"evs":[0.0,-0.34099]},"92o":{"weight":0.0,"played":[0.9627,0.0373],"evs":[0.0,-7.34079]},"T2o":{"weight":0.0,"played":[0.3139,0.6861],"evs":[0.0,9.73343]},"J2o":{"weight":0.0,"played":[0.1746,0.8254],"evs":[0.0,-2.78624]},"Q2o":{"weight":0.0,"played":[0.2853,0.7147],"evs":[0.0,6.15941]},"K2o":{"weight":0.0,"played":[0.1534,0.8466],"evs":[0.0,-0.81099]},"A2o":{"weight":0.5107,"played":[0.1511,0.8489],"evs":[0.0,11.31675]},"32s":{"weight":3.0E-4,"played":[0.8078,0.1922],"evs":[0.0,11.89697]},"33":{"weight":0.0,"played":[0.0236,0.9764],"evs":[0.0,19.90936]},"43o":{"weight":0.0,"played":[0.5412,0.4588],"evs":[0.0,10.65833]},"53o":{"weight":0.0,"played":[0.5,0.5],"evs":[0.0,-13.42354]},"63o":{"weight":0.0,"played":[0.5843,0.4157],"evs":[0.0,-3.18736]},"73o":{"weight":0.0,"played":[0.1395,0.8605],"evs":[0.0,1.12812]},"83o":{"weight":0.0,"played":[0.432,0.568],"evs":[0.0,-7.1542]},"93o":{"weight":0.0,"played":[0.9835,0.0165],"evs":[0.0,-13.42391]},"T3o":{"weight":1.0E-4,"played":[0.9957,0.0043],"evs":[0.0,-13.40604]},"J3o":{"weight":1.0E-4,"played":[0.9769,0.0231],"evs":[0.0,9.5434]},"Q3o":{"weight":0.0,"played":[0.933,0.067],"evs":[0.0,-13.40418]},"K3o":{"weight":0.0,"played":[0.0087,0.9913],"evs":[0.0,-1.92314]},"A3o":{"weight":0.6157,"played":[0.1924,0.8076],"evs":[0.0,24.35872]},"42s":{"weight":1.0E-4,"played":[0.9506,0.0494],"evs":[0.0,-13.41876]},"43s":{"weight":0.0,"played":[0.5,0.5],"evs":[0.0,0.0]},"44":{"weight":5.0E-4,"played":[0.5,0.5],"evs":[0.0,0.0]},"54o":{"weight":0.0,"played":[0.5,0.5],"evs":[0.0,-13.40171]},"64o":{"weight":0.0,"played":[0.2677,0.7323],"evs":[0.0,-5.33221]},"74o":{"weight":0.0,"played":[0.2491,0.7509],"evs":[0.0,12.66032]},"84o":{"weight":0.0,"played":[0.2144,0.7856],"evs":[0.0,14.80836]},"94o":{"weight":1.0E-4,"played":[0.0169,0.9831],"evs":[0.0,-1.20898]},"T4o":{"weight":0.0,"played":[0.8728,0.1272],"evs":[0.0,0.13305]},"J4o":{"weight":0.0,"played":[0.5,0.5],"evs":[0.0,-13.38686]},"Q4o":{"weight":0.0,"played":[0.3992,0.6008],"evs":[0.0,8.98776]},"K4o":{"weight":1.0E-4,"played":[0.0329,0.9671],"evs":[0.0,-9.99351]},"A4o":{"weight":0.8373,"played":[0.0115,0.9885],"evs":[0.0,3.39699]},"52s":{"weight":1.0E-4,"played":[0.7512,0.2488],"evs":[0.0,-4.87012]},"53s":{"weight":9.0E-4,"played":[0.8269,0.1731],"evs":[0.0,-8.91293]},"54s":{"weight":0.0324,"played":[0.1474,0.8526],"evs":[0.0,1.94191]},"55":{"weight":0.1092,"played":[0.5118,0.4882],"evs":[0.0,1.88767]},"65o":{"weight":0.0,"played":[0.6731,0.3269],"evs":[0.0,-2.21098]},"75o":{"weight":0.0,"played":[0.9885,0.0115],"evs":[0.0,4.11924]},"85o":{"weight":1.0E-4,"played":[0.3769,0.6231],"evs":[0.0,5.87316]},"95o":{"weight":0.0,"played":[0.2503,0.7497],"evs":[0.0,1.08591]},"T5o":{"weight":0.0,"played":[0.9457,0.0543],"evs":[0.0,-4.27241]},"J5o":{"weight":6.0E-4,"played":[0.1213,0.8787],"evs":[0.0,-3.45165]},"Q5o":{"weight":1.0E-4,"played":[0.4841,0.5159],"evs":[0.0,-7.61655]},"K5o":{"weight":0.0059,"played":[0.2138,0.7862],"evs":[0.0,-1.72479]},"A5o":{"weight":0.7173,"played":[0.235,0.765],"evs":[0.0,7.91807]},"62s":{"weight":0.0,"played":[0.4807,0.5193],"evs":[0.0,-10.08379]},"63s":{"weight":1.0E-4,"played":[0.5,0.5],"evs":[0.0,0.0]},"64s":{"weight":1.0E-4,"played":[0.5,0.5],"evs":[0.0,0.0]},"65s":{"weight":0.0081,"played":[0.5,0.5],"evs":[0.0,38.69518]},"66":{"weight":0.4344,"played":[0.016,0.984],"evs":[0.0,29.82267]},"76o":{"weight":0.0,"played":[0.7922,0.2078],"evs":[0.0,17.038]},"86o":{"weight":0.0,"played":[0.0326,0.9674],"evs":[0.0,15.95292]},"96o":{"weight":0.0018,"played":[0.5,0.5],"evs":[0.0,-13.42229]},"T6o":{"weight":3.0E-4,"played":[0.2398,0.7602],"evs":[0.0,-3.93947]},"J6o":{"weight":3.0E-4,"played":[0.5,0.5],"evs":[0.0,27.6926]},"Q6o":{"weight":0.0,"played":[0.3674,0.6326],"evs":[0.0,-7.01957]},"K6o":{"weight":0.0435,"played":[0.4443,0.5557],"evs":[0.0,0.41462]},"A6o":{"weight":0.0766,"played":[0.8924,0.1076],"evs":[0.0,27.50783]},"72s":{"weight":0.0,"played":[0.5,0.5],"evs":[0.0,0.0]},"73s":{"weight":0.0037,"played":[0.8893,0.1107],"evs":[0.0,-13.42229]},"74s":{"weight":0.009,"played":[0.9443,0.0557],"evs":[0.0,2.43999]},"75s":{"weight":0.0028,"played":[0.25,0.75],"evs":[0.0,-0.9625]},"76s":{"weight":0.4348,"played":[0.5,0.5],"evs":[0.0,-13.42229]},"77":{"weight":0.8418,"played":[0.0653,0.9347],"evs":[0.0,6.72242]},"87o":{"weight":1.0E-4,"played":[0.2016,0.7984],"evs":[0.0,14.12061]},"97o":{"weight":3.0E-4,"played":[0.1303,0.8697],"evs":[0.0,12.50082]},"T7o":{"weight":0.0027,"played":[0.5635,0.4365],"evs":[0.0,22.53772]},"J7o":{"weight":1.0E-4,"played":[0.4979,0.5021],"evs":[0.0,-1.93722]},"Q7o":{"weight":0.0,"played":[0.1596,0.8404],"evs":[0.0,-0.29678]},"K7o":{"weight":0.0614,"played":[0.0316,0.9684],"evs":[0.0,9.52614]},"A7o":{"weight":0.0476,"played":[0.1728,0.8272],"evs":[0.0,33.56661]},"82s":{"weight":2.0E-4,"played":[0.5,0.5],"evs":[0.0,3.56657]},"83s":{"weight":2.0E-4,"played":[0.5,0.5],"evs":[0.0,-13.42229]},"84s":{"weight":3.0E-4,"played":[0.1708,0.8292],"evs":[0.0,34.93702]},"85s":{"weight":8.0E-4,"played":[0.5,0.5],"evs":[0.0,27.69268]},"86s":{"weight":0.1554,"played":[0.5,0.5],"evs":[0.0,-13.43714]},"87s":{"weight":0.125,"played":[0.5,0.5],"evs":[0.0,0.0]},"88":{"weight":0.0309,"played":[0.5,0.5],"evs":[0.0,-13.38686]},"98o":{"weight":8.0E-4,"played":[0.7799,0.2201],"evs":[0.0,-10.36576]},"T8o":{"weight":2.0E-4,"played":[0.0123,0.9877],"evs":[0.0,11.63053]},"J8o":{"weight":3.0E-4,"played":[0.0406,0.9594],"evs":[0.0,17.0269]},"Q8o":{"weight":0.0012,"played":[0.7708,0.2292],"evs":[0.0,3.09882]},"K8o":{"weight":0.01,"played":[0.3307,0.6693],"evs":[0.0,14.63005]},"A8o":{"weight":0.0029,"played":[0.0432,0.9568],"evs":[0.0,-6.62528]},"92s":{"weight":0.0012,"played":[0.5,0.5],"evs":[0.0,-13.40171]},"93s":{"weight":0.0,"played":[0.0324,0.9676],"evs":[0.0,-10.75898]},"94s":{"weight":0.0015,"played":[0.9555,0.0445],"evs":[0.0,-13.40366]},"95s":{"weight":1.0E-4,"played":[0.5,0.5],"evs":[0.0,-13.4222]},"96s":{"weight":0.0086,"played":[0.1342,0.8658],"evs":[0.0,-2.38704]},"97s":{"weight":0.0378,"played":[0.0506,0.9494],"evs":[0.0,-11.70388]},"98s":{"weight":2.0E-4,"played":[0.5,0.5],"evs":[0.0,0.0]},"99":{"weight":0.992,"played":[9.0E-4,0.9991],"evs":[0.0,-0.1034]},"T9o":{"weight":0.2338,"played":[0.6483,0.3517],"evs":[0.0,16.93212]},"J9o":{"weight":0.0025,"played":[0.5,0.5],"evs":[0.0,0.0]},"Q9o":{"weight":0.1666,"played":[0.0064,0.9936],"evs":[0.0,14.41196]},"K9o":{"weight":0.9979,"played":[0.0256,0.9744],"evs":[0.0,0.02926]},"A9o":{"weight":0.0,"played":[0.0926,0.9074],"evs":[0.0,27.69267]},"T2s":{"weight":1.0E-4,"played":[0.5,0.5],"evs":[0.0,0.0]},"T3s":{"weight":1.0E-4,"played":[0.5,0.5],"evs":[0.0,0.0]},"T4s":{"weight":0.0,"played":[0.2539,0.7461],"evs":[0.0,14.65647]},"T5s":{"weight":0.0,"played":[0.5,0.5],"evs":[0.0,0.0]},"T6s":{"weight":0.0124,"played":[0.5,0.5],"evs":[0.0,0.0]},"T7s":{"weight":0.2311,"played":[0.5,0.5],"evs":[0.0,-13.40171]},"T8s":{"weight":0.468,"played":[0.5,0.5],"evs":[0.0,0.0]},"T9s":{"weight":0.2989,"played":[0.5,0.5],"evs":[0.0,27.6926]},"TT":{"weight":0.9722,"played":[0.029,0.971],"evs":[0.0,30.33158]},"JTo":{"weight":0.9325,"played":[0.1308,0.8692],"evs":[0.0,6.48484]},"QTo":{"weight":0.9326,"played":[0.3219,0.6781],"evs":[0.0,4.06456]},"KTo":{"weight":0.9901,"played":[0.3282,0.6718],"evs":[0.0,10.33663]},"ATo":{"weight":0.5465,"played":[0.8713,0.1287],"evs":[0.0,-13.4071]},"J2s":{"weight":0.0017,"played":[0.1335,0.8665],"evs":[0.0,4.63046]},"J3s":{"weight":0.0011,"played":[0.5,0.5],"evs":[0.0,-13.40171]},"J4s":{"weight":4.0E-4,"played":[0.5,0.5],"evs":[0.0,27.72802]},"J5s":{"weight":0.0,"played":[0.5,0.5],"evs":[0.0,27.69268]},"J6s":{"weight":0.0038,"played":[0.5,0.5],"evs":[0.0,-13.42229]},"J7s":{"weight":0.191,"played":[0.5871,0.4129],"evs":[0.0,-1.8036]},"J8s":{"weight":0.0258,"played":[0.5,0.5],"evs":[0.0,-13.42229]},"J9s":{"weight":0.9783,"played":[0.0865,0.9135],"evs":[0.0,16.4953]},"JTs":{"weight":0.2069,"played":[0.5,0.5],"evs":[0.0,0.0]},"JJ":{"weight":0.3898,"played":[0.1821,0.8179],"evs":[0.0,1.56401]},"QJo":{"weight":0.8872,"played":[0.7541,0.2459],"evs":[0.0,6.39182]},"KJo":{"weight":0.0912,"played":[0.2214,0.7786],"evs":[0.0,22.74242]},"AJo":{"weight":0.0,"played":[0.0246,0.9754],"evs":[0.0,8.14641]},"Q2s":{"weight":0.0676,"played":[0.1137,0.8863],"evs":[0.0,9.12918]},"Q3s":{"weight":4.0E-4,"played":[0.5,0.5],"evs":[0.0,0.0]},"Q4s":{"weight":0.0057,"played":[0.5,0.5],"evs":[0.0,-13.42229]},"Q5s":{"weight":0.0823,"played":[0.5,0.5],"evs":[0.0,0.0]},"Q6s":{"weight":0.1986,"played":[0.5,0.5],"evs":[0.0,0.0]},"Q7s":{"weight":0.1372,"played":[0.2758,0.7242],"evs":[0.0,10.5702]},"Q8s":{"weight":0.213,"played":[0.5,0.5],"evs":[0.0,0.0]},"Q9s":{"weight":0.2541,"played":[0.7786,0.2214],"evs":[0.0,-13.39514]},"QTs":{"weight":0.671,"played":[0.2352,0.7648],"evs":[0.0,6.49717]},"QJs":{"weight":0.1785,"played":[0.25,0.75],"evs":[0.0,27.69268]},"QQ":{"weight":0.4826,"played":[0.5,0.5],"evs":[0.0,-13.43714]},"KQo":{"weight":0.2625,"played":[0.542,0.458],"evs":[0.0,6.3216]},"AQo":{"weight":0.738,"played":[0.4116,0.5884],"evs":[0.0,-7.91723]},"K2s":{"weight":0.0649,"played":[0.5,0.5],"evs":[0.0,27.72802]},"K3s":{"weight":0.1292,"played":[0.5,0.5],"evs":[0.0,27.6926]},"K4s":{"weight":0.1649,"played":[0.9741,0.0259],"evs":[0.0,-13.42039]},"K5s":{"weight":0.228,"played":[0.5,0.5],"evs":[0.0,-13.42346]},"K6s":{"weight":0.4315,"played":[0.0335,0.9665],"evs":[0.0,25.36263]},"K7s":{"weight":0.9703,"played":[0.5269,0.4731],"evs":[0.0,13.42972]},"K8s":{"weight":0.3808,"played":[0.5,0.5],"evs":[0.0,27.72802]},"K9s":{"weight":0.1713,"played":[0.5,0.5],"evs":[0.0,0.0]},"KTs":{"weight":0.5516,"played":[0.5,0.5],"evs":[0.0,5.85086]},"KJs":{"weight":0.0723,"played":[0.9185,0.0815],"evs":[0.0,-13.42327]},"KQs":{"weight":0.0945,"played":[0.041,0.959],"evs":[0.0,37.79207]},"KK":{"weight":0.8236,"played":[0.2873,0.7127],"evs":[0.0,10.26329]},"AKo":{"weight":0.319,"played":[0.0471,0.9529],"evs":[0.0,27.62145]},"A2s":{"weight":0.1749,"played":[0.5,0.5],"evs":[0.0,-13.40171]},"A3s":{"weight":0.0408,"played":[0.2234,0.7766],"evs":[0.0,8.9864]},"A4s":{"weight":0.0057,"played":[0.5,0.5],"evs":[0.0,-13.38686]},"A5s":{"weight":1.0E-4,"played":[0.5,0.5],"evs":[0.0,0.0]},"A6s":{"weight":0.0308,"played":[0.2047,0.7953],"evs":[0.0,7.91594]},"A7s":{"weight":3.0E-4,"played":[0.0267,0.9733],"evs":[0.0,38.69526]},"A8s":{"weight":0.7033,"played":[0.2191,0.7809],"evs":[0.0,-3.67648]},"A9s":{"weight":0.0662,"played":[0.5,0.5],"evs":[0.0,27.69268]},"ATs":{"weight":0.1138,"played":[0.5,0.5],"evs":[0.0,3.56665]},"AJs":{"weight":0.0,"played":[0.0405,0.9595],"evs":[0.0,5.51859]},"AQs":{"weight":0.6269,"played":[0.75,0.25],"evs":[0.0,12.63645]},"AKs":{"weight":0.1751,"played":[0.1777,0.8223],"evs":[0.0,12.13868]},"AA":{"weight":0.9731,"played":[0.0998,0.9002],"evs":[0.0,36.50531]}}}