{"player":3,"street":0,"children":2,"sequence":[{"player":0,"type":"R","amount":200000,"street":0},{"player":1,"type":"C","amount":200000,"street":0},{"player":2,"type":"F","amount":0,"street":0},{"player":3,"type":"C","amount":200000,"street":0},{"player":4,"type":"R","amount":1315000,"street":0},{"player":5,"type":"F","amount":0,"street":0},{"player":0,"type":"C","amount":435000,"street":0},{"player":1,"type":"F","amount":0,"street":0}],"actions":[{"type":"F","amount":0},{"type":"C","amount":545000}],"hands":{"22":{"weight":0.0013,"played":[0.8076,0.1924],"evs":[0.0,-5.71711]},"32o":{"weight":1.0E-4,"played":[0.5588,0.4412],"evs":[0.0,-1.44471]},"42o":{"weight":1.0E-4,"played":[0.6896,0.3104],"evs":[0.0,0.72654]},"52o":{"weight":2.0E-4,"played":[0.3067,0.6933],"evs":[0.0,-0.16998]},"62o":{"weight":1.0E-4,"played":[0.9248,0.0752],"evs":[0.0,-4.38813]},"72o":{"weight":0.0,"played":[0.1466,0.8534],"evs":[0.0,11.80452]},"82o":{"weight":0.0,"played":[0.3505,0.6495],"evs":[0.0,12.35332]},"92o":{"weight":2.0E-4,"played":[0.2713,0.7287],"evs":[0.0,4.18876]},"T2o":{"weight":0.0,"played":[0.8256,0.1744],"evs":[0.0,-0.95868]},"J2o":{"weight":0.0031,"played":[0.1864,0.8136],"evs":[0.0,2.8607]},"Q2o":{"weight":0.0012,"played":[0.1955,0.8045],"evs":[0.0,8.27647]},"K2o":{"weight":0.0642,"played":[0.328,0.672],"evs":[0.0,4.90409]},"A2o":{"weight":0.0052,"played":[0.3202,0.6798],"evs":[0.0,-0.85978]},"32s":{"weight":9.0E-4,"played":[0.8601,0.1399],"evs":[0.0,-6.56752]},"33":{"weight":0.0928,"played":[0.9896,0.0104],"evs":[0.0,1.90384]},"43o":{"weight":0.0,"played":[0.1455,0.8545],"evs":[0.0,8.66625]},"53o":{"weight":3.0E-4,"played":[0.0928,0.9072],"evs":[0.0,6.69713]},"63o":{"weight":0.0011,"played":[0.6542,0.3458],"evs":[0.0,1.16426]},"73o":{"weight":1.0E-4,"played":[0.9951,0.0049],"evs":[0.0,-6.11025]},"83o":{"weight":2.0E-4,"played":[0.2143,0.7857],"evs":[0.0,14.24203]},"93o":{"weight":9.0E-4,"played":[0.9254,0.0746],"evs":[0.0,-6.05831]},"T3o":{"weight":3.0E-4,"played":[0.8292,0.1708],"evs":[0.0,-5.82737]},"J3o":{"weight":4.0E-4,"played":[0.6985,0.3015],"evs":[0.0,4.78798]},"Q3o":{"weight":1.0E-4,"played":[0.4137,0.5863],"evs":[0.0,-0.53702]},"K3o":{"weight":0.0137,"played":[0.189,0.811],"evs":[0.0,11.31016]},"A3o":{"weight":0.0127,"played":[0.7846,0.2154],"evs":[0.0,-0.52304]},"42s":{"weight":1.0E-4,"played":[0.5,0.5],"evs":[0.0,-6.74519]},"43s":{"weight":0.0039,"played":[0.5748,0.4252],"evs":[0.0,20.47459]},"44":{"weight":0.5349,"played":[0.0242,0.9758],"evs":[0.0,4.15715]},"54o":{"weight":0.0163,"played":[0.2649,0.7351],"evs":[0.0,10.44679]},"64o":{"weight":0.0088,"played":[0.61,0.39],"evs":[0.0,2.9281]},"74o":{"weight":0.0,"played":[0.3157,0.6843],"evs":[0.0,3.75903]},"84o":{"weight":0.0,"played":[0.4243,0.5757],"evs":[0.0,1.4123]},"94o":{"weight":1.0E-4,"played":[0.6043,0.3957],"evs":[0.0,-0.26314]},"T4o":{"weight":5.0E-4,"played":[0.2774,0.7226],"evs":[0.0,8.49248]},"J4o":{"weight":0.0019,"played":[0.997,0.003],"evs":[0.0,-6.3096]},"Q4o":{"weight":4.0E-4,"played":[0.5292,0.4708],"evs":[0.0,-4.20709]},"K4o":{"weight":0.0,"played":[0.0802,0.9198],"evs":[0.0,8.32211]},"A4o":{"weight":0.0048,"played":[0.911,0.089],"evs":[0.0,-6.73909]},"52s":{"weight":0.0078,"played":[0.0839,0.9161],"evs":[0.0,-0.44487]},"53s":{"weight":0.012,"played":[0.3791,0.6209],"evs":[0.0,7.30273]},"54s":{"weight":0.048,"played":[0.9922,0.0078],"evs":[0.0,-6.70161]},"55":{"weight":0.0055,"played":[0.175,0.825],"evs":[0.0,21.08409]},"65o":{"weight":3.0E-4,"played":[0.9931,0.0069],"evs":[0.0,-2.15754]},"75o":{"weight":7.0E-4,"played":[0.4096,0.5904],"evs":[0.0,5.82904]},"85o":{"weight":0.0027,"played":[0.913,0.087],"evs":[0.0,-5.21783]},"95o":{"weight":1.0E-4,"played":[0.0921,0.9079],"evs":[0.0,8.43697]},"T5o":{"weight":0.0033,"played":[0.6469,0.3531],"evs":[0.0,-3.8259]},"J5o":{"weight":1.0E-4,"played":[0.6545,0.3455],"evs":[0.0,3.07953]},"Q5o":{"weight":0.012,"played":[0.1643,0.8357],"evs":[0.0,4.90461]},"K5o":{"weight":0.0021,"played":[0.0561,0.9439],"evs":[0.0,9.82532]},"A5o":{"weight":0.0106,"played":[0.3158,0.6842],"evs":[0.0,-1.43822]},"62s":{"weight":0.0,"played":[0.5,0.5],"evs":[0.0,0.0]},"63s":{"weight":0.0016,"played":[0.982,0.018],"evs":[0.0,-6.74101]},"64s":{"weight":0.8582,"played":[0.8986,0.1014],"evs":[0.0,-6.63349]},"65s":{"weight":0.3066,"played":[0.8378,0.1622],"evs":[0.0,-4.01131]},"66":{"weight":0.155,"played":[0.918,0.082],"evs":[0.0,1.98513]},"76o":{"weight":0.1039,"played":[0.2485,0.7515],"evs":[0.0,9.55459]},"86o":{"weight":0.0055,"played":[0.5239,0.4761],"evs":[0.0,9.09778]},"96o":{"weight":4.0E-4,"played":[0.3387,0.6613],"evs":[0.0,-1.03687]},"T6o":{"weight":6.0E-4,"played":[0.7948,0.2052],"evs":[0.0,-0.21531]},"J6o":{"weight":2.0E-4,"played":[0.7138,0.2862],"evs":[0.0,-1.52038]},"Q6o":{"weight":0.088,"played":[0.6627,0.3373],"evs":[0.0,-4.09938]},"K6o":{"weight":0.1277,"played":[0.1719,0.8281],"evs":[0.0,8.14382]},"A6o":{"weight":0.0147,"played":[0.0376,0.9624],"evs":[0.0,7.93452]},"72s":{"weight":0.0958,"played":[0.3755,0.6245],"evs":[0.0,0.49755]},"73s":{"weight":0.1904,"played":[0.5427,0.4573],"evs":[0.0,-2.57372]},"74s":{"weight":0.0,"played":[0.4254,0.5746],"evs":[0.0,-5.17683]},"75s":{"weight":0.1088,"played":[0.5633,0.4367],"evs":[0.0,-1.10992]},"76s":{"weight":0.0974,"played":[0.7787,0.2213],"evs":[0.0,-6.74519]},"77":{"weight":0.397,"played":[0.1105,0.8895],"evs":[0.0,8.14192]},"87o":{"weight":0.0078,"played":[0.6245,0.3755],"evs":[0.0,-3.47055]},"97o":{"weight":8.0E-4,"played":[0.207,0.793],"evs":[0.0,3.49634]},"T7o":{"weight":0.0035,"played":[0.1418,0.8582],"evs":[0.0,13.73354]},"J7o":{"weight":0.0,"played":[0.9942,0.0058],"evs":[0.0,-6.0309]},"Q7o":{"weight":0.0113,"played":[0.4994,0.5006],"evs":[0.0,-2.88245]},"K7o":{"weight":0.1283,"played":[1.0E-4,0.9999],"evs":[0.0,10.27628]},"A7o":{"weight":0.1093,"played":[0.1418,0.8582],"evs":[0.0,3.58466]},"82s":{"weight":0.0707,"played":[0.8713,0.1287],"evs":[0.0,-6.74066]},"83s":{"weight":1.0E-4,"played":[0.7398,0.2602],"evs":[0.0,-3.4443]},"84s":{"weight":0.0,"played":[0.0366,0.9634],"evs":[0.0,7.74365]},"85s":{"weight":0.0119,"played":[0.0241,0.9759],"evs":[0.0,5.2912]},"86s":{"weight":0.1876,"played":[0.9518,0.0482],"evs":[0.0,1.3549]},"87s":{"weight":0.6748,"played":[0.0468,0.9532],"evs":[0.0,18.70101]},"88":{"weight":6.0E-4,"played":[0.4084,0.5916],"evs":[0.0,4.0029]},"98o":{"weight":0.1399,"played":[0.03,0.97],"evs":[0.0,2.46257]},"T8o":{"weight":4.0E-4,"played":[0.6135,0.3865],"evs":[0.0,4.26034]},"J8o":{"weight":0.0097,"played":[0.217,0.783],"evs":[0.0,-1.00341]},"Q8o":{"weight":0.001,"played":[0.3999,0.6001],"evs":[0.0,-1.80722]},"K8o":{"weight":0.0,"played":[0.3339,0.6661],"evs":[0.0,2.95114]},"A8o":{"weight":0.0153,"played":[0.5454,0.4546],"evs":[0.0,-0.53442]},"92s":{"weight":0.0021,"played":[0.5,0.5],"evs":[0.0,-6.74519]},"93s":{"weight":0.0011,"played":[0.5,0.5],"evs":[0.0,-6.73909]},"94s":{"weight":0.0561,"played":[0.8974,0.1026],"evs":[0.0,-6.46184]},"95s":{"weight":4.0E-4,"played":[0.5498,0.4502],"evs":[0.0,-4.49641]},"96s":{"weight":0.2435,"played":[0.3953,0.6047],"evs":[0.0,-1.044]},"97s":{"weight":0.0058,"played":[0.6154,0.3846],"evs":[0.0,16.57212]},"98s":{"weight":0.0035,"played":[0.2095,0.7905],"evs":[0.0,7.36879]},"99":{"weight":1.0E-4,"played":[0.239,0.761],"evs":[0.0,9.35029]},"T9o":{"weight":2.0E-4,"played":[0.3248,0.6752],"evs":[0.0,1.71543]},"J9o":{"weight":0.0073,"played":[0.2127,0.7873],"evs":[0.0,14.61276]},"Q9o":{"weight":5.0E-4,"played":[0.5365,0.4635],"evs":[0.0,-0.81334]},"K9o":{"weight":0.0061,"played":[0.304,0.696],"evs":[0.0,-2.21481]},"A9o":{"weight":0.103,"played":[0.441,0.559],"evs":[0.0,3.73627]},"T2s":{"weight":1.0E-4,"played":[0.9662,0.0338],"evs":[0.0,-6.74132]},"T3s":{"weight":0.0118,"played":[0.947,0.053],"evs":[0.0,-6.11388]},"T4s":{"weight":0.0016,"played":[0.9538,0.0462],"evs":[0.0,-5.90988]},"T5s":{"weight":0.0131,"played":[0.9137,0.0863],"evs":[0.0,12.82985]},"T6s":{"weight":0.0024,"played":[0.442,0.558],"evs":[0.0,-3.02614]},"T7s":{"weight":8.0E-4,"played":[0.114,0.886],"evs":[0.0,17.14036]},"T8s":{"weight":0.0034,"played":[0.5,0.5],"evs":[0.0,0.0]},"T9s":{"weight":0.0346,"played":[0.5104,0.4896],"evs":[0.0,7.97272]},"TT":{"weight":0.4925,"played":[0.8579,0.1421],"evs":[0.0,-5.9636]},"JTo":{"weight":0.1256,"played":[0.3751,0.6249],"evs":[0.0,6.66654]},"QTo":{"weight":0.0702,"played":[0.4516,0.5484],"evs":[0.0,-2.19296]},"KTo":{"weight":0.0015,"played":[0.0141,0.9859],"evs":[0.0,11.859]},"ATo":{"weight":0.1925,"played":[0.3455,0.6545],"evs":[0.0,3.66504]},"J2s":{"weight":0.0,"played":[0.9246,0.0754],"evs":[0.0,-6.21751]},"J3s":{"weight":0.0239,"played":[0.1119,0.8881],"evs":[0.0,0.79306]},"J4s":{"weight":0.0276,"played":[0.8682,0.1318],"evs":[0.0,6.6863]},"J5s":{"weight":0.0068,"played":[0.9985,0.0015],"evs":[0.0,9.06127]},"J6s":{"weight":0.1641,"played":[0.7396,0.2604],"evs":[0.0,9.41751]},"J7s":{"weight":5.0E-4,"played":[0.9237,0.0763],"evs":[0.0,-5.50751]},"J8s":{"weight":0.0111,"played":[0.3381,0.6619],"evs":[0.0,15.28799]},"J9s":{"weight":0.0136,"played":[0.8221,0.1779],"evs":[0.0,-4.98174]},"JTs":{"weight":6.0E-4,"played":[0.5,0.5],"evs":[0.0,26.93353]},"JJ":{"weight":0.1858,"played":[0.0318,0.9682],"evs":[0.0,6.57004]},"QJo":{"weight":0.3203,"played":[0.0286,0.9714],"evs":[0.0,11.40826]},"KJo":{"weight":0.1415,"played":[0.0594,0.9406],"evs":[0.0,4.73075]},"AJo":{"weight":0.0018,"played":[0.3189,0.6811],"evs":[0.0,6.96647]},"Q2s":{"weight":0.0068,"played":[0.5,0.5],"evs":[0.0,0.0]},"Q3s":{"weight":0.0059,"played":[0.307,0.693],"evs":[0.0,-3.02508]},"Q4s":{"weight":0.1584,"played":[0.5,0.5],"evs":[0.0,0.0]},"Q5s":{"weight":0.015,"played":[0.9839,0.0161],"evs":[0.0,-6.7419]},"Q6s":{"weight":0.0299,"played":[0.9844,0.0156],"evs":[0.0,3.58287]},"Q7s":{"weight":0.0729,"played":[0.9249,0.0751],"evs":[0.0,-2.92552]},"Q8s":{"weight":0.1137,"played":[0.0107,0.9893],"evs":[0.0,7.6919]},"Q9s":{"weight":0.0,"played":[0.9442,0.0558],"evs":[0.0,-5.21072]},"QTs":{"weight":0.0059,"played":[0.5,0.5],"evs":[0.0,0.0]},"QJs":{"weight":0.0287,"played":[0.0044,0.9956],"evs":[0.0,12.02882]},"QQ":{"weight":3.0E-4,"played":[0.8738,0.1262],"evs":[0.0,18.43211]},"KQo":{"weight":0.0014,"played":[0.1408,0.8592],"evs":[0.0,1.80514]},"AQo":{"weight":0.0017,"played":[0.1137,0.8863],"evs":[0.0,12.96952]},"K2s":{"weight":0.0,"played":[0.7724,0.2276],"evs":[0.0,-6.74519]},"K3s":{"weight":0.0415,"played":[0.1634,0.8366],"evs":[0.0,6.92453]},"K4s":{"weight":0.5024,"played":[0.3037,0.6963],"evs":[0.0,12.09445]},"K5s":{"weight":0.2166,"played":[0.0284,0.9716],"evs":[0.0,8.82354]},"K6s":{"weight":0.0201,"played":[0.3736,0.6264],"evs":[0.0,-1.41473]},"K7s":{"weight":0.0116,"played":[0.5,0.5],"evs":[0.0,0.0]},"K8s":{"weight":0.001,"played":[0.2338,0.7662],"evs":[0.0,10.45711]},"K9s":{"weight":0.1635,"played":[0.2436,0.7564],"evs":[0.0,11.06394]},"KTs":{"weight":0.1354,"played":[0.0276,0.9724],"evs":[0.0,8.03373]},"KJs":{"weight":0.0626,"played":[0.6571,0.3429],"evs":[0.0,10.96201]},"KQs":{"weight":0.8149,"played":[0.9829,0.0171],"evs":[0.0,1.42666]},"KK":{"weight":0.0018,"played":[0.3549,0.6451],"evs":[0.0,14.88188]},"AKo":{"weight":0.0138,"played":[0.5469,0.4531],"evs":[0.0,7.73409]},"A2s":{"weight":0.2654,"played":[0.5,0.5],"evs":[0.0,-6.74519]},"A3s":{"weight":0.3118,"played":[0.3269,0.6731],"evs":[0.0,8.55086]},"A4s":{"weight":0.1832,"played":[0.0094,0.9906],"evs":[0.0,11.07303]},"A5s":{"weight":0.3303,"played":[0.0529,0.9471],"evs":[0.0,13.48973]},"A6s":{"weight":0.1121,"played":[0.2651,0.7349],"evs":[0.0,11.88625]},"A7s":{"weight":0.0011,"played":[0.3171,0.6829],"evs":[0.0,6.70719]},"A8s":{"weight":0.654,"played":[0.5,0.5],"evs":[0.0,0.0]},"A9s":{"weight":0.5737,"played":[0.3301,0.6699],"evs":[0.0,1.51269]},"ATs":{"weight":0.0369,"played":[0.8442,0.1558],"evs":[0.0,-4.86299]},"AJs":{"weight":0.0,"played":[0.8652,0.1348],"evs":[0.0,6.67058]},"AQs":{"weight":0.0029,"played":[0.9113,0.0887],"evs":[0.0,3.87236]},"AKs":{"weight":0.0,"played":[0.5,0.5],"evs":[0.0,-6.73909]},"AA":{"weight":0.0082,"played":[0.8018,0.1982],"evs":[0.0,13.58169]}}}