{"player":0,"street":0,"children":2,"sequence":[{"player":0,"type":"R","amount":200000,"street":0},{"player":1,"type":"C","amount":200000,"street":0},{"player":2,"type":"F","amount":0,"street":0},{"player":3,"type":"R","amount":745000,"street":0},{"player":4,"type":"F","amount":0,"street":0},{"player":5,"type":"F","amount":0,"street":0}],"actions":[{"type":"F","amount":0,"node":411},{"type":"C","amount":435000,"node":412}],"hands":{"22":{"weight":0.0,"played":[0.1146,0.8854],"evs":[0.0,2.47495]},"32o":{"weight":0.0,"played":[0.7777,0.2223],"evs":[0.0,0.23262]},"42o":{"weight":0.0,"played":[0.9799,0.0201],"evs":[0.0,-0.93722]},"52o":{"weight":0.0,"played":[0.777,0.223],"evs":[0.0,-1.34723]},"62o":{"weight":0.0,"played":[0.9593,0.0407],"evs":[0.0,-0.73811]},"72o":{"weight":0.0,"played":[0.9918,0.0082],"evs":[0.0,-2.05069]},"82o":{"weight":0.0,"played":[0.5316,0.4684],"evs":[0.0,0.13904]},"92o":{"weight":0.0,"played":[0.9974,0.0026],"evs":[0.0,-0.74406]},"T2o":{"weight":0.0,"played":[0.7306,0.2694],"evs":[0.0,-0.33385]},"J2o":{"weight":0.0,"played":[0.3571,0.6429],"evs":[0.0,0.23255]},"Q2o":{"weight":0.0,"played":[0.9254,0.0746],"evs":[0.0,-0.25789]},"K2o":{"weight":0.0,"played":[0.3426,0.6574],"evs":[0.0,1.07162]},"A2o":{"weight":5.0E-4,"played":[0.0,1.0],"evs":[0.0,0.84321]},"32s":{"weight":0.0,"played":[0.4315,0.5685],"evs":[0.0,0.73175]},"33":{"weight":0.005,"played":[0.0177,0.9823],"evs":[0.0,2.54639]},"43o":{"weight":0.0,"played":[0.785,0.215],"evs":[0.0,-0.7066]},"53o":{"weight":0.0,"played":[0.2264,0.7736],"evs":[0.0,-0.3857]},"63o":{"weight":0.0,"played":[0.8733,0.1267],"evs":[0.0,-0.462]},"73o":{"weight":0.0,"played":[0.7686,0.2314],"evs":[0.0,-0.72946]},"83o":{"weight":0.0,"played":[0.5653,0.4347],"evs":[0.0,-0.52073]},"93o":{"weight":0.0,"played":[0.1892,0.8108],"evs":[0.0,-0.33331]},"T3o":{"weight":0.0,"played":[0.2678,0.7322],"evs":[0.0,0.49996]},"J3o":{"weight":0.0,"played":[0.6573,0.3427],"evs":[0.0,0.00272]},"Q3o":{"weight":0.0,"played":[0.0816,0.9184],"evs":[0.0,0.2031]},"K3o":{"weight":0.0,"played":[0.642,0.358],"evs":[0.0,-0.0203]},"A3o":{"weight":2.0E-4,"played":[0.0,1.0],"evs":[0.0,1.57712]},"42s":{"weight":0.0,"played":[0.3433,0.6567],"evs":[0.0,1.34315]},"43s":{"weight":0.0,"played":[0.0561,0.9439],"evs":[0.0,0.65496]},"44":{"weight":0.1633,"played":[0.2562,0.7438],"evs":[0.0,1.07089]},"54o":{"weight":0.0,"played":[0.182,0.818],"evs":[0.0,0.6116]},"64o":{"weight":0.0,"played":[0.887,0.113],"evs":[0.0,-0.58319]},"74o":{"weight":0.0,"played":[0.8339,0.1661],"evs":[0.0,-0.5708]},"84o":{"weight":0.0,"played":[0.5976,0.4024],"evs":[0.0,0.21569]},"94o":{"weight":0.0,"played":[0.5003,0.4997],"evs":[0.0,0.39907]},"T4o":{"weight":0.0,"played":[0.9977,0.0023],"evs":[0.0,-1.08216]},"J4o":{"weight":0.0,"played":[0.8801,0.1199],"evs":[0.0,-0.98463]},"Q4o":{"weight":0.0,"played":[0.1924,0.8076],"evs":[0.0,1.18598]},"K4o":{"weight":0.0,"played":[0.0135,0.9865],"evs":[0.0,1.14942]},"A4o":{"weight":0.4021,"played":[0.0,1.0],"evs":[0.0,2.42454]},"52s":{"weight":0.0,"played":[0.3479,0.6521],"evs":[0.0,0.68732]},"53s":{"weight":0.0,"played":[0.5251,0.4749],"evs":[0.0,0.57755]},"54s":{"weight":0.0,"played":[0.0269,0.9731],"evs":[0.0,1.57556]},"55":{"weight":0.4584,"played":[0.0013,0.9987],"evs":[0.0,1.75084]},"65o":{"weight":0.0,"played":[0.7914,0.2086],"evs":[0.0,0.02251]},"75o":{"weight":0.0,"played":[0.2486,0.7514],"evs":[0.0,0.08761]},"85o":{"weight":0.0,"played":[0.1691,0.8309],"evs":[0.0,0.26931]},"95o":{"weight":0.0,"played":[0.3112,0.6888],"evs":[0.0,-0.21552]},"T5o":{"weight":0.0,"played":[0.7618,0.2382],"evs":[0.0,-0.69271]},"J5o":{"weight":0.0,"played":[0.1165,0.8835],"evs":[0.0,0.80396]},"Q5o":{"weight":0.0,"played":[0.1719,0.8281],"evs":[0.0,0.21716]},"K5o":{"weight":0.0,"played":[0.0142,0.9858],"evs":[0.0,0.62681]},"A5o":{"weight":0.5172,"played":[3.0E-4,0.9997],"evs":[0.0,2.33874]},"62s":{"weight":0.0,"played":[0.1866,0.8134],"evs":[0.0,-0.20935]},"63s":{"weight":0.0,"played":[0.4193,0.5807],"evs":[0.0,-0.09545]},"64s":{"weight":0.0,"played":[0.0025,0.9975],"evs":[0.0,3.51071]},"65s":{"weight":0.0,"played":[0.1483,0.8517],"evs":[0.0,1.49393]},"66":{"weight":8.0E-4,"played":[0.0012,0.9988],"evs":[0.0,4.16573]},"76o":{"weight":0.0,"played":[0.436,0.564],"evs":[0.0,0.95877]},"86o":{"weight":0.0,"played":[0.0037,0.9963],"evs":[0.0,1.88646]},"96o":{"weight":0.0,"played":[1.0E-4,0.9999],"evs":[0.0,1.66449]},"T6o":{"weight":0.0,"played":[0.0017,0.9983],"evs":[0.0,0.62052]},"J6o":{"weight":0.0,"played":[0.9921,0.0079],"evs":[0.0,-0.745]},"Q6o":{"weight":0.0,"played":[0.9557,0.0443],"evs":[0.0,0.01457]},"K6o":{"weight":0.0,"played":[0.0385,0.9615],"evs":[0.0,2.07201]},"A6o":{"weight":0.9936,"played":[1.0E-4,0.9999],"evs":[0.0,1.58787]},"72s":{"weight":0.0,"played":[0.9788,0.0212],"evs":[0.0,-1.51376]},"73s":{"weight":0.0,"played":[0.245,0.755],"evs":[0.0,0.77032]},"74s":{"weight":0.0,"played":[0.5397,0.4603],"evs":[0.0,-0.13617]},"75s":{"weight":0.0,"played":[0.0028,0.9972],"evs":[0.0,1.78097]},"76s":{"weight":0.0,"played":[0.0123,0.9877],"evs":[0.0,2.11361]},"77":{"weight":0.9426,"played":[0.0082,0.9918],"evs":[0.0,3.458]},"87o":{"weight":0.0,"played":[0.4459,0.5541],"evs":[0.0,-0.34018]},"97o":{"weight":0.0,"played":[0.3871,0.6129],"evs":[0.0,0.36885]},"T7o":{"weight":0.0,"played":[0.0443,0.9557],"evs":[0.0,1.65661]},"J7o":{"weight":0.0,"played":[0.0327,0.9673],"evs":[0.0,0.14706]},"Q7o":{"weight":0.0,"played":[0.654,0.346],"evs":[0.0,0.30093]},"K7o":{"weight":5.0E-4,"played":[0.4203,0.5797],"evs":[0.0,0.91145]},"A7o":{"weight":0.2035,"played":[4.0E-4,0.9996],"evs":[0.0,1.65357]},"82s":{"weight":0.0,"played":[0.4638,0.5362],"evs":[0.0,0.49018]},"83s":{"weight":0.0,"played":[0.6304,0.3696],"evs":[0.0,0.21164]},"84s":{"weight":0.0,"played":[0.1686,0.8314],"evs":[0.0,0.32828]},"85s":{"weight":0.0,"played":[0.3333,0.6667],"evs":[0.0,1.04572]},"86s":{"weight":0.0,"played":[0.0479,0.9521],"evs":[0.0,1.02438]},"87s":{"weight":0.0,"played":[0.0182,0.9818],"evs":[0.0,0.65888]},"88":{"weight":0.9365,"played":[4.0E-4,0.9996],"evs":[0.0,4.87614]},"98o":{"weight":0.0,"played":[0.2743,0.7257],"evs":[0.0,0.07966]},"T8o":{"weight":0.0,"played":[0.0059,0.9941],"evs":[0.0,1.05787]},"J8o":{"weight":0.0,"played":[0.0082,0.9918],"evs":[0.0,0.71052]},"Q8o":{"weight":0.0,"played":[0.0287,0.9713],"evs":[0.0,0.85445]},"K8o":{"weight":0.0,"played":[0.4611,0.5389],"evs":[0.0,0.40581]},"A8o":{"weight":0.0929,"played":[0.0012,0.9988],"evs":[0.0,2.80692]},"92s":{"weight":0.0,"played":[0.8597,0.1403],"evs":[0.0,0.63263]},"93s":{"weight":0.0,"played":[0.06,0.94],"evs":[0.0,1.44422]},"94s":{"weight":0.0,"played":[0.122,0.878],"evs":[0.0,1.06854]},"95s":{"weight":0.0,"played":[0.1776,0.8224],"evs":[0.0,1.32941]},"96s":{"weight":0.0,"played":[0.1753,0.8247],"evs":[0.0,-0.3644]},"97s":{"weight":1.0E-4,"played":[0.1922,0.8078],"evs":[0.0,0.03786]},"98s":{"weight":0.0,"played":[0.0701,0.9299],"evs":[0.0,1.39723]},"99":{"weight":0.1885,"played":[0.0,1.0],"evs":[0.0,8.4347]},"T9o":{"weight":0.0049,"played":[0.0376,0.9624],"evs":[0.0,1.04478]},"J9o":{"weight":0.001,"played":[1.0E-4,0.9999],"evs":[0.0,2.50162]},"Q9o":{"weight":0.0053,"played":[0.0311,0.9689],"evs":[0.0,0.50359]},"K9o":{"weight":0.1896,"played":[3.0E-4,0.9997],"evs":[0.0,1.8393]},"A9o":{"weight":0.0872,"played":[2.0E-4,0.9998],"evs":[0.0,3.59175]},"T2s":{"weight":0.0,"played":[0.1968,0.8032],"evs":[0.0,0.23258]},"T3s":{"weight":0.0,"played":[0.2459,0.7541],"evs":[0.0,-0.2589]},"T4s":{"weight":0.0,"played":[0.7903,0.2097],"evs":[0.0,-0.29632]},"T5s":{"weight":0.0,"played":[0.0306,0.9694],"evs":[0.0,0.85484]},"T6s":{"weight":0.0,"played":[0.4816,0.5184],"evs":[0.0,0.66459]},"T7s":{"weight":0.0,"played":[0.1382,0.8618],"evs":[0.0,0.7155]},"T8s":{"weight":0.03,"played":[0.0085,0.9915],"evs":[0.0,1.67483]},"T9s":{"weight":0.9773,"played":[0.2432,0.7568],"evs":[0.0,1.6225]},"TT":{"weight":0.7621,"played":[0.0,1.0],"evs":[0.0,5.78899]},"JTo":{"weight":0.4922,"played":[0.0188,0.9812],"evs":[0.0,1.46128]},"QTo":{"weight":0.3556,"played":[0.0,1.0],"evs":[0.0,2.7759]},"KTo":{"weight":0.1553,"played":[0.0056,0.9944],"evs":[0.0,2.77479]},"ATo":{"weight":0.0,"played":[3.0E-4,0.9997],"evs":[0.0,4.83197]},"J2s":{"weight":0.0,"played":[0.1561,0.8439],"evs":[0.0,0.26555]},"J3s":{"weight":0.0,"played":[0.6812,0.3188],"evs":[0.0,-0.74917]},"J4s":{"weight":0.0,"played":[2.0E-4,0.9998],"evs":[0.0,0.34525]},"J5s":{"weight":0.0,"played":[0.0404,0.9596],"evs":[0.0,1.81304]},"J6s":{"weight":0.0,"played":[0.0562,0.9438],"evs":[0.0,1.5319]},"J7s":{"weight":2.0E-4,"played":[0.1151,0.8849],"evs":[0.0,2.66293]},"J8s":{"weight":3.0E-4,"played":[0.0068,0.9932],"evs":[0.0,0.65807]},"J9s":{"weight":0.8283,"played":[0.0228,0.9772],"evs":[0.0,2.31527]},"JTs":{"weight":0.5948,"played":[2.0E-4,0.9998],"evs":[0.0,2.7006]},"JJ":{"weight":0.2718,"played":[0.0,1.0],"evs":[0.0,7.71048]},"QJo":{"weight":0.2577,"played":[1.0E-4,0.9999],"evs":[0.0,2.42607]},"KJo":{"weight":0.11,"played":[6.0E-4,0.9994],"evs":[0.0,4.03293]},"AJo":{"weight":0.212,"played":[1.0E-4,0.9999],"evs":[0.0,4.48427]},"Q2s":{"weight":0.0,"played":[0.1606,0.8394],"evs":[0.0,-0.03229]},"Q3s":{"weight":0.0,"played":[0.1037,0.8963],"evs":[0.0,0.46515]},"Q4s":{"weight":0.0,"played":[0.4934,0.5066],"evs":[0.0,0.0732]},"Q5s":{"weight":0.0,"played":[0.7908,0.2092],"evs":[0.0,0.42917]},"Q6s":{"weight":3.0E-4,"played":[0.0929,0.9071],"evs":[0.0,0.9795]},"Q7s":{"weight":0.0,"played":[0.116,0.884],"evs":[0.0,0.85615]},"Q8s":{"weight":0.0051,"played":[0.004,0.996],"evs":[0.0,1.79568]},"Q9s":{"weight":0.4682,"played":[0.1746,0.8254],"evs":[0.0,1.90182]},"QTs":{"weight":0.0,"played":[0.0627,0.9373],"evs":[0.0,5.46217]},"QJs":{"weight":0.1563,"played":[9.0E-4,0.9991],"evs":[0.0,3.37341]},"QQ":{"weight":0.0319,"played":[0.0,1.0],"evs":[0.0,9.88657]},"KQo":{"weight":0.073,"played":[0.0,1.0],"evs":[0.0,4.0515]},"AQo":{"weight":0.5031,"played":[0.0,1.0],"evs":[0.0,4.82592]},"K2s":{"weight":0.0,"played":[0.0104,0.9896],"evs":[0.0,3.75339]},"K3s":{"weight":0.0,"played":[0.3632,0.6368],"evs":[0.0,0.2699]},"K4s":{"weight":0.0,"played":[0.2917,0.7083],"evs":[0.0,-0.24551]},"K5s":{"weight":0.0,"played":[0.007,0.993],"evs":[0.0,2.61253]},"K6s":{"weight":0.0,"played":[0.0023,0.9977],"evs":[0.0,0.70101]},"K7s":{"weight":5.0E-4,"played":[0.0,1.0],"evs":[0.0,1.27402]},"K8s":{"weight":0.0,"played":[0.0044,0.9956],"evs":[0.0,1.58355]},"K9s":{"weight":0.0992,"played":[0.3291,0.6709],"evs":[0.0,2.67335]},"KTs":{"weight":0.0,"played":[0.0019,0.9981],"evs":[0.0,2.1675]},"KJs":{"weight":0.8516,"played":[3.0E-4,0.9997],"evs":[0.0,4.29861]},"KQs":{"weight":0.5918,"played":[5.0E-4,0.9995],"evs":[0.0,3.23504]},"KK":{"weight":0.0071,"played":[4.0E-4,0.9996],"evs":[0.0,10.95945]},"AKo":{"weight":0.0932,"played":[1.0E-4,0.9999],"evs":[0.0,6.72096]},"A2s":{"weight":0.0,"played":[1.0E-4,0.9999],"evs":[0.0,3.46241]},"A3s":{"weight":0.0,"played":[0.0011,0.9989],"evs":[0.0,2.67147]},"A4s":{"weight":0.098,"played":[0.1502,0.8498],"evs":[0.0,1.60034]},"A5s":{"weight":0.0,"played":[0.0,1.0],"evs":[0.0,3.45618]},"A6s":{"weight":0.0,"played":[0.0017,0.9983],"evs":[0.0,3.41269]},"A7s":{"weight":0.3923,"played":[0.005,0.995],"evs":[0.0,3.3712]},"A8s":{"weight":7.0E-4,"played":[0.0014,0.9986],"evs":[0.0,2.83389]},"A9s":{"weight":0.0,"played":[7.0E-4,0.9993],"evs":[0.0,1.96913]},"ATs":{"weight":0.0,"played":[0.0095,0.9905],"evs":[0.0,4.97961]},"AJs":{"weight":0.0,"played":[0.0018,0.9982],"evs":[0.0,6.19504]},"AQs":{"weight":0.0,"played":[0.0025,0.9975],"evs":[0.0,7.15386]},"AKs":{"weight":0.7375,"played":[1.0E-4,0.9999],"evs":[0.0,6.68154]},"AA":{"weight":0.9702,"played":[1.0E-4,0.9999],"evs":[0.0,12.7434]}}}