{"player":1,"street":0,"children":2,"sequence":[{"player":0,"type":"R","amount":200000,"street":0},{"player":1,"type":"C","amount":200000,"street":0},{"player":2,"type":"F","amount":0,"street":0},{"player":3,"type":"R","amount":745000,"street":0},{"player":4,"type":"R","amount":1315000,"street":0},{"player":5,"type":"C","amount":845000,"street":0},{"player":0,"type":"C","amount":435000,"street":0}],"actions":[{"type":"F","amount":0},{"type":"C","amount":1115000}],"hands":{"22":{"weight":4.0E-4,"played":[0.6133,0.3867],"evs":[0.0,0.30336]},"32o":{"weight":0.0,"played":[0.7116,0.2884],"evs":[0.0,-3.97469]},"42o":{"weight":0.0,"played":[0.517,0.483],"evs":[0.0,-0.857]},"52o":{"weight":0.0,"played":[0.6738,0.3262],"evs":[0.0,-2.22425]},"62o":{"weight":0.0,"played":[0.8566,0.1434],"evs":[0.0,0.67041]},"72o":{"weight":0.0,"played":[0.9968,0.0032],"evs":[0.0,-2.52484]},"82o":{"weight":0.0,"played":[0.0787,0.9213],"evs":[0.0,1.27104]},"92o":{"weight":0.0,"played":[0.7659,0.2341],"evs":[0.0,-3.74173]},"T2o":{"weight":0.0,"played":[0.4919,0.5081],"evs":[0.0,0.21249]},"J2o":{"weight":0.0,"played":[0.5933,0.4067],"evs":[0.0,-0.97404]},"Q2o":{"weight":0.0,"played":[0.9916,0.0084],"evs":[0.0,-1.59417]},"K2o":{"weight":0.0,"played":[0.839,0.161],"evs":[0.0,-3.01034]},"A2o":{"weight":0.5107,"played":[0.693,0.307],"evs":[0.0,-0.55446]},"32s":{"weight":3.0E-4,"played":[0.6289,0.3711],"evs":[0.0,5.20969]},"33":{"weight":0.0,"played":[0.0096,0.9904],"evs":[0.0,15.76773]},"43o":{"weight":0.0,"played":[0.326,0.674],"evs":[0.0,2.84975]},"53o":{"weight":0.0,"played":[0.6304,0.3696],"evs":[0.0,0.0121]},"63o":{"weight":0.0,"played":[0.9226,0.0774],"evs":[0.0,-0.66166]},"73o":{"weight":0.0,"played":[0.8088,0.1912],"evs":[0.0,0.25408]},"83o":{"weight":0.0,"played":[0.8417,0.1583],"evs":[0.0,-2.56213]},"93o":{"weight":0.0,"played":[0.0856,0.9144],"evs":[0.0,0.1069]},"T3o":{"weight":1.0E-4,"played":[0.9342,0.0658],"evs":[0.0,-4.18141]},"J3o":{"weight":1.0E-4,"played":[0.7563,0.2437],"evs":[0.0,-0.82915]},"Q3o":{"weight":0.0,"played":[5.0E-4,0.9995],"evs":[0.0,0.05358]},"K3o":{"weight":0.0,"played":[0.6504,0.3496],"evs":[0.0,0.80289]},"A3o":{"weight":0.6157,"played":[1.0E-4,0.9999],"evs":[0.0,5.76227]},"42s":{"weight":1.0E-4,"played":[0.1143,0.8857],"evs":[0.0,3.68155]},"43s":{"weight":0.0,"played":[0.9399,0.0601],"evs":[0.0,-5.74981]},"44":{"weight":5.0E-4,"played":[0.0727,0.9273],"evs":[0.0,9.36977]},"54o":{"weight":0.0,"played":[0.0227,0.9773],"evs":[0.0,2.27697]},"64o":{"weight":0.0,"played":[0.2472,0.7528],"evs":[0.0,-0.15256]},"74o":{"weight":0.0,"played":[0.8167,0.1833],"evs":[0.0,-1.43498]},"84o":{"weight":0.0,"played":[0.6896,0.3104],"evs":[0.0,-1.20334]},"94o":{"weight":1.0E-4,"played":[0.0037,0.9963],"evs":[0.0,3.34944]},"T4o":{"weight":0.0,"played":[0.2057,0.7943],"evs":[0.0,1.61683]},"J4o":{"weight":0.0,"played":[0.1441,0.8559],"evs":[0.0,0.79906]},"Q4o":{"weight":0.0,"played":[0.7949,0.2051],"evs":[0.0,4.58641]},"K4o":{"weight":1.0E-4,"played":[0.0633,0.9367],"evs":[0.0,1.61296]},"A4o":{"weight":0.8373,"played":[7.0E-4,0.9993],"evs":[0.0,0.90858]},"52s":{"weight":1.0E-4,"played":[0.0729,0.9271],"evs":[0.0,10.33989]},"53s":{"weight":9.0E-4,"played":[0.8655,0.1345],"evs":[0.0,-5.25941]},"54s":{"weight":0.0324,"played":[0.0169,0.9831],"evs":[0.0,15.0997]},"55":{"weight":0.1092,"played":[0.0151,0.9849],"evs":[0.0,8.69507]},"65o":{"weight":0.0,"played":[0.5913,0.4087],"evs":[0.0,-3.69893]},"75o":{"weight":0.0,"played":[0.6544,0.3456],"evs":[0.0,0.26789]},"85o":{"weight":1.0E-4,"played":[0.9505,0.0495],"evs":[0.0,-4.31395]},"95o":{"weight":0.0,"played":[0.4876,0.5124],"evs":[0.0,2.55309]},"T5o":{"weight":0.0,"played":[0.5928,0.4072],"evs":[0.0,-1.05077]},"J5o":{"weight":6.0E-4,"played":[0.8097,0.1903],"evs":[0.0,-0.94137]},"Q5o":{"weight":1.0E-4,"played":[0.0668,0.9332],"evs":[0.0,0.48472]},"K5o":{"weight":0.0059,"played":[9.0E-4,0.9991],"evs":[0.0,2.72071]},"A5o":{"weight":0.7173,"played":[0.151,0.849],"evs":[0.0,4.58457]},"62s":{"weight":0.0,"played":[0.6924,0.3076],"evs":[0.0,1.72559]},"63s":{"weight":1.0E-4,"played":[0.007,0.993],"evs":[0.0,9.50452]},"64s":{"weight":1.0E-4,"played":[0.157,0.843],"evs":[0.0,20.12012]},"65s":{"weight":0.0081,"played":[0.4995,0.5005],"evs":[0.0,3.60386]},"66":{"weight":0.4344,"played":[0.0581,0.9419],"evs":[0.0,7.18841]},"76o":{"weight":0.0,"played":[0.0339,0.9661],"evs":[0.0,5.29765]},"86o":{"weight":0.0,"played":[0.0782,0.9218],"evs":[0.0,2.62406]},"96o":{"weight":0.0018,"played":[0.3711,0.6289],"evs":[0.0,3.64521]},"T6o":{"weight":3.0E-4,"played":[0.3121,0.6879],"evs":[0.0,0.48753]},"J6o":{"weight":3.0E-4,"played":[0.0059,0.9941],"evs":[0.0,7.53448]},"Q6o":{"weight":0.0,"played":[0.4183,0.5817],"evs":[0.0,0.22005]},"K6o":{"weight":0.0435,"played":[0.0377,0.9623],"evs":[0.0,0.96833]},"A6o":{"weight":0.0766,"played":[0.1997,0.8003],"evs":[0.0,5.16598]},"72s":{"weight":0.0,"played":[0.2077,0.7923],"evs":[0.0,7.89775]},"73s":{"weight":0.0037,"played":[0.5584,0.4416],"evs":[0.0,-2.18972]},"74s":{"weight":0.009,"played":[0.6715,0.3285],"evs":[0.0,-0.76671]},"75s":{"weight":0.0028,"played":[0.0033,0.9967],"evs":[0.0,7.74737]},"76s":{"weight":0.4348,"played":[0.0033,0.9967],"evs":[0.0,5.16294]},"77":{"weight":0.8418,"played":[3.0E-4,0.9997],"evs":[0.0,14.05549]},"87o":{"weight":1.0E-4,"played":[0.2634,0.7366],"evs":[0.0,1.92646]},"97o":{"weight":3.0E-4,"played":[0.4527,0.5473],"evs":[0.0,1.48605]},"T7o":{"weight":0.0027,"played":[0.0489,0.9511],"evs":[0.0,3.9093]},"J7o":{"weight":1.0E-4,"played":[0.8328,0.1672],"evs":[0.0,-1.78652]},"Q7o":{"weight":0.0,"played":[0.1436,0.8564],"evs":[0.0,0.76806]},"K7o":{"weight":0.0614,"played":[0.3121,0.6879],"evs":[0.0,2.80381]},"A7o":{"weight":0.0476,"played":[0.0115,0.9885],"evs":[0.0,5.48848]},"82s":{"weight":2.0E-4,"played":[0.2439,0.7561],"evs":[0.0,10.04814]},"83s":{"weight":2.0E-4,"played":[0.3579,0.6421],"evs":[0.0,-1.61402]},"84s":{"weight":3.0E-4,"played":[0.8576,0.1424],"evs":[0.0,0.47861]},"85s":{"weight":8.0E-4,"played":[0.0039,0.9961],"evs":[0.0,19.86467]},"86s":{"weight":0.1554,"played":[0.207,0.793],"evs":[0.0,0.45199]},"87s":{"weight":0.125,"played":[0.1768,0.8232],"evs":[0.0,4.22955]},"88":{"weight":0.0309,"played":[0.0112,0.9888],"evs":[0.0,11.48796]},"98o":{"weight":8.0E-4,"played":[0.3216,0.6784],"evs":[0.0,-0.60872]},"T8o":{"weight":2.0E-4,"played":[0.0026,0.9974],"evs":[0.0,3.86512]},"J8o":{"weight":3.0E-4,"played":[0.1104,0.8896],"evs":[0.0,-0.24787]},"Q8o":{"weight":0.0012,"played":[0.01,0.99],"evs":[0.0,6.76442]},"K8o":{"weight":0.01,"played":[0.0977,0.9023],"evs":[0.0,2.50888]},"A8o":{"weight":0.0029,"played":[0.011,0.989],"evs":[0.0,4.96486]},"92s":{"weight":0.0012,"played":[0.5184,0.4816],"evs":[0.0,1.7703]},"93s":{"weight":0.0,"played":[0.9959,0.0041],"evs":[0.0,-0.62607]},"94s":{"weight":0.0015,"played":[0.8398,0.1602],"evs":[0.0,-2.16374]},"95s":{"weight":1.0E-4,"played":[0.0843,0.9157],"evs":[0.0,10.51556]},"96s":{"weight":0.0086,"played":[0.47,0.53],"evs":[0.0,0.35517]},"97s":{"weight":0.0378,"played":[0.0456,0.9544],"evs":[0.0,6.51783]},"98s":{"weight":2.0E-4,"played":[0.2713,0.7287],"evs":[0.0,1.40686]},"99":{"weight":0.992,"played":[3.0E-4,0.9997],"evs":[0.0,17.12741]},"T9o":{"weight":0.2338,"played":[0.0053,0.9947],"evs":[0.0,2.0376]},"J9o":{"weight":0.0025,"played":[0.0026,0.9974],"evs":[0.0,6.9235]},"Q9o":{"weight":0.1666,"played":[0.3034,0.6966],"evs":[0.0,2.51153]},"K9o":{"weight":0.9979,"played":[6.0E-4,0.9994],"evs":[0.0,6.10832]},"A9o":{"weight":0.0,"played":[0.0484,0.9516],"evs":[0.0,2.5078]},"T2s":{"weight":1.0E-4,"played":[0.287,0.713],"evs":[0.0,-0.90642]},"T3s":{"weight":1.0E-4,"played":[0.1738,0.8262],"evs":[0.0,1.0545]},"T4s":{"weight":0.0,"played":[0.8046,0.1954],"evs":[0.0,-3.16716]},"T5s":{"weight":0.0,"played":[0.9635,0.0365],"evs":[0.0,-6.69671]},"T6s":{"weight":0.0124,"played":[0.5721,0.4279],"evs":[0.0,2.97244]},"T7s":{"weight":0.2311,"played":[0.0132,0.9868],"evs":[0.0,6.3288]},"T8s":{"weight":0.468,"played":[0.6524,0.3476],"evs":[0.0,-1.20229]},"T9s":{"weight":0.2989,"played":[0.0602,0.9398],"evs":[0.0,6.43469]},"TT":{"weight":0.9722,"played":[0.0067,0.9933],"evs":[0.0,14.94722]},"JTo":{"weight":0.9325,"played":[0.002,0.998],"evs":[0.0,4.8704]},"QTo":{"weight":0.9326,"played":[0.0019,0.9981],"evs":[0.0,5.96498]},"KTo":{"weight":0.9901,"played":[0.0027,0.9973],"evs":[0.0,4.53769]},"ATo":{"weight":0.5465,"played":[1.0E-4,0.9999],"evs":[0.0,8.13262]},"J2s":{"weight":0.0017,"played":[0.2872,0.7128],"evs":[0.0,5.51138]},"J3s":{"weight":0.0011,"played":[0.3398,0.6602],"evs":[0.0,1.70653]},"J4s":{"weight":4.0E-4,"played":[0.1344,0.8656],"evs":[0.0,9.50457]},"J5s":{"weight":0.0,"played":[0.4573,0.5427],"evs":[0.0,1.54788]},"J6s":{"weight":0.0038,"played":[0.8974,0.1026],"evs":[0.0,-4.81354]},"J7s":{"weight":0.191,"played":[0.9067,0.0933],"evs":[0.0,-2.40923]},"J8s":{"weight":0.0258,"played":[0.5656,0.4344],"evs":[0.0,0.79257]},"J9s":{"weight":0.9783,"played":[2.0E-4,0.9998],"evs":[0.0,6.05345]},"JTs":{"weight":0.2069,"played":[0.2474,0.7526],"evs":[0.0,2.15558]},"JJ":{"weight":0.3898,"played":[0.004,0.996],"evs":[0.0,22.89095]},"QJo":{"weight":0.8872,"played":[0.0034,0.9966],"evs":[0.0,6.97765]},"KJo":{"weight":0.0912,"played":[0.0098,0.9902],"evs":[0.0,10.55871]},"AJo":{"weight":0.0,"played":[0.0017,0.9983],"evs":[0.0,11.08713]},"Q2s":{"weight":0.0676,"played":[0.0697,0.9303],"evs":[0.0,7.12229]},"Q3s":{"weight":4.0E-4,"played":[2.0E-4,0.9998],"evs":[0.0,5.90778]},"Q4s":{"weight":0.0057,"played":[0.7584,0.2416],"evs":[0.0,-3.50321]},"Q5s":{"weight":0.0823,"played":[0.111,0.889],"evs":[0.0,1.94383]},"Q6s":{"weight":0.1986,"played":[0.1665,0.8335],"evs":[0.0,13.80769]},"Q7s":{"weight":0.1372,"played":[0.0219,0.9781],"evs":[0.0,3.3636]},"Q8s":{"weight":0.213,"played":[0.0286,0.9714],"evs":[0.0,7.95783]},"Q9s":{"weight":0.2541,"played":[0.2368,0.7632],"evs":[0.0,7.69717]},"QTs":{"weight":0.671,"played":[0.2339,0.7661],"evs":[0.0,8.8439]},"QJs":{"weight":0.1785,"played":[0.0426,0.9574],"evs":[0.0,1.89484]},"QQ":{"weight":0.4826,"played":[0.0012,0.9988],"evs":[0.0,30.54309]},"KQo":{"weight":0.2625,"played":[0.0,1.0],"evs":[0.0,10.91482]},"AQo":{"weight":0.738,"played":[0.0126,0.9874],"evs":[0.0,10.42688]},"K2s":{"weight":0.0649,"played":[0.5668,0.4332],"evs":[0.0,6.81153]},"K3s":{"weight":0.1292,"played":[0.1518,0.8482],"evs":[0.0,1.07161]},"K4s":{"weight":0.1649,"played":[0.0759,0.9241],"evs":[0.0,5.3724]},"K5s":{"weight":0.228,"played":[0.2046,0.7954],"evs":[0.0,9.0364]},"K6s":{"weight":0.4315,"played":[0.2197,0.7803],"evs":[0.0,2.75321]},"K7s":{"weight":0.9703,"played":[1.0E-4,0.9999],"evs":[0.0,10.31794]},"K8s":{"weight":0.3808,"played":[0.0634,0.9366],"evs":[0.0,6.41655]},"K9s":{"weight":0.1713,"played":[0.0036,0.9964],"evs":[0.0,12.70691]},"KTs":{"weight":0.5516,"played":[0.0546,0.9454],"evs":[0.0,7.20403]},"KJs":{"weight":0.0723,"played":[0.1963,0.8037],"evs":[0.0,11.13589]},"KQs":{"weight":0.0945,"played":[0.0239,0.9761],"evs":[0.0,17.68352]},"KK":{"weight":0.8236,"played":[3.0E-4,0.9997],"evs":[0.0,26.16682]},"AKo":{"weight":0.319,"played":[0.0013,0.9987],"evs":[0.0,7.95164]},"A2s":{"weight":0.1749,"played":[2.0E-4,0.9998],"evs":[0.0,12.51695]},"A3s":{"weight":0.0408,"played":[0.0174,0.9826],"evs":[0.0,8.60814]},"A4s":{"weight":0.0057,"played":[0.0323,0.9677],"evs":[0.0,4.91512]},"A5s":{"weight":1.0E-4,"played":[0.0247,0.9753],"evs":[0.0,13.02814]},"A6s":{"weight":0.0308,"played":[0.2255,0.7745],"evs":[0.0,10.76271]},"A7s":{"weight":3.0E-4,"played":[0.1626,0.8374],"evs":[0.0,3.90693]},"A8s":{"weight":0.7033,"played":[0.0332,0.9668],"evs":[0.0,7.72952]},"A9s":{"weight":0.0662,"played":[0.2732,0.7268],"evs":[0.0,9.26661]},"ATs":{"weight":0.1138,"played":[0.006,0.994],"evs":[0.0,17.46874]},"AJs":{"weight":0.0,"played":[0.0583,0.9417],"evs":[0.0,19.04718]},"AQs":{"weight":0.6269,"played":[0.0075,0.9925],"evs":[0.0,13.8264]},"AKs":{"weight":0.1751,"played":[0.0225,0.9775],"evs":[0.0,1.04426]},"AA":{"weight":0.9731,"played":[0.005,0.995],"evs":[0.0,29.01279]}}}