{"player":0,"street":0,"children":2,"sequence":[{"player":0,"type":"R","amount":200000,"street":0},{"player":1,"type":"C","amount":200000,"street":0},{"player":2,"type":"C","amount":200000,"street":0},{"player":3,"type":"F","amount":0,"street":0},{"player":4,"type":"F","amount":0,"street":0},{"player":5,"type":"R","amount":945000,"street":0}],"actions":[{"type":"F","amount":0,"node":427},{"type":"C","amount":435000,"node":432}],"hands":{"22":{"weight":0.0,"played":[0.2404,0.7596],"evs":[0.0,0.95002]},"32o":{"weight":0.0,"played":[0.4644,0.5356],"evs":[0.0,-0.16528]},"42o":{"weight":0.0,"played":[0.2331,0.7669],"evs":[0.0,0.47415]},"52o":{"weight":0.0,"played":[0.7065,0.2935],"evs":[0.0,-0.91141]},"62o":{"weight":0.0,"played":[0.7885,0.2115],"evs":[0.0,-1.57171]},"72o":{"weight":0.0,"played":[0.1843,0.8157],"evs":[0.0,0.73277]},"82o":{"weight":0.0,"played":[0.0447,0.9553],"evs":[0.0,0.60129]},"92o":{"weight":0.0,"played":[0.9465,0.0535],"evs":[0.0,-1.04821]},"T2o":{"weight":0.0,"played":[0.9499,0.0501],"evs":[0.0,-1.70382]},"J2o":{"weight":0.0,"played":[0.7747,0.2253],"evs":[0.0,0.59031]},"Q2o":{"weight":0.0,"played":[0.9672,0.0328],"evs":[0.0,-1.00016]},"K2o":{"weight":0.0,"played":[0.034,0.966],"evs":[0.0,2.02284]},"A2o":{"weight":5.0E-4,"played":[0.0011,0.9989],"evs":[0.0,0.86487]},"32s":{"weight":0.0,"played":[0.1387,0.8613],"evs":[0.0,0.51873]},"33":{"weight":0.005,"played":[0.0036,0.9964],"evs":[0.0,3.05838]},"43o":{"weight":0.0,"played":[0.1102,0.8898],"evs":[0.0,0.68561]},"53o":{"weight":0.0,"played":[0.2223,0.7777],"evs":[0.0,1.88961]},"63o":{"weight":0.0,"played":[0.3673,0.6327],"evs":[0.0,0.96574]},"73o":{"weight":0.0,"played":[0.5066,0.4934],"evs":[0.0,0.01234]},"83o":{"weight":0.0,"played":[0.5401,0.4599],"evs":[0.0,-1.20078]},"93o":{"weight":0.0,"played":[0.3562,0.6438],"evs":[0.0,-0.7785]},"T3o":{"weight":0.0,"played":[0.9839,0.0161],"evs":[0.0,-1.24505]},"J3o":{"weight":0.0,"played":[0.0044,0.9956],"evs":[0.0,3.19469]},"Q3o":{"weight":0.0,"played":[0.8731,0.1269],"evs":[0.0,-1.93817]},"K3o":{"weight":0.0,"played":[0.9118,0.0882],"evs":[0.0,-1.50114]},"A3o":{"weight":2.0E-4,"played":[6.0E-4,0.9994],"evs":[0.0,4.58473]},"42s":{"weight":0.0,"played":[0.6052,0.3948],"evs":[0.0,-2.00795]},"43s":{"weight":0.0,"played":[0.0738,0.9262],"evs":[0.0,2.45953]},"44":{"weight":0.1633,"played":[0.0322,0.9678],"evs":[0.0,-0.32124]},"54o":{"weight":0.0,"played":[0.7329,0.2671],"evs":[0.0,-0.52501]},"64o":{"weight":0.0,"played":[0.605,0.395],"evs":[0.0,-1.0614]},"74o":{"weight":0.0,"played":[0.8654,0.1346],"evs":[0.0,-1.10142]},"84o":{"weight":0.0,"played":[0.9294,0.0706],"evs":[0.0,0.20883]},"94o":{"weight":0.0,"played":[0.9471,0.0529],"evs":[0.0,-3.00486]},"T4o":{"weight":0.0,"played":[0.2723,0.7277],"evs":[0.0,2.05598]},"J4o":{"weight":0.0,"played":[0.6825,0.3175],"evs":[0.0,-0.69921]},"Q4o":{"weight":0.0,"played":[0.2558,0.7442],"evs":[0.0,1.90577]},"K4o":{"weight":0.0,"played":[0.723,0.277],"evs":[0.0,-0.57873]},"A4o":{"weight":0.4021,"played":[0.0075,0.9925],"evs":[0.0,2.99866]},"52s":{"weight":0.0,"played":[0.2706,0.7294],"evs":[0.0,3.3818]},"53s":{"weight":0.0,"played":[0.4368,0.5632],"evs":[0.0,0.64616]},"54s":{"weight":0.0,"played":[0.2672,0.7328],"evs":[0.0,3.61022]},"55":{"weight":0.4584,"played":[0.0043,0.9957],"evs":[0.0,3.2342]},"65o":{"weight":0.0,"played":[0.7009,0.2991],"evs":[0.0,-1.56772]},"75o":{"weight":0.0,"played":[0.3199,0.6801],"evs":[0.0,1.15791]},"85o":{"weight":0.0,"played":[0.0173,0.9827],"evs":[0.0,1.67611]},"95o":{"weight":0.0,"played":[0.0438,0.9562],"evs":[0.0,1.65601]},"T5o":{"weight":0.0,"played":[0.7906,0.2094],"evs":[0.0,-1.38449]},"J5o":{"weight":0.0,"played":[0.5781,0.4219],"evs":[0.0,-1.97446]},"Q5o":{"weight":0.0,"played":[0.188,0.812],"evs":[0.0,3.48129]},"K5o":{"weight":0.0,"played":[0.1855,0.8145],"evs":[0.0,4.07614]},"A5o":{"weight":0.5172,"played":[6.0E-4,0.9994],"evs":[0.0,3.82724]},"62s":{"weight":0.0,"played":[0.3512,0.6488],"evs":[0.0,-0.03063]},"63s":{"weight":0.0,"played":[0.1481,0.8519],"evs":[0.0,6.00606]},"64s":{"weight":0.0,"played":[0.0993,0.9007],"evs":[0.0,5.00691]},"65s":{"weight":0.0,"played":[0.8859,0.1141],"evs":[0.0,2.32847]},"66":{"weight":8.0E-4,"played":[0.3082,0.6918],"evs":[0.0,3.10741]},"76o":{"weight":0.0,"played":[0.0816,0.9184],"evs":[0.0,1.9295]},"86o":{"weight":0.0,"played":[0.1777,0.8223],"evs":[0.0,-0.35992]},"96o":{"weight":0.0,"played":[0.5166,0.4834],"evs":[0.0,-0.67079]},"T6o":{"weight":0.0,"played":[0.4618,0.5382],"evs":[0.0,-0.90651]},"J6o":{"weight":0.0,"played":[0.0012,0.9988],"evs":[0.0,1.50052]},"Q6o":{"weight":0.0,"played":[0.1258,0.8742],"evs":[0.0,0.36738]},"K6o":{"weight":0.0,"played":[0.0245,0.9755],"evs":[0.0,2.8589]},"A6o":{"weight":0.9936,"played":[0.0314,0.9686],"evs":[0.0,1.97009]},"72s":{"weight":0.0,"played":[0.4757,0.5243],"evs":[0.0,-0.41508]},"73s":{"weight":0.0,"played":[0.732,0.268],"evs":[0.0,-0.93656]},"74s":{"weight":0.0,"played":[0.4306,0.5694],"evs":[0.0,-1.41687]},"75s":{"weight":0.0,"played":[0.4807,0.5193],"evs":[0.0,0.7506]},"76s":{"weight":0.0,"played":[0.7301,0.2699],"evs":[0.0,2.1059]},"77":{"weight":0.9426,"played":[0.0467,0.9533],"evs":[0.0,6.43672]},"87o":{"weight":0.0,"played":[0.6354,0.3646],"evs":[0.0,0.82845]},"97o":{"weight":0.0,"played":[0.2005,0.7995],"evs":[0.0,1.47176]},"T7o":{"weight":0.0,"played":[0.9456,0.0544],"evs":[0.0,-2.33812]},"J7o":{"weight":0.0,"played":[0.1496,0.8504],"evs":[0.0,2.04622]},"Q7o":{"weight":0.0,"played":[0.1138,0.8862],"evs":[0.0,-0.32896]},"K7o":{"weight":5.0E-4,"played":[0.0074,0.9926],"evs":[0.0,2.17677]},"A7o":{"weight":0.2035,"played":[9.0E-4,0.9991],"evs":[0.0,3.55281]},"82s":{"weight":0.0,"played":[0.5451,0.4549],"evs":[0.0,-0.09535]},"83s":{"weight":0.0,"played":[0.1173,0.8827],"evs":[0.0,2.95044]},"84s":{"weight":0.0,"played":[0.7047,0.2953],"evs":[0.0,2.65666]},"85s":{"weight":0.0,"played":[0.4032,0.5968],"evs":[0.0,4.29743]},"86s":{"weight":0.0,"played":[0.1359,0.8641],"evs":[0.0,3.08272]},"87s":{"weight":0.0,"played":[0.1835,0.8165],"evs":[0.0,0.73488]},"88":{"weight":0.9365,"played":[0.0036,0.9964],"evs":[0.0,4.28209]},"98o":{"weight":0.0,"played":[0.0433,0.9567],"evs":[0.0,2.40053]},"T8o":{"weight":0.0,"played":[0.0827,0.9173],"evs":[0.0,1.39881]},"J8o":{"weight":0.0,"played":[0.0754,0.9246],"evs":[0.0,1.60086]},"Q8o":{"weight":0.0,"played":[0.0917,0.9083],"evs":[0.0,1.79454]},"K8o":{"weight":0.0,"played":[0.004,0.996],"evs":[0.0,2.97675]},"A8o":{"weight":0.0929,"played":[0.0021,0.9979],"evs":[0.0,5.86056]},"92s":{"weight":0.0,"played":[0.0241,0.9759],"evs":[0.0,2.57153]},"93s":{"weight":0.0,"played":[0.8538,0.1462],"evs":[0.0,-3.68758]},"94s":{"weight":0.0,"played":[0.8797,0.1203],"evs":[0.0,0.42144]},"95s":{"weight":0.0,"played":[0.855,0.145],"evs":[0.0,-0.86659]},"96s":{"weight":0.0,"played":[0.2311,0.7689],"evs":[0.0,2.4467]},"97s":{"weight":1.0E-4,"played":[0.0093,0.9907],"evs":[0.0,4.63958]},"98s":{"weight":0.0,"played":[0.3622,0.6378],"evs":[0.0,4.10114]},"99":{"weight":0.1885,"played":[0.0068,0.9932],"evs":[0.0,3.39554]},"T9o":{"weight":0.0049,"played":[0.0013,0.9987],"evs":[0.0,5.52833]},"J9o":{"weight":0.001,"played":[0.2219,0.7781],"evs":[0.0,1.65991]},"Q9o":{"weight":0.0053,"played":[0.0562,0.9438],"evs":[0.0,2.53696]},"K9o":{"weight":0.1896,"played":[8.0E-4,0.9992],"evs":[0.0,2.41953]},"A9o":{"weight":0.0872,"played":[0.0128,0.9872],"evs":[0.0,6.11162]},"T2s":{"weight":0.0,"played":[0.0338,0.9662],"evs":[0.0,2.81003]},"T3s":{"weight":0.0,"played":[0.3764,0.6236],"evs":[0.0,0.74968]},"T4s":{"weight":0.0,"played":[0.5539,0.4461],"evs":[0.0,-1.82409]},"T5s":{"weight":0.0,"played":[0.0378,0.9622],"evs":[0.0,3.31046]},"T6s":{"weight":0.0,"played":[0.6777,0.3223],"evs":[0.0,-1.31745]},"T7s":{"weight":0.0,"played":[0.5805,0.4195],"evs":[0.0,0.8354]},"T8s":{"weight":0.03,"played":[0.4707,0.5293],"evs":[0.0,6.97514]},"T9s":{"weight":0.9773,"played":[0.2004,0.7996],"evs":[0.0,1.97495]},"TT":{"weight":0.7621,"played":[0.0098,0.9902],"evs":[0.0,8.90307]},"JTo":{"weight":0.4922,"played":[0.0133,0.9867],"evs":[0.0,4.74547]},"QTo":{"weight":0.3556,"played":[0.5362,0.4638],"evs":[0.0,0.12018]},"KTo":{"weight":0.1553,"played":[0.2079,0.7921],"evs":[0.0,0.84201]},"ATo":{"weight":0.0,"played":[0.0548,0.9452],"evs":[0.0,3.36658]},"J2s":{"weight":0.0,"played":[0.0625,0.9375],"evs":[0.0,3.62693]},"J3s":{"weight":0.0,"played":[0.2557,0.7443],"evs":[0.0,1.1088]},"J4s":{"weight":0.0,"played":[0.9333,0.0667],"evs":[0.0,-0.64136]},"J5s":{"weight":0.0,"played":[0.0396,0.9604],"evs":[0.0,1.04797]},"J6s":{"weight":0.0,"played":[0.9408,0.0592],"evs":[0.0,-1.3816]},"J7s":{"weight":2.0E-4,"played":[0.5411,0.4589],"evs":[0.0,3.20942]},"J8s":{"weight":3.0E-4,"played":[0.4426,0.5574],"evs":[0.0,1.30049]},"J9s":{"weight":0.8283,"played":[0.0773,0.9227],"evs":[0.0,4.25377]},"JTs":{"weight":0.5948,"played":[0.5093,0.4907],"evs":[0.0,0.75361]},"JJ":{"weight":0.2718,"played":[0.0082,0.9918],"evs":[0.0,8.32098]},"QJo":{"weight":0.2577,"played":[0.2421,0.7579],"evs":[0.0,-0.41771]},"KJo":{"weight":0.11,"played":[0.0841,0.9159],"evs":[0.0,4.40052]},"AJo":{"weight":0.212,"played":[0.0013,0.9987],"evs":[0.0,3.90634]},"Q2s":{"weight":0.0,"played":[0.8438,0.1562],"evs":[0.0,-1.39399]},"Q3s":{"weight":0.0,"played":[9.0E-4,0.9991],"evs":[0.0,5.14642]},"Q4s":{"weight":0.0,"played":[0.9708,0.0292],"evs":[0.0,-1.06709]},"Q5s":{"weight":0.0,"played":[0.6667,0.3333],"evs":[0.0,0.03318]},"Q6s":{"weight":3.0E-4,"played":[0.6898,0.3102],"evs":[0.0,0.70861]},"Q7s":{"weight":0.0,"played":[0.2534,0.7466],"evs":[0.0,0.07938]},"Q8s":{"weight":0.0051,"played":[0.5534,0.4466],"evs":[0.0,-1.84558]},"Q9s":{"weight":0.4682,"played":[0.0313,0.9687],"evs":[0.0,6.9443]},"QTs":{"weight":0.0,"played":[0.0536,0.9464],"evs":[0.0,1.45091]},"QJs":{"weight":0.1563,"played":[0.1344,0.8656],"evs":[0.0,4.20387]},"QQ":{"weight":0.0319,"played":[0.0074,0.9926],"evs":[0.0,7.0488]},"KQo":{"weight":0.073,"played":[0.0094,0.9906],"evs":[0.0,3.04355]},"AQo":{"weight":0.5031,"played":[0.0015,0.9985],"evs":[0.0,5.44863]},"K2s":{"weight":0.0,"played":[0.7904,0.2096],"evs":[0.0,-4.02336]},"K3s":{"weight":0.0,"played":[0.4539,0.5461],"evs":[0.0,2.01725]},"K4s":{"weight":0.0,"played":[0.9877,0.0123],"evs":[0.0,-1.36775]},"K5s":{"weight":0.0,"played":[0.0757,0.9243],"evs":[0.0,5.41756]},"K6s":{"weight":0.0,"played":[0.0033,0.9967],"evs":[0.0,8.30764]},"K7s":{"weight":5.0E-4,"played":[0.1346,0.8654],"evs":[0.0,4.93431]},"K8s":{"weight":0.0,"played":[0.2033,0.7967],"evs":[0.0,2.88984]},"K9s":{"weight":0.0992,"played":[6.0E-4,0.9994],"evs":[0.0,7.15446]},"KTs":{"weight":0.0,"played":[0.0484,0.9516],"evs":[0.0,1.99167]},"KJs":{"weight":0.8516,"played":[7.0E-4,0.9993],"evs":[0.0,5.51229]},"KQs":{"weight":0.5918,"played":[0.0056,0.9944],"evs":[0.0,2.71331]},"KK":{"weight":0.0071,"played":[0.0026,0.9974],"evs":[0.0,14.02388]},"AKo":{"weight":0.0932,"played":[5.0E-4,0.9995],"evs":[0.0,6.88681]},"A2s":{"weight":0.0,"played":[0.0522,0.9478],"evs":[0.0,4.75024]},"A3s":{"weight":0.0,"played":[0.8772,0.1228],"evs":[0.0,-2.81792]},"A4s":{"weight":0.098,"played":[0.6196,0.3804],"evs":[0.0,-2.53453]},"A5s":{"weight":0.0,"played":[0.0095,0.9905],"evs":[0.0,2.91248]},"A6s":{"weight":0.0,"played":[0.6499,0.3501],"evs":[0.0,0.66845]},"A7s":{"weight":0.3923,"played":[0.0196,0.9804],"evs":[0.0,4.92869]},"A8s":{"weight":7.0E-4,"played":[0.0016,0.9984],"evs":[0.0,4.65677]},"A9s":{"weight":0.0,"played":[0.002,0.998],"evs":[0.0,8.06559]},"ATs":{"weight":0.0,"played":[0.0232,0.9768],"evs":[0.0,4.91838]},"AJs":{"weight":0.0,"played":[0.1047,0.8953],"evs":[0.0,7.16102]},"AQs":{"weight":0.0,"played":[0.0023,0.9977],"evs":[0.0,13.24596]},"AKs":{"weight":0.7375,"played":[0.0053,0.9947],"evs":[0.0,4.57899]},"AA":{"weight":0.9702,"played":[0.001,0.999],"evs":[0.0,17.21885]}}}