{"player":3,"street":0,"children":2,"sequence":[{"player":0,"type":"F","amount":0,"street":0},{"player":1,"type":"F","amount":0,"street":0},{"player":2,"type":"R","amount":200000,"street":0},{"player":3,"type":"C","amount":200000,"street":0},{"player":4,"type":"F","amount":0,"street":0},{"player":5,"type":"R","amount":945000,"street":0},{"player":2,"type":"F","amount":0,"street":0}],"actions":[{"type":"F","amount":0},{"type":"C","amount":545000}],"hands":{"22":{"weight":0.0153,"played":[0.0318,0.9682],"evs":[0.0,10.69846]},"32o":{"weight":0.0,"played":[0.6053,0.3947],"evs":[0.0,-2.88961]},"42o":{"weight":0.0,"played":[0.0792,0.9208],"evs":[0.0,0.79792]},"52o":{"weight":0.0,"played":[0.6329,0.3671],"evs":[0.0,-2.14986]},"62o":{"weight":0.0,"played":[0.868,0.132],"evs":[0.0,-4.53548]},"72o":{"weight":0.0,"played":[0.5824,0.4176],"evs":[0.0,1.59119]},"82o":{"weight":0.0,"played":[0.7446,0.2554],"evs":[0.0,-0.03834]},"92o":{"weight":0.0,"played":[0.8538,0.1462],"evs":[0.0,-0.08797]},"T2o":{"weight":0.0,"played":[0.2985,0.7015],"evs":[0.0,3.9225]},"J2o":{"weight":0.0,"played":[0.2918,0.7082],"evs":[0.0,0.03542]},"Q2o":{"weight":2.0E-4,"played":[0.1871,0.8129],"evs":[0.0,0.85387]},"K2o":{"weight":0.0,"played":[0.0248,0.9752],"evs":[0.0,8.67305]},"A2o":{"weight":0.5754,"played":[0.0186,0.9814],"evs":[0.0,7.19172]},"32s":{"weight":2.0E-4,"played":[0.724,0.276],"evs":[0.0,-3.89623]},"33":{"weight":0.0067,"played":[0.2183,0.7817],"evs":[0.0,0.28727]},"43o":{"weight":0.0,"played":[0.3311,0.6689],"evs":[0.0,-2.70009]},"53o":{"weight":0.0,"played":[0.3417,0.6583],"evs":[0.0,1.49959]},"63o":{"weight":0.0,"played":[0.0052,0.9948],"evs":[0.0,1.9343]},"73o":{"weight":0.0,"played":[0.6509,0.3491],"evs":[0.0,0.15678]},"83o":{"weight":0.0,"played":[0.6846,0.3154],"evs":[0.0,-2.70049]},"93o":{"weight":0.0,"played":[0.9602,0.0398],"evs":[0.0,-1.47162]},"T3o":{"weight":0.0,"played":[0.4483,0.5517],"evs":[0.0,4.77299]},"J3o":{"weight":1.0E-4,"played":[0.0201,0.9799],"evs":[0.0,3.01593]},"Q3o":{"weight":0.001,"played":[0.0104,0.9896],"evs":[0.0,4.44924]},"K3o":{"weight":1.0E-4,"played":[0.2519,0.7481],"evs":[0.0,2.76285]},"A3o":{"weight":0.092,"played":[0.1448,0.8552],"evs":[0.0,-0.62315]},"42s":{"weight":0.0,"played":[0.4766,0.5234],"evs":[0.0,0.42521]},"43s":{"weight":0.0017,"played":[0.6615,0.3385],"evs":[0.0,-2.24342]},"44":{"weight":0.0012,"played":[0.124,0.876],"evs":[0.0,5.52992]},"54o":{"weight":0.0,"played":[0.9113,0.0887],"evs":[0.0,-3.19085]},"64o":{"weight":0.0,"played":[0.8329,0.1671],"evs":[0.0,-0.60777]},"74o":{"weight":2.0E-4,"played":[0.0351,0.9649],"evs":[0.0,6.19428]},"84o":{"weight":0.0,"played":[0.5087,0.4913],"evs":[0.0,0.78789]},"94o":{"weight":0.0,"played":[0.3578,0.6422],"evs":[0.0,-1.74992]},"T4o":{"weight":1.0E-4,"played":[0.0646,0.9354],"evs":[0.0,5.77257]},"J4o":{"weight":3.0E-4,"played":[0.3827,0.6173],"evs":[0.0,1.22422]},"Q4o":{"weight":2.0E-4,"played":[0.199,0.801],"evs":[0.0,0.14751]},"K4o":{"weight":0.0,"played":[0.203,0.797],"evs":[0.0,6.27238]},"A4o":{"weight":0.474,"played":[0.2606,0.7394],"evs":[0.0,8.62417]},"52s":{"weight":0.0602,"played":[0.0478,0.9522],"evs":[0.0,13.19146]},"53s":{"weight":2.0E-4,"played":[0.9117,0.0883],"evs":[0.0,-6.74503]},"54s":{"weight":0.0019,"played":[0.1507,0.8493],"evs":[0.0,4.86441]},"55":{"weight":7.0E-4,"played":[0.4975,0.5025],"evs":[0.0,3.58285]},"65o":{"weight":0.0,"played":[0.0209,0.9791],"evs":[0.0,-0.51784]},"75o":{"weight":0.0,"played":[0.1249,0.8751],"evs":[0.0,5.64462]},"85o":{"weight":0.0,"played":[0.2968,0.7032],"evs":[0.0,-0.11902]},"95o":{"weight":0.0,"played":[0.6026,0.3974],"evs":[0.0,0.4315]},"T5o":{"weight":0.0,"played":[0.0504,0.9496],"evs":[0.0,2.26452]},"J5o":{"weight":1.0E-4,"played":[0.4285,0.5715],"evs":[0.0,-0.19055]},"Q5o":{"weight":0.0,"played":[0.3457,0.6543],"evs":[0.0,-0.61572]},"K5o":{"weight":0.0,"played":[0.0543,0.9457],"evs":[0.0,2.06372]},"A5o":{"weight":0.2696,"played":[4.0E-4,0.9996],"evs":[0.0,7.10498]},"62s":{"weight":8.0E-4,"played":[0.6553,0.3447],"evs":[0.0,-4.99377]},"63s":{"weight":4.0E-4,"played":[0.273,0.727],"evs":[0.0,1.42535]},"64s":{"weight":5.0E-4,"played":[0.7093,0.2907],"evs":[0.0,0.02269]},"65s":{"weight":2.0E-4,"played":[0.9628,0.0372],"evs":[0.0,-3.95204]},"66":{"weight":0.0219,"played":[4.0E-4,0.9996],"evs":[0.0,3.35896]},"76o":{"weight":0.0,"played":[0.5423,0.4577],"evs":[0.0,-1.3416]},"86o":{"weight":2.0E-4,"played":[0.0033,0.9967],"evs":[0.0,0.97792]},"96o":{"weight":0.0,"played":[0.2597,0.7403],"evs":[0.0,4.88504]},"T6o":{"weight":0.0,"played":[0.0087,0.9913],"evs":[0.0,2.33969]},"J6o":{"weight":1.0E-4,"played":[0.5943,0.4057],"evs":[0.0,2.03686]},"Q6o":{"weight":0.0,"played":[0.0229,0.9771],"evs":[0.0,3.62985]},"K6o":{"weight":0.0,"played":[0.0054,0.9946],"evs":[0.0,2.35957]},"A6o":{"weight":0.7284,"played":[0.0097,0.9903],"evs":[0.0,6.80207]},"72s":{"weight":0.0,"played":[0.0342,0.9658],"evs":[0.0,5.06318]},"73s":{"weight":9.0E-4,"played":[0.9969,0.0031],"evs":[0.0,-6.74503]},"74s":{"weight":6.0E-4,"played":[0.5817,0.4183],"evs":[0.0,3.98051]},"75s":{"weight":1.0E-4,"played":[0.2938,0.7062],"evs":[0.0,7.22508]},"76s":{"weight":2.0E-4,"played":[0.9896,0.0104],"evs":[0.0,4.20195]},"77":{"weight":0.1043,"played":[0.3443,0.6557],"evs":[0.0,-2.24697]},"87o":{"weight":8.0E-4,"played":[0.0038,0.9962],"evs":[0.0,4.75976]},"97o":{"weight":0.0,"played":[0.9313,0.0687],"evs":[0.0,-2.27768]},"T7o":{"weight":1.0E-4,"played":[0.0284,0.9716],"evs":[0.0,1.74626]},"J7o":{"weight":0.0,"played":[0.4954,0.5046],"evs":[0.0,-0.42794]},"Q7o":{"weight":1.0E-4,"played":[0.0057,0.9943],"evs":[0.0,0.41158]},"K7o":{"weight":5.0E-4,"played":[0.0679,0.9321],"evs":[0.0,1.4989]},"A7o":{"weight":0.4461,"played":[9.0E-4,0.9991],"evs":[0.0,5.36443]},"82s":{"weight":3.0E-4,"played":[0.4977,0.5023],"evs":[0.0,8.33296]},"83s":{"weight":3.0E-4,"played":[0.6128,0.3872],"evs":[0.0,-0.08173]},"84s":{"weight":2.0E-4,"played":[0.5697,0.4303],"evs":[0.0,3.61329]},"85s":{"weight":0.0017,"played":[0.8539,0.1461],"evs":[0.0,-0.58931]},"86s":{"weight":0.0059,"played":[0.9539,0.0461],"evs":[0.0,2.98856]},"87s":{"weight":5.0E-4,"played":[0.1833,0.8167],"evs":[0.0,9.00415]},"88":{"weight":0.2758,"played":[0.1187,0.8813],"evs":[0.0,2.51667]},"98o":{"weight":0.0,"played":[0.0294,0.9706],"evs":[0.0,4.5529]},"T8o":{"weight":0.0,"played":[0.0239,0.9761],"evs":[0.0,4.06804]},"J8o":{"weight":0.0156,"played":[0.0122,0.9878],"evs":[0.0,3.81102]},"Q8o":{"weight":0.0073,"played":[0.3802,0.6198],"evs":[0.0,2.65455]},"K8o":{"weight":0.0022,"played":[0.0254,0.9746],"evs":[0.0,4.19343]},"A8o":{"weight":0.4049,"played":[0.0599,0.9401],"evs":[0.0,4.37802]},"92s":{"weight":9.0E-4,"played":[0.7646,0.2354],"evs":[0.0,-4.20381]},"93s":{"weight":0.0,"played":[0.5544,0.4456],"evs":[0.0,0.61486]},"94s":{"weight":0.0,"played":[0.4794,0.5206],"evs":[0.0,3.84754]},"95s":{"weight":0.0148,"played":[0.4635,0.5365],"evs":[0.0,-1.73002]},"96s":{"weight":5.0E-4,"played":[0.0767,0.9233],"evs":[0.0,12.24108]},"97s":{"weight":2.0E-4,"played":[0.6018,0.3982],"evs":[0.0,4.7285]},"98s":{"weight":0.0611,"played":[0.0139,0.9861],"evs":[0.0,6.82189]},"99":{"weight":0.7848,"played":[0.0079,0.9921],"evs":[0.0,5.34069]},"T9o":{"weight":0.0252,"played":[0.0129,0.9871],"evs":[0.0,4.66162]},"J9o":{"weight":1.0E-4,"played":[0.0048,0.9952],"evs":[0.0,7.3791]},"Q9o":{"weight":0.0025,"played":[0.0033,0.9967],"evs":[0.0,2.38252]},"K9o":{"weight":1.0E-4,"played":[0.1398,0.8602],"evs":[0.0,5.16011]},"A9o":{"weight":0.3653,"played":[0.0029,0.9971],"evs":[0.0,0.49667]},"T2s":{"weight":1.0E-4,"played":[0.1132,0.8868],"evs":[0.0,13.9087]},"T3s":{"weight":0.001,"played":[0.2371,0.7629],"evs":[0.0,4.56643]},"T4s":{"weight":1.0E-4,"played":[0.8228,0.1772],"evs":[0.0,-5.99524]},"T5s":{"weight":3.0E-4,"played":[0.1545,0.8455],"evs":[0.0,6.13301]},"T6s":{"weight":0.0012,"played":[0.2235,0.7765],"evs":[0.0,5.08655]},"T7s":{"weight":7.0E-4,"played":[0.0112,0.9888],"evs":[0.0,6.54849]},"T8s":{"weight":0.0045,"played":[0.2602,0.7398],"evs":[0.0,6.29798]},"T9s":{"weight":0.0691,"played":[0.5762,0.4238],"evs":[0.0,1.57516]},"TT":{"weight":0.0012,"played":[0.0043,0.9957],"evs":[0.0,7.26101]},"JTo":{"weight":0.0283,"played":[0.1949,0.8051],"evs":[0.0,2.4215]},"QTo":{"weight":0.1126,"played":[0.0036,0.9964],"evs":[0.0,3.08309]},"KTo":{"weight":0.7254,"played":[0.0048,0.9952],"evs":[0.0,1.90789]},"ATo":{"weight":0.0104,"played":[0.0329,0.9671],"evs":[0.0,11.22393]},"J2s":{"weight":1.0E-4,"played":[0.055,0.945],"evs":[0.0,3.88237]},"J3s":{"weight":0.0,"played":[0.1111,0.8889],"evs":[0.0,4.44222]},"J4s":{"weight":2.0E-4,"played":[0.0155,0.9845],"evs":[0.0,-0.24346]},"J5s":{"weight":0.0014,"played":[0.2168,0.7832],"evs":[0.0,5.58708]},"J6s":{"weight":1.0E-4,"played":[0.247,0.753],"evs":[0.0,15.55882]},"J7s":{"weight":0.031,"played":[0.6777,0.3223],"evs":[0.0,5.04283]},"J8s":{"weight":0.0023,"played":[0.2944,0.7056],"evs":[0.0,2.30446]},"J9s":{"weight":0.0558,"played":[3.0E-4,0.9997],"evs":[0.0,0.67746]},"JTs":{"weight":0.5177,"played":[0.6444,0.3556],"evs":[0.0,-3.52437]},"JJ":{"weight":0.0,"played":[0.0016,0.9984],"evs":[0.0,9.56094]},"QJo":{"weight":0.5606,"played":[5.0E-4,0.9995],"evs":[0.0,4.27576]},"KJo":{"weight":0.5437,"played":[0.0172,0.9828],"evs":[0.0,2.36761]},"AJo":{"weight":0.0042,"played":[0.0067,0.9933],"evs":[0.0,7.4299]},"Q2s":{"weight":1.0E-4,"played":[0.4465,0.5535],"evs":[0.0,-0.95156]},"Q3s":{"weight":0.0,"played":[0.5366,0.4634],"evs":[0.0,-1.90438]},"Q4s":{"weight":0.0021,"played":[0.2879,0.7121],"evs":[0.0,1.66491]},"Q5s":{"weight":0.001,"played":[0.4531,0.5469],"evs":[0.0,9.69843]},"Q6s":{"weight":0.005,"played":[0.1318,0.8682],"evs":[0.0,10.01442]},"Q7s":{"weight":0.0037,"played":[0.9611,0.0389],"evs":[0.0,13.82233]},"Q8s":{"weight":0.0117,"played":[0.4738,0.5262],"evs":[0.0,2.52752]},"Q9s":{"weight":0.0338,"played":[0.0013,0.9987],"evs":[0.0,4.08906]},"QTs":{"weight":0.265,"played":[0.0494,0.9506],"evs":[0.0,3.65414]},"QJs":{"weight":0.5533,"played":[0.1283,0.8717],"evs":[0.0,6.46225]},"QQ":{"weight":0.0,"played":[0.0176,0.9824],"evs":[0.0,12.06396]},"KQo":{"weight":2.0E-4,"played":[0.7456,0.2544],"evs":[0.0,-2.6131]},"AQo":{"weight":0.1629,"played":[0.0595,0.9405],"evs":[0.0,6.02094]},"K2s":{"weight":0.0249,"played":[0.9444,0.0556],"evs":[0.0,-1.71663]},"K3s":{"weight":0.0325,"played":[0.0065,0.9935],"evs":[0.0,-1.36408]},"K4s":{"weight":0.0029,"played":[0.2769,0.7231],"evs":[0.0,0.00438]},"K5s":{"weight":0.0012,"played":[0.2764,0.7236],"evs":[0.0,-1.17929]},"K6s":{"weight":0.6475,"played":[0.4963,0.5037],"evs":[0.0,0.77376]},"K7s":{"weight":0.4233,"played":[0.0995,0.9005],"evs":[0.0,3.59717]},"K8s":{"weight":0.2685,"played":[0.1738,0.8262],"evs":[0.0,6.33436]},"K9s":{"weight":0.0022,"played":[0.2605,0.7395],"evs":[0.0,-0.96594]},"KTs":{"weight":0.5155,"played":[0.0968,0.9032],"evs":[0.0,11.40248]},"KJs":{"weight":0.6264,"played":[0.4775,0.5225],"evs":[0.0,4.43226]},"KQs":{"weight":0.3079,"played":[0.0084,0.9916],"evs":[0.0,7.68151]},"KK":{"weight":0.001,"played":[0.0514,0.9486],"evs":[0.0,9.49552]},"AKo":{"weight":0.0,"played":[0.0771,0.9229],"evs":[0.0,10.09085]},"A2s":{"weight":0.0,"played":[0.0629,0.9371],"evs":[0.0,8.27446]},"A3s":{"weight":0.2873,"played":[0.1035,0.8965],"evs":[0.0,14.45993]},"A4s":{"weight":0.0384,"played":[0.5218,0.4782],"evs":[0.0,2.91697]},"A5s":{"weight":0.2352,"played":[0.5144,0.4856],"evs":[0.0,5.96688]},"A6s":{"weight":0.1837,"played":[0.1095,0.8905],"evs":[0.0,9.0515]},"A7s":{"weight":0.1653,"played":[0.2714,0.7286],"evs":[0.0,12.2593]},"A8s":{"weight":0.0,"played":[0.0948,0.9052],"evs":[0.0,6.95504]},"A9s":{"weight":0.0033,"played":[0.1909,0.8091],"evs":[0.0,3.12988]},"ATs":{"weight":0.4069,"played":[0.0314,0.9686],"evs":[0.0,15.24713]},"AJs":{"weight":0.3267,"played":[0.0094,0.9906],"evs":[0.0,6.64997]},"AQs":{"weight":0.0031,"played":[0.0122,0.9878],"evs":[0.0,9.9032]},"AKs":{"weight":0.4587,"played":[0.0612,0.9388],"evs":[0.0,9.33932]},"AA":{"weight":0.0,"played":[0.039,0.961],"evs":[0.0,7.51641]}}}