{"player":2,"street":0,"children":2,"sequence":[{"player":0,"type":"R","amount":200000,"street":0},{"player":1,"type":"C","amount":200000,"street":0},{"player":2,"type":"C","amount":200000,"street":0},{"player":3,"type":"F","amount":0,"street":0},{"player":4,"type":"R","amount":1315000,"street":0},{"player":5,"type":"F","amount":0,"street":0},{"player":0,"type":"F","amount":0,"street":0},{"player":1,"type":"F","amount":0,"street":0}],"actions":[{"type":"F","amount":0},{"type":"C","amount":1115000}],"hands":{"22":{"weight":0.1791,"played":[0.5,0.5],"evs":[0.0,-13.39373]},"32o":{"weight":0.0,"played":[0.6569,0.3431],"evs":[0.0,-1.19788]},"42o":{"weight":0.0,"played":[0.5,0.5],"evs":[0.0,-13.39373]},"52o":{"weight":0.0022,"played":[0.9437,0.0563],"evs":[0.0,-0.3216]},"62o":{"weight":0.0,"played":[0.5,0.5],"evs":[0.0,-13.39373]},"72o":{"weight":0.0,"played":[0.5,0.5],"evs":[0.0,-13.39373]},"82o":{"weight":9.0E-4,"played":[0.5509,0.4491],"evs":[0.0,-12.96847]},"92o":{"weight":2.0E-4,"played":[0.1512,0.8488],"evs":[0.0,-0.98119]},"T2o":{"weight":0.0021,"played":[0.2078,0.7922],"evs":[0.0,4.88895]},"J2o":{"weight":6.0E-4,"played":[0.5,0.5],"evs":[0.0,-13.39373]},"Q2o":{"weight":1.0E-4,"played":[0.3963,0.6037],"evs":[0.0,18.91731]},"K2o":{"weight":0.0,"played":[0.5,0.5],"evs":[0.0,-13.39373]},"A2o":{"weight":0.0304,"played":[0.0424,0.9576],"evs":[0.0,27.64365]},"32s":{"weight":1.0E-4,"played":[0.5,0.5],"evs":[0.0,0.0]},"33":{"weight":0.0055,"played":[0.8364,0.1636],"evs":[0.0,14.22021]},"43o":{"weight":3.0E-4,"played":[0.7643,0.2357],"evs":[0.0,-13.39373]},"53o":{"weight":0.0015,"played":[0.5,0.5],"evs":[0.0,27.64365]},"63o":{"weight":0.0,"played":[0.2165,0.7835],"evs":[0.0,27.64365]},"73o":{"weight":0.0,"played":[0.7911,0.2089],"evs":[0.0,3.91024]},"83o":{"weight":2.0E-4,"played":[0.5,0.5],"evs":[0.0,0.0]},"93o":{"weight":7.0E-4,"played":[0.7986,0.2014],"evs":[0.0,11.11061]},"T3o":{"weight":2.0E-4,"played":[0.5,0.5],"evs":[0.0,27.64365]},"J3o":{"weight":9.0E-4,"played":[0.9313,0.0687],"evs":[0.0,9.26702]},"Q3o":{"weight":0.0054,"played":[0.7111,0.2889],"evs":[0.0,-10.62093]},"K3o":{"weight":0.0061,"played":[0.5,0.5],"evs":[0.0,-13.39373]},"A3o":{"weight":0.1054,"played":[0.5,0.5],"evs":[0.0,0.0]},"42s":{"weight":0.1507,"played":[0.2331,0.7669],"evs":[0.0,5.73648]},"43s":{"weight":0.0,"played":[0.5,0.5],"evs":[0.0,-13.39373]},"44":{"weight":0.4925,"played":[0.9788,0.0212],"evs":[0.0,-13.39373]},"54o":{"weight":0.017,"played":[0.1126,0.8874],"evs":[0.0,27.64365]},"64o":{"weight":0.001,"played":[0.9224,0.0776],"evs":[0.0,-13.39373]},"74o":{"weight":0.005,"played":[0.8622,0.1378],"evs":[0.0,-13.39373]},"84o":{"weight":0.0,"played":[0.8931,0.1069],"evs":[0.0,-13.39372]},"94o":{"weight":0.0,"played":[0.5,0.5],"evs":[0.0,0.0]},"T4o":{"weight":3.0E-4,"played":[0.5,0.5],"evs":[0.0,27.64365]},"J4o":{"weight":0.0024,"played":[0.5,0.5],"evs":[0.0,0.0]},"Q4o":{"weight":0.0038,"played":[0.5,0.5],"evs":[0.0,-13.39373]},"K4o":{"weight":0.003,"played":[0.5,0.5],"evs":[0.0,27.64365]},"A4o":{"weight":0.1252,"played":[0.0619,0.9381],"evs":[0.0,-1.27793]},"52s":{"weight":0.0259,"played":[0.5,0.5],"evs":[0.0,-13.39373]},"53s":{"weight":0.0027,"played":[0.5,0.5],"evs":[0.0,0.0]},"54s":{"weight":0.2339,"played":[0.5,0.5],"evs":[0.0,0.0]},"55":{"weight":0.0016,"played":[0.1923,0.8077],"evs":[0.0,27.64365]},"65o":{"weight":0.0018,"played":[0.9798,0.0202],"evs":[0.0,-13.39373]},"75o":{"weight":0.01,"played":[0.5,0.5],"evs":[0.0,-13.39372]},"85o":{"weight":1.0E-4,"played":[0.2669,0.7331],"evs":[0.0,24.82429]},"95o":{"weight":0.0016,"played":[0.5,0.5],"evs":[0.0,0.0]},"T5o":{"weight":1.0E-4,"played":[0.1069,0.8931],"evs":[0.0,27.64365]},"J5o":{"weight":0.0,"played":[0.7052,0.2948],"evs":[0.0,-11.8563]},"Q5o":{"weight":1.0E-4,"played":[0.5,0.5],"evs":[0.0,0.0]},"K5o":{"weight":0.0163,"played":[0.0302,0.9698],"evs":[0.0,17.45316]},"A5o":{"weight":0.3611,"played":[0.1006,0.8994],"evs":[0.0,27.64365]},"62s":{"weight":0.0066,"played":[0.9576,0.0424],"evs":[0.0,24.16591]},"63s":{"weight":0.1463,"played":[0.5,0.5],"evs":[0.0,0.0]},"64s":{"weight":0.0685,"played":[0.5,0.5],"evs":[0.0,-13.39373]},"65s":{"weight":0.0122,"played":[0.9109,0.0891],"evs":[0.0,-13.39373]},"66":{"weight":0.3549,"played":[0.5,0.5],"evs":[0.0,-13.39373]},"76o":{"weight":0.0023,"played":[0.5,0.5],"evs":[0.0,-13.39373]},"86o":{"weight":0.0156,"played":[0.4934,0.5066],"evs":[0.0,16.45717]},"96o":{"weight":0.027,"played":[0.2173,0.7827],"evs":[0.0,4.43927]},"T6o":{"weight":0.0,"played":[0.5263,0.4737],"evs":[0.0,2.28786]},"J6o":{"weight":2.0E-4,"played":[0.5,0.5],"evs":[0.0,27.64365]},"Q6o":{"weight":0.0012,"played":[0.0718,0.9282],"evs":[0.0,2.02363]},"K6o":{"weight":0.0036,"played":[0.7592,0.2408],"evs":[0.0,7.87794]},"A6o":{"weight":0.8241,"played":[0.4937,0.5063],"evs":[0.0,17.68904]},"72s":{"weight":8.0E-4,"played":[0.5,0.5],"evs":[0.0,-13.39373]},"73s":{"weight":0.0155,"played":[0.5,0.5],"evs":[0.0,0.0]},"74s":{"weight":0.2559,"played":[0.9597,0.0403],"evs":[0.0,24.33419]},"75s":{"weight":0.1474,"played":[0.5,0.5],"evs":[0.0,0.0]},"76s":{"weight":0.0359,"played":[0.1929,0.8071],"evs":[0.0,2.44135]},"77":{"weight":0.0181,"played":[0.5,0.5],"evs":[0.0,0.0]},"87o":{"weight":0.0057,"played":[0.2645,0.7355],"evs":[0.0,-4.82727]},"97o":{"weight":8.0E-4,"played":[0.5,0.5],"evs":[0.0,0.0]},"T7o":{"weight":0.0763,"played":[0.5,0.5],"evs":[0.0,0.0]},"J7o":{"weight":5.0E-4,"played":[0.7975,0.2025],"evs":[0.0,11.02278]},"Q7o":{"weight":0.0095,"played":[0.0494,0.9506],"evs":[0.0,13.50637]},"K7o":{"weight":0.0,"played":[0.5,0.5],"evs":[0.0,-13.39373]},"A7o":{"weight":0.1401,"played":[0.25,0.75],"evs":[0.0,-3.77799]},"82s":{"weight":0.0037,"played":[0.5,0.5],"evs":[0.0,27.64365]},"83s":{"weight":0.0021,"played":[0.5,0.5],"evs":[0.0,-13.39373]},"84s":{"weight":0.0013,"played":[0.5,0.5],"evs":[0.0,0.0]},"85s":{"weight":1.0E-4,"played":[0.0353,0.9647],"evs":[0.0,0.92912]},"86s":{"weight":0.0544,"played":[0.5,0.5],"evs":[0.0,0.0]},"87s":{"weight":8.0E-4,"played":[0.5,0.5],"evs":[0.0,-13.39373]},"88":{"weight":0.0057,"played":[0.9241,0.0759],"evs":[0.0,-13.39373]},"98o":{"weight":1.0E-4,"played":[0.6727,0.3273],"evs":[0.0,-0.16614]},"T8o":{"weight":0.0163,"played":[0.1162,0.8838],"evs":[0.0,6.82577]},"J8o":{"weight":0.0269,"played":[0.5,0.5],"evs":[0.0,-13.39373]},"Q8o":{"weight":0.0607,"played":[0.5,0.5],"evs":[0.0,-13.39373]},"K8o":{"weight":0.0117,"played":[0.0261,0.9739],"evs":[0.0,14.21174]},"A8o":{"weight":0.4776,"played":[0.5,0.5],"evs":[0.0,0.0]},"92s":{"weight":0.0096,"played":[0.5,0.5],"evs":[0.0,-13.39373]},"93s":{"weight":0.2955,"played":[0.5,0.5],"evs":[0.0,0.0]},"94s":{"weight":4.0E-4,"played":[0.5,0.5],"evs":[0.0,27.64365]},"95s":{"weight":0.0,"played":[0.5,0.5],"evs":[0.0,-13.39373]},"96s":{"weight":0.0039,"played":[0.5,0.5],"evs":[0.0,0.0]},"97s":{"weight":0.0163,"played":[0.5,0.5],"evs":[0.0,-13.39373]},"98s":{"weight":0.4325,"played":[0.5,0.5],"evs":[0.0,0.0]},"99":{"weight":9.0E-4,"played":[0.5,0.5],"evs":[0.0,0.0]},"T9o":{"weight":0.0039,"played":[0.992,0.008],"evs":[0.0,-13.39373]},"J9o":{"weight":0.0125,"played":[0.0127,0.9873],"evs":[0.0,11.7793]},"Q9o":{"weight":0.0076,"played":[0.5,0.5],"evs":[0.0,27.64365]},"K9o":{"weight":0.2303,"played":[0.5,0.5],"evs":[0.0,27.64365]},"A9o":{"weight":0.439,"played":[0.076,0.924],"evs":[0.0,14.38797]},"T2s":{"weight":0.0035,"played":[0.9596,0.0404],"evs":[0.0,24.33007]},"T3s":{"weight":0.1709,"played":[0.5,0.5],"evs":[0.0,27.64365]},"T4s":{"weight":0.0049,"played":[0.5,0.5],"evs":[0.0,0.0]},"T5s":{"weight":0.0028,"played":[0.5,0.5],"evs":[0.0,-13.39373]},"T6s":{"weight":0.0908,"played":[0.5,0.5],"evs":[0.0,0.0]},"T7s":{"weight":0.0038,"played":[0.0516,0.9484],"evs":[0.0,-9.15971]},"T8s":{"weight":0.0935,"played":[0.2391,0.7609],"evs":[0.0,27.64365]},"T9s":{"weight":0.095,"played":[0.5,0.5],"evs":[0.0,0.0]},"TT":{"weight":0.0024,"played":[0.5,0.5],"evs":[0.0,0.0]},"JTo":{"weight":0.1716,"played":[0.9793,0.0207],"evs":[0.0,-0.28003]},"QTo":{"weight":0.0695,"played":[0.75,0.25],"evs":[0.0,7.12496]},"KTo":{"weight":0.3675,"played":[0.136,0.864],"evs":[0.0,-2.23444]},"ATo":{"weight":0.4706,"played":[0.0065,0.9935],"evs":[0.0,27.64365]},"J2s":{"weight":0.0683,"played":[0.5,0.5],"evs":[0.0,-13.39373]},"J3s":{"weight":3.0E-4,"played":[0.5,0.5],"evs":[0.0,0.0]},"J4s":{"weight":0.0298,"played":[0.5,0.5],"evs":[0.0,27.64365]},"J5s":{"weight":0.0088,"played":[0.5,0.5],"evs":[0.0,27.64365]},"J6s":{"weight":0.0558,"played":[0.5,0.5],"evs":[0.0,-13.39373]},"J7s":{"weight":0.1315,"played":[0.1621,0.8379],"evs":[0.0,27.64365]},"J8s":{"weight":0.0412,"played":[0.5,0.5],"evs":[0.0,0.0]},"J9s":{"weight":0.0731,"played":[0.5,0.5],"evs":[0.0,0.0]},"JTs":{"weight":7.0E-4,"played":[0.5,0.5],"evs":[0.0,0.0]},"JJ":{"weight":1.0E-4,"played":[0.5,0.5],"evs":[0.0,0.0]},"QJo":{"weight":0.5775,"played":[0.5,0.5],"evs":[0.0,0.0]},"KJo":{"weight":0.3448,"played":[0.873,0.127],"evs":[0.0,-13.39373]},"AJo":{"weight":0.3589,"played":[0.4511,0.5489],"evs":[0.0,-2.26645]},"Q2s":{"weight":0.0041,"played":[0.5,0.5],"evs":[0.0,-13.39373]},"Q3s":{"weight":0.1025,"played":[0.5,0.5],"evs":[0.0,0.0]},"Q4s":{"weight":0.1214,"played":[0.5,0.5],"evs":[0.0,0.0]},"Q5s":{"weight":0.4498,"played":[0.5,0.5],"evs":[0.0,0.0]},"Q6s":{"weight":0.0376,"played":[0.5,0.5],"evs":[0.0,-13.39373]},"Q7s":{"weight":0.0905,"played":[0.1445,0.8555],"evs":[0.0,-1.53041]},"Q8s":{"weight":0.4445,"played":[0.5,0.5],"evs":[0.0,-13.39372]},"Q9s":{"weight":0.0376,"played":[0.5,0.5],"evs":[0.0,0.0]},"QTs":{"weight":0.5016,"played":[0.5,0.5],"evs":[0.0,0.0]},"QJs":{"weight":0.3663,"played":[0.5,0.5],"evs":[0.0,0.0]},"QQ":{"weight":0.3909,"played":[0.5,0.5],"evs":[0.0,0.0]},"KQo":{"weight":0.203,"played":[0.9011,0.0989],"evs":[0.0,-9.58785]},"AQo":{"weight":1.0E-4,"played":[0.25,0.75],"evs":[0.0,7.12496]},"K2s":{"weight":0.0795,"played":[0.5,0.5],"evs":[0.0,27.64365]},"K3s":{"weight":0.4351,"played":[0.5,0.5],"evs":[0.0,0.0]},"K4s":{"weight":0.0352,"played":[0.5,0.5],"evs":[0.0,0.0]},"K5s":{"weight":0.1269,"played":[0.5,0.5],"evs":[0.0,0.0]},"K6s":{"weight":0.1785,"played":[0.5,0.5],"evs":[0.0,-13.39373]},"K7s":{"weight":0.2237,"played":[0.8311,0.1689],"evs":[0.0,13.77967]},"K8s":{"weight":0.191,"played":[0.5,0.5],"evs":[0.0,-13.39373]},"K9s":{"weight":0.0012,"played":[0.5,0.5],"evs":[0.0,0.0]},"KTs":{"weight":0.7952,"played":[0.5,0.5],"evs":[0.0,-13.39373]},"KJs":{"weight":0.2884,"played":[0.5,0.5],"evs":[0.0,0.0]},"KQs":{"weight":0.0,"played":[0.5,0.5],"evs":[0.0,0.0]},"KK":{"weight":0.0014,"played":[0.0079,0.9921],"evs":[0.0,27.64365]},"AKo":{"weight":5.0E-4,"played":[0.5,0.5],"evs":[0.0,27.64365]},"A2s":{"weight":0.0145,"played":[0.5,0.5],"evs":[0.0,-13.39373]},"A3s":{"weight":0.0028,"played":[0.5,0.5],"evs":[0.0,0.0]},"A4s":{"weight":0.1366,"played":[0.5,0.5],"evs":[0.0,27.64365]},"A5s":{"weight":0.0029,"played":[0.8063,0.1938],"evs":[0.0,11.74167]},"A6s":{"weight":0.4926,"played":[0.6151,0.3849],"evs":[0.0,15.75119]},"A7s":{"weight":0.4572,"played":[0.5,0.5],"evs":[0.0,0.0]},"A8s":{"weight":0.6542,"played":[0.5,0.5],"evs":[0.0,0.0]},"A9s":{"weight":0.373,"played":[0.5,0.5],"evs":[0.0,0.0]},"ATs":{"weight":8.0E-4,"played":[0.5,0.5],"evs":[0.0,27.64365]},"AJs":{"weight":1.0E-4,"played":[0.5,0.5],"evs":[0.0,0.0]},"AQs":{"weight":2.0E-4,"played":[0.5,0.5],"evs":[0.0,0.0]},"AKs":{"weight":0.5336,"played":[0.5,0.5],"evs":[0.0,0.0]},"AA":{"weight":0.103,"played":[0.5,0.5],"evs":[0.0,0.0]}}}