{"player":1,"street":0,"children":2,"sequence":[{"player":0,"type":"R","amount":200000,"street":0},{"player":1,"type":"C","amount":200000,"street":0},{"player":2,"type":"C","amount":200000,"street":0},{"player":3,"type":"F","amount":0,"street":0},{"player":4,"type":"R","amount":1315000,"street":0},{"player":5,"type":"C","amount":845000,"street":0},{"player":0,"type":"F","amount":0,"street":0}],"actions":[{"type":"F","amount":0,"node":447},{"type":"R","amount":2185000,"node":448}],"hands":{"22":{"weight":4.0E-4,"played":[0.7047,0.2953],"evs":[0.0,-6.45484]},"32o":{"weight":0.0,"played":[0.6653,0.3347],"evs":[0.0,1.76587]},"42o":{"weight":0.0,"played":[0.2298,0.7702],"evs":[0.0,9.73083]},"52o":{"weight":0.0,"played":[0.2784,0.7216],"evs":[0.0,16.17282]},"62o":{"weight":0.0,"played":[0.2366,0.7634],"evs":[0.0,0.9253]},"72o":{"weight":0.0,"played":[0.9966,0.0034],"evs":[0.0,-14.65423]},"82o":{"weight":0.0,"played":[0.798,0.202],"evs":[0.0,-11.54374]},"92o":{"weight":0.0,"played":[0.2936,0.7064],"evs":[0.0,-2.50034]},"T2o":{"weight":0.0,"played":[0.6572,0.3428],"evs":[0.0,9.4801]},"J2o":{"weight":0.0,"played":[0.4457,0.5543],"evs":[0.0,-10.77662]},"Q2o":{"weight":0.0,"played":[0.7567,0.2433],"evs":[0.0,4.9349]},"K2o":{"weight":0.0,"played":[0.3836,0.6164],"evs":[0.0,4.66576]},"A2o":{"weight":0.5107,"played":[0.2396,0.7604],"evs":[0.0,-6.91337]},"32s":{"weight":3.0E-4,"played":[0.3036,0.6964],"evs":[0.0,-4.78274]},"33":{"weight":0.0,"played":[0.0543,0.9457],"evs":[0.0,24.31077]},"43o":{"weight":0.0,"played":[0.6724,0.3276],"evs":[0.0,-4.68098]},"53o":{"weight":0.0,"played":[0.9027,0.0973],"evs":[0.0,-14.27316]},"63o":{"weight":0.0,"played":[0.6031,0.3969],"evs":[0.0,-9.04129]},"73o":{"weight":0.0,"played":[0.6465,0.3535],"evs":[0.0,-7.23491]},"83o":{"weight":0.0,"played":[0.5368,0.4632],"evs":[0.0,-11.63582]},"93o":{"weight":0.0,"played":[0.175,0.825],"evs":[0.0,45.5736]},"T3o":{"weight":1.0E-4,"played":[0.1596,0.8404],"evs":[0.0,10.90612]},"J3o":{"weight":1.0E-4,"played":[0.4657,0.5343],"evs":[0.0,-13.69165]},"Q3o":{"weight":0.0,"played":[0.1502,0.8498],"evs":[0.0,33.27714]},"K3o":{"weight":0.0,"played":[0.2513,0.7487],"evs":[0.0,-6.59168]},"A3o":{"weight":0.6157,"played":[0.2693,0.7307],"evs":[0.0,8.09051]},"42s":{"weight":1.0E-4,"played":[0.9871,0.0129],"evs":[0.0,34.16469]},"43s":{"weight":0.0,"played":[0.5086,0.4914],"evs":[0.0,11.14839]},"44":{"weight":5.0E-4,"played":[0.603,0.397],"evs":[0.0,-3.41039]},"54o":{"weight":0.0,"played":[0.9617,0.0383],"evs":[0.0,-22.67244]},"64o":{"weight":0.0,"played":[0.4238,0.5762],"evs":[0.0,0.85921]},"74o":{"weight":0.0,"played":[0.0289,0.9711],"evs":[0.0,0.10603]},"84o":{"weight":0.0,"played":[0.772,0.228],"evs":[0.0,-0.85257]},"94o":{"weight":1.0E-4,"played":[0.5164,0.4836],"evs":[0.0,-9.23327]},"T4o":{"weight":0.0,"played":[0.9917,0.0083],"evs":[0.0,-10.85364]},"J4o":{"weight":0.0,"played":[0.5893,0.4107],"evs":[0.0,4.60163]},"Q4o":{"weight":0.0,"played":[0.8206,0.1794],"evs":[0.0,5.03461]},"K4o":{"weight":1.0E-4,"played":[0.3769,0.6231],"evs":[0.0,6.53505]},"A4o":{"weight":0.8373,"played":[0.0264,0.9736],"evs":[0.0,4.59696]},"52s":{"weight":1.0E-4,"played":[0.5,0.5],"evs":[0.0,0.0]},"53s":{"weight":9.0E-4,"played":[0.4088,0.5912],"evs":[0.0,-10.6498]},"54s":{"weight":0.0324,"played":[0.7314,0.2686],"evs":[0.0,14.02419]},"55":{"weight":0.1092,"played":[0.1219,0.8781],"evs":[0.0,33.50762]},"65o":{"weight":0.0,"played":[0.1995,0.8005],"evs":[0.0,15.51271]},"75o":{"weight":0.0,"played":[0.5127,0.4873],"evs":[0.0,3.98254]},"85o":{"weight":1.0E-4,"played":[0.0068,0.9932],"evs":[0.0,10.93805]},"95o":{"weight":0.0,"played":[0.7711,0.2289],"evs":[0.0,-10.74754]},"T5o":{"weight":0.0,"played":[0.994,0.006],"evs":[0.0,-9.81768]},"J5o":{"weight":6.0E-4,"played":[0.9845,0.0155],"evs":[0.0,-8.88532]},"Q5o":{"weight":1.0E-4,"played":[0.2281,0.7719],"evs":[0.0,1.54908]},"K5o":{"weight":0.0059,"played":[0.4306,0.5694],"evs":[0.0,-0.30686]},"A5o":{"weight":0.7173,"played":[0.9145,0.0855],"evs":[0.0,-6.28919]},"62s":{"weight":0.0,"played":[0.0687,0.9313],"evs":[0.0,7.50902]},"63s":{"weight":1.0E-4,"played":[0.5123,0.4877],"evs":[0.0,17.48422]},"64s":{"weight":1.0E-4,"played":[0.8395,0.1605],"evs":[0.0,-13.4187]},"65s":{"weight":0.0081,"played":[0.4475,0.5525],"evs":[0.0,-8.1624]},"66":{"weight":0.4344,"played":[0.4316,0.5684],"evs":[0.0,38.69922]},"76o":{"weight":0.0,"played":[0.0972,0.9028],"evs":[0.0,34.59044]},"86o":{"weight":0.0,"played":[0.984,0.016],"evs":[0.0,6.87493]},"96o":{"weight":0.0018,"played":[0.4043,0.5957],"evs":[0.0,29.61704]},"T6o":{"weight":3.0E-4,"played":[0.4209,0.5791],"evs":[0.0,-9.43137]},"J6o":{"weight":3.0E-4,"played":[0.8724,0.1276],"evs":[0.0,-14.22981]},"Q6o":{"weight":0.0,"played":[0.5305,0.4695],"evs":[0.0,-7.11099]},"K6o":{"weight":0.0435,"played":[0.4783,0.5217],"evs":[0.0,-4.77569]},"A6o":{"weight":0.0766,"played":[0.3446,0.6554],"evs":[0.0,0.37037]},"72s":{"weight":0.0,"played":[0.9172,0.0828],"evs":[0.0,-11.92652]},"73s":{"weight":0.0037,"played":[0.5,0.5],"evs":[0.0,-13.41342]},"74s":{"weight":0.009,"played":[0.6812,0.3188],"evs":[0.0,10.31572]},"75s":{"weight":0.0028,"played":[0.141,0.859],"evs":[0.0,1.77469]},"76s":{"weight":0.4348,"played":[0.8659,0.1341],"evs":[0.0,-17.99636]},"77":{"weight":0.8418,"played":[0.0087,0.9913],"evs":[0.0,25.28879]},"87o":{"weight":1.0E-4,"played":[0.9925,0.0075],"evs":[0.0,-5.42496]},"97o":{"weight":3.0E-4,"played":[0.9474,0.0526],"evs":[0.0,-7.69023]},"T7o":{"weight":0.0027,"played":[0.0079,0.9921],"evs":[0.0,2.96063]},"J7o":{"weight":1.0E-4,"played":[0.654,0.346],"evs":[0.0,6.06334]},"Q7o":{"weight":0.0,"played":[0.0798,0.9202],"evs":[0.0,20.66865]},"K7o":{"weight":0.0614,"played":[0.1521,0.8479],"evs":[0.0,12.82097]},"A7o":{"weight":0.0476,"played":[0.2477,0.7523],"evs":[0.0,-4.33775]},"82s":{"weight":2.0E-4,"played":[0.3935,0.6065],"evs":[0.0,7.02928]},"83s":{"weight":2.0E-4,"played":[0.6563,0.3437],"evs":[0.0,11.63921]},"84s":{"weight":3.0E-4,"played":[0.9934,0.0066],"evs":[0.0,-13.56508]},"85s":{"weight":8.0E-4,"played":[0.9102,0.0898],"evs":[0.0,-20.31538]},"86s":{"weight":0.1554,"played":[0.5,0.5],"evs":[0.0,-13.42348]},"87s":{"weight":0.125,"played":[0.1642,0.8358],"evs":[0.0,4.3401]},"88":{"weight":0.0309,"played":[0.0424,0.9576],"evs":[0.0,30.05875]},"98o":{"weight":8.0E-4,"played":[0.9685,0.0315],"evs":[0.0,-10.37674]},"T8o":{"weight":2.0E-4,"played":[0.9989,0.0011],"evs":[0.0,14.75229]},"J8o":{"weight":3.0E-4,"played":[0.5853,0.4147],"evs":[0.0,1.31776]},"Q8o":{"weight":0.0012,"played":[0.1345,0.8655],"evs":[0.0,35.83067]},"K8o":{"weight":0.01,"played":[0.7272,0.2728],"evs":[0.0,15.85209]},"A8o":{"weight":0.0029,"played":[0.0211,0.9789],"evs":[0.0,11.82141]},"92s":{"weight":0.0012,"played":[0.4445,0.5555],"evs":[0.0,2.22577]},"93s":{"weight":0.0,"played":[0.3836,0.6164],"evs":[0.0,-3.15371]},"94s":{"weight":0.0015,"played":[0.0807,0.9193],"evs":[0.0,-2.35602]},"95s":{"weight":1.0E-4,"played":[0.195,0.805],"evs":[0.0,22.29479]},"96s":{"weight":0.0086,"played":[0.9981,0.0019],"evs":[0.0,-13.39626]},"97s":{"weight":0.0378,"played":[0.1611,0.8389],"evs":[0.0,15.59793]},"98s":{"weight":2.0E-4,"played":[0.8165,0.1835],"evs":[0.0,-20.19824]},"99":{"weight":0.992,"played":[0.4376,0.5624],"evs":[0.0,-0.48805]},"T9o":{"weight":0.2338,"played":[0.97,0.03],"evs":[0.0,2.57255]},"J9o":{"weight":0.0025,"played":[0.9598,0.0402],"evs":[0.0,-18.6637]},"Q9o":{"weight":0.1666,"played":[0.2138,0.7862],"evs":[0.0,0.90941]},"K9o":{"weight":0.9979,"played":[0.9976,0.0024],"evs":[0.0,-6.24708]},"A9o":{"weight":0.0,"played":[0.9815,0.0185],"evs":[0.0,-6.6812]},"T2s":{"weight":1.0E-4,"played":[0.3606,0.6394],"evs":[0.0,-0.82878]},"T3s":{"weight":1.0E-4,"played":[0.6424,0.3576],"evs":[0.0,-12.73723]},"T4s":{"weight":0.0,"played":[0.7545,0.2455],"evs":[0.0,-18.86055]},"T5s":{"weight":0.0,"played":[0.5,0.5],"evs":[0.0,-24.11456]},"T6s":{"weight":0.0124,"played":[0.4695,0.5305],"evs":[0.0,0.14166]},"T7s":{"weight":0.2311,"played":[0.8951,0.1049],"evs":[0.0,-21.88258]},"T8s":{"weight":0.468,"played":[0.5,0.5],"evs":[0.0,-24.13182]},"T9s":{"weight":0.2989,"played":[0.6101,0.3899],"evs":[0.0,-10.30333]},"TT":{"weight":0.9722,"played":[0.0081,0.9919],"evs":[0.0,19.77873]},"JTo":{"weight":0.9325,"played":[0.162,0.838],"evs":[0.0,5.81461]},"QTo":{"weight":0.9326,"played":[0.2922,0.7078],"evs":[0.0,2.27455]},"KTo":{"weight":0.9901,"played":[0.4912,0.5088],"evs":[0.0,5.0727]},"ATo":{"weight":0.5465,"played":[0.0179,0.9821],"evs":[0.0,10.51127]},"J2s":{"weight":0.0017,"played":[0.5,0.5],"evs":[0.0,40.42835]},"J3s":{"weight":0.0011,"played":[0.8769,0.1231],"evs":[0.0,-16.17921]},"J4s":{"weight":4.0E-4,"played":[0.5,0.5],"evs":[0.0,0.0]},"J5s":{"weight":0.0,"played":[0.9663,0.0337],"evs":[0.0,-20.5318]},"J6s":{"weight":0.0038,"played":[0.0435,0.9565],"evs":[0.0,33.57982]},"J7s":{"weight":0.191,"played":[0.9056,0.0944],"evs":[0.0,25.26755]},"J8s":{"weight":0.0258,"played":[0.8095,0.1905],"evs":[0.0,15.83057]},"J9s":{"weight":0.9783,"played":[0.4001,0.5999],"evs":[0.0,46.1456]},"JTs":{"weight":0.2069,"played":[0.75,0.25],"evs":[0.0,-16.54085]},"JJ":{"weight":0.3898,"played":[0.0472,0.9528],"evs":[0.0,25.94101]},"QJo":{"weight":0.8872,"played":[0.5354,0.4646],"evs":[0.0,24.69513]},"KJo":{"weight":0.0912,"played":[0.1264,0.8736],"evs":[0.0,21.18148]},"AJo":{"weight":0.0,"played":[0.291,0.709],"evs":[0.0,10.46555]},"Q2s":{"weight":0.0676,"played":[0.9853,0.0147],"evs":[0.0,48.77089]},"Q3s":{"weight":4.0E-4,"played":[0.0408,0.9592],"evs":[0.0,-6.08789]},"Q4s":{"weight":0.0057,"played":[0.6826,0.3174],"evs":[0.0,8.74768]},"Q5s":{"weight":0.0823,"played":[0.8682,0.1318],"evs":[0.0,-15.24272]},"Q6s":{"weight":0.1986,"played":[0.0618,0.9382],"evs":[0.0,3.22223]},"Q7s":{"weight":0.1372,"played":[0.5,0.5],"evs":[0.0,18.33433]},"Q8s":{"weight":0.213,"played":[0.7634,0.2366],"evs":[0.0,-5.74017]},"Q9s":{"weight":0.2541,"played":[0.25,0.75],"evs":[0.0,8.16286]},"QTs":{"weight":0.671,"played":[0.5,0.5],"evs":[0.0,62.13974]},"QJs":{"weight":0.1785,"played":[0.4753,0.5247],"evs":[0.0,-11.03239]},"QQ":{"weight":0.4826,"played":[0.1544,0.8456],"evs":[0.0,53.85517]},"KQo":{"weight":0.2625,"played":[0.1492,0.8508],"evs":[0.0,11.63088]},"AQo":{"weight":0.738,"played":[0.1148,0.8852],"evs":[0.0,15.16053]},"K2s":{"weight":0.0649,"played":[0.992,0.008],"evs":[0.0,-13.58278]},"K3s":{"weight":0.1292,"played":[0.0071,0.9929],"evs":[0.0,-7.06531]},"K4s":{"weight":0.1649,"played":[0.5344,0.4656],"evs":[0.0,6.75569]},"K5s":{"weight":0.228,"played":[0.9295,0.0705],"evs":[0.0,-19.2064]},"K6s":{"weight":0.4315,"played":[0.3506,0.6494],"evs":[0.0,-7.02535]},"K7s":{"weight":0.9703,"played":[0.0332,0.9668],"evs":[0.0,0.0224]},"K8s":{"weight":0.3808,"played":[0.0422,0.9578],"evs":[0.0,-5.59242]},"K9s":{"weight":0.1713,"played":[0.2619,0.7381],"evs":[0.0,3.18205]},"KTs":{"weight":0.5516,"played":[0.5124,0.4876],"evs":[0.0,-1.54813]},"KJs":{"weight":0.0723,"played":[0.803,0.197],"evs":[0.0,-8.89874]},"KQs":{"weight":0.0945,"played":[0.9259,0.0741],"evs":[0.0,-22.56019]},"KK":{"weight":0.8236,"played":[0.3991,0.6009],"evs":[0.0,0.84208]},"AKo":{"weight":0.319,"played":[0.4258,0.5742],"evs":[0.0,-2.54742]},"A2s":{"weight":0.1749,"played":[0.9098,0.0902],"evs":[0.0,-13.4126]},"A3s":{"weight":0.0408,"played":[0.5,0.5],"evs":[0.0,-24.11456]},"A4s":{"weight":0.0057,"played":[0.3366,0.6634],"evs":[0.0,20.29311]},"A5s":{"weight":1.0E-4,"played":[0.876,0.124],"evs":[0.0,-13.41418]},"A6s":{"weight":0.0308,"played":[0.8634,0.1366],"evs":[0.0,-16.82893]},"A7s":{"weight":3.0E-4,"played":[0.233,0.767],"evs":[0.0,0.07356]},"A8s":{"weight":0.7033,"played":[0.5649,0.4351],"evs":[0.0,-4.20326]},"A9s":{"weight":0.0662,"played":[0.1165,0.8835],"evs":[0.0,50.99695]},"ATs":{"weight":0.1138,"played":[0.0706,0.9294],"evs":[0.0,1.9454]},"AJs":{"weight":0.0,"played":[0.0214,0.9786],"evs":[0.0,18.85957]},"AQs":{"weight":0.6269,"played":[0.0054,0.9946],"evs":[0.0,6.02892]},"AKs":{"weight":0.1751,"played":[0.5706,0.4294],"evs":[0.0,-3.56506]},"AA":{"weight":0.9731,"played":[0.1008,0.8992],"evs":[0.0,42.19919]}}}