{"player":2,"street":0,"children":2,"sequence":[{"player":0,"type":"R","amount":200000,"street":0},{"player":1,"type":"C","amount":200000,"street":0},{"player":2,"type":"C","amount":200000,"street":0},{"player":3,"type":"F","amount":0,"street":0},{"player":4,"type":"R","amount":1315000,"street":0},{"player":5,"type":"C","amount":845000,"street":0},{"player":0,"type":"F","amount":0,"street":0},{"player":1,"type":"R","amount":2185000,"street":0}],"actions":[{"type":"F","amount":0},{"type":"C","amount":1985000}],"hands":{"22":{"weight":0.1791,"played":[0.8726,0.1274],"evs":[0.0,21.83225]},"32o":{"weight":0.0,"played":[0.332,0.668],"evs":[0.0,-7.83063]},"42o":{"weight":0.0,"played":[0.5002,0.4998],"evs":[0.0,6.44717]},"52o":{"weight":0.0022,"played":[0.63,0.37],"evs":[0.0,-1.83859]},"62o":{"weight":0.0,"played":[0.9381,0.0619],"evs":[0.0,2.99252]},"72o":{"weight":0.0,"played":[0.6431,0.3569],"evs":[0.0,18.74118]},"82o":{"weight":9.0E-4,"played":[0.9651,0.0349],"evs":[0.0,-24.072]},"92o":{"weight":2.0E-4,"played":[0.9976,0.0024],"evs":[0.0,-13.08613]},"T2o":{"weight":0.0021,"played":[0.9027,0.0973],"evs":[0.0,-24.07287]},"J2o":{"weight":6.0E-4,"played":[0.3953,0.6047],"evs":[0.0,9.92059]},"Q2o":{"weight":1.0E-4,"played":[0.7781,0.2219],"evs":[0.0,-15.00398]},"K2o":{"weight":0.0,"played":[0.3541,0.6459],"evs":[0.0,30.4336]},"A2o":{"weight":0.0304,"played":[0.8927,0.1073],"evs":[0.0,-22.24789]},"32s":{"weight":1.0E-4,"played":[0.5,0.5],"evs":[0.0,-24.07975]},"33":{"weight":0.0055,"played":[0.7677,0.2323],"evs":[0.0,11.53632]},"43o":{"weight":3.0E-4,"played":[0.4018,0.5982],"evs":[0.0,-0.1907]},"53o":{"weight":0.0015,"played":[0.3097,0.6903],"evs":[0.0,21.30986]},"63o":{"weight":0.0,"played":[0.9407,0.0593],"evs":[0.0,-16.45435]},"73o":{"weight":0.0,"played":[0.685,0.315],"evs":[0.0,2.89424]},"83o":{"weight":2.0E-4,"played":[0.7209,0.2791],"evs":[0.0,-4.4608]},"93o":{"weight":7.0E-4,"played":[0.9396,0.0604],"evs":[0.0,-5.401]},"T3o":{"weight":2.0E-4,"played":[0.722,0.278],"evs":[0.0,-14.12087]},"J3o":{"weight":9.0E-4,"played":[0.7515,0.2485],"evs":[0.0,-8.49958]},"Q3o":{"weight":0.0054,"played":[0.9952,0.0048],"evs":[0.0,-17.16647]},"K3o":{"weight":0.0061,"played":[0.5166,0.4834],"evs":[0.0,25.93627]},"A3o":{"weight":0.1054,"played":[0.5215,0.4785],"evs":[0.0,9.93169]},"42s":{"weight":0.1507,"played":[0.9818,0.0182],"evs":[0.0,34.47343]},"43s":{"weight":0.0,"played":[0.5,0.5],"evs":[0.0,-24.06112]},"44":{"weight":0.4925,"played":[0.5,0.5],"evs":[0.0,-24.07613]},"54o":{"weight":0.017,"played":[0.9227,0.0773],"evs":[0.0,-9.7203]},"64o":{"weight":0.001,"played":[0.8319,0.1681],"evs":[0.0,-21.00707]},"74o":{"weight":0.005,"played":[0.5234,0.4766],"evs":[0.0,-6.80633]},"84o":{"weight":0.0,"played":[0.5278,0.4722],"evs":[0.0,-8.47178]},"94o":{"weight":0.0,"played":[0.858,0.142],"evs":[0.0,-24.06641]},"T4o":{"weight":3.0E-4,"played":[0.6411,0.3589],"evs":[0.0,6.49624]},"J4o":{"weight":0.0024,"played":[0.7817,0.2183],"evs":[0.0,-14.98681]},"Q4o":{"weight":0.0038,"played":[0.9062,0.0938],"evs":[0.0,0.2216]},"K4o":{"weight":0.003,"played":[0.5342,0.4658],"evs":[0.0,7.20919]},"A4o":{"weight":0.1252,"played":[0.8179,0.1821],"evs":[0.0,-14.83921]},"52s":{"weight":0.0259,"played":[0.5,0.5],"evs":[0.0,-24.10013]},"53s":{"weight":0.0027,"played":[0.0145,0.9855],"evs":[0.0,-11.73628]},"54s":{"weight":0.2339,"played":[0.8395,0.1605],"evs":[0.0,-3.99933]},"55":{"weight":0.0016,"played":[0.7467,0.2533],"evs":[0.0,-5.69109]},"65o":{"weight":0.0018,"played":[0.6219,0.3781],"evs":[0.0,-6.44095]},"75o":{"weight":0.01,"played":[0.9556,0.0444],"evs":[0.0,-24.0717]},"85o":{"weight":1.0E-4,"played":[0.0196,0.9804],"evs":[0.0,11.17217]},"95o":{"weight":0.0016,"played":[0.8709,0.1291],"evs":[0.0,-24.08359]},"T5o":{"weight":1.0E-4,"played":[0.9797,0.0203],"evs":[0.0,6.73779]},"J5o":{"weight":0.0,"played":[0.9747,0.0253],"evs":[0.0,-7.19545]},"Q5o":{"weight":1.0E-4,"played":[0.9954,0.0046],"evs":[0.0,-17.76856]},"K5o":{"weight":0.0163,"played":[0.6172,0.3828],"evs":[0.0,-2.92958]},"A5o":{"weight":0.3611,"played":[0.0622,0.9378],"evs":[0.0,7.17935]},"62s":{"weight":0.0066,"played":[0.5,0.5],"evs":[0.0,0.0]},"63s":{"weight":0.1463,"played":[0.578,0.422],"evs":[0.0,-17.22309]},"64s":{"weight":0.0685,"played":[0.5332,0.4668],"evs":[0.0,-20.97092]},"65s":{"weight":0.0122,"played":[0.5,0.5],"evs":[0.0,0.36614]},"66":{"weight":0.3549,"played":[0.4789,0.5211],"evs":[0.0,17.92864]},"76o":{"weight":0.0023,"played":[0.7831,0.2169],"evs":[0.0,-20.91506]},"86o":{"weight":0.0156,"played":[0.2863,0.7137],"evs":[0.0,1.62687]},"96o":{"weight":0.027,"played":[0.1511,0.8489],"evs":[0.0,4.63955]},"T6o":{"weight":0.0,"played":[0.7735,0.2265],"evs":[0.0,-13.28321]},"J6o":{"weight":2.0E-4,"played":[0.0857,0.9143],"evs":[0.0,10.64069]},"Q6o":{"weight":0.0012,"played":[0.9614,0.0386],"evs":[0.0,-19.53639]},"K6o":{"weight":0.0036,"played":[0.0496,0.9504],"evs":[0.0,27.13875]},"A6o":{"weight":0.8241,"played":[0.2103,0.7897],"evs":[0.0,19.76957]},"72s":{"weight":8.0E-4,"played":[0.7781,0.2219],"evs":[0.0,-24.06112]},"73s":{"weight":0.0155,"played":[0.6028,0.3972],"evs":[0.0,-9.9092]},"74s":{"weight":0.2559,"played":[0.8095,0.1905],"evs":[0.0,-14.57504]},"75s":{"weight":0.1474,"played":[0.0642,0.9358],"evs":[0.0,37.27937]},"76s":{"weight":0.0359,"played":[0.997,0.003],"evs":[0.0,-24.06559]},"77":{"weight":0.0181,"played":[0.824,0.176],"evs":[0.0,-24.0664]},"87o":{"weight":0.0057,"played":[0.4385,0.5615],"evs":[0.0,-14.42175]},"97o":{"weight":8.0E-4,"played":[0.657,0.343],"evs":[0.0,8.64685]},"T7o":{"weight":0.0763,"played":[0.9787,0.0213],"evs":[0.0,-1.86067]},"J7o":{"weight":5.0E-4,"played":[0.1222,0.8778],"evs":[0.0,24.51607]},"Q7o":{"weight":0.0095,"played":[0.9879,0.0121],"evs":[0.0,-19.83764]},"K7o":{"weight":0.0,"played":[0.7314,0.2686],"evs":[0.0,11.15891]},"A7o":{"weight":0.1401,"played":[0.3431,0.6569],"evs":[0.0,-7.27383]},"82s":{"weight":0.0037,"played":[0.5,0.5],"evs":[0.0,0.0]},"83s":{"weight":0.0021,"played":[0.8767,0.1233],"evs":[0.0,12.78584]},"84s":{"weight":0.0013,"played":[0.5,0.5],"evs":[0.0,-24.07613]},"85s":{"weight":1.0E-4,"played":[0.8988,0.1012],"evs":[0.0,-24.06944]},"86s":{"weight":0.0544,"played":[0.5,0.5],"evs":[0.0,-24.06112]},"87s":{"weight":8.0E-4,"played":[0.2524,0.7476],"evs":[0.0,-7.54305]},"88":{"weight":0.0057,"played":[0.0089,0.9911],"evs":[0.0,24.84897]},"98o":{"weight":1.0E-4,"played":[0.1006,0.8994],"evs":[0.0,22.53384]},"T8o":{"weight":0.0163,"played":[0.996,0.004],"evs":[0.0,-21.90311]},"J8o":{"weight":0.0269,"played":[0.9926,0.0074],"evs":[0.0,-23.74999]},"Q8o":{"weight":0.0607,"played":[0.7338,0.2662],"evs":[0.0,-19.70568]},"K8o":{"weight":0.0117,"played":[0.0168,0.9832],"evs":[0.0,14.15684]},"A8o":{"weight":0.4776,"played":[0.0512,0.9488],"evs":[0.0,19.22557]},"92s":{"weight":0.0096,"played":[0.8534,0.1466],"evs":[0.0,-8.93859]},"93s":{"weight":0.2955,"played":[0.0409,0.9591],"evs":[0.0,0.36614]},"94s":{"weight":4.0E-4,"played":[0.8066,0.1934],"evs":[0.0,-24.06832]},"95s":{"weight":0.0,"played":[0.8233,0.1767],"evs":[0.0,33.70245]},"96s":{"weight":0.0039,"played":[0.586,0.414],"evs":[0.0,19.80261]},"97s":{"weight":0.0163,"played":[0.1335,0.8665],"evs":[0.0,12.34059]},"98s":{"weight":0.4325,"played":[0.5744,0.4256],"evs":[0.0,-20.93125]},"99":{"weight":9.0E-4,"played":[0.3669,0.6331],"evs":[0.0,28.8]},"T9o":{"weight":0.0039,"played":[0.5509,0.4491],"evs":[0.0,12.14393]},"J9o":{"weight":0.0125,"played":[0.1991,0.8009],"evs":[0.0,27.23848]},"Q9o":{"weight":0.0076,"played":[0.6926,0.3074],"evs":[0.0,-13.1902]},"K9o":{"weight":0.2303,"played":[0.4863,0.5137],"evs":[0.0,-6.95397]},"A9o":{"weight":0.439,"played":[0.4163,0.5837],"evs":[0.0,8.419]},"T2s":{"weight":0.0035,"played":[0.5,0.5],"evs":[0.0,16.70724]},"T3s":{"weight":0.1709,"played":[0.975,0.025],"evs":[0.0,18.08592]},"T4s":{"weight":0.0049,"played":[0.907,0.093],"evs":[0.0,-24.07334]},"T5s":{"weight":0.0028,"played":[0.9572,0.0428],"evs":[0.0,-24.0624]},"T6s":{"weight":0.0908,"played":[0.0538,0.9462],"evs":[0.0,4.55682]},"T7s":{"weight":0.0038,"played":[0.4948,0.5052],"evs":[0.0,7.54107]},"T8s":{"weight":0.0935,"played":[0.5161,0.4839],"evs":[0.0,7.2449]},"T9s":{"weight":0.095,"played":[0.5,0.5],"evs":[0.0,-24.10013]},"TT":{"weight":0.0024,"played":[0.0941,0.9059],"evs":[0.0,3.44167]},"JTo":{"weight":0.1716,"played":[0.8255,0.1745],"evs":[0.0,0.15453]},"QTo":{"weight":0.0695,"played":[0.4396,0.5604],"evs":[0.0,5.49241]},"KTo":{"weight":0.3675,"played":[0.2731,0.7269],"evs":[0.0,27.55669]},"ATo":{"weight":0.4706,"played":[0.8491,0.1509],"evs":[0.0,12.01597]},"J2s":{"weight":0.0683,"played":[0.9357,0.0643],"evs":[0.0,-24.07301]},"J3s":{"weight":3.0E-4,"played":[0.5,0.5],"evs":[0.0,-24.06112]},"J4s":{"weight":0.0298,"played":[0.5,0.5],"evs":[0.0,0.0]},"J5s":{"weight":0.0088,"played":[0.8408,0.1592],"evs":[0.0,-24.06112]},"J6s":{"weight":0.0558,"played":[0.9425,0.0575],"evs":[0.0,-24.06846]},"J7s":{"weight":0.1315,"played":[0.5,0.5],"evs":[0.0,0.0]},"J8s":{"weight":0.0412,"played":[0.5,0.5],"evs":[0.0,-24.07975]},"J9s":{"weight":0.0731,"played":[0.6789,0.3211],"evs":[0.0,34.10487]},"JTs":{"weight":7.0E-4,"played":[0.3953,0.6047],"evs":[0.0,30.92931]},"JJ":{"weight":1.0E-4,"played":[0.0909,0.9091],"evs":[0.0,53.47838]},"QJo":{"weight":0.5775,"played":[0.5329,0.4671],"evs":[0.0,7.07127]},"KJo":{"weight":0.3448,"played":[0.9743,0.0257],"evs":[0.0,-10.34155]},"AJo":{"weight":0.3589,"played":[0.0102,0.9898],"evs":[0.0,10.35493]},"Q2s":{"weight":0.0041,"played":[0.5,0.5],"evs":[0.0,0.36614]},"Q3s":{"weight":0.1025,"played":[0.5,0.5],"evs":[0.0,-24.06112]},"Q4s":{"weight":0.1214,"played":[0.5,0.5],"evs":[0.0,-24.06112]},"Q5s":{"weight":0.4498,"played":[0.4137,0.5863],"evs":[0.0,-7.31918]},"Q6s":{"weight":0.0376,"played":[0.5204,0.4796],"evs":[0.0,5.56812]},"Q7s":{"weight":0.0905,"played":[0.884,0.116],"evs":[0.0,15.23986]},"Q8s":{"weight":0.4445,"played":[0.879,0.121],"evs":[0.0,15.28251]},"Q9s":{"weight":0.0376,"played":[0.0584,0.9416],"evs":[0.0,65.25978]},"QTs":{"weight":0.5016,"played":[0.214,0.786],"evs":[0.0,37.48067]},"QJs":{"weight":0.3663,"played":[0.8749,0.1251],"evs":[0.0,18.11314]},"QQ":{"weight":0.3909,"played":[0.0842,0.9158],"evs":[0.0,54.32941]},"KQo":{"weight":0.203,"played":[0.9832,0.0168],"evs":[0.0,-24.06822]},"AQo":{"weight":1.0E-4,"played":[0.3308,0.6692],"evs":[0.0,16.39249]},"K2s":{"weight":0.0795,"played":[0.5,0.5],"evs":[0.0,0.0]},"K3s":{"weight":0.4351,"played":[0.9093,0.0907],"evs":[0.0,-24.0661]},"K4s":{"weight":0.0352,"played":[0.0055,0.9945],"evs":[0.0,24.44112]},"K5s":{"weight":0.1269,"played":[0.2087,0.7913],"evs":[0.0,15.92188]},"K6s":{"weight":0.1785,"played":[0.9537,0.0463],"evs":[0.0,13.90016]},"K7s":{"weight":0.2237,"played":[0.5,0.5],"evs":[0.0,0.0]},"K8s":{"weight":0.191,"played":[0.0543,0.9457],"evs":[0.0,-19.24484]},"K9s":{"weight":0.0012,"played":[0.9327,0.0673],"evs":[0.0,-24.09739]},"KTs":{"weight":0.7952,"played":[0.7887,0.2113],"evs":[0.0,27.51048]},"KJs":{"weight":0.2884,"played":[0.7787,0.2213],"evs":[0.0,7.1563]},"KQs":{"weight":0.0,"played":[0.5,0.5],"evs":[0.0,0.36614]},"KK":{"weight":0.0014,"played":[0.1501,0.8499],"evs":[0.0,12.50131]},"AKo":{"weight":5.0E-4,"played":[0.3093,0.6907],"evs":[0.0,-10.09135]},"A2s":{"weight":0.0145,"played":[0.8536,0.1464],"evs":[0.0,-20.51443]},"A3s":{"weight":0.0028,"played":[0.5,0.5],"evs":[0.0,-24.06112]},"A4s":{"weight":0.1366,"played":[0.8079,0.1921],"evs":[0.0,-24.07259]},"A5s":{"weight":0.0029,"played":[0.1126,0.8874],"evs":[0.0,-3.66207]},"A6s":{"weight":0.4926,"played":[0.9966,0.0034],"evs":[0.0,-12.0785]},"A7s":{"weight":0.4572,"played":[0.1344,0.8656],"evs":[0.0,0.48209]},"A8s":{"weight":0.6542,"played":[0.2048,0.7952],"evs":[0.0,27.10931]},"A9s":{"weight":0.373,"played":[0.9307,0.0693],"evs":[0.0,-24.06112]},"ATs":{"weight":8.0E-4,"played":[0.5806,0.4194],"evs":[0.0,33.79765]},"AJs":{"weight":1.0E-4,"played":[0.2667,0.7333],"evs":[0.0,2.03223]},"AQs":{"weight":2.0E-4,"played":[0.9966,0.0034],"evs":[0.0,21.54361]},"AKs":{"weight":0.5336,"played":[0.003,0.997],"evs":[0.0,-21.93118]},"AA":{"weight":0.103,"played":[0.5,0.5],"evs":[0.0,0.36614]}}}