{"player":0,"street":0,"children":2,"sequence":[{"player":0,"type":"R","amount":200000,"street":0},{"player":1,"type":"C","amount":200000,"street":0},{"player":2,"type":"C","amount":200000,"street":0},{"player":3,"type":"R","amount":745000,"street":0},{"player":4,"type":"F","amount":0,"street":0},{"player":5,"type":"F","amount":0,"street":0}],"actions":[{"type":"F","amount":0,"node":455},{"type":"C","amount":435000,"node":460}],"hands":{"22":{"weight":0.0,"played":[0.7858,0.2142],"evs":[0.0,-1.32063]},"32o":{"weight":0.0,"played":[0.9875,0.0125],"evs":[0.0,-1.98006]},"42o":{"weight":0.0,"played":[0.1096,0.8904],"evs":[0.0,1.0203]},"52o":{"weight":0.0,"played":[0.1785,0.8215],"evs":[0.0,1.26957]},"62o":{"weight":0.0,"played":[0.0648,0.9352],"evs":[0.0,0.04591]},"72o":{"weight":0.0,"played":[0.725,0.275],"evs":[0.0,-1.31037]},"82o":{"weight":0.0,"played":[0.5122,0.4878],"evs":[0.0,0.08623]},"92o":{"weight":0.0,"played":[0.792,0.208],"evs":[0.0,0.30786]},"T2o":{"weight":0.0,"played":[0.6666,0.3334],"evs":[0.0,0.03329]},"J2o":{"weight":0.0,"played":[0.9969,0.0031],"evs":[0.0,-2.34433]},"Q2o":{"weight":0.0,"played":[0.4751,0.5249],"evs":[0.0,-1.36897]},"K2o":{"weight":0.0,"played":[0.0079,0.9921],"evs":[0.0,3.2501]},"A2o":{"weight":5.0E-4,"played":[0.0116,0.9884],"evs":[0.0,1.36993]},"32s":{"weight":0.0,"played":[0.8167,0.1833],"evs":[0.0,1.11363]},"33":{"weight":0.005,"played":[0.0123,0.9877],"evs":[0.0,5.35642]},"43o":{"weight":0.0,"played":[0.6079,0.3921],"evs":[0.0,-0.00946]},"53o":{"weight":0.0,"played":[0.2048,0.7952],"evs":[0.0,1.83178]},"63o":{"weight":0.0,"played":[0.1019,0.8981],"evs":[0.0,-0.49981]},"73o":{"weight":0.0,"played":[0.0624,0.9376],"evs":[0.0,0.8988]},"83o":{"weight":0.0,"played":[0.0318,0.9682],"evs":[0.0,1.5699]},"93o":{"weight":0.0,"played":[0.343,0.657],"evs":[0.0,-1.4982]},"T3o":{"weight":0.0,"played":[0.6231,0.3769],"evs":[0.0,-1.97392]},"J3o":{"weight":0.0,"played":[0.6412,0.3588],"evs":[0.0,-0.32996]},"Q3o":{"weight":0.0,"played":[0.0304,0.9696],"evs":[0.0,1.58109]},"K3o":{"weight":0.0,"played":[0.0105,0.9895],"evs":[0.0,1.52504]},"A3o":{"weight":2.0E-4,"played":[0.0059,0.9941],"evs":[0.0,0.76776]},"42s":{"weight":0.0,"played":[0.2734,0.7266],"evs":[0.0,1.7681]},"43s":{"weight":0.0,"played":[0.1782,0.8218],"evs":[0.0,0.625]},"44":{"weight":0.1633,"played":[0.0213,0.9787],"evs":[0.0,1.23254]},"54o":{"weight":0.0,"played":[0.1019,0.8981],"evs":[0.0,-0.64575]},"64o":{"weight":0.0,"played":[0.0911,0.9089],"evs":[0.0,4.48534]},"74o":{"weight":0.0,"played":[0.5927,0.4073],"evs":[0.0,0.29207]},"84o":{"weight":0.0,"played":[0.0398,0.9602],"evs":[0.0,1.90186]},"94o":{"weight":0.0,"played":[0.9898,0.0102],"evs":[0.0,-0.87625]},"T4o":{"weight":0.0,"played":[0.4127,0.5873],"evs":[0.0,-0.48272]},"J4o":{"weight":0.0,"played":[0.3072,0.6928],"evs":[0.0,2.04694]},"Q4o":{"weight":0.0,"played":[0.1863,0.8137],"evs":[0.0,0.28131]},"K4o":{"weight":0.0,"played":[0.4539,0.5461],"evs":[0.0,-0.01527]},"A4o":{"weight":0.4021,"played":[0.3122,0.6878],"evs":[0.0,0.4527]},"52s":{"weight":0.0,"played":[0.9782,0.0218],"evs":[0.0,-3.37602]},"53s":{"weight":0.0,"played":[0.1867,0.8133],"evs":[0.0,3.33265]},"54s":{"weight":0.0,"played":[0.0289,0.9711],"evs":[0.0,6.90365]},"55":{"weight":0.4584,"played":[0.0046,0.9954],"evs":[0.0,8.02974]},"65o":{"weight":0.0,"played":[0.2157,0.7843],"evs":[0.0,3.82348]},"75o":{"weight":0.0,"played":[0.0125,0.9875],"evs":[0.0,2.65386]},"85o":{"weight":0.0,"played":[0.7259,0.2741],"evs":[0.0,-0.47955]},"95o":{"weight":0.0,"played":[0.029,0.971],"evs":[0.0,0.81372]},"T5o":{"weight":0.0,"played":[0.6577,0.3423],"evs":[0.0,0.45041]},"J5o":{"weight":0.0,"played":[0.1956,0.8044],"evs":[0.0,-0.90595]},"Q5o":{"weight":0.0,"played":[0.0706,0.9294],"evs":[0.0,0.77157]},"K5o":{"weight":0.0,"played":[0.0317,0.9683],"evs":[0.0,1.81463]},"A5o":{"weight":0.5172,"played":[0.0033,0.9967],"evs":[0.0,1.95641]},"62s":{"weight":0.0,"played":[0.9957,0.0043],"evs":[0.0,-1.45071]},"63s":{"weight":0.0,"played":[0.4281,0.5719],"evs":[0.0,2.20349]},"64s":{"weight":0.0,"played":[0.6491,0.3509],"evs":[0.0,-0.26874]},"65s":{"weight":0.0,"played":[0.2432,0.7568],"evs":[0.0,4.92106]},"66":{"weight":8.0E-4,"played":[0.2532,0.7468],"evs":[0.0,1.41143]},"76o":{"weight":0.0,"played":[0.3963,0.6037],"evs":[0.0,1.38316]},"86o":{"weight":0.0,"played":[0.2603,0.7397],"evs":[0.0,1.24082]},"96o":{"weight":0.0,"played":[0.0454,0.9546],"evs":[0.0,3.10362]},"T6o":{"weight":0.0,"played":[0.137,0.863],"evs":[0.0,1.76815]},"J6o":{"weight":0.0,"played":[0.2692,0.7308],"evs":[0.0,2.57533]},"Q6o":{"weight":0.0,"played":[0.0203,0.9797],"evs":[0.0,1.91911]},"K6o":{"weight":0.0,"played":[0.6583,0.3417],"evs":[0.0,-1.26715]},"A6o":{"weight":0.9936,"played":[0.0069,0.9931],"evs":[0.0,3.58362]},"72s":{"weight":0.0,"played":[0.137,0.863],"evs":[0.0,0.26381]},"73s":{"weight":0.0,"played":[0.0487,0.9513],"evs":[0.0,3.15846]},"74s":{"weight":0.0,"played":[0.0297,0.9703],"evs":[0.0,0.8039]},"75s":{"weight":0.0,"played":[0.3555,0.6445],"evs":[0.0,0.86145]},"76s":{"weight":0.0,"played":[0.0958,0.9042],"evs":[0.0,3.42938]},"77":{"weight":0.9426,"played":[0.0337,0.9663],"evs":[0.0,2.29887]},"87o":{"weight":0.0,"played":[0.1091,0.8909],"evs":[0.0,3.9248]},"97o":{"weight":0.0,"played":[0.4219,0.5781],"evs":[0.0,-0.01362]},"T7o":{"weight":0.0,"played":[0.0645,0.9355],"evs":[0.0,3.10309]},"J7o":{"weight":0.0,"played":[0.0106,0.9894],"evs":[0.0,1.02751]},"Q7o":{"weight":0.0,"played":[0.1574,0.8426],"evs":[0.0,-0.37689]},"K7o":{"weight":5.0E-4,"played":[0.0464,0.9536],"evs":[0.0,3.34858]},"A7o":{"weight":0.2035,"played":[0.0116,0.9884],"evs":[0.0,3.63329]},"82s":{"weight":0.0,"played":[0.744,0.256],"evs":[0.0,1.73942]},"83s":{"weight":0.0,"played":[0.1255,0.8745],"evs":[0.0,1.14981]},"84s":{"weight":0.0,"played":[0.6174,0.3826],"evs":[0.0,0.50905]},"85s":{"weight":0.0,"played":[0.1613,0.8387],"evs":[0.0,0.09848]},"86s":{"weight":0.0,"played":[0.1908,0.8092],"evs":[0.0,0.31033]},"87s":{"weight":0.0,"played":[0.0516,0.9484],"evs":[0.0,-0.50059]},"88":{"weight":0.9365,"played":[0.006,0.994],"evs":[0.0,3.49996]},"98o":{"weight":0.0,"played":[0.9445,0.0555],"evs":[0.0,-2.05769]},"T8o":{"weight":0.0,"played":[0.047,0.953],"evs":[0.0,1.89295]},"J8o":{"weight":0.0,"played":[0.5751,0.4249],"evs":[0.0,-0.022]},"Q8o":{"weight":0.0,"played":[0.0843,0.9157],"evs":[0.0,0.51518]},"K8o":{"weight":0.0,"played":[0.0078,0.9922],"evs":[0.0,5.29803]},"A8o":{"weight":0.0929,"played":[0.0093,0.9907],"evs":[0.0,6.00769]},"92s":{"weight":0.0,"played":[0.5038,0.4962],"evs":[0.0,-0.70248]},"93s":{"weight":0.0,"played":[0.1042,0.8958],"evs":[0.0,0.89899]},"94s":{"weight":0.0,"played":[0.6011,0.3989],"evs":[0.0,5.79468]},"95s":{"weight":0.0,"played":[0.0906,0.9094],"evs":[0.0,1.21477]},"96s":{"weight":0.0,"played":[0.6726,0.3274],"evs":[0.0,-1.85044]},"97s":{"weight":1.0E-4,"played":[0.4866,0.5134],"evs":[0.0,3.96468]},"98s":{"weight":0.0,"played":[0.5956,0.4044],"evs":[0.0,1.27511]},"99":{"weight":0.1885,"played":[7.0E-4,0.9993],"evs":[0.0,6.84142]},"T9o":{"weight":0.0049,"played":[0.0376,0.9624],"evs":[0.0,2.27026]},"J9o":{"weight":0.001,"played":[0.261,0.739],"evs":[0.0,1.85475]},"Q9o":{"weight":0.0053,"played":[0.0031,0.9969],"evs":[0.0,-0.02607]},"K9o":{"weight":0.1896,"played":[0.0051,0.9949],"evs":[0.0,1.87649]},"A9o":{"weight":0.0872,"played":[6.0E-4,0.9994],"evs":[0.0,2.03777]},"T2s":{"weight":0.0,"played":[0.2861,0.7139],"evs":[0.0,5.7938]},"T3s":{"weight":0.0,"played":[0.8634,0.1366],"evs":[0.0,0.46641]},"T4s":{"weight":0.0,"played":[0.2807,0.7193],"evs":[0.0,2.98017]},"T5s":{"weight":0.0,"played":[0.0389,0.9611],"evs":[0.0,7.5729]},"T6s":{"weight":0.0,"played":[0.469,0.531],"evs":[0.0,-1.36325]},"T7s":{"weight":0.0,"played":[0.2098,0.7902],"evs":[0.0,2.80118]},"T8s":{"weight":0.03,"played":[0.0035,0.9965],"evs":[0.0,5.06375]},"T9s":{"weight":0.9773,"played":[0.0023,0.9977],"evs":[0.0,5.88821]},"TT":{"weight":0.7621,"played":[0.0013,0.9987],"evs":[0.0,6.11789]},"JTo":{"weight":0.4922,"played":[0.0437,0.9563],"evs":[0.0,1.78759]},"QTo":{"weight":0.3556,"played":[2.0E-4,0.9998],"evs":[0.0,2.44665]},"KTo":{"weight":0.1553,"played":[0.0059,0.9941],"evs":[0.0,5.47034]},"ATo":{"weight":0.0,"played":[0.0025,0.9975],"evs":[0.0,4.62678]},"J2s":{"weight":0.0,"played":[0.1866,0.8134],"evs":[0.0,3.16209]},"J3s":{"weight":0.0,"played":[0.9972,0.0028],"evs":[0.0,-0.51019]},"J4s":{"weight":0.0,"played":[0.0606,0.9394],"evs":[0.0,7.60293]},"J5s":{"weight":0.0,"played":[0.2145,0.7855],"evs":[0.0,0.59351]},"J6s":{"weight":0.0,"played":[0.6141,0.3859],"evs":[0.0,3.09686]},"J7s":{"weight":2.0E-4,"played":[0.5196,0.4804],"evs":[0.0,-2.46213]},"J8s":{"weight":3.0E-4,"played":[0.0143,0.9857],"evs":[0.0,2.39929]},"J9s":{"weight":0.8283,"played":[0.1349,0.8651],"evs":[0.0,3.4908]},"JTs":{"weight":0.5948,"played":[0.0389,0.9611],"evs":[0.0,3.81424]},"JJ":{"weight":0.2718,"played":[0.0017,0.9983],"evs":[0.0,13.63948]},"QJo":{"weight":0.2577,"played":[0.0723,0.9277],"evs":[0.0,4.52047]},"KJo":{"weight":0.11,"played":[0.0018,0.9982],"evs":[0.0,1.9148]},"AJo":{"weight":0.212,"played":[6.0E-4,0.9994],"evs":[0.0,4.9695]},"Q2s":{"weight":0.0,"played":[0.5801,0.4199],"evs":[0.0,-2.3835]},"Q3s":{"weight":0.0,"played":[0.623,0.377],"evs":[0.0,-1.05113]},"Q4s":{"weight":0.0,"played":[0.1353,0.8647],"evs":[0.0,2.30385]},"Q5s":{"weight":0.0,"played":[0.0289,0.9711],"evs":[0.0,4.19436]},"Q6s":{"weight":3.0E-4,"played":[0.8377,0.1623],"evs":[0.0,-2.00063]},"Q7s":{"weight":0.0,"played":[0.6535,0.3465],"evs":[0.0,-0.49665]},"Q8s":{"weight":0.0051,"played":[0.301,0.699],"evs":[0.0,0.68701]},"Q9s":{"weight":0.4682,"played":[0.0157,0.9843],"evs":[0.0,2.59734]},"QTs":{"weight":0.0,"played":[0.0186,0.9814],"evs":[0.0,5.2991]},"QJs":{"weight":0.1563,"played":[0.1473,0.8527],"evs":[0.0,2.516]},"QQ":{"weight":0.0319,"played":[0.0027,0.9973],"evs":[0.0,12.78773]},"KQo":{"weight":0.073,"played":[2.0E-4,0.9998],"evs":[0.0,7.70219]},"AQo":{"weight":0.5031,"played":[0.0097,0.9903],"evs":[0.0,4.04554]},"K2s":{"weight":0.0,"played":[0.7707,0.2293],"evs":[0.0,-2.39565]},"K3s":{"weight":0.0,"played":[0.1434,0.8566],"evs":[0.0,0.71384]},"K4s":{"weight":0.0,"played":[0.6473,0.3527],"evs":[0.0,0.583]},"K5s":{"weight":0.0,"played":[0.012,0.988],"evs":[0.0,5.9524]},"K6s":{"weight":0.0,"played":[0.2931,0.7069],"evs":[0.0,6.95851]},"K7s":{"weight":5.0E-4,"played":[0.3783,0.6217],"evs":[0.0,1.66773]},"K8s":{"weight":0.0,"played":[0.141,0.859],"evs":[0.0,10.89404]},"K9s":{"weight":0.0992,"played":[0.497,0.503],"evs":[0.0,-1.48291]},"KTs":{"weight":0.0,"played":[0.0177,0.9823],"evs":[0.0,5.88376]},"KJs":{"weight":0.8516,"played":[0.01,0.99],"evs":[0.0,6.92429]},"KQs":{"weight":0.5918,"played":[0.1971,0.8029],"evs":[0.0,1.28637]},"KK":{"weight":0.0071,"played":[0.0044,0.9956],"evs":[0.0,17.81236]},"AKo":{"weight":0.0932,"played":[0.0154,0.9846],"evs":[0.0,5.71703]},"A2s":{"weight":0.0,"played":[8.0E-4,0.9992],"evs":[0.0,12.28979]},"A3s":{"weight":0.0,"played":[0.1514,0.8486],"evs":[0.0,4.7177]},"A4s":{"weight":0.098,"played":[0.0022,0.9978],"evs":[0.0,4.32504]},"A5s":{"weight":0.0,"played":[0.1328,0.8672],"evs":[0.0,5.26257]},"A6s":{"weight":0.0,"played":[0.002,0.998],"evs":[0.0,2.82971]},"A7s":{"weight":0.3923,"played":[0.2875,0.7125],"evs":[0.0,0.50222]},"A8s":{"weight":7.0E-4,"played":[0.0699,0.9301],"evs":[0.0,5.55944]},"A9s":{"weight":0.0,"played":[0.0173,0.9827],"evs":[0.0,5.14421]},"ATs":{"weight":0.0,"played":[0.1032,0.8968],"evs":[0.0,3.64957]},"AJs":{"weight":0.0,"played":[0.0178,0.9822],"evs":[0.0,6.25259]},"AQs":{"weight":0.0,"played":[0.0119,0.9881],"evs":[0.0,10.00579]},"AKs":{"weight":0.7375,"played":[0.002,0.998],"evs":[0.0,9.06475]},"AA":{"weight":0.9702,"played":[0.0,1.0],"evs":[0.0,21.78495]}}}