{"player":2,"street":0,"children":2,"sequence":[{"player":0,"type":"R","amount":200000,"street":0},{"player":1,"type":"C","amount":200000,"street":0},{"player":2,"type":"C","amount":200000,"street":0},{"player":3,"type":"R","amount":745000,"street":0},{"player":4,"type":"F","amount":0,"street":0},{"player":5,"type":"F","amount":0,"street":0},{"player":0,"type":"F","amount":0,"street":0},{"player":1,"type":"R","amount":2185000,"street":0}],"actions":[{"type":"F","amount":0},{"type":"C","amount":1985000}],"hands":{"22":{"weight":0.1791,"played":[0.5,0.5],"evs":[0.0,0.0]},"32o":{"weight":0.0,"played":[0.5,0.5],"evs":[0.0,0.0]},"42o":{"weight":0.0,"played":[0.896,0.104],"evs":[0.0,33.68792]},"52o":{"weight":0.0022,"played":[0.5,0.5],"evs":[0.0,0.0]},"62o":{"weight":0.0,"played":[0.9241,0.0759],"evs":[0.0,-24.06883]},"72o":{"weight":0.0,"played":[0.5,0.5],"evs":[0.0,-24.09592]},"82o":{"weight":9.0E-4,"played":[0.5,0.5],"evs":[0.0,-24.06398]},"92o":{"weight":2.0E-4,"played":[0.5,0.5],"evs":[0.0,0.0]},"T2o":{"weight":0.0021,"played":[0.5,0.5],"evs":[0.0,-24.06398]},"J2o":{"weight":6.0E-4,"played":[0.5,0.5],"evs":[0.0,48.86348]},"Q2o":{"weight":1.0E-4,"played":[0.5,0.5],"evs":[0.0,13.76906]},"K2o":{"weight":0.0,"played":[0.858,0.142],"evs":[0.0,-24.08685]},"A2o":{"weight":0.0304,"played":[0.2031,0.7969],"evs":[0.0,-8.69431]},"32s":{"weight":1.0E-4,"played":[0.5,0.5],"evs":[0.0,-24.09592]},"33":{"weight":0.0055,"played":[0.8859,0.1141],"evs":[0.0,32.19493]},"43o":{"weight":3.0E-4,"played":[0.9248,0.0752],"evs":[0.0,-24.08569]},"53o":{"weight":0.0015,"played":[0.5,0.5],"evs":[0.0,-24.09592]},"63o":{"weight":0.0,"played":[0.8398,0.1602],"evs":[0.0,-24.0757]},"73o":{"weight":0.0,"played":[0.5,0.5],"evs":[0.0,-24.06398]},"83o":{"weight":2.0E-4,"played":[0.5,0.5],"evs":[0.0,-24.09592]},"93o":{"weight":7.0E-4,"played":[0.5,0.5],"evs":[0.0,-24.0966]},"T3o":{"weight":2.0E-4,"played":[0.5,0.5],"evs":[0.0,13.76906]},"J3o":{"weight":9.0E-4,"played":[0.1284,0.8716],"evs":[0.0,13.76906]},"Q3o":{"weight":0.0054,"played":[0.5,0.5],"evs":[0.0,-24.09592]},"K3o":{"weight":0.0061,"played":[0.5,0.5],"evs":[0.0,-24.09592]},"A3o":{"weight":0.1054,"played":[0.4449,0.5551],"evs":[0.0,22.1497]},"42s":{"weight":0.1507,"played":[0.5,0.5],"evs":[0.0,0.0]},"43s":{"weight":0.0,"played":[0.5,0.5],"evs":[0.0,0.0]},"44":{"weight":0.4925,"played":[0.75,0.25],"evs":[0.0,-24.07995]},"54o":{"weight":0.017,"played":[0.5,0.5],"evs":[0.0,-24.06398]},"64o":{"weight":0.001,"played":[0.5,0.5],"evs":[0.0,-24.09592]},"74o":{"weight":0.005,"played":[0.5557,0.4443],"evs":[0.0,27.14775]},"84o":{"weight":0.0,"played":[0.9021,0.0979],"evs":[0.0,34.57246]},"94o":{"weight":0.0,"played":[0.5,0.5],"evs":[0.0,48.83063]},"T4o":{"weight":3.0E-4,"played":[0.8982,0.1018],"evs":[0.0,-24.07925]},"J4o":{"weight":0.0024,"played":[0.5,0.5],"evs":[0.0,-24.06398]},"Q4o":{"weight":0.0038,"played":[0.5,0.5],"evs":[0.0,-24.09592]},"K4o":{"weight":0.003,"played":[0.5,0.5],"evs":[0.0,0.0]},"A4o":{"weight":0.1252,"played":[0.9719,0.0281],"evs":[0.0,11.64095]},"52s":{"weight":0.0259,"played":[0.5,0.5],"evs":[0.0,-24.09592]},"53s":{"weight":0.0027,"played":[0.5,0.5],"evs":[0.0,48.83063]},"54s":{"weight":0.2339,"played":[0.5,0.5],"evs":[0.0,0.0]},"55":{"weight":0.0016,"played":[0.5,0.5],"evs":[0.0,-24.06398]},"65o":{"weight":0.0018,"played":[0.5,0.5],"evs":[0.0,0.0]},"75o":{"weight":0.01,"played":[0.5,0.5],"evs":[0.0,-24.06398]},"85o":{"weight":1.0E-4,"played":[0.7016,0.2984],"evs":[0.0,-18.04011]},"95o":{"weight":0.0016,"played":[0.7687,0.2313],"evs":[0.0,-24.08115]},"T5o":{"weight":1.0E-4,"played":[0.2083,0.7917],"evs":[0.0,48.83063]},"J5o":{"weight":0.0,"played":[0.7692,0.2308],"evs":[0.0,-24.07903]},"Q5o":{"weight":1.0E-4,"played":[0.5,0.5],"evs":[0.0,0.0]},"K5o":{"weight":0.0163,"played":[0.5,0.5],"evs":[0.0,13.76906]},"A5o":{"weight":0.3611,"played":[0.7686,0.2314],"evs":[0.0,-24.08114]},"62s":{"weight":0.0066,"played":[0.5,0.5],"evs":[0.0,0.0]},"63s":{"weight":0.1463,"played":[0.5,0.5],"evs":[0.0,-24.09592]},"64s":{"weight":0.0685,"played":[0.5,0.5],"evs":[0.0,-24.09592]},"65s":{"weight":0.0122,"played":[0.5,0.5],"evs":[0.0,48.86348]},"66":{"weight":0.3549,"played":[0.5,0.5],"evs":[0.0,13.76906]},"76o":{"weight":0.0023,"played":[0.5,0.5],"evs":[0.0,-24.09659]},"86o":{"weight":0.0156,"played":[0.1714,0.8286],"evs":[0.0,0.93972]},"96o":{"weight":0.027,"played":[0.5,0.5],"evs":[0.0,-24.09592]},"T6o":{"weight":0.0,"played":[0.5728,0.4272],"evs":[0.0,-15.6943]},"J6o":{"weight":2.0E-4,"played":[0.5192,0.4808],"evs":[0.0,-15.60522]},"Q6o":{"weight":0.0012,"played":[0.5,0.5],"evs":[0.0,13.76906]},"K6o":{"weight":0.0036,"played":[0.9409,0.0591],"evs":[0.0,10.78955]},"A6o":{"weight":0.8241,"played":[0.3153,0.6847],"evs":[0.0,5.81396]},"72s":{"weight":8.0E-4,"played":[0.5,0.5],"evs":[0.0,0.0]},"73s":{"weight":0.0155,"played":[0.0217,0.9783],"evs":[0.0,-20.92378]},"74s":{"weight":0.2559,"played":[0.5,0.5],"evs":[0.0,-24.06398]},"75s":{"weight":0.1474,"played":[0.5,0.5],"evs":[0.0,0.0]},"76s":{"weight":0.0359,"played":[0.5,0.5],"evs":[0.0,0.0]},"77":{"weight":0.0181,"played":[0.5,0.5],"evs":[0.0,0.0]},"87o":{"weight":0.0057,"played":[0.6601,0.3399],"evs":[0.0,-3.2981]},"97o":{"weight":8.0E-4,"played":[0.5,0.5],"evs":[0.0,0.0]},"T7o":{"weight":0.0763,"played":[0.5,0.5],"evs":[0.0,0.0]},"J7o":{"weight":5.0E-4,"played":[0.5,0.5],"evs":[0.0,-24.06398]},"Q7o":{"weight":0.0095,"played":[0.5,0.5],"evs":[0.0,48.86348]},"K7o":{"weight":0.0,"played":[0.5,0.5],"evs":[0.0,-24.06398]},"A7o":{"weight":0.1401,"played":[0.3354,0.6646],"evs":[0.0,-13.23654]},"82s":{"weight":0.0037,"played":[0.5,0.5],"evs":[0.0,0.0]},"83s":{"weight":0.0021,"played":[0.5,0.5],"evs":[0.0,0.0]},"84s":{"weight":0.0013,"played":[0.5,0.5],"evs":[0.0,-24.09659]},"85s":{"weight":1.0E-4,"played":[0.5,0.5],"evs":[0.0,0.0]},"86s":{"weight":0.0544,"played":[0.0991,0.9009],"evs":[0.0,48.84366]},"87s":{"weight":8.0E-4,"played":[0.5,0.5],"evs":[0.0,0.0]},"88":{"weight":0.0057,"played":[0.5,0.5],"evs":[0.0,0.0]},"98o":{"weight":1.0E-4,"played":[0.5,0.5],"evs":[0.0,48.86348]},"T8o":{"weight":0.0163,"played":[0.5,0.5],"evs":[0.0,0.0]},"J8o":{"weight":0.0269,"played":[0.5,0.5],"evs":[0.0,13.76906]},"Q8o":{"weight":0.0607,"played":[0.5,0.5],"evs":[0.0,0.0]},"K8o":{"weight":0.0117,"played":[0.0699,0.9301],"evs":[0.0,-6.21405]},"A8o":{"weight":0.4776,"played":[0.0041,0.9959],"evs":[0.0,35.40222]},"92s":{"weight":0.0096,"played":[0.5,0.5],"evs":[0.0,-24.06398]},"93s":{"weight":0.2955,"played":[0.5,0.5],"evs":[0.0,0.0]},"94s":{"weight":4.0E-4,"played":[0.5,0.5],"evs":[0.0,0.0]},"95s":{"weight":0.0,"played":[0.5,0.5],"evs":[0.0,-24.09592]},"96s":{"weight":0.0039,"played":[0.5,0.5],"evs":[0.0,0.0]},"97s":{"weight":0.0163,"played":[0.5,0.5],"evs":[0.0,0.0]},"98s":{"weight":0.4325,"played":[0.5,0.5],"evs":[0.0,-24.09592]},"99":{"weight":9.0E-4,"played":[0.5,0.5],"evs":[0.0,0.0]},"T9o":{"weight":0.0039,"played":[0.5,0.5],"evs":[0.0,0.0]},"J9o":{"weight":0.0125,"played":[0.5,0.5],"evs":[0.0,-24.09592]},"Q9o":{"weight":0.0076,"played":[0.75,0.25],"evs":[0.0,-24.07995]},"K9o":{"weight":0.2303,"played":[0.8149,0.1851],"evs":[0.0,-1.50576]},"A9o":{"weight":0.439,"played":[0.5,0.5],"evs":[0.0,0.0]},"T2s":{"weight":0.0035,"played":[0.5,0.5],"evs":[0.0,-24.06398]},"T3s":{"weight":0.1709,"played":[0.5,0.5],"evs":[0.0,-24.09592]},"T4s":{"weight":0.0049,"played":[0.5,0.5],"evs":[0.0,-24.06398]},"T5s":{"weight":0.0028,"played":[0.8924,0.1076],"evs":[0.0,-24.07086]},"T6s":{"weight":0.0908,"played":[0.8693,0.1307],"evs":[0.0,-24.07233]},"T7s":{"weight":0.0038,"played":[0.5,0.5],"evs":[0.0,-24.06398]},"T8s":{"weight":0.0935,"played":[0.9375,0.0625],"evs":[0.0,9.62267]},"T9s":{"weight":0.095,"played":[0.5,0.5],"evs":[0.0,0.0]},"TT":{"weight":0.0024,"played":[0.5,0.5],"evs":[0.0,0.0]},"JTo":{"weight":0.1716,"played":[0.2106,0.7894],"evs":[0.0,6.6416]},"QTo":{"weight":0.0695,"played":[0.029,0.971],"evs":[0.0,-19.8363]},"KTo":{"weight":0.3675,"played":[0.4819,0.5181],"evs":[0.0,32.71504]},"ATo":{"weight":0.4706,"played":[0.5,0.5],"evs":[0.0,0.0]},"J2s":{"weight":0.0683,"played":[0.9444,0.0556],"evs":[0.0,-24.09592]},"J3s":{"weight":3.0E-4,"played":[0.5,0.5],"evs":[0.0,0.0]},"J4s":{"weight":0.0298,"played":[0.5,0.5],"evs":[0.0,0.0]},"J5s":{"weight":0.0088,"played":[0.5,0.5],"evs":[0.0,0.0]},"J6s":{"weight":0.0558,"played":[0.5,0.5],"evs":[0.0,48.83063]},"J7s":{"weight":0.1315,"played":[0.9593,0.0407],"evs":[0.0,-24.06398]},"J8s":{"weight":0.0412,"played":[0.5,0.5],"evs":[0.0,48.83063]},"J9s":{"weight":0.0731,"played":[0.5,0.5],"evs":[0.0,0.0]},"JTs":{"weight":7.0E-4,"played":[0.5,0.5],"evs":[0.0,0.0]},"JJ":{"weight":1.0E-4,"played":[0.5,0.5],"evs":[0.0,0.0]},"QJo":{"weight":0.5775,"played":[0.9302,0.0698],"evs":[0.0,-24.06398]},"KJo":{"weight":0.3448,"played":[0.5,0.5],"evs":[0.0,-24.06398]},"AJo":{"weight":0.3589,"played":[0.5,0.5],"evs":[0.0,0.0]},"Q2s":{"weight":0.0041,"played":[0.5,0.5],"evs":[0.0,-24.09592]},"Q3s":{"weight":0.1025,"played":[0.5,0.5],"evs":[0.0,0.0]},"Q4s":{"weight":0.1214,"played":[0.5,0.5],"evs":[0.0,0.0]},"Q5s":{"weight":0.4498,"played":[0.5,0.5],"evs":[0.0,-24.06398]},"Q6s":{"weight":0.0376,"played":[0.5,0.5],"evs":[0.0,0.0]},"Q7s":{"weight":0.0905,"played":[0.5,0.5],"evs":[0.0,0.0]},"Q8s":{"weight":0.4445,"played":[0.1779,0.8221],"evs":[0.0,-10.62145]},"Q9s":{"weight":0.0376,"played":[0.5,0.5],"evs":[0.0,0.0]},"QTs":{"weight":0.5016,"played":[0.5,0.5],"evs":[0.0,-24.09592]},"QJs":{"weight":0.3663,"played":[0.5,0.5],"evs":[0.0,-24.06398]},"QQ":{"weight":0.3909,"played":[0.5,0.5],"evs":[0.0,48.83063]},"KQo":{"weight":0.203,"played":[0.5,0.5],"evs":[0.0,0.0]},"AQo":{"weight":1.0E-4,"played":[0.5,0.5],"evs":[0.0,0.0]},"K2s":{"weight":0.0795,"played":[0.5,0.5],"evs":[0.0,0.0]},"K3s":{"weight":0.4351,"played":[0.5,0.5],"evs":[0.0,0.0]},"K4s":{"weight":0.0352,"played":[0.5,0.5],"evs":[0.0,48.86348]},"K5s":{"weight":0.1269,"played":[0.5,0.5],"evs":[0.0,48.83063]},"K6s":{"weight":0.1785,"played":[0.5,0.5],"evs":[0.0,0.0]},"K7s":{"weight":0.2237,"played":[0.5,0.5],"evs":[0.0,11.76887]},"K8s":{"weight":0.191,"played":[0.5,0.5],"evs":[0.0,0.0]},"K9s":{"weight":0.0012,"played":[0.5,0.5],"evs":[0.0,0.0]},"KTs":{"weight":0.7952,"played":[0.0948,0.9052],"evs":[0.0,28.32746]},"KJs":{"weight":0.2884,"played":[0.5,0.5],"evs":[0.0,48.86348]},"KQs":{"weight":0.0,"played":[0.2273,0.7727],"evs":[0.0,32.89355]},"KK":{"weight":0.0014,"played":[0.5,0.5],"evs":[0.0,48.86348]},"AKo":{"weight":5.0E-4,"played":[0.5,0.5],"evs":[0.0,0.0]},"A2s":{"weight":0.0145,"played":[0.5,0.5],"evs":[0.0,-6.50312]},"A3s":{"weight":0.0028,"played":[0.5,0.5],"evs":[0.0,48.86348]},"A4s":{"weight":0.1366,"played":[0.5,0.5],"evs":[0.0,-24.06398]},"A5s":{"weight":0.0029,"played":[0.5,0.5],"evs":[0.0,0.0]},"A6s":{"weight":0.4926,"played":[0.5,0.5],"evs":[0.0,0.0]},"A7s":{"weight":0.4572,"played":[0.5,0.5],"evs":[0.0,-24.06398]},"A8s":{"weight":0.6542,"played":[0.5,0.5],"evs":[0.0,-24.06398]},"A9s":{"weight":0.373,"played":[0.5,0.5],"evs":[0.0,0.0]},"ATs":{"weight":8.0E-4,"played":[0.5,0.5],"evs":[0.0,0.0]},"AJs":{"weight":1.0E-4,"played":[0.5,0.5],"evs":[0.0,0.0]},"AQs":{"weight":2.0E-4,"played":[0.5,0.5],"evs":[0.0,0.0]},"AKs":{"weight":0.5336,"played":[0.5,0.5],"evs":[0.0,-24.06398]},"AA":{"weight":0.103,"played":[0.2231,0.7769],"evs":[0.0,29.41192]}}}