{"player":0,"street":0,"children":2,"sequence":[{"player":0,"type":"R","amount":200000,"street":0},{"player":1,"type":"C","amount":200000,"street":0},{"player":2,"type":"C","amount":200000,"street":0},{"player":3,"type":"R","amount":745000,"street":0},{"player":4,"type":"R","amount":1315000,"street":0},{"player":5,"type":"F","amount":0,"street":0}],"actions":[{"type":"F","amount":0,"node":474},{"type":"C","amount":435000,"node":479}],"hands":{"22":{"weight":0.0,"played":[0.0321,0.9679],"evs":[0.0,9.53921]},"32o":{"weight":0.0,"played":[0.6971,0.3029],"evs":[0.0,-0.00246]},"42o":{"weight":0.0,"played":[0.3407,0.6593],"evs":[0.0,1.2409]},"52o":{"weight":0.0,"played":[0.1155,0.8845],"evs":[0.0,4.44786]},"62o":{"weight":0.0,"played":[0.6609,0.3391],"evs":[0.0,-1.90457]},"72o":{"weight":0.0,"played":[0.4714,0.5286],"evs":[0.0,0.15059]},"82o":{"weight":0.0,"played":[0.0529,0.9471],"evs":[0.0,-0.20742]},"92o":{"weight":0.0,"played":[0.8838,0.1162],"evs":[0.0,-2.60061]},"T2o":{"weight":0.0,"played":[0.8047,0.1953],"evs":[0.0,0.38508]},"J2o":{"weight":0.0,"played":[0.1332,0.8668],"evs":[0.0,1.82433]},"Q2o":{"weight":0.0,"played":[0.193,0.807],"evs":[0.0,2.36356]},"K2o":{"weight":0.0,"played":[0.2542,0.7458],"evs":[0.0,1.79338]},"A2o":{"weight":5.0E-4,"played":[0.0103,0.9897],"evs":[0.0,4.62735]},"32s":{"weight":0.0,"played":[0.669,0.331],"evs":[0.0,-3.72057]},"33":{"weight":0.005,"played":[0.6963,0.3037],"evs":[0.0,1.19768]},"43o":{"weight":0.0,"played":[0.9129,0.0871],"evs":[0.0,-1.54167]},"53o":{"weight":0.0,"played":[0.4049,0.5951],"evs":[0.0,0.96981]},"63o":{"weight":0.0,"played":[0.3603,0.6397],"evs":[0.0,3.37765]},"73o":{"weight":0.0,"played":[0.5717,0.4283],"evs":[0.0,0.45346]},"83o":{"weight":0.0,"played":[0.554,0.446],"evs":[0.0,-1.22681]},"93o":{"weight":0.0,"played":[0.1313,0.8687],"evs":[0.0,0.2878]},"T3o":{"weight":0.0,"played":[0.0806,0.9194],"evs":[0.0,2.3647]},"J3o":{"weight":0.0,"played":[0.3924,0.6076],"evs":[0.0,2.87833]},"Q3o":{"weight":0.0,"played":[0.8983,0.1017],"evs":[0.0,-0.1037]},"K3o":{"weight":0.0,"played":[0.0557,0.9443],"evs":[0.0,2.88941]},"A3o":{"weight":2.0E-4,"played":[0.5482,0.4518],"evs":[0.0,-0.30371]},"42s":{"weight":0.0,"played":[0.2003,0.7997],"evs":[0.0,-0.5961]},"43s":{"weight":0.0,"played":[0.454,0.546],"evs":[0.0,3.76503]},"44":{"weight":0.1633,"played":[0.0144,0.9856],"evs":[0.0,8.10508]},"54o":{"weight":0.0,"played":[0.6015,0.3985],"evs":[0.0,-1.65303]},"64o":{"weight":0.0,"played":[0.2414,0.7586],"evs":[0.0,2.52403]},"74o":{"weight":0.0,"played":[0.2813,0.7187],"evs":[0.0,7.60385]},"84o":{"weight":0.0,"played":[0.0432,0.9568],"evs":[0.0,1.0986]},"94o":{"weight":0.0,"played":[0.1225,0.8775],"evs":[0.0,1.48538]},"T4o":{"weight":0.0,"played":[0.0523,0.9477],"evs":[0.0,3.85491]},"J4o":{"weight":0.0,"played":[0.64,0.36],"evs":[0.0,0.5146]},"Q4o":{"weight":0.0,"played":[0.6844,0.3156],"evs":[0.0,-1.55401]},"K4o":{"weight":0.0,"played":[0.3806,0.6194],"evs":[0.0,0.39987]},"A4o":{"weight":0.4021,"played":[0.0397,0.9603],"evs":[0.0,3.00581]},"52s":{"weight":0.0,"played":[0.5747,0.4253],"evs":[0.0,-2.14745]},"53s":{"weight":0.0,"played":[0.7858,0.2142],"evs":[0.0,-1.59361]},"54s":{"weight":0.0,"played":[0.6141,0.3859],"evs":[0.0,0.64997]},"55":{"weight":0.4584,"played":[0.0048,0.9952],"evs":[0.0,6.03943]},"65o":{"weight":0.0,"played":[0.0739,0.9261],"evs":[0.0,0.3227]},"75o":{"weight":0.0,"played":[0.4735,0.5265],"evs":[0.0,3.02071]},"85o":{"weight":0.0,"played":[0.0041,0.9959],"evs":[0.0,3.27528]},"95o":{"weight":0.0,"played":[0.3186,0.6814],"evs":[0.0,1.79043]},"T5o":{"weight":0.0,"played":[0.6297,0.3703],"evs":[0.0,-1.73163]},"J5o":{"weight":0.0,"played":[0.8632,0.1368],"evs":[0.0,-3.59951]},"Q5o":{"weight":0.0,"played":[0.4359,0.5641],"evs":[0.0,-0.80649]},"K5o":{"weight":0.0,"played":[0.8904,0.1096],"evs":[0.0,-0.7279]},"A5o":{"weight":0.5172,"played":[0.0017,0.9983],"evs":[0.0,-0.05335]},"62s":{"weight":0.0,"played":[0.2545,0.7455],"evs":[0.0,3.98576]},"63s":{"weight":0.0,"played":[0.992,0.008],"evs":[0.0,0.18202]},"64s":{"weight":0.0,"played":[0.1004,0.8996],"evs":[0.0,8.6995]},"65s":{"weight":0.0,"played":[0.128,0.872],"evs":[0.0,6.33375]},"66":{"weight":8.0E-4,"played":[0.2947,0.7053],"evs":[0.0,2.93443]},"76o":{"weight":0.0,"played":[0.0284,0.9716],"evs":[0.0,2.23237]},"86o":{"weight":0.0,"played":[0.207,0.793],"evs":[0.0,5.828]},"96o":{"weight":0.0,"played":[0.4715,0.5285],"evs":[0.0,-1.05633]},"T6o":{"weight":0.0,"played":[0.033,0.967],"evs":[0.0,2.86211]},"J6o":{"weight":0.0,"played":[0.7202,0.2798],"evs":[0.0,-0.45446]},"Q6o":{"weight":0.0,"played":[0.7249,0.2751],"evs":[0.0,-0.66953]},"K6o":{"weight":0.0,"played":[0.0752,0.9248],"evs":[0.0,4.57431]},"A6o":{"weight":0.9936,"played":[0.2073,0.7927],"evs":[0.0,0.11488]},"72s":{"weight":0.0,"played":[0.9628,0.0372],"evs":[0.0,-4.80646]},"73s":{"weight":0.0,"played":[0.2122,0.7878],"evs":[0.0,5.99178]},"74s":{"weight":0.0,"played":[0.5028,0.4972],"evs":[0.0,6.96392]},"75s":{"weight":0.0,"played":[0.0356,0.9644],"evs":[0.0,4.99964]},"76s":{"weight":0.0,"played":[0.0563,0.9437],"evs":[0.0,5.49146]},"77":{"weight":0.9426,"played":[0.1169,0.8831],"evs":[0.0,2.09121]},"87o":{"weight":0.0,"played":[0.1874,0.8126],"evs":[0.0,0.94587]},"97o":{"weight":0.0,"played":[0.2204,0.7796],"evs":[0.0,5.1615]},"T7o":{"weight":0.0,"played":[0.0148,0.9852],"evs":[0.0,3.50682]},"J7o":{"weight":0.0,"played":[0.1408,0.8592],"evs":[0.0,5.03667]},"Q7o":{"weight":0.0,"played":[0.2115,0.7885],"evs":[0.0,0.93983]},"K7o":{"weight":5.0E-4,"played":[0.001,0.999],"evs":[0.0,2.92763]},"A7o":{"weight":0.2035,"played":[0.0124,0.9876],"evs":[0.0,3.62141]},"82s":{"weight":0.0,"played":[0.9479,0.0521],"evs":[0.0,-1.82001]},"83s":{"weight":0.0,"played":[0.9227,0.0773],"evs":[0.0,-0.02458]},"84s":{"weight":0.0,"played":[0.999,0.001],"evs":[0.0,-0.93061]},"85s":{"weight":0.0,"played":[0.269,0.731],"evs":[0.0,3.9252]},"86s":{"weight":0.0,"played":[0.3818,0.6182],"evs":[0.0,4.06556]},"87s":{"weight":0.0,"played":[6.0E-4,0.9994],"evs":[0.0,2.31033]},"88":{"weight":0.9365,"played":[0.0805,0.9195],"evs":[0.0,4.09279]},"98o":{"weight":0.0,"played":[0.0023,0.9977],"evs":[0.0,2.87506]},"T8o":{"weight":0.0,"played":[0.0079,0.9921],"evs":[0.0,6.4739]},"J8o":{"weight":0.0,"played":[0.3075,0.6925],"evs":[0.0,6.64899]},"Q8o":{"weight":0.0,"played":[0.403,0.597],"evs":[0.0,-0.76256]},"K8o":{"weight":0.0,"played":[0.414,0.586],"evs":[0.0,1.90761]},"A8o":{"weight":0.0929,"played":[1.0E-4,0.9999],"evs":[0.0,2.64471]},"92s":{"weight":0.0,"played":[0.973,0.027],"evs":[0.0,-2.92509]},"93s":{"weight":0.0,"played":[0.6326,0.3674],"evs":[0.0,-0.98857]},"94s":{"weight":0.0,"played":[0.7288,0.2712],"evs":[0.0,-3.5858]},"95s":{"weight":0.0,"played":[0.4472,0.5528],"evs":[0.0,-1.47612]},"96s":{"weight":0.0,"played":[0.6084,0.3916],"evs":[0.0,0.02552]},"97s":{"weight":1.0E-4,"played":[0.2972,0.7028],"evs":[0.0,-1.73024]},"98s":{"weight":0.0,"played":[0.5022,0.4978],"evs":[0.0,-2.84274]},"99":{"weight":0.1885,"played":[0.0049,0.9951],"evs":[0.0,3.51946]},"T9o":{"weight":0.0049,"played":[0.0266,0.9734],"evs":[0.0,4.37676]},"J9o":{"weight":0.001,"played":[0.0021,0.9979],"evs":[0.0,6.35033]},"Q9o":{"weight":0.0053,"played":[0.6549,0.3451],"evs":[0.0,-0.17738]},"K9o":{"weight":0.1896,"played":[0.0325,0.9675],"evs":[0.0,3.56096]},"A9o":{"weight":0.0872,"played":[0.0039,0.9961],"evs":[0.0,5.31258]},"T2s":{"weight":0.0,"played":[0.7802,0.2198],"evs":[0.0,-0.32797]},"T3s":{"weight":0.0,"played":[0.2311,0.7689],"evs":[0.0,-1.07959]},"T4s":{"weight":0.0,"played":[0.2715,0.7285],"evs":[0.0,-1.64082]},"T5s":{"weight":0.0,"played":[0.0899,0.9101],"evs":[0.0,0.56815]},"T6s":{"weight":0.0,"played":[0.2701,0.7299],"evs":[0.0,3.09132]},"T7s":{"weight":0.0,"played":[0.1244,0.8756],"evs":[0.0,4.43554]},"T8s":{"weight":0.03,"played":[0.0095,0.9905],"evs":[0.0,3.65534]},"T9s":{"weight":0.9773,"played":[0.0489,0.9511],"evs":[0.0,4.66899]},"TT":{"weight":0.7621,"played":[3.0E-4,0.9997],"evs":[0.0,7.90434]},"JTo":{"weight":0.4922,"played":[0.0158,0.9842],"evs":[0.0,3.18182]},"QTo":{"weight":0.3556,"played":[0.0289,0.9711],"evs":[0.0,2.73372]},"KTo":{"weight":0.1553,"played":[0.0062,0.9938],"evs":[0.0,1.00508]},"ATo":{"weight":0.0,"played":[0.0021,0.9979],"evs":[0.0,1.74011]},"J2s":{"weight":0.0,"played":[0.1709,0.8291],"evs":[0.0,-0.65087]},"J3s":{"weight":0.0,"played":[0.9954,0.0046],"evs":[0.0,-5.38458]},"J4s":{"weight":0.0,"played":[0.6381,0.3619],"evs":[0.0,0.88504]},"J5s":{"weight":0.0,"played":[0.0611,0.9389],"evs":[0.0,12.22477]},"J6s":{"weight":0.0,"played":[0.2248,0.7752],"evs":[0.0,2.69464]},"J7s":{"weight":2.0E-4,"played":[0.9987,0.0013],"evs":[0.0,-3.68183]},"J8s":{"weight":3.0E-4,"played":[0.0108,0.9892],"evs":[0.0,3.9972]},"J9s":{"weight":0.8283,"played":[0.0697,0.9303],"evs":[0.0,4.11498]},"JTs":{"weight":0.5948,"played":[0.484,0.516],"evs":[0.0,-0.65975]},"JJ":{"weight":0.2718,"played":[0.0042,0.9958],"evs":[0.0,9.8299]},"QJo":{"weight":0.2577,"played":[0.0233,0.9767],"evs":[0.0,4.35961]},"KJo":{"weight":0.11,"played":[0.027,0.973],"evs":[0.0,4.00556]},"AJo":{"weight":0.212,"played":[0.0051,0.9949],"evs":[0.0,1.42142]},"Q2s":{"weight":0.0,"played":[0.2785,0.7215],"evs":[0.0,2.98903]},"Q3s":{"weight":0.0,"played":[0.0534,0.9466],"evs":[0.0,0.95582]},"Q4s":{"weight":0.0,"played":[0.572,0.428],"evs":[0.0,-2.9452]},"Q5s":{"weight":0.0,"played":[0.1566,0.8434],"evs":[0.0,8.16542]},"Q6s":{"weight":3.0E-4,"played":[0.4733,0.5267],"evs":[0.0,0.94148]},"Q7s":{"weight":0.0,"played":[0.1216,0.8784],"evs":[0.0,0.02944]},"Q8s":{"weight":0.0051,"played":[0.5167,0.4833],"evs":[0.0,1.30517]},"Q9s":{"weight":0.4682,"played":[0.0671,0.9329],"evs":[0.0,4.7077]},"QTs":{"weight":0.0,"played":[0.5984,0.4016],"evs":[0.0,0.52879]},"QJs":{"weight":0.1563,"played":[0.0192,0.9808],"evs":[0.0,3.10068]},"QQ":{"weight":0.0319,"played":[0.1544,0.8456],"evs":[0.0,3.6289]},"KQo":{"weight":0.073,"played":[0.001,0.999],"evs":[0.0,2.14234]},"AQo":{"weight":0.5031,"played":[0.0031,0.9969],"evs":[0.0,4.05321]},"K2s":{"weight":0.0,"played":[0.0343,0.9657],"evs":[0.0,5.77658]},"K3s":{"weight":0.0,"played":[0.1349,0.8651],"evs":[0.0,4.20747]},"K4s":{"weight":0.0,"played":[0.3652,0.6348],"evs":[0.0,4.32357]},"K5s":{"weight":0.0,"played":[0.3455,0.6545],"evs":[0.0,4.34894]},"K6s":{"weight":0.0,"played":[0.6046,0.3954],"evs":[0.0,-0.29675]},"K7s":{"weight":5.0E-4,"played":[0.0011,0.9989],"evs":[0.0,8.09161]},"K8s":{"weight":0.0,"played":[0.8475,0.1525],"evs":[0.0,2.5141]},"K9s":{"weight":0.0992,"played":[0.9967,0.0033],"evs":[0.0,-5.38639]},"KTs":{"weight":0.0,"played":[0.1471,0.8529],"evs":[0.0,16.60463]},"KJs":{"weight":0.8516,"played":[0.009,0.991],"evs":[0.0,0.86355]},"KQs":{"weight":0.5918,"played":[0.0891,0.9109],"evs":[0.0,7.77609]},"KK":{"weight":0.0071,"played":[5.0E-4,0.9995],"evs":[0.0,16.32546]},"AKo":{"weight":0.0932,"played":[1.0E-4,0.9999],"evs":[0.0,5.28556]},"A2s":{"weight":0.0,"played":[0.4681,0.5319],"evs":[0.0,-2.10768]},"A3s":{"weight":0.0,"played":[0.7064,0.2936],"evs":[0.0,-0.25986]},"A4s":{"weight":0.098,"played":[0.9139,0.0861],"evs":[0.0,-1.48407]},"A5s":{"weight":0.0,"played":[0.2545,0.7455],"evs":[0.0,-1.3072]},"A6s":{"weight":0.0,"played":[0.2462,0.7538],"evs":[0.0,0.82128]},"A7s":{"weight":0.3923,"played":[0.0298,0.9702],"evs":[0.0,3.81616]},"A8s":{"weight":7.0E-4,"played":[0.1028,0.8972],"evs":[0.0,3.82431]},"A9s":{"weight":0.0,"played":[0.0429,0.9571],"evs":[0.0,3.84562]},"ATs":{"weight":0.0,"played":[0.1252,0.8748],"evs":[0.0,1.4043]},"AJs":{"weight":0.0,"played":[0.0412,0.9588],"evs":[0.0,6.84063]},"AQs":{"weight":0.0,"played":[0.1786,0.8214],"evs":[0.0,3.25158]},"AKs":{"weight":0.7375,"played":[0.0014,0.9986],"evs":[0.0,15.30503]},"AA":{"weight":0.9702,"played":[0.001,0.999],"evs":[0.0,21.04539]}}}