{"player":2,"street":0,"children":2,"sequence":[{"player":0,"type":"R","amount":200000,"street":0},{"player":1,"type":"C","amount":200000,"street":0},{"player":2,"type":"C","amount":200000,"street":0},{"player":3,"type":"R","amount":745000,"street":0},{"player":4,"type":"R","amount":1315000,"street":0},{"player":5,"type":"C","amount":845000,"street":0},{"player":0,"type":"F","amount":0,"street":0},{"player":1,"type":"R","amount":2185000,"street":0}],"actions":[{"type":"F","amount":0},{"type":"C","amount":1985000}],"hands":{"22":{"weight":0.1791,"played":[0.7891,0.2109],"evs":[0.0,4.77657]},"32o":{"weight":0.0,"played":[0.7882,0.2118],"evs":[0.0,-16.70958]},"42o":{"weight":0.0,"played":[0.551,0.449],"evs":[0.0,-9.78961]},"52o":{"weight":0.0022,"played":[0.9583,0.0417],"evs":[0.0,-15.21695]},"62o":{"weight":0.0,"played":[0.1855,0.8145],"evs":[0.0,19.56664]},"72o":{"weight":0.0,"played":[0.1856,0.8144],"evs":[0.0,-5.2786]},"82o":{"weight":9.0E-4,"played":[0.2073,0.7927],"evs":[0.0,0.13355]},"92o":{"weight":2.0E-4,"played":[0.912,0.088],"evs":[0.0,-20.12351]},"T2o":{"weight":0.0021,"played":[0.8849,0.1151],"evs":[0.0,-16.11083]},"J2o":{"weight":6.0E-4,"played":[0.9993,7.0E-4],"evs":[0.0,-14.94875]},"Q2o":{"weight":1.0E-4,"played":[0.9648,0.0352],"evs":[0.0,-19.35051]},"K2o":{"weight":0.0,"played":[0.3629,0.6371],"evs":[0.0,6.96731]},"A2o":{"weight":0.0304,"played":[0.8769,0.1231],"evs":[0.0,4.99912]},"32s":{"weight":1.0E-4,"played":[0.9046,0.0954],"evs":[0.0,29.60826]},"33":{"weight":0.0055,"played":[0.9597,0.0403],"evs":[0.0,-4.91731]},"43o":{"weight":3.0E-4,"played":[0.9934,0.0066],"evs":[0.0,-8.25681]},"53o":{"weight":0.0015,"played":[0.996,0.004],"evs":[0.0,-16.23118]},"63o":{"weight":0.0,"played":[0.3323,0.6677],"evs":[0.0,-1.67506]},"73o":{"weight":0.0,"played":[0.9785,0.0215],"evs":[0.0,-20.55746]},"83o":{"weight":2.0E-4,"played":[0.1029,0.8971],"evs":[0.0,19.47493]},"93o":{"weight":7.0E-4,"played":[0.1366,0.8634],"evs":[0.0,-4.47352]},"T3o":{"weight":2.0E-4,"played":[0.6732,0.3268],"evs":[0.0,-15.02476]},"J3o":{"weight":9.0E-4,"played":[0.8997,0.1003],"evs":[0.0,-11.72755]},"Q3o":{"weight":0.0054,"played":[0.4901,0.5099],"evs":[0.0,-6.78718]},"K3o":{"weight":0.0061,"played":[0.9792,0.0208],"evs":[0.0,-3.53793]},"A3o":{"weight":0.1054,"played":[0.0433,0.9567],"evs":[0.0,16.48992]},"42s":{"weight":0.1507,"played":[0.9711,0.0289],"evs":[0.0,-12.1411]},"43s":{"weight":0.0,"played":[0.8645,0.1355],"evs":[0.0,-22.57394]},"44":{"weight":0.4925,"played":[0.1709,0.8291],"evs":[0.0,33.67455]},"54o":{"weight":0.017,"played":[0.9457,0.0543],"evs":[0.0,-21.92757]},"64o":{"weight":0.001,"played":[0.3048,0.6952],"evs":[0.0,12.88149]},"74o":{"weight":0.005,"played":[0.4571,0.5429],"evs":[0.0,-8.95238]},"84o":{"weight":0.0,"played":[0.0399,0.9601],"evs":[0.0,4.59586]},"94o":{"weight":0.0,"played":[0.2331,0.7669],"evs":[0.0,-6.9099]},"T4o":{"weight":3.0E-4,"played":[0.7129,0.2871],"evs":[0.0,-0.12796]},"J4o":{"weight":0.0024,"played":[0.3806,0.6194],"evs":[0.0,-2.80552]},"Q4o":{"weight":0.0038,"played":[0.5006,0.4994],"evs":[0.0,-8.07567]},"K4o":{"weight":0.003,"played":[0.9877,0.0123],"evs":[0.0,-5.35795]},"A4o":{"weight":0.1252,"played":[0.9947,0.0053],"evs":[0.0,-20.16748]},"52s":{"weight":0.0259,"played":[0.9599,0.0401],"evs":[0.0,-23.48123]},"53s":{"weight":0.0027,"played":[0.9174,0.0826],"evs":[0.0,-23.12491]},"54s":{"weight":0.2339,"played":[0.918,0.082],"evs":[0.0,-14.60853]},"55":{"weight":0.0016,"played":[0.8223,0.1777],"evs":[0.0,-8.31293]},"65o":{"weight":0.0018,"played":[0.7463,0.2537],"evs":[0.0,18.12009]},"75o":{"weight":0.01,"played":[0.8009,0.1991],"evs":[0.0,-4.49706]},"85o":{"weight":1.0E-4,"played":[0.9379,0.0621],"evs":[0.0,-8.98778]},"95o":{"weight":0.0016,"played":[0.3935,0.6065],"evs":[0.0,1.26098]},"T5o":{"weight":1.0E-4,"played":[0.0159,0.9841],"evs":[0.0,13.941]},"J5o":{"weight":0.0,"played":[0.7774,0.2226],"evs":[0.0,-17.11058]},"Q5o":{"weight":1.0E-4,"played":[0.176,0.824],"evs":[0.0,25.29416]},"K5o":{"weight":0.0163,"played":[0.9852,0.0148],"evs":[0.0,-16.77204]},"A5o":{"weight":0.3611,"played":[0.14,0.86],"evs":[0.0,-4.51193]},"62s":{"weight":0.0066,"played":[0.5287,0.4713],"evs":[0.0,3.92998]},"63s":{"weight":0.1463,"played":[0.5,0.5],"evs":[0.0,-24.07667]},"64s":{"weight":0.0685,"played":[0.0537,0.9463],"evs":[0.0,-2.37015]},"65s":{"weight":0.0122,"played":[0.3572,0.6428],"evs":[0.0,-9.03903]},"66":{"weight":0.3549,"played":[0.4729,0.5271],"evs":[0.0,19.70989]},"76o":{"weight":0.0023,"played":[0.2979,0.7021],"evs":[0.0,12.54545]},"86o":{"weight":0.0156,"played":[0.9717,0.0283],"evs":[0.0,-19.39535]},"96o":{"weight":0.027,"played":[0.2368,0.7632],"evs":[0.0,1.76023]},"T6o":{"weight":0.0,"played":[0.7649,0.2351],"evs":[0.0,-14.78114]},"J6o":{"weight":2.0E-4,"played":[0.5422,0.4578],"evs":[0.0,2.96443]},"Q6o":{"weight":0.0012,"played":[0.9902,0.0098],"evs":[0.0,-15.41683]},"K6o":{"weight":0.0036,"played":[0.5758,0.4242],"evs":[0.0,-11.56477]},"A6o":{"weight":0.8241,"played":[0.7241,0.2759],"evs":[0.0,-6.02589]},"72s":{"weight":8.0E-4,"played":[0.9703,0.0297],"evs":[0.0,-19.85823]},"73s":{"weight":0.0155,"played":[0.5,0.5],"evs":[0.0,77.98739]},"74s":{"weight":0.2559,"played":[0.6938,0.3062],"evs":[0.0,13.57184]},"75s":{"weight":0.1474,"played":[0.5558,0.4442],"evs":[0.0,-21.66787]},"76s":{"weight":0.0359,"played":[0.1802,0.8198],"evs":[0.0,50.04379]},"77":{"weight":0.0181,"played":[0.2384,0.7616],"evs":[0.0,47.21685]},"87o":{"weight":0.0057,"played":[0.5962,0.4038],"evs":[0.0,-6.36005]},"97o":{"weight":8.0E-4,"played":[0.3934,0.6066],"evs":[0.0,-5.45448]},"T7o":{"weight":0.0763,"played":[0.566,0.434],"evs":[0.0,-9.05501]},"J7o":{"weight":5.0E-4,"played":[0.9275,0.0725],"evs":[0.0,-11.30551]},"Q7o":{"weight":0.0095,"played":[0.7566,0.2434],"evs":[0.0,0.81621]},"K7o":{"weight":0.0,"played":[0.9863,0.0137],"evs":[0.0,-14.45072]},"A7o":{"weight":0.1401,"played":[0.949,0.051],"evs":[0.0,-3.87271]},"82s":{"weight":0.0037,"played":[0.5,0.5],"evs":[0.0,78.02203]},"83s":{"weight":0.0021,"played":[0.9084,0.0916],"evs":[0.0,-24.03038]},"84s":{"weight":0.0013,"played":[0.7899,0.2101],"evs":[0.0,35.12252]},"85s":{"weight":1.0E-4,"played":[0.9846,0.0154],"evs":[0.0,-9.15451]},"86s":{"weight":0.0544,"played":[0.4745,0.5255],"evs":[0.0,-7.85398]},"87s":{"weight":8.0E-4,"played":[0.1481,0.8519],"evs":[0.0,13.22122]},"88":{"weight":0.0057,"played":[0.9234,0.0766],"evs":[0.0,-9.29218]},"98o":{"weight":1.0E-4,"played":[0.7538,0.2462],"evs":[0.0,5.49291]},"T8o":{"weight":0.0163,"played":[0.7261,0.2739],"evs":[0.0,-20.42382]},"J8o":{"weight":0.0269,"played":[0.9934,0.0066],"evs":[0.0,-9.04543]},"Q8o":{"weight":0.0607,"played":[0.6487,0.3513],"evs":[0.0,-7.3052]},"K8o":{"weight":0.0117,"played":[0.904,0.096],"evs":[0.0,-19.67481]},"A8o":{"weight":0.4776,"played":[0.044,0.956],"evs":[0.0,5.94147]},"92s":{"weight":0.0096,"played":[0.4122,0.5878],"evs":[0.0,-8.13098]},"93s":{"weight":0.2955,"played":[9.0E-4,0.9991],"evs":[0.0,-0.81242]},"94s":{"weight":4.0E-4,"played":[0.9521,0.0479],"evs":[0.0,9.55306]},"95s":{"weight":0.0,"played":[0.7971,0.2029],"evs":[0.0,-21.61068]},"96s":{"weight":0.0039,"played":[0.9883,0.0117],"evs":[0.0,5.92622]},"97s":{"weight":0.0163,"played":[0.4532,0.5468],"evs":[0.0,28.74641]},"98s":{"weight":0.4325,"played":[0.9968,0.0032],"evs":[0.0,-24.06349]},"99":{"weight":9.0E-4,"played":[0.0389,0.9611],"evs":[0.0,13.39534]},"T9o":{"weight":0.0039,"played":[0.8598,0.1402],"evs":[0.0,-2.67605]},"J9o":{"weight":0.0125,"played":[0.4574,0.5426],"evs":[0.0,2.96203]},"Q9o":{"weight":0.0076,"played":[0.6401,0.3599],"evs":[0.0,-5.273]},"K9o":{"weight":0.2303,"played":[0.4927,0.5073],"evs":[0.0,-0.01713]},"A9o":{"weight":0.439,"played":[0.1433,0.8567],"evs":[0.0,6.91949]},"T2s":{"weight":0.0035,"played":[0.8955,0.1045],"evs":[0.0,-24.06727]},"T3s":{"weight":0.1709,"played":[0.2343,0.7657],"evs":[0.0,5.48823]},"T4s":{"weight":0.0049,"played":[0.0779,0.9221],"evs":[0.0,5.26883]},"T5s":{"weight":0.0028,"played":[0.9452,0.0548],"evs":[0.0,-2.92914]},"T6s":{"weight":0.0908,"played":[0.4294,0.5706],"evs":[0.0,-3.63685]},"T7s":{"weight":0.0038,"played":[0.4239,0.5761],"evs":[0.0,-7.69387]},"T8s":{"weight":0.0935,"played":[0.8056,0.1944],"evs":[0.0,-18.23432]},"T9s":{"weight":0.095,"played":[0.3449,0.6551],"evs":[0.0,5.48949]},"TT":{"weight":0.0024,"played":[0.0217,0.9783],"evs":[0.0,23.66032]},"JTo":{"weight":0.1716,"played":[0.3418,0.6582],"evs":[0.0,35.65733]},"QTo":{"weight":0.0695,"played":[0.7721,0.2279],"evs":[0.0,-15.63593]},"KTo":{"weight":0.3675,"played":[0.4914,0.5086],"evs":[0.0,-8.33964]},"ATo":{"weight":0.4706,"played":[0.8017,0.1983],"evs":[0.0,-2.47198]},"J2s":{"weight":0.0683,"played":[0.9096,0.0904],"evs":[0.0,-24.04168]},"J3s":{"weight":3.0E-4,"played":[0.5423,0.4577],"evs":[0.0,-18.50035]},"J4s":{"weight":0.0298,"played":[0.6923,0.3077],"evs":[0.0,-15.87042]},"J5s":{"weight":0.0088,"played":[0.7596,0.2404],"evs":[0.0,28.96238]},"J6s":{"weight":0.0558,"played":[0.377,0.623],"evs":[0.0,-15.34133]},"J7s":{"weight":0.1315,"played":[0.988,0.012],"evs":[0.0,-3.33479]},"J8s":{"weight":0.0412,"played":[0.9644,0.0356],"evs":[0.0,-24.03038]},"J9s":{"weight":0.0731,"played":[0.851,0.149],"evs":[0.0,-14.51172]},"JTs":{"weight":7.0E-4,"played":[0.5836,0.4164],"evs":[0.0,-7.25058]},"JJ":{"weight":1.0E-4,"played":[0.2165,0.7835],"evs":[0.0,31.30918]},"QJo":{"weight":0.5775,"played":[0.0108,0.9892],"evs":[0.0,16.69479]},"KJo":{"weight":0.3448,"played":[0.1114,0.8886],"evs":[0.0,26.91605]},"AJo":{"weight":0.3589,"played":[0.7654,0.2346],"evs":[0.0,0.17096]},"Q2s":{"weight":0.0041,"played":[0.9966,0.0034],"evs":[0.0,-24.05888]},"Q3s":{"weight":0.1025,"played":[0.9344,0.0656],"evs":[0.0,-24.05676]},"Q4s":{"weight":0.1214,"played":[0.4236,0.5764],"evs":[0.0,-2.77844]},"Q5s":{"weight":0.4498,"played":[0.4774,0.5226],"evs":[0.0,20.23918]},"Q6s":{"weight":0.0376,"played":[0.794,0.206],"evs":[0.0,-24.04329]},"Q7s":{"weight":0.0905,"played":[0.3846,0.6154],"evs":[0.0,-15.3585]},"Q8s":{"weight":0.4445,"played":[0.0405,0.9595],"evs":[0.0,22.21345]},"Q9s":{"weight":0.0376,"played":[0.9719,0.0281],"evs":[0.0,19.81999]},"QTs":{"weight":0.5016,"played":[0.5,0.5],"evs":[0.0,0.0]},"QJs":{"weight":0.3663,"played":[0.19,0.81],"evs":[0.0,-0.61764]},"QQ":{"weight":0.3909,"played":[0.9824,0.0176],"evs":[0.0,-24.031]},"KQo":{"weight":0.203,"played":[0.0407,0.9593],"evs":[0.0,21.7284]},"AQo":{"weight":1.0E-4,"played":[0.012,0.988],"evs":[0.0,33.98948]},"K2s":{"weight":0.0795,"played":[0.6345,0.3655],"evs":[0.0,11.39821]},"K3s":{"weight":0.4351,"played":[0.2156,0.7844],"evs":[0.0,13.40869]},"K4s":{"weight":0.0352,"played":[0.4596,0.5404],"evs":[0.0,23.18581]},"K5s":{"weight":0.1269,"played":[0.5021,0.4979],"evs":[0.0,5.84079]},"K6s":{"weight":0.1785,"played":[0.5522,0.4478],"evs":[0.0,-6.24496]},"K7s":{"weight":0.2237,"played":[0.8906,0.1094],"evs":[0.0,-24.06168]},"K8s":{"weight":0.191,"played":[0.8087,0.1913],"evs":[0.0,-3.12496]},"K9s":{"weight":0.0012,"played":[0.5,0.5],"evs":[0.0,-24.04791]},"KTs":{"weight":0.7952,"played":[0.2188,0.7812],"evs":[0.0,-6.6254]},"KJs":{"weight":0.2884,"played":[0.5404,0.4596],"evs":[0.0,-6.84843]},"KQs":{"weight":0.0,"played":[0.5887,0.4113],"evs":[0.0,8.17491]},"KK":{"weight":0.0014,"played":[0.0078,0.9922],"evs":[0.0,49.56869]},"AKo":{"weight":5.0E-4,"played":[0.0594,0.9406],"evs":[0.0,34.42372]},"A2s":{"weight":0.0145,"played":[0.9649,0.0351],"evs":[0.0,-1.17779]},"A3s":{"weight":0.0028,"played":[0.8674,0.1326],"evs":[0.0,50.94082]},"A4s":{"weight":0.1366,"played":[0.8533,0.1467],"evs":[0.0,-20.90934]},"A5s":{"weight":0.0029,"played":[0.058,0.942],"evs":[0.0,-9.96662]},"A6s":{"weight":0.4926,"played":[0.6408,0.3592],"evs":[0.0,21.11852]},"A7s":{"weight":0.4572,"played":[0.5,0.5],"evs":[0.0,0.0]},"A8s":{"weight":0.6542,"played":[0.6412,0.3588],"evs":[0.0,15.80733]},"A9s":{"weight":0.373,"played":[0.8115,0.1885],"evs":[0.0,17.56215]},"ATs":{"weight":8.0E-4,"played":[0.4915,0.5085],"evs":[0.0,20.3371]},"AJs":{"weight":1.0E-4,"played":[0.0157,0.9843],"evs":[0.0,18.61606]},"AQs":{"weight":2.0E-4,"played":[0.8841,0.1159],"evs":[0.0,-23.70124]},"AKs":{"weight":0.5336,"played":[0.2806,0.7194],"evs":[0.0,29.69459]},"AA":{"weight":0.103,"played":[0.5202,0.4798],"evs":[0.0,59.30359]}}}