{"player":1,"street":0,"children":2,"sequence":[{"player":0,"type":"R","amount":200000,"street":0},{"player":1,"type":"C","amount":200000,"street":0},{"player":2,"type":"C","amount":200000,"street":0},{"player":3,"type":"R","amount":745000,"street":0},{"player":4,"type":"R","amount":1315000,"street":0},{"player":5,"type":"C","amount":845000,"street":0},{"player":0,"type":"C","amount":435000,"street":0}],"actions":[{"type":"F","amount":0,"node":487},{"type":"R","amount":2185000,"node":488}],"hands":{"22":{"weight":4.0E-4,"played":[0.2314,0.7686],"evs":[0.0,16.81205]},"32o":{"weight":0.0,"played":[0.8494,0.1506],"evs":[0.0,-12.84768]},"42o":{"weight":0.0,"played":[0.85,0.15],"evs":[0.0,0.49849]},"52o":{"weight":0.0,"played":[0.225,0.775],"evs":[0.0,3.20827]},"62o":{"weight":0.0,"played":[0.9988,0.0012],"evs":[0.0,-7.48892]},"72o":{"weight":0.0,"played":[0.4874,0.5126],"evs":[0.0,-1.86437]},"82o":{"weight":0.0,"played":[0.6091,0.3909],"evs":[0.0,-3.23017]},"92o":{"weight":0.0,"played":[0.8712,0.1288],"evs":[0.0,-4.09451]},"T2o":{"weight":0.0,"played":[0.8428,0.1572],"evs":[0.0,-12.65202]},"J2o":{"weight":0.0,"played":[0.8212,0.1788],"evs":[0.0,-7.02659]},"Q2o":{"weight":0.0,"played":[0.5999,0.4001],"evs":[0.0,-3.39838]},"K2o":{"weight":0.0,"played":[0.7826,0.2174],"evs":[0.0,-2.22762]},"A2o":{"weight":0.5107,"played":[0.9992,8.0E-4],"evs":[0.0,-8.97076]},"32s":{"weight":3.0E-4,"played":[0.8206,0.1794],"evs":[0.0,-10.21287]},"33":{"weight":0.0,"played":[0.4404,0.5596],"evs":[0.0,13.97565]},"43o":{"weight":0.0,"played":[0.5104,0.4896],"evs":[0.0,-3.28895]},"53o":{"weight":0.0,"played":[0.6739,0.3261],"evs":[0.0,-2.83123]},"63o":{"weight":0.0,"played":[0.8724,0.1276],"evs":[0.0,-9.27066]},"73o":{"weight":0.0,"played":[0.9647,0.0353],"evs":[0.0,0.96715]},"83o":{"weight":0.0,"played":[0.7407,0.2593],"evs":[0.0,-5.95627]},"93o":{"weight":0.0,"played":[0.5198,0.4802],"evs":[0.0,5.1641]},"T3o":{"weight":1.0E-4,"played":[0.2945,0.7055],"evs":[0.0,-3.11759]},"J3o":{"weight":1.0E-4,"played":[0.423,0.577],"evs":[0.0,-6.07181]},"Q3o":{"weight":0.0,"played":[0.5691,0.4309],"evs":[0.0,-7.30594]},"K3o":{"weight":0.0,"played":[0.4595,0.5405],"evs":[0.0,5.69119]},"A3o":{"weight":0.6157,"played":[0.5393,0.4607],"evs":[0.0,-3.06182]},"42s":{"weight":1.0E-4,"played":[0.4838,0.5162],"evs":[0.0,8.43384]},"43s":{"weight":0.0,"played":[0.9951,0.0049],"evs":[0.0,1.60892]},"44":{"weight":5.0E-4,"played":[0.4074,0.5926],"evs":[0.0,-6.64475]},"54o":{"weight":0.0,"played":[0.8955,0.1045],"evs":[0.0,-1.32077]},"64o":{"weight":0.0,"played":[0.8418,0.1582],"evs":[0.0,-3.23374]},"74o":{"weight":0.0,"played":[0.9383,0.0617],"evs":[0.0,-9.8298]},"84o":{"weight":0.0,"played":[0.722,0.278],"evs":[0.0,-10.37369]},"94o":{"weight":1.0E-4,"played":[0.391,0.609],"evs":[0.0,10.86374]},"T4o":{"weight":0.0,"played":[0.7988,0.2012],"evs":[0.0,-9.01851]},"J4o":{"weight":0.0,"played":[0.814,0.186],"evs":[0.0,-7.2627]},"Q4o":{"weight":0.0,"played":[0.0113,0.9887],"evs":[0.0,3.36611]},"K4o":{"weight":1.0E-4,"played":[0.4243,0.5757],"evs":[0.0,-3.99008]},"A4o":{"weight":0.8373,"played":[0.1241,0.8759],"evs":[0.0,4.89685]},"52s":{"weight":1.0E-4,"played":[0.096,0.904],"evs":[0.0,17.41456]},"53s":{"weight":9.0E-4,"played":[0.4522,0.5478],"evs":[0.0,36.19905]},"54s":{"weight":0.0324,"played":[0.699,0.301],"evs":[0.0,-3.78691]},"55":{"weight":0.1092,"played":[0.6485,0.3515],"evs":[0.0,7.14184]},"65o":{"weight":0.0,"played":[0.2435,0.7565],"evs":[0.0,13.22076]},"75o":{"weight":0.0,"played":[0.0449,0.9551],"evs":[0.0,6.79361]},"85o":{"weight":1.0E-4,"played":[0.6862,0.3138],"evs":[0.0,-10.79992]},"95o":{"weight":0.0,"played":[0.8168,0.1832],"evs":[0.0,-7.09972]},"T5o":{"weight":0.0,"played":[0.3536,0.6464],"evs":[0.0,6.45031]},"J5o":{"weight":6.0E-4,"played":[0.6982,0.3018],"evs":[0.0,-0.13483]},"Q5o":{"weight":1.0E-4,"played":[0.008,0.992],"evs":[0.0,-0.90909]},"K5o":{"weight":0.0059,"played":[0.585,0.415],"evs":[0.0,4.09251]},"A5o":{"weight":0.7173,"played":[0.0033,0.9967],"evs":[0.0,10.86162]},"62s":{"weight":0.0,"played":[0.5267,0.4733],"evs":[0.0,13.45197]},"63s":{"weight":1.0E-4,"played":[0.7864,0.2136],"evs":[0.0,-0.79301]},"64s":{"weight":1.0E-4,"played":[0.1004,0.8996],"evs":[0.0,23.98183]},"65s":{"weight":0.0081,"played":[0.9424,0.0576],"evs":[0.0,-3.44516]},"66":{"weight":0.4344,"played":[0.8434,0.1566],"evs":[0.0,-0.16448]},"76o":{"weight":0.0,"played":[0.2743,0.7257],"evs":[0.0,-2.88167]},"86o":{"weight":0.0,"played":[0.0972,0.9028],"evs":[0.0,2.69401]},"96o":{"weight":0.0018,"played":[0.599,0.401],"evs":[0.0,-5.2201]},"T6o":{"weight":3.0E-4,"played":[0.6556,0.3444],"evs":[0.0,-0.64092]},"J6o":{"weight":3.0E-4,"played":[0.1865,0.8135],"evs":[0.0,14.79671]},"Q6o":{"weight":0.0,"played":[0.0843,0.9157],"evs":[0.0,-3.03042]},"K6o":{"weight":0.0435,"played":[0.0013,0.9987],"evs":[0.0,6.18778]},"A6o":{"weight":0.0766,"played":[0.0996,0.9004],"evs":[0.0,1.53]},"72s":{"weight":0.0,"played":[0.3642,0.6358],"evs":[0.0,-3.62286]},"73s":{"weight":0.0037,"played":[0.1776,0.8224],"evs":[0.0,-3.42045]},"74s":{"weight":0.009,"played":[0.5297,0.4703],"evs":[0.0,-6.8823]},"75s":{"weight":0.0028,"played":[0.9039,0.0961],"evs":[0.0,-10.73037]},"76s":{"weight":0.4348,"played":[0.661,0.339],"evs":[0.0,7.73293]},"77":{"weight":0.8418,"played":[0.9832,0.0168],"evs":[0.0,-7.82109]},"87o":{"weight":1.0E-4,"played":[0.7992,0.2008],"evs":[0.0,-4.46682]},"97o":{"weight":3.0E-4,"played":[0.1631,0.8369],"evs":[0.0,7.1186]},"T7o":{"weight":0.0027,"played":[0.2304,0.7696],"evs":[0.0,5.54421]},"J7o":{"weight":1.0E-4,"played":[0.0071,0.9929],"evs":[0.0,23.15951]},"Q7o":{"weight":0.0,"played":[0.6349,0.3651],"evs":[0.0,-2.10494]},"K7o":{"weight":0.0614,"played":[0.1547,0.8453],"evs":[0.0,0.57413]},"A7o":{"weight":0.0476,"played":[0.0441,0.9559],"evs":[0.0,10.41992]},"82s":{"weight":2.0E-4,"played":[0.7526,0.2474],"evs":[0.0,-9.45941]},"83s":{"weight":2.0E-4,"played":[0.9808,0.0192],"evs":[0.0,-10.1064]},"84s":{"weight":3.0E-4,"played":[0.7368,0.2632],"evs":[0.0,-7.34922]},"85s":{"weight":8.0E-4,"played":[0.675,0.325],"evs":[0.0,10.34547]},"86s":{"weight":0.1554,"played":[0.1597,0.8403],"evs":[0.0,2.23086]},"87s":{"weight":0.125,"played":[0.6371,0.3629],"evs":[0.0,3.55507]},"88":{"weight":0.0309,"played":[0.0616,0.9384],"evs":[0.0,15.47954]},"98o":{"weight":8.0E-4,"played":[0.272,0.728],"evs":[0.0,11.0648]},"T8o":{"weight":2.0E-4,"played":[0.5152,0.4848],"evs":[0.0,0.52824]},"J8o":{"weight":3.0E-4,"played":[0.4484,0.5516],"evs":[0.0,2.33788]},"Q8o":{"weight":0.0012,"played":[0.0635,0.9365],"evs":[0.0,12.24944]},"K8o":{"weight":0.01,"played":[0.0216,0.9784],"evs":[0.0,8.68961]},"A8o":{"weight":0.0029,"played":[0.0126,0.9874],"evs":[0.0,7.74565]},"92s":{"weight":0.0012,"played":[0.7678,0.2322],"evs":[0.0,0.01332]},"93s":{"weight":0.0,"played":[0.2838,0.7162],"evs":[0.0,12.90258]},"94s":{"weight":0.0015,"played":[0.6652,0.3348],"evs":[0.0,-6.37647]},"95s":{"weight":1.0E-4,"played":[0.7536,0.2464],"evs":[0.0,-10.46641]},"96s":{"weight":0.0086,"played":[0.4101,0.5899],"evs":[0.0,4.32181]},"97s":{"weight":0.0378,"played":[0.3243,0.6757],"evs":[0.0,11.93079]},"98s":{"weight":2.0E-4,"played":[0.9628,0.0372],"evs":[0.0,-11.75699]},"99":{"weight":0.992,"played":[0.0029,0.9971],"evs":[0.0,23.40491]},"T9o":{"weight":0.2338,"played":[0.001,0.999],"evs":[0.0,4.95639]},"J9o":{"weight":0.0025,"played":[0.6099,0.3901],"evs":[0.0,-2.24337]},"Q9o":{"weight":0.1666,"played":[0.1732,0.8268],"evs":[0.0,1.23221]},"K9o":{"weight":0.9979,"played":[0.2355,0.7645],"evs":[0.0,12.2385]},"A9o":{"weight":0.0,"played":[0.1269,0.8731],"evs":[0.0,4.92263]},"T2s":{"weight":1.0E-4,"played":[0.8503,0.1497],"evs":[0.0,-16.90818]},"T3s":{"weight":1.0E-4,"played":[0.7315,0.2685],"evs":[0.0,-12.94788]},"T4s":{"weight":0.0,"played":[0.5369,0.4631],"evs":[0.0,-3.00859]},"T5s":{"weight":0.0,"played":[0.5018,0.4982],"evs":[0.0,9.91461]},"T6s":{"weight":0.0124,"played":[0.6041,0.3959],"evs":[0.0,9.64597]},"T7s":{"weight":0.2311,"played":[0.13,0.87],"evs":[0.0,24.61209]},"T8s":{"weight":0.468,"played":[0.6446,0.3554],"evs":[0.0,29.13296]},"T9s":{"weight":0.2989,"played":[0.0363,0.9637],"evs":[0.0,21.60313]},"TT":{"weight":0.9722,"played":[0.5519,0.4481],"evs":[0.0,-0.55257]},"JTo":{"weight":0.9325,"played":[0.0552,0.9448],"evs":[0.0,16.09673]},"QTo":{"weight":0.9326,"played":[0.0116,0.9884],"evs":[0.0,8.38251]},"KTo":{"weight":0.9901,"played":[0.0024,0.9976],"evs":[0.0,8.71148]},"ATo":{"weight":0.5465,"played":[0.4423,0.5577],"evs":[0.0,5.66904]},"J2s":{"weight":0.0017,"played":[0.4652,0.5348],"evs":[0.0,34.98054]},"J3s":{"weight":0.0011,"played":[0.1364,0.8636],"evs":[0.0,-0.71642]},"J4s":{"weight":4.0E-4,"played":[0.3435,0.6565],"evs":[0.0,37.05022]},"J5s":{"weight":0.0,"played":[0.1229,0.8771],"evs":[0.0,17.33491]},"J6s":{"weight":0.0038,"played":[0.482,0.518],"evs":[0.0,-3.86942]},"J7s":{"weight":0.191,"played":[0.9842,0.0158],"evs":[0.0,-15.07131]},"J8s":{"weight":0.0258,"played":[0.6647,0.3353],"evs":[0.0,-3.97359]},"J9s":{"weight":0.9783,"played":[0.5487,0.4513],"evs":[0.0,12.72426]},"JTs":{"weight":0.2069,"played":[0.6141,0.3859],"evs":[0.0,8.90449]},"JJ":{"weight":0.3898,"played":[0.0505,0.9495],"evs":[0.0,17.68698]},"QJo":{"weight":0.8872,"played":[0.3144,0.6856],"evs":[0.0,-1.98519]},"KJo":{"weight":0.0912,"played":[0.801,0.199],"evs":[0.0,-7.91852]},"AJo":{"weight":0.0,"played":[0.1771,0.8229],"evs":[0.0,-0.32953]},"Q2s":{"weight":0.0676,"played":[0.0069,0.9931],"evs":[0.0,28.0269]},"Q3s":{"weight":4.0E-4,"played":[0.3915,0.6085],"evs":[0.0,2.74433]},"Q4s":{"weight":0.0057,"played":[0.389,0.611],"evs":[0.0,6.43103]},"Q5s":{"weight":0.0823,"played":[0.1316,0.8684],"evs":[0.0,20.91099]},"Q6s":{"weight":0.1986,"played":[0.686,0.314],"evs":[0.0,-14.63112]},"Q7s":{"weight":0.1372,"played":[0.9073,0.0927],"evs":[0.0,-12.51624]},"Q8s":{"weight":0.213,"played":[0.9974,0.0026],"evs":[0.0,-17.48933]},"Q9s":{"weight":0.2541,"played":[0.2722,0.7278],"evs":[0.0,12.08942]},"QTs":{"weight":0.671,"played":[0.4502,0.5498],"evs":[0.0,0.66707]},"QJs":{"weight":0.1785,"played":[0.7752,0.2248],"evs":[0.0,2.22324]},"QQ":{"weight":0.4826,"played":[0.0054,0.9946],"evs":[0.0,15.60336]},"KQo":{"weight":0.2625,"played":[9.0E-4,0.9991],"evs":[0.0,14.21963]},"AQo":{"weight":0.738,"played":[0.0592,0.9408],"evs":[0.0,15.99485]},"K2s":{"weight":0.0649,"played":[0.955,0.045],"evs":[0.0,-15.28612]},"K3s":{"weight":0.1292,"played":[0.0235,0.9765],"evs":[0.0,10.36075]},"K4s":{"weight":0.1649,"played":[0.0042,0.9958],"evs":[0.0,12.31625]},"K5s":{"weight":0.228,"played":[0.4695,0.5305],"evs":[0.0,3.40872]},"K6s":{"weight":0.4315,"played":[0.1876,0.8124],"evs":[0.0,-4.21515]},"K7s":{"weight":0.9703,"played":[0.1223,0.8777],"evs":[0.0,6.40799]},"K8s":{"weight":0.3808,"played":[0.9824,0.0176],"evs":[0.0,-10.40193]},"K9s":{"weight":0.1713,"played":[0.2557,0.7443],"evs":[0.0,12.20769]},"KTs":{"weight":0.5516,"played":[0.7378,0.2622],"evs":[0.0,-2.49238]},"KJs":{"weight":0.0723,"played":[0.1883,0.8117],"evs":[0.0,16.60613]},"KQs":{"weight":0.0945,"played":[0.2066,0.7934],"evs":[0.0,15.4043]},"KK":{"weight":0.8236,"played":[0.0265,0.9735],"evs":[0.0,28.77436]},"AKo":{"weight":0.319,"played":[0.0479,0.9521],"evs":[0.0,16.88806]},"A2s":{"weight":0.1749,"played":[0.1774,0.8226],"evs":[0.0,8.95616]},"A3s":{"weight":0.0408,"played":[0.0047,0.9953],"evs":[0.0,4.80963]},"A4s":{"weight":0.0057,"played":[0.0743,0.9257],"evs":[0.0,-4.52871]},"A5s":{"weight":1.0E-4,"played":[0.309,0.691],"evs":[0.0,20.38237]},"A6s":{"weight":0.0308,"played":[0.0772,0.9228],"evs":[0.0,15.7637]},"A7s":{"weight":3.0E-4,"played":[0.6645,0.3355],"evs":[0.0,-6.78736]},"A8s":{"weight":0.7033,"played":[0.884,0.116],"evs":[0.0,-7.32134]},"A9s":{"weight":0.0662,"played":[0.4811,0.5189],"evs":[0.0,-3.20626]},"ATs":{"weight":0.1138,"played":[0.3434,0.6566],"evs":[0.0,-3.27351]},"AJs":{"weight":0.0,"played":[0.6165,0.3835],"evs":[0.0,30.76515]},"AQs":{"weight":0.6269,"played":[0.13,0.87],"evs":[0.0,14.41419]},"AKs":{"weight":0.1751,"played":[0.0014,0.9986],"evs":[0.0,18.5416]},"AA":{"weight":0.9731,"played":[0.0024,0.9976],"evs":[0.0,41.16134]}}}