{"player":4,"street":0,"children":2,"sequence":[{"player":0,"type":"R","amount":200000,"street":0},{"player":1,"type":"C","amount":200000,"street":0},{"player":2,"type":"R","amount":2185000,"street":0},{"player":3,"type":"F","amount":0,"street":0}],"actions":[{"type":"F","amount":0,"node":491},{"type":"C","amount":1265000,"node":498}],"hands":{"22":{"weight":1.0,"played":[0.3478,0.6522],"evs":[0.0,-0.91054]},"32o":{"weight":1.0,"played":[0.9793,0.0207],"evs":[0.0,-6.83066]},"42o":{"weight":1.0,"played":[0.9654,0.0346],"evs":[0.0,-5.70164]},"52o":{"weight":1.0,"played":[0.9989,0.0011],"evs":[0.0,-6.14516]},"62o":{"weight":1.0,"played":[0.9749,0.0251],"evs":[0.0,-6.6864]},"72o":{"weight":1.0,"played":[0.9825,0.0175],"evs":[0.0,-6.30917]},"82o":{"weight":1.0,"played":[0.9604,0.0396],"evs":[0.0,-3.7771]},"92o":{"weight":1.0,"played":[0.99,0.01],"evs":[0.0,-4.2417]},"T2o":{"weight":1.0,"played":[0.9966,0.0034],"evs":[0.0,-6.53993]},"J2o":{"weight":1.0,"played":[0.8796,0.1204],"evs":[0.0,-6.96498]},"Q2o":{"weight":1.0,"played":[0.9735,0.0265],"evs":[0.0,-4.11399]},"K2o":{"weight":1.0,"played":[0.9846,0.0154],"evs":[0.0,-3.56174]},"A2o":{"weight":1.0,"played":[0.9591,0.0409],"evs":[0.0,-4.95101]},"32s":{"weight":1.0,"played":[0.9444,0.0556],"evs":[0.0,-2.23262]},"33":{"weight":1.0,"played":[0.1293,0.8707],"evs":[0.0,1.55347]},"43o":{"weight":1.0,"played":[0.9152,0.0848],"evs":[0.0,-3.0527]},"53o":{"weight":1.0,"played":[0.8044,0.1956],"evs":[0.0,-3.18373]},"63o":{"weight":1.0,"played":[0.9866,0.0134],"evs":[0.0,-3.85489]},"73o":{"weight":1.0,"played":[0.9593,0.0407],"evs":[0.0,-5.64895]},"83o":{"weight":1.0,"played":[0.9994,6.0E-4],"evs":[0.0,-6.54476]},"93o":{"weight":1.0,"played":[0.9826,0.0174],"evs":[0.0,-5.25774]},"T3o":{"weight":1.0,"played":[0.9988,0.0012],"evs":[0.0,-4.02495]},"J3o":{"weight":1.0,"played":[0.997,0.003],"evs":[0.0,-5.78822]},"Q3o":{"weight":1.0,"played":[0.9964,0.0036],"evs":[0.0,-7.10841]},"K3o":{"weight":1.0,"played":[0.5413,0.4587],"evs":[0.0,-1.72778]},"A3o":{"weight":1.0,"played":[0.5062,0.4938],"evs":[0.0,-0.31115]},"42s":{"weight":1.0,"played":[0.4363,0.5637],"evs":[0.0,1.35573]},"43s":{"weight":1.0,"played":[0.9303,0.0697],"evs":[0.0,-4.7564]},"44":{"weight":1.0,"played":[0.5454,0.4546],"evs":[0.0,-2.76766]},"54o":{"weight":1.0,"played":[0.9603,0.0397],"evs":[0.0,-2.88182]},"64o":{"weight":1.0,"played":[0.9994,6.0E-4],"evs":[0.0,-1.76133]},"74o":{"weight":1.0,"played":[0.5022,0.4978],"evs":[0.0,-0.99546]},"84o":{"weight":1.0,"played":[0.9999,1.0E-4],"evs":[0.0,-5.54249]},"94o":{"weight":1.0,"played":[0.9934,0.0066],"evs":[0.0,-7.70822]},"T4o":{"weight":1.0,"played":[0.9868,0.0132],"evs":[0.0,-3.94363]},"J4o":{"weight":1.0,"played":[0.9662,0.0338],"evs":[0.0,-5.57459]},"Q4o":{"weight":1.0,"played":[0.8302,0.1698],"evs":[0.0,-5.56894]},"K4o":{"weight":1.0,"played":[0.9758,0.0242],"evs":[0.0,-3.12665]},"A4o":{"weight":1.0,"played":[0.9403,0.0597],"evs":[0.0,-3.45543]},"52s":{"weight":1.0,"played":[0.6151,0.3849],"evs":[0.0,-5.95576]},"53s":{"weight":1.0,"played":[0.9537,0.0463],"evs":[0.0,0.15611]},"54s":{"weight":1.0,"played":[0.4594,0.5406],"evs":[0.0,-1.62193]},"55":{"weight":1.0,"played":[0.7718,0.2282],"evs":[0.0,-1.85645]},"65o":{"weight":1.0,"played":[0.9799,0.0201],"evs":[0.0,-5.17604]},"75o":{"weight":1.0,"played":[0.9997,3.0E-4],"evs":[0.0,-5.68097]},"85o":{"weight":1.0,"played":[0.9849,0.0151],"evs":[0.0,-4.39002]},"95o":{"weight":1.0,"played":[0.9392,0.0608],"evs":[0.0,-3.72191]},"T5o":{"weight":1.0,"played":[0.9692,0.0308],"evs":[0.0,-2.46966]},"J5o":{"weight":1.0,"played":[0.9859,0.0141],"evs":[0.0,-5.52675]},"Q5o":{"weight":1.0,"played":[0.9826,0.0174],"evs":[0.0,-5.0379]},"K5o":{"weight":1.0,"played":[0.9806,0.0194],"evs":[0.0,-3.89265]},"A5o":{"weight":1.0,"played":[0.6277,0.3723],"evs":[0.0,-3.94743]},"62s":{"weight":1.0,"played":[0.0013,0.9987],"evs":[0.0,3.07618]},"63s":{"weight":1.0,"played":[0.8797,0.1203],"evs":[0.0,-1.38338]},"64s":{"weight":1.0,"played":[0.9586,0.0414],"evs":[0.0,-2.74705]},"65s":{"weight":1.0,"played":[0.936,0.064],"evs":[0.0,-11.53527]},"66":{"weight":1.0,"played":[0.0943,0.9057],"evs":[0.0,2.62334]},"76o":{"weight":1.0,"played":[0.9947,0.0053],"evs":[0.0,-5.69496]},"86o":{"weight":1.0,"played":[0.9066,0.0934],"evs":[0.0,-2.39653]},"96o":{"weight":1.0,"played":[0.7553,0.2447],"evs":[0.0,0.08011]},"T6o":{"weight":1.0,"played":[0.9959,0.0041],"evs":[0.0,-5.56615]},"J6o":{"weight":1.0,"played":[0.9352,0.0648],"evs":[0.0,-3.79597]},"Q6o":{"weight":1.0,"played":[0.9979,0.0021],"evs":[0.0,-3.42271]},"K6o":{"weight":1.0,"played":[0.9972,0.0028],"evs":[0.0,-2.87645]},"A6o":{"weight":1.0,"played":[0.6707,0.3293],"evs":[0.0,-1.81969]},"72s":{"weight":1.0,"played":[0.7695,0.2305],"evs":[0.0,-5.9263]},"73s":{"weight":1.0,"played":[0.9996,4.0E-4],"evs":[0.0,-4.21826]},"74s":{"weight":1.0,"played":[0.3142,0.6858],"evs":[0.0,1.0975]},"75s":{"weight":1.0,"played":[0.4299,0.5701],"evs":[0.0,0.84585]},"76s":{"weight":1.0,"played":[0.5395,0.4605],"evs":[0.0,-0.47882]},"77":{"weight":1.0,"played":[0.2258,0.7742],"evs":[0.0,5.67072]},"87o":{"weight":1.0,"played":[0.9939,0.0061],"evs":[0.0,-4.03351]},"97o":{"weight":1.0,"played":[0.9905,0.0095],"evs":[0.0,-5.28403]},"T7o":{"weight":1.0,"played":[0.5087,0.4913],"evs":[0.0,-2.77561]},"J7o":{"weight":1.0,"played":[0.9951,0.0049],"evs":[0.0,-5.18967]},"Q7o":{"weight":1.0,"played":[0.78,0.22],"evs":[0.0,-0.56554]},"K7o":{"weight":1.0,"played":[0.7164,0.2836],"evs":[0.0,-3.41546]},"A7o":{"weight":1.0,"played":[0.5357,0.4643],"evs":[0.0,-3.92864]},"82s":{"weight":1.0,"played":[0.9936,0.0064],"evs":[0.0,-8.19541]},"83s":{"weight":1.0,"played":[0.9979,0.0021],"evs":[0.0,-1.80289]},"84s":{"weight":1.0,"played":[0.3535,0.6465],"evs":[0.0,-1.88753]},"85s":{"weight":1.0,"played":[0.9308,0.0692],"evs":[0.0,-5.88023]},"86s":{"weight":1.0,"played":[0.388,0.612],"evs":[0.0,1.06369]},"87s":{"weight":1.0,"played":[0.643,0.357],"evs":[0.0,0.55308]},"88":{"weight":1.0,"played":[9.0E-4,0.9991],"evs":[0.0,4.94582]},"98o":{"weight":1.0,"played":[0.672,0.328],"evs":[0.0,-1.82701]},"T8o":{"weight":1.0,"played":[0.9028,0.0972],"evs":[0.0,-3.45475]},"J8o":{"weight":1.0,"played":[0.9722,0.0278],"evs":[0.0,-4.17655]},"Q8o":{"weight":1.0,"played":[0.9718,0.0282],"evs":[0.0,-2.02391]},"K8o":{"weight":1.0,"played":[0.9895,0.0105],"evs":[0.0,-4.68727]},"A8o":{"weight":1.0,"played":[0.2455,0.7545],"evs":[0.0,-0.18143]},"92s":{"weight":1.0,"played":[0.735,0.265],"evs":[0.0,-5.44949]},"93s":{"weight":1.0,"played":[0.8532,0.1468],"evs":[0.0,-4.87813]},"94s":{"weight":1.0,"played":[0.939,0.061],"evs":[0.0,-4.47763]},"95s":{"weight":1.0,"played":[0.3744,0.6256],"evs":[0.0,2.54787]},"96s":{"weight":1.0,"played":[0.9044,0.0956],"evs":[0.0,-2.38024]},"97s":{"weight":1.0,"played":[0.5579,0.4421],"evs":[0.0,1.23513]},"98s":{"weight":1.0,"played":[0.7611,0.2389],"evs":[0.0,-1.79222]},"99":{"weight":1.0,"played":[0.0011,0.9989],"evs":[0.0,8.50135]},"T9o":{"weight":1.0,"played":[0.9877,0.0123],"evs":[0.0,-2.92965]},"J9o":{"weight":1.0,"played":[0.9913,0.0087],"evs":[0.0,-4.32714]},"Q9o":{"weight":1.0,"played":[0.6748,0.3252],"evs":[0.0,-0.17482]},"K9o":{"weight":1.0,"played":[0.8853,0.1147],"evs":[0.0,-3.57884]},"A9o":{"weight":1.0,"played":[0.5282,0.4718],"evs":[0.0,-2.99637]},"T2s":{"weight":1.0,"played":[0.7996,0.2004],"evs":[0.0,-4.49906]},"T3s":{"weight":1.0,"played":[0.5006,0.4994],"evs":[0.0,-1.18566]},"T4s":{"weight":1.0,"played":[0.5028,0.4972],"evs":[0.0,0.87637]},"T5s":{"weight":1.0,"played":[0.9293,0.0707],"evs":[0.0,-2.71352]},"T6s":{"weight":1.0,"played":[0.7728,0.2272],"evs":[0.0,-1.53093]},"T7s":{"weight":1.0,"played":[0.9895,0.0105],"evs":[0.0,-6.15357]},"T8s":{"weight":1.0,"played":[0.483,0.517],"evs":[0.0,1.0027]},"T9s":{"weight":1.0,"played":[0.7559,0.2441],"evs":[0.0,-4.01267]},"TT":{"weight":1.0,"played":[0.0109,0.9891],"evs":[0.0,4.32072]},"JTo":{"weight":1.0,"played":[0.8384,0.1616],"evs":[0.0,-2.60208]},"QTo":{"weight":1.0,"played":[0.6068,0.3932],"evs":[0.0,-4.65866]},"KTo":{"weight":1.0,"played":[0.5508,0.4492],"evs":[0.0,-1.62014]},"ATo":{"weight":1.0,"played":[0.4209,0.5791],"evs":[0.0,-0.80843]},"J2s":{"weight":1.0,"played":[0.3869,0.6131],"evs":[0.0,-0.05698]},"J3s":{"weight":1.0,"played":[0.6682,0.3318],"evs":[0.0,-3.03997]},"J4s":{"weight":1.0,"played":[0.9931,0.0069],"evs":[0.0,-7.52859]},"J5s":{"weight":1.0,"played":[0.9606,0.0394],"evs":[0.0,-6.92374]},"J6s":{"weight":1.0,"played":[0.0285,0.9715],"evs":[0.0,0.68665]},"J7s":{"weight":1.0,"played":[0.9952,0.0048],"evs":[0.0,-4.0797]},"J8s":{"weight":1.0,"played":[0.4701,0.5299],"evs":[0.0,0.98405]},"J9s":{"weight":1.0,"played":[0.4813,0.5187],"evs":[0.0,-1.32864]},"JTs":{"weight":1.0,"played":[0.5148,0.4852],"evs":[0.0,-4.26581]},"JJ":{"weight":1.0,"played":[6.0E-4,0.9994],"evs":[0.0,12.32153]},"QJo":{"weight":1.0,"played":[0.478,0.522],"evs":[0.0,-1.17015]},"KJo":{"weight":1.0,"played":[0.4161,0.5839],"evs":[0.0,1.06472]},"AJo":{"weight":1.0,"played":[0.2459,0.7541],"evs":[0.0,2.47667]},"Q2s":{"weight":1.0,"played":[0.912,0.088],"evs":[0.0,-4.21067]},"Q3s":{"weight":1.0,"played":[0.9454,0.0546],"evs":[0.0,-6.42128]},"Q4s":{"weight":1.0,"played":[0.7463,0.2537],"evs":[0.0,-2.71344]},"Q5s":{"weight":1.0,"played":[0.72,0.28],"evs":[0.0,-7.0976]},"Q6s":{"weight":1.0,"played":[0.9726,0.0274],"evs":[0.0,-4.66496]},"Q7s":{"weight":1.0,"played":[0.1158,0.8842],"evs":[0.0,0.7047]},"Q8s":{"weight":1.0,"played":[0.1529,0.8471],"evs":[0.0,5.5787]},"Q9s":{"weight":1.0,"played":[0.1537,0.8463],"evs":[0.0,0.68182]},"QTs":{"weight":1.0,"played":[0.7143,0.2857],"evs":[0.0,-0.40833]},"QJs":{"weight":1.0,"played":[0.1421,0.8579],"evs":[0.0,-0.18655]},"QQ":{"weight":1.0,"played":[0.0,1.0],"evs":[0.0,9.69915]},"KQo":{"weight":1.0,"played":[0.6526,0.3474],"evs":[0.0,0.77971]},"AQo":{"weight":1.0,"played":[0.0022,0.9978],"evs":[0.0,1.16531]},"K2s":{"weight":1.0,"played":[0.3919,0.6081],"evs":[0.0,4.99656]},"K3s":{"weight":1.0,"played":[0.4282,0.5718],"evs":[0.0,1.62739]},"K4s":{"weight":1.0,"played":[0.9246,0.0754],"evs":[0.0,-2.14444]},"K5s":{"weight":1.0,"played":[0.974,0.026],"evs":[0.0,-4.12701]},"K6s":{"weight":1.0,"played":[0.7015,0.2985],"evs":[0.0,3.22855]},"K7s":{"weight":1.0,"played":[0.4094,0.5906],"evs":[0.0,-2.52661]},"K8s":{"weight":1.0,"played":[0.6486,0.3514],"evs":[0.0,-0.60319]},"K9s":{"weight":1.0,"played":[0.3983,0.6017],"evs":[0.0,3.69046]},"KTs":{"weight":1.0,"played":[0.0139,0.9861],"evs":[0.0,11.57629]},"KJs":{"weight":1.0,"played":[0.35,0.65],"evs":[0.0,-1.14987]},"KQs":{"weight":1.0,"played":[0.0064,0.9936],"evs":[0.0,4.66336]},"KK":{"weight":1.0,"played":[0.0028,0.9972],"evs":[0.0,15.46847]},"AKo":{"weight":1.0,"played":[0.0,1.0],"evs":[0.0,7.17686]},"A2s":{"weight":1.0,"played":[0.5673,0.4327],"evs":[0.0,-1.85034]},"A3s":{"weight":1.0,"played":[0.1527,0.8473],"evs":[0.0,7.40863]},"A4s":{"weight":1.0,"played":[0.1867,0.8133],"evs":[0.0,0.69182]},"A5s":{"weight":1.0,"played":[0.9797,0.0203],"evs":[0.0,-4.55978]},"A6s":{"weight":1.0,"played":[0.0293,0.9707],"evs":[0.0,0.33437]},"A7s":{"weight":1.0,"played":[0.2652,0.7348],"evs":[0.0,-0.76911]},"A8s":{"weight":1.0,"played":[0.5382,0.4618],"evs":[0.0,-0.73204]},"A9s":{"weight":1.0,"played":[0.0195,0.9805],"evs":[0.0,6.63788]},"ATs":{"weight":1.0,"played":[0.0033,0.9967],"evs":[0.0,11.49592]},"AJs":{"weight":1.0,"played":[0.0426,0.9574],"evs":[0.0,6.64167]},"AQs":{"weight":1.0,"played":[0.0209,0.9791],"evs":[0.0,3.29099]},"AKs":{"weight":1.0,"played":[0.0941,0.9059],"evs":[0.0,11.62626]},"AA":{"weight":1.0,"played":[5.0E-4,0.9995],"evs":[0.0,22.14131]}}}