{"player":3,"street":0,"children":2,"sequence":[{"player":0,"type":"F","amount":0,"street":0},{"player":1,"type":"F","amount":0,"street":0},{"player":2,"type":"R","amount":200000,"street":0},{"player":3,"type":"C","amount":200000,"street":0},{"player":4,"type":"C","amount":150000,"street":0},{"player":5,"type":"R","amount":945000,"street":0},{"player":2,"type":"R","amount":1315000,"street":0}],"actions":[{"type":"F","amount":0,"node":56},{"type":"C","amount":545000,"node":57}],"hands":{"22":{"weight":0.0153,"played":[0.8467,0.1533],"evs":[0.0,-1.11421]},"32o":{"weight":0.0,"played":[0.7969,0.2031],"evs":[0.0,-1.91972]},"42o":{"weight":0.0,"played":[0.9551,0.0449],"evs":[0.0,-1.12795]},"52o":{"weight":0.0,"played":[0.9992,8.0E-4],"evs":[0.0,-2.3919]},"62o":{"weight":0.0,"played":[0.5051,0.4949],"evs":[0.0,-0.75558]},"72o":{"weight":0.0,"played":[0.4535,0.5465],"evs":[0.0,-0.45968]},"82o":{"weight":0.0,"played":[0.8653,0.1347],"evs":[0.0,-2.84413]},"92o":{"weight":0.0,"played":[0.579,0.421],"evs":[0.0,-0.9493]},"T2o":{"weight":0.0,"played":[0.8401,0.1599],"evs":[0.0,-1.61645]},"J2o":{"weight":0.0,"played":[0.6673,0.3327],"evs":[0.0,-0.32265]},"Q2o":{"weight":2.0E-4,"played":[0.9268,0.0732],"evs":[0.0,-2.14544]},"K2o":{"weight":0.0,"played":[0.6856,0.3144],"evs":[0.0,-0.75076]},"A2o":{"weight":0.5754,"played":[0.1573,0.8427],"evs":[0.0,2.25201]},"32s":{"weight":2.0E-4,"played":[0.5939,0.4061],"evs":[0.0,1.26126]},"33":{"weight":0.0067,"played":[0.7297,0.2703],"evs":[0.0,0.29691]},"43o":{"weight":0.0,"played":[0.8042,0.1958],"evs":[0.0,-1.02391]},"53o":{"weight":0.0,"played":[0.951,0.049],"evs":[0.0,-1.97666]},"63o":{"weight":0.0,"played":[0.9703,0.0297],"evs":[0.0,-2.44955]},"73o":{"weight":0.0,"played":[0.9993,7.0E-4],"evs":[0.0,-0.74459]},"83o":{"weight":0.0,"played":[0.9756,0.0244],"evs":[0.0,-3.45145]},"93o":{"weight":0.0,"played":[0.9951,0.0049],"evs":[0.0,-3.49524]},"T3o":{"weight":0.0,"played":[0.2226,0.7774],"evs":[0.0,-0.05901]},"J3o":{"weight":1.0E-4,"played":[0.3724,0.6276],"evs":[0.0,-0.29446]},"Q3o":{"weight":0.001,"played":[0.3684,0.6316],"evs":[0.0,-0.22964]},"K3o":{"weight":1.0E-4,"played":[0.168,0.832],"evs":[0.0,1.87497]},"A3o":{"weight":0.092,"played":[0.9717,0.0283],"evs":[0.0,-1.06981]},"42s":{"weight":0.0,"played":[0.1517,0.8483],"evs":[0.0,2.35711]},"43s":{"weight":0.0017,"played":[0.5045,0.4955],"evs":[0.0,-1.43863]},"44":{"weight":0.0012,"played":[0.1252,0.8748],"evs":[0.0,8.41463]},"54o":{"weight":0.0,"played":[0.6982,0.3018],"evs":[0.0,-1.96489]},"64o":{"weight":0.0,"played":[0.6413,0.3587],"evs":[0.0,-2.22511]},"74o":{"weight":2.0E-4,"played":[0.0281,0.9719],"evs":[0.0,1.70978]},"84o":{"weight":0.0,"played":[0.415,0.585],"evs":[0.0,-0.47223]},"94o":{"weight":0.0,"played":[0.588,0.412],"evs":[0.0,0.36015]},"T4o":{"weight":1.0E-4,"played":[0.5033,0.4967],"evs":[0.0,0.64427]},"J4o":{"weight":3.0E-4,"played":[0.9266,0.0734],"evs":[0.0,-1.54568]},"Q4o":{"weight":2.0E-4,"played":[0.1035,0.8965],"evs":[0.0,3.32462]},"K4o":{"weight":0.0,"played":[0.6017,0.3983],"evs":[0.0,0.81778]},"A4o":{"weight":0.474,"played":[0.0598,0.9402],"evs":[0.0,0.55852]},"52s":{"weight":0.0602,"played":[0.4861,0.5139],"evs":[0.0,-1.93111]},"53s":{"weight":2.0E-4,"played":[0.3245,0.6755],"evs":[0.0,1.91449]},"54s":{"weight":0.0019,"played":[0.0364,0.9636],"evs":[0.0,5.40694]},"55":{"weight":7.0E-4,"played":[0.0545,0.9455],"evs":[0.0,6.5435]},"65o":{"weight":0.0,"played":[0.3817,0.6183],"evs":[0.0,-0.07451]},"75o":{"weight":0.0,"played":[0.5353,0.4647],"evs":[0.0,-3.05506]},"85o":{"weight":0.0,"played":[0.9767,0.0233],"evs":[0.0,-3.16034]},"95o":{"weight":0.0,"played":[0.0115,0.9885],"evs":[0.0,1.90706]},"T5o":{"weight":0.0,"played":[0.9635,0.0365],"evs":[0.0,-2.52315]},"J5o":{"weight":1.0E-4,"played":[0.25,0.75],"evs":[0.0,2.25252]},"Q5o":{"weight":0.0,"played":[0.0894,0.9106],"evs":[0.0,1.14629]},"K5o":{"weight":0.0,"played":[0.6526,0.3474],"evs":[0.0,-1.77202]},"A5o":{"weight":0.2696,"played":[0.022,0.978],"evs":[0.0,3.36806]},"62s":{"weight":8.0E-4,"played":[0.217,0.783],"evs":[0.0,0.80257]},"63s":{"weight":4.0E-4,"played":[0.915,0.085],"evs":[0.0,-2.73043]},"64s":{"weight":5.0E-4,"played":[0.0137,0.9863],"evs":[0.0,5.79593]},"65s":{"weight":2.0E-4,"played":[0.0066,0.9934],"evs":[0.0,4.91875]},"66":{"weight":0.0219,"played":[0.2064,0.7936],"evs":[0.0,-1.1633]},"76o":{"weight":0.0,"played":[0.8661,0.1339],"evs":[0.0,1.7953]},"86o":{"weight":2.0E-4,"played":[0.2308,0.7692],"evs":[0.0,2.04654]},"96o":{"weight":0.0,"played":[0.7052,0.2948],"evs":[0.0,-0.45208]},"T6o":{"weight":0.0,"played":[0.7627,0.2373],"evs":[0.0,0.72059]},"J6o":{"weight":1.0E-4,"played":[0.3061,0.6939],"evs":[0.0,1.73317]},"Q6o":{"weight":0.0,"played":[0.8793,0.1207],"evs":[0.0,-1.71038]},"K6o":{"weight":0.0,"played":[0.5102,0.4898],"evs":[0.0,-1.00757]},"A6o":{"weight":0.7284,"played":[0.0013,0.9987],"evs":[0.0,5.59141]},"72s":{"weight":0.0,"played":[0.5669,0.4331],"evs":[0.0,-0.13748]},"73s":{"weight":9.0E-4,"played":[0.1244,0.8756],"evs":[0.0,0.54278]},"74s":{"weight":6.0E-4,"played":[0.1888,0.8112],"evs":[0.0,0.28765]},"75s":{"weight":1.0E-4,"played":[0.8365,0.1635],"evs":[0.0,-3.09425]},"76s":{"weight":2.0E-4,"played":[0.3259,0.6741],"evs":[0.0,-0.36263]},"77":{"weight":0.1043,"played":[0.0204,0.9796],"evs":[0.0,5.61858]},"87o":{"weight":8.0E-4,"played":[0.4154,0.5846],"evs":[0.0,0.38208]},"97o":{"weight":0.0,"played":[0.7767,0.2233],"evs":[0.0,-1.8631]},"T7o":{"weight":1.0E-4,"played":[0.5852,0.4148],"evs":[0.0,-0.06565]},"J7o":{"weight":0.0,"played":[0.3487,0.6513],"evs":[0.0,2.68133]},"Q7o":{"weight":1.0E-4,"played":[0.8733,0.1267],"evs":[0.0,0.45999]},"K7o":{"weight":5.0E-4,"played":[0.002,0.998],"evs":[0.0,4.22401]},"A7o":{"weight":0.4461,"played":[0.0027,0.9973],"evs":[0.0,4.01787]},"82s":{"weight":3.0E-4,"played":[0.923,0.077],"evs":[0.0,-3.88996]},"83s":{"weight":3.0E-4,"played":[0.3297,0.6703],"evs":[0.0,-0.17594]},"84s":{"weight":2.0E-4,"played":[0.9376,0.0624],"evs":[0.0,-3.22666]},"85s":{"weight":0.0017,"played":[0.4921,0.5079],"evs":[0.0,4.37401]},"86s":{"weight":0.0059,"played":[0.5137,0.4863],"evs":[0.0,-1.01493]},"87s":{"weight":5.0E-4,"played":[0.3826,0.6174],"evs":[0.0,-0.78794]},"88":{"weight":0.2758,"played":[0.0462,0.9538],"evs":[0.0,4.92701]},"98o":{"weight":0.0,"played":[0.1186,0.8814],"evs":[0.0,0.66784]},"T8o":{"weight":0.0,"played":[0.714,0.286],"evs":[0.0,-2.4844]},"J8o":{"weight":0.0156,"played":[0.1815,0.8185],"evs":[0.0,1.68231]},"Q8o":{"weight":0.0073,"played":[0.2774,0.7226],"evs":[0.0,0.36323]},"K8o":{"weight":0.0022,"played":[0.4228,0.5772],"evs":[0.0,-1.33311]},"A8o":{"weight":0.4049,"played":[0.0223,0.9777],"evs":[0.0,2.34305]},"92s":{"weight":9.0E-4,"played":[0.9147,0.0853],"evs":[0.0,-2.43134]},"93s":{"weight":0.0,"played":[0.1192,0.8808],"evs":[0.0,3.79763]},"94s":{"weight":0.0,"played":[0.4551,0.5449],"evs":[0.0,1.34649]},"95s":{"weight":0.0148,"played":[0.3536,0.6464],"evs":[0.0,1.14258]},"96s":{"weight":5.0E-4,"played":[0.0213,0.9787],"evs":[0.0,1.58452]},"97s":{"weight":2.0E-4,"played":[0.3649,0.6351],"evs":[0.0,3.39783]},"98s":{"weight":0.0611,"played":[0.5627,0.4373],"evs":[0.0,-2.56276]},"99":{"weight":0.7848,"played":[0.0097,0.9903],"evs":[0.0,4.64922]},"T9o":{"weight":0.0252,"played":[0.0089,0.9911],"evs":[0.0,2.92555]},"J9o":{"weight":1.0E-4,"played":[0.1913,0.8087],"evs":[0.0,3.05195]},"Q9o":{"weight":0.0025,"played":[0.0095,0.9905],"evs":[0.0,2.58691]},"K9o":{"weight":1.0E-4,"played":[0.0224,0.9776],"evs":[0.0,1.59165]},"A9o":{"weight":0.3653,"played":[1.0E-4,0.9999],"evs":[0.0,3.40962]},"T2s":{"weight":1.0E-4,"played":[0.1437,0.8563],"evs":[0.0,-0.62108]},"T3s":{"weight":0.001,"played":[0.1929,0.8071],"evs":[0.0,1.9549]},"T4s":{"weight":1.0E-4,"played":[0.4115,0.5885],"evs":[0.0,-1.93753]},"T5s":{"weight":3.0E-4,"played":[0.2328,0.7672],"evs":[0.0,5.72513]},"T6s":{"weight":0.0012,"played":[0.5438,0.4562],"evs":[0.0,-0.78318]},"T7s":{"weight":7.0E-4,"played":[0.1787,0.8213],"evs":[0.0,2.68239]},"T8s":{"weight":0.0045,"played":[0.2819,0.7181],"evs":[0.0,4.18189]},"T9s":{"weight":0.0691,"played":[0.8685,0.1315],"evs":[0.0,-2.50507]},"TT":{"weight":0.0012,"played":[5.0E-4,0.9995],"evs":[0.0,5.65047]},"JTo":{"weight":0.0283,"played":[0.0447,0.9553],"evs":[0.0,3.92551]},"QTo":{"weight":0.1126,"played":[0.398,0.602],"evs":[0.0,1.30156]},"KTo":{"weight":0.7254,"played":[0.0168,0.9832],"evs":[0.0,3.48953]},"ATo":{"weight":0.0104,"played":[0.0058,0.9942],"evs":[0.0,7.62953]},"J2s":{"weight":1.0E-4,"played":[0.1217,0.8783],"evs":[0.0,3.1751]},"J3s":{"weight":0.0,"played":[0.5003,0.4997],"evs":[0.0,-1.05592]},"J4s":{"weight":2.0E-4,"played":[0.4328,0.5672],"evs":[0.0,1.77066]},"J5s":{"weight":0.0014,"played":[0.4315,0.5685],"evs":[0.0,0.75417]},"J6s":{"weight":1.0E-4,"played":[0.2768,0.7232],"evs":[0.0,1.41537]},"J7s":{"weight":0.031,"played":[0.1724,0.8276],"evs":[0.0,2.96389]},"J8s":{"weight":0.0023,"played":[0.0028,0.9972],"evs":[0.0,3.03272]},"J9s":{"weight":0.0558,"played":[0.2581,0.7419],"evs":[0.0,3.25464]},"JTs":{"weight":0.5177,"played":[0.0143,0.9857],"evs":[0.0,5.96416]},"JJ":{"weight":0.0,"played":[0.0116,0.9884],"evs":[0.0,8.97513]},"QJo":{"weight":0.5606,"played":[0.0074,0.9926],"evs":[0.0,3.46111]},"KJo":{"weight":0.5437,"played":[0.0038,0.9962],"evs":[0.0,4.2308]},"AJo":{"weight":0.0042,"played":[0.0028,0.9972],"evs":[0.0,2.41096]},"Q2s":{"weight":1.0E-4,"played":[0.0103,0.9897],"evs":[0.0,2.63887]},"Q3s":{"weight":0.0,"played":[0.2082,0.7918],"evs":[0.0,-1.23351]},"Q4s":{"weight":0.0021,"played":[0.5317,0.4683],"evs":[0.0,0.31814]},"Q5s":{"weight":0.001,"played":[0.1164,0.8836],"evs":[0.0,1.24813]},"Q6s":{"weight":0.005,"played":[0.6864,0.3136],"evs":[0.0,-0.15113]},"Q7s":{"weight":0.0037,"played":[0.9046,0.0954],"evs":[0.0,-2.82879]},"Q8s":{"weight":0.0117,"played":[0.2931,0.7069],"evs":[0.0,2.62913]},"Q9s":{"weight":0.0338,"played":[0.2109,0.7891],"evs":[0.0,4.54611]},"QTs":{"weight":0.265,"played":[0.0243,0.9757],"evs":[0.0,2.09625]},"QJs":{"weight":0.5533,"played":[0.0231,0.9769],"evs":[0.0,7.91836]},"QQ":{"weight":0.0,"played":[8.0E-4,0.9992],"evs":[0.0,12.73517]},"KQo":{"weight":2.0E-4,"played":[0.1005,0.8995],"evs":[0.0,2.37452]},"AQo":{"weight":0.1629,"played":[0.0361,0.9639],"evs":[0.0,6.37391]},"K2s":{"weight":0.0249,"played":[0.6726,0.3274],"evs":[0.0,-0.58637]},"K3s":{"weight":0.0325,"played":[0.5103,0.4897],"evs":[0.0,-0.90278]},"K4s":{"weight":0.0029,"played":[0.0134,0.9866],"evs":[0.0,1.73229]},"K5s":{"weight":0.0012,"played":[0.3892,0.6108],"evs":[0.0,-0.55841]},"K6s":{"weight":0.6475,"played":[0.0029,0.9971],"evs":[0.0,3.46813]},"K7s":{"weight":0.4233,"played":[0.0073,0.9927],"evs":[0.0,1.3725]},"K8s":{"weight":0.2685,"played":[0.1163,0.8837],"evs":[0.0,3.84142]},"K9s":{"weight":0.0022,"played":[0.6148,0.3852],"evs":[0.0,0.48479]},"KTs":{"weight":0.5155,"played":[0.0388,0.9612],"evs":[0.0,2.38436]},"KJs":{"weight":0.6264,"played":[4.0E-4,0.9996],"evs":[0.0,5.91546]},"KQs":{"weight":0.3079,"played":[0.1168,0.8832],"evs":[0.0,7.2238]},"KK":{"weight":0.001,"played":[2.0E-4,0.9998],"evs":[0.0,12.41945]},"AKo":{"weight":0.0,"played":[0.0017,0.9983],"evs":[0.0,5.20777]},"A2s":{"weight":0.0,"played":[0.5134,0.4866],"evs":[0.0,2.43321]},"A3s":{"weight":0.2873,"played":[0.3974,0.6026],"evs":[0.0,0.66502]},"A4s":{"weight":0.0384,"played":[0.374,0.626],"evs":[0.0,0.24206]},"A5s":{"weight":0.2352,"played":[0.0451,0.9549],"evs":[0.0,1.97147]},"A6s":{"weight":0.1837,"played":[0.0792,0.9208],"evs":[0.0,4.17974]},"A7s":{"weight":0.1653,"played":[0.0022,0.9978],"evs":[0.0,5.34271]},"A8s":{"weight":0.0,"played":[0.0702,0.9298],"evs":[0.0,-0.4573]},"A9s":{"weight":0.0033,"played":[0.0877,0.9123],"evs":[0.0,8.01221]},"ATs":{"weight":0.4069,"played":[0.0083,0.9917],"evs":[0.0,5.7212]},"AJs":{"weight":0.3267,"played":[0.0157,0.9843],"evs":[0.0,11.10809]},"AQs":{"weight":0.0031,"played":[0.0165,0.9835],"evs":[0.0,2.61437]},"AKs":{"weight":0.4587,"played":[0.0059,0.9941],"evs":[0.0,9.0953]},"AA":{"weight":0.0,"played":[1.0E-4,0.9999],"evs":[0.0,21.10544]}}}