{"player":2,"street":0,"children":2,"sequence":[{"player":0,"type":"F","amount":0,"street":0},{"player":1,"type":"F","amount":0,"street":0},{"player":2,"type":"R","amount":200000,"street":0},{"player":3,"type":"C","amount":200000,"street":0},{"player":4,"type":"R","amount":1315000,"street":0},{"player":5,"type":"C","amount":845000,"street":0}],"actions":[{"type":"F","amount":0,"node":63},{"type":"C","amount":1115000,"node":64}],"hands":{"22":{"weight":0.0088,"played":[0.0014,0.9986],"evs":[0.0,0.21476]},"32o":{"weight":0.0,"played":[0.4119,0.5881],"evs":[0.0,2.23451]},"42o":{"weight":0.0,"played":[0.8686,0.1314],"evs":[0.0,-0.74999]},"52o":{"weight":0.0,"played":[0.9129,0.0871],"evs":[0.0,-1.33266]},"62o":{"weight":0.0,"played":[0.7055,0.2945],"evs":[0.0,-0.59259]},"72o":{"weight":0.0,"played":[0.8925,0.1075],"evs":[0.0,-4.79933]},"82o":{"weight":0.0,"played":[0.8804,0.1196],"evs":[0.0,-3.86359]},"92o":{"weight":0.0,"played":[0.1224,0.8776],"evs":[0.0,1.27086]},"T2o":{"weight":0.0,"played":[0.759,0.241],"evs":[0.0,-0.4638]},"J2o":{"weight":0.0,"played":[0.993,0.007],"evs":[0.0,-2.4708]},"Q2o":{"weight":2.0E-4,"played":[0.2083,0.7917],"evs":[0.0,0.65337]},"K2o":{"weight":1.0E-4,"played":[0.587,0.413],"evs":[0.0,0.53704]},"A2o":{"weight":0.0029,"played":[0.0242,0.9758],"evs":[0.0,3.54135]},"32s":{"weight":0.0,"played":[0.2124,0.7876],"evs":[0.0,3.27261]},"33":{"weight":0.0,"played":[0.0958,0.9042],"evs":[0.0,6.56288]},"43o":{"weight":0.0,"played":[0.552,0.448],"evs":[0.0,0.49129]},"53o":{"weight":0.0,"played":[0.3774,0.6226],"evs":[0.0,1.32462]},"63o":{"weight":0.0,"played":[0.8242,0.1758],"evs":[0.0,-1.15734]},"73o":{"weight":0.0,"played":[0.6529,0.3471],"evs":[0.0,-1.28806]},"83o":{"weight":0.0,"played":[0.4557,0.5443],"evs":[0.0,0.17387]},"93o":{"weight":0.0,"played":[0.7889,0.2111],"evs":[0.0,-3.0344]},"T3o":{"weight":0.0,"played":[0.9198,0.0802],"evs":[0.0,-2.4758]},"J3o":{"weight":0.0,"played":[0.84,0.16],"evs":[0.0,-3.27846]},"Q3o":{"weight":1.0E-4,"played":[0.5279,0.4721],"evs":[0.0,0.45921]},"K3o":{"weight":0.0101,"played":[0.2149,0.7851],"evs":[0.0,3.97216]},"A3o":{"weight":0.0094,"played":[8.0E-4,0.9992],"evs":[0.0,3.1778]},"42s":{"weight":0.0,"played":[0.1827,0.8173],"evs":[0.0,0.27593]},"43s":{"weight":1.0E-4,"played":[0.0046,0.9954],"evs":[0.0,8.24762]},"44":{"weight":0.002,"played":[7.0E-4,0.9993],"evs":[0.0,6.38519]},"54o":{"weight":0.0,"played":[0.5003,0.4997],"evs":[0.0,0.92491]},"64o":{"weight":0.0,"played":[0.6858,0.3142],"evs":[0.0,0.0467]},"74o":{"weight":0.0,"played":[0.4478,0.5522],"evs":[0.0,1.20976]},"84o":{"weight":0.0,"played":[0.2274,0.7726],"evs":[0.0,2.33418]},"94o":{"weight":0.0,"played":[0.0051,0.9949],"evs":[0.0,2.12933]},"T4o":{"weight":0.0,"played":[0.7971,0.2029],"evs":[0.0,-1.78738]},"J4o":{"weight":0.0,"played":[0.3375,0.6625],"evs":[0.0,2.65015]},"Q4o":{"weight":1.0E-4,"played":[0.8591,0.1409],"evs":[0.0,-1.65419]},"K4o":{"weight":0.0234,"played":[0.0465,0.9535],"evs":[0.0,2.0617]},"A4o":{"weight":0.0,"played":[0.0324,0.9676],"evs":[0.0,3.53644]},"52s":{"weight":0.0,"played":[0.1674,0.8326],"evs":[0.0,3.5107]},"53s":{"weight":0.0,"played":[0.3341,0.6659],"evs":[0.0,2.61001]},"54s":{"weight":0.2038,"played":[0.6936,0.3064],"evs":[0.0,1.2671]},"55":{"weight":0.0656,"played":[0.0091,0.9909],"evs":[0.0,7.29664]},"65o":{"weight":1.0E-4,"played":[0.645,0.355],"evs":[0.0,2.52848]},"75o":{"weight":1.0E-4,"played":[0.7005,0.2995],"evs":[0.0,-0.19793]},"85o":{"weight":0.0,"played":[0.5687,0.4313],"evs":[0.0,0.85037]},"95o":{"weight":2.0E-4,"played":[0.9935,0.0065],"evs":[0.0,-2.23223]},"T5o":{"weight":0.0,"played":[0.9357,0.0643],"evs":[0.0,-0.18124]},"J5o":{"weight":2.0E-4,"played":[0.6362,0.3638],"evs":[0.0,-1.99948]},"Q5o":{"weight":4.0E-4,"played":[0.9451,0.0549],"evs":[0.0,-2.71149]},"K5o":{"weight":0.0164,"played":[0.9119,0.0881],"evs":[0.0,0.01068]},"A5o":{"weight":0.0587,"played":[0.0072,0.9928],"evs":[0.0,1.55952]},"62s":{"weight":0.0,"played":[0.4461,0.5539],"evs":[0.0,0.42404]},"63s":{"weight":0.0,"played":[0.1791,0.8209],"evs":[0.0,6.84739]},"64s":{"weight":0.0,"played":[0.7478,0.2522],"evs":[0.0,-2.04489]},"65s":{"weight":0.0012,"played":[0.0302,0.9698],"evs":[0.0,7.1056]},"66":{"weight":0.0056,"played":[0.0473,0.9527],"evs":[0.0,8.91707]},"76o":{"weight":0.0,"played":[0.0453,0.9547],"evs":[0.0,-0.23218]},"86o":{"weight":0.0,"played":[0.1699,0.8301],"evs":[0.0,-1.23787]},"96o":{"weight":1.0E-4,"played":[0.1201,0.8799],"evs":[0.0,1.21607]},"T6o":{"weight":1.0E-4,"played":[0.6562,0.3438],"evs":[0.0,-0.24845]},"J6o":{"weight":0.0,"played":[0.4292,0.5708],"evs":[0.0,0.70832]},"Q6o":{"weight":3.0E-4,"played":[0.7838,0.2162],"evs":[0.0,0.24037]},"K6o":{"weight":0.1868,"played":[0.0236,0.9764],"evs":[0.0,0.55799]},"A6o":{"weight":0.0036,"played":[0.1542,0.8458],"evs":[0.0,0.1404]},"72s":{"weight":0.0,"played":[0.1859,0.8141],"evs":[0.0,-0.18383]},"73s":{"weight":0.0,"played":[0.3424,0.6576],"evs":[0.0,3.28145]},"74s":{"weight":0.0,"played":[0.3308,0.6692],"evs":[0.0,1.53414]},"75s":{"weight":0.6606,"played":[0.053,0.947],"evs":[0.0,4.69549]},"76s":{"weight":0.0018,"played":[0.2223,0.7777],"evs":[0.0,5.65566]},"77":{"weight":0.2159,"played":[0.0049,0.9951],"evs":[0.0,4.63386]},"87o":{"weight":0.0,"played":[0.0218,0.9782],"evs":[0.0,4.64224]},"97o":{"weight":1.0E-4,"played":[0.5434,0.4566],"evs":[0.0,-1.17023]},"T7o":{"weight":0.0,"played":[0.861,0.139],"evs":[0.0,-1.08221]},"J7o":{"weight":1.0E-4,"played":[0.2411,0.7589],"evs":[0.0,1.15901]},"Q7o":{"weight":0.0,"played":[0.7531,0.2469],"evs":[0.0,-3.67889]},"K7o":{"weight":0.8421,"played":[1.0E-4,0.9999],"evs":[0.0,4.42066]},"A7o":{"weight":0.0311,"played":[8.0E-4,0.9992],"evs":[0.0,5.30886]},"82s":{"weight":0.0,"played":[0.3942,0.6058],"evs":[0.0,1.27746]},"83s":{"weight":0.0,"played":[0.8886,0.1114],"evs":[0.0,0.99127]},"84s":{"weight":2.0E-4,"played":[0.1602,0.8398],"evs":[0.0,6.39485]},"85s":{"weight":0.0012,"played":[0.4334,0.5666],"evs":[0.0,1.14257]},"86s":{"weight":0.3792,"played":[8.0E-4,0.9992],"evs":[0.0,1.31846]},"87s":{"weight":0.0575,"played":[0.0,1.0],"evs":[0.0,1.9681]},"88":{"weight":0.2033,"played":[0.001,0.999],"evs":[0.0,12.15897]},"98o":{"weight":0.4804,"played":[0.1168,0.8832],"evs":[0.0,-0.29904]},"T8o":{"weight":0.0362,"played":[0.0078,0.9922],"evs":[0.0,4.15686]},"J8o":{"weight":0.0129,"played":[0.004,0.996],"evs":[0.0,6.77327]},"Q8o":{"weight":0.0616,"played":[0.0575,0.9425],"evs":[0.0,1.81283]},"K8o":{"weight":0.0111,"played":[0.8252,0.1748],"evs":[0.0,-0.42705]},"A8o":{"weight":0.0342,"played":[0.0386,0.9614],"evs":[0.0,6.17678]},"92s":{"weight":1.0E-4,"played":[0.167,0.833],"evs":[0.0,4.71343]},"93s":{"weight":1.0E-4,"played":[0.4628,0.5372],"evs":[0.0,2.06678]},"94s":{"weight":0.0,"played":[0.9779,0.0221],"evs":[0.0,-0.21159]},"95s":{"weight":0.0015,"played":[0.4213,0.5787],"evs":[0.0,-0.70728]},"96s":{"weight":0.4673,"played":[0.4433,0.5567],"evs":[0.0,2.65333]},"97s":{"weight":0.2074,"played":[0.3124,0.6876],"evs":[0.0,5.7033]},"98s":{"weight":0.0066,"played":[0.0429,0.9571],"evs":[0.0,2.66651]},"99":{"weight":0.1143,"played":[0.0012,0.9988],"evs":[0.0,12.17757]},"T9o":{"weight":0.2907,"played":[0.0116,0.9884],"evs":[0.0,1.81458]},"J9o":{"weight":0.2229,"played":[0.0065,0.9935],"evs":[0.0,4.951]},"Q9o":{"weight":0.2856,"played":[0.0026,0.9974],"evs":[0.0,2.29836]},"K9o":{"weight":0.0105,"played":[0.0,1.0],"evs":[0.0,4.41333]},"A9o":{"weight":0.0241,"played":[8.0E-4,0.9992],"evs":[0.0,2.97734]},"T2s":{"weight":0.0,"played":[0.0459,0.9541],"evs":[0.0,0.47793]},"T3s":{"weight":1.0E-4,"played":[0.0613,0.9387],"evs":[0.0,2.31365]},"T4s":{"weight":0.0,"played":[0.9541,0.0459],"evs":[0.0,-2.93487]},"T5s":{"weight":0.0051,"played":[0.0367,0.9633],"evs":[0.0,5.87669]},"T6s":{"weight":0.2266,"played":[0.0355,0.9645],"evs":[0.0,7.73464]},"T7s":{"weight":0.7284,"played":[0.1099,0.8901],"evs":[0.0,6.78736]},"T8s":{"weight":0.0019,"played":[0.0054,0.9946],"evs":[0.0,3.23494]},"T9s":{"weight":0.0357,"played":[0.084,0.916],"evs":[0.0,5.01738]},"TT":{"weight":0.4619,"played":[0.0,1.0],"evs":[0.0,14.88741]},"JTo":{"weight":0.5852,"played":[0.0013,0.9987],"evs":[0.0,1.2975]},"QTo":{"weight":0.042,"played":[0.0348,0.9652],"evs":[0.0,4.63265]},"KTo":{"weight":0.0129,"played":[0.5148,0.4852],"evs":[0.0,-0.72643]},"ATo":{"weight":0.0207,"played":[2.0E-4,0.9998],"evs":[0.0,7.94883]},"J2s":{"weight":0.0026,"played":[0.6149,0.3851],"evs":[0.0,-2.14743]},"J3s":{"weight":0.0031,"played":[0.0359,0.9641],"evs":[0.0,5.93735]},"J4s":{"weight":0.0,"played":[0.0395,0.9605],"evs":[0.0,3.27682]},"J5s":{"weight":0.8894,"played":[0.0057,0.9943],"evs":[0.0,4.51392]},"J6s":{"weight":0.1332,"played":[0.1242,0.8758],"evs":[0.0,1.70156]},"J7s":{"weight":0.9089,"played":[0.1169,0.8831],"evs":[0.0,2.54777]},"J8s":{"weight":0.124,"played":[0.0114,0.9886],"evs":[0.0,4.88919]},"J9s":{"weight":0.3773,"played":[0.0094,0.9906],"evs":[0.0,3.62091]},"JTs":{"weight":0.6365,"played":[0.0046,0.9954],"evs":[0.0,5.67347]},"JJ":{"weight":0.3984,"played":[0.0017,0.9983],"evs":[0.0,16.0679]},"QJo":{"weight":0.0326,"played":[0.107,0.893],"evs":[0.0,1.24987]},"KJo":{"weight":0.1359,"played":[0.0013,0.9987],"evs":[0.0,4.63743]},"AJo":{"weight":0.0609,"played":[0.0,1.0],"evs":[0.0,13.81027]},"Q2s":{"weight":0.0088,"played":[0.2036,0.7964],"evs":[0.0,5.95514]},"Q3s":{"weight":0.0386,"played":[0.1451,0.8549],"evs":[0.0,4.17806]},"Q4s":{"weight":0.1713,"played":[0.004,0.996],"evs":[0.0,5.77023]},"Q5s":{"weight":0.2709,"played":[0.731,0.269],"evs":[0.0,0.18698]},"Q6s":{"weight":0.0875,"played":[0.3088,0.6912],"evs":[0.0,-1.22113]},"Q7s":{"weight":0.3122,"played":[0.0102,0.9898],"evs":[0.0,9.18229]},"Q8s":{"weight":0.1059,"played":[0.2684,0.7316],"evs":[0.0,0.6187]},"Q9s":{"weight":0.0485,"played":[0.0069,0.9931],"evs":[0.0,4.93652]},"QTs":{"weight":0.118,"played":[0.0019,0.9981],"evs":[0.0,6.68043]},"QJs":{"weight":0.0672,"played":[2.0E-4,0.9998],"evs":[0.0,11.65241]},"QQ":{"weight":0.9145,"played":[0.0012,0.9988],"evs":[0.0,16.73435]},"KQo":{"weight":0.0611,"played":[5.0E-4,0.9995],"evs":[0.0,5.30565]},"AQo":{"weight":0.0031,"played":[6.0E-4,0.9994],"evs":[0.0,11.89886]},"K2s":{"weight":0.0066,"played":[0.0087,0.9913],"evs":[0.0,4.52738]},"K3s":{"weight":0.3666,"played":[0.2916,0.7084],"evs":[0.0,-0.84991]},"K4s":{"weight":0.0197,"played":[0.2055,0.7945],"evs":[0.0,0.19806]},"K5s":{"weight":0.0045,"played":[0.9982,0.0018],"evs":[0.0,-5.51291]},"K6s":{"weight":4.0E-4,"played":[0.1504,0.8496],"evs":[0.0,3.08199]},"K7s":{"weight":0.0035,"played":[0.015,0.985],"evs":[0.0,1.5173]},"K8s":{"weight":0.1828,"played":[0.0255,0.9745],"evs":[0.0,5.91627]},"K9s":{"weight":0.0446,"played":[0.028,0.972],"evs":[0.0,5.59472]},"KTs":{"weight":0.0058,"played":[0.0113,0.9887],"evs":[0.0,4.99447]},"KJs":{"weight":0.2289,"played":[0.0024,0.9976],"evs":[0.0,16.29204]},"KQs":{"weight":0.2268,"played":[0.0014,0.9986],"evs":[0.0,8.36108]},"KK":{"weight":0.8568,"played":[2.0E-4,0.9998],"evs":[0.0,19.71887]},"AKo":{"weight":0.512,"played":[0.0011,0.9989],"evs":[0.0,13.74812]},"A2s":{"weight":0.0,"played":[0.003,0.997],"evs":[0.0,10.29132]},"A3s":{"weight":9.0E-4,"played":[0.001,0.999],"evs":[0.0,3.2449]},"A4s":{"weight":0.1415,"played":[0.0936,0.9064],"evs":[0.0,7.98611]},"A5s":{"weight":0.0012,"played":[0.0314,0.9686],"evs":[0.0,7.62247]},"A6s":{"weight":0.0555,"played":[0.1485,0.8515],"evs":[0.0,8.22592]},"A7s":{"weight":0.0193,"played":[0.0891,0.9109],"evs":[0.0,5.40236]},"A8s":{"weight":3.0E-4,"played":[0.0698,0.9302],"evs":[0.0,12.12845]},"A9s":{"weight":0.121,"played":[0.003,0.997],"evs":[0.0,6.61862]},"ATs":{"weight":0.9387,"played":[0.004,0.996],"evs":[0.0,4.10224]},"AJs":{"weight":0.01,"played":[0.0029,0.9971],"evs":[0.0,12.35356]},"AQs":{"weight":0.1487,"played":[8.0E-4,0.9992],"evs":[0.0,9.2158]},"AKs":{"weight":0.6523,"played":[0.0036,0.9964],"evs":[0.0,9.41065]},"AA":{"weight":0.9967,"played":[1.0E-4,0.9999],"evs":[0.0,30.0628]}}}