{"player":5,"street":0,"children":2,"sequence":[{"player":0,"type":"F","amount":0,"street":0},{"player":1,"type":"F","amount":0,"street":0},{"player":2,"type":"F","amount":0,"street":0},{"player":3,"type":"F","amount":0,"street":0},{"player":4,"type":"C","amount":50000,"street":0},{"player":5,"type":"R","amount":300000,"street":0},{"player":4,"type":"R","amount":945000,"street":0}],"actions":[{"type":"F","amount":0},{"type":"C","amount":645000}],"hands":{"22":{"weight":0.0046,"played":[2.0E-4,0.9998],"evs":[0.0,1.44308]},"32o":{"weight":0.2214,"played":[0.9905,0.0095],"evs":[0.0,-1.64462]},"42o":{"weight":0.3725,"played":[0.9981,0.0019],"evs":[0.0,-2.3832]},"52o":{"weight":0.0051,"played":[0.9874,0.0126],"evs":[0.0,-1.60332]},"62o":{"weight":0.3032,"played":[0.9956,0.0044],"evs":[0.0,-2.08075]},"72o":{"weight":0.1795,"played":[0.9978,0.0022],"evs":[0.0,-1.81254]},"82o":{"weight":0.6214,"played":[0.9983,0.0017],"evs":[0.0,-2.08593]},"92o":{"weight":1.0E-4,"played":[0.9207,0.0793],"evs":[0.0,-1.46533]},"T2o":{"weight":0.1673,"played":[0.7691,0.2309],"evs":[0.0,-1.4449]},"J2o":{"weight":0.0162,"played":[0.4046,0.5954],"evs":[0.0,-0.37821]},"Q2o":{"weight":0.0026,"played":[0.7475,0.2525],"evs":[0.0,-0.57893]},"K2o":{"weight":0.0402,"played":[0.0038,0.9962],"evs":[0.0,1.56883]},"A2o":{"weight":1.0E-4,"played":[2.0E-4,0.9998],"evs":[0.0,2.68138]},"32s":{"weight":0.1094,"played":[1.0,0.0],"evs":[0.0,-2.21484]},"33":{"weight":0.0502,"played":[1.0E-4,0.9999],"evs":[0.0,1.77708]},"43o":{"weight":5.0E-4,"played":[0.9705,0.0295],"evs":[0.0,-1.5519]},"53o":{"weight":7.0E-4,"played":[0.8589,0.1411],"evs":[0.0,-0.42215]},"63o":{"weight":0.0776,"played":[0.9673,0.0327],"evs":[0.0,-1.90324]},"73o":{"weight":2.0E-4,"played":[0.9981,0.0019],"evs":[0.0,-1.81172]},"83o":{"weight":0.0044,"played":[0.9991,9.0E-4],"evs":[0.0,-2.70107]},"93o":{"weight":0.0723,"played":[0.9828,0.0172],"evs":[0.0,-1.6747]},"T3o":{"weight":0.1735,"played":[0.9881,0.0119],"evs":[0.0,-1.40915]},"J3o":{"weight":5.0E-4,"played":[0.4182,0.5818],"evs":[0.0,-0.50954]},"Q3o":{"weight":0.0069,"played":[0.1306,0.8694],"evs":[0.0,0.54547]},"K3o":{"weight":0.6454,"played":[1.0E-4,0.9999],"evs":[0.0,1.9025]},"A3o":{"weight":0.2551,"played":[1.0E-4,0.9999],"evs":[0.0,3.41062]},"42s":{"weight":0.0032,"played":[0.4331,0.5669],"evs":[0.0,-0.18812]},"43s":{"weight":0.0017,"played":[0.9118,0.0882],"evs":[0.0,0.01248]},"44":{"weight":1.0E-4,"played":[0.0066,0.9934],"evs":[0.0,1.38304]},"54o":{"weight":0.0042,"played":[0.9482,0.0518],"evs":[0.0,-1.73123]},"64o":{"weight":0.0,"played":[0.9043,0.0957],"evs":[0.0,-1.39758]},"74o":{"weight":0.0698,"played":[0.9966,0.0034],"evs":[0.0,-2.36036]},"84o":{"weight":0.0225,"played":[0.9979,0.0021],"evs":[0.0,-1.77129]},"94o":{"weight":1.0E-4,"played":[0.9829,0.0171],"evs":[0.0,-1.12149]},"T4o":{"weight":2.0E-4,"played":[0.9184,0.0816],"evs":[0.0,-1.60849]},"J4o":{"weight":0.0061,"played":[0.2673,0.7327],"evs":[0.0,0.21328]},"Q4o":{"weight":0.0141,"played":[0.1054,0.8946],"evs":[0.0,0.14207]},"K4o":{"weight":0.0317,"played":[9.0E-4,0.9991],"evs":[0.0,1.94806]},"A4o":{"weight":0.1066,"played":[4.0E-4,0.9996],"evs":[0.0,2.46111]},"52s":{"weight":5.0E-4,"played":[0.3468,0.6532],"evs":[0.0,0.04992]},"53s":{"weight":9.0E-4,"played":[0.2969,0.7031],"evs":[0.0,0.17769]},"54s":{"weight":0.015,"played":[0.6117,0.3883],"evs":[0.0,-1.4287]},"55":{"weight":0.7492,"played":[6.0E-4,0.9994],"evs":[0.0,0.82917]},"65o":{"weight":0.3965,"played":[0.9787,0.0213],"evs":[0.0,-1.7923]},"75o":{"weight":0.2163,"played":[0.8705,0.1295],"evs":[0.0,-1.3491]},"85o":{"weight":0.0431,"played":[0.9862,0.0138],"evs":[0.0,-1.52802]},"95o":{"weight":0.087,"played":[0.6231,0.3769],"evs":[0.0,-0.19938]},"T5o":{"weight":0.0103,"played":[0.9904,0.0096],"evs":[0.0,-1.59936]},"J5o":{"weight":0.154,"played":[0.7298,0.2702],"evs":[0.0,0.07267]},"Q5o":{"weight":0.1109,"played":[0.546,0.454],"evs":[0.0,-0.72636]},"K5o":{"weight":0.1099,"played":[0.0,1.0],"evs":[0.0,1.25823]},"A5o":{"weight":0.25,"played":[7.0E-4,0.9993],"evs":[0.0,3.36005]},"62s":{"weight":0.0028,"played":[0.7984,0.2016],"evs":[0.0,-1.06411]},"63s":{"weight":0.066,"played":[0.7457,0.2543],"evs":[0.0,-0.89708]},"64s":{"weight":0.343,"played":[0.9838,0.0162],"evs":[0.0,-0.58149]},"65s":{"weight":0.0583,"played":[0.4143,0.5857],"evs":[0.0,0.97916]},"66":{"weight":0.6056,"played":[2.0E-4,0.9998],"evs":[0.0,1.80081]},"76o":{"weight":0.0166,"played":[0.9846,0.0154],"evs":[0.0,-0.53787]},"86o":{"weight":0.0024,"played":[0.69,0.31],"evs":[0.0,-0.72911]},"96o":{"weight":3.0E-4,"played":[0.9649,0.0351],"evs":[0.0,-1.24883]},"T6o":{"weight":0.0582,"played":[0.8959,0.1041],"evs":[0.0,-0.67499]},"J6o":{"weight":0.1077,"played":[0.6681,0.3319],"evs":[0.0,-0.93503]},"Q6o":{"weight":0.1131,"played":[0.3811,0.6189],"evs":[0.0,-0.09983]},"K6o":{"weight":0.3692,"played":[0.0,1.0],"evs":[0.0,1.69337]},"A6o":{"weight":0.4398,"played":[0.0,1.0],"evs":[0.0,3.26497]},"72s":{"weight":2.0E-4,"played":[0.9984,0.0016],"evs":[0.0,-1.33299]},"73s":{"weight":0.0,"played":[0.8104,0.1896],"evs":[0.0,-1.73671]},"74s":{"weight":0.1391,"played":[0.2799,0.7201],"evs":[0.0,-0.43822]},"75s":{"weight":0.0029,"played":[0.2594,0.7406],"evs":[0.0,0.54945]},"76s":{"weight":0.2947,"played":[0.7488,0.2512],"evs":[0.0,-0.52823]},"77":{"weight":0.7277,"played":[1.0E-4,0.9999],"evs":[0.0,2.7339]},"87o":{"weight":0.0,"played":[0.1972,0.8028],"evs":[0.0,0.37421]},"97o":{"weight":0.1726,"played":[0.6717,0.3283],"evs":[0.0,-0.77164]},"T7o":{"weight":0.1905,"played":[0.8853,0.1147],"evs":[0.0,0.04075]},"J7o":{"weight":0.1137,"played":[0.4626,0.5374],"evs":[0.0,-0.57699]},"Q7o":{"weight":0.4212,"played":[4.0E-4,0.9996],"evs":[0.0,0.77282]},"K7o":{"weight":0.2403,"played":[2.0E-4,0.9998],"evs":[0.0,1.84235]},"A7o":{"weight":0.1817,"played":[0.0,1.0],"evs":[0.0,2.90327]},"82s":{"weight":0.1708,"played":[0.9502,0.0498],"evs":[0.0,-2.22423]},"83s":{"weight":0.6646,"played":[0.854,0.146],"evs":[0.0,-1.11122]},"84s":{"weight":0.1797,"played":[0.9148,0.0852],"evs":[0.0,-0.95828]},"85s":{"weight":2.0E-4,"played":[0.2886,0.7114],"evs":[0.0,0.13355]},"86s":{"weight":4.0E-4,"played":[0.0088,0.9912],"evs":[0.0,1.32742]},"87s":{"weight":0.0183,"played":[0.1065,0.8935],"evs":[0.0,0.65427]},"88":{"weight":0.8414,"played":[1.0E-4,0.9999],"evs":[0.0,2.39963]},"98o":{"weight":0.0,"played":[0.4816,0.5184],"evs":[0.0,-0.28183]},"T8o":{"weight":0.0026,"played":[0.308,0.692],"evs":[0.0,0.54244]},"J8o":{"weight":0.0025,"played":[0.5178,0.4822],"evs":[0.0,0.89276]},"Q8o":{"weight":0.0886,"played":[0.0,1.0],"evs":[0.0,0.55019]},"K8o":{"weight":0.1702,"played":[3.0E-4,0.9997],"evs":[0.0,2.15528]},"A8o":{"weight":0.8095,"played":[0.0,1.0],"evs":[0.0,3.09203]},"92s":{"weight":0.0889,"played":[0.1681,0.8319],"evs":[0.0,0.40562]},"93s":{"weight":0.0197,"played":[0.4042,0.5958],"evs":[0.0,-1.05544]},"94s":{"weight":0.0,"played":[0.9863,0.0137],"evs":[0.0,-1.29254]},"95s":{"weight":0.086,"played":[0.4874,0.5126],"evs":[0.0,-0.42892]},"96s":{"weight":0.1607,"played":[0.8489,0.1511],"evs":[0.0,-1.16596]},"97s":{"weight":0.7058,"played":[0.3426,0.6574],"evs":[0.0,-0.8764]},"98s":{"weight":0.7188,"played":[0.308,0.692],"evs":[0.0,0.63344]},"99":{"weight":0.7651,"played":[1.0E-4,0.9999],"evs":[0.0,6.07678]},"T9o":{"weight":0.1029,"played":[1.0E-4,0.9999],"evs":[0.0,1.71552]},"J9o":{"weight":0.0758,"played":[0.0,1.0],"evs":[0.0,1.24055]},"Q9o":{"weight":0.4796,"played":[1.0E-4,0.9999],"evs":[0.0,0.99652]},"K9o":{"weight":0.9899,"played":[1.0E-4,0.9999],"evs":[0.0,2.54053]},"A9o":{"weight":0.5269,"played":[1.0E-4,0.9999],"evs":[0.0,3.61477]},"T2s":{"weight":0.0059,"played":[0.3417,0.6583],"evs":[0.0,-0.4265]},"T3s":{"weight":0.2156,"played":[0.1622,0.8378],"evs":[0.0,0.43163]},"T4s":{"weight":4.0E-4,"played":[0.0219,0.9781],"evs":[0.0,0.97671]},"T5s":{"weight":0.0011,"played":[0.5697,0.4303],"evs":[0.0,0.27324]},"T6s":{"weight":0.0058,"played":[0.2575,0.7425],"evs":[0.0,0.64779]},"T7s":{"weight":0.3447,"played":[0.0926,0.9074],"evs":[0.0,0.78603]},"T8s":{"weight":0.2728,"played":[0.4528,0.5472],"evs":[0.0,-0.25558]},"T9s":{"weight":0.2509,"played":[0.4336,0.5664],"evs":[0.0,0.79471]},"TT":{"weight":0.3863,"played":[0.0,1.0],"evs":[0.0,8.07404]},"JTo":{"weight":0.0038,"played":[0.0527,0.9473],"evs":[0.0,1.99308]},"QTo":{"weight":0.9372,"played":[0.0016,0.9984],"evs":[0.0,2.7138]},"KTo":{"weight":0.2007,"played":[0.0,1.0],"evs":[0.0,3.76935]},"ATo":{"weight":0.6358,"played":[0.0,1.0],"evs":[0.0,4.32292]},"J2s":{"weight":0.4707,"played":[0.9736,0.0264],"evs":[0.0,-2.22699]},"J3s":{"weight":0.2884,"played":[0.9857,0.0143],"evs":[0.0,-0.9649]},"J4s":{"weight":0.8703,"played":[0.0,1.0],"evs":[0.0,0.65843]},"J5s":{"weight":0.0311,"played":[0.9269,0.0731],"evs":[0.0,-1.3441]},"J6s":{"weight":0.0897,"played":[7.0E-4,0.9993],"evs":[0.0,1.53507]},"J7s":{"weight":0.317,"played":[0.0,1.0],"evs":[0.0,1.97679]},"J8s":{"weight":0.6111,"played":[0.6687,0.3313],"evs":[0.0,-0.31021]},"J9s":{"weight":0.4529,"played":[0.0072,0.9928],"evs":[0.0,2.3144]},"JTs":{"weight":0.9622,"played":[0.0027,0.9973],"evs":[0.0,2.66623]},"JJ":{"weight":0.0433,"played":[0.0,1.0],"evs":[0.0,7.30845]},"QJo":{"weight":0.6991,"played":[0.0,1.0],"evs":[0.0,2.11146]},"KJo":{"weight":0.844,"played":[0.0,1.0],"evs":[0.0,3.22669]},"AJo":{"weight":0.9104,"played":[1.0E-4,0.9999],"evs":[0.0,4.54346]},"Q2s":{"weight":0.1486,"played":[0.3583,0.6417],"evs":[0.0,-0.28917]},"Q3s":{"weight":0.4777,"played":[0.0036,0.9964],"evs":[0.0,1.86581]},"Q4s":{"weight":0.2342,"played":[0.0,1.0],"evs":[0.0,0.47689]},"Q5s":{"weight":0.6157,"played":[8.0E-4,0.9992],"evs":[0.0,0.82025]},"Q6s":{"weight":0.1877,"played":[0.0138,0.9862],"evs":[0.0,1.12542]},"Q7s":{"weight":0.2367,"played":[0.0094,0.9906],"evs":[0.0,1.70409]},"Q8s":{"weight":0.339,"played":[0.0044,0.9956],"evs":[0.0,1.13597]},"Q9s":{"weight":0.6856,"played":[0.0,1.0],"evs":[0.0,2.52447]},"QTs":{"weight":0.5696,"played":[2.0E-4,0.9998],"evs":[0.0,4.00454]},"QJs":{"weight":0.7634,"played":[0.0,1.0],"evs":[0.0,3.38685]},"QQ":{"weight":0.0258,"played":[0.0,1.0],"evs":[0.0,9.41649]},"KQo":{"weight":0.2708,"played":[0.0,1.0],"evs":[0.0,4.84708]},"AQo":{"weight":0.3983,"played":[0.0,1.0],"evs":[0.0,5.44966]},"K2s":{"weight":0.0204,"played":[0.0021,0.9979],"evs":[0.0,1.16089]},"K3s":{"weight":0.5682,"played":[0.0035,0.9965],"evs":[0.0,1.62152]},"K4s":{"weight":0.2987,"played":[0.0121,0.9879],"evs":[0.0,1.82531]},"K5s":{"weight":0.8365,"played":[0.0,1.0],"evs":[0.0,1.88576]},"K6s":{"weight":0.5442,"played":[0.0,1.0],"evs":[0.0,2.70854]},"K7s":{"weight":0.2065,"played":[0.0101,0.9899],"evs":[0.0,1.85515]},"K8s":{"weight":0.0993,"played":[0.0,1.0],"evs":[0.0,1.20192]},"K9s":{"weight":0.8539,"played":[0.0048,0.9952],"evs":[0.0,3.31487]},"KTs":{"weight":0.3365,"played":[1.0E-4,0.9999],"evs":[0.0,3.04722]},"KJs":{"weight":0.2873,"played":[2.0E-4,0.9998],"evs":[0.0,4.15543]},"KQs":{"weight":0.0105,"played":[1.0E-4,0.9999],"evs":[0.0,4.7235]},"KK":{"weight":0.0361,"played":[0.0,1.0],"evs":[0.0,11.23952]},"AKo":{"weight":0.8634,"played":[0.0,1.0],"evs":[0.0,5.72933]},"A2s":{"weight":0.0893,"played":[0.0079,0.9921],"evs":[0.0,2.78618]},"A3s":{"weight":0.0932,"played":[0.0034,0.9966],"evs":[0.0,2.48043]},"A4s":{"weight":0.9741,"played":[0.0,1.0],"evs":[0.0,3.92095]},"A5s":{"weight":0.2197,"played":[3.0E-4,0.9997],"evs":[0.0,2.50806]},"A6s":{"weight":0.5668,"played":[0.0,1.0],"evs":[0.0,4.0244]},"A7s":{"weight":0.3616,"played":[0.0,1.0],"evs":[0.0,4.70855]},"A8s":{"weight":0.2188,"played":[0.0,1.0],"evs":[0.0,4.47347]},"A9s":{"weight":0.4949,"played":[0.0,1.0],"evs":[0.0,5.32694]},"ATs":{"weight":0.9491,"played":[2.0E-4,0.9998],"evs":[0.0,5.24334]},"AJs":{"weight":0.9262,"played":[0.0,1.0],"evs":[0.0,5.46114]},"AQs":{"weight":0.6483,"played":[0.0,1.0],"evs":[0.0,5.9426]},"AKs":{"weight":0.2571,"played":[0.0,1.0],"evs":[0.0,6.90656]},"AA":{"weight":0.1136,"played":[0.0,1.0],"evs":[0.0,12.10872]}}}