{"player":1,"street":0,"children":2,"sequence":[{"player":0,"type":"F","amount":0,"street":0},{"player":1,"type":"R","amount":200000,"street":0},{"player":2,"type":"F","amount":0,"street":0},{"player":3,"type":"F","amount":0,"street":0},{"player":4,"type":"F","amount":0,"street":0},{"player":5,"type":"R","amount":945000,"street":0}],"actions":[{"type":"F","amount":0},{"type":"C","amount":745000}],"hands":{"22":{"weight":0.1057,"played":[0.0021,0.9979],"evs":[0.0,2.38225]},"32o":{"weight":0.0,"played":[0.9999,1.0E-4],"evs":[0.0,-1.70726]},"42o":{"weight":0.0,"played":[0.9936,0.0064],"evs":[0.0,-1.59988]},"52o":{"weight":0.0,"played":[0.9993,7.0E-4],"evs":[0.0,-1.5664]},"62o":{"weight":0.0,"played":[0.9995,5.0E-4],"evs":[0.0,-1.56358]},"72o":{"weight":0.0,"played":[1.0,0.0],"evs":[0.0,-2.21839]},"82o":{"weight":0.0,"played":[0.9984,0.0016],"evs":[0.0,-1.73916]},"92o":{"weight":0.0,"played":[0.9965,0.0035],"evs":[0.0,-1.48999]},"T2o":{"weight":0.0,"played":[0.9992,8.0E-4],"evs":[0.0,-1.29315]},"J2o":{"weight":0.0,"played":[0.9904,0.0096],"evs":[0.0,-1.01143]},"Q2o":{"weight":0.0,"played":[0.9784,0.0216],"evs":[0.0,-1.37148]},"K2o":{"weight":1.0E-4,"played":[0.9784,0.0216],"evs":[0.0,-0.75898]},"A2o":{"weight":0.0936,"played":[0.848,0.152],"evs":[0.0,-0.07473]},"32s":{"weight":0.0,"played":[0.9389,0.0611],"evs":[0.0,-1.17085]},"33":{"weight":0.0445,"played":[3.0E-4,0.9997],"evs":[0.0,3.05784]},"43o":{"weight":0.0,"played":[0.9939,0.0061],"evs":[0.0,-0.98069]},"53o":{"weight":0.0,"played":[0.9992,8.0E-4],"evs":[0.0,-1.00839]},"63o":{"weight":0.0,"played":[0.9994,6.0E-4],"evs":[0.0,-1.46307]},"73o":{"weight":0.0,"played":[0.9939,0.0061],"evs":[0.0,-1.66698]},"83o":{"weight":0.0,"played":[0.9947,0.0053],"evs":[0.0,-1.89673]},"93o":{"weight":0.0,"played":[0.9983,0.0017],"evs":[0.0,-1.79389]},"T3o":{"weight":0.0,"played":[0.9868,0.0132],"evs":[0.0,-1.83854]},"J3o":{"weight":0.0,"played":[0.9985,0.0015],"evs":[0.0,-1.12309]},"Q3o":{"weight":0.0,"played":[0.9824,0.0176],"evs":[0.0,-0.81743]},"K3o":{"weight":0.0,"played":[0.7573,0.2427],"evs":[0.0,-0.1138]},"A3o":{"weight":0.9968,"played":[0.1014,0.8986],"evs":[0.0,-0.12324]},"42s":{"weight":0.0,"played":[0.7527,0.2473],"evs":[0.0,-0.19749]},"43s":{"weight":0.0,"played":[0.3726,0.6274],"evs":[0.0,-0.00994]},"44":{"weight":0.0068,"played":[3.0E-4,0.9997],"evs":[0.0,2.95869]},"54o":{"weight":0.0,"played":[0.9792,0.0208],"evs":[0.0,-0.67307]},"64o":{"weight":0.0,"played":[0.9972,0.0028],"evs":[0.0,-1.41145]},"74o":{"weight":0.0,"played":[0.9805,0.0195],"evs":[0.0,-0.77319]},"84o":{"weight":0.0,"played":[0.9993,7.0E-4],"evs":[0.0,-0.87722]},"94o":{"weight":0.0,"played":[0.9994,6.0E-4],"evs":[0.0,-1.28203]},"T4o":{"weight":0.0,"played":[0.9883,0.0117],"evs":[0.0,-0.72338]},"J4o":{"weight":0.0,"played":[0.9941,0.0059],"evs":[0.0,-1.0242]},"Q4o":{"weight":0.0,"played":[0.9988,0.0012],"evs":[0.0,-0.4626]},"K4o":{"weight":1.0E-4,"played":[0.9776,0.0224],"evs":[0.0,-0.69651]},"A4o":{"weight":0.899,"played":[0.0,1.0],"evs":[0.0,0.33565]},"52s":{"weight":0.0,"played":[0.9605,0.0395],"evs":[0.0,-0.5898]},"53s":{"weight":0.0,"played":[0.1197,0.8803],"evs":[0.0,1.07024]},"54s":{"weight":0.0,"played":[0.0306,0.9694],"evs":[0.0,0.90688]},"55":{"weight":0.3371,"played":[0.0,1.0],"evs":[0.0,3.2481]},"65o":{"weight":0.0,"played":[0.9984,0.0016],"evs":[0.0,-0.35064]},"75o":{"weight":0.0,"played":[0.9835,0.0165],"evs":[0.0,-0.52203]},"85o":{"weight":0.0,"played":[0.9968,0.0032],"evs":[0.0,-0.95827]},"95o":{"weight":0.0,"played":[0.9985,0.0015],"evs":[0.0,-1.43432]},"T5o":{"weight":0.0,"played":[0.9968,0.0032],"evs":[0.0,-0.80451]},"J5o":{"weight":0.0,"played":[0.9979,0.0021],"evs":[0.0,-0.75342]},"Q5o":{"weight":0.0,"played":[0.9245,0.0755],"evs":[0.0,-0.55569]},"K5o":{"weight":2.0E-4,"played":[0.7752,0.2248],"evs":[0.0,-0.08042]},"A5o":{"weight":0.9984,"played":[0.0,1.0],"evs":[0.0,0.28927]},"62s":{"weight":0.0,"played":[0.7475,0.2525],"evs":[0.0,-0.55865]},"63s":{"weight":0.0,"played":[0.6854,0.3146],"evs":[0.0,-0.84921]},"64s":{"weight":0.0,"played":[0.6643,0.3357],"evs":[0.0,-0.30056]},"65s":{"weight":0.0,"played":[0.0067,0.9933],"evs":[0.0,0.8738]},"66":{"weight":0.0034,"played":[3.0E-4,0.9997],"evs":[0.0,3.62269]},"76o":{"weight":0.0,"played":[0.9447,0.0553],"evs":[0.0,-0.87865]},"86o":{"weight":0.0,"played":[0.9703,0.0297],"evs":[0.0,-0.65223]},"96o":{"weight":0.0,"played":[0.8743,0.1257],"evs":[0.0,-0.37926]},"T6o":{"weight":0.0,"played":[0.9764,0.0236],"evs":[0.0,-0.39126]},"J6o":{"weight":0.0,"played":[0.9741,0.0259],"evs":[0.0,-0.93993]},"Q6o":{"weight":2.0E-4,"played":[0.8133,0.1867],"evs":[0.0,-0.27765]},"K6o":{"weight":0.002,"played":[0.5843,0.4157],"evs":[0.0,-0.10265]},"A6o":{"weight":0.9897,"played":[0.0,1.0],"evs":[0.0,0.63567]},"72s":{"weight":0.0,"played":[0.9163,0.0837],"evs":[0.0,-0.89047]},"73s":{"weight":0.0,"played":[0.5969,0.4031],"evs":[0.0,-0.46139]},"74s":{"weight":0.0,"played":[0.7368,0.2632],"evs":[0.0,-0.46425]},"75s":{"weight":0.0033,"played":[0.3093,0.6907],"evs":[0.0,-0.09155]},"76s":{"weight":0.0,"played":[0.5625,0.4375],"evs":[0.0,-0.04201]},"77":{"weight":0.4321,"played":[0.0,1.0],"evs":[0.0,4.37006]},"87o":{"weight":0.0,"played":[0.9542,0.0458],"evs":[0.0,-0.37142]},"97o":{"weight":0.0,"played":[0.6578,0.3422],"evs":[0.0,-0.15316]},"T7o":{"weight":0.0,"played":[0.7849,0.2151],"evs":[0.0,-0.22238]},"J7o":{"weight":0.0,"played":[0.6696,0.3304],"evs":[0.0,-0.75791]},"Q7o":{"weight":0.0,"played":[0.8446,0.1554],"evs":[0.0,-0.70354]},"K7o":{"weight":4.0E-4,"played":[0.7787,0.2213],"evs":[0.0,-0.1776]},"A7o":{"weight":0.9496,"played":[0.0,1.0],"evs":[0.0,0.46213]},"82s":{"weight":0.0,"played":[0.8887,0.1113],"evs":[0.0,-0.47353]},"83s":{"weight":1.0E-4,"played":[0.9445,0.0555],"evs":[0.0,-0.69045]},"84s":{"weight":0.0,"played":[0.3533,0.6467],"evs":[0.0,-0.18722]},"85s":{"weight":0.0,"played":[0.3564,0.6436],"evs":[0.0,0.14388]},"86s":{"weight":0.0,"played":[0.3924,0.6076],"evs":[0.0,-0.20825]},"87s":{"weight":0.1887,"played":[0.6529,0.3471],"evs":[0.0,0.00213]},"88":{"weight":0.979,"played":[0.0,1.0],"evs":[0.0,4.85423]},"98o":{"weight":0.0,"played":[0.8557,0.1443],"evs":[0.0,-0.74424]},"T8o":{"weight":1.0E-4,"played":[0.0347,0.9653],"evs":[0.0,-0.0408]},"J8o":{"weight":4.0E-4,"played":[0.0678,0.9322],"evs":[0.0,0.38891]},"Q8o":{"weight":5.0E-4,"played":[0.8936,0.1064],"evs":[0.0,-0.33633]},"K8o":{"weight":0.0032,"played":[0.6523,0.3477],"evs":[0.0,-0.24728]},"A8o":{"weight":0.9885,"played":[0.0,1.0],"evs":[0.0,1.69645]},"92s":{"weight":0.0,"played":[0.9457,0.0543],"evs":[0.0,-0.38891]},"93s":{"weight":0.0,"played":[0.6804,0.3196],"evs":[0.0,0.21598]},"94s":{"weight":0.0,"played":[0.8192,0.1808],"evs":[0.0,-0.55116]},"95s":{"weight":0.0,"played":[0.9831,0.0169],"evs":[0.0,-0.74803]},"96s":{"weight":0.0,"played":[0.7634,0.2366],"evs":[0.0,-0.27544]},"97s":{"weight":0.4823,"played":[0.6295,0.3705],"evs":[0.0,-0.14645]},"98s":{"weight":0.6907,"played":[0.0018,0.9982],"evs":[0.0,1.43499]},"99":{"weight":1.0,"played":[0.0,1.0],"evs":[0.0,6.18849]},"T9o":{"weight":0.096,"played":[0.0,1.0],"evs":[0.0,0.46034]},"J9o":{"weight":1.0E-4,"played":[6.0E-4,0.9994],"evs":[0.0,0.18329]},"Q9o":{"weight":0.0053,"played":[0.0111,0.9889],"evs":[0.0,0.38143]},"K9o":{"weight":0.0803,"played":[0.0,1.0],"evs":[0.0,0.546]},"A9o":{"weight":0.4824,"played":[0.0,1.0],"evs":[0.0,2.4317]},"T2s":{"weight":0.0,"played":[0.7052,0.2948],"evs":[0.0,-0.95006]},"T3s":{"weight":0.0,"played":[0.5343,0.4657],"evs":[0.0,-0.21588]},"T4s":{"weight":1.0E-4,"played":[0.6698,0.3302],"evs":[0.0,-0.68958]},"T5s":{"weight":4.0E-4,"played":[0.8935,0.1065],"evs":[0.0,-0.46218]},"T6s":{"weight":0.0,"played":[0.2492,0.7508],"evs":[0.0,0.71023]},"T7s":{"weight":0.2239,"played":[0.1111,0.8889],"evs":[0.0,0.15229]},"T8s":{"weight":0.9161,"played":[0.0199,0.9801],"evs":[0.0,1.37106]},"T9s":{"weight":0.9676,"played":[0.0086,0.9914],"evs":[0.0,1.36091]},"TT":{"weight":0.9887,"played":[0.0,1.0],"evs":[0.0,7.58616]},"JTo":{"weight":0.9974,"played":[0.0,1.0],"evs":[0.0,1.22072]},"QTo":{"weight":0.9996,"played":[0.0,1.0],"evs":[0.0,0.6788]},"KTo":{"weight":0.5919,"played":[0.0,1.0],"evs":[0.0,0.95943]},"ATo":{"weight":0.2931,"played":[0.0,1.0],"evs":[0.0,4.11763]},"J2s":{"weight":0.0,"played":[0.8966,0.1034],"evs":[0.0,-0.11546]},"J3s":{"weight":2.0E-4,"played":[0.8698,0.1302],"evs":[0.0,-0.93285]},"J4s":{"weight":0.0,"played":[0.6285,0.3715],"evs":[0.0,0.9176]},"J5s":{"weight":0.0,"played":[0.1064,0.8936],"evs":[0.0,1.22147]},"J6s":{"weight":0.0,"played":[0.703,0.297],"evs":[0.0,-0.12449]},"J7s":{"weight":0.0516,"played":[0.6184,0.3816],"evs":[0.0,-0.21376]},"J8s":{"weight":0.9448,"played":[0.0017,0.9983],"evs":[0.0,1.35243]},"J9s":{"weight":0.7794,"played":[0.0397,0.9603],"evs":[0.0,0.87528]},"JTs":{"weight":0.6553,"played":[0.0,1.0],"evs":[0.0,2.07395]},"JJ":{"weight":0.986,"played":[0.0,1.0],"evs":[0.0,7.35062]},"QJo":{"weight":0.9999,"played":[0.0,1.0],"evs":[0.0,0.7684]},"KJo":{"weight":0.9064,"played":[0.0,1.0],"evs":[0.0,1.32222]},"AJo":{"weight":0.2783,"played":[0.0,1.0],"evs":[0.0,5.10516]},"Q2s":{"weight":5.0E-4,"played":[0.3233,0.6767],"evs":[0.0,-0.23117]},"Q3s":{"weight":4.0E-4,"played":[0.0249,0.9751],"evs":[0.0,0.43187]},"Q4s":{"weight":1.0E-4,"played":[0.2789,0.7211],"evs":[0.0,-0.18194]},"Q5s":{"weight":8.0E-4,"played":[0.6936,0.3064],"evs":[0.0,-0.28825]},"Q6s":{"weight":0.1681,"played":[0.0,1.0],"evs":[0.0,0.58908]},"Q7s":{"weight":0.3632,"played":[0.0,1.0],"evs":[0.0,0.90684]},"Q8s":{"weight":0.7283,"played":[0.0052,0.9948],"evs":[0.0,0.80465]},"Q9s":{"weight":0.8398,"played":[8.0E-4,0.9992],"evs":[0.0,1.03744]},"QTs":{"weight":0.4273,"played":[5.0E-4,0.9995],"evs":[0.0,2.21582]},"QJs":{"weight":0.5929,"played":[0.0,1.0],"evs":[0.0,2.04809]},"QQ":{"weight":0.9987,"played":[0.0,1.0],"evs":[0.0,8.42169]},"KQo":{"weight":0.4424,"played":[0.0,1.0],"evs":[0.0,1.6862]},"AQo":{"weight":0.8843,"played":[0.0,1.0],"evs":[0.0,6.52546]},"K2s":{"weight":0.0,"played":[0.0396,0.9604],"evs":[0.0,1.42087]},"K3s":{"weight":1.0E-4,"played":[6.0E-4,0.9994],"evs":[0.0,0.8601]},"K4s":{"weight":0.1182,"played":[6.0E-4,0.9994],"evs":[0.0,0.57439]},"K5s":{"weight":0.4215,"played":[0.0193,0.9807],"evs":[0.0,1.00672]},"K6s":{"weight":0.7818,"played":[0.0195,0.9805],"evs":[0.0,1.00302]},"K7s":{"weight":0.9664,"played":[0.0,1.0],"evs":[0.0,1.01976]},"K8s":{"weight":0.917,"played":[0.0018,0.9982],"evs":[0.0,0.62182]},"K9s":{"weight":0.9963,"played":[0.0,1.0],"evs":[0.0,0.46947]},"KTs":{"weight":0.6747,"played":[4.0E-4,0.9996],"evs":[0.0,1.87473]},"KJs":{"weight":0.7077,"played":[0.0,1.0],"evs":[0.0,1.93443]},"KQs":{"weight":0.9509,"played":[0.0,1.0],"evs":[0.0,2.02181]},"KK":{"weight":0.9973,"played":[0.0,1.0],"evs":[0.0,10.01191]},"AKo":{"weight":0.6674,"played":[0.0,1.0],"evs":[0.0,7.91371]},"A2s":{"weight":0.032,"played":[3.0E-4,0.9997],"evs":[0.0,0.97169]},"A3s":{"weight":0.3108,"played":[0.0,1.0],"evs":[0.0,1.5308]},"A4s":{"weight":0.3017,"played":[0.0,1.0],"evs":[0.0,2.34028]},"A5s":{"weight":0.308,"played":[0.0,1.0],"evs":[0.0,1.45835]},"A6s":{"weight":0.2416,"played":[0.0,1.0],"evs":[0.0,1.03202]},"A7s":{"weight":0.9626,"played":[0.0,1.0],"evs":[0.0,1.96949]},"A8s":{"weight":0.044,"played":[0.0,1.0],"evs":[0.0,1.83616]},"A9s":{"weight":0.678,"played":[0.0,1.0],"evs":[0.0,3.31555]},"ATs":{"weight":0.2658,"played":[0.0,1.0],"evs":[0.0,4.42166]},"AJs":{"weight":0.985,"played":[0.0,1.0],"evs":[0.0,5.31227]},"AQs":{"weight":0.9605,"played":[0.0,1.0],"evs":[0.0,7.12047]},"AKs":{"weight":0.9999,"played":[0.0,1.0],"evs":[0.0,8.52587]},"AA":{"weight":1.0,"played":[0.0,1.0],"evs":[0.0,14.63752]}}}