{"player":4,"street":0,"children":2,"sequence":[{"player":0,"type":"F","amount":0,"street":0},{"player":1,"type":"R","amount":200000,"street":0},{"player":2,"type":"F","amount":0,"street":0},{"player":3,"type":"F","amount":0,"street":0},{"player":4,"type":"C","amount":150000,"street":0},{"player":5,"type":"R","amount":945000,"street":0},{"player":1,"type":"F","amount":0,"street":0}],"actions":[{"type":"F","amount":0},{"type":"C","amount":745000}],"hands":{"22":{"weight":0.1082,"played":[0.0048,0.9952],"evs":[0.0,18.65259]},"32o":{"weight":1.0E-4,"played":[0.5393,0.4607],"evs":[0.0,-0.63831]},"42o":{"weight":0.0,"played":[0.1858,0.8142],"evs":[0.0,1.4852]},"52o":{"weight":0.0,"played":[0.0664,0.9336],"evs":[0.0,0.74933]},"62o":{"weight":0.0,"played":[0.4295,0.5705],"evs":[0.0,-0.27278]},"72o":{"weight":0.0,"played":[0.7662,0.2338],"evs":[0.0,-1.71551]},"82o":{"weight":0.0,"played":[0.9276,0.0724],"evs":[0.0,-8.49312]},"92o":{"weight":0.0,"played":[0.0596,0.9404],"evs":[0.0,6.52058]},"T2o":{"weight":0.0,"played":[0.8336,0.1664],"evs":[0.0,-2.37221]},"J2o":{"weight":0.0,"played":[0.4607,0.5393],"evs":[0.0,-0.22306]},"Q2o":{"weight":0.0,"played":[0.1819,0.8181],"evs":[0.0,5.80005]},"K2o":{"weight":1.0E-4,"played":[1.0E-4,0.9999],"evs":[0.0,-0.86152]},"A2o":{"weight":0.1392,"played":[0.0964,0.9036],"evs":[0.0,3.86688]},"32s":{"weight":5.0E-4,"played":[0.6439,0.3561],"evs":[0.0,-5.85075]},"33":{"weight":0.2194,"played":[0.1529,0.8471],"evs":[0.0,1.69808]},"43o":{"weight":0.0,"played":[0.0166,0.9834],"evs":[0.0,2.88224]},"53o":{"weight":0.0,"played":[0.2667,0.7333],"evs":[0.0,-0.99796]},"63o":{"weight":0.0,"played":[0.0051,0.9949],"evs":[0.0,3.16398]},"73o":{"weight":0.0,"played":[0.9691,0.0309],"evs":[0.0,-0.37789]},"83o":{"weight":0.0,"played":[0.257,0.743],"evs":[0.0,0.97724]},"93o":{"weight":0.0,"played":[0.1135,0.8865],"evs":[0.0,2.55951]},"T3o":{"weight":0.0,"played":[0.4569,0.5431],"evs":[0.0,4.125]},"J3o":{"weight":0.0,"played":[0.7368,0.2632],"evs":[0.0,-1.51502]},"Q3o":{"weight":3.0E-4,"played":[0.6716,0.3284],"evs":[0.0,-5.18309]},"K3o":{"weight":0.0,"played":[0.1505,0.8495],"evs":[0.0,7.56121]},"A3o":{"weight":0.0057,"played":[0.7632,0.2368],"evs":[0.0,0.18475]},"42s":{"weight":2.0E-4,"played":[0.5629,0.4371],"evs":[0.0,-0.53301]},"43s":{"weight":0.0024,"played":[0.9718,0.0282],"evs":[0.0,6.01039]},"44":{"weight":0.5202,"played":[0.0028,0.9972],"evs":[0.0,11.94558]},"54o":{"weight":0.0,"played":[0.0778,0.9222],"evs":[0.0,-0.59026]},"64o":{"weight":0.0,"played":[0.462,0.538],"evs":[0.0,-0.77985]},"74o":{"weight":0.0,"played":[0.5462,0.4538],"evs":[0.0,1.47524]},"84o":{"weight":5.0E-4,"played":[0.0808,0.9192],"evs":[0.0,5.4388]},"94o":{"weight":0.0,"played":[0.9984,0.0016],"evs":[0.0,0.96616]},"T4o":{"weight":0.0,"played":[0.0968,0.9032],"evs":[0.0,0.5442]},"J4o":{"weight":3.0E-4,"played":[0.093,0.907],"evs":[0.0,1.25969]},"Q4o":{"weight":1.0E-4,"played":[0.9369,0.0631],"evs":[0.0,-1.49127]},"K4o":{"weight":0.0,"played":[0.6794,0.3206],"evs":[0.0,0.98498]},"A4o":{"weight":0.3398,"played":[0.1761,0.8239],"evs":[0.0,4.39124]},"52s":{"weight":7.0E-4,"played":[0.3315,0.6685],"evs":[0.0,4.51555]},"53s":{"weight":0.0503,"played":[0.2298,0.7702],"evs":[0.0,10.21519]},"54s":{"weight":0.3695,"played":[0.0942,0.9058],"evs":[0.0,8.99394]},"55":{"weight":0.5827,"played":[0.0964,0.9036],"evs":[0.0,2.20103]},"65o":{"weight":0.0,"played":[0.0023,0.9977],"evs":[0.0,4.92551]},"75o":{"weight":0.0,"played":[0.4643,0.5357],"evs":[0.0,1.67456]},"85o":{"weight":0.0,"played":[0.0827,0.9173],"evs":[0.0,3.37443]},"95o":{"weight":0.0,"played":[0.5311,0.4689],"evs":[0.0,-3.19664]},"T5o":{"weight":0.0,"played":[0.2741,0.7259],"evs":[0.0,-3.13067]},"J5o":{"weight":0.0,"played":[0.4595,0.5405],"evs":[0.0,3.09986]},"Q5o":{"weight":0.0,"played":[0.2131,0.7869],"evs":[0.0,2.89435]},"K5o":{"weight":1.0E-4,"played":[0.0055,0.9945],"evs":[0.0,12.52736]},"A5o":{"weight":0.3288,"played":[0.1356,0.8644],"evs":[0.0,4.28806]},"62s":{"weight":0.0,"played":[0.769,0.231],"evs":[0.0,-9.11521]},"63s":{"weight":0.0436,"played":[0.983,0.017],"evs":[0.0,-9.11521]},"64s":{"weight":0.0519,"played":[0.6072,0.3928],"evs":[0.0,2.5676]},"65s":{"weight":0.0425,"played":[0.7249,0.2751],"evs":[0.0,-0.39687]},"66":{"weight":0.0046,"played":[0.4484,0.5516],"evs":[0.0,-2.1069]},"76o":{"weight":0.0,"played":[0.5794,0.4206],"evs":[0.0,-0.45907]},"86o":{"weight":0.0,"played":[0.1422,0.8578],"evs":[0.0,-0.00162]},"96o":{"weight":0.0,"played":[0.4706,0.5294],"evs":[0.0,-1.14208]},"T6o":{"weight":0.0,"played":[0.4684,0.5316],"evs":[0.0,0.18165]},"J6o":{"weight":1.0E-4,"played":[0.0066,0.9934],"evs":[0.0,0.86945]},"Q6o":{"weight":5.0E-4,"played":[0.5128,0.4872],"evs":[0.0,-2.5202]},"K6o":{"weight":4.0E-4,"played":[0.0014,0.9986],"evs":[0.0,0.6749]},"A6o":{"weight":0.6281,"played":[0.1634,0.8366],"evs":[0.0,-0.9096]},"72s":{"weight":0.008,"played":[0.9587,0.0413],"evs":[0.0,-9.11521]},"73s":{"weight":0.0019,"played":[0.7929,0.2071],"evs":[0.0,4.09347]},"74s":{"weight":2.0E-4,"played":[0.4042,0.5958],"evs":[0.0,-2.37432]},"75s":{"weight":2.0E-4,"played":[0.7196,0.2804],"evs":[0.0,-7.04056]},"76s":{"weight":1.0E-4,"played":[0.3748,0.6252],"evs":[0.0,1.02763]},"77":{"weight":0.2371,"played":[0.1326,0.8674],"evs":[0.0,5.83224]},"87o":{"weight":1.0E-4,"played":[0.0839,0.9161],"evs":[0.0,4.28687]},"97o":{"weight":3.0E-4,"played":[4.0E-4,0.9996],"evs":[0.0,3.05823]},"T7o":{"weight":0.0,"played":[0.2141,0.7859],"evs":[0.0,-0.21439]},"J7o":{"weight":0.0,"played":[0.0189,0.9811],"evs":[0.0,5.52371]},"Q7o":{"weight":7.0E-4,"played":[0.7888,0.2112],"evs":[0.0,-2.3286]},"K7o":{"weight":5.0E-4,"played":[0.5263,0.4737],"evs":[0.0,-0.14561]},"A7o":{"weight":0.5264,"played":[0.0153,0.9847],"evs":[0.0,6.43869]},"82s":{"weight":0.0,"played":[0.0872,0.9128],"evs":[0.0,2.02389]},"83s":{"weight":2.0E-4,"played":[0.7371,0.2629],"evs":[0.0,-7.61501]},"84s":{"weight":6.0E-4,"played":[0.0352,0.9648],"evs":[0.0,1.46379]},"85s":{"weight":0.0012,"played":[0.899,0.101],"evs":[0.0,-9.11521]},"86s":{"weight":0.5423,"played":[0.4519,0.5481],"evs":[0.0,6.52069]},"87s":{"weight":0.0063,"played":[0.9006,0.0994],"evs":[0.0,-9.11521]},"88":{"weight":0.0741,"played":[0.0299,0.9701],"evs":[0.0,-0.11573]},"98o":{"weight":0.0,"played":[0.0039,0.9961],"evs":[0.0,2.72526]},"T8o":{"weight":0.0043,"played":[0.0545,0.9455],"evs":[0.0,4.31907]},"J8o":{"weight":3.0E-4,"played":[0.1716,0.8284],"evs":[0.0,1.48941]},"Q8o":{"weight":0.0,"played":[0.3875,0.6125],"evs":[0.0,1.51734]},"K8o":{"weight":6.0E-4,"played":[0.0186,0.9814],"evs":[0.0,1.32585]},"A8o":{"weight":0.2415,"played":[0.0445,0.9555],"evs":[0.0,3.56943]},"92s":{"weight":0.0017,"played":[0.9363,0.0637],"evs":[0.0,-9.11521]},"93s":{"weight":0.0152,"played":[0.7167,0.2833],"evs":[0.0,0.68988]},"94s":{"weight":0.0322,"played":[0.0673,0.9327],"evs":[0.0,5.04104]},"95s":{"weight":1.0E-4,"played":[0.2216,0.7784],"evs":[0.0,-0.93447]},"96s":{"weight":0.7938,"played":[0.6082,0.3918],"evs":[0.0,5.16975]},"97s":{"weight":0.6209,"played":[0.4455,0.5545],"evs":[0.0,-0.03172]},"98s":{"weight":0.0492,"played":[0.7468,0.2532],"evs":[0.0,-8.76972]},"99":{"weight":0.0,"played":[0.002,0.998],"evs":[0.0,15.30846]},"T9o":{"weight":0.0094,"played":[0.3667,0.6333],"evs":[0.0,0.83299]},"J9o":{"weight":0.0026,"played":[0.4221,0.5779],"evs":[0.0,-2.66247]},"Q9o":{"weight":9.0E-4,"played":[0.7479,0.2521],"evs":[0.0,0.43625]},"K9o":{"weight":0.0964,"played":[0.0106,0.9894],"evs":[0.0,5.09107]},"A9o":{"weight":0.0,"played":[0.7028,0.2972],"evs":[0.0,1.43993]},"T2s":{"weight":2.0E-4,"played":[0.0333,0.9667],"evs":[0.0,4.7887]},"T3s":{"weight":5.0E-4,"played":[0.941,0.059],"evs":[0.0,-8.98878]},"T4s":{"weight":0.0134,"played":[0.8832,0.1168],"evs":[0.0,-9.11521]},"T5s":{"weight":0.0342,"played":[0.9853,0.0147],"evs":[0.0,-5.17182]},"T6s":{"weight":0.0241,"played":[0.2366,0.7634],"evs":[0.0,-2.76294]},"T7s":{"weight":0.3646,"played":[0.3008,0.6992],"evs":[0.0,4.42795]},"T8s":{"weight":0.0092,"played":[0.5153,0.4847],"evs":[0.0,-6.44545]},"T9s":{"weight":0.7883,"played":[0.002,0.998],"evs":[0.0,7.57675]},"TT":{"weight":0.0,"played":[0.049,0.951],"evs":[0.0,15.52015]},"JTo":{"weight":0.2533,"played":[0.0797,0.9203],"evs":[0.0,2.46948]},"QTo":{"weight":0.9652,"played":[0.2432,0.7568],"evs":[0.0,-2.17803]},"KTo":{"weight":0.4494,"played":[0.2646,0.7354],"evs":[0.0,1.46108]},"ATo":{"weight":1.0E-4,"played":[0.0669,0.9331],"evs":[0.0,2.93132]},"J2s":{"weight":0.0013,"played":[0.2748,0.7252],"evs":[0.0,16.75195]},"J3s":{"weight":1.0E-4,"played":[0.0039,0.9961],"evs":[0.0,5.1639]},"J4s":{"weight":0.0,"played":[0.8932,0.1068],"evs":[0.0,-4.36154]},"J5s":{"weight":0.0,"played":[0.6103,0.3897],"evs":[0.0,5.36343]},"J6s":{"weight":7.0E-4,"played":[0.0215,0.9785],"evs":[0.0,8.79561]},"J7s":{"weight":0.0055,"played":[0.0411,0.9589],"evs":[0.0,3.49678]},"J8s":{"weight":0.5172,"played":[0.8046,0.1954],"evs":[0.0,1.47965]},"J9s":{"weight":0.9178,"played":[0.0192,0.9808],"evs":[0.0,-0.56962]},"JTs":{"weight":0.8323,"played":[0.1802,0.8198],"evs":[0.0,13.84543]},"JJ":{"weight":9.0E-4,"played":[0.0064,0.9936],"evs":[0.0,3.41616]},"QJo":{"weight":0.9957,"played":[0.1801,0.8199],"evs":[0.0,0.9721]},"KJo":{"weight":0.1723,"played":[0.0471,0.9529],"evs":[0.0,5.6735]},"AJo":{"weight":0.0,"played":[0.0478,0.9522],"evs":[0.0,12.19612]},"Q2s":{"weight":0.0014,"played":[0.3393,0.6607],"evs":[0.0,0.32735]},"Q3s":{"weight":5.0E-4,"played":[0.1511,0.8489],"evs":[0.0,-4.08084]},"Q4s":{"weight":0.0037,"played":[0.8625,0.1375],"evs":[0.0,3.2403]},"Q5s":{"weight":0.0025,"played":[0.7149,0.2851],"evs":[0.0,-4.74948]},"Q6s":{"weight":0.94,"played":[0.2924,0.7076],"evs":[0.0,2.56733]},"Q7s":{"weight":0.0067,"played":[0.0236,0.9764],"evs":[0.0,10.62195]},"Q8s":{"weight":0.337,"played":[0.5964,0.4036],"evs":[0.0,-4.05558]},"Q9s":{"weight":0.3484,"played":[0.1169,0.8831],"evs":[0.0,3.97562]},"QTs":{"weight":0.9882,"played":[0.1455,0.8545],"evs":[0.0,20.37859]},"QJs":{"weight":0.8797,"played":[0.8963,0.1037],"evs":[0.0,-4.24444]},"QQ":{"weight":0.0,"played":[0.7084,0.2916],"evs":[0.0,2.21535]},"KQo":{"weight":0.1243,"played":[0.8247,0.1753],"evs":[0.0,-3.06505]},"AQo":{"weight":0.0,"played":[0.0014,0.9986],"evs":[0.0,12.01858]},"K2s":{"weight":2.0E-4,"played":[0.2129,0.7871],"evs":[0.0,11.41395]},"K3s":{"weight":0.0704,"played":[0.6377,0.3623],"evs":[0.0,-1.49648]},"K4s":{"weight":0.2884,"played":[0.1854,0.8146],"evs":[0.0,-0.84196]},"K5s":{"weight":0.5038,"played":[0.0383,0.9617],"evs":[0.0,10.5031]},"K6s":{"weight":0.9467,"played":[0.2676,0.7324],"evs":[0.0,3.64927]},"K7s":{"weight":3.0E-4,"played":[0.0039,0.9961],"evs":[0.0,-0.49696]},"K8s":{"weight":0.9063,"played":[0.4317,0.5683],"evs":[0.0,8.65569]},"K9s":{"weight":0.9686,"played":[0.1852,0.8148],"evs":[0.0,-0.88217]},"KTs":{"weight":0.7796,"played":[0.3666,0.6334],"evs":[0.0,8.5089]},"KJs":{"weight":0.1449,"played":[0.4169,0.5831],"evs":[0.0,0.67495]},"KQs":{"weight":0.0171,"played":[0.5774,0.4226],"evs":[0.0,-6.41247]},"KK":{"weight":0.1299,"played":[8.0E-4,0.9992],"evs":[0.0,4.94172]},"AKo":{"weight":0.0,"played":[0.0064,0.9936],"evs":[0.0,7.47265]},"A2s":{"weight":0.4505,"played":[0.669,0.331],"evs":[0.0,-0.98879]},"A3s":{"weight":0.0961,"played":[0.2373,0.7627],"evs":[0.0,4.05257]},"A4s":{"weight":0.7952,"played":[0.9858,0.0142],"evs":[0.0,-1.55379]},"A5s":{"weight":0.3159,"played":[0.8083,0.1917],"evs":[0.0,-7.41637]},"A6s":{"weight":0.7703,"played":[0.0955,0.9045],"evs":[0.0,3.61489]},"A7s":{"weight":3.0E-4,"played":[0.4848,0.5152],"evs":[0.0,-6.88383]},"A8s":{"weight":0.171,"played":[0.4787,0.5213],"evs":[0.0,-1.74684]},"A9s":{"weight":0.0263,"played":[0.0753,0.9247],"evs":[0.0,8.40621]},"ATs":{"weight":0.0016,"played":[0.1417,0.8583],"evs":[0.0,9.89333]},"AJs":{"weight":0.0154,"played":[0.6256,0.3744],"evs":[0.0,3.07156]},"AQs":{"weight":0.0077,"played":[0.0276,0.9724],"evs":[0.0,9.4783]},"AKs":{"weight":0.0488,"played":[0.0343,0.9657],"evs":[0.0,10.60359]},"AA":{"weight":0.3567,"played":[0.0614,0.9386],"evs":[0.0,14.74225]}}}