{"player":1,"street":0,"children":2,"sequence":[{"player":0,"type":"F","amount":0,"street":0},{"player":1,"type":"R","amount":200000,"street":0},{"player":2,"type":"F","amount":0,"street":0},{"player":3,"type":"F","amount":0,"street":0},{"player":4,"type":"R","amount":1315000,"street":0},{"player":5,"type":"F","amount":0,"street":0}],"actions":[{"type":"F","amount":0},{"type":"C","amount":1115000}],"hands":{"22":{"weight":0.1057,"played":[0.0209,0.9791],"evs":[0.0,1.81866]},"32o":{"weight":0.0,"played":[0.9999,1.0E-4],"evs":[0.0,-3.28157]},"42o":{"weight":0.0,"played":[0.9998,2.0E-4],"evs":[0.0,-3.43103]},"52o":{"weight":0.0,"played":[0.9991,9.0E-4],"evs":[0.0,-3.42791]},"62o":{"weight":0.0,"played":[1.0,0.0],"evs":[0.0,-3.99438]},"72o":{"weight":0.0,"played":[0.9976,0.0024],"evs":[0.0,-3.45195]},"82o":{"weight":0.0,"played":[1.0,0.0],"evs":[0.0,-3.5497]},"92o":{"weight":0.0,"played":[1.0,0.0],"evs":[0.0,-3.77132]},"T2o":{"weight":0.0,"played":[0.9996,4.0E-4],"evs":[0.0,-3.31254]},"J2o":{"weight":0.0,"played":[1.0,0.0],"evs":[0.0,-2.96999]},"Q2o":{"weight":0.0,"played":[0.9967,0.0033],"evs":[0.0,-2.52358]},"K2o":{"weight":1.0E-4,"played":[0.996,0.004],"evs":[0.0,-2.49053]},"A2o":{"weight":0.0936,"played":[0.9414,0.0586],"evs":[0.0,-0.13376]},"32s":{"weight":0.0,"played":[0.9819,0.0181],"evs":[0.0,-2.62762]},"33":{"weight":0.0445,"played":[1.0E-4,0.9999],"evs":[0.0,1.49589]},"43o":{"weight":0.0,"played":[0.9999,1.0E-4],"evs":[0.0,-2.48318]},"53o":{"weight":0.0,"played":[0.9992,8.0E-4],"evs":[0.0,-2.49728]},"63o":{"weight":0.0,"played":[0.9997,3.0E-4],"evs":[0.0,-2.66787]},"73o":{"weight":0.0,"played":[1.0,0.0],"evs":[0.0,-2.6738]},"83o":{"weight":0.0,"played":[1.0,0.0],"evs":[0.0,-4.09321]},"93o":{"weight":0.0,"played":[0.9999,1.0E-4],"evs":[0.0,-3.05771]},"T3o":{"weight":0.0,"played":[0.9996,4.0E-4],"evs":[0.0,-3.0617]},"J3o":{"weight":0.0,"played":[0.9997,3.0E-4],"evs":[0.0,-2.70708]},"Q3o":{"weight":0.0,"played":[0.9847,0.0153],"evs":[0.0,-1.94809]},"K3o":{"weight":0.0,"played":[0.9903,0.0097],"evs":[0.0,-2.23178]},"A3o":{"weight":0.9968,"played":[0.9753,0.0247],"evs":[0.0,-0.39597]},"42s":{"weight":0.0,"played":[0.9988,0.0012],"evs":[0.0,-2.47274]},"43s":{"weight":0.0,"played":[0.9974,0.0026],"evs":[0.0,-1.84985]},"44":{"weight":0.0068,"played":[0.0018,0.9982],"evs":[0.0,1.79969]},"54o":{"weight":0.0,"played":[0.998,0.002],"evs":[0.0,-1.32747]},"64o":{"weight":0.0,"played":[1.0,0.0],"evs":[0.0,-2.72659]},"74o":{"weight":0.0,"played":[0.9997,3.0E-4],"evs":[0.0,-2.59222]},"84o":{"weight":0.0,"played":[0.9999,1.0E-4],"evs":[0.0,-2.44493]},"94o":{"weight":0.0,"played":[0.9999,1.0E-4],"evs":[0.0,-3.13534]},"T4o":{"weight":0.0,"played":[0.9976,0.0024],"evs":[0.0,-2.47381]},"J4o":{"weight":0.0,"played":[0.9983,0.0017],"evs":[0.0,-2.75946]},"Q4o":{"weight":0.0,"played":[0.9914,0.0086],"evs":[0.0,-2.17836]},"K4o":{"weight":1.0E-4,"played":[0.9942,0.0058],"evs":[0.0,-2.36758]},"A4o":{"weight":0.899,"played":[0.8084,0.1916],"evs":[0.0,0.0029]},"52s":{"weight":0.0,"played":[0.9348,0.0652],"evs":[0.0,-0.68478]},"53s":{"weight":0.0,"played":[0.9961,0.0039],"evs":[0.0,-1.54248]},"54s":{"weight":0.0,"played":[0.997,0.003],"evs":[0.0,-1.62318]},"55":{"weight":0.3371,"played":[3.0E-4,0.9997],"evs":[0.0,3.77041]},"65o":{"weight":0.0,"played":[0.9997,3.0E-4],"evs":[0.0,-2.02656]},"75o":{"weight":0.0,"played":[0.9939,0.0061],"evs":[0.0,-1.70167]},"85o":{"weight":0.0,"played":[0.9999,1.0E-4],"evs":[0.0,-2.22406]},"95o":{"weight":0.0,"played":[1.0,0.0],"evs":[0.0,-2.36576]},"T5o":{"weight":0.0,"played":[0.9964,0.0036],"evs":[0.0,-1.99486]},"J5o":{"weight":0.0,"played":[0.9987,0.0013],"evs":[0.0,-2.26241]},"Q5o":{"weight":0.0,"played":[0.9981,0.0019],"evs":[0.0,-2.71412]},"K5o":{"weight":2.0E-4,"played":[0.996,0.004],"evs":[0.0,-2.00457]},"A5o":{"weight":0.9984,"played":[0.1895,0.8105],"evs":[0.0,0.52801]},"62s":{"weight":0.0,"played":[1.0,0.0],"evs":[0.0,-2.7789]},"63s":{"weight":0.0,"played":[0.9807,0.0193],"evs":[0.0,-0.71243]},"64s":{"weight":0.0,"played":[0.6812,0.3188],"evs":[0.0,-1.26545]},"65s":{"weight":0.0,"played":[0.7868,0.2132],"evs":[0.0,0.11868]},"66":{"weight":0.0034,"played":[0.0015,0.9985],"evs":[0.0,3.77521]},"76o":{"weight":0.0,"played":[0.9999,1.0E-4],"evs":[0.0,-1.77939]},"86o":{"weight":0.0,"played":[0.9973,0.0027],"evs":[0.0,-1.89238]},"96o":{"weight":0.0,"played":[0.9996,4.0E-4],"evs":[0.0,-1.84321]},"T6o":{"weight":0.0,"played":[0.9975,0.0025],"evs":[0.0,-1.90612]},"J6o":{"weight":0.0,"played":[0.9842,0.0158],"evs":[0.0,-2.72143]},"Q6o":{"weight":2.0E-4,"played":[0.9955,0.0045],"evs":[0.0,-2.13862]},"K6o":{"weight":0.002,"played":[0.9941,0.0059],"evs":[0.0,-2.26136]},"A6o":{"weight":0.9897,"played":[0.8931,0.1069],"evs":[0.0,-0.10766]},"72s":{"weight":0.0,"played":[0.977,0.023],"evs":[0.0,-1.49162]},"73s":{"weight":0.0,"played":[0.9972,0.0028],"evs":[0.0,-2.09054]},"74s":{"weight":0.0,"played":[0.9947,0.0053],"evs":[0.0,-1.19961]},"75s":{"weight":0.0033,"played":[0.832,0.168],"evs":[0.0,-0.93007]},"76s":{"weight":0.0,"played":[0.7617,0.2383],"evs":[0.0,-0.76361]},"77":{"weight":0.4321,"played":[0.0,1.0],"evs":[0.0,5.9289]},"87o":{"weight":0.0,"played":[0.9928,0.0072],"evs":[0.0,-1.76291]},"97o":{"weight":0.0,"played":[0.9993,7.0E-4],"evs":[0.0,-1.2939]},"T7o":{"weight":0.0,"played":[0.9972,0.0028],"evs":[0.0,-1.30581]},"J7o":{"weight":0.0,"played":[0.9508,0.0492],"evs":[0.0,-1.36327]},"Q7o":{"weight":0.0,"played":[0.9992,8.0E-4],"evs":[0.0,-2.41046]},"K7o":{"weight":4.0E-4,"played":[0.9903,0.0097],"evs":[0.0,-1.39798]},"A7o":{"weight":0.9496,"played":[0.0,1.0],"evs":[0.0,0.50688]},"82s":{"weight":0.0,"played":[0.995,0.005],"evs":[0.0,-1.98643]},"83s":{"weight":1.0E-4,"played":[0.9803,0.0197],"evs":[0.0,-2.90795]},"84s":{"weight":0.0,"played":[0.9979,0.0021],"evs":[0.0,-2.43941]},"85s":{"weight":0.0,"played":[0.956,0.044],"evs":[0.0,-0.9029]},"86s":{"weight":0.0,"played":[0.9443,0.0557],"evs":[0.0,-1.10203]},"87s":{"weight":0.1887,"played":[0.2908,0.7092],"evs":[0.0,0.05608]},"88":{"weight":0.979,"played":[0.0,1.0],"evs":[0.0,5.69554]},"98o":{"weight":0.0,"played":[0.893,0.107],"evs":[0.0,-0.79653]},"T8o":{"weight":1.0E-4,"played":[0.9928,0.0072],"evs":[0.0,-1.05705]},"J8o":{"weight":4.0E-4,"played":[0.983,0.017],"evs":[0.0,-1.30077]},"Q8o":{"weight":5.0E-4,"played":[0.9772,0.0228],"evs":[0.0,-1.10989]},"K8o":{"weight":0.0032,"played":[0.9833,0.0167],"evs":[0.0,-1.64844]},"A8o":{"weight":0.9885,"played":[0.0,1.0],"evs":[0.0,1.35963]},"92s":{"weight":0.0,"played":[0.9981,0.0019],"evs":[0.0,-1.51885]},"93s":{"weight":0.0,"played":[0.9798,0.0202],"evs":[0.0,-0.91219]},"94s":{"weight":0.0,"played":[0.9894,0.0106],"evs":[0.0,-1.49005]},"95s":{"weight":0.0,"played":[0.9949,0.0051],"evs":[0.0,-0.16047]},"96s":{"weight":0.0,"played":[0.4941,0.5059],"evs":[0.0,0.25455]},"97s":{"weight":0.4823,"played":[0.213,0.787],"evs":[0.0,0.81634]},"98s":{"weight":0.6907,"played":[0.9796,0.0204],"evs":[0.0,-0.2488]},"99":{"weight":1.0,"played":[0.0,1.0],"evs":[0.0,6.4879]},"T9o":{"weight":0.096,"played":[0.7582,0.2418],"evs":[0.0,-0.46692]},"J9o":{"weight":1.0E-4,"played":[0.5701,0.4299],"evs":[0.0,-0.38711]},"Q9o":{"weight":0.0053,"played":[0.9491,0.0509],"evs":[0.0,-1.06372]},"K9o":{"weight":0.0803,"played":[0.8484,0.1516],"evs":[0.0,-0.75561]},"A9o":{"weight":0.4824,"played":[0.0,1.0],"evs":[0.0,2.68044]},"T2s":{"weight":0.0,"played":[0.9945,0.0055],"evs":[0.0,-2.13718]},"T3s":{"weight":0.0,"played":[0.9994,6.0E-4],"evs":[0.0,-1.44028]},"T4s":{"weight":1.0E-4,"played":[0.996,0.004],"evs":[0.0,-1.56215]},"T5s":{"weight":4.0E-4,"played":[0.9999,1.0E-4],"evs":[0.0,-1.99655]},"T6s":{"weight":0.0,"played":[0.8515,0.1485],"evs":[0.0,-0.72707]},"T7s":{"weight":0.2239,"played":[0.891,0.109],"evs":[0.0,-0.07781]},"T8s":{"weight":0.9161,"played":[0.8041,0.1959],"evs":[0.0,-0.73678]},"T9s":{"weight":0.9676,"played":[0.2873,0.7127],"evs":[0.0,0.34698]},"TT":{"weight":0.9887,"played":[0.0,1.0],"evs":[0.0,9.01753]},"JTo":{"weight":0.9974,"played":[0.1275,0.8725],"evs":[0.0,0.24471]},"QTo":{"weight":0.9996,"played":[0.056,0.944],"evs":[0.0,-0.04963]},"KTo":{"weight":0.5919,"played":[0.118,0.882],"evs":[0.0,0.66186]},"ATo":{"weight":0.2931,"played":[0.0,1.0],"evs":[0.0,4.2377]},"J2s":{"weight":0.0,"played":[0.9866,0.0134],"evs":[0.0,-1.31268]},"J3s":{"weight":2.0E-4,"played":[0.9966,0.0034],"evs":[0.0,-1.65901]},"J4s":{"weight":0.0,"played":[0.9503,0.0497],"evs":[0.0,-0.44644]},"J5s":{"weight":0.0,"played":[0.9457,0.0543],"evs":[0.0,-0.54564]},"J6s":{"weight":0.0,"played":[0.9952,0.0048],"evs":[0.0,-2.01656]},"J7s":{"weight":0.0516,"played":[0.7217,0.2783],"evs":[0.0,-1.08516]},"J8s":{"weight":0.9448,"played":[0.8323,0.1677],"evs":[0.0,-1.13719]},"J9s":{"weight":0.7794,"played":[0.1123,0.8877],"evs":[0.0,0.74424]},"JTs":{"weight":0.6553,"played":[0.0,1.0],"evs":[0.0,1.93017]},"JJ":{"weight":0.986,"played":[0.0,1.0],"evs":[0.0,9.44627]},"QJo":{"weight":0.9999,"played":[0.0,1.0],"evs":[0.0,0.40945]},"KJo":{"weight":0.9064,"played":[0.0,1.0],"evs":[0.0,1.1619]},"AJo":{"weight":0.2783,"played":[0.0,1.0],"evs":[0.0,5.61171]},"Q2s":{"weight":5.0E-4,"played":[0.9623,0.0377],"evs":[0.0,-2.032]},"Q3s":{"weight":4.0E-4,"played":[0.7701,0.2299],"evs":[0.0,-0.10105]},"Q4s":{"weight":1.0E-4,"played":[0.8576,0.1424],"evs":[0.0,-1.32537]},"Q5s":{"weight":8.0E-4,"played":[0.8729,0.1271],"evs":[0.0,-0.22068]},"Q6s":{"weight":0.1681,"played":[0.943,0.057],"evs":[0.0,-1.99526]},"Q7s":{"weight":0.3632,"played":[0.9983,0.0017],"evs":[0.0,-0.43139]},"Q8s":{"weight":0.7283,"played":[0.8325,0.1675],"evs":[0.0,-0.82282]},"Q9s":{"weight":0.8398,"played":[0.0715,0.9285],"evs":[0.0,0.72687]},"QTs":{"weight":0.4273,"played":[0.0237,0.9763],"evs":[0.0,0.75986]},"QJs":{"weight":0.5929,"played":[1.0E-4,0.9999],"evs":[0.0,0.77226]},"QQ":{"weight":0.9987,"played":[0.0,1.0],"evs":[0.0,11.76843]},"KQo":{"weight":0.4424,"played":[0.0,1.0],"evs":[0.0,1.43294]},"AQo":{"weight":0.8843,"played":[0.0,1.0],"evs":[0.0,7.57003]},"K2s":{"weight":0.0,"played":[0.8016,0.1984],"evs":[0.0,-1.25711]},"K3s":{"weight":1.0E-4,"played":[0.9404,0.0596],"evs":[0.0,-0.06368]},"K4s":{"weight":0.1182,"played":[0.8666,0.1334],"evs":[0.0,-1.60278]},"K5s":{"weight":0.4215,"played":[0.9857,0.0143],"evs":[0.0,-0.75032]},"K6s":{"weight":0.7818,"played":[0.9909,0.0091],"evs":[0.0,-0.47375]},"K7s":{"weight":0.9664,"played":[0.8584,0.1416],"evs":[0.0,-0.89135]},"K8s":{"weight":0.917,"played":[0.7238,0.2762],"evs":[0.0,0.17019]},"K9s":{"weight":0.9963,"played":[0.1226,0.8774],"evs":[0.0,0.87425]},"KTs":{"weight":0.6747,"played":[0.2711,0.7289],"evs":[0.0,0.29451]},"KJs":{"weight":0.7077,"played":[0.0,1.0],"evs":[0.0,1.99446]},"KQs":{"weight":0.9509,"played":[0.0,1.0],"evs":[0.0,2.95895]},"KK":{"weight":0.9973,"played":[0.0,1.0],"evs":[0.0,13.23217]},"AKo":{"weight":0.6674,"played":[0.0,1.0],"evs":[0.0,9.43249]},"A2s":{"weight":0.032,"played":[0.4175,0.5825],"evs":[0.0,-0.01807]},"A3s":{"weight":0.3108,"played":[4.0E-4,0.9996],"evs":[0.0,0.81803]},"A4s":{"weight":0.3017,"played":[0.0966,0.9034],"evs":[0.0,1.02816]},"A5s":{"weight":0.308,"played":[0.4329,0.5671],"evs":[0.0,-0.68726]},"A6s":{"weight":0.2416,"played":[0.1591,0.8409],"evs":[0.0,2.00755]},"A7s":{"weight":0.9626,"played":[2.0E-4,0.9998],"evs":[0.0,2.87275]},"A8s":{"weight":0.044,"played":[0.0,1.0],"evs":[0.0,2.20359]},"A9s":{"weight":0.678,"played":[0.0,1.0],"evs":[0.0,3.60506]},"ATs":{"weight":0.2658,"played":[1.0E-4,0.9999],"evs":[0.0,6.63684]},"AJs":{"weight":0.985,"played":[0.0,1.0],"evs":[0.0,7.08579]},"AQs":{"weight":0.9605,"played":[0.0,1.0],"evs":[0.0,8.47385]},"AKs":{"weight":0.9999,"played":[0.0,1.0],"evs":[0.0,10.33177]},"AA":{"weight":1.0,"played":[0.0,1.0],"evs":[0.0,18.42867]}}}