{"player":0,"street":0,"children":2,"sequence":[],"actions":[{"type":"F","amount":0,"node":1},{"type":"R","amount":22880000,"node":109}],"hands":{"22":{"weight":1.0,"played":[0.9991,9.0E-4],"evs":[0.0,-0.00909]},"32o":{"weight":1.0,"played":[1.0,0.0],"evs":[0.0,-0.93764]},"42o":{"weight":1.0,"played":[1.0,0.0],"evs":[0.0,-0.87969]},"52o":{"weight":1.0,"played":[1.0,0.0],"evs":[0.0,-0.82012]},"62o":{"weight":1.0,"played":[1.0,0.0],"evs":[0.0,-0.89501]},"72o":{"weight":1.0,"played":[1.0,0.0],"evs":[0.0,-0.95396]},"82o":{"weight":1.0,"played":[1.0,0.0],"evs":[0.0,-0.88647]},"92o":{"weight":1.0,"played":[1.0,0.0],"evs":[0.0,-0.8355]},"T2o":{"weight":1.0,"played":[1.0,0.0],"evs":[0.0,-0.77407]},"J2o":{"weight":1.0,"played":[1.0,0.0],"evs":[0.0,-0.71214]},"Q2o":{"weight":1.0,"played":[1.0,0.0],"evs":[0.0,-0.61873]},"K2o":{"weight":1.0,"played":[1.0,0.0],"evs":[0.0,-0.52449]},"A2o":{"weight":1.0,"played":[1.0,0.0],"evs":[0.0,-0.14167]},"32s":{"weight":1.0,"played":[1.0,0.0],"evs":[0.0,-0.64327]},"33":{"weight":1.0,"played":[5.0E-4,0.9995],"evs":[0.0,0.03279]},"43o":{"weight":1.0,"played":[1.0,0.0],"evs":[0.0,-0.77712]},"53o":{"weight":1.0,"played":[1.0,0.0],"evs":[0.0,-0.71035]},"63o":{"weight":1.0,"played":[1.0,0.0],"evs":[0.0,-0.78472]},"73o":{"weight":1.0,"played":[1.0,0.0],"evs":[0.0,-0.84112]},"83o":{"weight":1.0,"played":[1.0,0.0],"evs":[0.0,-0.88298]},"93o":{"weight":1.0,"played":[1.0,0.0],"evs":[0.0,-0.80496]},"T3o":{"weight":1.0,"played":[1.0,0.0],"evs":[0.0,-0.74794]},"J3o":{"weight":1.0,"played":[1.0,0.0],"evs":[0.0,-0.6796]},"Q3o":{"weight":1.0,"played":[1.0,0.0],"evs":[0.0,-0.5936]},"K3o":{"weight":1.0,"played":[1.0,0.0],"evs":[0.0,-0.49466]},"A3o":{"weight":1.0,"played":[1.0,0.0],"evs":[0.0,-0.11745]},"42s":{"weight":1.0,"played":[1.0,0.0],"evs":[0.0,-0.5903]},"43s":{"weight":1.0,"played":[1.0,0.0],"evs":[0.0,-0.48736]},"44":{"weight":1.0,"played":[0.0,1.0],"evs":[0.0,0.12234]},"54o":{"weight":1.0,"played":[1.0,0.0],"evs":[0.0,-0.58486]},"64o":{"weight":1.0,"played":[1.0,0.0],"evs":[0.0,-0.65347]},"74o":{"weight":1.0,"played":[1.0,0.0],"evs":[0.0,-0.71461]},"84o":{"weight":1.0,"played":[1.0,0.0],"evs":[0.0,-0.7557]},"94o":{"weight":1.0,"played":[1.0,0.0],"evs":[0.0,-0.78462]},"T4o":{"weight":1.0,"played":[1.0,0.0],"evs":[0.0,-0.69953]},"J4o":{"weight":1.0,"played":[1.0,0.0],"evs":[0.0,-0.63329]},"Q4o":{"weight":1.0,"played":[1.0,0.0],"evs":[0.0,-0.54917]},"K4o":{"weight":1.0,"played":[1.0,0.0],"evs":[0.0,-0.45068]},"A4o":{"weight":1.0,"played":[1.0,0.0],"evs":[0.0,-0.07193]},"52s":{"weight":1.0,"played":[1.0,0.0],"evs":[0.0,-0.52933]},"53s":{"weight":1.0,"played":[1.0,0.0],"evs":[0.0,-0.42674]},"54s":{"weight":1.0,"played":[1.0,0.0],"evs":[0.0,-0.31171]},"55":{"weight":1.0,"played":[0.0,1.0],"evs":[0.0,0.26706]},"65o":{"weight":1.0,"played":[1.0,0.0],"evs":[0.0,-0.52118]},"75o":{"weight":1.0,"played":[1.0,0.0],"evs":[0.0,-0.57646]},"85o":{"weight":1.0,"played":[1.0,0.0],"evs":[0.0,-0.61622]},"95o":{"weight":1.0,"played":[1.0,0.0],"evs":[0.0,-0.64542]},"T5o":{"weight":1.0,"played":[1.0,0.0],"evs":[0.0,-0.66687]},"J5o":{"weight":1.0,"played":[1.0,0.0],"evs":[0.0,-0.57831]},"Q5o":{"weight":1.0,"played":[1.0,0.0],"evs":[0.0,-0.49323]},"K5o":{"weight":1.0,"played":[1.0,0.0],"evs":[0.0,-0.39592]},"A5o":{"weight":1.0,"played":[0.9998,2.0E-4],"evs":[0.0,-0.01209]},"62s":{"weight":1.0,"played":[1.0,0.0],"evs":[0.0,-0.59635]},"63s":{"weight":1.0,"played":[1.0,0.0],"evs":[0.0,-0.49039]},"64s":{"weight":1.0,"played":[1.0,0.0],"evs":[0.0,-0.37799]},"65s":{"weight":1.0,"played":[1.0,0.0],"evs":[0.0,-0.24909]},"66":{"weight":1.0,"played":[0.0,1.0],"evs":[0.0,0.40623]},"76o":{"weight":1.0,"played":[1.0,0.0],"evs":[0.0,-0.4649]},"86o":{"weight":1.0,"played":[1.0,0.0],"evs":[0.0,-0.50147]},"96o":{"weight":1.0,"played":[1.0,0.0],"evs":[0.0,-0.53087]},"T6o":{"weight":1.0,"played":[1.0,0.0],"evs":[0.0,-0.55168]},"J6o":{"weight":1.0,"played":[1.0,0.0],"evs":[0.0,-0.56631]},"Q6o":{"weight":1.0,"played":[1.0,0.0],"evs":[0.0,-0.45641]},"K6o":{"weight":1.0,"played":[1.0,0.0],"evs":[0.0,-0.35881]},"A6o":{"weight":1.0,"played":[1.0,0.0],"evs":[0.0,-0.07645]},"72s":{"weight":1.0,"played":[1.0,0.0],"evs":[0.0,-0.65681]},"73s":{"weight":1.0,"played":[1.0,0.0],"evs":[0.0,-0.55047]},"74s":{"weight":1.0,"played":[1.0,0.0],"evs":[0.0,-0.43173]},"75s":{"weight":1.0,"played":[1.0,0.0],"evs":[0.0,-0.30194]},"76s":{"weight":1.0,"played":[1.0,0.0],"evs":[0.0,-0.19746]},"77":{"weight":1.0,"played":[0.0,1.0],"evs":[0.0,0.55975]},"87o":{"weight":1.0,"played":[1.0,0.0],"evs":[0.0,-0.40135]},"97o":{"weight":1.0,"played":[1.0,0.0],"evs":[0.0,-0.41979]},"T7o":{"weight":1.0,"played":[1.0,0.0],"evs":[0.0,-0.43858]},"J7o":{"weight":1.0,"played":[1.0,0.0],"evs":[0.0,-0.45483]},"Q7o":{"weight":1.0,"played":[1.0,0.0],"evs":[0.0,-0.44463]},"K7o":{"weight":1.0,"played":[1.0,0.0],"evs":[0.0,-0.33108]},"A7o":{"weight":1.0,"played":[1.0,0.0],"evs":[0.0,-0.01461]},"82s":{"weight":1.0,"played":[1.0,0.0],"evs":[0.0,-0.58811]},"83s":{"weight":1.0,"played":[1.0,0.0],"evs":[0.0,-0.58804]},"84s":{"weight":1.0,"played":[1.0,0.0],"evs":[0.0,-0.46571]},"85s":{"weight":1.0,"played":[1.0,0.0],"evs":[0.0,-0.33519]},"86s":{"weight":1.0,"played":[1.0,0.0],"evs":[0.0,-0.22431]},"87s":{"weight":1.0,"played":[1.0,0.0],"evs":[0.0,-0.12948]},"88":{"weight":1.0,"played":[0.0,1.0],"evs":[0.0,0.76366]},"98o":{"weight":1.0,"played":[1.0,0.0],"evs":[0.0,-0.31972]},"T8o":{"weight":1.0,"played":[1.0,0.0],"evs":[0.0,-0.31988]},"J8o":{"weight":1.0,"played":[1.0,0.0],"evs":[0.0,-0.33732]},"Q8o":{"weight":1.0,"played":[1.0,0.0],"evs":[0.0,-0.33557]},"K8o":{"weight":1.0,"played":[1.0,0.0],"evs":[0.0,-0.31122]},"A8o":{"weight":1.0,"played":[0.0,1.0],"evs":[0.0,0.04784]},"92s":{"weight":1.0,"played":[1.0,0.0],"evs":[0.0,-0.54602]},"93s":{"weight":1.0,"played":[1.0,0.0],"evs":[0.0,-0.51799]},"94s":{"weight":1.0,"played":[1.0,0.0],"evs":[0.0,-0.49521]},"95s":{"weight":1.0,"played":[1.0,0.0],"evs":[0.0,-0.36711]},"96s":{"weight":1.0,"played":[1.0,0.0],"evs":[0.0,-0.25677]},"97s":{"weight":1.0,"played":[1.0,0.0],"evs":[0.0,-0.15638]},"98s":{"weight":1.0,"played":[1.0,0.0],"evs":[0.0,-0.0612]},"99":{"weight":1.0,"played":[0.0,1.0],"evs":[0.0,1.02149]},"T9o":{"weight":1.0,"played":[1.0,0.0],"evs":[0.0,-0.20645]},"J9o":{"weight":1.0,"played":[1.0,0.0],"evs":[0.0,-0.22663]},"Q9o":{"weight":1.0,"played":[1.0,0.0],"evs":[0.0,-0.22142]},"K9o":{"weight":1.0,"played":[1.0,0.0],"evs":[0.0,-0.20087]},"A9o":{"weight":1.0,"played":[0.0,1.0],"evs":[0.0,0.19935]},"T2s":{"weight":1.0,"played":[1.0,0.0],"evs":[0.0,-0.48797]},"T3s":{"weight":1.0,"played":[1.0,0.0],"evs":[0.0,-0.45945]},"T4s":{"weight":1.0,"played":[1.0,0.0],"evs":[0.0,-0.41338]},"T5s":{"weight":1.0,"played":[1.0,0.0],"evs":[0.0,-0.38227]},"T6s":{"weight":1.0,"played":[1.0,0.0],"evs":[0.0,-0.27281]},"T7s":{"weight":1.0,"played":[1.0,0.0],"evs":[0.0,-0.17196]},"T8s":{"weight":1.0,"played":[1.0,0.0],"evs":[0.0,-0.05699]},"T9s":{"weight":1.0,"played":[0.0,1.0],"evs":[0.0,0.0473]},"TT":{"weight":1.0,"played":[0.0,1.0],"evs":[0.0,1.37321]},"JTo":{"weight":1.0,"played":[1.0,0.0],"evs":[0.0,-0.05909]},"QTo":{"weight":1.0,"played":[1.0,0.0],"evs":[0.0,-0.05276]},"KTo":{"weight":1.0,"played":[0.9999,1.0E-4],"evs":[0.0,-0.03484]},"ATo":{"weight":1.0,"played":[0.0,1.0],"evs":[0.0,0.51219]},"J2s":{"weight":1.0,"played":[1.0,0.0],"evs":[0.0,-0.4241]},"J3s":{"weight":1.0,"played":[1.0,0.0],"evs":[0.0,-0.39421]},"J4s":{"weight":1.0,"played":[1.0,0.0],"evs":[0.0,-0.35264]},"J5s":{"weight":1.0,"played":[1.0,0.0],"evs":[0.0,-0.29921]},"J6s":{"weight":1.0,"played":[1.0,0.0],"evs":[0.0,-0.28324]},"J7s":{"weight":1.0,"played":[1.0,0.0],"evs":[0.0,-0.18312]},"J8s":{"weight":1.0,"played":[1.0,0.0],"evs":[0.0,-0.07577]},"J9s":{"weight":1.0,"played":[0.0,1.0],"evs":[0.0,0.0283]},"JTs":{"weight":1.0,"played":[0.0,1.0],"evs":[0.0,0.18295]},"JJ":{"weight":1.0,"played":[0.0,1.0],"evs":[0.0,1.72044]},"QJo":{"weight":1.0,"played":[0.0152,0.9848],"evs":[0.0,0.00672]},"KJo":{"weight":1.0,"played":[0.0,1.0],"evs":[0.0,0.0613]},"AJo":{"weight":1.0,"played":[0.0,1.0],"evs":[0.0,0.83144]},"Q2s":{"weight":1.0,"played":[1.0,0.0],"evs":[0.0,-0.34267]},"Q3s":{"weight":1.0,"played":[1.0,0.0],"evs":[0.0,-0.3113]},"Q4s":{"weight":1.0,"played":[1.0,0.0],"evs":[0.0,-0.27628]},"Q5s":{"weight":1.0,"played":[1.0,0.0],"evs":[0.0,-0.22065]},"Q6s":{"weight":1.0,"played":[1.0,0.0],"evs":[0.0,-0.18234]},"Q7s":{"weight":1.0,"played":[1.0,0.0],"evs":[0.0,-0.17153]},"Q8s":{"weight":1.0,"played":[1.0,0.0],"evs":[0.0,-0.06582]},"Q9s":{"weight":1.0,"played":[1.0E-4,0.9999],"evs":[0.0,0.03515]},"QTs":{"weight":1.0,"played":[0.0,1.0],"evs":[0.0,0.19256]},"QJs":{"weight":1.0,"played":[0.0,1.0],"evs":[0.0,0.24559]},"QQ":{"weight":1.0,"played":[0.0,1.0],"evs":[0.0,2.14862]},"KQo":{"weight":1.0,"played":[0.0,1.0],"evs":[0.0,0.27213]},"AQo":{"weight":1.0,"played":[0.0,1.0],"evs":[0.0,1.23676]},"K2s":{"weight":1.0,"played":[1.0,0.0],"evs":[0.0,-0.24027]},"K3s":{"weight":1.0,"played":[1.0,0.0],"evs":[0.0,-0.21169]},"K4s":{"weight":1.0,"played":[1.0,0.0],"evs":[0.0,-0.17048]},"K5s":{"weight":1.0,"played":[1.0,0.0],"evs":[0.0,-0.12544]},"K6s":{"weight":1.0,"played":[1.0,0.0],"evs":[0.0,-0.09571]},"K7s":{"weight":1.0,"played":[1.0,0.0],"evs":[0.0,-0.06284]},"K8s":{"weight":1.0,"played":[1.0,0.0],"evs":[0.0,-0.03797]},"K9s":{"weight":1.0,"played":[0.0,1.0],"evs":[0.0,0.05698]},"KTs":{"weight":1.0,"played":[0.0,1.0],"evs":[0.0,0.21181]},"KJs":{"weight":1.0,"played":[0.0,1.0],"evs":[0.0,0.29715]},"KQs":{"weight":1.0,"played":[0.0,1.0],"evs":[0.0,0.49713]},"KK":{"weight":1.0,"played":[0.0,1.0],"evs":[0.0,2.59526]},"AKo":{"weight":1.0,"played":[0.0,1.0],"evs":[0.0,1.64567]},"A2s":{"weight":1.0,"played":[0.0,1.0],"evs":[0.0,0.11431]},"A3s":{"weight":1.0,"played":[0.0,1.0],"evs":[0.0,0.13384]},"A4s":{"weight":1.0,"played":[0.0,1.0],"evs":[0.0,0.1762]},"A5s":{"weight":1.0,"played":[0.0,1.0],"evs":[0.0,0.2301]},"A6s":{"weight":1.0,"played":[0.0,1.0],"evs":[0.0,0.17203]},"A7s":{"weight":1.0,"played":[0.0,1.0],"evs":[0.0,0.22712]},"A8s":{"weight":1.0,"played":[0.0,1.0],"evs":[0.0,0.29072]},"A9s":{"weight":1.0,"played":[0.0,1.0],"evs":[0.0,0.42797]},"ATs":{"weight":1.0,"played":[0.0,1.0],"evs":[0.0,0.71672]},"AJs":{"weight":1.0,"played":[0.0,1.0],"evs":[0.0,1.01363]},"AQs":{"weight":1.0,"played":[0.0,1.0],"evs":[0.0,1.39473]},"AKs":{"weight":1.0,"played":[0.0,1.0],"evs":[0.0,1.77501]},"AA":{"weight":1.0,"played":[0.0,1.0],"evs":[0.0,3.34273]}}}