{"player":1,"street":0,"children":2,"sequence":[{"player":0,"type":"F","amount":0,"street":0}],"actions":[{"type":"F","amount":0,"node":2},{"type":"R","amount":4640000,"node":58}],"hands":{"22":{"weight":1.0,"played":[1.0,0.0],"evs":[0.0,-0.11336]},"32o":{"weight":1.0,"played":[1.0,0.0],"evs":[0.0,-1.26755]},"42o":{"weight":1.0,"played":[1.0,0.0],"evs":[0.0,-1.21144]},"52o":{"weight":1.0,"played":[1.0,0.0],"evs":[0.0,-1.14869]},"62o":{"weight":1.0,"played":[1.0,0.0],"evs":[0.0,-1.2314]},"72o":{"weight":1.0,"played":[1.0,0.0],"evs":[0.0,-1.27413]},"82o":{"weight":1.0,"played":[1.0,0.0],"evs":[0.0,-1.1801]},"92o":{"weight":1.0,"played":[1.0,0.0],"evs":[0.0,-1.09966]},"T2o":{"weight":1.0,"played":[1.0,0.0],"evs":[0.0,-0.99195]},"J2o":{"weight":1.0,"played":[1.0,0.0],"evs":[0.0,-0.87749]},"Q2o":{"weight":1.0,"played":[1.0,0.0],"evs":[0.0,-0.71881]},"K2o":{"weight":1.0,"played":[1.0,0.0],"evs":[0.0,-0.4842]},"A2o":{"weight":1.0,"played":[0.0,1.0],"evs":[0.0,0.05695]},"32s":{"weight":1.0,"played":[1.0,0.0],"evs":[0.0,-0.9123]},"33":{"weight":1.0,"played":[6.0E-4,0.9994],"evs":[0.0,0.03252]},"43o":{"weight":1.0,"played":[1.0,0.0],"evs":[0.0,-1.06818]},"53o":{"weight":1.0,"played":[1.0,0.0],"evs":[0.0,-1.00156]},"63o":{"weight":1.0,"played":[1.0,0.0],"evs":[0.0,-1.07986]},"73o":{"weight":1.0,"played":[1.0,0.0],"evs":[0.0,-1.12366]},"83o":{"weight":1.0,"played":[1.0,0.0],"evs":[0.0,-1.15106]},"93o":{"weight":1.0,"played":[1.0,0.0],"evs":[0.0,-1.04839]},"T3o":{"weight":1.0,"played":[1.0,0.0],"evs":[0.0,-0.94092]},"J3o":{"weight":1.0,"played":[1.0,0.0],"evs":[0.0,-0.82564]},"Q3o":{"weight":1.0,"played":[1.0,0.0],"evs":[0.0,-0.66585]},"K3o":{"weight":1.0,"played":[1.0,0.0],"evs":[0.0,-0.43057]},"A3o":{"weight":1.0,"played":[0.0,1.0],"evs":[0.0,0.11562]},"42s":{"weight":1.0,"played":[1.0,0.0],"evs":[0.0,-0.86378]},"43s":{"weight":1.0,"played":[1.0,0.0],"evs":[0.0,-0.72609]},"44":{"weight":1.0,"played":[0.0,1.0],"evs":[0.0,0.19013]},"54o":{"weight":1.0,"played":[1.0,0.0],"evs":[0.0,-0.85815]},"64o":{"weight":1.0,"played":[1.0,0.0],"evs":[0.0,-0.93156]},"74o":{"weight":1.0,"played":[1.0,0.0],"evs":[0.0,-0.97056]},"84o":{"weight":1.0,"played":[1.0,0.0],"evs":[0.0,-0.99968]},"94o":{"weight":1.0,"played":[1.0,0.0],"evs":[0.0,-1.01562]},"T4o":{"weight":1.0,"played":[1.0,0.0],"evs":[0.0,-0.88407]},"J4o":{"weight":1.0,"played":[1.0,0.0],"evs":[0.0,-0.76779]},"Q4o":{"weight":1.0,"played":[1.0,0.0],"evs":[0.0,-0.60248]},"K4o":{"weight":1.0,"played":[1.0,0.0],"evs":[0.0,-0.37005]},"A4o":{"weight":1.0,"played":[0.0,1.0],"evs":[0.0,0.18104]},"52s":{"weight":1.0,"played":[1.0,0.0],"evs":[0.0,-0.7998]},"53s":{"weight":1.0,"played":[1.0,0.0],"evs":[0.0,-0.66796]},"54s":{"weight":1.0,"played":[1.0,0.0],"evs":[0.0,-0.53348]},"55":{"weight":1.0,"played":[0.0,1.0],"evs":[0.0,0.40185]},"65o":{"weight":1.0,"played":[1.0,0.0],"evs":[0.0,-0.78314]},"75o":{"weight":1.0,"played":[1.0,0.0],"evs":[0.0,-0.81524]},"85o":{"weight":1.0,"played":[1.0,0.0],"evs":[0.0,-0.84257]},"95o":{"weight":1.0,"played":[1.0,0.0],"evs":[0.0,-0.858]},"T5o":{"weight":1.0,"played":[1.0,0.0],"evs":[0.0,-0.8398]},"J5o":{"weight":1.0,"played":[1.0,0.0],"evs":[0.0,-0.69862]},"Q5o":{"weight":1.0,"played":[1.0,0.0],"evs":[0.0,-0.52975]},"K5o":{"weight":1.0,"played":[1.0,0.0],"evs":[0.0,-0.2914]},"A5o":{"weight":1.0,"played":[0.0,1.0],"evs":[0.0,0.27419]},"62s":{"weight":1.0,"played":[1.0,0.0],"evs":[0.0,-0.88062]},"63s":{"weight":1.0,"played":[1.0,0.0],"evs":[0.0,-0.74318]},"64s":{"weight":1.0,"played":[1.0,0.0],"evs":[0.0,-0.59758]},"65s":{"weight":1.0,"played":[1.0,0.0],"evs":[0.0,-0.45877]},"66":{"weight":1.0,"played":[0.0,1.0],"evs":[0.0,0.60685]},"76o":{"weight":1.0,"played":[1.0,0.0],"evs":[0.0,-0.67867]},"86o":{"weight":1.0,"played":[1.0,0.0],"evs":[0.0,-0.69459]},"96o":{"weight":1.0,"played":[1.0,0.0],"evs":[0.0,-0.70662]},"T6o":{"weight":1.0,"played":[1.0,0.0],"evs":[0.0,-0.68981]},"J6o":{"weight":1.0,"played":[1.0,0.0],"evs":[0.0,-0.6587]},"Q6o":{"weight":1.0,"played":[1.0,0.0],"evs":[0.0,-0.46878]},"K6o":{"weight":1.0,"played":[1.0,0.0],"evs":[0.0,-0.22306]},"A6o":{"weight":1.0,"played":[0.0,1.0],"evs":[0.0,0.26484]},"72s":{"weight":1.0,"played":[1.0,0.0],"evs":[0.0,-0.91318]},"73s":{"weight":1.0,"played":[1.0,0.0],"evs":[0.0,-0.78138]},"74s":{"weight":1.0,"played":[1.0,0.0],"evs":[0.0,-0.63767]},"75s":{"weight":1.0,"played":[1.0,0.0],"evs":[0.0,-0.49328]},"76s":{"weight":1.0,"played":[1.0,0.0],"evs":[0.0,-0.35867]},"77":{"weight":1.0,"played":[0.0,1.0],"evs":[0.0,0.81856]},"87o":{"weight":1.0,"played":[1.0,0.0],"evs":[0.0,-0.55963]},"97o":{"weight":1.0,"played":[1.0,0.0],"evs":[0.0,-0.56324]},"T7o":{"weight":1.0,"played":[1.0,0.0],"evs":[0.0,-0.54066]},"J7o":{"weight":1.0,"played":[1.0,0.0],"evs":[0.0,-0.51225]},"Q7o":{"weight":1.0,"played":[1.0,0.0],"evs":[0.0,-0.42765]},"K7o":{"weight":1.0,"played":[1.0,0.0],"evs":[0.0,-0.15225]},"A7o":{"weight":1.0,"played":[0.0,1.0],"evs":[0.0,0.38465]},"82s":{"weight":1.0,"played":[1.0,0.0],"evs":[0.0,-0.82673]},"83s":{"weight":1.0,"played":[1.0,0.0],"evs":[0.0,-0.80166]},"84s":{"weight":1.0,"played":[1.0,0.0],"evs":[0.0,-0.66145]},"85s":{"weight":1.0,"played":[1.0,0.0],"evs":[0.0,-0.50978]},"86s":{"weight":1.0,"played":[1.0,0.0],"evs":[0.0,-0.37252]},"87s":{"weight":1.0,"played":[1.0,0.0],"evs":[0.0,-0.24873]},"88":{"weight":1.0,"played":[0.0,1.0],"evs":[0.0,1.07129]},"98o":{"weight":1.0,"played":[1.0,0.0],"evs":[0.0,-0.4214]},"T8o":{"weight":1.0,"played":[1.0,0.0],"evs":[0.0,-0.38194]},"J8o":{"weight":1.0,"played":[1.0,0.0],"evs":[0.0,-0.3533]},"Q8o":{"weight":1.0,"played":[1.0,0.0],"evs":[0.0,-0.26814]},"K8o":{"weight":1.0,"played":[1.0,0.0],"evs":[0.0,-0.08614]},"A8o":{"weight":1.0,"played":[0.0,1.0],"evs":[0.0,0.51808]},"92s":{"weight":1.0,"played":[1.0,0.0],"evs":[0.0,-0.75186]},"93s":{"weight":1.0,"played":[1.0,0.0],"evs":[0.0,-0.70343]},"94s":{"weight":1.0,"played":[1.0,0.0],"evs":[0.0,-0.6762]},"95s":{"weight":1.0,"played":[1.0,0.0],"evs":[0.0,-0.52454]},"96s":{"weight":1.0,"played":[1.0,0.0],"evs":[0.0,-0.38148]},"97s":{"weight":1.0,"played":[1.0,0.0],"evs":[0.0,-0.25396]},"98s":{"weight":1.0,"played":[1.0,0.0],"evs":[0.0,-0.11533]},"99":{"weight":1.0,"played":[0.0,1.0],"evs":[0.0,1.3733]},"T9o":{"weight":1.0,"played":[1.0,0.0],"evs":[0.0,-0.22549]},"J9o":{"weight":1.0,"played":[1.0,0.0],"evs":[0.0,-0.19426]},"Q9o":{"weight":1.0,"played":[1.0,0.0],"evs":[0.0,-0.09183]},"K9o":{"weight":1.0,"played":[0.0,1.0],"evs":[0.0,0.10687]},"A9o":{"weight":1.0,"played":[0.0,1.0],"evs":[0.0,0.68042]},"T2s":{"weight":1.0,"played":[1.0,0.0],"evs":[0.0,-0.64853]},"T3s":{"weight":1.0,"played":[1.0,0.0],"evs":[0.0,-0.59964]},"T4s":{"weight":1.0,"played":[1.0,0.0],"evs":[0.0,-0.54698]},"T5s":{"weight":1.0,"played":[1.0,0.0],"evs":[0.0,-0.50801]},"T6s":{"weight":1.0,"played":[1.0,0.0],"evs":[0.0,-0.36843]},"T7s":{"weight":1.0,"played":[1.0,0.0],"evs":[0.0,-0.22796]},"T8s":{"weight":1.0,"played":[1.0,0.0],"evs":[0.0,-0.08042]},"T9s":{"weight":1.0,"played":[0.0,1.0],"evs":[0.0,0.06911]},"TT":{"weight":1.0,"played":[0.0,1.0],"evs":[0.0,1.73405]},"JTo":{"weight":1.0,"played":[0.0,1.0],"evs":[0.0,0.04264]},"QTo":{"weight":1.0,"played":[0.0,1.0],"evs":[0.0,0.16179]},"KTo":{"weight":1.0,"played":[0.0,1.0],"evs":[0.0,0.37543]},"ATo":{"weight":1.0,"played":[0.0,1.0],"evs":[0.0,0.99272]},"J2s":{"weight":1.0,"played":[1.0,0.0],"evs":[0.0,-0.53973]},"J3s":{"weight":1.0,"played":[1.0,0.0],"evs":[0.0,-0.49166]},"J4s":{"weight":1.0,"played":[1.0,0.0],"evs":[0.0,-0.43547]},"J5s":{"weight":1.0,"played":[1.0,0.0],"evs":[0.0,-0.37406]},"J6s":{"weight":1.0,"played":[1.0,0.0],"evs":[0.0,-0.33476]},"J7s":{"weight":1.0,"played":[1.0,0.0],"evs":[0.0,-0.19632]},"J8s":{"weight":1.0,"played":[1.0,0.0],"evs":[0.0,-0.05312]},"J9s":{"weight":1.0,"played":[0.0,1.0],"evs":[0.0,0.09892]},"JTs":{"weight":1.0,"played":[0.0,1.0],"evs":[0.0,0.32279]},"JJ":{"weight":1.0,"played":[0.0,1.0],"evs":[0.0,2.09535]},"QJo":{"weight":1.0,"played":[0.0,1.0],"evs":[0.0,0.27281]},"KJo":{"weight":1.0,"played":[0.0,1.0],"evs":[0.0,0.51694]},"AJo":{"weight":1.0,"played":[0.0,1.0],"evs":[0.0,1.20629]},"Q2s":{"weight":1.0,"played":[1.0,0.0],"evs":[0.0,-0.3815]},"Q3s":{"weight":1.0,"played":[1.0,0.0],"evs":[0.0,-0.3334]},"Q4s":{"weight":1.0,"played":[1.0,0.0],"evs":[0.0,-0.27682]},"Q5s":{"weight":1.0,"played":[1.0,0.0],"evs":[0.0,-0.20986]},"Q6s":{"weight":1.0,"played":[1.0,0.0],"evs":[0.0,-0.14741]},"Q7s":{"weight":1.0,"played":[1.0,0.0],"evs":[0.0,-0.11287]},"Q8s":{"weight":1.0,"played":[0.0,1.0],"evs":[0.0,0.03638]},"Q9s":{"weight":1.0,"played":[0.0,1.0],"evs":[0.0,0.19941]},"QTs":{"weight":1.0,"played":[0.0,1.0],"evs":[0.0,0.4356]},"QJs":{"weight":1.0,"played":[0.0,1.0],"evs":[0.0,0.53553]},"QQ":{"weight":1.0,"played":[0.0,1.0],"evs":[0.0,2.49206]},"KQo":{"weight":1.0,"played":[0.0,1.0],"evs":[0.0,0.70015]},"AQo":{"weight":1.0,"played":[0.0,1.0],"evs":[0.0,1.44075]},"K2s":{"weight":1.0,"played":[1.0,0.0],"evs":[0.0,-0.15654]},"K3s":{"weight":1.0,"played":[1.0,0.0],"evs":[0.0,-0.10973]},"K4s":{"weight":1.0,"played":[1.0,0.0],"evs":[0.0,-0.0533]},"K5s":{"weight":1.0,"played":[0.0012,0.9988],"evs":[0.0,0.0194]},"K6s":{"weight":1.0,"played":[0.0,1.0],"evs":[0.0,0.08564]},"K7s":{"weight":1.0,"played":[0.0,1.0],"evs":[0.0,0.14313]},"K8s":{"weight":1.0,"played":[0.0,1.0],"evs":[0.0,0.20444]},"K9s":{"weight":1.0,"played":[0.0,1.0],"evs":[0.0,0.39303]},"KTs":{"weight":1.0,"played":[0.0,1.0],"evs":[0.0,0.63814]},"KJs":{"weight":1.0,"played":[0.0,1.0],"evs":[0.0,0.7717]},"KQs":{"weight":1.0,"played":[0.0,1.0],"evs":[0.0,0.9462]},"KK":{"weight":1.0,"played":[0.0,1.0],"evs":[0.0,2.97907]},"AKo":{"weight":1.0,"played":[0.0,1.0],"evs":[0.0,1.71081]},"A2s":{"weight":1.0,"played":[0.0,1.0],"evs":[0.0,0.35925]},"A3s":{"weight":1.0,"played":[0.0,1.0],"evs":[0.0,0.40939]},"A4s":{"weight":1.0,"played":[0.0,1.0],"evs":[0.0,0.46843]},"A5s":{"weight":1.0,"played":[0.0,1.0],"evs":[0.0,0.55982]},"A6s":{"weight":1.0,"played":[0.0,1.0],"evs":[0.0,0.55161]},"A7s":{"weight":1.0,"played":[0.0,1.0],"evs":[0.0,0.65729]},"A8s":{"weight":1.0,"played":[0.0,1.0],"evs":[0.0,0.77961]},"A9s":{"weight":1.0,"played":[0.0,1.0],"evs":[0.0,0.93493]},"ATs":{"weight":1.0,"played":[0.0,1.0],"evs":[0.0,1.22832]},"AJs":{"weight":1.0,"played":[0.0,1.0],"evs":[0.0,1.42753]},"AQs":{"weight":1.0,"played":[0.0,1.0],"evs":[0.0,1.64559]},"AKs":{"weight":1.0,"played":[0.0,1.0],"evs":[0.0,1.89944]},"AA":{"weight":1.0,"played":[0.0,1.0],"evs":[0.0,3.81803]}}}