{"player":6,"street":0,"children":2,"sequence":[{"player":0,"type":"F","amount":0,"street":0},{"player":1,"type":"R","amount":4640000,"street":0},{"player":2,"type":"R","amount":8160000,"street":0},{"player":3,"type":"F","amount":0,"street":0},{"player":4,"type":"R","amount":36960000,"street":0},{"player":5,"type":"F","amount":0,"street":0}],"actions":[{"type":"F","amount":0},{"type":"C","amount":15520000}],"hands":{"22":{"weight":1.0,"played":[1.0,0.0],"evs":[0.0,-0.9928]},"32o":{"weight":1.0,"played":[1.0,0.0],"evs":[0.0,-2.87746]},"42o":{"weight":1.0,"played":[1.0,0.0],"evs":[0.0,-2.74227]},"52o":{"weight":1.0,"played":[1.0,0.0],"evs":[0.0,-2.60285]},"62o":{"weight":1.0,"played":[1.0,0.0],"evs":[0.0,-2.79409]},"72o":{"weight":1.0,"played":[1.0,0.0],"evs":[0.0,-2.90179]},"82o":{"weight":1.0,"played":[1.0,0.0],"evs":[0.0,-2.82295]},"92o":{"weight":1.0,"played":[1.0,0.0],"evs":[0.0,-2.83117]},"T2o":{"weight":1.0,"played":[1.0,0.0],"evs":[0.0,-2.83092]},"J2o":{"weight":1.0,"played":[1.0,0.0],"evs":[0.0,-2.7879]},"Q2o":{"weight":1.0,"played":[1.0,0.0],"evs":[0.0,-2.54255]},"K2o":{"weight":1.0,"played":[1.0,0.0],"evs":[0.0,-2.43138]},"A2o":{"weight":1.0,"played":[1.0,0.0],"evs":[0.0,-1.91195]},"32s":{"weight":1.0,"played":[1.0,0.0],"evs":[0.0,-2.1931]},"33":{"weight":1.0,"played":[1.0,0.0],"evs":[0.0,-0.72469]},"43o":{"weight":1.0,"played":[1.0,0.0],"evs":[0.0,-2.42062]},"53o":{"weight":1.0,"played":[1.0,0.0],"evs":[0.0,-2.25282]},"63o":{"weight":1.0,"played":[1.0,0.0],"evs":[0.0,-2.44125]},"73o":{"weight":1.0,"played":[1.0,0.0],"evs":[0.0,-2.60245]},"83o":{"weight":1.0,"played":[1.0,0.0],"evs":[0.0,-2.7996]},"93o":{"weight":1.0,"played":[1.0,0.0],"evs":[0.0,-2.7263]},"T3o":{"weight":1.0,"played":[1.0,0.0],"evs":[0.0,-2.69243]},"J3o":{"weight":1.0,"played":[1.0,0.0],"evs":[0.0,-2.72575]},"Q3o":{"weight":1.0,"played":[1.0,0.0],"evs":[0.0,-2.41089]},"K3o":{"weight":1.0,"played":[1.0,0.0],"evs":[0.0,-2.32173]},"A3o":{"weight":1.0,"played":[1.0,0.0],"evs":[0.0,-1.78652]},"42s":{"weight":1.0,"played":[1.0,0.0],"evs":[0.0,-2.18416]},"43s":{"weight":1.0,"played":[1.0,0.0],"evs":[0.0,-1.80367]},"44":{"weight":1.0,"played":[0.9998,2.0E-4],"evs":[0.0,-0.35209]},"54o":{"weight":1.0,"played":[1.0,0.0],"evs":[0.0,-1.96553]},"64o":{"weight":1.0,"played":[1.0,0.0],"evs":[0.0,-2.0089]},"74o":{"weight":1.0,"played":[1.0,0.0],"evs":[0.0,-2.285]},"84o":{"weight":1.0,"played":[1.0,0.0],"evs":[0.0,-2.40383]},"94o":{"weight":1.0,"played":[1.0,0.0],"evs":[0.0,-2.621]},"T4o":{"weight":1.0,"played":[1.0,0.0],"evs":[0.0,-2.59415]},"J4o":{"weight":1.0,"played":[1.0,0.0],"evs":[0.0,-2.53267]},"Q4o":{"weight":1.0,"played":[1.0,0.0],"evs":[0.0,-2.37102]},"K4o":{"weight":1.0,"played":[1.0,0.0],"evs":[0.0,-2.13963]},"A4o":{"weight":1.0,"played":[1.0,0.0],"evs":[0.0,-1.57803]},"52s":{"weight":1.0,"played":[1.0,0.0],"evs":[0.0,-1.97144]},"53s":{"weight":1.0,"played":[1.0,0.0],"evs":[0.0,-1.54821]},"54s":{"weight":1.0,"played":[1.0,0.0],"evs":[0.0,-1.33223]},"55":{"weight":1.0,"played":[0.4268,0.5732],"evs":[0.0,-0.00671]},"65o":{"weight":1.0,"played":[1.0,0.0],"evs":[0.0,-1.81726]},"75o":{"weight":1.0,"played":[1.0,0.0],"evs":[0.0,-1.95304]},"85o":{"weight":1.0,"played":[1.0,0.0],"evs":[0.0,-2.0893]},"95o":{"weight":1.0,"played":[1.0,0.0],"evs":[0.0,-2.36512]},"T5o":{"weight":1.0,"played":[1.0,0.0],"evs":[0.0,-2.56425]},"J5o":{"weight":1.0,"played":[1.0,0.0],"evs":[0.0,-2.40169]},"Q5o":{"weight":1.0,"played":[1.0,0.0],"evs":[0.0,-2.23302]},"K5o":{"weight":1.0,"played":[1.0,0.0],"evs":[0.0,-2.12619]},"A5o":{"weight":1.0,"played":[1.0,0.0],"evs":[0.0,-1.43959]},"62s":{"weight":1.0,"played":[1.0,0.0],"evs":[0.0,-2.09617]},"63s":{"weight":1.0,"played":[1.0,0.0],"evs":[0.0,-1.67386]},"64s":{"weight":1.0,"played":[1.0,0.0],"evs":[0.0,-1.43611]},"65s":{"weight":1.0,"played":[1.0,0.0],"evs":[0.0,-1.17411]},"66":{"weight":1.0,"played":[9.0E-4,0.9991],"evs":[0.0,0.34869]},"76o":{"weight":1.0,"played":[1.0,0.0],"evs":[0.0,-1.70545]},"86o":{"weight":1.0,"played":[1.0,0.0],"evs":[0.0,-1.83184]},"96o":{"weight":1.0,"played":[1.0,0.0],"evs":[0.0,-2.04704]},"T6o":{"weight":1.0,"played":[1.0,0.0],"evs":[0.0,-2.25907]},"J6o":{"weight":1.0,"played":[1.0,0.0],"evs":[0.0,-2.32862]},"Q6o":{"weight":1.0,"played":[1.0,0.0],"evs":[0.0,-2.11325]},"K6o":{"weight":1.0,"played":[1.0,0.0],"evs":[0.0,-2.00311]},"A6o":{"weight":1.0,"played":[1.0,0.0],"evs":[0.0,-1.5872]},"72s":{"weight":1.0,"played":[1.0,0.0],"evs":[0.0,-2.27325]},"73s":{"weight":1.0,"played":[1.0,0.0],"evs":[0.0,-1.92546]},"74s":{"weight":1.0,"played":[1.0,0.0],"evs":[0.0,-1.66292]},"75s":{"weight":1.0,"played":[1.0,0.0],"evs":[0.0,-1.30433]},"76s":{"weight":1.0,"played":[1.0,0.0],"evs":[0.0,-0.99204]},"77":{"weight":1.0,"played":[0.0,1.0],"evs":[0.0,0.81897]},"87o":{"weight":1.0,"played":[1.0,0.0],"evs":[0.0,-1.64493]},"97o":{"weight":1.0,"played":[1.0,0.0],"evs":[0.0,-1.78527]},"T7o":{"weight":1.0,"played":[1.0,0.0],"evs":[0.0,-1.98184]},"J7o":{"weight":1.0,"played":[1.0,0.0],"evs":[0.0,-2.10476]},"Q7o":{"weight":1.0,"played":[1.0,0.0],"evs":[0.0,-2.06815]},"K7o":{"weight":1.0,"played":[1.0,0.0],"evs":[0.0,-1.89828]},"A7o":{"weight":1.0,"played":[1.0,0.0],"evs":[0.0,-1.33607]},"82s":{"weight":1.0,"played":[1.0,0.0],"evs":[0.0,-2.07526]},"83s":{"weight":1.0,"played":[1.0,0.0],"evs":[0.0,-2.1508]},"84s":{"weight":1.0,"played":[1.0,0.0],"evs":[0.0,-1.77421]},"85s":{"weight":1.0,"played":[1.0,0.0],"evs":[0.0,-1.48406]},"86s":{"weight":1.0,"played":[1.0,0.0],"evs":[0.0,-1.15323]},"87s":{"weight":1.0,"played":[0.9999,1.0E-4],"evs":[0.0,-1.0458]},"88":{"weight":1.0,"played":[0.0,1.0],"evs":[0.0,1.12834]},"98o":{"weight":1.0,"played":[1.0,0.0],"evs":[0.0,-1.58955]},"T8o":{"weight":1.0,"played":[1.0,0.0],"evs":[0.0,-1.68907]},"J8o":{"weight":1.0,"played":[1.0,0.0],"evs":[0.0,-1.81595]},"Q8o":{"weight":1.0,"played":[1.0,0.0],"evs":[0.0,-1.75855]},"K8o":{"weight":1.0,"played":[1.0,0.0],"evs":[0.0,-1.86321]},"A8o":{"weight":1.0,"played":[1.0,0.0],"evs":[0.0,-1.2116]},"92s":{"weight":1.0,"played":[1.0,0.0],"evs":[0.0,-2.11083]},"93s":{"weight":1.0,"played":[1.0,0.0],"evs":[0.0,-2.09107]},"94s":{"weight":1.0,"played":[1.0,0.0],"evs":[0.0,-1.91028]},"95s":{"weight":1.0,"played":[1.0,0.0],"evs":[0.0,-1.67206]},"96s":{"weight":1.0,"played":[1.0,0.0],"evs":[0.0,-1.38582]},"97s":{"weight":1.0,"played":[1.0,0.0],"evs":[0.0,-1.18984]},"98s":{"weight":1.0,"played":[1.0,0.0],"evs":[0.0,-0.97157]},"99":{"weight":1.0,"played":[0.0,1.0],"evs":[0.0,1.69655]},"T9o":{"weight":1.0,"played":[1.0,0.0],"evs":[0.0,-1.52971]},"J9o":{"weight":1.0,"played":[1.0,0.0],"evs":[0.0,-1.663]},"Q9o":{"weight":1.0,"played":[1.0,0.0],"evs":[0.0,-1.62608]},"K9o":{"weight":1.0,"played":[1.0,0.0],"evs":[0.0,-1.60339]},"A9o":{"weight":1.0,"played":[1.0,0.0],"evs":[0.0,-1.01584]},"T2s":{"weight":1.0,"played":[1.0,0.0],"evs":[0.0,-2.17637]},"T3s":{"weight":1.0,"played":[1.0,0.0],"evs":[0.0,-1.9665]},"T4s":{"weight":1.0,"played":[1.0,0.0],"evs":[0.0,-1.95824]},"T5s":{"weight":1.0,"played":[1.0,0.0],"evs":[0.0,-1.91853]},"T6s":{"weight":1.0,"played":[1.0,0.0],"evs":[0.0,-1.51953]},"T7s":{"weight":1.0,"played":[1.0,0.0],"evs":[0.0,-1.24832]},"T8s":{"weight":1.0,"played":[1.0,0.0],"evs":[0.0,-0.93066]},"T9s":{"weight":1.0,"played":[1.0,0.0],"evs":[0.0,-0.90738]},"TT":{"weight":1.0,"played":[0.0,1.0],"evs":[0.0,2.39865]},"JTo":{"weight":1.0,"played":[1.0,0.0],"evs":[0.0,-1.43552]},"QTo":{"weight":1.0,"played":[1.0,0.0],"evs":[0.0,-1.29998]},"KTo":{"weight":1.0,"played":[1.0,0.0],"evs":[0.0,-1.25752]},"ATo":{"weight":1.0,"played":[0.9999,1.0E-4],"evs":[0.0,-0.42216]},"J2s":{"weight":1.0,"played":[1.0,0.0],"evs":[0.0,-2.05453]},"J3s":{"weight":1.0,"played":[1.0,0.0],"evs":[0.0,-2.07481]},"J4s":{"weight":1.0,"played":[1.0,0.0],"evs":[0.0,-1.86884]},"J5s":{"weight":1.0,"played":[1.0,0.0],"evs":[0.0,-1.69354]},"J6s":{"weight":1.0,"played":[1.0,0.0],"evs":[0.0,-1.68402]},"J7s":{"weight":1.0,"played":[1.0,0.0],"evs":[0.0,-1.37332]},"J8s":{"weight":1.0,"played":[1.0,0.0],"evs":[0.0,-1.15871]},"J9s":{"weight":1.0,"played":[1.0,0.0],"evs":[0.0,-1.0068]},"JTs":{"weight":1.0,"played":[1.0,0.0],"evs":[0.0,-0.69059]},"JJ":{"weight":1.0,"played":[0.0,1.0],"evs":[0.0,3.33473]},"QJo":{"weight":1.0,"played":[1.0,0.0],"evs":[0.0,-1.15436]},"KJo":{"weight":1.0,"played":[1.0,0.0],"evs":[0.0,-0.9053]},"AJo":{"weight":1.0,"played":[0.0945,0.9055],"evs":[0.0,0.10656]},"Q2s":{"weight":1.0,"played":[1.0,0.0],"evs":[0.0,-1.81644]},"Q3s":{"weight":1.0,"played":[1.0,0.0],"evs":[0.0,-1.72531]},"Q4s":{"weight":1.0,"played":[1.0,0.0],"evs":[0.0,-1.69021]},"Q5s":{"weight":1.0,"played":[1.0,0.0],"evs":[0.0,-1.47213]},"Q6s":{"weight":1.0,"played":[1.0,0.0],"evs":[0.0,-1.40161]},"Q7s":{"weight":1.0,"played":[1.0,0.0],"evs":[0.0,-1.35051]},"Q8s":{"weight":1.0,"played":[1.0,0.0],"evs":[0.0,-1.15411]},"Q9s":{"weight":1.0,"played":[1.0,0.0],"evs":[0.0,-0.9551]},"QTs":{"weight":1.0,"played":[1.0,0.0],"evs":[0.0,-0.57623]},"QJs":{"weight":1.0,"played":[0.9999,1.0E-4],"evs":[0.0,-0.51847]},"QQ":{"weight":1.0,"played":[0.0,1.0],"evs":[0.0,4.2173]},"KQo":{"weight":1.0,"played":[0.9997,3.0E-4],"evs":[0.0,-0.35152]},"AQo":{"weight":1.0,"played":[0.0,1.0],"evs":[0.0,0.68801]},"K2s":{"weight":1.0,"played":[1.0,0.0],"evs":[0.0,-1.76294]},"K3s":{"weight":1.0,"played":[1.0,0.0],"evs":[0.0,-1.61238]},"K4s":{"weight":1.0,"played":[1.0,0.0],"evs":[0.0,-1.47087]},"K5s":{"weight":1.0,"played":[1.0,0.0],"evs":[0.0,-1.3423]},"K6s":{"weight":1.0,"played":[1.0,0.0],"evs":[0.0,-1.325]},"K7s":{"weight":1.0,"played":[1.0,0.0],"evs":[0.0,-1.22763]},"K8s":{"weight":1.0,"played":[1.0,0.0],"evs":[0.0,-1.17636]},"K9s":{"weight":1.0,"played":[1.0,0.0],"evs":[0.0,-0.89282]},"KTs":{"weight":1.0,"played":[0.9998,2.0E-4],"evs":[0.0,-0.58256]},"KJs":{"weight":1.0,"played":[0.9997,3.0E-4],"evs":[0.0,-0.28722]},"KQs":{"weight":1.0,"played":[6.0E-4,0.9994],"evs":[0.0,0.28532]},"KK":{"weight":1.0,"played":[0.0,1.0],"evs":[0.0,5.44699]},"AKo":{"weight":1.0,"played":[0.0,1.0],"evs":[0.0,1.36711]},"A2s":{"weight":1.0,"played":[1.0,0.0],"evs":[0.0,-1.1478]},"A3s":{"weight":1.0,"played":[1.0,0.0],"evs":[0.0,-0.93234]},"A4s":{"weight":1.0,"played":[1.0,0.0],"evs":[0.0,-0.9165]},"A5s":{"weight":1.0,"played":[1.0,0.0],"evs":[0.0,-0.68339]},"A6s":{"weight":1.0,"played":[1.0,0.0],"evs":[0.0,-0.80513]},"A7s":{"weight":1.0,"played":[1.0,0.0],"evs":[0.0,-0.69781]},"A8s":{"weight":1.0,"played":[1.0,0.0],"evs":[0.0,-0.52664]},"A9s":{"weight":1.0,"played":[0.978,0.022],"evs":[0.0,-0.31417]},"ATs":{"weight":1.0,"played":[3.0E-4,0.9997],"evs":[0.0,0.31983]},"AJs":{"weight":1.0,"played":[0.0,1.0],"evs":[0.0,0.8139]},"AQs":{"weight":1.0,"played":[0.0,1.0],"evs":[0.0,1.37797]},"AKs":{"weight":1.0,"played":[0.0,1.0],"evs":[0.0,1.87625]},"AA":{"weight":1.0,"played":[0.0,1.0],"evs":[0.0,7.06505]}}}