{"player":1,"street":0,"children":2,"sequence":[{"player":0,"type":"R","amount":22880000,"street":0}],"actions":[{"type":"F","amount":0,"node":110},{"type":"C","amount":4640000,"node":157}],"hands":{"22":{"weight":1.0,"played":[1.0,0.0],"evs":[0.0,-0.14866]},"32o":{"weight":1.0,"played":[1.0,0.0],"evs":[0.0,-1.21091]},"42o":{"weight":1.0,"played":[1.0,0.0],"evs":[0.0,-1.1428]},"52o":{"weight":1.0,"played":[1.0,0.0],"evs":[0.0,-1.07765]},"62o":{"weight":1.0,"played":[1.0,0.0],"evs":[0.0,-1.17471]},"72o":{"weight":1.0,"played":[1.0,0.0],"evs":[0.0,-1.26203]},"82o":{"weight":1.0,"played":[1.0,0.0],"evs":[0.0,-1.21899]},"92o":{"weight":1.0,"played":[1.0,0.0],"evs":[0.0,-1.20839]},"T2o":{"weight":1.0,"played":[1.0,0.0],"evs":[0.0,-1.15002]},"J2o":{"weight":1.0,"played":[1.0,0.0],"evs":[0.0,-1.11544]},"Q2o":{"weight":1.0,"played":[1.0,0.0],"evs":[0.0,-0.99808]},"K2o":{"weight":1.0,"played":[1.0,0.0],"evs":[0.0,-0.79307]},"A2o":{"weight":1.0,"played":[1.0,0.0],"evs":[0.0,-0.39351]},"32s":{"weight":1.0,"played":[1.0,0.0],"evs":[0.0,-0.85371]},"33":{"weight":1.0,"played":[1.0,0.0],"evs":[0.0,-0.0395]},"43o":{"weight":1.0,"played":[1.0,0.0],"evs":[0.0,-1.00269]},"53o":{"weight":1.0,"played":[1.0,0.0],"evs":[0.0,-0.93839]},"63o":{"weight":1.0,"played":[1.0,0.0],"evs":[0.0,-1.03023]},"73o":{"weight":1.0,"played":[1.0,0.0],"evs":[0.0,-1.11429]},"83o":{"weight":1.0,"played":[1.0,0.0],"evs":[0.0,-1.22053]},"93o":{"weight":1.0,"played":[1.0,0.0],"evs":[0.0,-1.17042]},"T3o":{"weight":1.0,"played":[1.0,0.0],"evs":[0.0,-1.10788]},"J3o":{"weight":1.0,"played":[1.0,0.0],"evs":[0.0,-1.07803]},"Q3o":{"weight":1.0,"played":[1.0,0.0],"evs":[0.0,-0.95895]},"K3o":{"weight":1.0,"played":[1.0,0.0],"evs":[0.0,-0.75587]},"A3o":{"weight":1.0,"played":[1.0,0.0],"evs":[0.0,-0.35721]},"42s":{"weight":1.0,"played":[1.0,0.0],"evs":[0.0,-0.78378]},"43s":{"weight":1.0,"played":[1.0,0.0],"evs":[0.0,-0.64559]},"44":{"weight":1.0,"played":[0.0,1.0],"evs":[0.0,0.13384]},"54o":{"weight":1.0,"played":[1.0,0.0],"evs":[0.0,-0.77226]},"64o":{"weight":1.0,"played":[1.0,0.0],"evs":[0.0,-0.86268]},"74o":{"weight":1.0,"played":[1.0,0.0],"evs":[0.0,-0.94735]},"84o":{"weight":1.0,"played":[1.0,0.0],"evs":[0.0,-1.04708]},"94o":{"weight":1.0,"played":[1.0,0.0],"evs":[0.0,-1.1421]},"T4o":{"weight":1.0,"played":[1.0,0.0],"evs":[0.0,-1.0459]},"J4o":{"weight":1.0,"played":[1.0,0.0],"evs":[0.0,-1.0125]},"Q4o":{"weight":1.0,"played":[1.0,0.0],"evs":[0.0,-0.89331]},"K4o":{"weight":1.0,"played":[1.0,0.0],"evs":[0.0,-0.69637]},"A4o":{"weight":1.0,"played":[1.0,0.0],"evs":[0.0,-0.2946]},"52s":{"weight":1.0,"played":[1.0,0.0],"evs":[0.0,-0.72103]},"53s":{"weight":1.0,"played":[1.0,0.0],"evs":[0.0,-0.58611]},"54s":{"weight":1.0,"played":[1.0,0.0],"evs":[0.0,-0.44125]},"55":{"weight":1.0,"played":[0.0,1.0],"evs":[0.0,0.29487]},"65o":{"weight":1.0,"played":[1.0,0.0],"evs":[0.0,-0.70446]},"75o":{"weight":1.0,"played":[1.0,0.0],"evs":[0.0,-0.78618]},"85o":{"weight":1.0,"played":[1.0,0.0],"evs":[0.0,-0.87836]},"95o":{"weight":1.0,"played":[1.0,0.0],"evs":[0.0,-0.96662]},"T5o":{"weight":1.0,"played":[1.0,0.0],"evs":[0.0,-1.00678]},"J5o":{"weight":1.0,"played":[1.0,0.0],"evs":[0.0,-0.95037]},"Q5o":{"weight":1.0,"played":[1.0,0.0],"evs":[0.0,-0.82891]},"K5o":{"weight":1.0,"played":[1.0,0.0],"evs":[0.0,-0.6266]},"A5o":{"weight":1.0,"played":[1.0,0.0],"evs":[0.0,-0.21088]},"62s":{"weight":1.0,"played":[1.0,0.0],"evs":[0.0,-0.81207]},"63s":{"weight":1.0,"played":[1.0,0.0],"evs":[0.0,-0.67634]},"64s":{"weight":1.0,"played":[1.0,0.0],"evs":[0.0,-0.51528]},"65s":{"weight":1.0,"played":[1.0,0.0],"evs":[0.0,-0.36952]},"66":{"weight":1.0,"played":[0.0,1.0],"evs":[0.0,0.45627]},"76o":{"weight":1.0,"played":[1.0,0.0],"evs":[0.0,-0.65538]},"86o":{"weight":1.0,"played":[1.0,0.0],"evs":[0.0,-0.73949]},"96o":{"weight":1.0,"played":[1.0,0.0],"evs":[0.0,-0.81912]},"T6o":{"weight":1.0,"played":[1.0,0.0],"evs":[0.0,-0.86685]},"J6o":{"weight":1.0,"played":[1.0,0.0],"evs":[0.0,-0.92999]},"Q6o":{"weight":1.0,"played":[1.0,0.0],"evs":[0.0,-0.78254]},"K6o":{"weight":1.0,"played":[1.0,0.0],"evs":[0.0,-0.5853]},"A6o":{"weight":1.0,"played":[1.0,0.0],"evs":[0.0,-0.28344]},"72s":{"weight":1.0,"played":[1.0,0.0],"evs":[0.0,-0.88471]},"73s":{"weight":1.0,"played":[1.0,0.0],"evs":[0.0,-0.75525]},"74s":{"weight":1.0,"played":[1.0,0.0],"evs":[0.0,-0.59754]},"75s":{"weight":1.0,"played":[1.0,0.0],"evs":[0.0,-0.44794]},"76s":{"weight":1.0,"played":[1.0,0.0],"evs":[0.0,-0.31548]},"77":{"weight":1.0,"played":[0.0,1.0],"evs":[0.0,0.62053]},"87o":{"weight":1.0,"played":[1.0,0.0],"evs":[0.0,-0.62337]},"97o":{"weight":1.0,"played":[1.0,0.0],"evs":[0.0,-0.69505]},"T7o":{"weight":1.0,"played":[1.0,0.0],"evs":[0.0,-0.73139]},"J7o":{"weight":1.0,"played":[1.0,0.0],"evs":[0.0,-0.80213]},"Q7o":{"weight":1.0,"played":[1.0,0.0],"evs":[0.0,-0.77664]},"K7o":{"weight":1.0,"played":[1.0,0.0],"evs":[0.0,-0.55235]},"A7o":{"weight":1.0,"played":[1.0,0.0],"evs":[0.0,-0.18936]},"82s":{"weight":1.0,"played":[1.0,0.0],"evs":[0.0,-0.84681]},"83s":{"weight":1.0,"played":[1.0,0.0],"evs":[0.0,-0.85374]},"84s":{"weight":1.0,"played":[1.0,0.0],"evs":[0.0,-0.69414]},"85s":{"weight":1.0,"played":[1.0,0.0],"evs":[0.0,-0.53261]},"86s":{"weight":1.0,"played":[1.0,0.0],"evs":[0.0,-0.40459]},"87s":{"weight":1.0,"played":[1.0,0.0],"evs":[0.0,-0.29425]},"88":{"weight":1.0,"played":[0.0,1.0],"evs":[0.0,0.8363]},"98o":{"weight":1.0,"played":[1.0,0.0],"evs":[0.0,-0.60991]},"T8o":{"weight":1.0,"played":[1.0,0.0],"evs":[0.0,-0.63005]},"J8o":{"weight":1.0,"played":[1.0,0.0],"evs":[0.0,-0.69623]},"Q8o":{"weight":1.0,"played":[1.0,0.0],"evs":[0.0,-0.67689]},"K8o":{"weight":1.0,"played":[1.0,0.0],"evs":[0.0,-0.56374]},"A8o":{"weight":1.0,"played":[1.0,0.0],"evs":[0.0,-0.05251]},"92s":{"weight":1.0,"played":[1.0,0.0],"evs":[0.0,-0.83283]},"93s":{"weight":1.0,"played":[1.0,0.0],"evs":[0.0,-0.80156]},"94s":{"weight":1.0,"played":[1.0,0.0],"evs":[0.0,-0.76523]},"95s":{"weight":1.0,"played":[1.0,0.0],"evs":[0.0,-0.60896]},"96s":{"weight":1.0,"played":[1.0,0.0],"evs":[0.0,-0.47638]},"97s":{"weight":1.0,"played":[1.0,0.0],"evs":[0.0,-0.35786]},"98s":{"weight":1.0,"played":[1.0,0.0],"evs":[0.0,-0.28351]},"99":{"weight":1.0,"played":[0.0,1.0],"evs":[0.0,1.12227]},"T9o":{"weight":1.0,"played":[1.0,0.0],"evs":[0.0,-0.49939]},"J9o":{"weight":1.0,"played":[1.0,0.0],"evs":[0.0,-0.55588]},"Q9o":{"weight":1.0,"played":[1.0,0.0],"evs":[0.0,-0.52225]},"K9o":{"weight":1.0,"played":[1.0,0.0],"evs":[0.0,-0.39047]},"A9o":{"weight":1.0,"played":[0.0,1.0],"evs":[0.0,0.17433]},"T2s":{"weight":1.0,"played":[1.0,0.0],"evs":[0.0,-0.78802]},"T3s":{"weight":1.0,"played":[1.0,0.0],"evs":[0.0,-0.74231]},"T4s":{"weight":1.0,"played":[1.0,0.0],"evs":[0.0,-0.68317]},"T5s":{"weight":1.0,"played":[1.0,0.0],"evs":[0.0,-0.65185]},"T6s":{"weight":1.0,"played":[1.0,0.0],"evs":[0.0,-0.51382]},"T7s":{"weight":1.0,"played":[1.0,0.0],"evs":[0.0,-0.39459]},"T8s":{"weight":1.0,"played":[1.0,0.0],"evs":[0.0,-0.29113]},"T9s":{"weight":1.0,"played":[1.0,0.0],"evs":[0.0,-0.15854]},"TT":{"weight":1.0,"played":[0.0,1.0],"evs":[0.0,1.53303]},"JTo":{"weight":1.0,"played":[1.0,0.0],"evs":[0.0,-0.32274]},"QTo":{"weight":1.0,"played":[1.0,0.0],"evs":[0.0,-0.28846]},"KTo":{"weight":1.0,"played":[1.0,0.0],"evs":[0.0,-0.14634]},"ATo":{"weight":1.0,"played":[0.0,1.0],"evs":[0.0,0.55589]},"J2s":{"weight":1.0,"played":[1.0,0.0],"evs":[0.0,-0.74334]},"J3s":{"weight":1.0,"played":[1.0,0.0],"evs":[0.0,-0.70736]},"J4s":{"weight":1.0,"played":[1.0,0.0],"evs":[0.0,-0.65064]},"J5s":{"weight":1.0,"played":[1.0,0.0],"evs":[0.0,-0.58626]},"J6s":{"weight":1.0,"played":[1.0,0.0],"evs":[0.0,-0.57128]},"J7s":{"weight":1.0,"played":[1.0,0.0],"evs":[0.0,-0.445]},"J8s":{"weight":1.0,"played":[1.0,0.0],"evs":[0.0,-0.35946]},"J9s":{"weight":1.0,"played":[1.0,0.0],"evs":[0.0,-0.21161]},"JTs":{"weight":1.0,"played":[0.5007,0.4993],"evs":[0.0,-0.00223]},"JJ":{"weight":1.0,"played":[0.0,1.0],"evs":[0.0,1.98016]},"QJo":{"weight":1.0,"played":[1.0,0.0],"evs":[0.0,-0.16145]},"KJo":{"weight":1.0,"played":[1.0E-4,0.9999],"evs":[0.0,0.03457]},"AJo":{"weight":1.0,"played":[0.0,1.0],"evs":[0.0,0.91432]},"Q2s":{"weight":1.0,"played":[1.0,0.0],"evs":[0.0,-0.62806]},"Q3s":{"weight":1.0,"played":[1.0,0.0],"evs":[0.0,-0.59142]},"Q4s":{"weight":1.0,"played":[1.0,0.0],"evs":[0.0,-0.5371]},"Q5s":{"weight":1.0,"played":[1.0,0.0],"evs":[0.0,-0.47798]},"Q6s":{"weight":1.0,"played":[1.0,0.0],"evs":[0.0,-0.42962]},"Q7s":{"weight":1.0,"played":[1.0,0.0],"evs":[0.0,-0.42337]},"Q8s":{"weight":1.0,"played":[1.0,0.0],"evs":[0.0,-0.33153]},"Q9s":{"weight":1.0,"played":[1.0,0.0],"evs":[0.0,-0.19217]},"QTs":{"weight":1.0,"played":[0.0062,0.9938],"evs":[0.0,0.04164]},"QJs":{"weight":1.0,"played":[0.0,1.0],"evs":[0.0,0.15707]},"QQ":{"weight":1.0,"played":[0.0,1.0],"evs":[0.0,2.53261]},"KQo":{"weight":1.0,"played":[0.0,1.0],"evs":[0.0,0.28044]},"AQo":{"weight":1.0,"played":[0.0,1.0],"evs":[0.0,1.2876]},"K2s":{"weight":1.0,"played":[1.0,0.0],"evs":[0.0,-0.43851]},"K3s":{"weight":1.0,"played":[1.0,0.0],"evs":[0.0,-0.39387]},"K4s":{"weight":1.0,"played":[1.0,0.0],"evs":[0.0,-0.33986]},"K5s":{"weight":1.0,"played":[1.0,0.0],"evs":[0.0,-0.27889]},"K6s":{"weight":1.0,"played":[1.0,0.0],"evs":[0.0,-0.24342]},"K7s":{"weight":1.0,"played":[1.0,0.0],"evs":[0.0,-0.20256]},"K8s":{"weight":1.0,"played":[1.0,0.0],"evs":[0.0,-0.2103]},"K9s":{"weight":1.0,"played":[1.0,0.0],"evs":[0.0,-0.05782]},"KTs":{"weight":1.0,"played":[0.0,1.0],"evs":[0.0,0.16227]},"KJs":{"weight":1.0,"played":[0.0,1.0],"evs":[0.0,0.34054]},"KQs":{"weight":1.0,"played":[0.0,1.0],"evs":[0.0,0.57455]},"KK":{"weight":1.0,"played":[0.0,1.0],"evs":[0.0,3.11839]},"AKo":{"weight":1.0,"played":[0.0,1.0],"evs":[0.0,1.69333]},"A2s":{"weight":1.0,"played":[1.0,0.0],"evs":[0.0,-0.0472]},"A3s":{"weight":1.0,"played":[0.998,0.002],"evs":[0.0,-0.01661]},"A4s":{"weight":1.0,"played":[0.0,1.0],"evs":[0.0,0.05672]},"A5s":{"weight":1.0,"played":[0.0,1.0],"evs":[0.0,0.12613]},"A6s":{"weight":1.0,"played":[0.0,1.0],"evs":[0.0,0.07128]},"A7s":{"weight":1.0,"played":[0.0,1.0],"evs":[0.0,0.1571]},"A8s":{"weight":1.0,"played":[0.0,1.0],"evs":[0.0,0.27005]},"A9s":{"weight":1.0,"played":[0.0,1.0],"evs":[0.0,0.48316]},"ATs":{"weight":1.0,"played":[0.0,1.0],"evs":[0.0,0.8334]},"AJs":{"weight":1.0,"played":[0.0,1.0],"evs":[0.0,1.17958]},"AQs":{"weight":1.0,"played":[0.0,1.0],"evs":[0.0,1.5353]},"AKs":{"weight":1.0,"played":[0.0,1.0],"evs":[0.0,1.89674]},"AA":{"weight":1.0,"played":[0.0,1.0],"evs":[0.0,4.27738]}}}