{"player":6,"street":0,"children":2,"sequence":[{"player":0,"type":"R","amount":22880000,"street":0},{"player":1,"type":"F","amount":0,"street":0},{"player":2,"type":"F","amount":0,"street":0},{"player":3,"type":"F","amount":0,"street":0},{"player":4,"type":"F","amount":0,"street":0},{"player":5,"type":"C","amount":21280000,"street":0}],"actions":[{"type":"F","amount":0},{"type":"C","amount":15520000}],"hands":{"22":{"weight":1.0,"played":[1.0,0.0],"evs":[0.0,-4.0293]},"32o":{"weight":1.0,"played":[1.0,0.0],"evs":[0.0,-5.57473]},"42o":{"weight":1.0,"played":[1.0,0.0],"evs":[0.0,-5.47861]},"52o":{"weight":1.0,"played":[1.0,0.0],"evs":[0.0,-5.33762]},"62o":{"weight":1.0,"played":[1.0,0.0],"evs":[0.0,-5.49737]},"72o":{"weight":1.0,"played":[1.0,0.0],"evs":[0.0,-5.71755]},"82o":{"weight":1.0,"played":[1.0,0.0],"evs":[0.0,-5.60336]},"92o":{"weight":1.0,"played":[1.0,0.0],"evs":[0.0,-5.62177]},"T2o":{"weight":1.0,"played":[1.0,0.0],"evs":[0.0,-5.5249]},"J2o":{"weight":1.0,"played":[1.0,0.0],"evs":[0.0,-5.48801]},"Q2o":{"weight":1.0,"played":[1.0,0.0],"evs":[0.0,-5.3673]},"K2o":{"weight":1.0,"played":[1.0,0.0],"evs":[0.0,-5.13359]},"A2o":{"weight":1.0,"played":[1.0,0.0],"evs":[0.0,-5.18939]},"32s":{"weight":1.0,"played":[1.0,0.0],"evs":[0.0,-4.84272]},"33":{"weight":1.0,"played":[1.0,0.0],"evs":[0.0,-3.85704]},"43o":{"weight":1.0,"played":[1.0,0.0],"evs":[0.0,-5.15109]},"53o":{"weight":1.0,"played":[1.0,0.0],"evs":[0.0,-5.03034]},"63o":{"weight":1.0,"played":[1.0,0.0],"evs":[0.0,-5.16231]},"73o":{"weight":1.0,"played":[1.0,0.0],"evs":[0.0,-5.4073]},"83o":{"weight":1.0,"played":[1.0,0.0],"evs":[0.0,-5.57252]},"93o":{"weight":1.0,"played":[1.0,0.0],"evs":[0.0,-5.5858]},"T3o":{"weight":1.0,"played":[1.0,0.0],"evs":[0.0,-5.45391]},"J3o":{"weight":1.0,"played":[1.0,0.0],"evs":[0.0,-5.42091]},"Q3o":{"weight":1.0,"played":[1.0,0.0],"evs":[0.0,-5.2861]},"K3o":{"weight":1.0,"played":[1.0,0.0],"evs":[0.0,-5.04309]},"A3o":{"weight":1.0,"played":[1.0,0.0],"evs":[0.0,-5.10922]},"42s":{"weight":1.0,"played":[1.0,0.0],"evs":[0.0,-4.64376]},"43s":{"weight":1.0,"played":[1.0,0.0],"evs":[0.0,-4.36056]},"44":{"weight":1.0,"played":[1.0,0.0],"evs":[0.0,-3.60463]},"54o":{"weight":1.0,"played":[1.0,0.0],"evs":[0.0,-4.65663]},"64o":{"weight":1.0,"played":[1.0,0.0],"evs":[0.0,-4.83261]},"74o":{"weight":1.0,"played":[1.0,0.0],"evs":[0.0,-5.07563]},"84o":{"weight":1.0,"played":[1.0,0.0],"evs":[0.0,-5.24633]},"94o":{"weight":1.0,"played":[1.0,0.0],"evs":[0.0,-5.53797]},"T4o":{"weight":1.0,"played":[1.0,0.0],"evs":[0.0,-5.34912]},"J4o":{"weight":1.0,"played":[1.0,0.0],"evs":[0.0,-5.28961]},"Q4o":{"weight":1.0,"played":[1.0,0.0],"evs":[0.0,-5.17689]},"K4o":{"weight":1.0,"played":[1.0,0.0],"evs":[0.0,-4.94159]},"A4o":{"weight":1.0,"played":[1.0,0.0],"evs":[0.0,-4.97782]},"52s":{"weight":1.0,"played":[1.0,0.0],"evs":[0.0,-4.49685]},"53s":{"weight":1.0,"played":[1.0,0.0],"evs":[0.0,-4.29778]},"54s":{"weight":1.0,"played":[1.0,0.0],"evs":[0.0,-3.98153]},"55":{"weight":1.0,"played":[1.0,0.0],"evs":[0.0,-3.27989]},"65o":{"weight":1.0,"played":[1.0,0.0],"evs":[0.0,-4.52628]},"75o":{"weight":1.0,"played":[1.0,0.0],"evs":[0.0,-4.74239]},"85o":{"weight":1.0,"played":[1.0,0.0],"evs":[0.0,-4.91885]},"95o":{"weight":1.0,"played":[1.0,0.0],"evs":[0.0,-5.20989]},"T5o":{"weight":1.0,"played":[1.0,0.0],"evs":[0.0,-5.26766]},"J5o":{"weight":1.0,"played":[1.0,0.0],"evs":[0.0,-5.16807]},"Q5o":{"weight":1.0,"played":[1.0,0.0],"evs":[0.0,-5.0712]},"K5o":{"weight":1.0,"played":[1.0,0.0],"evs":[0.0,-4.85033]},"A5o":{"weight":1.0,"played":[1.0,0.0],"evs":[0.0,-4.79571]},"62s":{"weight":1.0,"played":[1.0,0.0],"evs":[0.0,-4.64424]},"63s":{"weight":1.0,"played":[1.0,0.0],"evs":[0.0,-4.40703]},"64s":{"weight":1.0,"played":[1.0,0.0],"evs":[0.0,-4.13639]},"65s":{"weight":1.0,"played":[1.0,0.0],"evs":[0.0,-3.77382]},"66":{"weight":1.0,"played":[1.0,0.0],"evs":[0.0,-2.88807]},"76o":{"weight":1.0,"played":[1.0,0.0],"evs":[0.0,-4.42649]},"86o":{"weight":1.0,"played":[1.0,0.0],"evs":[0.0,-4.61304]},"96o":{"weight":1.0,"played":[1.0,0.0],"evs":[0.0,-4.8253]},"T6o":{"weight":1.0,"played":[1.0,0.0],"evs":[0.0,-4.94055]},"J6o":{"weight":1.0,"played":[1.0,0.0],"evs":[0.0,-5.12019]},"Q6o":{"weight":1.0,"played":[1.0,0.0],"evs":[0.0,-4.90263]},"K6o":{"weight":1.0,"played":[1.0,0.0],"evs":[0.0,-4.70352]},"A6o":{"weight":1.0,"played":[1.0,0.0],"evs":[0.0,-4.95397]},"72s":{"weight":1.0,"played":[1.0,0.0],"evs":[0.0,-4.92155]},"73s":{"weight":1.0,"played":[1.0,0.0],"evs":[0.0,-4.63534]},"74s":{"weight":1.0,"played":[1.0,0.0],"evs":[0.0,-4.30089]},"75s":{"weight":1.0,"played":[1.0,0.0],"evs":[0.0,-3.91978]},"76s":{"weight":1.0,"played":[1.0,0.0],"evs":[0.0,-3.70543]},"77":{"weight":1.0,"played":[1.0,0.0],"evs":[0.0,-2.60997]},"87o":{"weight":1.0,"played":[1.0,0.0],"evs":[0.0,-4.42234]},"97o":{"weight":1.0,"played":[1.0,0.0],"evs":[0.0,-4.61154]},"T7o":{"weight":1.0,"played":[1.0,0.0],"evs":[0.0,-4.64664]},"J7o":{"weight":1.0,"played":[1.0,0.0],"evs":[0.0,-4.83129]},"Q7o":{"weight":1.0,"played":[1.0,0.0],"evs":[0.0,-4.9517]},"K7o":{"weight":1.0,"played":[1.0,0.0],"evs":[0.0,-4.65811]},"A7o":{"weight":1.0,"played":[1.0,0.0],"evs":[0.0,-4.76804]},"82s":{"weight":1.0,"played":[1.0,0.0],"evs":[0.0,-4.85734]},"83s":{"weight":1.0,"played":[1.0,0.0],"evs":[0.0,-4.85706]},"84s":{"weight":1.0,"played":[1.0,0.0],"evs":[0.0,-4.53073]},"85s":{"weight":1.0,"played":[1.0,0.0],"evs":[0.0,-4.1322]},"86s":{"weight":1.0,"played":[1.0,0.0],"evs":[0.0,-3.8988]},"87s":{"weight":1.0,"played":[1.0,0.0],"evs":[0.0,-3.73971]},"88":{"weight":1.0,"played":[1.0,0.0],"evs":[0.0,-2.12828]},"98o":{"weight":1.0,"played":[1.0,0.0],"evs":[0.0,-4.40638]},"T8o":{"weight":1.0,"played":[1.0,0.0],"evs":[0.0,-4.42206]},"J8o":{"weight":1.0,"played":[1.0,0.0],"evs":[0.0,-4.62716]},"Q8o":{"weight":1.0,"played":[1.0,0.0],"evs":[0.0,-4.7444]},"K8o":{"weight":1.0,"played":[1.0,0.0],"evs":[0.0,-4.70179]},"A8o":{"weight":1.0,"played":[1.0,0.0],"evs":[0.0,-4.63148]},"92s":{"weight":1.0,"played":[1.0,0.0],"evs":[0.0,-4.86449]},"93s":{"weight":1.0,"played":[1.0,0.0],"evs":[0.0,-4.77209]},"94s":{"weight":1.0,"played":[1.0,0.0],"evs":[0.0,-4.81416]},"95s":{"weight":1.0,"played":[1.0,0.0],"evs":[0.0,-4.43472]},"96s":{"weight":1.0,"played":[1.0,0.0],"evs":[0.0,-4.1014]},"97s":{"weight":1.0,"played":[1.0,0.0],"evs":[0.0,-3.84579]},"98s":{"weight":1.0,"played":[1.0,0.0],"evs":[0.0,-3.68146]},"99":{"weight":1.0,"played":[1.0,0.0],"evs":[0.0,-1.64626]},"T9o":{"weight":1.0,"played":[1.0,0.0],"evs":[0.0,-4.24179]},"J9o":{"weight":1.0,"played":[1.0,0.0],"evs":[0.0,-4.38554]},"Q9o":{"weight":1.0,"played":[1.0,0.0],"evs":[0.0,-4.53059]},"K9o":{"weight":1.0,"played":[1.0,0.0],"evs":[0.0,-4.47247]},"A9o":{"weight":1.0,"played":[1.0,0.0],"evs":[0.0,-4.25942]},"T2s":{"weight":1.0,"played":[1.0,0.0],"evs":[0.0,-4.72002]},"T3s":{"weight":1.0,"played":[1.0,0.0],"evs":[0.0,-4.66868]},"T4s":{"weight":1.0,"played":[1.0,0.0],"evs":[0.0,-4.57857]},"T5s":{"weight":1.0,"played":[1.0,0.0],"evs":[0.0,-4.48961]},"T6s":{"weight":1.0,"played":[1.0,0.0],"evs":[0.0,-4.20723]},"T7s":{"weight":1.0,"played":[1.0,0.0],"evs":[0.0,-3.92142]},"T8s":{"weight":1.0,"played":[1.0,0.0],"evs":[0.0,-3.75475]},"T9s":{"weight":1.0,"played":[1.0,0.0],"evs":[0.0,-3.56381]},"TT":{"weight":1.0,"played":[1.0,0.0],"evs":[0.0,-0.72299]},"JTo":{"weight":1.0,"played":[1.0,0.0],"evs":[0.0,-3.96488]},"QTo":{"weight":1.0,"played":[1.0,0.0],"evs":[0.0,-3.99487]},"KTo":{"weight":1.0,"played":[1.0,0.0],"evs":[0.0,-3.97833]},"ATo":{"weight":1.0,"played":[1.0,0.0],"evs":[0.0,-3.4761]},"J2s":{"weight":1.0,"played":[1.0,0.0],"evs":[0.0,-4.72855]},"J3s":{"weight":1.0,"played":[1.0,0.0],"evs":[0.0,-4.6396]},"J4s":{"weight":1.0,"played":[1.0,0.0],"evs":[0.0,-4.5278]},"J5s":{"weight":1.0,"played":[1.0,0.0],"evs":[0.0,-4.38439]},"J6s":{"weight":1.0,"played":[1.0,0.0],"evs":[0.0,-4.29332]},"J7s":{"weight":1.0,"played":[1.0,0.0],"evs":[0.0,-4.05586]},"J8s":{"weight":1.0,"played":[1.0,0.0],"evs":[0.0,-3.86223]},"J9s":{"weight":1.0,"played":[1.0,0.0],"evs":[0.0,-3.6482]},"JTs":{"weight":1.0,"played":[1.0,0.0],"evs":[0.0,-3.19238]},"JJ":{"weight":1.0,"played":[0.0,1.0],"evs":[0.0,0.20223]},"QJo":{"weight":1.0,"played":[1.0,0.0],"evs":[0.0,-3.89224]},"KJo":{"weight":1.0,"played":[1.0,0.0],"evs":[0.0,-3.73152]},"AJo":{"weight":1.0,"played":[1.0,0.0],"evs":[0.0,-2.78725]},"Q2s":{"weight":1.0,"played":[1.0,0.0],"evs":[0.0,-4.55558]},"Q3s":{"weight":1.0,"played":[1.0,0.0],"evs":[0.0,-4.49421]},"Q4s":{"weight":1.0,"played":[1.0,0.0],"evs":[0.0,-4.41183]},"Q5s":{"weight":1.0,"played":[1.0,0.0],"evs":[0.0,-4.33177]},"Q6s":{"weight":1.0,"played":[1.0,0.0],"evs":[0.0,-4.11183]},"Q7s":{"weight":1.0,"played":[1.0,0.0],"evs":[0.0,-4.18665]},"Q8s":{"weight":1.0,"played":[1.0,0.0],"evs":[0.0,-3.93003]},"Q9s":{"weight":1.0,"played":[1.0,0.0],"evs":[0.0,-3.74059]},"QTs":{"weight":1.0,"played":[1.0,0.0],"evs":[0.0,-3.34385]},"QJs":{"weight":1.0,"played":[1.0,0.0],"evs":[0.0,-3.17183]},"QQ":{"weight":1.0,"played":[0.0,1.0],"evs":[0.0,1.45368]},"KQo":{"weight":1.0,"played":[1.0,0.0],"evs":[0.0,-3.27301]},"AQo":{"weight":1.0,"played":[1.0,0.0],"evs":[0.0,-1.89101]},"K2s":{"weight":1.0,"played":[1.0,0.0],"evs":[0.0,-4.33929]},"K3s":{"weight":1.0,"played":[1.0,0.0],"evs":[0.0,-4.21879]},"K4s":{"weight":1.0,"played":[1.0,0.0],"evs":[0.0,-4.17168]},"K5s":{"weight":1.0,"played":[1.0,0.0],"evs":[0.0,-4.05614]},"K6s":{"weight":1.0,"played":[1.0,0.0],"evs":[0.0,-3.88864]},"K7s":{"weight":1.0,"played":[1.0,0.0],"evs":[0.0,-3.89502]},"K8s":{"weight":1.0,"played":[1.0,0.0],"evs":[0.0,-3.90012]},"K9s":{"weight":1.0,"played":[1.0,0.0],"evs":[0.0,-3.75607]},"KTs":{"weight":1.0,"played":[1.0,0.0],"evs":[0.0,-3.29893]},"KJs":{"weight":1.0,"played":[1.0,0.0],"evs":[0.0,-2.98009]},"KQs":{"weight":1.0,"played":[1.0,0.0],"evs":[0.0,-2.62316]},"KK":{"weight":1.0,"played":[0.0,1.0],"evs":[0.0,2.90039]},"AKo":{"weight":1.0,"played":[1.0,0.0],"evs":[0.0,-0.9889]},"A2s":{"weight":1.0,"played":[1.0,0.0],"evs":[0.0,-4.3703]},"A3s":{"weight":1.0,"played":[1.0,0.0],"evs":[0.0,-4.1738]},"A4s":{"weight":1.0,"played":[1.0,0.0],"evs":[0.0,-4.07507]},"A5s":{"weight":1.0,"played":[1.0,0.0],"evs":[0.0,-3.99102]},"A6s":{"weight":1.0,"played":[1.0,0.0],"evs":[0.0,-4.12912]},"A7s":{"weight":1.0,"played":[1.0,0.0],"evs":[0.0,-3.93458]},"A8s":{"weight":1.0,"played":[1.0,0.0],"evs":[0.0,-3.701]},"A9s":{"weight":1.0,"played":[1.0,0.0],"evs":[0.0,-3.50666]},"ATs":{"weight":1.0,"played":[1.0,0.0],"evs":[0.0,-2.71162]},"AJs":{"weight":1.0,"played":[1.0,0.0],"evs":[0.0,-2.09434]},"AQs":{"weight":1.0,"played":[1.0,0.0],"evs":[0.0,-1.23706]},"AKs":{"weight":1.0,"played":[1.0,0.0],"evs":[0.0,-0.31985]},"AA":{"weight":1.0,"played":[0.0,1.0],"evs":[0.0,5.66726]}}}