{"player":4,"street":0,"children":2,"sequence":[{"player":0,"type":"R","amount":22880000,"street":0},{"player":1,"type":"F","amount":0,"street":0},{"player":2,"type":"F","amount":0,"street":0},{"player":3,"type":"F","amount":0,"street":0},{"player":4,"type":"C","amount":22880000,"street":0},{"player":5,"type":"R","amount":36960000,"street":0},{"player":6,"type":"F","amount":0,"street":0}],"actions":[{"type":"F","amount":0},{"type":"C","amount":14080000}],"hands":{"22":{"weight":0.0,"played":[0.9369,0.0631],"evs":[0.0,-0.25199]},"32o":{"weight":0.0,"played":[1.0,0.0],"evs":[0.0,-1.56417]},"42o":{"weight":0.0,"played":[1.0,0.0],"evs":[0.0,-1.33454]},"52o":{"weight":0.0,"played":[1.0,0.0],"evs":[0.0,-1.31077]},"62o":{"weight":0.0,"played":[1.0,0.0],"evs":[0.0,-1.72748]},"72o":{"weight":0.0,"played":[1.0,0.0],"evs":[0.0,-2.07561]},"82o":{"weight":0.0,"played":[1.0,0.0],"evs":[0.0,-1.92687]},"92o":{"weight":0.0,"played":[1.0,0.0],"evs":[0.0,-2.12143]},"T2o":{"weight":0.0,"played":[1.0,0.0],"evs":[0.0,-2.10855]},"J2o":{"weight":0.0,"played":[1.0,0.0],"evs":[0.0,-2.20812]},"Q2o":{"weight":0.0,"played":[0.9999,1.0E-4],"evs":[0.0,-1.6066]},"K2o":{"weight":0.0,"played":[1.0,0.0],"evs":[0.0,-1.04546]},"A2o":{"weight":0.0,"played":[0.2286,0.7714],"evs":[0.0,-1.5E-4]},"32s":{"weight":0.0,"played":[0.998,0.002],"evs":[0.0,-0.46571]},"33":{"weight":0.0,"played":[0.7363,0.2637],"evs":[0.0,-0.06144]},"43o":{"weight":0.0,"played":[1.0,0.0],"evs":[0.0,-1.00905]},"53o":{"weight":0.0,"played":[0.9996,4.0E-4],"evs":[0.0,-0.69865]},"63o":{"weight":0.0,"played":[1.0,0.0],"evs":[0.0,-1.01432]},"73o":{"weight":0.0,"played":[1.0,0.0],"evs":[0.0,-1.52496]},"83o":{"weight":0.0,"played":[1.0,0.0],"evs":[0.0,-2.03334]},"93o":{"weight":0.0,"played":[1.0,0.0],"evs":[0.0,-2.06901]},"T3o":{"weight":0.0,"played":[1.0,0.0],"evs":[0.0,-1.9933]},"J3o":{"weight":0.0,"played":[1.0,0.0],"evs":[0.0,-2.14147]},"Q3o":{"weight":0.0,"played":[0.9999,1.0E-4],"evs":[0.0,-1.40362]},"K3o":{"weight":0.0,"played":[0.9999,1.0E-4],"evs":[0.0,-0.97821]},"A3o":{"weight":0.0,"played":[0.0012,0.9988],"evs":[0.0,0.1767]},"42s":{"weight":0.0,"played":[0.9862,0.0138],"evs":[0.0,-0.39147]},"43s":{"weight":0.0,"played":[0.615,0.385],"evs":[0.0,0.03346]},"44":{"weight":0.0078,"played":[0.002,0.998],"evs":[0.0,0.18551]},"54o":{"weight":0.0,"played":[0.9993,7.0E-4],"evs":[0.0,-0.28375]},"64o":{"weight":0.0,"played":[0.9997,3.0E-4],"evs":[0.0,-0.73751]},"74o":{"weight":0.0,"played":[1.0,0.0],"evs":[0.0,-1.17362]},"84o":{"weight":0.0,"played":[1.0,0.0],"evs":[0.0,-1.45557]},"94o":{"weight":0.0,"played":[1.0,0.0],"evs":[0.0,-1.89879]},"T4o":{"weight":0.0,"played":[1.0,0.0],"evs":[0.0,-1.78214]},"J4o":{"weight":0.0,"played":[1.0,0.0],"evs":[0.0,-1.90066]},"Q4o":{"weight":0.0,"played":[1.0,0.0],"evs":[0.0,-1.33187]},"K4o":{"weight":0.0,"played":[0.9992,8.0E-4],"evs":[0.0,-0.94593]},"A4o":{"weight":0.0,"played":[0.0,1.0],"evs":[0.0,0.35144]},"52s":{"weight":0.0,"played":[0.9856,0.0144],"evs":[0.0,-0.22328]},"53s":{"weight":0.0,"played":[0.6311,0.3689],"evs":[0.0,-0.02701]},"54s":{"weight":0.0,"played":[0.0056,0.9944],"evs":[0.0,0.45683]},"55":{"weight":0.407,"played":[0.0024,0.9976],"evs":[0.0,0.23035]},"65o":{"weight":0.0,"played":[0.9999,1.0E-4],"evs":[0.0,-0.39128]},"75o":{"weight":0.0,"played":[1.0,0.0],"evs":[0.0,-0.66833]},"85o":{"weight":0.0,"played":[1.0,0.0],"evs":[0.0,-1.15026]},"95o":{"weight":0.0,"played":[1.0,0.0],"evs":[0.0,-1.41838]},"T5o":{"weight":0.0,"played":[1.0,0.0],"evs":[0.0,-1.72042]},"J5o":{"weight":0.0,"played":[1.0,0.0],"evs":[0.0,-1.87543]},"Q5o":{"weight":0.0,"played":[1.0,0.0],"evs":[0.0,-1.22142]},"K5o":{"weight":0.0,"played":[0.9999,1.0E-4],"evs":[0.0,-0.48415]},"A5o":{"weight":0.0,"played":[0.0023,0.9977],"evs":[0.0,0.3424]},"62s":{"weight":0.0,"played":[0.9998,2.0E-4],"evs":[0.0,-0.49392]},"63s":{"weight":0.0,"played":[0.9616,0.0384],"evs":[0.0,-0.12779]},"64s":{"weight":0.0,"played":[9.0E-4,0.9991],"evs":[0.0,0.41624]},"65s":{"weight":0.0,"played":[0.002,0.998],"evs":[0.0,0.45885]},"66":{"weight":0.1739,"played":[0.023,0.977],"evs":[0.0,0.2983]},"76o":{"weight":0.0,"played":[0.9986,0.0014],"evs":[0.0,-0.42142]},"86o":{"weight":0.0,"played":[1.0,0.0],"evs":[0.0,-0.83731]},"96o":{"weight":0.0,"played":[0.9999,1.0E-4],"evs":[0.0,-1.14054]},"T6o":{"weight":0.0,"played":[1.0,0.0],"evs":[0.0,-1.49029]},"J6o":{"weight":0.0,"played":[1.0,0.0],"evs":[0.0,-1.91077]},"Q6o":{"weight":0.0,"played":[1.0,0.0],"evs":[0.0,-1.34064]},"K6o":{"weight":0.0,"played":[0.9993,7.0E-4],"evs":[0.0,-0.64744]},"A6o":{"weight":0.0,"played":[0.5128,0.4872],"evs":[0.0,-0.01871]},"72s":{"weight":0.0,"played":[0.9999,1.0E-4],"evs":[0.0,-1.02546]},"73s":{"weight":0.0,"played":[0.9993,7.0E-4],"evs":[0.0,-0.74472]},"74s":{"weight":0.0,"played":[0.9653,0.0347],"evs":[0.0,0.02095]},"75s":{"weight":0.0,"played":[2.0E-4,0.9998],"evs":[0.0,0.29691]},"76s":{"weight":0.0,"played":[1.0E-4,0.9999],"evs":[0.0,0.53805]},"77":{"weight":0.2881,"played":[0.0211,0.9789],"evs":[0.0,0.28399]},"87o":{"weight":0.0,"played":[0.9988,0.0012],"evs":[0.0,-0.45264]},"97o":{"weight":0.0,"played":[0.9999,1.0E-4],"evs":[0.0,-0.92119]},"T7o":{"weight":0.0,"played":[0.9998,2.0E-4],"evs":[0.0,-1.14536]},"J7o":{"weight":0.0,"played":[1.0,0.0],"evs":[0.0,-1.64876]},"Q7o":{"weight":0.0,"played":[1.0,0.0],"evs":[0.0,-1.37858]},"K7o":{"weight":0.0,"played":[0.9991,9.0E-4],"evs":[0.0,-0.62629]},"A7o":{"weight":0.0,"played":[0.3003,0.6997],"evs":[0.0,0.06738]},"82s":{"weight":0.0,"played":[0.9998,2.0E-4],"evs":[0.0,-1.04594]},"83s":{"weight":0.0,"played":[0.9956,0.0044],"evs":[0.0,-0.85177]},"84s":{"weight":0.0,"played":[0.9997,3.0E-4],"evs":[0.0,-0.49244]},"85s":{"weight":0.0,"played":[0.5767,0.4233],"evs":[0.0,-0.03661]},"86s":{"weight":0.0,"played":[0.7755,0.2245],"evs":[0.0,0.1561]},"87s":{"weight":0.0,"played":[1.0E-4,0.9999],"evs":[0.0,0.49596]},"88":{"weight":0.3798,"played":[0.0343,0.9657],"evs":[0.0,0.36983]},"98o":{"weight":0.0,"played":[0.9992,8.0E-4],"evs":[0.0,-0.83157]},"T8o":{"weight":0.0,"played":[0.9996,4.0E-4],"evs":[0.0,-1.0458]},"J8o":{"weight":0.0,"played":[0.9997,3.0E-4],"evs":[0.0,-1.52033]},"Q8o":{"weight":0.0,"played":[0.9999,1.0E-4],"evs":[0.0,-1.09667]},"K8o":{"weight":0.0,"played":[1.0,0.0],"evs":[0.0,-0.81805]},"A8o":{"weight":0.0,"played":[0.6253,0.3747],"evs":[0.0,-0.06748]},"92s":{"weight":0.0,"played":[0.9996,4.0E-4],"evs":[0.0,-0.9101]},"93s":{"weight":0.0,"played":[0.999,0.001],"evs":[0.0,-1.03427]},"94s":{"weight":0.0,"played":[0.9968,0.0032],"evs":[0.0,-0.91543]},"95s":{"weight":0.0,"played":[0.9958,0.0042],"evs":[0.0,-0.51589]},"96s":{"weight":0.0,"played":[0.905,0.095],"evs":[0.0,-0.11922]},"97s":{"weight":0.0,"played":[0.2234,0.7766],"evs":[0.0,0.13447]},"98s":{"weight":0.0,"played":[0.0448,0.9552],"evs":[0.0,0.15877]},"99":{"weight":0.6658,"played":[0.0186,0.9814],"evs":[0.0,0.22978]},"T9o":{"weight":0.0,"played":[0.999,0.001],"evs":[0.0,-0.94816]},"J9o":{"weight":0.0,"played":[1.0,0.0],"evs":[0.0,-1.21893]},"Q9o":{"weight":0.0,"played":[1.0,0.0],"evs":[0.0,-0.88729]},"K9o":{"weight":0.0,"played":[0.9985,0.0015],"evs":[0.0,-0.66138]},"A9o":{"weight":0.4858,"played":[0.1003,0.8997],"evs":[0.0,0.13406]},"T2s":{"weight":0.0,"played":[0.9999,1.0E-4],"evs":[0.0,-1.13637]},"T3s":{"weight":0.0,"played":[0.9992,8.0E-4],"evs":[0.0,-0.88518]},"T4s":{"weight":0.0,"played":[0.9936,0.0064],"evs":[0.0,-0.79751]},"T5s":{"weight":0.0,"played":[0.9981,0.0019],"evs":[0.0,-0.77008]},"T6s":{"weight":0.0,"played":[0.9562,0.0438],"evs":[0.0,-0.42083]},"T7s":{"weight":0.0,"played":[0.9843,0.0157],"evs":[0.0,-0.17751]},"T8s":{"weight":0.0,"played":[0.9491,0.0509],"evs":[0.0,-0.18619]},"T9s":{"weight":0.0,"played":[0.4818,0.5182],"evs":[0.0,-0.08179]},"TT":{"weight":0.1386,"played":[0.2363,0.7637],"evs":[0.0,0.02702]},"JTo":{"weight":0.0,"played":[0.9997,3.0E-4],"evs":[0.0,-1.17715]},"QTo":{"weight":0.0,"played":[0.9986,0.0014],"evs":[0.0,-0.71522]},"KTo":{"weight":0.0,"played":[0.9945,0.0055],"evs":[0.0,-0.37625]},"ATo":{"weight":0.7382,"played":[0.0,1.0],"evs":[0.0,0.20658]},"J2s":{"weight":0.0,"played":[0.9997,3.0E-4],"evs":[0.0,-1.20572]},"J3s":{"weight":0.0,"played":[0.9993,7.0E-4],"evs":[0.0,-1.09777]},"J4s":{"weight":0.0,"played":[0.9992,8.0E-4],"evs":[0.0,-1.01416]},"J5s":{"weight":0.0,"played":[0.999,0.001],"evs":[0.0,-0.8823]},"J6s":{"weight":0.0,"played":[0.9958,0.0042],"evs":[0.0,-0.92173]},"J7s":{"weight":0.0,"played":[0.9976,0.0024],"evs":[0.0,-0.79302]},"J8s":{"weight":0.0,"played":[0.989,0.011],"evs":[0.0,-0.50171]},"J9s":{"weight":0.0,"played":[0.7983,0.2017],"evs":[0.0,-0.23155]},"JTs":{"weight":0.0,"played":[0.0031,0.9969],"evs":[0.0,0.05669]},"JJ":{"weight":0.1314,"played":[0.0,1.0],"evs":[0.0,0.76273]},"QJo":{"weight":0.0,"played":[1.0,0.0],"evs":[0.0,-0.79166]},"KJo":{"weight":0.0,"played":[0.931,0.069],"evs":[0.0,-0.53512]},"AJo":{"weight":0.215,"played":[0.0,1.0],"evs":[0.0,0.26828]},"Q2s":{"weight":0.0,"played":[0.9666,0.0334],"evs":[0.0,-0.56699]},"Q3s":{"weight":0.0,"played":[0.9088,0.0912],"evs":[0.0,-0.40264]},"Q4s":{"weight":0.0,"played":[0.9888,0.0112],"evs":[0.0,-0.41637]},"Q5s":{"weight":0.0,"played":[0.9418,0.0582],"evs":[0.0,-0.36167]},"Q6s":{"weight":0.0,"played":[0.74,0.26],"evs":[0.0,-0.05959]},"Q7s":{"weight":0.0,"played":[0.9322,0.0678],"evs":[0.0,-0.20664]},"Q8s":{"weight":0.0,"played":[0.3905,0.6095],"evs":[0.0,0.03592]},"Q9s":{"weight":0.0,"played":[0.5391,0.4609],"evs":[0.0,-0.04939]},"QTs":{"weight":0.0,"played":[3.0E-4,0.9997],"evs":[0.0,0.40891]},"QJs":{"weight":0.0,"played":[0.4688,0.5312],"evs":[0.0,0.07883]},"QQ":{"weight":0.4426,"played":[0.0,1.0],"evs":[0.0,4.27323]},"KQo":{"weight":0.7372,"played":[0.0,1.0],"evs":[0.0,0.32411]},"AQo":{"weight":0.3042,"played":[0.0,1.0],"evs":[0.0,1.23727]},"K2s":{"weight":0.0,"played":[0.4071,0.5929],"evs":[0.0,0.07268]},"K3s":{"weight":0.0,"played":[0.0177,0.9823],"evs":[0.0,0.39263]},"K4s":{"weight":0.0,"played":[0.2173,0.7827],"evs":[0.0,-0.05316]},"K5s":{"weight":0.0,"played":[0.0032,0.9968],"evs":[0.0,0.32003]},"K6s":{"weight":0.0,"played":[0.0153,0.9847],"evs":[0.0,0.37014]},"K7s":{"weight":0.0,"played":[0.0108,0.9892],"evs":[0.0,0.46081]},"K8s":{"weight":0.0,"played":[0.0017,0.9983],"evs":[0.0,0.25514]},"K9s":{"weight":0.0,"played":[0.0017,0.9983],"evs":[0.0,0.36708]},"KTs":{"weight":0.0,"played":[0.0075,0.9925],"evs":[0.0,0.69793]},"KJs":{"weight":0.9187,"played":[2.0E-4,0.9998],"evs":[0.0,0.53008]},"KQs":{"weight":0.6525,"played":[1.0E-4,0.9999],"evs":[0.0,1.42465]},"KK":{"weight":0.5448,"played":[0.0,1.0],"evs":[0.0,8.43818]},"AKo":{"weight":0.0184,"played":[0.0,1.0],"evs":[0.0,2.85516]},"A2s":{"weight":0.0,"played":[0.0,1.0],"evs":[0.0,1.06169]},"A3s":{"weight":0.0,"played":[0.0,1.0],"evs":[0.0,1.23402]},"A4s":{"weight":0.0,"played":[0.0,1.0],"evs":[0.0,1.27293]},"A5s":{"weight":0.0,"played":[3.0E-4,0.9997],"evs":[0.0,1.51018]},"A6s":{"weight":0.0,"played":[0.0031,0.9969],"evs":[0.0,1.08966]},"A7s":{"weight":0.0,"played":[0.0,1.0],"evs":[0.0,1.07606]},"A8s":{"weight":0.8441,"played":[4.0E-4,0.9996],"evs":[0.0,0.87558]},"A9s":{"weight":0.668,"played":[0.0,1.0],"evs":[0.0,0.82489]},"ATs":{"weight":0.7321,"played":[1.0E-4,0.9999],"evs":[0.0,1.23722]},"AJs":{"weight":0.1329,"played":[0.0,1.0],"evs":[0.0,1.25903]},"AQs":{"weight":0.0277,"played":[0.0,1.0],"evs":[0.0,2.12796]},"AKs":{"weight":0.021,"played":[0.0,1.0],"evs":[0.0,3.76409]},"AA":{"weight":0.8369,"played":[0.0,1.0],"evs":[0.0,13.98583]}}}