{"player":4,"street":0,"children":2,"sequence":[{"player":0,"type":"R","amount":22880000,"street":0},{"player":1,"type":"F","amount":0,"street":0},{"player":2,"type":"F","amount":0,"street":0},{"player":3,"type":"F","amount":0,"street":0},{"player":4,"type":"C","amount":22880000,"street":0},{"player":5,"type":"R","amount":36960000,"street":0},{"player":6,"type":"C","amount":15520000,"street":0}],"actions":[{"type":"F","amount":0},{"type":"C","amount":14080000}],"hands":{"22":{"weight":0.0,"played":[0.532,0.468],"evs":[0.0,-0.24326]},"32o":{"weight":0.0,"played":[0.9976,0.0024],"evs":[0.0,-0.85749]},"42o":{"weight":0.0,"played":[0.9216,0.0784],"evs":[0.0,-0.90516]},"52o":{"weight":0.0,"played":[0.1079,0.8921],"evs":[0.0,0.52597]},"62o":{"weight":0.0,"played":[0.8908,0.1092],"evs":[0.0,-0.99591]},"72o":{"weight":0.0,"played":[0.9954,0.0046],"evs":[0.0,-1.78879]},"82o":{"weight":0.0,"played":[0.9348,0.0652],"evs":[0.0,-1.9389]},"92o":{"weight":0.0,"played":[0.9948,0.0052],"evs":[0.0,-1.43854]},"T2o":{"weight":0.0,"played":[0.9939,0.0061],"evs":[0.0,-2.70238]},"J2o":{"weight":0.0,"played":[0.954,0.046],"evs":[0.0,-1.27784]},"Q2o":{"weight":0.0,"played":[0.6721,0.3279],"evs":[0.0,-0.07307]},"K2o":{"weight":0.0,"played":[0.9958,0.0042],"evs":[0.0,-0.33941]},"A2o":{"weight":0.0,"played":[0.3003,0.6997],"evs":[0.0,-0.26829]},"32s":{"weight":0.0,"played":[0.2346,0.7654],"evs":[0.0,0.15841]},"33":{"weight":0.0,"played":[0.3927,0.6073],"evs":[0.0,1.02906]},"43o":{"weight":0.0,"played":[0.9207,0.0793],"evs":[0.0,-1.01594]},"53o":{"weight":0.0,"played":[0.3962,0.6038],"evs":[0.0,-0.14123]},"63o":{"weight":0.0,"played":[0.8735,0.1265],"evs":[0.0,-0.98354]},"73o":{"weight":0.0,"played":[0.2472,0.7528],"evs":[0.0,1.62221]},"83o":{"weight":0.0,"played":[0.9944,0.0056],"evs":[0.0,-1.74331]},"93o":{"weight":0.0,"played":[0.9966,0.0034],"evs":[0.0,-1.32293]},"T3o":{"weight":0.0,"played":[0.8098,0.1902],"evs":[0.0,-2.13671]},"J3o":{"weight":0.0,"played":[0.9868,0.0132],"evs":[0.0,-2.26042]},"Q3o":{"weight":0.0,"played":[0.8506,0.1494],"evs":[0.0,-0.30259]},"K3o":{"weight":0.0,"played":[0.5637,0.4363],"evs":[0.0,-1.26794]},"A3o":{"weight":0.0,"played":[0.4144,0.5856],"evs":[0.0,0.06816]},"42s":{"weight":0.0,"played":[0.2827,0.7173],"evs":[0.0,1.67793]},"43s":{"weight":0.0,"played":[0.1362,0.8638],"evs":[0.0,2.84301]},"44":{"weight":0.0078,"played":[0.2406,0.7594],"evs":[0.0,1.17989]},"54o":{"weight":0.0,"played":[0.3447,0.6553],"evs":[0.0,-0.40774]},"64o":{"weight":0.0,"played":[0.702,0.298],"evs":[0.0,-0.97498]},"74o":{"weight":0.0,"played":[0.399,0.601],"evs":[0.0,-0.13354]},"84o":{"weight":0.0,"played":[0.9869,0.0131],"evs":[0.0,-1.81329]},"94o":{"weight":0.0,"played":[0.9975,0.0025],"evs":[0.0,-2.25106]},"T4o":{"weight":0.0,"played":[0.933,0.067],"evs":[0.0,-0.69564]},"J4o":{"weight":0.0,"played":[0.9571,0.0429],"evs":[0.0,-3.32872]},"Q4o":{"weight":0.0,"played":[0.897,0.103],"evs":[0.0,-2.12479]},"K4o":{"weight":0.0,"played":[0.3055,0.6945],"evs":[0.0,0.56644]},"A4o":{"weight":0.0,"played":[0.9288,0.0712],"evs":[0.0,-1.87655]},"52s":{"weight":0.0,"played":[0.3395,0.6605],"evs":[0.0,-0.78875]},"53s":{"weight":0.0,"played":[0.1563,0.8437],"evs":[0.0,2.29098]},"54s":{"weight":0.0,"played":[0.1297,0.8703],"evs":[0.0,0.36356]},"55":{"weight":0.407,"played":[0.7049,0.2951],"evs":[0.0,-0.70241]},"65o":{"weight":0.0,"played":[0.6659,0.3341],"evs":[0.0,-0.15418]},"75o":{"weight":0.0,"played":[0.9949,0.0051],"evs":[0.0,-0.93842]},"85o":{"weight":0.0,"played":[0.6239,0.3761],"evs":[0.0,-0.82571]},"95o":{"weight":0.0,"played":[0.9004,0.0996],"evs":[0.0,-1.20826]},"T5o":{"weight":0.0,"played":[0.4489,0.5511],"evs":[0.0,-1.70415]},"J5o":{"weight":0.0,"played":[0.9639,0.0361],"evs":[0.0,-2.86888]},"Q5o":{"weight":0.0,"played":[0.9097,0.0903],"evs":[0.0,-0.1534]},"K5o":{"weight":0.0,"played":[0.5601,0.4399],"evs":[0.0,-0.02301]},"A5o":{"weight":0.0,"played":[0.2814,0.7186],"evs":[0.0,0.98089]},"62s":{"weight":0.0,"played":[0.8589,0.1411],"evs":[0.0,-0.26778]},"63s":{"weight":0.0,"played":[0.5226,0.4774],"evs":[0.0,-0.4788]},"64s":{"weight":0.0,"played":[0.5298,0.4702],"evs":[0.0,-1.4749]},"65s":{"weight":0.0,"played":[0.7434,0.2566],"evs":[0.0,-1.19981]},"66":{"weight":0.1739,"played":[0.0235,0.9765],"evs":[0.0,1.5269]},"76o":{"weight":0.0,"played":[0.5533,0.4467],"evs":[0.0,0.44009]},"86o":{"weight":0.0,"played":[0.9714,0.0286],"evs":[0.0,-0.52995]},"96o":{"weight":0.0,"played":[0.11,0.89],"evs":[0.0,0.16114]},"T6o":{"weight":0.0,"played":[0.7231,0.2769],"evs":[0.0,-0.36164]},"J6o":{"weight":0.0,"played":[0.9796,0.0204],"evs":[0.0,-2.51586]},"Q6o":{"weight":0.0,"played":[0.7512,0.2488],"evs":[0.0,-1.10411]},"K6o":{"weight":0.0,"played":[0.5397,0.4603],"evs":[0.0,-0.68066]},"A6o":{"weight":0.0,"played":[0.6084,0.3916],"evs":[0.0,0.08485]},"72s":{"weight":0.0,"played":[0.9377,0.0623],"evs":[0.0,-2.46121]},"73s":{"weight":0.0,"played":[0.0185,0.9815],"evs":[0.0,0.4593]},"74s":{"weight":0.0,"played":[0.8274,0.1726],"evs":[0.0,0.10039]},"75s":{"weight":0.0,"played":[0.2628,0.7372],"evs":[0.0,1.67864]},"76s":{"weight":0.0,"played":[0.5918,0.4082],"evs":[0.0,-0.46199]},"77":{"weight":0.2881,"played":[0.9533,0.0467],"evs":[0.0,-0.85851]},"87o":{"weight":0.0,"played":[0.5956,0.4044],"evs":[0.0,0.02283]},"97o":{"weight":0.0,"played":[0.9366,0.0634],"evs":[0.0,-0.00283]},"T7o":{"weight":0.0,"played":[0.9865,0.0135],"evs":[0.0,-0.49036]},"J7o":{"weight":0.0,"played":[0.9845,0.0155],"evs":[0.0,-2.29721]},"Q7o":{"weight":0.0,"played":[0.9993,7.0E-4],"evs":[0.0,-1.80694]},"K7o":{"weight":0.0,"played":[0.9852,0.0148],"evs":[0.0,-1.07277]},"A7o":{"weight":0.0,"played":[0.1757,0.8243],"evs":[0.0,0.4449]},"82s":{"weight":0.0,"played":[0.7919,0.2081],"evs":[0.0,-0.90315]},"83s":{"weight":0.0,"played":[0.7541,0.2459],"evs":[0.0,-1.88272]},"84s":{"weight":0.0,"played":[0.285,0.715],"evs":[0.0,0.19606]},"85s":{"weight":0.0,"played":[0.0033,0.9967],"evs":[0.0,0.78111]},"86s":{"weight":0.0,"played":[0.1413,0.8587],"evs":[0.0,0.66497]},"87s":{"weight":0.0,"played":[7.0E-4,0.9993],"evs":[0.0,1.91853]},"88":{"weight":0.3798,"played":[0.2811,0.7189],"evs":[0.0,0.29917]},"98o":{"weight":0.0,"played":[0.5585,0.4415],"evs":[0.0,-0.37879]},"T8o":{"weight":0.0,"played":[0.6986,0.3014],"evs":[0.0,-1.48244]},"J8o":{"weight":0.0,"played":[0.8687,0.1313],"evs":[0.0,-0.31728]},"Q8o":{"weight":0.0,"played":[0.4316,0.5684],"evs":[0.0,0.93729]},"K8o":{"weight":0.0,"played":[0.9685,0.0315],"evs":[0.0,-0.95345]},"A8o":{"weight":0.0,"played":[0.8338,0.1662],"evs":[0.0,-1.20861]},"92s":{"weight":0.0,"played":[0.8624,0.1376],"evs":[0.0,-0.28189]},"93s":{"weight":0.0,"played":[0.9912,0.0088],"evs":[0.0,-0.78259]},"94s":{"weight":0.0,"played":[0.902,0.098],"evs":[0.0,-0.50929]},"95s":{"weight":0.0,"played":[0.9483,0.0517],"evs":[0.0,-0.48531]},"96s":{"weight":0.0,"played":[0.2539,0.7461],"evs":[0.0,0.23782]},"97s":{"weight":0.0,"played":[0.4638,0.5362],"evs":[0.0,-1.01781]},"98s":{"weight":0.0,"played":[0.1851,0.8149],"evs":[0.0,1.01469]},"99":{"weight":0.6658,"played":[0.8343,0.1657],"evs":[0.0,-0.39074]},"T9o":{"weight":0.0,"played":[0.9189,0.0811],"evs":[0.0,-0.75295]},"J9o":{"weight":0.0,"played":[0.919,0.081],"evs":[0.0,-1.59896]},"Q9o":{"weight":0.0,"played":[0.9644,0.0356],"evs":[0.0,-1.19851]},"K9o":{"weight":0.0,"played":[0.5204,0.4796],"evs":[0.0,0.2992]},"A9o":{"weight":0.4858,"played":[0.4683,0.5317],"evs":[0.0,-0.91978]},"T2s":{"weight":0.0,"played":[0.8812,0.1188],"evs":[0.0,-1.77595]},"T3s":{"weight":0.0,"played":[0.6498,0.3502],"evs":[0.0,0.41269]},"T4s":{"weight":0.0,"played":[0.8969,0.1031],"evs":[0.0,-1.77865]},"T5s":{"weight":0.0,"played":[0.2126,0.7874],"evs":[0.0,0.23619]},"T6s":{"weight":0.0,"played":[0.5771,0.4229],"evs":[0.0,0.97282]},"T7s":{"weight":0.0,"played":[0.0365,0.9635],"evs":[0.0,2.48939]},"T8s":{"weight":0.0,"played":[0.1208,0.8792],"evs":[0.0,-0.75357]},"T9s":{"weight":0.0,"played":[0.2613,0.7387],"evs":[0.0,1.09889]},"TT":{"weight":0.1386,"played":[0.0539,0.9461],"evs":[0.0,1.95086]},"JTo":{"weight":0.0,"played":[0.7755,0.2245],"evs":[0.0,-0.8885]},"QTo":{"weight":0.0,"played":[0.9583,0.0417],"evs":[0.0,-1.1217]},"KTo":{"weight":0.0,"played":[0.8714,0.1286],"evs":[0.0,0.25715]},"ATo":{"weight":0.7382,"played":[0.4784,0.5216],"evs":[0.0,-0.44419]},"J2s":{"weight":0.0,"played":[0.5157,0.4843],"evs":[0.0,-1.38226]},"J3s":{"weight":0.0,"played":[0.0164,0.9836],"evs":[0.0,2.8429]},"J4s":{"weight":0.0,"played":[0.5101,0.4899],"evs":[0.0,-1.48122]},"J5s":{"weight":0.0,"played":[0.1012,0.8988],"evs":[0.0,1.42636]},"J6s":{"weight":0.0,"played":[0.1623,0.8377],"evs":[0.0,1.93444]},"J7s":{"weight":0.0,"played":[0.3222,0.6778],"evs":[0.0,0.12305]},"J8s":{"weight":0.0,"played":[0.6018,0.3982],"evs":[0.0,0.68127]},"J9s":{"weight":0.0,"played":[0.3941,0.6059],"evs":[0.0,0.37688]},"JTs":{"weight":0.0,"played":[0.5096,0.4904],"evs":[0.0,-0.75011]},"JJ":{"weight":0.1314,"played":[4.0E-4,0.9996],"evs":[0.0,0.181]},"QJo":{"weight":0.0,"played":[0.7891,0.2109],"evs":[0.0,-1.39787]},"KJo":{"weight":0.0,"played":[0.6062,0.3938],"evs":[0.0,0.31845]},"AJo":{"weight":0.215,"played":[0.3602,0.6398],"evs":[0.0,0.06442]},"Q2s":{"weight":0.0,"played":[0.8772,0.1228],"evs":[0.0,-2.03113]},"Q3s":{"weight":0.0,"played":[0.9844,0.0156],"evs":[0.0,-2.09469]},"Q4s":{"weight":0.0,"played":[0.7564,0.2436],"evs":[0.0,-0.42177]},"Q5s":{"weight":0.0,"played":[0.2085,0.7915],"evs":[0.0,0.74752]},"Q6s":{"weight":0.0,"played":[0.8874,0.1126],"evs":[0.0,-3.22293]},"Q7s":{"weight":0.0,"played":[0.4574,0.5426],"evs":[0.0,2.14266]},"Q8s":{"weight":0.0,"played":[0.0459,0.9541],"evs":[0.0,0.33087]},"Q9s":{"weight":0.0,"played":[0.002,0.998],"evs":[0.0,0.36574]},"QTs":{"weight":0.0,"played":[0.1166,0.8834],"evs":[0.0,-0.71153]},"QJs":{"weight":0.0,"played":[0.4644,0.5356],"evs":[0.0,0.30244]},"QQ":{"weight":0.4426,"played":[0.0,1.0],"evs":[0.0,5.18189]},"KQo":{"weight":0.7372,"played":[0.4518,0.5482],"evs":[0.0,0.89724]},"AQo":{"weight":0.3042,"played":[0.689,0.311],"evs":[0.0,-1.99123]},"K2s":{"weight":0.0,"played":[0.5373,0.4627],"evs":[0.0,-1.1429]},"K3s":{"weight":0.0,"played":[0.9585,0.0415],"evs":[0.0,-1.41976]},"K4s":{"weight":0.0,"played":[0.9227,0.0773],"evs":[0.0,-3.02193]},"K5s":{"weight":0.0,"played":[0.2244,0.7756],"evs":[0.0,0.44254]},"K6s":{"weight":0.0,"played":[0.9492,0.0508],"evs":[0.0,-1.09168]},"K7s":{"weight":0.0,"played":[0.688,0.312],"evs":[0.0,-2.61566]},"K8s":{"weight":0.0,"played":[0.2137,0.7863],"evs":[0.0,0.6654]},"K9s":{"weight":0.0,"played":[0.9129,0.0871],"evs":[0.0,-1.09343]},"KTs":{"weight":0.0,"played":[0.6527,0.3473],"evs":[0.0,-0.27141]},"KJs":{"weight":0.9187,"played":[0.0133,0.9867],"evs":[0.0,2.2764]},"KQs":{"weight":0.6525,"played":[0.0081,0.9919],"evs":[0.0,1.51704]},"KK":{"weight":0.5448,"played":[1.0E-4,0.9999],"evs":[0.0,6.76535]},"AKo":{"weight":0.0184,"played":[0.1303,0.8697],"evs":[0.0,1.06547]},"A2s":{"weight":0.0,"played":[0.3428,0.6572],"evs":[0.0,0.06887]},"A3s":{"weight":0.0,"played":[0.009,0.991],"evs":[0.0,3.06913]},"A4s":{"weight":0.0,"played":[0.0484,0.9516],"evs":[0.0,2.41187]},"A5s":{"weight":0.0,"played":[0.4878,0.5122],"evs":[0.0,1.75405]},"A6s":{"weight":0.0,"played":[0.8564,0.1436],"evs":[0.0,-2.02505]},"A7s":{"weight":0.0,"played":[0.8762,0.1238],"evs":[0.0,-2.65361]},"A8s":{"weight":0.8441,"played":[0.1631,0.8369],"evs":[0.0,-0.12944]},"A9s":{"weight":0.668,"played":[0.467,0.533],"evs":[0.0,-0.42953]},"ATs":{"weight":0.7321,"played":[0.0185,0.9815],"evs":[0.0,2.53024]},"AJs":{"weight":0.1329,"played":[0.0026,0.9974],"evs":[0.0,2.87192]},"AQs":{"weight":0.0277,"played":[0.237,0.763],"evs":[0.0,3.19047]},"AKs":{"weight":0.021,"played":[0.0141,0.9859],"evs":[0.0,2.11827]},"AA":{"weight":0.8369,"played":[4.0E-4,0.9996],"evs":[0.0,11.95801]}}}