{"player":6,"street":0,"children":2,"sequence":[{"player":0,"type":"R","amount":22880000,"street":0},{"player":1,"type":"F","amount":0,"street":0},{"player":2,"type":"F","amount":0,"street":0},{"player":3,"type":"C","amount":11680000,"street":0},{"player":4,"type":"C","amount":22880000,"street":0},{"player":5,"type":"F","amount":0,"street":0}],"actions":[{"type":"F","amount":0},{"type":"C","amount":15520000}],"hands":{"22":{"weight":1.0,"played":[1.0,0.0],"evs":[0.0,-4.04045]},"32o":{"weight":1.0,"played":[1.0,0.0],"evs":[0.0,-5.4279]},"42o":{"weight":1.0,"played":[1.0,0.0],"evs":[0.0,-5.10424]},"52o":{"weight":1.0,"played":[1.0,0.0],"evs":[0.0,-4.90142]},"62o":{"weight":1.0,"played":[1.0,0.0],"evs":[0.0,-5.30417]},"72o":{"weight":1.0,"played":[1.0,0.0],"evs":[0.0,-5.58533]},"82o":{"weight":1.0,"played":[1.0,0.0],"evs":[0.0,-5.25451]},"92o":{"weight":1.0,"played":[1.0,0.0],"evs":[0.0,-5.40226]},"T2o":{"weight":1.0,"played":[1.0,0.0],"evs":[0.0,-5.17658]},"J2o":{"weight":1.0,"played":[1.0,0.0],"evs":[0.0,-5.56637]},"Q2o":{"weight":1.0,"played":[1.0,0.0],"evs":[0.0,-5.64836]},"K2o":{"weight":1.0,"played":[1.0,0.0],"evs":[0.0,-5.25963]},"A2o":{"weight":1.0,"played":[1.0,0.0],"evs":[0.0,-5.49639]},"32s":{"weight":1.0,"played":[0.9999,1.0E-4],"evs":[0.0,-4.27765]},"33":{"weight":1.0,"played":[1.0,0.0],"evs":[0.0,-3.96007]},"43o":{"weight":1.0,"played":[1.0,0.0],"evs":[0.0,-4.90419]},"53o":{"weight":1.0,"played":[1.0,0.0],"evs":[0.0,-4.5295]},"63o":{"weight":1.0,"played":[1.0,0.0],"evs":[0.0,-4.70232]},"73o":{"weight":1.0,"played":[1.0,0.0],"evs":[0.0,-5.19238]},"83o":{"weight":1.0,"played":[1.0,0.0],"evs":[0.0,-5.59768]},"93o":{"weight":1.0,"played":[1.0,0.0],"evs":[0.0,-5.49462]},"T3o":{"weight":1.0,"played":[1.0,0.0],"evs":[0.0,-5.14356]},"J3o":{"weight":1.0,"played":[1.0,0.0],"evs":[0.0,-5.28251]},"Q3o":{"weight":1.0,"played":[1.0,0.0],"evs":[0.0,-5.64379]},"K3o":{"weight":1.0,"played":[1.0,0.0],"evs":[0.0,-4.82532]},"A3o":{"weight":1.0,"played":[1.0,0.0],"evs":[0.0,-5.28823]},"42s":{"weight":1.0,"played":[1.0,0.0],"evs":[0.0,-4.16651]},"43s":{"weight":1.0,"played":[1.0,0.0],"evs":[0.0,-3.74729]},"44":{"weight":1.0,"played":[1.0,0.0],"evs":[0.0,-3.41396]},"54o":{"weight":1.0,"played":[1.0,0.0],"evs":[0.0,-4.34953]},"64o":{"weight":1.0,"played":[1.0,0.0],"evs":[0.0,-4.64212]},"74o":{"weight":1.0,"played":[1.0,0.0],"evs":[0.0,-4.71854]},"84o":{"weight":1.0,"played":[1.0,0.0],"evs":[0.0,-5.04509]},"94o":{"weight":1.0,"played":[1.0,0.0],"evs":[0.0,-5.14987]},"T4o":{"weight":1.0,"played":[1.0,0.0],"evs":[0.0,-5.29327]},"J4o":{"weight":1.0,"played":[1.0,0.0],"evs":[0.0,-5.18768]},"Q4o":{"weight":1.0,"played":[1.0,0.0],"evs":[0.0,-5.56203]},"K4o":{"weight":1.0,"played":[1.0,0.0],"evs":[0.0,-5.08684]},"A4o":{"weight":1.0,"played":[1.0,0.0],"evs":[0.0,-5.11699]},"52s":{"weight":1.0,"played":[1.0,0.0],"evs":[0.0,-4.26435]},"53s":{"weight":1.0,"played":[1.0,0.0],"evs":[0.0,-3.69909]},"54s":{"weight":1.0,"played":[0.9999,1.0E-4],"evs":[0.0,-3.7258]},"55":{"weight":1.0,"played":[1.0,0.0],"evs":[0.0,-3.4206]},"65o":{"weight":1.0,"played":[1.0,0.0],"evs":[0.0,-3.93408]},"75o":{"weight":1.0,"played":[1.0,0.0],"evs":[0.0,-4.34373]},"85o":{"weight":1.0,"played":[1.0,0.0],"evs":[0.0,-4.61348]},"95o":{"weight":1.0,"played":[1.0,0.0],"evs":[0.0,-5.12329]},"T5o":{"weight":1.0,"played":[1.0,0.0],"evs":[0.0,-5.07711]},"J5o":{"weight":1.0,"played":[1.0,0.0],"evs":[0.0,-5.01276]},"Q5o":{"weight":1.0,"played":[1.0,0.0],"evs":[0.0,-5.16122]},"K5o":{"weight":1.0,"played":[1.0,0.0],"evs":[0.0,-5.10158]},"A5o":{"weight":1.0,"played":[1.0,0.0],"evs":[0.0,-4.8696]},"62s":{"weight":1.0,"played":[0.9999,1.0E-4],"evs":[0.0,-4.26936]},"63s":{"weight":1.0,"played":[1.0,0.0],"evs":[0.0,-3.87714]},"64s":{"weight":1.0,"played":[1.0,0.0],"evs":[0.0,-3.53825]},"65s":{"weight":1.0,"played":[0.9998,2.0E-4],"evs":[0.0,-3.26034]},"66":{"weight":1.0,"played":[1.0,0.0],"evs":[0.0,-3.3783]},"76o":{"weight":1.0,"played":[1.0,0.0],"evs":[0.0,-3.9036]},"86o":{"weight":1.0,"played":[1.0,0.0],"evs":[0.0,-4.24624]},"96o":{"weight":1.0,"played":[1.0,0.0],"evs":[0.0,-4.45317]},"T6o":{"weight":1.0,"played":[1.0,0.0],"evs":[0.0,-4.83795]},"J6o":{"weight":1.0,"played":[1.0,0.0],"evs":[0.0,-4.89702]},"Q6o":{"weight":1.0,"played":[1.0,0.0],"evs":[0.0,-5.08495]},"K6o":{"weight":1.0,"played":[1.0,0.0],"evs":[0.0,-4.4848]},"A6o":{"weight":1.0,"played":[1.0,0.0],"evs":[0.0,-5.35176]},"72s":{"weight":1.0,"played":[1.0,0.0],"evs":[0.0,-4.69582]},"73s":{"weight":1.0,"played":[1.0,0.0],"evs":[0.0,-4.228]},"74s":{"weight":1.0,"played":[1.0,0.0],"evs":[0.0,-4.18564]},"75s":{"weight":1.0,"played":[1.0,0.0],"evs":[0.0,-3.89842]},"76s":{"weight":1.0,"played":[0.9999,1.0E-4],"evs":[0.0,-3.48503]},"77":{"weight":1.0,"played":[1.0,0.0],"evs":[0.0,-2.82748]},"87o":{"weight":1.0,"played":[1.0,0.0],"evs":[0.0,-4.08332]},"97o":{"weight":1.0,"played":[1.0,0.0],"evs":[0.0,-4.29847]},"T7o":{"weight":1.0,"played":[1.0,0.0],"evs":[0.0,-4.48035]},"J7o":{"weight":1.0,"played":[1.0,0.0],"evs":[0.0,-4.56197]},"Q7o":{"weight":1.0,"played":[1.0,0.0],"evs":[0.0,-5.2152]},"K7o":{"weight":1.0,"played":[1.0,0.0],"evs":[0.0,-4.65034]},"A7o":{"weight":1.0,"played":[1.0,0.0],"evs":[0.0,-5.00201]},"82s":{"weight":1.0,"played":[1.0,0.0],"evs":[0.0,-4.38344]},"83s":{"weight":1.0,"played":[1.0,0.0],"evs":[0.0,-4.23557]},"84s":{"weight":1.0,"played":[0.9999,1.0E-4],"evs":[0.0,-4.46047]},"85s":{"weight":1.0,"played":[1.0,0.0],"evs":[0.0,-3.83017]},"86s":{"weight":1.0,"played":[0.9996,4.0E-4],"evs":[0.0,-3.62063]},"87s":{"weight":1.0,"played":[1.0,0.0],"evs":[0.0,-3.31789]},"88":{"weight":1.0,"played":[0.9999,1.0E-4],"evs":[0.0,-2.72859]},"98o":{"weight":1.0,"played":[1.0,0.0],"evs":[0.0,-4.1997]},"T8o":{"weight":1.0,"played":[1.0,0.0],"evs":[0.0,-3.9657]},"J8o":{"weight":1.0,"played":[1.0,0.0],"evs":[0.0,-4.5801]},"Q8o":{"weight":1.0,"played":[1.0,0.0],"evs":[0.0,-5.02405]},"K8o":{"weight":1.0,"played":[1.0,0.0],"evs":[0.0,-4.703]},"A8o":{"weight":1.0,"played":[1.0,0.0],"evs":[0.0,-4.95822]},"92s":{"weight":1.0,"played":[0.9999,1.0E-4],"evs":[0.0,-4.78556]},"93s":{"weight":1.0,"played":[1.0,0.0],"evs":[0.0,-4.61017]},"94s":{"weight":1.0,"played":[1.0,0.0],"evs":[0.0,-4.30116]},"95s":{"weight":1.0,"played":[1.0,0.0],"evs":[0.0,-4.23017]},"96s":{"weight":1.0,"played":[1.0,0.0],"evs":[0.0,-4.33808]},"97s":{"weight":1.0,"played":[0.9983,0.0017],"evs":[0.0,-3.24731]},"98s":{"weight":1.0,"played":[1.0,0.0],"evs":[0.0,-3.51426]},"99":{"weight":1.0,"played":[0.9999,1.0E-4],"evs":[0.0,-1.47708]},"T9o":{"weight":1.0,"played":[1.0,0.0],"evs":[0.0,-3.88334]},"J9o":{"weight":1.0,"played":[1.0,0.0],"evs":[0.0,-4.2011]},"Q9o":{"weight":1.0,"played":[1.0,0.0],"evs":[0.0,-4.88223]},"K9o":{"weight":1.0,"played":[1.0,0.0],"evs":[0.0,-4.40709]},"A9o":{"weight":1.0,"played":[1.0,0.0],"evs":[0.0,-4.85925]},"T2s":{"weight":1.0,"played":[0.9999,1.0E-4],"evs":[0.0,-4.64626]},"T3s":{"weight":1.0,"played":[1.0,0.0],"evs":[0.0,-4.44078]},"T4s":{"weight":1.0,"played":[1.0,0.0],"evs":[0.0,-3.93409]},"T5s":{"weight":1.0,"played":[1.0,0.0],"evs":[0.0,-4.66337]},"T6s":{"weight":1.0,"played":[1.0,0.0],"evs":[0.0,-4.11957]},"T7s":{"weight":1.0,"played":[1.0,0.0],"evs":[0.0,-4.5006]},"T8s":{"weight":1.0,"played":[1.0,0.0],"evs":[0.0,-2.99656]},"T9s":{"weight":1.0,"played":[1.0,0.0],"evs":[0.0,-3.31717]},"TT":{"weight":1.0,"played":[0.9997,3.0E-4],"evs":[0.0,-1.44809]},"JTo":{"weight":1.0,"played":[1.0,0.0],"evs":[0.0,-3.82483]},"QTo":{"weight":1.0,"played":[1.0,0.0],"evs":[0.0,-4.38357]},"KTo":{"weight":1.0,"played":[1.0,0.0],"evs":[0.0,-4.0989]},"ATo":{"weight":1.0,"played":[1.0,0.0],"evs":[0.0,-4.55573]},"J2s":{"weight":1.0,"played":[1.0,0.0],"evs":[0.0,-4.25506]},"J3s":{"weight":1.0,"played":[1.0,0.0],"evs":[0.0,-4.66352]},"J4s":{"weight":1.0,"played":[1.0,0.0],"evs":[0.0,-4.08409]},"J5s":{"weight":1.0,"played":[1.0,0.0],"evs":[0.0,-4.20444]},"J6s":{"weight":1.0,"played":[0.9999,1.0E-4],"evs":[0.0,-4.17577]},"J7s":{"weight":1.0,"played":[0.9996,4.0E-4],"evs":[0.0,-3.67242]},"J8s":{"weight":1.0,"played":[0.9996,4.0E-4],"evs":[0.0,-3.49041]},"J9s":{"weight":1.0,"played":[1.0,0.0],"evs":[0.0,-3.25774]},"JTs":{"weight":1.0,"played":[0.9999,1.0E-4],"evs":[0.0,-3.18545]},"JJ":{"weight":1.0,"played":[0.4931,0.5069],"evs":[0.0,0.07418]},"QJo":{"weight":1.0,"played":[1.0,0.0],"evs":[0.0,-4.20294]},"KJo":{"weight":1.0,"played":[1.0,0.0],"evs":[0.0,-3.67642]},"AJo":{"weight":1.0,"played":[1.0,0.0],"evs":[0.0,-4.54262]},"Q2s":{"weight":1.0,"played":[0.9999,1.0E-4],"evs":[0.0,-4.24066]},"Q3s":{"weight":1.0,"played":[1.0,0.0],"evs":[0.0,-4.92582]},"Q4s":{"weight":1.0,"played":[1.0,0.0],"evs":[0.0,-4.517]},"Q5s":{"weight":1.0,"played":[1.0,0.0],"evs":[0.0,-4.14702]},"Q6s":{"weight":1.0,"played":[1.0,0.0],"evs":[0.0,-4.49107]},"Q7s":{"weight":1.0,"played":[0.9998,2.0E-4],"evs":[0.0,-4.36443]},"Q8s":{"weight":1.0,"played":[1.0,0.0],"evs":[0.0,-3.91738]},"Q9s":{"weight":1.0,"played":[0.9998,2.0E-4],"evs":[0.0,-3.91864]},"QTs":{"weight":1.0,"played":[1.0,0.0],"evs":[0.0,-2.7128]},"QJs":{"weight":1.0,"played":[1.0,0.0],"evs":[0.0,-3.0248]},"QQ":{"weight":1.0,"played":[8.0E-4,0.9992],"evs":[0.0,0.97707]},"KQo":{"weight":1.0,"played":[1.0,0.0],"evs":[0.0,-3.99903]},"AQo":{"weight":1.0,"played":[1.0,0.0],"evs":[0.0,-3.86642]},"K2s":{"weight":1.0,"played":[1.0,0.0],"evs":[0.0,-4.76595]},"K3s":{"weight":1.0,"played":[1.0,0.0],"evs":[0.0,-4.15375]},"K4s":{"weight":1.0,"played":[1.0,0.0],"evs":[0.0,-4.3799]},"K5s":{"weight":1.0,"played":[1.0,0.0],"evs":[0.0,-4.172]},"K6s":{"weight":1.0,"played":[1.0,0.0],"evs":[0.0,-3.76429]},"K7s":{"weight":1.0,"played":[1.0,0.0],"evs":[0.0,-3.74671]},"K8s":{"weight":1.0,"played":[1.0,0.0],"evs":[0.0,-3.43676]},"K9s":{"weight":1.0,"played":[1.0,0.0],"evs":[0.0,-3.43689]},"KTs":{"weight":1.0,"played":[1.0,0.0],"evs":[0.0,-3.04979]},"KJs":{"weight":1.0,"played":[0.9996,4.0E-4],"evs":[0.0,-3.152]},"KQs":{"weight":1.0,"played":[0.9914,0.0086],"evs":[0.0,-3.03818]},"KK":{"weight":1.0,"played":[1.0E-4,0.9999],"evs":[0.0,3.96523]},"AKo":{"weight":1.0,"played":[0.9998,2.0E-4],"evs":[0.0,-2.18911]},"A2s":{"weight":1.0,"played":[1.0,0.0],"evs":[0.0,-4.59377]},"A3s":{"weight":1.0,"played":[1.0,0.0],"evs":[0.0,-4.09779]},"A4s":{"weight":1.0,"played":[1.0,0.0],"evs":[0.0,-3.70174]},"A5s":{"weight":1.0,"played":[1.0,0.0],"evs":[0.0,-3.87202]},"A6s":{"weight":1.0,"played":[1.0,0.0],"evs":[0.0,-4.60441]},"A7s":{"weight":1.0,"played":[1.0,0.0],"evs":[0.0,-4.61536]},"A8s":{"weight":1.0,"played":[1.0,0.0],"evs":[0.0,-4.5708]},"A9s":{"weight":1.0,"played":[1.0,0.0],"evs":[0.0,-3.7387]},"ATs":{"weight":1.0,"played":[0.9999,1.0E-4],"evs":[0.0,-3.63356]},"AJs":{"weight":1.0,"played":[0.9998,2.0E-4],"evs":[0.0,-3.16454]},"AQs":{"weight":1.0,"played":[0.9968,0.0032],"evs":[0.0,-2.76826]},"AKs":{"weight":1.0,"played":[0.996,0.004],"evs":[0.0,-1.35658]},"AA":{"weight":1.0,"played":[0.0,1.0],"evs":[0.0,6.23753]}}}