{"player":5,"street":0,"children":2,"sequence":[{"player":0,"type":"R","amount":22880000,"street":0},{"player":1,"type":"F","amount":0,"street":0},{"player":2,"type":"C","amount":8160000,"street":0},{"player":3,"type":"F","amount":0,"street":0},{"player":4,"type":"F","amount":0,"street":0}],"actions":[{"type":"F","amount":0,"node":140},{"type":"C","amount":21280000,"node":141}],"hands":{"22":{"weight":1.0,"played":[1.0,0.0],"evs":[0.0,-0.48887]},"32o":{"weight":1.0,"played":[1.0,0.0],"evs":[0.0,-2.47624]},"42o":{"weight":1.0,"played":[1.0,0.0],"evs":[0.0,-2.33081]},"52o":{"weight":1.0,"played":[1.0,0.0],"evs":[0.0,-2.18441]},"62o":{"weight":1.0,"played":[1.0,0.0],"evs":[0.0,-2.33901]},"72o":{"weight":1.0,"played":[1.0,0.0],"evs":[0.0,-2.52504]},"82o":{"weight":1.0,"played":[1.0,0.0],"evs":[0.0,-2.52123]},"92o":{"weight":1.0,"played":[1.0,0.0],"evs":[0.0,-2.50966]},"T2o":{"weight":1.0,"played":[1.0,0.0],"evs":[0.0,-2.37497]},"J2o":{"weight":1.0,"played":[1.0,0.0],"evs":[0.0,-2.44983]},"Q2o":{"weight":1.0,"played":[1.0,0.0],"evs":[0.0,-2.24012]},"K2o":{"weight":1.0,"played":[1.0,0.0],"evs":[0.0,-1.79995]},"A2o":{"weight":1.0,"played":[1.0,0.0],"evs":[0.0,-1.48808]},"32s":{"weight":1.0,"played":[1.0,0.0],"evs":[0.0,-1.81659]},"33":{"weight":1.0,"played":[1.0,0.0],"evs":[0.0,-0.2439]},"43o":{"weight":1.0,"played":[1.0,0.0],"evs":[0.0,-2.04304]},"53o":{"weight":1.0,"played":[1.0,0.0],"evs":[0.0,-1.91995]},"63o":{"weight":1.0,"played":[1.0,0.0],"evs":[0.0,-2.039]},"73o":{"weight":1.0,"played":[1.0,0.0],"evs":[0.0,-2.27969]},"83o":{"weight":1.0,"played":[1.0,0.0],"evs":[0.0,-2.49838]},"93o":{"weight":1.0,"played":[1.0,0.0],"evs":[0.0,-2.42787]},"T3o":{"weight":1.0,"played":[1.0,0.0],"evs":[0.0,-2.35349]},"J3o":{"weight":1.0,"played":[1.0,0.0],"evs":[0.0,-2.38417]},"Q3o":{"weight":1.0,"played":[1.0,0.0],"evs":[0.0,-2.1301]},"K3o":{"weight":1.0,"played":[1.0,0.0],"evs":[0.0,-1.71441]},"A3o":{"weight":1.0,"played":[1.0,0.0],"evs":[0.0,-1.38556]},"42s":{"weight":1.0,"played":[1.0,0.0],"evs":[0.0,-1.65379]},"43s":{"weight":1.0,"played":[1.0,0.0],"evs":[0.0,-1.41326]},"44":{"weight":1.0,"played":[0.0039,0.9961],"evs":[0.0,0.05548]},"54o":{"weight":1.0,"played":[1.0,0.0],"evs":[0.0,-1.57416]},"64o":{"weight":1.0,"played":[1.0,0.0],"evs":[0.0,-1.7593]},"74o":{"weight":1.0,"played":[1.0,0.0],"evs":[0.0,-1.93147]},"84o":{"weight":1.0,"played":[1.0,0.0],"evs":[0.0,-2.15051]},"94o":{"weight":1.0,"played":[1.0,0.0],"evs":[0.0,-2.37708]},"T4o":{"weight":1.0,"played":[1.0,0.0],"evs":[0.0,-2.21183]},"J4o":{"weight":1.0,"played":[1.0,0.0],"evs":[0.0,-2.20498]},"Q4o":{"weight":1.0,"played":[1.0,0.0],"evs":[0.0,-2.02759]},"K4o":{"weight":1.0,"played":[1.0,0.0],"evs":[0.0,-1.59014]},"A4o":{"weight":1.0,"played":[1.0,0.0],"evs":[0.0,-1.25104]},"52s":{"weight":1.0,"played":[1.0,0.0],"evs":[0.0,-1.57929]},"53s":{"weight":1.0,"played":[1.0,0.0],"evs":[0.0,-1.32317]},"54s":{"weight":1.0,"played":[1.0,0.0],"evs":[0.0,-1.03743]},"55":{"weight":1.0,"played":[1.0E-4,0.9999],"evs":[0.0,0.39717]},"65o":{"weight":1.0,"played":[1.0,0.0],"evs":[0.0,-1.45645]},"75o":{"weight":1.0,"played":[1.0,0.0],"evs":[0.0,-1.61897]},"85o":{"weight":1.0,"played":[1.0,0.0],"evs":[0.0,-1.86992]},"95o":{"weight":1.0,"played":[1.0,0.0],"evs":[0.0,-2.07573]},"T5o":{"weight":1.0,"played":[1.0,0.0],"evs":[0.0,-2.13057]},"J5o":{"weight":1.0,"played":[1.0,0.0],"evs":[0.0,-2.09545]},"Q5o":{"weight":1.0,"played":[1.0,0.0],"evs":[0.0,-1.88047]},"K5o":{"weight":1.0,"played":[1.0,0.0],"evs":[0.0,-1.51379]},"A5o":{"weight":1.0,"played":[1.0,0.0],"evs":[0.0,-1.09751]},"62s":{"weight":1.0,"played":[1.0,0.0],"evs":[0.0,-1.70767]},"63s":{"weight":1.0,"played":[1.0,0.0],"evs":[0.0,-1.45512]},"64s":{"weight":1.0,"played":[1.0,0.0],"evs":[0.0,-1.16891]},"65s":{"weight":1.0,"played":[1.0,0.0],"evs":[0.0,-0.89172]},"66":{"weight":1.0,"played":[0.0,1.0],"evs":[0.0,0.64383]},"76o":{"weight":1.0,"played":[1.0,0.0],"evs":[0.0,-1.48014]},"86o":{"weight":1.0,"played":[1.0,0.0],"evs":[0.0,-1.6422]},"96o":{"weight":1.0,"played":[1.0,0.0],"evs":[0.0,-1.74897]},"T6o":{"weight":1.0,"played":[1.0,0.0],"evs":[0.0,-1.89615]},"J6o":{"weight":1.0,"played":[1.0,0.0],"evs":[0.0,-2.04117]},"Q6o":{"weight":1.0,"played":[1.0,0.0],"evs":[0.0,-1.80404]},"K6o":{"weight":1.0,"played":[1.0,0.0],"evs":[0.0,-1.45885]},"A6o":{"weight":1.0,"played":[1.0,0.0],"evs":[0.0,-1.25395]},"72s":{"weight":1.0,"played":[1.0,0.0],"evs":[0.0,-1.85304]},"73s":{"weight":1.0,"played":[1.0,0.0],"evs":[0.0,-1.63298]},"74s":{"weight":1.0,"played":[1.0,0.0],"evs":[0.0,-1.39437]},"75s":{"weight":1.0,"played":[1.0,0.0],"evs":[0.0,-1.03671]},"76s":{"weight":1.0,"played":[1.0,0.0],"evs":[0.0,-0.80484]},"77":{"weight":1.0,"played":[0.0,1.0],"evs":[0.0,0.89047]},"87o":{"weight":1.0,"played":[1.0,0.0],"evs":[0.0,-1.39759]},"97o":{"weight":1.0,"played":[1.0,0.0],"evs":[0.0,-1.60171]},"T7o":{"weight":1.0,"played":[1.0,0.0],"evs":[0.0,-1.6937]},"J7o":{"weight":1.0,"played":[1.0,0.0],"evs":[0.0,-1.89053]},"Q7o":{"weight":1.0,"played":[1.0,0.0],"evs":[0.0,-1.77015]},"K7o":{"weight":1.0,"played":[1.0,0.0],"evs":[0.0,-1.38939]},"A7o":{"weight":1.0,"played":[1.0,0.0],"evs":[0.0,-1.08184]},"82s":{"weight":1.0,"played":[1.0,0.0],"evs":[0.0,-1.86925]},"83s":{"weight":1.0,"played":[1.0,0.0],"evs":[0.0,-1.9002]},"84s":{"weight":1.0,"played":[1.0,0.0],"evs":[0.0,-1.55279]},"85s":{"weight":1.0,"played":[1.0,0.0],"evs":[0.0,-1.28813]},"86s":{"weight":1.0,"played":[1.0,0.0],"evs":[0.0,-0.97583]},"87s":{"weight":1.0,"played":[1.0,0.0],"evs":[0.0,-0.81798]},"88":{"weight":1.0,"played":[0.0,1.0],"evs":[0.0,1.20361]},"98o":{"weight":1.0,"played":[1.0,0.0],"evs":[0.0,-1.46417]},"T8o":{"weight":1.0,"played":[1.0,0.0],"evs":[0.0,-1.51256]},"J8o":{"weight":1.0,"played":[1.0,0.0],"evs":[0.0,-1.74283]},"Q8o":{"weight":1.0,"played":[1.0,0.0],"evs":[0.0,-1.71797]},"K8o":{"weight":1.0,"played":[1.0,0.0],"evs":[0.0,-1.42058]},"A8o":{"weight":1.0,"played":[1.0,0.0],"evs":[0.0,-0.95928]},"92s":{"weight":1.0,"played":[1.0,0.0],"evs":[0.0,-1.80637]},"93s":{"weight":1.0,"played":[1.0,0.0],"evs":[0.0,-1.74654]},"94s":{"weight":1.0,"played":[1.0,0.0],"evs":[0.0,-1.68978]},"95s":{"weight":1.0,"played":[1.0,0.0],"evs":[0.0,-1.40586]},"96s":{"weight":1.0,"played":[1.0,0.0],"evs":[0.0,-1.17324]},"97s":{"weight":1.0,"played":[1.0,0.0],"evs":[0.0,-0.96852]},"98s":{"weight":1.0,"played":[1.0,0.0],"evs":[0.0,-0.85073]},"99":{"weight":1.0,"played":[0.0,1.0],"evs":[0.0,1.81397]},"T9o":{"weight":1.0,"played":[1.0,0.0],"evs":[0.0,-1.30373]},"J9o":{"weight":1.0,"played":[1.0,0.0],"evs":[0.0,-1.50315]},"Q9o":{"weight":1.0,"played":[1.0,0.0],"evs":[0.0,-1.44478]},"K9o":{"weight":1.0,"played":[1.0,0.0],"evs":[0.0,-1.14678]},"A9o":{"weight":1.0,"played":[1.0,0.0],"evs":[0.0,-0.58535]},"T2s":{"weight":1.0,"played":[1.0,0.0],"evs":[0.0,-1.74814]},"T3s":{"weight":1.0,"played":[1.0,0.0],"evs":[0.0,-1.69624]},"T4s":{"weight":1.0,"played":[1.0,0.0],"evs":[0.0,-1.57379]},"T5s":{"weight":1.0,"played":[1.0,0.0],"evs":[0.0,-1.51142]},"T6s":{"weight":1.0,"played":[1.0,0.0],"evs":[0.0,-1.2383]},"T7s":{"weight":1.0,"played":[1.0,0.0],"evs":[0.0,-1.11536]},"T8s":{"weight":1.0,"played":[0.9999,1.0E-4],"evs":[0.0,-0.93107]},"T9s":{"weight":1.0,"played":[1.0,0.0],"evs":[0.0,-0.71629]},"TT":{"weight":1.0,"played":[0.0,1.0],"evs":[0.0,2.50759]},"JTo":{"weight":1.0,"played":[1.0,0.0],"evs":[0.0,-1.11027]},"QTo":{"weight":1.0,"played":[1.0,0.0],"evs":[0.0,-1.07479]},"KTo":{"weight":1.0,"played":[1.0,0.0],"evs":[0.0,-0.78478]},"ATo":{"weight":1.0,"played":[0.9731,0.0269],"evs":[0.0,-0.03323]},"J2s":{"weight":1.0,"played":[1.0,0.0],"evs":[0.0,-1.79119]},"J3s":{"weight":1.0,"played":[1.0,0.0],"evs":[0.0,-1.7415]},"J4s":{"weight":1.0,"played":[1.0,0.0],"evs":[0.0,-1.57451]},"J5s":{"weight":1.0,"played":[1.0,0.0],"evs":[0.0,-1.48357]},"J6s":{"weight":1.0,"played":[1.0,0.0],"evs":[0.0,-1.4013]},"J7s":{"weight":1.0,"played":[1.0,0.0],"evs":[0.0,-1.26442]},"J8s":{"weight":1.0,"played":[1.0,0.0],"evs":[0.0,-1.12115]},"J9s":{"weight":1.0,"played":[1.0,0.0],"evs":[0.0,-0.90703]},"JTs":{"weight":1.0,"played":[1.0,0.0],"evs":[0.0,-0.5255]},"JJ":{"weight":1.0,"played":[0.0,1.0],"evs":[0.0,3.23514]},"QJo":{"weight":1.0,"played":[1.0,0.0],"evs":[0.0,-0.97583]},"KJo":{"weight":1.0,"played":[1.0,0.0],"evs":[0.0,-0.58794]},"AJo":{"weight":1.0,"played":[0.0,1.0],"evs":[0.0,0.51468]},"Q2s":{"weight":1.0,"played":[1.0,0.0],"evs":[0.0,-1.5429]},"Q3s":{"weight":1.0,"played":[1.0,0.0],"evs":[0.0,-1.46645]},"Q4s":{"weight":1.0,"played":[1.0,0.0],"evs":[0.0,-1.40117]},"Q5s":{"weight":1.0,"played":[1.0,0.0],"evs":[0.0,-1.24386]},"Q6s":{"weight":1.0,"played":[1.0,0.0],"evs":[0.0,-1.2088]},"Q7s":{"weight":1.0,"played":[1.0,0.0],"evs":[0.0,-1.17275]},"Q8s":{"weight":1.0,"played":[1.0,0.0],"evs":[0.0,-1.04146]},"Q9s":{"weight":1.0,"played":[1.0,0.0],"evs":[0.0,-0.79721]},"QTs":{"weight":1.0,"played":[1.0,0.0],"evs":[0.0,-0.43892]},"QJs":{"weight":1.0,"played":[1.0,0.0],"evs":[0.0,-0.40749]},"QQ":{"weight":1.0,"played":[0.0,1.0],"evs":[0.0,4.26886]},"KQo":{"weight":1.0,"played":[0.9998,2.0E-4],"evs":[0.0,-0.15825]},"AQo":{"weight":1.0,"played":[0.0,1.0],"evs":[0.0,1.28506]},"K2s":{"weight":1.0,"played":[1.0,0.0],"evs":[0.0,-1.10252]},"K3s":{"weight":1.0,"played":[1.0,0.0],"evs":[0.0,-1.03773]},"K4s":{"weight":1.0,"played":[1.0,0.0],"evs":[0.0,-1.00487]},"K5s":{"weight":1.0,"played":[1.0,0.0],"evs":[0.0,-0.91817]},"K6s":{"weight":1.0,"played":[1.0,0.0],"evs":[0.0,-0.75012]},"K7s":{"weight":1.0,"played":[1.0,0.0],"evs":[0.0,-0.6695]},"K8s":{"weight":1.0,"played":[1.0,0.0],"evs":[0.0,-0.7295]},"K9s":{"weight":1.0,"played":[1.0,0.0],"evs":[0.0,-0.54817]},"KTs":{"weight":1.0,"played":[0.9994,6.0E-4],"evs":[0.0,-0.17781]},"KJs":{"weight":1.0,"played":[0.1696,0.8304],"evs":[0.0,-0.00911]},"KQs":{"weight":1.0,"played":[0.0,1.0],"evs":[0.0,0.35444]},"KK":{"weight":1.0,"played":[0.0,1.0],"evs":[0.0,5.40531]},"AKo":{"weight":1.0,"played":[0.0,1.0],"evs":[0.0,2.0384]},"A2s":{"weight":1.0,"played":[1.0,0.0],"evs":[0.0,-0.8903]},"A3s":{"weight":1.0,"played":[1.0,0.0],"evs":[0.0,-0.71834]},"A4s":{"weight":1.0,"played":[1.0,0.0],"evs":[0.0,-0.60443]},"A5s":{"weight":1.0,"played":[1.0,0.0],"evs":[0.0,-0.4626]},"A6s":{"weight":1.0,"played":[1.0,0.0],"evs":[0.0,-0.62514]},"A7s":{"weight":1.0,"played":[1.0,0.0],"evs":[0.0,-0.52085]},"A8s":{"weight":1.0,"played":[1.0,0.0],"evs":[0.0,-0.37867]},"A9s":{"weight":1.0,"played":[0.0533,0.9467],"evs":[0.0,0.04887]},"ATs":{"weight":1.0,"played":[0.0,1.0],"evs":[0.0,0.54476]},"AJs":{"weight":1.0,"played":[0.0,1.0],"evs":[0.0,1.01853]},"AQs":{"weight":1.0,"played":[0.0,1.0],"evs":[0.0,1.75357]},"AKs":{"weight":1.0,"played":[0.0,1.0],"evs":[0.0,2.48465]},"AA":{"weight":1.0,"played":[0.0,1.0],"evs":[0.0,7.14091]}}}