{"player":6,"street":0,"children":2,"sequence":[{"player":0,"type":"R","amount":22880000,"street":0},{"player":1,"type":"F","amount":0,"street":0},{"player":2,"type":"C","amount":8160000,"street":0},{"player":3,"type":"F","amount":0,"street":0},{"player":4,"type":"R","amount":36960000,"street":0},{"player":5,"type":"F","amount":0,"street":0}],"actions":[{"type":"F","amount":0},{"type":"C","amount":15520000}],"hands":{"22":{"weight":1.0,"played":[1.0,0.0],"evs":[0.0,-3.63476]},"32o":{"weight":1.0,"played":[1.0,0.0],"evs":[0.0,-4.82494]},"42o":{"weight":1.0,"played":[1.0,0.0],"evs":[0.0,-4.99204]},"52o":{"weight":1.0,"played":[1.0,0.0],"evs":[0.0,-4.77568]},"62o":{"weight":1.0,"played":[1.0,0.0],"evs":[0.0,-4.79715]},"72o":{"weight":1.0,"played":[1.0,0.0],"evs":[0.0,-5.16177]},"82o":{"weight":1.0,"played":[1.0,0.0],"evs":[0.0,-5.21787]},"92o":{"weight":1.0,"played":[1.0,0.0],"evs":[0.0,-4.93596]},"T2o":{"weight":1.0,"played":[1.0,0.0],"evs":[0.0,-4.8821]},"J2o":{"weight":1.0,"played":[1.0,0.0],"evs":[0.0,-5.3493]},"Q2o":{"weight":1.0,"played":[1.0,0.0],"evs":[0.0,-5.02251]},"K2o":{"weight":1.0,"played":[1.0,0.0],"evs":[0.0,-4.8793]},"A2o":{"weight":1.0,"played":[1.0,0.0],"evs":[0.0,-5.19839]},"32s":{"weight":1.0,"played":[1.0,0.0],"evs":[0.0,-4.20575]},"33":{"weight":1.0,"played":[1.0,0.0],"evs":[0.0,-3.44936]},"43o":{"weight":1.0,"played":[1.0,0.0],"evs":[0.0,-4.33106]},"53o":{"weight":1.0,"played":[1.0,0.0],"evs":[0.0,-4.4017]},"63o":{"weight":1.0,"played":[1.0,0.0],"evs":[0.0,-4.19599]},"73o":{"weight":1.0,"played":[1.0,0.0],"evs":[0.0,-4.78128]},"83o":{"weight":1.0,"played":[1.0,0.0],"evs":[0.0,-4.9626]},"93o":{"weight":1.0,"played":[1.0,0.0],"evs":[0.0,-4.93029]},"T3o":{"weight":1.0,"played":[1.0,0.0],"evs":[0.0,-4.94533]},"J3o":{"weight":1.0,"played":[1.0,0.0],"evs":[0.0,-5.01624]},"Q3o":{"weight":1.0,"played":[1.0,0.0],"evs":[0.0,-4.93631]},"K3o":{"weight":1.0,"played":[1.0,0.0],"evs":[0.0,-4.92007]},"A3o":{"weight":1.0,"played":[1.0,0.0],"evs":[0.0,-5.10067]},"42s":{"weight":1.0,"played":[0.9999,1.0E-4],"evs":[0.0,-4.02381]},"43s":{"weight":1.0,"played":[1.0,0.0],"evs":[0.0,-3.52235]},"44":{"weight":1.0,"played":[0.9998,2.0E-4],"evs":[0.0,-3.12485]},"54o":{"weight":1.0,"played":[1.0,0.0],"evs":[0.0,-3.90904]},"64o":{"weight":1.0,"played":[1.0,0.0],"evs":[0.0,-4.12572]},"74o":{"weight":1.0,"played":[1.0,0.0],"evs":[0.0,-4.37339]},"84o":{"weight":1.0,"played":[1.0,0.0],"evs":[0.0,-4.60769]},"94o":{"weight":1.0,"played":[1.0,0.0],"evs":[0.0,-4.9232]},"T4o":{"weight":1.0,"played":[1.0,0.0],"evs":[0.0,-4.65022]},"J4o":{"weight":1.0,"played":[1.0,0.0],"evs":[0.0,-5.15093]},"Q4o":{"weight":1.0,"played":[1.0,0.0],"evs":[0.0,-4.73882]},"K4o":{"weight":1.0,"played":[1.0,0.0],"evs":[0.0,-4.66111]},"A4o":{"weight":1.0,"played":[1.0,0.0],"evs":[0.0,-4.74679]},"52s":{"weight":1.0,"played":[1.0,0.0],"evs":[0.0,-3.9891]},"53s":{"weight":1.0,"played":[1.0,0.0],"evs":[0.0,-3.3631]},"54s":{"weight":1.0,"played":[1.0,0.0],"evs":[0.0,-3.36412]},"55":{"weight":1.0,"played":[1.0,0.0],"evs":[0.0,-2.71101]},"65o":{"weight":1.0,"played":[1.0,0.0],"evs":[0.0,-3.77178]},"75o":{"weight":1.0,"played":[1.0,0.0],"evs":[0.0,-4.15125]},"85o":{"weight":1.0,"played":[1.0,0.0],"evs":[0.0,-4.3847]},"95o":{"weight":1.0,"played":[1.0,0.0],"evs":[0.0,-4.48937]},"T5o":{"weight":1.0,"played":[1.0,0.0],"evs":[0.0,-4.62252]},"J5o":{"weight":1.0,"played":[1.0,0.0],"evs":[0.0,-4.89068]},"Q5o":{"weight":1.0,"played":[1.0,0.0],"evs":[0.0,-4.67664]},"K5o":{"weight":1.0,"played":[1.0,0.0],"evs":[0.0,-4.65108]},"A5o":{"weight":1.0,"played":[1.0,0.0],"evs":[0.0,-4.72059]},"62s":{"weight":1.0,"played":[1.0,0.0],"evs":[0.0,-3.84425]},"63s":{"weight":1.0,"played":[1.0,0.0],"evs":[0.0,-3.78122]},"64s":{"weight":1.0,"played":[1.0,0.0],"evs":[0.0,-3.35892]},"65s":{"weight":1.0,"played":[0.9998,2.0E-4],"evs":[0.0,-2.77805]},"66":{"weight":1.0,"played":[1.0,0.0],"evs":[0.0,-2.63223]},"76o":{"weight":1.0,"played":[1.0,0.0],"evs":[0.0,-3.7742]},"86o":{"weight":1.0,"played":[1.0,0.0],"evs":[0.0,-4.00769]},"96o":{"weight":1.0,"played":[1.0,0.0],"evs":[0.0,-4.18757]},"T6o":{"weight":1.0,"played":[1.0,0.0],"evs":[0.0,-4.4491]},"J6o":{"weight":1.0,"played":[1.0,0.0],"evs":[0.0,-4.73049]},"Q6o":{"weight":1.0,"played":[1.0,0.0],"evs":[0.0,-4.53007]},"K6o":{"weight":1.0,"played":[1.0,0.0],"evs":[0.0,-4.21469]},"A6o":{"weight":1.0,"played":[1.0,0.0],"evs":[0.0,-5.02536]},"72s":{"weight":1.0,"played":[1.0,0.0],"evs":[0.0,-4.6481]},"73s":{"weight":1.0,"played":[1.0,0.0],"evs":[0.0,-3.74795]},"74s":{"weight":1.0,"played":[1.0,0.0],"evs":[0.0,-3.53644]},"75s":{"weight":1.0,"played":[1.0,0.0],"evs":[0.0,-3.26703]},"76s":{"weight":1.0,"played":[1.0,0.0],"evs":[0.0,-2.98808]},"77":{"weight":1.0,"played":[1.0,0.0],"evs":[0.0,-2.2025]},"87o":{"weight":1.0,"played":[1.0,0.0],"evs":[0.0,-4.01182]},"97o":{"weight":1.0,"played":[1.0,0.0],"evs":[0.0,-3.94602]},"T7o":{"weight":1.0,"played":[1.0,0.0],"evs":[0.0,-4.18833]},"J7o":{"weight":1.0,"played":[1.0,0.0],"evs":[0.0,-4.63088]},"Q7o":{"weight":1.0,"played":[1.0,0.0],"evs":[0.0,-4.68276]},"K7o":{"weight":1.0,"played":[1.0,0.0],"evs":[0.0,-4.23936]},"A7o":{"weight":1.0,"played":[1.0,0.0],"evs":[0.0,-4.8879]},"82s":{"weight":1.0,"played":[1.0,0.0],"evs":[0.0,-4.18861]},"83s":{"weight":1.0,"played":[0.9998,2.0E-4],"evs":[0.0,-3.97911]},"84s":{"weight":1.0,"played":[0.9999,1.0E-4],"evs":[0.0,-3.85101]},"85s":{"weight":1.0,"played":[0.9999,1.0E-4],"evs":[0.0,-3.66881]},"86s":{"weight":1.0,"played":[1.0,0.0],"evs":[0.0,-3.19738]},"87s":{"weight":1.0,"played":[1.0,0.0],"evs":[0.0,-2.90249]},"88":{"weight":1.0,"played":[1.0,0.0],"evs":[0.0,-1.98426]},"98o":{"weight":1.0,"played":[1.0,0.0],"evs":[0.0,-3.58416]},"T8o":{"weight":1.0,"played":[1.0,0.0],"evs":[0.0,-3.96512]},"J8o":{"weight":1.0,"played":[1.0,0.0],"evs":[0.0,-4.43479]},"Q8o":{"weight":1.0,"played":[1.0,0.0],"evs":[0.0,-4.47355]},"K8o":{"weight":1.0,"played":[1.0,0.0],"evs":[0.0,-4.5536]},"A8o":{"weight":1.0,"played":[1.0,0.0],"evs":[0.0,-4.96806]},"92s":{"weight":1.0,"played":[1.0,0.0],"evs":[0.0,-4.45475]},"93s":{"weight":1.0,"played":[1.0,0.0],"evs":[0.0,-4.34439]},"94s":{"weight":1.0,"played":[1.0,0.0],"evs":[0.0,-4.19584]},"95s":{"weight":1.0,"played":[1.0,0.0],"evs":[0.0,-3.47305]},"96s":{"weight":1.0,"played":[0.9999,1.0E-4],"evs":[0.0,-3.64163]},"97s":{"weight":1.0,"played":[1.0,0.0],"evs":[0.0,-2.94975]},"98s":{"weight":1.0,"played":[1.0,0.0],"evs":[0.0,-3.17305]},"99":{"weight":1.0,"played":[0.9974,0.0026],"evs":[0.0,-1.37869]},"T9o":{"weight":1.0,"played":[1.0,0.0],"evs":[0.0,-3.63189]},"J9o":{"weight":1.0,"played":[1.0,0.0],"evs":[0.0,-4.09325]},"Q9o":{"weight":1.0,"played":[1.0,0.0],"evs":[0.0,-4.17279]},"K9o":{"weight":1.0,"played":[1.0,0.0],"evs":[0.0,-4.23938]},"A9o":{"weight":1.0,"played":[1.0,0.0],"evs":[0.0,-4.86885]},"T2s":{"weight":1.0,"played":[1.0,0.0],"evs":[0.0,-4.19021]},"T3s":{"weight":1.0,"played":[0.9998,2.0E-4],"evs":[0.0,-4.00239]},"T4s":{"weight":1.0,"played":[1.0,0.0],"evs":[0.0,-3.7134]},"T5s":{"weight":1.0,"played":[0.9999,1.0E-4],"evs":[0.0,-3.94171]},"T6s":{"weight":1.0,"played":[1.0,0.0],"evs":[0.0,-3.66256]},"T7s":{"weight":1.0,"played":[1.0,0.0],"evs":[0.0,-3.31368]},"T8s":{"weight":1.0,"played":[0.9999,1.0E-4],"evs":[0.0,-3.27567]},"T9s":{"weight":1.0,"played":[0.9999,1.0E-4],"evs":[0.0,-2.94663]},"TT":{"weight":1.0,"played":[0.9987,0.0013],"evs":[0.0,-0.73302]},"JTo":{"weight":1.0,"played":[1.0,0.0],"evs":[0.0,-3.90769]},"QTo":{"weight":1.0,"played":[1.0,0.0],"evs":[0.0,-3.71324]},"KTo":{"weight":1.0,"played":[1.0,0.0],"evs":[0.0,-3.852]},"ATo":{"weight":1.0,"played":[1.0,0.0],"evs":[0.0,-4.22995]},"J2s":{"weight":1.0,"played":[1.0,0.0],"evs":[0.0,-4.34531]},"J3s":{"weight":1.0,"played":[1.0,0.0],"evs":[0.0,-4.19834]},"J4s":{"weight":1.0,"played":[1.0,0.0],"evs":[0.0,-3.81653]},"J5s":{"weight":1.0,"played":[1.0,0.0],"evs":[0.0,-4.56437]},"J6s":{"weight":1.0,"played":[1.0,0.0],"evs":[0.0,-3.93905]},"J7s":{"weight":1.0,"played":[1.0,0.0],"evs":[0.0,-3.62383]},"J8s":{"weight":1.0,"played":[1.0,0.0],"evs":[0.0,-3.34348]},"J9s":{"weight":1.0,"played":[1.0,0.0],"evs":[0.0,-3.1795]},"JTs":{"weight":1.0,"played":[1.0,0.0],"evs":[0.0,-2.99385]},"JJ":{"weight":1.0,"played":[0.2292,0.7708],"evs":[0.0,0.01755]},"QJo":{"weight":1.0,"played":[1.0,0.0],"evs":[0.0,-3.86914]},"KJo":{"weight":1.0,"played":[1.0,0.0],"evs":[0.0,-3.99753]},"AJo":{"weight":1.0,"played":[1.0,0.0],"evs":[0.0,-3.95229]},"Q2s":{"weight":1.0,"played":[1.0,0.0],"evs":[0.0,-4.15569]},"Q3s":{"weight":1.0,"played":[1.0,0.0],"evs":[0.0,-4.11077]},"Q4s":{"weight":1.0,"played":[1.0,0.0],"evs":[0.0,-3.86717]},"Q5s":{"weight":1.0,"played":[1.0,0.0],"evs":[0.0,-3.6739]},"Q6s":{"weight":1.0,"played":[0.9999,1.0E-4],"evs":[0.0,-3.66189]},"Q7s":{"weight":1.0,"played":[1.0,0.0],"evs":[0.0,-3.58877]},"Q8s":{"weight":1.0,"played":[0.9998,2.0E-4],"evs":[0.0,-3.54283]},"Q9s":{"weight":1.0,"played":[1.0,0.0],"evs":[0.0,-3.19687]},"QTs":{"weight":1.0,"played":[0.9999,1.0E-4],"evs":[0.0,-3.03319]},"QJs":{"weight":1.0,"played":[0.9998,2.0E-4],"evs":[0.0,-3.22208]},"QQ":{"weight":1.0,"played":[0.0089,0.9911],"evs":[0.0,1.56792]},"KQo":{"weight":1.0,"played":[1.0,0.0],"evs":[0.0,-3.4856]},"AQo":{"weight":1.0,"played":[1.0,0.0],"evs":[0.0,-3.39957]},"K2s":{"weight":1.0,"played":[1.0,0.0],"evs":[0.0,-4.32081]},"K3s":{"weight":1.0,"played":[1.0,0.0],"evs":[0.0,-3.89171]},"K4s":{"weight":1.0,"played":[1.0,0.0],"evs":[0.0,-3.79145]},"K5s":{"weight":1.0,"played":[1.0,0.0],"evs":[0.0,-3.49564]},"K6s":{"weight":1.0,"played":[1.0,0.0],"evs":[0.0,-3.92406]},"K7s":{"weight":1.0,"played":[1.0,0.0],"evs":[0.0,-3.77882]},"K8s":{"weight":1.0,"played":[0.9999,1.0E-4],"evs":[0.0,-3.8321]},"K9s":{"weight":1.0,"played":[0.9999,1.0E-4],"evs":[0.0,-3.40956]},"KTs":{"weight":1.0,"played":[1.0,0.0],"evs":[0.0,-3.0755]},"KJs":{"weight":1.0,"played":[1.0,0.0],"evs":[0.0,-3.50866]},"KQs":{"weight":1.0,"played":[1.0,0.0],"evs":[0.0,-2.72152]},"KK":{"weight":1.0,"played":[0.0,1.0],"evs":[0.0,3.47291]},"AKo":{"weight":1.0,"played":[0.9999,1.0E-4],"evs":[0.0,-1.88138]},"A2s":{"weight":1.0,"played":[1.0,0.0],"evs":[0.0,-4.18398]},"A3s":{"weight":1.0,"played":[0.9999,1.0E-4],"evs":[0.0,-3.78156]},"A4s":{"weight":1.0,"played":[1.0,0.0],"evs":[0.0,-4.26819]},"A5s":{"weight":1.0,"played":[0.9999,1.0E-4],"evs":[0.0,-4.04405]},"A6s":{"weight":1.0,"played":[1.0,0.0],"evs":[0.0,-4.21986]},"A7s":{"weight":1.0,"played":[0.9999,1.0E-4],"evs":[0.0,-4.0241]},"A8s":{"weight":1.0,"played":[1.0,0.0],"evs":[0.0,-3.81071]},"A9s":{"weight":1.0,"played":[1.0,0.0],"evs":[0.0,-3.55056]},"ATs":{"weight":1.0,"played":[0.9999,1.0E-4],"evs":[0.0,-3.31808]},"AJs":{"weight":1.0,"played":[0.9999,1.0E-4],"evs":[0.0,-2.96193]},"AQs":{"weight":1.0,"played":[0.9973,0.0027],"evs":[0.0,-2.17311]},"AKs":{"weight":1.0,"played":[0.9944,0.0056],"evs":[0.0,-1.14467]},"AA":{"weight":1.0,"played":[0.0,1.0],"evs":[0.0,6.10456]}}}