{"player":6,"street":0,"children":2,"sequence":[{"player":0,"type":"F","amount":0,"street":0},{"player":1,"type":"F","amount":0,"street":0},{"player":2,"type":"F","amount":0,"street":0},{"player":3,"type":"R","amount":11680000,"street":0},{"player":4,"type":"F","amount":0,"street":0},{"player":5,"type":"R","amount":18720000,"street":0}],"actions":[{"type":"F","amount":0},{"type":"C","amount":15520000}],"hands":{"22":{"weight":1.0,"played":[1.0,0.0],"evs":[0.0,-1.29708]},"32o":{"weight":1.0,"played":[1.0,0.0],"evs":[0.0,-3.66205]},"42o":{"weight":1.0,"played":[1.0,0.0],"evs":[0.0,-3.57583]},"52o":{"weight":1.0,"played":[1.0,0.0],"evs":[0.0,-3.48234]},"62o":{"weight":1.0,"played":[1.0,0.0],"evs":[0.0,-3.65883]},"72o":{"weight":1.0,"played":[1.0,0.0],"evs":[0.0,-3.82892]},"82o":{"weight":1.0,"played":[1.0,0.0],"evs":[0.0,-3.6827]},"92o":{"weight":1.0,"played":[1.0,0.0],"evs":[0.0,-3.5983]},"T2o":{"weight":1.0,"played":[1.0,0.0],"evs":[0.0,-3.43662]},"J2o":{"weight":1.0,"played":[1.0,0.0],"evs":[0.0,-3.31431]},"Q2o":{"weight":1.0,"played":[1.0,0.0],"evs":[0.0,-3.04516]},"K2o":{"weight":1.0,"played":[1.0,0.0],"evs":[0.0,-2.81376]},"A2o":{"weight":1.0,"played":[1.0,0.0],"evs":[0.0,-2.20185]},"32s":{"weight":1.0,"played":[1.0,0.0],"evs":[0.0,-2.9024]},"33":{"weight":1.0,"played":[1.0,0.0],"evs":[0.0,-1.05095]},"43o":{"weight":1.0,"played":[1.0,0.0],"evs":[0.0,-3.22295]},"53o":{"weight":1.0,"played":[1.0,0.0],"evs":[0.0,-3.13243]},"63o":{"weight":1.0,"played":[1.0,0.0],"evs":[0.0,-3.33703]},"73o":{"weight":1.0,"played":[1.0,0.0],"evs":[0.0,-3.54567]},"83o":{"weight":1.0,"played":[1.0,0.0],"evs":[0.0,-3.62241]},"93o":{"weight":1.0,"played":[1.0,0.0],"evs":[0.0,-3.5077]},"T3o":{"weight":1.0,"played":[1.0,0.0],"evs":[0.0,-3.35102]},"J3o":{"weight":1.0,"played":[1.0,0.0],"evs":[0.0,-3.18051]},"Q3o":{"weight":1.0,"played":[1.0,0.0],"evs":[0.0,-2.92825]},"K3o":{"weight":1.0,"played":[1.0,0.0],"evs":[0.0,-2.68611]},"A3o":{"weight":1.0,"played":[1.0,0.0],"evs":[0.0,-2.09477]},"42s":{"weight":1.0,"played":[1.0,0.0],"evs":[0.0,-2.83517]},"43s":{"weight":1.0,"played":[1.0,0.0],"evs":[0.0,-2.50937]},"44":{"weight":1.0,"played":[1.0,0.0],"evs":[0.0,-0.72625]},"54o":{"weight":1.0,"played":[1.0,0.0],"evs":[0.0,-2.83257]},"64o":{"weight":1.0,"played":[1.0,0.0],"evs":[0.0,-3.0088]},"74o":{"weight":1.0,"played":[1.0,0.0],"evs":[0.0,-3.17801]},"84o":{"weight":1.0,"played":[1.0,0.0],"evs":[0.0,-3.30277]},"94o":{"weight":1.0,"played":[1.0,0.0],"evs":[0.0,-3.44694]},"T4o":{"weight":1.0,"played":[1.0,0.0],"evs":[0.0,-3.2761]},"J4o":{"weight":1.0,"played":[1.0,0.0],"evs":[0.0,-3.06385]},"Q4o":{"weight":1.0,"played":[1.0,0.0],"evs":[0.0,-2.81785]},"K4o":{"weight":1.0,"played":[1.0,0.0],"evs":[0.0,-2.59347]},"A4o":{"weight":1.0,"played":[1.0,0.0],"evs":[0.0,-1.98279]},"52s":{"weight":1.0,"played":[1.0,0.0],"evs":[0.0,-2.71668]},"53s":{"weight":1.0,"played":[1.0,0.0],"evs":[0.0,-2.41033]},"54s":{"weight":1.0,"played":[1.0,0.0],"evs":[0.0,-2.15713]},"55":{"weight":1.0,"played":[0.9999,1.0E-4],"evs":[0.0,-0.38465]},"65o":{"weight":1.0,"played":[1.0,0.0],"evs":[0.0,-2.75155]},"75o":{"weight":1.0,"played":[1.0,0.0],"evs":[0.0,-2.88956]},"85o":{"weight":1.0,"played":[1.0,0.0],"evs":[0.0,-3.01625]},"95o":{"weight":1.0,"played":[1.0,0.0],"evs":[0.0,-3.15779]},"T5o":{"weight":1.0,"played":[1.0,0.0],"evs":[0.0,-3.26173]},"J5o":{"weight":1.0,"played":[1.0,0.0],"evs":[0.0,-3.02455]},"Q5o":{"weight":1.0,"played":[1.0,0.0],"evs":[0.0,-2.78564]},"K5o":{"weight":1.0,"played":[1.0,0.0],"evs":[0.0,-2.53767]},"A5o":{"weight":1.0,"played":[1.0,0.0],"evs":[0.0,-1.83421]},"62s":{"weight":1.0,"played":[1.0,0.0],"evs":[0.0,-2.93923]},"63s":{"weight":1.0,"played":[1.0,0.0],"evs":[0.0,-2.60614]},"64s":{"weight":1.0,"played":[1.0,0.0],"evs":[0.0,-2.30873]},"65s":{"weight":1.0,"played":[1.0,0.0],"evs":[0.0,-2.04202]},"66":{"weight":1.0,"played":[0.8489,0.1511],"evs":[0.0,-0.01352]},"76o":{"weight":1.0,"played":[1.0,0.0],"evs":[0.0,-2.63101]},"86o":{"weight":1.0,"played":[1.0,0.0],"evs":[0.0,-2.72083]},"96o":{"weight":1.0,"played":[1.0,0.0],"evs":[0.0,-2.84127]},"T6o":{"weight":1.0,"played":[1.0,0.0],"evs":[0.0,-2.8991]},"J6o":{"weight":1.0,"played":[1.0,0.0],"evs":[0.0,-2.96274]},"Q6o":{"weight":1.0,"played":[1.0,0.0],"evs":[0.0,-2.62562]},"K6o":{"weight":1.0,"played":[1.0,0.0],"evs":[0.0,-2.42165]},"A6o":{"weight":1.0,"played":[1.0,0.0],"evs":[0.0,-1.85039]},"72s":{"weight":1.0,"played":[1.0,0.0],"evs":[0.0,-3.02063]},"73s":{"weight":1.0,"played":[1.0,0.0],"evs":[0.0,-2.76896]},"74s":{"weight":1.0,"played":[1.0,0.0],"evs":[0.0,-2.53097]},"75s":{"weight":1.0,"played":[1.0,0.0],"evs":[0.0,-2.19988]},"76s":{"weight":1.0,"played":[1.0,0.0],"evs":[0.0,-1.88322]},"77":{"weight":1.0,"played":[0.0,1.0],"evs":[0.0,0.42508]},"87o":{"weight":1.0,"played":[1.0,0.0],"evs":[0.0,-2.48614]},"97o":{"weight":1.0,"played":[1.0,0.0],"evs":[0.0,-2.55836]},"T7o":{"weight":1.0,"played":[1.0,0.0],"evs":[0.0,-2.61885]},"J7o":{"weight":1.0,"played":[1.0,0.0],"evs":[0.0,-2.63872]},"Q7o":{"weight":1.0,"played":[1.0,0.0],"evs":[0.0,-2.62354]},"K7o":{"weight":1.0,"played":[1.0,0.0],"evs":[0.0,-2.30184]},"A7o":{"weight":1.0,"played":[1.0,0.0],"evs":[0.0,-1.498]},"82s":{"weight":1.0,"played":[1.0,0.0],"evs":[0.0,-2.91942]},"83s":{"weight":1.0,"played":[1.0,0.0],"evs":[0.0,-2.80518]},"84s":{"weight":1.0,"played":[1.0,0.0],"evs":[0.0,-2.59123]},"85s":{"weight":1.0,"played":[1.0,0.0],"evs":[0.0,-2.36666]},"86s":{"weight":1.0,"played":[1.0,0.0],"evs":[0.0,-1.98067]},"87s":{"weight":1.0,"played":[1.0,0.0],"evs":[0.0,-1.73654]},"88":{"weight":1.0,"played":[0.0,1.0],"evs":[0.0,0.91715]},"98o":{"weight":1.0,"played":[1.0,0.0],"evs":[0.0,-2.29121]},"T8o":{"weight":1.0,"played":[1.0,0.0],"evs":[0.0,-2.30269]},"J8o":{"weight":1.0,"played":[1.0,0.0],"evs":[0.0,-2.33374]},"Q8o":{"weight":1.0,"played":[1.0,0.0],"evs":[0.0,-2.26393]},"K8o":{"weight":1.0,"played":[1.0,0.0],"evs":[0.0,-2.2245]},"A8o":{"weight":1.0,"played":[1.0,0.0],"evs":[0.0,-1.11239]},"92s":{"weight":1.0,"played":[1.0,0.0],"evs":[0.0,-2.83248]},"93s":{"weight":1.0,"played":[1.0,0.0],"evs":[0.0,-2.7309]},"94s":{"weight":1.0,"played":[1.0,0.0],"evs":[0.0,-2.63829]},"95s":{"weight":1.0,"played":[1.0,0.0],"evs":[0.0,-2.48536]},"96s":{"weight":1.0,"played":[1.0,0.0],"evs":[0.0,-2.12369]},"97s":{"weight":1.0,"played":[1.0,0.0],"evs":[0.0,-1.85187]},"98s":{"weight":1.0,"played":[1.0,0.0],"evs":[0.0,-1.55978]},"99":{"weight":1.0,"played":[0.0,1.0],"evs":[0.0,1.53609]},"T9o":{"weight":1.0,"played":[1.0,0.0],"evs":[0.0,-1.93741]},"J9o":{"weight":1.0,"played":[1.0,0.0],"evs":[0.0,-1.96106]},"Q9o":{"weight":1.0,"played":[1.0,0.0],"evs":[0.0,-1.92216]},"K9o":{"weight":1.0,"played":[1.0,0.0],"evs":[0.0,-1.84622]},"A9o":{"weight":1.0,"played":[1.0,0.0],"evs":[0.0,-0.6256]},"T2s":{"weight":1.0,"played":[1.0,0.0],"evs":[0.0,-2.69996]},"T3s":{"weight":1.0,"played":[1.0,0.0],"evs":[0.0,-2.56064]},"T4s":{"weight":1.0,"played":[1.0,0.0],"evs":[0.0,-2.51986]},"T5s":{"weight":1.0,"played":[1.0,0.0],"evs":[0.0,-2.48715]},"T6s":{"weight":1.0,"played":[1.0,0.0],"evs":[0.0,-2.22643]},"T7s":{"weight":1.0,"played":[1.0,0.0],"evs":[0.0,-1.92981]},"T8s":{"weight":1.0,"played":[1.0,0.0],"evs":[0.0,-1.59589]},"T9s":{"weight":1.0,"played":[1.0,0.0],"evs":[0.0,-1.28266]},"TT":{"weight":1.0,"played":[0.0,1.0],"evs":[0.0,2.3182]},"JTo":{"weight":1.0,"played":[1.0,0.0],"evs":[0.0,-1.53382]},"QTo":{"weight":1.0,"played":[1.0,0.0],"evs":[0.0,-1.4536]},"KTo":{"weight":1.0,"played":[1.0,0.0],"evs":[0.0,-1.26653]},"ATo":{"weight":1.0,"played":[0.0,1.0],"evs":[0.0,0.22921]},"J2s":{"weight":1.0,"played":[1.0,0.0],"evs":[0.0,-2.53801]},"J3s":{"weight":1.0,"played":[1.0,0.0],"evs":[0.0,-2.44652]},"J4s":{"weight":1.0,"played":[1.0,0.0],"evs":[0.0,-2.38061]},"J5s":{"weight":1.0,"played":[1.0,0.0],"evs":[0.0,-2.31679]},"J6s":{"weight":1.0,"played":[1.0,0.0],"evs":[0.0,-2.16122]},"J7s":{"weight":1.0,"played":[1.0,0.0],"evs":[0.0,-1.9764]},"J8s":{"weight":1.0,"played":[1.0,0.0],"evs":[0.0,-1.65554]},"J9s":{"weight":1.0,"played":[1.0,0.0],"evs":[0.0,-1.30922]},"JTs":{"weight":1.0,"played":[1.0,0.0],"evs":[0.0,-0.87405]},"JJ":{"weight":1.0,"played":[0.0,1.0],"evs":[0.0,3.14121]},"QJo":{"weight":1.0,"played":[1.0,0.0],"evs":[0.0,-1.23557]},"KJo":{"weight":1.0,"played":[1.0,0.0],"evs":[0.0,-0.9622]},"AJo":{"weight":1.0,"played":[0.0,1.0],"evs":[0.0,0.76492]},"Q2s":{"weight":1.0,"played":[1.0,0.0],"evs":[0.0,-2.26227]},"Q3s":{"weight":1.0,"played":[1.0,0.0],"evs":[0.0,-2.195]},"Q4s":{"weight":1.0,"played":[1.0,0.0],"evs":[0.0,-2.0812]},"Q5s":{"weight":1.0,"played":[1.0,0.0],"evs":[0.0,-2.04998]},"Q6s":{"weight":1.0,"played":[1.0,0.0],"evs":[0.0,-1.97293]},"Q7s":{"weight":1.0,"played":[1.0,0.0],"evs":[0.0,-1.85404]},"Q8s":{"weight":1.0,"played":[1.0,0.0],"evs":[0.0,-1.62304]},"Q9s":{"weight":1.0,"played":[1.0,0.0],"evs":[0.0,-1.23864]},"QTs":{"weight":1.0,"played":[1.0,0.0],"evs":[0.0,-0.82758]},"QJs":{"weight":1.0,"played":[1.0,0.0],"evs":[0.0,-0.6705]},"QQ":{"weight":1.0,"played":[0.0,1.0],"evs":[0.0,3.92797]},"KQo":{"weight":1.0,"played":[1.0,0.0],"evs":[0.0,-0.60118]},"AQo":{"weight":1.0,"played":[0.0,1.0],"evs":[0.0,1.35639]},"K2s":{"weight":1.0,"played":[1.0,0.0],"evs":[0.0,-2.07369]},"K3s":{"weight":1.0,"played":[1.0,0.0],"evs":[0.0,-1.96128]},"K4s":{"weight":1.0,"played":[1.0,0.0],"evs":[0.0,-1.88389]},"K5s":{"weight":1.0,"played":[1.0,0.0],"evs":[0.0,-1.78518]},"K6s":{"weight":1.0,"played":[1.0,0.0],"evs":[0.0,-1.6626]},"K7s":{"weight":1.0,"played":[1.0,0.0],"evs":[0.0,-1.53891]},"K8s":{"weight":1.0,"played":[1.0,0.0],"evs":[0.0,-1.51248]},"K9s":{"weight":1.0,"played":[1.0,0.0],"evs":[0.0,-1.16822]},"KTs":{"weight":1.0,"played":[1.0,0.0],"evs":[0.0,-0.62646]},"KJs":{"weight":1.0,"played":[0.9998,2.0E-4],"evs":[0.0,-0.33422]},"KQs":{"weight":1.0,"played":[0.2823,0.7177],"evs":[0.0,0.02075]},"KK":{"weight":1.0,"played":[0.0,1.0],"evs":[0.0,4.89552]},"AKo":{"weight":1.0,"played":[0.0,1.0],"evs":[0.0,1.97426]},"A2s":{"weight":1.0,"played":[1.0,0.0],"evs":[0.0,-1.49532]},"A3s":{"weight":1.0,"played":[1.0,0.0],"evs":[0.0,-1.3913]},"A4s":{"weight":1.0,"played":[1.0,0.0],"evs":[0.0,-1.25213]},"A5s":{"weight":1.0,"played":[1.0,0.0],"evs":[0.0,-1.1526]},"A6s":{"weight":1.0,"played":[1.0,0.0],"evs":[0.0,-1.16145]},"A7s":{"weight":1.0,"played":[1.0,0.0],"evs":[0.0,-0.7552]},"A8s":{"weight":1.0,"played":[0.9999,1.0E-4],"evs":[0.0,-0.44772]},"A9s":{"weight":1.0,"played":[0.1153,0.8847],"evs":[0.0,0.09691]},"ATs":{"weight":1.0,"played":[0.0,1.0],"evs":[0.0,0.75517]},"AJs":{"weight":1.0,"played":[0.0,1.0],"evs":[0.0,1.36233]},"AQs":{"weight":1.0,"played":[0.0,1.0],"evs":[0.0,1.90437]},"AKs":{"weight":1.0,"played":[0.0,1.0],"evs":[0.0,2.44565]},"AA":{"weight":1.0,"played":[0.0,1.0],"evs":[0.0,7.10424]}}}