{"player":2,"street":0,"children":2,"sequence":[{"player":0,"type":"R","amount":22880000,"street":0},{"player":1,"type":"C","amount":4640000,"street":0}],"actions":[{"type":"F","amount":0,"node":158},{"type":"C","amount":8160000,"node":178}],"hands":{"22":{"weight":1.0,"played":[1.0,0.0],"evs":[0.0,-0.96544]},"32o":{"weight":1.0,"played":[1.0,0.0],"evs":[0.0,-2.12597]},"42o":{"weight":1.0,"played":[1.0,0.0],"evs":[0.0,-2.03643]},"52o":{"weight":1.0,"played":[1.0,0.0],"evs":[0.0,-1.9505]},"62o":{"weight":1.0,"played":[1.0,0.0],"evs":[0.0,-2.05772]},"72o":{"weight":1.0,"played":[1.0,0.0],"evs":[0.0,-2.19878]},"82o":{"weight":1.0,"played":[1.0,0.0],"evs":[0.0,-2.1368]},"92o":{"weight":1.0,"played":[1.0,0.0],"evs":[0.0,-2.16531]},"T2o":{"weight":1.0,"played":[1.0,0.0],"evs":[0.0,-2.10292]},"J2o":{"weight":1.0,"played":[1.0,0.0],"evs":[0.0,-2.11315]},"Q2o":{"weight":1.0,"played":[1.0,0.0],"evs":[0.0,-1.98004]},"K2o":{"weight":1.0,"played":[1.0,0.0],"evs":[0.0,-1.79881]},"A2o":{"weight":1.0,"played":[1.0,0.0],"evs":[0.0,-1.57769]},"32s":{"weight":1.0,"played":[1.0,0.0],"evs":[0.0,-1.64382]},"33":{"weight":1.0,"played":[1.0,0.0],"evs":[0.0,-0.83515]},"43o":{"weight":1.0,"played":[1.0,0.0],"evs":[0.0,-1.84007]},"53o":{"weight":1.0,"played":[1.0,0.0],"evs":[0.0,-1.73293]},"63o":{"weight":1.0,"played":[1.0,0.0],"evs":[0.0,-1.87463]},"73o":{"weight":1.0,"played":[1.0,0.0],"evs":[0.0,-2.00398]},"83o":{"weight":1.0,"played":[1.0,0.0],"evs":[0.0,-2.14353]},"93o":{"weight":1.0,"played":[1.0,0.0],"evs":[0.0,-2.11354]},"T3o":{"weight":1.0,"played":[1.0,0.0],"evs":[0.0,-2.04598]},"J3o":{"weight":1.0,"played":[1.0,0.0],"evs":[0.0,-2.05177]},"Q3o":{"weight":1.0,"played":[1.0,0.0],"evs":[0.0,-1.92709]},"K3o":{"weight":1.0,"played":[1.0,0.0],"evs":[0.0,-1.74788]},"A3o":{"weight":1.0,"played":[1.0,0.0],"evs":[0.0,-1.51667]},"42s":{"weight":1.0,"played":[1.0,0.0],"evs":[0.0,-1.53768]},"43s":{"weight":1.0,"played":[1.0,0.0],"evs":[0.0,-1.35679]},"44":{"weight":1.0,"played":[1.0,0.0],"evs":[0.0,-0.65463]},"54o":{"weight":1.0,"played":[1.0,0.0],"evs":[0.0,-1.51985]},"64o":{"weight":1.0,"played":[1.0,0.0],"evs":[0.0,-1.60837]},"74o":{"weight":1.0,"played":[1.0,0.0],"evs":[0.0,-1.76417]},"84o":{"weight":1.0,"played":[1.0,0.0],"evs":[0.0,-1.91831]},"94o":{"weight":1.0,"played":[1.0,0.0],"evs":[0.0,-2.09089]},"T4o":{"weight":1.0,"played":[1.0,0.0],"evs":[0.0,-1.99372]},"J4o":{"weight":1.0,"played":[1.0,0.0],"evs":[0.0,-1.99889]},"Q4o":{"weight":1.0,"played":[1.0,0.0],"evs":[0.0,-1.85945]},"K4o":{"weight":1.0,"played":[1.0,0.0],"evs":[0.0,-1.70252]},"A4o":{"weight":1.0,"played":[1.0,0.0],"evs":[0.0,-1.42525]},"52s":{"weight":1.0,"played":[1.0,0.0],"evs":[0.0,-1.45643]},"53s":{"weight":1.0,"played":[1.0,0.0],"evs":[0.0,-1.25734]},"54s":{"weight":1.0,"played":[1.0,0.0],"evs":[0.0,-1.06783]},"55":{"weight":1.0,"played":[1.0,0.0],"evs":[0.0,-0.38031]},"65o":{"weight":1.0,"played":[1.0,0.0],"evs":[0.0,-1.39288]},"75o":{"weight":1.0,"played":[1.0,0.0],"evs":[0.0,-1.5319]},"85o":{"weight":1.0,"played":[1.0,0.0],"evs":[0.0,-1.66464]},"95o":{"weight":1.0,"played":[1.0,0.0],"evs":[0.0,-1.85149]},"T5o":{"weight":1.0,"played":[1.0,0.0],"evs":[0.0,-1.927]},"J5o":{"weight":1.0,"played":[1.0,0.0],"evs":[0.0,-1.88399]},"Q5o":{"weight":1.0,"played":[1.0,0.0],"evs":[0.0,-1.75425]},"K5o":{"weight":1.0,"played":[1.0,0.0],"evs":[0.0,-1.56532]},"A5o":{"weight":1.0,"played":[1.0,0.0],"evs":[0.0,-1.32078]},"62s":{"weight":1.0,"played":[1.0,0.0],"evs":[0.0,-1.57073]},"63s":{"weight":1.0,"played":[1.0,0.0],"evs":[0.0,-1.34603]},"64s":{"weight":1.0,"played":[1.0,0.0],"evs":[0.0,-1.15582]},"65s":{"weight":1.0,"played":[1.0,0.0],"evs":[0.0,-0.90954]},"66":{"weight":1.0,"played":[0.9997,3.0E-4],"evs":[0.0,-0.1474]},"76o":{"weight":1.0,"played":[1.0,0.0],"evs":[0.0,-1.33907]},"86o":{"weight":1.0,"played":[1.0,0.0],"evs":[0.0,-1.46924]},"96o":{"weight":1.0,"played":[1.0,0.0],"evs":[0.0,-1.63506]},"T6o":{"weight":1.0,"played":[1.0,0.0],"evs":[0.0,-1.70834]},"J6o":{"weight":1.0,"played":[1.0,0.0],"evs":[0.0,-1.86126]},"Q6o":{"weight":1.0,"played":[1.0,0.0],"evs":[0.0,-1.6915]},"K6o":{"weight":1.0,"played":[1.0,0.0],"evs":[0.0,-1.51083]},"A6o":{"weight":1.0,"played":[1.0,0.0],"evs":[0.0,-1.42118]},"72s":{"weight":1.0,"played":[1.0,0.0],"evs":[0.0,-1.69649]},"73s":{"weight":1.0,"played":[1.0,0.0],"evs":[0.0,-1.49893]},"74s":{"weight":1.0,"played":[1.0,0.0],"evs":[0.0,-1.27419]},"75s":{"weight":1.0,"played":[1.0,0.0],"evs":[0.0,-1.09645]},"76s":{"weight":1.0,"played":[1.0,0.0],"evs":[0.0,-0.86955]},"77":{"weight":1.0,"played":[0.0,1.0],"evs":[0.0,0.11445]},"87o":{"weight":1.0,"played":[1.0,0.0],"evs":[0.0,-1.32512]},"97o":{"weight":1.0,"played":[1.0,0.0],"evs":[0.0,-1.45536]},"T7o":{"weight":1.0,"played":[1.0,0.0],"evs":[0.0,-1.52449]},"J7o":{"weight":1.0,"played":[1.0,0.0],"evs":[0.0,-1.67323]},"Q7o":{"weight":1.0,"played":[1.0,0.0],"evs":[0.0,-1.65407]},"K7o":{"weight":1.0,"played":[1.0,0.0],"evs":[0.0,-1.4747]},"A7o":{"weight":1.0,"played":[1.0,0.0],"evs":[0.0,-1.30851]},"82s":{"weight":1.0,"played":[1.0,0.0],"evs":[0.0,-1.61647]},"83s":{"weight":1.0,"played":[1.0,0.0],"evs":[0.0,-1.61757]},"84s":{"weight":1.0,"played":[1.0,0.0],"evs":[0.0,-1.40733]},"85s":{"weight":1.0,"played":[1.0,0.0],"evs":[0.0,-1.21329]},"86s":{"weight":1.0,"played":[1.0,0.0],"evs":[0.0,-1.02207]},"87s":{"weight":1.0,"played":[1.0,0.0],"evs":[0.0,-0.83453]},"88":{"weight":1.0,"played":[0.0,1.0],"evs":[0.0,0.33843]},"98o":{"weight":1.0,"played":[1.0,0.0],"evs":[0.0,-1.3409]},"T8o":{"weight":1.0,"played":[1.0,0.0],"evs":[0.0,-1.39003]},"J8o":{"weight":1.0,"played":[1.0,0.0],"evs":[0.0,-1.52423]},"Q8o":{"weight":1.0,"played":[1.0,0.0],"evs":[0.0,-1.53718]},"K8o":{"weight":1.0,"played":[1.0,0.0],"evs":[0.0,-1.48208]},"A8o":{"weight":1.0,"played":[1.0,0.0],"evs":[0.0,-1.16312]},"92s":{"weight":1.0,"played":[1.0,0.0],"evs":[0.0,-1.63562]},"93s":{"weight":1.0,"played":[1.0,0.0],"evs":[0.0,-1.62148]},"94s":{"weight":1.0,"played":[1.0,0.0],"evs":[0.0,-1.55488]},"95s":{"weight":1.0,"played":[1.0,0.0],"evs":[0.0,-1.34132]},"96s":{"weight":1.0,"played":[1.0,0.0],"evs":[0.0,-1.13551]},"97s":{"weight":1.0,"played":[1.0,0.0],"evs":[0.0,-0.97787]},"98s":{"weight":1.0,"played":[1.0,0.0],"evs":[0.0,-0.85266]},"99":{"weight":1.0,"played":[0.0,1.0],"evs":[0.0,0.72134]},"T9o":{"weight":1.0,"played":[1.0,0.0],"evs":[0.0,-1.27444]},"J9o":{"weight":1.0,"played":[1.0,0.0],"evs":[0.0,-1.38137]},"Q9o":{"weight":1.0,"played":[1.0,0.0],"evs":[0.0,-1.37219]},"K9o":{"weight":1.0,"played":[1.0,0.0],"evs":[0.0,-1.31575]},"A9o":{"weight":1.0,"played":[1.0,0.0],"evs":[0.0,-0.94191]},"T2s":{"weight":1.0,"played":[1.0,0.0],"evs":[0.0,-1.58579]},"T3s":{"weight":1.0,"played":[1.0,0.0],"evs":[0.0,-1.53726]},"T4s":{"weight":1.0,"played":[1.0,0.0],"evs":[0.0,-1.47131]},"T5s":{"weight":1.0,"played":[1.0,0.0],"evs":[0.0,-1.41196]},"T6s":{"weight":1.0,"played":[1.0,0.0],"evs":[0.0,-1.1971]},"T7s":{"weight":1.0,"played":[1.0,0.0],"evs":[0.0,-1.03871]},"T8s":{"weight":1.0,"played":[1.0,0.0],"evs":[0.0,-0.87593]},"T9s":{"weight":1.0,"played":[1.0,0.0],"evs":[0.0,-0.79544]},"TT":{"weight":1.0,"played":[0.0,1.0],"evs":[0.0,1.25996]},"JTo":{"weight":1.0,"played":[1.0,0.0],"evs":[0.0,-1.10528]},"QTo":{"weight":1.0,"played":[1.0,0.0],"evs":[0.0,-1.08306]},"KTo":{"weight":1.0,"played":[1.0,0.0],"evs":[0.0,-1.02057]},"ATo":{"weight":1.0,"played":[1.0,0.0],"evs":[0.0,-0.45554]},"J2s":{"weight":1.0,"played":[1.0,0.0],"evs":[0.0,-1.61397]},"J3s":{"weight":1.0,"played":[1.0,0.0],"evs":[0.0,-1.54719]},"J4s":{"weight":1.0,"played":[1.0,0.0],"evs":[0.0,-1.47391]},"J5s":{"weight":1.0,"played":[1.0,0.0],"evs":[0.0,-1.36957]},"J6s":{"weight":1.0,"played":[1.0,0.0],"evs":[0.0,-1.34493]},"J7s":{"weight":1.0,"played":[1.0,0.0],"evs":[0.0,-1.18088]},"J8s":{"weight":1.0,"played":[1.0,0.0],"evs":[0.0,-1.03201]},"J9s":{"weight":1.0,"played":[1.0,0.0],"evs":[0.0,-0.91558]},"JTs":{"weight":1.0,"played":[1.0,0.0],"evs":[0.0,-0.6795]},"JJ":{"weight":1.0,"played":[0.0,1.0],"evs":[0.0,1.91967]},"QJo":{"weight":1.0,"played":[1.0,0.0],"evs":[0.0,-0.98855]},"KJo":{"weight":1.0,"played":[1.0,0.0],"evs":[0.0,-0.82697]},"AJo":{"weight":1.0,"played":[1.0,0.0],"evs":[0.0,-0.03265]},"Q2s":{"weight":1.0,"played":[1.0,0.0],"evs":[0.0,-1.42939]},"Q3s":{"weight":1.0,"played":[1.0,0.0],"evs":[0.0,-1.39822]},"Q4s":{"weight":1.0,"played":[1.0,0.0],"evs":[0.0,-1.33744]},"Q5s":{"weight":1.0,"played":[1.0,0.0],"evs":[0.0,-1.26783]},"Q6s":{"weight":1.0,"played":[1.0,0.0],"evs":[0.0,-1.17239]},"Q7s":{"weight":1.0,"played":[1.0,0.0],"evs":[0.0,-1.16715]},"Q8s":{"weight":1.0,"played":[1.0,0.0],"evs":[0.0,-1.04924]},"Q9s":{"weight":1.0,"played":[1.0,0.0],"evs":[0.0,-0.88966]},"QTs":{"weight":1.0,"played":[1.0,0.0],"evs":[0.0,-0.64609]},"QJs":{"weight":1.0,"played":[1.0,0.0],"evs":[0.0,-0.52929]},"QQ":{"weight":1.0,"played":[0.0,1.0],"evs":[0.0,2.72838]},"KQo":{"weight":1.0,"played":[1.0,0.0],"evs":[0.0,-0.49659]},"AQo":{"weight":1.0,"played":[0.0,1.0],"evs":[0.0,0.48271]},"K2s":{"weight":1.0,"played":[1.0,0.0],"evs":[0.0,-1.27846]},"K3s":{"weight":1.0,"played":[1.0,0.0],"evs":[0.0,-1.20532]},"K4s":{"weight":1.0,"played":[1.0,0.0],"evs":[0.0,-1.15643]},"K5s":{"weight":1.0,"played":[1.0,0.0],"evs":[0.0,-1.09632]},"K6s":{"weight":1.0,"played":[1.0,0.0],"evs":[0.0,-1.02587]},"K7s":{"weight":1.0,"played":[1.0,0.0],"evs":[0.0,-0.981]},"K8s":{"weight":1.0,"played":[1.0,0.0],"evs":[0.0,-0.9666]},"K9s":{"weight":1.0,"played":[1.0,0.0],"evs":[0.0,-0.84636]},"KTs":{"weight":1.0,"played":[1.0,0.0],"evs":[0.0,-0.52244]},"KJs":{"weight":1.0,"played":[1.0,0.0],"evs":[0.0,-0.38107]},"KQs":{"weight":1.0,"played":[0.9424,0.0576],"evs":[0.0,0.00122]},"KK":{"weight":1.0,"played":[0.0,1.0],"evs":[0.0,3.67453]},"AKo":{"weight":1.0,"played":[0.0,1.0],"evs":[0.0,1.03089]},"A2s":{"weight":1.0,"played":[1.0,0.0],"evs":[0.0,-1.03651]},"A3s":{"weight":1.0,"played":[1.0,0.0],"evs":[0.0,-1.00418]},"A4s":{"weight":1.0,"played":[1.0,0.0],"evs":[0.0,-0.89913]},"A5s":{"weight":1.0,"played":[1.0,0.0],"evs":[0.0,-0.77528]},"A6s":{"weight":1.0,"played":[1.0,0.0],"evs":[0.0,-0.91218]},"A7s":{"weight":1.0,"played":[1.0,0.0],"evs":[0.0,-0.78757]},"A8s":{"weight":1.0,"played":[1.0,0.0],"evs":[0.0,-0.66742]},"A9s":{"weight":1.0,"played":[1.0,0.0],"evs":[0.0,-0.42731]},"ATs":{"weight":1.0,"played":[0.087,0.913],"evs":[0.0,0.03463]},"AJs":{"weight":1.0,"played":[0.0,1.0],"evs":[0.0,0.40423]},"AQs":{"weight":1.0,"played":[0.0,1.0],"evs":[0.0,0.89944]},"AKs":{"weight":1.0,"played":[0.0,1.0],"evs":[0.0,1.38707]},"AA":{"weight":1.0,"played":[0.0,1.0],"evs":[0.0,5.21051]}}}