{"player":5,"street":0,"children":2,"sequence":[{"player":0,"type":"R","amount":22880000,"street":0},{"player":1,"type":"C","amount":4640000,"street":0},{"player":2,"type":"F","amount":0,"street":0},{"player":3,"type":"F","amount":0,"street":0},{"player":4,"type":"F","amount":0,"street":0}],"actions":[{"type":"F","amount":0,"node":161},{"type":"C","amount":21280000,"node":162}],"hands":{"22":{"weight":1.0,"played":[0.9999,1.0E-4],"evs":[0.0,-0.2259]},"32o":{"weight":1.0,"played":[1.0,0.0],"evs":[0.0,-2.34729]},"42o":{"weight":1.0,"played":[1.0,0.0],"evs":[0.0,-2.24827]},"52o":{"weight":1.0,"played":[1.0,0.0],"evs":[0.0,-2.077]},"62o":{"weight":1.0,"played":[1.0,0.0],"evs":[0.0,-2.24009]},"72o":{"weight":1.0,"played":[1.0,0.0],"evs":[0.0,-2.39776]},"82o":{"weight":1.0,"played":[1.0,0.0],"evs":[0.0,-2.30725]},"92o":{"weight":1.0,"played":[1.0,0.0],"evs":[0.0,-2.36854]},"T2o":{"weight":1.0,"played":[1.0,0.0],"evs":[0.0,-2.2535]},"J2o":{"weight":1.0,"played":[1.0,0.0],"evs":[0.0,-2.24796]},"Q2o":{"weight":1.0,"played":[1.0,0.0],"evs":[0.0,-2.02031]},"K2o":{"weight":1.0,"played":[1.0,0.0],"evs":[0.0,-1.6913]},"A2o":{"weight":1.0,"played":[1.0,0.0],"evs":[0.0,-1.05824]},"32s":{"weight":1.0,"played":[1.0,0.0],"evs":[0.0,-1.75712]},"33":{"weight":1.0,"played":[0.9718,0.0282],"evs":[0.0,-0.05517]},"43o":{"weight":1.0,"played":[1.0,0.0],"evs":[0.0,-1.99676]},"53o":{"weight":1.0,"played":[1.0,0.0],"evs":[0.0,-1.83251]},"63o":{"weight":1.0,"played":[1.0,0.0],"evs":[0.0,-1.98107]},"73o":{"weight":1.0,"played":[1.0,0.0],"evs":[0.0,-2.1128]},"83o":{"weight":1.0,"played":[1.0,0.0],"evs":[0.0,-2.32762]},"93o":{"weight":1.0,"played":[1.0,0.0],"evs":[0.0,-2.28252]},"T3o":{"weight":1.0,"played":[1.0,0.0],"evs":[0.0,-2.19393]},"J3o":{"weight":1.0,"played":[1.0,0.0],"evs":[0.0,-2.20533]},"Q3o":{"weight":1.0,"played":[1.0,0.0],"evs":[0.0,-1.94177]},"K3o":{"weight":1.0,"played":[1.0,0.0],"evs":[0.0,-1.61474]},"A3o":{"weight":1.0,"played":[1.0,0.0],"evs":[0.0,-0.98517]},"42s":{"weight":1.0,"played":[1.0,0.0],"evs":[0.0,-1.60268]},"43s":{"weight":1.0,"played":[1.0,0.0],"evs":[0.0,-1.43846]},"44":{"weight":1.0,"played":[0.0,1.0],"evs":[0.0,0.26096]},"54o":{"weight":1.0,"played":[1.0,0.0],"evs":[0.0,-1.55671]},"64o":{"weight":1.0,"played":[1.0,0.0],"evs":[0.0,-1.68074]},"74o":{"weight":1.0,"played":[1.0,0.0],"evs":[0.0,-1.85828]},"84o":{"weight":1.0,"played":[1.0,0.0],"evs":[0.0,-2.01811]},"94o":{"weight":1.0,"played":[1.0,0.0],"evs":[0.0,-2.22786]},"T4o":{"weight":1.0,"played":[1.0,0.0],"evs":[0.0,-2.09705]},"J4o":{"weight":1.0,"played":[1.0,0.0],"evs":[0.0,-2.09168]},"Q4o":{"weight":1.0,"played":[1.0,0.0],"evs":[0.0,-1.8587]},"K4o":{"weight":1.0,"played":[1.0,0.0],"evs":[0.0,-1.51633]},"A4o":{"weight":1.0,"played":[1.0,0.0],"evs":[0.0,-0.87212]},"52s":{"weight":1.0,"played":[1.0,0.0],"evs":[0.0,-1.54785]},"53s":{"weight":1.0,"played":[1.0,0.0],"evs":[0.0,-1.21943]},"54s":{"weight":1.0,"played":[1.0,0.0],"evs":[0.0,-0.98941]},"55":{"weight":1.0,"played":[0.0,1.0],"evs":[0.0,0.64988]},"65o":{"weight":1.0,"played":[1.0,0.0],"evs":[0.0,-1.40863]},"75o":{"weight":1.0,"played":[1.0,0.0],"evs":[0.0,-1.5599]},"85o":{"weight":1.0,"played":[1.0,0.0],"evs":[0.0,-1.71114]},"95o":{"weight":1.0,"played":[1.0,0.0],"evs":[0.0,-1.90957]},"T5o":{"weight":1.0,"played":[1.0,0.0],"evs":[0.0,-2.02787]},"J5o":{"weight":1.0,"played":[1.0,0.0],"evs":[0.0,-1.97211]},"Q5o":{"weight":1.0,"played":[1.0,0.0],"evs":[0.0,-1.72317]},"K5o":{"weight":1.0,"played":[1.0,0.0],"evs":[0.0,-1.40689]},"A5o":{"weight":1.0,"played":[1.0,0.0],"evs":[0.0,-0.72803]},"62s":{"weight":1.0,"played":[1.0,0.0],"evs":[0.0,-1.67029]},"63s":{"weight":1.0,"played":[1.0,0.0],"evs":[0.0,-1.37506]},"64s":{"weight":1.0,"played":[1.0,0.0],"evs":[0.0,-1.11277]},"65s":{"weight":1.0,"played":[1.0,0.0],"evs":[0.0,-0.82608]},"66":{"weight":1.0,"played":[0.0,1.0],"evs":[0.0,0.98768]},"76o":{"weight":1.0,"played":[1.0,0.0],"evs":[0.0,-1.30002]},"86o":{"weight":1.0,"played":[1.0,0.0],"evs":[0.0,-1.4619]},"96o":{"weight":1.0,"played":[1.0,0.0],"evs":[0.0,-1.65507]},"T6o":{"weight":1.0,"played":[1.0,0.0],"evs":[0.0,-1.75479]},"J6o":{"weight":1.0,"played":[1.0,0.0],"evs":[0.0,-1.89464]},"Q6o":{"weight":1.0,"played":[1.0,0.0],"evs":[0.0,-1.62002]},"K6o":{"weight":1.0,"played":[1.0,0.0],"evs":[0.0,-1.28719]},"A6o":{"weight":1.0,"played":[1.0,0.0],"evs":[0.0,-0.80098]},"72s":{"weight":1.0,"played":[1.0,0.0],"evs":[0.0,-1.74308]},"73s":{"weight":1.0,"played":[1.0,0.0],"evs":[0.0,-1.50625]},"74s":{"weight":1.0,"played":[1.0,0.0],"evs":[0.0,-1.25031]},"75s":{"weight":1.0,"played":[1.0,0.0],"evs":[0.0,-0.91765]},"76s":{"weight":1.0,"played":[1.0,0.0],"evs":[0.0,-0.78093]},"77":{"weight":1.0,"played":[0.0,1.0],"evs":[0.0,1.3134]},"87o":{"weight":1.0,"played":[1.0,0.0],"evs":[0.0,-1.22759]},"97o":{"weight":1.0,"played":[1.0,0.0],"evs":[0.0,-1.41064]},"T7o":{"weight":1.0,"played":[1.0,0.0],"evs":[0.0,-1.50718]},"J7o":{"weight":1.0,"played":[1.0,0.0],"evs":[0.0,-1.67121]},"Q7o":{"weight":1.0,"played":[1.0,0.0],"evs":[0.0,-1.59986]},"K7o":{"weight":1.0,"played":[1.0,0.0],"evs":[0.0,-1.25492]},"A7o":{"weight":1.0,"played":[1.0,0.0],"evs":[0.0,-0.62559]},"82s":{"weight":1.0,"played":[1.0,0.0],"evs":[0.0,-1.70034]},"83s":{"weight":1.0,"played":[1.0,0.0],"evs":[0.0,-1.6735]},"84s":{"weight":1.0,"played":[1.0,0.0],"evs":[0.0,-1.43917]},"85s":{"weight":1.0,"played":[1.0,0.0],"evs":[0.0,-1.12227]},"86s":{"weight":1.0,"played":[1.0,0.0],"evs":[0.0,-0.91712]},"87s":{"weight":1.0,"played":[1.0,0.0],"evs":[0.0,-0.68939]},"88":{"weight":1.0,"played":[0.0,1.0],"evs":[0.0,1.67981]},"98o":{"weight":1.0,"played":[1.0,0.0],"evs":[0.0,-1.24151]},"T8o":{"weight":1.0,"played":[1.0,0.0],"evs":[0.0,-1.36774]},"J8o":{"weight":1.0,"played":[1.0,0.0],"evs":[0.0,-1.49447]},"Q8o":{"weight":1.0,"played":[1.0,0.0],"evs":[0.0,-1.45998]},"K8o":{"weight":1.0,"played":[1.0,0.0],"evs":[0.0,-1.27288]},"A8o":{"weight":1.0,"played":[1.0,0.0],"evs":[0.0,-0.37512]},"92s":{"weight":1.0,"played":[1.0,0.0],"evs":[0.0,-1.69972]},"93s":{"weight":1.0,"played":[1.0,0.0],"evs":[0.0,-1.6522]},"94s":{"weight":1.0,"played":[1.0,0.0],"evs":[0.0,-1.63742]},"95s":{"weight":1.0,"played":[1.0,0.0],"evs":[0.0,-1.29537]},"96s":{"weight":1.0,"played":[1.0,0.0],"evs":[0.0,-1.04824]},"97s":{"weight":1.0,"played":[1.0,0.0],"evs":[0.0,-0.83128]},"98s":{"weight":1.0,"played":[1.0,0.0],"evs":[0.0,-0.69462]},"99":{"weight":1.0,"played":[0.0,1.0],"evs":[0.0,2.18932]},"T9o":{"weight":1.0,"played":[1.0,0.0],"evs":[0.0,-1.1719]},"J9o":{"weight":1.0,"played":[1.0,0.0],"evs":[0.0,-1.30979]},"Q9o":{"weight":1.0,"played":[1.0,0.0],"evs":[0.0,-1.21012]},"K9o":{"weight":1.0,"played":[1.0,0.0],"evs":[0.0,-0.99043]},"A9o":{"weight":1.0,"played":[1.0E-4,0.9999],"evs":[0.0,0.03332]},"T2s":{"weight":1.0,"played":[1.0,0.0],"evs":[0.0,-1.6652]},"T3s":{"weight":1.0,"played":[1.0,0.0],"evs":[0.0,-1.60577]},"T4s":{"weight":1.0,"played":[1.0,0.0],"evs":[0.0,-1.42967]},"T5s":{"weight":1.0,"played":[1.0,0.0],"evs":[0.0,-1.40998]},"T6s":{"weight":1.0,"played":[1.0,0.0],"evs":[0.0,-1.11112]},"T7s":{"weight":1.0,"played":[1.0,0.0],"evs":[0.0,-0.96976]},"T8s":{"weight":1.0,"played":[1.0,0.0],"evs":[0.0,-0.78559]},"T9s":{"weight":1.0,"played":[1.0,0.0],"evs":[0.0,-0.58474]},"TT":{"weight":1.0,"played":[0.0,1.0],"evs":[0.0,2.84391]},"JTo":{"weight":1.0,"played":[1.0,0.0],"evs":[0.0,-0.92302]},"QTo":{"weight":1.0,"played":[1.0,0.0],"evs":[0.0,-0.81704]},"KTo":{"weight":1.0,"played":[1.0,0.0],"evs":[0.0,-0.58431]},"ATo":{"weight":1.0,"played":[0.0,1.0],"evs":[0.0,0.71993]},"J2s":{"weight":1.0,"played":[1.0,0.0],"evs":[0.0,-1.61664]},"J3s":{"weight":1.0,"played":[1.0,0.0],"evs":[0.0,-1.57086]},"J4s":{"weight":1.0,"played":[1.0,0.0],"evs":[0.0,-1.42587]},"J5s":{"weight":1.0,"played":[1.0,0.0],"evs":[0.0,-1.331]},"J6s":{"weight":1.0,"played":[1.0,0.0],"evs":[0.0,-1.26379]},"J7s":{"weight":1.0,"played":[1.0,0.0],"evs":[0.0,-1.07856]},"J8s":{"weight":1.0,"played":[1.0,0.0],"evs":[0.0,-0.96101]},"J9s":{"weight":1.0,"played":[1.0,0.0],"evs":[0.0,-0.72304]},"JTs":{"weight":1.0,"played":[1.0,0.0],"evs":[0.0,-0.36772]},"JJ":{"weight":1.0,"played":[0.0,1.0],"evs":[0.0,3.59836]},"QJo":{"weight":1.0,"played":[1.0,0.0],"evs":[0.0,-0.65684]},"KJo":{"weight":1.0,"played":[1.0,0.0],"evs":[0.0,-0.27638]},"AJo":{"weight":1.0,"played":[0.0,1.0],"evs":[0.0,1.30002]},"Q2s":{"weight":1.0,"played":[1.0,0.0],"evs":[0.0,-1.38681]},"Q3s":{"weight":1.0,"played":[1.0,0.0],"evs":[0.0,-1.31881]},"Q4s":{"weight":1.0,"played":[1.0,0.0],"evs":[0.0,-1.24175]},"Q5s":{"weight":1.0,"played":[1.0,0.0],"evs":[0.0,-1.09045]},"Q6s":{"weight":1.0,"played":[1.0,0.0],"evs":[0.0,-1.04002]},"Q7s":{"weight":1.0,"played":[1.0,0.0],"evs":[0.0,-1.0189]},"Q8s":{"weight":1.0,"played":[1.0,0.0],"evs":[0.0,-0.86817]},"Q9s":{"weight":1.0,"played":[1.0,0.0],"evs":[0.0,-0.62706]},"QTs":{"weight":1.0,"played":[1.0,0.0],"evs":[0.0,-0.31862]},"QJs":{"weight":1.0,"played":[0.9997,3.0E-4],"evs":[0.0,-0.06399]},"QQ":{"weight":1.0,"played":[0.0,1.0],"evs":[0.0,4.50766]},"KQo":{"weight":1.0,"played":[0.0,1.0],"evs":[0.0,0.22619]},"AQo":{"weight":1.0,"played":[0.0,1.0],"evs":[0.0,1.87719]},"K2s":{"weight":1.0,"played":[1.0,0.0],"evs":[0.0,-1.10603]},"K3s":{"weight":1.0,"played":[1.0,0.0],"evs":[0.0,-1.02429]},"K4s":{"weight":1.0,"played":[1.0,0.0],"evs":[0.0,-0.89772]},"K5s":{"weight":1.0,"played":[1.0,0.0],"evs":[0.0,-0.79297]},"K6s":{"weight":1.0,"played":[1.0,0.0],"evs":[0.0,-0.65814]},"K7s":{"weight":1.0,"played":[1.0,0.0],"evs":[0.0,-0.62672]},"K8s":{"weight":1.0,"played":[1.0,0.0],"evs":[0.0,-0.67914]},"K9s":{"weight":1.0,"played":[1.0,0.0],"evs":[0.0,-0.36913]},"KTs":{"weight":1.0,"played":[0.965,0.035],"evs":[0.0,-0.0649]},"KJs":{"weight":1.0,"played":[0.0,1.0],"evs":[0.0,0.24461]},"KQs":{"weight":1.0,"played":[0.0,1.0],"evs":[0.0,0.70744]},"KK":{"weight":1.0,"played":[0.0,1.0],"evs":[0.0,5.4115]},"AKo":{"weight":1.0,"played":[0.0,1.0],"evs":[0.0,2.43885]},"A2s":{"weight":1.0,"played":[1.0,0.0],"evs":[0.0,-0.42493]},"A3s":{"weight":1.0,"played":[1.0,0.0],"evs":[0.0,-0.36295]},"A4s":{"weight":1.0,"played":[0.998,0.002],"evs":[0.0,-0.2475]},"A5s":{"weight":1.0,"played":[0.9996,4.0E-4],"evs":[0.0,-0.106]},"A6s":{"weight":1.0,"played":[1.0,0.0],"evs":[0.0,-0.21305]},"A7s":{"weight":1.0,"played":[0.9976,0.0024],"evs":[0.0,-0.0378]},"A8s":{"weight":1.0,"played":[1.0E-4,0.9999],"evs":[0.0,0.16943]},"A9s":{"weight":1.0,"played":[0.0,1.0],"evs":[0.0,0.5485]},"ATs":{"weight":1.0,"played":[0.0,1.0],"evs":[0.0,1.17243]},"AJs":{"weight":1.0,"played":[0.0,1.0],"evs":[0.0,1.77872]},"AQs":{"weight":1.0,"played":[0.0,1.0],"evs":[0.0,2.32346]},"AKs":{"weight":1.0,"played":[0.0,1.0],"evs":[0.0,2.81069]},"AA":{"weight":1.0,"played":[0.0,1.0],"evs":[0.0,7.0045]}}}