{"player":6,"street":0,"children":2,"sequence":[{"player":0,"type":"R","amount":22880000,"street":0},{"player":1,"type":"C","amount":4640000,"street":0},{"player":2,"type":"F","amount":0,"street":0},{"player":3,"type":"F","amount":0,"street":0},{"player":4,"type":"C","amount":22880000,"street":0},{"player":5,"type":"R","amount":36960000,"street":0}],"actions":[{"type":"F","amount":0,"node":166},{"type":"C","amount":15520000,"node":167}],"hands":{"22":{"weight":1.0,"played":[1.0,0.0],"evs":[0.0,-6.78817]},"32o":{"weight":1.0,"played":[1.0,0.0],"evs":[0.0,-6.93424]},"42o":{"weight":1.0,"played":[0.9999,1.0E-4],"evs":[0.0,-6.88729]},"52o":{"weight":1.0,"played":[1.0,0.0],"evs":[0.0,-5.57436]},"62o":{"weight":1.0,"played":[1.0,0.0],"evs":[0.0,-6.82614]},"72o":{"weight":1.0,"played":[1.0,0.0],"evs":[0.0,-7.97747]},"82o":{"weight":1.0,"played":[1.0,0.0],"evs":[0.0,-7.56625]},"92o":{"weight":1.0,"played":[1.0,0.0],"evs":[0.0,-7.42781]},"T2o":{"weight":1.0,"played":[1.0,0.0],"evs":[0.0,-6.97404]},"J2o":{"weight":1.0,"played":[1.0,0.0],"evs":[0.0,-7.78386]},"Q2o":{"weight":1.0,"played":[1.0,0.0],"evs":[0.0,-6.69479]},"K2o":{"weight":1.0,"played":[1.0,0.0],"evs":[0.0,-6.7753]},"A2o":{"weight":1.0,"played":[1.0,0.0],"evs":[0.0,-7.17768]},"32s":{"weight":1.0,"played":[0.9975,0.0025],"evs":[0.0,-6.11253]},"33":{"weight":1.0,"played":[1.0,0.0],"evs":[0.0,-5.9267]},"43o":{"weight":1.0,"played":[1.0,0.0],"evs":[0.0,-6.38106]},"53o":{"weight":1.0,"played":[1.0,0.0],"evs":[0.0,-5.90926]},"63o":{"weight":1.0,"played":[0.9995,5.0E-4],"evs":[0.0,-6.31536]},"73o":{"weight":1.0,"played":[1.0,0.0],"evs":[0.0,-7.03738]},"83o":{"weight":1.0,"played":[1.0,0.0],"evs":[0.0,-7.30224]},"93o":{"weight":1.0,"played":[1.0,0.0],"evs":[0.0,-7.0038]},"T3o":{"weight":1.0,"played":[0.9999,1.0E-4],"evs":[0.0,-7.42367]},"J3o":{"weight":1.0,"played":[1.0,0.0],"evs":[0.0,-6.70415]},"Q3o":{"weight":1.0,"played":[0.9985,0.0015],"evs":[0.0,-7.05639]},"K3o":{"weight":1.0,"played":[0.9999,1.0E-4],"evs":[0.0,-6.5936]},"A3o":{"weight":1.0,"played":[0.9992,8.0E-4],"evs":[0.0,-6.55328]},"42s":{"weight":1.0,"played":[0.9999,1.0E-4],"evs":[0.0,-5.69681]},"43s":{"weight":1.0,"played":[0.9964,0.0036],"evs":[0.0,-6.38381]},"44":{"weight":1.0,"played":[0.9999,1.0E-4],"evs":[0.0,-6.51879]},"54o":{"weight":1.0,"played":[0.9988,0.0012],"evs":[0.0,-5.45124]},"64o":{"weight":1.0,"played":[0.9997,3.0E-4],"evs":[0.0,-6.14026]},"74o":{"weight":1.0,"played":[0.9999,1.0E-4],"evs":[0.0,-7.0549]},"84o":{"weight":1.0,"played":[1.0,0.0],"evs":[0.0,-6.18563]},"94o":{"weight":1.0,"played":[0.9987,0.0013],"evs":[0.0,-7.81989]},"T4o":{"weight":1.0,"played":[1.0,0.0],"evs":[0.0,-6.898]},"J4o":{"weight":1.0,"played":[1.0,0.0],"evs":[0.0,-6.97736]},"Q4o":{"weight":1.0,"played":[0.9988,0.0012],"evs":[0.0,-7.85169]},"K4o":{"weight":1.0,"played":[1.0,0.0],"evs":[0.0,-7.18396]},"A4o":{"weight":1.0,"played":[0.9999,1.0E-4],"evs":[0.0,-5.47666]},"52s":{"weight":1.0,"played":[0.9996,4.0E-4],"evs":[0.0,-5.66377]},"53s":{"weight":1.0,"played":[0.9994,6.0E-4],"evs":[0.0,-4.94976]},"54s":{"weight":1.0,"played":[1.0,0.0],"evs":[0.0,-5.101]},"55":{"weight":1.0,"played":[0.9993,7.0E-4],"evs":[0.0,-6.20174]},"65o":{"weight":1.0,"played":[0.9995,5.0E-4],"evs":[0.0,-5.46059]},"75o":{"weight":1.0,"played":[0.9998,2.0E-4],"evs":[0.0,-5.77209]},"85o":{"weight":1.0,"played":[0.9999,1.0E-4],"evs":[0.0,-6.41473]},"95o":{"weight":1.0,"played":[0.9997,3.0E-4],"evs":[0.0,-7.86807]},"T5o":{"weight":1.0,"played":[1.0,0.0],"evs":[0.0,-8.06111]},"J5o":{"weight":1.0,"played":[0.9996,4.0E-4],"evs":[0.0,-7.38845]},"Q5o":{"weight":1.0,"played":[0.9988,0.0012],"evs":[0.0,-7.06053]},"K5o":{"weight":1.0,"played":[0.9998,2.0E-4],"evs":[0.0,-6.56949]},"A5o":{"weight":1.0,"played":[1.0,0.0],"evs":[0.0,-5.74225]},"62s":{"weight":1.0,"played":[0.9902,0.0098],"evs":[0.0,-5.41594]},"63s":{"weight":1.0,"played":[0.9995,5.0E-4],"evs":[0.0,-4.27495]},"64s":{"weight":1.0,"played":[0.9942,0.0058],"evs":[0.0,-5.25104]},"65s":{"weight":1.0,"played":[1.0,0.0],"evs":[0.0,-4.11632]},"66":{"weight":1.0,"played":[0.9983,0.0017],"evs":[0.0,-4.2789]},"76o":{"weight":1.0,"played":[1.0,0.0],"evs":[0.0,-5.3555]},"86o":{"weight":1.0,"played":[1.0,0.0],"evs":[0.0,-6.95869]},"96o":{"weight":1.0,"played":[1.0,0.0],"evs":[0.0,-6.6461]},"T6o":{"weight":1.0,"played":[1.0,0.0],"evs":[0.0,-8.07444]},"J6o":{"weight":1.0,"played":[0.9999,1.0E-4],"evs":[0.0,-7.16244]},"Q6o":{"weight":1.0,"played":[1.0,0.0],"evs":[0.0,-6.58307]},"K6o":{"weight":1.0,"played":[1.0,0.0],"evs":[0.0,-6.66669]},"A6o":{"weight":1.0,"played":[1.0,0.0],"evs":[0.0,-7.10293]},"72s":{"weight":1.0,"played":[0.9999,1.0E-4],"evs":[0.0,-6.01111]},"73s":{"weight":1.0,"played":[0.9989,0.0011],"evs":[0.0,-5.66561]},"74s":{"weight":1.0,"played":[0.999,0.001],"evs":[0.0,-6.3775]},"75s":{"weight":1.0,"played":[1.0,0.0],"evs":[0.0,-4.11712]},"76s":{"weight":1.0,"played":[1.0,0.0],"evs":[0.0,-5.48221]},"77":{"weight":1.0,"played":[0.9995,5.0E-4],"evs":[0.0,-4.90177]},"87o":{"weight":1.0,"played":[1.0,0.0],"evs":[0.0,-6.22128]},"97o":{"weight":1.0,"played":[1.0,0.0],"evs":[0.0,-7.10746]},"T7o":{"weight":1.0,"played":[1.0,0.0],"evs":[0.0,-7.06159]},"J7o":{"weight":1.0,"played":[0.9996,4.0E-4],"evs":[0.0,-6.13676]},"Q7o":{"weight":1.0,"played":[1.0,0.0],"evs":[0.0,-6.87919]},"K7o":{"weight":1.0,"played":[1.0,0.0],"evs":[0.0,-7.06661]},"A7o":{"weight":1.0,"played":[1.0,0.0],"evs":[0.0,-6.97748]},"82s":{"weight":1.0,"played":[0.9971,0.0029],"evs":[0.0,-7.05356]},"83s":{"weight":1.0,"played":[1.0,0.0],"evs":[0.0,-5.68847]},"84s":{"weight":1.0,"played":[1.0,0.0],"evs":[0.0,-6.12854]},"85s":{"weight":1.0,"played":[0.9993,7.0E-4],"evs":[0.0,-5.44416]},"86s":{"weight":1.0,"played":[0.9996,4.0E-4],"evs":[0.0,-6.94043]},"87s":{"weight":1.0,"played":[0.999,0.001],"evs":[0.0,-4.45598]},"88":{"weight":1.0,"played":[0.9998,2.0E-4],"evs":[0.0,-5.04593]},"98o":{"weight":1.0,"played":[1.0,0.0],"evs":[0.0,-6.28705]},"T8o":{"weight":1.0,"played":[0.9999,1.0E-4],"evs":[0.0,-5.85662]},"J8o":{"weight":1.0,"played":[1.0,0.0],"evs":[0.0,-6.62466]},"Q8o":{"weight":1.0,"played":[0.9997,3.0E-4],"evs":[0.0,-6.47136]},"K8o":{"weight":1.0,"played":[0.9996,4.0E-4],"evs":[0.0,-5.23763]},"A8o":{"weight":1.0,"played":[0.9999,1.0E-4],"evs":[0.0,-5.98932]},"92s":{"weight":1.0,"played":[1.0,0.0],"evs":[0.0,-4.73684]},"93s":{"weight":1.0,"played":[0.9996,4.0E-4],"evs":[0.0,-6.62342]},"94s":{"weight":1.0,"played":[0.9948,0.0052],"evs":[0.0,-6.5512]},"95s":{"weight":1.0,"played":[0.9997,3.0E-4],"evs":[0.0,-5.91872]},"96s":{"weight":1.0,"played":[1.0,0.0],"evs":[0.0,-5.67692]},"97s":{"weight":1.0,"played":[0.9998,2.0E-4],"evs":[0.0,-3.49188]},"98s":{"weight":1.0,"played":[0.9995,5.0E-4],"evs":[0.0,-5.51404]},"99":{"weight":1.0,"played":[0.9955,0.0045],"evs":[0.0,-5.04974]},"T9o":{"weight":1.0,"played":[0.9999,1.0E-4],"evs":[0.0,-6.97762]},"J9o":{"weight":1.0,"played":[1.0,0.0],"evs":[0.0,-6.57793]},"Q9o":{"weight":1.0,"played":[0.9998,2.0E-4],"evs":[0.0,-6.97296]},"K9o":{"weight":1.0,"played":[0.9994,6.0E-4],"evs":[0.0,-6.80594]},"A9o":{"weight":1.0,"played":[0.9984,0.0016],"evs":[0.0,-6.95669]},"T2s":{"weight":1.0,"played":[0.999,0.001],"evs":[0.0,-7.8779]},"T3s":{"weight":1.0,"played":[1.0,0.0],"evs":[0.0,-7.74019]},"T4s":{"weight":1.0,"played":[0.9986,0.0014],"evs":[0.0,-7.08924]},"T5s":{"weight":1.0,"played":[0.9999,1.0E-4],"evs":[0.0,-6.90853]},"T6s":{"weight":1.0,"played":[1.0,0.0],"evs":[0.0,-5.81423]},"T7s":{"weight":1.0,"played":[0.9988,0.0012],"evs":[0.0,-4.43833]},"T8s":{"weight":1.0,"played":[0.9987,0.0013],"evs":[0.0,-5.56143]},"T9s":{"weight":1.0,"played":[0.9942,0.0058],"evs":[0.0,-5.59237]},"TT":{"weight":1.0,"played":[0.9983,0.0017],"evs":[0.0,-6.8806]},"JTo":{"weight":1.0,"played":[0.9999,1.0E-4],"evs":[0.0,-6.91529]},"QTo":{"weight":1.0,"played":[0.9998,2.0E-4],"evs":[0.0,-7.32519]},"KTo":{"weight":1.0,"played":[0.9998,2.0E-4],"evs":[0.0,-6.57363]},"ATo":{"weight":1.0,"played":[0.9998,2.0E-4],"evs":[0.0,-6.50679]},"J2s":{"weight":1.0,"played":[0.9993,7.0E-4],"evs":[0.0,-6.60248]},"J3s":{"weight":1.0,"played":[0.9983,0.0017],"evs":[0.0,-5.97875]},"J4s":{"weight":1.0,"played":[0.9819,0.0181],"evs":[0.0,-7.00728]},"J5s":{"weight":1.0,"played":[0.9983,0.0017],"evs":[0.0,-5.40909]},"J6s":{"weight":1.0,"played":[0.9988,0.0012],"evs":[0.0,-5.47759]},"J7s":{"weight":1.0,"played":[0.9959,0.0041],"evs":[0.0,-5.47578]},"J8s":{"weight":1.0,"played":[0.9998,2.0E-4],"evs":[0.0,-5.45919]},"J9s":{"weight":1.0,"played":[1.0,0.0],"evs":[0.0,-5.78945]},"JTs":{"weight":1.0,"played":[0.9856,0.0144],"evs":[0.0,-5.96292]},"JJ":{"weight":1.0,"played":[0.9984,0.0016],"evs":[0.0,-3.37723]},"QJo":{"weight":1.0,"played":[0.9996,4.0E-4],"evs":[0.0,-6.4238]},"KJo":{"weight":1.0,"played":[0.9994,6.0E-4],"evs":[0.0,-6.25516]},"AJo":{"weight":1.0,"played":[0.9967,0.0033],"evs":[0.0,-5.94135]},"Q2s":{"weight":1.0,"played":[1.0,0.0],"evs":[0.0,-4.62582]},"Q3s":{"weight":1.0,"played":[1.0,0.0],"evs":[0.0,-5.1505]},"Q4s":{"weight":1.0,"played":[1.0,0.0],"evs":[0.0,-5.88064]},"Q5s":{"weight":1.0,"played":[0.9974,0.0026],"evs":[0.0,-7.09642]},"Q6s":{"weight":1.0,"played":[0.9989,0.0011],"evs":[0.0,-5.29502]},"Q7s":{"weight":1.0,"played":[0.9998,2.0E-4],"evs":[0.0,-6.41755]},"Q8s":{"weight":1.0,"played":[0.994,0.006],"evs":[0.0,-4.80993]},"Q9s":{"weight":1.0,"played":[1.0,0.0],"evs":[0.0,-6.90685]},"QTs":{"weight":1.0,"played":[0.9988,0.0012],"evs":[0.0,-3.90131]},"QJs":{"weight":1.0,"played":[0.9973,0.0027],"evs":[0.0,-6.04755]},"QQ":{"weight":1.0,"played":[0.987,0.013],"evs":[0.0,-1.60714]},"KQo":{"weight":1.0,"played":[0.9997,3.0E-4],"evs":[0.0,-5.06432]},"AQo":{"weight":1.0,"played":[1.0,0.0],"evs":[0.0,-4.89359]},"K2s":{"weight":1.0,"played":[0.9991,9.0E-4],"evs":[0.0,-7.3599]},"K3s":{"weight":1.0,"played":[0.9993,7.0E-4],"evs":[0.0,-5.39844]},"K4s":{"weight":1.0,"played":[0.9878,0.0122],"evs":[0.0,-4.62786]},"K5s":{"weight":1.0,"played":[0.999,0.001],"evs":[0.0,-5.38182]},"K6s":{"weight":1.0,"played":[0.9971,0.0029],"evs":[0.0,-6.53385]},"K7s":{"weight":1.0,"played":[0.9951,0.0049],"evs":[0.0,-7.10657]},"K8s":{"weight":1.0,"played":[0.9936,0.0064],"evs":[0.0,-7.53311]},"K9s":{"weight":1.0,"played":[0.999,0.001],"evs":[0.0,-6.51116]},"KTs":{"weight":1.0,"played":[1.0,0.0],"evs":[0.0,-7.49483]},"KJs":{"weight":1.0,"played":[0.9996,4.0E-4],"evs":[0.0,-6.14742]},"KQs":{"weight":1.0,"played":[0.9807,0.0193],"evs":[0.0,-6.03269]},"KK":{"weight":1.0,"played":[0.8323,0.1677],"evs":[0.0,-0.59865]},"AKo":{"weight":1.0,"played":[0.9952,0.0048],"evs":[0.0,-4.7798]},"A2s":{"weight":1.0,"played":[1.0,0.0],"evs":[0.0,-7.48199]},"A3s":{"weight":1.0,"played":[0.9958,0.0042],"evs":[0.0,-5.0284]},"A4s":{"weight":1.0,"played":[0.9991,9.0E-4],"evs":[0.0,-6.316]},"A5s":{"weight":1.0,"played":[0.9916,0.0084],"evs":[0.0,-6.65076]},"A6s":{"weight":1.0,"played":[1.0,0.0],"evs":[0.0,-4.1112]},"A7s":{"weight":1.0,"played":[0.9951,0.0049],"evs":[0.0,-5.95846]},"A8s":{"weight":1.0,"played":[1.0,0.0],"evs":[0.0,-7.38552]},"A9s":{"weight":1.0,"played":[0.9656,0.0344],"evs":[0.0,-6.3612]},"ATs":{"weight":1.0,"played":[0.9988,0.0012],"evs":[0.0,-3.17237]},"AJs":{"weight":1.0,"played":[0.9924,0.0076],"evs":[0.0,-5.41981]},"AQs":{"weight":1.0,"played":[0.9564,0.0436],"evs":[0.0,-3.93398]},"AKs":{"weight":1.0,"played":[0.9924,0.0076],"evs":[0.0,-2.47933]},"AA":{"weight":1.0,"played":[0.0018,0.9982],"evs":[0.0,3.93085]}}}