{"player":6,"street":0,"children":2,"sequence":[{"player":0,"type":"R","amount":22880000,"street":0},{"player":1,"type":"C","amount":4640000,"street":0},{"player":2,"type":"F","amount":0,"street":0},{"player":3,"type":"C","amount":11680000,"street":0},{"player":4,"type":"R","amount":36960000,"street":0},{"player":5,"type":"F","amount":0,"street":0}],"actions":[{"type":"F","amount":0},{"type":"C","amount":15520000}],"hands":{"22":{"weight":1.0,"played":[1.0,0.0],"evs":[0.0,-3.07423]},"32o":{"weight":1.0,"played":[1.0,0.0],"evs":[0.0,-4.17186]},"42o":{"weight":1.0,"played":[1.0,0.0],"evs":[0.0,-4.18021]},"52o":{"weight":1.0,"played":[1.0,0.0],"evs":[0.0,-3.93126]},"62o":{"weight":1.0,"played":[1.0,0.0],"evs":[0.0,-4.37851]},"72o":{"weight":1.0,"played":[1.0,0.0],"evs":[0.0,-4.59443]},"82o":{"weight":1.0,"played":[1.0,0.0],"evs":[0.0,-4.61241]},"92o":{"weight":1.0,"played":[1.0,0.0],"evs":[0.0,-4.49075]},"T2o":{"weight":1.0,"played":[1.0,0.0],"evs":[0.0,-3.93488]},"J2o":{"weight":1.0,"played":[0.9999,1.0E-4],"evs":[0.0,-4.82199]},"Q2o":{"weight":1.0,"played":[1.0,0.0],"evs":[0.0,-4.06114]},"K2o":{"weight":1.0,"played":[1.0,0.0],"evs":[0.0,-4.40369]},"A2o":{"weight":1.0,"played":[1.0,0.0],"evs":[0.0,-4.37326]},"32s":{"weight":1.0,"played":[0.9996,4.0E-4],"evs":[0.0,-3.19798]},"33":{"weight":1.0,"played":[0.9999,1.0E-4],"evs":[0.0,-2.65259]},"43o":{"weight":1.0,"played":[1.0,0.0],"evs":[0.0,-3.6294]},"53o":{"weight":1.0,"played":[1.0,0.0],"evs":[0.0,-3.96081]},"63o":{"weight":1.0,"played":[1.0,0.0],"evs":[0.0,-3.45476]},"73o":{"weight":1.0,"played":[0.9999,1.0E-4],"evs":[0.0,-4.17492]},"83o":{"weight":1.0,"played":[1.0,0.0],"evs":[0.0,-4.22764]},"93o":{"weight":1.0,"played":[1.0,0.0],"evs":[0.0,-3.91324]},"T3o":{"weight":1.0,"played":[0.9996,4.0E-4],"evs":[0.0,-4.22737]},"J3o":{"weight":1.0,"played":[1.0,0.0],"evs":[0.0,-4.42841]},"Q3o":{"weight":1.0,"played":[1.0,0.0],"evs":[0.0,-4.59665]},"K3o":{"weight":1.0,"played":[1.0,0.0],"evs":[0.0,-4.01654]},"A3o":{"weight":1.0,"played":[1.0,0.0],"evs":[0.0,-4.40856]},"42s":{"weight":1.0,"played":[0.9996,4.0E-4],"evs":[0.0,-3.77865]},"43s":{"weight":1.0,"played":[0.9972,0.0028],"evs":[0.0,-2.49511]},"44":{"weight":1.0,"played":[0.9995,5.0E-4],"evs":[0.0,-2.71754]},"54o":{"weight":1.0,"played":[1.0,0.0],"evs":[0.0,-2.88049]},"64o":{"weight":1.0,"played":[1.0,0.0],"evs":[0.0,-3.45791]},"74o":{"weight":1.0,"played":[1.0,0.0],"evs":[0.0,-3.68632]},"84o":{"weight":1.0,"played":[1.0,0.0],"evs":[0.0,-3.86254]},"94o":{"weight":1.0,"played":[1.0,0.0],"evs":[0.0,-4.4474]},"T4o":{"weight":1.0,"played":[0.9999,1.0E-4],"evs":[0.0,-4.20825]},"J4o":{"weight":1.0,"played":[1.0,0.0],"evs":[0.0,-3.6195]},"Q4o":{"weight":1.0,"played":[0.9998,2.0E-4],"evs":[0.0,-4.36534]},"K4o":{"weight":1.0,"played":[0.9999,1.0E-4],"evs":[0.0,-3.99722]},"A4o":{"weight":1.0,"played":[0.9999,1.0E-4],"evs":[0.0,-4.13425]},"52s":{"weight":1.0,"played":[1.0,0.0],"evs":[0.0,-2.75522]},"53s":{"weight":1.0,"played":[0.9973,0.0027],"evs":[0.0,-2.57423]},"54s":{"weight":1.0,"played":[1.0,0.0],"evs":[0.0,-2.83516]},"55":{"weight":1.0,"played":[1.0,0.0],"evs":[0.0,-2.50806]},"65o":{"weight":1.0,"played":[1.0,0.0],"evs":[0.0,-3.33266]},"75o":{"weight":1.0,"played":[1.0,0.0],"evs":[0.0,-3.14296]},"85o":{"weight":1.0,"played":[1.0,0.0],"evs":[0.0,-3.4371]},"95o":{"weight":1.0,"played":[1.0,0.0],"evs":[0.0,-3.98085]},"T5o":{"weight":1.0,"played":[1.0,0.0],"evs":[0.0,-4.23037]},"J5o":{"weight":1.0,"played":[1.0,0.0],"evs":[0.0,-3.90095]},"Q5o":{"weight":1.0,"played":[1.0,0.0],"evs":[0.0,-4.0594]},"K5o":{"weight":1.0,"played":[1.0,0.0],"evs":[0.0,-3.88218]},"A5o":{"weight":1.0,"played":[1.0,0.0],"evs":[0.0,-4.24144]},"62s":{"weight":1.0,"played":[1.0,0.0],"evs":[0.0,-2.61337]},"63s":{"weight":1.0,"played":[1.0,0.0],"evs":[0.0,-3.13136]},"64s":{"weight":1.0,"played":[0.9999,1.0E-4],"evs":[0.0,-2.83826]},"65s":{"weight":1.0,"played":[1.0,0.0],"evs":[0.0,-2.1384]},"66":{"weight":1.0,"played":[0.9959,0.0041],"evs":[0.0,-2.28211]},"76o":{"weight":1.0,"played":[1.0,0.0],"evs":[0.0,-2.81445]},"86o":{"weight":1.0,"played":[1.0,0.0],"evs":[0.0,-3.57392]},"96o":{"weight":1.0,"played":[1.0,0.0],"evs":[0.0,-3.95217]},"T6o":{"weight":1.0,"played":[1.0,0.0],"evs":[0.0,-3.94946]},"J6o":{"weight":1.0,"played":[1.0,0.0],"evs":[0.0,-4.17457]},"Q6o":{"weight":1.0,"played":[1.0,0.0],"evs":[0.0,-4.32833]},"K6o":{"weight":1.0,"played":[0.9995,5.0E-4],"evs":[0.0,-3.91602]},"A6o":{"weight":1.0,"played":[1.0,0.0],"evs":[0.0,-4.23813]},"72s":{"weight":1.0,"played":[0.9993,7.0E-4],"evs":[0.0,-3.92576]},"73s":{"weight":1.0,"played":[0.9977,0.0023],"evs":[0.0,-3.88917]},"74s":{"weight":1.0,"played":[0.9986,0.0014],"evs":[0.0,-2.74485]},"75s":{"weight":1.0,"played":[0.9994,6.0E-4],"evs":[0.0,-2.2198]},"76s":{"weight":1.0,"played":[0.9999,1.0E-4],"evs":[0.0,-2.20919]},"77":{"weight":1.0,"played":[0.9953,0.0047],"evs":[0.0,-0.95885]},"87o":{"weight":1.0,"played":[0.9996,4.0E-4],"evs":[0.0,-3.09404]},"97o":{"weight":1.0,"played":[0.9999,1.0E-4],"evs":[0.0,-3.69556]},"T7o":{"weight":1.0,"played":[1.0,0.0],"evs":[0.0,-3.54352]},"J7o":{"weight":1.0,"played":[1.0,0.0],"evs":[0.0,-3.80987]},"Q7o":{"weight":1.0,"played":[1.0,0.0],"evs":[0.0,-3.89581]},"K7o":{"weight":1.0,"played":[0.9998,2.0E-4],"evs":[0.0,-3.58409]},"A7o":{"weight":1.0,"played":[1.0,0.0],"evs":[0.0,-4.06076]},"82s":{"weight":1.0,"played":[0.9999,1.0E-4],"evs":[0.0,-4.09159]},"83s":{"weight":1.0,"played":[1.0,0.0],"evs":[0.0,-4.42516]},"84s":{"weight":1.0,"played":[0.9994,6.0E-4],"evs":[0.0,-3.06657]},"85s":{"weight":1.0,"played":[1.0,0.0],"evs":[0.0,-3.13476]},"86s":{"weight":1.0,"played":[0.9999,1.0E-4],"evs":[0.0,-2.92394]},"87s":{"weight":1.0,"played":[0.9993,7.0E-4],"evs":[0.0,-2.14931]},"88":{"weight":1.0,"played":[1.0,0.0],"evs":[0.0,-1.11812]},"98o":{"weight":1.0,"played":[1.0,0.0],"evs":[0.0,-3.43734]},"T8o":{"weight":1.0,"played":[1.0,0.0],"evs":[0.0,-3.40701]},"J8o":{"weight":1.0,"played":[1.0,0.0],"evs":[0.0,-3.9592]},"Q8o":{"weight":1.0,"played":[0.9994,6.0E-4],"evs":[0.0,-4.25203]},"K8o":{"weight":1.0,"played":[1.0,0.0],"evs":[0.0,-4.04619]},"A8o":{"weight":1.0,"played":[1.0,0.0],"evs":[0.0,-4.17734]},"92s":{"weight":1.0,"played":[0.9999,1.0E-4],"evs":[0.0,-4.02896]},"93s":{"weight":1.0,"played":[1.0,0.0],"evs":[0.0,-3.11316]},"94s":{"weight":1.0,"played":[0.999,0.001],"evs":[0.0,-4.10232]},"95s":{"weight":1.0,"played":[0.9997,3.0E-4],"evs":[0.0,-3.07001]},"96s":{"weight":1.0,"played":[0.9975,0.0025],"evs":[0.0,-2.85683]},"97s":{"weight":1.0,"played":[1.0,0.0],"evs":[0.0,-2.79423]},"98s":{"weight":1.0,"played":[0.9994,6.0E-4],"evs":[0.0,-2.73462]},"99":{"weight":1.0,"played":[0.9848,0.0152],"evs":[0.0,-0.84929]},"T9o":{"weight":1.0,"played":[1.0,0.0],"evs":[0.0,-3.32114]},"J9o":{"weight":1.0,"played":[0.9999,1.0E-4],"evs":[0.0,-3.44664]},"Q9o":{"weight":1.0,"played":[1.0,0.0],"evs":[0.0,-3.73953]},"K9o":{"weight":1.0,"played":[1.0,0.0],"evs":[0.0,-2.99762]},"A9o":{"weight":1.0,"played":[0.9998,2.0E-4],"evs":[0.0,-4.38934]},"T2s":{"weight":1.0,"played":[0.9999,1.0E-4],"evs":[0.0,-2.84549]},"T3s":{"weight":1.0,"played":[0.9997,3.0E-4],"evs":[0.0,-3.27062]},"T4s":{"weight":1.0,"played":[0.9999,1.0E-4],"evs":[0.0,-2.70233]},"T5s":{"weight":1.0,"played":[0.9997,3.0E-4],"evs":[0.0,-3.83352]},"T6s":{"weight":1.0,"played":[0.9979,0.0021],"evs":[0.0,-3.88875]},"T7s":{"weight":1.0,"played":[0.9999,1.0E-4],"evs":[0.0,-3.3711]},"T8s":{"weight":1.0,"played":[1.0,0.0],"evs":[0.0,-2.98755]},"T9s":{"weight":1.0,"played":[0.9973,0.0027],"evs":[0.0,-2.46971]},"TT":{"weight":1.0,"played":[0.541,0.459],"evs":[0.0,0.25022]},"JTo":{"weight":1.0,"played":[1.0,0.0],"evs":[0.0,-2.75772]},"QTo":{"weight":1.0,"played":[1.0,0.0],"evs":[0.0,-3.11172]},"KTo":{"weight":1.0,"played":[1.0,0.0],"evs":[0.0,-2.88278]},"ATo":{"weight":1.0,"played":[0.9998,2.0E-4],"evs":[0.0,-3.33934]},"J2s":{"weight":1.0,"played":[0.979,0.021],"evs":[0.0,-3.05376]},"J3s":{"weight":1.0,"played":[1.0,0.0],"evs":[0.0,-3.39054]},"J4s":{"weight":1.0,"played":[1.0,0.0],"evs":[0.0,-3.17836]},"J5s":{"weight":1.0,"played":[0.9999,1.0E-4],"evs":[0.0,-3.00199]},"J6s":{"weight":1.0,"played":[1.0,0.0],"evs":[0.0,-3.94393]},"J7s":{"weight":1.0,"played":[0.9994,6.0E-4],"evs":[0.0,-3.60809]},"J8s":{"weight":1.0,"played":[0.9997,3.0E-4],"evs":[0.0,-2.08976]},"J9s":{"weight":1.0,"played":[0.9998,2.0E-4],"evs":[0.0,-2.86273]},"JTs":{"weight":1.0,"played":[0.9909,0.0091],"evs":[0.0,-1.92212]},"JJ":{"weight":1.0,"played":[0.0035,0.9965],"evs":[0.0,0.61375]},"QJo":{"weight":1.0,"played":[1.0,0.0],"evs":[0.0,-3.33376]},"KJo":{"weight":1.0,"played":[1.0,0.0],"evs":[0.0,-3.34685]},"AJo":{"weight":1.0,"played":[1.0,0.0],"evs":[0.0,-3.11466]},"Q2s":{"weight":1.0,"played":[1.0,0.0],"evs":[0.0,-3.95841]},"Q3s":{"weight":1.0,"played":[1.0,0.0],"evs":[0.0,-3.93884]},"Q4s":{"weight":1.0,"played":[0.9998,2.0E-4],"evs":[0.0,-3.82296]},"Q5s":{"weight":1.0,"played":[0.9999,1.0E-4],"evs":[0.0,-3.05368]},"Q6s":{"weight":1.0,"played":[0.9999,1.0E-4],"evs":[0.0,-3.49599]},"Q7s":{"weight":1.0,"played":[0.9998,2.0E-4],"evs":[0.0,-3.96834]},"Q8s":{"weight":1.0,"played":[0.9939,0.0061],"evs":[0.0,-3.57295]},"Q9s":{"weight":1.0,"played":[0.9997,3.0E-4],"evs":[0.0,-2.5381]},"QTs":{"weight":1.0,"played":[0.9982,0.0018],"evs":[0.0,-2.89328]},"QJs":{"weight":1.0,"played":[0.9988,0.0012],"evs":[0.0,-2.43802]},"QQ":{"weight":1.0,"played":[9.0E-4,0.9991],"evs":[0.0,1.88606]},"KQo":{"weight":1.0,"played":[1.0,0.0],"evs":[0.0,-3.26137]},"AQo":{"weight":1.0,"played":[0.9999,1.0E-4],"evs":[0.0,-2.58535]},"K2s":{"weight":1.0,"played":[0.9999,1.0E-4],"evs":[0.0,-3.50614]},"K3s":{"weight":1.0,"played":[0.9998,2.0E-4],"evs":[0.0,-3.67206]},"K4s":{"weight":1.0,"played":[1.0,0.0],"evs":[0.0,-3.4075]},"K5s":{"weight":1.0,"played":[0.9998,2.0E-4],"evs":[0.0,-2.47564]},"K6s":{"weight":1.0,"played":[0.9997,3.0E-4],"evs":[0.0,-3.37254]},"K7s":{"weight":1.0,"played":[0.9987,0.0013],"evs":[0.0,-2.42492]},"K8s":{"weight":1.0,"played":[1.0,0.0],"evs":[0.0,-2.38625]},"K9s":{"weight":1.0,"played":[0.9945,0.0055],"evs":[0.0,-2.62074]},"KTs":{"weight":1.0,"played":[0.9978,0.0022],"evs":[0.0,-2.97853]},"KJs":{"weight":1.0,"played":[0.9814,0.0186],"evs":[0.0,-1.5724]},"KQs":{"weight":1.0,"played":[0.9954,0.0046],"evs":[0.0,-1.23018]},"KK":{"weight":1.0,"played":[1.0E-4,0.9999],"evs":[0.0,4.42067]},"AKo":{"weight":1.0,"played":[0.9958,0.0042],"evs":[0.0,-1.78236]},"A2s":{"weight":1.0,"played":[1.0,0.0],"evs":[0.0,-3.19727]},"A3s":{"weight":1.0,"played":[0.9999,1.0E-4],"evs":[0.0,-3.2884]},"A4s":{"weight":1.0,"played":[1.0,0.0],"evs":[0.0,-2.44765]},"A5s":{"weight":1.0,"played":[0.9948,0.0052],"evs":[0.0,-2.73946]},"A6s":{"weight":1.0,"played":[0.9982,0.0018],"evs":[0.0,-3.21461]},"A7s":{"weight":1.0,"played":[0.9996,4.0E-4],"evs":[0.0,-2.86316]},"A8s":{"weight":1.0,"played":[0.9998,2.0E-4],"evs":[0.0,-2.70299]},"A9s":{"weight":1.0,"played":[0.9963,0.0037],"evs":[0.0,-2.99033]},"ATs":{"weight":1.0,"played":[0.9983,0.0017],"evs":[0.0,-2.17897]},"AJs":{"weight":1.0,"played":[0.991,0.009],"evs":[0.0,-2.62012]},"AQs":{"weight":1.0,"played":[0.9998,2.0E-4],"evs":[0.0,-1.02172]},"AKs":{"weight":1.0,"played":[0.9003,0.0997],"evs":[0.0,0.43931]},"AA":{"weight":1.0,"played":[0.0,1.0],"evs":[0.0,6.34054]}}}