{"player":5,"street":0,"children":2,"sequence":[{"player":0,"type":"R","amount":22880000,"street":0},{"player":1,"type":"C","amount":4640000,"street":0},{"player":2,"type":"C","amount":8160000,"street":0},{"player":3,"type":"F","amount":0,"street":0},{"player":4,"type":"R","amount":36960000,"street":0}],"actions":[{"type":"F","amount":0,"node":184},{"type":"C","amount":35360000,"node":185}],"hands":{"22":{"weight":1.0,"played":[0.9997,3.0E-4],"evs":[0.0,-3.88411]},"32o":{"weight":1.0,"played":[1.0,0.0],"evs":[0.0,-6.09457]},"42o":{"weight":1.0,"played":[1.0,0.0],"evs":[0.0,-6.46374]},"52o":{"weight":1.0,"played":[1.0,0.0],"evs":[0.0,-5.79229]},"62o":{"weight":1.0,"played":[1.0,0.0],"evs":[0.0,-5.76871]},"72o":{"weight":1.0,"played":[1.0,0.0],"evs":[0.0,-6.47487]},"82o":{"weight":1.0,"played":[1.0,0.0],"evs":[0.0,-6.21016]},"92o":{"weight":1.0,"played":[1.0,0.0],"evs":[0.0,-5.9739]},"T2o":{"weight":1.0,"played":[1.0,0.0],"evs":[0.0,-5.98097]},"J2o":{"weight":1.0,"played":[1.0,0.0],"evs":[0.0,-5.62527]},"Q2o":{"weight":1.0,"played":[1.0,0.0],"evs":[0.0,-6.06323]},"K2o":{"weight":1.0,"played":[1.0,0.0],"evs":[0.0,-5.70499]},"A2o":{"weight":1.0,"played":[1.0,0.0],"evs":[0.0,-6.07602]},"32s":{"weight":1.0,"played":[1.0,0.0],"evs":[0.0,-5.46363]},"33":{"weight":1.0,"played":[1.0,0.0],"evs":[0.0,-4.36652]},"43o":{"weight":1.0,"played":[0.9998,2.0E-4],"evs":[0.0,-5.44533]},"53o":{"weight":1.0,"played":[1.0,0.0],"evs":[0.0,-5.40964]},"63o":{"weight":1.0,"played":[1.0,0.0],"evs":[0.0,-5.24816]},"73o":{"weight":1.0,"played":[1.0,0.0],"evs":[0.0,-5.67236]},"83o":{"weight":1.0,"played":[1.0,0.0],"evs":[0.0,-5.89436]},"93o":{"weight":1.0,"played":[1.0,0.0],"evs":[0.0,-6.42809]},"T3o":{"weight":1.0,"played":[1.0,0.0],"evs":[0.0,-5.61905]},"J3o":{"weight":1.0,"played":[1.0,0.0],"evs":[0.0,-6.12577]},"Q3o":{"weight":1.0,"played":[1.0,0.0],"evs":[0.0,-6.16628]},"K3o":{"weight":1.0,"played":[1.0,0.0],"evs":[0.0,-5.67103]},"A3o":{"weight":1.0,"played":[0.9999,1.0E-4],"evs":[0.0,-5.87313]},"42s":{"weight":1.0,"played":[1.0,0.0],"evs":[0.0,-4.82413]},"43s":{"weight":1.0,"played":[1.0,0.0],"evs":[0.0,-4.84262]},"44":{"weight":1.0,"played":[0.9998,2.0E-4],"evs":[0.0,-4.34177]},"54o":{"weight":1.0,"played":[1.0,0.0],"evs":[0.0,-5.03104]},"64o":{"weight":1.0,"played":[1.0,0.0],"evs":[0.0,-5.09054]},"74o":{"weight":1.0,"played":[1.0,0.0],"evs":[0.0,-5.45178]},"84o":{"weight":1.0,"played":[1.0,0.0],"evs":[0.0,-5.75089]},"94o":{"weight":1.0,"played":[1.0,0.0],"evs":[0.0,-6.29027]},"T4o":{"weight":1.0,"played":[1.0,0.0],"evs":[0.0,-5.86285]},"J4o":{"weight":1.0,"played":[1.0,0.0],"evs":[0.0,-5.8239]},"Q4o":{"weight":1.0,"played":[1.0,0.0],"evs":[0.0,-5.26601]},"K4o":{"weight":1.0,"played":[1.0,0.0],"evs":[0.0,-5.52144]},"A4o":{"weight":1.0,"played":[1.0,0.0],"evs":[0.0,-5.69242]},"52s":{"weight":1.0,"played":[1.0,0.0],"evs":[0.0,-4.5127]},"53s":{"weight":1.0,"played":[1.0,0.0],"evs":[0.0,-4.93735]},"54s":{"weight":1.0,"played":[0.9996,4.0E-4],"evs":[0.0,-4.15345]},"55":{"weight":1.0,"played":[0.9986,0.0014],"evs":[0.0,-3.55874]},"65o":{"weight":1.0,"played":[0.9999,1.0E-4],"evs":[0.0,-4.78325]},"75o":{"weight":1.0,"played":[1.0,0.0],"evs":[0.0,-5.38593]},"85o":{"weight":1.0,"played":[1.0,0.0],"evs":[0.0,-5.32783]},"95o":{"weight":1.0,"played":[1.0,0.0],"evs":[0.0,-5.54953]},"T5o":{"weight":1.0,"played":[1.0,0.0],"evs":[0.0,-5.62491]},"J5o":{"weight":1.0,"played":[1.0,0.0],"evs":[0.0,-5.97009]},"Q5o":{"weight":1.0,"played":[0.9999,1.0E-4],"evs":[0.0,-5.80851]},"K5o":{"weight":1.0,"played":[1.0,0.0],"evs":[0.0,-5.73052]},"A5o":{"weight":1.0,"played":[1.0,0.0],"evs":[0.0,-5.3039]},"62s":{"weight":1.0,"played":[1.0,0.0],"evs":[0.0,-6.05585]},"63s":{"weight":1.0,"played":[0.9992,8.0E-4],"evs":[0.0,-4.18505]},"64s":{"weight":1.0,"played":[0.999,0.001],"evs":[0.0,-4.12855]},"65s":{"weight":1.0,"played":[0.9991,9.0E-4],"evs":[0.0,-4.94174]},"66":{"weight":1.0,"played":[0.9993,7.0E-4],"evs":[0.0,-1.48348]},"76o":{"weight":1.0,"played":[1.0,0.0],"evs":[0.0,-4.51862]},"86o":{"weight":1.0,"played":[0.9999,1.0E-4],"evs":[0.0,-4.57337]},"96o":{"weight":1.0,"played":[0.9999,1.0E-4],"evs":[0.0,-4.88448]},"T6o":{"weight":1.0,"played":[1.0,0.0],"evs":[0.0,-5.03921]},"J6o":{"weight":1.0,"played":[1.0,0.0],"evs":[0.0,-5.66779]},"Q6o":{"weight":1.0,"played":[1.0,0.0],"evs":[0.0,-5.38713]},"K6o":{"weight":1.0,"played":[0.9999,1.0E-4],"evs":[0.0,-5.13729]},"A6o":{"weight":1.0,"played":[1.0,0.0],"evs":[0.0,-6.15868]},"72s":{"weight":1.0,"played":[0.9991,9.0E-4],"evs":[0.0,-5.50036]},"73s":{"weight":1.0,"played":[0.9998,2.0E-4],"evs":[0.0,-5.41864]},"74s":{"weight":1.0,"played":[0.9983,0.0017],"evs":[0.0,-4.76101]},"75s":{"weight":1.0,"played":[0.9984,0.0016],"evs":[0.0,-4.1945]},"76s":{"weight":1.0,"played":[0.999,0.001],"evs":[0.0,-3.27767]},"77":{"weight":1.0,"played":[0.9944,0.0056],"evs":[0.0,-0.88168]},"87o":{"weight":1.0,"played":[1.0,0.0],"evs":[0.0,-4.47915]},"97o":{"weight":1.0,"played":[0.9999,1.0E-4],"evs":[0.0,-4.27851]},"T7o":{"weight":1.0,"played":[0.9999,1.0E-4],"evs":[0.0,-4.52187]},"J7o":{"weight":1.0,"played":[1.0,0.0],"evs":[0.0,-5.21245]},"Q7o":{"weight":1.0,"played":[1.0,0.0],"evs":[0.0,-5.46293]},"K7o":{"weight":1.0,"played":[1.0,0.0],"evs":[0.0,-4.75167]},"A7o":{"weight":1.0,"played":[1.0,0.0],"evs":[0.0,-6.06599]},"82s":{"weight":1.0,"played":[0.9996,4.0E-4],"evs":[0.0,-5.10425]},"83s":{"weight":1.0,"played":[1.0,0.0],"evs":[0.0,-5.18202]},"84s":{"weight":1.0,"played":[1.0,0.0],"evs":[0.0,-4.21931]},"85s":{"weight":1.0,"played":[0.9998,2.0E-4],"evs":[0.0,-3.8859]},"86s":{"weight":1.0,"played":[0.9996,4.0E-4],"evs":[0.0,-4.07966]},"87s":{"weight":1.0,"played":[0.9999,1.0E-4],"evs":[0.0,-2.9918]},"88":{"weight":1.0,"played":[0.7948,0.2052],"evs":[0.0,-0.71673]},"98o":{"weight":1.0,"played":[1.0,0.0],"evs":[0.0,-4.74094]},"T8o":{"weight":1.0,"played":[0.9999,1.0E-4],"evs":[0.0,-4.39273]},"J8o":{"weight":1.0,"played":[0.9999,1.0E-4],"evs":[0.0,-4.54998]},"Q8o":{"weight":1.0,"played":[1.0,0.0],"evs":[0.0,-4.96229]},"K8o":{"weight":1.0,"played":[1.0,0.0],"evs":[0.0,-5.18038]},"A8o":{"weight":1.0,"played":[0.9998,2.0E-4],"evs":[0.0,-5.7717]},"92s":{"weight":1.0,"played":[0.9998,2.0E-4],"evs":[0.0,-4.77062]},"93s":{"weight":1.0,"played":[0.9999,1.0E-4],"evs":[0.0,-4.48319]},"94s":{"weight":1.0,"played":[0.9996,4.0E-4],"evs":[0.0,-4.80882]},"95s":{"weight":1.0,"played":[0.9994,6.0E-4],"evs":[0.0,-5.4473]},"96s":{"weight":1.0,"played":[0.9999,1.0E-4],"evs":[0.0,-3.98384]},"97s":{"weight":1.0,"played":[0.9999,1.0E-4],"evs":[0.0,-3.40712]},"98s":{"weight":1.0,"played":[0.9934,0.0066],"evs":[0.0,-2.29354]},"99":{"weight":1.0,"played":[0.4231,0.5769],"evs":[0.0,0.51287]},"T9o":{"weight":1.0,"played":[1.0,0.0],"evs":[0.0,-3.98529]},"J9o":{"weight":1.0,"played":[1.0,0.0],"evs":[0.0,-4.67789]},"Q9o":{"weight":1.0,"played":[1.0,0.0],"evs":[0.0,-4.81021]},"K9o":{"weight":1.0,"played":[1.0,0.0],"evs":[0.0,-4.60596]},"A9o":{"weight":1.0,"played":[1.0,0.0],"evs":[0.0,-4.76666]},"T2s":{"weight":1.0,"played":[0.9997,3.0E-4],"evs":[0.0,-4.72076]},"T3s":{"weight":1.0,"played":[0.9999,1.0E-4],"evs":[0.0,-4.94382]},"T4s":{"weight":1.0,"played":[0.9986,0.0014],"evs":[0.0,-5.23581]},"T5s":{"weight":1.0,"played":[0.9996,4.0E-4],"evs":[0.0,-4.13478]},"T6s":{"weight":1.0,"played":[0.9999,1.0E-4],"evs":[0.0,-4.59696]},"T7s":{"weight":1.0,"played":[0.9995,5.0E-4],"evs":[0.0,-4.51223]},"T8s":{"weight":1.0,"played":[0.9997,3.0E-4],"evs":[0.0,-3.21566]},"T9s":{"weight":1.0,"played":[0.9998,2.0E-4],"evs":[0.0,-2.86692]},"TT":{"weight":1.0,"played":[0.0045,0.9955],"evs":[0.0,0.91977]},"JTo":{"weight":1.0,"played":[0.9987,0.0013],"evs":[0.0,-4.34572]},"QTo":{"weight":1.0,"played":[0.9996,4.0E-4],"evs":[0.0,-3.97655]},"KTo":{"weight":1.0,"played":[0.9995,5.0E-4],"evs":[0.0,-3.88681]},"ATo":{"weight":1.0,"played":[0.9998,2.0E-4],"evs":[0.0,-5.29263]},"J2s":{"weight":1.0,"played":[0.9994,6.0E-4],"evs":[0.0,-4.31851]},"J3s":{"weight":1.0,"played":[1.0,0.0],"evs":[0.0,-4.6238]},"J4s":{"weight":1.0,"played":[1.0,0.0],"evs":[0.0,-4.99772]},"J5s":{"weight":1.0,"played":[0.9998,2.0E-4],"evs":[0.0,-5.22801]},"J6s":{"weight":1.0,"played":[1.0,0.0],"evs":[0.0,-4.37415]},"J7s":{"weight":1.0,"played":[1.0,0.0],"evs":[0.0,-4.22354]},"J8s":{"weight":1.0,"played":[1.0,0.0],"evs":[0.0,-3.98698]},"J9s":{"weight":1.0,"played":[1.0,0.0],"evs":[0.0,-4.51392]},"JTs":{"weight":1.0,"played":[0.9996,4.0E-4],"evs":[0.0,-3.99642]},"JJ":{"weight":1.0,"played":[0.0,1.0],"evs":[0.0,1.98191]},"QJo":{"weight":1.0,"played":[0.9986,0.0014],"evs":[0.0,-3.89956]},"KJo":{"weight":1.0,"played":[0.9999,1.0E-4],"evs":[0.0,-3.9467]},"AJo":{"weight":1.0,"played":[1.0,0.0],"evs":[0.0,-4.21705]},"Q2s":{"weight":1.0,"played":[0.9998,2.0E-4],"evs":[0.0,-4.55357]},"Q3s":{"weight":1.0,"played":[0.9999,1.0E-4],"evs":[0.0,-5.85813]},"Q4s":{"weight":1.0,"played":[1.0,0.0],"evs":[0.0,-4.18605]},"Q5s":{"weight":1.0,"played":[1.0,0.0],"evs":[0.0,-4.14835]},"Q6s":{"weight":1.0,"played":[1.0,0.0],"evs":[0.0,-5.19714]},"Q7s":{"weight":1.0,"played":[0.9999,1.0E-4],"evs":[0.0,-3.45812]},"Q8s":{"weight":1.0,"played":[0.9998,2.0E-4],"evs":[0.0,-3.1319]},"Q9s":{"weight":1.0,"played":[0.9988,0.0012],"evs":[0.0,-2.99004]},"QTs":{"weight":1.0,"played":[0.9995,5.0E-4],"evs":[0.0,-3.07635]},"QJs":{"weight":1.0,"played":[0.9789,0.0211],"evs":[0.0,-3.88125]},"QQ":{"weight":1.0,"played":[0.0,1.0],"evs":[0.0,4.14629]},"KQo":{"weight":1.0,"played":[0.999,0.001],"evs":[0.0,-3.57773]},"AQo":{"weight":1.0,"played":[0.9955,0.0045],"evs":[0.0,-2.27836]},"K2s":{"weight":1.0,"played":[0.9998,2.0E-4],"evs":[0.0,-4.51191]},"K3s":{"weight":1.0,"played":[1.0,0.0],"evs":[0.0,-4.60896]},"K4s":{"weight":1.0,"played":[1.0,0.0],"evs":[0.0,-4.12282]},"K5s":{"weight":1.0,"played":[1.0,0.0],"evs":[0.0,-4.15427]},"K6s":{"weight":1.0,"played":[1.0,0.0],"evs":[0.0,-3.58581]},"K7s":{"weight":1.0,"played":[0.9989,0.0011],"evs":[0.0,-3.54069]},"K8s":{"weight":1.0,"played":[0.9991,9.0E-4],"evs":[0.0,-4.30252]},"K9s":{"weight":1.0,"played":[0.9999,1.0E-4],"evs":[0.0,-2.90246]},"KTs":{"weight":1.0,"played":[1.0,0.0],"evs":[0.0,-3.4569]},"KJs":{"weight":1.0,"played":[0.9993,7.0E-4],"evs":[0.0,-2.54294]},"KQs":{"weight":1.0,"played":[0.9999,1.0E-4],"evs":[0.0,-1.7231]},"KK":{"weight":1.0,"played":[1.0E-4,0.9999],"evs":[0.0,6.22208]},"AKo":{"weight":1.0,"played":[0.9912,0.0088],"evs":[0.0,-1.98676]},"A2s":{"weight":1.0,"played":[0.9953,0.0047],"evs":[0.0,-4.55992]},"A3s":{"weight":1.0,"played":[0.9977,0.0023],"evs":[0.0,-5.10904]},"A4s":{"weight":1.0,"played":[0.9999,1.0E-4],"evs":[0.0,-5.77687]},"A5s":{"weight":1.0,"played":[0.9979,0.0021],"evs":[0.0,-4.10376]},"A6s":{"weight":1.0,"played":[0.9997,3.0E-4],"evs":[0.0,-5.12149]},"A7s":{"weight":1.0,"played":[0.9998,2.0E-4],"evs":[0.0,-4.36682]},"A8s":{"weight":1.0,"played":[0.9965,0.0035],"evs":[0.0,-5.00332]},"A9s":{"weight":1.0,"played":[0.9985,0.0015],"evs":[0.0,-3.48902]},"ATs":{"weight":1.0,"played":[1.0,0.0],"evs":[0.0,-3.19646]},"AJs":{"weight":1.0,"played":[0.9997,3.0E-4],"evs":[0.0,-2.91776]},"AQs":{"weight":1.0,"played":[0.9994,6.0E-4],"evs":[0.0,-1.80328]},"AKs":{"weight":1.0,"played":[0.4548,0.5452],"evs":[0.0,0.52169]},"AA":{"weight":1.0,"played":[0.0,1.0],"evs":[0.0,8.83139]}}}