{"player":6,"street":0,"children":2,"sequence":[{"player":0,"type":"R","amount":22880000,"street":0},{"player":1,"type":"C","amount":4640000,"street":0},{"player":2,"type":"C","amount":8160000,"street":0},{"player":3,"type":"F","amount":0,"street":0},{"player":4,"type":"R","amount":36960000,"street":0},{"player":5,"type":"F","amount":0,"street":0}],"actions":[{"type":"F","amount":0},{"type":"C","amount":15520000}],"hands":{"22":{"weight":1.0,"played":[1.0,0.0],"evs":[0.0,-2.98845]},"32o":{"weight":1.0,"played":[1.0,0.0],"evs":[0.0,-4.20935]},"42o":{"weight":1.0,"played":[1.0,0.0],"evs":[0.0,-4.06481]},"52o":{"weight":1.0,"played":[1.0,0.0],"evs":[0.0,-3.88924]},"62o":{"weight":1.0,"played":[1.0,0.0],"evs":[0.0,-4.18957]},"72o":{"weight":1.0,"played":[1.0,0.0],"evs":[0.0,-4.46294]},"82o":{"weight":1.0,"played":[1.0,0.0],"evs":[0.0,-4.29751]},"92o":{"weight":1.0,"played":[1.0,0.0],"evs":[0.0,-4.07838]},"T2o":{"weight":1.0,"played":[0.9999,1.0E-4],"evs":[0.0,-4.36062]},"J2o":{"weight":1.0,"played":[1.0,0.0],"evs":[0.0,-4.29992]},"Q2o":{"weight":1.0,"played":[1.0,0.0],"evs":[0.0,-4.0276]},"K2o":{"weight":1.0,"played":[1.0,0.0],"evs":[0.0,-4.023]},"A2o":{"weight":1.0,"played":[1.0,0.0],"evs":[0.0,-4.33525]},"32s":{"weight":1.0,"played":[1.0,0.0],"evs":[0.0,-3.59819]},"33":{"weight":1.0,"played":[1.0,0.0],"evs":[0.0,-2.49374]},"43o":{"weight":1.0,"played":[1.0,0.0],"evs":[0.0,-3.64766]},"53o":{"weight":1.0,"played":[1.0,0.0],"evs":[0.0,-3.31197]},"63o":{"weight":1.0,"played":[1.0,0.0],"evs":[0.0,-3.63627]},"73o":{"weight":1.0,"played":[1.0,0.0],"evs":[0.0,-3.82744]},"83o":{"weight":1.0,"played":[1.0,0.0],"evs":[0.0,-3.8966]},"93o":{"weight":1.0,"played":[1.0,0.0],"evs":[0.0,-4.10041]},"T3o":{"weight":1.0,"played":[1.0,0.0],"evs":[0.0,-4.21935]},"J3o":{"weight":1.0,"played":[1.0,0.0],"evs":[0.0,-4.16777]},"Q3o":{"weight":1.0,"played":[1.0,0.0],"evs":[0.0,-4.29728]},"K3o":{"weight":1.0,"played":[1.0,0.0],"evs":[0.0,-4.01604]},"A3o":{"weight":1.0,"played":[1.0,0.0],"evs":[0.0,-4.40032]},"42s":{"weight":1.0,"played":[0.9988,0.0012],"evs":[0.0,-3.19507]},"43s":{"weight":1.0,"played":[0.9998,2.0E-4],"evs":[0.0,-2.95826]},"44":{"weight":1.0,"played":[0.9971,0.0029],"evs":[0.0,-2.32906]},"54o":{"weight":1.0,"played":[1.0,0.0],"evs":[0.0,-3.37138]},"64o":{"weight":1.0,"played":[1.0,0.0],"evs":[0.0,-3.14829]},"74o":{"weight":1.0,"played":[1.0,0.0],"evs":[0.0,-3.5005]},"84o":{"weight":1.0,"played":[1.0,0.0],"evs":[0.0,-3.99711]},"94o":{"weight":1.0,"played":[0.9999,1.0E-4],"evs":[0.0,-3.75964]},"T4o":{"weight":1.0,"played":[0.9998,2.0E-4],"evs":[0.0,-4.5238]},"J4o":{"weight":1.0,"played":[1.0,0.0],"evs":[0.0,-3.66675]},"Q4o":{"weight":1.0,"played":[1.0,0.0],"evs":[0.0,-3.81905]},"K4o":{"weight":1.0,"played":[1.0,0.0],"evs":[0.0,-3.95991]},"A4o":{"weight":1.0,"played":[1.0,0.0],"evs":[0.0,-4.27936]},"52s":{"weight":1.0,"played":[0.9984,0.0016],"evs":[0.0,-2.7691]},"53s":{"weight":1.0,"played":[0.9976,0.0024],"evs":[0.0,-2.95404]},"54s":{"weight":1.0,"played":[1.0,0.0],"evs":[0.0,-2.65154]},"55":{"weight":1.0,"played":[0.9994,6.0E-4],"evs":[0.0,-1.97646]},"65o":{"weight":1.0,"played":[1.0,0.0],"evs":[0.0,-2.8329]},"75o":{"weight":1.0,"played":[1.0,0.0],"evs":[0.0,-3.20145]},"85o":{"weight":1.0,"played":[1.0,0.0],"evs":[0.0,-3.48338]},"95o":{"weight":1.0,"played":[1.0,0.0],"evs":[0.0,-3.68631]},"T5o":{"weight":1.0,"played":[1.0,0.0],"evs":[0.0,-4.29599]},"J5o":{"weight":1.0,"played":[1.0,0.0],"evs":[0.0,-4.02009]},"Q5o":{"weight":1.0,"played":[1.0,0.0],"evs":[0.0,-3.8186]},"K5o":{"weight":1.0,"played":[0.9999,1.0E-4],"evs":[0.0,-3.52915]},"A5o":{"weight":1.0,"played":[1.0,0.0],"evs":[0.0,-3.79867]},"62s":{"weight":1.0,"played":[1.0,0.0],"evs":[0.0,-3.66597]},"63s":{"weight":1.0,"played":[1.0,0.0],"evs":[0.0,-2.96237]},"64s":{"weight":1.0,"played":[0.9994,6.0E-4],"evs":[0.0,-2.8148]},"65s":{"weight":1.0,"played":[1.0,0.0],"evs":[0.0,-2.76624]},"66":{"weight":1.0,"played":[1.0,0.0],"evs":[0.0,-1.75822]},"76o":{"weight":1.0,"played":[1.0,0.0],"evs":[0.0,-2.84476]},"86o":{"weight":1.0,"played":[1.0,0.0],"evs":[0.0,-3.16937]},"96o":{"weight":1.0,"played":[0.9999,1.0E-4],"evs":[0.0,-3.16625]},"T6o":{"weight":1.0,"played":[1.0,0.0],"evs":[0.0,-3.69143]},"J6o":{"weight":1.0,"played":[0.9997,3.0E-4],"evs":[0.0,-3.91482]},"Q6o":{"weight":1.0,"played":[1.0,0.0],"evs":[0.0,-3.82363]},"K6o":{"weight":1.0,"played":[1.0,0.0],"evs":[0.0,-3.8482]},"A6o":{"weight":1.0,"played":[1.0,0.0],"evs":[0.0,-4.19682]},"72s":{"weight":1.0,"played":[1.0,0.0],"evs":[0.0,-3.36116]},"73s":{"weight":1.0,"played":[1.0,0.0],"evs":[0.0,-3.45622]},"74s":{"weight":1.0,"played":[1.0,0.0],"evs":[0.0,-3.09773]},"75s":{"weight":1.0,"played":[0.9996,4.0E-4],"evs":[0.0,-2.90518]},"76s":{"weight":1.0,"played":[0.9993,7.0E-4],"evs":[0.0,-2.46838]},"77":{"weight":1.0,"played":[0.9999,1.0E-4],"evs":[0.0,-1.74178]},"87o":{"weight":1.0,"played":[0.9999,1.0E-4],"evs":[0.0,-3.10506]},"97o":{"weight":1.0,"played":[1.0,0.0],"evs":[0.0,-3.48794]},"T7o":{"weight":1.0,"played":[1.0,0.0],"evs":[0.0,-3.39957]},"J7o":{"weight":1.0,"played":[1.0,0.0],"evs":[0.0,-3.71527]},"Q7o":{"weight":1.0,"played":[1.0,0.0],"evs":[0.0,-3.68738]},"K7o":{"weight":1.0,"played":[1.0,0.0],"evs":[0.0,-3.97805]},"A7o":{"weight":1.0,"played":[1.0,0.0],"evs":[0.0,-4.25532]},"82s":{"weight":1.0,"played":[1.0,0.0],"evs":[0.0,-3.53766]},"83s":{"weight":1.0,"played":[1.0,0.0],"evs":[0.0,-3.70592]},"84s":{"weight":1.0,"played":[1.0,0.0],"evs":[0.0,-2.69865]},"85s":{"weight":1.0,"played":[1.0,0.0],"evs":[0.0,-2.75813]},"86s":{"weight":1.0,"played":[0.9999,1.0E-4],"evs":[0.0,-2.40259]},"87s":{"weight":1.0,"played":[1.0,0.0],"evs":[0.0,-2.54206]},"88":{"weight":1.0,"played":[0.9961,0.0039],"evs":[0.0,-1.65274]},"98o":{"weight":1.0,"played":[1.0,0.0],"evs":[0.0,-3.05327]},"T8o":{"weight":1.0,"played":[0.9999,1.0E-4],"evs":[0.0,-3.09337]},"J8o":{"weight":1.0,"played":[0.9999,1.0E-4],"evs":[0.0,-3.38394]},"Q8o":{"weight":1.0,"played":[1.0,0.0],"evs":[0.0,-3.56054]},"K8o":{"weight":1.0,"played":[0.9998,2.0E-4],"evs":[0.0,-3.25125]},"A8o":{"weight":1.0,"played":[1.0,0.0],"evs":[0.0,-3.95466]},"92s":{"weight":1.0,"played":[1.0,0.0],"evs":[0.0,-3.06461]},"93s":{"weight":1.0,"played":[0.9998,2.0E-4],"evs":[0.0,-3.15718]},"94s":{"weight":1.0,"played":[0.9999,1.0E-4],"evs":[0.0,-3.37013]},"95s":{"weight":1.0,"played":[0.9999,1.0E-4],"evs":[0.0,-2.85085]},"96s":{"weight":1.0,"played":[1.0,0.0],"evs":[0.0,-2.79301]},"97s":{"weight":1.0,"played":[0.9999,1.0E-4],"evs":[0.0,-2.96536]},"98s":{"weight":1.0,"played":[0.9998,2.0E-4],"evs":[0.0,-1.88449]},"99":{"weight":1.0,"played":[0.7635,0.2365],"evs":[0.0,-0.66691]},"T9o":{"weight":1.0,"played":[1.0,0.0],"evs":[0.0,-2.50479]},"J9o":{"weight":1.0,"played":[1.0,0.0],"evs":[0.0,-3.6786]},"Q9o":{"weight":1.0,"played":[1.0,0.0],"evs":[0.0,-3.32457]},"K9o":{"weight":1.0,"played":[0.9999,1.0E-4],"evs":[0.0,-3.36398]},"A9o":{"weight":1.0,"played":[1.0,0.0],"evs":[0.0,-3.86484]},"T2s":{"weight":1.0,"played":[0.9998,2.0E-4],"evs":[0.0,-3.82718]},"T3s":{"weight":1.0,"played":[1.0,0.0],"evs":[0.0,-4.00731]},"T4s":{"weight":1.0,"played":[1.0,0.0],"evs":[0.0,-3.07978]},"T5s":{"weight":1.0,"played":[0.9999,1.0E-4],"evs":[0.0,-3.48228]},"T6s":{"weight":1.0,"played":[0.9995,5.0E-4],"evs":[0.0,-2.51227]},"T7s":{"weight":1.0,"played":[0.9997,3.0E-4],"evs":[0.0,-3.22417]},"T8s":{"weight":1.0,"played":[0.9989,0.0011],"evs":[0.0,-2.47215]},"T9s":{"weight":1.0,"played":[0.9998,2.0E-4],"evs":[0.0,-2.32344]},"TT":{"weight":1.0,"played":[0.8341,0.1659],"evs":[0.0,-0.1642]},"JTo":{"weight":1.0,"played":[0.9999,1.0E-4],"evs":[0.0,-3.08546]},"QTo":{"weight":1.0,"played":[0.9999,1.0E-4],"evs":[0.0,-2.56355]},"KTo":{"weight":1.0,"played":[1.0,0.0],"evs":[0.0,-2.54635]},"ATo":{"weight":1.0,"played":[1.0,0.0],"evs":[0.0,-3.21293]},"J2s":{"weight":1.0,"played":[0.9998,2.0E-4],"evs":[0.0,-2.81379]},"J3s":{"weight":1.0,"played":[0.9997,3.0E-4],"evs":[0.0,-3.05653]},"J4s":{"weight":1.0,"played":[1.0,0.0],"evs":[0.0,-3.79593]},"J5s":{"weight":1.0,"played":[1.0,0.0],"evs":[0.0,-3.52364]},"J6s":{"weight":1.0,"played":[1.0,0.0],"evs":[0.0,-2.78612]},"J7s":{"weight":1.0,"played":[1.0,0.0],"evs":[0.0,-3.10469]},"J8s":{"weight":1.0,"played":[0.9999,1.0E-4],"evs":[0.0,-2.53252]},"J9s":{"weight":1.0,"played":[0.9988,0.0012],"evs":[0.0,-2.39471]},"JTs":{"weight":1.0,"played":[1.0,0.0],"evs":[0.0,-1.56089]},"JJ":{"weight":1.0,"played":[0.0011,0.9989],"evs":[0.0,1.10827]},"QJo":{"weight":1.0,"played":[0.9999,1.0E-4],"evs":[0.0,-2.82458]},"KJo":{"weight":1.0,"played":[0.9996,4.0E-4],"evs":[0.0,-2.72466]},"AJo":{"weight":1.0,"played":[0.9995,5.0E-4],"evs":[0.0,-2.77178]},"Q2s":{"weight":1.0,"played":[1.0,0.0],"evs":[0.0,-2.89942]},"Q3s":{"weight":1.0,"played":[0.9998,2.0E-4],"evs":[0.0,-3.35884]},"Q4s":{"weight":1.0,"played":[0.9993,7.0E-4],"evs":[0.0,-3.86725]},"Q5s":{"weight":1.0,"played":[0.999,0.001],"evs":[0.0,-2.91269]},"Q6s":{"weight":1.0,"played":[0.9997,3.0E-4],"evs":[0.0,-2.95989]},"Q7s":{"weight":1.0,"played":[0.9993,7.0E-4],"evs":[0.0,-2.44486]},"Q8s":{"weight":1.0,"played":[1.0,0.0],"evs":[0.0,-2.86689]},"Q9s":{"weight":1.0,"played":[1.0,0.0],"evs":[0.0,-2.60206]},"QTs":{"weight":1.0,"played":[0.9986,0.0014],"evs":[0.0,-2.01162]},"QJs":{"weight":1.0,"played":[0.9997,3.0E-4],"evs":[0.0,-1.59722]},"QQ":{"weight":1.0,"played":[9.0E-4,0.9991],"evs":[0.0,2.29496]},"KQo":{"weight":1.0,"played":[0.9999,1.0E-4],"evs":[0.0,-2.15425]},"AQo":{"weight":1.0,"played":[0.9993,7.0E-4],"evs":[0.0,-2.83788]},"K2s":{"weight":1.0,"played":[0.9986,0.0014],"evs":[0.0,-3.13708]},"K3s":{"weight":1.0,"played":[1.0,0.0],"evs":[0.0,-3.10764]},"K4s":{"weight":1.0,"played":[0.9998,2.0E-4],"evs":[0.0,-3.74849]},"K5s":{"weight":1.0,"played":[1.0,0.0],"evs":[0.0,-2.84415]},"K6s":{"weight":1.0,"played":[0.9996,4.0E-4],"evs":[0.0,-2.984]},"K7s":{"weight":1.0,"played":[0.9993,7.0E-4],"evs":[0.0,-3.0202]},"K8s":{"weight":1.0,"played":[0.9998,2.0E-4],"evs":[0.0,-3.24157]},"K9s":{"weight":1.0,"played":[0.9999,1.0E-4],"evs":[0.0,-2.53451]},"KTs":{"weight":1.0,"played":[0.9989,0.0011],"evs":[0.0,-1.80587]},"KJs":{"weight":1.0,"played":[1.0,0.0],"evs":[0.0,-1.93949]},"KQs":{"weight":1.0,"played":[0.9659,0.0341],"evs":[0.0,-1.57384]},"KK":{"weight":1.0,"played":[0.0,1.0],"evs":[0.0,3.51379]},"AKo":{"weight":1.0,"played":[0.9987,0.0013],"evs":[0.0,-1.13331]},"A2s":{"weight":1.0,"played":[0.9983,0.0017],"evs":[0.0,-2.52543]},"A3s":{"weight":1.0,"played":[0.9981,0.0019],"evs":[0.0,-3.16606]},"A4s":{"weight":1.0,"played":[0.9999,1.0E-4],"evs":[0.0,-2.75672]},"A5s":{"weight":1.0,"played":[0.9998,2.0E-4],"evs":[0.0,-3.29191]},"A6s":{"weight":1.0,"played":[0.9999,1.0E-4],"evs":[0.0,-3.29613]},"A7s":{"weight":1.0,"played":[0.9995,5.0E-4],"evs":[0.0,-3.23926]},"A8s":{"weight":1.0,"played":[1.0,0.0],"evs":[0.0,-3.28758]},"A9s":{"weight":1.0,"played":[0.9979,0.0021],"evs":[0.0,-2.52748]},"ATs":{"weight":1.0,"played":[0.9969,0.0031],"evs":[0.0,-2.09092]},"AJs":{"weight":1.0,"played":[0.9921,0.0079],"evs":[0.0,-1.51568]},"AQs":{"weight":1.0,"played":[0.9987,0.0013],"evs":[0.0,-1.32699]},"AKs":{"weight":1.0,"played":[0.9976,0.0024],"evs":[0.0,-0.76371]},"AA":{"weight":1.0,"played":[1.0E-4,0.9999],"evs":[0.0,6.9313]}}}