{"player":4,"street":0,"children":2,"sequence":[{"player":0,"type":"R","amount":22880000,"street":0},{"player":1,"type":"C","amount":4640000,"street":0},{"player":2,"type":"C","amount":8160000,"street":0},{"player":3,"type":"C","amount":11680000,"street":0}],"actions":[{"type":"F","amount":0,"node":187},{"type":"R","amount":36960000,"node":190}],"hands":{"22":{"weight":1.0,"played":[0.9981,0.0019],"evs":[0.0,-1.06144]},"32o":{"weight":1.0,"played":[0.9981,0.0019],"evs":[0.0,-2.29998]},"42o":{"weight":1.0,"played":[0.9989,0.0011],"evs":[0.0,-1.91203]},"52o":{"weight":1.0,"played":[1.0,0.0],"evs":[0.0,-1.91344]},"62o":{"weight":1.0,"played":[0.9998,2.0E-4],"evs":[0.0,-2.2629]},"72o":{"weight":1.0,"played":[0.9998,2.0E-4],"evs":[0.0,-2.45042]},"82o":{"weight":1.0,"played":[0.9993,7.0E-4],"evs":[0.0,-2.39765]},"92o":{"weight":1.0,"played":[0.9997,3.0E-4],"evs":[0.0,-2.6612]},"T2o":{"weight":1.0,"played":[0.997,0.003],"evs":[0.0,-2.13383]},"J2o":{"weight":1.0,"played":[0.9988,0.0012],"evs":[0.0,-2.07842]},"Q2o":{"weight":1.0,"played":[0.9997,3.0E-4],"evs":[0.0,-1.67418]},"K2o":{"weight":1.0,"played":[0.9998,2.0E-4],"evs":[0.0,-2.21443]},"A2o":{"weight":1.0,"played":[0.998,0.002],"evs":[0.0,-2.14454]},"32s":{"weight":1.0,"played":[0.9945,0.0055],"evs":[0.0,-0.74811]},"33":{"weight":1.0,"played":[0.9713,0.0287],"evs":[0.0,-0.42436]},"43o":{"weight":1.0,"played":[0.9979,0.0021],"evs":[0.0,-1.31653]},"53o":{"weight":1.0,"played":[0.9988,0.0012],"evs":[0.0,-1.80209]},"63o":{"weight":1.0,"played":[0.9999,1.0E-4],"evs":[0.0,-1.49705]},"73o":{"weight":1.0,"played":[0.9958,0.0042],"evs":[0.0,-1.88537]},"83o":{"weight":1.0,"played":[1.0,0.0],"evs":[0.0,-2.22369]},"93o":{"weight":1.0,"played":[0.9999,1.0E-4],"evs":[0.0,-2.38264]},"T3o":{"weight":1.0,"played":[0.9975,0.0025],"evs":[0.0,-1.94352]},"J3o":{"weight":1.0,"played":[1.0,0.0],"evs":[0.0,-2.61173]},"Q3o":{"weight":1.0,"played":[1.0,0.0],"evs":[0.0,-1.68906]},"K3o":{"weight":1.0,"played":[1.0,0.0],"evs":[0.0,-2.06996]},"A3o":{"weight":1.0,"played":[0.9987,0.0013],"evs":[0.0,-1.54451]},"42s":{"weight":1.0,"played":[0.9517,0.0483],"evs":[0.0,-0.9863]},"43s":{"weight":1.0,"played":[0.915,0.085],"evs":[0.0,-0.94174]},"44":{"weight":1.0,"played":[0.9392,0.0608],"evs":[0.0,-0.42489]},"54o":{"weight":1.0,"played":[0.9888,0.0112],"evs":[0.0,-1.08291]},"64o":{"weight":1.0,"played":[1.0,0.0],"evs":[0.0,-1.5315]},"74o":{"weight":1.0,"played":[0.9997,3.0E-4],"evs":[0.0,-1.5007]},"84o":{"weight":1.0,"played":[0.9995,5.0E-4],"evs":[0.0,-1.72827]},"94o":{"weight":1.0,"played":[1.0,0.0],"evs":[0.0,-1.94218]},"T4o":{"weight":1.0,"played":[0.9999,1.0E-4],"evs":[0.0,-1.88402]},"J4o":{"weight":1.0,"played":[1.0,0.0],"evs":[0.0,-2.08437]},"Q4o":{"weight":1.0,"played":[0.9945,0.0055],"evs":[0.0,-1.73537]},"K4o":{"weight":1.0,"played":[0.9985,0.0015],"evs":[0.0,-2.12533]},"A4o":{"weight":1.0,"played":[0.9927,0.0073],"evs":[0.0,-1.31456]},"52s":{"weight":1.0,"played":[0.9852,0.0148],"evs":[0.0,-1.421]},"53s":{"weight":1.0,"played":[0.9908,0.0092],"evs":[0.0,-0.7236]},"54s":{"weight":1.0,"played":[0.9971,0.0029],"evs":[0.0,-0.11289]},"55":{"weight":1.0,"played":[0.2239,0.7761],"evs":[0.0,0.49408]},"65o":{"weight":1.0,"played":[0.9983,0.0017],"evs":[0.0,-0.33622]},"75o":{"weight":1.0,"played":[0.9982,0.0018],"evs":[0.0,-1.38558]},"85o":{"weight":1.0,"played":[0.9999,1.0E-4],"evs":[0.0,-1.21945]},"95o":{"weight":1.0,"played":[0.9999,1.0E-4],"evs":[0.0,-2.26568]},"T5o":{"weight":1.0,"played":[0.9984,0.0016],"evs":[0.0,-1.9334]},"J5o":{"weight":1.0,"played":[1.0,0.0],"evs":[0.0,-1.64209]},"Q5o":{"weight":1.0,"played":[0.9995,5.0E-4],"evs":[0.0,-1.61631]},"K5o":{"weight":1.0,"played":[0.9935,0.0065],"evs":[0.0,-1.3081]},"A5o":{"weight":1.0,"played":[0.9802,0.0198],"evs":[0.0,-1.17685]},"62s":{"weight":1.0,"played":[0.9998,2.0E-4],"evs":[0.0,-0.87637]},"63s":{"weight":1.0,"played":[0.9556,0.0444],"evs":[0.0,-1.00135]},"64s":{"weight":1.0,"played":[0.9981,0.0019],"evs":[0.0,-0.51935]},"65s":{"weight":1.0,"played":[0.9957,0.0043],"evs":[0.0,-0.27748]},"66":{"weight":1.0,"played":[0.7621,0.2379],"evs":[0.0,0.02986]},"76o":{"weight":1.0,"played":[0.9978,0.0022],"evs":[0.0,-1.83268]},"86o":{"weight":1.0,"played":[0.9986,0.0014],"evs":[0.0,-1.17844]},"96o":{"weight":1.0,"played":[0.9985,0.0015],"evs":[0.0,-1.73467]},"T6o":{"weight":1.0,"played":[0.9999,1.0E-4],"evs":[0.0,-1.67294]},"J6o":{"weight":1.0,"played":[0.9981,0.0019],"evs":[0.0,-2.08349]},"Q6o":{"weight":1.0,"played":[0.9986,0.0014],"evs":[0.0,-1.72231]},"K6o":{"weight":1.0,"played":[0.9985,0.0015],"evs":[0.0,-1.39982]},"A6o":{"weight":1.0,"played":[0.9974,0.0026],"evs":[0.0,-1.27189]},"72s":{"weight":1.0,"played":[0.9955,0.0045],"evs":[0.0,-1.73378]},"73s":{"weight":1.0,"played":[0.9891,0.0109],"evs":[0.0,-1.68405]},"74s":{"weight":1.0,"played":[0.893,0.107],"evs":[0.0,-0.5047]},"75s":{"weight":1.0,"played":[0.8992,0.1008],"evs":[0.0,-0.70561]},"76s":{"weight":1.0,"played":[0.8389,0.1611],"evs":[0.0,0.1216]},"77":{"weight":1.0,"played":[0.003,0.997],"evs":[0.0,0.64296]},"87o":{"weight":1.0,"played":[0.9589,0.0411],"evs":[0.0,-1.22927]},"97o":{"weight":1.0,"played":[0.9983,0.0017],"evs":[0.0,-1.41259]},"T7o":{"weight":1.0,"played":[0.9986,0.0014],"evs":[0.0,-1.665]},"J7o":{"weight":1.0,"played":[0.9959,0.0041],"evs":[0.0,-1.6146]},"Q7o":{"weight":1.0,"played":[0.9994,6.0E-4],"evs":[0.0,-1.76042]},"K7o":{"weight":1.0,"played":[0.9248,0.0752],"evs":[0.0,-0.76259]},"A7o":{"weight":1.0,"played":[0.9915,0.0085],"evs":[0.0,-1.17414]},"82s":{"weight":1.0,"played":[0.9751,0.0249],"evs":[0.0,-1.94634]},"83s":{"weight":1.0,"played":[0.9963,0.0037],"evs":[0.0,-1.4375]},"84s":{"weight":1.0,"played":[0.9724,0.0276],"evs":[0.0,-0.68289]},"85s":{"weight":1.0,"played":[1.0,0.0],"evs":[0.0,-0.64512]},"86s":{"weight":1.0,"played":[0.9442,0.0558],"evs":[0.0,-1.42978]},"87s":{"weight":1.0,"played":[0.7603,0.2397],"evs":[0.0,-1.2248]},"88":{"weight":1.0,"played":[0.0,1.0],"evs":[0.0,0.67652]},"98o":{"weight":1.0,"played":[1.0,0.0],"evs":[0.0,-0.84549]},"T8o":{"weight":1.0,"played":[1.0,0.0],"evs":[0.0,-1.35198]},"J8o":{"weight":1.0,"played":[0.9999,1.0E-4],"evs":[0.0,-2.1796]},"Q8o":{"weight":1.0,"played":[0.9994,6.0E-4],"evs":[0.0,-1.35085]},"K8o":{"weight":1.0,"played":[0.9992,8.0E-4],"evs":[0.0,-1.96225]},"A8o":{"weight":1.0,"played":[0.9878,0.0122],"evs":[0.0,-1.06304]},"92s":{"weight":1.0,"played":[0.9708,0.0292],"evs":[0.0,-2.31478]},"93s":{"weight":1.0,"played":[0.9999,1.0E-4],"evs":[0.0,-1.98485]},"94s":{"weight":1.0,"played":[1.0,0.0],"evs":[0.0,-1.39114]},"95s":{"weight":1.0,"played":[0.9972,0.0028],"evs":[0.0,-1.52582]},"96s":{"weight":1.0,"played":[0.7189,0.2811],"evs":[0.0,-0.69873]},"97s":{"weight":1.0,"played":[0.8869,0.1131],"evs":[0.0,-1.37167]},"98s":{"weight":1.0,"played":[0.6028,0.3972],"evs":[0.0,-0.2917]},"99":{"weight":1.0,"played":[8.0E-4,0.9992],"evs":[0.0,1.5648]},"T9o":{"weight":1.0,"played":[0.9987,0.0013],"evs":[0.0,-1.80495]},"J9o":{"weight":1.0,"played":[0.9994,6.0E-4],"evs":[0.0,-1.10414]},"Q9o":{"weight":1.0,"played":[0.9992,8.0E-4],"evs":[0.0,-1.65826]},"K9o":{"weight":1.0,"played":[0.9844,0.0156],"evs":[0.0,-1.61217]},"A9o":{"weight":1.0,"played":[0.9876,0.0124],"evs":[0.0,-0.79194]},"T2s":{"weight":1.0,"played":[1.0,0.0],"evs":[0.0,-2.11882]},"T3s":{"weight":1.0,"played":[0.9991,9.0E-4],"evs":[0.0,-1.42025]},"T4s":{"weight":1.0,"played":[0.9443,0.0557],"evs":[0.0,-0.8147]},"T5s":{"weight":1.0,"played":[0.9984,0.0016],"evs":[0.0,-1.049]},"T6s":{"weight":1.0,"played":[0.9958,0.0042],"evs":[0.0,-2.58337]},"T7s":{"weight":1.0,"played":[0.9548,0.0452],"evs":[0.0,-1.47624]},"T8s":{"weight":1.0,"played":[0.9007,0.0993],"evs":[0.0,-0.54471]},"T9s":{"weight":1.0,"played":[0.4492,0.5508],"evs":[0.0,-0.2309]},"TT":{"weight":1.0,"played":[1.0E-4,0.9999],"evs":[0.0,1.73525]},"JTo":{"weight":1.0,"played":[0.9891,0.0109],"evs":[0.0,-1.05842]},"QTo":{"weight":1.0,"played":[0.9815,0.0185],"evs":[0.0,-1.94013]},"KTo":{"weight":1.0,"played":[0.9989,0.0011],"evs":[0.0,-1.10693]},"ATo":{"weight":1.0,"played":[0.9969,0.0031],"evs":[0.0,-0.55463]},"J2s":{"weight":1.0,"played":[0.9992,8.0E-4],"evs":[0.0,-1.85786]},"J3s":{"weight":1.0,"played":[0.8905,0.1095],"evs":[0.0,-0.73747]},"J4s":{"weight":1.0,"played":[0.7025,0.2975],"evs":[0.0,-0.01195]},"J5s":{"weight":1.0,"played":[0.9935,0.0065],"evs":[0.0,-0.72232]},"J6s":{"weight":1.0,"played":[0.9976,0.0024],"evs":[0.0,-0.87649]},"J7s":{"weight":1.0,"played":[0.8078,0.1922],"evs":[0.0,-0.78158]},"J8s":{"weight":1.0,"played":[0.8549,0.1451],"evs":[0.0,-0.5638]},"J9s":{"weight":1.0,"played":[0.899,0.101],"evs":[0.0,-1.25456]},"JTs":{"weight":1.0,"played":[0.1754,0.8246],"evs":[0.0,-0.21725]},"JJ":{"weight":1.0,"played":[0.0,1.0],"evs":[0.0,4.07059]},"QJo":{"weight":1.0,"played":[0.9075,0.0925],"evs":[0.0,-1.01024]},"KJo":{"weight":1.0,"played":[0.987,0.013],"evs":[0.0,-0.93529]},"AJo":{"weight":1.0,"played":[0.928,0.072],"evs":[0.0,-0.2903]},"Q2s":{"weight":1.0,"played":[0.9869,0.0131],"evs":[0.0,-1.54717]},"Q3s":{"weight":1.0,"played":[0.9994,6.0E-4],"evs":[0.0,-1.34406]},"Q4s":{"weight":1.0,"played":[0.779,0.221],"evs":[0.0,-0.43347]},"Q5s":{"weight":1.0,"played":[0.9687,0.0313],"evs":[0.0,-1.17719]},"Q6s":{"weight":1.0,"played":[0.9259,0.0741],"evs":[0.0,-1.14746]},"Q7s":{"weight":1.0,"played":[0.6777,0.3223],"evs":[0.0,-0.46426]},"Q8s":{"weight":1.0,"played":[0.9552,0.0448],"evs":[0.0,-1.37741]},"Q9s":{"weight":1.0,"played":[0.8737,0.1263],"evs":[0.0,-1.28911]},"QTs":{"weight":1.0,"played":[0.4796,0.5204],"evs":[0.0,-0.69662]},"QJs":{"weight":1.0,"played":[0.9201,0.0799],"evs":[0.0,-0.93034]},"QQ":{"weight":1.0,"played":[1.0E-4,0.9999],"evs":[0.0,4.67011]},"KQo":{"weight":1.0,"played":[0.813,0.187],"evs":[0.0,-0.3926]},"AQo":{"weight":1.0,"played":[0.092,0.908],"evs":[0.0,0.19284]},"K2s":{"weight":1.0,"played":[0.9703,0.0297],"evs":[0.0,-1.56758]},"K3s":{"weight":1.0,"played":[0.8007,0.1993],"evs":[0.0,0.23079]},"K4s":{"weight":1.0,"played":[0.9614,0.0386],"evs":[0.0,-1.01317]},"K5s":{"weight":1.0,"played":[0.9774,0.0226],"evs":[0.0,-0.84013]},"K6s":{"weight":1.0,"played":[0.834,0.166],"evs":[0.0,-0.57644]},"K7s":{"weight":1.0,"played":[0.9214,0.0786],"evs":[0.0,-0.51294]},"K8s":{"weight":1.0,"played":[0.8166,0.1834],"evs":[0.0,-0.20796]},"K9s":{"weight":1.0,"played":[0.7258,0.2742],"evs":[0.0,-0.24878]},"KTs":{"weight":1.0,"played":[0.4897,0.5103],"evs":[0.0,-0.85931]},"KJs":{"weight":1.0,"played":[0.635,0.365],"evs":[0.0,-0.20478]},"KQs":{"weight":1.0,"played":[0.9831,0.0169],"evs":[0.0,-0.53538]},"KK":{"weight":1.0,"played":[0.0,1.0],"evs":[0.0,6.24725]},"AKo":{"weight":1.0,"played":[0.0088,0.9912],"evs":[0.0,0.31952]},"A2s":{"weight":1.0,"played":[0.8683,0.1317],"evs":[0.0,-0.36818]},"A3s":{"weight":1.0,"played":[0.7226,0.2774],"evs":[0.0,-0.15744]},"A4s":{"weight":1.0,"played":[0.9113,0.0887],"evs":[0.0,-0.40496]},"A5s":{"weight":1.0,"played":[0.5829,0.4171],"evs":[0.0,0.52715]},"A6s":{"weight":1.0,"played":[0.6759,0.3241],"evs":[0.0,-0.79273]},"A7s":{"weight":1.0,"played":[0.8545,0.1455],"evs":[0.0,-0.45044]},"A8s":{"weight":1.0,"played":[0.6691,0.3309],"evs":[0.0,-0.41218]},"A9s":{"weight":1.0,"played":[0.9962,0.0038],"evs":[0.0,-0.47516]},"ATs":{"weight":1.0,"played":[0.0022,0.9978],"evs":[0.0,0.9976]},"AJs":{"weight":1.0,"played":[0.7618,0.2382],"evs":[0.0,0.02323]},"AQs":{"weight":1.0,"played":[0.8033,0.1967],"evs":[0.0,0.18328]},"AKs":{"weight":1.0,"played":[3.0E-4,0.9997],"evs":[0.0,1.54073]},"AA":{"weight":1.0,"played":[3.0E-4,0.9997],"evs":[0.0,7.81986]}}}