{"player":6,"street":0,"children":2,"sequence":[{"player":0,"type":"R","amount":22880000,"street":0},{"player":1,"type":"C","amount":4640000,"street":0},{"player":2,"type":"C","amount":8160000,"street":0},{"player":3,"type":"C","amount":11680000,"street":0},{"player":4,"type":"F","amount":0,"street":0},{"player":5,"type":"C","amount":21280000,"street":0}],"actions":[{"type":"F","amount":0},{"type":"C","amount":15520000}],"hands":{"22":{"weight":1.0,"played":[0.9874,0.0126],"evs":[0.0,-2.04974]},"32o":{"weight":1.0,"played":[0.9843,0.0157],"evs":[0.0,-3.29794]},"42o":{"weight":1.0,"played":[0.9992,8.0E-4],"evs":[0.0,-3.59148]},"52o":{"weight":1.0,"played":[0.991,0.009],"evs":[0.0,-1.65139]},"62o":{"weight":1.0,"played":[0.9708,0.0292],"evs":[0.0,-4.1886]},"72o":{"weight":1.0,"played":[1.0,0.0],"evs":[0.0,-4.04228]},"82o":{"weight":1.0,"played":[1.0,0.0],"evs":[0.0,-3.52294]},"92o":{"weight":1.0,"played":[0.9998,2.0E-4],"evs":[0.0,-3.1388]},"T2o":{"weight":1.0,"played":[0.9976,0.0024],"evs":[0.0,-4.72098]},"J2o":{"weight":1.0,"played":[0.9843,0.0157],"evs":[0.0,-2.68218]},"Q2o":{"weight":1.0,"played":[0.9638,0.0362],"evs":[0.0,-2.5228]},"K2o":{"weight":1.0,"played":[0.9996,4.0E-4],"evs":[0.0,-2.61186]},"A2o":{"weight":1.0,"played":[0.9662,0.0338],"evs":[0.0,-4.34029]},"32s":{"weight":1.0,"played":[0.7564,0.2436],"evs":[0.0,-1.41637]},"33":{"weight":1.0,"played":[0.9372,0.0628],"evs":[0.0,-1.8683]},"43o":{"weight":1.0,"played":[0.999,0.001],"evs":[0.0,-2.85959]},"53o":{"weight":1.0,"played":[0.9986,0.0014],"evs":[0.0,-1.91293]},"63o":{"weight":1.0,"played":[0.9648,0.0352],"evs":[0.0,-1.44908]},"73o":{"weight":1.0,"played":[0.9995,5.0E-4],"evs":[0.0,-3.32002]},"83o":{"weight":1.0,"played":[0.9886,0.0114],"evs":[0.0,-1.75002]},"93o":{"weight":1.0,"played":[0.9995,5.0E-4],"evs":[0.0,-2.92539]},"T3o":{"weight":1.0,"played":[0.9232,0.0768],"evs":[0.0,-3.97481]},"J3o":{"weight":1.0,"played":[0.9879,0.0121],"evs":[0.0,-3.44085]},"Q3o":{"weight":1.0,"played":[0.993,0.007],"evs":[0.0,-1.46807]},"K3o":{"weight":1.0,"played":[1.0,0.0],"evs":[0.0,-4.36113]},"A3o":{"weight":1.0,"played":[0.9667,0.0333],"evs":[0.0,-3.0364]},"42s":{"weight":1.0,"played":[0.9231,0.0769],"evs":[0.0,-2.12656]},"43s":{"weight":1.0,"played":[0.9283,0.0717],"evs":[0.0,0.67741]},"44":{"weight":1.0,"played":[0.988,0.012],"evs":[0.0,-1.27525]},"54o":{"weight":1.0,"played":[0.9991,9.0E-4],"evs":[0.0,-2.16404]},"64o":{"weight":1.0,"played":[0.9391,0.0609],"evs":[0.0,-2.96461]},"74o":{"weight":1.0,"played":[0.9999,1.0E-4],"evs":[0.0,-1.86577]},"84o":{"weight":1.0,"played":[0.9999,1.0E-4],"evs":[0.0,-3.10584]},"94o":{"weight":1.0,"played":[0.9914,0.0086],"evs":[0.0,-2.58799]},"T4o":{"weight":1.0,"played":[0.9875,0.0125],"evs":[0.0,-3.19983]},"J4o":{"weight":1.0,"played":[0.9993,7.0E-4],"evs":[0.0,-4.2336]},"Q4o":{"weight":1.0,"played":[0.9778,0.0222],"evs":[0.0,-2.78783]},"K4o":{"weight":1.0,"played":[0.9908,0.0092],"evs":[0.0,-2.50466]},"A4o":{"weight":1.0,"played":[0.9982,0.0018],"evs":[0.0,-3.11883]},"52s":{"weight":1.0,"played":[0.9993,7.0E-4],"evs":[0.0,-4.35108]},"53s":{"weight":1.0,"played":[0.8679,0.1321],"evs":[0.0,-1.82367]},"54s":{"weight":1.0,"played":[0.9101,0.0899],"evs":[0.0,-2.65276]},"55":{"weight":1.0,"played":[0.3939,0.6061],"evs":[0.0,-0.78858]},"65o":{"weight":1.0,"played":[0.6916,0.3084],"evs":[0.0,-1.28766]},"75o":{"weight":1.0,"played":[0.9986,0.0014],"evs":[0.0,-2.28708]},"85o":{"weight":1.0,"played":[0.9928,0.0072],"evs":[0.0,-3.89206]},"95o":{"weight":1.0,"played":[1.0,0.0],"evs":[0.0,-2.84963]},"T5o":{"weight":1.0,"played":[0.9998,2.0E-4],"evs":[0.0,-3.12805]},"J5o":{"weight":1.0,"played":[0.9923,0.0077],"evs":[0.0,-4.40464]},"Q5o":{"weight":1.0,"played":[0.9788,0.0212],"evs":[0.0,-4.44742]},"K5o":{"weight":1.0,"played":[0.9948,0.0052],"evs":[0.0,-3.95804]},"A5o":{"weight":1.0,"played":[0.9842,0.0158],"evs":[0.0,-4.30062]},"62s":{"weight":1.0,"played":[0.8802,0.1198],"evs":[0.0,-1.64706]},"63s":{"weight":1.0,"played":[0.906,0.094],"evs":[0.0,-3.76116]},"64s":{"weight":1.0,"played":[0.6806,0.3194],"evs":[0.0,-0.51164]},"65s":{"weight":1.0,"played":[0.6986,0.3014],"evs":[0.0,0.83082]},"66":{"weight":1.0,"played":[0.2514,0.7486],"evs":[0.0,-0.12029]},"76o":{"weight":1.0,"played":[0.9918,0.0082],"evs":[0.0,-1.96555]},"86o":{"weight":1.0,"played":[0.9887,0.0113],"evs":[0.0,-2.87206]},"96o":{"weight":1.0,"played":[0.9973,0.0027],"evs":[0.0,-2.01134]},"T6o":{"weight":1.0,"played":[0.9998,2.0E-4],"evs":[0.0,-4.268]},"J6o":{"weight":1.0,"played":[0.9465,0.0535],"evs":[0.0,-2.56985]},"Q6o":{"weight":1.0,"played":[0.9907,0.0093],"evs":[0.0,-3.65229]},"K6o":{"weight":1.0,"played":[0.9995,5.0E-4],"evs":[0.0,-3.37783]},"A6o":{"weight":1.0,"played":[0.9837,0.0163],"evs":[0.0,-2.69655]},"72s":{"weight":1.0,"played":[0.9089,0.0911],"evs":[0.0,-3.96697]},"73s":{"weight":1.0,"played":[0.8136,0.1864],"evs":[0.0,-1.59605]},"74s":{"weight":1.0,"played":[0.7839,0.2161],"evs":[0.0,-2.42034]},"75s":{"weight":1.0,"played":[0.9347,0.0653],"evs":[0.0,-2.12383]},"76s":{"weight":1.0,"played":[0.5667,0.4333],"evs":[0.0,-0.86079]},"77":{"weight":1.0,"played":[0.9118,0.0882],"evs":[0.0,-0.25074]},"87o":{"weight":1.0,"played":[0.9762,0.0238],"evs":[0.0,-1.65738]},"97o":{"weight":1.0,"played":[0.98,0.02],"evs":[0.0,-0.88666]},"T7o":{"weight":1.0,"played":[0.9487,0.0513],"evs":[0.0,-2.21837]},"J7o":{"weight":1.0,"played":[0.942,0.058],"evs":[0.0,-2.81266]},"Q7o":{"weight":1.0,"played":[0.9887,0.0113],"evs":[0.0,-1.56418]},"K7o":{"weight":1.0,"played":[0.9993,7.0E-4],"evs":[0.0,-3.52361]},"A7o":{"weight":1.0,"played":[1.0,0.0],"evs":[0.0,-2.337]},"82s":{"weight":1.0,"played":[0.9958,0.0042],"evs":[0.0,-2.9419]},"83s":{"weight":1.0,"played":[0.5812,0.4188],"evs":[0.0,-1.51092]},"84s":{"weight":1.0,"played":[0.9985,0.0015],"evs":[0.0,-3.29403]},"85s":{"weight":1.0,"played":[0.9951,0.0049],"evs":[0.0,-6.40467]},"86s":{"weight":1.0,"played":[0.997,0.003],"evs":[0.0,-3.55528]},"87s":{"weight":1.0,"played":[0.559,0.441],"evs":[0.0,-0.31276]},"88":{"weight":1.0,"played":[0.9488,0.0512],"evs":[0.0,-2.96416]},"98o":{"weight":1.0,"played":[0.9861,0.0139],"evs":[0.0,-1.76971]},"T8o":{"weight":1.0,"played":[0.9951,0.0049],"evs":[0.0,-4.63448]},"J8o":{"weight":1.0,"played":[0.9993,7.0E-4],"evs":[0.0,-3.62711]},"Q8o":{"weight":1.0,"played":[0.9991,9.0E-4],"evs":[0.0,-4.02792]},"K8o":{"weight":1.0,"played":[1.0,0.0],"evs":[0.0,-3.98725]},"A8o":{"weight":1.0,"played":[0.9999,1.0E-4],"evs":[0.0,-1.59825]},"92s":{"weight":1.0,"played":[0.9747,0.0253],"evs":[0.0,-2.60236]},"93s":{"weight":1.0,"played":[1.0,0.0],"evs":[0.0,-3.77617]},"94s":{"weight":1.0,"played":[0.5601,0.4399],"evs":[0.0,-2.07616]},"95s":{"weight":1.0,"played":[0.4865,0.5135],"evs":[0.0,0.64247]},"96s":{"weight":1.0,"played":[0.9169,0.0831],"evs":[0.0,-1.99441]},"97s":{"weight":1.0,"played":[0.8734,0.1266],"evs":[0.0,-3.63537]},"98s":{"weight":1.0,"played":[0.2588,0.7412],"evs":[0.0,1.99436]},"99":{"weight":1.0,"played":[0.8357,0.1643],"evs":[0.0,-2.42728]},"T9o":{"weight":1.0,"played":[0.9992,8.0E-4],"evs":[0.0,-3.3558]},"J9o":{"weight":1.0,"played":[0.9976,0.0024],"evs":[0.0,-3.73127]},"Q9o":{"weight":1.0,"played":[0.9966,0.0034],"evs":[0.0,-2.19651]},"K9o":{"weight":1.0,"played":[1.0,0.0],"evs":[0.0,-3.60029]},"A9o":{"weight":1.0,"played":[0.9861,0.0139],"evs":[0.0,-4.5057]},"T2s":{"weight":1.0,"played":[0.9779,0.0221],"evs":[0.0,-1.59557]},"T3s":{"weight":1.0,"played":[1.0,0.0],"evs":[0.0,-1.71908]},"T4s":{"weight":1.0,"played":[0.9673,0.0327],"evs":[0.0,-2.50286]},"T5s":{"weight":1.0,"played":[1.0,0.0],"evs":[0.0,-4.89851]},"T6s":{"weight":1.0,"played":[0.9949,0.0051],"evs":[0.0,-2.2947]},"T7s":{"weight":1.0,"played":[0.5998,0.4002],"evs":[0.0,-2.14145]},"T8s":{"weight":1.0,"played":[0.9037,0.0963],"evs":[0.0,-1.0024]},"T9s":{"weight":1.0,"played":[0.9993,7.0E-4],"evs":[0.0,-4.02136]},"TT":{"weight":1.0,"played":[0.6561,0.3439],"evs":[0.0,-0.96323]},"JTo":{"weight":1.0,"played":[0.9951,0.0049],"evs":[0.0,-2.56499]},"QTo":{"weight":1.0,"played":[0.9825,0.0175],"evs":[0.0,-3.16087]},"KTo":{"weight":1.0,"played":[0.9873,0.0127],"evs":[0.0,-3.45586]},"ATo":{"weight":1.0,"played":[0.9187,0.0813],"evs":[0.0,-2.3451]},"J2s":{"weight":1.0,"played":[0.9819,0.0181],"evs":[0.0,-3.11844]},"J3s":{"weight":1.0,"played":[0.9799,0.0201],"evs":[0.0,-4.3032]},"J4s":{"weight":1.0,"played":[0.933,0.067],"evs":[0.0,-4.85742]},"J5s":{"weight":1.0,"played":[0.9623,0.0377],"evs":[0.0,-0.69432]},"J6s":{"weight":1.0,"played":[0.7184,0.2816],"evs":[0.0,-2.12277]},"J7s":{"weight":1.0,"played":[0.9999,1.0E-4],"evs":[0.0,-2.406]},"J8s":{"weight":1.0,"played":[0.9935,0.0065],"evs":[0.0,-3.62431]},"J9s":{"weight":1.0,"played":[0.8649,0.1351],"evs":[0.0,-1.83989]},"JTs":{"weight":1.0,"played":[0.8746,0.1254],"evs":[0.0,-0.29307]},"JJ":{"weight":1.0,"played":[0.6089,0.3911],"evs":[0.0,1.41279]},"QJo":{"weight":1.0,"played":[0.9614,0.0386],"evs":[0.0,-2.89715]},"KJo":{"weight":1.0,"played":[0.8833,0.1167],"evs":[0.0,-2.24237]},"AJo":{"weight":1.0,"played":[1.0,0.0],"evs":[0.0,-1.07243]},"Q2s":{"weight":1.0,"played":[0.6647,0.3353],"evs":[0.0,0.40892]},"Q3s":{"weight":1.0,"played":[0.9925,0.0075],"evs":[0.0,-4.84499]},"Q4s":{"weight":1.0,"played":[0.9567,0.0433],"evs":[0.0,-4.25284]},"Q5s":{"weight":1.0,"played":[0.8403,0.1597],"evs":[0.0,-2.21003]},"Q6s":{"weight":1.0,"played":[0.9718,0.0282],"evs":[0.0,-4.41874]},"Q7s":{"weight":1.0,"played":[0.9496,0.0504],"evs":[0.0,-1.74066]},"Q8s":{"weight":1.0,"played":[0.8841,0.1159],"evs":[0.0,-3.18513]},"Q9s":{"weight":1.0,"played":[0.6108,0.3892],"evs":[0.0,-0.74409]},"QTs":{"weight":1.0,"played":[0.5586,0.4414],"evs":[0.0,-1.56192]},"QJs":{"weight":1.0,"played":[0.9217,0.0783],"evs":[0.0,-1.89883]},"QQ":{"weight":1.0,"played":[0.0331,0.9669],"evs":[0.0,4.42866]},"KQo":{"weight":1.0,"played":[0.794,0.206],"evs":[0.0,-2.60856]},"AQo":{"weight":1.0,"played":[0.9981,0.0019],"evs":[0.0,-1.24581]},"K2s":{"weight":1.0,"played":[1.0,0.0],"evs":[0.0,-2.62054]},"K3s":{"weight":1.0,"played":[0.9112,0.0888],"evs":[0.0,-0.82597]},"K4s":{"weight":1.0,"played":[0.9436,0.0564],"evs":[0.0,-4.6853]},"K5s":{"weight":1.0,"played":[0.9967,0.0033],"evs":[0.0,-3.39097]},"K6s":{"weight":1.0,"played":[0.9993,7.0E-4],"evs":[0.0,-5.04396]},"K7s":{"weight":1.0,"played":[0.9825,0.0175],"evs":[0.0,-3.62409]},"K8s":{"weight":1.0,"played":[0.4304,0.5696],"evs":[0.0,0.12611]},"K9s":{"weight":1.0,"played":[0.9992,8.0E-4],"evs":[0.0,-2.87632]},"KTs":{"weight":1.0,"played":[0.8222,0.1778],"evs":[0.0,-3.03914]},"KJs":{"weight":1.0,"played":[0.0761,0.9239],"evs":[0.0,2.9891]},"KQs":{"weight":1.0,"played":[0.822,0.178],"evs":[0.0,-2.3662]},"KK":{"weight":1.0,"played":[0.0162,0.9838],"evs":[0.0,4.46139]},"AKo":{"weight":1.0,"played":[0.9003,0.0997],"evs":[0.0,-3.37587]},"A2s":{"weight":1.0,"played":[0.5223,0.4777],"evs":[0.0,0.85957]},"A3s":{"weight":1.0,"played":[0.5496,0.4504],"evs":[0.0,1.74266]},"A4s":{"weight":1.0,"played":[0.7859,0.2141],"evs":[0.0,-1.79676]},"A5s":{"weight":1.0,"played":[1.0,0.0],"evs":[0.0,-6.46397]},"A6s":{"weight":1.0,"played":[0.786,0.214],"evs":[0.0,-3.68397]},"A7s":{"weight":1.0,"played":[0.9106,0.0894],"evs":[0.0,-5.59588]},"A8s":{"weight":1.0,"played":[0.8823,0.1177],"evs":[0.0,-3.06041]},"A9s":{"weight":1.0,"played":[0.9519,0.0481],"evs":[0.0,-1.89846]},"ATs":{"weight":1.0,"played":[0.553,0.447],"evs":[0.0,-2.37647]},"AJs":{"weight":1.0,"played":[0.7313,0.2687],"evs":[0.0,-0.55598]},"AQs":{"weight":1.0,"played":[0.3394,0.6606],"evs":[0.0,2.02161]},"AKs":{"weight":1.0,"played":[0.7232,0.2768],"evs":[0.0,-1.43385]},"AA":{"weight":1.0,"played":[0.0628,0.9372],"evs":[0.0,4.66943]}}}