{"player":6,"street":0,"children":2,"sequence":[{"player":0,"type":"F","amount":0,"street":0},{"player":1,"type":"F","amount":0,"street":0},{"player":2,"type":"F","amount":0,"street":0},{"player":3,"type":"R","amount":11680000,"street":0},{"player":4,"type":"R","amount":36960000,"street":0},{"player":5,"type":"F","amount":0,"street":0}],"actions":[{"type":"F","amount":0},{"type":"C","amount":15520000}],"hands":{"22":{"weight":1.0,"played":[1.0,0.0],"evs":[0.0,-1.87555]},"32o":{"weight":1.0,"played":[1.0,0.0],"evs":[0.0,-3.84781]},"42o":{"weight":1.0,"played":[1.0,0.0],"evs":[0.0,-3.81533]},"52o":{"weight":1.0,"played":[1.0,0.0],"evs":[0.0,-3.69478]},"62o":{"weight":1.0,"played":[1.0,0.0],"evs":[0.0,-3.85606]},"72o":{"weight":1.0,"played":[1.0,0.0],"evs":[0.0,-3.94892]},"82o":{"weight":1.0,"played":[1.0,0.0],"evs":[0.0,-3.69471]},"92o":{"weight":1.0,"played":[1.0,0.0],"evs":[0.0,-3.60946]},"T2o":{"weight":1.0,"played":[1.0,0.0],"evs":[0.0,-3.61717]},"J2o":{"weight":1.0,"played":[1.0,0.0],"evs":[0.0,-3.73402]},"Q2o":{"weight":1.0,"played":[1.0,0.0],"evs":[0.0,-3.52443]},"K2o":{"weight":1.0,"played":[1.0,0.0],"evs":[0.0,-2.9699]},"A2o":{"weight":1.0,"played":[1.0,0.0],"evs":[0.0,-2.89204]},"32s":{"weight":1.0,"played":[1.0,0.0],"evs":[0.0,-3.20771]},"33":{"weight":1.0,"played":[1.0,0.0],"evs":[0.0,-1.73063]},"43o":{"weight":1.0,"played":[1.0,0.0],"evs":[0.0,-3.54295]},"53o":{"weight":1.0,"played":[1.0,0.0],"evs":[0.0,-3.47188]},"63o":{"weight":1.0,"played":[1.0,0.0],"evs":[0.0,-3.60124]},"73o":{"weight":1.0,"played":[1.0,0.0],"evs":[0.0,-3.70799]},"83o":{"weight":1.0,"played":[1.0,0.0],"evs":[0.0,-3.68523]},"93o":{"weight":1.0,"played":[1.0,0.0],"evs":[0.0,-3.53799]},"T3o":{"weight":1.0,"played":[1.0,0.0],"evs":[0.0,-3.51796]},"J3o":{"weight":1.0,"played":[1.0,0.0],"evs":[0.0,-3.61093]},"Q3o":{"weight":1.0,"played":[1.0,0.0],"evs":[0.0,-3.41715]},"K3o":{"weight":1.0,"played":[1.0,0.0],"evs":[0.0,-2.89232]},"A3o":{"weight":1.0,"played":[1.0,0.0],"evs":[0.0,-2.89545]},"42s":{"weight":1.0,"played":[1.0,0.0],"evs":[0.0,-3.03132]},"43s":{"weight":1.0,"played":[1.0,0.0],"evs":[0.0,-2.86773]},"44":{"weight":1.0,"played":[1.0,0.0],"evs":[0.0,-1.54513]},"54o":{"weight":1.0,"played":[1.0,0.0],"evs":[0.0,-3.16429]},"64o":{"weight":1.0,"played":[1.0,0.0],"evs":[0.0,-3.36074]},"74o":{"weight":1.0,"played":[1.0,0.0],"evs":[0.0,-3.36427]},"84o":{"weight":1.0,"played":[1.0,0.0],"evs":[0.0,-3.42982]},"94o":{"weight":1.0,"played":[1.0,0.0],"evs":[0.0,-3.53552]},"T4o":{"weight":1.0,"played":[1.0,0.0],"evs":[0.0,-3.48529]},"J4o":{"weight":1.0,"played":[1.0,0.0],"evs":[0.0,-3.54766]},"Q4o":{"weight":1.0,"played":[1.0,0.0],"evs":[0.0,-3.37723]},"K4o":{"weight":1.0,"played":[1.0,0.0],"evs":[0.0,-2.84477]},"A4o":{"weight":1.0,"played":[1.0,0.0],"evs":[0.0,-2.80659]},"52s":{"weight":1.0,"played":[1.0,0.0],"evs":[0.0,-3.0213]},"53s":{"weight":1.0,"played":[1.0,0.0],"evs":[0.0,-2.66933]},"54s":{"weight":1.0,"played":[1.0,0.0],"evs":[0.0,-2.47024]},"55":{"weight":1.0,"played":[1.0,0.0],"evs":[0.0,-1.35789]},"65o":{"weight":1.0,"played":[1.0,0.0],"evs":[0.0,-3.07373]},"75o":{"weight":1.0,"played":[1.0,0.0],"evs":[0.0,-3.17871]},"85o":{"weight":1.0,"played":[1.0,0.0],"evs":[0.0,-3.24513]},"95o":{"weight":1.0,"played":[1.0,0.0],"evs":[0.0,-3.30179]},"T5o":{"weight":1.0,"played":[1.0,0.0],"evs":[0.0,-3.5075]},"J5o":{"weight":1.0,"played":[1.0,0.0],"evs":[0.0,-3.57061]},"Q5o":{"weight":1.0,"played":[1.0,0.0],"evs":[0.0,-3.3542]},"K5o":{"weight":1.0,"played":[1.0,0.0],"evs":[0.0,-2.81771]},"A5o":{"weight":1.0,"played":[1.0,0.0],"evs":[0.0,-2.68568]},"62s":{"weight":1.0,"played":[1.0,0.0],"evs":[0.0,-3.0735]},"63s":{"weight":1.0,"played":[1.0,0.0],"evs":[0.0,-2.84774]},"64s":{"weight":1.0,"played":[1.0,0.0],"evs":[0.0,-2.59265]},"65s":{"weight":1.0,"played":[1.0,0.0],"evs":[0.0,-2.50292]},"66":{"weight":1.0,"played":[0.9999,1.0E-4],"evs":[0.0,-0.72469]},"76o":{"weight":1.0,"played":[1.0,0.0],"evs":[0.0,-2.87105]},"86o":{"weight":1.0,"played":[1.0,0.0],"evs":[0.0,-2.87364]},"96o":{"weight":1.0,"played":[1.0,0.0],"evs":[0.0,-2.95523]},"T6o":{"weight":1.0,"played":[1.0,0.0],"evs":[0.0,-3.16186]},"J6o":{"weight":1.0,"played":[1.0,0.0],"evs":[0.0,-3.48652]},"Q6o":{"weight":1.0,"played":[1.0,0.0],"evs":[0.0,-3.14417]},"K6o":{"weight":1.0,"played":[1.0,0.0],"evs":[0.0,-2.65558]},"A6o":{"weight":1.0,"played":[1.0,0.0],"evs":[0.0,-2.79552]},"72s":{"weight":1.0,"played":[1.0,0.0],"evs":[0.0,-3.16533]},"73s":{"weight":1.0,"played":[1.0,0.0],"evs":[0.0,-2.97039]},"74s":{"weight":1.0,"played":[1.0,0.0],"evs":[0.0,-2.71876]},"75s":{"weight":1.0,"played":[1.0,0.0],"evs":[0.0,-2.4007]},"76s":{"weight":1.0,"played":[1.0,0.0],"evs":[0.0,-2.15873]},"77":{"weight":1.0,"played":[0.2822,0.7178],"evs":[0.0,-0.00719]},"87o":{"weight":1.0,"played":[1.0,0.0],"evs":[0.0,-2.53291]},"97o":{"weight":1.0,"played":[1.0,0.0],"evs":[0.0,-2.57987]},"T7o":{"weight":1.0,"played":[1.0,0.0],"evs":[0.0,-2.75816]},"J7o":{"weight":1.0,"played":[1.0,0.0],"evs":[0.0,-3.11369]},"Q7o":{"weight":1.0,"played":[1.0,0.0],"evs":[0.0,-3.08347]},"K7o":{"weight":1.0,"played":[1.0,0.0],"evs":[0.0,-2.54431]},"A7o":{"weight":1.0,"played":[1.0,0.0],"evs":[0.0,-2.5484]},"82s":{"weight":1.0,"played":[1.0,0.0],"evs":[0.0,-2.99556]},"83s":{"weight":1.0,"played":[1.0,0.0],"evs":[0.0,-3.00576]},"84s":{"weight":1.0,"played":[1.0,0.0],"evs":[0.0,-2.71325]},"85s":{"weight":1.0,"played":[1.0,0.0],"evs":[0.0,-2.55179]},"86s":{"weight":1.0,"played":[1.0,0.0],"evs":[0.0,-2.16109]},"87s":{"weight":1.0,"played":[1.0,0.0],"evs":[0.0,-1.87375]},"88":{"weight":1.0,"played":[0.0,1.0],"evs":[0.0,0.72254]},"98o":{"weight":1.0,"played":[1.0,0.0],"evs":[0.0,-2.27605]},"T8o":{"weight":1.0,"played":[1.0,0.0],"evs":[0.0,-2.43416]},"J8o":{"weight":1.0,"played":[1.0,0.0],"evs":[0.0,-2.75218]},"Q8o":{"weight":1.0,"played":[1.0,0.0],"evs":[0.0,-2.73729]},"K8o":{"weight":1.0,"played":[1.0,0.0],"evs":[0.0,-2.3594]},"A8o":{"weight":1.0,"played":[1.0,0.0],"evs":[0.0,-2.24038]},"92s":{"weight":1.0,"played":[1.0,0.0],"evs":[0.0,-2.83804]},"93s":{"weight":1.0,"played":[1.0,0.0],"evs":[0.0,-2.82723]},"94s":{"weight":1.0,"played":[1.0,0.0],"evs":[0.0,-2.76287]},"95s":{"weight":1.0,"played":[1.0,0.0],"evs":[0.0,-2.57494]},"96s":{"weight":1.0,"played":[1.0,0.0],"evs":[0.0,-2.19463]},"97s":{"weight":1.0,"played":[1.0,0.0],"evs":[0.0,-1.9666]},"98s":{"weight":1.0,"played":[1.0,0.0],"evs":[0.0,-1.64428]},"99":{"weight":1.0,"played":[0.0,1.0],"evs":[0.0,1.34724]},"T9o":{"weight":1.0,"played":[1.0,0.0],"evs":[0.0,-2.08092]},"J9o":{"weight":1.0,"played":[1.0,0.0],"evs":[0.0,-2.37957]},"Q9o":{"weight":1.0,"played":[1.0,0.0],"evs":[0.0,-2.34315]},"K9o":{"weight":1.0,"played":[1.0,0.0],"evs":[0.0,-2.04918]},"A9o":{"weight":1.0,"played":[1.0,0.0],"evs":[0.0,-1.88964]},"T2s":{"weight":1.0,"played":[1.0,0.0],"evs":[0.0,-2.86562]},"T3s":{"weight":1.0,"played":[1.0,0.0],"evs":[0.0,-2.82336]},"T4s":{"weight":1.0,"played":[1.0,0.0],"evs":[0.0,-2.67712]},"T5s":{"weight":1.0,"played":[1.0,0.0],"evs":[0.0,-2.68646]},"T6s":{"weight":1.0,"played":[1.0,0.0],"evs":[0.0,-2.48765]},"T7s":{"weight":1.0,"played":[1.0,0.0],"evs":[0.0,-2.09058]},"T8s":{"weight":1.0,"played":[1.0,0.0],"evs":[0.0,-1.77993]},"T9s":{"weight":1.0,"played":[1.0,0.0],"evs":[0.0,-1.44663]},"TT":{"weight":1.0,"played":[0.0,1.0],"evs":[0.0,2.13823]},"JTo":{"weight":1.0,"played":[1.0,0.0],"evs":[0.0,-2.01617]},"QTo":{"weight":1.0,"played":[1.0,0.0],"evs":[0.0,-1.85014]},"KTo":{"weight":1.0,"played":[1.0,0.0],"evs":[0.0,-1.52423]},"ATo":{"weight":1.0,"played":[1.0,0.0],"evs":[0.0,-1.14249]},"J2s":{"weight":1.0,"played":[1.0,0.0],"evs":[0.0,-2.95879]},"J3s":{"weight":1.0,"played":[1.0,0.0],"evs":[0.0,-2.93806]},"J4s":{"weight":1.0,"played":[1.0,0.0],"evs":[0.0,-2.72928]},"J5s":{"weight":1.0,"played":[1.0,0.0],"evs":[0.0,-2.8555]},"J6s":{"weight":1.0,"played":[1.0,0.0],"evs":[0.0,-2.76558]},"J7s":{"weight":1.0,"played":[1.0,0.0],"evs":[0.0,-2.35272]},"J8s":{"weight":1.0,"played":[1.0,0.0],"evs":[0.0,-2.02429]},"J9s":{"weight":1.0,"played":[1.0,0.0],"evs":[0.0,-1.71373]},"JTs":{"weight":1.0,"played":[1.0,0.0],"evs":[0.0,-1.39694]},"JJ":{"weight":1.0,"played":[0.0,1.0],"evs":[0.0,3.08982]},"QJo":{"weight":1.0,"played":[1.0,0.0],"evs":[0.0,-1.91398]},"KJo":{"weight":1.0,"played":[1.0,0.0],"evs":[0.0,-1.42223]},"AJo":{"weight":1.0,"played":[0.9959,0.0041],"evs":[0.0,-0.34531]},"Q2s":{"weight":1.0,"played":[1.0,0.0],"evs":[0.0,-2.84198]},"Q3s":{"weight":1.0,"played":[1.0,0.0],"evs":[0.0,-2.70101]},"Q4s":{"weight":1.0,"played":[1.0,0.0],"evs":[0.0,-2.60967]},"Q5s":{"weight":1.0,"played":[1.0,0.0],"evs":[0.0,-2.49892]},"Q6s":{"weight":1.0,"played":[1.0,0.0],"evs":[0.0,-2.41736]},"Q7s":{"weight":1.0,"played":[1.0,0.0],"evs":[0.0,-2.46382]},"Q8s":{"weight":1.0,"played":[1.0,0.0],"evs":[0.0,-1.97776]},"Q9s":{"weight":1.0,"played":[1.0,0.0],"evs":[0.0,-1.78524]},"QTs":{"weight":1.0,"played":[1.0,0.0],"evs":[0.0,-1.29311]},"QJs":{"weight":1.0,"played":[1.0,0.0],"evs":[0.0,-1.29214]},"QQ":{"weight":1.0,"played":[0.0,1.0],"evs":[0.0,4.14764]},"KQo":{"weight":1.0,"played":[1.0,0.0],"evs":[0.0,-1.0433]},"AQo":{"weight":1.0,"played":[0.0,1.0],"evs":[0.0,0.8882]},"K2s":{"weight":1.0,"played":[1.0,0.0],"evs":[0.0,-2.25368]},"K3s":{"weight":1.0,"played":[1.0,0.0],"evs":[0.0,-2.26098]},"K4s":{"weight":1.0,"played":[1.0,0.0],"evs":[0.0,-2.02636]},"K5s":{"weight":1.0,"played":[1.0,0.0],"evs":[0.0,-2.04411]},"K6s":{"weight":1.0,"played":[1.0,0.0],"evs":[0.0,-1.94473]},"K7s":{"weight":1.0,"played":[1.0,0.0],"evs":[0.0,-1.83862]},"K8s":{"weight":1.0,"played":[1.0,0.0],"evs":[0.0,-1.69548]},"K9s":{"weight":1.0,"played":[1.0,0.0],"evs":[0.0,-1.3111]},"KTs":{"weight":1.0,"played":[1.0,0.0],"evs":[0.0,-0.79596]},"KJs":{"weight":1.0,"played":[1.0,0.0],"evs":[0.0,-0.86524]},"KQs":{"weight":1.0,"played":[0.9999,1.0E-4],"evs":[0.0,-0.39888]},"KK":{"weight":1.0,"played":[0.0,1.0],"evs":[0.0,5.01171]},"AKo":{"weight":1.0,"played":[0.0,1.0],"evs":[0.0,1.59465]},"A2s":{"weight":1.0,"played":[1.0,0.0],"evs":[0.0,-2.27993]},"A3s":{"weight":1.0,"played":[1.0,0.0],"evs":[0.0,-2.22833]},"A4s":{"weight":1.0,"played":[1.0,0.0],"evs":[0.0,-2.08903]},"A5s":{"weight":1.0,"played":[1.0,0.0],"evs":[0.0,-1.96104]},"A6s":{"weight":1.0,"played":[1.0,0.0],"evs":[0.0,-2.08381]},"A7s":{"weight":1.0,"played":[1.0,0.0],"evs":[0.0,-1.76587]},"A8s":{"weight":1.0,"played":[1.0,0.0],"evs":[0.0,-1.59832]},"A9s":{"weight":1.0,"played":[1.0,0.0],"evs":[0.0,-1.17342]},"ATs":{"weight":1.0,"played":[0.9983,0.0017],"evs":[0.0,-0.54155]},"AJs":{"weight":1.0,"played":[0.0,1.0],"evs":[0.0,0.21115]},"AQs":{"weight":1.0,"played":[0.0,1.0],"evs":[0.0,1.39143]},"AKs":{"weight":1.0,"played":[0.0,1.0],"evs":[0.0,2.09971]},"AA":{"weight":1.0,"played":[0.0,1.0],"evs":[0.0,7.04629]}}}