{"player":4,"street":0,"children":3,"sequence":[{"player":0,"type":"F","amount":0,"street":0},{"player":1,"type":"F","amount":0,"street":0},{"player":2,"type":"R","amount":8160000,"street":0},{"player":3,"type":"F","amount":0,"street":0}],"actions":[{"type":"F","amount":0,"node":31},{"type":"C","amount":8160000,"node":36},{"type":"R","amount":36960000,"node":48}],"hands":{"22":{"weight":1.0,"played":[0.0,0.9982,0.0018],"evs":[0.0,0.15662,0.14918]},"32o":{"weight":1.0,"played":[1.0,0.0,0.0],"evs":[0.0,-0.70002,-0.83839]},"42o":{"weight":1.0,"played":[1.0,0.0,0.0],"evs":[0.0,-0.68257,-0.81445]},"52o":{"weight":1.0,"played":[1.0,0.0,0.0],"evs":[0.0,-0.64463,-0.7654]},"62o":{"weight":1.0,"played":[1.0,0.0,0.0],"evs":[0.0,-0.71491,-0.86611]},"72o":{"weight":1.0,"played":[1.0,0.0,0.0],"evs":[0.0,-0.7688,-0.94594]},"82o":{"weight":1.0,"played":[1.0,0.0,0.0],"evs":[0.0,-0.71855,-0.88711]},"92o":{"weight":1.0,"played":[1.0,0.0,0.0],"evs":[0.0,-0.67391,-0.83328]},"T2o":{"weight":1.0,"played":[1.0,0.0,0.0],"evs":[0.0,-0.64391,-0.77875]},"J2o":{"weight":1.0,"played":[1.0,0.0,0.0],"evs":[0.0,-0.62055,-0.73559]},"Q2o":{"weight":1.0,"played":[1.0,0.0,0.0],"evs":[0.0,-0.56303,-0.67431]},"K2o":{"weight":1.0,"played":[1.0,0.0,0.0],"evs":[0.0,-0.49667,-0.57866]},"A2o":{"weight":1.0,"played":[1.0,0.0,0.0],"evs":[0.0,-0.17267,-0.21864]},"32s":{"weight":1.0,"played":[1.0,0.0,0.0],"evs":[0.0,-0.45456,-0.54623]},"33":{"weight":1.0,"played":[0.0,0.5022,0.4978],"evs":[0.0,0.20429,0.20403]},"43o":{"weight":1.0,"played":[1.0,0.0,0.0],"evs":[0.0,-0.60559,-0.71955]},"53o":{"weight":1.0,"played":[1.0,0.0,0.0],"evs":[0.0,-0.56293,-0.67118]},"63o":{"weight":1.0,"played":[1.0,0.0,0.0],"evs":[0.0,-0.63581,-0.75998]},"73o":{"weight":1.0,"played":[1.0,0.0,0.0],"evs":[0.0,-0.69809,-0.85201]},"83o":{"weight":1.0,"played":[1.0,0.0,0.0],"evs":[0.0,-0.72046,-0.89096]},"93o":{"weight":1.0,"played":[1.0,0.0,0.0],"evs":[0.0,-0.66595,-0.81696]},"T3o":{"weight":1.0,"played":[1.0,0.0,0.0],"evs":[0.0,-0.62874,-0.75385]},"J3o":{"weight":1.0,"played":[1.0,0.0,0.0],"evs":[0.0,-0.60504,-0.715]},"Q3o":{"weight":1.0,"played":[1.0,0.0,0.0],"evs":[0.0,-0.55643,-0.65586]},"K3o":{"weight":1.0,"played":[1.0,0.0,0.0],"evs":[0.0,-0.48243,-0.56695]},"A3o":{"weight":1.0,"played":[1.0,0.0,0.0],"evs":[0.0,-0.14951,-0.18882]},"42s":{"weight":1.0,"played":[1.0,0.0,0.0],"evs":[0.0,-0.43691,-0.52772]},"43s":{"weight":1.0,"played":[1.0,0.0,0.0],"evs":[0.0,-0.34996,-0.42528]},"44":{"weight":1.0,"played":[0.0,0.6679,0.3321],"evs":[0.0,0.26489,0.26271]},"54o":{"weight":1.0,"played":[1.0,0.0,0.0],"evs":[0.0,-0.47314,-0.56541]},"64o":{"weight":1.0,"played":[1.0,0.0,0.0],"evs":[0.0,-0.54311,-0.64964]},"74o":{"weight":1.0,"played":[1.0,0.0,0.0],"evs":[0.0,-0.61746,-0.73718]},"84o":{"weight":1.0,"played":[1.0,0.0,0.0],"evs":[0.0,-0.63902,-0.77921]},"94o":{"weight":1.0,"played":[1.0,0.0,0.0],"evs":[0.0,-0.65076,-0.80297]},"T4o":{"weight":1.0,"played":[1.0,0.0,0.0],"evs":[0.0,-0.6088,-0.72888]},"J4o":{"weight":1.0,"played":[1.0,0.0,0.0],"evs":[0.0,-0.58653,-0.68973]},"Q4o":{"weight":1.0,"played":[1.0,0.0,0.0],"evs":[0.0,-0.5285,-0.62595]},"K4o":{"weight":1.0,"played":[1.0,0.0,0.0],"evs":[0.0,-0.45666,-0.53201]},"A4o":{"weight":1.0,"played":[1.0,0.0,0.0],"evs":[0.0,-0.12978,-0.16656]},"52s":{"weight":1.0,"played":[1.0,0.0,0.0],"evs":[0.0,-0.40674,-0.49135]},"53s":{"weight":1.0,"played":[1.0,0.0,0.0],"evs":[0.0,-0.3318,-0.39797]},"54s":{"weight":1.0,"played":[1.0,0.0,0.0],"evs":[0.0,-0.24494,-0.29835]},"55":{"weight":1.0,"played":[0.0,0.543,0.457],"evs":[0.0,0.34251,0.34604]},"65o":{"weight":1.0,"played":[1.0,0.0,0.0],"evs":[0.0,-0.44785,-0.53656]},"75o":{"weight":1.0,"played":[1.0,0.0,0.0],"evs":[0.0,-0.52886,-0.63867]},"85o":{"weight":1.0,"played":[1.0,0.0,0.0],"evs":[0.0,-0.55051,-0.66547]},"95o":{"weight":1.0,"played":[1.0,0.0,0.0],"evs":[0.0,-0.57604,-0.70445]},"T5o":{"weight":1.0,"played":[1.0,0.0,0.0],"evs":[0.0,-0.60381,-0.72135]},"J5o":{"weight":1.0,"played":[1.0,0.0,0.0],"evs":[0.0,-0.56473,-0.66317]},"Q5o":{"weight":1.0,"played":[1.0,0.0,0.0],"evs":[0.0,-0.50666,-0.59488]},"K5o":{"weight":1.0,"played":[1.0,0.0,0.0],"evs":[0.0,-0.43442,-0.5073]},"A5o":{"weight":1.0,"played":[1.0,0.0,0.0],"evs":[0.0,-0.08645,-0.12018]},"62s":{"weight":1.0,"played":[1.0,0.0,0.0],"evs":[0.0,-0.47391,-0.57757]},"63s":{"weight":1.0,"played":[1.0,0.0,0.0],"evs":[0.0,-0.38193,-0.46949]},"64s":{"weight":1.0,"played":[1.0,0.0,0.0],"evs":[0.0,-0.2941,-0.36369]},"65s":{"weight":1.0,"played":[1.0,0.0,0.0],"evs":[0.0,-0.21516,-0.27144]},"66":{"weight":1.0,"played":[0.0,0.14,0.86],"evs":[0.0,0.47559,0.48224]},"76o":{"weight":1.0,"played":[1.0,0.0,0.0],"evs":[0.0,-0.42366,-0.52031]},"86o":{"weight":1.0,"played":[1.0,0.0,0.0],"evs":[0.0,-0.44549,-0.55054]},"96o":{"weight":1.0,"played":[1.0,0.0,0.0],"evs":[0.0,-0.47918,-0.59144]},"T6o":{"weight":1.0,"played":[1.0,0.0,0.0],"evs":[0.0,-0.50565,-0.60795]},"J6o":{"weight":1.0,"played":[1.0,0.0,0.0],"evs":[0.0,-0.54782,-0.64499]},"Q6o":{"weight":1.0,"played":[1.0,0.0,0.0],"evs":[0.0,-0.47806,-0.56626]},"K6o":{"weight":1.0,"played":[1.0,0.0,0.0],"evs":[0.0,-0.39899,-0.47014]},"A6o":{"weight":1.0,"played":[1.0,0.0,0.0],"evs":[0.0,-0.12371,-0.16525]},"72s":{"weight":1.0,"played":[1.0,0.0,0.0],"evs":[0.0,-0.53544,-0.65819]},"73s":{"weight":1.0,"played":[1.0,0.0,0.0],"evs":[0.0,-0.46005,-0.55427]},"74s":{"weight":1.0,"played":[1.0,0.0,0.0],"evs":[0.0,-0.36573,-0.45687]},"75s":{"weight":1.0,"played":[1.0,0.0,0.0],"evs":[0.0,-0.27799,-0.34354]},"76s":{"weight":1.0,"played":[1.0,0.0,0.0],"evs":[0.0,-0.18796,-0.25112]},"77":{"weight":1.0,"played":[0.0,0.8282,0.1718],"evs":[0.0,0.59408,0.59161]},"87o":{"weight":1.0,"played":[1.0,0.0,0.0],"evs":[0.0,-0.38712,-0.48968]},"97o":{"weight":1.0,"played":[1.0,0.0,0.0],"evs":[0.0,-0.41629,-0.52401]},"T7o":{"weight":1.0,"played":[1.0,0.0,0.0],"evs":[0.0,-0.44536,-0.54326]},"J7o":{"weight":1.0,"played":[1.0,0.0,0.0],"evs":[0.0,-0.48825,-0.5819]},"Q7o":{"weight":1.0,"played":[1.0,0.0,0.0],"evs":[0.0,-0.50328,-0.59991]},"K7o":{"weight":1.0,"played":[1.0,0.0,0.0],"evs":[0.0,-0.40577,-0.48575]},"A7o":{"weight":1.0,"played":[0.9997,3.0E-4,0.0],"evs":[0.0,-0.03226,-0.07295]},"82s":{"weight":1.0,"played":[1.0,0.0,0.0],"evs":[0.0,-0.47573,-0.57915]},"83s":{"weight":1.0,"played":[1.0,0.0,0.0],"evs":[0.0,-0.48734,-0.59352]},"84s":{"weight":1.0,"played":[1.0,0.0,0.0],"evs":[0.0,-0.39616,-0.49064]},"85s":{"weight":1.0,"played":[1.0,0.0,0.0],"evs":[0.0,-0.31385,-0.39027]},"86s":{"weight":1.0,"played":[1.0,0.0,0.0],"evs":[0.0,-0.20927,-0.27931]},"87s":{"weight":1.0,"played":[1.0,0.0,0.0],"evs":[0.0,-0.16795,-0.23505]},"88":{"weight":1.0,"played":[0.0,0.3377,0.6623],"evs":[0.0,0.79657,0.79753]},"98o":{"weight":1.0,"played":[1.0,0.0,0.0],"evs":[0.0,-0.31092,-0.4138]},"T8o":{"weight":1.0,"played":[1.0,0.0,0.0],"evs":[0.0,-0.33312,-0.41972]},"J8o":{"weight":1.0,"played":[1.0,0.0,0.0],"evs":[0.0,-0.37701,-0.46759]},"Q8o":{"weight":1.0,"played":[1.0,0.0,0.0],"evs":[0.0,-0.3958,-0.48138]},"K8o":{"weight":1.0,"played":[1.0,0.0,0.0],"evs":[0.0,-0.38212,-0.45824]},"A8o":{"weight":1.0,"played":[0.0,1.0,0.0],"evs":[0.0,0.12582,0.08978]},"92s":{"weight":1.0,"played":[1.0,0.0,0.0],"evs":[0.0,-0.45062,-0.55726]},"93s":{"weight":1.0,"played":[1.0,0.0,0.0],"evs":[0.0,-0.42935,-0.53022]},"94s":{"weight":1.0,"played":[1.0,0.0,0.0],"evs":[0.0,-0.41737,-0.51392]},"95s":{"weight":1.0,"played":[1.0,0.0,0.0],"evs":[0.0,-0.34115,-0.43082]},"96s":{"weight":1.0,"played":[1.0,0.0,0.0],"evs":[0.0,-0.23698,-0.31731]},"97s":{"weight":1.0,"played":[1.0,0.0,0.0],"evs":[0.0,-0.18679,-0.25683]},"98s":{"weight":1.0,"played":[1.0,0.0,0.0],"evs":[0.0,-0.08001,-0.14293]},"99":{"weight":1.0,"played":[0.0,2.0E-4,0.9998],"evs":[0.0,1.00213,1.02409]},"T9o":{"weight":1.0,"played":[1.0,0.0,0.0],"evs":[0.0,-0.21992,-0.29582]},"J9o":{"weight":1.0,"played":[1.0,0.0,0.0],"evs":[0.0,-0.25996,-0.33184]},"Q9o":{"weight":1.0,"played":[1.0,0.0,0.0],"evs":[0.0,-0.28023,-0.35302]},"K9o":{"weight":1.0,"played":[1.0,0.0,0.0],"evs":[0.0,-0.2742,-0.33761]},"A9o":{"weight":1.0,"played":[0.0,0.9999,1.0E-4],"evs":[0.0,0.318,0.29419]},"T2s":{"weight":1.0,"played":[1.0,0.0,0.0],"evs":[0.0,-0.39835,-0.48874]},"T3s":{"weight":1.0,"played":[1.0,0.0,0.0],"evs":[0.0,-0.39213,-0.47225]},"T4s":{"weight":1.0,"played":[1.0,0.0,0.0],"evs":[0.0,-0.37148,-0.44924]},"T5s":{"weight":1.0,"played":[1.0,0.0,0.0],"evs":[0.0,-0.36258,-0.43731]},"T6s":{"weight":1.0,"played":[1.0,0.0,0.0],"evs":[0.0,-0.27444,-0.33974]},"T7s":{"weight":1.0,"played":[1.0,0.0,0.0],"evs":[0.0,-0.20387,-0.26611]},"T8s":{"weight":1.0,"played":[1.0,0.0,0.0],"evs":[0.0,-0.10583,-0.1564]},"T9s":{"weight":1.0,"played":[0.7812,0.2188,0.0],"evs":[0.0,3.7E-4,-0.04517]},"TT":{"weight":1.0,"played":[0.0,0.0816,0.9184],"evs":[0.0,1.36081,1.36269]},"JTo":{"weight":1.0,"played":[1.0,0.0,0.0],"evs":[0.0,-0.12905,-0.16852]},"QTo":{"weight":1.0,"played":[1.0,0.0,0.0],"evs":[0.0,-0.1222,-0.16149]},"KTo":{"weight":1.0,"played":[1.0,0.0,0.0],"evs":[0.0,-0.1042,-0.13912]},"ATo":{"weight":1.0,"played":[0.0,0.4865,0.5135],"evs":[0.0,0.63689,0.63991]},"J2s":{"weight":1.0,"played":[1.0,0.0,0.0],"evs":[0.0,-0.3696,-0.43985]},"J3s":{"weight":1.0,"played":[1.0,0.0,0.0],"evs":[0.0,-0.3598,-0.43006]},"J4s":{"weight":1.0,"played":[1.0,0.0,0.0],"evs":[0.0,-0.34479,-0.41293]},"J5s":{"weight":1.0,"played":[1.0,0.0,0.0],"evs":[0.0,-0.32394,-0.38339]},"J6s":{"weight":1.0,"played":[1.0,0.0,0.0],"evs":[0.0,-0.29968,-0.36213]},"J7s":{"weight":1.0,"played":[1.0,0.0,0.0],"evs":[0.0,-0.25142,-0.30938]},"J8s":{"weight":1.0,"played":[1.0,0.0,0.0],"evs":[0.0,-0.14849,-0.19723]},"J9s":{"weight":1.0,"played":[0.9996,4.0E-4,1.0E-4],"evs":[0.0,-0.03401,-0.07494]},"JTs":{"weight":1.0,"played":[0.0,0.9762,0.0238],"evs":[0.0,0.08993,0.07806]},"JJ":{"weight":1.0,"played":[0.0,0.9984,0.0016],"evs":[0.0,1.71261,1.69251]},"QJo":{"weight":1.0,"played":[1.0,0.0,0.0],"evs":[0.0,-0.0734,-0.10538]},"KJo":{"weight":1.0,"played":[0.0,0.9984,0.0016],"evs":[0.0,0.02575,0.00581]},"AJo":{"weight":1.0,"played":[0.0,0.4792,0.5208],"evs":[0.0,0.92768,0.92954]},"Q2s":{"weight":1.0,"played":[1.0,0.0,0.0],"evs":[0.0,-0.32595,-0.38876]},"Q3s":{"weight":1.0,"played":[1.0,0.0,0.0],"evs":[0.0,-0.30765,-0.36848]},"Q4s":{"weight":1.0,"played":[1.0,0.0,0.0],"evs":[0.0,-0.28687,-0.34817]},"Q5s":{"weight":1.0,"played":[1.0,0.0,0.0],"evs":[0.0,-0.25994,-0.30998]},"Q6s":{"weight":1.0,"played":[1.0,0.0,0.0],"evs":[0.0,-0.23931,-0.29568]},"Q7s":{"weight":1.0,"played":[1.0,0.0,0.0],"evs":[0.0,-0.25227,-0.31742]},"Q8s":{"weight":1.0,"played":[1.0,0.0,0.0],"evs":[0.0,-0.15195,-0.20788]},"Q9s":{"weight":1.0,"played":[1.0,0.0,0.0],"evs":[0.0,-0.05347,-0.09111]},"QTs":{"weight":1.0,"played":[0.0,0.9994,5.0E-4],"evs":[0.0,0.09623,0.07315]},"QJs":{"weight":1.0,"played":[0.0,0.2202,0.7798],"evs":[0.0,0.14892,0.14892]},"QQ":{"weight":1.0,"played":[0.0,1.0,0.0],"evs":[0.0,2.13829,2.06452]},"KQo":{"weight":1.0,"played":[0.0,0.9954,0.0046],"evs":[0.0,0.23873,0.22592]},"AQo":{"weight":1.0,"played":[0.0,1.0E-4,0.9999],"evs":[0.0,1.24373,1.247]},"K2s":{"weight":1.0,"played":[1.0,0.0,0.0],"evs":[0.0,-0.24788,-0.29516]},"K3s":{"weight":1.0,"played":[1.0,0.0,0.0],"evs":[0.0,-0.23009,-0.27772]},"K4s":{"weight":1.0,"played":[1.0,0.0,0.0],"evs":[0.0,-0.21702,-0.25851]},"K5s":{"weight":1.0,"played":[1.0,0.0,0.0],"evs":[0.0,-0.18562,-0.22286]},"K6s":{"weight":1.0,"played":[1.0,0.0,0.0],"evs":[0.0,-0.15768,-0.19968]},"K7s":{"weight":1.0,"played":[1.0,0.0,0.0],"evs":[0.0,-0.15855,-0.19902]},"K8s":{"weight":1.0,"played":[1.0,0.0,0.0],"evs":[0.0,-0.14586,-0.19468]},"K9s":{"weight":1.0,"played":[0.9993,7.0E-4,0.0],"evs":[0.0,-0.04098,-0.07702]},"KTs":{"weight":1.0,"played":[0.0,0.9162,0.0838],"evs":[0.0,0.11536,0.10431]},"KJs":{"weight":1.0,"played":[0.0,1.0E-4,0.9999],"evs":[0.0,0.23392,0.2467]},"KQs":{"weight":1.0,"played":[0.0,0.0011,0.9989],"evs":[0.0,0.43523,0.44341]},"KK":{"weight":1.0,"played":[0.0,1.0,0.0],"evs":[0.0,2.6142,2.51069]},"AKo":{"weight":1.0,"played":[0.0,0.9712,0.0288],"evs":[0.0,1.64644,1.64621]},"A2s":{"weight":1.0,"played":[0.0,0.9999,1.0E-4],"evs":[0.0,0.06846,0.0571]},"A3s":{"weight":1.0,"played":[0.0,1.0,0.0],"evs":[0.0,0.09433,0.08547]},"A4s":{"weight":1.0,"played":[0.0,0.9992,8.0E-4],"evs":[0.0,0.10376,0.09575]},"A5s":{"weight":1.0,"played":[0.0,0.9475,0.0525],"evs":[0.0,0.14049,0.13412]},"A6s":{"weight":1.0,"played":[0.0,0.9968,0.0032],"evs":[0.0,0.10873,0.09127]},"A7s":{"weight":1.0,"played":[0.0,0.9976,0.0024],"evs":[0.0,0.1898,0.17929]},"A8s":{"weight":1.0,"played":[0.0,0.9791,0.0209],"evs":[0.0,0.33885,0.33334]},"A9s":{"weight":1.0,"played":[0.0,0.1528,0.8472],"evs":[0.0,0.52751,0.53026]},"ATs":{"weight":1.0,"played":[0.0,0.0024,0.9976],"evs":[0.0,0.81992,0.84233]},"AJs":{"weight":1.0,"played":[0.0,0.0,1.0],"evs":[0.0,1.09316,1.12515]},"AQs":{"weight":1.0,"played":[0.0,9.0E-4,0.9991],"evs":[0.0,1.39324,1.40669]},"AKs":{"weight":1.0,"played":[0.0,0.9999,1.0E-4],"evs":[0.0,1.79388,1.78076]},"AA":{"weight":1.0,"played":[0.0,1.0,0.0],"evs":[0.0,3.65454,3.52652]}}}