{"player":6,"street":0,"children":3,"sequence":[{"player":0,"type":"F","amount":0,"street":0},{"player":1,"type":"F","amount":0,"street":0},{"player":2,"type":"R","amount":8160000,"street":0},{"player":3,"type":"F","amount":0,"street":0},{"player":4,"type":"C","amount":8160000,"street":0},{"player":5,"type":"F","amount":0,"street":0}],"actions":[{"type":"F","amount":0},{"type":"C","amount":4960000},{"type":"R","amount":18720000,"node":38}],"hands":{"22":{"weight":1.0,"played":[1.0,0.0,0.0],"evs":[0.0,-0.29991,-1.49311]},"32o":{"weight":1.0,"played":[1.0,0.0,0.0],"evs":[0.0,-1.00554,-3.61953]},"42o":{"weight":1.0,"played":[1.0,0.0,0.0],"evs":[0.0,-0.96821,-3.49237]},"52o":{"weight":1.0,"played":[1.0,0.0,0.0],"evs":[0.0,-0.89425,-3.3385]},"62o":{"weight":1.0,"played":[1.0,0.0,0.0],"evs":[0.0,-0.97293,-3.52569]},"72o":{"weight":1.0,"played":[1.0,0.0,0.0],"evs":[0.0,-1.05818,-3.7122]},"82o":{"weight":1.0,"played":[1.0,0.0,0.0],"evs":[0.0,-1.02882,-3.65016]},"92o":{"weight":1.0,"played":[1.0,0.0,0.0],"evs":[0.0,-1.00013,-3.58702]},"T2o":{"weight":1.0,"played":[1.0,0.0,0.0],"evs":[0.0,-0.97669,-3.53631]},"J2o":{"weight":1.0,"played":[1.0,0.0,0.0],"evs":[0.0,-0.92079,-3.46723]},"Q2o":{"weight":1.0,"played":[1.0,0.0,0.0],"evs":[0.0,-0.77004,-3.20409]},"K2o":{"weight":1.0,"played":[1.0,0.0,0.0],"evs":[0.0,-0.80219,-3.25854]},"A2o":{"weight":1.0,"played":[1.0,0.0,0.0],"evs":[0.0,-0.80371,-2.3689]},"32s":{"weight":1.0,"played":[1.0,0.0,0.0],"evs":[0.0,-0.71038,-2.92384]},"33":{"weight":1.0,"played":[1.0,0.0,0.0],"evs":[0.0,-0.20442,-1.05237]},"43o":{"weight":1.0,"played":[1.0,0.0,0.0],"evs":[0.0,-0.84392,-3.12164]},"53o":{"weight":1.0,"played":[1.0,0.0,0.0],"evs":[0.0,-0.77658,-2.99495]},"63o":{"weight":1.0,"played":[1.0,0.0,0.0],"evs":[0.0,-0.8431,-3.17432]},"73o":{"weight":1.0,"played":[1.0,0.0,0.0],"evs":[0.0,-0.93138,-3.38667]},"83o":{"weight":1.0,"played":[1.0,0.0,0.0],"evs":[0.0,-1.02669,-3.59309]},"93o":{"weight":1.0,"played":[1.0,0.0,0.0],"evs":[0.0,-0.94485,-3.44035]},"T3o":{"weight":1.0,"played":[1.0,0.0,0.0],"evs":[0.0,-0.92958,-3.36547]},"J3o":{"weight":1.0,"played":[1.0,0.0,0.0],"evs":[0.0,-0.89734,-3.3271]},"Q3o":{"weight":1.0,"played":[1.0,0.0,0.0],"evs":[0.0,-0.75554,-3.06361]},"K3o":{"weight":1.0,"played":[1.0,0.0,0.0],"evs":[0.0,-0.77247,-3.08734]},"A3o":{"weight":1.0,"played":[1.0,0.0,0.0],"evs":[0.0,-0.73568,-2.223]},"42s":{"weight":1.0,"played":[1.0,0.0,0.0],"evs":[0.0,-0.63716,-2.74711]},"43s":{"weight":1.0,"played":[1.0,0.0,0.0],"evs":[0.0,-0.56726,-2.50459]},"44":{"weight":1.0,"played":[0.9999,1.0E-4,0.0],"evs":[0.0,-0.09928,-0.71232]},"54o":{"weight":1.0,"played":[1.0,0.0,0.0],"evs":[0.0,-0.64481,-2.68749]},"64o":{"weight":1.0,"played":[1.0,0.0,0.0],"evs":[0.0,-0.66963,-2.84362]},"74o":{"weight":1.0,"played":[1.0,0.0,0.0],"evs":[0.0,-0.79839,-3.05525]},"84o":{"weight":1.0,"played":[1.0,0.0,0.0],"evs":[0.0,-0.93431,-3.29764]},"94o":{"weight":1.0,"played":[1.0,0.0,0.0],"evs":[0.0,-0.93319,-3.38757]},"T4o":{"weight":1.0,"played":[1.0,0.0,0.0],"evs":[0.0,-0.91203,-3.28492]},"J4o":{"weight":1.0,"played":[1.0,0.0,0.0],"evs":[0.0,-0.86198,-3.24033]},"Q4o":{"weight":1.0,"played":[1.0,0.0,0.0],"evs":[0.0,-0.71922,-2.9487]},"K4o":{"weight":1.0,"played":[1.0,0.0,0.0],"evs":[0.0,-0.74069,-2.99411]},"A4o":{"weight":1.0,"played":[1.0,0.0,0.0],"evs":[0.0,-0.68511,-2.06715]},"52s":{"weight":1.0,"played":[1.0,0.0,0.0],"evs":[0.0,-0.60663,-2.66552]},"53s":{"weight":1.0,"played":[1.0,0.0,0.0],"evs":[0.0,-0.48564,-2.38837]},"54s":{"weight":1.0,"played":[1.0,0.0,0.0],"evs":[0.0,-0.31514,-1.99412]},"55":{"weight":1.0,"played":[0.0045,0.9954,0.0],"evs":[0.0,0.04649,-0.34938]},"65o":{"weight":1.0,"played":[1.0,0.0,0.0],"evs":[0.0,-0.53859,-2.53108]},"75o":{"weight":1.0,"played":[1.0,0.0,0.0],"evs":[0.0,-0.6543,-2.7153]},"85o":{"weight":1.0,"played":[1.0,0.0,0.0],"evs":[0.0,-0.75932,-2.94796]},"95o":{"weight":1.0,"played":[1.0,0.0,0.0],"evs":[0.0,-0.8215,-3.07668]},"T5o":{"weight":1.0,"played":[1.0,0.0,0.0],"evs":[0.0,-0.88901,-3.19351]},"J5o":{"weight":1.0,"played":[1.0,0.0,0.0],"evs":[0.0,-0.82784,-3.10595]},"Q5o":{"weight":1.0,"played":[1.0,0.0,0.0],"evs":[0.0,-0.70311,-2.86102]},"K5o":{"weight":1.0,"played":[1.0,0.0,0.0],"evs":[0.0,-0.67428,-2.85008]},"A5o":{"weight":1.0,"played":[1.0,0.0,0.0],"evs":[0.0,-0.62879,-1.94568]},"62s":{"weight":1.0,"played":[1.0,0.0,0.0],"evs":[0.0,-0.68174,-2.82095]},"63s":{"weight":1.0,"played":[1.0,0.0,0.0],"evs":[0.0,-0.59532,-2.55777]},"64s":{"weight":1.0,"played":[1.0,0.0,0.0],"evs":[0.0,-0.44503,-2.24034]},"65s":{"weight":1.0,"played":[1.0,0.0,0.0],"evs":[0.0,-0.26819,-1.95318]},"66":{"weight":1.0,"played":[0.0016,0.9984,0.0],"evs":[0.0,0.2257,-0.08549]},"76o":{"weight":1.0,"played":[1.0,0.0,0.0],"evs":[0.0,-0.51268,-2.42906]},"86o":{"weight":1.0,"played":[1.0,0.0,0.0],"evs":[0.0,-0.6229,-2.66975]},"96o":{"weight":1.0,"played":[1.0,0.0,0.0],"evs":[0.0,-0.67176,-2.74041]},"T6o":{"weight":1.0,"played":[1.0,0.0,0.0],"evs":[0.0,-0.76064,-2.94414]},"J6o":{"weight":1.0,"played":[1.0,0.0,0.0],"evs":[0.0,-0.78629,-3.05793]},"Q6o":{"weight":1.0,"played":[1.0,0.0,0.0],"evs":[0.0,-0.63388,-2.77259]},"K6o":{"weight":1.0,"played":[1.0,0.0,0.0],"evs":[0.0,-0.6373,-2.74]},"A6o":{"weight":1.0,"played":[1.0,0.0,0.0],"evs":[0.0,-0.65365,-2.05005]},"72s":{"weight":1.0,"played":[1.0,0.0,0.0],"evs":[0.0,-0.77065,-2.99699]},"73s":{"weight":1.0,"played":[1.0,0.0,0.0],"evs":[0.0,-0.65517,-2.69539]},"74s":{"weight":1.0,"played":[1.0,0.0,0.0],"evs":[0.0,-0.51065,-2.37677]},"75s":{"weight":1.0,"played":[1.0,0.0,0.0],"evs":[0.0,-0.34879,-2.08757]},"76s":{"weight":1.0,"played":[1.0,0.0,0.0],"evs":[0.0,-0.21318,-1.86874]},"77":{"weight":1.0,"played":[0.0,0.9986,0.0013],"evs":[0.0,0.43876,0.21778]},"87o":{"weight":1.0,"played":[1.0,0.0,0.0],"evs":[0.0,-0.56124,-2.47473]},"97o":{"weight":1.0,"played":[1.0,0.0,0.0],"evs":[0.0,-0.59749,-2.59033]},"T7o":{"weight":1.0,"played":[1.0,0.0,0.0],"evs":[0.0,-0.64818,-2.71806]},"J7o":{"weight":1.0,"played":[1.0,0.0,0.0],"evs":[0.0,-0.70311,-2.83908]},"Q7o":{"weight":1.0,"played":[1.0,0.0,0.0],"evs":[0.0,-0.61624,-2.78657]},"K7o":{"weight":1.0,"played":[1.0,0.0,0.0],"evs":[0.0,-0.61871,-2.75283]},"A7o":{"weight":1.0,"played":[1.0,0.0,0.0],"evs":[0.0,-0.56995,-1.79772]},"82s":{"weight":1.0,"played":[1.0,0.0,0.0],"evs":[0.0,-0.75726,-3.02058]},"83s":{"weight":1.0,"played":[1.0,0.0,0.0],"evs":[0.0,-0.73777,-2.87877]},"84s":{"weight":1.0,"played":[1.0,0.0,0.0],"evs":[0.0,-0.6466,-2.63445]},"85s":{"weight":1.0,"played":[1.0,0.0,0.0],"evs":[0.0,-0.523,-2.39442]},"86s":{"weight":1.0,"played":[1.0,0.0,0.0],"evs":[0.0,-0.3376,-1.99028]},"87s":{"weight":1.0,"played":[1.0,0.0,0.0],"evs":[0.0,-0.21594,-1.79884]},"88":{"weight":1.0,"played":[0.0,0.9932,0.0068],"evs":[0.0,0.71401,0.6254]},"98o":{"weight":1.0,"played":[1.0,0.0,0.0],"evs":[0.0,-0.5202,-2.41424]},"T8o":{"weight":1.0,"played":[1.0,0.0,0.0],"evs":[0.0,-0.60094,-2.54225]},"J8o":{"weight":1.0,"played":[1.0,0.0,0.0],"evs":[0.0,-0.6602,-2.71072]},"Q8o":{"weight":1.0,"played":[1.0,0.0,0.0],"evs":[0.0,-0.59364,-2.64199]},"K8o":{"weight":1.0,"played":[1.0,0.0,0.0],"evs":[0.0,-0.66401,-2.7946]},"A8o":{"weight":1.0,"played":[1.0,0.0,0.0],"evs":[0.0,-0.43416,-1.48171]},"92s":{"weight":1.0,"played":[1.0,0.0,0.0],"evs":[0.0,-0.66359,-2.85616]},"93s":{"weight":1.0,"played":[1.0,0.0,0.0],"evs":[0.0,-0.65938,-2.73804]},"94s":{"weight":1.0,"played":[1.0,0.0,0.0],"evs":[0.0,-0.6335,-2.67542]},"95s":{"weight":1.0,"played":[1.0,0.0,0.0],"evs":[0.0,-0.55943,-2.45354]},"96s":{"weight":1.0,"played":[1.0,0.0,0.0],"evs":[0.0,-0.37483,-2.1317]},"97s":{"weight":1.0,"played":[0.9985,0.0015,0.0],"evs":[0.0,-0.23586,-1.86852]},"98s":{"weight":1.0,"played":[0.9991,9.0E-4,0.0],"evs":[0.0,-0.16433,-1.72905]},"99":{"weight":1.0,"played":[0.0,0.0,1.0],"evs":[0.0,0.82672,0.9903]},"T9o":{"weight":1.0,"played":[1.0,0.0,0.0],"evs":[0.0,-0.47749,-2.25034]},"J9o":{"weight":1.0,"played":[1.0,0.0,0.0],"evs":[0.0,-0.51323,-2.38986]},"Q9o":{"weight":1.0,"played":[1.0,0.0,0.0],"evs":[0.0,-0.45985,-2.31978]},"K9o":{"weight":1.0,"played":[1.0,0.0,0.0],"evs":[0.0,-0.55945,-2.55237]},"A9o":{"weight":1.0,"played":[1.0,0.0,0.0],"evs":[0.0,-0.25418,-1.00406]},"T2s":{"weight":1.0,"played":[1.0,0.0,0.0],"evs":[0.0,-0.66397,-2.7975]},"T3s":{"weight":1.0,"played":[1.0,0.0,0.0],"evs":[0.0,-0.61954,-2.66823]},"T4s":{"weight":1.0,"played":[1.0,0.0,0.0],"evs":[0.0,-0.62456,-2.62921]},"T5s":{"weight":1.0,"played":[1.0,0.0,0.0],"evs":[0.0,-0.56815,-2.52392]},"T6s":{"weight":1.0,"played":[1.0,0.0,0.0],"evs":[0.0,-0.4991,-2.27567]},"T7s":{"weight":1.0,"played":[1.0,0.0,0.0],"evs":[0.0,-0.342,-2.05553]},"T8s":{"weight":1.0,"played":[1.0,0.0,0.0],"evs":[0.0,-0.25181,-1.86317]},"T9s":{"weight":1.0,"played":[0.9998,2.0E-4,0.0],"evs":[0.0,-0.15973,-1.64795]},"TT":{"weight":1.0,"played":[0.0,1.0E-4,0.9999],"evs":[0.0,1.23321,1.55636]},"JTo":{"weight":1.0,"played":[1.0,0.0,0.0],"evs":[0.0,-0.34936,-2.02185]},"QTo":{"weight":1.0,"played":[1.0,0.0,0.0],"evs":[0.0,-0.28344,-1.90936]},"KTo":{"weight":1.0,"played":[1.0,0.0,0.0],"evs":[0.0,-0.35787,-2.01372]},"ATo":{"weight":1.0,"played":[0.4876,0.5124,0.0],"evs":[0.0,0.02635,-0.28341]},"J2s":{"weight":1.0,"played":[1.0,0.0,0.0],"evs":[0.0,-0.68916,-2.80775]},"J3s":{"weight":1.0,"played":[1.0,0.0,0.0],"evs":[0.0,-0.60099,-2.64732]},"J4s":{"weight":1.0,"played":[1.0,0.0,0.0],"evs":[0.0,-0.54696,-2.53385]},"J5s":{"weight":1.0,"played":[1.0,0.0,0.0],"evs":[0.0,-0.50117,-2.40372]},"J6s":{"weight":1.0,"played":[1.0,0.0,0.0],"evs":[0.0,-0.48311,-2.37413]},"J7s":{"weight":1.0,"played":[1.0,0.0,0.0],"evs":[0.0,-0.40139,-2.20953]},"J8s":{"weight":1.0,"played":[1.0,0.0,0.0],"evs":[0.0,-0.30832,-1.94955]},"J9s":{"weight":1.0,"played":[0.9878,0.0122,0.0],"evs":[0.0,-0.26014,-1.81283]},"JTs":{"weight":1.0,"played":[0.9998,2.0E-4,0.0],"evs":[0.0,-0.01307,-1.38819]},"JJ":{"weight":1.0,"played":[0.0,0.0,1.0],"evs":[0.0,1.84464,2.25305]},"QJo":{"weight":1.0,"played":[1.0,0.0,0.0],"evs":[0.0,-0.22207,-1.81342]},"KJo":{"weight":1.0,"played":[1.0,0.0,0.0],"evs":[0.0,-0.20308,-1.63393]},"AJo":{"weight":1.0,"played":[0.0,0.9996,4.0E-4],"evs":[0.0,0.31056,0.2612]},"Q2s":{"weight":1.0,"played":[1.0,0.0,0.0],"evs":[0.0,-0.4965,-2.57057]},"Q3s":{"weight":1.0,"played":[1.0,0.0,0.0],"evs":[0.0,-0.50997,-2.46573]},"Q4s":{"weight":1.0,"played":[1.0,0.0,0.0],"evs":[0.0,-0.39316,-2.24566]},"Q5s":{"weight":1.0,"played":[1.0,0.0,0.0],"evs":[0.0,-0.41084,-2.20285]},"Q6s":{"weight":1.0,"played":[1.0,0.0,0.0],"evs":[0.0,-0.29526,-2.06512]},"Q7s":{"weight":1.0,"played":[1.0,0.0,0.0],"evs":[0.0,-0.33346,-2.11057]},"Q8s":{"weight":1.0,"played":[1.0,0.0,0.0],"evs":[0.0,-0.28504,-2.00558]},"Q9s":{"weight":1.0,"played":[0.9997,3.0E-4,0.0],"evs":[0.0,-0.10407,-1.63741]},"QTs":{"weight":1.0,"played":[0.0155,0.9845,0.0],"evs":[0.0,0.02246,-1.26818]},"QJs":{"weight":1.0,"played":[0.0604,0.9396,0.0],"evs":[0.0,0.07466,-1.26514]},"QQ":{"weight":1.0,"played":[0.0,0.0,1.0],"evs":[0.0,2.73043,3.1788]},"KQo":{"weight":1.0,"played":[0.0141,0.9859,0.0],"evs":[0.0,0.06543,-1.04923]},"AQo":{"weight":1.0,"played":[0.0,0.0172,0.9828],"evs":[0.0,0.67076,0.7212]},"K2s":{"weight":1.0,"played":[1.0,0.0,0.0],"evs":[0.0,-0.51946,-2.53893]},"K3s":{"weight":1.0,"played":[1.0,0.0,0.0],"evs":[0.0,-0.47137,-2.42526]},"K4s":{"weight":1.0,"played":[1.0,0.0,0.0],"evs":[0.0,-0.41363,-2.28504]},"K5s":{"weight":1.0,"played":[1.0,0.0,0.0],"evs":[0.0,-0.40491,-2.20368]},"K6s":{"weight":1.0,"played":[1.0,0.0,0.0],"evs":[0.0,-0.3193,-2.09581]},"K7s":{"weight":1.0,"played":[1.0,0.0,0.0],"evs":[0.0,-0.29713,-2.03402]},"K8s":{"weight":1.0,"played":[0.9999,1.0E-4,0.0],"evs":[0.0,-0.35415,-2.11614]},"K9s":{"weight":1.0,"played":[0.9996,4.0E-4,0.0],"evs":[0.0,-0.21607,-1.85275]},"KTs":{"weight":1.0,"played":[0.3108,0.6892,0.0],"evs":[0.0,-0.03911,-1.4014]},"KJs":{"weight":1.0,"played":[0.0253,0.9747,0.0],"evs":[0.0,0.1244,-1.00803]},"KQs":{"weight":1.0,"played":[1.0E-4,0.9999,0.0],"evs":[0.0,0.38829,-0.4411]},"KK":{"weight":1.0,"played":[0.0,0.0,1.0],"evs":[0.0,3.98954,4.41828]},"AKo":{"weight":1.0,"played":[0.0,0.0,1.0],"evs":[0.0,1.31515,1.49258]},"A2s":{"weight":1.0,"played":[1.0,0.0,0.0],"evs":[0.0,-0.41183,-1.68961]},"A3s":{"weight":1.0,"played":[1.0,0.0,0.0],"evs":[0.0,-0.32191,-1.48822]},"A4s":{"weight":1.0,"played":[1.0,0.0,0.0],"evs":[0.0,-0.2965,-1.39769]},"A5s":{"weight":1.0,"played":[0.9987,0.0013,0.0],"evs":[0.0,-0.24129,-1.25646]},"A6s":{"weight":1.0,"played":[1.0,0.0,0.0],"evs":[0.0,-0.21679,-1.31551]},"A7s":{"weight":1.0,"played":[1.0,0.0,0.0],"evs":[0.0,-0.1983,-1.17251]},"A8s":{"weight":1.0,"played":[0.9974,0.0026,0.0],"evs":[0.0,-0.03968,-0.83464]},"A9s":{"weight":1.0,"played":[0.0048,0.9952,0.0],"evs":[0.0,0.18366,-0.37231]},"ATs":{"weight":1.0,"played":[0.001,0.9982,8.0E-4],"evs":[0.0,0.42857,0.26544]},"AJs":{"weight":1.0,"played":[0.0,0.3365,0.6635],"evs":[0.0,0.71936,0.74256]},"AQs":{"weight":1.0,"played":[0.0,0.0063,0.9937],"evs":[0.0,1.12693,1.23501]},"AKs":{"weight":1.0,"played":[0.0,0.0,1.0],"evs":[0.0,1.72849,1.85907]},"AA":{"weight":1.0,"played":[0.0,0.0,1.0],"evs":[0.0,6.16446,6.66806]}}}