{"player":4,"street":0,"children":2,"sequence":[{"player":0,"type":"F","amount":0,"street":0},{"player":1,"type":"F","amount":0,"street":0},{"player":2,"type":"R","amount":8160000,"street":0},{"player":3,"type":"F","amount":0,"street":0},{"player":4,"type":"C","amount":8160000,"street":0},{"player":5,"type":"F","amount":0,"street":0},{"player":6,"type":"R","amount":18720000,"street":0}],"actions":[{"type":"F","amount":0},{"type":"C","amount":10560000}],"hands":{"22":{"weight":0.9982,"played":[0.0,1.0],"evs":[0.0,1.13198]},"32o":{"weight":0.0,"played":[0.9999,1.0E-4],"evs":[0.0,-0.15265]},"42o":{"weight":0.0,"played":[0.9999,1.0E-4],"evs":[0.0,-0.04607]},"52o":{"weight":0.0,"played":[0.4073,0.5927],"evs":[0.0,0.01211]},"62o":{"weight":0.0,"played":[0.9999,1.0E-4],"evs":[0.0,-0.23037]},"72o":{"weight":0.0,"played":[1.0,0.0],"evs":[0.0,-0.38358]},"82o":{"weight":0.0,"played":[0.9999,1.0E-4],"evs":[0.0,-0.34886]},"92o":{"weight":0.0,"played":[1.0,0.0],"evs":[0.0,-0.35794]},"T2o":{"weight":0.0,"played":[0.9987,0.0013],"evs":[0.0,-0.24122]},"J2o":{"weight":0.0,"played":[0.9924,0.0076],"evs":[0.0,-0.0934]},"Q2o":{"weight":0.0,"played":[1.0,0.0],"evs":[0.0,-0.13863]},"K2o":{"weight":0.0,"played":[0.0266,0.9734],"evs":[0.0,0.0653]},"A2o":{"weight":0.0,"played":[0.2302,0.7698],"evs":[0.0,0.03251]},"32s":{"weight":0.0,"played":[8.0E-4,0.9992],"evs":[0.0,0.37828]},"33":{"weight":0.5022,"played":[0.0,1.0],"evs":[0.0,1.18658]},"43o":{"weight":0.0,"played":[0.0186,0.9814],"evs":[0.0,0.08117]},"53o":{"weight":0.0,"played":[0.0,1.0],"evs":[0.0,0.25476]},"63o":{"weight":0.0,"played":[0.0571,0.9429],"evs":[0.0,0.06191]},"73o":{"weight":0.0,"played":[1.0,0.0],"evs":[0.0,-0.19905]},"83o":{"weight":0.0,"played":[1.0,0.0],"evs":[0.0,-0.31119]},"93o":{"weight":0.0,"played":[1.0,0.0],"evs":[0.0,-0.26788]},"T3o":{"weight":0.0,"played":[0.9995,5.0E-4],"evs":[0.0,-0.1483]},"J3o":{"weight":0.0,"played":[0.999,0.001],"evs":[0.0,-0.10914]},"Q3o":{"weight":0.0,"played":[0.9841,0.0159],"evs":[0.0,-0.16395]},"K3o":{"weight":0.0,"played":[2.0E-4,0.9998],"evs":[0.0,0.18185]},"A3o":{"weight":0.0,"played":[0.0042,0.9958],"evs":[0.0,0.08614]},"42s":{"weight":0.0,"played":[4.0E-4,0.9996],"evs":[0.0,0.49614]},"43s":{"weight":0.0,"played":[1.0E-4,0.9999],"evs":[0.0,0.59834]},"44":{"weight":0.6679,"played":[0.0,1.0],"evs":[0.0,1.32111]},"54o":{"weight":0.0,"played":[1.0E-4,0.9999],"evs":[0.0,0.43817]},"64o":{"weight":0.0,"played":[0.0,1.0],"evs":[0.0,0.23843]},"74o":{"weight":0.0,"played":[0.3562,0.6438],"evs":[0.0,0.00783]},"84o":{"weight":0.0,"played":[0.9934,0.0066],"evs":[0.0,-0.11383]},"94o":{"weight":0.0,"played":[0.9999,1.0E-4],"evs":[0.0,-0.24708]},"T4o":{"weight":0.0,"played":[0.9994,6.0E-4],"evs":[0.0,-0.05706]},"J4o":{"weight":0.0,"played":[0.8633,0.1367],"evs":[0.0,0.00596]},"Q4o":{"weight":0.0,"played":[0.9653,0.0347],"evs":[0.0,-0.0294]},"K4o":{"weight":0.0,"played":[0.0,1.0],"evs":[0.0,0.18632]},"A4o":{"weight":0.0,"played":[9.0E-4,0.9991],"evs":[0.0,0.14081]},"52s":{"weight":0.0,"played":[0.0,1.0],"evs":[0.0,0.44941]},"53s":{"weight":0.0,"played":[0.0,1.0],"evs":[0.0,0.60862]},"54s":{"weight":0.0,"played":[0.0,1.0],"evs":[0.0,0.89185]},"55":{"weight":0.543,"played":[0.0,1.0],"evs":[0.0,1.34614]},"65o":{"weight":0.0,"played":[0.0,1.0],"evs":[0.0,0.40624]},"75o":{"weight":0.0,"played":[2.0E-4,0.9998],"evs":[0.0,0.16885]},"85o":{"weight":0.0,"played":[0.3901,0.6099],"evs":[0.0,0.06364]},"95o":{"weight":0.0,"played":[0.9959,0.0041],"evs":[0.0,-0.07999]},"T5o":{"weight":0.0,"played":[0.997,0.003],"evs":[0.0,-0.10637]},"J5o":{"weight":0.0,"played":[0.4998,0.5002],"evs":[0.0,-0.0343]},"Q5o":{"weight":0.0,"played":[0.939,0.061],"evs":[0.0,-0.01229]},"K5o":{"weight":0.0,"played":[0.0027,0.9973],"evs":[0.0,0.24129]},"A5o":{"weight":0.0,"played":[2.0E-4,0.9998],"evs":[0.0,0.17423]},"62s":{"weight":0.0,"played":[0.0,1.0],"evs":[0.0,0.22577]},"63s":{"weight":0.0,"played":[3.0E-4,0.9997],"evs":[0.0,0.59912]},"64s":{"weight":0.0,"played":[1.0E-4,0.9999],"evs":[0.0,0.73804]},"65s":{"weight":0.0,"played":[0.0,1.0],"evs":[0.0,0.97125]},"66":{"weight":0.14,"played":[0.0,1.0],"evs":[0.0,1.41776]},"76o":{"weight":0.0,"played":[1.0E-4,0.9999],"evs":[0.0,0.39561]},"86o":{"weight":0.0,"played":[0.0,1.0],"evs":[0.0,0.25962]},"96o":{"weight":0.0,"played":[0.1118,0.8882],"evs":[0.0,0.08856]},"T6o":{"weight":0.0,"played":[0.0438,0.9562],"evs":[0.0,0.14794]},"J6o":{"weight":0.0,"played":[0.4185,0.5815],"evs":[0.0,0.01308]},"Q6o":{"weight":0.0,"played":[0.02,0.98],"evs":[0.0,0.05305]},"K6o":{"weight":0.0,"played":[7.0E-4,0.9993],"evs":[0.0,0.28875]},"A6o":{"weight":0.0,"played":[0.1984,0.8016],"evs":[0.0,0.0618]},"72s":{"weight":0.0,"played":[0.064,0.936],"evs":[0.0,0.04613]},"73s":{"weight":0.0,"played":[0.0049,0.9951],"evs":[0.0,0.3905]},"74s":{"weight":0.0,"played":[1.0E-4,0.9999],"evs":[0.0,0.6352]},"75s":{"weight":0.0,"played":[0.0,1.0],"evs":[0.0,0.76685]},"76s":{"weight":0.0,"played":[0.0,1.0],"evs":[0.0,0.79137]},"77":{"weight":0.8282,"played":[0.0,1.0],"evs":[0.0,1.37158]},"87o":{"weight":0.0,"played":[0.0,1.0],"evs":[0.0,0.3616]},"97o":{"weight":0.0,"played":[1.0E-4,0.9999],"evs":[0.0,0.16432]},"T7o":{"weight":0.0,"played":[4.0E-4,0.9996],"evs":[0.0,0.15726]},"J7o":{"weight":0.0,"played":[0.0011,0.9989],"evs":[0.0,0.13604]},"Q7o":{"weight":0.0,"played":[0.9971,0.0029],"evs":[0.0,-0.10032]},"K7o":{"weight":0.0,"played":[2.0E-4,0.9998],"evs":[0.0,0.2686]},"A7o":{"weight":3.0E-4,"played":[0.0863,0.9137],"evs":[0.0,0.0829]},"82s":{"weight":0.0,"played":[0.0138,0.9862],"evs":[0.0,0.08023]},"83s":{"weight":0.0,"played":[7.0E-4,0.9993],"evs":[0.0,0.22558]},"84s":{"weight":0.0,"played":[0.0025,0.9975],"evs":[0.0,0.34775]},"85s":{"weight":0.0,"played":[1.0E-4,0.9999],"evs":[0.0,0.53198]},"86s":{"weight":0.0,"played":[0.0,1.0],"evs":[0.0,0.79684]},"87s":{"weight":0.0,"played":[5.0E-4,0.9995],"evs":[0.0,0.78144]},"88":{"weight":0.3377,"played":[0.0,1.0],"evs":[0.0,1.39934]},"98o":{"weight":0.0,"played":[0.0,1.0],"evs":[0.0,0.26729]},"T8o":{"weight":0.0,"played":[0.0,1.0],"evs":[0.0,0.32771]},"J8o":{"weight":0.0,"played":[0.0,1.0],"evs":[0.0,0.20454]},"Q8o":{"weight":0.0,"played":[2.0E-4,0.9998],"evs":[0.0,0.10863]},"K8o":{"weight":0.0,"played":[1.0E-4,0.9999],"evs":[0.0,0.18393]},"A8o":{"weight":1.0,"played":[0.283,0.717],"evs":[0.0,0.00911]},"92s":{"weight":0.0,"played":[2.0E-4,0.9998],"evs":[0.0,0.15384]},"93s":{"weight":0.0,"played":[5.0E-4,0.9995],"evs":[0.0,0.22609]},"94s":{"weight":0.0,"played":[0.0023,0.9977],"evs":[0.0,0.30302]},"95s":{"weight":0.0,"played":[1.0E-4,0.9999],"evs":[0.0,0.39842]},"96s":{"weight":0.0,"played":[5.0E-4,0.9995],"evs":[0.0,0.70191]},"97s":{"weight":0.0,"played":[0.0,1.0],"evs":[0.0,0.7798]},"98s":{"weight":0.0,"played":[0.0,1.0],"evs":[0.0,0.85866]},"99":{"weight":2.0E-4,"played":[0.0,1.0],"evs":[0.0,1.76154]},"T9o":{"weight":0.0,"played":[0.0,1.0],"evs":[0.0,0.49039]},"J9o":{"weight":0.0,"played":[1.0E-4,0.9999],"evs":[0.0,0.44295]},"Q9o":{"weight":0.0,"played":[0.0,1.0],"evs":[0.0,0.20227]},"K9o":{"weight":0.0,"played":[0.0,1.0],"evs":[0.0,0.23445]},"A9o":{"weight":0.9999,"played":[0.0172,0.9828],"evs":[0.0,0.0312]},"T2s":{"weight":0.0,"played":[0.0021,0.9979],"evs":[0.0,0.21851]},"T3s":{"weight":0.0,"played":[8.0E-4,0.9992],"evs":[0.0,0.35584]},"T4s":{"weight":0.0,"played":[0.0,1.0],"evs":[0.0,0.42372]},"T5s":{"weight":0.0,"played":[2.0E-4,0.9998],"evs":[0.0,0.42981]},"T6s":{"weight":0.0,"played":[0.0,1.0],"evs":[0.0,0.54645]},"T7s":{"weight":0.0,"played":[1.0E-4,0.9999],"evs":[0.0,0.69087]},"T8s":{"weight":0.0,"played":[0.0,1.0],"evs":[0.0,0.76901]},"T9s":{"weight":0.2188,"played":[0.0,1.0],"evs":[0.0,0.87238]},"TT":{"weight":0.0816,"played":[0.0,1.0],"evs":[0.0,2.50354]},"JTo":{"weight":0.0,"played":[0.0,1.0],"evs":[0.0,0.66509]},"QTo":{"weight":0.0,"played":[0.0,1.0],"evs":[0.0,0.62761]},"KTo":{"weight":0.0,"played":[0.0,1.0],"evs":[0.0,0.66938]},"ATo":{"weight":0.4865,"played":[0.0,1.0],"evs":[0.0,0.44501]},"J2s":{"weight":0.0,"played":[0.003,0.997],"evs":[0.0,0.38884]},"J3s":{"weight":0.0,"played":[0.001,0.999],"evs":[0.0,0.50571]},"J4s":{"weight":0.0,"played":[3.0E-4,0.9997],"evs":[0.0,0.50636]},"J5s":{"weight":0.0,"played":[1.0E-4,0.9999],"evs":[0.0,0.48926]},"J6s":{"weight":0.0,"played":[0.0,1.0],"evs":[0.0,0.61845]},"J7s":{"weight":0.0,"played":[0.0,1.0],"evs":[0.0,0.64322]},"J8s":{"weight":0.0,"played":[1.0E-4,0.9999],"evs":[0.0,0.77887]},"J9s":{"weight":4.0E-4,"played":[0.0,1.0],"evs":[0.0,0.91063]},"JTs":{"weight":0.9762,"played":[0.0,1.0],"evs":[0.0,1.19362]},"JJ":{"weight":0.9984,"played":[0.0,1.0],"evs":[0.0,3.29828]},"QJo":{"weight":0.0,"played":[0.0,1.0],"evs":[0.0,0.67659]},"KJo":{"weight":0.9984,"played":[0.0,1.0],"evs":[0.0,0.79146]},"AJo":{"weight":0.4792,"played":[0.0,1.0],"evs":[0.0,0.63969]},"Q2s":{"weight":0.0,"played":[1.0E-4,0.9999],"evs":[0.0,0.34336]},"Q3s":{"weight":0.0,"played":[0.0,1.0],"evs":[0.0,0.46187]},"Q4s":{"weight":0.0,"played":[7.0E-4,0.9993],"evs":[0.0,0.42711]},"Q5s":{"weight":0.0,"played":[0.0,1.0],"evs":[0.0,0.55631]},"Q6s":{"weight":0.0,"played":[5.0E-4,0.9995],"evs":[0.0,0.60776]},"Q7s":{"weight":0.0,"played":[0.0,1.0],"evs":[0.0,0.43095]},"Q8s":{"weight":0.0,"played":[0.0,1.0],"evs":[0.0,0.64477]},"Q9s":{"weight":0.0,"played":[0.0,1.0],"evs":[0.0,0.6453]},"QTs":{"weight":0.9994,"played":[0.0,1.0],"evs":[0.0,1.04068]},"QJs":{"weight":0.2202,"played":[0.0,1.0],"evs":[0.0,1.16455]},"QQ":{"weight":1.0,"played":[0.0,1.0],"evs":[0.0,4.253]},"KQo":{"weight":0.9954,"played":[0.0,1.0],"evs":[0.0,0.68524]},"AQo":{"weight":1.0E-4,"played":[0.0,1.0],"evs":[0.0,1.34468]},"K2s":{"weight":0.0,"played":[0.0,1.0],"evs":[0.0,0.64146]},"K3s":{"weight":0.0,"played":[0.0,1.0],"evs":[0.0,0.67521]},"K4s":{"weight":0.0,"played":[0.0,1.0],"evs":[0.0,0.75437]},"K5s":{"weight":0.0,"played":[0.0,1.0],"evs":[0.0,0.69654]},"K6s":{"weight":0.0,"played":[0.0,1.0],"evs":[0.0,0.80503]},"K7s":{"weight":0.0,"played":[0.0,1.0],"evs":[0.0,0.78314]},"K8s":{"weight":0.0,"played":[0.0,1.0],"evs":[0.0,0.80252]},"K9s":{"weight":7.0E-4,"played":[0.0,1.0],"evs":[0.0,0.78909]},"KTs":{"weight":0.9162,"played":[0.0,1.0],"evs":[0.0,1.15729]},"KJs":{"weight":1.0E-4,"played":[0.0,1.0],"evs":[0.0,1.24542]},"KQs":{"weight":0.0011,"played":[0.0,1.0],"evs":[0.0,1.26328]},"KK":{"weight":1.0,"played":[0.0,1.0],"evs":[0.0,5.69588]},"AKo":{"weight":0.9712,"played":[0.0,1.0],"evs":[0.0,2.74322]},"A2s":{"weight":0.9999,"played":[0.0,1.0],"evs":[0.0,0.56523]},"A3s":{"weight":1.0,"played":[0.0,1.0],"evs":[0.0,0.6146]},"A4s":{"weight":0.9992,"played":[0.0,1.0],"evs":[0.0,0.6068]},"A5s":{"weight":0.9475,"played":[0.0,1.0],"evs":[0.0,0.70488]},"A6s":{"weight":0.9968,"played":[2.0E-4,0.9998],"evs":[0.0,0.49439]},"A7s":{"weight":0.9976,"played":[0.0,1.0],"evs":[0.0,0.56874]},"A8s":{"weight":0.9791,"played":[0.0,1.0],"evs":[0.0,0.61086]},"A9s":{"weight":0.1528,"played":[0.0,1.0],"evs":[0.0,0.59942]},"ATs":{"weight":0.0024,"played":[0.0,1.0],"evs":[0.0,0.96117]},"AJs":{"weight":0.0,"played":[0.0,1.0],"evs":[0.0,1.217]},"AQs":{"weight":9.0E-4,"played":[0.0,1.0],"evs":[0.0,1.72957]},"AKs":{"weight":0.9999,"played":[0.0,1.0],"evs":[0.0,3.01843]},"AA":{"weight":1.0,"played":[0.0,1.0],"evs":[0.0,7.71356]}}}