{"player":6,"street":0,"children":3,"sequence":[{"player":0,"type":"F","amount":0,"street":0},{"player":1,"type":"F","amount":0,"street":0},{"player":2,"type":"R","amount":8160000,"street":0},{"player":3,"type":"F","amount":0,"street":0},{"player":4,"type":"C","amount":8160000,"street":0},{"player":5,"type":"C","amount":6560000,"street":0}],"actions":[{"type":"F","amount":0},{"type":"C","amount":4960000},{"type":"R","amount":18720000,"node":40}],"hands":{"22":{"weight":1.0,"played":[0.9996,2.0E-4,2.0E-4],"evs":[0.0,-0.54249,-1.73084]},"32o":{"weight":1.0,"played":[1.0,0.0,0.0],"evs":[0.0,-1.31775,-3.72948]},"42o":{"weight":1.0,"played":[1.0,0.0,0.0],"evs":[0.0,-1.322,-3.75836]},"52o":{"weight":1.0,"played":[1.0,0.0,0.0],"evs":[0.0,-1.24097,-3.55993]},"62o":{"weight":1.0,"played":[1.0,0.0,0.0],"evs":[0.0,-1.28716,-3.7656]},"72o":{"weight":1.0,"played":[1.0,0.0,0.0],"evs":[0.0,-1.32663,-3.758]},"82o":{"weight":1.0,"played":[1.0,0.0,0.0],"evs":[0.0,-1.48124,-4.07694]},"92o":{"weight":1.0,"played":[1.0,0.0,0.0],"evs":[0.0,-1.09263,-3.67703]},"T2o":{"weight":1.0,"played":[1.0,0.0,0.0],"evs":[0.0,-1.15145,-3.86502]},"J2o":{"weight":1.0,"played":[1.0,0.0,0.0],"evs":[0.0,-1.15538,-3.67072]},"Q2o":{"weight":1.0,"played":[1.0,0.0,0.0],"evs":[0.0,-0.79447,-3.54067]},"K2o":{"weight":1.0,"played":[1.0,0.0,0.0],"evs":[0.0,-0.96562,-3.36273]},"A2o":{"weight":1.0,"played":[0.9999,0.0,1.0E-4],"evs":[0.0,-1.05574,-2.5559]},"32s":{"weight":1.0,"played":[0.9995,2.0E-4,3.0E-4],"evs":[0.0,-1.2412,-3.01831]},"33":{"weight":1.0,"played":[0.9997,3.0E-4,1.0E-4],"evs":[0.0,-0.29546,-1.3074]},"43o":{"weight":1.0,"played":[1.0,0.0,0.0],"evs":[0.0,-1.06724,-3.43562]},"53o":{"weight":1.0,"played":[1.0,0.0,0.0],"evs":[0.0,-1.14808,-3.37808]},"63o":{"weight":1.0,"played":[1.0,0.0,0.0],"evs":[0.0,-1.19771,-3.5956]},"73o":{"weight":1.0,"played":[1.0,0.0,0.0],"evs":[0.0,-1.34805,-3.59763]},"83o":{"weight":1.0,"played":[1.0,0.0,0.0],"evs":[0.0,-1.28028,-3.72932]},"93o":{"weight":1.0,"played":[1.0,0.0,0.0],"evs":[0.0,-1.20173,-3.5769]},"T3o":{"weight":1.0,"played":[1.0,0.0,0.0],"evs":[0.0,-1.11584,-3.33551]},"J3o":{"weight":1.0,"played":[1.0,0.0,0.0],"evs":[0.0,-1.24422,-3.70971]},"Q3o":{"weight":1.0,"played":[1.0,0.0,0.0],"evs":[0.0,-0.95075,-3.15148]},"K3o":{"weight":1.0,"played":[1.0,0.0,0.0],"evs":[0.0,-0.9747,-3.47814]},"A3o":{"weight":1.0,"played":[0.9999,0.0,1.0E-4],"evs":[0.0,-1.09555,-2.56514]},"42s":{"weight":1.0,"played":[1.0,0.0,0.0],"evs":[0.0,-1.12307,-2.92045]},"43s":{"weight":1.0,"played":[0.9998,1.0E-4,1.0E-4],"evs":[0.0,-0.55066,-2.10065]},"44":{"weight":1.0,"played":[0.9998,0.0,2.0E-4],"evs":[0.0,-0.51068,-0.79485]},"54o":{"weight":1.0,"played":[1.0,0.0,0.0],"evs":[0.0,-1.15666,-2.76705]},"64o":{"weight":1.0,"played":[1.0,0.0,0.0],"evs":[0.0,-1.13588,-3.00447]},"74o":{"weight":1.0,"played":[1.0,0.0,0.0],"evs":[0.0,-1.05158,-3.33651]},"84o":{"weight":1.0,"played":[1.0,0.0,0.0],"evs":[0.0,-1.16407,-3.47035]},"94o":{"weight":1.0,"played":[1.0,0.0,0.0],"evs":[0.0,-0.91245,-3.58769]},"T4o":{"weight":1.0,"played":[1.0,0.0,0.0],"evs":[0.0,-1.05697,-3.46009]},"J4o":{"weight":1.0,"played":[1.0,0.0,0.0],"evs":[0.0,-1.14273,-3.73373]},"Q4o":{"weight":1.0,"played":[1.0,0.0,0.0],"evs":[0.0,-0.96425,-3.09107]},"K4o":{"weight":1.0,"played":[1.0,0.0,0.0],"evs":[0.0,-0.75428,-3.09227]},"A4o":{"weight":1.0,"played":[0.9999,0.0,1.0E-4],"evs":[0.0,-1.03754,-2.64541]},"52s":{"weight":1.0,"played":[1.0,0.0,0.0],"evs":[0.0,-0.89287,-2.86095]},"53s":{"weight":1.0,"played":[0.998,0.0011,8.0E-4],"evs":[0.0,-0.78951,-2.58484]},"54s":{"weight":1.0,"played":[0.9998,1.0E-4,1.0E-4],"evs":[0.0,-1.04575,-2.48254]},"55":{"weight":1.0,"played":[0.9991,4.0E-4,5.0E-4],"evs":[0.0,-0.72819,-1.10651]},"65o":{"weight":1.0,"played":[0.9999,0.0,0.0],"evs":[0.0,-1.09401,-2.74073]},"75o":{"weight":1.0,"played":[1.0,0.0,0.0],"evs":[0.0,-1.02913,-2.85958]},"85o":{"weight":1.0,"played":[1.0,0.0,0.0],"evs":[0.0,-0.98598,-2.76908]},"95o":{"weight":1.0,"played":[1.0,0.0,0.0],"evs":[0.0,-1.10936,-3.53809]},"T5o":{"weight":1.0,"played":[1.0,0.0,0.0],"evs":[0.0,-1.16656,-3.57822]},"J5o":{"weight":1.0,"played":[1.0,0.0,0.0],"evs":[0.0,-1.20415,-3.16146]},"Q5o":{"weight":1.0,"played":[1.0,0.0,0.0],"evs":[0.0,-0.97437,-3.02859]},"K5o":{"weight":1.0,"played":[1.0,0.0,0.0],"evs":[0.0,-0.88371,-2.91322]},"A5o":{"weight":1.0,"played":[1.0,0.0,0.0],"evs":[0.0,-1.16266,-2.72382]},"62s":{"weight":1.0,"played":[0.9998,1.0E-4,1.0E-4],"evs":[0.0,-0.75458,-2.54666]},"63s":{"weight":1.0,"played":[0.9727,0.0272,1.0E-4],"evs":[0.0,-1.18669,-3.36805]},"64s":{"weight":1.0,"played":[1.0,0.0,0.0],"evs":[0.0,-0.62558,-2.19887]},"65s":{"weight":1.0,"played":[0.9993,7.0E-4,0.0],"evs":[0.0,-0.99489,-2.06418]},"66":{"weight":1.0,"played":[0.9965,2.0E-4,0.0033],"evs":[0.0,-0.65438,-0.69765]},"76o":{"weight":1.0,"played":[0.9998,0.0,2.0E-4],"evs":[0.0,-0.9137,-2.67158]},"86o":{"weight":1.0,"played":[1.0,0.0,0.0],"evs":[0.0,-0.93405,-3.07398]},"96o":{"weight":1.0,"played":[1.0,0.0,0.0],"evs":[0.0,-0.88832,-2.93473]},"T6o":{"weight":1.0,"played":[1.0,0.0,0.0],"evs":[0.0,-0.89777,-2.92124]},"J6o":{"weight":1.0,"played":[1.0,0.0,0.0],"evs":[0.0,-1.11043,-3.35916]},"Q6o":{"weight":1.0,"played":[1.0,0.0,0.0],"evs":[0.0,-0.94175,-2.99557]},"K6o":{"weight":1.0,"played":[1.0,0.0,0.0],"evs":[0.0,-0.91097,-3.0055]},"A6o":{"weight":1.0,"played":[1.0,0.0,0.0],"evs":[0.0,-1.23491,-2.71208]},"72s":{"weight":1.0,"played":[0.9995,0.0,5.0E-4],"evs":[0.0,-1.39837,-3.66465]},"73s":{"weight":1.0,"played":[1.0,0.0,0.0],"evs":[0.0,-0.74671,-2.48413]},"74s":{"weight":1.0,"played":[1.0,0.0,0.0],"evs":[0.0,-0.71681,-2.5905]},"75s":{"weight":1.0,"played":[0.9998,2.0E-4,0.0],"evs":[0.0,-0.92813,-2.28706]},"76s":{"weight":1.0,"played":[0.9992,6.0E-4,2.0E-4],"evs":[0.0,-0.74448,-1.90453]},"77":{"weight":1.0,"played":[0.6757,0.0222,0.302],"evs":[0.0,-0.06693,0.05237]},"87o":{"weight":1.0,"played":[1.0,0.0,0.0],"evs":[0.0,-0.69554,-2.20922]},"97o":{"weight":1.0,"played":[1.0,0.0,0.0],"evs":[0.0,-0.86017,-2.79465]},"T7o":{"weight":1.0,"played":[1.0,0.0,0.0],"evs":[0.0,-0.76963,-2.95644]},"J7o":{"weight":1.0,"played":[1.0,0.0,0.0],"evs":[0.0,-0.93887,-3.1657]},"Q7o":{"weight":1.0,"played":[1.0,0.0,0.0],"evs":[0.0,-0.78817,-2.93769]},"K7o":{"weight":1.0,"played":[1.0,0.0,0.0],"evs":[0.0,-0.74525,-2.73865]},"A7o":{"weight":1.0,"played":[0.9999,0.0,1.0E-4],"evs":[0.0,-0.98848,-2.7344]},"82s":{"weight":1.0,"played":[1.0,0.0,0.0],"evs":[0.0,-0.82684,-2.60155]},"83s":{"weight":1.0,"played":[1.0,0.0,0.0],"evs":[0.0,-0.81583,-2.8152]},"84s":{"weight":1.0,"played":[0.9995,4.0E-4,1.0E-4],"evs":[0.0,-0.76342,-2.79778]},"85s":{"weight":1.0,"played":[1.0,0.0,0.0],"evs":[0.0,-0.83228,-2.63258]},"86s":{"weight":1.0,"played":[0.9999,0.0,0.0],"evs":[0.0,-0.79269,-2.35122]},"87s":{"weight":1.0,"played":[0.9959,5.0E-4,0.0036],"evs":[0.0,-0.66619,-2.26411]},"88":{"weight":1.0,"played":[0.004,0.3139,0.6821],"evs":[0.0,0.51546,0.61246]},"98o":{"weight":1.0,"played":[1.0,0.0,0.0],"evs":[0.0,-0.48942,-2.29919]},"T8o":{"weight":1.0,"played":[1.0,0.0,0.0],"evs":[0.0,-0.77327,-2.58195]},"J8o":{"weight":1.0,"played":[1.0,0.0,0.0],"evs":[0.0,-0.57273,-2.57207]},"Q8o":{"weight":1.0,"played":[1.0,0.0,0.0],"evs":[0.0,-0.75065,-2.62586]},"K8o":{"weight":1.0,"played":[0.9999,1.0E-4,0.0],"evs":[0.0,-0.62354,-2.52207]},"A8o":{"weight":1.0,"played":[0.9999,1.0E-4,0.0],"evs":[0.0,-0.8671,-2.19286]},"92s":{"weight":1.0,"played":[0.9999,1.0E-4,0.0],"evs":[0.0,-0.62632,-2.78004]},"93s":{"weight":1.0,"played":[1.0,0.0,0.0],"evs":[0.0,-1.02511,-2.90861]},"94s":{"weight":1.0,"played":[1.0,0.0,0.0],"evs":[0.0,-0.97164,-2.85504]},"95s":{"weight":1.0,"played":[0.9999,0.0,1.0E-4],"evs":[0.0,-0.91475,-2.99718]},"96s":{"weight":1.0,"played":[1.0,0.0,0.0],"evs":[0.0,-0.7926,-2.01742]},"97s":{"weight":1.0,"played":[0.9998,0.0,2.0E-4],"evs":[0.0,-0.64462,-2.30623]},"98s":{"weight":1.0,"played":[0.998,0.0013,6.0E-4],"evs":[0.0,-0.50246,-2.16284]},"99":{"weight":1.0,"played":[0.007,0.0047,0.9883],"evs":[0.0,1.15367,1.4951]},"T9o":{"weight":1.0,"played":[1.0,0.0,0.0],"evs":[0.0,-0.69856,-2.53207]},"J9o":{"weight":1.0,"played":[0.9997,0.0,2.0E-4],"evs":[0.0,-0.38743,-2.09473]},"Q9o":{"weight":1.0,"played":[0.9999,1.0E-4,0.0],"evs":[0.0,-0.43394,-2.31437]},"K9o":{"weight":1.0,"played":[1.0,0.0,0.0],"evs":[0.0,-0.68781,-2.40044]},"A9o":{"weight":1.0,"played":[1.0,0.0,0.0],"evs":[0.0,-0.67024,-1.67342]},"T2s":{"weight":1.0,"played":[1.0,0.0,0.0],"evs":[0.0,-0.78354,-3.02921]},"T3s":{"weight":1.0,"played":[1.0,0.0,0.0],"evs":[0.0,-0.83605,-2.64621]},"T4s":{"weight":1.0,"played":[1.0,0.0,0.0],"evs":[0.0,-0.69341,-2.31232]},"T5s":{"weight":1.0,"played":[1.0,0.0,0.0],"evs":[0.0,-0.84532,-2.63926]},"T6s":{"weight":1.0,"played":[1.0,0.0,0.0],"evs":[0.0,-0.50663,-2.32726]},"T7s":{"weight":1.0,"played":[1.0,0.0,0.0],"evs":[0.0,-0.32641,-2.18824]},"T8s":{"weight":1.0,"played":[0.613,0.3864,6.0E-4],"evs":[0.0,0.31287,-1.69137]},"T9s":{"weight":1.0,"played":[0.9068,0.0932,0.0],"evs":[0.0,0.01705,-1.50044]},"TT":{"weight":1.0,"played":[5.0E-4,0.0,0.9995],"evs":[0.0,1.42792,2.07486]},"JTo":{"weight":1.0,"played":[1.0,0.0,0.0],"evs":[0.0,-0.40688,-1.86381]},"QTo":{"weight":1.0,"played":[1.0,0.0,0.0],"evs":[0.0,-0.33752,-1.82379]},"KTo":{"weight":1.0,"played":[1.0,0.0,0.0],"evs":[0.0,-0.46862,-1.97023]},"ATo":{"weight":1.0,"played":[0.9999,1.0E-4,0.0],"evs":[0.0,-0.44586,-0.52165]},"J2s":{"weight":1.0,"played":[0.9999,1.0E-4,1.0E-4],"evs":[0.0,-0.87278,-3.1427]},"J3s":{"weight":1.0,"played":[1.0,0.0,0.0],"evs":[0.0,-0.95372,-2.68596]},"J4s":{"weight":1.0,"played":[0.9998,1.0E-4,0.0],"evs":[0.0,-0.64918,-2.93876]},"J5s":{"weight":1.0,"played":[0.9988,2.0E-4,0.001],"evs":[0.0,-0.70543,-2.53548]},"J6s":{"weight":1.0,"played":[0.9998,0.0,2.0E-4],"evs":[0.0,-1.11898,-3.30919]},"J7s":{"weight":1.0,"played":[0.9884,0.0116,0.0],"evs":[0.0,-1.09022,-2.52809]},"J8s":{"weight":1.0,"played":[0.997,0.003,0.0],"evs":[0.0,-0.64545,-2.26002]},"J9s":{"weight":1.0,"played":[0.9998,0.0,1.0E-4],"evs":[0.0,-0.66266,-2.27571]},"JTs":{"weight":1.0,"played":[0.9783,0.0048,0.017],"evs":[0.0,-0.90357,-1.9081]},"JJ":{"weight":1.0,"played":[5.0E-4,1.0E-4,0.9994],"evs":[0.0,2.14158,2.91497]},"QJo":{"weight":1.0,"played":[1.0,0.0,0.0],"evs":[0.0,-0.50601,-2.17783]},"KJo":{"weight":1.0,"played":[1.0,0.0,0.0],"evs":[0.0,-0.53797,-2.00632]},"AJo":{"weight":1.0,"played":[0.847,1.0E-4,0.1528],"evs":[0.0,-0.40854,-0.53917]},"Q2s":{"weight":1.0,"played":[1.0,0.0,0.0],"evs":[0.0,-0.64381,-2.21105]},"Q3s":{"weight":1.0,"played":[0.9998,2.0E-4,0.0],"evs":[0.0,-0.59812,-2.26731]},"Q4s":{"weight":1.0,"played":[0.9994,5.0E-4,2.0E-4],"evs":[0.0,-1.02361,-2.63008]},"Q5s":{"weight":1.0,"played":[0.9996,4.0E-4,0.0],"evs":[0.0,-0.77293,-2.90959]},"Q6s":{"weight":1.0,"played":[0.9951,0.0032,0.0017],"evs":[0.0,-0.66219,-2.33635]},"Q7s":{"weight":1.0,"played":[0.9733,0.0267,0.0],"evs":[0.0,-0.43924,-2.60476]},"Q8s":{"weight":1.0,"played":[0.9996,0.0,3.0E-4],"evs":[0.0,-0.6158,-1.95939]},"Q9s":{"weight":1.0,"played":[0.9838,0.0072,0.009],"evs":[0.0,-0.37839,-1.90871]},"QTs":{"weight":1.0,"played":[0.9953,0.0023,0.0024],"evs":[0.0,-0.16195,-1.19005]},"QJs":{"weight":1.0,"played":[0.6837,0.3092,0.0071],"evs":[0.0,-0.21212,-1.78153]},"QQ":{"weight":1.0,"played":[1.0E-4,0.005,0.9949],"evs":[0.0,3.19398,3.88278]},"KQo":{"weight":1.0,"played":[0.3914,0.6086,0.0],"evs":[0.0,0.09535,-0.72189]},"AQo":{"weight":1.0,"played":[0.0562,0.3681,0.5758],"evs":[0.0,0.38262,0.31634]},"K2s":{"weight":1.0,"played":[0.9998,2.0E-4,0.0],"evs":[0.0,-0.55556,-2.7124]},"K3s":{"weight":1.0,"played":[1.0,0.0,0.0],"evs":[0.0,-0.74936,-2.45109]},"K4s":{"weight":1.0,"played":[0.9999,1.0E-4,0.0],"evs":[0.0,-0.53863,-2.07701]},"K5s":{"weight":1.0,"played":[0.9994,5.0E-4,1.0E-4],"evs":[0.0,-0.78041,-2.09956]},"K6s":{"weight":1.0,"played":[0.9966,0.0024,0.001],"evs":[0.0,-0.78286,-2.36155]},"K7s":{"weight":1.0,"played":[0.9981,0.0,0.0019],"evs":[0.0,-0.37141,-2.13187]},"K8s":{"weight":1.0,"played":[0.9861,0.0129,9.0E-4],"evs":[0.0,-0.41991,-2.00938]},"K9s":{"weight":1.0,"played":[0.9999,1.0E-4,0.0],"evs":[0.0,-0.18333,-1.50215]},"KTs":{"weight":1.0,"played":[0.9166,0.0789,0.0045],"evs":[0.0,-0.04854,-1.00618]},"KJs":{"weight":1.0,"played":[0.9995,1.0E-4,4.0E-4],"evs":[0.0,-0.22788,-0.7038]},"KQs":{"weight":1.0,"played":[0.0998,0.8759,0.0242],"evs":[0.0,0.79599,0.34211]},"KK":{"weight":1.0,"played":[1.0E-4,3.0E-4,0.9996],"evs":[0.0,4.25559,5.51305]},"AKo":{"weight":1.0,"played":[0.0067,0.0,0.9933],"evs":[0.0,0.64706,0.95961]},"A2s":{"weight":1.0,"played":[0.9998,2.0E-4,0.0],"evs":[0.0,-0.36784,-1.69766]},"A3s":{"weight":1.0,"played":[0.9995,5.0E-4,0.0],"evs":[0.0,-1.119,-2.22154]},"A4s":{"weight":1.0,"played":[1.0,0.0,0.0],"evs":[0.0,-0.87394,-1.90446]},"A5s":{"weight":1.0,"played":[0.9994,0.0,6.0E-4],"evs":[0.0,-0.8173,-1.35045]},"A6s":{"weight":1.0,"played":[0.9998,1.0E-4,0.0],"evs":[0.0,-1.12704,-1.97991]},"A7s":{"weight":1.0,"played":[0.9935,0.0065,0.0],"evs":[0.0,-0.98521,-1.52705]},"A8s":{"weight":1.0,"played":[0.9611,0.0389,0.0],"evs":[0.0,-0.11313,-1.46925]},"A9s":{"weight":1.0,"played":[0.9891,0.0108,1.0E-4],"evs":[0.0,-0.32545,-0.52093]},"ATs":{"weight":1.0,"played":[0.5626,0.3828,0.0546],"evs":[0.0,0.12108,0.00775]},"AJs":{"weight":1.0,"played":[0.275,0.3603,0.3647],"evs":[0.0,0.06276,0.12023]},"AQs":{"weight":1.0,"played":[0.0198,0.0559,0.9243],"evs":[0.0,1.06404,1.26285]},"AKs":{"weight":1.0,"played":[0.0089,0.0069,0.9841],"evs":[0.0,2.00503,2.14999]},"AA":{"weight":1.0,"played":[0.0,1.0E-4,0.9999],"evs":[0.0,5.39876,6.72319]}}}