{"player":4,"street":0,"children":2,"sequence":[{"player":0,"type":"F","amount":0,"street":0},{"player":1,"type":"F","amount":0,"street":0},{"player":2,"type":"F","amount":0,"street":0},{"player":3,"type":"F","amount":0,"street":0}],"actions":[{"type":"F","amount":0,"node":5},{"type":"R","amount":36960000,"node":7}],"hands":{"22":{"weight":1.0,"played":[0.0,1.0],"evs":[0.0,0.72271]},"32o":{"weight":1.0,"played":[1.0,0.0],"evs":[0.0,-0.23451]},"42o":{"weight":1.0,"played":[1.0,0.0],"evs":[0.0,-0.19701]},"52o":{"weight":1.0,"played":[1.0,0.0],"evs":[0.0,-0.16095]},"62o":{"weight":1.0,"played":[1.0,0.0],"evs":[0.0,-0.23663]},"72o":{"weight":1.0,"played":[1.0,0.0],"evs":[0.0,-0.27421]},"82o":{"weight":1.0,"played":[1.0,0.0],"evs":[0.0,-0.21662]},"92o":{"weight":1.0,"played":[1.0,0.0],"evs":[0.0,-0.18322]},"T2o":{"weight":1.0,"played":[1.0,0.0],"evs":[0.0,-0.11804]},"J2o":{"weight":1.0,"played":[1.0,0.0],"evs":[0.0,-0.06526]},"Q2o":{"weight":1.0,"played":[0.985,0.015],"evs":[0.0,-0.0065]},"K2o":{"weight":1.0,"played":[0.0,1.0],"evs":[0.0,0.12681]},"A2o":{"weight":1.0,"played":[0.0,1.0],"evs":[0.0,0.62995]},"32s":{"weight":1.0,"played":[2.0E-4,0.9998],"evs":[0.0,0.01188]},"33":{"weight":1.0,"played":[0.0,1.0],"evs":[0.0,0.78376]},"43o":{"weight":1.0,"played":[1.0,0.0],"evs":[0.0,-0.10556]},"53o":{"weight":1.0,"played":[1.0,0.0],"evs":[0.0,-0.06134]},"63o":{"weight":1.0,"played":[1.0,0.0],"evs":[0.0,-0.14623]},"73o":{"weight":1.0,"played":[1.0,0.0],"evs":[0.0,-0.1756]},"83o":{"weight":1.0,"played":[1.0,0.0],"evs":[0.0,-0.20898]},"93o":{"weight":1.0,"played":[1.0,0.0],"evs":[0.0,-0.1535]},"T3o":{"weight":1.0,"played":[1.0,0.0],"evs":[0.0,-0.09329]},"J3o":{"weight":1.0,"played":[0.9994,6.0E-4],"evs":[0.0,-0.04043]},"Q3o":{"weight":1.0,"played":[6.0E-4,0.9994],"evs":[0.0,0.0195]},"K3o":{"weight":1.0,"played":[0.0,1.0],"evs":[0.0,0.15613]},"A3o":{"weight":1.0,"played":[0.0,1.0],"evs":[0.0,0.65373]},"42s":{"weight":1.0,"played":[0.0,1.0],"evs":[0.0,0.04422]},"43s":{"weight":1.0,"played":[0.0,1.0],"evs":[0.0,0.12742]},"44":{"weight":1.0,"played":[0.0,1.0],"evs":[0.0,0.85893]},"54o":{"weight":1.0,"played":[0.0,1.0],"evs":[0.0,0.02752]},"64o":{"weight":1.0,"played":[1.0,0.0],"evs":[0.0,-0.0528]},"74o":{"weight":1.0,"played":[0.9999,1.0E-4],"evs":[0.0,-0.07944]},"84o":{"weight":1.0,"played":[1.0,0.0],"evs":[0.0,-0.11678]},"94o":{"weight":1.0,"played":[1.0,0.0],"evs":[0.0,-0.13807]},"T4o":{"weight":1.0,"played":[1.0,0.0],"evs":[0.0,-0.05993]},"J4o":{"weight":1.0,"played":[0.9843,0.0157],"evs":[0.0,-0.00951]},"Q4o":{"weight":1.0,"played":[0.0,1.0],"evs":[0.0,0.0522]},"K4o":{"weight":1.0,"played":[0.0,1.0],"evs":[0.0,0.18136]},"A4o":{"weight":1.0,"played":[0.0,1.0],"evs":[0.0,0.68144]},"52s":{"weight":1.0,"played":[0.0,1.0],"evs":[0.0,0.07663]},"53s":{"weight":1.0,"played":[0.0,1.0],"evs":[0.0,0.16937]},"54s":{"weight":1.0,"played":[0.0,1.0],"evs":[0.0,0.24996]},"55":{"weight":1.0,"played":[0.0,1.0],"evs":[0.0,0.94121]},"65o":{"weight":1.0,"played":[0.0,1.0],"evs":[0.0,0.04946]},"75o":{"weight":1.0,"played":[4.0E-4,0.9996],"evs":[0.0,0.01872]},"85o":{"weight":1.0,"played":[0.9977,0.0023],"evs":[0.0,-0.01287]},"95o":{"weight":1.0,"played":[0.9992,8.0E-4],"evs":[0.0,-0.034]},"T5o":{"weight":1.0,"played":[1.0,0.0],"evs":[0.0,-0.04214]},"J5o":{"weight":1.0,"played":[0.0,1.0],"evs":[0.0,0.02573]},"Q5o":{"weight":1.0,"played":[0.0,1.0],"evs":[0.0,0.08829]},"K5o":{"weight":1.0,"played":[0.0,1.0],"evs":[0.0,0.21703]},"A5o":{"weight":1.0,"played":[0.0,1.0],"evs":[0.0,0.72626]},"62s":{"weight":1.0,"played":[0.5248,0.4752],"evs":[0.0,0.00779]},"63s":{"weight":1.0,"played":[0.0,1.0],"evs":[0.0,0.0938]},"64s":{"weight":1.0,"played":[0.0,1.0],"evs":[0.0,0.18487]},"65s":{"weight":1.0,"played":[0.0,1.0],"evs":[0.0,0.26502]},"66":{"weight":1.0,"played":[0.0,1.0],"evs":[0.0,1.00868]},"76o":{"weight":1.0,"played":[0.0,1.0],"evs":[0.0,0.10183]},"86o":{"weight":1.0,"played":[0.0,1.0],"evs":[0.0,0.07851]},"96o":{"weight":1.0,"played":[0.0,1.0],"evs":[0.0,0.04133]},"T6o":{"weight":1.0,"played":[0.0,1.0],"evs":[0.0,0.04411]},"J6o":{"weight":1.0,"played":[0.0,1.0],"evs":[0.0,0.02961]},"Q6o":{"weight":1.0,"played":[0.0,1.0],"evs":[0.0,0.10403]},"K6o":{"weight":1.0,"played":[0.0,1.0],"evs":[0.0,0.24237]},"A6o":{"weight":1.0,"played":[0.0,1.0],"evs":[0.0,0.70733]},"72s":{"weight":1.0,"played":[0.9972,0.0028],"evs":[0.0,-0.02798]},"73s":{"weight":1.0,"played":[0.0,1.0],"evs":[0.0,0.06093]},"74s":{"weight":1.0,"played":[0.0,1.0],"evs":[0.0,0.1532]},"75s":{"weight":1.0,"played":[0.0,1.0],"evs":[0.0,0.24899]},"76s":{"weight":1.0,"played":[0.0,1.0],"evs":[0.0,0.31501]},"77":{"weight":1.0,"played":[0.0,1.0],"evs":[0.0,1.13521]},"87o":{"weight":1.0,"played":[0.0,1.0],"evs":[0.0,0.16797]},"97o":{"weight":1.0,"played":[0.0,1.0],"evs":[0.0,0.14077]},"T7o":{"weight":1.0,"played":[0.0,1.0],"evs":[0.0,0.13492]},"J7o":{"weight":1.0,"played":[0.0,1.0],"evs":[0.0,0.12264]},"Q7o":{"weight":1.0,"played":[0.0,1.0],"evs":[0.0,0.1144]},"K7o":{"weight":1.0,"played":[0.0,1.0],"evs":[0.0,0.27284]},"A7o":{"weight":1.0,"played":[0.0,1.0],"evs":[0.0,0.78879]},"82s":{"weight":1.0,"played":[0.0028,0.9972],"evs":[0.0,0.02939]},"83s":{"weight":1.0,"played":[0.003,0.997],"evs":[0.0,0.03576]},"84s":{"weight":1.0,"played":[0.0,1.0],"evs":[0.0,0.12524]},"85s":{"weight":1.0,"played":[0.0,1.0],"evs":[0.0,0.21183]},"86s":{"weight":1.0,"played":[0.0,1.0],"evs":[0.0,0.2953]},"87s":{"weight":1.0,"played":[0.0,1.0],"evs":[0.0,0.38169]},"88":{"weight":1.0,"played":[0.0,1.0],"evs":[0.0,1.29592]},"98o":{"weight":1.0,"played":[0.0,1.0],"evs":[0.0,0.22783]},"T8o":{"weight":1.0,"played":[0.0,1.0],"evs":[0.0,0.22941]},"J8o":{"weight":1.0,"played":[0.0,1.0],"evs":[0.0,0.21497]},"Q8o":{"weight":1.0,"played":[0.0,1.0],"evs":[0.0,0.20408]},"K8o":{"weight":1.0,"played":[0.0,1.0],"evs":[0.0,0.311]},"A8o":{"weight":1.0,"played":[0.0,1.0],"evs":[0.0,0.90376]},"92s":{"weight":1.0,"played":[0.0,1.0],"evs":[0.0,0.06589]},"93s":{"weight":1.0,"played":[0.0,1.0],"evs":[0.0,0.08049]},"94s":{"weight":1.0,"played":[0.0,1.0],"evs":[0.0,0.09637]},"95s":{"weight":1.0,"played":[0.0,1.0],"evs":[0.0,0.1856]},"96s":{"weight":1.0,"played":[0.0,1.0],"evs":[0.0,0.2736]},"97s":{"weight":1.0,"played":[0.0,1.0],"evs":[0.0,0.35336]},"98s":{"weight":1.0,"played":[0.0,1.0],"evs":[0.0,0.43819]},"99":{"weight":1.0,"played":[0.0,1.0],"evs":[0.0,1.49419]},"T9o":{"weight":1.0,"played":[0.0,1.0],"evs":[0.0,0.32146]},"J9o":{"weight":1.0,"played":[0.0,1.0],"evs":[0.0,0.3098]},"Q9o":{"weight":1.0,"played":[0.0,1.0],"evs":[0.0,0.30385]},"K9o":{"weight":1.0,"played":[0.0,1.0],"evs":[0.0,0.4396]},"A9o":{"weight":1.0,"played":[0.0,1.0],"evs":[0.0,1.06805]},"T2s":{"weight":1.0,"played":[0.0,1.0],"evs":[0.0,0.11229]},"T3s":{"weight":1.0,"played":[0.0,1.0],"evs":[0.0,0.15104]},"T4s":{"weight":1.0,"played":[0.0,1.0],"evs":[0.0,0.16487]},"T5s":{"weight":1.0,"played":[0.0,1.0],"evs":[0.0,0.18497]},"T6s":{"weight":1.0,"played":[0.0,1.0],"evs":[0.0,0.26675]},"T7s":{"weight":1.0,"played":[0.0,1.0],"evs":[0.0,0.3539]},"T8s":{"weight":1.0,"played":[0.0,1.0],"evs":[0.0,0.43927]},"T9s":{"weight":1.0,"played":[0.0,1.0],"evs":[0.0,0.52943]},"TT":{"weight":1.0,"played":[0.0,1.0],"evs":[0.0,1.7609]},"JTo":{"weight":1.0,"played":[0.0,1.0],"evs":[0.0,0.47012]},"QTo":{"weight":1.0,"played":[0.0,1.0],"evs":[0.0,0.48558]},"KTo":{"weight":1.0,"played":[0.0,1.0],"evs":[0.0,0.64726]},"ATo":{"weight":1.0,"played":[0.0,1.0],"evs":[0.0,1.34737]},"J2s":{"weight":1.0,"played":[0.0,1.0],"evs":[0.0,0.17007]},"J3s":{"weight":1.0,"played":[0.0,1.0],"evs":[0.0,0.19015]},"J4s":{"weight":1.0,"played":[0.0,1.0],"evs":[0.0,0.21529]},"J5s":{"weight":1.0,"played":[0.0,1.0],"evs":[0.0,0.25543]},"J6s":{"weight":1.0,"played":[0.0,1.0],"evs":[0.0,0.25657]},"J7s":{"weight":1.0,"played":[0.0,1.0],"evs":[0.0,0.34655]},"J8s":{"weight":1.0,"played":[0.0,1.0],"evs":[0.0,0.4203]},"J9s":{"weight":1.0,"played":[0.0,1.0],"evs":[0.0,0.50973]},"JTs":{"weight":1.0,"played":[0.0,1.0],"evs":[0.0,0.66472]},"JJ":{"weight":1.0,"played":[0.0,1.0],"evs":[0.0,1.99332]},"QJo":{"weight":1.0,"played":[0.0,1.0],"evs":[0.0,0.57362]},"KJo":{"weight":1.0,"played":[0.0,1.0],"evs":[0.0,0.75407]},"AJo":{"weight":1.0,"played":[0.0,1.0],"evs":[0.0,1.57371]},"Q2s":{"weight":1.0,"played":[0.0,1.0],"evs":[0.0,0.22302]},"Q3s":{"weight":1.0,"played":[0.0,1.0],"evs":[0.0,0.24453]},"Q4s":{"weight":1.0,"played":[0.0,1.0],"evs":[0.0,0.27532]},"Q5s":{"weight":1.0,"played":[0.0,1.0],"evs":[0.0,0.3076]},"Q6s":{"weight":1.0,"played":[0.0,1.0],"evs":[0.0,0.32917]},"Q7s":{"weight":1.0,"played":[0.0,1.0],"evs":[0.0,0.33462]},"Q8s":{"weight":1.0,"played":[0.0,1.0],"evs":[0.0,0.41879]},"Q9s":{"weight":1.0,"played":[0.0,1.0],"evs":[0.0,0.50716]},"QTs":{"weight":1.0,"played":[0.0,1.0],"evs":[0.0,0.68153]},"QJs":{"weight":1.0,"played":[0.0,1.0],"evs":[0.0,0.76332]},"QQ":{"weight":1.0,"played":[0.0,1.0],"evs":[0.0,2.22647]},"KQo":{"weight":1.0,"played":[0.0,1.0],"evs":[0.0,0.8784]},"AQo":{"weight":1.0,"played":[0.0,1.0],"evs":[0.0,1.80485]},"K2s":{"weight":1.0,"played":[0.0,1.0],"evs":[0.0,0.35109]},"K3s":{"weight":1.0,"played":[0.0,1.0],"evs":[0.0,0.3834]},"K4s":{"weight":1.0,"played":[0.0,1.0],"evs":[0.0,0.40297]},"K5s":{"weight":1.0,"played":[0.0,1.0],"evs":[0.0,0.4384]},"K6s":{"weight":1.0,"played":[0.0,1.0],"evs":[0.0,0.4464]},"K7s":{"weight":1.0,"played":[0.0,1.0],"evs":[0.0,0.49173]},"K8s":{"weight":1.0,"played":[0.0,1.0],"evs":[0.0,0.51975]},"K9s":{"weight":1.0,"played":[0.0,1.0],"evs":[0.0,0.63924]},"KTs":{"weight":1.0,"played":[0.0,1.0],"evs":[0.0,0.83252]},"KJs":{"weight":1.0,"played":[0.0,1.0],"evs":[0.0,0.92694]},"KQs":{"weight":1.0,"played":[0.0,1.0],"evs":[0.0,1.0465]},"KK":{"weight":1.0,"played":[0.0,1.0],"evs":[0.0,2.49726]},"AKo":{"weight":1.0,"played":[0.0,1.0],"evs":[0.0,2.06483]},"A2s":{"weight":1.0,"played":[0.0,1.0],"evs":[0.0,0.81979]},"A3s":{"weight":1.0,"played":[0.0,1.0],"evs":[0.0,0.83857]},"A4s":{"weight":1.0,"played":[0.0,1.0],"evs":[0.0,0.86671]},"A5s":{"weight":1.0,"played":[0.0,1.0],"evs":[0.0,0.90243]},"A6s":{"weight":1.0,"played":[0.0,1.0],"evs":[0.0,0.88864]},"A7s":{"weight":1.0,"played":[0.0,1.0],"evs":[0.0,0.96434]},"A8s":{"weight":1.0,"played":[0.0,1.0],"evs":[0.0,1.06306]},"A9s":{"weight":1.0,"played":[0.0,1.0],"evs":[0.0,1.22287]},"ATs":{"weight":1.0,"played":[0.0,1.0],"evs":[0.0,1.47547]},"AJs":{"weight":1.0,"played":[0.0,1.0],"evs":[0.0,1.6946]},"AQs":{"weight":1.0,"played":[0.0,1.0],"evs":[0.0,1.9028]},"AKs":{"weight":1.0,"played":[0.0,1.0],"evs":[0.0,2.14438]},"AA":{"weight":1.0,"played":[0.0,1.0],"evs":[0.0,3.07451]}}}