{"player":5,"street":0,"children":2,"sequence":[{"player":0,"type":"F","amount":0,"street":0},{"player":1,"type":"F","amount":0,"street":0},{"player":2,"type":"R","amount":8160000,"street":0},{"player":3,"type":"F","amount":0,"street":0},{"player":4,"type":"C","amount":8160000,"street":0},{"player":5,"type":"C","amount":6560000,"street":0},{"player":6,"type":"R","amount":18720000,"street":0},{"player":4,"type":"R","amount":36960000,"street":0}],"actions":[{"type":"F","amount":0},{"type":"C","amount":28800000}],"hands":{"22":{"weight":0.0,"played":[0.9999,1.0E-4],"evs":[0.0,-2.60116]},"32o":{"weight":0.0,"played":[1.0,0.0],"evs":[0.0,-5.01318]},"42o":{"weight":0.0,"played":[1.0,0.0],"evs":[0.0,-5.19184]},"52o":{"weight":0.0,"played":[1.0,0.0],"evs":[0.0,-4.88331]},"62o":{"weight":0.0,"played":[1.0,0.0],"evs":[0.0,-5.20611]},"72o":{"weight":0.0,"played":[1.0,0.0],"evs":[0.0,-5.64321]},"82o":{"weight":0.0,"played":[1.0,0.0],"evs":[0.0,-5.16893]},"92o":{"weight":0.0,"played":[1.0,0.0],"evs":[0.0,-5.55245]},"T2o":{"weight":0.0,"played":[1.0,0.0],"evs":[0.0,-5.49921]},"J2o":{"weight":0.0,"played":[1.0,0.0],"evs":[0.0,-5.21171]},"Q2o":{"weight":0.0,"played":[1.0,0.0],"evs":[0.0,-4.90581]},"K2o":{"weight":0.0,"played":[1.0,0.0],"evs":[0.0,-5.30031]},"A2o":{"weight":0.0,"played":[1.0,0.0],"evs":[0.0,-3.58574]},"32s":{"weight":0.0,"played":[0.9999,1.0E-4],"evs":[0.0,-3.98238]},"33":{"weight":0.0,"played":[0.9999,1.0E-4],"evs":[0.0,-2.29884]},"43o":{"weight":0.0,"played":[1.0,0.0],"evs":[0.0,-4.36854]},"53o":{"weight":0.0,"played":[1.0,0.0],"evs":[0.0,-4.2878]},"63o":{"weight":0.0,"played":[1.0,0.0],"evs":[0.0,-4.38874]},"73o":{"weight":0.0,"played":[1.0,0.0],"evs":[0.0,-5.30998]},"83o":{"weight":0.0,"played":[1.0,0.0],"evs":[0.0,-5.18203]},"93o":{"weight":0.0,"played":[0.9999,1.0E-4],"evs":[0.0,-5.38846]},"T3o":{"weight":0.0,"played":[1.0,0.0],"evs":[0.0,-5.31511]},"J3o":{"weight":0.0,"played":[1.0,0.0],"evs":[0.0,-4.80392]},"Q3o":{"weight":0.0,"played":[1.0,0.0],"evs":[0.0,-4.85696]},"K3o":{"weight":0.0,"played":[1.0,0.0],"evs":[0.0,-4.3353]},"A3o":{"weight":0.0,"played":[1.0,0.0],"evs":[0.0,-3.67899]},"42s":{"weight":0.0,"played":[0.9994,6.0E-4],"evs":[0.0,-4.0056]},"43s":{"weight":0.0,"played":[0.9999,1.0E-4],"evs":[0.0,-2.79912]},"44":{"weight":0.0,"played":[0.9999,1.0E-4],"evs":[0.0,-1.09354]},"54o":{"weight":0.0,"played":[0.9999,1.0E-4],"evs":[0.0,-3.47462]},"64o":{"weight":0.0,"played":[1.0,0.0],"evs":[0.0,-4.27287]},"74o":{"weight":0.0,"played":[1.0,0.0],"evs":[0.0,-4.33557]},"84o":{"weight":0.0,"played":[1.0,0.0],"evs":[0.0,-4.58004]},"94o":{"weight":0.0,"played":[1.0,0.0],"evs":[0.0,-5.28208]},"T4o":{"weight":0.0,"played":[1.0,0.0],"evs":[0.0,-5.09002]},"J4o":{"weight":0.0,"played":[1.0,0.0],"evs":[0.0,-5.13289]},"Q4o":{"weight":0.0,"played":[1.0,0.0],"evs":[0.0,-4.7715]},"K4o":{"weight":0.0,"played":[1.0,0.0],"evs":[0.0,-4.68554]},"A4o":{"weight":0.0,"played":[0.9999,1.0E-4],"evs":[0.0,-3.44212]},"52s":{"weight":0.0,"played":[1.0,0.0],"evs":[0.0,-4.08952]},"53s":{"weight":0.0,"played":[1.0,0.0],"evs":[0.0,-2.65531]},"54s":{"weight":0.0,"played":[1.0,0.0],"evs":[0.0,-2.18119]},"55":{"weight":0.0031,"played":[0.9972,0.0028],"evs":[0.0,-1.04931]},"65o":{"weight":0.0,"played":[0.9999,1.0E-4],"evs":[0.0,-3.96647]},"75o":{"weight":0.0,"played":[1.0,0.0],"evs":[0.0,-4.49015]},"85o":{"weight":0.0,"played":[1.0,0.0],"evs":[0.0,-4.04155]},"95o":{"weight":0.0,"played":[1.0,0.0],"evs":[0.0,-5.01439]},"T5o":{"weight":0.0,"played":[1.0,0.0],"evs":[0.0,-5.05411]},"J5o":{"weight":0.0,"played":[1.0,0.0],"evs":[0.0,-5.22984]},"Q5o":{"weight":0.0,"played":[1.0,0.0],"evs":[0.0,-4.54397]},"K5o":{"weight":0.0,"played":[1.0,0.0],"evs":[0.0,-4.41577]},"A5o":{"weight":0.0,"played":[1.0,0.0],"evs":[0.0,-3.40834]},"62s":{"weight":0.0,"played":[0.9986,0.0014],"evs":[0.0,-3.98373]},"63s":{"weight":0.0,"played":[1.0,0.0],"evs":[0.0,-3.36852]},"64s":{"weight":0.0,"played":[0.9998,2.0E-4],"evs":[0.0,-3.70243]},"65s":{"weight":0.0,"played":[1.0,0.0],"evs":[0.0,-2.44002]},"66":{"weight":0.6012,"played":[0.952,0.048],"evs":[0.0,-1.09399]},"76o":{"weight":0.0,"played":[0.9999,1.0E-4],"evs":[0.0,-3.38595]},"86o":{"weight":0.0,"played":[1.0,0.0],"evs":[0.0,-4.13278]},"96o":{"weight":0.0,"played":[1.0,0.0],"evs":[0.0,-4.53635]},"T6o":{"weight":0.0,"played":[1.0,0.0],"evs":[0.0,-4.37583]},"J6o":{"weight":0.0,"played":[1.0,0.0],"evs":[0.0,-4.48225]},"Q6o":{"weight":0.0,"played":[0.9998,2.0E-4],"evs":[0.0,-4.73072]},"K6o":{"weight":0.0,"played":[1.0,0.0],"evs":[0.0,-4.31411]},"A6o":{"weight":0.0,"played":[1.0,0.0],"evs":[0.0,-3.70249]},"72s":{"weight":0.0,"played":[1.0,0.0],"evs":[0.0,-4.17592]},"73s":{"weight":0.0,"played":[0.9996,4.0E-4],"evs":[0.0,-4.1358]},"74s":{"weight":0.0,"played":[0.9999,1.0E-4],"evs":[0.0,-3.4068]},"75s":{"weight":0.0,"played":[1.0,0.0],"evs":[0.0,-3.2029]},"76s":{"weight":0.0,"played":[0.9992,8.0E-4],"evs":[0.0,-2.36025]},"77":{"weight":0.7919,"played":[0.9697,0.0303],"evs":[0.0,-0.55423]},"87o":{"weight":0.0,"played":[1.0,0.0],"evs":[0.0,-3.73699]},"97o":{"weight":0.0,"played":[0.9999,1.0E-4],"evs":[0.0,-4.28229]},"T7o":{"weight":0.0,"played":[1.0,0.0],"evs":[0.0,-4.22096]},"J7o":{"weight":0.0,"played":[1.0,0.0],"evs":[0.0,-5.01437]},"Q7o":{"weight":0.0,"played":[1.0,0.0],"evs":[0.0,-4.43585]},"K7o":{"weight":0.0,"played":[1.0,0.0],"evs":[0.0,-4.64193]},"A7o":{"weight":0.0,"played":[1.0,0.0],"evs":[0.0,-3.12398]},"82s":{"weight":0.0,"played":[1.0,0.0],"evs":[0.0,-4.17366]},"83s":{"weight":0.0,"played":[1.0,0.0],"evs":[0.0,-4.53671]},"84s":{"weight":0.0,"played":[0.9991,9.0E-4],"evs":[0.0,-4.21212]},"85s":{"weight":0.0,"played":[1.0,0.0],"evs":[0.0,-2.59615]},"86s":{"weight":0.0,"played":[0.9977,0.0023],"evs":[0.0,-2.5595]},"87s":{"weight":0.0,"played":[0.9963,0.0037],"evs":[0.0,-2.4101]},"88":{"weight":0.5581,"played":[0.4354,0.5646],"evs":[0.0,-0.13933]},"98o":{"weight":0.0,"played":[1.0,0.0],"evs":[0.0,-3.8907]},"T8o":{"weight":0.0,"played":[0.9998,2.0E-4],"evs":[0.0,-4.27458]},"J8o":{"weight":0.0,"played":[1.0,0.0],"evs":[0.0,-4.16198]},"Q8o":{"weight":0.0,"played":[1.0,0.0],"evs":[0.0,-4.06889]},"K8o":{"weight":0.0,"played":[1.0,0.0],"evs":[0.0,-4.66371]},"A8o":{"weight":0.0,"played":[1.0,0.0],"evs":[0.0,-3.27856]},"92s":{"weight":0.0,"played":[0.9998,2.0E-4],"evs":[0.0,-4.31041]},"93s":{"weight":0.0,"played":[0.9996,4.0E-4],"evs":[0.0,-3.7467]},"94s":{"weight":0.0,"played":[0.9998,2.0E-4],"evs":[0.0,-4.53702]},"95s":{"weight":0.0,"played":[1.0,0.0],"evs":[0.0,-3.221]},"96s":{"weight":0.0,"played":[0.9982,0.0018],"evs":[0.0,-3.15745]},"97s":{"weight":0.0,"played":[0.9986,0.0014],"evs":[0.0,-2.9202]},"98s":{"weight":0.0,"played":[1.0,0.0],"evs":[0.0,-2.35528]},"99":{"weight":0.0042,"played":[1.0E-4,0.9999],"evs":[0.0,0.58788]},"T9o":{"weight":0.0,"played":[1.0,0.0],"evs":[0.0,-3.6932]},"J9o":{"weight":0.0,"played":[1.0,0.0],"evs":[0.0,-4.19481]},"Q9o":{"weight":0.0,"played":[0.9995,5.0E-4],"evs":[0.0,-4.27182]},"K9o":{"weight":0.0,"played":[1.0,0.0],"evs":[0.0,-3.9893]},"A9o":{"weight":0.0,"played":[0.9999,1.0E-4],"evs":[0.0,-2.60528]},"T2s":{"weight":0.0,"played":[1.0,0.0],"evs":[0.0,-4.47024]},"T3s":{"weight":0.0,"played":[0.9997,3.0E-4],"evs":[0.0,-4.34394]},"T4s":{"weight":0.0,"played":[1.0,0.0],"evs":[0.0,-4.17598]},"T5s":{"weight":0.0,"played":[1.0,0.0],"evs":[0.0,-3.76969]},"T6s":{"weight":0.0,"played":[0.9998,2.0E-4],"evs":[0.0,-2.75006]},"T7s":{"weight":0.0,"played":[1.0,0.0],"evs":[0.0,-4.24482]},"T8s":{"weight":0.0,"played":[0.9999,1.0E-4],"evs":[0.0,-2.94009]},"T9s":{"weight":0.0,"played":[1.0,0.0],"evs":[0.0,-3.0785]},"TT":{"weight":0.0312,"played":[3.0E-4,0.9997],"evs":[0.0,1.37231]},"JTo":{"weight":0.0,"played":[1.0,0.0],"evs":[0.0,-3.62792]},"QTo":{"weight":0.0,"played":[1.0,0.0],"evs":[0.0,-3.40724]},"KTo":{"weight":0.0,"played":[1.0,0.0],"evs":[0.0,-3.10293]},"ATo":{"weight":0.0,"played":[0.9998,2.0E-4],"evs":[0.0,-1.7439]},"J2s":{"weight":0.0,"played":[1.0,0.0],"evs":[0.0,-3.79568]},"J3s":{"weight":0.0,"played":[1.0,0.0],"evs":[0.0,-4.34897]},"J4s":{"weight":0.0,"played":[1.0,0.0],"evs":[0.0,-5.21916]},"J5s":{"weight":0.0,"played":[1.0,0.0],"evs":[0.0,-4.10403]},"J6s":{"weight":0.0,"played":[0.999,0.001],"evs":[0.0,-3.27137]},"J7s":{"weight":0.0,"played":[0.9996,4.0E-4],"evs":[0.0,-3.69033]},"J8s":{"weight":0.0,"played":[0.9994,6.0E-4],"evs":[0.0,-3.52498]},"J9s":{"weight":0.0,"played":[1.0,0.0],"evs":[0.0,-3.3157]},"JTs":{"weight":0.0,"played":[1.0,0.0],"evs":[0.0,-2.69251]},"JJ":{"weight":0.0,"played":[3.0E-4,0.9997],"evs":[0.0,3.12821]},"QJo":{"weight":0.0,"played":[1.0,0.0],"evs":[0.0,-3.32089]},"KJo":{"weight":0.0,"played":[0.9998,2.0E-4],"evs":[0.0,-2.42762]},"AJo":{"weight":0.5885,"played":[0.9959,0.0041],"evs":[0.0,-1.17513]},"Q2s":{"weight":0.0,"played":[1.0,0.0],"evs":[0.0,-4.46547]},"Q3s":{"weight":0.0,"played":[0.9999,1.0E-4],"evs":[0.0,-3.69413]},"Q4s":{"weight":0.0,"played":[0.9992,8.0E-4],"evs":[0.0,-4.2138]},"Q5s":{"weight":0.0,"played":[0.9997,3.0E-4],"evs":[0.0,-3.78111]},"Q6s":{"weight":0.0,"played":[0.995,0.005],"evs":[0.0,-3.53139]},"Q7s":{"weight":0.0,"played":[1.0,0.0],"evs":[0.0,-3.12623]},"Q8s":{"weight":0.0,"played":[0.9995,5.0E-4],"evs":[0.0,-2.69382]},"Q9s":{"weight":0.0,"played":[0.9983,0.0017],"evs":[0.0,-2.99051]},"QTs":{"weight":0.0,"played":[0.9976,0.0024],"evs":[0.0,-1.75399]},"QJs":{"weight":0.0,"played":[0.9903,0.0097],"evs":[0.0,-1.75015]},"QQ":{"weight":0.0,"played":[0.0,1.0],"evs":[0.0,4.89088]},"KQo":{"weight":0.003,"played":[1.0,0.0],"evs":[0.0,-2.71448]},"AQo":{"weight":0.0018,"played":[0.9992,8.0E-4],"evs":[0.0,-0.39053]},"K2s":{"weight":0.0,"played":[1.0,0.0],"evs":[0.0,-4.16141]},"K3s":{"weight":0.0,"played":[1.0,0.0],"evs":[0.0,-4.34336]},"K4s":{"weight":0.0,"played":[1.0,0.0],"evs":[0.0,-3.59085]},"K5s":{"weight":0.0,"played":[1.0,0.0],"evs":[0.0,-2.94252]},"K6s":{"weight":0.0,"played":[1.0,0.0],"evs":[0.0,-3.79542]},"K7s":{"weight":0.0,"played":[0.9999,1.0E-4],"evs":[0.0,-4.18272]},"K8s":{"weight":0.0,"played":[1.0,0.0],"evs":[0.0,-3.04142]},"K9s":{"weight":0.0,"played":[0.9993,7.0E-4],"evs":[0.0,-3.65444]},"KTs":{"weight":0.0,"played":[0.9984,0.0016],"evs":[0.0,-1.45768]},"KJs":{"weight":0.0,"played":[1.0,0.0],"evs":[0.0,-2.11856]},"KQs":{"weight":0.9973,"played":[0.9864,0.0136],"evs":[0.0,-0.54245]},"KK":{"weight":0.0,"played":[0.0,1.0],"evs":[0.0,7.45346]},"AKo":{"weight":0.0,"played":[0.0107,0.9893],"evs":[0.0,0.85348]},"A2s":{"weight":0.0,"played":[1.0,0.0],"evs":[0.0,-2.76696]},"A3s":{"weight":0.0,"played":[0.9999,1.0E-4],"evs":[0.0,-2.11837]},"A4s":{"weight":0.0,"played":[1.0,0.0],"evs":[0.0,-2.6917]},"A5s":{"weight":0.0,"played":[1.0,0.0],"evs":[0.0,-2.24999]},"A6s":{"weight":0.0,"played":[1.0,0.0],"evs":[0.0,-2.96929]},"A7s":{"weight":0.0,"played":[0.994,0.006],"evs":[0.0,-1.61718]},"A8s":{"weight":8.0E-4,"played":[0.9966,0.0034],"evs":[0.0,-2.58332]},"A9s":{"weight":0.0,"played":[0.9963,0.0037],"evs":[0.0,-2.23295]},"ATs":{"weight":0.9626,"played":[0.9895,0.0105],"evs":[0.0,-1.01242]},"AJs":{"weight":0.1349,"played":[0.9981,0.0019],"evs":[0.0,-0.54524]},"AQs":{"weight":7.0E-4,"played":[0.1997,0.8003],"evs":[0.0,1.0233]},"AKs":{"weight":1.0E-4,"played":[0.0026,0.9974],"evs":[0.0,1.71341]},"AA":{"weight":4.0E-4,"played":[0.0,1.0],"evs":[0.0,10.39541]}}}