{"player":4,"street":0,"children":2,"sequence":[{"player":0,"type":"F","amount":0,"street":0},{"player":1,"type":"F","amount":0,"street":0},{"player":2,"type":"R","amount":8160000,"street":0},{"player":3,"type":"R","amount":11680000,"street":0}],"actions":[{"type":"F","amount":0,"node":52},{"type":"R","amount":36960000,"node":55}],"hands":{"22":{"weight":1.0,"played":[1.0,0.0],"evs":[0.0,-0.1934]},"32o":{"weight":1.0,"played":[1.0,0.0],"evs":[0.0,-1.09895]},"42o":{"weight":1.0,"played":[1.0,0.0],"evs":[0.0,-1.03136]},"52o":{"weight":1.0,"played":[1.0,0.0],"evs":[0.0,-1.0359]},"62o":{"weight":1.0,"played":[1.0,0.0],"evs":[0.0,-1.12885]},"72o":{"weight":1.0,"played":[1.0,0.0],"evs":[0.0,-1.31006]},"82o":{"weight":1.0,"played":[1.0,0.0],"evs":[0.0,-1.2053]},"92o":{"weight":1.0,"played":[1.0,0.0],"evs":[0.0,-1.16026]},"T2o":{"weight":1.0,"played":[1.0,0.0],"evs":[0.0,-1.18209]},"J2o":{"weight":1.0,"played":[1.0,0.0],"evs":[0.0,-1.07835]},"Q2o":{"weight":1.0,"played":[1.0,0.0],"evs":[0.0,-0.99009]},"K2o":{"weight":1.0,"played":[1.0,0.0],"evs":[0.0,-0.87232]},"A2o":{"weight":1.0,"played":[1.0,0.0],"evs":[0.0,-1.02827]},"32s":{"weight":1.0,"played":[1.0,0.0],"evs":[0.0,-0.67068]},"33":{"weight":1.0,"played":[0.9998,2.0E-4],"evs":[0.0,-0.12295]},"43o":{"weight":1.0,"played":[1.0,0.0],"evs":[0.0,-0.88627]},"53o":{"weight":1.0,"played":[1.0,0.0],"evs":[0.0,-0.83491]},"63o":{"weight":1.0,"played":[1.0,0.0],"evs":[0.0,-0.97349]},"73o":{"weight":1.0,"played":[1.0,0.0],"evs":[0.0,-1.14996]},"83o":{"weight":1.0,"played":[1.0,0.0],"evs":[0.0,-1.22336]},"93o":{"weight":1.0,"played":[1.0,0.0],"evs":[0.0,-1.11622]},"T3o":{"weight":1.0,"played":[1.0,0.0],"evs":[0.0,-1.16968]},"J3o":{"weight":1.0,"played":[1.0,0.0],"evs":[0.0,-1.0782]},"Q3o":{"weight":1.0,"played":[1.0,0.0],"evs":[0.0,-0.935]},"K3o":{"weight":1.0,"played":[1.0,0.0],"evs":[0.0,-0.82993]},"A3o":{"weight":1.0,"played":[1.0,0.0],"evs":[0.0,-0.98251]},"42s":{"weight":1.0,"played":[1.0,0.0],"evs":[0.0,-0.65532]},"43s":{"weight":1.0,"played":[0.9999,1.0E-4],"evs":[0.0,-0.51372]},"44":{"weight":1.0,"played":[0.9992,8.0E-4],"evs":[0.0,-0.05547]},"54o":{"weight":1.0,"played":[1.0,0.0],"evs":[0.0,-0.68412]},"64o":{"weight":1.0,"played":[1.0,0.0],"evs":[0.0,-0.81812]},"74o":{"weight":1.0,"played":[1.0,0.0],"evs":[0.0,-0.97751]},"84o":{"weight":1.0,"played":[1.0,0.0],"evs":[0.0,-1.05129]},"94o":{"weight":1.0,"played":[1.0,0.0],"evs":[0.0,-1.09175]},"T4o":{"weight":1.0,"played":[1.0,0.0],"evs":[0.0,-1.12105]},"J4o":{"weight":1.0,"played":[1.0,0.0],"evs":[0.0,-1.02971]},"Q4o":{"weight":1.0,"played":[1.0,0.0],"evs":[0.0,-0.89471]},"K4o":{"weight":1.0,"played":[1.0,0.0],"evs":[0.0,-0.76897]},"A4o":{"weight":1.0,"played":[1.0,0.0],"evs":[0.0,-0.94315]},"52s":{"weight":1.0,"played":[1.0,0.0],"evs":[0.0,-0.60202]},"53s":{"weight":1.0,"played":[1.0,0.0],"evs":[0.0,-0.43954]},"54s":{"weight":1.0,"played":[1.0,0.0],"evs":[0.0,-0.28018]},"55":{"weight":1.0,"played":[0.0568,0.9432],"evs":[0.0,0.00765]},"65o":{"weight":1.0,"played":[1.0,0.0],"evs":[0.0,-0.66293]},"75o":{"weight":1.0,"played":[1.0,0.0],"evs":[0.0,-0.78898]},"85o":{"weight":1.0,"played":[1.0,0.0],"evs":[0.0,-0.896]},"95o":{"weight":1.0,"played":[1.0,0.0],"evs":[0.0,-0.9381]},"T5o":{"weight":1.0,"played":[1.0,0.0],"evs":[0.0,-1.10023]},"J5o":{"weight":1.0,"played":[1.0,0.0],"evs":[0.0,-0.98491]},"Q5o":{"weight":1.0,"played":[1.0,0.0],"evs":[0.0,-0.88886]},"K5o":{"weight":1.0,"played":[1.0,0.0],"evs":[0.0,-0.74858]},"A5o":{"weight":1.0,"played":[1.0,0.0],"evs":[0.0,-0.9319]},"62s":{"weight":1.0,"played":[1.0,0.0],"evs":[0.0,-0.70275]},"63s":{"weight":1.0,"played":[1.0,0.0],"evs":[0.0,-0.57445]},"64s":{"weight":1.0,"played":[1.0,0.0],"evs":[0.0,-0.47809]},"65s":{"weight":1.0,"played":[1.0,0.0],"evs":[0.0,-0.24142]},"66":{"weight":1.0,"played":[0.0524,0.9476],"evs":[0.0,0.05711]},"76o":{"weight":1.0,"played":[1.0,0.0],"evs":[0.0,-0.67815]},"86o":{"weight":1.0,"played":[1.0,0.0],"evs":[0.0,-0.76638]},"96o":{"weight":1.0,"played":[1.0,0.0],"evs":[0.0,-0.78966]},"T6o":{"weight":1.0,"played":[1.0,0.0],"evs":[0.0,-0.96839]},"J6o":{"weight":1.0,"played":[1.0,0.0],"evs":[0.0,-0.95682]},"Q6o":{"weight":1.0,"played":[1.0,0.0],"evs":[0.0,-0.84855]},"K6o":{"weight":1.0,"played":[1.0,0.0],"evs":[0.0,-0.71293]},"A6o":{"weight":1.0,"played":[1.0,0.0],"evs":[0.0,-1.08582]},"72s":{"weight":1.0,"played":[1.0,0.0],"evs":[0.0,-0.83131]},"73s":{"weight":1.0,"played":[1.0,0.0],"evs":[0.0,-0.70955]},"74s":{"weight":1.0,"played":[1.0,0.0],"evs":[0.0,-0.54687]},"75s":{"weight":1.0,"played":[1.0,0.0],"evs":[0.0,-0.39051]},"76s":{"weight":1.0,"played":[1.0,0.0],"evs":[0.0,-0.31378]},"77":{"weight":1.0,"played":[0.0,1.0],"evs":[0.0,0.18478]},"87o":{"weight":1.0,"played":[1.0,0.0],"evs":[0.0,-0.6774]},"97o":{"weight":1.0,"played":[1.0,0.0],"evs":[0.0,-0.72444]},"T7o":{"weight":1.0,"played":[1.0,0.0],"evs":[0.0,-0.86186]},"J7o":{"weight":1.0,"played":[1.0,0.0],"evs":[0.0,-0.90936]},"Q7o":{"weight":1.0,"played":[1.0,0.0],"evs":[0.0,-0.89631]},"K7o":{"weight":1.0,"played":[1.0,0.0],"evs":[0.0,-0.73915]},"A7o":{"weight":1.0,"played":[1.0,0.0],"evs":[0.0,-1.03718]},"82s":{"weight":1.0,"played":[1.0,0.0],"evs":[0.0,-0.78875]},"83s":{"weight":1.0,"played":[1.0,0.0],"evs":[0.0,-0.76071]},"84s":{"weight":1.0,"played":[1.0,0.0],"evs":[0.0,-0.59277]},"85s":{"weight":1.0,"played":[1.0,0.0],"evs":[0.0,-0.52066]},"86s":{"weight":1.0,"played":[1.0,0.0],"evs":[0.0,-0.40746]},"87s":{"weight":1.0,"played":[0.9999,1.0E-4],"evs":[0.0,-0.31494]},"88":{"weight":1.0,"played":[0.0,1.0],"evs":[0.0,0.47473]},"98o":{"weight":1.0,"played":[1.0,0.0],"evs":[0.0,-0.60097]},"T8o":{"weight":1.0,"played":[1.0,0.0],"evs":[0.0,-0.68652]},"J8o":{"weight":1.0,"played":[1.0,0.0],"evs":[0.0,-0.73404]},"Q8o":{"weight":1.0,"played":[1.0,0.0],"evs":[0.0,-0.75066]},"K8o":{"weight":1.0,"played":[1.0,0.0],"evs":[0.0,-0.71466]},"A8o":{"weight":1.0,"played":[1.0,0.0],"evs":[0.0,-0.96088]},"92s":{"weight":1.0,"played":[1.0,0.0],"evs":[0.0,-0.73284]},"93s":{"weight":1.0,"played":[1.0,0.0],"evs":[0.0,-0.68231]},"94s":{"weight":1.0,"played":[1.0,0.0],"evs":[0.0,-0.66154]},"95s":{"weight":1.0,"played":[1.0,0.0],"evs":[0.0,-0.56293]},"96s":{"weight":1.0,"played":[1.0,0.0],"evs":[0.0,-0.41988]},"97s":{"weight":1.0,"played":[1.0,0.0],"evs":[0.0,-0.29305]},"98s":{"weight":1.0,"played":[0.9996,4.0E-4],"evs":[0.0,-0.20212]},"99":{"weight":1.0,"played":[0.0,1.0],"evs":[0.0,0.78966]},"T9o":{"weight":1.0,"played":[1.0,0.0],"evs":[0.0,-0.55766]},"J9o":{"weight":1.0,"played":[1.0,0.0],"evs":[0.0,-0.57077]},"Q9o":{"weight":1.0,"played":[1.0,0.0],"evs":[0.0,-0.59337]},"K9o":{"weight":1.0,"played":[1.0,0.0],"evs":[0.0,-0.53766]},"A9o":{"weight":1.0,"played":[1.0,0.0],"evs":[0.0,-0.861]},"T2s":{"weight":1.0,"played":[1.0,0.0],"evs":[0.0,-0.73689]},"T3s":{"weight":1.0,"played":[1.0,0.0],"evs":[0.0,-0.69408]},"T4s":{"weight":1.0,"played":[1.0,0.0],"evs":[0.0,-0.6509]},"T5s":{"weight":1.0,"played":[1.0,0.0],"evs":[0.0,-0.69109]},"T6s":{"weight":1.0,"played":[1.0,0.0],"evs":[0.0,-0.53778]},"T7s":{"weight":1.0,"played":[0.9999,1.0E-4],"evs":[0.0,-0.42022]},"T8s":{"weight":1.0,"played":[1.0,0.0],"evs":[0.0,-0.25211]},"T9s":{"weight":1.0,"played":[0.9996,4.0E-4],"evs":[0.0,-0.11009]},"TT":{"weight":1.0,"played":[0.0,1.0],"evs":[0.0,1.2267]},"JTo":{"weight":1.0,"played":[1.0,0.0],"evs":[0.0,-0.4593]},"QTo":{"weight":1.0,"played":[1.0,0.0],"evs":[0.0,-0.4531]},"KTo":{"weight":1.0,"played":[1.0,0.0],"evs":[0.0,-0.42228]},"ATo":{"weight":1.0,"played":[1.0,0.0],"evs":[0.0,-0.54622]},"J2s":{"weight":1.0,"played":[1.0,0.0],"evs":[0.0,-0.67367]},"J3s":{"weight":1.0,"played":[1.0,0.0],"evs":[0.0,-0.68571]},"J4s":{"weight":1.0,"played":[1.0,0.0],"evs":[0.0,-0.62282]},"J5s":{"weight":1.0,"played":[1.0,0.0],"evs":[0.0,-0.60345]},"J6s":{"weight":1.0,"played":[1.0,0.0],"evs":[0.0,-0.54996]},"J7s":{"weight":1.0,"played":[1.0,0.0],"evs":[0.0,-0.52675]},"J8s":{"weight":1.0,"played":[0.9994,6.0E-4],"evs":[0.0,-0.34641]},"J9s":{"weight":1.0,"played":[1.0,0.0],"evs":[0.0,-0.16044]},"JTs":{"weight":1.0,"played":[0.9629,0.0371],"evs":[0.0,-0.07852]},"JJ":{"weight":1.0,"played":[0.0,1.0],"evs":[0.0,1.80378]},"QJo":{"weight":1.0,"played":[1.0,0.0],"evs":[0.0,-0.36808]},"KJo":{"weight":1.0,"played":[1.0,0.0],"evs":[0.0,-0.31331]},"AJo":{"weight":1.0,"played":[0.9952,0.0048],"evs":[0.0,-0.01918]},"Q2s":{"weight":1.0,"played":[1.0,0.0],"evs":[0.0,-0.57169]},"Q3s":{"weight":1.0,"played":[1.0,0.0],"evs":[0.0,-0.49439]},"Q4s":{"weight":1.0,"played":[1.0,0.0],"evs":[0.0,-0.47096]},"Q5s":{"weight":1.0,"played":[1.0,0.0],"evs":[0.0,-0.46936]},"Q6s":{"weight":1.0,"played":[1.0,0.0],"evs":[0.0,-0.42343]},"Q7s":{"weight":1.0,"played":[1.0,0.0],"evs":[0.0,-0.45956]},"Q8s":{"weight":1.0,"played":[1.0,0.0],"evs":[0.0,-0.27925]},"Q9s":{"weight":1.0,"played":[1.0,0.0],"evs":[0.0,-0.19333]},"QTs":{"weight":1.0,"played":[0.9976,0.0024],"evs":[0.0,-0.06452]},"QJs":{"weight":1.0,"played":[0.0564,0.9436],"evs":[0.0,0.06332]},"QQ":{"weight":1.0,"played":[0.0,1.0],"evs":[0.0,2.6473]},"KQo":{"weight":1.0,"played":[0.9935,0.0065],"evs":[0.0,-0.08656]},"AQo":{"weight":1.0,"played":[0.0,1.0],"evs":[0.0,0.54923]},"K2s":{"weight":1.0,"played":[1.0,0.0],"evs":[0.0,-0.43825]},"K3s":{"weight":1.0,"played":[1.0,0.0],"evs":[0.0,-0.39751]},"K4s":{"weight":1.0,"played":[1.0,0.0],"evs":[0.0,-0.36479]},"K5s":{"weight":1.0,"played":[0.9999,1.0E-4],"evs":[0.0,-0.33034]},"K6s":{"weight":1.0,"played":[1.0,0.0],"evs":[0.0,-0.30276]},"K7s":{"weight":1.0,"played":[0.9996,4.0E-4],"evs":[0.0,-0.34566]},"K8s":{"weight":1.0,"played":[0.9998,2.0E-4],"evs":[0.0,-0.32239]},"K9s":{"weight":1.0,"played":[0.9964,0.0036],"evs":[0.0,-0.10452]},"KTs":{"weight":1.0,"played":[0.9653,0.0347],"evs":[0.0,0.00184]},"KJs":{"weight":1.0,"played":[0.0012,0.9988],"evs":[0.0,0.11664]},"KQs":{"weight":1.0,"played":[0.0,1.0],"evs":[0.0,0.2925]},"KK":{"weight":1.0,"played":[0.0,1.0],"evs":[0.0,3.44836]},"AKo":{"weight":1.0,"played":[0.0,1.0],"evs":[0.0,1.26034]},"A2s":{"weight":1.0,"played":[1.0,0.0],"evs":[0.0,-0.61985]},"A3s":{"weight":1.0,"played":[1.0,0.0],"evs":[0.0,-0.51788]},"A4s":{"weight":1.0,"played":[1.0,0.0],"evs":[0.0,-0.51238]},"A5s":{"weight":1.0,"played":[1.0,0.0],"evs":[0.0,-0.48891]},"A6s":{"weight":1.0,"played":[1.0,0.0],"evs":[0.0,-0.63646]},"A7s":{"weight":1.0,"played":[1.0,0.0],"evs":[0.0,-0.64166]},"A8s":{"weight":1.0,"played":[1.0,0.0],"evs":[0.0,-0.51146]},"A9s":{"weight":1.0,"played":[1.0,0.0],"evs":[0.0,-0.36369]},"ATs":{"weight":1.0,"played":[0.9998,2.0E-4],"evs":[0.0,-0.10064]},"AJs":{"weight":1.0,"played":[0.0,1.0],"evs":[0.0,0.32322]},"AQs":{"weight":1.0,"played":[0.0,1.0],"evs":[0.0,0.93096]},"AKs":{"weight":1.0,"played":[0.0,1.0],"evs":[0.0,1.50589]},"AA":{"weight":1.0,"played":[0.0,1.0],"evs":[0.0,4.95552]}}}