{"player":6,"street":0,"children":2,"sequence":[{"player":0,"type":"F","amount":0,"street":0},{"player":1,"type":"F","amount":0,"street":0},{"player":2,"type":"R","amount":8160000,"street":0},{"player":3,"type":"R","amount":11680000,"street":0},{"player":4,"type":"F","amount":0,"street":0},{"player":5,"type":"F","amount":0,"street":0}],"actions":[{"type":"F","amount":0},{"type":"C","amount":8480000}],"hands":{"22":{"weight":1.0,"played":[0.0,1.0],"evs":[0.0,0.41467]},"32o":{"weight":1.0,"played":[1.0,0.0],"evs":[0.0,-0.79885]},"42o":{"weight":1.0,"played":[1.0,0.0],"evs":[0.0,-0.7568]},"52o":{"weight":1.0,"played":[1.0,0.0],"evs":[0.0,-0.67303]},"62o":{"weight":1.0,"played":[1.0,0.0],"evs":[0.0,-0.8589]},"72o":{"weight":1.0,"played":[1.0,0.0],"evs":[0.0,-1.0496]},"82o":{"weight":1.0,"played":[1.0,0.0],"evs":[0.0,-0.93767]},"92o":{"weight":1.0,"played":[1.0,0.0],"evs":[0.0,-0.86114]},"T2o":{"weight":1.0,"played":[1.0,0.0],"evs":[0.0,-0.8937]},"J2o":{"weight":1.0,"played":[1.0,0.0],"evs":[0.0,-0.79429]},"Q2o":{"weight":1.0,"played":[1.0,0.0],"evs":[0.0,-0.64157]},"K2o":{"weight":1.0,"played":[1.0,0.0],"evs":[0.0,-0.51696]},"A2o":{"weight":1.0,"played":[1.0,0.0],"evs":[0.0,-0.75882]},"32s":{"weight":1.0,"played":[0.9998,2.0E-4],"evs":[0.0,-0.31869]},"33":{"weight":1.0,"played":[0.0,1.0],"evs":[0.0,0.48798]},"43o":{"weight":1.0,"played":[1.0,0.0],"evs":[0.0,-0.54107]},"53o":{"weight":1.0,"played":[1.0,0.0],"evs":[0.0,-0.49787]},"63o":{"weight":1.0,"played":[1.0,0.0],"evs":[0.0,-0.66142]},"73o":{"weight":1.0,"played":[1.0,0.0],"evs":[0.0,-0.84701]},"83o":{"weight":1.0,"played":[1.0,0.0],"evs":[0.0,-0.94707]},"93o":{"weight":1.0,"played":[1.0,0.0],"evs":[0.0,-0.8001]},"T3o":{"weight":1.0,"played":[1.0,0.0],"evs":[0.0,-0.87628]},"J3o":{"weight":1.0,"played":[1.0,0.0],"evs":[0.0,-0.77239]},"Q3o":{"weight":1.0,"played":[1.0,0.0],"evs":[0.0,-0.59195]},"K3o":{"weight":1.0,"played":[1.0,0.0],"evs":[0.0,-0.45144]},"A3o":{"weight":1.0,"played":[1.0,0.0],"evs":[0.0,-0.68655]},"42s":{"weight":1.0,"played":[0.9998,2.0E-4],"evs":[0.0,-0.30581]},"43s":{"weight":1.0,"played":[0.9996,4.0E-4],"evs":[0.0,-0.10245]},"44":{"weight":1.0,"played":[0.0,1.0],"evs":[0.0,0.57573]},"54o":{"weight":1.0,"played":[1.0,0.0],"evs":[0.0,-0.32281]},"64o":{"weight":1.0,"played":[1.0,0.0],"evs":[0.0,-0.45675]},"74o":{"weight":1.0,"played":[1.0,0.0],"evs":[0.0,-0.61422]},"84o":{"weight":1.0,"played":[1.0,0.0],"evs":[0.0,-0.74031]},"94o":{"weight":1.0,"played":[1.0,0.0],"evs":[0.0,-0.78561]},"T4o":{"weight":1.0,"played":[1.0,0.0],"evs":[0.0,-0.79517]},"J4o":{"weight":1.0,"played":[1.0,0.0],"evs":[0.0,-0.6898]},"Q4o":{"weight":1.0,"played":[1.0,0.0],"evs":[0.0,-0.54383]},"K4o":{"weight":1.0,"played":[1.0,0.0],"evs":[0.0,-0.40934]},"A4o":{"weight":1.0,"played":[1.0,0.0],"evs":[0.0,-0.61695]},"52s":{"weight":1.0,"played":[0.9901,0.0099],"evs":[0.0,-0.17499]},"53s":{"weight":1.0,"played":[0.936,0.064],"evs":[0.0,-0.0376]},"54s":{"weight":1.0,"played":[0.0055,0.9945],"evs":[0.0,0.14429]},"55":{"weight":1.0,"played":[0.0,1.0],"evs":[0.0,0.68679]},"65o":{"weight":1.0,"played":[1.0,0.0],"evs":[0.0,-0.26454]},"75o":{"weight":1.0,"played":[1.0,0.0],"evs":[0.0,-0.41806]},"85o":{"weight":1.0,"played":[1.0,0.0],"evs":[0.0,-0.53473]},"95o":{"weight":1.0,"played":[1.0,0.0],"evs":[0.0,-0.61922]},"T5o":{"weight":1.0,"played":[1.0,0.0],"evs":[0.0,-0.76877]},"J5o":{"weight":1.0,"played":[1.0,0.0],"evs":[0.0,-0.68115]},"Q5o":{"weight":1.0,"played":[1.0,0.0],"evs":[0.0,-0.51096]},"K5o":{"weight":1.0,"played":[1.0,0.0],"evs":[0.0,-0.36342]},"A5o":{"weight":1.0,"played":[1.0,0.0],"evs":[0.0,-0.57881]},"62s":{"weight":1.0,"played":[0.9994,6.0E-4],"evs":[0.0,-0.40031]},"63s":{"weight":1.0,"played":[0.9997,3.0E-4],"evs":[0.0,-0.16112]},"64s":{"weight":1.0,"played":[0.036,0.964],"evs":[0.0,0.04339]},"65s":{"weight":1.0,"played":[6.0E-4,0.9994],"evs":[0.0,0.21042]},"66":{"weight":1.0,"played":[0.0,1.0],"evs":[0.0,0.75842]},"76o":{"weight":1.0,"played":[0.9995,5.0E-4],"evs":[0.0,-0.3056]},"86o":{"weight":1.0,"played":[1.0,0.0],"evs":[0.0,-0.3651]},"96o":{"weight":1.0,"played":[1.0,0.0],"evs":[0.0,-0.42747]},"T6o":{"weight":1.0,"played":[1.0,0.0],"evs":[0.0,-0.61124]},"J6o":{"weight":1.0,"played":[1.0,0.0],"evs":[0.0,-0.63591]},"Q6o":{"weight":1.0,"played":[1.0,0.0],"evs":[0.0,-0.49658]},"K6o":{"weight":1.0,"played":[1.0,0.0],"evs":[0.0,-0.33197]},"A6o":{"weight":1.0,"played":[1.0,0.0],"evs":[0.0,-0.78545]},"72s":{"weight":1.0,"played":[1.0,0.0],"evs":[0.0,-0.52892]},"73s":{"weight":1.0,"played":[1.0,0.0],"evs":[0.0,-0.31493]},"74s":{"weight":1.0,"played":[0.9999,1.0E-4],"evs":[0.0,-0.15268]},"75s":{"weight":1.0,"played":[0.1105,0.8895],"evs":[0.0,0.01709]},"76s":{"weight":1.0,"played":[1.0E-4,0.9999],"evs":[0.0,0.20528]},"77":{"weight":1.0,"played":[0.0,1.0],"evs":[0.0,0.88275]},"87o":{"weight":1.0,"played":[1.0,0.0],"evs":[0.0,-0.26164]},"97o":{"weight":1.0,"played":[1.0,0.0],"evs":[0.0,-0.33888]},"T7o":{"weight":1.0,"played":[1.0,0.0],"evs":[0.0,-0.5206]},"J7o":{"weight":1.0,"played":[1.0,0.0],"evs":[0.0,-0.51187]},"Q7o":{"weight":1.0,"played":[1.0,0.0],"evs":[0.0,-0.51922]},"K7o":{"weight":1.0,"played":[1.0,0.0],"evs":[0.0,-0.40675]},"A7o":{"weight":1.0,"played":[1.0,0.0],"evs":[0.0,-0.73665]},"82s":{"weight":1.0,"played":[1.0,0.0],"evs":[0.0,-0.35024]},"83s":{"weight":1.0,"played":[1.0,0.0],"evs":[0.0,-0.4353]},"84s":{"weight":1.0,"played":[1.0,0.0],"evs":[0.0,-0.22421]},"85s":{"weight":1.0,"played":[0.7715,0.2285],"evs":[0.0,-0.01412]},"86s":{"weight":1.0,"played":[0.0016,0.9984],"evs":[0.0,0.11894]},"87s":{"weight":1.0,"played":[0.0,1.0],"evs":[0.0,0.21196]},"88":{"weight":1.0,"played":[0.0,1.0],"evs":[0.0,1.28504]},"98o":{"weight":1.0,"played":[0.9942,0.0058],"evs":[0.0,-0.17084]},"T8o":{"weight":1.0,"played":[0.9995,5.0E-4],"evs":[0.0,-0.30256]},"J8o":{"weight":1.0,"played":[1.0,0.0],"evs":[0.0,-0.32961]},"Q8o":{"weight":1.0,"played":[1.0,0.0],"evs":[0.0,-0.38052]},"K8o":{"weight":1.0,"played":[1.0,0.0],"evs":[0.0,-0.30118]},"A8o":{"weight":1.0,"played":[1.0,0.0],"evs":[0.0,-0.6282]},"92s":{"weight":1.0,"played":[0.9998,2.0E-4],"evs":[0.0,-0.32586]},"93s":{"weight":1.0,"played":[1.0,0.0],"evs":[0.0,-0.28755]},"94s":{"weight":1.0,"played":[0.9999,1.0E-4],"evs":[0.0,-0.24384]},"95s":{"weight":1.0,"played":[0.9993,7.0E-4],"evs":[0.0,-0.11276]},"96s":{"weight":1.0,"played":[0.0403,0.9597],"evs":[0.0,0.11478]},"97s":{"weight":1.0,"played":[0.0212,0.9788],"evs":[0.0,0.22611]},"98s":{"weight":1.0,"played":[0.0,1.0],"evs":[0.0,0.34099]},"99":{"weight":1.0,"played":[0.0,1.0],"evs":[0.0,1.72337]},"T9o":{"weight":1.0,"played":[1.0,0.0],"evs":[0.0,-0.11936]},"J9o":{"weight":1.0,"played":[0.9999,1.0E-4],"evs":[0.0,-0.12221]},"Q9o":{"weight":1.0,"played":[1.0,0.0],"evs":[0.0,-0.13415]},"K9o":{"weight":1.0,"played":[1.0,0.0],"evs":[0.0,-0.10918]},"A9o":{"weight":1.0,"played":[1.0,0.0],"evs":[0.0,-0.48173]},"T2s":{"weight":1.0,"played":[0.9998,2.0E-4],"evs":[0.0,-0.46789]},"T3s":{"weight":1.0,"played":[0.9998,2.0E-4],"evs":[0.0,-0.39936]},"T4s":{"weight":1.0,"played":[1.0,0.0],"evs":[0.0,-0.28848]},"T5s":{"weight":1.0,"played":[0.9996,4.0E-4],"evs":[0.0,-0.21024]},"T6s":{"weight":1.0,"played":[0.9955,0.0045],"evs":[0.0,-0.1093]},"T7s":{"weight":1.0,"played":[0.039,0.961],"evs":[0.0,0.02349]},"T8s":{"weight":1.0,"played":[0.0015,0.9985],"evs":[0.0,0.18091]},"T9s":{"weight":1.0,"played":[0.0,1.0],"evs":[0.0,0.47675]},"TT":{"weight":1.0,"played":[0.0,1.0],"evs":[0.0,2.25119]},"JTo":{"weight":1.0,"played":[0.4105,0.5895],"evs":[0.0,0.03872]},"QTo":{"weight":1.0,"played":[0.5596,0.4404],"evs":[0.0,-0.01227]},"KTo":{"weight":1.0,"played":[0.5526,0.4474],"evs":[0.0,0.01977]},"ATo":{"weight":1.0,"played":[0.8393,0.1607],"evs":[0.0,-0.03567]},"J2s":{"weight":1.0,"played":[1.0,0.0],"evs":[0.0,-0.27333]},"J3s":{"weight":1.0,"played":[1.0,0.0],"evs":[0.0,-0.2478]},"J4s":{"weight":1.0,"played":[0.9972,0.0028],"evs":[0.0,-0.15821]},"J5s":{"weight":1.0,"played":[0.9903,0.0097],"evs":[0.0,-0.12447]},"J6s":{"weight":1.0,"played":[0.9994,6.0E-4],"evs":[0.0,-0.07926]},"J7s":{"weight":1.0,"played":[0.9992,8.0E-4],"evs":[0.0,-0.08356]},"J8s":{"weight":1.0,"played":[0.019,0.981],"evs":[0.0,0.20266]},"J9s":{"weight":1.0,"played":[8.0E-4,0.9992],"evs":[0.0,0.3434]},"JTs":{"weight":1.0,"played":[0.0,1.0],"evs":[0.0,0.50532]},"JJ":{"weight":1.0,"played":[0.0,1.0],"evs":[0.0,3.00318]},"QJo":{"weight":1.0,"played":[2.0E-4,0.9998],"evs":[0.0,0.12432]},"KJo":{"weight":1.0,"played":[0.0012,0.9988],"evs":[0.0,0.21591]},"AJo":{"weight":1.0,"played":[0.0,1.0],"evs":[0.0,0.59173]},"Q2s":{"weight":1.0,"played":[0.9991,9.0E-4],"evs":[0.0,-0.11196]},"Q3s":{"weight":1.0,"played":[0.9861,0.0139],"evs":[0.0,-0.07419]},"Q4s":{"weight":1.0,"played":[0.9802,0.0198],"evs":[0.0,-0.05624]},"Q5s":{"weight":1.0,"played":[0.8374,0.1626],"evs":[0.0,-0.03877]},"Q6s":{"weight":1.0,"played":[0.0818,0.9182],"evs":[0.0,0.02855]},"Q7s":{"weight":1.0,"played":[0.984,0.016],"evs":[0.0,-0.02834]},"Q8s":{"weight":1.0,"played":[0.001,0.999],"evs":[0.0,0.16298]},"Q9s":{"weight":1.0,"played":[2.0E-4,0.9998],"evs":[0.0,0.44812]},"QTs":{"weight":1.0,"played":[0.0,1.0],"evs":[0.0,0.46817]},"QJs":{"weight":1.0,"played":[0.0,1.0],"evs":[0.0,0.66551]},"QQ":{"weight":1.0,"played":[0.0,1.0],"evs":[0.0,3.97033]},"KQo":{"weight":1.0,"played":[0.0,1.0],"evs":[0.0,0.47554]},"AQo":{"weight":1.0,"played":[0.0,1.0],"evs":[0.0,1.42683]},"K2s":{"weight":1.0,"played":[0.5111,0.4889],"evs":[0.0,0.03799]},"K3s":{"weight":1.0,"played":[0.1582,0.8418],"evs":[0.0,0.02819]},"K4s":{"weight":1.0,"played":[0.0208,0.9792],"evs":[0.0,0.0491]},"K5s":{"weight":1.0,"played":[0.0013,0.9987],"evs":[0.0,0.12882]},"K6s":{"weight":1.0,"played":[3.0E-4,0.9997],"evs":[0.0,0.17944]},"K7s":{"weight":1.0,"played":[6.0E-4,0.9994],"evs":[0.0,0.11646]},"K8s":{"weight":1.0,"played":[9.0E-4,0.9991],"evs":[0.0,0.19314]},"K9s":{"weight":1.0,"played":[0.0014,0.9986],"evs":[0.0,0.45986]},"KTs":{"weight":1.0,"played":[0.0,1.0],"evs":[0.0,0.51908]},"KJs":{"weight":1.0,"played":[0.0,1.0],"evs":[0.0,0.74787]},"KQs":{"weight":1.0,"played":[0.0,1.0],"evs":[0.0,0.95361]},"KK":{"weight":1.0,"played":[0.0,1.0],"evs":[0.0,4.99898]},"AKo":{"weight":1.0,"played":[0.0,1.0],"evs":[0.0,2.34211]},"A2s":{"weight":1.0,"played":[0.9999,1.0E-4],"evs":[0.0,-0.20619]},"A3s":{"weight":1.0,"played":[0.9969,0.0031],"evs":[0.0,-0.07719]},"A4s":{"weight":1.0,"played":[0.9984,0.0016],"evs":[0.0,-0.12051]},"A5s":{"weight":1.0,"played":[0.8397,0.1603],"evs":[0.0,-0.01482]},"A6s":{"weight":1.0,"played":[0.9934,0.0066],"evs":[0.0,-0.22231]},"A7s":{"weight":1.0,"played":[1.0,0.0],"evs":[0.0,-0.18099]},"A8s":{"weight":1.0,"played":[0.9824,0.0176],"evs":[0.0,-0.07882]},"A9s":{"weight":1.0,"played":[0.0109,0.9891],"evs":[0.0,0.15338]},"ATs":{"weight":1.0,"played":[0.0,1.0],"evs":[0.0,0.43918]},"AJs":{"weight":1.0,"played":[0.0,1.0],"evs":[0.0,1.18834]},"AQs":{"weight":1.0,"played":[0.0,1.0],"evs":[0.0,1.86846]},"AKs":{"weight":1.0,"played":[0.0,1.0],"evs":[0.0,2.63843]},"AA":{"weight":1.0,"played":[0.0,1.0],"evs":[0.0,6.76169]}}}