{"player":5,"street":0,"children":2,"sequence":[{"player":0,"type":"F","amount":0,"street":0},{"player":1,"type":"F","amount":0,"street":0},{"player":2,"type":"R","amount":8160000,"street":0},{"player":3,"type":"R","amount":11680000,"street":0},{"player":4,"type":"R","amount":36960000,"street":0}],"actions":[{"type":"F","amount":0,"node":56},{"type":"C","amount":35360000,"node":57}],"hands":{"22":{"weight":1.0,"played":[1.0,0.0],"evs":[0.0,-5.33748]},"32o":{"weight":1.0,"played":[1.0,0.0],"evs":[0.0,-7.67582]},"42o":{"weight":1.0,"played":[1.0,0.0],"evs":[0.0,-7.45344]},"52o":{"weight":1.0,"played":[1.0,0.0],"evs":[0.0,-7.34127]},"62o":{"weight":1.0,"played":[1.0,0.0],"evs":[0.0,-7.42763]},"72o":{"weight":1.0,"played":[1.0,0.0],"evs":[0.0,-7.86666]},"82o":{"weight":1.0,"played":[1.0,0.0],"evs":[0.0,-7.52265]},"92o":{"weight":1.0,"played":[1.0,0.0],"evs":[0.0,-7.23831]},"T2o":{"weight":1.0,"played":[1.0,0.0],"evs":[0.0,-7.42262]},"J2o":{"weight":1.0,"played":[1.0,0.0],"evs":[0.0,-7.21736]},"Q2o":{"weight":1.0,"played":[1.0,0.0],"evs":[0.0,-7.34063]},"K2o":{"weight":1.0,"played":[1.0,0.0],"evs":[0.0,-6.86833]},"A2o":{"weight":1.0,"played":[1.0,0.0],"evs":[0.0,-6.77174]},"32s":{"weight":1.0,"played":[1.0,0.0],"evs":[0.0,-6.856]},"33":{"weight":1.0,"played":[1.0,0.0],"evs":[0.0,-5.10591]},"43o":{"weight":1.0,"played":[1.0,0.0],"evs":[0.0,-7.20647]},"53o":{"weight":1.0,"played":[1.0,0.0],"evs":[0.0,-6.99618]},"63o":{"weight":1.0,"played":[1.0,0.0],"evs":[0.0,-7.05474]},"73o":{"weight":1.0,"played":[1.0,0.0],"evs":[0.0,-7.24786]},"83o":{"weight":1.0,"played":[1.0,0.0],"evs":[0.0,-7.40576]},"93o":{"weight":1.0,"played":[1.0,0.0],"evs":[0.0,-7.14185]},"T3o":{"weight":1.0,"played":[1.0,0.0],"evs":[0.0,-7.2358]},"J3o":{"weight":1.0,"played":[1.0,0.0],"evs":[0.0,-7.17211]},"Q3o":{"weight":1.0,"played":[1.0,0.0],"evs":[0.0,-7.26586]},"K3o":{"weight":1.0,"played":[1.0,0.0],"evs":[0.0,-6.61329]},"A3o":{"weight":1.0,"played":[1.0,0.0],"evs":[0.0,-6.67628]},"42s":{"weight":1.0,"played":[1.0,0.0],"evs":[0.0,-6.45419]},"43s":{"weight":1.0,"played":[1.0,0.0],"evs":[0.0,-6.49543]},"44":{"weight":1.0,"played":[1.0,0.0],"evs":[0.0,-5.09217]},"54o":{"weight":1.0,"played":[1.0,0.0],"evs":[0.0,-6.42847]},"64o":{"weight":1.0,"played":[1.0,0.0],"evs":[0.0,-6.53696]},"74o":{"weight":1.0,"played":[1.0,0.0],"evs":[0.0,-6.8775]},"84o":{"weight":1.0,"played":[1.0,0.0],"evs":[0.0,-7.12824]},"94o":{"weight":1.0,"played":[1.0,0.0],"evs":[0.0,-7.17027]},"T4o":{"weight":1.0,"played":[1.0,0.0],"evs":[0.0,-6.79285]},"J4o":{"weight":1.0,"played":[1.0,0.0],"evs":[0.0,-7.10224]},"Q4o":{"weight":1.0,"played":[1.0,0.0],"evs":[0.0,-7.2805]},"K4o":{"weight":1.0,"played":[1.0,0.0],"evs":[0.0,-6.6644]},"A4o":{"weight":1.0,"played":[1.0,0.0],"evs":[0.0,-6.6457]},"52s":{"weight":1.0,"played":[1.0,0.0],"evs":[0.0,-6.23819]},"53s":{"weight":1.0,"played":[1.0,0.0],"evs":[0.0,-5.85566]},"54s":{"weight":1.0,"played":[1.0,0.0],"evs":[0.0,-5.72758]},"55":{"weight":1.0,"played":[0.9999,1.0E-4],"evs":[0.0,-4.51934]},"65o":{"weight":1.0,"played":[1.0,0.0],"evs":[0.0,-6.21697]},"75o":{"weight":1.0,"played":[1.0,0.0],"evs":[0.0,-6.42766]},"85o":{"weight":1.0,"played":[1.0,0.0],"evs":[0.0,-6.74738]},"95o":{"weight":1.0,"played":[1.0,0.0],"evs":[0.0,-6.95191]},"T5o":{"weight":1.0,"played":[1.0,0.0],"evs":[0.0,-7.32384]},"J5o":{"weight":1.0,"played":[1.0,0.0],"evs":[0.0,-7.10981]},"Q5o":{"weight":1.0,"played":[1.0,0.0],"evs":[0.0,-6.97965]},"K5o":{"weight":1.0,"played":[1.0,0.0],"evs":[0.0,-6.47857]},"A5o":{"weight":1.0,"played":[1.0,0.0],"evs":[0.0,-6.42929]},"62s":{"weight":1.0,"played":[1.0,0.0],"evs":[0.0,-6.78774]},"63s":{"weight":1.0,"played":[1.0,0.0],"evs":[0.0,-6.27529]},"64s":{"weight":1.0,"played":[1.0,0.0],"evs":[0.0,-5.63855]},"65s":{"weight":1.0,"played":[1.0,0.0],"evs":[0.0,-5.18919]},"66":{"weight":1.0,"played":[0.9999,1.0E-4],"evs":[0.0,-3.68821]},"76o":{"weight":1.0,"played":[1.0,0.0],"evs":[0.0,-6.16299]},"86o":{"weight":1.0,"played":[1.0,0.0],"evs":[0.0,-6.33827]},"96o":{"weight":1.0,"played":[1.0,0.0],"evs":[0.0,-6.2273]},"T6o":{"weight":1.0,"played":[1.0,0.0],"evs":[0.0,-6.70259]},"J6o":{"weight":1.0,"played":[1.0,0.0],"evs":[0.0,-6.73779]},"Q6o":{"weight":1.0,"played":[1.0,0.0],"evs":[0.0,-6.82568]},"K6o":{"weight":1.0,"played":[1.0,0.0],"evs":[0.0,-6.51069]},"A6o":{"weight":1.0,"played":[1.0,0.0],"evs":[0.0,-6.63966]},"72s":{"weight":1.0,"played":[1.0,0.0],"evs":[0.0,-6.6296]},"73s":{"weight":1.0,"played":[1.0,0.0],"evs":[0.0,-6.34799]},"74s":{"weight":1.0,"played":[1.0,0.0],"evs":[0.0,-6.26632]},"75s":{"weight":1.0,"played":[1.0,0.0],"evs":[0.0,-5.73514]},"76s":{"weight":1.0,"played":[1.0,0.0],"evs":[0.0,-5.45223]},"77":{"weight":1.0,"played":[1.0,0.0],"evs":[0.0,-2.94404]},"87o":{"weight":1.0,"played":[1.0,0.0],"evs":[0.0,-5.82695]},"97o":{"weight":1.0,"played":[1.0,0.0],"evs":[0.0,-6.01333]},"T7o":{"weight":1.0,"played":[1.0,0.0],"evs":[0.0,-6.11417]},"J7o":{"weight":1.0,"played":[1.0,0.0],"evs":[0.0,-6.11427]},"Q7o":{"weight":1.0,"played":[1.0,0.0],"evs":[0.0,-6.93865]},"K7o":{"weight":1.0,"played":[1.0,0.0],"evs":[0.0,-5.97556]},"A7o":{"weight":1.0,"played":[1.0,0.0],"evs":[0.0,-6.68385]},"82s":{"weight":1.0,"played":[1.0,0.0],"evs":[0.0,-6.38947]},"83s":{"weight":1.0,"played":[1.0,0.0],"evs":[0.0,-6.37515]},"84s":{"weight":1.0,"played":[1.0,0.0],"evs":[0.0,-6.16894]},"85s":{"weight":1.0,"played":[1.0,0.0],"evs":[0.0,-5.73884]},"86s":{"weight":1.0,"played":[0.9999,1.0E-4],"evs":[0.0,-5.17403]},"87s":{"weight":1.0,"played":[0.9999,1.0E-4],"evs":[0.0,-4.99759]},"88":{"weight":1.0,"played":[0.9989,0.0011],"evs":[0.0,-2.18707]},"98o":{"weight":1.0,"played":[1.0,0.0],"evs":[0.0,-5.90413]},"T8o":{"weight":1.0,"played":[1.0,0.0],"evs":[0.0,-5.87415]},"J8o":{"weight":1.0,"played":[1.0,0.0],"evs":[0.0,-6.03197]},"Q8o":{"weight":1.0,"played":[1.0,0.0],"evs":[0.0,-6.17724]},"K8o":{"weight":1.0,"played":[1.0,0.0],"evs":[0.0,-5.92522]},"A8o":{"weight":1.0,"played":[1.0,0.0],"evs":[0.0,-5.83787]},"92s":{"weight":1.0,"played":[1.0,0.0],"evs":[0.0,-5.96872]},"93s":{"weight":1.0,"played":[1.0,0.0],"evs":[0.0,-6.20498]},"94s":{"weight":1.0,"played":[1.0,0.0],"evs":[0.0,-5.84139]},"95s":{"weight":1.0,"played":[1.0,0.0],"evs":[0.0,-5.98769]},"96s":{"weight":1.0,"played":[1.0,0.0],"evs":[0.0,-5.4177]},"97s":{"weight":1.0,"played":[1.0,0.0],"evs":[0.0,-4.84357]},"98s":{"weight":1.0,"played":[1.0,0.0],"evs":[0.0,-4.65608]},"99":{"weight":1.0,"played":[0.9966,0.0034],"evs":[0.0,-1.00676]},"T9o":{"weight":1.0,"played":[1.0,0.0],"evs":[0.0,-5.18942]},"J9o":{"weight":1.0,"played":[1.0,0.0],"evs":[0.0,-5.57077]},"Q9o":{"weight":1.0,"played":[1.0,0.0],"evs":[0.0,-5.73034]},"K9o":{"weight":1.0,"played":[1.0,0.0],"evs":[0.0,-5.57992]},"A9o":{"weight":1.0,"played":[1.0,0.0],"evs":[0.0,-5.96466]},"T2s":{"weight":1.0,"played":[1.0,0.0],"evs":[0.0,-6.32793]},"T3s":{"weight":1.0,"played":[1.0,0.0],"evs":[0.0,-6.20498]},"T4s":{"weight":1.0,"played":[0.9999,1.0E-4],"evs":[0.0,-6.18597]},"T5s":{"weight":1.0,"played":[1.0,0.0],"evs":[0.0,-5.64873]},"T6s":{"weight":1.0,"played":[1.0,0.0],"evs":[0.0,-5.37889]},"T7s":{"weight":1.0,"played":[1.0,0.0],"evs":[0.0,-5.13281]},"T8s":{"weight":1.0,"played":[1.0,0.0],"evs":[0.0,-4.88063]},"T9s":{"weight":1.0,"played":[1.0,0.0],"evs":[0.0,-4.4471]},"TT":{"weight":1.0,"played":[0.8676,0.1324],"evs":[0.0,-0.15195]},"JTo":{"weight":1.0,"played":[1.0,0.0],"evs":[0.0,-4.94749]},"QTo":{"weight":1.0,"played":[1.0,0.0],"evs":[0.0,-5.34861]},"KTo":{"weight":1.0,"played":[1.0,0.0],"evs":[0.0,-5.04525]},"ATo":{"weight":1.0,"played":[1.0,0.0],"evs":[0.0,-5.28257]},"J2s":{"weight":1.0,"played":[1.0,0.0],"evs":[0.0,-6.21566]},"J3s":{"weight":1.0,"played":[1.0,0.0],"evs":[0.0,-6.15784]},"J4s":{"weight":1.0,"played":[1.0,0.0],"evs":[0.0,-6.3222]},"J5s":{"weight":1.0,"played":[1.0,0.0],"evs":[0.0,-6.18608]},"J6s":{"weight":1.0,"played":[1.0,0.0],"evs":[0.0,-5.74849]},"J7s":{"weight":1.0,"played":[1.0,0.0],"evs":[0.0,-5.45302]},"J8s":{"weight":1.0,"played":[0.9999,1.0E-4],"evs":[0.0,-4.86918]},"J9s":{"weight":1.0,"played":[1.0,0.0],"evs":[0.0,-4.48978]},"JTs":{"weight":1.0,"played":[0.9982,0.0018],"evs":[0.0,-4.48126]},"JJ":{"weight":1.0,"played":[0.0,1.0],"evs":[0.0,1.19158]},"QJo":{"weight":1.0,"played":[1.0,0.0],"evs":[0.0,-5.39391]},"KJo":{"weight":1.0,"played":[1.0,0.0],"evs":[0.0,-4.53603]},"AJo":{"weight":1.0,"played":[1.0,0.0],"evs":[0.0,-4.77398]},"Q2s":{"weight":1.0,"played":[1.0,0.0],"evs":[0.0,-6.4682]},"Q3s":{"weight":1.0,"played":[1.0,0.0],"evs":[0.0,-5.53534]},"Q4s":{"weight":1.0,"played":[1.0,0.0],"evs":[0.0,-6.3225]},"Q5s":{"weight":1.0,"played":[1.0,0.0],"evs":[0.0,-5.99346]},"Q6s":{"weight":1.0,"played":[1.0,0.0],"evs":[0.0,-5.60271]},"Q7s":{"weight":1.0,"played":[1.0,0.0],"evs":[0.0,-5.72197]},"Q8s":{"weight":1.0,"played":[1.0,0.0],"evs":[0.0,-5.40358]},"Q9s":{"weight":1.0,"played":[1.0,0.0],"evs":[0.0,-4.91243]},"QTs":{"weight":1.0,"played":[0.9999,1.0E-4],"evs":[0.0,-4.33195]},"QJs":{"weight":1.0,"played":[1.0,0.0],"evs":[0.0,-4.35046]},"QQ":{"weight":1.0,"played":[0.0,1.0],"evs":[0.0,2.80877]},"KQo":{"weight":1.0,"played":[1.0,0.0],"evs":[0.0,-4.58416]},"AQo":{"weight":1.0,"played":[1.0,0.0],"evs":[0.0,-3.53275]},"K2s":{"weight":1.0,"played":[1.0,0.0],"evs":[0.0,-5.69864]},"K3s":{"weight":1.0,"played":[1.0,0.0],"evs":[0.0,-5.3405]},"K4s":{"weight":1.0,"played":[1.0,0.0],"evs":[0.0,-5.31818]},"K5s":{"weight":1.0,"played":[1.0,0.0],"evs":[0.0,-5.59345]},"K6s":{"weight":1.0,"played":[1.0,0.0],"evs":[0.0,-5.37216]},"K7s":{"weight":1.0,"played":[1.0,0.0],"evs":[0.0,-5.32927]},"K8s":{"weight":1.0,"played":[1.0,0.0],"evs":[0.0,-5.13299]},"K9s":{"weight":1.0,"played":[1.0,0.0],"evs":[0.0,-4.89109]},"KTs":{"weight":1.0,"played":[0.9999,1.0E-4],"evs":[0.0,-3.83183]},"KJs":{"weight":1.0,"played":[0.9999,1.0E-4],"evs":[0.0,-4.36756]},"KQs":{"weight":1.0,"played":[0.9997,3.0E-4],"evs":[0.0,-3.72524]},"KK":{"weight":1.0,"played":[0.0,1.0],"evs":[0.0,5.10463]},"AKo":{"weight":1.0,"played":[0.9996,4.0E-4],"evs":[0.0,-2.18454]},"A2s":{"weight":1.0,"played":[0.9999,1.0E-4],"evs":[0.0,-5.66201]},"A3s":{"weight":1.0,"played":[1.0,0.0],"evs":[0.0,-5.40768]},"A4s":{"weight":1.0,"played":[1.0,0.0],"evs":[0.0,-5.13842]},"A5s":{"weight":1.0,"played":[1.0,0.0],"evs":[0.0,-5.36556]},"A6s":{"weight":1.0,"played":[1.0,0.0],"evs":[0.0,-5.34059]},"A7s":{"weight":1.0,"played":[1.0,0.0],"evs":[0.0,-5.68776]},"A8s":{"weight":1.0,"played":[1.0,0.0],"evs":[0.0,-4.61682]},"A9s":{"weight":1.0,"played":[0.9999,1.0E-4],"evs":[0.0,-4.51588]},"ATs":{"weight":1.0,"played":[1.0,0.0],"evs":[0.0,-4.27878]},"AJs":{"weight":1.0,"played":[0.9993,7.0E-4],"evs":[0.0,-3.58222]},"AQs":{"weight":1.0,"played":[0.9999,1.0E-4],"evs":[0.0,-3.13969]},"AKs":{"weight":1.0,"played":[0.9994,6.0E-4],"evs":[0.0,-0.74205]},"AA":{"weight":1.0,"played":[0.0,1.0],"evs":[0.0,7.74953]}}}