{"player":3,"street":0,"children":3,"sequence":[{"player":0,"type":"F","amount":0,"street":0},{"player":1,"type":"R","amount":4640000,"street":0},{"player":2,"type":"F","amount":0,"street":0}],"actions":[{"type":"F","amount":0,"node":60},{"type":"C","amount":4640000},{"type":"R","amount":11680000,"node":87}],"hands":{"22":{"weight":1.0,"played":[1.0,0.0,0.0],"evs":[0.0,-0.61684,-0.66015]},"32o":{"weight":1.0,"played":[1.0,0.0,0.0],"evs":[0.0,-1.53092,-2.2703]},"42o":{"weight":1.0,"played":[1.0,0.0,0.0],"evs":[0.0,-1.50023,-2.17017]},"52o":{"weight":1.0,"played":[1.0,0.0,0.0],"evs":[0.0,-1.47378,-2.0883]},"62o":{"weight":1.0,"played":[1.0,0.0,0.0],"evs":[0.0,-1.50968,-2.20807]},"72o":{"weight":1.0,"played":[1.0,0.0,0.0],"evs":[0.0,-1.51597,-2.28927]},"82o":{"weight":1.0,"played":[1.0,0.0,0.0],"evs":[0.0,-1.47984,-2.17069]},"92o":{"weight":1.0,"played":[1.0,0.0,0.0],"evs":[0.0,-1.46671,-2.10529]},"T2o":{"weight":1.0,"played":[1.0,0.0,0.0],"evs":[0.0,-1.43013,-2.02146]},"J2o":{"weight":1.0,"played":[1.0,0.0,0.0],"evs":[0.0,-1.38876,-1.84436]},"Q2o":{"weight":1.0,"played":[1.0,0.0,0.0],"evs":[0.0,-1.3314,-1.64954]},"K2o":{"weight":1.0,"played":[1.0,0.0,0.0],"evs":[0.0,-1.20687,-1.38201]},"A2o":{"weight":1.0,"played":[1.0,0.0,0.0],"evs":[0.0,-0.69753,-0.71678]},"32s":{"weight":1.0,"played":[1.0,0.0,0.0],"evs":[0.0,-1.38481,-1.77814]},"33":{"weight":1.0,"played":[1.0,0.0,0.0],"evs":[0.0,-0.44025,-0.43794]},"43o":{"weight":1.0,"played":[1.0,0.0,0.0],"evs":[0.0,-1.44217,-1.96948]},"53o":{"weight":1.0,"played":[1.0,0.0,0.0],"evs":[0.0,-1.40703,-1.87836]},"63o":{"weight":1.0,"played":[1.0,0.0,0.0],"evs":[0.0,-1.44318,-1.98682]},"73o":{"weight":1.0,"played":[1.0,0.0,0.0],"evs":[0.0,-1.45307,-2.06877]},"83o":{"weight":1.0,"played":[1.0,0.0,0.0],"evs":[0.0,-1.46682,-2.13397]},"93o":{"weight":1.0,"played":[1.0,0.0,0.0],"evs":[0.0,-1.44161,-2.03108]},"T3o":{"weight":1.0,"played":[1.0,0.0,0.0],"evs":[0.0,-1.40643,-1.93459]},"J3o":{"weight":1.0,"played":[1.0,0.0,0.0],"evs":[0.0,-1.36298,-1.75953]},"Q3o":{"weight":1.0,"played":[1.0,0.0,0.0],"evs":[0.0,-1.29913,-1.56267]},"K3o":{"weight":1.0,"played":[1.0,0.0,0.0],"evs":[0.0,-1.16181,-1.30417]},"A3o":{"weight":1.0,"played":[1.0,0.0,0.0],"evs":[0.0,-0.62209,-0.6279]},"42s":{"weight":1.0,"played":[1.0,0.0,0.0],"evs":[0.0,-1.3466,-1.69261]},"43s":{"weight":1.0,"played":[1.0,0.0,0.0],"evs":[0.0,-1.20569,-1.50346]},"44":{"weight":1.0,"played":[1.0,0.0,0.0],"evs":[0.0,-0.23993,-0.18944]},"54o":{"weight":1.0,"played":[1.0,0.0,0.0],"evs":[0.0,-1.33585,-1.66248]},"64o":{"weight":1.0,"played":[1.0,0.0,0.0],"evs":[0.0,-1.36779,-1.76505]},"74o":{"weight":1.0,"played":[1.0,0.0,0.0],"evs":[0.0,-1.37897,-1.84811]},"84o":{"weight":1.0,"played":[1.0,0.0,0.0],"evs":[0.0,-1.39519,-1.90942]},"94o":{"weight":1.0,"played":[1.0,0.0,0.0],"evs":[0.0,-1.41703,-1.98322]},"T4o":{"weight":1.0,"played":[1.0,0.0,0.0],"evs":[0.0,-1.37326,-1.8416]},"J4o":{"weight":1.0,"played":[1.0,0.0,0.0],"evs":[0.0,-1.33448,-1.67257]},"Q4o":{"weight":1.0,"played":[1.0,0.0,0.0],"evs":[0.0,-1.2544,-1.47376]},"K4o":{"weight":1.0,"played":[1.0,0.0,0.0],"evs":[0.0,-1.10136,-1.21144]},"A4o":{"weight":1.0,"played":[1.0,0.0,0.0],"evs":[0.0,-0.53727,-0.52631]},"52s":{"weight":1.0,"played":[1.0,0.0,0.0],"evs":[0.0,-1.28169,-1.60912]},"53s":{"weight":1.0,"played":[1.0,0.0,0.0],"evs":[0.0,-1.12332,-1.40417]},"54s":{"weight":1.0,"played":[1.0,0.0,0.0],"evs":[0.0,-0.96083,-1.19627]},"55":{"weight":1.0,"played":[1.0E-4,0.0,0.9999],"evs":[0.0,-0.0111,0.08866]},"65o":{"weight":1.0,"played":[1.0,0.0,0.0],"evs":[0.0,-1.24886,-1.55484]},"75o":{"weight":1.0,"played":[1.0,0.0,0.0],"evs":[0.0,-1.30335,-1.62634]},"85o":{"weight":1.0,"played":[1.0,0.0,0.0],"evs":[0.0,-1.32098,-1.6906]},"95o":{"weight":1.0,"played":[1.0,0.0,0.0],"evs":[0.0,-1.35164,-1.76629]},"T5o":{"weight":1.0,"played":[1.0,0.0,0.0],"evs":[0.0,-1.35136,-1.78996]},"J5o":{"weight":1.0,"played":[1.0,0.0,0.0],"evs":[0.0,-1.30203,-1.58808]},"Q5o":{"weight":1.0,"played":[1.0,0.0,0.0],"evs":[0.0,-1.18924,-1.38461]},"K5o":{"weight":1.0,"played":[1.0,0.0,0.0],"evs":[0.0,-1.03143,-1.11126]},"A5o":{"weight":1.0,"played":[1.0,0.0,0.0],"evs":[0.0,-0.42791,-0.39927]},"62s":{"weight":1.0,"played":[1.0,0.0,0.0],"evs":[0.0,-1.35,-1.71218]},"63s":{"weight":1.0,"played":[1.0,0.0,0.0],"evs":[0.0,-1.20509,-1.50249]},"64s":{"weight":1.0,"played":[1.0,0.0,0.0],"evs":[0.0,-1.05452,-1.307]},"65s":{"weight":1.0,"played":[1.0,0.0,0.0],"evs":[0.0,-0.88751,-1.11128]},"66":{"weight":1.0,"played":[0.0,0.0,1.0],"evs":[0.0,0.2587,0.36057]},"76o":{"weight":1.0,"played":[1.0,0.0,0.0],"evs":[0.0,-1.15316,-1.43904]},"86o":{"weight":1.0,"played":[1.0,0.0,0.0],"evs":[0.0,-1.19288,-1.47791]},"96o":{"weight":1.0,"played":[1.0,0.0,0.0],"evs":[0.0,-1.25403,-1.54359]},"T6o":{"weight":1.0,"played":[1.0,0.0,0.0],"evs":[0.0,-1.27669,-1.57851]},"J6o":{"weight":1.0,"played":[1.0,0.0,0.0],"evs":[0.0,-1.27486,-1.54002]},"Q6o":{"weight":1.0,"played":[1.0,0.0,0.0],"evs":[0.0,-1.14128,-1.3016]},"K6o":{"weight":1.0,"played":[1.0,0.0,0.0],"evs":[0.0,-0.95848,-1.01047]},"A6o":{"weight":1.0,"played":[1.0,0.0,0.0],"evs":[0.0,-0.44758,-0.40437]},"72s":{"weight":1.0,"played":[1.0,0.0,0.0],"evs":[0.0,-1.36177,-1.79618]},"73s":{"weight":1.0,"played":[1.0,0.0,0.0],"evs":[0.0,-1.28229,-1.58966]},"74s":{"weight":1.0,"played":[1.0,0.0,0.0],"evs":[0.0,-1.11108,-1.37844]},"75s":{"weight":1.0,"played":[1.0,0.0,0.0],"evs":[0.0,-0.93882,-1.17543]},"76s":{"weight":1.0,"played":[1.0,0.0,0.0],"evs":[0.0,-0.78722,-0.99127]},"77":{"weight":1.0,"played":[0.0,0.0,1.0],"evs":[0.0,0.54107,0.6604]},"87o":{"weight":1.0,"played":[1.0,0.0,0.0],"evs":[0.0,-1.04736,-1.31157]},"97o":{"weight":1.0,"played":[1.0,0.0,0.0],"evs":[0.0,-1.09794,-1.35351]},"T7o":{"weight":1.0,"played":[1.0,0.0,0.0],"evs":[0.0,-1.13523,-1.38913]},"J7o":{"weight":1.0,"played":[1.0,0.0,0.0],"evs":[0.0,-1.1337,-1.34686]},"Q7o":{"weight":1.0,"played":[1.0,0.0,0.0],"evs":[0.0,-1.10999,-1.26575]},"K7o":{"weight":1.0,"played":[1.0,0.0,0.0],"evs":[0.0,-0.90185,-0.94151]},"A7o":{"weight":1.0,"played":[1.0,0.0,0.0],"evs":[0.0,-0.28595,-0.21511]},"82s":{"weight":1.0,"played":[1.0,0.0,0.0],"evs":[0.0,-1.32218,-1.6785]},"83s":{"weight":1.0,"played":[1.0,0.0,0.0],"evs":[0.0,-1.30919,-1.64524]},"84s":{"weight":1.0,"played":[1.0,0.0,0.0],"evs":[0.0,-1.15768,-1.44208]},"85s":{"weight":1.0,"played":[1.0,0.0,0.0],"evs":[0.0,-0.98969,-1.22633]},"86s":{"weight":1.0,"played":[1.0,0.0,0.0],"evs":[0.0,-0.82591,-1.03603]},"87s":{"weight":1.0,"played":[1.0,0.0,0.0],"evs":[0.0,-0.67883,-0.87151]},"88":{"weight":1.0,"played":[0.0,0.0,1.0],"evs":[0.0,0.89255,0.98646]},"98o":{"weight":1.0,"played":[1.0,0.0,0.0],"evs":[0.0,-0.94749,-1.17109]},"T8o":{"weight":1.0,"played":[1.0,0.0,0.0],"evs":[0.0,-0.95918,-1.17701]},"J8o":{"weight":1.0,"played":[1.0,0.0,0.0],"evs":[0.0,-0.96377,-1.13513]},"Q8o":{"weight":1.0,"played":[1.0,0.0,0.0],"evs":[0.0,-0.93238,-1.04385]},"K8o":{"weight":1.0,"played":[1.0,0.0,0.0],"evs":[0.0,-0.8298,-0.86485]},"A8o":{"weight":1.0,"played":[0.4173,0.0,0.5827],"evs":[0.0,-0.06692,0.00255]},"92s":{"weight":1.0,"played":[1.0,0.0,0.0],"evs":[0.0,-1.30305,-1.62262]},"93s":{"weight":1.0,"played":[1.0,0.0,0.0],"evs":[0.0,-1.25913,-1.55399]},"94s":{"weight":1.0,"played":[1.0,0.0,0.0],"evs":[0.0,-1.21176,-1.49047]},"95s":{"weight":1.0,"played":[1.0,0.0,0.0],"evs":[0.0,-1.03809,-1.29121]},"96s":{"weight":1.0,"played":[1.0,0.0,0.0],"evs":[0.0,-0.88118,-1.08429]},"97s":{"weight":1.0,"played":[1.0,0.0,0.0],"evs":[0.0,-0.72963,-0.91206]},"98s":{"weight":1.0,"played":[1.0,0.0,0.0],"evs":[0.0,-0.58573,-0.74217]},"99":{"weight":1.0,"played":[0.0,0.0,1.0],"evs":[0.0,1.33148,1.40002]},"T9o":{"weight":1.0,"played":[1.0,0.0,0.0],"evs":[0.0,-0.77904,-0.95677]},"J9o":{"weight":1.0,"played":[1.0,0.0,0.0],"evs":[0.0,-0.78016,-0.91361]},"Q9o":{"weight":1.0,"played":[1.0,0.0,0.0],"evs":[0.0,-0.74466,-0.81825]},"K9o":{"weight":1.0,"played":[1.0,0.0,0.0],"evs":[0.0,-0.60703,-0.59302]},"A9o":{"weight":1.0,"played":[0.0,0.0,1.0],"evs":[0.0,0.18732,0.25918]},"T2s":{"weight":1.0,"played":[1.0,0.0,0.0],"evs":[0.0,-1.23398,-1.5321]},"T3s":{"weight":1.0,"played":[1.0,0.0,0.0],"evs":[0.0,-1.18169,-1.45565]},"T4s":{"weight":1.0,"played":[1.0,0.0,0.0],"evs":[0.0,-1.12439,-1.37765]},"T5s":{"weight":1.0,"played":[1.0,0.0,0.0],"evs":[0.0,-1.07855,-1.32248]},"T6s":{"weight":1.0,"played":[1.0,0.0,0.0],"evs":[0.0,-0.91413,-1.11348]},"T7s":{"weight":1.0,"played":[1.0,0.0,0.0],"evs":[0.0,-0.76127,-0.94287]},"T8s":{"weight":1.0,"played":[1.0,0.0,0.0],"evs":[0.0,-0.5911,-0.74838]},"T9s":{"weight":1.0,"played":[1.0,0.0,0.0],"evs":[0.0,-0.41789,-0.53893]},"TT":{"weight":1.0,"played":[0.0,0.0,1.0],"evs":[0.0,1.83736,1.95038]},"JTo":{"weight":1.0,"played":[1.0,0.0,0.0],"evs":[0.0,-0.52619,-0.6111]},"QTo":{"weight":1.0,"played":[1.0,0.0,0.0],"evs":[0.0,-0.47401,-0.4727]},"KTo":{"weight":1.0,"played":[1.0,0.0,0.0],"evs":[0.0,-0.27631,-0.19963]},"ATo":{"weight":1.0,"played":[0.0,0.0,1.0],"evs":[0.0,0.59294,0.74542]},"J2s":{"weight":1.0,"played":[1.0,0.0,0.0],"evs":[0.0,-1.12754,-1.3652]},"J3s":{"weight":1.0,"played":[1.0,0.0,0.0],"evs":[0.0,-1.07765,-1.29194]},"J4s":{"weight":1.0,"played":[1.0,0.0,0.0],"evs":[0.0,-1.01047,-1.2025]},"J5s":{"weight":1.0,"played":[1.0,0.0,0.0],"evs":[0.0,-0.95035,-1.13196]},"J6s":{"weight":1.0,"played":[1.0,0.0,0.0],"evs":[0.0,-0.89922,-1.06561]},"J7s":{"weight":1.0,"played":[1.0,0.0,0.0],"evs":[0.0,-0.76669,-0.90906]},"J8s":{"weight":1.0,"played":[1.0,0.0,0.0],"evs":[0.0,-0.58703,-0.69131]},"J9s":{"weight":1.0,"played":[1.0,0.0,0.0],"evs":[0.0,-0.41022,-0.49651]},"JTs":{"weight":1.0,"played":[1.0,0.0,0.0],"evs":[0.0,-0.15923,-0.2046]},"JJ":{"weight":1.0,"played":[0.0,0.0,1.0],"evs":[0.0,2.38017,2.47363]},"QJo":{"weight":1.0,"played":[1.0,0.0,0.0],"evs":[0.0,-0.31547,-0.26425]},"KJo":{"weight":1.0,"played":[0.0136,0.0,0.9864],"evs":[0.0,-0.05736,0.00752]},"AJo":{"weight":1.0,"played":[0.0,0.0,1.0],"evs":[0.0,0.92541,1.05509]},"Q2s":{"weight":1.0,"played":[1.0,0.0,0.0],"evs":[0.0,-0.99482,-1.1634]},"Q3s":{"weight":1.0,"played":[1.0,0.0,0.0],"evs":[0.0,-0.94297,-1.09265]},"Q4s":{"weight":1.0,"played":[1.0,0.0,0.0],"evs":[0.0,-0.88131,-1.01863]},"Q5s":{"weight":1.0,"played":[1.0,0.0,0.0],"evs":[0.0,-0.8141,-0.92522]},"Q6s":{"weight":1.0,"played":[1.0,0.0,0.0],"evs":[0.0,-0.74671,-0.83996]},"Q7s":{"weight":1.0,"played":[1.0,0.0,0.0],"evs":[0.0,-0.7268,-0.81156]},"Q8s":{"weight":1.0,"played":[1.0,0.0,0.0],"evs":[0.0,-0.54641,-0.60688]},"Q9s":{"weight":1.0,"played":[1.0,0.0,0.0],"evs":[0.0,-0.37556,-0.4007]},"QTs":{"weight":1.0,"played":[0.9999,0.0,0.0],"evs":[0.0,-0.11507,-0.07982]},"QJs":{"weight":1.0,"played":[0.0,1.0E-4,0.9999],"evs":[0.0,0.04615,0.11353]},"QQ":{"weight":1.0,"played":[0.0,0.0,1.0],"evs":[0.0,2.92695,3.03867]},"KQo":{"weight":1.0,"played":[0.0,0.0,1.0],"evs":[0.0,0.16393,0.26457]},"AQo":{"weight":1.0,"played":[0.0,0.0,1.0],"evs":[0.0,1.22203,1.38991]},"K2s":{"weight":1.0,"played":[1.0,0.0,0.0],"evs":[0.0,-0.84101,-0.91816]},"K3s":{"weight":1.0,"played":[1.0,0.0,0.0],"evs":[0.0,-0.77737,-0.83645]},"K4s":{"weight":1.0,"played":[1.0,0.0,0.0],"evs":[0.0,-0.71463,-0.75352]},"K5s":{"weight":1.0,"played":[1.0,0.0,0.0],"evs":[0.0,-0.64199,-0.66761]},"K6s":{"weight":1.0,"played":[1.0,0.0,0.0],"evs":[0.0,-0.57691,-0.57795]},"K7s":{"weight":1.0,"played":[1.0,0.0,0.0],"evs":[0.0,-0.51191,-0.50216]},"K8s":{"weight":1.0,"played":[1.0,0.0,0.0],"evs":[0.0,-0.45594,-0.44535]},"K9s":{"weight":1.0,"played":[1.0,0.0,0.0],"evs":[0.0,-0.21456,-0.17775]},"KTs":{"weight":1.0,"played":[0.0,0.0,1.0],"evs":[0.0,0.10459,0.19603]},"KJs":{"weight":1.0,"played":[0.0,0.0,1.0],"evs":[0.0,0.29962,0.38217]},"KQs":{"weight":1.0,"played":[0.0,0.0,1.0],"evs":[0.0,0.53024,0.62843]},"KK":{"weight":1.0,"played":[0.0,0.0,1.0],"evs":[0.0,3.60677,3.6797]},"AKo":{"weight":1.0,"played":[0.0,0.0,1.0],"evs":[0.0,1.6196,1.75723]},"A2s":{"weight":1.0,"played":[1.0,0.0,0.0],"evs":[0.0,-0.30003,-0.28234]},"A3s":{"weight":1.0,"played":[1.0,0.0,0.0],"evs":[0.0,-0.22543,-0.18901]},"A4s":{"weight":1.0,"played":[1.0,0.0,0.0],"evs":[0.0,-0.15589,-0.1068]},"A5s":{"weight":1.0,"played":[6.0E-4,0.0,0.9994],"evs":[0.0,-0.0498,0.01779]},"A6s":{"weight":1.0,"played":[0.0397,1.0E-4,0.9602],"evs":[0.0,-0.05463,0.01401]},"A7s":{"weight":1.0,"played":[0.0,1.0E-4,0.9999],"evs":[0.0,0.10024,0.19453]},"A8s":{"weight":1.0,"played":[0.0,0.0,1.0],"evs":[0.0,0.3038,0.39539]},"A9s":{"weight":1.0,"played":[0.0,0.0,1.0],"evs":[0.0,0.54668,0.63157]},"ATs":{"weight":1.0,"played":[0.0,0.0,1.0],"evs":[0.0,0.94214,1.08496]},"AJs":{"weight":1.0,"played":[0.0,0.0,1.0],"evs":[0.0,1.25185,1.37223]},"AQs":{"weight":1.0,"played":[0.0,0.0,1.0],"evs":[0.0,1.53449,1.67953]},"AKs":{"weight":1.0,"played":[0.0,0.0,1.0],"evs":[0.0,1.90457,2.01854]},"AA":{"weight":1.0,"played":[0.0,0.0014,0.9986],"evs":[0.0,4.78156,4.83467]}}}