{"player":5,"street":0,"children":3,"sequence":[{"player":0,"type":"F","amount":0,"street":0},{"player":1,"type":"R","amount":4640000,"street":0},{"player":2,"type":"F","amount":0,"street":0},{"player":3,"type":"F","amount":0,"street":0},{"player":4,"type":"F","amount":0,"street":0}],"actions":[{"type":"F","amount":0,"node":62},{"type":"C","amount":3040000,"node":63},{"type":"R","amount":18720000,"node":65}],"hands":{"22":{"weight":1.0,"played":[0.0,0.0,1.0],"evs":[0.0,0.74801,0.97537]},"32o":{"weight":1.0,"played":[1.0,0.0,0.0],"evs":[0.0,-0.13002,-0.26481]},"42o":{"weight":1.0,"played":[1.0,0.0,0.0],"evs":[0.0,-0.10608,-0.21202]},"52o":{"weight":1.0,"played":[1.0,0.0,0.0],"evs":[0.0,-0.08314,-0.15766]},"62o":{"weight":1.0,"played":[1.0,0.0,0.0],"evs":[0.0,-0.12579,-0.23256]},"72o":{"weight":1.0,"played":[1.0,0.0,0.0],"evs":[0.0,-0.15661,-0.28862]},"82o":{"weight":1.0,"played":[1.0,0.0,0.0],"evs":[0.0,-0.12846,-0.23514]},"92o":{"weight":1.0,"played":[1.0,0.0,0.0],"evs":[0.0,-0.1122,-0.21712]},"T2o":{"weight":1.0,"played":[1.0,0.0,0.0],"evs":[0.0,-0.0834,-0.1727]},"J2o":{"weight":1.0,"played":[1.0,0.0,0.0],"evs":[0.0,-0.0463,-0.10578]},"Q2o":{"weight":1.0,"played":[0.0,0.8997,0.1003],"evs":[0.0,0.01401,0.01215]},"K2o":{"weight":1.0,"played":[0.0,0.0,1.0],"evs":[0.0,0.15343,0.21557]},"A2o":{"weight":1.0,"played":[0.0,0.0,1.0],"evs":[0.0,0.52991,0.82775]},"32s":{"weight":1.0,"played":[0.0,6.0E-4,0.9994],"evs":[0.0,0.03656,0.04657]},"33":{"weight":1.0,"played":[0.0,0.0,1.0],"evs":[0.0,0.84766,1.0753]},"43o":{"weight":1.0,"played":[1.0,0.0,0.0],"evs":[0.0,-0.04045,-0.08243]},"53o":{"weight":1.0,"played":[0.9974,0.002,6.0E-4],"evs":[0.0,-0.0132,-0.03527]},"63o":{"weight":1.0,"played":[1.0,0.0,0.0],"evs":[0.0,-0.05923,-0.10939]},"73o":{"weight":1.0,"played":[1.0,0.0,0.0],"evs":[0.0,-0.08772,-0.16349]},"83o":{"weight":1.0,"played":[1.0,0.0,0.0],"evs":[0.0,-0.12135,-0.22383]},"93o":{"weight":1.0,"played":[1.0,0.0,0.0],"evs":[0.0,-0.09248,-0.18304]},"T3o":{"weight":1.0,"played":[1.0,0.0,0.0],"evs":[0.0,-0.06586,-0.13206]},"J3o":{"weight":1.0,"played":[0.9994,6.0E-4,0.0],"evs":[0.0,-0.0264,-0.0668]},"Q3o":{"weight":1.0,"played":[0.0,0.1361,0.8639],"evs":[0.0,0.03584,0.04467]},"K3o":{"weight":1.0,"played":[0.0,0.0,1.0],"evs":[0.0,0.17518,0.25558]},"A3o":{"weight":1.0,"played":[0.0,0.0,1.0],"evs":[0.0,0.57667,0.86047]},"42s":{"weight":1.0,"played":[0.0,0.0,1.0],"evs":[0.0,0.05026,0.09512]},"43s":{"weight":1.0,"played":[0.0,0.0,1.0],"evs":[0.0,0.14315,0.21514]},"44":{"weight":1.0,"played":[0.0,0.0,1.0],"evs":[0.0,0.98954,1.23147]},"54o":{"weight":1.0,"played":[0.0,0.0,1.0],"evs":[0.0,0.0545,0.08855]},"64o":{"weight":1.0,"played":[1.0E-4,5.0E-4,0.9994],"evs":[0.0,0.01334,0.01975]},"74o":{"weight":1.0,"played":[0.9961,0.0036,3.0E-4],"evs":[0.0,-0.01704,-0.03121]},"84o":{"weight":1.0,"played":[1.0,0.0,0.0],"evs":[0.0,-0.04858,-0.0896]},"94o":{"weight":1.0,"played":[1.0,0.0,0.0],"evs":[0.0,-0.07396,-0.15119]},"T4o":{"weight":1.0,"played":[0.9999,1.0E-4,0.0],"evs":[0.0,-0.04371,-0.08577]},"J4o":{"weight":1.0,"played":[0.0,0.9999,0.0],"evs":[0.0,0.00204,-0.01768]},"Q4o":{"weight":1.0,"played":[0.0,0.002,0.998],"evs":[0.0,0.06254,0.09137]},"K4o":{"weight":1.0,"played":[0.0,0.0,1.0],"evs":[0.0,0.20359,0.30182]},"A4o":{"weight":1.0,"played":[0.0,0.0,1.0],"evs":[0.0,0.632,0.91374]},"52s":{"weight":1.0,"played":[0.0,0.0,1.0],"evs":[0.0,0.07985,0.15154]},"53s":{"weight":1.0,"played":[0.0,0.0,1.0],"evs":[0.0,0.19126,0.26323]},"54s":{"weight":1.0,"played":[0.0,0.0,1.0],"evs":[0.0,0.3011,0.38127]},"55":{"weight":1.0,"played":[0.0,0.0,1.0],"evs":[0.0,1.11702,1.38826]},"65o":{"weight":1.0,"played":[0.0,0.0,1.0],"evs":[0.0,0.083,0.1549]},"75o":{"weight":1.0,"played":[0.0,0.0,1.0],"evs":[0.0,0.05838,0.10155]},"85o":{"weight":1.0,"played":[0.0,0.0,1.0],"evs":[0.0,0.02726,0.04398]},"95o":{"weight":1.0,"played":[0.2599,0.7397,4.0E-4],"evs":[0.0,-0.00249,-0.01468]},"T5o":{"weight":1.0,"played":[0.9998,2.0E-4,0.0],"evs":[0.0,-0.02177,-0.05616]},"J5o":{"weight":1.0,"played":[0.0,0.1374,0.8626],"evs":[0.0,0.02485,0.02862]},"Q5o":{"weight":1.0,"played":[0.0,1.0E-4,0.9999],"evs":[0.0,0.08831,0.13444]},"K5o":{"weight":1.0,"played":[0.0,0.0,1.0],"evs":[0.0,0.23568,0.35767]},"A5o":{"weight":1.0,"played":[0.0,0.0,1.0],"evs":[0.0,0.70749,0.99518]},"62s":{"weight":1.0,"played":[0.0,0.0,0.9999],"evs":[0.0,0.03727,0.07763]},"63s":{"weight":1.0,"played":[0.0,0.0,1.0],"evs":[0.0,0.11465,0.19437]},"64s":{"weight":1.0,"played":[0.0,0.0,1.0],"evs":[0.0,0.24064,0.32163]},"65s":{"weight":1.0,"played":[0.0,0.0,1.0],"evs":[0.0,0.35083,0.43196]},"66":{"weight":1.0,"played":[0.0,0.0,1.0],"evs":[0.0,1.26072,1.54027]},"76o":{"weight":1.0,"played":[0.0,0.0,1.0],"evs":[0.0,0.15159,0.22522]},"86o":{"weight":1.0,"played":[0.0,0.0,1.0],"evs":[0.0,0.10093,0.17589]},"96o":{"weight":1.0,"played":[0.0,2.0E-4,0.9998],"evs":[0.0,0.07777,0.11837]},"T6o":{"weight":1.0,"played":[0.0,0.0197,0.9803],"evs":[0.0,0.05538,0.06911]},"J6o":{"weight":1.0,"played":[0.0,0.1975,0.8025],"evs":[0.0,0.05254,0.05378]},"Q6o":{"weight":1.0,"played":[0.0,0.0,1.0],"evs":[0.0,0.12601,0.18799]},"K6o":{"weight":1.0,"played":[0.0,0.0,1.0],"evs":[0.0,0.26887,0.40942]},"A6o":{"weight":1.0,"played":[0.0,0.0,1.0],"evs":[0.0,0.72209,1.01898]},"72s":{"weight":1.0,"played":[0.0053,0.2698,0.7249],"evs":[0.0,0.00999,0.01807]},"73s":{"weight":1.0,"played":[0.0,0.0,1.0],"evs":[0.0,0.07454,0.13164]},"74s":{"weight":1.0,"played":[0.0,0.0,1.0],"evs":[0.0,0.17853,0.2535]},"75s":{"weight":1.0,"played":[0.0,0.0,1.0],"evs":[0.0,0.32476,0.39866]},"76s":{"weight":1.0,"played":[0.0,0.0,1.0],"evs":[0.0,0.42112,0.4958]},"77":{"weight":1.0,"played":[0.0,0.0,1.0],"evs":[0.0,1.43159,1.69341]},"87o":{"weight":1.0,"played":[0.0,0.0,1.0],"evs":[0.0,0.23067,0.28087]},"97o":{"weight":1.0,"played":[0.0,0.0,1.0],"evs":[0.0,0.17548,0.22402]},"T7o":{"weight":1.0,"played":[0.0,0.0,1.0],"evs":[0.0,0.1417,0.18164]},"J7o":{"weight":1.0,"played":[0.0,0.0,1.0],"evs":[0.0,0.13043,0.1604]},"Q7o":{"weight":1.0,"played":[0.0,0.0,1.0],"evs":[0.0,0.14666,0.19012]},"K7o":{"weight":1.0,"played":[0.0,0.0,1.0],"evs":[0.0,0.30752,0.45223]},"A7o":{"weight":1.0,"played":[0.0,0.0,1.0],"evs":[0.0,0.87113,1.16168]},"82s":{"weight":1.0,"played":[0.0,0.003,0.997],"evs":[0.0,0.04154,0.06588]},"83s":{"weight":1.0,"played":[0.0,0.0,1.0],"evs":[0.0,0.05117,0.07679]},"84s":{"weight":1.0,"played":[0.0,0.0,1.0],"evs":[0.0,0.1323,0.21336]},"85s":{"weight":1.0,"played":[0.0,0.0,1.0],"evs":[0.0,0.25534,0.32831]},"86s":{"weight":1.0,"played":[0.0,0.0,1.0],"evs":[0.0,0.39549,0.45868]},"87s":{"weight":1.0,"played":[0.0,0.0,1.0],"evs":[0.0,0.50846,0.56211]},"88":{"weight":1.0,"played":[0.0,0.0,1.0],"evs":[0.0,1.62864,1.86664]},"98o":{"weight":1.0,"played":[0.0,0.0,1.0],"evs":[0.0,0.29312,0.32042]},"T8o":{"weight":1.0,"played":[0.0,0.0,1.0],"evs":[0.0,0.27747,0.29755]},"J8o":{"weight":1.0,"played":[0.0,0.0,1.0],"evs":[0.0,0.25667,0.27271]},"Q8o":{"weight":1.0,"played":[0.0,0.0,1.0],"evs":[0.0,0.26008,0.31334]},"K8o":{"weight":1.0,"played":[0.0,0.0,1.0],"evs":[0.0,0.34332,0.51565]},"A8o":{"weight":1.0,"played":[0.0,0.0,1.0],"evs":[0.0,1.02409,1.33172]},"92s":{"weight":1.0,"played":[1.0E-4,7.0E-4,0.9992],"evs":[0.0,0.06487,0.09371]},"93s":{"weight":1.0,"played":[0.0,0.0,1.0],"evs":[0.0,0.0875,0.12822]},"94s":{"weight":1.0,"played":[0.0,1.0E-4,0.9999],"evs":[0.0,0.09474,0.1617]},"95s":{"weight":1.0,"played":[0.0,0.0,1.0],"evs":[0.0,0.19593,0.27365]},"96s":{"weight":1.0,"played":[0.0,0.0,1.0],"evs":[0.0,0.3397,0.40623]},"97s":{"weight":1.0,"played":[0.0,0.0,1.0],"evs":[0.0,0.47053,0.51515]},"98s":{"weight":1.0,"played":[0.0,0.0,1.0],"evs":[0.0,0.57547,0.59344]},"99":{"weight":1.0,"played":[0.0,0.0,1.0],"evs":[0.0,1.86379,2.08514]},"T9o":{"weight":1.0,"played":[0.0,0.0015,0.9985],"evs":[0.0,0.4007,0.40921]},"J9o":{"weight":1.0,"played":[0.0,0.0198,0.9802],"evs":[0.0,0.39734,0.40414]},"Q9o":{"weight":1.0,"played":[0.0,0.0,1.0],"evs":[0.0,0.40071,0.46829]},"K9o":{"weight":1.0,"played":[0.0,0.0,1.0],"evs":[0.0,0.50725,0.72261]},"A9o":{"weight":1.0,"played":[0.0,0.0,1.0],"evs":[0.0,1.22357,1.54566]},"T2s":{"weight":1.0,"played":[0.0,0.0016,0.9984],"evs":[0.0,0.09731,0.14776]},"T3s":{"weight":1.0,"played":[0.0,0.0,1.0],"evs":[0.0,0.11603,0.18118]},"T4s":{"weight":1.0,"played":[0.0,0.0,1.0],"evs":[0.0,0.14705,0.21474]},"T5s":{"weight":1.0,"played":[0.0,0.0,1.0],"evs":[0.0,0.17956,0.2429]},"T6s":{"weight":1.0,"played":[0.0,0.0,1.0],"evs":[0.0,0.30537,0.36984]},"T7s":{"weight":1.0,"played":[0.0,0.0,1.0],"evs":[0.0,0.42609,0.46488]},"T8s":{"weight":1.0,"played":[0.0,0.0095,0.9905],"evs":[0.0,0.56014,0.57421]},"T9s":{"weight":1.0,"played":[0.0,0.6371,0.3629],"evs":[0.0,0.67532,0.67328]},"TT":{"weight":1.0,"played":[0.0,0.0,1.0],"evs":[0.0,2.21579,2.40648]},"JTo":{"weight":1.0,"played":[0.0,0.0,1.0],"evs":[0.0,0.59943,0.613]},"QTo":{"weight":1.0,"played":[0.0,0.0,1.0],"evs":[0.0,0.62628,0.72438]},"KTo":{"weight":1.0,"played":[0.0,0.0,1.0],"evs":[0.0,0.77649,1.00671]},"ATo":{"weight":1.0,"played":[0.0,0.0,1.0],"evs":[0.0,1.53121,1.86568]},"J2s":{"weight":1.0,"played":[0.0,1.0E-4,0.9999],"evs":[0.0,0.13371,0.20123]},"J3s":{"weight":1.0,"played":[0.0,0.0,1.0],"evs":[0.0,0.16537,0.22814]},"J4s":{"weight":1.0,"played":[0.0,0.0,1.0],"evs":[0.0,0.21095,0.27681]},"J5s":{"weight":1.0,"played":[0.0,0.0,1.0],"evs":[0.0,0.24827,0.31676]},"J6s":{"weight":1.0,"played":[0.0,0.0,1.0],"evs":[0.0,0.29612,0.35423]},"J7s":{"weight":1.0,"played":[0.0,1.0E-4,0.9999],"evs":[0.0,0.41499,0.45106]},"J8s":{"weight":1.0,"played":[0.0,0.3355,0.6645],"evs":[0.0,0.5466,0.54862]},"J9s":{"weight":1.0,"played":[0.0,0.6364,0.3636],"evs":[0.0,0.65471,0.65479]},"JTs":{"weight":1.0,"played":[0.0,0.3543,0.6457],"evs":[0.0,0.85319,0.85183]},"JJ":{"weight":1.0,"played":[0.0,0.0,1.0],"evs":[0.0,2.56652,2.68864]},"QJo":{"weight":1.0,"played":[0.0,0.0,1.0],"evs":[0.0,0.74172,0.87037]},"KJo":{"weight":1.0,"played":[0.0,0.0,1.0],"evs":[0.0,0.94515,1.16548]},"AJo":{"weight":1.0,"played":[0.0,0.0,1.0],"evs":[0.0,1.74145,2.06103]},"Q2s":{"weight":1.0,"played":[0.0,0.0,1.0],"evs":[0.0,0.20615,0.29203]},"Q3s":{"weight":1.0,"played":[0.0,0.0,1.0],"evs":[0.0,0.25222,0.33673]},"Q4s":{"weight":1.0,"played":[0.0,0.0,1.0],"evs":[0.0,0.29367,0.38223]},"Q5s":{"weight":1.0,"played":[0.0,0.0,1.0],"evs":[0.0,0.34509,0.43349]},"Q6s":{"weight":1.0,"played":[0.0,0.0,1.0],"evs":[0.0,0.3895,0.46765]},"Q7s":{"weight":1.0,"played":[0.0,0.0,1.0],"evs":[0.0,0.42487,0.48129]},"Q8s":{"weight":1.0,"played":[0.0,0.0,1.0],"evs":[0.0,0.55798,0.5948]},"Q9s":{"weight":1.0,"played":[0.0,0.0,1.0],"evs":[0.0,0.68332,0.72995]},"QTs":{"weight":1.0,"played":[0.0,0.0,1.0],"evs":[0.0,0.88824,0.96795]},"QJs":{"weight":1.0,"played":[0.0,1.0E-4,0.9999],"evs":[0.0,1.01149,1.11019]},"QQ":{"weight":1.0,"played":[0.0,3.0E-4,0.9997],"evs":[0.0,2.95281,2.9929]},"KQo":{"weight":1.0,"played":[0.0,0.0,1.0],"evs":[0.0,1.1058,1.32537]},"AQo":{"weight":1.0,"played":[0.0,0.0,1.0],"evs":[0.0,1.95787,2.2764]},"K2s":{"weight":1.0,"played":[0.0,0.0,1.0],"evs":[0.0,0.3336,0.50356]},"K3s":{"weight":1.0,"played":[0.0,0.0,1.0],"evs":[0.0,0.37482,0.54111]},"K4s":{"weight":1.0,"played":[0.0,0.0,1.0],"evs":[0.0,0.41287,0.5721]},"K5s":{"weight":1.0,"played":[0.0,0.0,1.0],"evs":[0.0,0.47128,0.63024]},"K6s":{"weight":1.0,"played":[0.0,0.0,1.0],"evs":[0.0,0.5257,0.68695]},"K7s":{"weight":1.0,"played":[0.0,0.0,1.0],"evs":[0.0,0.57302,0.72328]},"K8s":{"weight":1.0,"played":[0.0,0.0,1.0],"evs":[0.0,0.60783,0.77973]},"K9s":{"weight":1.0,"played":[0.0,0.0,1.0],"evs":[0.0,0.78514,0.97195]},"KTs":{"weight":1.0,"played":[0.0,0.0,1.0],"evs":[0.0,1.04153,1.23601]},"KJs":{"weight":1.0,"played":[0.0,0.0,1.0],"evs":[0.0,1.20076,1.38086]},"KQs":{"weight":1.0,"played":[0.0,0.0,1.0],"evs":[0.0,1.35329,1.5383]},"KK":{"weight":1.0,"played":[0.0,0.5238,0.4762],"evs":[0.0,3.36703,3.36794]},"AKo":{"weight":1.0,"played":[0.0,0.0,1.0],"evs":[0.0,2.19943,2.51944]},"A2s":{"weight":1.0,"played":[0.0,0.0,1.0],"evs":[0.0,0.81281,1.08118]},"A3s":{"weight":1.0,"played":[0.0,0.0,1.0],"evs":[0.0,0.85191,1.10342]},"A4s":{"weight":1.0,"played":[0.0,0.0,1.0],"evs":[0.0,0.90772,1.1565]},"A5s":{"weight":1.0,"played":[0.0,0.0,1.0],"evs":[0.0,0.97433,1.22895]},"A6s":{"weight":1.0,"played":[0.0,0.0,1.0],"evs":[0.0,0.99568,1.25559]},"A7s":{"weight":1.0,"played":[0.0,0.0,1.0],"evs":[0.0,1.12506,1.39132]},"A8s":{"weight":1.0,"played":[0.0,0.0,1.0],"evs":[0.0,1.27433,1.54667]},"A9s":{"weight":1.0,"played":[0.0,0.0,1.0],"evs":[0.0,1.4495,1.73566]},"ATs":{"weight":1.0,"played":[0.0,0.0,1.0],"evs":[0.0,1.75728,2.0482]},"AJs":{"weight":1.0,"played":[0.0,0.0,1.0],"evs":[0.0,1.95886,2.23802]},"AQs":{"weight":1.0,"played":[0.0,0.0,1.0],"evs":[0.0,2.14488,2.41797]},"AKs":{"weight":1.0,"played":[0.0,0.0,1.0],"evs":[0.0,2.37269,2.63893]},"AA":{"weight":1.0,"played":[0.0,0.3726,0.6274],"evs":[0.0,4.0943,4.09515]}}}