{"player":6,"street":0,"children":3,"sequence":[{"player":0,"type":"F","amount":0,"street":0},{"player":1,"type":"R","amount":4640000,"street":0},{"player":2,"type":"F","amount":0,"street":0},{"player":3,"type":"F","amount":0,"street":0},{"player":4,"type":"C","amount":4640000,"street":0},{"player":5,"type":"C","amount":3040000,"street":0}],"actions":[{"type":"F","amount":0},{"type":"C","amount":1440000},{"type":"R","amount":18720000,"node":70}],"hands":{"22":{"weight":1.0,"played":[0.0021,0.9979,0.0],"evs":[0.0,0.78114,-0.75612]},"32o":{"weight":1.0,"played":[0.0365,0.9635,0.0],"evs":[0.0,0.12076,-2.50247]},"42o":{"weight":1.0,"played":[0.0243,0.9757,0.0],"evs":[0.0,0.1409,-2.32866]},"52o":{"weight":1.0,"played":[0.0894,0.9106,0.0],"evs":[0.0,0.13964,-2.31728]},"62o":{"weight":1.0,"played":[0.1869,0.8131,0.0],"evs":[0.0,0.08938,-2.44003]},"72o":{"weight":1.0,"played":[0.6536,0.3464,0.0],"evs":[0.0,0.00132,-2.48604]},"82o":{"weight":1.0,"played":[0.5518,0.4482,0.0],"evs":[0.0,0.01269,-2.34316]},"92o":{"weight":1.0,"played":[1.0,0.0,0.0],"evs":[0.0,-0.06391,-2.32238]},"T2o":{"weight":1.0,"played":[1.0,0.0,0.0],"evs":[0.0,-0.04372,-2.2964]},"J2o":{"weight":1.0,"played":[1.0,0.0,0.0],"evs":[0.0,-0.00895,-2.01211]},"Q2o":{"weight":1.0,"played":[0.0638,0.9362,0.0],"evs":[0.0,0.1018,-1.75296]},"K2o":{"weight":1.0,"played":[0.0396,0.9604,0.0],"evs":[0.0,0.17526,-1.35834]},"A2o":{"weight":1.0,"played":[0.0044,0.9956,0.0],"evs":[0.0,0.56465,-0.19703]},"32s":{"weight":1.0,"played":[0.0362,0.9638,0.0],"evs":[0.0,0.2371,-1.91151]},"33":{"weight":1.0,"played":[0.0022,0.9978,0.0],"evs":[0.0,0.84179,-0.50385]},"43o":{"weight":1.0,"played":[0.04,0.96,0.0],"evs":[0.0,0.18622,-2.16633]},"53o":{"weight":1.0,"played":[0.0633,0.9367,0.0],"evs":[0.0,0.20095,-2.01181]},"63o":{"weight":1.0,"played":[0.094,0.906,0.0],"evs":[0.0,0.12521,-2.19246]},"73o":{"weight":1.0,"played":[0.1627,0.8373,0.0],"evs":[0.0,0.06854,-2.21549]},"83o":{"weight":1.0,"played":[0.3235,0.6765,0.0],"evs":[0.0,0.01799,-2.19554]},"93o":{"weight":1.0,"played":[1.0,0.0,0.0],"evs":[0.0,-0.04253,-2.24432]},"T3o":{"weight":1.0,"played":[1.0,0.0,0.0],"evs":[0.0,-0.04952,-2.13291]},"J3o":{"weight":1.0,"played":[0.1219,0.8781,0.0],"evs":[0.0,0.03864,-1.88255]},"Q3o":{"weight":1.0,"played":[0.1622,0.8378,0.0],"evs":[0.0,0.13233,-1.57185]},"K3o":{"weight":1.0,"played":[0.0157,0.9843,0.0],"evs":[0.0,0.20949,-1.20868]},"A3o":{"weight":1.0,"played":[3.0E-4,0.9997,0.0],"evs":[0.0,0.60479,-0.13967]},"42s":{"weight":1.0,"played":[0.0201,0.9799,0.0],"evs":[0.0,0.29143,-1.79722]},"43s":{"weight":1.0,"played":[0.0148,0.9852,0.0],"evs":[0.0,0.34161,-1.57083]},"44":{"weight":1.0,"played":[0.0037,0.9963,0.0],"evs":[0.0,0.86512,-0.07458]},"54o":{"weight":1.0,"played":[0.0157,0.9843,0.0],"evs":[0.0,0.27525,-1.70176]},"64o":{"weight":1.0,"played":[0.0692,0.9308,0.0],"evs":[0.0,0.22781,-1.78562]},"74o":{"weight":1.0,"played":[0.0802,0.9198,0.0],"evs":[0.0,0.13847,-1.96489]},"84o":{"weight":1.0,"played":[0.1549,0.8451,0.0],"evs":[0.0,0.10508,-1.96847]},"94o":{"weight":1.0,"played":[0.9898,0.0102,0.0],"evs":[0.0,-0.01007,-2.17059]},"T4o":{"weight":1.0,"played":[1.0,0.0,0.0],"evs":[0.0,-0.02305,-2.09867]},"J4o":{"weight":1.0,"played":[0.4428,0.5572,0.0],"evs":[0.0,0.00964,-1.85516]},"Q4o":{"weight":1.0,"played":[0.0698,0.9302,0.0],"evs":[0.0,0.1143,-1.51855]},"K4o":{"weight":1.0,"played":[0.0172,0.9828,0.0],"evs":[0.0,0.25973,-1.14386]},"A4o":{"weight":1.0,"played":[0.0068,0.9932,0.0],"evs":[0.0,0.61898,0.04071]},"52s":{"weight":1.0,"played":[0.0047,0.9953,0.0],"evs":[0.0,0.28267,-1.81149]},"53s":{"weight":1.0,"played":[0.015,0.985,0.0],"evs":[0.0,0.33329,-1.59833]},"54s":{"weight":1.0,"played":[0.0037,0.9963,0.0],"evs":[0.0,0.39511,-1.34422]},"55":{"weight":1.0,"played":[8.0E-4,0.998,0.0011],"evs":[0.0,0.87705,0.24643]},"65o":{"weight":1.0,"played":[0.0168,0.9832,0.0],"evs":[0.0,0.22045,-1.63038]},"75o":{"weight":1.0,"played":[0.0294,0.9706,0.0],"evs":[0.0,0.16392,-1.61612]},"85o":{"weight":1.0,"played":[0.088,0.912,0.0],"evs":[0.0,0.14394,-1.70178]},"95o":{"weight":1.0,"played":[0.9125,0.0875,0.0],"evs":[0.0,-0.01267,-1.89558]},"T5o":{"weight":1.0,"played":[0.8035,0.1965,0.0],"evs":[0.0,0.01305,-1.86369]},"J5o":{"weight":1.0,"played":[0.1178,0.8822,0.0],"evs":[0.0,0.07296,-1.54606]},"Q5o":{"weight":1.0,"played":[0.0663,0.9337,0.0],"evs":[0.0,0.11834,-1.31117]},"K5o":{"weight":1.0,"played":[0.0204,0.9796,0.0],"evs":[0.0,0.27225,-0.90307]},"A5o":{"weight":1.0,"played":[8.0E-4,0.9992,0.0],"evs":[0.0,0.65513,0.15708]},"62s":{"weight":1.0,"played":[0.1795,0.8205,0.0],"evs":[0.0,0.12997,-1.9868]},"63s":{"weight":1.0,"played":[0.0132,0.9868,0.0],"evs":[0.0,0.29029,-1.58995]},"64s":{"weight":1.0,"played":[0.0131,0.9869,0.0],"evs":[0.0,0.36849,-1.35088]},"65s":{"weight":1.0,"played":[0.0079,0.9921,0.0],"evs":[0.0,0.38291,-0.97488]},"66":{"weight":1.0,"played":[0.0024,0.973,0.0246],"evs":[0.0,0.89908,0.61124]},"76o":{"weight":1.0,"played":[0.0513,0.9487,0.0],"evs":[0.0,0.24153,-1.37423]},"86o":{"weight":1.0,"played":[0.0344,0.9656,0.0],"evs":[0.0,0.15296,-1.54665]},"96o":{"weight":1.0,"played":[0.2744,0.7256,0.0],"evs":[0.0,0.063,-1.73953]},"T6o":{"weight":1.0,"played":[0.3112,0.6888,0.0],"evs":[0.0,0.04477,-1.69131]},"J6o":{"weight":1.0,"played":[0.1611,0.8389,0.0],"evs":[0.0,0.04839,-1.59773]},"Q6o":{"weight":1.0,"played":[0.0376,0.9624,0.0],"evs":[0.0,0.10545,-1.37842]},"K6o":{"weight":1.0,"played":[0.006,0.994,0.0],"evs":[0.0,0.23157,-0.85148]},"A6o":{"weight":1.0,"played":[0.0015,0.9985,0.0],"evs":[0.0,0.60089,0.14443]},"72s":{"weight":1.0,"played":[0.0199,0.9801,0.0],"evs":[0.0,0.15058,-1.99037]},"73s":{"weight":1.0,"played":[0.0495,0.9505,0.0],"evs":[0.0,0.24393,-1.72085]},"74s":{"weight":1.0,"played":[0.0307,0.9693,0.0],"evs":[0.0,0.2712,-1.33798]},"75s":{"weight":1.0,"played":[0.0333,0.9667,0.0],"evs":[0.0,0.3603,-1.21874]},"76s":{"weight":1.0,"played":[0.0181,0.9819,0.0],"evs":[0.0,0.40486,-0.77616]},"77":{"weight":1.0,"played":[0.0,0.1219,0.8781],"evs":[0.0,0.86792,0.94078]},"87o":{"weight":1.0,"played":[0.0501,0.9499,0.0],"evs":[0.0,0.2089,-1.28268]},"97o":{"weight":1.0,"played":[0.0818,0.9182,0.0],"evs":[0.0,0.07147,-1.49687]},"T7o":{"weight":1.0,"played":[0.0934,0.9065,0.0],"evs":[0.0,0.0849,-1.47719]},"J7o":{"weight":1.0,"played":[0.2302,0.7698,0.0],"evs":[0.0,0.06748,-1.3354]},"Q7o":{"weight":1.0,"played":[0.0561,0.9439,0.0],"evs":[0.0,0.13229,-1.25098]},"K7o":{"weight":1.0,"played":[0.0028,0.9972,0.0],"evs":[0.0,0.25586,-0.71309]},"A7o":{"weight":1.0,"played":[0.0013,0.9977,9.0E-4],"evs":[0.0,0.66667,0.35096]},"82s":{"weight":1.0,"played":[0.0756,0.9244,0.0],"evs":[0.0,0.16737,-1.67976]},"83s":{"weight":1.0,"played":[0.0369,0.9631,0.0],"evs":[0.0,0.16924,-1.53561]},"84s":{"weight":1.0,"played":[0.0319,0.9681,0.0],"evs":[0.0,0.24708,-1.44517]},"85s":{"weight":1.0,"played":[0.0063,0.9937,0.0],"evs":[0.0,0.32439,-1.15715]},"86s":{"weight":1.0,"played":[0.013,0.987,0.0],"evs":[0.0,0.36481,-0.93033]},"87s":{"weight":1.0,"played":[0.0059,0.9941,0.0],"evs":[0.0,0.44327,-0.80372]},"88":{"weight":1.0,"played":[1.0E-4,3.0E-4,0.9996],"evs":[0.0,0.97612,1.49475]},"98o":{"weight":1.0,"played":[0.017,0.983,0.0],"evs":[0.0,0.16942,-1.25296]},"T8o":{"weight":1.0,"played":[0.0671,0.9329,0.0],"evs":[0.0,0.14376,-1.17073]},"J8o":{"weight":1.0,"played":[0.0378,0.9622,0.0],"evs":[0.0,0.16651,-1.06746]},"Q8o":{"weight":1.0,"played":[0.0152,0.9848,0.0],"evs":[0.0,0.20332,-0.93056]},"K8o":{"weight":1.0,"played":[0.0115,0.9885,0.0],"evs":[0.0,0.30849,-0.60548]},"A8o":{"weight":1.0,"played":[5.0E-4,0.9993,2.0E-4],"evs":[0.0,0.70287,0.5]},"92s":{"weight":1.0,"played":[0.069,0.931,0.0],"evs":[0.0,0.08616,-1.7873]},"93s":{"weight":1.0,"played":[0.0343,0.9657,0.0],"evs":[0.0,0.15053,-1.84398]},"94s":{"weight":1.0,"played":[0.0617,0.9383,0.0],"evs":[0.0,0.17068,-1.61451]},"95s":{"weight":1.0,"played":[0.0662,0.9338,0.0],"evs":[0.0,0.21242,-1.45139]},"96s":{"weight":1.0,"played":[0.0245,0.9755,0.0],"evs":[0.0,0.25539,-1.21901]},"97s":{"weight":1.0,"played":[0.0058,0.9942,0.0],"evs":[0.0,0.26239,-0.87173]},"98s":{"weight":1.0,"played":[0.0116,0.9884,0.0],"evs":[0.0,0.45039,-0.70327]},"99":{"weight":1.0,"played":[1.0E-4,3.0E-4,0.9996],"evs":[0.0,1.03543,1.70799]},"T9o":{"weight":1.0,"played":[0.1077,0.8923,0.0],"evs":[0.0,0.12671,-0.9045]},"J9o":{"weight":1.0,"played":[0.0207,0.9793,0.0],"evs":[0.0,0.2158,-0.83889]},"Q9o":{"weight":1.0,"played":[0.0052,0.9948,0.0],"evs":[0.0,0.21985,-0.87854]},"K9o":{"weight":1.0,"played":[0.0038,0.9962,0.0],"evs":[0.0,0.41338,-0.3927]},"A9o":{"weight":1.0,"played":[0.0,0.998,0.0019],"evs":[0.0,0.83886,0.56453]},"T2s":{"weight":1.0,"played":[0.0317,0.9683,0.0],"evs":[0.0,0.19443,-1.72489]},"T3s":{"weight":1.0,"played":[0.1795,0.8205,0.0],"evs":[0.0,0.11963,-1.73522]},"T4s":{"weight":1.0,"played":[0.1166,0.8834,0.0],"evs":[0.0,0.1362,-1.52707]},"T5s":{"weight":1.0,"played":[0.0057,0.9942,0.0],"evs":[0.0,0.21715,-1.34049]},"T6s":{"weight":1.0,"played":[0.0214,0.9786,0.0],"evs":[0.0,0.21417,-1.23504]},"T7s":{"weight":1.0,"played":[0.0137,0.9863,0.0],"evs":[0.0,0.24877,-0.96128]},"T8s":{"weight":1.0,"played":[0.034,0.966,0.0],"evs":[0.0,0.28887,-0.65943]},"T9s":{"weight":1.0,"played":[0.0032,0.9968,0.0],"evs":[0.0,0.47191,-0.33394]},"TT":{"weight":1.0,"played":[0.0,0.0,1.0],"evs":[0.0,1.21983,2.30945]},"JTo":{"weight":1.0,"played":[0.0017,0.9983,0.0],"evs":[0.0,0.39766,-0.58813]},"QTo":{"weight":1.0,"played":[7.0E-4,0.9993,0.0],"evs":[0.0,0.46491,-0.58074]},"KTo":{"weight":1.0,"played":[0.0024,0.9976,0.0],"evs":[0.0,0.60429,0.07721]},"ATo":{"weight":1.0,"played":[0.0,0.9735,0.0265],"evs":[0.0,1.0214,0.92635]},"J2s":{"weight":1.0,"played":[0.0143,0.9857,0.0],"evs":[0.0,0.23408,-1.41137]},"J3s":{"weight":1.0,"played":[0.0428,0.9572,0.0],"evs":[0.0,0.23006,-1.28784]},"J4s":{"weight":1.0,"played":[0.0187,0.9813,0.0],"evs":[0.0,0.34212,-1.11469]},"J5s":{"weight":1.0,"played":[0.0915,0.9085,0.0],"evs":[0.0,0.23782,-0.99505]},"J6s":{"weight":1.0,"played":[0.004,0.996,0.0],"evs":[0.0,0.18798,-1.10663]},"J7s":{"weight":1.0,"played":[0.0218,0.9782,0.0],"evs":[0.0,0.29375,-0.906]},"J8s":{"weight":1.0,"played":[5.0E-4,0.9995,0.0],"evs":[0.0,0.37401,-0.46293]},"J9s":{"weight":1.0,"played":[0.0071,0.9929,0.0],"evs":[0.0,0.26678,-0.53445]},"JTs":{"weight":1.0,"played":[3.0E-4,0.9995,2.0E-4],"evs":[0.0,0.68725,0.06498]},"JJ":{"weight":1.0,"played":[0.0,0.0,1.0],"evs":[0.0,1.56919,2.83587]},"QJo":{"weight":1.0,"played":[6.0E-4,0.9994,0.0],"evs":[0.0,0.62756,-0.30151]},"KJo":{"weight":1.0,"played":[0.0014,0.9986,0.0],"evs":[0.0,0.75309,0.38404]},"AJo":{"weight":1.0,"played":[0.0,0.1803,0.8197],"evs":[0.0,1.20291,1.24494]},"Q2s":{"weight":1.0,"played":[0.0241,0.9759,0.0],"evs":[0.0,0.30216,-1.24139]},"Q3s":{"weight":1.0,"played":[0.0026,0.9974,0.0],"evs":[0.0,0.33535,-0.90682]},"Q4s":{"weight":1.0,"played":[0.0069,0.9931,0.0],"evs":[0.0,0.29875,-1.03496]},"Q5s":{"weight":1.0,"played":[0.0042,0.9958,0.0],"evs":[0.0,0.19847,-0.93052]},"Q6s":{"weight":1.0,"played":[8.0E-4,0.9992,0.0],"evs":[0.0,0.39784,-0.59971]},"Q7s":{"weight":1.0,"played":[0.0103,0.9897,0.0],"evs":[0.0,0.3822,-0.61604]},"Q8s":{"weight":1.0,"played":[0.0036,0.9963,1.0E-4],"evs":[0.0,0.42954,-0.37638]},"Q9s":{"weight":1.0,"played":[2.0E-4,0.9998,0.0],"evs":[0.0,0.48347,-0.3706]},"QTs":{"weight":1.0,"played":[0.0012,0.9985,3.0E-4],"evs":[0.0,0.64268,-0.05679]},"QJs":{"weight":1.0,"played":[1.0E-4,0.9999,1.0E-4],"evs":[0.0,0.7322,0.14797]},"QQ":{"weight":1.0,"played":[0.0,0.0,1.0],"evs":[0.0,2.05541,3.38625]},"KQo":{"weight":1.0,"played":[1.0E-4,0.9454,0.0545],"evs":[0.0,0.94773,0.77549]},"AQo":{"weight":1.0,"played":[0.0,0.4642,0.5358],"evs":[0.0,1.28775,1.29577]},"K2s":{"weight":1.0,"played":[0.0128,0.9872,0.0],"evs":[0.0,0.51734,-0.72388]},"K3s":{"weight":1.0,"played":[0.0017,0.9982,1.0E-4],"evs":[0.0,0.43083,-0.72917]},"K4s":{"weight":1.0,"played":[0.0092,0.9908,0.0],"evs":[0.0,0.48233,-0.61112]},"K5s":{"weight":1.0,"played":[0.0063,0.9936,1.0E-4],"evs":[0.0,0.5128,-0.47161]},"K6s":{"weight":1.0,"played":[0.0019,0.9981,0.0],"evs":[0.0,0.48014,-0.39632]},"K7s":{"weight":1.0,"played":[0.0017,0.9977,6.0E-4],"evs":[0.0,0.49712,-0.15895]},"K8s":{"weight":1.0,"played":[1.0E-4,0.9999,0.0],"evs":[0.0,0.61757,0.0971]},"K9s":{"weight":1.0,"played":[0.0028,0.9971,1.0E-4],"evs":[0.0,0.59946,0.02673]},"KTs":{"weight":1.0,"played":[0.0016,0.9651,0.0333],"evs":[0.0,0.85106,0.44735]},"KJs":{"weight":1.0,"played":[0.0,0.4865,0.5134],"evs":[0.0,0.9902,0.93754]},"KQs":{"weight":1.0,"played":[1.0E-4,0.0,0.9999],"evs":[0.0,1.21652,1.2319]},"KK":{"weight":1.0,"played":[0.0,0.0,1.0],"evs":[0.0,2.95174,4.4748]},"AKo":{"weight":1.0,"played":[0.0,0.0,1.0],"evs":[0.0,1.5533,1.75333]},"A2s":{"weight":1.0,"played":[0.0021,0.9944,0.0035],"evs":[0.0,0.70752,0.15458]},"A3s":{"weight":1.0,"played":[5.0E-4,0.995,0.0045],"evs":[0.0,0.83597,0.30234]},"A4s":{"weight":1.0,"played":[0.0062,0.9929,9.0E-4],"evs":[0.0,0.93516,0.55392]},"A5s":{"weight":1.0,"played":[0.0014,0.8923,0.1063],"evs":[0.0,0.91204,0.73511]},"A6s":{"weight":1.0,"played":[0.0,0.9992,8.0E-4],"evs":[0.0,0.89726,0.58451]},"A7s":{"weight":1.0,"played":[2.0E-4,0.7993,0.2005],"evs":[0.0,0.99363,0.84661]},"A8s":{"weight":1.0,"played":[0.0,0.9035,0.0965],"evs":[0.0,1.0484,0.96735]},"A9s":{"weight":1.0,"played":[7.0E-4,0.9637,0.0356],"evs":[0.0,1.1157,0.96137]},"ATs":{"weight":1.0,"played":[0.0,0.1278,0.8722],"evs":[0.0,1.3367,1.49155]},"AJs":{"weight":1.0,"played":[0.0,0.0,1.0],"evs":[0.0,1.58366,1.75303]},"AQs":{"weight":1.0,"played":[0.0,0.1856,0.8144],"evs":[0.0,1.60901,1.78281]},"AKs":{"weight":1.0,"played":[0.0,0.0,0.9999],"evs":[0.0,1.7892,2.33728]},"AA":{"weight":1.0,"played":[0.0,0.0,1.0],"evs":[0.0,4.7344,6.26502]}}}