{"player":5,"street":0,"children":2,"sequence":[{"player":0,"type":"F","amount":0,"street":0},{"player":1,"type":"R","amount":4640000,"street":0},{"player":2,"type":"F","amount":0,"street":0},{"player":3,"type":"F","amount":0,"street":0},{"player":4,"type":"C","amount":4640000,"street":0},{"player":5,"type":"C","amount":3040000,"street":0},{"player":6,"type":"R","amount":18720000,"street":0},{"player":4,"type":"F","amount":0,"street":0}],"actions":[{"type":"F","amount":0},{"type":"C","amount":14080000}],"hands":{"22":{"weight":0.9992,"played":[1.0E-4,0.9999],"evs":[0.0,0.47483]},"32o":{"weight":0.0,"played":[0.9999,1.0E-4],"evs":[0.0,-0.8776]},"42o":{"weight":0.0,"played":[0.9994,6.0E-4],"evs":[0.0,-0.74513]},"52o":{"weight":0.0,"played":[0.9954,0.0046],"evs":[0.0,-0.66991]},"62o":{"weight":0.0,"played":[0.9995,5.0E-4],"evs":[0.0,-1.08465]},"72o":{"weight":0.0,"played":[0.9957,0.0043],"evs":[0.0,-1.2393]},"82o":{"weight":0.0,"played":[0.9989,0.0011],"evs":[0.0,-1.13543]},"92o":{"weight":0.0,"played":[1.0,0.0],"evs":[0.0,-1.31219]},"T2o":{"weight":0.0,"played":[0.9979,0.0021],"evs":[0.0,-0.95233]},"J2o":{"weight":0.0,"played":[0.9983,0.0017],"evs":[0.0,-1.00634]},"Q2o":{"weight":0.0,"played":[0.9929,0.0071],"evs":[0.0,-0.76493]},"K2o":{"weight":0.0,"played":[0.9694,0.0306],"evs":[0.0,-0.35071]},"A2o":{"weight":0.9896,"played":[0.9974,0.0026],"evs":[0.0,-0.26306]},"32s":{"weight":0.0,"played":[0.9881,0.0119],"evs":[0.0,-0.40969]},"33":{"weight":0.9979,"played":[0.0,1.0],"evs":[0.0,0.72323]},"43o":{"weight":0.0,"played":[0.9949,0.0051],"evs":[0.0,-0.64721]},"53o":{"weight":0.0,"played":[0.9915,0.0085],"evs":[0.0,-0.54594]},"63o":{"weight":0.0,"played":[0.9976,0.0024],"evs":[0.0,-0.83671]},"73o":{"weight":0.0,"played":[1.0,0.0],"evs":[0.0,-0.94498]},"83o":{"weight":0.0,"played":[0.9994,6.0E-4],"evs":[0.0,-0.94861]},"93o":{"weight":0.0,"played":[0.9963,0.0037],"evs":[0.0,-1.03251]},"T3o":{"weight":0.0,"played":[0.9995,5.0E-4],"evs":[0.0,-1.1622]},"J3o":{"weight":0.0,"played":[0.9998,2.0E-4],"evs":[0.0,-0.87639]},"Q3o":{"weight":0.0,"played":[0.9992,8.0E-4],"evs":[0.0,-0.75164]},"K3o":{"weight":0.0,"played":[0.9929,0.0071],"evs":[0.0,-0.69808]},"A3o":{"weight":0.9546,"played":[0.9989,0.0011],"evs":[0.0,-0.16308]},"42s":{"weight":0.0,"played":[0.9797,0.0203],"evs":[0.0,-0.16443]},"43s":{"weight":0.0035,"played":[0.7888,0.2112],"evs":[0.0,-0.21638]},"44":{"weight":0.9974,"played":[1.0E-4,0.9999],"evs":[0.0,0.66685]},"54o":{"weight":0.0,"played":[0.6954,0.3046],"evs":[0.0,-0.32015]},"64o":{"weight":0.0,"played":[0.9972,0.0028],"evs":[0.0,-0.39436]},"74o":{"weight":0.0,"played":[0.9998,2.0E-4],"evs":[0.0,-0.90294]},"84o":{"weight":0.0,"played":[0.9898,0.0102],"evs":[0.0,-0.67303]},"94o":{"weight":0.0,"played":[0.9983,0.0017],"evs":[0.0,-0.8904]},"T4o":{"weight":0.0,"played":[0.9986,0.0014],"evs":[0.0,-0.90233]},"J4o":{"weight":0.0,"played":[0.9982,0.0018],"evs":[0.0,-0.86463]},"Q4o":{"weight":0.0,"played":[0.9991,9.0E-4],"evs":[0.0,-0.58416]},"K4o":{"weight":0.0,"played":[0.9992,8.0E-4],"evs":[0.0,-0.35212]},"A4o":{"weight":0.9048,"played":[0.948,0.052],"evs":[0.0,-0.16926]},"52s":{"weight":0.0,"played":[0.9489,0.0511],"evs":[0.0,-0.26071]},"53s":{"weight":0.6109,"played":[0.609,0.391],"evs":[0.0,-0.06419]},"54s":{"weight":0.8843,"played":[0.2393,0.7607],"evs":[0.0,0.0204]},"55":{"weight":0.9997,"played":[1.0E-4,0.9999],"evs":[0.0,1.04432]},"65o":{"weight":0.0,"played":[0.9773,0.0227],"evs":[0.0,-0.10913]},"75o":{"weight":0.0,"played":[0.9878,0.0122],"evs":[0.0,-0.43266]},"85o":{"weight":0.0,"played":[0.9458,0.0542],"evs":[0.0,-0.56378]},"95o":{"weight":0.0,"played":[1.0,0.0],"evs":[0.0,-0.7172]},"T5o":{"weight":0.0,"played":[1.0,0.0],"evs":[0.0,-0.89869]},"J5o":{"weight":0.0,"played":[0.997,0.003],"evs":[0.0,-0.85704]},"Q5o":{"weight":0.0,"played":[0.9996,4.0E-4],"evs":[0.0,-0.53123]},"K5o":{"weight":0.0,"played":[0.9888,0.0112],"evs":[0.0,-0.39956]},"A5o":{"weight":0.4125,"played":[0.335,0.665],"evs":[0.0,0.11376]},"62s":{"weight":0.0,"played":[0.6951,0.3049],"evs":[0.0,-0.17389]},"63s":{"weight":0.0,"played":[0.294,0.706],"evs":[0.0,0.03821]},"64s":{"weight":0.0832,"played":[0.8286,0.1714],"evs":[0.0,-0.2861]},"65s":{"weight":0.9607,"played":[0.001,0.999],"evs":[0.0,0.45491]},"66":{"weight":0.9995,"played":[0.0,1.0],"evs":[0.0,0.82806]},"76o":{"weight":0.0,"played":[0.9832,0.0168],"evs":[0.0,-0.4252]},"86o":{"weight":0.0,"played":[0.9865,0.0135],"evs":[0.0,-0.27887]},"96o":{"weight":0.0,"played":[0.983,0.017],"evs":[0.0,-0.73039]},"T6o":{"weight":0.0,"played":[0.9971,0.0029],"evs":[0.0,-0.81919]},"J6o":{"weight":0.0,"played":[0.9966,0.0034],"evs":[0.0,-0.78079]},"Q6o":{"weight":0.0,"played":[0.9999,1.0E-4],"evs":[0.0,-0.51551]},"K6o":{"weight":0.0,"played":[0.9747,0.0253],"evs":[0.0,-0.43684]},"A6o":{"weight":0.998,"played":[0.9929,0.0071],"evs":[0.0,-0.43627]},"72s":{"weight":0.0,"played":[0.9727,0.0273],"evs":[0.0,-0.61657]},"73s":{"weight":0.0,"played":[0.8099,0.1901],"evs":[0.0,-0.83169]},"74s":{"weight":0.0,"played":[0.3882,0.6118],"evs":[0.0,-0.05705]},"75s":{"weight":0.6178,"played":[0.2109,0.7891],"evs":[0.0,0.1348]},"76s":{"weight":0.826,"played":[0.57,0.43],"evs":[0.0,-0.15936]},"77":{"weight":0.9995,"played":[0.0,1.0],"evs":[0.0,0.7599]},"87o":{"weight":0.0,"played":[0.9841,0.0159],"evs":[0.0,-0.63873]},"97o":{"weight":0.0,"played":[0.9883,0.0117],"evs":[0.0,-0.64118]},"T7o":{"weight":0.0,"played":[0.9921,0.0079],"evs":[0.0,-0.60672]},"J7o":{"weight":0.0,"played":[0.9946,0.0054],"evs":[0.0,-0.89669]},"Q7o":{"weight":0.0,"played":[0.9829,0.0171],"evs":[0.0,-0.64451]},"K7o":{"weight":0.0,"played":[0.9984,0.0016],"evs":[0.0,-0.41814]},"A7o":{"weight":0.6004,"played":[0.9793,0.0207],"evs":[0.0,-0.37458]},"82s":{"weight":0.0,"played":[0.9646,0.0354],"evs":[0.0,-0.48631]},"83s":{"weight":0.0,"played":[0.9722,0.0278],"evs":[0.0,-0.5484]},"84s":{"weight":0.0,"played":[0.8978,0.1022],"evs":[0.0,-0.33724]},"85s":{"weight":0.0181,"played":[0.4726,0.5274],"evs":[0.0,0.08833]},"86s":{"weight":0.4961,"played":[0.342,0.658],"evs":[0.0,0.4051]},"87s":{"weight":0.8128,"played":[0.2088,0.7912],"evs":[0.0,0.05515]},"88":{"weight":0.9253,"played":[1.0E-4,0.9999],"evs":[0.0,1.62733]},"98o":{"weight":0.0,"played":[0.9895,0.0105],"evs":[0.0,-0.20759]},"T8o":{"weight":0.0,"played":[0.9712,0.0288],"evs":[0.0,-0.51927]},"J8o":{"weight":0.0,"played":[0.8542,0.1458],"evs":[0.0,-0.55836]},"Q8o":{"weight":0.0,"played":[0.8696,0.1304],"evs":[0.0,-0.49698]},"K8o":{"weight":0.0,"played":[0.9043,0.0957],"evs":[0.0,-0.31984]},"A8o":{"weight":0.0099,"played":[0.0676,0.9324],"evs":[0.0,0.10157]},"92s":{"weight":0.0,"played":[0.9956,0.0044],"evs":[0.0,-0.50971]},"93s":{"weight":0.0,"played":[0.9602,0.0398],"evs":[0.0,-0.31944]},"94s":{"weight":0.0,"played":[0.9892,0.0108],"evs":[0.0,-0.39922]},"95s":{"weight":0.0,"played":[0.7991,0.2009],"evs":[0.0,-0.07411]},"96s":{"weight":0.0,"played":[0.5668,0.4332],"evs":[0.0,-0.40299]},"97s":{"weight":0.0,"played":[0.6033,0.3967],"evs":[0.0,-0.43213]},"98s":{"weight":0.6318,"played":[0.0862,0.9138],"evs":[0.0,0.42167]},"99":{"weight":0.9982,"played":[0.0,1.0],"evs":[0.0,2.1503]},"T9o":{"weight":0.0,"played":[0.9983,0.0017],"evs":[0.0,-0.17296]},"J9o":{"weight":0.0,"played":[0.9659,0.0341],"evs":[0.0,-0.52671]},"Q9o":{"weight":0.0,"played":[0.9887,0.0113],"evs":[0.0,-0.10608]},"K9o":{"weight":0.9045,"played":[0.9864,0.0136],"evs":[0.0,-0.17955]},"A9o":{"weight":0.0107,"played":[0.495,0.505],"evs":[0.0,-0.00985]},"T2s":{"weight":0.0,"played":[0.9954,0.0046],"evs":[0.0,-0.38012]},"T3s":{"weight":0.0,"played":[0.7072,0.2928],"evs":[0.0,0.05438]},"T4s":{"weight":0.0,"played":[0.8332,0.1668],"evs":[0.0,-0.72041]},"T5s":{"weight":0.0,"played":[0.9558,0.0442],"evs":[0.0,-0.20882]},"T6s":{"weight":0.0,"played":[0.8668,0.1332],"evs":[0.0,-0.3875]},"T7s":{"weight":0.0,"played":[0.4869,0.5131],"evs":[0.0,-0.07574]},"T8s":{"weight":0.5706,"played":[0.2821,0.7179],"evs":[0.0,-0.05241]},"T9s":{"weight":0.6645,"played":[0.0058,0.9942],"evs":[0.0,0.37458]},"TT":{"weight":0.7079,"played":[0.0,1.0],"evs":[0.0,3.00027]},"JTo":{"weight":0.0322,"played":[0.3826,0.6174],"evs":[0.0,0.0368]},"QTo":{"weight":0.5957,"played":[0.9692,0.0308],"evs":[0.0,-0.11202]},"KTo":{"weight":0.9979,"played":[0.3033,0.6967],"evs":[0.0,0.11133]},"ATo":{"weight":0.0,"played":[0.0,1.0],"evs":[0.0,0.0538]},"J2s":{"weight":0.0,"played":[0.9905,0.0095],"evs":[0.0,-0.26211]},"J3s":{"weight":0.0,"played":[0.9819,0.0181],"evs":[0.0,-0.60877]},"J4s":{"weight":0.0,"played":[0.5203,0.4797],"evs":[0.0,-0.04557]},"J5s":{"weight":0.0,"played":[0.8175,0.1825],"evs":[0.0,0.01249]},"J6s":{"weight":0.0,"played":[0.9948,0.0052],"evs":[0.0,-0.03084]},"J7s":{"weight":0.0,"played":[0.5642,0.4358],"evs":[0.0,-0.07739]},"J8s":{"weight":0.3383,"played":[0.3093,0.6907],"evs":[0.0,0.36078]},"J9s":{"weight":0.9043,"played":[0.035,0.965],"evs":[0.0,0.51713]},"JTs":{"weight":0.998,"played":[0.002,0.998],"evs":[0.0,0.28694]},"JJ":{"weight":0.6259,"played":[0.0,1.0],"evs":[0.0,3.32578]},"QJo":{"weight":0.9884,"played":[0.4174,0.5826],"evs":[0.0,-0.02937]},"KJo":{"weight":0.9996,"played":[0.0,1.0],"evs":[0.0,0.26939]},"AJo":{"weight":0.0,"played":[0.0,1.0],"evs":[0.0,0.82164]},"Q2s":{"weight":1.0E-4,"played":[0.9195,0.0805],"evs":[0.0,-0.40676]},"Q3s":{"weight":0.0,"played":[0.3198,0.6802],"evs":[0.0,-0.03894]},"Q4s":{"weight":0.1284,"played":[0.1863,0.8137],"evs":[0.0,-0.04241]},"Q5s":{"weight":0.0249,"played":[0.3353,0.6647],"evs":[0.0,0.16832]},"Q6s":{"weight":0.1375,"played":[0.7541,0.2459],"evs":[0.0,-0.05104]},"Q7s":{"weight":0.1043,"played":[0.6288,0.3712],"evs":[0.0,0.16944]},"Q8s":{"weight":0.4444,"played":[0.5923,0.4077],"evs":[0.0,-0.1095]},"Q9s":{"weight":0.99,"played":[0.1297,0.8703],"evs":[0.0,0.18908]},"QTs":{"weight":0.9998,"played":[1.0E-4,0.9999],"evs":[0.0,0.83898]},"QJs":{"weight":0.9979,"played":[0.0091,0.9909],"evs":[0.0,0.3469]},"QQ":{"weight":0.842,"played":[0.0,1.0],"evs":[0.0,4.3849]},"KQo":{"weight":0.999,"played":[5.0E-4,0.9995],"evs":[0.0,0.6867]},"AQo":{"weight":0.0,"played":[0.0,1.0],"evs":[0.0,1.74671]},"K2s":{"weight":0.9844,"played":[0.5226,0.4774],"evs":[0.0,0.06526]},"K3s":{"weight":0.9821,"played":[0.7785,0.2215],"evs":[0.0,-0.237]},"K4s":{"weight":0.9757,"played":[0.0508,0.9492],"evs":[0.0,0.16154]},"K5s":{"weight":0.9901,"played":[0.0052,0.9948],"evs":[0.0,0.2197]},"K6s":{"weight":0.999,"played":[0.4548,0.5452],"evs":[0.0,0.16735]},"K7s":{"weight":0.9972,"played":[8.0E-4,0.9992],"evs":[0.0,0.24746]},"K8s":{"weight":0.9856,"played":[0.0601,0.9399],"evs":[0.0,0.37629]},"K9s":{"weight":0.9966,"played":[0.0316,0.9684],"evs":[0.0,0.18547]},"KTs":{"weight":0.9998,"played":[2.0E-4,0.9998],"evs":[0.0,0.62121]},"KJs":{"weight":0.9988,"played":[0.0022,0.9978],"evs":[0.0,0.85223]},"KQs":{"weight":0.9996,"played":[1.0E-4,0.9999],"evs":[0.0,1.22362]},"KK":{"weight":5.0E-4,"played":[0.0,1.0],"evs":[0.0,5.91522]},"AKo":{"weight":0.0,"played":[0.0,1.0],"evs":[0.0,3.07362]},"A2s":{"weight":0.4781,"played":[0.0024,0.9976],"evs":[0.0,0.08935]},"A3s":{"weight":0.015,"played":[0.1443,0.8557],"evs":[0.0,0.13586]},"A4s":{"weight":3.0E-4,"played":[0.0179,0.9821],"evs":[0.0,0.24916]},"A5s":{"weight":0.0014,"played":[0.012,0.988],"evs":[0.0,0.34373]},"A6s":{"weight":0.166,"played":[0.1999,0.8001],"evs":[0.0,0.02004]},"A7s":{"weight":0.0707,"played":[0.0027,0.9973],"evs":[0.0,0.09406]},"A8s":{"weight":0.0011,"played":[0.0674,0.9326],"evs":[0.0,0.88369]},"A9s":{"weight":0.0011,"played":[0.0018,0.9982],"evs":[0.0,0.34765]},"ATs":{"weight":0.0011,"played":[0.0039,0.9961],"evs":[0.0,0.55395]},"AJs":{"weight":2.0E-4,"played":[0.0,1.0],"evs":[0.0,1.4492]},"AQs":{"weight":0.0,"played":[0.0,1.0],"evs":[0.0,2.23312]},"AKs":{"weight":0.0,"played":[0.0,1.0],"evs":[0.0,3.19599]},"AA":{"weight":0.0012,"played":[0.0,1.0],"evs":[0.0,7.47412]}}}