{"player":5,"street":0,"children":3,"sequence":[{"player":0,"type":"F","amount":0,"street":0},{"player":1,"type":"R","amount":4640000,"street":0},{"player":2,"type":"F","amount":0,"street":0},{"player":3,"type":"F","amount":0,"street":0},{"player":4,"type":"C","amount":4640000,"street":0},{"player":5,"type":"C","amount":3040000,"street":0},{"player":6,"type":"R","amount":18720000,"street":0},{"player":4,"type":"C","amount":14080000,"street":0}],"actions":[{"type":"F","amount":0},{"type":"C","amount":14080000},{"type":"R","amount":36960000,"node":73}],"hands":{"22":{"weight":0.9992,"played":[0.9968,0.0022,0.001],"evs":[0.0,-1.52578,-2.11234]},"32o":{"weight":0.0,"played":[1.0,0.0,0.0],"evs":[0.0,-3.27878,-3.95078]},"42o":{"weight":0.0,"played":[1.0,0.0,0.0],"evs":[0.0,-2.76154,-3.48629]},"52o":{"weight":0.0,"played":[0.9996,0.0,4.0E-4],"evs":[0.0,-2.7324,-3.57325]},"62o":{"weight":0.0,"played":[0.9999,0.0,0.0],"evs":[0.0,-3.53408,-4.97644]},"72o":{"weight":0.0,"played":[0.9998,2.0E-4,0.0],"evs":[0.0,-3.27444,-5.04407]},"82o":{"weight":0.0,"played":[1.0,0.0,0.0],"evs":[0.0,-3.38289,-4.77643]},"92o":{"weight":0.0,"played":[1.0,0.0,0.0],"evs":[0.0,-2.99714,-3.9657]},"T2o":{"weight":0.0,"played":[0.9999,1.0E-4,0.0],"evs":[0.0,-3.0987,-3.99274]},"J2o":{"weight":0.0,"played":[1.0,0.0,0.0],"evs":[0.0,-3.1082,-4.54732]},"Q2o":{"weight":0.0,"played":[0.9996,4.0E-4,0.0],"evs":[0.0,-2.61972,-4.05565]},"K2o":{"weight":0.0,"played":[0.9999,1.0E-4,0.0],"evs":[0.0,-2.83841,-3.75919]},"A2o":{"weight":0.9896,"played":[0.9999,0.0,1.0E-4],"evs":[0.0,-1.93444,-2.49814]},"32s":{"weight":0.0,"played":[0.9972,0.0012,0.0016],"evs":[0.0,-3.11956,-4.27771]},"33":{"weight":0.9979,"played":[1.0,0.0,0.0],"evs":[0.0,-1.8245,-2.37961]},"43o":{"weight":0.0,"played":[0.9999,1.0E-4,0.0],"evs":[0.0,-2.86418,-3.52206]},"53o":{"weight":0.0,"played":[0.9998,1.0E-4,0.0],"evs":[0.0,-3.22565,-3.94482]},"63o":{"weight":0.0,"played":[1.0,0.0,0.0],"evs":[0.0,-2.62862,-3.61276]},"73o":{"weight":0.0,"played":[0.9999,0.0,1.0E-4],"evs":[0.0,-2.76196,-4.2995]},"83o":{"weight":0.0,"played":[0.9998,2.0E-4,0.0],"evs":[0.0,-2.88925,-3.86206]},"93o":{"weight":0.0,"played":[0.9999,0.0,1.0E-4],"evs":[0.0,-2.87489,-3.98616]},"T3o":{"weight":0.0,"played":[0.9999,1.0E-4,0.0],"evs":[0.0,-3.52186,-4.67189]},"J3o":{"weight":0.0,"played":[0.9995,5.0E-4,0.0],"evs":[0.0,-3.06904,-4.53931]},"Q3o":{"weight":0.0,"played":[0.9999,0.0,0.0],"evs":[0.0,-2.22965,-3.58623]},"K3o":{"weight":0.0,"played":[1.0,0.0,0.0],"evs":[0.0,-2.39364,-3.63355]},"A3o":{"weight":0.9546,"played":[0.9997,1.0E-4,2.0E-4],"evs":[0.0,-1.74468,-2.35737]},"42s":{"weight":0.0,"played":[0.9927,0.0061,0.0012],"evs":[0.0,-2.14619,-3.78653]},"43s":{"weight":0.0035,"played":[0.9997,3.0E-4,0.0],"evs":[0.0,-2.33619,-3.72389]},"44":{"weight":0.9974,"played":[0.9991,5.0E-4,4.0E-4],"evs":[0.0,-1.56162,-2.09127]},"54o":{"weight":0.0,"played":[0.9994,4.0E-4,1.0E-4],"evs":[0.0,-2.56831,-3.11348]},"64o":{"weight":0.0,"played":[0.9999,1.0E-4,0.0],"evs":[0.0,-2.2771,-3.12937]},"74o":{"weight":0.0,"played":[0.9971,0.0029,0.0],"evs":[0.0,-3.18774,-4.26223]},"84o":{"weight":0.0,"played":[0.9999,1.0E-4,0.0],"evs":[0.0,-3.55344,-4.47784]},"94o":{"weight":0.0,"played":[1.0,0.0,0.0],"evs":[0.0,-2.96558,-4.09494]},"T4o":{"weight":0.0,"played":[0.9998,2.0E-4,0.0],"evs":[0.0,-3.48876,-4.62451]},"J4o":{"weight":0.0,"played":[1.0,0.0,0.0],"evs":[0.0,-2.79305,-4.19144]},"Q4o":{"weight":0.0,"played":[0.9998,1.0E-4,1.0E-4],"evs":[0.0,-2.554,-4.27658]},"K4o":{"weight":0.0,"played":[0.9999,1.0E-4,0.0],"evs":[0.0,-2.75629,-4.06721]},"A4o":{"weight":0.9048,"played":[0.9998,0.0,2.0E-4],"evs":[0.0,-2.03463,-2.46855]},"52s":{"weight":0.0,"played":[0.9998,2.0E-4,0.0],"evs":[0.0,-2.9031,-3.27201]},"53s":{"weight":0.6109,"played":[0.9992,0.0,8.0E-4],"evs":[0.0,-1.95935,-2.46469]},"54s":{"weight":0.8843,"played":[0.9997,2.0E-4,1.0E-4],"evs":[0.0,-1.19777,-1.45639]},"55":{"weight":0.9997,"played":[0.9992,6.0E-4,1.0E-4],"evs":[0.0,-1.58018,-1.85581]},"65o":{"weight":0.0,"played":[0.9999,0.0,1.0E-4],"evs":[0.0,-2.47806,-3.01294]},"75o":{"weight":0.0,"played":[0.9997,2.0E-4,1.0E-4],"evs":[0.0,-2.69924,-3.38985]},"85o":{"weight":0.0,"played":[0.9992,7.0E-4,1.0E-4],"evs":[0.0,-3.10339,-3.95758]},"95o":{"weight":0.0,"played":[0.9995,5.0E-4,0.0],"evs":[0.0,-2.94226,-4.0094]},"T5o":{"weight":0.0,"played":[0.9999,1.0E-4,0.0],"evs":[0.0,-3.07912,-3.8886]},"J5o":{"weight":0.0,"played":[0.9999,1.0E-4,0.0],"evs":[0.0,-2.90016,-3.71502]},"Q5o":{"weight":0.0,"played":[0.9999,0.0,1.0E-4],"evs":[0.0,-2.34633,-3.08801]},"K5o":{"weight":0.0,"played":[0.9999,1.0E-4,0.0],"evs":[0.0,-2.1511,-2.76703]},"A5o":{"weight":0.4125,"played":[0.9991,5.0E-4,4.0E-4],"evs":[0.0,-1.80969,-2.07953]},"62s":{"weight":0.0,"played":[0.9996,4.0E-4,0.0],"evs":[0.0,-2.94956,-3.29796]},"63s":{"weight":0.0,"played":[0.9947,0.0044,0.001],"evs":[0.0,-2.70812,-3.62047]},"64s":{"weight":0.0832,"played":[0.9988,4.0E-4,7.0E-4],"evs":[0.0,-1.34203,-2.16563]},"65s":{"weight":0.9607,"played":[0.9901,0.0063,0.0036],"evs":[0.0,-1.75145,-2.29795]},"66":{"weight":0.9995,"played":[0.998,0.0014,6.0E-4],"evs":[0.0,-2.15214,-2.23893]},"76o":{"weight":0.0,"played":[1.0,0.0,0.0],"evs":[0.0,-3.0129,-3.42841]},"86o":{"weight":0.0,"played":[0.9999,1.0E-4,0.0],"evs":[0.0,-2.59815,-3.92743]},"96o":{"weight":0.0,"played":[0.9995,3.0E-4,1.0E-4],"evs":[0.0,-3.11485,-3.9728]},"T6o":{"weight":0.0,"played":[0.9995,4.0E-4,1.0E-4],"evs":[0.0,-3.21832,-3.53707]},"J6o":{"weight":0.0,"played":[0.9989,0.001,1.0E-4],"evs":[0.0,-3.26401,-4.99031]},"Q6o":{"weight":0.0,"played":[0.9997,0.0,3.0E-4],"evs":[0.0,-2.79838,-4.08257]},"K6o":{"weight":0.0,"played":[0.9999,1.0E-4,0.0],"evs":[0.0,-2.8475,-3.85594]},"A6o":{"weight":0.998,"played":[0.9999,1.0E-4,0.0],"evs":[0.0,-1.7532,-2.23758]},"72s":{"weight":0.0,"played":[0.9983,0.001,7.0E-4],"evs":[0.0,-3.10467,-3.57877]},"73s":{"weight":0.0,"played":[0.9985,0.0013,2.0E-4],"evs":[0.0,-2.50643,-3.86637]},"74s":{"weight":0.0,"played":[0.9989,9.0E-4,2.0E-4],"evs":[0.0,-1.49423,-2.0796]},"75s":{"weight":0.6178,"played":[0.9873,0.0092,0.0034],"evs":[0.0,-2.13517,-3.27021]},"76s":{"weight":0.826,"played":[0.9952,0.0015,0.0033],"evs":[0.0,-1.72562,-2.20293]},"77":{"weight":0.9995,"played":[0.9879,0.0081,0.0041],"evs":[0.0,-2.32213,-2.26914]},"87o":{"weight":0.0,"played":[1.0,0.0,0.0],"evs":[0.0,-3.2827,-4.1953]},"97o":{"weight":0.0,"played":[0.9994,5.0E-4,2.0E-4],"evs":[0.0,-3.21463,-3.98892]},"T7o":{"weight":0.0,"played":[0.9999,0.0,1.0E-4],"evs":[0.0,-3.02837,-4.41323]},"J7o":{"weight":0.0,"played":[0.9999,0.0,0.0],"evs":[0.0,-2.76786,-4.22821]},"Q7o":{"weight":0.0,"played":[0.9999,1.0E-4,0.0],"evs":[0.0,-2.59056,-4.521]},"K7o":{"weight":0.0,"played":[1.0,0.0,0.0],"evs":[0.0,-2.6543,-4.04596]},"A7o":{"weight":0.6004,"played":[0.9997,0.0,3.0E-4],"evs":[0.0,-2.13554,-2.78714]},"82s":{"weight":0.0,"played":[0.9993,3.0E-4,4.0E-4],"evs":[0.0,-3.46673,-4.78197]},"83s":{"weight":0.0,"played":[0.9995,3.0E-4,2.0E-4],"evs":[0.0,-2.83925,-3.25354]},"84s":{"weight":0.0,"played":[0.9997,2.0E-4,0.0],"evs":[0.0,-2.77806,-3.75165]},"85s":{"weight":0.0181,"played":[1.0,0.0,0.0],"evs":[0.0,-2.65018,-3.1359]},"86s":{"weight":0.4961,"played":[0.9764,0.0129,0.0106],"evs":[0.0,-2.37078,-2.8802]},"87s":{"weight":0.8128,"played":[0.9976,0.0023,1.0E-4],"evs":[0.0,-2.59005,-3.26765]},"88":{"weight":0.9253,"played":[0.8584,0.0171,0.1245],"evs":[0.0,-1.04665,-1.53725]},"98o":{"weight":0.0,"played":[0.9999,1.0E-4,0.0],"evs":[0.0,-2.68654,-3.18514]},"T8o":{"weight":0.0,"played":[0.9991,5.0E-4,4.0E-4],"evs":[0.0,-2.25681,-3.09444]},"J8o":{"weight":0.0,"played":[0.999,9.0E-4,0.0],"evs":[0.0,-2.62198,-4.08606]},"Q8o":{"weight":0.0,"played":[0.9992,7.0E-4,1.0E-4],"evs":[0.0,-1.81821,-3.4658]},"K8o":{"weight":0.0,"played":[0.9989,2.0E-4,9.0E-4],"evs":[0.0,-2.52929,-4.21281]},"A8o":{"weight":0.0099,"played":[0.999,3.0E-4,7.0E-4],"evs":[0.0,-1.98162,-2.91994]},"92s":{"weight":0.0,"played":[1.0,0.0,0.0],"evs":[0.0,-2.43586,-3.20963]},"93s":{"weight":0.0,"played":[1.0,0.0,0.0],"evs":[0.0,-3.03922,-3.9031]},"94s":{"weight":0.0,"played":[0.9989,8.0E-4,3.0E-4],"evs":[0.0,-2.67261,-3.84274]},"95s":{"weight":0.0,"played":[0.9998,1.0E-4,1.0E-4],"evs":[0.0,-3.5187,-3.39519]},"96s":{"weight":0.0,"played":[0.9851,0.0117,0.0032],"evs":[0.0,-2.38638,-2.99657]},"97s":{"weight":0.0,"played":[0.9991,9.0E-4,0.0],"evs":[0.0,-2.45745,-3.0548]},"98s":{"weight":0.6318,"played":[0.9779,0.0219,2.0E-4],"evs":[0.0,-1.93127,-2.32489]},"99":{"weight":0.9982,"played":[0.9421,0.0022,0.0556],"evs":[0.0,-1.50726,-1.17198]},"T9o":{"weight":0.0,"played":[0.9996,1.0E-4,3.0E-4],"evs":[0.0,-2.64264,-2.92616]},"J9o":{"weight":0.0,"played":[0.9995,2.0E-4,3.0E-4],"evs":[0.0,-2.55215,-3.54949]},"Q9o":{"weight":0.0,"played":[1.0,0.0,0.0],"evs":[0.0,-2.41795,-3.49714]},"K9o":{"weight":0.9045,"played":[0.9997,1.0E-4,1.0E-4],"evs":[0.0,-2.77135,-3.70931]},"A9o":{"weight":0.0107,"played":[0.9977,0.0014,9.0E-4],"evs":[0.0,-2.17973,-2.30662]},"T2s":{"weight":0.0,"played":[0.9981,0.0012,7.0E-4],"evs":[0.0,-2.84077,-4.08277]},"T3s":{"weight":0.0,"played":[0.9999,0.0,1.0E-4],"evs":[0.0,-3.19714,-4.27481]},"T4s":{"weight":0.0,"played":[0.9951,0.0041,8.0E-4],"evs":[0.0,-2.43795,-2.87022]},"T5s":{"weight":0.0,"played":[0.9929,0.006,0.0011],"evs":[0.0,-3.1798,-3.62104]},"T6s":{"weight":0.0,"played":[0.9989,0.0011,0.0],"evs":[0.0,-1.86042,-2.06864]},"T7s":{"weight":0.0,"played":[0.9991,5.0E-4,4.0E-4],"evs":[0.0,-2.11709,-1.90086]},"T8s":{"weight":0.5706,"played":[0.9984,0.0013,3.0E-4],"evs":[0.0,-1.69572,-2.48198]},"T9s":{"weight":0.6645,"played":[0.9959,0.0039,3.0E-4],"evs":[0.0,-1.45128,-2.45944]},"TT":{"weight":0.7079,"played":[0.2669,0.1833,0.5497],"evs":[0.0,-1.06532,-1.0646]},"JTo":{"weight":0.0322,"played":[0.9999,0.0,1.0E-4],"evs":[0.0,-1.86824,-3.08243]},"QTo":{"weight":0.5957,"played":[0.9999,0.0,1.0E-4],"evs":[0.0,-2.25952,-3.7019]},"KTo":{"weight":0.9979,"played":[0.9997,1.0E-4,2.0E-4],"evs":[0.0,-2.14285,-2.93838]},"ATo":{"weight":0.0,"played":[0.9948,0.0043,0.001],"evs":[0.0,-1.95362,-2.53243]},"J2s":{"weight":0.0,"played":[0.9993,6.0E-4,1.0E-4],"evs":[0.0,-3.26694,-3.38278]},"J3s":{"weight":0.0,"played":[0.9989,7.0E-4,4.0E-4],"evs":[0.0,-1.88635,-3.03832]},"J4s":{"weight":0.0,"played":[0.995,0.0049,0.0],"evs":[0.0,-2.23013,-4.04025]},"J5s":{"weight":0.0,"played":[0.9944,0.0056,0.0],"evs":[0.0,-2.16086,-3.5809]},"J6s":{"weight":0.0,"played":[0.9969,0.003,1.0E-4],"evs":[0.0,-3.05354,-4.04458]},"J7s":{"weight":0.0,"played":[0.9998,1.0E-4,1.0E-4],"evs":[0.0,-2.92353,-3.47871]},"J8s":{"weight":0.3383,"played":[0.9934,0.0036,0.003],"evs":[0.0,-1.76973,-2.62971]},"J9s":{"weight":0.9043,"played":[0.9934,0.0044,0.0022],"evs":[0.0,-2.54184,-3.56144]},"JTs":{"weight":0.998,"played":[0.9056,0.0836,0.0107],"evs":[0.0,-1.02176,-1.99554]},"JJ":{"weight":0.6259,"played":[0.3002,0.3534,0.3464],"evs":[0.0,-0.32679,-0.67045]},"QJo":{"weight":0.9884,"played":[0.9999,0.0,1.0E-4],"evs":[0.0,-2.19121,-3.16959]},"KJo":{"weight":0.9996,"played":[0.9995,2.0E-4,3.0E-4],"evs":[0.0,-2.10725,-3.10877]},"AJo":{"weight":0.0,"played":[0.9996,2.0E-4,2.0E-4],"evs":[0.0,-2.14825,-2.14587]},"Q2s":{"weight":1.0E-4,"played":[0.9992,7.0E-4,1.0E-4],"evs":[0.0,-2.52643,-2.41713]},"Q3s":{"weight":0.0,"played":[0.9987,7.0E-4,6.0E-4],"evs":[0.0,-2.67255,-3.15528]},"Q4s":{"weight":0.1284,"played":[0.9993,6.0E-4,1.0E-4],"evs":[0.0,-1.81362,-3.24396]},"Q5s":{"weight":0.0249,"played":[0.9999,0.0,1.0E-4],"evs":[0.0,-2.11072,-2.90854]},"Q6s":{"weight":0.1375,"played":[0.9939,0.0061,0.0],"evs":[0.0,-1.94534,-2.42501]},"Q7s":{"weight":0.1043,"played":[0.9989,1.0E-4,0.001],"evs":[0.0,-1.71159,-2.73915]},"Q8s":{"weight":0.4444,"played":[0.9993,4.0E-4,3.0E-4],"evs":[0.0,-1.96849,-2.12335]},"Q9s":{"weight":0.99,"played":[0.9968,0.0023,9.0E-4],"evs":[0.0,-1.76164,-2.47805]},"QTs":{"weight":0.9998,"played":[0.9995,3.0E-4,2.0E-4],"evs":[0.0,-1.25347,-2.60698]},"QJs":{"weight":0.9979,"played":[0.9763,0.0113,0.0123],"evs":[0.0,-1.09342,-2.4746]},"QQ":{"weight":0.842,"played":[3.0E-4,0.0053,0.9943],"evs":[0.0,0.39709,0.71571]},"KQo":{"weight":0.999,"played":[0.9988,4.0E-4,8.0E-4],"evs":[0.0,-2.00435,-2.49561]},"AQo":{"weight":0.0,"played":[0.9913,0.0076,0.0011],"evs":[0.0,-1.40478,-1.31022]},"K2s":{"weight":0.9844,"played":[0.9979,7.0E-4,0.0014],"evs":[0.0,-1.82295,-2.92385]},"K3s":{"weight":0.9821,"played":[1.0,0.0,0.0],"evs":[0.0,-1.95401,-2.53934]},"K4s":{"weight":0.9757,"played":[0.9986,0.0013,1.0E-4],"evs":[0.0,-2.20517,-2.92197]},"K5s":{"weight":0.9901,"played":[0.9977,0.0023,0.0],"evs":[0.0,-2.29911,-2.92141]},"K6s":{"weight":0.999,"played":[0.9996,1.0E-4,2.0E-4],"evs":[0.0,-1.67801,-2.14898]},"K7s":{"weight":0.9972,"played":[0.995,0.0018,0.0033],"evs":[0.0,-1.39979,-2.72047]},"K8s":{"weight":0.9856,"played":[0.9943,7.0E-4,0.005],"evs":[0.0,-2.87585,-3.63363]},"K9s":{"weight":0.9966,"played":[1.0,0.0,0.0],"evs":[0.0,-2.6528,-3.02544]},"KTs":{"weight":0.9998,"played":[0.9918,0.0046,0.0036],"evs":[0.0,-2.29828,-2.82621]},"KJs":{"weight":0.9988,"played":[0.718,0.2775,0.0045],"evs":[0.0,-0.20334,-1.18111]},"KQs":{"weight":0.9996,"played":[0.9889,0.0059,0.0051],"evs":[0.0,-1.18976,-1.79744]},"KK":{"weight":5.0E-4,"played":[0.0,0.0,1.0],"evs":[0.0,2.06465,2.52384]},"AKo":{"weight":0.0,"played":[0.2622,0.0355,0.7023],"evs":[0.0,-0.39565,0.34716]},"A2s":{"weight":0.4781,"played":[0.997,2.0E-4,0.0028],"evs":[0.0,-2.13937,-2.08027]},"A3s":{"weight":0.015,"played":[0.9215,0.0598,0.0187],"evs":[0.0,-1.4221,-2.51946]},"A4s":{"weight":3.0E-4,"played":[0.9835,0.008,0.0085],"evs":[0.0,-1.56804,-2.76902]},"A5s":{"weight":0.0014,"played":[0.9978,0.0018,4.0E-4],"evs":[0.0,-2.06469,-2.21369]},"A6s":{"weight":0.166,"played":[0.9982,4.0E-4,0.0014],"evs":[0.0,-1.4966,-1.39339]},"A7s":{"weight":0.0707,"played":[0.9633,0.0043,0.0324],"evs":[0.0,-1.56799,-2.30868]},"A8s":{"weight":0.0011,"played":[0.9888,0.0084,0.0028],"evs":[0.0,-2.02264,-2.73931]},"A9s":{"weight":0.0011,"played":[0.8952,0.0225,0.0823],"evs":[0.0,-1.48139,-2.11902]},"ATs":{"weight":0.0011,"played":[0.6234,0.1358,0.2408],"evs":[0.0,-1.24133,-1.28125]},"AJs":{"weight":2.0E-4,"played":[0.6277,0.1184,0.2539],"evs":[0.0,-0.76671,-1.27971]},"AQs":{"weight":0.0,"played":[0.1679,0.0316,0.8006],"evs":[0.0,0.25795,0.34286]},"AKs":{"weight":0.0,"played":[0.2199,0.0643,0.7158],"evs":[0.0,-0.34116,1.34774]},"AA":{"weight":0.0012,"played":[0.0,0.0039,0.996],"evs":[0.0,7.45552,9.06731]}}}