{"player":5,"street":0,"children":2,"sequence":[{"player":0,"type":"F","amount":0,"street":0},{"player":1,"type":"R","amount":4640000,"street":0},{"player":2,"type":"F","amount":0,"street":0},{"player":3,"type":"F","amount":0,"street":0},{"player":4,"type":"C","amount":4640000,"street":0},{"player":5,"type":"C","amount":3040000,"street":0},{"player":6,"type":"R","amount":18720000,"street":0},{"player":4,"type":"R","amount":36960000,"street":0}],"actions":[{"type":"F","amount":0},{"type":"C","amount":32320000}],"hands":{"22":{"weight":0.9992,"played":[0.9984,0.0016],"evs":[0.0,-3.52729]},"32o":{"weight":0.0,"played":[1.0,0.0],"evs":[0.0,-6.2116]},"42o":{"weight":0.0,"played":[1.0,0.0],"evs":[0.0,-6.42077]},"52o":{"weight":0.0,"played":[1.0,0.0],"evs":[0.0,-6.39418]},"62o":{"weight":0.0,"played":[1.0,0.0],"evs":[0.0,-6.15137]},"72o":{"weight":0.0,"played":[1.0,0.0],"evs":[0.0,-6.12591]},"82o":{"weight":0.0,"played":[1.0,0.0],"evs":[0.0,-5.79212]},"92o":{"weight":0.0,"played":[1.0,0.0],"evs":[0.0,-5.90973]},"T2o":{"weight":0.0,"played":[1.0,0.0],"evs":[0.0,-5.27085]},"J2o":{"weight":0.0,"played":[0.9999,1.0E-4],"evs":[0.0,-5.49346]},"Q2o":{"weight":0.0,"played":[1.0,0.0],"evs":[0.0,-4.62912]},"K2o":{"weight":0.0,"played":[0.9999,1.0E-4],"evs":[0.0,-5.01626]},"A2o":{"weight":0.9896,"played":[1.0,0.0],"evs":[0.0,-3.93803]},"32s":{"weight":0.0,"played":[0.9999,1.0E-4],"evs":[0.0,-5.63669]},"33":{"weight":0.9979,"played":[0.9999,1.0E-4],"evs":[0.0,-4.37694]},"43o":{"weight":0.0,"played":[0.9999,1.0E-4],"evs":[0.0,-5.95352]},"53o":{"weight":0.0,"played":[1.0,0.0],"evs":[0.0,-5.68478]},"63o":{"weight":0.0,"played":[1.0,0.0],"evs":[0.0,-6.40111]},"73o":{"weight":0.0,"played":[0.9999,1.0E-4],"evs":[0.0,-5.91851]},"83o":{"weight":0.0,"played":[1.0,0.0],"evs":[0.0,-5.47305]},"93o":{"weight":0.0,"played":[1.0,0.0],"evs":[0.0,-5.28669]},"T3o":{"weight":0.0,"played":[1.0,0.0],"evs":[0.0,-4.81121]},"J3o":{"weight":0.0,"played":[1.0,0.0],"evs":[0.0,-4.97195]},"Q3o":{"weight":0.0,"played":[1.0,0.0],"evs":[0.0,-4.52275]},"K3o":{"weight":0.0,"played":[1.0,0.0],"evs":[0.0,-4.75801]},"A3o":{"weight":0.9546,"played":[1.0,0.0],"evs":[0.0,-3.79187]},"42s":{"weight":0.0,"played":[1.0,0.0],"evs":[0.0,-4.64862]},"43s":{"weight":0.0035,"played":[0.9999,1.0E-4],"evs":[0.0,-4.66464]},"44":{"weight":0.9974,"played":[0.9973,0.0027],"evs":[0.0,-3.02437]},"54o":{"weight":0.0,"played":[1.0,0.0],"evs":[0.0,-5.11121]},"64o":{"weight":0.0,"played":[0.9998,2.0E-4],"evs":[0.0,-5.46529]},"74o":{"weight":0.0,"played":[1.0,0.0],"evs":[0.0,-5.46905]},"84o":{"weight":0.0,"played":[1.0,0.0],"evs":[0.0,-5.43737]},"94o":{"weight":0.0,"played":[1.0,0.0],"evs":[0.0,-5.27974]},"T4o":{"weight":0.0,"played":[1.0,0.0],"evs":[0.0,-5.25079]},"J4o":{"weight":0.0,"played":[0.9999,1.0E-4],"evs":[0.0,-5.17947]},"Q4o":{"weight":0.0,"played":[1.0,0.0],"evs":[0.0,-4.03555]},"K4o":{"weight":0.0,"played":[1.0,0.0],"evs":[0.0,-3.81274]},"A4o":{"weight":0.9048,"played":[0.9999,1.0E-4],"evs":[0.0,-3.49259]},"52s":{"weight":0.0,"played":[0.9995,5.0E-4],"evs":[0.0,-3.63336]},"53s":{"weight":0.6109,"played":[0.9999,1.0E-4],"evs":[0.0,-5.14857]},"54s":{"weight":0.8843,"played":[0.9999,1.0E-4],"evs":[0.0,-4.96369]},"55":{"weight":0.9997,"played":[0.9988,0.0012],"evs":[0.0,-3.45946]},"65o":{"weight":0.0,"played":[0.9999,1.0E-4],"evs":[0.0,-4.61334]},"75o":{"weight":0.0,"played":[0.9999,1.0E-4],"evs":[0.0,-4.2313]},"85o":{"weight":0.0,"played":[1.0,0.0],"evs":[0.0,-5.00825]},"95o":{"weight":0.0,"played":[0.9993,7.0E-4],"evs":[0.0,-4.79523]},"T5o":{"weight":0.0,"played":[1.0,0.0],"evs":[0.0,-5.17218]},"J5o":{"weight":0.0,"played":[0.9999,1.0E-4],"evs":[0.0,-4.5942]},"Q5o":{"weight":0.0,"played":[0.9995,5.0E-4],"evs":[0.0,-4.05368]},"K5o":{"weight":0.0,"played":[0.9999,1.0E-4],"evs":[0.0,-3.66835]},"A5o":{"weight":0.4125,"played":[0.9992,8.0E-4],"evs":[0.0,-3.67245]},"62s":{"weight":0.0,"played":[0.9999,1.0E-4],"evs":[0.0,-5.93719]},"63s":{"weight":0.0,"played":[0.9999,1.0E-4],"evs":[0.0,-5.81588]},"64s":{"weight":0.0832,"played":[0.9989,0.0011],"evs":[0.0,-4.42447]},"65s":{"weight":0.9607,"played":[1.0,0.0],"evs":[0.0,-3.44336]},"66":{"weight":0.9995,"played":[1.0,0.0],"evs":[0.0,-2.33192]},"76o":{"weight":0.0,"played":[1.0,0.0],"evs":[0.0,-4.29813]},"86o":{"weight":0.0,"played":[0.9999,1.0E-4],"evs":[0.0,-4.32137]},"96o":{"weight":0.0,"played":[1.0,0.0],"evs":[0.0,-3.14576]},"T6o":{"weight":0.0,"played":[1.0,0.0],"evs":[0.0,-4.41137]},"J6o":{"weight":0.0,"played":[1.0,0.0],"evs":[0.0,-4.81289]},"Q6o":{"weight":0.0,"played":[1.0,0.0],"evs":[0.0,-3.60267]},"K6o":{"weight":0.0,"played":[0.9999,1.0E-4],"evs":[0.0,-4.32758]},"A6o":{"weight":0.998,"played":[0.9999,1.0E-4],"evs":[0.0,-3.22283]},"72s":{"weight":0.0,"played":[0.9999,1.0E-4],"evs":[0.0,-5.21685]},"73s":{"weight":0.0,"played":[0.9999,1.0E-4],"evs":[0.0,-5.28578]},"74s":{"weight":0.0,"played":[1.0,0.0],"evs":[0.0,-4.47589]},"75s":{"weight":0.6178,"played":[0.9999,1.0E-4],"evs":[0.0,-3.22816]},"76s":{"weight":0.826,"played":[0.9986,0.0014],"evs":[0.0,-3.4332]},"77":{"weight":0.9995,"played":[0.9976,0.0024],"evs":[0.0,-1.38425]},"87o":{"weight":0.0,"played":[0.9993,7.0E-4],"evs":[0.0,-3.33483]},"97o":{"weight":0.0,"played":[1.0,0.0],"evs":[0.0,-4.26427]},"T7o":{"weight":0.0,"played":[1.0,0.0],"evs":[0.0,-4.10551]},"J7o":{"weight":0.0,"played":[0.9999,1.0E-4],"evs":[0.0,-3.91703]},"Q7o":{"weight":0.0,"played":[1.0,0.0],"evs":[0.0,-3.91697]},"K7o":{"weight":0.0,"played":[1.0,0.0],"evs":[0.0,-4.34326]},"A7o":{"weight":0.6004,"played":[0.999,0.001],"evs":[0.0,-3.29461]},"82s":{"weight":0.0,"played":[0.9997,3.0E-4],"evs":[0.0,-4.88386]},"83s":{"weight":0.0,"played":[1.0,0.0],"evs":[0.0,-4.22348]},"84s":{"weight":0.0,"played":[0.9998,2.0E-4],"evs":[0.0,-4.33766]},"85s":{"weight":0.0181,"played":[1.0,0.0],"evs":[0.0,-3.28066]},"86s":{"weight":0.4961,"played":[0.9999,1.0E-4],"evs":[0.0,-3.98823]},"87s":{"weight":0.8128,"played":[0.9973,0.0027],"evs":[0.0,-2.02149]},"88":{"weight":0.9253,"played":[0.9688,0.0312],"evs":[0.0,-0.72499]},"98o":{"weight":0.0,"played":[1.0,0.0],"evs":[0.0,-3.96578]},"T8o":{"weight":0.0,"played":[0.9991,9.0E-4],"evs":[0.0,-3.66031]},"J8o":{"weight":0.0,"played":[1.0,0.0],"evs":[0.0,-4.02292]},"Q8o":{"weight":0.0,"played":[0.9999,1.0E-4],"evs":[0.0,-3.75794]},"K8o":{"weight":0.0,"played":[0.9995,5.0E-4],"evs":[0.0,-4.03962]},"A8o":{"weight":0.0099,"played":[0.9997,3.0E-4],"evs":[0.0,-3.48538]},"92s":{"weight":0.0,"played":[0.9997,3.0E-4],"evs":[0.0,-4.62472]},"93s":{"weight":0.0,"played":[0.9999,1.0E-4],"evs":[0.0,-4.83812]},"94s":{"weight":0.0,"played":[1.0,0.0],"evs":[0.0,-3.63997]},"95s":{"weight":0.0,"played":[0.9999,1.0E-4],"evs":[0.0,-3.91144]},"96s":{"weight":0.0,"played":[0.9998,2.0E-4],"evs":[0.0,-2.93159]},"97s":{"weight":0.0,"played":[0.9996,4.0E-4],"evs":[0.0,-2.10722]},"98s":{"weight":0.6318,"played":[0.9996,4.0E-4],"evs":[0.0,-3.94092]},"99":{"weight":0.9982,"played":[0.9436,0.0564],"evs":[0.0,-0.02956]},"T9o":{"weight":0.0,"played":[0.9999,1.0E-4],"evs":[0.0,-2.74263]},"J9o":{"weight":0.0,"played":[0.9999,1.0E-4],"evs":[0.0,-3.11191]},"Q9o":{"weight":0.0,"played":[0.9998,2.0E-4],"evs":[0.0,-3.57698]},"K9o":{"weight":0.9045,"played":[0.9999,1.0E-4],"evs":[0.0,-3.6991]},"A9o":{"weight":0.0107,"played":[0.9962,0.0038],"evs":[0.0,-3.02379]},"T2s":{"weight":0.0,"played":[0.9997,3.0E-4],"evs":[0.0,-3.81808]},"T3s":{"weight":0.0,"played":[0.9993,7.0E-4],"evs":[0.0,-3.52696]},"T4s":{"weight":0.0,"played":[1.0,0.0],"evs":[0.0,-4.44855]},"T5s":{"weight":0.0,"played":[1.0,0.0],"evs":[0.0,-3.98896]},"T6s":{"weight":0.0,"played":[0.9999,1.0E-4],"evs":[0.0,-2.25273]},"T7s":{"weight":0.0,"played":[0.9999,1.0E-4],"evs":[0.0,-2.37161]},"T8s":{"weight":0.5706,"played":[0.9946,0.0054],"evs":[0.0,-2.33366]},"T9s":{"weight":0.6645,"played":[0.9986,0.0014],"evs":[0.0,-1.69264]},"TT":{"weight":0.7079,"played":[0.5976,0.4024],"evs":[0.0,-0.04932]},"JTo":{"weight":0.0322,"played":[0.9997,3.0E-4],"evs":[0.0,-2.42628]},"QTo":{"weight":0.5957,"played":[0.9997,3.0E-4],"evs":[0.0,-3.14935]},"KTo":{"weight":0.9979,"played":[0.9995,5.0E-4],"evs":[0.0,-3.4879]},"ATo":{"weight":0.0,"played":[0.9875,0.0125],"evs":[0.0,-2.57577]},"J2s":{"weight":0.0,"played":[0.9999,1.0E-4],"evs":[0.0,-4.77348]},"J3s":{"weight":0.0,"played":[0.9963,0.0037],"evs":[0.0,-4.81288]},"J4s":{"weight":0.0,"played":[0.9999,1.0E-4],"evs":[0.0,-3.62592]},"J5s":{"weight":0.0,"played":[0.9982,0.0018],"evs":[0.0,-3.84789]},"J6s":{"weight":0.0,"played":[0.9996,4.0E-4],"evs":[0.0,-3.20508]},"J7s":{"weight":0.0,"played":[0.9996,4.0E-4],"evs":[0.0,-1.84191]},"J8s":{"weight":0.3383,"played":[0.9996,4.0E-4],"evs":[0.0,-2.59474]},"J9s":{"weight":0.9043,"played":[0.9864,0.0136],"evs":[0.0,-2.45552]},"JTs":{"weight":0.998,"played":[0.9982,0.0018],"evs":[0.0,-1.74833]},"JJ":{"weight":0.6259,"played":[0.1019,0.8981],"evs":[0.0,0.24837]},"QJo":{"weight":0.9884,"played":[0.9999,1.0E-4],"evs":[0.0,-2.39394]},"KJo":{"weight":0.9996,"played":[1.0,0.0],"evs":[0.0,-3.20676]},"AJo":{"weight":0.0,"played":[0.9993,7.0E-4],"evs":[0.0,-2.36501]},"Q2s":{"weight":1.0E-4,"played":[0.988,0.012],"evs":[0.0,-3.26961]},"Q3s":{"weight":0.0,"played":[0.9962,0.0038],"evs":[0.0,-4.47257]},"Q4s":{"weight":0.1284,"played":[1.0,0.0],"evs":[0.0,-3.29054]},"Q5s":{"weight":0.0249,"played":[0.9989,0.0011],"evs":[0.0,-3.592]},"Q6s":{"weight":0.1375,"played":[1.0,0.0],"evs":[0.0,-4.04358]},"Q7s":{"weight":0.1043,"played":[0.9993,7.0E-4],"evs":[0.0,-2.31507]},"Q8s":{"weight":0.4444,"played":[0.9998,2.0E-4],"evs":[0.0,-1.87316]},"Q9s":{"weight":0.99,"played":[0.9988,0.0012],"evs":[0.0,-1.75365]},"QTs":{"weight":0.9998,"played":[0.9992,8.0E-4],"evs":[0.0,-2.01853]},"QJs":{"weight":0.9979,"played":[0.9773,0.0227],"evs":[0.0,-2.58583]},"QQ":{"weight":0.842,"played":[1.0E-4,0.9999],"evs":[0.0,1.26297]},"KQo":{"weight":0.999,"played":[0.9997,3.0E-4],"evs":[0.0,-3.2508]},"AQo":{"weight":0.0,"played":[1.0,0.0],"evs":[0.0,-2.18581]},"K2s":{"weight":0.9844,"played":[0.9797,0.0203],"evs":[0.0,-4.44047]},"K3s":{"weight":0.9821,"played":[0.9999,1.0E-4],"evs":[0.0,-3.29076]},"K4s":{"weight":0.9757,"played":[1.0,0.0],"evs":[0.0,-2.15316]},"K5s":{"weight":0.9901,"played":[0.9997,3.0E-4],"evs":[0.0,-2.50969]},"K6s":{"weight":0.999,"played":[0.9864,0.0136],"evs":[0.0,-2.77601]},"K7s":{"weight":0.9972,"played":[0.9981,0.0019],"evs":[0.0,-2.27496]},"K8s":{"weight":0.9856,"played":[0.9837,0.0163],"evs":[0.0,-2.70887]},"K9s":{"weight":0.9966,"played":[0.9895,0.0105],"evs":[0.0,-2.11421]},"KTs":{"weight":0.9998,"played":[0.9735,0.0265],"evs":[0.0,-2.72017]},"KJs":{"weight":0.9988,"played":[0.9998,2.0E-4],"evs":[0.0,-2.2845]},"KQs":{"weight":0.9996,"played":[0.9283,0.0717],"evs":[0.0,-2.18215]},"KK":{"weight":5.0E-4,"played":[0.0,1.0],"evs":[0.0,3.24761]},"AKo":{"weight":0.0,"played":[0.6183,0.3817],"evs":[0.0,-1.28224]},"A2s":{"weight":0.4781,"played":[1.0,0.0],"evs":[0.0,-2.87927]},"A3s":{"weight":0.015,"played":[0.9994,6.0E-4],"evs":[0.0,-2.21709]},"A4s":{"weight":3.0E-4,"played":[0.9163,0.0837],"evs":[0.0,-2.12462]},"A5s":{"weight":0.0014,"played":[0.9978,0.0022],"evs":[0.0,-2.15013]},"A6s":{"weight":0.166,"played":[0.983,0.017],"evs":[0.0,-1.8644]},"A7s":{"weight":0.0707,"played":[0.8225,0.1775],"evs":[0.0,-2.07523]},"A8s":{"weight":0.0011,"played":[0.9322,0.0678],"evs":[0.0,-1.98788]},"A9s":{"weight":0.0011,"played":[0.9847,0.0153],"evs":[0.0,-1.60331]},"ATs":{"weight":0.0011,"played":[0.8901,0.1099],"evs":[0.0,-1.83929]},"AJs":{"weight":2.0E-4,"played":[0.9939,0.0061],"evs":[0.0,-2.05792]},"AQs":{"weight":0.0,"played":[0.8934,0.1066],"evs":[0.0,-2.61151]},"AKs":{"weight":0.0,"played":[0.8638,0.1362],"evs":[0.0,-1.23983]},"AA":{"weight":0.0012,"played":[0.0,1.0],"evs":[0.0,8.34101]}}}