{"player":4,"street":0,"children":2,"sequence":[{"player":0,"type":"F","amount":0,"street":0},{"player":1,"type":"R","amount":4640000,"street":0},{"player":2,"type":"F","amount":0,"street":0},{"player":3,"type":"F","amount":0,"street":0},{"player":4,"type":"R","amount":12760000,"street":0},{"player":5,"type":"R","amount":36960000,"street":0},{"player":6,"type":"F","amount":0,"street":0}],"actions":[{"type":"F","amount":0},{"type":"C","amount":24200000}],"hands":{"22":{"weight":0.0,"played":[0.0,1.0],"evs":[0.0,0.17839]},"32o":{"weight":0.0,"played":[1.0,0.0],"evs":[0.0,-2.5196]},"42o":{"weight":0.0,"played":[1.0,0.0],"evs":[0.0,-2.46312]},"52o":{"weight":0.0,"played":[1.0,0.0],"evs":[0.0,-2.33122]},"62o":{"weight":0.0,"played":[1.0,0.0],"evs":[0.0,-2.50971]},"72o":{"weight":0.0,"played":[1.0,0.0],"evs":[0.0,-2.75453]},"82o":{"weight":0.0,"played":[1.0,0.0],"evs":[0.0,-2.55104]},"92o":{"weight":0.0,"played":[1.0,0.0],"evs":[0.0,-2.4836]},"T2o":{"weight":0.0,"played":[1.0,0.0],"evs":[0.0,-2.54937]},"J2o":{"weight":0.0,"played":[1.0,0.0],"evs":[0.0,-2.51142]},"Q2o":{"weight":0.0,"played":[1.0,0.0],"evs":[0.0,-2.37166]},"K2o":{"weight":0.0,"played":[1.0,0.0],"evs":[0.0,-1.84369]},"A2o":{"weight":0.9542,"played":[1.0,0.0],"evs":[0.0,-0.70187]},"32s":{"weight":0.0,"played":[1.0,0.0],"evs":[0.0,-1.66463]},"33":{"weight":0.0,"played":[0.0,1.0],"evs":[0.0,0.3286]},"43o":{"weight":0.0,"played":[1.0,0.0],"evs":[0.0,-2.11951]},"53o":{"weight":0.0,"played":[1.0,0.0],"evs":[0.0,-1.99278]},"63o":{"weight":0.0,"played":[1.0,0.0],"evs":[0.0,-2.19818]},"73o":{"weight":0.0,"played":[1.0,0.0],"evs":[0.0,-2.44323]},"83o":{"weight":0.0,"played":[1.0,0.0],"evs":[0.0,-2.51989]},"93o":{"weight":0.0,"played":[1.0,0.0],"evs":[0.0,-2.37659]},"T3o":{"weight":0.0,"played":[1.0,0.0],"evs":[0.0,-2.49074]},"J3o":{"weight":0.0,"played":[1.0,0.0],"evs":[0.0,-2.37907]},"Q3o":{"weight":0.0,"played":[1.0,0.0],"evs":[0.0,-2.26137]},"K3o":{"weight":0.0,"played":[1.0,0.0],"evs":[0.0,-1.82712]},"A3o":{"weight":0.3998,"played":[1.0,0.0],"evs":[0.0,-0.57062]},"42s":{"weight":0.0,"played":[1.0,0.0],"evs":[0.0,-1.58948]},"43s":{"weight":0.0,"played":[1.0,0.0],"evs":[0.0,-1.33431]},"44":{"weight":0.0,"played":[0.0,1.0],"evs":[0.0,0.45512]},"54o":{"weight":0.0,"played":[1.0,0.0],"evs":[0.0,-1.65396]},"64o":{"weight":0.0,"played":[1.0,0.0],"evs":[0.0,-1.82501]},"74o":{"weight":0.0,"played":[1.0,0.0],"evs":[0.0,-2.04365]},"84o":{"weight":0.0,"played":[1.0,0.0],"evs":[0.0,-2.18435]},"94o":{"weight":0.0,"played":[1.0,0.0],"evs":[0.0,-2.37656]},"T4o":{"weight":0.0,"played":[1.0,0.0],"evs":[0.0,-2.40257]},"J4o":{"weight":0.0,"played":[1.0,0.0],"evs":[0.0,-2.29823]},"Q4o":{"weight":0.0,"played":[1.0,0.0],"evs":[0.0,-2.17744]},"K4o":{"weight":0.0,"played":[1.0,0.0],"evs":[0.0,-1.6812]},"A4o":{"weight":0.0085,"played":[1.0,0.0],"evs":[0.0,-0.51195]},"52s":{"weight":0.0,"played":[1.0,0.0],"evs":[0.0,-1.47549]},"53s":{"weight":0.0,"played":[1.0,0.0],"evs":[0.0,-1.12281]},"54s":{"weight":0.0,"played":[0.9999,1.0E-4],"evs":[0.0,-0.72666]},"55":{"weight":0.0,"played":[0.0,1.0],"evs":[0.0,0.86186]},"65o":{"weight":0.0,"played":[1.0,0.0],"evs":[0.0,-1.50391]},"75o":{"weight":0.0,"played":[1.0,0.0],"evs":[0.0,-1.7412]},"85o":{"weight":0.0,"played":[1.0,0.0],"evs":[0.0,-1.85152]},"95o":{"weight":0.0,"played":[1.0,0.0],"evs":[0.0,-2.03259]},"T5o":{"weight":0.0,"played":[1.0,0.0],"evs":[0.0,-2.39486]},"J5o":{"weight":0.0,"played":[1.0,0.0],"evs":[0.0,-2.2217]},"Q5o":{"weight":0.0,"played":[1.0,0.0],"evs":[0.0,-2.10379]},"K5o":{"weight":0.0,"played":[1.0,0.0],"evs":[0.0,-1.53091]},"A5o":{"weight":1.0E-4,"played":[1.0,0.0],"evs":[0.0,-0.41197]},"62s":{"weight":0.0,"played":[1.0,0.0],"evs":[0.0,-1.67936]},"63s":{"weight":0.0,"played":[1.0,0.0],"evs":[0.0,-1.36655]},"64s":{"weight":0.0,"played":[1.0,0.0],"evs":[0.0,-1.00904]},"65s":{"weight":0.0,"played":[1.0,0.0],"evs":[0.0,-0.66166]},"66":{"weight":3.0E-4,"played":[0.0,1.0],"evs":[0.0,1.33939]},"76o":{"weight":0.0,"played":[1.0,0.0],"evs":[0.0,-1.35679]},"86o":{"weight":0.0,"played":[1.0,0.0],"evs":[0.0,-1.42611]},"96o":{"weight":0.0,"played":[1.0,0.0],"evs":[0.0,-1.55374]},"T6o":{"weight":0.0,"played":[1.0,0.0],"evs":[0.0,-1.87257]},"J6o":{"weight":0.0,"played":[1.0,0.0],"evs":[0.0,-2.12116]},"Q6o":{"weight":0.0,"played":[1.0,0.0],"evs":[0.0,-1.88678]},"K6o":{"weight":0.0,"played":[1.0,0.0],"evs":[0.0,-1.39719]},"A6o":{"weight":0.849,"played":[1.0,0.0],"evs":[0.0,-0.5357]},"72s":{"weight":0.0,"played":[1.0,0.0],"evs":[0.0,-1.86482]},"73s":{"weight":0.0,"played":[1.0,0.0],"evs":[0.0,-1.52528]},"74s":{"weight":0.0,"played":[1.0,0.0],"evs":[0.0,-1.21864]},"75s":{"weight":0.0,"played":[1.0,0.0],"evs":[0.0,-0.87607]},"76s":{"weight":3.0E-4,"played":[0.9999,1.0E-4],"evs":[0.0,-0.45868]},"77":{"weight":0.0017,"played":[0.0,1.0],"evs":[0.0,1.67127]},"87o":{"weight":0.0,"played":[1.0,0.0],"evs":[0.0,-1.22253]},"97o":{"weight":0.0,"played":[1.0,0.0],"evs":[0.0,-1.29487]},"T7o":{"weight":0.0,"played":[1.0,0.0],"evs":[0.0,-1.66642]},"J7o":{"weight":0.0,"played":[1.0,0.0],"evs":[0.0,-1.84361]},"Q7o":{"weight":0.0,"played":[1.0,0.0],"evs":[0.0,-1.96676]},"K7o":{"weight":0.0,"played":[1.0,0.0],"evs":[0.0,-1.40285]},"A7o":{"weight":0.0254,"played":[1.0,0.0],"evs":[0.0,-0.38543]},"82s":{"weight":0.0,"played":[1.0,0.0],"evs":[0.0,-1.61038]},"83s":{"weight":0.0,"played":[1.0,0.0],"evs":[0.0,-1.66603]},"84s":{"weight":0.0,"played":[1.0,0.0],"evs":[0.0,-1.35214]},"85s":{"weight":0.0,"played":[1.0,0.0],"evs":[0.0,-0.9531]},"86s":{"weight":0.0,"played":[1.0,0.0],"evs":[0.0,-0.57133]},"87s":{"weight":0.0,"played":[0.9994,6.0E-4],"evs":[0.0,-0.32142]},"88":{"weight":0.0547,"played":[0.0,1.0],"evs":[0.0,2.35482]},"98o":{"weight":0.0,"played":[1.0,0.0],"evs":[0.0,-1.08064]},"T8o":{"weight":0.0,"played":[1.0,0.0],"evs":[0.0,-1.27495]},"J8o":{"weight":0.0,"played":[1.0,0.0],"evs":[0.0,-1.49467]},"Q8o":{"weight":0.0,"played":[1.0,0.0],"evs":[0.0,-1.5901]},"K8o":{"weight":0.6027,"played":[1.0,0.0],"evs":[0.0,-1.27523]},"A8o":{"weight":1.0E-4,"played":[0.9999,1.0E-4],"evs":[0.0,-0.14595]},"92s":{"weight":0.0,"played":[1.0,0.0],"evs":[0.0,-1.53103]},"93s":{"weight":0.0,"played":[1.0,0.0],"evs":[0.0,-1.40222]},"94s":{"weight":0.0,"played":[1.0,0.0],"evs":[0.0,-1.41329]},"95s":{"weight":0.0,"played":[1.0,0.0],"evs":[0.0,-1.23761]},"96s":{"weight":0.0,"played":[1.0,0.0],"evs":[0.0,-0.68433]},"97s":{"weight":0.0,"played":[1.0,0.0],"evs":[0.0,-0.51709]},"98s":{"weight":0.0,"played":[0.9958,0.0042],"evs":[0.0,-0.21695]},"99":{"weight":0.0111,"played":[0.0,1.0],"evs":[0.0,3.10487]},"T9o":{"weight":0.0,"played":[1.0,0.0],"evs":[0.0,-0.92757]},"J9o":{"weight":0.0,"played":[1.0,0.0],"evs":[0.0,-1.07964]},"Q9o":{"weight":0.2757,"played":[1.0,0.0],"evs":[0.0,-1.24781]},"K9o":{"weight":0.9793,"played":[1.0,0.0],"evs":[0.0,-0.95803]},"A9o":{"weight":0.0,"played":[0.4685,0.5315],"evs":[0.0,0.00351]},"T2s":{"weight":0.0,"played":[1.0,0.0],"evs":[0.0,-1.70959]},"T3s":{"weight":0.0,"played":[1.0,0.0],"evs":[0.0,-1.55527]},"T4s":{"weight":0.0,"played":[1.0,0.0],"evs":[0.0,-1.48115]},"T5s":{"weight":0.0,"played":[1.0,0.0],"evs":[0.0,-1.46426]},"T6s":{"weight":0.0,"played":[1.0,0.0],"evs":[0.0,-1.13229]},"T7s":{"weight":0.0,"played":[0.9999,1.0E-4],"evs":[0.0,-0.74175]},"T8s":{"weight":0.0,"played":[0.9998,2.0E-4],"evs":[0.0,-0.41893]},"T9s":{"weight":0.0,"played":[0.8948,0.1052],"evs":[0.0,-0.12673]},"TT":{"weight":0.8138,"played":[0.0,1.0],"evs":[0.0,3.97041]},"JTo":{"weight":0.0,"played":[1.0,0.0],"evs":[0.0,-0.89615]},"QTo":{"weight":1.0E-4,"played":[1.0,0.0],"evs":[0.0,-0.92621]},"KTo":{"weight":0.0,"played":[1.0,0.0],"evs":[0.0,-0.5004]},"ATo":{"weight":0.0,"played":[0.0,1.0],"evs":[0.0,0.6771]},"J2s":{"weight":0.0,"played":[1.0,0.0],"evs":[0.0,-1.58273]},"J3s":{"weight":0.0,"played":[1.0,0.0],"evs":[0.0,-1.47403]},"J4s":{"weight":0.0,"played":[1.0,0.0],"evs":[0.0,-1.34844]},"J5s":{"weight":0.0,"played":[1.0,0.0],"evs":[0.0,-1.40971]},"J6s":{"weight":0.0,"played":[1.0,0.0],"evs":[0.0,-1.1949]},"J7s":{"weight":0.0011,"played":[1.0,0.0],"evs":[0.0,-0.91983]},"J8s":{"weight":0.0,"played":[0.9998,2.0E-4],"evs":[0.0,-0.5638]},"J9s":{"weight":0.0,"played":[0.9983,0.0017],"evs":[0.0,-0.31155]},"JTs":{"weight":0.0,"played":[0.954,0.046],"evs":[0.0,-0.03358]},"JJ":{"weight":0.9998,"played":[0.0,1.0],"evs":[0.0,5.17025]},"QJo":{"weight":0.0,"played":[1.0,0.0],"evs":[0.0,-0.67042]},"KJo":{"weight":0.0,"played":[0.9934,0.0066],"evs":[0.0,-0.14288]},"AJo":{"weight":1.0E-4,"played":[0.0,1.0],"evs":[0.0,1.62773]},"Q2s":{"weight":0.0,"played":[1.0,0.0],"evs":[0.0,-1.46512]},"Q3s":{"weight":0.0,"played":[1.0,0.0],"evs":[0.0,-1.37218]},"Q4s":{"weight":0.0,"played":[1.0,0.0],"evs":[0.0,-1.28685]},"Q5s":{"weight":0.0336,"played":[1.0,0.0],"evs":[0.0,-1.24633]},"Q6s":{"weight":0.0744,"played":[1.0,0.0],"evs":[0.0,-0.99625]},"Q7s":{"weight":0.705,"played":[1.0,0.0],"evs":[0.0,-1.05596]},"Q8s":{"weight":0.0,"played":[0.9995,5.0E-4],"evs":[0.0,-0.76533]},"Q9s":{"weight":0.0,"played":[0.9998,2.0E-4],"evs":[0.0,-0.37785]},"QTs":{"weight":0.0,"played":[0.5408,0.4592],"evs":[0.0,0.00186]},"QJs":{"weight":0.0,"played":[0.0063,0.9937],"evs":[0.0,0.23642]},"QQ":{"weight":0.9988,"played":[0.0,1.0],"evs":[0.0,6.82979]},"KQo":{"weight":0.1279,"played":[0.0,1.0],"evs":[0.0,0.78095]},"AQo":{"weight":0.4384,"played":[0.0,1.0],"evs":[0.0,2.98901]},"K2s":{"weight":0.4169,"played":[1.0,0.0],"evs":[0.0,-0.93419]},"K3s":{"weight":0.0047,"played":[1.0,0.0],"evs":[0.0,-0.80066]},"K4s":{"weight":0.0033,"played":[1.0,0.0],"evs":[0.0,-0.84255]},"K5s":{"weight":0.0,"played":[0.9994,6.0E-4],"evs":[0.0,-0.77338]},"K6s":{"weight":0.0041,"played":[1.0,0.0],"evs":[0.0,-0.52655]},"K7s":{"weight":0.002,"played":[0.9999,1.0E-4],"evs":[0.0,-0.66876]},"K8s":{"weight":0.0,"played":[0.9998,2.0E-4],"evs":[0.0,-0.46132]},"K9s":{"weight":0.0,"played":[0.4149,0.5851],"evs":[0.0,-0.10579]},"KTs":{"weight":0.0,"played":[3.0E-4,0.9997],"evs":[0.0,0.316]},"KJs":{"weight":0.0,"played":[2.0E-4,0.9998],"evs":[0.0,0.67976]},"KQs":{"weight":0.3547,"played":[0.0,1.0],"evs":[0.0,1.52229]},"KK":{"weight":0.4882,"played":[0.0,1.0],"evs":[0.0,8.59661]},"AKo":{"weight":0.0015,"played":[0.0,1.0],"evs":[0.0,4.33737]},"A2s":{"weight":0.0,"played":[0.011,0.989],"evs":[0.0,0.21223]},"A3s":{"weight":0.0,"played":[7.0E-4,0.9993],"evs":[0.0,0.25305]},"A4s":{"weight":0.0,"played":[5.0E-4,0.9995],"evs":[0.0,0.28635]},"A5s":{"weight":0.0,"played":[0.0021,0.9979],"evs":[0.0,0.47352]},"A6s":{"weight":1.0E-4,"played":[8.0E-4,0.9992],"evs":[0.0,0.44321]},"A7s":{"weight":0.0,"played":[0.0029,0.9971],"evs":[0.0,0.49265]},"A8s":{"weight":0.0,"played":[0.0,1.0],"evs":[0.0,0.63509]},"A9s":{"weight":0.0,"played":[0.0,1.0],"evs":[0.0,0.7307]},"ATs":{"weight":0.0046,"played":[0.0,1.0],"evs":[0.0,1.46309]},"AJs":{"weight":0.0017,"played":[0.0,1.0],"evs":[0.0,2.30767]},"AQs":{"weight":0.9986,"played":[0.0,1.0],"evs":[0.0,3.63728]},"AKs":{"weight":0.6668,"played":[0.0,1.0],"evs":[0.0,4.82738]},"AA":{"weight":0.0,"played":[0.0,1.0],"evs":[0.0,10.90798]}}}