{"player":6,"street":0,"children":2,"sequence":[{"player":0,"type":"F","amount":0,"street":0},{"player":1,"type":"R","amount":4640000,"street":0},{"player":2,"type":"F","amount":0,"street":0},{"player":3,"type":"F","amount":0,"street":0},{"player":4,"type":"R","amount":36960000,"street":0},{"player":5,"type":"F","amount":0,"street":0}],"actions":[{"type":"F","amount":0},{"type":"C","amount":15520000}],"hands":{"22":{"weight":1.0,"played":[1.0,0.0],"evs":[0.0,-0.5901]},"32o":{"weight":1.0,"played":[1.0,0.0],"evs":[0.0,-3.09948]},"42o":{"weight":1.0,"played":[1.0,0.0],"evs":[0.0,-2.98626]},"52o":{"weight":1.0,"played":[1.0,0.0],"evs":[0.0,-2.88237]},"62o":{"weight":1.0,"played":[1.0,0.0],"evs":[0.0,-2.96863]},"72o":{"weight":1.0,"played":[1.0,0.0],"evs":[0.0,-3.14737]},"82o":{"weight":1.0,"played":[1.0,0.0],"evs":[0.0,-3.01439]},"92o":{"weight":1.0,"played":[1.0,0.0],"evs":[0.0,-2.93149]},"T2o":{"weight":1.0,"played":[1.0,0.0],"evs":[0.0,-2.88366]},"J2o":{"weight":1.0,"played":[1.0,0.0],"evs":[0.0,-2.72395]},"Q2o":{"weight":1.0,"played":[1.0,0.0],"evs":[0.0,-2.50297]},"K2o":{"weight":1.0,"played":[1.0,0.0],"evs":[0.0,-2.06574]},"A2o":{"weight":1.0,"played":[1.0,0.0],"evs":[0.0,-0.93453]},"32s":{"weight":1.0,"played":[1.0,0.0],"evs":[0.0,-2.45251]},"33":{"weight":1.0,"played":[1.0,0.0],"evs":[0.0,-0.22835]},"43o":{"weight":1.0,"played":[1.0,0.0],"evs":[0.0,-2.72581]},"53o":{"weight":1.0,"played":[1.0,0.0],"evs":[0.0,-2.59203]},"63o":{"weight":1.0,"played":[1.0,0.0],"evs":[0.0,-2.71781]},"73o":{"weight":1.0,"played":[1.0,0.0],"evs":[0.0,-2.87802]},"83o":{"weight":1.0,"played":[1.0,0.0],"evs":[0.0,-2.98503]},"93o":{"weight":1.0,"played":[1.0,0.0],"evs":[0.0,-2.86512]},"T3o":{"weight":1.0,"played":[1.0,0.0],"evs":[0.0,-2.82174]},"J3o":{"weight":1.0,"played":[1.0,0.0],"evs":[0.0,-2.65227]},"Q3o":{"weight":1.0,"played":[1.0,0.0],"evs":[0.0,-2.4337]},"K3o":{"weight":1.0,"played":[1.0,0.0],"evs":[0.0,-1.98403]},"A3o":{"weight":1.0,"played":[1.0,0.0],"evs":[0.0,-0.82077]},"42s":{"weight":1.0,"played":[1.0,0.0],"evs":[0.0,-2.34564]},"43s":{"weight":1.0,"played":[1.0,0.0],"evs":[0.0,-2.12498]},"44":{"weight":1.0,"played":[0.0,1.0],"evs":[0.0,0.18871]},"54o":{"weight":1.0,"played":[1.0,0.0],"evs":[0.0,-2.31773]},"64o":{"weight":1.0,"played":[1.0,0.0],"evs":[0.0,-2.40632]},"74o":{"weight":1.0,"played":[1.0,0.0],"evs":[0.0,-2.58824]},"84o":{"weight":1.0,"played":[1.0,0.0],"evs":[0.0,-2.71659]},"94o":{"weight":1.0,"played":[1.0,0.0],"evs":[0.0,-2.80147]},"T4o":{"weight":1.0,"played":[1.0,0.0],"evs":[0.0,-2.73578]},"J4o":{"weight":1.0,"played":[1.0,0.0],"evs":[0.0,-2.54389]},"Q4o":{"weight":1.0,"played":[1.0,0.0],"evs":[0.0,-2.34041]},"K4o":{"weight":1.0,"played":[1.0,0.0],"evs":[0.0,-1.8741]},"A4o":{"weight":1.0,"played":[1.0,0.0],"evs":[0.0,-0.68489]},"52s":{"weight":1.0,"played":[1.0,0.0],"evs":[0.0,-2.22744]},"53s":{"weight":1.0,"played":[1.0,0.0],"evs":[0.0,-1.9636]},"54s":{"weight":1.0,"played":[1.0,0.0],"evs":[0.0,-1.71223]},"55":{"weight":1.0,"played":[0.0,1.0],"evs":[0.0,0.60827]},"65o":{"weight":1.0,"played":[1.0,0.0],"evs":[0.0,-2.11773]},"75o":{"weight":1.0,"played":[1.0,0.0],"evs":[0.0,-2.26798]},"85o":{"weight":1.0,"played":[1.0,0.0],"evs":[0.0,-2.38412]},"95o":{"weight":1.0,"played":[1.0,0.0],"evs":[0.0,-2.49297]},"T5o":{"weight":1.0,"played":[1.0,0.0],"evs":[0.0,-2.62171]},"J5o":{"weight":1.0,"played":[1.0,0.0],"evs":[0.0,-2.41806]},"Q5o":{"weight":1.0,"played":[1.0,0.0],"evs":[0.0,-2.19647]},"K5o":{"weight":1.0,"played":[1.0,0.0],"evs":[0.0,-1.74452]},"A5o":{"weight":1.0,"played":[1.0,0.0],"evs":[0.0,-0.47177]},"62s":{"weight":1.0,"played":[1.0,0.0],"evs":[0.0,-2.31626]},"63s":{"weight":1.0,"played":[1.0,0.0],"evs":[0.0,-2.08382]},"64s":{"weight":1.0,"played":[1.0,0.0],"evs":[0.0,-1.80166]},"65s":{"weight":1.0,"played":[1.0,0.0],"evs":[0.0,-1.52801]},"66":{"weight":1.0,"played":[0.0,1.0],"evs":[0.0,0.94853]},"76o":{"weight":1.0,"played":[1.0,0.0],"evs":[0.0,-1.9664]},"86o":{"weight":1.0,"played":[1.0,0.0],"evs":[0.0,-2.07402]},"96o":{"weight":1.0,"played":[1.0,0.0],"evs":[0.0,-2.14624]},"T6o":{"weight":1.0,"played":[1.0,0.0],"evs":[0.0,-2.28222]},"J6o":{"weight":1.0,"played":[1.0,0.0],"evs":[0.0,-2.31711]},"Q6o":{"weight":1.0,"played":[1.0,0.0],"evs":[0.0,-2.02468]},"K6o":{"weight":1.0,"played":[1.0,0.0],"evs":[0.0,-1.52175]},"A6o":{"weight":1.0,"played":[1.0,0.0],"evs":[0.0,-0.47236]},"72s":{"weight":1.0,"played":[1.0,0.0],"evs":[0.0,-2.47382]},"73s":{"weight":1.0,"played":[1.0,0.0],"evs":[0.0,-2.24865]},"74s":{"weight":1.0,"played":[1.0,0.0],"evs":[0.0,-1.96112]},"75s":{"weight":1.0,"played":[1.0,0.0],"evs":[0.0,-1.6627]},"76s":{"weight":1.0,"played":[1.0,0.0],"evs":[0.0,-1.35402]},"77":{"weight":1.0,"played":[0.0,1.0],"evs":[0.0,1.35814]},"87o":{"weight":1.0,"played":[1.0,0.0],"evs":[0.0,-1.84947]},"97o":{"weight":1.0,"played":[1.0,0.0],"evs":[0.0,-1.92521]},"T7o":{"weight":1.0,"played":[1.0,0.0],"evs":[0.0,-2.05894]},"J7o":{"weight":1.0,"played":[1.0,0.0],"evs":[0.0,-2.08284]},"Q7o":{"weight":1.0,"played":[1.0,0.0],"evs":[0.0,-2.01419]},"K7o":{"weight":1.0,"played":[1.0,0.0],"evs":[0.0,-1.44141]},"A7o":{"weight":1.0,"played":[1.0,0.0],"evs":[0.0,-0.18741]},"82s":{"weight":1.0,"played":[1.0,0.0],"evs":[0.0,-2.33567]},"83s":{"weight":1.0,"played":[1.0,0.0],"evs":[0.0,-2.34515]},"84s":{"weight":1.0,"played":[1.0,0.0],"evs":[0.0,-2.03888]},"85s":{"weight":1.0,"played":[1.0,0.0],"evs":[0.0,-1.77718]},"86s":{"weight":1.0,"played":[1.0,0.0],"evs":[0.0,-1.41282]},"87s":{"weight":1.0,"played":[1.0,0.0],"evs":[0.0,-1.24955]},"88":{"weight":1.0,"played":[0.0,1.0],"evs":[0.0,1.89634]},"98o":{"weight":1.0,"played":[1.0,0.0],"evs":[0.0,-1.65741]},"T8o":{"weight":1.0,"played":[1.0,0.0],"evs":[0.0,-1.78422]},"J8o":{"weight":1.0,"played":[1.0,0.0],"evs":[0.0,-1.79601]},"Q8o":{"weight":1.0,"played":[1.0,0.0],"evs":[0.0,-1.70021]},"K8o":{"weight":1.0,"played":[1.0,0.0],"evs":[0.0,-1.29146]},"A8o":{"weight":1.0,"played":[2.0E-4,0.9998],"evs":[0.0,0.20478]},"92s":{"weight":1.0,"played":[1.0,0.0],"evs":[0.0,-2.24859]},"93s":{"weight":1.0,"played":[1.0,0.0],"evs":[0.0,-2.18959]},"94s":{"weight":1.0,"played":[1.0,0.0],"evs":[0.0,-2.15222]},"95s":{"weight":1.0,"played":[1.0,0.0],"evs":[0.0,-1.8722]},"96s":{"weight":1.0,"played":[1.0,0.0],"evs":[0.0,-1.51854]},"97s":{"weight":1.0,"played":[1.0,0.0],"evs":[0.0,-1.33757]},"98s":{"weight":1.0,"played":[1.0,0.0],"evs":[0.0,-1.04307]},"99":{"weight":1.0,"played":[0.0,1.0],"evs":[0.0,2.46633]},"T9o":{"weight":1.0,"played":[1.0,0.0],"evs":[0.0,-1.46605]},"J9o":{"weight":1.0,"played":[1.0,0.0],"evs":[0.0,-1.4947]},"Q9o":{"weight":1.0,"played":[1.0,0.0],"evs":[0.0,-1.37359]},"K9o":{"weight":1.0,"played":[1.0,0.0],"evs":[0.0,-0.93377]},"A9o":{"weight":1.0,"played":[0.0,1.0],"evs":[0.0,0.59181]},"T2s":{"weight":1.0,"played":[1.0,0.0],"evs":[0.0,-2.26239]},"T3s":{"weight":1.0,"played":[1.0,0.0],"evs":[0.0,-2.18469]},"T4s":{"weight":1.0,"played":[1.0,0.0],"evs":[0.0,-2.07005]},"T5s":{"weight":1.0,"played":[1.0,0.0],"evs":[0.0,-1.97432]},"T6s":{"weight":1.0,"played":[1.0,0.0],"evs":[0.0,-1.66163]},"T7s":{"weight":1.0,"played":[1.0,0.0],"evs":[0.0,-1.48006]},"T8s":{"weight":1.0,"played":[1.0,0.0],"evs":[0.0,-1.18952]},"T9s":{"weight":1.0,"played":[1.0,0.0],"evs":[0.0,-0.91641]},"TT":{"weight":1.0,"played":[0.0,1.0],"evs":[0.0,3.14708]},"JTo":{"weight":1.0,"played":[1.0,0.0],"evs":[0.0,-1.14853]},"QTo":{"weight":1.0,"played":[1.0,0.0],"evs":[0.0,-0.91375]},"KTo":{"weight":1.0,"played":[1.0,0.0],"evs":[0.0,-0.36808]},"ATo":{"weight":1.0,"played":[0.0,1.0],"evs":[0.0,1.32901]},"J2s":{"weight":1.0,"played":[1.0,0.0],"evs":[0.0,-2.07453]},"J3s":{"weight":1.0,"played":[1.0,0.0],"evs":[0.0,-2.01176]},"J4s":{"weight":1.0,"played":[1.0,0.0],"evs":[0.0,-1.87491]},"J5s":{"weight":1.0,"played":[1.0,0.0],"evs":[0.0,-1.78035]},"J6s":{"weight":1.0,"played":[1.0,0.0],"evs":[0.0,-1.6449]},"J7s":{"weight":1.0,"played":[1.0,0.0],"evs":[0.0,-1.45927]},"J8s":{"weight":1.0,"played":[1.0,0.0],"evs":[0.0,-1.20681]},"J9s":{"weight":1.0,"played":[1.0,0.0],"evs":[0.0,-0.91078]},"JTs":{"weight":1.0,"played":[1.0,0.0],"evs":[0.0,-0.59211]},"JJ":{"weight":1.0,"played":[0.0,1.0],"evs":[0.0,3.7137]},"QJo":{"weight":1.0,"played":[1.0,0.0],"evs":[0.0,-0.59667]},"KJo":{"weight":1.0,"played":[0.599,0.401],"evs":[0.0,0.0041]},"AJo":{"weight":1.0,"played":[0.0,1.0],"evs":[0.0,1.79645]},"Q2s":{"weight":1.0,"played":[1.0,0.0],"evs":[0.0,-1.86571]},"Q3s":{"weight":1.0,"played":[1.0,0.0],"evs":[0.0,-1.75724]},"Q4s":{"weight":1.0,"played":[1.0,0.0],"evs":[0.0,-1.71865]},"Q5s":{"weight":1.0,"played":[1.0,0.0],"evs":[0.0,-1.56723]},"Q6s":{"weight":1.0,"played":[1.0,0.0],"evs":[0.0,-1.41196]},"Q7s":{"weight":1.0,"played":[1.0,0.0],"evs":[0.0,-1.41031]},"Q8s":{"weight":1.0,"played":[1.0,0.0],"evs":[0.0,-1.09315]},"Q9s":{"weight":1.0,"played":[1.0,0.0],"evs":[0.0,-0.7758]},"QTs":{"weight":1.0,"played":[1.0,0.0],"evs":[0.0,-0.39902]},"QJs":{"weight":1.0,"played":[0.9895,0.0105],"evs":[0.0,-0.05722]},"QQ":{"weight":1.0,"played":[0.0,1.0],"evs":[0.0,4.28169]},"KQo":{"weight":1.0,"played":[0.0,1.0],"evs":[0.0,0.3807]},"AQo":{"weight":1.0,"played":[0.0,1.0],"evs":[0.0,2.10256]},"K2s":{"weight":1.0,"played":[1.0,0.0],"evs":[0.0,-1.42483]},"K3s":{"weight":1.0,"played":[1.0,0.0],"evs":[0.0,-1.30022]},"K4s":{"weight":1.0,"played":[1.0,0.0],"evs":[0.0,-1.22567]},"K5s":{"weight":1.0,"played":[1.0,0.0],"evs":[0.0,-1.10181]},"K6s":{"weight":1.0,"played":[1.0,0.0],"evs":[0.0,-0.89872]},"K7s":{"weight":1.0,"played":[1.0,0.0],"evs":[0.0,-0.85072]},"K8s":{"weight":1.0,"played":[1.0,0.0],"evs":[0.0,-0.68099]},"K9s":{"weight":1.0,"played":[1.0,0.0],"evs":[0.0,-0.35072]},"KTs":{"weight":1.0,"played":[4.0E-4,0.9996],"evs":[0.0,0.14604]},"KJs":{"weight":1.0,"played":[0.0,1.0],"evs":[0.0,0.50916]},"KQs":{"weight":1.0,"played":[0.0,1.0],"evs":[0.0,0.85577]},"KK":{"weight":1.0,"played":[0.0,1.0],"evs":[0.0,5.09085]},"AKo":{"weight":1.0,"played":[0.0,1.0],"evs":[0.0,2.54568]},"A2s":{"weight":1.0,"played":[1.0,0.0],"evs":[0.0,-0.34781]},"A3s":{"weight":1.0,"played":[1.0,0.0],"evs":[0.0,-0.24504]},"A4s":{"weight":1.0,"played":[1.0,0.0],"evs":[0.0,-0.12929]},"A5s":{"weight":1.0,"played":[0.3308,0.6692],"evs":[0.0,0.06626]},"A6s":{"weight":1.0,"played":[0.3935,0.6065],"evs":[0.0,0.0541]},"A7s":{"weight":1.0,"played":[1.0E-4,0.9999],"evs":[0.0,0.37453]},"A8s":{"weight":1.0,"played":[0.0,1.0],"evs":[0.0,0.67338]},"A9s":{"weight":1.0,"played":[0.0,1.0],"evs":[0.0,1.05238]},"ATs":{"weight":1.0,"played":[0.0,1.0],"evs":[0.0,1.75682]},"AJs":{"weight":1.0,"played":[0.0,1.0],"evs":[0.0,2.18611]},"AQs":{"weight":1.0,"played":[0.0,1.0],"evs":[0.0,2.5235]},"AKs":{"weight":1.0,"played":[0.0,1.0],"evs":[0.0,2.9091]},"AA":{"weight":1.0,"played":[0.0,1.0],"evs":[0.0,6.56557]}}}