{"player":6,"street":0,"children":2,"sequence":[{"player":0,"type":"F","amount":0,"street":0},{"player":1,"type":"R","amount":4640000,"street":0},{"player":2,"type":"F","amount":0,"street":0},{"player":3,"type":"R","amount":11680000,"street":0},{"player":4,"type":"F","amount":0,"street":0},{"player":5,"type":"F","amount":0,"street":0}],"actions":[{"type":"F","amount":0},{"type":"C","amount":8480000}],"hands":{"22":{"weight":1.0,"played":[0.0,1.0],"evs":[0.0,0.91165]},"32o":{"weight":1.0,"played":[1.0,0.0],"evs":[0.0,-0.62371]},"42o":{"weight":1.0,"played":[1.0,0.0],"evs":[0.0,-0.54922]},"52o":{"weight":1.0,"played":[1.0,0.0],"evs":[0.0,-0.48059]},"62o":{"weight":1.0,"played":[1.0,0.0],"evs":[0.0,-0.60192]},"72o":{"weight":1.0,"played":[1.0,0.0],"evs":[0.0,-0.6847]},"82o":{"weight":1.0,"played":[1.0,0.0],"evs":[0.0,-0.63412]},"92o":{"weight":1.0,"played":[1.0,0.0],"evs":[0.0,-0.62183]},"T2o":{"weight":1.0,"played":[1.0,0.0],"evs":[0.0,-0.552]},"J2o":{"weight":1.0,"played":[1.0,0.0],"evs":[0.0,-0.51918]},"Q2o":{"weight":1.0,"played":[1.0,0.0],"evs":[0.0,-0.38302]},"K2o":{"weight":1.0,"played":[1.0,0.0],"evs":[0.0,-0.33868]},"A2o":{"weight":1.0,"played":[0.015,0.985],"evs":[0.0,0.12542]},"32s":{"weight":1.0,"played":[0.9986,0.0014],"evs":[0.0,-0.08455]},"33":{"weight":1.0,"played":[0.0,1.0],"evs":[0.0,1.01174]},"43o":{"weight":1.0,"played":[1.0,0.0],"evs":[0.0,-0.37486]},"53o":{"weight":1.0,"played":[1.0,0.0],"evs":[0.0,-0.29323]},"63o":{"weight":1.0,"played":[1.0,0.0],"evs":[0.0,-0.39523]},"73o":{"weight":1.0,"played":[1.0,0.0],"evs":[0.0,-0.50616]},"83o":{"weight":1.0,"played":[1.0,0.0],"evs":[0.0,-0.64627]},"93o":{"weight":1.0,"played":[1.0,0.0],"evs":[0.0,-0.56367]},"T3o":{"weight":1.0,"played":[1.0,0.0],"evs":[0.0,-0.477]},"J3o":{"weight":1.0,"played":[1.0,0.0],"evs":[0.0,-0.46141]},"Q3o":{"weight":1.0,"played":[1.0,0.0],"evs":[0.0,-0.34715]},"K3o":{"weight":1.0,"played":[1.0,0.0],"evs":[0.0,-0.29812]},"A3o":{"weight":1.0,"played":[1.0E-4,0.9999],"evs":[0.0,0.17435]},"42s":{"weight":1.0,"played":[0.9972,0.0028],"evs":[0.0,-0.05341]},"43s":{"weight":1.0,"played":[0.007,0.993],"evs":[0.0,0.12551]},"44":{"weight":1.0,"played":[0.0,1.0],"evs":[0.0,1.07362]},"54o":{"weight":1.0,"played":[1.0,0.0],"evs":[0.0,-0.08725]},"64o":{"weight":1.0,"played":[1.0,0.0],"evs":[0.0,-0.21384]},"74o":{"weight":1.0,"played":[1.0,0.0],"evs":[0.0,-0.29367]},"84o":{"weight":1.0,"played":[1.0,0.0],"evs":[0.0,-0.4364]},"94o":{"weight":1.0,"played":[1.0,0.0],"evs":[0.0,-0.5389]},"T4o":{"weight":1.0,"played":[1.0,0.0],"evs":[0.0,-0.44036]},"J4o":{"weight":1.0,"played":[1.0,0.0],"evs":[0.0,-0.40682]},"Q4o":{"weight":1.0,"played":[1.0,0.0],"evs":[0.0,-0.27425]},"K4o":{"weight":1.0,"played":[1.0,0.0],"evs":[0.0,-0.22966]},"A4o":{"weight":1.0,"played":[0.0,1.0],"evs":[0.0,0.22254]},"52s":{"weight":1.0,"played":[0.4663,0.5337],"evs":[0.0,-0.00315]},"53s":{"weight":1.0,"played":[1.0E-4,0.9999],"evs":[0.0,0.14935]},"54s":{"weight":1.0,"played":[0.0,1.0],"evs":[0.0,0.35427]},"55":{"weight":1.0,"played":[0.0,1.0],"evs":[0.0,1.27431]},"65o":{"weight":1.0,"played":[0.8966,0.1034],"evs":[0.0,-0.02704]},"75o":{"weight":1.0,"played":[1.0,0.0],"evs":[0.0,-0.12883]},"85o":{"weight":1.0,"played":[1.0,0.0],"evs":[0.0,-0.24399]},"95o":{"weight":1.0,"played":[1.0,0.0],"evs":[0.0,-0.35538]},"T5o":{"weight":1.0,"played":[1.0,0.0],"evs":[0.0,-0.43957]},"J5o":{"weight":1.0,"played":[1.0,0.0],"evs":[0.0,-0.36838]},"Q5o":{"weight":1.0,"played":[1.0,0.0],"evs":[0.0,-0.24101]},"K5o":{"weight":1.0,"played":[1.0,0.0],"evs":[0.0,-0.20654]},"A5o":{"weight":1.0,"played":[0.0,1.0],"evs":[0.0,0.28593]},"62s":{"weight":1.0,"played":[0.9997,3.0E-4],"evs":[0.0,-0.11332]},"63s":{"weight":1.0,"played":[2.0E-4,0.9998],"evs":[0.0,0.06678]},"64s":{"weight":1.0,"played":[0.0,1.0],"evs":[0.0,0.28967]},"65s":{"weight":1.0,"played":[0.0,1.0],"evs":[0.0,0.42982]},"66":{"weight":1.0,"played":[0.0,1.0],"evs":[0.0,1.58833]},"76o":{"weight":1.0,"played":[0.0,1.0],"evs":[0.0,0.0677]},"86o":{"weight":1.0,"played":[0.7781,0.2219],"evs":[0.0,0.00816]},"96o":{"weight":1.0,"played":[1.0,0.0],"evs":[0.0,-0.13705]},"T6o":{"weight":1.0,"played":[1.0,0.0],"evs":[0.0,-0.22037]},"J6o":{"weight":1.0,"played":[1.0,0.0],"evs":[0.0,-0.31018]},"Q6o":{"weight":1.0,"played":[1.0,0.0],"evs":[0.0,-0.15161]},"K6o":{"weight":1.0,"played":[0.9999,1.0E-4],"evs":[0.0,-0.10043]},"A6o":{"weight":1.0,"played":[0.0,1.0],"evs":[0.0,0.23353]},"72s":{"weight":1.0,"played":[0.9999,1.0E-4],"evs":[0.0,-0.1948]},"73s":{"weight":1.0,"played":[0.8591,0.1409],"evs":[0.0,-0.00575]},"74s":{"weight":1.0,"played":[0.0,1.0],"evs":[0.0,0.15685]},"75s":{"weight":1.0,"played":[0.0,1.0],"evs":[0.0,0.37366]},"76s":{"weight":1.0,"played":[0.0,1.0],"evs":[0.0,0.53387]},"77":{"weight":1.0,"played":[0.0,1.0],"evs":[0.0,1.8681]},"87o":{"weight":1.0,"played":[2.0E-4,0.9998],"evs":[0.0,0.15652]},"97o":{"weight":1.0,"played":[0.004,0.996],"evs":[0.0,0.04426]},"T7o":{"weight":1.0,"played":[0.9999,1.0E-4],"evs":[0.0,-0.00614]},"J7o":{"weight":1.0,"played":[1.0,0.0],"evs":[0.0,-0.11631]},"Q7o":{"weight":1.0,"played":[1.0,0.0],"evs":[0.0,-0.13535]},"K7o":{"weight":1.0,"played":[0.9982,0.0018],"evs":[0.0,-0.05331]},"A7o":{"weight":1.0,"played":[0.0,1.0],"evs":[0.0,0.37815]},"82s":{"weight":1.0,"played":[0.9999,1.0E-4],"evs":[0.0,-0.1513]},"83s":{"weight":1.0,"played":[0.9993,7.0E-4],"evs":[0.0,-0.14674]},"84s":{"weight":1.0,"played":[5.0E-4,0.9995],"evs":[0.0,0.03242]},"85s":{"weight":1.0,"played":[0.0,1.0],"evs":[0.0,0.22865]},"86s":{"weight":1.0,"played":[0.0,1.0],"evs":[0.0,0.4254]},"87s":{"weight":1.0,"played":[0.0,1.0],"evs":[0.0,0.61144]},"88":{"weight":1.0,"played":[0.0,1.0],"evs":[0.0,2.19885]},"98o":{"weight":1.0,"played":[1.0E-4,0.9999],"evs":[0.0,0.19683]},"T8o":{"weight":1.0,"played":[0.0,1.0],"evs":[0.0,0.14312]},"J8o":{"weight":1.0,"played":[0.0,1.0],"evs":[0.0,0.00713]},"Q8o":{"weight":1.0,"played":[0.9378,0.0622],"evs":[0.0,-0.0143]},"K8o":{"weight":1.0,"played":[0.9994,6.0E-4],"evs":[0.0,-0.05669]},"A8o":{"weight":1.0,"played":[0.0,1.0],"evs":[0.0,0.55958]},"92s":{"weight":1.0,"played":[1.0,0.0],"evs":[0.0,-0.09489]},"93s":{"weight":1.0,"played":[0.9947,0.0053],"evs":[0.0,-0.04563]},"94s":{"weight":1.0,"played":[0.9758,0.0242],"evs":[0.0,-0.01329]},"95s":{"weight":1.0,"played":[0.0022,0.9978],"evs":[0.0,0.15017]},"96s":{"weight":1.0,"played":[1.0E-4,0.9999],"evs":[0.0,0.34372]},"97s":{"weight":1.0,"played":[0.0,1.0],"evs":[0.0,0.51624]},"98s":{"weight":1.0,"played":[0.0,1.0],"evs":[0.0,0.65105]},"99":{"weight":1.0,"played":[0.0,1.0],"evs":[0.0,2.6255]},"T9o":{"weight":1.0,"played":[0.0,1.0],"evs":[0.0,0.32735]},"J9o":{"weight":1.0,"played":[0.0,1.0],"evs":[0.0,0.20521]},"Q9o":{"weight":1.0,"played":[0.0,1.0],"evs":[0.0,0.17482]},"K9o":{"weight":1.0,"played":[2.0E-4,0.9998],"evs":[0.0,0.09591]},"A9o":{"weight":1.0,"played":[0.0,1.0],"evs":[0.0,0.88733]},"T2s":{"weight":1.0,"played":[0.9193,0.0807],"evs":[0.0,-0.02592]},"T3s":{"weight":1.0,"played":[0.9502,0.0498],"evs":[0.0,-0.00395]},"T4s":{"weight":1.0,"played":[0.0112,0.9888],"evs":[0.0,0.06515]},"T5s":{"weight":1.0,"played":[0.0074,0.9926],"evs":[0.0,0.05557]},"T6s":{"weight":1.0,"played":[0.0,1.0],"evs":[0.0,0.25462]},"T7s":{"weight":1.0,"played":[0.0,1.0],"evs":[0.0,0.44176]},"T8s":{"weight":1.0,"played":[0.0,1.0],"evs":[0.0,0.59592]},"T9s":{"weight":1.0,"played":[0.0,1.0],"evs":[0.0,0.77565]},"TT":{"weight":1.0,"played":[0.0,1.0],"evs":[0.0,3.12942]},"JTo":{"weight":1.0,"played":[0.0,1.0],"evs":[0.0,0.46917]},"QTo":{"weight":1.0,"played":[0.0,1.0],"evs":[0.0,0.46974]},"KTo":{"weight":1.0,"played":[0.0,1.0],"evs":[0.0,0.44466]},"ATo":{"weight":1.0,"played":[0.0,1.0],"evs":[0.0,1.47422]},"J2s":{"weight":1.0,"played":[0.9806,0.0194],"evs":[0.0,-0.03912]},"J3s":{"weight":1.0,"played":[0.0028,0.9972],"evs":[0.0,0.06791]},"J4s":{"weight":1.0,"played":[0.0087,0.9913],"evs":[0.0,0.08304]},"J5s":{"weight":1.0,"played":[0.0011,0.9989],"evs":[0.0,0.14317]},"J6s":{"weight":1.0,"played":[0.0,1.0],"evs":[0.0,0.19421]},"J7s":{"weight":1.0,"played":[1.0E-4,0.9999],"evs":[0.0,0.37035]},"J8s":{"weight":1.0,"played":[0.0,1.0],"evs":[0.0,0.49826]},"J9s":{"weight":1.0,"played":[0.0,1.0],"evs":[0.0,0.67701]},"JTs":{"weight":1.0,"played":[0.0,1.0],"evs":[0.0,0.92167]},"JJ":{"weight":1.0,"played":[0.0,1.0],"evs":[0.0,3.75549]},"QJo":{"weight":1.0,"played":[0.0,1.0],"evs":[0.0,0.5377]},"KJo":{"weight":1.0,"played":[0.0,1.0],"evs":[0.0,0.71173]},"AJo":{"weight":1.0,"played":[0.0,1.0],"evs":[0.0,2.01359]},"Q2s":{"weight":1.0,"played":[4.0E-4,0.9996],"evs":[0.0,0.11973]},"Q3s":{"weight":1.0,"played":[1.0E-4,0.9999],"evs":[0.0,0.17595]},"Q4s":{"weight":1.0,"played":[2.0E-4,0.9998],"evs":[0.0,0.16367]},"Q5s":{"weight":1.0,"played":[0.0,1.0],"evs":[0.0,0.27248]},"Q6s":{"weight":1.0,"played":[0.0,1.0],"evs":[0.0,0.34766]},"Q7s":{"weight":1.0,"played":[0.0,1.0],"evs":[0.0,0.30457]},"Q8s":{"weight":1.0,"played":[0.0,1.0],"evs":[0.0,0.47428]},"Q9s":{"weight":1.0,"played":[0.0,1.0],"evs":[0.0,0.65032]},"QTs":{"weight":1.0,"played":[0.0,1.0],"evs":[0.0,0.93252]},"QJs":{"weight":1.0,"played":[0.0,1.0],"evs":[0.0,0.96966]},"QQ":{"weight":1.0,"played":[0.0,1.0],"evs":[0.0,4.39334]},"KQo":{"weight":1.0,"played":[0.0,1.0],"evs":[0.0,1.12999]},"AQo":{"weight":1.0,"played":[0.0,1.0],"evs":[0.0,2.57293]},"K2s":{"weight":1.0,"played":[0.0,1.0],"evs":[0.0,0.19559]},"K3s":{"weight":1.0,"played":[5.0E-4,0.9995],"evs":[0.0,0.21077]},"K4s":{"weight":1.0,"played":[0.0,1.0],"evs":[0.0,0.30781]},"K5s":{"weight":1.0,"played":[1.0E-4,0.9999],"evs":[0.0,0.33741]},"K6s":{"weight":1.0,"played":[0.0,1.0],"evs":[0.0,0.3745]},"K7s":{"weight":1.0,"played":[0.0,1.0],"evs":[0.0,0.46281]},"K8s":{"weight":1.0,"played":[0.0,1.0],"evs":[0.0,0.4461]},"K9s":{"weight":1.0,"played":[0.0,1.0],"evs":[0.0,0.61452]},"KTs":{"weight":1.0,"played":[0.0,1.0],"evs":[0.0,0.94321]},"KJs":{"weight":1.0,"played":[0.0,1.0],"evs":[0.0,1.18869]},"KQs":{"weight":1.0,"played":[0.0,1.0],"evs":[0.0,1.57072]},"KK":{"weight":1.0,"played":[0.0,1.0],"evs":[0.0,5.23116]},"AKo":{"weight":1.0,"played":[0.0,1.0],"evs":[0.0,3.16902]},"A2s":{"weight":1.0,"played":[0.0,1.0],"evs":[0.0,0.63127]},"A3s":{"weight":1.0,"played":[0.0,1.0],"evs":[0.0,0.66191]},"A4s":{"weight":1.0,"played":[0.0,1.0],"evs":[0.0,0.72756]},"A5s":{"weight":1.0,"played":[0.0,1.0],"evs":[0.0,0.79523]},"A6s":{"weight":1.0,"played":[0.0,1.0],"evs":[0.0,0.77013]},"A7s":{"weight":1.0,"played":[0.0,1.0],"evs":[0.0,0.89974]},"A8s":{"weight":1.0,"played":[0.0,1.0],"evs":[0.0,1.026]},"A9s":{"weight":1.0,"played":[0.0,1.0],"evs":[0.0,1.31507]},"ATs":{"weight":1.0,"played":[0.0,1.0],"evs":[0.0,1.90582]},"AJs":{"weight":1.0,"played":[0.0,1.0],"evs":[0.0,2.36794]},"AQs":{"weight":1.0,"played":[0.0,1.0],"evs":[0.0,2.9008]},"AKs":{"weight":1.0,"played":[0.0,1.0],"evs":[0.0,3.48787]},"AA":{"weight":1.0,"played":[0.0,1.0],"evs":[0.0,6.84849]}}}