{"player":3,"street":0,"children":2,"sequence":[{"player":0,"type":"F","amount":0,"street":0},{"player":1,"type":"R","amount":4640000,"street":0},{"player":2,"type":"R","amount":8160000,"street":0}],"actions":[{"type":"F","amount":0,"node":95},{"type":"R","amount":11680000,"node":102}],"hands":{"22":{"weight":1.0,"played":[1.0,0.0],"evs":[0.0,-0.81184]},"32o":{"weight":1.0,"played":[1.0,0.0],"evs":[0.0,-2.09212]},"42o":{"weight":1.0,"played":[1.0,0.0],"evs":[0.0,-2.0224]},"52o":{"weight":1.0,"played":[1.0,0.0],"evs":[0.0,-1.95142]},"62o":{"weight":1.0,"played":[1.0,0.0],"evs":[0.0,-2.06529]},"72o":{"weight":1.0,"played":[1.0,0.0],"evs":[0.0,-2.19231]},"82o":{"weight":1.0,"played":[1.0,0.0],"evs":[0.0,-2.07883]},"92o":{"weight":1.0,"played":[1.0,0.0],"evs":[0.0,-2.09665]},"T2o":{"weight":1.0,"played":[1.0,0.0],"evs":[0.0,-2.05854]},"J2o":{"weight":1.0,"played":[1.0,0.0],"evs":[0.0,-1.97189]},"Q2o":{"weight":1.0,"played":[1.0,0.0],"evs":[0.0,-1.81805]},"K2o":{"weight":1.0,"played":[1.0,0.0],"evs":[0.0,-1.68273]},"A2o":{"weight":1.0,"played":[1.0,0.0],"evs":[0.0,-1.30733]},"32s":{"weight":1.0,"played":[1.0,0.0],"evs":[0.0,-1.54904]},"33":{"weight":1.0,"played":[1.0,0.0],"evs":[0.0,-0.65792]},"43o":{"weight":1.0,"played":[1.0,0.0],"evs":[0.0,-1.78763]},"53o":{"weight":1.0,"played":[1.0,0.0],"evs":[0.0,-1.70551]},"63o":{"weight":1.0,"played":[1.0,0.0],"evs":[0.0,-1.83217]},"73o":{"weight":1.0,"played":[1.0,0.0],"evs":[0.0,-1.9619]},"83o":{"weight":1.0,"played":[1.0,0.0],"evs":[0.0,-2.06852]},"93o":{"weight":1.0,"played":[1.0,0.0],"evs":[0.0,-2.02748]},"T3o":{"weight":1.0,"played":[1.0,0.0],"evs":[0.0,-1.97428]},"J3o":{"weight":1.0,"played":[1.0,0.0],"evs":[0.0,-1.89457]},"Q3o":{"weight":1.0,"played":[1.0,0.0],"evs":[0.0,-1.75044]},"K3o":{"weight":1.0,"played":[1.0,0.0],"evs":[0.0,-1.61746]},"A3o":{"weight":1.0,"played":[1.0,0.0],"evs":[0.0,-1.21908]},"42s":{"weight":1.0,"played":[1.0,0.0],"evs":[0.0,-1.4888]},"43s":{"weight":1.0,"played":[1.0,0.0],"evs":[0.0,-1.27623]},"44":{"weight":1.0,"played":[1.0,0.0],"evs":[0.0,-0.46488]},"54o":{"weight":1.0,"played":[1.0,0.0],"evs":[0.0,-1.50915]},"64o":{"weight":1.0,"played":[1.0,0.0],"evs":[0.0,-1.60179]},"74o":{"weight":1.0,"played":[1.0,0.0],"evs":[0.0,-1.73365]},"84o":{"weight":1.0,"played":[1.0,0.0],"evs":[0.0,-1.82581]},"94o":{"weight":1.0,"played":[1.0,0.0],"evs":[0.0,-2.00578]},"T4o":{"weight":1.0,"played":[1.0,0.0],"evs":[0.0,-1.90727]},"J4o":{"weight":1.0,"played":[1.0,0.0],"evs":[0.0,-1.81708]},"Q4o":{"weight":1.0,"played":[1.0,0.0],"evs":[0.0,-1.65794]},"K4o":{"weight":1.0,"played":[1.0,0.0],"evs":[0.0,-1.5403]},"A4o":{"weight":1.0,"played":[1.0,0.0],"evs":[0.0,-1.14017]},"52s":{"weight":1.0,"played":[1.0,0.0],"evs":[0.0,-1.41116]},"53s":{"weight":1.0,"played":[1.0,0.0],"evs":[0.0,-1.21217]},"54s":{"weight":1.0,"played":[1.0,0.0],"evs":[0.0,-0.97156]},"55":{"weight":1.0,"played":[1.0,0.0],"evs":[0.0,-0.28443]},"65o":{"weight":1.0,"played":[1.0,0.0],"evs":[0.0,-1.39719]},"75o":{"weight":1.0,"played":[1.0,0.0],"evs":[0.0,-1.51715]},"85o":{"weight":1.0,"played":[1.0,0.0],"evs":[0.0,-1.60945]},"95o":{"weight":1.0,"played":[1.0,0.0],"evs":[0.0,-1.77727]},"T5o":{"weight":1.0,"played":[1.0,0.0],"evs":[0.0,-1.88835]},"J5o":{"weight":1.0,"played":[1.0,0.0],"evs":[0.0,-1.76501]},"Q5o":{"weight":1.0,"played":[1.0,0.0],"evs":[0.0,-1.61263]},"K5o":{"weight":1.0,"played":[1.0,0.0],"evs":[0.0,-1.46316]},"A5o":{"weight":1.0,"played":[1.0,0.0],"evs":[0.0,-1.0441]},"62s":{"weight":1.0,"played":[1.0,0.0],"evs":[0.0,-1.50125]},"63s":{"weight":1.0,"played":[1.0,0.0],"evs":[0.0,-1.29688]},"64s":{"weight":1.0,"played":[1.0,0.0],"evs":[0.0,-1.10123]},"65s":{"weight":1.0,"played":[1.0,0.0],"evs":[0.0,-0.88879]},"66":{"weight":1.0,"played":[0.0039,0.9961],"evs":[0.0,0.05301]},"76o":{"weight":1.0,"played":[1.0,0.0],"evs":[0.0,-1.30843]},"86o":{"weight":1.0,"played":[1.0,0.0],"evs":[0.0,-1.38497]},"96o":{"weight":1.0,"played":[1.0,0.0],"evs":[0.0,-1.5659]},"T6o":{"weight":1.0,"played":[1.0,0.0],"evs":[0.0,-1.65739]},"J6o":{"weight":1.0,"played":[1.0,0.0],"evs":[0.0,-1.70467]},"Q6o":{"weight":1.0,"played":[1.0,0.0],"evs":[0.0,-1.51536]},"K6o":{"weight":1.0,"played":[1.0,0.0],"evs":[0.0,-1.38022]},"A6o":{"weight":1.0,"played":[1.0,0.0],"evs":[0.0,-1.12572]},"72s":{"weight":1.0,"played":[1.0,0.0],"evs":[0.0,-1.61821]},"73s":{"weight":1.0,"played":[1.0,0.0],"evs":[0.0,-1.43573]},"74s":{"weight":1.0,"played":[1.0,0.0],"evs":[0.0,-1.19371]},"75s":{"weight":1.0,"played":[1.0,0.0],"evs":[0.0,-1.02021]},"76s":{"weight":1.0,"played":[1.0,0.0],"evs":[0.0,-0.77352]},"77":{"weight":1.0,"played":[0.0,1.0],"evs":[0.0,0.32358]},"87o":{"weight":1.0,"played":[1.0,0.0],"evs":[0.0,-1.22647]},"97o":{"weight":1.0,"played":[1.0,0.0],"evs":[0.0,-1.36523]},"T7o":{"weight":1.0,"played":[1.0,0.0],"evs":[0.0,-1.45354]},"J7o":{"weight":1.0,"played":[1.0,0.0],"evs":[0.0,-1.50711]},"Q7o":{"weight":1.0,"played":[1.0,0.0],"evs":[0.0,-1.48963]},"K7o":{"weight":1.0,"played":[1.0,0.0],"evs":[0.0,-1.30319]},"A7o":{"weight":1.0,"played":[1.0,0.0],"evs":[0.0,-0.98293]},"82s":{"weight":1.0,"played":[1.0,0.0],"evs":[0.0,-1.53739]},"83s":{"weight":1.0,"played":[1.0,0.0],"evs":[0.0,-1.53682]},"84s":{"weight":1.0,"played":[1.0,0.0],"evs":[0.0,-1.28623]},"85s":{"weight":1.0,"played":[1.0,0.0],"evs":[0.0,-1.10366]},"86s":{"weight":1.0,"played":[1.0,0.0],"evs":[0.0,-0.90381]},"87s":{"weight":1.0,"played":[1.0,0.0],"evs":[0.0,-0.73283]},"88":{"weight":1.0,"played":[0.0,1.0],"evs":[0.0,0.65612]},"98o":{"weight":1.0,"played":[1.0,0.0],"evs":[0.0,-1.18043]},"T8o":{"weight":1.0,"played":[1.0,0.0],"evs":[0.0,-1.22575]},"J8o":{"weight":1.0,"played":[1.0,0.0],"evs":[0.0,-1.30087]},"Q8o":{"weight":1.0,"played":[1.0,0.0],"evs":[0.0,-1.27209]},"K8o":{"weight":1.0,"played":[1.0,0.0],"evs":[0.0,-1.2553]},"A8o":{"weight":1.0,"played":[1.0,0.0],"evs":[0.0,-0.84202]},"92s":{"weight":1.0,"played":[1.0,0.0],"evs":[0.0,-1.54105]},"93s":{"weight":1.0,"played":[1.0,0.0],"evs":[0.0,-1.47223]},"94s":{"weight":1.0,"played":[1.0,0.0],"evs":[0.0,-1.45289]},"95s":{"weight":1.0,"played":[1.0,0.0],"evs":[0.0,-1.23114]},"96s":{"weight":1.0,"played":[1.0,0.0],"evs":[0.0,-1.02812]},"97s":{"weight":1.0,"played":[1.0,0.0],"evs":[0.0,-0.85082]},"98s":{"weight":1.0,"played":[1.0,0.0],"evs":[0.0,-0.67514]},"99":{"weight":1.0,"played":[0.0,1.0],"evs":[0.0,1.02879]},"T9o":{"weight":1.0,"played":[1.0,0.0],"evs":[0.0,-1.0787]},"J9o":{"weight":1.0,"played":[1.0,0.0],"evs":[0.0,-1.14971]},"Q9o":{"weight":1.0,"played":[1.0,0.0],"evs":[0.0,-1.14916]},"K9o":{"weight":1.0,"played":[1.0,0.0],"evs":[0.0,-1.09165]},"A9o":{"weight":1.0,"played":[1.0,0.0],"evs":[0.0,-0.66322]},"T2s":{"weight":1.0,"played":[1.0,0.0],"evs":[0.0,-1.50459]},"T3s":{"weight":1.0,"played":[1.0,0.0],"evs":[0.0,-1.41039]},"T4s":{"weight":1.0,"played":[1.0,0.0],"evs":[0.0,-1.36898]},"T5s":{"weight":1.0,"played":[1.0,0.0],"evs":[0.0,-1.35147]},"T6s":{"weight":1.0,"played":[1.0,0.0],"evs":[0.0,-1.11411]},"T7s":{"weight":1.0,"played":[1.0,0.0],"evs":[0.0,-0.92632]},"T8s":{"weight":1.0,"played":[1.0,0.0],"evs":[0.0,-0.71883]},"T9s":{"weight":1.0,"played":[1.0,0.0],"evs":[0.0,-0.61024]},"TT":{"weight":1.0,"played":[0.0,1.0],"evs":[0.0,1.61213]},"JTo":{"weight":1.0,"played":[1.0,0.0],"evs":[0.0,-0.88317]},"QTo":{"weight":1.0,"played":[1.0,0.0],"evs":[0.0,-0.82127]},"KTo":{"weight":1.0,"played":[1.0,0.0],"evs":[0.0,-0.72159]},"ATo":{"weight":1.0,"played":[0.9999,1.0E-4],"evs":[0.0,-0.1497]},"J2s":{"weight":1.0,"played":[1.0,0.0],"evs":[0.0,-1.42169]},"J3s":{"weight":1.0,"played":[1.0,0.0],"evs":[0.0,-1.33993]},"J4s":{"weight":1.0,"played":[1.0,0.0],"evs":[0.0,-1.25269]},"J5s":{"weight":1.0,"played":[1.0,0.0],"evs":[0.0,-1.23251]},"J6s":{"weight":1.0,"played":[1.0,0.0],"evs":[0.0,-1.19716]},"J7s":{"weight":1.0,"played":[1.0,0.0],"evs":[0.0,-0.96162]},"J8s":{"weight":1.0,"played":[1.0,0.0],"evs":[0.0,-0.8117]},"J9s":{"weight":1.0,"played":[1.0,0.0],"evs":[0.0,-0.6574]},"JTs":{"weight":1.0,"played":[1.0,0.0],"evs":[0.0,-0.41207]},"JJ":{"weight":1.0,"played":[0.0,1.0],"evs":[0.0,2.29436]},"QJo":{"weight":1.0,"played":[1.0,0.0],"evs":[0.0,-0.68325]},"KJo":{"weight":1.0,"played":[1.0,0.0],"evs":[0.0,-0.48921]},"AJo":{"weight":1.0,"played":[0.0,1.0],"evs":[0.0,0.26589]},"Q2s":{"weight":1.0,"played":[1.0,0.0],"evs":[0.0,-1.2621]},"Q3s":{"weight":1.0,"played":[1.0,0.0],"evs":[0.0,-1.19001]},"Q4s":{"weight":1.0,"played":[1.0,0.0],"evs":[0.0,-1.11351]},"Q5s":{"weight":1.0,"played":[1.0,0.0],"evs":[0.0,-1.04292]},"Q6s":{"weight":1.0,"played":[1.0,0.0],"evs":[0.0,-0.98808]},"Q7s":{"weight":1.0,"played":[1.0,0.0],"evs":[0.0,-0.94938]},"Q8s":{"weight":1.0,"played":[1.0,0.0],"evs":[0.0,-0.77898]},"Q9s":{"weight":1.0,"played":[1.0,0.0],"evs":[0.0,-0.63033]},"QTs":{"weight":1.0,"played":[1.0,0.0],"evs":[0.0,-0.33684]},"QJs":{"weight":1.0,"played":[0.9996,4.0E-4],"evs":[0.0,-0.22149]},"QQ":{"weight":1.0,"played":[0.0,1.0],"evs":[0.0,3.1298]},"KQo":{"weight":1.0,"played":[1.0,0.0],"evs":[0.0,-0.1072]},"AQo":{"weight":1.0,"played":[0.0,1.0],"evs":[0.0,0.74192]},"K2s":{"weight":1.0,"played":[1.0,0.0],"evs":[0.0,-1.09291]},"K3s":{"weight":1.0,"played":[1.0,0.0],"evs":[0.0,-1.02622]},"K4s":{"weight":1.0,"played":[1.0,0.0],"evs":[0.0,-0.95841]},"K5s":{"weight":1.0,"played":[1.0,0.0],"evs":[0.0,-0.92866]},"K6s":{"weight":1.0,"played":[1.0,0.0],"evs":[0.0,-0.85286]},"K7s":{"weight":1.0,"played":[1.0,0.0],"evs":[0.0,-0.78385]},"K8s":{"weight":1.0,"played":[1.0,0.0],"evs":[0.0,-0.70717]},"K9s":{"weight":1.0,"played":[1.0,0.0],"evs":[0.0,-0.53695]},"KTs":{"weight":1.0,"played":[1.0,0.0],"evs":[0.0,-0.21927]},"KJs":{"weight":1.0,"played":[0.6397,0.3603],"evs":[0.0,-0.01494]},"KQs":{"weight":1.0,"played":[0.0,1.0],"evs":[0.0,0.37716]},"KK":{"weight":1.0,"played":[0.0,1.0],"evs":[0.0,4.09333]},"AKo":{"weight":1.0,"played":[0.0,1.0],"evs":[0.0,1.26891]},"A2s":{"weight":1.0,"played":[1.0,0.0],"evs":[0.0,-0.75223]},"A3s":{"weight":1.0,"played":[1.0,0.0],"evs":[0.0,-0.64156]},"A4s":{"weight":1.0,"played":[1.0,0.0],"evs":[0.0,-0.56245]},"A5s":{"weight":1.0,"played":[1.0,0.0],"evs":[0.0,-0.52027]},"A6s":{"weight":1.0,"played":[1.0,0.0],"evs":[0.0,-0.57937]},"A7s":{"weight":1.0,"played":[1.0,0.0],"evs":[0.0,-0.43098]},"A8s":{"weight":1.0,"played":[1.0,0.0],"evs":[0.0,-0.2884]},"A9s":{"weight":1.0,"played":[0.9997,3.0E-4],"evs":[0.0,-0.13448]},"ATs":{"weight":1.0,"played":[0.0,1.0],"evs":[0.0,0.3831]},"AJs":{"weight":1.0,"played":[0.0,1.0],"evs":[0.0,0.73885]},"AQs":{"weight":1.0,"played":[0.0,1.0],"evs":[0.0,1.23098]},"AKs":{"weight":1.0,"played":[0.0,1.0],"evs":[0.0,1.6645]},"AA":{"weight":1.0,"played":[0.0,1.0],"evs":[0.0,5.58056]}}}