{"player":4,"street":0,"children":2,"sequence":[{"player":0,"type":"F","amount":0,"street":0},{"player":1,"type":"R","amount":4640000,"street":0},{"player":2,"type":"R","amount":8160000,"street":0},{"player":3,"type":"F","amount":0,"street":0}],"actions":[{"type":"F","amount":0,"node":96},{"type":"R","amount":36960000,"node":99}],"hands":{"22":{"weight":1.0,"played":[0.0108,0.9892],"evs":[0.0,0.0425]},"32o":{"weight":1.0,"played":[1.0,0.0],"evs":[0.0,-0.79994]},"42o":{"weight":1.0,"played":[1.0,0.0],"evs":[0.0,-0.76447]},"52o":{"weight":1.0,"played":[1.0,0.0],"evs":[0.0,-0.73427]},"62o":{"weight":1.0,"played":[1.0,0.0],"evs":[0.0,-0.80643]},"72o":{"weight":1.0,"played":[1.0,0.0],"evs":[0.0,-0.88808]},"82o":{"weight":1.0,"played":[1.0,0.0],"evs":[0.0,-0.82446]},"92o":{"weight":1.0,"played":[1.0,0.0],"evs":[0.0,-0.84817]},"T2o":{"weight":1.0,"played":[1.0,0.0],"evs":[0.0,-0.80403]},"J2o":{"weight":1.0,"played":[1.0,0.0],"evs":[0.0,-0.77859]},"Q2o":{"weight":1.0,"played":[1.0,0.0],"evs":[0.0,-0.67581]},"K2o":{"weight":1.0,"played":[1.0,0.0],"evs":[0.0,-0.63155]},"A2o":{"weight":1.0,"played":[1.0,0.0],"evs":[0.0,-0.39302]},"32s":{"weight":1.0,"played":[1.0,0.0],"evs":[0.0,-0.4587]},"33":{"weight":1.0,"played":[0.0,1.0],"evs":[0.0,0.12846]},"43o":{"weight":1.0,"played":[1.0,0.0],"evs":[0.0,-0.626]},"53o":{"weight":1.0,"played":[1.0,0.0],"evs":[0.0,-0.58852]},"63o":{"weight":1.0,"played":[1.0,0.0],"evs":[0.0,-0.6416]},"73o":{"weight":1.0,"played":[1.0,0.0],"evs":[0.0,-0.7455]},"83o":{"weight":1.0,"played":[1.0,0.0],"evs":[0.0,-0.81502]},"93o":{"weight":1.0,"played":[1.0,0.0],"evs":[0.0,-0.80596]},"T3o":{"weight":1.0,"played":[1.0,0.0],"evs":[0.0,-0.76485]},"J3o":{"weight":1.0,"played":[1.0,0.0],"evs":[0.0,-0.73993]},"Q3o":{"weight":1.0,"played":[1.0,0.0],"evs":[0.0,-0.62111]},"K3o":{"weight":1.0,"played":[1.0,0.0],"evs":[0.0,-0.58506]},"A3o":{"weight":1.0,"played":[1.0,0.0],"evs":[0.0,-0.34487]},"42s":{"weight":1.0,"played":[1.0,0.0],"evs":[0.0,-0.40919]},"43s":{"weight":1.0,"played":[1.0,0.0],"evs":[0.0,-0.28457]},"44":{"weight":1.0,"played":[0.0,1.0],"evs":[0.0,0.19938]},"54o":{"weight":1.0,"played":[1.0,0.0],"evs":[0.0,-0.44608]},"64o":{"weight":1.0,"played":[1.0,0.0],"evs":[0.0,-0.50981]},"74o":{"weight":1.0,"played":[1.0,0.0],"evs":[0.0,-0.60323]},"84o":{"weight":1.0,"played":[1.0,0.0],"evs":[0.0,-0.67909]},"94o":{"weight":1.0,"played":[1.0,0.0],"evs":[0.0,-0.78175]},"T4o":{"weight":1.0,"played":[1.0,0.0],"evs":[0.0,-0.72539]},"J4o":{"weight":1.0,"played":[1.0,0.0],"evs":[0.0,-0.69871]},"Q4o":{"weight":1.0,"played":[1.0,0.0],"evs":[0.0,-0.59534]},"K4o":{"weight":1.0,"played":[1.0,0.0],"evs":[0.0,-0.55241]},"A4o":{"weight":1.0,"played":[1.0,0.0],"evs":[0.0,-0.32051]},"52s":{"weight":1.0,"played":[1.0,0.0],"evs":[0.0,-0.38384]},"53s":{"weight":1.0,"played":[0.9999,1.0E-4],"evs":[0.0,-0.24391]},"54s":{"weight":1.0,"played":[1.0,0.0],"evs":[0.0,-0.13341]},"55":{"weight":1.0,"played":[0.0,1.0],"evs":[0.0,0.30501]},"65o":{"weight":1.0,"played":[1.0,0.0],"evs":[0.0,-0.37988]},"75o":{"weight":1.0,"played":[1.0,0.0],"evs":[0.0,-0.46913]},"85o":{"weight":1.0,"played":[1.0,0.0],"evs":[0.0,-0.55296]},"95o":{"weight":1.0,"played":[1.0,0.0],"evs":[0.0,-0.66372]},"T5o":{"weight":1.0,"played":[1.0,0.0],"evs":[0.0,-0.72919]},"J5o":{"weight":1.0,"played":[1.0,0.0],"evs":[0.0,-0.6505]},"Q5o":{"weight":1.0,"played":[1.0,0.0],"evs":[0.0,-0.55591]},"K5o":{"weight":1.0,"played":[1.0,0.0],"evs":[0.0,-0.51046]},"A5o":{"weight":1.0,"played":[1.0,0.0],"evs":[0.0,-0.25129]},"62s":{"weight":1.0,"played":[1.0,0.0],"evs":[0.0,-0.47858]},"63s":{"weight":1.0,"played":[1.0,0.0],"evs":[0.0,-0.31815]},"64s":{"weight":1.0,"played":[1.0,0.0],"evs":[0.0,-0.19251]},"65s":{"weight":1.0,"played":[0.9983,0.0017],"evs":[0.0,-0.07908]},"66":{"weight":1.0,"played":[0.0,1.0],"evs":[0.0,0.47244]},"76o":{"weight":1.0,"played":[1.0,0.0],"evs":[0.0,-0.32867]},"86o":{"weight":1.0,"played":[1.0,0.0],"evs":[0.0,-0.41583]},"96o":{"weight":1.0,"played":[1.0,0.0],"evs":[0.0,-0.51166]},"T6o":{"weight":1.0,"played":[1.0,0.0],"evs":[0.0,-0.5771]},"J6o":{"weight":1.0,"played":[1.0,0.0],"evs":[0.0,-0.62443]},"Q6o":{"weight":1.0,"played":[1.0,0.0],"evs":[0.0,-0.51519]},"K6o":{"weight":1.0,"played":[1.0,0.0],"evs":[0.0,-0.45122]},"A6o":{"weight":1.0,"played":[1.0,0.0],"evs":[0.0,-0.32458]},"72s":{"weight":1.0,"played":[1.0,0.0],"evs":[0.0,-0.52405]},"73s":{"weight":1.0,"played":[1.0,0.0],"evs":[0.0,-0.43695]},"74s":{"weight":1.0,"played":[1.0,0.0],"evs":[0.0,-0.26669]},"75s":{"weight":1.0,"played":[0.9998,2.0E-4],"evs":[0.0,-0.17219]},"76s":{"weight":1.0,"played":[0.9073,0.0927],"evs":[0.0,-0.0134]},"77":{"weight":1.0,"played":[0.0,1.0],"evs":[0.0,0.66639]},"87o":{"weight":1.0,"played":[1.0,0.0],"evs":[0.0,-0.30568]},"97o":{"weight":1.0,"played":[1.0,0.0],"evs":[0.0,-0.38892]},"T7o":{"weight":1.0,"played":[1.0,0.0],"evs":[0.0,-0.45393]},"J7o":{"weight":1.0,"played":[1.0,0.0],"evs":[0.0,-0.50411]},"Q7o":{"weight":1.0,"played":[1.0,0.0],"evs":[0.0,-0.49063]},"K7o":{"weight":1.0,"played":[1.0,0.0],"evs":[0.0,-0.42167]},"A7o":{"weight":1.0,"played":[1.0,0.0],"evs":[0.0,-0.23347]},"82s":{"weight":1.0,"played":[1.0,0.0],"evs":[0.0,-0.49583]},"83s":{"weight":1.0,"played":[1.0,0.0],"evs":[0.0,-0.48033]},"84s":{"weight":1.0,"played":[1.0,0.0],"evs":[0.0,-0.3287]},"85s":{"weight":1.0,"played":[1.0,0.0],"evs":[0.0,-0.23213]},"86s":{"weight":1.0,"played":[0.9998,2.0E-4],"evs":[0.0,-0.08535]},"87s":{"weight":1.0,"played":[0.1894,0.8106],"evs":[0.0,3.8E-4]},"88":{"weight":1.0,"played":[0.0,1.0],"evs":[0.0,0.82467]},"98o":{"weight":1.0,"played":[1.0,0.0],"evs":[0.0,-0.28366]},"T8o":{"weight":1.0,"played":[1.0,0.0],"evs":[0.0,-0.30738]},"J8o":{"weight":1.0,"played":[1.0,0.0],"evs":[0.0,-0.37637]},"Q8o":{"weight":1.0,"played":[1.0,0.0],"evs":[0.0,-0.37733]},"K8o":{"weight":1.0,"played":[1.0,0.0],"evs":[0.0,-0.40104]},"A8o":{"weight":1.0,"played":[1.0,0.0],"evs":[0.0,-0.12982]},"92s":{"weight":1.0,"played":[1.0,0.0],"evs":[0.0,-0.50509]},"93s":{"weight":1.0,"played":[1.0,0.0],"evs":[0.0,-0.46265]},"94s":{"weight":1.0,"played":[1.0,0.0],"evs":[0.0,-0.42906]},"95s":{"weight":1.0,"played":[1.0,0.0],"evs":[0.0,-0.3246]},"96s":{"weight":1.0,"played":[1.0,0.0],"evs":[0.0,-0.16089]},"97s":{"weight":1.0,"played":[0.9998,2.0E-4],"evs":[0.0,-0.07227]},"98s":{"weight":1.0,"played":[0.0711,0.9289],"evs":[0.0,0.02218]},"99":{"weight":1.0,"played":[0.0,1.0],"evs":[0.0,1.10308]},"T9o":{"weight":1.0,"played":[1.0,0.0],"evs":[0.0,-0.2472]},"J9o":{"weight":1.0,"played":[1.0,0.0],"evs":[0.0,-0.30738]},"Q9o":{"weight":1.0,"played":[1.0,0.0],"evs":[0.0,-0.29532]},"K9o":{"weight":1.0,"played":[1.0,0.0],"evs":[0.0,-0.29139]},"A9o":{"weight":1.0,"played":[0.9953,0.0047],"evs":[0.0,-0.0062]},"T2s":{"weight":1.0,"played":[1.0,0.0],"evs":[0.0,-0.46054]},"T3s":{"weight":1.0,"played":[1.0,0.0],"evs":[0.0,-0.41973]},"T4s":{"weight":1.0,"played":[1.0,0.0],"evs":[0.0,-0.38359]},"T5s":{"weight":1.0,"played":[1.0,0.0],"evs":[0.0,-0.38046]},"T6s":{"weight":1.0,"played":[1.0,0.0],"evs":[0.0,-0.23254]},"T7s":{"weight":1.0,"played":[1.0,0.0],"evs":[0.0,-0.12893]},"T8s":{"weight":1.0,"played":[0.9745,0.0255],"evs":[0.0,-0.01149]},"T9s":{"weight":1.0,"played":[6.0E-4,0.9994],"evs":[0.0,0.06927]},"TT":{"weight":1.0,"played":[0.0,1.0],"evs":[0.0,1.51163]},"JTo":{"weight":1.0,"played":[1.0,0.0],"evs":[0.0,-0.13327]},"QTo":{"weight":1.0,"played":[1.0,0.0],"evs":[0.0,-0.09382]},"KTo":{"weight":1.0,"played":[0.9998,2.0E-4],"evs":[0.0,-0.05543]},"ATo":{"weight":1.0,"played":[0.0,1.0],"evs":[0.0,0.35277]},"J2s":{"weight":1.0,"played":[1.0,0.0],"evs":[0.0,-0.40578]},"J3s":{"weight":1.0,"played":[1.0,0.0],"evs":[0.0,-0.3894]},"J4s":{"weight":1.0,"played":[1.0,0.0],"evs":[0.0,-0.34234]},"J5s":{"weight":1.0,"played":[1.0,0.0],"evs":[0.0,-0.3377]},"J6s":{"weight":1.0,"played":[1.0,0.0],"evs":[0.0,-0.29105]},"J7s":{"weight":1.0,"played":[1.0,0.0],"evs":[0.0,-0.16345]},"J8s":{"weight":1.0,"played":[0.9991,9.0E-4],"evs":[0.0,-0.05764]},"J9s":{"weight":1.0,"played":[0.006,0.994],"evs":[0.0,0.00815]},"JTs":{"weight":1.0,"played":[0.0,1.0],"evs":[0.0,0.21474]},"JJ":{"weight":1.0,"played":[0.0,1.0],"evs":[0.0,1.9692]},"QJo":{"weight":1.0,"played":[0.942,0.058],"evs":[0.0,-0.01166]},"KJo":{"weight":1.0,"played":[0.0,1.0],"evs":[0.0,0.07935]},"AJo":{"weight":1.0,"played":[0.0,1.0],"evs":[0.0,0.65332]},"Q2s":{"weight":1.0,"played":[1.0,0.0],"evs":[0.0,-0.32202]},"Q3s":{"weight":1.0,"played":[1.0,0.0],"evs":[0.0,-0.28532]},"Q4s":{"weight":1.0,"played":[1.0,0.0],"evs":[0.0,-0.24032]},"Q5s":{"weight":1.0,"played":[1.0,0.0],"evs":[0.0,-0.21244]},"Q6s":{"weight":1.0,"played":[1.0,0.0],"evs":[0.0,-0.16268]},"Q7s":{"weight":1.0,"played":[1.0,0.0],"evs":[0.0,-0.16822]},"Q8s":{"weight":1.0,"played":[0.9999,1.0E-4],"evs":[0.0,-0.04569]},"Q9s":{"weight":1.0,"played":[0.0226,0.9774],"evs":[0.0,0.02818]},"QTs":{"weight":1.0,"played":[9.0E-4,0.9991],"evs":[0.0,0.20147]},"QJs":{"weight":1.0,"played":[0.0,1.0],"evs":[0.0,0.2808]},"QQ":{"weight":1.0,"played":[0.0,1.0],"evs":[0.0,2.50569]},"KQo":{"weight":1.0,"played":[0.0,1.0],"evs":[0.0,0.32247]},"AQo":{"weight":1.0,"played":[0.0,1.0],"evs":[0.0,1.01639]},"K2s":{"weight":1.0,"played":[1.0,0.0],"evs":[0.0,-0.26332]},"K3s":{"weight":1.0,"played":[1.0,0.0],"evs":[0.0,-0.22125]},"K4s":{"weight":1.0,"played":[1.0,0.0],"evs":[0.0,-0.17989]},"K5s":{"weight":1.0,"played":[1.0,0.0],"evs":[0.0,-0.13829]},"K6s":{"weight":1.0,"played":[1.0,0.0],"evs":[0.0,-0.09732]},"K7s":{"weight":1.0,"played":[0.9994,6.0E-4],"evs":[0.0,-0.08507]},"K8s":{"weight":1.0,"played":[0.9969,0.0031],"evs":[0.0,-0.06154]},"K9s":{"weight":1.0,"played":[0.0308,0.9692],"evs":[0.0,0.03098]},"KTs":{"weight":1.0,"played":[0.0,1.0],"evs":[0.0,0.26026]},"KJs":{"weight":1.0,"played":[0.0,1.0],"evs":[0.0,0.40759]},"KQs":{"weight":1.0,"played":[0.0,1.0],"evs":[0.0,0.60601]},"KK":{"weight":1.0,"played":[0.0,1.0],"evs":[0.0,3.1685]},"AKo":{"weight":1.0,"played":[0.0,1.0],"evs":[0.0,1.40781]},"A2s":{"weight":1.0,"played":[0.9989,0.0011],"evs":[0.0,-0.05695]},"A3s":{"weight":1.0,"played":[0.1502,0.8498],"evs":[0.0,0.01212]},"A4s":{"weight":1.0,"played":[0.178,0.822],"evs":[0.0,0.02657]},"A5s":{"weight":1.0,"played":[2.0E-4,0.9998],"evs":[0.0,0.09222]},"A6s":{"weight":1.0,"played":[0.1289,0.8711],"evs":[0.0,0.02631]},"A7s":{"weight":1.0,"played":[1.0E-4,0.9999],"evs":[0.0,0.11781]},"A8s":{"weight":1.0,"played":[0.0,1.0],"evs":[0.0,0.19024]},"A9s":{"weight":1.0,"played":[0.0,1.0],"evs":[0.0,0.33914]},"ATs":{"weight":1.0,"played":[0.0,1.0],"evs":[0.0,0.66133]},"AJs":{"weight":1.0,"played":[0.0,1.0],"evs":[0.0,0.94483]},"AQs":{"weight":1.0,"played":[0.0,1.0],"evs":[0.0,1.2768]},"AKs":{"weight":1.0,"played":[0.0,1.0],"evs":[0.0,1.62969]},"AA":{"weight":1.0,"played":[0.0,1.0],"evs":[0.0,4.15057]}}}