{"player":6,"street":0,"children":2,"sequence":[{"player":0,"type":"F","amount":0,"street":0},{"player":1,"type":"R","amount":4640000,"street":0},{"player":2,"type":"R","amount":8160000,"street":0},{"player":3,"type":"F","amount":0,"street":0},{"player":4,"type":"F","amount":0,"street":0},{"player":5,"type":"F","amount":0,"street":0}],"actions":[{"type":"F","amount":0},{"type":"C","amount":4960000}],"hands":{"22":{"weight":1.0,"played":[0.0,1.0],"evs":[0.0,1.15493]},"32o":{"weight":1.0,"played":[1.0E-4,0.9999],"evs":[0.0,0.0936]},"42o":{"weight":1.0,"played":[0.0,1.0],"evs":[0.0,0.15777]},"52o":{"weight":1.0,"played":[0.0,1.0],"evs":[0.0,0.18003]},"62o":{"weight":1.0,"played":[0.0,1.0],"evs":[0.0,0.09961]},"72o":{"weight":1.0,"played":[0.0352,0.9648],"evs":[0.0,0.01337]},"82o":{"weight":1.0,"played":[1.0E-4,0.9999],"evs":[0.0,0.0793]},"92o":{"weight":1.0,"played":[1.0E-4,0.9999],"evs":[0.0,0.06225]},"T2o":{"weight":1.0,"played":[0.0,1.0],"evs":[0.0,0.09916]},"J2o":{"weight":1.0,"played":[0.0,1.0],"evs":[0.0,0.1488]},"Q2o":{"weight":1.0,"played":[0.0,1.0],"evs":[0.0,0.2457]},"K2o":{"weight":1.0,"played":[0.0,1.0],"evs":[0.0,0.29533]},"A2o":{"weight":1.0,"played":[0.0,1.0],"evs":[0.0,0.6385]},"32s":{"weight":1.0,"played":[0.0,1.0],"evs":[0.0,0.48527]},"33":{"weight":1.0,"played":[0.0,1.0],"evs":[0.0,1.25187]},"43o":{"weight":1.0,"played":[0.0,1.0],"evs":[0.0,0.29675]},"53o":{"weight":1.0,"played":[0.0,1.0],"evs":[0.0,0.34782]},"63o":{"weight":1.0,"played":[0.0,1.0],"evs":[0.0,0.25604]},"73o":{"weight":1.0,"played":[0.0,1.0],"evs":[0.0,0.19011]},"83o":{"weight":1.0,"played":[5.0E-4,0.9995],"evs":[0.0,0.09001]},"93o":{"weight":1.0,"played":[1.0E-4,0.9999],"evs":[0.0,0.11638]},"T3o":{"weight":1.0,"played":[0.0,1.0],"evs":[0.0,0.14737]},"J3o":{"weight":1.0,"played":[0.0,1.0],"evs":[0.0,0.19045]},"Q3o":{"weight":1.0,"played":[0.0,1.0],"evs":[0.0,0.27705]},"K3o":{"weight":1.0,"played":[0.0,1.0],"evs":[0.0,0.33508]},"A3o":{"weight":1.0,"played":[0.0,1.0],"evs":[0.0,0.67879]},"42s":{"weight":1.0,"played":[0.0,1.0],"evs":[0.0,0.52192]},"43s":{"weight":1.0,"played":[0.0,1.0],"evs":[0.0,0.66637]},"44":{"weight":1.0,"played":[0.0,1.0],"evs":[0.0,1.32676]},"54o":{"weight":1.0,"played":[0.0,1.0],"evs":[0.0,0.51215]},"64o":{"weight":1.0,"played":[0.0,1.0],"evs":[0.0,0.42001]},"74o":{"weight":1.0,"played":[0.0,1.0],"evs":[0.0,0.33669]},"84o":{"weight":1.0,"played":[0.0,1.0],"evs":[0.0,0.27214]},"94o":{"weight":1.0,"played":[0.0,1.0],"evs":[0.0,0.14762]},"T4o":{"weight":1.0,"played":[0.0,1.0],"evs":[0.0,0.20203]},"J4o":{"weight":1.0,"played":[0.0,1.0],"evs":[0.0,0.24037]},"Q4o":{"weight":1.0,"played":[0.0,1.0],"evs":[0.0,0.34469]},"K4o":{"weight":1.0,"played":[0.0,1.0],"evs":[0.0,0.38403]},"A4o":{"weight":1.0,"played":[0.0,1.0],"evs":[0.0,0.73514]},"52s":{"weight":1.0,"played":[0.0,1.0],"evs":[0.0,0.57418]},"53s":{"weight":1.0,"played":[0.0,1.0],"evs":[0.0,0.72936]},"54s":{"weight":1.0,"played":[0.0,1.0],"evs":[0.0,0.85028]},"55":{"weight":1.0,"played":[0.0,1.0],"evs":[0.0,1.46978]},"65o":{"weight":1.0,"played":[0.0,1.0],"evs":[0.0,0.55458]},"75o":{"weight":1.0,"played":[0.0,1.0],"evs":[0.0,0.46402]},"85o":{"weight":1.0,"played":[0.0,1.0],"evs":[0.0,0.40462]},"95o":{"weight":1.0,"played":[0.0,1.0],"evs":[0.0,0.27947]},"T5o":{"weight":1.0,"played":[0.0,1.0],"evs":[0.0,0.19609]},"J5o":{"weight":1.0,"played":[0.0,1.0],"evs":[0.0,0.26337]},"Q5o":{"weight":1.0,"played":[0.0,1.0],"evs":[0.0,0.37458]},"K5o":{"weight":1.0,"played":[0.0,1.0],"evs":[0.0,0.42762]},"A5o":{"weight":1.0,"played":[0.0,1.0],"evs":[0.0,0.81055]},"62s":{"weight":1.0,"played":[0.0,1.0],"evs":[0.0,0.50953]},"63s":{"weight":1.0,"played":[0.0,1.0],"evs":[0.0,0.64084]},"64s":{"weight":1.0,"played":[0.0,1.0],"evs":[0.0,0.80375]},"65s":{"weight":1.0,"played":[0.0,1.0],"evs":[0.0,0.92344]},"66":{"weight":1.0,"played":[0.0,1.0],"evs":[0.0,1.68519]},"76o":{"weight":1.0,"played":[0.0,1.0],"evs":[0.0,0.61966]},"86o":{"weight":1.0,"played":[0.0,1.0],"evs":[0.0,0.57222]},"96o":{"weight":1.0,"played":[0.0,1.0],"evs":[0.0,0.45747]},"T6o":{"weight":1.0,"played":[0.0,1.0],"evs":[0.0,0.37111]},"J6o":{"weight":1.0,"played":[0.0,1.0],"evs":[0.0,0.30762]},"Q6o":{"weight":1.0,"played":[0.0,1.0],"evs":[0.0,0.4332]},"K6o":{"weight":1.0,"played":[0.0,1.0],"evs":[0.0,0.5019]},"A6o":{"weight":1.0,"played":[0.0,1.0],"evs":[0.0,0.74631]},"72s":{"weight":1.0,"played":[0.0,1.0],"evs":[0.0,0.40872]},"73s":{"weight":1.0,"played":[0.0,1.0],"evs":[0.0,0.54983]},"74s":{"weight":1.0,"played":[0.0,1.0],"evs":[0.0,0.71168]},"75s":{"weight":1.0,"played":[0.0,1.0],"evs":[0.0,0.84419]},"76s":{"weight":1.0,"played":[0.0,1.0],"evs":[0.0,0.99644]},"77":{"weight":1.0,"played":[0.0,1.0],"evs":[0.0,1.877]},"87o":{"weight":1.0,"played":[0.0,1.0],"evs":[0.0,0.69817]},"97o":{"weight":1.0,"played":[0.0,1.0],"evs":[0.0,0.59899]},"T7o":{"weight":1.0,"played":[0.0,1.0],"evs":[0.0,0.51087]},"J7o":{"weight":1.0,"played":[0.0,1.0],"evs":[0.0,0.47101]},"Q7o":{"weight":1.0,"played":[0.0,1.0],"evs":[0.0,0.45492]},"K7o":{"weight":1.0,"played":[0.0,1.0],"evs":[0.0,0.51807]},"A7o":{"weight":1.0,"played":[0.0,1.0],"evs":[0.0,0.87831]},"82s":{"weight":1.0,"played":[0.0,1.0],"evs":[0.0,0.49145]},"83s":{"weight":1.0,"played":[0.0,1.0],"evs":[0.0,0.49605]},"84s":{"weight":1.0,"played":[0.0,1.0],"evs":[0.0,0.64659]},"85s":{"weight":1.0,"played":[0.0,1.0],"evs":[0.0,0.76728]},"86s":{"weight":1.0,"played":[0.0,1.0],"evs":[0.0,0.94872]},"87s":{"weight":1.0,"played":[0.0,1.0],"evs":[0.0,1.06085]},"88":{"weight":1.0,"played":[0.0,1.0],"evs":[0.0,2.10883]},"98o":{"weight":1.0,"played":[0.0,1.0],"evs":[0.0,0.71249]},"T8o":{"weight":1.0,"played":[0.0,1.0],"evs":[0.0,0.65948]},"J8o":{"weight":1.0,"played":[0.0,1.0],"evs":[0.0,0.61353]},"Q8o":{"weight":1.0,"played":[0.0,1.0],"evs":[0.0,0.59371]},"K8o":{"weight":1.0,"played":[0.0,1.0],"evs":[0.0,0.56522]},"A8o":{"weight":1.0,"played":[0.0,1.0],"evs":[0.0,0.9983]},"92s":{"weight":1.0,"played":[0.0,1.0],"evs":[0.0,0.45333]},"93s":{"weight":1.0,"played":[0.0,1.0],"evs":[0.0,0.51311]},"94s":{"weight":1.0,"played":[0.0,1.0],"evs":[0.0,0.57732]},"95s":{"weight":1.0,"played":[0.0,1.0],"evs":[0.0,0.64362]},"96s":{"weight":1.0,"played":[0.0,1.0],"evs":[0.0,0.78209]},"97s":{"weight":1.0,"played":[0.0,1.0],"evs":[0.0,0.97193]},"98s":{"weight":1.0,"played":[0.0,1.0],"evs":[0.0,1.05716]},"99":{"weight":1.0,"played":[0.0,1.0],"evs":[0.0,2.36624]},"T9o":{"weight":1.0,"played":[0.0,1.0],"evs":[0.0,0.75617]},"J9o":{"weight":1.0,"played":[0.0,1.0],"evs":[0.0,0.67524]},"Q9o":{"weight":1.0,"played":[0.0,1.0],"evs":[0.0,0.68061]},"K9o":{"weight":1.0,"played":[0.0,1.0],"evs":[0.0,0.67968]},"A9o":{"weight":1.0,"played":[0.0,1.0],"evs":[0.0,1.17161]},"T2s":{"weight":1.0,"played":[0.0,1.0],"evs":[0.0,0.49072]},"T3s":{"weight":1.0,"played":[0.0,1.0],"evs":[0.0,0.54952]},"T4s":{"weight":1.0,"played":[0.0,1.0],"evs":[0.0,0.58097]},"T5s":{"weight":1.0,"played":[0.0,1.0],"evs":[0.0,0.60005]},"T6s":{"weight":1.0,"played":[0.0,1.0],"evs":[0.0,0.71694]},"T7s":{"weight":1.0,"played":[0.0,1.0],"evs":[0.0,0.87455]},"T8s":{"weight":1.0,"played":[0.0,1.0],"evs":[0.0,1.01108]},"T9s":{"weight":1.0,"played":[0.0,1.0],"evs":[0.0,1.11685]},"TT":{"weight":1.0,"played":[0.0,1.0],"evs":[0.0,2.80393]},"JTo":{"weight":1.0,"played":[0.0,1.0],"evs":[0.0,0.90203]},"QTo":{"weight":1.0,"played":[0.0,1.0],"evs":[0.0,0.91807]},"KTo":{"weight":1.0,"played":[0.0,1.0],"evs":[0.0,0.94687]},"ATo":{"weight":1.0,"played":[0.0,1.0],"evs":[0.0,1.61093]},"J2s":{"weight":1.0,"played":[0.0,1.0],"evs":[0.0,0.51949]},"J3s":{"weight":1.0,"played":[0.0,1.0],"evs":[0.0,0.61061]},"J4s":{"weight":1.0,"played":[0.0,1.0],"evs":[0.0,0.62129]},"J5s":{"weight":1.0,"played":[0.0,1.0],"evs":[0.0,0.65552]},"J6s":{"weight":1.0,"played":[0.0,1.0],"evs":[0.0,0.68027]},"J7s":{"weight":1.0,"played":[0.0,1.0],"evs":[0.0,0.81422]},"J8s":{"weight":1.0,"played":[0.0,1.0],"evs":[0.0,0.97049]},"J9s":{"weight":1.0,"played":[0.0,1.0],"evs":[0.0,1.01817]},"JTs":{"weight":1.0,"played":[0.0,1.0],"evs":[0.0,1.22013]},"JJ":{"weight":1.0,"played":[0.0,1.0],"evs":[0.0,3.29948]},"QJo":{"weight":1.0,"played":[0.0,1.0],"evs":[0.0,0.99459]},"KJo":{"weight":1.0,"played":[0.0,1.0],"evs":[0.0,1.13943]},"AJo":{"weight":1.0,"played":[0.0,1.0],"evs":[0.0,1.98673]},"Q2s":{"weight":1.0,"played":[0.0,1.0],"evs":[0.0,0.64629]},"Q3s":{"weight":1.0,"played":[0.0,1.0],"evs":[0.0,0.68189]},"Q4s":{"weight":1.0,"played":[0.0,1.0],"evs":[0.0,0.75939]},"Q5s":{"weight":1.0,"played":[0.0,1.0],"evs":[0.0,0.75879]},"Q6s":{"weight":1.0,"played":[0.0,1.0],"evs":[0.0,0.81961]},"Q7s":{"weight":1.0,"played":[0.0,1.0],"evs":[0.0,0.82766]},"Q8s":{"weight":1.0,"played":[0.0,1.0],"evs":[0.0,0.94996]},"Q9s":{"weight":1.0,"played":[0.0,1.0],"evs":[0.0,1.04389]},"QTs":{"weight":1.0,"played":[0.0,1.0],"evs":[0.0,1.2827]},"QJs":{"weight":1.0,"played":[0.0,1.0],"evs":[0.0,1.34976]},"QQ":{"weight":1.0,"played":[0.0,1.0],"evs":[0.0,3.84888]},"KQo":{"weight":1.0,"played":[0.0,1.0],"evs":[0.0,1.44424]},"AQo":{"weight":1.0,"played":[0.0,1.0],"evs":[0.0,2.38933]},"K2s":{"weight":1.0,"played":[0.0,1.0],"evs":[0.0,0.71627]},"K3s":{"weight":1.0,"played":[0.0,1.0],"evs":[0.0,0.72084]},"K4s":{"weight":1.0,"played":[0.0,1.0],"evs":[0.0,0.7787]},"K5s":{"weight":1.0,"played":[0.0,1.0],"evs":[0.0,0.83265]},"K6s":{"weight":1.0,"played":[0.0,1.0],"evs":[0.0,0.89783]},"K7s":{"weight":1.0,"played":[0.0,1.0],"evs":[0.0,0.90971]},"K8s":{"weight":1.0,"played":[0.0,1.0],"evs":[0.0,0.93942]},"K9s":{"weight":1.0,"played":[0.0,1.0],"evs":[0.0,1.04377]},"KTs":{"weight":1.0,"played":[0.0,1.0],"evs":[0.0,1.31773]},"KJs":{"weight":1.0,"played":[0.0,1.0],"evs":[0.0,1.51153]},"KQs":{"weight":1.0,"played":[0.0,1.0],"evs":[0.0,1.72523]},"KK":{"weight":1.0,"played":[0.0,1.0],"evs":[0.0,4.51008]},"AKo":{"weight":1.0,"played":[0.0,1.0],"evs":[0.0,2.84472]},"A2s":{"weight":1.0,"played":[0.0,1.0],"evs":[0.0,1.03622]},"A3s":{"weight":1.0,"played":[0.0,1.0],"evs":[0.0,1.06766]},"A4s":{"weight":1.0,"played":[0.0,1.0],"evs":[0.0,1.12263]},"A5s":{"weight":1.0,"played":[0.0,1.0],"evs":[0.0,1.21563]},"A6s":{"weight":1.0,"played":[0.0,1.0],"evs":[0.0,1.11988]},"A7s":{"weight":1.0,"played":[0.0,1.0],"evs":[0.0,1.24548]},"A8s":{"weight":1.0,"played":[0.0,1.0],"evs":[0.0,1.35103]},"A9s":{"weight":1.0,"played":[0.0,1.0],"evs":[0.0,1.51232]},"ATs":{"weight":1.0,"played":[0.0,1.0],"evs":[0.0,1.96349]},"AJs":{"weight":1.0,"played":[0.0,1.0],"evs":[0.0,2.2889]},"AQs":{"weight":1.0,"played":[0.0,1.0],"evs":[0.0,2.66394]},"AKs":{"weight":1.0,"played":[0.0,1.0],"evs":[0.0,3.09373]},"AA":{"weight":1.0,"played":[0.0,1.0],"evs":[0.0,5.74738]}}}