{"player":1,"street":0,"children":3,"sequence":[{"player":0,"type":"R","amount":26350000,"street":0}],"actions":[{"type":"F","amount":0,"node":104},{"type":"C","amount":26350000,"node":172},{"type":"R","amount":41950000,"node":231}],"hands":{"22":{"weight":1.0,"played":[1.0,0.0,0.0],"evs":[0.0,-0.77107,-0.77277]},"32o":{"weight":1.0,"played":[1.0,0.0,0.0],"evs":[0.0,-2.54828,-2.67662]},"42o":{"weight":1.0,"played":[1.0,0.0,0.0],"evs":[0.0,-2.5161,-2.63643]},"52o":{"weight":1.0,"played":[1.0,0.0,0.0],"evs":[0.0,-2.44482,-2.55448]},"62o":{"weight":1.0,"played":[1.0,0.0,0.0],"evs":[0.0,-2.55876,-2.69796]},"72o":{"weight":1.0,"played":[1.0,0.0,0.0],"evs":[0.0,-2.6629,-2.84]},"82o":{"weight":1.0,"played":[1.0,0.0,0.0],"evs":[0.0,-2.60897,-2.77605]},"92o":{"weight":1.0,"played":[1.0,0.0,0.0],"evs":[0.0,-2.53608,-2.68398]},"T2o":{"weight":1.0,"played":[1.0,0.0,0.0],"evs":[0.0,-2.4826,-2.60959]},"J2o":{"weight":1.0,"played":[1.0,0.0,0.0],"evs":[0.0,-2.42154,-2.5274]},"Q2o":{"weight":1.0,"played":[1.0,0.0,0.0],"evs":[0.0,-2.32229,-2.42536]},"K2o":{"weight":1.0,"played":[1.0,0.0,0.0],"evs":[0.0,-2.12898,-2.2134]},"A2o":{"weight":1.0,"played":[1.0,0.0,0.0],"evs":[0.0,-1.52008,-1.59504]},"32s":{"weight":1.0,"played":[1.0,0.0,0.0],"evs":[0.0,-2.06456,-2.10473]},"33":{"weight":1.0,"played":[1.0,0.0,0.0],"evs":[0.0,-0.68328,-0.68513]},"43o":{"weight":1.0,"played":[1.0,0.0,0.0],"evs":[0.0,-2.33999,-2.42346]},"53o":{"weight":1.0,"played":[1.0,0.0,0.0],"evs":[0.0,-2.25805,-2.32985]},"63o":{"weight":1.0,"played":[1.0,0.0,0.0],"evs":[0.0,-2.37512,-2.47405]},"73o":{"weight":1.0,"played":[1.0,0.0,0.0],"evs":[0.0,-2.47667,-2.61421]},"83o":{"weight":1.0,"played":[1.0,0.0,0.0],"evs":[0.0,-2.60013,-2.76462]},"93o":{"weight":1.0,"played":[1.0,0.0,0.0],"evs":[0.0,-2.492,-2.6309]},"T3o":{"weight":1.0,"played":[1.0,0.0,0.0],"evs":[0.0,-2.4355,-2.55285]},"J3o":{"weight":1.0,"played":[1.0,0.0,0.0],"evs":[0.0,-2.37795,-2.47726]},"Q3o":{"weight":1.0,"played":[1.0,0.0,0.0],"evs":[0.0,-2.27782,-2.37393]},"K3o":{"weight":1.0,"played":[1.0,0.0,0.0],"evs":[0.0,-2.08541,-2.1609]},"A3o":{"weight":1.0,"played":[1.0,0.0,0.0],"evs":[0.0,-1.47318,-1.53752]},"42s":{"weight":1.0,"played":[1.0,0.0,0.0],"evs":[0.0,-2.0396,-2.07208]},"43s":{"weight":1.0,"played":[1.0,0.0,0.0],"evs":[0.0,-1.86623,-1.87246]},"44":{"weight":1.0,"played":[1.0,0.0,0.0],"evs":[0.0,-0.59722,-0.59853]},"54o":{"weight":1.0,"played":[1.0,0.0,0.0],"evs":[0.0,-2.10342,-2.14273]},"64o":{"weight":1.0,"played":[1.0,0.0,0.0],"evs":[0.0,-2.21409,-2.28046]},"74o":{"weight":1.0,"played":[1.0,0.0,0.0],"evs":[0.0,-2.31596,-2.41792]},"84o":{"weight":1.0,"played":[1.0,0.0,0.0],"evs":[0.0,-2.43831,-2.56847]},"94o":{"weight":1.0,"played":[1.0,0.0,0.0],"evs":[0.0,-2.50568,-2.64529]},"T4o":{"weight":1.0,"played":[1.0,0.0,0.0],"evs":[0.0,-2.41141,-2.52288]},"J4o":{"weight":1.0,"played":[1.0,0.0,0.0],"evs":[0.0,-2.35076,-2.44088]},"Q4o":{"weight":1.0,"played":[1.0,0.0,0.0],"evs":[0.0,-2.25292,-2.34142]},"K4o":{"weight":1.0,"played":[1.0,0.0,0.0],"evs":[0.0,-2.06045,-2.1289]},"A4o":{"weight":1.0,"played":[1.0,0.0,0.0],"evs":[0.0,-1.43499,-1.49109]},"52s":{"weight":1.0,"played":[1.0,0.0,0.0],"evs":[0.0,-1.96517,-1.9878]},"53s":{"weight":1.0,"played":[1.0,0.0,0.0],"evs":[0.0,-1.7768,-1.77751]},"54s":{"weight":1.0,"played":[1.0,0.0,0.0],"evs":[0.0,-1.60044,-1.60094]},"55":{"weight":1.0,"played":[1.0,0.0,0.0],"evs":[0.0,-0.3923,-0.39345]},"65o":{"weight":1.0,"played":[1.0,0.0,0.0],"evs":[0.0,-2.02005,-2.05441]},"75o":{"weight":1.0,"played":[1.0,0.0,0.0],"evs":[0.0,-2.12238,-2.19208]},"85o":{"weight":1.0,"played":[1.0,0.0,0.0],"evs":[0.0,-2.25059,-2.34416]},"95o":{"weight":1.0,"played":[1.0,0.0,0.0],"evs":[0.0,-2.31994,-2.42362]},"T5o":{"weight":1.0,"played":[1.0,0.0,0.0],"evs":[0.0,-2.40097,-2.51095]},"J5o":{"weight":1.0,"played":[1.0,0.0,0.0],"evs":[0.0,-2.30006,-2.38298]},"Q5o":{"weight":1.0,"played":[1.0,0.0,0.0],"evs":[0.0,-2.19735,-2.27702]},"K5o":{"weight":1.0,"played":[1.0,0.0,0.0],"evs":[0.0,-2.00749,-2.06853]},"A5o":{"weight":1.0,"played":[1.0,0.0,0.0],"evs":[0.0,-1.35916,-1.41012]},"62s":{"weight":1.0,"played":[1.0,0.0,0.0],"evs":[0.0,-2.07822,-2.12898]},"63s":{"weight":1.0,"played":[1.0,0.0,0.0],"evs":[0.0,-1.89821,-1.91397]},"64s":{"weight":1.0,"played":[1.0,0.0,0.0],"evs":[0.0,-1.72374,-1.72437]},"65s":{"weight":1.0,"played":[1.0,0.0,0.0],"evs":[0.0,-1.518,-1.5187]},"66":{"weight":1.0,"played":[1.0,0.0,0.0],"evs":[0.0,-0.09308,-0.0947]},"76o":{"weight":1.0,"played":[1.0,0.0,0.0],"evs":[0.0,-1.91911,-1.96508]},"86o":{"weight":1.0,"played":[1.0,0.0,0.0],"evs":[0.0,-2.03667,-2.10618]},"96o":{"weight":1.0,"played":[1.0,0.0,0.0],"evs":[0.0,-2.10575,-2.18327]},"T6o":{"weight":1.0,"played":[1.0,0.0,0.0],"evs":[0.0,-2.18881,-2.27036]},"J6o":{"weight":1.0,"played":[1.0,0.0,0.0],"evs":[0.0,-2.26543,-2.35191]},"Q6o":{"weight":1.0,"played":[1.0,0.0,0.0],"evs":[0.0,-2.12885,-2.20419]},"K6o":{"weight":1.0,"played":[1.0,0.0,0.0],"evs":[0.0,-1.93375,-1.99037]},"A6o":{"weight":1.0,"played":[1.0,0.0,0.0],"evs":[0.0,-1.42715,-1.50849]},"72s":{"weight":1.0,"played":[1.0,0.0,0.0],"evs":[0.0,-2.17037,-2.25545]},"73s":{"weight":1.0,"played":[1.0,0.0,0.0],"evs":[0.0,-2.00182,-2.05195]},"74s":{"weight":1.0,"played":[1.0,0.0,0.0],"evs":[0.0,-1.84796,-1.86224]},"75s":{"weight":1.0,"played":[1.0,0.0,0.0],"evs":[0.0,-1.63937,-1.64054]},"76s":{"weight":1.0,"played":[1.0,0.0,0.0],"evs":[0.0,-1.43535,-1.43678]},"77":{"weight":1.0,"played":[0.0,0.4663,0.5337],"evs":[0.0,0.18566,0.18265]},"87o":{"weight":1.0,"played":[1.0,0.0,0.0],"evs":[0.0,-1.86483,-1.91827]},"97o":{"weight":1.0,"played":[1.0,0.0,0.0],"evs":[0.0,-1.92099,-1.98146]},"T7o":{"weight":1.0,"played":[1.0,0.0,0.0],"evs":[0.0,-2.00004,-2.06229]},"J7o":{"weight":1.0,"played":[1.0,0.0,0.0],"evs":[0.0,-2.07616,-2.14435]},"Q7o":{"weight":1.0,"played":[1.0,0.0,0.0],"evs":[0.0,-2.11357,-2.19683]},"K7o":{"weight":1.0,"played":[1.0,0.0,0.0],"evs":[0.0,-1.88709,-1.94687]},"A7o":{"weight":1.0,"played":[1.0,0.0,0.0],"evs":[0.0,-1.28417,-1.35958]},"82s":{"weight":1.0,"played":[1.0,0.0,0.0],"evs":[0.0,-2.11881,-2.19403]},"83s":{"weight":1.0,"played":[1.0,0.0,0.0],"evs":[0.0,-2.11306,-2.18679]},"84s":{"weight":1.0,"played":[1.0,0.0,0.0],"evs":[0.0,-1.9583,-2.0016]},"85s":{"weight":1.0,"played":[1.0,0.0,0.0],"evs":[0.0,-1.77456,-1.78686]},"86s":{"weight":1.0,"played":[1.0,0.0,0.0],"evs":[0.0,-1.55993,-1.56313]},"87s":{"weight":1.0,"played":[1.0,0.0,0.0],"evs":[0.0,-1.38723,-1.38839]},"88":{"weight":1.0,"played":[0.0,0.8809,0.1191],"evs":[0.0,0.56804,0.56559]},"98o":{"weight":1.0,"played":[1.0,0.0,0.0],"evs":[0.0,-1.80376,-1.85389]},"T8o":{"weight":1.0,"played":[1.0,0.0,0.0],"evs":[0.0,-1.85958,-1.90345]},"J8o":{"weight":1.0,"played":[1.0,0.0,0.0],"evs":[0.0,-1.94307,-1.99101]},"Q8o":{"weight":1.0,"played":[1.0,0.0,0.0],"evs":[0.0,-1.98856,-2.0556]},"K8o":{"weight":1.0,"played":[1.0,0.0,0.0],"evs":[0.0,-1.91619,-1.98273]},"A8o":{"weight":1.0,"played":[1.0,0.0,0.0],"evs":[0.0,-1.03106,-1.10289]},"92s":{"weight":1.0,"played":[1.0,0.0,0.0],"evs":[0.0,-2.04695,-2.10659]},"93s":{"weight":1.0,"played":[1.0,0.0,0.0],"evs":[0.0,-2.00233,-2.0547]},"94s":{"weight":1.0,"played":[1.0,0.0,0.0],"evs":[0.0,-2.01558,-2.06936]},"95s":{"weight":1.0,"played":[1.0,0.0,0.0],"evs":[0.0,-1.83569,-1.85652]},"96s":{"weight":1.0,"played":[1.0,0.0,0.0],"evs":[0.0,-1.63214,-1.63707]},"97s":{"weight":1.0,"played":[1.0,0.0,0.0],"evs":[0.0,-1.44411,-1.44526]},"98s":{"weight":1.0,"played":[1.0,0.0,0.0],"evs":[0.0,-1.32364,-1.32546]},"99":{"weight":1.0,"played":[0.0,0.5309,0.4691],"evs":[0.0,1.06644,1.06607]},"T9o":{"weight":1.0,"played":[1.0,0.0,0.0],"evs":[0.0,-1.64613,-1.65992]},"J9o":{"weight":1.0,"played":[1.0,0.0,0.0],"evs":[0.0,-1.7248,-1.73942]},"Q9o":{"weight":1.0,"played":[1.0,0.0,0.0],"evs":[0.0,-1.76891,-1.80232]},"K9o":{"weight":1.0,"played":[1.0,0.0,0.0],"evs":[0.0,-1.70451,-1.73889]},"A9o":{"weight":1.0,"played":[1.0,0.0,0.0],"evs":[0.0,-0.62922,-0.68022]},"T2s":{"weight":1.0,"played":[1.0,0.0,0.0],"evs":[0.0,-1.99282,-2.03514]},"T3s":{"weight":1.0,"played":[1.0,0.0,0.0],"evs":[0.0,-1.94925,-1.97986]},"T4s":{"weight":1.0,"played":[1.0,0.0,0.0],"evs":[0.0,-1.92372,-1.94829]},"T5s":{"weight":1.0,"played":[1.0,0.0,0.0],"evs":[0.0,-1.91157,-1.93551]},"T6s":{"weight":1.0,"played":[1.0,0.0,0.0],"evs":[0.0,-1.7017,-1.70959]},"T7s":{"weight":1.0,"played":[1.0,0.0,0.0],"evs":[0.0,-1.51507,-1.51563]},"T8s":{"weight":1.0,"played":[1.0,0.0,0.0],"evs":[0.0,-1.36487,-1.36676]},"T9s":{"weight":1.0,"played":[1.0,0.0,0.0],"evs":[0.0,-1.13954,-1.14109]},"TT":{"weight":1.0,"played":[0.0,0.6578,0.3422],"evs":[0.0,1.70535,1.70492]},"JTo":{"weight":1.0,"played":[1.0,0.0,0.0],"evs":[0.0,-1.45434,-1.45705]},"QTo":{"weight":1.0,"played":[1.0,0.0,0.0],"evs":[0.0,-1.46129,-1.46324]},"KTo":{"weight":1.0,"played":[1.0,0.0,0.0],"evs":[0.0,-1.36002,-1.3631]},"ATo":{"weight":1.0,"played":[0.0041,0.668,0.3279],"evs":[0.0,0.0187,0.01869]},"J2s":{"weight":1.0,"played":[1.0,0.0,0.0],"evs":[0.0,-1.92846,-1.95204]},"J3s":{"weight":1.0,"played":[1.0,0.0,0.0],"evs":[0.0,-1.89144,-1.90559]},"J4s":{"weight":1.0,"played":[1.0,0.0,0.0],"evs":[0.0,-1.86147,-1.87019]},"J5s":{"weight":1.0,"played":[1.0,0.0,0.0],"evs":[0.0,-1.81664,-1.82455]},"J6s":{"weight":1.0,"played":[1.0,0.0,0.0],"evs":[0.0,-1.78479,-1.79312]},"J7s":{"weight":1.0,"played":[1.0,0.0,0.0],"evs":[0.0,-1.59134,-1.59304]},"J8s":{"weight":1.0,"played":[1.0,0.0,0.0],"evs":[0.0,-1.44114,-1.44314]},"J9s":{"weight":1.0,"played":[1.0,0.0,0.0],"evs":[0.0,-1.2154,-1.21668]},"JTs":{"weight":1.0,"played":[1.0,0.0,0.0],"evs":[0.0,-0.94142,-0.94316]},"JJ":{"weight":1.0,"played":[0.0,0.8508,0.1492],"evs":[0.0,2.3506,2.35034]},"QJo":{"weight":1.0,"played":[1.0,0.0,0.0],"evs":[0.0,-1.30665,-1.30884]},"KJo":{"weight":1.0,"played":[1.0,0.0,0.0],"evs":[0.0,-1.08429,-1.0863]},"AJo":{"weight":1.0,"played":[0.0,0.6807,0.3193],"evs":[0.0,0.59153,0.59068]},"Q2s":{"weight":1.0,"played":[1.0,0.0,0.0],"evs":[0.0,-1.8292,-1.84855]},"Q3s":{"weight":1.0,"played":[1.0,0.0,0.0],"evs":[0.0,-1.79236,-1.80403]},"Q4s":{"weight":1.0,"played":[1.0,0.0,0.0],"evs":[0.0,-1.76022,-1.76457]},"Q5s":{"weight":1.0,"played":[1.0,0.0,0.0],"evs":[0.0,-1.71463,-1.71629]},"Q6s":{"weight":1.0,"played":[1.0,0.0,0.0],"evs":[0.0,-1.64337,-1.64501]},"Q7s":{"weight":1.0,"played":[1.0,0.0,0.0],"evs":[0.0,-1.63087,-1.63258]},"Q8s":{"weight":1.0,"played":[1.0,0.0,0.0],"evs":[0.0,-1.50485,-1.50629]},"Q9s":{"weight":1.0,"played":[1.0,0.0,0.0],"evs":[0.0,-1.26666,-1.26794]},"QTs":{"weight":1.0,"played":[1.0,0.0,0.0],"evs":[0.0,-0.93917,-0.94032]},"QJs":{"weight":1.0,"played":[1.0,0.0,0.0],"evs":[0.0,-0.79179,-0.79258]},"QQ":{"weight":1.0,"played":[0.0,0.3364,0.6636],"evs":[0.0,3.17397,3.1741]},"KQo":{"weight":1.0,"played":[1.0,0.0,0.0],"evs":[0.0,-0.63686,-0.63813]},"AQo":{"weight":1.0,"played":[0.0,0.7511,0.2489],"evs":[0.0,1.2816,1.28101]},"K2s":{"weight":1.0,"played":[1.0,0.0,0.0],"evs":[0.0,-1.63867,-1.64902]},"K3s":{"weight":1.0,"played":[1.0,0.0,0.0],"evs":[0.0,-1.5909,-1.59694]},"K4s":{"weight":1.0,"played":[1.0,0.0,0.0],"evs":[0.0,-1.5573,-1.55902]},"K5s":{"weight":1.0,"played":[1.0,0.0,0.0],"evs":[0.0,-1.503,-1.50484]},"K6s":{"weight":1.0,"played":[1.0,0.0,0.0],"evs":[0.0,-1.43596,-1.43763]},"K7s":{"weight":1.0,"played":[1.0,0.0,0.0],"evs":[0.0,-1.38863,-1.39062]},"K8s":{"weight":1.0,"played":[1.0,0.0,0.0],"evs":[0.0,-1.41873,-1.42211]},"K9s":{"weight":1.0,"played":[1.0,0.0,0.0],"evs":[0.0,-1.19606,-1.19764]},"KTs":{"weight":1.0,"played":[1.0,0.0,0.0],"evs":[0.0,-0.83865,-0.8403]},"KJs":{"weight":1.0,"played":[1.0,0.0,0.0],"evs":[0.0,-0.59118,-0.59249]},"KQs":{"weight":1.0,"played":[1.0,0.0,0.0],"evs":[0.0,-0.17142,-0.17136]},"KK":{"weight":1.0,"played":[0.0,0.7079,0.2921],"evs":[0.0,4.13871,4.13851]},"AKo":{"weight":1.0,"played":[0.0,0.6334,0.3666],"evs":[0.0,2.05498,2.05464]},"A2s":{"weight":1.0,"played":[1.0,0.0,0.0],"evs":[0.0,-1.03859,-1.03916]},"A3s":{"weight":1.0,"played":[1.0,0.0,0.0],"evs":[0.0,-1.00141,-1.00222]},"A4s":{"weight":1.0,"played":[1.0,0.0,0.0],"evs":[0.0,-0.94736,-0.94791]},"A5s":{"weight":1.0,"played":[1.0,0.0,0.0],"evs":[0.0,-0.86695,-0.86748]},"A6s":{"weight":1.0,"played":[1.0,0.0,0.0],"evs":[0.0,-0.95784,-0.95747]},"A7s":{"weight":1.0,"played":[1.0,0.0,0.0],"evs":[0.0,-0.82001,-0.82081]},"A8s":{"weight":1.0,"played":[1.0,0.0,0.0],"evs":[0.0,-0.59252,-0.59281]},"A9s":{"weight":1.0,"played":[1.0,0.0,0.0],"evs":[0.0,-0.18587,-0.18592]},"ATs":{"weight":1.0,"played":[0.0,0.6081,0.3919],"evs":[0.0,0.45098,0.45065]},"AJs":{"weight":1.0,"played":[0.0,0.0177,0.9823],"evs":[0.0,0.99561,0.99629]},"AQs":{"weight":1.0,"played":[0.0,0.919,0.081],"evs":[0.0,1.63047,1.63018]},"AKs":{"weight":1.0,"played":[0.0,0.4466,0.5534],"evs":[0.0,2.34952,2.34935]},"AA":{"weight":1.0,"played":[0.0,0.6626,0.3374],"evs":[0.0,6.0558,6.05568]}}}