{"player":6,"street":0,"children":2,"sequence":[{"player":0,"type":"R","amount":26350000,"street":0},{"player":1,"type":"F","amount":0,"street":0},{"player":2,"type":"F","amount":0,"street":0},{"player":3,"type":"F","amount":0,"street":0},{"player":4,"type":"R","amount":61485900,"street":0},{"player":5,"type":"F","amount":0,"street":0}],"actions":[{"type":"F","amount":0},{"type":"C","amount":56485900}],"hands":{"22":{"weight":1.0,"played":[1.0,0.0],"evs":[0.0,-4.89638]},"32o":{"weight":1.0,"played":[1.0,0.0],"evs":[0.0,-7.80811]},"42o":{"weight":1.0,"played":[1.0,0.0],"evs":[0.0,-7.63333]},"52o":{"weight":1.0,"played":[1.0,0.0],"evs":[0.0,-7.4302]},"62o":{"weight":1.0,"played":[1.0,0.0],"evs":[0.0,-7.59959]},"72o":{"weight":1.0,"played":[1.0,0.0],"evs":[0.0,-7.7658]},"82o":{"weight":1.0,"played":[1.0,0.0],"evs":[0.0,-7.58819]},"92o":{"weight":1.0,"played":[1.0,0.0],"evs":[0.0,-7.32938]},"T2o":{"weight":1.0,"played":[1.0,0.0],"evs":[0.0,-7.11133]},"J2o":{"weight":1.0,"played":[1.0,0.0],"evs":[0.0,-7.11003]},"Q2o":{"weight":1.0,"played":[1.0,0.0],"evs":[0.0,-6.85694]},"K2o":{"weight":1.0,"played":[1.0,0.0],"evs":[0.0,-6.51443]},"A2o":{"weight":1.0,"played":[1.0,0.0],"evs":[0.0,-6.91117]},"32s":{"weight":1.0,"played":[1.0,0.0],"evs":[0.0,-6.66327]},"33":{"weight":1.0,"played":[1.0,0.0],"evs":[0.0,-4.76196]},"43o":{"weight":1.0,"played":[1.0,0.0],"evs":[0.0,-7.25081]},"53o":{"weight":1.0,"played":[1.0,0.0],"evs":[0.0,-7.00482]},"63o":{"weight":1.0,"played":[1.0,0.0],"evs":[0.0,-7.18573]},"73o":{"weight":1.0,"played":[1.0,0.0],"evs":[0.0,-7.37151]},"83o":{"weight":1.0,"played":[1.0,0.0],"evs":[0.0,-7.54959]},"93o":{"weight":1.0,"played":[1.0,0.0],"evs":[0.0,-7.19777]},"T3o":{"weight":1.0,"played":[1.0,0.0],"evs":[0.0,-7.00173]},"J3o":{"weight":1.0,"played":[1.0,0.0],"evs":[0.0,-6.97065]},"Q3o":{"weight":1.0,"played":[1.0,0.0],"evs":[0.0,-6.74513]},"K3o":{"weight":1.0,"played":[1.0,0.0],"evs":[0.0,-6.37583]},"A3o":{"weight":1.0,"played":[1.0,0.0],"evs":[0.0,-6.81398]},"42s":{"weight":1.0,"played":[1.0,0.0],"evs":[0.0,-6.52201]},"43s":{"weight":1.0,"played":[1.0,0.0],"evs":[0.0,-6.2271]},"44":{"weight":1.0,"played":[1.0,0.0],"evs":[0.0,-4.50909]},"54o":{"weight":1.0,"played":[1.0,0.0],"evs":[0.0,-6.63958]},"64o":{"weight":1.0,"played":[1.0,0.0],"evs":[0.0,-6.79444]},"74o":{"weight":1.0,"played":[1.0,0.0],"evs":[0.0,-6.96334]},"84o":{"weight":1.0,"played":[1.0,0.0],"evs":[0.0,-7.15535]},"94o":{"weight":1.0,"played":[1.0,0.0],"evs":[0.0,-7.19686]},"T4o":{"weight":1.0,"played":[1.0,0.0],"evs":[0.0,-6.91853]},"J4o":{"weight":1.0,"played":[1.0,0.0],"evs":[0.0,-6.88566]},"Q4o":{"weight":1.0,"played":[1.0,0.0],"evs":[0.0,-6.62788]},"K4o":{"weight":1.0,"played":[1.0,0.0],"evs":[0.0,-6.28654]},"A4o":{"weight":1.0,"played":[1.0,0.0],"evs":[0.0,-6.63401]},"52s":{"weight":1.0,"played":[1.0,0.0],"evs":[0.0,-6.27544]},"53s":{"weight":1.0,"played":[1.0,0.0],"evs":[0.0,-5.99791]},"54s":{"weight":1.0,"played":[1.0,0.0],"evs":[0.0,-5.6083]},"55":{"weight":1.0,"played":[1.0,0.0],"evs":[0.0,-3.91985]},"65o":{"weight":1.0,"played":[1.0,0.0],"evs":[0.0,-6.35493]},"75o":{"weight":1.0,"played":[1.0,0.0],"evs":[0.0,-6.50876]},"85o":{"weight":1.0,"played":[1.0,0.0],"evs":[0.0,-6.68799]},"95o":{"weight":1.0,"played":[1.0,0.0],"evs":[0.0,-6.7457]},"T5o":{"weight":1.0,"played":[1.0,0.0],"evs":[0.0,-6.8712]},"J5o":{"weight":1.0,"played":[1.0,0.0],"evs":[0.0,-6.73352]},"Q5o":{"weight":1.0,"played":[1.0,0.0],"evs":[0.0,-6.53171]},"K5o":{"weight":1.0,"played":[1.0,0.0],"evs":[0.0,-6.09995]},"A5o":{"weight":1.0,"played":[1.0,0.0],"evs":[0.0,-6.5104]},"62s":{"weight":1.0,"played":[1.0,0.0],"evs":[0.0,-6.55114]},"63s":{"weight":1.0,"played":[1.0,0.0],"evs":[0.0,-6.15822]},"64s":{"weight":1.0,"played":[1.0,0.0],"evs":[0.0,-5.76433]},"65s":{"weight":1.0,"played":[1.0,0.0],"evs":[0.0,-5.35903]},"66":{"weight":1.0,"played":[1.0,0.0],"evs":[0.0,-2.99944]},"76o":{"weight":1.0,"played":[1.0,0.0],"evs":[0.0,-5.98777]},"86o":{"weight":1.0,"played":[1.0,0.0],"evs":[0.0,-6.16312]},"96o":{"weight":1.0,"played":[1.0,0.0],"evs":[0.0,-6.23458]},"T6o":{"weight":1.0,"played":[1.0,0.0],"evs":[0.0,-6.32011]},"J6o":{"weight":1.0,"played":[1.0,0.0],"evs":[0.0,-6.59313]},"Q6o":{"weight":1.0,"played":[1.0,0.0],"evs":[0.0,-6.27047]},"K6o":{"weight":1.0,"played":[1.0,0.0],"evs":[0.0,-5.91351]},"A6o":{"weight":1.0,"played":[1.0,0.0],"evs":[0.0,-6.69514]},"72s":{"weight":1.0,"played":[1.0,0.0],"evs":[0.0,-6.67447]},"73s":{"weight":1.0,"played":[1.0,0.0],"evs":[0.0,-6.2468]},"74s":{"weight":1.0,"played":[1.0,0.0],"evs":[0.0,-5.92725]},"75s":{"weight":1.0,"played":[1.0,0.0],"evs":[0.0,-5.5325]},"76s":{"weight":1.0,"played":[1.0,0.0],"evs":[0.0,-4.97077]},"77":{"weight":1.0,"played":[1.0,0.0],"evs":[0.0,-2.14105]},"87o":{"weight":1.0,"played":[1.0,0.0],"evs":[0.0,-5.75259]},"97o":{"weight":1.0,"played":[1.0,0.0],"evs":[0.0,-5.79583]},"T7o":{"weight":1.0,"played":[1.0,0.0],"evs":[0.0,-5.89302]},"J7o":{"weight":1.0,"played":[1.0,0.0],"evs":[0.0,-6.09524]},"Q7o":{"weight":1.0,"played":[1.0,0.0],"evs":[0.0,-6.12089]},"K7o":{"weight":1.0,"played":[1.0,0.0],"evs":[0.0,-5.73988]},"A7o":{"weight":1.0,"played":[1.0,0.0],"evs":[0.0,-6.35375]},"82s":{"weight":1.0,"played":[1.0,0.0],"evs":[0.0,-6.49982]},"83s":{"weight":1.0,"played":[1.0,0.0],"evs":[0.0,-6.43049]},"84s":{"weight":1.0,"played":[1.0,0.0],"evs":[0.0,-6.07742]},"85s":{"weight":1.0,"played":[1.0,0.0],"evs":[0.0,-5.6853]},"86s":{"weight":1.0,"played":[1.0,0.0],"evs":[0.0,-5.13898]},"87s":{"weight":1.0,"played":[1.0,0.0],"evs":[0.0,-4.74724]},"88":{"weight":1.0,"played":[1.0,0.0],"evs":[0.0,-1.18996]},"98o":{"weight":1.0,"played":[1.0,0.0],"evs":[0.0,-5.45178]},"T8o":{"weight":1.0,"played":[1.0,0.0],"evs":[0.0,-5.42785]},"J8o":{"weight":1.0,"played":[1.0,0.0],"evs":[0.0,-5.74624]},"Q8o":{"weight":1.0,"played":[1.0,0.0],"evs":[0.0,-5.74933]},"K8o":{"weight":1.0,"played":[1.0,0.0],"evs":[0.0,-5.69823]},"A8o":{"weight":1.0,"played":[1.0,0.0],"evs":[0.0,-6.05285]},"92s":{"weight":1.0,"played":[1.0,0.0],"evs":[0.0,-6.21336]},"93s":{"weight":1.0,"played":[1.0,0.0],"evs":[0.0,-6.11882]},"94s":{"weight":1.0,"played":[1.0,0.0],"evs":[0.0,-6.07536]},"95s":{"weight":1.0,"played":[1.0,0.0],"evs":[0.0,-5.71315]},"96s":{"weight":1.0,"played":[1.0,0.0],"evs":[0.0,-5.173]},"97s":{"weight":1.0,"played":[1.0,0.0],"evs":[0.0,-4.73435]},"98s":{"weight":1.0,"played":[1.0,0.0],"evs":[0.0,-4.4481]},"99":{"weight":1.0,"played":[0.9962,0.0038],"evs":[0.0,-0.04981]},"T9o":{"weight":1.0,"played":[1.0,0.0],"evs":[0.0,-4.93436]},"J9o":{"weight":1.0,"played":[1.0,0.0],"evs":[0.0,-5.20024]},"Q9o":{"weight":1.0,"played":[1.0,0.0],"evs":[0.0,-5.18802]},"K9o":{"weight":1.0,"played":[1.0,0.0],"evs":[0.0,-5.21704]},"A9o":{"weight":1.0,"played":[1.0,0.0],"evs":[0.0,-5.54497]},"T2s":{"weight":1.0,"played":[1.0,0.0],"evs":[0.0,-6.01592]},"T3s":{"weight":1.0,"played":[1.0,0.0],"evs":[0.0,-5.92964]},"T4s":{"weight":1.0,"played":[1.0,0.0],"evs":[0.0,-5.81449]},"T5s":{"weight":1.0,"played":[1.0,0.0],"evs":[0.0,-5.7523]},"T6s":{"weight":1.0,"played":[1.0,0.0],"evs":[0.0,-5.29272]},"T7s":{"weight":1.0,"played":[1.0,0.0],"evs":[0.0,-4.87177]},"T8s":{"weight":1.0,"played":[1.0,0.0],"evs":[0.0,-4.50318]},"T9s":{"weight":1.0,"played":[1.0,0.0],"evs":[0.0,-3.93023]},"TT":{"weight":1.0,"played":[0.0,1.0],"evs":[0.0,1.37635]},"JTo":{"weight":1.0,"played":[1.0,0.0],"evs":[0.0,-4.52247]},"QTo":{"weight":1.0,"played":[1.0,0.0],"evs":[0.0,-4.50222]},"KTo":{"weight":1.0,"played":[1.0,0.0],"evs":[0.0,-4.52555]},"ATo":{"weight":1.0,"played":[1.0,0.0],"evs":[0.0,-4.57487]},"J2s":{"weight":1.0,"played":[1.0,0.0],"evs":[0.0,-6.04217]},"J3s":{"weight":1.0,"played":[1.0,0.0],"evs":[0.0,-5.8893]},"J4s":{"weight":1.0,"played":[1.0,0.0],"evs":[0.0,-5.81401]},"J5s":{"weight":1.0,"played":[1.0,0.0],"evs":[0.0,-5.66469]},"J6s":{"weight":1.0,"played":[1.0,0.0],"evs":[0.0,-5.55368]},"J7s":{"weight":1.0,"played":[1.0,0.0],"evs":[0.0,-5.0531]},"J8s":{"weight":1.0,"played":[1.0,0.0],"evs":[0.0,-4.72995]},"J9s":{"weight":1.0,"played":[1.0,0.0],"evs":[0.0,-4.18237]},"JTs":{"weight":1.0,"played":[1.0,0.0],"evs":[0.0,-3.55294]},"JJ":{"weight":1.0,"played":[0.0,1.0],"evs":[0.0,2.93948]},"QJo":{"weight":1.0,"played":[1.0,0.0],"evs":[0.0,-4.46284]},"KJo":{"weight":1.0,"played":[1.0,0.0],"evs":[0.0,-4.46734]},"AJo":{"weight":1.0,"played":[1.0,0.0],"evs":[0.0,-3.32831]},"Q2s":{"weight":1.0,"played":[1.0,0.0],"evs":[0.0,-5.70468]},"Q3s":{"weight":1.0,"played":[1.0,0.0],"evs":[0.0,-5.65656]},"Q4s":{"weight":1.0,"played":[1.0,0.0],"evs":[0.0,-5.5126]},"Q5s":{"weight":1.0,"played":[1.0,0.0],"evs":[0.0,-5.38955]},"Q6s":{"weight":1.0,"played":[1.0,0.0],"evs":[0.0,-5.21003]},"Q7s":{"weight":1.0,"played":[1.0,0.0],"evs":[0.0,-5.05703]},"Q8s":{"weight":1.0,"played":[1.0,0.0],"evs":[0.0,-4.77211]},"Q9s":{"weight":1.0,"played":[1.0,0.0],"evs":[0.0,-4.21733]},"QTs":{"weight":1.0,"played":[1.0,0.0],"evs":[0.0,-3.61488]},"QJs":{"weight":1.0,"played":[1.0,0.0],"evs":[0.0,-3.56096]},"QQ":{"weight":1.0,"played":[0.0,1.0],"evs":[0.0,4.96351]},"KQo":{"weight":1.0,"played":[1.0,0.0],"evs":[0.0,-3.8935]},"AQo":{"weight":1.0,"played":[1.0,0.0],"evs":[0.0,-1.52958]},"K2s":{"weight":1.0,"played":[1.0,0.0],"evs":[0.0,-5.38405]},"K3s":{"weight":1.0,"played":[1.0,0.0],"evs":[0.0,-5.3958]},"K4s":{"weight":1.0,"played":[1.0,0.0],"evs":[0.0,-5.23419]},"K5s":{"weight":1.0,"played":[1.0,0.0],"evs":[0.0,-5.04271]},"K6s":{"weight":1.0,"played":[1.0,0.0],"evs":[0.0,-4.92868]},"K7s":{"weight":1.0,"played":[1.0,0.0],"evs":[0.0,-4.72684]},"K8s":{"weight":1.0,"played":[1.0,0.0],"evs":[0.0,-4.65956]},"K9s":{"weight":1.0,"played":[1.0,0.0],"evs":[0.0,-4.15184]},"KTs":{"weight":1.0,"played":[1.0,0.0],"evs":[0.0,-3.61225]},"KJs":{"weight":1.0,"played":[1.0,0.0],"evs":[0.0,-3.54703]},"KQs":{"weight":1.0,"played":[1.0,0.0],"evs":[0.0,-2.99606]},"KK":{"weight":1.0,"played":[0.0,1.0],"evs":[0.0,6.08967]},"AKo":{"weight":1.0,"played":[0.8974,0.1026],"evs":[0.0,-0.02999]},"A2s":{"weight":1.0,"played":[1.0,0.0],"evs":[0.0,-5.72289]},"A3s":{"weight":1.0,"played":[1.0,0.0],"evs":[0.0,-5.67874]},"A4s":{"weight":1.0,"played":[1.0,0.0],"evs":[0.0,-5.57697]},"A5s":{"weight":1.0,"played":[1.0,0.0],"evs":[0.0,-5.38004]},"A6s":{"weight":1.0,"played":[1.0,0.0],"evs":[0.0,-5.57979]},"A7s":{"weight":1.0,"played":[1.0,0.0],"evs":[0.0,-5.2756]},"A8s":{"weight":1.0,"played":[1.0,0.0],"evs":[0.0,-4.87126]},"A9s":{"weight":1.0,"played":[1.0,0.0],"evs":[0.0,-4.41877]},"ATs":{"weight":1.0,"played":[1.0,0.0],"evs":[0.0,-3.466]},"AJs":{"weight":1.0,"played":[1.0,0.0],"evs":[0.0,-2.3367]},"AQs":{"weight":1.0,"played":[1.0,0.0],"evs":[0.0,-0.71459]},"AKs":{"weight":1.0,"played":[0.0,1.0],"evs":[0.0,0.65544]},"AA":{"weight":1.0,"played":[0.0,1.0],"evs":[0.0,8.71388]}}}