{"player":5,"street":0,"children":2,"sequence":[{"player":0,"type":"R","amount":26350000,"street":0},{"player":1,"type":"F","amount":0,"street":0},{"player":2,"type":"F","amount":0,"street":0},{"player":3,"type":"C","amount":4130000,"street":0},{"player":4,"type":"C","amount":26350000,"street":0}],"actions":[{"type":"F","amount":0,"node":123},{"type":"C","amount":14516800,"node":125}],"hands":{"22":{"weight":1.0,"played":[1.0,0.0],"evs":[0.0,-1.0481]},"32o":{"weight":1.0,"played":[1.0,0.0],"evs":[0.0,-2.17934]},"42o":{"weight":1.0,"played":[1.0,0.0],"evs":[0.0,-2.12416]},"52o":{"weight":1.0,"played":[1.0,0.0],"evs":[0.0,-2.0433]},"62o":{"weight":1.0,"played":[1.0,0.0],"evs":[0.0,-2.15108]},"72o":{"weight":1.0,"played":[1.0,0.0],"evs":[0.0,-2.38311]},"82o":{"weight":1.0,"played":[1.0,0.0],"evs":[0.0,-2.40286]},"92o":{"weight":1.0,"played":[1.0,0.0],"evs":[0.0,-2.51805]},"T2o":{"weight":1.0,"played":[1.0,0.0],"evs":[0.0,-2.44569]},"J2o":{"weight":1.0,"played":[1.0,0.0],"evs":[0.0,-2.17821]},"Q2o":{"weight":1.0,"played":[1.0,0.0],"evs":[0.0,-2.15014]},"K2o":{"weight":1.0,"played":[1.0,0.0],"evs":[0.0,-2.02875]},"A2o":{"weight":1.0,"played":[1.0,0.0],"evs":[0.0,-2.51617]},"32s":{"weight":1.0,"played":[1.0,0.0],"evs":[0.0,-1.57096]},"33":{"weight":1.0,"played":[1.0,0.0],"evs":[0.0,-0.84959]},"43o":{"weight":1.0,"played":[1.0,0.0],"evs":[0.0,-1.84176]},"53o":{"weight":1.0,"played":[1.0,0.0],"evs":[0.0,-1.76948]},"63o":{"weight":1.0,"played":[1.0,0.0],"evs":[0.0,-1.88141]},"73o":{"weight":1.0,"played":[1.0,0.0],"evs":[0.0,-2.10958]},"83o":{"weight":1.0,"played":[1.0,0.0],"evs":[0.0,-2.38148]},"93o":{"weight":1.0,"played":[1.0,0.0],"evs":[0.0,-2.41673]},"T3o":{"weight":1.0,"played":[1.0,0.0],"evs":[0.0,-2.31388]},"J3o":{"weight":1.0,"played":[1.0,0.0],"evs":[0.0,-2.07808]},"Q3o":{"weight":1.0,"played":[1.0,0.0],"evs":[0.0,-2.07207]},"K3o":{"weight":1.0,"played":[1.0,0.0],"evs":[0.0,-1.94455]},"A3o":{"weight":1.0,"played":[1.0,0.0],"evs":[0.0,-2.36695]},"42s":{"weight":1.0,"played":[1.0,0.0],"evs":[0.0,-1.51379]},"43s":{"weight":1.0,"played":[1.0,0.0],"evs":[0.0,-1.28467]},"44":{"weight":1.0,"played":[1.0,0.0],"evs":[0.0,-0.76903]},"54o":{"weight":1.0,"played":[1.0,0.0],"evs":[0.0,-1.54472]},"64o":{"weight":1.0,"played":[1.0,0.0],"evs":[0.0,-1.62568]},"74o":{"weight":1.0,"played":[1.0,0.0],"evs":[0.0,-1.85828]},"84o":{"weight":1.0,"played":[1.0,0.0],"evs":[0.0,-2.09733]},"94o":{"weight":1.0,"played":[1.0,0.0],"evs":[0.0,-2.37909]},"T4o":{"weight":1.0,"played":[1.0,0.0],"evs":[0.0,-2.26467]},"J4o":{"weight":1.0,"played":[1.0,0.0],"evs":[0.0,-2.03346]},"Q4o":{"weight":1.0,"played":[1.0,0.0],"evs":[0.0,-1.95122]},"K4o":{"weight":1.0,"played":[1.0,0.0],"evs":[0.0,-1.87788]},"A4o":{"weight":1.0,"played":[1.0,0.0],"evs":[0.0,-2.30552]},"52s":{"weight":1.0,"played":[1.0,0.0],"evs":[0.0,-1.44538]},"53s":{"weight":1.0,"played":[1.0,0.0],"evs":[0.0,-1.15161]},"54s":{"weight":1.0,"played":[1.0,0.0],"evs":[0.0,-0.96374]},"55":{"weight":1.0,"played":[1.0,0.0],"evs":[0.0,-0.59046]},"65o":{"weight":1.0,"played":[1.0,0.0],"evs":[0.0,-1.41828]},"75o":{"weight":1.0,"played":[1.0,0.0],"evs":[0.0,-1.62237]},"85o":{"weight":1.0,"played":[1.0,0.0],"evs":[0.0,-1.85591]},"95o":{"weight":1.0,"played":[1.0,0.0],"evs":[0.0,-2.1371]},"T5o":{"weight":1.0,"played":[1.0,0.0],"evs":[0.0,-2.23812]},"J5o":{"weight":1.0,"played":[1.0,0.0],"evs":[0.0,-1.96013]},"Q5o":{"weight":1.0,"played":[1.0,0.0],"evs":[0.0,-1.92033]},"K5o":{"weight":1.0,"played":[1.0,0.0],"evs":[0.0,-1.8231]},"A5o":{"weight":1.0,"played":[1.0,0.0],"evs":[0.0,-2.20697]},"62s":{"weight":1.0,"played":[1.0,0.0],"evs":[0.0,-1.59216]},"63s":{"weight":1.0,"played":[1.0,0.0],"evs":[0.0,-1.24364]},"64s":{"weight":1.0,"played":[1.0,0.0],"evs":[0.0,-1.06168]},"65s":{"weight":1.0,"played":[1.0,0.0],"evs":[0.0,-0.86955]},"66":{"weight":1.0,"played":[1.0,0.0],"evs":[0.0,-0.37903]},"76o":{"weight":1.0,"played":[1.0,0.0],"evs":[0.0,-1.41399]},"86o":{"weight":1.0,"played":[1.0,0.0],"evs":[0.0,-1.60379]},"96o":{"weight":1.0,"played":[1.0,0.0],"evs":[0.0,-1.89953]},"T6o":{"weight":1.0,"played":[1.0,0.0],"evs":[0.0,-1.99348]},"J6o":{"weight":1.0,"played":[1.0,0.0],"evs":[0.0,-1.92457]},"Q6o":{"weight":1.0,"played":[1.0,0.0],"evs":[0.0,-1.84384]},"K6o":{"weight":1.0,"played":[1.0,0.0],"evs":[0.0,-1.74837]},"A6o":{"weight":1.0,"played":[1.0,0.0],"evs":[0.0,-2.42061]},"72s":{"weight":1.0,"played":[1.0,0.0],"evs":[0.0,-1.77707]},"73s":{"weight":1.0,"played":[1.0,0.0],"evs":[0.0,-1.49941]},"74s":{"weight":1.0,"played":[1.0,0.0],"evs":[0.0,-1.30556]},"75s":{"weight":1.0,"played":[1.0,0.0],"evs":[0.0,-1.04265]},"76s":{"weight":1.0,"played":[1.0,0.0],"evs":[0.0,-0.83865]},"77":{"weight":1.0,"played":[1.0,0.0],"evs":[0.0,-0.27569]},"87o":{"weight":1.0,"played":[1.0,0.0],"evs":[0.0,-1.45448]},"97o":{"weight":1.0,"played":[1.0,0.0],"evs":[0.0,-1.71808]},"T7o":{"weight":1.0,"played":[1.0,0.0],"evs":[0.0,-1.82419]},"J7o":{"weight":1.0,"played":[1.0,0.0],"evs":[0.0,-1.7213]},"Q7o":{"weight":1.0,"played":[1.0,0.0],"evs":[0.0,-1.86066]},"K7o":{"weight":1.0,"played":[1.0,0.0],"evs":[0.0,-1.74437]},"A7o":{"weight":1.0,"played":[1.0,0.0],"evs":[0.0,-2.34292]},"82s":{"weight":1.0,"played":[1.0,0.0],"evs":[0.0,-1.79881]},"83s":{"weight":1.0,"played":[1.0,0.0],"evs":[0.0,-1.71059]},"84s":{"weight":1.0,"played":[1.0,0.0],"evs":[0.0,-1.4985]},"85s":{"weight":1.0,"played":[1.0,0.0],"evs":[0.0,-1.25373]},"86s":{"weight":1.0,"played":[1.0,0.0],"evs":[0.0,-1.07304]},"87s":{"weight":1.0,"played":[1.0,0.0],"evs":[0.0,-0.8722]},"88":{"weight":1.0,"played":[0.1157,0.8843],"evs":[0.0,0.03107]},"98o":{"weight":1.0,"played":[1.0,0.0],"evs":[0.0,-1.66027]},"T8o":{"weight":1.0,"played":[1.0,0.0],"evs":[0.0,-1.70577]},"J8o":{"weight":1.0,"played":[1.0,0.0],"evs":[0.0,-1.69886]},"Q8o":{"weight":1.0,"played":[1.0,0.0],"evs":[0.0,-1.78813]},"K8o":{"weight":1.0,"played":[1.0,0.0],"evs":[0.0,-1.85987]},"A8o":{"weight":1.0,"played":[1.0,0.0],"evs":[0.0,-2.30688]},"92s":{"weight":1.0,"played":[1.0,0.0],"evs":[0.0,-1.89449]},"93s":{"weight":1.0,"played":[1.0,0.0],"evs":[0.0,-1.81406]},"94s":{"weight":1.0,"played":[1.0,0.0],"evs":[0.0,-1.74891]},"95s":{"weight":1.0,"played":[1.0,0.0],"evs":[0.0,-1.53457]},"96s":{"weight":1.0,"played":[1.0,0.0],"evs":[0.0,-1.34923]},"97s":{"weight":1.0,"played":[1.0,0.0],"evs":[0.0,-1.11203]},"98s":{"weight":1.0,"played":[1.0,0.0],"evs":[0.0,-1.06079]},"99":{"weight":1.0,"played":[7.0E-4,0.9993],"evs":[0.0,0.31246]},"T9o":{"weight":1.0,"played":[1.0,0.0],"evs":[0.0,-1.6911]},"J9o":{"weight":1.0,"played":[1.0,0.0],"evs":[0.0,-1.64443]},"Q9o":{"weight":1.0,"played":[1.0,0.0],"evs":[0.0,-1.70246]},"K9o":{"weight":1.0,"played":[1.0,0.0],"evs":[0.0,-1.81128]},"A9o":{"weight":1.0,"played":[1.0,0.0],"evs":[0.0,-2.01798]},"T2s":{"weight":1.0,"played":[1.0,0.0],"evs":[0.0,-1.8482]},"T3s":{"weight":1.0,"played":[1.0,0.0],"evs":[0.0,-1.70445]},"T4s":{"weight":1.0,"played":[1.0,0.0],"evs":[0.0,-1.62261]},"T5s":{"weight":1.0,"played":[1.0,0.0],"evs":[0.0,-1.61261]},"T6s":{"weight":1.0,"played":[1.0,0.0],"evs":[0.0,-1.39081]},"T7s":{"weight":1.0,"played":[1.0,0.0],"evs":[0.0,-1.19144]},"T8s":{"weight":1.0,"played":[1.0,0.0],"evs":[0.0,-1.14398]},"T9s":{"weight":1.0,"played":[1.0,0.0],"evs":[0.0,-1.07542]},"TT":{"weight":1.0,"played":[0.0,1.0],"evs":[0.0,0.94727]},"JTo":{"weight":1.0,"played":[1.0,0.0],"evs":[0.0,-1.35045]},"QTo":{"weight":1.0,"played":[1.0,0.0],"evs":[0.0,-1.40624]},"KTo":{"weight":1.0,"played":[1.0,0.0],"evs":[0.0,-1.42559]},"ATo":{"weight":1.0,"played":[1.0,0.0],"evs":[0.0,-1.26511]},"J2s":{"weight":1.0,"played":[1.0,0.0],"evs":[0.0,-1.60047]},"J3s":{"weight":1.0,"played":[1.0,0.0],"evs":[0.0,-1.45394]},"J4s":{"weight":1.0,"played":[1.0,0.0],"evs":[0.0,-1.39026]},"J5s":{"weight":1.0,"played":[1.0,0.0],"evs":[0.0,-1.37182]},"J6s":{"weight":1.0,"played":[1.0,0.0],"evs":[0.0,-1.33247]},"J7s":{"weight":1.0,"played":[1.0,0.0],"evs":[0.0,-1.18767]},"J8s":{"weight":1.0,"played":[1.0,0.0],"evs":[0.0,-1.07298]},"J9s":{"weight":1.0,"played":[1.0,0.0],"evs":[0.0,-1.02232]},"JTs":{"weight":1.0,"played":[1.0,0.0],"evs":[0.0,-0.78249]},"JJ":{"weight":1.0,"played":[0.0,1.0],"evs":[0.0,1.57088]},"QJo":{"weight":1.0,"played":[1.0,0.0],"evs":[0.0,-1.10798]},"KJo":{"weight":1.0,"played":[1.0,0.0],"evs":[0.0,-1.05632]},"AJo":{"weight":1.0,"played":[1.0,0.0],"evs":[0.0,-0.8218]},"Q2s":{"weight":1.0,"played":[1.0,0.0],"evs":[0.0,-1.51744]},"Q3s":{"weight":1.0,"played":[1.0,0.0],"evs":[0.0,-1.40424]},"Q4s":{"weight":1.0,"played":[1.0,0.0],"evs":[0.0,-1.36872]},"Q5s":{"weight":1.0,"played":[1.0,0.0],"evs":[0.0,-1.28269]},"Q6s":{"weight":1.0,"played":[1.0,0.0],"evs":[0.0,-1.19593]},"Q7s":{"weight":1.0,"played":[1.0,0.0],"evs":[0.0,-1.24757]},"Q8s":{"weight":1.0,"played":[1.0,0.0],"evs":[0.0,-1.18071]},"Q9s":{"weight":1.0,"played":[1.0,0.0],"evs":[0.0,-1.10329]},"QTs":{"weight":1.0,"played":[1.0,0.0],"evs":[0.0,-0.84209]},"QJs":{"weight":1.0,"played":[1.0,0.0],"evs":[0.0,-0.52782]},"QQ":{"weight":1.0,"played":[0.0,1.0],"evs":[0.0,2.44255]},"KQo":{"weight":1.0,"played":[1.0,0.0],"evs":[0.0,-0.85923]},"AQo":{"weight":1.0,"played":[1.0,0.0],"evs":[0.0,-0.3837]},"K2s":{"weight":1.0,"played":[1.0,0.0],"evs":[0.0,-1.42161]},"K3s":{"weight":1.0,"played":[1.0,0.0],"evs":[0.0,-1.28599]},"K4s":{"weight":1.0,"played":[1.0,0.0],"evs":[0.0,-1.21378]},"K5s":{"weight":1.0,"played":[1.0,0.0],"evs":[0.0,-1.17157]},"K6s":{"weight":1.0,"played":[1.0,0.0],"evs":[0.0,-1.11552]},"K7s":{"weight":1.0,"played":[1.0,0.0],"evs":[0.0,-1.12722]},"K8s":{"weight":1.0,"played":[1.0,0.0],"evs":[0.0,-1.2035]},"K9s":{"weight":1.0,"played":[1.0,0.0],"evs":[0.0,-1.11362]},"KTs":{"weight":1.0,"played":[1.0,0.0],"evs":[0.0,-0.80239]},"KJs":{"weight":1.0,"played":[1.0,0.0],"evs":[0.0,-0.44052]},"KQs":{"weight":1.0,"played":[1.0,0.0],"evs":[0.0,-0.31303]},"KK":{"weight":1.0,"played":[0.0,1.0],"evs":[0.0,3.90499]},"AKo":{"weight":1.0,"played":[0.0,1.0],"evs":[0.0,0.43691]},"A2s":{"weight":1.0,"played":[1.0,0.0],"evs":[0.0,-1.76966]},"A3s":{"weight":1.0,"played":[1.0,0.0],"evs":[0.0,-1.66937]},"A4s":{"weight":1.0,"played":[1.0,0.0],"evs":[0.0,-1.5856]},"A5s":{"weight":1.0,"played":[1.0,0.0],"evs":[0.0,-1.54829]},"A6s":{"weight":1.0,"played":[1.0,0.0],"evs":[0.0,-1.69479]},"A7s":{"weight":1.0,"played":[1.0,0.0],"evs":[0.0,-1.62893]},"A8s":{"weight":1.0,"played":[1.0,0.0],"evs":[0.0,-1.62761]},"A9s":{"weight":1.0,"played":[1.0,0.0],"evs":[0.0,-1.3405]},"ATs":{"weight":1.0,"played":[1.0,0.0],"evs":[0.0,-0.63947]},"AJs":{"weight":1.0,"played":[0.9999,1.0E-4],"evs":[0.0,-0.20023]},"AQs":{"weight":1.0,"played":[0.0,1.0],"evs":[0.0,0.17795]},"AKs":{"weight":1.0,"played":[0.0,1.0],"evs":[0.0,0.98181]},"AA":{"weight":1.0,"played":[0.0,1.0],"evs":[0.0,6.02912]}}}