{"player":5,"street":0,"children":2,"sequence":[{"player":0,"type":"R","amount":26350000,"street":0},{"player":1,"type":"F","amount":0,"street":0},{"player":2,"type":"F","amount":0,"street":0},{"player":3,"type":"C","amount":4130000,"street":0},{"player":4,"type":"R","amount":61485900,"street":0}],"actions":[{"type":"F","amount":0,"node":128},{"type":"C","amount":14516800,"node":129}],"hands":{"22":{"weight":1.0,"played":[1.0,0.0],"evs":[0.0,-1.29542]},"32o":{"weight":1.0,"played":[1.0,0.0],"evs":[0.0,-2.35166]},"42o":{"weight":1.0,"played":[1.0,0.0],"evs":[0.0,-2.2646]},"52o":{"weight":1.0,"played":[1.0,0.0],"evs":[0.0,-2.15968]},"62o":{"weight":1.0,"played":[1.0,0.0],"evs":[0.0,-2.28749]},"72o":{"weight":1.0,"played":[1.0,0.0],"evs":[0.0,-2.41711]},"82o":{"weight":1.0,"played":[1.0,0.0],"evs":[0.0,-2.37109]},"92o":{"weight":1.0,"played":[1.0,0.0],"evs":[0.0,-2.35918]},"T2o":{"weight":1.0,"played":[1.0,0.0],"evs":[0.0,-2.29141]},"J2o":{"weight":1.0,"played":[1.0,0.0],"evs":[0.0,-2.3257]},"Q2o":{"weight":1.0,"played":[1.0,0.0],"evs":[0.0,-2.2964]},"K2o":{"weight":1.0,"played":[1.0,0.0],"evs":[0.0,-2.1262]},"A2o":{"weight":1.0,"played":[1.0,0.0],"evs":[0.0,-2.12501]},"32s":{"weight":1.0,"played":[1.0,0.0],"evs":[0.0,-1.75601]},"33":{"weight":1.0,"played":[1.0,0.0],"evs":[0.0,-1.17969]},"43o":{"weight":1.0,"played":[1.0,0.0],"evs":[0.0,-2.05852]},"53o":{"weight":1.0,"played":[1.0,0.0],"evs":[0.0,-1.91667]},"63o":{"weight":1.0,"played":[1.0,0.0],"evs":[0.0,-2.04468]},"73o":{"weight":1.0,"played":[1.0,0.0],"evs":[0.0,-2.18475]},"83o":{"weight":1.0,"played":[1.0,0.0],"evs":[0.0,-2.36085]},"93o":{"weight":1.0,"played":[1.0,0.0],"evs":[0.0,-2.30741]},"T3o":{"weight":1.0,"played":[1.0,0.0],"evs":[0.0,-2.24178]},"J3o":{"weight":1.0,"played":[1.0,0.0],"evs":[0.0,-2.26851]},"Q3o":{"weight":1.0,"played":[1.0,0.0],"evs":[0.0,-2.22174]},"K3o":{"weight":1.0,"played":[1.0,0.0],"evs":[0.0,-2.07483]},"A3o":{"weight":1.0,"played":[1.0,0.0],"evs":[0.0,-2.05516]},"42s":{"weight":1.0,"played":[1.0,0.0],"evs":[0.0,-1.6804]},"43s":{"weight":1.0,"played":[1.0,0.0],"evs":[0.0,-1.47619]},"44":{"weight":1.0,"played":[1.0,0.0],"evs":[0.0,-1.01325]},"54o":{"weight":1.0,"played":[1.0,0.0],"evs":[0.0,-1.67622]},"64o":{"weight":1.0,"played":[1.0,0.0],"evs":[0.0,-1.79183]},"74o":{"weight":1.0,"played":[1.0,0.0],"evs":[0.0,-1.92794]},"84o":{"weight":1.0,"played":[1.0,0.0],"evs":[0.0,-2.13056]},"94o":{"weight":1.0,"played":[1.0,0.0],"evs":[0.0,-2.27094]},"T4o":{"weight":1.0,"played":[1.0,0.0],"evs":[0.0,-2.17002]},"J4o":{"weight":1.0,"played":[1.0,0.0],"evs":[0.0,-2.18947]},"Q4o":{"weight":1.0,"played":[1.0,0.0],"evs":[0.0,-2.14145]},"K4o":{"weight":1.0,"played":[1.0,0.0],"evs":[0.0,-2.02645]},"A4o":{"weight":1.0,"played":[1.0,0.0],"evs":[0.0,-1.93747]},"52s":{"weight":1.0,"played":[1.0,0.0],"evs":[0.0,-1.56056]},"53s":{"weight":1.0,"played":[1.0,0.0],"evs":[0.0,-1.34247]},"54s":{"weight":1.0,"played":[1.0,0.0],"evs":[0.0,-1.12918]},"55":{"weight":1.0,"played":[1.0,0.0],"evs":[0.0,-0.73886]},"65o":{"weight":1.0,"played":[1.0,0.0],"evs":[0.0,-1.55548]},"75o":{"weight":1.0,"played":[1.0,0.0],"evs":[0.0,-1.67917]},"85o":{"weight":1.0,"played":[1.0,0.0],"evs":[0.0,-1.85904]},"95o":{"weight":1.0,"played":[1.0,0.0],"evs":[0.0,-2.0154]},"T5o":{"weight":1.0,"played":[1.0,0.0],"evs":[0.0,-2.12586]},"J5o":{"weight":1.0,"played":[1.0,0.0],"evs":[0.0,-2.08934]},"Q5o":{"weight":1.0,"played":[1.0,0.0],"evs":[0.0,-2.05417]},"K5o":{"weight":1.0,"played":[1.0,0.0],"evs":[0.0,-1.89044]},"A5o":{"weight":1.0,"played":[1.0,0.0],"evs":[0.0,-1.83819]},"62s":{"weight":1.0,"played":[1.0,0.0],"evs":[0.0,-1.66486]},"63s":{"weight":1.0,"played":[1.0,0.0],"evs":[0.0,-1.46934]},"64s":{"weight":1.0,"played":[1.0,0.0],"evs":[0.0,-1.26257]},"65s":{"weight":1.0,"played":[1.0,0.0],"evs":[0.0,-0.98296]},"66":{"weight":1.0,"played":[1.0,0.0],"evs":[0.0,-0.44923]},"76o":{"weight":1.0,"played":[1.0,0.0],"evs":[0.0,-1.47708]},"86o":{"weight":1.0,"played":[1.0,0.0],"evs":[0.0,-1.61211]},"96o":{"weight":1.0,"played":[1.0,0.0],"evs":[0.0,-1.74286]},"T6o":{"weight":1.0,"played":[1.0,0.0],"evs":[0.0,-1.85371]},"J6o":{"weight":1.0,"played":[1.0,0.0],"evs":[0.0,-2.03258]},"Q6o":{"weight":1.0,"played":[1.0,0.0],"evs":[0.0,-1.94506]},"K6o":{"weight":1.0,"played":[1.0,0.0],"evs":[0.0,-1.79497]},"A6o":{"weight":1.0,"played":[1.0,0.0],"evs":[0.0,-1.96275]},"72s":{"weight":1.0,"played":[1.0,0.0],"evs":[0.0,-1.81779]},"73s":{"weight":1.0,"played":[1.0,0.0],"evs":[0.0,-1.62231]},"74s":{"weight":1.0,"played":[1.0,0.0],"evs":[0.0,-1.34651]},"75s":{"weight":1.0,"played":[1.0,0.0],"evs":[0.0,-1.11658]},"76s":{"weight":1.0,"played":[1.0,0.0],"evs":[0.0,-0.90738]},"77":{"weight":1.0,"played":[0.9999,1.0E-4],"evs":[0.0,-0.07603]},"87o":{"weight":1.0,"played":[1.0,0.0],"evs":[0.0,-1.43552]},"97o":{"weight":1.0,"played":[1.0,0.0],"evs":[0.0,-1.5513]},"T7o":{"weight":1.0,"played":[1.0,0.0],"evs":[0.0,-1.6128]},"J7o":{"weight":1.0,"played":[1.0,0.0],"evs":[0.0,-1.80121]},"Q7o":{"weight":1.0,"played":[1.0,0.0],"evs":[0.0,-1.89968]},"K7o":{"weight":1.0,"played":[1.0,0.0],"evs":[0.0,-1.7199]},"A7o":{"weight":1.0,"played":[1.0,0.0],"evs":[0.0,-1.83185]},"82s":{"weight":1.0,"played":[1.0,0.0],"evs":[0.0,-1.76583]},"83s":{"weight":1.0,"played":[1.0,0.0],"evs":[0.0,-1.7615]},"84s":{"weight":1.0,"played":[1.0,0.0],"evs":[0.0,-1.51956]},"85s":{"weight":1.0,"played":[1.0,0.0],"evs":[0.0,-1.28713]},"86s":{"weight":1.0,"played":[1.0,0.0],"evs":[0.0,-1.05664]},"87s":{"weight":1.0,"played":[1.0,0.0],"evs":[0.0,-0.89187]},"88":{"weight":1.0,"played":[0.0,1.0],"evs":[0.0,0.18663]},"98o":{"weight":1.0,"played":[1.0,0.0],"evs":[0.0,-1.41376]},"T8o":{"weight":1.0,"played":[1.0,0.0],"evs":[0.0,-1.45389]},"J8o":{"weight":1.0,"played":[1.0,0.0],"evs":[0.0,-1.62829]},"Q8o":{"weight":1.0,"played":[1.0,0.0],"evs":[0.0,-1.72929]},"K8o":{"weight":1.0,"played":[1.0,0.0],"evs":[0.0,-1.72161]},"A8o":{"weight":1.0,"played":[1.0,0.0],"evs":[0.0,-1.68866]},"92s":{"weight":1.0,"played":[1.0,0.0],"evs":[0.0,-1.74989]},"93s":{"weight":1.0,"played":[1.0,0.0],"evs":[0.0,-1.6969]},"94s":{"weight":1.0,"played":[1.0,0.0],"evs":[0.0,-1.67379]},"95s":{"weight":1.0,"played":[1.0,0.0],"evs":[0.0,-1.40262]},"96s":{"weight":1.0,"played":[1.0,0.0],"evs":[0.0,-1.18113]},"97s":{"weight":1.0,"played":[1.0,0.0],"evs":[0.0,-0.99396]},"98s":{"weight":1.0,"played":[1.0,0.0],"evs":[0.0,-0.83145]},"99":{"weight":1.0,"played":[0.0,1.0],"evs":[0.0,0.62229]},"T9o":{"weight":1.0,"played":[1.0,0.0],"evs":[0.0,-1.25819]},"J9o":{"weight":1.0,"played":[1.0,0.0],"evs":[0.0,-1.43101]},"Q9o":{"weight":1.0,"played":[1.0,0.0],"evs":[0.0,-1.53575]},"K9o":{"weight":1.0,"played":[1.0,0.0],"evs":[0.0,-1.54736]},"A9o":{"weight":1.0,"played":[1.0,0.0],"evs":[0.0,-1.55164]},"T2s":{"weight":1.0,"played":[1.0,0.0],"evs":[0.0,-1.68181]},"T3s":{"weight":1.0,"played":[1.0,0.0],"evs":[0.0,-1.66438]},"T4s":{"weight":1.0,"played":[1.0,0.0],"evs":[0.0,-1.57006]},"T5s":{"weight":1.0,"played":[1.0,0.0],"evs":[0.0,-1.52971]},"T6s":{"weight":1.0,"played":[1.0,0.0],"evs":[0.0,-1.25663]},"T7s":{"weight":1.0,"played":[1.0,0.0],"evs":[0.0,-1.05199]},"T8s":{"weight":1.0,"played":[1.0,0.0],"evs":[0.0,-0.93211]},"T9s":{"weight":1.0,"played":[1.0,0.0],"evs":[0.0,-0.72034]},"TT":{"weight":1.0,"played":[0.0,1.0],"evs":[0.0,1.28571]},"JTo":{"weight":1.0,"played":[1.0,0.0],"evs":[0.0,-1.14252]},"QTo":{"weight":1.0,"played":[1.0,0.0],"evs":[0.0,-1.23703]},"KTo":{"weight":1.0,"played":[1.0,0.0],"evs":[0.0,-1.19398]},"ATo":{"weight":1.0,"played":[1.0,0.0],"evs":[0.0,-1.05062]},"J2s":{"weight":1.0,"played":[1.0,0.0],"evs":[0.0,-1.70723]},"J3s":{"weight":1.0,"played":[1.0,0.0],"evs":[0.0,-1.63576]},"J4s":{"weight":1.0,"played":[1.0,0.0],"evs":[0.0,-1.57828]},"J5s":{"weight":1.0,"played":[1.0,0.0],"evs":[0.0,-1.47677]},"J6s":{"weight":1.0,"played":[1.0,0.0],"evs":[0.0,-1.42673]},"J7s":{"weight":1.0,"played":[1.0,0.0],"evs":[0.0,-1.19921]},"J8s":{"weight":1.0,"played":[1.0,0.0],"evs":[0.0,-1.07825]},"J9s":{"weight":1.0,"played":[1.0,0.0],"evs":[0.0,-0.83717]},"JTs":{"weight":1.0,"played":[1.0,0.0],"evs":[0.0,-0.5884]},"JJ":{"weight":1.0,"played":[0.0,1.0],"evs":[0.0,2.10579]},"QJo":{"weight":1.0,"played":[1.0,0.0],"evs":[0.0,-1.16153]},"KJo":{"weight":1.0,"played":[1.0,0.0],"evs":[0.0,-1.08944]},"AJo":{"weight":1.0,"played":[1.0,0.0],"evs":[0.0,-0.60306]},"Q2s":{"weight":1.0,"played":[1.0,0.0],"evs":[0.0,-1.631]},"Q3s":{"weight":1.0,"played":[1.0,0.0],"evs":[0.0,-1.5961]},"Q4s":{"weight":1.0,"played":[1.0,0.0],"evs":[0.0,-1.53861]},"Q5s":{"weight":1.0,"played":[1.0,0.0],"evs":[0.0,-1.41393]},"Q6s":{"weight":1.0,"played":[1.0,0.0],"evs":[0.0,-1.36013]},"Q7s":{"weight":1.0,"played":[1.0,0.0],"evs":[0.0,-1.28694]},"Q8s":{"weight":1.0,"played":[1.0,0.0],"evs":[0.0,-1.14849]},"Q9s":{"weight":1.0,"played":[1.0,0.0],"evs":[0.0,-0.9894]},"QTs":{"weight":1.0,"played":[1.0,0.0],"evs":[0.0,-0.63622]},"QJs":{"weight":1.0,"played":[1.0,0.0],"evs":[0.0,-0.62435]},"QQ":{"weight":1.0,"played":[0.0,1.0],"evs":[0.0,3.09221]},"KQo":{"weight":1.0,"played":[1.0,0.0],"evs":[0.0,-0.71092]},"AQo":{"weight":1.0,"played":[0.4762,0.5238],"evs":[0.0,0.01244]},"K2s":{"weight":1.0,"played":[1.0,0.0],"evs":[0.0,-1.48082]},"K3s":{"weight":1.0,"played":[1.0,0.0],"evs":[0.0,-1.46801]},"K4s":{"weight":1.0,"played":[1.0,0.0],"evs":[0.0,-1.36696]},"K5s":{"weight":1.0,"played":[1.0,0.0],"evs":[0.0,-1.27766]},"K6s":{"weight":1.0,"played":[1.0,0.0],"evs":[0.0,-1.1881]},"K7s":{"weight":1.0,"played":[1.0,0.0],"evs":[0.0,-1.13384]},"K8s":{"weight":1.0,"played":[1.0,0.0],"evs":[0.0,-1.11414]},"K9s":{"weight":1.0,"played":[1.0,0.0],"evs":[0.0,-0.96296]},"KTs":{"weight":1.0,"played":[1.0,0.0],"evs":[0.0,-0.61164]},"KJs":{"weight":1.0,"played":[1.0,0.0],"evs":[0.0,-0.53432]},"KQs":{"weight":1.0,"played":[1.0,0.0],"evs":[0.0,-0.17609]},"KK":{"weight":1.0,"played":[0.0,1.0],"evs":[0.0,4.25735]},"AKo":{"weight":1.0,"played":[0.0,1.0],"evs":[0.0,0.61406]},"A2s":{"weight":1.0,"played":[1.0,0.0],"evs":[0.0,-1.48061]},"A3s":{"weight":1.0,"played":[1.0,0.0],"evs":[0.0,-1.41219]},"A4s":{"weight":1.0,"played":[1.0,0.0],"evs":[0.0,-1.28892]},"A5s":{"weight":1.0,"played":[1.0,0.0],"evs":[0.0,-1.16723]},"A6s":{"weight":1.0,"played":[1.0,0.0],"evs":[0.0,-1.30537]},"A7s":{"weight":1.0,"played":[1.0,0.0],"evs":[0.0,-1.19248]},"A8s":{"weight":1.0,"played":[1.0,0.0],"evs":[0.0,-1.10632]},"A9s":{"weight":1.0,"played":[1.0,0.0],"evs":[0.0,-0.92468]},"ATs":{"weight":1.0,"played":[1.0,0.0],"evs":[0.0,-0.44174]},"AJs":{"weight":1.0,"played":[0.3203,0.6797],"evs":[0.0,0.01426]},"AQs":{"weight":1.0,"played":[0.0,1.0],"evs":[0.0,0.54402]},"AKs":{"weight":1.0,"played":[0.0,1.0],"evs":[0.0,1.15952]},"AA":{"weight":1.0,"played":[0.0,1.0],"evs":[0.0,5.84615]}}}