{"player":5,"street":0,"children":2,"sequence":[{"player":0,"type":"F","amount":0,"street":0},{"player":1,"type":"F","amount":0,"street":0},{"player":2,"type":"F","amount":0,"street":0},{"player":3,"type":"F","amount":0,"street":0},{"player":4,"type":"R","amount":61485900,"street":0}],"actions":[{"type":"F","amount":0,"node":14},{"type":"C","amount":14516800,"node":15}],"hands":{"22":{"weight":1.0,"played":[1.0,0.0],"evs":[0.0,-0.17593]},"32o":{"weight":1.0,"played":[1.0,0.0],"evs":[0.0,-2.19229]},"42o":{"weight":1.0,"played":[1.0,0.0],"evs":[0.0,-2.11802]},"52o":{"weight":1.0,"played":[1.0,0.0],"evs":[0.0,-2.0402]},"62o":{"weight":1.0,"played":[1.0,0.0],"evs":[0.0,-2.16627]},"72o":{"weight":1.0,"played":[1.0,0.0],"evs":[0.0,-2.13434]},"82o":{"weight":1.0,"played":[1.0,0.0],"evs":[0.0,-2.00312]},"92o":{"weight":1.0,"played":[1.0,0.0],"evs":[0.0,-1.85985]},"T2o":{"weight":1.0,"played":[1.0,0.0],"evs":[0.0,-1.63052]},"J2o":{"weight":1.0,"played":[1.0,0.0],"evs":[0.0,-1.36262]},"Q2o":{"weight":1.0,"played":[1.0,0.0],"evs":[0.0,-1.01133]},"K2o":{"weight":1.0,"played":[1.0,0.0],"evs":[0.0,-0.55529]},"A2o":{"weight":1.0,"played":[0.0,1.0],"evs":[0.0,0.34144]},"32s":{"weight":1.0,"played":[1.0,0.0],"evs":[0.0,-1.70638]},"33":{"weight":1.0,"played":[2.0E-4,0.9998],"evs":[0.0,0.04721]},"43o":{"weight":1.0,"played":[1.0,0.0],"evs":[0.0,-1.92312]},"53o":{"weight":1.0,"played":[1.0,0.0],"evs":[0.0,-1.83397]},"63o":{"weight":1.0,"played":[1.0,0.0],"evs":[0.0,-1.95583]},"73o":{"weight":1.0,"played":[1.0,0.0],"evs":[0.0,-1.92809]},"83o":{"weight":1.0,"played":[1.0,0.0],"evs":[0.0,-1.94138]},"93o":{"weight":1.0,"played":[1.0,0.0],"evs":[0.0,-1.77459]},"T3o":{"weight":1.0,"played":[1.0,0.0],"evs":[0.0,-1.55194]},"J3o":{"weight":1.0,"played":[1.0,0.0],"evs":[0.0,-1.28425]},"Q3o":{"weight":1.0,"played":[1.0,0.0],"evs":[0.0,-0.9351]},"K3o":{"weight":1.0,"played":[1.0,0.0],"evs":[0.0,-0.47735]},"A3o":{"weight":1.0,"played":[0.0,1.0],"evs":[0.0,0.42121]},"42s":{"weight":1.0,"played":[1.0,0.0],"evs":[0.0,-1.64179]},"43s":{"weight":1.0,"played":[1.0,0.0],"evs":[0.0,-1.45365]},"44":{"weight":1.0,"played":[0.0,1.0],"evs":[0.0,0.29661]},"54o":{"weight":1.0,"played":[1.0,0.0],"evs":[0.0,-1.65539]},"64o":{"weight":1.0,"played":[1.0,0.0],"evs":[0.0,-1.75856]},"74o":{"weight":1.0,"played":[1.0,0.0],"evs":[0.0,-1.73475]},"84o":{"weight":1.0,"played":[1.0,0.0],"evs":[0.0,-1.74417]},"94o":{"weight":1.0,"played":[1.0,0.0],"evs":[0.0,-1.72227]},"T4o":{"weight":1.0,"played":[1.0,0.0],"evs":[0.0,-1.46708]},"J4o":{"weight":1.0,"played":[1.0,0.0],"evs":[0.0,-1.19521]},"Q4o":{"weight":1.0,"played":[1.0,0.0],"evs":[0.0,-0.85049]},"K4o":{"weight":1.0,"played":[1.0,0.0],"evs":[0.0,-0.38564]},"A4o":{"weight":1.0,"played":[0.0,1.0],"evs":[0.0,0.51062]},"52s":{"weight":1.0,"played":[1.0,0.0],"evs":[0.0,-1.57031]},"53s":{"weight":1.0,"played":[1.0,0.0],"evs":[0.0,-1.37194]},"54s":{"weight":1.0,"played":[1.0,0.0],"evs":[0.0,-1.19788]},"55":{"weight":1.0,"played":[0.0,1.0],"evs":[0.0,0.59915]},"65o":{"weight":1.0,"played":[1.0,0.0],"evs":[0.0,-1.55797]},"75o":{"weight":1.0,"played":[1.0,0.0],"evs":[0.0,-1.53658]},"85o":{"weight":1.0,"played":[1.0,0.0],"evs":[0.0,-1.54443]},"95o":{"weight":1.0,"played":[1.0,0.0],"evs":[0.0,-1.5166]},"T5o":{"weight":1.0,"played":[1.0,0.0],"evs":[0.0,-1.41218]},"J5o":{"weight":1.0,"played":[1.0,0.0],"evs":[0.0,-1.10943]},"Q5o":{"weight":1.0,"played":[1.0,0.0],"evs":[0.0,-0.76025]},"K5o":{"weight":1.0,"played":[1.0,0.0],"evs":[0.0,-0.28235]},"A5o":{"weight":1.0,"played":[0.0,1.0],"evs":[0.0,0.6361]},"62s":{"weight":1.0,"played":[1.0,0.0],"evs":[0.0,-1.68453]},"63s":{"weight":1.0,"played":[1.0,0.0],"evs":[0.0,-1.48931]},"64s":{"weight":1.0,"played":[1.0,0.0],"evs":[0.0,-1.30159]},"65s":{"weight":1.0,"played":[1.0,0.0],"evs":[0.0,-1.12211]},"66":{"weight":1.0,"played":[0.0,1.0],"evs":[0.0,0.91978]},"76o":{"weight":1.0,"played":[1.0,0.0],"evs":[0.0,-1.33742]},"86o":{"weight":1.0,"played":[1.0,0.0],"evs":[0.0,-1.34479]},"96o":{"weight":1.0,"played":[1.0,0.0],"evs":[0.0,-1.31445]},"T6o":{"weight":1.0,"played":[1.0,0.0],"evs":[0.0,-1.21586]},"J6o":{"weight":1.0,"played":[1.0,0.0],"evs":[0.0,-1.05748]},"Q6o":{"weight":1.0,"played":[1.0,0.0],"evs":[0.0,-0.65797]},"K6o":{"weight":1.0,"played":[1.0,0.0],"evs":[0.0,-0.14704]},"A6o":{"weight":1.0,"played":[0.0,1.0],"evs":[0.0,0.70773]},"72s":{"weight":1.0,"played":[1.0,0.0],"evs":[0.0,-1.65397]},"73s":{"weight":1.0,"played":[1.0,0.0],"evs":[0.0,-1.46496]},"74s":{"weight":1.0,"played":[1.0,0.0],"evs":[0.0,-1.27445]},"75s":{"weight":1.0,"played":[1.0,0.0],"evs":[0.0,-1.08716]},"76s":{"weight":1.0,"played":[1.0,0.0],"evs":[0.0,-0.91144]},"77":{"weight":1.0,"played":[0.0,1.0],"evs":[0.0,1.30251]},"87o":{"weight":1.0,"played":[1.0,0.0],"evs":[0.0,-1.09327]},"97o":{"weight":1.0,"played":[1.0,0.0],"evs":[0.0,-1.05635]},"T7o":{"weight":1.0,"played":[1.0,0.0],"evs":[0.0,-0.94744]},"J7o":{"weight":1.0,"played":[1.0,0.0],"evs":[0.0,-0.78857]},"Q7o":{"weight":1.0,"played":[1.0,0.0],"evs":[0.0,-0.53851]},"K7o":{"weight":1.0,"played":[0.4149,0.5851],"evs":[0.0,-0.00176]},"A7o":{"weight":1.0,"played":[0.0,1.0],"evs":[0.0,0.92402]},"82s":{"weight":1.0,"played":[1.0,0.0],"evs":[0.0,-1.52239]},"83s":{"weight":1.0,"played":[1.0,0.0],"evs":[0.0,-1.48144]},"84s":{"weight":1.0,"played":[1.0,0.0],"evs":[0.0,-1.28305]},"85s":{"weight":1.0,"played":[1.0,0.0],"evs":[0.0,-1.09055]},"86s":{"weight":1.0,"played":[1.0,0.0],"evs":[0.0,-0.90986]},"87s":{"weight":1.0,"played":[1.0,0.0],"evs":[0.0,-0.68434]},"88":{"weight":1.0,"played":[0.0,1.0],"evs":[0.0,1.68256]},"98o":{"weight":1.0,"played":[1.0,0.0],"evs":[0.0,-0.84587]},"T8o":{"weight":1.0,"played":[1.0,0.0],"evs":[0.0,-0.71568]},"J8o":{"weight":1.0,"played":[1.0,0.0],"evs":[0.0,-0.55654]},"Q8o":{"weight":1.0,"played":[1.0,0.0],"evs":[0.0,-0.26576]},"K8o":{"weight":1.0,"played":[0.0,1.0],"evs":[0.0,0.12057]},"A8o":{"weight":1.0,"played":[0.0,1.0],"evs":[0.0,1.16913]},"92s":{"weight":1.0,"played":[1.0,0.0],"evs":[0.0,-1.38861]},"93s":{"weight":1.0,"played":[1.0,0.0],"evs":[0.0,-1.3148]},"94s":{"weight":1.0,"played":[1.0,0.0],"evs":[0.0,-1.27329]},"95s":{"weight":1.0,"played":[1.0,0.0],"evs":[0.0,-1.07239]},"96s":{"weight":1.0,"played":[1.0,0.0],"evs":[0.0,-0.88446]},"97s":{"weight":1.0,"played":[1.0,0.0],"evs":[0.0,-0.64886]},"98s":{"weight":1.0,"played":[1.0,0.0],"evs":[0.0,-0.44942]},"99":{"weight":1.0,"played":[0.0,1.0],"evs":[0.0,2.08502]},"T9o":{"weight":1.0,"played":[1.0,0.0],"evs":[0.0,-0.44545]},"J9o":{"weight":1.0,"played":[1.0,0.0],"evs":[0.0,-0.28786]},"Q9o":{"weight":1.0,"played":[1.0E-4,0.9999],"evs":[0.0,0.01651]},"K9o":{"weight":1.0,"played":[0.0,1.0],"evs":[0.0,0.36184]},"A9o":{"weight":1.0,"played":[0.0,1.0],"evs":[0.0,1.39919]},"T2s":{"weight":1.0,"played":[1.0,0.0],"evs":[0.0,-1.17712]},"T3s":{"weight":1.0,"played":[1.0,0.0],"evs":[0.0,-1.10097]},"T4s":{"weight":1.0,"played":[1.0,0.0],"evs":[0.0,-1.02298]},"T5s":{"weight":1.0,"played":[1.0,0.0],"evs":[0.0,-0.97745]},"T6s":{"weight":1.0,"played":[1.0,0.0],"evs":[0.0,-0.77904]},"T7s":{"weight":1.0,"played":[1.0,0.0],"evs":[0.0,-0.5486]},"T8s":{"weight":1.0,"played":[1.0,0.0],"evs":[0.0,-0.32805]},"T9s":{"weight":1.0,"played":[1.0,0.0],"evs":[0.0,-0.07631]},"TT":{"weight":1.0,"played":[0.0,1.0],"evs":[0.0,2.54996]},"JTo":{"weight":1.0,"played":[0.0,1.0],"evs":[0.0,0.0978]},"QTo":{"weight":1.0,"played":[0.0,1.0],"evs":[0.0,0.39164]},"KTo":{"weight":1.0,"played":[0.0,1.0],"evs":[0.0,0.72878]},"ATo":{"weight":1.0,"played":[0.0,1.0],"evs":[0.0,1.82397]},"J2s":{"weight":1.0,"played":[1.0,0.0],"evs":[0.0,-0.91912]},"J3s":{"weight":1.0,"played":[1.0,0.0],"evs":[0.0,-0.83848]},"J4s":{"weight":1.0,"played":[1.0,0.0],"evs":[0.0,-0.75816]},"J5s":{"weight":1.0,"played":[1.0,0.0],"evs":[0.0,-0.68504]},"J6s":{"weight":1.0,"played":[1.0,0.0],"evs":[0.0,-0.63731]},"J7s":{"weight":1.0,"played":[1.0,0.0],"evs":[0.0,-0.37833]},"J8s":{"weight":1.0,"played":[1.0,0.0],"evs":[0.0,-0.16806]},"J9s":{"weight":1.0,"played":[0.0,1.0],"evs":[0.0,0.08715]},"JTs":{"weight":1.0,"played":[0.0,1.0],"evs":[0.0,0.43386]},"JJ":{"weight":1.0,"played":[0.0,1.0],"evs":[0.0,2.97229]},"QJo":{"weight":1.0,"played":[0.0,1.0],"evs":[0.0,0.57368]},"KJo":{"weight":1.0,"played":[0.0,1.0],"evs":[0.0,0.93222]},"AJo":{"weight":1.0,"played":[0.0,1.0],"evs":[0.0,2.06854]},"Q2s":{"weight":1.0,"played":[1.0,0.0],"evs":[0.0,-0.57856]},"Q3s":{"weight":1.0,"played":[1.0,0.0],"evs":[0.0,-0.5124]},"Q4s":{"weight":1.0,"played":[1.0,0.0],"evs":[0.0,-0.42138]},"Q5s":{"weight":1.0,"played":[1.0,0.0],"evs":[0.0,-0.34802]},"Q6s":{"weight":1.0,"played":[1.0,0.0],"evs":[0.0,-0.256]},"Q7s":{"weight":1.0,"played":[1.0,0.0],"evs":[0.0,-0.14386]},"Q8s":{"weight":1.0,"played":[0.0,1.0],"evs":[0.0,0.11085]},"Q9s":{"weight":1.0,"played":[0.0,1.0],"evs":[0.0,0.37139]},"QTs":{"weight":1.0,"played":[0.0,1.0],"evs":[0.0,0.72318]},"QJs":{"weight":1.0,"played":[0.0,1.0],"evs":[0.0,0.88652]},"QQ":{"weight":1.0,"played":[0.0,1.0],"evs":[0.0,3.38503]},"KQo":{"weight":1.0,"played":[0.0,1.0],"evs":[0.0,1.19947]},"AQo":{"weight":1.0,"played":[0.0,1.0],"evs":[0.0,2.26359]},"K2s":{"weight":1.0,"played":[1.0,0.0],"evs":[0.0,-0.13711]},"K3s":{"weight":1.0,"played":[1.0,0.0],"evs":[0.0,-0.07241]},"K4s":{"weight":1.0,"played":[0.4231,0.5769],"evs":[0.0,0.00138]},"K5s":{"weight":1.0,"played":[0.0,1.0],"evs":[0.0,0.10313]},"K6s":{"weight":1.0,"played":[0.0,1.0],"evs":[0.0,0.22887]},"K7s":{"weight":1.0,"played":[0.0,1.0],"evs":[0.0,0.36461]},"K8s":{"weight":1.0,"played":[0.0,1.0],"evs":[0.0,0.47334]},"K9s":{"weight":1.0,"played":[0.0,1.0],"evs":[0.0,0.70766]},"KTs":{"weight":1.0,"played":[0.0,1.0],"evs":[0.0,1.04056]},"KJs":{"weight":1.0,"played":[0.0,1.0],"evs":[0.0,1.2346]},"KQs":{"weight":1.0,"played":[0.0,1.0],"evs":[0.0,1.4824]},"KK":{"weight":1.0,"played":[0.0,1.0],"evs":[0.0,3.82699]},"AKo":{"weight":1.0,"played":[0.0,1.0],"evs":[0.0,2.42392]},"A2s":{"weight":1.0,"played":[0.0,1.0],"evs":[0.0,0.69784]},"A3s":{"weight":1.0,"played":[0.0,1.0],"evs":[0.0,0.77242]},"A4s":{"weight":1.0,"played":[0.0,1.0],"evs":[0.0,0.85195]},"A5s":{"weight":1.0,"played":[0.0,1.0],"evs":[0.0,0.9759]},"A6s":{"weight":1.0,"played":[0.0,1.0],"evs":[0.0,1.03495]},"A7s":{"weight":1.0,"played":[0.0,1.0],"evs":[0.0,1.23344]},"A8s":{"weight":1.0,"played":[0.0,1.0],"evs":[0.0,1.46348]},"A9s":{"weight":1.0,"played":[0.0,1.0],"evs":[0.0,1.68226]},"ATs":{"weight":1.0,"played":[0.0,1.0],"evs":[0.0,2.07212]},"AJs":{"weight":1.0,"played":[0.0,1.0],"evs":[0.0,2.30378]},"AQs":{"weight":1.0,"played":[0.0,1.0],"evs":[0.0,2.48306]},"AKs":{"weight":1.0,"played":[0.0,1.0],"evs":[0.0,2.63971]},"AA":{"weight":1.0,"played":[0.0,1.0],"evs":[0.0,4.73065]}}}