{"player":6,"street":0,"children":2,"sequence":[{"player":0,"type":"R","amount":26350000,"street":0},{"player":1,"type":"F","amount":0,"street":0},{"player":2,"type":"C","amount":26350000,"street":0},{"player":3,"type":"F","amount":0,"street":0},{"player":4,"type":"R","amount":61485900,"street":0},{"player":5,"type":"F","amount":0,"street":0}],"actions":[{"type":"F","amount":0,"node":139},{"type":"C","amount":56485900,"node":140}],"hands":{"22":{"weight":1.0,"played":[1.0,0.0],"evs":[0.0,-5.57953]},"32o":{"weight":1.0,"played":[1.0,0.0],"evs":[0.0,-7.78276]},"42o":{"weight":1.0,"played":[1.0,0.0],"evs":[0.0,-7.7898]},"52o":{"weight":1.0,"played":[1.0,0.0],"evs":[0.0,-7.51029]},"62o":{"weight":1.0,"played":[1.0,0.0],"evs":[0.0,-7.9495]},"72o":{"weight":1.0,"played":[1.0,0.0],"evs":[0.0,-8.52808]},"82o":{"weight":1.0,"played":[1.0,0.0],"evs":[0.0,-8.49216]},"92o":{"weight":1.0,"played":[1.0,0.0],"evs":[0.0,-8.39344]},"T2o":{"weight":1.0,"played":[1.0,0.0],"evs":[0.0,-7.97765]},"J2o":{"weight":1.0,"played":[1.0,0.0],"evs":[0.0,-7.76075]},"Q2o":{"weight":1.0,"played":[1.0,0.0],"evs":[0.0,-7.7401]},"K2o":{"weight":1.0,"played":[1.0,0.0],"evs":[0.0,-7.48418]},"A2o":{"weight":1.0,"played":[1.0,0.0],"evs":[0.0,-7.43748]},"32s":{"weight":1.0,"played":[1.0,0.0],"evs":[0.0,-6.62217]},"33":{"weight":1.0,"played":[1.0,0.0],"evs":[0.0,-5.48663]},"43o":{"weight":1.0,"played":[1.0,0.0],"evs":[0.0,-7.13482]},"53o":{"weight":1.0,"played":[1.0,0.0],"evs":[0.0,-7.03782]},"63o":{"weight":1.0,"played":[1.0,0.0],"evs":[0.0,-7.51459]},"73o":{"weight":1.0,"played":[1.0,0.0],"evs":[0.0,-8.09328]},"83o":{"weight":1.0,"played":[1.0,0.0],"evs":[0.0,-8.40307]},"93o":{"weight":1.0,"played":[1.0,0.0],"evs":[0.0,-8.02826]},"T3o":{"weight":1.0,"played":[1.0,0.0],"evs":[0.0,-7.75768]},"J3o":{"weight":1.0,"played":[1.0,0.0],"evs":[0.0,-7.58952]},"Q3o":{"weight":1.0,"played":[1.0,0.0],"evs":[0.0,-7.58191]},"K3o":{"weight":1.0,"played":[1.0,0.0],"evs":[0.0,-7.52538]},"A3o":{"weight":1.0,"played":[1.0,0.0],"evs":[0.0,-7.36252]},"42s":{"weight":1.0,"played":[1.0,0.0],"evs":[0.0,-6.72985]},"43s":{"weight":1.0,"played":[1.0,0.0],"evs":[0.0,-5.87511]},"44":{"weight":1.0,"played":[1.0,0.0],"evs":[0.0,-5.30829]},"54o":{"weight":1.0,"played":[1.0,0.0],"evs":[0.0,-6.42682]},"64o":{"weight":1.0,"played":[1.0,0.0],"evs":[0.0,-6.93309]},"74o":{"weight":1.0,"played":[1.0,0.0],"evs":[0.0,-7.57795]},"84o":{"weight":1.0,"played":[1.0,0.0],"evs":[0.0,-7.88644]},"94o":{"weight":1.0,"played":[1.0,0.0],"evs":[0.0,-7.94541]},"T4o":{"weight":1.0,"played":[1.0,0.0],"evs":[0.0,-7.86371]},"J4o":{"weight":1.0,"played":[1.0,0.0],"evs":[0.0,-7.4791]},"Q4o":{"weight":1.0,"played":[1.0,0.0],"evs":[0.0,-7.2074]},"K4o":{"weight":1.0,"played":[1.0,0.0],"evs":[0.0,-7.36141]},"A4o":{"weight":1.0,"played":[1.0,0.0],"evs":[0.0,-7.29042]},"52s":{"weight":1.0,"played":[1.0,0.0],"evs":[0.0,-6.49674]},"53s":{"weight":1.0,"played":[1.0,0.0],"evs":[0.0,-5.86145]},"54s":{"weight":1.0,"played":[1.0,0.0],"evs":[0.0,-5.27711]},"55":{"weight":1.0,"played":[1.0,0.0],"evs":[0.0,-5.40894]},"65o":{"weight":1.0,"played":[1.0,0.0],"evs":[0.0,-6.34566]},"75o":{"weight":1.0,"played":[1.0,0.0],"evs":[0.0,-6.93687]},"85o":{"weight":1.0,"played":[1.0,0.0],"evs":[0.0,-7.46656]},"95o":{"weight":1.0,"played":[1.0,0.0],"evs":[0.0,-7.55282]},"T5o":{"weight":1.0,"played":[1.0,0.0],"evs":[0.0,-7.78622]},"J5o":{"weight":1.0,"played":[1.0,0.0],"evs":[0.0,-7.43963]},"Q5o":{"weight":1.0,"played":[1.0,0.0],"evs":[0.0,-7.2905]},"K5o":{"weight":1.0,"played":[1.0,0.0],"evs":[0.0,-7.01692]},"A5o":{"weight":1.0,"played":[1.0,0.0],"evs":[0.0,-6.86637]},"62s":{"weight":1.0,"played":[1.0,0.0],"evs":[0.0,-6.56437]},"63s":{"weight":1.0,"played":[1.0,0.0],"evs":[0.0,-6.36585]},"64s":{"weight":1.0,"played":[1.0,0.0],"evs":[0.0,-6.22462]},"65s":{"weight":1.0,"played":[1.0,0.0],"evs":[0.0,-5.52087]},"66":{"weight":1.0,"played":[1.0,0.0],"evs":[0.0,-5.26544]},"76o":{"weight":1.0,"played":[1.0,0.0],"evs":[0.0,-6.58439]},"86o":{"weight":1.0,"played":[1.0,0.0],"evs":[0.0,-7.23628]},"96o":{"weight":1.0,"played":[1.0,0.0],"evs":[0.0,-7.28659]},"T6o":{"weight":1.0,"played":[1.0,0.0],"evs":[0.0,-7.32729]},"J6o":{"weight":1.0,"played":[1.0,0.0],"evs":[0.0,-7.52658]},"Q6o":{"weight":1.0,"played":[1.0,0.0],"evs":[0.0,-7.40908]},"K6o":{"weight":1.0,"played":[1.0,0.0],"evs":[0.0,-7.13198]},"A6o":{"weight":1.0,"played":[1.0,0.0],"evs":[0.0,-7.7671]},"72s":{"weight":1.0,"played":[1.0,0.0],"evs":[0.0,-7.27407]},"73s":{"weight":1.0,"played":[1.0,0.0],"evs":[0.0,-7.00991]},"74s":{"weight":1.0,"played":[1.0,0.0],"evs":[0.0,-6.50103]},"75s":{"weight":1.0,"played":[1.0,0.0],"evs":[0.0,-5.69839]},"76s":{"weight":1.0,"played":[1.0,0.0],"evs":[0.0,-5.35017]},"77":{"weight":1.0,"played":[1.0,0.0],"evs":[0.0,-5.22487]},"87o":{"weight":1.0,"played":[1.0,0.0],"evs":[0.0,-6.91005]},"97o":{"weight":1.0,"played":[1.0,0.0],"evs":[0.0,-7.04282]},"T7o":{"weight":1.0,"played":[1.0,0.0],"evs":[0.0,-7.26599]},"J7o":{"weight":1.0,"played":[1.0,0.0],"evs":[0.0,-7.23787]},"Q7o":{"weight":1.0,"played":[1.0,0.0],"evs":[0.0,-7.43845]},"K7o":{"weight":1.0,"played":[1.0,0.0],"evs":[0.0,-7.38299]},"A7o":{"weight":1.0,"played":[1.0,0.0],"evs":[0.0,-7.59093]},"82s":{"weight":1.0,"played":[1.0,0.0],"evs":[0.0,-7.23469]},"83s":{"weight":1.0,"played":[1.0,0.0],"evs":[0.0,-7.08575]},"84s":{"weight":1.0,"played":[1.0,0.0],"evs":[0.0,-6.5377]},"85s":{"weight":1.0,"played":[1.0,0.0],"evs":[0.0,-6.64968]},"86s":{"weight":1.0,"played":[1.0,0.0],"evs":[0.0,-6.11662]},"87s":{"weight":1.0,"played":[1.0,0.0],"evs":[0.0,-5.8472]},"88":{"weight":1.0,"played":[1.0,0.0],"evs":[0.0,-4.7288]},"98o":{"weight":1.0,"played":[1.0,0.0],"evs":[0.0,-6.96755]},"T8o":{"weight":1.0,"played":[1.0,0.0],"evs":[0.0,-7.07288]},"J8o":{"weight":1.0,"played":[1.0,0.0],"evs":[0.0,-6.93329]},"Q8o":{"weight":1.0,"played":[1.0,0.0],"evs":[0.0,-7.53739]},"K8o":{"weight":1.0,"played":[1.0,0.0],"evs":[0.0,-7.47586]},"A8o":{"weight":1.0,"played":[1.0,0.0],"evs":[0.0,-7.75108]},"92s":{"weight":1.0,"played":[1.0,0.0],"evs":[0.0,-6.94033]},"93s":{"weight":1.0,"played":[1.0,0.0],"evs":[0.0,-6.90735]},"94s":{"weight":1.0,"played":[1.0,0.0],"evs":[0.0,-7.14854]},"95s":{"weight":1.0,"played":[1.0,0.0],"evs":[0.0,-6.17752]},"96s":{"weight":1.0,"played":[1.0,0.0],"evs":[0.0,-6.22692]},"97s":{"weight":1.0,"played":[1.0,0.0],"evs":[0.0,-6.06707]},"98s":{"weight":1.0,"played":[1.0,0.0],"evs":[0.0,-5.84049]},"99":{"weight":1.0,"played":[1.0,0.0],"evs":[0.0,-3.52121]},"T9o":{"weight":1.0,"played":[1.0,0.0],"evs":[0.0,-6.22582]},"J9o":{"weight":1.0,"played":[1.0,0.0],"evs":[0.0,-6.48732]},"Q9o":{"weight":1.0,"played":[1.0,0.0],"evs":[0.0,-6.64536]},"K9o":{"weight":1.0,"played":[1.0,0.0],"evs":[0.0,-6.77117]},"A9o":{"weight":1.0,"played":[1.0,0.0],"evs":[0.0,-7.36182]},"T2s":{"weight":1.0,"played":[1.0,0.0],"evs":[0.0,-6.63674]},"T3s":{"weight":1.0,"played":[1.0,0.0],"evs":[0.0,-6.74075]},"T4s":{"weight":1.0,"played":[1.0,0.0],"evs":[0.0,-6.62712]},"T5s":{"weight":1.0,"played":[1.0,0.0],"evs":[0.0,-6.45755]},"T6s":{"weight":1.0,"played":[1.0,0.0],"evs":[0.0,-6.08894]},"T7s":{"weight":1.0,"played":[1.0,0.0],"evs":[0.0,-5.98921]},"T8s":{"weight":1.0,"played":[1.0,0.0],"evs":[0.0,-5.68345]},"T9s":{"weight":1.0,"played":[1.0,0.0],"evs":[0.0,-5.4497]},"TT":{"weight":1.0,"played":[1.0,0.0],"evs":[0.0,-1.30803]},"JTo":{"weight":1.0,"played":[1.0,0.0],"evs":[0.0,-6.06065]},"QTo":{"weight":1.0,"played":[1.0,0.0],"evs":[0.0,-6.12702]},"KTo":{"weight":1.0,"played":[1.0,0.0],"evs":[0.0,-6.02656]},"ATo":{"weight":1.0,"played":[1.0,0.0],"evs":[0.0,-6.46756]},"J2s":{"weight":1.0,"played":[1.0,0.0],"evs":[0.0,-6.80455]},"J3s":{"weight":1.0,"played":[1.0,0.0],"evs":[0.0,-6.05859]},"J4s":{"weight":1.0,"played":[1.0,0.0],"evs":[0.0,-6.44596]},"J5s":{"weight":1.0,"played":[1.0,0.0],"evs":[0.0,-6.08319]},"J6s":{"weight":1.0,"played":[1.0,0.0],"evs":[0.0,-5.92701]},"J7s":{"weight":1.0,"played":[1.0,0.0],"evs":[0.0,-6.12849]},"J8s":{"weight":1.0,"played":[1.0,0.0],"evs":[0.0,-5.85972]},"J9s":{"weight":1.0,"played":[1.0,0.0],"evs":[0.0,-5.41441]},"JTs":{"weight":1.0,"played":[1.0,0.0],"evs":[0.0,-4.59895]},"JJ":{"weight":1.0,"played":[0.6683,0.3317],"evs":[0.0,0.09756]},"QJo":{"weight":1.0,"played":[1.0,0.0],"evs":[0.0,-5.75479]},"KJo":{"weight":1.0,"played":[1.0,0.0],"evs":[0.0,-5.6124]},"AJo":{"weight":1.0,"played":[1.0,0.0],"evs":[0.0,-6.10614]},"Q2s":{"weight":1.0,"played":[1.0,0.0],"evs":[0.0,-6.56331]},"Q3s":{"weight":1.0,"played":[1.0,0.0],"evs":[0.0,-6.20987]},"Q4s":{"weight":1.0,"played":[1.0,0.0],"evs":[0.0,-5.95756]},"Q5s":{"weight":1.0,"played":[1.0,0.0],"evs":[0.0,-6.02563]},"Q6s":{"weight":1.0,"played":[1.0,0.0],"evs":[0.0,-5.8814]},"Q7s":{"weight":1.0,"played":[1.0,0.0],"evs":[0.0,-6.15676]},"Q8s":{"weight":1.0,"played":[1.0,0.0],"evs":[0.0,-6.39]},"Q9s":{"weight":1.0,"played":[1.0,0.0],"evs":[0.0,-5.42022]},"QTs":{"weight":1.0,"played":[1.0,0.0],"evs":[0.0,-4.64908]},"QJs":{"weight":1.0,"played":[1.0,0.0],"evs":[0.0,-4.78179]},"QQ":{"weight":1.0,"played":[0.0,1.0],"evs":[0.0,2.24704]},"KQo":{"weight":1.0,"played":[1.0,0.0],"evs":[0.0,-5.33606]},"AQo":{"weight":1.0,"played":[1.0,0.0],"evs":[0.0,-5.1916]},"K2s":{"weight":1.0,"played":[1.0,0.0],"evs":[0.0,-6.11795]},"K3s":{"weight":1.0,"played":[1.0,0.0],"evs":[0.0,-6.3454]},"K4s":{"weight":1.0,"played":[1.0,0.0],"evs":[0.0,-6.08965]},"K5s":{"weight":1.0,"played":[1.0,0.0],"evs":[0.0,-5.70515]},"K6s":{"weight":1.0,"played":[1.0,0.0],"evs":[0.0,-5.90874]},"K7s":{"weight":1.0,"played":[1.0,0.0],"evs":[0.0,-5.95054]},"K8s":{"weight":1.0,"played":[1.0,0.0],"evs":[0.0,-5.96422]},"K9s":{"weight":1.0,"played":[1.0,0.0],"evs":[0.0,-5.32383]},"KTs":{"weight":1.0,"played":[1.0,0.0],"evs":[0.0,-4.45652]},"KJs":{"weight":1.0,"played":[1.0,0.0],"evs":[0.0,-4.77307]},"KQs":{"weight":1.0,"played":[1.0,0.0],"evs":[0.0,-4.45234]},"KK":{"weight":1.0,"played":[0.0,1.0],"evs":[0.0,6.12866]},"AKo":{"weight":1.0,"played":[1.0,0.0],"evs":[0.0,-2.50754]},"A2s":{"weight":1.0,"played":[1.0,0.0],"evs":[0.0,-5.78672]},"A3s":{"weight":1.0,"played":[1.0,0.0],"evs":[0.0,-6.00256]},"A4s":{"weight":1.0,"played":[1.0,0.0],"evs":[0.0,-5.99505]},"A5s":{"weight":1.0,"played":[1.0,0.0],"evs":[0.0,-5.4929]},"A6s":{"weight":1.0,"played":[1.0,0.0],"evs":[0.0,-6.33562]},"A7s":{"weight":1.0,"played":[1.0,0.0],"evs":[0.0,-6.24212]},"A8s":{"weight":1.0,"played":[1.0,0.0],"evs":[0.0,-6.51217]},"A9s":{"weight":1.0,"played":[1.0,0.0],"evs":[0.0,-5.89021]},"ATs":{"weight":1.0,"played":[1.0,0.0],"evs":[0.0,-5.37162]},"AJs":{"weight":1.0,"played":[1.0,0.0],"evs":[0.0,-5.08679]},"AQs":{"weight":1.0,"played":[1.0,0.0],"evs":[0.0,-4.18855]},"AKs":{"weight":1.0,"played":[1.0,0.0],"evs":[0.0,-1.63705]},"AA":{"weight":1.0,"played":[0.0,1.0],"evs":[0.0,10.012]}}}