{"player":6,"street":0,"children":2,"sequence":[{"player":0,"type":"R","amount":26350000,"street":0},{"player":1,"type":"F","amount":0,"street":0},{"player":2,"type":"C","amount":26350000,"street":0},{"player":3,"type":"F","amount":0,"street":0},{"player":4,"type":"R","amount":61485900,"street":0},{"player":5,"type":"C","amount":14516800,"street":0}],"actions":[{"type":"F","amount":0,"node":142},{"type":"C","amount":56485900,"node":143}],"hands":{"22":{"weight":1.0,"played":[0.9671,0.0329],"evs":[0.0,-5.99217]},"32o":{"weight":1.0,"played":[0.9945,0.0055],"evs":[0.0,-7.08108]},"42o":{"weight":1.0,"played":[0.9999,1.0E-4],"evs":[0.0,-8.85387]},"52o":{"weight":1.0,"played":[0.9998,2.0E-4],"evs":[0.0,-7.55553]},"62o":{"weight":1.0,"played":[0.9989,0.0011],"evs":[0.0,-7.43476]},"72o":{"weight":1.0,"played":[0.9981,0.0019],"evs":[0.0,-7.9028]},"82o":{"weight":1.0,"played":[0.9993,7.0E-4],"evs":[0.0,-8.07285]},"92o":{"weight":1.0,"played":[0.9984,0.0016],"evs":[0.0,-7.40597]},"T2o":{"weight":1.0,"played":[1.0,0.0],"evs":[0.0,-7.06984]},"J2o":{"weight":1.0,"played":[0.9943,0.0057],"evs":[0.0,-7.08374]},"Q2o":{"weight":1.0,"played":[0.9994,6.0E-4],"evs":[0.0,-7.67323]},"K2o":{"weight":1.0,"played":[0.9998,2.0E-4],"evs":[0.0,-8.08709]},"A2o":{"weight":1.0,"played":[0.9726,0.0274],"evs":[0.0,-6.0674]},"32s":{"weight":1.0,"played":[0.9983,0.0017],"evs":[0.0,-5.5805]},"33":{"weight":1.0,"played":[0.9804,0.0196],"evs":[0.0,-4.8661]},"43o":{"weight":1.0,"played":[0.9977,0.0023],"evs":[0.0,-7.23491]},"53o":{"weight":1.0,"played":[0.9951,0.0049],"evs":[0.0,-5.53106]},"63o":{"weight":1.0,"played":[0.9914,0.0086],"evs":[0.0,-4.92317]},"73o":{"weight":1.0,"played":[0.9981,0.0019],"evs":[0.0,-7.61393]},"83o":{"weight":1.0,"played":[0.9998,2.0E-4],"evs":[0.0,-7.8947]},"93o":{"weight":1.0,"played":[0.9999,1.0E-4],"evs":[0.0,-7.79953]},"T3o":{"weight":1.0,"played":[0.9946,0.0054],"evs":[0.0,-6.7464]},"J3o":{"weight":1.0,"played":[0.9986,0.0014],"evs":[0.0,-5.9305]},"Q3o":{"weight":1.0,"played":[1.0,0.0],"evs":[0.0,-6.83178]},"K3o":{"weight":1.0,"played":[0.9998,2.0E-4],"evs":[0.0,-7.93968]},"A3o":{"weight":1.0,"played":[0.9955,0.0045],"evs":[0.0,-9.22664]},"42s":{"weight":1.0,"played":[0.9701,0.0299],"evs":[0.0,-6.51901]},"43s":{"weight":1.0,"played":[0.8638,0.1362],"evs":[0.0,-6.35787]},"44":{"weight":1.0,"played":[0.9337,0.0663],"evs":[0.0,-3.37679]},"54o":{"weight":1.0,"played":[0.9981,0.0019],"evs":[0.0,-3.80772]},"64o":{"weight":1.0,"played":[0.9997,3.0E-4],"evs":[0.0,-4.92632]},"74o":{"weight":1.0,"played":[0.9986,0.0014],"evs":[0.0,-7.52313]},"84o":{"weight":1.0,"played":[0.9987,0.0013],"evs":[0.0,-8.64337]},"94o":{"weight":1.0,"played":[0.9988,0.0012],"evs":[0.0,-6.04671]},"T4o":{"weight":1.0,"played":[0.9987,0.0013],"evs":[0.0,-6.394]},"J4o":{"weight":1.0,"played":[1.0,0.0],"evs":[0.0,-6.958]},"Q4o":{"weight":1.0,"played":[0.9929,0.0071],"evs":[0.0,-7.54653]},"K4o":{"weight":1.0,"played":[0.9855,0.0145],"evs":[0.0,-6.41098]},"A4o":{"weight":1.0,"played":[0.9993,7.0E-4],"evs":[0.0,-7.78252]},"52s":{"weight":1.0,"played":[0.9932,0.0068],"evs":[0.0,-4.89576]},"53s":{"weight":1.0,"played":[0.9956,0.0044],"evs":[0.0,-5.60307]},"54s":{"weight":1.0,"played":[0.9937,0.0063],"evs":[0.0,-7.58497]},"55":{"weight":1.0,"played":[0.9984,0.0016],"evs":[0.0,-6.49384]},"65o":{"weight":1.0,"played":[0.9753,0.0247],"evs":[0.0,-6.25224]},"75o":{"weight":1.0,"played":[0.9994,6.0E-4],"evs":[0.0,-4.19834]},"85o":{"weight":1.0,"played":[0.998,0.002],"evs":[0.0,-7.54614]},"95o":{"weight":1.0,"played":[0.9996,4.0E-4],"evs":[0.0,-7.23104]},"T5o":{"weight":1.0,"played":[0.9989,0.0011],"evs":[0.0,-6.28458]},"J5o":{"weight":1.0,"played":[1.0,0.0],"evs":[0.0,-7.02169]},"Q5o":{"weight":1.0,"played":[0.9994,6.0E-4],"evs":[0.0,-6.10408]},"K5o":{"weight":1.0,"played":[0.998,0.002],"evs":[0.0,-6.98437]},"A5o":{"weight":1.0,"played":[0.994,0.006],"evs":[0.0,-2.83873]},"62s":{"weight":1.0,"played":[0.9971,0.0029],"evs":[0.0,-4.49122]},"63s":{"weight":1.0,"played":[0.9811,0.0189],"evs":[0.0,-8.11589]},"64s":{"weight":1.0,"played":[1.0,0.0],"evs":[0.0,-6.65136]},"65s":{"weight":1.0,"played":[0.9267,0.0733],"evs":[0.0,-7.59511]},"66":{"weight":1.0,"played":[0.9935,0.0065],"evs":[0.0,-4.08948]},"76o":{"weight":1.0,"played":[0.9984,0.0016],"evs":[0.0,-5.38104]},"86o":{"weight":1.0,"played":[0.9989,0.0011],"evs":[0.0,-5.80008]},"96o":{"weight":1.0,"played":[0.9998,2.0E-4],"evs":[0.0,-7.02334]},"T6o":{"weight":1.0,"played":[0.9989,0.0011],"evs":[0.0,-5.53984]},"J6o":{"weight":1.0,"played":[0.9987,0.0013],"evs":[0.0,-4.93197]},"Q6o":{"weight":1.0,"played":[0.9993,7.0E-4],"evs":[0.0,-6.19556]},"K6o":{"weight":1.0,"played":[0.9972,0.0028],"evs":[0.0,-7.62403]},"A6o":{"weight":1.0,"played":[0.9974,0.0026],"evs":[0.0,-7.31793]},"72s":{"weight":1.0,"played":[1.0,0.0],"evs":[0.0,-5.11889]},"73s":{"weight":1.0,"played":[0.9798,0.0202],"evs":[0.0,-5.06693]},"74s":{"weight":1.0,"played":[1.0,0.0],"evs":[0.0,-7.73583]},"75s":{"weight":1.0,"played":[0.9887,0.0113],"evs":[0.0,-5.64896]},"76s":{"weight":1.0,"played":[0.9878,0.0122],"evs":[0.0,-9.31737]},"77":{"weight":1.0,"played":[0.9902,0.0098],"evs":[0.0,-6.51854]},"87o":{"weight":1.0,"played":[0.9987,0.0013],"evs":[0.0,-4.64278]},"97o":{"weight":1.0,"played":[0.991,0.009],"evs":[0.0,-8.91169]},"T7o":{"weight":1.0,"played":[0.9996,4.0E-4],"evs":[0.0,-6.52023]},"J7o":{"weight":1.0,"played":[0.9896,0.0104],"evs":[0.0,-7.67375]},"Q7o":{"weight":1.0,"played":[0.9959,0.0041],"evs":[0.0,-5.82536]},"K7o":{"weight":1.0,"played":[0.9957,0.0043],"evs":[0.0,-8.73415]},"A7o":{"weight":1.0,"played":[0.9955,0.0045],"evs":[0.0,-6.54244]},"82s":{"weight":1.0,"played":[0.9978,0.0022],"evs":[0.0,-5.51398]},"83s":{"weight":1.0,"played":[0.9895,0.0105],"evs":[0.0,-8.43791]},"84s":{"weight":1.0,"played":[0.9955,0.0045],"evs":[0.0,-5.25497]},"85s":{"weight":1.0,"played":[0.811,0.189],"evs":[0.0,-4.38918]},"86s":{"weight":1.0,"played":[0.9985,0.0015],"evs":[0.0,-7.0209]},"87s":{"weight":1.0,"played":[0.9913,0.0087],"evs":[0.0,-5.15984]},"88":{"weight":1.0,"played":[0.9837,0.0163],"evs":[0.0,-6.23978]},"98o":{"weight":1.0,"played":[1.0,0.0],"evs":[0.0,-5.0044]},"T8o":{"weight":1.0,"played":[0.999,0.001],"evs":[0.0,-5.69543]},"J8o":{"weight":1.0,"played":[0.9997,3.0E-4],"evs":[0.0,-7.54494]},"Q8o":{"weight":1.0,"played":[1.0,0.0],"evs":[0.0,-5.96027]},"K8o":{"weight":1.0,"played":[0.9987,0.0013],"evs":[0.0,-7.58533]},"A8o":{"weight":1.0,"played":[0.9865,0.0135],"evs":[0.0,-4.17804]},"92s":{"weight":1.0,"played":[0.9483,0.0517],"evs":[0.0,-3.0734]},"93s":{"weight":1.0,"played":[0.9309,0.0691],"evs":[0.0,-3.82376]},"94s":{"weight":1.0,"played":[0.9928,0.0072],"evs":[0.0,-6.63942]},"95s":{"weight":1.0,"played":[0.9997,3.0E-4],"evs":[0.0,-2.27623]},"96s":{"weight":1.0,"played":[0.9659,0.0341],"evs":[0.0,-8.0345]},"97s":{"weight":1.0,"played":[0.6845,0.3155],"evs":[0.0,-2.52201]},"98s":{"weight":1.0,"played":[0.9902,0.0098],"evs":[0.0,-3.58282]},"99":{"weight":1.0,"played":[0.9991,9.0E-4],"evs":[0.0,-1.79216]},"T9o":{"weight":1.0,"played":[0.9973,0.0027],"evs":[0.0,-6.62825]},"J9o":{"weight":1.0,"played":[0.9995,5.0E-4],"evs":[0.0,-6.80004]},"Q9o":{"weight":1.0,"played":[0.9985,0.0015],"evs":[0.0,-6.35129]},"K9o":{"weight":1.0,"played":[0.9974,0.0026],"evs":[0.0,-7.97059]},"A9o":{"weight":1.0,"played":[0.9968,0.0032],"evs":[0.0,-8.14407]},"T2s":{"weight":1.0,"played":[0.5209,0.4791],"evs":[0.0,-3.01269]},"T3s":{"weight":1.0,"played":[0.9193,0.0807],"evs":[0.0,-6.36303]},"T4s":{"weight":1.0,"played":[0.6941,0.3059],"evs":[0.0,-1.92379]},"T5s":{"weight":1.0,"played":[0.9883,0.0117],"evs":[0.0,-6.29769]},"T6s":{"weight":1.0,"played":[0.8693,0.1307],"evs":[0.0,-6.23829]},"T7s":{"weight":1.0,"played":[0.977,0.023],"evs":[0.0,-4.60912]},"T8s":{"weight":1.0,"played":[0.9354,0.0646],"evs":[0.0,-3.65989]},"T9s":{"weight":1.0,"played":[0.979,0.021],"evs":[0.0,-3.25015]},"TT":{"weight":1.0,"played":[0.7928,0.2072],"evs":[0.0,-0.66722]},"JTo":{"weight":1.0,"played":[0.9995,5.0E-4],"evs":[0.0,-5.12163]},"QTo":{"weight":1.0,"played":[1.0,0.0],"evs":[0.0,-5.37679]},"KTo":{"weight":1.0,"played":[0.9961,0.0039],"evs":[0.0,-6.81135]},"ATo":{"weight":1.0,"played":[1.0,0.0],"evs":[0.0,-6.90574]},"J2s":{"weight":1.0,"played":[0.9998,2.0E-4],"evs":[0.0,-7.97848]},"J3s":{"weight":1.0,"played":[0.9845,0.0155],"evs":[0.0,-4.54768]},"J4s":{"weight":1.0,"played":[0.942,0.058],"evs":[0.0,-6.18134]},"J5s":{"weight":1.0,"played":[0.7675,0.2325],"evs":[0.0,-5.48486]},"J6s":{"weight":1.0,"played":[0.9921,0.0079],"evs":[0.0,-2.52784]},"J7s":{"weight":1.0,"played":[0.7458,0.2542],"evs":[0.0,-1.03419]},"J8s":{"weight":1.0,"played":[0.9777,0.0223],"evs":[0.0,-9.49585]},"J9s":{"weight":1.0,"played":[0.9858,0.0142],"evs":[0.0,-3.65131]},"JTs":{"weight":1.0,"played":[0.9997,3.0E-4],"evs":[0.0,-7.55157]},"JJ":{"weight":1.0,"played":[0.0114,0.9886],"evs":[0.0,4.54569]},"QJo":{"weight":1.0,"played":[0.9979,0.0021],"evs":[0.0,-4.28337]},"KJo":{"weight":1.0,"played":[0.9993,7.0E-4],"evs":[0.0,-5.84972]},"AJo":{"weight":1.0,"played":[0.9851,0.0149],"evs":[0.0,-6.09762]},"Q2s":{"weight":1.0,"played":[1.0,0.0],"evs":[0.0,-7.10951]},"Q3s":{"weight":1.0,"played":[1.0,0.0],"evs":[0.0,-8.93459]},"Q4s":{"weight":1.0,"played":[0.9305,0.0695],"evs":[0.0,-3.27194]},"Q5s":{"weight":1.0,"played":[1.0,0.0],"evs":[0.0,-5.33304]},"Q6s":{"weight":1.0,"played":[0.9843,0.0157],"evs":[0.0,-8.61112]},"Q7s":{"weight":1.0,"played":[0.963,0.037],"evs":[0.0,-6.97665]},"Q8s":{"weight":1.0,"played":[0.6442,0.3558],"evs":[0.0,-0.69844]},"Q9s":{"weight":1.0,"played":[0.7835,0.2165],"evs":[0.0,-1.2386]},"QTs":{"weight":1.0,"played":[0.5636,0.4364],"evs":[0.0,-3.23726]},"QJs":{"weight":1.0,"played":[0.9642,0.0358],"evs":[0.0,-1.88542]},"QQ":{"weight":1.0,"played":[0.001,0.999],"evs":[0.0,1.95535]},"KQo":{"weight":1.0,"played":[0.9994,6.0E-4],"evs":[0.0,-4.22949]},"AQo":{"weight":1.0,"played":[0.9902,0.0098],"evs":[0.0,-5.03066]},"K2s":{"weight":1.0,"played":[1.0,0.0],"evs":[0.0,-7.57062]},"K3s":{"weight":1.0,"played":[1.0,0.0],"evs":[0.0,-7.09781]},"K4s":{"weight":1.0,"played":[0.9019,0.0981],"evs":[0.0,-6.51992]},"K5s":{"weight":1.0,"played":[0.9862,0.0138],"evs":[0.0,-7.01231]},"K6s":{"weight":1.0,"played":[0.5079,0.4921],"evs":[0.0,1.43657]},"K7s":{"weight":1.0,"played":[0.9654,0.0346],"evs":[0.0,-9.52561]},"K8s":{"weight":1.0,"played":[0.8071,0.1929],"evs":[0.0,-4.99802]},"K9s":{"weight":1.0,"played":[0.9806,0.0194],"evs":[0.0,-5.36264]},"KTs":{"weight":1.0,"played":[0.9931,0.0069],"evs":[0.0,-8.72321]},"KJs":{"weight":1.0,"played":[0.9976,0.0024],"evs":[0.0,-3.7311]},"KQs":{"weight":1.0,"played":[0.9665,0.0335],"evs":[0.0,-6.62179]},"KK":{"weight":1.0,"played":[0.1465,0.8535],"evs":[0.0,3.66094]},"AKo":{"weight":1.0,"played":[0.5897,0.4103],"evs":[0.0,-1.29623]},"A2s":{"weight":1.0,"played":[0.9897,0.0103],"evs":[0.0,-5.14135]},"A3s":{"weight":1.0,"played":[0.8971,0.1029],"evs":[0.0,-2.7582]},"A4s":{"weight":1.0,"played":[0.9872,0.0128],"evs":[0.0,-1.11791]},"A5s":{"weight":1.0,"played":[0.9971,0.0029],"evs":[0.0,-2.87436]},"A6s":{"weight":1.0,"played":[0.992,0.008],"evs":[0.0,-5.2808]},"A7s":{"weight":1.0,"played":[0.9859,0.0141],"evs":[0.0,-6.20358]},"A8s":{"weight":1.0,"played":[0.9924,0.0076],"evs":[0.0,-8.06422]},"A9s":{"weight":1.0,"played":[1.0,0.0],"evs":[0.0,-3.05196]},"ATs":{"weight":1.0,"played":[0.9796,0.0204],"evs":[0.0,-3.25705]},"AJs":{"weight":1.0,"played":[0.987,0.013],"evs":[0.0,-4.28216]},"AQs":{"weight":1.0,"played":[1.0,0.0],"evs":[0.0,-5.48579]},"AKs":{"weight":1.0,"played":[0.9098,0.0902],"evs":[0.0,-5.10789]},"AA":{"weight":1.0,"played":[0.0,1.0],"evs":[0.0,10.67358]}}}