{"player":2,"street":0,"children":2,"sequence":[{"player":0,"type":"R","amount":26350000,"street":0},{"player":1,"type":"F","amount":0,"street":0},{"player":2,"type":"C","amount":26350000,"street":0},{"player":3,"type":"F","amount":0,"street":0},{"player":4,"type":"R","amount":61485900,"street":0},{"player":5,"type":"C","amount":14516800,"street":0},{"player":6,"type":"F","amount":0,"street":0}],"actions":[{"type":"F","amount":0},{"type":"C","amount":8000000}],"hands":{"22":{"weight":0.0,"played":[0.0,1.0],"evs":[0.0,1.59612]},"32o":{"weight":0.0,"played":[0.0331,0.9669],"evs":[0.0,0.507]},"42o":{"weight":0.0,"played":[0.0069,0.9931],"evs":[0.0,0.83248]},"52o":{"weight":0.0,"played":[0.001,0.999],"evs":[0.0,0.76782]},"62o":{"weight":0.0,"played":[0.0114,0.9886],"evs":[0.0,0.53639]},"72o":{"weight":0.0,"played":[0.4325,0.5675],"evs":[0.0,0.13689]},"82o":{"weight":0.0,"played":[1.0E-4,0.9999],"evs":[0.0,0.32311]},"92o":{"weight":0.0,"played":[0.0049,0.9951],"evs":[0.0,0.32407]},"T2o":{"weight":0.0,"played":[0.0293,0.9707],"evs":[0.0,0.26568]},"J2o":{"weight":0.0,"played":[0.0015,0.9985],"evs":[0.0,0.55294]},"Q2o":{"weight":0.0,"played":[1.0E-4,0.9999],"evs":[0.0,0.64941]},"K2o":{"weight":0.0,"played":[0.457,0.543],"evs":[0.0,-1.7E-4]},"A2o":{"weight":0.0,"played":[0.0901,0.9099],"evs":[0.0,0.61977]},"32s":{"weight":0.0,"played":[0.0071,0.9929],"evs":[0.0,1.37297]},"33":{"weight":0.0,"played":[0.0,1.0],"evs":[0.0,1.65246]},"43o":{"weight":0.0,"played":[0.0,1.0],"evs":[0.0,1.12912]},"53o":{"weight":0.0,"played":[1.0E-4,0.9999],"evs":[0.0,1.16554]},"63o":{"weight":0.0,"played":[1.0E-4,0.9999],"evs":[0.0,0.86648]},"73o":{"weight":0.0,"played":[2.0E-4,0.9998],"evs":[0.0,0.65023]},"83o":{"weight":0.0,"played":[0.4062,0.5938],"evs":[0.0,0.20417]},"93o":{"weight":0.0,"played":[0.0,1.0],"evs":[0.0,0.09319]},"T3o":{"weight":0.0,"played":[0.0099,0.9901],"evs":[0.0,0.28804]},"J3o":{"weight":0.0,"played":[4.0E-4,0.9996],"evs":[0.0,0.6877]},"Q3o":{"weight":0.0,"played":[0.0057,0.9943],"evs":[0.0,0.46811]},"K3o":{"weight":0.0,"played":[0.5781,0.4219],"evs":[0.0,0.11571]},"A3o":{"weight":0.0,"played":[0.0,1.0],"evs":[0.0,0.681]},"42s":{"weight":0.0,"played":[0.0026,0.9974],"evs":[0.0,1.83659]},"43s":{"weight":0.0,"played":[0.0,1.0],"evs":[0.0,2.11852]},"44":{"weight":0.0,"played":[2.0E-4,0.9998],"evs":[0.0,1.71042]},"54o":{"weight":0.0,"played":[0.0,1.0],"evs":[0.0,1.62333]},"64o":{"weight":0.0,"played":[0.0,1.0],"evs":[0.0,1.51127]},"74o":{"weight":0.0,"played":[1.0E-4,0.9999],"evs":[0.0,1.10719]},"84o":{"weight":0.0,"played":[0.0,1.0],"evs":[0.0,0.66283]},"94o":{"weight":0.0,"played":[0.0989,0.9011],"evs":[0.0,0.35417]},"T4o":{"weight":0.0,"played":[0.0,1.0],"evs":[0.0,0.71106]},"J4o":{"weight":0.0,"played":[0.0162,0.9838],"evs":[0.0,0.58275]},"Q4o":{"weight":0.0,"played":[0.0,1.0],"evs":[0.0,0.58183]},"K4o":{"weight":0.0,"played":[0.482,0.518],"evs":[0.0,0.03428]},"A4o":{"weight":0.0,"played":[0.0,1.0],"evs":[0.0,0.64844]},"52s":{"weight":0.0,"played":[0.0091,0.9909],"evs":[0.0,1.98593]},"53s":{"weight":0.0,"played":[1.0E-4,0.9999],"evs":[0.0,1.90308]},"54s":{"weight":0.0,"played":[4.0E-4,0.9996],"evs":[0.0,1.90544]},"55":{"weight":0.0,"played":[0.0,1.0],"evs":[0.0,1.83074]},"65o":{"weight":0.0,"played":[0.0,1.0],"evs":[0.0,1.8525]},"75o":{"weight":0.0,"played":[0.0,1.0],"evs":[0.0,1.40349]},"85o":{"weight":0.0,"played":[2.0E-4,0.9998],"evs":[0.0,1.46204]},"95o":{"weight":0.0,"played":[1.0E-4,0.9999],"evs":[0.0,0.8274]},"T5o":{"weight":0.0,"played":[0.0325,0.9675],"evs":[0.0,0.71438]},"J5o":{"weight":0.0,"played":[0.0023,0.9977],"evs":[0.0,1.07212]},"Q5o":{"weight":0.0,"played":[0.0,1.0],"evs":[0.0,1.15885]},"K5o":{"weight":0.0,"played":[0.0049,0.9951],"evs":[0.0,0.32232]},"A5o":{"weight":0.0,"played":[0.0,1.0],"evs":[0.0,1.71463]},"62s":{"weight":0.0,"played":[0.0028,0.9972],"evs":[0.0,1.87461]},"63s":{"weight":0.0,"played":[0.0014,0.9986],"evs":[0.0,2.35225]},"64s":{"weight":0.0,"played":[2.0E-4,0.9998],"evs":[0.0,1.91256]},"65s":{"weight":0.0,"played":[3.0E-4,0.9997],"evs":[0.0,2.55037]},"66":{"weight":0.0,"played":[0.0,1.0],"evs":[0.0,2.02161]},"76o":{"weight":0.0,"played":[1.0E-4,0.9999],"evs":[0.0,1.6427]},"86o":{"weight":0.0,"played":[0.0,1.0],"evs":[0.0,1.07123]},"96o":{"weight":0.0,"played":[0.0,1.0],"evs":[0.0,0.90888]},"T6o":{"weight":0.0,"played":[0.0,1.0],"evs":[0.0,0.6656]},"J6o":{"weight":0.0,"played":[0.0484,0.9516],"evs":[0.0,1.04221]},"Q6o":{"weight":0.0,"played":[0.0,1.0],"evs":[0.0,0.72523]},"K6o":{"weight":0.0,"played":[0.0168,0.9832],"evs":[0.0,0.32093]},"A6o":{"weight":0.0,"played":[0.0024,0.9976],"evs":[0.0,0.1971]},"72s":{"weight":0.0,"played":[0.0038,0.9962],"evs":[0.0,0.82261]},"73s":{"weight":0.0,"played":[5.0E-4,0.9995],"evs":[0.0,1.68543]},"74s":{"weight":0.0,"played":[3.0E-4,0.9997],"evs":[0.0,2.42883]},"75s":{"weight":0.0,"played":[0.0,1.0],"evs":[0.0,2.03169]},"76s":{"weight":0.0,"played":[0.0,1.0],"evs":[0.0,1.71732]},"77":{"weight":0.422,"played":[0.0,1.0],"evs":[0.0,2.30064]},"87o":{"weight":0.0,"played":[0.0,1.0],"evs":[0.0,1.32103]},"97o":{"weight":0.0,"played":[0.0,1.0],"evs":[0.0,1.51282]},"T7o":{"weight":0.0,"played":[0.0,1.0],"evs":[0.0,0.64842]},"J7o":{"weight":0.0,"played":[0.0,1.0],"evs":[0.0,0.78743]},"Q7o":{"weight":0.0,"played":[1.0E-4,0.9999],"evs":[0.0,0.89578]},"K7o":{"weight":0.0,"played":[0.2417,0.7583],"evs":[0.0,-0.02784]},"A7o":{"weight":0.0,"played":[6.0E-4,0.9994],"evs":[0.0,0.52577]},"82s":{"weight":0.0,"played":[0.0012,0.9988],"evs":[0.0,1.21097]},"83s":{"weight":0.0,"played":[1.0E-4,0.9999],"evs":[0.0,1.68014]},"84s":{"weight":0.0,"played":[3.0E-4,0.9997],"evs":[0.0,1.28389]},"85s":{"weight":0.0,"played":[1.0E-4,0.9999],"evs":[0.0,2.11657]},"86s":{"weight":0.0,"played":[0.0,1.0],"evs":[0.0,1.97868]},"87s":{"weight":0.0,"played":[0.0,1.0],"evs":[0.0,2.44959]},"88":{"weight":0.4026,"played":[0.0,1.0],"evs":[0.0,2.15022]},"98o":{"weight":0.0,"played":[2.0E-4,0.9998],"evs":[0.0,1.27491]},"T8o":{"weight":0.0,"played":[0.0,1.0],"evs":[0.0,1.34746]},"J8o":{"weight":0.0,"played":[1.0E-4,0.9999],"evs":[0.0,1.10214]},"Q8o":{"weight":0.0,"played":[0.0102,0.9898],"evs":[0.0,0.95274]},"K8o":{"weight":0.0,"played":[0.2903,0.7097],"evs":[0.0,0.09178]},"A8o":{"weight":0.0,"played":[0.0308,0.9692],"evs":[0.0,0.3362]},"92s":{"weight":0.0,"played":[2.0E-4,0.9998],"evs":[0.0,1.09142]},"93s":{"weight":0.0,"played":[6.0E-4,0.9994],"evs":[0.0,1.14561]},"94s":{"weight":0.0,"played":[0.0,1.0],"evs":[0.0,1.06916]},"95s":{"weight":0.0,"played":[0.0096,0.9904],"evs":[0.0,1.66256]},"96s":{"weight":0.0,"played":[0.0012,0.9988],"evs":[0.0,1.95294]},"97s":{"weight":0.0,"played":[0.0,1.0],"evs":[0.0,2.29094]},"98s":{"weight":0.0,"played":[1.0E-4,0.9999],"evs":[0.0,1.52466]},"99":{"weight":0.2366,"played":[0.0,1.0],"evs":[0.0,2.88823]},"T9o":{"weight":0.0,"played":[0.0,1.0],"evs":[0.0,1.69112]},"J9o":{"weight":0.0,"played":[0.0,1.0],"evs":[0.0,1.78132]},"Q9o":{"weight":0.0,"played":[0.0017,0.9983],"evs":[0.0,1.0252]},"K9o":{"weight":0.0,"played":[9.0E-4,0.9991],"evs":[0.0,0.40848]},"A9o":{"weight":0.0,"played":[2.0E-4,0.9998],"evs":[0.0,0.59178]},"T2s":{"weight":0.0,"played":[4.0E-4,0.9996],"evs":[0.0,1.74184]},"T3s":{"weight":0.0,"played":[0.0156,0.9844],"evs":[0.0,1.52398]},"T4s":{"weight":0.0,"played":[0.0018,0.9982],"evs":[0.0,1.87422]},"T5s":{"weight":0.0,"played":[0.0,1.0],"evs":[0.0,2.03452]},"T6s":{"weight":0.0,"played":[2.0E-4,0.9998],"evs":[0.0,1.94504]},"T7s":{"weight":0.0,"played":[0.0011,0.9989],"evs":[0.0,1.16172]},"T8s":{"weight":0.0,"played":[1.0E-4,0.9999],"evs":[0.0,2.4518]},"T9s":{"weight":0.0,"played":[0.0,1.0],"evs":[0.0,2.57726]},"TT":{"weight":0.51,"played":[0.0,1.0],"evs":[0.0,3.68674]},"JTo":{"weight":0.0,"played":[0.0,1.0],"evs":[0.0,1.85561]},"QTo":{"weight":0.0,"played":[0.0,1.0],"evs":[0.0,1.36621]},"KTo":{"weight":0.0,"played":[0.0,1.0],"evs":[0.0,1.08834]},"ATo":{"weight":0.0,"played":[0.0,1.0],"evs":[0.0,1.28078]},"J2s":{"weight":0.0,"played":[0.0,1.0],"evs":[0.0,1.74273]},"J3s":{"weight":0.0,"played":[9.0E-4,0.9991],"evs":[0.0,1.33832]},"J4s":{"weight":0.0,"played":[0.0,1.0],"evs":[0.0,1.44853]},"J5s":{"weight":0.0,"played":[0.0037,0.9963],"evs":[0.0,2.05198]},"J6s":{"weight":0.0,"played":[2.0E-4,0.9998],"evs":[0.0,1.8259]},"J7s":{"weight":0.0,"played":[2.0E-4,0.9998],"evs":[0.0,2.12665]},"J8s":{"weight":0.0,"played":[0.0,1.0],"evs":[0.0,1.63494]},"J9s":{"weight":0.0,"played":[0.0,1.0],"evs":[0.0,1.92288]},"JTs":{"weight":0.0,"played":[0.0,1.0],"evs":[0.0,2.66392]},"JJ":{"weight":0.2913,"played":[0.0,1.0],"evs":[0.0,5.26575]},"QJo":{"weight":0.0,"played":[0.0,1.0],"evs":[0.0,1.5772]},"KJo":{"weight":0.0,"played":[0.0,1.0],"evs":[0.0,1.08533]},"AJo":{"weight":0.4308,"played":[0.0,1.0],"evs":[0.0,1.40551]},"Q2s":{"weight":0.0,"played":[0.0013,0.9987],"evs":[0.0,1.57416]},"Q3s":{"weight":0.0,"played":[0.0,1.0],"evs":[0.0,1.73551]},"Q4s":{"weight":0.0,"played":[0.0017,0.9983],"evs":[0.0,1.75013]},"Q5s":{"weight":0.0,"played":[1.0E-4,0.9999],"evs":[0.0,1.74723]},"Q6s":{"weight":0.0,"played":[0.0018,0.9982],"evs":[0.0,1.64819]},"Q7s":{"weight":0.0,"played":[0.0043,0.9957],"evs":[0.0,2.00188]},"Q8s":{"weight":0.0,"played":[0.0,1.0],"evs":[0.0,1.7906]},"Q9s":{"weight":0.0,"played":[2.0E-4,0.9998],"evs":[0.0,2.49111]},"QTs":{"weight":0.0,"played":[0.0,1.0],"evs":[0.0,2.75961]},"QJs":{"weight":0.0,"played":[1.0E-4,0.9999],"evs":[0.0,2.30145]},"QQ":{"weight":0.5037,"played":[0.0,1.0],"evs":[0.0,6.60975]},"KQo":{"weight":0.0,"played":[0.0,1.0],"evs":[0.0,1.48407]},"AQo":{"weight":0.4786,"played":[0.0,1.0],"evs":[0.0,1.7403]},"K2s":{"weight":0.0,"played":[0.0206,0.9794],"evs":[0.0,0.58897]},"K3s":{"weight":0.0,"played":[0.0488,0.9512],"evs":[0.0,1.45092]},"K4s":{"weight":0.0,"played":[3.0E-4,0.9997],"evs":[0.0,1.39635]},"K5s":{"weight":0.0,"played":[0.0017,0.9983],"evs":[0.0,1.49537]},"K6s":{"weight":0.0,"played":[0.0,1.0],"evs":[0.0,1.13282]},"K7s":{"weight":0.0,"played":[0.0271,0.9729],"evs":[0.0,1.31311]},"K8s":{"weight":0.0,"played":[1.0E-4,0.9999],"evs":[0.0,1.1902]},"K9s":{"weight":0.0,"played":[0.0,1.0],"evs":[0.0,1.69524]},"KTs":{"weight":0.0,"played":[0.0,1.0],"evs":[0.0,2.49514]},"KJs":{"weight":0.0,"played":[0.0,1.0],"evs":[0.0,2.30198]},"KQs":{"weight":0.0,"played":[0.0,1.0],"evs":[0.0,2.37651]},"KK":{"weight":0.4013,"played":[0.0,1.0],"evs":[0.0,8.13286]},"AKo":{"weight":0.3682,"played":[0.0,1.0],"evs":[0.0,2.17419]},"A2s":{"weight":0.0,"played":[0.0,1.0],"evs":[0.0,1.85573]},"A3s":{"weight":0.0,"played":[0.0086,0.9914],"evs":[0.0,2.61765]},"A4s":{"weight":0.0,"played":[0.0035,0.9965],"evs":[0.0,1.72231]},"A5s":{"weight":0.0,"played":[0.009,0.991],"evs":[0.0,2.21372]},"A6s":{"weight":0.0,"played":[1.0E-4,0.9999],"evs":[0.0,1.39814]},"A7s":{"weight":0.0,"played":[2.0E-4,0.9998],"evs":[0.0,2.18178]},"A8s":{"weight":0.0,"played":[0.0016,0.9984],"evs":[0.0,1.44035]},"A9s":{"weight":0.0,"played":[1.0E-4,0.9999],"evs":[0.0,2.56153]},"ATs":{"weight":0.3824,"played":[0.0,1.0],"evs":[0.0,1.90171]},"AJs":{"weight":0.0802,"played":[0.0,1.0],"evs":[0.0,2.94778]},"AQs":{"weight":0.0841,"played":[0.0,1.0],"evs":[0.0,3.7982]},"AKs":{"weight":0.2937,"played":[2.0E-4,0.9998],"evs":[0.0,4.10316]},"AA":{"weight":0.3594,"played":[0.0,1.0],"evs":[0.0,13.51441]}}}