{"player":4,"street":0,"children":2,"sequence":[{"player":0,"type":"R","amount":26350000,"street":0},{"player":1,"type":"F","amount":0,"street":0},{"player":2,"type":"C","amount":26350000,"street":0},{"player":3,"type":"C","amount":4130000,"street":0}],"actions":[{"type":"F","amount":0,"node":145},{"type":"R","amount":61485900,"node":150}],"hands":{"22":{"weight":1.0,"played":[0.9997,3.0E-4],"evs":[0.0,-0.91182]},"32o":{"weight":1.0,"played":[1.0,0.0],"evs":[0.0,-2.22787]},"42o":{"weight":1.0,"played":[1.0,0.0],"evs":[0.0,-2.16733]},"52o":{"weight":1.0,"played":[1.0,0.0],"evs":[0.0,-1.97506]},"62o":{"weight":1.0,"played":[1.0,0.0],"evs":[0.0,-2.22153]},"72o":{"weight":1.0,"played":[1.0,0.0],"evs":[0.0,-2.48933]},"82o":{"weight":1.0,"played":[1.0,0.0],"evs":[0.0,-2.42252]},"92o":{"weight":1.0,"played":[1.0,0.0],"evs":[0.0,-2.36318]},"T2o":{"weight":1.0,"played":[1.0,0.0],"evs":[0.0,-2.45254]},"J2o":{"weight":1.0,"played":[1.0,0.0],"evs":[0.0,-2.4267]},"Q2o":{"weight":1.0,"played":[1.0,0.0],"evs":[0.0,-2.06673]},"K2o":{"weight":1.0,"played":[1.0,0.0],"evs":[0.0,-2.03235]},"A2o":{"weight":1.0,"played":[1.0,0.0],"evs":[0.0,-2.31951]},"32s":{"weight":1.0,"played":[1.0,0.0],"evs":[0.0,-1.59217]},"33":{"weight":1.0,"played":[0.9999,1.0E-4],"evs":[0.0,-0.88155]},"43o":{"weight":1.0,"played":[1.0,0.0],"evs":[0.0,-1.75843]},"53o":{"weight":1.0,"played":[1.0,0.0],"evs":[0.0,-1.73819]},"63o":{"weight":1.0,"played":[1.0,0.0],"evs":[0.0,-1.90411]},"73o":{"weight":1.0,"played":[1.0,0.0],"evs":[0.0,-2.31686]},"83o":{"weight":1.0,"played":[1.0,0.0],"evs":[0.0,-2.41519]},"93o":{"weight":1.0,"played":[1.0,0.0],"evs":[0.0,-2.34638]},"T3o":{"weight":1.0,"played":[1.0,0.0],"evs":[0.0,-2.35555]},"J3o":{"weight":1.0,"played":[1.0,0.0],"evs":[0.0,-2.20271]},"Q3o":{"weight":1.0,"played":[1.0,0.0],"evs":[0.0,-2.173]},"K3o":{"weight":1.0,"played":[1.0,0.0],"evs":[0.0,-1.93179]},"A3o":{"weight":1.0,"played":[1.0,0.0],"evs":[0.0,-2.25007]},"42s":{"weight":1.0,"played":[1.0,0.0],"evs":[0.0,-1.28071]},"43s":{"weight":1.0,"played":[1.0,0.0],"evs":[0.0,-1.17766]},"44":{"weight":1.0,"played":[0.9988,0.0012],"evs":[0.0,-0.71973]},"54o":{"weight":1.0,"played":[1.0,0.0],"evs":[0.0,-1.40041]},"64o":{"weight":1.0,"played":[1.0,0.0],"evs":[0.0,-1.5638]},"74o":{"weight":1.0,"played":[1.0,0.0],"evs":[0.0,-2.05298]},"84o":{"weight":1.0,"played":[1.0,0.0],"evs":[0.0,-2.07391]},"94o":{"weight":1.0,"played":[1.0,0.0],"evs":[0.0,-2.24725]},"T4o":{"weight":1.0,"played":[1.0,0.0],"evs":[0.0,-2.19991]},"J4o":{"weight":1.0,"played":[1.0,0.0],"evs":[0.0,-2.20133]},"Q4o":{"weight":1.0,"played":[1.0,0.0],"evs":[0.0,-2.05671]},"K4o":{"weight":1.0,"played":[1.0,0.0],"evs":[0.0,-1.94428]},"A4o":{"weight":1.0,"played":[1.0,0.0],"evs":[0.0,-2.16901]},"52s":{"weight":1.0,"played":[0.9993,7.0E-4],"evs":[0.0,-1.15847]},"53s":{"weight":1.0,"played":[1.0,0.0],"evs":[0.0,-1.13237]},"54s":{"weight":1.0,"played":[1.0,0.0],"evs":[0.0,-0.75777]},"55":{"weight":1.0,"played":[0.9997,3.0E-4],"evs":[0.0,-0.67132]},"65o":{"weight":1.0,"played":[1.0,0.0],"evs":[0.0,-1.37088]},"75o":{"weight":1.0,"played":[1.0,0.0],"evs":[0.0,-1.62127]},"85o":{"weight":1.0,"played":[1.0,0.0],"evs":[0.0,-1.84147]},"95o":{"weight":1.0,"played":[1.0,0.0],"evs":[0.0,-2.02998]},"T5o":{"weight":1.0,"played":[1.0,0.0],"evs":[0.0,-2.20347]},"J5o":{"weight":1.0,"played":[1.0,0.0],"evs":[0.0,-2.1465]},"Q5o":{"weight":1.0,"played":[1.0,0.0],"evs":[0.0,-2.02151]},"K5o":{"weight":1.0,"played":[1.0,0.0],"evs":[0.0,-1.72178]},"A5o":{"weight":1.0,"played":[1.0,0.0],"evs":[0.0,-2.19902]},"62s":{"weight":1.0,"played":[0.9999,1.0E-4],"evs":[0.0,-1.77789]},"63s":{"weight":1.0,"played":[1.0,0.0],"evs":[0.0,-1.22655]},"64s":{"weight":1.0,"played":[1.0,0.0],"evs":[0.0,-0.84207]},"65s":{"weight":1.0,"played":[0.998,0.002],"evs":[0.0,-0.83286]},"66":{"weight":1.0,"played":[0.9899,0.0101],"evs":[0.0,-0.30542]},"76o":{"weight":1.0,"played":[1.0,0.0],"evs":[0.0,-1.40647]},"86o":{"weight":1.0,"played":[1.0,0.0],"evs":[0.0,-1.72368]},"96o":{"weight":1.0,"played":[1.0,0.0],"evs":[0.0,-1.77577]},"T6o":{"weight":1.0,"played":[1.0,0.0],"evs":[0.0,-2.04454]},"J6o":{"weight":1.0,"played":[1.0,0.0],"evs":[0.0,-2.23444]},"Q6o":{"weight":1.0,"played":[1.0,0.0],"evs":[0.0,-1.97084]},"K6o":{"weight":1.0,"played":[1.0,0.0],"evs":[0.0,-1.79985]},"A6o":{"weight":1.0,"played":[1.0,0.0],"evs":[0.0,-2.54967]},"72s":{"weight":1.0,"played":[1.0,0.0],"evs":[0.0,-1.84232]},"73s":{"weight":1.0,"played":[1.0,0.0],"evs":[0.0,-1.49939]},"74s":{"weight":1.0,"played":[0.9999,1.0E-4],"evs":[0.0,-1.12288]},"75s":{"weight":1.0,"played":[1.0,0.0],"evs":[0.0,-0.86905]},"76s":{"weight":1.0,"played":[0.9998,2.0E-4],"evs":[0.0,-0.78292]},"77":{"weight":1.0,"played":[0.8684,0.1316],"evs":[0.0,-0.18023]},"87o":{"weight":1.0,"played":[1.0,0.0],"evs":[0.0,-1.50555]},"97o":{"weight":1.0,"played":[1.0,0.0],"evs":[0.0,-1.59327]},"T7o":{"weight":1.0,"played":[1.0,0.0],"evs":[0.0,-1.72796]},"J7o":{"weight":1.0,"played":[1.0,0.0],"evs":[0.0,-2.01298]},"Q7o":{"weight":1.0,"played":[1.0,0.0],"evs":[0.0,-2.08466]},"K7o":{"weight":1.0,"played":[1.0,0.0],"evs":[0.0,-1.82913]},"A7o":{"weight":1.0,"played":[1.0,0.0],"evs":[0.0,-2.34528]},"82s":{"weight":1.0,"played":[1.0,0.0],"evs":[0.0,-1.7574]},"83s":{"weight":1.0,"played":[1.0,0.0],"evs":[0.0,-1.64696]},"84s":{"weight":1.0,"played":[1.0,0.0],"evs":[0.0,-1.20972]},"85s":{"weight":1.0,"played":[0.9997,3.0E-4],"evs":[0.0,-1.1683]},"86s":{"weight":1.0,"played":[1.0,0.0],"evs":[0.0,-1.01195]},"87s":{"weight":1.0,"played":[0.998,0.002],"evs":[0.0,-0.49033]},"88":{"weight":1.0,"played":[6.0E-4,0.9994],"evs":[0.0,0.38578]},"98o":{"weight":1.0,"played":[1.0,0.0],"evs":[0.0,-1.41478]},"T8o":{"weight":1.0,"played":[1.0,0.0],"evs":[0.0,-1.47733]},"J8o":{"weight":1.0,"played":[1.0,0.0],"evs":[0.0,-1.57784]},"Q8o":{"weight":1.0,"played":[1.0,0.0],"evs":[0.0,-1.77713]},"K8o":{"weight":1.0,"played":[1.0,0.0],"evs":[0.0,-1.76365]},"A8o":{"weight":1.0,"played":[1.0,0.0],"evs":[0.0,-2.30544]},"92s":{"weight":1.0,"played":[1.0,0.0],"evs":[0.0,-1.75711]},"93s":{"weight":1.0,"played":[1.0,0.0],"evs":[0.0,-1.52709]},"94s":{"weight":1.0,"played":[0.9999,1.0E-4],"evs":[0.0,-1.49259]},"95s":{"weight":1.0,"played":[0.9999,1.0E-4],"evs":[0.0,-1.39169]},"96s":{"weight":1.0,"played":[1.0,0.0],"evs":[0.0,-1.14494]},"97s":{"weight":1.0,"played":[0.9993,7.0E-4],"evs":[0.0,-0.85946]},"98s":{"weight":1.0,"played":[0.9889,0.0111],"evs":[0.0,-0.46853]},"99":{"weight":1.0,"played":[0.0,1.0],"evs":[0.0,0.99807]},"T9o":{"weight":1.0,"played":[1.0,0.0],"evs":[0.0,-1.33645]},"J9o":{"weight":1.0,"played":[1.0,0.0],"evs":[0.0,-1.60218]},"Q9o":{"weight":1.0,"played":[1.0,0.0],"evs":[0.0,-1.6325]},"K9o":{"weight":1.0,"played":[1.0,0.0],"evs":[0.0,-1.49307]},"A9o":{"weight":1.0,"played":[1.0,0.0],"evs":[0.0,-2.12445]},"T2s":{"weight":1.0,"played":[1.0,0.0],"evs":[0.0,-1.76356]},"T3s":{"weight":1.0,"played":[1.0,0.0],"evs":[0.0,-1.31476]},"T4s":{"weight":1.0,"played":[1.0,0.0],"evs":[0.0,-1.59153]},"T5s":{"weight":1.0,"played":[1.0,0.0],"evs":[0.0,-1.65349]},"T6s":{"weight":1.0,"played":[1.0,0.0],"evs":[0.0,-1.21171]},"T7s":{"weight":1.0,"played":[1.0,0.0],"evs":[0.0,-1.07466]},"T8s":{"weight":1.0,"played":[0.9998,2.0E-4],"evs":[0.0,-0.80249]},"T9s":{"weight":1.0,"played":[0.9997,3.0E-4],"evs":[0.0,-0.54844]},"TT":{"weight":1.0,"played":[0.0,1.0],"evs":[0.0,1.47477]},"JTo":{"weight":1.0,"played":[1.0,0.0],"evs":[0.0,-1.22246]},"QTo":{"weight":1.0,"played":[1.0,0.0],"evs":[0.0,-1.25655]},"KTo":{"weight":1.0,"played":[0.9996,4.0E-4],"evs":[0.0,-1.42557]},"ATo":{"weight":1.0,"played":[1.0,0.0],"evs":[0.0,-1.848]},"J2s":{"weight":1.0,"played":[1.0,0.0],"evs":[0.0,-1.63928]},"J3s":{"weight":1.0,"played":[1.0,0.0],"evs":[0.0,-1.49365]},"J4s":{"weight":1.0,"played":[0.9999,1.0E-4],"evs":[0.0,-1.48065]},"J5s":{"weight":1.0,"played":[0.9999,1.0E-4],"evs":[0.0,-1.44197]},"J6s":{"weight":1.0,"played":[0.999,0.001],"evs":[0.0,-1.25835]},"J7s":{"weight":1.0,"played":[0.9993,7.0E-4],"evs":[0.0,-1.31827]},"J8s":{"weight":1.0,"played":[0.9999,1.0E-4],"evs":[0.0,-0.99481]},"J9s":{"weight":1.0,"played":[0.9999,1.0E-4],"evs":[0.0,-0.74406]},"JTs":{"weight":1.0,"played":[0.9989,0.0011],"evs":[0.0,-0.58672]},"JJ":{"weight":1.0,"played":[0.0,1.0],"evs":[0.0,2.84557]},"QJo":{"weight":1.0,"played":[1.0,0.0],"evs":[0.0,-1.28801]},"KJo":{"weight":1.0,"played":[1.0,0.0],"evs":[0.0,-1.21456]},"AJo":{"weight":1.0,"played":[1.0,0.0],"evs":[0.0,-1.13735]},"Q2s":{"weight":1.0,"played":[1.0,0.0],"evs":[0.0,-1.75643]},"Q3s":{"weight":1.0,"played":[1.0,0.0],"evs":[0.0,-1.28569]},"Q4s":{"weight":1.0,"played":[0.9991,9.0E-4],"evs":[0.0,-1.31305]},"Q5s":{"weight":1.0,"played":[0.9999,1.0E-4],"evs":[0.0,-1.33326]},"Q6s":{"weight":1.0,"played":[0.9999,1.0E-4],"evs":[0.0,-1.25688]},"Q7s":{"weight":1.0,"played":[0.9999,1.0E-4],"evs":[0.0,-1.28216]},"Q8s":{"weight":1.0,"played":[1.0,0.0],"evs":[0.0,-1.05317]},"Q9s":{"weight":1.0,"played":[1.0,0.0],"evs":[0.0,-0.7137]},"QTs":{"weight":1.0,"played":[0.9975,0.0025],"evs":[0.0,-0.44167]},"QJs":{"weight":1.0,"played":[0.9998,2.0E-4],"evs":[0.0,-0.51477]},"QQ":{"weight":1.0,"played":[0.0,1.0],"evs":[0.0,4.25691]},"KQo":{"weight":1.0,"played":[1.0,0.0],"evs":[0.0,-0.93808]},"AQo":{"weight":1.0,"played":[0.9965,0.0035],"evs":[0.0,-0.35155]},"K2s":{"weight":1.0,"played":[1.0,0.0],"evs":[0.0,-1.40145]},"K3s":{"weight":1.0,"played":[1.0,0.0],"evs":[0.0,-1.22116]},"K4s":{"weight":1.0,"played":[0.9992,8.0E-4],"evs":[0.0,-1.03192]},"K5s":{"weight":1.0,"played":[0.9997,3.0E-4],"evs":[0.0,-1.28491]},"K6s":{"weight":1.0,"played":[1.0,0.0],"evs":[0.0,-0.77224]},"K7s":{"weight":1.0,"played":[0.9996,4.0E-4],"evs":[0.0,-1.03457]},"K8s":{"weight":1.0,"played":[0.9998,2.0E-4],"evs":[0.0,-1.00081]},"K9s":{"weight":1.0,"played":[0.9986,0.0014],"evs":[0.0,-0.71724]},"KTs":{"weight":1.0,"played":[0.9414,0.0586],"evs":[0.0,-0.65042]},"KJs":{"weight":1.0,"played":[0.9881,0.0119],"evs":[0.0,-0.32431]},"KQs":{"weight":1.0,"played":[0.2258,0.7742],"evs":[0.0,0.12626]},"KK":{"weight":1.0,"played":[0.0,1.0],"evs":[0.0,5.81541]},"AKo":{"weight":1.0,"played":[0.0,1.0],"evs":[0.0,0.79753]},"A2s":{"weight":1.0,"played":[0.9998,2.0E-4],"evs":[0.0,-1.76501]},"A3s":{"weight":1.0,"played":[0.9999,1.0E-4],"evs":[0.0,-1.4532]},"A4s":{"weight":1.0,"played":[0.9989,0.0011],"evs":[0.0,-1.23808]},"A5s":{"weight":1.0,"played":[1.0,0.0],"evs":[0.0,-1.37223]},"A6s":{"weight":1.0,"played":[1.0,0.0],"evs":[0.0,-1.5337]},"A7s":{"weight":1.0,"played":[0.9999,1.0E-4],"evs":[0.0,-1.61868]},"A8s":{"weight":1.0,"played":[0.9998,2.0E-4],"evs":[0.0,-1.4409]},"A9s":{"weight":1.0,"played":[1.0,0.0],"evs":[0.0,-1.12297]},"ATs":{"weight":1.0,"played":[1.0,0.0],"evs":[0.0,-0.98312]},"AJs":{"weight":1.0,"played":[0.9819,0.0181],"evs":[0.0,-0.06431]},"AQs":{"weight":1.0,"played":[6.0E-4,0.9994],"evs":[0.0,0.69408]},"AKs":{"weight":1.0,"played":[1.0E-4,0.9999],"evs":[0.0,1.14338]},"AA":{"weight":1.0,"played":[0.0,1.0],"evs":[0.0,7.9035]}}}