{"player":2,"street":0,"children":2,"sequence":[{"player":0,"type":"R","amount":26350000,"street":0},{"player":1,"type":"F","amount":0,"street":0},{"player":2,"type":"C","amount":26350000,"street":0},{"player":3,"type":"C","amount":4130000,"street":0},{"player":4,"type":"F","amount":0,"street":0},{"player":5,"type":"C","amount":14516800,"street":0},{"player":6,"type":"R","amount":34350000,"street":0}],"actions":[{"type":"F","amount":0},{"type":"C","amount":8000000}],"hands":{"22":{"weight":0.0,"played":[1.0E-4,0.9999],"evs":[0.0,2.74501]},"32o":{"weight":0.0,"played":[5.0E-4,0.9995],"evs":[0.0,2.22472]},"42o":{"weight":0.0,"played":[1.0E-4,0.9999],"evs":[0.0,2.12576]},"52o":{"weight":0.0,"played":[1.0E-4,0.9999],"evs":[0.0,2.36249]},"62o":{"weight":0.0,"played":[0.0,1.0],"evs":[0.0,2.07805]},"72o":{"weight":0.0,"played":[1.0E-4,0.9999],"evs":[0.0,1.74042]},"82o":{"weight":0.0,"played":[0.0,1.0],"evs":[0.0,1.88669]},"92o":{"weight":0.0,"played":[0.0,1.0],"evs":[0.0,1.60762]},"T2o":{"weight":0.0,"played":[0.0,1.0],"evs":[0.0,2.0221]},"J2o":{"weight":0.0,"played":[1.0E-4,0.9999],"evs":[0.0,2.76524]},"Q2o":{"weight":0.0,"played":[2.0E-4,0.9998],"evs":[0.0,2.14578]},"K2o":{"weight":0.0,"played":[0.0,1.0],"evs":[0.0,2.58125]},"A2o":{"weight":0.0,"played":[0.0,1.0],"evs":[0.0,2.90746]},"32s":{"weight":0.0,"played":[0.0,1.0],"evs":[0.0,2.61583]},"33":{"weight":0.0,"played":[0.0,1.0],"evs":[0.0,3.94658]},"43o":{"weight":0.0,"played":[3.0E-4,0.9997],"evs":[0.0,2.84015]},"53o":{"weight":0.0,"played":[1.0E-4,0.9999],"evs":[0.0,2.80735]},"63o":{"weight":0.0,"played":[0.0,1.0],"evs":[0.0,2.81551]},"73o":{"weight":0.0,"played":[0.0,1.0],"evs":[0.0,2.3748]},"83o":{"weight":0.0,"played":[0.0,1.0],"evs":[0.0,1.89602]},"93o":{"weight":0.0,"played":[0.0,1.0],"evs":[0.0,2.80822]},"T3o":{"weight":0.0,"played":[0.0,1.0],"evs":[0.0,2.46294]},"J3o":{"weight":0.0,"played":[0.0,1.0],"evs":[0.0,2.18871]},"Q3o":{"weight":0.0,"played":[0.0,1.0],"evs":[0.0,2.9562]},"K3o":{"weight":0.0,"played":[0.0,1.0],"evs":[0.0,2.95722]},"A3o":{"weight":0.0,"played":[1.0E-4,0.9999],"evs":[0.0,2.79273]},"42s":{"weight":0.0,"played":[0.0012,0.9988],"evs":[0.0,2.38298]},"43s":{"weight":0.0,"played":[5.0E-4,0.9995],"evs":[0.0,3.80294]},"44":{"weight":0.0,"played":[0.0,1.0],"evs":[0.0,4.92462]},"54o":{"weight":0.0,"played":[0.0,1.0],"evs":[0.0,3.40556]},"64o":{"weight":0.0,"played":[5.0E-4,0.9995],"evs":[0.0,2.72038]},"74o":{"weight":0.0,"played":[0.0,1.0],"evs":[0.0,2.21454]},"84o":{"weight":0.0,"played":[0.0,1.0],"evs":[0.0,2.82907]},"94o":{"weight":0.0,"played":[1.0E-4,0.9999],"evs":[0.0,2.21223]},"T4o":{"weight":0.0,"played":[0.0,1.0],"evs":[0.0,2.45204]},"J4o":{"weight":0.0,"played":[9.0E-4,0.9991],"evs":[0.0,2.69696]},"Q4o":{"weight":0.0,"played":[0.0,1.0],"evs":[0.0,2.28646]},"K4o":{"weight":0.0,"played":[2.0E-4,0.9998],"evs":[0.0,3.07709]},"A4o":{"weight":0.0,"played":[5.0E-4,0.9995],"evs":[0.0,3.05463]},"52s":{"weight":0.0,"played":[1.0E-4,0.9999],"evs":[0.0,3.28784]},"53s":{"weight":0.0,"played":[6.0E-4,0.9994],"evs":[0.0,3.50093]},"54s":{"weight":0.0,"played":[7.0E-4,0.9993],"evs":[0.0,4.10045]},"55":{"weight":0.0,"played":[0.0,1.0],"evs":[0.0,4.74538]},"65o":{"weight":0.0,"played":[0.0,1.0],"evs":[0.0,2.86599]},"75o":{"weight":0.0,"played":[6.0E-4,0.9994],"evs":[0.0,3.03884]},"85o":{"weight":0.0,"played":[0.0,1.0],"evs":[0.0,2.68309]},"95o":{"weight":0.0,"played":[1.0E-4,0.9999],"evs":[0.0,3.40288]},"T5o":{"weight":0.0,"played":[0.0,1.0],"evs":[0.0,3.08764]},"J5o":{"weight":0.0,"played":[1.0E-4,0.9999],"evs":[0.0,2.67597]},"Q5o":{"weight":0.0,"played":[0.0,1.0],"evs":[0.0,2.68044]},"K5o":{"weight":0.0,"played":[0.0,1.0],"evs":[0.0,2.49772]},"A5o":{"weight":0.0,"played":[0.0,1.0],"evs":[0.0,3.35176]},"62s":{"weight":0.0,"played":[1.0E-4,0.9999],"evs":[0.0,2.98562]},"63s":{"weight":0.0,"played":[0.004,0.996],"evs":[0.0,3.93718]},"64s":{"weight":0.0,"played":[1.0E-4,0.9999],"evs":[0.0,3.27827]},"65s":{"weight":0.0,"played":[0.0,1.0],"evs":[0.0,3.3971]},"66":{"weight":0.0,"played":[0.0,1.0],"evs":[0.0,4.37953]},"76o":{"weight":0.0,"played":[0.0,1.0],"evs":[0.0,3.7275]},"86o":{"weight":0.0,"played":[0.0,1.0],"evs":[0.0,3.24438]},"96o":{"weight":0.0,"played":[0.0,1.0],"evs":[0.0,2.28515]},"T6o":{"weight":0.0,"played":[0.0,1.0],"evs":[0.0,3.307]},"J6o":{"weight":0.0,"played":[1.0E-4,0.9999],"evs":[0.0,3.03199]},"Q6o":{"weight":0.0,"played":[0.0,1.0],"evs":[0.0,3.17457]},"K6o":{"weight":0.0,"played":[0.0,1.0],"evs":[0.0,2.99439]},"A6o":{"weight":0.0,"played":[0.0,1.0],"evs":[0.0,2.93982]},"72s":{"weight":0.0,"played":[0.0031,0.9969],"evs":[0.0,3.11574]},"73s":{"weight":0.0,"played":[0.0,1.0],"evs":[0.0,3.13505]},"74s":{"weight":0.0,"played":[0.0,1.0],"evs":[0.0,3.14554]},"75s":{"weight":0.0,"played":[0.0,1.0],"evs":[0.0,3.45001]},"76s":{"weight":0.0,"played":[0.0,1.0],"evs":[0.0,3.66039]},"77":{"weight":0.422,"played":[0.0,1.0],"evs":[0.0,5.15537]},"87o":{"weight":0.0,"played":[0.0,1.0],"evs":[0.0,3.48674]},"97o":{"weight":0.0,"played":[0.0,1.0],"evs":[0.0,3.29709]},"T7o":{"weight":0.0,"played":[2.0E-4,0.9998],"evs":[0.0,3.36936]},"J7o":{"weight":0.0,"played":[2.0E-4,0.9998],"evs":[0.0,2.60241]},"Q7o":{"weight":0.0,"played":[0.0,1.0],"evs":[0.0,3.38353]},"K7o":{"weight":0.0,"played":[0.0,1.0],"evs":[0.0,3.39547]},"A7o":{"weight":0.0,"played":[0.0,1.0],"evs":[0.0,3.33]},"82s":{"weight":0.0,"played":[2.0E-4,0.9998],"evs":[0.0,4.03719]},"83s":{"weight":0.0,"played":[0.001,0.999],"evs":[0.0,3.40631]},"84s":{"weight":0.0,"played":[0.0,1.0],"evs":[0.0,3.75981]},"85s":{"weight":0.0,"played":[1.0E-4,0.9999],"evs":[0.0,4.1026]},"86s":{"weight":0.0,"played":[1.0E-4,0.9999],"evs":[0.0,3.70922]},"87s":{"weight":0.0,"played":[6.0E-4,0.9994],"evs":[0.0,4.35305]},"88":{"weight":0.4026,"played":[0.0,1.0],"evs":[0.0,6.05885]},"98o":{"weight":0.0,"played":[0.0,1.0],"evs":[0.0,3.84888]},"T8o":{"weight":0.0,"played":[2.0E-4,0.9998],"evs":[0.0,3.40358]},"J8o":{"weight":0.0,"played":[0.0,1.0],"evs":[0.0,3.08246]},"Q8o":{"weight":0.0,"played":[0.0,1.0],"evs":[0.0,3.40044]},"K8o":{"weight":0.0,"played":[1.0E-4,0.9999],"evs":[0.0,3.14397]},"A8o":{"weight":0.0,"played":[0.0,1.0],"evs":[0.0,3.42107]},"92s":{"weight":0.0,"played":[0.0,1.0],"evs":[0.0,2.6529]},"93s":{"weight":0.0,"played":[0.0,1.0],"evs":[0.0,2.65405]},"94s":{"weight":0.0,"played":[0.0,1.0],"evs":[0.0,2.96896]},"95s":{"weight":0.0,"played":[3.0E-4,0.9997],"evs":[0.0,4.15287]},"96s":{"weight":0.0,"played":[1.0E-4,0.9999],"evs":[0.0,3.86967]},"97s":{"weight":0.0,"played":[5.0E-4,0.9995],"evs":[0.0,3.37591]},"98s":{"weight":0.0,"played":[5.0E-4,0.9995],"evs":[0.0,3.65446]},"99":{"weight":0.2366,"played":[0.0,1.0],"evs":[0.0,5.99935]},"T9o":{"weight":0.0,"played":[0.0,1.0],"evs":[0.0,3.49664]},"J9o":{"weight":0.0,"played":[0.0,1.0],"evs":[0.0,3.59459]},"Q9o":{"weight":0.0,"played":[0.0,1.0],"evs":[0.0,3.71378]},"K9o":{"weight":0.0,"played":[0.0,1.0],"evs":[0.0,3.86836]},"A9o":{"weight":0.0,"played":[0.0,1.0],"evs":[0.0,3.90323]},"T2s":{"weight":0.0,"played":[0.0032,0.9968],"evs":[0.0,2.82835]},"T3s":{"weight":0.0,"played":[0.0,1.0],"evs":[0.0,2.50397]},"T4s":{"weight":0.0,"played":[0.001,0.999],"evs":[0.0,3.59711]},"T5s":{"weight":0.0,"played":[0.0,1.0],"evs":[0.0,4.06209]},"T6s":{"weight":0.0,"played":[2.0E-4,0.9998],"evs":[0.0,4.67775]},"T7s":{"weight":0.0,"played":[0.0,1.0],"evs":[0.0,3.22675]},"T8s":{"weight":0.0,"played":[4.0E-4,0.9996],"evs":[0.0,3.80461]},"T9s":{"weight":0.0,"played":[1.0E-4,0.9999],"evs":[0.0,4.92215]},"TT":{"weight":0.51,"played":[0.0,1.0],"evs":[0.0,6.42074]},"JTo":{"weight":0.0,"played":[0.0,1.0],"evs":[0.0,3.86502]},"QTo":{"weight":0.0,"played":[0.0,1.0],"evs":[0.0,3.47585]},"KTo":{"weight":0.0,"played":[0.0,1.0],"evs":[0.0,3.88526]},"ATo":{"weight":0.0,"played":[0.0,1.0],"evs":[0.0,4.06738]},"J2s":{"weight":0.0,"played":[0.0,1.0],"evs":[0.0,3.42621]},"J3s":{"weight":0.0,"played":[0.0,1.0],"evs":[0.0,3.46197]},"J4s":{"weight":0.0,"played":[6.0E-4,0.9994],"evs":[0.0,3.39622]},"J5s":{"weight":0.0,"played":[0.0027,0.9973],"evs":[0.0,3.3453]},"J6s":{"weight":0.0,"played":[5.0E-4,0.9995],"evs":[0.0,3.96154]},"J7s":{"weight":0.0,"played":[0.0,1.0],"evs":[0.0,3.03844]},"J8s":{"weight":0.0,"played":[6.0E-4,0.9994],"evs":[0.0,4.41144]},"J9s":{"weight":0.0,"played":[0.0,1.0],"evs":[0.0,4.06801]},"JTs":{"weight":0.0,"played":[7.0E-4,0.9993],"evs":[0.0,3.85533]},"JJ":{"weight":0.2913,"played":[1.0E-4,0.9999],"evs":[0.0,8.21774]},"QJo":{"weight":0.0,"played":[0.0,1.0],"evs":[0.0,3.87411]},"KJo":{"weight":0.0,"played":[0.0,1.0],"evs":[0.0,3.65978]},"AJo":{"weight":0.4308,"played":[0.0,1.0],"evs":[0.0,4.78391]},"Q2s":{"weight":0.0,"played":[1.0E-4,0.9999],"evs":[0.0,3.19323]},"Q3s":{"weight":0.0,"played":[1.0E-4,0.9999],"evs":[0.0,4.24093]},"Q4s":{"weight":0.0,"played":[6.0E-4,0.9994],"evs":[0.0,3.51155]},"Q5s":{"weight":0.0,"played":[0.0,1.0],"evs":[0.0,3.84561]},"Q6s":{"weight":0.0,"played":[0.0014,0.9986],"evs":[0.0,4.08807]},"Q7s":{"weight":0.0,"played":[0.001,0.999],"evs":[0.0,4.02117]},"Q8s":{"weight":0.0,"played":[0.0,1.0],"evs":[0.0,5.23177]},"Q9s":{"weight":0.0,"played":[0.0,1.0],"evs":[0.0,4.26779]},"QTs":{"weight":0.0,"played":[1.0E-4,0.9999],"evs":[0.0,5.34706]},"QJs":{"weight":0.0,"played":[5.0E-4,0.9995],"evs":[0.0,5.50847]},"QQ":{"weight":0.5037,"played":[0.0,1.0],"evs":[0.0,8.57593]},"KQo":{"weight":0.0,"played":[0.0,1.0],"evs":[0.0,5.19004]},"AQo":{"weight":0.4786,"played":[0.0,1.0],"evs":[0.0,4.76083]},"K2s":{"weight":0.0,"played":[2.0E-4,0.9998],"evs":[0.0,3.60445]},"K3s":{"weight":0.0,"played":[0.0,1.0],"evs":[0.0,3.48443]},"K4s":{"weight":0.0,"played":[0.0,1.0],"evs":[0.0,3.75686]},"K5s":{"weight":0.0,"played":[4.0E-4,0.9996],"evs":[0.0,5.06413]},"K6s":{"weight":0.0,"played":[3.0E-4,0.9997],"evs":[0.0,3.81735]},"K7s":{"weight":0.0,"played":[2.0E-4,0.9998],"evs":[0.0,4.93051]},"K8s":{"weight":0.0,"played":[5.0E-4,0.9995],"evs":[0.0,3.19289]},"K9s":{"weight":0.0,"played":[1.0E-4,0.9999],"evs":[0.0,3.99066]},"KTs":{"weight":0.0,"played":[1.0E-4,0.9999],"evs":[0.0,4.68027]},"KJs":{"weight":0.0,"played":[2.0E-4,0.9998],"evs":[0.0,5.74151]},"KQs":{"weight":0.0,"played":[7.0E-4,0.9993],"evs":[0.0,4.7479]},"KK":{"weight":0.4013,"played":[0.0,1.0],"evs":[0.0,11.07973]},"AKo":{"weight":0.3682,"played":[0.0,1.0],"evs":[0.0,5.56313]},"A2s":{"weight":0.0,"played":[4.0E-4,0.9996],"evs":[0.0,3.82405]},"A3s":{"weight":0.0,"played":[1.0E-4,0.9999],"evs":[0.0,4.34628]},"A4s":{"weight":0.0,"played":[0.0,1.0],"evs":[0.0,3.75258]},"A5s":{"weight":0.0,"played":[5.0E-4,0.9995],"evs":[0.0,2.95848]},"A6s":{"weight":0.0,"played":[1.0E-4,0.9999],"evs":[0.0,4.9715]},"A7s":{"weight":0.0,"played":[1.0E-4,0.9999],"evs":[0.0,4.20371]},"A8s":{"weight":0.0,"played":[3.0E-4,0.9997],"evs":[0.0,4.91695]},"A9s":{"weight":0.0,"played":[0.0,1.0],"evs":[0.0,4.79275]},"ATs":{"weight":0.3824,"played":[0.0,1.0],"evs":[0.0,4.83017]},"AJs":{"weight":0.0802,"played":[0.0,1.0],"evs":[0.0,5.55339]},"AQs":{"weight":0.0841,"played":[0.0025,0.9975],"evs":[0.0,5.74569]},"AKs":{"weight":0.2937,"played":[0.0,1.0],"evs":[0.0,6.35247]},"AA":{"weight":0.3594,"played":[0.0,1.0],"evs":[0.0,13.64221]}}}