{"player":6,"street":0,"children":2,"sequence":[{"player":0,"type":"R","amount":26350000,"street":0},{"player":1,"type":"F","amount":0,"street":0},{"player":2,"type":"C","amount":26350000,"street":0},{"player":3,"type":"C","amount":4130000,"street":0},{"player":4,"type":"R","amount":61485900,"street":0},{"player":5,"type":"C","amount":14516800,"street":0}],"actions":[{"type":"F","amount":0,"node":155},{"type":"C","amount":56485900,"node":156}],"hands":{"22":{"weight":1.0,"played":[0.3783,0.6217],"evs":[0.0,-5.24269]},"32o":{"weight":1.0,"played":[0.4248,0.5752],"evs":[0.0,-3.9026]},"42o":{"weight":1.0,"played":[0.9614,0.0386],"evs":[0.0,-4.63522]},"52o":{"weight":1.0,"played":[0.9456,0.0544],"evs":[0.0,-7.73534]},"62o":{"weight":1.0,"played":[0.919,0.081],"evs":[0.0,-4.02674]},"72o":{"weight":1.0,"played":[0.978,0.022],"evs":[0.0,-4.86715]},"82o":{"weight":1.0,"played":[0.9886,0.0114],"evs":[0.0,-9.78889]},"92o":{"weight":1.0,"played":[0.7573,0.2427],"evs":[0.0,2.359]},"T2o":{"weight":1.0,"played":[0.9508,0.0492],"evs":[0.0,-8.67508]},"J2o":{"weight":1.0,"played":[0.503,0.497],"evs":[0.0,-4.02619]},"Q2o":{"weight":1.0,"played":[0.7543,0.2457],"evs":[0.0,-2.19385]},"K2o":{"weight":1.0,"played":[0.984,0.016],"evs":[0.0,-8.48533]},"A2o":{"weight":1.0,"played":[0.1369,0.8631],"evs":[0.0,2.69776]},"32s":{"weight":1.0,"played":[0.1132,0.8868],"evs":[0.0,18.53485]},"33":{"weight":1.0,"played":[0.6551,0.3449],"evs":[0.0,3.41619]},"43o":{"weight":1.0,"played":[0.9538,0.0462],"evs":[0.0,-5.06884]},"53o":{"weight":1.0,"played":[0.6496,0.3504],"evs":[0.0,1.10977]},"63o":{"weight":1.0,"played":[0.6662,0.3338],"evs":[0.0,-3.81005]},"73o":{"weight":1.0,"played":[0.8793,0.1207],"evs":[0.0,-6.11836]},"83o":{"weight":1.0,"played":[1.0,0.0],"evs":[0.0,-8.46716]},"93o":{"weight":1.0,"played":[0.9997,3.0E-4],"evs":[0.0,-4.46373]},"T3o":{"weight":1.0,"played":[0.8433,0.1567],"evs":[0.0,-2.90696]},"J3o":{"weight":1.0,"played":[0.923,0.077],"evs":[0.0,-6.3031]},"Q3o":{"weight":1.0,"played":[1.0,0.0],"evs":[0.0,-10.17115]},"K3o":{"weight":1.0,"played":[0.9699,0.0301],"evs":[0.0,-7.05348]},"A3o":{"weight":1.0,"played":[0.6304,0.3696],"evs":[0.0,-2.97301]},"42s":{"weight":1.0,"played":[1.0,0.0],"evs":[0.0,-9.936]},"43s":{"weight":1.0,"played":[0.9327,0.0673],"evs":[0.0,-12.15351]},"44":{"weight":1.0,"played":[0.5804,0.4196],"evs":[0.0,-6.98098]},"54o":{"weight":1.0,"played":[1.0,0.0],"evs":[0.0,-7.13704]},"64o":{"weight":1.0,"played":[0.9936,0.0064],"evs":[0.0,-5.52418]},"74o":{"weight":1.0,"played":[0.4653,0.5347],"evs":[0.0,-2.27276]},"84o":{"weight":1.0,"played":[0.9111,0.0889],"evs":[0.0,-3.23627]},"94o":{"weight":1.0,"played":[0.9969,0.0031],"evs":[0.0,-2.48572]},"T4o":{"weight":1.0,"played":[0.6469,0.3531],"evs":[0.0,-2.213]},"J4o":{"weight":1.0,"played":[0.6616,0.3384],"evs":[0.0,-7.56265]},"Q4o":{"weight":1.0,"played":[1.0,0.0],"evs":[0.0,-4.78531]},"K4o":{"weight":1.0,"played":[0.957,0.043],"evs":[0.0,-3.80817]},"A4o":{"weight":1.0,"played":[0.6144,0.3856],"evs":[0.0,10.32883]},"52s":{"weight":1.0,"played":[0.8928,0.1072],"evs":[0.0,-6.37042]},"53s":{"weight":1.0,"played":[0.5214,0.4786],"evs":[0.0,-2.86831]},"54s":{"weight":1.0,"played":[0.7398,0.2602],"evs":[0.0,-6.93984]},"55":{"weight":1.0,"played":[0.339,0.661],"evs":[0.0,0.8264]},"65o":{"weight":1.0,"played":[0.536,0.464],"evs":[0.0,0.3478]},"75o":{"weight":1.0,"played":[0.9473,0.0527],"evs":[0.0,-6.8192]},"85o":{"weight":1.0,"played":[0.6648,0.3352],"evs":[0.0,-4.17202]},"95o":{"weight":1.0,"played":[1.0,0.0],"evs":[0.0,-6.68494]},"T5o":{"weight":1.0,"played":[0.8704,0.1296],"evs":[0.0,-5.19054]},"J5o":{"weight":1.0,"played":[0.9488,0.0512],"evs":[0.0,-6.17031]},"Q5o":{"weight":1.0,"played":[0.9598,0.0402],"evs":[0.0,-8.44978]},"K5o":{"weight":1.0,"played":[0.8205,0.1795],"evs":[0.0,-3.87904]},"A5o":{"weight":1.0,"played":[0.2561,0.7439],"evs":[0.0,1.15618]},"62s":{"weight":1.0,"played":[0.1604,0.8396],"evs":[0.0,-4.63662]},"63s":{"weight":1.0,"played":[0.5981,0.4019],"evs":[0.0,-5.04483]},"64s":{"weight":1.0,"played":[0.5695,0.4305],"evs":[0.0,-4.48207]},"65s":{"weight":1.0,"played":[0.0488,0.9512],"evs":[0.0,5.84651]},"66":{"weight":1.0,"played":[0.7576,0.2424],"evs":[0.0,-2.28661]},"76o":{"weight":1.0,"played":[0.9038,0.0962],"evs":[0.0,-6.70788]},"86o":{"weight":1.0,"played":[0.8669,0.1331],"evs":[0.0,-7.05604]},"96o":{"weight":1.0,"played":[0.9412,0.0588],"evs":[0.0,-9.21009]},"T6o":{"weight":1.0,"played":[0.6886,0.3114],"evs":[0.0,-5.53052]},"J6o":{"weight":1.0,"played":[0.1786,0.8214],"evs":[0.0,-2.17839]},"Q6o":{"weight":1.0,"played":[0.9781,0.0219],"evs":[0.0,-2.84407]},"K6o":{"weight":1.0,"played":[1.0,0.0],"evs":[0.0,-3.81153]},"A6o":{"weight":1.0,"played":[0.9716,0.0284],"evs":[0.0,-4.23272]},"72s":{"weight":1.0,"played":[0.5236,0.4764],"evs":[0.0,1.10898]},"73s":{"weight":1.0,"played":[0.9999,1.0E-4],"evs":[0.0,-4.30103]},"74s":{"weight":1.0,"played":[0.3901,0.6099],"evs":[0.0,18.95272]},"75s":{"weight":1.0,"played":[0.4391,0.5609],"evs":[0.0,0.80449]},"76s":{"weight":1.0,"played":[0.5952,0.4048],"evs":[0.0,-6.09036]},"77":{"weight":1.0,"played":[0.6778,0.3222],"evs":[0.0,-0.52632]},"87o":{"weight":1.0,"played":[0.5034,0.4966],"evs":[0.0,1.161]},"97o":{"weight":1.0,"played":[0.9764,0.0236],"evs":[0.0,-5.1815]},"T7o":{"weight":1.0,"played":[0.8684,0.1316],"evs":[0.0,-6.73356]},"J7o":{"weight":1.0,"played":[0.9786,0.0214],"evs":[0.0,-5.87548]},"Q7o":{"weight":1.0,"played":[0.9369,0.0631],"evs":[0.0,-9.47159]},"K7o":{"weight":1.0,"played":[0.9999,1.0E-4],"evs":[0.0,-5.71577]},"A7o":{"weight":1.0,"played":[0.6401,0.3599],"evs":[0.0,-1.19792]},"82s":{"weight":1.0,"played":[0.7537,0.2463],"evs":[0.0,6.13747]},"83s":{"weight":1.0,"played":[0.7215,0.2785],"evs":[0.0,-7.42601]},"84s":{"weight":1.0,"played":[0.9712,0.0288],"evs":[0.0,-9.42785]},"85s":{"weight":1.0,"played":[0.3993,0.6007],"evs":[0.0,-0.81627]},"86s":{"weight":1.0,"played":[0.5538,0.4462],"evs":[0.0,-8.05743]},"87s":{"weight":1.0,"played":[0.8976,0.1024],"evs":[0.0,-6.01731]},"88":{"weight":1.0,"played":[0.9686,0.0314],"evs":[0.0,-8.83575]},"98o":{"weight":1.0,"played":[0.9472,0.0528],"evs":[0.0,-8.32606]},"T8o":{"weight":1.0,"played":[0.6526,0.3474],"evs":[0.0,-3.97722]},"J8o":{"weight":1.0,"played":[0.9697,0.0303],"evs":[0.0,1.85683]},"Q8o":{"weight":1.0,"played":[0.7313,0.2687],"evs":[0.0,-2.20218]},"K8o":{"weight":1.0,"played":[0.4593,0.5407],"evs":[0.0,1.30714]},"A8o":{"weight":1.0,"played":[0.9394,0.0606],"evs":[0.0,-2.85884]},"92s":{"weight":1.0,"played":[0.7085,0.2915],"evs":[0.0,-2.75678]},"93s":{"weight":1.0,"played":[1.0,0.0],"evs":[0.0,-5.64009]},"94s":{"weight":1.0,"played":[0.6282,0.3718],"evs":[0.0,10.63043]},"95s":{"weight":1.0,"played":[0.6743,0.3257],"evs":[0.0,-3.32129]},"96s":{"weight":1.0,"played":[0.7598,0.2402],"evs":[0.0,-11.07061]},"97s":{"weight":1.0,"played":[1.0,0.0],"evs":[0.0,-9.72765]},"98s":{"weight":1.0,"played":[0.1793,0.8207],"evs":[0.0,2.41102]},"99":{"weight":1.0,"played":[0.2949,0.7051],"evs":[0.0,13.09299]},"T9o":{"weight":1.0,"played":[0.9014,0.0986],"evs":[0.0,-7.31013]},"J9o":{"weight":1.0,"played":[0.9608,0.0392],"evs":[0.0,-7.88851]},"Q9o":{"weight":1.0,"played":[0.693,0.307],"evs":[0.0,-3.96871]},"K9o":{"weight":1.0,"played":[0.7394,0.2606],"evs":[0.0,-4.8378]},"A9o":{"weight":1.0,"played":[0.7791,0.2209],"evs":[0.0,-3.38749]},"T2s":{"weight":1.0,"played":[0.2718,0.7282],"evs":[0.0,3.25994]},"T3s":{"weight":1.0,"played":[0.5217,0.4783],"evs":[0.0,-8.40893]},"T4s":{"weight":1.0,"played":[0.2435,0.7565],"evs":[0.0,7.05529]},"T5s":{"weight":1.0,"played":[0.7274,0.2726],"evs":[0.0,-8.99485]},"T6s":{"weight":1.0,"played":[1.0,0.0],"evs":[0.0,-2.301]},"T7s":{"weight":1.0,"played":[0.7253,0.2747],"evs":[0.0,-6.64226]},"T8s":{"weight":1.0,"played":[0.5434,0.4566],"evs":[0.0,-8.59239]},"T9s":{"weight":1.0,"played":[0.0557,0.9443],"evs":[0.0,-4.06336]},"TT":{"weight":1.0,"played":[0.2223,0.7777],"evs":[0.0,10.93221]},"JTo":{"weight":1.0,"played":[0.1811,0.8189],"evs":[0.0,-2.41322]},"QTo":{"weight":1.0,"played":[0.5416,0.4584],"evs":[0.0,-0.10831]},"KTo":{"weight":1.0,"played":[0.6766,0.3234],"evs":[0.0,-7.69581]},"ATo":{"weight":1.0,"played":[0.897,0.103],"evs":[0.0,-4.39837]},"J2s":{"weight":1.0,"played":[0.8672,0.1328],"evs":[0.0,-3.2454]},"J3s":{"weight":1.0,"played":[0.5133,0.4867],"evs":[0.0,14.11905]},"J4s":{"weight":1.0,"played":[0.8538,0.1462],"evs":[0.0,-11.0241]},"J5s":{"weight":1.0,"played":[0.5194,0.4806],"evs":[0.0,5.77429]},"J6s":{"weight":1.0,"played":[0.9867,0.0133],"evs":[0.0,-9.40108]},"J7s":{"weight":1.0,"played":[1.0,0.0],"evs":[0.0,-8.77901]},"J8s":{"weight":1.0,"played":[0.9246,0.0754],"evs":[0.0,-4.50584]},"J9s":{"weight":1.0,"played":[0.9908,0.0092],"evs":[0.0,0.6017]},"JTs":{"weight":1.0,"played":[0.2538,0.7462],"evs":[0.0,-8.335]},"JJ":{"weight":1.0,"played":[0.6047,0.3953],"evs":[0.0,2.77101]},"QJo":{"weight":1.0,"played":[0.3318,0.6682],"evs":[0.0,-0.8857]},"KJo":{"weight":1.0,"played":[0.2097,0.7903],"evs":[0.0,0.25465]},"AJo":{"weight":1.0,"played":[0.4197,0.5803],"evs":[0.0,-2.63245]},"Q2s":{"weight":1.0,"played":[0.7383,0.2617],"evs":[0.0,-6.85745]},"Q3s":{"weight":1.0,"played":[0.7852,0.2148],"evs":[0.0,-0.6614]},"Q4s":{"weight":1.0,"played":[0.3911,0.6089],"evs":[0.0,-4.86845]},"Q5s":{"weight":1.0,"played":[0.3743,0.6257],"evs":[0.0,-5.68653]},"Q6s":{"weight":1.0,"played":[0.4019,0.5981],"evs":[0.0,-0.45495]},"Q7s":{"weight":1.0,"played":[0.2967,0.7033],"evs":[0.0,-1.63806]},"Q8s":{"weight":1.0,"played":[0.1268,0.8732],"evs":[0.0,-3.09239]},"Q9s":{"weight":1.0,"played":[0.695,0.305],"evs":[0.0,2.4862]},"QTs":{"weight":1.0,"played":[0.5,0.5],"evs":[0.0,-9.23104]},"QJs":{"weight":1.0,"played":[0.9983,0.0017],"evs":[0.0,-8.18537]},"QQ":{"weight":1.0,"played":[0.0,1.0],"evs":[0.0,-9.19937]},"KQo":{"weight":1.0,"played":[0.5556,0.4444],"evs":[0.0,5.47623]},"AQo":{"weight":1.0,"played":[0.9289,0.0711],"evs":[0.0,-8.76402]},"K2s":{"weight":1.0,"played":[0.5,0.5],"evs":[0.0,-9.52253]},"K3s":{"weight":1.0,"played":[0.6561,0.3439],"evs":[0.0,-6.09944]},"K4s":{"weight":1.0,"played":[0.2888,0.7112],"evs":[0.0,4.04418]},"K5s":{"weight":1.0,"played":[0.6335,0.3665],"evs":[0.0,-2.23843]},"K6s":{"weight":1.0,"played":[0.0,1.0],"evs":[0.0,-7.15932]},"K7s":{"weight":1.0,"played":[1.0,0.0],"evs":[0.0,-8.28026]},"K8s":{"weight":1.0,"played":[0.9174,0.0826],"evs":[0.0,-9.64893]},"K9s":{"weight":1.0,"played":[0.8276,0.1724],"evs":[0.0,-9.20766]},"KTs":{"weight":1.0,"played":[0.919,0.081],"evs":[0.0,-9.48653]},"KJs":{"weight":1.0,"played":[0.8786,0.1214],"evs":[0.0,-2.51494]},"KQs":{"weight":1.0,"played":[0.9232,0.0768],"evs":[0.0,-9.0674]},"KK":{"weight":1.0,"played":[0.0,1.0],"evs":[0.0,21.99501]},"AKo":{"weight":1.0,"played":[1.0,0.0],"evs":[0.0,-4.02766]},"A2s":{"weight":1.0,"played":[0.0054,0.9946],"evs":[0.0,0.9258]},"A3s":{"weight":1.0,"played":[0.6362,0.3638],"evs":[0.0,-9.49281]},"A4s":{"weight":1.0,"played":[0.1923,0.8077],"evs":[0.0,-0.88281]},"A5s":{"weight":1.0,"played":[0.9144,0.0856],"evs":[0.0,-10.58336]},"A6s":{"weight":1.0,"played":[0.0,1.0],"evs":[0.0,-4.87179]},"A7s":{"weight":1.0,"played":[1.0,0.0],"evs":[0.0,-7.21485]},"A8s":{"weight":1.0,"played":[1.0,0.0],"evs":[0.0,-9.35028]},"A9s":{"weight":1.0,"played":[0.455,0.545],"evs":[0.0,-1.78892]},"ATs":{"weight":1.0,"played":[0.5533,0.4467],"evs":[0.0,-8.08174]},"AJs":{"weight":1.0,"played":[0.9539,0.0461],"evs":[0.0,-11.30333]},"AQs":{"weight":1.0,"played":[1.0,0.0],"evs":[0.0,6.95776]},"AKs":{"weight":1.0,"played":[0.7416,0.2584],"evs":[0.0,-8.89331]},"AA":{"weight":1.0,"played":[0.5,0.5],"evs":[0.0,0.51201]}}}