{"player":4,"street":0,"children":2,"sequence":[{"player":0,"type":"R","amount":26350000,"street":0},{"player":1,"type":"F","amount":0,"street":0},{"player":2,"type":"R","amount":34350000,"street":0},{"player":3,"type":"F","amount":0,"street":0}],"actions":[{"type":"F","amount":0,"node":159},{"type":"R","amount":61485900,"node":162}],"hands":{"22":{"weight":1.0,"played":[1.0,0.0],"evs":[0.0,-0.91353]},"32o":{"weight":1.0,"played":[1.0,0.0],"evs":[0.0,-2.34373]},"42o":{"weight":1.0,"played":[1.0,0.0],"evs":[0.0,-2.27559]},"52o":{"weight":1.0,"played":[1.0,0.0],"evs":[0.0,-2.20903]},"62o":{"weight":1.0,"played":[1.0,0.0],"evs":[0.0,-2.42354]},"72o":{"weight":1.0,"played":[1.0,0.0],"evs":[0.0,-2.67002]},"82o":{"weight":1.0,"played":[1.0,0.0],"evs":[0.0,-2.56801]},"92o":{"weight":1.0,"played":[1.0,0.0],"evs":[0.0,-2.45708]},"T2o":{"weight":1.0,"played":[1.0,0.0],"evs":[0.0,-2.38192]},"J2o":{"weight":1.0,"played":[1.0,0.0],"evs":[0.0,-2.45891]},"Q2o":{"weight":1.0,"played":[1.0,0.0],"evs":[0.0,-2.219]},"K2o":{"weight":1.0,"played":[1.0,0.0],"evs":[0.0,-2.0381]},"A2o":{"weight":1.0,"played":[1.0,0.0],"evs":[0.0,-2.39174]},"32s":{"weight":1.0,"played":[1.0,0.0],"evs":[0.0,-1.68813]},"33":{"weight":1.0,"played":[1.0,0.0],"evs":[0.0,-0.81212]},"43o":{"weight":1.0,"played":[1.0,0.0],"evs":[0.0,-2.02198]},"53o":{"weight":1.0,"played":[1.0,0.0],"evs":[0.0,-1.93311]},"63o":{"weight":1.0,"played":[1.0,0.0],"evs":[0.0,-2.15262]},"73o":{"weight":1.0,"played":[1.0,0.0],"evs":[0.0,-2.37466]},"83o":{"weight":1.0,"played":[1.0,0.0],"evs":[0.0,-2.54742]},"93o":{"weight":1.0,"played":[1.0,0.0],"evs":[0.0,-2.37551]},"T3o":{"weight":1.0,"played":[1.0,0.0],"evs":[0.0,-2.33502]},"J3o":{"weight":1.0,"played":[1.0,0.0],"evs":[0.0,-2.36272]},"Q3o":{"weight":1.0,"played":[1.0,0.0],"evs":[0.0,-2.16234]},"K3o":{"weight":1.0,"played":[1.0,0.0],"evs":[0.0,-1.94839]},"A3o":{"weight":1.0,"played":[1.0,0.0],"evs":[0.0,-2.30585]},"42s":{"weight":1.0,"played":[1.0,0.0],"evs":[0.0,-1.61643]},"43s":{"weight":1.0,"played":[1.0,0.0],"evs":[0.0,-1.34581]},"44":{"weight":1.0,"played":[1.0,0.0],"evs":[0.0,-0.72204]},"54o":{"weight":1.0,"played":[1.0,0.0],"evs":[0.0,-1.67551]},"64o":{"weight":1.0,"played":[1.0,0.0],"evs":[0.0,-1.89409]},"74o":{"weight":1.0,"played":[1.0,0.0],"evs":[0.0,-2.11357]},"84o":{"weight":1.0,"played":[1.0,0.0],"evs":[0.0,-2.29163]},"94o":{"weight":1.0,"played":[1.0,0.0],"evs":[0.0,-2.3995]},"T4o":{"weight":1.0,"played":[1.0,0.0],"evs":[0.0,-2.26254]},"J4o":{"weight":1.0,"played":[1.0,0.0],"evs":[0.0,-2.3346]},"Q4o":{"weight":1.0,"played":[1.0,0.0],"evs":[0.0,-2.10086]},"K4o":{"weight":1.0,"played":[1.0,0.0],"evs":[0.0,-1.88821]},"A4o":{"weight":1.0,"played":[1.0,0.0],"evs":[0.0,-2.23124]},"52s":{"weight":1.0,"played":[1.0,0.0],"evs":[0.0,-1.57076]},"53s":{"weight":1.0,"played":[1.0,0.0],"evs":[0.0,-1.30025]},"54s":{"weight":1.0,"played":[1.0,0.0],"evs":[0.0,-1.06192]},"55":{"weight":1.0,"played":[1.0,0.0],"evs":[0.0,-0.57327]},"65o":{"weight":1.0,"played":[1.0,0.0],"evs":[0.0,-1.65292]},"75o":{"weight":1.0,"played":[1.0,0.0],"evs":[0.0,-1.86454]},"85o":{"weight":1.0,"played":[1.0,0.0],"evs":[0.0,-2.02488]},"95o":{"weight":1.0,"played":[1.0,0.0],"evs":[0.0,-2.13655]},"T5o":{"weight":1.0,"played":[1.0,0.0],"evs":[0.0,-2.23899]},"J5o":{"weight":1.0,"played":[1.0,0.0],"evs":[0.0,-2.25384]},"Q5o":{"weight":1.0,"played":[1.0,0.0],"evs":[0.0,-2.01743]},"K5o":{"weight":1.0,"played":[1.0,0.0],"evs":[0.0,-1.82087]},"A5o":{"weight":1.0,"played":[1.0,0.0],"evs":[0.0,-2.16877]},"62s":{"weight":1.0,"played":[1.0,0.0],"evs":[0.0,-1.74854]},"63s":{"weight":1.0,"played":[1.0,0.0],"evs":[0.0,-1.46168]},"64s":{"weight":1.0,"played":[1.0,0.0],"evs":[0.0,-1.2276]},"65s":{"weight":1.0,"played":[1.0,0.0],"evs":[0.0,-0.98287]},"66":{"weight":1.0,"played":[1.0,0.0],"evs":[0.0,-0.50252]},"76o":{"weight":1.0,"played":[1.0,0.0],"evs":[0.0,-1.65079]},"86o":{"weight":1.0,"played":[1.0,0.0],"evs":[0.0,-1.81999]},"96o":{"weight":1.0,"played":[1.0,0.0],"evs":[0.0,-1.90506]},"T6o":{"weight":1.0,"played":[1.0,0.0],"evs":[0.0,-2.02534]},"J6o":{"weight":1.0,"played":[1.0,0.0],"evs":[0.0,-2.24948]},"Q6o":{"weight":1.0,"played":[1.0,0.0],"evs":[0.0,-1.99564]},"K6o":{"weight":1.0,"played":[1.0,0.0],"evs":[0.0,-1.78068]},"A6o":{"weight":1.0,"played":[1.0,0.0],"evs":[0.0,-2.42636]},"72s":{"weight":1.0,"played":[1.0,0.0],"evs":[0.0,-1.97745]},"73s":{"weight":1.0,"played":[1.0,0.0],"evs":[0.0,-1.70205]},"74s":{"weight":1.0,"played":[1.0,0.0],"evs":[0.0,-1.44263]},"75s":{"weight":1.0,"played":[1.0,0.0],"evs":[0.0,-1.20308]},"76s":{"weight":1.0,"played":[1.0,0.0],"evs":[0.0,-1.01946]},"77":{"weight":1.0,"played":[0.9999,1.0E-4],"evs":[0.0,-0.30642]},"87o":{"weight":1.0,"played":[1.0,0.0],"evs":[0.0,-1.64162]},"97o":{"weight":1.0,"played":[1.0,0.0],"evs":[0.0,-1.71605]},"T7o":{"weight":1.0,"played":[1.0,0.0],"evs":[0.0,-1.83545]},"J7o":{"weight":1.0,"played":[1.0,0.0],"evs":[0.0,-2.07578]},"Q7o":{"weight":1.0,"played":[1.0,0.0],"evs":[0.0,-2.02961]},"K7o":{"weight":1.0,"played":[1.0,0.0],"evs":[0.0,-1.78731]},"A7o":{"weight":1.0,"played":[1.0,0.0],"evs":[0.0,-2.38276]},"82s":{"weight":1.0,"played":[1.0,0.0],"evs":[0.0,-1.85476]},"83s":{"weight":1.0,"played":[1.0,0.0],"evs":[0.0,-1.86706]},"84s":{"weight":1.0,"played":[1.0,0.0],"evs":[0.0,-1.62202]},"85s":{"weight":1.0,"played":[1.0,0.0],"evs":[0.0,-1.34485]},"86s":{"weight":1.0,"played":[1.0,0.0],"evs":[0.0,-1.16227]},"87s":{"weight":1.0,"played":[1.0,0.0],"evs":[0.0,-0.97366]},"88":{"weight":1.0,"played":[0.0057,0.9943],"evs":[0.0,0.20333]},"98o":{"weight":1.0,"played":[1.0,0.0],"evs":[0.0,-1.52689]},"T8o":{"weight":1.0,"played":[1.0,0.0],"evs":[0.0,-1.6029]},"J8o":{"weight":1.0,"played":[1.0,0.0],"evs":[0.0,-1.84026]},"Q8o":{"weight":1.0,"played":[1.0,0.0],"evs":[0.0,-1.82095]},"K8o":{"weight":1.0,"played":[1.0,0.0],"evs":[0.0,-1.78323]},"A8o":{"weight":1.0,"played":[1.0,0.0],"evs":[0.0,-2.26496]},"92s":{"weight":1.0,"played":[1.0,0.0],"evs":[0.0,-1.76839]},"93s":{"weight":1.0,"played":[1.0,0.0],"evs":[0.0,-1.67887]},"94s":{"weight":1.0,"played":[1.0,0.0],"evs":[0.0,-1.70571]},"95s":{"weight":1.0,"played":[1.0,0.0],"evs":[0.0,-1.45298]},"96s":{"weight":1.0,"played":[1.0,0.0],"evs":[0.0,-1.23005]},"97s":{"weight":1.0,"played":[1.0,0.0],"evs":[0.0,-1.03992]},"98s":{"weight":1.0,"played":[1.0,0.0],"evs":[0.0,-0.93075]},"99":{"weight":1.0,"played":[0.0,1.0],"evs":[0.0,0.78429]},"T9o":{"weight":1.0,"played":[1.0,0.0],"evs":[0.0,-1.33488]},"J9o":{"weight":1.0,"played":[1.0,0.0],"evs":[0.0,-1.56838]},"Q9o":{"weight":1.0,"played":[1.0,0.0],"evs":[0.0,-1.5278]},"K9o":{"weight":1.0,"played":[1.0,0.0],"evs":[0.0,-1.49693]},"A9o":{"weight":1.0,"played":[1.0,0.0],"evs":[0.0,-2.09018]},"T2s":{"weight":1.0,"played":[1.0,0.0],"evs":[0.0,-1.68296]},"T3s":{"weight":1.0,"played":[1.0,0.0],"evs":[0.0,-1.63367]},"T4s":{"weight":1.0,"played":[1.0,0.0],"evs":[0.0,-1.57169]},"T5s":{"weight":1.0,"played":[1.0,0.0],"evs":[0.0,-1.53884]},"T6s":{"weight":1.0,"played":[1.0,0.0],"evs":[0.0,-1.35503]},"T7s":{"weight":1.0,"played":[1.0,0.0],"evs":[0.0,-1.17747]},"T8s":{"weight":1.0,"played":[1.0,0.0],"evs":[0.0,-0.94959]},"T9s":{"weight":1.0,"played":[1.0,0.0],"evs":[0.0,-0.68285]},"TT":{"weight":1.0,"played":[0.0,1.0],"evs":[0.0,1.58193]},"JTo":{"weight":1.0,"played":[1.0,0.0],"evs":[0.0,-1.24482]},"QTo":{"weight":1.0,"played":[1.0,0.0],"evs":[0.0,-1.19979]},"KTo":{"weight":1.0,"played":[1.0,0.0],"evs":[0.0,-1.15015]},"ATo":{"weight":1.0,"played":[1.0,0.0],"evs":[0.0,-1.63489]},"J2s":{"weight":1.0,"played":[1.0,0.0],"evs":[0.0,-1.75461]},"J3s":{"weight":1.0,"played":[1.0,0.0],"evs":[0.0,-1.69557]},"J4s":{"weight":1.0,"played":[1.0,0.0],"evs":[0.0,-1.60715]},"J5s":{"weight":1.0,"played":[1.0,0.0],"evs":[0.0,-1.55067]},"J6s":{"weight":1.0,"played":[1.0,0.0],"evs":[0.0,-1.5614]},"J7s":{"weight":1.0,"played":[1.0,0.0],"evs":[0.0,-1.39068]},"J8s":{"weight":1.0,"played":[1.0,0.0],"evs":[0.0,-1.18181]},"J9s":{"weight":1.0,"played":[1.0,0.0],"evs":[0.0,-0.93333]},"JTs":{"weight":1.0,"played":[1.0,0.0],"evs":[0.0,-0.57676]},"JJ":{"weight":1.0,"played":[0.0,1.0],"evs":[0.0,2.45697]},"QJo":{"weight":1.0,"played":[1.0,0.0],"evs":[0.0,-1.25455]},"KJo":{"weight":1.0,"played":[1.0,0.0],"evs":[0.0,-1.17362]},"AJo":{"weight":1.0,"played":[1.0,0.0],"evs":[0.0,-1.09243]},"Q2s":{"weight":1.0,"played":[1.0,0.0],"evs":[0.0,-1.52675]},"Q3s":{"weight":1.0,"played":[1.0,0.0],"evs":[0.0,-1.43844]},"Q4s":{"weight":1.0,"played":[1.0,0.0],"evs":[0.0,-1.41388]},"Q5s":{"weight":1.0,"played":[1.0,0.0],"evs":[0.0,-1.32413]},"Q6s":{"weight":1.0,"played":[1.0,0.0],"evs":[0.0,-1.30233]},"Q7s":{"weight":1.0,"played":[1.0,0.0],"evs":[0.0,-1.3357]},"Q8s":{"weight":1.0,"played":[1.0,0.0],"evs":[0.0,-1.1264]},"Q9s":{"weight":1.0,"played":[1.0,0.0],"evs":[0.0,-0.85914]},"QTs":{"weight":1.0,"played":[1.0,0.0],"evs":[0.0,-0.53611]},"QJs":{"weight":1.0,"played":[1.0,0.0],"evs":[0.0,-0.63956]},"QQ":{"weight":1.0,"played":[0.0,1.0],"evs":[0.0,3.74559]},"KQo":{"weight":1.0,"played":[1.0,0.0],"evs":[0.0,-0.82872]},"AQo":{"weight":1.0,"played":[0.7532,0.2468],"evs":[0.0,0.02162]},"K2s":{"weight":1.0,"played":[1.0,0.0],"evs":[0.0,-1.29565]},"K3s":{"weight":1.0,"played":[1.0,0.0],"evs":[0.0,-1.23839]},"K4s":{"weight":1.0,"played":[1.0,0.0],"evs":[0.0,-1.192]},"K5s":{"weight":1.0,"played":[1.0,0.0],"evs":[0.0,-1.10056]},"K6s":{"weight":1.0,"played":[1.0,0.0],"evs":[0.0,-1.11203]},"K7s":{"weight":1.0,"played":[1.0,0.0],"evs":[0.0,-1.0923]},"K8s":{"weight":1.0,"played":[1.0,0.0],"evs":[0.0,-1.10061]},"K9s":{"weight":1.0,"played":[1.0,0.0],"evs":[0.0,-0.83554]},"KTs":{"weight":1.0,"played":[1.0,0.0],"evs":[0.0,-0.47653]},"KJs":{"weight":1.0,"played":[1.0,0.0],"evs":[0.0,-0.51223]},"KQs":{"weight":1.0,"played":[0.9998,2.0E-4],"evs":[0.0,-0.20988]},"KK":{"weight":1.0,"played":[0.0,1.0],"evs":[0.0,5.22616]},"AKo":{"weight":1.0,"played":[0.0,1.0],"evs":[0.0,1.1842]},"A2s":{"weight":1.0,"played":[1.0,0.0],"evs":[0.0,-1.62979]},"A3s":{"weight":1.0,"played":[1.0,0.0],"evs":[0.0,-1.53279]},"A4s":{"weight":1.0,"played":[1.0,0.0],"evs":[0.0,-1.48316]},"A5s":{"weight":1.0,"played":[1.0,0.0],"evs":[0.0,-1.43736]},"A6s":{"weight":1.0,"played":[1.0,0.0],"evs":[0.0,-1.69765]},"A7s":{"weight":1.0,"played":[1.0,0.0],"evs":[0.0,-1.62222]},"A8s":{"weight":1.0,"played":[1.0,0.0],"evs":[0.0,-1.48576]},"A9s":{"weight":1.0,"played":[1.0,0.0],"evs":[0.0,-1.34695]},"ATs":{"weight":1.0,"played":[1.0,0.0],"evs":[0.0,-0.91489]},"AJs":{"weight":1.0,"played":[1.0,0.0],"evs":[0.0,-0.41032]},"AQs":{"weight":1.0,"played":[0.0,1.0],"evs":[0.0,0.58575]},"AKs":{"weight":1.0,"played":[0.0,1.0],"evs":[0.0,1.72368]},"AA":{"weight":1.0,"played":[0.0,1.0],"evs":[0.0,7.64544]}}}