{"player":4,"street":0,"children":3,"sequence":[{"player":0,"type":"F","amount":0,"street":0},{"player":1,"type":"F","amount":0,"street":0},{"player":2,"type":"F","amount":0,"street":0},{"player":3,"type":"C","amount":4130000,"street":0}],"actions":[{"type":"F","amount":0,"node":17},{"type":"R","amount":10000000,"node":19},{"type":"R","amount":61485900,"node":29}],"hands":{"22":{"weight":1.0,"played":[0.0,0.0,1.0],"evs":[0.0,0.41379,0.71637]},"32o":{"weight":1.0,"played":[1.0,0.0,0.0],"evs":[0.0,-0.43263,-0.6844]},"42o":{"weight":1.0,"played":[1.0,0.0,0.0],"evs":[0.0,-0.39111,-0.62437]},"52o":{"weight":1.0,"played":[1.0,0.0,0.0],"evs":[0.0,-0.35854,-0.56564]},"62o":{"weight":1.0,"played":[1.0,0.0,0.0],"evs":[0.0,-0.43534,-0.67413]},"72o":{"weight":1.0,"played":[1.0,0.0,0.0],"evs":[0.0,-0.48049,-0.75456]},"82o":{"weight":1.0,"played":[1.0,0.0,0.0],"evs":[0.0,-0.44245,-0.6715]},"92o":{"weight":1.0,"played":[1.0,0.0,0.0],"evs":[0.0,-0.39508,-0.60707]},"T2o":{"weight":1.0,"played":[1.0,0.0,0.0],"evs":[0.0,-0.32538,-0.50589]},"J2o":{"weight":1.0,"played":[1.0,0.0,0.0],"evs":[0.0,-0.26456,-0.40414]},"Q2o":{"weight":1.0,"played":[1.0,0.0,0.0],"evs":[0.0,-0.16878,-0.27042]},"K2o":{"weight":1.0,"played":[0.0,1.0,0.0],"evs":[0.0,0.01328,-0.02778]},"A2o":{"weight":1.0,"played":[0.0,0.0,1.0],"evs":[0.0,0.58769,0.65421]},"32s":{"weight":1.0,"played":[1.0,0.0,0.0],"evs":[0.0,-0.19007,-0.31175]},"33":{"weight":1.0,"played":[0.0,0.0,1.0],"evs":[0.0,0.62736,0.84536]},"43o":{"weight":1.0,"played":[1.0,0.0,0.0],"evs":[0.0,-0.29516,-0.47929]},"53o":{"weight":1.0,"played":[1.0,0.0,0.0],"evs":[0.0,-0.25632,-0.41803]},"63o":{"weight":1.0,"played":[1.0,0.0,0.0],"evs":[0.0,-0.33177,-0.52384]},"73o":{"weight":1.0,"played":[1.0,0.0,0.0],"evs":[0.0,-0.37862,-0.60493]},"83o":{"weight":1.0,"played":[1.0,0.0,0.0],"evs":[0.0,-0.4232,-0.65438]},"93o":{"weight":1.0,"played":[1.0,0.0,0.0],"evs":[0.0,-0.36049,-0.56581]},"T3o":{"weight":1.0,"played":[1.0,0.0,0.0],"evs":[0.0,-0.28607,-0.46108]},"J3o":{"weight":1.0,"played":[1.0,0.0,0.0],"evs":[0.0,-0.22817,-0.36024]},"Q3o":{"weight":1.0,"played":[1.0,0.0,0.0],"evs":[0.0,-0.12905,-0.22404]},"K3o":{"weight":1.0,"played":[0.0,1.0,0.0],"evs":[0.0,0.05478,0.02229]},"A3o":{"weight":1.0,"played":[0.0,0.0,1.0],"evs":[0.0,0.63802,0.70444]},"42s":{"weight":1.0,"played":[1.0,0.0,0.0],"evs":[0.0,-0.1447,-0.25129]},"43s":{"weight":1.0,"played":[1.0,0.0,0.0],"evs":[0.0,-0.05495,-0.1171]},"44":{"weight":1.0,"played":[0.0,0.0,1.0],"evs":[0.0,0.8698,1.00561]},"54o":{"weight":1.0,"played":[1.0,0.0,0.0],"evs":[0.0,-0.15751,-0.26424]},"64o":{"weight":1.0,"played":[1.0,0.0,0.0],"evs":[0.0,-0.22243,-0.36433]},"74o":{"weight":1.0,"played":[1.0,0.0,0.0],"evs":[0.0,-0.26866,-0.44327]},"84o":{"weight":1.0,"played":[1.0,0.0,0.0],"evs":[0.0,-0.3163,-0.49328]},"94o":{"weight":1.0,"played":[1.0,0.0,0.0],"evs":[0.0,-0.32944,-0.53328]},"T4o":{"weight":1.0,"played":[1.0,0.0,0.0],"evs":[0.0,-0.24417,-0.40416]},"J4o":{"weight":1.0,"played":[1.0,0.0,0.0],"evs":[0.0,-0.1817,-0.30279]},"Q4o":{"weight":1.0,"played":[1.0,0.0,0.0],"evs":[0.0,-0.08499,-0.16445]},"K4o":{"weight":1.0,"played":[0.0,1.0,0.0],"evs":[0.0,0.10148,0.08079]},"A4o":{"weight":1.0,"played":[0.0,0.0,1.0],"evs":[0.0,0.68768,0.76146]},"52s":{"weight":1.0,"played":[1.0,0.0,0.0],"evs":[0.0,-0.11959,-0.19781]},"53s":{"weight":1.0,"played":[1.0,0.0,0.0],"evs":[0.0,-0.02012,-0.05869]},"54s":{"weight":1.0,"played":[0.0,2.0E-4,0.9998],"evs":[0.0,0.0714,0.08546]},"55":{"weight":1.0,"played":[0.0,0.0,1.0],"evs":[0.0,1.11747,1.18224]},"65o":{"weight":1.0,"played":[1.0,0.0,0.0],"evs":[0.0,-0.12902,-0.21333]},"75o":{"weight":1.0,"played":[1.0,0.0,0.0],"evs":[0.0,-0.1686,-0.28529]},"85o":{"weight":1.0,"played":[1.0,0.0,0.0],"evs":[0.0,-0.21529,-0.33627]},"95o":{"weight":1.0,"played":[1.0,0.0,0.0],"evs":[0.0,-0.23005,-0.37562]},"T5o":{"weight":1.0,"played":[1.0,0.0,0.0],"evs":[0.0,-0.219,-0.37073]},"J5o":{"weight":1.0,"played":[1.0,0.0,0.0],"evs":[0.0,-0.14138,-0.24375]},"Q5o":{"weight":1.0,"played":[1.0,0.0,0.0],"evs":[0.0,-0.03808,-0.101]},"K5o":{"weight":1.0,"played":[0.0,1.0,0.0],"evs":[0.0,0.1575,0.14679]},"A5o":{"weight":1.0,"played":[0.0,0.0,1.0],"evs":[0.0,0.78493,0.83596]},"62s":{"weight":1.0,"played":[1.0,0.0,0.0],"evs":[0.0,-0.18655,-0.29578]},"63s":{"weight":1.0,"played":[1.0,0.0,0.0],"evs":[0.0,-0.08992,-0.15692]},"64s":{"weight":1.0,"played":[0.001,0.999,0.0],"evs":[0.0,0.01466,-0.00553]},"65s":{"weight":1.0,"played":[0.0,0.0,1.0],"evs":[0.0,0.09878,0.13038]},"66":{"weight":1.0,"played":[0.0,0.0,1.0],"evs":[0.0,1.32939,1.36646]},"76o":{"weight":1.0,"played":[1.0,0.0,0.0],"evs":[0.0,-0.07448,-0.14662]},"86o":{"weight":1.0,"played":[1.0,0.0,0.0],"evs":[0.0,-0.12115,-0.19489]},"96o":{"weight":1.0,"played":[1.0,0.0,0.0],"evs":[0.0,-0.13111,-0.23208]},"T6o":{"weight":1.0,"played":[1.0,0.0,0.0],"evs":[0.0,-0.12426,-0.23164]},"J6o":{"weight":1.0,"played":[1.0,0.0,0.0],"evs":[0.0,-0.1207,-0.22462]},"Q6o":{"weight":1.0,"played":[0.1628,0.8372,0.0],"evs":[0.0,0.00171,-0.04497]},"K6o":{"weight":1.0,"played":[0.0,0.8706,0.1294],"evs":[0.0,0.21382,0.21117]},"A6o":{"weight":1.0,"played":[0.0,0.0,1.0],"evs":[0.0,0.78134,0.82508]},"72s":{"weight":1.0,"played":[1.0,0.0,0.0],"evs":[0.0,-0.2285,-0.376]},"73s":{"weight":1.0,"played":[1.0,0.0,0.0],"evs":[0.0,-0.13392,-0.23468]},"74s":{"weight":1.0,"played":[1.0,0.0,0.0],"evs":[0.0,-0.03078,-0.08422]},"75s":{"weight":1.0,"played":[0.0,0.1704,0.8296],"evs":[0.0,0.06147,0.06281]},"76s":{"weight":1.0,"played":[0.0,0.0,1.0],"evs":[0.0,0.15326,0.19148]},"77":{"weight":1.0,"played":[0.0,0.0,1.0],"evs":[0.0,1.57546,1.58286]},"87o":{"weight":1.0,"played":[1.0,0.0,0.0],"evs":[0.0,-0.03503,-0.07298]},"97o":{"weight":1.0,"played":[1.0,0.0,0.0],"evs":[0.0,-0.0344,-0.10275]},"T7o":{"weight":1.0,"played":[1.0,0.0,0.0],"evs":[0.0,-0.02237,-0.09164]},"J7o":{"weight":1.0,"played":[1.0,0.0,0.0],"evs":[0.0,-0.01649,-0.08326]},"Q7o":{"weight":1.0,"played":[0.0,1.0,0.0],"evs":[0.0,0.03588,-0.0184]},"K7o":{"weight":1.0,"played":[0.0,0.9208,0.0792],"evs":[0.0,0.27891,0.27578]},"A7o":{"weight":1.0,"played":[0.0,0.0,1.0],"evs":[0.0,0.90986,0.96614]},"82s":{"weight":1.0,"played":[1.0,0.0,0.0],"evs":[0.0,-0.19214,-0.29655]},"83s":{"weight":1.0,"played":[1.0,0.0,0.0],"evs":[0.0,-0.17595,-0.27997]},"84s":{"weight":1.0,"played":[1.0,0.0,0.0],"evs":[0.0,-0.07601,-0.13472]},"85s":{"weight":1.0,"played":[0.0,0.6289,0.3711],"evs":[0.0,0.01895,0.01805]},"86s":{"weight":1.0,"played":[0.0,0.0,1.0],"evs":[0.0,0.11307,0.14884]},"87s":{"weight":1.0,"played":[0.0,0.0,1.0],"evs":[0.0,0.19357,0.25904]},"88":{"weight":1.0,"played":[0.0,0.0,1.0],"evs":[0.0,1.84003,1.86747]},"98o":{"weight":1.0,"played":[0.0,1.0,0.0],"evs":[0.0,0.0502,0.04524]},"T8o":{"weight":1.0,"played":[0.0,0.9621,0.0379],"evs":[0.0,0.0745,0.07165]},"J8o":{"weight":1.0,"played":[0.0,1.0,0.0],"evs":[0.0,0.0896,0.08505]},"Q8o":{"weight":1.0,"played":[0.0,0.8309,0.1691],"evs":[0.0,0.15871,0.15714]},"K8o":{"weight":1.0,"played":[0.0,0.0315,0.9685],"evs":[0.0,0.35374,0.35576]},"A8o":{"weight":1.0,"played":[0.0,0.0,1.0],"evs":[0.0,1.05222,1.15132]},"92s":{"weight":1.0,"played":[1.0,0.0,0.0],"evs":[0.0,-0.14248,-0.23955]},"93s":{"weight":1.0,"played":[1.0,0.0,0.0],"evs":[0.0,-0.11072,-0.19688]},"94s":{"weight":1.0,"played":[1.0,0.0,0.0],"evs":[0.0,-0.08302,-0.16995]},"95s":{"weight":1.0,"played":[1.0E-4,0.9999,0.0],"evs":[0.0,0.00905,-0.019]},"96s":{"weight":1.0,"played":[0.0,0.0,1.0],"evs":[0.0,0.10308,0.11469]},"97s":{"weight":1.0,"played":[0.0,0.0,1.0],"evs":[0.0,0.1948,0.23459]},"98s":{"weight":1.0,"played":[0.0,0.0,1.0],"evs":[0.0,0.27559,0.37359]},"99":{"weight":1.0,"played":[0.0,0.6069,0.3931],"evs":[0.0,2.1641,2.16325]},"T9o":{"weight":1.0,"played":[0.0,0.0,1.0],"evs":[0.0,0.21835,0.24116]},"J9o":{"weight":1.0,"played":[0.0,0.0024,0.9976],"evs":[0.0,0.25259,0.25986]},"Q9o":{"weight":1.0,"played":[0.0,0.0204,0.9796],"evs":[0.0,0.33989,0.33998]},"K9o":{"weight":1.0,"played":[0.0,0.0,1.0],"evs":[0.0,0.54969,0.55749]},"A9o":{"weight":1.0,"played":[0.0,0.0,1.0],"evs":[0.0,1.26484,1.36642]},"T2s":{"weight":1.0,"played":[1.0,0.0,0.0],"evs":[0.0,-0.07222,-0.141]},"T3s":{"weight":1.0,"played":[1.0,0.0,0.0],"evs":[0.0,-0.03715,-0.09758]},"T4s":{"weight":1.0,"played":[0.9565,0.0435,0.0],"evs":[0.0,-0.00119,-0.04479]},"T5s":{"weight":1.0,"played":[0.0,1.0,0.0],"evs":[0.0,0.02061,-0.01852]},"T6s":{"weight":1.0,"played":[0.0,0.0842,0.9158],"evs":[0.0,0.11351,0.11476]},"T7s":{"weight":1.0,"played":[0.0,0.0,1.0],"evs":[0.0,0.21325,0.24087]},"T8s":{"weight":1.0,"played":[0.0,0.0,1.0],"evs":[0.0,0.30391,0.39539]},"T9s":{"weight":1.0,"played":[0.0,0.0,1.0],"evs":[0.0,0.44121,0.55107]},"TT":{"weight":1.0,"played":[0.0,1.0,0.0],"evs":[0.0,2.64278,2.53707]},"JTo":{"weight":1.0,"played":[0.0,0.0,1.0],"evs":[0.0,0.46302,0.50483]},"QTo":{"weight":1.0,"played":[0.0,0.0,1.0],"evs":[0.0,0.56196,0.60807]},"KTo":{"weight":1.0,"played":[0.0,0.0,1.0],"evs":[0.0,0.80013,0.84005]},"ATo":{"weight":1.0,"played":[0.0,0.0,1.0],"evs":[0.0,1.69945,1.72869]},"J2s":{"weight":1.0,"played":[0.9998,2.0E-4,0.0],"evs":[0.0,-0.00879,-0.04432]},"J3s":{"weight":1.0,"played":[0.0,0.9998,2.0E-4],"evs":[0.0,0.0234,-0.00451]},"J4s":{"weight":1.0,"played":[0.0,1.0,0.0],"evs":[0.0,0.06537,0.04872]},"J5s":{"weight":1.0,"played":[0.0,0.0736,0.9264],"evs":[0.0,0.10175,0.10358]},"J6s":{"weight":1.0,"played":[0.0,0.0332,0.9668],"evs":[0.0,0.12278,0.1282]},"J7s":{"weight":1.0,"played":[0.0,0.0,1.0],"evs":[0.0,0.22251,0.25733]},"J8s":{"weight":1.0,"played":[0.0,0.0,1.0],"evs":[0.0,0.31869,0.40733]},"J9s":{"weight":1.0,"played":[0.0,0.0,1.0],"evs":[0.0,0.47865,0.57294]},"JTs":{"weight":1.0,"played":[0.0,0.0,1.0],"evs":[0.0,0.70275,0.80321]},"JJ":{"weight":1.0,"played":[0.0,1.0,0.0],"evs":[0.0,3.0964,2.86806]},"QJo":{"weight":1.0,"played":[0.0,0.0,1.0],"evs":[0.0,0.65931,0.71276]},"KJo":{"weight":1.0,"played":[0.0,0.0,1.0],"evs":[0.0,0.96663,0.99053]},"AJo":{"weight":1.0,"played":[0.0,0.0154,0.9846],"evs":[0.0,1.97944,1.98176]},"Q2s":{"weight":1.0,"played":[0.0,0.6849,0.3151],"evs":[0.0,0.08946,0.08752]},"Q3s":{"weight":1.0,"played":[0.0,1.0E-4,0.9999],"evs":[0.0,0.12186,0.13289]},"Q4s":{"weight":1.0,"played":[0.0,0.0,1.0],"evs":[0.0,0.16557,0.1873]},"Q5s":{"weight":1.0,"played":[0.0,0.0,1.0],"evs":[0.0,0.20481,0.24056]},"Q6s":{"weight":1.0,"played":[0.0,0.0,1.0],"evs":[0.0,0.24351,0.29285]},"Q7s":{"weight":1.0,"played":[0.0,0.0,1.0],"evs":[0.0,0.278,0.31649]},"Q8s":{"weight":1.0,"played":[0.0,0.0,1.0],"evs":[0.0,0.39219,0.48041]},"Q9s":{"weight":1.0,"played":[0.0,0.0,1.0],"evs":[0.0,0.56905,0.65359]},"QTs":{"weight":1.0,"played":[0.0,0.0,1.0],"evs":[0.0,0.82091,0.9016]},"QJs":{"weight":1.0,"played":[0.0,0.0,1.0],"evs":[0.0,0.95764,0.99627]},"QQ":{"weight":1.0,"played":[0.0,1.0,0.0],"evs":[0.0,3.60219,3.23556]},"KQo":{"weight":1.0,"played":[0.0,0.0,1.0],"evs":[0.0,1.14537,1.19843]},"AQo":{"weight":1.0,"played":[0.0,0.0,1.0],"evs":[0.0,2.25125,2.25954]},"K2s":{"weight":1.0,"played":[0.0,0.0,1.0],"evs":[0.0,0.26394,0.31656]},"K3s":{"weight":1.0,"played":[0.0,0.0,1.0],"evs":[0.0,0.30319,0.36475]},"K4s":{"weight":1.0,"played":[0.0,0.0,1.0],"evs":[0.0,0.34666,0.41652]},"K5s":{"weight":1.0,"played":[0.0,0.0,1.0],"evs":[0.0,0.39437,0.47773]},"K6s":{"weight":1.0,"played":[0.0,0.0,1.0],"evs":[0.0,0.45088,0.53835]},"K7s":{"weight":1.0,"played":[0.0,0.0,1.0],"evs":[0.0,0.51422,0.59811]},"K8s":{"weight":1.0,"played":[0.0,0.0,1.0],"evs":[0.0,0.58234,0.66808]},"K9s":{"weight":1.0,"played":[0.0,0.0,1.0],"evs":[0.0,0.79849,0.86147]},"KTs":{"weight":1.0,"played":[0.0,1.0E-4,0.9999],"evs":[0.0,1.10326,1.11981]},"KJs":{"weight":1.0,"played":[0.0,0.4477,0.5523],"evs":[0.0,1.26058,1.25982]},"KQs":{"weight":1.0,"played":[0.0,0.0,1.0],"evs":[0.0,1.42315,1.45232]},"KK":{"weight":1.0,"played":[0.0,1.0,0.0],"evs":[0.0,4.19847,3.67719]},"AKo":{"weight":1.0,"played":[0.0,0.3097,0.6903],"evs":[0.0,2.5644,2.56504]},"A2s":{"weight":1.0,"played":[0.0,0.0,1.0],"evs":[0.0,0.88152,0.95531]},"A3s":{"weight":1.0,"played":[0.0,0.0,1.0],"evs":[0.0,0.94638,0.99831]},"A4s":{"weight":1.0,"played":[0.0,0.0,1.0],"evs":[0.0,1.00954,1.04919]},"A5s":{"weight":1.0,"played":[0.0,1.0E-4,0.9999],"evs":[0.0,1.09712,1.11652]},"A6s":{"weight":1.0,"played":[0.0,0.0,1.0],"evs":[0.0,1.09347,1.10769]},"A7s":{"weight":1.0,"played":[0.0,0.0,1.0],"evs":[0.0,1.2228,1.24546]},"A8s":{"weight":1.0,"played":[0.0,0.0,1.0],"evs":[0.0,1.37896,1.40844]},"A9s":{"weight":1.0,"played":[0.0,0.5996,0.4004],"evs":[0.0,1.61102,1.61124]},"ATs":{"weight":1.0,"played":[0.0,1.0,0.0],"evs":[0.0,2.01531,1.94721]},"AJs":{"weight":1.0,"played":[0.0,1.0,0.0],"evs":[0.0,2.27789,2.18553]},"AQs":{"weight":1.0,"played":[0.0,1.0,0.0],"evs":[0.0,2.52973,2.44539]},"AKs":{"weight":1.0,"played":[0.0,1.0,0.0],"evs":[0.0,2.81942,2.72664]},"AA":{"weight":1.0,"played":[0.0,1.0,0.0],"evs":[0.0,5.14519,4.42988]}}}