{"player":5,"street":0,"children":2,"sequence":[{"player":0,"type":"R","amount":26350000,"street":0},{"player":1,"type":"F","amount":0,"street":0},{"player":2,"type":"R","amount":34350000,"street":0},{"player":3,"type":"F","amount":0,"street":0},{"player":4,"type":"R","amount":61485900,"street":0}],"actions":[{"type":"F","amount":0,"node":163},{"type":"C","amount":14516800,"node":164}],"hands":{"22":{"weight":1.0,"played":[1.0,0.0],"evs":[0.0,-3.93232]},"32o":{"weight":1.0,"played":[1.0,0.0],"evs":[0.0,-4.48205]},"42o":{"weight":1.0,"played":[1.0,0.0],"evs":[0.0,-4.38465]},"52o":{"weight":1.0,"played":[1.0,0.0],"evs":[0.0,-4.34415]},"62o":{"weight":1.0,"played":[1.0,0.0],"evs":[0.0,-4.53355]},"72o":{"weight":1.0,"played":[1.0,0.0],"evs":[0.0,-4.95599]},"82o":{"weight":1.0,"played":[1.0,0.0],"evs":[0.0,-4.89491]},"92o":{"weight":1.0,"played":[1.0,0.0],"evs":[0.0,-4.87515]},"T2o":{"weight":1.0,"played":[1.0,0.0],"evs":[0.0,-4.77773]},"J2o":{"weight":1.0,"played":[1.0,0.0],"evs":[0.0,-4.82972]},"Q2o":{"weight":1.0,"played":[1.0,0.0],"evs":[0.0,-4.75515]},"K2o":{"weight":1.0,"played":[1.0,0.0],"evs":[0.0,-4.62036]},"A2o":{"weight":1.0,"played":[1.0,0.0],"evs":[0.0,-4.86009]},"32s":{"weight":1.0,"played":[1.0,0.0],"evs":[0.0,-3.90715]},"33":{"weight":1.0,"played":[1.0,0.0],"evs":[0.0,-3.76141]},"43o":{"weight":1.0,"played":[1.0,0.0],"evs":[0.0,-4.23181]},"53o":{"weight":1.0,"played":[1.0,0.0],"evs":[0.0,-4.02249]},"63o":{"weight":1.0,"played":[1.0,0.0],"evs":[0.0,-4.29291]},"73o":{"weight":1.0,"played":[1.0,0.0],"evs":[0.0,-4.57784]},"83o":{"weight":1.0,"played":[1.0,0.0],"evs":[0.0,-4.82981]},"93o":{"weight":1.0,"played":[1.0,0.0],"evs":[0.0,-4.71857]},"T3o":{"weight":1.0,"played":[1.0,0.0],"evs":[0.0,-4.69687]},"J3o":{"weight":1.0,"played":[1.0,0.0],"evs":[0.0,-4.69143]},"Q3o":{"weight":1.0,"played":[1.0,0.0],"evs":[0.0,-4.73688]},"K3o":{"weight":1.0,"played":[1.0,0.0],"evs":[0.0,-4.5824]},"A3o":{"weight":1.0,"played":[1.0,0.0],"evs":[0.0,-4.78825]},"42s":{"weight":1.0,"played":[1.0,0.0],"evs":[0.0,-3.72063]},"43s":{"weight":1.0,"played":[1.0,0.0],"evs":[0.0,-3.52675]},"44":{"weight":1.0,"played":[1.0,0.0],"evs":[0.0,-3.57679]},"54o":{"weight":1.0,"played":[1.0,0.0],"evs":[0.0,-3.78887]},"64o":{"weight":1.0,"played":[1.0,0.0],"evs":[0.0,-4.07311]},"74o":{"weight":1.0,"played":[1.0,0.0],"evs":[0.0,-4.30652]},"84o":{"weight":1.0,"played":[1.0,0.0],"evs":[0.0,-4.55743]},"94o":{"weight":1.0,"played":[1.0,0.0],"evs":[0.0,-4.82762]},"T4o":{"weight":1.0,"played":[1.0,0.0],"evs":[0.0,-4.64366]},"J4o":{"weight":1.0,"played":[1.0,0.0],"evs":[0.0,-4.74518]},"Q4o":{"weight":1.0,"played":[1.0,0.0],"evs":[0.0,-4.52122]},"K4o":{"weight":1.0,"played":[1.0,0.0],"evs":[0.0,-4.54421]},"A4o":{"weight":1.0,"played":[1.0,0.0],"evs":[0.0,-4.65331]},"52s":{"weight":1.0,"played":[1.0,0.0],"evs":[0.0,-3.63655]},"53s":{"weight":1.0,"played":[1.0,0.0],"evs":[0.0,-3.43445]},"54s":{"weight":1.0,"played":[1.0,0.0],"evs":[0.0,-3.22068]},"55":{"weight":1.0,"played":[1.0,0.0],"evs":[0.0,-3.60717]},"65o":{"weight":1.0,"played":[1.0,0.0],"evs":[0.0,-3.84081]},"75o":{"weight":1.0,"played":[1.0,0.0],"evs":[0.0,-4.14489]},"85o":{"weight":1.0,"played":[1.0,0.0],"evs":[0.0,-4.37584]},"95o":{"weight":1.0,"played":[1.0,0.0],"evs":[0.0,-4.56318]},"T5o":{"weight":1.0,"played":[1.0,0.0],"evs":[0.0,-4.61246]},"J5o":{"weight":1.0,"played":[1.0,0.0],"evs":[0.0,-4.60931]},"Q5o":{"weight":1.0,"played":[1.0,0.0],"evs":[0.0,-4.52907]},"K5o":{"weight":1.0,"played":[1.0,0.0],"evs":[0.0,-4.36899]},"A5o":{"weight":1.0,"played":[1.0,0.0],"evs":[0.0,-4.61543]},"62s":{"weight":1.0,"played":[1.0,0.0],"evs":[0.0,-3.85469]},"63s":{"weight":1.0,"played":[1.0,0.0],"evs":[0.0,-3.65024]},"64s":{"weight":1.0,"played":[1.0,0.0],"evs":[0.0,-3.35645]},"65s":{"weight":1.0,"played":[1.0,0.0],"evs":[0.0,-3.27875]},"66":{"weight":1.0,"played":[1.0,0.0],"evs":[0.0,-3.56914]},"76o":{"weight":1.0,"played":[1.0,0.0],"evs":[0.0,-3.93597]},"86o":{"weight":1.0,"played":[1.0,0.0],"evs":[0.0,-4.20849]},"96o":{"weight":1.0,"played":[1.0,0.0],"evs":[0.0,-4.38422]},"T6o":{"weight":1.0,"played":[1.0,0.0],"evs":[0.0,-4.51829]},"J6o":{"weight":1.0,"played":[1.0,0.0],"evs":[0.0,-4.60716]},"Q6o":{"weight":1.0,"played":[1.0,0.0],"evs":[0.0,-4.55408]},"K6o":{"weight":1.0,"played":[1.0,0.0],"evs":[0.0,-4.42732]},"A6o":{"weight":1.0,"played":[1.0,0.0],"evs":[0.0,-5.00839]},"72s":{"weight":1.0,"played":[1.0,0.0],"evs":[0.0,-4.14214]},"73s":{"weight":1.0,"played":[1.0,0.0],"evs":[0.0,-3.9966]},"74s":{"weight":1.0,"played":[1.0,0.0],"evs":[0.0,-3.70686]},"75s":{"weight":1.0,"played":[1.0,0.0],"evs":[0.0,-3.45803]},"76s":{"weight":1.0,"played":[1.0,0.0],"evs":[0.0,-3.20791]},"77":{"weight":1.0,"played":[1.0,0.0],"evs":[0.0,-3.48132]},"87o":{"weight":1.0,"played":[1.0,0.0],"evs":[0.0,-4.07183]},"97o":{"weight":1.0,"played":[1.0,0.0],"evs":[0.0,-4.32413]},"T7o":{"weight":1.0,"played":[1.0,0.0],"evs":[0.0,-4.36729]},"J7o":{"weight":1.0,"played":[1.0,0.0],"evs":[0.0,-4.51562]},"Q7o":{"weight":1.0,"played":[1.0,0.0],"evs":[0.0,-4.60654]},"K7o":{"weight":1.0,"played":[1.0,0.0],"evs":[0.0,-4.48017]},"A7o":{"weight":1.0,"played":[1.0,0.0],"evs":[0.0,-4.95185]},"82s":{"weight":1.0,"played":[1.0,0.0],"evs":[0.0,-4.24568]},"83s":{"weight":1.0,"played":[1.0,0.0],"evs":[0.0,-4.19448]},"84s":{"weight":1.0,"played":[1.0,0.0],"evs":[0.0,-3.81359]},"85s":{"weight":1.0,"played":[1.0,0.0],"evs":[0.0,-3.73898]},"86s":{"weight":1.0,"played":[1.0,0.0],"evs":[0.0,-3.57882]},"87s":{"weight":1.0,"played":[1.0,0.0],"evs":[0.0,-3.50217]},"88":{"weight":1.0,"played":[1.0,0.0],"evs":[0.0,-3.3972]},"98o":{"weight":1.0,"played":[1.0,0.0],"evs":[0.0,-4.23619]},"T8o":{"weight":1.0,"played":[1.0,0.0],"evs":[0.0,-4.19243]},"J8o":{"weight":1.0,"played":[1.0,0.0],"evs":[0.0,-4.46985]},"Q8o":{"weight":1.0,"played":[1.0,0.0],"evs":[0.0,-4.56827]},"K8o":{"weight":1.0,"played":[1.0,0.0],"evs":[0.0,-4.62036]},"A8o":{"weight":1.0,"played":[1.0,0.0],"evs":[0.0,-4.97404]},"92s":{"weight":1.0,"played":[1.0,0.0],"evs":[0.0,-4.21687]},"93s":{"weight":1.0,"played":[1.0,0.0],"evs":[0.0,-4.15576]},"94s":{"weight":1.0,"played":[1.0,0.0],"evs":[0.0,-4.0309]},"95s":{"weight":1.0,"played":[1.0,0.0],"evs":[0.0,-3.97242]},"96s":{"weight":1.0,"played":[1.0,0.0],"evs":[0.0,-3.68783]},"97s":{"weight":1.0,"played":[1.0,0.0],"evs":[0.0,-3.60404]},"98s":{"weight":1.0,"played":[1.0,0.0],"evs":[0.0,-3.46986]},"99":{"weight":1.0,"played":[1.0,0.0],"evs":[0.0,-2.92144]},"T9o":{"weight":1.0,"played":[1.0,0.0],"evs":[0.0,-4.04073]},"J9o":{"weight":1.0,"played":[1.0,0.0],"evs":[0.0,-4.29531]},"Q9o":{"weight":1.0,"played":[1.0,0.0],"evs":[0.0,-4.30904]},"K9o":{"weight":1.0,"played":[1.0,0.0],"evs":[0.0,-4.38742]},"A9o":{"weight":1.0,"played":[1.0,0.0],"evs":[0.0,-4.87282]},"T2s":{"weight":1.0,"played":[1.0,0.0],"evs":[0.0,-4.0247]},"T3s":{"weight":1.0,"played":[1.0,0.0],"evs":[0.0,-3.89912]},"T4s":{"weight":1.0,"played":[1.0,0.0],"evs":[0.0,-3.92677]},"T5s":{"weight":1.0,"played":[1.0,0.0],"evs":[0.0,-3.84562]},"T6s":{"weight":1.0,"played":[1.0,0.0],"evs":[0.0,-3.77392]},"T7s":{"weight":1.0,"played":[1.0,0.0],"evs":[0.0,-3.69559]},"T8s":{"weight":1.0,"played":[1.0,0.0],"evs":[0.0,-3.59173]},"T9s":{"weight":1.0,"played":[1.0,0.0],"evs":[0.0,-3.40761]},"TT":{"weight":1.0,"played":[1.0,0.0],"evs":[0.0,-2.37781]},"JTo":{"weight":1.0,"played":[1.0,0.0],"evs":[0.0,-3.97566]},"QTo":{"weight":1.0,"played":[1.0,0.0],"evs":[0.0,-4.00696]},"KTo":{"weight":1.0,"played":[1.0,0.0],"evs":[0.0,-4.05421]},"ATo":{"weight":1.0,"played":[1.0,0.0],"evs":[0.0,-4.49288]},"J2s":{"weight":1.0,"played":[1.0,0.0],"evs":[0.0,-3.90641]},"J3s":{"weight":1.0,"played":[1.0,0.0],"evs":[0.0,-4.10493]},"J4s":{"weight":1.0,"played":[1.0,0.0],"evs":[0.0,-3.8801]},"J5s":{"weight":1.0,"played":[1.0,0.0],"evs":[0.0,-3.92213]},"J6s":{"weight":1.0,"played":[1.0,0.0],"evs":[0.0,-3.95392]},"J7s":{"weight":1.0,"played":[1.0,0.0],"evs":[0.0,-3.93951]},"J8s":{"weight":1.0,"played":[1.0,0.0],"evs":[0.0,-3.67256]},"J9s":{"weight":1.0,"played":[1.0,0.0],"evs":[0.0,-3.57675]},"JTs":{"weight":1.0,"played":[1.0,0.0],"evs":[0.0,-3.31087]},"JJ":{"weight":1.0,"played":[1.0,0.0],"evs":[0.0,-1.48382]},"QJo":{"weight":1.0,"played":[1.0,0.0],"evs":[0.0,-4.01452]},"KJo":{"weight":1.0,"played":[1.0,0.0],"evs":[0.0,-3.92145]},"AJo":{"weight":1.0,"played":[1.0,0.0],"evs":[0.0,-4.17892]},"Q2s":{"weight":1.0,"played":[1.0,0.0],"evs":[0.0,-4.0215]},"Q3s":{"weight":1.0,"played":[1.0,0.0],"evs":[0.0,-3.99882]},"Q4s":{"weight":1.0,"played":[1.0,0.0],"evs":[0.0,-3.87854]},"Q5s":{"weight":1.0,"played":[1.0,0.0],"evs":[0.0,-3.85945]},"Q6s":{"weight":1.0,"played":[1.0,0.0],"evs":[0.0,-3.83796]},"Q7s":{"weight":1.0,"played":[1.0,0.0],"evs":[0.0,-3.80483]},"Q8s":{"weight":1.0,"played":[1.0,0.0],"evs":[0.0,-3.95575]},"Q9s":{"weight":1.0,"played":[1.0,0.0],"evs":[0.0,-3.61846]},"QTs":{"weight":1.0,"played":[1.0,0.0],"evs":[0.0,-3.41264]},"QJs":{"weight":1.0,"played":[1.0,0.0],"evs":[0.0,-3.25726]},"QQ":{"weight":1.0,"played":[0.9999,1.0E-4],"evs":[0.0,-0.33791]},"KQo":{"weight":1.0,"played":[1.0,0.0],"evs":[0.0,-3.66151]},"AQo":{"weight":1.0,"played":[1.0,0.0],"evs":[0.0,-3.60225]},"K2s":{"weight":1.0,"played":[1.0,0.0],"evs":[0.0,-4.01921]},"K3s":{"weight":1.0,"played":[1.0,0.0],"evs":[0.0,-3.98254]},"K4s":{"weight":1.0,"played":[1.0,0.0],"evs":[0.0,-3.89086]},"K5s":{"weight":1.0,"played":[1.0,0.0],"evs":[0.0,-3.90167]},"K6s":{"weight":1.0,"played":[1.0,0.0],"evs":[0.0,-3.81758]},"K7s":{"weight":1.0,"played":[1.0,0.0],"evs":[0.0,-3.86042]},"K8s":{"weight":1.0,"played":[1.0,0.0],"evs":[0.0,-3.84555]},"K9s":{"weight":1.0,"played":[1.0,0.0],"evs":[0.0,-3.77137]},"KTs":{"weight":1.0,"played":[1.0,0.0],"evs":[0.0,-3.40567]},"KJs":{"weight":1.0,"played":[1.0,0.0],"evs":[0.0,-3.34234]},"KQs":{"weight":1.0,"played":[1.0,0.0],"evs":[0.0,-3.20448]},"KK":{"weight":1.0,"played":[0.0,1.0],"evs":[0.0,1.41455]},"AKo":{"weight":1.0,"played":[1.0,0.0],"evs":[0.0,-2.78132]},"A2s":{"weight":1.0,"played":[1.0,0.0],"evs":[0.0,-4.07742]},"A3s":{"weight":1.0,"played":[1.0,0.0],"evs":[0.0,-4.12037]},"A4s":{"weight":1.0,"played":[1.0,0.0],"evs":[0.0,-3.81599]},"A5s":{"weight":1.0,"played":[1.0,0.0],"evs":[0.0,-3.91442]},"A6s":{"weight":1.0,"played":[1.0,0.0],"evs":[0.0,-4.20057]},"A7s":{"weight":1.0,"played":[1.0,0.0],"evs":[0.0,-4.27732]},"A8s":{"weight":1.0,"played":[1.0,0.0],"evs":[0.0,-4.18101]},"A9s":{"weight":1.0,"played":[1.0,0.0],"evs":[0.0,-4.09368]},"ATs":{"weight":1.0,"played":[1.0,0.0],"evs":[0.0,-3.67325]},"AJs":{"weight":1.0,"played":[1.0,0.0],"evs":[0.0,-3.3323]},"AQs":{"weight":1.0,"played":[1.0,0.0],"evs":[0.0,-2.94429]},"AKs":{"weight":1.0,"played":[1.0,0.0],"evs":[0.0,-2.06575]},"AA":{"weight":1.0,"played":[0.0,1.0],"evs":[0.0,3.70451]}}}