{"player":5,"street":0,"children":2,"sequence":[{"player":0,"type":"R","amount":26350000,"street":0},{"player":1,"type":"C","amount":26350000,"street":0},{"player":2,"type":"F","amount":0,"street":0},{"player":3,"type":"F","amount":0,"street":0},{"player":4,"type":"R","amount":61485900,"street":0}],"actions":[{"type":"F","amount":0,"node":181},{"type":"C","amount":14516800,"node":184}],"hands":{"22":{"weight":1.0,"played":[1.0,0.0],"evs":[0.0,-3.86491]},"32o":{"weight":1.0,"played":[1.0,0.0],"evs":[0.0,-4.50038]},"42o":{"weight":1.0,"played":[1.0,0.0],"evs":[0.0,-4.43936]},"52o":{"weight":1.0,"played":[1.0,0.0],"evs":[0.0,-4.38027]},"62o":{"weight":1.0,"played":[1.0,0.0],"evs":[0.0,-4.60503]},"72o":{"weight":1.0,"played":[1.0,0.0],"evs":[0.0,-4.88609]},"82o":{"weight":1.0,"played":[1.0,0.0],"evs":[0.0,-4.87553]},"92o":{"weight":1.0,"played":[1.0,0.0],"evs":[0.0,-4.84467]},"T2o":{"weight":1.0,"played":[1.0,0.0],"evs":[0.0,-4.93223]},"J2o":{"weight":1.0,"played":[1.0,0.0],"evs":[0.0,-4.73325]},"Q2o":{"weight":1.0,"played":[1.0,0.0],"evs":[0.0,-4.69239]},"K2o":{"weight":1.0,"played":[1.0,0.0],"evs":[0.0,-4.60712]},"A2o":{"weight":1.0,"played":[1.0,0.0],"evs":[0.0,-4.7667]},"32s":{"weight":1.0,"played":[1.0,0.0],"evs":[0.0,-3.89929]},"33":{"weight":1.0,"played":[1.0,0.0],"evs":[0.0,-3.67531]},"43o":{"weight":1.0,"played":[1.0,0.0],"evs":[0.0,-4.20172]},"53o":{"weight":1.0,"played":[1.0,0.0],"evs":[0.0,-4.04279]},"63o":{"weight":1.0,"played":[1.0,0.0],"evs":[0.0,-4.23899]},"73o":{"weight":1.0,"played":[1.0,0.0],"evs":[0.0,-4.61175]},"83o":{"weight":1.0,"played":[1.0,0.0],"evs":[0.0,-4.88845]},"93o":{"weight":1.0,"played":[1.0,0.0],"evs":[0.0,-4.87117]},"T3o":{"weight":1.0,"played":[1.0,0.0],"evs":[0.0,-4.85127]},"J3o":{"weight":1.0,"played":[1.0,0.0],"evs":[0.0,-4.65045]},"Q3o":{"weight":1.0,"played":[1.0,0.0],"evs":[0.0,-4.64119]},"K3o":{"weight":1.0,"played":[1.0,0.0],"evs":[0.0,-4.62135]},"A3o":{"weight":1.0,"played":[1.0,0.0],"evs":[0.0,-4.73989]},"42s":{"weight":1.0,"played":[1.0,0.0],"evs":[0.0,-3.98238]},"43s":{"weight":1.0,"played":[1.0,0.0],"evs":[0.0,-3.4717]},"44":{"weight":1.0,"played":[1.0,0.0],"evs":[0.0,-3.68353]},"54o":{"weight":1.0,"played":[1.0,0.0],"evs":[0.0,-3.7614]},"64o":{"weight":1.0,"played":[1.0,0.0],"evs":[0.0,-4.00712]},"74o":{"weight":1.0,"played":[1.0,0.0],"evs":[0.0,-4.28758]},"84o":{"weight":1.0,"played":[1.0,0.0],"evs":[0.0,-4.63054]},"94o":{"weight":1.0,"played":[1.0,0.0],"evs":[0.0,-4.86504]},"T4o":{"weight":1.0,"played":[1.0,0.0],"evs":[0.0,-4.75935]},"J4o":{"weight":1.0,"played":[1.0,0.0],"evs":[0.0,-4.59289]},"Q4o":{"weight":1.0,"played":[1.0,0.0],"evs":[0.0,-4.57806]},"K4o":{"weight":1.0,"played":[1.0,0.0],"evs":[0.0,-4.51005]},"A4o":{"weight":1.0,"played":[1.0,0.0],"evs":[0.0,-4.70516]},"52s":{"weight":1.0,"played":[1.0,0.0],"evs":[0.0,-3.75065]},"53s":{"weight":1.0,"played":[1.0,0.0],"evs":[0.0,-3.3452]},"54s":{"weight":1.0,"played":[1.0,0.0],"evs":[0.0,-3.0618]},"55":{"weight":1.0,"played":[1.0,0.0],"evs":[0.0,-3.75523]},"65o":{"weight":1.0,"played":[1.0,0.0],"evs":[0.0,-3.77384]},"75o":{"weight":1.0,"played":[1.0,0.0],"evs":[0.0,-4.07059]},"85o":{"weight":1.0,"played":[1.0,0.0],"evs":[0.0,-4.34221]},"95o":{"weight":1.0,"played":[1.0,0.0],"evs":[0.0,-4.56636]},"T5o":{"weight":1.0,"played":[1.0,0.0],"evs":[0.0,-4.79055]},"J5o":{"weight":1.0,"played":[1.0,0.0],"evs":[0.0,-4.65382]},"Q5o":{"weight":1.0,"played":[1.0,0.0],"evs":[0.0,-4.47612]},"K5o":{"weight":1.0,"played":[1.0,0.0],"evs":[0.0,-4.50903]},"A5o":{"weight":1.0,"played":[1.0,0.0],"evs":[0.0,-4.62221]},"62s":{"weight":1.0,"played":[1.0,0.0],"evs":[0.0,-3.94099]},"63s":{"weight":1.0,"played":[1.0,0.0],"evs":[0.0,-3.60679]},"64s":{"weight":1.0,"played":[1.0,0.0],"evs":[0.0,-3.33609]},"65s":{"weight":1.0,"played":[1.0,0.0],"evs":[0.0,-3.2034]},"66":{"weight":1.0,"played":[1.0,0.0],"evs":[0.0,-3.51013]},"76o":{"weight":1.0,"played":[1.0,0.0],"evs":[0.0,-4.01378]},"86o":{"weight":1.0,"played":[1.0,0.0],"evs":[0.0,-4.22001]},"96o":{"weight":1.0,"played":[1.0,0.0],"evs":[0.0,-4.38258]},"T6o":{"weight":1.0,"played":[1.0,0.0],"evs":[0.0,-4.59437]},"J6o":{"weight":1.0,"played":[1.0,0.0],"evs":[0.0,-4.69598]},"Q6o":{"weight":1.0,"played":[1.0,0.0],"evs":[0.0,-4.58303]},"K6o":{"weight":1.0,"played":[1.0,0.0],"evs":[0.0,-4.44641]},"A6o":{"weight":1.0,"played":[1.0,0.0],"evs":[0.0,-4.94077]},"72s":{"weight":1.0,"played":[1.0,0.0],"evs":[0.0,-4.21778]},"73s":{"weight":1.0,"played":[1.0,0.0],"evs":[0.0,-4.01067]},"74s":{"weight":1.0,"played":[1.0,0.0],"evs":[0.0,-3.65676]},"75s":{"weight":1.0,"played":[1.0,0.0],"evs":[0.0,-3.52035]},"76s":{"weight":1.0,"played":[1.0,0.0],"evs":[0.0,-3.37573]},"77":{"weight":1.0,"played":[1.0,0.0],"evs":[0.0,-3.66579]},"87o":{"weight":1.0,"played":[1.0,0.0],"evs":[0.0,-4.08127]},"97o":{"weight":1.0,"played":[1.0,0.0],"evs":[0.0,-4.33923]},"T7o":{"weight":1.0,"played":[1.0,0.0],"evs":[0.0,-4.37542]},"J7o":{"weight":1.0,"played":[1.0,0.0],"evs":[0.0,-4.48379]},"Q7o":{"weight":1.0,"played":[1.0,0.0],"evs":[0.0,-4.53746]},"K7o":{"weight":1.0,"played":[1.0,0.0],"evs":[0.0,-4.44912]},"A7o":{"weight":1.0,"played":[1.0,0.0],"evs":[0.0,-4.87529]},"82s":{"weight":1.0,"played":[1.0,0.0],"evs":[0.0,-4.2367]},"83s":{"weight":1.0,"played":[1.0,0.0],"evs":[0.0,-4.26756]},"84s":{"weight":1.0,"played":[1.0,0.0],"evs":[0.0,-3.96309]},"85s":{"weight":1.0,"played":[1.0,0.0],"evs":[0.0,-3.77254]},"86s":{"weight":1.0,"played":[1.0,0.0],"evs":[0.0,-3.33319]},"87s":{"weight":1.0,"played":[1.0,0.0],"evs":[0.0,-3.41881]},"88":{"weight":1.0,"played":[1.0,0.0],"evs":[0.0,-3.54324]},"98o":{"weight":1.0,"played":[1.0,0.0],"evs":[0.0,-4.30513]},"T8o":{"weight":1.0,"played":[1.0,0.0],"evs":[0.0,-4.36544]},"J8o":{"weight":1.0,"played":[1.0,0.0],"evs":[0.0,-4.46522]},"Q8o":{"weight":1.0,"played":[1.0,0.0],"evs":[0.0,-4.51227]},"K8o":{"weight":1.0,"played":[1.0,0.0],"evs":[0.0,-4.52136]},"A8o":{"weight":1.0,"played":[1.0,0.0],"evs":[0.0,-4.94627]},"92s":{"weight":1.0,"played":[1.0,0.0],"evs":[0.0,-4.30188]},"93s":{"weight":1.0,"played":[1.0,0.0],"evs":[0.0,-4.1616]},"94s":{"weight":1.0,"played":[1.0,0.0],"evs":[0.0,-4.03385]},"95s":{"weight":1.0,"played":[1.0,0.0],"evs":[0.0,-3.96546]},"96s":{"weight":1.0,"played":[1.0,0.0],"evs":[0.0,-3.80186]},"97s":{"weight":1.0,"played":[1.0,0.0],"evs":[0.0,-3.61822]},"98s":{"weight":1.0,"played":[1.0,0.0],"evs":[0.0,-3.629]},"99":{"weight":1.0,"played":[1.0,0.0],"evs":[0.0,-2.99524]},"T9o":{"weight":1.0,"played":[1.0,0.0],"evs":[0.0,-4.08941]},"J9o":{"weight":1.0,"played":[1.0,0.0],"evs":[0.0,-4.21991]},"Q9o":{"weight":1.0,"played":[1.0,0.0],"evs":[0.0,-4.23872]},"K9o":{"weight":1.0,"played":[1.0,0.0],"evs":[0.0,-4.48591]},"A9o":{"weight":1.0,"played":[1.0,0.0],"evs":[0.0,-4.89344]},"T2s":{"weight":1.0,"played":[1.0,0.0],"evs":[0.0,-4.0533]},"T3s":{"weight":1.0,"played":[1.0,0.0],"evs":[0.0,-4.067]},"T4s":{"weight":1.0,"played":[1.0,0.0],"evs":[0.0,-4.07678]},"T5s":{"weight":1.0,"played":[1.0,0.0],"evs":[0.0,-4.12974]},"T6s":{"weight":1.0,"played":[1.0,0.0],"evs":[0.0,-3.83273]},"T7s":{"weight":1.0,"played":[1.0,0.0],"evs":[0.0,-3.69691]},"T8s":{"weight":1.0,"played":[1.0,0.0],"evs":[0.0,-3.71645]},"T9s":{"weight":1.0,"played":[1.0,0.0],"evs":[0.0,-3.37186]},"TT":{"weight":1.0,"played":[1.0,0.0],"evs":[0.0,-2.5493]},"JTo":{"weight":1.0,"played":[1.0,0.0],"evs":[0.0,-4.1369]},"QTo":{"weight":1.0,"played":[1.0,0.0],"evs":[0.0,-4.0946]},"KTo":{"weight":1.0,"played":[1.0,0.0],"evs":[0.0,-4.03995]},"ATo":{"weight":1.0,"played":[1.0,0.0],"evs":[0.0,-4.61577]},"J2s":{"weight":1.0,"played":[1.0,0.0],"evs":[0.0,-4.03263]},"J3s":{"weight":1.0,"played":[1.0,0.0],"evs":[0.0,-4.00343]},"J4s":{"weight":1.0,"played":[1.0,0.0],"evs":[0.0,-3.99512]},"J5s":{"weight":1.0,"played":[1.0,0.0],"evs":[0.0,-3.92408]},"J6s":{"weight":1.0,"played":[1.0,0.0],"evs":[0.0,-3.93757]},"J7s":{"weight":1.0,"played":[1.0,0.0],"evs":[0.0,-3.77841]},"J8s":{"weight":1.0,"played":[1.0,0.0],"evs":[0.0,-3.75083]},"J9s":{"weight":1.0,"played":[1.0,0.0],"evs":[0.0,-3.5589]},"JTs":{"weight":1.0,"played":[1.0,0.0],"evs":[0.0,-3.5779]},"JJ":{"weight":1.0,"played":[1.0,0.0],"evs":[0.0,-1.57947]},"QJo":{"weight":1.0,"played":[1.0,0.0],"evs":[0.0,-3.94549]},"KJo":{"weight":1.0,"played":[1.0,0.0],"evs":[0.0,-4.00388]},"AJo":{"weight":1.0,"played":[1.0,0.0],"evs":[0.0,-4.2206]},"Q2s":{"weight":1.0,"played":[1.0,0.0],"evs":[0.0,-3.97654]},"Q3s":{"weight":1.0,"played":[1.0,0.0],"evs":[0.0,-4.03888]},"Q4s":{"weight":1.0,"played":[1.0,0.0],"evs":[0.0,-3.90333]},"Q5s":{"weight":1.0,"played":[1.0,0.0],"evs":[0.0,-3.73965]},"Q6s":{"weight":1.0,"played":[1.0,0.0],"evs":[0.0,-3.78034]},"Q7s":{"weight":1.0,"played":[1.0,0.0],"evs":[0.0,-3.71203]},"Q8s":{"weight":1.0,"played":[1.0,0.0],"evs":[0.0,-3.78402]},"Q9s":{"weight":1.0,"played":[1.0,0.0],"evs":[0.0,-3.59852]},"QTs":{"weight":1.0,"played":[1.0,0.0],"evs":[0.0,-3.18224]},"QJs":{"weight":1.0,"played":[1.0,0.0],"evs":[0.0,-3.33159]},"QQ":{"weight":1.0,"played":[0.9985,0.0015],"evs":[0.0,-0.15705]},"KQo":{"weight":1.0,"played":[1.0,0.0],"evs":[0.0,-3.72763]},"AQo":{"weight":1.0,"played":[1.0,0.0],"evs":[0.0,-3.60114]},"K2s":{"weight":1.0,"played":[1.0,0.0],"evs":[0.0,-3.85075]},"K3s":{"weight":1.0,"played":[1.0,0.0],"evs":[0.0,-3.86406]},"K4s":{"weight":1.0,"played":[1.0,0.0],"evs":[0.0,-3.71398]},"K5s":{"weight":1.0,"played":[1.0,0.0],"evs":[0.0,-3.62747]},"K6s":{"weight":1.0,"played":[1.0,0.0],"evs":[0.0,-3.73841]},"K7s":{"weight":1.0,"played":[1.0,0.0],"evs":[0.0,-3.72869]},"K8s":{"weight":1.0,"played":[1.0,0.0],"evs":[0.0,-3.84425]},"K9s":{"weight":1.0,"played":[1.0,0.0],"evs":[0.0,-3.66897]},"KTs":{"weight":1.0,"played":[1.0,0.0],"evs":[0.0,-3.34754]},"KJs":{"weight":1.0,"played":[1.0,0.0],"evs":[0.0,-3.29776]},"KQs":{"weight":1.0,"played":[1.0,0.0],"evs":[0.0,-3.14443]},"KK":{"weight":1.0,"played":[0.0,1.0],"evs":[0.0,1.40373]},"AKo":{"weight":1.0,"played":[1.0,0.0],"evs":[0.0,-2.69594]},"A2s":{"weight":1.0,"played":[1.0,0.0],"evs":[0.0,-4.00977]},"A3s":{"weight":1.0,"played":[1.0,0.0],"evs":[0.0,-4.10414]},"A4s":{"weight":1.0,"played":[1.0,0.0],"evs":[0.0,-4.00587]},"A5s":{"weight":1.0,"played":[1.0,0.0],"evs":[0.0,-3.92007]},"A6s":{"weight":1.0,"played":[1.0,0.0],"evs":[0.0,-4.07451]},"A7s":{"weight":1.0,"played":[1.0,0.0],"evs":[0.0,-4.15393]},"A8s":{"weight":1.0,"played":[1.0,0.0],"evs":[0.0,-4.12177]},"A9s":{"weight":1.0,"played":[1.0,0.0],"evs":[0.0,-4.29124]},"ATs":{"weight":1.0,"played":[1.0,0.0],"evs":[0.0,-3.73428]},"AJs":{"weight":1.0,"played":[1.0,0.0],"evs":[0.0,-3.57594]},"AQs":{"weight":1.0,"played":[1.0,0.0],"evs":[0.0,-3.03644]},"AKs":{"weight":1.0,"played":[1.0,0.0],"evs":[0.0,-2.13364]},"AA":{"weight":1.0,"played":[0.0,1.0],"evs":[0.0,3.69296]}}}