{"player":1,"street":0,"children":2,"sequence":[{"player":0,"type":"R","amount":26350000,"street":0},{"player":1,"type":"C","amount":26350000,"street":0},{"player":2,"type":"F","amount":0,"street":0},{"player":3,"type":"F","amount":0,"street":0},{"player":4,"type":"R","amount":61485900,"street":0},{"player":5,"type":"F","amount":0,"street":0},{"player":6,"type":"F","amount":0,"street":0}],"actions":[{"type":"F","amount":0},{"type":"C","amount":15600000}],"hands":{"22":{"weight":0.0,"played":[0.0,1.0],"evs":[0.0,0.17961]},"32o":{"weight":0.0,"played":[1.0,0.0],"evs":[0.0,-1.50412]},"42o":{"weight":0.0,"played":[1.0,0.0],"evs":[0.0,-1.42076]},"52o":{"weight":0.0,"played":[1.0,0.0],"evs":[0.0,-1.26459]},"62o":{"weight":0.0,"played":[1.0,0.0],"evs":[0.0,-1.61869]},"72o":{"weight":0.0,"played":[1.0,0.0],"evs":[0.0,-1.99841]},"82o":{"weight":0.0,"played":[1.0,0.0],"evs":[0.0,-2.00979]},"92o":{"weight":0.0,"played":[1.0,0.0],"evs":[0.0,-1.82159]},"T2o":{"weight":0.0,"played":[1.0,0.0],"evs":[0.0,-1.55024]},"J2o":{"weight":0.0,"played":[1.0,0.0],"evs":[0.0,-1.28833]},"Q2o":{"weight":0.0,"played":[1.0,0.0],"evs":[0.0,-1.1669]},"K2o":{"weight":0.0,"played":[1.0,0.0],"evs":[0.0,-1.18922]},"A2o":{"weight":0.0,"played":[1.0,0.0],"evs":[0.0,-0.92722]},"32s":{"weight":0.0,"played":[1.0,0.0],"evs":[0.0,-0.56283]},"33":{"weight":0.0,"played":[0.0,1.0],"evs":[0.0,0.3677]},"43o":{"weight":0.0,"played":[1.0,0.0],"evs":[0.0,-1.03212]},"53o":{"weight":0.0,"played":[1.0,0.0],"evs":[0.0,-0.90289]},"63o":{"weight":0.0,"played":[1.0,0.0],"evs":[0.0,-1.20587]},"73o":{"weight":0.0,"played":[1.0,0.0],"evs":[0.0,-1.58411]},"83o":{"weight":0.0,"played":[1.0,0.0],"evs":[0.0,-1.95448]},"93o":{"weight":0.0,"played":[1.0,0.0],"evs":[0.0,-1.70737]},"T3o":{"weight":0.0,"played":[1.0,0.0],"evs":[0.0,-1.45927]},"J3o":{"weight":0.0,"played":[1.0,0.0],"evs":[0.0,-1.23189]},"Q3o":{"weight":0.0,"played":[1.0,0.0],"evs":[0.0,-1.01869]},"K3o":{"weight":0.0,"played":[1.0,0.0],"evs":[0.0,-1.09413]},"A3o":{"weight":0.0,"played":[1.0,0.0],"evs":[0.0,-0.76831]},"42s":{"weight":0.0,"played":[1.0,0.0],"evs":[0.0,-0.4737]},"43s":{"weight":0.0,"played":[0.9452,0.0548],"evs":[0.0,-0.10319]},"44":{"weight":0.0,"played":[0.0,1.0],"evs":[0.0,0.39554]},"54o":{"weight":0.0,"played":[1.0,0.0],"evs":[0.0,-0.5412]},"64o":{"weight":0.0,"played":[1.0,0.0],"evs":[0.0,-0.84686]},"74o":{"weight":0.0,"played":[1.0,0.0],"evs":[0.0,-1.21165]},"84o":{"weight":0.0,"played":[1.0,0.0],"evs":[0.0,-1.60308]},"94o":{"weight":0.0,"played":[1.0,0.0],"evs":[0.0,-1.75696]},"T4o":{"weight":0.0,"played":[1.0,0.0],"evs":[0.0,-1.4344]},"J4o":{"weight":0.0,"played":[1.0,0.0],"evs":[0.0,-1.11013]},"Q4o":{"weight":0.0,"played":[1.0,0.0],"evs":[0.0,-0.9573]},"K4o":{"weight":0.0,"played":[1.0,0.0],"evs":[0.0,-0.99006]},"A4o":{"weight":0.0,"played":[1.0,0.0],"evs":[0.0,-0.69001]},"52s":{"weight":0.0,"played":[0.9997,3.0E-4],"evs":[0.0,-0.40533]},"53s":{"weight":0.0,"played":[0.404,0.596],"evs":[0.0,0.01849]},"54s":{"weight":0.0,"played":[0.0,1.0],"evs":[0.0,0.37235]},"55":{"weight":0.0,"played":[0.0,1.0],"evs":[0.0,0.54141]},"65o":{"weight":0.0,"played":[1.0,0.0],"evs":[0.0,-0.50386]},"75o":{"weight":0.0,"played":[1.0,0.0],"evs":[0.0,-0.8955]},"85o":{"weight":0.0,"played":[1.0,0.0],"evs":[0.0,-1.19911]},"95o":{"weight":0.0,"played":[1.0,0.0],"evs":[0.0,-1.32819]},"T5o":{"weight":0.0,"played":[1.0,0.0],"evs":[0.0,-1.38125]},"J5o":{"weight":0.0,"played":[1.0,0.0],"evs":[0.0,-1.0597]},"Q5o":{"weight":0.0,"played":[1.0,0.0],"evs":[0.0,-0.86992]},"K5o":{"weight":0.0,"played":[1.0,0.0],"evs":[0.0,-0.89436]},"A5o":{"weight":0.0,"played":[1.0,0.0],"evs":[0.0,-0.5948]},"62s":{"weight":0.0,"played":[0.9999,1.0E-4],"evs":[0.0,-0.71523]},"63s":{"weight":0.0,"played":[1.0,0.0],"evs":[0.0,-0.31144]},"64s":{"weight":0.0,"played":[0.1475,0.8525],"evs":[0.0,0.02233]},"65s":{"weight":0.0,"played":[0.0,1.0],"evs":[0.0,0.37239]},"66":{"weight":0.0,"played":[0.0,1.0],"evs":[0.0,0.65184]},"76o":{"weight":0.0,"played":[1.0,0.0],"evs":[0.0,-0.64735]},"86o":{"weight":0.0,"played":[1.0,0.0],"evs":[0.0,-0.94201]},"96o":{"weight":0.0,"played":[1.0,0.0],"evs":[0.0,-1.02239]},"T6o":{"weight":0.0,"played":[1.0,0.0],"evs":[0.0,-1.07318]},"J6o":{"weight":0.0,"played":[1.0,0.0],"evs":[0.0,-1.11471]},"Q6o":{"weight":0.0,"played":[1.0,0.0],"evs":[0.0,-0.80552]},"K6o":{"weight":0.0,"played":[1.0,0.0],"evs":[0.0,-0.88728]},"A6o":{"weight":0.0,"played":[1.0,0.0],"evs":[0.0,-0.98975]},"72s":{"weight":0.0,"played":[1.0,0.0],"evs":[0.0,-1.0565]},"73s":{"weight":0.0,"played":[0.9999,1.0E-4],"evs":[0.0,-0.68178]},"74s":{"weight":0.0,"played":[0.9999,1.0E-4],"evs":[0.0,-0.31064]},"75s":{"weight":0.0,"played":[0.0024,0.9976],"evs":[0.0,0.02267]},"76s":{"weight":0.0,"played":[4.0E-4,0.9996],"evs":[0.0,0.32576]},"77":{"weight":0.4663,"played":[0.0,1.0],"evs":[0.0,0.63731]},"87o":{"weight":0.0,"played":[1.0,0.0],"evs":[0.0,-0.74607]},"97o":{"weight":0.0,"played":[1.0,0.0],"evs":[0.0,-0.86463]},"T7o":{"weight":0.0,"played":[1.0,0.0],"evs":[0.0,-0.88629]},"J7o":{"weight":0.0,"played":[1.0,0.0],"evs":[0.0,-0.90489]},"Q7o":{"weight":0.0,"played":[1.0,0.0],"evs":[0.0,-0.91474]},"K7o":{"weight":0.0,"played":[1.0,0.0],"evs":[0.0,-0.89499]},"A7o":{"weight":0.0,"played":[1.0,0.0],"evs":[0.0,-0.90276]},"82s":{"weight":0.0,"played":[1.0,0.0],"evs":[0.0,-1.0038]},"83s":{"weight":0.0,"played":[1.0,0.0],"evs":[0.0,-1.05192]},"84s":{"weight":0.0,"played":[1.0,0.0],"evs":[0.0,-0.63473]},"85s":{"weight":0.0,"played":[0.9998,2.0E-4],"evs":[0.0,-0.25871]},"86s":{"weight":0.0,"played":[0.6624,0.3376],"evs":[0.0,-0.08619]},"87s":{"weight":0.0,"played":[0.0235,0.9765],"evs":[0.0,0.17089]},"88":{"weight":0.8809,"played":[0.0,1.0],"evs":[0.0,0.85861]},"98o":{"weight":0.0,"played":[1.0,0.0],"evs":[0.0,-0.81093]},"T8o":{"weight":0.0,"played":[1.0,0.0],"evs":[0.0,-0.69143]},"J8o":{"weight":0.0,"played":[1.0,0.0],"evs":[0.0,-0.7306]},"Q8o":{"weight":0.0,"played":[1.0,0.0],"evs":[0.0,-0.76559]},"K8o":{"weight":0.0,"played":[1.0,0.0],"evs":[0.0,-1.04169]},"A8o":{"weight":0.0,"played":[1.0,0.0],"evs":[0.0,-0.9443]},"92s":{"weight":0.0,"played":[1.0,0.0],"evs":[0.0,-0.81435]},"93s":{"weight":0.0,"played":[1.0,0.0],"evs":[0.0,-0.81056]},"94s":{"weight":0.0,"played":[1.0,0.0],"evs":[0.0,-0.76212]},"95s":{"weight":0.0,"played":[1.0,0.0],"evs":[0.0,-0.4256]},"96s":{"weight":0.0,"played":[1.0,0.0],"evs":[0.0,-0.0769]},"97s":{"weight":0.0,"played":[0.0317,0.9683],"evs":[0.0,0.04394]},"98s":{"weight":0.0,"played":[0.0,1.0],"evs":[0.0,0.12781]},"99":{"weight":0.5309,"played":[0.0,1.0],"evs":[0.0,1.9008]},"T9o":{"weight":0.0,"played":[1.0,0.0],"evs":[0.0,-0.29975]},"J9o":{"weight":0.0,"played":[1.0,0.0],"evs":[0.0,-0.29476]},"Q9o":{"weight":0.0,"played":[1.0,0.0],"evs":[0.0,-0.41478]},"K9o":{"weight":0.0,"played":[1.0,0.0],"evs":[0.0,-0.67945]},"A9o":{"weight":0.0,"played":[1.0,0.0],"evs":[0.0,-0.70181]},"T2s":{"weight":0.0,"played":[1.0,0.0],"evs":[0.0,-0.6203]},"T3s":{"weight":0.0,"played":[1.0,0.0],"evs":[0.0,-0.50846]},"T4s":{"weight":0.0,"played":[1.0,0.0],"evs":[0.0,-0.39841]},"T5s":{"weight":0.0,"played":[1.0,0.0],"evs":[0.0,-0.41189]},"T6s":{"weight":0.0,"played":[0.9973,0.0027],"evs":[0.0,-0.12381]},"T7s":{"weight":0.0,"played":[0.1494,0.8506],"evs":[0.0,0.08341]},"T8s":{"weight":0.0,"played":[2.0E-4,0.9998],"evs":[0.0,0.21857]},"T9s":{"weight":0.0,"played":[1.0E-4,0.9999],"evs":[0.0,0.55874]},"TT":{"weight":0.6578,"played":[0.0,1.0],"evs":[0.0,3.36342]},"JTo":{"weight":0.0,"played":[0.0,1.0],"evs":[0.0,0.27165]},"QTo":{"weight":0.0,"played":[0.0,1.0],"evs":[0.0,0.21265]},"KTo":{"weight":0.0,"played":[0.7494,0.2506],"evs":[0.0,0.00366]},"ATo":{"weight":0.668,"played":[0.7732,0.2268],"evs":[0.0,0.00572]},"J2s":{"weight":0.0,"played":[0.9999,1.0E-4],"evs":[0.0,-0.38182]},"J3s":{"weight":0.0,"played":[0.9999,1.0E-4],"evs":[0.0,-0.2721]},"J4s":{"weight":0.0,"played":[0.9999,1.0E-4],"evs":[0.0,-0.16277]},"J5s":{"weight":0.0,"played":[0.9921,0.0079],"evs":[0.0,-0.16356]},"J6s":{"weight":0.0,"played":[0.9993,7.0E-4],"evs":[0.0,-0.15306]},"J7s":{"weight":0.0,"played":[0.4542,0.5458],"evs":[0.0,0.03639]},"J8s":{"weight":0.0,"played":[1.0E-4,0.9999],"evs":[0.0,0.20222]},"J9s":{"weight":0.0,"played":[0.0,1.0],"evs":[0.0,0.58796]},"JTs":{"weight":0.0,"played":[0.0,1.0],"evs":[0.0,1.13881]},"JJ":{"weight":0.8508,"played":[0.0,1.0],"evs":[0.0,4.86988]},"QJo":{"weight":0.0,"played":[0.0,1.0],"evs":[0.0,0.53416]},"KJo":{"weight":0.0,"played":[0.0,1.0],"evs":[0.0,0.35706]},"AJo":{"weight":0.6807,"played":[0.0,1.0],"evs":[0.0,0.48815]},"Q2s":{"weight":0.0,"played":[0.9993,7.0E-4],"evs":[0.0,-0.18389]},"Q3s":{"weight":0.0,"played":[0.9968,0.0032],"evs":[0.0,-0.04469]},"Q4s":{"weight":0.0,"played":[0.0368,0.9632],"evs":[0.0,0.08659]},"Q5s":{"weight":0.0,"played":[0.0079,0.9921],"evs":[0.0,0.06845]},"Q6s":{"weight":0.0,"played":[0.0058,0.9942],"evs":[0.0,0.10048]},"Q7s":{"weight":0.0,"played":[0.1181,0.8819],"evs":[0.0,0.02366]},"Q8s":{"weight":0.0,"played":[0.023,0.977],"evs":[0.0,0.08984]},"Q9s":{"weight":0.0,"played":[0.0,1.0],"evs":[0.0,0.53287]},"QTs":{"weight":0.0,"played":[0.0,1.0],"evs":[0.0,1.0426]},"QJs":{"weight":0.0,"played":[0.0,1.0],"evs":[0.0,1.40022]},"QQ":{"weight":0.3364,"played":[0.0,1.0],"evs":[0.0,6.62284]},"KQo":{"weight":0.0,"played":[0.0,1.0],"evs":[0.0,0.60247]},"AQo":{"weight":0.7511,"played":[0.0,1.0],"evs":[0.0,1.19123]},"K2s":{"weight":0.0,"played":[0.9982,0.0018],"evs":[0.0,-0.18927]},"K3s":{"weight":0.0,"played":[0.9987,0.0013],"evs":[0.0,-0.13502]},"K4s":{"weight":0.0,"played":[0.275,0.725],"evs":[0.0,0.0473]},"K5s":{"weight":0.0,"played":[0.4465,0.5535],"evs":[0.0,-7.0E-4]},"K6s":{"weight":0.0,"played":[0.0594,0.9406],"evs":[0.0,0.05107]},"K7s":{"weight":0.0,"played":[0.0685,0.9315],"evs":[0.0,0.06745]},"K8s":{"weight":0.0,"played":[0.9968,0.0032],"evs":[0.0,-0.08174]},"K9s":{"weight":0.0,"played":[4.0E-4,0.9996],"evs":[0.0,0.26229]},"KTs":{"weight":0.0,"played":[0.0,1.0],"evs":[0.0,0.94899]},"KJs":{"weight":0.0,"played":[0.0,1.0],"evs":[0.0,1.29245]},"KQs":{"weight":0.0,"played":[0.0,1.0],"evs":[0.0,1.52378]},"KK":{"weight":0.7079,"played":[0.0,1.0],"evs":[0.0,9.208]},"AKo":{"weight":0.6334,"played":[0.0,1.0],"evs":[0.0,3.08604]},"A2s":{"weight":0.0,"played":[0.0055,0.9945],"evs":[0.0,0.12224]},"A3s":{"weight":0.0,"played":[0.0032,0.9968],"evs":[0.0,0.24062]},"A4s":{"weight":0.0,"played":[3.0E-4,0.9997],"evs":[0.0,0.28462]},"A5s":{"weight":0.0,"played":[0.0,1.0],"evs":[0.0,0.41026]},"A6s":{"weight":0.0,"played":[0.3975,0.6025],"evs":[0.0,-0.01739]},"A7s":{"weight":0.0,"played":[0.1306,0.8694],"evs":[0.0,0.08926]},"A8s":{"weight":0.0,"played":[0.1288,0.8712],"evs":[0.0,0.05842]},"A9s":{"weight":0.0,"played":[0.0017,0.9983],"evs":[0.0,0.33454]},"ATs":{"weight":0.6081,"played":[0.0,1.0],"evs":[0.0,0.92034]},"AJs":{"weight":0.0177,"played":[0.0,1.0],"evs":[0.0,1.52853]},"AQs":{"weight":0.919,"played":[0.0,1.0],"evs":[0.0,2.1295]},"AKs":{"weight":0.4466,"played":[0.0,1.0],"evs":[0.0,3.72758]},"AA":{"weight":0.6626,"played":[0.0,1.0],"evs":[0.0,12.58892]}}}