{"player":1,"street":0,"children":2,"sequence":[{"player":0,"type":"R","amount":26350000,"street":0},{"player":1,"type":"C","amount":26350000,"street":0},{"player":2,"type":"F","amount":0,"street":0},{"player":3,"type":"F","amount":0,"street":0},{"player":4,"type":"R","amount":61485900,"street":0},{"player":5,"type":"C","amount":14516800,"street":0},{"player":6,"type":"F","amount":0,"street":0}],"actions":[{"type":"F","amount":0},{"type":"C","amount":15600000}],"hands":{"22":{"weight":0.0,"played":[0.314,0.686],"evs":[0.0,0.10247]},"32o":{"weight":0.0,"played":[0.9975,0.0025],"evs":[0.0,-1.22136]},"42o":{"weight":0.0,"played":[1.0,0.0],"evs":[0.0,-0.81486]},"52o":{"weight":0.0,"played":[0.977,0.023],"evs":[0.0,-0.79229]},"62o":{"weight":0.0,"played":[0.9956,0.0044],"evs":[0.0,-1.34826]},"72o":{"weight":0.0,"played":[0.9995,5.0E-4],"evs":[0.0,-1.31757]},"82o":{"weight":0.0,"played":[0.9995,5.0E-4],"evs":[0.0,-1.51597]},"92o":{"weight":0.0,"played":[0.9997,3.0E-4],"evs":[0.0,-1.64845]},"T2o":{"weight":0.0,"played":[0.993,0.007],"evs":[0.0,-0.78492]},"J2o":{"weight":0.0,"played":[0.9916,0.0084],"evs":[0.0,-1.15126]},"Q2o":{"weight":0.0,"played":[0.9818,0.0182],"evs":[0.0,-0.94753]},"K2o":{"weight":0.0,"played":[0.9987,0.0013],"evs":[0.0,-1.2127]},"A2o":{"weight":0.0,"played":[0.7683,0.2317],"evs":[0.0,-0.8931]},"32s":{"weight":0.0,"played":[0.9972,0.0028],"evs":[0.0,-0.18253]},"33":{"weight":0.0,"played":[0.0505,0.9495],"evs":[0.0,0.17912]},"43o":{"weight":0.0,"played":[0.9815,0.0185],"evs":[0.0,-0.58217]},"53o":{"weight":0.0,"played":[0.9818,0.0182],"evs":[0.0,-0.31032]},"63o":{"weight":0.0,"played":[0.9886,0.0114],"evs":[0.0,-0.94313]},"73o":{"weight":0.0,"played":[0.9987,0.0013],"evs":[0.0,-1.06719]},"83o":{"weight":0.0,"played":[0.9999,1.0E-4],"evs":[0.0,-1.82351]},"93o":{"weight":0.0,"played":[0.9998,2.0E-4],"evs":[0.0,-1.60484]},"T3o":{"weight":0.0,"played":[0.9998,2.0E-4],"evs":[0.0,-0.81466]},"J3o":{"weight":0.0,"played":[0.9998,2.0E-4],"evs":[0.0,-0.66949]},"Q3o":{"weight":0.0,"played":[0.9979,0.0021],"evs":[0.0,-0.69069]},"K3o":{"weight":0.0,"played":[0.9999,1.0E-4],"evs":[0.0,-1.18569]},"A3o":{"weight":0.0,"played":[0.8674,0.1326],"evs":[0.0,-0.69869]},"42s":{"weight":0.0,"played":[0.2427,0.7573],"evs":[0.0,0.30498]},"43s":{"weight":0.0,"played":[0.0012,0.9988],"evs":[0.0,0.60478]},"44":{"weight":0.0,"played":[9.0E-4,0.9991],"evs":[0.0,0.74084]},"54o":{"weight":0.0,"played":[0.0547,0.9453],"evs":[0.0,0.03625]},"64o":{"weight":0.0,"played":[0.93,0.07],"evs":[0.0,-0.41969]},"74o":{"weight":0.0,"played":[0.8879,0.1121],"evs":[0.0,-0.24213]},"84o":{"weight":0.0,"played":[0.9991,9.0E-4],"evs":[0.0,-1.2421]},"94o":{"weight":0.0,"played":[0.9997,3.0E-4],"evs":[0.0,-1.24577]},"T4o":{"weight":0.0,"played":[0.9919,0.0081],"evs":[0.0,-1.02638]},"J4o":{"weight":0.0,"played":[0.9991,9.0E-4],"evs":[0.0,-0.87529]},"Q4o":{"weight":0.0,"played":[0.9936,0.0064],"evs":[0.0,-0.79322]},"K4o":{"weight":0.0,"played":[0.9992,8.0E-4],"evs":[0.0,-1.40082]},"A4o":{"weight":0.0,"played":[0.6813,0.3187],"evs":[0.0,-0.53378]},"52s":{"weight":0.0,"played":[0.0017,0.9983],"evs":[0.0,0.50107]},"53s":{"weight":0.0,"played":[0.2468,0.7532],"evs":[0.0,0.52095]},"54s":{"weight":0.0,"played":[0.1344,0.8656],"evs":[0.0,0.82163]},"55":{"weight":0.0,"played":[0.0079,0.9921],"evs":[0.0,0.75882]},"65o":{"weight":0.0,"played":[0.3771,0.6229],"evs":[0.0,0.04637]},"75o":{"weight":0.0,"played":[0.6543,0.3457],"evs":[0.0,-0.0896]},"85o":{"weight":0.0,"played":[0.9514,0.0486],"evs":[0.0,-0.65994]},"95o":{"weight":0.0,"played":[0.9981,0.0019],"evs":[0.0,-1.00367]},"T5o":{"weight":0.0,"played":[0.9996,4.0E-4],"evs":[0.0,-0.49317]},"J5o":{"weight":0.0,"played":[0.9993,7.0E-4],"evs":[0.0,-0.66347]},"Q5o":{"weight":0.0,"played":[0.9948,0.0052],"evs":[0.0,-0.36547]},"K5o":{"weight":0.0,"played":[0.9937,0.0063],"evs":[0.0,-1.36047]},"A5o":{"weight":0.0,"played":[0.8998,0.1002],"evs":[0.0,-0.50561]},"62s":{"weight":0.0,"played":[0.4654,0.5346],"evs":[0.0,-0.33738]},"63s":{"weight":0.0,"played":[0.4621,0.5379],"evs":[0.0,0.09633]},"64s":{"weight":0.0,"played":[0.0601,0.9399],"evs":[0.0,0.93859]},"65s":{"weight":0.0,"played":[0.0721,0.9279],"evs":[0.0,1.53329]},"66":{"weight":0.0,"played":[0.0013,0.9987],"evs":[0.0,0.95982]},"76o":{"weight":0.0,"played":[0.9925,0.0075],"evs":[0.0,-0.16516]},"86o":{"weight":0.0,"played":[0.9645,0.0355],"evs":[0.0,-0.63752]},"96o":{"weight":0.0,"played":[0.9987,0.0013],"evs":[0.0,-0.5094]},"T6o":{"weight":0.0,"played":[0.9986,0.0014],"evs":[0.0,-0.61162]},"J6o":{"weight":0.0,"played":[0.9885,0.0115],"evs":[0.0,-0.67283]},"Q6o":{"weight":0.0,"played":[0.9753,0.0247],"evs":[0.0,-0.39179]},"K6o":{"weight":0.0,"played":[0.9969,0.0031],"evs":[0.0,-1.61144]},"A6o":{"weight":0.0,"played":[0.9858,0.0142],"evs":[0.0,-1.17528]},"72s":{"weight":0.0,"played":[0.9511,0.0489],"evs":[0.0,-0.88644]},"73s":{"weight":0.0,"played":[0.533,0.467],"evs":[0.0,0.46221]},"74s":{"weight":0.0,"played":[0.0084,0.9916],"evs":[0.0,0.40921]},"75s":{"weight":0.0,"played":[0.0048,0.9952],"evs":[0.0,1.61202]},"76s":{"weight":0.0,"played":[0.0027,0.9973],"evs":[0.0,0.85255]},"77":{"weight":0.4663,"played":[0.0187,0.9813],"evs":[0.0,0.70931]},"87o":{"weight":0.0,"played":[0.6495,0.3505],"evs":[0.0,-0.32247]},"97o":{"weight":0.0,"played":[0.8,0.2],"evs":[0.0,-0.21023]},"T7o":{"weight":0.0,"played":[0.9945,0.0055],"evs":[0.0,-0.46722]},"J7o":{"weight":0.0,"played":[0.9762,0.0238],"evs":[0.0,-0.54957]},"Q7o":{"weight":0.0,"played":[0.9828,0.0172],"evs":[0.0,-0.7766]},"K7o":{"weight":0.0,"played":[0.9834,0.0166],"evs":[0.0,-1.15264]},"A7o":{"weight":0.0,"played":[0.9872,0.0128],"evs":[0.0,-1.13219]},"82s":{"weight":0.0,"played":[0.9901,0.0099],"evs":[0.0,-0.51615]},"83s":{"weight":0.0,"played":[0.9489,0.0511],"evs":[0.0,-0.54657]},"84s":{"weight":0.0,"played":[0.8237,0.1763],"evs":[0.0,0.0065]},"85s":{"weight":0.0,"played":[0.1178,0.8822],"evs":[0.0,0.59874]},"86s":{"weight":0.0,"played":[0.0232,0.9768],"evs":[0.0,0.9655]},"87s":{"weight":0.0,"played":[0.0056,0.9944],"evs":[0.0,0.86819]},"88":{"weight":0.8809,"played":[0.011,0.989],"evs":[0.0,0.82008]},"98o":{"weight":0.0,"played":[0.943,0.057],"evs":[0.0,-0.44713]},"T8o":{"weight":0.0,"played":[0.9988,0.0012],"evs":[0.0,-0.21995]},"J8o":{"weight":0.0,"played":[0.8988,0.1012],"evs":[0.0,-0.38239]},"Q8o":{"weight":0.0,"played":[0.8558,0.1442],"evs":[0.0,-0.15125]},"K8o":{"weight":0.0,"played":[0.9987,0.0013],"evs":[0.0,-1.22451]},"A8o":{"weight":0.0,"played":[0.999,0.001],"evs":[0.0,-0.7032]},"92s":{"weight":0.0,"played":[0.5234,0.4766],"evs":[0.0,-0.00714]},"93s":{"weight":0.0,"played":[0.8763,0.1237],"evs":[0.0,-0.86584]},"94s":{"weight":0.0,"played":[0.4286,0.5714],"evs":[0.0,0.38997]},"95s":{"weight":0.0,"played":[0.8509,0.1491],"evs":[0.0,-0.11684]},"96s":{"weight":0.0,"played":[0.2113,0.7887],"evs":[0.0,0.27528]},"97s":{"weight":0.0,"played":[0.0172,0.9828],"evs":[0.0,0.81141]},"98s":{"weight":0.0,"played":[0.0,1.0],"evs":[0.0,0.80354]},"99":{"weight":0.5309,"played":[9.0E-4,0.9991],"evs":[0.0,1.92004]},"T9o":{"weight":0.0,"played":[0.9458,0.0542],"evs":[0.0,-0.35149]},"J9o":{"weight":0.0,"played":[0.8684,0.1316],"evs":[0.0,-0.09803]},"Q9o":{"weight":0.0,"played":[0.256,0.744],"evs":[0.0,0.23966]},"K9o":{"weight":0.0,"played":[0.9983,0.0017],"evs":[0.0,-0.86691]},"A9o":{"weight":0.0,"played":[0.9853,0.0147],"evs":[0.0,-0.84655]},"T2s":{"weight":0.0,"played":[0.5555,0.4445],"evs":[0.0,-0.09463]},"T3s":{"weight":0.0,"played":[0.5337,0.4663],"evs":[0.0,0.05357]},"T4s":{"weight":0.0,"played":[0.39,0.61],"evs":[0.0,0.38467]},"T5s":{"weight":0.0,"played":[0.5099,0.4901],"evs":[0.0,0.08165]},"T6s":{"weight":0.0,"played":[0.1591,0.8409],"evs":[0.0,0.05054]},"T7s":{"weight":0.0,"played":[0.1034,0.8966],"evs":[0.0,0.24116]},"T8s":{"weight":0.0,"played":[0.0,1.0],"evs":[0.0,1.40774]},"T9s":{"weight":0.0,"played":[0.0705,0.9295],"evs":[0.0,0.81925]},"TT":{"weight":0.6578,"played":[0.0,1.0],"evs":[0.0,2.91106]},"JTo":{"weight":0.0,"played":[0.0114,0.9886],"evs":[0.0,0.51745]},"QTo":{"weight":0.0,"played":[0.0317,0.9683],"evs":[0.0,0.57195]},"KTo":{"weight":0.0,"played":[0.8941,0.1059],"evs":[0.0,-0.17272]},"ATo":{"weight":0.668,"played":[0.6266,0.3734],"evs":[0.0,-0.1534]},"J2s":{"weight":0.0,"played":[0.0787,0.9213],"evs":[0.0,0.61475]},"J3s":{"weight":0.0,"played":[0.194,0.806],"evs":[0.0,0.28856]},"J4s":{"weight":0.0,"played":[0.732,0.268],"evs":[0.0,0.5061]},"J5s":{"weight":0.0,"played":[0.0783,0.9217],"evs":[0.0,0.26466]},"J6s":{"weight":0.0,"played":[0.2952,0.7048],"evs":[0.0,0.59319]},"J7s":{"weight":0.0,"played":[0.0276,0.9724],"evs":[0.0,0.52042]},"J8s":{"weight":0.0,"played":[0.0158,0.9842],"evs":[0.0,0.92095]},"J9s":{"weight":0.0,"played":[3.0E-4,0.9997],"evs":[0.0,1.1709]},"JTs":{"weight":0.0,"played":[0.0136,0.9864],"evs":[0.0,1.15306]},"JJ":{"weight":0.8508,"played":[0.0,1.0],"evs":[0.0,4.67256]},"QJo":{"weight":0.0,"played":[0.0279,0.9721],"evs":[0.0,0.57247]},"KJo":{"weight":0.0,"played":[0.8679,0.1321],"evs":[0.0,-0.58444]},"AJo":{"weight":0.6807,"played":[0.0285,0.9715],"evs":[0.0,0.4684]},"Q2s":{"weight":0.0,"played":[0.0291,0.9709],"evs":[0.0,0.41708]},"Q3s":{"weight":0.0,"played":[0.2194,0.7806],"evs":[0.0,-0.03995]},"Q4s":{"weight":0.0,"played":[0.739,0.261],"evs":[0.0,-0.34705]},"Q5s":{"weight":0.0,"played":[0.3286,0.6714],"evs":[0.0,0.29032]},"Q6s":{"weight":0.0,"played":[0.0357,0.9643],"evs":[0.0,0.20387]},"Q7s":{"weight":0.0,"played":[0.0554,0.9446],"evs":[0.0,0.59572]},"Q8s":{"weight":0.0,"played":[0.0328,0.9672],"evs":[0.0,0.19157]},"Q9s":{"weight":0.0,"played":[0.0716,0.9284],"evs":[0.0,0.8423]},"QTs":{"weight":0.0,"played":[0.0032,0.9968],"evs":[0.0,1.25197]},"QJs":{"weight":0.0,"played":[0.0083,0.9917],"evs":[0.0,1.65231]},"QQ":{"weight":0.3364,"played":[0.0,1.0],"evs":[0.0,5.45552]},"KQo":{"weight":0.0,"played":[0.6491,0.3509],"evs":[0.0,-0.15071]},"AQo":{"weight":0.7511,"played":[0.0,1.0],"evs":[0.0,0.95128]},"K2s":{"weight":0.0,"played":[0.9174,0.0826],"evs":[0.0,-0.27451]},"K3s":{"weight":0.0,"played":[0.3861,0.6139],"evs":[0.0,0.38563]},"K4s":{"weight":0.0,"played":[0.4612,0.5388],"evs":[0.0,-0.19168]},"K5s":{"weight":0.0,"played":[0.2714,0.7286],"evs":[0.0,0.35831]},"K6s":{"weight":0.0,"played":[0.341,0.659],"evs":[0.0,-0.11093]},"K7s":{"weight":0.0,"played":[0.1792,0.8208],"evs":[0.0,-0.24269]},"K8s":{"weight":0.0,"played":[0.0827,0.9173],"evs":[0.0,0.48364]},"K9s":{"weight":0.0,"played":[0.3425,0.6575],"evs":[0.0,0.46219]},"KTs":{"weight":0.0,"played":[0.0,1.0],"evs":[0.0,0.51552]},"KJs":{"weight":0.0,"played":[1.0E-4,0.9999],"evs":[0.0,0.98836]},"KQs":{"weight":0.0,"played":[0.0047,0.9953],"evs":[0.0,0.80415]},"KK":{"weight":0.7079,"played":[0.0,1.0],"evs":[0.0,7.8577]},"AKo":{"weight":0.6334,"played":[0.0,1.0],"evs":[0.0,1.13072]},"A2s":{"weight":0.0,"played":[1.0E-4,0.9999],"evs":[0.0,1.10964]},"A3s":{"weight":0.0,"played":[0.0,1.0],"evs":[0.0,1.22871]},"A4s":{"weight":0.0,"played":[0.4143,0.5857],"evs":[0.0,0.39721]},"A5s":{"weight":0.0,"played":[0.0842,0.9158],"evs":[0.0,0.69821]},"A6s":{"weight":0.0,"played":[0.5926,0.4074],"evs":[0.0,-0.12652]},"A7s":{"weight":0.0,"played":[0.9712,0.0288],"evs":[0.0,-0.67898]},"A8s":{"weight":0.0,"played":[0.3679,0.6321],"evs":[0.0,0.67555]},"A9s":{"weight":0.0,"played":[0.0712,0.9288],"evs":[0.0,1.48385]},"ATs":{"weight":0.6081,"played":[0.0011,0.9989],"evs":[0.0,1.32137]},"AJs":{"weight":0.0177,"played":[0.0014,0.9986],"evs":[0.0,1.63262]},"AQs":{"weight":0.919,"played":[0.0,1.0],"evs":[0.0,2.68177]},"AKs":{"weight":0.4466,"played":[2.0E-4,0.9998],"evs":[0.0,1.90594]},"AA":{"weight":0.6626,"played":[0.0,1.0],"evs":[0.0,12.07022]}}}