{"player":5,"street":0,"children":3,"sequence":[{"player":0,"type":"F","amount":0,"street":0},{"player":1,"type":"F","amount":0,"street":0},{"player":2,"type":"F","amount":0,"street":0},{"player":3,"type":"C","amount":4130000,"street":0},{"player":4,"type":"R","amount":10000000,"street":0}],"actions":[{"type":"F","amount":0,"node":20},{"type":"C","amount":7500000,"node":22},{"type":"R","amount":17016800,"node":26}],"hands":{"22":{"weight":1.0,"played":[0.0,0.0,1.0],"evs":[0.0,0.07616,0.32752]},"32o":{"weight":1.0,"played":[1.0,0.0,0.0],"evs":[0.0,-0.90056,-1.45599]},"42o":{"weight":1.0,"played":[1.0,0.0,0.0],"evs":[0.0,-0.84858,-1.37661]},"52o":{"weight":1.0,"played":[1.0,0.0,0.0],"evs":[0.0,-0.80704,-1.30497]},"62o":{"weight":1.0,"played":[1.0,0.0,0.0],"evs":[0.0,-0.94718,-1.48447]},"72o":{"weight":1.0,"played":[1.0,0.0,0.0],"evs":[0.0,-1.03741,-1.60721]},"82o":{"weight":1.0,"played":[1.0,0.0,0.0],"evs":[0.0,-1.02059,-1.56313]},"92o":{"weight":1.0,"played":[1.0,0.0,0.0],"evs":[0.0,-0.90123,-1.37837]},"T2o":{"weight":1.0,"played":[1.0,0.0,0.0],"evs":[0.0,-0.81693,-1.19509]},"J2o":{"weight":1.0,"played":[1.0,0.0,0.0],"evs":[0.0,-0.73582,-1.00496]},"Q2o":{"weight":1.0,"played":[1.0,0.0,0.0],"evs":[0.0,-0.61045,-0.78055]},"K2o":{"weight":1.0,"played":[1.0,0.0,0.0],"evs":[0.0,-0.22647,-0.21026]},"A2o":{"weight":1.0,"played":[0.0,0.0,1.0],"evs":[0.0,0.6456,0.83376]},"32s":{"weight":1.0,"played":[1.0,0.0,0.0],"evs":[0.0,-0.51677,-0.92983]},"33":{"weight":1.0,"played":[0.0,0.0,1.0],"evs":[0.0,0.26903,0.55069]},"43o":{"weight":1.0,"played":[1.0,0.0,0.0],"evs":[0.0,-0.7118,-1.17302]},"53o":{"weight":1.0,"played":[1.0,0.0,0.0],"evs":[0.0,-0.65005,-1.08604]},"63o":{"weight":1.0,"played":[1.0,0.0,0.0],"evs":[0.0,-0.79353,-1.26385]},"73o":{"weight":1.0,"played":[1.0,0.0,0.0],"evs":[0.0,-0.89775,-1.38556]},"83o":{"weight":1.0,"played":[1.0,0.0,0.0],"evs":[0.0,-0.99601,-1.53285]},"93o":{"weight":1.0,"played":[1.0,0.0,0.0],"evs":[0.0,-0.85799,-1.3062]},"T3o":{"weight":1.0,"played":[1.0,0.0,0.0],"evs":[0.0,-0.78416,-1.12641]},"J3o":{"weight":1.0,"played":[1.0,0.0,0.0],"evs":[0.0,-0.68609,-0.92737]},"Q3o":{"weight":1.0,"played":[1.0,0.0,0.0],"evs":[0.0,-0.5584,-0.70257]},"K3o":{"weight":1.0,"played":[1.0,0.0,0.0],"evs":[0.0,-0.15628,-0.12679]},"A3o":{"weight":1.0,"played":[0.0,0.0,1.0],"evs":[0.0,0.7301,0.91978]},"42s":{"weight":1.0,"played":[1.0,0.0,0.0],"evs":[0.0,-0.46555,-0.86189]},"43s":{"weight":1.0,"played":[1.0,0.0,0.0],"evs":[0.0,-0.32262,-0.66189]},"44":{"weight":1.0,"played":[0.0,0.0,1.0],"evs":[0.0,0.51534,0.80048]},"54o":{"weight":1.0,"played":[1.0,0.0,0.0],"evs":[0.0,-0.51215,-0.87879]},"64o":{"weight":1.0,"played":[1.0,0.0,0.0],"evs":[0.0,-0.64109,-1.03884]},"74o":{"weight":1.0,"played":[1.0,0.0,0.0],"evs":[0.0,-0.74461,-1.15091]},"84o":{"weight":1.0,"played":[1.0,0.0,0.0],"evs":[0.0,-0.86187,-1.30428]},"94o":{"weight":1.0,"played":[1.0,0.0,0.0],"evs":[0.0,-0.83663,-1.26733]},"T4o":{"weight":1.0,"played":[1.0,0.0,0.0],"evs":[0.0,-0.73972,-1.04718]},"J4o":{"weight":1.0,"played":[1.0,0.0,0.0],"evs":[0.0,-0.63613,-0.83848]},"Q4o":{"weight":1.0,"played":[1.0,0.0,0.0],"evs":[0.0,-0.50559,-0.61391]},"K4o":{"weight":1.0,"played":[0.9997,0.0,3.0E-4],"evs":[0.0,-0.06878,-0.02526]},"A4o":{"weight":1.0,"played":[0.0,0.0,1.0],"evs":[0.0,0.82115,1.01165]},"52s":{"weight":1.0,"played":[1.0,0.0,0.0],"evs":[0.0,-0.42732,-0.80183]},"53s":{"weight":1.0,"played":[1.0,0.0,0.0],"evs":[0.0,-0.25998,-0.58336]},"54s":{"weight":1.0,"played":[1.0,0.0,0.0],"evs":[0.0,-0.12627,-0.39154]},"55":{"weight":1.0,"played":[0.0,0.0,1.0],"evs":[0.0,0.7683,1.05787]},"65o":{"weight":1.0,"played":[1.0,0.0,0.0],"evs":[0.0,-0.49013,-0.82858]},"75o":{"weight":1.0,"played":[1.0,0.0,0.0],"evs":[0.0,-0.59194,-0.94245]},"85o":{"weight":1.0,"played":[1.0,0.0,0.0],"evs":[0.0,-0.70371,-1.08047]},"95o":{"weight":1.0,"played":[1.0,0.0,0.0],"evs":[0.0,-0.68792,-1.03885]},"T5o":{"weight":1.0,"played":[1.0,0.0,0.0],"evs":[0.0,-0.70478,-0.98451]},"J5o":{"weight":1.0,"played":[1.0,0.0,0.0],"evs":[0.0,-0.58639,-0.75098]},"Q5o":{"weight":1.0,"played":[1.0,0.0,0.0],"evs":[0.0,-0.44396,-0.51572]},"K5o":{"weight":1.0,"played":[0.0,3.0E-4,0.9997],"evs":[0.0,0.03936,0.10917]},"A5o":{"weight":1.0,"played":[0.0,0.0,1.0],"evs":[0.0,0.9228,1.13184]},"62s":{"weight":1.0,"played":[1.0,0.0,0.0],"evs":[0.0,-0.56043,-0.9612]},"63s":{"weight":1.0,"played":[1.0,0.0,0.0],"evs":[0.0,-0.39807,-0.74135]},"64s":{"weight":1.0,"played":[1.0,0.0,0.0],"evs":[0.0,-0.25373,-0.54186]},"65s":{"weight":1.0,"played":[1.0,0.0,0.0],"evs":[0.0,-0.10263,-0.34824]},"66":{"weight":1.0,"played":[0.0,0.0,1.0],"evs":[0.0,0.97614,1.27822]},"76o":{"weight":1.0,"played":[1.0,0.0,0.0],"evs":[0.0,-0.4583,-0.76224]},"86o":{"weight":1.0,"played":[1.0,0.0,0.0],"evs":[0.0,-0.5594,-0.90282]},"96o":{"weight":1.0,"played":[1.0,0.0,0.0],"evs":[0.0,-0.5596,-0.87004]},"T6o":{"weight":1.0,"played":[1.0,0.0,0.0],"evs":[0.0,-0.58895,-0.82361]},"J6o":{"weight":1.0,"played":[1.0,0.0,0.0],"evs":[0.0,-0.58453,-0.75389]},"Q6o":{"weight":1.0,"played":[1.0,0.0,0.0],"evs":[0.0,-0.4038,-0.44617]},"K6o":{"weight":1.0,"played":[0.0,0.0,1.0],"evs":[0.0,0.13353,0.24428]},"A6o":{"weight":1.0,"played":[0.0,0.0,1.0],"evs":[0.0,0.83419,1.07506]},"72s":{"weight":1.0,"played":[1.0,0.0,0.0],"evs":[0.0,-0.64437,-1.07047]},"73s":{"weight":1.0,"played":[1.0,0.0,0.0],"evs":[0.0,-0.50295,-0.85935]},"74s":{"weight":1.0,"played":[1.0,0.0,0.0],"evs":[0.0,-0.35516,-0.64684]},"75s":{"weight":1.0,"played":[1.0,0.0,0.0],"evs":[0.0,-0.20112,-0.44533]},"76s":{"weight":1.0,"played":[1.0,0.0,0.0],"evs":[0.0,-0.07146,-0.28333]},"77":{"weight":1.0,"played":[0.0,0.0,1.0],"evs":[0.0,1.24313,1.5368]},"87o":{"weight":1.0,"played":[1.0,0.0,0.0],"evs":[0.0,-0.44104,-0.7329]},"97o":{"weight":1.0,"played":[1.0,0.0,0.0],"evs":[0.0,-0.42133,-0.68569]},"T7o":{"weight":1.0,"played":[1.0,0.0,0.0],"evs":[0.0,-0.44096,-0.62564]},"J7o":{"weight":1.0,"played":[1.0,0.0,0.0],"evs":[0.0,-0.4433,-0.55844]},"Q7o":{"weight":1.0,"played":[1.0,0.0,0.0],"evs":[0.0,-0.34583,-0.35498]},"K7o":{"weight":1.0,"played":[0.0,0.0,1.0],"evs":[0.0,0.28977,0.41854]},"A7o":{"weight":1.0,"played":[0.0,0.0,1.0],"evs":[0.0,0.95818,1.20878]},"82s":{"weight":1.0,"played":[1.0,0.0,0.0],"evs":[0.0,-0.62427,-1.02791]},"83s":{"weight":1.0,"played":[1.0,0.0,0.0],"evs":[0.0,-0.60189,-1.00199]},"84s":{"weight":1.0,"played":[1.0,0.0,0.0],"evs":[0.0,-0.46567,-0.78893]},"85s":{"weight":1.0,"played":[1.0,0.0,0.0],"evs":[0.0,-0.31449,-0.58259]},"86s":{"weight":1.0,"played":[1.0,0.0,0.0],"evs":[0.0,-0.17012,-0.40974]},"87s":{"weight":1.0,"played":[0.9999,1.0E-4,0.0],"evs":[0.0,-0.05543,-0.2564]},"88":{"weight":1.0,"played":[0.0,0.0,1.0],"evs":[0.0,1.55386,1.82207]},"98o":{"weight":1.0,"played":[1.0,0.0,0.0],"evs":[0.0,-0.28877,-0.50701]},"T8o":{"weight":1.0,"played":[1.0,0.0,0.0],"evs":[0.0,-0.25719,-0.37976]},"J8o":{"weight":1.0,"played":[1.0,0.0,0.0],"evs":[0.0,-0.21639,-0.25505]},"Q8o":{"weight":1.0,"played":[0.183,0.0,0.8169],"evs":[0.0,-0.05465,0.00279]},"K8o":{"weight":1.0,"played":[0.0,0.0,1.0],"evs":[0.0,0.45201,0.60968]},"A8o":{"weight":1.0,"played":[0.0,0.0,1.0],"evs":[0.0,1.1099,1.38027]},"92s":{"weight":1.0,"played":[1.0,0.0,0.0],"evs":[0.0,-0.50226,-0.85122]},"93s":{"weight":1.0,"played":[1.0,0.0,0.0],"evs":[0.0,-0.46333,-0.7939]},"94s":{"weight":1.0,"played":[1.0,0.0,0.0],"evs":[0.0,-0.44098,-0.75337]},"95s":{"weight":1.0,"played":[1.0,0.0,0.0],"evs":[0.0,-0.29227,-0.5373]},"96s":{"weight":1.0,"played":[1.0,0.0,0.0],"evs":[0.0,-0.16607,-0.37722]},"97s":{"weight":1.0,"played":[1.0,0.0,0.0],"evs":[0.0,-0.01996,-0.20265]},"98s":{"weight":1.0,"played":[0.0,1.0,0.0],"evs":[0.0,0.10662,-0.04524]},"99":{"weight":1.0,"played":[0.0,0.0,1.0],"evs":[0.0,2.0238,2.2912]},"T9o":{"weight":1.0,"played":[0.3754,0.6246,0.0],"evs":[0.0,0.00237,-0.04547]},"J9o":{"weight":1.0,"played":[0.0,0.4759,0.5241],"evs":[0.0,0.04511,0.04459]},"Q9o":{"weight":1.0,"played":[0.0,0.0,1.0],"evs":[0.0,0.21168,0.2629]},"K9o":{"weight":1.0,"played":[0.0,0.0,1.0],"evs":[0.0,0.72116,0.85712]},"A9o":{"weight":1.0,"played":[0.0,0.0,1.0],"evs":[0.0,1.22085,1.50431]},"T2s":{"weight":1.0,"played":[1.0,0.0,0.0],"evs":[0.0,-0.41413,-0.67862]},"T3s":{"weight":1.0,"played":[1.0,0.0,0.0],"evs":[0.0,-0.37651,-0.62143]},"T4s":{"weight":1.0,"played":[1.0,0.0,0.0],"evs":[0.0,-0.33295,-0.54648]},"T5s":{"weight":1.0,"played":[1.0,0.0,0.0],"evs":[0.0,-0.28901,-0.47264]},"T6s":{"weight":1.0,"played":[1.0,0.0,0.0],"evs":[0.0,-0.18149,-0.33396]},"T7s":{"weight":1.0,"played":[1.0,0.0,0.0],"evs":[0.0,-0.02547,-0.1432]},"T8s":{"weight":1.0,"played":[0.0,1.0,0.0],"evs":[0.0,0.15526,0.08111]},"T9s":{"weight":1.0,"played":[0.0,0.9742,0.0258],"evs":[0.0,0.41014,0.39048]},"TT":{"weight":1.0,"played":[0.0,0.0,1.0],"evs":[0.0,2.56796,2.84595]},"JTo":{"weight":1.0,"played":[0.0,0.0,1.0],"evs":[0.0,0.36968,0.37755]},"QTo":{"weight":1.0,"played":[0.0,0.0,1.0],"evs":[0.0,0.58571,0.6217]},"KTo":{"weight":1.0,"played":[0.0,0.0,1.0],"evs":[0.0,1.0997,1.24111]},"ATo":{"weight":1.0,"played":[0.0,0.0,1.0],"evs":[0.0,1.61254,1.92072]},"J2s":{"weight":1.0,"played":[1.0,0.0,0.0],"evs":[0.0,-0.31252,-0.49348]},"J3s":{"weight":1.0,"played":[1.0,0.0,0.0],"evs":[0.0,-0.26434,-0.42159]},"J4s":{"weight":1.0,"played":[1.0,0.0,0.0],"evs":[0.0,-0.21246,-0.33799]},"J5s":{"weight":1.0,"played":[1.0,0.0,0.0],"evs":[0.0,-0.16098,-0.26114]},"J6s":{"weight":1.0,"played":[1.0,0.0,0.0],"evs":[0.0,-0.16111,-0.26233]},"J7s":{"weight":1.0,"played":[0.9976,0.0024,0.0],"evs":[0.0,-0.0157,-0.07722]},"J8s":{"weight":1.0,"played":[0.0,0.9848,0.0152],"evs":[0.0,0.21496,0.19962]},"J9s":{"weight":1.0,"played":[0.0,0.0,1.0],"evs":[0.0,0.478,0.49111]},"JTs":{"weight":1.0,"played":[0.0,0.0,1.0],"evs":[0.0,0.7909,0.80195]},"JJ":{"weight":1.0,"played":[0.0,0.0,1.0],"evs":[0.0,3.16559,3.39048]},"QJo":{"weight":1.0,"played":[0.0,0.0,1.0],"evs":[0.0,0.74837,0.76624]},"KJo":{"weight":1.0,"played":[0.0,0.0,1.0],"evs":[0.0,1.30259,1.44148]},"AJo":{"weight":1.0,"played":[0.0,0.0,1.0],"evs":[0.0,1.85859,2.16993]},"Q2s":{"weight":1.0,"played":[1.0,0.0,0.0],"evs":[0.0,-0.17246,-0.27689]},"Q3s":{"weight":1.0,"played":[1.0,0.0,0.0],"evs":[0.0,-0.11138,-0.19967]},"Q4s":{"weight":1.0,"played":[1.0,0.0,0.0],"evs":[0.0,-0.06351,-0.12144]},"Q5s":{"weight":1.0,"played":[0.2876,0.7098,0.0026],"evs":[0.0,0.00352,-0.03098]},"Q6s":{"weight":1.0,"played":[0.0,0.8757,0.1243],"evs":[0.0,0.04123,0.02898]},"Q7s":{"weight":1.0,"played":[0.0,0.0036,0.9964],"evs":[0.0,0.09762,0.10426]},"Q8s":{"weight":1.0,"played":[0.0,0.0,1.0],"evs":[0.0,0.40047,0.45313]},"Q9s":{"weight":1.0,"played":[0.0,0.0,1.0],"evs":[0.0,0.6539,0.69539]},"QTs":{"weight":1.0,"played":[0.0,0.0,1.0],"evs":[0.0,1.00233,1.03082]},"QJs":{"weight":1.0,"played":[0.0,0.0,1.0],"evs":[0.0,1.16188,1.17105]},"QQ":{"weight":1.0,"played":[0.0,0.0,1.0],"evs":[0.0,3.84003,3.98335]},"KQo":{"weight":1.0,"played":[0.0,0.0,1.0],"evs":[0.0,1.50575,1.64828]},"AQo":{"weight":1.0,"played":[0.0,0.0,1.0],"evs":[0.0,2.13729,2.44546]},"K2s":{"weight":1.0,"played":[0.0,0.0,1.0],"evs":[0.0,0.2246,0.26109]},"K3s":{"weight":1.0,"played":[0.0,0.0,1.0],"evs":[0.0,0.29987,0.3454]},"K4s":{"weight":1.0,"played":[0.0,0.0,1.0],"evs":[0.0,0.37373,0.42885]},"K5s":{"weight":1.0,"played":[0.0,0.0,1.0],"evs":[0.0,0.48679,0.55671]},"K6s":{"weight":1.0,"played":[0.0,0.0,1.0],"evs":[0.0,0.57216,0.67451]},"K7s":{"weight":1.0,"played":[0.0,0.0,1.0],"evs":[0.0,0.72183,0.84115]},"K8s":{"weight":1.0,"played":[0.0,0.0,1.0],"evs":[0.0,0.89158,1.03704]},"K9s":{"weight":1.0,"played":[0.0,0.0,1.0],"evs":[0.0,1.13083,1.25267]},"KTs":{"weight":1.0,"played":[0.0,0.0,1.0],"evs":[0.0,1.49121,1.61661]},"KJs":{"weight":1.0,"played":[0.0,0.0,1.0],"evs":[0.0,1.68927,1.80112]},"KQs":{"weight":1.0,"played":[0.0,0.0,1.0],"evs":[0.0,1.89166,2.00579]},"KK":{"weight":1.0,"played":[0.0,0.0,1.0],"evs":[0.0,4.84458,4.92855]},"AKo":{"weight":1.0,"played":[0.0,0.0,1.0],"evs":[0.0,2.54132,2.88457]},"A2s":{"weight":1.0,"played":[0.0,0.0,1.0],"evs":[0.0,1.07001,1.24752]},"A3s":{"weight":1.0,"played":[0.0,0.0,1.0],"evs":[0.0,1.15051,1.33379]},"A4s":{"weight":1.0,"played":[0.0,0.0,1.0],"evs":[0.0,1.24228,1.42616]},"A5s":{"weight":1.0,"played":[0.0,0.0,1.0],"evs":[0.0,1.32841,1.51962]},"A6s":{"weight":1.0,"played":[0.0,0.0,1.0],"evs":[0.0,1.26631,1.48215]},"A7s":{"weight":1.0,"played":[0.0,0.0,1.0],"evs":[0.0,1.36909,1.59934]},"A8s":{"weight":1.0,"played":[0.0,0.0,1.0],"evs":[0.0,1.49961,1.75215]},"A9s":{"weight":1.0,"played":[0.0,0.0,1.0],"evs":[0.0,1.60441,1.86725]},"ATs":{"weight":1.0,"played":[0.0,0.0,1.0],"evs":[0.0,1.96811,2.24624]},"AJs":{"weight":1.0,"played":[0.0,0.0,1.0],"evs":[0.0,2.217,2.48638]},"AQs":{"weight":1.0,"played":[0.0,0.0,1.0],"evs":[0.0,2.47165,2.74092]},"AKs":{"weight":1.0,"played":[0.0,0.0,1.0],"evs":[0.0,2.84982,3.14931]},"AA":{"weight":1.0,"played":[0.0,0.0,1.0],"evs":[0.0,5.95631,6.0937]}}}