{"player":1,"street":0,"children":2,"sequence":[{"player":0,"type":"R","amount":26350000,"street":0},{"player":1,"type":"C","amount":26350000,"street":0},{"player":2,"type":"F","amount":0,"street":0},{"player":3,"type":"C","amount":4130000,"street":0},{"player":4,"type":"F","amount":0,"street":0},{"player":5,"type":"F","amount":0,"street":0},{"player":6,"type":"R","amount":41950000,"street":0}],"actions":[{"type":"F","amount":0},{"type":"C","amount":15600000}],"hands":{"22":{"weight":0.0,"played":[0.0,1.0],"evs":[0.0,1.36831]},"32o":{"weight":0.0,"played":[0.9968,0.0032],"evs":[0.0,-0.37859]},"42o":{"weight":0.0,"played":[0.9723,0.0277],"evs":[0.0,-0.24]},"52o":{"weight":0.0,"played":[0.9368,0.0632],"evs":[0.0,-0.21373]},"62o":{"weight":0.0,"played":[0.9942,0.0058],"evs":[0.0,-0.39053]},"72o":{"weight":0.0,"played":[0.9993,7.0E-4],"evs":[0.0,-0.80162]},"82o":{"weight":0.0,"played":[0.9961,0.0039],"evs":[0.0,-0.56924]},"92o":{"weight":0.0,"played":[0.9982,0.0018],"evs":[0.0,-0.67385]},"T2o":{"weight":0.0,"played":[0.9941,0.0059],"evs":[0.0,-0.52904]},"J2o":{"weight":0.0,"played":[0.9932,0.0068],"evs":[0.0,-0.14082]},"Q2o":{"weight":0.0,"played":[0.9719,0.0281],"evs":[0.0,-0.20632]},"K2o":{"weight":0.0,"played":[0.6628,0.3372],"evs":[0.0,-1.4E-4]},"A2o":{"weight":0.0,"played":[0.8925,0.1075],"evs":[0.0,-0.10165]},"32s":{"weight":0.0,"played":[0.0026,0.9974],"evs":[0.0,0.71265]},"33":{"weight":0.0,"played":[0.0,1.0],"evs":[0.0,1.37325]},"43o":{"weight":0.0,"played":[0.0,1.0],"evs":[0.0,0.22868]},"53o":{"weight":0.0,"played":[0.0,1.0],"evs":[0.0,0.24485]},"63o":{"weight":0.0,"played":[0.3963,0.6037],"evs":[0.0,0.03361]},"73o":{"weight":0.0,"played":[0.9974,0.0026],"evs":[0.0,-0.45874]},"83o":{"weight":0.0,"played":[0.9972,0.0028],"evs":[0.0,-0.66453]},"93o":{"weight":0.0,"played":[0.989,0.011],"evs":[0.0,-0.30111]},"T3o":{"weight":0.0,"played":[0.9966,0.0034],"evs":[0.0,-0.21563]},"J3o":{"weight":0.0,"played":[0.4438,0.5562],"evs":[0.0,0.1136]},"Q3o":{"weight":0.0,"played":[0.883,0.117],"evs":[0.0,-0.06908]},"K3o":{"weight":0.0,"played":[0.2825,0.7175],"evs":[0.0,0.13825]},"A3o":{"weight":0.0,"played":[0.1623,0.8377],"evs":[0.0,0.02149]},"42s":{"weight":0.0,"played":[0.0,1.0],"evs":[0.0,0.81836]},"43s":{"weight":0.0,"played":[0.0,1.0],"evs":[0.0,1.12892]},"44":{"weight":0.0,"played":[0.0,1.0],"evs":[0.0,1.39267]},"54o":{"weight":0.0,"played":[0.0,1.0],"evs":[0.0,0.76469]},"64o":{"weight":0.0,"played":[0.0,1.0],"evs":[0.0,0.39537]},"74o":{"weight":0.0,"played":[0.4826,0.5174],"evs":[0.0,0.05291]},"84o":{"weight":0.0,"played":[0.9912,0.0088],"evs":[0.0,-0.30551]},"94o":{"weight":0.0,"played":[0.9954,0.0046],"evs":[0.0,-0.36774]},"T4o":{"weight":0.0,"played":[0.7083,0.2917],"evs":[0.0,0.03568]},"J4o":{"weight":0.0,"played":[0.0793,0.9207],"evs":[0.0,0.1489]},"Q4o":{"weight":0.0,"played":[0.9206,0.0794],"evs":[0.0,-0.0327]},"K4o":{"weight":0.0,"played":[1.0E-4,0.9999],"evs":[0.0,0.31831]},"A4o":{"weight":0.0,"played":[0.5263,0.4737],"evs":[0.0,-6.0E-5]},"52s":{"weight":0.0,"played":[0.0,1.0],"evs":[0.0,0.88096]},"53s":{"weight":0.0,"played":[0.0,1.0],"evs":[0.0,1.20483]},"54s":{"weight":0.0,"played":[0.0,1.0],"evs":[0.0,1.54922]},"55":{"weight":0.0,"played":[0.0,1.0],"evs":[0.0,1.66008]},"65o":{"weight":0.0,"played":[0.0,1.0],"evs":[0.0,0.79616]},"75o":{"weight":0.0,"played":[0.0013,0.9987],"evs":[0.0,0.3433]},"85o":{"weight":0.0,"played":[0.0,1.0],"evs":[0.0,0.03902]},"95o":{"weight":0.0,"played":[0.8896,0.1104],"evs":[0.0,-0.02523]},"T5o":{"weight":0.0,"played":[0.9153,0.0847],"evs":[0.0,-0.04793]},"J5o":{"weight":0.0,"played":[0.085,0.915],"evs":[0.0,0.19308]},"Q5o":{"weight":0.0,"played":[0.0,1.0],"evs":[0.0,0.12087]},"K5o":{"weight":0.0,"played":[0.0,1.0],"evs":[0.0,0.24158]},"A5o":{"weight":0.0,"played":[0.0,1.0],"evs":[0.0,0.13342]},"62s":{"weight":0.0,"played":[0.0,1.0],"evs":[0.0,0.58505]},"63s":{"weight":0.0,"played":[0.0,1.0],"evs":[0.0,0.80317]},"64s":{"weight":0.0,"played":[0.0,1.0],"evs":[0.0,1.26804]},"65s":{"weight":0.0,"played":[0.0,1.0],"evs":[0.0,1.66239]},"66":{"weight":0.0,"played":[0.0,1.0],"evs":[0.0,1.7596]},"76o":{"weight":0.0,"played":[0.0,1.0],"evs":[0.0,0.48831]},"86o":{"weight":0.0,"played":[0.0011,0.9989],"evs":[0.0,0.30567]},"96o":{"weight":0.0,"played":[0.0143,0.9857],"evs":[0.0,0.21871]},"T6o":{"weight":0.0,"played":[0.0,1.0],"evs":[0.0,0.21581]},"J6o":{"weight":0.0,"played":[0.0082,0.9918],"evs":[0.0,0.2067]},"Q6o":{"weight":0.0,"played":[0.0,1.0],"evs":[0.0,0.10322]},"K6o":{"weight":0.0,"played":[0.0177,0.9823],"evs":[0.0,0.189]},"A6o":{"weight":0.0,"played":[0.9677,0.0323],"evs":[0.0,-0.26123]},"72s":{"weight":0.0,"played":[0.167,0.833],"evs":[0.0,0.14302]},"73s":{"weight":0.0,"played":[2.0E-4,0.9998],"evs":[0.0,0.69534]},"74s":{"weight":0.0,"played":[0.0,1.0],"evs":[0.0,0.87784]},"75s":{"weight":0.0,"played":[0.0,1.0],"evs":[0.0,1.29845]},"76s":{"weight":0.0,"played":[0.0,1.0],"evs":[0.0,1.45444]},"77":{"weight":0.4663,"played":[0.0,1.0],"evs":[0.0,2.11562]},"87o":{"weight":0.0,"played":[0.0,1.0],"evs":[0.0,0.6321]},"97o":{"weight":0.0,"played":[0.0,1.0],"evs":[0.0,0.46064]},"T7o":{"weight":0.0,"played":[0.0,1.0],"evs":[0.0,0.51089]},"J7o":{"weight":0.0,"played":[0.0,1.0],"evs":[0.0,0.37993]},"Q7o":{"weight":0.0,"played":[0.1728,0.8272],"evs":[0.0,0.07698]},"K7o":{"weight":0.0,"played":[0.0,1.0],"evs":[0.0,0.19066]},"A7o":{"weight":0.0,"played":[0.8558,0.1442],"evs":[0.0,-0.08167]},"82s":{"weight":0.0,"played":[0.0556,0.9444],"evs":[0.0,0.33506]},"83s":{"weight":0.0,"played":[0.0,1.0],"evs":[0.0,0.27445]},"84s":{"weight":0.0,"played":[0.0,1.0],"evs":[0.0,0.6505]},"85s":{"weight":0.0,"played":[0.0,1.0],"evs":[0.0,0.95548]},"86s":{"weight":0.0,"played":[0.0,1.0],"evs":[0.0,1.24827]},"87s":{"weight":0.0,"played":[0.0,1.0],"evs":[0.0,1.26441]},"88":{"weight":0.8809,"played":[0.0,1.0],"evs":[0.0,3.03773]},"98o":{"weight":0.0,"played":[0.0,1.0],"evs":[0.0,0.7173]},"T8o":{"weight":0.0,"played":[0.0,1.0],"evs":[0.0,0.69423]},"J8o":{"weight":0.0,"played":[0.0,1.0],"evs":[0.0,0.75976]},"Q8o":{"weight":0.0,"played":[0.0,1.0],"evs":[0.0,0.38648]},"K8o":{"weight":0.0,"played":[0.1034,0.8966],"evs":[0.0,0.27173]},"A8o":{"weight":0.0,"played":[0.0992,0.9008],"evs":[0.0,0.01066]},"92s":{"weight":0.0,"played":[0.0217,0.9783],"evs":[0.0,0.49899]},"93s":{"weight":0.0,"played":[0.0,1.0],"evs":[0.0,0.58124]},"94s":{"weight":0.0,"played":[0.0,1.0],"evs":[0.0,0.88832]},"95s":{"weight":0.0,"played":[0.0,1.0],"evs":[0.0,1.03208]},"96s":{"weight":0.0,"played":[0.0,1.0],"evs":[0.0,1.13345]},"97s":{"weight":0.0,"played":[0.0,1.0],"evs":[0.0,0.99194]},"98s":{"weight":0.0,"played":[0.0,1.0],"evs":[0.0,1.78014]},"99":{"weight":0.5309,"played":[0.0,1.0],"evs":[0.0,4.15103]},"T9o":{"weight":0.0,"played":[0.0,1.0],"evs":[0.0,1.17266]},"J9o":{"weight":0.0,"played":[0.0,1.0],"evs":[0.0,1.13269]},"Q9o":{"weight":0.0,"played":[0.0,1.0],"evs":[0.0,0.7404]},"K9o":{"weight":0.0,"played":[0.0,1.0],"evs":[0.0,0.64994]},"A9o":{"weight":0.0,"played":[0.0,1.0],"evs":[0.0,0.45106]},"T2s":{"weight":0.0,"played":[3.0E-4,0.9997],"evs":[0.0,0.48155]},"T3s":{"weight":0.0,"played":[0.0,1.0],"evs":[0.0,0.78096]},"T4s":{"weight":0.0,"played":[0.0,1.0],"evs":[0.0,0.81332]},"T5s":{"weight":0.0,"played":[0.0,1.0],"evs":[0.0,0.81174]},"T6s":{"weight":0.0,"played":[0.0,1.0],"evs":[0.0,1.07113]},"T7s":{"weight":0.0,"played":[0.0,1.0],"evs":[0.0,1.2782]},"T8s":{"weight":0.0,"played":[0.0,1.0],"evs":[0.0,1.69244]},"T9s":{"weight":0.0,"played":[0.0,1.0],"evs":[0.0,2.14848]},"TT":{"weight":0.6578,"played":[0.0,1.0],"evs":[0.0,5.4941]},"JTo":{"weight":0.0,"played":[0.0,1.0],"evs":[0.0,1.52495]},"QTo":{"weight":0.0,"played":[0.0,1.0],"evs":[0.0,1.25561]},"KTo":{"weight":0.0,"played":[0.0,1.0],"evs":[0.0,1.2342]},"ATo":{"weight":0.668,"played":[0.0,1.0],"evs":[0.0,0.77621]},"J2s":{"weight":0.0,"played":[0.0,1.0],"evs":[0.0,0.90282]},"J3s":{"weight":0.0,"played":[0.0,1.0],"evs":[0.0,0.86882]},"J4s":{"weight":0.0,"played":[0.0,1.0],"evs":[0.0,0.98979]},"J5s":{"weight":0.0,"played":[0.0,1.0],"evs":[0.0,0.93288]},"J6s":{"weight":0.0,"played":[0.0,1.0],"evs":[0.0,1.05337]},"J7s":{"weight":0.0,"played":[0.0,1.0],"evs":[0.0,1.27462]},"J8s":{"weight":0.0,"played":[0.0,1.0],"evs":[0.0,1.65613]},"J9s":{"weight":0.0,"played":[0.0,1.0],"evs":[0.0,2.04908]},"JTs":{"weight":0.0,"played":[0.0,1.0],"evs":[0.0,2.6601]},"JJ":{"weight":0.8508,"played":[0.0,1.0],"evs":[0.0,6.6354]},"QJo":{"weight":0.0,"played":[0.0,1.0],"evs":[0.0,1.54268]},"KJo":{"weight":0.0,"played":[0.0,1.0],"evs":[0.0,1.50621]},"AJo":{"weight":0.6807,"played":[0.0,1.0],"evs":[0.0,1.15063]},"Q2s":{"weight":0.0,"played":[0.0,1.0],"evs":[0.0,0.80273]},"Q3s":{"weight":0.0,"played":[0.0,1.0],"evs":[0.0,0.83673]},"Q4s":{"weight":0.0,"played":[1.0E-4,0.9999],"evs":[0.0,1.2584]},"Q5s":{"weight":0.0,"played":[0.0,1.0],"evs":[0.0,1.16774]},"Q6s":{"weight":0.0,"played":[0.0,1.0],"evs":[0.0,1.07842]},"Q7s":{"weight":0.0,"played":[0.0,1.0],"evs":[0.0,1.0192]},"Q8s":{"weight":0.0,"played":[0.0,1.0],"evs":[0.0,1.11678]},"Q9s":{"weight":0.0,"played":[0.0,1.0],"evs":[0.0,1.90407]},"QTs":{"weight":0.0,"played":[0.0,1.0],"evs":[0.0,2.12604]},"QJs":{"weight":0.0,"played":[0.0,1.0],"evs":[0.0,2.57704]},"QQ":{"weight":0.3364,"played":[0.0,1.0],"evs":[0.0,8.00266]},"KQo":{"weight":0.0,"played":[0.0,1.0],"evs":[0.0,1.4491]},"AQo":{"weight":0.7511,"played":[0.0,1.0],"evs":[0.0,2.13017]},"K2s":{"weight":0.0,"played":[0.0,1.0],"evs":[0.0,0.74542]},"K3s":{"weight":0.0,"played":[0.0,1.0],"evs":[0.0,1.08091]},"K4s":{"weight":0.0,"played":[1.0E-4,0.9999],"evs":[0.0,1.24295]},"K5s":{"weight":0.0,"played":[0.0,1.0],"evs":[0.0,1.1409]},"K6s":{"weight":0.0,"played":[0.0,1.0],"evs":[0.0,1.24057]},"K7s":{"weight":0.0,"played":[0.0,1.0],"evs":[0.0,1.5438]},"K8s":{"weight":0.0,"played":[0.0,1.0],"evs":[0.0,1.00784]},"K9s":{"weight":0.0,"played":[0.0,1.0],"evs":[0.0,1.62601]},"KTs":{"weight":0.0,"played":[0.0,1.0],"evs":[0.0,2.09891]},"KJs":{"weight":0.0,"played":[0.0,1.0],"evs":[0.0,2.55844]},"KQs":{"weight":0.0,"played":[0.0,1.0],"evs":[0.0,2.3381]},"KK":{"weight":0.7079,"played":[0.0,1.0],"evs":[0.0,10.24267]},"AKo":{"weight":0.6334,"played":[0.0,1.0],"evs":[0.0,3.69248]},"A2s":{"weight":0.0,"played":[0.0,1.0],"evs":[0.0,1.11628]},"A3s":{"weight":0.0,"played":[0.0,1.0],"evs":[0.0,0.97558]},"A4s":{"weight":0.0,"played":[0.0,1.0],"evs":[0.0,1.10737]},"A5s":{"weight":0.0,"played":[0.0,1.0],"evs":[0.0,1.01928]},"A6s":{"weight":0.0,"played":[0.0,1.0],"evs":[0.0,0.92711]},"A7s":{"weight":0.0,"played":[0.0,1.0],"evs":[0.0,0.60148]},"A8s":{"weight":0.0,"played":[0.0,1.0],"evs":[0.0,1.09957]},"A9s":{"weight":0.0,"played":[0.0,1.0],"evs":[0.0,1.42332]},"ATs":{"weight":0.6081,"played":[0.0,1.0],"evs":[0.0,1.85518]},"AJs":{"weight":0.0177,"played":[0.0,1.0],"evs":[0.0,2.0569]},"AQs":{"weight":0.919,"played":[0.0,1.0],"evs":[0.0,2.8348]},"AKs":{"weight":0.4466,"played":[0.0,1.0],"evs":[0.0,4.60908]},"AA":{"weight":0.6626,"played":[0.0,1.0],"evs":[0.0,12.9849]}}}