{"player":1,"street":0,"children":2,"sequence":[{"player":0,"type":"R","amount":26350000,"street":0},{"player":1,"type":"C","amount":26350000,"street":0},{"player":2,"type":"F","amount":0,"street":0},{"player":3,"type":"C","amount":4130000,"street":0},{"player":4,"type":"F","amount":0,"street":0},{"player":5,"type":"C","amount":14516800,"street":0},{"player":6,"type":"R","amount":41950000,"street":0}],"actions":[{"type":"F","amount":0},{"type":"C","amount":15600000}],"hands":{"22":{"weight":0.0,"played":[2.0E-4,0.9998],"evs":[0.0,3.1869]},"32o":{"weight":0.0,"played":[2.0E-4,0.9998],"evs":[0.0,1.02361]},"42o":{"weight":0.0,"played":[0.0079,0.9921],"evs":[0.0,1.38512]},"52o":{"weight":0.0,"played":[0.0236,0.9764],"evs":[0.0,1.24739]},"62o":{"weight":0.0,"played":[0.0061,0.9939],"evs":[0.0,1.24891]},"72o":{"weight":0.0,"played":[1.0E-4,0.9999],"evs":[0.0,0.62463]},"82o":{"weight":0.0,"played":[5.0E-4,0.9995],"evs":[0.0,1.28408]},"92o":{"weight":0.0,"played":[4.0E-4,0.9996],"evs":[0.0,1.08871]},"T2o":{"weight":0.0,"played":[2.0E-4,0.9998],"evs":[0.0,0.9529]},"J2o":{"weight":0.0,"played":[0.0,1.0],"evs":[0.0,1.13777]},"Q2o":{"weight":0.0,"played":[0.0,1.0],"evs":[0.0,1.57481]},"K2o":{"weight":0.0,"played":[5.0E-4,0.9995],"evs":[0.0,0.82158]},"A2o":{"weight":0.0,"played":[6.0E-4,0.9994],"evs":[0.0,1.77047]},"32s":{"weight":0.0,"played":[0.0129,0.9871],"evs":[0.0,2.36004]},"33":{"weight":0.0,"played":[1.0E-4,0.9999],"evs":[0.0,3.5171]},"43o":{"weight":0.0,"played":[0.0041,0.9959],"evs":[0.0,1.51775]},"53o":{"weight":0.0,"played":[0.002,0.998],"evs":[0.0,1.66582]},"63o":{"weight":0.0,"played":[4.0E-4,0.9996],"evs":[0.0,1.92825]},"73o":{"weight":0.0,"played":[0.0,1.0],"evs":[0.0,1.53065]},"83o":{"weight":0.0,"played":[2.0E-4,0.9998],"evs":[0.0,0.86609]},"93o":{"weight":0.0,"played":[0.0018,0.9982],"evs":[0.0,1.18128]},"T3o":{"weight":0.0,"played":[7.0E-4,0.9993],"evs":[0.0,0.71811]},"J3o":{"weight":0.0,"played":[0.0023,0.9977],"evs":[0.0,2.29457]},"Q3o":{"weight":0.0,"played":[2.0E-4,0.9998],"evs":[0.0,0.89564]},"K3o":{"weight":0.0,"played":[2.0E-4,0.9998],"evs":[0.0,0.98175]},"A3o":{"weight":0.0,"played":[0.0,1.0],"evs":[0.0,2.32085]},"42s":{"weight":0.0,"played":[0.0012,0.9988],"evs":[0.0,1.74136]},"43s":{"weight":0.0,"played":[0.0021,0.9979],"evs":[0.0,2.56336]},"44":{"weight":0.0,"played":[6.0E-4,0.9994],"evs":[0.0,3.16646]},"54o":{"weight":0.0,"played":[2.0E-4,0.9998],"evs":[0.0,2.81854]},"64o":{"weight":0.0,"played":[5.0E-4,0.9995],"evs":[0.0,2.1368]},"74o":{"weight":0.0,"played":[0.0012,0.9988],"evs":[0.0,1.63494]},"84o":{"weight":0.0,"played":[2.0E-4,0.9998],"evs":[0.0,1.47085]},"94o":{"weight":0.0,"played":[4.0E-4,0.9996],"evs":[0.0,0.66421]},"T4o":{"weight":0.0,"played":[5.0E-4,0.9995],"evs":[0.0,1.2164]},"J4o":{"weight":0.0,"played":[5.0E-4,0.9995],"evs":[0.0,1.50653]},"Q4o":{"weight":0.0,"played":[0.0018,0.9982],"evs":[0.0,1.51424]},"K4o":{"weight":0.0,"played":[0.0,1.0],"evs":[0.0,1.84209]},"A4o":{"weight":0.0,"played":[1.0E-4,0.9999],"evs":[0.0,2.55288]},"52s":{"weight":0.0,"played":[3.0E-4,0.9997],"evs":[0.0,2.87336]},"53s":{"weight":0.0,"played":[0.0016,0.9984],"evs":[0.0,1.90461]},"54s":{"weight":0.0,"played":[8.0E-4,0.9992],"evs":[0.0,4.37429]},"55":{"weight":0.0,"played":[0.0,1.0],"evs":[0.0,3.58326]},"65o":{"weight":0.0,"played":[3.0E-4,0.9997],"evs":[0.0,2.60312]},"75o":{"weight":0.0,"played":[0.0,1.0],"evs":[0.0,1.94664]},"85o":{"weight":0.0,"played":[0.0,1.0],"evs":[0.0,2.15305]},"95o":{"weight":0.0,"played":[0.0011,0.9989],"evs":[0.0,0.92308]},"T5o":{"weight":0.0,"played":[3.0E-4,0.9997],"evs":[0.0,1.27165]},"J5o":{"weight":0.0,"played":[7.0E-4,0.9993],"evs":[0.0,1.86952]},"Q5o":{"weight":0.0,"played":[0.0,1.0],"evs":[0.0,1.38194]},"K5o":{"weight":0.0,"played":[4.0E-4,0.9996],"evs":[0.0,2.12902]},"A5o":{"weight":0.0,"played":[0.0,1.0],"evs":[0.0,2.31224]},"62s":{"weight":0.0,"played":[0.0015,0.9985],"evs":[0.0,2.97726]},"63s":{"weight":0.0,"played":[0.0018,0.9982],"evs":[0.0,2.82928]},"64s":{"weight":0.0,"played":[1.0E-4,0.9999],"evs":[0.0,2.45287]},"65s":{"weight":0.0,"played":[7.0E-4,0.9993],"evs":[0.0,3.44075]},"66":{"weight":0.0,"played":[2.0E-4,0.9998],"evs":[0.0,4.74949]},"76o":{"weight":0.0,"played":[1.0E-4,0.9999],"evs":[0.0,2.48162]},"86o":{"weight":0.0,"played":[1.0E-4,0.9999],"evs":[0.0,2.57035]},"96o":{"weight":0.0,"played":[0.0,1.0],"evs":[0.0,2.15915]},"T6o":{"weight":0.0,"played":[0.0,1.0],"evs":[0.0,1.50758]},"J6o":{"weight":0.0,"played":[0.0,1.0],"evs":[0.0,2.43758]},"Q6o":{"weight":0.0,"played":[0.0,1.0],"evs":[0.0,2.32065]},"K6o":{"weight":0.0,"played":[0.0011,0.9989],"evs":[0.0,3.08696]},"A6o":{"weight":0.0,"played":[7.0E-4,0.9993],"evs":[0.0,2.29477]},"72s":{"weight":0.0,"played":[0.0025,0.9975],"evs":[0.0,1.89334]},"73s":{"weight":0.0,"played":[0.0011,0.9989],"evs":[0.0,2.48014]},"74s":{"weight":0.0,"played":[4.0E-4,0.9996],"evs":[0.0,3.0616]},"75s":{"weight":0.0,"played":[4.0E-4,0.9996],"evs":[0.0,4.71102]},"76s":{"weight":0.0,"played":[0.0019,0.9981],"evs":[0.0,2.70986]},"77":{"weight":0.4663,"played":[0.0,1.0],"evs":[0.0,4.35152]},"87o":{"weight":0.0,"played":[2.0E-4,0.9998],"evs":[0.0,2.38154]},"97o":{"weight":0.0,"played":[6.0E-4,0.9994],"evs":[0.0,2.53524]},"T7o":{"weight":0.0,"played":[0.0023,0.9977],"evs":[0.0,2.85832]},"J7o":{"weight":0.0,"played":[0.0,1.0],"evs":[0.0,2.03218]},"Q7o":{"weight":0.0,"played":[0.0,1.0],"evs":[0.0,1.48823]},"K7o":{"weight":0.0,"played":[4.0E-4,0.9996],"evs":[0.0,2.65571]},"A7o":{"weight":0.0,"played":[1.0E-4,0.9999],"evs":[0.0,1.94417]},"82s":{"weight":0.0,"played":[0.0015,0.9985],"evs":[0.0,2.30889]},"83s":{"weight":0.0,"played":[1.0E-4,0.9999],"evs":[0.0,2.11596]},"84s":{"weight":0.0,"played":[2.0E-4,0.9998],"evs":[0.0,2.70078]},"85s":{"weight":0.0,"played":[0.0014,0.9986],"evs":[0.0,4.31439]},"86s":{"weight":0.0,"played":[6.0E-4,0.9994],"evs":[0.0,3.30549]},"87s":{"weight":0.0,"played":[1.0E-4,0.9999],"evs":[0.0,3.41621]},"88":{"weight":0.8809,"played":[0.0,1.0],"evs":[0.0,4.67081]},"98o":{"weight":0.0,"played":[0.0,1.0],"evs":[0.0,2.36225]},"T8o":{"weight":0.0,"played":[0.0,1.0],"evs":[0.0,2.4587]},"J8o":{"weight":0.0,"played":[0.0,1.0],"evs":[0.0,2.69013]},"Q8o":{"weight":0.0,"played":[3.0E-4,0.9997],"evs":[0.0,2.16986]},"K8o":{"weight":0.0,"played":[1.0E-4,0.9999],"evs":[0.0,2.64892]},"A8o":{"weight":0.0,"played":[0.0,1.0],"evs":[0.0,1.97225]},"92s":{"weight":0.0,"played":[0.0018,0.9982],"evs":[0.0,1.81105]},"93s":{"weight":0.0,"played":[0.0089,0.9911],"evs":[0.0,2.96619]},"94s":{"weight":0.0,"played":[3.0E-4,0.9997],"evs":[0.0,2.53543]},"95s":{"weight":0.0,"played":[0.0135,0.9865],"evs":[0.0,2.7791]},"96s":{"weight":0.0,"played":[8.0E-4,0.9992],"evs":[0.0,4.11727]},"97s":{"weight":0.0,"played":[2.0E-4,0.9998],"evs":[0.0,3.2881]},"98s":{"weight":0.0,"played":[0.0,1.0],"evs":[0.0,2.64516]},"99":{"weight":0.5309,"played":[0.0,1.0],"evs":[0.0,5.80161]},"T9o":{"weight":0.0,"played":[2.0E-4,0.9998],"evs":[0.0,2.83065]},"J9o":{"weight":0.0,"played":[0.0,1.0],"evs":[0.0,2.9109]},"Q9o":{"weight":0.0,"played":[0.0,1.0],"evs":[0.0,2.69185]},"K9o":{"weight":0.0,"played":[0.0,1.0],"evs":[0.0,2.75835]},"A9o":{"weight":0.0,"played":[0.0,1.0],"evs":[0.0,2.68515]},"T2s":{"weight":0.0,"played":[0.0,1.0],"evs":[0.0,2.66409]},"T3s":{"weight":0.0,"played":[2.0E-4,0.9998],"evs":[0.0,3.03282]},"T4s":{"weight":0.0,"played":[5.0E-4,0.9995],"evs":[0.0,3.00787]},"T5s":{"weight":0.0,"played":[7.0E-4,0.9993],"evs":[0.0,1.98518]},"T6s":{"weight":0.0,"played":[0.0036,0.9964],"evs":[0.0,2.45459]},"T7s":{"weight":0.0,"played":[3.0E-4,0.9997],"evs":[0.0,3.82436]},"T8s":{"weight":0.0,"played":[2.0E-4,0.9998],"evs":[0.0,3.27979]},"T9s":{"weight":0.0,"played":[0.0,1.0],"evs":[0.0,4.12475]},"TT":{"weight":0.6578,"played":[0.0,1.0],"evs":[0.0,6.63909]},"JTo":{"weight":0.0,"played":[1.0E-4,0.9999],"evs":[0.0,3.18007]},"QTo":{"weight":0.0,"played":[2.0E-4,0.9998],"evs":[0.0,2.71078]},"KTo":{"weight":0.0,"played":[1.0E-4,0.9999],"evs":[0.0,2.36365]},"ATo":{"weight":0.668,"played":[0.0,1.0],"evs":[0.0,3.18673]},"J2s":{"weight":0.0,"played":[0.0024,0.9976],"evs":[0.0,2.87896]},"J3s":{"weight":0.0,"played":[0.0013,0.9987],"evs":[0.0,2.80696]},"J4s":{"weight":0.0,"played":[2.0E-4,0.9998],"evs":[0.0,3.08892]},"J5s":{"weight":0.0,"played":[0.0038,0.9962],"evs":[0.0,2.95788]},"J6s":{"weight":0.0,"played":[6.0E-4,0.9994],"evs":[0.0,2.83614]},"J7s":{"weight":0.0,"played":[1.0E-4,0.9999],"evs":[0.0,3.46494]},"J8s":{"weight":0.0,"played":[0.0,1.0],"evs":[0.0,3.06194]},"J9s":{"weight":0.0,"played":[0.0019,0.9981],"evs":[0.0,2.13001]},"JTs":{"weight":0.0,"played":[0.0011,0.9989],"evs":[0.0,3.77292]},"JJ":{"weight":0.8508,"played":[0.0,1.0],"evs":[0.0,8.3572]},"QJo":{"weight":0.0,"played":[0.0,1.0],"evs":[0.0,3.08629]},"KJo":{"weight":0.0,"played":[0.0,1.0],"evs":[0.0,3.14958]},"AJo":{"weight":0.6807,"played":[0.0,1.0],"evs":[0.0,3.35966]},"Q2s":{"weight":0.0,"played":[7.0E-4,0.9993],"evs":[0.0,3.17093]},"Q3s":{"weight":0.0,"played":[6.0E-4,0.9994],"evs":[0.0,1.59731]},"Q4s":{"weight":0.0,"played":[9.0E-4,0.9991],"evs":[0.0,1.79911]},"Q5s":{"weight":0.0,"played":[0.0,1.0],"evs":[0.0,2.58381]},"Q6s":{"weight":0.0,"played":[0.0064,0.9936],"evs":[0.0,2.7374]},"Q7s":{"weight":0.0,"played":[3.0E-4,0.9997],"evs":[0.0,3.29367]},"Q8s":{"weight":0.0,"played":[6.0E-4,0.9994],"evs":[0.0,3.81232]},"Q9s":{"weight":0.0,"played":[9.0E-4,0.9991],"evs":[0.0,3.74199]},"QTs":{"weight":0.0,"played":[8.0E-4,0.9992],"evs":[0.0,4.20918]},"QJs":{"weight":0.0,"played":[3.0E-4,0.9997],"evs":[0.0,4.13837]},"QQ":{"weight":0.3364,"played":[0.0,1.0],"evs":[0.0,9.56808]},"KQo":{"weight":0.0,"played":[1.0E-4,0.9999],"evs":[0.0,2.38669]},"AQo":{"weight":0.7511,"played":[0.0,1.0],"evs":[0.0,3.89399]},"K2s":{"weight":0.0,"played":[0.0044,0.9956],"evs":[0.0,1.62013]},"K3s":{"weight":0.0,"played":[4.0E-4,0.9996],"evs":[0.0,3.28916]},"K4s":{"weight":0.0,"played":[3.0E-4,0.9997],"evs":[0.0,2.87957]},"K5s":{"weight":0.0,"played":[0.0,1.0],"evs":[0.0,2.46678]},"K6s":{"weight":0.0,"played":[0.0,1.0],"evs":[0.0,2.24211]},"K7s":{"weight":0.0,"played":[1.0E-4,0.9999],"evs":[0.0,4.69649]},"K8s":{"weight":0.0,"played":[0.0,1.0],"evs":[0.0,2.43146]},"K9s":{"weight":0.0,"played":[3.0E-4,0.9997],"evs":[0.0,3.89165]},"KTs":{"weight":0.0,"played":[9.0E-4,0.9991],"evs":[0.0,3.10288]},"KJs":{"weight":0.0,"played":[7.0E-4,0.9993],"evs":[0.0,3.09426]},"KQs":{"weight":0.0,"played":[0.0,1.0],"evs":[0.0,3.69265]},"KK":{"weight":0.7079,"played":[0.0,1.0],"evs":[0.0,11.12805]},"AKo":{"weight":0.6334,"played":[0.0,1.0],"evs":[0.0,4.54619]},"A2s":{"weight":0.0,"played":[7.0E-4,0.9993],"evs":[0.0,3.27502]},"A3s":{"weight":0.0,"played":[1.0E-4,0.9999],"evs":[0.0,2.74657]},"A4s":{"weight":0.0,"played":[0.0087,0.9913],"evs":[0.0,2.10981]},"A5s":{"weight":0.0,"played":[0.0,1.0],"evs":[0.0,3.0597]},"A6s":{"weight":0.0,"played":[0.0015,0.9985],"evs":[0.0,3.41286]},"A7s":{"weight":0.0,"played":[0.0,1.0],"evs":[0.0,4.35895]},"A8s":{"weight":0.0,"played":[0.001,0.999],"evs":[0.0,3.17996]},"A9s":{"weight":0.0,"played":[1.0E-4,0.9999],"evs":[0.0,3.68271]},"ATs":{"weight":0.6081,"played":[8.0E-4,0.9992],"evs":[0.0,3.83528]},"AJs":{"weight":0.0177,"played":[0.0,1.0],"evs":[0.0,3.55301]},"AQs":{"weight":0.919,"played":[0.0,1.0],"evs":[0.0,5.86297]},"AKs":{"weight":0.4466,"played":[0.0,1.0],"evs":[0.0,7.36458]},"AA":{"weight":0.6626,"played":[0.0,1.0],"evs":[0.0,13.75635]}}}