{"player":1,"street":0,"children":2,"sequence":[{"player":0,"type":"R","amount":26350000,"street":0},{"player":1,"type":"C","amount":26350000,"street":0},{"player":2,"type":"F","amount":0,"street":0},{"player":3,"type":"C","amount":4130000,"street":0},{"player":4,"type":"R","amount":61485900,"street":0},{"player":5,"type":"F","amount":0,"street":0},{"player":6,"type":"F","amount":0,"street":0}],"actions":[{"type":"F","amount":0},{"type":"C","amount":15600000}],"hands":{"22":{"weight":0.0,"played":[0.0,1.0],"evs":[0.0,1.23913]},"32o":{"weight":0.0,"played":[0.9898,0.0102],"evs":[0.0,-0.40784]},"42o":{"weight":0.0,"played":[0.9918,0.0082],"evs":[0.0,-0.25922]},"52o":{"weight":0.0,"played":[0.9869,0.0131],"evs":[0.0,-0.18412]},"62o":{"weight":0.0,"played":[0.9981,0.0019],"evs":[0.0,-0.49623]},"72o":{"weight":0.0,"played":[0.9995,5.0E-4],"evs":[0.0,-0.86472]},"82o":{"weight":0.0,"played":[0.9993,7.0E-4],"evs":[0.0,-1.04117]},"92o":{"weight":0.0,"played":[0.9967,0.0033],"evs":[0.0,-0.82259]},"T2o":{"weight":0.0,"played":[0.9953,0.0047],"evs":[0.0,-0.55233]},"J2o":{"weight":0.0,"played":[0.9991,9.0E-4],"evs":[0.0,-0.41314]},"Q2o":{"weight":0.0,"played":[0.8988,0.1012],"evs":[0.0,-0.15143]},"K2o":{"weight":0.0,"played":[0.9492,0.0508],"evs":[0.0,-0.31701]},"A2o":{"weight":0.0,"played":[0.7048,0.2952],"evs":[0.0,-0.03624]},"32s":{"weight":0.0,"played":[0.0,1.0],"evs":[0.0,0.48317]},"33":{"weight":0.0,"played":[0.0,1.0],"evs":[0.0,1.15212]},"43o":{"weight":0.0,"played":[0.0,1.0],"evs":[0.0,0.08454]},"53o":{"weight":0.0,"played":[0.0,1.0],"evs":[0.0,0.28882]},"63o":{"weight":0.0,"played":[0.6628,0.3372],"evs":[0.0,-0.06747]},"73o":{"weight":0.0,"played":[0.995,0.005],"evs":[0.0,-0.43332]},"83o":{"weight":0.0,"played":[0.9941,0.0059],"evs":[0.0,-0.86451]},"93o":{"weight":0.0,"played":[0.9981,0.0019],"evs":[0.0,-0.5824]},"T3o":{"weight":0.0,"played":[0.9919,0.0081],"evs":[0.0,-0.49897]},"J3o":{"weight":0.0,"played":[0.9802,0.0198],"evs":[0.0,-0.2418]},"Q3o":{"weight":0.0,"played":[0.2134,0.7866],"evs":[0.0,0.0415]},"K3o":{"weight":0.0,"played":[0.9631,0.0369],"evs":[0.0,-0.22556]},"A3o":{"weight":0.0,"played":[0.0223,0.9777],"evs":[0.0,0.02461]},"42s":{"weight":0.0,"played":[0.0,1.0],"evs":[0.0,0.45651]},"43s":{"weight":0.0,"played":[0.0,1.0],"evs":[0.0,0.92519]},"44":{"weight":0.0,"played":[0.0,1.0],"evs":[0.0,1.33678]},"54o":{"weight":0.0,"played":[0.0,1.0],"evs":[0.0,0.85966]},"64o":{"weight":0.0,"played":[0.0,1.0],"evs":[0.0,0.36057]},"74o":{"weight":0.0,"played":[0.5903,0.4097],"evs":[0.0,-0.10006]},"84o":{"weight":0.0,"played":[0.9923,0.0077],"evs":[0.0,-0.46288]},"94o":{"weight":0.0,"played":[0.9923,0.0077],"evs":[0.0,-0.59309]},"T4o":{"weight":0.0,"played":[0.9812,0.0188],"evs":[0.0,-0.38083]},"J4o":{"weight":0.0,"played":[0.795,0.205],"evs":[0.0,-0.10071]},"Q4o":{"weight":0.0,"played":[0.2418,0.7582],"evs":[0.0,0.00834]},"K4o":{"weight":0.0,"played":[0.9846,0.0154],"evs":[0.0,-0.08264]},"A4o":{"weight":0.0,"played":[0.0,1.0],"evs":[0.0,0.24609]},"52s":{"weight":0.0,"played":[0.0,1.0],"evs":[0.0,0.48491]},"53s":{"weight":0.0,"played":[0.0,1.0],"evs":[0.0,1.39025]},"54s":{"weight":0.0,"played":[0.0,1.0],"evs":[0.0,1.5438]},"55":{"weight":0.0,"played":[0.0,1.0],"evs":[0.0,1.61888]},"65o":{"weight":0.0,"played":[0.0,1.0],"evs":[0.0,0.64352]},"75o":{"weight":0.0,"played":[0.0153,0.9847],"evs":[0.0,0.3214]},"85o":{"weight":0.0,"played":[0.9616,0.0384],"evs":[0.0,-0.22536]},"95o":{"weight":0.0,"played":[0.9908,0.0092],"evs":[0.0,-0.33625]},"T5o":{"weight":0.0,"played":[0.9867,0.0133],"evs":[0.0,-0.38137]},"J5o":{"weight":0.0,"played":[0.7661,0.2339],"evs":[0.0,-0.05952]},"Q5o":{"weight":0.0,"played":[0.2601,0.7399],"evs":[0.0,0.08757]},"K5o":{"weight":0.0,"played":[0.7148,0.2852],"evs":[0.0,0.00863]},"A5o":{"weight":0.0,"played":[0.0,1.0],"evs":[0.0,0.32518]},"62s":{"weight":0.0,"played":[0.007,0.993],"evs":[0.0,0.16311]},"63s":{"weight":0.0,"played":[0.0,1.0],"evs":[0.0,0.60766]},"64s":{"weight":0.0,"played":[5.0E-4,0.9995],"evs":[0.0,1.17807]},"65s":{"weight":0.0,"played":[0.0,1.0],"evs":[0.0,1.43039]},"66":{"weight":0.0,"played":[0.0,1.0],"evs":[0.0,1.44506]},"76o":{"weight":0.0,"played":[0.0,1.0],"evs":[0.0,0.45605]},"86o":{"weight":0.0,"played":[0.0,1.0],"evs":[0.0,0.10927]},"96o":{"weight":0.0,"played":[0.5728,0.4272],"evs":[0.0,-0.09695]},"T6o":{"weight":0.0,"played":[0.401,0.599],"evs":[0.0,-0.02658]},"J6o":{"weight":0.0,"played":[0.1321,0.8679],"evs":[0.0,0.05013]},"Q6o":{"weight":0.0,"played":[0.0,1.0],"evs":[0.0,0.22482]},"K6o":{"weight":0.0,"played":[0.5981,0.4019],"evs":[0.0,0.07201]},"A6o":{"weight":0.0,"played":[0.8296,0.1704],"evs":[0.0,-0.2302]},"72s":{"weight":0.0,"played":[0.1459,0.8541],"evs":[0.0,0.18429]},"73s":{"weight":0.0,"played":[0.0,1.0],"evs":[0.0,0.66468]},"74s":{"weight":0.0,"played":[0.0,1.0],"evs":[0.0,0.83191]},"75s":{"weight":0.0,"played":[0.0,1.0],"evs":[0.0,1.37825]},"76s":{"weight":0.0,"played":[0.0,1.0],"evs":[0.0,1.43533]},"77":{"weight":0.4663,"played":[0.0,1.0],"evs":[0.0,1.31256]},"87o":{"weight":0.0,"played":[0.0,1.0],"evs":[0.0,0.3102]},"97o":{"weight":0.0,"played":[0.0238,0.9762],"evs":[0.0,0.16494]},"T7o":{"weight":0.0,"played":[0.1348,0.8652],"evs":[0.0,0.05558]},"J7o":{"weight":0.0,"played":[0.0051,0.9949],"evs":[0.0,0.23691]},"Q7o":{"weight":0.0,"played":[0.1827,0.8173],"evs":[0.0,0.12444]},"K7o":{"weight":0.0,"played":[0.0517,0.9483],"evs":[0.0,0.06448]},"A7o":{"weight":0.0,"played":[0.9755,0.0245],"evs":[0.0,-0.13429]},"82s":{"weight":0.0,"played":[0.5856,0.4144],"evs":[0.0,0.07105]},"83s":{"weight":0.0,"played":[0.3909,0.6091],"evs":[0.0,-0.01139]},"84s":{"weight":0.0,"played":[0.0,1.0],"evs":[0.0,0.53076]},"85s":{"weight":0.0,"played":[0.0132,0.9868],"evs":[0.0,0.69894]},"86s":{"weight":0.0,"played":[0.0,1.0],"evs":[0.0,1.21253]},"87s":{"weight":0.0,"played":[0.0,1.0],"evs":[0.0,1.17181]},"88":{"weight":0.8809,"played":[0.0,1.0],"evs":[0.0,1.95847]},"98o":{"weight":0.0,"played":[0.0215,0.9785],"evs":[0.0,0.35121]},"T8o":{"weight":0.0,"played":[0.0,1.0],"evs":[0.0,0.10111]},"J8o":{"weight":0.0,"played":[0.0,1.0],"evs":[0.0,0.18824]},"Q8o":{"weight":0.0,"played":[0.0,1.0],"evs":[0.0,0.19449]},"K8o":{"weight":0.0,"played":[0.923,0.077],"evs":[0.0,-0.13433]},"A8o":{"weight":0.0,"played":[0.5914,0.4086],"evs":[0.0,-0.17916]},"92s":{"weight":0.0,"played":[0.2495,0.7505],"evs":[0.0,0.02974]},"93s":{"weight":0.0,"played":[0.077,0.923],"evs":[0.0,0.37421]},"94s":{"weight":0.0,"played":[0.0144,0.9856],"evs":[0.0,0.30383]},"95s":{"weight":0.0,"played":[0.0017,0.9983],"evs":[0.0,0.66528]},"96s":{"weight":0.0,"played":[0.0,1.0],"evs":[0.0,1.16876]},"97s":{"weight":0.0,"played":[0.0,1.0],"evs":[0.0,1.11365]},"98s":{"weight":0.0,"played":[0.0,1.0],"evs":[0.0,1.09881]},"99":{"weight":0.5309,"played":[0.0,1.0],"evs":[0.0,3.02359]},"T9o":{"weight":0.0,"played":[0.0,1.0],"evs":[0.0,0.69861]},"J9o":{"weight":0.0,"played":[0.0,1.0],"evs":[0.0,0.6456]},"Q9o":{"weight":0.0,"played":[0.0,1.0],"evs":[0.0,0.67213]},"K9o":{"weight":0.0,"played":[0.0,1.0],"evs":[0.0,0.33369]},"A9o":{"weight":0.0,"played":[0.35,0.65],"evs":[0.0,0.02429]},"T2s":{"weight":0.0,"played":[0.0023,0.9977],"evs":[0.0,0.65925]},"T3s":{"weight":0.0,"played":[1.0E-4,0.9999],"evs":[0.0,0.50566]},"T4s":{"weight":0.0,"played":[0.0,1.0],"evs":[0.0,0.44376]},"T5s":{"weight":0.0,"played":[6.0E-4,0.9994],"evs":[0.0,0.6001]},"T6s":{"weight":0.0,"played":[0.0,1.0],"evs":[0.0,0.78146]},"T7s":{"weight":0.0,"played":[0.0,1.0],"evs":[0.0,1.112]},"T8s":{"weight":0.0,"played":[0.0,1.0],"evs":[0.0,1.35031]},"T9s":{"weight":0.0,"played":[0.0,1.0],"evs":[0.0,1.49304]},"TT":{"weight":0.6578,"played":[0.0,1.0],"evs":[0.0,4.55018]},"JTo":{"weight":0.0,"played":[0.0,1.0],"evs":[0.0,1.08447]},"QTo":{"weight":0.0,"played":[0.0,1.0],"evs":[0.0,1.13427]},"KTo":{"weight":0.0,"played":[0.0,1.0],"evs":[0.0,0.7928]},"ATo":{"weight":0.668,"played":[0.0,1.0],"evs":[0.0,0.66062]},"J2s":{"weight":0.0,"played":[0.0,1.0],"evs":[0.0,0.78207]},"J3s":{"weight":0.0,"played":[0.0,1.0],"evs":[0.0,0.58752]},"J4s":{"weight":0.0,"played":[0.0,1.0],"evs":[0.0,0.83933]},"J5s":{"weight":0.0,"played":[0.0,1.0],"evs":[0.0,1.19794]},"J6s":{"weight":0.0,"played":[6.0E-4,0.9994],"evs":[0.0,0.82151]},"J7s":{"weight":0.0,"played":[2.0E-4,0.9998],"evs":[0.0,1.38173]},"J8s":{"weight":0.0,"played":[0.0,1.0],"evs":[0.0,1.17282]},"J9s":{"weight":0.0,"played":[0.0,1.0],"evs":[0.0,1.69257]},"JTs":{"weight":0.0,"played":[0.0,1.0],"evs":[0.0,1.96878]},"JJ":{"weight":0.8508,"played":[0.0,1.0],"evs":[0.0,6.24619]},"QJo":{"weight":0.0,"played":[0.0,1.0],"evs":[0.0,1.57915]},"KJo":{"weight":0.0,"played":[0.0,1.0],"evs":[0.0,1.09833]},"AJo":{"weight":0.6807,"played":[0.0,1.0],"evs":[0.0,1.16789]},"Q2s":{"weight":0.0,"played":[0.0015,0.9985],"evs":[0.0,0.97572]},"Q3s":{"weight":0.0,"played":[0.0,1.0],"evs":[0.0,1.1257]},"Q4s":{"weight":0.0,"played":[0.0026,0.9974],"evs":[0.0,0.97536]},"Q5s":{"weight":0.0,"played":[0.0,1.0],"evs":[0.0,0.88468]},"Q6s":{"weight":0.0,"played":[0.0,1.0],"evs":[0.0,1.11502]},"Q7s":{"weight":0.0,"played":[0.0,1.0],"evs":[0.0,0.79538]},"Q8s":{"weight":0.0,"played":[0.0,1.0],"evs":[0.0,0.93937]},"Q9s":{"weight":0.0,"played":[0.0,1.0],"evs":[0.0,1.2959]},"QTs":{"weight":0.0,"played":[0.0,1.0],"evs":[0.0,2.34513]},"QJs":{"weight":0.0,"played":[0.0,1.0],"evs":[0.0,2.06384]},"QQ":{"weight":0.3364,"played":[0.0,1.0],"evs":[0.0,8.1014]},"KQo":{"weight":0.0,"played":[0.0,1.0],"evs":[0.0,1.3881]},"AQo":{"weight":0.7511,"played":[0.0,1.0],"evs":[0.0,1.78408]},"K2s":{"weight":0.0,"played":[1.0E-4,0.9999],"evs":[0.0,0.40473]},"K3s":{"weight":0.0,"played":[0.0,1.0],"evs":[0.0,0.64831]},"K4s":{"weight":0.0,"played":[0.0,1.0],"evs":[0.0,0.86627]},"K5s":{"weight":0.0,"played":[0.0,1.0],"evs":[0.0,0.92989]},"K6s":{"weight":0.0,"played":[0.0,1.0],"evs":[0.0,0.92295]},"K7s":{"weight":0.0,"played":[0.0,1.0],"evs":[0.0,0.97557]},"K8s":{"weight":0.0,"played":[8.0E-4,0.9992],"evs":[0.0,0.46957]},"K9s":{"weight":0.0,"played":[0.0,1.0],"evs":[0.0,0.97398]},"KTs":{"weight":0.0,"played":[0.0,1.0],"evs":[0.0,1.43742]},"KJs":{"weight":0.0,"played":[0.0,1.0],"evs":[0.0,2.08131]},"KQs":{"weight":0.0,"played":[0.0,1.0],"evs":[0.0,2.23734]},"KK":{"weight":0.7079,"played":[0.0,1.0],"evs":[0.0,9.94598]},"AKo":{"weight":0.6334,"played":[0.0,1.0],"evs":[0.0,3.16906]},"A2s":{"weight":0.0,"played":[0.001,0.999],"evs":[0.0,1.25181]},"A3s":{"weight":0.0,"played":[0.0,1.0],"evs":[0.0,1.18759]},"A4s":{"weight":0.0,"played":[0.0,1.0],"evs":[0.0,1.06101]},"A5s":{"weight":0.0,"played":[0.0,1.0],"evs":[0.0,1.27023]},"A6s":{"weight":0.0,"played":[0.0,1.0],"evs":[0.0,0.9623]},"A7s":{"weight":0.0,"played":[0.0,1.0],"evs":[0.0,0.8419]},"A8s":{"weight":0.0,"played":[0.0,1.0],"evs":[0.0,0.80027]},"A9s":{"weight":0.0,"played":[0.0,1.0],"evs":[0.0,0.6782]},"ATs":{"weight":0.6081,"played":[0.0,1.0],"evs":[0.0,1.94748]},"AJs":{"weight":0.0177,"played":[0.0,1.0],"evs":[0.0,1.97713]},"AQs":{"weight":0.919,"played":[0.0,1.0],"evs":[0.0,2.81267]},"AKs":{"weight":0.4466,"played":[0.0,1.0],"evs":[0.0,4.24244]},"AA":{"weight":0.6626,"played":[0.0,1.0],"evs":[0.0,12.93668]}}}