{"player":1,"street":0,"children":2,"sequence":[{"player":0,"type":"R","amount":26350000,"street":0},{"player":1,"type":"C","amount":26350000,"street":0},{"player":2,"type":"F","amount":0,"street":0},{"player":3,"type":"C","amount":4130000,"street":0},{"player":4,"type":"R","amount":61485900,"street":0},{"player":5,"type":"C","amount":14516800,"street":0},{"player":6,"type":"C","amount":56485900,"street":0}],"actions":[{"type":"F","amount":0},{"type":"C","amount":15600000}],"hands":{"22":{"weight":0.0,"played":[0.3363,0.6637],"evs":[0.0,-0.36271]},"32o":{"weight":0.0,"played":[0.9998,2.0E-4],"evs":[0.0,-0.99468]},"42o":{"weight":0.0,"played":[0.4571,0.5429],"evs":[0.0,-1.21618]},"52o":{"weight":0.0,"played":[0.875,0.125],"evs":[0.0,-1.72592]},"62o":{"weight":0.0,"played":[0.9548,0.0452],"evs":[0.0,0.3363]},"72o":{"weight":0.0,"played":[0.9446,0.0554],"evs":[0.0,-1.6172]},"82o":{"weight":0.0,"played":[0.8957,0.1043],"evs":[0.0,-1.5537]},"92o":{"weight":0.0,"played":[0.4603,0.5397],"evs":[0.0,-0.58458]},"T2o":{"weight":0.0,"played":[0.6496,0.3504],"evs":[0.0,-1.91048]},"J2o":{"weight":0.0,"played":[0.8861,0.1139],"evs":[0.0,-2.34242]},"Q2o":{"weight":0.0,"played":[0.9601,0.0399],"evs":[0.0,-2.55206]},"K2o":{"weight":0.0,"played":[0.8436,0.1564],"evs":[0.0,-1.02571]},"A2o":{"weight":0.0,"played":[0.6941,0.3059],"evs":[0.0,-1.11653]},"32s":{"weight":0.0,"played":[0.2049,0.7951],"evs":[0.0,2.19028]},"33":{"weight":0.0,"played":[0.4102,0.5898],"evs":[0.0,0.97333]},"43o":{"weight":0.0,"played":[0.3658,0.6342],"evs":[0.0,0.14176]},"53o":{"weight":0.0,"played":[0.0077,0.9923],"evs":[0.0,1.54258]},"63o":{"weight":0.0,"played":[0.9581,0.0419],"evs":[0.0,-2.07377]},"73o":{"weight":0.0,"played":[0.8339,0.1661],"evs":[0.0,-2.8525]},"83o":{"weight":0.0,"played":[0.8749,0.1251],"evs":[0.0,-1.06378]},"93o":{"weight":0.0,"played":[0.9715,0.0285],"evs":[0.0,-2.23305]},"T3o":{"weight":0.0,"played":[0.8676,0.1324],"evs":[0.0,-0.82238]},"J3o":{"weight":0.0,"played":[0.9821,0.0179],"evs":[0.0,-0.92423]},"Q3o":{"weight":0.0,"played":[0.5322,0.4678],"evs":[0.0,-0.29503]},"K3o":{"weight":0.0,"played":[0.9817,0.0183],"evs":[0.0,-1.70046]},"A3o":{"weight":0.0,"played":[0.7339,0.2661],"evs":[0.0,-0.67666]},"42s":{"weight":0.0,"played":[0.7552,0.2448],"evs":[0.0,-1.78281]},"43s":{"weight":0.0,"played":[0.3369,0.6631],"evs":[0.0,0.44639]},"44":{"weight":0.0,"played":[0.1215,0.8785],"evs":[0.0,4.12466]},"54o":{"weight":0.0,"played":[0.0407,0.9593],"evs":[0.0,1.05818]},"64o":{"weight":0.0,"played":[0.0498,0.9502],"evs":[0.0,0.01747]},"74o":{"weight":0.0,"played":[0.9192,0.0808],"evs":[0.0,-1.48585]},"84o":{"weight":0.0,"played":[0.5128,0.4872],"evs":[0.0,0.25545]},"94o":{"weight":0.0,"played":[0.9962,0.0038],"evs":[0.0,-3.35897]},"T4o":{"weight":0.0,"played":[0.6151,0.3849],"evs":[0.0,-0.65318]},"J4o":{"weight":0.0,"played":[0.9465,0.0535],"evs":[0.0,-1.84401]},"Q4o":{"weight":0.0,"played":[0.8814,0.1186],"evs":[0.0,-1.88532]},"K4o":{"weight":0.0,"played":[0.6639,0.3361],"evs":[0.0,-1.67154]},"A4o":{"weight":0.0,"played":[0.9362,0.0638],"evs":[0.0,-1.22166]},"52s":{"weight":0.0,"played":[0.0838,0.9162],"evs":[0.0,3.07235]},"53s":{"weight":0.0,"played":[0.652,0.348],"evs":[0.0,-0.18552]},"54s":{"weight":0.0,"played":[0.7016,0.2984],"evs":[0.0,-1.62865]},"55":{"weight":0.0,"played":[0.0426,0.9574],"evs":[0.0,-0.31796]},"65o":{"weight":0.0,"played":[0.6948,0.3052],"evs":[0.0,0.40629]},"75o":{"weight":0.0,"played":[0.8807,0.1193],"evs":[0.0,-0.51648]},"85o":{"weight":0.0,"played":[0.4222,0.5778],"evs":[0.0,-0.77676]},"95o":{"weight":0.0,"played":[0.5074,0.4926],"evs":[0.0,-0.53361]},"T5o":{"weight":0.0,"played":[0.7148,0.2852],"evs":[0.0,-1.55919]},"J5o":{"weight":0.0,"played":[1.0,0.0],"evs":[0.0,-0.21221]},"Q5o":{"weight":0.0,"played":[0.9647,0.0353],"evs":[0.0,-1.71446]},"K5o":{"weight":0.0,"played":[0.6188,0.3812],"evs":[0.0,-0.90913]},"A5o":{"weight":0.0,"played":[0.553,0.447],"evs":[0.0,0.42806]},"62s":{"weight":0.0,"played":[0.5721,0.4279],"evs":[0.0,-0.61825]},"63s":{"weight":0.0,"played":[0.0714,0.9286],"evs":[0.0,0.63059]},"64s":{"weight":0.0,"played":[0.4848,0.5152],"evs":[0.0,0.9615]},"65s":{"weight":0.0,"played":[0.302,0.698],"evs":[0.0,1.38096]},"66":{"weight":0.0,"played":[0.5542,0.4458],"evs":[0.0,-1.24263]},"76o":{"weight":0.0,"played":[0.0952,0.9048],"evs":[0.0,1.15596]},"86o":{"weight":0.0,"played":[0.5053,0.4947],"evs":[0.0,-0.82047]},"96o":{"weight":0.0,"played":[0.6159,0.3841],"evs":[0.0,-1.34073]},"T6o":{"weight":0.0,"played":[0.3785,0.6215],"evs":[0.0,0.90931]},"J6o":{"weight":0.0,"played":[0.3239,0.6761],"evs":[0.0,-0.09805]},"Q6o":{"weight":0.0,"played":[0.5142,0.4858],"evs":[0.0,-0.20732]},"K6o":{"weight":0.0,"played":[0.9914,0.0086],"evs":[0.0,-1.80439]},"A6o":{"weight":0.0,"played":[0.558,0.442],"evs":[0.0,-0.75725]},"72s":{"weight":0.0,"played":[0.1553,0.8447],"evs":[0.0,0.95208]},"73s":{"weight":0.0,"played":[0.9376,0.0624],"evs":[0.0,-4.29194]},"74s":{"weight":0.0,"played":[0.1701,0.8299],"evs":[0.0,7.56687]},"75s":{"weight":0.0,"played":[0.4373,0.5627],"evs":[0.0,-0.29788]},"76s":{"weight":0.0,"played":[0.6129,0.3871],"evs":[0.0,-0.69122]},"77":{"weight":0.4663,"played":[0.0603,0.9397],"evs":[0.0,0.86759]},"87o":{"weight":0.0,"played":[0.0158,0.9842],"evs":[0.0,2.66075]},"97o":{"weight":0.0,"played":[0.6697,0.3303],"evs":[0.0,-0.17443]},"T7o":{"weight":0.0,"played":[0.9902,0.0098],"evs":[0.0,-2.64513]},"J7o":{"weight":0.0,"played":[0.6043,0.3957],"evs":[0.0,-0.32654]},"Q7o":{"weight":0.0,"played":[0.8596,0.1404],"evs":[0.0,0.18467]},"K7o":{"weight":0.0,"played":[0.3631,0.6369],"evs":[0.0,-0.0505]},"A7o":{"weight":0.0,"played":[0.893,0.107],"evs":[0.0,-3.78422]},"82s":{"weight":0.0,"played":[0.3257,0.6743],"evs":[0.0,0.18502]},"83s":{"weight":0.0,"played":[0.4471,0.5529],"evs":[0.0,-1.68503]},"84s":{"weight":0.0,"played":[0.036,0.964],"evs":[0.0,-0.05822]},"85s":{"weight":0.0,"played":[0.2065,0.7935],"evs":[0.0,2.67185]},"86s":{"weight":0.0,"played":[0.5087,0.4913],"evs":[0.0,2.01762]},"87s":{"weight":0.0,"played":[0.1753,0.8247],"evs":[0.0,-0.95333]},"88":{"weight":0.8809,"played":[0.0,1.0],"evs":[0.0,4.74421]},"98o":{"weight":0.0,"played":[0.5826,0.4174],"evs":[0.0,-2.19637]},"T8o":{"weight":0.0,"played":[0.0819,0.9181],"evs":[0.0,1.38448]},"J8o":{"weight":0.0,"played":[0.5131,0.4869],"evs":[0.0,0.1451]},"Q8o":{"weight":0.0,"played":[0.4692,0.5308],"evs":[0.0,0.14204]},"K8o":{"weight":0.0,"played":[0.1737,0.8263],"evs":[0.0,-0.30003]},"A8o":{"weight":0.0,"played":[0.2985,0.7015],"evs":[0.0,0.51899]},"92s":{"weight":0.0,"played":[0.4451,0.5549],"evs":[0.0,-1.08886]},"93s":{"weight":0.0,"played":[0.9991,9.0E-4],"evs":[0.0,-4.17154]},"94s":{"weight":0.0,"played":[0.9755,0.0245],"evs":[0.0,-4.37625]},"95s":{"weight":0.0,"played":[0.0518,0.9482],"evs":[0.0,1.89104]},"96s":{"weight":0.0,"played":[0.4354,0.5646],"evs":[0.0,1.55673]},"97s":{"weight":0.0,"played":[0.407,0.593],"evs":[0.0,2.06]},"98s":{"weight":0.0,"played":[0.8357,0.1643],"evs":[0.0,-4.23233]},"99":{"weight":0.5309,"played":[0.0,1.0],"evs":[0.0,-0.07342]},"T9o":{"weight":0.0,"played":[0.879,0.121],"evs":[0.0,-0.20386]},"J9o":{"weight":0.0,"played":[0.9909,0.0091],"evs":[0.0,-1.41433]},"Q9o":{"weight":0.0,"played":[0.6242,0.3758],"evs":[0.0,-1.64448]},"K9o":{"weight":0.0,"played":[0.9105,0.0895],"evs":[0.0,-0.81127]},"A9o":{"weight":0.0,"played":[0.8185,0.1815],"evs":[0.0,-2.39006]},"T2s":{"weight":0.0,"played":[0.9324,0.0676],"evs":[0.0,-0.87257]},"T3s":{"weight":0.0,"played":[0.2681,0.7319],"evs":[0.0,0.63886]},"T4s":{"weight":0.0,"played":[0.5363,0.4637],"evs":[0.0,1.10163]},"T5s":{"weight":0.0,"played":[0.0462,0.9538],"evs":[0.0,-0.36441]},"T6s":{"weight":0.0,"played":[0.6795,0.3205],"evs":[0.0,0.35144]},"T7s":{"weight":0.0,"played":[0.1378,0.8622],"evs":[0.0,4.38181]},"T8s":{"weight":0.0,"played":[0.2955,0.7045],"evs":[0.0,4.274]},"T9s":{"weight":0.0,"played":[0.0329,0.9671],"evs":[0.0,5.80531]},"TT":{"weight":0.6578,"played":[0.0025,0.9975],"evs":[0.0,2.38894]},"JTo":{"weight":0.0,"played":[0.4633,0.5367],"evs":[0.0,1.82653]},"QTo":{"weight":0.0,"played":[0.1637,0.8363],"evs":[0.0,0.54844]},"KTo":{"weight":0.0,"played":[0.5719,0.4281],"evs":[0.0,-0.64495]},"ATo":{"weight":0.668,"played":[0.4537,0.5463],"evs":[0.0,0.6689]},"J2s":{"weight":0.0,"played":[0.9735,0.0265],"evs":[0.0,-1.5062]},"J3s":{"weight":0.0,"played":[0.321,0.679],"evs":[0.0,0.54761]},"J4s":{"weight":0.0,"played":[0.9323,0.0677],"evs":[0.0,-1.95938]},"J5s":{"weight":0.0,"played":[0.9285,0.0715],"evs":[0.0,-4.86981]},"J6s":{"weight":0.0,"played":[0.685,0.315],"evs":[0.0,-0.57887]},"J7s":{"weight":0.0,"played":[0.7982,0.2018],"evs":[0.0,-0.64194]},"J8s":{"weight":0.0,"played":[0.8584,0.1416],"evs":[0.0,-1.88463]},"J9s":{"weight":0.0,"played":[0.4272,0.5728],"evs":[0.0,-0.39409]},"JTs":{"weight":0.0,"played":[0.3674,0.6326],"evs":[0.0,1.02871]},"JJ":{"weight":0.8508,"played":[2.0E-4,0.9998],"evs":[0.0,6.72158]},"QJo":{"weight":0.0,"played":[0.047,0.953],"evs":[0.0,2.40504]},"KJo":{"weight":0.0,"played":[0.3243,0.6757],"evs":[0.0,-1.27682]},"AJo":{"weight":0.6807,"played":[0.0986,0.9014],"evs":[0.0,3.68797]},"Q2s":{"weight":0.0,"played":[0.782,0.218],"evs":[0.0,-1.39318]},"Q3s":{"weight":0.0,"played":[0.4069,0.5931],"evs":[0.0,3.5488]},"Q4s":{"weight":0.0,"played":[1.0,0.0],"evs":[0.0,-0.89361]},"Q5s":{"weight":0.0,"played":[0.6391,0.3609],"evs":[0.0,1.27351]},"Q6s":{"weight":0.0,"played":[0.8358,0.1642],"evs":[0.0,-4.1604]},"Q7s":{"weight":0.0,"played":[0.0667,0.9333],"evs":[0.0,1.39983]},"Q8s":{"weight":0.0,"played":[0.0669,0.9331],"evs":[0.0,2.99944]},"Q9s":{"weight":0.0,"played":[0.34,0.66],"evs":[0.0,0.78404]},"QTs":{"weight":0.0,"played":[0.7342,0.2658],"evs":[0.0,-1.04081]},"QJs":{"weight":0.0,"played":[0.1118,0.8882],"evs":[0.0,1.30038]},"QQ":{"weight":0.3364,"played":[0.0,1.0],"evs":[0.0,3.19896]},"KQo":{"weight":0.0,"played":[0.6688,0.3312],"evs":[0.0,-1.057]},"AQo":{"weight":0.7511,"played":[0.2421,0.7579],"evs":[0.0,-0.96179]},"K2s":{"weight":0.0,"played":[0.4907,0.5093],"evs":[0.0,-0.98701]},"K3s":{"weight":0.0,"played":[0.7686,0.2314],"evs":[0.0,-1.78607]},"K4s":{"weight":0.0,"played":[1.0,0.0],"evs":[0.0,-2.77231]},"K5s":{"weight":0.0,"played":[0.3417,0.6583],"evs":[0.0,1.3975]},"K6s":{"weight":0.0,"played":[5.0E-4,0.9995],"evs":[0.0,2.44543]},"K7s":{"weight":0.0,"played":[0.1351,0.8649],"evs":[0.0,1.32868]},"K8s":{"weight":0.0,"played":[0.0195,0.9805],"evs":[0.0,1.77589]},"K9s":{"weight":0.0,"played":[0.0435,0.9565],"evs":[0.0,1.4548]},"KTs":{"weight":0.0,"played":[0.2978,0.7022],"evs":[0.0,-0.62903]},"KJs":{"weight":0.0,"played":[0.1513,0.8487],"evs":[0.0,2.50343]},"KQs":{"weight":0.0,"played":[0.8401,0.1599],"evs":[0.0,0.51489]},"KK":{"weight":0.7079,"played":[0.0,1.0],"evs":[0.0,7.08632]},"AKo":{"weight":0.6334,"played":[0.3163,0.6837],"evs":[0.0,0.63517]},"A2s":{"weight":0.0,"played":[0.9676,0.0324],"evs":[0.0,-5.22149]},"A3s":{"weight":0.0,"played":[0.544,0.456],"evs":[0.0,-0.9889]},"A4s":{"weight":0.0,"played":[0.1711,0.8289],"evs":[0.0,5.65694]},"A5s":{"weight":0.0,"played":[0.7389,0.2611],"evs":[0.0,-0.50323]},"A6s":{"weight":0.0,"played":[0.3223,0.6777],"evs":[0.0,-0.51294]},"A7s":{"weight":0.0,"played":[0.0625,0.9375],"evs":[0.0,7.15328]},"A8s":{"weight":0.0,"played":[0.9306,0.0694],"evs":[0.0,-4.33078]},"A9s":{"weight":0.0,"played":[0.7926,0.2074],"evs":[0.0,-3.68693]},"ATs":{"weight":0.6081,"played":[0.533,0.467],"evs":[0.0,0.0081]},"AJs":{"weight":0.0177,"played":[0.0511,0.9489],"evs":[0.0,4.23477]},"AQs":{"weight":0.919,"played":[0.5787,0.4213],"evs":[0.0,-0.27625]},"AKs":{"weight":0.4466,"played":[0.6873,0.3127],"evs":[0.0,-1.22837]},"AA":{"weight":0.6626,"played":[0.0015,0.9985],"evs":[0.0,10.15276]}}}