{"player":6,"street":0,"children":3,"sequence":[{"player":0,"type":"F","amount":0,"street":0},{"player":1,"type":"F","amount":0,"street":0},{"player":2,"type":"F","amount":0,"street":0},{"player":3,"type":"C","amount":4130000,"street":0},{"player":4,"type":"R","amount":10000000,"street":0},{"player":5,"type":"F","amount":0,"street":0}],"actions":[{"type":"F","amount":0},{"type":"C","amount":5000000},{"type":"R","amount":61485900,"node":21}],"hands":{"22":{"weight":1.0,"played":[0.0,1.0,0.0],"evs":[0.0,0.63974,0.57536]},"32o":{"weight":1.0,"played":[1.0,0.0,0.0],"evs":[0.0,-0.05409,-0.63192]},"42o":{"weight":1.0,"played":[1.0,0.0,0.0],"evs":[0.0,-0.03007,-0.5985]},"52o":{"weight":1.0,"played":[1.0,0.0,0.0],"evs":[0.0,-0.01208,-0.5572]},"62o":{"weight":1.0,"played":[1.0,0.0,0.0],"evs":[0.0,-0.13255,-0.70971]},"72o":{"weight":1.0,"played":[1.0,0.0,0.0],"evs":[0.0,-0.18421,-0.81626]},"82o":{"weight":1.0,"played":[1.0,0.0,0.0],"evs":[0.0,-0.18577,-0.86673]},"92o":{"weight":1.0,"played":[1.0,0.0,0.0],"evs":[0.0,-0.0914,-0.61742]},"T2o":{"weight":1.0,"played":[1.0,0.0,0.0],"evs":[0.0,-0.05731,-0.43843]},"J2o":{"weight":1.0,"played":[0.5856,0.4144,0.0],"evs":[0.0,0.00197,-0.27181]},"Q2o":{"weight":1.0,"played":[1.0E-4,0.9999,0.0],"evs":[0.0,0.04689,-0.10744]},"K2o":{"weight":1.0,"played":[0.0,1.0,0.0],"evs":[0.0,0.20514,0.06576]},"A2o":{"weight":1.0,"played":[0.0,0.3161,0.6839],"evs":[0.0,0.90064,0.89981]},"32s":{"weight":1.0,"played":[0.0,1.0,0.0],"evs":[0.0,0.19545,-0.23116]},"33":{"weight":1.0,"played":[0.0,0.855,0.145],"evs":[0.0,0.68894,0.66363]},"43o":{"weight":1.0,"played":[1.0E-4,0.9999,0.0],"evs":[0.0,0.05191,-0.44306]},"53o":{"weight":1.0,"played":[0.0,1.0,0.0],"evs":[0.0,0.08161,-0.41017]},"63o":{"weight":1.0,"played":[1.0,0.0,0.0],"evs":[0.0,-0.04095,-0.56227]},"73o":{"weight":1.0,"played":[1.0,0.0,0.0],"evs":[0.0,-0.1179,-0.67414]},"83o":{"weight":1.0,"played":[1.0,0.0,0.0],"evs":[0.0,-0.18116,-0.85608]},"93o":{"weight":1.0,"played":[1.0,0.0,0.0],"evs":[0.0,-0.08493,-0.58865]},"T3o":{"weight":1.0,"played":[1.0,0.0,0.0],"evs":[0.0,-0.04457,-0.40263]},"J3o":{"weight":1.0,"played":[0.0059,0.9941,0.0],"evs":[0.0,0.01866,-0.24784]},"Q3o":{"weight":1.0,"played":[0.0,1.0,0.0],"evs":[0.0,0.06253,-0.06987]},"K3o":{"weight":1.0,"played":[0.0,1.0,0.0],"evs":[0.0,0.24047,0.10658]},"A3o":{"weight":1.0,"played":[0.0,0.6761,0.3239],"evs":[0.0,0.94502,0.94042]},"42s":{"weight":1.0,"played":[0.0,1.0,0.0],"evs":[0.0,0.22926,-0.20691]},"43s":{"weight":1.0,"played":[0.0,1.0,0.0],"evs":[0.0,0.313,-0.06654]},"44":{"weight":1.0,"played":[0.0,0.8745,0.1255],"evs":[0.0,0.75639,0.74644]},"54o":{"weight":1.0,"played":[0.0,1.0,0.0],"evs":[0.0,0.15281,-0.26296]},"64o":{"weight":1.0,"played":[0.0,1.0,0.0],"evs":[0.0,0.05766,-0.41288]},"74o":{"weight":1.0,"played":[1.0,0.0,0.0],"evs":[0.0,-0.0288,-0.5109]},"84o":{"weight":1.0,"played":[1.0,0.0,0.0],"evs":[0.0,-0.11084,-0.70728]},"94o":{"weight":1.0,"played":[1.0,0.0,0.0],"evs":[0.0,-0.06008,-0.58165]},"T4o":{"weight":1.0,"played":[1.0,0.0,0.0],"evs":[0.0,-0.01768,-0.35948]},"J4o":{"weight":1.0,"played":[0.0,1.0,0.0],"evs":[0.0,0.05249,-0.20513]},"Q4o":{"weight":1.0,"played":[0.0,1.0,0.0],"evs":[0.0,0.10304,-0.03408]},"K4o":{"weight":1.0,"played":[0.0,1.0,0.0],"evs":[0.0,0.2898,0.14606]},"A4o":{"weight":1.0,"played":[0.0,0.1224,0.8776],"evs":[0.0,0.97443,0.97537]},"52s":{"weight":1.0,"played":[0.0,1.0,0.0],"evs":[0.0,0.24669,-0.17306]},"53s":{"weight":1.0,"played":[0.0,1.0,0.0],"evs":[0.0,0.35289,-0.02781]},"54s":{"weight":1.0,"played":[0.0,1.0,0.0],"evs":[0.0,0.42615,0.11032]},"55":{"weight":1.0,"played":[0.0,0.9032,0.0968],"evs":[0.0,0.85652,0.84875]},"65o":{"weight":1.0,"played":[0.0,1.0,0.0],"evs":[0.0,0.12758,-0.26867]},"75o":{"weight":1.0,"played":[0.0,1.0,0.0],"evs":[0.0,0.05834,-0.36317]},"85o":{"weight":1.0,"played":[1.0,0.0,0.0],"evs":[0.0,-0.0336,-0.55444]},"95o":{"weight":1.0,"played":[0.013,0.987,0.0],"evs":[0.0,0.00399,-0.43687]},"T5o":{"weight":1.0,"played":[0.0891,0.9109,0.0],"evs":[0.0,0.00466,-0.34713]},"J5o":{"weight":1.0,"played":[0.0,1.0,0.0],"evs":[0.0,0.07642,-0.16541]},"Q5o":{"weight":1.0,"played":[0.0,1.0,0.0],"evs":[0.0,0.12137,0.01358]},"K5o":{"weight":1.0,"played":[0.0,1.0,0.0],"evs":[0.0,0.34191,0.19073]},"A5o":{"weight":1.0,"played":[0.0,0.992,0.008],"evs":[0.0,1.0231,1.0158]},"62s":{"weight":1.0,"played":[0.0,1.0,0.0],"evs":[0.0,0.12419,-0.32147]},"63s":{"weight":1.0,"played":[0.0,1.0,0.0],"evs":[0.0,0.21551,-0.19025]},"64s":{"weight":1.0,"played":[0.0,1.0,0.0],"evs":[0.0,0.31158,-0.0377]},"65s":{"weight":1.0,"played":[0.0,1.0,0.0],"evs":[0.0,0.3997,0.08649]},"66":{"weight":1.0,"played":[0.0,0.9963,0.0037],"evs":[0.0,0.93195,0.91056]},"76o":{"weight":1.0,"played":[0.0,1.0,0.0],"evs":[0.0,0.12072,-0.2593]},"86o":{"weight":1.0,"played":[2.0E-4,0.9998,0.0],"evs":[0.0,0.02708,-0.43636]},"96o":{"weight":1.0,"played":[0.0,1.0,0.0],"evs":[0.0,0.07187,-0.31154]},"T6o":{"weight":1.0,"played":[0.0,1.0,0.0],"evs":[0.0,0.04763,-0.23327]},"J6o":{"weight":1.0,"played":[0.0,1.0,0.0],"evs":[0.0,0.06114,-0.18135]},"Q6o":{"weight":1.0,"played":[0.0,1.0,0.0],"evs":[0.0,0.14803,0.05331]},"K6o":{"weight":1.0,"played":[0.0,1.0,0.0],"evs":[0.0,0.39863,0.21618]},"A6o":{"weight":1.0,"played":[0.0,0.0239,0.9761],"evs":[0.0,0.92742,0.93994]},"72s":{"weight":1.0,"played":[0.0,1.0,0.0],"evs":[0.0,0.06411,-0.41784]},"73s":{"weight":1.0,"played":[0.0,1.0,0.0],"evs":[0.0,0.14139,-0.27973]},"74s":{"weight":1.0,"played":[0.0,1.0,0.0],"evs":[0.0,0.21715,-0.13454]},"75s":{"weight":1.0,"played":[0.0,1.0,0.0],"evs":[0.0,0.33669,0.01426]},"76s":{"weight":1.0,"played":[0.0,1.0,0.0],"evs":[0.0,0.37372,0.10483]},"77":{"weight":1.0,"played":[0.0,0.0319,0.9681],"evs":[0.0,0.99105,1.00468]},"87o":{"weight":1.0,"played":[0.0,1.0,0.0],"evs":[0.0,0.105,-0.31823]},"97o":{"weight":1.0,"played":[0.0,1.0,0.0],"evs":[0.0,0.1415,-0.19963]},"T7o":{"weight":1.0,"played":[0.0,1.0,0.0],"evs":[0.0,0.13472,-0.09544]},"J7o":{"weight":1.0,"played":[0.0,1.0,0.0],"evs":[0.0,0.13393,-0.04349]},"Q7o":{"weight":1.0,"played":[0.0,1.0,0.0],"evs":[0.0,0.18641,0.07082]},"K7o":{"weight":1.0,"played":[0.0,1.0,0.0],"evs":[0.0,0.48144,0.25598]},"A7o":{"weight":1.0,"played":[0.0,0.0,1.0],"evs":[0.0,0.9647,1.00872]},"82s":{"weight":1.0,"played":[0.0,1.0,0.0],"evs":[0.0,0.07014,-0.47274]},"83s":{"weight":1.0,"played":[0.0,1.0,0.0],"evs":[0.0,0.08276,-0.45777]},"84s":{"weight":1.0,"played":[0.0,1.0,0.0],"evs":[0.0,0.15885,-0.30144]},"85s":{"weight":1.0,"played":[0.0,1.0,0.0],"evs":[0.0,0.232,-0.17269]},"86s":{"weight":1.0,"played":[0.0,1.0,0.0],"evs":[0.0,0.30418,-0.05274]},"87s":{"weight":1.0,"played":[0.0,1.0,0.0],"evs":[0.0,0.38295,0.03965]},"88":{"weight":1.0,"played":[0.0,1.0,0.0],"evs":[0.0,1.12262,0.93157]},"98o":{"weight":1.0,"played":[0.0,1.0,0.0],"evs":[0.0,0.21779,-0.15096]},"T8o":{"weight":1.0,"played":[0.0,1.0,0.0],"evs":[0.0,0.26286,-0.02999]},"J8o":{"weight":1.0,"played":[0.0,1.0,0.0],"evs":[0.0,0.30813,0.02736]},"Q8o":{"weight":1.0,"played":[0.0,1.0,0.0],"evs":[0.0,0.38618,0.12057]},"K8o":{"weight":1.0,"played":[0.0,1.0,0.0],"evs":[0.0,0.6235,0.16201]},"A8o":{"weight":1.0,"played":[0.0,0.9997,3.0E-4],"evs":[0.0,1.05188,0.98417]},"92s":{"weight":1.0,"played":[0.0,1.0,0.0],"evs":[0.0,0.17478,-0.2236]},"93s":{"weight":1.0,"played":[0.0,1.0,0.0],"evs":[0.0,0.18678,-0.1982]},"94s":{"weight":1.0,"played":[0.0,1.0,0.0],"evs":[0.0,0.21235,-0.1885]},"95s":{"weight":1.0,"played":[0.0,1.0,0.0],"evs":[0.0,0.28786,-0.03464]},"96s":{"weight":1.0,"played":[0.0,1.0,0.0],"evs":[0.0,0.33894,0.04857]},"97s":{"weight":1.0,"played":[0.0,1.0,0.0],"evs":[0.0,0.41676,0.15665]},"98s":{"weight":1.0,"played":[0.0,1.0,0.0],"evs":[0.0,0.49957,0.21366]},"99":{"weight":1.0,"played":[0.0,0.0,1.0],"evs":[0.0,1.38743,1.47183]},"T9o":{"weight":1.0,"played":[0.0,1.0,0.0],"evs":[0.0,0.44418,0.24133]},"J9o":{"weight":1.0,"played":[0.0,1.0,0.0],"evs":[0.0,0.47785,0.32445]},"Q9o":{"weight":1.0,"played":[0.0,1.0,0.0],"evs":[0.0,0.54452,0.42877]},"K9o":{"weight":1.0,"played":[0.0,1.0,0.0],"evs":[0.0,0.78103,0.48543]},"A9o":{"weight":1.0,"played":[0.0,0.0,1.0],"evs":[0.0,1.12659,1.25731]},"T2s":{"weight":1.0,"played":[0.0,1.0,0.0],"evs":[0.0,0.21937,-0.04843]},"T3s":{"weight":1.0,"played":[0.0,1.0,0.0],"evs":[0.0,0.24114,-0.01767]},"T4s":{"weight":1.0,"played":[0.0,1.0,0.0],"evs":[0.0,0.2631,0.01175]},"T5s":{"weight":1.0,"played":[0.0,1.0,0.0],"evs":[0.0,0.2835,0.03645]},"T6s":{"weight":1.0,"played":[0.0,1.0,0.0],"evs":[0.0,0.33226,0.1365]},"T7s":{"weight":1.0,"played":[0.0,1.0,0.0],"evs":[0.0,0.42192,0.25174]},"T8s":{"weight":1.0,"played":[0.0,1.0,0.0],"evs":[0.0,0.54904,0.29881]},"T9s":{"weight":1.0,"played":[0.0,1.0,0.0],"evs":[0.0,0.7301,0.57407]},"TT":{"weight":1.0,"played":[0.0,0.0,1.0],"evs":[0.0,1.70803,2.08975]},"JTo":{"weight":1.0,"played":[0.0,0.977,0.023],"evs":[0.0,0.64587,0.6205]},"QTo":{"weight":1.0,"played":[0.0,0.9994,6.0E-4],"evs":[0.0,0.74284,0.72197]},"KTo":{"weight":1.0,"played":[0.0,1.0,0.0],"evs":[0.0,1.03504,0.8053]},"ATo":{"weight":1.0,"played":[0.0,0.0,1.0],"evs":[0.0,1.35058,1.65816]},"J2s":{"weight":1.0,"played":[0.0,1.0,0.0],"evs":[0.0,0.30167,0.08846]},"J3s":{"weight":1.0,"played":[0.0,1.0,0.0],"evs":[0.0,0.31826,0.14707]},"J4s":{"weight":1.0,"played":[0.0,1.0,0.0],"evs":[0.0,0.3477,0.1815]},"J5s":{"weight":1.0,"played":[0.0,1.0,0.0],"evs":[0.0,0.37021,0.2065]},"J6s":{"weight":1.0,"played":[0.0,1.0,0.0],"evs":[0.0,0.35786,0.19034]},"J7s":{"weight":1.0,"played":[0.0,1.0,0.0],"evs":[0.0,0.4437,0.32582]},"J8s":{"weight":1.0,"played":[0.0,1.0,0.0],"evs":[0.0,0.60581,0.38193]},"J9s":{"weight":1.0,"played":[0.0,1.0,0.0],"evs":[0.0,0.76829,0.6594]},"JTs":{"weight":1.0,"played":[0.0,0.9943,0.0057],"evs":[0.0,0.95376,0.94409]},"JJ":{"weight":1.0,"played":[0.0,0.0,1.0],"evs":[0.0,2.19887,2.69751]},"QJo":{"weight":1.0,"played":[0.0,0.2704,0.7296],"evs":[0.0,0.86046,0.86101]},"KJo":{"weight":1.0,"played":[0.0,1.0,0.0],"evs":[0.0,1.18975,0.94425]},"AJo":{"weight":1.0,"played":[0.0,0.0,1.0],"evs":[0.0,1.51647,1.97238]},"Q2s":{"weight":1.0,"played":[0.0,0.9998,2.0E-4],"evs":[0.0,0.35547,0.26894]},"Q3s":{"weight":1.0,"played":[0.0,1.0,0.0],"evs":[0.0,0.36157,0.29882]},"Q4s":{"weight":1.0,"played":[0.0,1.0,0.0],"evs":[0.0,0.39987,0.33588]},"Q5s":{"weight":1.0,"played":[0.0,1.0,0.0],"evs":[0.0,0.42293,0.37164]},"Q6s":{"weight":1.0,"played":[0.0,0.9997,3.0E-4],"evs":[0.0,0.45583,0.40832]},"Q7s":{"weight":1.0,"played":[0.0,1.0,0.0],"evs":[0.0,0.49043,0.41805]},"Q8s":{"weight":1.0,"played":[0.0,1.0,0.0],"evs":[0.0,0.69706,0.46539]},"Q9s":{"weight":1.0,"played":[0.0,0.9971,0.0029],"evs":[0.0,0.84538,0.76837]},"QTs":{"weight":1.0,"played":[0.0,0.9875,0.0125],"evs":[0.0,1.05415,1.03782]},"QJs":{"weight":1.0,"played":[0.0,0.0624,0.9376],"evs":[0.0,1.1601,1.17705]},"QQ":{"weight":1.0,"played":[0.0,0.0,1.0],"evs":[0.0,2.81157,3.31042]},"KQo":{"weight":1.0,"played":[0.0,1.0,0.0],"evs":[0.0,1.38281,1.08059]},"AQo":{"weight":1.0,"played":[0.0,0.0,1.0],"evs":[0.0,1.70182,2.28551]},"K2s":{"weight":1.0,"played":[0.0,1.0,0.0],"evs":[0.0,0.52977,0.41338]},"K3s":{"weight":1.0,"played":[0.0,0.9999,1.0E-4],"evs":[0.0,0.5629,0.4661]},"K4s":{"weight":1.0,"played":[0.0,1.0,0.0],"evs":[0.0,0.61768,0.50685]},"K5s":{"weight":1.0,"played":[0.0,1.0,0.0],"evs":[0.0,0.67277,0.54068]},"K6s":{"weight":1.0,"played":[0.0,1.0,0.0],"evs":[0.0,0.73552,0.56312]},"K7s":{"weight":1.0,"played":[0.0,1.0,0.0],"evs":[0.0,0.82254,0.59866]},"K8s":{"weight":1.0,"played":[0.0,1.0,0.0],"evs":[0.0,0.96139,0.53013]},"K9s":{"weight":1.0,"played":[0.0,1.0,0.0],"evs":[0.0,1.09473,0.82809]},"KTs":{"weight":1.0,"played":[0.0,1.0,0.0],"evs":[0.0,1.3477,1.11744]},"KJs":{"weight":1.0,"played":[0.0,1.0,0.0],"evs":[0.0,1.50879,1.25944]},"KQs":{"weight":1.0,"played":[0.0,1.0,0.0],"evs":[0.0,1.68822,1.37196]},"KK":{"weight":1.0,"played":[0.0,0.9327,0.0673],"evs":[0.0,4.07813,4.03505]},"AKo":{"weight":1.0,"played":[0.0,0.0,1.0],"evs":[0.0,2.19517,2.72643]},"A2s":{"weight":1.0,"played":[0.0,0.0037,0.9963],"evs":[0.0,1.21069,1.21964]},"A3s":{"weight":1.0,"played":[0.0,0.0164,0.9836],"evs":[0.0,1.23955,1.25302]},"A4s":{"weight":1.0,"played":[0.0,0.1096,0.8904],"evs":[0.0,1.2822,1.29331]},"A5s":{"weight":1.0,"played":[0.0,0.4216,0.5784],"evs":[0.0,1.33253,1.3355]},"A6s":{"weight":1.0,"played":[0.0,0.0198,0.9802],"evs":[0.0,1.23931,1.2729]},"A7s":{"weight":1.0,"played":[0.0,0.0,1.0],"evs":[0.0,1.28432,1.33339]},"A8s":{"weight":1.0,"played":[0.0,0.9999,1.0E-4],"evs":[0.0,1.3692,1.29691]},"A9s":{"weight":1.0,"played":[0.0,0.0,1.0],"evs":[0.0,1.41517,1.54785]},"ATs":{"weight":1.0,"played":[0.0,0.0,1.0],"evs":[0.0,1.6339,1.90289]},"AJs":{"weight":1.0,"played":[0.0,0.0,1.0],"evs":[0.0,1.80905,2.20519]},"AQs":{"weight":1.0,"played":[0.0,0.0,1.0],"evs":[0.0,1.98159,2.49879]},"AKs":{"weight":1.0,"played":[0.0,0.0,1.0],"evs":[0.0,2.46475,2.9223]},"AA":{"weight":1.0,"played":[0.0,1.0,0.0],"evs":[0.0,5.32707,5.25421]}}}