{"player":3,"street":0,"children":2,"sequence":[{"player":0,"type":"R","amount":26350000,"street":0},{"player":1,"type":"C","amount":26350000,"street":0},{"player":2,"type":"R","amount":34350000,"street":0}],"actions":[{"type":"F","amount":0,"node":201},{"type":"C","amount":4130000,"node":216}],"hands":{"22":{"weight":1.0,"played":[1.0,0.0],"evs":[0.0,-1.74214]},"32o":{"weight":1.0,"played":[1.0,0.0],"evs":[0.0,-2.14805]},"42o":{"weight":1.0,"played":[1.0,0.0],"evs":[0.0,-2.10992]},"52o":{"weight":1.0,"played":[1.0,0.0],"evs":[0.0,-2.13448]},"62o":{"weight":1.0,"played":[1.0,0.0],"evs":[0.0,-2.13763]},"72o":{"weight":1.0,"played":[1.0,0.0],"evs":[0.0,-2.39741]},"82o":{"weight":1.0,"played":[1.0,0.0],"evs":[0.0,-2.38021]},"92o":{"weight":1.0,"played":[1.0,0.0],"evs":[0.0,-2.39498]},"T2o":{"weight":1.0,"played":[1.0,0.0],"evs":[0.0,-2.44453]},"J2o":{"weight":1.0,"played":[1.0,0.0],"evs":[0.0,-2.48017]},"Q2o":{"weight":1.0,"played":[1.0,0.0],"evs":[0.0,-2.37176]},"K2o":{"weight":1.0,"played":[1.0,0.0],"evs":[0.0,-2.29491]},"A2o":{"weight":1.0,"played":[1.0,0.0],"evs":[0.0,-2.28685]},"32s":{"weight":1.0,"played":[1.0,0.0],"evs":[0.0,-1.8577]},"33":{"weight":1.0,"played":[1.0,0.0],"evs":[0.0,-1.79046]},"43o":{"weight":1.0,"played":[1.0,0.0],"evs":[0.0,-1.93678]},"53o":{"weight":1.0,"played":[1.0,0.0],"evs":[0.0,-1.92566]},"63o":{"weight":1.0,"played":[1.0,0.0],"evs":[0.0,-2.03837]},"73o":{"weight":1.0,"played":[1.0,0.0],"evs":[0.0,-2.21821]},"83o":{"weight":1.0,"played":[1.0,0.0],"evs":[0.0,-2.33927]},"93o":{"weight":1.0,"played":[1.0,0.0],"evs":[0.0,-2.40965]},"T3o":{"weight":1.0,"played":[1.0,0.0],"evs":[0.0,-2.3703]},"J3o":{"weight":1.0,"played":[1.0,0.0],"evs":[0.0,-2.4522]},"Q3o":{"weight":1.0,"played":[1.0,0.0],"evs":[0.0,-2.25606]},"K3o":{"weight":1.0,"played":[1.0,0.0],"evs":[0.0,-2.31428]},"A3o":{"weight":1.0,"played":[1.0,0.0],"evs":[0.0,-2.24461]},"42s":{"weight":1.0,"played":[1.0,0.0],"evs":[0.0,-1.78093]},"43s":{"weight":1.0,"played":[1.0,0.0],"evs":[0.0,-1.63314]},"44":{"weight":1.0,"played":[1.0,0.0],"evs":[0.0,-1.77386]},"54o":{"weight":1.0,"played":[1.0,0.0],"evs":[0.0,-1.81179]},"64o":{"weight":1.0,"played":[1.0,0.0],"evs":[0.0,-1.88154]},"74o":{"weight":1.0,"played":[1.0,0.0],"evs":[0.0,-2.08244]},"84o":{"weight":1.0,"played":[1.0,0.0],"evs":[0.0,-2.24958]},"94o":{"weight":1.0,"played":[1.0,0.0],"evs":[0.0,-2.32368]},"T4o":{"weight":1.0,"played":[1.0,0.0],"evs":[0.0,-2.32349]},"J4o":{"weight":1.0,"played":[1.0,0.0],"evs":[0.0,-2.44722]},"Q4o":{"weight":1.0,"played":[1.0,0.0],"evs":[0.0,-2.30879]},"K4o":{"weight":1.0,"played":[1.0,0.0],"evs":[0.0,-2.23684]},"A4o":{"weight":1.0,"played":[1.0,0.0],"evs":[0.0,-2.1628]},"52s":{"weight":1.0,"played":[1.0,0.0],"evs":[0.0,-1.72188]},"53s":{"weight":1.0,"played":[1.0,0.0],"evs":[0.0,-1.58388]},"54s":{"weight":1.0,"played":[1.0,0.0],"evs":[0.0,-1.50644]},"55":{"weight":1.0,"played":[1.0,0.0],"evs":[0.0,-1.67372]},"65o":{"weight":1.0,"played":[1.0,0.0],"evs":[0.0,-1.69585]},"75o":{"weight":1.0,"played":[1.0,0.0],"evs":[0.0,-1.86044]},"85o":{"weight":1.0,"played":[1.0,0.0],"evs":[0.0,-2.01092]},"95o":{"weight":1.0,"played":[1.0,0.0],"evs":[0.0,-2.17361]},"T5o":{"weight":1.0,"played":[1.0,0.0],"evs":[0.0,-2.28303]},"J5o":{"weight":1.0,"played":[1.0,0.0],"evs":[0.0,-2.39067]},"Q5o":{"weight":1.0,"played":[1.0,0.0],"evs":[0.0,-2.26717]},"K5o":{"weight":1.0,"played":[1.0,0.0],"evs":[0.0,-2.2025]},"A5o":{"weight":1.0,"played":[1.0,0.0],"evs":[0.0,-2.12572]},"62s":{"weight":1.0,"played":[1.0,0.0],"evs":[0.0,-1.87575]},"63s":{"weight":1.0,"played":[1.0,0.0],"evs":[0.0,-1.62327]},"64s":{"weight":1.0,"played":[1.0,0.0],"evs":[0.0,-1.60256]},"65s":{"weight":1.0,"played":[1.0,0.0],"evs":[0.0,-1.35081]},"66":{"weight":1.0,"played":[1.0,0.0],"evs":[0.0,-1.69765]},"76o":{"weight":1.0,"played":[1.0,0.0],"evs":[0.0,-1.74872]},"86o":{"weight":1.0,"played":[1.0,0.0],"evs":[0.0,-1.88271]},"96o":{"weight":1.0,"played":[1.0,0.0],"evs":[0.0,-2.08926]},"T6o":{"weight":1.0,"played":[1.0,0.0],"evs":[0.0,-2.1937]},"J6o":{"weight":1.0,"played":[1.0,0.0],"evs":[0.0,-2.36465]},"Q6o":{"weight":1.0,"played":[1.0,0.0],"evs":[0.0,-2.32761]},"K6o":{"weight":1.0,"played":[1.0,0.0],"evs":[0.0,-2.15635]},"A6o":{"weight":1.0,"played":[1.0,0.0],"evs":[0.0,-2.36366]},"72s":{"weight":1.0,"played":[1.0,0.0],"evs":[0.0,-1.99322]},"73s":{"weight":1.0,"played":[1.0,0.0],"evs":[0.0,-1.7901]},"74s":{"weight":1.0,"played":[1.0,0.0],"evs":[0.0,-1.72872]},"75s":{"weight":1.0,"played":[1.0,0.0],"evs":[0.0,-1.57225]},"76s":{"weight":1.0,"played":[1.0,0.0],"evs":[0.0,-1.43349]},"77":{"weight":1.0,"played":[1.0,0.0],"evs":[0.0,-1.6339]},"87o":{"weight":1.0,"played":[1.0,0.0],"evs":[0.0,-1.84756]},"97o":{"weight":1.0,"played":[1.0,0.0],"evs":[0.0,-2.04221]},"T7o":{"weight":1.0,"played":[1.0,0.0],"evs":[0.0,-2.18557]},"J7o":{"weight":1.0,"played":[1.0,0.0],"evs":[0.0,-2.3254]},"Q7o":{"weight":1.0,"played":[1.0,0.0],"evs":[0.0,-2.2144]},"K7o":{"weight":1.0,"played":[1.0,0.0],"evs":[0.0,-2.19721]},"A7o":{"weight":1.0,"played":[1.0,0.0],"evs":[0.0,-2.28129]},"82s":{"weight":1.0,"played":[1.0,0.0],"evs":[0.0,-1.91071]},"83s":{"weight":1.0,"played":[1.0,0.0],"evs":[0.0,-1.95871]},"84s":{"weight":1.0,"played":[1.0,0.0],"evs":[0.0,-1.7946]},"85s":{"weight":1.0,"played":[1.0,0.0],"evs":[0.0,-1.65353]},"86s":{"weight":1.0,"played":[1.0,0.0],"evs":[0.0,-1.51254]},"87s":{"weight":1.0,"played":[1.0,0.0],"evs":[0.0,-1.5191]},"88":{"weight":1.0,"played":[1.0,0.0],"evs":[0.0,-1.68233]},"98o":{"weight":1.0,"played":[1.0,0.0],"evs":[0.0,-1.99786]},"T8o":{"weight":1.0,"played":[1.0,0.0],"evs":[0.0,-2.05516]},"J8o":{"weight":1.0,"played":[1.0,0.0],"evs":[0.0,-2.32608]},"Q8o":{"weight":1.0,"played":[1.0,0.0],"evs":[0.0,-2.2633]},"K8o":{"weight":1.0,"played":[1.0,0.0],"evs":[0.0,-2.24488]},"A8o":{"weight":1.0,"played":[1.0,0.0],"evs":[0.0,-2.29629]},"92s":{"weight":1.0,"played":[1.0,0.0],"evs":[0.0,-1.97155]},"93s":{"weight":1.0,"played":[1.0,0.0],"evs":[0.0,-1.98038]},"94s":{"weight":1.0,"played":[1.0,0.0],"evs":[0.0,-1.94339]},"95s":{"weight":1.0,"played":[1.0,0.0],"evs":[0.0,-1.82341]},"96s":{"weight":1.0,"played":[1.0,0.0],"evs":[0.0,-1.72636]},"97s":{"weight":1.0,"played":[1.0,0.0],"evs":[0.0,-1.75284]},"98s":{"weight":1.0,"played":[1.0,0.0],"evs":[0.0,-1.63567]},"99":{"weight":1.0,"played":[1.0,0.0],"evs":[0.0,-1.51951]},"T9o":{"weight":1.0,"played":[1.0,0.0],"evs":[0.0,-2.10174]},"J9o":{"weight":1.0,"played":[1.0,0.0],"evs":[0.0,-2.20292]},"Q9o":{"weight":1.0,"played":[1.0,0.0],"evs":[0.0,-2.20332]},"K9o":{"weight":1.0,"played":[1.0,0.0],"evs":[0.0,-2.16388]},"A9o":{"weight":1.0,"played":[1.0,0.0],"evs":[0.0,-2.2788]},"T2s":{"weight":1.0,"played":[1.0,0.0],"evs":[0.0,-2.06088]},"T3s":{"weight":1.0,"played":[1.0,0.0],"evs":[0.0,-2.00188]},"T4s":{"weight":1.0,"played":[1.0,0.0],"evs":[0.0,-1.9389]},"T5s":{"weight":1.0,"played":[1.0,0.0],"evs":[0.0,-1.95662]},"T6s":{"weight":1.0,"played":[1.0,0.0],"evs":[0.0,-2.01014]},"T7s":{"weight":1.0,"played":[1.0,0.0],"evs":[0.0,-1.73332]},"T8s":{"weight":1.0,"played":[1.0,0.0],"evs":[0.0,-1.89592]},"T9s":{"weight":1.0,"played":[1.0,0.0],"evs":[0.0,-1.74075]},"TT":{"weight":1.0,"played":[1.0,0.0],"evs":[0.0,-1.6338]},"JTo":{"weight":1.0,"played":[1.0,0.0],"evs":[0.0,-2.16598]},"QTo":{"weight":1.0,"played":[1.0,0.0],"evs":[0.0,-2.17448]},"KTo":{"weight":1.0,"played":[1.0,0.0],"evs":[0.0,-2.23861]},"ATo":{"weight":1.0,"played":[1.0,0.0],"evs":[0.0,-2.25688]},"J2s":{"weight":1.0,"played":[1.0,0.0],"evs":[0.0,-2.05108]},"J3s":{"weight":1.0,"played":[1.0,0.0],"evs":[0.0,-1.94994]},"J4s":{"weight":1.0,"played":[1.0,0.0],"evs":[0.0,-2.0376]},"J5s":{"weight":1.0,"played":[1.0,0.0],"evs":[0.0,-1.98115]},"J6s":{"weight":1.0,"played":[1.0,0.0],"evs":[0.0,-2.03889]},"J7s":{"weight":1.0,"played":[1.0,0.0],"evs":[0.0,-1.82557]},"J8s":{"weight":1.0,"played":[1.0,0.0],"evs":[0.0,-1.85419]},"J9s":{"weight":1.0,"played":[1.0,0.0],"evs":[0.0,-1.83706]},"JTs":{"weight":1.0,"played":[1.0,0.0],"evs":[0.0,-1.78609]},"JJ":{"weight":1.0,"played":[1.0,0.0],"evs":[0.0,-1.60576]},"QJo":{"weight":1.0,"played":[1.0,0.0],"evs":[0.0,-2.15703]},"KJo":{"weight":1.0,"played":[1.0,0.0],"evs":[0.0,-2.16641]},"AJo":{"weight":1.0,"played":[1.0,0.0],"evs":[0.0,-2.27619]},"Q2s":{"weight":1.0,"played":[1.0,0.0],"evs":[0.0,-2.01565]},"Q3s":{"weight":1.0,"played":[1.0,0.0],"evs":[0.0,-1.84362]},"Q4s":{"weight":1.0,"played":[1.0,0.0],"evs":[0.0,-1.86621]},"Q5s":{"weight":1.0,"played":[1.0,0.0],"evs":[0.0,-1.92888]},"Q6s":{"weight":1.0,"played":[1.0,0.0],"evs":[0.0,-1.90343]},"Q7s":{"weight":1.0,"played":[1.0,0.0],"evs":[0.0,-1.87707]},"Q8s":{"weight":1.0,"played":[1.0,0.0],"evs":[0.0,-1.84234]},"Q9s":{"weight":1.0,"played":[1.0,0.0],"evs":[0.0,-1.96821]},"QTs":{"weight":1.0,"played":[1.0,0.0],"evs":[0.0,-1.83353]},"QJs":{"weight":1.0,"played":[1.0,0.0],"evs":[0.0,-1.80554]},"QQ":{"weight":1.0,"played":[1.0,0.0],"evs":[0.0,-0.63847]},"KQo":{"weight":1.0,"played":[1.0,0.0],"evs":[0.0,-1.94531]},"AQo":{"weight":1.0,"played":[1.0,0.0],"evs":[0.0,-2.00606]},"K2s":{"weight":1.0,"played":[1.0,0.0],"evs":[0.0,-1.84771]},"K3s":{"weight":1.0,"played":[1.0,0.0],"evs":[0.0,-1.81819]},"K4s":{"weight":1.0,"played":[1.0,0.0],"evs":[0.0,-1.89019]},"K5s":{"weight":1.0,"played":[1.0,0.0],"evs":[0.0,-1.75597]},"K6s":{"weight":1.0,"played":[1.0,0.0],"evs":[0.0,-1.7471]},"K7s":{"weight":1.0,"played":[1.0,0.0],"evs":[0.0,-1.73895]},"K8s":{"weight":1.0,"played":[1.0,0.0],"evs":[0.0,-1.90083]},"K9s":{"weight":1.0,"played":[1.0,0.0],"evs":[0.0,-1.83365]},"KTs":{"weight":1.0,"played":[1.0,0.0],"evs":[0.0,-1.79463]},"KJs":{"weight":1.0,"played":[1.0,0.0],"evs":[0.0,-1.63458]},"KQs":{"weight":1.0,"played":[1.0,0.0],"evs":[0.0,-1.54538]},"KK":{"weight":1.0,"played":[2.0E-4,0.9998],"evs":[0.0,0.56184]},"AKo":{"weight":1.0,"played":[1.0,0.0],"evs":[0.0,-1.33005]},"A2s":{"weight":1.0,"played":[1.0,0.0],"evs":[0.0,-1.92858]},"A3s":{"weight":1.0,"played":[1.0,0.0],"evs":[0.0,-1.88853]},"A4s":{"weight":1.0,"played":[0.9999,1.0E-4],"evs":[0.0,-1.76424]},"A5s":{"weight":1.0,"played":[1.0,0.0],"evs":[0.0,-1.80323]},"A6s":{"weight":1.0,"played":[1.0,0.0],"evs":[0.0,-1.98524]},"A7s":{"weight":1.0,"played":[1.0,0.0],"evs":[0.0,-1.95078]},"A8s":{"weight":1.0,"played":[1.0,0.0],"evs":[0.0,-2.05436]},"A9s":{"weight":1.0,"played":[0.9999,1.0E-4],"evs":[0.0,-1.73616]},"ATs":{"weight":1.0,"played":[1.0,0.0],"evs":[0.0,-1.67378]},"AJs":{"weight":1.0,"played":[1.0,0.0],"evs":[0.0,-1.68026]},"AQs":{"weight":1.0,"played":[0.9999,1.0E-4],"evs":[0.0,-1.62428]},"AKs":{"weight":1.0,"played":[0.9999,1.0E-4],"evs":[0.0,-1.0413]},"AA":{"weight":1.0,"played":[0.0,1.0],"evs":[0.0,2.19669]}}}