{"player":6,"street":0,"children":2,"sequence":[{"player":0,"type":"R","amount":26350000,"street":0},{"player":1,"type":"C","amount":26350000,"street":0},{"player":2,"type":"R","amount":34350000,"street":0},{"player":3,"type":"F","amount":0,"street":0},{"player":4,"type":"F","amount":0,"street":0},{"player":5,"type":"C","amount":14516800,"street":0}],"actions":[{"type":"F","amount":0,"node":207},{"type":"R","amount":41950000,"node":208}],"hands":{"22":{"weight":1.0,"played":[0.5592,0.4408],"evs":[0.0,-0.5686]},"32o":{"weight":1.0,"played":[0.9951,0.0049],"evs":[0.0,-3.99706]},"42o":{"weight":1.0,"played":[0.8796,0.1204],"evs":[0.0,-2.96892]},"52o":{"weight":1.0,"played":[0.9955,0.0045],"evs":[0.0,-2.6959]},"62o":{"weight":1.0,"played":[0.6787,0.3213],"evs":[0.0,-0.17482]},"72o":{"weight":1.0,"played":[0.9959,0.0041],"evs":[0.0,-2.39873]},"82o":{"weight":1.0,"played":[0.9892,0.0108],"evs":[0.0,-3.74156]},"92o":{"weight":1.0,"played":[0.9935,0.0065],"evs":[0.0,-1.94444]},"T2o":{"weight":1.0,"played":[0.9954,0.0046],"evs":[0.0,-3.8134]},"J2o":{"weight":1.0,"played":[0.9963,0.0037],"evs":[0.0,-2.14168]},"Q2o":{"weight":1.0,"played":[0.9975,0.0025],"evs":[0.0,-2.1631]},"K2o":{"weight":1.0,"played":[0.855,0.145],"evs":[0.0,-2.10252]},"A2o":{"weight":1.0,"played":[0.9561,0.0439],"evs":[0.0,-3.18813]},"32s":{"weight":1.0,"played":[1.0,0.0],"evs":[0.0,-4.3048]},"33":{"weight":1.0,"played":[0.8953,0.1047],"evs":[0.0,-1.04514]},"43o":{"weight":1.0,"played":[0.847,0.153],"evs":[0.0,-2.70455]},"53o":{"weight":1.0,"played":[0.864,0.136],"evs":[0.0,-1.79005]},"63o":{"weight":1.0,"played":[0.8968,0.1032],"evs":[0.0,-1.13639]},"73o":{"weight":1.0,"played":[0.9314,0.0686],"evs":[0.0,-1.45084]},"83o":{"weight":1.0,"played":[0.9964,0.0036],"evs":[0.0,-2.8753]},"93o":{"weight":1.0,"played":[0.9908,0.0092],"evs":[0.0,-1.39085]},"T3o":{"weight":1.0,"played":[0.99,0.01],"evs":[0.0,-3.68095]},"J3o":{"weight":1.0,"played":[0.9924,0.0076],"evs":[0.0,-3.68098]},"Q3o":{"weight":1.0,"played":[0.9229,0.0771],"evs":[0.0,-2.61918]},"K3o":{"weight":1.0,"played":[0.9085,0.0915],"evs":[0.0,-2.42239]},"A3o":{"weight":1.0,"played":[0.9999,1.0E-4],"evs":[0.0,-4.50744]},"42s":{"weight":1.0,"played":[0.3502,0.6498],"evs":[0.0,1.82255]},"43s":{"weight":1.0,"played":[0.8986,0.1014],"evs":[0.0,-2.99063]},"44":{"weight":1.0,"played":[0.9431,0.0569],"evs":[0.0,-2.91536]},"54o":{"weight":1.0,"played":[0.967,0.033],"evs":[0.0,-0.84067]},"64o":{"weight":1.0,"played":[0.8454,0.1546],"evs":[0.0,-1.83083]},"74o":{"weight":1.0,"played":[0.7997,0.2003],"evs":[0.0,-2.20017]},"84o":{"weight":1.0,"played":[0.6541,0.3459],"evs":[0.0,-2.09044]},"94o":{"weight":1.0,"played":[0.9957,0.0043],"evs":[0.0,-2.9477]},"T4o":{"weight":1.0,"played":[0.9713,0.0287],"evs":[0.0,-1.0487]},"J4o":{"weight":1.0,"played":[0.9691,0.0309],"evs":[0.0,-3.00112]},"Q4o":{"weight":1.0,"played":[0.9586,0.0414],"evs":[0.0,-2.30463]},"K4o":{"weight":1.0,"played":[0.9602,0.0398],"evs":[0.0,-3.43868]},"A4o":{"weight":1.0,"played":[0.5372,0.4628],"evs":[0.0,1.00426]},"52s":{"weight":1.0,"played":[0.9998,2.0E-4],"evs":[0.0,-4.1859]},"53s":{"weight":1.0,"played":[0.3469,0.6531],"evs":[0.0,0.9429]},"54s":{"weight":1.0,"played":[0.9024,0.0976],"evs":[0.0,-1.57161]},"55":{"weight":1.0,"played":[0.3646,0.6354],"evs":[0.0,0.44556]},"65o":{"weight":1.0,"played":[0.6821,0.3179],"evs":[0.0,0.94587]},"75o":{"weight":1.0,"played":[0.8987,0.1013],"evs":[0.0,-2.88146]},"85o":{"weight":1.0,"played":[0.98,0.02],"evs":[0.0,-2.51452]},"95o":{"weight":1.0,"played":[0.9148,0.0852],"evs":[0.0,-2.18668]},"T5o":{"weight":1.0,"played":[0.998,0.002],"evs":[0.0,-2.58392]},"J5o":{"weight":1.0,"played":[1.0,0.0],"evs":[0.0,-1.31776]},"Q5o":{"weight":1.0,"played":[1.0,0.0],"evs":[0.0,-2.08625]},"K5o":{"weight":1.0,"played":[0.9986,0.0014],"evs":[0.0,-2.43758]},"A5o":{"weight":1.0,"played":[1.0,0.0],"evs":[0.0,-4.01595]},"62s":{"weight":1.0,"played":[0.9521,0.0479],"evs":[0.0,-4.66851]},"63s":{"weight":1.0,"played":[0.2246,0.7754],"evs":[0.0,2.21986]},"64s":{"weight":1.0,"played":[0.9707,0.0293],"evs":[0.0,-3.61394]},"65s":{"weight":1.0,"played":[0.9203,0.0797],"evs":[0.0,-0.54538]},"66":{"weight":1.0,"played":[0.5606,0.4394],"evs":[0.0,-0.55754]},"76o":{"weight":1.0,"played":[0.9414,0.0586],"evs":[0.0,-1.25973]},"86o":{"weight":1.0,"played":[0.9418,0.0582],"evs":[0.0,-1.8841]},"96o":{"weight":1.0,"played":[0.6116,0.3884],"evs":[0.0,-2.27609]},"T6o":{"weight":1.0,"played":[0.9998,2.0E-4],"evs":[0.0,-4.05774]},"J6o":{"weight":1.0,"played":[1.0,0.0],"evs":[0.0,-3.49596]},"Q6o":{"weight":1.0,"played":[0.9725,0.0275],"evs":[0.0,-1.90743]},"K6o":{"weight":1.0,"played":[0.8008,0.1992],"evs":[0.0,-2.00997]},"A6o":{"weight":1.0,"played":[0.9974,0.0026],"evs":[0.0,-2.16142]},"72s":{"weight":1.0,"played":[0.7768,0.2232],"evs":[0.0,-2.75081]},"73s":{"weight":1.0,"played":[0.802,0.198],"evs":[0.0,-1.2017]},"74s":{"weight":1.0,"played":[0.9789,0.0211],"evs":[0.0,-1.70394]},"75s":{"weight":1.0,"played":[0.346,0.654],"evs":[0.0,-0.58652]},"76s":{"weight":1.0,"played":[0.9429,0.0571],"evs":[0.0,-3.4208]},"77":{"weight":1.0,"played":[0.0966,0.9034],"evs":[0.0,-0.05509]},"87o":{"weight":1.0,"played":[1.0,0.0],"evs":[0.0,-1.3086]},"97o":{"weight":1.0,"played":[1.0,0.0],"evs":[0.0,-1.39941]},"T7o":{"weight":1.0,"played":[0.9998,2.0E-4],"evs":[0.0,-3.15519]},"J7o":{"weight":1.0,"played":[0.7009,0.2991],"evs":[0.0,0.15496]},"Q7o":{"weight":1.0,"played":[0.982,0.018],"evs":[0.0,-1.38466]},"K7o":{"weight":1.0,"played":[1.0,0.0],"evs":[0.0,-2.15608]},"A7o":{"weight":1.0,"played":[0.9949,0.0051],"evs":[0.0,-3.96199]},"82s":{"weight":1.0,"played":[0.8899,0.1101],"evs":[0.0,-3.5926]},"83s":{"weight":1.0,"played":[0.7972,0.2028],"evs":[0.0,-2.21749]},"84s":{"weight":1.0,"played":[0.5787,0.4213],"evs":[0.0,-0.07154]},"85s":{"weight":1.0,"played":[0.9296,0.0704],"evs":[0.0,-2.35197]},"86s":{"weight":1.0,"played":[1.0,0.0],"evs":[0.0,-4.38735]},"87s":{"weight":1.0,"played":[0.923,0.077],"evs":[0.0,-1.60281]},"88":{"weight":1.0,"played":[0.7431,0.2569],"evs":[0.0,-1.20074]},"98o":{"weight":1.0,"played":[0.6785,0.3215],"evs":[0.0,0.27099]},"T8o":{"weight":1.0,"played":[0.867,0.133],"evs":[0.0,-1.59022]},"J8o":{"weight":1.0,"played":[0.9806,0.0194],"evs":[0.0,-2.18176]},"Q8o":{"weight":1.0,"played":[0.9515,0.0485],"evs":[0.0,-2.53057]},"K8o":{"weight":1.0,"played":[0.9749,0.0251],"evs":[0.0,-2.39228]},"A8o":{"weight":1.0,"played":[0.9949,0.0051],"evs":[0.0,-2.46897]},"92s":{"weight":1.0,"played":[0.6659,0.3341],"evs":[0.0,-1.46118]},"93s":{"weight":1.0,"played":[0.9672,0.0328],"evs":[0.0,-2.95874]},"94s":{"weight":1.0,"played":[0.888,0.112],"evs":[0.0,-2.24746]},"95s":{"weight":1.0,"played":[0.8213,0.1787],"evs":[0.0,-0.58754]},"96s":{"weight":1.0,"played":[0.3135,0.6865],"evs":[0.0,0.23707]},"97s":{"weight":1.0,"played":[0.3716,0.6284],"evs":[0.0,-2.26271]},"98s":{"weight":1.0,"played":[0.5972,0.4028],"evs":[0.0,-0.49329]},"99":{"weight":1.0,"played":[0.1071,0.8929],"evs":[0.0,-0.44594]},"T9o":{"weight":1.0,"played":[0.8634,0.1366],"evs":[0.0,-0.1808]},"J9o":{"weight":1.0,"played":[0.7928,0.2072],"evs":[0.0,-2.91405]},"Q9o":{"weight":1.0,"played":[0.875,0.125],"evs":[0.0,-2.64523]},"K9o":{"weight":1.0,"played":[0.9624,0.0376],"evs":[0.0,-2.38677]},"A9o":{"weight":1.0,"played":[0.9572,0.0428],"evs":[0.0,-2.92444]},"T2s":{"weight":1.0,"played":[0.9862,0.0138],"evs":[0.0,-2.26676]},"T3s":{"weight":1.0,"played":[0.9017,0.0983],"evs":[0.0,-2.01313]},"T4s":{"weight":1.0,"played":[0.3563,0.6437],"evs":[0.0,-0.56592]},"T5s":{"weight":1.0,"played":[0.6926,0.3074],"evs":[0.0,-2.12453]},"T6s":{"weight":1.0,"played":[0.6101,0.3899],"evs":[0.0,-1.63416]},"T7s":{"weight":1.0,"played":[0.2755,0.7245],"evs":[0.0,0.99282]},"T8s":{"weight":1.0,"played":[0.9983,0.0017],"evs":[0.0,-2.86313]},"T9s":{"weight":1.0,"played":[0.964,0.036],"evs":[0.0,-3.05853]},"TT":{"weight":1.0,"played":[0.1369,0.8631],"evs":[0.0,1.77182]},"JTo":{"weight":1.0,"played":[0.8736,0.1264],"evs":[0.0,-2.18822]},"QTo":{"weight":1.0,"played":[1.0,0.0],"evs":[0.0,-3.19087]},"KTo":{"weight":1.0,"played":[0.8707,0.1293],"evs":[0.0,-2.60308]},"ATo":{"weight":1.0,"played":[0.9015,0.0985],"evs":[0.0,-3.03816]},"J2s":{"weight":1.0,"played":[0.5619,0.4381],"evs":[0.0,-0.45001]},"J3s":{"weight":1.0,"played":[0.3839,0.6161],"evs":[0.0,-1.60897]},"J4s":{"weight":1.0,"played":[0.6826,0.3174],"evs":[0.0,1.33216]},"J5s":{"weight":1.0,"played":[0.8476,0.1524],"evs":[0.0,-1.91953]},"J6s":{"weight":1.0,"played":[0.3858,0.6142],"evs":[0.0,-1.56545]},"J7s":{"weight":1.0,"played":[0.761,0.239],"evs":[0.0,-1.95957]},"J8s":{"weight":1.0,"played":[0.9572,0.0428],"evs":[0.0,-4.16962]},"J9s":{"weight":1.0,"played":[0.0652,0.9348],"evs":[0.0,2.3626]},"JTs":{"weight":1.0,"played":[0.8637,0.1363],"evs":[0.0,-4.07888]},"JJ":{"weight":1.0,"played":[0.2469,0.7531],"evs":[0.0,2.10796]},"QJo":{"weight":1.0,"played":[0.9897,0.0103],"evs":[0.0,-3.60502]},"KJo":{"weight":1.0,"played":[0.9255,0.0745],"evs":[0.0,-2.83765]},"AJo":{"weight":1.0,"played":[0.7183,0.2817],"evs":[0.0,-3.08675]},"Q2s":{"weight":1.0,"played":[0.6363,0.3637],"evs":[0.0,-0.84168]},"Q3s":{"weight":1.0,"played":[0.7492,0.2508],"evs":[0.0,-0.13774]},"Q4s":{"weight":1.0,"played":[0.8038,0.1962],"evs":[0.0,-3.00629]},"Q5s":{"weight":1.0,"played":[0.9959,0.0041],"evs":[0.0,-3.50447]},"Q6s":{"weight":1.0,"played":[0.8515,0.1485],"evs":[0.0,-3.42172]},"Q7s":{"weight":1.0,"played":[0.998,0.002],"evs":[0.0,-6.09176]},"Q8s":{"weight":1.0,"played":[0.1057,0.8943],"evs":[0.0,1.82049]},"Q9s":{"weight":1.0,"played":[0.8902,0.1098],"evs":[0.0,-1.99531]},"QTs":{"weight":1.0,"played":[0.5335,0.4665],"evs":[0.0,-0.60794]},"QJs":{"weight":1.0,"played":[0.0978,0.9022],"evs":[0.0,5.52285]},"QQ":{"weight":1.0,"played":[0.0361,0.9639],"evs":[0.0,3.51433]},"KQo":{"weight":1.0,"played":[0.7626,0.2374],"evs":[0.0,-2.31686]},"AQo":{"weight":1.0,"played":[0.9999,1.0E-4],"evs":[0.0,-3.34614]},"K2s":{"weight":1.0,"played":[0.9783,0.0217],"evs":[0.0,-4.24504]},"K3s":{"weight":1.0,"played":[0.9988,0.0012],"evs":[0.0,-1.05291]},"K4s":{"weight":1.0,"played":[0.7488,0.2512],"evs":[0.0,-0.21761]},"K5s":{"weight":1.0,"played":[0.8956,0.1044],"evs":[0.0,-2.84828]},"K6s":{"weight":1.0,"played":[0.9572,0.0428],"evs":[0.0,-1.81241]},"K7s":{"weight":1.0,"played":[0.9701,0.0299],"evs":[0.0,-3.42126]},"K8s":{"weight":1.0,"played":[0.4576,0.5424],"evs":[0.0,-2.53852]},"K9s":{"weight":1.0,"played":[0.4839,0.5161],"evs":[0.0,-1.419]},"KTs":{"weight":1.0,"played":[0.9987,0.0013],"evs":[0.0,-3.26575]},"KJs":{"weight":1.0,"played":[0.9195,0.0805],"evs":[0.0,-3.6058]},"KQs":{"weight":1.0,"played":[0.6792,0.3208],"evs":[0.0,-1.11651]},"KK":{"weight":1.0,"played":[6.0E-4,0.9994],"evs":[0.0,6.81581]},"AKo":{"weight":1.0,"played":[0.0923,0.9077],"evs":[0.0,2.10639]},"A2s":{"weight":1.0,"played":[0.7884,0.2116],"evs":[0.0,-2.99709]},"A3s":{"weight":1.0,"played":[0.9717,0.0283],"evs":[0.0,-6.14898]},"A4s":{"weight":1.0,"played":[0.7666,0.2334],"evs":[0.0,-1.70695]},"A5s":{"weight":1.0,"played":[0.0259,0.9741],"evs":[0.0,0.25045]},"A6s":{"weight":1.0,"played":[0.585,0.415],"evs":[0.0,1.89523]},"A7s":{"weight":1.0,"played":[0.0466,0.9534],"evs":[0.0,0.62244]},"A8s":{"weight":1.0,"played":[0.9387,0.0613],"evs":[0.0,-0.62472]},"A9s":{"weight":1.0,"played":[0.8327,0.1673],"evs":[0.0,-1.85827]},"ATs":{"weight":1.0,"played":[0.2283,0.7717],"evs":[0.0,3.81277]},"AJs":{"weight":1.0,"played":[0.4965,0.5035],"evs":[0.0,-0.52275]},"AQs":{"weight":1.0,"played":[0.7443,0.2557],"evs":[0.0,-2.00457]},"AKs":{"weight":1.0,"played":[0.403,0.597],"evs":[0.0,-2.60633]},"AA":{"weight":1.0,"played":[0.0953,0.9047],"evs":[0.0,10.30315]}}}