{"player":1,"street":0,"children":2,"sequence":[{"player":0,"type":"R","amount":26350000,"street":0},{"player":1,"type":"C","amount":26350000,"street":0},{"player":2,"type":"R","amount":34350000,"street":0},{"player":3,"type":"F","amount":0,"street":0},{"player":4,"type":"F","amount":0,"street":0},{"player":5,"type":"C","amount":14516800,"street":0},{"player":6,"type":"F","amount":0,"street":0}],"actions":[{"type":"F","amount":0},{"type":"C","amount":8000000}],"hands":{"22":{"weight":0.0,"played":[0.0067,0.9933],"evs":[0.0,2.47938]},"32o":{"weight":0.0,"played":[0.0092,0.9908],"evs":[0.0,1.29298]},"42o":{"weight":0.0,"played":[0.0066,0.9934],"evs":[0.0,1.51606]},"52o":{"weight":0.0,"played":[6.0E-4,0.9994],"evs":[0.0,1.2451]},"62o":{"weight":0.0,"played":[0.0123,0.9877],"evs":[0.0,1.61864]},"72o":{"weight":0.0,"played":[0.0117,0.9883],"evs":[0.0,0.90353]},"82o":{"weight":0.0,"played":[0.0635,0.9365],"evs":[0.0,0.70854]},"92o":{"weight":0.0,"played":[4.0E-4,0.9996],"evs":[0.0,0.88376]},"T2o":{"weight":0.0,"played":[0.0,1.0],"evs":[0.0,0.39162]},"J2o":{"weight":0.0,"played":[0.182,0.818],"evs":[0.0,0.59483]},"Q2o":{"weight":0.0,"played":[2.0E-4,0.9998],"evs":[0.0,1.47437]},"K2o":{"weight":0.0,"played":[1.0E-4,0.9999],"evs":[0.0,0.98017]},"A2o":{"weight":0.0,"played":[0.0,1.0],"evs":[0.0,1.53708]},"32s":{"weight":0.0,"played":[0.0021,0.9979],"evs":[0.0,2.22105]},"33":{"weight":0.0,"played":[8.0E-4,0.9992],"evs":[0.0,2.43857]},"43o":{"weight":0.0,"played":[0.0,1.0],"evs":[0.0,1.568]},"53o":{"weight":0.0,"played":[0.0,1.0],"evs":[0.0,1.58223]},"63o":{"weight":0.0,"played":[0.009,0.991],"evs":[0.0,1.61829]},"73o":{"weight":0.0,"played":[0.0071,0.9929],"evs":[0.0,0.97134]},"83o":{"weight":0.0,"played":[0.0034,0.9966],"evs":[0.0,0.59398]},"93o":{"weight":0.0,"played":[0.0013,0.9987],"evs":[0.0,0.61499]},"T3o":{"weight":0.0,"played":[0.0015,0.9985],"evs":[0.0,1.0806]},"J3o":{"weight":0.0,"played":[0.3304,0.6696],"evs":[0.0,0.0213]},"Q3o":{"weight":0.0,"played":[0.0,1.0],"evs":[0.0,0.37005]},"K3o":{"weight":0.0,"played":[0.0018,0.9982],"evs":[0.0,1.41985]},"A3o":{"weight":0.0,"played":[2.0E-4,0.9998],"evs":[0.0,2.00803]},"42s":{"weight":0.0,"played":[1.0E-4,0.9999],"evs":[0.0,1.43665]},"43s":{"weight":0.0,"played":[2.0E-4,0.9998],"evs":[0.0,3.44805]},"44":{"weight":0.0,"played":[0.0,1.0],"evs":[0.0,2.11745]},"54o":{"weight":0.0,"played":[1.0E-4,0.9999],"evs":[0.0,2.51375]},"64o":{"weight":0.0,"played":[1.0E-4,0.9999],"evs":[0.0,2.4996]},"74o":{"weight":0.0,"played":[3.0E-4,0.9997],"evs":[0.0,1.72491]},"84o":{"weight":0.0,"played":[0.0013,0.9987],"evs":[0.0,1.45509]},"94o":{"weight":0.0,"played":[0.0,1.0],"evs":[0.0,0.76453]},"T4o":{"weight":0.0,"played":[0.0049,0.9951],"evs":[0.0,0.5096]},"J4o":{"weight":0.0,"played":[0.001,0.999],"evs":[0.0,0.44601]},"Q4o":{"weight":0.0,"played":[0.0067,0.9933],"evs":[0.0,0.73747]},"K4o":{"weight":0.0,"played":[0.0059,0.9941],"evs":[0.0,1.67997]},"A4o":{"weight":0.0,"played":[0.0,1.0],"evs":[0.0,1.26881]},"52s":{"weight":0.0,"played":[4.0E-4,0.9996],"evs":[0.0,3.59582]},"53s":{"weight":0.0,"played":[6.0E-4,0.9994],"evs":[0.0,3.0581]},"54s":{"weight":0.0,"played":[0.0,1.0],"evs":[0.0,3.47963]},"55":{"weight":0.0,"played":[0.0,1.0],"evs":[0.0,1.88182]},"65o":{"weight":0.0,"played":[4.0E-4,0.9996],"evs":[0.0,2.68304]},"75o":{"weight":0.0,"played":[0.0024,0.9976],"evs":[0.0,2.2012]},"85o":{"weight":0.0,"played":[5.0E-4,0.9995],"evs":[0.0,1.67899]},"95o":{"weight":0.0,"played":[0.0,1.0],"evs":[0.0,1.28195]},"T5o":{"weight":0.0,"played":[0.0019,0.9981],"evs":[0.0,0.73576]},"J5o":{"weight":0.0,"played":[0.0074,0.9926],"evs":[0.0,0.16613]},"Q5o":{"weight":0.0,"played":[0.0,1.0],"evs":[0.0,1.40109]},"K5o":{"weight":0.0,"played":[0.0,1.0],"evs":[0.0,1.1611]},"A5o":{"weight":0.0,"played":[0.0,1.0],"evs":[0.0,2.01103]},"62s":{"weight":0.0,"played":[0.0077,0.9923],"evs":[0.0,2.06751]},"63s":{"weight":0.0,"played":[0.0132,0.9868],"evs":[0.0,2.19675]},"64s":{"weight":0.0,"played":[5.0E-4,0.9995],"evs":[0.0,3.11447]},"65s":{"weight":0.0,"played":[1.0E-4,0.9999],"evs":[0.0,2.31036]},"66":{"weight":0.0,"played":[0.0,1.0],"evs":[0.0,2.5898]},"76o":{"weight":0.0,"played":[0.0,1.0],"evs":[0.0,2.27349]},"86o":{"weight":0.0,"played":[0.0086,0.9914],"evs":[0.0,1.61574]},"96o":{"weight":0.0,"played":[5.0E-4,0.9995],"evs":[0.0,1.54782]},"T6o":{"weight":0.0,"played":[1.0E-4,0.9999],"evs":[0.0,1.19667]},"J6o":{"weight":0.0,"played":[0.01,0.99],"evs":[0.0,0.6221]},"Q6o":{"weight":0.0,"played":[6.0E-4,0.9994],"evs":[0.0,1.37166]},"K6o":{"weight":0.0,"played":[0.0042,0.9958],"evs":[0.0,0.58565]},"A6o":{"weight":0.0,"played":[5.0E-4,0.9995],"evs":[0.0,1.28356]},"72s":{"weight":0.0,"played":[1.0E-4,0.9999],"evs":[0.0,1.72771]},"73s":{"weight":0.0,"played":[0.0976,0.9024],"evs":[0.0,1.22333]},"74s":{"weight":0.0,"played":[1.0E-4,0.9999],"evs":[0.0,3.04846]},"75s":{"weight":0.0,"played":[1.0E-4,0.9999],"evs":[0.0,2.85823]},"76s":{"weight":0.0,"played":[0.0,1.0],"evs":[0.0,3.99841]},"77":{"weight":0.4663,"played":[0.0,1.0],"evs":[0.0,2.65045]},"87o":{"weight":0.0,"played":[0.0,1.0],"evs":[0.0,1.62507]},"97o":{"weight":0.0,"played":[0.0057,0.9943],"evs":[0.0,1.7835]},"T7o":{"weight":0.0,"played":[2.0E-4,0.9998],"evs":[0.0,1.6843]},"J7o":{"weight":0.0,"played":[0.0048,0.9952],"evs":[0.0,0.64173]},"Q7o":{"weight":0.0,"played":[0.0,1.0],"evs":[0.0,1.28534]},"K7o":{"weight":0.0,"played":[0.0,1.0],"evs":[0.0,1.02281]},"A7o":{"weight":0.0,"played":[0.0,1.0],"evs":[0.0,1.87799]},"82s":{"weight":0.0,"played":[2.0E-4,0.9998],"evs":[0.0,1.92887]},"83s":{"weight":0.0,"played":[0.0045,0.9955],"evs":[0.0,2.25849]},"84s":{"weight":0.0,"played":[0.0043,0.9957],"evs":[0.0,2.55415]},"85s":{"weight":0.0,"played":[0.0048,0.9952],"evs":[0.0,2.79612]},"86s":{"weight":0.0,"played":[0.0,1.0],"evs":[0.0,3.36918]},"87s":{"weight":0.0,"played":[1.0E-4,0.9999],"evs":[0.0,3.58962]},"88":{"weight":0.8809,"played":[0.0,1.0],"evs":[0.0,2.50718]},"98o":{"weight":0.0,"played":[1.0E-4,0.9999],"evs":[0.0,1.59339]},"T8o":{"weight":0.0,"played":[0.0,1.0],"evs":[0.0,1.27171]},"J8o":{"weight":0.0,"played":[0.0196,0.9804],"evs":[0.0,1.11548]},"Q8o":{"weight":0.0,"played":[5.0E-4,0.9995],"evs":[0.0,1.32143]},"K8o":{"weight":0.0,"played":[0.0,1.0],"evs":[0.0,0.57858]},"A8o":{"weight":0.0,"played":[0.0,1.0],"evs":[0.0,1.75012]},"92s":{"weight":0.0,"played":[4.0E-4,0.9996],"evs":[0.0,1.97591]},"93s":{"weight":0.0,"played":[0.0112,0.9888],"evs":[0.0,1.1784]},"94s":{"weight":0.0,"played":[0.0051,0.9949],"evs":[0.0,1.97589]},"95s":{"weight":0.0,"played":[0.0093,0.9907],"evs":[0.0,2.7995]},"96s":{"weight":0.0,"played":[0.0,1.0],"evs":[0.0,2.36651]},"97s":{"weight":0.0,"played":[0.0,1.0],"evs":[0.0,2.49245]},"98s":{"weight":0.0,"played":[0.0,1.0],"evs":[0.0,2.7978]},"99":{"weight":0.5309,"played":[0.0,1.0],"evs":[0.0,1.93202]},"T9o":{"weight":0.0,"played":[0.0,1.0],"evs":[0.0,1.62298]},"J9o":{"weight":0.0,"played":[0.0035,0.9965],"evs":[0.0,1.16468]},"Q9o":{"weight":0.0,"played":[0.0,1.0],"evs":[0.0,1.73968]},"K9o":{"weight":0.0,"played":[0.0023,0.9977],"evs":[0.0,1.28865]},"A9o":{"weight":0.0,"played":[0.0,1.0],"evs":[0.0,1.23355]},"T2s":{"weight":0.0,"played":[0.0052,0.9948],"evs":[0.0,2.26267]},"T3s":{"weight":0.0,"played":[0.0302,0.9698],"evs":[0.0,1.03247]},"T4s":{"weight":0.0,"played":[0.0101,0.9899],"evs":[0.0,1.72677]},"T5s":{"weight":0.0,"played":[1.0E-4,0.9999],"evs":[0.0,1.91917]},"T6s":{"weight":0.0,"played":[1.0E-4,0.9999],"evs":[0.0,2.56004]},"T7s":{"weight":0.0,"played":[5.0E-4,0.9995],"evs":[0.0,2.52179]},"T8s":{"weight":0.0,"played":[0.0,1.0],"evs":[0.0,2.41835]},"T9s":{"weight":0.0,"played":[3.0E-4,0.9997],"evs":[0.0,2.29593]},"TT":{"weight":0.6578,"played":[0.0,1.0],"evs":[0.0,2.68893]},"JTo":{"weight":0.0,"played":[0.0,1.0],"evs":[0.0,0.78613]},"QTo":{"weight":0.0,"played":[0.0018,0.9982],"evs":[0.0,1.31591]},"KTo":{"weight":0.0,"played":[0.0,1.0],"evs":[0.0,1.38111]},"ATo":{"weight":0.668,"played":[0.0,1.0],"evs":[0.0,1.50407]},"J2s":{"weight":0.0,"played":[0.0085,0.9915],"evs":[0.0,1.08248]},"J3s":{"weight":0.0,"played":[0.0059,0.9941],"evs":[0.0,1.38985]},"J4s":{"weight":0.0,"played":[0.0016,0.9984],"evs":[0.0,1.39833]},"J5s":{"weight":0.0,"played":[0.2332,0.7668],"evs":[0.0,1.24574]},"J6s":{"weight":0.0,"played":[0.0012,0.9988],"evs":[0.0,1.5264]},"J7s":{"weight":0.0,"played":[2.0E-4,0.9998],"evs":[0.0,2.59518]},"J8s":{"weight":0.0,"played":[0.0013,0.9987],"evs":[0.0,1.90703]},"J9s":{"weight":0.0,"played":[0.0,1.0],"evs":[0.0,2.73242]},"JTs":{"weight":0.0,"played":[4.0E-4,0.9996],"evs":[0.0,2.52332]},"JJ":{"weight":0.8508,"played":[0.0,1.0],"evs":[0.0,2.29561]},"QJo":{"weight":0.0,"played":[0.0159,0.9841],"evs":[0.0,1.23706]},"KJo":{"weight":0.0,"played":[0.0019,0.9981],"evs":[0.0,0.64166]},"AJo":{"weight":0.6807,"played":[2.0E-4,0.9998],"evs":[0.0,1.28984]},"Q2s":{"weight":0.0,"played":[0.0046,0.9954],"evs":[0.0,1.56607]},"Q3s":{"weight":0.0,"played":[1.0E-4,0.9999],"evs":[0.0,1.37021]},"Q4s":{"weight":0.0,"played":[7.0E-4,0.9993],"evs":[0.0,1.98734]},"Q5s":{"weight":0.0,"played":[0.0093,0.9907],"evs":[0.0,1.05983]},"Q6s":{"weight":0.0,"played":[0.0067,0.9933],"evs":[0.0,1.67342]},"Q7s":{"weight":0.0,"played":[0.0,1.0],"evs":[0.0,1.68821]},"Q8s":{"weight":0.0,"played":[0.003,0.997],"evs":[0.0,2.16507]},"Q9s":{"weight":0.0,"played":[0.0,1.0],"evs":[0.0,2.44316]},"QTs":{"weight":0.0,"played":[5.0E-4,0.9995],"evs":[0.0,2.34308]},"QJs":{"weight":0.0,"played":[0.0181,0.9819],"evs":[0.0,1.90666]},"QQ":{"weight":0.3364,"played":[0.0,1.0],"evs":[0.0,5.95339]},"KQo":{"weight":0.0,"played":[0.0,1.0],"evs":[0.0,1.71486]},"AQo":{"weight":0.7511,"played":[0.0,1.0],"evs":[0.0,1.95596]},"K2s":{"weight":0.0,"played":[0.0013,0.9987],"evs":[0.0,1.6095]},"K3s":{"weight":0.0,"played":[0.0052,0.9948],"evs":[0.0,1.70617]},"K4s":{"weight":0.0,"played":[2.0E-4,0.9998],"evs":[0.0,2.92174]},"K5s":{"weight":0.0,"played":[0.0,1.0],"evs":[0.0,2.49586]},"K6s":{"weight":0.0,"played":[3.0E-4,0.9997],"evs":[0.0,3.32911]},"K7s":{"weight":0.0,"played":[0.0043,0.9957],"evs":[0.0,1.24324]},"K8s":{"weight":0.0,"played":[0.002,0.998],"evs":[0.0,1.98763]},"K9s":{"weight":0.0,"played":[0.0063,0.9937],"evs":[0.0,1.5019]},"KTs":{"weight":0.0,"played":[0.0,1.0],"evs":[0.0,2.01377]},"KJs":{"weight":0.0,"played":[1.0E-4,0.9999],"evs":[0.0,1.84386]},"KQs":{"weight":0.0,"played":[0.0513,0.9487],"evs":[0.0,2.82184]},"KK":{"weight":0.7079,"played":[0.0,1.0],"evs":[0.0,7.87471]},"AKo":{"weight":0.6334,"played":[0.0,1.0],"evs":[0.0,1.94144]},"A2s":{"weight":0.0,"played":[0.0012,0.9988],"evs":[0.0,4.62301]},"A3s":{"weight":0.0,"played":[0.0,1.0],"evs":[0.0,4.47396]},"A4s":{"weight":0.0,"played":[0.0032,0.9968],"evs":[0.0,1.93856]},"A5s":{"weight":0.0,"played":[0.0032,0.9968],"evs":[0.0,2.38359]},"A6s":{"weight":0.0,"played":[0.0013,0.9987],"evs":[0.0,3.10099]},"A7s":{"weight":0.0,"played":[0.0,1.0],"evs":[0.0,2.30831]},"A8s":{"weight":0.0,"played":[0.0,1.0],"evs":[0.0,1.47158]},"A9s":{"weight":0.0,"played":[0.0019,0.9981],"evs":[0.0,2.21498]},"ATs":{"weight":0.6081,"played":[2.0E-4,0.9998],"evs":[0.0,2.5855]},"AJs":{"weight":0.0177,"played":[0.0,1.0],"evs":[0.0,0.61378]},"AQs":{"weight":0.919,"played":[0.0,1.0],"evs":[0.0,3.17916]},"AKs":{"weight":0.4466,"played":[0.0,1.0],"evs":[0.0,4.57196]},"AA":{"weight":0.6626,"played":[0.0,1.0],"evs":[0.0,13.87756]}}}