{"player":6,"street":0,"children":2,"sequence":[{"player":0,"type":"R","amount":26350000,"street":0},{"player":1,"type":"C","amount":26350000,"street":0},{"player":2,"type":"R","amount":34350000,"street":0},{"player":3,"type":"F","amount":0,"street":0},{"player":4,"type":"R","amount":61485900,"street":0},{"player":5,"type":"F","amount":0,"street":0}],"actions":[{"type":"F","amount":0,"node":211},{"type":"C","amount":56485900,"node":212}],"hands":{"22":{"weight":1.0,"played":[0.9754,0.0246],"evs":[0.0,-2.17971]},"32o":{"weight":1.0,"played":[1.0,0.0],"evs":[0.0,-6.33134]},"42o":{"weight":1.0,"played":[0.9969,0.0031],"evs":[0.0,-7.74538]},"52o":{"weight":1.0,"played":[1.0,0.0],"evs":[0.0,-7.09404]},"62o":{"weight":1.0,"played":[0.9991,9.0E-4],"evs":[0.0,-6.68149]},"72o":{"weight":1.0,"played":[1.0,0.0],"evs":[0.0,-6.49437]},"82o":{"weight":1.0,"played":[0.9994,6.0E-4],"evs":[0.0,-8.73246]},"92o":{"weight":1.0,"played":[1.0,0.0],"evs":[0.0,-10.06325]},"T2o":{"weight":1.0,"played":[1.0,0.0],"evs":[0.0,-10.25953]},"J2o":{"weight":1.0,"played":[0.9993,7.0E-4],"evs":[0.0,-7.82178]},"Q2o":{"weight":1.0,"played":[0.9993,7.0E-4],"evs":[0.0,-9.20989]},"K2o":{"weight":1.0,"played":[0.9997,3.0E-4],"evs":[0.0,-9.69127]},"A2o":{"weight":1.0,"played":[1.0,0.0],"evs":[0.0,-6.40271]},"32s":{"weight":1.0,"played":[0.9973,0.0027],"evs":[0.0,-6.10912]},"33":{"weight":1.0,"played":[1.0,0.0],"evs":[0.0,-6.0637]},"43o":{"weight":1.0,"played":[0.997,0.003],"evs":[0.0,-4.39238]},"53o":{"weight":1.0,"played":[0.9942,0.0058],"evs":[0.0,-5.46672]},"63o":{"weight":1.0,"played":[0.9954,0.0046],"evs":[0.0,-4.15525]},"73o":{"weight":1.0,"played":[0.9988,0.0012],"evs":[0.0,-7.75229]},"83o":{"weight":1.0,"played":[0.9968,0.0032],"evs":[0.0,-8.72493]},"93o":{"weight":1.0,"played":[0.9984,0.0016],"evs":[0.0,-8.82657]},"T3o":{"weight":1.0,"played":[0.9975,0.0025],"evs":[0.0,-9.30757]},"J3o":{"weight":1.0,"played":[0.9988,0.0012],"evs":[0.0,-7.08776]},"Q3o":{"weight":1.0,"played":[0.9989,0.0011],"evs":[0.0,-8.23433]},"K3o":{"weight":1.0,"played":[0.9932,0.0068],"evs":[0.0,-8.6509]},"A3o":{"weight":1.0,"played":[0.9972,0.0028],"evs":[0.0,-7.9113]},"42s":{"weight":1.0,"played":[0.9818,0.0182],"evs":[0.0,-7.02996]},"43s":{"weight":1.0,"played":[0.9012,0.0988],"evs":[0.0,-4.31495]},"44":{"weight":1.0,"played":[0.9912,0.0088],"evs":[0.0,-5.16833]},"54o":{"weight":1.0,"played":[1.0,0.0],"evs":[0.0,-7.57423]},"64o":{"weight":1.0,"played":[1.0,0.0],"evs":[0.0,-7.92461]},"74o":{"weight":1.0,"played":[0.9988,0.0012],"evs":[0.0,-5.61119]},"84o":{"weight":1.0,"played":[0.9968,0.0032],"evs":[0.0,-8.42248]},"94o":{"weight":1.0,"played":[0.9987,0.0013],"evs":[0.0,-6.63194]},"T4o":{"weight":1.0,"played":[0.999,0.001],"evs":[0.0,-7.74373]},"J4o":{"weight":1.0,"played":[1.0,0.0],"evs":[0.0,-10.3169]},"Q4o":{"weight":1.0,"played":[0.997,0.003],"evs":[0.0,-8.86124]},"K4o":{"weight":1.0,"played":[0.9924,0.0076],"evs":[0.0,-9.28157]},"A4o":{"weight":1.0,"played":[0.9951,0.0049],"evs":[0.0,-8.33395]},"52s":{"weight":1.0,"played":[0.9492,0.0508],"evs":[0.0,-5.04086]},"53s":{"weight":1.0,"played":[0.9978,0.0022],"evs":[0.0,-4.3173]},"54s":{"weight":1.0,"played":[0.9966,0.0034],"evs":[0.0,-7.98795]},"55":{"weight":1.0,"played":[0.9854,0.0146],"evs":[0.0,-5.39816]},"65o":{"weight":1.0,"played":[1.0,0.0],"evs":[0.0,-4.96816]},"75o":{"weight":1.0,"played":[0.9996,4.0E-4],"evs":[0.0,-7.28396]},"85o":{"weight":1.0,"played":[0.9978,0.0022],"evs":[0.0,-8.16938]},"95o":{"weight":1.0,"played":[0.9995,5.0E-4],"evs":[0.0,-7.19013]},"T5o":{"weight":1.0,"played":[0.9999,1.0E-4],"evs":[0.0,-8.50955]},"J5o":{"weight":1.0,"played":[0.9776,0.0224],"evs":[0.0,-8.94804]},"Q5o":{"weight":1.0,"played":[0.9996,4.0E-4],"evs":[0.0,-10.61442]},"K5o":{"weight":1.0,"played":[1.0,0.0],"evs":[0.0,-7.39049]},"A5o":{"weight":1.0,"played":[0.9973,0.0027],"evs":[0.0,-9.1793]},"62s":{"weight":1.0,"played":[0.9831,0.0169],"evs":[0.0,-6.10691]},"63s":{"weight":1.0,"played":[0.9276,0.0724],"evs":[0.0,-5.29022]},"64s":{"weight":1.0,"played":[0.9998,2.0E-4],"evs":[0.0,-2.96952]},"65s":{"weight":1.0,"played":[0.961,0.039],"evs":[0.0,-2.10753]},"66":{"weight":1.0,"played":[0.9879,0.0121],"evs":[0.0,-7.54641]},"76o":{"weight":1.0,"played":[1.0,0.0],"evs":[0.0,-4.75179]},"86o":{"weight":1.0,"played":[0.9953,0.0047],"evs":[0.0,-6.59604]},"96o":{"weight":1.0,"played":[1.0,0.0],"evs":[0.0,-9.78434]},"T6o":{"weight":1.0,"played":[0.9973,0.0027],"evs":[0.0,-5.54184]},"J6o":{"weight":1.0,"played":[1.0,0.0],"evs":[0.0,-8.15398]},"Q6o":{"weight":1.0,"played":[0.9781,0.0219],"evs":[0.0,-9.06784]},"K6o":{"weight":1.0,"played":[0.9888,0.0112],"evs":[0.0,-8.57252]},"A6o":{"weight":1.0,"played":[0.9992,8.0E-4],"evs":[0.0,-7.81128]},"72s":{"weight":1.0,"played":[1.0,0.0],"evs":[0.0,-4.74916]},"73s":{"weight":1.0,"played":[0.9859,0.0141],"evs":[0.0,-5.82385]},"74s":{"weight":1.0,"played":[0.9452,0.0548],"evs":[0.0,-5.15295]},"75s":{"weight":1.0,"played":[0.876,0.124],"evs":[0.0,-4.12551]},"76s":{"weight":1.0,"played":[0.9886,0.0114],"evs":[0.0,-4.80063]},"77":{"weight":1.0,"played":[0.9985,0.0015],"evs":[0.0,-6.21563]},"87o":{"weight":1.0,"played":[0.9916,0.0084],"evs":[0.0,-6.0025]},"97o":{"weight":1.0,"played":[0.9998,2.0E-4],"evs":[0.0,-8.05238]},"T7o":{"weight":1.0,"played":[0.9853,0.0147],"evs":[0.0,-6.70648]},"J7o":{"weight":1.0,"played":[0.9979,0.0021],"evs":[0.0,-9.368]},"Q7o":{"weight":1.0,"played":[0.9992,8.0E-4],"evs":[0.0,-9.17161]},"K7o":{"weight":1.0,"played":[1.0,0.0],"evs":[0.0,-9.1527]},"A7o":{"weight":1.0,"played":[0.997,0.003],"evs":[0.0,-5.23828]},"82s":{"weight":1.0,"played":[0.9993,7.0E-4],"evs":[0.0,-10.05406]},"83s":{"weight":1.0,"played":[0.9895,0.0105],"evs":[0.0,-8.14784]},"84s":{"weight":1.0,"played":[0.9911,0.0089],"evs":[0.0,-6.85421]},"85s":{"weight":1.0,"played":[0.9464,0.0536],"evs":[0.0,-6.50147]},"86s":{"weight":1.0,"played":[1.0,0.0],"evs":[0.0,-3.17925]},"87s":{"weight":1.0,"played":[0.8493,0.1507],"evs":[0.0,-5.03713]},"88":{"weight":1.0,"played":[0.7897,0.2103],"evs":[0.0,-3.85952]},"98o":{"weight":1.0,"played":[0.9947,0.0053],"evs":[0.0,-7.01309]},"T8o":{"weight":1.0,"played":[1.0,0.0],"evs":[0.0,-9.67861]},"J8o":{"weight":1.0,"played":[1.0,0.0],"evs":[0.0,-6.65844]},"Q8o":{"weight":1.0,"played":[0.9881,0.0119],"evs":[0.0,-8.82773]},"K8o":{"weight":1.0,"played":[0.992,0.008],"evs":[0.0,-7.84145]},"A8o":{"weight":1.0,"played":[0.9999,1.0E-4],"evs":[0.0,-6.84815]},"92s":{"weight":1.0,"played":[0.9866,0.0134],"evs":[0.0,-8.38582]},"93s":{"weight":1.0,"played":[1.0,0.0],"evs":[0.0,-5.91118]},"94s":{"weight":1.0,"played":[0.9809,0.0191],"evs":[0.0,-6.2511]},"95s":{"weight":1.0,"played":[0.9856,0.0144],"evs":[0.0,-6.74317]},"96s":{"weight":1.0,"played":[0.9999,1.0E-4],"evs":[0.0,-3.69582]},"97s":{"weight":1.0,"played":[0.8435,0.1565],"evs":[0.0,-4.16257]},"98s":{"weight":1.0,"played":[0.9515,0.0485],"evs":[0.0,-5.60143]},"99":{"weight":1.0,"played":[0.959,0.041],"evs":[0.0,-5.46595]},"T9o":{"weight":1.0,"played":[0.9896,0.0104],"evs":[0.0,-7.89495]},"J9o":{"weight":1.0,"played":[0.997,0.003],"evs":[0.0,-7.05337]},"Q9o":{"weight":1.0,"played":[0.9841,0.0159],"evs":[0.0,-6.82907]},"K9o":{"weight":1.0,"played":[0.9962,0.0038],"evs":[0.0,-7.91716]},"A9o":{"weight":1.0,"played":[0.9989,0.0011],"evs":[0.0,-8.4454]},"T2s":{"weight":1.0,"played":[1.0,0.0],"evs":[0.0,-7.65658]},"T3s":{"weight":1.0,"played":[0.9894,0.0106],"evs":[0.0,-5.87638]},"T4s":{"weight":1.0,"played":[0.9911,0.0089],"evs":[0.0,-6.89916]},"T5s":{"weight":1.0,"played":[0.9999,1.0E-4],"evs":[0.0,-10.64188]},"T6s":{"weight":1.0,"played":[0.9918,0.0082],"evs":[0.0,-7.93895]},"T7s":{"weight":1.0,"played":[1.0,0.0],"evs":[0.0,-7.71054]},"T8s":{"weight":1.0,"played":[0.9999,1.0E-4],"evs":[0.0,-2.37856]},"T9s":{"weight":1.0,"played":[0.7719,0.2281],"evs":[0.0,-3.92095]},"TT":{"weight":1.0,"played":[0.9991,9.0E-4],"evs":[0.0,-5.83491]},"JTo":{"weight":1.0,"played":[0.9933,0.0067],"evs":[0.0,-8.25894]},"QTo":{"weight":1.0,"played":[1.0,0.0],"evs":[0.0,-7.50502]},"KTo":{"weight":1.0,"played":[1.0,0.0],"evs":[0.0,-6.76849]},"ATo":{"weight":1.0,"played":[0.9934,0.0066],"evs":[0.0,-8.82668]},"J2s":{"weight":1.0,"played":[0.9983,0.0017],"evs":[0.0,-10.92218]},"J3s":{"weight":1.0,"played":[1.0,0.0],"evs":[0.0,-7.81345]},"J4s":{"weight":1.0,"played":[0.8706,0.1294],"evs":[0.0,-3.63307]},"J5s":{"weight":1.0,"played":[0.9973,0.0027],"evs":[0.0,-3.29329]},"J6s":{"weight":1.0,"played":[0.9938,0.0062],"evs":[0.0,-4.76832]},"J7s":{"weight":1.0,"played":[0.9624,0.0376],"evs":[0.0,-12.00475]},"J8s":{"weight":1.0,"played":[0.9975,0.0025],"evs":[0.0,-8.83677]},"J9s":{"weight":1.0,"played":[0.9932,0.0068],"evs":[0.0,-7.19565]},"JTs":{"weight":1.0,"played":[0.9487,0.0513],"evs":[0.0,-8.08208]},"JJ":{"weight":1.0,"played":[0.8735,0.1265],"evs":[0.0,-5.1357]},"QJo":{"weight":1.0,"played":[0.9858,0.0142],"evs":[0.0,-9.00672]},"KJo":{"weight":1.0,"played":[0.9914,0.0086],"evs":[0.0,-8.70626]},"AJo":{"weight":1.0,"played":[0.9946,0.0054],"evs":[0.0,-8.83287]},"Q2s":{"weight":1.0,"played":[0.9773,0.0227],"evs":[0.0,-11.52206]},"Q3s":{"weight":1.0,"played":[0.9976,0.0024],"evs":[0.0,-5.47159]},"Q4s":{"weight":1.0,"played":[0.9641,0.0359],"evs":[0.0,-6.61539]},"Q5s":{"weight":1.0,"played":[0.9963,0.0037],"evs":[0.0,-7.20139]},"Q6s":{"weight":1.0,"played":[0.9882,0.0118],"evs":[0.0,-8.0264]},"Q7s":{"weight":1.0,"played":[0.9916,0.0084],"evs":[0.0,-6.9842]},"Q8s":{"weight":1.0,"played":[0.981,0.019],"evs":[0.0,-5.07713]},"Q9s":{"weight":1.0,"played":[0.9776,0.0224],"evs":[0.0,-9.68073]},"QTs":{"weight":1.0,"played":[0.9421,0.0579],"evs":[0.0,-7.27741]},"QJs":{"weight":1.0,"played":[0.9982,0.0018],"evs":[0.0,-7.10661]},"QQ":{"weight":1.0,"played":[0.9025,0.0975],"evs":[0.0,-6.51028]},"KQo":{"weight":1.0,"played":[0.9989,0.0011],"evs":[0.0,-5.64827]},"AQo":{"weight":1.0,"played":[0.9815,0.0185],"evs":[0.0,-5.96342]},"K2s":{"weight":1.0,"played":[0.9996,4.0E-4],"evs":[0.0,-10.5621]},"K3s":{"weight":1.0,"played":[0.9993,7.0E-4],"evs":[0.0,-10.35685]},"K4s":{"weight":1.0,"played":[0.9839,0.0161],"evs":[0.0,-6.61973]},"K5s":{"weight":1.0,"played":[0.959,0.041],"evs":[0.0,-4.53797]},"K6s":{"weight":1.0,"played":[0.9975,0.0025],"evs":[0.0,-4.33752]},"K7s":{"weight":1.0,"played":[0.9809,0.0191],"evs":[0.0,-6.21401]},"K8s":{"weight":1.0,"played":[0.9882,0.0118],"evs":[0.0,-10.57149]},"K9s":{"weight":1.0,"played":[0.9934,0.0066],"evs":[0.0,-7.33748]},"KTs":{"weight":1.0,"played":[0.9779,0.0221],"evs":[0.0,-8.49544]},"KJs":{"weight":1.0,"played":[0.9895,0.0105],"evs":[0.0,-8.6602]},"KQs":{"weight":1.0,"played":[0.9967,0.0033],"evs":[0.0,-10.58174]},"KK":{"weight":1.0,"played":[0.0784,0.9216],"evs":[0.0,6.39456]},"AKo":{"weight":1.0,"played":[0.8676,0.1324],"evs":[0.0,-2.53298]},"A2s":{"weight":1.0,"played":[0.9774,0.0226],"evs":[0.0,-6.31008]},"A3s":{"weight":1.0,"played":[0.9519,0.0481],"evs":[0.0,-10.23107]},"A4s":{"weight":1.0,"played":[0.9852,0.0148],"evs":[0.0,-2.4705]},"A5s":{"weight":1.0,"played":[0.9994,6.0E-4],"evs":[0.0,-2.74353]},"A6s":{"weight":1.0,"played":[0.9874,0.0126],"evs":[0.0,-5.7346]},"A7s":{"weight":1.0,"played":[0.9936,0.0064],"evs":[0.0,-2.70589]},"A8s":{"weight":1.0,"played":[0.9668,0.0332],"evs":[0.0,-3.17453]},"A9s":{"weight":1.0,"played":[0.9587,0.0413],"evs":[0.0,-11.07956]},"ATs":{"weight":1.0,"played":[0.9973,0.0027],"evs":[0.0,-8.70614]},"AJs":{"weight":1.0,"played":[0.9922,0.0078],"evs":[0.0,-8.68154]},"AQs":{"weight":1.0,"played":[0.4299,0.5701],"evs":[0.0,5.78132]},"AKs":{"weight":1.0,"played":[0.5607,0.4393],"evs":[0.0,-0.83656]},"AA":{"weight":1.0,"played":[0.0,1.0],"evs":[0.0,3.02739]}}}