{"player":6,"street":0,"children":2,"sequence":[{"player":0,"type":"R","amount":26350000,"street":0},{"player":1,"type":"C","amount":26350000,"street":0},{"player":2,"type":"R","amount":34350000,"street":0},{"player":3,"type":"C","amount":4130000,"street":0},{"player":4,"type":"F","amount":0,"street":0},{"player":5,"type":"C","amount":14516800,"street":0}],"actions":[{"type":"F","amount":0,"node":222},{"type":"R","amount":41950000,"node":223}],"hands":{"22":{"weight":1.0,"played":[1.0,0.0],"evs":[0.0,-3.67302]},"32o":{"weight":1.0,"played":[0.409,0.591],"evs":[0.0,-1.04426]},"42o":{"weight":1.0,"played":[0.7028,0.2972],"evs":[0.0,-2.41265]},"52o":{"weight":1.0,"played":[0.4555,0.5445],"evs":[0.0,-1.49175]},"62o":{"weight":1.0,"played":[1.0,0.0],"evs":[0.0,19.42245]},"72o":{"weight":1.0,"played":[0.0976,0.9024],"evs":[0.0,5.65941]},"82o":{"weight":1.0,"played":[0.3797,0.6203],"evs":[0.0,-1.9226]},"92o":{"weight":1.0,"played":[0.8653,0.1347],"evs":[0.0,5.19992]},"T2o":{"weight":1.0,"played":[0.9657,0.0343],"evs":[0.0,-6.87551]},"J2o":{"weight":1.0,"played":[0.7482,0.2518],"evs":[0.0,1.56436]},"Q2o":{"weight":1.0,"played":[0.8552,0.1448],"evs":[0.0,-3.7378]},"K2o":{"weight":1.0,"played":[0.8577,0.1423],"evs":[0.0,7.35836]},"A2o":{"weight":1.0,"played":[0.8795,0.1205],"evs":[0.0,-4.42043]},"32s":{"weight":1.0,"played":[1.0,0.0],"evs":[0.0,-6.55483]},"33":{"weight":1.0,"played":[0.4444,0.5556],"evs":[0.0,5.50316]},"43o":{"weight":1.0,"played":[1.0,0.0],"evs":[0.0,10.96212]},"53o":{"weight":1.0,"played":[0.6043,0.3957],"evs":[0.0,-1.19656]},"63o":{"weight":1.0,"played":[0.9893,0.0107],"evs":[0.0,-4.63164]},"73o":{"weight":1.0,"played":[0.4839,0.5161],"evs":[0.0,-0.8273]},"83o":{"weight":1.0,"played":[0.8252,0.1748],"evs":[0.0,-0.79102]},"93o":{"weight":1.0,"played":[0.9955,0.0045],"evs":[0.0,-3.59053]},"T3o":{"weight":1.0,"played":[0.9942,0.0058],"evs":[0.0,-6.03338]},"J3o":{"weight":1.0,"played":[1.0,0.0],"evs":[0.0,-5.31494]},"Q3o":{"weight":1.0,"played":[1.0,0.0],"evs":[0.0,-2.28871]},"K3o":{"weight":1.0,"played":[0.4803,0.5197],"evs":[0.0,1.36657]},"A3o":{"weight":1.0,"played":[0.5,0.5],"evs":[0.0,0.0]},"42s":{"weight":1.0,"played":[0.5,0.5],"evs":[0.0,-7.43283]},"43s":{"weight":1.0,"played":[0.5,0.5],"evs":[0.0,-5.28138]},"44":{"weight":1.0,"played":[0.061,0.939],"evs":[0.0,2.31084]},"54o":{"weight":1.0,"played":[0.2799,0.7201],"evs":[0.0,-1.43709]},"64o":{"weight":1.0,"played":[0.1924,0.8076],"evs":[0.0,3.99812]},"74o":{"weight":1.0,"played":[0.9596,0.0404],"evs":[0.0,-5.59504]},"84o":{"weight":1.0,"played":[1.0,0.0],"evs":[0.0,-5.53023]},"94o":{"weight":1.0,"played":[0.0,1.0],"evs":[0.0,3.49255]},"T4o":{"weight":1.0,"played":[0.9061,0.0939],"evs":[0.0,-6.00387]},"J4o":{"weight":1.0,"played":[1.0,0.0],"evs":[0.0,-4.93942]},"Q4o":{"weight":1.0,"played":[0.6215,0.3785],"evs":[0.0,-0.26094]},"K4o":{"weight":1.0,"played":[1.0,0.0],"evs":[0.0,-2.06358]},"A4o":{"weight":1.0,"played":[0.6708,0.3292],"evs":[0.0,-3.3311]},"52s":{"weight":1.0,"played":[0.5,0.5],"evs":[0.0,-4.25944]},"53s":{"weight":1.0,"played":[0.854,0.146],"evs":[0.0,-5.69675]},"54s":{"weight":1.0,"played":[0.4825,0.5175],"evs":[0.0,-3.6168]},"55":{"weight":1.0,"played":[0.5,0.5],"evs":[0.0,19.80482]},"65o":{"weight":1.0,"played":[0.9997,3.0E-4],"evs":[0.0,-3.5409]},"75o":{"weight":1.0,"played":[0.9954,0.0046],"evs":[0.0,-6.22209]},"85o":{"weight":1.0,"played":[0.9767,0.0233],"evs":[0.0,-4.91292]},"95o":{"weight":1.0,"played":[1.0,0.0],"evs":[0.0,-4.25944]},"T5o":{"weight":1.0,"played":[0.6214,0.3786],"evs":[0.0,-0.38255]},"J5o":{"weight":1.0,"played":[0.747,0.253],"evs":[0.0,-3.93446]},"Q5o":{"weight":1.0,"played":[0.132,0.868],"evs":[0.0,-0.68159]},"K5o":{"weight":1.0,"played":[1.0,0.0],"evs":[0.0,-0.01877]},"A5o":{"weight":1.0,"played":[0.757,0.243],"evs":[0.0,-5.37622]},"62s":{"weight":1.0,"played":[0.4183,0.5817],"evs":[0.0,0.84182]},"63s":{"weight":1.0,"played":[0.9013,0.0987],"evs":[0.0,-6.20784]},"64s":{"weight":1.0,"played":[0.5,0.5],"evs":[0.0,-4.22982]},"65s":{"weight":1.0,"played":[0.5,0.5],"evs":[0.0,20.08115]},"66":{"weight":1.0,"played":[0.8047,0.1953],"evs":[0.0,-5.13813]},"76o":{"weight":1.0,"played":[0.9766,0.0234],"evs":[0.0,-5.26385]},"86o":{"weight":1.0,"played":[0.6938,0.3062],"evs":[0.0,-6.87647]},"96o":{"weight":1.0,"played":[0.5379,0.4621],"evs":[0.0,4.44513]},"T6o":{"weight":1.0,"played":[0.5,0.5],"evs":[0.0,-4.22982]},"J6o":{"weight":1.0,"played":[1.0,0.0],"evs":[0.0,-3.50034]},"Q6o":{"weight":1.0,"played":[0.0,1.0],"evs":[0.0,-4.22982]},"K6o":{"weight":1.0,"played":[0.9991,9.0E-4],"evs":[0.0,-5.60632]},"A6o":{"weight":1.0,"played":[0.5,0.5],"evs":[0.0,-3.98868]},"72s":{"weight":1.0,"played":[0.927,0.073],"evs":[0.0,-6.0272]},"73s":{"weight":1.0,"played":[0.5,0.5],"evs":[0.0,0.0]},"74s":{"weight":1.0,"played":[1.0,0.0],"evs":[0.0,20.74537]},"75s":{"weight":1.0,"played":[1.0,0.0],"evs":[0.0,-4.22982]},"76s":{"weight":1.0,"played":[0.4162,0.5838],"evs":[0.0,5.33811]},"77":{"weight":1.0,"played":[0.0,1.0],"evs":[0.0,-5.28138]},"87o":{"weight":1.0,"played":[0.9495,0.0505],"evs":[0.0,-5.79824]},"97o":{"weight":1.0,"played":[0.9536,0.0464],"evs":[0.0,-4.39627]},"T7o":{"weight":1.0,"played":[0.9907,0.0093],"evs":[0.0,6.57425]},"J7o":{"weight":1.0,"played":[0.9582,0.0418],"evs":[0.0,5.78456]},"Q7o":{"weight":1.0,"played":[1.0,0.0],"evs":[0.0,-5.46591]},"K7o":{"weight":1.0,"played":[0.7874,0.2126],"evs":[0.0,-6.73678]},"A7o":{"weight":1.0,"played":[0.9136,0.0864],"evs":[0.0,-5.46068]},"82s":{"weight":1.0,"played":[0.5,0.5],"evs":[0.0,3.664]},"83s":{"weight":1.0,"played":[0.5,0.5],"evs":[0.0,8.12562]},"84s":{"weight":1.0,"played":[0.304,0.696],"evs":[0.0,-0.11052]},"85s":{"weight":1.0,"played":[1.0,0.0],"evs":[0.0,-5.46591]},"86s":{"weight":1.0,"played":[0.7536,0.2464],"evs":[0.0,-6.55436]},"87s":{"weight":1.0,"played":[0.9465,0.0535],"evs":[0.0,-5.37107]},"88":{"weight":1.0,"played":[0.7585,0.2415],"evs":[0.0,-2.52968]},"98o":{"weight":1.0,"played":[0.9896,0.0104],"evs":[0.0,-1.91973]},"T8o":{"weight":1.0,"played":[0.0065,0.9935],"evs":[0.0,1.57624]},"J8o":{"weight":1.0,"played":[0.9611,0.0389],"evs":[0.0,3.87608]},"Q8o":{"weight":1.0,"played":[0.9277,0.0723],"evs":[0.0,-5.69783]},"K8o":{"weight":1.0,"played":[0.5,0.5],"evs":[0.0,-0.95878]},"A8o":{"weight":1.0,"played":[0.9765,0.0235],"evs":[0.0,19.26609]},"92s":{"weight":1.0,"played":[0.5,0.5],"evs":[0.0,-7.95411]},"93s":{"weight":1.0,"played":[0.5,0.5],"evs":[0.0,3.93577]},"94s":{"weight":1.0,"played":[0.077,0.923],"evs":[0.0,1.02407]},"95s":{"weight":1.0,"played":[0.892,0.108],"evs":[0.0,-3.77216]},"96s":{"weight":1.0,"played":[0.5,0.5],"evs":[0.0,-5.46591]},"97s":{"weight":1.0,"played":[1.0,0.0],"evs":[0.0,-6.68484]},"98s":{"weight":1.0,"played":[0.7521,0.2479],"evs":[0.0,-3.86434]},"99":{"weight":1.0,"played":[0.5,0.5],"evs":[0.0,0.0]},"T9o":{"weight":1.0,"played":[0.9249,0.0751],"evs":[0.0,-4.573]},"J9o":{"weight":1.0,"played":[0.7581,0.2419],"evs":[0.0,-5.88299]},"Q9o":{"weight":1.0,"played":[0.9923,0.0077],"evs":[0.0,-5.68998]},"K9o":{"weight":1.0,"played":[1.0,0.0],"evs":[0.0,-3.07009]},"A9o":{"weight":1.0,"played":[0.5,0.5],"evs":[0.0,0.0]},"T2s":{"weight":1.0,"played":[0.5,0.5],"evs":[0.0,0.0]},"T3s":{"weight":1.0,"played":[0.5,0.5],"evs":[0.0,19.84391]},"T4s":{"weight":1.0,"played":[0.5,0.5],"evs":[0.0,-5.60118]},"T5s":{"weight":1.0,"played":[0.9319,0.0681],"evs":[0.0,-5.29262]},"T6s":{"weight":1.0,"played":[0.8501,0.1499],"evs":[0.0,-1.06208]},"T7s":{"weight":1.0,"played":[0.5,0.5],"evs":[0.0,-4.22982]},"T8s":{"weight":1.0,"played":[0.5,0.5],"evs":[0.0,-6.31715]},"T9s":{"weight":1.0,"played":[0.5,0.5],"evs":[0.0,-6.31715]},"TT":{"weight":1.0,"played":[0.5,0.5],"evs":[0.0,-4.22982]},"JTo":{"weight":1.0,"played":[0.4658,0.5342],"evs":[0.0,0.95854]},"QTo":{"weight":1.0,"played":[0.7977,0.2023],"evs":[0.0,-3.15904]},"KTo":{"weight":1.0,"played":[1.0,0.0],"evs":[0.0,-5.94712]},"ATo":{"weight":1.0,"played":[0.991,0.009],"evs":[0.0,-3.50993]},"J2s":{"weight":1.0,"played":[0.1086,0.8914],"evs":[0.0,-0.2876]},"J3s":{"weight":1.0,"played":[0.5,0.5],"evs":[0.0,0.0]},"J4s":{"weight":1.0,"played":[1.0,0.0],"evs":[0.0,-3.5391]},"J5s":{"weight":1.0,"played":[0.5,0.5],"evs":[0.0,0.0]},"J6s":{"weight":1.0,"played":[0.932,0.068],"evs":[0.0,5.32937]},"J7s":{"weight":1.0,"played":[1.0,0.0],"evs":[0.0,-5.46591]},"J8s":{"weight":1.0,"played":[0.5,0.5],"evs":[0.0,-0.95878]},"J9s":{"weight":1.0,"played":[0.0106,0.9894],"evs":[0.0,5.75411]},"JTs":{"weight":1.0,"played":[0.7684,0.2316],"evs":[0.0,-3.32748]},"JJ":{"weight":1.0,"played":[0.4615,0.5385],"evs":[0.0,7.73091]},"QJo":{"weight":1.0,"played":[0.4623,0.5377],"evs":[0.0,1.84105]},"KJo":{"weight":1.0,"played":[0.7123,0.2877],"evs":[0.0,-2.54096]},"AJo":{"weight":1.0,"played":[0.9786,0.0214],"evs":[0.0,-1.12637]},"Q2s":{"weight":1.0,"played":[0.5,0.5],"evs":[0.0,-6.31715]},"Q3s":{"weight":1.0,"played":[0.5,0.5],"evs":[0.0,0.0]},"Q4s":{"weight":1.0,"played":[0.5,0.5],"evs":[0.0,0.0]},"Q5s":{"weight":1.0,"played":[0.5,0.5],"evs":[0.0,0.0]},"Q6s":{"weight":1.0,"played":[0.5,0.5],"evs":[0.0,0.0]},"Q7s":{"weight":1.0,"played":[1.0,0.0],"evs":[0.0,-3.16948]},"Q8s":{"weight":1.0,"played":[0.924,0.076],"evs":[0.0,-5.29473]},"Q9s":{"weight":1.0,"played":[0.8226,0.1774],"evs":[0.0,-5.03789]},"QTs":{"weight":1.0,"played":[0.5,0.5],"evs":[0.0,-6.45681]},"QJs":{"weight":1.0,"played":[0.5,0.5],"evs":[0.0,0.0]},"QQ":{"weight":1.0,"played":[0.5,0.5],"evs":[0.0,19.80483]},"KQo":{"weight":1.0,"played":[0.643,0.357],"evs":[0.0,-1.85696]},"AQo":{"weight":1.0,"played":[0.074,0.926],"evs":[0.0,1.48197]},"K2s":{"weight":1.0,"played":[0.5,0.5],"evs":[0.0,-5.57033]},"K3s":{"weight":1.0,"played":[0.5,0.5],"evs":[0.0,-4.22982]},"K4s":{"weight":1.0,"played":[0.5,0.5],"evs":[0.0,-0.95878]},"K5s":{"weight":1.0,"played":[0.5,0.5],"evs":[0.0,0.0]},"K6s":{"weight":1.0,"played":[0.5,0.5],"evs":[0.0,-7.19134]},"K7s":{"weight":1.0,"played":[0.5,0.5],"evs":[0.0,0.0]},"K8s":{"weight":1.0,"played":[0.5,0.5],"evs":[0.0,0.0]},"K9s":{"weight":1.0,"played":[0.5,0.5],"evs":[0.0,0.0]},"KTs":{"weight":1.0,"played":[0.5,0.5],"evs":[0.0,-5.22734]},"KJs":{"weight":1.0,"played":[0.5,0.5],"evs":[0.0,0.0]},"KQs":{"weight":1.0,"played":[0.17,0.83],"evs":[0.0,2.5907]},"KK":{"weight":1.0,"played":[0.5,0.5],"evs":[0.0,3.66679]},"AKo":{"weight":1.0,"played":[0.9945,0.0055],"evs":[0.0,-6.25502]},"A2s":{"weight":1.0,"played":[0.5,0.5],"evs":[0.0,0.0]},"A3s":{"weight":1.0,"played":[0.5,0.5],"evs":[0.0,11.87432]},"A4s":{"weight":1.0,"played":[0.5,0.5],"evs":[0.0,0.0]},"A5s":{"weight":1.0,"played":[0.5,0.5],"evs":[0.0,-3.82098]},"A6s":{"weight":1.0,"played":[0.5,0.5],"evs":[0.0,-6.47458]},"A7s":{"weight":1.0,"played":[1.0,0.0],"evs":[0.0,-5.46591]},"A8s":{"weight":1.0,"played":[0.9332,0.0668],"evs":[0.0,-6.458]},"A9s":{"weight":1.0,"played":[0.5,0.5],"evs":[0.0,-3.99259]},"ATs":{"weight":1.0,"played":[0.8056,0.1944],"evs":[0.0,-5.78802]},"AJs":{"weight":1.0,"played":[0.5,0.5],"evs":[0.0,0.0]},"AQs":{"weight":1.0,"played":[0.5,0.5],"evs":[0.0,-6.5089]},"AKs":{"weight":1.0,"played":[0.5,0.5],"evs":[0.0,0.0]},"AA":{"weight":1.0,"played":[0.0,1.0],"evs":[0.0,18.72316]}}}