{"player":5,"street":0,"children":2,"sequence":[{"player":0,"type":"R","amount":26350000,"street":0},{"player":1,"type":"C","amount":26350000,"street":0},{"player":2,"type":"R","amount":34350000,"street":0},{"player":3,"type":"C","amount":4130000,"street":0},{"player":4,"type":"R","amount":61485900,"street":0}],"actions":[{"type":"F","amount":0,"node":225},{"type":"C","amount":14516800,"node":228}],"hands":{"22":{"weight":1.0,"played":[0.7776,0.2224],"evs":[0.0,-6.93986]},"32o":{"weight":1.0,"played":[0.9606,0.0394],"evs":[0.0,-3.27885]},"42o":{"weight":1.0,"played":[0.6611,0.3389],"evs":[0.0,-4.0E-5]},"52o":{"weight":1.0,"played":[0.9278,0.0722],"evs":[0.0,-7.68786]},"62o":{"weight":1.0,"played":[0.9591,0.0409],"evs":[0.0,-3.4651]},"72o":{"weight":1.0,"played":[0.9683,0.0317],"evs":[0.0,-6.26886]},"82o":{"weight":1.0,"played":[1.0,0.0],"evs":[0.0,-6.86302]},"92o":{"weight":1.0,"played":[0.9537,0.0463],"evs":[0.0,-5.90903]},"T2o":{"weight":1.0,"played":[1.0,0.0],"evs":[0.0,-7.65773]},"J2o":{"weight":1.0,"played":[0.9877,0.0123],"evs":[0.0,-2.32314]},"Q2o":{"weight":1.0,"played":[1.0,0.0],"evs":[0.0,-8.09156]},"K2o":{"weight":1.0,"played":[0.8041,0.1959],"evs":[0.0,-4.3315]},"A2o":{"weight":1.0,"played":[0.95,0.05],"evs":[0.0,-6.27552]},"32s":{"weight":1.0,"played":[0.9875,0.0125],"evs":[0.0,-7.60613]},"33":{"weight":1.0,"played":[0.8324,0.1676],"evs":[0.0,-5.04143]},"43o":{"weight":1.0,"played":[1.0,0.0],"evs":[0.0,-4.23501]},"53o":{"weight":1.0,"played":[0.9776,0.0224],"evs":[0.0,-4.10175]},"63o":{"weight":1.0,"played":[1.0,0.0],"evs":[0.0,-4.16699]},"73o":{"weight":1.0,"played":[1.0,0.0],"evs":[0.0,-4.45422]},"83o":{"weight":1.0,"played":[0.97,0.03],"evs":[0.0,-3.52709]},"93o":{"weight":1.0,"played":[1.0,0.0],"evs":[0.0,-3.65362]},"T3o":{"weight":1.0,"played":[0.5513,0.4487],"evs":[0.0,-1.79095]},"J3o":{"weight":1.0,"played":[1.0,0.0],"evs":[0.0,-3.90573]},"Q3o":{"weight":1.0,"played":[0.3411,0.6589],"evs":[0.0,4.8277]},"K3o":{"weight":1.0,"played":[1.0,0.0],"evs":[0.0,-2.99167]},"A3o":{"weight":1.0,"played":[1.0,0.0],"evs":[0.0,-4.12236]},"42s":{"weight":1.0,"played":[0.8033,0.1967],"evs":[0.0,-0.28283]},"43s":{"weight":1.0,"played":[0.3318,0.6682],"evs":[0.0,-2.73343]},"44":{"weight":1.0,"played":[0.8836,0.1164],"evs":[0.0,-6.84035]},"54o":{"weight":1.0,"played":[0.9982,0.0018],"evs":[0.0,-0.4389]},"64o":{"weight":1.0,"played":[0.9717,0.0283],"evs":[0.0,-6.12729]},"74o":{"weight":1.0,"played":[0.6742,0.3258],"evs":[0.0,-0.70149]},"84o":{"weight":1.0,"played":[0.8939,0.1061],"evs":[0.0,-4.49007]},"94o":{"weight":1.0,"played":[1.0,0.0],"evs":[0.0,-7.45054]},"T4o":{"weight":1.0,"played":[0.865,0.135],"evs":[0.0,-1.06232]},"J4o":{"weight":1.0,"played":[0.8654,0.1346],"evs":[0.0,-6.44399]},"Q4o":{"weight":1.0,"played":[0.9374,0.0626],"evs":[0.0,-3.88824]},"K4o":{"weight":1.0,"played":[1.0,0.0],"evs":[0.0,-7.66766]},"A4o":{"weight":1.0,"played":[0.9974,0.0026],"evs":[0.0,-6.65925]},"52s":{"weight":1.0,"played":[0.9977,0.0023],"evs":[0.0,-4.07896]},"53s":{"weight":1.0,"played":[1.0,0.0],"evs":[0.0,-5.85699]},"54s":{"weight":1.0,"played":[0.3852,0.6148],"evs":[0.0,-3.11239]},"55":{"weight":1.0,"played":[0.7243,0.2757],"evs":[0.0,-0.96123]},"65o":{"weight":1.0,"played":[0.96,0.04],"evs":[0.0,-5.47089]},"75o":{"weight":1.0,"played":[0.7418,0.2582],"evs":[0.0,-5.60858]},"85o":{"weight":1.0,"played":[0.9091,0.0909],"evs":[0.0,-7.36702]},"95o":{"weight":1.0,"played":[0.9999,1.0E-4],"evs":[0.0,-4.23907]},"T5o":{"weight":1.0,"played":[0.9994,6.0E-4],"evs":[0.0,-6.00118]},"J5o":{"weight":1.0,"played":[0.8427,0.1573],"evs":[0.0,-5.00973]},"Q5o":{"weight":1.0,"played":[1.0,0.0],"evs":[0.0,-7.59191]},"K5o":{"weight":1.0,"played":[1.0,0.0],"evs":[0.0,-6.17081]},"A5o":{"weight":1.0,"played":[0.8692,0.1308],"evs":[0.0,-6.16137]},"62s":{"weight":1.0,"played":[1.0,0.0],"evs":[0.0,-7.11856]},"63s":{"weight":1.0,"played":[0.995,0.005],"evs":[0.0,-6.56194]},"64s":{"weight":1.0,"played":[0.9409,0.0591],"evs":[0.0,-7.43402]},"65s":{"weight":1.0,"played":[0.5274,0.4726],"evs":[0.0,8.75395]},"66":{"weight":1.0,"played":[1.0,0.0],"evs":[0.0,-4.62698]},"76o":{"weight":1.0,"played":[1.0,0.0],"evs":[0.0,-5.0638]},"86o":{"weight":1.0,"played":[0.838,0.162],"evs":[0.0,-2.10328]},"96o":{"weight":1.0,"played":[0.5181,0.4819],"evs":[0.0,-2.62068]},"T6o":{"weight":1.0,"played":[0.9945,0.0055],"evs":[0.0,-7.19026]},"J6o":{"weight":1.0,"played":[0.9976,0.0024],"evs":[0.0,-6.97432]},"Q6o":{"weight":1.0,"played":[0.9787,0.0213],"evs":[0.0,-5.47867]},"K6o":{"weight":1.0,"played":[0.9873,0.0127],"evs":[0.0,-5.17035]},"A6o":{"weight":1.0,"played":[1.0,0.0],"evs":[0.0,-4.67697]},"72s":{"weight":1.0,"played":[0.3193,0.6807],"evs":[0.0,14.1546]},"73s":{"weight":1.0,"played":[0.7236,0.2764],"evs":[0.0,-2.99788]},"74s":{"weight":1.0,"played":[0.825,0.175],"evs":[0.0,-6.13113]},"75s":{"weight":1.0,"played":[0.5334,0.4666],"evs":[0.0,-6.1362]},"76s":{"weight":1.0,"played":[0.9965,0.0035],"evs":[0.0,-7.44131]},"77":{"weight":1.0,"played":[0.9839,0.0161],"evs":[0.0,-4.08279]},"87o":{"weight":1.0,"played":[1.0,0.0],"evs":[0.0,-3.81483]},"97o":{"weight":1.0,"played":[0.9009,0.0991],"evs":[0.0,-5.49107]},"T7o":{"weight":1.0,"played":[1.0,0.0],"evs":[0.0,-7.76263]},"J7o":{"weight":1.0,"played":[0.927,0.073],"evs":[0.0,-1.88971]},"Q7o":{"weight":1.0,"played":[1.0,0.0],"evs":[0.0,-6.63042]},"K7o":{"weight":1.0,"played":[1.0,0.0],"evs":[0.0,-2.78284]},"A7o":{"weight":1.0,"played":[0.9835,0.0165],"evs":[0.0,-5.93966]},"82s":{"weight":1.0,"played":[0.5752,0.4248],"evs":[0.0,-0.36601]},"83s":{"weight":1.0,"played":[0.9629,0.0371],"evs":[0.0,-6.48908]},"84s":{"weight":1.0,"played":[0.9541,0.0459],"evs":[0.0,-7.84142]},"85s":{"weight":1.0,"played":[0.9338,0.0662],"evs":[0.0,-8.10998]},"86s":{"weight":1.0,"played":[1.0,0.0],"evs":[0.0,-7.03934]},"87s":{"weight":1.0,"played":[1.0,0.0],"evs":[0.0,-7.05885]},"88":{"weight":1.0,"played":[0.9793,0.0207],"evs":[0.0,-2.03079]},"98o":{"weight":1.0,"played":[1.0,0.0],"evs":[0.0,-5.10018]},"T8o":{"weight":1.0,"played":[0.9821,0.0179],"evs":[0.0,-6.75662]},"J8o":{"weight":1.0,"played":[1.0,0.0],"evs":[0.0,-3.7467]},"Q8o":{"weight":1.0,"played":[0.996,0.004],"evs":[0.0,-4.23327]},"K8o":{"weight":1.0,"played":[0.962,0.038],"evs":[0.0,-8.0057]},"A8o":{"weight":1.0,"played":[0.9406,0.0594],"evs":[0.0,-3.34896]},"92s":{"weight":1.0,"played":[0.5,0.5],"evs":[0.0,0.0]},"93s":{"weight":1.0,"played":[0.4423,0.5577],"evs":[0.0,0.52741]},"94s":{"weight":1.0,"played":[0.9925,0.0075],"evs":[0.0,2.36121]},"95s":{"weight":1.0,"played":[0.3313,0.6687],"evs":[0.0,-2.83457]},"96s":{"weight":1.0,"played":[0.6731,0.3269],"evs":[0.0,-3.70943]},"97s":{"weight":1.0,"played":[0.9781,0.0219],"evs":[0.0,2.31283]},"98s":{"weight":1.0,"played":[0.9023,0.0977],"evs":[0.0,4.94518]},"99":{"weight":1.0,"played":[0.9944,0.0056],"evs":[0.0,-7.94839]},"T9o":{"weight":1.0,"played":[1.0,0.0],"evs":[0.0,-2.73287]},"J9o":{"weight":1.0,"played":[0.6655,0.3345],"evs":[0.0,-5.51373]},"Q9o":{"weight":1.0,"played":[0.9946,0.0054],"evs":[0.0,-5.08781]},"K9o":{"weight":1.0,"played":[0.888,0.112],"evs":[0.0,-5.78177]},"A9o":{"weight":1.0,"played":[0.9946,0.0054],"evs":[0.0,-8.79781]},"T2s":{"weight":1.0,"played":[1.0,0.0],"evs":[0.0,-2.42945]},"T3s":{"weight":1.0,"played":[0.8623,0.1377],"evs":[0.0,-6.66463]},"T4s":{"weight":1.0,"played":[1.0,0.0],"evs":[0.0,-7.74374]},"T5s":{"weight":1.0,"played":[0.5,0.5],"evs":[0.0,-8.54871]},"T6s":{"weight":1.0,"played":[0.5943,0.4057],"evs":[0.0,-7.60938]},"T7s":{"weight":1.0,"played":[0.5945,0.4055],"evs":[0.0,-1.30936]},"T8s":{"weight":1.0,"played":[0.9598,0.0402],"evs":[0.0,-7.3535]},"T9s":{"weight":1.0,"played":[0.7418,0.2582],"evs":[0.0,0.38875]},"TT":{"weight":1.0,"played":[0.9749,0.0251],"evs":[0.0,-1.3836]},"JTo":{"weight":1.0,"played":[1.0,0.0],"evs":[0.0,-6.71287]},"QTo":{"weight":1.0,"played":[0.2501,0.7499],"evs":[0.0,4.53931]},"KTo":{"weight":1.0,"played":[1.0,0.0],"evs":[0.0,-2.4094]},"ATo":{"weight":1.0,"played":[0.9042,0.0958],"evs":[0.0,-6.03016]},"J2s":{"weight":1.0,"played":[0.9332,0.0668],"evs":[0.0,-7.24447]},"J3s":{"weight":1.0,"played":[1.0,0.0],"evs":[0.0,-5.81855]},"J4s":{"weight":1.0,"played":[0.8993,0.1007],"evs":[0.0,-9.79981]},"J5s":{"weight":1.0,"played":[0.9942,0.0058],"evs":[0.0,-5.39176]},"J6s":{"weight":1.0,"played":[1.0,0.0],"evs":[0.0,6.75708]},"J7s":{"weight":1.0,"played":[0.5388,0.4612],"evs":[0.0,-1.76602]},"J8s":{"weight":1.0,"played":[0.5,0.5],"evs":[0.0,-8.99739]},"J9s":{"weight":1.0,"played":[0.9425,0.0575],"evs":[0.0,-7.21696]},"JTs":{"weight":1.0,"played":[0.8801,0.1199],"evs":[0.0,-7.83833]},"JJ":{"weight":1.0,"played":[0.599,0.401],"evs":[0.0,-8.62623]},"QJo":{"weight":1.0,"played":[0.855,0.145],"evs":[0.0,-3.68127]},"KJo":{"weight":1.0,"played":[0.7455,0.2545],"evs":[0.0,-7.23399]},"AJo":{"weight":1.0,"played":[0.6914,0.3086],"evs":[0.0,-5.64126]},"Q2s":{"weight":1.0,"played":[0.5,0.5],"evs":[0.0,15.68258]},"Q3s":{"weight":1.0,"played":[1.0,0.0],"evs":[0.0,-6.8548]},"Q4s":{"weight":1.0,"played":[0.7509,0.2491],"evs":[0.0,-6.56385]},"Q5s":{"weight":1.0,"played":[0.9074,0.0926],"evs":[0.0,-6.9881]},"Q6s":{"weight":1.0,"played":[0.6169,0.3831],"evs":[0.0,-4.42869]},"Q7s":{"weight":1.0,"played":[0.3481,0.6519],"evs":[0.0,0.85468]},"Q8s":{"weight":1.0,"played":[0.8302,0.1698],"evs":[0.0,-6.37242]},"Q9s":{"weight":1.0,"played":[0.3355,0.6645],"evs":[0.0,-3.06346]},"QTs":{"weight":1.0,"played":[0.4563,0.5437],"evs":[0.0,-4.96865]},"QJs":{"weight":1.0,"played":[0.9509,0.0491],"evs":[0.0,-7.4058]},"QQ":{"weight":1.0,"played":[0.5704,0.4296],"evs":[0.0,0.79298]},"KQo":{"weight":1.0,"played":[0.8927,0.1073],"evs":[0.0,-8.43465]},"AQo":{"weight":1.0,"played":[1.0,0.0],"evs":[0.0,-8.20428]},"K2s":{"weight":1.0,"played":[0.9591,0.0409],"evs":[0.0,-7.35062]},"K3s":{"weight":1.0,"played":[1.0,0.0],"evs":[0.0,-6.17081]},"K4s":{"weight":1.0,"played":[0.9081,0.0919],"evs":[0.0,-6.25495]},"K5s":{"weight":1.0,"played":[0.8548,0.1452],"evs":[0.0,-5.96084]},"K6s":{"weight":1.0,"played":[0.5,0.5],"evs":[0.0,0.0]},"K7s":{"weight":1.0,"played":[0.6435,0.3565],"evs":[0.0,-1.35544]},"K8s":{"weight":1.0,"played":[0.9583,0.0417],"evs":[0.0,-7.48283]},"K9s":{"weight":1.0,"played":[0.9344,0.0656],"evs":[0.0,0.44344]},"KTs":{"weight":1.0,"played":[0.622,0.378],"evs":[0.0,-4.13268]},"KJs":{"weight":1.0,"played":[0.9593,0.0407],"evs":[0.0,-7.16578]},"KQs":{"weight":1.0,"played":[0.9293,0.0707],"evs":[0.0,-7.26078]},"KK":{"weight":1.0,"played":[0.9527,0.0473],"evs":[0.0,1.24088]},"AKo":{"weight":1.0,"played":[0.8581,0.1419],"evs":[0.0,-7.21077]},"A2s":{"weight":1.0,"played":[0.7908,0.2092],"evs":[0.0,-6.14871]},"A3s":{"weight":1.0,"played":[0.8828,0.1172],"evs":[0.0,-7.54715]},"A4s":{"weight":1.0,"played":[0.9511,0.0489],"evs":[0.0,-0.76938]},"A5s":{"weight":1.0,"played":[0.46,0.54],"evs":[0.0,11.3601]},"A6s":{"weight":1.0,"played":[0.9649,0.0351],"evs":[0.0,-6.57135]},"A7s":{"weight":1.0,"played":[0.6999,0.3001],"evs":[0.0,-7.64164]},"A8s":{"weight":1.0,"played":[0.8713,0.1287],"evs":[0.0,-6.53428]},"A9s":{"weight":1.0,"played":[0.5,0.5],"evs":[0.0,14.16842]},"ATs":{"weight":1.0,"played":[0.5738,0.4262],"evs":[0.0,-0.14895]},"AJs":{"weight":1.0,"played":[0.8022,0.1978],"evs":[0.0,-6.59953]},"AQs":{"weight":1.0,"played":[0.9505,0.0495],"evs":[0.0,-9.1123]},"AKs":{"weight":1.0,"played":[0.5,0.5],"evs":[0.0,0.0]},"AA":{"weight":1.0,"played":[0.4642,0.5358],"evs":[0.0,0.13874]}}}