{"player":1,"street":0,"children":2,"sequence":[{"player":0,"type":"R","amount":26350000,"street":0},{"player":1,"type":"C","amount":26350000,"street":0},{"player":2,"type":"R","amount":34350000,"street":0},{"player":3,"type":"C","amount":4130000,"street":0},{"player":4,"type":"R","amount":61485900,"street":0},{"player":5,"type":"F","amount":0,"street":0},{"player":6,"type":"F","amount":0,"street":0}],"actions":[{"type":"F","amount":0},{"type":"C","amount":15600000}],"hands":{"22":{"weight":0.0,"played":[0.0976,0.9024],"evs":[0.0,2.45269]},"32o":{"weight":0.0,"played":[0.9789,0.0211],"evs":[0.0,-0.3697]},"42o":{"weight":0.0,"played":[0.5827,0.4173],"evs":[0.0,0.41228]},"52o":{"weight":0.0,"played":[0.6768,0.3232],"evs":[0.0,-0.23724]},"62o":{"weight":0.0,"played":[0.3863,0.6137],"evs":[0.0,0.47858]},"72o":{"weight":0.0,"played":[0.9743,0.0257],"evs":[0.0,-0.81643]},"82o":{"weight":0.0,"played":[0.7068,0.2932],"evs":[0.0,-0.0331]},"92o":{"weight":0.0,"played":[0.6821,0.3179],"evs":[0.0,-0.62467]},"T2o":{"weight":0.0,"played":[0.0063,0.9937],"evs":[0.0,1.36687]},"J2o":{"weight":0.0,"played":[0.8551,0.1449],"evs":[0.0,-1.19804]},"Q2o":{"weight":0.0,"played":[0.3825,0.6175],"evs":[0.0,-0.52872]},"K2o":{"weight":0.0,"played":[0.6389,0.3611],"evs":[0.0,0.18349]},"A2o":{"weight":0.0,"played":[0.1474,0.8526],"evs":[0.0,1.3866]},"32s":{"weight":0.0,"played":[0.4183,0.5817],"evs":[0.0,-1.17948]},"33":{"weight":0.0,"played":[0.0881,0.9119],"evs":[0.0,0.81598]},"43o":{"weight":0.0,"played":[0.2791,0.7209],"evs":[0.0,0.53782]},"53o":{"weight":0.0,"played":[0.5659,0.4341],"evs":[0.0,-0.22344]},"63o":{"weight":0.0,"played":[0.0096,0.9904],"evs":[0.0,1.41453]},"73o":{"weight":0.0,"played":[0.3974,0.6026],"evs":[0.0,0.37062]},"83o":{"weight":0.0,"played":[0.4716,0.5284],"evs":[0.0,-0.67831]},"93o":{"weight":0.0,"played":[0.7212,0.2788],"evs":[0.0,-0.01576]},"T3o":{"weight":0.0,"played":[0.1059,0.8941],"evs":[0.0,1.13709]},"J3o":{"weight":0.0,"played":[0.6974,0.3026],"evs":[0.0,-0.28417]},"Q3o":{"weight":0.0,"played":[0.4287,0.5713],"evs":[0.0,0.47905]},"K3o":{"weight":0.0,"played":[0.3107,0.6893],"evs":[0.0,0.38712]},"A3o":{"weight":0.0,"played":[0.1414,0.8586],"evs":[0.0,0.41153]},"42s":{"weight":0.0,"played":[0.1583,0.8417],"evs":[0.0,-0.11619]},"43s":{"weight":0.0,"played":[0.192,0.808],"evs":[0.0,1.96499]},"44":{"weight":0.0,"played":[0.0808,0.9192],"evs":[0.0,3.86394]},"54o":{"weight":0.0,"played":[0.4831,0.5169],"evs":[0.0,0.60793]},"64o":{"weight":0.0,"played":[0.0405,0.9595],"evs":[0.0,0.79605]},"74o":{"weight":0.0,"played":[0.026,0.974],"evs":[0.0,0.54698]},"84o":{"weight":0.0,"played":[0.0936,0.9064],"evs":[0.0,1.10295]},"94o":{"weight":0.0,"played":[0.1432,0.8568],"evs":[0.0,0.00573]},"T4o":{"weight":0.0,"played":[0.4976,0.5024],"evs":[0.0,-0.07365]},"J4o":{"weight":0.0,"played":[0.5181,0.4819],"evs":[0.0,-1.27263]},"Q4o":{"weight":0.0,"played":[0.0406,0.9594],"evs":[0.0,0.47855]},"K4o":{"weight":0.0,"played":[0.0025,0.9975],"evs":[0.0,1.84268]},"A4o":{"weight":0.0,"played":[0.0378,0.9622],"evs":[0.0,2.58587]},"52s":{"weight":0.0,"played":[0.123,0.877],"evs":[0.0,0.36462]},"53s":{"weight":0.0,"played":[0.2493,0.7507],"evs":[0.0,2.34313]},"54s":{"weight":0.0,"played":[0.5597,0.4403],"evs":[0.0,0.31531]},"55":{"weight":0.0,"played":[0.0118,0.9882],"evs":[0.0,2.0027]},"65o":{"weight":0.0,"played":[0.0305,0.9695],"evs":[0.0,2.84649]},"75o":{"weight":0.0,"played":[0.0426,0.9574],"evs":[0.0,1.58624]},"85o":{"weight":0.0,"played":[0.0295,0.9705],"evs":[0.0,1.32729]},"95o":{"weight":0.0,"played":[0.4605,0.5395],"evs":[0.0,0.20917]},"T5o":{"weight":0.0,"played":[0.3445,0.6555],"evs":[0.0,0.23872]},"J5o":{"weight":0.0,"played":[0.0251,0.9749],"evs":[0.0,0.57391]},"Q5o":{"weight":0.0,"played":[0.4461,0.5539],"evs":[0.0,0.49173]},"K5o":{"weight":0.0,"played":[0.0532,0.9468],"evs":[0.0,1.00509]},"A5o":{"weight":0.0,"played":[0.0121,0.9879],"evs":[0.0,1.27244]},"62s":{"weight":0.0,"played":[0.7176,0.2824],"evs":[0.0,0.44724]},"63s":{"weight":0.0,"played":[0.0787,0.9213],"evs":[0.0,4.65196]},"64s":{"weight":0.0,"played":[0.0545,0.9455],"evs":[0.0,1.8909]},"65s":{"weight":0.0,"played":[0.1104,0.8896],"evs":[0.0,2.1571]},"66":{"weight":0.0,"played":[0.0262,0.9738],"evs":[0.0,1.03007]},"76o":{"weight":0.0,"played":[0.0057,0.9943],"evs":[0.0,1.18331]},"86o":{"weight":0.0,"played":[0.0166,0.9834],"evs":[0.0,2.99787]},"96o":{"weight":0.0,"played":[0.0023,0.9977],"evs":[0.0,1.14042]},"T6o":{"weight":0.0,"played":[0.0635,0.9365],"evs":[0.0,0.79993]},"J6o":{"weight":0.0,"played":[0.8062,0.1938],"evs":[0.0,-0.09082]},"Q6o":{"weight":0.0,"played":[0.1145,0.8855],"evs":[0.0,2.20029]},"K6o":{"weight":0.0,"played":[0.1252,0.8748],"evs":[0.0,0.79201]},"A6o":{"weight":0.0,"played":[0.0053,0.9947],"evs":[0.0,1.11662]},"72s":{"weight":0.0,"played":[0.8777,0.1223],"evs":[0.0,-0.74645]},"73s":{"weight":0.0,"played":[0.365,0.635],"evs":[0.0,2.37825]},"74s":{"weight":0.0,"played":[0.9354,0.0646],"evs":[0.0,-0.69966]},"75s":{"weight":0.0,"played":[0.6682,0.3318],"evs":[0.0,0.66221]},"76s":{"weight":0.0,"played":[0.0,1.0],"evs":[0.0,1.94733]},"77":{"weight":0.4663,"played":[0.089,0.911],"evs":[0.0,2.3951]},"87o":{"weight":0.0,"played":[0.0081,0.9919],"evs":[0.0,1.07915]},"97o":{"weight":0.0,"played":[0.4303,0.5697],"evs":[0.0,0.28351]},"T7o":{"weight":0.0,"played":[0.0153,0.9847],"evs":[0.0,1.10834]},"J7o":{"weight":0.0,"played":[0.052,0.948],"evs":[0.0,0.52122]},"Q7o":{"weight":0.0,"played":[0.0011,0.9989],"evs":[0.0,1.50746]},"K7o":{"weight":0.0,"played":[0.9451,0.0549],"evs":[0.0,-0.6643]},"A7o":{"weight":0.0,"played":[0.3046,0.6954],"evs":[0.0,1.79987]},"82s":{"weight":0.0,"played":[0.4437,0.5563],"evs":[0.0,0.72135]},"83s":{"weight":0.0,"played":[0.4715,0.5285],"evs":[0.0,0.51651]},"84s":{"weight":0.0,"played":[0.0064,0.9936],"evs":[0.0,2.24659]},"85s":{"weight":0.0,"played":[0.4883,0.5117],"evs":[0.0,2.92119]},"86s":{"weight":0.0,"played":[0.3544,0.6456],"evs":[0.0,0.86374]},"87s":{"weight":0.0,"played":[0.0025,0.9975],"evs":[0.0,2.63178]},"88":{"weight":0.8809,"played":[0.0051,0.9949],"evs":[0.0,4.7535]},"98o":{"weight":0.0,"played":[0.0552,0.9448],"evs":[0.0,0.8554]},"T8o":{"weight":0.0,"played":[0.0044,0.9956],"evs":[0.0,2.46651]},"J8o":{"weight":0.0,"played":[0.1735,0.8265],"evs":[0.0,0.82839]},"Q8o":{"weight":0.0,"played":[0.0098,0.9902],"evs":[0.0,1.76469]},"K8o":{"weight":0.0,"played":[0.1787,0.8213],"evs":[0.0,1.23301]},"A8o":{"weight":0.0,"played":[0.8876,0.1124],"evs":[0.0,-1.06477]},"92s":{"weight":0.0,"played":[0.2475,0.7525],"evs":[0.0,1.79066]},"93s":{"weight":0.0,"played":[0.5481,0.4519],"evs":[0.0,0.42292]},"94s":{"weight":0.0,"played":[0.6702,0.3298],"evs":[0.0,-1.14531]},"95s":{"weight":0.0,"played":[0.0147,0.9853],"evs":[0.0,5.59217]},"96s":{"weight":0.0,"played":[0.5583,0.4417],"evs":[0.0,0.1525]},"97s":{"weight":0.0,"played":[0.8362,0.1638],"evs":[0.0,-0.01333]},"98s":{"weight":0.0,"played":[0.0057,0.9943],"evs":[0.0,1.37036]},"99":{"weight":0.5309,"played":[0.0,1.0],"evs":[0.0,3.67195]},"T9o":{"weight":0.0,"played":[0.0072,0.9928],"evs":[0.0,1.14188]},"J9o":{"weight":0.0,"played":[0.7006,0.2994],"evs":[0.0,-0.48659]},"Q9o":{"weight":0.0,"played":[0.0139,0.9861],"evs":[0.0,1.10898]},"K9o":{"weight":0.0,"played":[4.0E-4,0.9996],"evs":[0.0,1.19733]},"A9o":{"weight":0.0,"played":[0.298,0.702],"evs":[0.0,0.93872]},"T2s":{"weight":0.0,"played":[0.2101,0.7899],"evs":[0.0,-0.14165]},"T3s":{"weight":0.0,"played":[0.5215,0.4785],"evs":[0.0,2.44981]},"T4s":{"weight":0.0,"played":[0.0202,0.9798],"evs":[0.0,1.58665]},"T5s":{"weight":0.0,"played":[0.5012,0.4988],"evs":[0.0,-0.41586]},"T6s":{"weight":0.0,"played":[0.493,0.507],"evs":[0.0,-0.84893]},"T7s":{"weight":0.0,"played":[0.0892,0.9108],"evs":[0.0,2.19118]},"T8s":{"weight":0.0,"played":[1.0E-4,0.9999],"evs":[0.0,3.17071]},"T9s":{"weight":0.0,"played":[0.1453,0.8547],"evs":[0.0,0.11703]},"TT":{"weight":0.6578,"played":[0.0043,0.9957],"evs":[0.0,4.70343]},"JTo":{"weight":0.0,"played":[0.2083,0.7917],"evs":[0.0,0.31522]},"QTo":{"weight":0.0,"played":[0.0519,0.9481],"evs":[0.0,1.53387]},"KTo":{"weight":0.0,"played":[0.6711,0.3289],"evs":[0.0,-0.5121]},"ATo":{"weight":0.668,"played":[0.4974,0.5026],"evs":[0.0,-0.46133]},"J2s":{"weight":0.0,"played":[0.3137,0.6863],"evs":[0.0,2.05515]},"J3s":{"weight":0.0,"played":[0.5275,0.4725],"evs":[0.0,-0.12474]},"J4s":{"weight":0.0,"played":[0.4093,0.5907],"evs":[0.0,1.95418]},"J5s":{"weight":0.0,"played":[0.8973,0.1027],"evs":[0.0,-1.74091]},"J6s":{"weight":0.0,"played":[0.3285,0.6715],"evs":[0.0,0.5095]},"J7s":{"weight":0.0,"played":[0.5614,0.4386],"evs":[0.0,-0.28989]},"J8s":{"weight":0.0,"played":[0.3725,0.6275],"evs":[0.0,1.72597]},"J9s":{"weight":0.0,"played":[0.0382,0.9618],"evs":[0.0,3.55572]},"JTs":{"weight":0.0,"played":[0.0774,0.9226],"evs":[0.0,1.45273]},"JJ":{"weight":0.8508,"played":[0.0029,0.9971],"evs":[0.0,2.83927]},"QJo":{"weight":0.0,"played":[0.2076,0.7924],"evs":[0.0,1.32182]},"KJo":{"weight":0.0,"played":[0.0656,0.9344],"evs":[0.0,0.91176]},"AJo":{"weight":0.6807,"played":[0.0046,0.9954],"evs":[0.0,2.0709]},"Q2s":{"weight":0.0,"played":[0.0591,0.9409],"evs":[0.0,4.23739]},"Q3s":{"weight":0.0,"played":[0.0637,0.9363],"evs":[0.0,2.22209]},"Q4s":{"weight":0.0,"played":[0.8351,0.1649],"evs":[0.0,-1.84295]},"Q5s":{"weight":0.0,"played":[0.0831,0.9169],"evs":[0.0,4.32329]},"Q6s":{"weight":0.0,"played":[0.0371,0.9629],"evs":[0.0,2.43959]},"Q7s":{"weight":0.0,"played":[0.1191,0.8809],"evs":[0.0,2.9295]},"Q8s":{"weight":0.0,"played":[0.0,1.0],"evs":[0.0,1.84005]},"Q9s":{"weight":0.0,"played":[0.1214,0.8786],"evs":[0.0,3.91344]},"QTs":{"weight":0.0,"played":[0.0464,0.9536],"evs":[0.0,2.42303]},"QJs":{"weight":0.0,"played":[0.6881,0.3119],"evs":[0.0,-1.2891]},"QQ":{"weight":0.3364,"played":[0.0055,0.9945],"evs":[0.0,6.63463]},"KQo":{"weight":0.0,"played":[2.0E-4,0.9998],"evs":[0.0,2.68758]},"AQo":{"weight":0.7511,"played":[0.0021,0.9979],"evs":[0.0,3.45531]},"K2s":{"weight":0.0,"played":[0.0791,0.9209],"evs":[0.0,3.67883]},"K3s":{"weight":0.0,"played":[0.2452,0.7548],"evs":[0.0,1.32057]},"K4s":{"weight":0.0,"played":[0.8629,0.1371],"evs":[0.0,-0.70142]},"K5s":{"weight":0.0,"played":[0.1502,0.8498],"evs":[0.0,2.12126]},"K6s":{"weight":0.0,"played":[0.0055,0.9945],"evs":[0.0,1.61637]},"K7s":{"weight":0.0,"played":[0.0,1.0],"evs":[0.0,5.26935]},"K8s":{"weight":0.0,"played":[0.0137,0.9863],"evs":[0.0,1.35705]},"K9s":{"weight":0.0,"played":[0.0493,0.9507],"evs":[0.0,2.96066]},"KTs":{"weight":0.0,"played":[0.9947,0.0053],"evs":[0.0,-1.81128]},"KJs":{"weight":0.0,"played":[0.0713,0.9287],"evs":[0.0,0.68479]},"KQs":{"weight":0.0,"played":[0.5379,0.4621],"evs":[0.0,2.70126]},"KK":{"weight":0.7079,"played":[0.0011,0.9989],"evs":[0.0,10.64356]},"AKo":{"weight":0.6334,"played":[0.0,1.0],"evs":[0.0,3.18993]},"A2s":{"weight":0.0,"played":[0.2828,0.7172],"evs":[0.0,0.26737]},"A3s":{"weight":0.0,"played":[0.8319,0.1681],"evs":[0.0,0.77364]},"A4s":{"weight":0.0,"played":[0.1342,0.8658],"evs":[0.0,4.70241]},"A5s":{"weight":0.0,"played":[0.0411,0.9589],"evs":[0.0,4.61612]},"A6s":{"weight":0.0,"played":[0.4516,0.5484],"evs":[0.0,1.47364]},"A7s":{"weight":0.0,"played":[0.1839,0.8161],"evs":[0.0,3.02354]},"A8s":{"weight":0.0,"played":[0.0975,0.9025],"evs":[0.0,4.59607]},"A9s":{"weight":0.0,"played":[0.1286,0.8714],"evs":[0.0,1.5545]},"ATs":{"weight":0.6081,"played":[6.0E-4,0.9994],"evs":[0.0,3.84879]},"AJs":{"weight":0.0177,"played":[0.2114,0.7886],"evs":[0.0,-0.60328]},"AQs":{"weight":0.919,"played":[0.0013,0.9987],"evs":[0.0,3.70931]},"AKs":{"weight":0.4466,"played":[0.0837,0.9163],"evs":[0.0,7.35608]},"AA":{"weight":0.6626,"played":[0.0,1.0],"evs":[0.0,13.90798]}}}