{"player":4,"street":0,"children":2,"sequence":[{"player":0,"type":"F","amount":0,"street":0},{"player":1,"type":"F","amount":0,"street":0},{"player":2,"type":"F","amount":0,"street":0},{"player":3,"type":"C","amount":4130000,"street":0},{"player":4,"type":"R","amount":10000000,"street":0},{"player":5,"type":"C","amount":7500000,"street":0},{"player":6,"type":"R","amount":61485900,"street":0}],"actions":[{"type":"F","amount":0,"node":24},{"type":"C","amount":51485900,"node":25}],"hands":{"22":{"weight":0.0,"played":[0.0,1.0],"evs":[0.0,0.83556]},"32o":{"weight":0.0,"played":[1.0,0.0],"evs":[0.0,-2.94366]},"42o":{"weight":0.0,"played":[1.0,0.0],"evs":[0.0,-2.76225]},"52o":{"weight":0.0,"played":[1.0,0.0],"evs":[0.0,-2.72898]},"62o":{"weight":0.0,"played":[1.0,0.0],"evs":[0.0,-3.17461]},"72o":{"weight":0.0,"played":[1.0,0.0],"evs":[0.0,-3.4491]},"82o":{"weight":0.0,"played":[1.0,0.0],"evs":[0.0,-3.72295]},"92o":{"weight":0.0,"played":[1.0,0.0],"evs":[0.0,-4.01285]},"T2o":{"weight":0.0,"played":[1.0,0.0],"evs":[0.0,-3.7189]},"J2o":{"weight":0.0,"played":[1.0,0.0],"evs":[0.0,-3.40612]},"Q2o":{"weight":0.0,"played":[1.0,0.0],"evs":[0.0,-2.88373]},"K2o":{"weight":1.0,"played":[1.0,0.0],"evs":[0.0,-1.23242]},"A2o":{"weight":0.0,"played":[0.9776,0.0224],"evs":[0.0,-0.47796]},"32s":{"weight":0.0,"played":[1.0,0.0],"evs":[0.0,-1.92392]},"33":{"weight":0.0,"played":[0.0,1.0],"evs":[0.0,1.18236]},"43o":{"weight":0.0,"played":[1.0,0.0],"evs":[0.0,-2.33849]},"53o":{"weight":0.0,"played":[1.0,0.0],"evs":[0.0,-2.27621]},"63o":{"weight":0.0,"played":[1.0,0.0],"evs":[0.0,-2.70377]},"73o":{"weight":0.0,"played":[1.0,0.0],"evs":[0.0,-3.121]},"83o":{"weight":0.0,"played":[1.0,0.0],"evs":[0.0,-3.68794]},"93o":{"weight":0.0,"played":[1.0,0.0],"evs":[0.0,-3.89454]},"T3o":{"weight":0.0,"played":[1.0,0.0],"evs":[0.0,-3.62551]},"J3o":{"weight":0.0,"played":[1.0,0.0],"evs":[0.0,-3.35968]},"Q3o":{"weight":0.0,"played":[1.0,0.0],"evs":[0.0,-2.77749]},"K3o":{"weight":1.0,"played":[1.0,0.0],"evs":[0.0,-1.0639]},"A3o":{"weight":0.0,"played":[0.9674,0.0326],"evs":[0.0,-0.43379]},"42s":{"weight":0.0,"played":[1.0,0.0],"evs":[0.0,-1.77428]},"43s":{"weight":0.0,"played":[0.9999,1.0E-4],"evs":[0.0,-1.47077]},"44":{"weight":0.0,"played":[0.0,1.0],"evs":[0.0,1.35695]},"54o":{"weight":0.0,"played":[1.0,0.0],"evs":[0.0,-1.91832]},"64o":{"weight":0.0,"played":[1.0,0.0],"evs":[0.0,-2.27689]},"74o":{"weight":0.0,"played":[1.0,0.0],"evs":[0.0,-2.75129]},"84o":{"weight":0.0,"played":[1.0,0.0],"evs":[0.0,-3.16917]},"94o":{"weight":0.0,"played":[1.0,0.0],"evs":[0.0,-3.81931]},"T4o":{"weight":0.0,"played":[1.0,0.0],"evs":[0.0,-3.4829]},"J4o":{"weight":0.0,"played":[1.0,0.0],"evs":[0.0,-3.16211]},"Q4o":{"weight":0.0,"played":[1.0,0.0],"evs":[0.0,-2.6515]},"K4o":{"weight":1.0,"played":[1.0,0.0],"evs":[0.0,-0.98355]},"A4o":{"weight":0.0,"played":[0.936,0.064],"evs":[0.0,-0.32496]},"52s":{"weight":0.0,"played":[1.0,0.0],"evs":[0.0,-1.84934]},"53s":{"weight":0.0,"played":[1.0,0.0],"evs":[0.0,-1.57064]},"54s":{"weight":2.0E-4,"played":[1.0,0.0],"evs":[0.0,-1.1198]},"55":{"weight":0.0,"played":[0.0,1.0],"evs":[0.0,1.59952]},"65o":{"weight":0.0,"played":[1.0,0.0],"evs":[0.0,-2.0119]},"75o":{"weight":0.0,"played":[1.0,0.0],"evs":[0.0,-2.42412]},"85o":{"weight":0.0,"played":[1.0,0.0],"evs":[0.0,-2.91165]},"95o":{"weight":0.0,"played":[1.0,0.0],"evs":[0.0,-3.58076]},"T5o":{"weight":0.0,"played":[1.0,0.0],"evs":[0.0,-3.54604]},"J5o":{"weight":0.0,"played":[1.0,0.0],"evs":[0.0,-3.17382]},"Q5o":{"weight":0.0,"played":[1.0,0.0],"evs":[0.0,-2.4997]},"K5o":{"weight":1.0,"played":[1.0,0.0],"evs":[0.0,-0.97853]},"A5o":{"weight":0.0,"played":[0.8645,0.1355],"evs":[0.0,-0.21328]},"62s":{"weight":0.0,"played":[1.0,0.0],"evs":[0.0,-2.15495]},"63s":{"weight":0.0,"played":[1.0,0.0],"evs":[0.0,-1.79103]},"64s":{"weight":0.999,"played":[1.0,0.0],"evs":[0.0,-1.31916]},"65s":{"weight":0.0,"played":[0.9999,1.0E-4],"evs":[0.0,-1.07067]},"66":{"weight":0.0,"played":[0.0,1.0],"evs":[0.0,1.71218]},"76o":{"weight":0.0,"played":[1.0,0.0],"evs":[0.0,-2.25797]},"86o":{"weight":0.0,"played":[1.0,0.0],"evs":[0.0,-2.67591]},"96o":{"weight":0.0,"played":[1.0,0.0],"evs":[0.0,-3.27364]},"T6o":{"weight":0.0,"played":[1.0,0.0],"evs":[0.0,-3.25596]},"J6o":{"weight":0.0,"played":[1.0,0.0],"evs":[0.0,-3.24405]},"Q6o":{"weight":0.8372,"played":[1.0,0.0],"evs":[0.0,-2.56603]},"K6o":{"weight":0.8706,"played":[1.0,0.0],"evs":[0.0,-0.9544]},"A6o":{"weight":0.0,"played":[0.9764,0.0236],"evs":[0.0,-0.44273]},"72s":{"weight":0.0,"played":[1.0,0.0],"evs":[0.0,-2.66777]},"73s":{"weight":0.0,"played":[1.0,0.0],"evs":[0.0,-2.07824]},"74s":{"weight":0.0,"played":[0.9999,1.0E-4],"evs":[0.0,-1.78976]},"75s":{"weight":0.1704,"played":[1.0,0.0],"evs":[0.0,-1.45856]},"76s":{"weight":0.0,"played":[1.0,0.0],"evs":[0.0,-1.29389]},"77":{"weight":0.0,"played":[0.0,1.0],"evs":[0.0,1.95972]},"87o":{"weight":0.0,"played":[1.0,0.0],"evs":[0.0,-2.51108]},"97o":{"weight":0.0,"played":[1.0,0.0],"evs":[0.0,-3.08976]},"T7o":{"weight":0.0,"played":[1.0,0.0],"evs":[0.0,-3.05845]},"J7o":{"weight":0.0,"played":[1.0,0.0],"evs":[0.0,-3.03481]},"Q7o":{"weight":1.0,"played":[1.0,0.0],"evs":[0.0,-2.68478]},"K7o":{"weight":0.9208,"played":[1.0,0.0],"evs":[0.0,-0.9617]},"A7o":{"weight":0.0,"played":[0.8677,0.1323],"evs":[0.0,-0.05433]},"82s":{"weight":0.0,"played":[1.0,0.0],"evs":[0.0,-2.68445]},"83s":{"weight":0.0,"played":[1.0,0.0],"evs":[0.0,-2.75044]},"84s":{"weight":0.0,"played":[1.0,0.0],"evs":[0.0,-2.1679]},"85s":{"weight":0.6289,"played":[1.0,0.0],"evs":[0.0,-1.93505]},"86s":{"weight":0.0,"played":[0.9998,2.0E-4],"evs":[0.0,-1.67222]},"87s":{"weight":0.0,"played":[0.9996,4.0E-4],"evs":[0.0,-1.53111]},"88":{"weight":0.0,"played":[0.0,1.0],"evs":[0.0,1.97721]},"98o":{"weight":1.0,"played":[1.0,0.0],"evs":[0.0,-3.10117]},"T8o":{"weight":0.9621,"played":[1.0,0.0],"evs":[0.0,-3.15559]},"J8o":{"weight":1.0,"played":[1.0,0.0],"evs":[0.0,-3.06213]},"Q8o":{"weight":0.8309,"played":[1.0,0.0],"evs":[0.0,-2.75668]},"K8o":{"weight":0.0315,"played":[1.0,0.0],"evs":[0.0,-1.12315]},"A8o":{"weight":0.0,"played":[0.0,1.0],"evs":[0.0,0.3343]},"92s":{"weight":0.0,"played":[1.0,0.0],"evs":[0.0,-3.04096]},"93s":{"weight":0.0,"played":[1.0,0.0],"evs":[0.0,-2.64923]},"94s":{"weight":0.0,"played":[1.0,0.0],"evs":[0.0,-2.84156]},"95s":{"weight":0.9999,"played":[1.0,0.0],"evs":[0.0,-2.4992]},"96s":{"weight":0.0,"played":[1.0,0.0],"evs":[0.0,-2.18204]},"97s":{"weight":0.0,"played":[1.0,0.0],"evs":[0.0,-2.07325]},"98s":{"weight":0.0,"played":[1.0,0.0],"evs":[0.0,-2.14996]},"99":{"weight":0.6069,"played":[0.0,1.0],"evs":[0.0,2.37819]},"T9o":{"weight":0.0,"played":[1.0,0.0],"evs":[0.0,-3.15998]},"J9o":{"weight":0.0024,"played":[1.0,0.0],"evs":[0.0,-3.17076]},"Q9o":{"weight":0.0204,"played":[1.0,0.0],"evs":[0.0,-2.51482]},"K9o":{"weight":0.0,"played":[1.0,0.0],"evs":[0.0,-0.91494]},"A9o":{"weight":0.0,"played":[0.0,1.0],"evs":[0.0,0.87298]},"T2s":{"weight":0.0,"played":[1.0,0.0],"evs":[0.0,-2.68265]},"T3s":{"weight":0.0,"played":[1.0,0.0],"evs":[0.0,-2.67325]},"T4s":{"weight":0.0435,"played":[1.0,0.0],"evs":[0.0,-2.51522]},"T5s":{"weight":1.0,"played":[1.0,0.0],"evs":[0.0,-2.45762]},"T6s":{"weight":0.0842,"played":[1.0,0.0],"evs":[0.0,-2.24335]},"T7s":{"weight":0.0,"played":[1.0,0.0],"evs":[0.0,-2.19048]},"T8s":{"weight":0.0,"played":[0.9997,3.0E-4],"evs":[0.0,-2.36039]},"T9s":{"weight":0.0,"played":[1.0,0.0],"evs":[0.0,-2.06679]},"TT":{"weight":1.0,"played":[0.0,1.0],"evs":[0.0,3.82608]},"JTo":{"weight":0.0,"played":[1.0,0.0],"evs":[0.0,-2.18011]},"QTo":{"weight":0.0,"played":[1.0,0.0],"evs":[0.0,-1.17012]},"KTo":{"weight":0.0,"played":[0.6732,0.3268],"evs":[0.0,-0.02873]},"ATo":{"weight":0.0,"played":[0.0,1.0],"evs":[0.0,2.34262]},"J2s":{"weight":2.0E-4,"played":[1.0,0.0],"evs":[0.0,-2.50385]},"J3s":{"weight":0.9998,"played":[1.0,0.0],"evs":[0.0,-2.21912]},"J4s":{"weight":1.0,"played":[1.0,0.0],"evs":[0.0,-2.14342]},"J5s":{"weight":0.0736,"played":[1.0,0.0],"evs":[0.0,-2.17736]},"J6s":{"weight":0.0332,"played":[1.0,0.0],"evs":[0.0,-2.16317]},"J7s":{"weight":0.0,"played":[0.9999,1.0E-4],"evs":[0.0,-2.17387]},"J8s":{"weight":0.0,"played":[1.0,0.0],"evs":[0.0,-2.25928]},"J9s":{"weight":0.0,"played":[0.9998,2.0E-4],"evs":[0.0,-2.01465]},"JTs":{"weight":0.0,"played":[0.9956,0.0044],"evs":[0.0,-1.10886]},"JJ":{"weight":1.0,"played":[0.0,1.0],"evs":[0.0,5.20147]},"QJo":{"weight":0.0,"played":[0.9874,0.0126],"evs":[0.0,-0.25136]},"KJo":{"weight":0.0,"played":[2.0E-4,0.9998],"evs":[0.0,0.16634]},"AJo":{"weight":0.0154,"played":[0.0,1.0],"evs":[0.0,3.52699]},"Q2s":{"weight":0.6849,"played":[1.0,0.0],"evs":[0.0,-1.95592]},"Q3s":{"weight":1.0E-4,"played":[1.0,0.0],"evs":[0.0,-1.7189]},"Q4s":{"weight":0.0,"played":[1.0,0.0],"evs":[0.0,-1.63151]},"Q5s":{"weight":0.0,"played":[0.9999,1.0E-4],"evs":[0.0,-1.68029]},"Q6s":{"weight":0.0,"played":[0.9999,1.0E-4],"evs":[0.0,-1.55005]},"Q7s":{"weight":0.0,"played":[1.0,0.0],"evs":[0.0,-1.73569]},"Q8s":{"weight":0.0,"played":[0.9997,3.0E-4],"evs":[0.0,-1.72959]},"Q9s":{"weight":0.0,"played":[0.9992,8.0E-4],"evs":[0.0,-1.53217]},"QTs":{"weight":0.0,"played":[0.9918,0.0082],"evs":[0.0,-0.45986]},"QJs":{"weight":0.0,"played":[0.0,1.0],"evs":[0.0,0.6437]},"QQ":{"weight":1.0,"played":[0.0,1.0],"evs":[0.0,6.61701]},"KQo":{"weight":0.0,"played":[0.0,1.0],"evs":[0.0,0.6092]},"AQo":{"weight":0.0,"played":[0.0,1.0],"evs":[0.0,4.87058]},"K2s":{"weight":0.0,"played":[0.9995,5.0E-4],"evs":[0.0,-0.3281]},"K3s":{"weight":0.0,"played":[0.9653,0.0347],"evs":[0.0,-0.21815]},"K4s":{"weight":0.0,"played":[0.9979,0.0021],"evs":[0.0,-0.23533]},"K5s":{"weight":0.0,"played":[0.4285,0.5715],"evs":[0.0,0.03583]},"K6s":{"weight":0.0,"played":[0.4044,0.5956],"evs":[0.0,0.10854]},"K7s":{"weight":0.0,"played":[0.8656,0.1344],"evs":[0.0,-0.0662]},"K8s":{"weight":0.0,"played":[0.9579,0.0421],"evs":[0.0,-0.14468]},"K9s":{"weight":0.0,"played":[0.4691,0.5309],"evs":[0.0,-0.08502]},"KTs":{"weight":1.0E-4,"played":[0.0,1.0],"evs":[0.0,0.71433]},"KJs":{"weight":0.4477,"played":[0.0,1.0],"evs":[0.0,1.11126]},"KQs":{"weight":0.0,"played":[0.0,1.0],"evs":[0.0,1.40246]},"KK":{"weight":1.0,"played":[0.0,1.0],"evs":[0.0,7.97098]},"AKo":{"weight":0.3097,"played":[0.0,1.0],"evs":[0.0,5.74394]},"A2s":{"weight":0.0,"played":[0.0,1.0],"evs":[0.0,0.26994]},"A3s":{"weight":0.0,"played":[0.0,1.0],"evs":[0.0,0.4588]},"A4s":{"weight":0.0,"played":[0.0,1.0],"evs":[0.0,0.57659]},"A5s":{"weight":1.0E-4,"played":[0.0,1.0],"evs":[0.0,0.51487]},"A6s":{"weight":0.0,"played":[0.0,1.0],"evs":[0.0,0.40237]},"A7s":{"weight":0.0,"played":[0.0,1.0],"evs":[0.0,0.75055]},"A8s":{"weight":0.0,"played":[0.0,1.0],"evs":[0.0,1.09753]},"A9s":{"weight":0.5996,"played":[0.0,1.0],"evs":[0.0,1.69894]},"ATs":{"weight":1.0,"played":[0.0,1.0],"evs":[0.0,3.09124]},"AJs":{"weight":1.0,"played":[0.0,1.0],"evs":[0.0,4.09283]},"AQs":{"weight":1.0,"played":[0.0,1.0],"evs":[0.0,5.30224]},"AKs":{"weight":1.0,"played":[0.0,1.0],"evs":[0.0,6.17501]},"AA":{"weight":1.0,"played":[0.0,1.0],"evs":[0.0,11.55563]}}}