{"player":4,"street":0,"children":2,"sequence":[{"player":0,"type":"R","amount":26350000,"street":0},{"player":1,"type":"R","amount":41950000,"street":0},{"player":2,"type":"F","amount":0,"street":0},{"player":3,"type":"C","amount":4130000,"street":0}],"actions":[{"type":"F","amount":0,"node":241},{"type":"R","amount":61485900,"node":244}],"hands":{"22":{"weight":1.0,"played":[1.0,0.0],"evs":[0.0,-1.28052]},"32o":{"weight":1.0,"played":[1.0,0.0],"evs":[0.0,-2.9303]},"42o":{"weight":1.0,"played":[1.0,0.0],"evs":[0.0,-2.81454]},"52o":{"weight":1.0,"played":[1.0,0.0],"evs":[0.0,-2.69994]},"62o":{"weight":1.0,"played":[1.0,0.0],"evs":[0.0,-2.96392]},"72o":{"weight":1.0,"played":[1.0,0.0],"evs":[0.0,-3.26165]},"82o":{"weight":1.0,"played":[1.0,0.0],"evs":[0.0,-3.12982]},"92o":{"weight":1.0,"played":[1.0,0.0],"evs":[0.0,-3.15502]},"T2o":{"weight":1.0,"played":[1.0,0.0],"evs":[0.0,-3.1577]},"J2o":{"weight":1.0,"played":[1.0,0.0],"evs":[0.0,-3.09842]},"Q2o":{"weight":1.0,"played":[1.0,0.0],"evs":[0.0,-2.95459]},"K2o":{"weight":1.0,"played":[1.0,0.0],"evs":[0.0,-2.79569]},"A2o":{"weight":1.0,"played":[1.0,0.0],"evs":[0.0,-3.19349]},"32s":{"weight":1.0,"played":[1.0,0.0],"evs":[0.0,-1.88407]},"33":{"weight":1.0,"played":[1.0,0.0],"evs":[0.0,-1.06539]},"43o":{"weight":1.0,"played":[1.0,0.0],"evs":[0.0,-2.46309]},"53o":{"weight":1.0,"played":[1.0,0.0],"evs":[0.0,-2.4283]},"63o":{"weight":1.0,"played":[1.0,0.0],"evs":[0.0,-2.65755]},"73o":{"weight":1.0,"played":[1.0,0.0],"evs":[0.0,-2.88228]},"83o":{"weight":1.0,"played":[1.0,0.0],"evs":[0.0,-3.19842]},"93o":{"weight":1.0,"played":[1.0,0.0],"evs":[0.0,-3.02962]},"T3o":{"weight":1.0,"played":[1.0,0.0],"evs":[0.0,-2.93212]},"J3o":{"weight":1.0,"played":[1.0,0.0],"evs":[0.0,-2.99652]},"Q3o":{"weight":1.0,"played":[1.0,0.0],"evs":[0.0,-2.76665]},"K3o":{"weight":1.0,"played":[1.0,0.0],"evs":[0.0,-2.67062]},"A3o":{"weight":1.0,"played":[1.0,0.0],"evs":[0.0,-3.10312]},"42s":{"weight":1.0,"played":[1.0,0.0],"evs":[0.0,-1.99438]},"43s":{"weight":1.0,"played":[1.0,0.0],"evs":[0.0,-1.85641]},"44":{"weight":1.0,"played":[0.9999,1.0E-4],"evs":[0.0,-1.00733]},"54o":{"weight":1.0,"played":[1.0,0.0],"evs":[0.0,-2.06712]},"64o":{"weight":1.0,"played":[1.0,0.0],"evs":[0.0,-2.25418]},"74o":{"weight":1.0,"played":[1.0,0.0],"evs":[0.0,-2.63411]},"84o":{"weight":1.0,"played":[1.0,0.0],"evs":[0.0,-2.82001]},"94o":{"weight":1.0,"played":[1.0,0.0],"evs":[0.0,-3.06389]},"T4o":{"weight":1.0,"played":[1.0,0.0],"evs":[0.0,-3.03663]},"J4o":{"weight":1.0,"played":[1.0,0.0],"evs":[0.0,-2.97173]},"Q4o":{"weight":1.0,"played":[1.0,0.0],"evs":[0.0,-2.60915]},"K4o":{"weight":1.0,"played":[1.0,0.0],"evs":[0.0,-2.56555]},"A4o":{"weight":1.0,"played":[1.0,0.0],"evs":[0.0,-2.99567]},"52s":{"weight":1.0,"played":[1.0,0.0],"evs":[0.0,-1.95119]},"53s":{"weight":1.0,"played":[1.0,0.0],"evs":[0.0,-1.69713]},"54s":{"weight":1.0,"played":[1.0,0.0],"evs":[0.0,-1.39752]},"55":{"weight":1.0,"played":[0.9999,1.0E-4],"evs":[0.0,-0.97403]},"65o":{"weight":1.0,"played":[1.0,0.0],"evs":[0.0,-2.02074]},"75o":{"weight":1.0,"played":[1.0,0.0],"evs":[0.0,-2.25719]},"85o":{"weight":1.0,"played":[1.0,0.0],"evs":[0.0,-2.57888]},"95o":{"weight":1.0,"played":[1.0,0.0],"evs":[0.0,-2.67842]},"T5o":{"weight":1.0,"played":[1.0,0.0],"evs":[0.0,-3.11041]},"J5o":{"weight":1.0,"played":[1.0,0.0],"evs":[0.0,-2.79733]},"Q5o":{"weight":1.0,"played":[1.0,0.0],"evs":[0.0,-2.59602]},"K5o":{"weight":1.0,"played":[1.0,0.0],"evs":[0.0,-2.36336]},"A5o":{"weight":1.0,"played":[1.0,0.0],"evs":[0.0,-2.94853]},"62s":{"weight":1.0,"played":[1.0,0.0],"evs":[0.0,-2.09748]},"63s":{"weight":1.0,"played":[1.0,0.0],"evs":[0.0,-1.88247]},"64s":{"weight":1.0,"played":[1.0,0.0],"evs":[0.0,-1.5347]},"65s":{"weight":1.0,"played":[1.0,0.0],"evs":[0.0,-1.40233]},"66":{"weight":1.0,"played":[0.9993,7.0E-4],"evs":[0.0,-0.95738]},"76o":{"weight":1.0,"played":[1.0,0.0],"evs":[0.0,-2.0921]},"86o":{"weight":1.0,"played":[1.0,0.0],"evs":[0.0,-2.20743]},"96o":{"weight":1.0,"played":[1.0,0.0],"evs":[0.0,-2.49002]},"T6o":{"weight":1.0,"played":[1.0,0.0],"evs":[0.0,-2.73251]},"J6o":{"weight":1.0,"played":[1.0,0.0],"evs":[0.0,-2.85133]},"Q6o":{"weight":1.0,"played":[1.0,0.0],"evs":[0.0,-2.52418]},"K6o":{"weight":1.0,"played":[1.0,0.0],"evs":[0.0,-2.62725]},"A6o":{"weight":1.0,"played":[1.0,0.0],"evs":[0.0,-3.2566]},"72s":{"weight":1.0,"played":[1.0,0.0],"evs":[0.0,-2.64015]},"73s":{"weight":1.0,"played":[1.0,0.0],"evs":[0.0,-2.18416]},"74s":{"weight":1.0,"played":[1.0,0.0],"evs":[0.0,-1.93172]},"75s":{"weight":1.0,"played":[0.9999,1.0E-4],"evs":[0.0,-1.67751]},"76s":{"weight":1.0,"played":[1.0,0.0],"evs":[0.0,-1.56873]},"77":{"weight":1.0,"played":[0.9998,2.0E-4],"evs":[0.0,-0.36067]},"87o":{"weight":1.0,"played":[1.0,0.0],"evs":[0.0,-2.15102]},"97o":{"weight":1.0,"played":[1.0,0.0],"evs":[0.0,-2.32411]},"T7o":{"weight":1.0,"played":[1.0,0.0],"evs":[0.0,-2.49728]},"J7o":{"weight":1.0,"played":[1.0,0.0],"evs":[0.0,-2.63106]},"Q7o":{"weight":1.0,"played":[1.0,0.0],"evs":[0.0,-2.58238]},"K7o":{"weight":1.0,"played":[1.0,0.0],"evs":[0.0,-2.45677]},"A7o":{"weight":1.0,"played":[1.0,0.0],"evs":[0.0,-3.26937]},"82s":{"weight":1.0,"played":[1.0,0.0],"evs":[0.0,-2.47023]},"83s":{"weight":1.0,"played":[1.0,0.0],"evs":[0.0,-2.41828]},"84s":{"weight":1.0,"played":[1.0,0.0],"evs":[0.0,-2.14863]},"85s":{"weight":1.0,"played":[1.0,0.0],"evs":[0.0,-1.87173]},"86s":{"weight":1.0,"played":[1.0,0.0],"evs":[0.0,-1.2063]},"87s":{"weight":1.0,"played":[0.9999,1.0E-4],"evs":[0.0,-1.41931]},"88":{"weight":1.0,"played":[0.0079,0.9921],"evs":[0.0,0.16159]},"98o":{"weight":1.0,"played":[1.0,0.0],"evs":[0.0,-2.10522]},"T8o":{"weight":1.0,"played":[1.0,0.0],"evs":[0.0,-2.34825]},"J8o":{"weight":1.0,"played":[1.0,0.0],"evs":[0.0,-2.40301]},"Q8o":{"weight":1.0,"played":[1.0,0.0],"evs":[0.0,-2.35888]},"K8o":{"weight":1.0,"played":[1.0,0.0],"evs":[0.0,-2.4289]},"A8o":{"weight":1.0,"played":[1.0,0.0],"evs":[0.0,-2.95904]},"92s":{"weight":1.0,"played":[1.0,0.0],"evs":[0.0,-2.31931]},"93s":{"weight":1.0,"played":[1.0,0.0],"evs":[0.0,-2.17116]},"94s":{"weight":1.0,"played":[1.0,0.0],"evs":[0.0,-2.23445]},"95s":{"weight":1.0,"played":[1.0,0.0],"evs":[0.0,-1.96401]},"96s":{"weight":1.0,"played":[1.0,0.0],"evs":[0.0,-1.67639]},"97s":{"weight":1.0,"played":[1.0,0.0],"evs":[0.0,-1.33191]},"98s":{"weight":1.0,"played":[0.9998,2.0E-4],"evs":[0.0,-1.20642]},"99":{"weight":1.0,"played":[0.0,1.0],"evs":[0.0,0.84277]},"T9o":{"weight":1.0,"played":[1.0,0.0],"evs":[0.0,-2.06553]},"J9o":{"weight":1.0,"played":[1.0,0.0],"evs":[0.0,-2.30454]},"Q9o":{"weight":1.0,"played":[1.0,0.0],"evs":[0.0,-2.12305]},"K9o":{"weight":1.0,"played":[1.0,0.0],"evs":[0.0,-2.19076]},"A9o":{"weight":1.0,"played":[1.0,0.0],"evs":[0.0,-3.05259]},"T2s":{"weight":1.0,"played":[1.0,0.0],"evs":[0.0,-2.35754]},"T3s":{"weight":1.0,"played":[1.0,0.0],"evs":[0.0,-2.22801]},"T4s":{"weight":1.0,"played":[1.0,0.0],"evs":[0.0,-2.26695]},"T5s":{"weight":1.0,"played":[1.0,0.0],"evs":[0.0,-2.39612]},"T6s":{"weight":1.0,"played":[1.0,0.0],"evs":[0.0,-2.0092]},"T7s":{"weight":1.0,"played":[1.0,0.0],"evs":[0.0,-1.88028]},"T8s":{"weight":1.0,"played":[0.9999,1.0E-4],"evs":[0.0,-1.60958]},"T9s":{"weight":1.0,"played":[0.9999,1.0E-4],"evs":[0.0,-1.11584]},"TT":{"weight":1.0,"played":[0.0,1.0],"evs":[0.0,1.78421]},"JTo":{"weight":1.0,"played":[1.0,0.0],"evs":[0.0,-2.13998]},"QTo":{"weight":1.0,"played":[1.0,0.0],"evs":[0.0,-1.96392]},"KTo":{"weight":1.0,"played":[1.0,0.0],"evs":[0.0,-2.00229]},"ATo":{"weight":1.0,"played":[1.0,0.0],"evs":[0.0,-2.47865]},"J2s":{"weight":1.0,"played":[1.0,0.0],"evs":[0.0,-2.38017]},"J3s":{"weight":1.0,"played":[1.0,0.0],"evs":[0.0,-2.21699]},"J4s":{"weight":1.0,"played":[1.0,0.0],"evs":[0.0,-2.25307]},"J5s":{"weight":1.0,"played":[0.9999,1.0E-4],"evs":[0.0,-2.015]},"J6s":{"weight":1.0,"played":[1.0,0.0],"evs":[0.0,-2.06778]},"J7s":{"weight":1.0,"played":[1.0,0.0],"evs":[0.0,-1.85327]},"J8s":{"weight":1.0,"played":[1.0,0.0],"evs":[0.0,-1.58121]},"J9s":{"weight":1.0,"played":[0.999,0.001],"evs":[0.0,-1.52143]},"JTs":{"weight":1.0,"played":[0.9999,1.0E-4],"evs":[0.0,-1.32194]},"JJ":{"weight":1.0,"played":[0.0,1.0],"evs":[0.0,2.91499]},"QJo":{"weight":1.0,"played":[1.0,0.0],"evs":[0.0,-1.75817]},"KJo":{"weight":1.0,"played":[1.0,0.0],"evs":[0.0,-1.84844]},"AJo":{"weight":1.0,"played":[1.0,0.0],"evs":[0.0,-1.43259]},"Q2s":{"weight":1.0,"played":[1.0,0.0],"evs":[0.0,-2.04638]},"Q3s":{"weight":1.0,"played":[1.0,0.0],"evs":[0.0,-2.0039]},"Q4s":{"weight":1.0,"played":[1.0,0.0],"evs":[0.0,-1.83137]},"Q5s":{"weight":1.0,"played":[1.0,0.0],"evs":[0.0,-1.52262]},"Q6s":{"weight":1.0,"played":[1.0,0.0],"evs":[0.0,-1.85696]},"Q7s":{"weight":1.0,"played":[1.0,0.0],"evs":[0.0,-1.70784]},"Q8s":{"weight":1.0,"played":[0.9999,1.0E-4],"evs":[0.0,-1.33843]},"Q9s":{"weight":1.0,"played":[1.0,0.0],"evs":[0.0,-1.22755]},"QTs":{"weight":1.0,"played":[0.9998,2.0E-4],"evs":[0.0,-1.05239]},"QJs":{"weight":1.0,"played":[0.9998,2.0E-4],"evs":[0.0,-1.01151]},"QQ":{"weight":1.0,"played":[0.0,1.0],"evs":[0.0,4.35659]},"KQo":{"weight":1.0,"played":[1.0,0.0],"evs":[0.0,-1.38963]},"AQo":{"weight":1.0,"played":[0.9827,0.0173],"evs":[0.0,-0.40358]},"K2s":{"weight":1.0,"played":[1.0,0.0],"evs":[0.0,-1.91704]},"K3s":{"weight":1.0,"played":[0.9996,4.0E-4],"evs":[0.0,-1.82283]},"K4s":{"weight":1.0,"played":[1.0,0.0],"evs":[0.0,-1.88935]},"K5s":{"weight":1.0,"played":[1.0,0.0],"evs":[0.0,-1.65758]},"K6s":{"weight":1.0,"played":[1.0,0.0],"evs":[0.0,-1.8049]},"K7s":{"weight":1.0,"played":[1.0,0.0],"evs":[0.0,-1.69693]},"K8s":{"weight":1.0,"played":[0.9999,1.0E-4],"evs":[0.0,-1.60928]},"K9s":{"weight":1.0,"played":[1.0,0.0],"evs":[0.0,-1.39756]},"KTs":{"weight":1.0,"played":[0.9999,1.0E-4],"evs":[0.0,-1.4313]},"KJs":{"weight":1.0,"played":[0.997,0.003],"evs":[0.0,-1.07841]},"KQs":{"weight":1.0,"played":[0.9998,2.0E-4],"evs":[0.0,-0.79133]},"KK":{"weight":1.0,"played":[0.0,1.0],"evs":[0.0,5.97419]},"AKo":{"weight":1.0,"played":[1.0E-4,0.9999],"evs":[0.0,0.74137]},"A2s":{"weight":1.0,"played":[1.0,0.0],"evs":[0.0,-2.30723]},"A3s":{"weight":1.0,"played":[1.0,0.0],"evs":[0.0,-2.13428]},"A4s":{"weight":1.0,"played":[1.0,0.0],"evs":[0.0,-2.0836]},"A5s":{"weight":1.0,"played":[1.0,0.0],"evs":[0.0,-2.07212]},"A6s":{"weight":1.0,"played":[1.0,0.0],"evs":[0.0,-2.46184]},"A7s":{"weight":1.0,"played":[1.0,0.0],"evs":[0.0,-2.61541]},"A8s":{"weight":1.0,"played":[1.0,0.0],"evs":[0.0,-2.18913]},"A9s":{"weight":1.0,"played":[0.9998,2.0E-4],"evs":[0.0,-2.29182]},"ATs":{"weight":1.0,"played":[0.9999,1.0E-4],"evs":[0.0,-1.54687]},"AJs":{"weight":1.0,"played":[0.9983,0.0017],"evs":[0.0,-0.62898]},"AQs":{"weight":1.0,"played":[0.0102,0.9898],"evs":[0.0,0.22929]},"AKs":{"weight":1.0,"played":[0.0,1.0],"evs":[0.0,1.41061]},"AA":{"weight":1.0,"played":[0.0,1.0],"evs":[0.0,8.35217]}}}