{"player":6,"street":0,"children":2,"sequence":[{"player":0,"type":"R","amount":26350000,"street":0},{"player":1,"type":"R","amount":41950000,"street":0},{"player":2,"type":"F","amount":0,"street":0},{"player":3,"type":"C","amount":4130000,"street":0},{"player":4,"type":"R","amount":61485900,"street":0},{"player":5,"type":"F","amount":0,"street":0}],"actions":[{"type":"F","amount":0},{"type":"C","amount":56485900}],"hands":{"22":{"weight":1.0,"played":[0.9997,3.0E-4],"evs":[0.0,-5.41763]},"32o":{"weight":1.0,"played":[1.0,0.0],"evs":[0.0,-6.22436]},"42o":{"weight":1.0,"played":[1.0,0.0],"evs":[0.0,-6.05722]},"52o":{"weight":1.0,"played":[1.0,0.0],"evs":[0.0,-6.26992]},"62o":{"weight":1.0,"played":[1.0,0.0],"evs":[0.0,-5.09557]},"72o":{"weight":1.0,"played":[1.0,0.0],"evs":[0.0,-6.82844]},"82o":{"weight":1.0,"played":[1.0,0.0],"evs":[0.0,-7.5217]},"92o":{"weight":1.0,"played":[1.0,0.0],"evs":[0.0,-6.75232]},"T2o":{"weight":1.0,"played":[1.0,0.0],"evs":[0.0,-6.96695]},"J2o":{"weight":1.0,"played":[1.0,0.0],"evs":[0.0,-6.44914]},"Q2o":{"weight":1.0,"played":[0.9999,1.0E-4],"evs":[0.0,-6.03084]},"K2o":{"weight":1.0,"played":[1.0,0.0],"evs":[0.0,-6.25218]},"A2o":{"weight":1.0,"played":[1.0,0.0],"evs":[0.0,-6.62483]},"32s":{"weight":1.0,"played":[0.9982,0.0018],"evs":[0.0,-4.80715]},"33":{"weight":1.0,"played":[0.9996,4.0E-4],"evs":[0.0,-4.62128]},"43o":{"weight":1.0,"played":[0.9998,2.0E-4],"evs":[0.0,-5.18665]},"53o":{"weight":1.0,"played":[0.9999,1.0E-4],"evs":[0.0,-4.99926]},"63o":{"weight":1.0,"played":[0.9999,1.0E-4],"evs":[0.0,-5.14801]},"73o":{"weight":1.0,"played":[0.9999,1.0E-4],"evs":[0.0,-6.43104]},"83o":{"weight":1.0,"played":[1.0,0.0],"evs":[0.0,-7.32945]},"93o":{"weight":1.0,"played":[1.0,0.0],"evs":[0.0,-6.30025]},"T3o":{"weight":1.0,"played":[0.9997,3.0E-4],"evs":[0.0,-6.48971]},"J3o":{"weight":1.0,"played":[1.0,0.0],"evs":[0.0,-5.84246]},"Q3o":{"weight":1.0,"played":[0.9999,1.0E-4],"evs":[0.0,-5.91762]},"K3o":{"weight":1.0,"played":[0.9999,1.0E-4],"evs":[0.0,-6.30519]},"A3o":{"weight":1.0,"played":[1.0,0.0],"evs":[0.0,-6.66206]},"42s":{"weight":1.0,"played":[1.0,0.0],"evs":[0.0,-3.72366]},"43s":{"weight":1.0,"played":[0.9995,5.0E-4],"evs":[0.0,-4.2723]},"44":{"weight":1.0,"played":[0.9985,0.0015],"evs":[0.0,-4.30298]},"54o":{"weight":1.0,"played":[1.0,0.0],"evs":[0.0,-5.07815]},"64o":{"weight":1.0,"played":[0.9997,3.0E-4],"evs":[0.0,-4.99256]},"74o":{"weight":1.0,"played":[1.0,0.0],"evs":[0.0,-5.81413]},"84o":{"weight":1.0,"played":[0.9984,0.0016],"evs":[0.0,-6.55668]},"94o":{"weight":1.0,"played":[0.9999,1.0E-4],"evs":[0.0,-6.36431]},"T4o":{"weight":1.0,"played":[1.0,0.0],"evs":[0.0,-7.09311]},"J4o":{"weight":1.0,"played":[0.9999,1.0E-4],"evs":[0.0,-6.38223]},"Q4o":{"weight":1.0,"played":[1.0,0.0],"evs":[0.0,-5.96544]},"K4o":{"weight":1.0,"played":[0.9998,2.0E-4],"evs":[0.0,-6.54206]},"A4o":{"weight":1.0,"played":[1.0,0.0],"evs":[0.0,-5.99197]},"52s":{"weight":1.0,"played":[0.9964,0.0036],"evs":[0.0,-4.49024]},"53s":{"weight":1.0,"played":[0.999,0.001],"evs":[0.0,-4.25029]},"54s":{"weight":1.0,"played":[0.9986,0.0014],"evs":[0.0,-3.92352]},"55":{"weight":1.0,"played":[0.9985,0.0015],"evs":[0.0,-5.26943]},"65o":{"weight":1.0,"played":[0.9999,1.0E-4],"evs":[0.0,-4.53041]},"75o":{"weight":1.0,"played":[0.9997,3.0E-4],"evs":[0.0,-5.42159]},"85o":{"weight":1.0,"played":[0.9993,7.0E-4],"evs":[0.0,-6.18362]},"95o":{"weight":1.0,"played":[1.0,0.0],"evs":[0.0,-6.05362]},"T5o":{"weight":1.0,"played":[1.0,0.0],"evs":[0.0,-6.76988]},"J5o":{"weight":1.0,"played":[0.9998,2.0E-4],"evs":[0.0,-6.31866]},"Q5o":{"weight":1.0,"played":[1.0,0.0],"evs":[0.0,-6.29685]},"K5o":{"weight":1.0,"played":[0.9999,1.0E-4],"evs":[0.0,-6.29679]},"A5o":{"weight":1.0,"played":[1.0,0.0],"evs":[0.0,-5.48685]},"62s":{"weight":1.0,"played":[0.9958,0.0042],"evs":[0.0,-5.88522]},"63s":{"weight":1.0,"played":[0.9999,1.0E-4],"evs":[0.0,-4.02351]},"64s":{"weight":1.0,"played":[0.9987,0.0013],"evs":[0.0,-3.41874]},"65s":{"weight":1.0,"played":[0.9999,1.0E-4],"evs":[0.0,-3.03808]},"66":{"weight":1.0,"played":[0.9999,1.0E-4],"evs":[0.0,-4.95658]},"76o":{"weight":1.0,"played":[0.9993,7.0E-4],"evs":[0.0,-5.18251]},"86o":{"weight":1.0,"played":[1.0,0.0],"evs":[0.0,-6.14085]},"96o":{"weight":1.0,"played":[1.0,0.0],"evs":[0.0,-5.36958]},"T6o":{"weight":1.0,"played":[1.0,0.0],"evs":[0.0,-6.10179]},"J6o":{"weight":1.0,"played":[1.0,0.0],"evs":[0.0,-6.33267]},"Q6o":{"weight":1.0,"played":[1.0,0.0],"evs":[0.0,-5.83744]},"K6o":{"weight":1.0,"played":[1.0,0.0],"evs":[0.0,-5.74519]},"A6o":{"weight":1.0,"played":[1.0,0.0],"evs":[0.0,-6.26859]},"72s":{"weight":1.0,"played":[0.9996,4.0E-4],"evs":[0.0,-5.69027]},"73s":{"weight":1.0,"played":[0.9998,2.0E-4],"evs":[0.0,-4.85719]},"74s":{"weight":1.0,"played":[1.0,0.0],"evs":[0.0,-3.51568]},"75s":{"weight":1.0,"played":[0.9987,0.0013],"evs":[0.0,-4.48332]},"76s":{"weight":1.0,"played":[0.9998,2.0E-4],"evs":[0.0,-3.9087]},"77":{"weight":1.0,"played":[0.9957,0.0043],"evs":[0.0,-3.18981]},"87o":{"weight":1.0,"played":[1.0,0.0],"evs":[0.0,-6.01949]},"97o":{"weight":1.0,"played":[1.0,0.0],"evs":[0.0,-6.59254]},"T7o":{"weight":1.0,"played":[1.0,0.0],"evs":[0.0,-5.89077]},"J7o":{"weight":1.0,"played":[0.9997,3.0E-4],"evs":[0.0,-5.65066]},"Q7o":{"weight":1.0,"played":[0.9993,7.0E-4],"evs":[0.0,-6.08711]},"K7o":{"weight":1.0,"played":[0.9995,5.0E-4],"evs":[0.0,-6.1534]},"A7o":{"weight":1.0,"played":[0.9998,2.0E-4],"evs":[0.0,-6.30593]},"82s":{"weight":1.0,"played":[1.0,0.0],"evs":[0.0,-4.7623]},"83s":{"weight":1.0,"played":[0.9998,2.0E-4],"evs":[0.0,-4.88257]},"84s":{"weight":1.0,"played":[0.9968,0.0032],"evs":[0.0,-4.68507]},"85s":{"weight":1.0,"played":[0.9994,6.0E-4],"evs":[0.0,-5.30153]},"86s":{"weight":1.0,"played":[0.9998,2.0E-4],"evs":[0.0,-4.34329]},"87s":{"weight":1.0,"played":[0.997,0.003],"evs":[0.0,-3.33203]},"88":{"weight":1.0,"played":[0.9978,0.0022],"evs":[0.0,-3.26333]},"98o":{"weight":1.0,"played":[1.0,0.0],"evs":[0.0,-6.53863]},"T8o":{"weight":1.0,"played":[1.0,0.0],"evs":[0.0,-5.5894]},"J8o":{"weight":1.0,"played":[1.0,0.0],"evs":[0.0,-5.90594]},"Q8o":{"weight":1.0,"played":[1.0,0.0],"evs":[0.0,-6.55614]},"K8o":{"weight":1.0,"played":[1.0,0.0],"evs":[0.0,-6.38525]},"A8o":{"weight":1.0,"played":[1.0,0.0],"evs":[0.0,-6.01389]},"92s":{"weight":1.0,"played":[0.9962,0.0038],"evs":[0.0,-5.86794]},"93s":{"weight":1.0,"played":[0.9997,3.0E-4],"evs":[0.0,-6.01218]},"94s":{"weight":1.0,"played":[0.9999,1.0E-4],"evs":[0.0,-4.04575]},"95s":{"weight":1.0,"played":[0.9989,0.0011],"evs":[0.0,-5.77743]},"96s":{"weight":1.0,"played":[0.994,0.006],"evs":[0.0,-5.03188]},"97s":{"weight":1.0,"played":[0.9999,1.0E-4],"evs":[0.0,-4.6958]},"98s":{"weight":1.0,"played":[0.9997,3.0E-4],"evs":[0.0,-3.67953]},"99":{"weight":1.0,"played":[0.9935,0.0065],"evs":[0.0,-2.27373]},"T9o":{"weight":1.0,"played":[0.9998,2.0E-4],"evs":[0.0,-4.24075]},"J9o":{"weight":1.0,"played":[0.9999,1.0E-4],"evs":[0.0,-6.17697]},"Q9o":{"weight":1.0,"played":[1.0,0.0],"evs":[0.0,-4.6927]},"K9o":{"weight":1.0,"played":[0.999,0.001],"evs":[0.0,-6.74066]},"A9o":{"weight":1.0,"played":[0.9991,9.0E-4],"evs":[0.0,-6.77026]},"T2s":{"weight":1.0,"played":[0.9983,0.0017],"evs":[0.0,-5.5084]},"T3s":{"weight":1.0,"played":[1.0,0.0],"evs":[0.0,-4.58883]},"T4s":{"weight":1.0,"played":[0.9992,8.0E-4],"evs":[0.0,-4.4048]},"T5s":{"weight":1.0,"played":[1.0,0.0],"evs":[0.0,-6.45784]},"T6s":{"weight":1.0,"played":[0.9982,0.0018],"evs":[0.0,-4.14336]},"T7s":{"weight":1.0,"played":[0.9986,0.0014],"evs":[0.0,-4.86984]},"T8s":{"weight":1.0,"played":[0.9855,0.0145],"evs":[0.0,-5.7267]},"T9s":{"weight":1.0,"played":[0.9999,1.0E-4],"evs":[0.0,-5.59173]},"TT":{"weight":1.0,"played":[0.9537,0.0463],"evs":[0.0,-1.99981]},"JTo":{"weight":1.0,"played":[0.9997,3.0E-4],"evs":[0.0,-5.61176]},"QTo":{"weight":1.0,"played":[0.9997,3.0E-4],"evs":[0.0,-5.57423]},"KTo":{"weight":1.0,"played":[0.9993,7.0E-4],"evs":[0.0,-4.69306]},"ATo":{"weight":1.0,"played":[0.9997,3.0E-4],"evs":[0.0,-7.09537]},"J2s":{"weight":1.0,"played":[1.0,0.0],"evs":[0.0,-5.50172]},"J3s":{"weight":1.0,"played":[0.9999,1.0E-4],"evs":[0.0,-5.33749]},"J4s":{"weight":1.0,"played":[1.0,0.0],"evs":[0.0,-3.07264]},"J5s":{"weight":1.0,"played":[1.0,0.0],"evs":[0.0,-6.09471]},"J6s":{"weight":1.0,"played":[0.9998,2.0E-4],"evs":[0.0,-4.49974]},"J7s":{"weight":1.0,"played":[1.0,0.0],"evs":[0.0,-5.63234]},"J8s":{"weight":1.0,"played":[0.9999,1.0E-4],"evs":[0.0,-4.91396]},"J9s":{"weight":1.0,"played":[0.9976,0.0024],"evs":[0.0,-5.67543]},"JTs":{"weight":1.0,"played":[0.9969,0.0031],"evs":[0.0,-2.78351]},"JJ":{"weight":1.0,"played":[0.0,1.0],"evs":[0.0,1.82352]},"QJo":{"weight":1.0,"played":[0.9997,3.0E-4],"evs":[0.0,-4.20242]},"KJo":{"weight":1.0,"played":[0.9999,1.0E-4],"evs":[0.0,-4.35474]},"AJo":{"weight":1.0,"played":[0.9998,2.0E-4],"evs":[0.0,-5.51712]},"Q2s":{"weight":1.0,"played":[0.9999,1.0E-4],"evs":[0.0,-3.15057]},"Q3s":{"weight":1.0,"played":[0.9999,1.0E-4],"evs":[0.0,-4.33695]},"Q4s":{"weight":1.0,"played":[0.9996,4.0E-4],"evs":[0.0,-3.91348]},"Q5s":{"weight":1.0,"played":[0.9996,4.0E-4],"evs":[0.0,-4.75324]},"Q6s":{"weight":1.0,"played":[0.998,0.002],"evs":[0.0,-5.06391]},"Q7s":{"weight":1.0,"played":[0.9998,2.0E-4],"evs":[0.0,-4.78375]},"Q8s":{"weight":1.0,"played":[0.9997,3.0E-4],"evs":[0.0,-3.80662]},"Q9s":{"weight":1.0,"played":[0.9996,4.0E-4],"evs":[0.0,-3.98757]},"QTs":{"weight":1.0,"played":[1.0,0.0],"evs":[0.0,-3.62348]},"QJs":{"weight":1.0,"played":[0.9997,3.0E-4],"evs":[0.0,-2.90061]},"QQ":{"weight":1.0,"played":[2.0E-4,0.9998],"evs":[0.0,3.66243]},"KQo":{"weight":1.0,"played":[0.9989,0.0011],"evs":[0.0,-2.93989]},"AQo":{"weight":1.0,"played":[0.9984,0.0016],"evs":[0.0,-3.94544]},"K2s":{"weight":1.0,"played":[0.9996,4.0E-4],"evs":[0.0,-5.31105]},"K3s":{"weight":1.0,"played":[1.0,0.0],"evs":[0.0,-4.70656]},"K4s":{"weight":1.0,"played":[0.9974,0.0026],"evs":[0.0,-4.78995]},"K5s":{"weight":1.0,"played":[0.9965,0.0035],"evs":[0.0,-4.24989]},"K6s":{"weight":1.0,"played":[0.9992,8.0E-4],"evs":[0.0,-4.12079]},"K7s":{"weight":1.0,"played":[0.9995,5.0E-4],"evs":[0.0,-5.84948]},"K8s":{"weight":1.0,"played":[0.9953,0.0047],"evs":[0.0,-5.02669]},"K9s":{"weight":1.0,"played":[0.9986,0.0014],"evs":[0.0,-4.79177]},"KTs":{"weight":1.0,"played":[0.9893,0.0107],"evs":[0.0,-3.37086]},"KJs":{"weight":1.0,"played":[0.9988,0.0012],"evs":[0.0,-4.34826]},"KQs":{"weight":1.0,"played":[0.9798,0.0202],"evs":[0.0,-3.89483]},"KK":{"weight":1.0,"played":[0.0,1.0],"evs":[0.0,7.12132]},"AKo":{"weight":1.0,"played":[0.985,0.015],"evs":[0.0,-2.77402]},"A2s":{"weight":1.0,"played":[0.9976,0.0024],"evs":[0.0,-6.03301]},"A3s":{"weight":1.0,"played":[0.9978,0.0022],"evs":[0.0,-4.33261]},"A4s":{"weight":1.0,"played":[0.9989,0.0011],"evs":[0.0,-6.30128]},"A5s":{"weight":1.0,"played":[0.9916,0.0084],"evs":[0.0,-4.04318]},"A6s":{"weight":1.0,"played":[1.0,0.0],"evs":[0.0,-4.95547]},"A7s":{"weight":1.0,"played":[1.0,0.0],"evs":[0.0,-6.04192]},"A8s":{"weight":1.0,"played":[0.9889,0.0111],"evs":[0.0,-4.99508]},"A9s":{"weight":1.0,"played":[0.9988,0.0012],"evs":[0.0,-4.2031]},"ATs":{"weight":1.0,"played":[0.9993,7.0E-4],"evs":[0.0,-3.68258]},"AJs":{"weight":1.0,"played":[0.9948,0.0052],"evs":[0.0,-4.05153]},"AQs":{"weight":1.0,"played":[0.961,0.039],"evs":[0.0,-4.96667]},"AKs":{"weight":1.0,"played":[0.7996,0.2004],"evs":[0.0,-1.38799]},"AA":{"weight":1.0,"played":[5.0E-4,0.9995],"evs":[0.0,11.81417]}}}