{"player":5,"street":0,"children":2,"sequence":[{"player":0,"type":"R","amount":26350000,"street":0},{"player":1,"type":"R","amount":41950000,"street":0},{"player":2,"type":"C","amount":34350000,"street":0},{"player":3,"type":"C","amount":4130000,"street":0},{"player":4,"type":"F","amount":0,"street":0}],"actions":[{"type":"F","amount":0,"node":257},{"type":"C","amount":14516800,"node":258}],"hands":{"22":{"weight":1.0,"played":[0.9999,1.0E-4],"evs":[0.0,-2.54286]},"32o":{"weight":1.0,"played":[1.0,0.0],"evs":[0.0,-4.79593]},"42o":{"weight":1.0,"played":[0.9968,0.0032],"evs":[0.0,-1.9969]},"52o":{"weight":1.0,"played":[0.9956,0.0044],"evs":[0.0,-4.2321]},"62o":{"weight":1.0,"played":[0.9876,0.0124],"evs":[0.0,-3.86612]},"72o":{"weight":1.0,"played":[1.0,0.0],"evs":[0.0,-4.45542]},"82o":{"weight":1.0,"played":[1.0,0.0],"evs":[0.0,-3.6414]},"92o":{"weight":1.0,"played":[1.0,0.0],"evs":[0.0,-4.76647]},"T2o":{"weight":1.0,"played":[1.0,0.0],"evs":[0.0,-3.97885]},"J2o":{"weight":1.0,"played":[0.9999,1.0E-4],"evs":[0.0,-3.96572]},"Q2o":{"weight":1.0,"played":[0.9997,3.0E-4],"evs":[0.0,-4.07675]},"K2o":{"weight":1.0,"played":[1.0,0.0],"evs":[0.0,-5.98923]},"A2o":{"weight":1.0,"played":[1.0,0.0],"evs":[0.0,-4.38821]},"32s":{"weight":1.0,"played":[0.9994,6.0E-4],"evs":[0.0,-2.713]},"33":{"weight":1.0,"played":[0.961,0.039],"evs":[0.0,-3.92538]},"43o":{"weight":1.0,"played":[0.9725,0.0275],"evs":[0.0,-3.87235]},"53o":{"weight":1.0,"played":[1.0,0.0],"evs":[0.0,-2.8551]},"63o":{"weight":1.0,"played":[1.0,0.0],"evs":[0.0,-3.37463]},"73o":{"weight":1.0,"played":[0.9867,0.0133],"evs":[0.0,-3.72962]},"83o":{"weight":1.0,"played":[0.9978,0.0022],"evs":[0.0,-4.97265]},"93o":{"weight":1.0,"played":[1.0,0.0],"evs":[0.0,-4.53895]},"T3o":{"weight":1.0,"played":[1.0,0.0],"evs":[0.0,-5.14094]},"J3o":{"weight":1.0,"played":[0.9999,1.0E-4],"evs":[0.0,-5.95487]},"Q3o":{"weight":1.0,"played":[1.0,0.0],"evs":[0.0,-3.7144]},"K3o":{"weight":1.0,"played":[0.9862,0.0138],"evs":[0.0,-5.4493]},"A3o":{"weight":1.0,"played":[1.0,0.0],"evs":[0.0,-3.42846]},"42s":{"weight":1.0,"played":[1.0,0.0],"evs":[0.0,-4.24867]},"43s":{"weight":1.0,"played":[0.9896,0.0104],"evs":[0.0,-4.00672]},"44":{"weight":1.0,"played":[0.9923,0.0077],"evs":[0.0,-5.19521]},"54o":{"weight":1.0,"played":[0.9904,0.0096],"evs":[0.0,-4.51712]},"64o":{"weight":1.0,"played":[0.9825,0.0175],"evs":[0.0,-2.51142]},"74o":{"weight":1.0,"played":[1.0,0.0],"evs":[0.0,-5.05885]},"84o":{"weight":1.0,"played":[1.0,0.0],"evs":[0.0,-4.33033]},"94o":{"weight":1.0,"played":[1.0,0.0],"evs":[0.0,-5.6725]},"T4o":{"weight":1.0,"played":[1.0,0.0],"evs":[0.0,-3.94698]},"J4o":{"weight":1.0,"played":[1.0,0.0],"evs":[0.0,-5.34931]},"Q4o":{"weight":1.0,"played":[0.994,0.006],"evs":[0.0,-2.22101]},"K4o":{"weight":1.0,"played":[1.0,0.0],"evs":[0.0,-3.80609]},"A4o":{"weight":1.0,"played":[0.9972,0.0028],"evs":[0.0,-4.88459]},"52s":{"weight":1.0,"played":[0.5173,0.4827],"evs":[0.0,1.99537]},"53s":{"weight":1.0,"played":[0.9464,0.0536],"evs":[0.0,-3.78837]},"54s":{"weight":1.0,"played":[0.6505,0.3495],"evs":[0.0,0.38624]},"55":{"weight":1.0,"played":[0.9881,0.0119],"evs":[0.0,-2.37338]},"65o":{"weight":1.0,"played":[0.9995,5.0E-4],"evs":[0.0,-2.94525]},"75o":{"weight":1.0,"played":[0.9607,0.0393],"evs":[0.0,-2.31103]},"85o":{"weight":1.0,"played":[0.9471,0.0529],"evs":[0.0,-3.40099]},"95o":{"weight":1.0,"played":[1.0,0.0],"evs":[0.0,-3.99778]},"T5o":{"weight":1.0,"played":[1.0,0.0],"evs":[0.0,-3.28393]},"J5o":{"weight":1.0,"played":[1.0,0.0],"evs":[0.0,-3.83481]},"Q5o":{"weight":1.0,"played":[0.9953,0.0047],"evs":[0.0,-3.00141]},"K5o":{"weight":1.0,"played":[0.9986,0.0014],"evs":[0.0,-3.66736]},"A5o":{"weight":1.0,"played":[1.0,0.0],"evs":[0.0,-1.21576]},"62s":{"weight":1.0,"played":[1.0,0.0],"evs":[0.0,-4.06093]},"63s":{"weight":1.0,"played":[0.8144,0.1856],"evs":[0.0,-2.6392]},"64s":{"weight":1.0,"played":[1.0,0.0],"evs":[0.0,-3.06696]},"65s":{"weight":1.0,"played":[0.9887,0.0113],"evs":[0.0,-3.22321]},"66":{"weight":1.0,"played":[1.0,0.0],"evs":[0.0,-2.21821]},"76o":{"weight":1.0,"played":[0.9916,0.0084],"evs":[0.0,-2.59765]},"86o":{"weight":1.0,"played":[0.9939,0.0061],"evs":[0.0,-3.11298]},"96o":{"weight":1.0,"played":[0.9987,0.0013],"evs":[0.0,-3.13353]},"T6o":{"weight":1.0,"played":[0.9997,3.0E-4],"evs":[0.0,-2.88741]},"J6o":{"weight":1.0,"played":[0.9962,0.0038],"evs":[0.0,-2.38715]},"Q6o":{"weight":1.0,"played":[1.0,0.0],"evs":[0.0,-4.65579]},"K6o":{"weight":1.0,"played":[1.0,0.0],"evs":[0.0,-4.7516]},"A6o":{"weight":1.0,"played":[0.9907,0.0093],"evs":[0.0,-3.33693]},"72s":{"weight":1.0,"played":[0.9161,0.0839],"evs":[0.0,-3.67689]},"73s":{"weight":1.0,"played":[0.3861,0.6139],"evs":[0.0,1.30687]},"74s":{"weight":1.0,"played":[0.8748,0.1252],"evs":[0.0,-3.50947]},"75s":{"weight":1.0,"played":[0.8359,0.1641],"evs":[0.0,-1.83164]},"76s":{"weight":1.0,"played":[0.9999,1.0E-4],"evs":[0.0,-2.4663]},"77":{"weight":1.0,"played":[0.9113,0.0887],"evs":[0.0,-2.10888]},"87o":{"weight":1.0,"played":[1.0,0.0],"evs":[0.0,-3.38191]},"97o":{"weight":1.0,"played":[0.9915,0.0085],"evs":[0.0,-4.04639]},"T7o":{"weight":1.0,"played":[0.9999,1.0E-4],"evs":[0.0,-4.50173]},"J7o":{"weight":1.0,"played":[1.0,0.0],"evs":[0.0,-3.59006]},"Q7o":{"weight":1.0,"played":[0.9,0.1],"evs":[0.0,-3.32644]},"K7o":{"weight":1.0,"played":[0.999,0.001],"evs":[0.0,-4.13926]},"A7o":{"weight":1.0,"played":[0.9515,0.0485],"evs":[0.0,-4.7276]},"82s":{"weight":1.0,"played":[1.0,0.0],"evs":[0.0,-4.34983]},"83s":{"weight":1.0,"played":[1.0,0.0],"evs":[0.0,-3.22938]},"84s":{"weight":1.0,"played":[0.9548,0.0452],"evs":[0.0,-4.07081]},"85s":{"weight":1.0,"played":[1.0,0.0],"evs":[0.0,-3.2615]},"86s":{"weight":1.0,"played":[0.999,0.001],"evs":[0.0,-4.34615]},"87s":{"weight":1.0,"played":[0.8799,0.1201],"evs":[0.0,-3.66947]},"88":{"weight":1.0,"played":[0.9833,0.0167],"evs":[0.0,-4.28629]},"98o":{"weight":1.0,"played":[1.0,0.0],"evs":[0.0,-3.4661]},"T8o":{"weight":1.0,"played":[0.9959,0.0041],"evs":[0.0,-5.16437]},"J8o":{"weight":1.0,"played":[0.9921,0.0079],"evs":[0.0,-3.33835]},"Q8o":{"weight":1.0,"played":[0.977,0.023],"evs":[0.0,-5.27174]},"K8o":{"weight":1.0,"played":[1.0,0.0],"evs":[0.0,-4.24366]},"A8o":{"weight":1.0,"played":[1.0,0.0],"evs":[0.0,-5.72528]},"92s":{"weight":1.0,"played":[0.9783,0.0217],"evs":[0.0,-6.51277]},"93s":{"weight":1.0,"played":[0.9951,0.0049],"evs":[0.0,-5.29015]},"94s":{"weight":1.0,"played":[0.9897,0.0103],"evs":[0.0,-5.13]},"95s":{"weight":1.0,"played":[0.9385,0.0615],"evs":[0.0,-3.1036]},"96s":{"weight":1.0,"played":[0.9889,0.0111],"evs":[0.0,-1.67162]},"97s":{"weight":1.0,"played":[0.9795,0.0205],"evs":[0.0,-2.83625]},"98s":{"weight":1.0,"played":[0.8512,0.1488],"evs":[0.0,-2.29021]},"99":{"weight":1.0,"played":[0.9536,0.0464],"evs":[0.0,-4.58712]},"T9o":{"weight":1.0,"played":[1.0,0.0],"evs":[0.0,-3.46226]},"J9o":{"weight":1.0,"played":[0.9938,0.0062],"evs":[0.0,-4.90222]},"Q9o":{"weight":1.0,"played":[0.9693,0.0307],"evs":[0.0,-4.50485]},"K9o":{"weight":1.0,"played":[1.0,0.0],"evs":[0.0,-4.54166]},"A9o":{"weight":1.0,"played":[0.9831,0.0169],"evs":[0.0,-5.91937]},"T2s":{"weight":1.0,"played":[0.9536,0.0464],"evs":[0.0,-4.25004]},"T3s":{"weight":1.0,"played":[0.9279,0.0721],"evs":[0.0,-4.39445]},"T4s":{"weight":1.0,"played":[0.9874,0.0126],"evs":[0.0,-4.10383]},"T5s":{"weight":1.0,"played":[0.5594,0.4406],"evs":[0.0,1.69035]},"T6s":{"weight":1.0,"played":[0.9712,0.0288],"evs":[0.0,-5.0794]},"T7s":{"weight":1.0,"played":[0.9977,0.0023],"evs":[0.0,-4.57129]},"T8s":{"weight":1.0,"played":[0.7272,0.2728],"evs":[0.0,-3.89058]},"T9s":{"weight":1.0,"played":[0.9039,0.0961],"evs":[0.0,-0.78242]},"TT":{"weight":1.0,"played":[0.9479,0.0521],"evs":[0.0,-3.82295]},"JTo":{"weight":1.0,"played":[0.9957,0.0043],"evs":[0.0,-4.97643]},"QTo":{"weight":1.0,"played":[0.9809,0.0191],"evs":[0.0,-5.43524]},"KTo":{"weight":1.0,"played":[1.0,0.0],"evs":[0.0,-4.46884]},"ATo":{"weight":1.0,"played":[1.0,0.0],"evs":[0.0,-4.17215]},"J2s":{"weight":1.0,"played":[0.8534,0.1466],"evs":[0.0,-1.76918]},"J3s":{"weight":1.0,"played":[0.9962,0.0038],"evs":[0.0,-5.51616]},"J4s":{"weight":1.0,"played":[1.0,0.0],"evs":[0.0,-6.36344]},"J5s":{"weight":1.0,"played":[0.7608,0.2392],"evs":[0.0,-3.05169]},"J6s":{"weight":1.0,"played":[0.9912,0.0088],"evs":[0.0,-4.4167]},"J7s":{"weight":1.0,"played":[0.9642,0.0358],"evs":[0.0,-2.47736]},"J8s":{"weight":1.0,"played":[0.9,0.1],"evs":[0.0,-2.82703]},"J9s":{"weight":1.0,"played":[0.8949,0.1051],"evs":[0.0,-4.19826]},"JTs":{"weight":1.0,"played":[0.9254,0.0746],"evs":[0.0,-4.29091]},"JJ":{"weight":1.0,"played":[0.9953,0.0047],"evs":[0.0,-0.74119]},"QJo":{"weight":1.0,"played":[1.0,0.0],"evs":[0.0,-3.48431]},"KJo":{"weight":1.0,"played":[0.9556,0.0444],"evs":[0.0,-4.14762]},"AJo":{"weight":1.0,"played":[0.9144,0.0856],"evs":[0.0,-3.35428]},"Q2s":{"weight":1.0,"played":[0.9848,0.0152],"evs":[0.0,-4.30856]},"Q3s":{"weight":1.0,"played":[1.0,0.0],"evs":[0.0,-3.23628]},"Q4s":{"weight":1.0,"played":[0.9069,0.0931],"evs":[0.0,-3.84876]},"Q5s":{"weight":1.0,"played":[0.978,0.022],"evs":[0.0,-2.92003]},"Q6s":{"weight":1.0,"played":[0.9847,0.0153],"evs":[0.0,-6.05943]},"Q7s":{"weight":1.0,"played":[0.9987,0.0013],"evs":[0.0,-4.11943]},"Q8s":{"weight":1.0,"played":[0.8762,0.1238],"evs":[0.0,-2.6425]},"Q9s":{"weight":1.0,"played":[0.9588,0.0412],"evs":[0.0,-4.418]},"QTs":{"weight":1.0,"played":[0.7758,0.2242],"evs":[0.0,-0.61218]},"QJs":{"weight":1.0,"played":[0.4033,0.5967],"evs":[0.0,-1.20124]},"QQ":{"weight":1.0,"played":[0.6556,0.3444],"evs":[0.0,-1.57221]},"KQo":{"weight":1.0,"played":[0.9954,0.0046],"evs":[0.0,-4.18896]},"AQo":{"weight":1.0,"played":[0.8691,0.1309],"evs":[0.0,-3.65591]},"K2s":{"weight":1.0,"played":[0.9827,0.0173],"evs":[0.0,-4.56686]},"K3s":{"weight":1.0,"played":[0.999,0.001],"evs":[0.0,-6.33345]},"K4s":{"weight":1.0,"played":[0.938,0.062],"evs":[0.0,-3.62086]},"K5s":{"weight":1.0,"played":[0.7195,0.2805],"evs":[0.0,-1.15686]},"K6s":{"weight":1.0,"played":[0.9968,0.0032],"evs":[0.0,-6.30113]},"K7s":{"weight":1.0,"played":[0.7243,0.2757],"evs":[0.0,-0.46214]},"K8s":{"weight":1.0,"played":[0.9924,0.0076],"evs":[0.0,-2.26809]},"K9s":{"weight":1.0,"played":[0.9573,0.0427],"evs":[0.0,-4.20742]},"KTs":{"weight":1.0,"played":[0.8991,0.1009],"evs":[0.0,-5.80618]},"KJs":{"weight":1.0,"played":[0.9881,0.0119],"evs":[0.0,-3.26007]},"KQs":{"weight":1.0,"played":[1.0,0.0],"evs":[0.0,-0.50126]},"KK":{"weight":1.0,"played":[0.7055,0.2945],"evs":[0.0,-2.80064]},"AKo":{"weight":1.0,"played":[0.9675,0.0325],"evs":[0.0,-2.74179]},"A2s":{"weight":1.0,"played":[0.9478,0.0522],"evs":[0.0,-5.5359]},"A3s":{"weight":1.0,"played":[0.8313,0.1687],"evs":[0.0,-1.02879]},"A4s":{"weight":1.0,"played":[0.9979,0.0021],"evs":[0.0,-3.25283]},"A5s":{"weight":1.0,"played":[0.8534,0.1466],"evs":[0.0,-4.81643]},"A6s":{"weight":1.0,"played":[0.56,0.44],"evs":[0.0,2.55505]},"A7s":{"weight":1.0,"played":[0.9955,0.0045],"evs":[0.0,0.11976]},"A8s":{"weight":1.0,"played":[0.9816,0.0184],"evs":[0.0,-5.76215]},"A9s":{"weight":1.0,"played":[0.9986,0.0014],"evs":[0.0,-4.65016]},"ATs":{"weight":1.0,"played":[0.9695,0.0305],"evs":[0.0,-2.4348]},"AJs":{"weight":1.0,"played":[0.4605,0.5395],"evs":[0.0,-2.45546]},"AQs":{"weight":1.0,"played":[0.1422,0.8578],"evs":[0.0,0.52918]},"AKs":{"weight":1.0,"played":[0.999,0.001],"evs":[0.0,-6.43559]},"AA":{"weight":1.0,"played":[0.0535,0.9465],"evs":[0.0,6.45679]}}}