{"player":6,"street":0,"children":2,"sequence":[{"player":0,"type":"R","amount":26350000,"street":0},{"player":1,"type":"R","amount":41950000,"street":0},{"player":2,"type":"C","amount":34350000,"street":0},{"player":3,"type":"C","amount":4130000,"street":0},{"player":4,"type":"F","amount":0,"street":0},{"player":5,"type":"C","amount":14516800,"street":0}],"actions":[{"type":"F","amount":0},{"type":"C","amount":36950000}],"hands":{"22":{"weight":1.0,"played":[0.9975,0.0025],"evs":[0.0,-5.18361]},"32o":{"weight":1.0,"played":[0.1915,0.8085],"evs":[0.0,-1.30117]},"42o":{"weight":1.0,"played":[0.782,0.218],"evs":[0.0,-6.40074]},"52o":{"weight":1.0,"played":[1.0,0.0],"evs":[0.0,-6.21088]},"62o":{"weight":1.0,"played":[1.0,0.0],"evs":[0.0,-4.52137]},"72o":{"weight":1.0,"played":[1.0,0.0],"evs":[0.0,-6.41222]},"82o":{"weight":1.0,"played":[1.0,0.0],"evs":[0.0,-3.54319]},"92o":{"weight":1.0,"played":[0.7941,0.2059],"evs":[0.0,-2.64717]},"T2o":{"weight":1.0,"played":[0.932,0.068],"evs":[0.0,-5.80102]},"J2o":{"weight":1.0,"played":[1.0,0.0],"evs":[0.0,3.21291]},"Q2o":{"weight":1.0,"played":[0.9668,0.0332],"evs":[0.0,-6.10089]},"K2o":{"weight":1.0,"played":[0.8834,0.1166],"evs":[0.0,7.10969]},"A2o":{"weight":1.0,"played":[0.4247,0.5753],"evs":[0.0,1.23533]},"32s":{"weight":1.0,"played":[0.9404,0.0596],"evs":[0.0,-5.27713]},"33":{"weight":1.0,"played":[0.5,0.5],"evs":[0.0,-4.22982]},"43o":{"weight":1.0,"played":[0.0,1.0],"evs":[0.0,-1.13176]},"53o":{"weight":1.0,"played":[0.1389,0.8611],"evs":[0.0,2.77412]},"63o":{"weight":1.0,"played":[0.9775,0.0225],"evs":[0.0,-5.9202]},"73o":{"weight":1.0,"played":[1.0,0.0],"evs":[0.0,-5.30974]},"83o":{"weight":1.0,"played":[0.9717,0.0283],"evs":[0.0,-4.18399]},"93o":{"weight":1.0,"played":[0.5023,0.4977],"evs":[0.0,-1.16501]},"T3o":{"weight":1.0,"played":[0.9891,0.0109],"evs":[0.0,-2.4732]},"J3o":{"weight":1.0,"played":[1.0,0.0],"evs":[0.0,-2.54495]},"Q3o":{"weight":1.0,"played":[1.0,0.0],"evs":[0.0,19.53303]},"K3o":{"weight":1.0,"played":[0.2889,0.7111],"evs":[0.0,17.81703]},"A3o":{"weight":1.0,"played":[0.5,0.5],"evs":[0.0,-6.59851]},"42s":{"weight":1.0,"played":[0.5,0.5],"evs":[0.0,20.75716]},"43s":{"weight":1.0,"played":[0.6469,0.3531],"evs":[0.0,-4.09317]},"44":{"weight":1.0,"played":[0.9496,0.0504],"evs":[0.0,-4.55917]},"54o":{"weight":1.0,"played":[0.7634,0.2366],"evs":[0.0,-0.14388]},"64o":{"weight":1.0,"played":[0.6969,0.3031],"evs":[0.0,-3.61031]},"74o":{"weight":1.0,"played":[0.9902,0.0098],"evs":[0.0,-5.08033]},"84o":{"weight":1.0,"played":[1.0,0.0],"evs":[0.0,-6.16143]},"94o":{"weight":1.0,"played":[1.0,0.0],"evs":[0.0,0.94912]},"T4o":{"weight":1.0,"played":[0.7313,0.2687],"evs":[0.0,-2.68768]},"J4o":{"weight":1.0,"played":[0.9535,0.0465],"evs":[0.0,-5.88132]},"Q4o":{"weight":1.0,"played":[0.4933,0.5067],"evs":[0.0,0.79742]},"K4o":{"weight":1.0,"played":[0.9925,0.0075],"evs":[0.0,-3.6592]},"A4o":{"weight":1.0,"played":[0.1072,0.8928],"evs":[0.0,-1.8697]},"52s":{"weight":1.0,"played":[0.7622,0.2378],"evs":[0.0,-5.42517]},"53s":{"weight":1.0,"played":[0.7956,0.2044],"evs":[0.0,10.40585]},"54s":{"weight":1.0,"played":[0.5,0.5],"evs":[0.0,19.80483]},"55":{"weight":1.0,"played":[0.8497,0.1503],"evs":[0.0,-5.60909]},"65o":{"weight":1.0,"played":[0.9318,0.0682],"evs":[0.0,1.73032]},"75o":{"weight":1.0,"played":[1.0,0.0],"evs":[0.0,-6.26268]},"85o":{"weight":1.0,"played":[1.0,0.0],"evs":[0.0,-3.21777]},"95o":{"weight":1.0,"played":[0.8831,0.1169],"evs":[0.0,-6.24587]},"T5o":{"weight":1.0,"played":[0.7392,0.2608],"evs":[0.0,-4.11523]},"J5o":{"weight":1.0,"played":[1.0,0.0],"evs":[0.0,-2.95631]},"Q5o":{"weight":1.0,"played":[0.7981,0.2019],"evs":[0.0,-4.73268]},"K5o":{"weight":1.0,"played":[1.0,0.0],"evs":[0.0,-6.77128]},"A5o":{"weight":1.0,"played":[0.862,0.138],"evs":[0.0,4.88833]},"62s":{"weight":1.0,"played":[0.759,0.241],"evs":[0.0,-3.97775]},"63s":{"weight":1.0,"played":[0.8719,0.1281],"evs":[0.0,-6.45474]},"64s":{"weight":1.0,"played":[0.5,0.5],"evs":[0.0,-5.46591]},"65s":{"weight":1.0,"played":[0.4313,0.5687],"evs":[0.0,3.12561]},"66":{"weight":1.0,"played":[0.273,0.727],"evs":[0.0,2.51273]},"76o":{"weight":1.0,"played":[0.9526,0.0474],"evs":[0.0,-7.01014]},"86o":{"weight":1.0,"played":[0.9382,0.0618],"evs":[0.0,-5.18746]},"96o":{"weight":1.0,"played":[0.9596,0.0404],"evs":[0.0,-4.27568]},"T6o":{"weight":1.0,"played":[0.4,0.6],"evs":[0.0,-3.03538]},"J6o":{"weight":1.0,"played":[1.0,0.0],"evs":[0.0,-2.8271]},"Q6o":{"weight":1.0,"played":[0.4787,0.5213],"evs":[0.0,-3.36102]},"K6o":{"weight":1.0,"played":[0.4762,0.5238],"evs":[0.0,-1.74546]},"A6o":{"weight":1.0,"played":[1.0,0.0],"evs":[0.0,-6.55989]},"72s":{"weight":1.0,"played":[0.9613,0.0387],"evs":[0.0,-5.37031]},"73s":{"weight":1.0,"played":[0.9187,0.0813],"evs":[0.0,3.79119]},"74s":{"weight":1.0,"played":[1.0,0.0],"evs":[0.0,-5.12242]},"75s":{"weight":1.0,"played":[0.884,0.116],"evs":[0.0,-4.714]},"76s":{"weight":1.0,"played":[0.2155,0.7845],"evs":[0.0,-2.39517]},"77":{"weight":1.0,"played":[0.0504,0.9496],"evs":[0.0,5.66861]},"87o":{"weight":1.0,"played":[1.0,0.0],"evs":[0.0,7.84103]},"97o":{"weight":1.0,"played":[0.6437,0.3563],"evs":[0.0,-1.99472]},"T7o":{"weight":1.0,"played":[0.8855,0.1145],"evs":[0.0,14.90219]},"J7o":{"weight":1.0,"played":[0.5793,0.4207],"evs":[0.0,-2.65792]},"Q7o":{"weight":1.0,"played":[1.0,0.0],"evs":[0.0,-4.22982]},"K7o":{"weight":1.0,"played":[0.9452,0.0548],"evs":[0.0,-5.97288]},"A7o":{"weight":1.0,"played":[0.989,0.011],"evs":[0.0,-6.41181]},"82s":{"weight":1.0,"played":[0.5,0.5],"evs":[0.0,0.0]},"83s":{"weight":1.0,"played":[0.3079,0.6921],"evs":[0.0,-2.79808]},"84s":{"weight":1.0,"played":[0.906,0.094],"evs":[0.0,-4.70642]},"85s":{"weight":1.0,"played":[0.5,0.5],"evs":[0.0,-4.22982]},"86s":{"weight":1.0,"played":[0.5,0.5],"evs":[0.0,0.0]},"87s":{"weight":1.0,"played":[0.5,0.5],"evs":[0.0,-6.31715]},"88":{"weight":1.0,"played":[0.9487,0.0513],"evs":[0.0,-1.66522]},"98o":{"weight":1.0,"played":[1.0,0.0],"evs":[0.0,3.09251]},"T8o":{"weight":1.0,"played":[0.6608,0.3392],"evs":[0.0,-2.63462]},"J8o":{"weight":1.0,"played":[0.4554,0.5446],"evs":[0.0,5.33628]},"Q8o":{"weight":1.0,"played":[0.8709,0.1291],"evs":[0.0,4.35841]},"K8o":{"weight":1.0,"played":[0.3708,0.6292],"evs":[0.0,-2.81974]},"A8o":{"weight":1.0,"played":[0.5,0.5],"evs":[0.0,-5.61546]},"92s":{"weight":1.0,"played":[0.0,1.0],"evs":[0.0,-4.22982]},"93s":{"weight":1.0,"played":[1.0,0.0],"evs":[0.0,-5.96679]},"94s":{"weight":1.0,"played":[0.5,0.5],"evs":[0.0,-4.22982]},"95s":{"weight":1.0,"played":[0.2287,0.7713],"evs":[0.0,5.91419]},"96s":{"weight":1.0,"played":[0.9966,0.0034],"evs":[0.0,3.32581]},"97s":{"weight":1.0,"played":[0.5,0.5],"evs":[0.0,9.46277]},"98s":{"weight":1.0,"played":[0.5,0.5],"evs":[0.0,0.0]},"99":{"weight":1.0,"played":[0.8686,0.1314],"evs":[0.0,-1.58259]},"T9o":{"weight":1.0,"played":[1.0,0.0],"evs":[0.0,-5.77038]},"J9o":{"weight":1.0,"played":[0.4475,0.5525],"evs":[0.0,-4.22982]},"Q9o":{"weight":1.0,"played":[0.1555,0.8445],"evs":[0.0,-3.12874]},"K9o":{"weight":1.0,"played":[1.0,0.0],"evs":[0.0,-1.53931]},"A9o":{"weight":1.0,"played":[0.5,0.5],"evs":[0.0,-5.46591]},"T2s":{"weight":1.0,"played":[0.9651,0.0349],"evs":[0.0,-5.8557]},"T3s":{"weight":1.0,"played":[0.5,0.5],"evs":[0.0,0.0]},"T4s":{"weight":1.0,"played":[0.0,1.0],"evs":[0.0,-6.31715]},"T5s":{"weight":1.0,"played":[0.8004,0.1996],"evs":[0.0,-5.42887]},"T6s":{"weight":1.0,"played":[0.9346,0.0654],"evs":[0.0,-5.1447]},"T7s":{"weight":1.0,"played":[0.5,0.5],"evs":[0.0,-6.31715]},"T8s":{"weight":1.0,"played":[0.9786,0.0214],"evs":[0.0,-6.35724]},"T9s":{"weight":1.0,"played":[0.5,0.5],"evs":[0.0,-6.59851]},"TT":{"weight":1.0,"played":[0.5,0.5],"evs":[0.0,0.0]},"JTo":{"weight":1.0,"played":[1.0,0.0],"evs":[0.0,2.93827]},"QTo":{"weight":1.0,"played":[0.7792,0.2208],"evs":[0.0,-5.28138]},"KTo":{"weight":1.0,"played":[0.9486,0.0514],"evs":[0.0,-5.16862]},"ATo":{"weight":1.0,"played":[0.6437,0.3563],"evs":[0.0,2.017]},"J2s":{"weight":1.0,"played":[1.0,0.0],"evs":[0.0,-5.6394]},"J3s":{"weight":1.0,"played":[0.5,0.5],"evs":[0.0,0.0]},"J4s":{"weight":1.0,"played":[0.5,0.5],"evs":[0.0,0.0]},"J5s":{"weight":1.0,"played":[0.5,0.5],"evs":[0.0,0.0]},"J6s":{"weight":1.0,"played":[0.5,0.5],"evs":[0.0,20.96438]},"J7s":{"weight":1.0,"played":[0.5,0.5],"evs":[0.0,0.0]},"J8s":{"weight":1.0,"played":[0.5,0.5],"evs":[0.0,-0.95878]},"J9s":{"weight":1.0,"played":[0.5,0.5],"evs":[0.0,-5.46598]},"JTs":{"weight":1.0,"played":[0.7671,0.2329],"evs":[0.0,-4.0242]},"JJ":{"weight":1.0,"played":[0.9153,0.0847],"evs":[0.0,13.55733]},"QJo":{"weight":1.0,"played":[0.1101,0.8899],"evs":[0.0,0.29431]},"KJo":{"weight":1.0,"played":[0.5,0.5],"evs":[0.0,0.0]},"AJo":{"weight":1.0,"played":[0.0,1.0],"evs":[0.0,-6.31715]},"Q2s":{"weight":1.0,"played":[0.5,0.5],"evs":[0.0,-4.22982]},"Q3s":{"weight":1.0,"played":[0.5304,0.4696],"evs":[0.0,2.36584]},"Q4s":{"weight":1.0,"played":[0.5,0.5],"evs":[0.0,-5.28138]},"Q5s":{"weight":1.0,"played":[0.5,0.5],"evs":[0.0,0.0]},"Q6s":{"weight":1.0,"played":[0.5,0.5],"evs":[0.0,-5.46591]},"Q7s":{"weight":1.0,"played":[0.5,0.5],"evs":[0.0,0.0]},"Q8s":{"weight":1.0,"played":[0.0152,0.9848],"evs":[0.0,-0.86222]},"Q9s":{"weight":1.0,"played":[0.7978,0.2022],"evs":[0.0,-4.67092]},"QTs":{"weight":1.0,"played":[0.0055,0.9945],"evs":[0.0,20.52856]},"QJs":{"weight":1.0,"played":[0.5,0.5],"evs":[0.0,0.0]},"QQ":{"weight":1.0,"played":[0.0811,0.9189],"evs":[0.0,17.15237]},"KQo":{"weight":1.0,"played":[0.4281,0.5719],"evs":[0.0,4.35567]},"AQo":{"weight":1.0,"played":[1.0,0.0],"evs":[0.0,-5.60118]},"K2s":{"weight":1.0,"played":[0.5,0.5],"evs":[0.0,0.0]},"K3s":{"weight":1.0,"played":[0.5,0.5],"evs":[0.0,-5.61546]},"K4s":{"weight":1.0,"played":[0.8591,0.1409],"evs":[0.0,-5.70577]},"K5s":{"weight":1.0,"played":[0.5,0.5],"evs":[0.0,-4.22982]},"K6s":{"weight":1.0,"played":[0.5,0.5],"evs":[0.0,19.80483]},"K7s":{"weight":1.0,"played":[1.0,0.0],"evs":[0.0,-6.31715]},"K8s":{"weight":1.0,"played":[0.5,0.5],"evs":[0.0,0.0]},"K9s":{"weight":1.0,"played":[0.7891,0.2109],"evs":[0.0,-2.76926]},"KTs":{"weight":1.0,"played":[0.5,0.5],"evs":[0.0,-6.59851]},"KJs":{"weight":1.0,"played":[0.5,0.5],"evs":[0.0,-0.95878]},"KQs":{"weight":1.0,"played":[1.0,0.0],"evs":[0.0,18.4449]},"KK":{"weight":1.0,"played":[0.5,0.5],"evs":[0.0,0.0]},"AKo":{"weight":1.0,"played":[0.5,0.5],"evs":[0.0,-4.22982]},"A2s":{"weight":1.0,"played":[0.5,0.5],"evs":[0.0,-5.46591]},"A3s":{"weight":1.0,"played":[0.5,0.5],"evs":[0.0,20.4197]},"A4s":{"weight":1.0,"played":[0.5,0.5],"evs":[0.0,0.0]},"A5s":{"weight":1.0,"played":[0.9946,0.0054],"evs":[0.0,-1.74448]},"A6s":{"weight":1.0,"played":[0.0092,0.9908],"evs":[0.0,-6.17202]},"A7s":{"weight":1.0,"played":[0.5,0.5],"evs":[0.0,0.0]},"A8s":{"weight":1.0,"played":[0.5,0.5],"evs":[0.0,9.64543]},"A9s":{"weight":1.0,"played":[0.5,0.5],"evs":[0.0,3.93577]},"ATs":{"weight":1.0,"played":[0.0,1.0],"evs":[0.0,-6.59851]},"AJs":{"weight":1.0,"played":[0.5,0.5],"evs":[0.0,0.0]},"AQs":{"weight":1.0,"played":[0.0833,0.9167],"evs":[0.0,17.11811]},"AKs":{"weight":1.0,"played":[0.5,0.5],"evs":[0.0,-5.60118]},"AA":{"weight":1.0,"played":[0.5,0.5],"evs":[0.0,3.664]}}}