{"player":6,"street":0,"children":2,"sequence":[{"player":0,"type":"R","amount":26350000,"street":0},{"player":1,"type":"R","amount":41950000,"street":0},{"player":2,"type":"C","amount":34350000,"street":0},{"player":3,"type":"C","amount":4130000,"street":0},{"player":4,"type":"R","amount":61485900,"street":0},{"player":5,"type":"F","amount":0,"street":0}],"actions":[{"type":"F","amount":0},{"type":"C","amount":56485900}],"hands":{"22":{"weight":1.0,"played":[0.7045,0.2955],"evs":[0.0,-0.07455]},"32o":{"weight":1.0,"played":[0.8191,0.1809],"evs":[0.0,-2.21721]},"42o":{"weight":1.0,"played":[1.0,0.0],"evs":[0.0,-6.44957]},"52o":{"weight":1.0,"played":[0.5955,0.4045],"evs":[0.0,-5.51857]},"62o":{"weight":1.0,"played":[1.0,0.0],"evs":[0.0,-6.49898]},"72o":{"weight":1.0,"played":[0.9406,0.0594],"evs":[0.0,-4.27946]},"82o":{"weight":1.0,"played":[0.8021,0.1979],"evs":[0.0,-7.45648]},"92o":{"weight":1.0,"played":[0.6349,0.3651],"evs":[0.0,-5.92351]},"T2o":{"weight":1.0,"played":[0.4796,0.5204],"evs":[0.0,1.47392]},"J2o":{"weight":1.0,"played":[0.9628,0.0372],"evs":[0.0,-7.66764]},"Q2o":{"weight":1.0,"played":[0.9771,0.0229],"evs":[0.0,-7.50781]},"K2o":{"weight":1.0,"played":[0.6486,0.3514],"evs":[0.0,6.54133]},"A2o":{"weight":1.0,"played":[0.9849,0.0151],"evs":[0.0,-6.63732]},"32s":{"weight":1.0,"played":[0.9807,0.0193],"evs":[0.0,-8.15551]},"33":{"weight":1.0,"played":[0.7162,0.2838],"evs":[0.0,-4.30658]},"43o":{"weight":1.0,"played":[1.0,0.0],"evs":[0.0,-5.34441]},"53o":{"weight":1.0,"played":[0.4323,0.5677],"evs":[0.0,2.88955]},"63o":{"weight":1.0,"played":[0.6868,0.3132],"evs":[0.0,-4.02989]},"73o":{"weight":1.0,"played":[0.991,0.009],"evs":[0.0,-5.54863]},"83o":{"weight":1.0,"played":[0.9895,0.0105],"evs":[0.0,-3.34483]},"93o":{"weight":1.0,"played":[0.9785,0.0215],"evs":[0.0,-2.59507]},"T3o":{"weight":1.0,"played":[0.8832,0.1168],"evs":[0.0,-2.80162]},"J3o":{"weight":1.0,"played":[0.98,0.02],"evs":[0.0,-4.86992]},"Q3o":{"weight":1.0,"played":[1.0,0.0],"evs":[0.0,-4.96711]},"K3o":{"weight":1.0,"played":[0.9858,0.0142],"evs":[0.0,-5.48324]},"A3o":{"weight":1.0,"played":[0.9173,0.0827],"evs":[0.0,-4.17965]},"42s":{"weight":1.0,"played":[0.241,0.759],"evs":[0.0,-1.14691]},"43s":{"weight":1.0,"played":[0.2739,0.7261],"evs":[0.0,-6.74369]},"44":{"weight":1.0,"played":[0.8211,0.1789],"evs":[0.0,-10.93368]},"54o":{"weight":1.0,"played":[0.5901,0.4099],"evs":[0.0,1.95519]},"64o":{"weight":1.0,"played":[0.9966,0.0034],"evs":[0.0,-4.90804]},"74o":{"weight":1.0,"played":[1.0,0.0],"evs":[0.0,-4.87921]},"84o":{"weight":1.0,"played":[0.8237,0.1763],"evs":[0.0,-3.63723]},"94o":{"weight":1.0,"played":[0.9987,0.0013],"evs":[0.0,-6.81658]},"T4o":{"weight":1.0,"played":[0.9984,0.0016],"evs":[0.0,-3.8945]},"J4o":{"weight":1.0,"played":[0.9808,0.0192],"evs":[0.0,-4.46099]},"Q4o":{"weight":1.0,"played":[0.9426,0.0574],"evs":[0.0,-3.44435]},"K4o":{"weight":1.0,"played":[0.574,0.426],"evs":[0.0,-6.10231]},"A4o":{"weight":1.0,"played":[0.3231,0.6769],"evs":[0.0,-2.09596]},"52s":{"weight":1.0,"played":[0.9525,0.0475],"evs":[0.0,-0.28793]},"53s":{"weight":1.0,"played":[0.0713,0.9287],"evs":[0.0,-1.78685]},"54s":{"weight":1.0,"played":[0.1056,0.8944],"evs":[0.0,6.2303]},"55":{"weight":1.0,"played":[0.8735,0.1265],"evs":[0.0,-8.15697]},"65o":{"weight":1.0,"played":[0.8322,0.1678],"evs":[0.0,-2.83675]},"75o":{"weight":1.0,"played":[0.9961,0.0039],"evs":[0.0,-10.70043]},"85o":{"weight":1.0,"played":[0.7406,0.2594],"evs":[0.0,-4.73397]},"95o":{"weight":1.0,"played":[0.8343,0.1657],"evs":[0.0,-0.65874]},"T5o":{"weight":1.0,"played":[0.9223,0.0777],"evs":[0.0,-3.18608]},"J5o":{"weight":1.0,"played":[1.0,0.0],"evs":[0.0,-5.94098]},"Q5o":{"weight":1.0,"played":[0.9422,0.0578],"evs":[0.0,-5.51801]},"K5o":{"weight":1.0,"played":[0.9929,0.0071],"evs":[0.0,-7.86748]},"A5o":{"weight":1.0,"played":[0.8945,0.1055],"evs":[0.0,-4.14239]},"62s":{"weight":1.0,"played":[0.9275,0.0725],"evs":[0.0,-11.16534]},"63s":{"weight":1.0,"played":[0.9503,0.0497],"evs":[0.0,-10.46836]},"64s":{"weight":1.0,"played":[0.9246,0.0754],"evs":[0.0,-1.45289]},"65s":{"weight":1.0,"played":[0.0294,0.9706],"evs":[0.0,-2.95371]},"66":{"weight":1.0,"played":[0.8711,0.1289],"evs":[0.0,-0.70439]},"76o":{"weight":1.0,"played":[0.4628,0.5372],"evs":[0.0,4.91001]},"86o":{"weight":1.0,"played":[0.9996,4.0E-4],"evs":[0.0,-8.01276]},"96o":{"weight":1.0,"played":[0.6637,0.3363],"evs":[0.0,0.77542]},"T6o":{"weight":1.0,"played":[0.6807,0.3193],"evs":[0.0,-2.61281]},"J6o":{"weight":1.0,"played":[0.4403,0.5597],"evs":[0.0,-3.40345]},"Q6o":{"weight":1.0,"played":[0.9592,0.0408],"evs":[0.0,-4.86546]},"K6o":{"weight":1.0,"played":[0.9883,0.0117],"evs":[0.0,-7.88249]},"A6o":{"weight":1.0,"played":[0.5248,0.4752],"evs":[0.0,0.3956]},"72s":{"weight":1.0,"played":[0.99,0.01],"evs":[0.0,-3.01184]},"73s":{"weight":1.0,"played":[0.9944,0.0056],"evs":[0.0,-5.78183]},"74s":{"weight":1.0,"played":[0.992,0.008],"evs":[0.0,-5.56666]},"75s":{"weight":1.0,"played":[0.62,0.38],"evs":[0.0,1.16328]},"76s":{"weight":1.0,"played":[1.0,0.0],"evs":[0.0,5.33587]},"77":{"weight":1.0,"played":[0.3379,0.6621],"evs":[0.0,-2.57111]},"87o":{"weight":1.0,"played":[0.9987,0.0013],"evs":[0.0,-2.65104]},"97o":{"weight":1.0,"played":[0.8692,0.1308],"evs":[0.0,-6.87895]},"T7o":{"weight":1.0,"played":[0.9898,0.0102],"evs":[0.0,-6.15472]},"J7o":{"weight":1.0,"played":[0.6707,0.3293],"evs":[0.0,-2.77585]},"Q7o":{"weight":1.0,"played":[0.9795,0.0205],"evs":[0.0,-4.80793]},"K7o":{"weight":1.0,"played":[0.7861,0.2139],"evs":[0.0,-5.57001]},"A7o":{"weight":1.0,"played":[0.9889,0.0111],"evs":[0.0,-5.90754]},"82s":{"weight":1.0,"played":[0.5477,0.4523],"evs":[0.0,1.97537]},"83s":{"weight":1.0,"played":[0.4489,0.5511],"evs":[0.0,0.55771]},"84s":{"weight":1.0,"played":[0.7387,0.2613],"evs":[0.0,-7.73135]},"85s":{"weight":1.0,"played":[0.4261,0.5739],"evs":[0.0,-2.29778]},"86s":{"weight":1.0,"played":[0.4135,0.5865],"evs":[0.0,16.09235]},"87s":{"weight":1.0,"played":[1.0,0.0],"evs":[0.0,-9.95734]},"88":{"weight":1.0,"played":[1.0,0.0],"evs":[0.0,-0.90281]},"98o":{"weight":1.0,"played":[0.6671,0.3329],"evs":[0.0,-5.2464]},"T8o":{"weight":1.0,"played":[0.9866,0.0134],"evs":[0.0,-4.55021]},"J8o":{"weight":1.0,"played":[0.1216,0.8784],"evs":[0.0,0.86739]},"Q8o":{"weight":1.0,"played":[0.9823,0.0177],"evs":[0.0,-4.90316]},"K8o":{"weight":1.0,"played":[1.0,0.0],"evs":[0.0,-0.48409]},"A8o":{"weight":1.0,"played":[0.9996,4.0E-4],"evs":[0.0,2.72356]},"92s":{"weight":1.0,"played":[0.5,0.5],"evs":[0.0,-12.45932]},"93s":{"weight":1.0,"played":[0.48,0.52],"evs":[0.0,-3.67429]},"94s":{"weight":1.0,"played":[0.6833,0.3167],"evs":[0.0,-6.30377]},"95s":{"weight":1.0,"played":[1.0,0.0],"evs":[0.0,-9.14486]},"96s":{"weight":1.0,"played":[0.3714,0.6286],"evs":[0.0,7.86729]},"97s":{"weight":1.0,"played":[0.6887,0.3113],"evs":[0.0,-2.955]},"98s":{"weight":1.0,"played":[0.5309,0.4691],"evs":[0.0,-0.1865]},"99":{"weight":1.0,"played":[0.9993,7.0E-4],"evs":[0.0,4.99895]},"T9o":{"weight":1.0,"played":[0.7833,0.2167],"evs":[0.0,-2.71982]},"J9o":{"weight":1.0,"played":[0.9953,0.0047],"evs":[0.0,-8.82165]},"Q9o":{"weight":1.0,"played":[0.6851,0.3149],"evs":[0.0,-2.04834]},"K9o":{"weight":1.0,"played":[0.9984,0.0016],"evs":[0.0,-3.98082]},"A9o":{"weight":1.0,"played":[0.7902,0.2098],"evs":[0.0,-2.39493]},"T2s":{"weight":1.0,"played":[0.7709,0.2291],"evs":[0.0,7.07583]},"T3s":{"weight":1.0,"played":[0.9539,0.0461],"evs":[0.0,3.64961]},"T4s":{"weight":1.0,"played":[0.9946,0.0054],"evs":[0.0,2.59715]},"T5s":{"weight":1.0,"played":[0.7842,0.2158],"evs":[0.0,-10.02749]},"T6s":{"weight":1.0,"played":[0.0706,0.9294],"evs":[0.0,1.51317]},"T7s":{"weight":1.0,"played":[0.7999,0.2001],"evs":[0.0,-2.92212]},"T8s":{"weight":1.0,"played":[0.1591,0.8409],"evs":[0.0,5.69403]},"T9s":{"weight":1.0,"played":[0.1997,0.8003],"evs":[0.0,-3.7613]},"TT":{"weight":1.0,"played":[0.7608,0.2392],"evs":[0.0,-3.22244]},"JTo":{"weight":1.0,"played":[0.6808,0.3192],"evs":[0.0,-4.67897]},"QTo":{"weight":1.0,"played":[0.4215,0.5785],"evs":[0.0,-2.14554]},"KTo":{"weight":1.0,"played":[0.9768,0.0232],"evs":[0.0,-5.38441]},"ATo":{"weight":1.0,"played":[0.9909,0.0091],"evs":[0.0,-3.94016]},"J2s":{"weight":1.0,"played":[1.0,0.0],"evs":[0.0,-11.6513]},"J3s":{"weight":1.0,"played":[0.9601,0.0399],"evs":[0.0,-6.37784]},"J4s":{"weight":1.0,"played":[0.9622,0.0378],"evs":[0.0,-1.85628]},"J5s":{"weight":1.0,"played":[0.9799,0.0201],"evs":[0.0,-10.02965]},"J6s":{"weight":1.0,"played":[0.858,0.142],"evs":[0.0,-1.82087]},"J7s":{"weight":1.0,"played":[0.0,1.0],"evs":[0.0,5.91188]},"J8s":{"weight":1.0,"played":[0.9245,0.0755],"evs":[0.0,-10.48695]},"J9s":{"weight":1.0,"played":[0.3984,0.6016],"evs":[0.0,0.03095]},"JTs":{"weight":1.0,"played":[0.8739,0.1261],"evs":[0.0,14.31531]},"JJ":{"weight":1.0,"played":[0.7899,0.2101],"evs":[0.0,-1.61367]},"QJo":{"weight":1.0,"played":[0.2948,0.7052],"evs":[0.0,-2.49784]},"KJo":{"weight":1.0,"played":[0.9779,0.0221],"evs":[0.0,-4.74942]},"AJo":{"weight":1.0,"played":[0.8764,0.1236],"evs":[0.0,-5.34587]},"Q2s":{"weight":1.0,"played":[0.1123,0.8877],"evs":[0.0,-0.25135]},"Q3s":{"weight":1.0,"played":[0.9686,0.0314],"evs":[0.0,-3.76266]},"Q4s":{"weight":1.0,"played":[1.0,0.0],"evs":[0.0,-11.70174]},"Q5s":{"weight":1.0,"played":[1.0,0.0],"evs":[0.0,-2.44683]},"Q6s":{"weight":1.0,"played":[0.9952,0.0048],"evs":[0.0,-4.6832]},"Q7s":{"weight":1.0,"played":[0.5,0.5],"evs":[0.0,-10.12842]},"Q8s":{"weight":1.0,"played":[0.9708,0.0292],"evs":[0.0,-11.97244]},"Q9s":{"weight":1.0,"played":[0.7833,0.2167],"evs":[0.0,-6.70752]},"QTs":{"weight":1.0,"played":[0.9103,0.0897],"evs":[0.0,-9.09601]},"QJs":{"weight":1.0,"played":[0.8924,0.1076],"evs":[0.0,4.57918]},"QQ":{"weight":1.0,"played":[0.2002,0.7998],"evs":[0.0,3.97486]},"KQo":{"weight":1.0,"played":[1.0,0.0],"evs":[0.0,-5.27921]},"AQo":{"weight":1.0,"played":[0.4317,0.5683],"evs":[0.0,-2.78134]},"K2s":{"weight":1.0,"played":[0.8199,0.1801],"evs":[0.0,-8.83529]},"K3s":{"weight":1.0,"played":[0.4213,0.5787],"evs":[0.0,-5.53111]},"K4s":{"weight":1.0,"played":[0.9794,0.0206],"evs":[0.0,-4.25534]},"K5s":{"weight":1.0,"played":[1.0,0.0],"evs":[0.0,-2.24362]},"K6s":{"weight":1.0,"played":[1.0,0.0],"evs":[0.0,14.10233]},"K7s":{"weight":1.0,"played":[0.6728,0.3272],"evs":[0.0,-5.20775]},"K8s":{"weight":1.0,"played":[0.2141,0.7859],"evs":[0.0,5.35886]},"K9s":{"weight":1.0,"played":[0.9797,0.0203],"evs":[0.0,-10.18941]},"KTs":{"weight":1.0,"played":[0.7986,0.2014],"evs":[0.0,-5.51364]},"KJs":{"weight":1.0,"played":[0.887,0.113],"evs":[0.0,-12.2185]},"KQs":{"weight":1.0,"played":[0.5,0.5],"evs":[0.0,-2.42821]},"KK":{"weight":1.0,"played":[0.7767,0.2233],"evs":[0.0,9.1599]},"AKo":{"weight":1.0,"played":[0.1476,0.8524],"evs":[0.0,-0.56186]},"A2s":{"weight":1.0,"played":[0.2118,0.7882],"evs":[0.0,-3.89473]},"A3s":{"weight":1.0,"played":[0.1568,0.8432],"evs":[0.0,2.92291]},"A4s":{"weight":1.0,"played":[1.0,0.0],"evs":[0.0,-0.22945]},"A5s":{"weight":1.0,"played":[0.9129,0.0871],"evs":[0.0,-2.80229]},"A6s":{"weight":1.0,"played":[0.0031,0.9969],"evs":[0.0,-7.18932]},"A7s":{"weight":1.0,"played":[0.9114,0.0886],"evs":[0.0,-8.54833]},"A8s":{"weight":1.0,"played":[1.0,0.0],"evs":[0.0,-1.42882]},"A9s":{"weight":1.0,"played":[0.8896,0.1104],"evs":[0.0,-12.27621]},"ATs":{"weight":1.0,"played":[0.5,0.5],"evs":[0.0,-10.12842]},"AJs":{"weight":1.0,"played":[1.0,0.0],"evs":[0.0,-2.01789]},"AQs":{"weight":1.0,"played":[0.1506,0.8494],"evs":[0.0,2.46552]},"AKs":{"weight":1.0,"played":[0.5,0.5],"evs":[0.0,-10.12842]},"AA":{"weight":1.0,"played":[0.5248,0.4752],"evs":[0.0,2.98595]}}}