{"player":3,"street":0,"children":2,"sequence":[{"player":0,"type":"F","amount":0,"street":0},{"player":1,"type":"F","amount":0,"street":0},{"player":2,"type":"R","amount":34350000,"street":0}],"actions":[{"type":"F","amount":0,"node":33},{"type":"C","amount":4130000,"node":45}],"hands":{"22":{"weight":1.0,"played":[0.0,1.0],"evs":[0.0,0.40076]},"32o":{"weight":1.0,"played":[1.0,0.0],"evs":[0.0,-0.37771]},"42o":{"weight":1.0,"played":[1.0,0.0],"evs":[0.0,-0.34368]},"52o":{"weight":1.0,"played":[1.0,0.0],"evs":[0.0,-0.29229]},"62o":{"weight":1.0,"played":[1.0,0.0],"evs":[0.0,-0.3592]},"72o":{"weight":1.0,"played":[1.0,0.0],"evs":[0.0,-0.40753]},"82o":{"weight":1.0,"played":[1.0,0.0],"evs":[0.0,-0.35576]},"92o":{"weight":1.0,"played":[1.0,0.0],"evs":[0.0,-0.33502]},"T2o":{"weight":1.0,"played":[1.0,0.0],"evs":[0.0,-0.30738]},"J2o":{"weight":1.0,"played":[1.0,0.0],"evs":[0.0,-0.27511]},"Q2o":{"weight":1.0,"played":[1.0,0.0],"evs":[0.0,-0.21614]},"K2o":{"weight":1.0,"played":[1.0,0.0],"evs":[0.0,-0.13135]},"A2o":{"weight":1.0,"played":[0.0,1.0],"evs":[0.0,0.21099]},"32s":{"weight":1.0,"played":[1.0,0.0],"evs":[0.0,-0.10937]},"33":{"weight":1.0,"played":[0.0,1.0],"evs":[0.0,0.49567]},"43o":{"weight":1.0,"played":[1.0,0.0],"evs":[0.0,-0.23771]},"53o":{"weight":1.0,"played":[1.0,0.0],"evs":[0.0,-0.1841]},"63o":{"weight":1.0,"played":[1.0,0.0],"evs":[0.0,-0.24964]},"73o":{"weight":1.0,"played":[1.0,0.0],"evs":[0.0,-0.30301]},"83o":{"weight":1.0,"played":[1.0,0.0],"evs":[0.0,-0.34392]},"93o":{"weight":1.0,"played":[1.0,0.0],"evs":[0.0,-0.30618]},"T3o":{"weight":1.0,"played":[1.0,0.0],"evs":[0.0,-0.27784]},"J3o":{"weight":1.0,"played":[1.0,0.0],"evs":[0.0,-0.24411]},"Q3o":{"weight":1.0,"played":[1.0,0.0],"evs":[0.0,-0.1826]},"K3o":{"weight":1.0,"played":[1.0,0.0],"evs":[0.0,-0.09988]},"A3o":{"weight":1.0,"played":[0.0,1.0],"evs":[0.0,0.25239]},"42s":{"weight":1.0,"played":[1.0,0.0],"evs":[0.0,-0.0759]},"43s":{"weight":1.0,"played":[0.0,1.0],"evs":[0.0,0.02402]},"44":{"weight":1.0,"played":[0.0,1.0],"evs":[0.0,0.61868]},"54o":{"weight":1.0,"played":[1.0,0.0],"evs":[0.0,-0.08496]},"64o":{"weight":1.0,"played":[1.0,0.0],"evs":[0.0,-0.14649]},"74o":{"weight":1.0,"played":[1.0,0.0],"evs":[0.0,-0.19891]},"84o":{"weight":1.0,"played":[1.0,0.0],"evs":[0.0,-0.24366]},"94o":{"weight":1.0,"played":[1.0,0.0],"evs":[0.0,-0.29981]},"T4o":{"weight":1.0,"played":[1.0,0.0],"evs":[0.0,-0.2523]},"J4o":{"weight":1.0,"played":[1.0,0.0],"evs":[0.0,-0.21731]},"Q4o":{"weight":1.0,"played":[1.0,0.0],"evs":[0.0,-0.15555]},"K4o":{"weight":1.0,"played":[1.0,0.0],"evs":[0.0,-0.07367]},"A4o":{"weight":1.0,"played":[0.0,1.0],"evs":[0.0,0.3016]},"52s":{"weight":1.0,"played":[1.0,0.0],"evs":[0.0,-0.02823]},"53s":{"weight":1.0,"played":[0.0,1.0],"evs":[0.0,0.07093]},"54s":{"weight":1.0,"played":[0.0,1.0],"evs":[0.0,0.16736]},"55":{"weight":1.0,"played":[0.0,1.0],"evs":[0.0,0.76575]},"65o":{"weight":1.0,"played":[1.0,0.0],"evs":[0.0,-0.02837]},"75o":{"weight":1.0,"played":[1.0,0.0],"evs":[0.0,-0.07503]},"85o":{"weight":1.0,"played":[1.0,0.0],"evs":[0.0,-0.11791]},"95o":{"weight":1.0,"played":[1.0,0.0],"evs":[0.0,-0.17352]},"T5o":{"weight":1.0,"played":[1.0,0.0],"evs":[0.0,-0.21975]},"J5o":{"weight":1.0,"played":[1.0,0.0],"evs":[0.0,-0.16846]},"Q5o":{"weight":1.0,"played":[1.0,0.0],"evs":[0.0,-0.10599]},"K5o":{"weight":1.0,"played":[1.0,0.0],"evs":[0.0,-0.02235]},"A5o":{"weight":1.0,"played":[0.0,1.0],"evs":[0.0,0.37365]},"62s":{"weight":1.0,"played":[1.0,0.0],"evs":[0.0,-0.08848]},"63s":{"weight":1.0,"played":[1.0E-4,0.9999],"evs":[0.0,0.00964]},"64s":{"weight":1.0,"played":[0.0,1.0],"evs":[0.0,0.10829]},"65s":{"weight":1.0,"played":[0.0,1.0],"evs":[0.0,0.21911]},"66":{"weight":1.0,"played":[0.0,1.0],"evs":[0.0,0.8972]},"76o":{"weight":1.0,"played":[0.0,1.0],"evs":[0.0,0.02706]},"86o":{"weight":1.0,"played":[1.0,0.0],"evs":[0.0,-0.00829]},"96o":{"weight":1.0,"played":[1.0,0.0],"evs":[0.0,-0.05965]},"T6o":{"weight":1.0,"played":[1.0,0.0],"evs":[0.0,-0.10533]},"J6o":{"weight":1.0,"played":[1.0,0.0],"evs":[0.0,-0.14698]},"Q6o":{"weight":1.0,"played":[1.0,0.0],"evs":[0.0,-0.06841]},"K6o":{"weight":1.0,"played":[0.0,1.0],"evs":[0.0,0.01665]},"A6o":{"weight":1.0,"played":[0.0,1.0],"evs":[0.0,0.36261]},"72s":{"weight":1.0,"played":[1.0,0.0],"evs":[0.0,-0.13744]},"73s":{"weight":1.0,"played":[1.0,0.0],"evs":[0.0,-0.0358]},"74s":{"weight":1.0,"played":[0.0,1.0],"evs":[0.0,0.05767]},"75s":{"weight":1.0,"played":[0.0,1.0],"evs":[0.0,0.17466]},"76s":{"weight":1.0,"played":[0.0,1.0],"evs":[0.0,0.27174]},"77":{"weight":1.0,"played":[0.0,1.0],"evs":[0.0,1.03438]},"87o":{"weight":1.0,"played":[0.0,1.0],"evs":[0.0,0.08365]},"97o":{"weight":1.0,"played":[0.0,1.0],"evs":[0.0,0.03952]},"T7o":{"weight":1.0,"played":[0.6529,0.3471],"evs":[0.0,-1.4E-4]},"J7o":{"weight":1.0,"played":[1.0,0.0],"evs":[0.0,-0.04435]},"Q7o":{"weight":1.0,"played":[1.0,0.0],"evs":[0.0,-0.0543]},"K7o":{"weight":1.0,"played":[0.0,1.0],"evs":[0.0,0.04725]},"A7o":{"weight":1.0,"played":[0.0,1.0],"evs":[0.0,0.48031]},"82s":{"weight":1.0,"played":[1.0,0.0],"evs":[0.0,-0.08368]},"83s":{"weight":1.0,"played":[1.0,0.0],"evs":[0.0,-0.07653]},"84s":{"weight":1.0,"played":[1.0E-4,0.9999],"evs":[0.0,0.01867]},"85s":{"weight":1.0,"played":[0.0,1.0],"evs":[0.0,0.13514]},"86s":{"weight":1.0,"played":[0.0,1.0],"evs":[0.0,0.24036]},"87s":{"weight":1.0,"played":[0.0,1.0],"evs":[0.0,0.32285]},"88":{"weight":1.0,"played":[0.0,1.0],"evs":[0.0,1.19983]},"98o":{"weight":1.0,"played":[0.0,1.0],"evs":[0.0,0.13288]},"T8o":{"weight":1.0,"played":[0.0,1.0],"evs":[0.0,0.10544]},"J8o":{"weight":1.0,"played":[0.0,1.0],"evs":[0.0,0.0633]},"Q8o":{"weight":1.0,"played":[0.0,1.0],"evs":[0.0,0.04765]},"K8o":{"weight":1.0,"played":[0.0,1.0],"evs":[0.0,0.06972]},"A8o":{"weight":1.0,"played":[0.0,1.0],"evs":[0.0,0.62194]},"92s":{"weight":1.0,"played":[1.0,0.0],"evs":[0.0,-0.06449]},"93s":{"weight":1.0,"played":[0.9999,1.0E-4],"evs":[0.0,-0.03659]},"94s":{"weight":1.0,"played":[1.0,0.0],"evs":[0.0,-0.03318]},"95s":{"weight":1.0,"played":[0.0,1.0],"evs":[0.0,0.08416]},"96s":{"weight":1.0,"played":[0.0,1.0],"evs":[0.0,0.19078]},"97s":{"weight":1.0,"played":[0.0,1.0],"evs":[0.0,0.28675]},"98s":{"weight":1.0,"played":[0.0,1.0],"evs":[0.0,0.3708]},"99":{"weight":1.0,"played":[0.0,1.0],"evs":[0.0,1.37952]},"T9o":{"weight":1.0,"played":[0.0,1.0],"evs":[0.0,0.20685]},"J9o":{"weight":1.0,"played":[0.0,1.0],"evs":[0.0,0.16717]},"Q9o":{"weight":1.0,"played":[0.0,1.0],"evs":[0.0,0.14978]},"K9o":{"weight":1.0,"played":[0.0,1.0],"evs":[0.0,0.18276]},"A9o":{"weight":1.0,"played":[0.0,1.0],"evs":[0.0,0.78506]},"T2s":{"weight":1.0,"played":[1.0,0.0],"evs":[0.0,-0.0406]},"T3s":{"weight":1.0,"played":[0.9996,4.0E-4],"evs":[0.0,-0.01073]},"T4s":{"weight":1.0,"played":[0.0,1.0],"evs":[0.0,0.01078]},"T5s":{"weight":1.0,"played":[0.0,1.0],"evs":[0.0,0.04296]},"T6s":{"weight":1.0,"played":[0.0,1.0],"evs":[0.0,0.14841]},"T7s":{"weight":1.0,"played":[0.0,1.0],"evs":[0.0,0.24804]},"T8s":{"weight":1.0,"played":[0.0,1.0],"evs":[0.0,0.34859]},"T9s":{"weight":1.0,"played":[0.0,1.0],"evs":[0.0,0.44145]},"TT":{"weight":1.0,"played":[0.0,1.0],"evs":[0.0,1.6512]},"JTo":{"weight":1.0,"played":[0.0,1.0],"evs":[0.0,0.30873]},"QTo":{"weight":1.0,"played":[0.0,1.0],"evs":[0.0,0.30267]},"KTo":{"weight":1.0,"played":[0.0,1.0],"evs":[0.0,0.3908]},"ATo":{"weight":1.0,"played":[0.0,1.0],"evs":[0.0,1.09286]},"J2s":{"weight":1.0,"played":[0.9999,1.0E-4],"evs":[0.0,-0.00551]},"J3s":{"weight":1.0,"played":[3.0E-4,0.9997],"evs":[0.0,0.02449]},"J4s":{"weight":1.0,"played":[0.0,1.0],"evs":[0.0,0.0482]},"J5s":{"weight":1.0,"played":[0.0,1.0],"evs":[0.0,0.09324]},"J6s":{"weight":1.0,"played":[0.0,1.0],"evs":[0.0,0.11509]},"J7s":{"weight":1.0,"played":[0.0,1.0],"evs":[0.0,0.21011]},"J8s":{"weight":1.0,"played":[0.0,1.0],"evs":[0.0,0.30879]},"J9s":{"weight":1.0,"played":[0.0,1.0],"evs":[0.0,0.40881]},"JTs":{"weight":1.0,"played":[0.0,1.0],"evs":[0.0,0.54115]},"JJ":{"weight":1.0,"played":[0.0,1.0],"evs":[0.0,1.9415]},"QJo":{"weight":1.0,"played":[0.0,1.0],"evs":[0.0,0.39879]},"KJo":{"weight":1.0,"played":[0.0,1.0],"evs":[0.0,0.5317]},"AJo":{"weight":1.0,"played":[0.0,1.0],"evs":[0.0,1.32941]},"Q2s":{"weight":1.0,"played":[0.0,1.0],"evs":[0.0,0.0516]},"Q3s":{"weight":1.0,"played":[0.0,1.0],"evs":[0.0,0.08517]},"Q4s":{"weight":1.0,"played":[0.0,1.0],"evs":[0.0,0.10771]},"Q5s":{"weight":1.0,"played":[0.0,1.0],"evs":[0.0,0.15395]},"Q6s":{"weight":1.0,"played":[0.0,1.0],"evs":[0.0,0.19105]},"Q7s":{"weight":1.0,"played":[0.0,1.0],"evs":[0.0,0.20147]},"Q8s":{"weight":1.0,"played":[0.0,1.0],"evs":[0.0,0.29511]},"Q9s":{"weight":1.0,"played":[0.0,1.0],"evs":[0.0,0.3952]},"QTs":{"weight":1.0,"played":[0.0,1.0],"evs":[0.0,0.53859]},"QJs":{"weight":1.0,"played":[0.0,1.0],"evs":[0.0,0.62106]},"QQ":{"weight":1.0,"played":[0.0,1.0],"evs":[0.0,2.25927]},"KQo":{"weight":1.0,"played":[0.0,1.0],"evs":[0.0,0.68415]},"AQo":{"weight":1.0,"played":[0.0,1.0],"evs":[0.0,1.56324]},"K2s":{"weight":1.0,"played":[0.0,1.0],"evs":[0.0,0.13727]},"K3s":{"weight":1.0,"played":[0.0,1.0],"evs":[0.0,0.16911]},"K4s":{"weight":1.0,"played":[0.0,1.0],"evs":[0.0,0.18985]},"K5s":{"weight":1.0,"played":[0.0,1.0],"evs":[0.0,0.23749]},"K6s":{"weight":1.0,"played":[0.0,1.0],"evs":[0.0,0.27198]},"K7s":{"weight":1.0,"played":[0.0,1.0],"evs":[0.0,0.30197]},"K8s":{"weight":1.0,"played":[0.0,1.0],"evs":[0.0,0.32217]},"K9s":{"weight":1.0,"played":[0.0,1.0],"evs":[0.0,0.43094]},"KTs":{"weight":1.0,"played":[0.0,1.0],"evs":[0.0,0.62284]},"KJs":{"weight":1.0,"played":[0.0,1.0],"evs":[0.0,0.75319]},"KQs":{"weight":1.0,"played":[0.0,1.0],"evs":[0.0,0.89543]},"KK":{"weight":1.0,"played":[0.0,1.0],"evs":[0.0,2.64597]},"AKo":{"weight":1.0,"played":[0.0,1.0],"evs":[0.0,1.83916]},"A2s":{"weight":1.0,"played":[0.0,1.0],"evs":[0.0,0.46683]},"A3s":{"weight":1.0,"played":[0.0,1.0],"evs":[0.0,0.50276]},"A4s":{"weight":1.0,"played":[0.0,1.0],"evs":[0.0,0.55064]},"A5s":{"weight":1.0,"played":[0.0,1.0],"evs":[0.0,0.61376]},"A6s":{"weight":1.0,"played":[0.0,1.0],"evs":[0.0,0.60888]},"A7s":{"weight":1.0,"played":[0.0,1.0],"evs":[0.0,0.71767]},"A8s":{"weight":1.0,"played":[0.0,1.0],"evs":[0.0,0.84985]},"A9s":{"weight":1.0,"played":[0.0,1.0],"evs":[0.0,1.00023]},"ATs":{"weight":1.0,"played":[0.0,1.0],"evs":[0.0,1.28776]},"AJs":{"weight":1.0,"played":[0.0,1.0],"evs":[0.0,1.5086]},"AQs":{"weight":1.0,"played":[0.0,1.0],"evs":[0.0,1.72709]},"AKs":{"weight":1.0,"played":[0.0,1.0],"evs":[0.0,1.98373]},"AA":{"weight":1.0,"played":[0.0,1.0],"evs":[0.0,3.66504]}}}