{"player":6,"street":0,"children":2,"sequence":[{"player":0,"type":"F","amount":0,"street":0},{"player":1,"type":"F","amount":0,"street":0},{"player":2,"type":"R","amount":34350000,"street":0},{"player":3,"type":"F","amount":0,"street":0},{"player":4,"type":"R","amount":61485900,"street":0},{"player":5,"type":"F","amount":0,"street":0}],"actions":[{"type":"F","amount":0},{"type":"C","amount":56485900}],"hands":{"22":{"weight":1.0,"played":[1.0,0.0],"evs":[0.0,-4.56483]},"32o":{"weight":1.0,"played":[1.0,0.0],"evs":[0.0,-7.75059]},"42o":{"weight":1.0,"played":[1.0,0.0],"evs":[0.0,-7.55027]},"52o":{"weight":1.0,"played":[1.0,0.0],"evs":[0.0,-7.27962]},"62o":{"weight":1.0,"played":[1.0,0.0],"evs":[0.0,-7.50445]},"72o":{"weight":1.0,"played":[1.0,0.0],"evs":[0.0,-7.79978]},"82o":{"weight":1.0,"played":[1.0,0.0],"evs":[0.0,-7.49485]},"92o":{"weight":1.0,"played":[1.0,0.0],"evs":[0.0,-7.28251]},"T2o":{"weight":1.0,"played":[1.0,0.0],"evs":[0.0,-7.2073]},"J2o":{"weight":1.0,"played":[1.0,0.0],"evs":[0.0,-7.09236]},"Q2o":{"weight":1.0,"played":[1.0,0.0],"evs":[0.0,-6.92528]},"K2o":{"weight":1.0,"played":[1.0,0.0],"evs":[0.0,-6.77455]},"A2o":{"weight":1.0,"played":[1.0,0.0],"evs":[0.0,-6.14384]},"32s":{"weight":1.0,"played":[1.0,0.0],"evs":[0.0,-6.55605]},"33":{"weight":1.0,"played":[1.0,0.0],"evs":[0.0,-4.45982]},"43o":{"weight":1.0,"played":[1.0,0.0],"evs":[0.0,-7.11924]},"53o":{"weight":1.0,"played":[1.0,0.0],"evs":[0.0,-6.84178]},"63o":{"weight":1.0,"played":[1.0,0.0],"evs":[0.0,-7.07411]},"73o":{"weight":1.0,"played":[1.0,0.0],"evs":[0.0,-7.35488]},"83o":{"weight":1.0,"played":[1.0,0.0],"evs":[0.0,-7.46704]},"93o":{"weight":1.0,"played":[1.0,0.0],"evs":[0.0,-7.13104]},"T3o":{"weight":1.0,"played":[1.0,0.0],"evs":[0.0,-7.07647]},"J3o":{"weight":1.0,"played":[1.0,0.0],"evs":[0.0,-6.99671]},"Q3o":{"weight":1.0,"played":[1.0,0.0],"evs":[0.0,-6.83002]},"K3o":{"weight":1.0,"played":[1.0,0.0],"evs":[0.0,-6.62552]},"A3o":{"weight":1.0,"played":[1.0,0.0],"evs":[0.0,-6.08004]},"42s":{"weight":1.0,"played":[1.0,0.0],"evs":[0.0,-6.47952]},"43s":{"weight":1.0,"played":[1.0,0.0],"evs":[0.0,-6.03555]},"44":{"weight":1.0,"played":[1.0,0.0],"evs":[0.0,-3.96459]},"54o":{"weight":1.0,"played":[1.0,0.0],"evs":[0.0,-6.35283]},"64o":{"weight":1.0,"played":[1.0,0.0],"evs":[0.0,-6.65012]},"74o":{"weight":1.0,"played":[1.0,0.0],"evs":[0.0,-6.93113]},"84o":{"weight":1.0,"played":[1.0,0.0],"evs":[0.0,-7.0746]},"94o":{"weight":1.0,"played":[1.0,0.0],"evs":[0.0,-7.14225]},"T4o":{"weight":1.0,"played":[1.0,0.0],"evs":[0.0,-6.95669]},"J4o":{"weight":1.0,"played":[1.0,0.0],"evs":[0.0,-6.87673]},"Q4o":{"weight":1.0,"played":[1.0,0.0],"evs":[0.0,-6.68944]},"K4o":{"weight":1.0,"played":[1.0,0.0],"evs":[0.0,-6.54431]},"A4o":{"weight":1.0,"played":[1.0,0.0],"evs":[0.0,-5.87337]},"52s":{"weight":1.0,"played":[1.0,0.0],"evs":[0.0,-6.09917]},"53s":{"weight":1.0,"played":[1.0,0.0],"evs":[0.0,-5.74555]},"54s":{"weight":1.0,"played":[1.0,0.0],"evs":[0.0,-5.3093]},"55":{"weight":1.0,"played":[1.0,0.0],"evs":[0.0,-3.09441]},"65o":{"weight":1.0,"played":[1.0,0.0],"evs":[0.0,-6.06904]},"75o":{"weight":1.0,"played":[1.0,0.0],"evs":[0.0,-6.36715]},"85o":{"weight":1.0,"played":[1.0,0.0],"evs":[0.0,-6.43995]},"95o":{"weight":1.0,"played":[1.0,0.0],"evs":[0.0,-6.54431]},"T5o":{"weight":1.0,"played":[1.0,0.0],"evs":[0.0,-6.76433]},"J5o":{"weight":1.0,"played":[1.0,0.0],"evs":[0.0,-6.64128]},"Q5o":{"weight":1.0,"played":[1.0,0.0],"evs":[0.0,-6.42387]},"K5o":{"weight":1.0,"played":[1.0,0.0],"evs":[0.0,-6.25955]},"A5o":{"weight":1.0,"played":[1.0,0.0],"evs":[0.0,-5.57527]},"62s":{"weight":1.0,"played":[1.0,0.0],"evs":[0.0,-6.30739]},"63s":{"weight":1.0,"played":[1.0,0.0],"evs":[0.0,-5.92128]},"64s":{"weight":1.0,"played":[1.0,0.0],"evs":[0.0,-5.56926]},"65s":{"weight":1.0,"played":[1.0,0.0],"evs":[0.0,-5.01145]},"66":{"weight":1.0,"played":[1.0,0.0],"evs":[0.0,-2.52278]},"76o":{"weight":1.0,"played":[1.0,0.0],"evs":[0.0,-5.86023]},"86o":{"weight":1.0,"played":[1.0,0.0],"evs":[0.0,-5.97402]},"96o":{"weight":1.0,"played":[1.0,0.0],"evs":[0.0,-6.01921]},"T6o":{"weight":1.0,"played":[1.0,0.0],"evs":[0.0,-6.23857]},"J6o":{"weight":1.0,"played":[1.0,0.0],"evs":[0.0,-6.47808]},"Q6o":{"weight":1.0,"played":[1.0,0.0],"evs":[0.0,-6.19278]},"K6o":{"weight":1.0,"played":[1.0,0.0],"evs":[0.0,-6.02893]},"A6o":{"weight":1.0,"played":[1.0,0.0],"evs":[0.0,-5.72497]},"72s":{"weight":1.0,"played":[1.0,0.0],"evs":[0.0,-6.62633]},"73s":{"weight":1.0,"played":[1.0,0.0],"evs":[0.0,-6.21564]},"74s":{"weight":1.0,"played":[1.0,0.0],"evs":[0.0,-5.81354]},"75s":{"weight":1.0,"played":[1.0,0.0],"evs":[0.0,-5.32581]},"76s":{"weight":1.0,"played":[1.0,0.0],"evs":[0.0,-4.90375]},"77":{"weight":1.0,"played":[1.0,0.0],"evs":[0.0,-2.09489]},"87o":{"weight":1.0,"played":[1.0,0.0],"evs":[0.0,-5.67808]},"97o":{"weight":1.0,"played":[1.0,0.0],"evs":[0.0,-5.74722]},"T7o":{"weight":1.0,"played":[1.0,0.0],"evs":[0.0,-5.88949]},"J7o":{"weight":1.0,"played":[1.0,0.0],"evs":[0.0,-6.14919]},"Q7o":{"weight":1.0,"played":[1.0,0.0],"evs":[0.0,-6.30713]},"K7o":{"weight":1.0,"played":[1.0,0.0],"evs":[0.0,-6.08279]},"A7o":{"weight":1.0,"played":[1.0,0.0],"evs":[0.0,-5.39836]},"82s":{"weight":1.0,"played":[1.0,0.0],"evs":[0.0,-6.40356]},"83s":{"weight":1.0,"played":[1.0,0.0],"evs":[0.0,-6.34316]},"84s":{"weight":1.0,"played":[1.0,0.0],"evs":[0.0,-5.9413]},"85s":{"weight":1.0,"played":[1.0,0.0],"evs":[0.0,-5.38587]},"86s":{"weight":1.0,"played":[1.0,0.0],"evs":[0.0,-4.9458]},"87s":{"weight":1.0,"played":[1.0,0.0],"evs":[0.0,-4.63186]},"88":{"weight":1.0,"played":[1.0,0.0],"evs":[0.0,-1.12209]},"98o":{"weight":1.0,"played":[1.0,0.0],"evs":[0.0,-5.27439]},"T8o":{"weight":1.0,"played":[1.0,0.0],"evs":[0.0,-5.39555]},"J8o":{"weight":1.0,"played":[1.0,0.0],"evs":[0.0,-5.62023]},"Q8o":{"weight":1.0,"played":[1.0,0.0],"evs":[0.0,-5.81926]},"K8o":{"weight":1.0,"played":[1.0,0.0],"evs":[0.0,-5.89358]},"A8o":{"weight":1.0,"played":[1.0,0.0],"evs":[0.0,-4.97033]},"92s":{"weight":1.0,"played":[1.0,0.0],"evs":[0.0,-6.13844]},"93s":{"weight":1.0,"played":[1.0,0.0],"evs":[0.0,-6.02031]},"94s":{"weight":1.0,"played":[1.0,0.0],"evs":[0.0,-5.98523]},"95s":{"weight":1.0,"played":[1.0,0.0],"evs":[0.0,-5.42209]},"96s":{"weight":1.0,"played":[1.0,0.0],"evs":[0.0,-4.92523]},"97s":{"weight":1.0,"played":[1.0,0.0],"evs":[0.0,-4.67829]},"98s":{"weight":1.0,"played":[1.0,0.0],"evs":[0.0,-4.22133]},"99":{"weight":1.0,"played":[0.0127,0.9873],"evs":[0.0,0.07698]},"T9o":{"weight":1.0,"played":[1.0,0.0],"evs":[0.0,-4.81175]},"J9o":{"weight":1.0,"played":[1.0,0.0],"evs":[0.0,-5.05798]},"Q9o":{"weight":1.0,"played":[1.0,0.0],"evs":[0.0,-5.24015]},"K9o":{"weight":1.0,"played":[1.0,0.0],"evs":[0.0,-5.35217]},"A9o":{"weight":1.0,"played":[1.0,0.0],"evs":[0.0,-4.4148]},"T2s":{"weight":1.0,"played":[1.0,0.0],"evs":[0.0,-6.07277]},"T3s":{"weight":1.0,"played":[1.0,0.0],"evs":[0.0,-5.89038]},"T4s":{"weight":1.0,"played":[1.0,0.0],"evs":[0.0,-5.85615]},"T5s":{"weight":1.0,"played":[1.0,0.0],"evs":[0.0,-5.65829]},"T6s":{"weight":1.0,"played":[1.0,0.0],"evs":[0.0,-5.18767]},"T7s":{"weight":1.0,"played":[1.0,0.0],"evs":[0.0,-4.81232]},"T8s":{"weight":1.0,"played":[1.0,0.0],"evs":[0.0,-4.42062]},"T9s":{"weight":1.0,"played":[1.0,0.0],"evs":[0.0,-3.81796]},"TT":{"weight":1.0,"played":[0.0,1.0],"evs":[0.0,1.52305]},"JTo":{"weight":1.0,"played":[1.0,0.0],"evs":[0.0,-4.51836]},"QTo":{"weight":1.0,"played":[1.0,0.0],"evs":[0.0,-4.65671]},"KTo":{"weight":1.0,"played":[1.0,0.0],"evs":[0.0,-4.76584]},"ATo":{"weight":1.0,"played":[1.0,0.0],"evs":[0.0,-3.13569]},"J2s":{"weight":1.0,"played":[1.0,0.0],"evs":[0.0,-5.90232]},"J3s":{"weight":1.0,"played":[1.0,0.0],"evs":[0.0,-5.85066]},"J4s":{"weight":1.0,"played":[1.0,0.0],"evs":[0.0,-5.72311]},"J5s":{"weight":1.0,"played":[1.0,0.0],"evs":[0.0,-5.51213]},"J6s":{"weight":1.0,"played":[1.0,0.0],"evs":[0.0,-5.35098]},"J7s":{"weight":1.0,"played":[1.0,0.0],"evs":[0.0,-5.0343]},"J8s":{"weight":1.0,"played":[1.0,0.0],"evs":[0.0,-4.50653]},"J9s":{"weight":1.0,"played":[1.0,0.0],"evs":[0.0,-4.00016]},"JTs":{"weight":1.0,"played":[1.0,0.0],"evs":[0.0,-3.47802]},"JJ":{"weight":1.0,"played":[0.0,1.0],"evs":[0.0,2.89671]},"QJo":{"weight":1.0,"played":[1.0,0.0],"evs":[0.0,-4.52851]},"KJo":{"weight":1.0,"played":[1.0,0.0],"evs":[0.0,-4.37286]},"AJo":{"weight":1.0,"played":[1.0,0.0],"evs":[0.0,-1.89499]},"Q2s":{"weight":1.0,"played":[1.0,0.0],"evs":[0.0,-5.81276]},"Q3s":{"weight":1.0,"played":[1.0,0.0],"evs":[0.0,-5.67168]},"Q4s":{"weight":1.0,"played":[1.0,0.0],"evs":[0.0,-5.55889]},"Q5s":{"weight":1.0,"played":[1.0,0.0],"evs":[0.0,-5.3459]},"Q6s":{"weight":1.0,"played":[1.0,0.0],"evs":[0.0,-5.12076]},"Q7s":{"weight":1.0,"played":[1.0,0.0],"evs":[0.0,-5.12303]},"Q8s":{"weight":1.0,"played":[1.0,0.0],"evs":[0.0,-4.72502]},"Q9s":{"weight":1.0,"played":[1.0,0.0],"evs":[0.0,-4.20189]},"QTs":{"weight":1.0,"played":[1.0,0.0],"evs":[0.0,-3.67382]},"QJs":{"weight":1.0,"played":[1.0,0.0],"evs":[0.0,-3.54386]},"QQ":{"weight":1.0,"played":[0.0,1.0],"evs":[0.0,4.2981]},"KQo":{"weight":1.0,"played":[1.0,0.0],"evs":[0.0,-3.41621]},"AQo":{"weight":1.0,"played":[1.0,0.0],"evs":[0.0,-0.58176]},"K2s":{"weight":1.0,"played":[1.0,0.0],"evs":[0.0,-5.58331]},"K3s":{"weight":1.0,"played":[1.0,0.0],"evs":[0.0,-5.59701]},"K4s":{"weight":1.0,"played":[1.0,0.0],"evs":[0.0,-5.43062]},"K5s":{"weight":1.0,"played":[1.0,0.0],"evs":[0.0,-5.09828]},"K6s":{"weight":1.0,"played":[1.0,0.0],"evs":[0.0,-4.89275]},"K7s":{"weight":1.0,"played":[1.0,0.0],"evs":[0.0,-4.99569]},"K8s":{"weight":1.0,"played":[1.0,0.0],"evs":[0.0,-4.79838]},"K9s":{"weight":1.0,"played":[1.0,0.0],"evs":[0.0,-4.30845]},"KTs":{"weight":1.0,"played":[1.0,0.0],"evs":[0.0,-3.7514]},"KJs":{"weight":1.0,"played":[1.0,0.0],"evs":[0.0,-3.33198]},"KQs":{"weight":1.0,"played":[1.0,0.0],"evs":[0.0,-2.45837]},"KK":{"weight":1.0,"played":[0.0,1.0],"evs":[0.0,6.09697]},"AKo":{"weight":1.0,"played":[0.0,1.0],"evs":[0.0,0.75882]},"A2s":{"weight":1.0,"played":[1.0,0.0],"evs":[0.0,-4.95824]},"A3s":{"weight":1.0,"played":[1.0,0.0],"evs":[0.0,-4.89253]},"A4s":{"weight":1.0,"played":[1.0,0.0],"evs":[0.0,-4.76455]},"A5s":{"weight":1.0,"played":[1.0,0.0],"evs":[0.0,-4.43304]},"A6s":{"weight":1.0,"played":[1.0,0.0],"evs":[0.0,-4.575]},"A7s":{"weight":1.0,"played":[1.0,0.0],"evs":[0.0,-4.32753]},"A8s":{"weight":1.0,"played":[1.0,0.0],"evs":[0.0,-3.85408]},"A9s":{"weight":1.0,"played":[1.0,0.0],"evs":[0.0,-3.29491]},"ATs":{"weight":1.0,"played":[1.0,0.0],"evs":[0.0,-2.22742]},"AJs":{"weight":1.0,"played":[1.0,0.0],"evs":[0.0,-1.00556]},"AQs":{"weight":1.0,"played":[0.0,1.0],"evs":[0.0,0.19341]},"AKs":{"weight":1.0,"played":[0.0,1.0],"evs":[0.0,1.4133]},"AA":{"weight":1.0,"played":[0.0,1.0],"evs":[0.0,9.35816]}}}