{"player":6,"street":0,"children":2,"sequence":[{"player":0,"type":"F","amount":0,"street":0},{"player":1,"type":"F","amount":0,"street":0},{"player":2,"type":"R","amount":34350000,"street":0},{"player":3,"type":"F","amount":0,"street":0},{"player":4,"type":"R","amount":61485900,"street":0},{"player":5,"type":"C","amount":14516800,"street":0}],"actions":[{"type":"F","amount":0},{"type":"C","amount":56485900}],"hands":{"22":{"weight":1.0,"played":[1.0,0.0],"evs":[0.0,-4.12876]},"32o":{"weight":1.0,"played":[1.0,0.0],"evs":[0.0,-6.91374]},"42o":{"weight":1.0,"played":[1.0,0.0],"evs":[0.0,-6.66997]},"52o":{"weight":1.0,"played":[1.0,0.0],"evs":[0.0,-6.31181]},"62o":{"weight":1.0,"played":[1.0,0.0],"evs":[0.0,-6.57704]},"72o":{"weight":1.0,"played":[1.0,0.0],"evs":[0.0,-6.89323]},"82o":{"weight":1.0,"played":[1.0,0.0],"evs":[0.0,-6.53694]},"92o":{"weight":1.0,"played":[1.0,0.0],"evs":[0.0,-6.34916]},"T2o":{"weight":1.0,"played":[1.0,0.0],"evs":[0.0,-6.4004]},"J2o":{"weight":1.0,"played":[1.0,0.0],"evs":[0.0,-6.25672]},"Q2o":{"weight":1.0,"played":[1.0,0.0],"evs":[0.0,-6.43751]},"K2o":{"weight":1.0,"played":[1.0,0.0],"evs":[0.0,-6.27659]},"A2o":{"weight":1.0,"played":[1.0,0.0],"evs":[0.0,-5.65877]},"32s":{"weight":1.0,"played":[1.0,0.0],"evs":[0.0,-5.81158]},"33":{"weight":1.0,"played":[1.0,0.0],"evs":[0.0,-3.57344]},"43o":{"weight":1.0,"played":[1.0,0.0],"evs":[0.0,-5.97016]},"53o":{"weight":1.0,"played":[1.0,0.0],"evs":[0.0,-5.76936]},"63o":{"weight":1.0,"played":[1.0,0.0],"evs":[0.0,-6.00899]},"73o":{"weight":1.0,"played":[1.0,0.0],"evs":[0.0,-6.31309]},"83o":{"weight":1.0,"played":[1.0,0.0],"evs":[0.0,-6.41264]},"93o":{"weight":1.0,"played":[1.0,0.0],"evs":[0.0,-6.26268]},"T3o":{"weight":1.0,"played":[1.0,0.0],"evs":[0.0,-6.26793]},"J3o":{"weight":1.0,"played":[1.0,0.0],"evs":[0.0,-6.16136]},"Q3o":{"weight":1.0,"played":[1.0,0.0],"evs":[0.0,-6.17287]},"K3o":{"weight":1.0,"played":[1.0,0.0],"evs":[0.0,-6.16696]},"A3o":{"weight":1.0,"played":[1.0,0.0],"evs":[0.0,-5.79204]},"42s":{"weight":1.0,"played":[1.0,0.0],"evs":[0.0,-5.48261]},"43s":{"weight":1.0,"played":[1.0,0.0],"evs":[0.0,-4.89801]},"44":{"weight":1.0,"played":[1.0,0.0],"evs":[0.0,-3.37613]},"54o":{"weight":1.0,"played":[1.0,0.0],"evs":[0.0,-5.37413]},"64o":{"weight":1.0,"played":[1.0,0.0],"evs":[0.0,-5.58938]},"74o":{"weight":1.0,"played":[1.0,0.0],"evs":[0.0,-5.74305]},"84o":{"weight":1.0,"played":[1.0,0.0],"evs":[0.0,-6.0864]},"94o":{"weight":1.0,"played":[1.0,0.0],"evs":[0.0,-6.31789]},"T4o":{"weight":1.0,"played":[1.0,0.0],"evs":[0.0,-6.11918]},"J4o":{"weight":1.0,"played":[1.0,0.0],"evs":[0.0,-5.84103]},"Q4o":{"weight":1.0,"played":[1.0,0.0],"evs":[0.0,-6.02672]},"K4o":{"weight":1.0,"played":[1.0,0.0],"evs":[0.0,-5.96798]},"A4o":{"weight":1.0,"played":[1.0,0.0],"evs":[0.0,-5.57198]},"52s":{"weight":1.0,"played":[1.0,0.0],"evs":[0.0,-5.35565]},"53s":{"weight":1.0,"played":[1.0,0.0],"evs":[0.0,-4.35047]},"54s":{"weight":1.0,"played":[1.0,0.0],"evs":[0.0,-4.09643]},"55":{"weight":1.0,"played":[1.0,0.0],"evs":[0.0,-2.16163]},"65o":{"weight":1.0,"played":[1.0,0.0],"evs":[0.0,-4.77741]},"75o":{"weight":1.0,"played":[1.0,0.0],"evs":[0.0,-5.22513]},"85o":{"weight":1.0,"played":[1.0,0.0],"evs":[0.0,-5.4568]},"95o":{"weight":1.0,"played":[1.0,0.0],"evs":[0.0,-5.63949]},"T5o":{"weight":1.0,"played":[1.0,0.0],"evs":[0.0,-5.95138]},"J5o":{"weight":1.0,"played":[1.0,0.0],"evs":[0.0,-5.74271]},"Q5o":{"weight":1.0,"played":[1.0,0.0],"evs":[0.0,-5.65036]},"K5o":{"weight":1.0,"played":[1.0,0.0],"evs":[0.0,-5.79806]},"A5o":{"weight":1.0,"played":[1.0,0.0],"evs":[0.0,-5.30479]},"62s":{"weight":1.0,"played":[1.0,0.0],"evs":[0.0,-5.4173]},"63s":{"weight":1.0,"played":[1.0,0.0],"evs":[0.0,-4.6202]},"64s":{"weight":1.0,"played":[1.0,0.0],"evs":[0.0,-4.51174]},"65s":{"weight":1.0,"played":[1.0,0.0],"evs":[0.0,-3.88574]},"66":{"weight":1.0,"played":[1.0,0.0],"evs":[0.0,-1.78125]},"76o":{"weight":1.0,"played":[1.0,0.0],"evs":[0.0,-4.79089]},"86o":{"weight":1.0,"played":[1.0,0.0],"evs":[0.0,-4.80538]},"96o":{"weight":1.0,"played":[1.0,0.0],"evs":[0.0,-4.92036]},"T6o":{"weight":1.0,"played":[1.0,0.0],"evs":[0.0,-5.51919]},"J6o":{"weight":1.0,"played":[1.0,0.0],"evs":[0.0,-5.72568]},"Q6o":{"weight":1.0,"played":[1.0,0.0],"evs":[0.0,-5.41348]},"K6o":{"weight":1.0,"played":[1.0,0.0],"evs":[0.0,-5.46482]},"A6o":{"weight":1.0,"played":[1.0,0.0],"evs":[0.0,-5.41788]},"72s":{"weight":1.0,"played":[1.0,0.0],"evs":[0.0,-5.76981]},"73s":{"weight":1.0,"played":[1.0,0.0],"evs":[0.0,-5.5149]},"74s":{"weight":1.0,"played":[1.0,0.0],"evs":[0.0,-4.75926]},"75s":{"weight":1.0,"played":[1.0,0.0],"evs":[0.0,-4.28877]},"76s":{"weight":1.0,"played":[1.0,0.0],"evs":[0.0,-3.70451]},"77":{"weight":1.0,"played":[1.0,0.0],"evs":[0.0,-1.59821]},"87o":{"weight":1.0,"played":[1.0,0.0],"evs":[0.0,-4.67366]},"97o":{"weight":1.0,"played":[1.0,0.0],"evs":[0.0,-4.67905]},"T7o":{"weight":1.0,"played":[1.0,0.0],"evs":[0.0,-5.04071]},"J7o":{"weight":1.0,"played":[1.0,0.0],"evs":[0.0,-5.24389]},"Q7o":{"weight":1.0,"played":[1.0,0.0],"evs":[0.0,-5.43153]},"K7o":{"weight":1.0,"played":[1.0,0.0],"evs":[0.0,-5.61562]},"A7o":{"weight":1.0,"played":[1.0,0.0],"evs":[0.0,-5.09617]},"82s":{"weight":1.0,"played":[1.0,0.0],"evs":[0.0,-5.29436]},"83s":{"weight":1.0,"played":[1.0,0.0],"evs":[0.0,-5.23014]},"84s":{"weight":1.0,"played":[1.0,0.0],"evs":[0.0,-4.89702]},"85s":{"weight":1.0,"played":[1.0,0.0],"evs":[0.0,-4.31061]},"86s":{"weight":1.0,"played":[1.0,0.0],"evs":[0.0,-3.78874]},"87s":{"weight":1.0,"played":[1.0,0.0],"evs":[0.0,-3.41214]},"88":{"weight":1.0,"played":[0.6081,0.3919],"evs":[0.0,-0.38521]},"98o":{"weight":1.0,"played":[1.0,0.0],"evs":[0.0,-4.37879]},"T8o":{"weight":1.0,"played":[1.0,0.0],"evs":[0.0,-4.53452]},"J8o":{"weight":1.0,"played":[1.0,0.0],"evs":[0.0,-4.88687]},"Q8o":{"weight":1.0,"played":[1.0,0.0],"evs":[0.0,-5.06125]},"K8o":{"weight":1.0,"played":[1.0,0.0],"evs":[0.0,-5.31313]},"A8o":{"weight":1.0,"played":[1.0,0.0],"evs":[0.0,-4.84699]},"92s":{"weight":1.0,"played":[1.0,0.0],"evs":[0.0,-5.29202]},"93s":{"weight":1.0,"played":[1.0,0.0],"evs":[0.0,-4.96422]},"94s":{"weight":1.0,"played":[1.0,0.0],"evs":[0.0,-5.05217]},"95s":{"weight":1.0,"played":[1.0,0.0],"evs":[0.0,-4.51288]},"96s":{"weight":1.0,"played":[1.0,0.0],"evs":[0.0,-4.14764]},"97s":{"weight":1.0,"played":[1.0,0.0],"evs":[0.0,-3.49243]},"98s":{"weight":1.0,"played":[1.0,0.0],"evs":[0.0,-3.28572]},"99":{"weight":1.0,"played":[2.0E-4,0.9998],"evs":[0.0,0.70873]},"T9o":{"weight":1.0,"played":[1.0,0.0],"evs":[0.0,-3.94595]},"J9o":{"weight":1.0,"played":[1.0,0.0],"evs":[0.0,-4.19175]},"Q9o":{"weight":1.0,"played":[1.0,0.0],"evs":[0.0,-4.41231]},"K9o":{"weight":1.0,"played":[1.0,0.0],"evs":[0.0,-5.03025]},"A9o":{"weight":1.0,"played":[1.0,0.0],"evs":[0.0,-4.3715]},"T2s":{"weight":1.0,"played":[1.0,0.0],"evs":[0.0,-5.14896]},"T3s":{"weight":1.0,"played":[1.0,0.0],"evs":[0.0,-5.23985]},"T4s":{"weight":1.0,"played":[1.0,0.0],"evs":[0.0,-4.77401]},"T5s":{"weight":1.0,"played":[1.0,0.0],"evs":[0.0,-4.64902]},"T6s":{"weight":1.0,"played":[1.0,0.0],"evs":[0.0,-4.19366]},"T7s":{"weight":1.0,"played":[1.0,0.0],"evs":[0.0,-3.9626]},"T8s":{"weight":1.0,"played":[1.0,0.0],"evs":[0.0,-3.35328]},"T9s":{"weight":1.0,"played":[1.0,0.0],"evs":[0.0,-3.04344]},"TT":{"weight":1.0,"played":[0.0,1.0],"evs":[0.0,1.88908]},"JTo":{"weight":1.0,"played":[1.0,0.0],"evs":[0.0,-3.92556]},"QTo":{"weight":1.0,"played":[1.0,0.0],"evs":[0.0,-4.15469]},"KTo":{"weight":1.0,"played":[1.0,0.0],"evs":[0.0,-4.60714]},"ATo":{"weight":1.0,"played":[1.0,0.0],"evs":[0.0,-3.47186]},"J2s":{"weight":1.0,"played":[1.0,0.0],"evs":[0.0,-5.39334]},"J3s":{"weight":1.0,"played":[1.0,0.0],"evs":[0.0,-4.90087]},"J4s":{"weight":1.0,"played":[1.0,0.0],"evs":[0.0,-4.78799]},"J5s":{"weight":1.0,"played":[1.0,0.0],"evs":[0.0,-4.64878]},"J6s":{"weight":1.0,"played":[1.0,0.0],"evs":[0.0,-4.21968]},"J7s":{"weight":1.0,"played":[1.0,0.0],"evs":[0.0,-3.74102]},"J8s":{"weight":1.0,"played":[1.0,0.0],"evs":[0.0,-3.73021]},"J9s":{"weight":1.0,"played":[1.0,0.0],"evs":[0.0,-3.6456]},"JTs":{"weight":1.0,"played":[1.0,0.0],"evs":[0.0,-2.89468]},"JJ":{"weight":1.0,"played":[0.0,1.0],"evs":[0.0,3.54582]},"QJo":{"weight":1.0,"played":[1.0,0.0],"evs":[0.0,-4.02659]},"KJo":{"weight":1.0,"played":[1.0,0.0],"evs":[0.0,-4.21406]},"AJo":{"weight":1.0,"played":[1.0,0.0],"evs":[0.0,-2.55101]},"Q2s":{"weight":1.0,"played":[1.0,0.0],"evs":[0.0,-4.93647]},"Q3s":{"weight":1.0,"played":[1.0,0.0],"evs":[0.0,-5.00901]},"Q4s":{"weight":1.0,"played":[1.0,0.0],"evs":[0.0,-4.97222]},"Q5s":{"weight":1.0,"played":[1.0,0.0],"evs":[0.0,-4.7557]},"Q6s":{"weight":1.0,"played":[1.0,0.0],"evs":[0.0,-4.63476]},"Q7s":{"weight":1.0,"played":[1.0,0.0],"evs":[0.0,-4.33783]},"Q8s":{"weight":1.0,"played":[1.0,0.0],"evs":[0.0,-4.0079]},"Q9s":{"weight":1.0,"played":[1.0,0.0],"evs":[0.0,-3.57794]},"QTs":{"weight":1.0,"played":[1.0,0.0],"evs":[0.0,-2.89716]},"QJs":{"weight":1.0,"played":[1.0,0.0],"evs":[0.0,-3.19372]},"QQ":{"weight":1.0,"played":[0.0,1.0],"evs":[0.0,4.95984]},"KQo":{"weight":1.0,"played":[1.0,0.0],"evs":[0.0,-3.41674]},"AQo":{"weight":1.0,"played":[0.9999,1.0E-4],"evs":[0.0,-1.11009]},"K2s":{"weight":1.0,"played":[1.0,0.0],"evs":[0.0,-5.03508]},"K3s":{"weight":1.0,"played":[1.0,0.0],"evs":[0.0,-5.21293]},"K4s":{"weight":1.0,"played":[1.0,0.0],"evs":[0.0,-4.94507]},"K5s":{"weight":1.0,"played":[1.0,0.0],"evs":[0.0,-4.6522]},"K6s":{"weight":1.0,"played":[1.0,0.0],"evs":[0.0,-4.07301]},"K7s":{"weight":1.0,"played":[1.0,0.0],"evs":[0.0,-4.25734]},"K8s":{"weight":1.0,"played":[1.0,0.0],"evs":[0.0,-4.04191]},"K9s":{"weight":1.0,"played":[0.9999,1.0E-4],"evs":[0.0,-3.88038]},"KTs":{"weight":1.0,"played":[1.0,0.0],"evs":[0.0,-3.62629]},"KJs":{"weight":1.0,"played":[1.0,0.0],"evs":[0.0,-3.10396]},"KQs":{"weight":1.0,"played":[1.0,0.0],"evs":[0.0,-2.43875]},"KK":{"weight":1.0,"played":[0.0,1.0],"evs":[0.0,6.85447]},"AKo":{"weight":1.0,"played":[0.194,0.806],"evs":[0.0,0.03659]},"A2s":{"weight":1.0,"played":[1.0,0.0],"evs":[0.0,-4.68178]},"A3s":{"weight":1.0,"played":[1.0,0.0],"evs":[0.0,-4.82457]},"A4s":{"weight":1.0,"played":[1.0,0.0],"evs":[0.0,-4.34268]},"A5s":{"weight":1.0,"played":[1.0,0.0],"evs":[0.0,-4.20479]},"A6s":{"weight":1.0,"played":[1.0,0.0],"evs":[0.0,-4.27994]},"A7s":{"weight":1.0,"played":[1.0,0.0],"evs":[0.0,-3.78659]},"A8s":{"weight":1.0,"played":[1.0,0.0],"evs":[0.0,-3.81066]},"A9s":{"weight":1.0,"played":[1.0,0.0],"evs":[0.0,-3.02539]},"ATs":{"weight":1.0,"played":[1.0,0.0],"evs":[0.0,-2.28754]},"AJs":{"weight":1.0,"played":[0.9981,0.0019],"evs":[0.0,-1.7245]},"AQs":{"weight":1.0,"played":[0.6581,0.3419],"evs":[0.0,-0.292]},"AKs":{"weight":1.0,"played":[0.0013,0.9987],"evs":[0.0,0.58036]},"AA":{"weight":1.0,"played":[0.0,1.0],"evs":[0.0,10.20564]}}}