{"player":6,"street":0,"children":2,"sequence":[{"player":0,"type":"F","amount":0,"street":0},{"player":1,"type":"F","amount":0,"street":0},{"player":2,"type":"R","amount":34350000,"street":0},{"player":3,"type":"C","amount":4130000,"street":0},{"player":4,"type":"F","amount":0,"street":0},{"player":5,"type":"C","amount":14516800,"street":0}],"actions":[{"type":"F","amount":0},{"type":"C","amount":29350000}],"hands":{"22":{"weight":1.0,"played":[0.0,1.0],"evs":[0.0,0.80893]},"32o":{"weight":1.0,"played":[1.0,0.0],"evs":[0.0,-1.18349]},"42o":{"weight":1.0,"played":[1.0,0.0],"evs":[0.0,-1.0943]},"52o":{"weight":1.0,"played":[1.0,0.0],"evs":[0.0,-0.95012]},"62o":{"weight":1.0,"played":[1.0,0.0],"evs":[0.0,-1.12407]},"72o":{"weight":1.0,"played":[1.0,0.0],"evs":[0.0,-1.27967]},"82o":{"weight":1.0,"played":[1.0,0.0],"evs":[0.0,-1.19872]},"92o":{"weight":1.0,"played":[1.0,0.0],"evs":[0.0,-1.16021]},"T2o":{"weight":1.0,"played":[1.0,0.0],"evs":[0.0,-1.13184]},"J2o":{"weight":1.0,"played":[1.0,0.0],"evs":[0.0,-1.10149]},"Q2o":{"weight":1.0,"played":[1.0,0.0],"evs":[0.0,-0.91995]},"K2o":{"weight":1.0,"played":[1.0,0.0],"evs":[0.0,-0.78459]},"A2o":{"weight":1.0,"played":[1.0,0.0],"evs":[0.0,-0.3441]},"32s":{"weight":1.0,"played":[1.0,0.0],"evs":[0.0,-0.49311]},"33":{"weight":1.0,"played":[0.0,1.0],"evs":[0.0,1.02132]},"43o":{"weight":1.0,"played":[1.0,0.0],"evs":[0.0,-0.84098]},"53o":{"weight":1.0,"played":[1.0,0.0],"evs":[0.0,-0.67856]},"63o":{"weight":1.0,"played":[1.0,0.0],"evs":[0.0,-0.84552]},"73o":{"weight":1.0,"played":[1.0,0.0],"evs":[0.0,-1.03464]},"83o":{"weight":1.0,"played":[1.0,0.0],"evs":[0.0,-1.21658]},"93o":{"weight":1.0,"played":[1.0,0.0],"evs":[0.0,-1.10486]},"T3o":{"weight":1.0,"played":[1.0,0.0],"evs":[0.0,-1.08684]},"J3o":{"weight":1.0,"played":[1.0,0.0],"evs":[0.0,-1.04995]},"Q3o":{"weight":1.0,"played":[1.0,0.0],"evs":[0.0,-0.87671]},"K3o":{"weight":1.0,"played":[1.0,0.0],"evs":[0.0,-0.73721]},"A3o":{"weight":1.0,"played":[1.0,0.0],"evs":[0.0,-0.24719]},"42s":{"weight":1.0,"played":[1.0,0.0],"evs":[0.0,-0.40455]},"43s":{"weight":1.0,"played":[1.0,0.0],"evs":[0.0,-0.14228]},"44":{"weight":1.0,"played":[0.0,1.0],"evs":[0.0,1.36061]},"54o":{"weight":1.0,"played":[1.0,0.0],"evs":[0.0,-0.4197]},"64o":{"weight":1.0,"played":[1.0,0.0],"evs":[0.0,-0.56161]},"74o":{"weight":1.0,"played":[1.0,0.0],"evs":[0.0,-0.7489]},"84o":{"weight":1.0,"played":[1.0,0.0],"evs":[0.0,-0.93971]},"94o":{"weight":1.0,"played":[1.0,0.0],"evs":[0.0,-1.10783]},"T4o":{"weight":1.0,"played":[1.0,0.0],"evs":[0.0,-1.02175]},"J4o":{"weight":1.0,"played":[1.0,0.0],"evs":[0.0,-0.97962]},"Q4o":{"weight":1.0,"played":[1.0,0.0],"evs":[0.0,-0.80735]},"K4o":{"weight":1.0,"played":[1.0,0.0],"evs":[0.0,-0.67023]},"A4o":{"weight":1.0,"played":[1.0,0.0],"evs":[0.0,-0.12647]},"52s":{"weight":1.0,"played":[1.0,0.0],"evs":[0.0,-0.26758]},"53s":{"weight":1.0,"played":[0.6991,0.3009],"evs":[0.0,-0.02752]},"54s":{"weight":1.0,"played":[0.0,1.0],"evs":[0.0,0.23205]},"55":{"weight":1.0,"played":[0.0,1.0],"evs":[0.0,1.7969]},"65o":{"weight":1.0,"played":[1.0,0.0],"evs":[0.0,-0.23703]},"75o":{"weight":1.0,"played":[1.0,0.0],"evs":[0.0,-0.40857]},"85o":{"weight":1.0,"played":[1.0,0.0],"evs":[0.0,-0.58566]},"95o":{"weight":1.0,"played":[1.0,0.0],"evs":[0.0,-0.75875]},"T5o":{"weight":1.0,"played":[1.0,0.0],"evs":[0.0,-0.92997]},"J5o":{"weight":1.0,"played":[1.0,0.0],"evs":[0.0,-0.8328]},"Q5o":{"weight":1.0,"played":[1.0,0.0],"evs":[0.0,-0.6677]},"K5o":{"weight":1.0,"played":[1.0,0.0],"evs":[0.0,-0.52405]},"A5o":{"weight":1.0,"played":[0.0,1.0],"evs":[0.0,0.06659]},"62s":{"weight":1.0,"played":[1.0,0.0],"evs":[0.0,-0.42021]},"63s":{"weight":1.0,"played":[0.9992,8.0E-4],"evs":[0.0,-0.15397]},"64s":{"weight":1.0,"played":[7.0E-4,0.9993],"evs":[0.0,0.09848]},"65s":{"weight":1.0,"played":[0.0,1.0],"evs":[0.0,0.37373]},"66":{"weight":1.0,"played":[0.0,1.0],"evs":[0.0,2.15314]},"76o":{"weight":1.0,"played":[1.0,0.0],"evs":[0.0,-0.14617]},"86o":{"weight":1.0,"played":[1.0,0.0],"evs":[0.0,-0.30132]},"96o":{"weight":1.0,"played":[1.0,0.0],"evs":[0.0,-0.44607]},"T6o":{"weight":1.0,"played":[1.0,0.0],"evs":[0.0,-0.64455]},"J6o":{"weight":1.0,"played":[1.0,0.0],"evs":[0.0,-0.7836]},"Q6o":{"weight":1.0,"played":[1.0,0.0],"evs":[0.0,-0.56827]},"K6o":{"weight":1.0,"played":[1.0,0.0],"evs":[0.0,-0.40401]},"A6o":{"weight":1.0,"played":[0.6918,0.3082],"evs":[0.0,-0.00345]},"72s":{"weight":1.0,"played":[1.0,0.0],"evs":[0.0,-0.582]},"73s":{"weight":1.0,"played":[1.0,0.0],"evs":[0.0,-0.33951]},"74s":{"weight":1.0,"played":[1.0,0.0],"evs":[0.0,-0.08971]},"75s":{"weight":1.0,"played":[0.0,1.0],"evs":[0.0,0.23094]},"76s":{"weight":1.0,"played":[0.0,1.0],"evs":[0.0,0.45392]},"77":{"weight":1.0,"played":[0.0,1.0],"evs":[0.0,2.48588]},"87o":{"weight":1.0,"played":[1.0,0.0],"evs":[0.0,-0.08443]},"97o":{"weight":1.0,"played":[1.0,0.0],"evs":[0.0,-0.20884]},"T7o":{"weight":1.0,"played":[1.0,0.0],"evs":[0.0,-0.37607]},"J7o":{"weight":1.0,"played":[1.0,0.0],"evs":[0.0,-0.53174]},"Q7o":{"weight":1.0,"played":[1.0,0.0],"evs":[0.0,-0.53326]},"K7o":{"weight":1.0,"played":[1.0,0.0],"evs":[0.0,-0.35122]},"A7o":{"weight":1.0,"played":[0.0,1.0],"evs":[0.0,0.27395]},"82s":{"weight":1.0,"played":[1.0,0.0],"evs":[0.0,-0.52081]},"83s":{"weight":1.0,"played":[1.0,0.0],"evs":[0.0,-0.49921]},"84s":{"weight":1.0,"played":[1.0,0.0],"evs":[0.0,-0.23857]},"85s":{"weight":1.0,"played":[3.0E-4,0.9997],"evs":[0.0,0.0655]},"86s":{"weight":1.0,"played":[0.0,1.0],"evs":[0.0,0.35919]},"87s":{"weight":1.0,"played":[0.0,1.0],"evs":[0.0,0.53644]},"88":{"weight":1.0,"played":[0.0,1.0],"evs":[0.0,2.88264]},"98o":{"weight":1.0,"played":[0.9979,0.0021],"evs":[0.0,-0.02762]},"T8o":{"weight":1.0,"played":[1.0,0.0],"evs":[0.0,-0.14279]},"J8o":{"weight":1.0,"played":[1.0,0.0],"evs":[0.0,-0.32388]},"Q8o":{"weight":1.0,"played":[1.0,0.0],"evs":[0.0,-0.32486]},"K8o":{"weight":1.0,"played":[1.0,0.0],"evs":[0.0,-0.3525]},"A8o":{"weight":1.0,"played":[0.0,1.0],"evs":[0.0,0.58206]},"92s":{"weight":1.0,"played":[1.0,0.0],"evs":[0.0,-0.46991]},"93s":{"weight":1.0,"played":[1.0,0.0],"evs":[0.0,-0.41264]},"94s":{"weight":1.0,"played":[1.0,0.0],"evs":[0.0,-0.36534]},"95s":{"weight":1.0,"played":[0.9909,0.0091],"evs":[0.0,-0.07082]},"96s":{"weight":1.0,"played":[0.0,1.0],"evs":[0.0,0.2058]},"97s":{"weight":1.0,"played":[0.0,1.0],"evs":[0.0,0.42712]},"98s":{"weight":1.0,"played":[0.0,1.0],"evs":[0.0,0.60381]},"99":{"weight":1.0,"played":[0.0,1.0],"evs":[0.0,3.35962]},"T9o":{"weight":1.0,"played":[0.0,1.0],"evs":[0.0,0.10214]},"J9o":{"weight":1.0,"played":[0.9982,0.0018],"evs":[0.0,-0.03981]},"Q9o":{"weight":1.0,"played":[1.0,0.0],"evs":[0.0,-0.0688]},"K9o":{"weight":1.0,"played":[0.9963,0.0037],"evs":[0.0,-0.06061]},"A9o":{"weight":1.0,"played":[0.0,1.0],"evs":[0.0,0.97565]},"T2s":{"weight":1.0,"played":[1.0,0.0],"evs":[0.0,-0.41409]},"T3s":{"weight":1.0,"played":[1.0,0.0],"evs":[0.0,-0.36919]},"T4s":{"weight":1.0,"played":[1.0,0.0],"evs":[0.0,-0.32027]},"T5s":{"weight":1.0,"played":[1.0,0.0],"evs":[0.0,-0.21994]},"T6s":{"weight":1.0,"played":[0.0047,0.9953],"evs":[0.0,0.03982]},"T7s":{"weight":1.0,"played":[0.0,1.0],"evs":[0.0,0.30668]},"T8s":{"weight":1.0,"played":[0.0,1.0],"evs":[0.0,0.51235]},"T9s":{"weight":1.0,"played":[0.0,1.0],"evs":[0.0,0.71563]},"TT":{"weight":1.0,"played":[0.0,1.0],"evs":[0.0,4.04003]},"JTo":{"weight":1.0,"played":[0.0,1.0],"evs":[0.0,0.24542]},"QTo":{"weight":1.0,"played":[0.0,1.0],"evs":[0.0,0.26288]},"KTo":{"weight":1.0,"played":[0.0,1.0],"evs":[0.0,0.40417]},"ATo":{"weight":1.0,"played":[0.0,1.0],"evs":[0.0,1.71246]},"J2s":{"weight":1.0,"played":[1.0,0.0],"evs":[0.0,-0.41143]},"J3s":{"weight":1.0,"played":[1.0,0.0],"evs":[0.0,-0.34688]},"J4s":{"weight":1.0,"played":[1.0,0.0],"evs":[0.0,-0.27588]},"J5s":{"weight":1.0,"played":[1.0,0.0],"evs":[0.0,-0.14151]},"J6s":{"weight":1.0,"played":[0.9987,0.0013],"evs":[0.0,-0.08525]},"J7s":{"weight":1.0,"played":[0.0,1.0],"evs":[0.0,0.14916]},"J8s":{"weight":1.0,"played":[0.0,1.0],"evs":[0.0,0.35874]},"J9s":{"weight":1.0,"played":[0.0,1.0],"evs":[0.0,0.59206]},"JTs":{"weight":1.0,"played":[0.0,1.0],"evs":[0.0,0.85783]},"JJ":{"weight":1.0,"played":[0.0,1.0],"evs":[0.0,4.80114]},"QJo":{"weight":1.0,"played":[0.0,1.0],"evs":[0.0,0.44461]},"KJo":{"weight":1.0,"played":[0.0,1.0],"evs":[0.0,0.73722]},"AJo":{"weight":1.0,"played":[0.0,1.0],"evs":[0.0,2.27996]},"Q2s":{"weight":1.0,"played":[1.0,0.0],"evs":[0.0,-0.22604]},"Q3s":{"weight":1.0,"played":[1.0,0.0],"evs":[0.0,-0.18508]},"Q4s":{"weight":1.0,"played":[0.9956,0.0044],"evs":[0.0,-0.11935]},"Q5s":{"weight":1.0,"played":[0.0081,0.9919],"evs":[0.0,0.04934]},"Q6s":{"weight":1.0,"played":[0.0,1.0],"evs":[0.0,0.1162]},"Q7s":{"weight":1.0,"played":[0.0,1.0],"evs":[0.0,0.13828]},"Q8s":{"weight":1.0,"played":[0.0,1.0],"evs":[0.0,0.34141]},"Q9s":{"weight":1.0,"played":[0.0,1.0],"evs":[0.0,0.58912]},"QTs":{"weight":1.0,"played":[0.0,1.0],"evs":[0.0,0.87135]},"QJs":{"weight":1.0,"played":[0.0,1.0],"evs":[0.0,1.06457]},"QQ":{"weight":1.0,"played":[0.0,1.0],"evs":[0.0,5.68445]},"KQo":{"weight":1.0,"played":[0.0,1.0],"evs":[0.0,1.19662]},"AQo":{"weight":1.0,"played":[0.0,1.0],"evs":[0.0,2.86941]},"K2s":{"weight":1.0,"played":[0.9999,1.0E-4],"evs":[0.0,-0.08652]},"K3s":{"weight":1.0,"played":[0.9991,9.0E-4],"evs":[0.0,-0.04115]},"K4s":{"weight":1.0,"played":[0.0107,0.9893],"evs":[0.0,0.03137]},"K5s":{"weight":1.0,"played":[0.0,1.0],"evs":[0.0,0.17625]},"K6s":{"weight":1.0,"played":[0.0,1.0],"evs":[0.0,0.28134]},"K7s":{"weight":1.0,"played":[0.0,1.0],"evs":[0.0,0.33668]},"K8s":{"weight":1.0,"played":[0.0,1.0],"evs":[0.0,0.33124]},"K9s":{"weight":1.0,"played":[0.0,1.0],"evs":[0.0,0.58376]},"KTs":{"weight":1.0,"played":[0.0,1.0],"evs":[0.0,1.02845]},"KJs":{"weight":1.0,"played":[0.0,1.0],"evs":[0.0,1.36784]},"KQs":{"weight":1.0,"played":[0.0,1.0],"evs":[0.0,1.76235]},"KK":{"weight":1.0,"played":[0.0,1.0],"evs":[0.0,6.71134]},"AKo":{"weight":1.0,"played":[0.0,1.0],"evs":[0.0,3.48683]},"A2s":{"weight":1.0,"played":[0.0,1.0],"evs":[0.0,0.36028]},"A3s":{"weight":1.0,"played":[0.0,1.0],"evs":[0.0,0.45212]},"A4s":{"weight":1.0,"played":[0.0,1.0],"evs":[0.0,0.55672]},"A5s":{"weight":1.0,"played":[0.0,1.0],"evs":[0.0,0.77139]},"A6s":{"weight":1.0,"played":[0.0,1.0],"evs":[0.0,0.6794]},"A7s":{"weight":1.0,"played":[0.0,1.0],"evs":[0.0,0.9357]},"A8s":{"weight":1.0,"played":[0.0,1.0],"evs":[0.0,1.2089]},"A9s":{"weight":1.0,"played":[0.0,1.0],"evs":[0.0,1.61021]},"ATs":{"weight":1.0,"played":[0.0,1.0],"evs":[0.0,2.27943]},"AJs":{"weight":1.0,"played":[0.0,1.0],"evs":[0.0,2.8087]},"AQs":{"weight":1.0,"played":[0.0,1.0],"evs":[0.0,3.39109]},"AKs":{"weight":1.0,"played":[0.0,1.0],"evs":[0.0,3.96945]},"AA":{"weight":1.0,"played":[0.0,1.0],"evs":[0.0,8.7904]}}}