{"player":5,"street":0,"children":3,"sequence":[{"player":0,"type":"F","amount":0,"street":0},{"player":1,"type":"F","amount":0,"street":0},{"player":2,"type":"F","amount":0,"street":0},{"player":3,"type":"F","amount":0,"street":0},{"player":4,"type":"F","amount":0,"street":0}],"actions":[{"type":"F","amount":0},{"type":"C","amount":2500000},{"type":"R","amount":17016800,"node":6}],"hands":{"22":{"weight":1.0,"played":[0.0095,0.036,0.9546],"evs":[0.0,0.01548,0.02516]},"32o":{"weight":1.0,"played":[1.0,0.0,0.0],"evs":[0.0,-0.46284,-2.07997]},"42o":{"weight":1.0,"played":[1.0,0.0,0.0],"evs":[0.0,-0.44196,-1.97783]},"52o":{"weight":1.0,"played":[1.0,0.0,0.0],"evs":[0.0,-0.41978,-1.85975]},"62o":{"weight":1.0,"played":[1.0,0.0,0.0],"evs":[0.0,-0.41724,-1.86861]},"72o":{"weight":1.0,"played":[1.0,0.0,0.0],"evs":[0.0,-0.40303,-1.74978]},"82o":{"weight":1.0,"played":[1.0,0.0,0.0],"evs":[0.0,-0.3901,-1.51288]},"92o":{"weight":1.0,"played":[1.0,0.0,0.0],"evs":[0.0,-0.34511,-1.24674]},"T2o":{"weight":1.0,"played":[1.0,0.0,0.0],"evs":[0.0,-0.30005,-0.92604]},"J2o":{"weight":1.0,"played":[1.0,0.0,0.0],"evs":[0.0,-0.26838,-0.59615]},"Q2o":{"weight":1.0,"played":[1.0,0.0,0.0],"evs":[0.0,-0.20582,-0.19159]},"K2o":{"weight":1.0,"played":[0.0,0.0,1.0],"evs":[0.0,0.18531,0.22115]},"A2o":{"weight":1.0,"played":[0.0,0.0,1.0],"evs":[0.0,0.75387,0.81036]},"32s":{"weight":1.0,"played":[1.0,0.0,0.0],"evs":[0.0,-0.42469,-1.65051]},"33":{"weight":1.0,"played":[0.0,0.0,1.0],"evs":[0.0,0.29419,0.32944]},"43o":{"weight":1.0,"played":[1.0,0.0,0.0],"evs":[0.0,-0.39055,-1.77418]},"53o":{"weight":1.0,"played":[1.0,0.0,0.0],"evs":[0.0,-0.36592,-1.65261]},"63o":{"weight":1.0,"played":[1.0,0.0,0.0],"evs":[0.0,-0.36466,-1.6596]},"73o":{"weight":1.0,"played":[1.0,0.0,0.0],"evs":[0.0,-0.35289,-1.54003]},"83o":{"weight":1.0,"played":[1.0,0.0,0.0],"evs":[0.0,-0.34592,-1.42896]},"93o":{"weight":1.0,"played":[1.0,0.0,0.0],"evs":[0.0,-0.30327,-1.13916]},"T3o":{"weight":1.0,"played":[1.0,0.0,0.0],"evs":[0.0,-0.26197,-0.8212]},"J3o":{"weight":1.0,"played":[1.0,0.0,0.0],"evs":[0.0,-0.23351,-0.48967]},"Q3o":{"weight":1.0,"played":[1.0,0.0,0.0],"evs":[0.0,-0.11242,-0.09066]},"K3o":{"weight":1.0,"played":[0.0,0.0,1.0],"evs":[0.0,0.27594,0.32097]},"A3o":{"weight":1.0,"played":[0.0,0.0,1.0],"evs":[0.0,0.83831,0.90456]},"42s":{"weight":1.0,"played":[1.0,0.0,0.0],"evs":[0.0,-0.4012,-1.54937]},"43s":{"weight":1.0,"played":[1.0,0.0,0.0],"evs":[0.0,-0.3487,-1.36102]},"44":{"weight":1.0,"played":[0.0,0.0,1.0],"evs":[0.0,0.59398,0.65128]},"54o":{"weight":1.0,"played":[1.0,0.0,0.0],"evs":[0.0,-0.33283,-1.44146]},"64o":{"weight":1.0,"played":[1.0,0.0,0.0],"evs":[0.0,-0.32568,-1.43992]},"74o":{"weight":1.0,"played":[1.0,0.0,0.0],"evs":[0.0,-0.31423,-1.33136]},"84o":{"weight":1.0,"played":[1.0,0.0,0.0],"evs":[0.0,-0.3082,-1.21073]},"94o":{"weight":1.0,"played":[1.0,0.0,0.0],"evs":[0.0,-0.27961,-1.05541]},"T4o":{"weight":1.0,"played":[1.0,0.0,0.0],"evs":[0.0,-0.23451,-0.71124]},"J4o":{"weight":1.0,"played":[1.0,0.0,0.0],"evs":[0.0,-0.20748,-0.38746]},"Q4o":{"weight":1.0,"played":[0.266,0.0,0.734],"evs":[0.0,-0.03435,0.00462]},"K4o":{"weight":1.0,"played":[0.0,0.0,1.0],"evs":[0.0,0.35912,0.41752]},"A4o":{"weight":1.0,"played":[0.0,0.0,1.0],"evs":[0.0,0.92982,1.00695]},"52s":{"weight":1.0,"played":[1.0,0.0,0.0],"evs":[0.0,-0.37776,-1.43819]},"53s":{"weight":1.0,"played":[1.0,0.0,0.0],"evs":[0.0,-0.32324,-1.25101]},"54s":{"weight":1.0,"played":[1.0,0.0,0.0],"evs":[0.0,-0.29013,-1.05578]},"55":{"weight":1.0,"played":[0.0,0.0,1.0],"evs":[0.0,0.90708,0.98661]},"65o":{"weight":1.0,"played":[1.0,0.0,0.0],"evs":[0.0,-0.28774,-1.22187]},"75o":{"weight":1.0,"played":[1.0,0.0,0.0],"evs":[0.0,-0.2774,-1.10636]},"85o":{"weight":1.0,"played":[1.0,0.0,0.0],"evs":[0.0,-0.27013,-0.9879]},"95o":{"weight":1.0,"played":[1.0,0.0,0.0],"evs":[0.0,-0.24212,-0.83032]},"T5o":{"weight":1.0,"played":[1.0,0.0,0.0],"evs":[0.0,-0.21469,-0.61941]},"J5o":{"weight":1.0,"played":[1.0,0.0,0.0],"evs":[0.0,-0.18209,-0.26871]},"Q5o":{"weight":1.0,"played":[0.0,0.0,1.0],"evs":[0.0,0.07268,0.11705]},"K5o":{"weight":1.0,"played":[0.0,0.0,1.0],"evs":[0.0,0.46655,0.53041]},"A5o":{"weight":1.0,"played":[0.0,0.0,1.0],"evs":[0.0,1.01362,1.09507]},"62s":{"weight":1.0,"played":[1.0,0.0,0.0],"evs":[0.0,-0.37416,-1.44904]},"63s":{"weight":1.0,"played":[1.0,0.0,0.0],"evs":[0.0,-0.31627,-1.2447]},"64s":{"weight":1.0,"played":[1.0,0.0,0.0],"evs":[0.0,-0.28178,-1.05394]},"65s":{"weight":1.0,"played":[1.0,0.0,0.0],"evs":[0.0,-0.24469,-0.8503]},"66":{"weight":1.0,"played":[0.0,0.0,1.0],"evs":[0.0,1.22855,1.32178]},"76o":{"weight":1.0,"played":[1.0,0.0,0.0],"evs":[0.0,-0.24362,-0.90495]},"86o":{"weight":1.0,"played":[1.0,0.0,0.0],"evs":[0.0,-0.23769,-0.7783]},"96o":{"weight":1.0,"played":[1.0,0.0,0.0],"evs":[0.0,-0.20747,-0.62105]},"T6o":{"weight":1.0,"played":[1.0,0.0,0.0],"evs":[0.0,-0.17771,-0.40496]},"J6o":{"weight":1.0,"played":[1.0,0.0,0.0],"evs":[0.0,-0.16661,-0.18173]},"Q6o":{"weight":1.0,"played":[0.0,0.0,1.0],"evs":[0.0,0.17963,0.22447]},"K6o":{"weight":1.0,"played":[0.0,0.0,1.0],"evs":[0.0,0.5787,0.64339]},"A6o":{"weight":1.0,"played":[0.0,0.0,1.0],"evs":[0.0,1.0657,1.1441]},"72s":{"weight":1.0,"played":[1.0,0.0,0.0],"evs":[0.0,-0.36293,-1.34016]},"73s":{"weight":1.0,"played":[1.0,0.0,0.0],"evs":[0.0,-0.3127,-1.14736]},"74s":{"weight":1.0,"played":[1.0,0.0,0.0],"evs":[0.0,-0.27176,-0.94921]},"75s":{"weight":1.0,"played":[1.0,0.0,0.0],"evs":[0.0,-0.23416,-0.74321]},"76s":{"weight":1.0,"played":[1.0,0.0,0.0],"evs":[0.0,-0.19916,-0.54822]},"77":{"weight":1.0,"played":[0.0,0.0,1.0],"evs":[0.0,1.57087,1.67229]},"87o":{"weight":1.0,"played":[1.0,0.0,0.0],"evs":[0.0,-0.20262,-0.55783]},"97o":{"weight":1.0,"played":[1.0,0.0,0.0],"evs":[0.0,-0.16282,-0.39239]},"T7o":{"weight":1.0,"played":[1.0,0.0,0.0],"evs":[0.0,-0.13809,-0.1783]},"J7o":{"weight":1.0,"played":[0.0,0.0,1.0],"evs":[0.0,0.02609,0.04161]},"Q7o":{"weight":1.0,"played":[0.0,0.0,1.0],"evs":[0.0,0.29394,0.33402]},"K7o":{"weight":1.0,"played":[0.0,0.0,1.0],"evs":[0.0,0.70884,0.76716]},"A7o":{"weight":1.0,"played":[0.0,0.0,1.0],"evs":[0.0,1.2101,1.28581]},"82s":{"weight":1.0,"played":[1.0,0.0,0.0],"evs":[0.0,-0.34328,-1.11027]},"83s":{"weight":1.0,"played":[1.0,0.0,0.0],"evs":[0.0,-0.30464,-1.03611]},"84s":{"weight":1.0,"played":[1.0,0.0,0.0],"evs":[0.0,-0.26512,-0.83414]},"85s":{"weight":1.0,"played":[1.0,0.0,0.0],"evs":[0.0,-0.22507,-0.62545]},"86s":{"weight":1.0,"played":[1.0,0.0,0.0],"evs":[0.0,-0.19738,-0.43905]},"87s":{"weight":1.0,"played":[1.0,0.0,0.0],"evs":[0.0,-0.15771,-0.22529]},"88":{"weight":1.0,"played":[0.0,0.0,1.0],"evs":[0.0,1.88697,2.00419]},"98o":{"weight":1.0,"played":[0.9996,4.0E-4,0.0],"evs":[0.0,-0.13971,-0.18082]},"T8o":{"weight":1.0,"played":[0.0,5.0E-4,0.9994],"evs":[0.0,0.02848,0.04306]},"J8o":{"weight":1.0,"played":[0.0,0.0,1.0],"evs":[0.0,0.22311,0.25986]},"Q8o":{"weight":1.0,"played":[0.0,0.0,1.0],"evs":[0.0,0.49903,0.55623]},"K8o":{"weight":1.0,"played":[0.0,0.0,1.0],"evs":[0.0,0.81679,0.88586]},"A8o":{"weight":1.0,"played":[0.0,0.0,1.0],"evs":[0.0,1.32855,1.41638]},"92s":{"weight":1.0,"played":[1.0,0.0,0.0],"evs":[0.0,-0.29578,-0.8605]},"93s":{"weight":1.0,"played":[1.0,0.0,0.0],"evs":[0.0,-0.25647,-0.76006]},"94s":{"weight":1.0,"played":[1.0,0.0,0.0],"evs":[0.0,-0.23284,-0.69669]},"95s":{"weight":1.0,"played":[1.0,0.0,0.0],"evs":[0.0,-0.19477,-0.47774]},"96s":{"weight":1.0,"played":[1.0,0.0,0.0],"evs":[0.0,-0.16036,-0.28836]},"97s":{"weight":1.0,"played":[1.0,0.0,0.0],"evs":[0.0,-0.06287,-0.07014]},"98s":{"weight":1.0,"played":[0.0,0.0025,0.9975],"evs":[0.0,0.12301,0.13127]},"99":{"weight":1.0,"played":[0.0,0.0,1.0],"evs":[0.0,2.20944,2.34572]},"T9o":{"weight":1.0,"played":[0.0,0.0,1.0],"evs":[0.0,0.24449,0.2677]},"J9o":{"weight":1.0,"played":[0.0,0.0,1.0],"evs":[0.0,0.44639,0.49042]},"Q9o":{"weight":1.0,"played":[0.0,0.0,1.0],"evs":[0.0,0.71089,0.7732]},"K9o":{"weight":1.0,"played":[0.0,0.0,1.0],"evs":[0.0,1.02118,1.09703]},"A9o":{"weight":1.0,"played":[0.0,0.0,1.0],"evs":[0.0,1.44209,1.52812]},"T2s":{"weight":1.0,"played":[1.0,0.0,0.0],"evs":[0.0,-0.25039,-0.55697]},"T3s":{"weight":1.0,"played":[1.0,0.0,0.0],"evs":[0.0,-0.21577,-0.47417]},"T4s":{"weight":1.0,"played":[1.0,0.0,0.0],"evs":[0.0,-0.18362,-0.36806]},"T5s":{"weight":1.0,"played":[1.0,0.0,0.0],"evs":[0.0,-0.16446,-0.28222]},"T6s":{"weight":1.0,"played":[1.0,0.0,0.0],"evs":[0.0,-0.09914,-0.0923]},"T7s":{"weight":1.0,"played":[0.0,0.0,1.0],"evs":[0.0,0.10962,0.1172]},"T8s":{"weight":1.0,"played":[0.0,0.0,1.0],"evs":[0.0,0.30453,0.32913]},"T9s":{"weight":1.0,"played":[0.0,0.0,1.0],"evs":[0.0,0.51869,0.55311]},"TT":{"weight":1.0,"played":[0.0,0.0,1.0],"evs":[0.0,2.58421,2.73426]},"JTo":{"weight":1.0,"played":[0.0,0.0,1.0],"evs":[0.0,0.73067,0.78604]},"QTo":{"weight":1.0,"played":[0.0,0.0,1.0],"evs":[0.0,0.98856,1.05797]},"KTo":{"weight":1.0,"played":[0.0,0.0,1.0],"evs":[0.0,1.28526,1.36758]},"ATo":{"weight":1.0,"played":[0.0,0.0,1.0],"evs":[0.0,1.70544,1.79466]},"J2s":{"weight":1.0,"played":[1.0,0.0,0.0],"evs":[0.0,-0.21965,-0.24879]},"J3s":{"weight":1.0,"played":[1.0,0.0,0.0],"evs":[0.0,-0.15416,-0.14507]},"J4s":{"weight":1.0,"played":[1.0,0.0,0.0],"evs":[0.0,-0.0832,-0.0623]},"J5s":{"weight":1.0,"played":[1.0E-4,0.0,0.9999],"evs":[0.0,0.01388,0.03898]},"J6s":{"weight":1.0,"played":[0.0,0.0,1.0],"evs":[0.0,0.10507,0.12956]},"J7s":{"weight":1.0,"played":[0.0,0.0,1.0],"evs":[0.0,0.31,0.33488]},"J8s":{"weight":1.0,"played":[0.0,0.0,1.0],"evs":[0.0,0.49544,0.54217]},"J9s":{"weight":1.0,"played":[0.0,0.0,1.0],"evs":[0.0,0.69556,0.74723]},"JTs":{"weight":1.0,"played":[0.0,0.0,1.0],"evs":[0.0,0.9547,1.01779]},"JJ":{"weight":1.0,"played":[0.0,0.0,1.0],"evs":[0.0,2.87478,3.02728]},"QJo":{"weight":1.0,"played":[0.0,0.0,1.0],"evs":[0.0,1.09382,1.1633]},"KJo":{"weight":1.0,"played":[0.0,0.0,1.0],"evs":[0.0,1.39864,1.48232]},"AJo":{"weight":1.0,"played":[0.0,0.0,1.0],"evs":[0.0,1.82836,1.91856]},"Q2s":{"weight":1.0,"played":[0.0,0.0,1.0],"evs":[0.0,0.11598,0.14094]},"Q3s":{"weight":1.0,"played":[0.0,0.0,1.0],"evs":[0.0,0.18862,0.22222]},"Q4s":{"weight":1.0,"played":[0.0,0.0,1.0],"evs":[0.0,0.25967,0.30663]},"Q5s":{"weight":1.0,"played":[0.0,0.0,1.0],"evs":[0.0,0.35962,0.41038]},"Q6s":{"weight":1.0,"played":[0.0,0.0,1.0],"evs":[0.0,0.45478,0.50788]},"Q7s":{"weight":1.0,"played":[0.0,0.0,1.0],"evs":[0.0,0.56421,0.61292]},"Q8s":{"weight":1.0,"played":[0.0,0.0,1.0],"evs":[0.0,0.75562,0.81964]},"Q9s":{"weight":1.0,"played":[0.0,0.0,1.0],"evs":[0.0,0.94901,1.01831]},"QTs":{"weight":1.0,"played":[0.0,0.0,1.0],"evs":[0.0,1.20644,1.28356]},"QJs":{"weight":1.0,"played":[0.0,0.0,1.0],"evs":[0.0,1.30073,1.37779]},"QQ":{"weight":1.0,"played":[0.0,0.0,1.0],"evs":[0.0,3.19945,3.35713]},"KQo":{"weight":1.0,"played":[0.0,0.0,1.0],"evs":[0.0,1.54136,1.62632]},"AQo":{"weight":1.0,"played":[0.0,0.0,1.0],"evs":[0.0,1.97474,2.06808]},"K2s":{"weight":1.0,"played":[0.0,0.0,1.0],"evs":[0.0,0.48138,0.5241]},"K3s":{"weight":1.0,"played":[0.0,0.0,1.0],"evs":[0.0,0.55897,0.61042]},"K4s":{"weight":1.0,"played":[0.0,0.0,1.0],"evs":[0.0,0.64087,0.70542]},"K5s":{"weight":1.0,"played":[0.0,0.0,1.0],"evs":[0.0,0.72731,0.79833]},"K6s":{"weight":1.0,"played":[0.0,0.0,1.0],"evs":[0.0,0.82648,0.89629]},"K7s":{"weight":1.0,"played":[0.0,0.0,1.0],"evs":[0.0,0.95576,1.02374]},"K8s":{"weight":1.0,"played":[0.0,0.0,1.0],"evs":[0.0,1.05061,1.12694]},"K9s":{"weight":1.0,"played":[0.0,0.0,1.0],"evs":[0.0,1.24782,1.33]},"KTs":{"weight":1.0,"played":[0.0,0.0,1.0],"evs":[0.0,1.4983,1.58679]},"KJs":{"weight":1.0,"played":[0.0,0.0,1.0],"evs":[0.0,1.59732,1.68797]},"KQs":{"weight":1.0,"played":[0.0,0.0,1.0],"evs":[0.0,1.72953,1.81991]},"KK":{"weight":1.0,"played":[0.0,0.0,1.0],"evs":[0.0,3.53054,3.69007]},"AKo":{"weight":1.0,"played":[0.0,0.0,1.0],"evs":[0.0,2.12808,2.22392]},"A2s":{"weight":1.0,"played":[0.0,0.0,1.0],"evs":[0.0,1.01097,1.07176]},"A3s":{"weight":1.0,"played":[0.0,0.0,1.0],"evs":[0.0,1.09058,1.16373]},"A4s":{"weight":1.0,"played":[0.0,0.0,1.0],"evs":[0.0,1.17162,1.25387]},"A5s":{"weight":1.0,"played":[0.0,0.0,1.0],"evs":[0.0,1.25556,1.34372]},"A6s":{"weight":1.0,"played":[0.0,0.0,1.0],"evs":[0.0,1.29872,1.38099]},"A7s":{"weight":1.0,"played":[0.0,0.0,1.0],"evs":[0.0,1.42391,1.5054]},"A8s":{"weight":1.0,"played":[0.0,0.0,1.0],"evs":[0.0,1.54003,1.63264]},"A9s":{"weight":1.0,"played":[0.0,0.0,1.0],"evs":[0.0,1.63848,1.73298]},"ATs":{"weight":1.0,"played":[0.0,0.0,1.0],"evs":[0.0,1.88369,1.97739]},"AJs":{"weight":1.0,"played":[0.0,0.0,1.0],"evs":[0.0,1.99524,2.09125]},"AQs":{"weight":1.0,"played":[0.0,0.0,1.0],"evs":[0.0,2.13674,2.23403]},"AKs":{"weight":1.0,"played":[0.0,0.0,1.0],"evs":[0.0,2.27994,2.38081]},"AA":{"weight":1.0,"played":[0.0,0.0,1.0],"evs":[0.0,3.9439,4.10872]}}}