{"player":4,"street":0,"children":2,"sequence":[{"player":0,"type":"F","amount":0,"street":0},{"player":1,"type":"F","amount":0,"street":0},{"player":2,"type":"R","amount":34350000,"street":0},{"player":3,"type":"C","amount":4130000,"street":0},{"player":4,"type":"C","amount":34350000,"street":0},{"player":5,"type":"F","amount":0,"street":0},{"player":6,"type":"R","amount":61485900,"street":0}],"actions":[{"type":"F","amount":0},{"type":"C","amount":27135900}],"hands":{"22":{"weight":0.0,"played":[0.0,1.0],"evs":[0.0,1.71527]},"32o":{"weight":0.0,"played":[1.0,0.0],"evs":[0.0,-0.60388]},"42o":{"weight":0.0,"played":[1.0,0.0],"evs":[0.0,-0.54349]},"52o":{"weight":0.0,"played":[1.0,0.0],"evs":[0.0,-0.3886]},"62o":{"weight":0.0,"played":[1.0,0.0],"evs":[0.0,-0.74855]},"72o":{"weight":0.0,"played":[1.0,0.0],"evs":[0.0,-1.21263]},"82o":{"weight":0.0,"played":[1.0,0.0],"evs":[0.0,-1.07072]},"92o":{"weight":0.0,"played":[1.0,0.0],"evs":[0.0,-0.87986]},"T2o":{"weight":0.0,"played":[1.0,0.0],"evs":[0.0,-0.59562]},"J2o":{"weight":0.0,"played":[1.0,0.0],"evs":[0.0,-0.40087]},"Q2o":{"weight":0.0,"played":[1.0,0.0],"evs":[0.0,-0.48961]},"K2o":{"weight":0.0,"played":[0.9965,0.0035],"evs":[0.0,-0.0715]},"A2o":{"weight":0.0,"played":[0.9988,0.0012],"evs":[0.0,-0.09901]},"32s":{"weight":0.0,"played":[0.0029,0.9971],"evs":[0.0,0.56156]},"33":{"weight":0.0968,"played":[0.0,1.0],"evs":[0.0,1.89503]},"43o":{"weight":0.0,"played":[0.9999,1.0E-4],"evs":[0.0,-0.09115]},"53o":{"weight":0.0,"played":[0.0542,0.9458],"evs":[0.0,0.11116]},"63o":{"weight":0.0,"played":[1.0,0.0],"evs":[0.0,-0.29615]},"73o":{"weight":0.0,"played":[1.0,0.0],"evs":[0.0,-0.7401]},"83o":{"weight":0.0,"played":[1.0,0.0],"evs":[0.0,-1.07378]},"93o":{"weight":0.0,"played":[1.0,0.0],"evs":[0.0,-0.71922]},"T3o":{"weight":0.0,"played":[1.0,0.0],"evs":[0.0,-0.48848]},"J3o":{"weight":0.0,"played":[1.0,0.0],"evs":[0.0,-0.2582]},"Q3o":{"weight":0.0,"played":[1.0,0.0],"evs":[0.0,-0.47096]},"K3o":{"weight":0.0,"played":[0.2055,0.7945],"evs":[0.0,0.03685]},"A3o":{"weight":0.0,"played":[0.9914,0.0086],"evs":[0.0,-0.04655]},"42s":{"weight":0.0,"played":[3.0E-4,0.9997],"evs":[0.0,0.58672]},"43s":{"weight":0.0,"played":[1.0E-4,0.9999],"evs":[0.0,1.00437]},"44":{"weight":0.1294,"played":[0.0,1.0],"evs":[0.0,2.04851]},"54o":{"weight":0.0,"played":[0.0,1.0],"evs":[0.0,0.47869]},"64o":{"weight":0.0,"played":[2.0E-4,0.9998],"evs":[0.0,0.17059]},"74o":{"weight":0.0,"played":[1.0,0.0],"evs":[0.0,-0.34093]},"84o":{"weight":0.0,"played":[1.0,0.0],"evs":[0.0,-0.67354]},"94o":{"weight":0.0,"played":[1.0,0.0],"evs":[0.0,-0.72633]},"T4o":{"weight":0.0,"played":[1.0,0.0],"evs":[0.0,-0.45315]},"J4o":{"weight":0.0,"played":[1.0,0.0],"evs":[0.0,-0.20534]},"Q4o":{"weight":0.0,"played":[1.0,0.0],"evs":[0.0,-0.31194]},"K4o":{"weight":0.0,"played":[0.0011,0.9989],"evs":[0.0,0.12564]},"A4o":{"weight":0.0,"played":[0.0054,0.9946],"evs":[0.0,0.0835]},"52s":{"weight":0.0,"played":[2.0E-4,0.9998],"evs":[0.0,0.67614]},"53s":{"weight":0.0,"played":[0.0,1.0],"evs":[0.0,1.09529]},"54s":{"weight":0.0,"played":[0.0,1.0],"evs":[0.0,1.52075]},"55":{"weight":0.4418,"played":[0.0,1.0],"evs":[0.0,2.29385]},"65o":{"weight":0.0,"played":[0.0,1.0],"evs":[0.0,0.54594]},"75o":{"weight":0.0,"played":[0.0041,0.9959],"evs":[0.0,0.07046]},"85o":{"weight":0.0,"played":[0.9988,0.0012],"evs":[0.0,-0.21699]},"95o":{"weight":0.0,"played":[1.0,0.0],"evs":[0.0,-0.35272]},"T5o":{"weight":0.0,"played":[1.0,0.0],"evs":[0.0,-0.42816]},"J5o":{"weight":0.0,"played":[1.0,0.0],"evs":[0.0,-0.07906]},"Q5o":{"weight":0.0,"played":[0.9986,0.0014],"evs":[0.0,-0.15631]},"K5o":{"weight":0.0,"played":[1.0E-4,0.9999],"evs":[0.0,0.1681]},"A5o":{"weight":0.0,"played":[7.0E-4,0.9993],"evs":[0.0,0.2426]},"62s":{"weight":0.0,"played":[0.0,1.0],"evs":[0.0,0.46106]},"63s":{"weight":0.0,"played":[0.0,1.0],"evs":[0.0,0.8417]},"64s":{"weight":0.0,"played":[0.0,1.0],"evs":[0.0,1.17119]},"65s":{"weight":0.0,"played":[0.0,1.0],"evs":[0.0,1.58841]},"66":{"weight":0.0166,"played":[0.0,1.0],"evs":[0.0,2.43218]},"76o":{"weight":0.0,"played":[0.0,1.0],"evs":[0.0,0.39645]},"86o":{"weight":0.0,"played":[0.0013,0.9987],"evs":[0.0,0.1064]},"96o":{"weight":0.0,"played":[0.2724,0.7276],"evs":[0.0,0.05436]},"T6o":{"weight":0.0,"played":[0.9548,0.0452],"evs":[0.0,-0.02014]},"J6o":{"weight":0.0,"played":[0.9993,7.0E-4],"evs":[0.0,-0.12835]},"Q6o":{"weight":0.0,"played":[1.0,0.0],"evs":[0.0,-0.17052]},"K6o":{"weight":0.0,"played":[1.0E-4,0.9999],"evs":[0.0,0.26388]},"A6o":{"weight":0.0,"played":[1.0,0.0],"evs":[0.0,-0.26511]},"72s":{"weight":0.0,"played":[0.9992,8.0E-4],"evs":[0.0,-0.10342]},"73s":{"weight":0.0,"played":[1.0E-4,0.9999],"evs":[0.0,0.42692]},"74s":{"weight":0.0,"played":[0.0,1.0],"evs":[0.0,0.77983]},"75s":{"weight":0.0,"played":[0.0,1.0],"evs":[0.0,1.06567]},"76s":{"weight":0.0,"played":[0.0,1.0],"evs":[0.0,1.4432]},"77":{"weight":0.2988,"played":[0.0,1.0],"evs":[0.0,2.36321]},"87o":{"weight":0.0,"played":[0.0,1.0],"evs":[0.0,0.35057]},"97o":{"weight":0.0,"played":[2.0E-4,0.9998],"evs":[0.0,0.21497]},"T7o":{"weight":0.0,"played":[1.0E-4,0.9999],"evs":[0.0,0.19567]},"J7o":{"weight":0.0,"played":[3.0E-4,0.9997],"evs":[0.0,0.11731]},"Q7o":{"weight":0.0,"played":[0.9999,1.0E-4],"evs":[0.0,-0.27394]},"K7o":{"weight":0.0,"played":[1.0E-4,0.9999],"evs":[0.0,0.24724]},"A7o":{"weight":0.0,"played":[0.999,0.001],"evs":[0.0,-0.17913]},"82s":{"weight":0.0,"played":[0.0283,0.9717],"evs":[0.0,0.0435]},"83s":{"weight":0.0,"played":[0.0965,0.9035],"evs":[0.0,0.15832]},"84s":{"weight":0.0,"played":[0.0,1.0],"evs":[0.0,0.53033]},"85s":{"weight":0.0,"played":[0.0,1.0],"evs":[0.0,0.88802]},"86s":{"weight":0.0,"played":[0.0,1.0],"evs":[0.0,1.17528]},"87s":{"weight":0.0,"played":[0.0,1.0],"evs":[0.0,1.33688]},"88":{"weight":0.2086,"played":[0.0,1.0],"evs":[0.0,2.86583]},"98o":{"weight":0.0,"played":[0.0,1.0],"evs":[0.0,0.41164]},"T8o":{"weight":0.0,"played":[1.0E-4,0.9999],"evs":[0.0,0.48755]},"J8o":{"weight":0.0,"played":[0.0,1.0],"evs":[0.0,0.46934]},"Q8o":{"weight":0.0,"played":[0.698,0.302],"evs":[0.0,0.02416]},"K8o":{"weight":0.0,"played":[8.0E-4,0.9992],"evs":[0.0,0.20727]},"A8o":{"weight":0.9582,"played":[0.9993,7.0E-4],"evs":[0.0,-0.09325]},"92s":{"weight":0.0,"played":[5.0E-4,0.9995],"evs":[0.0,0.35577]},"93s":{"weight":0.0,"played":[2.0E-4,0.9998],"evs":[0.0,0.44458]},"94s":{"weight":0.0,"played":[5.0E-4,0.9995],"evs":[0.0,0.37193]},"95s":{"weight":0.0,"played":[0.0,1.0],"evs":[0.0,0.79661]},"96s":{"weight":0.0,"played":[0.0,1.0],"evs":[0.0,1.07017]},"97s":{"weight":0.0,"played":[0.0,1.0],"evs":[0.0,1.30574]},"98s":{"weight":0.0,"played":[0.0,1.0],"evs":[0.0,1.62359]},"99":{"weight":0.2619,"played":[0.0,1.0],"evs":[0.0,4.23852]},"T9o":{"weight":0.0,"played":[0.0,1.0],"evs":[0.0,1.02946]},"J9o":{"weight":0.0,"played":[0.0,1.0],"evs":[0.0,0.98811]},"Q9o":{"weight":0.0,"played":[0.0,1.0],"evs":[0.0,0.48251]},"K9o":{"weight":0.0,"played":[0.0,1.0],"evs":[0.0,0.73008]},"A9o":{"weight":0.4828,"played":[0.0,1.0],"evs":[0.0,0.20433]},"T2s":{"weight":0.0,"played":[0.0,1.0],"evs":[0.0,0.62133]},"T3s":{"weight":0.0,"played":[0.0,1.0],"evs":[0.0,0.69333]},"T4s":{"weight":0.0,"played":[0.0,1.0],"evs":[0.0,0.65931]},"T5s":{"weight":0.0,"played":[0.0,1.0],"evs":[0.0,0.71493]},"T6s":{"weight":0.0,"played":[0.0,1.0],"evs":[0.0,1.00738]},"T7s":{"weight":0.0,"played":[0.0,1.0],"evs":[0.0,1.30615]},"T8s":{"weight":0.0,"played":[0.0,1.0],"evs":[0.0,1.60903]},"T9s":{"weight":0.0,"played":[0.0,1.0],"evs":[0.0,2.06231]},"TT":{"weight":0.0157,"played":[0.0,1.0],"evs":[0.0,5.74562]},"JTo":{"weight":0.0,"played":[0.0,1.0],"evs":[0.0,1.55512]},"QTo":{"weight":0.0,"played":[0.0,1.0],"evs":[0.0,1.23536]},"KTo":{"weight":0.0,"played":[0.0,1.0],"evs":[0.0,1.40112]},"ATo":{"weight":0.013,"played":[0.0,1.0],"evs":[0.0,0.93608]},"J2s":{"weight":0.0,"played":[0.0,1.0],"evs":[0.0,0.7245]},"J3s":{"weight":0.0,"played":[1.0E-4,0.9999],"evs":[0.0,0.83372]},"J4s":{"weight":0.0,"played":[0.0,1.0],"evs":[0.0,0.834]},"J5s":{"weight":0.0,"played":[1.0E-4,0.9999],"evs":[0.0,1.02338]},"J6s":{"weight":0.0,"played":[0.0,1.0],"evs":[0.0,0.90281]},"J7s":{"weight":0.0,"played":[0.0,1.0],"evs":[0.0,1.19779]},"J8s":{"weight":0.0,"played":[0.0,1.0],"evs":[0.0,1.58321]},"J9s":{"weight":0.0,"played":[0.0,1.0],"evs":[0.0,2.10563]},"JTs":{"weight":0.0,"played":[0.0,1.0],"evs":[0.0,2.56355]},"JJ":{"weight":0.0408,"played":[0.0,1.0],"evs":[0.0,7.2999]},"QJo":{"weight":0.0,"played":[0.0,1.0],"evs":[0.0,1.51507]},"KJo":{"weight":0.0,"played":[0.0,1.0],"evs":[0.0,1.80509]},"AJo":{"weight":0.1824,"played":[0.0,1.0],"evs":[0.0,1.31612]},"Q2s":{"weight":0.0,"played":[0.0,1.0],"evs":[0.0,0.64524]},"Q3s":{"weight":0.0,"played":[0.0,1.0],"evs":[0.0,0.75682]},"Q4s":{"weight":0.0,"played":[0.0,1.0],"evs":[0.0,0.80255]},"Q5s":{"weight":0.0,"played":[0.0,1.0],"evs":[0.0,0.87987]},"Q6s":{"weight":0.0,"played":[0.0,1.0],"evs":[0.0,1.01217]},"Q7s":{"weight":0.0,"played":[0.0,1.0],"evs":[0.0,0.8589]},"Q8s":{"weight":0.0,"played":[0.0,1.0],"evs":[0.0,1.14461]},"Q9s":{"weight":0.0,"played":[0.0,1.0],"evs":[0.0,1.63701]},"QTs":{"weight":0.0,"played":[0.0,1.0],"evs":[0.0,2.28221]},"QJs":{"weight":0.346,"played":[0.0,1.0],"evs":[0.0,2.58055]},"QQ":{"weight":0.5496,"played":[0.0,1.0],"evs":[0.0,9.26317]},"KQo":{"weight":0.0027,"played":[0.0,1.0],"evs":[0.0,1.58281]},"AQo":{"weight":0.0407,"played":[0.0,1.0],"evs":[0.0,2.5453]},"K2s":{"weight":0.0,"played":[0.0,1.0],"evs":[0.0,1.12113]},"K3s":{"weight":0.0,"played":[0.0,1.0],"evs":[0.0,1.21392]},"K4s":{"weight":0.0,"played":[0.0,1.0],"evs":[0.0,1.19929]},"K5s":{"weight":0.0,"played":[0.0,1.0],"evs":[0.0,1.35634]},"K6s":{"weight":0.0,"played":[0.0,1.0],"evs":[0.0,1.37544]},"K7s":{"weight":0.0,"played":[3.0E-4,0.9997],"evs":[0.0,1.31296]},"K8s":{"weight":0.0,"played":[0.0,1.0],"evs":[0.0,1.36825]},"K9s":{"weight":0.0,"played":[0.0,1.0],"evs":[0.0,1.8586]},"KTs":{"weight":0.0311,"played":[0.0,1.0],"evs":[0.0,2.49747]},"KJs":{"weight":0.0038,"played":[0.0,1.0],"evs":[0.0,2.80829]},"KQs":{"weight":0.0185,"played":[0.0,1.0],"evs":[0.0,2.74189]},"KK":{"weight":0.4146,"played":[0.0,1.0],"evs":[0.0,11.99524]},"AKo":{"weight":0.1387,"played":[0.0,1.0],"evs":[0.0,5.2005]},"A2s":{"weight":0.0,"played":[0.0,1.0],"evs":[0.0,1.01601]},"A3s":{"weight":0.0,"played":[0.0,1.0],"evs":[0.0,1.10446]},"A4s":{"weight":0.0,"played":[0.0,1.0],"evs":[0.0,1.19409]},"A5s":{"weight":0.1767,"played":[0.0,1.0],"evs":[0.0,1.3564]},"A6s":{"weight":0.0021,"played":[0.0,1.0],"evs":[0.0,0.99312]},"A7s":{"weight":0.8498,"played":[1.0E-4,0.9999],"evs":[0.0,1.03018]},"A8s":{"weight":0.0927,"played":[0.0,1.0],"evs":[0.0,1.00269]},"A9s":{"weight":0.0035,"played":[0.0,1.0],"evs":[0.0,1.21459]},"ATs":{"weight":0.0451,"played":[0.0,1.0],"evs":[0.0,2.04677]},"AJs":{"weight":0.2935,"played":[0.0,1.0],"evs":[0.0,2.45377]},"AQs":{"weight":0.6574,"played":[0.0,1.0],"evs":[0.0,3.61879]},"AKs":{"weight":0.2744,"played":[0.0,1.0],"evs":[0.0,5.91962]},"AA":{"weight":0.8835,"played":[0.0,1.0],"evs":[0.0,15.6772]}}}