{"player":6,"street":0,"children":2,"sequence":[{"player":0,"type":"F","amount":0,"street":0},{"player":1,"type":"F","amount":0,"street":0},{"player":2,"type":"R","amount":34350000,"street":0},{"player":3,"type":"C","amount":4130000,"street":0},{"player":4,"type":"R","amount":61485900,"street":0},{"player":5,"type":"F","amount":0,"street":0}],"actions":[{"type":"F","amount":0},{"type":"C","amount":56485900}],"hands":{"22":{"weight":1.0,"played":[1.0,0.0],"evs":[0.0,-3.09554]},"32o":{"weight":1.0,"played":[1.0,0.0],"evs":[0.0,-6.08954]},"42o":{"weight":1.0,"played":[1.0,0.0],"evs":[0.0,-5.89415]},"52o":{"weight":1.0,"played":[1.0,0.0],"evs":[0.0,-5.66949]},"62o":{"weight":1.0,"played":[1.0,0.0],"evs":[0.0,-5.91399]},"72o":{"weight":1.0,"played":[1.0,0.0],"evs":[0.0,-6.15176]},"82o":{"weight":1.0,"played":[1.0,0.0],"evs":[0.0,-5.95281]},"92o":{"weight":1.0,"played":[1.0,0.0],"evs":[0.0,-5.95294]},"T2o":{"weight":1.0,"played":[1.0,0.0],"evs":[0.0,-5.90777]},"J2o":{"weight":1.0,"played":[1.0,0.0],"evs":[0.0,-5.68869]},"Q2o":{"weight":1.0,"played":[1.0,0.0],"evs":[0.0,-5.60177]},"K2o":{"weight":1.0,"played":[1.0,0.0],"evs":[0.0,-5.45564]},"A2o":{"weight":1.0,"played":[1.0,0.0],"evs":[0.0,-4.93752]},"32s":{"weight":1.0,"played":[1.0,0.0],"evs":[0.0,-4.95678]},"33":{"weight":1.0,"played":[1.0,0.0],"evs":[0.0,-2.69108]},"43o":{"weight":1.0,"played":[1.0,0.0],"evs":[0.0,-5.42446]},"53o":{"weight":1.0,"played":[1.0,0.0],"evs":[0.0,-5.23888]},"63o":{"weight":1.0,"played":[1.0,0.0],"evs":[0.0,-5.47694]},"73o":{"weight":1.0,"played":[1.0,0.0],"evs":[0.0,-5.7308]},"83o":{"weight":1.0,"played":[1.0,0.0],"evs":[0.0,-5.97583]},"93o":{"weight":1.0,"played":[1.0,0.0],"evs":[0.0,-5.85972]},"T3o":{"weight":1.0,"played":[1.0,0.0],"evs":[0.0,-5.81695]},"J3o":{"weight":1.0,"played":[1.0,0.0],"evs":[0.0,-5.58325]},"Q3o":{"weight":1.0,"played":[1.0,0.0],"evs":[0.0,-5.47955]},"K3o":{"weight":1.0,"played":[1.0,0.0],"evs":[0.0,-5.34713]},"A3o":{"weight":1.0,"played":[1.0,0.0],"evs":[0.0,-4.80818]},"42s":{"weight":1.0,"played":[1.0,0.0],"evs":[0.0,-4.78775]},"43s":{"weight":1.0,"played":[1.0,0.0],"evs":[0.0,-4.35623]},"44":{"weight":1.0,"played":[1.0,0.0],"evs":[0.0,-2.0848]},"54o":{"weight":1.0,"played":[1.0,0.0],"evs":[0.0,-4.70839]},"64o":{"weight":1.0,"played":[1.0,0.0],"evs":[0.0,-4.97064]},"74o":{"weight":1.0,"played":[1.0,0.0],"evs":[0.0,-5.21223]},"84o":{"weight":1.0,"played":[1.0,0.0],"evs":[0.0,-5.47376]},"94o":{"weight":1.0,"played":[1.0,0.0],"evs":[0.0,-5.74779]},"T4o":{"weight":1.0,"played":[1.0,0.0],"evs":[0.0,-5.66362]},"J4o":{"weight":1.0,"played":[1.0,0.0],"evs":[0.0,-5.42583]},"Q4o":{"weight":1.0,"played":[1.0,0.0],"evs":[0.0,-5.298]},"K4o":{"weight":1.0,"played":[1.0,0.0],"evs":[0.0,-5.14846]},"A4o":{"weight":1.0,"played":[1.0,0.0],"evs":[0.0,-4.57369]},"52s":{"weight":1.0,"played":[1.0,0.0],"evs":[0.0,-4.58211]},"53s":{"weight":1.0,"played":[1.0,0.0],"evs":[0.0,-4.21498]},"54s":{"weight":1.0,"played":[1.0,0.0],"evs":[0.0,-3.69117]},"55":{"weight":1.0,"played":[1.0,0.0],"evs":[0.0,-1.44403]},"65o":{"weight":1.0,"played":[1.0,0.0],"evs":[0.0,-4.44994]},"75o":{"weight":1.0,"played":[1.0,0.0],"evs":[0.0,-4.70352]},"85o":{"weight":1.0,"played":[1.0,0.0],"evs":[0.0,-4.96037]},"95o":{"weight":1.0,"played":[1.0,0.0],"evs":[0.0,-5.24867]},"T5o":{"weight":1.0,"played":[1.0,0.0],"evs":[0.0,-5.51595]},"J5o":{"weight":1.0,"played":[1.0,0.0],"evs":[0.0,-5.22863]},"Q5o":{"weight":1.0,"played":[1.0,0.0],"evs":[0.0,-5.09459]},"K5o":{"weight":1.0,"played":[1.0,0.0],"evs":[0.0,-4.97856]},"A5o":{"weight":1.0,"played":[1.0,0.0],"evs":[0.0,-4.3072]},"62s":{"weight":1.0,"played":[1.0,0.0],"evs":[0.0,-4.76896]},"63s":{"weight":1.0,"played":[1.0,0.0],"evs":[0.0,-4.36105]},"64s":{"weight":1.0,"played":[1.0,0.0],"evs":[0.0,-3.90804]},"65s":{"weight":1.0,"played":[1.0,0.0],"evs":[0.0,-3.39973]},"66":{"weight":1.0,"played":[1.0,0.0],"evs":[0.0,-0.76813]},"76o":{"weight":1.0,"played":[1.0,0.0],"evs":[0.0,-4.24254]},"86o":{"weight":1.0,"played":[1.0,0.0],"evs":[0.0,-4.51558]},"96o":{"weight":1.0,"played":[1.0,0.0],"evs":[0.0,-4.79625]},"T6o":{"weight":1.0,"played":[1.0,0.0],"evs":[0.0,-5.06516]},"J6o":{"weight":1.0,"played":[1.0,0.0],"evs":[0.0,-5.17738]},"Q6o":{"weight":1.0,"played":[1.0,0.0],"evs":[0.0,-4.97273]},"K6o":{"weight":1.0,"played":[1.0,0.0],"evs":[0.0,-4.8127]},"A6o":{"weight":1.0,"played":[1.0,0.0],"evs":[0.0,-4.50302]},"72s":{"weight":1.0,"played":[1.0,0.0],"evs":[0.0,-5.0271]},"73s":{"weight":1.0,"played":[1.0,0.0],"evs":[0.0,-4.58896]},"74s":{"weight":1.0,"played":[1.0,0.0],"evs":[0.0,-4.19851]},"75s":{"weight":1.0,"played":[1.0,0.0],"evs":[0.0,-3.70127]},"76s":{"weight":1.0,"played":[1.0,0.0],"evs":[0.0,-3.21359]},"77":{"weight":1.0,"played":[0.9974,0.0026],"evs":[0.0,-0.10902]},"87o":{"weight":1.0,"played":[1.0,0.0],"evs":[0.0,-4.09688]},"97o":{"weight":1.0,"played":[1.0,0.0],"evs":[0.0,-4.35841]},"T7o":{"weight":1.0,"played":[1.0,0.0],"evs":[0.0,-4.55537]},"J7o":{"weight":1.0,"played":[1.0,0.0],"evs":[0.0,-4.651]},"Q7o":{"weight":1.0,"played":[1.0,0.0],"evs":[0.0,-4.7949]},"K7o":{"weight":1.0,"played":[1.0,0.0],"evs":[0.0,-4.6334]},"A7o":{"weight":1.0,"played":[1.0,0.0],"evs":[0.0,-4.19353]},"82s":{"weight":1.0,"played":[1.0,0.0],"evs":[0.0,-4.82864]},"83s":{"weight":1.0,"played":[1.0,0.0],"evs":[0.0,-4.82893]},"84s":{"weight":1.0,"played":[1.0,0.0],"evs":[0.0,-4.37714]},"85s":{"weight":1.0,"played":[1.0,0.0],"evs":[0.0,-3.88948]},"86s":{"weight":1.0,"played":[1.0,0.0],"evs":[0.0,-3.40174]},"87s":{"weight":1.0,"played":[1.0,0.0],"evs":[0.0,-3.09232]},"88":{"weight":1.0,"played":[0.0,1.0],"evs":[0.0,0.51668]},"98o":{"weight":1.0,"played":[1.0,0.0],"evs":[0.0,-4.01024]},"T8o":{"weight":1.0,"played":[1.0,0.0],"evs":[0.0,-4.2003]},"J8o":{"weight":1.0,"played":[1.0,0.0],"evs":[0.0,-4.26345]},"Q8o":{"weight":1.0,"played":[1.0,0.0],"evs":[0.0,-4.49894]},"K8o":{"weight":1.0,"played":[1.0,0.0],"evs":[0.0,-4.63322]},"A8o":{"weight":1.0,"played":[1.0,0.0],"evs":[0.0,-3.87577]},"92s":{"weight":1.0,"played":[1.0,0.0],"evs":[0.0,-4.85269]},"93s":{"weight":1.0,"played":[1.0,0.0],"evs":[0.0,-4.72832]},"94s":{"weight":1.0,"played":[1.0,0.0],"evs":[0.0,-4.67801]},"95s":{"weight":1.0,"played":[1.0,0.0],"evs":[0.0,-4.13632]},"96s":{"weight":1.0,"played":[1.0,0.0],"evs":[0.0,-3.69497]},"97s":{"weight":1.0,"played":[1.0,0.0],"evs":[0.0,-3.24731]},"98s":{"weight":1.0,"played":[1.0,0.0],"evs":[0.0,-2.99554]},"99":{"weight":1.0,"played":[0.0,1.0],"evs":[0.0,1.35018]},"T9o":{"weight":1.0,"played":[1.0,0.0],"evs":[0.0,-3.85469]},"J9o":{"weight":1.0,"played":[1.0,0.0],"evs":[0.0,-3.91999]},"Q9o":{"weight":1.0,"played":[1.0,0.0],"evs":[0.0,-4.14375]},"K9o":{"weight":1.0,"played":[1.0,0.0],"evs":[0.0,-4.2816]},"A9o":{"weight":1.0,"played":[1.0,0.0],"evs":[0.0,-3.3451]},"T2s":{"weight":1.0,"played":[1.0,0.0],"evs":[0.0,-4.78321]},"T3s":{"weight":1.0,"played":[1.0,0.0],"evs":[0.0,-4.70609]},"T4s":{"weight":1.0,"played":[1.0,0.0],"evs":[0.0,-4.58412]},"T5s":{"weight":1.0,"played":[1.0,0.0],"evs":[0.0,-4.43116]},"T6s":{"weight":1.0,"played":[1.0,0.0],"evs":[0.0,-3.9648]},"T7s":{"weight":1.0,"played":[1.0,0.0],"evs":[0.0,-3.49127]},"T8s":{"weight":1.0,"played":[1.0,0.0],"evs":[0.0,-3.13466]},"T9s":{"weight":1.0,"played":[1.0,0.0],"evs":[0.0,-2.83757]},"TT":{"weight":1.0,"played":[0.0,1.0],"evs":[0.0,2.64547]},"JTo":{"weight":1.0,"played":[1.0,0.0],"evs":[0.0,-3.53478]},"QTo":{"weight":1.0,"played":[1.0,0.0],"evs":[0.0,-3.71738]},"KTo":{"weight":1.0,"played":[1.0,0.0],"evs":[0.0,-3.65222]},"ATo":{"weight":1.0,"played":[1.0,0.0],"evs":[0.0,-2.10253]},"J2s":{"weight":1.0,"played":[1.0,0.0],"evs":[0.0,-4.5688]},"J3s":{"weight":1.0,"played":[1.0,0.0],"evs":[0.0,-4.45291]},"J4s":{"weight":1.0,"played":[1.0,0.0],"evs":[0.0,-4.33741]},"J5s":{"weight":1.0,"played":[1.0,0.0],"evs":[0.0,-4.0847]},"J6s":{"weight":1.0,"played":[1.0,0.0],"evs":[0.0,-4.07116]},"J7s":{"weight":1.0,"played":[1.0,0.0],"evs":[0.0,-3.57304]},"J8s":{"weight":1.0,"played":[1.0,0.0],"evs":[0.0,-3.22623]},"J9s":{"weight":1.0,"played":[1.0,0.0],"evs":[0.0,-2.90394]},"JTs":{"weight":1.0,"played":[1.0,0.0],"evs":[0.0,-2.52985]},"JJ":{"weight":1.0,"played":[0.0,1.0],"evs":[0.0,4.03262]},"QJo":{"weight":1.0,"played":[1.0,0.0],"evs":[0.0,-3.34374]},"KJo":{"weight":1.0,"played":[1.0,0.0],"evs":[0.0,-3.1351]},"AJo":{"weight":1.0,"played":[1.0,0.0],"evs":[0.0,-0.95667]},"Q2s":{"weight":1.0,"played":[1.0,0.0],"evs":[0.0,-4.4497]},"Q3s":{"weight":1.0,"played":[1.0,0.0],"evs":[0.0,-4.36593]},"Q4s":{"weight":1.0,"played":[1.0,0.0],"evs":[0.0,-4.17347]},"Q5s":{"weight":1.0,"played":[1.0,0.0],"evs":[0.0,-4.05412]},"Q6s":{"weight":1.0,"played":[1.0,0.0],"evs":[0.0,-3.86728]},"Q7s":{"weight":1.0,"played":[1.0,0.0],"evs":[0.0,-3.76261]},"Q8s":{"weight":1.0,"played":[1.0,0.0],"evs":[0.0,-3.43051]},"Q9s":{"weight":1.0,"played":[1.0,0.0],"evs":[0.0,-3.13024]},"QTs":{"weight":1.0,"played":[1.0,0.0],"evs":[0.0,-2.762]},"QJs":{"weight":1.0,"played":[1.0,0.0],"evs":[0.0,-2.36777]},"QQ":{"weight":1.0,"played":[0.0,1.0],"evs":[0.0,5.5428]},"KQo":{"weight":1.0,"played":[1.0,0.0],"evs":[0.0,-2.34894]},"AQo":{"weight":1.0,"played":[0.0046,0.9954],"evs":[0.0,0.24537]},"K2s":{"weight":1.0,"played":[1.0,0.0],"evs":[0.0,-4.36833]},"K3s":{"weight":1.0,"played":[1.0,0.0],"evs":[0.0,-4.1871]},"K4s":{"weight":1.0,"played":[1.0,0.0],"evs":[0.0,-4.05289]},"K5s":{"weight":1.0,"played":[1.0,0.0],"evs":[0.0,-3.85057]},"K6s":{"weight":1.0,"played":[1.0,0.0],"evs":[0.0,-3.67186]},"K7s":{"weight":1.0,"played":[1.0,0.0],"evs":[0.0,-3.52452]},"K8s":{"weight":1.0,"played":[1.0,0.0],"evs":[0.0,-3.50636]},"K9s":{"weight":1.0,"played":[1.0,0.0],"evs":[0.0,-3.19749]},"KTs":{"weight":1.0,"played":[1.0,0.0],"evs":[0.0,-2.63059]},"KJs":{"weight":1.0,"played":[1.0,0.0],"evs":[0.0,-2.07638]},"KQs":{"weight":1.0,"played":[1.0,0.0],"evs":[0.0,-1.33329]},"KK":{"weight":1.0,"played":[0.0,1.0],"evs":[0.0,7.29649]},"AKo":{"weight":1.0,"played":[0.0,1.0],"evs":[0.0,1.38269]},"A2s":{"weight":1.0,"played":[1.0,0.0],"evs":[0.0,-3.80326]},"A3s":{"weight":1.0,"played":[1.0,0.0],"evs":[0.0,-3.69652]},"A4s":{"weight":1.0,"played":[1.0,0.0],"evs":[0.0,-3.43076]},"A5s":{"weight":1.0,"played":[1.0,0.0],"evs":[0.0,-3.18345]},"A6s":{"weight":1.0,"played":[1.0,0.0],"evs":[0.0,-3.37957]},"A7s":{"weight":1.0,"played":[1.0,0.0],"evs":[0.0,-3.04638]},"A8s":{"weight":1.0,"played":[1.0,0.0],"evs":[0.0,-2.78124]},"A9s":{"weight":1.0,"played":[1.0,0.0],"evs":[0.0,-2.29003]},"ATs":{"weight":1.0,"played":[1.0,0.0],"evs":[0.0,-1.07845]},"AJs":{"weight":1.0,"played":[0.9859,0.0141],"evs":[0.0,-0.07132]},"AQs":{"weight":1.0,"played":[0.0,1.0],"evs":[0.0,1.09399]},"AKs":{"weight":1.0,"played":[0.0,1.0],"evs":[0.0,2.15069]},"AA":{"weight":1.0,"played":[0.0,1.0],"evs":[0.0,10.13554]}}}