{"player":6,"street":0,"children":2,"sequence":[{"player":0,"type":"F","amount":0,"street":0},{"player":1,"type":"R","amount":41950000,"street":0},{"player":2,"type":"F","amount":0,"street":0},{"player":3,"type":"F","amount":0,"street":0},{"player":4,"type":"F","amount":0,"street":0},{"player":5,"type":"F","amount":0,"street":0}],"actions":[{"type":"F","amount":0},{"type":"C","amount":36950000}],"hands":{"22":{"weight":1.0,"played":[1.0,0.0],"evs":[0.0,-0.43433]},"32o":{"weight":1.0,"played":[1.0,0.0],"evs":[0.0,-2.97098]},"42o":{"weight":1.0,"played":[1.0,0.0],"evs":[0.0,-2.83725]},"52o":{"weight":1.0,"played":[1.0,0.0],"evs":[0.0,-2.75927]},"62o":{"weight":1.0,"played":[1.0,0.0],"evs":[0.0,-2.81514]},"72o":{"weight":1.0,"played":[1.0,0.0],"evs":[0.0,-2.95343]},"82o":{"weight":1.0,"played":[1.0,0.0],"evs":[0.0,-2.81658]},"92o":{"weight":1.0,"played":[1.0,0.0],"evs":[0.0,-2.7681]},"T2o":{"weight":1.0,"played":[1.0,0.0],"evs":[0.0,-2.73259]},"J2o":{"weight":1.0,"played":[1.0,0.0],"evs":[0.0,-2.67775]},"Q2o":{"weight":1.0,"played":[1.0,0.0],"evs":[0.0,-2.47583]},"K2o":{"weight":1.0,"played":[1.0,0.0],"evs":[0.0,-2.06776]},"A2o":{"weight":1.0,"played":[1.0,0.0],"evs":[0.0,-0.86599]},"32s":{"weight":1.0,"played":[1.0,0.0],"evs":[0.0,-2.33472]},"33":{"weight":1.0,"played":[1.0,0.0],"evs":[0.0,-0.20759]},"43o":{"weight":1.0,"played":[1.0,0.0],"evs":[0.0,-2.58189]},"53o":{"weight":1.0,"played":[1.0,0.0],"evs":[0.0,-2.49814]},"63o":{"weight":1.0,"played":[1.0,0.0],"evs":[0.0,-2.56775]},"73o":{"weight":1.0,"played":[1.0,0.0],"evs":[0.0,-2.70518]},"83o":{"weight":1.0,"played":[1.0,0.0],"evs":[0.0,-2.7933]},"93o":{"weight":1.0,"played":[1.0,0.0],"evs":[0.0,-2.68914]},"T3o":{"weight":1.0,"played":[1.0,0.0],"evs":[0.0,-2.65562]},"J3o":{"weight":1.0,"played":[1.0,0.0],"evs":[0.0,-2.58599]},"Q3o":{"weight":1.0,"played":[1.0,0.0],"evs":[0.0,-2.40215]},"K3o":{"weight":1.0,"played":[1.0,0.0],"evs":[0.0,-1.99515]},"A3o":{"weight":1.0,"played":[1.0,0.0],"evs":[0.0,-0.79097]},"42s":{"weight":1.0,"played":[1.0,0.0],"evs":[0.0,-2.19428]},"43s":{"weight":1.0,"played":[1.0,0.0],"evs":[0.0,-1.95535]},"44":{"weight":1.0,"played":[0.0,1.0],"evs":[0.0,0.11809]},"54o":{"weight":1.0,"played":[1.0,0.0],"evs":[0.0,-2.21207]},"64o":{"weight":1.0,"played":[1.0,0.0],"evs":[0.0,-2.26753]},"74o":{"weight":1.0,"played":[1.0,0.0],"evs":[0.0,-2.40878]},"84o":{"weight":1.0,"played":[1.0,0.0],"evs":[0.0,-2.49073]},"94o":{"weight":1.0,"played":[1.0,0.0],"evs":[0.0,-2.62354]},"T4o":{"weight":1.0,"played":[1.0,0.0],"evs":[0.0,-2.52726]},"J4o":{"weight":1.0,"played":[1.0,0.0],"evs":[0.0,-2.46639]},"Q4o":{"weight":1.0,"played":[1.0,0.0],"evs":[0.0,-2.28129]},"K4o":{"weight":1.0,"played":[1.0,0.0],"evs":[0.0,-1.88638]},"A4o":{"weight":1.0,"played":[1.0,0.0],"evs":[0.0,-0.68118]},"52s":{"weight":1.0,"played":[1.0,0.0],"evs":[0.0,-2.13429]},"53s":{"weight":1.0,"played":[1.0,0.0],"evs":[0.0,-1.88762]},"54s":{"weight":1.0,"played":[1.0,0.0],"evs":[0.0,-1.6142]},"55":{"weight":1.0,"played":[0.0,1.0],"evs":[0.0,0.4587]},"65o":{"weight":1.0,"played":[1.0,0.0],"evs":[0.0,-2.03266]},"75o":{"weight":1.0,"played":[1.0,0.0],"evs":[0.0,-2.15953]},"85o":{"weight":1.0,"played":[1.0,0.0],"evs":[0.0,-2.24319]},"95o":{"weight":1.0,"played":[1.0,0.0],"evs":[0.0,-2.37201]},"T5o":{"weight":1.0,"played":[1.0,0.0],"evs":[0.0,-2.51225]},"J5o":{"weight":1.0,"played":[1.0,0.0],"evs":[0.0,-2.40552]},"Q5o":{"weight":1.0,"played":[1.0,0.0],"evs":[0.0,-2.22595]},"K5o":{"weight":1.0,"played":[1.0,0.0],"evs":[0.0,-1.82734]},"A5o":{"weight":1.0,"played":[1.0,0.0],"evs":[0.0,-0.52231]},"62s":{"weight":1.0,"played":[1.0,0.0],"evs":[0.0,-2.17631]},"63s":{"weight":1.0,"played":[1.0,0.0],"evs":[0.0,-1.94381]},"64s":{"weight":1.0,"played":[1.0,0.0],"evs":[0.0,-1.65308]},"65s":{"weight":1.0,"played":[1.0,0.0],"evs":[0.0,-1.43683]},"66":{"weight":1.0,"played":[0.0,1.0],"evs":[0.0,0.85572]},"76o":{"weight":1.0,"played":[1.0,0.0],"evs":[0.0,-1.81559]},"86o":{"weight":1.0,"played":[1.0,0.0],"evs":[0.0,-1.88023]},"96o":{"weight":1.0,"played":[1.0,0.0],"evs":[0.0,-2.00495]},"T6o":{"weight":1.0,"played":[1.0,0.0],"evs":[0.0,-2.12687]},"J6o":{"weight":1.0,"played":[1.0,0.0],"evs":[0.0,-2.24548]},"Q6o":{"weight":1.0,"played":[1.0,0.0],"evs":[0.0,-2.0293]},"K6o":{"weight":1.0,"played":[1.0,0.0],"evs":[0.0,-1.62231]},"A6o":{"weight":1.0,"played":[1.0,0.0],"evs":[0.0,-0.48859]},"72s":{"weight":1.0,"played":[1.0,0.0],"evs":[0.0,-2.31271]},"73s":{"weight":1.0,"played":[1.0,0.0],"evs":[0.0,-2.07395]},"74s":{"weight":1.0,"played":[1.0,0.0],"evs":[0.0,-1.79199]},"75s":{"weight":1.0,"played":[1.0,0.0],"evs":[0.0,-1.56695]},"76s":{"weight":1.0,"played":[1.0,0.0],"evs":[0.0,-1.23968]},"77":{"weight":1.0,"played":[0.0,1.0],"evs":[0.0,1.18692]},"87o":{"weight":1.0,"played":[1.0,0.0],"evs":[0.0,-1.70826]},"97o":{"weight":1.0,"played":[1.0,0.0],"evs":[0.0,-1.82409]},"T7o":{"weight":1.0,"played":[1.0,0.0],"evs":[0.0,-1.93917]},"J7o":{"weight":1.0,"played":[1.0,0.0],"evs":[0.0,-2.06832]},"Q7o":{"weight":1.0,"played":[1.0,0.0],"evs":[0.0,-2.06814]},"K7o":{"weight":1.0,"played":[1.0,0.0],"evs":[0.0,-1.61661]},"A7o":{"weight":1.0,"played":[1.0,0.0],"evs":[0.0,-0.20925]},"82s":{"weight":1.0,"played":[1.0,0.0],"evs":[0.0,-2.17333]},"83s":{"weight":1.0,"played":[1.0,0.0],"evs":[0.0,-2.14939]},"84s":{"weight":1.0,"played":[1.0,0.0],"evs":[0.0,-1.87172]},"85s":{"weight":1.0,"played":[1.0,0.0],"evs":[0.0,-1.65141]},"86s":{"weight":1.0,"played":[1.0,0.0],"evs":[0.0,-1.30296]},"87s":{"weight":1.0,"played":[1.0,0.0],"evs":[0.0,-1.13453]},"88":{"weight":1.0,"played":[0.0,1.0],"evs":[0.0,1.60874]},"98o":{"weight":1.0,"played":[1.0,0.0],"evs":[0.0,-1.57799]},"T8o":{"weight":1.0,"played":[1.0,0.0],"evs":[0.0,-1.67898]},"J8o":{"weight":1.0,"played":[1.0,0.0],"evs":[0.0,-1.79919]},"Q8o":{"weight":1.0,"played":[1.0,0.0],"evs":[0.0,-1.80835]},"K8o":{"weight":1.0,"played":[1.0,0.0],"evs":[0.0,-1.5562]},"A8o":{"weight":1.0,"played":[0.0,1.0],"evs":[0.0,0.16406]},"92s":{"weight":1.0,"played":[1.0,0.0],"evs":[0.0,-2.12904]},"93s":{"weight":1.0,"played":[1.0,0.0],"evs":[0.0,-2.05278]},"94s":{"weight":1.0,"played":[1.0,0.0],"evs":[0.0,-1.97421]},"95s":{"weight":1.0,"played":[1.0,0.0],"evs":[0.0,-1.75198]},"96s":{"weight":1.0,"played":[1.0,0.0],"evs":[0.0,-1.40613]},"97s":{"weight":1.0,"played":[1.0,0.0],"evs":[0.0,-1.24388]},"98s":{"weight":1.0,"played":[1.0,0.0],"evs":[0.0,-1.01735]},"99":{"weight":1.0,"played":[0.0,1.0],"evs":[0.0,2.05797]},"T9o":{"weight":1.0,"played":[1.0,0.0],"evs":[0.0,-1.44414]},"J9o":{"weight":1.0,"played":[1.0,0.0],"evs":[0.0,-1.57004]},"Q9o":{"weight":1.0,"played":[1.0,0.0],"evs":[0.0,-1.53719]},"K9o":{"weight":1.0,"played":[1.0,0.0],"evs":[0.0,-1.25808]},"A9o":{"weight":1.0,"played":[0.0,1.0],"evs":[0.0,0.65858]},"T2s":{"weight":1.0,"played":[1.0,0.0],"evs":[0.0,-2.08129]},"T3s":{"weight":1.0,"played":[1.0,0.0],"evs":[0.0,-2.0243]},"T4s":{"weight":1.0,"played":[1.0,0.0],"evs":[0.0,-1.91165]},"T5s":{"weight":1.0,"played":[1.0,0.0],"evs":[0.0,-1.89731]},"T6s":{"weight":1.0,"played":[1.0,0.0],"evs":[0.0,-1.51306]},"T7s":{"weight":1.0,"played":[1.0,0.0],"evs":[0.0,-1.35147]},"T8s":{"weight":1.0,"played":[1.0,0.0],"evs":[0.0,-1.11782]},"T9s":{"weight":1.0,"played":[1.0,0.0],"evs":[0.0,-0.90003]},"TT":{"weight":1.0,"played":[0.0,1.0],"evs":[0.0,2.69203]},"JTo":{"weight":1.0,"played":[1.0,0.0],"evs":[0.0,-1.21745]},"QTo":{"weight":1.0,"played":[1.0,0.0],"evs":[0.0,-1.1361]},"KTo":{"weight":1.0,"played":[1.0,0.0],"evs":[0.0,-0.6798]},"ATo":{"weight":1.0,"played":[0.0,1.0],"evs":[0.0,1.43698]},"J2s":{"weight":1.0,"played":[1.0,0.0],"evs":[0.0,-2.02763]},"J3s":{"weight":1.0,"played":[1.0,0.0],"evs":[0.0,-1.96121]},"J4s":{"weight":1.0,"played":[1.0,0.0],"evs":[0.0,-1.83596]},"J5s":{"weight":1.0,"played":[1.0,0.0],"evs":[0.0,-1.78869]},"J6s":{"weight":1.0,"played":[1.0,0.0],"evs":[0.0,-1.6324]},"J7s":{"weight":1.0,"played":[1.0,0.0],"evs":[0.0,-1.47685]},"J8s":{"weight":1.0,"played":[1.0,0.0],"evs":[0.0,-1.22419]},"J9s":{"weight":1.0,"played":[1.0,0.0],"evs":[0.0,-1.00018]},"JTs":{"weight":1.0,"played":[1.0,0.0],"evs":[0.0,-0.6735]},"JJ":{"weight":1.0,"played":[0.0,1.0],"evs":[0.0,3.32475]},"QJo":{"weight":1.0,"played":[1.0,0.0],"evs":[0.0,-0.85178]},"KJo":{"weight":1.0,"played":[1.0,0.0],"evs":[0.0,-0.24923]},"AJo":{"weight":1.0,"played":[0.0,1.0],"evs":[0.0,2.01805]},"Q2s":{"weight":1.0,"played":[1.0,0.0],"evs":[0.0,-1.83645]},"Q3s":{"weight":1.0,"played":[1.0,0.0],"evs":[0.0,-1.76338]},"Q4s":{"weight":1.0,"played":[1.0,0.0],"evs":[0.0,-1.65793]},"Q5s":{"weight":1.0,"played":[1.0,0.0],"evs":[0.0,-1.6018]},"Q6s":{"weight":1.0,"played":[1.0,0.0],"evs":[0.0,-1.41942]},"Q7s":{"weight":1.0,"played":[1.0,0.0],"evs":[0.0,-1.48659]},"Q8s":{"weight":1.0,"played":[1.0,0.0],"evs":[0.0,-1.22191]},"Q9s":{"weight":1.0,"played":[1.0,0.0],"evs":[0.0,-0.95785]},"QTs":{"weight":1.0,"played":[1.0,0.0],"evs":[0.0,-0.57976]},"QJs":{"weight":1.0,"played":[1.0,0.0],"evs":[0.0,-0.32736]},"QQ":{"weight":1.0,"played":[0.0,1.0],"evs":[0.0,4.02912]},"KQo":{"weight":1.0,"played":[0.0,1.0],"evs":[0.0,0.22431]},"AQo":{"weight":1.0,"played":[0.0,1.0],"evs":[0.0,2.59148]},"K2s":{"weight":1.0,"played":[1.0,0.0],"evs":[0.0,-1.44632]},"K3s":{"weight":1.0,"played":[1.0,0.0],"evs":[0.0,-1.38537]},"K4s":{"weight":1.0,"played":[1.0,0.0],"evs":[0.0,-1.29009]},"K5s":{"weight":1.0,"played":[1.0,0.0],"evs":[0.0,-1.22679]},"K6s":{"weight":1.0,"played":[1.0,0.0],"evs":[0.0,-1.03578]},"K7s":{"weight":1.0,"played":[1.0,0.0],"evs":[0.0,-1.03787]},"K8s":{"weight":1.0,"played":[1.0,0.0],"evs":[0.0,-0.97512]},"K9s":{"weight":1.0,"played":[1.0,0.0],"evs":[0.0,-0.69028]},"KTs":{"weight":1.0,"played":[1.0,0.0],"evs":[0.0,-0.18601]},"KJs":{"weight":1.0,"played":[0.0,1.0],"evs":[0.0,0.23622]},"KQs":{"weight":1.0,"played":[0.0,1.0],"evs":[0.0,0.67381]},"KK":{"weight":1.0,"played":[0.0,1.0],"evs":[0.0,4.86923]},"AKo":{"weight":1.0,"played":[0.0,1.0],"evs":[0.0,3.25952]},"A2s":{"weight":1.0,"played":[1.0,0.0],"evs":[0.0,-0.30002]},"A3s":{"weight":1.0,"played":[1.0,0.0],"evs":[0.0,-0.23213]},"A4s":{"weight":1.0,"played":[1.0,0.0],"evs":[0.0,-0.13679]},"A5s":{"weight":1.0,"played":[0.0652,0.9348],"evs":[0.0,0.00123]},"A6s":{"weight":1.0,"played":[1.0E-4,0.9999],"evs":[0.0,0.05328]},"A7s":{"weight":1.0,"played":[0.0,1.0],"evs":[0.0,0.29918]},"A8s":{"weight":1.0,"played":[0.0,1.0],"evs":[0.0,0.65045]},"A9s":{"weight":1.0,"played":[0.0,1.0],"evs":[0.0,1.0979]},"ATs":{"weight":1.0,"played":[0.0,1.0],"evs":[0.0,1.81981]},"AJs":{"weight":1.0,"played":[0.0,1.0],"evs":[0.0,2.37045]},"AQs":{"weight":1.0,"played":[0.0,1.0],"evs":[0.0,2.91849]},"AKs":{"weight":1.0,"played":[0.0,1.0],"evs":[0.0,3.53263]},"AA":{"weight":1.0,"played":[0.0,1.0],"evs":[0.0,6.94438]}}}