{"player":6,"street":0,"children":3,"sequence":[{"player":0,"type":"F","amount":0,"street":0},{"player":1,"type":"R","amount":41950000,"street":0},{"player":2,"type":"F","amount":0,"street":0},{"player":3,"type":"F","amount":0,"street":0},{"player":4,"type":"C","amount":41950000,"street":0},{"player":5,"type":"F","amount":0,"street":0}],"actions":[{"type":"F","amount":0},{"type":"C","amount":36950000},{"type":"R","amount":61485900,"node":65}],"hands":{"22":{"weight":1.0,"played":[1.0,0.0,0.0],"evs":[0.0,-3.5037,-5.2828]},"32o":{"weight":1.0,"played":[1.0,0.0,0.0],"evs":[0.0,-4.64514,-8.13371]},"42o":{"weight":1.0,"played":[1.0,0.0,0.0],"evs":[0.0,-4.61361,-8.00157]},"52o":{"weight":1.0,"played":[1.0,0.0,0.0],"evs":[0.0,-4.49726,-7.81736]},"62o":{"weight":1.0,"played":[1.0,0.0,0.0],"evs":[0.0,-4.67971,-8.09721]},"72o":{"weight":1.0,"played":[1.0,0.0,0.0],"evs":[0.0,-4.8556,-8.36957]},"82o":{"weight":1.0,"played":[1.0,0.0,0.0],"evs":[0.0,-4.75654,-8.23666]},"92o":{"weight":1.0,"played":[1.0,0.0,0.0],"evs":[0.0,-4.71572,-8.13363]},"T2o":{"weight":1.0,"played":[1.0,0.0,0.0],"evs":[0.0,-4.73736,-8.06415]},"J2o":{"weight":1.0,"played":[1.0,0.0,0.0],"evs":[0.0,-4.51597,-7.80109]},"Q2o":{"weight":1.0,"played":[1.0,0.0,0.0],"evs":[0.0,-4.20712,-7.41003]},"K2o":{"weight":1.0,"played":[1.0,0.0,0.0],"evs":[0.0,-3.80624,-6.81294]},"A2o":{"weight":1.0,"played":[1.0,0.0,0.0],"evs":[0.0,-4.47751,-7.40365]},"32s":{"weight":1.0,"played":[1.0,0.0,0.0],"evs":[0.0,-3.99413,-6.9793]},"33":{"weight":1.0,"played":[1.0,0.0,0.0],"evs":[0.0,-3.27806,-4.95195]},"43o":{"weight":1.0,"played":[1.0,0.0,0.0],"evs":[0.0,-4.3136,-7.53049]},"53o":{"weight":1.0,"played":[1.0,0.0,0.0],"evs":[0.0,-4.18711,-7.34936]},"63o":{"weight":1.0,"played":[1.0,0.0,0.0],"evs":[0.0,-4.29572,-7.55198]},"73o":{"weight":1.0,"played":[1.0,0.0,0.0],"evs":[0.0,-4.53973,-7.87314]},"83o":{"weight":1.0,"played":[1.0,0.0,0.0],"evs":[0.0,-4.71133,-8.15965]},"93o":{"weight":1.0,"played":[1.0,0.0,0.0],"evs":[0.0,-4.67094,-8.0038]},"T3o":{"weight":1.0,"played":[1.0,0.0,0.0],"evs":[0.0,-4.66468,-7.88729]},"J3o":{"weight":1.0,"played":[1.0,0.0,0.0],"evs":[0.0,-4.44955,-7.65254]},"Q3o":{"weight":1.0,"played":[1.0,0.0,0.0],"evs":[0.0,-4.13806,-7.26909]},"K3o":{"weight":1.0,"played":[1.0,0.0,0.0],"evs":[0.0,-3.72567,-6.69828]},"A3o":{"weight":1.0,"played":[1.0,0.0,0.0],"evs":[0.0,-4.36681,-7.33045]},"42s":{"weight":1.0,"played":[1.0,0.0,0.0],"evs":[0.0,-3.87794,-6.80848]},"43s":{"weight":1.0,"played":[1.0,0.0,0.0],"evs":[0.0,-3.61942,-6.35885]},"44":{"weight":1.0,"played":[1.0,0.0,0.0],"evs":[0.0,-2.9927,-4.678]},"54o":{"weight":1.0,"played":[1.0,0.0,0.0],"evs":[0.0,-3.9328,-6.91412]},"64o":{"weight":1.0,"played":[1.0,0.0,0.0],"evs":[0.0,-3.96972,-7.03191]},"74o":{"weight":1.0,"played":[1.0,0.0,0.0],"evs":[0.0,-4.22045,-7.36153]},"84o":{"weight":1.0,"played":[1.0,0.0,0.0],"evs":[0.0,-4.46699,-7.67416]},"94o":{"weight":1.0,"played":[1.0,0.0,0.0],"evs":[0.0,-4.62084,-7.97876]},"T4o":{"weight":1.0,"played":[1.0,0.0,0.0],"evs":[0.0,-4.59195,-7.74591]},"J4o":{"weight":1.0,"played":[1.0,0.0,0.0],"evs":[0.0,-4.38624,-7.47897]},"Q4o":{"weight":1.0,"played":[1.0,0.0,0.0],"evs":[0.0,-4.0788,-7.09108]},"K4o":{"weight":1.0,"played":[1.0,0.0,0.0],"evs":[0.0,-3.64533,-6.53889]},"A4o":{"weight":1.0,"played":[1.0,0.0,0.0],"evs":[0.0,-4.25998,-7.12141]},"52s":{"weight":1.0,"played":[1.0,0.0,0.0],"evs":[0.0,-3.84937,-6.72798]},"53s":{"weight":1.0,"played":[1.0,0.0,0.0],"evs":[0.0,-3.49029,-6.18429]},"54s":{"weight":1.0,"played":[1.0,0.0,0.0],"evs":[0.0,-3.19836,-5.79515]},"55":{"weight":1.0,"played":[1.0,0.0,0.0],"evs":[0.0,-2.74361,-4.4759]},"65o":{"weight":1.0,"played":[1.0,0.0,0.0],"evs":[0.0,-3.73573,-6.66293]},"75o":{"weight":1.0,"played":[1.0,0.0,0.0],"evs":[0.0,-3.91459,-6.90286]},"85o":{"weight":1.0,"played":[1.0,0.0,0.0],"evs":[0.0,-4.13449,-7.15698]},"95o":{"weight":1.0,"played":[1.0,0.0,0.0],"evs":[0.0,-4.35783,-7.46203]},"T5o":{"weight":1.0,"played":[1.0,0.0,0.0],"evs":[0.0,-4.58199,-7.6986]},"J5o":{"weight":1.0,"played":[1.0,0.0,0.0],"evs":[0.0,-4.33607,-7.35839]},"Q5o":{"weight":1.0,"played":[1.0,0.0,0.0],"evs":[0.0,-4.02528,-6.9941]},"K5o":{"weight":1.0,"played":[1.0,0.0,0.0],"evs":[0.0,-3.57714,-6.38655]},"A5o":{"weight":1.0,"played":[1.0,0.0,0.0],"evs":[0.0,-4.1188,-6.99908]},"62s":{"weight":1.0,"played":[1.0,0.0,0.0],"evs":[0.0,-3.97324,-6.92215]},"63s":{"weight":1.0,"played":[1.0,0.0,0.0],"evs":[0.0,-3.60595,-6.41326]},"64s":{"weight":1.0,"played":[1.0,0.0,0.0],"evs":[0.0,-3.24207,-5.85081]},"65s":{"weight":1.0,"played":[1.0,0.0,0.0],"evs":[0.0,-3.06264,-5.58188]},"66":{"weight":1.0,"played":[1.0,0.0,0.0],"evs":[0.0,-2.314,-3.91968]},"76o":{"weight":1.0,"played":[1.0,0.0,0.0],"evs":[0.0,-3.62218,-6.47612]},"86o":{"weight":1.0,"played":[1.0,0.0,0.0],"evs":[0.0,-3.77549,-6.67237]},"96o":{"weight":1.0,"played":[1.0,0.0,0.0],"evs":[0.0,-4.02001,-6.99473]},"T6o":{"weight":1.0,"played":[1.0,0.0,0.0],"evs":[0.0,-4.27942,-7.22521]},"J6o":{"weight":1.0,"played":[1.0,0.0,0.0],"evs":[0.0,-4.24439,-7.3003]},"Q6o":{"weight":1.0,"played":[1.0,0.0,0.0],"evs":[0.0,-3.88213,-6.81836]},"K6o":{"weight":1.0,"played":[1.0,0.0,0.0],"evs":[0.0,-3.48162,-6.25238]},"A6o":{"weight":1.0,"played":[1.0,0.0,0.0],"evs":[0.0,-4.39875,-7.33149]},"72s":{"weight":1.0,"played":[1.0,0.0,0.0],"evs":[0.0,-4.14382,-7.22104]},"73s":{"weight":1.0,"played":[1.0,0.0,0.0],"evs":[0.0,-3.85466,-6.71185]},"74s":{"weight":1.0,"played":[1.0,0.0,0.0],"evs":[0.0,-3.55087,-6.25981]},"75s":{"weight":1.0,"played":[1.0,0.0,0.0],"evs":[0.0,-3.23821,-5.83332]},"76s":{"weight":1.0,"played":[1.0,0.0,0.0],"evs":[0.0,-2.98438,-5.4307]},"77":{"weight":1.0,"played":[1.0,0.0,0.0],"evs":[0.0,-2.08064,-3.41053]},"87o":{"weight":1.0,"played":[1.0,0.0,0.0],"evs":[0.0,-3.60589,-6.30123]},"97o":{"weight":1.0,"played":[1.0,0.0,0.0],"evs":[0.0,-3.77875,-6.53871]},"T7o":{"weight":1.0,"played":[1.0,0.0,0.0],"evs":[0.0,-4.0032,-6.76966]},"J7o":{"weight":1.0,"played":[1.0,0.0,0.0],"evs":[0.0,-4.03108,-6.91036]},"Q7o":{"weight":1.0,"played":[1.0,0.0,0.0],"evs":[0.0,-3.85174,-6.79268]},"K7o":{"weight":1.0,"played":[1.0,0.0,0.0],"evs":[0.0,-3.42517,-6.18051]},"A7o":{"weight":1.0,"played":[1.0,0.0,0.0],"evs":[0.0,-4.15373,-7.00316]},"82s":{"weight":1.0,"played":[1.0,0.0,0.0],"evs":[0.0,-4.08514,-7.0346]},"83s":{"weight":1.0,"played":[1.0,0.0,0.0],"evs":[0.0,-4.04398,-6.97821]},"84s":{"weight":1.0,"played":[1.0,0.0,0.0],"evs":[0.0,-3.76336,-6.53665]},"85s":{"weight":1.0,"played":[1.0,0.0,0.0],"evs":[0.0,-3.4313,-6.02947]},"86s":{"weight":1.0,"played":[1.0,0.0,0.0],"evs":[0.0,-3.07125,-5.57122]},"87s":{"weight":1.0,"played":[1.0,0.0,0.0],"evs":[0.0,-2.9163,-5.21669]},"88":{"weight":1.0,"played":[1.0,0.0,0.0],"evs":[0.0,-1.43342,-2.4255]},"98o":{"weight":1.0,"played":[1.0,0.0,0.0],"evs":[0.0,-3.56352,-6.21714]},"T8o":{"weight":1.0,"played":[1.0,0.0,0.0],"evs":[0.0,-3.81661,-6.49407]},"J8o":{"weight":1.0,"played":[1.0,0.0,0.0],"evs":[0.0,-3.84163,-6.5946]},"Q8o":{"weight":1.0,"played":[1.0,0.0,0.0],"evs":[0.0,-3.73178,-6.54013]},"K8o":{"weight":1.0,"played":[1.0,0.0,0.0],"evs":[0.0,-3.45604,-6.28899]},"A8o":{"weight":1.0,"played":[1.0,0.0,0.0],"evs":[0.0,-3.96715,-6.70627]},"92s":{"weight":1.0,"played":[1.0,0.0,0.0],"evs":[0.0,-4.01448,-6.94043]},"93s":{"weight":1.0,"played":[1.0,0.0,0.0],"evs":[0.0,-3.92244,-6.77975]},"94s":{"weight":1.0,"played":[1.0,0.0,0.0],"evs":[0.0,-3.85364,-6.68147]},"95s":{"weight":1.0,"played":[1.0,0.0,0.0],"evs":[0.0,-3.67904,-6.34683]},"96s":{"weight":1.0,"played":[1.0,0.0,0.0],"evs":[0.0,-3.3011,-5.84798]},"97s":{"weight":1.0,"played":[1.0,0.0,0.0],"evs":[0.0,-3.11881,-5.50588]},"98s":{"weight":1.0,"played":[1.0,0.0,0.0],"evs":[0.0,-2.86268,-5.13833]},"99":{"weight":1.0,"played":[1.0,0.0,0.0],"evs":[0.0,-0.76642,-1.12984]},"T9o":{"weight":1.0,"played":[1.0,0.0,0.0],"evs":[0.0,-3.62119,-6.13403]},"J9o":{"weight":1.0,"played":[1.0,0.0,0.0],"evs":[0.0,-3.60592,-6.19679]},"Q9o":{"weight":1.0,"played":[1.0,0.0,0.0],"evs":[0.0,-3.44407,-6.08435]},"K9o":{"weight":1.0,"played":[1.0,0.0,0.0],"evs":[0.0,-3.23619,-5.82506]},"A9o":{"weight":1.0,"played":[1.0,0.0,0.0],"evs":[0.0,-3.44484,-5.64465]},"T2s":{"weight":1.0,"played":[1.0,0.0,0.0],"evs":[0.0,-4.04409,-6.84379]},"T3s":{"weight":1.0,"played":[1.0,0.0,0.0],"evs":[0.0,-3.99074,-6.75123]},"T4s":{"weight":1.0,"played":[1.0,0.0,0.0],"evs":[0.0,-3.84372,-6.55324]},"T5s":{"weight":1.0,"played":[1.0,0.0,0.0],"evs":[0.0,-3.86546,-6.57433]},"T6s":{"weight":1.0,"played":[1.0,0.0,0.0],"evs":[0.0,-3.52986,-6.03427]},"T7s":{"weight":1.0,"played":[1.0,0.0,0.0],"evs":[0.0,-3.28245,-5.6477]},"T8s":{"weight":1.0,"played":[1.0,0.0,0.0],"evs":[0.0,-3.06444,-5.35352]},"T9s":{"weight":1.0,"played":[1.0,0.0,0.0],"evs":[0.0,-2.88735,-5.03053]},"TT":{"weight":1.0,"played":[0.0101,0.1909,0.799],"evs":[0.0,0.05009,0.04486]},"JTo":{"weight":1.0,"played":[1.0,0.0,0.0],"evs":[0.0,-3.37283,-5.68081]},"QTo":{"weight":1.0,"played":[1.0,0.0,0.0],"evs":[0.0,-3.1849,-5.55156]},"KTo":{"weight":1.0,"played":[1.0,0.0,0.0],"evs":[0.0,-2.88743,-5.2048]},"ATo":{"weight":1.0,"played":[1.0,0.0,0.0],"evs":[0.0,-2.60852,-3.78703]},"J2s":{"weight":1.0,"played":[1.0,0.0,0.0],"evs":[0.0,-3.82403,-6.58758]},"J3s":{"weight":1.0,"played":[1.0,0.0,0.0],"evs":[0.0,-3.72115,-6.43665]},"J4s":{"weight":1.0,"played":[1.0,0.0,0.0],"evs":[0.0,-3.6762,-6.31696]},"J5s":{"weight":1.0,"played":[1.0,0.0,0.0],"evs":[0.0,-3.69015,-6.3116]},"J6s":{"weight":1.0,"played":[1.0,0.0,0.0],"evs":[0.0,-3.48563,-6.10556]},"J7s":{"weight":1.0,"played":[1.0,0.0,0.0],"evs":[0.0,-3.28669,-5.73188]},"J8s":{"weight":1.0,"played":[1.0,0.0,0.0],"evs":[0.0,-3.13264,-5.4741]},"J9s":{"weight":1.0,"played":[1.0,0.0,0.0],"evs":[0.0,-2.91745,-5.11222]},"JTs":{"weight":1.0,"played":[1.0,0.0,0.0],"evs":[0.0,-2.71266,-4.66198]},"JJ":{"weight":1.0,"played":[0.0,0.0079,0.9921],"evs":[0.0,1.10608,1.19244]},"QJo":{"weight":1.0,"played":[1.0,0.0,0.0],"evs":[0.0,-2.89823,-5.17585]},"KJo":{"weight":1.0,"played":[1.0,0.0,0.0],"evs":[0.0,-2.62479,-4.85761]},"AJo":{"weight":1.0,"played":[1.0,0.0,0.0],"evs":[0.0,-1.83753,-2.27458]},"Q2s":{"weight":1.0,"played":[1.0,0.0,0.0],"evs":[0.0,-3.47671,-6.17131]},"Q3s":{"weight":1.0,"played":[1.0,0.0,0.0],"evs":[0.0,-3.43769,-6.06322]},"Q4s":{"weight":1.0,"played":[1.0,0.0,0.0],"evs":[0.0,-3.33993,-5.83493]},"Q5s":{"weight":1.0,"played":[1.0,0.0,0.0],"evs":[0.0,-3.35715,-5.90643]},"Q6s":{"weight":1.0,"played":[1.0,0.0,0.0],"evs":[0.0,-3.19471,-5.68062]},"Q7s":{"weight":1.0,"played":[1.0,0.0,0.0],"evs":[0.0,-3.10588,-5.58192]},"Q8s":{"weight":1.0,"played":[1.0,0.0,0.0],"evs":[0.0,-3.02653,-5.36591]},"Q9s":{"weight":1.0,"played":[1.0,0.0,0.0],"evs":[0.0,-2.77516,-5.01784]},"QTs":{"weight":1.0,"played":[1.0,0.0,0.0],"evs":[0.0,-2.56028,-4.54304]},"QJs":{"weight":1.0,"played":[1.0,0.0,0.0],"evs":[0.0,-2.15087,-4.12935]},"QQ":{"weight":1.0,"played":[0.0,0.0016,0.9984],"evs":[0.0,2.92049,3.00481]},"KQo":{"weight":1.0,"played":[1.0,0.0,0.0],"evs":[0.0,-2.03266,-4.12499]},"AQo":{"weight":1.0,"played":[1.0,0.0,0.0],"evs":[0.0,-0.89767,-0.91059]},"K2s":{"weight":1.0,"played":[1.0,0.0,0.0],"evs":[0.0,-3.14666,-5.64313]},"K3s":{"weight":1.0,"played":[1.0,0.0,0.0],"evs":[0.0,-2.96153,-5.40806]},"K4s":{"weight":1.0,"played":[1.0,0.0,0.0],"evs":[0.0,-3.00487,-5.42316]},"K5s":{"weight":1.0,"played":[1.0,0.0,0.0],"evs":[0.0,-2.90285,-5.26983]},"K6s":{"weight":1.0,"played":[1.0,0.0,0.0],"evs":[0.0,-2.76887,-5.12021]},"K7s":{"weight":1.0,"played":[1.0,0.0,0.0],"evs":[0.0,-2.69161,-4.98887]},"K8s":{"weight":1.0,"played":[1.0,0.0,0.0],"evs":[0.0,-2.78689,-5.2364]},"K9s":{"weight":1.0,"played":[1.0,0.0,0.0],"evs":[0.0,-2.50799,-4.74812]},"KTs":{"weight":1.0,"played":[1.0,0.0,0.0],"evs":[0.0,-2.20863,-4.1885]},"KJs":{"weight":1.0,"played":[1.0,0.0,0.0],"evs":[0.0,-1.90501,-3.86796]},"KQs":{"weight":1.0,"played":[1.0,0.0,0.0],"evs":[0.0,-1.26929,-3.05622]},"KK":{"weight":1.0,"played":[0.0,0.1591,0.8409],"evs":[0.0,5.07277,5.08743]},"AKo":{"weight":1.0,"played":[0.0928,0.0688,0.8383],"evs":[0.0,0.06295,0.06564]},"A2s":{"weight":1.0,"played":[1.0,0.0,0.0],"evs":[0.0,-3.59128,-6.11565]},"A3s":{"weight":1.0,"played":[1.0,0.0,0.0],"evs":[0.0,-3.50304,-6.04511]},"A4s":{"weight":1.0,"played":[1.0,0.0,0.0],"evs":[0.0,-3.39964,-5.94038]},"A5s":{"weight":1.0,"played":[1.0,0.0,0.0],"evs":[0.0,-3.28186,-5.80733]},"A6s":{"weight":1.0,"played":[1.0,0.0,0.0],"evs":[0.0,-3.45886,-6.01653]},"A7s":{"weight":1.0,"played":[1.0,0.0,0.0],"evs":[0.0,-3.30234,-5.73594]},"A8s":{"weight":1.0,"played":[1.0,0.0,0.0],"evs":[0.0,-3.1154,-5.48928]},"A9s":{"weight":1.0,"played":[1.0,0.0,0.0],"evs":[0.0,-2.59737,-4.55076]},"ATs":{"weight":1.0,"played":[1.0,0.0,0.0],"evs":[0.0,-1.71816,-2.82124]},"AJs":{"weight":1.0,"played":[1.0,0.0,0.0],"evs":[0.0,-0.9813,-1.36594]},"AQs":{"weight":1.0,"played":[0.9466,0.0163,0.0372],"evs":[0.0,-0.05612,-0.06053]},"AKs":{"weight":1.0,"played":[0.0,0.0515,0.9484],"evs":[0.0,0.86165,0.87826]},"AA":{"weight":1.0,"played":[0.0,0.0,1.0],"evs":[0.0,8.82157,9.27609]}}}