{"player":6,"street":0,"children":3,"sequence":[{"player":0,"type":"F","amount":0,"street":0},{"player":1,"type":"R","amount":41950000,"street":0},{"player":2,"type":"F","amount":0,"street":0},{"player":3,"type":"F","amount":0,"street":0},{"player":4,"type":"C","amount":41950000,"street":0},{"player":5,"type":"C","amount":14516800,"street":0}],"actions":[{"type":"F","amount":0},{"type":"C","amount":36950000},{"type":"R","amount":61485900,"node":67}],"hands":{"22":{"weight":1.0,"played":[0.9999,0.0,0.0],"evs":[0.0,-3.36791,-4.44114]},"32o":{"weight":1.0,"played":[1.0,0.0,0.0],"evs":[0.0,-4.35873,-7.18012]},"42o":{"weight":1.0,"played":[1.0,0.0,0.0],"evs":[0.0,-4.11107,-6.78199]},"52o":{"weight":1.0,"played":[1.0,0.0,0.0],"evs":[0.0,-4.12189,-6.76675]},"62o":{"weight":1.0,"played":[1.0,0.0,0.0],"evs":[0.0,-4.14455,-6.66088]},"72o":{"weight":1.0,"played":[1.0,0.0,0.0],"evs":[0.0,-4.61323,-7.35379]},"82o":{"weight":1.0,"played":[1.0,0.0,0.0],"evs":[0.0,-4.48012,-7.22281]},"92o":{"weight":1.0,"played":[1.0,0.0,0.0],"evs":[0.0,-4.4695,-7.22534]},"T2o":{"weight":1.0,"played":[1.0,0.0,0.0],"evs":[0.0,-4.5287,-7.22027]},"J2o":{"weight":1.0,"played":[1.0,0.0,0.0],"evs":[0.0,-4.25798,-6.88612]},"Q2o":{"weight":1.0,"played":[1.0,0.0,0.0],"evs":[0.0,-4.19108,-6.77186]},"K2o":{"weight":1.0,"played":[1.0,0.0,0.0],"evs":[0.0,-3.68056,-6.39722]},"A2o":{"weight":1.0,"played":[1.0,0.0,0.0],"evs":[0.0,-4.51495,-7.09207]},"32s":{"weight":1.0,"played":[1.0,0.0,0.0],"evs":[0.0,-3.41586,-5.5838]},"33":{"weight":1.0,"played":[1.0,0.0,0.0],"evs":[0.0,-3.19304,-4.40069]},"43o":{"weight":1.0,"played":[1.0,0.0,0.0],"evs":[0.0,-3.87479,-6.47813]},"53o":{"weight":1.0,"played":[1.0,0.0,0.0],"evs":[0.0,-4.01595,-6.42654]},"63o":{"weight":1.0,"played":[1.0,0.0,0.0],"evs":[0.0,-3.95818,-6.46363]},"73o":{"weight":1.0,"played":[1.0,0.0,0.0],"evs":[0.0,-4.30762,-6.74114]},"83o":{"weight":1.0,"played":[1.0,0.0,0.0],"evs":[0.0,-4.39916,-7.11374]},"93o":{"weight":1.0,"played":[1.0,0.0,0.0],"evs":[0.0,-4.24939,-6.93539]},"T3o":{"weight":1.0,"played":[1.0,0.0,0.0],"evs":[0.0,-4.4615,-7.06463]},"J3o":{"weight":1.0,"played":[1.0,0.0,0.0],"evs":[0.0,-4.29711,-7.00994]},"Q3o":{"weight":1.0,"played":[1.0,0.0,0.0],"evs":[0.0,-3.88295,-6.41559]},"K3o":{"weight":1.0,"played":[1.0,0.0,0.0],"evs":[0.0,-3.86801,-6.4472]},"A3o":{"weight":1.0,"played":[1.0,0.0,0.0],"evs":[0.0,-4.53135,-7.08242]},"42s":{"weight":1.0,"played":[1.0,0.0,0.0],"evs":[0.0,-3.54759,-5.67578]},"43s":{"weight":1.0,"played":[1.0,0.0,0.0],"evs":[0.0,-3.29385,-5.62277]},"44":{"weight":1.0,"played":[1.0,0.0,0.0],"evs":[0.0,-2.89821,-4.07582]},"54o":{"weight":1.0,"played":[1.0,0.0,0.0],"evs":[0.0,-3.5711,-5.70265]},"64o":{"weight":1.0,"played":[1.0,0.0,0.0],"evs":[0.0,-3.62726,-5.88944]},"74o":{"weight":1.0,"played":[1.0,0.0,0.0],"evs":[0.0,-3.9013,-6.22707]},"84o":{"weight":1.0,"played":[1.0,0.0,0.0],"evs":[0.0,-4.13986,-6.58916]},"94o":{"weight":1.0,"played":[1.0,0.0,0.0],"evs":[0.0,-4.20073,-6.95275]},"T4o":{"weight":1.0,"played":[1.0,0.0,0.0],"evs":[0.0,-4.26796,-6.74003]},"J4o":{"weight":1.0,"played":[1.0,0.0,0.0],"evs":[0.0,-3.9731,-6.5846]},"Q4o":{"weight":1.0,"played":[1.0,0.0,0.0],"evs":[0.0,-3.69207,-6.30491]},"K4o":{"weight":1.0,"played":[1.0,0.0,0.0],"evs":[0.0,-3.61047,-5.88696]},"A4o":{"weight":1.0,"played":[1.0,0.0,0.0],"evs":[0.0,-4.12199,-6.50471]},"52s":{"weight":1.0,"played":[1.0,0.0,0.0],"evs":[0.0,-3.28119,-5.5884]},"53s":{"weight":1.0,"played":[1.0,0.0,0.0],"evs":[0.0,-2.97652,-4.98402]},"54s":{"weight":1.0,"played":[0.9998,2.0E-4,0.0],"evs":[0.0,-2.57348,-4.38866]},"55":{"weight":1.0,"played":[1.0,0.0,0.0],"evs":[0.0,-2.66227,-3.4837]},"65o":{"weight":1.0,"played":[1.0,0.0,0.0],"evs":[0.0,-3.22771,-5.39815]},"75o":{"weight":1.0,"played":[1.0,0.0,0.0],"evs":[0.0,-3.57846,-5.86661]},"85o":{"weight":1.0,"played":[1.0,0.0,0.0],"evs":[0.0,-3.8028,-6.12538]},"95o":{"weight":1.0,"played":[1.0,0.0,0.0],"evs":[0.0,-3.79534,-6.19996]},"T5o":{"weight":1.0,"played":[1.0,0.0,0.0],"evs":[0.0,-4.14247,-6.66267]},"J5o":{"weight":1.0,"played":[1.0,0.0,0.0],"evs":[0.0,-4.04736,-6.69017]},"Q5o":{"weight":1.0,"played":[1.0,0.0,0.0],"evs":[0.0,-3.99979,-6.23728]},"K5o":{"weight":1.0,"played":[1.0,0.0,0.0],"evs":[0.0,-3.51324,-5.90851]},"A5o":{"weight":1.0,"played":[1.0,0.0,0.0],"evs":[0.0,-4.04426,-6.41268]},"62s":{"weight":1.0,"played":[1.0,0.0,0.0],"evs":[0.0,-3.45982,-5.50678]},"63s":{"weight":1.0,"played":[0.9999,0.0,0.0],"evs":[0.0,-3.20273,-5.40426]},"64s":{"weight":1.0,"played":[0.9999,1.0E-4,0.0],"evs":[0.0,-2.95695,-4.97771]},"65s":{"weight":1.0,"played":[1.0,0.0,0.0],"evs":[0.0,-2.35608,-4.0557]},"66":{"weight":1.0,"played":[0.9999,1.0E-4,0.0],"evs":[0.0,-2.4172,-3.22352]},"76o":{"weight":1.0,"played":[1.0,0.0,0.0],"evs":[0.0,-3.10546,-5.24211]},"86o":{"weight":1.0,"played":[1.0,0.0,0.0],"evs":[0.0,-3.50719,-5.62961]},"96o":{"weight":1.0,"played":[1.0,0.0,0.0],"evs":[0.0,-3.53233,-5.72048]},"T6o":{"weight":1.0,"played":[1.0,0.0,0.0],"evs":[0.0,-3.67464,-5.9133]},"J6o":{"weight":1.0,"played":[1.0,0.0,0.0],"evs":[0.0,-4.06192,-6.64779]},"Q6o":{"weight":1.0,"played":[1.0,0.0,0.0],"evs":[0.0,-3.64498,-6.05015]},"K6o":{"weight":1.0,"played":[1.0,0.0,0.0],"evs":[0.0,-3.59301,-5.95928]},"A6o":{"weight":1.0,"played":[1.0,0.0,0.0],"evs":[0.0,-4.24692,-6.69173]},"72s":{"weight":1.0,"played":[1.0,0.0,0.0],"evs":[0.0,-3.93861,-6.30512]},"73s":{"weight":1.0,"played":[1.0,0.0,0.0],"evs":[0.0,-3.11273,-5.31552]},"74s":{"weight":1.0,"played":[0.9999,0.0,0.0],"evs":[0.0,-3.52214,-5.42071]},"75s":{"weight":1.0,"played":[1.0,0.0,0.0],"evs":[0.0,-2.95171,-4.76813]},"76s":{"weight":1.0,"played":[0.9999,0.0,1.0E-4],"evs":[0.0,-2.55454,-4.36789]},"77":{"weight":1.0,"played":[1.0,0.0,0.0],"evs":[0.0,-2.17882,-2.47088]},"87o":{"weight":1.0,"played":[1.0,0.0,0.0],"evs":[0.0,-3.29383,-5.37842]},"97o":{"weight":1.0,"played":[1.0,0.0,0.0],"evs":[0.0,-3.36143,-5.34679]},"T7o":{"weight":1.0,"played":[1.0,0.0,0.0],"evs":[0.0,-3.50593,-5.71401]},"J7o":{"weight":1.0,"played":[1.0,0.0,0.0],"evs":[0.0,-3.75574,-6.10187]},"Q7o":{"weight":1.0,"played":[1.0,0.0,0.0],"evs":[0.0,-3.89014,-6.32812]},"K7o":{"weight":1.0,"played":[1.0,0.0,0.0],"evs":[0.0,-3.74047,-6.07703]},"A7o":{"weight":1.0,"played":[1.0,0.0,0.0],"evs":[0.0,-4.06184,-6.40006]},"82s":{"weight":1.0,"played":[1.0,0.0,0.0],"evs":[0.0,-3.52448,-5.67289]},"83s":{"weight":1.0,"played":[1.0,0.0,0.0],"evs":[0.0,-3.7848,-5.84431]},"84s":{"weight":1.0,"played":[0.9999,1.0E-4,0.0],"evs":[0.0,-3.1929,-5.48074]},"85s":{"weight":1.0,"played":[0.9999,0.0,1.0E-4],"evs":[0.0,-2.65164,-4.73296]},"86s":{"weight":1.0,"played":[1.0,0.0,0.0],"evs":[0.0,-2.37542,-4.43758]},"87s":{"weight":1.0,"played":[1.0,0.0,0.0],"evs":[0.0,-2.74688,-4.58033]},"88":{"weight":1.0,"played":[0.9978,0.0022,0.0],"evs":[0.0,-1.45635,-1.63931]},"98o":{"weight":1.0,"played":[1.0,0.0,0.0],"evs":[0.0,-3.40597,-5.30602]},"T8o":{"weight":1.0,"played":[1.0,0.0,0.0],"evs":[0.0,-3.89253,-5.94712]},"J8o":{"weight":1.0,"played":[1.0,0.0,0.0],"evs":[0.0,-3.63547,-5.8678]},"Q8o":{"weight":1.0,"played":[1.0,0.0,0.0],"evs":[0.0,-3.26741,-5.45606]},"K8o":{"weight":1.0,"played":[1.0,0.0,0.0],"evs":[0.0,-3.66087,-6.06113]},"A8o":{"weight":1.0,"played":[1.0,0.0,0.0],"evs":[0.0,-4.16989,-6.35829]},"92s":{"weight":1.0,"played":[0.9999,0.0,0.0],"evs":[0.0,-3.68242,-6.06597]},"93s":{"weight":1.0,"played":[1.0,0.0,0.0],"evs":[0.0,-3.45726,-5.88073]},"94s":{"weight":1.0,"played":[1.0,0.0,0.0],"evs":[0.0,-3.63734,-5.93251]},"95s":{"weight":1.0,"played":[1.0,0.0,0.0],"evs":[0.0,-3.17093,-5.16615]},"96s":{"weight":1.0,"played":[1.0,0.0,0.0],"evs":[0.0,-2.59269,-4.4307]},"97s":{"weight":1.0,"played":[1.0,0.0,0.0],"evs":[0.0,-2.64688,-4.24794]},"98s":{"weight":1.0,"played":[0.9999,0.0,0.0],"evs":[0.0,-2.32476,-3.89961]},"99":{"weight":1.0,"played":[0.9964,0.0016,0.002],"evs":[0.0,-0.59691,-0.42585]},"T9o":{"weight":1.0,"played":[1.0,0.0,0.0],"evs":[0.0,-3.2345,-5.26317]},"J9o":{"weight":1.0,"played":[0.9999,0.0,0.0],"evs":[0.0,-3.36366,-5.46852]},"Q9o":{"weight":1.0,"played":[1.0,0.0,0.0],"evs":[0.0,-3.18711,-5.30869]},"K9o":{"weight":1.0,"played":[1.0,0.0,0.0],"evs":[0.0,-3.32177,-5.56787]},"A9o":{"weight":1.0,"played":[1.0,0.0,0.0],"evs":[0.0,-3.6574,-5.33647]},"T2s":{"weight":1.0,"played":[0.9999,0.0,0.0],"evs":[0.0,-3.91884,-5.98845]},"T3s":{"weight":1.0,"played":[1.0,0.0,0.0],"evs":[0.0,-3.76293,-5.87999]},"T4s":{"weight":1.0,"played":[1.0,0.0,0.0],"evs":[0.0,-3.34596,-5.25491]},"T5s":{"weight":1.0,"played":[0.9999,1.0E-4,0.0],"evs":[0.0,-3.40659,-5.69009]},"T6s":{"weight":1.0,"played":[1.0,0.0,0.0],"evs":[0.0,-2.91002,-5.00748]},"T7s":{"weight":1.0,"played":[1.0,0.0,0.0],"evs":[0.0,-3.08611,-4.93212]},"T8s":{"weight":1.0,"played":[1.0,0.0,0.0],"evs":[0.0,-2.45525,-4.28767]},"T9s":{"weight":1.0,"played":[0.9999,1.0E-4,0.0],"evs":[0.0,-3.12272,-4.69366]},"TT":{"weight":1.0,"played":[0.0204,0.0976,0.8821],"evs":[0.0,0.46401,0.62281]},"JTo":{"weight":1.0,"played":[1.0,0.0,0.0],"evs":[0.0,-3.08734,-4.98639]},"QTo":{"weight":1.0,"played":[1.0,0.0,0.0],"evs":[0.0,-3.06815,-5.01877]},"KTo":{"weight":1.0,"played":[1.0,0.0,0.0],"evs":[0.0,-3.15737,-5.40989]},"ATo":{"weight":1.0,"played":[1.0,0.0,0.0],"evs":[0.0,-2.95437,-3.71089]},"J2s":{"weight":1.0,"played":[1.0,0.0,0.0],"evs":[0.0,-3.74269,-5.87223]},"J3s":{"weight":1.0,"played":[1.0,0.0,0.0],"evs":[0.0,-3.60695,-5.76376]},"J4s":{"weight":1.0,"played":[1.0,0.0,0.0],"evs":[0.0,-3.52793,-5.70427]},"J5s":{"weight":1.0,"played":[1.0,0.0,0.0],"evs":[0.0,-3.11068,-5.06269]},"J6s":{"weight":1.0,"played":[1.0,0.0,0.0],"evs":[0.0,-3.31075,-5.54165]},"J7s":{"weight":1.0,"played":[1.0,0.0,0.0],"evs":[0.0,-3.02416,-4.90366]},"J8s":{"weight":1.0,"played":[1.0,0.0,0.0],"evs":[0.0,-2.83098,-4.73464]},"J9s":{"weight":1.0,"played":[0.9997,1.0E-4,1.0E-4],"evs":[0.0,-2.22179,-3.84646]},"JTs":{"weight":1.0,"played":[0.999,9.0E-4,1.0E-4],"evs":[0.0,-2.08901,-3.86998]},"JJ":{"weight":1.0,"played":[0.0045,0.1552,0.8403],"evs":[0.0,1.486,1.70037]},"QJo":{"weight":1.0,"played":[1.0,0.0,0.0],"evs":[0.0,-3.00781,-5.04198]},"KJo":{"weight":1.0,"played":[1.0,0.0,0.0],"evs":[0.0,-2.9761,-5.06885]},"AJo":{"weight":1.0,"played":[1.0,0.0,0.0],"evs":[0.0,-2.26905,-2.49826]},"Q2s":{"weight":1.0,"played":[0.9999,1.0E-4,0.0],"evs":[0.0,-3.10698,-5.52278]},"Q3s":{"weight":1.0,"played":[1.0,0.0,0.0],"evs":[0.0,-3.35094,-5.44828]},"Q4s":{"weight":1.0,"played":[1.0,0.0,0.0],"evs":[0.0,-3.27685,-5.47187]},"Q5s":{"weight":1.0,"played":[1.0,0.0,0.0],"evs":[0.0,-3.30507,-5.2881]},"Q6s":{"weight":1.0,"played":[0.9999,0.0,0.0],"evs":[0.0,-2.92423,-5.07578]},"Q7s":{"weight":1.0,"played":[1.0,0.0,0.0],"evs":[0.0,-2.73991,-4.68219]},"Q8s":{"weight":1.0,"played":[1.0,0.0,0.0],"evs":[0.0,-3.20251,-4.92096]},"Q9s":{"weight":1.0,"played":[1.0,0.0,0.0],"evs":[0.0,-2.79393,-4.64208]},"QTs":{"weight":1.0,"played":[0.9998,2.0E-4,0.0],"evs":[0.0,-2.47076,-4.15051]},"QJs":{"weight":1.0,"played":[0.9994,2.0E-4,5.0E-4],"evs":[0.0,-2.32972,-3.88739]},"QQ":{"weight":1.0,"played":[0.0,0.0113,0.9887],"evs":[0.0,2.74955,3.06088]},"KQo":{"weight":1.0,"played":[1.0,0.0,0.0],"evs":[0.0,-1.9592,-3.61439]},"AQo":{"weight":1.0,"played":[0.9996,2.0E-4,2.0E-4],"evs":[0.0,-1.75773,-1.88973]},"K2s":{"weight":1.0,"played":[1.0,0.0,0.0],"evs":[0.0,-2.99533,-5.02105]},"K3s":{"weight":1.0,"played":[1.0,0.0,0.0],"evs":[0.0,-2.791,-4.62878]},"K4s":{"weight":1.0,"played":[0.9999,0.0,0.0],"evs":[0.0,-2.50432,-4.52444]},"K5s":{"weight":1.0,"played":[1.0,0.0,0.0],"evs":[0.0,-2.60841,-4.81739]},"K6s":{"weight":1.0,"played":[0.9996,3.0E-4,2.0E-4],"evs":[0.0,-2.76253,-4.78503]},"K7s":{"weight":1.0,"played":[0.9998,1.0E-4,0.0],"evs":[0.0,-2.42622,-4.52368]},"K8s":{"weight":1.0,"played":[1.0,0.0,0.0],"evs":[0.0,-2.65893,-4.43986]},"K9s":{"weight":1.0,"played":[1.0,0.0,0.0],"evs":[0.0,-2.60553,-4.72398]},"KTs":{"weight":1.0,"played":[1.0,0.0,0.0],"evs":[0.0,-2.56785,-4.05828]},"KJs":{"weight":1.0,"played":[0.9973,0.0026,1.0E-4],"evs":[0.0,-1.79303,-3.52905]},"KQs":{"weight":1.0,"played":[0.9996,2.0E-4,2.0E-4],"evs":[0.0,-1.10228,-2.77015]},"KK":{"weight":1.0,"played":[0.0,0.0887,0.9113],"evs":[0.0,5.76112,5.96279]},"AKo":{"weight":1.0,"played":[0.9905,0.0029,0.0066],"evs":[0.0,-0.82817,-0.68184]},"A2s":{"weight":1.0,"played":[0.9999,1.0E-4,0.0],"evs":[0.0,-3.53915,-5.2356]},"A3s":{"weight":1.0,"played":[0.9987,0.0013,0.0],"evs":[0.0,-3.11679,-5.23436]},"A4s":{"weight":1.0,"played":[1.0,0.0,0.0],"evs":[0.0,-3.05897,-5.02198]},"A5s":{"weight":1.0,"played":[0.9999,0.0,1.0E-4],"evs":[0.0,-3.36719,-5.14402]},"A6s":{"weight":1.0,"played":[1.0,0.0,0.0],"evs":[0.0,-3.35629,-5.58]},"A7s":{"weight":1.0,"played":[1.0,0.0,0.0],"evs":[0.0,-3.0383,-4.86525]},"A8s":{"weight":1.0,"played":[0.9998,2.0E-4,0.0],"evs":[0.0,-3.34725,-5.26791]},"A9s":{"weight":1.0,"played":[1.0,0.0,0.0],"evs":[0.0,-2.59594,-4.07738]},"ATs":{"weight":1.0,"played":[0.9978,5.0E-4,0.0018],"evs":[0.0,-1.87734,-2.37082]},"AJs":{"weight":1.0,"played":[0.9992,6.0E-4,2.0E-4],"evs":[0.0,-1.62432,-1.68487]},"AQs":{"weight":1.0,"played":[0.3866,0.1235,0.4899],"evs":[0.0,-0.66471,-0.57746]},"AKs":{"weight":1.0,"played":[0.0066,0.8225,0.1709],"evs":[0.0,-0.02525,0.08886]},"AA":{"weight":1.0,"played":[0.0,0.0,1.0],"evs":[0.0,9.52897,9.97685]}}}