{"player":6,"street":0,"children":2,"sequence":[{"player":0,"type":"F","amount":0,"street":0},{"player":1,"type":"R","amount":41950000,"street":0},{"player":2,"type":"F","amount":0,"street":0},{"player":3,"type":"F","amount":0,"street":0},{"player":4,"type":"R","amount":68379500,"street":0},{"player":5,"type":"F","amount":0,"street":0}],"actions":[{"type":"F","amount":0},{"type":"C","amount":56485900}],"hands":{"22":{"weight":1.0,"played":[1.0,0.0],"evs":[0.0,-4.72499]},"32o":{"weight":1.0,"played":[1.0,0.0],"evs":[0.0,-7.79007]},"42o":{"weight":1.0,"played":[1.0,0.0],"evs":[0.0,-7.6073]},"52o":{"weight":1.0,"played":[1.0,0.0],"evs":[0.0,-7.53824]},"62o":{"weight":1.0,"played":[1.0,0.0],"evs":[0.0,-7.70662]},"72o":{"weight":1.0,"played":[1.0,0.0],"evs":[0.0,-7.97164]},"82o":{"weight":1.0,"played":[1.0,0.0],"evs":[0.0,-7.6731]},"92o":{"weight":1.0,"played":[1.0,0.0],"evs":[0.0,-7.77959]},"T2o":{"weight":1.0,"played":[1.0,0.0],"evs":[0.0,-7.58676]},"J2o":{"weight":1.0,"played":[1.0,0.0],"evs":[0.0,-7.46585]},"Q2o":{"weight":1.0,"played":[1.0,0.0],"evs":[0.0,-7.29827]},"K2o":{"weight":1.0,"played":[1.0,0.0],"evs":[0.0,-7.09852]},"A2o":{"weight":1.0,"played":[1.0,0.0],"evs":[0.0,-7.45035]},"32s":{"weight":1.0,"played":[1.0,0.0],"evs":[0.0,-6.60467]},"33":{"weight":1.0,"played":[1.0,0.0],"evs":[0.0,-4.52095]},"43o":{"weight":1.0,"played":[1.0,0.0],"evs":[0.0,-7.1511]},"53o":{"weight":1.0,"played":[1.0,0.0],"evs":[0.0,-7.05806]},"63o":{"weight":1.0,"played":[1.0,0.0],"evs":[0.0,-7.207]},"73o":{"weight":1.0,"played":[1.0,0.0],"evs":[0.0,-7.44927]},"83o":{"weight":1.0,"played":[1.0,0.0],"evs":[0.0,-7.61516]},"93o":{"weight":1.0,"played":[1.0,0.0],"evs":[0.0,-7.61414]},"T3o":{"weight":1.0,"played":[1.0,0.0],"evs":[0.0,-7.42008]},"J3o":{"weight":1.0,"played":[1.0,0.0],"evs":[0.0,-7.28555]},"Q3o":{"weight":1.0,"played":[1.0,0.0],"evs":[0.0,-7.17503]},"K3o":{"weight":1.0,"played":[1.0,0.0],"evs":[0.0,-6.98322]},"A3o":{"weight":1.0,"played":[1.0,0.0],"evs":[0.0,-7.25663]},"42s":{"weight":1.0,"played":[1.0,0.0],"evs":[0.0,-6.45745]},"43s":{"weight":1.0,"played":[1.0,0.0],"evs":[0.0,-5.99027]},"44":{"weight":1.0,"played":[1.0,0.0],"evs":[0.0,-4.20346]},"54o":{"weight":1.0,"played":[1.0,0.0],"evs":[0.0,-6.51352]},"64o":{"weight":1.0,"played":[1.0,0.0],"evs":[0.0,-6.73238]},"74o":{"weight":1.0,"played":[1.0,0.0],"evs":[0.0,-6.91538]},"84o":{"weight":1.0,"played":[1.0,0.0],"evs":[0.0,-7.11252]},"94o":{"weight":1.0,"played":[1.0,0.0],"evs":[0.0,-7.55197]},"T4o":{"weight":1.0,"played":[1.0,0.0],"evs":[0.0,-7.23429]},"J4o":{"weight":1.0,"played":[1.0,0.0],"evs":[0.0,-7.10295]},"Q4o":{"weight":1.0,"played":[1.0,0.0],"evs":[0.0,-6.95866]},"K4o":{"weight":1.0,"played":[1.0,0.0],"evs":[0.0,-6.80736]},"A4o":{"weight":1.0,"played":[1.0,0.0],"evs":[0.0,-7.09204]},"52s":{"weight":1.0,"played":[1.0,0.0],"evs":[0.0,-6.39138]},"53s":{"weight":1.0,"played":[1.0,0.0],"evs":[0.0,-5.91982]},"54s":{"weight":1.0,"played":[1.0,0.0],"evs":[0.0,-5.44628]},"55":{"weight":1.0,"played":[1.0,0.0],"evs":[0.0,-3.86847]},"65o":{"weight":1.0,"played":[1.0,0.0],"evs":[0.0,-6.33796]},"75o":{"weight":1.0,"played":[1.0,0.0],"evs":[0.0,-6.48632]},"85o":{"weight":1.0,"played":[1.0,0.0],"evs":[0.0,-6.67225]},"95o":{"weight":1.0,"played":[1.0,0.0],"evs":[0.0,-7.13363]},"T5o":{"weight":1.0,"played":[1.0,0.0],"evs":[0.0,-7.24089]},"J5o":{"weight":1.0,"played":[1.0,0.0],"evs":[0.0,-6.98921]},"Q5o":{"weight":1.0,"played":[1.0,0.0],"evs":[0.0,-6.88514]},"K5o":{"weight":1.0,"played":[1.0,0.0],"evs":[0.0,-6.68269]},"A5o":{"weight":1.0,"played":[1.0,0.0],"evs":[0.0,-6.97424]},"62s":{"weight":1.0,"played":[1.0,0.0],"evs":[0.0,-6.55713]},"63s":{"weight":1.0,"played":[1.0,0.0],"evs":[0.0,-6.12672]},"64s":{"weight":1.0,"played":[1.0,0.0],"evs":[0.0,-5.65038]},"65s":{"weight":1.0,"played":[1.0,0.0],"evs":[0.0,-5.29265]},"66":{"weight":1.0,"played":[1.0,0.0],"evs":[0.0,-3.42603]},"76o":{"weight":1.0,"played":[1.0,0.0],"evs":[0.0,-6.0423]},"86o":{"weight":1.0,"played":[1.0,0.0],"evs":[0.0,-6.23688]},"96o":{"weight":1.0,"played":[1.0,0.0],"evs":[0.0,-6.58774]},"T6o":{"weight":1.0,"played":[1.0,0.0],"evs":[0.0,-6.74452]},"J6o":{"weight":1.0,"played":[1.0,0.0],"evs":[0.0,-6.88083]},"Q6o":{"weight":1.0,"played":[1.0,0.0],"evs":[0.0,-6.70511]},"K6o":{"weight":1.0,"played":[1.0,0.0],"evs":[0.0,-6.47894]},"A6o":{"weight":1.0,"played":[1.0,0.0],"evs":[0.0,-7.22599]},"72s":{"weight":1.0,"played":[1.0,0.0],"evs":[0.0,-6.69567]},"73s":{"weight":1.0,"played":[1.0,0.0],"evs":[0.0,-6.38373]},"74s":{"weight":1.0,"played":[1.0,0.0],"evs":[0.0,-5.86874]},"75s":{"weight":1.0,"played":[1.0,0.0],"evs":[0.0,-5.42234]},"76s":{"weight":1.0,"played":[1.0,0.0],"evs":[0.0,-4.95628]},"77":{"weight":1.0,"played":[1.0,0.0],"evs":[0.0,-2.5143]},"87o":{"weight":1.0,"played":[1.0,0.0],"evs":[0.0,-5.8519]},"97o":{"weight":1.0,"played":[1.0,0.0],"evs":[0.0,-6.16621]},"T7o":{"weight":1.0,"played":[1.0,0.0],"evs":[0.0,-6.29687]},"J7o":{"weight":1.0,"played":[1.0,0.0],"evs":[0.0,-6.4601]},"Q7o":{"weight":1.0,"played":[1.0,0.0],"evs":[0.0,-6.66526]},"K7o":{"weight":1.0,"played":[1.0,0.0],"evs":[0.0,-6.36405]},"A7o":{"weight":1.0,"played":[1.0,0.0],"evs":[0.0,-6.9847]},"82s":{"weight":1.0,"played":[1.0,0.0],"evs":[0.0,-6.50299]},"83s":{"weight":1.0,"played":[1.0,0.0],"evs":[0.0,-6.40668]},"84s":{"weight":1.0,"played":[1.0,0.0],"evs":[0.0,-5.9468]},"85s":{"weight":1.0,"played":[1.0,0.0],"evs":[0.0,-5.55495]},"86s":{"weight":1.0,"played":[1.0,0.0],"evs":[0.0,-5.12727]},"87s":{"weight":1.0,"played":[1.0,0.0],"evs":[0.0,-4.82072]},"88":{"weight":1.0,"played":[1.0,0.0],"evs":[0.0,-1.78486]},"98o":{"weight":1.0,"played":[1.0,0.0],"evs":[0.0,-5.77103]},"T8o":{"weight":1.0,"played":[1.0,0.0],"evs":[0.0,-5.80485]},"J8o":{"weight":1.0,"played":[1.0,0.0],"evs":[0.0,-5.88079]},"Q8o":{"weight":1.0,"played":[1.0,0.0],"evs":[0.0,-6.13684]},"K8o":{"weight":1.0,"played":[1.0,0.0],"evs":[0.0,-6.22037]},"A8o":{"weight":1.0,"played":[1.0,0.0],"evs":[0.0,-6.59566]},"92s":{"weight":1.0,"played":[1.0,0.0],"evs":[0.0,-6.57686]},"93s":{"weight":1.0,"played":[1.0,0.0],"evs":[0.0,-6.40344]},"94s":{"weight":1.0,"played":[1.0,0.0],"evs":[0.0,-6.40755]},"95s":{"weight":1.0,"played":[1.0,0.0],"evs":[0.0,-5.98031]},"96s":{"weight":1.0,"played":[1.0,0.0],"evs":[0.0,-5.4402]},"97s":{"weight":1.0,"played":[1.0,0.0],"evs":[0.0,-5.14368]},"98s":{"weight":1.0,"played":[1.0,0.0],"evs":[0.0,-4.8024]},"99":{"weight":1.0,"played":[1.0,0.0],"evs":[0.0,-1.29332]},"T9o":{"weight":1.0,"played":[1.0,0.0],"evs":[0.0,-5.55182]},"J9o":{"weight":1.0,"played":[1.0,0.0],"evs":[0.0,-5.67687]},"Q9o":{"weight":1.0,"played":[1.0,0.0],"evs":[0.0,-5.95622]},"K9o":{"weight":1.0,"played":[1.0,0.0],"evs":[0.0,-6.04941]},"A9o":{"weight":1.0,"played":[1.0,0.0],"evs":[0.0,-6.39308]},"T2s":{"weight":1.0,"played":[1.0,0.0],"evs":[0.0,-6.44883]},"T3s":{"weight":1.0,"played":[1.0,0.0],"evs":[0.0,-6.26775]},"T4s":{"weight":1.0,"played":[1.0,0.0],"evs":[0.0,-6.06343]},"T5s":{"weight":1.0,"played":[1.0,0.0],"evs":[0.0,-6.07501]},"T6s":{"weight":1.0,"played":[1.0,0.0],"evs":[0.0,-5.51174]},"T7s":{"weight":1.0,"played":[1.0,0.0],"evs":[0.0,-5.14858]},"T8s":{"weight":1.0,"played":[1.0,0.0],"evs":[0.0,-4.6395]},"T9s":{"weight":1.0,"played":[1.0,0.0],"evs":[0.0,-4.51824]},"TT":{"weight":1.0,"played":[0.0265,0.9735],"evs":[0.0,0.33688]},"JTo":{"weight":1.0,"played":[1.0,0.0],"evs":[0.0,-4.96587]},"QTo":{"weight":1.0,"played":[1.0,0.0],"evs":[0.0,-5.23287]},"KTo":{"weight":1.0,"played":[1.0,0.0],"evs":[0.0,-5.25875]},"ATo":{"weight":1.0,"played":[1.0,0.0],"evs":[0.0,-5.31672]},"J2s":{"weight":1.0,"played":[1.0,0.0],"evs":[0.0,-6.28016]},"J3s":{"weight":1.0,"played":[1.0,0.0],"evs":[0.0,-6.02353]},"J4s":{"weight":1.0,"played":[1.0,0.0],"evs":[0.0,-5.95322]},"J5s":{"weight":1.0,"played":[1.0,0.0],"evs":[0.0,-5.90751]},"J6s":{"weight":1.0,"played":[1.0,0.0],"evs":[0.0,-5.74409]},"J7s":{"weight":1.0,"played":[1.0,0.0],"evs":[0.0,-5.35286]},"J8s":{"weight":1.0,"played":[1.0,0.0],"evs":[0.0,-4.78494]},"J9s":{"weight":1.0,"played":[1.0,0.0],"evs":[0.0,-4.67804]},"JTs":{"weight":1.0,"played":[1.0,0.0],"evs":[0.0,-3.985]},"JJ":{"weight":1.0,"played":[0.0,1.0],"evs":[0.0,2.18889]},"QJo":{"weight":1.0,"played":[1.0,0.0],"evs":[0.0,-5.01526]},"KJo":{"weight":1.0,"played":[1.0,0.0],"evs":[0.0,-5.08112]},"AJo":{"weight":1.0,"played":[1.0,0.0],"evs":[0.0,-4.17821]},"Q2s":{"weight":1.0,"played":[1.0,0.0],"evs":[0.0,-6.11381]},"Q3s":{"weight":1.0,"played":[1.0,0.0],"evs":[0.0,-5.94567]},"Q4s":{"weight":1.0,"played":[1.0,0.0],"evs":[0.0,-5.81479]},"Q5s":{"weight":1.0,"played":[1.0,0.0],"evs":[0.0,-5.7557]},"Q6s":{"weight":1.0,"played":[1.0,0.0],"evs":[0.0,-5.56172]},"Q7s":{"weight":1.0,"played":[1.0,0.0],"evs":[0.0,-5.48823]},"Q8s":{"weight":1.0,"played":[1.0,0.0],"evs":[0.0,-5.00021]},"Q9s":{"weight":1.0,"played":[1.0,0.0],"evs":[0.0,-4.86717]},"QTs":{"weight":1.0,"played":[1.0,0.0],"evs":[0.0,-4.14724]},"QJs":{"weight":1.0,"played":[1.0,0.0],"evs":[0.0,-3.82919]},"QQ":{"weight":1.0,"played":[0.0,1.0],"evs":[0.0,3.86025]},"KQo":{"weight":1.0,"played":[1.0,0.0],"evs":[0.0,-4.64667]},"AQo":{"weight":1.0,"played":[1.0,0.0],"evs":[0.0,-2.32738]},"K2s":{"weight":1.0,"played":[1.0,0.0],"evs":[0.0,-5.87258]},"K3s":{"weight":1.0,"played":[1.0,0.0],"evs":[0.0,-5.74518]},"K4s":{"weight":1.0,"played":[1.0,0.0],"evs":[0.0,-5.6112]},"K5s":{"weight":1.0,"played":[1.0,0.0],"evs":[0.0,-5.52325]},"K6s":{"weight":1.0,"played":[1.0,0.0],"evs":[0.0,-5.28603]},"K7s":{"weight":1.0,"played":[1.0,0.0],"evs":[0.0,-5.2078]},"K8s":{"weight":1.0,"played":[1.0,0.0],"evs":[0.0,-5.06764]},"K9s":{"weight":1.0,"played":[1.0,0.0],"evs":[0.0,-4.94647]},"KTs":{"weight":1.0,"played":[1.0,0.0],"evs":[0.0,-4.20298]},"KJs":{"weight":1.0,"played":[1.0,0.0],"evs":[0.0,-4.03235]},"KQs":{"weight":1.0,"played":[1.0,0.0],"evs":[0.0,-3.58469]},"KK":{"weight":1.0,"played":[0.0,1.0],"evs":[0.0,5.82645]},"AKo":{"weight":1.0,"played":[0.0951,0.9049],"evs":[0.0,0.09903]},"A2s":{"weight":1.0,"played":[1.0,0.0],"evs":[0.0,-6.25332]},"A3s":{"weight":1.0,"played":[1.0,0.0],"evs":[0.0,-5.92285]},"A4s":{"weight":1.0,"played":[1.0,0.0],"evs":[0.0,-5.85346]},"A5s":{"weight":1.0,"played":[1.0,0.0],"evs":[0.0,-5.77212]},"A6s":{"weight":1.0,"played":[1.0,0.0],"evs":[0.0,-5.98119]},"A7s":{"weight":1.0,"played":[1.0,0.0],"evs":[0.0,-5.8101]},"A8s":{"weight":1.0,"played":[1.0,0.0],"evs":[0.0,-5.40864]},"A9s":{"weight":1.0,"played":[1.0,0.0],"evs":[0.0,-5.29894]},"ATs":{"weight":1.0,"played":[1.0,0.0],"evs":[0.0,-4.14946]},"AJs":{"weight":1.0,"played":[1.0,0.0],"evs":[0.0,-3.10719]},"AQs":{"weight":1.0,"played":[1.0,0.0],"evs":[0.0,-1.47588]},"AKs":{"weight":1.0,"played":[0.0,1.0],"evs":[0.0,0.84821]},"AA":{"weight":1.0,"played":[0.0,1.0],"evs":[0.0,9.59759]}}}