{"player":6,"street":0,"children":2,"sequence":[{"player":0,"type":"F","amount":0,"street":0},{"player":1,"type":"R","amount":41950000,"street":0},{"player":2,"type":"F","amount":0,"street":0},{"player":3,"type":"C","amount":4130000,"street":0},{"player":4,"type":"F","amount":0,"street":0},{"player":5,"type":"C","amount":14516800,"street":0}],"actions":[{"type":"F","amount":0},{"type":"C","amount":36950000}],"hands":{"22":{"weight":1.0,"played":[0.0,1.0],"evs":[0.0,0.24403]},"32o":{"weight":1.0,"played":[1.0,0.0],"evs":[0.0,-2.08139]},"42o":{"weight":1.0,"played":[1.0,0.0],"evs":[0.0,-1.94071]},"52o":{"weight":1.0,"played":[1.0,0.0],"evs":[0.0,-1.84692]},"62o":{"weight":1.0,"played":[1.0,0.0],"evs":[0.0,-1.96195]},"72o":{"weight":1.0,"played":[1.0,0.0],"evs":[0.0,-2.25792]},"82o":{"weight":1.0,"played":[1.0,0.0],"evs":[0.0,-2.09973]},"92o":{"weight":1.0,"played":[1.0,0.0],"evs":[0.0,-2.07249]},"T2o":{"weight":1.0,"played":[1.0,0.0],"evs":[0.0,-2.02122]},"J2o":{"weight":1.0,"played":[1.0,0.0],"evs":[0.0,-1.98819]},"Q2o":{"weight":1.0,"played":[1.0,0.0],"evs":[0.0,-1.79848]},"K2o":{"weight":1.0,"played":[1.0,0.0],"evs":[0.0,-1.58249]},"A2o":{"weight":1.0,"played":[1.0,0.0],"evs":[0.0,-0.91631]},"32s":{"weight":1.0,"played":[1.0,0.0],"evs":[0.0,-1.31037]},"33":{"weight":1.0,"played":[0.0,1.0],"evs":[0.0,0.51536]},"43o":{"weight":1.0,"played":[1.0,0.0],"evs":[0.0,-1.63068]},"53o":{"weight":1.0,"played":[1.0,0.0],"evs":[0.0,-1.52315]},"63o":{"weight":1.0,"played":[1.0,0.0],"evs":[0.0,-1.66118]},"73o":{"weight":1.0,"played":[1.0,0.0],"evs":[0.0,-1.9658]},"83o":{"weight":1.0,"played":[1.0,0.0],"evs":[0.0,-2.09963]},"93o":{"weight":1.0,"played":[1.0,0.0],"evs":[0.0,-2.00715]},"T3o":{"weight":1.0,"played":[1.0,0.0],"evs":[0.0,-1.95491]},"J3o":{"weight":1.0,"played":[1.0,0.0],"evs":[0.0,-1.91743]},"Q3o":{"weight":1.0,"played":[1.0,0.0],"evs":[0.0,-1.72547]},"K3o":{"weight":1.0,"played":[1.0,0.0],"evs":[0.0,-1.49832]},"A3o":{"weight":1.0,"played":[1.0,0.0],"evs":[0.0,-0.82786]},"42s":{"weight":1.0,"played":[1.0,0.0],"evs":[0.0,-1.16904]},"43s":{"weight":1.0,"played":[1.0,0.0],"evs":[0.0,-0.8853]},"44":{"weight":1.0,"played":[0.0,1.0],"evs":[0.0,0.89958]},"54o":{"weight":1.0,"played":[1.0,0.0],"evs":[0.0,-1.18163]},"64o":{"weight":1.0,"played":[1.0,0.0],"evs":[0.0,-1.29547]},"74o":{"weight":1.0,"played":[1.0,0.0],"evs":[0.0,-1.60325]},"84o":{"weight":1.0,"played":[1.0,0.0],"evs":[0.0,-1.72458]},"94o":{"weight":1.0,"played":[1.0,0.0],"evs":[0.0,-1.93696]},"T4o":{"weight":1.0,"played":[1.0,0.0],"evs":[0.0,-1.82847]},"J4o":{"weight":1.0,"played":[1.0,0.0],"evs":[0.0,-1.76914]},"Q4o":{"weight":1.0,"played":[1.0,0.0],"evs":[0.0,-1.58119]},"K4o":{"weight":1.0,"played":[1.0,0.0],"evs":[0.0,-1.36247]},"A4o":{"weight":1.0,"played":[1.0,0.0],"evs":[0.0,-0.65804]},"52s":{"weight":1.0,"played":[1.0,0.0],"evs":[0.0,-1.06063]},"53s":{"weight":1.0,"played":[1.0,0.0],"evs":[0.0,-0.79516]},"54s":{"weight":1.0,"played":[1.0,0.0],"evs":[0.0,-0.46501]},"55":{"weight":1.0,"played":[0.0,1.0],"evs":[0.0,1.30578]},"65o":{"weight":1.0,"played":[1.0,0.0],"evs":[0.0,-1.01113]},"75o":{"weight":1.0,"played":[1.0,0.0],"evs":[0.0,-1.29019]},"85o":{"weight":1.0,"played":[1.0,0.0],"evs":[0.0,-1.42084]},"95o":{"weight":1.0,"played":[1.0,0.0],"evs":[0.0,-1.62998]},"T5o":{"weight":1.0,"played":[1.0,0.0],"evs":[0.0,-1.80826]},"J5o":{"weight":1.0,"played":[1.0,0.0],"evs":[0.0,-1.68692]},"Q5o":{"weight":1.0,"played":[1.0,0.0],"evs":[0.0,-1.51439]},"K5o":{"weight":1.0,"played":[1.0,0.0],"evs":[0.0,-1.27329]},"A5o":{"weight":1.0,"played":[1.0,0.0],"evs":[0.0,-0.47399]},"62s":{"weight":1.0,"played":[1.0,0.0],"evs":[0.0,-1.17788]},"63s":{"weight":1.0,"played":[1.0,0.0],"evs":[0.0,-0.89661]},"64s":{"weight":1.0,"played":[1.0,0.0],"evs":[0.0,-0.56697]},"65s":{"weight":1.0,"played":[1.0,0.0],"evs":[0.0,-0.27713]},"66":{"weight":1.0,"played":[0.0,1.0],"evs":[0.0,1.75633]},"76o":{"weight":1.0,"played":[1.0,0.0],"evs":[0.0,-0.92644]},"86o":{"weight":1.0,"played":[1.0,0.0],"evs":[0.0,-1.0321]},"96o":{"weight":1.0,"played":[1.0,0.0],"evs":[0.0,-1.22895]},"T6o":{"weight":1.0,"played":[1.0,0.0],"evs":[0.0,-1.39326]},"J6o":{"weight":1.0,"played":[1.0,0.0],"evs":[0.0,-1.56094]},"Q6o":{"weight":1.0,"played":[1.0,0.0],"evs":[0.0,-1.31795]},"K6o":{"weight":1.0,"played":[1.0,0.0],"evs":[0.0,-1.09538]},"A6o":{"weight":1.0,"played":[1.0,0.0],"evs":[0.0,-0.57618]},"72s":{"weight":1.0,"played":[1.0,0.0],"evs":[0.0,-1.47744]},"73s":{"weight":1.0,"played":[1.0,0.0],"evs":[0.0,-1.18299]},"74s":{"weight":1.0,"played":[1.0,0.0],"evs":[0.0,-0.85476]},"75s":{"weight":1.0,"played":[1.0,0.0],"evs":[0.0,-0.55376]},"76s":{"weight":1.0,"played":[1.0,0.0],"evs":[0.0,-0.23277]},"77":{"weight":1.0,"played":[0.0,1.0],"evs":[0.0,2.08144]},"87o":{"weight":1.0,"played":[1.0,0.0],"evs":[0.0,-0.9028]},"97o":{"weight":1.0,"played":[1.0,0.0],"evs":[0.0,-1.07146]},"T7o":{"weight":1.0,"played":[1.0,0.0],"evs":[0.0,-1.22927]},"J7o":{"weight":1.0,"played":[1.0,0.0],"evs":[0.0,-1.41476]},"Q7o":{"weight":1.0,"played":[1.0,0.0],"evs":[0.0,-1.44378]},"K7o":{"weight":1.0,"played":[1.0,0.0],"evs":[0.0,-1.17662]},"A7o":{"weight":1.0,"played":[1.0,0.0],"evs":[0.0,-0.34894]},"82s":{"weight":1.0,"played":[1.0,0.0],"evs":[0.0,-1.32829]},"83s":{"weight":1.0,"played":[1.0,0.0],"evs":[0.0,-1.3245]},"84s":{"weight":1.0,"played":[1.0,0.0],"evs":[0.0,-0.9614]},"85s":{"weight":1.0,"played":[1.0,0.0],"evs":[0.0,-0.6924]},"86s":{"weight":1.0,"played":[1.0,0.0],"evs":[0.0,-0.32464]},"87s":{"weight":1.0,"played":[1.0,0.0],"evs":[0.0,-0.18862]},"88":{"weight":1.0,"played":[0.0,1.0],"evs":[0.0,2.59527]},"98o":{"weight":1.0,"played":[1.0,0.0],"evs":[0.0,-0.78319]},"T8o":{"weight":1.0,"played":[1.0,0.0],"evs":[0.0,-0.90753]},"J8o":{"weight":1.0,"played":[1.0,0.0],"evs":[0.0,-1.08676]},"Q8o":{"weight":1.0,"played":[1.0,0.0],"evs":[0.0,-1.12286]},"K8o":{"weight":1.0,"played":[1.0,0.0],"evs":[0.0,-1.08282]},"A8o":{"weight":1.0,"played":[2.0E-4,0.9998],"evs":[0.0,0.05258]},"92s":{"weight":1.0,"played":[1.0,0.0],"evs":[0.0,-1.29754]},"93s":{"weight":1.0,"played":[1.0,0.0],"evs":[0.0,-1.22383]},"94s":{"weight":1.0,"played":[1.0,0.0],"evs":[0.0,-1.16107]},"95s":{"weight":1.0,"played":[1.0,0.0],"evs":[0.0,-0.87035]},"96s":{"weight":1.0,"played":[1.0,0.0],"evs":[0.0,-0.46829]},"97s":{"weight":1.0,"played":[1.0,0.0],"evs":[0.0,-0.35354]},"98s":{"weight":1.0,"played":[0.9956,0.0044],"evs":[0.0,-0.0741]},"99":{"weight":1.0,"played":[0.0,1.0],"evs":[0.0,3.14147]},"T9o":{"weight":1.0,"played":[1.0,0.0],"evs":[0.0,-0.65814]},"J9o":{"weight":1.0,"played":[1.0,0.0],"evs":[0.0,-0.82716]},"Q9o":{"weight":1.0,"played":[1.0,0.0],"evs":[0.0,-0.82837]},"K9o":{"weight":1.0,"played":[1.0,0.0],"evs":[0.0,-0.73637]},"A9o":{"weight":1.0,"played":[0.0,1.0],"evs":[0.0,0.51925]},"T2s":{"weight":1.0,"played":[1.0,0.0],"evs":[0.0,-1.21862]},"T3s":{"weight":1.0,"played":[1.0,0.0],"evs":[0.0,-1.18103]},"T4s":{"weight":1.0,"played":[1.0,0.0],"evs":[0.0,-1.04795]},"T5s":{"weight":1.0,"played":[1.0,0.0],"evs":[0.0,-1.03292]},"T6s":{"weight":1.0,"played":[1.0,0.0],"evs":[0.0,-0.67352]},"T7s":{"weight":1.0,"played":[1.0,0.0],"evs":[0.0,-0.46707]},"T8s":{"weight":1.0,"played":[1.0,0.0],"evs":[0.0,-0.18685]},"T9s":{"weight":1.0,"played":[0.0,1.0],"evs":[0.0,0.05192]},"TT":{"weight":1.0,"played":[0.0,1.0],"evs":[0.0,3.93547]},"JTo":{"weight":1.0,"played":[1.0,0.0],"evs":[0.0,-0.46324]},"QTo":{"weight":1.0,"played":[1.0,0.0],"evs":[0.0,-0.41298]},"KTo":{"weight":1.0,"played":[1.0,0.0],"evs":[0.0,-0.17212]},"ATo":{"weight":1.0,"played":[0.0,1.0],"evs":[0.0,1.35833]},"J2s":{"weight":1.0,"played":[1.0,0.0],"evs":[0.0,-1.16478]},"J3s":{"weight":1.0,"played":[1.0,0.0],"evs":[0.0,-1.11373]},"J4s":{"weight":1.0,"played":[1.0,0.0],"evs":[0.0,-1.00236]},"J5s":{"weight":1.0,"played":[1.0,0.0],"evs":[0.0,-0.91974]},"J6s":{"weight":1.0,"played":[1.0,0.0],"evs":[0.0,-0.8093]},"J7s":{"weight":1.0,"played":[1.0,0.0],"evs":[0.0,-0.67272]},"J8s":{"weight":1.0,"played":[1.0,0.0],"evs":[0.0,-0.3551]},"J9s":{"weight":1.0,"played":[0.9999,1.0E-4],"evs":[0.0,-0.12095]},"JTs":{"weight":1.0,"played":[0.0,1.0],"evs":[0.0,0.20816]},"JJ":{"weight":1.0,"played":[0.0,1.0],"evs":[0.0,4.81344]},"QJo":{"weight":1.0,"played":[1.0,0.0],"evs":[0.0,-0.15744]},"KJo":{"weight":1.0,"played":[0.0,1.0],"evs":[0.0,0.27228]},"AJo":{"weight":1.0,"played":[0.0,1.0],"evs":[0.0,1.99272]},"Q2s":{"weight":1.0,"played":[1.0,0.0],"evs":[0.0,-1.00708]},"Q3s":{"weight":1.0,"played":[1.0,0.0],"evs":[0.0,-0.96035]},"Q4s":{"weight":1.0,"played":[1.0,0.0],"evs":[0.0,-0.83649]},"Q5s":{"weight":1.0,"played":[1.0,0.0],"evs":[0.0,-0.74934]},"Q6s":{"weight":1.0,"played":[1.0,0.0],"evs":[0.0,-0.55855]},"Q7s":{"weight":1.0,"played":[1.0,0.0],"evs":[0.0,-0.68198]},"Q8s":{"weight":1.0,"played":[1.0,0.0],"evs":[0.0,-0.37373]},"Q9s":{"weight":1.0,"played":[0.9984,0.0016],"evs":[0.0,-0.08645]},"QTs":{"weight":1.0,"played":[0.0,1.0],"evs":[0.0,0.28543]},"QJs":{"weight":1.0,"played":[0.0,1.0],"evs":[0.0,0.52327]},"QQ":{"weight":1.0,"played":[0.0,1.0],"evs":[0.0,5.82097]},"KQo":{"weight":1.0,"played":[0.0,1.0],"evs":[0.0,0.77422]},"AQo":{"weight":1.0,"played":[0.0,1.0],"evs":[0.0,2.66449]},"K2s":{"weight":1.0,"played":[1.0,0.0],"evs":[0.0,-0.77569]},"K3s":{"weight":1.0,"played":[1.0,0.0],"evs":[0.0,-0.69732]},"K4s":{"weight":1.0,"played":[1.0,0.0],"evs":[0.0,-0.57591]},"K5s":{"weight":1.0,"played":[1.0,0.0],"evs":[0.0,-0.51708]},"K6s":{"weight":1.0,"played":[1.0,0.0],"evs":[0.0,-0.33699]},"K7s":{"weight":1.0,"played":[1.0,0.0],"evs":[0.0,-0.39108]},"K8s":{"weight":1.0,"played":[1.0,0.0],"evs":[0.0,-0.30459]},"K9s":{"weight":1.0,"played":[0.2261,0.7739],"evs":[0.0,-0.00177]},"KTs":{"weight":1.0,"played":[0.0,1.0],"evs":[0.0,0.50552]},"KJs":{"weight":1.0,"played":[0.0,1.0],"evs":[0.0,0.91739]},"KQs":{"weight":1.0,"played":[0.0,1.0],"evs":[0.0,1.41648]},"KK":{"weight":1.0,"played":[0.0,1.0],"evs":[0.0,6.98215]},"AKo":{"weight":1.0,"played":[0.0,1.0],"evs":[0.0,3.3115]},"A2s":{"weight":1.0,"played":[1.0,0.0],"evs":[0.0,-0.1337]},"A3s":{"weight":1.0,"played":[0.9959,0.0041],"evs":[0.0,-0.03695]},"A4s":{"weight":1.0,"played":[0.0,1.0],"evs":[0.0,0.10827]},"A5s":{"weight":1.0,"played":[0.0,1.0],"evs":[0.0,0.25933]},"A6s":{"weight":1.0,"played":[0.0,1.0],"evs":[0.0,0.19251]},"A7s":{"weight":1.0,"played":[0.0,1.0],"evs":[0.0,0.41342]},"A8s":{"weight":1.0,"played":[0.0,1.0],"evs":[0.0,0.77099]},"A9s":{"weight":1.0,"played":[0.0,1.0],"evs":[0.0,1.20277]},"ATs":{"weight":1.0,"played":[0.0,1.0],"evs":[0.0,2.00333]},"AJs":{"weight":1.0,"played":[0.0,1.0],"evs":[0.0,2.59629]},"AQs":{"weight":1.0,"played":[0.0,1.0],"evs":[0.0,3.19543]},"AKs":{"weight":1.0,"played":[0.0,1.0],"evs":[0.0,3.83028]},"AA":{"weight":1.0,"played":[0.0,1.0],"evs":[0.0,9.12843]}}}