{"player":4,"street":0,"children":2,"sequence":[{"player":0,"type":"F","amount":0,"street":0},{"player":1,"type":"R","amount":41950000,"street":0},{"player":2,"type":"F","amount":0,"street":0},{"player":3,"type":"C","amount":4130000,"street":0},{"player":4,"type":"C","amount":41950000,"street":0},{"player":5,"type":"F","amount":0,"street":0},{"player":6,"type":"R","amount":61485900,"street":0}],"actions":[{"type":"F","amount":0},{"type":"C","amount":19535900}],"hands":{"22":{"weight":0.0,"played":[0.0,1.0],"evs":[0.0,2.44132]},"32o":{"weight":0.0,"played":[0.0,1.0],"evs":[0.0,0.32673]},"42o":{"weight":0.0,"played":[0.0,1.0],"evs":[0.0,0.47206]},"52o":{"weight":0.0,"played":[0.0,1.0],"evs":[0.0,0.5549]},"62o":{"weight":0.0,"played":[3.0E-4,0.9997],"evs":[0.0,0.22925]},"72o":{"weight":0.0,"played":[1.0,0.0],"evs":[0.0,-0.25066]},"82o":{"weight":0.0,"played":[1.0,0.0],"evs":[0.0,-0.17186]},"92o":{"weight":0.0,"played":[1.0,0.0],"evs":[0.0,-0.26504]},"T2o":{"weight":0.0,"played":[0.0586,0.9414],"evs":[0.0,0.02671]},"J2o":{"weight":0.0,"played":[0.0,1.0],"evs":[0.0,0.35367]},"Q2o":{"weight":0.0,"played":[0.0,1.0],"evs":[0.0,0.70337]},"K2o":{"weight":0.0,"played":[0.0,1.0],"evs":[0.0,0.46697]},"A2o":{"weight":0.0,"played":[0.0,1.0],"evs":[0.0,1.14366]},"32s":{"weight":0.0,"played":[0.0,1.0],"evs":[0.0,1.45929]},"33":{"weight":0.0,"played":[0.0,1.0],"evs":[0.0,2.5982]},"43o":{"weight":0.0,"played":[0.0,1.0],"evs":[0.0,0.92865]},"53o":{"weight":0.0,"played":[0.0,1.0],"evs":[0.0,1.01719]},"63o":{"weight":0.0,"played":[0.0,1.0],"evs":[0.0,0.68425]},"73o":{"weight":0.0,"played":[0.0058,0.9942],"evs":[0.0,0.20229]},"83o":{"weight":0.0,"played":[0.9999,1.0E-4],"evs":[0.0,-0.24318]},"93o":{"weight":0.0,"played":[0.9993,7.0E-4],"evs":[0.0,-0.15504]},"T3o":{"weight":0.0,"played":[0.0573,0.9427],"evs":[0.0,0.13585]},"J3o":{"weight":0.0,"played":[0.0,1.0],"evs":[0.0,0.47649]},"Q3o":{"weight":0.0,"played":[0.0,1.0],"evs":[0.0,0.8153]},"K3o":{"weight":0.0,"played":[0.0,1.0],"evs":[0.0,0.56996]},"A3o":{"weight":0.0,"played":[0.0,1.0],"evs":[0.0,1.27291]},"42s":{"weight":0.0,"played":[0.0,1.0],"evs":[0.0,1.62661]},"43s":{"weight":0.0,"played":[0.0,1.0],"evs":[0.0,2.02369]},"44":{"weight":0.0,"played":[0.0,1.0],"evs":[0.0,2.75272]},"54o":{"weight":0.0,"played":[0.0,1.0],"evs":[0.0,1.51571]},"64o":{"weight":0.0,"played":[0.0,1.0],"evs":[0.0,1.12828]},"74o":{"weight":0.0,"played":[0.0,1.0],"evs":[0.0,0.66162]},"84o":{"weight":0.0,"played":[4.0E-4,0.9996],"evs":[0.0,0.27412]},"94o":{"weight":0.0,"played":[1.0,0.0],"evs":[0.0,-0.1783]},"T4o":{"weight":0.0,"played":[3.0E-4,0.9997],"evs":[0.0,0.24914]},"J4o":{"weight":0.0,"played":[0.0,1.0],"evs":[0.0,0.60567]},"Q4o":{"weight":0.0,"played":[0.0,1.0],"evs":[0.0,0.90409]},"K4o":{"weight":0.0,"played":[0.0,1.0],"evs":[0.0,0.69844]},"A4o":{"weight":0.0,"played":[0.0,1.0],"evs":[0.0,1.37914]},"52s":{"weight":0.0,"played":[0.0,1.0],"evs":[0.0,1.73044]},"53s":{"weight":0.0,"played":[0.0,1.0],"evs":[0.0,2.09028]},"54s":{"weight":0.0,"played":[0.0,1.0],"evs":[0.0,2.58577]},"55":{"weight":0.1945,"played":[0.0,1.0],"evs":[0.0,2.86078]},"65o":{"weight":0.0,"played":[0.0,1.0],"evs":[0.0,1.57367]},"75o":{"weight":0.0,"played":[0.0,1.0],"evs":[0.0,1.06418]},"85o":{"weight":0.0,"played":[0.0,1.0],"evs":[0.0,0.66396]},"95o":{"weight":0.0,"played":[3.0E-4,0.9997],"evs":[0.0,0.29102]},"T5o":{"weight":0.0,"played":[0.0019,0.9981],"evs":[0.0,0.23233]},"J5o":{"weight":0.0,"played":[0.0,1.0],"evs":[0.0,0.67959]},"Q5o":{"weight":0.0,"played":[0.0,1.0],"evs":[0.0,0.96349]},"K5o":{"weight":0.0,"played":[0.0,1.0],"evs":[0.0,0.83538]},"A5o":{"weight":0.0,"played":[0.0,1.0],"evs":[0.0,1.49721]},"62s":{"weight":0.0,"played":[0.0,1.0],"evs":[0.0,1.34403]},"63s":{"weight":0.0,"played":[0.0,1.0],"evs":[0.0,1.77329]},"64s":{"weight":0.0,"played":[0.0,1.0],"evs":[0.0,2.19321]},"65s":{"weight":0.0,"played":[0.0,1.0],"evs":[0.0,2.54711]},"66":{"weight":0.362,"played":[0.0,1.0],"evs":[0.0,2.97975]},"76o":{"weight":0.0,"played":[0.0,1.0],"evs":[0.0,1.35557]},"86o":{"weight":0.0,"played":[0.0,1.0],"evs":[0.0,1.04552]},"96o":{"weight":0.0,"played":[0.0,1.0],"evs":[0.0,0.6793]},"T6o":{"weight":0.0,"played":[0.0,1.0],"evs":[0.0,0.67567]},"J6o":{"weight":0.0,"played":[0.0,1.0],"evs":[0.0,0.65496]},"Q6o":{"weight":0.0,"played":[0.0,1.0],"evs":[0.0,0.99984]},"K6o":{"weight":0.0,"played":[0.0,1.0],"evs":[0.0,0.93047]},"A6o":{"weight":0.0,"played":[0.0,1.0],"evs":[0.0,1.01692]},"72s":{"weight":0.0,"played":[0.0,1.0],"evs":[0.0,0.83875]},"73s":{"weight":0.0,"played":[0.0,1.0],"evs":[0.0,1.25603]},"74s":{"weight":0.0,"played":[0.0,1.0],"evs":[0.0,1.70136]},"75s":{"weight":0.0,"played":[0.0,1.0],"evs":[0.0,2.1244]},"76s":{"weight":0.0,"played":[0.0,1.0],"evs":[0.0,2.44633]},"77":{"weight":0.3392,"played":[0.0,1.0],"evs":[0.0,2.94408]},"87o":{"weight":0.0,"played":[0.0,1.0],"evs":[0.0,1.2194]},"97o":{"weight":0.0,"played":[0.0,1.0],"evs":[0.0,0.8568]},"T7o":{"weight":0.0,"played":[0.0,1.0],"evs":[0.0,0.91914]},"J7o":{"weight":0.0,"played":[0.0,1.0],"evs":[0.0,0.83021]},"Q7o":{"weight":0.0,"played":[0.0,1.0],"evs":[0.0,0.9197]},"K7o":{"weight":0.0,"played":[0.0,1.0],"evs":[0.0,0.80792]},"A7o":{"weight":0.0,"played":[0.0,1.0],"evs":[0.0,1.173]},"82s":{"weight":0.0,"played":[0.0,1.0],"evs":[0.0,1.00889]},"83s":{"weight":0.0,"played":[0.0,1.0],"evs":[0.0,0.98874]},"84s":{"weight":0.0,"played":[0.0,1.0],"evs":[0.0,1.38286]},"85s":{"weight":0.0,"played":[0.0,1.0],"evs":[0.0,1.74832]},"86s":{"weight":0.0,"played":[0.0,1.0],"evs":[0.0,2.02649]},"87s":{"weight":0.0,"played":[0.0,1.0],"evs":[0.0,2.26161]},"88":{"weight":0.4323,"played":[0.0,1.0],"evs":[0.0,3.01587]},"98o":{"weight":0.0,"played":[0.0,1.0],"evs":[0.0,1.03583]},"T8o":{"weight":0.0,"played":[0.0,1.0],"evs":[0.0,1.1294]},"J8o":{"weight":0.0,"played":[0.0,1.0],"evs":[0.0,1.16398]},"Q8o":{"weight":0.0,"played":[0.0,1.0],"evs":[0.0,1.16952]},"K8o":{"weight":0.0,"played":[0.0,1.0],"evs":[0.0,0.79281]},"A8o":{"weight":0.0,"played":[0.0,1.0],"evs":[0.0,1.12899]},"92s":{"weight":0.0,"played":[0.0,1.0],"evs":[0.0,0.92015]},"93s":{"weight":0.0,"played":[0.0,1.0],"evs":[0.0,0.95453]},"94s":{"weight":0.0,"played":[0.0,1.0],"evs":[0.0,1.04199]},"95s":{"weight":0.0,"played":[0.0,1.0],"evs":[0.0,1.4339]},"96s":{"weight":0.0,"played":[0.0,1.0],"evs":[0.0,1.79338]},"97s":{"weight":0.0,"played":[0.0,1.0],"evs":[0.0,2.05686]},"98s":{"weight":0.0,"played":[0.0,1.0],"evs":[0.0,2.09321]},"99":{"weight":0.3237,"played":[0.0,1.0],"evs":[0.0,3.49104]},"T9o":{"weight":0.0,"played":[0.0,1.0],"evs":[0.0,1.33952]},"J9o":{"weight":0.0,"played":[0.0,1.0],"evs":[0.0,1.38519]},"Q9o":{"weight":0.0,"played":[0.0,1.0],"evs":[0.0,1.39505]},"K9o":{"weight":0.0,"played":[0.0,1.0],"evs":[0.0,0.78825]},"A9o":{"weight":0.8252,"played":[0.0,1.0],"evs":[0.0,1.10008]},"T2s":{"weight":0.0,"played":[0.0,1.0],"evs":[0.0,1.22688]},"T3s":{"weight":0.0,"played":[0.0,1.0],"evs":[0.0,1.39968]},"T4s":{"weight":0.0,"played":[0.0,1.0],"evs":[0.0,1.39896]},"T5s":{"weight":0.0,"played":[0.0,1.0],"evs":[0.0,1.32876]},"T6s":{"weight":0.0,"played":[0.0,1.0],"evs":[0.0,1.82998]},"T7s":{"weight":0.0,"played":[0.0,1.0],"evs":[0.0,2.00118]},"T8s":{"weight":0.0,"played":[0.0,1.0],"evs":[0.0,2.29347]},"T9s":{"weight":0.0,"played":[0.0,1.0],"evs":[0.0,2.43262]},"TT":{"weight":0.505,"played":[0.0,1.0],"evs":[0.0,5.26865]},"JTo":{"weight":0.0,"played":[0.0,1.0],"evs":[0.0,1.99169]},"QTo":{"weight":0.0,"played":[0.0,1.0],"evs":[0.0,2.00848]},"KTo":{"weight":0.0,"played":[0.0,1.0],"evs":[0.0,1.67552]},"ATo":{"weight":0.3569,"played":[0.0,1.0],"evs":[0.0,1.86217]},"J2s":{"weight":0.0,"played":[0.0,1.0],"evs":[0.0,1.5783]},"J3s":{"weight":0.0,"played":[0.0,1.0],"evs":[0.0,1.73607]},"J4s":{"weight":0.0,"played":[0.0,1.0],"evs":[0.0,1.70369]},"J5s":{"weight":0.0,"played":[0.0,1.0],"evs":[0.0,1.81751]},"J6s":{"weight":0.0,"played":[0.0,1.0],"evs":[0.0,1.77274]},"J7s":{"weight":0.0,"played":[0.0,1.0],"evs":[0.0,1.95012]},"J8s":{"weight":0.0,"played":[0.0,1.0],"evs":[0.0,2.2257]},"J9s":{"weight":0.0,"played":[0.0,1.0],"evs":[0.0,2.49908]},"JTs":{"weight":0.0,"played":[0.0,1.0],"evs":[0.0,3.11112]},"JJ":{"weight":0.4924,"played":[0.0,1.0],"evs":[0.0,7.29381]},"QJo":{"weight":0.0,"played":[0.0,1.0],"evs":[0.0,2.51331]},"KJo":{"weight":0.0,"played":[0.0,1.0],"evs":[0.0,2.16516]},"AJo":{"weight":0.393,"played":[0.0,1.0],"evs":[0.0,2.42668]},"Q2s":{"weight":0.0,"played":[0.0,1.0],"evs":[0.0,1.83252]},"Q3s":{"weight":0.0,"played":[0.0,1.0],"evs":[0.0,2.00615]},"Q4s":{"weight":0.0,"played":[0.0,1.0],"evs":[0.0,2.03473]},"Q5s":{"weight":0.0,"played":[0.0,1.0],"evs":[0.0,2.04021]},"Q6s":{"weight":0.0,"played":[0.0,1.0],"evs":[0.0,2.14973]},"Q7s":{"weight":0.0,"played":[0.0,1.0],"evs":[0.0,1.95608]},"Q8s":{"weight":0.0,"played":[0.0,1.0],"evs":[0.0,2.28882]},"Q9s":{"weight":0.0,"played":[0.0,1.0],"evs":[0.0,2.45903]},"QTs":{"weight":0.0,"played":[0.0,1.0],"evs":[0.0,3.18892]},"QJs":{"weight":0.0,"played":[0.0,1.0],"evs":[0.0,3.60843]},"QQ":{"weight":0.4546,"played":[0.0,1.0],"evs":[0.0,9.5267]},"KQo":{"weight":0.0,"played":[0.0,1.0],"evs":[0.0,2.61312]},"AQo":{"weight":0.6397,"played":[0.0,1.0],"evs":[0.0,3.16456]},"K2s":{"weight":0.0,"played":[0.0,1.0],"evs":[0.0,1.67363]},"K3s":{"weight":0.0,"played":[0.0,1.0],"evs":[0.0,1.77841]},"K4s":{"weight":0.0,"played":[0.0,1.0],"evs":[0.0,1.91236]},"K5s":{"weight":0.0,"played":[0.0,1.0],"evs":[0.0,2.02711]},"K6s":{"weight":0.0,"played":[0.0,1.0],"evs":[0.0,2.00957]},"K7s":{"weight":0.0,"played":[0.0,1.0],"evs":[0.0,1.92945]},"K8s":{"weight":0.0,"played":[0.0,1.0],"evs":[0.0,1.96194]},"K9s":{"weight":0.0,"played":[0.0,1.0],"evs":[0.0,2.04265]},"KTs":{"weight":0.0,"played":[0.0,1.0],"evs":[0.0,2.81925]},"KJs":{"weight":0.1704,"played":[0.0,1.0],"evs":[0.0,3.25162]},"KQs":{"weight":0.204,"played":[0.0,1.0],"evs":[0.0,3.67594]},"KK":{"weight":0.2181,"played":[0.0,1.0],"evs":[0.0,12.5965]},"AKo":{"weight":0.6554,"played":[0.0,1.0],"evs":[0.0,5.20724]},"A2s":{"weight":0.0,"played":[0.0,1.0],"evs":[0.0,2.28884]},"A3s":{"weight":0.0,"played":[0.0,1.0],"evs":[0.0,2.34513]},"A4s":{"weight":0.0,"played":[0.0,1.0],"evs":[0.0,2.59999]},"A5s":{"weight":0.0,"played":[0.0,1.0],"evs":[0.0,2.58038]},"A6s":{"weight":0.0,"played":[0.0,1.0],"evs":[0.0,2.28522]},"A7s":{"weight":0.0,"played":[0.0,1.0],"evs":[0.0,2.27739]},"A8s":{"weight":0.4445,"played":[0.0,1.0],"evs":[0.0,2.39616]},"A9s":{"weight":0.7031,"played":[0.0,1.0],"evs":[0.0,2.25536]},"ATs":{"weight":0.3892,"played":[0.0,1.0],"evs":[0.0,3.13528]},"AJs":{"weight":0.0995,"played":[0.0,1.0],"evs":[0.0,3.58238]},"AQs":{"weight":0.3874,"played":[0.0,1.0],"evs":[0.0,4.28233]},"AKs":{"weight":0.3255,"played":[0.0,1.0],"evs":[0.0,6.12971]},"AA":{"weight":0.728,"played":[0.0,1.0],"evs":[0.0,16.88688]}}}