{"player":5,"street":0,"children":2,"sequence":[{"player":0,"type":"F","amount":0,"street":0},{"player":1,"type":"R","amount":41950000,"street":0},{"player":2,"type":"F","amount":0,"street":0},{"player":3,"type":"C","amount":4130000,"street":0},{"player":4,"type":"R","amount":68379500,"street":0}],"actions":[{"type":"F","amount":0,"node":81},{"type":"C","amount":14516800,"node":82}],"hands":{"22":{"weight":1.0,"played":[1.0,0.0],"evs":[0.0,-1.56583]},"32o":{"weight":1.0,"played":[1.0,0.0],"evs":[0.0,-2.64794]},"42o":{"weight":1.0,"played":[1.0,0.0],"evs":[0.0,-2.56497]},"52o":{"weight":1.0,"played":[1.0,0.0],"evs":[0.0,-2.4991]},"62o":{"weight":1.0,"played":[1.0,0.0],"evs":[0.0,-2.61382]},"72o":{"weight":1.0,"played":[1.0,0.0],"evs":[0.0,-2.80164]},"82o":{"weight":1.0,"played":[1.0,0.0],"evs":[0.0,-2.69403]},"92o":{"weight":1.0,"played":[1.0,0.0],"evs":[0.0,-2.67574]},"T2o":{"weight":1.0,"played":[1.0,0.0],"evs":[0.0,-2.67574]},"J2o":{"weight":1.0,"played":[1.0,0.0],"evs":[0.0,-2.63037]},"Q2o":{"weight":1.0,"played":[1.0,0.0],"evs":[0.0,-2.42491]},"K2o":{"weight":1.0,"played":[1.0,0.0],"evs":[0.0,-2.35415]},"A2o":{"weight":1.0,"played":[1.0,0.0],"evs":[0.0,-2.46208]},"32s":{"weight":1.0,"played":[1.0,0.0],"evs":[0.0,-2.05064]},"33":{"weight":1.0,"played":[1.0,0.0],"evs":[0.0,-1.44301]},"43o":{"weight":1.0,"played":[1.0,0.0],"evs":[0.0,-2.34198]},"53o":{"weight":1.0,"played":[1.0,0.0],"evs":[0.0,-2.26199]},"63o":{"weight":1.0,"played":[1.0,0.0],"evs":[0.0,-2.38026]},"73o":{"weight":1.0,"played":[1.0,0.0],"evs":[0.0,-2.58459]},"83o":{"weight":1.0,"played":[1.0,0.0],"evs":[0.0,-2.70574]},"93o":{"weight":1.0,"played":[1.0,0.0],"evs":[0.0,-2.6167]},"T3o":{"weight":1.0,"played":[1.0,0.0],"evs":[0.0,-2.61855]},"J3o":{"weight":1.0,"played":[1.0,0.0],"evs":[0.0,-2.56684]},"Q3o":{"weight":1.0,"played":[1.0,0.0],"evs":[0.0,-2.37976]},"K3o":{"weight":1.0,"played":[1.0,0.0],"evs":[0.0,-2.27468]},"A3o":{"weight":1.0,"played":[1.0,0.0],"evs":[0.0,-2.38914]},"42s":{"weight":1.0,"played":[1.0,0.0],"evs":[0.0,-1.95908]},"43s":{"weight":1.0,"played":[1.0,0.0],"evs":[0.0,-1.77249]},"44":{"weight":1.0,"played":[1.0,0.0],"evs":[0.0,-1.32939]},"54o":{"weight":1.0,"played":[1.0,0.0],"evs":[0.0,-2.02433]},"64o":{"weight":1.0,"played":[1.0,0.0],"evs":[0.0,-2.13815]},"74o":{"weight":1.0,"played":[1.0,0.0],"evs":[0.0,-2.32752]},"84o":{"weight":1.0,"played":[1.0,0.0],"evs":[0.0,-2.45721]},"94o":{"weight":1.0,"played":[1.0,0.0],"evs":[0.0,-2.59984]},"T4o":{"weight":1.0,"played":[1.0,0.0],"evs":[0.0,-2.55276]},"J4o":{"weight":1.0,"played":[1.0,0.0],"evs":[0.0,-2.49532]},"Q4o":{"weight":1.0,"played":[1.0,0.0],"evs":[0.0,-2.31661]},"K4o":{"weight":1.0,"played":[1.0,0.0],"evs":[0.0,-2.21667]},"A4o":{"weight":1.0,"played":[1.0,0.0],"evs":[0.0,-2.31997]},"52s":{"weight":1.0,"played":[1.0,0.0],"evs":[0.0,-1.89317]},"53s":{"weight":1.0,"played":[1.0,0.0],"evs":[0.0,-1.68323]},"54s":{"weight":1.0,"played":[1.0,0.0],"evs":[0.0,-1.4582]},"55":{"weight":1.0,"played":[1.0,0.0],"evs":[0.0,-1.12412]},"65o":{"weight":1.0,"played":[1.0,0.0],"evs":[0.0,-1.91973]},"75o":{"weight":1.0,"played":[1.0,0.0],"evs":[0.0,-2.11683]},"85o":{"weight":1.0,"played":[1.0,0.0],"evs":[0.0,-2.24206]},"95o":{"weight":1.0,"played":[1.0,0.0],"evs":[0.0,-2.37545]},"T5o":{"weight":1.0,"played":[1.0,0.0],"evs":[0.0,-2.53647]},"J5o":{"weight":1.0,"played":[1.0,0.0],"evs":[0.0,-2.45299]},"Q5o":{"weight":1.0,"played":[1.0,0.0],"evs":[0.0,-2.27164]},"K5o":{"weight":1.0,"played":[1.0,0.0],"evs":[0.0,-2.17103]},"A5o":{"weight":1.0,"played":[1.0,0.0],"evs":[0.0,-2.2219]},"62s":{"weight":1.0,"played":[1.0,0.0],"evs":[0.0,-2.02599]},"63s":{"weight":1.0,"played":[1.0,0.0],"evs":[0.0,-1.77775]},"64s":{"weight":1.0,"played":[1.0,0.0],"evs":[0.0,-1.56679]},"65s":{"weight":1.0,"played":[1.0,0.0],"evs":[0.0,-1.36196]},"66":{"weight":1.0,"played":[1.0,0.0],"evs":[0.0,-0.7868]},"76o":{"weight":1.0,"played":[1.0,0.0],"evs":[0.0,-1.87445]},"86o":{"weight":1.0,"played":[1.0,0.0],"evs":[0.0,-1.981]},"96o":{"weight":1.0,"played":[1.0,0.0],"evs":[0.0,-2.1227]},"T6o":{"weight":1.0,"played":[1.0,0.0],"evs":[0.0,-2.27115]},"J6o":{"weight":1.0,"played":[1.0,0.0],"evs":[0.0,-2.37625]},"Q6o":{"weight":1.0,"played":[1.0,0.0],"evs":[0.0,-2.1267]},"K6o":{"weight":1.0,"played":[1.0,0.0],"evs":[0.0,-2.04957]},"A6o":{"weight":1.0,"played":[1.0,0.0],"evs":[0.0,-2.3634]},"72s":{"weight":1.0,"played":[1.0,0.0],"evs":[0.0,-2.18371]},"73s":{"weight":1.0,"played":[1.0,0.0],"evs":[0.0,-1.95472]},"74s":{"weight":1.0,"played":[1.0,0.0],"evs":[0.0,-1.7543]},"75s":{"weight":1.0,"played":[1.0,0.0],"evs":[0.0,-1.53369]},"76s":{"weight":1.0,"played":[1.0,0.0],"evs":[0.0,-1.29329]},"77":{"weight":1.0,"played":[1.0,0.0],"evs":[0.0,-0.53805]},"87o":{"weight":1.0,"played":[1.0,0.0],"evs":[0.0,-1.8182]},"97o":{"weight":1.0,"played":[1.0,0.0],"evs":[0.0,-1.92284]},"T7o":{"weight":1.0,"played":[1.0,0.0],"evs":[0.0,-2.07088]},"J7o":{"weight":1.0,"played":[1.0,0.0],"evs":[0.0,-2.2059]},"Q7o":{"weight":1.0,"played":[1.0,0.0],"evs":[0.0,-2.1533]},"K7o":{"weight":1.0,"played":[1.0,0.0],"evs":[0.0,-2.00159]},"A7o":{"weight":1.0,"played":[1.0,0.0],"evs":[0.0,-2.26654]},"82s":{"weight":1.0,"played":[1.0,0.0],"evs":[0.0,-2.07531]},"83s":{"weight":1.0,"played":[1.0,0.0],"evs":[0.0,-2.07935]},"84s":{"weight":1.0,"played":[1.0,0.0],"evs":[0.0,-1.8472]},"85s":{"weight":1.0,"played":[1.0,0.0],"evs":[0.0,-1.65632]},"86s":{"weight":1.0,"played":[1.0,0.0],"evs":[0.0,-1.43604]},"87s":{"weight":1.0,"played":[1.0,0.0],"evs":[0.0,-1.2816]},"88":{"weight":1.0,"played":[0.9982,0.0018],"evs":[0.0,-0.1863]},"98o":{"weight":1.0,"played":[1.0,0.0],"evs":[0.0,-1.75815]},"T8o":{"weight":1.0,"played":[1.0,0.0],"evs":[0.0,-1.85552]},"J8o":{"weight":1.0,"played":[1.0,0.0],"evs":[0.0,-1.9598]},"Q8o":{"weight":1.0,"played":[1.0,0.0],"evs":[0.0,-1.93372]},"K8o":{"weight":1.0,"played":[1.0,0.0],"evs":[0.0,-1.96537]},"A8o":{"weight":1.0,"played":[1.0,0.0],"evs":[0.0,-2.08404]},"92s":{"weight":1.0,"played":[1.0,0.0],"evs":[0.0,-2.05378]},"93s":{"weight":1.0,"played":[1.0,0.0],"evs":[0.0,-2.00385]},"94s":{"weight":1.0,"played":[1.0,0.0],"evs":[0.0,-2.0019]},"95s":{"weight":1.0,"played":[1.0,0.0],"evs":[0.0,-1.81107]},"96s":{"weight":1.0,"played":[1.0,0.0],"evs":[0.0,-1.53337]},"97s":{"weight":1.0,"played":[1.0,0.0],"evs":[0.0,-1.37348]},"98s":{"weight":1.0,"played":[1.0,0.0],"evs":[0.0,-1.2039]},"99":{"weight":1.0,"played":[0.0,1.0],"evs":[0.0,0.29677]},"T9o":{"weight":1.0,"played":[1.0,0.0],"evs":[0.0,-1.64547]},"J9o":{"weight":1.0,"played":[1.0,0.0],"evs":[0.0,-1.76054]},"Q9o":{"weight":1.0,"played":[1.0,0.0],"evs":[0.0,-1.70909]},"K9o":{"weight":1.0,"played":[1.0,0.0],"evs":[0.0,-1.75162]},"A9o":{"weight":1.0,"played":[1.0,0.0],"evs":[0.0,-1.88355]},"T2s":{"weight":1.0,"played":[1.0,0.0],"evs":[0.0,-2.06375]},"T3s":{"weight":1.0,"played":[1.0,0.0],"evs":[0.0,-1.97824]},"T4s":{"weight":1.0,"played":[1.0,0.0],"evs":[0.0,-1.95075]},"T5s":{"weight":1.0,"played":[1.0,0.0],"evs":[0.0,-1.94883]},"T6s":{"weight":1.0,"played":[1.0,0.0],"evs":[0.0,-1.68332]},"T7s":{"weight":1.0,"played":[1.0,0.0],"evs":[0.0,-1.49902]},"T8s":{"weight":1.0,"played":[1.0,0.0],"evs":[0.0,-1.27635]},"T9s":{"weight":1.0,"played":[1.0,0.0],"evs":[0.0,-1.07877]},"TT":{"weight":1.0,"played":[0.0,1.0],"evs":[0.0,0.89092]},"JTo":{"weight":1.0,"played":[1.0,0.0],"evs":[0.0,-1.53307]},"QTo":{"weight":1.0,"played":[1.0,0.0],"evs":[0.0,-1.47486]},"KTo":{"weight":1.0,"played":[1.0,0.0],"evs":[0.0,-1.46468]},"ATo":{"weight":1.0,"played":[1.0,0.0],"evs":[0.0,-1.3565]},"J2s":{"weight":1.0,"played":[1.0,0.0],"evs":[0.0,-1.9964]},"J3s":{"weight":1.0,"played":[1.0,0.0],"evs":[0.0,-1.94351]},"J4s":{"weight":1.0,"played":[1.0,0.0],"evs":[0.0,-1.87921]},"J5s":{"weight":1.0,"played":[1.0,0.0],"evs":[0.0,-1.86055]},"J6s":{"weight":1.0,"played":[1.0,0.0],"evs":[0.0,-1.75404]},"J7s":{"weight":1.0,"played":[1.0,0.0],"evs":[0.0,-1.587]},"J8s":{"weight":1.0,"played":[1.0,0.0],"evs":[0.0,-1.39945]},"J9s":{"weight":1.0,"played":[1.0,0.0],"evs":[0.0,-1.17015]},"JTs":{"weight":1.0,"played":[1.0,0.0],"evs":[0.0,-0.97363]},"JJ":{"weight":1.0,"played":[0.0,1.0],"evs":[0.0,1.6902]},"QJo":{"weight":1.0,"played":[1.0,0.0],"evs":[0.0,-1.34417]},"KJo":{"weight":1.0,"played":[1.0,0.0],"evs":[0.0,-1.24872]},"AJo":{"weight":1.0,"played":[1.0,0.0],"evs":[0.0,-0.80219]},"Q2s":{"weight":1.0,"played":[1.0,0.0],"evs":[0.0,-1.82375]},"Q3s":{"weight":1.0,"played":[1.0,0.0],"evs":[0.0,-1.77942]},"Q4s":{"weight":1.0,"played":[1.0,0.0],"evs":[0.0,-1.68148]},"Q5s":{"weight":1.0,"played":[1.0,0.0],"evs":[0.0,-1.63582]},"Q6s":{"weight":1.0,"played":[1.0,0.0],"evs":[0.0,-1.55078]},"Q7s":{"weight":1.0,"played":[1.0,0.0],"evs":[0.0,-1.49358]},"Q8s":{"weight":1.0,"played":[1.0,0.0],"evs":[0.0,-1.34956]},"Q9s":{"weight":1.0,"played":[1.0,0.0],"evs":[0.0,-1.1169]},"QTs":{"weight":1.0,"played":[1.0,0.0],"evs":[0.0,-0.9364]},"QJs":{"weight":1.0,"played":[1.0,0.0],"evs":[0.0,-0.80969]},"QQ":{"weight":1.0,"played":[0.0,1.0],"evs":[0.0,2.64715]},"KQo":{"weight":1.0,"played":[1.0,0.0],"evs":[0.0,-0.8555]},"AQo":{"weight":1.0,"played":[1.0,0.0],"evs":[0.0,-0.19283]},"K2s":{"weight":1.0,"played":[1.0,0.0],"evs":[0.0,-1.71073]},"K3s":{"weight":1.0,"played":[1.0,0.0],"evs":[0.0,-1.64754]},"K4s":{"weight":1.0,"played":[1.0,0.0],"evs":[0.0,-1.60164]},"K5s":{"weight":1.0,"played":[1.0,0.0],"evs":[0.0,-1.52834]},"K6s":{"weight":1.0,"played":[1.0,0.0],"evs":[0.0,-1.44195]},"K7s":{"weight":1.0,"played":[1.0,0.0],"evs":[0.0,-1.40003]},"K8s":{"weight":1.0,"played":[1.0,0.0],"evs":[0.0,-1.36779]},"K9s":{"weight":1.0,"played":[1.0,0.0],"evs":[0.0,-1.15601]},"KTs":{"weight":1.0,"played":[1.0,0.0],"evs":[0.0,-0.89106]},"KJs":{"weight":1.0,"played":[1.0,0.0],"evs":[0.0,-0.68269]},"KQs":{"weight":1.0,"played":[1.0,0.0],"evs":[0.0,-0.33957]},"KK":{"weight":1.0,"played":[0.0,1.0],"evs":[0.0,3.89304]},"AKo":{"weight":1.0,"played":[0.0,1.0],"evs":[0.0,0.45691]},"A2s":{"weight":1.0,"played":[1.0,0.0],"evs":[0.0,-1.7798]},"A3s":{"weight":1.0,"played":[1.0,0.0],"evs":[0.0,-1.71994]},"A4s":{"weight":1.0,"played":[1.0,0.0],"evs":[0.0,-1.63186]},"A5s":{"weight":1.0,"played":[1.0,0.0],"evs":[0.0,-1.55657]},"A6s":{"weight":1.0,"played":[1.0,0.0],"evs":[0.0,-1.72405]},"A7s":{"weight":1.0,"played":[1.0,0.0],"evs":[0.0,-1.55257]},"A8s":{"weight":1.0,"played":[1.0,0.0],"evs":[0.0,-1.44623]},"A9s":{"weight":1.0,"played":[1.0,0.0],"evs":[0.0,-1.22819]},"ATs":{"weight":1.0,"played":[1.0,0.0],"evs":[0.0,-0.73839]},"AJs":{"weight":1.0,"played":[1.0,0.0],"evs":[0.0,-0.22516]},"AQs":{"weight":1.0,"played":[0.0,1.0],"evs":[0.0,0.3522]},"AKs":{"weight":1.0,"played":[0.0,1.0],"evs":[0.0,0.91016]},"AA":{"weight":1.0,"played":[0.0,1.0],"evs":[0.0,5.65511]}}}