{"player":3,"street":0,"children":2,"sequence":[{"player":0,"type":"F","amount":0,"street":0},{"player":1,"type":"R","amount":41950000,"street":0},{"player":2,"type":"C","amount":34350000,"street":0}],"actions":[{"type":"F","amount":0,"node":84},{"type":"C","amount":4130000,"node":96}],"hands":{"22":{"weight":1.0,"played":[1.0,0.0],"evs":[0.0,-0.43692]},"32o":{"weight":1.0,"played":[1.0,0.0],"evs":[0.0,-0.99833]},"42o":{"weight":1.0,"played":[1.0,0.0],"evs":[0.0,-0.95287]},"52o":{"weight":1.0,"played":[1.0,0.0],"evs":[0.0,-0.91382]},"62o":{"weight":1.0,"played":[1.0,0.0],"evs":[0.0,-0.98466]},"72o":{"weight":1.0,"played":[1.0,0.0],"evs":[0.0,-1.11047]},"82o":{"weight":1.0,"played":[1.0,0.0],"evs":[0.0,-1.06769]},"92o":{"weight":1.0,"played":[1.0,0.0],"evs":[0.0,-1.08412]},"T2o":{"weight":1.0,"played":[1.0,0.0],"evs":[0.0,-1.09033]},"J2o":{"weight":1.0,"played":[1.0,0.0],"evs":[0.0,-1.0664]},"Q2o":{"weight":1.0,"played":[1.0,0.0],"evs":[0.0,-1.10404]},"K2o":{"weight":1.0,"played":[1.0,0.0],"evs":[0.0,-0.97216]},"A2o":{"weight":1.0,"played":[1.0,0.0],"evs":[0.0,-1.0504]},"32s":{"weight":1.0,"played":[1.0,0.0],"evs":[0.0,-0.68201]},"33":{"weight":1.0,"played":[1.0,0.0],"evs":[0.0,-0.37284]},"43o":{"weight":1.0,"played":[1.0,0.0],"evs":[0.0,-0.81798]},"53o":{"weight":1.0,"played":[1.0,0.0],"evs":[0.0,-0.78309]},"63o":{"weight":1.0,"played":[1.0,0.0],"evs":[0.0,-0.84897]},"73o":{"weight":1.0,"played":[1.0,0.0],"evs":[0.0,-0.9775]},"83o":{"weight":1.0,"played":[1.0,0.0],"evs":[0.0,-1.06309]},"93o":{"weight":1.0,"played":[1.0,0.0],"evs":[0.0,-1.05479]},"T3o":{"weight":1.0,"played":[1.0,0.0],"evs":[0.0,-1.04637]},"J3o":{"weight":1.0,"played":[1.0,0.0],"evs":[0.0,-1.03013]},"Q3o":{"weight":1.0,"played":[1.0,0.0],"evs":[0.0,-1.0602]},"K3o":{"weight":1.0,"played":[1.0,0.0],"evs":[0.0,-0.93883]},"A3o":{"weight":1.0,"played":[1.0,0.0],"evs":[0.0,-0.99758]},"42s":{"weight":1.0,"played":[1.0,0.0],"evs":[0.0,-0.63239]},"43s":{"weight":1.0,"played":[1.0,0.0],"evs":[0.0,-0.50383]},"44":{"weight":1.0,"played":[1.0,0.0],"evs":[0.0,-0.29835]},"54o":{"weight":1.0,"played":[1.0,0.0],"evs":[0.0,-0.6418]},"64o":{"weight":1.0,"played":[1.0,0.0],"evs":[0.0,-0.71015]},"74o":{"weight":1.0,"played":[1.0,0.0],"evs":[0.0,-0.8354]},"84o":{"weight":1.0,"played":[1.0,0.0],"evs":[0.0,-0.92345]},"94o":{"weight":1.0,"played":[1.0,0.0],"evs":[0.0,-1.0387]},"T4o":{"weight":1.0,"played":[1.0,0.0],"evs":[0.0,-1.01326]},"J4o":{"weight":1.0,"played":[1.0,0.0],"evs":[0.0,-0.9902]},"Q4o":{"weight":1.0,"played":[1.0,0.0],"evs":[0.0,-1.01751]},"K4o":{"weight":1.0,"played":[1.0,0.0],"evs":[0.0,-0.88917]},"A4o":{"weight":1.0,"played":[1.0,0.0],"evs":[0.0,-0.94431]},"52s":{"weight":1.0,"played":[1.0,0.0],"evs":[0.0,-0.605]},"53s":{"weight":1.0,"played":[1.0,0.0],"evs":[0.0,-0.48864]},"54s":{"weight":1.0,"played":[1.0,0.0],"evs":[0.0,-0.35635]},"55":{"weight":1.0,"played":[1.0,0.0],"evs":[0.0,-0.21881]},"65o":{"weight":1.0,"played":[1.0,0.0],"evs":[0.0,-0.59036]},"75o":{"weight":1.0,"played":[1.0,0.0],"evs":[0.0,-0.70909]},"85o":{"weight":1.0,"played":[1.0,0.0],"evs":[0.0,-0.80046]},"95o":{"weight":1.0,"played":[1.0,0.0],"evs":[0.0,-0.91666]},"T5o":{"weight":1.0,"played":[1.0,0.0],"evs":[0.0,-1.0112]},"J5o":{"weight":1.0,"played":[1.0,0.0],"evs":[0.0,-0.97006]},"Q5o":{"weight":1.0,"played":[1.0,0.0],"evs":[0.0,-0.9914]},"K5o":{"weight":1.0,"played":[1.0,0.0],"evs":[0.0,-0.85855]},"A5o":{"weight":1.0,"played":[1.0,0.0],"evs":[0.0,-0.90335]},"62s":{"weight":1.0,"played":[1.0,0.0],"evs":[0.0,-0.67076]},"63s":{"weight":1.0,"played":[1.0,0.0],"evs":[0.0,-0.54165]},"64s":{"weight":1.0,"played":[1.0,0.0],"evs":[0.0,-0.42314]},"65s":{"weight":1.0,"played":[1.0,0.0],"evs":[0.0,-0.30982]},"66":{"weight":1.0,"played":[1.0,0.0],"evs":[0.0,-0.13994]},"76o":{"weight":1.0,"played":[1.0,0.0],"evs":[0.0,-0.59571]},"86o":{"weight":1.0,"played":[1.0,0.0],"evs":[0.0,-0.67599]},"96o":{"weight":1.0,"played":[1.0,0.0],"evs":[0.0,-0.78123]},"T6o":{"weight":1.0,"played":[1.0,0.0],"evs":[0.0,-0.86144]},"J6o":{"weight":1.0,"played":[1.0,0.0],"evs":[0.0,-0.93059]},"Q6o":{"weight":1.0,"played":[1.0,0.0],"evs":[0.0,-0.94663]},"K6o":{"weight":1.0,"played":[1.0,0.0],"evs":[0.0,-0.81975]},"A6o":{"weight":1.0,"played":[1.0,0.0],"evs":[0.0,-0.99786]},"72s":{"weight":1.0,"played":[1.0,0.0],"evs":[0.0,-0.79797]},"73s":{"weight":1.0,"played":[1.0,0.0],"evs":[0.0,-0.665]},"74s":{"weight":1.0,"played":[1.0,0.0],"evs":[0.0,-0.53806]},"75s":{"weight":1.0,"played":[1.0,0.0],"evs":[0.0,-0.4103]},"76s":{"weight":1.0,"played":[1.0,0.0],"evs":[0.0,-0.31519]},"77":{"weight":1.0,"played":[1.0,0.0],"evs":[0.0,-0.12126]},"87o":{"weight":1.0,"played":[1.0,0.0],"evs":[0.0,-0.6202]},"97o":{"weight":1.0,"played":[1.0,0.0],"evs":[0.0,-0.73262]},"T7o":{"weight":1.0,"played":[1.0,0.0],"evs":[0.0,-0.78575]},"J7o":{"weight":1.0,"played":[1.0,0.0],"evs":[0.0,-0.87172]},"Q7o":{"weight":1.0,"played":[1.0,0.0],"evs":[0.0,-0.97805]},"K7o":{"weight":1.0,"played":[1.0,0.0],"evs":[0.0,-0.83767]},"A7o":{"weight":1.0,"played":[1.0,0.0],"evs":[0.0,-0.97208]},"82s":{"weight":1.0,"played":[1.0,0.0],"evs":[0.0,-0.74935]},"83s":{"weight":1.0,"played":[1.0,0.0],"evs":[0.0,-0.73883]},"84s":{"weight":1.0,"played":[1.0,0.0],"evs":[0.0,-0.61564]},"85s":{"weight":1.0,"played":[1.0,0.0],"evs":[0.0,-0.49006]},"86s":{"weight":1.0,"played":[1.0,0.0],"evs":[0.0,-0.37986]},"87s":{"weight":1.0,"played":[1.0,0.0],"evs":[0.0,-0.34383]},"88":{"weight":1.0,"played":[0.9997,3.0E-4],"evs":[0.0,-0.04594]},"98o":{"weight":1.0,"played":[1.0,0.0],"evs":[0.0,-0.67648]},"T8o":{"weight":1.0,"played":[1.0,0.0],"evs":[0.0,-0.70337]},"J8o":{"weight":1.0,"played":[1.0,0.0],"evs":[0.0,-0.77415]},"Q8o":{"weight":1.0,"played":[1.0,0.0],"evs":[0.0,-0.87641]},"K8o":{"weight":1.0,"played":[1.0,0.0],"evs":[0.0,-0.8313]},"A8o":{"weight":1.0,"played":[1.0,0.0],"evs":[0.0,-0.9332]},"92s":{"weight":1.0,"played":[1.0,0.0],"evs":[0.0,-0.77133]},"93s":{"weight":1.0,"played":[1.0,0.0],"evs":[0.0,-0.7464]},"94s":{"weight":1.0,"played":[1.0,0.0],"evs":[0.0,-0.71414]},"95s":{"weight":1.0,"played":[1.0,0.0],"evs":[0.0,-0.60869]},"96s":{"weight":1.0,"played":[1.0,0.0],"evs":[0.0,-0.48895]},"97s":{"weight":1.0,"played":[1.0,0.0],"evs":[0.0,-0.43725]},"98s":{"weight":1.0,"played":[1.0,0.0],"evs":[0.0,-0.38134]},"99":{"weight":1.0,"played":[0.1175,0.8825],"evs":[0.0,0.00593]},"T9o":{"weight":1.0,"played":[1.0,0.0],"evs":[0.0,-0.63226]},"J9o":{"weight":1.0,"played":[1.0,0.0],"evs":[0.0,-0.70982]},"Q9o":{"weight":1.0,"played":[1.0,0.0],"evs":[0.0,-0.82494]},"K9o":{"weight":1.0,"played":[1.0,0.0],"evs":[0.0,-0.77274]},"A9o":{"weight":1.0,"played":[1.0,0.0],"evs":[0.0,-0.93309]},"T2s":{"weight":1.0,"played":[1.0,0.0],"evs":[0.0,-0.76127]},"T3s":{"weight":1.0,"played":[1.0,0.0],"evs":[0.0,-0.74221]},"T4s":{"weight":1.0,"played":[1.0,0.0],"evs":[0.0,-0.68289]},"T5s":{"weight":1.0,"played":[1.0,0.0],"evs":[0.0,-0.68653]},"T6s":{"weight":1.0,"played":[1.0,0.0],"evs":[0.0,-0.55132]},"T7s":{"weight":1.0,"played":[1.0,0.0],"evs":[0.0,-0.48357]},"T8s":{"weight":1.0,"played":[1.0,0.0],"evs":[0.0,-0.39951]},"T9s":{"weight":1.0,"played":[1.0,0.0],"evs":[0.0,-0.34246]},"TT":{"weight":1.0,"played":[0.0,1.0],"evs":[0.0,0.2313]},"JTo":{"weight":1.0,"played":[1.0,0.0],"evs":[0.0,-0.60731]},"QTo":{"weight":1.0,"played":[1.0,0.0],"evs":[0.0,-0.69336]},"KTo":{"weight":1.0,"played":[1.0,0.0],"evs":[0.0,-0.63817]},"ATo":{"weight":1.0,"played":[1.0,0.0],"evs":[0.0,-0.83781]},"J2s":{"weight":1.0,"played":[1.0,0.0],"evs":[0.0,-0.73928]},"J3s":{"weight":1.0,"played":[1.0,0.0],"evs":[0.0,-0.69994]},"J4s":{"weight":1.0,"played":[1.0,0.0],"evs":[0.0,-0.66133]},"J5s":{"weight":1.0,"played":[1.0,0.0],"evs":[0.0,-0.64727]},"J6s":{"weight":1.0,"played":[1.0,0.0],"evs":[0.0,-0.61271]},"J7s":{"weight":1.0,"played":[1.0,0.0],"evs":[0.0,-0.55571]},"J8s":{"weight":1.0,"played":[1.0,0.0],"evs":[0.0,-0.46848]},"J9s":{"weight":1.0,"played":[1.0,0.0],"evs":[0.0,-0.40039]},"JTs":{"weight":1.0,"played":[1.0,0.0],"evs":[0.0,-0.30736]},"JJ":{"weight":1.0,"played":[0.0,1.0],"evs":[0.0,0.62999]},"QJo":{"weight":1.0,"played":[1.0,0.0],"evs":[0.0,-0.65222]},"KJo":{"weight":1.0,"played":[1.0,0.0],"evs":[0.0,-0.56789]},"AJo":{"weight":1.0,"played":[1.0,0.0],"evs":[0.0,-0.66996]},"Q2s":{"weight":1.0,"played":[1.0,0.0],"evs":[0.0,-0.76312]},"Q3s":{"weight":1.0,"played":[1.0,0.0],"evs":[0.0,-0.73319]},"Q4s":{"weight":1.0,"played":[1.0,0.0],"evs":[0.0,-0.68913]},"Q5s":{"weight":1.0,"played":[1.0,0.0],"evs":[0.0,-0.66311]},"Q6s":{"weight":1.0,"played":[1.0,0.0],"evs":[0.0,-0.618]},"Q7s":{"weight":1.0,"played":[1.0,0.0],"evs":[0.0,-0.64441]},"Q8s":{"weight":1.0,"played":[1.0,0.0],"evs":[0.0,-0.56404]},"Q9s":{"weight":1.0,"played":[1.0,0.0],"evs":[0.0,-0.51772]},"QTs":{"weight":1.0,"played":[1.0,0.0],"evs":[0.0,-0.40357]},"QJs":{"weight":1.0,"played":[1.0,0.0],"evs":[0.0,-0.34631]},"QQ":{"weight":1.0,"played":[0.0,1.0],"evs":[0.0,1.213]},"KQo":{"weight":1.0,"played":[1.0,0.0],"evs":[0.0,-0.59054]},"AQo":{"weight":1.0,"played":[1.0,0.0],"evs":[0.0,-0.28487]},"K2s":{"weight":1.0,"played":[1.0,0.0],"evs":[0.0,-0.64754]},"K3s":{"weight":1.0,"played":[1.0,0.0],"evs":[0.0,-0.60816]},"K4s":{"weight":1.0,"played":[1.0,0.0],"evs":[0.0,-0.56549]},"K5s":{"weight":1.0,"played":[1.0,0.0],"evs":[0.0,-0.53862]},"K6s":{"weight":1.0,"played":[1.0,0.0],"evs":[0.0,-0.4916]},"K7s":{"weight":1.0,"played":[1.0,0.0],"evs":[0.0,-0.52043]},"K8s":{"weight":1.0,"played":[1.0,0.0],"evs":[0.0,-0.49739]},"K9s":{"weight":1.0,"played":[1.0,0.0],"evs":[0.0,-0.4556]},"KTs":{"weight":1.0,"played":[1.0,0.0],"evs":[0.0,-0.333]},"KJs":{"weight":1.0,"played":[1.0,0.0],"evs":[0.0,-0.25413]},"KQs":{"weight":1.0,"played":[1.0,0.0],"evs":[0.0,-0.28805]},"KK":{"weight":1.0,"played":[0.0,1.0],"evs":[0.0,2.1245]},"AKo":{"weight":1.0,"played":[0.0,1.0],"evs":[0.0,0.4254]},"A2s":{"weight":1.0,"played":[1.0,0.0],"evs":[0.0,-0.69679]},"A3s":{"weight":1.0,"played":[1.0,0.0],"evs":[0.0,-0.65807]},"A4s":{"weight":1.0,"played":[1.0,0.0],"evs":[0.0,-0.61154]},"A5s":{"weight":1.0,"played":[1.0,0.0],"evs":[0.0,-0.57592]},"A6s":{"weight":1.0,"played":[1.0,0.0],"evs":[0.0,-0.64559]},"A7s":{"weight":1.0,"played":[1.0,0.0],"evs":[0.0,-0.63381]},"A8s":{"weight":1.0,"played":[1.0,0.0],"evs":[0.0,-0.59802]},"A9s":{"weight":1.0,"played":[1.0,0.0],"evs":[0.0,-0.58901]},"ATs":{"weight":1.0,"played":[1.0,0.0],"evs":[0.0,-0.49914]},"AJs":{"weight":1.0,"played":[1.0,0.0],"evs":[0.0,-0.32113]},"AQs":{"weight":1.0,"played":[0.0191,0.9809],"evs":[0.0,0.0279]},"AKs":{"weight":1.0,"played":[0.0,1.0],"evs":[0.0,0.68019]},"AA":{"weight":1.0,"played":[0.0,1.0],"evs":[0.0,3.44849]}}}