{"player":5,"street":0,"children":2,"sequence":[{"player":0,"type":"F","amount":0,"street":0},{"player":1,"type":"R","amount":41950000,"street":0},{"player":2,"type":"C","amount":34350000,"street":0},{"player":3,"type":"F","amount":0,"street":0},{"player":4,"type":"C","amount":41950000,"street":0}],"actions":[{"type":"F","amount":0,"node":89},{"type":"C","amount":14516800,"node":91}],"hands":{"22":{"weight":1.0,"played":[1.0,0.0],"evs":[0.0,-3.98453]},"32o":{"weight":1.0,"played":[1.0,0.0],"evs":[0.0,-4.58437]},"42o":{"weight":1.0,"played":[1.0,0.0],"evs":[0.0,-4.61939]},"52o":{"weight":1.0,"played":[1.0,0.0],"evs":[0.0,-4.58092]},"62o":{"weight":1.0,"played":[1.0,0.0],"evs":[0.0,-4.7]},"72o":{"weight":1.0,"played":[1.0,0.0],"evs":[0.0,-4.95198]},"82o":{"weight":1.0,"played":[1.0,0.0],"evs":[0.0,-4.98226]},"92o":{"weight":1.0,"played":[1.0,0.0],"evs":[0.0,-4.92347]},"T2o":{"weight":1.0,"played":[1.0,0.0],"evs":[0.0,-4.95414]},"J2o":{"weight":1.0,"played":[1.0,0.0],"evs":[0.0,-5.03689]},"Q2o":{"weight":1.0,"played":[1.0,0.0],"evs":[0.0,-5.05375]},"K2o":{"weight":1.0,"played":[1.0,0.0],"evs":[0.0,-4.97897]},"A2o":{"weight":1.0,"played":[1.0,0.0],"evs":[0.0,-5.05268]},"32s":{"weight":1.0,"played":[1.0,0.0],"evs":[0.0,-3.79024]},"33":{"weight":1.0,"played":[1.0,0.0],"evs":[0.0,-3.84143]},"43o":{"weight":1.0,"played":[1.0,0.0],"evs":[0.0,-4.2245]},"53o":{"weight":1.0,"played":[1.0,0.0],"evs":[0.0,-4.11975]},"63o":{"weight":1.0,"played":[1.0,0.0],"evs":[0.0,-4.38989]},"73o":{"weight":1.0,"played":[1.0,0.0],"evs":[0.0,-4.75433]},"83o":{"weight":1.0,"played":[1.0,0.0],"evs":[0.0,-4.97503]},"93o":{"weight":1.0,"played":[1.0,0.0],"evs":[0.0,-4.93115]},"T3o":{"weight":1.0,"played":[1.0,0.0],"evs":[0.0,-4.87032]},"J3o":{"weight":1.0,"played":[1.0,0.0],"evs":[0.0,-4.85517]},"Q3o":{"weight":1.0,"played":[1.0,0.0],"evs":[0.0,-4.88088]},"K3o":{"weight":1.0,"played":[1.0,0.0],"evs":[0.0,-4.95602]},"A3o":{"weight":1.0,"played":[1.0,0.0],"evs":[0.0,-4.90976]},"42s":{"weight":1.0,"played":[1.0,0.0],"evs":[0.0,-4.03671]},"43s":{"weight":1.0,"played":[1.0,0.0],"evs":[0.0,-3.60949]},"44":{"weight":1.0,"played":[1.0,0.0],"evs":[0.0,-3.79994]},"54o":{"weight":1.0,"played":[1.0,0.0],"evs":[0.0,-3.96709]},"64o":{"weight":1.0,"played":[1.0,0.0],"evs":[0.0,-4.09694]},"74o":{"weight":1.0,"played":[1.0,0.0],"evs":[0.0,-4.42557]},"84o":{"weight":1.0,"played":[1.0,0.0],"evs":[0.0,-4.70616]},"94o":{"weight":1.0,"played":[1.0,0.0],"evs":[0.0,-4.86123]},"T4o":{"weight":1.0,"played":[1.0,0.0],"evs":[0.0,-4.75178]},"J4o":{"weight":1.0,"played":[1.0,0.0],"evs":[0.0,-4.82958]},"Q4o":{"weight":1.0,"played":[1.0,0.0],"evs":[0.0,-4.82985]},"K4o":{"weight":1.0,"played":[1.0,0.0],"evs":[0.0,-4.83356]},"A4o":{"weight":1.0,"played":[1.0,0.0],"evs":[0.0,-4.82197]},"52s":{"weight":1.0,"played":[1.0,0.0],"evs":[0.0,-3.89369]},"53s":{"weight":1.0,"played":[1.0,0.0],"evs":[0.0,-3.74356]},"54s":{"weight":1.0,"played":[1.0,0.0],"evs":[0.0,-3.28228]},"55":{"weight":1.0,"played":[1.0,0.0],"evs":[0.0,-3.66602]},"65o":{"weight":1.0,"played":[1.0,0.0],"evs":[0.0,-3.91614]},"75o":{"weight":1.0,"played":[1.0,0.0],"evs":[0.0,-4.12536]},"85o":{"weight":1.0,"played":[1.0,0.0],"evs":[0.0,-4.45007]},"95o":{"weight":1.0,"played":[1.0,0.0],"evs":[0.0,-4.64002]},"T5o":{"weight":1.0,"played":[1.0,0.0],"evs":[0.0,-4.84589]},"J5o":{"weight":1.0,"played":[1.0,0.0],"evs":[0.0,-4.75592]},"Q5o":{"weight":1.0,"played":[1.0,0.0],"evs":[0.0,-4.72514]},"K5o":{"weight":1.0,"played":[1.0,0.0],"evs":[0.0,-4.81661]},"A5o":{"weight":1.0,"played":[1.0,0.0],"evs":[0.0,-4.6599]},"62s":{"weight":1.0,"played":[1.0,0.0],"evs":[0.0,-3.96861]},"63s":{"weight":1.0,"played":[1.0,0.0],"evs":[0.0,-3.69591]},"64s":{"weight":1.0,"played":[1.0,0.0],"evs":[0.0,-3.34202]},"65s":{"weight":1.0,"played":[1.0,0.0],"evs":[0.0,-3.11692]},"66":{"weight":1.0,"played":[1.0,0.0],"evs":[0.0,-3.49423]},"76o":{"weight":1.0,"played":[1.0,0.0],"evs":[0.0,-3.89967]},"86o":{"weight":1.0,"played":[1.0,0.0],"evs":[0.0,-4.10745]},"96o":{"weight":1.0,"played":[1.0,0.0],"evs":[0.0,-4.3624]},"T6o":{"weight":1.0,"played":[1.0,0.0],"evs":[0.0,-4.58864]},"J6o":{"weight":1.0,"played":[1.0,0.0],"evs":[0.0,-4.78607]},"Q6o":{"weight":1.0,"played":[1.0,0.0],"evs":[0.0,-4.71206]},"K6o":{"weight":1.0,"played":[1.0,0.0],"evs":[0.0,-4.77083]},"A6o":{"weight":1.0,"played":[1.0,0.0],"evs":[0.0,-5.07146]},"72s":{"weight":1.0,"played":[1.0,0.0],"evs":[0.0,-4.26744]},"73s":{"weight":1.0,"played":[1.0,0.0],"evs":[0.0,-3.83454]},"74s":{"weight":1.0,"played":[1.0,0.0],"evs":[0.0,-3.75166]},"75s":{"weight":1.0,"played":[1.0,0.0],"evs":[0.0,-3.45457]},"76s":{"weight":1.0,"played":[1.0,0.0],"evs":[0.0,-3.15812]},"77":{"weight":1.0,"played":[1.0,0.0],"evs":[0.0,-3.68971]},"87o":{"weight":1.0,"played":[1.0,0.0],"evs":[0.0,-4.04745]},"97o":{"weight":1.0,"played":[1.0,0.0],"evs":[0.0,-4.30091]},"T7o":{"weight":1.0,"played":[1.0,0.0],"evs":[0.0,-4.51723]},"J7o":{"weight":1.0,"played":[1.0,0.0],"evs":[0.0,-4.69455]},"Q7o":{"weight":1.0,"played":[1.0,0.0],"evs":[0.0,-4.82589]},"K7o":{"weight":1.0,"played":[1.0,0.0],"evs":[0.0,-4.83211]},"A7o":{"weight":1.0,"played":[1.0,0.0],"evs":[0.0,-4.98038]},"82s":{"weight":1.0,"played":[1.0,0.0],"evs":[0.0,-4.27885]},"83s":{"weight":1.0,"played":[1.0,0.0],"evs":[0.0,-4.11787]},"84s":{"weight":1.0,"played":[1.0,0.0],"evs":[0.0,-3.89118]},"85s":{"weight":1.0,"played":[1.0,0.0],"evs":[0.0,-3.76725]},"86s":{"weight":1.0,"played":[1.0,0.0],"evs":[0.0,-3.35409]},"87s":{"weight":1.0,"played":[1.0,0.0],"evs":[0.0,-3.43077]},"88":{"weight":1.0,"played":[1.0,0.0],"evs":[0.0,-3.39838]},"98o":{"weight":1.0,"played":[1.0,0.0],"evs":[0.0,-4.19315]},"T8o":{"weight":1.0,"played":[1.0,0.0],"evs":[0.0,-4.3395]},"J8o":{"weight":1.0,"played":[1.0,0.0],"evs":[0.0,-4.53392]},"Q8o":{"weight":1.0,"played":[1.0,0.0],"evs":[0.0,-4.7044]},"K8o":{"weight":1.0,"played":[1.0,0.0],"evs":[0.0,-4.7662]},"A8o":{"weight":1.0,"played":[1.0,0.0],"evs":[0.0,-5.16639]},"92s":{"weight":1.0,"played":[1.0,0.0],"evs":[0.0,-4.24339]},"93s":{"weight":1.0,"played":[1.0,0.0],"evs":[0.0,-4.33829]},"94s":{"weight":1.0,"played":[1.0,0.0],"evs":[0.0,-4.23015]},"95s":{"weight":1.0,"played":[1.0,0.0],"evs":[0.0,-3.99617]},"96s":{"weight":1.0,"played":[1.0,0.0],"evs":[0.0,-3.79873]},"97s":{"weight":1.0,"played":[1.0,0.0],"evs":[0.0,-3.65391]},"98s":{"weight":1.0,"played":[1.0,0.0],"evs":[0.0,-3.69899]},"99":{"weight":1.0,"played":[1.0,0.0],"evs":[0.0,-3.1576]},"T9o":{"weight":1.0,"played":[1.0,0.0],"evs":[0.0,-4.22495]},"J9o":{"weight":1.0,"played":[1.0,0.0],"evs":[0.0,-4.24105]},"Q9o":{"weight":1.0,"played":[1.0,0.0],"evs":[0.0,-4.48196]},"K9o":{"weight":1.0,"played":[1.0,0.0],"evs":[0.0,-4.77692]},"A9o":{"weight":1.0,"played":[1.0,0.0],"evs":[0.0,-4.99494]},"T2s":{"weight":1.0,"played":[1.0,0.0],"evs":[0.0,-4.35284]},"T3s":{"weight":1.0,"played":[1.0,0.0],"evs":[0.0,-4.25121]},"T4s":{"weight":1.0,"played":[1.0,0.0],"evs":[0.0,-4.10993]},"T5s":{"weight":1.0,"played":[1.0,0.0],"evs":[0.0,-4.29441]},"T6s":{"weight":1.0,"played":[1.0,0.0],"evs":[0.0,-3.84217]},"T7s":{"weight":1.0,"played":[1.0,0.0],"evs":[0.0,-3.73327]},"T8s":{"weight":1.0,"played":[1.0,0.0],"evs":[0.0,-3.5201]},"T9s":{"weight":1.0,"played":[1.0,0.0],"evs":[0.0,-3.61709]},"TT":{"weight":1.0,"played":[1.0,0.0],"evs":[0.0,-2.92]},"JTo":{"weight":1.0,"played":[1.0,0.0],"evs":[0.0,-4.15402]},"QTo":{"weight":1.0,"played":[1.0,0.0],"evs":[0.0,-4.28696]},"KTo":{"weight":1.0,"played":[1.0,0.0],"evs":[0.0,-4.49051]},"ATo":{"weight":1.0,"played":[1.0,0.0],"evs":[0.0,-4.82632]},"J2s":{"weight":1.0,"played":[1.0,0.0],"evs":[0.0,-4.09501]},"J3s":{"weight":1.0,"played":[1.0,0.0],"evs":[0.0,-4.35732]},"J4s":{"weight":1.0,"played":[1.0,0.0],"evs":[0.0,-4.19451]},"J5s":{"weight":1.0,"played":[1.0,0.0],"evs":[0.0,-4.03436]},"J6s":{"weight":1.0,"played":[1.0,0.0],"evs":[0.0,-4.03194]},"J7s":{"weight":1.0,"played":[1.0,0.0],"evs":[0.0,-3.84173]},"J8s":{"weight":1.0,"played":[1.0,0.0],"evs":[0.0,-3.95163]},"J9s":{"weight":1.0,"played":[1.0,0.0],"evs":[0.0,-3.89482]},"JTs":{"weight":1.0,"played":[1.0,0.0],"evs":[0.0,-3.36938]},"JJ":{"weight":1.0,"played":[1.0,0.0],"evs":[0.0,-2.04065]},"QJo":{"weight":1.0,"played":[1.0,0.0],"evs":[0.0,-4.26726]},"KJo":{"weight":1.0,"played":[1.0,0.0],"evs":[0.0,-4.2941]},"AJo":{"weight":1.0,"played":[1.0,0.0],"evs":[0.0,-4.7265]},"Q2s":{"weight":1.0,"played":[1.0,0.0],"evs":[0.0,-4.29772]},"Q3s":{"weight":1.0,"played":[1.0,0.0],"evs":[0.0,-4.09433]},"Q4s":{"weight":1.0,"played":[1.0,0.0],"evs":[0.0,-3.83785]},"Q5s":{"weight":1.0,"played":[1.0,0.0],"evs":[0.0,-4.01116]},"Q6s":{"weight":1.0,"played":[1.0,0.0],"evs":[0.0,-4.1161]},"Q7s":{"weight":1.0,"played":[1.0,0.0],"evs":[0.0,-4.06077]},"Q8s":{"weight":1.0,"played":[1.0,0.0],"evs":[0.0,-3.7946]},"Q9s":{"weight":1.0,"played":[1.0,0.0],"evs":[0.0,-3.87568]},"QTs":{"weight":1.0,"played":[1.0,0.0],"evs":[0.0,-3.71313]},"QJs":{"weight":1.0,"played":[1.0,0.0],"evs":[0.0,-3.45875]},"QQ":{"weight":1.0,"played":[1.0,0.0],"evs":[0.0,-0.80217]},"KQo":{"weight":1.0,"played":[1.0,0.0],"evs":[0.0,-4.32854]},"AQo":{"weight":1.0,"played":[1.0,0.0],"evs":[0.0,-4.16882]},"K2s":{"weight":1.0,"played":[1.0,0.0],"evs":[0.0,-4.26026]},"K3s":{"weight":1.0,"played":[1.0,0.0],"evs":[0.0,-4.20676]},"K4s":{"weight":1.0,"played":[1.0,0.0],"evs":[0.0,-4.19004]},"K5s":{"weight":1.0,"played":[1.0,0.0],"evs":[0.0,-4.10091]},"K6s":{"weight":1.0,"played":[1.0,0.0],"evs":[0.0,-4.20884]},"K7s":{"weight":1.0,"played":[1.0,0.0],"evs":[0.0,-4.06361]},"K8s":{"weight":1.0,"played":[1.0,0.0],"evs":[0.0,-4.0657]},"K9s":{"weight":1.0,"played":[1.0,0.0],"evs":[0.0,-4.00092]},"KTs":{"weight":1.0,"played":[1.0,0.0],"evs":[0.0,-3.60491]},"KJs":{"weight":1.0,"played":[1.0,0.0],"evs":[0.0,-3.5841]},"KQs":{"weight":1.0,"played":[1.0,0.0],"evs":[0.0,-3.51135]},"KK":{"weight":1.0,"played":[2.0E-4,0.9998],"evs":[0.0,1.38693]},"AKo":{"weight":1.0,"played":[1.0,0.0],"evs":[0.0,-3.02566]},"A2s":{"weight":1.0,"played":[1.0,0.0],"evs":[0.0,-4.21168]},"A3s":{"weight":1.0,"played":[1.0,0.0],"evs":[0.0,-4.36809]},"A4s":{"weight":1.0,"played":[1.0,0.0],"evs":[0.0,-4.03116]},"A5s":{"weight":1.0,"played":[1.0,0.0],"evs":[0.0,-4.05409]},"A6s":{"weight":1.0,"played":[1.0,0.0],"evs":[0.0,-4.04961]},"A7s":{"weight":1.0,"played":[1.0,0.0],"evs":[0.0,-4.43592]},"A8s":{"weight":1.0,"played":[1.0,0.0],"evs":[0.0,-4.40595]},"A9s":{"weight":1.0,"played":[1.0,0.0],"evs":[0.0,-4.01217]},"ATs":{"weight":1.0,"played":[1.0,0.0],"evs":[0.0,-3.99539]},"AJs":{"weight":1.0,"played":[1.0,0.0],"evs":[0.0,-3.64067]},"AQs":{"weight":1.0,"played":[1.0,0.0],"evs":[0.0,-3.55245]},"AKs":{"weight":1.0,"played":[1.0,0.0],"evs":[0.0,-2.08324]},"AA":{"weight":1.0,"played":[0.0,1.0],"evs":[0.0,3.94569]}}}