{"player":6,"street":0,"children":3,"sequence":[{"player":0,"type":"F","amount":0,"street":0},{"player":1,"type":"R","amount":41950000,"street":0},{"player":2,"type":"C","amount":34350000,"street":0},{"player":3,"type":"F","amount":0,"street":0},{"player":4,"type":"C","amount":41950000,"street":0},{"player":5,"type":"F","amount":0,"street":0}],"actions":[{"type":"F","amount":0},{"type":"C","amount":36950000},{"type":"R","amount":61485900,"node":90}],"hands":{"22":{"weight":1.0,"played":[1.0,0.0,0.0],"evs":[0.0,-3.26779,-5.78645]},"32o":{"weight":1.0,"played":[1.0,0.0,0.0],"evs":[0.0,-4.51978,-7.70196]},"42o":{"weight":1.0,"played":[1.0,0.0,0.0],"evs":[0.0,-4.45812,-7.66939]},"52o":{"weight":1.0,"played":[1.0,0.0,0.0],"evs":[0.0,-4.29926,-7.3079]},"62o":{"weight":1.0,"played":[1.0,0.0,0.0],"evs":[0.0,-4.51261,-7.79487]},"72o":{"weight":1.0,"played":[1.0,0.0,0.0],"evs":[0.0,-4.88765,-8.38902]},"82o":{"weight":1.0,"played":[1.0,0.0,0.0],"evs":[0.0,-4.88039,-8.3844]},"92o":{"weight":1.0,"played":[1.0,0.0,0.0],"evs":[0.0,-4.67338,-7.98398]},"T2o":{"weight":1.0,"played":[1.0,0.0,0.0],"evs":[0.0,-4.68948,-7.94459]},"J2o":{"weight":1.0,"played":[1.0,0.0,0.0],"evs":[0.0,-4.66195,-8.0186]},"Q2o":{"weight":1.0,"played":[1.0,0.0,0.0],"evs":[0.0,-4.37929,-7.56183]},"K2o":{"weight":1.0,"played":[1.0,0.0,0.0],"evs":[0.0,-4.48842,-7.81249]},"A2o":{"weight":1.0,"played":[1.0,0.0,0.0],"evs":[0.0,-4.36079,-7.53252]},"32s":{"weight":1.0,"played":[1.0,0.0,0.0],"evs":[0.0,-3.81052,-6.44541]},"33":{"weight":1.0,"played":[1.0,0.0,0.0],"evs":[0.0,-3.25249,-5.58999]},"43o":{"weight":1.0,"played":[1.0,0.0,0.0],"evs":[0.0,-4.21442,-7.07129]},"53o":{"weight":1.0,"played":[1.0,0.0,0.0],"evs":[0.0,-4.04589,-6.93929]},"63o":{"weight":1.0,"played":[1.0,0.0,0.0],"evs":[0.0,-4.29171,-7.23991]},"73o":{"weight":1.0,"played":[1.0,0.0,0.0],"evs":[0.0,-4.71732,-7.95149]},"83o":{"weight":1.0,"played":[1.0,0.0,0.0],"evs":[0.0,-4.82972,-8.34217]},"93o":{"weight":1.0,"played":[1.0,0.0,0.0],"evs":[0.0,-4.79139,-8.00574]},"T3o":{"weight":1.0,"played":[1.0,0.0,0.0],"evs":[0.0,-4.62738,-7.75523]},"J3o":{"weight":1.0,"played":[1.0,0.0,0.0],"evs":[0.0,-4.6177,-7.96533]},"Q3o":{"weight":1.0,"played":[1.0,0.0,0.0],"evs":[0.0,-4.35634,-7.52323]},"K3o":{"weight":1.0,"played":[1.0,0.0,0.0],"evs":[0.0,-4.34935,-7.65804]},"A3o":{"weight":1.0,"played":[1.0,0.0,0.0],"evs":[0.0,-4.49928,-7.66073]},"42s":{"weight":1.0,"played":[1.0,0.0,0.0],"evs":[0.0,-3.5631,-6.13082]},"43s":{"weight":1.0,"played":[1.0,0.0,0.0],"evs":[0.0,-3.10969,-5.64704]},"44":{"weight":1.0,"played":[1.0,0.0,0.0],"evs":[0.0,-3.13749,-5.25148]},"54o":{"weight":1.0,"played":[1.0,0.0,0.0],"evs":[0.0,-3.76348,-6.36391]},"64o":{"weight":1.0,"played":[1.0,0.0,0.0],"evs":[0.0,-3.98319,-6.72002]},"74o":{"weight":1.0,"played":[1.0,0.0,0.0],"evs":[0.0,-4.34694,-7.28343]},"84o":{"weight":1.0,"played":[1.0,0.0,0.0],"evs":[0.0,-4.6321,-7.71]},"94o":{"weight":1.0,"played":[1.0,0.0,0.0],"evs":[0.0,-4.83338,-7.88432]},"T4o":{"weight":1.0,"played":[1.0,0.0,0.0],"evs":[0.0,-4.65489,-7.70706]},"J4o":{"weight":1.0,"played":[1.0,0.0,0.0],"evs":[0.0,-4.50242,-7.68945]},"Q4o":{"weight":1.0,"played":[1.0,0.0,0.0],"evs":[0.0,-4.36132,-7.42406]},"K4o":{"weight":1.0,"played":[1.0,0.0,0.0],"evs":[0.0,-4.29358,-7.44556]},"A4o":{"weight":1.0,"played":[1.0,0.0,0.0],"evs":[0.0,-4.38752,-7.38827]},"52s":{"weight":1.0,"played":[1.0,0.0,0.0],"evs":[0.0,-3.61151,-6.20701]},"53s":{"weight":1.0,"played":[1.0,0.0,0.0],"evs":[0.0,-3.09889,-5.56217]},"54s":{"weight":1.0,"played":[1.0,0.0,0.0],"evs":[0.0,-2.88634,-5.07003]},"55":{"weight":1.0,"played":[1.0,0.0,0.0],"evs":[0.0,-3.08677,-5.27695]},"65o":{"weight":1.0,"played":[1.0,0.0,0.0],"evs":[0.0,-3.60095,-6.09102]},"75o":{"weight":1.0,"played":[1.0,0.0,0.0],"evs":[0.0,-4.15318,-6.85489]},"85o":{"weight":1.0,"played":[1.0,0.0,0.0],"evs":[0.0,-4.22038,-7.13408]},"95o":{"weight":1.0,"played":[1.0,0.0,0.0],"evs":[0.0,-4.42361,-7.37367]},"T5o":{"weight":1.0,"played":[1.0,0.0,0.0],"evs":[0.0,-4.62149,-7.63614]},"J5o":{"weight":1.0,"played":[1.0,0.0,0.0],"evs":[0.0,-4.51887,-7.55761]},"Q5o":{"weight":1.0,"played":[1.0,0.0,0.0],"evs":[0.0,-4.29513,-7.26723]},"K5o":{"weight":1.0,"played":[1.0,0.0,0.0],"evs":[0.0,-4.31921,-7.36674]},"A5o":{"weight":1.0,"played":[1.0,0.0,0.0],"evs":[0.0,-4.3107,-7.13694]},"62s":{"weight":1.0,"played":[1.0,0.0,0.0],"evs":[0.0,-3.85768,-6.70389]},"63s":{"weight":1.0,"played":[1.0,0.0,0.0],"evs":[0.0,-3.35067,-5.88684]},"64s":{"weight":1.0,"played":[1.0,0.0,0.0],"evs":[0.0,-3.15534,-5.4641]},"65s":{"weight":1.0,"played":[1.0,0.0,0.0],"evs":[0.0,-2.70056,-4.80585]},"66":{"weight":1.0,"played":[1.0,0.0,0.0],"evs":[0.0,-3.09284,-5.16526]},"76o":{"weight":1.0,"played":[1.0,0.0,0.0],"evs":[0.0,-3.87889,-6.50235]},"86o":{"weight":1.0,"played":[1.0,0.0,0.0],"evs":[0.0,-4.0992,-6.87414]},"96o":{"weight":1.0,"played":[1.0,0.0,0.0],"evs":[0.0,-4.33153,-7.01401]},"T6o":{"weight":1.0,"played":[1.0,0.0,0.0],"evs":[0.0,-4.40921,-7.22808]},"J6o":{"weight":1.0,"played":[1.0,0.0,0.0],"evs":[0.0,-4.42695,-7.57379]},"Q6o":{"weight":1.0,"played":[1.0,0.0,0.0],"evs":[0.0,-4.16975,-7.31079]},"K6o":{"weight":1.0,"played":[1.0,0.0,0.0],"evs":[0.0,-4.27598,-7.4425]},"A6o":{"weight":1.0,"played":[1.0,0.0,0.0],"evs":[0.0,-4.44833,-7.57569]},"72s":{"weight":1.0,"played":[1.0,0.0,0.0],"evs":[0.0,-4.13402,-7.21032]},"73s":{"weight":1.0,"played":[1.0,0.0,0.0],"evs":[0.0,-3.94171,-6.70895]},"74s":{"weight":1.0,"played":[1.0,0.0,0.0],"evs":[0.0,-3.49991,-6.04235]},"75s":{"weight":1.0,"played":[1.0,0.0,0.0],"evs":[0.0,-3.00962,-5.45566]},"76s":{"weight":1.0,"played":[1.0,0.0,0.0],"evs":[0.0,-2.89614,-5.14527]},"77":{"weight":1.0,"played":[1.0,0.0,0.0],"evs":[0.0,-2.93214,-5.16703]},"87o":{"weight":1.0,"played":[1.0,0.0,0.0],"evs":[0.0,-3.80384,-6.51191]},"97o":{"weight":1.0,"played":[1.0,0.0,0.0],"evs":[0.0,-4.06372,-6.69592]},"T7o":{"weight":1.0,"played":[1.0,0.0,0.0],"evs":[0.0,-4.23573,-6.92516]},"J7o":{"weight":1.0,"played":[1.0,0.0,0.0],"evs":[0.0,-4.42482,-7.50657]},"Q7o":{"weight":1.0,"played":[1.0,0.0,0.0],"evs":[0.0,-4.37047,-7.45436]},"K7o":{"weight":1.0,"played":[1.0,0.0,0.0],"evs":[0.0,-4.44647,-7.74013]},"A7o":{"weight":1.0,"played":[1.0,0.0,0.0],"evs":[0.0,-4.52612,-7.67864]},"82s":{"weight":1.0,"played":[1.0,0.0,0.0],"evs":[0.0,-3.97557,-6.97109]},"83s":{"weight":1.0,"played":[1.0,0.0,0.0],"evs":[0.0,-4.20806,-7.21118]},"84s":{"weight":1.0,"played":[1.0,0.0,0.0],"evs":[0.0,-4.10155,-6.69613]},"85s":{"weight":1.0,"played":[1.0,0.0,0.0],"evs":[0.0,-3.53541,-5.90434]},"86s":{"weight":1.0,"played":[1.0,0.0,0.0],"evs":[0.0,-3.1234,-5.46963]},"87s":{"weight":1.0,"played":[1.0,0.0,0.0],"evs":[0.0,-3.34536,-5.59285]},"88":{"weight":1.0,"played":[1.0,0.0,0.0],"evs":[0.0,-2.91833,-4.44917]},"98o":{"weight":1.0,"played":[1.0,0.0,0.0],"evs":[0.0,-4.12856,-6.69235]},"T8o":{"weight":1.0,"played":[1.0,0.0,0.0],"evs":[0.0,-4.03801,-6.67349]},"J8o":{"weight":1.0,"played":[1.0,0.0,0.0],"evs":[0.0,-4.24288,-7.07814]},"Q8o":{"weight":1.0,"played":[1.0,0.0,0.0],"evs":[0.0,-4.11756,-7.03633]},"K8o":{"weight":1.0,"played":[1.0,0.0,0.0],"evs":[0.0,-4.42417,-7.57241]},"A8o":{"weight":1.0,"played":[1.0,0.0,0.0],"evs":[0.0,-4.59251,-7.87772]},"92s":{"weight":1.0,"played":[1.0,0.0,0.0],"evs":[0.0,-3.87621,-6.53748]},"93s":{"weight":1.0,"played":[1.0,0.0,0.0],"evs":[0.0,-4.28023,-6.9969]},"94s":{"weight":1.0,"played":[1.0,0.0,0.0],"evs":[0.0,-3.93635,-6.55089]},"95s":{"weight":1.0,"played":[1.0,0.0,0.0],"evs":[0.0,-3.57644,-6.10633]},"96s":{"weight":1.0,"played":[1.0,0.0,0.0],"evs":[0.0,-3.67712,-5.93502]},"97s":{"weight":1.0,"played":[1.0,0.0,0.0],"evs":[0.0,-3.40035,-5.56263]},"98s":{"weight":1.0,"played":[1.0,0.0,0.0],"evs":[0.0,-3.29719,-5.35063]},"99":{"weight":1.0,"played":[1.0,0.0,0.0],"evs":[0.0,-2.44379,-3.08176]},"T9o":{"weight":1.0,"played":[1.0,0.0,0.0],"evs":[0.0,-3.93714,-6.28516]},"J9o":{"weight":1.0,"played":[1.0,0.0,0.0],"evs":[0.0,-3.8926,-6.40315]},"Q9o":{"weight":1.0,"played":[1.0,0.0,0.0],"evs":[0.0,-3.99215,-6.65721]},"K9o":{"weight":1.0,"played":[1.0,0.0,0.0],"evs":[0.0,-4.24309,-7.06286]},"A9o":{"weight":1.0,"played":[1.0,0.0,0.0],"evs":[0.0,-4.42634,-7.31131]},"T2s":{"weight":1.0,"played":[1.0,0.0,0.0],"evs":[0.0,-3.89462,-6.51731]},"T3s":{"weight":1.0,"played":[1.0,0.0,0.0],"evs":[0.0,-3.77084,-6.30256]},"T4s":{"weight":1.0,"played":[1.0,0.0,0.0],"evs":[0.0,-3.72602,-6.34086]},"T5s":{"weight":1.0,"played":[1.0,0.0,0.0],"evs":[0.0,-3.6644,-6.2785]},"T6s":{"weight":1.0,"played":[1.0,0.0,0.0],"evs":[0.0,-3.71379,-5.91877]},"T7s":{"weight":1.0,"played":[1.0,0.0,0.0],"evs":[0.0,-3.39846,-5.82391]},"T8s":{"weight":1.0,"played":[1.0,0.0,0.0],"evs":[0.0,-3.42334,-5.5362]},"T9s":{"weight":1.0,"played":[1.0,0.0,0.0],"evs":[0.0,-3.15794,-5.16476]},"TT":{"weight":1.0,"played":[1.0,0.0,0.0],"evs":[0.0,-1.88642,-2.15823]},"JTo":{"weight":1.0,"played":[1.0,0.0,0.0],"evs":[0.0,-3.76822,-6.07608]},"QTo":{"weight":1.0,"played":[1.0,0.0,0.0],"evs":[0.0,-3.60496,-5.96835]},"KTo":{"weight":1.0,"played":[1.0,0.0,0.0],"evs":[0.0,-3.88294,-6.48966]},"ATo":{"weight":1.0,"played":[1.0,0.0,0.0],"evs":[0.0,-4.03699,-6.77143]},"J2s":{"weight":1.0,"played":[1.0,0.0,0.0],"evs":[0.0,-3.73377,-6.62175]},"J3s":{"weight":1.0,"played":[1.0,0.0,0.0],"evs":[0.0,-3.60044,-6.32632]},"J4s":{"weight":1.0,"played":[1.0,0.0,0.0],"evs":[0.0,-3.86895,-6.34796]},"J5s":{"weight":1.0,"played":[1.0,0.0,0.0],"evs":[0.0,-3.8813,-6.45706]},"J6s":{"weight":1.0,"played":[1.0,0.0,0.0],"evs":[0.0,-3.59409,-6.09009]},"J7s":{"weight":1.0,"played":[1.0,0.0,0.0],"evs":[0.0,-3.57218,-5.88243]},"J8s":{"weight":1.0,"played":[1.0,0.0,0.0],"evs":[0.0,-3.59721,-5.95168]},"J9s":{"weight":1.0,"played":[1.0,0.0,0.0],"evs":[0.0,-2.93136,-4.78674]},"JTs":{"weight":1.0,"played":[1.0,0.0,0.0],"evs":[0.0,-2.75062,-4.60386]},"JJ":{"weight":1.0,"played":[0.2883,0.0121,0.6996],"evs":[0.0,-0.03261,0.11521]},"QJo":{"weight":1.0,"played":[1.0,0.0,0.0],"evs":[0.0,-3.39019,-5.80204]},"KJo":{"weight":1.0,"played":[1.0,0.0,0.0],"evs":[0.0,-3.48279,-6.05244]},"AJo":{"weight":1.0,"played":[1.0,0.0,0.0],"evs":[0.0,-3.85765,-6.5281]},"Q2s":{"weight":1.0,"played":[1.0,0.0,0.0],"evs":[0.0,-3.52345,-6.20932]},"Q3s":{"weight":1.0,"played":[1.0,0.0,0.0],"evs":[0.0,-3.63013,-6.29674]},"Q4s":{"weight":1.0,"played":[1.0,0.0,0.0],"evs":[0.0,-3.72067,-6.35954]},"Q5s":{"weight":1.0,"played":[1.0,0.0,0.0],"evs":[0.0,-3.53596,-6.02542]},"Q6s":{"weight":1.0,"played":[1.0,0.0,0.0],"evs":[0.0,-3.22565,-5.77677]},"Q7s":{"weight":1.0,"played":[1.0,0.0,0.0],"evs":[0.0,-3.51058,-6.07422]},"Q8s":{"weight":1.0,"played":[1.0,0.0,0.0],"evs":[0.0,-3.73484,-6.31607]},"Q9s":{"weight":1.0,"played":[1.0,0.0,0.0],"evs":[0.0,-3.17993,-5.33105]},"QTs":{"weight":1.0,"played":[1.0,0.0,0.0],"evs":[0.0,-2.82019,-4.97203]},"QJs":{"weight":1.0,"played":[1.0,0.0,0.0],"evs":[0.0,-2.48135,-4.22918]},"QQ":{"weight":1.0,"played":[0.0,0.0026,0.9974],"evs":[0.0,2.84513,2.97784]},"KQo":{"weight":1.0,"played":[1.0,0.0,0.0],"evs":[0.0,-3.40219,-5.94623]},"AQo":{"weight":1.0,"played":[1.0,0.0,0.0],"evs":[0.0,-3.14253,-5.47014]},"K2s":{"weight":1.0,"played":[1.0,0.0,0.0],"evs":[0.0,-3.71078,-6.52995]},"K3s":{"weight":1.0,"played":[1.0,0.0,0.0],"evs":[0.0,-3.43323,-6.06956]},"K4s":{"weight":1.0,"played":[0.9999,1.0E-4,0.0],"evs":[0.0,-3.53893,-6.30764]},"K5s":{"weight":1.0,"played":[1.0,0.0,0.0],"evs":[0.0,-3.36138,-5.8746]},"K6s":{"weight":1.0,"played":[1.0,0.0,0.0],"evs":[0.0,-3.20141,-5.87943]},"K7s":{"weight":1.0,"played":[1.0,0.0,0.0],"evs":[0.0,-3.52857,-6.081]},"K8s":{"weight":1.0,"played":[1.0,0.0,0.0],"evs":[0.0,-3.42912,-6.19503]},"K9s":{"weight":1.0,"played":[1.0,0.0,0.0],"evs":[0.0,-3.22529,-5.7789]},"KTs":{"weight":1.0,"played":[1.0,0.0,0.0],"evs":[0.0,-2.95539,-5.2501]},"KJs":{"weight":1.0,"played":[1.0,0.0,0.0],"evs":[0.0,-2.74526,-4.76377]},"KQs":{"weight":1.0,"played":[1.0,0.0,0.0],"evs":[0.0,-2.60217,-4.54076]},"KK":{"weight":1.0,"played":[0.0,0.0,1.0],"evs":[0.0,6.75468,6.89935]},"AKo":{"weight":1.0,"played":[1.0,0.0,0.0],"evs":[0.0,-1.78123,-3.05774]},"A2s":{"weight":1.0,"played":[1.0,0.0,0.0],"evs":[0.0,-3.58058,-6.04336]},"A3s":{"weight":1.0,"played":[1.0,0.0,0.0],"evs":[0.0,-3.41267,-5.9699]},"A4s":{"weight":1.0,"played":[1.0,0.0,0.0],"evs":[0.0,-3.627,-6.16081]},"A5s":{"weight":1.0,"played":[1.0,0.0,0.0],"evs":[0.0,-3.04293,-5.66791]},"A6s":{"weight":1.0,"played":[1.0,0.0,0.0],"evs":[0.0,-3.37979,-6.05633]},"A7s":{"weight":1.0,"played":[1.0,0.0,0.0],"evs":[0.0,-3.59861,-6.37292]},"A8s":{"weight":1.0,"played":[1.0,0.0,0.0],"evs":[0.0,-3.5985,-6.31254]},"A9s":{"weight":1.0,"played":[1.0,0.0,0.0],"evs":[0.0,-3.58994,-5.92284]},"ATs":{"weight":1.0,"played":[1.0,0.0,0.0],"evs":[0.0,-3.02929,-5.24595]},"AJs":{"weight":1.0,"played":[0.9998,1.0E-4,1.0E-4],"evs":[0.0,-2.8105,-5.28416]},"AQs":{"weight":1.0,"played":[0.9996,2.0E-4,2.0E-4],"evs":[0.0,-2.47867,-4.52682]},"AKs":{"weight":1.0,"played":[0.992,0.0079,2.0E-4],"evs":[0.0,-0.9595,-1.87333]},"AA":{"weight":1.0,"played":[0.0,0.0037,0.9963],"evs":[0.0,9.7514,9.93636]}}}