{"player":6,"street":0,"children":2,"sequence":[{"player":0,"type":"F","amount":0,"street":0},{"player":1,"type":"R","amount":41950000,"street":0},{"player":2,"type":"C","amount":34350000,"street":0},{"player":3,"type":"F","amount":0,"street":0},{"player":4,"type":"R","amount":68379500,"street":0},{"player":5,"type":"C","amount":14516800,"street":0}],"actions":[{"type":"F","amount":0},{"type":"C","amount":56485900}],"hands":{"22":{"weight":1.0,"played":[0.9989,0.0011],"evs":[0.0,-4.18477]},"32o":{"weight":1.0,"played":[0.9984,0.0016],"evs":[0.0,-6.59444]},"42o":{"weight":1.0,"played":[0.999,0.001],"evs":[0.0,-5.12188]},"52o":{"weight":1.0,"played":[0.9987,0.0013],"evs":[0.0,-6.68556]},"62o":{"weight":1.0,"played":[1.0,0.0],"evs":[0.0,-7.65148]},"72o":{"weight":1.0,"played":[1.0,0.0],"evs":[0.0,-6.29953]},"82o":{"weight":1.0,"played":[0.9986,0.0014],"evs":[0.0,-8.02397]},"92o":{"weight":1.0,"played":[1.0,0.0],"evs":[0.0,-7.0835]},"T2o":{"weight":1.0,"played":[0.9996,4.0E-4],"evs":[0.0,-8.06583]},"J2o":{"weight":1.0,"played":[1.0,0.0],"evs":[0.0,-7.53285]},"Q2o":{"weight":1.0,"played":[0.9973,0.0027],"evs":[0.0,-7.1017]},"K2o":{"weight":1.0,"played":[0.9999,1.0E-4],"evs":[0.0,-6.52693]},"A2o":{"weight":1.0,"played":[0.9998,2.0E-4],"evs":[0.0,-8.5694]},"32s":{"weight":1.0,"played":[0.7653,0.2347],"evs":[0.0,-4.08295]},"33":{"weight":1.0,"played":[0.9244,0.0756],"evs":[0.0,-6.1797]},"43o":{"weight":1.0,"played":[0.9989,0.0011],"evs":[0.0,-7.45356]},"53o":{"weight":1.0,"played":[0.9999,1.0E-4],"evs":[0.0,-4.29394]},"63o":{"weight":1.0,"played":[0.9969,0.0031],"evs":[0.0,-7.08293]},"73o":{"weight":1.0,"played":[0.9993,7.0E-4],"evs":[0.0,-7.93711]},"83o":{"weight":1.0,"played":[1.0,0.0],"evs":[0.0,-8.15584]},"93o":{"weight":1.0,"played":[0.9996,4.0E-4],"evs":[0.0,-7.22461]},"T3o":{"weight":1.0,"played":[0.9993,7.0E-4],"evs":[0.0,-6.68069]},"J3o":{"weight":1.0,"played":[0.9969,0.0031],"evs":[0.0,-8.22815]},"Q3o":{"weight":1.0,"played":[0.9988,0.0012],"evs":[0.0,-6.16274]},"K3o":{"weight":1.0,"played":[0.9933,0.0067],"evs":[0.0,-8.1343]},"A3o":{"weight":1.0,"played":[0.9839,0.0161],"evs":[0.0,-6.73103]},"42s":{"weight":1.0,"played":[0.962,0.038],"evs":[0.0,-6.29642]},"43s":{"weight":1.0,"played":[0.9985,0.0015],"evs":[0.0,-6.59317]},"44":{"weight":1.0,"played":[0.9999,1.0E-4],"evs":[0.0,-4.69097]},"54o":{"weight":1.0,"played":[0.9992,8.0E-4],"evs":[0.0,-6.43861]},"64o":{"weight":1.0,"played":[0.9958,0.0042],"evs":[0.0,-6.06187]},"74o":{"weight":1.0,"played":[0.9992,8.0E-4],"evs":[0.0,-5.93827]},"84o":{"weight":1.0,"played":[1.0,0.0],"evs":[0.0,-8.73201]},"94o":{"weight":1.0,"played":[0.9979,0.0021],"evs":[0.0,-6.24405]},"T4o":{"weight":1.0,"played":[1.0,0.0],"evs":[0.0,-7.02673]},"J4o":{"weight":1.0,"played":[1.0,0.0],"evs":[0.0,-9.04751]},"Q4o":{"weight":1.0,"played":[0.9817,0.0183],"evs":[0.0,-8.21054]},"K4o":{"weight":1.0,"played":[1.0,0.0],"evs":[0.0,-5.04079]},"A4o":{"weight":1.0,"played":[1.0,0.0],"evs":[0.0,-9.54214]},"52s":{"weight":1.0,"played":[0.9722,0.0278],"evs":[0.0,-6.24808]},"53s":{"weight":1.0,"played":[1.0,0.0],"evs":[0.0,-5.01645]},"54s":{"weight":1.0,"played":[0.9758,0.0242],"evs":[0.0,-3.88131]},"55":{"weight":1.0,"played":[0.9912,0.0088],"evs":[0.0,-4.21553]},"65o":{"weight":1.0,"played":[0.9989,0.0011],"evs":[0.0,-4.42897]},"75o":{"weight":1.0,"played":[0.977,0.023],"evs":[0.0,-8.26491]},"85o":{"weight":1.0,"played":[1.0,0.0],"evs":[0.0,-6.53731]},"95o":{"weight":1.0,"played":[0.9826,0.0174],"evs":[0.0,-4.97151]},"T5o":{"weight":1.0,"played":[1.0,0.0],"evs":[0.0,-7.04532]},"J5o":{"weight":1.0,"played":[0.9993,7.0E-4],"evs":[0.0,-7.23111]},"Q5o":{"weight":1.0,"played":[0.9971,0.0029],"evs":[0.0,-7.21975]},"K5o":{"weight":1.0,"played":[1.0,0.0],"evs":[0.0,-7.68073]},"A5o":{"weight":1.0,"played":[0.9989,0.0011],"evs":[0.0,-6.53804]},"62s":{"weight":1.0,"played":[0.9993,7.0E-4],"evs":[0.0,-5.31899]},"63s":{"weight":1.0,"played":[0.9468,0.0532],"evs":[0.0,-4.27005]},"64s":{"weight":1.0,"played":[0.9324,0.0676],"evs":[0.0,-4.63974]},"65s":{"weight":1.0,"played":[0.9933,0.0067],"evs":[0.0,-7.29249]},"66":{"weight":1.0,"played":[1.0,0.0],"evs":[0.0,-3.75382]},"76o":{"weight":1.0,"played":[0.9999,1.0E-4],"evs":[0.0,-6.97543]},"86o":{"weight":1.0,"played":[0.9981,0.0019],"evs":[0.0,-6.43475]},"96o":{"weight":1.0,"played":[0.966,0.034],"evs":[0.0,-5.74553]},"T6o":{"weight":1.0,"played":[0.998,0.002],"evs":[0.0,-6.68527]},"J6o":{"weight":1.0,"played":[0.9987,0.0013],"evs":[0.0,-4.3583]},"Q6o":{"weight":1.0,"played":[0.9974,0.0026],"evs":[0.0,-6.41269]},"K6o":{"weight":1.0,"played":[1.0,0.0],"evs":[0.0,-9.64061]},"A6o":{"weight":1.0,"played":[1.0,0.0],"evs":[0.0,-6.91153]},"72s":{"weight":1.0,"played":[0.9959,0.0041],"evs":[0.0,-4.52405]},"73s":{"weight":1.0,"played":[1.0,0.0],"evs":[0.0,-6.21668]},"74s":{"weight":1.0,"played":[0.9903,0.0097],"evs":[0.0,-2.20813]},"75s":{"weight":1.0,"played":[0.9636,0.0364],"evs":[0.0,-5.89588]},"76s":{"weight":1.0,"played":[0.9322,0.0678],"evs":[0.0,-1.74268]},"77":{"weight":1.0,"played":[0.9984,0.0016],"evs":[0.0,-4.97728]},"87o":{"weight":1.0,"played":[0.9989,0.0011],"evs":[0.0,-7.01477]},"97o":{"weight":1.0,"played":[0.9951,0.0049],"evs":[0.0,-6.05956]},"T7o":{"weight":1.0,"played":[0.9985,0.0015],"evs":[0.0,-4.64601]},"J7o":{"weight":1.0,"played":[1.0,0.0],"evs":[0.0,-4.82226]},"Q7o":{"weight":1.0,"played":[1.0,0.0],"evs":[0.0,-6.42547]},"K7o":{"weight":1.0,"played":[0.9989,0.0011],"evs":[0.0,-8.97574]},"A7o":{"weight":1.0,"played":[0.9956,0.0044],"evs":[0.0,-6.08683]},"82s":{"weight":1.0,"played":[0.9733,0.0267],"evs":[0.0,-4.00713]},"83s":{"weight":1.0,"played":[0.9965,0.0035],"evs":[0.0,-4.01667]},"84s":{"weight":1.0,"played":[0.9805,0.0195],"evs":[0.0,-2.94136]},"85s":{"weight":1.0,"played":[0.9918,0.0082],"evs":[0.0,-7.53076]},"86s":{"weight":1.0,"played":[0.9922,0.0078],"evs":[0.0,-4.44572]},"87s":{"weight":1.0,"played":[0.8701,0.1299],"evs":[0.0,-6.72405]},"88":{"weight":1.0,"played":[1.0,0.0],"evs":[0.0,-5.29867]},"98o":{"weight":1.0,"played":[0.9997,3.0E-4],"evs":[0.0,-6.09921]},"T8o":{"weight":1.0,"played":[0.9984,0.0016],"evs":[0.0,-4.46338]},"J8o":{"weight":1.0,"played":[0.9971,0.0029],"evs":[0.0,-5.48624]},"Q8o":{"weight":1.0,"played":[0.9947,0.0053],"evs":[0.0,-4.36984]},"K8o":{"weight":1.0,"played":[0.9933,0.0067],"evs":[0.0,-9.40179]},"A8o":{"weight":1.0,"played":[0.9794,0.0206],"evs":[0.0,-5.61331]},"92s":{"weight":1.0,"played":[0.9835,0.0165],"evs":[0.0,-4.47678]},"93s":{"weight":1.0,"played":[0.9957,0.0043],"evs":[0.0,-9.67612]},"94s":{"weight":1.0,"played":[0.9748,0.0252],"evs":[0.0,-6.44121]},"95s":{"weight":1.0,"played":[1.0,0.0],"evs":[0.0,-10.68474]},"96s":{"weight":1.0,"played":[0.9308,0.0692],"evs":[0.0,-6.93726]},"97s":{"weight":1.0,"played":[0.8123,0.1877],"evs":[0.0,-0.303]},"98s":{"weight":1.0,"played":[0.9933,0.0067],"evs":[0.0,-5.2142]},"99":{"weight":1.0,"played":[0.9061,0.0939],"evs":[0.0,0.26094]},"T9o":{"weight":1.0,"played":[0.9998,2.0E-4],"evs":[0.0,-5.61875]},"J9o":{"weight":1.0,"played":[0.9852,0.0148],"evs":[0.0,-7.31572]},"Q9o":{"weight":1.0,"played":[0.9979,0.0021],"evs":[0.0,-7.00893]},"K9o":{"weight":1.0,"played":[0.9989,0.0011],"evs":[0.0,-8.57452]},"A9o":{"weight":1.0,"played":[1.0,0.0],"evs":[0.0,-6.52465]},"T2s":{"weight":1.0,"played":[1.0,0.0],"evs":[0.0,-8.59218]},"T3s":{"weight":1.0,"played":[0.9913,0.0087],"evs":[0.0,-3.95225]},"T4s":{"weight":1.0,"played":[0.9914,0.0086],"evs":[0.0,-2.95989]},"T5s":{"weight":1.0,"played":[0.9987,0.0013],"evs":[0.0,-7.74193]},"T6s":{"weight":1.0,"played":[0.9965,0.0035],"evs":[0.0,-6.54416]},"T7s":{"weight":1.0,"played":[0.9467,0.0533],"evs":[0.0,-4.34611]},"T8s":{"weight":1.0,"played":[0.9422,0.0578],"evs":[0.0,-5.70463]},"T9s":{"weight":1.0,"played":[0.9916,0.0084],"evs":[0.0,-2.66512]},"TT":{"weight":1.0,"played":[0.3083,0.6917],"evs":[0.0,-1.11895]},"JTo":{"weight":1.0,"played":[0.9948,0.0052],"evs":[0.0,-6.39084]},"QTo":{"weight":1.0,"played":[0.9927,0.0073],"evs":[0.0,-5.06639]},"KTo":{"weight":1.0,"played":[0.998,0.002],"evs":[0.0,-7.08234]},"ATo":{"weight":1.0,"played":[0.9747,0.0253],"evs":[0.0,-6.87451]},"J2s":{"weight":1.0,"played":[0.9875,0.0125],"evs":[0.0,-5.30539]},"J3s":{"weight":1.0,"played":[0.53,0.47],"evs":[0.0,-2.45388]},"J4s":{"weight":1.0,"played":[0.944,0.056],"evs":[0.0,-5.00488]},"J5s":{"weight":1.0,"played":[0.8733,0.1267],"evs":[0.0,-1.98933]},"J6s":{"weight":1.0,"played":[0.9991,9.0E-4],"evs":[0.0,-3.82035]},"J7s":{"weight":1.0,"played":[0.8482,0.1518],"evs":[0.0,-7.96614]},"J8s":{"weight":1.0,"played":[0.9934,0.0066],"evs":[0.0,-5.67792]},"J9s":{"weight":1.0,"played":[0.9783,0.0217],"evs":[0.0,-6.97238]},"JTs":{"weight":1.0,"played":[0.9984,0.0016],"evs":[0.0,-7.89498]},"JJ":{"weight":1.0,"played":[0.3646,0.6354],"evs":[0.0,0.02694]},"QJo":{"weight":1.0,"played":[0.977,0.023],"evs":[0.0,-3.83564]},"KJo":{"weight":1.0,"played":[1.0,0.0],"evs":[0.0,-7.09132]},"AJo":{"weight":1.0,"played":[0.9977,0.0023],"evs":[0.0,-4.86858]},"Q2s":{"weight":1.0,"played":[0.9988,0.0012],"evs":[0.0,-5.36626]},"Q3s":{"weight":1.0,"played":[0.9909,0.0091],"evs":[0.0,-4.40349]},"Q4s":{"weight":1.0,"played":[0.9887,0.0113],"evs":[0.0,-4.93999]},"Q5s":{"weight":1.0,"played":[0.9974,0.0026],"evs":[0.0,-8.33066]},"Q6s":{"weight":1.0,"played":[0.8504,0.1496],"evs":[0.0,-2.86872]},"Q7s":{"weight":1.0,"played":[1.0,0.0],"evs":[0.0,-4.96129]},"Q8s":{"weight":1.0,"played":[0.8231,0.1769],"evs":[0.0,-0.35218]},"Q9s":{"weight":1.0,"played":[0.9978,0.0022],"evs":[0.0,-7.68735]},"QTs":{"weight":1.0,"played":[0.8469,0.1531],"evs":[0.0,-4.66059]},"QJs":{"weight":1.0,"played":[0.9915,0.0085],"evs":[0.0,-3.54807]},"QQ":{"weight":1.0,"played":[0.0388,0.9612],"evs":[0.0,3.89192]},"KQo":{"weight":1.0,"played":[0.951,0.049],"evs":[0.0,-5.27552]},"AQo":{"weight":1.0,"played":[0.9995,5.0E-4],"evs":[0.0,-4.69083]},"K2s":{"weight":1.0,"played":[0.9085,0.0915],"evs":[0.0,-0.81287]},"K3s":{"weight":1.0,"played":[1.0,0.0],"evs":[0.0,-3.98194]},"K4s":{"weight":1.0,"played":[1.0,0.0],"evs":[0.0,-1.96334]},"K5s":{"weight":1.0,"played":[0.9865,0.0135],"evs":[0.0,-7.33441]},"K6s":{"weight":1.0,"played":[0.9876,0.0124],"evs":[0.0,-3.88241]},"K7s":{"weight":1.0,"played":[1.0,0.0],"evs":[0.0,-6.00806]},"K8s":{"weight":1.0,"played":[0.9952,0.0048],"evs":[0.0,-8.81664]},"K9s":{"weight":1.0,"played":[0.9921,0.0079],"evs":[0.0,-4.70841]},"KTs":{"weight":1.0,"played":[0.9241,0.0759],"evs":[0.0,-8.58151]},"KJs":{"weight":1.0,"played":[0.9914,0.0086],"evs":[0.0,-7.64291]},"KQs":{"weight":1.0,"played":[0.9844,0.0156],"evs":[0.0,-10.07717]},"KK":{"weight":1.0,"played":[0.0077,0.9923],"evs":[0.0,9.2248]},"AKo":{"weight":1.0,"played":[0.998,0.002],"evs":[0.0,-6.49775]},"A2s":{"weight":1.0,"played":[1.0,0.0],"evs":[0.0,-7.22603]},"A3s":{"weight":1.0,"played":[0.9925,0.0075],"evs":[0.0,-6.23013]},"A4s":{"weight":1.0,"played":[0.6403,0.3597],"evs":[0.0,0.6571]},"A5s":{"weight":1.0,"played":[0.8577,0.1423],"evs":[0.0,-4.88764]},"A6s":{"weight":1.0,"played":[0.9765,0.0235],"evs":[0.0,-9.02863]},"A7s":{"weight":1.0,"played":[0.9799,0.0201],"evs":[0.0,-4.44147]},"A8s":{"weight":1.0,"played":[0.9728,0.0272],"evs":[0.0,-3.39022]},"A9s":{"weight":1.0,"played":[0.9962,0.0038],"evs":[0.0,-6.45424]},"ATs":{"weight":1.0,"played":[1.0,0.0],"evs":[0.0,-7.33945]},"AJs":{"weight":1.0,"played":[0.9921,0.0079],"evs":[0.0,-5.11322]},"AQs":{"weight":1.0,"played":[0.5672,0.4328],"evs":[0.0,-4.67151]},"AKs":{"weight":1.0,"played":[0.95,0.05],"evs":[0.0,-3.71803]},"AA":{"weight":1.0,"played":[0.0087,0.9913],"evs":[0.0,10.26944]}}}