{"player":3,"street":0,"children":2,"sequence":[{"player":0,"type":"F","amount":0,"street":0},{"player":1,"type":"R","amount":985000,"street":0},{"player":2,"type":"F","amount":0,"street":0},{"player":3,"type":"C","amount":985000,"street":0},{"player":4,"type":"F","amount":0,"street":0},{"player":5,"type":"R","amount":995000,"street":0}],"actions":[{"type":"F","amount":0},{"type":"C","amount":10000}],"hands":{"22":{"weight":0.7606,"played":[0.0,1.0],"evs":[0.0,8.43173]},"32o":{"weight":0.0,"played":[0.0,1.0],"evs":[0.0,5.70335]},"42o":{"weight":0.0,"played":[0.0,1.0],"evs":[0.0,5.80988]},"52o":{"weight":0.0,"played":[0.0,1.0],"evs":[0.0,6.06687]},"62o":{"weight":0.0,"played":[0.0,1.0],"evs":[0.0,5.76683]},"72o":{"weight":0.0,"played":[0.0,1.0],"evs":[0.0,5.53485]},"82o":{"weight":0.0,"played":[0.0,1.0],"evs":[0.0,5.75088]},"92o":{"weight":0.0,"played":[0.0,1.0],"evs":[0.0,5.74516]},"T2o":{"weight":0.0,"played":[0.0,1.0],"evs":[0.0,5.62502]},"J2o":{"weight":0.0,"played":[0.0,1.0],"evs":[0.0,5.72776]},"Q2o":{"weight":0.0,"played":[0.0,1.0],"evs":[0.0,6.1905]},"K2o":{"weight":0.0,"played":[0.0,1.0],"evs":[0.0,6.53168]},"A2o":{"weight":0.0,"played":[0.0,1.0],"evs":[0.0,7.18135]},"32s":{"weight":0.0,"played":[0.0,1.0],"evs":[0.0,6.95853]},"33":{"weight":0.8968,"played":[0.0,1.0],"evs":[0.0,8.59952]},"43o":{"weight":0.0,"played":[0.0,1.0],"evs":[0.0,6.39973]},"53o":{"weight":0.0,"played":[0.0,1.0],"evs":[0.0,6.51813]},"63o":{"weight":0.0,"played":[0.0,1.0],"evs":[0.0,6.32439]},"73o":{"weight":0.0,"played":[0.0,1.0],"evs":[0.0,6.05478]},"83o":{"weight":0.0,"played":[0.0,1.0],"evs":[0.0,5.79389]},"93o":{"weight":0.0,"played":[0.0,1.0],"evs":[0.0,5.89221]},"T3o":{"weight":0.0,"played":[0.0,1.0],"evs":[0.0,5.90129]},"J3o":{"weight":0.0,"played":[0.0,1.0],"evs":[0.0,5.87129]},"Q3o":{"weight":0.0,"played":[0.0,1.0],"evs":[0.0,6.35016]},"K3o":{"weight":0.0,"played":[0.0,1.0],"evs":[0.0,6.81202]},"A3o":{"weight":0.0,"played":[0.0,1.0],"evs":[0.0,7.49737]},"42s":{"weight":0.0,"played":[0.0,1.0],"evs":[0.0,7.14861]},"43s":{"weight":0.0,"played":[0.0,1.0],"evs":[0.0,7.39852]},"44":{"weight":0.8734,"played":[0.0,1.0],"evs":[0.0,9.03842]},"54o":{"weight":0.0,"played":[0.0,1.0],"evs":[0.0,7.07874]},"64o":{"weight":0.0,"played":[0.0,1.0],"evs":[0.0,6.73722]},"74o":{"weight":0.0,"played":[0.0,1.0],"evs":[0.0,6.43207]},"84o":{"weight":0.0,"played":[0.0,1.0],"evs":[0.0,6.35907]},"94o":{"weight":0.0,"played":[0.0,1.0],"evs":[0.0,5.98395]},"T4o":{"weight":0.0,"played":[0.0,1.0],"evs":[0.0,5.97669]},"J4o":{"weight":0.0,"played":[0.0,1.0],"evs":[0.0,5.99225]},"Q4o":{"weight":0.0,"played":[0.0,1.0],"evs":[0.0,6.50232]},"K4o":{"weight":0.0,"played":[0.0,1.0],"evs":[0.0,6.92075]},"A4o":{"weight":0.0,"played":[0.0,1.0],"evs":[0.0,7.56127]},"52s":{"weight":0.0,"played":[0.0,1.0],"evs":[0.0,6.98779]},"53s":{"weight":0.0,"played":[0.0,1.0],"evs":[0.0,7.59107]},"54s":{"weight":0.0,"played":[0.0,1.0],"evs":[0.0,8.11893]},"55":{"weight":0.8937,"played":[0.0,1.0],"evs":[0.0,9.5984]},"65o":{"weight":0.0,"played":[0.0,1.0],"evs":[0.0,7.19014]},"75o":{"weight":0.0,"played":[0.0,1.0],"evs":[0.0,7.02089]},"85o":{"weight":0.0,"played":[0.0,1.0],"evs":[0.0,6.69589]},"95o":{"weight":0.0,"played":[0.0,1.0],"evs":[0.0,6.56979]},"T5o":{"weight":0.0,"played":[0.0,1.0],"evs":[0.0,6.15021]},"J5o":{"weight":0.0,"played":[0.0,1.0],"evs":[0.0,6.20779]},"Q5o":{"weight":0.0,"played":[0.0,1.0],"evs":[0.0,6.7734]},"K5o":{"weight":0.0,"played":[0.0,1.0],"evs":[0.0,7.12963]},"A5o":{"weight":0.0,"played":[0.0,1.0],"evs":[0.0,7.88628]},"62s":{"weight":0.0,"played":[0.0,1.0],"evs":[0.0,6.89637]},"63s":{"weight":0.0,"played":[0.0,1.0],"evs":[0.0,7.61223]},"64s":{"weight":0.0,"played":[0.0,1.0],"evs":[0.0,7.95017]},"65s":{"weight":0.0,"played":[0.0,1.0],"evs":[0.0,8.374]},"66":{"weight":0.8868,"played":[0.0,1.0],"evs":[0.0,10.10109]},"76o":{"weight":0.0,"played":[0.0,1.0],"evs":[0.0,7.3489]},"86o":{"weight":0.0,"played":[0.0,1.0],"evs":[0.0,7.23238]},"96o":{"weight":0.0,"played":[0.0,1.0],"evs":[0.0,7.09314]},"T6o":{"weight":0.0,"played":[0.0,1.0],"evs":[0.0,6.66436]},"J6o":{"weight":0.0,"played":[0.0,1.0],"evs":[0.0,6.39508]},"Q6o":{"weight":0.0,"played":[0.0,1.0],"evs":[0.0,6.90204]},"K6o":{"weight":0.0,"played":[0.0,1.0],"evs":[0.0,7.18874]},"A6o":{"weight":0.0,"played":[0.0,1.0],"evs":[0.0,7.74519]},"72s":{"weight":0.0,"played":[0.0,1.0],"evs":[0.0,6.84636]},"73s":{"weight":0.0,"played":[0.0,1.0],"evs":[0.0,7.0687]},"74s":{"weight":0.0,"played":[0.0,1.0],"evs":[0.0,7.74398]},"75s":{"weight":0.0,"played":[0.0,1.0],"evs":[0.0,7.95131]},"76s":{"weight":0.0,"played":[0.0,1.0],"evs":[0.0,8.44619]},"77":{"weight":0.8833,"played":[0.0,1.0],"evs":[0.0,10.65532]},"87o":{"weight":0.0,"played":[0.0,1.0],"evs":[0.0,7.58524]},"97o":{"weight":0.0,"played":[0.0,1.0],"evs":[0.0,7.38941]},"T7o":{"weight":0.0,"played":[0.0,1.0],"evs":[0.0,7.02416]},"J7o":{"weight":0.0,"played":[0.0,1.0],"evs":[0.0,6.733]},"Q7o":{"weight":0.0,"played":[0.0,1.0],"evs":[0.0,6.89544]},"K7o":{"weight":0.0,"played":[0.0,1.0],"evs":[0.0,7.38594]},"A7o":{"weight":2.0E-4,"played":[0.0,1.0],"evs":[0.0,8.06874]},"82s":{"weight":0.0,"played":[0.0,1.0],"evs":[0.0,6.65538]},"83s":{"weight":0.0,"played":[0.0,1.0],"evs":[0.0,6.76888]},"84s":{"weight":0.0,"played":[0.0,1.0],"evs":[0.0,7.47802]},"85s":{"weight":0.0,"played":[0.0,1.0],"evs":[0.0,8.03049]},"86s":{"weight":0.0,"played":[0.0,1.0],"evs":[0.0,8.39443]},"87s":{"weight":2.0E-4,"played":[0.0,1.0],"evs":[0.0,8.55568]},"88":{"weight":0.8927,"played":[0.0,1.0],"evs":[0.0,11.41804]},"98o":{"weight":0.0,"played":[0.0,1.0],"evs":[0.0,7.7093]},"T8o":{"weight":0.0,"played":[0.0,1.0],"evs":[0.0,7.49037]},"J8o":{"weight":0.0,"played":[0.0,1.0],"evs":[0.0,7.17736]},"Q8o":{"weight":0.0,"played":[0.0,1.0],"evs":[0.0,7.38747]},"K8o":{"weight":0.0,"played":[0.0,1.0],"evs":[0.0,7.41174]},"A8o":{"weight":0.5268,"played":[0.0,1.0],"evs":[0.0,8.283]},"92s":{"weight":0.0,"played":[0.0,1.0],"evs":[0.0,7.02217]},"93s":{"weight":0.0,"played":[0.0,1.0],"evs":[0.0,7.04489]},"94s":{"weight":0.0,"played":[0.0,1.0],"evs":[0.0,7.46728]},"95s":{"weight":0.0,"played":[0.0,1.0],"evs":[0.0,7.5138]},"96s":{"weight":0.0,"played":[0.0,1.0],"evs":[0.0,8.20561]},"97s":{"weight":0.0,"played":[0.0,1.0],"evs":[0.0,8.32046]},"98s":{"weight":0.0338,"played":[0.0,1.0],"evs":[0.0,8.81356]},"99":{"weight":0.8839,"played":[0.0,1.0],"evs":[0.0,12.15531]},"T9o":{"weight":0.0,"played":[0.0,1.0],"evs":[0.0,7.86239]},"J9o":{"weight":0.0,"played":[0.0,1.0],"evs":[0.0,7.40068]},"Q9o":{"weight":0.0,"played":[0.0,1.0],"evs":[0.0,7.68025]},"K9o":{"weight":0.0,"played":[0.0,1.0],"evs":[0.0,7.90263]},"A9o":{"weight":0.5949,"played":[0.0,1.0],"evs":[0.0,8.66098]},"T2s":{"weight":0.0,"played":[0.0,1.0],"evs":[0.0,6.83418]},"T3s":{"weight":0.0,"played":[0.0,1.0],"evs":[0.0,6.99985]},"T4s":{"weight":0.0,"played":[0.0,1.0],"evs":[0.0,7.09296]},"T5s":{"weight":0.0,"played":[0.0,1.0],"evs":[0.0,7.23183]},"T6s":{"weight":0.0,"played":[0.0,1.0],"evs":[0.0,7.92925]},"T7s":{"weight":0.0,"played":[0.0,1.0],"evs":[0.0,8.08442]},"T8s":{"weight":1.0E-4,"played":[0.0,1.0],"evs":[0.0,8.27017]},"T9s":{"weight":0.951,"played":[0.0,1.0],"evs":[0.0,8.96529]},"TT":{"weight":0.8486,"played":[0.0,1.0],"evs":[0.0,12.95548]},"JTo":{"weight":0.0,"played":[0.0,1.0],"evs":[0.0,7.78211]},"QTo":{"weight":0.0,"played":[0.0,1.0],"evs":[0.0,8.09887]},"KTo":{"weight":8.0E-4,"played":[0.0,1.0],"evs":[0.0,8.33378]},"ATo":{"weight":0.7688,"played":[0.0,1.0],"evs":[0.0,9.52554]},"J2s":{"weight":0.0,"played":[0.0,1.0],"evs":[0.0,6.97963]},"J3s":{"weight":0.0,"played":[0.0,1.0],"evs":[0.0,7.10735]},"J4s":{"weight":0.0,"played":[0.0,1.0],"evs":[0.0,7.30974]},"J5s":{"weight":0.0,"played":[0.0,1.0],"evs":[0.0,7.41833]},"J6s":{"weight":0.0,"played":[0.0,1.0],"evs":[0.0,7.52842]},"J7s":{"weight":0.0,"played":[0.0,1.0],"evs":[0.0,7.80801]},"J8s":{"weight":1.0E-4,"played":[0.0,1.0],"evs":[0.0,8.35539]},"J9s":{"weight":0.1987,"played":[0.0,1.0],"evs":[0.0,8.53282]},"JTs":{"weight":0.8947,"played":[0.0,1.0],"evs":[0.0,8.91685]},"JJ":{"weight":0.9154,"played":[0.0,1.0],"evs":[0.0,14.54578]},"QJo":{"weight":0.0021,"played":[0.0,1.0],"evs":[0.0,8.29079]},"KJo":{"weight":0.8335,"played":[0.0,1.0],"evs":[0.0,8.81924]},"AJo":{"weight":0.8751,"played":[0.0,1.0],"evs":[0.0,10.67471]},"Q2s":{"weight":0.0,"played":[0.0,1.0],"evs":[0.0,7.27818]},"Q3s":{"weight":0.0,"played":[0.0,1.0],"evs":[0.0,7.5073]},"Q4s":{"weight":0.0,"played":[0.0,1.0],"evs":[0.0,7.83845]},"Q5s":{"weight":0.0,"played":[0.0,1.0],"evs":[0.0,7.9063]},"Q6s":{"weight":0.0,"played":[0.0,1.0],"evs":[0.0,7.7985]},"Q7s":{"weight":0.0,"played":[0.0,1.0],"evs":[0.0,7.91343]},"Q8s":{"weight":1.0E-4,"played":[0.0,1.0],"evs":[0.0,8.66328]},"Q9s":{"weight":0.4931,"played":[0.0,1.0],"evs":[0.0,8.73861]},"QTs":{"weight":0.9146,"played":[0.0,1.0],"evs":[0.0,9.14963]},"QJs":{"weight":0.9571,"played":[0.0,1.0],"evs":[0.0,9.38691]},"QQ":{"weight":0.9215,"played":[0.0,1.0],"evs":[0.0,16.48757]},"KQo":{"weight":0.7912,"played":[0.0,1.0],"evs":[0.0,9.62666]},"AQo":{"weight":0.8764,"played":[0.0,1.0],"evs":[0.0,11.99803]},"K2s":{"weight":0.0,"played":[0.0,1.0],"evs":[0.0,7.81082]},"K3s":{"weight":0.0,"played":[0.0,1.0],"evs":[0.0,7.80136]},"K4s":{"weight":0.0,"played":[0.0,1.0],"evs":[0.0,7.95339]},"K5s":{"weight":1.0E-4,"played":[0.0,1.0],"evs":[0.0,8.3847]},"K6s":{"weight":0.0,"played":[0.0,1.0],"evs":[0.0,8.45263]},"K7s":{"weight":1.0E-4,"played":[0.0,1.0],"evs":[0.0,8.51187]},"K8s":{"weight":1.0E-4,"played":[0.0,1.0],"evs":[0.0,8.95938]},"K9s":{"weight":0.605,"played":[0.0,1.0],"evs":[0.0,9.02774]},"KTs":{"weight":0.8746,"played":[0.0,1.0],"evs":[0.0,9.3498]},"KJs":{"weight":0.8482,"played":[0.0,1.0],"evs":[0.0,9.86936]},"KQs":{"weight":0.8883,"played":[0.0,1.0],"evs":[0.0,10.73507]},"KK":{"weight":0.8797,"played":[0.0,1.0],"evs":[0.0,18.65649]},"AKo":{"weight":0.8992,"played":[0.0,1.0],"evs":[0.0,13.0244]},"A2s":{"weight":0.3757,"played":[0.0,1.0],"evs":[0.0,8.55837]},"A3s":{"weight":0.8013,"played":[0.0,1.0],"evs":[0.0,8.42851]},"A4s":{"weight":0.8052,"played":[0.0,1.0],"evs":[0.0,8.60738]},"A5s":{"weight":0.848,"played":[0.0,1.0],"evs":[0.0,9.05512]},"A6s":{"weight":0.7478,"played":[0.0,1.0],"evs":[0.0,8.82774]},"A7s":{"weight":0.7402,"played":[0.0,1.0],"evs":[0.0,9.28021]},"A8s":{"weight":0.8102,"played":[0.0,1.0],"evs":[0.0,9.42752]},"A9s":{"weight":0.7017,"played":[0.0,1.0],"evs":[0.0,9.6286]},"ATs":{"weight":0.8214,"played":[0.0,1.0],"evs":[0.0,10.64775]},"AJs":{"weight":0.9319,"played":[0.0,1.0],"evs":[0.0,11.59531]},"AQs":{"weight":0.8874,"played":[0.0,1.0],"evs":[0.0,12.83595]},"AKs":{"weight":0.882,"played":[0.0,1.0],"evs":[0.0,13.69453]},"AA":{"weight":0.9324,"played":[0.0,1.0],"evs":[0.0,22.25098]}}}