{"player":5,"street":0,"children":3,"sequence":[{"player":0,"type":"F","amount":0,"street":0},{"player":1,"type":"R","amount":985000,"street":0},{"player":2,"type":"F","amount":0,"street":0},{"player":3,"type":"C","amount":985000,"street":0},{"player":4,"type":"C","amount":935000,"street":0}],"actions":[{"type":"F","amount":0},{"type":"C","amount":885000},{"type":"R","amount":995000,"node":104}],"hands":{"22":{"weight":1.0,"played":[0.6622,0.0804,0.2575],"evs":[0.0,-1.20632,-1.09251]},"32o":{"weight":1.0,"played":[0.9997,1.0E-4,2.0E-4],"evs":[0.0,-2.56884,-2.42816]},"42o":{"weight":1.0,"played":[0.9975,1.0E-4,0.0025],"evs":[0.0,-2.61015,-2.5407]},"52o":{"weight":1.0,"played":[0.9999,0.0,1.0E-4],"evs":[0.0,-1.87889,-1.83104]},"62o":{"weight":1.0,"played":[0.9999,0.0,1.0E-4],"evs":[0.0,-2.32292,-2.18632]},"72o":{"weight":1.0,"played":[0.9989,1.0E-4,0.001],"evs":[0.0,-2.7708,-2.7432]},"82o":{"weight":1.0,"played":[0.9989,0.0,0.0011],"evs":[0.0,-3.09935,-2.89377]},"92o":{"weight":1.0,"played":[1.0,0.0,0.0],"evs":[0.0,-3.13089,-3.02217]},"T2o":{"weight":1.0,"played":[0.9995,4.0E-4,1.0E-4],"evs":[0.0,-2.87945,-2.94006]},"J2o":{"weight":1.0,"played":[0.9985,0.0,0.0015],"evs":[0.0,-2.79564,-2.63757]},"Q2o":{"weight":1.0,"played":[0.9997,1.0E-4,3.0E-4],"evs":[0.0,-3.07748,-3.05003]},"K2o":{"weight":1.0,"played":[0.9993,0.0,7.0E-4],"evs":[0.0,-3.12093,-2.95087]},"A2o":{"weight":1.0,"played":[0.9994,0.0,6.0E-4],"evs":[0.0,-1.63442,-1.6143]},"32s":{"weight":1.0,"played":[0.9684,0.0061,0.0255],"evs":[0.0,-2.25724,-2.20634]},"33":{"weight":1.0,"played":[0.9399,0.0103,0.0498],"evs":[0.0,-1.07375,-1.01588]},"43o":{"weight":1.0,"played":[0.9987,1.0E-4,0.0012],"evs":[0.0,-2.04868,-2.04001]},"53o":{"weight":1.0,"played":[0.9873,0.0,0.0127],"evs":[0.0,-1.82012,-1.71408]},"63o":{"weight":1.0,"played":[0.9677,2.0E-4,0.0321],"evs":[0.0,-2.1905,-1.97106]},"73o":{"weight":1.0,"played":[0.9999,0.0,1.0E-4],"evs":[0.0,-1.97098,-1.92374]},"83o":{"weight":1.0,"played":[0.9999,0.0,1.0E-4],"evs":[0.0,-2.34375,-2.18712]},"93o":{"weight":1.0,"played":[0.999,0.0,0.001],"evs":[0.0,-2.37551,-2.28384]},"T3o":{"weight":1.0,"played":[1.0,0.0,0.0],"evs":[0.0,-2.4086,-2.32121]},"J3o":{"weight":1.0,"played":[0.9997,0.0,3.0E-4],"evs":[0.0,-3.26038,-3.26102]},"Q3o":{"weight":1.0,"played":[1.0,0.0,0.0],"evs":[0.0,-2.60797,-2.62118]},"K3o":{"weight":1.0,"played":[0.9957,1.0E-4,0.0042],"evs":[0.0,-2.99123,-3.10427]},"A3o":{"weight":1.0,"played":[0.9999,0.0,1.0E-4],"evs":[0.0,-2.62626,-2.61737]},"42s":{"weight":1.0,"played":[0.9134,0.0175,0.069],"evs":[0.0,-1.22705,-1.02134]},"43s":{"weight":1.0,"played":[0.6455,0.0452,0.3093],"evs":[0.0,0.00669,0.19535]},"44":{"weight":1.0,"played":[0.6741,0.0989,0.2271],"evs":[0.0,-0.36105,-0.27808]},"54o":{"weight":1.0,"played":[0.9931,1.0E-4,0.0068],"evs":[0.0,-1.47278,-1.38183]},"64o":{"weight":1.0,"played":[0.9959,1.0E-4,0.004],"evs":[0.0,-1.72347,-1.5981]},"74o":{"weight":1.0,"played":[0.9982,1.0E-4,0.0017],"evs":[0.0,-1.68096,-1.62101]},"84o":{"weight":1.0,"played":[0.9998,0.0,2.0E-4],"evs":[0.0,-2.48491,-2.43899]},"94o":{"weight":1.0,"played":[0.9994,0.0,6.0E-4],"evs":[0.0,-2.46705,-2.40213]},"T4o":{"weight":1.0,"played":[0.9986,1.0E-4,0.0013],"evs":[0.0,-2.54855,-2.58351]},"J4o":{"weight":1.0,"played":[0.9995,0.0,5.0E-4],"evs":[0.0,-2.46499,-2.43494]},"Q4o":{"weight":1.0,"played":[0.9998,0.0,2.0E-4],"evs":[0.0,-2.51974,-2.3893]},"K4o":{"weight":1.0,"played":[0.9964,2.0E-4,0.0033],"evs":[0.0,-3.23549,-3.33639]},"A4o":{"weight":1.0,"played":[0.9902,1.0E-4,0.0096],"evs":[0.0,-2.31179,-2.43768]},"52s":{"weight":1.0,"played":[0.9249,0.0036,0.0715],"evs":[0.0,-1.48556,-1.44329]},"53s":{"weight":1.0,"played":[0.496,0.2138,0.2902],"evs":[0.0,0.67391,0.71285]},"54s":{"weight":1.0,"played":[0.0117,3.0E-4,0.9881],"evs":[0.0,-0.02729,0.22637]},"55":{"weight":1.0,"played":[0.11,0.2623,0.6277],"evs":[0.0,0.87367,1.04308]},"65o":{"weight":1.0,"played":[0.9903,4.0E-4,0.0094],"evs":[0.0,-1.06164,-0.91019]},"75o":{"weight":1.0,"played":[0.9988,2.0E-4,0.001],"evs":[0.0,-1.25619,-1.00984]},"85o":{"weight":1.0,"played":[0.9948,0.0,0.0052],"evs":[0.0,-1.5142,-1.53084]},"95o":{"weight":1.0,"played":[0.9948,0.0,0.0052],"evs":[0.0,-1.0706,-0.97917]},"T5o":{"weight":1.0,"played":[0.9998,0.0,2.0E-4],"evs":[0.0,-2.24689,-2.16336]},"J5o":{"weight":1.0,"played":[0.9997,2.0E-4,1.0E-4],"evs":[0.0,-2.9122,-2.82122]},"Q5o":{"weight":1.0,"played":[0.9961,0.0,0.0039],"evs":[0.0,-2.19388,-2.26317]},"K5o":{"weight":1.0,"played":[0.9923,2.0E-4,0.0075],"evs":[0.0,-2.71884,-2.58129]},"A5o":{"weight":1.0,"played":[0.9999,1.0E-4,1.0E-4],"evs":[0.0,-1.52786,-1.6295]},"62s":{"weight":1.0,"played":[0.897,0.0852,0.0178],"evs":[0.0,-1.01127,-0.80161]},"63s":{"weight":1.0,"played":[0.3902,0.1883,0.4215],"evs":[0.0,0.00313,0.11178]},"64s":{"weight":1.0,"played":[0.7962,0.0683,0.1355],"evs":[0.0,-0.48861,-0.44089]},"65s":{"weight":1.0,"played":[0.5653,0.2671,0.1677],"evs":[0.0,-1.14251,-1.24856]},"66":{"weight":1.0,"played":[0.3808,0.2243,0.3949],"evs":[0.0,-0.37083,-0.22745]},"76o":{"weight":1.0,"played":[0.9672,0.0029,0.0299],"evs":[0.0,-1.08198,-0.90688]},"86o":{"weight":1.0,"played":[0.9904,5.0E-4,0.0091],"evs":[0.0,-0.58113,-0.38531]},"96o":{"weight":1.0,"played":[0.9856,0.0013,0.0131],"evs":[0.0,-1.64078,-1.5096]},"T6o":{"weight":1.0,"played":[0.9999,0.0,1.0E-4],"evs":[0.0,-2.24199,-2.30827]},"J6o":{"weight":1.0,"played":[0.9933,0.0041,0.0025],"evs":[0.0,-2.0926,-2.04597]},"Q6o":{"weight":1.0,"played":[0.9999,0.0,1.0E-4],"evs":[0.0,-2.19057,-2.25204]},"K6o":{"weight":1.0,"played":[0.9998,0.0,1.0E-4],"evs":[0.0,-2.71975,-2.78169]},"A6o":{"weight":1.0,"played":[0.985,0.0073,0.0077],"evs":[0.0,-1.43903,-1.39555]},"72s":{"weight":1.0,"played":[0.9659,4.0E-4,0.0337],"evs":[0.0,-2.01401,-2.10822]},"73s":{"weight":1.0,"played":[0.8777,8.0E-4,0.1215],"evs":[0.0,-2.14758,-1.81312]},"74s":{"weight":1.0,"played":[0.7403,0.104,0.1557],"evs":[0.0,-0.78029,-0.73739]},"75s":{"weight":1.0,"played":[0.7534,0.0,0.2466],"evs":[0.0,-0.58952,-0.24044]},"76s":{"weight":1.0,"played":[0.3619,0.1355,0.5025],"evs":[0.0,-0.19203,0.01327]},"77":{"weight":1.0,"played":[3.0E-4,0.78,0.2197],"evs":[0.0,1.37913,1.19861]},"87o":{"weight":1.0,"played":[0.9039,0.0014,0.0947],"evs":[0.0,-0.98899,-0.7986]},"97o":{"weight":1.0,"played":[0.9347,9.0E-4,0.0644],"evs":[0.0,-1.53063,-1.38158]},"T7o":{"weight":1.0,"played":[0.9977,0.0,0.0022],"evs":[0.0,-1.66877,-1.73481]},"J7o":{"weight":1.0,"played":[0.9998,1.0E-4,1.0E-4],"evs":[0.0,-2.4688,-2.54794]},"Q7o":{"weight":1.0,"played":[0.9985,0.0,0.0015],"evs":[0.0,-1.94913,-1.99166]},"K7o":{"weight":1.0,"played":[0.9975,0.0,0.0025],"evs":[0.0,-1.86773,-1.76276]},"A7o":{"weight":1.0,"played":[0.9481,0.03,0.0218],"evs":[0.0,-1.28952,-1.31962]},"82s":{"weight":1.0,"played":[0.998,5.0E-4,0.0015],"evs":[0.0,-2.37193,-2.14473]},"83s":{"weight":1.0,"played":[0.9987,0.0,0.0012],"evs":[0.0,-2.27271,-1.90889]},"84s":{"weight":1.0,"played":[0.6978,0.1234,0.1787],"evs":[0.0,-1.04941,-0.90446]},"85s":{"weight":1.0,"played":[0.421,0.2581,0.3208],"evs":[0.0,-0.84837,-0.7956]},"86s":{"weight":1.0,"played":[0.6862,0.013,0.3008],"evs":[0.0,-0.28659,0.1262]},"87s":{"weight":1.0,"played":[0.0139,0.077,0.9091],"evs":[0.0,0.39086,0.85623]},"88":{"weight":1.0,"played":[0.0833,0.2276,0.6892],"evs":[0.0,2.22619,2.31631]},"98o":{"weight":1.0,"played":[0.9266,0.0054,0.068],"evs":[0.0,-1.21603,-1.12669]},"T8o":{"weight":1.0,"played":[0.978,0.0013,0.0207],"evs":[0.0,-1.03821,-0.97058]},"J8o":{"weight":1.0,"played":[0.9894,0.0031,0.0074],"evs":[0.0,-2.15507,-2.08639]},"Q8o":{"weight":1.0,"played":[0.9994,6.0E-4,0.0],"evs":[0.0,-1.36148,-1.5111]},"K8o":{"weight":1.0,"played":[0.9975,0.0,0.0025],"evs":[0.0,-2.34563,-2.37143]},"A8o":{"weight":1.0,"played":[0.9671,0.0177,0.0152],"evs":[0.0,-1.27412,-1.37229]},"92s":{"weight":1.0,"played":[0.9766,0.0031,0.0204],"evs":[0.0,-2.18208,-1.96517]},"93s":{"weight":1.0,"played":[0.9725,0.0012,0.0263],"evs":[0.0,-1.9386,-1.69104]},"94s":{"weight":1.0,"played":[0.9663,0.0048,0.029],"evs":[0.0,-0.99076,-0.84165]},"95s":{"weight":1.0,"played":[0.7791,0.0953,0.1257],"evs":[0.0,-0.73894,-0.68056]},"96s":{"weight":1.0,"played":[0.9432,0.0162,0.0406],"evs":[0.0,-0.89578,-0.77319]},"97s":{"weight":1.0,"played":[0.9965,4.0E-4,0.0031],"evs":[0.0,-1.1119,-0.91833]},"98s":{"weight":1.0,"played":[0.3995,0.1773,0.4233],"evs":[0.0,0.22668,0.45355]},"99":{"weight":1.0,"played":[2.0E-4,0.7192,0.2806],"evs":[0.0,2.40959,2.48871]},"T9o":{"weight":1.0,"played":[0.9701,0.0012,0.0287],"evs":[0.0,-0.95029,-0.76591]},"J9o":{"weight":1.0,"played":[0.9985,0.0,0.0015],"evs":[0.0,-1.03164,-1.057]},"Q9o":{"weight":1.0,"played":[0.9765,9.0E-4,0.0226],"evs":[0.0,-1.08911,-0.82529]},"K9o":{"weight":1.0,"played":[0.9989,6.0E-4,5.0E-4],"evs":[0.0,-1.01435,-1.15783]},"A9o":{"weight":1.0,"played":[0.8749,0.0693,0.0558],"evs":[0.0,-0.17675,-0.15987]},"T2s":{"weight":1.0,"played":[0.9974,2.0E-4,0.0024],"evs":[0.0,-1.20911,-1.07814]},"T3s":{"weight":1.0,"played":[0.9969,0.0014,0.0017],"evs":[0.0,-0.69038,-0.67073]},"T4s":{"weight":1.0,"played":[0.9976,1.0E-4,0.0023],"evs":[0.0,-0.92718,-0.81401]},"T5s":{"weight":1.0,"played":[0.9735,0.0117,0.0148],"evs":[0.0,-1.21996,-1.21832]},"T6s":{"weight":1.0,"played":[0.9548,0.0192,0.026],"evs":[0.0,-0.72421,-0.57676]},"T7s":{"weight":1.0,"played":[0.8421,0.0557,0.1022],"evs":[0.0,-0.77295,-0.66436]},"T8s":{"weight":1.0,"played":[0.6986,0.0356,0.2658],"evs":[0.0,-0.26958,-0.19049]},"T9s":{"weight":1.0,"played":[0.1504,0.5002,0.3494],"evs":[0.0,0.41415,0.3653]},"TT":{"weight":1.0,"played":[0.0,0.6639,0.336],"evs":[0.0,3.10617,3.09141]},"JTo":{"weight":1.0,"played":[0.9783,9.0E-4,0.0208],"evs":[0.0,-1.15259,-0.96701]},"QTo":{"weight":1.0,"played":[0.9602,0.0107,0.0291],"evs":[0.0,-0.49388,-0.34592]},"KTo":{"weight":1.0,"played":[0.9379,0.0093,0.0528],"evs":[0.0,-0.37505,-0.28897]},"ATo":{"weight":1.0,"played":[0.0012,0.3273,0.6716],"evs":[0.0,0.67099,0.77626]},"J2s":{"weight":1.0,"played":[0.9626,0.0162,0.0213],"evs":[0.0,-2.68199,-2.61536]},"J3s":{"weight":1.0,"played":[0.9762,0.005,0.0188],"evs":[0.0,-1.23137,-1.064]},"J4s":{"weight":1.0,"played":[0.9361,0.0107,0.0532],"evs":[0.0,-1.80485,-1.56941]},"J5s":{"weight":1.0,"played":[0.9987,0.0011,3.0E-4],"evs":[0.0,-1.1877,-1.21852]},"J6s":{"weight":1.0,"played":[0.8425,0.0218,0.1357],"evs":[0.0,-2.05611,-1.90313]},"J7s":{"weight":1.0,"played":[0.9978,2.0E-4,0.002],"evs":[0.0,-1.0215,-0.94691]},"J8s":{"weight":1.0,"played":[0.9164,0.0494,0.0342],"evs":[0.0,-1.42096,-1.4282]},"J9s":{"weight":1.0,"played":[0.3303,0.3101,0.3597],"evs":[0.0,-0.20598,-0.3737]},"JTs":{"weight":1.0,"played":[0.0045,0.036,0.9595],"evs":[0.0,0.38,0.59559]},"JJ":{"weight":1.0,"played":[0.0,0.1059,0.8941],"evs":[0.0,4.6038,4.82105]},"QJo":{"weight":1.0,"played":[0.9971,0.0,0.0029],"evs":[0.0,-0.83124,-0.85409]},"KJo":{"weight":1.0,"played":[0.7459,0.0824,0.1716],"evs":[0.0,-0.79323,-0.73696]},"AJo":{"weight":1.0,"played":[0.0052,0.1816,0.8131],"evs":[0.0,0.95064,1.12508]},"Q2s":{"weight":1.0,"played":[0.9998,1.0E-4,1.0E-4],"evs":[0.0,-1.91312,-1.87535]},"Q3s":{"weight":1.0,"played":[0.9967,1.0E-4,0.0032],"evs":[0.0,-2.53172,-2.46303]},"Q4s":{"weight":1.0,"played":[0.9788,0.0027,0.0185],"evs":[0.0,-0.97679,-0.94023]},"Q5s":{"weight":1.0,"played":[0.9979,6.0E-4,0.0015],"evs":[0.0,-0.47833,-0.32645]},"Q6s":{"weight":1.0,"played":[0.9615,0.0,0.0385],"evs":[0.0,-0.62707,-0.65735]},"Q7s":{"weight":1.0,"played":[0.5698,0.1877,0.2425],"evs":[0.0,-0.46541,-0.39152]},"Q8s":{"weight":1.0,"played":[0.9264,0.0063,0.0672],"evs":[0.0,-1.02978,-0.85454]},"Q9s":{"weight":1.0,"played":[0.7387,0.1276,0.1336],"evs":[0.0,-0.29076,-0.20827]},"QTs":{"weight":1.0,"played":[0.283,0.4319,0.2851],"evs":[0.0,-0.73481,-0.73292]},"QJs":{"weight":1.0,"played":[0.3439,0.3354,0.3207],"evs":[0.0,0.24713,0.36154]},"QQ":{"weight":1.0,"played":[0.0,0.5636,0.4364],"evs":[0.0,6.74961,6.79126]},"KQo":{"weight":1.0,"played":[0.5056,0.2036,0.2909],"evs":[0.0,-0.20124,-0.24676]},"AQo":{"weight":1.0,"played":[0.0011,0.6548,0.3441],"evs":[0.0,1.93265,1.90158]},"K2s":{"weight":1.0,"played":[0.9979,0.001,0.0011],"evs":[0.0,-1.91388,-1.7453]},"K3s":{"weight":1.0,"played":[0.9942,0.0019,0.0039],"evs":[0.0,-1.50839,-1.3387]},"K4s":{"weight":1.0,"played":[0.9875,0.0101,0.0023],"evs":[0.0,-1.06646,-1.07649]},"K5s":{"weight":1.0,"played":[0.7608,0.1584,0.0808],"evs":[0.0,-0.75354,-0.80602]},"K6s":{"weight":1.0,"played":[0.9362,0.0178,0.0461],"evs":[0.0,-1.33568,-1.18079]},"K7s":{"weight":1.0,"played":[0.7369,0.0212,0.2418],"evs":[0.0,0.24755,0.53346]},"K8s":{"weight":1.0,"played":[0.4283,0.307,0.2647],"evs":[0.0,-0.43138,-0.4429]},"K9s":{"weight":1.0,"played":[0.356,0.3915,0.2525],"evs":[0.0,-0.42864,-0.26013]},"KTs":{"weight":1.0,"played":[0.7193,0.1213,0.1593],"evs":[0.0,-0.70745,-0.78885]},"KJs":{"weight":1.0,"played":[0.1488,0.2659,0.5853],"evs":[0.0,-0.21598,-0.25391]},"KQs":{"weight":1.0,"played":[0.0,0.8818,0.1182],"evs":[0.0,2.35768,2.14385]},"KK":{"weight":1.0,"played":[1.0E-4,0.0,0.9999],"evs":[0.0,11.12602,11.40047]},"AKo":{"weight":1.0,"played":[2.0E-4,0.5144,0.4854],"evs":[0.0,2.6135,2.50944]},"A2s":{"weight":1.0,"played":[0.2747,0.2215,0.5038],"evs":[0.0,-0.17926,-0.04881]},"A3s":{"weight":1.0,"played":[0.977,1.0E-4,0.0229],"evs":[0.0,-0.66266,-0.5444]},"A4s":{"weight":1.0,"played":[0.9324,0.0345,0.0331],"evs":[0.0,-0.15804,-0.19318]},"A5s":{"weight":1.0,"played":[0.7416,0.118,0.1404],"evs":[0.0,-0.37903,-0.49571]},"A6s":{"weight":1.0,"played":[0.2494,0.4321,0.3185],"evs":[0.0,-0.60135,-0.62681]},"A7s":{"weight":1.0,"played":[0.2616,0.4973,0.2411],"evs":[0.0,0.841,0.62025]},"A8s":{"weight":1.0,"played":[0.2025,0.3875,0.41],"evs":[0.0,0.32486,0.32217]},"A9s":{"weight":1.0,"played":[0.001,0.2552,0.7438],"evs":[0.0,0.43984,0.48067]},"ATs":{"weight":1.0,"played":[0.0566,0.6549,0.2885],"evs":[0.0,2.19441,2.03728]},"AJs":{"weight":1.0,"played":[0.0087,0.4194,0.5718],"evs":[0.0,1.46394,1.4805]},"AQs":{"weight":1.0,"played":[0.0,0.3217,0.6783],"evs":[0.0,3.49955,3.54778]},"AKs":{"weight":1.0,"played":[0.0,1.0E-4,0.9998],"evs":[0.0,3.29827,3.44087]},"AA":{"weight":1.0,"played":[0.0,9.0E-4,0.9991],"evs":[0.0,13.24493,13.6363]}}}