{"player":4,"street":0,"children":2,"sequence":[{"player":0,"type":"F","amount":0,"street":0},{"player":1,"type":"R","amount":985000,"street":0},{"player":2,"type":"F","amount":0,"street":0},{"player":3,"type":"C","amount":985000,"street":0},{"player":4,"type":"C","amount":935000,"street":0},{"player":5,"type":"R","amount":995000,"street":0},{"player":3,"type":"C","amount":10000,"street":0}],"actions":[{"type":"F","amount":0},{"type":"C","amount":10000}],"hands":{"22":{"weight":0.0,"played":[0.0,1.0],"evs":[0.0,6.09152]},"32o":{"weight":0.0,"played":[0.0,1.0],"evs":[0.0,4.32334]},"42o":{"weight":0.0,"played":[0.0,1.0],"evs":[0.0,4.2366]},"52o":{"weight":0.0,"played":[0.0,1.0],"evs":[0.0,4.75418]},"62o":{"weight":0.0,"played":[0.0,1.0],"evs":[0.0,4.18606]},"72o":{"weight":0.0,"played":[0.0,1.0],"evs":[0.0,3.84034]},"82o":{"weight":0.0,"played":[0.0,1.0],"evs":[0.0,3.49166]},"92o":{"weight":0.0,"played":[0.0,1.0],"evs":[0.0,3.85978]},"T2o":{"weight":0.0,"played":[0.0,1.0],"evs":[0.0,3.8401]},"J2o":{"weight":0.0,"played":[0.0,1.0],"evs":[0.0,4.32217]},"Q2o":{"weight":0.0,"played":[0.0,1.0],"evs":[0.0,4.4141]},"K2o":{"weight":0.0,"played":[0.0,1.0],"evs":[0.0,4.45238]},"A2o":{"weight":0.0,"played":[0.0,1.0],"evs":[0.0,4.40273]},"32s":{"weight":0.0,"played":[0.0,1.0],"evs":[0.0,5.52443]},"33":{"weight":1.0E-4,"played":[0.0,1.0],"evs":[0.0,6.6588]},"43o":{"weight":0.0,"played":[0.0,1.0],"evs":[0.0,5.03709]},"53o":{"weight":0.0,"played":[0.0,1.0],"evs":[0.0,5.07426]},"63o":{"weight":0.0,"played":[0.0,1.0],"evs":[0.0,4.747]},"73o":{"weight":0.0,"played":[0.0,1.0],"evs":[0.0,4.31151]},"83o":{"weight":0.0,"played":[0.0,1.0],"evs":[0.0,3.8171]},"93o":{"weight":0.0,"played":[0.0,1.0],"evs":[0.0,3.83506]},"T3o":{"weight":0.0,"played":[0.0,1.0],"evs":[0.0,4.15084]},"J3o":{"weight":0.0,"played":[0.0,1.0],"evs":[0.0,4.1606]},"Q3o":{"weight":0.0,"played":[0.0,1.0],"evs":[0.0,4.76419]},"K3o":{"weight":0.0,"played":[0.0,1.0],"evs":[0.0,4.91706]},"A3o":{"weight":0.0,"played":[0.0,1.0],"evs":[0.0,4.74979]},"42s":{"weight":0.0,"played":[0.0,1.0],"evs":[0.0,6.60205]},"43s":{"weight":0.0,"played":[0.0,1.0],"evs":[0.0,6.67887]},"44":{"weight":1.0E-4,"played":[0.0,1.0],"evs":[0.0,7.72476]},"54o":{"weight":0.0,"played":[0.0,1.0],"evs":[0.0,5.87467]},"64o":{"weight":0.0,"played":[0.0,1.0],"evs":[0.0,5.45874]},"74o":{"weight":0.0,"played":[0.0,1.0],"evs":[0.0,4.97507]},"84o":{"weight":0.0,"played":[0.0,1.0],"evs":[0.0,4.62522]},"94o":{"weight":0.0,"played":[0.0,1.0],"evs":[0.0,4.29418]},"T4o":{"weight":0.0,"played":[0.0,1.0],"evs":[0.0,4.47002]},"J4o":{"weight":0.0,"played":[0.0,1.0],"evs":[0.0,4.56149]},"Q4o":{"weight":0.0,"played":[0.0,1.0],"evs":[0.0,4.86094]},"K4o":{"weight":0.0,"played":[0.0,1.0],"evs":[0.0,5.01275]},"A4o":{"weight":0.0,"played":[0.0,1.0],"evs":[0.0,5.0205]},"52s":{"weight":0.0,"played":[0.0,1.0],"evs":[0.0,6.18731]},"53s":{"weight":0.0,"played":[0.0,1.0],"evs":[0.0,6.07102]},"54s":{"weight":0.0,"played":[0.0,1.0],"evs":[0.0,7.18705]},"55":{"weight":9.0E-4,"played":[0.0,1.0],"evs":[0.0,8.3363]},"65o":{"weight":0.0,"played":[0.0,1.0],"evs":[0.0,6.03967]},"75o":{"weight":0.0,"played":[0.0,1.0],"evs":[0.0,5.6601]},"85o":{"weight":0.0,"played":[0.0,1.0],"evs":[0.0,5.3416]},"95o":{"weight":0.0,"played":[0.0,1.0],"evs":[0.0,5.07547]},"T5o":{"weight":0.0,"played":[0.0,1.0],"evs":[0.0,4.54768]},"J5o":{"weight":0.0,"played":[0.0,1.0],"evs":[0.0,4.74919]},"Q5o":{"weight":0.0,"played":[0.0,1.0],"evs":[0.0,5.05843]},"K5o":{"weight":0.0,"played":[0.0,1.0],"evs":[0.0,5.1426]},"A5o":{"weight":0.0,"played":[0.0,1.0],"evs":[0.0,4.93853]},"62s":{"weight":0.0,"played":[0.0,1.0],"evs":[0.0,5.97688]},"63s":{"weight":0.0,"played":[0.0,1.0],"evs":[0.0,5.7925]},"64s":{"weight":1.0E-4,"played":[0.0,1.0],"evs":[0.0,7.06406]},"65s":{"weight":0.0,"played":[1.0E-4,0.9999],"evs":[0.0,7.51175]},"66":{"weight":0.2415,"played":[0.0,1.0],"evs":[0.0,9.25116]},"76o":{"weight":0.0,"played":[0.0,1.0],"evs":[0.0,6.40892]},"86o":{"weight":0.0,"played":[0.0,1.0],"evs":[0.0,5.73167]},"96o":{"weight":0.0,"played":[0.0,1.0],"evs":[0.0,5.37572]},"T6o":{"weight":0.0,"played":[0.0,1.0],"evs":[0.0,5.08776]},"J6o":{"weight":0.0,"played":[0.0,1.0],"evs":[0.0,4.40322]},"Q6o":{"weight":0.0,"played":[0.0,1.0],"evs":[0.0,5.10146]},"K6o":{"weight":0.0,"played":[0.0,1.0],"evs":[0.0,5.69716]},"A6o":{"weight":0.0,"played":[0.0,1.0],"evs":[0.0,4.88438]},"72s":{"weight":0.0,"played":[0.0,1.0],"evs":[0.0,5.16064]},"73s":{"weight":0.0,"played":[1.0E-4,0.9999],"evs":[0.0,5.09572]},"74s":{"weight":0.0,"played":[0.0,1.0],"evs":[0.0,6.84764]},"75s":{"weight":0.0,"played":[0.0,1.0],"evs":[0.0,7.52552]},"76s":{"weight":4.0E-4,"played":[0.0,1.0],"evs":[0.0,7.23773]},"77":{"weight":0.0801,"played":[0.0,1.0],"evs":[0.0,10.26315]},"87o":{"weight":0.0,"played":[0.0,1.0],"evs":[0.0,6.20591]},"97o":{"weight":0.0,"played":[0.0,1.0],"evs":[0.0,5.84159]},"T7o":{"weight":0.0,"played":[0.0,1.0],"evs":[0.0,5.60536]},"J7o":{"weight":0.0,"played":[0.0,1.0],"evs":[0.0,5.01311]},"Q7o":{"weight":0.0,"played":[0.0,1.0],"evs":[0.0,5.05581]},"K7o":{"weight":0.0,"played":[0.0,1.0],"evs":[0.0,5.99173]},"A7o":{"weight":0.0,"played":[0.0,1.0],"evs":[0.0,5.06519]},"82s":{"weight":0.0,"played":[0.0,1.0],"evs":[0.0,5.78268]},"83s":{"weight":0.0,"played":[3.0E-4,0.9997],"evs":[0.0,4.95575]},"84s":{"weight":0.0,"played":[0.0,1.0],"evs":[0.0,6.34962]},"85s":{"weight":0.0,"played":[0.0,1.0],"evs":[0.0,6.72857]},"86s":{"weight":2.0E-4,"played":[0.0,1.0],"evs":[0.0,7.15775]},"87s":{"weight":0.0,"played":[0.0,1.0],"evs":[0.0,7.71041]},"88":{"weight":0.1089,"played":[0.0,1.0],"evs":[0.0,11.0204]},"98o":{"weight":0.0,"played":[0.0,1.0],"evs":[0.0,6.08587]},"T8o":{"weight":0.0,"played":[0.0,1.0],"evs":[0.0,6.05031]},"J8o":{"weight":0.0,"played":[0.0,1.0],"evs":[0.0,5.22073]},"Q8o":{"weight":0.0,"played":[0.0,1.0],"evs":[0.0,5.68859]},"K8o":{"weight":0.0,"played":[0.0,1.0],"evs":[0.0,5.66236]},"A8o":{"weight":1.0E-4,"played":[0.0,1.0],"evs":[0.0,5.52934]},"92s":{"weight":0.0,"played":[0.0,1.0],"evs":[0.0,5.54744]},"93s":{"weight":0.0,"played":[0.0,1.0],"evs":[0.0,5.54892]},"94s":{"weight":0.0,"played":[1.0E-4,0.9999],"evs":[0.0,5.8893]},"95s":{"weight":0.0,"played":[1.0E-4,0.9999],"evs":[0.0,6.39841]},"96s":{"weight":0.0,"played":[0.0,1.0],"evs":[0.0,7.11937]},"97s":{"weight":1.0E-4,"played":[0.0,1.0],"evs":[0.0,7.48057]},"98s":{"weight":1.0E-4,"played":[0.0,1.0],"evs":[0.0,7.9186]},"99":{"weight":0.0772,"played":[0.0,1.0],"evs":[0.0,12.936]},"T9o":{"weight":0.0,"played":[0.0,1.0],"evs":[0.0,6.19607]},"J9o":{"weight":0.0,"played":[0.0,1.0],"evs":[0.0,5.57524]},"Q9o":{"weight":0.0,"played":[0.0,1.0],"evs":[0.0,6.20912]},"K9o":{"weight":0.0,"played":[0.0,1.0],"evs":[0.0,6.39356]},"A9o":{"weight":1.0E-4,"played":[0.0,1.0],"evs":[0.0,5.97911]},"T2s":{"weight":0.0,"played":[0.0,1.0],"evs":[0.0,5.81641]},"T3s":{"weight":0.0,"played":[0.0,1.0],"evs":[0.0,5.47245]},"T4s":{"weight":0.0,"played":[0.0,1.0],"evs":[0.0,5.53077]},"T5s":{"weight":0.0,"played":[0.0,1.0],"evs":[0.0,5.70782]},"T6s":{"weight":0.0,"played":[0.0,1.0],"evs":[0.0,6.50262]},"T7s":{"weight":0.0,"played":[0.0,1.0],"evs":[0.0,6.9351]},"T8s":{"weight":0.0,"played":[0.0,1.0],"evs":[0.0,7.34116]},"T9s":{"weight":1.0E-4,"played":[0.0,1.0],"evs":[0.0,8.67727]},"TT":{"weight":0.0015,"played":[0.0,1.0],"evs":[0.0,14.20191]},"JTo":{"weight":0.0,"played":[0.0,1.0],"evs":[0.0,6.8232]},"QTo":{"weight":0.0,"played":[0.0,1.0],"evs":[0.0,6.9348]},"KTo":{"weight":0.0,"played":[0.0,1.0],"evs":[0.0,6.66314]},"ATo":{"weight":0.0,"played":[0.0,1.0],"evs":[0.0,7.02683]},"J2s":{"weight":0.0,"played":[0.0,1.0],"evs":[0.0,5.54438]},"J3s":{"weight":0.0,"played":[0.0,1.0],"evs":[0.0,5.53703]},"J4s":{"weight":0.0,"played":[0.0,1.0],"evs":[0.0,5.8512]},"J5s":{"weight":0.0,"played":[0.0,1.0],"evs":[0.0,6.27732]},"J6s":{"weight":0.0,"played":[0.0,1.0],"evs":[0.0,5.84168]},"J7s":{"weight":0.0,"played":[0.0,1.0],"evs":[0.0,6.37147]},"J8s":{"weight":0.0,"played":[0.0,1.0],"evs":[0.0,7.00199]},"J9s":{"weight":1.0E-4,"played":[0.0,1.0],"evs":[0.0,8.58341]},"JTs":{"weight":0.0045,"played":[0.0,1.0],"evs":[0.0,8.04289]},"JJ":{"weight":0.0022,"played":[0.0,1.0],"evs":[0.0,16.05013]},"QJo":{"weight":1.0E-4,"played":[0.0,1.0],"evs":[0.0,7.16488]},"KJo":{"weight":5.0E-4,"played":[0.0,1.0],"evs":[0.0,7.34678]},"AJo":{"weight":0.0014,"played":[0.0,1.0],"evs":[0.0,8.34922]},"Q2s":{"weight":0.0,"played":[0.0,1.0],"evs":[0.0,5.79975]},"Q3s":{"weight":0.0,"played":[0.0,1.0],"evs":[0.0,6.06554]},"Q4s":{"weight":0.0,"played":[0.0,1.0],"evs":[0.0,6.75801]},"Q5s":{"weight":0.0,"played":[0.0,1.0],"evs":[0.0,6.49505]},"Q6s":{"weight":0.0,"played":[0.0,1.0],"evs":[0.0,6.6123]},"Q7s":{"weight":0.0,"played":[1.0E-4,0.9999],"evs":[0.0,5.99309]},"Q8s":{"weight":2.0E-4,"played":[0.0,1.0],"evs":[0.0,7.52179]},"Q9s":{"weight":3.0E-4,"played":[0.0,1.0],"evs":[0.0,8.12451]},"QTs":{"weight":0.0563,"played":[0.0,1.0],"evs":[0.0,7.90924]},"QJs":{"weight":0.2655,"played":[0.0,1.0],"evs":[0.0,8.17456]},"QQ":{"weight":4.0E-4,"played":[0.0,1.0],"evs":[0.0,18.46921]},"KQo":{"weight":0.0519,"played":[0.0,1.0],"evs":[0.0,8.5741]},"AQo":{"weight":8.0E-4,"played":[0.0,1.0],"evs":[0.0,10.44102]},"K2s":{"weight":0.0,"played":[0.0,1.0],"evs":[0.0,6.02915]},"K3s":{"weight":0.0,"played":[0.0,1.0],"evs":[0.0,6.33693]},"K4s":{"weight":0.0,"played":[0.0,1.0],"evs":[0.0,6.47212]},"K5s":{"weight":0.0,"played":[0.0,1.0],"evs":[0.0,5.79215]},"K6s":{"weight":3.0E-4,"played":[0.0,1.0],"evs":[0.0,6.68352]},"K7s":{"weight":0.0,"played":[0.0,1.0],"evs":[0.0,7.87309]},"K8s":{"weight":0.0,"played":[0.0,1.0],"evs":[0.0,7.29435]},"K9s":{"weight":3.0E-4,"played":[0.0,1.0],"evs":[0.0,7.35961]},"KTs":{"weight":0.0047,"played":[0.0,1.0],"evs":[0.0,8.20656]},"KJs":{"weight":0.999,"played":[0.0,1.0],"evs":[0.0,9.13114]},"KQs":{"weight":0.4448,"played":[0.0,1.0],"evs":[0.0,10.36696]},"KK":{"weight":0.0058,"played":[0.0,1.0],"evs":[0.0,22.1017]},"AKo":{"weight":0.0014,"played":[0.0,1.0],"evs":[0.0,12.00387]},"A2s":{"weight":0.0,"played":[0.0,1.0],"evs":[0.0,5.60063]},"A3s":{"weight":0.0,"played":[0.0,1.0],"evs":[0.0,6.18909]},"A4s":{"weight":9.0E-4,"played":[0.0,1.0],"evs":[0.0,7.02308]},"A5s":{"weight":1.0E-4,"played":[0.0,1.0],"evs":[0.0,6.38417]},"A6s":{"weight":0.0,"played":[0.0,1.0],"evs":[0.0,6.7412]},"A7s":{"weight":0.0024,"played":[0.0,1.0],"evs":[0.0,6.5151]},"A8s":{"weight":0.002,"played":[0.0,1.0],"evs":[0.0,6.8831]},"A9s":{"weight":0.0795,"played":[0.0,1.0],"evs":[0.0,6.76656]},"ATs":{"weight":6.0E-4,"played":[0.0,1.0],"evs":[0.0,8.59939]},"AJs":{"weight":0.0018,"played":[0.0,1.0],"evs":[0.0,10.57986]},"AQs":{"weight":0.0013,"played":[0.0,1.0],"evs":[0.0,11.81692]},"AKs":{"weight":0.0095,"played":[0.0,1.0],"evs":[0.0,12.7122]},"AA":{"weight":2.0E-4,"played":[0.0,1.0],"evs":[0.0,27.37779]}}}