{"player":5,"street":0,"children":2,"sequence":[{"player":0,"type":"F","amount":0,"street":0},{"player":1,"type":"R","amount":985000,"street":0},{"player":2,"type":"F","amount":0,"street":0},{"player":3,"type":"R","amount":1815000,"street":0},{"player":4,"type":"C","amount":1765000,"street":0}],"actions":[{"type":"F","amount":0},{"type":"C","amount":895000}],"hands":{"22":{"weight":1.0,"played":[0.9999,1.0E-4],"evs":[0.0,-1.00385]},"32o":{"weight":1.0,"played":[1.0,0.0],"evs":[0.0,-2.56871]},"42o":{"weight":1.0,"played":[1.0,0.0],"evs":[0.0,-2.69668]},"52o":{"weight":1.0,"played":[1.0,0.0],"evs":[0.0,-2.41068]},"62o":{"weight":1.0,"played":[1.0,0.0],"evs":[0.0,-2.09267]},"72o":{"weight":1.0,"played":[0.9992,8.0E-4],"evs":[0.0,-2.71874]},"82o":{"weight":1.0,"played":[1.0,0.0],"evs":[0.0,-3.07359]},"92o":{"weight":1.0,"played":[1.0,0.0],"evs":[0.0,-2.66453]},"T2o":{"weight":1.0,"played":[1.0,0.0],"evs":[0.0,-2.86056]},"J2o":{"weight":1.0,"played":[0.9998,2.0E-4],"evs":[0.0,-2.71875]},"Q2o":{"weight":1.0,"played":[0.9994,6.0E-4],"evs":[0.0,-2.11875]},"K2o":{"weight":1.0,"played":[1.0,0.0],"evs":[0.0,-2.54528]},"A2o":{"weight":1.0,"played":[0.9999,1.0E-4],"evs":[0.0,-3.57425]},"32s":{"weight":1.0,"played":[0.9983,0.0017],"evs":[0.0,-1.64283]},"33":{"weight":1.0,"played":[0.9958,0.0042],"evs":[0.0,-0.957]},"43o":{"weight":1.0,"played":[0.9999,1.0E-4],"evs":[0.0,-1.63246]},"53o":{"weight":1.0,"played":[0.9999,1.0E-4],"evs":[0.0,-1.76385]},"63o":{"weight":1.0,"played":[0.9999,1.0E-4],"evs":[0.0,-2.09159]},"73o":{"weight":1.0,"played":[1.0,0.0],"evs":[0.0,-2.4915]},"83o":{"weight":1.0,"played":[0.9999,1.0E-4],"evs":[0.0,-2.83081]},"93o":{"weight":1.0,"played":[1.0,0.0],"evs":[0.0,-2.70217]},"T3o":{"weight":1.0,"played":[1.0,0.0],"evs":[0.0,-2.72471]},"J3o":{"weight":1.0,"played":[0.9999,1.0E-4],"evs":[0.0,-2.62209]},"Q3o":{"weight":1.0,"played":[1.0,0.0],"evs":[0.0,-2.44465]},"K3o":{"weight":1.0,"played":[0.9994,6.0E-4],"evs":[0.0,-1.85143]},"A3o":{"weight":1.0,"played":[0.9998,2.0E-4],"evs":[0.0,-2.96575]},"42s":{"weight":1.0,"played":[0.9997,3.0E-4],"evs":[0.0,-1.00698]},"43s":{"weight":1.0,"played":[0.8413,0.1587],"evs":[0.0,-1.16093]},"44":{"weight":1.0,"played":[0.9919,0.0081],"evs":[0.0,-0.73395]},"54o":{"weight":1.0,"played":[0.9999,1.0E-4],"evs":[0.0,-0.97751]},"64o":{"weight":1.0,"played":[0.9998,2.0E-4],"evs":[0.0,-1.78511]},"74o":{"weight":1.0,"played":[0.9998,2.0E-4],"evs":[0.0,-1.96649]},"84o":{"weight":1.0,"played":[1.0,0.0],"evs":[0.0,-2.27762]},"94o":{"weight":1.0,"played":[1.0,0.0],"evs":[0.0,-2.63493]},"T4o":{"weight":1.0,"played":[1.0,0.0],"evs":[0.0,-2.39198]},"J4o":{"weight":1.0,"played":[0.9998,2.0E-4],"evs":[0.0,-2.35363]},"Q4o":{"weight":1.0,"played":[0.9998,2.0E-4],"evs":[0.0,-2.29134]},"K4o":{"weight":1.0,"played":[0.9998,2.0E-4],"evs":[0.0,-1.68054]},"A4o":{"weight":1.0,"played":[0.9998,2.0E-4],"evs":[0.0,-2.55489]},"52s":{"weight":1.0,"played":[1.0,0.0],"evs":[0.0,-1.86512]},"53s":{"weight":1.0,"played":[0.9796,0.0204],"evs":[0.0,-0.78123]},"54s":{"weight":1.0,"played":[0.9994,6.0E-4],"evs":[0.0,-0.36771]},"55":{"weight":1.0,"played":[0.1464,0.8536],"evs":[0.0,0.32475]},"65o":{"weight":1.0,"played":[0.9973,0.0027],"evs":[0.0,-1.03614]},"75o":{"weight":1.0,"played":[1.0,0.0],"evs":[0.0,-1.33475]},"85o":{"weight":1.0,"played":[0.9998,2.0E-4],"evs":[0.0,-1.73546]},"95o":{"weight":1.0,"played":[0.9983,0.0017],"evs":[0.0,-2.00514]},"T5o":{"weight":1.0,"played":[1.0,0.0],"evs":[0.0,-2.29898]},"J5o":{"weight":1.0,"played":[1.0,0.0],"evs":[0.0,-2.0514]},"Q5o":{"weight":1.0,"played":[1.0,0.0],"evs":[0.0,-1.70741]},"K5o":{"weight":1.0,"played":[1.0,0.0],"evs":[0.0,-1.95194]},"A5o":{"weight":1.0,"played":[1.0,0.0],"evs":[0.0,-2.12254]},"62s":{"weight":1.0,"played":[0.9999,1.0E-4],"evs":[0.0,-1.85193]},"63s":{"weight":1.0,"played":[0.9999,1.0E-4],"evs":[0.0,-1.19969]},"64s":{"weight":1.0,"played":[0.9856,0.0144],"evs":[0.0,-0.37615]},"65s":{"weight":1.0,"played":[0.1293,0.8707],"evs":[0.0,0.23059]},"66":{"weight":1.0,"played":[0.1651,0.8349],"evs":[0.0,0.41213]},"76o":{"weight":1.0,"played":[0.9996,4.0E-4],"evs":[0.0,-1.09709]},"86o":{"weight":1.0,"played":[0.9926,0.0074],"evs":[0.0,-1.28597]},"96o":{"weight":1.0,"played":[0.9998,2.0E-4],"evs":[0.0,-1.82933]},"T6o":{"weight":1.0,"played":[0.9998,2.0E-4],"evs":[0.0,-1.83721]},"J6o":{"weight":1.0,"played":[1.0,0.0],"evs":[0.0,-2.13269]},"Q6o":{"weight":1.0,"played":[1.0,0.0],"evs":[0.0,-1.33867]},"K6o":{"weight":1.0,"played":[1.0,0.0],"evs":[0.0,-1.47552]},"A6o":{"weight":1.0,"played":[0.9978,0.0022],"evs":[0.0,-2.78734]},"72s":{"weight":1.0,"played":[1.0,0.0],"evs":[0.0,-1.48845]},"73s":{"weight":1.0,"played":[0.9971,0.0029],"evs":[0.0,-1.17533]},"74s":{"weight":1.0,"played":[0.9791,0.0209],"evs":[0.0,-1.30611]},"75s":{"weight":1.0,"played":[0.6348,0.3652],"evs":[0.0,0.20065]},"76s":{"weight":1.0,"played":[0.9928,0.0072],"evs":[0.0,-0.61989]},"77":{"weight":1.0,"played":[0.0021,0.9979],"evs":[0.0,1.4554]},"87o":{"weight":1.0,"played":[0.9989,0.0011],"evs":[0.0,-1.05433]},"97o":{"weight":1.0,"played":[0.9992,8.0E-4],"evs":[0.0,-1.53321]},"T7o":{"weight":1.0,"played":[0.9997,3.0E-4],"evs":[0.0,-1.27046]},"J7o":{"weight":1.0,"played":[0.9997,3.0E-4],"evs":[0.0,-1.77247]},"Q7o":{"weight":1.0,"played":[1.0,0.0],"evs":[0.0,-1.72924]},"K7o":{"weight":1.0,"played":[0.998,0.002],"evs":[0.0,-1.20081]},"A7o":{"weight":1.0,"played":[0.9999,1.0E-4],"evs":[0.0,-2.53409]},"82s":{"weight":1.0,"played":[0.9995,5.0E-4],"evs":[0.0,-1.4616]},"83s":{"weight":1.0,"played":[0.9535,0.0465],"evs":[0.0,-1.64698]},"84s":{"weight":1.0,"played":[0.9994,6.0E-4],"evs":[0.0,-1.0759]},"85s":{"weight":1.0,"played":[0.996,0.004],"evs":[0.0,-0.70711]},"86s":{"weight":1.0,"played":[0.7042,0.2958],"evs":[0.0,0.29121]},"87s":{"weight":1.0,"played":[0.2167,0.7833],"evs":[0.0,0.33495]},"88":{"weight":1.0,"played":[0.001,0.999],"evs":[0.0,1.68687]},"98o":{"weight":1.0,"played":[0.9993,7.0E-4],"evs":[0.0,-0.7716]},"T8o":{"weight":1.0,"played":[0.9984,0.0016],"evs":[0.0,-1.12669]},"J8o":{"weight":1.0,"played":[0.9983,0.0017],"evs":[0.0,-1.29199]},"Q8o":{"weight":1.0,"played":[0.9989,0.0011],"evs":[0.0,-1.60293]},"K8o":{"weight":1.0,"played":[0.9995,5.0E-4],"evs":[0.0,-2.04744]},"A8o":{"weight":1.0,"played":[0.9978,0.0022],"evs":[0.0,-2.21334]},"92s":{"weight":1.0,"played":[0.9982,0.0018],"evs":[0.0,-1.33396]},"93s":{"weight":1.0,"played":[0.9991,9.0E-4],"evs":[0.0,-1.04591]},"94s":{"weight":1.0,"played":[0.948,0.052],"evs":[0.0,-1.5527]},"95s":{"weight":1.0,"played":[0.9998,2.0E-4],"evs":[0.0,-0.89528]},"96s":{"weight":1.0,"played":[0.7731,0.2269],"evs":[0.0,-0.06368]},"97s":{"weight":1.0,"played":[0.8077,0.1923],"evs":[0.0,-0.36781]},"98s":{"weight":1.0,"played":[0.833,0.167],"evs":[0.0,-0.55141]},"99":{"weight":1.0,"played":[1.0E-4,0.9999],"evs":[0.0,2.26142]},"T9o":{"weight":1.0,"played":[0.9979,0.0021],"evs":[0.0,-0.61862]},"J9o":{"weight":1.0,"played":[0.996,0.004],"evs":[0.0,-0.82193]},"Q9o":{"weight":1.0,"played":[0.9996,4.0E-4],"evs":[0.0,-1.25964]},"K9o":{"weight":1.0,"played":[0.9981,0.0019],"evs":[0.0,-0.78409]},"A9o":{"weight":1.0,"played":[0.9918,0.0082],"evs":[0.0,-1.736]},"T2s":{"weight":1.0,"played":[0.9916,0.0084],"evs":[0.0,-0.9669]},"T3s":{"weight":1.0,"played":[0.9999,1.0E-4],"evs":[0.0,-0.66376]},"T4s":{"weight":1.0,"played":[0.9803,0.0197],"evs":[0.0,-0.7787]},"T5s":{"weight":1.0,"played":[0.9975,0.0025],"evs":[0.0,-1.02247]},"T6s":{"weight":1.0,"played":[0.9455,0.0545],"evs":[0.0,-0.34867]},"T7s":{"weight":1.0,"played":[0.6051,0.3949],"evs":[0.0,0.64152]},"T8s":{"weight":1.0,"played":[0.2229,0.7771],"evs":[0.0,0.22532]},"T9s":{"weight":1.0,"played":[0.0712,0.9288],"evs":[0.0,0.93563]},"TT":{"weight":1.0,"played":[0.0,1.0],"evs":[0.0,3.35048]},"JTo":{"weight":1.0,"played":[0.9075,0.0925],"evs":[0.0,-0.11213]},"QTo":{"weight":1.0,"played":[0.9895,0.0105],"evs":[0.0,-0.77197]},"KTo":{"weight":1.0,"played":[0.9957,0.0043],"evs":[0.0,-0.82731]},"ATo":{"weight":1.0,"played":[0.999,0.001],"evs":[0.0,-0.88513]},"J2s":{"weight":1.0,"played":[0.9959,0.0041],"evs":[0.0,-1.26521]},"J3s":{"weight":1.0,"played":[0.997,0.003],"evs":[0.0,-1.34056]},"J4s":{"weight":1.0,"played":[0.9999,1.0E-4],"evs":[0.0,-2.14643]},"J5s":{"weight":1.0,"played":[0.9844,0.0156],"evs":[0.0,-1.15292]},"J6s":{"weight":1.0,"played":[0.9999,1.0E-4],"evs":[0.0,-0.80631]},"J7s":{"weight":1.0,"played":[0.8711,0.1289],"evs":[0.0,-0.29956]},"J8s":{"weight":1.0,"played":[0.815,0.185],"evs":[0.0,-0.35766]},"J9s":{"weight":1.0,"played":[0.3918,0.6082],"evs":[0.0,0.12663]},"JTs":{"weight":1.0,"played":[0.2694,0.7306],"evs":[0.0,0.85218]},"JJ":{"weight":1.0,"played":[0.0,1.0],"evs":[0.0,5.65567]},"QJo":{"weight":1.0,"played":[0.9281,0.0719],"evs":[0.0,-0.07745]},"KJo":{"weight":1.0,"played":[0.8357,0.1643],"evs":[0.0,-0.08337]},"AJo":{"weight":1.0,"played":[0.7136,0.2864],"evs":[0.0,-0.38599]},"Q2s":{"weight":1.0,"played":[0.9972,0.0028],"evs":[0.0,-1.9089]},"Q3s":{"weight":1.0,"played":[0.9779,0.0221],"evs":[0.0,-1.39485]},"Q4s":{"weight":1.0,"played":[0.9961,0.0039],"evs":[0.0,-1.02925]},"Q5s":{"weight":1.0,"played":[0.9556,0.0444],"evs":[0.0,-0.75419]},"Q6s":{"weight":1.0,"played":[0.5031,0.4969],"evs":[0.0,0.14445]},"Q7s":{"weight":1.0,"played":[0.9997,3.0E-4],"evs":[0.0,-1.34221]},"Q8s":{"weight":1.0,"played":[0.8984,0.1016],"evs":[0.0,-0.35631]},"Q9s":{"weight":1.0,"played":[0.2326,0.7674],"evs":[0.0,-0.00728]},"QTs":{"weight":1.0,"played":[0.624,0.376],"evs":[0.0,-0.03187]},"QJs":{"weight":1.0,"played":[0.1092,0.8908],"evs":[0.0,0.65117]},"QQ":{"weight":1.0,"played":[0.0,1.0],"evs":[0.0,6.89045]},"KQo":{"weight":1.0,"played":[0.4909,0.5091],"evs":[0.0,0.35416]},"AQo":{"weight":1.0,"played":[0.0,1.0],"evs":[0.0,0.54519]},"K2s":{"weight":1.0,"played":[0.9991,9.0E-4],"evs":[0.0,-1.01002]},"K3s":{"weight":1.0,"played":[0.9988,0.0012],"evs":[0.0,-1.16293]},"K4s":{"weight":1.0,"played":[1.0,0.0],"evs":[0.0,-0.77434]},"K5s":{"weight":1.0,"played":[0.9005,0.0995],"evs":[0.0,-0.70668]},"K6s":{"weight":1.0,"played":[0.7187,0.2813],"evs":[0.0,0.45739]},"K7s":{"weight":1.0,"played":[0.9987,0.0013],"evs":[0.0,-0.48188]},"K8s":{"weight":1.0,"played":[0.7316,0.2684],"evs":[0.0,-0.43359]},"K9s":{"weight":1.0,"played":[0.803,0.197],"evs":[0.0,0.08985]},"KTs":{"weight":1.0,"played":[0.0574,0.9426],"evs":[0.0,1.05006]},"KJs":{"weight":1.0,"played":[0.0279,0.9721],"evs":[0.0,0.75074]},"KQs":{"weight":1.0,"played":[0.0,1.0],"evs":[0.0,2.15604]},"KK":{"weight":1.0,"played":[0.0,1.0],"evs":[0.0,10.20278]},"AKo":{"weight":1.0,"played":[0.0,1.0],"evs":[0.0,1.87071]},"A2s":{"weight":1.0,"played":[1.0,0.0],"evs":[0.0,-1.60037]},"A3s":{"weight":1.0,"played":[0.9998,2.0E-4],"evs":[0.0,-1.82983]},"A4s":{"weight":1.0,"played":[0.9338,0.0662],"evs":[0.0,-1.20869]},"A5s":{"weight":1.0,"played":[0.9724,0.0276],"evs":[0.0,-1.76535]},"A6s":{"weight":1.0,"played":[0.9991,9.0E-4],"evs":[0.0,-1.25979]},"A7s":{"weight":1.0,"played":[0.9791,0.0209],"evs":[0.0,-1.58355]},"A8s":{"weight":1.0,"played":[0.9899,0.0101],"evs":[0.0,-1.36753]},"A9s":{"weight":1.0,"played":[0.9654,0.0346],"evs":[0.0,-0.99436]},"ATs":{"weight":1.0,"played":[0.7552,0.2448],"evs":[0.0,-0.42028]},"AJs":{"weight":1.0,"played":[0.0237,0.9763],"evs":[0.0,0.19849]},"AQs":{"weight":1.0,"played":[0.0,1.0],"evs":[0.0,2.58608]},"AKs":{"weight":1.0,"played":[0.0,1.0],"evs":[0.0,2.20839]},"AA":{"weight":1.0,"played":[0.0,1.0],"evs":[0.0,13.30533]}}}