{"player":3,"street":0,"children":3,"sequence":[{"player":0,"type":"F","amount":0,"street":0},{"player":1,"type":"R","amount":985000,"street":0},{"player":2,"type":"C","amount":985000,"street":0}],"actions":[{"type":"F","amount":0,"node":113},{"type":"C","amount":985000,"node":122},{"type":"R","amount":2885000,"node":134}],"hands":{"22":{"weight":1.0,"played":[1.0,0.0,0.0],"evs":[0.0,-2.32973,-3.70989]},"32o":{"weight":1.0,"played":[1.0,0.0,0.0],"evs":[0.0,-4.31061,-8.77092]},"42o":{"weight":1.0,"played":[1.0,0.0,0.0],"evs":[0.0,-4.21615,-8.2766]},"52o":{"weight":1.0,"played":[1.0,0.0,0.0],"evs":[0.0,-3.84755,-7.69693]},"62o":{"weight":1.0,"played":[1.0,0.0,0.0],"evs":[0.0,-4.02169,-8.00091]},"72o":{"weight":1.0,"played":[1.0,0.0,0.0],"evs":[0.0,-4.18598,-8.36529]},"82o":{"weight":1.0,"played":[1.0,0.0,0.0],"evs":[0.0,-4.09221,-8.00392]},"92o":{"weight":1.0,"played":[1.0,0.0,0.0],"evs":[0.0,-4.40697,-8.25704]},"T2o":{"weight":1.0,"played":[1.0,0.0,0.0],"evs":[0.0,-4.02246,-8.00175]},"J2o":{"weight":1.0,"played":[1.0,0.0,0.0],"evs":[0.0,-3.92689,-7.94006]},"Q2o":{"weight":1.0,"played":[1.0,0.0,0.0],"evs":[0.0,-3.86496,-7.77491]},"K2o":{"weight":1.0,"played":[1.0,0.0,0.0],"evs":[0.0,-3.72898,-7.3479]},"A2o":{"weight":1.0,"played":[1.0,0.0,0.0],"evs":[0.0,-3.22041,-4.67981]},"32s":{"weight":1.0,"played":[1.0,0.0,0.0],"evs":[0.0,-3.1995,-6.72571]},"33":{"weight":1.0,"played":[0.9996,2.0E-4,2.0E-4],"evs":[0.0,-1.83082,-2.99983]},"43o":{"weight":1.0,"played":[1.0,0.0,0.0],"evs":[0.0,-3.66927,-7.52221]},"53o":{"weight":1.0,"played":[1.0,0.0,0.0],"evs":[0.0,-3.35359,-7.03738]},"63o":{"weight":1.0,"played":[1.0,0.0,0.0],"evs":[0.0,-3.53632,-7.23079]},"73o":{"weight":1.0,"played":[1.0,0.0,0.0],"evs":[0.0,-3.91865,-7.63636]},"83o":{"weight":1.0,"played":[1.0,0.0,0.0],"evs":[0.0,-4.03541,-7.94121]},"93o":{"weight":1.0,"played":[1.0,0.0,0.0],"evs":[0.0,-4.09038,-7.94157]},"T3o":{"weight":1.0,"played":[1.0,0.0,0.0],"evs":[0.0,-3.82121,-7.75791]},"J3o":{"weight":1.0,"played":[1.0,0.0,0.0],"evs":[0.0,-3.92792,-7.87155]},"Q3o":{"weight":1.0,"played":[1.0,0.0,0.0],"evs":[0.0,-3.68442,-7.52321]},"K3o":{"weight":1.0,"played":[1.0,0.0,0.0],"evs":[0.0,-3.89387,-7.52295]},"A3o":{"weight":1.0,"played":[1.0,0.0,0.0],"evs":[0.0,-3.14536,-4.48258]},"42s":{"weight":1.0,"played":[1.0,0.0,0.0],"evs":[0.0,-3.31721,-6.65997]},"43s":{"weight":1.0,"played":[0.9998,0.0,1.0E-4],"evs":[0.0,-2.46328,-5.57237]},"44":{"weight":1.0,"played":[0.9988,2.0E-4,0.001],"evs":[0.0,-1.26816,-2.04581]},"54o":{"weight":1.0,"played":[1.0,0.0,0.0],"evs":[0.0,-2.92596,-6.20633]},"64o":{"weight":1.0,"played":[1.0,0.0,0.0],"evs":[0.0,-3.01414,-6.39945]},"74o":{"weight":1.0,"played":[1.0,0.0,0.0],"evs":[0.0,-3.26565,-6.83787]},"84o":{"weight":1.0,"played":[1.0,0.0,0.0],"evs":[0.0,-3.53609,-7.09835]},"94o":{"weight":1.0,"played":[1.0,0.0,0.0],"evs":[0.0,-4.03896,-7.8246]},"T4o":{"weight":1.0,"played":[1.0,0.0,0.0],"evs":[0.0,-3.79325,-7.55736]},"J4o":{"weight":1.0,"played":[1.0,0.0,0.0],"evs":[0.0,-3.77378,-7.5094]},"Q4o":{"weight":1.0,"played":[1.0,0.0,0.0],"evs":[0.0,-3.65567,-7.17632]},"K4o":{"weight":1.0,"played":[1.0,0.0,0.0],"evs":[0.0,-3.56757,-7.04391]},"A4o":{"weight":1.0,"played":[1.0,0.0,0.0],"evs":[0.0,-2.92481,-4.13615]},"52s":{"weight":1.0,"played":[1.0,0.0,0.0],"evs":[0.0,-2.77656,-5.54064]},"53s":{"weight":1.0,"played":[1.0,0.0,0.0],"evs":[0.0,-2.45822,-5.30944]},"54s":{"weight":1.0,"played":[0.9993,6.0E-4,1.0E-4],"evs":[0.0,-1.34222,-3.88711]},"55":{"weight":1.0,"played":[0.948,0.0021,0.0499],"evs":[0.0,-0.66956,-0.7867]},"65o":{"weight":1.0,"played":[1.0,0.0,0.0],"evs":[0.0,-2.39857,-5.25625]},"75o":{"weight":1.0,"played":[1.0,0.0,0.0],"evs":[0.0,-2.54347,-5.41101]},"85o":{"weight":1.0,"played":[1.0,0.0,0.0],"evs":[0.0,-3.07162,-6.15409]},"95o":{"weight":1.0,"played":[1.0,0.0,0.0],"evs":[0.0,-3.4602,-6.67828]},"T5o":{"weight":1.0,"played":[1.0,0.0,0.0],"evs":[0.0,-3.28925,-6.82112]},"J5o":{"weight":1.0,"played":[1.0,0.0,0.0],"evs":[0.0,-3.50459,-6.9089]},"Q5o":{"weight":1.0,"played":[1.0,0.0,0.0],"evs":[0.0,-3.37371,-6.70638]},"K5o":{"weight":1.0,"played":[1.0,0.0,0.0],"evs":[0.0,-3.42609,-6.5676]},"A5o":{"weight":1.0,"played":[1.0,0.0,0.0],"evs":[0.0,-2.80156,-3.76637]},"62s":{"weight":1.0,"played":[1.0,0.0,0.0],"evs":[0.0,-2.95333,-6.16354]},"63s":{"weight":1.0,"played":[1.0,0.0,0.0],"evs":[0.0,-1.85193,-4.86128]},"64s":{"weight":1.0,"played":[1.0,0.0,0.0],"evs":[0.0,-1.73996,-4.44332]},"65s":{"weight":1.0,"played":[0.9997,2.0E-4,0.0],"evs":[0.0,-1.1278,-3.5349]},"66":{"weight":1.0,"played":[0.0546,0.0432,0.9021],"evs":[0.0,0.15204,0.41527]},"76o":{"weight":1.0,"played":[1.0,0.0,0.0],"evs":[0.0,-2.1882,-4.91975]},"86o":{"weight":1.0,"played":[1.0,0.0,0.0],"evs":[0.0,-2.2663,-5.04011]},"96o":{"weight":1.0,"played":[1.0,0.0,0.0],"evs":[0.0,-2.92406,-5.85733]},"T6o":{"weight":1.0,"played":[1.0,0.0,0.0],"evs":[0.0,-3.08701,-6.29599]},"J6o":{"weight":1.0,"played":[1.0,0.0,0.0],"evs":[0.0,-3.34492,-6.81867]},"Q6o":{"weight":1.0,"played":[1.0,0.0,0.0],"evs":[0.0,-3.2875,-6.47009]},"K6o":{"weight":1.0,"played":[1.0,0.0,0.0],"evs":[0.0,-3.11826,-6.02119]},"A6o":{"weight":1.0,"played":[1.0,0.0,0.0],"evs":[0.0,-2.669,-3.72968]},"72s":{"weight":1.0,"played":[1.0,0.0,0.0],"evs":[0.0,-3.27148,-6.61011]},"73s":{"weight":1.0,"played":[1.0,0.0,0.0],"evs":[0.0,-2.48742,-5.52456]},"74s":{"weight":1.0,"played":[0.9999,0.0,1.0E-4],"evs":[0.0,-2.17701,-4.96424]},"75s":{"weight":1.0,"played":[0.9998,1.0E-4,1.0E-4],"evs":[0.0,-1.45754,-3.71083]},"76s":{"weight":1.0,"played":[1.0,0.0,0.0],"evs":[0.0,-0.94444,-3.08456]},"77":{"weight":1.0,"played":[0.0,1.0E-4,0.9999],"evs":[0.0,1.09754,1.94928]},"87o":{"weight":1.0,"played":[1.0,0.0,0.0],"evs":[0.0,-2.02015,-4.37608]},"97o":{"weight":1.0,"played":[1.0,0.0,0.0],"evs":[0.0,-2.47075,-5.14156]},"T7o":{"weight":1.0,"played":[1.0,0.0,0.0],"evs":[0.0,-2.64949,-5.57611]},"J7o":{"weight":1.0,"played":[1.0,0.0,0.0],"evs":[0.0,-2.94551,-6.01573]},"Q7o":{"weight":1.0,"played":[1.0,0.0,0.0],"evs":[0.0,-3.04507,-6.26489]},"K7o":{"weight":1.0,"played":[1.0,0.0,0.0],"evs":[0.0,-2.98764,-5.73446]},"A7o":{"weight":1.0,"played":[1.0,0.0,0.0],"evs":[0.0,-2.41842,-3.18454]},"82s":{"weight":1.0,"played":[1.0,0.0,0.0],"evs":[0.0,-2.82706,-5.94496]},"83s":{"weight":1.0,"played":[1.0,0.0,0.0],"evs":[0.0,-2.58719,-5.54511]},"84s":{"weight":1.0,"played":[1.0,0.0,0.0],"evs":[0.0,-2.37603,-5.27982]},"85s":{"weight":1.0,"played":[1.0,0.0,0.0],"evs":[0.0,-1.66291,-4.15416]},"86s":{"weight":1.0,"played":[1.0,0.0,0.0],"evs":[0.0,-0.79626,-3.10561]},"87s":{"weight":1.0,"played":[1.0,0.0,0.0],"evs":[0.0,-0.92291,-2.83738]},"88":{"weight":1.0,"played":[0.0,9.0E-4,0.9991],"evs":[0.0,2.01587,2.92873]},"98o":{"weight":1.0,"played":[1.0,0.0,0.0],"evs":[0.0,-2.01461,-4.35887]},"T8o":{"weight":1.0,"played":[1.0,0.0,0.0],"evs":[0.0,-2.02952,-4.63228]},"J8o":{"weight":1.0,"played":[1.0,0.0,0.0],"evs":[0.0,-2.42836,-5.26873]},"Q8o":{"weight":1.0,"played":[1.0,0.0,0.0],"evs":[0.0,-2.72992,-5.57981]},"K8o":{"weight":1.0,"played":[1.0,0.0,0.0],"evs":[0.0,-2.77656,-5.58159]},"A8o":{"weight":1.0,"played":[0.9998,0.0,2.0E-4],"evs":[0.0,-2.36982,-3.0598]},"92s":{"weight":1.0,"played":[1.0,0.0,0.0],"evs":[0.0,-3.33667,-6.40709]},"93s":{"weight":1.0,"played":[1.0,0.0,0.0],"evs":[0.0,-2.85082,-6.27099]},"94s":{"weight":1.0,"played":[1.0,0.0,0.0],"evs":[0.0,-3.03193,-5.91752]},"95s":{"weight":1.0,"played":[0.9999,0.0,1.0E-4],"evs":[0.0,-2.20138,-4.69748]},"96s":{"weight":1.0,"played":[0.9999,0.0,1.0E-4],"evs":[0.0,-1.77012,-3.90763]},"97s":{"weight":1.0,"played":[0.9855,0.0145,1.0E-4],"evs":[0.0,-1.32255,-3.25736]},"98s":{"weight":1.0,"played":[0.9977,0.0023,0.0],"evs":[0.0,-0.68439,-2.2908]},"99":{"weight":1.0,"played":[0.0,0.0018,0.9982],"evs":[0.0,3.01397,3.9137]},"T9o":{"weight":1.0,"played":[1.0,0.0,0.0],"evs":[0.0,-1.97611,-4.31389]},"J9o":{"weight":1.0,"played":[1.0,0.0,0.0],"evs":[0.0,-2.19808,-4.55602]},"Q9o":{"weight":1.0,"played":[1.0,0.0,0.0],"evs":[0.0,-2.59983,-5.08658]},"K9o":{"weight":1.0,"played":[0.9999,0.0,1.0E-4],"evs":[0.0,-3.0617,-5.4417]},"A9o":{"weight":1.0,"played":[0.9997,0.0,3.0E-4],"evs":[0.0,-1.83143,-2.43471]},"T2s":{"weight":1.0,"played":[1.0,0.0,0.0],"evs":[0.0,-2.68204,-6.0764]},"T3s":{"weight":1.0,"played":[1.0,0.0,0.0],"evs":[0.0,-2.68002,-5.83839]},"T4s":{"weight":1.0,"played":[1.0,0.0,0.0],"evs":[0.0,-2.40059,-5.40076]},"T5s":{"weight":1.0,"played":[0.9997,3.0E-4,0.0],"evs":[0.0,-2.6753,-5.6301]},"T6s":{"weight":1.0,"played":[1.0,0.0,0.0],"evs":[0.0,-1.40437,-4.10239]},"T7s":{"weight":1.0,"played":[1.0,0.0,0.0],"evs":[0.0,-1.42552,-3.68865]},"T8s":{"weight":1.0,"played":[0.9986,0.0014,0.0],"evs":[0.0,-0.75137,-3.04136]},"T9s":{"weight":1.0,"played":[0.9997,0.0,3.0E-4],"evs":[0.0,-0.38098,-2.24472]},"TT":{"weight":1.0,"played":[0.0,0.001,0.999],"evs":[0.0,4.78246,5.47697]},"JTo":{"weight":1.0,"played":[1.0,0.0,0.0],"evs":[0.0,-1.57111,-3.85148]},"QTo":{"weight":1.0,"played":[0.9999,0.0,1.0E-4],"evs":[0.0,-1.86344,-4.21358]},"KTo":{"weight":1.0,"played":[0.9999,0.0,0.0],"evs":[0.0,-1.8439,-3.75851]},"ATo":{"weight":1.0,"played":[0.995,0.0,0.005],"evs":[0.0,-0.72302,-1.00631]},"J2s":{"weight":1.0,"played":[1.0,0.0,0.0],"evs":[0.0,-2.82078,-5.98306]},"J3s":{"weight":1.0,"played":[1.0,0.0,0.0],"evs":[0.0,-2.57467,-5.52744]},"J4s":{"weight":1.0,"played":[1.0,0.0,0.0],"evs":[0.0,-2.24846,-5.23752]},"J5s":{"weight":1.0,"played":[1.0,0.0,0.0],"evs":[0.0,-2.11443,-4.89865]},"J6s":{"weight":1.0,"played":[1.0,0.0,0.0],"evs":[0.0,-1.64213,-4.4766]},"J7s":{"weight":1.0,"played":[1.0,0.0,0.0],"evs":[0.0,-1.55513,-3.87534]},"J8s":{"weight":1.0,"played":[1.0,0.0,0.0],"evs":[0.0,-0.92766,-3.17535]},"J9s":{"weight":1.0,"played":[0.998,0.0016,3.0E-4],"evs":[0.0,-0.69886,-2.58687]},"JTs":{"weight":1.0,"played":[0.5703,0.4294,3.0E-4],"evs":[0.0,-0.3473,-2.05048]},"JJ":{"weight":1.0,"played":[0.0,0.0053,0.9947],"evs":[0.0,6.72568,7.54481]},"QJo":{"weight":1.0,"played":[0.9999,0.0,1.0E-4],"evs":[0.0,-1.59798,-3.70248]},"KJo":{"weight":1.0,"played":[0.9995,4.0E-4,1.0E-4],"evs":[0.0,-1.70299,-2.96306]},"AJo":{"weight":1.0,"played":[0.8521,0.0545,0.0934],"evs":[0.0,-0.32397,-0.33266]},"Q2s":{"weight":1.0,"played":[1.0,0.0,0.0],"evs":[0.0,-2.7406,-5.90143]},"Q3s":{"weight":1.0,"played":[1.0,0.0,0.0],"evs":[0.0,-2.50941,-5.54765]},"Q4s":{"weight":1.0,"played":[1.0,0.0,0.0],"evs":[0.0,-2.19448,-5.27356]},"Q5s":{"weight":1.0,"played":[1.0,0.0,0.0],"evs":[0.0,-1.94775,-4.5912]},"Q6s":{"weight":1.0,"played":[0.9992,6.0E-4,2.0E-4],"evs":[0.0,-1.68704,-4.26652]},"Q7s":{"weight":1.0,"played":[0.9999,1.0E-4,0.0],"evs":[0.0,-1.55679,-4.17289]},"Q8s":{"weight":1.0,"played":[0.9998,2.0E-4,0.0],"evs":[0.0,-1.22498,-3.3108]},"Q9s":{"weight":1.0,"played":[0.9998,1.0E-4,2.0E-4],"evs":[0.0,-1.2595,-3.16018]},"QTs":{"weight":1.0,"played":[0.9702,0.0292,6.0E-4],"evs":[0.0,-0.43754,-2.42092]},"QJs":{"weight":1.0,"played":[0.9838,0.016,1.0E-4],"evs":[0.0,-0.68296,-2.12313]},"QQ":{"weight":1.0,"played":[0.0,0.0,1.0],"evs":[0.0,10.05514,11.0724]},"KQo":{"weight":1.0,"played":[0.9826,0.0172,3.0E-4],"evs":[0.0,-0.7035,-0.92969]},"AQo":{"weight":1.0,"played":[0.0,0.0124,0.9876],"evs":[0.0,1.11095,1.5512]},"K2s":{"weight":1.0,"played":[1.0,0.0,0.0],"evs":[0.0,-2.55162,-5.26309]},"K3s":{"weight":1.0,"played":[0.9999,0.0,0.0],"evs":[0.0,-2.32363,-5.08476]},"K4s":{"weight":1.0,"played":[0.9996,2.0E-4,2.0E-4],"evs":[0.0,-2.29195,-5.0548]},"K5s":{"weight":1.0,"played":[0.9999,0.0,1.0E-4],"evs":[0.0,-2.04889,-4.49569]},"K6s":{"weight":1.0,"played":[0.9999,0.0,1.0E-4],"evs":[0.0,-1.67264,-3.9117]},"K7s":{"weight":1.0,"played":[1.0,0.0,0.0],"evs":[0.0,-1.63102,-3.57634]},"K8s":{"weight":1.0,"played":[0.9999,0.0,1.0E-4],"evs":[0.0,-1.45506,-3.44018]},"K9s":{"weight":1.0,"played":[0.9999,0.0,1.0E-4],"evs":[0.0,-1.32591,-3.17025]},"KTs":{"weight":1.0,"played":[0.9701,0.0294,5.0E-4],"evs":[0.0,-0.36822,-1.70184]},"KJs":{"weight":1.0,"played":[0.0508,0.9449,0.0043],"evs":[0.0,0.0016,-0.90331]},"KQs":{"weight":1.0,"played":[0.0011,0.7588,0.2401],"evs":[0.0,0.41766,0.39869]},"KK":{"weight":1.0,"played":[0.0,0.0,1.0],"evs":[0.0,14.67446,16.15387]},"AKo":{"weight":1.0,"played":[0.0,0.0,1.0],"evs":[0.0,3.18642,4.24257]},"A2s":{"weight":1.0,"played":[0.9999,1.0E-4,1.0E-4],"evs":[0.0,-1.73042,-2.83363]},"A3s":{"weight":1.0,"played":[0.9994,5.0E-4,1.0E-4],"evs":[0.0,-1.44619,-2.19327]},"A4s":{"weight":1.0,"played":[0.9988,7.0E-4,4.0E-4],"evs":[0.0,-1.38964,-1.96448]},"A5s":{"weight":1.0,"played":[0.9979,0.0017,4.0E-4],"evs":[0.0,-0.89202,-1.38784]},"A6s":{"weight":1.0,"played":[0.9983,0.0,0.0017],"evs":[0.0,-1.48265,-2.1934]},"A7s":{"weight":1.0,"played":[0.9994,5.0E-4,1.0E-4],"evs":[0.0,-1.22547,-1.42472]},"A8s":{"weight":1.0,"played":[0.9998,0.0,2.0E-4],"evs":[0.0,-0.68732,-0.84591]},"A9s":{"weight":1.0,"played":[0.4667,0.5324,9.0E-4],"evs":[0.0,-0.08523,-0.74747]},"ATs":{"weight":1.0,"played":[0.0,0.9207,0.0793],"evs":[0.0,0.98933,0.75105]},"AJs":{"weight":1.0,"played":[0.0,0.2467,0.7533],"evs":[0.0,1.72907,1.87272]},"AQs":{"weight":1.0,"played":[0.0,0.0146,0.9854],"evs":[0.0,2.64481,3.20812]},"AKs":{"weight":1.0,"played":[0.0,0.0016,0.9984],"evs":[0.0,4.89552,5.65001]},"AA":{"weight":1.0,"played":[0.0,0.0335,0.9665],"evs":[0.0,20.84224,22.06765]}}}