{"player":3,"street":0,"children":3,"sequence":[{"player":0,"type":"F","amount":0,"street":0},{"player":1,"type":"F","amount":0,"street":0},{"player":2,"type":"F","amount":0,"street":0},{"player":3,"type":"R","amount":200000,"street":0},{"player":4,"type":"C","amount":150000,"street":0},{"player":5,"type":"R","amount":995000,"street":0}],"actions":[{"type":"F","amount":0,"node":13},{"type":"C","amount":795000,"node":14},{"type":"R","amount":1815000,"node":16}],"hands":{"22":{"weight":0.0,"played":[0.0,0.0377,0.9623],"evs":[0.0,2.95376,2.96734]},"32o":{"weight":0.0,"played":[1.0,0.0,0.0],"evs":[0.0,-2.04728,-2.07231]},"42o":{"weight":0.0,"played":[1.0,0.0,0.0],"evs":[0.0,-1.79397,-1.80433]},"52o":{"weight":0.0,"played":[1.0,0.0,0.0],"evs":[0.0,-1.62047,-1.63002]},"62o":{"weight":0.0,"played":[1.0,0.0,0.0],"evs":[0.0,-2.25924,-2.29264]},"72o":{"weight":0.0,"played":[1.0,0.0,0.0],"evs":[0.0,-2.65556,-2.66119]},"82o":{"weight":0.0,"played":[1.0,0.0,0.0],"evs":[0.0,-2.39524,-2.39022]},"92o":{"weight":0.0,"played":[1.0,0.0,0.0],"evs":[0.0,-2.34633,-2.30789]},"T2o":{"weight":0.0,"played":[1.0,0.0,0.0],"evs":[0.0,-1.64533,-1.62171]},"J2o":{"weight":0.0,"played":[1.0,0.0,0.0],"evs":[0.0,-1.16358,-1.12841]},"Q2o":{"weight":0.0,"played":[0.7979,0.0327,0.1695],"evs":[0.0,0.01656,0.03675]},"K2o":{"weight":1.0,"played":[0.0,0.0024,0.9976],"evs":[0.0,1.05838,1.07727]},"A2o":{"weight":0.0,"played":[0.0,0.0,1.0],"evs":[0.0,4.03504,4.06235]},"32s":{"weight":0.0,"played":[0.9927,0.0038,0.0035],"evs":[0.0,-0.3982,-0.42436]},"33":{"weight":0.0,"played":[0.0,0.0081,0.9919],"evs":[0.0,3.33655,3.37755]},"43o":{"weight":0.0,"played":[1.0,0.0,0.0],"evs":[0.0,-1.30412,-1.29967]},"53o":{"weight":0.0,"played":[0.9997,1.0E-4,2.0E-4],"evs":[0.0,-0.97776,-0.99834]},"63o":{"weight":0.0,"played":[1.0,0.0,0.0],"evs":[0.0,-1.37413,-1.39835]},"73o":{"weight":0.0,"played":[1.0,0.0,0.0],"evs":[0.0,-2.00226,-2.01306]},"83o":{"weight":0.0,"played":[1.0,0.0,0.0],"evs":[0.0,-2.29056,-2.27695]},"93o":{"weight":0.0,"played":[1.0,0.0,0.0],"evs":[0.0,-2.10177,-2.07157]},"T3o":{"weight":0.0,"played":[0.9999,0.0,1.0E-4],"evs":[0.0,-1.30292,-1.28023]},"J3o":{"weight":0.0,"played":[1.0,0.0,0.0],"evs":[0.0,-1.05162,-1.03881]},"Q3o":{"weight":0.0,"played":[0.5894,0.0356,0.3751],"evs":[0.0,-0.00992,0.01461]},"K3o":{"weight":1.0,"played":[0.0,4.0E-4,0.9996],"evs":[0.0,1.31065,1.33434]},"A3o":{"weight":0.0,"played":[0.0,0.0,1.0],"evs":[0.0,4.18254,4.21375]},"42s":{"weight":0.0,"played":[0.9428,0.0311,0.0261],"evs":[0.0,-0.20827,-0.21628]},"43s":{"weight":0.0097,"played":[7.0E-4,0.9663,0.033],"evs":[0.0,0.54067,0.53505]},"44":{"weight":0.0,"played":[0.0,0.0068,0.9932],"evs":[0.0,3.99824,4.01361]},"54o":{"weight":0.0,"played":[0.9999,0.0,1.0E-4],"evs":[0.0,-0.35414,-0.35038]},"64o":{"weight":0.0,"played":[1.0,0.0,0.0],"evs":[0.0,-0.90711,-0.9198]},"74o":{"weight":0.0,"played":[0.9999,0.0,1.0E-4],"evs":[0.0,-1.24143,-1.24123]},"84o":{"weight":0.0,"played":[1.0,0.0,0.0],"evs":[0.0,-1.537,-1.52119]},"94o":{"weight":0.0,"played":[1.0,0.0,0.0],"evs":[0.0,-2.01846,-1.99056]},"T4o":{"weight":0.0,"played":[1.0,0.0,0.0],"evs":[0.0,-1.25776,-1.2144]},"J4o":{"weight":0.0,"played":[0.9998,0.0,2.0E-4],"evs":[0.0,-0.8491,-0.80226]},"Q4o":{"weight":0.0,"played":[0.0133,0.0077,0.9791],"evs":[0.0,0.22259,0.24936]},"K4o":{"weight":1.0,"played":[0.0,0.0049,0.9951],"evs":[0.0,1.46836,1.48267]},"A4o":{"weight":0.0,"played":[0.0,0.0,1.0],"evs":[0.0,4.57464,4.59698]},"52s":{"weight":0.0,"played":[0.4191,0.3174,0.2635],"evs":[0.0,-0.15801,-0.1707]},"53s":{"weight":0.9741,"played":[5.0E-4,0.1994,0.8001],"evs":[0.0,0.7499,0.75805]},"54s":{"weight":0.9699,"played":[0.0,0.3245,0.6755],"evs":[0.0,0.94854,0.95367]},"55":{"weight":0.9993,"played":[0.0,0.0108,0.9892],"evs":[0.0,4.49698,4.51641]},"65o":{"weight":0.0,"played":[0.9173,0.0326,0.0502],"evs":[0.0,-0.15832,-0.16587]},"75o":{"weight":0.0,"played":[0.998,8.0E-4,0.0012],"evs":[0.0,-0.57827,-0.57874]},"85o":{"weight":0.0,"played":[1.0,0.0,0.0],"evs":[0.0,-0.87926,-0.84545]},"95o":{"weight":0.0,"played":[1.0,0.0,0.0],"evs":[0.0,-1.26542,-1.2269]},"T5o":{"weight":0.0,"played":[1.0,0.0,0.0],"evs":[0.0,-1.29412,-1.25108]},"J5o":{"weight":0.0,"played":[1.0,0.0,0.0],"evs":[0.0,-0.58679,-0.54568]},"Q5o":{"weight":0.1106,"played":[0.0,0.0104,0.9896],"evs":[0.0,0.44912,0.48155]},"K5o":{"weight":0.9999,"played":[0.0,0.0,1.0],"evs":[0.0,1.79413,1.8127]},"A5o":{"weight":1.0E-4,"played":[0.0,0.0,1.0],"evs":[0.0,4.80381,4.83093]},"62s":{"weight":0.0,"played":[0.9861,0.0047,0.0092],"evs":[0.0,-0.4913,-0.51483]},"63s":{"weight":0.0,"played":[0.0158,0.4158,0.5684],"evs":[0.0,0.27629,0.27295]},"64s":{"weight":0.9981,"played":[0.0028,0.6177,0.3795],"evs":[0.0,0.57698,0.57035]},"65s":{"weight":0.9959,"played":[0.0,0.8685,0.1315],"evs":[0.0,1.30525,1.29954]},"66":{"weight":0.9999,"played":[0.0,1.0E-4,0.9999],"evs":[0.0,5.27807,5.30811]},"76o":{"weight":0.69,"played":[0.3503,0.384,0.2657],"evs":[0.0,0.00182,-0.00606]},"86o":{"weight":0.0015,"played":[0.9801,0.0064,0.0134],"evs":[0.0,-0.41275,-0.38685]},"96o":{"weight":0.0,"played":[0.9998,0.0,2.0E-4],"evs":[0.0,-0.72779,-0.69453]},"T6o":{"weight":0.0,"played":[0.9983,6.0E-4,0.0011],"evs":[0.0,-0.49045,-0.44305]},"J6o":{"weight":0.0,"played":[0.987,6.0E-4,0.0124],"evs":[0.0,-0.39565,-0.35782]},"Q6o":{"weight":0.9997,"played":[4.0E-4,4.0E-4,0.9992],"evs":[0.0,0.67479,0.70099]},"K6o":{"weight":0.6853,"played":[0.0,0.0014,0.9986],"evs":[0.0,2.11394,2.14161]},"A6o":{"weight":0.0,"played":[0.0,2.0E-4,0.9998],"evs":[0.0,4.85394,4.89109]},"72s":{"weight":0.0,"played":[0.9997,2.0E-4,2.0E-4],"evs":[0.0,-0.93883,-0.93763]},"73s":{"weight":0.0,"played":[0.9485,0.0283,0.0232],"evs":[0.0,-0.33618,-0.31542]},"74s":{"weight":0.9999,"played":[0.0044,0.4077,0.5879],"evs":[0.0,0.33918,0.34136]},"75s":{"weight":1.0,"played":[0.0,0.1654,0.8346],"evs":[0.0,0.9369,0.94029]},"76s":{"weight":0.0287,"played":[0.0,0.7626,0.2374],"evs":[0.0,1.09289,1.0903]},"77":{"weight":1.0,"played":[0.0,0.009,0.991],"evs":[0.0,6.44481,6.46547]},"87o":{"weight":1.0,"played":[0.9375,0.012,0.0505],"evs":[0.0,-0.10567,-0.08158]},"97o":{"weight":0.9999,"played":[0.9991,1.0E-4,8.0E-4],"evs":[0.0,-0.3471,-0.31115]},"T7o":{"weight":1.0,"played":[0.997,1.0E-4,0.0029],"evs":[0.0,-0.08228,-0.05099]},"J7o":{"weight":0.9999,"played":[0.593,0.0404,0.3666],"evs":[0.0,-0.03493,-0.0034]},"Q7o":{"weight":1.0,"played":[8.0E-4,0.0032,0.9961],"evs":[0.0,0.74488,0.77359]},"K7o":{"weight":0.7003,"played":[0.0,0.0057,0.9943],"evs":[0.0,2.50801,2.52955]},"A7o":{"weight":4.0E-4,"played":[0.0,0.0,1.0],"evs":[0.0,5.70479,5.7305]},"82s":{"weight":0.0,"played":[0.9979,0.0012,0.001],"evs":[0.0,-0.73847,-0.71163]},"83s":{"weight":0.0,"played":[0.9999,0.0,1.0E-4],"evs":[0.0,-0.35286,-0.32272]},"84s":{"weight":0.0244,"played":[0.2964,0.2653,0.4383],"evs":[0.0,0.10671,0.13136]},"85s":{"weight":0.9998,"played":[1.0E-4,8.0E-4,0.9991],"evs":[0.0,0.55339,0.59415]},"86s":{"weight":0.2164,"played":[0.0,0.0019,0.9981],"evs":[0.0,1.28677,1.33118]},"87s":{"weight":0.9987,"played":[0.0,0.0079,0.9921],"evs":[0.0,1.54797,1.59361]},"88":{"weight":1.0,"played":[0.0,0.0082,0.9918],"evs":[0.0,7.77794,7.82569]},"98o":{"weight":1.0,"played":[0.0301,0.0146,0.9553],"evs":[0.0,0.29483,0.33352]},"T8o":{"weight":1.0,"played":[4.0E-4,3.0E-4,0.9993],"evs":[0.0,0.68908,0.71969]},"J8o":{"weight":1.0,"played":[0.0,0.0,1.0],"evs":[0.0,0.67446,0.71318]},"Q8o":{"weight":1.0,"played":[0.0,0.0058,0.9942],"evs":[0.0,1.62074,1.65255]},"K8o":{"weight":0.9979,"played":[0.0,0.0283,0.9717],"evs":[0.0,3.33345,3.35676]},"A8o":{"weight":0.0044,"played":[0.0,0.0,1.0],"evs":[0.0,6.26721,6.29941]},"92s":{"weight":0.0,"played":[0.9879,2.0E-4,0.0119],"evs":[0.0,-0.49582,-0.46503]},"93s":{"weight":0.0,"played":[0.992,0.0031,0.0049],"evs":[0.0,-0.65803,-0.62655]},"94s":{"weight":0.0,"played":[0.989,0.0016,0.0094],"evs":[0.0,-0.2978,-0.26946]},"95s":{"weight":0.9999,"played":[0.0174,0.0484,0.9341],"evs":[0.0,0.38684,0.41688]},"96s":{"weight":0.9955,"played":[0.0064,0.0299,0.9637],"evs":[0.0,0.69628,0.72838]},"97s":{"weight":0.9999,"played":[0.0,1.0E-4,0.9999],"evs":[0.0,1.08337,1.12697]},"98s":{"weight":1.0,"played":[0.0,3.0E-4,0.9997],"evs":[0.0,1.54602,1.59013]},"99":{"weight":1.0,"played":[0.0,0.0,1.0],"evs":[0.0,9.36224,9.42178]},"T9o":{"weight":1.0,"played":[0.0,0.0,1.0],"evs":[0.0,1.26961,1.31172]},"J9o":{"weight":1.0,"played":[0.0,4.0E-4,0.9996],"evs":[0.0,1.35035,1.39842]},"Q9o":{"weight":0.9999,"played":[0.0,0.0024,0.9976],"evs":[0.0,2.60066,2.6305]},"K9o":{"weight":0.1562,"played":[0.0,1.0E-4,0.9999],"evs":[0.0,4.73035,4.76021]},"A9o":{"weight":1.0E-4,"played":[0.0,0.0029,0.9971],"evs":[0.0,7.29379,7.29777]},"T2s":{"weight":0.0,"played":[0.3941,0.2035,0.4024],"evs":[0.0,0.00902,0.03581]},"T3s":{"weight":0.3818,"played":[0.0529,0.1913,0.7558],"evs":[0.0,0.25799,0.28772]},"T4s":{"weight":0.9994,"played":[0.039,0.0499,0.9112],"evs":[0.0,0.28511,0.3223]},"T5s":{"weight":1.0,"played":[0.0055,0.0437,0.9508],"evs":[0.0,0.59175,0.63172]},"T6s":{"weight":0.9993,"played":[2.0E-4,0.0344,0.9653],"evs":[0.0,1.02811,1.05929]},"T7s":{"weight":0.9992,"played":[0.0,0.0,1.0],"evs":[0.0,1.35829,1.38831]},"T8s":{"weight":1.0,"played":[0.0,2.0E-4,0.9998],"evs":[0.0,2.11883,2.16221]},"T9s":{"weight":1.0,"played":[0.0,5.0E-4,0.9995],"evs":[0.0,2.51303,2.57745]},"TT":{"weight":1.0,"played":[0.0,0.0232,0.9768],"evs":[0.0,11.37847,11.43463]},"JTo":{"weight":1.0,"played":[0.0,0.0042,0.9958],"evs":[0.0,3.46633,3.50451]},"QTo":{"weight":1.0,"played":[0.0,0.0059,0.9941],"evs":[0.0,4.44306,4.46942]},"KTo":{"weight":0.9004,"played":[0.0,0.0043,0.9957],"evs":[0.0,6.53039,6.56585]},"ATo":{"weight":0.9658,"played":[0.0,0.0,1.0],"evs":[0.0,8.48531,8.51054]},"J2s":{"weight":0.9945,"played":[0.0038,0.0128,0.9834],"evs":[0.0,0.50982,0.55271]},"J3s":{"weight":0.9999,"played":[3.0E-4,8.0E-4,0.999],"evs":[0.0,0.82465,0.8611]},"J4s":{"weight":1.0,"played":[2.0E-4,0.0011,0.9987],"evs":[0.0,0.57151,0.60779]},"J5s":{"weight":0.9999,"played":[0.0,5.0E-4,0.9995],"evs":[0.0,0.85202,0.90264]},"J6s":{"weight":0.9966,"played":[1.0E-4,0.0512,0.9487],"evs":[0.0,1.14103,1.16744]},"J7s":{"weight":0.4285,"played":[0.0,0.006,0.994],"evs":[0.0,1.27591,1.31673]},"J8s":{"weight":1.0,"played":[0.0,0.0108,0.9892],"evs":[0.0,2.09401,2.13778]},"J9s":{"weight":1.0,"played":[0.0,0.0237,0.9763],"evs":[0.0,2.79091,2.8056]},"JTs":{"weight":1.0,"played":[0.0,0.0183,0.9817],"evs":[0.0,4.83121,4.88068]},"JJ":{"weight":1.0,"played":[0.0,0.0166,0.9834],"evs":[0.0,12.8048,12.8489]},"QJo":{"weight":0.9228,"played":[0.0,0.0775,0.9225],"evs":[0.0,5.16974,5.18708]},"KJo":{"weight":0.9999,"played":[0.0,8.0E-4,0.9992],"evs":[0.0,7.24164,7.27909]},"AJo":{"weight":0.9996,"played":[0.0,0.0,1.0],"evs":[0.0,9.0027,9.04629]},"Q2s":{"weight":0.8129,"played":[1.0E-4,0.0,0.9999],"evs":[0.0,1.465,1.49628]},"Q3s":{"weight":0.6601,"played":[1.0E-4,0.0083,0.9916],"evs":[0.0,1.66163,1.69244]},"Q4s":{"weight":0.4774,"played":[1.0E-4,1.0E-4,0.9999],"evs":[0.0,1.6425,1.65949]},"Q5s":{"weight":0.3955,"played":[0.0,5.0E-4,0.9995],"evs":[0.0,1.96299,1.99199]},"Q6s":{"weight":0.045,"played":[1.0E-4,2.0E-4,0.9997],"evs":[0.0,2.46604,2.51131]},"Q7s":{"weight":0.0158,"played":[0.0,0.0131,0.9869],"evs":[0.0,2.1754,2.18455]},"Q8s":{"weight":0.445,"played":[0.0,0.022,0.978],"evs":[0.0,3.31582,3.35964]},"Q9s":{"weight":0.9999,"played":[0.0,7.0E-4,0.9993],"evs":[0.0,4.11413,4.13018]},"QTs":{"weight":1.0,"played":[0.0,0.0,1.0],"evs":[0.0,5.612,5.64015]},"QJs":{"weight":1.0,"played":[0.0,0.0,1.0],"evs":[0.0,6.40017,6.42343]},"QQ":{"weight":1.0,"played":[0.0,0.0,1.0],"evs":[0.0,14.70121,14.75868]},"KQo":{"weight":0.9996,"played":[0.0,0.0079,0.9921],"evs":[0.0,8.01629,8.05165]},"AQo":{"weight":1.0,"played":[0.0,0.0,1.0],"evs":[0.0,9.80391,9.82266]},"K2s":{"weight":0.0,"played":[0.0,0.1645,0.8355],"evs":[0.0,2.83516,2.84597]},"K3s":{"weight":1.0E-4,"played":[0.0,0.023,0.977],"evs":[0.0,2.95385,2.97914]},"K4s":{"weight":0.001,"played":[0.0,0.068,0.932],"evs":[0.0,3.06536,3.08163]},"K5s":{"weight":0.0,"played":[0.0,0.0602,0.9398],"evs":[0.0,3.2275,3.26832]},"K6s":{"weight":0.001,"played":[0.0,0.3436,0.6564],"evs":[0.0,3.64435,3.64848]},"K7s":{"weight":0.7671,"played":[0.0,0.2458,0.7542],"evs":[0.0,4.23288,4.24384]},"K8s":{"weight":0.9999,"played":[0.0,8.0E-4,0.9992],"evs":[0.0,4.60013,4.63041]},"K9s":{"weight":1.0,"played":[0.0,0.3133,0.6867],"evs":[0.0,6.32133,6.33791]},"KTs":{"weight":1.0,"played":[0.0,0.081,0.919],"evs":[0.0,7.67838,7.7015]},"KJs":{"weight":1.0,"played":[0.0,0.0108,0.9892],"evs":[0.0,8.4695,8.50184]},"KQs":{"weight":1.0,"played":[0.0,0.0061,0.9939],"evs":[0.0,9.06422,9.10792]},"KK":{"weight":1.0,"played":[0.0,0.3577,0.6423],"evs":[0.0,17.43794,17.45898]},"AKo":{"weight":1.0,"played":[0.0,2.0E-4,0.9998],"evs":[0.0,11.08778,11.13074]},"A2s":{"weight":0.0,"played":[0.0,0.1987,0.8013],"evs":[0.0,5.66175,5.68381]},"A3s":{"weight":0.4307,"played":[0.0,0.3325,0.6675],"evs":[0.0,5.81743,5.84294]},"A4s":{"weight":0.9952,"played":[0.0,8.0E-4,0.9992],"evs":[0.0,5.6397,5.66931]},"A5s":{"weight":1.0,"played":[0.0,0.4094,0.5906],"evs":[0.0,6.30005,6.31737]},"A6s":{"weight":0.9997,"played":[0.0,0.0896,0.9104],"evs":[0.0,6.40931,6.43138]},"A7s":{"weight":0.9998,"played":[0.0,0.0,1.0],"evs":[0.0,7.05539,7.08637]},"A8s":{"weight":1.0,"played":[0.0,0.0,1.0],"evs":[0.0,7.44882,7.4932]},"A9s":{"weight":0.9994,"played":[0.0,0.0154,0.9846],"evs":[0.0,8.53271,8.55156]},"ATs":{"weight":1.0,"played":[0.0,0.0093,0.9907],"evs":[0.0,9.56134,9.59485]},"AJs":{"weight":1.0,"played":[0.0,0.0319,0.9681],"evs":[0.0,10.28124,10.31036]},"AQs":{"weight":1.0,"played":[0.0,1.0E-4,0.9999],"evs":[0.0,10.87869,10.90854]},"AKs":{"weight":1.0,"played":[0.0,0.0057,0.9943],"evs":[0.0,11.97512,12.00024]},"AA":{"weight":1.0,"played":[0.0,0.3632,0.6368],"evs":[0.0,21.43039,21.47234]}}}