{"player":5,"street":0,"children":2,"sequence":[{"player":0,"type":"F","amount":0,"street":0},{"player":1,"type":"R","amount":985000,"street":0},{"player":2,"type":"R","amount":2885000,"street":0},{"player":3,"type":"C","amount":2885000,"street":0},{"player":4,"type":"F","amount":0,"street":0}],"actions":[{"type":"F","amount":0},{"type":"C","amount":895000}],"hands":{"22":{"weight":1.0,"played":[0.9993,7.0E-4],"evs":[0.0,-0.89546]},"32o":{"weight":1.0,"played":[1.0,0.0],"evs":[0.0,-2.71179]},"42o":{"weight":1.0,"played":[0.9997,3.0E-4],"evs":[0.0,-2.48988]},"52o":{"weight":1.0,"played":[1.0,0.0],"evs":[0.0,-2.33304]},"62o":{"weight":1.0,"played":[0.9999,1.0E-4],"evs":[0.0,-2.62792]},"72o":{"weight":1.0,"played":[1.0,0.0],"evs":[0.0,-3.18903]},"82o":{"weight":1.0,"played":[1.0,0.0],"evs":[0.0,-3.02639]},"92o":{"weight":1.0,"played":[1.0,0.0],"evs":[0.0,-2.86998]},"T2o":{"weight":1.0,"played":[1.0,0.0],"evs":[0.0,-2.9152]},"J2o":{"weight":1.0,"played":[1.0,0.0],"evs":[0.0,-2.99899]},"Q2o":{"weight":1.0,"played":[0.9999,1.0E-4],"evs":[0.0,-2.87179]},"K2o":{"weight":1.0,"played":[1.0,0.0],"evs":[0.0,-2.63118]},"A2o":{"weight":1.0,"played":[1.0,0.0],"evs":[0.0,-3.80708]},"32s":{"weight":1.0,"played":[0.9999,1.0E-4],"evs":[0.0,-1.8109]},"33":{"weight":1.0,"played":[0.9957,0.0043],"evs":[0.0,-0.79036]},"43o":{"weight":1.0,"played":[1.0,0.0],"evs":[0.0,-1.95728]},"53o":{"weight":1.0,"played":[1.0,0.0],"evs":[0.0,-1.94423]},"63o":{"weight":1.0,"played":[1.0,0.0],"evs":[0.0,-1.85392]},"73o":{"weight":1.0,"played":[1.0,0.0],"evs":[0.0,-2.19289]},"83o":{"weight":1.0,"played":[1.0,0.0],"evs":[0.0,-2.90419]},"93o":{"weight":1.0,"played":[0.9999,1.0E-4],"evs":[0.0,-2.66921]},"T3o":{"weight":1.0,"played":[1.0,0.0],"evs":[0.0,-2.66066]},"J3o":{"weight":1.0,"played":[0.9996,4.0E-4],"evs":[0.0,-2.65838]},"Q3o":{"weight":1.0,"played":[0.9998,2.0E-4],"evs":[0.0,-2.69411]},"K3o":{"weight":1.0,"played":[1.0,0.0],"evs":[0.0,-2.22221]},"A3o":{"weight":1.0,"played":[0.9999,1.0E-4],"evs":[0.0,-2.57742]},"42s":{"weight":1.0,"played":[0.9998,2.0E-4],"evs":[0.0,-0.99823]},"43s":{"weight":1.0,"played":[0.9959,0.0041],"evs":[0.0,-0.69895]},"44":{"weight":1.0,"played":[0.9551,0.0449],"evs":[0.0,-0.82105]},"54o":{"weight":1.0,"played":[0.9995,5.0E-4],"evs":[0.0,-1.40815]},"64o":{"weight":1.0,"played":[1.0,0.0],"evs":[0.0,-1.76059]},"74o":{"weight":1.0,"played":[1.0,0.0],"evs":[0.0,-2.01032]},"84o":{"weight":1.0,"played":[1.0,0.0],"evs":[0.0,-2.63447]},"94o":{"weight":1.0,"played":[1.0,0.0],"evs":[0.0,-2.72881]},"T4o":{"weight":1.0,"played":[0.9999,1.0E-4],"evs":[0.0,-2.6881]},"J4o":{"weight":1.0,"played":[1.0,0.0],"evs":[0.0,-2.49129]},"Q4o":{"weight":1.0,"played":[0.9996,4.0E-4],"evs":[0.0,-2.57577]},"K4o":{"weight":1.0,"played":[0.9999,1.0E-4],"evs":[0.0,-2.1365]},"A4o":{"weight":1.0,"played":[0.9994,6.0E-4],"evs":[0.0,-2.61477]},"52s":{"weight":1.0,"played":[0.9954,0.0046],"evs":[0.0,-0.8611]},"53s":{"weight":1.0,"played":[0.973,0.027],"evs":[0.0,-0.37423]},"54s":{"weight":1.0,"played":[0.5105,0.4895],"evs":[0.0,0.23477]},"55":{"weight":1.0,"played":[0.8753,0.1247],"evs":[0.0,0.01765]},"65o":{"weight":1.0,"played":[0.9979,0.0021],"evs":[0.0,-0.84679]},"75o":{"weight":1.0,"played":[0.9995,5.0E-4],"evs":[0.0,-1.7091]},"85o":{"weight":1.0,"played":[1.0,0.0],"evs":[0.0,-1.4288]},"95o":{"weight":1.0,"played":[1.0,0.0],"evs":[0.0,-2.30596]},"T5o":{"weight":1.0,"played":[0.9998,2.0E-4],"evs":[0.0,-2.67893]},"J5o":{"weight":1.0,"played":[1.0,0.0],"evs":[0.0,-2.33722]},"Q5o":{"weight":1.0,"played":[1.0,0.0],"evs":[0.0,-2.39408]},"K5o":{"weight":1.0,"played":[0.9994,6.0E-4],"evs":[0.0,-1.8864]},"A5o":{"weight":1.0,"played":[0.9998,2.0E-4],"evs":[0.0,-2.7173]},"62s":{"weight":1.0,"played":[0.9984,0.0016],"evs":[0.0,-1.12263]},"63s":{"weight":1.0,"played":[0.9977,0.0023],"evs":[0.0,-1.34391]},"64s":{"weight":1.0,"played":[0.6269,0.3731],"evs":[0.0,0.20072]},"65s":{"weight":1.0,"played":[0.847,0.153],"evs":[0.0,-0.37789]},"66":{"weight":1.0,"played":[0.0045,0.9955],"evs":[0.0,0.0559]},"76o":{"weight":1.0,"played":[0.9999,1.0E-4],"evs":[0.0,-1.10442]},"86o":{"weight":1.0,"played":[0.9998,2.0E-4],"evs":[0.0,-1.20009]},"96o":{"weight":1.0,"played":[0.9997,3.0E-4],"evs":[0.0,-1.92523]},"T6o":{"weight":1.0,"played":[1.0,0.0],"evs":[0.0,-2.13651]},"J6o":{"weight":1.0,"played":[1.0,0.0],"evs":[0.0,-2.69811]},"Q6o":{"weight":1.0,"played":[1.0,0.0],"evs":[0.0,-2.28545]},"K6o":{"weight":1.0,"played":[0.9999,1.0E-4],"evs":[0.0,-1.86169]},"A6o":{"weight":1.0,"played":[1.0,0.0],"evs":[0.0,-3.16871]},"72s":{"weight":1.0,"played":[0.9997,3.0E-4],"evs":[0.0,-1.83382]},"73s":{"weight":1.0,"played":[0.9997,3.0E-4],"evs":[0.0,-1.14855]},"74s":{"weight":1.0,"played":[0.9549,0.0451],"evs":[0.0,-0.82471]},"75s":{"weight":1.0,"played":[0.2854,0.7146],"evs":[0.0,0.32991]},"76s":{"weight":1.0,"played":[0.7547,0.2453],"evs":[0.0,0.08188]},"77":{"weight":1.0,"played":[0.0028,0.9972],"evs":[0.0,0.65653]},"87o":{"weight":1.0,"played":[0.9987,0.0013],"evs":[0.0,-1.4405]},"97o":{"weight":1.0,"played":[1.0,0.0],"evs":[0.0,-1.5564]},"T7o":{"weight":1.0,"played":[1.0,0.0],"evs":[0.0,-1.75906]},"J7o":{"weight":1.0,"played":[0.9999,1.0E-4],"evs":[0.0,-2.09897]},"Q7o":{"weight":1.0,"played":[1.0,0.0],"evs":[0.0,-2.39308]},"K7o":{"weight":1.0,"played":[0.9999,1.0E-4],"evs":[0.0,-1.94379]},"A7o":{"weight":1.0,"played":[0.9999,1.0E-4],"evs":[0.0,-3.17967]},"82s":{"weight":1.0,"played":[0.9998,2.0E-4],"evs":[0.0,-1.95793]},"83s":{"weight":1.0,"played":[0.9985,0.0015],"evs":[0.0,-1.40482]},"84s":{"weight":1.0,"played":[0.9904,0.0096],"evs":[0.0,-0.90038]},"85s":{"weight":1.0,"played":[0.9936,0.0064],"evs":[0.0,-0.78328]},"86s":{"weight":1.0,"played":[0.8499,0.1501],"evs":[0.0,-0.63801]},"87s":{"weight":1.0,"played":[0.0209,0.9791],"evs":[0.0,0.15398]},"88":{"weight":1.0,"played":[0.0,1.0],"evs":[0.0,1.55957]},"98o":{"weight":1.0,"played":[1.0,0.0],"evs":[0.0,-0.94633]},"T8o":{"weight":1.0,"played":[0.999,0.001],"evs":[0.0,-1.36196]},"J8o":{"weight":1.0,"played":[0.9986,0.0014],"evs":[0.0,-2.01304]},"Q8o":{"weight":1.0,"played":[1.0,0.0],"evs":[0.0,-1.9045]},"K8o":{"weight":1.0,"played":[0.9993,7.0E-4],"evs":[0.0,-1.81294]},"A8o":{"weight":1.0,"played":[0.9995,5.0E-4],"evs":[0.0,-3.09735]},"92s":{"weight":1.0,"played":[0.9997,3.0E-4],"evs":[0.0,-1.73843]},"93s":{"weight":1.0,"played":[0.9975,0.0025],"evs":[0.0,-1.79943]},"94s":{"weight":1.0,"played":[0.9969,0.0031],"evs":[0.0,-1.30588]},"95s":{"weight":1.0,"played":[0.9973,0.0027],"evs":[0.0,-1.26825]},"96s":{"weight":1.0,"played":[0.8833,0.1167],"evs":[0.0,-0.29297]},"97s":{"weight":1.0,"played":[0.8943,0.1057],"evs":[0.0,-0.49078]},"98s":{"weight":1.0,"played":[0.0503,0.9497],"evs":[0.0,0.10294]},"99":{"weight":1.0,"played":[4.0E-4,0.9996],"evs":[0.0,1.91619]},"T9o":{"weight":1.0,"played":[0.998,0.002],"evs":[0.0,-0.7461]},"J9o":{"weight":1.0,"played":[0.9981,0.0019],"evs":[0.0,-1.84177]},"Q9o":{"weight":1.0,"played":[0.9976,0.0024],"evs":[0.0,-1.34541]},"K9o":{"weight":1.0,"played":[0.9993,7.0E-4],"evs":[0.0,-1.29773]},"A9o":{"weight":1.0,"played":[0.9997,3.0E-4],"evs":[0.0,-2.38958]},"T2s":{"weight":1.0,"played":[1.0,0.0],"evs":[0.0,-1.77951]},"T3s":{"weight":1.0,"played":[1.0,0.0],"evs":[0.0,-1.49646]},"T4s":{"weight":1.0,"played":[1.0,0.0],"evs":[0.0,-1.12571]},"T5s":{"weight":1.0,"played":[0.9985,0.0015],"evs":[0.0,-1.04521]},"T6s":{"weight":1.0,"played":[0.9993,7.0E-4],"evs":[0.0,-0.95372]},"T7s":{"weight":1.0,"played":[0.9967,0.0033],"evs":[0.0,-0.25528]},"T8s":{"weight":1.0,"played":[0.2252,0.7748],"evs":[0.0,0.14073]},"T9s":{"weight":1.0,"played":[0.3631,0.6369],"evs":[0.0,0.13899]},"TT":{"weight":1.0,"played":[0.0,1.0],"evs":[0.0,2.8548]},"JTo":{"weight":1.0,"played":[0.9994,6.0E-4],"evs":[0.0,-0.70788]},"QTo":{"weight":1.0,"played":[0.9962,0.0038],"evs":[0.0,-0.87783]},"KTo":{"weight":1.0,"played":[0.997,0.003],"evs":[0.0,-0.60091]},"ATo":{"weight":1.0,"played":[0.9963,0.0037],"evs":[0.0,-1.89513]},"J2s":{"weight":1.0,"played":[1.0,0.0],"evs":[0.0,-1.53163]},"J3s":{"weight":1.0,"played":[0.9998,2.0E-4],"evs":[0.0,-1.37807]},"J4s":{"weight":1.0,"played":[0.9966,0.0034],"evs":[0.0,-1.6429]},"J5s":{"weight":1.0,"played":[0.9975,0.0025],"evs":[0.0,-1.49102]},"J6s":{"weight":1.0,"played":[0.9979,0.0021],"evs":[0.0,-0.46534]},"J7s":{"weight":1.0,"played":[0.9999,1.0E-4],"evs":[0.0,-0.66611]},"J8s":{"weight":1.0,"played":[0.8818,0.1182],"evs":[0.0,-0.81257]},"J9s":{"weight":1.0,"played":[0.5364,0.4636],"evs":[0.0,-0.06594]},"JTs":{"weight":1.0,"played":[0.2906,0.7094],"evs":[0.0,0.06428]},"JJ":{"weight":1.0,"played":[0.0,1.0],"evs":[0.0,4.44329]},"QJo":{"weight":1.0,"played":[0.9982,0.0018],"evs":[0.0,-0.87465]},"KJo":{"weight":1.0,"played":[0.9503,0.0497],"evs":[0.0,-0.34955]},"AJo":{"weight":1.0,"played":[0.9972,0.0028],"evs":[0.0,-1.29496]},"Q2s":{"weight":1.0,"played":[0.9972,0.0028],"evs":[0.0,-1.58556]},"Q3s":{"weight":1.0,"played":[0.9973,0.0027],"evs":[0.0,-1.52292]},"Q4s":{"weight":1.0,"played":[0.9932,0.0068],"evs":[0.0,-1.27327]},"Q5s":{"weight":1.0,"played":[0.9939,0.0061],"evs":[0.0,-1.29507]},"Q6s":{"weight":1.0,"played":[0.9047,0.0953],"evs":[0.0,-0.63783]},"Q7s":{"weight":1.0,"played":[0.9549,0.0451],"evs":[0.0,-0.78392]},"Q8s":{"weight":1.0,"played":[0.996,0.004],"evs":[0.0,-0.45366]},"Q9s":{"weight":1.0,"played":[0.6774,0.3226],"evs":[0.0,-0.57981]},"QTs":{"weight":1.0,"played":[0.3931,0.6069],"evs":[0.0,-0.01831]},"QJs":{"weight":1.0,"played":[0.0708,0.9292],"evs":[0.0,0.71603]},"QQ":{"weight":1.0,"played":[0.0,1.0],"evs":[0.0,6.88354]},"KQo":{"weight":1.0,"played":[0.7321,0.2679],"evs":[0.0,-0.29823]},"AQo":{"weight":1.0,"played":[0.1379,0.8621],"evs":[0.0,0.34043]},"K2s":{"weight":1.0,"played":[0.9998,2.0E-4],"evs":[0.0,-1.24438]},"K3s":{"weight":1.0,"played":[0.9848,0.0152],"evs":[0.0,-0.35512]},"K4s":{"weight":1.0,"played":[1.0,0.0],"evs":[0.0,-0.29625]},"K5s":{"weight":1.0,"played":[0.9228,0.0772],"evs":[0.0,-0.22955]},"K6s":{"weight":1.0,"played":[0.7574,0.2426],"evs":[0.0,-0.13071]},"K7s":{"weight":1.0,"played":[0.9951,0.0049],"evs":[0.0,-0.4777]},"K8s":{"weight":1.0,"played":[0.9892,0.0108],"evs":[0.0,-0.71829]},"K9s":{"weight":1.0,"played":[0.513,0.487],"evs":[0.0,-0.01373]},"KTs":{"weight":1.0,"played":[1.0E-4,0.9999],"evs":[0.0,0.79377]},"KJs":{"weight":1.0,"played":[0.0,1.0],"evs":[0.0,0.83968]},"KQs":{"weight":1.0,"played":[0.0054,0.9946],"evs":[0.0,1.36874]},"KK":{"weight":1.0,"played":[0.0,1.0],"evs":[0.0,9.80007]},"AKo":{"weight":1.0,"played":[0.0,1.0],"evs":[0.0,1.49414]},"A2s":{"weight":1.0,"played":[0.9671,0.0329],"evs":[0.0,-1.4579]},"A3s":{"weight":1.0,"played":[0.998,0.002],"evs":[0.0,-1.2619]},"A4s":{"weight":1.0,"played":[0.9999,1.0E-4],"evs":[0.0,-1.66977]},"A5s":{"weight":1.0,"played":[0.9861,0.0139],"evs":[0.0,-1.04841]},"A6s":{"weight":1.0,"played":[0.9995,5.0E-4],"evs":[0.0,-1.88449]},"A7s":{"weight":1.0,"played":[1.0,0.0],"evs":[0.0,-1.82648]},"A8s":{"weight":1.0,"played":[0.9882,0.0118],"evs":[0.0,-0.82885]},"A9s":{"weight":1.0,"played":[0.9974,0.0026],"evs":[0.0,-1.74513]},"ATs":{"weight":1.0,"played":[0.4146,0.5854],"evs":[0.0,0.0697]},"AJs":{"weight":1.0,"played":[0.0257,0.9743],"evs":[0.0,0.46489]},"AQs":{"weight":1.0,"played":[1.0E-4,0.9999],"evs":[0.0,1.46177]},"AKs":{"weight":1.0,"played":[0.0,1.0],"evs":[0.0,3.41625]},"AA":{"weight":1.0,"played":[0.0,1.0],"evs":[0.0,13.69091]}}}