{"player":3,"street":0,"children":3,"sequence":[{"player":0,"type":"R","amount":165000,"street":0},{"player":1,"type":"F","amount":0,"street":0},{"player":2,"type":"F","amount":0,"street":0}],"actions":[{"type":"F","amount":0,"node":151},{"type":"C","amount":165000,"node":154},{"type":"R","amount":1815000,"node":166}],"hands":{"22":{"weight":1.0,"played":[0.0,0.0,1.0],"evs":[0.0,2.47987,2.58018]},"32o":{"weight":1.0,"played":[1.0,0.0,0.0],"evs":[0.0,-0.65904,-1.3995]},"42o":{"weight":1.0,"played":[1.0,0.0,0.0],"evs":[0.0,-0.61131,-1.23095]},"52o":{"weight":1.0,"played":[1.0,0.0,0.0],"evs":[0.0,-0.54528,-1.06842]},"62o":{"weight":1.0,"played":[1.0,0.0,0.0],"evs":[0.0,-0.65201,-1.37461]},"72o":{"weight":1.0,"played":[1.0,0.0,0.0],"evs":[0.0,-0.70806,-1.60159]},"82o":{"weight":1.0,"played":[1.0,0.0,0.0],"evs":[0.0,-0.60727,-1.33746]},"92o":{"weight":1.0,"played":[1.0,0.0,0.0],"evs":[0.0,-0.52905,-1.14096]},"T2o":{"weight":1.0,"played":[1.0,0.0,0.0],"evs":[0.0,-0.43056,-0.85084]},"J2o":{"weight":1.0,"played":[1.0,0.0,0.0],"evs":[0.0,-0.24466,-0.54547]},"Q2o":{"weight":1.0,"played":[0.0,1.0,0.0],"evs":[0.0,0.09916,-0.02398]},"K2o":{"weight":1.0,"played":[0.0,0.0,1.0],"evs":[0.0,0.78532,0.82659]},"A2o":{"weight":1.0,"played":[0.0,0.0,1.0],"evs":[0.0,2.55742,2.67348]},"32s":{"weight":1.0,"played":[0.9999,1.0E-4,0.0],"evs":[0.0,-0.18141,-0.31714]},"33":{"weight":1.0,"played":[0.0,0.0,1.0],"evs":[0.0,2.91114,3.05241]},"43o":{"weight":1.0,"played":[1.0,0.0,0.0],"evs":[0.0,-0.48834,-0.82095]},"53o":{"weight":1.0,"played":[1.0,0.0,0.0],"evs":[0.0,-0.39299,-0.63971]},"63o":{"weight":1.0,"played":[1.0,0.0,0.0],"evs":[0.0,-0.51622,-0.95065]},"73o":{"weight":1.0,"played":[1.0,0.0,0.0],"evs":[0.0,-0.5812,-1.19822]},"83o":{"weight":1.0,"played":[1.0,0.0,0.0],"evs":[0.0,-0.58736,-1.28082]},"93o":{"weight":1.0,"played":[1.0,0.0,0.0],"evs":[0.0,-0.48453,-1.02278]},"T3o":{"weight":1.0,"played":[1.0,0.0,0.0],"evs":[0.0,-0.38814,-0.7093]},"J3o":{"weight":1.0,"played":[1.0,0.0,0.0],"evs":[0.0,-0.17632,-0.40678]},"Q3o":{"weight":1.0,"played":[0.0,0.9991,9.0E-4],"evs":[0.0,0.18147,0.12194]},"K3o":{"weight":1.0,"played":[0.0,0.0,1.0],"evs":[0.0,0.88552,0.97185]},"A3o":{"weight":1.0,"played":[0.0,0.0,1.0],"evs":[0.0,2.74315,2.85823]},"42s":{"weight":1.0,"played":[1.0,0.0,0.0],"evs":[0.0,-0.01856,-0.12821]},"43s":{"weight":1.0,"played":[0.0,0.8999,0.1001],"evs":[0.0,0.28037,0.26487]},"44":{"weight":1.0,"played":[0.0,0.0,1.0],"evs":[0.0,3.41997,3.555]},"54o":{"weight":1.0,"played":[1.0,0.0,0.0],"evs":[0.0,-0.10487,-0.22922]},"64o":{"weight":1.0,"played":[1.0,0.0,0.0],"evs":[0.0,-0.28659,-0.49968]},"74o":{"weight":1.0,"played":[1.0,0.0,0.0],"evs":[0.0,-0.43296,-0.72411]},"84o":{"weight":1.0,"played":[1.0,0.0,0.0],"evs":[0.0,-0.43911,-0.81759]},"94o":{"weight":1.0,"played":[1.0,0.0,0.0],"evs":[0.0,-0.45432,-0.92105]},"T4o":{"weight":1.0,"played":[1.0,0.0,0.0],"evs":[0.0,-0.31025,-0.55418]},"J4o":{"weight":1.0,"played":[1.0,0.0,0.0],"evs":[0.0,-0.07922,-0.24484]},"Q4o":{"weight":1.0,"played":[0.0,0.8412,0.1588],"evs":[0.0,0.2793,0.27889]},"K4o":{"weight":1.0,"played":[0.0,0.0,1.0],"evs":[0.0,1.02558,1.12859]},"A4o":{"weight":1.0,"played":[0.0,0.0,1.0],"evs":[0.0,2.90759,3.00387]},"52s":{"weight":1.0,"played":[0.001,0.9988,2.0E-4],"evs":[0.0,0.08824,-0.00669]},"53s":{"weight":1.0,"played":[0.0,0.0296,0.9704],"evs":[0.0,0.36665,0.38318]},"54s":{"weight":1.0,"played":[0.0,0.4284,0.5716],"evs":[0.0,0.80017,0.80234]},"55":{"weight":1.0,"played":[0.0,0.0,1.0],"evs":[0.0,4.06659,4.14291]},"65o":{"weight":1.0,"played":[1.0E-4,0.9999,0.0],"evs":[0.0,0.06987,-0.05496]},"75o":{"weight":1.0,"played":[0.9999,1.0E-4,0.0],"evs":[0.0,-0.11643,-0.28258]},"85o":{"weight":1.0,"played":[1.0,0.0,0.0],"evs":[0.0,-0.18909,-0.36081]},"95o":{"weight":1.0,"played":[1.0,0.0,0.0],"evs":[0.0,-0.23645,-0.47323]},"T5o":{"weight":1.0,"played":[1.0,0.0,0.0],"evs":[0.0,-0.20984,-0.45699]},"J5o":{"weight":1.0,"played":[0.001,0.999,0.0],"evs":[0.0,0.04443,-0.05962]},"Q5o":{"weight":1.0,"played":[0.0,0.6642,0.3358],"evs":[0.0,0.47587,0.4825]},"K5o":{"weight":1.0,"played":[0.0,0.0,1.0],"evs":[0.0,1.21005,1.34709]},"A5o":{"weight":1.0,"played":[0.0,0.0,1.0],"evs":[0.0,3.1746,3.25689]},"62s":{"weight":1.0,"played":[1.0,0.0,0.0],"evs":[0.0,-0.12788,-0.3122]},"63s":{"weight":1.0,"played":[0.0,0.9997,3.0E-4],"evs":[0.0,0.17305,0.11079]},"64s":{"weight":1.0,"played":[0.0,0.084,0.916],"evs":[0.0,0.51578,0.53499]},"65s":{"weight":1.0,"played":[0.0,1.0,0.0],"evs":[0.0,0.9462,0.92644]},"66":{"weight":1.0,"played":[0.0,0.0752,0.9248],"evs":[0.0,4.61165,4.65296]},"76o":{"weight":1.0,"played":[0.0,1.0,0.0],"evs":[0.0,0.22096,0.12887]},"86o":{"weight":1.0,"played":[2.0E-4,0.9998,0.0],"evs":[0.0,0.13601,0.02269]},"96o":{"weight":1.0,"played":[1.0E-4,0.9999,0.0],"evs":[0.0,0.05549,-0.06273]},"T6o":{"weight":1.0,"played":[0.0,0.9999,0.0],"evs":[0.0,0.0478,-0.05937]},"J6o":{"weight":1.0,"played":[0.0,1.0,0.0],"evs":[0.0,0.10358,-0.02994]},"Q6o":{"weight":1.0,"played":[0.0,0.8932,0.1068],"evs":[0.0,0.61388,0.60935]},"K6o":{"weight":1.0,"played":[0.0,0.0,1.0],"evs":[0.0,1.46646,1.59753]},"A6o":{"weight":1.0,"played":[0.0,0.0,1.0],"evs":[0.0,3.18575,3.33932]},"72s":{"weight":1.0,"played":[1.0,0.0,0.0],"evs":[0.0,-0.30455,-0.54204]},"73s":{"weight":1.0,"played":[0.494,0.5059,1.0E-4],"evs":[0.0,-0.00887,-0.10411]},"74s":{"weight":1.0,"played":[0.0,0.9941,0.0059],"evs":[0.0,0.34396,0.30535]},"75s":{"weight":1.0,"played":[0.0,0.2418,0.7582],"evs":[0.0,0.69615,0.70008]},"76s":{"weight":1.0,"played":[0.0,0.9984,0.0016],"evs":[0.0,1.16125,1.11058]},"77":{"weight":1.0,"played":[0.0,0.0585,0.9415],"evs":[0.0,5.21617,5.24062]},"87o":{"weight":1.0,"played":[0.0,1.0,0.0],"evs":[0.0,0.41571,0.38757]},"97o":{"weight":1.0,"played":[0.0,1.0,0.0],"evs":[0.0,0.34673,0.30887]},"T7o":{"weight":1.0,"played":[0.0,0.9956,0.0044],"evs":[0.0,0.37712,0.34431]},"J7o":{"weight":1.0,"played":[0.0,0.9969,0.0031],"evs":[0.0,0.43572,0.37252]},"Q7o":{"weight":1.0,"played":[0.0,0.9548,0.0452],"evs":[0.0,0.75039,0.73352]},"K7o":{"weight":1.0,"played":[0.0,0.0,1.0],"evs":[0.0,1.753,1.86208]},"A7o":{"weight":1.0,"played":[0.0,0.0,1.0],"evs":[0.0,3.58133,3.73604]},"82s":{"weight":1.0,"played":[0.9999,1.0E-4,0.0],"evs":[0.0,-0.12596,-0.25527]},"83s":{"weight":1.0,"played":[1.0,0.0,0.0],"evs":[0.0,-0.05406,-0.17123]},"84s":{"weight":1.0,"played":[0.0,0.9998,2.0E-4],"evs":[0.0,0.23575,0.19781]},"85s":{"weight":1.0,"played":[0.0,0.2186,0.7814],"evs":[0.0,0.60707,0.63043]},"86s":{"weight":1.0,"played":[0.0,0.9998,2.0E-4],"evs":[0.0,1.03733,1.00225]},"87s":{"weight":1.0,"played":[0.0,1.0,0.0],"evs":[0.0,1.38189,1.32998]},"88":{"weight":1.0,"played":[0.0,0.9764,0.0236],"evs":[0.0,6.08278,6.05238]},"98o":{"weight":1.0,"played":[0.0,0.9699,0.0301],"evs":[0.0,0.75018,0.74598]},"T8o":{"weight":1.0,"played":[0.0,0.0027,0.9973],"evs":[0.0,0.82576,0.85911]},"J8o":{"weight":1.0,"played":[0.0,0.0027,0.9973],"evs":[0.0,0.92804,0.96229]},"Q8o":{"weight":1.0,"played":[0.0,6.0E-4,0.9994],"evs":[0.0,1.282,1.3506]},"K8o":{"weight":1.0,"played":[0.0,0.0,1.0],"evs":[0.0,2.12668,2.25502]},"A8o":{"weight":1.0,"played":[0.0,0.0,1.0],"evs":[0.0,4.0975,4.27599]},"92s":{"weight":1.0,"played":[0.0089,0.991,1.0E-4],"evs":[0.0,0.01532,-0.06623]},"93s":{"weight":1.0,"played":[0.0031,0.9968,1.0E-4],"evs":[0.0,0.09613,0.05537]},"94s":{"weight":1.0,"played":[0.0,0.9987,0.0013],"evs":[0.0,0.17532,0.12826]},"95s":{"weight":1.0,"played":[0.0,0.1286,0.8714],"evs":[0.0,0.5136,0.54125]},"96s":{"weight":1.0,"played":[0.0,0.9999,1.0E-4],"evs":[0.0,0.94007,0.91349]},"97s":{"weight":1.0,"played":[0.0,0.9995,5.0E-4],"evs":[0.0,1.29736,1.27692]},"98s":{"weight":1.0,"played":[0.0,1.0,0.0],"evs":[0.0,1.76194,1.68878]},"99":{"weight":1.0,"played":[0.0,1.0,0.0],"evs":[0.0,7.00429,6.93591]},"T9o":{"weight":1.0,"played":[0.0,0.9999,1.0E-4],"evs":[0.0,1.41932,1.37328]},"J9o":{"weight":1.0,"played":[0.0,0.5304,0.4696],"evs":[0.0,1.4911,1.49474]},"Q9o":{"weight":1.0,"played":[0.0,7.0E-4,0.9993],"evs":[0.0,1.88637,1.95252]},"K9o":{"weight":1.0,"played":[0.0,0.0,1.0],"evs":[0.0,2.86462,2.98017]},"A9o":{"weight":1.0,"played":[0.0,0.0,1.0],"evs":[0.0,4.57447,4.80213]},"T2s":{"weight":1.0,"played":[1.0E-4,0.6523,0.3476],"evs":[0.0,0.23848,0.23982]},"T3s":{"weight":1.0,"played":[0.0,0.0037,0.9963],"evs":[0.0,0.33291,0.33792]},"T4s":{"weight":1.0,"played":[0.0,0.0029,0.9971],"evs":[0.0,0.42446,0.47833]},"T5s":{"weight":1.0,"played":[0.0,4.0E-4,0.9996],"evs":[0.0,0.53989,0.58734]},"T6s":{"weight":1.0,"played":[0.0,0.0056,0.9944],"evs":[0.0,0.89549,0.92978]},"T7s":{"weight":1.0,"played":[0.0,0.1227,0.8773],"evs":[0.0,1.2895,1.30478]},"T8s":{"weight":1.0,"played":[0.0,0.9992,8.0E-4],"evs":[0.0,1.82191,1.77059]},"T9s":{"weight":1.0,"played":[0.0,0.9998,2.0E-4],"evs":[0.0,2.38526,2.26986]},"TT":{"weight":1.0,"played":[0.0,1.0,0.0],"evs":[0.0,8.16462,8.0142]},"JTo":{"weight":1.0,"played":[0.0,0.2727,0.7273],"evs":[0.0,2.33065,2.33577]},"QTo":{"weight":1.0,"played":[0.0,0.042,0.958],"evs":[0.0,2.75527,2.77153]},"KTo":{"weight":1.0,"played":[0.0,0.0016,0.9984],"evs":[0.0,3.79066,3.84751]},"ATo":{"weight":1.0,"played":[0.0,0.0,1.0],"evs":[0.0,5.53062,5.69534]},"J2s":{"weight":1.0,"played":[0.0,0.0521,0.9479],"evs":[0.0,0.48366,0.52616]},"J3s":{"weight":1.0,"played":[0.0,0.0,1.0],"evs":[0.0,0.57101,0.62303]},"J4s":{"weight":1.0,"played":[0.0,0.0,1.0],"evs":[0.0,0.66881,0.76496]},"J5s":{"weight":1.0,"played":[0.0,5.0E-4,0.9995],"evs":[0.0,0.83754,0.94018]},"J6s":{"weight":1.0,"played":[0.0,0.0025,0.9975],"evs":[0.0,0.90207,0.9656]},"J7s":{"weight":1.0,"played":[0.0,0.0,1.0],"evs":[0.0,1.33385,1.3591]},"J8s":{"weight":1.0,"played":[0.0,0.9596,0.0404],"evs":[0.0,1.91216,1.8885]},"J9s":{"weight":1.0,"played":[0.0,0.9998,2.0E-4],"evs":[0.0,2.47135,2.40061]},"JTs":{"weight":1.0,"played":[0.0,0.9999,1.0E-4],"evs":[0.0,3.24154,3.17193]},"JJ":{"weight":1.0,"played":[0.0,1.0,0.0],"evs":[0.0,9.21819,8.8999]},"QJo":{"weight":1.0,"played":[0.0,0.1326,0.8674],"evs":[0.0,3.15802,3.16558]},"KJo":{"weight":1.0,"played":[0.0,0.0581,0.9419],"evs":[0.0,4.23601,4.26612]},"AJo":{"weight":1.0,"played":[0.0,0.0,1.0],"evs":[0.0,6.00235,6.18104]},"Q2s":{"weight":1.0,"played":[0.0,0.0,1.0],"evs":[0.0,0.87058,0.99135]},"Q3s":{"weight":1.0,"played":[0.0,0.0,1.0],"evs":[0.0,1.00757,1.14659]},"Q4s":{"weight":1.0,"played":[0.0,0.0,1.0],"evs":[0.0,1.13327,1.26474]},"Q5s":{"weight":1.0,"played":[0.0,2.0E-4,0.9998],"evs":[0.0,1.3184,1.44208]},"Q6s":{"weight":1.0,"played":[0.0,2.0E-4,0.9998],"evs":[0.0,1.55562,1.63029]},"Q7s":{"weight":1.0,"played":[0.0,4.0E-4,0.9996],"evs":[0.0,1.62641,1.69262]},"Q8s":{"weight":1.0,"played":[0.0,0.1506,0.8494],"evs":[0.0,2.25216,2.26992]},"Q9s":{"weight":1.0,"played":[0.0,0.9959,0.0041],"evs":[0.0,2.84436,2.8158]},"QTs":{"weight":1.0,"played":[0.0,0.9996,4.0E-4],"evs":[0.0,3.67419,3.59851]},"QJs":{"weight":1.0,"played":[0.0,1.0,0.0],"evs":[0.0,4.05454,3.97017]},"QQ":{"weight":1.0,"played":[0.0,1.0,0.0],"evs":[0.0,10.3858,9.89729]},"KQo":{"weight":1.0,"played":[0.0,0.7806,0.2194],"evs":[0.0,4.76953,4.76568]},"AQo":{"weight":1.0,"played":[0.0,0.0,1.0],"evs":[0.0,6.61531,6.75011]},"K2s":{"weight":1.0,"played":[0.0,3.0E-4,0.9997],"evs":[0.0,1.73336,1.81906]},"K3s":{"weight":1.0,"played":[0.0,0.0,1.0],"evs":[0.0,1.85403,1.92863]},"K4s":{"weight":1.0,"played":[0.0,2.0E-4,0.9998],"evs":[0.0,2.06701,2.13536]},"K5s":{"weight":1.0,"played":[0.0,3.0E-4,0.9997],"evs":[0.0,2.24952,2.30691]},"K6s":{"weight":1.0,"played":[0.0,0.002,0.998],"evs":[0.0,2.47515,2.50591]},"K7s":{"weight":1.0,"played":[0.0,0.0844,0.9156],"evs":[0.0,2.73419,2.77328]},"K8s":{"weight":1.0,"played":[0.0,7.0E-4,0.9993],"evs":[0.0,3.11394,3.13997]},"K9s":{"weight":1.0,"played":[0.0,0.0605,0.9395],"evs":[0.0,3.78673,3.80163]},"KTs":{"weight":1.0,"played":[0.0,0.9968,0.0032],"evs":[0.0,4.68066,4.62457]},"KJs":{"weight":1.0,"played":[0.0,0.9787,0.0213],"evs":[0.0,5.05933,5.00538]},"KQs":{"weight":1.0,"played":[0.0,0.9994,6.0E-4],"evs":[0.0,5.55157,5.44949]},"KK":{"weight":1.0,"played":[0.0,1.0,0.0],"evs":[0.0,11.75307,11.12998]},"AKo":{"weight":1.0,"played":[0.0,0.0,1.0],"evs":[0.0,7.2608,7.4448]},"A2s":{"weight":1.0,"played":[0.0,0.0552,0.9448],"evs":[0.0,3.55894,3.58915]},"A3s":{"weight":1.0,"played":[0.0,0.5282,0.4718],"evs":[0.0,3.6747,3.69173]},"A4s":{"weight":1.0,"played":[0.0,0.9007,0.0993],"evs":[0.0,3.87931,3.8663]},"A5s":{"weight":1.0,"played":[0.0,0.8889,0.1111],"evs":[0.0,4.08943,4.08209]},"A6s":{"weight":1.0,"played":[0.0,0.0483,0.9517],"evs":[0.0,4.11329,4.18088]},"A7s":{"weight":1.0,"played":[0.0,6.0E-4,0.9994],"evs":[0.0,4.45724,4.50888]},"A8s":{"weight":1.0,"played":[0.0,0.0,1.0],"evs":[0.0,4.93508,5.03042]},"A9s":{"weight":1.0,"played":[0.0,0.0,1.0],"evs":[0.0,5.37735,5.50363]},"ATs":{"weight":1.0,"played":[0.0,0.0,1.0],"evs":[0.0,6.26315,6.33488]},"AJs":{"weight":1.0,"played":[0.0,0.0,1.0],"evs":[0.0,6.71684,6.79302]},"AQs":{"weight":1.0,"played":[0.0,3.0E-4,0.9997],"evs":[0.0,7.27707,7.30881]},"AKs":{"weight":1.0,"played":[0.0,1.0E-4,0.9999],"evs":[0.0,7.87144,7.94591]},"AA":{"weight":1.0,"played":[0.0,1.0,0.0],"evs":[0.0,13.73092,12.96491]}}}