{"player":5,"street":0,"children":2,"sequence":[{"player":0,"type":"R","amount":165000,"street":0},{"player":1,"type":"F","amount":0,"street":0},{"player":2,"type":"F","amount":0,"street":0},{"player":3,"type":"F","amount":0,"street":0},{"player":4,"type":"F","amount":0,"street":0}],"actions":[{"type":"F","amount":0},{"type":"C","amount":65000}],"hands":{"22":{"weight":1.0,"played":[0.0,1.0],"evs":[0.0,2.50665]},"32o":{"weight":1.0,"played":[0.0,1.0],"evs":[0.0,1.22979]},"42o":{"weight":1.0,"played":[0.0,1.0],"evs":[0.0,1.29251]},"52o":{"weight":1.0,"played":[0.0,1.0],"evs":[0.0,1.36654]},"62o":{"weight":1.0,"played":[0.0,1.0],"evs":[0.0,1.32078]},"72o":{"weight":1.0,"played":[0.0,1.0],"evs":[0.0,1.26122]},"82o":{"weight":1.0,"played":[0.0,1.0],"evs":[0.0,1.35999]},"92o":{"weight":1.0,"played":[0.0,1.0],"evs":[0.0,1.52226]},"T2o":{"weight":1.0,"played":[0.0,1.0],"evs":[0.0,1.66624]},"J2o":{"weight":1.0,"played":[0.0,1.0],"evs":[0.0,1.85266]},"Q2o":{"weight":1.0,"played":[0.0,1.0],"evs":[0.0,2.09311]},"K2o":{"weight":1.0,"played":[0.0,1.0],"evs":[0.0,2.42221]},"A2o":{"weight":1.0,"played":[0.0,1.0],"evs":[0.0,2.87027]},"32s":{"weight":1.0,"played":[0.0,1.0],"evs":[0.0,1.47929]},"33":{"weight":1.0,"played":[0.0,1.0],"evs":[0.0,2.70058]},"43o":{"weight":1.0,"played":[0.0,1.0],"evs":[0.0,1.39788]},"53o":{"weight":1.0,"played":[0.0,1.0],"evs":[0.0,1.5449]},"63o":{"weight":1.0,"played":[0.0,1.0],"evs":[0.0,1.46316]},"73o":{"weight":1.0,"played":[0.0,1.0],"evs":[0.0,1.46814]},"83o":{"weight":1.0,"played":[0.0,1.0],"evs":[0.0,1.48761]},"93o":{"weight":1.0,"played":[0.0,1.0],"evs":[0.0,1.64395]},"T3o":{"weight":1.0,"played":[0.0,1.0],"evs":[0.0,1.75975]},"J3o":{"weight":1.0,"played":[0.0,1.0],"evs":[0.0,1.96352]},"Q3o":{"weight":1.0,"played":[0.0,1.0],"evs":[0.0,2.17807]},"K3o":{"weight":1.0,"played":[0.0,1.0],"evs":[0.0,2.49048]},"A3o":{"weight":1.0,"played":[0.0,1.0],"evs":[0.0,2.92388]},"42s":{"weight":1.0,"played":[0.0,1.0],"evs":[0.0,1.63668]},"43s":{"weight":1.0,"played":[0.0,1.0],"evs":[0.0,1.75121]},"44":{"weight":1.0,"played":[0.0,1.0],"evs":[0.0,2.88489]},"54o":{"weight":1.0,"played":[0.0,1.0],"evs":[0.0,1.64405]},"64o":{"weight":1.0,"played":[0.0,1.0],"evs":[0.0,1.63788]},"74o":{"weight":1.0,"played":[0.0,1.0],"evs":[0.0,1.59098]},"84o":{"weight":1.0,"played":[0.0,1.0],"evs":[0.0,1.62087]},"94o":{"weight":1.0,"played":[0.0,1.0],"evs":[0.0,1.74865]},"T4o":{"weight":1.0,"played":[0.0,1.0],"evs":[0.0,1.91493]},"J4o":{"weight":1.0,"played":[0.0,1.0],"evs":[0.0,2.0275]},"Q4o":{"weight":1.0,"played":[0.0,1.0],"evs":[0.0,2.26998]},"K4o":{"weight":1.0,"played":[0.0,1.0],"evs":[0.0,2.54602]},"A4o":{"weight":1.0,"played":[0.0,1.0],"evs":[0.0,2.98649]},"52s":{"weight":1.0,"played":[0.0,1.0],"evs":[0.0,1.67789]},"53s":{"weight":1.0,"played":[0.0,1.0],"evs":[0.0,1.77759]},"54s":{"weight":1.0,"played":[0.0,1.0],"evs":[0.0,1.9878]},"55":{"weight":1.0,"played":[0.0,1.0],"evs":[0.0,3.06301]},"65o":{"weight":1.0,"played":[0.0,1.0],"evs":[0.0,1.7846]},"75o":{"weight":1.0,"played":[0.0,1.0],"evs":[0.0,1.72849]},"85o":{"weight":1.0,"played":[0.0,1.0],"evs":[0.0,1.7346]},"95o":{"weight":1.0,"played":[0.0,1.0],"evs":[0.0,1.83355]},"T5o":{"weight":1.0,"played":[0.0,1.0],"evs":[0.0,1.90778]},"J5o":{"weight":1.0,"played":[0.0,1.0],"evs":[0.0,2.08176]},"Q5o":{"weight":1.0,"played":[0.0,1.0],"evs":[0.0,2.34591]},"K5o":{"weight":1.0,"played":[0.0,1.0],"evs":[0.0,2.60498]},"A5o":{"weight":1.0,"played":[0.0,1.0],"evs":[0.0,3.07702]},"62s":{"weight":1.0,"played":[0.0,1.0],"evs":[0.0,1.61118]},"63s":{"weight":1.0,"played":[0.0,1.0],"evs":[0.0,1.74241]},"64s":{"weight":1.0,"played":[0.0,1.0],"evs":[0.0,1.88619]},"65s":{"weight":1.0,"played":[0.0,1.0],"evs":[0.0,2.03777]},"66":{"weight":1.0,"played":[0.0,1.0],"evs":[0.0,3.26866]},"76o":{"weight":1.0,"played":[0.0,1.0],"evs":[0.0,1.83169]},"86o":{"weight":1.0,"played":[0.0,1.0],"evs":[0.0,1.88921]},"96o":{"weight":1.0,"played":[0.0,1.0],"evs":[0.0,2.00323]},"T6o":{"weight":1.0,"played":[0.0,1.0],"evs":[0.0,2.05665]},"J6o":{"weight":1.0,"played":[0.0,1.0],"evs":[0.0,2.13149]},"Q6o":{"weight":1.0,"played":[0.0,1.0],"evs":[0.0,2.42445]},"K6o":{"weight":1.0,"played":[0.0,1.0],"evs":[0.0,2.73652]},"A6o":{"weight":1.0,"played":[0.0,1.0],"evs":[0.0,3.11675]},"72s":{"weight":1.0,"played":[0.0,1.0],"evs":[0.0,1.50127]},"73s":{"weight":1.0,"played":[0.0,1.0],"evs":[0.0,1.68418]},"74s":{"weight":1.0,"played":[0.0,1.0],"evs":[0.0,1.83942]},"75s":{"weight":1.0,"played":[0.0,1.0],"evs":[0.0,1.9895]},"76s":{"weight":1.0,"played":[0.0,1.0],"evs":[0.0,2.10413]},"77":{"weight":1.0,"played":[0.0,1.0],"evs":[0.0,3.43578]},"87o":{"weight":1.0,"played":[0.0,1.0],"evs":[0.0,1.95435]},"97o":{"weight":1.0,"played":[0.0,1.0],"evs":[0.0,2.06103]},"T7o":{"weight":1.0,"played":[0.0,1.0],"evs":[0.0,2.15205]},"J7o":{"weight":1.0,"played":[0.0,1.0],"evs":[0.0,2.20761]},"Q7o":{"weight":1.0,"played":[0.0,1.0],"evs":[0.0,2.43507]},"K7o":{"weight":1.0,"played":[0.0,1.0],"evs":[0.0,2.79471]},"A7o":{"weight":1.0,"played":[0.0,1.0],"evs":[0.0,3.2569]},"82s":{"weight":1.0,"played":[0.0,1.0],"evs":[0.0,1.68004]},"83s":{"weight":1.0,"played":[0.0,1.0],"evs":[0.0,1.74861]},"84s":{"weight":1.0,"played":[0.0,1.0],"evs":[0.0,1.88082]},"85s":{"weight":1.0,"played":[0.0,1.0],"evs":[0.0,2.04513]},"86s":{"weight":1.0,"played":[0.0,1.0],"evs":[0.0,2.09378]},"87s":{"weight":1.0,"played":[0.0,1.0],"evs":[0.0,2.22084]},"88":{"weight":1.0,"played":[0.0,1.0],"evs":[0.0,3.72548]},"98o":{"weight":1.0,"played":[0.0,1.0],"evs":[0.0,2.22061]},"T8o":{"weight":1.0,"played":[0.0,1.0],"evs":[0.0,2.32976]},"J8o":{"weight":1.0,"played":[0.0,1.0],"evs":[0.0,2.43252]},"Q8o":{"weight":1.0,"played":[0.0,1.0],"evs":[0.0,2.62752]},"K8o":{"weight":1.0,"played":[0.0,1.0],"evs":[0.0,2.91229]},"A8o":{"weight":1.0,"played":[0.0,1.0],"evs":[0.0,3.39015]},"92s":{"weight":1.0,"played":[0.0,1.0],"evs":[0.0,1.73929]},"93s":{"weight":1.0,"played":[0.0,1.0],"evs":[0.0,1.90255]},"94s":{"weight":1.0,"played":[0.0,1.0],"evs":[0.0,1.95788]},"95s":{"weight":1.0,"played":[0.0,1.0],"evs":[0.0,2.13709]},"96s":{"weight":1.0,"played":[0.0,1.0],"evs":[0.0,2.1766]},"97s":{"weight":1.0,"played":[0.0,1.0],"evs":[0.0,2.3338]},"98s":{"weight":1.0,"played":[0.0,1.0],"evs":[0.0,2.41052]},"99":{"weight":1.0,"played":[0.0,1.0],"evs":[0.0,3.98182]},"T9o":{"weight":1.0,"played":[0.0,1.0],"evs":[0.0,2.55314]},"J9o":{"weight":1.0,"played":[0.0,1.0],"evs":[0.0,2.63758]},"Q9o":{"weight":1.0,"played":[0.0,1.0],"evs":[0.0,2.85751]},"K9o":{"weight":1.0,"played":[0.0,1.0],"evs":[0.0,3.16098]},"A9o":{"weight":1.0,"played":[0.0,1.0],"evs":[0.0,3.4955]},"T2s":{"weight":1.0,"played":[0.0,1.0],"evs":[0.0,1.94114]},"T3s":{"weight":1.0,"played":[0.0,1.0],"evs":[0.0,2.04303]},"T4s":{"weight":1.0,"played":[0.0,1.0],"evs":[0.0,2.11341]},"T5s":{"weight":1.0,"played":[0.0,1.0],"evs":[0.0,2.15818]},"T6s":{"weight":1.0,"played":[0.0,1.0],"evs":[0.0,2.32026]},"T7s":{"weight":1.0,"played":[0.0,1.0],"evs":[0.0,2.34349]},"T8s":{"weight":1.0,"played":[0.0,1.0],"evs":[0.0,2.56223]},"T9s":{"weight":1.0,"played":[0.0,1.0],"evs":[0.0,2.74606]},"TT":{"weight":1.0,"played":[0.0,1.0],"evs":[0.0,4.2531]},"JTo":{"weight":1.0,"played":[0.0,1.0],"evs":[0.0,2.92751]},"QTo":{"weight":1.0,"played":[0.0,1.0],"evs":[0.0,3.08299]},"KTo":{"weight":1.0,"played":[0.0,1.0],"evs":[0.0,3.38317]},"ATo":{"weight":1.0,"played":[0.0,1.0],"evs":[0.0,3.75361]},"J2s":{"weight":1.0,"played":[0.0,1.0],"evs":[0.0,2.0704]},"J3s":{"weight":1.0,"played":[0.0,1.0],"evs":[0.0,2.20864]},"J4s":{"weight":1.0,"played":[0.0,1.0],"evs":[0.0,2.28928]},"J5s":{"weight":1.0,"played":[0.0,1.0],"evs":[0.0,2.27588]},"J6s":{"weight":1.0,"played":[0.0,1.0],"evs":[0.0,2.37997]},"J7s":{"weight":1.0,"played":[0.0,1.0],"evs":[0.0,2.50131]},"J8s":{"weight":1.0,"played":[0.0,1.0],"evs":[0.0,2.62105]},"J9s":{"weight":1.0,"played":[0.0,1.0],"evs":[0.0,2.89273]},"JTs":{"weight":1.0,"played":[0.0,1.0],"evs":[0.0,3.08652]},"JJ":{"weight":1.0,"played":[0.0,1.0],"evs":[0.0,4.51825]},"QJo":{"weight":1.0,"played":[0.0,1.0],"evs":[0.0,3.21764]},"KJo":{"weight":1.0,"played":[0.0,1.0],"evs":[0.0,3.51481]},"AJo":{"weight":1.0,"played":[0.0,1.0],"evs":[0.0,3.86888]},"Q2s":{"weight":1.0,"played":[0.0,1.0],"evs":[0.0,2.30425]},"Q3s":{"weight":1.0,"played":[0.0,1.0],"evs":[0.0,2.39412]},"Q4s":{"weight":1.0,"played":[0.0,1.0],"evs":[0.0,2.41648]},"Q5s":{"weight":1.0,"played":[0.0,1.0],"evs":[0.0,2.56851]},"Q6s":{"weight":1.0,"played":[0.0,1.0],"evs":[0.0,2.62894]},"Q7s":{"weight":1.0,"played":[0.0,1.0],"evs":[0.0,2.66382]},"Q8s":{"weight":1.0,"played":[0.0,1.0],"evs":[0.0,2.83028]},"Q9s":{"weight":1.0,"played":[0.0,1.0],"evs":[0.0,3.06084]},"QTs":{"weight":1.0,"played":[0.0,1.0],"evs":[0.0,3.33819]},"QJs":{"weight":1.0,"played":[0.0,1.0],"evs":[0.0,3.35515]},"QQ":{"weight":1.0,"played":[0.0,1.0],"evs":[0.0,4.7752]},"KQo":{"weight":1.0,"played":[0.0,1.0],"evs":[0.0,3.63665]},"AQo":{"weight":1.0,"played":[0.0,1.0],"evs":[0.0,4.04185]},"K2s":{"weight":1.0,"played":[0.0,1.0],"evs":[0.0,2.58046]},"K3s":{"weight":1.0,"played":[0.0,1.0],"evs":[0.0,2.70621]},"K4s":{"weight":1.0,"played":[0.0,1.0],"evs":[0.0,2.73334]},"K5s":{"weight":1.0,"played":[0.0,1.0],"evs":[0.0,2.80158]},"K6s":{"weight":1.0,"played":[0.0,1.0],"evs":[0.0,2.92468]},"K7s":{"weight":1.0,"played":[0.0,1.0],"evs":[0.0,3.0022]},"K8s":{"weight":1.0,"played":[0.0,1.0],"evs":[0.0,3.08931]},"K9s":{"weight":1.0,"played":[0.0,1.0],"evs":[0.0,3.32547]},"KTs":{"weight":1.0,"played":[0.0,1.0],"evs":[0.0,3.55873]},"KJs":{"weight":1.0,"played":[0.0,1.0],"evs":[0.0,3.63107]},"KQs":{"weight":1.0,"played":[0.0,1.0],"evs":[0.0,3.78608]},"KK":{"weight":1.0,"played":[0.0,1.0],"evs":[0.0,5.10768]},"AKo":{"weight":1.0,"played":[0.0,1.0],"evs":[0.0,4.194]},"A2s":{"weight":1.0,"played":[0.0,1.0],"evs":[0.0,3.04847]},"A3s":{"weight":1.0,"played":[0.0,1.0],"evs":[0.0,3.10781]},"A4s":{"weight":1.0,"played":[0.0,1.0],"evs":[0.0,3.15546]},"A5s":{"weight":1.0,"played":[0.0,1.0],"evs":[0.0,3.23348]},"A6s":{"weight":1.0,"played":[0.0,1.0],"evs":[0.0,3.31859]},"A7s":{"weight":1.0,"played":[0.0,1.0],"evs":[0.0,3.41112]},"A8s":{"weight":1.0,"played":[0.0,1.0],"evs":[0.0,3.56612]},"A9s":{"weight":1.0,"played":[0.0,1.0],"evs":[0.0,3.65022]},"ATs":{"weight":1.0,"played":[0.0,1.0],"evs":[0.0,3.9145]},"AJs":{"weight":1.0,"played":[0.0,1.0],"evs":[0.0,4.02487]},"AQs":{"weight":1.0,"played":[0.0,1.0],"evs":[0.0,4.13806]},"AKs":{"weight":1.0,"played":[0.0,1.0],"evs":[0.0,4.29763]},"AA":{"weight":1.0,"played":[0.0,1.0],"evs":[0.0,5.47523]}}}