{"player":3,"street":0,"children":2,"sequence":[{"player":0,"type":"R","amount":165000,"street":0},{"player":1,"type":"F","amount":0,"street":0},{"player":2,"type":"F","amount":0,"street":0},{"player":3,"type":"C","amount":165000,"street":0},{"player":4,"type":"R","amount":1815000,"street":0},{"player":5,"type":"C","amount":895000,"street":0}],"actions":[{"type":"F","amount":0},{"type":"C","amount":1650000}],"hands":{"22":{"weight":0.0,"played":[0.0,1.0],"evs":[0.0,4.80026]},"32o":{"weight":0.0,"played":[1.0,0.0],"evs":[0.0,-1.01414]},"42o":{"weight":0.0,"played":[1.0,0.0],"evs":[0.0,-0.7912]},"52o":{"weight":0.0,"played":[1.0,0.0],"evs":[0.0,-0.58656]},"62o":{"weight":0.0,"played":[1.0,0.0],"evs":[0.0,-0.98545]},"72o":{"weight":0.0,"played":[1.0,0.0],"evs":[0.0,-1.64037]},"82o":{"weight":0.0,"played":[1.0,0.0],"evs":[0.0,-1.34821]},"92o":{"weight":0.0,"played":[1.0,0.0],"evs":[0.0,-1.37423]},"T2o":{"weight":0.0,"played":[1.0,0.0],"evs":[0.0,-1.07956]},"J2o":{"weight":0.0,"played":[1.0,0.0],"evs":[0.0,-0.74929]},"Q2o":{"weight":1.0,"played":[1.0,0.0],"evs":[0.0,-0.4477]},"K2o":{"weight":0.0,"played":[0.994,0.006],"evs":[0.0,-0.12161]},"A2o":{"weight":0.0,"played":[0.0,1.0],"evs":[0.0,2.92785]},"32s":{"weight":1.0E-4,"played":[0.0,1.0],"evs":[0.0,0.85514]},"33":{"weight":0.0,"played":[0.0,1.0],"evs":[0.0,5.32906]},"43o":{"weight":0.0,"played":[0.8186,0.1814],"evs":[0.0,-0.03314]},"53o":{"weight":0.0,"played":[0.009,0.991],"evs":[0.0,0.1741]},"63o":{"weight":0.0,"played":[0.9996,4.0E-4],"evs":[0.0,-0.30421]},"73o":{"weight":0.0,"played":[1.0,0.0],"evs":[0.0,-0.94333]},"83o":{"weight":0.0,"played":[1.0,0.0],"evs":[0.0,-1.34235]},"93o":{"weight":0.0,"played":[1.0,0.0],"evs":[0.0,-1.20909]},"T3o":{"weight":0.0,"played":[1.0,0.0],"evs":[0.0,-0.86134]},"J3o":{"weight":0.0,"played":[0.9999,1.0E-4],"evs":[0.0,-0.57852]},"Q3o":{"weight":0.9991,"played":[0.9993,7.0E-4],"evs":[0.0,-0.17657]},"K3o":{"weight":0.0,"played":[0.0385,0.9615],"evs":[0.0,0.13083]},"A3o":{"weight":0.0,"played":[0.0,1.0],"evs":[0.0,3.30922]},"42s":{"weight":0.0,"played":[4.0E-4,0.9996],"evs":[0.0,1.1055]},"43s":{"weight":0.8999,"played":[0.0,1.0],"evs":[0.0,1.83028]},"44":{"weight":0.0,"played":[0.0,1.0],"evs":[0.0,5.95849]},"54o":{"weight":0.0,"played":[0.0,1.0],"evs":[0.0,0.78795]},"64o":{"weight":0.0,"played":[0.0,1.0],"evs":[0.0,0.36567]},"74o":{"weight":0.0,"played":[0.878,0.122],"evs":[0.0,-0.17159]},"84o":{"weight":0.0,"played":[1.0,0.0],"evs":[0.0,-0.55467]},"94o":{"weight":0.0,"played":[1.0,0.0],"evs":[0.0,-0.9828]},"T4o":{"weight":0.0,"played":[0.9998,2.0E-4],"evs":[0.0,-0.7195]},"J4o":{"weight":0.0,"played":[0.9998,2.0E-4],"evs":[0.0,-0.56644]},"Q4o":{"weight":0.8412,"played":[0.7553,0.2447],"evs":[0.0,-0.02521]},"K4o":{"weight":0.0,"played":[0.0,1.0],"evs":[0.0,0.41042]},"A4o":{"weight":0.0,"played":[0.0,1.0],"evs":[0.0,3.52075]},"52s":{"weight":0.9988,"played":[0.0,1.0],"evs":[0.0,1.35138]},"53s":{"weight":0.0296,"played":[0.0,1.0],"evs":[0.0,1.89348]},"54s":{"weight":0.4284,"played":[0.0,1.0],"evs":[0.0,2.45044]},"55":{"weight":0.0,"played":[0.0,1.0],"evs":[0.0,7.08453]},"65o":{"weight":0.9999,"played":[0.0,1.0],"evs":[0.0,1.15503]},"75o":{"weight":1.0E-4,"played":[0.0,1.0],"evs":[0.0,0.58038]},"85o":{"weight":0.0,"played":[0.0,1.0],"evs":[0.0,0.25594]},"95o":{"weight":0.0,"played":[0.9986,0.0014],"evs":[0.0,-0.3657]},"T5o":{"weight":0.0,"played":[0.9999,1.0E-4],"evs":[0.0,-0.53877]},"J5o":{"weight":0.999,"played":[0.9989,0.0011],"evs":[0.0,-0.07966]},"Q5o":{"weight":0.6642,"played":[0.0,1.0],"evs":[0.0,0.26188]},"K5o":{"weight":0.0,"played":[0.0,1.0],"evs":[0.0,0.67441]},"A5o":{"weight":0.0,"played":[0.0,1.0],"evs":[0.0,3.92073]},"62s":{"weight":0.0,"played":[9.0E-4,0.9991],"evs":[0.0,0.81997]},"63s":{"weight":0.9997,"played":[0.0,1.0],"evs":[0.0,1.50415]},"64s":{"weight":0.084,"played":[0.0,1.0],"evs":[0.0,2.22355]},"65s":{"weight":1.0,"played":[0.0,1.0],"evs":[0.0,2.85452]},"66":{"weight":0.0752,"played":[0.0,1.0],"evs":[0.0,7.67953]},"76o":{"weight":1.0,"played":[0.0,1.0],"evs":[0.0,1.32771]},"86o":{"weight":0.9998,"played":[0.0,1.0],"evs":[0.0,0.93331]},"96o":{"weight":0.9999,"played":[0.0,1.0],"evs":[0.0,0.49175]},"T6o":{"weight":0.9999,"played":[0.0,1.0],"evs":[0.0,0.20463]},"J6o":{"weight":1.0,"played":[0.5011,0.4989],"evs":[0.0,-0.05237]},"Q6o":{"weight":0.8932,"played":[0.0,1.0],"evs":[0.0,0.44635]},"K6o":{"weight":0.0,"played":[0.0,1.0],"evs":[0.0,1.07247]},"A6o":{"weight":0.0,"played":[0.0,1.0],"evs":[0.0,3.90185]},"72s":{"weight":0.0,"played":[0.0128,0.9872],"evs":[0.0,0.29567]},"73s":{"weight":0.5059,"played":[0.0,1.0],"evs":[0.0,0.96928]},"74s":{"weight":0.9941,"played":[0.0,1.0],"evs":[0.0,1.68896]},"75s":{"weight":0.2418,"played":[0.0,1.0],"evs":[0.0,2.24014]},"76s":{"weight":0.9984,"played":[0.0,1.0],"evs":[0.0,3.14228]},"77":{"weight":0.0585,"played":[0.0,1.0],"evs":[0.0,8.16607]},"87o":{"weight":1.0,"played":[0.0,1.0],"evs":[0.0,1.40932]},"97o":{"weight":1.0,"played":[0.0,1.0],"evs":[0.0,0.93208]},"T7o":{"weight":0.9956,"played":[0.0,1.0],"evs":[0.0,0.81]},"J7o":{"weight":0.9969,"played":[0.0,1.0],"evs":[0.0,0.44524]},"Q7o":{"weight":0.9548,"played":[0.0,1.0],"evs":[0.0,0.34736]},"K7o":{"weight":0.0,"played":[0.0,1.0],"evs":[0.0,1.4597]},"A7o":{"weight":0.0,"played":[0.0,1.0],"evs":[0.0,4.69817]},"82s":{"weight":1.0E-4,"played":[0.0,1.0],"evs":[0.0,0.46496]},"83s":{"weight":0.0,"played":[0.0024,0.9976],"evs":[0.0,0.6571]},"84s":{"weight":0.9998,"played":[0.0,1.0],"evs":[0.0,1.21808]},"85s":{"weight":0.2186,"played":[0.0,1.0],"evs":[0.0,2.02154]},"86s":{"weight":0.9998,"played":[0.0,1.0],"evs":[0.0,2.61547]},"87s":{"weight":1.0,"played":[0.0,1.0],"evs":[0.0,3.0485]},"88":{"weight":0.9764,"played":[0.0,1.0],"evs":[0.0,9.419]},"98o":{"weight":0.9699,"played":[0.0,1.0],"evs":[0.0,1.53539]},"T8o":{"weight":0.0027,"played":[0.0,1.0],"evs":[0.0,1.48091]},"J8o":{"weight":0.0027,"played":[0.0,1.0],"evs":[0.0,1.3193]},"Q8o":{"weight":6.0E-4,"played":[0.0,1.0],"evs":[0.0,1.24915]},"K8o":{"weight":0.0,"played":[0.0,1.0],"evs":[0.0,1.83807]},"A8o":{"weight":0.0,"played":[0.0,1.0],"evs":[0.0,5.61152]},"92s":{"weight":0.991,"played":[0.0,1.0],"evs":[0.0,0.63701]},"93s":{"weight":0.9968,"played":[0.001,0.999],"evs":[0.0,0.67563]},"94s":{"weight":0.9987,"played":[0.0,1.0],"evs":[0.0,0.78019]},"95s":{"weight":0.1286,"played":[0.0,1.0],"evs":[0.0,1.66887]},"96s":{"weight":0.9999,"played":[0.0,1.0],"evs":[0.0,2.19512]},"97s":{"weight":0.9995,"played":[0.0,1.0],"evs":[0.0,2.8259]},"98s":{"weight":1.0,"played":[0.0,1.0],"evs":[0.0,3.21427]},"99":{"weight":1.0,"played":[0.0,1.0],"evs":[0.0,10.89426]},"T9o":{"weight":0.9999,"played":[0.0,1.0],"evs":[0.0,2.10424]},"J9o":{"weight":0.5304,"played":[0.0,1.0],"evs":[0.0,1.85032]},"Q9o":{"weight":7.0E-4,"played":[0.0,1.0],"evs":[0.0,1.91506]},"K9o":{"weight":0.0,"played":[0.0,1.0],"evs":[0.0,3.05276]},"A9o":{"weight":0.0,"played":[0.0,1.0],"evs":[0.0,6.56544]},"T2s":{"weight":0.6523,"played":[2.0E-4,0.9998],"evs":[0.0,0.85266]},"T3s":{"weight":0.0037,"played":[0.0,1.0],"evs":[0.0,1.10522]},"T4s":{"weight":0.0029,"played":[0.0,1.0],"evs":[0.0,1.20039]},"T5s":{"weight":4.0E-4,"played":[0.0,1.0],"evs":[0.0,1.25755]},"T6s":{"weight":0.0056,"played":[0.0,1.0],"evs":[0.0,1.94881]},"T7s":{"weight":0.1227,"played":[0.0,1.0],"evs":[0.0,2.47045]},"T8s":{"weight":0.9992,"played":[0.0,1.0],"evs":[0.0,3.07829]},"T9s":{"weight":0.9998,"played":[0.0,1.0],"evs":[0.0,3.77625]},"TT":{"weight":1.0,"played":[0.0,1.0],"evs":[0.0,12.82931]},"JTo":{"weight":0.2727,"played":[0.0,1.0],"evs":[0.0,3.0572]},"QTo":{"weight":0.042,"played":[0.0,1.0],"evs":[0.0,3.29031]},"KTo":{"weight":0.0016,"played":[0.0,1.0],"evs":[0.0,4.77589]},"ATo":{"weight":0.0,"played":[0.0,1.0],"evs":[0.0,8.59149]},"J2s":{"weight":0.0521,"played":[0.0,1.0],"evs":[0.0,1.05964]},"J3s":{"weight":0.0,"played":[0.0,1.0],"evs":[0.0,1.13886]},"J4s":{"weight":0.0,"played":[0.0,1.0],"evs":[0.0,1.52179]},"J5s":{"weight":5.0E-4,"played":[0.0,1.0],"evs":[0.0,1.66988]},"J6s":{"weight":0.0025,"played":[0.0,1.0],"evs":[0.0,1.71788]},"J7s":{"weight":0.0,"played":[0.0,1.0],"evs":[0.0,2.45485]},"J8s":{"weight":0.9596,"played":[0.0,1.0],"evs":[0.0,3.02575]},"J9s":{"weight":0.9998,"played":[0.0,1.0],"evs":[0.0,3.53415]},"JTs":{"weight":0.9999,"played":[0.0,1.0],"evs":[0.0,4.67823]},"JJ":{"weight":1.0,"played":[0.0,1.0],"evs":[0.0,14.59391]},"QJo":{"weight":0.1326,"played":[0.0,1.0],"evs":[0.0,3.93268]},"KJo":{"weight":0.0581,"played":[0.0,1.0],"evs":[0.0,5.72856]},"AJo":{"weight":0.0,"played":[0.0,1.0],"evs":[0.0,9.64573]},"Q2s":{"weight":0.0,"played":[1.0E-4,0.9999],"evs":[0.0,1.43681]},"Q3s":{"weight":0.0,"played":[0.0,1.0],"evs":[0.0,1.59842]},"Q4s":{"weight":0.0,"played":[0.0,1.0],"evs":[0.0,1.71396]},"Q5s":{"weight":2.0E-4,"played":[0.0,1.0],"evs":[0.0,2.08]},"Q6s":{"weight":2.0E-4,"played":[0.0,1.0],"evs":[0.0,2.42035]},"Q7s":{"weight":4.0E-4,"played":[0.0,1.0],"evs":[0.0,2.15644]},"Q8s":{"weight":0.1506,"played":[0.0,1.0],"evs":[0.0,2.8153]},"Q9s":{"weight":0.9959,"played":[0.0,1.0],"evs":[0.0,3.7636]},"QTs":{"weight":0.9996,"played":[0.0,1.0],"evs":[0.0,4.83255]},"QJs":{"weight":1.0,"played":[0.0,1.0],"evs":[0.0,5.54889]},"QQ":{"weight":1.0,"played":[0.0,1.0],"evs":[0.0,16.65375]},"KQo":{"weight":0.7806,"played":[0.0,1.0],"evs":[0.0,6.74214]},"AQo":{"weight":0.0,"played":[0.0,1.0],"evs":[0.0,10.93867]},"K2s":{"weight":3.0E-4,"played":[0.0,1.0],"evs":[0.0,1.65354]},"K3s":{"weight":0.0,"played":[0.0,1.0],"evs":[0.0,2.11528]},"K4s":{"weight":2.0E-4,"played":[0.0,1.0],"evs":[0.0,2.49367]},"K5s":{"weight":3.0E-4,"played":[0.0,1.0],"evs":[0.0,2.47063]},"K6s":{"weight":0.002,"played":[0.0,1.0],"evs":[0.0,2.87334]},"K7s":{"weight":0.0844,"played":[0.0,1.0],"evs":[0.0,3.12449]},"K8s":{"weight":7.0E-4,"played":[0.0,1.0],"evs":[0.0,3.77696]},"K9s":{"weight":0.0605,"played":[0.0,1.0],"evs":[0.0,4.78268]},"KTs":{"weight":0.9968,"played":[0.0,1.0],"evs":[0.0,6.50147]},"KJs":{"weight":0.9787,"played":[0.0,1.0],"evs":[0.0,7.15231]},"KQs":{"weight":0.9994,"played":[0.0,1.0],"evs":[0.0,8.28098]},"KK":{"weight":1.0,"played":[0.0,1.0],"evs":[0.0,19.95385]},"AKo":{"weight":0.0,"played":[0.0,1.0],"evs":[0.0,12.72531]},"A2s":{"weight":0.0552,"played":[0.0,1.0],"evs":[0.0,4.78884]},"A3s":{"weight":0.5282,"played":[0.0,1.0],"evs":[0.0,4.82646]},"A4s":{"weight":0.9007,"played":[0.0,1.0],"evs":[0.0,5.21046]},"A5s":{"weight":0.8889,"played":[0.0,1.0],"evs":[0.0,5.62252]},"A6s":{"weight":0.0483,"played":[0.0,1.0],"evs":[0.0,5.51574]},"A7s":{"weight":6.0E-4,"played":[0.0,1.0],"evs":[0.0,6.02292]},"A8s":{"weight":0.0,"played":[0.0,1.0],"evs":[0.0,7.17862]},"A9s":{"weight":0.0,"played":[0.0,1.0],"evs":[0.0,8.10181]},"ATs":{"weight":0.0,"played":[0.0,1.0],"evs":[0.0,9.95102]},"AJs":{"weight":0.0,"played":[0.0,1.0],"evs":[0.0,10.89945]},"AQs":{"weight":3.0E-4,"played":[0.0,1.0],"evs":[0.0,12.05355]},"AKs":{"weight":1.0E-4,"played":[0.0,1.0],"evs":[0.0,13.74045]},"AA":{"weight":1.0,"played":[0.0,1.0],"evs":[0.0,25.08916]}}}