{"player":2,"street":0,"children":2,"sequence":[{"player":0,"type":"R","amount":165000,"street":0},{"player":1,"type":"F","amount":0,"street":0},{"player":2,"type":"C","amount":165000,"street":0},{"player":3,"type":"F","amount":0,"street":0},{"player":4,"type":"R","amount":1815000,"street":0},{"player":5,"type":"F","amount":0,"street":0}],"actions":[{"type":"F","amount":0},{"type":"C","amount":1650000}],"hands":{"22":{"weight":0.7796,"played":[0.0,1.0],"evs":[0.0,2.58507]},"32o":{"weight":0.0,"played":[1.0,0.0],"evs":[0.0,-3.15386]},"42o":{"weight":0.0,"played":[1.0,0.0],"evs":[0.0,-2.97161]},"52o":{"weight":0.0,"played":[1.0,0.0],"evs":[0.0,-2.68445]},"62o":{"weight":0.0,"played":[1.0,0.0],"evs":[0.0,-3.05747]},"72o":{"weight":0.0,"played":[1.0,0.0],"evs":[0.0,-3.44716]},"82o":{"weight":0.0,"played":[1.0,0.0],"evs":[0.0,-2.91888]},"92o":{"weight":0.0,"played":[1.0,0.0],"evs":[0.0,-2.90404]},"T2o":{"weight":0.0,"played":[1.0,0.0],"evs":[0.0,-2.62721]},"J2o":{"weight":0.0,"played":[1.0,0.0],"evs":[0.0,-2.44752]},"Q2o":{"weight":0.0,"played":[1.0,0.0],"evs":[0.0,-2.27186]},"K2o":{"weight":0.0,"played":[1.0,0.0],"evs":[0.0,-1.87055]},"A2o":{"weight":0.5525,"played":[0.0,1.0],"evs":[0.0,0.85183]},"32s":{"weight":0.0,"played":[0.9999,1.0E-4],"evs":[0.0,-1.71289]},"33":{"weight":0.0736,"played":[0.0,1.0],"evs":[0.0,3.13153]},"43o":{"weight":0.0,"played":[1.0,0.0],"evs":[0.0,-2.38029]},"53o":{"weight":0.0,"played":[1.0,0.0],"evs":[0.0,-2.08349]},"63o":{"weight":0.0,"played":[1.0,0.0],"evs":[0.0,-2.37156]},"73o":{"weight":0.0,"played":[1.0,0.0],"evs":[0.0,-2.82325]},"83o":{"weight":0.0,"played":[1.0,0.0],"evs":[0.0,-2.87388]},"93o":{"weight":0.0,"played":[1.0,0.0],"evs":[0.0,-2.73854]},"T3o":{"weight":0.0,"played":[1.0,0.0],"evs":[0.0,-2.44041]},"J3o":{"weight":0.0,"played":[1.0,0.0],"evs":[0.0,-2.37063]},"Q3o":{"weight":0.0,"played":[1.0,0.0],"evs":[0.0,-2.16755]},"K3o":{"weight":0.0,"played":[1.0,0.0],"evs":[0.0,-1.71788]},"A3o":{"weight":0.9719,"played":[0.0,1.0],"evs":[0.0,1.10862]},"42s":{"weight":0.0,"played":[1.0,0.0],"evs":[0.0,-1.52817]},"43s":{"weight":0.0,"played":[1.0,0.0],"evs":[0.0,-0.91113]},"44":{"weight":0.422,"played":[0.0,1.0],"evs":[0.0,3.75106]},"54o":{"weight":0.0,"played":[1.0,0.0],"evs":[0.0,-1.56771]},"64o":{"weight":0.0,"played":[1.0,0.0],"evs":[0.0,-1.89314]},"74o":{"weight":0.0,"played":[1.0,0.0],"evs":[0.0,-2.19746]},"84o":{"weight":0.0,"played":[1.0,0.0],"evs":[0.0,-2.2946]},"94o":{"weight":0.0,"played":[1.0,0.0],"evs":[0.0,-2.6166]},"T4o":{"weight":0.0,"played":[1.0,0.0],"evs":[0.0,-2.27151]},"J4o":{"weight":0.0,"played":[1.0,0.0],"evs":[0.0,-2.13031]},"Q4o":{"weight":0.0,"played":[1.0,0.0],"evs":[0.0,-1.88295]},"K4o":{"weight":0.0028,"played":[1.0,0.0],"evs":[0.0,-1.45361]},"A4o":{"weight":0.0028,"played":[0.0,1.0],"evs":[0.0,1.37868]},"52s":{"weight":0.0,"played":[1.0,0.0],"evs":[0.0,-1.29922]},"53s":{"weight":0.0,"played":[0.9998,2.0E-4],"evs":[0.0,-0.82305]},"54s":{"weight":0.9964,"played":[0.9985,0.0015],"evs":[0.0,-0.14165]},"55":{"weight":0.9997,"played":[0.0,1.0],"evs":[0.0,4.39269]},"65o":{"weight":0.0,"played":[1.0,0.0],"evs":[0.0,-1.25898]},"75o":{"weight":0.0,"played":[1.0,0.0],"evs":[0.0,-1.52605]},"85o":{"weight":0.0,"played":[1.0,0.0],"evs":[0.0,-1.67071]},"95o":{"weight":0.0,"played":[1.0,0.0],"evs":[0.0,-2.02963]},"T5o":{"weight":0.0,"played":[1.0,0.0],"evs":[0.0,-2.12571]},"J5o":{"weight":0.0,"played":[1.0,0.0],"evs":[0.0,-1.8905]},"Q5o":{"weight":0.0,"played":[1.0,0.0],"evs":[0.0,-1.71693]},"K5o":{"weight":1.0,"played":[1.0,0.0],"evs":[0.0,-1.24222]},"A5o":{"weight":0.0,"played":[0.0,1.0],"evs":[0.0,1.684]},"62s":{"weight":0.0,"played":[1.0,0.0],"evs":[0.0,-1.55896]},"63s":{"weight":0.0,"played":[0.9999,1.0E-4],"evs":[0.0,-0.9916]},"64s":{"weight":0.0,"played":[0.9994,6.0E-4],"evs":[0.0,-0.41695]},"65s":{"weight":1.0,"played":[0.0382,0.9618],"evs":[0.0,0.16913]},"66":{"weight":0.9852,"played":[0.0,1.0],"evs":[0.0,5.18588]},"76o":{"weight":0.0,"played":[1.0,0.0],"evs":[0.0,-0.98447]},"86o":{"weight":0.0,"played":[1.0,0.0],"evs":[0.0,-1.04721]},"96o":{"weight":0.0,"played":[1.0,0.0],"evs":[0.0,-1.39739]},"T6o":{"weight":0.0,"played":[1.0,0.0],"evs":[0.0,-1.53797]},"J6o":{"weight":0.0,"played":[1.0,0.0],"evs":[0.0,-1.8041]},"Q6o":{"weight":0.0,"played":[1.0,0.0],"evs":[0.0,-1.36503]},"K6o":{"weight":1.0,"played":[1.0,0.0],"evs":[0.0,-0.98774]},"A6o":{"weight":7.0E-4,"played":[0.0,1.0],"evs":[0.0,1.8502]},"72s":{"weight":0.0,"played":[1.0,0.0],"evs":[0.0,-1.8423]},"73s":{"weight":0.0,"played":[1.0,0.0],"evs":[0.0,-1.38118]},"74s":{"weight":0.0,"played":[0.9999,1.0E-4],"evs":[0.0,-0.74532]},"75s":{"weight":0.9222,"played":[0.9985,0.0015],"evs":[0.0,-0.21198]},"76s":{"weight":0.9999,"played":[0.0,1.0],"evs":[0.0,0.42478]},"77":{"weight":0.7435,"played":[0.0,1.0],"evs":[0.0,5.92716]},"87o":{"weight":0.0,"played":[0.9998,2.0E-4],"evs":[0.0,-0.54124]},"97o":{"weight":0.0,"played":[1.0,0.0],"evs":[0.0,-0.87134]},"T7o":{"weight":0.0,"played":[1.0,0.0],"evs":[0.0,-0.98945]},"J7o":{"weight":0.0,"played":[1.0,0.0],"evs":[0.0,-1.29217]},"Q7o":{"weight":0.0,"played":[1.0,0.0],"evs":[0.0,-1.44823]},"K7o":{"weight":0.8598,"played":[1.0,0.0],"evs":[0.0,-0.88402]},"A7o":{"weight":0.0,"played":[0.0,1.0],"evs":[0.0,2.70758]},"82s":{"weight":0.0,"played":[1.0,0.0],"evs":[0.0,-1.50677]},"83s":{"weight":0.0,"played":[1.0,0.0],"evs":[0.0,-1.39363]},"84s":{"weight":0.0,"played":[1.0,0.0],"evs":[0.0,-0.76923]},"85s":{"weight":5.0E-4,"played":[1.0,0.0],"evs":[0.0,-0.32878]},"86s":{"weight":1.0,"played":[4.0E-4,0.9996],"evs":[0.0,0.3806]},"87s":{"weight":1.0,"played":[0.0,1.0],"evs":[0.0,0.84819]},"88":{"weight":0.3145,"played":[0.0,1.0],"evs":[0.0,6.84846]},"98o":{"weight":0.5802,"played":[0.9997,3.0E-4],"evs":[0.0,-0.22898]},"T8o":{"weight":0.8262,"played":[1.0,0.0],"evs":[0.0,-0.23199]},"J8o":{"weight":0.9836,"played":[1.0,0.0],"evs":[0.0,-0.58567]},"Q8o":{"weight":1.0,"played":[1.0,0.0],"evs":[0.0,-0.78014]},"K8o":{"weight":0.7811,"played":[1.0,0.0],"evs":[0.0,-0.70447]},"A8o":{"weight":0.0,"played":[0.0,1.0],"evs":[0.0,3.69339]},"92s":{"weight":0.0,"played":[1.0,0.0],"evs":[0.0,-1.38192]},"93s":{"weight":0.0,"played":[1.0,0.0],"evs":[0.0,-1.36005]},"94s":{"weight":0.0,"played":[1.0,0.0],"evs":[0.0,-1.1133]},"95s":{"weight":0.0,"played":[1.0,0.0],"evs":[0.0,-0.55545]},"96s":{"weight":0.9988,"played":[0.6562,0.3438],"evs":[0.0,-0.01845]},"97s":{"weight":1.0,"played":[0.0,1.0],"evs":[0.0,0.52962]},"98s":{"weight":0.9979,"played":[0.0,1.0],"evs":[0.0,1.06608]},"99":{"weight":0.3593,"played":[0.0,1.0],"evs":[0.0,7.94671]},"T9o":{"weight":0.715,"played":[0.0,1.0],"evs":[0.0,0.2201]},"J9o":{"weight":0.7751,"played":[0.9996,4.0E-4],"evs":[0.0,-0.07429]},"Q9o":{"weight":0.9991,"played":[0.9995,5.0E-4],"evs":[0.0,-0.23161]},"K9o":{"weight":0.6881,"played":[0.0021,0.9979],"evs":[0.0,0.1014]},"A9o":{"weight":0.0,"played":[0.0,1.0],"evs":[0.0,4.88819]},"T2s":{"weight":0.0,"played":[1.0,0.0],"evs":[0.0,-1.17625]},"T3s":{"weight":0.0,"played":[1.0,0.0],"evs":[0.0,-0.99094]},"T4s":{"weight":0.0,"played":[0.9999,1.0E-4],"evs":[0.0,-0.86971]},"T5s":{"weight":0.0,"played":[0.9999,1.0E-4],"evs":[0.0,-0.67052]},"T6s":{"weight":0.9961,"played":[0.8452,0.1548],"evs":[0.0,-0.04744]},"T7s":{"weight":0.9546,"played":[4.0E-4,0.9996],"evs":[0.0,0.41758]},"T8s":{"weight":0.838,"played":[0.0,1.0],"evs":[0.0,1.06806]},"T9s":{"weight":1.0,"played":[0.0,1.0],"evs":[0.0,1.50616]},"TT":{"weight":0.3101,"played":[0.0,1.0],"evs":[0.0,9.43032]},"JTo":{"weight":0.7949,"played":[0.0,1.0],"evs":[0.0,0.79158]},"QTo":{"weight":0.52,"played":[0.0,1.0],"evs":[0.0,0.67328]},"KTo":{"weight":0.9901,"played":[0.0,1.0],"evs":[0.0,1.49802]},"ATo":{"weight":0.0,"played":[0.0,1.0],"evs":[0.0,6.46511]},"J2s":{"weight":0.0,"played":[1.0,0.0],"evs":[0.0,-0.99928]},"J3s":{"weight":0.0,"played":[0.9998,2.0E-4],"evs":[0.0,-0.94165]},"J4s":{"weight":0.0,"played":[0.9998,2.0E-4],"evs":[0.0,-0.63454]},"J5s":{"weight":0.9991,"played":[0.9988,0.0012],"evs":[0.0,-0.5483]},"J6s":{"weight":0.9999,"played":[0.9996,4.0E-4],"evs":[0.0,-0.36627]},"J7s":{"weight":4.0E-4,"played":[0.0109,0.9891],"evs":[0.0,0.08427]},"J8s":{"weight":0.4733,"played":[0.0,1.0],"evs":[0.0,0.80127]},"J9s":{"weight":0.9835,"played":[0.0,1.0],"evs":[0.0,1.23496]},"JTs":{"weight":0.8274,"played":[0.0,1.0],"evs":[0.0,2.09545]},"JJ":{"weight":1.0,"played":[0.0,1.0],"evs":[0.0,10.59199]},"QJo":{"weight":0.0435,"played":[0.0,1.0],"evs":[0.0,1.11746]},"KJo":{"weight":1.0E-4,"played":[0.0,1.0],"evs":[0.0,2.35536]},"AJo":{"weight":0.0,"played":[0.0,1.0],"evs":[0.0,7.76892]},"Q2s":{"weight":0.9905,"played":[1.0,0.0],"evs":[0.0,-0.74189]},"Q3s":{"weight":0.9999,"played":[0.9998,2.0E-4],"evs":[0.0,-0.48784]},"Q4s":{"weight":1.0,"played":[0.9994,6.0E-4],"evs":[0.0,-0.42115]},"Q5s":{"weight":0.9282,"played":[0.9199,0.0801],"evs":[0.0,-0.12898]},"Q6s":{"weight":0.3996,"played":[0.0764,0.9236],"evs":[0.0,0.01461]},"Q7s":{"weight":0.9991,"played":[0.4456,0.5544],"evs":[0.0,0.0149]},"Q8s":{"weight":0.0517,"played":[0.0,1.0],"evs":[0.0,0.85112]},"Q9s":{"weight":0.2887,"played":[0.0,1.0],"evs":[0.0,0.97115]},"QTs":{"weight":0.9873,"played":[0.0,1.0],"evs":[0.0,1.97668]},"QJs":{"weight":0.9874,"played":[0.0,1.0],"evs":[0.0,2.27356]},"QQ":{"weight":1.0,"played":[0.0,1.0],"evs":[0.0,11.90327]},"KQo":{"weight":2.0E-4,"played":[0.0,1.0],"evs":[0.0,3.18242]},"AQo":{"weight":0.0,"played":[0.0,1.0],"evs":[0.0,8.92373]},"K2s":{"weight":0.999,"played":[0.9995,5.0E-4],"evs":[0.0,-0.39881]},"K3s":{"weight":0.9907,"played":[0.9996,4.0E-4],"evs":[0.0,-0.19335]},"K4s":{"weight":0.9105,"played":[0.8811,0.1189],"evs":[0.0,-0.05156]},"K5s":{"weight":0.1351,"played":[0.0,1.0],"evs":[0.0,0.18748]},"K6s":{"weight":0.3274,"played":[0.0021,0.9979],"evs":[0.0,0.33567]},"K7s":{"weight":0.7727,"played":[1.0E-4,0.9999],"evs":[0.0,0.46249]},"K8s":{"weight":0.9881,"played":[1.0E-4,0.9999],"evs":[0.0,0.71517]},"K9s":{"weight":0.9999,"played":[0.0,1.0],"evs":[0.0,1.31035]},"KTs":{"weight":0.9997,"played":[0.0,1.0],"evs":[0.0,2.69177]},"KJs":{"weight":0.9467,"played":[0.0,1.0],"evs":[0.0,3.46742]},"KQs":{"weight":0.6698,"played":[0.0,1.0],"evs":[0.0,4.30511]},"KK":{"weight":1.0,"played":[0.0,1.0],"evs":[0.0,13.75928]},"AKo":{"weight":7.0E-4,"played":[0.0,1.0],"evs":[0.0,10.47487]},"A2s":{"weight":0.0,"played":[0.0,1.0],"evs":[0.0,2.20269]},"A3s":{"weight":4.0E-4,"played":[0.0,1.0],"evs":[0.0,2.39732]},"A4s":{"weight":0.0,"played":[0.0,1.0],"evs":[0.0,2.50101]},"A5s":{"weight":0.0018,"played":[0.0,1.0],"evs":[0.0,2.83563]},"A6s":{"weight":0.0153,"played":[0.0,1.0],"evs":[0.0,3.0548]},"A7s":{"weight":0.7179,"played":[0.0,1.0],"evs":[0.0,3.87201]},"A8s":{"weight":0.8521,"played":[0.0,1.0],"evs":[0.0,4.67156]},"A9s":{"weight":0.7196,"played":[0.0,1.0],"evs":[0.0,5.82214]},"ATs":{"weight":0.6896,"played":[0.0,1.0],"evs":[0.0,7.52008]},"AJs":{"weight":0.4869,"played":[0.0,1.0],"evs":[0.0,8.69278]},"AQs":{"weight":0.9472,"played":[0.0,1.0],"evs":[0.0,9.63143]},"AKs":{"weight":0.9828,"played":[0.0,1.0],"evs":[0.0,11.18975]},"AA":{"weight":1.0,"played":[0.0,1.0],"evs":[0.0,19.22375]}}}