{"player":2,"street":0,"children":2,"sequence":[{"player":0,"type":"R","amount":165000,"street":0},{"player":1,"type":"F","amount":0,"street":0},{"player":2,"type":"C","amount":165000,"street":0},{"player":3,"type":"C","amount":165000,"street":0},{"player":4,"type":"F","amount":0,"street":0},{"player":5,"type":"R","amount":995000,"street":0},{"player":2,"type":"C","amount":830000,"street":0},{"player":3,"type":"R","amount":2885000,"street":0}],"actions":[{"type":"F","amount":0},{"type":"C","amount":1890000}],"hands":{"22":{"weight":2.0E-4,"played":[0.0,1.0],"evs":[0.0,6.15026]},"32o":{"weight":0.0,"played":[0.9994,6.0E-4],"evs":[0.0,-0.37098]},"42o":{"weight":0.0,"played":[1.0,0.0],"evs":[0.0,-0.35163]},"52o":{"weight":0.0,"played":[0.2002,0.7998],"evs":[0.0,0.03457]},"62o":{"weight":0.0,"played":[0.9996,4.0E-4],"evs":[0.0,-0.66182]},"72o":{"weight":0.0,"played":[1.0,0.0],"evs":[0.0,-1.05527]},"82o":{"weight":0.0,"played":[1.0,0.0],"evs":[0.0,-1.26449]},"92o":{"weight":0.0,"played":[0.9999,1.0E-4],"evs":[0.0,-1.01565]},"T2o":{"weight":0.0,"played":[0.9998,2.0E-4],"evs":[0.0,-0.57146]},"J2o":{"weight":0.0,"played":[0.9641,0.0359],"evs":[0.0,-0.0534]},"Q2o":{"weight":0.0,"played":[0.0031,0.9969],"evs":[0.0,0.35055]},"K2o":{"weight":0.0,"played":[2.0E-4,0.9998],"evs":[0.0,2.2354]},"A2o":{"weight":0.0096,"played":[0.0,1.0],"evs":[0.0,6.11574]},"32s":{"weight":0.0,"played":[0.0063,0.9937],"evs":[0.0,1.65731]},"33":{"weight":0.0,"played":[0.0,1.0],"evs":[0.0,6.91049]},"43o":{"weight":0.0,"played":[0.0012,0.9988],"evs":[0.0,0.72275]},"53o":{"weight":0.0,"played":[0.0014,0.9986],"evs":[0.0,1.19381]},"63o":{"weight":0.0,"played":[0.0014,0.9986],"evs":[0.0,0.49489]},"73o":{"weight":0.0,"played":[0.85,0.15],"evs":[0.0,-0.09176]},"83o":{"weight":0.0,"played":[0.9996,4.0E-4],"evs":[0.0,-0.81097]},"93o":{"weight":0.0,"played":[1.0,0.0],"evs":[0.0,-0.78619]},"T3o":{"weight":0.0,"played":[0.9915,0.0085],"evs":[0.0,-0.34199]},"J3o":{"weight":0.0,"played":[0.3179,0.6821],"evs":[0.0,0.28489]},"Q3o":{"weight":0.0,"played":[3.0E-4,0.9997],"evs":[0.0,0.68889]},"K3o":{"weight":0.0,"played":[0.0,1.0],"evs":[0.0,2.4378]},"A3o":{"weight":0.0,"played":[0.0,1.0],"evs":[0.0,6.20317]},"42s":{"weight":0.0,"played":[0.0014,0.9986],"evs":[0.0,2.10023]},"43s":{"weight":0.0,"played":[0.0,1.0],"evs":[0.0,2.95439]},"44":{"weight":0.0,"played":[0.0,1.0],"evs":[0.0,7.72191]},"54o":{"weight":0.0,"played":[0.0,1.0],"evs":[0.0,1.92418]},"64o":{"weight":0.0,"played":[0.0,1.0],"evs":[0.0,1.37525]},"74o":{"weight":0.0,"played":[0.0014,0.9986],"evs":[0.0,0.92178]},"84o":{"weight":0.0,"played":[0.1697,0.8303],"evs":[0.0,-0.01161]},"94o":{"weight":0.0,"played":[0.9993,7.0E-4],"evs":[0.0,-0.52455]},"T4o":{"weight":0.0,"played":[0.6128,0.3872],"evs":[0.0,-0.1807]},"J4o":{"weight":0.0,"played":[0.1318,0.8682],"evs":[0.0,0.32445]},"Q4o":{"weight":0.0,"played":[5.0E-4,0.9995],"evs":[0.0,0.98522]},"K4o":{"weight":0.0,"played":[0.0,1.0],"evs":[0.0,2.75704]},"A4o":{"weight":0.0,"played":[0.0,1.0],"evs":[0.0,6.4014]},"52s":{"weight":0.0,"played":[0.0,1.0],"evs":[0.0,2.73885]},"53s":{"weight":0.0,"played":[1.0E-4,0.9999],"evs":[0.0,3.61526]},"54s":{"weight":0.0472,"played":[0.0,1.0],"evs":[0.0,4.06462]},"55":{"weight":0.0,"played":[0.0,1.0],"evs":[0.0,9.25351]},"65o":{"weight":0.0,"played":[0.0,1.0],"evs":[0.0,2.50203]},"75o":{"weight":0.0,"played":[0.0,1.0],"evs":[0.0,1.79878]},"85o":{"weight":0.0,"played":[0.0,1.0],"evs":[0.0,1.23599]},"95o":{"weight":0.0,"played":[0.0072,0.9928],"evs":[0.0,0.54932]},"T5o":{"weight":0.0,"played":[0.2884,0.7116],"evs":[0.0,0.07419]},"J5o":{"weight":0.0,"played":[1.0E-4,0.9999],"evs":[0.0,0.4597]},"Q5o":{"weight":0.0,"played":[0.0,1.0],"evs":[0.0,1.54165]},"K5o":{"weight":0.0,"played":[0.0,1.0],"evs":[0.0,3.3283]},"A5o":{"weight":0.0,"played":[0.0,1.0],"evs":[0.0,7.12841]},"62s":{"weight":0.0,"played":[0.0,1.0],"evs":[0.0,1.78524]},"63s":{"weight":0.0,"played":[0.0,1.0],"evs":[0.0,2.95071]},"64s":{"weight":0.0,"played":[0.0,1.0],"evs":[0.0,3.37211]},"65s":{"weight":0.3392,"played":[0.0,1.0],"evs":[0.0,4.62385]},"66":{"weight":0.003,"played":[0.0,1.0],"evs":[0.0,10.20592]},"76o":{"weight":0.0,"played":[0.0,1.0],"evs":[0.0,2.55456]},"86o":{"weight":0.0,"played":[0.0,1.0],"evs":[0.0,1.99905]},"96o":{"weight":0.0,"played":[0.0,1.0],"evs":[0.0,1.21504]},"T6o":{"weight":0.0,"played":[2.0E-4,0.9998],"evs":[0.0,1.03979]},"J6o":{"weight":0.0,"played":[5.0E-4,0.9995],"evs":[0.0,0.66451]},"Q6o":{"weight":0.0,"played":[2.0E-4,0.9998],"evs":[0.0,1.71361]},"K6o":{"weight":0.0,"played":[0.0,1.0],"evs":[0.0,3.72744]},"A6o":{"weight":0.0,"played":[0.0,1.0],"evs":[0.0,6.99589]},"72s":{"weight":0.0,"played":[7.0E-4,0.9993],"evs":[0.0,1.24587]},"73s":{"weight":0.0,"played":[2.0E-4,0.9998],"evs":[0.0,2.12811]},"74s":{"weight":0.0,"played":[0.0,1.0],"evs":[0.0,2.90334]},"75s":{"weight":4.0E-4,"played":[0.0,1.0],"evs":[0.0,4.11745]},"76s":{"weight":0.0998,"played":[0.0,1.0],"evs":[0.0,4.93157]},"77":{"weight":1.0E-4,"played":[0.0,1.0],"evs":[0.0,11.47867]},"87o":{"weight":0.0,"played":[0.0,1.0],"evs":[0.0,2.41663]},"97o":{"weight":0.0,"played":[0.0,1.0],"evs":[0.0,1.98241]},"T7o":{"weight":0.0,"played":[0.0,1.0],"evs":[0.0,1.86338]},"J7o":{"weight":0.0,"played":[0.0,1.0],"evs":[0.0,1.64872]},"Q7o":{"weight":0.0,"played":[0.0,1.0],"evs":[0.0,2.0494]},"K7o":{"weight":0.0,"played":[0.0,1.0],"evs":[0.0,3.74584]},"A7o":{"weight":0.0,"played":[0.0,1.0],"evs":[0.0,7.51711]},"82s":{"weight":0.0,"played":[8.0E-4,0.9992],"evs":[0.0,1.62058]},"83s":{"weight":0.0,"played":[0.0011,0.9989],"evs":[0.0,1.61026]},"84s":{"weight":0.0,"played":[0.0,1.0],"evs":[0.0,2.49654]},"85s":{"weight":0.0,"played":[0.0,1.0],"evs":[0.0,3.53405]},"86s":{"weight":0.0531,"played":[0.0,1.0],"evs":[0.0,4.25324]},"87s":{"weight":0.2399,"played":[0.0,1.0],"evs":[0.0,4.61618]},"88":{"weight":9.0E-4,"played":[0.0,1.0],"evs":[0.0,12.72069]},"98o":{"weight":0.0,"played":[0.0,1.0],"evs":[0.0,2.56953]},"T8o":{"weight":0.0,"played":[0.0,1.0],"evs":[0.0,2.38767]},"J8o":{"weight":0.0,"played":[0.0,1.0],"evs":[0.0,2.09971]},"Q8o":{"weight":0.0,"played":[0.0,1.0],"evs":[0.0,2.60683]},"K8o":{"weight":0.0,"played":[0.0,1.0],"evs":[0.0,4.21543]},"A8o":{"weight":0.0,"played":[0.0,1.0],"evs":[0.0,8.60712]},"92s":{"weight":0.0,"played":[1.0E-4,0.9999],"evs":[0.0,1.45711]},"93s":{"weight":0.0,"played":[1.0E-4,0.9999],"evs":[0.0,1.60585]},"94s":{"weight":0.0,"played":[0.0,1.0],"evs":[0.0,1.61859]},"95s":{"weight":0.0,"played":[0.0,1.0],"evs":[0.0,2.23475]},"96s":{"weight":0.0013,"played":[0.0,1.0],"evs":[0.0,3.55811]},"97s":{"weight":0.0527,"played":[0.0,1.0],"evs":[0.0,4.28079]},"98s":{"weight":0.0626,"played":[0.0,1.0],"evs":[0.0,4.7042]},"99":{"weight":5.0E-4,"played":[0.0,1.0],"evs":[0.0,14.74263]},"T9o":{"weight":0.0,"played":[0.0,1.0],"evs":[0.0,3.12127]},"J9o":{"weight":0.0,"played":[0.0,1.0],"evs":[0.0,2.9406]},"Q9o":{"weight":0.0,"played":[0.0,1.0],"evs":[0.0,3.81]},"K9o":{"weight":0.0011,"played":[0.0,1.0],"evs":[0.0,5.58254]},"A9o":{"weight":0.0,"played":[0.0,1.0],"evs":[0.0,10.17004]},"T2s":{"weight":0.0,"played":[0.0,1.0],"evs":[0.0,1.84333]},"T3s":{"weight":0.0,"played":[6.0E-4,0.9994],"evs":[0.0,2.17583]},"T4s":{"weight":0.0,"played":[1.0E-4,0.9999],"evs":[0.0,2.27469]},"T5s":{"weight":0.0,"played":[0.0,1.0],"evs":[0.0,2.60435]},"T6s":{"weight":0.0,"played":[0.0,1.0],"evs":[0.0,3.29968]},"T7s":{"weight":0.0047,"played":[0.0,1.0],"evs":[0.0,3.9779]},"T8s":{"weight":0.0635,"played":[0.0,1.0],"evs":[0.0,4.90112]},"T9s":{"weight":0.0016,"played":[0.0,1.0],"evs":[0.0,5.51521]},"TT":{"weight":0.0,"played":[0.0,1.0],"evs":[0.0,17.26384]},"JTo":{"weight":0.0332,"played":[0.0,1.0],"evs":[0.0,4.77535]},"QTo":{"weight":1.0E-4,"played":[0.0,1.0],"evs":[0.0,5.89562]},"KTo":{"weight":2.0E-4,"played":[0.0,1.0],"evs":[0.0,7.82667]},"ATo":{"weight":0.0,"played":[0.0,1.0],"evs":[0.0,12.18143]},"J2s":{"weight":0.0,"played":[0.0,1.0],"evs":[0.0,1.92689]},"J3s":{"weight":0.0,"played":[0.0,1.0],"evs":[0.0,2.28889]},"J4s":{"weight":0.0,"played":[0.0,1.0],"evs":[0.0,2.39365]},"J5s":{"weight":0.0,"played":[0.0,1.0],"evs":[0.0,2.86858]},"J6s":{"weight":0.0,"played":[1.0E-4,0.9999],"evs":[0.0,2.99747]},"J7s":{"weight":0.0,"played":[1.0E-4,0.9999],"evs":[0.0,3.99287]},"J8s":{"weight":1.0E-4,"played":[0.0,1.0],"evs":[0.0,4.49432]},"J9s":{"weight":8.0E-4,"played":[0.0,1.0],"evs":[0.0,5.32735]},"JTs":{"weight":0.1816,"played":[0.0,1.0],"evs":[0.0,6.71732]},"JJ":{"weight":0.0011,"played":[0.0,1.0],"evs":[0.0,19.84284]},"QJo":{"weight":0.0,"played":[0.0,1.0],"evs":[0.0,7.20944]},"KJo":{"weight":0.0,"played":[0.0,1.0],"evs":[0.0,9.65111]},"AJo":{"weight":0.0,"played":[0.0,1.0],"evs":[0.0,13.20361]},"Q2s":{"weight":0.0,"played":[0.0,1.0],"evs":[0.0,2.79873]},"Q3s":{"weight":0.0,"played":[0.0,1.0],"evs":[0.0,3.04981]},"Q4s":{"weight":0.0023,"played":[0.0,1.0],"evs":[0.0,3.42127]},"Q5s":{"weight":0.0013,"played":[0.0,1.0],"evs":[0.0,3.65413]},"Q6s":{"weight":8.0E-4,"played":[0.0,1.0],"evs":[0.0,3.8849]},"Q7s":{"weight":0.0394,"played":[0.0,1.0],"evs":[0.0,4.17756]},"Q8s":{"weight":0.0,"played":[0.0,1.0],"evs":[0.0,4.47663]},"Q9s":{"weight":0.0,"played":[0.0,1.0],"evs":[0.0,5.98168]},"QTs":{"weight":0.0115,"played":[0.0,1.0],"evs":[0.0,7.85742]},"QJs":{"weight":1.0E-4,"played":[0.0,1.0],"evs":[0.0,9.04381]},"QQ":{"weight":0.0442,"played":[0.0,1.0],"evs":[0.0,23.19786]},"KQo":{"weight":0.0,"played":[0.0,1.0],"evs":[0.0,11.2419]},"AQo":{"weight":0.0,"played":[0.0,1.0],"evs":[0.0,15.16117]},"K2s":{"weight":0.232,"played":[0.0,1.0],"evs":[0.0,4.78024]},"K3s":{"weight":0.0344,"played":[0.0,1.0],"evs":[0.0,4.92111]},"K4s":{"weight":0.0059,"played":[0.0,1.0],"evs":[0.0,5.22863]},"K5s":{"weight":0.0753,"played":[0.0,1.0],"evs":[0.0,5.69597]},"K6s":{"weight":0.0086,"played":[0.0,1.0],"evs":[0.0,5.76053]},"K7s":{"weight":0.0141,"played":[0.0,1.0],"evs":[0.0,5.81439]},"K8s":{"weight":0.0118,"played":[0.0,1.0],"evs":[0.0,6.37423]},"K9s":{"weight":0.0024,"played":[0.0,1.0],"evs":[0.0,7.74381]},"KTs":{"weight":0.052,"played":[0.0,1.0],"evs":[0.0,9.76112]},"KJs":{"weight":0.0011,"played":[0.0,1.0],"evs":[0.0,11.43203]},"KQs":{"weight":0.0504,"played":[0.0,1.0],"evs":[0.0,12.90641]},"KK":{"weight":0.1252,"played":[0.0,1.0],"evs":[0.0,27.38012]},"AKo":{"weight":0.0,"played":[0.0,1.0],"evs":[0.0,16.29379]},"A2s":{"weight":0.0,"played":[0.0,1.0],"evs":[0.0,8.53977]},"A3s":{"weight":0.0,"played":[0.0,1.0],"evs":[0.0,8.38185]},"A4s":{"weight":0.0,"played":[0.0,1.0],"evs":[0.0,9.05938]},"A5s":{"weight":0.0,"played":[0.0,1.0],"evs":[0.0,9.59562]},"A6s":{"weight":1.0E-4,"played":[0.0,1.0],"evs":[0.0,8.78197]},"A7s":{"weight":2.0E-4,"played":[0.0,1.0],"evs":[0.0,9.71917]},"A8s":{"weight":5.0E-4,"played":[0.0,1.0],"evs":[0.0,10.75561]},"A9s":{"weight":1.0E-4,"played":[0.0,1.0],"evs":[0.0,12.11817]},"ATs":{"weight":0.0,"played":[0.0,1.0],"evs":[0.0,14.34702]},"AJs":{"weight":0.0018,"played":[0.0,1.0],"evs":[0.0,15.46174]},"AQs":{"weight":0.0224,"played":[0.0,1.0],"evs":[0.0,16.87314]},"AKs":{"weight":0.0021,"played":[0.0,1.0],"evs":[0.0,17.85161]},"AA":{"weight":0.3287,"played":[0.0,1.0],"evs":[0.0,33.21452]}}}