{"player":5,"street":0,"children":2,"sequence":[{"player":0,"type":"R","amount":165000,"street":0},{"player":1,"type":"F","amount":0,"street":0},{"player":2,"type":"C","amount":165000,"street":0},{"player":3,"type":"C","amount":165000,"street":0},{"player":4,"type":"R","amount":1815000,"street":0}],"actions":[{"type":"F","amount":0,"node":190},{"type":"C","amount":895000,"node":195}],"hands":{"22":{"weight":1.0,"played":[0.0254,0.9746],"evs":[0.0,0.14986]},"32o":{"weight":1.0,"played":[1.0,0.0],"evs":[0.0,-1.9691]},"42o":{"weight":1.0,"played":[1.0,0.0],"evs":[0.0,-1.79907]},"52o":{"weight":1.0,"played":[1.0,0.0],"evs":[0.0,-1.70645]},"62o":{"weight":1.0,"played":[1.0,0.0],"evs":[0.0,-2.06168]},"72o":{"weight":1.0,"played":[1.0,0.0],"evs":[0.0,-2.47152]},"82o":{"weight":1.0,"played":[1.0,0.0],"evs":[0.0,-2.41596]},"92o":{"weight":1.0,"played":[1.0,0.0],"evs":[0.0,-2.4433]},"T2o":{"weight":1.0,"played":[1.0,0.0],"evs":[0.0,-2.37489]},"J2o":{"weight":1.0,"played":[1.0,0.0],"evs":[0.0,-2.05506]},"Q2o":{"weight":1.0,"played":[1.0,0.0],"evs":[0.0,-1.83931]},"K2o":{"weight":1.0,"played":[1.0,0.0],"evs":[0.0,-1.66535]},"A2o":{"weight":1.0,"played":[0.9999,1.0E-4],"evs":[0.0,-0.26514]},"32s":{"weight":1.0,"played":[1.0,0.0],"evs":[0.0,-0.8676]},"33":{"weight":1.0,"played":[0.005,0.995],"evs":[0.0,0.59548]},"43o":{"weight":1.0,"played":[1.0,0.0],"evs":[0.0,-1.43108]},"53o":{"weight":1.0,"played":[1.0,0.0],"evs":[0.0,-1.21368]},"63o":{"weight":1.0,"played":[1.0,0.0],"evs":[0.0,-1.57882]},"73o":{"weight":1.0,"played":[1.0,0.0],"evs":[0.0,-1.94692]},"83o":{"weight":1.0,"played":[1.0,0.0],"evs":[0.0,-2.32605]},"93o":{"weight":1.0,"played":[1.0,0.0],"evs":[0.0,-2.40351]},"T3o":{"weight":1.0,"played":[1.0,0.0],"evs":[0.0,-2.17879]},"J3o":{"weight":1.0,"played":[1.0,0.0],"evs":[0.0,-1.93425]},"Q3o":{"weight":1.0,"played":[1.0,0.0],"evs":[0.0,-1.73218]},"K3o":{"weight":1.0,"played":[1.0,0.0],"evs":[0.0,-1.56436]},"A3o":{"weight":1.0,"played":[0.9994,6.0E-4],"evs":[0.0,-0.01409]},"42s":{"weight":1.0,"played":[0.9999,1.0E-4],"evs":[0.0,-0.69164]},"43s":{"weight":1.0,"played":[1.0,0.0],"evs":[0.0,-0.14712]},"44":{"weight":1.0,"played":[0.0,1.0],"evs":[0.0,1.04933]},"54o":{"weight":1.0,"played":[1.0,0.0],"evs":[0.0,-0.73173]},"64o":{"weight":1.0,"played":[1.0,0.0],"evs":[0.0,-1.03694]},"74o":{"weight":1.0,"played":[1.0,0.0],"evs":[0.0,-1.38265]},"84o":{"weight":1.0,"played":[1.0,0.0],"evs":[0.0,-1.84812]},"94o":{"weight":1.0,"played":[1.0,0.0],"evs":[0.0,-2.25013]},"T4o":{"weight":1.0,"played":[1.0,0.0],"evs":[0.0,-2.05608]},"J4o":{"weight":1.0,"played":[1.0,0.0],"evs":[0.0,-1.74683]},"Q4o":{"weight":1.0,"played":[1.0,0.0],"evs":[0.0,-1.46645]},"K4o":{"weight":1.0,"played":[1.0,0.0],"evs":[0.0,-1.34999]},"A4o":{"weight":1.0,"played":[0.0021,0.9979],"evs":[0.0,0.18297]},"52s":{"weight":1.0,"played":[1.0,0.0],"evs":[0.0,-0.55841]},"53s":{"weight":1.0,"played":[0.9109,0.0891],"evs":[0.0,-0.06128]},"54s":{"weight":1.0,"played":[0.0015,0.9985],"evs":[0.0,0.3441]},"55":{"weight":1.0,"played":[0.0,1.0],"evs":[0.0,1.37831]},"65o":{"weight":1.0,"played":[1.0,0.0],"evs":[0.0,-0.58322]},"75o":{"weight":1.0,"played":[1.0,0.0],"evs":[0.0,-0.98295]},"85o":{"weight":1.0,"played":[1.0,0.0],"evs":[0.0,-1.35456]},"95o":{"weight":1.0,"played":[1.0,0.0],"evs":[0.0,-1.74922]},"T5o":{"weight":1.0,"played":[1.0,0.0],"evs":[0.0,-1.95153]},"J5o":{"weight":1.0,"played":[1.0,0.0],"evs":[0.0,-1.60567]},"Q5o":{"weight":1.0,"played":[1.0,0.0],"evs":[0.0,-1.4306]},"K5o":{"weight":1.0,"played":[1.0,0.0],"evs":[0.0,-1.11401]},"A5o":{"weight":1.0,"played":[0.0,1.0],"evs":[0.0,0.42105]},"62s":{"weight":1.0,"played":[1.0,0.0],"evs":[0.0,-0.89837]},"63s":{"weight":1.0,"played":[0.9999,1.0E-4],"evs":[0.0,-0.46634]},"64s":{"weight":1.0,"played":[0.0047,0.9953],"evs":[0.0,0.15133]},"65s":{"weight":1.0,"played":[9.0E-4,0.9991],"evs":[0.0,0.62739]},"66":{"weight":1.0,"played":[0.0,1.0],"evs":[0.0,1.91249]},"76o":{"weight":1.0,"played":[1.0,0.0],"evs":[0.0,-0.59321]},"86o":{"weight":1.0,"played":[1.0,0.0],"evs":[0.0,-0.95848]},"96o":{"weight":1.0,"played":[1.0,0.0],"evs":[0.0,-1.31185]},"T6o":{"weight":1.0,"played":[1.0,0.0],"evs":[0.0,-1.50984]},"J6o":{"weight":1.0,"played":[1.0,0.0],"evs":[0.0,-1.5982]},"Q6o":{"weight":1.0,"played":[1.0,0.0],"evs":[0.0,-1.3138]},"K6o":{"weight":1.0,"played":[1.0,0.0],"evs":[0.0,-0.9395]},"A6o":{"weight":1.0,"played":[0.0,1.0],"evs":[0.0,0.19876]},"72s":{"weight":1.0,"played":[1.0,0.0],"evs":[0.0,-1.18814]},"73s":{"weight":1.0,"played":[1.0,0.0],"evs":[0.0,-0.76039]},"74s":{"weight":1.0,"played":[0.9977,0.0023],"evs":[0.0,-0.26256]},"75s":{"weight":1.0,"played":[0.0013,0.9987],"evs":[0.0,0.16429]},"76s":{"weight":1.0,"played":[0.0,1.0],"evs":[0.0,0.54259]},"77":{"weight":1.0,"played":[0.0,1.0],"evs":[0.0,2.49904]},"87o":{"weight":1.0,"played":[1.0,0.0],"evs":[0.0,-0.67002]},"97o":{"weight":1.0,"played":[1.0,0.0],"evs":[0.0,-0.97862]},"T7o":{"weight":1.0,"played":[1.0,0.0],"evs":[0.0,-1.08533]},"J7o":{"weight":1.0,"played":[1.0,0.0],"evs":[0.0,-1.13611]},"Q7o":{"weight":1.0,"played":[1.0,0.0],"evs":[0.0,-1.1697]},"K7o":{"weight":1.0,"played":[1.0,0.0],"evs":[0.0,-0.8645]},"A7o":{"weight":1.0,"played":[0.0,1.0],"evs":[0.0,0.61477]},"82s":{"weight":1.0,"played":[1.0,0.0],"evs":[0.0,-1.20027]},"83s":{"weight":1.0,"played":[1.0,0.0],"evs":[0.0,-1.19894]},"84s":{"weight":1.0,"played":[1.0,0.0],"evs":[0.0,-0.58387]},"85s":{"weight":1.0,"played":[0.9936,0.0064],"evs":[0.0,-0.20247]},"86s":{"weight":1.0,"played":[0.1757,0.8243],"evs":[0.0,0.23441]},"87s":{"weight":1.0,"played":[4.0E-4,0.9996],"evs":[0.0,0.53098]},"88":{"weight":1.0,"played":[0.0,1.0],"evs":[0.0,3.03922]},"98o":{"weight":1.0,"played":[1.0,0.0],"evs":[0.0,-0.59908]},"T8o":{"weight":1.0,"played":[1.0,0.0],"evs":[0.0,-0.72095]},"J8o":{"weight":1.0,"played":[1.0,0.0],"evs":[0.0,-0.80503]},"Q8o":{"weight":1.0,"played":[1.0,0.0],"evs":[0.0,-0.8347]},"K8o":{"weight":1.0,"played":[1.0,0.0],"evs":[0.0,-0.84465]},"A8o":{"weight":1.0,"played":[0.0,1.0],"evs":[0.0,0.86644]},"92s":{"weight":1.0,"played":[1.0,0.0],"evs":[0.0,-1.18892]},"93s":{"weight":1.0,"played":[1.0,0.0],"evs":[0.0,-1.05493]},"94s":{"weight":1.0,"played":[1.0,0.0],"evs":[0.0,-0.9731]},"95s":{"weight":1.0,"played":[0.9999,1.0E-4],"evs":[0.0,-0.65202]},"96s":{"weight":1.0,"played":[0.9957,0.0043],"evs":[0.0,-0.2195]},"97s":{"weight":1.0,"played":[0.0,1.0],"evs":[0.0,0.1767]},"98s":{"weight":1.0,"played":[0.0,1.0],"evs":[0.0,0.48683]},"99":{"weight":1.0,"played":[0.0,1.0],"evs":[0.0,3.89407]},"T9o":{"weight":1.0,"played":[1.0,0.0],"evs":[0.0,-0.33506]},"J9o":{"weight":1.0,"played":[1.0,0.0],"evs":[0.0,-0.37938]},"Q9o":{"weight":1.0,"played":[0.9998,2.0E-4],"evs":[0.0,-0.45919]},"K9o":{"weight":1.0,"played":[0.9997,3.0E-4],"evs":[0.0,-0.23907]},"A9o":{"weight":1.0,"played":[0.0,1.0],"evs":[0.0,1.28772]},"T2s":{"weight":1.0,"played":[1.0,0.0],"evs":[0.0,-1.01552]},"T3s":{"weight":1.0,"played":[0.9994,6.0E-4],"evs":[0.0,-0.88617]},"T4s":{"weight":1.0,"played":[1.0,0.0],"evs":[0.0,-0.74042]},"T5s":{"weight":1.0,"played":[0.9995,5.0E-4],"evs":[0.0,-0.59064]},"T6s":{"weight":1.0,"played":[0.9999,1.0E-4],"evs":[0.0,-0.16665]},"T7s":{"weight":1.0,"played":[0.0311,0.9689],"evs":[0.0,0.12578]},"T8s":{"weight":1.0,"played":[0.0,1.0],"evs":[0.0,0.50281]},"T9s":{"weight":1.0,"played":[0.0,1.0],"evs":[0.0,0.76576]},"TT":{"weight":1.0,"played":[0.0,1.0],"evs":[0.0,5.13826]},"JTo":{"weight":1.0,"played":[4.0E-4,0.9996],"evs":[0.0,0.29283]},"QTo":{"weight":1.0,"played":[2.0E-4,0.9998],"evs":[0.0,0.40335]},"KTo":{"weight":1.0,"played":[0.0,1.0],"evs":[0.0,0.80029]},"ATo":{"weight":1.0,"played":[0.0,1.0],"evs":[0.0,2.43916]},"J2s":{"weight":1.0,"played":[1.0,0.0],"evs":[0.0,-0.66564]},"J3s":{"weight":1.0,"played":[1.0,0.0],"evs":[0.0,-0.64462]},"J4s":{"weight":1.0,"played":[0.999,0.001],"evs":[0.0,-0.47945]},"J5s":{"weight":1.0,"played":[1.0,0.0],"evs":[0.0,-0.378]},"J6s":{"weight":1.0,"played":[0.9744,0.0256],"evs":[0.0,-0.26243]},"J7s":{"weight":1.0,"played":[0.0808,0.9192],"evs":[0.0,0.05349]},"J8s":{"weight":1.0,"played":[0.0011,0.9989],"evs":[0.0,0.43908]},"J9s":{"weight":1.0,"played":[2.0E-4,0.9998],"evs":[0.0,0.75614]},"JTs":{"weight":1.0,"played":[0.0,1.0],"evs":[0.0,1.42587]},"JJ":{"weight":1.0,"played":[0.0,1.0],"evs":[0.0,6.49738]},"QJo":{"weight":1.0,"played":[0.0,1.0],"evs":[0.0,0.901]},"KJo":{"weight":1.0,"played":[0.0,1.0],"evs":[0.0,1.28874]},"AJo":{"weight":1.0,"played":[0.0,1.0],"evs":[0.0,2.96302]},"Q2s":{"weight":1.0,"played":[1.0,0.0],"evs":[0.0,-0.43807]},"Q3s":{"weight":1.0,"played":[0.9995,5.0E-4],"evs":[0.0,-0.39944]},"Q4s":{"weight":1.0,"played":[0.9989,0.0011],"evs":[0.0,-0.15054]},"Q5s":{"weight":1.0,"played":[0.9771,0.0229],"evs":[0.0,-0.10257]},"Q6s":{"weight":1.0,"played":[0.1667,0.8333],"evs":[0.0,0.01898]},"Q7s":{"weight":1.0,"played":[0.141,0.859],"evs":[0.0,0.00673]},"Q8s":{"weight":1.0,"played":[1.0E-4,0.9999],"evs":[0.0,0.37125]},"Q9s":{"weight":1.0,"played":[0.0,1.0],"evs":[0.0,0.86195]},"QTs":{"weight":1.0,"played":[0.0,1.0],"evs":[0.0,1.61623]},"QJs":{"weight":1.0,"played":[0.0,1.0],"evs":[0.0,1.99934]},"QQ":{"weight":1.0,"played":[0.0,1.0],"evs":[0.0,8.28719]},"KQo":{"weight":1.0,"played":[0.0,1.0],"evs":[0.0,1.9649]},"AQo":{"weight":1.0,"played":[0.0,1.0],"evs":[0.0,3.61131]},"K2s":{"weight":1.0,"played":[0.9996,4.0E-4],"evs":[0.0,-0.35915]},"K3s":{"weight":1.0,"played":[0.9982,0.0018],"evs":[0.0,-0.22078]},"K4s":{"weight":1.0,"played":[0.2065,0.7935],"evs":[0.0,0.02897]},"K5s":{"weight":1.0,"played":[0.0213,0.9787],"evs":[0.0,0.17544]},"K6s":{"weight":1.0,"played":[1.0E-4,0.9999],"evs":[0.0,0.22245]},"K7s":{"weight":1.0,"played":[0.004,0.996],"evs":[0.0,0.44178]},"K8s":{"weight":1.0,"played":[4.0E-4,0.9996],"evs":[0.0,0.54203]},"K9s":{"weight":1.0,"played":[0.0,1.0],"evs":[0.0,1.14474]},"KTs":{"weight":1.0,"played":[0.0,1.0],"evs":[0.0,2.03943]},"KJs":{"weight":1.0,"played":[0.0,1.0],"evs":[0.0,2.48871]},"KQs":{"weight":1.0,"played":[0.0,1.0],"evs":[0.0,3.03902]},"KK":{"weight":1.0,"played":[0.0,1.0],"evs":[0.0,10.32363]},"AKo":{"weight":1.0,"played":[0.0,1.0],"evs":[0.0,4.31012]},"A2s":{"weight":1.0,"played":[0.0,1.0],"evs":[0.0,1.026]},"A3s":{"weight":1.0,"played":[2.0E-4,0.9998],"evs":[0.0,1.32823]},"A4s":{"weight":1.0,"played":[0.0,1.0],"evs":[0.0,1.5034]},"A5s":{"weight":1.0,"played":[0.0,1.0],"evs":[0.0,1.82307]},"A6s":{"weight":1.0,"played":[0.0,1.0],"evs":[0.0,1.63314]},"A7s":{"weight":1.0,"played":[0.0,1.0],"evs":[0.0,1.92794]},"A8s":{"weight":1.0,"played":[0.0,1.0],"evs":[0.0,2.10554]},"A9s":{"weight":1.0,"played":[0.0,1.0],"evs":[0.0,2.61298]},"ATs":{"weight":1.0,"played":[0.0,1.0],"evs":[0.0,3.70957]},"AJs":{"weight":1.0,"played":[0.0,1.0],"evs":[0.0,4.22274]},"AQs":{"weight":1.0,"played":[0.0,1.0],"evs":[0.0,4.84719]},"AKs":{"weight":1.0,"played":[0.0,1.0],"evs":[0.0,5.43905]},"AA":{"weight":1.0,"played":[0.0,1.0],"evs":[0.0,13.88869]}}}