{"player":2,"street":0,"children":2,"sequence":[{"player":0,"type":"R","amount":165000,"street":0},{"player":1,"type":"F","amount":0,"street":0},{"player":2,"type":"C","amount":165000,"street":0},{"player":3,"type":"C","amount":165000,"street":0},{"player":4,"type":"R","amount":1815000,"street":0},{"player":5,"type":"F","amount":0,"street":0},{"player":2,"type":"C","amount":1650000,"street":0},{"player":3,"type":"R","amount":2885000,"street":0}],"actions":[{"type":"F","amount":0},{"type":"C","amount":1070000}],"hands":{"22":{"weight":0.3652,"played":[0.0,1.0],"evs":[0.0,11.32362]},"32o":{"weight":0.0,"played":[0.0,1.0],"evs":[0.0,5.15333]},"42o":{"weight":0.0,"played":[0.0,1.0],"evs":[0.0,5.53685]},"52o":{"weight":0.0,"played":[0.0,1.0],"evs":[0.0,6.1378]},"62o":{"weight":0.0,"played":[0.0,1.0],"evs":[0.0,5.33275]},"72o":{"weight":0.0,"played":[0.0,1.0],"evs":[0.0,4.95258]},"82o":{"weight":0.0,"played":[0.0,1.0],"evs":[0.0,5.15764]},"92o":{"weight":0.0,"played":[0.0,1.0],"evs":[0.0,4.83796]},"T2o":{"weight":0.0,"played":[0.0,1.0],"evs":[0.0,5.10866]},"J2o":{"weight":0.0,"played":[0.0,1.0],"evs":[0.0,5.09138]},"Q2o":{"weight":0.0,"played":[0.0,1.0],"evs":[0.0,5.80056]},"K2o":{"weight":0.0,"played":[0.0,1.0],"evs":[0.0,6.65535]},"A2o":{"weight":0.3493,"played":[0.0,1.0],"evs":[0.0,10.24857]},"32s":{"weight":0.0,"played":[0.0,1.0],"evs":[0.0,7.10525]},"33":{"weight":0.0107,"played":[0.0,1.0],"evs":[0.0,12.0672]},"43o":{"weight":0.0,"played":[0.0,1.0],"evs":[0.0,6.59652]},"53o":{"weight":0.0,"played":[0.0,1.0],"evs":[0.0,7.08501]},"63o":{"weight":0.0,"played":[0.0,1.0],"evs":[0.0,6.50252]},"73o":{"weight":0.0,"played":[0.0,1.0],"evs":[0.0,5.92168]},"83o":{"weight":0.0,"played":[0.0,1.0],"evs":[0.0,5.08211]},"93o":{"weight":0.0,"played":[0.0,1.0],"evs":[0.0,5.01583]},"T3o":{"weight":0.0,"played":[0.0,1.0],"evs":[0.0,5.24082]},"J3o":{"weight":0.0,"played":[0.0,1.0],"evs":[0.0,5.63098]},"Q3o":{"weight":0.0,"played":[0.0,1.0],"evs":[0.0,6.17408]},"K3o":{"weight":0.0,"played":[0.0,1.0],"evs":[0.0,6.69771]},"A3o":{"weight":0.0201,"played":[0.0,1.0],"evs":[0.0,10.87285]},"42s":{"weight":0.0,"played":[0.0,1.0],"evs":[0.0,7.76715]},"43s":{"weight":0.0,"played":[0.0,1.0],"evs":[0.0,8.886]},"44":{"weight":0.0462,"played":[0.0,1.0],"evs":[0.0,13.31895]},"54o":{"weight":0.0,"played":[0.0,1.0],"evs":[0.0,8.25366]},"64o":{"weight":0.0,"played":[0.0,1.0],"evs":[0.0,7.72931]},"74o":{"weight":0.0,"played":[0.0,1.0],"evs":[0.0,6.8119]},"84o":{"weight":0.0,"played":[0.0,1.0],"evs":[0.0,6.30949]},"94o":{"weight":0.0,"played":[0.0,1.0],"evs":[0.0,5.27094]},"T4o":{"weight":0.0,"played":[0.0,1.0],"evs":[0.0,5.69307]},"J4o":{"weight":0.0,"played":[0.0,1.0],"evs":[0.0,6.18701]},"Q4o":{"weight":0.0,"played":[0.0,1.0],"evs":[0.0,6.62392]},"K4o":{"weight":0.0,"played":[0.0,1.0],"evs":[0.0,7.16909]},"A4o":{"weight":0.0022,"played":[0.0,1.0],"evs":[0.0,11.0271]},"52s":{"weight":0.0,"played":[0.0,1.0],"evs":[0.0,8.74873]},"53s":{"weight":0.0,"played":[0.0,1.0],"evs":[0.0,9.91335]},"54s":{"weight":3.0E-4,"played":[0.0,1.0],"evs":[0.0,10.57851]},"55":{"weight":0.2102,"played":[0.0,1.0],"evs":[0.0,15.0046]},"65o":{"weight":0.0,"played":[0.0,1.0],"evs":[0.0,8.81899]},"75o":{"weight":0.0,"played":[0.0,1.0],"evs":[0.0,8.11071]},"85o":{"weight":0.0,"played":[0.0,1.0],"evs":[0.0,7.39445]},"95o":{"weight":0.0,"played":[0.0,1.0],"evs":[0.0,6.85437]},"T5o":{"weight":0.0,"played":[0.0,1.0],"evs":[0.0,6.04999]},"J5o":{"weight":0.0,"played":[0.0,1.0],"evs":[0.0,6.56236]},"Q5o":{"weight":0.0,"played":[0.0,1.0],"evs":[0.0,7.14167]},"K5o":{"weight":0.0,"played":[0.0,1.0],"evs":[0.0,7.82828]},"A5o":{"weight":0.0,"played":[0.0,1.0],"evs":[0.0,11.85911]},"62s":{"weight":0.0,"played":[0.0,1.0],"evs":[0.0,8.10082]},"63s":{"weight":0.0,"played":[0.0,1.0],"evs":[0.0,8.8803]},"64s":{"weight":0.0,"played":[0.0,1.0],"evs":[0.0,10.0236]},"65s":{"weight":0.0082,"played":[0.0,1.0],"evs":[0.0,11.05521]},"66":{"weight":0.2564,"played":[0.0,1.0],"evs":[0.0,16.16535]},"76o":{"weight":0.0,"played":[0.0,1.0],"evs":[0.0,8.98893]},"86o":{"weight":0.0,"played":[0.0,1.0],"evs":[0.0,8.62468]},"96o":{"weight":0.0,"played":[0.0,1.0],"evs":[0.0,7.55315]},"T6o":{"weight":0.0,"played":[0.0,1.0],"evs":[0.0,6.91542]},"J6o":{"weight":0.0,"played":[0.0,1.0],"evs":[0.0,6.59518]},"Q6o":{"weight":0.0,"played":[0.0,1.0],"evs":[0.0,7.42329]},"K6o":{"weight":0.0,"played":[0.0,1.0],"evs":[0.0,8.33346]},"A6o":{"weight":3.0E-4,"played":[0.0,1.0],"evs":[0.0,11.51939]},"72s":{"weight":0.0,"played":[0.0,1.0],"evs":[0.0,7.33286]},"73s":{"weight":0.0,"played":[0.0,1.0],"evs":[0.0,8.05623]},"74s":{"weight":0.0,"played":[0.0,1.0],"evs":[0.0,9.16411]},"75s":{"weight":0.0,"played":[0.0,1.0],"evs":[0.0,10.10563]},"76s":{"weight":0.0575,"played":[0.0,1.0],"evs":[0.0,11.24862]},"77":{"weight":0.3943,"played":[0.0,1.0],"evs":[0.0,17.13921]},"87o":{"weight":0.0,"played":[0.0,1.0],"evs":[0.0,9.2536]},"97o":{"weight":0.0,"played":[0.0,1.0],"evs":[0.0,8.6588]},"T7o":{"weight":0.0,"played":[0.0,1.0],"evs":[0.0,7.91729]},"J7o":{"weight":0.0,"played":[0.0,1.0],"evs":[0.0,7.46656]},"Q7o":{"weight":0.0,"played":[0.0,1.0],"evs":[0.0,7.23279]},"K7o":{"weight":0.0,"played":[0.0,1.0],"evs":[0.0,8.44263]},"A7o":{"weight":0.0,"played":[0.0,1.0],"evs":[0.0,12.26895]},"82s":{"weight":0.0,"played":[0.0,1.0],"evs":[0.0,8.08509]},"83s":{"weight":0.0,"played":[0.0,1.0],"evs":[0.0,7.79172]},"84s":{"weight":0.0,"played":[0.0,1.0],"evs":[0.0,8.69374]},"85s":{"weight":0.0,"played":[0.0,1.0],"evs":[0.0,9.80005]},"86s":{"weight":5.0E-4,"played":[0.0,1.0],"evs":[0.0,10.91917]},"87s":{"weight":0.2354,"played":[0.0,1.0],"evs":[0.0,11.44428]},"88":{"weight":0.1543,"played":[0.0,1.0],"evs":[0.0,18.24092]},"98o":{"weight":0.0,"played":[0.0,1.0],"evs":[0.0,9.32041]},"T8o":{"weight":0.0,"played":[0.0,1.0],"evs":[0.0,8.68461]},"J8o":{"weight":0.0,"played":[0.0,1.0],"evs":[0.0,8.22006]},"Q8o":{"weight":0.0,"played":[0.0,1.0],"evs":[0.0,8.19367]},"K8o":{"weight":0.0,"played":[0.0,1.0],"evs":[0.0,8.60816]},"A8o":{"weight":0.0,"played":[0.0,1.0],"evs":[0.0,13.41508]},"92s":{"weight":0.0,"played":[0.0,1.0],"evs":[0.0,7.63564]},"93s":{"weight":0.0,"played":[0.0,1.0],"evs":[0.0,7.52218]},"94s":{"weight":0.0,"played":[0.0,1.0],"evs":[0.0,8.26489]},"95s":{"weight":0.0,"played":[0.0,1.0],"evs":[0.0,9.60788]},"96s":{"weight":0.0,"played":[0.0,1.0],"evs":[0.0,10.31766]},"97s":{"weight":0.0045,"played":[0.0,1.0],"evs":[0.0,10.77031]},"98s":{"weight":0.3478,"played":[0.0,1.0],"evs":[0.0,11.47092]},"99":{"weight":0.1473,"played":[0.0,1.0],"evs":[0.0,20.58568]},"T9o":{"weight":0.0,"played":[0.0,1.0],"evs":[0.0,9.5434]},"J9o":{"weight":0.0,"played":[0.0,1.0],"evs":[0.0,9.18069]},"Q9o":{"weight":0.0,"played":[0.0,1.0],"evs":[0.0,9.19501]},"K9o":{"weight":0.0,"played":[0.0,1.0],"evs":[0.0,9.93953]},"A9o":{"weight":0.0,"played":[0.0,1.0],"evs":[0.0,14.56633]},"T2s":{"weight":0.0,"played":[0.0,1.0],"evs":[0.0,7.70514]},"T3s":{"weight":0.0,"played":[0.0,1.0],"evs":[0.0,8.15297]},"T4s":{"weight":0.0,"played":[0.0,1.0],"evs":[0.0,8.54949]},"T5s":{"weight":0.0,"played":[0.0,1.0],"evs":[0.0,8.638]},"T6s":{"weight":0.0,"played":[0.0,1.0],"evs":[0.0,9.5459]},"T7s":{"weight":1.0E-4,"played":[0.0,1.0],"evs":[0.0,10.24114]},"T8s":{"weight":0.0378,"played":[0.0,1.0],"evs":[0.0,10.7164]},"T9s":{"weight":0.3863,"played":[0.0,1.0],"evs":[0.0,11.59656]},"TT":{"weight":0.252,"played":[0.0,1.0],"evs":[0.0,22.68179]},"JTo":{"weight":0.0,"played":[0.0,1.0],"evs":[0.0,10.07986]},"QTo":{"weight":0.0089,"played":[0.0,1.0],"evs":[0.0,10.58506]},"KTo":{"weight":0.3407,"played":[0.0,1.0],"evs":[0.0,11.85624]},"ATo":{"weight":0.0,"played":[0.0,1.0],"evs":[0.0,17.20189]},"J2s":{"weight":0.0,"played":[0.0,1.0],"evs":[0.0,8.06543]},"J3s":{"weight":0.0,"played":[0.0,1.0],"evs":[0.0,8.09528]},"J4s":{"weight":0.0,"played":[0.0,1.0],"evs":[0.0,8.1198]},"J5s":{"weight":0.0,"played":[0.0,1.0],"evs":[0.0,9.1295]},"J6s":{"weight":0.0,"played":[0.0,1.0],"evs":[0.0,9.09642]},"J7s":{"weight":0.0,"played":[0.0,1.0],"evs":[0.0,9.8301]},"J8s":{"weight":0.0032,"played":[0.0,1.0],"evs":[0.0,10.86623]},"J9s":{"weight":0.1907,"played":[0.0,1.0],"evs":[0.0,11.4601]},"JTs":{"weight":0.046,"played":[0.0,1.0],"evs":[0.0,12.48875]},"JJ":{"weight":0.116,"played":[0.0,1.0],"evs":[0.0,25.39013]},"QJo":{"weight":0.0368,"played":[0.0,1.0],"evs":[0.0,11.42764]},"KJo":{"weight":0.0,"played":[0.0,1.0],"evs":[0.0,13.59327]},"AJo":{"weight":0.0,"played":[0.0,1.0],"evs":[0.0,18.67988]},"Q2s":{"weight":0.0,"played":[0.0,1.0],"evs":[0.0,8.08563]},"Q3s":{"weight":0.0,"played":[0.0,1.0],"evs":[0.0,8.86025]},"Q4s":{"weight":0.0,"played":[0.0,1.0],"evs":[0.0,9.00518]},"Q5s":{"weight":0.0,"played":[0.0,1.0],"evs":[0.0,9.19134]},"Q6s":{"weight":1.0E-4,"played":[0.0,1.0],"evs":[0.0,10.29874]},"Q7s":{"weight":1.0E-4,"played":[0.0,1.0],"evs":[0.0,9.86446]},"Q8s":{"weight":0.0032,"played":[0.0,1.0],"evs":[0.0,10.78304]},"Q9s":{"weight":0.0507,"played":[0.0,1.0],"evs":[0.0,11.16698]},"QTs":{"weight":0.4566,"played":[0.0,1.0],"evs":[0.0,13.09912]},"QJs":{"weight":0.5399,"played":[0.0,1.0],"evs":[0.0,13.73394]},"QQ":{"weight":0.2532,"played":[0.0,1.0],"evs":[0.0,29.63178]},"KQo":{"weight":1.0E-4,"played":[0.0,1.0],"evs":[0.0,15.22609]},"AQo":{"weight":0.0,"played":[0.0,1.0],"evs":[0.0,20.47712]},"K2s":{"weight":0.0,"played":[0.0,1.0],"evs":[0.0,9.07001]},"K3s":{"weight":6.0E-4,"played":[0.0,1.0],"evs":[0.0,9.66471]},"K4s":{"weight":1.0E-4,"played":[0.0,1.0],"evs":[0.0,9.69337]},"K5s":{"weight":0.0034,"played":[0.0,1.0],"evs":[0.0,10.28557]},"K6s":{"weight":0.0185,"played":[0.0,1.0],"evs":[0.0,10.69222]},"K7s":{"weight":0.0076,"played":[0.0,1.0],"evs":[0.0,10.95574]},"K8s":{"weight":0.0123,"played":[0.0,1.0],"evs":[0.0,10.89248]},"K9s":{"weight":0.0052,"played":[0.0,1.0],"evs":[0.0,12.17763]},"KTs":{"weight":0.7197,"played":[0.0,1.0],"evs":[0.0,14.02387]},"KJs":{"weight":0.2528,"played":[0.0,1.0],"evs":[0.0,15.62143]},"KQs":{"weight":0.5233,"played":[0.0,1.0],"evs":[0.0,17.21989]},"KK":{"weight":0.2058,"played":[0.0,1.0],"evs":[0.0,34.21816]},"AKo":{"weight":5.0E-4,"played":[0.0,1.0],"evs":[0.0,21.92815]},"A2s":{"weight":0.0,"played":[0.0,1.0],"evs":[0.0,12.65791]},"A3s":{"weight":1.0E-4,"played":[0.0,1.0],"evs":[0.0,12.86899]},"A4s":{"weight":0.0,"played":[0.0,1.0],"evs":[0.0,13.77218]},"A5s":{"weight":8.0E-4,"played":[0.0,1.0],"evs":[0.0,14.32185]},"A6s":{"weight":0.001,"played":[0.0,1.0],"evs":[0.0,14.15679]},"A7s":{"weight":0.2595,"played":[0.0,1.0],"evs":[0.0,14.45474]},"A8s":{"weight":0.2913,"played":[0.0,1.0],"evs":[0.0,15.53659]},"A9s":{"weight":0.0347,"played":[0.0,1.0],"evs":[0.0,17.03449]},"ATs":{"weight":0.3529,"played":[0.0,1.0],"evs":[0.0,19.26952]},"AJs":{"weight":0.2094,"played":[0.0,1.0],"evs":[0.0,21.112]},"AQs":{"weight":0.0148,"played":[0.0,1.0],"evs":[0.0,22.02554]},"AKs":{"weight":0.3203,"played":[0.0,1.0],"evs":[0.0,23.82669]},"AA":{"weight":0.3872,"played":[0.0,1.0],"evs":[0.0,41.8155]}}}