{"player":2,"street":0,"children":2,"sequence":[{"player":0,"type":"R","amount":165000,"street":0},{"player":1,"type":"F","amount":0,"street":0},{"player":2,"type":"C","amount":165000,"street":0},{"player":3,"type":"R","amount":2885000,"street":0},{"player":4,"type":"F","amount":0,"street":0},{"player":5,"type":"C","amount":895000,"street":0}],"actions":[{"type":"F","amount":0},{"type":"C","amount":2720000}],"hands":{"22":{"weight":0.7796,"played":[0.0,1.0],"evs":[0.0,2.31464]},"32o":{"weight":0.0,"played":[1.0,0.0],"evs":[0.0,-6.14843]},"42o":{"weight":0.0,"played":[1.0,0.0],"evs":[0.0,-5.92906]},"52o":{"weight":0.0,"played":[1.0,0.0],"evs":[0.0,-5.45527]},"62o":{"weight":0.0,"played":[1.0,0.0],"evs":[0.0,-6.03893]},"72o":{"weight":0.0,"played":[1.0,0.0],"evs":[0.0,-6.73043]},"82o":{"weight":0.0,"played":[1.0,0.0],"evs":[0.0,-5.98205]},"92o":{"weight":0.0,"played":[1.0,0.0],"evs":[0.0,-6.18566]},"T2o":{"weight":0.0,"played":[1.0,0.0],"evs":[0.0,-5.68083]},"J2o":{"weight":0.0,"played":[1.0,0.0],"evs":[0.0,-5.33452]},"Q2o":{"weight":0.0,"played":[1.0,0.0],"evs":[0.0,-5.08078]},"K2o":{"weight":0.0,"played":[1.0,0.0],"evs":[0.0,-4.45149]},"A2o":{"weight":0.5525,"played":[1.0,0.0],"evs":[0.0,-2.79925]},"32s":{"weight":0.0,"played":[1.0,0.0],"evs":[0.0,-3.8318]},"33":{"weight":0.0736,"played":[0.0,1.0],"evs":[0.0,3.49935]},"43o":{"weight":0.0,"played":[1.0,0.0],"evs":[0.0,-4.76797]},"53o":{"weight":0.0,"played":[1.0,0.0],"evs":[0.0,-4.45964]},"63o":{"weight":0.0,"played":[1.0,0.0],"evs":[0.0,-4.99194]},"73o":{"weight":0.0,"played":[1.0,0.0],"evs":[0.0,-5.69355]},"83o":{"weight":0.0,"played":[1.0,0.0],"evs":[0.0,-5.88524]},"93o":{"weight":0.0,"played":[1.0,0.0],"evs":[0.0,-5.69487]},"T3o":{"weight":0.0,"played":[1.0,0.0],"evs":[0.0,-5.37884]},"J3o":{"weight":0.0,"played":[1.0,0.0],"evs":[0.0,-4.88177]},"Q3o":{"weight":0.0,"played":[1.0,0.0],"evs":[0.0,-4.6809]},"K3o":{"weight":0.0,"played":[1.0,0.0],"evs":[0.0,-4.24066]},"A3o":{"weight":0.9719,"played":[1.0,0.0],"evs":[0.0,-2.23687]},"42s":{"weight":0.0,"played":[1.0,0.0],"evs":[0.0,-3.60069]},"43s":{"weight":0.0,"played":[1.0,0.0],"evs":[0.0,-2.31257]},"44":{"weight":0.422,"played":[0.0,1.0],"evs":[0.0,4.76693]},"54o":{"weight":0.0,"played":[1.0,0.0],"evs":[0.0,-3.54167]},"64o":{"weight":0.0,"played":[1.0,0.0],"evs":[0.0,-4.01097]},"74o":{"weight":0.0,"played":[1.0,0.0],"evs":[0.0,-4.68656]},"84o":{"weight":0.0,"played":[1.0,0.0],"evs":[0.0,-4.98205]},"94o":{"weight":0.0,"played":[1.0,0.0],"evs":[0.0,-5.52546]},"T4o":{"weight":0.0,"played":[1.0,0.0],"evs":[0.0,-4.98897]},"J4o":{"weight":0.0,"played":[1.0,0.0],"evs":[0.0,-4.64388]},"Q4o":{"weight":0.0,"played":[1.0,0.0],"evs":[0.0,-4.61098]},"K4o":{"weight":0.0028,"played":[1.0,0.0],"evs":[0.0,-3.78019]},"A4o":{"weight":0.0028,"played":[0.9999,1.0E-4],"evs":[0.0,-1.80502]},"52s":{"weight":0.0,"played":[1.0,0.0],"evs":[0.0,-3.07613]},"53s":{"weight":0.0,"played":[1.0,0.0],"evs":[0.0,-2.11664]},"54s":{"weight":0.9964,"played":[0.9999,1.0E-4],"evs":[0.0,-1.37743]},"55":{"weight":0.9997,"played":[0.0,1.0],"evs":[0.0,6.11292]},"65o":{"weight":0.0,"played":[1.0,0.0],"evs":[0.0,-3.04944]},"75o":{"weight":0.0,"played":[1.0,0.0],"evs":[0.0,-3.74915]},"85o":{"weight":0.0,"played":[1.0,0.0],"evs":[0.0,-4.07844]},"95o":{"weight":0.0,"played":[1.0,0.0],"evs":[0.0,-4.57872]},"T5o":{"weight":0.0,"played":[1.0,0.0],"evs":[0.0,-4.89047]},"J5o":{"weight":0.0,"played":[1.0,0.0],"evs":[0.0,-4.51662]},"Q5o":{"weight":0.0,"played":[1.0,0.0],"evs":[0.0,-4.27117]},"K5o":{"weight":1.0,"played":[1.0,0.0],"evs":[0.0,-3.53312]},"A5o":{"weight":0.0,"played":[0.9997,3.0E-4],"evs":[0.0,-0.90513]},"62s":{"weight":0.0,"played":[1.0,0.0],"evs":[0.0,-3.53073]},"63s":{"weight":0.0,"played":[1.0,0.0],"evs":[0.0,-2.67841]},"64s":{"weight":0.0,"played":[0.9998,2.0E-4],"evs":[0.0,-1.77899]},"65s":{"weight":1.0,"played":[0.9971,0.0029],"evs":[0.0,-0.80796]},"66":{"weight":0.9852,"played":[0.0,1.0],"evs":[0.0,6.91678]},"76o":{"weight":0.0,"played":[1.0,0.0],"evs":[0.0,-2.51608]},"86o":{"weight":0.0,"played":[1.0,0.0],"evs":[0.0,-2.97083]},"96o":{"weight":0.0,"played":[1.0,0.0],"evs":[0.0,-3.64061]},"T6o":{"weight":0.0,"played":[1.0,0.0],"evs":[0.0,-3.70278]},"J6o":{"weight":0.0,"played":[1.0,0.0],"evs":[0.0,-4.32996]},"Q6o":{"weight":0.0,"played":[1.0,0.0],"evs":[0.0,-3.74915]},"K6o":{"weight":1.0,"played":[1.0,0.0],"evs":[0.0,-2.89522]},"A6o":{"weight":7.0E-4,"played":[0.9998,2.0E-4],"evs":[0.0,-0.82916]},"72s":{"weight":0.0,"played":[1.0,0.0],"evs":[0.0,-4.34863]},"73s":{"weight":0.0,"played":[1.0,0.0],"evs":[0.0,-3.10466]},"74s":{"weight":0.0,"played":[1.0,0.0],"evs":[0.0,-2.44199]},"75s":{"weight":0.9222,"played":[1.0,0.0],"evs":[0.0,-1.51011]},"76s":{"weight":0.9999,"played":[0.9992,8.0E-4],"evs":[0.0,-0.38869]},"77":{"weight":0.7435,"played":[0.0,1.0],"evs":[0.0,8.30698]},"87o":{"weight":0.0,"played":[1.0,0.0],"evs":[0.0,-2.10916]},"97o":{"weight":0.0,"played":[1.0,0.0],"evs":[0.0,-2.5076]},"T7o":{"weight":0.0,"played":[1.0,0.0],"evs":[0.0,-2.9433]},"J7o":{"weight":0.0,"played":[1.0,0.0],"evs":[0.0,-3.40216]},"Q7o":{"weight":0.0,"played":[1.0,0.0],"evs":[0.0,-3.93819]},"K7o":{"weight":0.8598,"played":[1.0,0.0],"evs":[0.0,-2.49252]},"A7o":{"weight":0.0,"played":[6.0E-4,0.9994],"evs":[0.0,0.68299]},"82s":{"weight":0.0,"played":[1.0,0.0],"evs":[0.0,-3.40887]},"83s":{"weight":0.0,"played":[1.0,0.0],"evs":[0.0,-3.45746]},"84s":{"weight":0.0,"played":[1.0,0.0],"evs":[0.0,-2.76533]},"85s":{"weight":5.0E-4,"played":[0.999,0.001],"evs":[0.0,-1.59713]},"86s":{"weight":1.0,"played":[0.9917,0.0083],"evs":[0.0,-0.50995]},"87s":{"weight":1.0,"played":[0.4122,0.5878],"evs":[0.0,-0.00279]},"88":{"weight":0.3145,"played":[0.0,1.0],"evs":[0.0,9.66099]},"98o":{"weight":0.5802,"played":[1.0,0.0],"evs":[0.0,-1.7053]},"T8o":{"weight":0.8262,"played":[1.0,0.0],"evs":[0.0,-1.82375]},"J8o":{"weight":0.9836,"played":[1.0,0.0],"evs":[0.0,-2.03612]},"Q8o":{"weight":1.0,"played":[1.0,0.0],"evs":[0.0,-2.4593]},"K8o":{"weight":0.7811,"played":[1.0,0.0],"evs":[0.0,-1.98343]},"A8o":{"weight":0.0,"played":[0.0,1.0],"evs":[0.0,2.12389]},"92s":{"weight":0.0,"played":[1.0,0.0],"evs":[0.0,-3.60461]},"93s":{"weight":0.0,"played":[1.0,0.0],"evs":[0.0,-3.22124]},"94s":{"weight":0.0,"played":[1.0,0.0],"evs":[0.0,-2.9191]},"95s":{"weight":0.0,"played":[1.0,0.0],"evs":[0.0,-2.12876]},"96s":{"weight":0.9988,"played":[0.9987,0.0013],"evs":[0.0,-1.39943]},"97s":{"weight":1.0,"played":[0.9998,2.0E-4],"evs":[0.0,-0.33413]},"98s":{"weight":0.9979,"played":[1.0E-4,0.9999],"evs":[0.0,0.61929]},"99":{"weight":0.3593,"played":[0.0,1.0],"evs":[0.0,11.11776]},"T9o":{"weight":0.715,"played":[0.9999,1.0E-4],"evs":[0.0,-0.92942]},"J9o":{"weight":0.7751,"played":[1.0,0.0],"evs":[0.0,-1.22806]},"Q9o":{"weight":0.9991,"played":[1.0,0.0],"evs":[0.0,-1.61245]},"K9o":{"weight":0.6881,"played":[0.9993,7.0E-4],"evs":[0.0,-0.90304]},"A9o":{"weight":0.0,"played":[0.0,1.0],"evs":[0.0,3.59053]},"T2s":{"weight":0.0,"played":[1.0,0.0],"evs":[0.0,-3.23474]},"T3s":{"weight":0.0,"played":[1.0,0.0],"evs":[0.0,-2.81331]},"T4s":{"weight":0.0,"played":[1.0,0.0],"evs":[0.0,-2.74223]},"T5s":{"weight":0.0,"played":[1.0,0.0],"evs":[0.0,-2.37012]},"T6s":{"weight":0.9961,"played":[1.0,0.0],"evs":[0.0,-1.53015]},"T7s":{"weight":0.9546,"played":[0.9999,1.0E-4],"evs":[0.0,-0.71237]},"T8s":{"weight":0.838,"played":[0.0056,0.9944],"evs":[0.0,0.33708]},"T9s":{"weight":1.0,"played":[0.0,1.0],"evs":[0.0,1.27262]},"TT":{"weight":0.3101,"played":[0.0,1.0],"evs":[0.0,13.64279]},"JTo":{"weight":0.7949,"played":[0.6124,0.3876],"evs":[0.0,-0.01809]},"QTo":{"weight":0.52,"played":[0.8434,0.1566],"evs":[0.0,-0.10876]},"KTo":{"weight":0.9901,"played":[0.0,1.0],"evs":[0.0,0.61883]},"ATo":{"weight":0.0,"played":[0.0,1.0],"evs":[0.0,6.03144]},"J2s":{"weight":0.0,"played":[1.0,0.0],"evs":[0.0,-2.74505]},"J3s":{"weight":0.0,"played":[0.9999,1.0E-4],"evs":[0.0,-2.51073]},"J4s":{"weight":0.0,"played":[1.0,0.0],"evs":[0.0,-2.48013]},"J5s":{"weight":0.9991,"played":[1.0,0.0],"evs":[0.0,-2.15823]},"J6s":{"weight":0.9999,"played":[0.9999,1.0E-4],"evs":[0.0,-1.70595]},"J7s":{"weight":4.0E-4,"played":[0.9994,6.0E-4],"evs":[0.0,-0.98298]},"J8s":{"weight":0.4733,"played":[5.0E-4,0.9995],"evs":[0.0,0.17482]},"J9s":{"weight":0.9835,"played":[2.0E-4,0.9998],"evs":[0.0,0.89338]},"JTs":{"weight":0.8274,"played":[1.0E-4,0.9999],"evs":[0.0,2.30124]},"JJ":{"weight":1.0,"played":[0.0,1.0],"evs":[0.0,15.67185]},"QJo":{"weight":0.0435,"played":[2.0E-4,0.9998],"evs":[0.0,0.64721]},"KJo":{"weight":1.0E-4,"played":[0.0,1.0],"evs":[0.0,1.09837]},"AJo":{"weight":0.0,"played":[0.0,1.0],"evs":[0.0,7.96577]},"Q2s":{"weight":0.9905,"played":[1.0,0.0],"evs":[0.0,-2.61812]},"Q3s":{"weight":0.9999,"played":[1.0,0.0],"evs":[0.0,-2.39871]},"Q4s":{"weight":1.0,"played":[1.0,0.0],"evs":[0.0,-2.07606]},"Q5s":{"weight":0.9282,"played":[1.0,0.0],"evs":[0.0,-1.86471]},"Q6s":{"weight":0.3996,"played":[0.9999,1.0E-4],"evs":[0.0,-1.42943]},"Q7s":{"weight":0.9991,"played":[1.0,0.0],"evs":[0.0,-1.52912]},"Q8s":{"weight":0.0517,"played":[0.8771,0.1229],"evs":[0.0,-0.10777]},"Q9s":{"weight":0.2887,"played":[3.0E-4,0.9997],"evs":[0.0,0.6979]},"QTs":{"weight":0.9873,"played":[0.0,1.0],"evs":[0.0,2.05754]},"QJs":{"weight":0.9874,"played":[0.0,1.0],"evs":[0.0,2.74195]},"QQ":{"weight":1.0,"played":[0.0,1.0],"evs":[0.0,17.72464]},"KQo":{"weight":2.0E-4,"played":[0.0,1.0],"evs":[0.0,1.36493]},"AQo":{"weight":0.0,"played":[0.0,1.0],"evs":[0.0,10.0382]},"K2s":{"weight":0.999,"played":[1.0,0.0],"evs":[0.0,-1.84403]},"K3s":{"weight":0.9907,"played":[0.9999,1.0E-4],"evs":[0.0,-1.59147]},"K4s":{"weight":0.9105,"played":[0.9999,1.0E-4],"evs":[0.0,-1.40834]},"K5s":{"weight":0.1351,"played":[0.9996,4.0E-4],"evs":[0.0,-1.01837]},"K6s":{"weight":0.3274,"played":[0.9992,8.0E-4],"evs":[0.0,-0.69031]},"K7s":{"weight":0.7727,"played":[0.993,0.007],"evs":[0.0,-0.27257]},"K8s":{"weight":0.9881,"played":[0.204,0.796],"evs":[0.0,0.31057]},"K9s":{"weight":0.9999,"played":[0.0,1.0],"evs":[0.0,1.45711]},"KTs":{"weight":0.9997,"played":[0.0,1.0],"evs":[0.0,2.92816]},"KJs":{"weight":0.9467,"played":[0.0,1.0],"evs":[0.0,3.22265]},"KQs":{"weight":0.6698,"played":[0.0,1.0],"evs":[0.0,3.53466]},"KK":{"weight":1.0,"played":[0.0,1.0],"evs":[0.0,19.75834]},"AKo":{"weight":7.0E-4,"played":[0.0,1.0],"evs":[0.0,12.2816]},"A2s":{"weight":0.0,"played":[0.8856,0.1144],"evs":[0.0,-0.31979]},"A3s":{"weight":4.0E-4,"played":[0.0195,0.9805],"evs":[0.0,0.07487]},"A4s":{"weight":0.0,"played":[0.0477,0.9523],"evs":[0.0,0.24815]},"A5s":{"weight":0.0018,"played":[0.0,1.0],"evs":[0.0,1.49392]},"A6s":{"weight":0.0153,"played":[0.0,1.0],"evs":[0.0,1.33695]},"A7s":{"weight":0.7179,"played":[0.0,1.0],"evs":[0.0,2.71976]},"A8s":{"weight":0.8521,"played":[0.0,1.0],"evs":[0.0,4.35525]},"A9s":{"weight":0.7196,"played":[0.0,1.0],"evs":[0.0,5.50481]},"ATs":{"weight":0.6896,"played":[0.0,1.0],"evs":[0.0,7.70093]},"AJs":{"weight":0.4869,"played":[0.0,1.0],"evs":[0.0,9.96178]},"AQs":{"weight":0.9472,"played":[0.0,1.0],"evs":[0.0,11.69437]},"AKs":{"weight":0.9828,"played":[0.0,1.0],"evs":[0.0,13.66031]},"AA":{"weight":1.0,"played":[0.0,1.0],"evs":[0.0,28.50552]}}}