{"player":3,"street":0,"children":2,"sequence":[{"player":0,"type":"R","amount":165000,"street":0},{"player":1,"type":"F","amount":0,"street":0},{"player":2,"type":"R","amount":412500,"street":0}],"actions":[{"type":"F","amount":0,"node":206},{"type":"R","amount":2885000,"node":212}],"hands":{"22":{"weight":1.0,"played":[0.0,1.0],"evs":[0.0,1.25862]},"32o":{"weight":1.0,"played":[1.0,0.0],"evs":[0.0,-3.77666]},"42o":{"weight":1.0,"played":[1.0,0.0],"evs":[0.0,-3.6131]},"52o":{"weight":1.0,"played":[1.0,0.0],"evs":[0.0,-3.56342]},"62o":{"weight":1.0,"played":[1.0,0.0],"evs":[0.0,-4.19038]},"72o":{"weight":1.0,"played":[1.0,0.0],"evs":[0.0,-4.58457]},"82o":{"weight":1.0,"played":[1.0,0.0],"evs":[0.0,-4.22367]},"92o":{"weight":1.0,"played":[1.0,0.0],"evs":[0.0,-3.86421]},"T2o":{"weight":1.0,"played":[1.0,0.0],"evs":[0.0,-3.54965]},"J2o":{"weight":1.0,"played":[1.0,0.0],"evs":[0.0,-3.32426]},"Q2o":{"weight":1.0,"played":[1.0,0.0],"evs":[0.0,-3.17911]},"K2o":{"weight":1.0,"played":[1.0,0.0],"evs":[0.0,-2.72799]},"A2o":{"weight":1.0,"played":[1.0,0.0],"evs":[0.0,-0.52921]},"32s":{"weight":1.0,"played":[1.0,0.0],"evs":[0.0,-2.20513]},"33":{"weight":1.0,"played":[0.0,1.0],"evs":[0.0,1.76645]},"43o":{"weight":1.0,"played":[1.0,0.0],"evs":[0.0,-2.96137]},"53o":{"weight":1.0,"played":[1.0,0.0],"evs":[0.0,-2.83766]},"63o":{"weight":1.0,"played":[1.0,0.0],"evs":[0.0,-3.44758]},"73o":{"weight":1.0,"played":[1.0,0.0],"evs":[0.0,-3.88287]},"83o":{"weight":1.0,"played":[1.0,0.0],"evs":[0.0,-4.18829]},"93o":{"weight":1.0,"played":[1.0,0.0],"evs":[0.0,-3.65541]},"T3o":{"weight":1.0,"played":[1.0,0.0],"evs":[0.0,-3.41358]},"J3o":{"weight":1.0,"played":[1.0,0.0],"evs":[0.0,-3.10143]},"Q3o":{"weight":1.0,"played":[1.0,0.0],"evs":[0.0,-2.91617]},"K3o":{"weight":1.0,"played":[1.0,0.0],"evs":[0.0,-2.47049]},"A3o":{"weight":1.0,"played":[1.0,0.0],"evs":[0.0,-0.34072]},"42s":{"weight":1.0,"played":[1.0,0.0],"evs":[0.0,-2.10246]},"43s":{"weight":1.0,"played":[1.0,0.0],"evs":[0.0,-1.34897]},"44":{"weight":1.0,"played":[0.0,1.0],"evs":[0.0,2.19799]},"54o":{"weight":1.0,"played":[1.0,0.0],"evs":[0.0,-2.26314]},"64o":{"weight":1.0,"played":[1.0,0.0],"evs":[0.0,-2.7903]},"74o":{"weight":1.0,"played":[1.0,0.0],"evs":[0.0,-3.23182]},"84o":{"weight":1.0,"played":[1.0,0.0],"evs":[0.0,-3.51083]},"94o":{"weight":1.0,"played":[1.0,0.0],"evs":[0.0,-3.60659]},"T4o":{"weight":1.0,"played":[1.0,0.0],"evs":[0.0,-3.16884]},"J4o":{"weight":1.0,"played":[1.0,0.0],"evs":[0.0,-2.89562]},"Q4o":{"weight":1.0,"played":[1.0,0.0],"evs":[0.0,-2.72103]},"K4o":{"weight":1.0,"played":[1.0,0.0],"evs":[0.0,-2.32912]},"A4o":{"weight":1.0,"played":[0.9979,0.0021],"evs":[0.0,-0.05982]},"52s":{"weight":1.0,"played":[1.0,0.0],"evs":[0.0,-2.02918]},"53s":{"weight":1.0,"played":[1.0,0.0],"evs":[0.0,-1.34506]},"54s":{"weight":1.0,"played":[1.0,0.0],"evs":[0.0,-0.67701]},"55":{"weight":1.0,"played":[0.0,1.0],"evs":[0.0,2.46668]},"65o":{"weight":1.0,"played":[1.0,0.0],"evs":[0.0,-2.42194]},"75o":{"weight":1.0,"played":[1.0,0.0],"evs":[0.0,-2.77566]},"85o":{"weight":1.0,"played":[1.0,0.0],"evs":[0.0,-2.90312]},"95o":{"weight":1.0,"played":[1.0,0.0],"evs":[0.0,-3.02677]},"T5o":{"weight":1.0,"played":[1.0,0.0],"evs":[0.0,-3.25463]},"J5o":{"weight":1.0,"played":[1.0,0.0],"evs":[0.0,-2.86946]},"Q5o":{"weight":1.0,"played":[1.0,0.0],"evs":[0.0,-2.60187]},"K5o":{"weight":1.0,"played":[1.0,0.0],"evs":[0.0,-2.14559]},"A5o":{"weight":1.0,"played":[0.3002,0.6998],"evs":[0.0,0.07126]},"62s":{"weight":1.0,"played":[1.0,0.0],"evs":[0.0,-2.44615]},"63s":{"weight":1.0,"played":[1.0,0.0],"evs":[0.0,-1.79667]},"64s":{"weight":1.0,"played":[1.0,0.0],"evs":[0.0,-1.22936]},"65s":{"weight":1.0,"played":[0.9995,5.0E-4],"evs":[0.0,-0.84089]},"66":{"weight":1.0,"played":[0.0,1.0],"evs":[0.0,2.94568]},"76o":{"weight":1.0,"played":[1.0,0.0],"evs":[0.0,-2.33436]},"86o":{"weight":1.0,"played":[1.0,0.0],"evs":[0.0,-2.48486]},"96o":{"weight":1.0,"played":[1.0,0.0],"evs":[0.0,-2.66909]},"T6o":{"weight":1.0,"played":[1.0,0.0],"evs":[0.0,-2.75141]},"J6o":{"weight":1.0,"played":[1.0,0.0],"evs":[0.0,-2.90314]},"Q6o":{"weight":1.0,"played":[1.0,0.0],"evs":[0.0,-2.55833]},"K6o":{"weight":1.0,"played":[1.0,0.0],"evs":[0.0,-2.08237]},"A6o":{"weight":1.0,"played":[0.9804,0.0196],"evs":[0.0,-0.25249]},"72s":{"weight":1.0,"played":[1.0,0.0],"evs":[0.0,-3.05734]},"73s":{"weight":1.0,"played":[1.0,0.0],"evs":[0.0,-2.31649]},"74s":{"weight":1.0,"played":[1.0,0.0],"evs":[0.0,-1.70869]},"75s":{"weight":1.0,"played":[1.0,0.0],"evs":[0.0,-1.14174]},"76s":{"weight":1.0,"played":[0.9994,6.0E-4],"evs":[0.0,-0.77479]},"77":{"weight":1.0,"played":[0.0,1.0],"evs":[0.0,3.53874]},"87o":{"weight":1.0,"played":[1.0,0.0],"evs":[0.0,-2.14594]},"97o":{"weight":1.0,"played":[1.0,0.0],"evs":[0.0,-2.11778]},"T7o":{"weight":1.0,"played":[1.0,0.0],"evs":[0.0,-2.22771]},"J7o":{"weight":1.0,"played":[1.0,0.0],"evs":[0.0,-2.38893]},"Q7o":{"weight":1.0,"played":[1.0,0.0],"evs":[0.0,-2.59302]},"K7o":{"weight":1.0,"played":[1.0,0.0],"evs":[0.0,-1.95457]},"A7o":{"weight":1.0,"played":[0.2853,0.7147],"evs":[0.0,-0.01944]},"82s":{"weight":1.0,"played":[1.0,0.0],"evs":[0.0,-2.52835]},"83s":{"weight":1.0,"played":[1.0,0.0],"evs":[0.0,-2.44175]},"84s":{"weight":1.0,"played":[1.0,0.0],"evs":[0.0,-1.82631]},"85s":{"weight":1.0,"played":[1.0,0.0],"evs":[0.0,-1.35701]},"86s":{"weight":1.0,"played":[0.9999,1.0E-4],"evs":[0.0,-0.92331]},"87s":{"weight":1.0,"played":[0.9758,0.0242],"evs":[0.0,-0.53243]},"88":{"weight":1.0,"played":[0.0,1.0],"evs":[0.0,5.05974]},"98o":{"weight":1.0,"played":[1.0,0.0],"evs":[0.0,-1.53532]},"T8o":{"weight":1.0,"played":[1.0,0.0],"evs":[0.0,-1.48366]},"J8o":{"weight":1.0,"played":[1.0,0.0],"evs":[0.0,-1.68282]},"Q8o":{"weight":1.0,"played":[1.0,0.0],"evs":[0.0,-1.90098]},"K8o":{"weight":1.0,"played":[1.0,0.0],"evs":[0.0,-1.58774]},"A8o":{"weight":1.0,"played":[0.0,1.0],"evs":[0.0,0.41126]},"92s":{"weight":1.0,"played":[1.0,0.0],"evs":[0.0,-2.20213]},"93s":{"weight":1.0,"played":[1.0,0.0],"evs":[0.0,-1.93694]},"94s":{"weight":1.0,"played":[1.0,0.0],"evs":[0.0,-1.90933]},"95s":{"weight":1.0,"played":[1.0,0.0],"evs":[0.0,-1.41865]},"96s":{"weight":1.0,"played":[1.0,0.0],"evs":[0.0,-1.01992]},"97s":{"weight":1.0,"played":[0.9998,2.0E-4],"evs":[0.0,-0.52969]},"98s":{"weight":1.0,"played":[0.0199,0.9801],"evs":[0.0,-0.00848]},"99":{"weight":1.0,"played":[0.0,1.0],"evs":[0.0,6.90849]},"T9o":{"weight":1.0,"played":[1.0,0.0],"evs":[0.0,-0.61539]},"J9o":{"weight":1.0,"played":[1.0,0.0],"evs":[0.0,-0.80404]},"Q9o":{"weight":1.0,"played":[1.0,0.0],"evs":[0.0,-1.02061]},"K9o":{"weight":1.0,"played":[1.0,0.0],"evs":[0.0,-0.83237]},"A9o":{"weight":1.0,"played":[0.0,1.0],"evs":[0.0,0.90955]},"T2s":{"weight":1.0,"played":[1.0,0.0],"evs":[0.0,-2.00334]},"T3s":{"weight":1.0,"played":[1.0,0.0],"evs":[0.0,-1.64715]},"T4s":{"weight":1.0,"played":[1.0,0.0],"evs":[0.0,-1.61144]},"T5s":{"weight":1.0,"played":[1.0,0.0],"evs":[0.0,-1.56511]},"T6s":{"weight":1.0,"played":[1.0,0.0],"evs":[0.0,-1.16032]},"T7s":{"weight":1.0,"played":[1.0,0.0],"evs":[0.0,-0.68738]},"T8s":{"weight":1.0,"played":[0.0991,0.9009],"evs":[0.0,-0.01455]},"T9s":{"weight":1.0,"played":[7.0E-4,0.9993],"evs":[0.0,0.71223]},"TT":{"weight":1.0,"played":[0.0,1.0],"evs":[0.0,9.49375]},"JTo":{"weight":1.0,"played":[0.7172,0.2828],"evs":[0.0,0.05987]},"QTo":{"weight":1.0,"played":[0.8286,0.1714],"evs":[0.0,-0.00747]},"KTo":{"weight":1.0,"played":[0.1627,0.8373],"evs":[0.0,0.11884]},"ATo":{"weight":1.0,"played":[0.0,1.0],"evs":[0.0,2.59743]},"J2s":{"weight":1.0,"played":[1.0,0.0],"evs":[0.0,-1.75477]},"J3s":{"weight":1.0,"played":[1.0,0.0],"evs":[0.0,-1.49416]},"J4s":{"weight":1.0,"played":[1.0,0.0],"evs":[0.0,-1.34368]},"J5s":{"weight":1.0,"played":[1.0,0.0],"evs":[0.0,-1.25996]},"J6s":{"weight":1.0,"played":[1.0,0.0],"evs":[0.0,-1.26569]},"J7s":{"weight":1.0,"played":[0.9998,2.0E-4],"evs":[0.0,-0.74893]},"J8s":{"weight":1.0,"played":[0.5222,0.4778],"evs":[0.0,-0.0566]},"J9s":{"weight":1.0,"played":[1.0E-4,0.9999],"evs":[0.0,0.7648]},"JTs":{"weight":1.0,"played":[0.0,1.0],"evs":[0.0,1.41693]},"JJ":{"weight":1.0,"played":[0.0,1.0],"evs":[0.0,11.19202]},"QJo":{"weight":1.0,"played":[0.0542,0.9458],"evs":[0.0,0.26638]},"KJo":{"weight":1.0,"played":[0.0,1.0],"evs":[0.0,0.90869]},"AJo":{"weight":1.0,"played":[0.0,1.0],"evs":[0.0,3.9091]},"Q2s":{"weight":1.0,"played":[1.0,0.0],"evs":[0.0,-1.54337]},"Q3s":{"weight":1.0,"played":[1.0,0.0],"evs":[0.0,-1.29187]},"Q4s":{"weight":1.0,"played":[0.9999,1.0E-4],"evs":[0.0,-1.12789]},"Q5s":{"weight":1.0,"played":[1.0,0.0],"evs":[0.0,-1.00215]},"Q6s":{"weight":1.0,"played":[1.0,0.0],"evs":[0.0,-0.96411]},"Q7s":{"weight":1.0,"played":[1.0,0.0],"evs":[0.0,-0.94983]},"Q8s":{"weight":1.0,"played":[0.7561,0.2439],"evs":[0.0,-0.2317]},"Q9s":{"weight":1.0,"played":[5.0E-4,0.9995],"evs":[0.0,0.47201]},"QTs":{"weight":1.0,"played":[0.0,1.0],"evs":[0.0,1.42916]},"QJs":{"weight":1.0,"played":[0.0,1.0],"evs":[0.0,1.61152]},"QQ":{"weight":1.0,"played":[0.0,1.0],"evs":[0.0,12.98459]},"KQo":{"weight":1.0,"played":[0.0,1.0],"evs":[0.0,1.9094]},"AQo":{"weight":1.0,"played":[0.0,1.0],"evs":[0.0,5.81615]},"K2s":{"weight":1.0,"played":[1.0,0.0],"evs":[0.0,-1.08725]},"K3s":{"weight":1.0,"played":[1.0,0.0],"evs":[0.0,-0.81084]},"K4s":{"weight":1.0,"played":[1.0,0.0],"evs":[0.0,-0.79548]},"K5s":{"weight":1.0,"played":[1.0,0.0],"evs":[0.0,-0.5004]},"K6s":{"weight":1.0,"played":[0.9999,1.0E-4],"evs":[0.0,-0.33869]},"K7s":{"weight":1.0,"played":[0.9998,2.0E-4],"evs":[0.0,-0.2797]},"K8s":{"weight":1.0,"played":[0.5378,0.4622],"evs":[0.0,-0.02477]},"K9s":{"weight":1.0,"played":[0.0,1.0],"evs":[0.0,0.73476]},"KTs":{"weight":1.0,"played":[0.0,1.0],"evs":[0.0,1.57156]},"KJs":{"weight":1.0,"played":[0.0,1.0],"evs":[0.0,2.3739]},"KQs":{"weight":1.0,"played":[0.0,1.0],"evs":[0.0,3.13509]},"KK":{"weight":1.0,"played":[0.0,1.0],"evs":[0.0,15.38373]},"AKo":{"weight":1.0,"played":[0.0,1.0],"evs":[0.0,8.21557]},"A2s":{"weight":1.0,"played":[1.0E-4,0.9999],"evs":[0.0,0.93353]},"A3s":{"weight":1.0,"played":[0.0,1.0],"evs":[0.0,1.13993]},"A4s":{"weight":1.0,"played":[0.0,1.0],"evs":[0.0,1.3632]},"A5s":{"weight":1.0,"played":[0.0,1.0],"evs":[0.0,1.45483]},"A6s":{"weight":1.0,"played":[0.0,1.0],"evs":[0.0,1.20697]},"A7s":{"weight":1.0,"played":[0.0,1.0],"evs":[0.0,1.5297]},"A8s":{"weight":1.0,"played":[0.0,1.0],"evs":[0.0,1.92482]},"A9s":{"weight":1.0,"played":[0.0,1.0],"evs":[0.0,2.29294]},"ATs":{"weight":1.0,"played":[0.0,1.0],"evs":[0.0,3.85812]},"AJs":{"weight":1.0,"played":[0.0,1.0],"evs":[0.0,5.01157]},"AQs":{"weight":1.0,"played":[0.0,1.0],"evs":[0.0,6.94059]},"AKs":{"weight":1.0,"played":[0.0,1.0],"evs":[0.0,9.24055]},"AA":{"weight":1.0,"played":[0.0,1.0],"evs":[0.0,18.40538]}}}