{"player":5,"street":0,"children":2,"sequence":[{"player":0,"type":"F","amount":0,"street":0},{"player":1,"type":"F","amount":0,"street":0},{"player":2,"type":"F","amount":0,"street":0},{"player":3,"type":"R","amount":1815000,"street":0},{"player":4,"type":"F","amount":0,"street":0}],"actions":[{"type":"F","amount":0},{"type":"C","amount":895000}],"hands":{"22":{"weight":1.0,"played":[0.0,1.0],"evs":[0.0,0.98418]},"32o":{"weight":1.0,"played":[1.0,0.0],"evs":[0.0,-2.47101]},"42o":{"weight":1.0,"played":[1.0,0.0],"evs":[0.0,-2.26528]},"52o":{"weight":1.0,"played":[1.0,0.0],"evs":[0.0,-2.09703]},"62o":{"weight":1.0,"played":[1.0,0.0],"evs":[0.0,-2.31735]},"72o":{"weight":1.0,"played":[1.0,0.0],"evs":[0.0,-2.23184]},"82o":{"weight":1.0,"played":[1.0,0.0],"evs":[0.0,-1.96257]},"92o":{"weight":1.0,"played":[1.0,0.0],"evs":[0.0,-1.88557]},"T2o":{"weight":1.0,"played":[1.0,0.0],"evs":[0.0,-1.59112]},"J2o":{"weight":1.0,"played":[1.0,0.0],"evs":[0.0,-1.5996]},"Q2o":{"weight":1.0,"played":[1.0,0.0],"evs":[0.0,-1.48738]},"K2o":{"weight":1.0,"played":[1.0,0.0],"evs":[0.0,-0.97154]},"A2o":{"weight":1.0,"played":[0.0,1.0],"evs":[0.0,0.83937]},"32s":{"weight":1.0,"played":[1.0,0.0],"evs":[0.0,-1.793]},"33":{"weight":1.0,"played":[0.0,1.0],"evs":[0.0,1.7518]},"43o":{"weight":1.0,"played":[1.0,0.0],"evs":[0.0,-1.88667]},"53o":{"weight":1.0,"played":[1.0,0.0],"evs":[0.0,-1.75973]},"63o":{"weight":1.0,"played":[1.0,0.0],"evs":[0.0,-1.89243]},"73o":{"weight":1.0,"played":[1.0,0.0],"evs":[0.0,-1.8133]},"83o":{"weight":1.0,"played":[1.0,0.0],"evs":[0.0,-1.79169]},"93o":{"weight":1.0,"played":[1.0,0.0],"evs":[0.0,-1.68304]},"T3o":{"weight":1.0,"played":[1.0,0.0],"evs":[0.0,-1.37018]},"J3o":{"weight":1.0,"played":[1.0,0.0],"evs":[0.0,-1.3717]},"Q3o":{"weight":1.0,"played":[1.0,0.0],"evs":[0.0,-1.27725]},"K3o":{"weight":1.0,"played":[1.0,0.0],"evs":[0.0,-0.71834]},"A3o":{"weight":1.0,"played":[0.0,1.0],"evs":[0.0,1.10247]},"42s":{"weight":1.0,"played":[1.0,0.0],"evs":[0.0,-1.6347]},"43s":{"weight":1.0,"played":[1.0,0.0],"evs":[0.0,-1.24128]},"44":{"weight":1.0,"played":[0.0,1.0],"evs":[0.0,2.41473]},"54o":{"weight":1.0,"played":[1.0,0.0],"evs":[0.0,-1.33523]},"64o":{"weight":1.0,"played":[1.0,0.0],"evs":[0.0,-1.48742]},"74o":{"weight":1.0,"played":[1.0,0.0],"evs":[0.0,-1.4887]},"84o":{"weight":1.0,"played":[1.0,0.0],"evs":[0.0,-1.45935]},"94o":{"weight":1.0,"played":[1.0,0.0],"evs":[0.0,-1.50789]},"T4o":{"weight":1.0,"played":[1.0,0.0],"evs":[0.0,-1.19341]},"J4o":{"weight":1.0,"played":[1.0,0.0],"evs":[0.0,-1.20563]},"Q4o":{"weight":1.0,"played":[1.0,0.0],"evs":[0.0,-1.06607]},"K4o":{"weight":1.0,"played":[1.0,0.0],"evs":[0.0,-0.54889]},"A4o":{"weight":1.0,"played":[0.0,1.0],"evs":[0.0,1.3027]},"52s":{"weight":1.0,"played":[1.0,0.0],"evs":[0.0,-1.46116]},"53s":{"weight":1.0,"played":[1.0,0.0],"evs":[0.0,-1.09564]},"54s":{"weight":1.0,"played":[1.0,0.0],"evs":[0.0,-0.74059]},"55":{"weight":1.0,"played":[0.0,1.0],"evs":[0.0,2.91194]},"65o":{"weight":1.0,"played":[1.0,0.0],"evs":[0.0,-1.15595]},"75o":{"weight":1.0,"played":[1.0,0.0],"evs":[0.0,-1.10614]},"85o":{"weight":1.0,"played":[1.0,0.0],"evs":[0.0,-1.10666]},"95o":{"weight":1.0,"played":[1.0,0.0],"evs":[0.0,-1.18997]},"T5o":{"weight":1.0,"played":[1.0,0.0],"evs":[0.0,-1.07726]},"J5o":{"weight":1.0,"played":[1.0,0.0],"evs":[0.0,-1.07272]},"Q5o":{"weight":1.0,"played":[1.0,0.0],"evs":[0.0,-0.92117]},"K5o":{"weight":1.0,"played":[1.0,0.0],"evs":[0.0,-0.33254]},"A5o":{"weight":1.0,"played":[0.0,1.0],"evs":[0.0,1.54931]},"62s":{"weight":1.0,"played":[1.0,0.0],"evs":[0.0,-1.53498]},"63s":{"weight":1.0,"played":[1.0,0.0],"evs":[0.0,-1.27075]},"64s":{"weight":1.0,"played":[1.0,0.0],"evs":[0.0,-0.95744]},"65s":{"weight":1.0,"played":[1.0,0.0],"evs":[0.0,-0.61599]},"66":{"weight":1.0,"played":[0.0,1.0],"evs":[0.0,3.30886]},"76o":{"weight":1.0,"played":[1.0,0.0],"evs":[0.0,-0.84029]},"86o":{"weight":1.0,"played":[1.0,0.0],"evs":[0.0,-0.7971]},"96o":{"weight":1.0,"played":[1.0,0.0],"evs":[0.0,-0.85485]},"T6o":{"weight":1.0,"played":[1.0,0.0],"evs":[0.0,-0.7784]},"J6o":{"weight":1.0,"played":[1.0,0.0],"evs":[0.0,-0.95153]},"Q6o":{"weight":1.0,"played":[1.0,0.0],"evs":[0.0,-0.71986]},"K6o":{"weight":1.0,"played":[0.9991,9.0E-4],"evs":[0.0,-0.11192]},"A6o":{"weight":1.0,"played":[0.0,1.0],"evs":[0.0,1.87236]},"72s":{"weight":1.0,"played":[1.0,0.0],"evs":[0.0,-1.57355]},"73s":{"weight":1.0,"played":[1.0,0.0],"evs":[0.0,-1.24542]},"74s":{"weight":1.0,"played":[1.0,0.0],"evs":[0.0,-0.83863]},"75s":{"weight":1.0,"played":[1.0,0.0],"evs":[0.0,-0.57006]},"76s":{"weight":1.0,"played":[1.0,0.0],"evs":[0.0,-0.23389]},"77":{"weight":1.0,"played":[0.0,1.0],"evs":[0.0,3.78139]},"87o":{"weight":1.0,"played":[1.0,0.0],"evs":[0.0,-0.4092]},"97o":{"weight":1.0,"played":[1.0,0.0],"evs":[0.0,-0.52275]},"T7o":{"weight":1.0,"played":[1.0,0.0],"evs":[0.0,-0.45897]},"J7o":{"weight":1.0,"played":[1.0,0.0],"evs":[0.0,-0.5954]},"Q7o":{"weight":1.0,"played":[1.0,0.0],"evs":[0.0,-0.51223]},"K7o":{"weight":1.0,"played":[0.0,1.0],"evs":[0.0,0.20067]},"A7o":{"weight":1.0,"played":[0.0,1.0],"evs":[0.0,2.41551]},"82s":{"weight":1.0,"played":[1.0,0.0],"evs":[0.0,-1.28639]},"83s":{"weight":1.0,"played":[1.0,0.0],"evs":[0.0,-1.13955]},"84s":{"weight":1.0,"played":[1.0,0.0],"evs":[0.0,-0.79903]},"85s":{"weight":1.0,"played":[1.0,0.0],"evs":[0.0,-0.53911]},"86s":{"weight":1.0,"played":[0.9993,7.0E-4],"evs":[0.0,-0.20266]},"87s":{"weight":1.0,"played":[0.0039,0.9961],"evs":[0.0,0.12677]},"88":{"weight":1.0,"played":[0.0,1.0],"evs":[0.0,4.06287]},"98o":{"weight":1.0,"played":[1.0,0.0],"evs":[0.0,-0.19856]},"T8o":{"weight":1.0,"played":[0.9999,1.0E-4],"evs":[0.0,-0.1445]},"J8o":{"weight":1.0,"played":[1.0,0.0],"evs":[0.0,-0.24434]},"Q8o":{"weight":1.0,"played":[0.999,0.001],"evs":[0.0,-0.18084]},"K8o":{"weight":1.0,"played":[0.0,1.0],"evs":[0.0,0.29699]},"A8o":{"weight":1.0,"played":[0.0,1.0],"evs":[0.0,2.91094]},"92s":{"weight":1.0,"played":[1.0,0.0],"evs":[0.0,-1.22328]},"93s":{"weight":1.0,"played":[1.0,0.0],"evs":[0.0,-0.99075]},"94s":{"weight":1.0,"played":[1.0,0.0],"evs":[0.0,-0.86733]},"95s":{"weight":1.0,"played":[1.0,0.0],"evs":[0.0,-0.57541]},"96s":{"weight":1.0,"played":[0.9996,4.0E-4],"evs":[0.0,-0.27172]},"97s":{"weight":1.0,"played":[0.0382,0.9618],"evs":[0.0,0.02115]},"98s":{"weight":1.0,"played":[1.0E-4,0.9999],"evs":[0.0,0.27513]},"99":{"weight":1.0,"played":[0.0,1.0],"evs":[0.0,4.49238]},"T9o":{"weight":1.0,"played":[0.0,1.0],"evs":[0.0,0.13372]},"J9o":{"weight":1.0,"played":[0.5555,0.4445],"evs":[0.0,-0.01678]},"Q9o":{"weight":1.0,"played":[0.0627,0.9373],"evs":[0.0,0.09771]},"K9o":{"weight":1.0,"played":[0.0,1.0],"evs":[0.0,0.77212]},"A9o":{"weight":1.0,"played":[0.0,1.0],"evs":[0.0,3.59776]},"T2s":{"weight":1.0,"played":[1.0,0.0],"evs":[0.0,-0.95043]},"T3s":{"weight":1.0,"played":[1.0,0.0],"evs":[0.0,-0.76799]},"T4s":{"weight":1.0,"played":[1.0,0.0],"evs":[0.0,-0.51724]},"T5s":{"weight":1.0,"played":[1.0,0.0],"evs":[0.0,-0.54998]},"T6s":{"weight":1.0,"played":[1.0,0.0],"evs":[0.0,-0.17914]},"T7s":{"weight":1.0,"played":[7.0E-4,0.9993],"evs":[0.0,0.10307]},"T8s":{"weight":1.0,"played":[1.0E-4,0.9999],"evs":[0.0,0.42557]},"T9s":{"weight":1.0,"played":[0.0,1.0],"evs":[0.0,0.64224]},"TT":{"weight":1.0,"played":[0.0,1.0],"evs":[0.0,4.67207]},"JTo":{"weight":1.0,"played":[0.0,1.0],"evs":[0.0,0.53323]},"QTo":{"weight":1.0,"played":[0.0,1.0],"evs":[0.0,0.6511]},"KTo":{"weight":1.0,"played":[0.0,1.0],"evs":[0.0,1.3938]},"ATo":{"weight":1.0,"played":[0.0,1.0],"evs":[0.0,4.09331]},"J2s":{"weight":1.0,"played":[1.0,0.0],"evs":[0.0,-1.00727]},"J3s":{"weight":1.0,"played":[1.0,0.0],"evs":[0.0,-0.77949]},"J4s":{"weight":1.0,"played":[1.0,0.0],"evs":[0.0,-0.61451]},"J5s":{"weight":1.0,"played":[1.0,0.0],"evs":[0.0,-0.52689]},"J6s":{"weight":1.0,"played":[0.9997,3.0E-4],"evs":[0.0,-0.37768]},"J7s":{"weight":1.0,"played":[0.9253,0.0747],"evs":[0.0,-0.06916]},"J8s":{"weight":1.0,"played":[0.0,1.0],"evs":[0.0,0.26713]},"J9s":{"weight":1.0,"played":[0.0,1.0],"evs":[0.0,0.46952]},"JTs":{"weight":1.0,"played":[0.0,1.0],"evs":[0.0,1.04279]},"JJ":{"weight":1.0,"played":[0.0,1.0],"evs":[0.0,4.71261]},"QJo":{"weight":1.0,"played":[0.0,1.0],"evs":[0.0,0.73233]},"KJo":{"weight":1.0,"played":[0.0,1.0],"evs":[0.0,1.48047]},"AJo":{"weight":1.0,"played":[0.0,1.0],"evs":[0.0,4.2351]},"Q2s":{"weight":1.0,"played":[1.0,0.0],"evs":[0.0,-0.81592]},"Q3s":{"weight":1.0,"played":[1.0,0.0],"evs":[0.0,-0.6505]},"Q4s":{"weight":1.0,"played":[1.0,0.0],"evs":[0.0,-0.45779]},"Q5s":{"weight":1.0,"played":[0.9996,4.0E-4],"evs":[0.0,-0.30946]},"Q6s":{"weight":1.0,"played":[0.9999,1.0E-4],"evs":[0.0,-0.13528]},"Q7s":{"weight":1.0,"played":[0.0881,0.9119],"evs":[0.0,-1.7E-4]},"Q8s":{"weight":1.0,"played":[0.0,1.0],"evs":[0.0,0.40651]},"Q9s":{"weight":1.0,"played":[0.0,1.0],"evs":[0.0,0.58285]},"QTs":{"weight":1.0,"played":[0.0,1.0],"evs":[0.0,1.14425]},"QJs":{"weight":1.0,"played":[0.0,1.0],"evs":[0.0,1.15355]},"QQ":{"weight":1.0,"played":[0.0,1.0],"evs":[0.0,4.91203]},"KQo":{"weight":1.0,"played":[0.0,1.0],"evs":[0.0,1.53072]},"AQo":{"weight":1.0,"played":[0.0,1.0],"evs":[0.0,4.46505]},"K2s":{"weight":1.0,"played":[0.9999,1.0E-4],"evs":[0.0,-0.28978]},"K3s":{"weight":1.0,"played":[0.9999,1.0E-4],"evs":[0.0,-0.11931]},"K4s":{"weight":1.0,"played":[0.3222,0.6778],"evs":[0.0,-0.02439]},"K5s":{"weight":1.0,"played":[1.0E-4,0.9999],"evs":[0.0,0.24661]},"K6s":{"weight":1.0,"played":[0.0,1.0],"evs":[0.0,0.47769]},"K7s":{"weight":1.0,"played":[0.0,1.0],"evs":[0.0,0.72583]},"K8s":{"weight":1.0,"played":[0.0,1.0],"evs":[0.0,0.86421]},"K9s":{"weight":1.0,"played":[0.0,1.0],"evs":[0.0,1.28509]},"KTs":{"weight":1.0,"played":[0.0,1.0],"evs":[0.0,1.85596]},"KJs":{"weight":1.0,"played":[0.0,1.0],"evs":[0.0,1.87037]},"KQs":{"weight":1.0,"played":[0.0,1.0],"evs":[0.0,1.97604]},"KK":{"weight":1.0,"played":[0.0,1.0],"evs":[0.0,5.47282]},"AKo":{"weight":1.0,"played":[0.0,1.0],"evs":[0.0,4.88274]},"A2s":{"weight":1.0,"played":[0.0,1.0],"evs":[0.0,1.36163]},"A3s":{"weight":1.0,"played":[0.0,1.0],"evs":[0.0,1.64521]},"A4s":{"weight":1.0,"played":[0.0,1.0],"evs":[0.0,1.76431]},"A5s":{"weight":1.0,"played":[0.0,1.0],"evs":[0.0,2.02702]},"A6s":{"weight":1.0,"played":[0.0,1.0],"evs":[0.0,2.28633]},"A7s":{"weight":1.0,"played":[0.0,1.0],"evs":[0.0,2.76346]},"A8s":{"weight":1.0,"played":[0.0,1.0],"evs":[0.0,3.26322]},"A9s":{"weight":1.0,"played":[0.0,1.0],"evs":[0.0,3.96664]},"ATs":{"weight":1.0,"played":[0.0,1.0],"evs":[0.0,4.35751]},"AJs":{"weight":1.0,"played":[0.0,1.0],"evs":[0.0,4.51088]},"AQs":{"weight":1.0,"played":[0.0,1.0],"evs":[0.0,4.71323]},"AKs":{"weight":1.0,"played":[0.0,1.0],"evs":[0.0,5.08344]},"AA":{"weight":1.0,"played":[0.0,1.0],"evs":[0.0,7.77385]}}}