{"player":4,"street":0,"children":2,"sequence":[{"player":0,"type":"R","amount":165000,"street":0},{"player":1,"type":"F","amount":0,"street":0},{"player":2,"type":"R","amount":412500,"street":0},{"player":3,"type":"R","amount":2885000,"street":0}],"actions":[{"type":"F","amount":0,"node":213},{"type":"C","amount":1765000,"node":216}],"hands":{"22":{"weight":1.0,"played":[0.9939,0.0061],"evs":[0.0,-0.61171]},"32o":{"weight":1.0,"played":[1.0,0.0],"evs":[0.0,-4.59763]},"42o":{"weight":1.0,"played":[1.0,0.0],"evs":[0.0,-4.4263]},"52o":{"weight":1.0,"played":[1.0,0.0],"evs":[0.0,-4.17935]},"62o":{"weight":1.0,"played":[1.0,0.0],"evs":[0.0,-4.84052]},"72o":{"weight":1.0,"played":[1.0,0.0],"evs":[0.0,-5.25665]},"82o":{"weight":1.0,"played":[1.0,0.0],"evs":[0.0,-5.22113]},"92o":{"weight":1.0,"played":[1.0,0.0],"evs":[0.0,-4.91569]},"T2o":{"weight":1.0,"played":[1.0,0.0],"evs":[0.0,-4.88747]},"J2o":{"weight":1.0,"played":[1.0,0.0],"evs":[0.0,-4.62775]},"Q2o":{"weight":1.0,"played":[1.0,0.0],"evs":[0.0,-4.27994]},"K2o":{"weight":1.0,"played":[1.0,0.0],"evs":[0.0,-3.98218]},"A2o":{"weight":1.0,"played":[1.0,0.0],"evs":[0.0,-2.55807]},"32s":{"weight":1.0,"played":[1.0,0.0],"evs":[0.0,-2.81154]},"33":{"weight":1.0,"played":[0.0,1.0],"evs":[0.0,0.29921]},"43o":{"weight":1.0,"played":[1.0,0.0],"evs":[0.0,-3.32326]},"53o":{"weight":1.0,"played":[1.0,0.0],"evs":[0.0,-3.31903]},"63o":{"weight":1.0,"played":[1.0,0.0],"evs":[0.0,-3.88039]},"73o":{"weight":1.0,"played":[1.0,0.0],"evs":[0.0,-4.47333]},"83o":{"weight":1.0,"played":[1.0,0.0],"evs":[0.0,-4.94679]},"93o":{"weight":1.0,"played":[1.0,0.0],"evs":[0.0,-4.60359]},"T3o":{"weight":1.0,"played":[1.0,0.0],"evs":[0.0,-4.45123]},"J3o":{"weight":1.0,"played":[1.0,0.0],"evs":[0.0,-4.10107]},"Q3o":{"weight":1.0,"played":[1.0,0.0],"evs":[0.0,-3.92924]},"K3o":{"weight":1.0,"played":[1.0,0.0],"evs":[0.0,-3.62757]},"A3o":{"weight":1.0,"played":[1.0,0.0],"evs":[0.0,-2.20915]},"42s":{"weight":1.0,"played":[1.0,0.0],"evs":[0.0,-2.5592]},"43s":{"weight":1.0,"played":[0.9999,1.0E-4],"evs":[0.0,-1.87031]},"44":{"weight":1.0,"played":[2.0E-4,0.9998],"evs":[0.0,0.73667]},"54o":{"weight":1.0,"played":[1.0,0.0],"evs":[0.0,-2.59401]},"64o":{"weight":1.0,"played":[1.0,0.0],"evs":[0.0,-3.00435]},"74o":{"weight":1.0,"played":[1.0,0.0],"evs":[0.0,-3.71339]},"84o":{"weight":1.0,"played":[1.0,0.0],"evs":[0.0,-4.18204]},"94o":{"weight":1.0,"played":[1.0,0.0],"evs":[0.0,-4.5296]},"T4o":{"weight":1.0,"played":[1.0,0.0],"evs":[0.0,-4.26622]},"J4o":{"weight":1.0,"played":[1.0,0.0],"evs":[0.0,-4.03359]},"Q4o":{"weight":1.0,"played":[1.0,0.0],"evs":[0.0,-3.62448]},"K4o":{"weight":1.0,"played":[1.0,0.0],"evs":[0.0,-3.43066]},"A4o":{"weight":1.0,"played":[1.0,0.0],"evs":[0.0,-1.99622]},"52s":{"weight":1.0,"played":[1.0,0.0],"evs":[0.0,-2.65685]},"53s":{"weight":1.0,"played":[0.9998,2.0E-4],"evs":[0.0,-1.59742]},"54s":{"weight":1.0,"played":[1.0,0.0],"evs":[0.0,-0.82349]},"55":{"weight":1.0,"played":[0.0,1.0],"evs":[0.0,1.32708]},"65o":{"weight":1.0,"played":[1.0,0.0],"evs":[0.0,-2.525]},"75o":{"weight":1.0,"played":[1.0,0.0],"evs":[0.0,-3.07319]},"85o":{"weight":1.0,"played":[1.0,0.0],"evs":[0.0,-3.5254]},"95o":{"weight":1.0,"played":[1.0,0.0],"evs":[0.0,-3.98776]},"T5o":{"weight":1.0,"played":[1.0,0.0],"evs":[0.0,-4.22837]},"J5o":{"weight":1.0,"played":[1.0,0.0],"evs":[0.0,-3.88323]},"Q5o":{"weight":1.0,"played":[1.0,0.0],"evs":[0.0,-3.5898]},"K5o":{"weight":1.0,"played":[1.0,0.0],"evs":[0.0,-3.23356]},"A5o":{"weight":1.0,"played":[1.0,0.0],"evs":[0.0,-1.78893]},"62s":{"weight":1.0,"played":[1.0,0.0],"evs":[0.0,-2.85569]},"63s":{"weight":1.0,"played":[1.0,0.0],"evs":[0.0,-2.16597]},"64s":{"weight":1.0,"played":[1.0,0.0],"evs":[0.0,-1.45758]},"65s":{"weight":1.0,"played":[0.9996,4.0E-4],"evs":[0.0,-1.14098]},"66":{"weight":1.0,"played":[0.0,1.0],"evs":[0.0,1.88183]},"76o":{"weight":1.0,"played":[1.0,0.0],"evs":[0.0,-2.65348]},"86o":{"weight":1.0,"played":[1.0,0.0],"evs":[0.0,-3.05336]},"96o":{"weight":1.0,"played":[1.0,0.0],"evs":[0.0,-3.31778]},"T6o":{"weight":1.0,"played":[1.0,0.0],"evs":[0.0,-3.55148]},"J6o":{"weight":1.0,"played":[1.0,0.0],"evs":[0.0,-3.80765]},"Q6o":{"weight":1.0,"played":[1.0,0.0],"evs":[0.0,-3.40864]},"K6o":{"weight":1.0,"played":[1.0,0.0],"evs":[0.0,-3.10278]},"A6o":{"weight":1.0,"played":[1.0,0.0],"evs":[0.0,-2.10003]},"72s":{"weight":1.0,"played":[1.0,0.0],"evs":[0.0,-3.51082]},"73s":{"weight":1.0,"played":[1.0,0.0],"evs":[0.0,-2.65221]},"74s":{"weight":1.0,"played":[1.0,0.0],"evs":[0.0,-2.1931]},"75s":{"weight":1.0,"played":[1.0,0.0],"evs":[0.0,-1.41772]},"76s":{"weight":1.0,"played":[0.9944,0.0056],"evs":[0.0,-1.03332]},"77":{"weight":1.0,"played":[0.0,1.0],"evs":[0.0,2.63194]},"87o":{"weight":1.0,"played":[1.0,0.0],"evs":[0.0,-2.53296]},"97o":{"weight":1.0,"played":[1.0,0.0],"evs":[0.0,-2.88618]},"T7o":{"weight":1.0,"played":[1.0,0.0],"evs":[0.0,-3.18769]},"J7o":{"weight":1.0,"played":[1.0,0.0],"evs":[0.0,-3.40129]},"Q7o":{"weight":1.0,"played":[1.0,0.0],"evs":[0.0,-3.67661]},"K7o":{"weight":1.0,"played":[1.0,0.0],"evs":[0.0,-3.08069]},"A7o":{"weight":1.0,"played":[1.0,0.0],"evs":[0.0,-1.85504]},"82s":{"weight":1.0,"played":[1.0,0.0],"evs":[0.0,-3.56052]},"83s":{"weight":1.0,"played":[1.0,0.0],"evs":[0.0,-3.07976]},"84s":{"weight":1.0,"played":[1.0,0.0],"evs":[0.0,-2.48083]},"85s":{"weight":1.0,"played":[1.0,0.0],"evs":[0.0,-1.95588]},"86s":{"weight":1.0,"played":[0.9996,4.0E-4],"evs":[0.0,-1.45477]},"87s":{"weight":1.0,"played":[0.994,0.006],"evs":[0.0,-0.86532]},"88":{"weight":1.0,"played":[0.0,1.0],"evs":[0.0,3.88138]},"98o":{"weight":1.0,"played":[1.0,0.0],"evs":[0.0,-2.40223]},"T8o":{"weight":1.0,"played":[1.0,0.0],"evs":[0.0,-2.48829]},"J8o":{"weight":1.0,"played":[1.0,0.0],"evs":[0.0,-2.76874]},"Q8o":{"weight":1.0,"played":[1.0,0.0],"evs":[0.0,-2.92334]},"K8o":{"weight":1.0,"played":[1.0,0.0],"evs":[0.0,-3.06744]},"A8o":{"weight":1.0,"played":[1.0,0.0],"evs":[0.0,-1.12787]},"92s":{"weight":1.0,"played":[1.0,0.0],"evs":[0.0,-2.91094]},"93s":{"weight":1.0,"played":[1.0,0.0],"evs":[0.0,-3.1021]},"94s":{"weight":1.0,"played":[1.0,0.0],"evs":[0.0,-2.67565]},"95s":{"weight":1.0,"played":[1.0,0.0],"evs":[0.0,-2.0241]},"96s":{"weight":1.0,"played":[0.9999,1.0E-4],"evs":[0.0,-1.61936]},"97s":{"weight":1.0,"played":[0.9981,0.0019],"evs":[0.0,-1.25341]},"98s":{"weight":1.0,"played":[0.98,0.02],"evs":[0.0,-0.62629]},"99":{"weight":1.0,"played":[0.0,1.0],"evs":[0.0,5.36917]},"T9o":{"weight":1.0,"played":[1.0,0.0],"evs":[0.0,-1.70016]},"J9o":{"weight":1.0,"played":[1.0,0.0],"evs":[0.0,-2.00503]},"Q9o":{"weight":1.0,"played":[1.0,0.0],"evs":[0.0,-2.05348]},"K9o":{"weight":1.0,"played":[1.0,0.0],"evs":[0.0,-2.15395]},"A9o":{"weight":1.0,"played":[0.995,0.005],"evs":[0.0,-0.41231]},"T2s":{"weight":1.0,"played":[1.0,0.0],"evs":[0.0,-2.88278]},"T3s":{"weight":1.0,"played":[1.0,0.0],"evs":[0.0,-2.60479]},"T4s":{"weight":1.0,"played":[1.0,0.0],"evs":[0.0,-2.61101]},"T5s":{"weight":1.0,"played":[1.0,0.0],"evs":[0.0,-2.40446]},"T6s":{"weight":1.0,"played":[1.0,0.0],"evs":[0.0,-1.79254]},"T7s":{"weight":1.0,"played":[1.0,0.0],"evs":[0.0,-1.4367]},"T8s":{"weight":1.0,"played":[0.9979,0.0021],"evs":[0.0,-0.67152]},"T9s":{"weight":1.0,"played":[0.6851,0.3149],"evs":[0.0,-0.07053]},"TT":{"weight":1.0,"played":[0.0,1.0],"evs":[0.0,7.65637]},"JTo":{"weight":1.0,"played":[0.9999,1.0E-4],"evs":[0.0,-1.16482]},"QTo":{"weight":1.0,"played":[1.0,0.0],"evs":[0.0,-1.08594]},"KTo":{"weight":1.0,"played":[0.9976,0.0024],"evs":[0.0,-1.14869]},"ATo":{"weight":1.0,"played":[0.0,1.0],"evs":[0.0,1.14365]},"J2s":{"weight":1.0,"played":[1.0,0.0],"evs":[0.0,-2.71912]},"J3s":{"weight":1.0,"played":[1.0,0.0],"evs":[0.0,-2.33887]},"J4s":{"weight":1.0,"played":[1.0,0.0],"evs":[0.0,-2.17911]},"J5s":{"weight":1.0,"played":[1.0,0.0],"evs":[0.0,-2.15556]},"J6s":{"weight":1.0,"played":[1.0,0.0],"evs":[0.0,-2.10058]},"J7s":{"weight":1.0,"played":[0.999,0.001],"evs":[0.0,-1.5272]},"J8s":{"weight":1.0,"played":[0.9875,0.0125],"evs":[0.0,-1.21393]},"J9s":{"weight":1.0,"played":[0.8274,0.1726],"evs":[0.0,-0.20704]},"JTs":{"weight":1.0,"played":[0.0,1.0],"evs":[0.0,0.58179]},"JJ":{"weight":1.0,"played":[0.0,1.0],"evs":[0.0,9.5188]},"QJo":{"weight":1.0,"played":[0.9997,3.0E-4],"evs":[0.0,-0.74991]},"KJo":{"weight":1.0,"played":[0.9437,0.0563],"evs":[0.0,-0.25338]},"AJo":{"weight":1.0,"played":[0.0,1.0],"evs":[0.0,2.59492]},"Q2s":{"weight":1.0,"played":[1.0,0.0],"evs":[0.0,-2.48168]},"Q3s":{"weight":1.0,"played":[1.0,0.0],"evs":[0.0,-2.30162]},"Q4s":{"weight":1.0,"played":[1.0,0.0],"evs":[0.0,-1.77738]},"Q5s":{"weight":1.0,"played":[1.0,0.0],"evs":[0.0,-1.93465]},"Q6s":{"weight":1.0,"played":[0.9996,4.0E-4],"evs":[0.0,-1.68397]},"Q7s":{"weight":1.0,"played":[0.9996,4.0E-4],"evs":[0.0,-1.71363]},"Q8s":{"weight":1.0,"played":[0.9975,0.0025],"evs":[0.0,-1.22108]},"Q9s":{"weight":1.0,"played":[0.9837,0.0163],"evs":[0.0,-0.41294]},"QTs":{"weight":1.0,"played":[1.0E-4,0.9999],"evs":[0.0,0.58713]},"QJs":{"weight":1.0,"played":[0.0,1.0],"evs":[0.0,0.82568]},"QQ":{"weight":1.0,"played":[0.0,1.0],"evs":[0.0,12.07146]},"KQo":{"weight":1.0,"played":[0.0,1.0],"evs":[0.0,0.54332]},"AQo":{"weight":1.0,"played":[0.0,1.0],"evs":[0.0,4.06117]},"K2s":{"weight":1.0,"played":[0.9999,1.0E-4],"evs":[0.0,-2.13308]},"K3s":{"weight":1.0,"played":[1.0,0.0],"evs":[0.0,-1.82008]},"K4s":{"weight":1.0,"played":[1.0,0.0],"evs":[0.0,-1.6249]},"K5s":{"weight":1.0,"played":[0.9999,1.0E-4],"evs":[0.0,-1.33934]},"K6s":{"weight":1.0,"played":[0.9999,1.0E-4],"evs":[0.0,-1.18466]},"K7s":{"weight":1.0,"played":[1.0,0.0],"evs":[0.0,-1.40786]},"K8s":{"weight":1.0,"played":[0.9997,3.0E-4],"evs":[0.0,-1.06851]},"K9s":{"weight":1.0,"played":[0.7189,0.2811],"evs":[0.0,-0.28154]},"KTs":{"weight":1.0,"played":[0.0,1.0],"evs":[0.0,0.58816]},"KJs":{"weight":1.0,"played":[0.0,1.0],"evs":[0.0,1.34954]},"KQs":{"weight":1.0,"played":[0.0,1.0],"evs":[0.0,1.97442]},"KK":{"weight":1.0,"played":[0.0,1.0],"evs":[0.0,14.67882]},"AKo":{"weight":1.0,"played":[0.0,1.0],"evs":[0.0,5.79176]},"A2s":{"weight":1.0,"played":[1.0,0.0],"evs":[0.0,-0.90435]},"A3s":{"weight":1.0,"played":[0.9996,4.0E-4],"evs":[0.0,-0.5181]},"A4s":{"weight":1.0,"played":[0.9667,0.0333],"evs":[0.0,-0.31736]},"A5s":{"weight":1.0,"played":[0.2395,0.7605],"evs":[0.0,0.04275]},"A6s":{"weight":1.0,"played":[0.9638,0.0362],"evs":[0.0,-0.55544]},"A7s":{"weight":1.0,"played":[0.9299,0.0701],"evs":[0.0,-0.18076]},"A8s":{"weight":1.0,"played":[0.0,1.0],"evs":[0.0,0.62343]},"A9s":{"weight":1.0,"played":[0.0,1.0],"evs":[0.0,1.22166]},"ATs":{"weight":1.0,"played":[0.0,1.0],"evs":[0.0,2.95078]},"AJs":{"weight":1.0,"played":[0.0,1.0],"evs":[0.0,3.87835]},"AQs":{"weight":1.0,"played":[0.0,1.0],"evs":[0.0,5.5508]},"AKs":{"weight":1.0,"played":[0.0,1.0],"evs":[0.0,7.12239]},"AA":{"weight":1.0,"played":[0.0,1.0],"evs":[0.0,19.41806]}}}