{"player":2,"street":0,"children":2,"sequence":[{"player":0,"type":"R","amount":165000,"street":0},{"player":1,"type":"F","amount":0,"street":0},{"player":2,"type":"R","amount":412500,"street":0},{"player":3,"type":"R","amount":2885000,"street":0},{"player":4,"type":"F","amount":0,"street":0},{"player":5,"type":"F","amount":0,"street":0}],"actions":[{"type":"F","amount":0},{"type":"C","amount":2472500}],"hands":{"22":{"weight":0.0,"played":[0.0,1.0],"evs":[0.0,0.44303]},"32o":{"weight":0.0,"played":[1.0,0.0],"evs":[0.0,-6.38612]},"42o":{"weight":0.0,"played":[1.0,0.0],"evs":[0.0,-6.00088]},"52o":{"weight":0.0,"played":[1.0,0.0],"evs":[0.0,-5.76496]},"62o":{"weight":0.0,"played":[1.0,0.0],"evs":[0.0,-6.27733]},"72o":{"weight":0.0,"played":[1.0,0.0],"evs":[0.0,-6.7801]},"82o":{"weight":0.0,"played":[1.0,0.0],"evs":[0.0,-6.48959]},"92o":{"weight":0.0,"played":[1.0,0.0],"evs":[0.0,-6.31826]},"T2o":{"weight":0.0,"played":[1.0,0.0],"evs":[0.0,-5.91835]},"J2o":{"weight":0.0,"played":[1.0,0.0],"evs":[0.0,-5.47254]},"Q2o":{"weight":0.0,"played":[1.0,0.0],"evs":[0.0,-4.62735]},"K2o":{"weight":0.0,"played":[1.0,0.0],"evs":[0.0,-3.69016]},"A2o":{"weight":0.4475,"played":[1.0,0.0],"evs":[0.0,-0.60032]},"32s":{"weight":0.0,"played":[1.0,0.0],"evs":[0.0,-4.48262]},"33":{"weight":0.0,"played":[0.0,1.0],"evs":[0.0,1.50362]},"43o":{"weight":0.0,"played":[1.0,0.0],"evs":[0.0,-5.1795]},"53o":{"weight":0.0,"played":[1.0,0.0],"evs":[0.0,-4.90855]},"63o":{"weight":0.0,"played":[1.0,0.0],"evs":[0.0,-5.35035]},"73o":{"weight":0.0,"played":[1.0,0.0],"evs":[0.0,-5.89221]},"83o":{"weight":0.0,"played":[1.0,0.0],"evs":[0.0,-6.3167]},"93o":{"weight":0.0,"played":[1.0,0.0],"evs":[0.0,-5.92358]},"T3o":{"weight":0.0,"played":[1.0,0.0],"evs":[0.0,-5.55805]},"J3o":{"weight":0.0,"played":[1.0,0.0],"evs":[0.0,-5.22119]},"Q3o":{"weight":0.0,"played":[1.0,0.0],"evs":[0.0,-4.35011]},"K3o":{"weight":0.0,"played":[1.0,0.0],"evs":[0.0,-3.25098]},"A3o":{"weight":0.0071,"played":[0.9999,1.0E-4],"evs":[0.0,-0.26264]},"42s":{"weight":0.0,"played":[1.0,0.0],"evs":[0.0,-4.0552]},"43s":{"weight":0.0,"played":[1.0,0.0],"evs":[0.0,-3.53653]},"44":{"weight":1.0E-4,"played":[0.0,1.0],"evs":[0.0,2.44412]},"54o":{"weight":0.0,"played":[1.0,0.0],"evs":[0.0,-4.12696]},"64o":{"weight":0.0,"played":[1.0,0.0],"evs":[0.0,-4.48843]},"74o":{"weight":0.0,"played":[1.0,0.0],"evs":[0.0,-5.1075]},"84o":{"weight":0.0,"played":[1.0,0.0],"evs":[0.0,-5.47768]},"94o":{"weight":0.0,"played":[1.0,0.0],"evs":[0.0,-5.7766]},"T4o":{"weight":0.0,"played":[1.0,0.0],"evs":[0.0,-5.26701]},"J4o":{"weight":0.0,"played":[1.0,0.0],"evs":[0.0,-4.8842]},"Q4o":{"weight":0.0,"played":[1.0,0.0],"evs":[0.0,-4.10146]},"K4o":{"weight":0.0,"played":[1.0,0.0],"evs":[0.0,-3.02838]},"A4o":{"weight":0.0,"played":[0.621,0.379],"evs":[0.0,0.00445]},"52s":{"weight":0.0,"played":[1.0,0.0],"evs":[0.0,-3.89088]},"53s":{"weight":0.0,"played":[1.0,0.0],"evs":[0.0,-3.17498]},"54s":{"weight":0.0,"played":[1.0,0.0],"evs":[0.0,-2.31888]},"55":{"weight":2.0E-4,"played":[0.0,1.0],"evs":[0.0,3.54474]},"65o":{"weight":0.0,"played":[1.0,0.0],"evs":[0.0,-3.83023]},"75o":{"weight":0.0,"played":[1.0,0.0],"evs":[0.0,-4.30574]},"85o":{"weight":0.0,"played":[1.0,0.0],"evs":[0.0,-4.72449]},"95o":{"weight":0.0,"played":[1.0,0.0],"evs":[0.0,-5.06979]},"T5o":{"weight":0.0,"played":[1.0,0.0],"evs":[0.0,-5.22219]},"J5o":{"weight":0.0,"played":[1.0,0.0],"evs":[0.0,-4.66002]},"Q5o":{"weight":0.0,"played":[1.0,0.0],"evs":[0.0,-3.87405]},"K5o":{"weight":0.0,"played":[1.0,0.0],"evs":[0.0,-2.89115]},"A5o":{"weight":0.0012,"played":[0.0,1.0],"evs":[0.0,0.39634]},"62s":{"weight":0.0,"played":[1.0,0.0],"evs":[0.0,-4.19705]},"63s":{"weight":0.0,"played":[1.0,0.0],"evs":[0.0,-3.60161]},"64s":{"weight":0.0,"played":[1.0,0.0],"evs":[0.0,-2.74772]},"65s":{"weight":0.0,"played":[1.0,0.0],"evs":[0.0,-2.13154]},"66":{"weight":0.0142,"played":[0.0,1.0],"evs":[0.0,4.30502]},"76o":{"weight":0.0,"played":[1.0,0.0],"evs":[0.0,-3.50786]},"86o":{"weight":0.0,"played":[1.0,0.0],"evs":[0.0,-3.86846]},"96o":{"weight":0.0,"played":[1.0,0.0],"evs":[0.0,-4.22315]},"T6o":{"weight":0.0,"played":[1.0,0.0],"evs":[0.0,-4.31564]},"J6o":{"weight":0.0,"played":[1.0,0.0],"evs":[0.0,-4.44955]},"Q6o":{"weight":0.0,"played":[1.0,0.0],"evs":[0.0,-3.46648]},"K6o":{"weight":0.0,"played":[1.0,0.0],"evs":[0.0,-2.38794]},"A6o":{"weight":0.1184,"played":[0.0,1.0],"evs":[0.0,0.38129]},"72s":{"weight":0.0,"played":[1.0,0.0],"evs":[0.0,-4.77146]},"73s":{"weight":0.0,"played":[1.0,0.0],"evs":[0.0,-4.02896]},"74s":{"weight":0.0,"played":[1.0,0.0],"evs":[0.0,-3.21526]},"75s":{"weight":0.0,"played":[1.0,0.0],"evs":[0.0,-2.61149]},"76s":{"weight":1.0E-4,"played":[1.0,0.0],"evs":[0.0,-1.61157]},"77":{"weight":0.2518,"played":[0.0,1.0],"evs":[0.0,5.17408]},"87o":{"weight":0.0,"played":[1.0,0.0],"evs":[0.0,-3.43415]},"97o":{"weight":0.0,"played":[1.0,0.0],"evs":[0.0,-3.62365]},"T7o":{"weight":0.0,"played":[1.0,0.0],"evs":[0.0,-3.76516]},"J7o":{"weight":0.0,"played":[1.0,0.0],"evs":[0.0,-3.97367]},"Q7o":{"weight":0.0,"played":[1.0,0.0],"evs":[0.0,-3.56665]},"K7o":{"weight":0.1402,"played":[1.0,0.0],"evs":[0.0,-2.42264]},"A7o":{"weight":4.0E-4,"played":[0.0,1.0],"evs":[0.0,0.96533]},"82s":{"weight":0.0,"played":[1.0,0.0],"evs":[0.0,-4.68677]},"83s":{"weight":0.0,"played":[1.0,0.0],"evs":[0.0,-4.41045]},"84s":{"weight":0.0,"played":[1.0,0.0],"evs":[0.0,-3.63044]},"85s":{"weight":0.0,"played":[1.0,0.0],"evs":[0.0,-2.79775]},"86s":{"weight":0.0,"played":[1.0,0.0],"evs":[0.0,-2.13858]},"87s":{"weight":0.0,"played":[1.0,0.0],"evs":[0.0,-1.55915]},"88":{"weight":0.6855,"played":[0.0,1.0],"evs":[0.0,6.57619]},"98o":{"weight":2.0E-4,"played":[1.0,0.0],"evs":[0.0,-3.04553]},"T8o":{"weight":0.0,"played":[1.0,0.0],"evs":[0.0,-3.0398]},"J8o":{"weight":0.0,"played":[1.0,0.0],"evs":[0.0,-3.14932]},"Q8o":{"weight":0.0,"played":[1.0,0.0],"evs":[0.0,-2.8012]},"K8o":{"weight":0.2189,"played":[1.0,0.0],"evs":[0.0,-2.23864]},"A8o":{"weight":0.0027,"played":[0.0,1.0],"evs":[0.0,2.00781]},"92s":{"weight":0.0,"played":[1.0,0.0],"evs":[0.0,-4.29179]},"93s":{"weight":0.0,"played":[1.0,0.0],"evs":[0.0,-3.9719]},"94s":{"weight":0.0,"played":[1.0,0.0],"evs":[0.0,-3.75699]},"95s":{"weight":0.0,"played":[1.0,0.0],"evs":[0.0,-3.08482]},"96s":{"weight":8.0E-4,"played":[1.0,0.0],"evs":[0.0,-2.38579]},"97s":{"weight":0.0,"played":[1.0,0.0],"evs":[0.0,-1.93651]},"98s":{"weight":0.0021,"played":[0.9998,2.0E-4],"evs":[0.0,-1.23337]},"99":{"weight":0.6407,"played":[0.0,1.0],"evs":[0.0,8.12827]},"T9o":{"weight":0.285,"played":[1.0,0.0],"evs":[0.0,-2.1731]},"J9o":{"weight":0.2249,"played":[1.0,0.0],"evs":[0.0,-2.26347]},"Q9o":{"weight":9.0E-4,"played":[1.0,0.0],"evs":[0.0,-1.89076]},"K9o":{"weight":0.3119,"played":[1.0,0.0],"evs":[0.0,-1.13176]},"A9o":{"weight":1.0E-4,"played":[0.0,1.0],"evs":[0.0,3.34466]},"T2s":{"weight":0.0,"played":[1.0,0.0],"evs":[0.0,-3.95937]},"T3s":{"weight":0.0,"played":[1.0,0.0],"evs":[0.0,-3.74382]},"T4s":{"weight":0.0,"played":[1.0,0.0],"evs":[0.0,-3.49672]},"T5s":{"weight":0.0,"played":[1.0,0.0],"evs":[0.0,-3.20277]},"T6s":{"weight":0.0021,"played":[1.0,0.0],"evs":[0.0,-2.5676]},"T7s":{"weight":0.0454,"played":[1.0,0.0],"evs":[0.0,-2.02973]},"T8s":{"weight":0.162,"played":[1.0,0.0],"evs":[0.0,-1.3225]},"T9s":{"weight":0.0,"played":[0.9882,0.0118],"evs":[0.0,-0.52428]},"TT":{"weight":0.6899,"played":[0.0,1.0],"evs":[0.0,10.36859]},"JTo":{"weight":0.0751,"played":[1.0,0.0],"evs":[0.0,-1.01658]},"QTo":{"weight":0.0804,"played":[0.9999,1.0E-4],"evs":[0.0,-0.6324]},"KTo":{"weight":0.0078,"played":[0.0,1.0],"evs":[0.0,0.51006]},"ATo":{"weight":0.3631,"played":[0.0,1.0],"evs":[0.0,5.65338]},"J2s":{"weight":0.0,"played":[1.0,0.0],"evs":[0.0,-3.51802]},"J3s":{"weight":0.0,"played":[1.0,0.0],"evs":[0.0,-3.35773]},"J4s":{"weight":0.0,"played":[1.0,0.0],"evs":[0.0,-3.05195]},"J5s":{"weight":4.0E-4,"played":[1.0,0.0],"evs":[0.0,-2.83275]},"J6s":{"weight":0.0,"played":[1.0,0.0],"evs":[0.0,-2.64551]},"J7s":{"weight":0.9996,"played":[1.0,0.0],"evs":[0.0,-2.0747]},"J8s":{"weight":0.5266,"played":[0.9999,1.0E-4],"evs":[0.0,-1.30891]},"J9s":{"weight":0.0014,"played":[0.9966,0.0034],"evs":[0.0,-0.63022]},"JTs":{"weight":4.0E-4,"played":[0.0,1.0],"evs":[0.0,0.60924]},"JJ":{"weight":0.0,"played":[0.0,1.0],"evs":[0.0,12.39665]},"QJo":{"weight":8.0E-4,"played":[0.0,1.0],"evs":[0.0,0.27414]},"KJo":{"weight":0.332,"played":[0.0,1.0],"evs":[0.0,1.65338]},"AJo":{"weight":0.1059,"played":[0.0,1.0],"evs":[0.0,7.17109]},"Q2s":{"weight":0.0,"played":[1.0,0.0],"evs":[0.0,-2.72982]},"Q3s":{"weight":0.0,"played":[1.0,0.0],"evs":[0.0,-2.533]},"Q4s":{"weight":0.0,"played":[1.0,0.0],"evs":[0.0,-2.10917]},"Q5s":{"weight":0.0718,"played":[1.0,0.0],"evs":[0.0,-1.9586]},"Q6s":{"weight":0.6004,"played":[1.0,0.0],"evs":[0.0,-1.52083]},"Q7s":{"weight":9.0E-4,"played":[1.0,0.0],"evs":[0.0,-1.64733]},"Q8s":{"weight":0.7389,"played":[1.0,0.0],"evs":[0.0,-1.05362]},"Q9s":{"weight":0.0013,"played":[0.9528,0.0472],"evs":[0.0,-0.218]},"QTs":{"weight":0.0015,"played":[0.0,1.0],"evs":[0.0,1.03972]},"QJs":{"weight":3.0E-4,"played":[0.0,1.0],"evs":[0.0,1.77742]},"QQ":{"weight":0.0,"played":[0.0,1.0],"evs":[0.0,14.6805]},"KQo":{"weight":0.3744,"played":[0.0,1.0],"evs":[0.0,2.93401]},"AQo":{"weight":0.8001,"played":[0.0,1.0],"evs":[0.0,8.66775]},"K2s":{"weight":0.001,"played":[0.9999,1.0E-4],"evs":[0.0,-1.76474]},"K3s":{"weight":0.0093,"played":[1.0,0.0],"evs":[0.0,-1.59843]},"K4s":{"weight":0.0891,"played":[1.0,0.0],"evs":[0.0,-1.21186]},"K5s":{"weight":0.8636,"played":[1.0,0.0],"evs":[0.0,-1.07428]},"K6s":{"weight":0.653,"played":[0.9999,1.0E-4],"evs":[0.0,-0.58297]},"K7s":{"weight":0.1865,"played":[0.9998,2.0E-4],"evs":[0.0,-0.68562]},"K8s":{"weight":2.0E-4,"played":[0.9999,1.0E-4],"evs":[0.0,-0.44803]},"K9s":{"weight":0.0,"played":[0.0,1.0],"evs":[0.0,0.38085]},"KTs":{"weight":1.0E-4,"played":[0.0,1.0],"evs":[0.0,2.01447]},"KJs":{"weight":0.0532,"played":[0.0,1.0],"evs":[0.0,3.23466]},"KQs":{"weight":0.3297,"played":[0.0,1.0],"evs":[0.0,4.27568]},"KK":{"weight":0.0,"played":[0.0,1.0],"evs":[0.0,17.13081]},"AKo":{"weight":0.5549,"played":[0.0,1.0],"evs":[0.0,10.27793]},"A2s":{"weight":0.0,"played":[0.0,1.0],"evs":[0.0,1.21234]},"A3s":{"weight":3.0E-4,"played":[0.0,1.0],"evs":[0.0,1.37622]},"A4s":{"weight":0.0016,"played":[0.0,1.0],"evs":[0.0,1.65227]},"A5s":{"weight":0.0013,"played":[0.0,1.0],"evs":[0.0,2.07981]},"A6s":{"weight":6.0E-4,"played":[0.0,1.0],"evs":[0.0,1.97307]},"A7s":{"weight":0.0011,"played":[0.0,1.0],"evs":[0.0,2.51107]},"A8s":{"weight":0.072,"played":[0.0,1.0],"evs":[0.0,3.62621]},"A9s":{"weight":0.0267,"played":[0.0,1.0],"evs":[0.0,4.82284]},"ATs":{"weight":0.3081,"played":[0.0,1.0],"evs":[0.0,6.97536]},"AJs":{"weight":0.5078,"played":[0.0,1.0],"evs":[0.0,8.23254]},"AQs":{"weight":0.0504,"played":[0.0,1.0],"evs":[0.0,9.80372]},"AKs":{"weight":0.0171,"played":[0.0,1.0],"evs":[0.0,11.31567]},"AA":{"weight":0.0,"played":[0.0,1.0],"evs":[0.0,22.26106]}}}