{"player":2,"street":0,"children":2,"sequence":[{"player":0,"type":"R","amount":165000,"street":0},{"player":1,"type":"F","amount":0,"street":0},{"player":2,"type":"R","amount":412500,"street":0},{"player":3,"type":"R","amount":2885000,"street":0},{"player":4,"type":"F","amount":0,"street":0},{"player":5,"type":"C","amount":895000,"street":0}],"actions":[{"type":"F","amount":0},{"type":"C","amount":2472500}],"hands":{"22":{"weight":0.0,"played":[0.0,1.0],"evs":[0.0,1.56401]},"32o":{"weight":0.0,"played":[1.0,0.0],"evs":[0.0,-5.0723]},"42o":{"weight":0.0,"played":[1.0,0.0],"evs":[0.0,-4.71453]},"52o":{"weight":0.0,"played":[1.0,0.0],"evs":[0.0,-4.4541]},"62o":{"weight":0.0,"played":[1.0,0.0],"evs":[0.0,-4.8864]},"72o":{"weight":0.0,"played":[1.0,0.0],"evs":[0.0,-5.85065]},"82o":{"weight":0.0,"played":[1.0,0.0],"evs":[0.0,-5.4675]},"92o":{"weight":0.0,"played":[1.0,0.0],"evs":[0.0,-5.40143]},"T2o":{"weight":0.0,"played":[1.0,0.0],"evs":[0.0,-5.19095]},"J2o":{"weight":0.0,"played":[1.0,0.0],"evs":[0.0,-4.75279]},"Q2o":{"weight":0.0,"played":[1.0,0.0],"evs":[0.0,-3.82756]},"K2o":{"weight":0.0,"played":[1.0,0.0],"evs":[0.0,-2.88533]},"A2o":{"weight":0.4475,"played":[0.9926,0.0074],"evs":[0.0,-0.3333]},"32s":{"weight":0.0,"played":[1.0,0.0],"evs":[0.0,-2.83231]},"33":{"weight":0.0,"played":[0.0,1.0],"evs":[0.0,2.66877]},"43o":{"weight":0.0,"played":[1.0,0.0],"evs":[0.0,-3.70075]},"53o":{"weight":0.0,"played":[1.0,0.0],"evs":[0.0,-3.39368]},"63o":{"weight":0.0,"played":[1.0,0.0],"evs":[0.0,-3.8156]},"73o":{"weight":0.0,"played":[1.0,0.0],"evs":[0.0,-4.63719]},"83o":{"weight":0.0,"played":[1.0,0.0],"evs":[0.0,-5.30977]},"93o":{"weight":0.0,"played":[1.0,0.0],"evs":[0.0,-5.02989]},"T3o":{"weight":0.0,"played":[1.0,0.0],"evs":[0.0,-4.84956]},"J3o":{"weight":0.0,"played":[1.0,0.0],"evs":[0.0,-4.29787]},"Q3o":{"weight":0.0,"played":[1.0,0.0],"evs":[0.0,-3.48301]},"K3o":{"weight":0.0,"played":[1.0,0.0],"evs":[0.0,-2.58913]},"A3o":{"weight":0.0071,"played":[0.0837,0.9163],"evs":[0.0,0.067]},"42s":{"weight":0.0,"played":[1.0,0.0],"evs":[0.0,-2.46794]},"43s":{"weight":0.0,"played":[1.0,0.0],"evs":[0.0,-1.60914]},"44":{"weight":1.0E-4,"played":[0.0,1.0],"evs":[0.0,3.76601]},"54o":{"weight":0.0,"played":[1.0,0.0],"evs":[0.0,-2.57659]},"64o":{"weight":0.0,"played":[1.0,0.0],"evs":[0.0,-2.89263]},"74o":{"weight":0.0,"played":[1.0,0.0],"evs":[0.0,-3.71336]},"84o":{"weight":0.0,"played":[1.0,0.0],"evs":[0.0,-4.35376]},"94o":{"weight":0.0,"played":[1.0,0.0],"evs":[0.0,-4.90359]},"T4o":{"weight":0.0,"played":[1.0,0.0],"evs":[0.0,-4.58403]},"J4o":{"weight":0.0,"played":[1.0,0.0],"evs":[0.0,-4.06972]},"Q4o":{"weight":0.0,"played":[1.0,0.0],"evs":[0.0,-3.17897]},"K4o":{"weight":0.0,"played":[1.0,0.0],"evs":[0.0,-2.15563]},"A4o":{"weight":0.0,"played":[0.0,1.0],"evs":[0.0,0.5009]},"52s":{"weight":0.0,"played":[1.0,0.0],"evs":[0.0,-2.08604]},"53s":{"weight":0.0,"played":[1.0,0.0],"evs":[0.0,-1.2023]},"54s":{"weight":0.0,"played":[0.8246,0.1754],"evs":[0.0,-0.34258]},"55":{"weight":2.0E-4,"played":[0.0,1.0],"evs":[0.0,5.02295]},"65o":{"weight":0.0,"played":[1.0,0.0],"evs":[0.0,-2.10119]},"75o":{"weight":0.0,"played":[1.0,0.0],"evs":[0.0,-2.95032]},"85o":{"weight":0.0,"played":[1.0,0.0],"evs":[0.0,-3.50982]},"95o":{"weight":0.0,"played":[1.0,0.0],"evs":[0.0,-4.01721]},"T5o":{"weight":0.0,"played":[1.0,0.0],"evs":[0.0,-4.52101]},"J5o":{"weight":0.0,"played":[1.0,0.0],"evs":[0.0,-3.88307]},"Q5o":{"weight":0.0,"played":[1.0,0.0],"evs":[0.0,-2.89612]},"K5o":{"weight":0.0,"played":[1.0,0.0],"evs":[0.0,-1.99129]},"A5o":{"weight":0.0012,"played":[0.0,1.0],"evs":[0.0,0.92692]},"62s":{"weight":0.0,"played":[1.0,0.0],"evs":[0.0,-2.72053]},"63s":{"weight":0.0,"played":[1.0,0.0],"evs":[0.0,-1.55095]},"64s":{"weight":0.0,"played":[1.0,0.0],"evs":[0.0,-0.61403]},"65s":{"weight":0.0,"played":[0.189,0.811],"evs":[0.0,0.0637]},"66":{"weight":0.0142,"played":[0.0,1.0],"evs":[0.0,6.23094]},"76o":{"weight":0.0,"played":[1.0,0.0],"evs":[0.0,-1.81107]},"86o":{"weight":0.0,"played":[1.0,0.0],"evs":[0.0,-2.30401]},"96o":{"weight":0.0,"played":[1.0,0.0],"evs":[0.0,-2.94264]},"T6o":{"weight":0.0,"played":[1.0,0.0],"evs":[0.0,-3.31812]},"J6o":{"weight":0.0,"played":[1.0,0.0],"evs":[0.0,-3.4576]},"Q6o":{"weight":0.0,"played":[1.0,0.0],"evs":[0.0,-2.44005]},"K6o":{"weight":0.0,"played":[1.0,0.0],"evs":[0.0,-1.38854]},"A6o":{"weight":0.1184,"played":[0.0,1.0],"evs":[0.0,0.68662]},"72s":{"weight":0.0,"played":[1.0,0.0],"evs":[0.0,-3.35964]},"73s":{"weight":0.0,"played":[1.0,0.0],"evs":[0.0,-2.5241]},"74s":{"weight":0.0,"played":[1.0,0.0],"evs":[0.0,-1.63419]},"75s":{"weight":0.0,"played":[1.0,0.0],"evs":[0.0,-0.69025]},"76s":{"weight":1.0E-4,"played":[0.005,0.995],"evs":[0.0,0.2829]},"77":{"weight":0.2518,"played":[0.0,1.0],"evs":[0.0,7.05921]},"87o":{"weight":0.0,"played":[1.0,0.0],"evs":[0.0,-1.84483]},"97o":{"weight":0.0,"played":[1.0,0.0],"evs":[0.0,-2.32647]},"T7o":{"weight":0.0,"played":[1.0,0.0],"evs":[0.0,-2.66382]},"J7o":{"weight":0.0,"played":[1.0,0.0],"evs":[0.0,-3.01645]},"Q7o":{"weight":0.0,"played":[1.0,0.0],"evs":[0.0,-2.51793]},"K7o":{"weight":0.1402,"played":[1.0,0.0],"evs":[0.0,-1.39363]},"A7o":{"weight":4.0E-4,"played":[0.0,1.0],"evs":[0.0,1.19497]},"82s":{"weight":0.0,"played":[1.0,0.0],"evs":[0.0,-2.70615]},"83s":{"weight":0.0,"played":[1.0,0.0],"evs":[0.0,-3.03457]},"84s":{"weight":0.0,"played":[0.9999,1.0E-4],"evs":[0.0,-2.1498]},"85s":{"weight":0.0,"played":[0.9999,1.0E-4],"evs":[0.0,-1.22591]},"86s":{"weight":0.0,"played":[0.9984,0.0016],"evs":[0.0,-0.26858]},"87s":{"weight":0.0,"played":[0.0165,0.9835],"evs":[0.0,0.36025]},"88":{"weight":0.6855,"played":[0.0,1.0],"evs":[0.0,8.64788]},"98o":{"weight":2.0E-4,"played":[0.9999,1.0E-4],"evs":[0.0,-1.64836]},"T8o":{"weight":0.0,"played":[1.0,0.0],"evs":[0.0,-1.87899]},"J8o":{"weight":0.0,"played":[1.0,0.0],"evs":[0.0,-2.01879]},"Q8o":{"weight":0.0,"played":[0.9999,1.0E-4],"evs":[0.0,-1.79845]},"K8o":{"weight":0.2189,"played":[1.0,0.0],"evs":[0.0,-1.18843]},"A8o":{"weight":0.0027,"played":[0.0,1.0],"evs":[0.0,2.32348]},"92s":{"weight":0.0,"played":[1.0,0.0],"evs":[0.0,-3.03088]},"93s":{"weight":0.0,"played":[1.0,0.0],"evs":[0.0,-2.7536]},"94s":{"weight":0.0,"played":[1.0,0.0],"evs":[0.0,-2.52134]},"95s":{"weight":0.0,"played":[1.0,0.0],"evs":[0.0,-1.74296]},"96s":{"weight":8.0E-4,"played":[0.9963,0.0037],"evs":[0.0,-0.65881]},"97s":{"weight":0.0,"played":[0.9457,0.0543],"evs":[0.0,-0.00452]},"98s":{"weight":0.0021,"played":[9.0E-4,0.9991],"evs":[0.0,0.67558]},"99":{"weight":0.6407,"played":[0.0,1.0],"evs":[0.0,10.55518]},"T9o":{"weight":0.285,"played":[1.0,0.0],"evs":[0.0,-1.08683]},"J9o":{"weight":0.2249,"played":[1.0,0.0],"evs":[0.0,-1.07797]},"Q9o":{"weight":9.0E-4,"played":[0.9996,4.0E-4],"evs":[0.0,-0.84761]},"K9o":{"weight":0.3119,"played":[0.9957,0.0043],"evs":[0.0,-0.10389]},"A9o":{"weight":1.0E-4,"played":[0.0,1.0],"evs":[0.0,3.70958]},"T2s":{"weight":0.0,"played":[1.0,0.0],"evs":[0.0,-2.62786]},"T3s":{"weight":0.0,"played":[1.0,0.0],"evs":[0.0,-2.47549]},"T4s":{"weight":0.0,"played":[1.0,0.0],"evs":[0.0,-2.13184]},"T5s":{"weight":0.0,"played":[1.0,0.0],"evs":[0.0,-2.13436]},"T6s":{"weight":0.0021,"played":[0.9973,0.0027],"evs":[0.0,-0.8952]},"T7s":{"weight":0.0454,"played":[0.9783,0.0217],"evs":[0.0,-0.54827]},"T8s":{"weight":0.162,"played":[0.0041,0.9959],"evs":[0.0,0.34272]},"T9s":{"weight":0.0,"played":[1.0E-4,0.9999],"evs":[0.0,1.20224]},"TT":{"weight":0.6899,"played":[0.0,1.0],"evs":[0.0,13.12673]},"JTo":{"weight":0.0751,"played":[0.0,1.0],"evs":[0.0,0.17574]},"QTo":{"weight":0.0804,"played":[0.0,1.0],"evs":[0.0,0.62499]},"KTo":{"weight":0.0078,"played":[0.0,1.0],"evs":[0.0,1.51117]},"ATo":{"weight":0.3631,"played":[0.0,1.0],"evs":[0.0,6.07798]},"J2s":{"weight":0.0,"played":[1.0,0.0],"evs":[0.0,-2.14778]},"J3s":{"weight":0.0,"played":[1.0,0.0],"evs":[0.0,-1.90909]},"J4s":{"weight":0.0,"played":[0.9999,1.0E-4],"evs":[0.0,-1.7428]},"J5s":{"weight":4.0E-4,"played":[1.0,0.0],"evs":[0.0,-1.7201]},"J6s":{"weight":0.0,"played":[0.9999,1.0E-4],"evs":[0.0,-1.08232]},"J7s":{"weight":0.9996,"played":[0.9993,7.0E-4],"evs":[0.0,-0.63206]},"J8s":{"weight":0.5266,"played":[0.0,1.0],"evs":[0.0,0.21047]},"J9s":{"weight":0.0014,"played":[0.0,1.0],"evs":[0.0,1.18215]},"JTs":{"weight":4.0E-4,"played":[0.0,1.0],"evs":[0.0,2.44442]},"JJ":{"weight":0.0,"played":[0.0,1.0],"evs":[0.0,16.10356]},"QJo":{"weight":8.0E-4,"played":[0.0,1.0],"evs":[0.0,1.56042]},"KJo":{"weight":0.332,"played":[0.0,1.0],"evs":[0.0,2.88982]},"AJo":{"weight":0.1059,"played":[0.0,1.0],"evs":[0.0,7.87577]},"Q2s":{"weight":0.0,"played":[1.0,0.0],"evs":[0.0,-1.52854]},"Q3s":{"weight":0.0,"played":[0.9997,3.0E-4],"evs":[0.0,-1.08303]},"Q4s":{"weight":0.0,"played":[1.0,0.0],"evs":[0.0,-0.84548]},"Q5s":{"weight":0.0718,"played":[0.996,0.004],"evs":[0.0,-0.45234]},"Q6s":{"weight":0.6004,"played":[0.9986,0.0014],"evs":[0.0,-0.2632]},"Q7s":{"weight":9.0E-4,"played":[0.9987,0.0013],"evs":[0.0,-0.32429]},"Q8s":{"weight":0.7389,"played":[3.0E-4,0.9997],"evs":[0.0,0.53509]},"Q9s":{"weight":0.0013,"played":[0.0,1.0],"evs":[0.0,1.7544]},"QTs":{"weight":0.0015,"played":[0.0,1.0],"evs":[0.0,2.65386]},"QJs":{"weight":3.0E-4,"played":[0.0,1.0],"evs":[0.0,3.47567]},"QQ":{"weight":0.0,"played":[0.0,1.0],"evs":[0.0,18.95113]},"KQo":{"weight":0.3744,"played":[0.0,1.0],"evs":[0.0,4.30983]},"AQo":{"weight":0.8001,"played":[0.0,1.0],"evs":[0.0,9.67137]},"K2s":{"weight":0.001,"played":[0.9999,1.0E-4],"evs":[0.0,-0.24452]},"K3s":{"weight":0.0093,"played":[0.9384,0.0616],"evs":[0.0,-0.16254]},"K4s":{"weight":0.0891,"played":[4.0E-4,0.9996],"evs":[0.0,0.23041]},"K5s":{"weight":0.8636,"played":[1.0E-4,0.9999],"evs":[0.0,0.34766]},"K6s":{"weight":0.653,"played":[0.0,1.0],"evs":[0.0,0.96941]},"K7s":{"weight":0.1865,"played":[2.0E-4,0.9998],"evs":[0.0,0.68853]},"K8s":{"weight":2.0E-4,"played":[1.0E-4,0.9999],"evs":[0.0,1.03072]},"K9s":{"weight":0.0,"played":[0.0,1.0],"evs":[0.0,2.2054]},"KTs":{"weight":1.0E-4,"played":[0.0,1.0],"evs":[0.0,3.63022]},"KJs":{"weight":0.0532,"played":[0.0,1.0],"evs":[0.0,5.22526]},"KQs":{"weight":0.3297,"played":[0.0,1.0],"evs":[0.0,6.26312]},"KK":{"weight":0.0,"played":[0.0,1.0],"evs":[0.0,22.01193]},"AKo":{"weight":0.5549,"played":[0.0,1.0],"evs":[0.0,11.44748]},"A2s":{"weight":0.0,"played":[0.0,1.0],"evs":[0.0,2.02931]},"A3s":{"weight":3.0E-4,"played":[0.0,1.0],"evs":[0.0,2.28031]},"A4s":{"weight":0.0016,"played":[0.0,1.0],"evs":[0.0,2.58849]},"A5s":{"weight":0.0013,"played":[0.0,1.0],"evs":[0.0,3.24123]},"A6s":{"weight":6.0E-4,"played":[0.0,1.0],"evs":[0.0,2.865]},"A7s":{"weight":0.0011,"played":[0.0,1.0],"evs":[0.0,3.46147]},"A8s":{"weight":0.072,"played":[0.0,1.0],"evs":[0.0,4.4437]},"A9s":{"weight":0.0267,"played":[0.0,1.0],"evs":[0.0,5.88648]},"ATs":{"weight":0.3081,"played":[0.0,1.0],"evs":[0.0,8.09056]},"AJs":{"weight":0.5078,"played":[0.0,1.0],"evs":[0.0,9.86404]},"AQs":{"weight":0.0504,"played":[0.0,1.0],"evs":[0.0,11.30827]},"AKs":{"weight":0.0171,"played":[0.0,1.0],"evs":[0.0,12.98288]},"AA":{"weight":0.0,"played":[0.0,1.0],"evs":[0.0,28.19963]}}}