{"player":3,"street":0,"children":2,"sequence":[{"player":0,"type":"R","amount":165000,"street":0},{"player":1,"type":"C","amount":165000,"street":0},{"player":2,"type":"F","amount":0,"street":0},{"player":3,"type":"C","amount":165000,"street":0},{"player":4,"type":"F","amount":0,"street":0},{"player":5,"type":"R","amount":995000,"street":0},{"player":1,"type":"C","amount":820000,"street":0}],"actions":[{"type":"F","amount":0},{"type":"C","amount":830000}],"hands":{"22":{"weight":0.0121,"played":[0.0,1.0],"evs":[0.0,2.9012]},"32o":{"weight":2.0E-4,"played":[0.3802,0.6198],"evs":[0.0,0.01887]},"42o":{"weight":0.0,"played":[0.3845,0.6155],"evs":[0.0,-0.10872]},"52o":{"weight":0.0,"played":[0.3462,0.6538],"evs":[0.0,0.00957]},"62o":{"weight":0.0,"played":[0.8721,0.1279],"evs":[0.0,-0.30855]},"72o":{"weight":0.0,"played":[0.966,0.034],"evs":[0.0,-1.11258]},"82o":{"weight":0.0,"played":[0.9624,0.0376],"evs":[0.0,-0.91622]},"92o":{"weight":0.0,"played":[0.9093,0.0907],"evs":[0.0,-0.0925]},"T2o":{"weight":0.0,"played":[0.0575,0.9425],"evs":[0.0,0.15028]},"J2o":{"weight":0.0,"played":[0.0021,0.9979],"evs":[0.0,0.5456]},"Q2o":{"weight":2.0E-4,"played":[0.0,1.0],"evs":[0.0,0.93584]},"K2o":{"weight":0.0489,"played":[0.0,1.0],"evs":[0.0,1.35893]},"A2o":{"weight":0.0095,"played":[0.0,1.0],"evs":[0.0,2.90162]},"32s":{"weight":0.0,"played":[0.0054,0.9946],"evs":[0.0,1.33228]},"33":{"weight":0.0184,"played":[0.0,1.0],"evs":[0.0,4.45257]},"43o":{"weight":0.0,"played":[0.0034,0.9966],"evs":[0.0,1.01852]},"53o":{"weight":0.0,"played":[1.0E-4,0.9999],"evs":[0.0,1.38447]},"63o":{"weight":7.0E-4,"played":[0.0,1.0],"evs":[0.0,1.07279]},"73o":{"weight":0.0,"played":[0.0318,0.9682],"evs":[0.0,0.28936]},"83o":{"weight":0.0,"played":[0.7893,0.2107],"evs":[0.0,-0.0864]},"93o":{"weight":0.0,"played":[5.0E-4,0.9995],"evs":[0.0,0.87754]},"T3o":{"weight":0.0,"played":[0.0022,0.9978],"evs":[0.0,0.96163]},"J3o":{"weight":0.0,"played":[5.0E-4,0.9995],"evs":[0.0,1.66078]},"Q3o":{"weight":0.3707,"played":[0.0,1.0],"evs":[0.0,1.89505]},"K3o":{"weight":0.712,"played":[0.0,1.0],"evs":[0.0,2.50452]},"A3o":{"weight":0.0034,"played":[0.0,1.0],"evs":[0.0,3.39123]},"42s":{"weight":0.0087,"played":[0.0,1.0],"evs":[0.0,1.05734]},"43s":{"weight":0.9771,"played":[0.0,1.0],"evs":[0.0,2.12503]},"44":{"weight":0.0029,"played":[0.0,1.0],"evs":[0.0,4.49747]},"54o":{"weight":0.9391,"played":[0.0,1.0],"evs":[0.0,2.01931]},"64o":{"weight":0.0021,"played":[0.0,1.0],"evs":[0.0,1.81985]},"74o":{"weight":0.0013,"played":[0.0,1.0],"evs":[0.0,0.86056]},"84o":{"weight":2.0E-4,"played":[1.0E-4,0.9999],"evs":[0.0,0.65821]},"94o":{"weight":0.0,"played":[0.0038,0.9962],"evs":[0.0,0.8815]},"T4o":{"weight":1.0E-4,"played":[0.0,1.0],"evs":[0.0,1.44671]},"J4o":{"weight":3.0E-4,"played":[0.0,1.0],"evs":[0.0,1.60213]},"Q4o":{"weight":0.1008,"played":[0.0,1.0],"evs":[0.0,2.27072]},"K4o":{"weight":0.3522,"played":[0.0,1.0],"evs":[0.0,2.85066]},"A4o":{"weight":0.0062,"played":[0.0,1.0],"evs":[0.0,3.92692]},"52s":{"weight":0.0026,"played":[3.0E-4,0.9997],"evs":[0.0,1.95136]},"53s":{"weight":0.9893,"played":[1.0E-4,0.9999],"evs":[0.0,2.55333]},"54s":{"weight":0.9763,"played":[0.0,1.0],"evs":[0.0,3.07397]},"55":{"weight":3.0E-4,"played":[0.0,1.0],"evs":[0.0,5.49954]},"65o":{"weight":0.6632,"played":[0.0,1.0],"evs":[0.0,1.97002]},"75o":{"weight":0.0251,"played":[0.0,1.0],"evs":[0.0,2.07254]},"85o":{"weight":0.0,"played":[0.0,1.0],"evs":[0.0,1.17976]},"95o":{"weight":0.0,"played":[3.0E-4,0.9997],"evs":[0.0,1.66805]},"T5o":{"weight":3.0E-4,"played":[0.0,1.0],"evs":[0.0,1.33597]},"J5o":{"weight":0.5194,"played":[0.0,1.0],"evs":[0.0,2.16086]},"Q5o":{"weight":0.8421,"played":[0.0,1.0],"evs":[0.0,2.25873]},"K5o":{"weight":0.5031,"played":[0.0,1.0],"evs":[0.0,2.64882]},"A5o":{"weight":0.0316,"played":[0.0,1.0],"evs":[0.0,3.65043]},"62s":{"weight":0.002,"played":[0.0,1.0],"evs":[0.0,0.55957]},"63s":{"weight":0.8642,"played":[0.0,1.0],"evs":[0.0,1.90764]},"64s":{"weight":0.9926,"played":[0.0,1.0],"evs":[0.0,3.16813]},"65s":{"weight":0.9958,"played":[0.0,1.0],"evs":[0.0,3.27373]},"66":{"weight":0.0019,"played":[0.0,1.0],"evs":[0.0,5.69115]},"76o":{"weight":0.8914,"played":[0.0,1.0],"evs":[0.0,1.79014]},"86o":{"weight":0.1029,"played":[0.0,1.0],"evs":[0.0,2.00443]},"96o":{"weight":0.0098,"played":[0.0,1.0],"evs":[0.0,1.70048]},"T6o":{"weight":5.0E-4,"played":[0.0,1.0],"evs":[0.0,1.92109]},"J6o":{"weight":0.0788,"played":[0.0,1.0],"evs":[0.0,2.03154]},"Q6o":{"weight":0.8629,"played":[0.0,1.0],"evs":[0.0,2.43284]},"K6o":{"weight":0.7889,"played":[0.0,1.0],"evs":[0.0,3.36669]},"A6o":{"weight":0.0264,"played":[0.0,1.0],"evs":[0.0,3.98704]},"72s":{"weight":1.0E-4,"played":[0.048,0.952],"evs":[0.0,0.73002]},"73s":{"weight":0.0183,"played":[8.0E-4,0.9992],"evs":[0.0,1.31956]},"74s":{"weight":0.8931,"played":[0.0,1.0],"evs":[0.0,2.56245]},"75s":{"weight":0.9886,"played":[1.0E-4,0.9999],"evs":[0.0,2.72959]},"76s":{"weight":0.9902,"played":[0.0,1.0],"evs":[0.0,3.39315]},"77":{"weight":0.0085,"played":[0.0,1.0],"evs":[0.0,6.36437]},"87o":{"weight":0.5689,"played":[0.0,1.0],"evs":[0.0,1.74887]},"97o":{"weight":0.018,"played":[0.0,1.0],"evs":[0.0,2.15039]},"T7o":{"weight":0.0851,"played":[0.0,1.0],"evs":[0.0,2.16927]},"J7o":{"weight":0.0099,"played":[0.0,1.0],"evs":[0.0,2.35868]},"Q7o":{"weight":0.5836,"played":[0.0,1.0],"evs":[0.0,2.36603]},"K7o":{"weight":0.0528,"played":[0.0,1.0],"evs":[0.0,3.0477]},"A7o":{"weight":0.0,"played":[0.0,1.0],"evs":[0.0,4.52977]},"82s":{"weight":0.0,"played":[0.0127,0.9873],"evs":[0.0,0.36642]},"83s":{"weight":0.0012,"played":[2.0E-4,0.9998],"evs":[0.0,0.74367]},"84s":{"weight":0.9701,"played":[3.0E-4,0.9997],"evs":[0.0,1.86355]},"85s":{"weight":0.9984,"played":[0.0,1.0],"evs":[0.0,2.94257]},"86s":{"weight":0.9964,"played":[0.0,1.0],"evs":[0.0,2.56453]},"87s":{"weight":0.9531,"played":[4.0E-4,0.9996],"evs":[0.0,3.35943]},"88":{"weight":0.0095,"played":[0.0,1.0],"evs":[0.0,7.67928]},"98o":{"weight":0.1342,"played":[0.0,1.0],"evs":[0.0,2.38831]},"T8o":{"weight":0.0202,"played":[0.0,1.0],"evs":[0.0,2.62821]},"J8o":{"weight":0.014,"played":[0.0,1.0],"evs":[0.0,2.42459]},"Q8o":{"weight":0.0551,"played":[0.0,1.0],"evs":[0.0,2.94957]},"K8o":{"weight":0.3621,"played":[0.0,1.0],"evs":[0.0,3.3703]},"A8o":{"weight":5.0E-4,"played":[0.0,1.0],"evs":[0.0,4.49255]},"92s":{"weight":2.0E-4,"played":[1.0E-4,0.9999],"evs":[0.0,0.99143]},"93s":{"weight":0.2066,"played":[0.0026,0.9974],"evs":[0.0,2.2649]},"94s":{"weight":0.0519,"played":[0.0,1.0],"evs":[0.0,1.94516]},"95s":{"weight":0.0595,"played":[0.0034,0.9966],"evs":[0.0,3.14341]},"96s":{"weight":0.1049,"played":[1.0E-4,0.9999],"evs":[0.0,2.94998]},"97s":{"weight":0.3189,"played":[0.0,1.0],"evs":[0.0,3.14415]},"98s":{"weight":0.0709,"played":[0.0,1.0],"evs":[0.0,4.10353]},"99":{"weight":8.0E-4,"played":[0.0,1.0],"evs":[0.0,8.57451]},"T9o":{"weight":0.0315,"played":[0.0,1.0],"evs":[0.0,3.32558]},"J9o":{"weight":0.1023,"played":[0.0,1.0],"evs":[0.0,3.57548]},"Q9o":{"weight":0.1305,"played":[0.0,1.0],"evs":[0.0,3.86678]},"K9o":{"weight":0.3902,"played":[0.0,1.0],"evs":[0.0,4.12392]},"A9o":{"weight":0.001,"played":[0.0,1.0],"evs":[0.0,5.46289]},"T2s":{"weight":0.0246,"played":[0.0011,0.9989],"evs":[0.0,0.99909]},"T3s":{"weight":0.1573,"played":[0.0109,0.9891],"evs":[0.0,1.72429]},"T4s":{"weight":0.1931,"played":[4.0E-4,0.9996],"evs":[0.0,3.33081]},"T5s":{"weight":0.0305,"played":[0.0,1.0],"evs":[0.0,2.80852]},"T6s":{"weight":0.352,"played":[2.0E-4,0.9998],"evs":[0.0,2.62548]},"T7s":{"weight":0.0409,"played":[0.0,1.0],"evs":[0.0,3.24471]},"T8s":{"weight":0.0117,"played":[0.0,1.0],"evs":[0.0,3.77102]},"T9s":{"weight":0.0487,"played":[0.0,1.0],"evs":[0.0,4.59555]},"TT":{"weight":0.0591,"played":[0.0,1.0],"evs":[0.0,10.32086]},"JTo":{"weight":0.0598,"played":[0.0,1.0],"evs":[0.0,4.79547]},"QTo":{"weight":0.0957,"played":[0.0,1.0],"evs":[0.0,4.72294]},"KTo":{"weight":0.3335,"played":[0.0,1.0],"evs":[0.0,5.38404]},"ATo":{"weight":0.0,"played":[0.0,1.0],"evs":[0.0,6.6519]},"J2s":{"weight":0.0211,"played":[1.0E-4,0.9999],"evs":[0.0,2.12687]},"J3s":{"weight":0.1322,"played":[0.0,1.0],"evs":[0.0,2.76741]},"J4s":{"weight":0.4976,"played":[0.0,1.0],"evs":[0.0,3.26657]},"J5s":{"weight":0.1556,"played":[0.0,1.0],"evs":[0.0,2.78464]},"J6s":{"weight":0.0063,"played":[1.0E-4,0.9999],"evs":[0.0,3.73349]},"J7s":{"weight":0.0018,"played":[0.0,1.0],"evs":[0.0,3.5806]},"J8s":{"weight":0.1537,"played":[1.0E-4,0.9999],"evs":[0.0,4.01779]},"J9s":{"weight":0.1297,"played":[0.0,1.0],"evs":[0.0,4.69626]},"JTs":{"weight":0.0117,"played":[2.0E-4,0.9998],"evs":[0.0,5.67589]},"JJ":{"weight":0.0283,"played":[0.0,1.0],"evs":[0.0,10.92468]},"QJo":{"weight":0.5782,"played":[0.0,1.0],"evs":[0.0,4.74206]},"KJo":{"weight":0.3429,"played":[0.0,1.0],"evs":[0.0,5.56509]},"AJo":{"weight":0.0,"played":[0.0,1.0],"evs":[0.0,7.17483]},"Q2s":{"weight":0.7358,"played":[1.0E-4,0.9999],"evs":[0.0,2.15089]},"Q3s":{"weight":0.7679,"played":[1.0E-4,0.9999],"evs":[0.0,2.8671]},"Q4s":{"weight":0.7827,"played":[0.0,1.0],"evs":[0.0,3.77559]},"Q5s":{"weight":0.4082,"played":[1.0E-4,0.9999],"evs":[0.0,3.28279]},"Q6s":{"weight":0.7108,"played":[0.0,1.0],"evs":[0.0,4.4997]},"Q7s":{"weight":0.3469,"played":[1.0E-4,0.9999],"evs":[0.0,3.03235]},"Q8s":{"weight":0.0039,"played":[0.0,1.0],"evs":[0.0,4.52031]},"Q9s":{"weight":0.3525,"played":[0.0,1.0],"evs":[0.0,4.86606]},"QTs":{"weight":0.8309,"played":[0.0,1.0],"evs":[0.0,5.64446]},"QJs":{"weight":0.974,"played":[0.0,1.0],"evs":[0.0,6.47169]},"QQ":{"weight":0.9136,"played":[0.0,1.0],"evs":[0.0,12.08628]},"KQo":{"weight":0.3803,"played":[0.0,1.0],"evs":[0.0,6.52063]},"AQo":{"weight":0.0,"played":[0.0,1.0],"evs":[0.0,8.07765]},"K2s":{"weight":0.9834,"played":[0.0,1.0],"evs":[0.0,2.94815]},"K3s":{"weight":0.7284,"played":[1.0E-4,0.9999],"evs":[0.0,3.92287]},"K4s":{"weight":0.7929,"played":[0.0,1.0],"evs":[0.0,3.96332]},"K5s":{"weight":0.8931,"played":[0.0,1.0],"evs":[0.0,4.22981]},"K6s":{"weight":0.7512,"played":[0.0,1.0],"evs":[0.0,4.50249]},"K7s":{"weight":0.4836,"played":[0.0,1.0],"evs":[0.0,5.14962]},"K8s":{"weight":0.5663,"played":[0.0,1.0],"evs":[0.0,4.68362]},"K9s":{"weight":0.1923,"played":[0.0,1.0],"evs":[0.0,5.97958]},"KTs":{"weight":0.3985,"played":[0.0,1.0],"evs":[0.0,6.61941]},"KJs":{"weight":0.5786,"played":[0.0,1.0],"evs":[0.0,7.28334]},"KQs":{"weight":0.9605,"played":[0.0,1.0],"evs":[0.0,7.16312]},"KK":{"weight":0.4176,"played":[0.0,1.0],"evs":[0.0,14.40517]},"AKo":{"weight":0.0,"played":[0.0,1.0],"evs":[0.0,8.86619]},"A2s":{"weight":0.0771,"played":[0.0,1.0],"evs":[0.0,4.55466]},"A3s":{"weight":0.0431,"played":[0.0,1.0],"evs":[0.0,4.88639]},"A4s":{"weight":0.047,"played":[0.0,1.0],"evs":[0.0,4.76402]},"A5s":{"weight":0.0287,"played":[0.0,1.0],"evs":[0.0,5.18734]},"A6s":{"weight":0.0482,"played":[0.0,1.0],"evs":[0.0,5.31623]},"A7s":{"weight":0.0039,"played":[0.0,1.0],"evs":[0.0,5.78598]},"A8s":{"weight":2.0E-4,"played":[1.0E-4,0.9999],"evs":[0.0,5.49908]},"A9s":{"weight":1.0E-4,"played":[0.0,1.0],"evs":[0.0,6.3994]},"ATs":{"weight":0.001,"played":[0.0,1.0],"evs":[0.0,7.10427]},"AJs":{"weight":1.0E-4,"played":[0.0,1.0],"evs":[0.0,8.24307]},"AQs":{"weight":0.0171,"played":[0.0,1.0],"evs":[0.0,9.13338]},"AKs":{"weight":0.0192,"played":[0.0,1.0],"evs":[0.0,9.04855]},"AA":{"weight":0.0,"played":[0.0,1.0],"evs":[0.0,18.63796]}}}