{"player":1,"street":0,"children":2,"sequence":[{"player":0,"type":"R","amount":165000,"street":0},{"player":1,"type":"C","amount":165000,"street":0},{"player":2,"type":"F","amount":0,"street":0},{"player":3,"type":"C","amount":165000,"street":0},{"player":4,"type":"R","amount":1815000,"street":0},{"player":5,"type":"C","amount":895000,"street":0}],"actions":[{"type":"F","amount":0,"node":248},{"type":"C","amount":820000,"node":249}],"hands":{"22":{"weight":0.0092,"played":[0.0,1.0],"evs":[0.0,0.84918]},"32o":{"weight":0.0,"played":[1.0,0.0],"evs":[0.0,-1.62565]},"42o":{"weight":0.0,"played":[1.0,0.0],"evs":[0.0,-1.47431]},"52o":{"weight":0.0,"played":[1.0,0.0],"evs":[0.0,-1.30547]},"62o":{"weight":0.0,"played":[1.0,0.0],"evs":[0.0,-1.75301]},"72o":{"weight":0.0,"played":[1.0,0.0],"evs":[0.0,-1.93576]},"82o":{"weight":0.0,"played":[1.0,0.0],"evs":[0.0,-1.79944]},"92o":{"weight":0.0,"played":[1.0,0.0],"evs":[0.0,-1.60641]},"T2o":{"weight":0.0,"played":[1.0,0.0],"evs":[0.0,-1.38362]},"J2o":{"weight":0.0,"played":[1.0,0.0],"evs":[0.0,-1.23981]},"Q2o":{"weight":0.0,"played":[1.0,0.0],"evs":[0.0,-1.20653]},"K2o":{"weight":0.0,"played":[0.9995,5.0E-4],"evs":[0.0,-0.88923]},"A2o":{"weight":0.307,"played":[0.0,1.0],"evs":[0.0,0.67338]},"32s":{"weight":0.0,"played":[0.9438,0.0562],"evs":[0.0,-0.30601]},"33":{"weight":0.0524,"played":[0.0,1.0],"evs":[0.0,1.00742]},"43o":{"weight":0.0,"played":[1.0,0.0],"evs":[0.0,-1.01724]},"53o":{"weight":0.0,"played":[1.0,0.0],"evs":[0.0,-0.91106]},"63o":{"weight":0.0,"played":[1.0,0.0],"evs":[0.0,-1.31437]},"73o":{"weight":0.0,"played":[1.0,0.0],"evs":[0.0,-1.58104]},"83o":{"weight":0.0,"played":[1.0,0.0],"evs":[0.0,-1.99325]},"93o":{"weight":0.0,"played":[1.0,0.0],"evs":[0.0,-1.63807]},"T3o":{"weight":0.0,"played":[1.0,0.0],"evs":[0.0,-1.34039]},"J3o":{"weight":0.0,"played":[1.0,0.0],"evs":[0.0,-1.28748]},"Q3o":{"weight":0.0,"played":[1.0,0.0],"evs":[0.0,-1.1955]},"K3o":{"weight":0.0,"played":[0.9988,0.0012],"evs":[0.0,-0.78091]},"A3o":{"weight":1.0E-4,"played":[0.0,1.0],"evs":[0.0,1.02302]},"42s":{"weight":0.0,"played":[0.6666,0.3334],"evs":[0.0,-0.11311]},"43s":{"weight":0.0,"played":[4.0E-4,0.9996],"evs":[0.0,0.23958]},"44":{"weight":3.0E-4,"played":[0.0,1.0],"evs":[0.0,1.39359]},"54o":{"weight":0.0,"played":[0.9955,0.0045],"evs":[0.0,-0.34869]},"64o":{"weight":0.0,"played":[0.9993,7.0E-4],"evs":[0.0,-0.77265]},"74o":{"weight":0.0,"played":[1.0,0.0],"evs":[0.0,-1.16883]},"84o":{"weight":0.0,"played":[1.0,0.0],"evs":[0.0,-1.40376]},"94o":{"weight":0.0,"played":[1.0,0.0],"evs":[0.0,-1.48636]},"T4o":{"weight":0.0,"played":[1.0,0.0],"evs":[0.0,-1.31729]},"J4o":{"weight":0.0,"played":[1.0,0.0],"evs":[0.0,-1.10088]},"Q4o":{"weight":0.0,"played":[1.0,0.0],"evs":[0.0,-0.9446]},"K4o":{"weight":0.0,"played":[0.9999,1.0E-4],"evs":[0.0,-0.55318]},"A4o":{"weight":0.0,"played":[0.0,1.0],"evs":[0.0,1.12735]},"52s":{"weight":0.0,"played":[0.6472,0.3528],"evs":[0.0,-0.08401]},"53s":{"weight":0.0,"played":[0.0027,0.9973],"evs":[0.0,0.2779]},"54s":{"weight":0.0,"played":[1.0E-4,0.9999],"evs":[0.0,0.85145]},"55":{"weight":2.0E-4,"played":[0.0,1.0],"evs":[0.0,1.92045]},"65o":{"weight":0.0,"played":[1.0,0.0],"evs":[0.0,-0.40762]},"75o":{"weight":0.0,"played":[1.0,0.0],"evs":[0.0,-0.6254]},"85o":{"weight":0.0,"played":[1.0,0.0],"evs":[0.0,-0.94862]},"95o":{"weight":0.0,"played":[1.0,0.0],"evs":[0.0,-1.08014]},"T5o":{"weight":0.0,"played":[1.0,0.0],"evs":[0.0,-1.23871]},"J5o":{"weight":0.0,"played":[1.0,0.0],"evs":[0.0,-0.92767]},"Q5o":{"weight":0.0,"played":[1.0,0.0],"evs":[0.0,-0.86967]},"K5o":{"weight":0.0,"played":[0.9997,3.0E-4],"evs":[0.0,-0.29635]},"A5o":{"weight":0.0,"played":[0.0,1.0],"evs":[0.0,1.46156]},"62s":{"weight":0.0,"played":[0.9973,0.0027],"evs":[0.0,-0.32187]},"63s":{"weight":0.0,"played":[0.6199,0.3801],"evs":[0.0,0.00837]},"64s":{"weight":0.0,"played":[3.0E-4,0.9997],"evs":[0.0,0.44319]},"65s":{"weight":0.0,"played":[0.0,1.0],"evs":[0.0,0.89712]},"66":{"weight":0.0,"played":[0.0,1.0],"evs":[0.0,2.75872]},"76o":{"weight":0.0,"played":[0.9983,0.0017],"evs":[0.0,-0.18952]},"86o":{"weight":0.0,"played":[0.9998,2.0E-4],"evs":[0.0,-0.27494]},"96o":{"weight":0.0,"played":[1.0,0.0],"evs":[0.0,-0.63207]},"T6o":{"weight":0.0,"played":[0.9999,1.0E-4],"evs":[0.0,-0.65663]},"J6o":{"weight":0.0,"played":[1.0,0.0],"evs":[0.0,-0.94622]},"Q6o":{"weight":0.0,"played":[0.9997,3.0E-4],"evs":[0.0,-0.60102]},"K6o":{"weight":0.0,"played":[0.9995,5.0E-4],"evs":[0.0,-0.08072]},"A6o":{"weight":1.0E-4,"played":[0.0,1.0],"evs":[0.0,1.2483]},"72s":{"weight":0.0,"played":[1.0,0.0],"evs":[0.0,-0.50097]},"73s":{"weight":0.0,"played":[0.9834,0.0166],"evs":[0.0,-0.09317]},"74s":{"weight":0.0,"played":[0.0414,0.9586],"evs":[0.0,0.08401]},"75s":{"weight":0.0,"played":[0.0,1.0],"evs":[0.0,0.78906]},"76s":{"weight":2.0E-4,"played":[1.0E-4,0.9999],"evs":[0.0,1.03454]},"77":{"weight":0.0,"played":[0.0,1.0],"evs":[0.0,3.35589]},"87o":{"weight":0.0,"played":[0.2393,0.7607],"evs":[0.0,0.16441]},"97o":{"weight":0.0,"played":[0.7224,0.2776],"evs":[0.0,0.04796]},"T7o":{"weight":0.0,"played":[0.9999,1.0E-4],"evs":[0.0,-0.05618]},"J7o":{"weight":0.0,"played":[0.9981,0.0019],"evs":[0.0,-0.26496]},"Q7o":{"weight":0.0,"played":[1.0,0.0],"evs":[0.0,-0.40369]},"K7o":{"weight":0.0,"played":[0.346,0.654],"evs":[0.0,0.1562]},"A7o":{"weight":0.0,"played":[0.0,1.0],"evs":[0.0,1.58487]},"82s":{"weight":0.0,"played":[0.9995,5.0E-4],"evs":[0.0,-0.52906]},"83s":{"weight":0.0,"played":[0.9996,4.0E-4],"evs":[0.0,-0.42011]},"84s":{"weight":0.0,"played":[0.4021,0.5979],"evs":[0.0,0.07339]},"85s":{"weight":0.0,"played":[1.0E-4,0.9999],"evs":[0.0,0.31765]},"86s":{"weight":0.0,"played":[7.0E-4,0.9993],"evs":[0.0,0.98501]},"87s":{"weight":0.9999,"played":[0.0,1.0],"evs":[0.0,1.33965]},"88":{"weight":1.0E-4,"played":[0.0,1.0],"evs":[0.0,3.96715]},"98o":{"weight":0.0,"played":[0.0,1.0],"evs":[0.0,0.42678]},"T8o":{"weight":0.0,"played":[4.0E-4,0.9996],"evs":[0.0,0.4649]},"J8o":{"weight":0.0,"played":[0.0218,0.9782],"evs":[0.0,0.38422]},"Q8o":{"weight":0.0,"played":[0.0335,0.9665],"evs":[0.0,0.23625]},"K8o":{"weight":0.0,"played":[0.0,1.0],"evs":[0.0,0.59644]},"A8o":{"weight":0.0,"played":[0.0,1.0],"evs":[0.0,1.90729]},"92s":{"weight":0.0,"played":[0.999,0.001],"evs":[0.0,-0.21852]},"93s":{"weight":0.0,"played":[0.994,0.006],"evs":[0.0,-0.27261]},"94s":{"weight":0.0,"played":[0.0245,0.9755],"evs":[0.0,0.04033]},"95s":{"weight":0.0,"played":[0.0778,0.9222],"evs":[0.0,0.08553]},"96s":{"weight":0.0,"played":[5.0E-4,0.9995],"evs":[0.0,0.82105]},"97s":{"weight":0.0276,"played":[0.0,1.0],"evs":[0.0,1.24615]},"98s":{"weight":0.0256,"played":[0.0,1.0],"evs":[0.0,1.70369]},"99":{"weight":0.0,"played":[0.0,1.0],"evs":[0.0,5.17193]},"T9o":{"weight":0.0,"played":[0.0,1.0],"evs":[0.0,1.03596]},"J9o":{"weight":0.0,"played":[0.0,1.0],"evs":[0.0,0.98453]},"Q9o":{"weight":0.0,"played":[0.0,1.0],"evs":[0.0,0.94554]},"K9o":{"weight":0.0,"played":[0.0,1.0],"evs":[0.0,1.27515]},"A9o":{"weight":0.0,"played":[0.0,1.0],"evs":[0.0,2.44233]},"T2s":{"weight":0.0,"played":[0.3574,0.6426],"evs":[0.0,0.0463]},"T3s":{"weight":0.0,"played":[0.0247,0.9753],"evs":[0.0,0.1774]},"T4s":{"weight":0.0,"played":[0.0,1.0],"evs":[0.0,0.24197]},"T5s":{"weight":0.0,"played":[0.002,0.998],"evs":[0.0,0.144]},"T6s":{"weight":0.0,"played":[0.0014,0.9986],"evs":[0.0,0.692]},"T7s":{"weight":8.0E-4,"played":[0.0,1.0],"evs":[0.0,1.14278]},"T8s":{"weight":0.0085,"played":[0.0,1.0],"evs":[0.0,1.79171]},"T9s":{"weight":7.0E-4,"played":[0.0,1.0],"evs":[0.0,2.35834]},"TT":{"weight":0.0,"played":[0.0,1.0],"evs":[0.0,6.39786]},"JTo":{"weight":0.0,"played":[0.0,1.0],"evs":[0.0,1.78858]},"QTo":{"weight":0.0,"played":[0.0,1.0],"evs":[0.0,1.95931]},"KTo":{"weight":0.0,"played":[0.0,1.0],"evs":[0.0,2.19461]},"ATo":{"weight":0.0,"played":[0.0,1.0],"evs":[0.0,3.38303]},"J2s":{"weight":0.0,"played":[0.2457,0.7543],"evs":[0.0,0.22617]},"J3s":{"weight":0.0,"played":[0.0,1.0],"evs":[0.0,0.10784]},"J4s":{"weight":0.0,"played":[4.0E-4,0.9996],"evs":[0.0,0.44698]},"J5s":{"weight":0.0,"played":[1.0E-4,0.9999],"evs":[0.0,0.38037]},"J6s":{"weight":0.0,"played":[0.0021,0.9979],"evs":[0.0,0.62259]},"J7s":{"weight":0.0,"played":[0.0,1.0],"evs":[0.0,1.21617]},"J8s":{"weight":0.0,"played":[0.0,1.0],"evs":[0.0,1.64004]},"J9s":{"weight":3.0E-4,"played":[0.0,1.0],"evs":[0.0,2.25713]},"JTs":{"weight":0.0,"played":[0.0,1.0],"evs":[0.0,3.03085]},"JJ":{"weight":0.0,"played":[0.0,1.0],"evs":[0.0,7.59153]},"QJo":{"weight":0.0,"played":[0.0,1.0],"evs":[0.0,2.30406]},"KJo":{"weight":0.0,"played":[0.0,1.0],"evs":[0.0,2.70876]},"AJo":{"weight":0.0,"played":[0.0,1.0],"evs":[0.0,3.88039]},"Q2s":{"weight":0.0,"played":[0.0015,0.9985],"evs":[0.0,0.29887]},"Q3s":{"weight":0.0,"played":[0.0,1.0],"evs":[0.0,0.12908]},"Q4s":{"weight":0.0,"played":[3.0E-4,0.9997],"evs":[0.0,0.47618]},"Q5s":{"weight":0.0,"played":[0.0,1.0],"evs":[0.0,0.57443]},"Q6s":{"weight":0.0013,"played":[0.0,1.0],"evs":[0.0,0.85483]},"Q7s":{"weight":0.0,"played":[0.0,1.0],"evs":[0.0,1.07651]},"Q8s":{"weight":0.0,"played":[2.0E-4,0.9998],"evs":[0.0,1.77546]},"Q9s":{"weight":0.0,"played":[0.0,1.0],"evs":[0.0,2.17584]},"QTs":{"weight":0.0,"played":[0.0,1.0],"evs":[0.0,3.17946]},"QJs":{"weight":1.0E-4,"played":[0.0,1.0],"evs":[0.0,3.59857]},"QQ":{"weight":0.0,"played":[0.0,1.0],"evs":[0.0,9.65755]},"KQo":{"weight":0.0,"played":[0.0,1.0],"evs":[0.0,3.4141]},"AQo":{"weight":0.0,"played":[0.0,1.0],"evs":[0.0,4.48045]},"K2s":{"weight":0.0,"played":[7.0E-4,0.9993],"evs":[0.0,0.73766]},"K3s":{"weight":0.0,"played":[2.0E-4,0.9998],"evs":[0.0,0.83978]},"K4s":{"weight":0.0,"played":[1.0E-4,0.9999],"evs":[0.0,1.08412]},"K5s":{"weight":0.0,"played":[0.0,1.0],"evs":[0.0,1.2516]},"K6s":{"weight":0.0,"played":[0.0,1.0],"evs":[0.0,1.32669]},"K7s":{"weight":0.0,"played":[0.0,1.0],"evs":[0.0,1.78218]},"K8s":{"weight":0.0,"played":[0.0,1.0],"evs":[0.0,1.91026]},"K9s":{"weight":0.0,"played":[0.0,1.0],"evs":[0.0,2.63164]},"KTs":{"weight":0.0,"played":[0.0,1.0],"evs":[0.0,3.73892]},"KJs":{"weight":0.0,"played":[0.0,1.0],"evs":[0.0,3.99767]},"KQs":{"weight":0.0,"played":[0.0,1.0],"evs":[0.0,4.40508]},"KK":{"weight":0.2543,"played":[0.0,1.0],"evs":[0.0,11.97234]},"AKo":{"weight":0.0,"played":[0.0,1.0],"evs":[0.0,5.30034]},"A2s":{"weight":0.0,"played":[0.0,1.0],"evs":[0.0,2.20415]},"A3s":{"weight":0.0,"played":[0.0,1.0],"evs":[0.0,2.45366]},"A4s":{"weight":0.0,"played":[0.0,1.0],"evs":[0.0,2.79913]},"A5s":{"weight":0.0,"played":[0.0,1.0],"evs":[0.0,2.76529]},"A6s":{"weight":0.0,"played":[0.0,1.0],"evs":[0.0,2.61897]},"A7s":{"weight":0.0,"played":[0.0,1.0],"evs":[0.0,3.1542]},"A8s":{"weight":0.0,"played":[0.0,1.0],"evs":[0.0,3.24602]},"A9s":{"weight":0.0,"played":[0.0,1.0],"evs":[0.0,3.81405]},"ATs":{"weight":0.0,"played":[0.0,1.0],"evs":[0.0,4.71075]},"AJs":{"weight":0.0,"played":[0.0,1.0],"evs":[0.0,5.30584]},"AQs":{"weight":0.0,"played":[0.0,1.0],"evs":[0.0,5.85442]},"AKs":{"weight":0.0,"played":[0.0,1.0],"evs":[0.0,6.4564]},"AA":{"weight":0.0598,"played":[0.0,1.0],"evs":[0.0,15.0075]}}}