{"player":1,"street":0,"children":2,"sequence":[{"player":0,"type":"R","amount":165000,"street":0},{"player":1,"type":"C","amount":165000,"street":0},{"player":2,"type":"F","amount":0,"street":0},{"player":3,"type":"R","amount":1815000,"street":0},{"player":4,"type":"F","amount":0,"street":0},{"player":5,"type":"C","amount":895000,"street":0}],"actions":[{"type":"F","amount":0},{"type":"C","amount":820000}],"hands":{"22":{"weight":0.0092,"played":[0.0,1.0],"evs":[0.0,1.13925]},"32o":{"weight":0.0,"played":[1.0,0.0],"evs":[0.0,-1.38636]},"42o":{"weight":0.0,"played":[1.0,0.0],"evs":[0.0,-1.2261]},"52o":{"weight":0.0,"played":[1.0,0.0],"evs":[0.0,-1.05103]},"62o":{"weight":0.0,"played":[1.0,0.0],"evs":[0.0,-1.35132]},"72o":{"weight":0.0,"played":[1.0,0.0],"evs":[0.0,-1.75561]},"82o":{"weight":0.0,"played":[1.0,0.0],"evs":[0.0,-1.51764]},"92o":{"weight":0.0,"played":[1.0,0.0],"evs":[0.0,-1.42413]},"T2o":{"weight":0.0,"played":[1.0,0.0],"evs":[0.0,-1.15441]},"J2o":{"weight":0.0,"played":[1.0,0.0],"evs":[0.0,-0.86979]},"Q2o":{"weight":0.0,"played":[1.0,0.0],"evs":[0.0,-0.48835]},"K2o":{"weight":0.0,"played":[0.0085,0.9915],"evs":[0.0,0.11438]},"A2o":{"weight":0.307,"played":[0.0,1.0],"evs":[0.0,1.28097]},"32s":{"weight":0.0,"played":[0.9999,1.0E-4],"evs":[0.0,-0.20895]},"33":{"weight":0.0524,"played":[0.0,1.0],"evs":[0.0,1.53296]},"43o":{"weight":0.0,"played":[1.0,0.0],"evs":[0.0,-0.8312]},"53o":{"weight":0.0,"played":[1.0,0.0],"evs":[0.0,-0.61827]},"63o":{"weight":0.0,"played":[1.0,0.0],"evs":[0.0,-0.97236]},"73o":{"weight":0.0,"played":[1.0,0.0],"evs":[0.0,-1.32337]},"83o":{"weight":0.0,"played":[1.0,0.0],"evs":[0.0,-1.50319]},"93o":{"weight":0.0,"played":[1.0,0.0],"evs":[0.0,-1.29198]},"T3o":{"weight":0.0,"played":[1.0,0.0],"evs":[0.0,-1.0559]},"J3o":{"weight":0.0,"played":[1.0,0.0],"evs":[0.0,-0.7294]},"Q3o":{"weight":0.0,"played":[1.0,0.0],"evs":[0.0,-0.29687]},"K3o":{"weight":0.0,"played":[0.0,1.0],"evs":[0.0,0.26793]},"A3o":{"weight":1.0E-4,"played":[0.0,1.0],"evs":[0.0,1.46555]},"42s":{"weight":0.0,"played":[1.0,0.0],"evs":[0.0,-0.05704]},"43s":{"weight":0.0,"played":[2.0E-4,0.9998],"evs":[0.0,0.27685]},"44":{"weight":3.0E-4,"played":[0.0,1.0],"evs":[0.0,2.03362]},"54o":{"weight":0.0,"played":[1.0,0.0],"evs":[0.0,-0.24335]},"64o":{"weight":0.0,"played":[1.0,0.0],"evs":[0.0,-0.53421]},"74o":{"weight":0.0,"played":[1.0,0.0],"evs":[0.0,-0.88614]},"84o":{"weight":0.0,"played":[1.0,0.0],"evs":[0.0,-1.12289]},"94o":{"weight":0.0,"played":[1.0,0.0],"evs":[0.0,-1.23604]},"T4o":{"weight":0.0,"played":[1.0,0.0],"evs":[0.0,-0.9262]},"J4o":{"weight":0.0,"played":[1.0,0.0],"evs":[0.0,-0.63374]},"Q4o":{"weight":0.0,"played":[1.0,0.0],"evs":[0.0,-0.2026]},"K4o":{"weight":0.0,"played":[0.0,1.0],"evs":[0.0,0.47109]},"A4o":{"weight":0.0,"played":[0.0,1.0],"evs":[0.0,1.67297]},"52s":{"weight":0.0,"played":[0.1294,0.8706],"evs":[0.0,0.11021]},"53s":{"weight":0.0,"played":[0.0,1.0],"evs":[0.0,0.48373]},"54s":{"weight":0.0,"played":[0.0,1.0],"evs":[0.0,0.78075]},"55":{"weight":2.0E-4,"played":[0.0,1.0],"evs":[0.0,2.60722]},"65o":{"weight":0.0,"played":[1.0,0.0],"evs":[0.0,-0.0899]},"75o":{"weight":0.0,"played":[1.0,0.0],"evs":[0.0,-0.42856]},"85o":{"weight":0.0,"played":[1.0,0.0],"evs":[0.0,-0.59034]},"95o":{"weight":0.0,"played":[1.0,0.0],"evs":[0.0,-0.76268]},"T5o":{"weight":0.0,"played":[1.0,0.0],"evs":[0.0,-0.83823]},"J5o":{"weight":0.0,"played":[0.9999,1.0E-4],"evs":[0.0,-0.40665]},"Q5o":{"weight":0.0,"played":[0.6642,0.3358],"evs":[0.0,-0.0264]},"K5o":{"weight":0.0,"played":[0.0,1.0],"evs":[0.0,0.65346]},"A5o":{"weight":0.0,"played":[0.0,1.0],"evs":[0.0,1.94779]},"62s":{"weight":0.0,"played":[1.0,0.0],"evs":[0.0,-0.22087]},"63s":{"weight":0.0,"played":[2.0E-4,0.9998],"evs":[0.0,0.13688]},"64s":{"weight":0.0,"played":[0.0,1.0],"evs":[0.0,0.57705]},"65s":{"weight":0.0,"played":[0.0,1.0],"evs":[0.0,0.99224]},"66":{"weight":0.0,"played":[0.0,1.0],"evs":[0.0,3.1438]},"76o":{"weight":0.0,"played":[0.49,0.51],"evs":[0.0,-0.01732]},"86o":{"weight":0.0,"played":[0.9999,1.0E-4],"evs":[0.0,-0.17717]},"96o":{"weight":0.0,"played":[1.0,0.0],"evs":[0.0,-0.31392]},"T6o":{"weight":0.0,"played":[0.9999,1.0E-4],"evs":[0.0,-0.38162]},"J6o":{"weight":0.0,"played":[1.0,0.0],"evs":[0.0,-0.29852]},"Q6o":{"weight":0.0,"played":[1.0E-4,0.9999],"evs":[0.0,0.21906]},"K6o":{"weight":0.0,"played":[0.0,1.0],"evs":[0.0,0.82769]},"A6o":{"weight":1.0E-4,"played":[0.0,1.0],"evs":[0.0,1.81522]},"72s":{"weight":0.0,"played":[1.0,0.0],"evs":[0.0,-0.59485]},"73s":{"weight":0.0,"played":[0.9997,3.0E-4],"evs":[0.0,-0.21559]},"74s":{"weight":0.0,"played":[8.0E-4,0.9992],"evs":[0.0,0.27203]},"75s":{"weight":0.0,"played":[0.0,1.0],"evs":[0.0,0.71183]},"76s":{"weight":2.0E-4,"played":[0.0,1.0],"evs":[0.0,1.0556]},"77":{"weight":0.0,"played":[0.0,1.0],"evs":[0.0,3.74634]},"87o":{"weight":0.0,"played":[0.0,1.0],"evs":[0.0,0.08961]},"97o":{"weight":0.0,"played":[0.4822,0.5178],"evs":[0.0,-0.01976]},"T7o":{"weight":0.0,"played":[0.9646,0.0354],"evs":[0.0,-0.04351]},"J7o":{"weight":0.0,"played":[0.1611,0.8389],"evs":[0.0,0.02098]},"Q7o":{"weight":0.0,"played":[5.0E-4,0.9995],"evs":[0.0,0.25811]},"K7o":{"weight":0.0,"played":[0.0,1.0],"evs":[0.0,1.04706]},"A7o":{"weight":0.0,"played":[0.0,1.0],"evs":[0.0,2.22376]},"82s":{"weight":0.0,"played":[1.0,0.0],"evs":[0.0,-0.42696]},"83s":{"weight":0.0,"played":[1.0,0.0],"evs":[0.0,-0.37545]},"84s":{"weight":0.0,"played":[5.0E-4,0.9995],"evs":[0.0,0.10303]},"85s":{"weight":0.0,"played":[0.0,1.0],"evs":[0.0,0.5775]},"86s":{"weight":0.0,"played":[0.0,1.0],"evs":[0.0,0.89525]},"87s":{"weight":0.9999,"played":[0.0,1.0],"evs":[0.0,1.1539]},"88":{"weight":1.0E-4,"played":[0.0,1.0],"evs":[0.0,4.63469]},"98o":{"weight":0.0,"played":[0.0,1.0],"evs":[0.0,0.46731]},"T8o":{"weight":0.0,"played":[0.0,1.0],"evs":[0.0,0.58159]},"J8o":{"weight":0.0,"played":[0.0,1.0],"evs":[0.0,0.66018]},"Q8o":{"weight":0.0,"played":[0.0,1.0],"evs":[0.0,0.83777]},"K8o":{"weight":0.0,"played":[0.0,1.0],"evs":[0.0,1.33862]},"A8o":{"weight":0.0,"played":[0.0,1.0],"evs":[0.0,2.68648]},"92s":{"weight":0.0,"played":[0.9883,0.0117],"evs":[0.0,-0.20165]},"93s":{"weight":0.0,"played":[0.9825,0.0175],"evs":[0.0,-0.12639]},"94s":{"weight":0.0,"played":[0.9905,0.0095],"evs":[0.0,-0.1489]},"95s":{"weight":0.0,"played":[0.0,1.0],"evs":[0.0,0.41756]},"96s":{"weight":0.0,"played":[0.0,1.0],"evs":[0.0,0.75345]},"97s":{"weight":0.0276,"played":[0.0,1.0],"evs":[0.0,1.05235]},"98s":{"weight":0.0256,"played":[0.0,1.0],"evs":[0.0,1.58037]},"99":{"weight":0.0,"played":[0.0,1.0],"evs":[0.0,5.72042]},"T9o":{"weight":0.0,"played":[0.0,1.0],"evs":[0.0,1.15028]},"J9o":{"weight":0.0,"played":[0.0,1.0],"evs":[0.0,1.24102]},"Q9o":{"weight":0.0,"played":[0.0,1.0],"evs":[0.0,1.54707]},"K9o":{"weight":0.0,"played":[0.0,1.0],"evs":[0.0,2.05227]},"A9o":{"weight":0.0,"played":[0.0,1.0],"evs":[0.0,3.19225]},"T2s":{"weight":0.0,"played":[0.1521,0.8479],"evs":[0.0,0.05898]},"T3s":{"weight":0.0,"played":[0.0734,0.9266],"evs":[0.0,0.12841]},"T4s":{"weight":0.0,"played":[0.0049,0.9951],"evs":[0.0,0.23638]},"T5s":{"weight":0.0,"played":[0.0,1.0],"evs":[0.0,0.36132]},"T6s":{"weight":0.0,"played":[0.0,1.0],"evs":[0.0,0.76167]},"T7s":{"weight":8.0E-4,"played":[0.0,1.0],"evs":[0.0,0.99429]},"T8s":{"weight":0.0085,"played":[0.0,1.0],"evs":[0.0,1.64226]},"T9s":{"weight":7.0E-4,"played":[0.0,1.0],"evs":[0.0,2.15446]},"TT":{"weight":0.0,"played":[0.0,1.0],"evs":[0.0,6.9997]},"JTo":{"weight":0.0,"played":[0.0,1.0],"evs":[0.0,2.10971]},"QTo":{"weight":0.0,"played":[0.0,1.0],"evs":[0.0,2.36324]},"KTo":{"weight":0.0,"played":[0.0,1.0],"evs":[0.0,2.95903]},"ATo":{"weight":0.0,"played":[0.0,1.0],"evs":[0.0,4.18208]},"J2s":{"weight":0.0,"played":[3.0E-4,0.9997],"evs":[0.0,0.27802]},"J3s":{"weight":0.0,"played":[1.0E-4,0.9999],"evs":[0.0,0.42882]},"J4s":{"weight":0.0,"played":[0.0,1.0],"evs":[0.0,0.54914]},"J5s":{"weight":0.0,"played":[0.0,1.0],"evs":[0.0,0.71317]},"J6s":{"weight":0.0,"played":[0.0,1.0],"evs":[0.0,0.84574]},"J7s":{"weight":0.0,"played":[0.0,1.0],"evs":[0.0,1.21499]},"J8s":{"weight":0.0,"played":[0.0,1.0],"evs":[0.0,1.80754]},"J9s":{"weight":3.0E-4,"played":[0.0,1.0],"evs":[0.0,2.31144]},"JTs":{"weight":0.0,"played":[0.0,1.0],"evs":[0.0,3.02143]},"JJ":{"weight":0.0,"played":[0.0,1.0],"evs":[0.0,8.21063]},"QJo":{"weight":0.0,"played":[0.0,1.0],"evs":[0.0,2.74968]},"KJo":{"weight":0.0,"played":[0.0,1.0],"evs":[0.0,3.3553]},"AJo":{"weight":0.0,"played":[0.0,1.0],"evs":[0.0,4.72633]},"Q2s":{"weight":0.0,"played":[0.0,1.0],"evs":[0.0,0.77548]},"Q3s":{"weight":0.0,"played":[0.0,1.0],"evs":[0.0,0.89214]},"Q4s":{"weight":0.0,"played":[0.0,1.0],"evs":[0.0,0.93618]},"Q5s":{"weight":0.0,"played":[0.0,1.0],"evs":[0.0,1.14828]},"Q6s":{"weight":0.0013,"played":[0.0,1.0],"evs":[0.0,1.387]},"Q7s":{"weight":0.0,"played":[0.0,1.0],"evs":[0.0,1.39092]},"Q8s":{"weight":0.0,"played":[0.0,1.0],"evs":[0.0,1.97056]},"Q9s":{"weight":0.0,"played":[0.0,1.0],"evs":[0.0,2.57037]},"QTs":{"weight":0.0,"played":[0.0,1.0],"evs":[0.0,3.34403]},"QJs":{"weight":1.0E-4,"played":[0.0,1.0],"evs":[0.0,3.68748]},"QQ":{"weight":0.0,"played":[0.0,1.0],"evs":[0.0,9.47835]},"KQo":{"weight":0.0,"played":[0.0,1.0],"evs":[0.0,3.87386]},"AQo":{"weight":0.0,"played":[0.0,1.0],"evs":[0.0,5.33143]},"K2s":{"weight":0.0,"played":[0.0,1.0],"evs":[0.0,1.22526]},"K3s":{"weight":0.0,"played":[0.0,1.0],"evs":[0.0,1.42162]},"K4s":{"weight":0.0,"played":[0.0,1.0],"evs":[0.0,1.56052]},"K5s":{"weight":0.0,"played":[0.0,1.0],"evs":[0.0,1.75651]},"K6s":{"weight":0.0,"played":[0.0,1.0],"evs":[0.0,2.01168]},"K7s":{"weight":0.0,"played":[0.0,1.0],"evs":[0.0,2.22969]},"K8s":{"weight":0.0,"played":[0.0,1.0],"evs":[0.0,2.32939]},"K9s":{"weight":0.0,"played":[0.0,1.0],"evs":[0.0,3.0151]},"KTs":{"weight":0.0,"played":[0.0,1.0],"evs":[0.0,3.86561]},"KJs":{"weight":0.0,"played":[0.0,1.0],"evs":[0.0,4.27011]},"KQs":{"weight":0.0,"played":[0.0,1.0],"evs":[0.0,4.76547]},"KK":{"weight":0.2543,"played":[0.0,1.0],"evs":[0.0,11.21615]},"AKo":{"weight":0.0,"played":[0.0,1.0],"evs":[0.0,6.07372]},"A2s":{"weight":0.0,"played":[0.0,1.0],"evs":[0.0,2.35783]},"A3s":{"weight":0.0,"played":[0.0,1.0],"evs":[0.0,2.65414]},"A4s":{"weight":0.0,"played":[0.0,1.0],"evs":[0.0,2.73356]},"A5s":{"weight":0.0,"played":[0.0,1.0],"evs":[0.0,3.01977]},"A6s":{"weight":0.0,"played":[0.0,1.0],"evs":[0.0,3.03181]},"A7s":{"weight":0.0,"played":[0.0,1.0],"evs":[0.0,3.26782]},"A8s":{"weight":0.0,"played":[0.0,1.0],"evs":[0.0,3.72488]},"A9s":{"weight":0.0,"played":[0.0,1.0],"evs":[0.0,4.21629]},"ATs":{"weight":0.0,"played":[0.0,1.0],"evs":[0.0,5.08626]},"AJs":{"weight":0.0,"played":[0.0,1.0],"evs":[0.0,5.66231]},"AQs":{"weight":0.0,"played":[0.0,1.0],"evs":[0.0,6.18618]},"AKs":{"weight":0.0,"played":[0.0,1.0],"evs":[0.0,6.8439]},"AA":{"weight":0.0598,"played":[0.0,1.0],"evs":[0.0,13.81384]}}}