{"player":5,"street":0,"children":2,"sequence":[{"player":0,"type":"R","amount":165000,"street":0},{"player":1,"type":"C","amount":165000,"street":0},{"player":2,"type":"F","amount":0,"street":0},{"player":3,"type":"R","amount":1815000,"street":0},{"player":4,"type":"C","amount":1765000,"street":0}],"actions":[{"type":"F","amount":0,"node":255},{"type":"C","amount":895000,"node":256}],"hands":{"22":{"weight":1.0,"played":[0.974,0.026],"evs":[0.0,-0.25524]},"32o":{"weight":1.0,"played":[1.0,0.0],"evs":[0.0,-2.4484]},"42o":{"weight":1.0,"played":[0.9998,2.0E-4],"evs":[0.0,-1.84562]},"52o":{"weight":1.0,"played":[1.0,0.0],"evs":[0.0,-2.04299]},"62o":{"weight":1.0,"played":[0.9998,2.0E-4],"evs":[0.0,-2.28216]},"72o":{"weight":1.0,"played":[1.0,0.0],"evs":[0.0,-3.42896]},"82o":{"weight":1.0,"played":[1.0,0.0],"evs":[0.0,-3.36834]},"92o":{"weight":1.0,"played":[0.9999,1.0E-4],"evs":[0.0,-2.59408]},"T2o":{"weight":1.0,"played":[1.0,0.0],"evs":[0.0,-2.35887]},"J2o":{"weight":1.0,"played":[1.0,0.0],"evs":[0.0,-2.01328]},"Q2o":{"weight":1.0,"played":[1.0,0.0],"evs":[0.0,-1.75892]},"K2o":{"weight":1.0,"played":[0.9911,0.0089],"evs":[0.0,-1.19469]},"A2o":{"weight":1.0,"played":[0.9983,0.0017],"evs":[0.0,-0.46059]},"32s":{"weight":1.0,"played":[0.992,0.008],"evs":[0.0,-1.26362]},"33":{"weight":1.0,"played":[1.0E-4,0.9999],"evs":[0.0,0.55839]},"43o":{"weight":1.0,"played":[0.9996,4.0E-4],"evs":[0.0,-1.13409]},"53o":{"weight":1.0,"played":[0.9974,0.0026],"evs":[0.0,-0.98751]},"63o":{"weight":1.0,"played":[0.9999,1.0E-4],"evs":[0.0,-1.45389]},"73o":{"weight":1.0,"played":[1.0,0.0],"evs":[0.0,-2.53196]},"83o":{"weight":1.0,"played":[0.9999,1.0E-4],"evs":[0.0,-2.97785]},"93o":{"weight":1.0,"played":[1.0,0.0],"evs":[0.0,-2.42538]},"T3o":{"weight":1.0,"played":[1.0,0.0],"evs":[0.0,-1.86372]},"J3o":{"weight":1.0,"played":[1.0,0.0],"evs":[0.0,-1.57876]},"Q3o":{"weight":1.0,"played":[1.0,0.0],"evs":[0.0,-1.17334]},"K3o":{"weight":1.0,"played":[1.0,0.0],"evs":[0.0,-0.6454]},"A3o":{"weight":1.0,"played":[0.6006,0.3994],"evs":[0.0,-0.18127]},"42s":{"weight":1.0,"played":[0.964,0.036],"evs":[0.0,-1.11366]},"43s":{"weight":1.0,"played":[0.9498,0.0502],"evs":[0.0,-0.34669]},"44":{"weight":1.0,"played":[0.015,0.985],"evs":[0.0,0.87079]},"54o":{"weight":1.0,"played":[0.9995,5.0E-4],"evs":[0.0,-0.47414]},"64o":{"weight":1.0,"played":[0.9998,2.0E-4],"evs":[0.0,-1.00449]},"74o":{"weight":1.0,"played":[0.9996,4.0E-4],"evs":[0.0,-1.79686]},"84o":{"weight":1.0,"played":[0.9999,1.0E-4],"evs":[0.0,-2.30134]},"94o":{"weight":1.0,"played":[1.0,0.0],"evs":[0.0,-2.10119]},"T4o":{"weight":1.0,"played":[0.9999,1.0E-4],"evs":[0.0,-2.02317]},"J4o":{"weight":1.0,"played":[1.0,0.0],"evs":[0.0,-1.27249]},"Q4o":{"weight":1.0,"played":[0.9998,2.0E-4],"evs":[0.0,-1.01605]},"K4o":{"weight":1.0,"played":[0.9997,3.0E-4],"evs":[0.0,-0.52625]},"A4o":{"weight":1.0,"played":[0.9097,0.0903],"evs":[0.0,-0.01073]},"52s":{"weight":1.0,"played":[0.9618,0.0382],"evs":[0.0,-0.79233]},"53s":{"weight":1.0,"played":[0.5059,0.4941],"evs":[0.0,0.34437]},"54s":{"weight":1.0,"played":[0.114,0.886],"evs":[0.0,0.2347]},"55":{"weight":1.0,"played":[1.0E-4,0.9999],"evs":[0.0,1.04329]},"65o":{"weight":1.0,"played":[0.9983,0.0017],"evs":[0.0,-0.36046]},"75o":{"weight":1.0,"played":[0.9923,0.0077],"evs":[0.0,-1.60913]},"85o":{"weight":1.0,"played":[0.999,0.001],"evs":[0.0,-1.63811]},"95o":{"weight":1.0,"played":[1.0,0.0],"evs":[0.0,-1.55934]},"T5o":{"weight":1.0,"played":[1.0,0.0],"evs":[0.0,-1.42098]},"J5o":{"weight":1.0,"played":[1.0,0.0],"evs":[0.0,-1.13091]},"Q5o":{"weight":1.0,"played":[0.9972,0.0028],"evs":[0.0,-0.70866]},"K5o":{"weight":1.0,"played":[0.9418,0.0582],"evs":[0.0,-0.37661]},"A5o":{"weight":1.0,"played":[0.0,1.0],"evs":[0.0,0.42931]},"62s":{"weight":1.0,"played":[0.9921,0.0079],"evs":[0.0,-1.48679]},"63s":{"weight":1.0,"played":[0.9021,0.0979],"evs":[0.0,-0.26067]},"64s":{"weight":1.0,"played":[0.774,0.226],"evs":[0.0,-0.12224]},"65s":{"weight":1.0,"played":[3.0E-4,0.9997],"evs":[0.0,1.03967]},"66":{"weight":1.0,"played":[5.0E-4,0.9995],"evs":[0.0,1.646]},"76o":{"weight":1.0,"played":[0.9871,0.0129],"evs":[0.0,-0.75921]},"86o":{"weight":1.0,"played":[0.9974,0.0026],"evs":[0.0,-1.23156]},"96o":{"weight":1.0,"played":[1.0,0.0],"evs":[0.0,-1.51896]},"T6o":{"weight":1.0,"played":[0.9992,8.0E-4],"evs":[0.0,-1.33033]},"J6o":{"weight":1.0,"played":[0.9999,1.0E-4],"evs":[0.0,-1.37149]},"Q6o":{"weight":1.0,"played":[0.9997,3.0E-4],"evs":[0.0,-0.92411]},"K6o":{"weight":1.0,"played":[0.8643,0.1357],"evs":[0.0,-0.43397]},"A6o":{"weight":1.0,"played":[0.0794,0.9206],"evs":[0.0,0.2179]},"72s":{"weight":1.0,"played":[0.9982,0.0018],"evs":[0.0,-1.89202]},"73s":{"weight":1.0,"played":[0.9922,0.0078],"evs":[0.0,-0.56529]},"74s":{"weight":1.0,"played":[0.7159,0.2841],"evs":[0.0,-0.10232]},"75s":{"weight":1.0,"played":[0.813,0.187],"evs":[0.0,-0.49149]},"76s":{"weight":1.0,"played":[0.3638,0.6362],"evs":[0.0,-0.0965]},"77":{"weight":1.0,"played":[0.0,1.0],"evs":[0.0,2.1754]},"87o":{"weight":1.0,"played":[0.9767,0.0233],"evs":[0.0,-1.34092]},"97o":{"weight":1.0,"played":[0.9997,3.0E-4],"evs":[0.0,-1.14337]},"T7o":{"weight":1.0,"played":[0.9996,4.0E-4],"evs":[0.0,-1.23279]},"J7o":{"weight":1.0,"played":[0.9997,3.0E-4],"evs":[0.0,-1.21222]},"Q7o":{"weight":1.0,"played":[0.9996,4.0E-4],"evs":[0.0,-1.09197]},"K7o":{"weight":1.0,"played":[0.9977,0.0023],"evs":[0.0,-0.43053]},"A7o":{"weight":1.0,"played":[0.0018,0.9982],"evs":[0.0,0.57684]},"82s":{"weight":1.0,"played":[1.0,0.0],"evs":[0.0,-1.79472]},"83s":{"weight":1.0,"played":[0.996,0.004],"evs":[0.0,-1.29118]},"84s":{"weight":1.0,"played":[0.8896,0.1104],"evs":[0.0,-0.61561]},"85s":{"weight":1.0,"played":[0.8039,0.1961],"evs":[0.0,-0.16538]},"86s":{"weight":1.0,"played":[0.3869,0.6131],"evs":[0.0,0.16116]},"87s":{"weight":1.0,"played":[0.285,0.715],"evs":[0.0,0.24086]},"88":{"weight":1.0,"played":[6.0E-4,0.9994],"evs":[0.0,3.2576]},"98o":{"weight":1.0,"played":[0.948,0.052],"evs":[0.0,-0.6187]},"T8o":{"weight":1.0,"played":[0.9275,0.0725],"evs":[0.0,-0.58231]},"J8o":{"weight":1.0,"played":[0.8191,0.1809],"evs":[0.0,-0.40268]},"Q8o":{"weight":1.0,"played":[0.9417,0.0583],"evs":[0.0,-0.46451]},"K8o":{"weight":1.0,"played":[0.1558,0.8442],"evs":[0.0,0.21575]},"A8o":{"weight":1.0,"played":[4.0E-4,0.9996],"evs":[0.0,0.89731]},"92s":{"weight":1.0,"played":[0.976,0.024],"evs":[0.0,-0.72543]},"93s":{"weight":1.0,"played":[0.9999,1.0E-4],"evs":[0.0,-0.89974]},"94s":{"weight":1.0,"played":[0.9782,0.0218],"evs":[0.0,-0.43541]},"95s":{"weight":1.0,"played":[0.9981,0.0019],"evs":[0.0,-0.26713]},"96s":{"weight":1.0,"played":[0.6767,0.3233],"evs":[0.0,-0.2077]},"97s":{"weight":1.0,"played":[0.2446,0.7554],"evs":[0.0,0.28346]},"98s":{"weight":1.0,"played":[0.0,1.0],"evs":[0.0,0.64429]},"99":{"weight":1.0,"played":[0.0,1.0],"evs":[0.0,4.39984]},"T9o":{"weight":1.0,"played":[0.0141,0.9859],"evs":[0.0,0.0882]},"J9o":{"weight":1.0,"played":[0.0491,0.9509],"evs":[0.0,0.22921]},"Q9o":{"weight":1.0,"played":[0.0946,0.9054],"evs":[0.0,0.23326]},"K9o":{"weight":1.0,"played":[0.0096,0.9904],"evs":[0.0,0.92365]},"A9o":{"weight":1.0,"played":[3.0E-4,0.9997],"evs":[0.0,1.29055]},"T2s":{"weight":1.0,"played":[0.9916,0.0084],"evs":[0.0,-1.12021]},"T3s":{"weight":1.0,"played":[0.934,0.066],"evs":[0.0,-0.51625]},"T4s":{"weight":1.0,"played":[0.9935,0.0065],"evs":[0.0,-0.35408]},"T5s":{"weight":1.0,"played":[0.5896,0.4104],"evs":[0.0,-0.05089]},"T6s":{"weight":1.0,"played":[0.0356,0.9644],"evs":[0.0,0.44308]},"T7s":{"weight":1.0,"played":[0.4956,0.5044],"evs":[0.0,-0.26118]},"T8s":{"weight":1.0,"played":[6.0E-4,0.9994],"evs":[0.0,0.93092]},"T9s":{"weight":1.0,"played":[0.0179,0.9821],"evs":[0.0,2.07091]},"TT":{"weight":1.0,"played":[0.0,1.0],"evs":[0.0,5.70067]},"JTo":{"weight":1.0,"played":[2.0E-4,0.9998],"evs":[0.0,1.47103]},"QTo":{"weight":1.0,"played":[0.0,1.0],"evs":[0.0,1.46843]},"KTo":{"weight":1.0,"played":[1.0E-4,0.9999],"evs":[0.0,1.92852]},"ATo":{"weight":1.0,"played":[0.0,1.0],"evs":[0.0,2.63769]},"J2s":{"weight":1.0,"played":[0.9815,0.0185],"evs":[0.0,-0.14941]},"J3s":{"weight":1.0,"played":[0.2659,0.7341],"evs":[0.0,-0.05495]},"J4s":{"weight":1.0,"played":[0.5224,0.4776],"evs":[0.0,0.09496]},"J5s":{"weight":1.0,"played":[0.1395,0.8605],"evs":[0.0,0.38905]},"J6s":{"weight":1.0,"played":[0.5119,0.4881],"evs":[0.0,-0.23935]},"J7s":{"weight":1.0,"played":[6.0E-4,0.9994],"evs":[0.0,0.38984]},"J8s":{"weight":1.0,"played":[0.0073,0.9927],"evs":[0.0,1.06957]},"J9s":{"weight":1.0,"played":[2.0E-4,0.9998],"evs":[0.0,1.85746]},"JTs":{"weight":1.0,"played":[1.0E-4,0.9999],"evs":[0.0,3.1032]},"JJ":{"weight":1.0,"played":[0.0,1.0],"evs":[0.0,7.0767]},"QJo":{"weight":1.0,"played":[0.0,1.0],"evs":[0.0,1.76371]},"KJo":{"weight":1.0,"played":[4.0E-4,0.9996],"evs":[0.0,2.49017]},"AJo":{"weight":1.0,"played":[6.0E-4,0.9994],"evs":[0.0,2.84076]},"Q2s":{"weight":1.0,"played":[0.827,0.173],"evs":[0.0,-0.18705]},"Q3s":{"weight":1.0,"played":[0.2978,0.7022],"evs":[0.0,0.4603]},"Q4s":{"weight":1.0,"played":[0.6591,0.3409],"evs":[0.0,-0.01152]},"Q5s":{"weight":1.0,"played":[0.0799,0.9201],"evs":[0.0,0.3073]},"Q6s":{"weight":1.0,"played":[0.0127,0.9873],"evs":[0.0,0.89063]},"Q7s":{"weight":1.0,"played":[0.0019,0.9981],"evs":[0.0,0.58488]},"Q8s":{"weight":1.0,"played":[4.0E-4,0.9996],"evs":[0.0,0.74039]},"Q9s":{"weight":1.0,"played":[0.0,1.0],"evs":[0.0,1.82084]},"QTs":{"weight":1.0,"played":[0.0,1.0],"evs":[0.0,2.73959]},"QJs":{"weight":1.0,"played":[0.0012,0.9988],"evs":[0.0,2.61044]},"QQ":{"weight":1.0,"played":[0.0,1.0],"evs":[0.0,8.00382]},"KQo":{"weight":1.0,"played":[0.0,1.0],"evs":[0.0,2.81956]},"AQo":{"weight":1.0,"played":[0.0,1.0],"evs":[0.0,3.20677]},"K2s":{"weight":1.0,"played":[0.0274,0.9726],"evs":[0.0,0.19774]},"K3s":{"weight":1.0,"played":[0.0039,0.9961],"evs":[0.0,0.54819]},"K4s":{"weight":1.0,"played":[0.0027,0.9973],"evs":[0.0,1.08092]},"K5s":{"weight":1.0,"played":[0.0,1.0],"evs":[0.0,0.93932]},"K6s":{"weight":1.0,"played":[9.0E-4,0.9991],"evs":[0.0,1.04114]},"K7s":{"weight":1.0,"played":[0.0085,0.9915],"evs":[0.0,1.25138]},"K8s":{"weight":1.0,"played":[7.0E-4,0.9993],"evs":[0.0,1.0563]},"K9s":{"weight":1.0,"played":[4.0E-4,0.9996],"evs":[0.0,2.06828]},"KTs":{"weight":1.0,"played":[1.0E-4,0.9999],"evs":[0.0,2.87229]},"KJs":{"weight":1.0,"played":[0.0,1.0],"evs":[0.0,4.15036]},"KQs":{"weight":1.0,"played":[0.0,1.0],"evs":[0.0,3.4416]},"KK":{"weight":1.0,"played":[0.0,1.0],"evs":[0.0,11.25545]},"AKo":{"weight":1.0,"played":[0.0,1.0],"evs":[0.0,4.24053]},"A2s":{"weight":1.0,"played":[5.0E-4,0.9995],"evs":[0.0,1.37023]},"A3s":{"weight":1.0,"played":[7.0E-4,0.9993],"evs":[0.0,1.83895]},"A4s":{"weight":1.0,"played":[6.0E-4,0.9994],"evs":[0.0,1.66796]},"A5s":{"weight":1.0,"played":[0.0067,0.9933],"evs":[0.0,1.68927]},"A6s":{"weight":1.0,"played":[4.0E-4,0.9996],"evs":[0.0,1.35016]},"A7s":{"weight":1.0,"played":[0.0,1.0],"evs":[0.0,1.95834]},"A8s":{"weight":1.0,"played":[8.0E-4,0.9992],"evs":[0.0,2.45348]},"A9s":{"weight":1.0,"played":[1.0E-4,0.9999],"evs":[0.0,3.0538]},"ATs":{"weight":1.0,"played":[0.0,1.0],"evs":[0.0,3.85585]},"AJs":{"weight":1.0,"played":[0.0,1.0],"evs":[0.0,3.48864]},"AQs":{"weight":1.0,"played":[0.0,1.0],"evs":[0.0,5.23614]},"AKs":{"weight":1.0,"played":[0.0,1.0],"evs":[0.0,6.0293]},"AA":{"weight":1.0,"played":[0.0,1.0],"evs":[0.0,14.50375]}}}