{"player":4,"street":0,"children":2,"sequence":[{"player":0,"type":"R","amount":165000,"street":0},{"player":1,"type":"C","amount":165000,"street":0},{"player":2,"type":"C","amount":165000,"street":0},{"player":3,"type":"F","amount":0,"street":0}],"actions":[{"type":"F","amount":0,"node":259},{"type":"R","amount":1815000,"node":263}],"hands":{"22":{"weight":1.0,"played":[0.9005,0.0995],"evs":[0.0,-1.09509]},"32o":{"weight":1.0,"played":[1.0,0.0],"evs":[0.0,-5.25255]},"42o":{"weight":1.0,"played":[1.0,0.0],"evs":[0.0,-5.01167]},"52o":{"weight":1.0,"played":[0.9999,1.0E-4],"evs":[0.0,-4.469]},"62o":{"weight":1.0,"played":[1.0,0.0],"evs":[0.0,-5.50654]},"72o":{"weight":1.0,"played":[1.0,0.0],"evs":[0.0,-6.64207]},"82o":{"weight":1.0,"played":[1.0,0.0],"evs":[0.0,-5.93089]},"92o":{"weight":1.0,"played":[0.9999,1.0E-4],"evs":[0.0,-4.99947]},"T2o":{"weight":1.0,"played":[1.0,0.0],"evs":[0.0,-4.1146]},"J2o":{"weight":1.0,"played":[0.9999,1.0E-4],"evs":[0.0,-3.94007]},"Q2o":{"weight":1.0,"played":[0.9999,1.0E-4],"evs":[0.0,-3.43476]},"K2o":{"weight":1.0,"played":[0.9999,1.0E-4],"evs":[0.0,-1.80291]},"A2o":{"weight":1.0,"played":[0.0,1.0],"evs":[0.0,0.94958]},"32s":{"weight":1.0,"played":[0.9997,3.0E-4],"evs":[0.0,-3.72376]},"33":{"weight":1.0,"played":[0.0081,0.9919],"evs":[0.0,0.89021]},"43o":{"weight":1.0,"played":[0.9995,5.0E-4],"evs":[0.0,-3.07614]},"53o":{"weight":1.0,"played":[1.0,0.0],"evs":[0.0,-3.04]},"63o":{"weight":1.0,"played":[0.9999,1.0E-4],"evs":[0.0,-3.75298]},"73o":{"weight":1.0,"played":[1.0,0.0],"evs":[0.0,-4.96146]},"83o":{"weight":1.0,"played":[1.0,0.0],"evs":[0.0,-4.96324]},"93o":{"weight":1.0,"played":[1.0,0.0],"evs":[0.0,-3.7323]},"T3o":{"weight":1.0,"played":[1.0,0.0],"evs":[0.0,-3.14765]},"J3o":{"weight":1.0,"played":[1.0,0.0],"evs":[0.0,-2.88613]},"Q3o":{"weight":1.0,"played":[0.9985,0.0015],"evs":[0.0,-2.07369]},"K3o":{"weight":1.0,"played":[0.9536,0.0464],"evs":[0.0,-0.98855]},"A3o":{"weight":1.0,"played":[0.0014,0.9986],"evs":[0.0,1.36]},"42s":{"weight":1.0,"played":[0.9996,4.0E-4],"evs":[0.0,-3.01309]},"43s":{"weight":1.0,"played":[0.9936,0.0064],"evs":[0.0,-1.92308]},"44":{"weight":1.0,"played":[0.0,1.0],"evs":[0.0,1.80108]},"54o":{"weight":1.0,"played":[1.0,0.0],"evs":[0.0,-2.65832]},"64o":{"weight":1.0,"played":[0.9995,5.0E-4],"evs":[0.0,-2.9118]},"74o":{"weight":1.0,"played":[1.0,0.0],"evs":[0.0,-3.62385]},"84o":{"weight":1.0,"played":[0.9999,1.0E-4],"evs":[0.0,-4.35962]},"94o":{"weight":1.0,"played":[1.0,0.0],"evs":[0.0,-4.04086]},"T4o":{"weight":1.0,"played":[1.0,0.0],"evs":[0.0,-3.08567]},"J4o":{"weight":1.0,"played":[1.0,0.0],"evs":[0.0,-2.35691]},"Q4o":{"weight":1.0,"played":[1.0,0.0],"evs":[0.0,-1.73143]},"K4o":{"weight":1.0,"played":[0.9999,1.0E-4],"evs":[0.0,-0.91351]},"A4o":{"weight":1.0,"played":[0.0,1.0],"evs":[0.0,2.10409]},"52s":{"weight":1.0,"played":[0.9996,4.0E-4],"evs":[0.0,-3.32683]},"53s":{"weight":1.0,"played":[0.9993,7.0E-4],"evs":[0.0,-1.68306]},"54s":{"weight":1.0,"played":[0.958,0.042],"evs":[0.0,-1.04429]},"55":{"weight":1.0,"played":[0.0428,0.9572],"evs":[0.0,1.5002]},"65o":{"weight":1.0,"played":[0.9998,2.0E-4],"evs":[0.0,-2.69893]},"75o":{"weight":1.0,"played":[0.9999,1.0E-4],"evs":[0.0,-3.19727]},"85o":{"weight":1.0,"played":[1.0,0.0],"evs":[0.0,-3.76823]},"95o":{"weight":1.0,"played":[1.0,0.0],"evs":[0.0,-3.36112]},"T5o":{"weight":1.0,"played":[0.9999,1.0E-4],"evs":[0.0,-3.01357]},"J5o":{"weight":1.0,"played":[1.0,0.0],"evs":[0.0,-2.4631]},"Q5o":{"weight":1.0,"played":[1.0,0.0],"evs":[0.0,-1.48363]},"K5o":{"weight":1.0,"played":[0.7433,0.2567],"evs":[0.0,-0.36064]},"A5o":{"weight":1.0,"played":[0.0,1.0],"evs":[0.0,1.9912]},"62s":{"weight":1.0,"played":[0.9931,0.0069],"evs":[0.0,-3.50374]},"63s":{"weight":1.0,"played":[0.9993,7.0E-4],"evs":[0.0,-1.60664]},"64s":{"weight":1.0,"played":[0.9869,0.0131],"evs":[0.0,-2.2106]},"65s":{"weight":1.0,"played":[0.5351,0.4649],"evs":[0.0,-0.20545]},"66":{"weight":1.0,"played":[0.0,1.0],"evs":[0.0,3.23913]},"76o":{"weight":1.0,"played":[0.9998,2.0E-4],"evs":[0.0,-2.59947]},"86o":{"weight":1.0,"played":[0.9999,1.0E-4],"evs":[0.0,-2.95952]},"96o":{"weight":1.0,"played":[1.0,0.0],"evs":[0.0,-3.28612]},"T6o":{"weight":1.0,"played":[0.9999,1.0E-4],"evs":[0.0,-2.14383]},"J6o":{"weight":1.0,"played":[0.9999,1.0E-4],"evs":[0.0,-2.5519]},"Q6o":{"weight":1.0,"played":[0.9999,1.0E-4],"evs":[0.0,-1.5651]},"K6o":{"weight":1.0,"played":[0.4818,0.5182],"evs":[0.0,0.2782]},"A6o":{"weight":1.0,"played":[0.0,1.0],"evs":[0.0,2.43594]},"72s":{"weight":1.0,"played":[0.9999,1.0E-4],"evs":[0.0,-4.1622]},"73s":{"weight":1.0,"played":[0.9997,3.0E-4],"evs":[0.0,-1.45757]},"74s":{"weight":1.0,"played":[0.9999,1.0E-4],"evs":[0.0,-2.29713]},"75s":{"weight":1.0,"played":[0.9951,0.0049],"evs":[0.0,-1.7397]},"76s":{"weight":1.0,"played":[0.9985,0.0015],"evs":[0.0,-1.00599]},"77":{"weight":1.0,"played":[0.0,1.0],"evs":[0.0,3.71426]},"87o":{"weight":1.0,"played":[0.9998,2.0E-4],"evs":[0.0,-2.67158]},"97o":{"weight":1.0,"played":[1.0,0.0],"evs":[0.0,-2.14651]},"T7o":{"weight":1.0,"played":[1.0,0.0],"evs":[0.0,-1.84063]},"J7o":{"weight":1.0,"played":[0.9999,1.0E-4],"evs":[0.0,-2.09574]},"Q7o":{"weight":1.0,"played":[0.9999,1.0E-4],"evs":[0.0,-1.03856]},"K7o":{"weight":1.0,"played":[0.3309,0.6691],"evs":[0.0,0.13992]},"A7o":{"weight":1.0,"played":[0.0,1.0],"evs":[0.0,2.44638]},"82s":{"weight":1.0,"played":[0.9996,4.0E-4],"evs":[0.0,-4.09366]},"83s":{"weight":1.0,"played":[0.9999,1.0E-4],"evs":[0.0,-3.14895]},"84s":{"weight":1.0,"played":[0.9975,0.0025],"evs":[0.0,-2.47918]},"85s":{"weight":1.0,"played":[0.9906,0.0094],"evs":[0.0,-2.0614]},"86s":{"weight":1.0,"played":[0.9989,0.0011],"evs":[0.0,-1.25567]},"87s":{"weight":1.0,"played":[0.987,0.013],"evs":[0.0,-1.34873]},"88":{"weight":1.0,"played":[0.0,1.0],"evs":[0.0,4.63363]},"98o":{"weight":1.0,"played":[0.9949,0.0051],"evs":[0.0,-1.20757]},"T8o":{"weight":1.0,"played":[1.0,0.0],"evs":[0.0,-1.0443]},"J8o":{"weight":1.0,"played":[0.9997,3.0E-4],"evs":[0.0,-1.0086]},"Q8o":{"weight":1.0,"played":[0.6646,0.3354],"evs":[0.0,-0.21646]},"K8o":{"weight":1.0,"played":[1.0E-4,0.9999],"evs":[0.0,0.97454]},"A8o":{"weight":1.0,"played":[0.0,1.0],"evs":[0.0,2.34463]},"92s":{"weight":1.0,"played":[1.0,0.0],"evs":[0.0,-3.54814]},"93s":{"weight":1.0,"played":[1.0,0.0],"evs":[0.0,-2.0177]},"94s":{"weight":1.0,"played":[0.9963,0.0037],"evs":[0.0,-2.03818]},"95s":{"weight":1.0,"played":[0.999,0.001],"evs":[0.0,-1.6691]},"96s":{"weight":1.0,"played":[0.9784,0.0216],"evs":[0.0,-0.31856]},"97s":{"weight":1.0,"played":[0.9998,2.0E-4],"evs":[0.0,-0.34595]},"98s":{"weight":1.0,"played":[0.5432,0.4568],"evs":[0.0,0.20525]},"99":{"weight":1.0,"played":[0.0,1.0],"evs":[0.0,6.58319]},"T9o":{"weight":1.0,"played":[0.8122,0.1878],"evs":[0.0,-0.25827]},"J9o":{"weight":1.0,"played":[0.0022,0.9978],"evs":[0.0,0.38824]},"Q9o":{"weight":1.0,"played":[0.0043,0.9957],"evs":[0.0,1.0434]},"K9o":{"weight":1.0,"played":[0.0,1.0],"evs":[0.0,2.23091]},"A9o":{"weight":1.0,"played":[0.0,1.0],"evs":[0.0,3.68846]},"T2s":{"weight":1.0,"played":[0.9998,2.0E-4],"evs":[0.0,-2.35808]},"T3s":{"weight":1.0,"played":[0.9981,0.0019],"evs":[0.0,-1.2173]},"T4s":{"weight":1.0,"played":[0.9992,8.0E-4],"evs":[0.0,-1.89928]},"T5s":{"weight":1.0,"played":[0.9985,0.0015],"evs":[0.0,-1.09598]},"T6s":{"weight":1.0,"played":[0.9847,0.0153],"evs":[0.0,-1.16538]},"T7s":{"weight":1.0,"played":[0.9885,0.0115],"evs":[0.0,-0.72617]},"T8s":{"weight":1.0,"played":[0.752,0.248],"evs":[0.0,-0.28092]},"T9s":{"weight":1.0,"played":[3.0E-4,0.9997],"evs":[0.0,1.44252]},"TT":{"weight":1.0,"played":[0.0,1.0],"evs":[0.0,8.05228]},"JTo":{"weight":1.0,"played":[1.0E-4,0.9999],"evs":[0.0,1.01792]},"QTo":{"weight":1.0,"played":[0.0,1.0],"evs":[0.0,1.95619]},"KTo":{"weight":1.0,"played":[0.0,1.0],"evs":[0.0,3.25186]},"ATo":{"weight":1.0,"played":[0.0,1.0],"evs":[0.0,4.16152]},"J2s":{"weight":1.0,"played":[0.9975,0.0025],"evs":[0.0,-1.45519]},"J3s":{"weight":1.0,"played":[0.9868,0.0132],"evs":[0.0,-1.64483]},"J4s":{"weight":1.0,"played":[1.0,0.0],"evs":[0.0,-1.11249]},"J5s":{"weight":1.0,"played":[0.9941,0.0059],"evs":[0.0,-0.77331]},"J6s":{"weight":1.0,"played":[0.9999,1.0E-4],"evs":[0.0,-1.06296]},"J7s":{"weight":1.0,"played":[0.0116,0.9884],"evs":[0.0,0.47029]},"J8s":{"weight":1.0,"played":[0.0584,0.9416],"evs":[0.0,0.49762]},"J9s":{"weight":1.0,"played":[0.0011,0.9989],"evs":[0.0,1.41266]},"JTs":{"weight":1.0,"played":[0.0011,0.9989],"evs":[0.0,2.74864]},"JJ":{"weight":1.0,"played":[0.0,1.0],"evs":[0.0,10.35516]},"QJo":{"weight":1.0,"played":[0.0,1.0],"evs":[0.0,3.1383]},"KJo":{"weight":1.0,"played":[0.0,1.0],"evs":[0.0,4.00331]},"AJo":{"weight":1.0,"played":[0.0,1.0],"evs":[0.0,5.73143]},"Q2s":{"weight":1.0,"played":[0.9994,6.0E-4],"evs":[0.0,-0.48255]},"Q3s":{"weight":1.0,"played":[0.523,0.477],"evs":[0.0,-0.21311]},"Q4s":{"weight":1.0,"played":[0.075,0.925],"evs":[0.0,0.52727]},"Q5s":{"weight":1.0,"played":[0.6549,0.3451],"evs":[0.0,-0.29628]},"Q6s":{"weight":1.0,"played":[0.1331,0.8669],"evs":[0.0,0.68805]},"Q7s":{"weight":1.0,"played":[0.0911,0.9089],"evs":[0.0,0.26547]},"Q8s":{"weight":1.0,"played":[0.0018,0.9982],"evs":[0.0,1.38668]},"Q9s":{"weight":1.0,"played":[1.0E-4,0.9999],"evs":[0.0,2.1838]},"QTs":{"weight":1.0,"played":[0.0,1.0],"evs":[0.0,4.06396]},"QJs":{"weight":1.0,"played":[4.0E-4,0.9996],"evs":[0.0,4.1311]},"QQ":{"weight":1.0,"played":[0.0,1.0],"evs":[0.0,11.20117]},"KQo":{"weight":1.0,"played":[0.0,1.0],"evs":[0.0,4.90945]},"AQo":{"weight":1.0,"played":[0.0,1.0],"evs":[0.0,6.11033]},"K2s":{"weight":1.0,"played":[0.0093,0.9907],"evs":[0.0,0.27492]},"K3s":{"weight":1.0,"played":[0.0896,0.9104],"evs":[0.0,0.56628]},"K4s":{"weight":1.0,"played":[0.0164,0.9836],"evs":[0.0,0.81099]},"K5s":{"weight":1.0,"played":[0.055,0.945],"evs":[0.0,0.78539]},"K6s":{"weight":1.0,"played":[2.0E-4,0.9998],"evs":[0.0,1.43242]},"K7s":{"weight":1.0,"played":[0.0055,0.9945],"evs":[0.0,2.69194]},"K8s":{"weight":1.0,"played":[0.001,0.999],"evs":[0.0,2.59995]},"K9s":{"weight":1.0,"played":[0.0,1.0],"evs":[0.0,3.57655]},"KTs":{"weight":1.0,"played":[0.0,1.0],"evs":[0.0,5.28718]},"KJs":{"weight":1.0,"played":[1.0E-4,0.9999],"evs":[0.0,6.0707]},"KQs":{"weight":1.0,"played":[3.0E-4,0.9997],"evs":[0.0,5.90581]},"KK":{"weight":1.0,"played":[0.0,1.0],"evs":[0.0,15.01083]},"AKo":{"weight":1.0,"played":[0.0,1.0],"evs":[0.0,6.55407]},"A2s":{"weight":1.0,"played":[2.0E-4,0.9998],"evs":[0.0,2.89033]},"A3s":{"weight":1.0,"played":[0.0,1.0],"evs":[0.0,3.64311]},"A4s":{"weight":1.0,"played":[2.0E-4,0.9998],"evs":[0.0,4.22594]},"A5s":{"weight":1.0,"played":[0.0,1.0],"evs":[0.0,3.77574]},"A6s":{"weight":1.0,"played":[0.0,1.0],"evs":[0.0,3.60155]},"A7s":{"weight":1.0,"played":[0.0,1.0],"evs":[0.0,4.39421]},"A8s":{"weight":1.0,"played":[0.0,1.0],"evs":[0.0,4.5664]},"A9s":{"weight":1.0,"played":[2.0E-4,0.9998],"evs":[0.0,5.35777]},"ATs":{"weight":1.0,"played":[0.0,1.0],"evs":[0.0,6.18352]},"AJs":{"weight":1.0,"played":[0.0,1.0],"evs":[0.0,7.18061]},"AQs":{"weight":1.0,"played":[0.0,1.0],"evs":[0.0,7.68724]},"AKs":{"weight":1.0,"played":[0.0,1.0],"evs":[0.0,8.13962]},"AA":{"weight":1.0,"played":[0.0,1.0],"evs":[0.0,18.85457]}}}