{"player":2,"street":0,"children":2,"sequence":[{"player":0,"type":"R","amount":165000,"street":0},{"player":1,"type":"C","amount":165000,"street":0},{"player":2,"type":"C","amount":165000,"street":0},{"player":3,"type":"F","amount":0,"street":0},{"player":4,"type":"F","amount":0,"street":0},{"player":5,"type":"R","amount":995000,"street":0},{"player":1,"type":"F","amount":0,"street":0}],"actions":[{"type":"F","amount":0},{"type":"C","amount":830000}],"hands":{"22":{"weight":0.8603,"played":[0.0,1.0],"evs":[0.0,2.54113]},"32o":{"weight":0.0,"played":[0.0263,0.9737],"evs":[0.0,4.70646]},"42o":{"weight":0.0,"played":[0.9876,0.0124],"evs":[0.0,-1.11416]},"52o":{"weight":0.0,"played":[0.2734,0.7266],"evs":[0.0,1.85385]},"62o":{"weight":0.0,"played":[0.0043,0.9957],"evs":[0.0,3.28054]},"72o":{"weight":0.0,"played":[0.2119,0.7881],"evs":[0.0,2.08125]},"82o":{"weight":0.0,"played":[0.8447,0.1553],"evs":[0.0,-2.8016]},"92o":{"weight":0.0,"played":[0.1562,0.8438],"evs":[0.0,2.46825]},"T2o":{"weight":0.0,"played":[0.0199,0.9801],"evs":[0.0,2.60793]},"J2o":{"weight":0.0,"played":[0.2645,0.7355],"evs":[0.0,0.24696]},"Q2o":{"weight":0.0,"played":[0.0304,0.9696],"evs":[0.0,1.6056]},"K2o":{"weight":0.0,"played":[0.0445,0.9555],"evs":[0.0,4.58667]},"A2o":{"weight":0.5601,"played":[0.0,1.0],"evs":[0.0,3.11349]},"32s":{"weight":0.0,"played":[0.2343,0.7657],"evs":[0.0,4.22901]},"33":{"weight":0.0044,"played":[0.0016,0.9984],"evs":[0.0,6.37096]},"43o":{"weight":0.0,"played":[0.1982,0.8018],"evs":[0.0,2.16229]},"53o":{"weight":0.0,"played":[0.0117,0.9883],"evs":[0.0,0.69028]},"63o":{"weight":0.0,"played":[0.0147,0.9853],"evs":[0.0,1.33034]},"73o":{"weight":0.0,"played":[0.3666,0.6334],"evs":[0.0,-0.78065]},"83o":{"weight":0.0,"played":[0.5875,0.4125],"evs":[0.0,0.24201]},"93o":{"weight":0.0,"played":[0.0345,0.9655],"evs":[0.0,1.31801]},"T3o":{"weight":0.0,"played":[0.0847,0.9153],"evs":[0.0,2.18957]},"J3o":{"weight":0.0,"played":[0.1629,0.8371],"evs":[0.0,2.59966]},"Q3o":{"weight":0.0,"played":[0.1089,0.8911],"evs":[0.0,4.03153]},"K3o":{"weight":0.0,"played":[0.0,1.0],"evs":[0.0,1.31085]},"A3o":{"weight":0.0044,"played":[0.0,1.0],"evs":[0.0,4.66775]},"42s":{"weight":0.0028,"played":[0.0016,0.9984],"evs":[0.0,2.79033]},"43s":{"weight":0.0,"played":[0.8623,0.1377],"evs":[0.0,0.87879]},"44":{"weight":0.018,"played":[0.0,1.0],"evs":[0.0,5.31684]},"54o":{"weight":0.0,"played":[0.1532,0.8468],"evs":[0.0,0.55727]},"64o":{"weight":0.0,"played":[0.1208,0.8792],"evs":[0.0,4.3972]},"74o":{"weight":0.0,"played":[0.398,0.602],"evs":[0.0,-0.76717]},"84o":{"weight":0.0,"played":[0.2811,0.7189],"evs":[0.0,-0.8689]},"94o":{"weight":0.0,"played":[0.0019,0.9981],"evs":[0.0,3.88744]},"T4o":{"weight":0.0,"played":[0.1635,0.8365],"evs":[0.0,0.65809]},"J4o":{"weight":0.0,"played":[0.1381,0.8619],"evs":[0.0,5.3433]},"Q4o":{"weight":1.0E-4,"played":[0.1499,0.8501],"evs":[0.0,2.77374]},"K4o":{"weight":0.0189,"played":[0.0161,0.9839],"evs":[0.0,3.47815]},"A4o":{"weight":0.0033,"played":[0.0,1.0],"evs":[0.0,3.25596]},"52s":{"weight":0.0013,"played":[0.4991,0.5009],"evs":[0.0,3.35231]},"53s":{"weight":0.5374,"played":[0.2222,0.7778],"evs":[0.0,10.48987]},"54s":{"weight":0.8231,"played":[0.143,0.857],"evs":[0.0,7.06976]},"55":{"weight":1.0E-4,"played":[0.0019,0.9981],"evs":[0.0,10.18871]},"65o":{"weight":0.0,"played":[0.0252,0.9748],"evs":[0.0,1.9315]},"75o":{"weight":0.0,"played":[0.291,0.709],"evs":[0.0,1.26487]},"85o":{"weight":0.0,"played":[0.8116,0.1884],"evs":[0.0,-1.30551]},"95o":{"weight":0.0,"played":[0.0024,0.9976],"evs":[0.0,2.57219]},"T5o":{"weight":0.0,"played":[0.2711,0.7289],"evs":[0.0,-0.0652]},"J5o":{"weight":0.0,"played":[0.0166,0.9834],"evs":[0.0,3.79409]},"Q5o":{"weight":0.0,"played":[0.5198,0.4802],"evs":[0.0,-0.40128]},"K5o":{"weight":0.2163,"played":[0.0024,0.9976],"evs":[0.0,3.73041]},"A5o":{"weight":0.0012,"played":[0.0,1.0],"evs":[0.0,10.48426]},"62s":{"weight":0.0,"played":[0.0181,0.9819],"evs":[0.0,3.27876]},"63s":{"weight":0.0034,"played":[0.1275,0.8725],"evs":[0.0,0.97751]},"64s":{"weight":0.5082,"played":[0.0,1.0],"evs":[0.0,2.15732]},"65s":{"weight":0.9557,"played":[0.304,0.696],"evs":[0.0,3.54807]},"66":{"weight":0.5001,"played":[0.0721,0.9279],"evs":[0.0,10.76161]},"76o":{"weight":0.0,"played":[0.1153,0.8847],"evs":[0.0,-0.65781]},"86o":{"weight":0.0,"played":[0.3818,0.6182],"evs":[0.0,0.15316]},"96o":{"weight":0.0,"played":[0.155,0.845],"evs":[0.0,0.72276]},"T6o":{"weight":0.0,"played":[0.1492,0.8508],"evs":[0.0,2.19024]},"J6o":{"weight":0.0,"played":[0.0328,0.9672],"evs":[0.0,2.87189]},"Q6o":{"weight":0.0,"played":[0.0113,0.9887],"evs":[0.0,1.62855]},"K6o":{"weight":0.9091,"played":[0.1754,0.8246],"evs":[0.0,4.05456]},"A6o":{"weight":3.0E-4,"played":[0.0382,0.9618],"evs":[0.0,2.35472]},"72s":{"weight":0.0,"played":[0.5117,0.4883],"evs":[0.0,4.92754]},"73s":{"weight":0.0,"played":[0.1444,0.8556],"evs":[0.0,7.83235]},"74s":{"weight":0.0043,"played":[0.2044,0.7956],"evs":[0.0,4.17272]},"75s":{"weight":0.6022,"played":[0.1413,0.8587],"evs":[0.0,3.20315]},"76s":{"weight":0.9358,"played":[0.2433,0.7567],"evs":[0.0,4.89911]},"77":{"weight":0.1936,"played":[0.0124,0.9876],"evs":[0.0,6.86858]},"87o":{"weight":0.0,"played":[0.0943,0.9057],"evs":[0.0,0.63497]},"97o":{"weight":0.0,"played":[0.0084,0.9916],"evs":[0.0,3.44088]},"T7o":{"weight":0.0,"played":[0.5326,0.4674],"evs":[0.0,2.4277]},"J7o":{"weight":0.0,"played":[0.0664,0.9336],"evs":[0.0,2.15213]},"Q7o":{"weight":9.0E-4,"played":[0.1876,0.8124],"evs":[0.0,0.28322]},"K7o":{"weight":0.9909,"played":[7.0E-4,0.9993],"evs":[0.0,3.12309]},"A7o":{"weight":0.0,"played":[0.0,1.0],"evs":[0.0,6.43644]},"82s":{"weight":0.0,"played":[0.421,0.579],"evs":[0.0,1.75398]},"83s":{"weight":0.0,"played":[0.3578,0.6422],"evs":[0.0,-0.86879]},"84s":{"weight":0.0,"played":[0.3346,0.6654],"evs":[0.0,-2.52573]},"85s":{"weight":0.0166,"played":[0.2312,0.7688],"evs":[0.0,6.34649]},"86s":{"weight":0.7398,"played":[0.1817,0.8183],"evs":[0.0,3.01083]},"87s":{"weight":0.9815,"played":[0.1354,0.8646],"evs":[0.0,6.25786]},"88":{"weight":0.0359,"played":[0.0,1.0],"evs":[0.0,8.19272]},"98o":{"weight":0.0201,"played":[0.0145,0.9855],"evs":[0.0,1.86434]},"T8o":{"weight":0.0444,"played":[0.0027,0.9973],"evs":[0.0,3.1173]},"J8o":{"weight":0.0642,"played":[0.4278,0.5722],"evs":[0.0,-0.76025]},"Q8o":{"weight":0.7862,"played":[0.014,0.986],"evs":[0.0,3.3807]},"K8o":{"weight":0.8644,"played":[0.0243,0.9757],"evs":[0.0,2.68152]},"A8o":{"weight":3.0E-4,"played":[0.0662,0.9338],"evs":[0.0,5.15032]},"92s":{"weight":0.0,"played":[0.3301,0.6699],"evs":[0.0,3.09525]},"93s":{"weight":0.0,"played":[0.7469,0.2531],"evs":[0.0,-0.371]},"94s":{"weight":2.0E-4,"played":[0.0182,0.9818],"evs":[0.0,8.32575]},"95s":{"weight":0.0027,"played":[0.02,0.98],"evs":[0.0,6.34757]},"96s":{"weight":0.7394,"played":[0.043,0.957],"evs":[0.0,2.44919]},"97s":{"weight":0.9699,"played":[0.0,1.0],"evs":[0.0,4.00464]},"98s":{"weight":0.1068,"played":[0.0765,0.9235],"evs":[0.0,4.79045]},"99":{"weight":0.0753,"played":[0.0,1.0],"evs":[0.0,11.51114]},"T9o":{"weight":0.9828,"played":[0.0308,0.9692],"evs":[0.0,1.50412]},"J9o":{"weight":0.9517,"played":[0.0049,0.9951],"evs":[0.0,2.49167]},"Q9o":{"weight":0.9438,"played":[0.0135,0.9865],"evs":[0.0,4.49202]},"K9o":{"weight":0.0403,"played":[0.0127,0.9873],"evs":[0.0,8.06663]},"A9o":{"weight":0.0,"played":[0.0174,0.9826],"evs":[0.0,10.03911]},"T2s":{"weight":0.0,"played":[0.4919,0.5081],"evs":[0.0,1.57311]},"T3s":{"weight":2.0E-4,"played":[0.3482,0.6518],"evs":[0.0,1.48138]},"T4s":{"weight":1.0E-4,"played":[0.4405,0.5595],"evs":[0.0,0.94512]},"T5s":{"weight":0.0703,"played":[0.065,0.935],"evs":[0.0,6.37975]},"T6s":{"weight":0.8704,"played":[0.7857,0.2143],"evs":[0.0,-0.5669]},"T7s":{"weight":0.3544,"played":[0.4105,0.5895],"evs":[0.0,4.37925]},"T8s":{"weight":0.0493,"played":[0.6132,0.3868],"evs":[0.0,-1.17458]},"T9s":{"weight":1.0E-4,"played":[0.0,1.0],"evs":[0.0,2.39047]},"TT":{"weight":0.3798,"played":[0.0,1.0],"evs":[0.0,12.22435]},"JTo":{"weight":0.0308,"played":[0.0024,0.9976],"evs":[0.0,1.10251]},"QTo":{"weight":0.0038,"played":[0.0014,0.9986],"evs":[0.0,4.09537]},"KTo":{"weight":0.0491,"played":[0.0,1.0],"evs":[0.0,6.73975]},"ATo":{"weight":0.0011,"played":[0.0,1.0],"evs":[0.0,7.40553]},"J2s":{"weight":2.0E-4,"played":[0.0066,0.9934],"evs":[0.0,4.75011]},"J3s":{"weight":0.0,"played":[0.0013,0.9987],"evs":[0.0,6.6779]},"J4s":{"weight":0.5496,"played":[0.2298,0.7702],"evs":[0.0,1.82843]},"J5s":{"weight":0.7286,"played":[0.1226,0.8774],"evs":[0.0,6.00621]},"J6s":{"weight":0.8548,"played":[0.0744,0.9256],"evs":[0.0,0.34976]},"J7s":{"weight":0.6371,"played":[0.0424,0.9576],"evs":[0.0,0.95653]},"J8s":{"weight":0.1099,"played":[0.0011,0.9989],"evs":[0.0,2.93561]},"J9s":{"weight":1.0E-4,"played":[0.1773,0.8227],"evs":[0.0,4.90584]},"JTs":{"weight":0.002,"played":[0.1358,0.8642],"evs":[0.0,0.97085]},"JJ":{"weight":0.7828,"played":[0.0,1.0],"evs":[0.0,7.90362]},"QJo":{"weight":0.0816,"played":[0.0087,0.9913],"evs":[0.0,8.04185]},"KJo":{"weight":0.2397,"played":[0.0247,0.9753],"evs":[0.0,4.98176]},"AJo":{"weight":0.0019,"played":[0.0034,0.9966],"evs":[0.0,8.06201]},"Q2s":{"weight":6.0E-4,"played":[0.8454,0.1546],"evs":[0.0,-0.49684]},"Q3s":{"weight":0.9462,"played":[0.7259,0.2741],"evs":[0.0,0.90049]},"Q4s":{"weight":0.514,"played":[0.0128,0.9872],"evs":[0.0,7.35752]},"Q5s":{"weight":0.9039,"played":[0.3446,0.6554],"evs":[0.0,3.65646]},"Q6s":{"weight":0.9498,"played":[0.0021,0.9979],"evs":[0.0,4.14107]},"Q7s":{"weight":0.7377,"played":[0.0,1.0],"evs":[0.0,9.061]},"Q8s":{"weight":0.035,"played":[0.0276,0.9724],"evs":[0.0,6.36898]},"Q9s":{"weight":0.0253,"played":[0.0289,0.9711],"evs":[0.0,9.15678]},"QTs":{"weight":0.302,"played":[0.1038,0.8962],"evs":[0.0,3.88619]},"QJs":{"weight":0.561,"played":[0.0,1.0],"evs":[0.0,9.0273]},"QQ":{"weight":0.8903,"played":[0.0036,0.9964],"evs":[0.0,12.49933]},"KQo":{"weight":0.1964,"played":[0.0023,0.9977],"evs":[0.0,1.959]},"AQo":{"weight":0.0422,"played":[0.0,1.0],"evs":[0.0,9.06064]},"K2s":{"weight":0.9947,"played":[0.1835,0.8165],"evs":[0.0,4.65283]},"K3s":{"weight":0.2652,"played":[0.6047,0.3953],"evs":[0.0,2.7496]},"K4s":{"weight":0.0758,"played":[0.1389,0.8611],"evs":[0.0,1.49447]},"K5s":{"weight":0.4081,"played":[0.0637,0.9363],"evs":[0.0,4.66273]},"K6s":{"weight":0.0083,"played":[0.202,0.798],"evs":[0.0,6.98163]},"K7s":{"weight":0.0029,"played":[0.0744,0.9256],"evs":[0.0,11.19746]},"K8s":{"weight":0.0017,"played":[0.1039,0.8961],"evs":[0.0,5.69682]},"K9s":{"weight":0.3096,"played":[0.0,1.0],"evs":[0.0,6.9389]},"KTs":{"weight":0.3897,"played":[0.0369,0.9631],"evs":[0.0,4.52973]},"KJs":{"weight":0.8841,"played":[0.0098,0.9902],"evs":[0.0,7.78161]},"KQs":{"weight":0.062,"played":[0.0118,0.9882],"evs":[0.0,11.08782]},"KK":{"weight":0.9841,"played":[0.0,1.0],"evs":[0.0,11.98032]},"AKo":{"weight":0.0556,"played":[0.0031,0.9969],"evs":[0.0,10.68222]},"A2s":{"weight":0.0098,"played":[0.0,1.0],"evs":[0.0,3.98329]},"A3s":{"weight":3.0E-4,"played":[0.031,0.969],"evs":[0.0,6.01117]},"A4s":{"weight":0.0,"played":[0.0611,0.9389],"evs":[0.0,1.56952]},"A5s":{"weight":0.003,"played":[0.0,1.0],"evs":[0.0,7.82121]},"A6s":{"weight":0.0124,"played":[0.0,1.0],"evs":[0.0,5.7172]},"A7s":{"weight":0.0,"played":[0.0084,0.9916],"evs":[0.0,7.04544]},"A8s":{"weight":0.0066,"played":[0.0,1.0],"evs":[0.0,12.82148]},"A9s":{"weight":0.0071,"played":[0.0196,0.9804],"evs":[0.0,6.92595]},"ATs":{"weight":0.0116,"played":[0.0,1.0],"evs":[0.0,14.01967]},"AJs":{"weight":0.0,"played":[0.0,1.0],"evs":[0.0,6.3217]},"AQs":{"weight":0.245,"played":[0.0356,0.9644],"evs":[0.0,2.25288]},"AKs":{"weight":0.237,"played":[0.0,1.0],"evs":[0.0,4.97078]},"AA":{"weight":0.9952,"played":[0.0139,0.9861],"evs":[0.0,15.73839]}}}