{"player":1,"street":0,"children":2,"sequence":[{"player":0,"type":"R","amount":165000,"street":0},{"player":1,"type":"C","amount":165000,"street":0},{"player":2,"type":"C","amount":165000,"street":0},{"player":3,"type":"F","amount":0,"street":0},{"player":4,"type":"R","amount":1815000,"street":0},{"player":5,"type":"F","amount":0,"street":0}],"actions":[{"type":"F","amount":0,"node":265},{"type":"C","amount":820000,"node":266}],"hands":{"22":{"weight":0.0092,"played":[0.0,1.0],"evs":[0.0,0.86995]},"32o":{"weight":0.0,"played":[1.0,0.0],"evs":[0.0,-1.4148]},"42o":{"weight":0.0,"played":[1.0,0.0],"evs":[0.0,-1.24216]},"52o":{"weight":0.0,"played":[1.0,0.0],"evs":[0.0,-1.26597]},"62o":{"weight":0.0,"played":[1.0,0.0],"evs":[0.0,-1.67683]},"72o":{"weight":0.0,"played":[1.0,0.0],"evs":[0.0,-1.93066]},"82o":{"weight":0.0,"played":[1.0,0.0],"evs":[0.0,-1.76828]},"92o":{"weight":0.0,"played":[1.0,0.0],"evs":[0.0,-1.76187]},"T2o":{"weight":0.0,"played":[1.0,0.0],"evs":[0.0,-1.3534]},"J2o":{"weight":0.0,"played":[1.0,0.0],"evs":[0.0,-1.28692]},"Q2o":{"weight":0.0,"played":[1.0,0.0],"evs":[0.0,-1.15169]},"K2o":{"weight":0.0,"played":[1.0,0.0],"evs":[0.0,-0.6763]},"A2o":{"weight":0.307,"played":[0.0,1.0],"evs":[0.0,1.26076]},"32s":{"weight":0.0,"played":[0.9974,0.0026],"evs":[0.0,-0.36965]},"33":{"weight":0.0524,"played":[0.0,1.0],"evs":[0.0,1.22706]},"43o":{"weight":0.0,"played":[1.0,0.0],"evs":[0.0,-0.81263]},"53o":{"weight":0.0,"played":[1.0,0.0],"evs":[0.0,-0.71912]},"63o":{"weight":0.0,"played":[1.0,0.0],"evs":[0.0,-1.07855]},"73o":{"weight":0.0,"played":[1.0,0.0],"evs":[0.0,-1.42098]},"83o":{"weight":0.0,"played":[1.0,0.0],"evs":[0.0,-1.62637]},"93o":{"weight":0.0,"played":[1.0,0.0],"evs":[0.0,-1.50807]},"T3o":{"weight":0.0,"played":[1.0,0.0],"evs":[0.0,-1.09635]},"J3o":{"weight":0.0,"played":[1.0,0.0],"evs":[0.0,-1.0743]},"Q3o":{"weight":0.0,"played":[1.0,0.0],"evs":[0.0,-0.90701]},"K3o":{"weight":0.0,"played":[0.9996,4.0E-4],"evs":[0.0,-0.38582]},"A3o":{"weight":1.0E-4,"played":[0.0,1.0],"evs":[0.0,1.5131]},"42s":{"weight":0.0,"played":[0.9913,0.0087],"evs":[0.0,-0.23817]},"43s":{"weight":0.0,"played":[0.0135,0.9865],"evs":[0.0,0.18442]},"44":{"weight":3.0E-4,"played":[0.0,1.0],"evs":[0.0,1.81909]},"54o":{"weight":0.0,"played":[0.9997,3.0E-4],"evs":[0.0,-0.26911]},"64o":{"weight":0.0,"played":[0.9999,1.0E-4],"evs":[0.0,-0.6975]},"74o":{"weight":0.0,"played":[1.0,0.0],"evs":[0.0,-0.97473]},"84o":{"weight":0.0,"played":[1.0,0.0],"evs":[0.0,-1.24133]},"94o":{"weight":0.0,"played":[1.0,0.0],"evs":[0.0,-1.34195]},"T4o":{"weight":0.0,"played":[1.0,0.0],"evs":[0.0,-0.93748]},"J4o":{"weight":0.0,"played":[1.0,0.0],"evs":[0.0,-0.93769]},"Q4o":{"weight":0.0,"played":[1.0,0.0],"evs":[0.0,-0.70694]},"K4o":{"weight":0.0,"played":[1.0,0.0],"evs":[0.0,-0.24019]},"A4o":{"weight":0.0,"played":[0.0,1.0],"evs":[0.0,1.74559]},"52s":{"weight":0.0,"played":[0.9993,7.0E-4],"evs":[0.0,-0.23551]},"53s":{"weight":0.0,"played":[1.0E-4,0.9999],"evs":[0.0,0.56683]},"54s":{"weight":0.0,"played":[0.0,1.0],"evs":[0.0,0.79206]},"55":{"weight":2.0E-4,"played":[0.0,1.0],"evs":[0.0,2.1067]},"65o":{"weight":0.0,"played":[0.999,0.001],"evs":[0.0,-0.21899]},"75o":{"weight":0.0,"played":[0.9999,1.0E-4],"evs":[0.0,-0.43351]},"85o":{"weight":0.0,"played":[1.0,0.0],"evs":[0.0,-0.83177]},"95o":{"weight":0.0,"played":[1.0,0.0],"evs":[0.0,-1.0547]},"T5o":{"weight":0.0,"played":[1.0,0.0],"evs":[0.0,-0.95667]},"J5o":{"weight":0.0,"played":[1.0,0.0],"evs":[0.0,-0.74438]},"Q5o":{"weight":0.0,"played":[0.9999,1.0E-4],"evs":[0.0,-0.56155]},"K5o":{"weight":0.0,"played":[0.9785,0.0215],"evs":[0.0,-0.10821]},"A5o":{"weight":0.0,"played":[0.0,1.0],"evs":[0.0,1.95619]},"62s":{"weight":0.0,"played":[0.9996,4.0E-4],"evs":[0.0,-0.5138]},"63s":{"weight":0.0,"played":[0.5394,0.4606],"evs":[0.0,-0.05317]},"64s":{"weight":0.0,"played":[3.0E-4,0.9997],"evs":[0.0,0.45705]},"65s":{"weight":0.0,"played":[1.0E-4,0.9999],"evs":[0.0,0.79315]},"66":{"weight":0.0,"played":[0.0,1.0],"evs":[0.0,2.5897]},"76o":{"weight":0.0,"played":[0.9994,6.0E-4],"evs":[0.0,-0.19842]},"86o":{"weight":0.0,"played":[1.0,0.0],"evs":[0.0,-0.35851]},"96o":{"weight":0.0,"played":[1.0,0.0],"evs":[0.0,-0.64656]},"T6o":{"weight":0.0,"played":[0.9999,1.0E-4],"evs":[0.0,-0.64819]},"J6o":{"weight":0.0,"played":[1.0,0.0],"evs":[0.0,-0.85449]},"Q6o":{"weight":0.0,"played":[0.9997,3.0E-4],"evs":[0.0,-0.52662]},"K6o":{"weight":0.0,"played":[0.1855,0.8145],"evs":[0.0,0.10257]},"A6o":{"weight":1.0E-4,"played":[0.0,1.0],"evs":[0.0,1.74893]},"72s":{"weight":0.0,"played":[0.9991,9.0E-4],"evs":[0.0,-0.82581]},"73s":{"weight":0.0,"played":[0.9962,0.0038],"evs":[0.0,-0.25145]},"74s":{"weight":0.0,"played":[0.005,0.995],"evs":[0.0,0.21848]},"75s":{"weight":0.0,"played":[5.0E-4,0.9995],"evs":[0.0,0.63024]},"76s":{"weight":2.0E-4,"played":[0.0,1.0],"evs":[0.0,0.91856]},"77":{"weight":0.0,"played":[0.0,1.0],"evs":[0.0,3.20786]},"87o":{"weight":0.0,"played":[0.9513,0.0487],"evs":[0.0,-0.04404]},"97o":{"weight":0.0,"played":[1.0,0.0],"evs":[0.0,-0.31366]},"T7o":{"weight":0.0,"played":[1.0,0.0],"evs":[0.0,-0.24283]},"J7o":{"weight":0.0,"played":[0.9997,3.0E-4],"evs":[0.0,-0.44384]},"Q7o":{"weight":0.0,"played":[1.0,0.0],"evs":[0.0,-0.44311]},"K7o":{"weight":0.0,"played":[0.0117,0.9883],"evs":[0.0,0.32302]},"A7o":{"weight":0.0,"played":[0.0,1.0],"evs":[0.0,2.19909]},"82s":{"weight":0.0,"played":[0.9996,4.0E-4],"evs":[0.0,-0.66162]},"83s":{"weight":0.0,"played":[0.9997,3.0E-4],"evs":[0.0,-0.46202]},"84s":{"weight":0.0,"played":[0.6877,0.3123],"evs":[0.0,-0.01003]},"85s":{"weight":0.0,"played":[0.0078,0.9922],"evs":[0.0,0.30969]},"86s":{"weight":0.0,"played":[0.0,1.0],"evs":[0.0,0.55784]},"87s":{"weight":0.9999,"played":[0.0,1.0],"evs":[0.0,0.98462]},"88":{"weight":1.0E-4,"played":[0.0,1.0],"evs":[0.0,3.836]},"98o":{"weight":0.0,"played":[0.0933,0.9067],"evs":[0.0,0.17943]},"T8o":{"weight":0.0,"played":[9.0E-4,0.9991],"evs":[0.0,0.22801]},"J8o":{"weight":0.0,"played":[0.0117,0.9883],"evs":[0.0,0.04703]},"Q8o":{"weight":0.0,"played":[0.0587,0.9413],"evs":[0.0,0.01343]},"K8o":{"weight":0.0,"played":[0.0,1.0],"evs":[0.0,0.57029]},"A8o":{"weight":0.0,"played":[0.0,1.0],"evs":[0.0,2.51305]},"92s":{"weight":0.0,"played":[0.9999,1.0E-4],"evs":[0.0,-0.62145]},"93s":{"weight":0.0,"played":[0.9999,1.0E-4],"evs":[0.0,-0.26794]},"94s":{"weight":0.0,"played":[0.9998,2.0E-4],"evs":[0.0,-0.30764]},"95s":{"weight":0.0,"played":[0.0038,0.9962],"evs":[0.0,0.21589]},"96s":{"weight":0.0,"played":[1.0E-4,0.9999],"evs":[0.0,0.46053]},"97s":{"weight":0.0276,"played":[0.0,1.0],"evs":[0.0,0.68765]},"98s":{"weight":0.0256,"played":[0.0,1.0],"evs":[0.0,1.23805]},"99":{"weight":0.0,"played":[0.0,1.0],"evs":[0.0,4.8109]},"T9o":{"weight":0.0,"played":[0.0,1.0],"evs":[0.0,0.62088]},"J9o":{"weight":0.0,"played":[0.0,1.0],"evs":[0.0,0.58454]},"Q9o":{"weight":0.0,"played":[1.0E-4,0.9999],"evs":[0.0,0.84329]},"K9o":{"weight":0.0,"played":[0.0,1.0],"evs":[0.0,1.32435]},"A9o":{"weight":0.0,"played":[0.0,1.0],"evs":[0.0,3.07819]},"T2s":{"weight":0.0,"played":[0.9112,0.0888],"evs":[0.0,-0.19421]},"T3s":{"weight":0.0,"played":[0.386,0.614],"evs":[0.0,0.03812]},"T4s":{"weight":0.0,"played":[0.007,0.993],"evs":[0.0,0.22128]},"T5s":{"weight":0.0,"played":[0.1818,0.8182],"evs":[0.0,0.12383]},"T6s":{"weight":0.0,"played":[0.0,1.0],"evs":[0.0,0.49179]},"T7s":{"weight":8.0E-4,"played":[0.0,1.0],"evs":[0.0,0.90424]},"T8s":{"weight":0.0085,"played":[0.0,1.0],"evs":[0.0,1.36162]},"T9s":{"weight":7.0E-4,"played":[0.0,1.0],"evs":[0.0,1.72087]},"TT":{"weight":0.0,"played":[0.0,1.0],"evs":[0.0,5.92012]},"JTo":{"weight":0.0,"played":[0.0,1.0],"evs":[0.0,1.47725]},"QTo":{"weight":0.0,"played":[0.0,1.0],"evs":[0.0,1.6526]},"KTo":{"weight":0.0,"played":[0.0,1.0],"evs":[0.0,2.28509]},"ATo":{"weight":0.0,"played":[0.0,1.0],"evs":[0.0,3.83765]},"J2s":{"weight":0.0,"played":[0.9994,6.0E-4],"evs":[0.0,-0.15309]},"J3s":{"weight":0.0,"played":[0.1115,0.8885],"evs":[0.0,0.14569]},"J4s":{"weight":0.0,"played":[0.0013,0.9987],"evs":[0.0,0.30671]},"J5s":{"weight":0.0,"played":[0.0901,0.9099],"evs":[0.0,0.28183]},"J6s":{"weight":0.0,"played":[0.0,1.0],"evs":[0.0,0.26415]},"J7s":{"weight":0.0,"played":[0.0,1.0],"evs":[0.0,0.7719]},"J8s":{"weight":0.0,"played":[0.0,1.0],"evs":[0.0,1.18169]},"J9s":{"weight":3.0E-4,"played":[0.0,1.0],"evs":[0.0,1.80247]},"JTs":{"weight":0.0,"played":[0.0,1.0],"evs":[0.0,2.49462]},"JJ":{"weight":0.0,"played":[0.0,1.0],"evs":[0.0,7.07868]},"QJo":{"weight":0.0,"played":[0.0,1.0],"evs":[0.0,1.97037]},"KJo":{"weight":0.0,"played":[0.0,1.0],"evs":[0.0,2.74]},"AJo":{"weight":0.0,"played":[0.0,1.0],"evs":[0.0,4.38781]},"Q2s":{"weight":0.0,"played":[0.0139,0.9861],"evs":[0.0,0.21894]},"Q3s":{"weight":0.0,"played":[2.0E-4,0.9998],"evs":[0.0,0.28933]},"Q4s":{"weight":0.0,"played":[0.0023,0.9977],"evs":[0.0,0.49831]},"Q5s":{"weight":0.0,"played":[0.0,1.0],"evs":[0.0,0.61304]},"Q6s":{"weight":0.0013,"played":[0.0,1.0],"evs":[0.0,0.64318]},"Q7s":{"weight":0.0,"played":[0.0,1.0],"evs":[0.0,0.79535]},"Q8s":{"weight":0.0,"played":[0.0,1.0],"evs":[0.0,1.05859]},"Q9s":{"weight":0.0,"played":[0.0,1.0],"evs":[0.0,1.84117]},"QTs":{"weight":0.0,"played":[0.0,1.0],"evs":[0.0,2.61672]},"QJs":{"weight":1.0E-4,"played":[0.0,1.0],"evs":[0.0,2.96779]},"QQ":{"weight":0.0,"played":[0.0,1.0],"evs":[0.0,8.58802]},"KQo":{"weight":0.0,"played":[0.0,1.0],"evs":[0.0,3.29849]},"AQo":{"weight":0.0,"played":[0.0,1.0],"evs":[0.0,4.88192]},"K2s":{"weight":0.0,"played":[0.0011,0.9989],"evs":[0.0,0.5768]},"K3s":{"weight":0.0,"played":[5.0E-4,0.9995],"evs":[0.0,0.82104]},"K4s":{"weight":0.0,"played":[0.0,1.0],"evs":[0.0,0.98856]},"K5s":{"weight":0.0,"played":[1.0E-4,0.9999],"evs":[0.0,1.07894]},"K6s":{"weight":0.0,"played":[0.0,1.0],"evs":[0.0,1.31962]},"K7s":{"weight":0.0,"played":[0.0,1.0],"evs":[0.0,1.47867]},"K8s":{"weight":0.0,"played":[0.0,1.0],"evs":[0.0,1.76857]},"K9s":{"weight":0.0,"played":[0.0,1.0],"evs":[0.0,2.53322]},"KTs":{"weight":0.0,"played":[0.0,1.0],"evs":[0.0,3.2924]},"KJs":{"weight":0.0,"played":[0.0,1.0],"evs":[0.0,3.58814]},"KQs":{"weight":0.0,"played":[0.0,1.0],"evs":[0.0,4.26558]},"KK":{"weight":0.2543,"played":[0.0,1.0],"evs":[0.0,10.78893]},"AKo":{"weight":0.0,"played":[0.0,1.0],"evs":[0.0,5.61985]},"A2s":{"weight":0.0,"played":[0.0,1.0],"evs":[0.0,2.38843]},"A3s":{"weight":0.0,"played":[0.0,1.0],"evs":[0.0,2.77665]},"A4s":{"weight":0.0,"played":[0.0,1.0],"evs":[0.0,2.97212]},"A5s":{"weight":0.0,"played":[0.0,1.0],"evs":[0.0,2.9972]},"A6s":{"weight":0.0,"played":[0.0,1.0],"evs":[0.0,3.04487]},"A7s":{"weight":0.0,"played":[0.0,1.0],"evs":[0.0,3.21727]},"A8s":{"weight":0.0,"played":[0.0,1.0],"evs":[0.0,3.59548]},"A9s":{"weight":0.0,"played":[0.0,1.0],"evs":[0.0,4.10647]},"ATs":{"weight":0.0,"played":[0.0,1.0],"evs":[0.0,4.71702]},"AJs":{"weight":0.0,"played":[0.0,1.0],"evs":[0.0,5.29486]},"AQs":{"weight":0.0,"played":[0.0,1.0],"evs":[0.0,5.99253]},"AKs":{"weight":0.0,"played":[0.0,1.0],"evs":[0.0,6.46462]},"AA":{"weight":0.0598,"played":[0.0,1.0],"evs":[0.0,13.74123]}}}