{"player":2,"street":0,"children":2,"sequence":[{"player":0,"type":"R","amount":165000,"street":0},{"player":1,"type":"C","amount":165000,"street":0},{"player":2,"type":"C","amount":165000,"street":0},{"player":3,"type":"F","amount":0,"street":0},{"player":4,"type":"R","amount":1815000,"street":0},{"player":5,"type":"F","amount":0,"street":0},{"player":1,"type":"C","amount":820000,"street":0}],"actions":[{"type":"F","amount":0},{"type":"C","amount":1650000}],"hands":{"22":{"weight":0.8603,"played":[2.0E-4,0.9998],"evs":[0.0,1.5843]},"32o":{"weight":0.0,"played":[0.9988,0.0012],"evs":[0.0,-3.30138]},"42o":{"weight":0.0,"played":[0.9985,0.0015],"evs":[0.0,-2.62864]},"52o":{"weight":0.0,"played":[0.9999,1.0E-4],"evs":[0.0,-2.31083]},"62o":{"weight":0.0,"played":[0.9999,1.0E-4],"evs":[0.0,-3.08141]},"72o":{"weight":0.0,"played":[0.9999,1.0E-4],"evs":[0.0,-4.66829]},"82o":{"weight":0.0,"played":[0.9999,1.0E-4],"evs":[0.0,-4.25937]},"92o":{"weight":0.0,"played":[0.9998,2.0E-4],"evs":[0.0,-3.08897]},"T2o":{"weight":0.0,"played":[1.0,0.0],"evs":[0.0,-2.47906]},"J2o":{"weight":0.0,"played":[0.9995,5.0E-4],"evs":[0.0,-2.39249]},"Q2o":{"weight":0.0,"played":[0.9906,0.0094],"evs":[0.0,-1.98809]},"K2o":{"weight":0.0,"played":[0.9979,0.0021],"evs":[0.0,-1.07183]},"A2o":{"weight":0.5601,"played":[0.0,1.0],"evs":[0.0,1.56289]},"32s":{"weight":0.0,"played":[0.9948,0.0052],"evs":[0.0,-1.98204]},"33":{"weight":0.0044,"played":[0.0,1.0],"evs":[0.0,3.58953]},"43o":{"weight":0.0,"played":[0.9998,2.0E-4],"evs":[0.0,-0.95992]},"53o":{"weight":0.0,"played":[0.9858,0.0142],"evs":[0.0,-1.21522]},"63o":{"weight":0.0,"played":[0.9973,0.0027],"evs":[0.0,-1.52848]},"73o":{"weight":0.0,"played":[0.9992,8.0E-4],"evs":[0.0,-2.39008]},"83o":{"weight":0.0,"played":[0.9989,0.0011],"evs":[0.0,-3.24492]},"93o":{"weight":0.0,"played":[1.0,0.0],"evs":[0.0,-2.34411]},"T3o":{"weight":0.0,"played":[1.0,0.0],"evs":[0.0,-1.83905]},"J3o":{"weight":0.0,"played":[0.9979,0.0021],"evs":[0.0,-1.20255]},"Q3o":{"weight":0.0,"played":[0.9093,0.0907],"evs":[0.0,-0.76874]},"K3o":{"weight":0.0,"played":[0.4193,0.5807],"evs":[0.0,0.11023]},"A3o":{"weight":0.0044,"played":[0.0,1.0],"evs":[0.0,2.12348]},"42s":{"weight":0.0028,"played":[0.9844,0.0156],"evs":[0.0,-1.44171]},"43s":{"weight":0.0,"played":[0.8234,0.1766],"evs":[0.0,0.30765]},"44":{"weight":0.018,"played":[0.0,1.0],"evs":[0.0,4.47848]},"54o":{"weight":0.0,"played":[0.957,0.043],"evs":[0.0,-0.32872]},"64o":{"weight":0.0,"played":[0.9962,0.0038],"evs":[0.0,-0.69218]},"74o":{"weight":0.0,"played":[0.9985,0.0015],"evs":[0.0,-1.54401]},"84o":{"weight":0.0,"played":[0.9957,0.0043],"evs":[0.0,-2.16198]},"94o":{"weight":0.0,"played":[0.9995,5.0E-4],"evs":[0.0,-1.79384]},"T4o":{"weight":0.0,"played":[0.9999,1.0E-4],"evs":[0.0,-0.97685]},"J4o":{"weight":0.0,"played":[0.9997,3.0E-4],"evs":[0.0,-1.4026]},"Q4o":{"weight":1.0E-4,"played":[0.9668,0.0332],"evs":[0.0,-0.72736]},"K4o":{"weight":0.0189,"played":[0.1351,0.8649],"evs":[0.0,0.36893]},"A4o":{"weight":0.0033,"played":[0.0,1.0],"evs":[0.0,2.73276]},"52s":{"weight":0.0013,"played":[0.9591,0.0409],"evs":[0.0,-0.8283]},"53s":{"weight":0.5374,"played":[0.0639,0.9361],"evs":[0.0,0.92798]},"54s":{"weight":0.8231,"played":[0.026,0.974],"evs":[0.0,1.46607]},"55":{"weight":1.0E-4,"played":[0.0,1.0],"evs":[0.0,5.40465]},"65o":{"weight":0.0,"played":[0.8761,0.1239],"evs":[0.0,-0.24892]},"75o":{"weight":0.0,"played":[0.9735,0.0265],"evs":[0.0,-0.70853]},"85o":{"weight":0.0,"played":[0.9927,0.0073],"evs":[0.0,-1.15658]},"95o":{"weight":0.0,"played":[0.9998,2.0E-4],"evs":[0.0,-0.9315]},"T5o":{"weight":0.0,"played":[0.9979,0.0021],"evs":[0.0,-1.07999]},"J5o":{"weight":0.0,"played":[0.937,0.063],"evs":[0.0,-0.80897]},"Q5o":{"weight":0.0,"played":[0.1464,0.8536],"evs":[0.0,-0.00963]},"K5o":{"weight":0.2163,"played":[0.0018,0.9982],"evs":[0.0,0.54968]},"A5o":{"weight":0.0012,"played":[0.0,1.0],"evs":[0.0,3.09137]},"62s":{"weight":0.0,"played":[0.9938,0.0062],"evs":[0.0,-1.78384]},"63s":{"weight":0.0034,"played":[0.1989,0.8011],"evs":[0.0,0.23228]},"64s":{"weight":0.5082,"played":[0.0017,0.9983],"evs":[0.0,0.46353]},"65s":{"weight":0.9557,"played":[9.0E-4,0.9991],"evs":[0.0,1.48519]},"66":{"weight":0.5001,"played":[0.0,1.0],"evs":[0.0,5.51048]},"76o":{"weight":0.0,"played":[0.965,0.035],"evs":[0.0,-0.29585]},"86o":{"weight":0.0,"played":[0.9789,0.0211],"evs":[0.0,-0.77241]},"96o":{"weight":0.0,"played":[0.9955,0.0045],"evs":[0.0,-0.43916]},"T6o":{"weight":0.0,"played":[0.9977,0.0023],"evs":[0.0,-0.72092]},"J6o":{"weight":0.0,"played":[0.7768,0.2232],"evs":[0.0,-0.18244]},"Q6o":{"weight":0.0,"played":[0.2828,0.7172],"evs":[0.0,0.11166]},"K6o":{"weight":0.9091,"played":[0.0025,0.9975],"evs":[0.0,0.81155]},"A6o":{"weight":3.0E-4,"played":[0.0,1.0],"evs":[0.0,3.11373]},"72s":{"weight":0.0,"played":[0.995,0.005],"evs":[0.0,-2.68873]},"73s":{"weight":0.0,"played":[0.6482,0.3518],"evs":[0.0,-0.38062]},"74s":{"weight":0.0043,"played":[0.4675,0.5325],"evs":[0.0,0.06193]},"75s":{"weight":0.6022,"played":[0.0046,0.9954],"evs":[0.0,0.40601]},"76s":{"weight":0.9358,"played":[0.0066,0.9934],"evs":[0.0,1.44605]},"77":{"weight":0.1936,"played":[0.0,1.0],"evs":[0.0,6.06514]},"87o":{"weight":0.0,"played":[0.5485,0.4515],"evs":[0.0,0.05407]},"97o":{"weight":0.0,"played":[0.8263,0.1737],"evs":[0.0,-0.52299]},"T7o":{"weight":0.0,"played":[0.4841,0.5159],"evs":[0.0,-0.23545]},"J7o":{"weight":0.0,"played":[0.9656,0.0344],"evs":[0.0,-0.32716]},"Q7o":{"weight":9.0E-4,"played":[0.0099,0.9901],"evs":[0.0,0.04982]},"K7o":{"weight":0.9909,"played":[0.0,1.0],"evs":[0.0,1.55146]},"A7o":{"weight":0.0,"played":[1.0E-4,0.9999],"evs":[0.0,2.89821]},"82s":{"weight":0.0,"played":[0.948,0.052],"evs":[0.0,-2.07004]},"83s":{"weight":0.0,"played":[0.998,0.002],"evs":[0.0,-0.57335]},"84s":{"weight":0.0,"played":[0.5353,0.4647],"evs":[0.0,0.30198]},"85s":{"weight":0.0166,"played":[0.3256,0.6744],"evs":[0.0,0.54819]},"86s":{"weight":0.7398,"played":[0.4046,0.5954],"evs":[0.0,0.82483]},"87s":{"weight":0.9815,"played":[0.0096,0.9904],"evs":[0.0,1.44249]},"88":{"weight":0.0359,"played":[0.0,1.0],"evs":[0.0,8.87777]},"98o":{"weight":0.0201,"played":[0.0192,0.9808],"evs":[0.0,0.35814]},"T8o":{"weight":0.0444,"played":[0.4352,0.5648],"evs":[0.0,0.02464]},"J8o":{"weight":0.0642,"played":[0.1151,0.8849],"evs":[0.0,0.42773]},"Q8o":{"weight":0.7862,"played":[0.0022,0.9978],"evs":[0.0,1.11567]},"K8o":{"weight":0.8644,"played":[8.0E-4,0.9992],"evs":[0.0,1.53354]},"A8o":{"weight":3.0E-4,"played":[0.0,1.0],"evs":[0.0,4.5506]},"92s":{"weight":0.0,"played":[0.9124,0.0876],"evs":[0.0,-1.15014]},"93s":{"weight":0.0,"played":[0.9452,0.0548],"evs":[0.0,-0.73098]},"94s":{"weight":2.0E-4,"played":[0.3033,0.6967],"evs":[0.0,0.02615]},"95s":{"weight":0.0027,"played":[0.0494,0.9506],"evs":[0.0,0.65256]},"96s":{"weight":0.7394,"played":[0.0082,0.9918],"evs":[0.0,1.65071]},"97s":{"weight":0.9699,"played":[0.0037,0.9963],"evs":[0.0,1.21597]},"98s":{"weight":0.1068,"played":[0.0064,0.9936],"evs":[0.0,1.98637]},"99":{"weight":0.0753,"played":[0.0,1.0],"evs":[0.0,9.67623]},"T9o":{"weight":0.9828,"played":[0.001,0.999],"evs":[0.0,1.45163]},"J9o":{"weight":0.9517,"played":[0.0,1.0],"evs":[0.0,1.49446]},"Q9o":{"weight":0.9438,"played":[3.0E-4,0.9997],"evs":[0.0,2.46959]},"K9o":{"weight":0.0403,"played":[0.0,1.0],"evs":[0.0,2.92987]},"A9o":{"weight":0.0,"played":[0.0,1.0],"evs":[0.0,5.46655]},"T2s":{"weight":0.0,"played":[0.8575,0.1425],"evs":[0.0,-0.45844]},"T3s":{"weight":2.0E-4,"played":[0.1188,0.8812],"evs":[0.0,0.57241]},"T4s":{"weight":1.0E-4,"played":[0.3182,0.6818],"evs":[0.0,0.38968]},"T5s":{"weight":0.0703,"played":[0.1921,0.8079],"evs":[0.0,0.14241]},"T6s":{"weight":0.8704,"played":[0.0014,0.9986],"evs":[0.0,1.1115]},"T7s":{"weight":0.3544,"played":[2.0E-4,0.9998],"evs":[0.0,0.29473]},"T8s":{"weight":0.0493,"played":[0.0119,0.9881],"evs":[0.0,2.18949]},"T9s":{"weight":1.0E-4,"played":[1.0E-4,0.9999],"evs":[0.0,3.69992]},"TT":{"weight":0.3798,"played":[0.0,1.0],"evs":[0.0,11.68644]},"JTo":{"weight":0.0308,"played":[0.0,1.0],"evs":[0.0,2.82561]},"QTo":{"weight":0.0038,"played":[0.0,1.0],"evs":[0.0,3.36235]},"KTo":{"weight":0.0491,"played":[0.0,1.0],"evs":[0.0,4.55213]},"ATo":{"weight":0.0011,"played":[0.0,1.0],"evs":[0.0,7.25532]},"J2s":{"weight":2.0E-4,"played":[0.996,0.004],"evs":[0.0,-1.62449]},"J3s":{"weight":0.0,"played":[0.18,0.82],"evs":[0.0,1.00426]},"J4s":{"weight":0.5496,"played":[0.0242,0.9758],"evs":[0.0,1.09757]},"J5s":{"weight":0.7286,"played":[0.213,0.787],"evs":[0.0,0.89877]},"J6s":{"weight":0.8548,"played":[0.0304,0.9696],"evs":[0.0,0.21772]},"J7s":{"weight":0.6371,"played":[0.1382,0.8618],"evs":[0.0,0.61675]},"J8s":{"weight":0.1099,"played":[3.0E-4,0.9997],"evs":[0.0,2.61736]},"J9s":{"weight":1.0E-4,"played":[0.0,1.0],"evs":[0.0,3.21064]},"JTs":{"weight":0.002,"played":[0.0,1.0],"evs":[0.0,5.04955]},"JJ":{"weight":0.7828,"played":[0.0,1.0],"evs":[0.0,12.05396]},"QJo":{"weight":0.0816,"played":[0.0,1.0],"evs":[0.0,3.6317]},"KJo":{"weight":0.2397,"played":[0.0,1.0],"evs":[0.0,4.70555]},"AJo":{"weight":0.0019,"played":[0.0,1.0],"evs":[0.0,7.52872]},"Q2s":{"weight":6.0E-4,"played":[0.9432,0.0568],"evs":[0.0,-0.3446]},"Q3s":{"weight":0.9462,"played":[0.0043,0.9957],"evs":[0.0,0.84645]},"Q4s":{"weight":0.514,"played":[0.0255,0.9745],"evs":[0.0,1.05107]},"Q5s":{"weight":0.9039,"played":[0.0095,0.9905],"evs":[0.0,2.02564]},"Q6s":{"weight":0.9498,"played":[0.0,1.0],"evs":[0.0,1.45066]},"Q7s":{"weight":0.7377,"played":[0.0,1.0],"evs":[0.0,0.85298]},"Q8s":{"weight":0.035,"played":[3.0E-4,0.9997],"evs":[0.0,2.01217]},"Q9s":{"weight":0.0253,"played":[0.0,1.0],"evs":[0.0,3.71484]},"QTs":{"weight":0.302,"played":[0.0,1.0],"evs":[0.0,4.26792]},"QJs":{"weight":0.561,"played":[0.0,1.0],"evs":[0.0,5.07246]},"QQ":{"weight":0.8903,"played":[0.0,1.0],"evs":[0.0,14.17461]},"KQo":{"weight":0.1964,"played":[0.0,1.0],"evs":[0.0,5.48113]},"AQo":{"weight":0.0422,"played":[0.0,1.0],"evs":[0.0,8.81045]},"K2s":{"weight":0.9947,"played":[0.0,1.0],"evs":[0.0,0.52135]},"K3s":{"weight":0.2652,"played":[0.0024,0.9976],"evs":[0.0,2.06853]},"K4s":{"weight":0.0758,"played":[1.0E-4,0.9999],"evs":[0.0,1.30464]},"K5s":{"weight":0.4081,"played":[0.001,0.999],"evs":[0.0,2.91345]},"K6s":{"weight":0.0083,"played":[0.0,1.0],"evs":[0.0,2.38326]},"K7s":{"weight":0.0029,"played":[0.0101,0.9899],"evs":[0.0,2.55559]},"K8s":{"weight":0.0017,"played":[0.0,1.0],"evs":[0.0,3.9746]},"K9s":{"weight":0.3096,"played":[0.0,1.0],"evs":[0.0,4.47231]},"KTs":{"weight":0.3897,"played":[0.0,1.0],"evs":[0.0,5.49528]},"KJs":{"weight":0.8841,"played":[0.0,1.0],"evs":[0.0,6.69314]},"KQs":{"weight":0.062,"played":[0.0,1.0],"evs":[0.0,7.17404]},"KK":{"weight":0.9841,"played":[0.0,1.0],"evs":[0.0,17.33419]},"AKo":{"weight":0.0556,"played":[0.0,1.0],"evs":[0.0,10.24043]},"A2s":{"weight":0.0098,"played":[0.0,1.0],"evs":[0.0,2.70548]},"A3s":{"weight":3.0E-4,"played":[2.0E-4,0.9998],"evs":[0.0,3.27151]},"A4s":{"weight":0.0,"played":[1.0E-4,0.9999],"evs":[0.0,4.65137]},"A5s":{"weight":0.003,"played":[3.0E-4,0.9997],"evs":[0.0,4.45659]},"A6s":{"weight":0.0124,"played":[0.0,1.0],"evs":[0.0,4.65781]},"A7s":{"weight":0.0,"played":[0.0,1.0],"evs":[0.0,5.27247]},"A8s":{"weight":0.0066,"played":[0.0,1.0],"evs":[0.0,5.28022]},"A9s":{"weight":0.0071,"played":[0.0,1.0],"evs":[0.0,7.42774]},"ATs":{"weight":0.0116,"played":[0.0,1.0],"evs":[0.0,8.00461]},"AJs":{"weight":0.0,"played":[0.0,1.0],"evs":[0.0,10.06309]},"AQs":{"weight":0.245,"played":[0.0,1.0],"evs":[0.0,10.09674]},"AKs":{"weight":0.237,"played":[0.0,1.0],"evs":[0.0,12.00636]},"AA":{"weight":0.9952,"played":[0.0,1.0],"evs":[0.0,22.17013]}}}