{"player":2,"street":0,"children":2,"sequence":[{"player":0,"type":"R","amount":165000,"street":0},{"player":1,"type":"C","amount":165000,"street":0},{"player":2,"type":"C","amount":165000,"street":0},{"player":3,"type":"F","amount":0,"street":0},{"player":4,"type":"R","amount":1815000,"street":0},{"player":5,"type":"C","amount":895000,"street":0},{"player":1,"type":"F","amount":0,"street":0}],"actions":[{"type":"F","amount":0},{"type":"C","amount":1650000}],"hands":{"22":{"weight":0.8603,"played":[0.0043,0.9957],"evs":[0.0,3.11605]},"32o":{"weight":0.0,"played":[1.0,0.0],"evs":[0.0,-2.29918]},"42o":{"weight":0.0,"played":[0.8581,0.1419],"evs":[0.0,-5.94978]},"52o":{"weight":0.0,"played":[0.2164,0.7836],"evs":[0.0,0.4562]},"62o":{"weight":0.0,"played":[0.3608,0.6392],"evs":[0.0,3.9987]},"72o":{"weight":0.0,"played":[0.1769,0.8231],"evs":[0.0,0.54185]},"82o":{"weight":0.0,"played":[0.5068,0.4932],"evs":[0.0,0.22226]},"92o":{"weight":0.0,"played":[0.1963,0.8037],"evs":[0.0,5.15036]},"T2o":{"weight":0.0,"played":[0.7781,0.2219],"evs":[0.0,0.13618]},"J2o":{"weight":0.0,"played":[0.0419,0.9581],"evs":[0.0,4.69633]},"Q2o":{"weight":0.0,"played":[0.9511,0.0489],"evs":[0.0,-1.88116]},"K2o":{"weight":0.0,"played":[0.0045,0.9955],"evs":[0.0,2.70494]},"A2o":{"weight":0.5601,"played":[0.2075,0.7925],"evs":[0.0,2.50367]},"32s":{"weight":0.0,"played":[0.9277,0.0723],"evs":[0.0,-4.06034]},"33":{"weight":0.0044,"played":[0.1968,0.8032],"evs":[0.0,9.94871]},"43o":{"weight":0.0,"played":[0.5466,0.4534],"evs":[0.0,-3.20925]},"53o":{"weight":0.0,"played":[0.8816,0.1184],"evs":[0.0,-3.56348]},"63o":{"weight":0.0,"played":[0.2754,0.7246],"evs":[0.0,2.54521]},"73o":{"weight":0.0,"played":[0.0054,0.9946],"evs":[0.0,2.86635]},"83o":{"weight":0.0,"played":[0.3373,0.6627],"evs":[0.0,-0.02237]},"93o":{"weight":0.0,"played":[0.5657,0.4343],"evs":[0.0,-0.17087]},"T3o":{"weight":0.0,"played":[0.066,0.934],"evs":[0.0,2.84638]},"J3o":{"weight":0.0,"played":[0.8947,0.1053],"evs":[0.0,-1.66379]},"Q3o":{"weight":0.0,"played":[0.576,0.424],"evs":[0.0,-1.825]},"K3o":{"weight":0.0,"played":[0.4088,0.5912],"evs":[0.0,-2.11697]},"A3o":{"weight":0.0044,"played":[0.0352,0.9648],"evs":[0.0,6.44642]},"42s":{"weight":0.0028,"played":[0.3607,0.6393],"evs":[0.0,4.83734]},"43s":{"weight":0.0,"played":[0.0322,0.9678],"evs":[0.0,3.93408]},"44":{"weight":0.018,"played":[0.0169,0.9831],"evs":[0.0,7.89028]},"54o":{"weight":0.0,"played":[0.3255,0.6745],"evs":[0.0,-0.68835]},"64o":{"weight":0.0,"played":[0.0311,0.9689],"evs":[0.0,1.58499]},"74o":{"weight":0.0,"played":[0.0511,0.9489],"evs":[0.0,4.29716]},"84o":{"weight":0.0,"played":[0.9887,0.0113],"evs":[0.0,-5.53786]},"94o":{"weight":0.0,"played":[0.6709,0.3291],"evs":[0.0,-2.87685]},"T4o":{"weight":0.0,"played":[0.1553,0.8447],"evs":[0.0,2.42329]},"J4o":{"weight":0.0,"played":[0.4707,0.5293],"evs":[0.0,1.41099]},"Q4o":{"weight":1.0E-4,"played":[0.0376,0.9624],"evs":[0.0,6.45957]},"K4o":{"weight":0.0189,"played":[0.1531,0.8469],"evs":[0.0,5.73545]},"A4o":{"weight":0.0033,"played":[0.0039,0.9961],"evs":[0.0,5.00751]},"52s":{"weight":0.0013,"played":[0.1497,0.8503],"evs":[0.0,10.33043]},"53s":{"weight":0.5374,"played":[0.0744,0.9256],"evs":[0.0,8.92975]},"54s":{"weight":0.8231,"played":[0.6081,0.3919],"evs":[0.0,0.77365]},"55":{"weight":1.0E-4,"played":[0.021,0.979],"evs":[0.0,18.2526]},"65o":{"weight":0.0,"played":[0.194,0.806],"evs":[0.0,9.38152]},"75o":{"weight":0.0,"played":[0.6194,0.3806],"evs":[0.0,-0.56094]},"85o":{"weight":0.0,"played":[0.5681,0.4319],"evs":[0.0,0.79391]},"95o":{"weight":0.0,"played":[0.5065,0.4935],"evs":[0.0,-0.57813]},"T5o":{"weight":0.0,"played":[0.7784,0.2216],"evs":[0.0,0.27631]},"J5o":{"weight":0.0,"played":[0.3506,0.6494],"evs":[0.0,-2.51949]},"Q5o":{"weight":0.0,"played":[0.1792,0.8208],"evs":[0.0,-1.27507]},"K5o":{"weight":0.2163,"played":[0.4977,0.5023],"evs":[0.0,-1.10129]},"A5o":{"weight":0.0012,"played":[0.0051,0.9949],"evs":[0.0,4.96797]},"62s":{"weight":0.0,"played":[0.6709,0.3291],"evs":[0.0,-5.58238]},"63s":{"weight":0.0034,"played":[0.3124,0.6876],"evs":[0.0,-2.44561]},"64s":{"weight":0.5082,"played":[0.2362,0.7638],"evs":[0.0,1.79281]},"65s":{"weight":0.9557,"played":[0.0282,0.9718],"evs":[0.0,4.18388]},"66":{"weight":0.5001,"played":[0.0144,0.9856],"evs":[0.0,7.88693]},"76o":{"weight":0.0,"played":[0.1414,0.8586],"evs":[0.0,2.66663]},"86o":{"weight":0.0,"played":[0.6898,0.3102],"evs":[0.0,-0.23684]},"96o":{"weight":0.0,"played":[0.202,0.798],"evs":[0.0,-1.29333]},"T6o":{"weight":0.0,"played":[0.0035,0.9965],"evs":[0.0,3.17257]},"J6o":{"weight":0.0,"played":[0.6221,0.3779],"evs":[0.0,-1.99567]},"Q6o":{"weight":0.0,"played":[0.0162,0.9838],"evs":[0.0,4.83552]},"K6o":{"weight":0.9091,"played":[0.0,1.0],"evs":[0.0,3.07592]},"A6o":{"weight":3.0E-4,"played":[0.1465,0.8535],"evs":[0.0,6.15615]},"72s":{"weight":0.0,"played":[0.4864,0.5136],"evs":[0.0,-0.32093]},"73s":{"weight":0.0,"played":[0.4673,0.5327],"evs":[0.0,8.82165]},"74s":{"weight":0.0043,"played":[0.8274,0.1726],"evs":[0.0,-1.10472]},"75s":{"weight":0.6022,"played":[0.3021,0.6979],"evs":[0.0,5.66286]},"76s":{"weight":0.9358,"played":[0.327,0.673],"evs":[0.0,9.40793]},"77":{"weight":0.1936,"played":[0.0115,0.9885],"evs":[0.0,10.30061]},"87o":{"weight":0.0,"played":[0.4468,0.5532],"evs":[0.0,-1.50894]},"97o":{"weight":0.0,"played":[0.7509,0.2491],"evs":[0.0,0.19571]},"T7o":{"weight":0.0,"played":[0.4001,0.5999],"evs":[0.0,-2.52852]},"J7o":{"weight":0.0,"played":[0.4857,0.5143],"evs":[0.0,-3.7273]},"Q7o":{"weight":9.0E-4,"played":[0.392,0.608],"evs":[0.0,-1.93129]},"K7o":{"weight":0.9909,"played":[6.0E-4,0.9994],"evs":[0.0,4.15064]},"A7o":{"weight":0.0,"played":[0.0,1.0],"evs":[0.0,4.80635]},"82s":{"weight":0.0,"played":[0.1714,0.8286],"evs":[0.0,-0.25718]},"83s":{"weight":0.0,"played":[0.3221,0.6779],"evs":[0.0,3.57699]},"84s":{"weight":0.0,"played":[0.1865,0.8135],"evs":[0.0,10.41587]},"85s":{"weight":0.0166,"played":[0.8444,0.1556],"evs":[0.0,2.42861]},"86s":{"weight":0.7398,"played":[0.379,0.621],"evs":[0.0,7.84016]},"87s":{"weight":0.9815,"played":[0.1201,0.8799],"evs":[0.0,7.53847]},"88":{"weight":0.0359,"played":[0.0201,0.9799],"evs":[0.0,0.69252]},"98o":{"weight":0.0201,"played":[0.1007,0.8993],"evs":[0.0,3.34692]},"T8o":{"weight":0.0444,"played":[0.3861,0.6139],"evs":[0.0,0.48324]},"J8o":{"weight":0.0642,"played":[0.1399,0.8601],"evs":[0.0,0.42563]},"Q8o":{"weight":0.7862,"played":[0.3014,0.6986],"evs":[0.0,-2.31932]},"K8o":{"weight":0.8644,"played":[0.1881,0.8119],"evs":[0.0,6.83849]},"A8o":{"weight":3.0E-4,"played":[0.0,1.0],"evs":[0.0,3.56076]},"92s":{"weight":0.0,"played":[0.2934,0.7066],"evs":[0.0,-2.42577]},"93s":{"weight":0.0,"played":[0.6403,0.3597],"evs":[0.0,3.59389]},"94s":{"weight":2.0E-4,"played":[0.0847,0.9153],"evs":[0.0,11.7722]},"95s":{"weight":0.0027,"played":[0.8501,0.1499],"evs":[0.0,0.02346]},"96s":{"weight":0.7394,"played":[0.0544,0.9456],"evs":[0.0,6.41947]},"97s":{"weight":0.9699,"played":[0.1172,0.8828],"evs":[0.0,11.12365]},"98s":{"weight":0.1068,"played":[0.0043,0.9957],"evs":[0.0,3.45771]},"99":{"weight":0.0753,"played":[0.0,1.0],"evs":[0.0,19.92473]},"T9o":{"weight":0.9828,"played":[0.2599,0.7401],"evs":[0.0,-0.54233]},"J9o":{"weight":0.9517,"played":[0.0132,0.9868],"evs":[0.0,3.71176]},"Q9o":{"weight":0.9438,"played":[0.0612,0.9388],"evs":[0.0,3.75523]},"K9o":{"weight":0.0403,"played":[0.0127,0.9873],"evs":[0.0,6.00893]},"A9o":{"weight":0.0,"played":[0.1278,0.8722],"evs":[0.0,7.90822]},"T2s":{"weight":0.0,"played":[0.3335,0.6665],"evs":[0.0,7.76909]},"T3s":{"weight":2.0E-4,"played":[0.6741,0.3259],"evs":[0.0,6.57212]},"T4s":{"weight":1.0E-4,"played":[0.0962,0.9038],"evs":[0.0,14.64931]},"T5s":{"weight":0.0703,"played":[0.4124,0.5876],"evs":[0.0,4.26822]},"T6s":{"weight":0.8704,"played":[0.6581,0.3419],"evs":[0.0,-3.45029]},"T7s":{"weight":0.3544,"played":[0.9869,0.0131],"evs":[0.0,-2.45752]},"T8s":{"weight":0.0493,"played":[0.1267,0.8733],"evs":[0.0,8.32365]},"T9s":{"weight":1.0E-4,"played":[0.0104,0.9896],"evs":[0.0,0.52924]},"TT":{"weight":0.3798,"played":[0.0054,0.9946],"evs":[0.0,19.46779]},"JTo":{"weight":0.0308,"played":[0.395,0.605],"evs":[0.0,1.78455]},"QTo":{"weight":0.0038,"played":[0.0058,0.9942],"evs":[0.0,8.67899]},"KTo":{"weight":0.0491,"played":[0.0016,0.9984],"evs":[0.0,5.99177]},"ATo":{"weight":0.0011,"played":[0.0249,0.9751],"evs":[0.0,10.99475]},"J2s":{"weight":2.0E-4,"played":[0.1883,0.8117],"evs":[0.0,4.28462]},"J3s":{"weight":0.0,"played":[0.9133,0.0867],"evs":[0.0,-3.85466]},"J4s":{"weight":0.5496,"played":[0.261,0.739],"evs":[0.0,2.78882]},"J5s":{"weight":0.7286,"played":[0.8093,0.1907],"evs":[0.0,-4.49169]},"J6s":{"weight":0.8548,"played":[0.0282,0.9718],"evs":[0.0,4.58407]},"J7s":{"weight":0.6371,"played":[0.0132,0.9868],"evs":[0.0,7.32398]},"J8s":{"weight":0.1099,"played":[0.791,0.209],"evs":[0.0,5.27614]},"J9s":{"weight":1.0E-4,"played":[0.5592,0.4408],"evs":[0.0,-5.80134]},"JTs":{"weight":0.002,"played":[0.7212,0.2788],"evs":[0.0,-2.41258]},"JJ":{"weight":0.7828,"played":[0.0,1.0],"evs":[0.0,31.41573]},"QJo":{"weight":0.0816,"played":[0.4485,0.5515],"evs":[0.0,3.62291]},"KJo":{"weight":0.2397,"played":[0.0414,0.9586],"evs":[0.0,10.45926]},"AJo":{"weight":0.0019,"played":[0.003,0.997],"evs":[0.0,16.69639]},"Q2s":{"weight":6.0E-4,"played":[0.853,0.147],"evs":[0.0,-1.46249]},"Q3s":{"weight":0.9462,"played":[0.7786,0.2214],"evs":[0.0,-8.35472]},"Q4s":{"weight":0.514,"played":[0.2049,0.7951],"evs":[0.0,1.48618]},"Q5s":{"weight":0.9039,"played":[0.0022,0.9978],"evs":[0.0,11.32924]},"Q6s":{"weight":0.9498,"played":[0.2043,0.7957],"evs":[0.0,7.38767]},"Q7s":{"weight":0.7377,"played":[0.3723,0.6277],"evs":[0.0,-0.01371]},"Q8s":{"weight":0.035,"played":[0.6135,0.3865],"evs":[0.0,0.86065]},"Q9s":{"weight":0.0253,"played":[0.6023,0.3977],"evs":[0.0,6.30112]},"QTs":{"weight":0.302,"played":[0.549,0.451],"evs":[0.0,-4.26803]},"QJs":{"weight":0.561,"played":[0.1193,0.8807],"evs":[0.0,10.53434]},"QQ":{"weight":0.8903,"played":[0.0,1.0],"evs":[0.0,23.51554]},"KQo":{"weight":0.1964,"played":[0.0,1.0],"evs":[0.0,6.49121]},"AQo":{"weight":0.0422,"played":[7.0E-4,0.9993],"evs":[0.0,8.7513]},"K2s":{"weight":0.9947,"played":[0.7378,0.2622],"evs":[0.0,4.1534]},"K3s":{"weight":0.2652,"played":[0.0655,0.9345],"evs":[0.0,11.38801]},"K4s":{"weight":0.0758,"played":[0.3919,0.6081],"evs":[0.0,10.32212]},"K5s":{"weight":0.4081,"played":[0.1042,0.8958],"evs":[0.0,5.70748]},"K6s":{"weight":0.0083,"played":[0.0,1.0],"evs":[0.0,14.50111]},"K7s":{"weight":0.0029,"played":[0.0973,0.9027],"evs":[0.0,3.27997]},"K8s":{"weight":0.0017,"played":[0.0364,0.9636],"evs":[0.0,4.37012]},"K9s":{"weight":0.3096,"played":[0.0,1.0],"evs":[0.0,7.34053]},"KTs":{"weight":0.3897,"played":[0.1954,0.8046],"evs":[0.0,13.68493]},"KJs":{"weight":0.8841,"played":[0.4074,0.5926],"evs":[0.0,-2.05947]},"KQs":{"weight":0.062,"played":[0.4075,0.5925],"evs":[0.0,2.59278]},"KK":{"weight":0.9841,"played":[0.0,1.0],"evs":[0.0,22.45212]},"AKo":{"weight":0.0556,"played":[0.0015,0.9985],"evs":[0.0,15.99484]},"A2s":{"weight":0.0098,"played":[0.7998,0.2002],"evs":[0.0,2.53011]},"A3s":{"weight":3.0E-4,"played":[0.1727,0.8273],"evs":[0.0,21.91063]},"A4s":{"weight":0.0,"played":[0.9528,0.0472],"evs":[0.0,-8.23999]},"A5s":{"weight":0.003,"played":[0.5074,0.4926],"evs":[0.0,0.11553]},"A6s":{"weight":0.0124,"played":[0.7639,0.2361],"evs":[0.0,1.25147]},"A7s":{"weight":0.0,"played":[0.417,0.583],"evs":[0.0,8.91259]},"A8s":{"weight":0.0066,"played":[0.4118,0.5882],"evs":[0.0,-1.42818]},"A9s":{"weight":0.0071,"played":[5.0E-4,0.9995],"evs":[0.0,10.74478]},"ATs":{"weight":0.0116,"played":[0.2811,0.7189],"evs":[0.0,6.35186]},"AJs":{"weight":0.0,"played":[0.0,1.0],"evs":[0.0,14.53542]},"AQs":{"weight":0.245,"played":[0.0,1.0],"evs":[0.0,14.86875]},"AKs":{"weight":0.237,"played":[0.0,1.0],"evs":[0.0,7.76648]},"AA":{"weight":0.9952,"played":[0.0225,0.9775],"evs":[0.0,23.17277]}}}