{"player":1,"street":0,"children":2,"sequence":[{"player":0,"type":"R","amount":165000,"street":0},{"player":1,"type":"C","amount":165000,"street":0},{"player":2,"type":"C","amount":165000,"street":0},{"player":3,"type":"R","amount":2885000,"street":0},{"player":4,"type":"C","amount":1765000,"street":0},{"player":5,"type":"C","amount":895000,"street":0}],"actions":[{"type":"F","amount":0,"node":283},{"type":"C","amount":820000,"node":284}],"hands":{"22":{"weight":0.0092,"played":[9.0E-4,0.9991],"evs":[0.0,1.0554]},"32o":{"weight":0.0,"played":[1.0,0.0],"evs":[0.0,-1.4754]},"42o":{"weight":0.0,"played":[0.9977,0.0023],"evs":[0.0,-1.10035]},"52o":{"weight":0.0,"played":[0.9997,3.0E-4],"evs":[0.0,-0.86907]},"62o":{"weight":0.0,"played":[1.0,0.0],"evs":[0.0,-1.43711]},"72o":{"weight":0.0,"played":[1.0,0.0],"evs":[0.0,-1.97131]},"82o":{"weight":0.0,"played":[1.0,0.0],"evs":[0.0,-1.58658]},"92o":{"weight":0.0,"played":[1.0,0.0],"evs":[0.0,-1.99027]},"T2o":{"weight":0.0,"played":[1.0,0.0],"evs":[0.0,-1.77537]},"J2o":{"weight":0.0,"played":[1.0,0.0],"evs":[0.0,-1.7348]},"Q2o":{"weight":0.0,"played":[1.0,0.0],"evs":[0.0,-1.71599]},"K2o":{"weight":0.0,"played":[1.0,0.0],"evs":[0.0,-1.74825]},"A2o":{"weight":0.307,"played":[0.9988,0.0012],"evs":[0.0,-0.96853]},"32s":{"weight":0.0,"played":[0.2308,0.7692],"evs":[0.0,0.04445]},"33":{"weight":0.0524,"played":[6.0E-4,0.9994],"evs":[0.0,1.23178]},"43o":{"weight":0.0,"played":[0.9966,0.0034],"evs":[0.0,-0.77082]},"53o":{"weight":0.0,"played":[0.9713,0.0287],"evs":[0.0,-0.21324]},"63o":{"weight":0.0,"played":[0.9999,1.0E-4],"evs":[0.0,-0.60259]},"73o":{"weight":0.0,"played":[0.9999,1.0E-4],"evs":[0.0,-1.15808]},"83o":{"weight":0.0,"played":[0.9999,1.0E-4],"evs":[0.0,-1.59806]},"93o":{"weight":0.0,"played":[1.0,0.0],"evs":[0.0,-1.73251]},"T3o":{"weight":0.0,"played":[1.0,0.0],"evs":[0.0,-1.71682]},"J3o":{"weight":0.0,"played":[0.9999,1.0E-4],"evs":[0.0,-1.50252]},"Q3o":{"weight":0.0,"played":[0.9984,0.0016],"evs":[0.0,-1.66707]},"K3o":{"weight":0.0,"played":[0.9997,3.0E-4],"evs":[0.0,-1.69619]},"A3o":{"weight":1.0E-4,"played":[0.9794,0.0206],"evs":[0.0,-0.51742]},"42s":{"weight":0.0,"played":[0.0234,0.9766],"evs":[0.0,0.18921]},"43s":{"weight":0.0,"played":[0.0034,0.9966],"evs":[0.0,1.40392]},"44":{"weight":3.0E-4,"played":[2.0E-4,0.9998],"evs":[0.0,1.3231]},"54o":{"weight":0.0,"played":[0.0249,0.9751],"evs":[0.0,0.15293]},"64o":{"weight":0.0,"played":[0.9563,0.0437],"evs":[0.0,-0.22546]},"74o":{"weight":0.0,"played":[1.0,0.0],"evs":[0.0,-0.56751]},"84o":{"weight":0.0,"played":[1.0,0.0],"evs":[0.0,-1.15905]},"94o":{"weight":0.0,"played":[1.0,0.0],"evs":[0.0,-1.68889]},"T4o":{"weight":0.0,"played":[0.9999,1.0E-4],"evs":[0.0,-1.6245]},"J4o":{"weight":0.0,"played":[1.0,0.0],"evs":[0.0,-1.53391]},"Q4o":{"weight":0.0,"played":[1.0,0.0],"evs":[0.0,-1.34701]},"K4o":{"weight":0.0,"played":[0.9998,2.0E-4],"evs":[0.0,-1.23848]},"A4o":{"weight":0.0,"played":[0.9965,0.0035],"evs":[0.0,-0.4493]},"52s":{"weight":0.0,"played":[0.0669,0.9331],"evs":[0.0,0.82532]},"53s":{"weight":0.0,"played":[0.0293,0.9707],"evs":[0.0,1.03946]},"54s":{"weight":0.0,"played":[9.0E-4,0.9991],"evs":[0.0,0.86163]},"55":{"weight":2.0E-4,"played":[2.0E-4,0.9998],"evs":[0.0,2.04966]},"65o":{"weight":0.0,"played":[0.4067,0.5933],"evs":[0.0,0.16158]},"75o":{"weight":0.0,"played":[0.9204,0.0796],"evs":[0.0,-0.25426]},"85o":{"weight":0.0,"played":[0.9998,2.0E-4],"evs":[0.0,-0.56601]},"95o":{"weight":0.0,"played":[1.0,0.0],"evs":[0.0,-1.31725]},"T5o":{"weight":0.0,"played":[0.9999,1.0E-4],"evs":[0.0,-1.58226]},"J5o":{"weight":0.0,"played":[1.0,0.0],"evs":[0.0,-1.38988]},"Q5o":{"weight":0.0,"played":[0.9993,7.0E-4],"evs":[0.0,-1.127]},"K5o":{"weight":0.0,"played":[0.9973,0.0027],"evs":[0.0,-1.1267]},"A5o":{"weight":0.0,"played":[0.9988,0.0012],"evs":[0.0,-0.56091]},"62s":{"weight":0.0,"played":[0.222,0.778],"evs":[0.0,0.25298]},"63s":{"weight":0.0,"played":[0.0016,0.9984],"evs":[0.0,0.68859]},"64s":{"weight":0.0,"played":[2.0E-4,0.9998],"evs":[0.0,1.45085]},"65s":{"weight":0.0,"played":[1.0E-4,0.9999],"evs":[0.0,1.78159]},"66":{"weight":0.0,"played":[6.0E-4,0.9994],"evs":[0.0,2.57461]},"76o":{"weight":0.0,"played":[0.6913,0.3087],"evs":[0.0,0.01893]},"86o":{"weight":0.0,"played":[0.6062,0.3938],"evs":[0.0,0.06799]},"96o":{"weight":0.0,"played":[0.9999,1.0E-4],"evs":[0.0,-0.75329]},"T6o":{"weight":0.0,"played":[0.9999,1.0E-4],"evs":[0.0,-0.80395]},"J6o":{"weight":0.0,"played":[0.9996,4.0E-4],"evs":[0.0,-1.59919]},"Q6o":{"weight":0.0,"played":[0.9978,0.0022],"evs":[0.0,-1.36965]},"K6o":{"weight":0.0,"played":[0.9998,2.0E-4],"evs":[0.0,-0.63162]},"A6o":{"weight":1.0E-4,"played":[0.9944,0.0056],"evs":[0.0,-0.88219]},"72s":{"weight":0.0,"played":[0.5358,0.4642],"evs":[0.0,0.16187]},"73s":{"weight":0.0,"played":[0.0776,0.9224],"evs":[0.0,0.13756]},"74s":{"weight":0.0,"played":[1.0E-4,0.9999],"evs":[0.0,0.45848]},"75s":{"weight":0.0,"played":[1.0E-4,0.9999],"evs":[0.0,1.37592]},"76s":{"weight":2.0E-4,"played":[2.0E-4,0.9998],"evs":[0.0,1.33406]},"77":{"weight":0.0,"played":[0.0,1.0],"evs":[0.0,2.70624]},"87o":{"weight":0.0,"played":[0.1334,0.8666],"evs":[0.0,0.13274]},"97o":{"weight":0.0,"played":[1.0,0.0],"evs":[0.0,-0.28409]},"T7o":{"weight":0.0,"played":[0.9993,7.0E-4],"evs":[0.0,-0.44773]},"J7o":{"weight":0.0,"played":[0.9996,4.0E-4],"evs":[0.0,-0.80181]},"Q7o":{"weight":0.0,"played":[0.994,0.006],"evs":[0.0,-1.31222]},"K7o":{"weight":0.0,"played":[0.9987,0.0013],"evs":[0.0,-0.90799]},"A7o":{"weight":0.0,"played":[0.9889,0.0111],"evs":[0.0,-0.66926]},"82s":{"weight":0.0,"played":[0.6061,0.3939],"evs":[0.0,-0.27835]},"83s":{"weight":0.0,"played":[0.8168,0.1832],"evs":[0.0,-0.15638]},"84s":{"weight":0.0,"played":[0.7542,0.2458],"evs":[0.0,0.07993]},"85s":{"weight":0.0,"played":[0.0551,0.9449],"evs":[0.0,0.99552]},"86s":{"weight":0.0,"played":[0.0,1.0],"evs":[0.0,1.37214]},"87s":{"weight":0.9999,"played":[3.0E-4,0.9997],"evs":[0.0,1.56234]},"88":{"weight":1.0E-4,"played":[0.0,1.0],"evs":[0.0,3.4379]},"98o":{"weight":0.0,"played":[0.9882,0.0118],"evs":[0.0,-0.14865]},"T8o":{"weight":0.0,"played":[0.5712,0.4288],"evs":[0.0,-0.00774]},"J8o":{"weight":0.0,"played":[0.9756,0.0244],"evs":[0.0,-0.40274]},"Q8o":{"weight":0.0,"played":[0.9991,9.0E-4],"evs":[0.0,-0.67729]},"K8o":{"weight":0.0,"played":[0.9766,0.0234],"evs":[0.0,-0.67644]},"A8o":{"weight":0.0,"played":[0.4886,0.5114],"evs":[0.0,-0.05104]},"92s":{"weight":0.0,"played":[0.9072,0.0928],"evs":[0.0,-0.3486]},"93s":{"weight":0.0,"played":[0.999,0.001],"evs":[0.0,-0.75151]},"94s":{"weight":0.0,"played":[0.9381,0.0619],"evs":[0.0,-0.27724]},"95s":{"weight":0.0,"played":[0.1107,0.8893],"evs":[0.0,0.53099]},"96s":{"weight":0.0,"played":[4.0E-4,0.9996],"evs":[0.0,0.93926]},"97s":{"weight":0.0276,"played":[0.0031,0.9969],"evs":[0.0,0.88853]},"98s":{"weight":0.0256,"played":[0.0,1.0],"evs":[0.0,1.15201]},"99":{"weight":0.0,"played":[0.0,1.0],"evs":[0.0,4.15746]},"T9o":{"weight":0.0,"played":[0.0027,0.9973],"evs":[0.0,0.04305]},"J9o":{"weight":0.0,"played":[0.9133,0.0867],"evs":[0.0,-0.23902]},"Q9o":{"weight":0.0,"played":[0.9908,0.0092],"evs":[0.0,-0.63672]},"K9o":{"weight":0.0,"played":[0.9823,0.0177],"evs":[0.0,-0.2915]},"A9o":{"weight":0.0,"played":[0.1034,0.8966],"evs":[0.0,0.24285]},"T2s":{"weight":0.0,"played":[0.4501,0.5499],"evs":[0.0,0.28927]},"T3s":{"weight":0.0,"played":[0.2848,0.7152],"evs":[0.0,0.03111]},"T4s":{"weight":0.0,"played":[0.9342,0.0658],"evs":[0.0,0.04267]},"T5s":{"weight":0.0,"played":[0.0566,0.9434],"evs":[0.0,0.15355]},"T6s":{"weight":0.0,"played":[0.0117,0.9883],"evs":[0.0,0.71981]},"T7s":{"weight":8.0E-4,"played":[0.0176,0.9824],"evs":[0.0,0.63931]},"T8s":{"weight":0.0085,"played":[0.0014,0.9986],"evs":[0.0,1.02697]},"T9s":{"weight":7.0E-4,"played":[0.0,1.0],"evs":[0.0,1.90429]},"TT":{"weight":0.0,"played":[0.0,1.0],"evs":[0.0,4.60849]},"JTo":{"weight":0.0,"played":[0.0,1.0],"evs":[0.0,0.52404]},"QTo":{"weight":0.0,"played":[2.0E-4,0.9998],"evs":[0.0,0.36061]},"KTo":{"weight":0.0,"played":[0.0,1.0],"evs":[0.0,0.6434]},"ATo":{"weight":0.0,"played":[0.0,1.0],"evs":[0.0,1.11927]},"J2s":{"weight":0.0,"played":[0.41,0.59],"evs":[0.0,0.04499]},"J3s":{"weight":0.0,"played":[0.4945,0.5055],"evs":[0.0,-0.21071]},"J4s":{"weight":0.0,"played":[0.6095,0.3905],"evs":[0.0,0.01725]},"J5s":{"weight":0.0,"played":[0.0406,0.9594],"evs":[0.0,0.162]},"J6s":{"weight":0.0,"played":[0.7803,0.2197],"evs":[0.0,-0.16391]},"J7s":{"weight":0.0,"played":[0.0091,0.9909],"evs":[0.0,0.66477]},"J8s":{"weight":0.0,"played":[0.0108,0.9892],"evs":[0.0,1.21432]},"J9s":{"weight":3.0E-4,"played":[2.0E-4,0.9998],"evs":[0.0,1.2096]},"JTs":{"weight":0.0,"played":[0.0,1.0],"evs":[0.0,1.69]},"JJ":{"weight":0.0,"played":[0.0,1.0],"evs":[0.0,6.9802]},"QJo":{"weight":0.0,"played":[0.0,1.0],"evs":[0.0,0.58672]},"KJo":{"weight":0.0,"played":[1.0E-4,0.9999],"evs":[0.0,0.89294]},"AJo":{"weight":0.0,"played":[5.0E-4,0.9995],"evs":[0.0,1.99321]},"Q2s":{"weight":0.0,"played":[0.8818,0.1182],"evs":[0.0,-0.20074]},"Q3s":{"weight":0.0,"played":[0.2077,0.7923],"evs":[0.0,0.33119]},"Q4s":{"weight":0.0,"played":[0.3724,0.6276],"evs":[0.0,-0.26629]},"Q5s":{"weight":0.0,"played":[0.4375,0.5625],"evs":[0.0,-0.09284]},"Q6s":{"weight":0.0013,"played":[0.1065,0.8935],"evs":[0.0,-0.05062]},"Q7s":{"weight":0.0,"played":[0.0322,0.9678],"evs":[0.0,0.59239]},"Q8s":{"weight":0.0,"played":[0.006,0.994],"evs":[0.0,0.85539]},"Q9s":{"weight":0.0,"played":[0.0,1.0],"evs":[0.0,1.2189]},"QTs":{"weight":0.0,"played":[1.0E-4,0.9999],"evs":[0.0,1.62602]},"QJs":{"weight":1.0E-4,"played":[1.0E-4,0.9999],"evs":[0.0,2.16017]},"QQ":{"weight":0.0,"played":[0.0,1.0],"evs":[0.0,8.37609]},"KQo":{"weight":0.0,"played":[0.0,1.0],"evs":[0.0,1.40293]},"AQo":{"weight":0.0,"played":[0.0,1.0],"evs":[0.0,2.57146]},"K2s":{"weight":0.0,"played":[0.3287,0.6713],"evs":[0.0,0.29338]},"K3s":{"weight":0.0,"played":[0.0149,0.9851],"evs":[0.0,0.20225]},"K4s":{"weight":0.0,"played":[0.005,0.995],"evs":[0.0,0.63359]},"K5s":{"weight":0.0,"played":[0.0084,0.9916],"evs":[0.0,0.43833]},"K6s":{"weight":0.0,"played":[0.0,1.0],"evs":[0.0,1.00442]},"K7s":{"weight":0.0,"played":[1.0E-4,0.9999],"evs":[0.0,0.55882]},"K8s":{"weight":0.0,"played":[0.0027,0.9973],"evs":[0.0,0.91247]},"K9s":{"weight":0.0,"played":[1.0E-4,0.9999],"evs":[0.0,1.51659]},"KTs":{"weight":0.0,"played":[0.0,1.0],"evs":[0.0,1.98554]},"KJs":{"weight":0.0,"played":[0.0,1.0],"evs":[0.0,2.60779]},"KQs":{"weight":0.0,"played":[0.0,1.0],"evs":[0.0,2.89226]},"KK":{"weight":0.2543,"played":[0.0,1.0],"evs":[0.0,11.58731]},"AKo":{"weight":0.0,"played":[0.0,1.0],"evs":[0.0,3.38547]},"A2s":{"weight":0.0,"played":[0.036,0.964],"evs":[0.0,0.78553]},"A3s":{"weight":0.0,"played":[0.0015,0.9985],"evs":[0.0,0.85208]},"A4s":{"weight":0.0,"played":[0.0,1.0],"evs":[0.0,1.21693]},"A5s":{"weight":0.0,"played":[5.0E-4,0.9995],"evs":[0.0,1.4439]},"A6s":{"weight":0.0,"played":[9.0E-4,0.9991],"evs":[0.0,1.30249]},"A7s":{"weight":0.0,"played":[9.0E-4,0.9991],"evs":[0.0,1.43617]},"A8s":{"weight":0.0,"played":[0.0026,0.9974],"evs":[0.0,1.28771]},"A9s":{"weight":0.0,"played":[0.0031,0.9969],"evs":[0.0,2.09728]},"ATs":{"weight":0.0,"played":[0.0,1.0],"evs":[0.0,2.94156]},"AJs":{"weight":0.0,"played":[0.0,1.0],"evs":[0.0,3.60869]},"AQs":{"weight":0.0,"played":[0.0,1.0],"evs":[0.0,4.51139]},"AKs":{"weight":0.0,"played":[0.0,1.0],"evs":[0.0,5.48952]},"AA":{"weight":0.0598,"played":[0.0,1.0],"evs":[0.0,15.39065]}}}