{"player":3,"street":0,"children":2,"sequence":[{"player":0,"type":"R","amount":165000,"street":0},{"player":1,"type":"C","amount":165000,"street":0},{"player":2,"type":"R","amount":512500,"street":0}],"actions":[{"type":"F","amount":0,"node":286},{"type":"R","amount":2885000,"node":300}],"hands":{"22":{"weight":1.0,"played":[0.0168,0.9832],"evs":[0.0,0.29936]},"32o":{"weight":1.0,"played":[1.0,0.0],"evs":[0.0,-7.62654]},"42o":{"weight":1.0,"played":[1.0,0.0],"evs":[0.0,-6.29224]},"52o":{"weight":1.0,"played":[0.9998,2.0E-4],"evs":[0.0,-5.85982]},"62o":{"weight":1.0,"played":[0.9999,1.0E-4],"evs":[0.0,-6.20385]},"72o":{"weight":1.0,"played":[1.0,0.0],"evs":[0.0,-7.58385]},"82o":{"weight":1.0,"played":[1.0,0.0],"evs":[0.0,-7.39476]},"92o":{"weight":1.0,"played":[1.0,0.0],"evs":[0.0,-6.55618]},"T2o":{"weight":1.0,"played":[1.0,0.0],"evs":[0.0,-6.17563]},"J2o":{"weight":1.0,"played":[1.0,0.0],"evs":[0.0,-5.46409]},"Q2o":{"weight":1.0,"played":[0.9999,1.0E-4],"evs":[0.0,-5.03714]},"K2o":{"weight":1.0,"played":[1.0,0.0],"evs":[0.0,-3.92101]},"A2o":{"weight":1.0,"played":[0.9906,0.0094],"evs":[0.0,-1.48338]},"32s":{"weight":1.0,"played":[0.9999,1.0E-4],"evs":[0.0,-4.57904]},"33":{"weight":1.0,"played":[5.0E-4,0.9995],"evs":[0.0,1.89418]},"43o":{"weight":1.0,"played":[1.0,0.0],"evs":[0.0,-5.60525]},"53o":{"weight":1.0,"played":[0.9999,1.0E-4],"evs":[0.0,-4.16693]},"63o":{"weight":1.0,"played":[1.0,0.0],"evs":[0.0,-5.42075]},"73o":{"weight":1.0,"played":[1.0,0.0],"evs":[0.0,-6.00696]},"83o":{"weight":1.0,"played":[1.0,0.0],"evs":[0.0,-7.16292]},"93o":{"weight":1.0,"played":[1.0,0.0],"evs":[0.0,-5.76611]},"T3o":{"weight":1.0,"played":[0.9999,1.0E-4],"evs":[0.0,-5.35871]},"J3o":{"weight":1.0,"played":[0.9999,1.0E-4],"evs":[0.0,-5.22022]},"Q3o":{"weight":1.0,"played":[0.9997,3.0E-4],"evs":[0.0,-4.35695]},"K3o":{"weight":1.0,"played":[0.9997,3.0E-4],"evs":[0.0,-2.95024]},"A3o":{"weight":1.0,"played":[0.6066,0.3934],"evs":[0.0,-0.55678]},"42s":{"weight":1.0,"played":[0.9999,1.0E-4],"evs":[0.0,-4.58714]},"43s":{"weight":1.0,"played":[0.9953,0.0047],"evs":[0.0,-3.06123]},"44":{"weight":1.0,"played":[1.0E-4,0.9999],"evs":[0.0,3.10399]},"54o":{"weight":1.0,"played":[0.9997,3.0E-4],"evs":[0.0,-4.04405]},"64o":{"weight":1.0,"played":[0.9993,7.0E-4],"evs":[0.0,-4.39498]},"74o":{"weight":1.0,"played":[0.9999,1.0E-4],"evs":[0.0,-5.49143]},"84o":{"weight":1.0,"played":[1.0,0.0],"evs":[0.0,-6.14112]},"94o":{"weight":1.0,"played":[0.9999,1.0E-4],"evs":[0.0,-6.07036]},"T4o":{"weight":1.0,"played":[1.0,0.0],"evs":[0.0,-5.59036]},"J4o":{"weight":1.0,"played":[1.0,0.0],"evs":[0.0,-4.50679]},"Q4o":{"weight":1.0,"played":[0.9997,3.0E-4],"evs":[0.0,-4.86518]},"K4o":{"weight":1.0,"played":[0.9998,2.0E-4],"evs":[0.0,-2.90034]},"A4o":{"weight":1.0,"played":[4.0E-4,0.9996],"evs":[0.0,0.06498]},"52s":{"weight":1.0,"played":[0.9999,1.0E-4],"evs":[0.0,-3.26195]},"53s":{"weight":1.0,"played":[0.9911,0.0089],"evs":[0.0,-2.48285]},"54s":{"weight":1.0,"played":[0.9006,0.0994],"evs":[0.0,-1.54705]},"55":{"weight":1.0,"played":[2.0E-4,0.9998],"evs":[0.0,4.37754]},"65o":{"weight":1.0,"played":[1.0,0.0],"evs":[0.0,-3.18736]},"75o":{"weight":1.0,"played":[0.9999,1.0E-4],"evs":[0.0,-3.62507]},"85o":{"weight":1.0,"played":[0.9998,2.0E-4],"evs":[0.0,-4.99234]},"95o":{"weight":1.0,"played":[0.9989,0.0011],"evs":[0.0,-4.98754]},"T5o":{"weight":1.0,"played":[1.0,0.0],"evs":[0.0,-4.74841]},"J5o":{"weight":1.0,"played":[1.0,0.0],"evs":[0.0,-3.97857]},"Q5o":{"weight":1.0,"played":[0.9978,0.0022],"evs":[0.0,-3.25316]},"K5o":{"weight":1.0,"played":[0.988,0.012],"evs":[0.0,-2.26285]},"A5o":{"weight":1.0,"played":[0.2243,0.7757],"evs":[0.0,-0.20746]},"62s":{"weight":1.0,"played":[0.9984,0.0016],"evs":[0.0,-3.3993]},"63s":{"weight":1.0,"played":[0.9955,0.0045],"evs":[0.0,-2.04167]},"64s":{"weight":1.0,"played":[0.994,0.006],"evs":[0.0,-2.48283]},"65s":{"weight":1.0,"played":[0.6209,0.3791],"evs":[0.0,-0.32138]},"66":{"weight":1.0,"played":[0.0,1.0],"evs":[0.0,5.22848]},"76o":{"weight":1.0,"played":[0.9961,0.0039],"evs":[0.0,-2.50442]},"86o":{"weight":1.0,"played":[0.999,0.001],"evs":[0.0,-3.94836]},"96o":{"weight":1.0,"played":[1.0,0.0],"evs":[0.0,-3.89621]},"T6o":{"weight":1.0,"played":[1.0,0.0],"evs":[0.0,-4.16821]},"J6o":{"weight":1.0,"played":[0.9998,2.0E-4],"evs":[0.0,-3.5495]},"Q6o":{"weight":1.0,"played":[1.0,0.0],"evs":[0.0,-2.80501]},"K6o":{"weight":1.0,"played":[0.9991,9.0E-4],"evs":[0.0,-1.65196]},"A6o":{"weight":1.0,"played":[2.0E-4,0.9998],"evs":[0.0,0.14232]},"72s":{"weight":1.0,"played":[0.9999,1.0E-4],"evs":[0.0,-5.14237]},"73s":{"weight":1.0,"played":[0.9994,6.0E-4],"evs":[0.0,-3.83069]},"74s":{"weight":1.0,"played":[0.9972,0.0028],"evs":[0.0,-3.37768]},"75s":{"weight":1.0,"played":[0.8357,0.1643],"evs":[0.0,-2.05255]},"76s":{"weight":1.0,"played":[0.3565,0.6435],"evs":[0.0,0.40437]},"77":{"weight":1.0,"played":[0.0,1.0],"evs":[0.0,6.92869]},"87o":{"weight":1.0,"played":[0.9996,4.0E-4],"evs":[0.0,-3.07555]},"97o":{"weight":1.0,"played":[0.9985,0.0015],"evs":[0.0,-3.19983]},"T7o":{"weight":1.0,"played":[0.9993,7.0E-4],"evs":[0.0,-3.53382]},"J7o":{"weight":1.0,"played":[1.0,0.0],"evs":[0.0,-2.96788]},"Q7o":{"weight":1.0,"played":[0.9999,1.0E-4],"evs":[0.0,-2.85665]},"K7o":{"weight":1.0,"played":[0.9934,0.0066],"evs":[0.0,-1.76634]},"A7o":{"weight":1.0,"played":[3.0E-4,0.9997],"evs":[0.0,0.79568]},"82s":{"weight":1.0,"played":[0.997,0.003],"evs":[0.0,-5.98215]},"83s":{"weight":1.0,"played":[0.9999,1.0E-4],"evs":[0.0,-4.08046]},"84s":{"weight":1.0,"played":[0.9798,0.0202],"evs":[0.0,-3.03821]},"85s":{"weight":1.0,"played":[0.9974,0.0026],"evs":[0.0,-2.88582]},"86s":{"weight":1.0,"played":[1.0,0.0],"evs":[0.0,-1.79984]},"87s":{"weight":1.0,"played":[0.9583,0.0417],"evs":[0.0,-1.5039]},"88":{"weight":1.0,"played":[0.0,1.0],"evs":[0.0,8.31479]},"98o":{"weight":1.0,"played":[0.9999,1.0E-4],"evs":[0.0,-2.25371]},"T8o":{"weight":1.0,"played":[0.9559,0.0441],"evs":[0.0,-2.24728]},"J8o":{"weight":1.0,"played":[0.9791,0.0209],"evs":[0.0,-2.43205]},"Q8o":{"weight":1.0,"played":[0.9956,0.0044],"evs":[0.0,-2.01994]},"K8o":{"weight":1.0,"played":[0.9947,0.0053],"evs":[0.0,-1.3088]},"A8o":{"weight":1.0,"played":[0.0,1.0],"evs":[0.0,1.66515]},"92s":{"weight":1.0,"played":[0.9989,0.0011],"evs":[0.0,-3.91783]},"93s":{"weight":1.0,"played":[0.9986,0.0014],"evs":[0.0,-3.75979]},"94s":{"weight":1.0,"played":[0.9995,5.0E-4],"evs":[0.0,-4.63664]},"95s":{"weight":1.0,"played":[0.9999,1.0E-4],"evs":[0.0,-2.90129]},"96s":{"weight":1.0,"played":[0.9903,0.0097],"evs":[0.0,-1.50407]},"97s":{"weight":1.0,"played":[0.8822,0.1178],"evs":[0.0,-1.85918]},"98s":{"weight":1.0,"played":[0.7265,0.2735],"evs":[0.0,-0.65773]},"99":{"weight":1.0,"played":[0.0,1.0],"evs":[0.0,10.31066]},"T9o":{"weight":1.0,"played":[0.9973,0.0027],"evs":[0.0,-1.33472]},"J9o":{"weight":1.0,"played":[0.9985,0.0015],"evs":[0.0,-1.14639]},"Q9o":{"weight":1.0,"played":[0.9873,0.0127],"evs":[0.0,-0.9543]},"K9o":{"weight":1.0,"played":[0.4239,0.5761],"evs":[0.0,0.42422]},"A9o":{"weight":1.0,"played":[0.0,1.0],"evs":[0.0,3.69616]},"T2s":{"weight":1.0,"played":[0.9998,2.0E-4],"evs":[0.0,-4.23756]},"T3s":{"weight":1.0,"played":[0.9985,0.0015],"evs":[0.0,-2.59462]},"T4s":{"weight":1.0,"played":[0.949,0.051],"evs":[0.0,-2.86617]},"T5s":{"weight":1.0,"played":[0.9762,0.0238],"evs":[0.0,-3.41236]},"T6s":{"weight":1.0,"played":[0.9617,0.0383],"evs":[0.0,-1.48314]},"T7s":{"weight":1.0,"played":[0.4019,0.5981],"evs":[0.0,0.66841]},"T8s":{"weight":1.0,"played":[0.6303,0.3697],"evs":[0.0,-1.16574]},"T9s":{"weight":1.0,"played":[0.1293,0.8707],"evs":[0.0,0.81129]},"TT":{"weight":1.0,"played":[0.0,1.0],"evs":[0.0,12.04336]},"JTo":{"weight":1.0,"played":[0.5039,0.4961],"evs":[0.0,0.24205]},"QTo":{"weight":1.0,"played":[0.0886,0.9114],"evs":[0.0,0.50044]},"KTo":{"weight":1.0,"played":[3.0E-4,0.9997],"evs":[0.0,2.04239]},"ATo":{"weight":1.0,"played":[0.0,1.0],"evs":[0.0,5.53609]},"J2s":{"weight":1.0,"played":[0.9906,0.0094],"evs":[0.0,-2.09224]},"J3s":{"weight":1.0,"played":[1.0,0.0],"evs":[0.0,-3.11084]},"J4s":{"weight":1.0,"played":[0.9996,4.0E-4],"evs":[0.0,-1.95961]},"J5s":{"weight":1.0,"played":[0.9724,0.0276],"evs":[0.0,-0.99106]},"J6s":{"weight":1.0,"played":[0.9345,0.0655],"evs":[0.0,-1.03835]},"J7s":{"weight":1.0,"played":[0.9758,0.0242],"evs":[0.0,-0.18032]},"J8s":{"weight":1.0,"played":[0.7167,0.2833],"evs":[0.0,0.80535]},"J9s":{"weight":1.0,"played":[0.008,0.992],"evs":[0.0,1.48649]},"JTs":{"weight":1.0,"played":[0.0049,0.9951],"evs":[0.0,1.32203]},"JJ":{"weight":1.0,"played":[0.0,1.0],"evs":[0.0,14.77212]},"QJo":{"weight":1.0,"played":[0.0,1.0],"evs":[0.0,1.63754]},"KJo":{"weight":1.0,"played":[0.0,1.0],"evs":[0.0,2.85274]},"AJo":{"weight":1.0,"played":[0.0,1.0],"evs":[0.0,6.97731]},"Q2s":{"weight":1.0,"played":[0.9986,0.0014],"evs":[0.0,-2.28705]},"Q3s":{"weight":1.0,"played":[0.9268,0.0732],"evs":[0.0,-1.67883]},"Q4s":{"weight":1.0,"played":[0.6992,0.3008],"evs":[0.0,-0.80196]},"Q5s":{"weight":1.0,"played":[0.8929,0.1071],"evs":[0.0,-0.29252]},"Q6s":{"weight":1.0,"played":[0.9817,0.0183],"evs":[0.0,-0.56279]},"Q7s":{"weight":1.0,"played":[0.9379,0.0621],"evs":[0.0,-1.26644]},"Q8s":{"weight":1.0,"played":[0.3403,0.6597],"evs":[0.0,0.73487]},"Q9s":{"weight":1.0,"played":[0.0363,0.9637],"evs":[0.0,1.85252]},"QTs":{"weight":1.0,"played":[2.0E-4,0.9998],"evs":[0.0,3.34697]},"QJs":{"weight":1.0,"played":[0.0012,0.9988],"evs":[0.0,2.7774]},"QQ":{"weight":1.0,"played":[0.0,1.0],"evs":[0.0,16.78291]},"KQo":{"weight":1.0,"played":[1.0E-4,0.9999],"evs":[0.0,3.8072]},"AQo":{"weight":1.0,"played":[0.0,1.0],"evs":[0.0,8.00368]},"K2s":{"weight":1.0,"played":[0.9601,0.0399],"evs":[0.0,-1.21769]},"K3s":{"weight":1.0,"played":[0.4709,0.5291],"evs":[0.0,-0.50808]},"K4s":{"weight":1.0,"played":[1.0,0.0],"evs":[0.0,-1.87545]},"K5s":{"weight":1.0,"played":[0.4091,0.5909],"evs":[0.0,0.20191]},"K6s":{"weight":1.0,"played":[0.4524,0.5476],"evs":[0.0,1.00601]},"K7s":{"weight":1.0,"played":[0.1704,0.8296],"evs":[0.0,0.90355]},"K8s":{"weight":1.0,"played":[0.3894,0.6106],"evs":[0.0,0.44642]},"K9s":{"weight":1.0,"played":[0.0058,0.9942],"evs":[0.0,2.18998]},"KTs":{"weight":1.0,"played":[0.0,1.0],"evs":[0.0,4.75446]},"KJs":{"weight":1.0,"played":[0.0,1.0],"evs":[0.0,5.44331]},"KQs":{"weight":1.0,"played":[0.0,1.0],"evs":[0.0,6.08242]},"KK":{"weight":1.0,"played":[0.0,1.0],"evs":[0.0,20.55622]},"AKo":{"weight":1.0,"played":[0.0,1.0],"evs":[0.0,9.3515]},"A2s":{"weight":1.0,"played":[0.1542,0.8458],"evs":[0.0,0.39787]},"A3s":{"weight":1.0,"played":[1.0E-4,0.9999],"evs":[0.0,2.2986]},"A4s":{"weight":1.0,"played":[0.0011,0.9989],"evs":[0.0,1.60089]},"A5s":{"weight":1.0,"played":[0.0242,0.9758],"evs":[0.0,1.20008]},"A6s":{"weight":1.0,"played":[3.0E-4,0.9997],"evs":[0.0,2.82503]},"A7s":{"weight":1.0,"played":[0.0,1.0],"evs":[0.0,2.71464]},"A8s":{"weight":1.0,"played":[0.0023,0.9977],"evs":[0.0,4.78538]},"A9s":{"weight":1.0,"played":[0.0,1.0],"evs":[0.0,5.56843]},"ATs":{"weight":1.0,"played":[0.0,1.0],"evs":[0.0,6.0179]},"AJs":{"weight":1.0,"played":[0.0,1.0],"evs":[0.0,9.30126]},"AQs":{"weight":1.0,"played":[0.0,1.0],"evs":[0.0,10.06777]},"AKs":{"weight":1.0,"played":[0.0,1.0],"evs":[0.0,11.70409]},"AA":{"weight":1.0,"played":[0.0,1.0],"evs":[0.0,25.53048]}}}