{"player":2,"street":0,"children":2,"sequence":[{"player":0,"type":"R","amount":165000,"street":0},{"player":1,"type":"C","amount":165000,"street":0},{"player":2,"type":"R","amount":512500,"street":0},{"player":3,"type":"F","amount":0,"street":0},{"player":4,"type":"F","amount":0,"street":0},{"player":5,"type":"R","amount":995000,"street":0},{"player":1,"type":"C","amount":820000,"street":0}],"actions":[{"type":"F","amount":0},{"type":"C","amount":482500}],"hands":{"22":{"weight":0.105,"played":[0.0,1.0],"evs":[0.0,6.06796]},"32o":{"weight":0.0,"played":[0.0,1.0],"evs":[0.0,2.39208]},"42o":{"weight":0.0,"played":[0.0,1.0],"evs":[0.0,2.64911]},"52o":{"weight":0.0,"played":[0.0,1.0],"evs":[0.0,2.95893]},"62o":{"weight":0.0,"played":[1.0E-4,0.9999],"evs":[0.0,2.54865]},"72o":{"weight":0.0,"played":[0.0,1.0],"evs":[0.0,1.39122]},"82o":{"weight":0.0,"played":[0.0,1.0],"evs":[0.0,1.89465]},"92o":{"weight":0.0,"played":[0.0,1.0],"evs":[0.0,2.92929]},"T2o":{"weight":0.0,"played":[0.0,1.0],"evs":[0.0,3.22855]},"J2o":{"weight":0.0,"played":[0.0,1.0],"evs":[0.0,3.59422]},"Q2o":{"weight":0.0,"played":[0.0,1.0],"evs":[0.0,4.1954]},"K2o":{"weight":0.0,"played":[0.0,1.0],"evs":[0.0,4.4817]},"A2o":{"weight":0.2078,"played":[0.0,1.0],"evs":[0.0,6.08337]},"32s":{"weight":0.0,"played":[1.0E-4,0.9999],"evs":[0.0,3.72059]},"33":{"weight":0.0,"played":[0.0,1.0],"evs":[0.0,7.57768]},"43o":{"weight":0.0,"played":[0.0,1.0],"evs":[0.0,4.00593]},"53o":{"weight":0.0,"played":[0.0,1.0],"evs":[0.0,4.22089]},"63o":{"weight":0.0,"played":[0.0,1.0],"evs":[0.0,3.96762]},"73o":{"weight":0.0,"played":[0.0,1.0],"evs":[0.0,3.21522]},"83o":{"weight":0.0,"played":[0.0,1.0],"evs":[0.0,2.84556]},"93o":{"weight":0.0,"played":[0.0,1.0],"evs":[0.0,3.98703]},"T3o":{"weight":0.0,"played":[0.0,1.0],"evs":[0.0,4.25186]},"J3o":{"weight":0.0,"played":[0.0,1.0],"evs":[0.0,4.63479]},"Q3o":{"weight":0.0,"played":[0.0,1.0],"evs":[0.0,4.87653]},"K3o":{"weight":3.0E-4,"played":[0.0,1.0],"evs":[0.0,5.3682]},"A3o":{"weight":0.1542,"played":[0.0,1.0],"evs":[0.0,6.86283]},"42s":{"weight":0.0,"played":[0.0,1.0],"evs":[0.0,4.33581]},"43s":{"weight":0.0,"played":[0.0,1.0],"evs":[0.0,5.25843]},"44":{"weight":0.3828,"played":[0.0,1.0],"evs":[0.0,8.09897]},"54o":{"weight":0.0,"played":[0.0,1.0],"evs":[0.0,4.79883]},"64o":{"weight":0.0,"played":[0.0,1.0],"evs":[0.0,4.74398]},"74o":{"weight":0.0,"played":[0.0,1.0],"evs":[0.0,3.82043]},"84o":{"weight":0.0,"played":[0.0,1.0],"evs":[0.0,3.7481]},"94o":{"weight":0.0,"played":[0.0,1.0],"evs":[0.0,3.97305]},"T4o":{"weight":0.0,"played":[0.0,1.0],"evs":[0.0,4.67049]},"J4o":{"weight":0.0,"played":[0.0,1.0],"evs":[0.0,4.8041]},"Q4o":{"weight":0.0,"played":[0.0,1.0],"evs":[0.0,5.07943]},"K4o":{"weight":0.0,"played":[0.0,1.0],"evs":[0.0,5.86462]},"A4o":{"weight":0.6234,"played":[0.0,1.0],"evs":[0.0,7.14725]},"52s":{"weight":0.0,"played":[0.0,1.0],"evs":[0.0,4.00164]},"53s":{"weight":0.0,"played":[0.0,1.0],"evs":[0.0,5.25116]},"54s":{"weight":0.0,"played":[0.0,1.0],"evs":[0.0,6.33846]},"55":{"weight":0.3491,"played":[0.0,1.0],"evs":[0.0,8.54839]},"65o":{"weight":0.0,"played":[0.0,1.0],"evs":[0.0,5.00193]},"75o":{"weight":0.0,"played":[0.0,1.0],"evs":[0.0,4.24188]},"85o":{"weight":0.0,"played":[0.0,1.0],"evs":[0.0,3.85799]},"95o":{"weight":0.0,"played":[0.0,1.0],"evs":[0.0,4.16484]},"T5o":{"weight":0.0,"played":[0.0,1.0],"evs":[0.0,4.51976]},"J5o":{"weight":0.0,"played":[0.0,1.0],"evs":[0.0,4.82682]},"Q5o":{"weight":0.0,"played":[0.0,1.0],"evs":[0.0,5.51034]},"K5o":{"weight":0.0,"played":[0.0,1.0],"evs":[0.0,6.17528]},"A5o":{"weight":0.149,"played":[0.0,1.0],"evs":[0.0,7.59824]},"62s":{"weight":0.0,"played":[0.0,1.0],"evs":[0.0,4.00758]},"63s":{"weight":0.0,"played":[0.0,1.0],"evs":[0.0,5.49185]},"64s":{"weight":0.0,"played":[0.0,1.0],"evs":[0.0,5.95656]},"65s":{"weight":3.0E-4,"played":[0.0,1.0],"evs":[0.0,6.53657]},"66":{"weight":0.2136,"played":[0.0,1.0],"evs":[0.0,9.12961]},"76o":{"weight":0.0,"played":[0.0,1.0],"evs":[0.0,4.6332]},"86o":{"weight":0.0,"played":[0.0,1.0],"evs":[0.0,4.73456]},"96o":{"weight":0.0,"played":[0.0,1.0],"evs":[0.0,4.91355]},"T6o":{"weight":0.0,"played":[0.0,1.0],"evs":[0.0,4.94864]},"J6o":{"weight":0.0,"played":[0.0,1.0],"evs":[0.0,4.88726]},"Q6o":{"weight":0.0,"played":[0.0,1.0],"evs":[0.0,5.6286]},"K6o":{"weight":5.0E-4,"played":[0.0,1.0],"evs":[0.0,6.39005]},"A6o":{"weight":0.0363,"played":[0.0,1.0],"evs":[0.0,7.25487]},"72s":{"weight":0.0,"played":[1.0E-4,0.9999],"evs":[0.0,3.37309]},"73s":{"weight":0.0,"played":[0.0,1.0],"evs":[0.0,4.29986]},"74s":{"weight":8.0E-4,"played":[0.0,1.0],"evs":[0.0,4.96704]},"75s":{"weight":6.0E-4,"played":[0.0,1.0],"evs":[0.0,5.53666]},"76s":{"weight":0.0,"played":[0.0,1.0],"evs":[0.0,6.39666]},"77":{"weight":0.1765,"played":[0.0,1.0],"evs":[0.0,9.418]},"87o":{"weight":0.0,"played":[0.0,1.0],"evs":[0.0,4.5218]},"97o":{"weight":0.0,"played":[0.0,1.0],"evs":[0.0,5.16824]},"T7o":{"weight":0.0,"played":[0.0,1.0],"evs":[0.0,5.22574]},"J7o":{"weight":0.0,"played":[0.0,1.0],"evs":[0.0,5.45828]},"Q7o":{"weight":0.0,"played":[0.0,1.0],"evs":[0.0,5.46625]},"K7o":{"weight":2.0E-4,"played":[0.0,1.0],"evs":[0.0,6.48487]},"A7o":{"weight":0.131,"played":[0.0,1.0],"evs":[0.0,7.84991]},"82s":{"weight":0.0,"played":[0.0,1.0],"evs":[0.0,3.58988]},"83s":{"weight":0.0,"played":[0.0,1.0],"evs":[0.0,4.02689]},"84s":{"weight":0.0,"played":[0.0,1.0],"evs":[0.0,5.106]},"85s":{"weight":1.0E-4,"played":[0.0,1.0],"evs":[0.0,5.40486]},"86s":{"weight":0.0037,"played":[0.0,1.0],"evs":[0.0,5.94282]},"87s":{"weight":0.0,"played":[0.0,1.0],"evs":[0.0,5.64436]},"88":{"weight":0.1991,"played":[0.0,1.0],"evs":[0.0,10.95948]},"98o":{"weight":0.0,"played":[0.0,1.0],"evs":[0.0,5.8464]},"T8o":{"weight":0.0,"played":[0.0,1.0],"evs":[0.0,6.08808]},"J8o":{"weight":1.0E-4,"played":[0.0,1.0],"evs":[0.0,5.90758]},"Q8o":{"weight":0.0013,"played":[0.0,1.0],"evs":[0.0,6.39312]},"K8o":{"weight":0.1159,"played":[0.0,1.0],"evs":[0.0,6.70247]},"A8o":{"weight":0.0765,"played":[0.0,1.0],"evs":[0.0,8.4791]},"92s":{"weight":0.0,"played":[0.0,1.0],"evs":[0.0,4.35534]},"93s":{"weight":0.0,"played":[0.0,1.0],"evs":[0.0,4.95539]},"94s":{"weight":0.0,"played":[0.0,1.0],"evs":[0.0,5.45627]},"95s":{"weight":0.0,"played":[0.0,1.0],"evs":[0.0,5.72271]},"96s":{"weight":0.0021,"played":[0.0,1.0],"evs":[0.0,6.61011]},"97s":{"weight":2.0E-4,"played":[0.0,1.0],"evs":[0.0,6.18493]},"98s":{"weight":0.1446,"played":[0.0,1.0],"evs":[0.0,7.73565]},"99":{"weight":0.1574,"played":[0.0,1.0],"evs":[0.0,12.6001]},"T9o":{"weight":0.0043,"played":[0.0,1.0],"evs":[0.0,7.13843]},"J9o":{"weight":0.0137,"played":[0.0,1.0],"evs":[0.0,7.1032]},"Q9o":{"weight":0.0093,"played":[0.0,1.0],"evs":[0.0,7.0408]},"K9o":{"weight":0.1171,"played":[0.0,1.0],"evs":[0.0,7.74735]},"A9o":{"weight":0.141,"played":[0.0,1.0],"evs":[0.0,9.03909]},"T2s":{"weight":0.0,"played":[0.0,1.0],"evs":[0.0,5.1944]},"T3s":{"weight":0.0,"played":[0.0,1.0],"evs":[0.0,5.02677]},"T4s":{"weight":0.0,"played":[0.0,1.0],"evs":[0.0,5.84552]},"T5s":{"weight":0.0,"played":[0.0,1.0],"evs":[0.0,5.38522]},"T6s":{"weight":0.0,"played":[0.0,1.0],"evs":[0.0,6.21262]},"T7s":{"weight":0.0223,"played":[0.0,1.0],"evs":[0.0,6.8526]},"T8s":{"weight":0.2619,"played":[0.0,1.0],"evs":[0.0,6.80611]},"T9s":{"weight":0.1909,"played":[0.0,1.0],"evs":[0.0,7.97152]},"TT":{"weight":0.0431,"played":[0.0,1.0],"evs":[0.0,13.45401]},"JTo":{"weight":0.1839,"played":[0.0,1.0],"evs":[0.0,7.61695]},"QTo":{"weight":0.0829,"played":[0.0,1.0],"evs":[0.0,8.10202]},"KTo":{"weight":0.0555,"played":[0.0,1.0],"evs":[0.0,8.71986]},"ATo":{"weight":0.3544,"played":[0.0,1.0],"evs":[0.0,9.89294]},"J2s":{"weight":1.0E-4,"played":[0.0,1.0],"evs":[0.0,5.20801]},"J3s":{"weight":0.0,"played":[0.0,1.0],"evs":[0.0,5.78345]},"J4s":{"weight":3.0E-4,"played":[0.0,1.0],"evs":[0.0,6.32527]},"J5s":{"weight":0.0042,"played":[0.0,1.0],"evs":[0.0,6.88627]},"J6s":{"weight":0.008,"played":[0.0,1.0],"evs":[0.0,6.45065]},"J7s":{"weight":0.0952,"played":[0.0,1.0],"evs":[0.0,6.64005]},"J8s":{"weight":0.0736,"played":[0.0,1.0],"evs":[0.0,7.54808]},"J9s":{"weight":0.1075,"played":[0.0,1.0],"evs":[0.0,8.34697]},"JTs":{"weight":0.076,"played":[0.0,1.0],"evs":[0.0,9.16442]},"JJ":{"weight":0.0907,"played":[0.0,1.0],"evs":[0.0,14.31766]},"QJo":{"weight":0.1728,"played":[0.0,1.0],"evs":[0.0,8.09478]},"KJo":{"weight":0.1411,"played":[0.0,1.0],"evs":[0.0,9.28622]},"AJo":{"weight":0.0991,"played":[0.0,1.0],"evs":[0.0,10.80001]},"Q2s":{"weight":3.0E-4,"played":[0.0,1.0],"evs":[0.0,5.37111]},"Q3s":{"weight":0.0048,"played":[0.0,1.0],"evs":[0.0,6.38409]},"Q4s":{"weight":1.0E-4,"played":[0.0,1.0],"evs":[0.0,6.5307]},"Q5s":{"weight":0.0515,"played":[0.0,1.0],"evs":[0.0,6.94947]},"Q6s":{"weight":0.0013,"played":[0.0,1.0],"evs":[0.0,6.73995]},"Q7s":{"weight":0.0064,"played":[0.0,1.0],"evs":[0.0,6.93945]},"Q8s":{"weight":0.0335,"played":[0.0,1.0],"evs":[0.0,7.38705]},"Q9s":{"weight":0.2638,"played":[0.0,1.0],"evs":[0.0,8.68876]},"QTs":{"weight":0.0096,"played":[0.0,1.0],"evs":[0.0,9.36678]},"QJs":{"weight":0.3353,"played":[0.0,1.0],"evs":[0.0,9.6113]},"QQ":{"weight":0.0955,"played":[0.0,1.0],"evs":[0.0,15.25806]},"KQo":{"weight":0.1321,"played":[0.0,1.0],"evs":[0.0,9.49285]},"AQo":{"weight":0.2599,"played":[0.0,1.0],"evs":[0.0,10.89165]},"K2s":{"weight":0.003,"played":[0.0,1.0],"evs":[0.0,6.6336]},"K3s":{"weight":0.0393,"played":[0.0,1.0],"evs":[0.0,7.04499]},"K4s":{"weight":0.126,"played":[0.0,1.0],"evs":[0.0,7.21936]},"K5s":{"weight":0.05,"played":[0.0,1.0],"evs":[0.0,7.30287]},"K6s":{"weight":0.3355,"played":[0.0,1.0],"evs":[0.0,7.78008]},"K7s":{"weight":0.1197,"played":[0.0,1.0],"evs":[0.0,8.17288]},"K8s":{"weight":0.6186,"played":[0.0,1.0],"evs":[0.0,8.31533]},"K9s":{"weight":0.0078,"played":[0.0,1.0],"evs":[0.0,9.39921]},"KTs":{"weight":0.0244,"played":[0.0,1.0],"evs":[0.0,10.01607]},"KJs":{"weight":0.0142,"played":[0.0,1.0],"evs":[0.0,10.15031]},"KQs":{"weight":0.0547,"played":[0.0,1.0],"evs":[0.0,10.70477]},"KK":{"weight":0.0158,"played":[0.0,1.0],"evs":[0.0,17.68267]},"AKo":{"weight":0.129,"played":[0.0,1.0],"evs":[0.0,11.54583]},"A2s":{"weight":0.0326,"played":[0.0,1.0],"evs":[0.0,7.86529]},"A3s":{"weight":0.1385,"played":[0.0,1.0],"evs":[0.0,8.18344]},"A4s":{"weight":2.0E-4,"played":[0.0,1.0],"evs":[0.0,8.53952]},"A5s":{"weight":6.0E-4,"played":[0.0,1.0],"evs":[0.0,8.91389]},"A6s":{"weight":0.8589,"played":[0.0,1.0],"evs":[0.0,9.00333]},"A7s":{"weight":0.0571,"played":[0.0,1.0],"evs":[0.0,9.84056]},"A8s":{"weight":0.007,"played":[0.0,1.0],"evs":[0.0,9.60119]},"A9s":{"weight":0.0794,"played":[0.0,1.0],"evs":[0.0,10.20779]},"ATs":{"weight":0.0719,"played":[0.0,1.0],"evs":[0.0,11.36892]},"AJs":{"weight":0.2319,"played":[0.0,1.0],"evs":[0.0,11.81461]},"AQs":{"weight":0.1684,"played":[0.0,1.0],"evs":[0.0,11.99047]},"AKs":{"weight":0.0683,"played":[0.0,1.0],"evs":[0.0,12.83078]},"AA":{"weight":0.0012,"played":[0.0,1.0],"evs":[0.0,21.29271]}}}