{"player":1,"street":0,"children":2,"sequence":[{"player":0,"type":"R","amount":165000,"street":0},{"player":1,"type":"C","amount":165000,"street":0},{"player":2,"type":"R","amount":512500,"street":0},{"player":3,"type":"F","amount":0,"street":0},{"player":4,"type":"R","amount":1815000,"street":0},{"player":5,"type":"F","amount":0,"street":0}],"actions":[{"type":"F","amount":0,"node":295},{"type":"C","amount":820000,"node":296}],"hands":{"22":{"weight":0.0092,"played":[2.0E-4,0.9998],"evs":[0.0,0.72271]},"32o":{"weight":0.0,"played":[1.0,0.0],"evs":[0.0,-1.47884]},"42o":{"weight":0.0,"played":[1.0,0.0],"evs":[0.0,-1.5673]},"52o":{"weight":0.0,"played":[1.0,0.0],"evs":[0.0,-1.06434]},"62o":{"weight":0.0,"played":[1.0,0.0],"evs":[0.0,-1.46652]},"72o":{"weight":0.0,"played":[1.0,0.0],"evs":[0.0,-1.7179]},"82o":{"weight":0.0,"played":[1.0,0.0],"evs":[0.0,-1.55499]},"92o":{"weight":0.0,"played":[1.0,0.0],"evs":[0.0,-1.37028]},"T2o":{"weight":0.0,"played":[1.0,0.0],"evs":[0.0,-1.44317]},"J2o":{"weight":0.0,"played":[0.9999,1.0E-4],"evs":[0.0,-1.13156]},"Q2o":{"weight":0.0,"played":[1.0,0.0],"evs":[0.0,-0.84335]},"K2o":{"weight":0.0,"played":[0.9999,1.0E-4],"evs":[0.0,-0.72596]},"A2o":{"weight":0.307,"played":[0.59,0.41],"evs":[0.0,-0.33834]},"32s":{"weight":0.0,"played":[0.9981,0.0019],"evs":[0.0,-0.62442]},"33":{"weight":0.0524,"played":[0.0,1.0],"evs":[0.0,0.98944]},"43o":{"weight":0.0,"played":[1.0,0.0],"evs":[0.0,-1.07631]},"53o":{"weight":0.0,"played":[0.9992,8.0E-4],"evs":[0.0,-0.70795]},"63o":{"weight":0.0,"played":[1.0,0.0],"evs":[0.0,-1.07285]},"73o":{"weight":0.0,"played":[1.0,0.0],"evs":[0.0,-1.28736]},"83o":{"weight":0.0,"played":[1.0,0.0],"evs":[0.0,-1.35159]},"93o":{"weight":0.0,"played":[1.0,0.0],"evs":[0.0,-1.30389]},"T3o":{"weight":0.0,"played":[0.9999,1.0E-4],"evs":[0.0,-1.36386]},"J3o":{"weight":0.0,"played":[1.0,0.0],"evs":[0.0,-0.93312]},"Q3o":{"weight":0.0,"played":[0.9999,1.0E-4],"evs":[0.0,-0.96367]},"K3o":{"weight":0.0,"played":[1.0,0.0],"evs":[0.0,-0.55576]},"A3o":{"weight":1.0E-4,"played":[0.7681,0.2319],"evs":[0.0,-0.30246]},"42s":{"weight":0.0,"played":[0.6882,0.3118],"evs":[0.0,-0.50108]},"43s":{"weight":0.0,"played":[0.4727,0.5273],"evs":[0.0,-0.2424]},"44":{"weight":3.0E-4,"played":[0.0,1.0],"evs":[0.0,1.39501]},"54o":{"weight":0.0,"played":[0.6626,0.3374],"evs":[0.0,-0.40562]},"64o":{"weight":0.0,"played":[0.9533,0.0467],"evs":[0.0,-0.73058]},"74o":{"weight":0.0,"played":[1.0,0.0],"evs":[0.0,-0.94566]},"84o":{"weight":0.0,"played":[1.0,0.0],"evs":[0.0,-1.26221]},"94o":{"weight":0.0,"played":[1.0,0.0],"evs":[0.0,-1.41748]},"T4o":{"weight":0.0,"played":[0.9993,7.0E-4],"evs":[0.0,-1.38389]},"J4o":{"weight":0.0,"played":[0.9999,1.0E-4],"evs":[0.0,-1.22025]},"Q4o":{"weight":0.0,"played":[1.0,0.0],"evs":[0.0,-0.96638]},"K4o":{"weight":0.0,"played":[0.9952,0.0048],"evs":[0.0,-0.51213]},"A4o":{"weight":0.0,"played":[0.0036,0.9964],"evs":[0.0,0.01801]},"52s":{"weight":0.0,"played":[0.4866,0.5134],"evs":[0.0,-0.24049]},"53s":{"weight":0.0,"played":[0.0775,0.9225],"evs":[0.0,0.08812]},"54s":{"weight":0.0,"played":[5.0E-4,0.9995],"evs":[0.0,0.53928]},"55":{"weight":2.0E-4,"played":[0.0,1.0],"evs":[0.0,2.31257]},"65o":{"weight":0.0,"played":[0.7157,0.2843],"evs":[0.0,-0.22111]},"75o":{"weight":0.0,"played":[1.0,0.0],"evs":[0.0,-0.10284]},"85o":{"weight":0.0,"played":[0.9992,8.0E-4],"evs":[0.0,-0.52918]},"95o":{"weight":0.0,"played":[1.0,0.0],"evs":[0.0,-0.619]},"T5o":{"weight":0.0,"played":[0.9969,0.0031],"evs":[0.0,-0.94231]},"J5o":{"weight":0.0,"played":[1.0,0.0],"evs":[0.0,-0.70639]},"Q5o":{"weight":0.0,"played":[0.9989,0.0011],"evs":[0.0,-0.42733]},"K5o":{"weight":0.0,"played":[0.995,0.005],"evs":[0.0,-0.17962]},"A5o":{"weight":0.0,"played":[0.0071,0.9929],"evs":[0.0,0.32847]},"62s":{"weight":0.0,"played":[0.799,0.201],"evs":[0.0,-0.43747]},"63s":{"weight":0.0,"played":[0.0,1.0],"evs":[0.0,0.26181]},"64s":{"weight":0.0,"played":[1.0E-4,0.9999],"evs":[0.0,0.25695]},"65s":{"weight":0.0,"played":[0.0,1.0],"evs":[0.0,1.08732]},"66":{"weight":0.0,"played":[0.0,1.0],"evs":[0.0,2.94267]},"76o":{"weight":0.0,"played":[0.4683,0.5317],"evs":[0.0,-0.00184]},"86o":{"weight":0.0,"played":[0.7865,0.2135],"evs":[0.0,-0.11455]},"96o":{"weight":0.0,"played":[0.9978,0.0022],"evs":[0.0,-0.30171]},"T6o":{"weight":0.0,"played":[0.9958,0.0042],"evs":[0.0,-0.5226]},"J6o":{"weight":0.0,"played":[0.9976,0.0024],"evs":[0.0,-0.7092]},"Q6o":{"weight":0.0,"played":[0.9879,0.0121],"evs":[0.0,-0.2521]},"K6o":{"weight":0.0,"played":[0.0608,0.9392],"evs":[0.0,0.14352]},"A6o":{"weight":1.0E-4,"played":[0.0,1.0],"evs":[0.0,0.4171]},"72s":{"weight":0.0,"played":[0.8855,0.1145],"evs":[0.0,-0.66581]},"73s":{"weight":0.0,"played":[0.2654,0.7346],"evs":[0.0,-4.0E-4]},"74s":{"weight":0.0,"played":[0.1413,0.8587],"evs":[0.0,0.05101]},"75s":{"weight":0.0,"played":[8.0E-4,0.9992],"evs":[0.0,0.81202]},"76s":{"weight":2.0E-4,"played":[6.0E-4,0.9994],"evs":[0.0,1.33025]},"77":{"weight":0.0,"played":[0.0,1.0],"evs":[0.0,3.26769]},"87o":{"weight":0.0,"played":[4.0E-4,0.9996],"evs":[0.0,0.34711]},"97o":{"weight":0.0,"played":[0.1632,0.8368],"evs":[0.0,0.22163]},"T7o":{"weight":0.0,"played":[0.8157,0.1843],"evs":[0.0,-0.06074]},"J7o":{"weight":0.0,"played":[0.958,0.042],"evs":[0.0,-0.13478]},"Q7o":{"weight":0.0,"played":[0.7624,0.2376],"evs":[0.0,-0.05091]},"K7o":{"weight":0.0,"played":[0.0,1.0],"evs":[0.0,0.28538]},"A7o":{"weight":0.0,"played":[0.0,1.0],"evs":[0.0,0.81335]},"82s":{"weight":0.0,"played":[0.9729,0.0271],"evs":[0.0,-0.30425]},"83s":{"weight":0.0,"played":[0.9984,0.0016],"evs":[0.0,-0.44496]},"84s":{"weight":0.0,"played":[0.5233,0.4767],"evs":[0.0,-0.27087]},"85s":{"weight":0.0,"played":[2.0E-4,0.9998],"evs":[0.0,0.63752]},"86s":{"weight":0.0,"played":[1.0E-4,0.9999],"evs":[0.0,0.94807]},"87s":{"weight":0.9999,"played":[0.0,1.0],"evs":[0.0,1.46404]},"88":{"weight":1.0E-4,"played":[0.0,1.0],"evs":[0.0,4.62768]},"98o":{"weight":0.0,"played":[0.0,1.0],"evs":[0.0,0.60908]},"T8o":{"weight":0.0,"played":[2.0E-4,0.9998],"evs":[0.0,0.41104]},"J8o":{"weight":0.0,"played":[0.0013,0.9987],"evs":[0.0,0.42644]},"Q8o":{"weight":0.0,"played":[0.0307,0.9693],"evs":[0.0,0.39304]},"K8o":{"weight":0.0,"played":[1.0E-4,0.9999],"evs":[0.0,0.4409]},"A8o":{"weight":0.0,"played":[0.0,1.0],"evs":[0.0,1.16495]},"92s":{"weight":0.0,"played":[0.9322,0.0678],"evs":[0.0,-0.35154]},"93s":{"weight":0.0,"played":[0.9995,5.0E-4],"evs":[0.0,-0.24226]},"94s":{"weight":0.0,"played":[0.773,0.227],"evs":[0.0,-0.51331]},"95s":{"weight":0.0,"played":[0.0037,0.9963],"evs":[0.0,0.43967]},"96s":{"weight":0.0,"played":[0.0014,0.9986],"evs":[0.0,0.68417]},"97s":{"weight":0.0276,"played":[1.0E-4,0.9999],"evs":[0.0,1.38208]},"98s":{"weight":0.0256,"played":[2.0E-4,0.9998],"evs":[0.0,1.32021]},"99":{"weight":0.0,"played":[0.0,1.0],"evs":[0.0,5.5674]},"T9o":{"weight":0.0,"played":[1.0E-4,0.9999],"evs":[0.0,0.9317]},"J9o":{"weight":0.0,"played":[2.0E-4,0.9998],"evs":[0.0,0.88085]},"Q9o":{"weight":0.0,"played":[0.001,0.999],"evs":[0.0,0.9006]},"K9o":{"weight":0.0,"played":[0.0,1.0],"evs":[0.0,1.25273]},"A9o":{"weight":0.0,"played":[0.0,1.0],"evs":[0.0,1.75609]},"T2s":{"weight":0.0,"played":[0.8378,0.1622],"evs":[0.0,-0.18626]},"T3s":{"weight":0.0,"played":[0.8933,0.1067],"evs":[0.0,-0.28238]},"T4s":{"weight":0.0,"played":[0.8401,0.1599],"evs":[0.0,-0.17499]},"T5s":{"weight":0.0,"played":[6.0E-4,0.9994],"evs":[0.0,0.22696]},"T6s":{"weight":0.0,"played":[6.0E-4,0.9994],"evs":[0.0,0.65263]},"T7s":{"weight":8.0E-4,"played":[1.0E-4,0.9999],"evs":[0.0,1.15531]},"T8s":{"weight":0.0085,"played":[1.0E-4,0.9999],"evs":[0.0,1.65563]},"T9s":{"weight":7.0E-4,"played":[0.0,1.0],"evs":[0.0,1.96354]},"TT":{"weight":0.0,"played":[0.0,1.0],"evs":[0.0,6.43331]},"JTo":{"weight":0.0,"played":[0.0,1.0],"evs":[0.0,1.45498]},"QTo":{"weight":0.0,"played":[0.0,1.0],"evs":[0.0,1.4149]},"KTo":{"weight":0.0,"played":[0.0,1.0],"evs":[0.0,1.78113]},"ATo":{"weight":0.0,"played":[0.0,1.0],"evs":[0.0,2.64433]},"J2s":{"weight":0.0,"played":[0.6732,0.3268],"evs":[0.0,-0.03453]},"J3s":{"weight":0.0,"played":[0.466,0.534],"evs":[0.0,0.03014]},"J4s":{"weight":0.0,"played":[0.664,0.336],"evs":[0.0,-0.1953]},"J5s":{"weight":0.0,"played":[0.0419,0.9581],"evs":[0.0,0.59093]},"J6s":{"weight":0.0,"played":[4.0E-4,0.9996],"evs":[0.0,0.43485]},"J7s":{"weight":0.0,"played":[0.0011,0.9989],"evs":[0.0,0.8539]},"J8s":{"weight":0.0,"played":[0.0,1.0],"evs":[0.0,1.70052]},"J9s":{"weight":3.0E-4,"played":[0.0,1.0],"evs":[0.0,2.33098]},"JTs":{"weight":0.0,"played":[0.0,1.0],"evs":[0.0,2.2496]},"JJ":{"weight":0.0,"played":[0.0,1.0],"evs":[0.0,7.758]},"QJo":{"weight":0.0,"played":[0.0,1.0],"evs":[0.0,2.00769]},"KJo":{"weight":0.0,"played":[0.0,1.0],"evs":[0.0,2.28864]},"AJo":{"weight":0.0,"played":[0.0,1.0],"evs":[0.0,3.51098]},"Q2s":{"weight":0.0,"played":[0.0974,0.9026],"evs":[0.0,-0.04455]},"Q3s":{"weight":0.0,"played":[8.0E-4,0.9992],"evs":[0.0,0.31445]},"Q4s":{"weight":0.0,"played":[0.0,1.0],"evs":[0.0,0.14143]},"Q5s":{"weight":0.0,"played":[0.0,1.0],"evs":[0.0,0.83883]},"Q6s":{"weight":0.0013,"played":[0.0014,0.9986],"evs":[0.0,0.88855]},"Q7s":{"weight":0.0,"played":[0.0,1.0],"evs":[0.0,0.96786]},"Q8s":{"weight":0.0,"played":[1.0E-4,0.9999],"evs":[0.0,1.37543]},"Q9s":{"weight":0.0,"played":[0.0,1.0],"evs":[0.0,1.77204]},"QTs":{"weight":0.0,"played":[0.0,1.0],"evs":[0.0,2.47088]},"QJs":{"weight":1.0E-4,"played":[0.0,1.0],"evs":[0.0,2.65792]},"QQ":{"weight":0.0,"played":[0.0,1.0],"evs":[0.0,9.31257]},"KQo":{"weight":0.0,"played":[0.0,1.0],"evs":[0.0,2.64285]},"AQo":{"weight":0.0,"played":[0.0,1.0],"evs":[0.0,4.33943]},"K2s":{"weight":0.0,"played":[0.0,1.0],"evs":[0.0,0.68321]},"K3s":{"weight":0.0,"played":[0.0656,0.9344],"evs":[0.0,0.56388]},"K4s":{"weight":0.0,"played":[0.0,1.0],"evs":[0.0,0.61387]},"K5s":{"weight":0.0,"played":[0.002,0.998],"evs":[0.0,1.12828]},"K6s":{"weight":0.0,"played":[5.0E-4,0.9995],"evs":[0.0,1.39374]},"K7s":{"weight":0.0,"played":[1.0E-4,0.9999],"evs":[0.0,1.30109]},"K8s":{"weight":0.0,"played":[2.0E-4,0.9998],"evs":[0.0,1.61292]},"K9s":{"weight":0.0,"played":[0.0,1.0],"evs":[0.0,2.44782]},"KTs":{"weight":0.0,"played":[0.0,1.0],"evs":[0.0,3.07174]},"KJs":{"weight":0.0,"played":[0.0,1.0],"evs":[0.0,3.22538]},"KQs":{"weight":0.0,"played":[0.0,1.0],"evs":[0.0,3.57034]},"KK":{"weight":0.2543,"played":[0.0,1.0],"evs":[0.0,10.82962]},"AKo":{"weight":0.0,"played":[0.0,1.0],"evs":[0.0,4.93852]},"A2s":{"weight":0.0,"played":[0.0015,0.9985],"evs":[0.0,0.80461]},"A3s":{"weight":0.0,"played":[7.0E-4,0.9993],"evs":[0.0,0.87926]},"A4s":{"weight":0.0,"played":[0.0,1.0],"evs":[0.0,1.24235]},"A5s":{"weight":0.0,"played":[0.0,1.0],"evs":[0.0,1.77073]},"A6s":{"weight":0.0,"played":[0.0,1.0],"evs":[0.0,1.37695]},"A7s":{"weight":0.0,"played":[0.0,1.0],"evs":[0.0,1.77552]},"A8s":{"weight":0.0,"played":[0.0,1.0],"evs":[0.0,2.18556]},"A9s":{"weight":0.0,"played":[0.0,1.0],"evs":[0.0,2.88169]},"ATs":{"weight":0.0,"played":[0.0,1.0],"evs":[0.0,3.62698]},"AJs":{"weight":0.0,"played":[0.0,1.0],"evs":[0.0,4.40186]},"AQs":{"weight":0.0,"played":[0.0,1.0],"evs":[0.0,5.35244]},"AKs":{"weight":0.0,"played":[0.0,1.0],"evs":[0.0,5.71824]},"AA":{"weight":0.0598,"played":[0.0,1.0],"evs":[0.0,13.92235]}}}