{"player":2,"street":0,"children":2,"sequence":[{"player":0,"type":"R","amount":165000,"street":0},{"player":1,"type":"C","amount":165000,"street":0},{"player":2,"type":"R","amount":512500,"street":0},{"player":3,"type":"F","amount":0,"street":0},{"player":4,"type":"R","amount":1815000,"street":0},{"player":5,"type":"F","amount":0,"street":0},{"player":1,"type":"C","amount":820000,"street":0}],"actions":[{"type":"F","amount":0},{"type":"C","amount":1302500}],"hands":{"22":{"weight":0.105,"played":[0.0,1.0],"evs":[0.0,3.76933]},"32o":{"weight":0.0,"played":[0.9911,0.0089],"evs":[0.0,-0.97373]},"42o":{"weight":0.0,"played":[0.9956,0.0044],"evs":[0.0,-0.10504]},"52o":{"weight":0.0,"played":[0.4135,0.5865],"evs":[0.0,0.16803]},"62o":{"weight":0.0,"played":[0.8821,0.1179],"evs":[0.0,-0.75452]},"72o":{"weight":0.0,"played":[0.9683,0.0317],"evs":[0.0,-1.98217]},"82o":{"weight":0.0,"played":[0.927,0.073],"evs":[0.0,-1.98463]},"92o":{"weight":0.0,"played":[0.8454,0.1546],"evs":[0.0,-0.08931]},"T2o":{"weight":0.0,"played":[0.0856,0.9144],"evs":[0.0,-0.26722]},"J2o":{"weight":0.0,"played":[0.3023,0.6977],"evs":[0.0,-0.03709]},"Q2o":{"weight":0.0,"played":[0.0,1.0],"evs":[0.0,0.91479]},"K2o":{"weight":0.0,"played":[0.0,1.0],"evs":[0.0,1.29796]},"A2o":{"weight":0.2078,"played":[0.0,1.0],"evs":[0.0,3.96204]},"32s":{"weight":0.0,"played":[4.0E-4,0.9996],"evs":[0.0,1.24004]},"33":{"weight":0.0,"played":[0.0,1.0],"evs":[0.0,5.0162]},"43o":{"weight":0.0,"played":[0.0533,0.9467],"evs":[0.0,1.03221]},"53o":{"weight":0.0,"played":[0.0255,0.9745],"evs":[0.0,0.76995]},"63o":{"weight":0.0,"played":[0.0289,0.9711],"evs":[0.0,0.45868]},"73o":{"weight":0.0,"played":[0.6395,0.3605],"evs":[0.0,-1.40183]},"83o":{"weight":0.0,"played":[0.985,0.015],"evs":[0.0,-1.9909]},"93o":{"weight":0.0,"played":[0.7621,0.2379],"evs":[0.0,0.08482]},"T3o":{"weight":0.0,"played":[0.1037,0.8963],"evs":[0.0,0.02389]},"J3o":{"weight":0.0,"played":[1.0E-4,0.9999],"evs":[0.0,1.32291]},"Q3o":{"weight":0.0,"played":[0.0,1.0],"evs":[0.0,0.97928]},"K3o":{"weight":3.0E-4,"played":[0.0,1.0],"evs":[0.0,2.03608]},"A3o":{"weight":0.1542,"played":[0.0,1.0],"evs":[0.0,4.15416]},"42s":{"weight":0.0,"played":[0.0228,0.9772],"evs":[0.0,1.2342]},"43s":{"weight":0.0,"played":[0.0045,0.9955],"evs":[0.0,2.23984]},"44":{"weight":0.3828,"played":[0.0,1.0],"evs":[0.0,5.37466]},"54o":{"weight":0.0,"played":[0.0,1.0],"evs":[0.0,1.77822]},"64o":{"weight":0.0,"played":[0.0,1.0],"evs":[0.0,0.2914]},"74o":{"weight":0.0,"played":[0.0,1.0],"evs":[0.0,0.11074]},"84o":{"weight":0.0,"played":[0.0498,0.9502],"evs":[0.0,-0.08657]},"94o":{"weight":0.0,"played":[0.9981,0.0019],"evs":[0.0,-0.41363]},"T4o":{"weight":0.0,"played":[0.0573,0.9427],"evs":[0.0,0.9633]},"J4o":{"weight":0.0,"played":[0.0,1.0],"evs":[0.0,0.54083]},"Q4o":{"weight":0.0,"played":[0.0021,0.9979],"evs":[0.0,1.66866]},"K4o":{"weight":0.0,"played":[1.0E-4,0.9999],"evs":[0.0,2.06504]},"A4o":{"weight":0.6234,"played":[0.0,1.0],"evs":[0.0,4.26538]},"52s":{"weight":0.0,"played":[0.0047,0.9953],"evs":[0.0,1.55014]},"53s":{"weight":0.0,"played":[0.0016,0.9984],"evs":[0.0,2.75858]},"54s":{"weight":0.0,"played":[3.0E-4,0.9997],"evs":[0.0,3.64486]},"55":{"weight":0.3491,"played":[0.0,1.0],"evs":[0.0,6.70516]},"65o":{"weight":0.0,"played":[0.0,1.0],"evs":[0.0,1.63654]},"75o":{"weight":0.0,"played":[0.0,1.0],"evs":[0.0,0.83478]},"85o":{"weight":0.0,"played":[0.0,1.0],"evs":[0.0,0.56791]},"95o":{"weight":0.0,"played":[0.0197,0.9803],"evs":[0.0,0.67576]},"T5o":{"weight":0.0,"played":[7.0E-4,0.9993],"evs":[0.0,0.78681]},"J5o":{"weight":0.0,"played":[0.0,1.0],"evs":[0.0,1.13018]},"Q5o":{"weight":0.0,"played":[0.0,1.0],"evs":[0.0,2.05158]},"K5o":{"weight":0.0,"played":[0.0,1.0],"evs":[0.0,2.49683]},"A5o":{"weight":0.149,"played":[0.0,1.0],"evs":[0.0,5.29989]},"62s":{"weight":0.0,"played":[0.0148,0.9852],"evs":[0.0,1.04909]},"63s":{"weight":0.0,"played":[0.0799,0.9201],"evs":[0.0,1.42116]},"64s":{"weight":0.0,"played":[4.0E-4,0.9996],"evs":[0.0,1.11152]},"65s":{"weight":3.0E-4,"played":[0.0,1.0],"evs":[0.0,3.28855]},"66":{"weight":0.2136,"played":[0.0,1.0],"evs":[0.0,6.81074]},"76o":{"weight":0.0,"played":[0.0,1.0],"evs":[0.0,0.85849]},"86o":{"weight":0.0,"played":[0.0,1.0],"evs":[0.0,0.22415]},"96o":{"weight":0.0,"played":[0.0,1.0],"evs":[0.0,1.3024]},"T6o":{"weight":0.0,"played":[0.0222,0.9778],"evs":[0.0,0.78803]},"J6o":{"weight":0.0,"played":[4.0E-4,0.9996],"evs":[0.0,1.19758]},"Q6o":{"weight":0.0,"played":[1.0E-4,0.9999],"evs":[0.0,1.77872]},"K6o":{"weight":5.0E-4,"played":[1.0E-4,0.9999],"evs":[0.0,2.92784]},"A6o":{"weight":0.0363,"played":[0.0,1.0],"evs":[0.0,4.59765]},"72s":{"weight":0.0,"played":[0.0603,0.9397],"evs":[0.0,0.12766]},"73s":{"weight":0.0,"played":[0.0046,0.9954],"evs":[0.0,1.09882]},"74s":{"weight":8.0E-4,"played":[0.0194,0.9806],"evs":[0.0,2.05568]},"75s":{"weight":6.0E-4,"played":[0.0,1.0],"evs":[0.0,0.88942]},"76s":{"weight":0.0,"played":[1.0E-4,0.9999],"evs":[0.0,3.03696]},"77":{"weight":0.1765,"played":[0.0,1.0],"evs":[0.0,7.95963]},"87o":{"weight":0.0,"played":[2.0E-4,0.9998],"evs":[0.0,0.78701]},"97o":{"weight":0.0,"played":[1.0E-4,0.9999],"evs":[0.0,1.18921]},"T7o":{"weight":0.0,"played":[0.0,1.0],"evs":[0.0,1.11309]},"J7o":{"weight":0.0,"played":[0.0,1.0],"evs":[0.0,0.77116]},"Q7o":{"weight":0.0,"played":[2.0E-4,0.9998],"evs":[0.0,1.59553]},"K7o":{"weight":2.0E-4,"played":[0.0,1.0],"evs":[0.0,2.84134]},"A7o":{"weight":0.131,"played":[0.0,1.0],"evs":[0.0,4.53336]},"82s":{"weight":0.0,"played":[0.0727,0.9273],"evs":[0.0,0.22896]},"83s":{"weight":0.0,"played":[0.6437,0.3563],"evs":[0.0,-0.77191]},"84s":{"weight":0.0,"played":[0.0014,0.9986],"evs":[0.0,1.03182]},"85s":{"weight":1.0E-4,"played":[2.0E-4,0.9998],"evs":[0.0,2.18237]},"86s":{"weight":0.0037,"played":[0.0,1.0],"evs":[0.0,2.80384]},"87s":{"weight":0.0,"played":[3.0E-4,0.9997],"evs":[0.0,3.02535]},"88":{"weight":0.1991,"played":[0.0,1.0],"evs":[0.0,9.66212]},"98o":{"weight":0.0,"played":[2.0E-4,0.9998],"evs":[0.0,1.5514]},"T8o":{"weight":0.0,"played":[2.0E-4,0.9998],"evs":[0.0,2.58737]},"J8o":{"weight":1.0E-4,"played":[0.0,1.0],"evs":[0.0,2.39115]},"Q8o":{"weight":0.0013,"played":[0.0,1.0],"evs":[0.0,2.08467]},"K8o":{"weight":0.1159,"played":[0.0,1.0],"evs":[0.0,2.93161]},"A8o":{"weight":0.0765,"played":[0.0,1.0],"evs":[0.0,6.49466]},"92s":{"weight":0.0,"played":[0.1282,0.8718],"evs":[0.0,0.45995]},"93s":{"weight":0.0,"played":[0.0028,0.9972],"evs":[0.0,0.71216]},"94s":{"weight":0.0,"played":[0.0042,0.9958],"evs":[0.0,1.96803]},"95s":{"weight":0.0,"played":[1.0E-4,0.9999],"evs":[0.0,1.48022]},"96s":{"weight":0.0021,"played":[2.0E-4,0.9998],"evs":[0.0,3.14828]},"97s":{"weight":2.0E-4,"played":[1.0E-4,0.9999],"evs":[0.0,3.37876]},"98s":{"weight":0.1446,"played":[0.0,1.0],"evs":[0.0,3.616]},"99":{"weight":0.1574,"played":[0.0,1.0],"evs":[0.0,10.94655]},"T9o":{"weight":0.0043,"played":[0.0,1.0],"evs":[0.0,3.14103]},"J9o":{"weight":0.0137,"played":[0.0,1.0],"evs":[0.0,2.79254]},"Q9o":{"weight":0.0093,"played":[0.0,1.0],"evs":[0.0,4.1458]},"K9o":{"weight":0.1171,"played":[0.0,1.0],"evs":[0.0,4.07163]},"A9o":{"weight":0.141,"played":[0.0,1.0],"evs":[0.0,7.12038]},"T2s":{"weight":0.0,"played":[9.0E-4,0.9991],"evs":[0.0,2.0524]},"T3s":{"weight":0.0,"played":[0.0115,0.9885],"evs":[0.0,2.20483]},"T4s":{"weight":0.0,"played":[4.0E-4,0.9996],"evs":[0.0,3.61374]},"T5s":{"weight":0.0,"played":[0.0025,0.9975],"evs":[0.0,1.23282]},"T6s":{"weight":0.0,"played":[0.0,1.0],"evs":[0.0,1.59378]},"T7s":{"weight":0.0223,"played":[1.0E-4,0.9999],"evs":[0.0,2.40214]},"T8s":{"weight":0.2619,"played":[1.0E-4,0.9999],"evs":[0.0,3.92546]},"T9s":{"weight":0.1909,"played":[0.0,1.0],"evs":[0.0,4.40519]},"TT":{"weight":0.0431,"played":[0.0,1.0],"evs":[0.0,12.4103]},"JTo":{"weight":0.1839,"played":[0.0,1.0],"evs":[0.0,4.66348]},"QTo":{"weight":0.0829,"played":[0.0,1.0],"evs":[0.0,5.06939]},"KTo":{"weight":0.0555,"played":[0.0,1.0],"evs":[0.0,5.64571]},"ATo":{"weight":0.3544,"played":[0.0,1.0],"evs":[0.0,8.22235]},"J2s":{"weight":1.0E-4,"played":[1.0E-4,0.9999],"evs":[0.0,1.84021]},"J3s":{"weight":0.0,"played":[0.0,1.0],"evs":[0.0,1.66412]},"J4s":{"weight":3.0E-4,"played":[1.0E-4,0.9999],"evs":[0.0,2.40796]},"J5s":{"weight":0.0042,"played":[2.0E-4,0.9998],"evs":[0.0,2.53989]},"J6s":{"weight":0.008,"played":[9.0E-4,0.9991],"evs":[0.0,1.93553]},"J7s":{"weight":0.0952,"played":[0.0,1.0],"evs":[0.0,2.63599]},"J8s":{"weight":0.0736,"played":[0.0,1.0],"evs":[0.0,3.99812]},"J9s":{"weight":0.1075,"played":[1.0E-4,0.9999],"evs":[0.0,5.34983]},"JTs":{"weight":0.076,"played":[1.0E-4,0.9999],"evs":[0.0,5.60295]},"JJ":{"weight":0.0907,"played":[0.0,1.0],"evs":[0.0,13.74875]},"QJo":{"weight":0.1728,"played":[0.0,1.0],"evs":[0.0,5.36744]},"KJo":{"weight":0.1411,"played":[0.0,1.0],"evs":[0.0,6.46624]},"AJo":{"weight":0.0991,"played":[0.0,1.0],"evs":[0.0,9.12761]},"Q2s":{"weight":3.0E-4,"played":[1.0E-4,0.9999],"evs":[0.0,2.4226]},"Q3s":{"weight":0.0048,"played":[0.0,1.0],"evs":[0.0,3.22627]},"Q4s":{"weight":1.0E-4,"played":[2.0E-4,0.9998],"evs":[0.0,2.59868]},"Q5s":{"weight":0.0515,"played":[0.0018,0.9982],"evs":[0.0,4.10302]},"Q6s":{"weight":0.0013,"played":[0.0,1.0],"evs":[0.0,4.45633]},"Q7s":{"weight":0.0064,"played":[0.0,1.0],"evs":[0.0,2.90063]},"Q8s":{"weight":0.0335,"played":[4.0E-4,0.9996],"evs":[0.0,4.29535]},"Q9s":{"weight":0.2638,"played":[0.0,1.0],"evs":[0.0,5.24855]},"QTs":{"weight":0.0096,"played":[0.0,1.0],"evs":[0.0,6.49043]},"QJs":{"weight":0.3353,"played":[0.0,1.0],"evs":[0.0,7.665]},"QQ":{"weight":0.0955,"played":[0.0,1.0],"evs":[0.0,16.06363]},"KQo":{"weight":0.1321,"played":[0.0,1.0],"evs":[0.0,6.85772]},"AQo":{"weight":0.2599,"played":[0.0,1.0],"evs":[0.0,10.17356]},"K2s":{"weight":0.003,"played":[0.0,1.0],"evs":[0.0,3.90269]},"K3s":{"weight":0.0393,"played":[1.0E-4,0.9999],"evs":[0.0,4.62968]},"K4s":{"weight":0.126,"played":[1.0E-4,0.9999],"evs":[0.0,4.07262]},"K5s":{"weight":0.05,"played":[4.0E-4,0.9996],"evs":[0.0,4.34807]},"K6s":{"weight":0.3355,"played":[0.0,1.0],"evs":[0.0,4.33034]},"K7s":{"weight":0.1197,"played":[0.0,1.0],"evs":[0.0,4.87336]},"K8s":{"weight":0.6186,"played":[2.0E-4,0.9998],"evs":[0.0,4.99053]},"K9s":{"weight":0.0078,"played":[0.0,1.0],"evs":[0.0,5.13484]},"KTs":{"weight":0.0244,"played":[0.0,1.0],"evs":[0.0,6.87085]},"KJs":{"weight":0.0142,"played":[1.0E-4,0.9999],"evs":[0.0,8.24784]},"KQs":{"weight":0.0547,"played":[0.0,1.0],"evs":[0.0,8.38708]},"KK":{"weight":0.0158,"played":[0.0,1.0],"evs":[0.0,19.2127]},"AKo":{"weight":0.129,"played":[0.0,1.0],"evs":[0.0,11.39419]},"A2s":{"weight":0.0326,"played":[0.0,1.0],"evs":[0.0,5.22031]},"A3s":{"weight":0.1385,"played":[0.0,1.0],"evs":[0.0,5.46223]},"A4s":{"weight":2.0E-4,"played":[0.0,1.0],"evs":[0.0,7.15321]},"A5s":{"weight":6.0E-4,"played":[0.0,1.0],"evs":[0.0,6.57717]},"A6s":{"weight":0.8589,"played":[0.0,1.0],"evs":[0.0,6.91877]},"A7s":{"weight":0.0571,"played":[3.0E-4,0.9997],"evs":[0.0,6.98153]},"A8s":{"weight":0.007,"played":[0.0,1.0],"evs":[0.0,6.68548]},"A9s":{"weight":0.0794,"played":[1.0E-4,0.9999],"evs":[0.0,8.60675]},"ATs":{"weight":0.0719,"played":[0.0,1.0],"evs":[0.0,9.65354]},"AJs":{"weight":0.2319,"played":[0.0,1.0],"evs":[0.0,10.56576]},"AQs":{"weight":0.1684,"played":[0.0,1.0],"evs":[0.0,12.60383]},"AKs":{"weight":0.0683,"played":[0.0,1.0],"evs":[0.0,12.98062]},"AA":{"weight":0.0012,"played":[0.0,1.0],"evs":[0.0,24.21039]}}}