{"player":2,"street":0,"children":2,"sequence":[{"player":0,"type":"R","amount":165000,"street":0},{"player":1,"type":"C","amount":165000,"street":0},{"player":2,"type":"R","amount":512500,"street":0},{"player":3,"type":"F","amount":0,"street":0},{"player":4,"type":"R","amount":1815000,"street":0},{"player":5,"type":"C","amount":895000,"street":0},{"player":1,"type":"F","amount":0,"street":0}],"actions":[{"type":"F","amount":0},{"type":"C","amount":1302500}],"hands":{"22":{"weight":0.105,"played":[5.0E-4,0.9995],"evs":[0.0,4.51207]},"32o":{"weight":0.0,"played":[0.7387,0.2613],"evs":[0.0,-0.11691]},"42o":{"weight":0.0,"played":[0.0345,0.9655],"evs":[0.0,-0.13769]},"52o":{"weight":0.0,"played":[0.0723,0.9277],"evs":[0.0,0.99434]},"62o":{"weight":0.0,"played":[0.5106,0.4894],"evs":[0.0,0.96975]},"72o":{"weight":0.0,"played":[0.4324,0.5676],"evs":[0.0,0.138]},"82o":{"weight":0.0,"played":[0.0976,0.9024],"evs":[0.0,-0.00289]},"92o":{"weight":0.0,"played":[0.6577,0.3423],"evs":[0.0,0.0483]},"T2o":{"weight":0.0,"played":[0.9164,0.0836],"evs":[0.0,-0.08239]},"J2o":{"weight":0.0,"played":[0.0879,0.9121],"evs":[0.0,0.84102]},"Q2o":{"weight":0.0,"played":[0.0015,0.9985],"evs":[0.0,1.50151]},"K2o":{"weight":0.0,"played":[0.003,0.997],"evs":[0.0,1.40021]},"A2o":{"weight":0.2078,"played":[0.0,1.0],"evs":[0.0,3.31884]},"32s":{"weight":0.0,"played":[0.28,0.72],"evs":[0.0,-0.07363]},"33":{"weight":0.0,"played":[0.0,1.0],"evs":[0.0,7.45328]},"43o":{"weight":0.0,"played":[1.0E-4,0.9999],"evs":[0.0,2.35574]},"53o":{"weight":0.0,"played":[3.0E-4,0.9997],"evs":[0.0,2.12154]},"63o":{"weight":0.0,"played":[0.0257,0.9743],"evs":[0.0,2.54687]},"73o":{"weight":0.0,"played":[0.0069,0.9931],"evs":[0.0,1.68283]},"83o":{"weight":0.0,"played":[0.3753,0.6247],"evs":[0.0,0.23378]},"93o":{"weight":0.0,"played":[0.0042,0.9958],"evs":[0.0,0.6193]},"T3o":{"weight":0.0,"played":[6.0E-4,0.9994],"evs":[0.0,0.81058]},"J3o":{"weight":0.0,"played":[0.0032,0.9968],"evs":[0.0,2.88929]},"Q3o":{"weight":0.0,"played":[0.0078,0.9922],"evs":[0.0,2.43685]},"K3o":{"weight":3.0E-4,"played":[0.0,1.0],"evs":[0.0,3.57062]},"A3o":{"weight":0.1542,"played":[0.0,1.0],"evs":[0.0,4.78847]},"42s":{"weight":0.0,"played":[0.1599,0.8401],"evs":[0.0,1.61098]},"43s":{"weight":0.0,"played":[0.0048,0.9952],"evs":[0.0,5.20391]},"44":{"weight":0.3828,"played":[0.0,1.0],"evs":[0.0,7.40152]},"54o":{"weight":0.0,"played":[1.0E-4,0.9999],"evs":[0.0,5.40961]},"64o":{"weight":0.0,"played":[0.0143,0.9857],"evs":[0.0,3.40046]},"74o":{"weight":0.0,"played":[0.0358,0.9642],"evs":[0.0,3.2684]},"84o":{"weight":0.0,"played":[0.0366,0.9634],"evs":[0.0,2.03334]},"94o":{"weight":0.0,"played":[6.0E-4,0.9994],"evs":[0.0,1.28069]},"T4o":{"weight":0.0,"played":[0.0048,0.9952],"evs":[0.0,2.5627]},"J4o":{"weight":0.0,"played":[0.0,1.0],"evs":[0.0,2.24384]},"Q4o":{"weight":0.0,"played":[2.0E-4,0.9998],"evs":[0.0,3.66175]},"K4o":{"weight":0.0,"played":[0.0,1.0],"evs":[0.0,5.05952]},"A4o":{"weight":0.6234,"played":[0.0,1.0],"evs":[0.0,5.60321]},"52s":{"weight":0.0,"played":[0.3257,0.6743],"evs":[0.0,3.18683]},"53s":{"weight":0.0,"played":[2.0E-4,0.9998],"evs":[0.0,4.19628]},"54s":{"weight":0.0,"played":[0.0022,0.9978],"evs":[0.0,5.91612]},"55":{"weight":0.3491,"played":[0.0,1.0],"evs":[0.0,8.93217]},"65o":{"weight":0.0,"played":[0.0,1.0],"evs":[0.0,4.94547]},"75o":{"weight":0.0,"played":[0.0013,0.9987],"evs":[0.0,2.51232]},"85o":{"weight":0.0,"played":[7.0E-4,0.9993],"evs":[0.0,2.90121]},"95o":{"weight":0.0,"played":[0.0022,0.9978],"evs":[0.0,2.10039]},"T5o":{"weight":0.0,"played":[3.0E-4,0.9997],"evs":[0.0,2.39551]},"J5o":{"weight":0.0,"played":[0.001,0.999],"evs":[0.0,2.21605]},"Q5o":{"weight":0.0,"played":[1.0E-4,0.9999],"evs":[0.0,4.58305]},"K5o":{"weight":0.0,"played":[0.0,1.0],"evs":[0.0,3.84984]},"A5o":{"weight":0.149,"played":[0.0,1.0],"evs":[0.0,5.4074]},"62s":{"weight":0.0,"played":[0.0017,0.9983],"evs":[0.0,3.68554]},"63s":{"weight":0.0,"played":[8.0E-4,0.9992],"evs":[0.0,5.93684]},"64s":{"weight":0.0,"played":[1.0E-4,0.9999],"evs":[0.0,5.49273]},"65s":{"weight":3.0E-4,"played":[0.0029,0.9971],"evs":[0.0,7.43002]},"66":{"weight":0.2136,"played":[0.0,1.0],"evs":[0.0,7.94456]},"76o":{"weight":0.0,"played":[0.0,1.0],"evs":[0.0,4.34545]},"86o":{"weight":0.0,"played":[3.0E-4,0.9997],"evs":[0.0,4.35897]},"96o":{"weight":0.0,"played":[4.0E-4,0.9996],"evs":[0.0,2.69644]},"T6o":{"weight":0.0,"played":[0.0,1.0],"evs":[0.0,4.17454]},"J6o":{"weight":0.0,"played":[0.0,1.0],"evs":[0.0,2.69938]},"Q6o":{"weight":0.0,"played":[0.0011,0.9989],"evs":[0.0,2.35827]},"K6o":{"weight":5.0E-4,"played":[2.0E-4,0.9998],"evs":[0.0,5.14366]},"A6o":{"weight":0.0363,"played":[1.0E-4,0.9999],"evs":[0.0,4.90991]},"72s":{"weight":0.0,"played":[0.0683,0.9317],"evs":[0.0,1.46685]},"73s":{"weight":0.0,"played":[4.0E-4,0.9996],"evs":[0.0,6.82363]},"74s":{"weight":8.0E-4,"played":[0.0059,0.9941],"evs":[0.0,6.13063]},"75s":{"weight":6.0E-4,"played":[1.0E-4,0.9999],"evs":[0.0,4.29408]},"76s":{"weight":0.0,"played":[0.0011,0.9989],"evs":[0.0,4.56389]},"77":{"weight":0.1765,"played":[0.0,1.0],"evs":[0.0,11.14309]},"87o":{"weight":0.0,"played":[7.0E-4,0.9993],"evs":[0.0,4.12061]},"97o":{"weight":0.0,"played":[0.0017,0.9983],"evs":[0.0,3.59188]},"T7o":{"weight":0.0,"played":[0.0,1.0],"evs":[0.0,3.57224]},"J7o":{"weight":0.0,"played":[0.0,1.0],"evs":[0.0,3.6346]},"Q7o":{"weight":0.0,"played":[4.0E-4,0.9996],"evs":[0.0,3.58328]},"K7o":{"weight":2.0E-4,"played":[0.0,1.0],"evs":[0.0,5.15098]},"A7o":{"weight":0.131,"played":[0.0,1.0],"evs":[0.0,4.94666]},"82s":{"weight":0.0,"played":[0.0,1.0],"evs":[0.0,2.23572]},"83s":{"weight":0.0,"played":[8.0E-4,0.9992],"evs":[0.0,1.22315]},"84s":{"weight":0.0,"played":[0.0251,0.9749],"evs":[0.0,4.14088]},"85s":{"weight":1.0E-4,"played":[0.0,1.0],"evs":[0.0,3.733]},"86s":{"weight":0.0037,"played":[1.0E-4,0.9999],"evs":[0.0,3.65205]},"87s":{"weight":0.0,"played":[6.0E-4,0.9994],"evs":[0.0,7.95358]},"88":{"weight":0.1991,"played":[0.0,1.0],"evs":[0.0,12.21467]},"98o":{"weight":0.0,"played":[0.0,1.0],"evs":[0.0,3.91019]},"T8o":{"weight":0.0,"played":[0.0,1.0],"evs":[0.0,4.1169]},"J8o":{"weight":1.0E-4,"played":[4.0E-4,0.9996],"evs":[0.0,4.28108]},"Q8o":{"weight":0.0013,"played":[0.0,1.0],"evs":[0.0,4.51714]},"K8o":{"weight":0.1159,"played":[0.0,1.0],"evs":[0.0,4.76364]},"A8o":{"weight":0.0765,"played":[0.0,1.0],"evs":[0.0,5.36421]},"92s":{"weight":0.0,"played":[0.0025,0.9975],"evs":[0.0,2.96578]},"93s":{"weight":0.0,"played":[0.0016,0.9984],"evs":[0.0,3.89177]},"94s":{"weight":0.0,"played":[0.0038,0.9962],"evs":[0.0,2.38902]},"95s":{"weight":0.0,"played":[0.0012,0.9988],"evs":[0.0,6.24852]},"96s":{"weight":0.0021,"played":[0.0083,0.9917],"evs":[0.0,5.53328]},"97s":{"weight":2.0E-4,"played":[0.0039,0.9961],"evs":[0.0,4.31109]},"98s":{"weight":0.1446,"played":[2.0E-4,0.9998],"evs":[0.0,5.63675]},"99":{"weight":0.1574,"played":[0.0,1.0],"evs":[0.0,13.49222]},"T9o":{"weight":0.0043,"played":[5.0E-4,0.9995],"evs":[0.0,4.72811]},"J9o":{"weight":0.0137,"played":[0.0,1.0],"evs":[0.0,5.16184]},"Q9o":{"weight":0.0093,"played":[1.0E-4,0.9999],"evs":[0.0,6.28105]},"K9o":{"weight":0.1171,"played":[0.0,1.0],"evs":[0.0,5.79598]},"A9o":{"weight":0.141,"played":[0.0,1.0],"evs":[0.0,7.04525]},"T2s":{"weight":0.0,"played":[5.0E-4,0.9995],"evs":[0.0,0.7784]},"T3s":{"weight":0.0,"played":[0.023,0.977],"evs":[0.0,2.77961]},"T4s":{"weight":0.0,"played":[9.0E-4,0.9991],"evs":[0.0,4.86096]},"T5s":{"weight":0.0,"played":[0.0202,0.9798],"evs":[0.0,3.02611]},"T6s":{"weight":0.0,"played":[0.0076,0.9924],"evs":[0.0,4.70463]},"T7s":{"weight":0.0223,"played":[5.0E-4,0.9995],"evs":[0.0,4.63292]},"T8s":{"weight":0.2619,"played":[9.0E-4,0.9991],"evs":[0.0,6.77279]},"T9s":{"weight":0.1909,"played":[4.0E-4,0.9996],"evs":[0.0,7.72222]},"TT":{"weight":0.0431,"played":[0.0,1.0],"evs":[0.0,15.06771]},"JTo":{"weight":0.1839,"played":[0.0,1.0],"evs":[0.0,6.40744]},"QTo":{"weight":0.0829,"played":[0.0,1.0],"evs":[0.0,6.11933]},"KTo":{"weight":0.0555,"played":[0.0,1.0],"evs":[0.0,7.79334]},"ATo":{"weight":0.3544,"played":[0.0,1.0],"evs":[0.0,9.92764]},"J2s":{"weight":1.0E-4,"played":[0.0143,0.9857],"evs":[0.0,1.77108]},"J3s":{"weight":0.0,"played":[0.0,1.0],"evs":[0.0,4.59332]},"J4s":{"weight":3.0E-4,"played":[0.002,0.998],"evs":[0.0,2.11063]},"J5s":{"weight":0.0042,"played":[0.0045,0.9955],"evs":[0.0,5.57868]},"J6s":{"weight":0.008,"played":[3.0E-4,0.9997],"evs":[0.0,5.18064]},"J7s":{"weight":0.0952,"played":[0.001,0.999],"evs":[0.0,4.46694]},"J8s":{"weight":0.0736,"played":[1.0E-4,0.9999],"evs":[0.0,7.19014]},"J9s":{"weight":0.1075,"played":[0.0035,0.9965],"evs":[0.0,6.45583]},"JTs":{"weight":0.076,"played":[0.0,1.0],"evs":[0.0,7.48574]},"JJ":{"weight":0.0907,"played":[0.0,1.0],"evs":[0.0,18.01942]},"QJo":{"weight":0.1728,"played":[1.0E-4,0.9999],"evs":[0.0,7.49199]},"KJo":{"weight":0.1411,"played":[0.0,1.0],"evs":[0.0,9.07348]},"AJo":{"weight":0.0991,"played":[0.0,1.0],"evs":[0.0,10.67126]},"Q2s":{"weight":3.0E-4,"played":[0.0165,0.9835],"evs":[0.0,2.52081]},"Q3s":{"weight":0.0048,"played":[0.0,1.0],"evs":[0.0,4.22517]},"Q4s":{"weight":1.0E-4,"played":[0.0047,0.9953],"evs":[0.0,5.75431]},"Q5s":{"weight":0.0515,"played":[0.0,1.0],"evs":[0.0,4.949]},"Q6s":{"weight":0.0013,"played":[1.0E-4,0.9999],"evs":[0.0,6.81589]},"Q7s":{"weight":0.0064,"played":[1.0E-4,0.9999],"evs":[0.0,3.63632]},"Q8s":{"weight":0.0335,"played":[2.0E-4,0.9998],"evs":[0.0,5.20152]},"Q9s":{"weight":0.2638,"played":[0.0012,0.9988],"evs":[0.0,7.17948]},"QTs":{"weight":0.0096,"played":[0.0058,0.9942],"evs":[0.0,8.50705]},"QJs":{"weight":0.3353,"played":[6.0E-4,0.9994],"evs":[0.0,9.85128]},"QQ":{"weight":0.0955,"played":[0.0,1.0],"evs":[0.0,20.14551]},"KQo":{"weight":0.1321,"played":[0.0,1.0],"evs":[0.0,9.81349]},"AQo":{"weight":0.2599,"played":[0.0,1.0],"evs":[0.0,12.03223]},"K2s":{"weight":0.003,"played":[2.0E-4,0.9998],"evs":[0.0,6.3628]},"K3s":{"weight":0.0393,"played":[1.0E-4,0.9999],"evs":[0.0,4.7847]},"K4s":{"weight":0.126,"played":[4.0E-4,0.9996],"evs":[0.0,6.09104]},"K5s":{"weight":0.05,"played":[0.0064,0.9936],"evs":[0.0,5.91027]},"K6s":{"weight":0.3355,"played":[0.0,1.0],"evs":[0.0,8.37175]},"K7s":{"weight":0.1197,"played":[0.0,1.0],"evs":[0.0,6.66271]},"K8s":{"weight":0.6186,"played":[1.0E-4,0.9999],"evs":[0.0,8.85589]},"K9s":{"weight":0.0078,"played":[0.0027,0.9973],"evs":[0.0,7.77166]},"KTs":{"weight":0.0244,"played":[0.0,1.0],"evs":[0.0,8.72585]},"KJs":{"weight":0.0142,"played":[0.0011,0.9989],"evs":[0.0,9.05027]},"KQs":{"weight":0.0547,"played":[0.0,1.0],"evs":[0.0,11.37065]},"KK":{"weight":0.0158,"played":[0.0,1.0],"evs":[0.0,23.92418]},"AKo":{"weight":0.129,"played":[0.0,1.0],"evs":[0.0,12.74618]},"A2s":{"weight":0.0326,"played":[8.0E-4,0.9992],"evs":[0.0,5.98099]},"A3s":{"weight":0.1385,"played":[7.0E-4,0.9993],"evs":[0.0,4.8918]},"A4s":{"weight":2.0E-4,"played":[1.0E-4,0.9999],"evs":[0.0,8.71379]},"A5s":{"weight":6.0E-4,"played":[0.0038,0.9962],"evs":[0.0,7.23825]},"A6s":{"weight":0.8589,"played":[2.0E-4,0.9998],"evs":[0.0,6.67155]},"A7s":{"weight":0.0571,"played":[1.0E-4,0.9999],"evs":[0.0,7.08991]},"A8s":{"weight":0.007,"played":[2.0E-4,0.9998],"evs":[0.0,9.03075]},"A9s":{"weight":0.0794,"played":[0.0,1.0],"evs":[0.0,8.30727]},"ATs":{"weight":0.0719,"played":[4.0E-4,0.9996],"evs":[0.0,11.11347]},"AJs":{"weight":0.2319,"played":[1.0E-4,0.9999],"evs":[0.0,12.10478]},"AQs":{"weight":0.1684,"played":[3.0E-4,0.9997],"evs":[0.0,9.8631]},"AKs":{"weight":0.0683,"played":[0.0,1.0],"evs":[0.0,14.77025]},"AA":{"weight":0.0012,"played":[0.0,1.0],"evs":[0.0,25.884]}}}