{"player":2,"street":0,"children":2,"sequence":[{"player":0,"type":"R","amount":165000,"street":0},{"player":1,"type":"C","amount":165000,"street":0},{"player":2,"type":"R","amount":512500,"street":0},{"player":3,"type":"F","amount":0,"street":0},{"player":4,"type":"R","amount":1815000,"street":0},{"player":5,"type":"C","amount":895000,"street":0},{"player":1,"type":"C","amount":820000,"street":0}],"actions":[{"type":"F","amount":0},{"type":"C","amount":1302500}],"hands":{"22":{"weight":0.105,"played":[1.0E-4,0.9999],"evs":[0.0,6.05704]},"32o":{"weight":0.0,"played":[0.0131,0.9869],"evs":[0.0,1.41141]},"42o":{"weight":0.0,"played":[0.001,0.999],"evs":[0.0,1.28426]},"52o":{"weight":0.0,"played":[0.01,0.99],"evs":[0.0,1.87474]},"62o":{"weight":0.0,"played":[0.0067,0.9933],"evs":[0.0,1.97574]},"72o":{"weight":0.0,"played":[0.7099,0.2901],"evs":[0.0,-0.51294]},"82o":{"weight":0.0,"played":[0.8168,0.1832],"evs":[0.0,-0.47331]},"92o":{"weight":0.0,"played":[0.0994,0.9006],"evs":[0.0,0.92292]},"T2o":{"weight":0.0,"played":[0.0659,0.9341],"evs":[0.0,0.65841]},"J2o":{"weight":0.0,"played":[1.0E-4,0.9999],"evs":[0.0,1.35979]},"Q2o":{"weight":0.0,"played":[4.0E-4,0.9996],"evs":[0.0,2.00237]},"K2o":{"weight":0.0,"played":[0.0,1.0],"evs":[0.0,2.42133]},"A2o":{"weight":0.2078,"played":[0.0,1.0],"evs":[0.0,5.5342]},"32s":{"weight":0.0,"played":[5.0E-4,0.9995],"evs":[0.0,1.7953]},"33":{"weight":0.0,"played":[0.0,1.0],"evs":[0.0,6.69696]},"43o":{"weight":0.0,"played":[3.0E-4,0.9997],"evs":[0.0,2.31396]},"53o":{"weight":0.0,"played":[1.0E-4,0.9999],"evs":[0.0,2.70252]},"63o":{"weight":0.0,"played":[0.0,1.0],"evs":[0.0,1.32282]},"73o":{"weight":0.0,"played":[0.7466,0.2534],"evs":[0.0,-0.86072]},"83o":{"weight":0.0,"played":[0.7017,0.2983],"evs":[0.0,-0.74139]},"93o":{"weight":0.0,"played":[0.3944,0.6056],"evs":[0.0,0.04736]},"T3o":{"weight":0.0,"played":[0.0093,0.9907],"evs":[0.0,0.69777]},"J3o":{"weight":0.0,"played":[2.0E-4,0.9998],"evs":[0.0,0.55291]},"Q3o":{"weight":0.0,"played":[0.0023,0.9977],"evs":[0.0,2.90561]},"K3o":{"weight":3.0E-4,"played":[9.0E-4,0.9991],"evs":[0.0,3.09032]},"A3o":{"weight":0.1542,"played":[0.0,1.0],"evs":[0.0,5.02195]},"42s":{"weight":0.0,"played":[0.001,0.999],"evs":[0.0,3.91491]},"43s":{"weight":0.0,"played":[9.0E-4,0.9991],"evs":[0.0,4.39282]},"44":{"weight":0.3828,"played":[0.0,1.0],"evs":[0.0,7.22859]},"54o":{"weight":0.0,"played":[1.0E-4,0.9999],"evs":[0.0,2.75811]},"64o":{"weight":0.0,"played":[0.0,1.0],"evs":[0.0,3.33508]},"74o":{"weight":0.0,"played":[0.0,1.0],"evs":[0.0,1.31791]},"84o":{"weight":0.0,"played":[0.0285,0.9715],"evs":[0.0,0.01572]},"94o":{"weight":0.0,"played":[0.1284,0.8716],"evs":[0.0,0.88282]},"T4o":{"weight":0.0,"played":[0.0031,0.9969],"evs":[0.0,0.97692]},"J4o":{"weight":0.0,"played":[0.0141,0.9859],"evs":[0.0,1.20489]},"Q4o":{"weight":0.0,"played":[0.0,1.0],"evs":[0.0,2.00873]},"K4o":{"weight":0.0,"played":[0.0,1.0],"evs":[0.0,3.25548]},"A4o":{"weight":0.6234,"played":[0.0,1.0],"evs":[0.0,5.26497]},"52s":{"weight":0.0,"played":[0.009,0.991],"evs":[0.0,3.28939]},"53s":{"weight":0.0,"played":[0.0,1.0],"evs":[0.0,2.45882]},"54s":{"weight":0.0,"played":[0.0012,0.9988],"evs":[0.0,5.2537]},"55":{"weight":0.3491,"played":[0.0,1.0],"evs":[0.0,8.69579]},"65o":{"weight":0.0,"played":[0.0,1.0],"evs":[0.0,3.4164]},"75o":{"weight":0.0,"played":[0.0,1.0],"evs":[0.0,2.94004]},"85o":{"weight":0.0,"played":[0.0,1.0],"evs":[0.0,1.32063]},"95o":{"weight":0.0,"played":[3.0E-4,0.9997],"evs":[0.0,1.30164]},"T5o":{"weight":0.0,"played":[4.0E-4,0.9996],"evs":[0.0,1.46149]},"J5o":{"weight":0.0,"played":[2.0E-4,0.9998],"evs":[0.0,1.8695]},"Q5o":{"weight":0.0,"played":[1.0E-4,0.9999],"evs":[0.0,2.74884]},"K5o":{"weight":0.0,"played":[0.001,0.999],"evs":[0.0,3.12217]},"A5o":{"weight":0.149,"played":[0.0,1.0],"evs":[0.0,5.94315]},"62s":{"weight":0.0,"played":[0.0048,0.9952],"evs":[0.0,3.57179]},"63s":{"weight":0.0,"played":[6.0E-4,0.9994],"evs":[0.0,2.2498]},"64s":{"weight":0.0,"played":[3.0E-4,0.9997],"evs":[0.0,4.84407]},"65s":{"weight":3.0E-4,"played":[0.0,1.0],"evs":[0.0,5.07428]},"66":{"weight":0.2136,"played":[0.0,1.0],"evs":[0.0,9.22846]},"76o":{"weight":0.0,"played":[0.0,1.0],"evs":[0.0,1.44291]},"86o":{"weight":0.0,"played":[0.0,1.0],"evs":[0.0,1.60889]},"96o":{"weight":0.0,"played":[3.0E-4,0.9997],"evs":[0.0,2.5929]},"T6o":{"weight":0.0,"played":[7.0E-4,0.9993],"evs":[0.0,1.50656]},"J6o":{"weight":0.0,"played":[0.0,1.0],"evs":[0.0,1.9597]},"Q6o":{"weight":0.0,"played":[3.0E-4,0.9997],"evs":[0.0,3.08031]},"K6o":{"weight":5.0E-4,"played":[0.0,1.0],"evs":[0.0,4.05088]},"A6o":{"weight":0.0363,"played":[0.0,1.0],"evs":[0.0,5.20004]},"72s":{"weight":0.0,"played":[0.0038,0.9962],"evs":[0.0,1.35727]},"73s":{"weight":0.0,"played":[0.0017,0.9983],"evs":[0.0,1.8117]},"74s":{"weight":8.0E-4,"played":[3.0E-4,0.9997],"evs":[0.0,3.50553]},"75s":{"weight":6.0E-4,"played":[0.0019,0.9981],"evs":[0.0,5.31604]},"76s":{"weight":0.0,"played":[0.0033,0.9967],"evs":[0.0,4.50335]},"77":{"weight":0.1765,"played":[0.0,1.0],"evs":[0.0,9.37302]},"87o":{"weight":0.0,"played":[6.0E-4,0.9994],"evs":[0.0,2.16922]},"97o":{"weight":0.0,"played":[0.0,1.0],"evs":[0.0,1.77026]},"T7o":{"weight":0.0,"played":[2.0E-4,0.9998],"evs":[0.0,1.16755]},"J7o":{"weight":0.0,"played":[0.0,1.0],"evs":[0.0,1.30505]},"Q7o":{"weight":0.0,"played":[2.0E-4,0.9998],"evs":[0.0,0.95401]},"K7o":{"weight":2.0E-4,"played":[0.0,1.0],"evs":[0.0,3.0496]},"A7o":{"weight":0.131,"played":[0.0,1.0],"evs":[0.0,4.98385]},"82s":{"weight":0.0,"played":[3.0E-4,0.9997],"evs":[0.0,1.80975]},"83s":{"weight":0.0,"played":[0.0945,0.9055],"evs":[0.0,0.74987]},"84s":{"weight":0.0,"played":[0.0,1.0],"evs":[0.0,2.43384]},"85s":{"weight":1.0E-4,"played":[4.0E-4,0.9996],"evs":[0.0,3.26494]},"86s":{"weight":0.0037,"played":[2.0E-4,0.9998],"evs":[0.0,5.40437]},"87s":{"weight":0.0,"played":[0.0,1.0],"evs":[0.0,2.27776]},"88":{"weight":0.1991,"played":[1.0E-4,0.9999],"evs":[0.0,10.06953]},"98o":{"weight":0.0,"played":[0.0,1.0],"evs":[0.0,2.94313]},"T8o":{"weight":0.0,"played":[1.0E-4,0.9999],"evs":[0.0,3.44259]},"J8o":{"weight":1.0E-4,"played":[0.0,1.0],"evs":[0.0,3.02179]},"Q8o":{"weight":0.0013,"played":[1.0E-4,0.9999],"evs":[0.0,2.77011]},"K8o":{"weight":0.1159,"played":[0.0,1.0],"evs":[0.0,3.31247]},"A8o":{"weight":0.0765,"played":[0.0,1.0],"evs":[0.0,5.49106]},"92s":{"weight":0.0,"played":[0.0165,0.9835],"evs":[0.0,3.36543]},"93s":{"weight":0.0,"played":[1.0E-4,0.9999],"evs":[0.0,3.46832]},"94s":{"weight":0.0,"played":[8.0E-4,0.9992],"evs":[0.0,3.71068]},"95s":{"weight":0.0,"played":[0.0019,0.9981],"evs":[0.0,4.0611]},"96s":{"weight":0.0021,"played":[0.0,1.0],"evs":[0.0,3.2886]},"97s":{"weight":2.0E-4,"played":[1.0E-4,0.9999],"evs":[0.0,4.40493]},"98s":{"weight":0.1446,"played":[0.0,1.0],"evs":[0.0,5.30132]},"99":{"weight":0.1574,"played":[0.0,1.0],"evs":[0.0,12.34501]},"T9o":{"weight":0.0043,"played":[0.0,1.0],"evs":[0.0,4.24358]},"J9o":{"weight":0.0137,"played":[1.0E-4,0.9999],"evs":[0.0,3.98801]},"Q9o":{"weight":0.0093,"played":[0.0,1.0],"evs":[0.0,4.12202]},"K9o":{"weight":0.1171,"played":[0.0,1.0],"evs":[0.0,5.25484]},"A9o":{"weight":0.141,"played":[0.0,1.0],"evs":[0.0,7.57824]},"T2s":{"weight":0.0,"played":[0.0012,0.9988],"evs":[0.0,3.74323]},"T3s":{"weight":0.0,"played":[0.001,0.999],"evs":[0.0,3.28027]},"T4s":{"weight":0.0,"played":[0.0039,0.9961],"evs":[0.0,4.14428]},"T5s":{"weight":0.0,"played":[0.0,1.0],"evs":[0.0,2.97611]},"T6s":{"weight":0.0,"played":[3.0E-4,0.9997],"evs":[0.0,3.52399]},"T7s":{"weight":0.0223,"played":[3.0E-4,0.9997],"evs":[0.0,2.81373]},"T8s":{"weight":0.2619,"played":[6.0E-4,0.9994],"evs":[0.0,4.83987]},"T9s":{"weight":0.1909,"played":[0.0,1.0],"evs":[0.0,5.79166]},"TT":{"weight":0.0431,"played":[0.0,1.0],"evs":[0.0,13.45228]},"JTo":{"weight":0.1839,"played":[0.0,1.0],"evs":[0.0,5.28838]},"QTo":{"weight":0.0829,"played":[0.0,1.0],"evs":[0.0,5.21634]},"KTo":{"weight":0.0555,"played":[0.0,1.0],"evs":[0.0,6.10192]},"ATo":{"weight":0.3544,"played":[0.0,1.0],"evs":[0.0,8.43409]},"J2s":{"weight":1.0E-4,"played":[1.0E-4,0.9999],"evs":[0.0,3.19291]},"J3s":{"weight":0.0,"played":[0.0114,0.9886],"evs":[0.0,3.14758]},"J4s":{"weight":3.0E-4,"played":[1.0E-4,0.9999],"evs":[0.0,2.54651]},"J5s":{"weight":0.0042,"played":[1.0E-4,0.9999],"evs":[0.0,5.35436]},"J6s":{"weight":0.008,"played":[0.0026,0.9974],"evs":[0.0,4.50307]},"J7s":{"weight":0.0952,"played":[0.0013,0.9987],"evs":[0.0,6.27962]},"J8s":{"weight":0.0736,"played":[0.0011,0.9989],"evs":[0.0,4.15748]},"J9s":{"weight":0.1075,"played":[0.0,1.0],"evs":[0.0,6.06345]},"JTs":{"weight":0.076,"played":[0.0,1.0],"evs":[0.0,7.05162]},"JJ":{"weight":0.0907,"played":[0.0,1.0],"evs":[0.0,17.74823]},"QJo":{"weight":0.1728,"played":[0.0,1.0],"evs":[0.0,6.07755]},"KJo":{"weight":0.1411,"played":[0.0,1.0],"evs":[0.0,7.61524]},"AJo":{"weight":0.0991,"played":[0.0,1.0],"evs":[0.0,10.86769]},"Q2s":{"weight":3.0E-4,"played":[8.0E-4,0.9992],"evs":[0.0,3.87055]},"Q3s":{"weight":0.0048,"played":[2.0E-4,0.9998],"evs":[0.0,3.14141]},"Q4s":{"weight":1.0E-4,"played":[0.0036,0.9964],"evs":[0.0,3.79325]},"Q5s":{"weight":0.0515,"played":[0.0,1.0],"evs":[0.0,5.10429]},"Q6s":{"weight":0.0013,"played":[0.0,1.0],"evs":[0.0,5.1302]},"Q7s":{"weight":0.0064,"played":[3.0E-4,0.9997],"evs":[0.0,4.23292]},"Q8s":{"weight":0.0335,"played":[0.0063,0.9937],"evs":[0.0,5.71339]},"Q9s":{"weight":0.2638,"played":[2.0E-4,0.9998],"evs":[0.0,7.78602]},"QTs":{"weight":0.0096,"played":[0.0,1.0],"evs":[0.0,8.06197]},"QJs":{"weight":0.3353,"played":[1.0E-4,0.9999],"evs":[0.0,8.14755]},"QQ":{"weight":0.0955,"played":[0.0,1.0],"evs":[0.0,18.28691]},"KQo":{"weight":0.1321,"played":[0.0,1.0],"evs":[0.0,8.77426]},"AQo":{"weight":0.2599,"played":[0.0,1.0],"evs":[0.0,11.84563]},"K2s":{"weight":0.003,"played":[0.0,1.0],"evs":[0.0,4.39177]},"K3s":{"weight":0.0393,"played":[8.0E-4,0.9992],"evs":[0.0,2.12173]},"K4s":{"weight":0.126,"played":[3.0E-4,0.9997],"evs":[0.0,7.20147]},"K5s":{"weight":0.05,"played":[0.0055,0.9945],"evs":[0.0,6.60623]},"K6s":{"weight":0.3355,"played":[0.0,1.0],"evs":[0.0,6.00856]},"K7s":{"weight":0.1197,"played":[2.0E-4,0.9998],"evs":[0.0,4.59334]},"K8s":{"weight":0.6186,"played":[5.0E-4,0.9995],"evs":[0.0,4.94285]},"K9s":{"weight":0.0078,"played":[0.0,1.0],"evs":[0.0,6.24375]},"KTs":{"weight":0.0244,"played":[1.0E-4,0.9999],"evs":[0.0,8.67578]},"KJs":{"weight":0.0142,"played":[0.0,1.0],"evs":[0.0,10.0582]},"KQs":{"weight":0.0547,"played":[0.0,1.0],"evs":[0.0,10.3053]},"KK":{"weight":0.0158,"played":[0.0,1.0],"evs":[0.0,23.4331]},"AKo":{"weight":0.129,"played":[0.0,1.0],"evs":[0.0,13.26165]},"A2s":{"weight":0.0326,"played":[1.0E-4,0.9999],"evs":[0.0,7.88098]},"A3s":{"weight":0.1385,"played":[0.0,1.0],"evs":[0.0,7.48924]},"A4s":{"weight":2.0E-4,"played":[1.0E-4,0.9999],"evs":[0.0,8.67748]},"A5s":{"weight":6.0E-4,"played":[2.0E-4,0.9998],"evs":[0.0,7.13942]},"A6s":{"weight":0.8589,"played":[1.0E-4,0.9999],"evs":[0.0,9.04418]},"A7s":{"weight":0.0571,"played":[0.0,1.0],"evs":[0.0,8.34247]},"A8s":{"weight":0.007,"played":[0.0,1.0],"evs":[0.0,7.89276]},"A9s":{"weight":0.0794,"played":[0.0,1.0],"evs":[0.0,9.8507]},"ATs":{"weight":0.0719,"played":[2.0E-4,0.9998],"evs":[0.0,11.08578]},"AJs":{"weight":0.2319,"played":[0.0,1.0],"evs":[0.0,13.25384]},"AQs":{"weight":0.1684,"played":[0.0,1.0],"evs":[0.0,14.25236]},"AKs":{"weight":0.0683,"played":[1.0E-4,0.9999],"evs":[0.0,16.36444]},"AA":{"weight":0.0012,"played":[0.0,1.0],"evs":[0.0,28.38387]}}}