{"player":2,"street":0,"children":2,"sequence":[{"player":0,"type":"R","amount":165000,"street":0},{"player":1,"type":"C","amount":165000,"street":0},{"player":2,"type":"R","amount":512500,"street":0},{"player":3,"type":"R","amount":2885000,"street":0},{"player":4,"type":"C","amount":1765000,"street":0},{"player":5,"type":"F","amount":0,"street":0},{"player":1,"type":"C","amount":820000,"street":0}],"actions":[{"type":"F","amount":0},{"type":"C","amount":2372500}],"hands":{"22":{"weight":0.105,"played":[7.0E-4,0.9993],"evs":[0.0,3.3431]},"32o":{"weight":0.0,"played":[1.0,0.0],"evs":[0.0,-4.08585]},"42o":{"weight":0.0,"played":[0.9999,1.0E-4],"evs":[0.0,-4.15968]},"52o":{"weight":0.0,"played":[0.9947,0.0053],"evs":[0.0,-3.68392]},"62o":{"weight":0.0,"played":[1.0,0.0],"evs":[0.0,-4.50827]},"72o":{"weight":0.0,"played":[0.9992,8.0E-4],"evs":[0.0,-6.10007]},"82o":{"weight":0.0,"played":[0.997,0.003],"evs":[0.0,-5.65395]},"92o":{"weight":0.0,"played":[0.9977,0.0023],"evs":[0.0,-5.27341]},"T2o":{"weight":0.0,"played":[0.9999,1.0E-4],"evs":[0.0,-5.54195]},"J2o":{"weight":0.0,"played":[0.9844,0.0156],"evs":[0.0,-4.41264]},"Q2o":{"weight":0.0,"played":[0.9995,5.0E-4],"evs":[0.0,-3.84545]},"K2o":{"weight":0.0,"played":[0.9798,0.0202],"evs":[0.0,-2.73845]},"A2o":{"weight":0.2078,"played":[0.5728,0.4272],"evs":[0.0,-0.25045]},"32s":{"weight":0.0,"played":[0.8961,0.1039],"evs":[0.0,-1.38136]},"33":{"weight":0.0,"played":[0.0317,0.9683],"evs":[0.0,2.84578]},"43o":{"weight":0.0,"played":[0.9957,0.0043],"evs":[0.0,-1.99628]},"53o":{"weight":0.0,"played":[0.9929,0.0071],"evs":[0.0,-1.40725]},"63o":{"weight":0.0,"played":[0.9981,0.0019],"evs":[0.0,-3.06746]},"73o":{"weight":0.0,"played":[0.9634,0.0366],"evs":[0.0,-6.56496]},"83o":{"weight":0.0,"played":[0.9999,1.0E-4],"evs":[0.0,-5.92309]},"93o":{"weight":0.0,"played":[0.9997,3.0E-4],"evs":[0.0,-3.62122]},"T3o":{"weight":0.0,"played":[0.9997,3.0E-4],"evs":[0.0,-4.81688]},"J3o":{"weight":0.0,"played":[0.9988,0.0012],"evs":[0.0,-5.59765]},"Q3o":{"weight":0.0,"played":[0.9899,0.0101],"evs":[0.0,-1.9597]},"K3o":{"weight":3.0E-4,"played":[0.9664,0.0336],"evs":[0.0,-3.54795]},"A3o":{"weight":0.1542,"played":[0.0062,0.9938],"evs":[0.0,0.22623]},"42s":{"weight":0.0,"played":[0.793,0.207],"evs":[0.0,-1.01167]},"43s":{"weight":0.0,"played":[0.9373,0.0627],"evs":[0.0,-1.54135]},"44":{"weight":0.3828,"played":[2.0E-4,0.9998],"evs":[0.0,5.38234]},"54o":{"weight":0.0,"played":[0.8381,0.1619],"evs":[0.0,-0.12342]},"64o":{"weight":0.0,"played":[0.9999,1.0E-4],"evs":[0.0,-3.3601]},"74o":{"weight":0.0,"played":[0.9946,0.0054],"evs":[0.0,-5.26894]},"84o":{"weight":0.0,"played":[0.9747,0.0253],"evs":[0.0,-4.96707]},"94o":{"weight":0.0,"played":[0.9919,0.0081],"evs":[0.0,-5.63012]},"T4o":{"weight":0.0,"played":[0.9743,0.0257],"evs":[0.0,-3.86657]},"J4o":{"weight":0.0,"played":[0.9511,0.0489],"evs":[0.0,-4.27572]},"Q4o":{"weight":0.0,"played":[0.9813,0.0187],"evs":[0.0,-3.99444]},"K4o":{"weight":0.0,"played":[0.8293,0.1707],"evs":[0.0,-1.87602]},"A4o":{"weight":0.6234,"played":[0.0,1.0],"evs":[0.0,1.53499]},"52s":{"weight":0.0,"played":[0.3514,0.6486],"evs":[0.0,-0.07897]},"53s":{"weight":0.0,"played":[0.1337,0.8663],"evs":[0.0,3.97877]},"54s":{"weight":0.0,"played":[0.0654,0.9346],"evs":[0.0,1.99694]},"55":{"weight":0.3491,"played":[4.0E-4,0.9996],"evs":[0.0,6.83197]},"65o":{"weight":0.0,"played":[0.5331,0.4669],"evs":[0.0,0.08019]},"75o":{"weight":0.0,"played":[0.9895,0.0105],"evs":[0.0,-2.97446]},"85o":{"weight":0.0,"played":[0.9225,0.0775],"evs":[0.0,-2.93548]},"95o":{"weight":0.0,"played":[0.9996,4.0E-4],"evs":[0.0,-3.30058]},"T5o":{"weight":0.0,"played":[0.9965,0.0035],"evs":[0.0,-3.88562]},"J5o":{"weight":0.0,"played":[0.9981,0.0019],"evs":[0.0,-1.92279]},"Q5o":{"weight":0.0,"played":[0.9924,0.0076],"evs":[0.0,-1.77423]},"K5o":{"weight":0.0,"played":[0.9028,0.0972],"evs":[0.0,-2.76476]},"A5o":{"weight":0.149,"played":[0.2523,0.7477],"evs":[0.0,1.71891]},"62s":{"weight":0.0,"played":[0.9791,0.0209],"evs":[0.0,-2.45476]},"63s":{"weight":0.0,"played":[0.9538,0.0462],"evs":[0.0,0.46344]},"64s":{"weight":0.0,"played":[0.6246,0.3754],"evs":[0.0,-0.18384]},"65s":{"weight":3.0E-4,"played":[0.0018,0.9982],"evs":[0.0,0.73993]},"66":{"weight":0.2136,"played":[0.0,1.0],"evs":[0.0,6.56697]},"76o":{"weight":0.0,"played":[0.8557,0.1443],"evs":[0.0,-2.18032]},"86o":{"weight":0.0,"played":[0.9954,0.0046],"evs":[0.0,-4.685]},"96o":{"weight":0.0,"played":[0.8982,0.1018],"evs":[0.0,-2.10738]},"T6o":{"weight":0.0,"played":[0.9729,0.0271],"evs":[0.0,-2.63555]},"J6o":{"weight":0.0,"played":[0.9967,0.0033],"evs":[0.0,-3.49514]},"Q6o":{"weight":0.0,"played":[0.9743,0.0257],"evs":[0.0,-1.46841]},"K6o":{"weight":5.0E-4,"played":[0.994,0.006],"evs":[0.0,-2.31138]},"A6o":{"weight":0.0363,"played":[7.0E-4,0.9993],"evs":[0.0,0.94345]},"72s":{"weight":0.0,"played":[0.9982,0.0018],"evs":[0.0,-5.00334]},"73s":{"weight":0.0,"played":[0.6054,0.3946],"evs":[0.0,-0.56882]},"74s":{"weight":8.0E-4,"played":[0.6651,0.3349],"evs":[0.0,-1.57904]},"75s":{"weight":6.0E-4,"played":[0.5872,0.4128],"evs":[0.0,-0.7773]},"76s":{"weight":0.0,"played":[0.0432,0.9568],"evs":[0.0,0.58033]},"77":{"weight":0.1765,"played":[0.0,1.0],"evs":[0.0,7.121]},"87o":{"weight":0.0,"played":[0.9591,0.0409],"evs":[0.0,-3.52621]},"97o":{"weight":0.0,"played":[0.6523,0.3477],"evs":[0.0,-1.3337]},"T7o":{"weight":0.0,"played":[0.9912,0.0088],"evs":[0.0,-2.81013]},"J7o":{"weight":0.0,"played":[0.9717,0.0283],"evs":[0.0,-4.37609]},"Q7o":{"weight":0.0,"played":[0.9989,0.0011],"evs":[0.0,-3.52276]},"K7o":{"weight":2.0E-4,"played":[0.9236,0.0764],"evs":[0.0,-1.43747]},"A7o":{"weight":0.131,"played":[3.0E-4,0.9997],"evs":[0.0,0.68605]},"82s":{"weight":0.0,"played":[0.8952,0.1048],"evs":[0.0,-4.39307]},"83s":{"weight":0.0,"played":[0.9912,0.0088],"evs":[0.0,-4.54948]},"84s":{"weight":0.0,"played":[0.8317,0.1683],"evs":[0.0,0.01411]},"85s":{"weight":1.0E-4,"played":[0.9948,0.0052],"evs":[0.0,-2.03592]},"86s":{"weight":0.0037,"played":[0.3071,0.6929],"evs":[0.0,-0.0314]},"87s":{"weight":0.0,"played":[0.3542,0.6458],"evs":[0.0,-0.90308]},"88":{"weight":0.1991,"played":[0.0048,0.9952],"evs":[0.0,5.3647]},"98o":{"weight":0.0,"played":[0.8883,0.1117],"evs":[0.0,-2.63985]},"T8o":{"weight":0.0,"played":[0.9333,0.0667],"evs":[0.0,-2.27929]},"J8o":{"weight":1.0E-4,"played":[0.6223,0.3777],"evs":[0.0,-0.43921]},"Q8o":{"weight":0.0013,"played":[0.6928,0.3072],"evs":[0.0,-1.21369]},"K8o":{"weight":0.1159,"played":[0.8709,0.1291],"evs":[0.0,-1.72692]},"A8o":{"weight":0.0765,"played":[2.0E-4,0.9998],"evs":[0.0,2.47546]},"92s":{"weight":0.0,"played":[0.6614,0.3386],"evs":[0.0,-1.2356]},"93s":{"weight":0.0,"played":[0.9317,0.0683],"evs":[0.0,-1.78673]},"94s":{"weight":0.0,"played":[0.9756,0.0244],"evs":[0.0,-3.95972]},"95s":{"weight":0.0,"played":[0.3741,0.6259],"evs":[0.0,1.3454]},"96s":{"weight":0.0021,"played":[0.4275,0.5725],"evs":[0.0,0.54743]},"97s":{"weight":2.0E-4,"played":[0.3949,0.6051],"evs":[0.0,-0.70548]},"98s":{"weight":0.1446,"played":[0.2154,0.7846],"evs":[0.0,1.4969]},"99":{"weight":0.1574,"played":[1.0E-4,0.9999],"evs":[0.0,8.78438]},"T9o":{"weight":0.0043,"played":[0.8013,0.1987],"evs":[0.0,-1.37781]},"J9o":{"weight":0.0137,"played":[0.5548,0.4452],"evs":[0.0,-0.08333]},"Q9o":{"weight":0.0093,"played":[0.3088,0.6912],"evs":[0.0,0.17656]},"K9o":{"weight":0.1171,"played":[0.4563,0.5437],"evs":[0.0,-0.25764]},"A9o":{"weight":0.141,"played":[0.0,1.0],"evs":[0.0,3.04691]},"T2s":{"weight":0.0,"played":[0.5965,0.4035],"evs":[0.0,-1.95176]},"T3s":{"weight":0.0,"played":[0.7957,0.2043],"evs":[0.0,-1.23373]},"T4s":{"weight":0.0,"played":[0.9561,0.0439],"evs":[0.0,-0.95479]},"T5s":{"weight":0.0,"played":[0.9953,0.0047],"evs":[0.0,-2.38437]},"T6s":{"weight":0.0,"played":[0.4122,0.5878],"evs":[0.0,-0.75797]},"T7s":{"weight":0.0223,"played":[0.478,0.522],"evs":[0.0,-0.8763]},"T8s":{"weight":0.2619,"played":[0.586,0.414],"evs":[0.0,0.29433]},"T9s":{"weight":0.1909,"played":[0.0,1.0],"evs":[0.0,3.00678]},"TT":{"weight":0.0431,"played":[0.0,1.0],"evs":[0.0,13.59384]},"JTo":{"weight":0.1839,"played":[0.2335,0.7665],"evs":[0.0,0.31035]},"QTo":{"weight":0.0829,"played":[0.1253,0.8747],"evs":[0.0,0.8598]},"KTo":{"weight":0.0555,"played":[0.0173,0.9827],"evs":[0.0,2.54843]},"ATo":{"weight":0.3544,"played":[7.0E-4,0.9993],"evs":[0.0,7.08858]},"J2s":{"weight":1.0E-4,"played":[0.8731,0.1269],"evs":[0.0,-1.51321]},"J3s":{"weight":0.0,"played":[0.4794,0.5206],"evs":[0.0,-0.43633]},"J4s":{"weight":3.0E-4,"played":[0.8329,0.1671],"evs":[0.0,-3.26668]},"J5s":{"weight":0.0042,"played":[0.4929,0.5071],"evs":[0.0,-1.14998]},"J6s":{"weight":0.008,"played":[0.77,0.23],"evs":[0.0,-0.32287]},"J7s":{"weight":0.0952,"played":[0.9675,0.0325],"evs":[0.0,-3.14512]},"J8s":{"weight":0.0736,"played":[0.0614,0.9386],"evs":[0.0,2.32364]},"J9s":{"weight":0.1075,"played":[0.0451,0.9549],"evs":[0.0,-0.15232]},"JTs":{"weight":0.076,"played":[5.0E-4,0.9995],"evs":[0.0,6.01314]},"JJ":{"weight":0.0907,"played":[0.0,1.0],"evs":[0.0,17.79962]},"QJo":{"weight":0.1728,"played":[0.0028,0.9972],"evs":[0.0,2.40378]},"KJo":{"weight":0.1411,"played":[0.0,1.0],"evs":[0.0,3.82501]},"AJo":{"weight":0.0991,"played":[1.0E-4,0.9999],"evs":[0.0,6.34745]},"Q2s":{"weight":3.0E-4,"played":[0.921,0.079],"evs":[0.0,-0.88395]},"Q3s":{"weight":0.0048,"played":[0.6996,0.3004],"evs":[0.0,0.09354]},"Q4s":{"weight":1.0E-4,"played":[0.4857,0.5143],"evs":[0.0,0.61847]},"Q5s":{"weight":0.0515,"played":[0.7758,0.2242],"evs":[0.0,-0.4473]},"Q6s":{"weight":0.0013,"played":[0.2371,0.7629],"evs":[0.0,1.67368]},"Q7s":{"weight":0.0064,"played":[0.1956,0.8044],"evs":[0.0,0.51925]},"Q8s":{"weight":0.0335,"played":[0.2174,0.7826],"evs":[0.0,0.60969]},"Q9s":{"weight":0.2638,"played":[0.0019,0.9981],"evs":[0.0,1.89227]},"QTs":{"weight":0.0096,"played":[4.0E-4,0.9996],"evs":[0.0,2.48687]},"QJs":{"weight":0.3353,"played":[2.0E-4,0.9998],"evs":[0.0,4.78499]},"QQ":{"weight":0.0955,"played":[0.0,1.0],"evs":[0.0,18.0043]},"KQo":{"weight":0.1321,"played":[0.0,1.0],"evs":[0.0,5.10878]},"AQo":{"weight":0.2599,"played":[0.0,1.0],"evs":[0.0,8.17641]},"K2s":{"weight":0.003,"played":[0.0455,0.9545],"evs":[0.0,2.89941]},"K3s":{"weight":0.0393,"played":[0.1704,0.8296],"evs":[0.0,2.56662]},"K4s":{"weight":0.126,"played":[0.6043,0.3957],"evs":[0.0,-0.25407]},"K5s":{"weight":0.05,"played":[0.4614,0.5386],"evs":[0.0,0.52535]},"K6s":{"weight":0.3355,"played":[0.2457,0.7543],"evs":[0.0,-0.34686]},"K7s":{"weight":0.1197,"played":[0.008,0.992],"evs":[0.0,2.35451]},"K8s":{"weight":0.6186,"played":[0.0024,0.9976],"evs":[0.0,0.28758]},"K9s":{"weight":0.0078,"played":[0.009,0.991],"evs":[0.0,3.21795]},"KTs":{"weight":0.0244,"played":[2.0E-4,0.9998],"evs":[0.0,3.89549]},"KJs":{"weight":0.0142,"played":[5.0E-4,0.9995],"evs":[0.0,4.49554]},"KQs":{"weight":0.0547,"played":[5.0E-4,0.9995],"evs":[0.0,9.44916]},"KK":{"weight":0.0158,"played":[2.0E-4,0.9998],"evs":[0.0,24.6885]},"AKo":{"weight":0.129,"played":[0.0,1.0],"evs":[0.0,11.18764]},"A2s":{"weight":0.0326,"played":[0.001,0.999],"evs":[0.0,3.45465]},"A3s":{"weight":0.1385,"played":[0.0248,0.9752],"evs":[0.0,0.94639]},"A4s":{"weight":2.0E-4,"played":[0.0737,0.9263],"evs":[0.0,3.57475]},"A5s":{"weight":6.0E-4,"played":[0.0061,0.9939],"evs":[0.0,1.71865]},"A6s":{"weight":0.8589,"played":[0.0275,0.9725],"evs":[0.0,2.96922]},"A7s":{"weight":0.0571,"played":[2.0E-4,0.9998],"evs":[0.0,3.08681]},"A8s":{"weight":0.007,"played":[0.0087,0.9913],"evs":[0.0,4.09538]},"A9s":{"weight":0.0794,"played":[4.0E-4,0.9996],"evs":[0.0,5.90729]},"ATs":{"weight":0.0719,"played":[2.0E-4,0.9998],"evs":[0.0,10.13919]},"AJs":{"weight":0.2319,"played":[0.0,1.0],"evs":[0.0,13.96358]},"AQs":{"weight":0.1684,"played":[0.0042,0.9958],"evs":[0.0,15.93154]},"AKs":{"weight":0.0683,"played":[0.0,1.0],"evs":[0.0,14.56085]},"AA":{"weight":0.0012,"played":[0.0,1.0],"evs":[0.0,30.51475]}}}