{"player":2,"street":0,"children":2,"sequence":[{"player":0,"type":"R","amount":165000,"street":0},{"player":1,"type":"C","amount":165000,"street":0},{"player":2,"type":"R","amount":512500,"street":0},{"player":3,"type":"R","amount":2885000,"street":0},{"player":4,"type":"C","amount":1765000,"street":0},{"player":5,"type":"C","amount":895000,"street":0},{"player":1,"type":"F","amount":0,"street":0}],"actions":[{"type":"F","amount":0},{"type":"C","amount":2372500}],"hands":{"22":{"weight":0.105,"played":[0.3351,0.6649],"evs":[0.0,2.22994]},"32o":{"weight":0.0,"played":[0.8956,0.1044],"evs":[0.0,-5.48753]},"42o":{"weight":0.0,"played":[0.989,0.011],"evs":[0.0,-3.12086]},"52o":{"weight":0.0,"played":[0.9759,0.0241],"evs":[0.0,-6.33505]},"62o":{"weight":0.0,"played":[0.9869,0.0131],"evs":[0.0,-5.49058]},"72o":{"weight":0.0,"played":[0.9956,0.0044],"evs":[0.0,-7.86332]},"82o":{"weight":0.0,"played":[0.9392,0.0608],"evs":[0.0,0.13314]},"92o":{"weight":0.0,"played":[0.9994,6.0E-4],"evs":[0.0,-3.4554]},"T2o":{"weight":0.0,"played":[0.9983,0.0017],"evs":[0.0,-6.34468]},"J2o":{"weight":0.0,"played":[0.9954,0.0046],"evs":[0.0,-9.85853]},"Q2o":{"weight":0.0,"played":[0.885,0.115],"evs":[0.0,-3.72391]},"K2o":{"weight":0.0,"played":[0.838,0.162],"evs":[0.0,-2.55712]},"A2o":{"weight":0.2078,"played":[0.7468,0.2532],"evs":[0.0,0.21564]},"32s":{"weight":0.0,"played":[0.9466,0.0534],"evs":[0.0,-0.993]},"33":{"weight":0.0,"played":[6.0E-4,0.9994],"evs":[0.0,4.76801]},"43o":{"weight":0.0,"played":[0.7036,0.2964],"evs":[0.0,-1.82718]},"53o":{"weight":0.0,"played":[0.7731,0.2269],"evs":[0.0,-1.04569]},"63o":{"weight":0.0,"played":[0.9876,0.0124],"evs":[0.0,-1.27344]},"73o":{"weight":0.0,"played":[0.9952,0.0048],"evs":[0.0,-1.66631]},"83o":{"weight":0.0,"played":[0.9912,0.0088],"evs":[0.0,-3.90815]},"93o":{"weight":0.0,"played":[0.7481,0.2519],"evs":[0.0,-1.72794]},"T3o":{"weight":0.0,"played":[0.9927,0.0073],"evs":[0.0,-4.20133]},"J3o":{"weight":0.0,"played":[0.95,0.05],"evs":[0.0,-1.00252]},"Q3o":{"weight":0.0,"played":[0.63,0.37],"evs":[0.0,-3.29982]},"K3o":{"weight":3.0E-4,"played":[0.7711,0.2289],"evs":[0.0,-1.7203]},"A3o":{"weight":0.1542,"played":[0.0071,0.9929],"evs":[0.0,1.38137]},"42s":{"weight":0.0,"played":[0.9146,0.0854],"evs":[0.0,-3.65408]},"43s":{"weight":0.0,"played":[0.4725,0.5275],"evs":[0.0,0.87892]},"44":{"weight":0.3828,"played":[0.0229,0.9771],"evs":[0.0,9.08168]},"54o":{"weight":0.0,"played":[0.9513,0.0487],"evs":[0.0,-0.44984]},"64o":{"weight":0.0,"played":[0.984,0.016],"evs":[0.0,-1.928]},"74o":{"weight":0.0,"played":[0.9196,0.0804],"evs":[0.0,-2.44538]},"84o":{"weight":0.0,"played":[0.9956,0.0044],"evs":[0.0,-2.12988]},"94o":{"weight":0.0,"played":[0.8652,0.1348],"evs":[0.0,-1.64979]},"T4o":{"weight":0.0,"played":[0.9997,3.0E-4],"evs":[0.0,-4.41971]},"J4o":{"weight":0.0,"played":[0.9851,0.0149],"evs":[0.0,-4.41268]},"Q4o":{"weight":0.0,"played":[0.8926,0.1074],"evs":[0.0,-3.81436]},"K4o":{"weight":0.0,"played":[0.0892,0.9108],"evs":[0.0,0.34662]},"A4o":{"weight":0.6234,"played":[0.9606,0.0394],"evs":[0.0,-0.97088]},"52s":{"weight":0.0,"played":[0.9238,0.0762],"evs":[0.0,1.25467]},"53s":{"weight":0.0,"played":[0.0115,0.9885],"evs":[0.0,8.32409]},"54s":{"weight":0.0,"played":[0.5332,0.4668],"evs":[0.0,0.11464]},"55":{"weight":0.3491,"played":[9.0E-4,0.9991],"evs":[0.0,6.48992]},"65o":{"weight":0.0,"played":[0.0045,0.9955],"evs":[0.0,2.22621]},"75o":{"weight":0.0,"played":[0.628,0.372],"evs":[0.0,-1.45749]},"85o":{"weight":0.0,"played":[0.8696,0.1304],"evs":[0.0,-2.00726]},"95o":{"weight":0.0,"played":[0.2629,0.7371],"evs":[0.0,0.64137]},"T5o":{"weight":0.0,"played":[0.9484,0.0516],"evs":[0.0,-3.36031]},"J5o":{"weight":0.0,"played":[0.7108,0.2892],"evs":[0.0,-1.47891]},"Q5o":{"weight":0.0,"played":[0.8015,0.1985],"evs":[0.0,-0.38826]},"K5o":{"weight":0.0,"played":[0.4358,0.5642],"evs":[0.0,1.90181]},"A5o":{"weight":0.149,"played":[0.4055,0.5945],"evs":[0.0,-0.6053]},"62s":{"weight":0.0,"played":[0.5494,0.4506],"evs":[0.0,0.56066]},"63s":{"weight":0.0,"played":[0.4617,0.5383],"evs":[0.0,2.79753]},"64s":{"weight":0.0,"played":[0.1148,0.8852],"evs":[0.0,4.94865]},"65s":{"weight":3.0E-4,"played":[0.0405,0.9595],"evs":[0.0,4.25264]},"66":{"weight":0.2136,"played":[2.0E-4,0.9998],"evs":[0.0,12.22604]},"76o":{"weight":0.0,"played":[0.0936,0.9064],"evs":[0.0,1.33165]},"86o":{"weight":0.0,"played":[1.0E-4,0.9999],"evs":[0.0,2.8929]},"96o":{"weight":0.0,"played":[0.7664,0.2336],"evs":[0.0,-0.60727]},"T6o":{"weight":0.0,"played":[0.3191,0.6809],"evs":[0.0,0.81856]},"J6o":{"weight":0.0,"played":[0.6718,0.3282],"evs":[0.0,0.7125]},"Q6o":{"weight":0.0,"played":[0.6873,0.3127],"evs":[0.0,-0.31868]},"K6o":{"weight":5.0E-4,"played":[0.4459,0.5541],"evs":[0.0,2.09666]},"A6o":{"weight":0.0363,"played":[0.3617,0.6383],"evs":[0.0,1.31907]},"72s":{"weight":0.0,"played":[0.2584,0.7416],"evs":[0.0,0.94909]},"73s":{"weight":0.0,"played":[0.1858,0.8142],"evs":[0.0,3.89088]},"74s":{"weight":8.0E-4,"played":[0.1723,0.8277],"evs":[0.0,0.99509]},"75s":{"weight":6.0E-4,"played":[0.1778,0.8222],"evs":[0.0,10.05365]},"76s":{"weight":0.0,"played":[0.0318,0.9682],"evs":[0.0,4.89124]},"77":{"weight":0.1765,"played":[0.0,1.0],"evs":[0.0,13.62731]},"87o":{"weight":0.0,"played":[0.2164,0.7836],"evs":[0.0,0.14028]},"97o":{"weight":0.0,"played":[0.9219,0.0781],"evs":[0.0,-1.33706]},"T7o":{"weight":0.0,"played":[0.2016,0.7984],"evs":[0.0,0.50887]},"J7o":{"weight":0.0,"played":[0.3338,0.6662],"evs":[0.0,-0.65133]},"Q7o":{"weight":0.0,"played":[0.3842,0.6158],"evs":[0.0,-0.97967]},"K7o":{"weight":2.0E-4,"played":[0.0187,0.9813],"evs":[0.0,5.43363]},"A7o":{"weight":0.131,"played":[0.1192,0.8808],"evs":[0.0,3.08292]},"82s":{"weight":0.0,"played":[0.5469,0.4531],"evs":[0.0,-4.39962]},"83s":{"weight":0.0,"played":[0.9944,0.0056],"evs":[0.0,-3.71932]},"84s":{"weight":0.0,"played":[0.5632,0.4368],"evs":[0.0,-1.07063]},"85s":{"weight":1.0E-4,"played":[0.1403,0.8597],"evs":[0.0,0.79379]},"86s":{"weight":0.0037,"played":[0.0526,0.9474],"evs":[0.0,6.36645]},"87s":{"weight":0.0,"played":[0.0182,0.9818],"evs":[0.0,7.1349]},"88":{"weight":0.1991,"played":[0.0,1.0],"evs":[0.0,15.84447]},"98o":{"weight":0.0,"played":[0.0014,0.9986],"evs":[0.0,3.81494]},"T8o":{"weight":0.0,"played":[0.9652,0.0348],"evs":[0.0,-1.88154]},"J8o":{"weight":1.0E-4,"played":[0.7897,0.2103],"evs":[0.0,-0.66997]},"Q8o":{"weight":0.0013,"played":[0.0976,0.9024],"evs":[0.0,3.66696]},"K8o":{"weight":0.1159,"played":[0.202,0.798],"evs":[0.0,-0.58469]},"A8o":{"weight":0.0765,"played":[9.0E-4,0.9991],"evs":[0.0,3.32944]},"92s":{"weight":0.0,"played":[0.8668,0.1332],"evs":[0.0,-4.42519]},"93s":{"weight":0.0,"played":[0.2458,0.7542],"evs":[0.0,0.41964]},"94s":{"weight":0.0,"played":[0.407,0.593],"evs":[0.0,-2.07363]},"95s":{"weight":0.0,"played":[0.0015,0.9985],"evs":[0.0,1.60932]},"96s":{"weight":0.0021,"played":[0.9147,0.0853],"evs":[0.0,-2.05729]},"97s":{"weight":2.0E-4,"played":[0.2415,0.7585],"evs":[0.0,-0.27789]},"98s":{"weight":0.1446,"played":[0.0159,0.9841],"evs":[0.0,4.71713]},"99":{"weight":0.1574,"played":[9.0E-4,0.9991],"evs":[0.0,13.0902]},"T9o":{"weight":0.0043,"played":[0.0774,0.9226],"evs":[0.0,0.11719]},"J9o":{"weight":0.0137,"played":[1.0E-4,0.9999],"evs":[0.0,2.47235]},"Q9o":{"weight":0.0093,"played":[0.0468,0.9532],"evs":[0.0,7.89716]},"K9o":{"weight":0.1171,"played":[0.1086,0.8914],"evs":[0.0,3.57931]},"A9o":{"weight":0.141,"played":[0.0042,0.9958],"evs":[0.0,5.1898]},"T2s":{"weight":0.0,"played":[0.2229,0.7771],"evs":[0.0,3.96628]},"T3s":{"weight":0.0,"played":[0.8792,0.1208],"evs":[0.0,-2.21298]},"T4s":{"weight":0.0,"played":[0.3916,0.6084],"evs":[0.0,-0.55033]},"T5s":{"weight":0.0,"played":[0.4319,0.5681],"evs":[0.0,1.36822]},"T6s":{"weight":0.0,"played":[0.4948,0.5052],"evs":[0.0,-1.47031]},"T7s":{"weight":0.0223,"played":[0.4161,0.5839],"evs":[0.0,0.74822]},"T8s":{"weight":0.2619,"played":[0.0702,0.9298],"evs":[0.0,2.54824]},"T9s":{"weight":0.1909,"played":[0.5139,0.4861],"evs":[0.0,1.52004]},"TT":{"weight":0.0431,"played":[3.0E-4,0.9997],"evs":[0.0,16.62216]},"JTo":{"weight":0.1839,"played":[3.0E-4,0.9997],"evs":[0.0,5.82805]},"QTo":{"weight":0.0829,"played":[0.0104,0.9896],"evs":[0.0,3.02786]},"KTo":{"weight":0.0555,"played":[0.0023,0.9977],"evs":[0.0,4.98256]},"ATo":{"weight":0.3544,"played":[1.0E-4,0.9999],"evs":[0.0,4.8468]},"J2s":{"weight":1.0E-4,"played":[0.7972,0.2028],"evs":[0.0,-6.52289]},"J3s":{"weight":0.0,"played":[0.4916,0.5084],"evs":[0.0,5.06436]},"J4s":{"weight":3.0E-4,"played":[0.4884,0.5116],"evs":[0.0,-0.75605]},"J5s":{"weight":0.0042,"played":[0.1557,0.8443],"evs":[0.0,-0.95239]},"J6s":{"weight":0.008,"played":[0.0707,0.9293],"evs":[0.0,6.03122]},"J7s":{"weight":0.0952,"played":[0.0459,0.9541],"evs":[0.0,8.47394]},"J8s":{"weight":0.0736,"played":[0.2121,0.7879],"evs":[0.0,1.06756]},"J9s":{"weight":0.1075,"played":[0.0413,0.9587],"evs":[0.0,8.51803]},"JTs":{"weight":0.076,"played":[0.1717,0.8283],"evs":[0.0,3.49351]},"JJ":{"weight":0.0907,"played":[6.0E-4,0.9994],"evs":[0.0,20.95326]},"QJo":{"weight":0.1728,"played":[9.0E-4,0.9991],"evs":[0.0,6.32648]},"KJo":{"weight":0.1411,"played":[0.0049,0.9951],"evs":[0.0,5.81344]},"AJo":{"weight":0.0991,"played":[0.0905,0.9095],"evs":[0.0,3.99409]},"Q2s":{"weight":3.0E-4,"played":[0.0933,0.9067],"evs":[0.0,3.52682]},"Q3s":{"weight":0.0048,"played":[0.1789,0.8211],"evs":[0.0,1.47035]},"Q4s":{"weight":1.0E-4,"played":[0.0126,0.9874],"evs":[0.0,2.87689]},"Q5s":{"weight":0.0515,"played":[0.4432,0.5568],"evs":[0.0,1.6379]},"Q6s":{"weight":0.0013,"played":[0.4837,0.5163],"evs":[0.0,-1.07978]},"Q7s":{"weight":0.0064,"played":[0.3025,0.6975],"evs":[0.0,0.23787]},"Q8s":{"weight":0.0335,"played":[0.015,0.985],"evs":[0.0,1.82341]},"Q9s":{"weight":0.2638,"played":[0.0139,0.9861],"evs":[0.0,8.81696]},"QTs":{"weight":0.0096,"played":[0.0106,0.9894],"evs":[0.0,11.16033]},"QJs":{"weight":0.3353,"played":[0.0103,0.9897],"evs":[0.0,7.80256]},"QQ":{"weight":0.0955,"played":[0.0,1.0],"evs":[0.0,24.78748]},"KQo":{"weight":0.1321,"played":[0.0396,0.9604],"evs":[0.0,11.09358]},"AQo":{"weight":0.2599,"played":[0.0742,0.9258],"evs":[0.0,9.68671]},"K2s":{"weight":0.003,"played":[0.4025,0.5975],"evs":[0.0,-0.13527]},"K3s":{"weight":0.0393,"played":[0.5668,0.4332],"evs":[0.0,0.05748]},"K4s":{"weight":0.126,"played":[0.0978,0.9022],"evs":[0.0,1.90173]},"K5s":{"weight":0.05,"played":[0.4661,0.5339],"evs":[0.0,3.76052]},"K6s":{"weight":0.3355,"played":[0.0616,0.9384],"evs":[0.0,4.9025]},"K7s":{"weight":0.1197,"played":[0.1813,0.8187],"evs":[0.0,5.56714]},"K8s":{"weight":0.6186,"played":[0.0779,0.9221],"evs":[0.0,3.45144]},"K9s":{"weight":0.0078,"played":[0.0607,0.9393],"evs":[0.0,6.65428]},"KTs":{"weight":0.0244,"played":[0.0292,0.9708],"evs":[0.0,2.71265]},"KJs":{"weight":0.0142,"played":[0.0011,0.9989],"evs":[0.0,13.57691]},"KQs":{"weight":0.0547,"played":[0.0013,0.9987],"evs":[0.0,4.48015]},"KK":{"weight":0.0158,"played":[0.0,1.0],"evs":[0.0,27.09375]},"AKo":{"weight":0.129,"played":[1.0E-4,0.9999],"evs":[0.0,12.04349]},"A2s":{"weight":0.0326,"played":[0.2946,0.7054],"evs":[0.0,-3.62401]},"A3s":{"weight":0.1385,"played":[0.1568,0.8432],"evs":[0.0,3.37745]},"A4s":{"weight":2.0E-4,"played":[0.0,1.0],"evs":[0.0,5.24517]},"A5s":{"weight":6.0E-4,"played":[0.0705,0.9295],"evs":[0.0,6.07945]},"A6s":{"weight":0.8589,"played":[0.1224,0.8776],"evs":[0.0,2.32685]},"A7s":{"weight":0.0571,"played":[0.0493,0.9507],"evs":[0.0,1.68478]},"A8s":{"weight":0.007,"played":[0.0217,0.9783],"evs":[0.0,8.16535]},"A9s":{"weight":0.0794,"played":[0.1406,0.8594],"evs":[0.0,8.67395]},"ATs":{"weight":0.0719,"played":[0.546,0.454],"evs":[0.0,-2.12086]},"AJs":{"weight":0.2319,"played":[0.0,1.0],"evs":[0.0,7.76138]},"AQs":{"weight":0.1684,"played":[1.0E-4,0.9999],"evs":[0.0,7.14702]},"AKs":{"weight":0.0683,"played":[0.0046,0.9954],"evs":[0.0,13.11206]},"AA":{"weight":0.0012,"played":[6.0E-4,0.9994],"evs":[0.0,37.80066]}}}