{"player":5,"street":0,"children":2,"sequence":[{"player":0,"type":"R","amount":165000,"street":0},{"player":1,"type":"C","amount":165000,"street":0},{"player":2,"type":"R","amount":2885000,"street":0},{"player":3,"type":"C","amount":2885000,"street":0},{"player":4,"type":"F","amount":0,"street":0}],"actions":[{"type":"F","amount":0,"node":325},{"type":"C","amount":895000,"node":326}],"hands":{"22":{"weight":1.0,"played":[0.566,0.434],"evs":[0.0,0.08776]},"32o":{"weight":1.0,"played":[0.9998,2.0E-4],"evs":[0.0,-2.13939]},"42o":{"weight":1.0,"played":[0.9999,1.0E-4],"evs":[0.0,-1.90079]},"52o":{"weight":1.0,"played":[0.9999,1.0E-4],"evs":[0.0,-1.67574]},"62o":{"weight":1.0,"played":[0.9986,0.0014],"evs":[0.0,-2.16063]},"72o":{"weight":1.0,"played":[1.0,0.0],"evs":[0.0,-3.33924]},"82o":{"weight":1.0,"played":[0.9998,2.0E-4],"evs":[0.0,-3.04424]},"92o":{"weight":1.0,"played":[1.0,0.0],"evs":[0.0,-2.41174]},"T2o":{"weight":1.0,"played":[0.9991,9.0E-4],"evs":[0.0,-2.24432]},"J2o":{"weight":1.0,"played":[0.9988,0.0012],"evs":[0.0,-1.85848]},"Q2o":{"weight":1.0,"played":[1.0,0.0],"evs":[0.0,-2.12103]},"K2o":{"weight":1.0,"played":[0.9877,0.0123],"evs":[0.0,-1.76821]},"A2o":{"weight":1.0,"played":[0.9947,0.0053],"evs":[0.0,-1.1372]},"32s":{"weight":1.0,"played":[0.9997,3.0E-4],"evs":[0.0,-1.39456]},"33":{"weight":1.0,"played":[0.0119,0.9881],"evs":[0.0,0.8888]},"43o":{"weight":1.0,"played":[0.9999,1.0E-4],"evs":[0.0,-1.4865]},"53o":{"weight":1.0,"played":[0.9913,0.0087],"evs":[0.0,-1.14778]},"63o":{"weight":1.0,"played":[0.9991,9.0E-4],"evs":[0.0,-1.26892]},"73o":{"weight":1.0,"played":[0.9993,7.0E-4],"evs":[0.0,-2.57925]},"83o":{"weight":1.0,"played":[0.9997,3.0E-4],"evs":[0.0,-2.71249]},"93o":{"weight":1.0,"played":[0.9999,1.0E-4],"evs":[0.0,-2.14887]},"T3o":{"weight":1.0,"played":[0.9996,4.0E-4],"evs":[0.0,-1.94301]},"J3o":{"weight":1.0,"played":[0.9994,6.0E-4],"evs":[0.0,-1.70764]},"Q3o":{"weight":1.0,"played":[1.0,0.0],"evs":[0.0,-1.41548]},"K3o":{"weight":1.0,"played":[0.9999,1.0E-4],"evs":[0.0,-1.52253]},"A3o":{"weight":1.0,"played":[0.9977,0.0023],"evs":[0.0,-1.39647]},"42s":{"weight":1.0,"played":[0.9933,0.0067],"evs":[0.0,-1.29319]},"43s":{"weight":1.0,"played":[0.7181,0.2819],"evs":[0.0,-0.12099]},"44":{"weight":1.0,"played":[0.0,1.0],"evs":[0.0,1.63466]},"54o":{"weight":1.0,"played":[0.9969,0.0031],"evs":[0.0,-0.65225]},"64o":{"weight":1.0,"played":[0.9866,0.0134],"evs":[0.0,-0.69304]},"74o":{"weight":1.0,"played":[0.9986,0.0014],"evs":[0.0,-1.36309]},"84o":{"weight":1.0,"played":[0.9998,2.0E-4],"evs":[0.0,-1.75461]},"94o":{"weight":1.0,"played":[0.9974,0.0026],"evs":[0.0,-1.65537]},"T4o":{"weight":1.0,"played":[0.9999,1.0E-4],"evs":[0.0,-1.99966]},"J4o":{"weight":1.0,"played":[0.9996,4.0E-4],"evs":[0.0,-1.2559]},"Q4o":{"weight":1.0,"played":[0.9992,8.0E-4],"evs":[0.0,-1.4204]},"K4o":{"weight":1.0,"played":[0.9829,0.0171],"evs":[0.0,-0.93974]},"A4o":{"weight":1.0,"played":[0.9861,0.0139],"evs":[0.0,-0.81144]},"52s":{"weight":1.0,"played":[0.9057,0.0943],"evs":[0.0,-0.31279]},"53s":{"weight":1.0,"played":[0.3478,0.6522],"evs":[0.0,0.41447]},"54s":{"weight":1.0,"played":[0.0036,0.9964],"evs":[0.0,0.40107]},"55":{"weight":1.0,"played":[0.0,1.0],"evs":[0.0,1.01211]},"65o":{"weight":1.0,"played":[0.9771,0.0229],"evs":[0.0,-0.70411]},"75o":{"weight":1.0,"played":[0.9996,4.0E-4],"evs":[0.0,-1.13359]},"85o":{"weight":1.0,"played":[0.9866,0.0134],"evs":[0.0,-0.9819]},"95o":{"weight":1.0,"played":[0.9928,0.0072],"evs":[0.0,-1.65678]},"T5o":{"weight":1.0,"played":[0.9999,1.0E-4],"evs":[0.0,-1.68757]},"J5o":{"weight":1.0,"played":[0.9994,6.0E-4],"evs":[0.0,-1.43404]},"Q5o":{"weight":1.0,"played":[0.9997,3.0E-4],"evs":[0.0,-1.01181]},"K5o":{"weight":1.0,"played":[0.9916,0.0084],"evs":[0.0,-0.89574]},"A5o":{"weight":1.0,"played":[0.9857,0.0143],"evs":[0.0,-0.82241]},"62s":{"weight":1.0,"played":[0.9739,0.0261],"evs":[0.0,-1.39909]},"63s":{"weight":1.0,"played":[0.6216,0.3784],"evs":[0.0,-0.36635]},"64s":{"weight":1.0,"played":[0.0629,0.9371],"evs":[0.0,0.42864]},"65s":{"weight":1.0,"played":[0.106,0.894],"evs":[0.0,1.4815]},"66":{"weight":1.0,"played":[4.0E-4,0.9996],"evs":[0.0,1.99896]},"76o":{"weight":1.0,"played":[0.8958,0.1042],"evs":[0.0,-0.45442]},"86o":{"weight":1.0,"played":[0.9302,0.0698],"evs":[0.0,-1.13663]},"96o":{"weight":1.0,"played":[0.9971,0.0029],"evs":[0.0,-0.83695]},"T6o":{"weight":1.0,"played":[1.0,0.0],"evs":[0.0,-1.48907]},"J6o":{"weight":1.0,"played":[1.0,0.0],"evs":[0.0,-1.25941]},"Q6o":{"weight":1.0,"played":[0.9892,0.0108],"evs":[0.0,-1.28239]},"K6o":{"weight":1.0,"played":[0.879,0.121],"evs":[0.0,-0.81645]},"A6o":{"weight":1.0,"played":[0.8943,0.1057],"evs":[0.0,-0.84205]},"72s":{"weight":1.0,"played":[0.9883,0.0117],"evs":[0.0,-1.96491]},"73s":{"weight":1.0,"played":[0.907,0.093],"evs":[0.0,-0.89441]},"74s":{"weight":1.0,"played":[0.9532,0.0468],"evs":[0.0,-0.96591]},"75s":{"weight":1.0,"played":[0.1597,0.8403],"evs":[0.0,0.45818]},"76s":{"weight":1.0,"played":[0.0389,0.9611],"evs":[0.0,0.77484]},"77":{"weight":1.0,"played":[1.0E-4,0.9999],"evs":[0.0,1.4472]},"87o":{"weight":1.0,"played":[0.869,0.131],"evs":[0.0,-0.67209]},"97o":{"weight":1.0,"played":[0.9576,0.0424],"evs":[0.0,-0.79431]},"T7o":{"weight":1.0,"played":[0.998,0.002],"evs":[0.0,-1.02691]},"J7o":{"weight":1.0,"played":[0.9735,0.0265],"evs":[0.0,-1.31225]},"Q7o":{"weight":1.0,"played":[0.9961,0.0039],"evs":[0.0,-0.78912]},"K7o":{"weight":1.0,"played":[0.9993,7.0E-4],"evs":[0.0,-0.99773]},"A7o":{"weight":1.0,"played":[0.7919,0.2081],"evs":[0.0,-0.88126]},"82s":{"weight":1.0,"played":[0.9952,0.0048],"evs":[0.0,-1.47845]},"83s":{"weight":1.0,"played":[0.9697,0.0303],"evs":[0.0,-1.35184]},"84s":{"weight":1.0,"played":[0.9845,0.0155],"evs":[0.0,-0.86476]},"85s":{"weight":1.0,"played":[0.9054,0.0946],"evs":[0.0,-0.24692]},"86s":{"weight":1.0,"played":[0.075,0.925],"evs":[0.0,1.14655]},"87s":{"weight":1.0,"played":[0.0025,0.9975],"evs":[0.0,0.45096]},"88":{"weight":1.0,"played":[1.0E-4,0.9999],"evs":[0.0,2.56931]},"98o":{"weight":1.0,"played":[0.6051,0.3949],"evs":[0.0,-0.21517]},"T8o":{"weight":1.0,"played":[0.9264,0.0736],"evs":[0.0,-0.73894]},"J8o":{"weight":1.0,"played":[0.8828,0.1172],"evs":[0.0,-0.5789]},"Q8o":{"weight":1.0,"played":[0.9976,0.0024],"evs":[0.0,-0.79052]},"K8o":{"weight":1.0,"played":[0.9304,0.0696],"evs":[0.0,-1.05526]},"A8o":{"weight":1.0,"played":[0.8151,0.1849],"evs":[0.0,-0.4257]},"92s":{"weight":1.0,"played":[0.9839,0.0161],"evs":[0.0,-1.06644]},"93s":{"weight":1.0,"played":[0.9793,0.0207],"evs":[0.0,-1.0281]},"94s":{"weight":1.0,"played":[0.8535,0.1465],"evs":[0.0,-0.52548]},"95s":{"weight":1.0,"played":[0.1746,0.8254],"evs":[0.0,0.55168]},"96s":{"weight":1.0,"played":[0.9249,0.0751],"evs":[0.0,-0.57599]},"97s":{"weight":1.0,"played":[0.2026,0.7974],"evs":[0.0,0.81807]},"98s":{"weight":1.0,"played":[0.0742,0.9258],"evs":[0.0,1.08717]},"99":{"weight":1.0,"played":[0.0026,0.9974],"evs":[0.0,4.55236]},"T9o":{"weight":1.0,"played":[0.0216,0.9784],"evs":[0.0,0.45945]},"J9o":{"weight":1.0,"played":[0.1299,0.8701],"evs":[0.0,0.50151]},"Q9o":{"weight":1.0,"played":[0.305,0.695],"evs":[0.0,-0.00361]},"K9o":{"weight":1.0,"played":[0.6356,0.3644],"evs":[0.0,-0.0955]},"A9o":{"weight":1.0,"played":[0.0,1.0],"evs":[0.0,0.7774]},"T2s":{"weight":1.0,"played":[0.9455,0.0545],"evs":[0.0,-0.40097]},"T3s":{"weight":1.0,"played":[0.6482,0.3518],"evs":[0.0,-0.11533]},"T4s":{"weight":1.0,"played":[0.8408,0.1592],"evs":[0.0,-0.24475]},"T5s":{"weight":1.0,"played":[0.7325,0.2675],"evs":[0.0,-0.61369]},"T6s":{"weight":1.0,"played":[0.4569,0.5431],"evs":[0.0,-0.14847]},"T7s":{"weight":1.0,"played":[0.5341,0.4659],"evs":[0.0,-0.08518]},"T8s":{"weight":1.0,"played":[0.0067,0.9933],"evs":[0.0,0.9683]},"T9s":{"weight":1.0,"played":[1.0E-4,0.9999],"evs":[0.0,0.66355]},"TT":{"weight":1.0,"played":[2.0E-4,0.9998],"evs":[0.0,6.13186]},"JTo":{"weight":1.0,"played":[5.0E-4,0.9995],"evs":[0.0,0.76219]},"QTo":{"weight":1.0,"played":[4.0E-4,0.9996],"evs":[0.0,1.00119]},"KTo":{"weight":1.0,"played":[0.0017,0.9983],"evs":[0.0,0.88212]},"ATo":{"weight":1.0,"played":[0.0,1.0],"evs":[0.0,1.22976]},"J2s":{"weight":1.0,"played":[0.931,0.069],"evs":[0.0,-0.90185]},"J3s":{"weight":1.0,"played":[0.7086,0.2914],"evs":[0.0,-0.56666]},"J4s":{"weight":1.0,"played":[0.8594,0.1406],"evs":[0.0,0.14683]},"J5s":{"weight":1.0,"played":[0.3765,0.6235],"evs":[0.0,-0.08843]},"J6s":{"weight":1.0,"played":[0.1645,0.8355],"evs":[0.0,0.40255]},"J7s":{"weight":1.0,"played":[0.2721,0.7279],"evs":[0.0,0.20951]},"J8s":{"weight":1.0,"played":[0.0025,0.9975],"evs":[0.0,1.59212]},"J9s":{"weight":1.0,"played":[0.0021,0.9979],"evs":[0.0,1.04541]},"JTs":{"weight":1.0,"played":[1.0E-4,0.9999],"evs":[0.0,2.14932]},"JJ":{"weight":1.0,"played":[0.0,1.0],"evs":[0.0,6.80484]},"QJo":{"weight":1.0,"played":[0.01,0.99],"evs":[0.0,1.23415]},"KJo":{"weight":1.0,"played":[1.0E-4,0.9999],"evs":[0.0,1.33257]},"AJo":{"weight":1.0,"played":[0.0,1.0],"evs":[0.0,2.68859]},"Q2s":{"weight":1.0,"played":[0.1714,0.8286],"evs":[0.0,-0.13611]},"Q3s":{"weight":1.0,"played":[0.4569,0.5431],"evs":[0.0,-0.062]},"Q4s":{"weight":1.0,"played":[0.057,0.943],"evs":[0.0,0.08903]},"Q5s":{"weight":1.0,"played":[0.6098,0.3902],"evs":[0.0,-0.5623]},"Q6s":{"weight":1.0,"played":[0.4513,0.5487],"evs":[0.0,-0.02788]},"Q7s":{"weight":1.0,"played":[0.1601,0.8399],"evs":[0.0,0.02027]},"Q8s":{"weight":1.0,"played":[0.1766,0.8234],"evs":[0.0,0.02826]},"Q9s":{"weight":1.0,"played":[1.0E-4,0.9999],"evs":[0.0,1.60453]},"QTs":{"weight":1.0,"played":[0.001,0.999],"evs":[0.0,2.68352]},"QJs":{"weight":1.0,"played":[1.0E-4,0.9999],"evs":[0.0,2.14013]},"QQ":{"weight":1.0,"played":[0.0,1.0],"evs":[0.0,8.77696]},"KQo":{"weight":1.0,"played":[2.0E-4,0.9998],"evs":[0.0,2.34736]},"AQo":{"weight":1.0,"played":[0.0,1.0],"evs":[0.0,2.31568]},"K2s":{"weight":1.0,"played":[0.9401,0.0599],"evs":[0.0,-0.90268]},"K3s":{"weight":1.0,"played":[0.1976,0.8024],"evs":[0.0,-0.0108]},"K4s":{"weight":1.0,"played":[0.1094,0.8906],"evs":[0.0,1.11885]},"K5s":{"weight":1.0,"played":[0.0159,0.9841],"evs":[0.0,0.41147]},"K6s":{"weight":1.0,"played":[0.0096,0.9904],"evs":[0.0,0.52892]},"K7s":{"weight":1.0,"played":[0.0189,0.9811],"evs":[0.0,0.63565]},"K8s":{"weight":1.0,"played":[0.0655,0.9345],"evs":[0.0,0.82579]},"K9s":{"weight":1.0,"played":[1.0E-4,0.9999],"evs":[0.0,1.19194]},"KTs":{"weight":1.0,"played":[0.0017,0.9983],"evs":[0.0,1.94926]},"KJs":{"weight":1.0,"played":[0.0,1.0],"evs":[0.0,3.18657]},"KQs":{"weight":1.0,"played":[1.0E-4,0.9999],"evs":[0.0,3.3478]},"KK":{"weight":1.0,"played":[0.0,1.0],"evs":[0.0,11.29681]},"AKo":{"weight":1.0,"played":[0.0,1.0],"evs":[0.0,4.162]},"A2s":{"weight":1.0,"played":[0.0102,0.9898],"evs":[0.0,1.29247]},"A3s":{"weight":1.0,"played":[2.0E-4,0.9998],"evs":[0.0,0.43605]},"A4s":{"weight":1.0,"played":[0.1819,0.8181],"evs":[0.0,0.15703]},"A5s":{"weight":1.0,"played":[0.0434,0.9566],"evs":[0.0,0.60558]},"A6s":{"weight":1.0,"played":[0.0237,0.9763],"evs":[0.0,0.64317]},"A7s":{"weight":1.0,"played":[0.0099,0.9901],"evs":[0.0,1.6732]},"A8s":{"weight":1.0,"played":[1.0E-4,0.9999],"evs":[0.0,1.77809]},"A9s":{"weight":1.0,"played":[0.0056,0.9944],"evs":[0.0,2.15034]},"ATs":{"weight":1.0,"played":[0.0,1.0],"evs":[0.0,3.42251]},"AJs":{"weight":1.0,"played":[2.0E-4,0.9998],"evs":[0.0,3.52706]},"AQs":{"weight":1.0,"played":[1.0E-4,0.9999],"evs":[0.0,2.74559]},"AKs":{"weight":1.0,"played":[0.0,1.0],"evs":[0.0,4.79382]},"AA":{"weight":1.0,"played":[0.0,1.0],"evs":[0.0,14.21091]}}}