{"player":2,"street":0,"children":2,"sequence":[{"player":0,"type":"R","amount":165000,"street":0},{"player":1,"type":"R","amount":985000,"street":0}],"actions":[{"type":"F","amount":0,"node":331},{"type":"R","amount":2885000,"node":338}],"hands":{"22":{"weight":1.0,"played":[0.0,1.0],"evs":[0.0,1.35178]},"32o":{"weight":1.0,"played":[1.0,0.0],"evs":[0.0,-3.35031]},"42o":{"weight":1.0,"played":[1.0,0.0],"evs":[0.0,-3.05771]},"52o":{"weight":1.0,"played":[1.0,0.0],"evs":[0.0,-2.83961]},"62o":{"weight":1.0,"played":[1.0,0.0],"evs":[0.0,-3.28545]},"72o":{"weight":1.0,"played":[1.0,0.0],"evs":[0.0,-3.76273]},"82o":{"weight":1.0,"played":[1.0,0.0],"evs":[0.0,-3.55448]},"92o":{"weight":1.0,"played":[1.0,0.0],"evs":[0.0,-3.42113]},"T2o":{"weight":1.0,"played":[1.0,0.0],"evs":[0.0,-3.18253]},"J2o":{"weight":1.0,"played":[1.0,0.0],"evs":[0.0,-2.80312]},"Q2o":{"weight":1.0,"played":[1.0,0.0],"evs":[0.0,-2.45143]},"K2o":{"weight":1.0,"played":[1.0,0.0],"evs":[0.0,-1.70039]},"A2o":{"weight":1.0,"played":[5.0E-4,0.9995],"evs":[0.0,0.11723]},"32s":{"weight":1.0,"played":[1.0,0.0],"evs":[0.0,-1.69118]},"33":{"weight":1.0,"played":[0.0,1.0],"evs":[0.0,1.9442]},"43o":{"weight":1.0,"played":[1.0,0.0],"evs":[0.0,-2.45243]},"53o":{"weight":1.0,"played":[1.0,0.0],"evs":[0.0,-2.16856]},"63o":{"weight":1.0,"played":[1.0,0.0],"evs":[0.0,-2.62485]},"73o":{"weight":1.0,"played":[1.0,0.0],"evs":[0.0,-3.12022]},"83o":{"weight":1.0,"played":[1.0,0.0],"evs":[0.0,-3.55684]},"93o":{"weight":1.0,"played":[1.0,0.0],"evs":[0.0,-3.27078]},"T3o":{"weight":1.0,"played":[1.0,0.0],"evs":[0.0,-3.03952]},"J3o":{"weight":1.0,"played":[1.0,0.0],"evs":[0.0,-2.67259]},"Q3o":{"weight":1.0,"played":[1.0,0.0],"evs":[0.0,-2.28234]},"K3o":{"weight":1.0,"played":[1.0,0.0],"evs":[0.0,-1.52178]},"A3o":{"weight":1.0,"played":[0.0,1.0],"evs":[0.0,0.35903]},"42s":{"weight":1.0,"played":[1.0,0.0],"evs":[0.0,-1.42441]},"43s":{"weight":1.0,"played":[1.0,0.0],"evs":[0.0,-0.84932]},"44":{"weight":1.0,"played":[0.0,1.0],"evs":[0.0,2.69291]},"54o":{"weight":1.0,"played":[1.0,0.0],"evs":[0.0,-1.47942]},"64o":{"weight":1.0,"played":[1.0,0.0],"evs":[0.0,-1.86754]},"74o":{"weight":1.0,"played":[1.0,0.0],"evs":[0.0,-2.36193]},"84o":{"weight":1.0,"played":[1.0,0.0],"evs":[0.0,-2.80034]},"94o":{"weight":1.0,"played":[1.0,0.0],"evs":[0.0,-3.12704]},"T4o":{"weight":1.0,"played":[1.0,0.0],"evs":[0.0,-2.79802]},"J4o":{"weight":1.0,"played":[1.0,0.0],"evs":[0.0,-2.42218]},"Q4o":{"weight":1.0,"played":[1.0,0.0],"evs":[0.0,-2.02669]},"K4o":{"weight":1.0,"played":[1.0,0.0],"evs":[0.0,-1.25939]},"A4o":{"weight":1.0,"played":[0.0,1.0],"evs":[0.0,0.65148]},"52s":{"weight":1.0,"played":[1.0,0.0],"evs":[0.0,-1.21557]},"53s":{"weight":1.0,"played":[1.0,0.0],"evs":[0.0,-0.58715]},"54s":{"weight":1.0,"played":[1.0E-4,0.9999],"evs":[0.0,0.05429]},"55":{"weight":1.0,"played":[0.0,1.0],"evs":[0.0,3.53034]},"65o":{"weight":1.0,"played":[1.0,0.0],"evs":[0.0,-1.24351]},"75o":{"weight":1.0,"played":[1.0,0.0],"evs":[0.0,-1.69861]},"85o":{"weight":1.0,"played":[1.0,0.0],"evs":[0.0,-2.09539]},"95o":{"weight":1.0,"played":[1.0,0.0],"evs":[0.0,-2.43435]},"T5o":{"weight":1.0,"played":[1.0,0.0],"evs":[0.0,-2.6606]},"J5o":{"weight":1.0,"played":[1.0,0.0],"evs":[0.0,-2.20605]},"Q5o":{"weight":1.0,"played":[1.0,0.0],"evs":[0.0,-1.78429]},"K5o":{"weight":1.0,"played":[1.0,0.0],"evs":[0.0,-0.99792]},"A5o":{"weight":1.0,"played":[0.0,1.0],"evs":[0.0,1.04552]},"62s":{"weight":1.0,"played":[1.0,0.0],"evs":[0.0,-1.62554]},"63s":{"weight":1.0,"played":[1.0,0.0],"evs":[0.0,-1.01266]},"64s":{"weight":1.0,"played":[0.9999,1.0E-4],"evs":[0.0,-0.26159]},"65s":{"weight":1.0,"played":[0.0,1.0],"evs":[0.0,0.27147]},"66":{"weight":1.0,"played":[0.0,1.0],"evs":[0.0,4.28462]},"76o":{"weight":1.0,"played":[1.0,0.0],"evs":[0.0,-1.08445]},"86o":{"weight":1.0,"played":[1.0,0.0],"evs":[0.0,-1.45336]},"96o":{"weight":1.0,"played":[1.0,0.0],"evs":[0.0,-1.76882]},"T6o":{"weight":1.0,"played":[1.0,0.0],"evs":[0.0,-2.01292]},"J6o":{"weight":1.0,"played":[1.0,0.0],"evs":[0.0,-2.08801]},"Q6o":{"weight":1.0,"played":[1.0,0.0],"evs":[0.0,-1.58258]},"K6o":{"weight":1.0,"played":[1.0,0.0],"evs":[0.0,-0.72581]},"A6o":{"weight":1.0,"played":[0.0,1.0],"evs":[0.0,0.90362]},"72s":{"weight":1.0,"played":[1.0,0.0],"evs":[0.0,-2.1012]},"73s":{"weight":1.0,"played":[1.0,0.0],"evs":[0.0,-1.44479]},"74s":{"weight":1.0,"played":[1.0,0.0],"evs":[0.0,-0.75734]},"75s":{"weight":1.0,"played":[0.9995,5.0E-4],"evs":[0.0,-0.12872]},"76s":{"weight":1.0,"played":[0.0,1.0],"evs":[0.0,0.39156]},"77":{"weight":1.0,"played":[0.0,1.0],"evs":[0.0,5.09171]},"87o":{"weight":1.0,"played":[1.0,0.0],"evs":[0.0,-0.98421]},"97o":{"weight":1.0,"played":[1.0,0.0],"evs":[0.0,-1.22294]},"T7o":{"weight":1.0,"played":[1.0,0.0],"evs":[0.0,-1.45897]},"J7o":{"weight":1.0,"played":[1.0,0.0],"evs":[0.0,-1.55209]},"Q7o":{"weight":1.0,"played":[1.0,0.0],"evs":[0.0,-1.5136]},"K7o":{"weight":1.0,"played":[1.0,0.0],"evs":[0.0,-0.56444]},"A7o":{"weight":1.0,"played":[0.0,1.0],"evs":[0.0,1.45548]},"82s":{"weight":1.0,"played":[1.0,0.0],"evs":[0.0,-1.89843]},"83s":{"weight":1.0,"played":[1.0,0.0],"evs":[0.0,-1.83256]},"84s":{"weight":1.0,"played":[1.0,0.0],"evs":[0.0,-1.16458]},"85s":{"weight":1.0,"played":[1.0,0.0],"evs":[0.0,-0.49682]},"86s":{"weight":1.0,"played":[0.0,1.0],"evs":[0.0,0.11948]},"87s":{"weight":1.0,"played":[0.0,1.0],"evs":[0.0,0.59765]},"88":{"weight":1.0,"played":[0.0,1.0],"evs":[0.0,6.17374]},"98o":{"weight":1.0,"played":[1.0,0.0],"evs":[0.0,-0.7523]},"T8o":{"weight":1.0,"played":[1.0,0.0],"evs":[0.0,-0.85993]},"J8o":{"weight":1.0,"played":[1.0,0.0],"evs":[0.0,-0.90997]},"Q8o":{"weight":1.0,"played":[1.0,0.0],"evs":[0.0,-0.85413]},"K8o":{"weight":1.0,"played":[1.0,0.0],"evs":[0.0,-0.22117]},"A8o":{"weight":1.0,"played":[0.0,1.0],"evs":[0.0,2.24368]},"92s":{"weight":1.0,"played":[1.0,0.0],"evs":[0.0,-1.71598]},"93s":{"weight":1.0,"played":[1.0,0.0],"evs":[0.0,-1.55185]},"94s":{"weight":1.0,"played":[1.0,0.0],"evs":[0.0,-1.41831]},"95s":{"weight":1.0,"played":[1.0,0.0],"evs":[0.0,-0.79207]},"96s":{"weight":1.0,"played":[0.9999,1.0E-4],"evs":[0.0,-0.19257]},"97s":{"weight":1.0,"played":[0.0,1.0],"evs":[0.0,0.31902]},"98s":{"weight":1.0,"played":[0.0,1.0],"evs":[0.0,0.73507]},"99":{"weight":1.0,"played":[0.0,1.0],"evs":[0.0,7.52796]},"T9o":{"weight":1.0,"played":[1.0,0.0],"evs":[0.0,-0.14852]},"J9o":{"weight":1.0,"played":[1.0,0.0],"evs":[0.0,-0.21078]},"Q9o":{"weight":1.0,"played":[0.9997,3.0E-4],"evs":[0.0,-0.05071]},"K9o":{"weight":1.0,"played":[0.0,1.0],"evs":[0.0,0.66874]},"A9o":{"weight":1.0,"played":[0.0,1.0],"evs":[0.0,3.02332]},"T2s":{"weight":1.0,"played":[1.0,0.0],"evs":[0.0,-1.49162]},"T3s":{"weight":1.0,"played":[1.0,0.0],"evs":[0.0,-1.2967]},"T4s":{"weight":1.0,"played":[1.0,0.0],"evs":[0.0,-1.0897]},"T5s":{"weight":1.0,"played":[1.0,0.0],"evs":[0.0,-0.99197]},"T6s":{"weight":1.0,"played":[1.0,0.0],"evs":[0.0,-0.36257]},"T7s":{"weight":1.0,"played":[0.0017,0.9983],"evs":[0.0,0.13468]},"T8s":{"weight":1.0,"played":[0.0,1.0],"evs":[0.0,0.69312]},"T9s":{"weight":1.0,"played":[0.0,1.0],"evs":[0.0,1.3478]},"TT":{"weight":1.0,"played":[0.0,1.0],"evs":[0.0,9.2554]},"JTo":{"weight":1.0,"played":[0.0,1.0],"evs":[0.0,0.71591]},"QTo":{"weight":1.0,"played":[0.0,1.0],"evs":[0.0,1.03359]},"KTo":{"weight":1.0,"played":[0.0,1.0],"evs":[0.0,1.91905]},"ATo":{"weight":1.0,"played":[0.0,1.0],"evs":[0.0,4.56386]},"J2s":{"weight":1.0,"played":[1.0,0.0],"evs":[0.0,-1.11228]},"J3s":{"weight":1.0,"played":[1.0,0.0],"evs":[0.0,-0.99431]},"J4s":{"weight":1.0,"played":[1.0,0.0],"evs":[0.0,-0.73691]},"J5s":{"weight":1.0,"played":[1.0,0.0],"evs":[0.0,-0.54422]},"J6s":{"weight":1.0,"played":[1.0,0.0],"evs":[0.0,-0.42678]},"J7s":{"weight":1.0,"played":[0.0016,0.9984],"evs":[0.0,0.04144]},"J8s":{"weight":1.0,"played":[0.0,1.0],"evs":[0.0,0.66849]},"J9s":{"weight":1.0,"played":[0.0,1.0],"evs":[0.0,1.29112]},"JTs":{"weight":1.0,"played":[0.0,1.0],"evs":[0.0,2.18779]},"JJ":{"weight":1.0,"played":[0.0,1.0],"evs":[0.0,10.9828]},"QJo":{"weight":1.0,"played":[0.0,1.0],"evs":[0.0,1.75743]},"KJo":{"weight":1.0,"played":[0.0,1.0],"evs":[0.0,2.69571]},"AJo":{"weight":1.0,"played":[0.0,1.0],"evs":[0.0,5.50691]},"Q2s":{"weight":1.0,"played":[1.0,0.0],"evs":[0.0,-0.72225]},"Q3s":{"weight":1.0,"played":[1.0,0.0],"evs":[0.0,-0.6085]},"Q4s":{"weight":1.0,"played":[1.0,0.0],"evs":[0.0,-0.34181]},"Q5s":{"weight":1.0,"played":[1.0,0.0],"evs":[0.0,-0.11171]},"Q6s":{"weight":1.0,"played":[0.0437,0.9563],"evs":[0.0,0.03653]},"Q7s":{"weight":1.0,"played":[0.007,0.993],"evs":[0.0,0.1271]},"Q8s":{"weight":1.0,"played":[0.0,1.0],"evs":[0.0,0.73024]},"Q9s":{"weight":1.0,"played":[0.0,1.0],"evs":[0.0,1.48289]},"QTs":{"weight":1.0,"played":[0.0,1.0],"evs":[0.0,2.48169]},"QJs":{"weight":1.0,"played":[0.0,1.0],"evs":[0.0,3.1302]},"QQ":{"weight":1.0,"played":[0.0,1.0],"evs":[0.0,12.97251]},"KQo":{"weight":1.0,"played":[0.0,1.0],"evs":[0.0,3.52942]},"AQo":{"weight":1.0,"played":[0.0,1.0],"evs":[0.0,6.56096]},"K2s":{"weight":1.0,"played":[0.6203,0.3797],"evs":[0.0,-0.00642]},"K3s":{"weight":1.0,"played":[0.0057,0.9943],"evs":[0.0,0.19225]},"K4s":{"weight":1.0,"played":[0.0,1.0],"evs":[0.0,0.43651]},"K5s":{"weight":1.0,"played":[0.0,1.0],"evs":[0.0,0.66385]},"K6s":{"weight":1.0,"played":[0.0,1.0],"evs":[0.0,0.90942]},"K7s":{"weight":1.0,"played":[0.0,1.0],"evs":[0.0,1.06881]},"K8s":{"weight":1.0,"played":[0.0,1.0],"evs":[0.0,1.36397]},"K9s":{"weight":1.0,"played":[0.0,1.0],"evs":[0.0,2.21865]},"KTs":{"weight":1.0,"played":[0.0,1.0],"evs":[0.0,3.35573]},"KJs":{"weight":1.0,"played":[0.0,1.0],"evs":[0.0,4.05499]},"KQs":{"weight":1.0,"played":[0.0,1.0],"evs":[0.0,4.89863]},"KK":{"weight":1.0,"played":[0.0,1.0],"evs":[0.0,15.29184]},"AKo":{"weight":1.0,"played":[0.0,1.0],"evs":[0.0,7.63167]},"A2s":{"weight":1.0,"played":[0.0,1.0],"evs":[0.0,1.75885]},"A3s":{"weight":1.0,"played":[0.0,1.0],"evs":[0.0,1.97133]},"A4s":{"weight":1.0,"played":[0.0,1.0],"evs":[0.0,2.27121]},"A5s":{"weight":1.0,"played":[0.0,1.0],"evs":[0.0,2.59408]},"A6s":{"weight":1.0,"played":[0.0,1.0],"evs":[0.0,2.47225]},"A7s":{"weight":1.0,"played":[0.0,1.0],"evs":[0.0,2.99668]},"A8s":{"weight":1.0,"played":[0.0,1.0],"evs":[0.0,3.73607]},"A9s":{"weight":1.0,"played":[0.0,1.0],"evs":[0.0,4.44288]},"ATs":{"weight":1.0,"played":[0.0,1.0],"evs":[0.0,5.85919]},"AJs":{"weight":1.0,"played":[0.0,1.0],"evs":[0.0,6.77182]},"AQs":{"weight":1.0,"played":[0.0,1.0],"evs":[0.0,7.76132]},"AKs":{"weight":1.0,"played":[0.0,1.0],"evs":[0.0,8.77047]},"AA":{"weight":1.0,"played":[0.0,1.0],"evs":[0.0,18.68662]}}}