{"player":4,"street":0,"children":2,"sequence":[{"player":0,"type":"F","amount":0,"street":0},{"player":1,"type":"F","amount":0,"street":0},{"player":2,"type":"R","amount":200000,"street":0},{"player":3,"type":"C","amount":200000,"street":0},{"player":4,"type":"C","amount":150000,"street":0},{"player":5,"type":"R","amount":995000,"street":0},{"player":2,"type":"F","amount":0,"street":0},{"player":3,"type":"F","amount":0,"street":0}],"actions":[{"type":"F","amount":0},{"type":"C","amount":795000}],"hands":{"22":{"weight":0.9995,"played":[0.063,0.937],"evs":[0.0,7.08076]},"32o":{"weight":0.0,"played":[0.1566,0.8434],"evs":[0.0,1.06388]},"42o":{"weight":0.0,"played":[0.0632,0.9368],"evs":[0.0,5.28379]},"52o":{"weight":0.0,"played":[0.7913,0.2087],"evs":[0.0,-2.01454]},"62o":{"weight":0.0,"played":[0.0121,0.9879],"evs":[0.0,0.59281]},"72o":{"weight":0.0,"played":[0.145,0.855],"evs":[0.0,3.6983]},"82o":{"weight":0.0,"played":[0.6641,0.3359],"evs":[0.0,0.95997]},"92o":{"weight":0.0,"played":[0.0596,0.9404],"evs":[0.0,6.67605]},"T2o":{"weight":0.0,"played":[0.1014,0.8986],"evs":[0.0,4.41883]},"J2o":{"weight":0.0,"played":[0.0881,0.9119],"evs":[0.0,3.05451]},"Q2o":{"weight":0.0,"played":[0.0019,0.9981],"evs":[0.0,2.41346]},"K2o":{"weight":0.0,"played":[0.3426,0.6574],"evs":[0.0,2.75408]},"A2o":{"weight":0.0,"played":[0.4504,0.5496],"evs":[0.0,0.69615]},"32s":{"weight":0.0,"played":[0.3977,0.6023],"evs":[0.0,0.71644]},"33":{"weight":0.9999,"played":[0.0017,0.9983],"evs":[0.0,10.33052]},"43o":{"weight":0.0,"played":[0.9982,0.0018],"evs":[0.0,-0.82009]},"53o":{"weight":0.0,"played":[0.2251,0.7749],"evs":[0.0,2.04135]},"63o":{"weight":0.0,"played":[0.0712,0.9288],"evs":[0.0,1.13445]},"73o":{"weight":0.0,"played":[0.3123,0.6877],"evs":[0.0,-1.41185]},"83o":{"weight":0.0,"played":[0.9661,0.0339],"evs":[0.0,-1.94597]},"93o":{"weight":0.0,"played":[0.7587,0.2413],"evs":[0.0,-0.83122]},"T3o":{"weight":0.0,"played":[0.5546,0.4454],"evs":[0.0,-0.7688]},"J3o":{"weight":0.0,"played":[0.0754,0.9246],"evs":[0.0,2.73045]},"Q3o":{"weight":0.0,"played":[2.0E-4,0.9998],"evs":[0.0,5.01377]},"K3o":{"weight":0.0,"played":[0.4856,0.5144],"evs":[0.0,4.06041]},"A3o":{"weight":0.0,"played":[0.1091,0.8909],"evs":[0.0,3.98621]},"42s":{"weight":0.0,"played":[0.7384,0.2616],"evs":[0.0,0.02542]},"43s":{"weight":0.0,"played":[0.7905,0.2095],"evs":[0.0,2.57717]},"44":{"weight":0.9943,"played":[0.0,1.0],"evs":[0.0,10.88477]},"54o":{"weight":0.0,"played":[0.155,0.845],"evs":[0.0,-0.41133]},"64o":{"weight":0.0,"played":[0.4104,0.5896],"evs":[0.0,1.98221]},"74o":{"weight":0.0,"played":[0.1988,0.8012],"evs":[0.0,0.34497]},"84o":{"weight":0.0,"played":[0.0389,0.9611],"evs":[0.0,2.18292]},"94o":{"weight":0.0,"played":[0.4291,0.5709],"evs":[0.0,-1.48552]},"T4o":{"weight":0.0,"played":[0.1789,0.8211],"evs":[0.0,3.81219]},"J4o":{"weight":0.0,"played":[0.0,1.0],"evs":[0.0,3.97461]},"Q4o":{"weight":0.0,"played":[0.3109,0.6891],"evs":[0.0,0.02942]},"K4o":{"weight":0.0,"played":[0.0252,0.9748],"evs":[0.0,6.15405]},"A4o":{"weight":0.0,"played":[0.0201,0.9799],"evs":[0.0,5.17278]},"52s":{"weight":0.0,"played":[0.3728,0.6272],"evs":[0.0,5.55395]},"53s":{"weight":0.0,"played":[0.8667,0.1333],"evs":[0.0,-4.27968]},"54s":{"weight":0.3729,"played":[0.586,0.414],"evs":[0.0,-0.79506]},"55":{"weight":0.0,"played":[0.0723,0.9277],"evs":[0.0,4.59217]},"65o":{"weight":0.0,"played":[0.2058,0.7942],"evs":[0.0,0.01653]},"75o":{"weight":0.0,"played":[0.6371,0.3629],"evs":[0.0,-4.16291]},"85o":{"weight":0.0,"played":[0.2683,0.7317],"evs":[0.0,-0.48373]},"95o":{"weight":0.0,"played":[0.1713,0.8287],"evs":[0.0,1.37305]},"T5o":{"weight":0.0,"played":[0.7797,0.2203],"evs":[0.0,-1.40273]},"J5o":{"weight":0.0,"played":[0.3437,0.6563],"evs":[0.0,0.7364]},"Q5o":{"weight":0.0,"played":[0.3325,0.6675],"evs":[0.0,1.03873]},"K5o":{"weight":0.0,"played":[0.1245,0.8755],"evs":[0.0,0.23008]},"A5o":{"weight":0.9853,"played":[0.6928,0.3072],"evs":[0.0,-4.45]},"62s":{"weight":0.0,"played":[0.0809,0.9191],"evs":[0.0,2.33618]},"63s":{"weight":0.0,"played":[0.2859,0.7141],"evs":[0.0,-0.76321]},"64s":{"weight":0.0018,"played":[0.6459,0.3541],"evs":[0.0,-4.65254]},"65s":{"weight":0.9942,"played":[0.0078,0.9922],"evs":[0.0,0.60159]},"66":{"weight":0.0,"played":[3.0E-4,0.9997],"evs":[0.0,13.36766]},"76o":{"weight":0.0,"played":[0.1837,0.8163],"evs":[0.0,1.14428]},"86o":{"weight":0.0,"played":[0.0502,0.9498],"evs":[0.0,0.53757]},"96o":{"weight":0.0,"played":[0.0244,0.9756],"evs":[0.0,3.119]},"T6o":{"weight":0.0,"played":[0.8869,0.1131],"evs":[0.0,-3.24832]},"J6o":{"weight":0.0,"played":[0.37,0.63],"evs":[0.0,0.60762]},"Q6o":{"weight":0.0,"played":[0.277,0.723],"evs":[0.0,2.99065]},"K6o":{"weight":0.0,"played":[0.9682,0.0318],"evs":[0.0,-3.03327]},"A6o":{"weight":0.0407,"played":[0.0414,0.9586],"evs":[0.0,9.72822]},"72s":{"weight":0.0,"played":[0.0687,0.9313],"evs":[0.0,2.0019]},"73s":{"weight":0.0,"played":[0.1579,0.8421],"evs":[0.0,5.83369]},"74s":{"weight":0.0,"played":[0.2723,0.7277],"evs":[0.0,3.18074]},"75s":{"weight":0.1548,"played":[0.6892,0.3108],"evs":[0.0,-3.63778]},"76s":{"weight":0.9999,"played":[0.3058,0.6942],"evs":[0.0,2.12291]},"77":{"weight":0.0,"played":[0.7196,0.2804],"evs":[0.0,-3.01386]},"87o":{"weight":0.0,"played":[0.8061,0.1939],"evs":[0.0,-3.12713]},"97o":{"weight":0.0,"played":[0.3394,0.6606],"evs":[0.0,1.66617]},"T7o":{"weight":0.0,"played":[0.4424,0.5576],"evs":[0.0,-2.26349]},"J7o":{"weight":0.0,"played":[0.3729,0.6271],"evs":[0.0,-0.18163]},"Q7o":{"weight":0.0,"played":[0.0061,0.9939],"evs":[0.0,5.36319]},"K7o":{"weight":0.0,"played":[0.2777,0.7223],"evs":[0.0,1.98219]},"A7o":{"weight":0.3986,"played":[0.0,1.0],"evs":[0.0,1.94833]},"82s":{"weight":0.0,"played":[0.7865,0.2135],"evs":[0.0,-5.53454]},"83s":{"weight":0.0,"played":[0.041,0.959],"evs":[0.0,4.2155]},"84s":{"weight":0.0,"played":[0.9802,0.0198],"evs":[0.0,-3.31956]},"85s":{"weight":0.0,"played":[0.3843,0.6157],"evs":[0.0,4.64352]},"86s":{"weight":0.9908,"played":[0.0684,0.9316],"evs":[0.0,-0.048]},"87s":{"weight":0.9989,"played":[0.6609,0.3391],"evs":[0.0,3.26078]},"88":{"weight":0.0,"played":[0.2724,0.7276],"evs":[0.0,5.42698]},"98o":{"weight":0.0,"played":[0.0729,0.9271],"evs":[0.0,0.23084]},"T8o":{"weight":0.0,"played":[0.0151,0.9849],"evs":[0.0,3.43067]},"J8o":{"weight":0.0,"played":[0.0737,0.9263],"evs":[0.0,3.56089]},"Q8o":{"weight":0.0,"played":[1.0E-4,0.9999],"evs":[0.0,6.22723]},"K8o":{"weight":0.0,"played":[0.0,1.0],"evs":[0.0,4.46299]},"A8o":{"weight":0.0038,"played":[0.0146,0.9854],"evs":[0.0,2.98692]},"92s":{"weight":0.0,"played":[0.7322,0.2678],"evs":[0.0,-5.07005]},"93s":{"weight":0.0,"played":[0.4175,0.5825],"evs":[0.0,-0.76982]},"94s":{"weight":0.0,"played":[0.9966,0.0034],"evs":[0.0,-6.37915]},"95s":{"weight":0.0,"played":[0.5112,0.4888],"evs":[0.0,0.23391]},"96s":{"weight":2.0E-4,"played":[0.4783,0.5217],"evs":[0.0,-2.99855]},"97s":{"weight":0.8919,"played":[0.8271,0.1729],"evs":[0.0,-5.54831]},"98s":{"weight":0.9955,"played":[0.6708,0.3292],"evs":[0.0,2.17488]},"99":{"weight":0.0,"played":[0.0276,0.9724],"evs":[0.0,5.07647]},"T9o":{"weight":0.0,"played":[0.2895,0.7105],"evs":[0.0,1.56263]},"J9o":{"weight":0.0,"played":[0.6992,0.3008],"evs":[0.0,0.34152]},"Q9o":{"weight":2.0E-4,"played":[0.029,0.971],"evs":[0.0,3.65558]},"K9o":{"weight":0.4741,"played":[0.0298,0.9702],"evs":[0.0,3.74136]},"A9o":{"weight":2.0E-4,"played":[0.0765,0.9235],"evs":[0.0,0.11752]},"T2s":{"weight":0.0,"played":[0.9842,0.0158],"evs":[0.0,-5.40238]},"T3s":{"weight":0.0,"played":[0.7215,0.2785],"evs":[0.0,-0.18934]},"T4s":{"weight":0.0,"played":[0.0033,0.9967],"evs":[0.0,-2.84242]},"T5s":{"weight":0.0,"played":[0.2692,0.7308],"evs":[0.0,5.61567]},"T6s":{"weight":0.0,"played":[0.6316,0.3684],"evs":[0.0,-0.15442]},"T7s":{"weight":0.4403,"played":[0.262,0.738],"evs":[0.0,-0.73067]},"T8s":{"weight":0.9873,"played":[0.0024,0.9976],"evs":[0.0,11.20979]},"T9s":{"weight":0.9995,"played":[0.3535,0.6465],"evs":[0.0,5.67406]},"TT":{"weight":0.0,"played":[0.0172,0.9828],"evs":[0.0,9.14971]},"JTo":{"weight":0.9999,"played":[0.0049,0.9951],"evs":[0.0,4.36094]},"QTo":{"weight":0.9999,"played":[1.0E-4,0.9999],"evs":[0.0,1.81335]},"KTo":{"weight":1.0,"played":[0.0118,0.9882],"evs":[0.0,1.16587]},"ATo":{"weight":0.0,"played":[0.0598,0.9402],"evs":[0.0,6.3377]},"J2s":{"weight":0.0,"played":[0.5849,0.4151],"evs":[0.0,0.17567]},"J3s":{"weight":0.0,"played":[0.2249,0.7751],"evs":[0.0,8.39651]},"J4s":{"weight":0.0,"played":[1.0,0.0],"evs":[0.0,-6.37915]},"J5s":{"weight":0.0,"played":[0.4044,0.5956],"evs":[0.0,-0.14231]},"J6s":{"weight":0.0,"played":[0.9264,0.0736],"evs":[0.0,-6.37915]},"J7s":{"weight":0.0,"played":[0.6986,0.3014],"evs":[0.0,5.92849]},"J8s":{"weight":0.9938,"played":[0.3894,0.6106],"evs":[0.0,5.38204]},"J9s":{"weight":0.9996,"played":[0.9895,0.0105],"evs":[0.0,-3.008]},"JTs":{"weight":0.9999,"played":[0.0108,0.9892],"evs":[0.0,5.30494]},"JJ":{"weight":0.0,"played":[0.0211,0.9789],"evs":[0.0,1.56818]},"QJo":{"weight":1.0,"played":[0.0201,0.9799],"evs":[0.0,3.34883]},"KJo":{"weight":0.7464,"played":[0.0,1.0],"evs":[0.0,3.61001]},"AJo":{"weight":0.0,"played":[3.0E-4,0.9997],"evs":[0.0,6.31791]},"Q2s":{"weight":0.0,"played":[0.5989,0.4011],"evs":[0.0,3.87914]},"Q3s":{"weight":0.0,"played":[0.2284,0.7716],"evs":[0.0,4.48937]},"Q4s":{"weight":0.0,"played":[0.4598,0.5402],"evs":[0.0,1.70659]},"Q5s":{"weight":0.0038,"played":[0.5906,0.4094],"evs":[0.0,2.23353]},"Q6s":{"weight":0.1272,"played":[0.0,1.0],"evs":[0.0,-0.13647]},"Q7s":{"weight":0.5515,"played":[0.3395,0.6605],"evs":[0.0,-0.64814]},"Q8s":{"weight":0.9977,"played":[0.5509,0.4491],"evs":[0.0,0.16178]},"Q9s":{"weight":0.9999,"played":[0.0123,0.9877],"evs":[0.0,3.3527]},"QTs":{"weight":1.0,"played":[0.2117,0.7883],"evs":[0.0,6.38727]},"QJs":{"weight":1.0,"played":[0.287,0.713],"evs":[0.0,5.9347]},"QQ":{"weight":0.0,"played":[0.0316,0.9684],"evs":[0.0,12.25464]},"KQo":{"weight":2.0E-4,"played":[0.0011,0.9989],"evs":[0.0,4.84958]},"AQo":{"weight":0.0,"played":[0.0014,0.9986],"evs":[0.0,7.29387]},"K2s":{"weight":0.1759,"played":[0.0212,0.9788],"evs":[0.0,2.72272]},"K3s":{"weight":0.7154,"played":[0.0094,0.9906],"evs":[0.0,7.16895]},"K4s":{"weight":0.9993,"played":[0.6904,0.3096],"evs":[0.0,-2.21228]},"K5s":{"weight":0.9921,"played":[0.1708,0.8292],"evs":[0.0,2.97287]},"K6s":{"weight":0.9998,"played":[0.4361,0.5639],"evs":[0.0,5.63321]},"K7s":{"weight":0.9999,"played":[0.4634,0.5366],"evs":[0.0,-1.84286]},"K8s":{"weight":1.0,"played":[0.0025,0.9975],"evs":[0.0,6.45269]},"K9s":{"weight":1.0,"played":[0.1955,0.8045],"evs":[0.0,3.95648]},"KTs":{"weight":0.9999,"played":[0.2483,0.7517],"evs":[0.0,4.78552]},"KJs":{"weight":0.1929,"played":[0.3586,0.6414],"evs":[0.0,4.2966]},"KQs":{"weight":3.0E-4,"played":[0.7749,0.2251],"evs":[0.0,3.35976]},"KK":{"weight":0.0,"played":[0.0201,0.9799],"evs":[0.0,10.66296]},"AKo":{"weight":0.0,"played":[0.0,1.0],"evs":[0.0,7.59101]},"A2s":{"weight":0.4384,"played":[0.689,0.311],"evs":[0.0,0.89134]},"A3s":{"weight":0.0787,"played":[0.2895,0.7105],"evs":[0.0,0.63863]},"A4s":{"weight":0.0,"played":[0.0961,0.9039],"evs":[0.0,4.52727]},"A5s":{"weight":6.0E-4,"played":[0.0,1.0],"evs":[0.0,7.19059]},"A6s":{"weight":0.0038,"played":[0.8532,0.1468],"evs":[0.0,-2.36848]},"A7s":{"weight":0.0092,"played":[0.1044,0.8956],"evs":[0.0,0.93471]},"A8s":{"weight":0.0039,"played":[0.004,0.996],"evs":[0.0,8.25648]},"A9s":{"weight":2.0E-4,"played":[0.0,1.0],"evs":[0.0,7.20053]},"ATs":{"weight":1.0E-4,"played":[0.5415,0.4585],"evs":[0.0,1.70198]},"AJs":{"weight":1.0E-4,"played":[0.0,1.0],"evs":[0.0,11.49651]},"AQs":{"weight":0.0,"played":[0.0488,0.9512],"evs":[0.0,4.25816]},"AKs":{"weight":0.0,"played":[0.0069,0.9931],"evs":[0.0,14.06156]},"AA":{"weight":2.0E-4,"played":[0.0047,0.9953],"evs":[0.0,13.19379]}}}