{"player":3,"street":0,"children":2,"sequence":[{"player":0,"type":"F","amount":0,"street":0},{"player":1,"type":"F","amount":0,"street":0},{"player":2,"type":"R","amount":200000,"street":0},{"player":3,"type":"C","amount":200000,"street":0},{"player":4,"type":"C","amount":150000,"street":0},{"player":5,"type":"R","amount":995000,"street":0},{"player":2,"type":"F","amount":0,"street":0},{"player":3,"type":"C","amount":795000,"street":0},{"player":4,"type":"R","amount":1815000,"street":0}],"actions":[{"type":"F","amount":0},{"type":"C","amount":820000}],"hands":{"22":{"weight":0.0836,"played":[0.0,1.0],"evs":[0.0,9.53156]},"32o":{"weight":0.0,"played":[0.0,1.0],"evs":[0.0,3.93094]},"42o":{"weight":0.0,"played":[0.0,1.0],"evs":[0.0,4.99281]},"52o":{"weight":0.0,"played":[0.0,1.0],"evs":[0.0,5.24208]},"62o":{"weight":0.0,"played":[0.0,1.0],"evs":[0.0,4.54575]},"72o":{"weight":0.0,"played":[0.0,1.0],"evs":[0.0,3.6643]},"82o":{"weight":0.0,"played":[0.0,1.0],"evs":[0.0,4.42428]},"92o":{"weight":0.0,"played":[1.0E-4,0.9999],"evs":[0.0,4.33036]},"T2o":{"weight":0.0,"played":[0.0,1.0],"evs":[0.0,4.30126]},"J2o":{"weight":0.0,"played":[0.0,1.0],"evs":[0.0,4.72103]},"Q2o":{"weight":0.0,"played":[1.0E-4,0.9999],"evs":[0.0,5.29663]},"K2o":{"weight":0.0,"played":[0.0,1.0],"evs":[0.0,6.27244]},"A2o":{"weight":0.0,"played":[0.0,1.0],"evs":[0.0,8.92068]},"32s":{"weight":0.0,"played":[0.0,1.0],"evs":[0.0,5.85322]},"33":{"weight":0.0248,"played":[0.0,1.0],"evs":[0.0,11.37012]},"43o":{"weight":0.0,"played":[0.0,1.0],"evs":[0.0,5.91288]},"53o":{"weight":0.0,"played":[0.0,1.0],"evs":[0.0,5.90511]},"63o":{"weight":0.0,"played":[1.0E-4,0.9999],"evs":[0.0,5.68293]},"73o":{"weight":0.0,"played":[0.0,1.0],"evs":[0.0,5.01421]},"83o":{"weight":0.0,"played":[0.0,1.0],"evs":[0.0,4.68276]},"93o":{"weight":0.0,"played":[1.0E-4,0.9999],"evs":[0.0,4.31683]},"T3o":{"weight":0.0,"played":[0.0,1.0],"evs":[0.0,4.98698]},"J3o":{"weight":0.0,"played":[0.0,1.0],"evs":[0.0,4.15481]},"Q3o":{"weight":0.0,"played":[0.0,1.0],"evs":[0.0,6.51516]},"K3o":{"weight":0.0,"played":[0.0,1.0],"evs":[0.0,7.13821]},"A3o":{"weight":0.0,"played":[0.0,1.0],"evs":[0.0,9.34735]},"42s":{"weight":0.0,"played":[0.0,1.0],"evs":[0.0,6.40806]},"43s":{"weight":0.0,"played":[1.0E-4,0.9999],"evs":[0.0,8.20465]},"44":{"weight":0.0085,"played":[0.0,1.0],"evs":[0.0,11.36948]},"54o":{"weight":0.0,"played":[1.0E-4,0.9999],"evs":[0.0,7.12423]},"64o":{"weight":0.0,"played":[0.0,1.0],"evs":[0.0,6.58529]},"74o":{"weight":0.0,"played":[0.0,1.0],"evs":[0.0,5.50935]},"84o":{"weight":0.0,"played":[0.0,1.0],"evs":[0.0,5.55948]},"94o":{"weight":0.0,"played":[1.0E-4,0.9999],"evs":[0.0,4.56127]},"T4o":{"weight":0.0,"played":[0.0,1.0],"evs":[0.0,4.15202]},"J4o":{"weight":0.0,"played":[0.0,1.0],"evs":[0.0,6.17073]},"Q4o":{"weight":0.0,"played":[0.0,1.0],"evs":[0.0,6.66495]},"K4o":{"weight":0.0,"played":[0.0,1.0],"evs":[0.0,8.05718]},"A4o":{"weight":1.0E-4,"played":[0.0,1.0],"evs":[0.0,9.7943]},"52s":{"weight":0.0,"played":[0.0,1.0],"evs":[0.0,6.58576]},"53s":{"weight":0.0,"played":[0.0,1.0],"evs":[0.0,7.88413]},"54s":{"weight":0.1301,"played":[0.0,1.0],"evs":[0.0,8.36989]},"55":{"weight":6.0E-4,"played":[0.0,1.0],"evs":[0.0,12.3253]},"65o":{"weight":0.0,"played":[0.0,1.0],"evs":[0.0,6.75734]},"75o":{"weight":0.0,"played":[0.0,1.0],"evs":[0.0,6.56133]},"85o":{"weight":0.0,"played":[0.0,1.0],"evs":[0.0,5.97104]},"95o":{"weight":0.0,"played":[0.0,1.0],"evs":[0.0,5.59903]},"T5o":{"weight":0.0,"played":[0.0,1.0],"evs":[0.0,4.57336]},"J5o":{"weight":0.0,"played":[0.0,1.0],"evs":[0.0,5.76513]},"Q5o":{"weight":0.0,"played":[0.0,1.0],"evs":[0.0,6.7933]},"K5o":{"weight":0.0,"played":[0.0,1.0],"evs":[0.0,8.16554]},"A5o":{"weight":0.0281,"played":[0.0,1.0],"evs":[0.0,11.07302]},"62s":{"weight":0.0,"played":[0.0,1.0],"evs":[0.0,5.441]},"63s":{"weight":0.0,"played":[0.0,1.0],"evs":[0.0,6.60038]},"64s":{"weight":0.2287,"played":[0.0,1.0],"evs":[0.0,8.09275]},"65s":{"weight":0.0028,"played":[0.0,1.0],"evs":[0.0,8.11957]},"66":{"weight":0.0017,"played":[0.0,1.0],"evs":[0.0,13.256]},"76o":{"weight":0.0,"played":[0.0,1.0],"evs":[0.0,6.82589]},"86o":{"weight":0.0,"played":[0.0,1.0],"evs":[0.0,6.66348]},"96o":{"weight":0.0,"played":[0.0,1.0],"evs":[0.0,6.21733]},"T6o":{"weight":0.0,"played":[0.0,1.0],"evs":[0.0,6.09542]},"J6o":{"weight":0.0,"played":[0.0,1.0],"evs":[0.0,5.52603]},"Q6o":{"weight":0.0,"played":[0.0,1.0],"evs":[0.0,7.26895]},"K6o":{"weight":0.0,"played":[0.0,1.0],"evs":[0.0,7.97876]},"A6o":{"weight":0.0,"played":[0.0,1.0],"evs":[0.0,10.44854]},"72s":{"weight":0.0,"played":[0.0,1.0],"evs":[0.0,5.61247]},"73s":{"weight":0.0,"played":[0.0,1.0],"evs":[0.0,6.49841]},"74s":{"weight":0.0,"played":[0.0,1.0],"evs":[0.0,8.87587]},"75s":{"weight":0.7776,"played":[0.0,1.0],"evs":[0.0,7.75187]},"76s":{"weight":0.327,"played":[0.0,1.0],"evs":[0.0,8.82277]},"77":{"weight":1.0E-4,"played":[0.0,1.0],"evs":[0.0,13.45844]},"87o":{"weight":0.0,"played":[0.0,1.0],"evs":[0.0,6.90705]},"97o":{"weight":0.0,"played":[0.0,1.0],"evs":[0.0,6.41269]},"T7o":{"weight":0.0,"played":[0.0,1.0],"evs":[0.0,6.53021]},"J7o":{"weight":0.0,"played":[0.0,1.0],"evs":[0.0,6.62815]},"Q7o":{"weight":0.0,"played":[0.0,1.0],"evs":[0.0,6.57121]},"K7o":{"weight":0.0,"played":[0.0,1.0],"evs":[0.0,8.20847]},"A7o":{"weight":0.0196,"played":[0.0,1.0],"evs":[0.0,10.67405]},"82s":{"weight":0.0,"played":[0.0,1.0],"evs":[0.0,5.17393]},"83s":{"weight":0.0,"played":[0.0,1.0],"evs":[0.0,5.45651]},"84s":{"weight":0.0,"played":[0.0,1.0],"evs":[0.0,7.08326]},"85s":{"weight":0.1321,"played":[0.0,1.0],"evs":[0.0,7.43163]},"86s":{"weight":0.3741,"played":[0.0,1.0],"evs":[0.0,7.81028]},"87s":{"weight":0.0143,"played":[0.0,1.0],"evs":[0.0,10.15168]},"88":{"weight":7.0E-4,"played":[0.0,1.0],"evs":[0.0,14.93241]},"98o":{"weight":0.0,"played":[0.0,1.0],"evs":[0.0,7.40035]},"T8o":{"weight":0.0,"played":[0.0,1.0],"evs":[0.0,6.93309]},"J8o":{"weight":0.0,"played":[0.0,1.0],"evs":[0.0,6.62928]},"Q8o":{"weight":0.0,"played":[0.0,1.0],"evs":[0.0,7.282]},"K8o":{"weight":0.0,"played":[0.0,1.0],"evs":[0.0,8.61677]},"A8o":{"weight":1.0E-4,"played":[0.0,1.0],"evs":[0.0,10.98299]},"92s":{"weight":0.0,"played":[1.0E-4,0.9999],"evs":[0.0,5.27765]},"93s":{"weight":0.0,"played":[1.0E-4,0.9999],"evs":[0.0,5.7639]},"94s":{"weight":0.0,"played":[7.0E-4,0.9993],"evs":[0.0,5.90443]},"95s":{"weight":0.0,"played":[0.0,1.0],"evs":[0.0,6.81458]},"96s":{"weight":0.0101,"played":[1.0E-4,0.9999],"evs":[0.0,7.86481]},"97s":{"weight":9.0E-4,"played":[0.0,1.0],"evs":[0.0,8.53146]},"98s":{"weight":0.1236,"played":[0.0,1.0],"evs":[0.0,8.34415]},"99":{"weight":0.0,"played":[0.0,1.0],"evs":[0.0,15.97712]},"T9o":{"weight":0.0107,"played":[0.0,1.0],"evs":[0.0,6.96978]},"J9o":{"weight":0.0486,"played":[0.0,1.0],"evs":[0.0,7.3136]},"Q9o":{"weight":0.0169,"played":[0.0,1.0],"evs":[0.0,8.23108]},"K9o":{"weight":0.0013,"played":[0.0,1.0],"evs":[0.0,9.07697]},"A9o":{"weight":0.0,"played":[0.0,1.0],"evs":[0.0,11.8732]},"T2s":{"weight":0.0,"played":[1.0E-4,0.9999],"evs":[0.0,4.70485]},"T3s":{"weight":0.0,"played":[2.0E-4,0.9998],"evs":[0.0,5.80471]},"T4s":{"weight":0.0,"played":[0.0,1.0],"evs":[0.0,7.37411]},"T5s":{"weight":0.0,"played":[0.0,1.0],"evs":[0.0,6.47791]},"T6s":{"weight":0.0146,"played":[3.0E-4,0.9997],"evs":[0.0,7.6403]},"T7s":{"weight":6.0E-4,"played":[0.0,1.0],"evs":[0.0,7.6771]},"T8s":{"weight":5.0E-4,"played":[0.0,1.0],"evs":[0.0,7.90218]},"T9s":{"weight":4.0E-4,"played":[0.0,1.0],"evs":[0.0,9.17073]},"TT":{"weight":1.0E-4,"played":[0.0,1.0],"evs":[0.0,17.65604]},"JTo":{"weight":0.0,"played":[0.0,1.0],"evs":[0.0,7.92592]},"QTo":{"weight":1.0E-4,"played":[0.0,1.0],"evs":[0.0,9.25844]},"KTo":{"weight":0.0079,"played":[0.0,1.0],"evs":[0.0,10.878]},"ATo":{"weight":0.0,"played":[0.0,1.0],"evs":[0.0,14.27471]},"J2s":{"weight":0.0,"played":[0.0,1.0],"evs":[0.0,7.1386]},"J3s":{"weight":0.0,"played":[0.0,1.0],"evs":[0.0,5.89752]},"J4s":{"weight":0.0,"played":[0.0,1.0],"evs":[0.0,6.56733]},"J5s":{"weight":0.0,"played":[0.0,1.0],"evs":[0.0,7.42578]},"J6s":{"weight":0.0,"played":[0.0,1.0],"evs":[0.0,6.41699]},"J7s":{"weight":9.0E-4,"played":[1.0E-4,0.9999],"evs":[0.0,7.381]},"J8s":{"weight":0.0228,"played":[0.0,1.0],"evs":[0.0,7.4121]},"J9s":{"weight":0.0019,"played":[0.0,1.0],"evs":[0.0,9.42242]},"JTs":{"weight":4.0E-4,"played":[0.0,1.0],"evs":[0.0,9.84952]},"JJ":{"weight":1.0E-4,"played":[0.0,1.0],"evs":[0.0,21.13709]},"QJo":{"weight":2.0E-4,"played":[0.0,1.0],"evs":[0.0,10.31868]},"KJo":{"weight":0.0,"played":[0.0,1.0],"evs":[0.0,12.37444]},"AJo":{"weight":1.0E-4,"played":[0.0,1.0],"evs":[0.0,15.07166]},"Q2s":{"weight":0.0,"played":[0.0,1.0],"evs":[0.0,6.89799]},"Q3s":{"weight":0.0,"played":[0.0,1.0],"evs":[0.0,7.28505]},"Q4s":{"weight":0.0,"played":[0.0,1.0],"evs":[0.0,6.58569]},"Q5s":{"weight":0.1826,"played":[0.0,1.0],"evs":[0.0,8.97672]},"Q6s":{"weight":5.0E-4,"played":[0.0,1.0],"evs":[0.0,9.18639]},"Q7s":{"weight":0.0853,"played":[0.0,1.0],"evs":[0.0,8.77043]},"Q8s":{"weight":0.0,"played":[0.0,1.0],"evs":[0.0,8.5225]},"Q9s":{"weight":0.0015,"played":[0.0,1.0],"evs":[0.0,9.34133]},"QTs":{"weight":1.0E-4,"played":[0.0,1.0],"evs":[0.0,10.91098]},"QJs":{"weight":0.1586,"played":[0.0,1.0],"evs":[0.0,10.85107]},"QQ":{"weight":2.0E-4,"played":[0.0,1.0],"evs":[0.0,21.27385]},"KQo":{"weight":0.0335,"played":[0.0,1.0],"evs":[0.0,12.93652]},"AQo":{"weight":0.0,"played":[0.0,1.0],"evs":[0.0,14.87699]},"K2s":{"weight":0.0029,"played":[0.0,1.0],"evs":[0.0,8.5971]},"K3s":{"weight":8.0E-4,"played":[0.0,1.0],"evs":[0.0,9.22334]},"K4s":{"weight":0.0627,"played":[0.0,1.0],"evs":[0.0,8.6162]},"K5s":{"weight":0.0025,"played":[0.0,1.0],"evs":[0.0,8.89298]},"K6s":{"weight":0.0,"played":[0.0,1.0],"evs":[0.0,9.8347]},"K7s":{"weight":1.0E-4,"played":[0.0,1.0],"evs":[0.0,9.42289]},"K8s":{"weight":0.0,"played":[0.0,1.0],"evs":[0.0,10.92858]},"K9s":{"weight":0.0036,"played":[0.0,1.0],"evs":[0.0,10.70965]},"KTs":{"weight":0.0,"played":[0.0,1.0],"evs":[0.0,12.69128]},"KJs":{"weight":0.0015,"played":[0.0,1.0],"evs":[0.0,13.3908]},"KQs":{"weight":9.0E-4,"played":[0.0,1.0],"evs":[0.0,13.75759]},"KK":{"weight":0.0,"played":[0.0,1.0],"evs":[0.0,24.65402]},"AKo":{"weight":0.0,"played":[0.0,1.0],"evs":[0.0,16.83325]},"A2s":{"weight":0.0,"played":[0.0,1.0],"evs":[0.0,10.74108]},"A3s":{"weight":0.0,"played":[0.0,1.0],"evs":[0.0,11.99403]},"A4s":{"weight":0.0,"played":[0.0,1.0],"evs":[0.0,10.87192]},"A5s":{"weight":0.0014,"played":[0.0,1.0],"evs":[0.0,10.84307]},"A6s":{"weight":4.0E-4,"played":[0.0,1.0],"evs":[0.0,11.38356]},"A7s":{"weight":5.0E-4,"played":[0.0,1.0],"evs":[0.0,12.86122]},"A8s":{"weight":0.0041,"played":[0.0,1.0],"evs":[0.0,14.02486]},"A9s":{"weight":0.0072,"played":[0.0,1.0],"evs":[0.0,12.77887]},"ATs":{"weight":0.0028,"played":[0.0,1.0],"evs":[0.0,15.20918]},"AJs":{"weight":0.0026,"played":[0.0,1.0],"evs":[0.0,16.25288]},"AQs":{"weight":0.0,"played":[0.0,1.0],"evs":[0.0,17.30811]},"AKs":{"weight":0.0,"played":[0.0,1.0],"evs":[0.0,18.05427]},"AA":{"weight":0.0026,"played":[0.0,1.0],"evs":[0.0,28.46843]}}}