{"player":5,"street":0,"children":3,"sequence":[{"player":0,"type":"F","amount":0,"street":0},{"player":1,"type":"F","amount":0,"street":0},{"player":2,"type":"F","amount":0,"street":0},{"player":3,"type":"F","amount":0,"street":0},{"player":4,"type":"C","amount":50000,"street":0}],"actions":[{"type":"F","amount":0},{"type":"X","amount":0},{"type":"R","amount":995000,"node":6}],"hands":{"22":{"weight":1.0,"played":[0.0,0.1205,0.8795],"evs":[0.0,1.01545,1.0617]},"32o":{"weight":1.0,"played":[0.0,1.0,0.0],"evs":[0.0,0.55892,0.24446]},"42o":{"weight":1.0,"played":[0.0,1.0,0.0],"evs":[0.0,0.63856,0.45579]},"52o":{"weight":1.0,"played":[0.0,1.0,0.0],"evs":[0.0,0.66984,0.51111]},"62o":{"weight":1.0,"played":[0.0,1.0,0.0],"evs":[0.0,0.62848,0.36545]},"72o":{"weight":1.0,"played":[0.0,1.0,0.0],"evs":[0.0,0.58695,0.36448]},"82o":{"weight":1.0,"played":[0.0,1.0,0.0],"evs":[0.0,0.65899,0.43665]},"92o":{"weight":1.0,"played":[0.0,1.0,0.0],"evs":[0.0,0.73143,0.51825]},"T2o":{"weight":1.0,"played":[0.0,1.0,0.0],"evs":[0.0,0.98017,0.90684]},"J2o":{"weight":1.0,"played":[0.0,0.0513,0.9487],"evs":[0.0,1.13484,1.14614]},"Q2o":{"weight":1.0,"played":[0.0,0.1368,0.8632],"evs":[0.0,1.3215,1.43991]},"K2o":{"weight":1.0,"played":[0.0,0.1788,0.8212],"evs":[0.0,1.46749,1.53944]},"A2o":{"weight":1.0,"played":[0.0,0.0479,0.9521],"evs":[0.0,1.62572,1.65118]},"32s":{"weight":1.0,"played":[0.0,1.0,0.0],"evs":[0.0,0.70766,0.36538]},"33":{"weight":1.0,"played":[0.0,0.9225,0.0775],"evs":[0.0,1.17606,0.9772]},"43o":{"weight":1.0,"played":[0.0,1.0,0.0],"evs":[0.0,0.67117,0.47312]},"53o":{"weight":1.0,"played":[0.0,1.0,0.0],"evs":[0.0,0.74295,0.52984]},"63o":{"weight":1.0,"played":[0.0,1.0,0.0],"evs":[0.0,0.69632,0.39785]},"73o":{"weight":1.0,"played":[0.0,1.0,0.0],"evs":[0.0,0.707,0.4441]},"83o":{"weight":1.0,"played":[0.0,1.0,0.0],"evs":[0.0,0.69889,0.38208]},"93o":{"weight":1.0,"played":[0.0,1.0,0.0],"evs":[0.0,0.77143,0.45295]},"T3o":{"weight":1.0,"played":[0.0,1.0,0.0],"evs":[0.0,1.0217,0.89043]},"J3o":{"weight":1.0,"played":[0.0,0.7718,0.2282],"evs":[0.0,1.1705,1.0776]},"Q3o":{"weight":1.0,"played":[0.0,0.1957,0.8043],"evs":[0.0,1.38549,1.42785]},"K3o":{"weight":1.0,"played":[0.0,0.3774,0.6226],"evs":[0.0,1.56039,1.59038]},"A3o":{"weight":1.0,"played":[0.0,0.9262,0.0738],"evs":[0.0,1.75818,1.63884]},"42s":{"weight":1.0,"played":[0.0,0.9999,1.0E-4],"evs":[0.0,0.73259,0.6846]},"43s":{"weight":1.0,"played":[0.0,1.0,0.0],"evs":[0.0,0.81739,0.66819]},"44":{"weight":1.0,"played":[0.0,0.9956,0.0044],"evs":[0.0,1.36316,1.25183]},"54o":{"weight":1.0,"played":[0.0,1.0,0.0],"evs":[0.0,0.91721,0.69968]},"64o":{"weight":1.0,"played":[0.0,1.0,0.0],"evs":[0.0,0.85482,0.68395]},"74o":{"weight":1.0,"played":[0.0,1.0,0.0],"evs":[0.0,0.85386,0.64039]},"84o":{"weight":1.0,"played":[0.0,1.0,0.0],"evs":[0.0,0.84726,0.65328]},"94o":{"weight":1.0,"played":[0.0,1.0,0.0],"evs":[0.0,0.86283,0.63588]},"T4o":{"weight":1.0,"played":[0.0,0.9335,0.0665],"evs":[0.0,1.06717,1.00712]},"J4o":{"weight":1.0,"played":[0.0,0.6407,0.3593],"evs":[0.0,1.27668,1.23941]},"Q4o":{"weight":1.0,"played":[0.0,0.0137,0.9863],"evs":[0.0,1.31208,1.50983]},"K4o":{"weight":1.0,"played":[0.0,0.0112,0.9888],"evs":[0.0,1.49371,1.6202]},"A4o":{"weight":1.0,"played":[0.0,0.0745,0.9255],"evs":[0.0,1.66208,1.73048]},"52s":{"weight":1.0,"played":[0.0,1.0,0.0],"evs":[0.0,0.82426,0.51897]},"53s":{"weight":1.0,"played":[0.0,0.9997,3.0E-4],"evs":[0.0,0.93538,0.59604]},"54s":{"weight":1.0,"played":[0.0,1.0,0.0],"evs":[0.0,1.177,0.90077]},"55":{"weight":1.0,"played":[0.0,0.9649,0.0351],"evs":[0.0,1.46058,1.29429]},"65o":{"weight":1.0,"played":[0.0,1.0,0.0],"evs":[0.0,1.01768,0.76171]},"75o":{"weight":1.0,"played":[0.0,1.0,0.0],"evs":[0.0,0.9377,0.71492]},"85o":{"weight":1.0,"played":[0.0,1.0,0.0],"evs":[0.0,0.91423,0.73922]},"95o":{"weight":1.0,"played":[0.0,1.0,0.0],"evs":[0.0,0.92354,0.6931]},"T5o":{"weight":1.0,"played":[0.0,0.8123,0.1877],"evs":[0.0,1.14931,1.17539]},"J5o":{"weight":1.0,"played":[0.0,0.1053,0.8947],"evs":[0.0,1.2694,1.302]},"Q5o":{"weight":1.0,"played":[0.0,0.0152,0.9848],"evs":[0.0,1.37866,1.47661]},"K5o":{"weight":1.0,"played":[0.0,1.0E-4,0.9999],"evs":[0.0,1.5171,1.59825]},"A5o":{"weight":1.0,"played":[0.0,2.0E-4,0.9998],"evs":[0.0,1.74851,1.83146]},"62s":{"weight":1.0,"played":[0.0,1.0,0.0],"evs":[0.0,0.85314,0.65509]},"63s":{"weight":1.0,"played":[0.0,1.0,0.0],"evs":[0.0,0.82878,0.53499]},"64s":{"weight":1.0,"played":[0.0,0.9998,2.0E-4],"evs":[0.0,1.19934,0.93775]},"65s":{"weight":1.0,"played":[0.0,1.0,0.0],"evs":[0.0,1.10205,0.84978]},"66":{"weight":1.0,"played":[0.0,0.9917,0.0083],"evs":[0.0,1.5905,1.33535]},"76o":{"weight":1.0,"played":[0.0,1.0,0.0],"evs":[0.0,1.02399,0.75326]},"86o":{"weight":1.0,"played":[0.0,1.0,0.0],"evs":[0.0,0.97799,0.74285]},"96o":{"weight":1.0,"played":[0.0,1.0,0.0],"evs":[0.0,1.0585,0.75632]},"T6o":{"weight":1.0,"played":[0.0,0.9969,0.0031],"evs":[0.0,1.20094,1.1407]},"J6o":{"weight":1.0,"played":[0.0,0.3012,0.6988],"evs":[0.0,1.25675,1.29122]},"Q6o":{"weight":1.0,"played":[0.0,0.0049,0.9951],"evs":[0.0,1.4349,1.51717]},"K6o":{"weight":1.0,"played":[0.0,0.0138,0.9862],"evs":[0.0,1.59481,1.65626]},"A6o":{"weight":1.0,"played":[0.0,5.0E-4,0.9995],"evs":[0.0,1.72115,1.78225]},"72s":{"weight":1.0,"played":[0.0,1.0,0.0],"evs":[0.0,0.90087,0.59984]},"73s":{"weight":1.0,"played":[0.0,1.0,0.0],"evs":[0.0,0.98743,0.69277]},"74s":{"weight":1.0,"played":[0.0,0.9998,2.0E-4],"evs":[0.0,1.03954,0.72524]},"75s":{"weight":1.0,"played":[0.0,0.9997,3.0E-4],"evs":[0.0,1.11013,0.81689]},"76s":{"weight":1.0,"played":[0.0,1.0,0.0],"evs":[0.0,1.28571,0.96258]},"77":{"weight":1.0,"played":[0.0,0.9979,0.0021],"evs":[0.0,1.737,1.49215]},"87o":{"weight":1.0,"played":[0.0,1.0,0.0],"evs":[0.0,1.14167,0.81937]},"97o":{"weight":1.0,"played":[0.0,1.0,0.0],"evs":[0.0,1.20232,0.87685]},"T7o":{"weight":1.0,"played":[0.0,1.0,0.0],"evs":[0.0,1.4027,1.32131]},"J7o":{"weight":1.0,"played":[0.0,0.2372,0.7628],"evs":[0.0,1.41335,1.42159]},"Q7o":{"weight":1.0,"played":[0.0,0.0285,0.9715],"evs":[0.0,1.49953,1.62408]},"K7o":{"weight":1.0,"played":[0.0,0.0246,0.9754],"evs":[0.0,1.63762,1.75212]},"A7o":{"weight":1.0,"played":[0.0,0.0,1.0],"evs":[0.0,1.77616,1.83888]},"82s":{"weight":1.0,"played":[0.0,1.0,0.0],"evs":[0.0,0.91326,0.667]},"83s":{"weight":1.0,"played":[0.0,1.0,0.0],"evs":[0.0,1.02343,0.67013]},"84s":{"weight":1.0,"played":[0.0,1.0,0.0],"evs":[0.0,1.02467,0.89522]},"85s":{"weight":1.0,"played":[0.0,0.9989,0.0011],"evs":[0.0,1.10923,0.89978]},"86s":{"weight":1.0,"played":[0.0,1.0,0.0],"evs":[0.0,1.14603,0.86438]},"87s":{"weight":1.0,"played":[0.0,0.9997,3.0E-4],"evs":[0.0,1.49947,1.10755]},"88":{"weight":1.0,"played":[0.0,0.9984,0.0016],"evs":[0.0,1.95221,1.61532]},"98o":{"weight":1.0,"played":[0.0,1.0,0.0],"evs":[0.0,1.37045,1.18302]},"T8o":{"weight":1.0,"played":[0.0,0.357,0.643],"evs":[0.0,1.51252,1.54562]},"J8o":{"weight":1.0,"played":[0.0,0.1522,0.8478],"evs":[0.0,1.53568,1.59461]},"Q8o":{"weight":1.0,"played":[0.0,3.0E-4,0.9997],"evs":[0.0,1.56489,1.78561]},"K8o":{"weight":1.0,"played":[0.0,2.0E-4,0.9998],"evs":[0.0,1.65803,1.87537]},"A8o":{"weight":1.0,"played":[0.0,1.0E-4,0.9999],"evs":[0.0,1.81176,1.95512]},"92s":{"weight":1.0,"played":[0.0,0.999,0.001],"evs":[0.0,0.94719,0.66107]},"93s":{"weight":1.0,"played":[0.0,1.0,0.0],"evs":[0.0,1.0008,0.68729]},"94s":{"weight":1.0,"played":[0.0,1.0,0.0],"evs":[0.0,1.06417,0.85441]},"95s":{"weight":1.0,"played":[0.0,0.9985,0.0015],"evs":[0.0,1.14648,1.02261]},"96s":{"weight":1.0,"played":[0.0,1.0,0.0],"evs":[0.0,1.27757,0.9327]},"97s":{"weight":1.0,"played":[0.0,0.9995,5.0E-4],"evs":[0.0,1.35518,1.01947]},"98s":{"weight":1.0,"played":[0.0,0.9994,6.0E-4],"evs":[0.0,1.50893,1.19776]},"99":{"weight":1.0,"played":[0.0,0.9972,0.0028],"evs":[0.0,2.44118,1.91457]},"T9o":{"weight":1.0,"played":[0.0,0.9999,1.0E-4],"evs":[0.0,1.70094,1.6086]},"J9o":{"weight":1.0,"played":[0.0,0.8904,0.1096],"evs":[0.0,1.6743,1.58664]},"Q9o":{"weight":1.0,"played":[0.0,0.173,0.827],"evs":[0.0,1.81584,1.85274]},"K9o":{"weight":1.0,"played":[0.0,0.779,0.221],"evs":[0.0,1.89411,1.8966]},"A9o":{"weight":1.0,"played":[0.0,0.0,1.0],"evs":[0.0,1.94108,2.00372]},"T2s":{"weight":1.0,"played":[0.0,0.9542,0.0458],"evs":[0.0,1.26657,1.26181]},"T3s":{"weight":1.0,"played":[0.0,0.999,0.001],"evs":[0.0,1.26459,1.07303]},"T4s":{"weight":1.0,"played":[0.0,0.2081,0.7919],"evs":[0.0,1.21788,1.24515]},"T5s":{"weight":1.0,"played":[0.0,0.6444,0.3556],"evs":[0.0,1.23417,1.30741]},"T6s":{"weight":1.0,"played":[0.0,0.9969,0.0031],"evs":[0.0,1.41121,1.26561]},"T7s":{"weight":1.0,"played":[0.0,0.9893,0.0107],"evs":[0.0,1.48219,1.35454]},"T8s":{"weight":1.0,"played":[0.0,0.9993,7.0E-4],"evs":[0.0,1.8439,1.75632]},"T9s":{"weight":1.0,"played":[0.0,0.9356,0.0644],"evs":[0.0,1.75835,1.60295]},"TT":{"weight":1.0,"played":[0.0,0.9988,0.0012],"evs":[0.0,2.87401,2.17879]},"JTo":{"weight":1.0,"played":[0.0,0.9943,0.0057],"evs":[0.0,1.85978,1.79239]},"QTo":{"weight":1.0,"played":[0.0,0.3612,0.6388],"evs":[0.0,1.88439,1.89047]},"KTo":{"weight":1.0,"played":[0.0,0.2291,0.7709],"evs":[0.0,1.97196,1.98006]},"ATo":{"weight":1.0,"played":[0.0,0.5526,0.4474],"evs":[0.0,2.01733,2.00722]},"J2s":{"weight":1.0,"played":[0.0,0.7263,0.2737],"evs":[0.0,1.33778,1.25681]},"J3s":{"weight":1.0,"played":[0.0,0.8852,0.1148],"evs":[0.0,1.4499,1.3435]},"J4s":{"weight":1.0,"played":[0.0,0.8058,0.1942],"evs":[0.0,1.51553,1.42507]},"J5s":{"weight":1.0,"played":[0.0,0.9245,0.0755],"evs":[0.0,1.37992,1.35923]},"J6s":{"weight":1.0,"played":[0.0,0.4129,0.5871],"evs":[0.0,1.38533,1.35759]},"J7s":{"weight":1.0,"played":[0.0,0.9375,0.0625],"evs":[0.0,1.63718,1.55172]},"J8s":{"weight":1.0,"played":[0.0,0.9981,0.0019],"evs":[0.0,1.73149,1.67241]},"J9s":{"weight":1.0,"played":[0.0,0.6793,0.3207],"evs":[0.0,1.7843,1.76012]},"JTs":{"weight":1.0,"played":[0.0,0.999,0.001],"evs":[0.0,2.00219,1.86278]},"JJ":{"weight":1.0,"played":[0.0,0.9992,8.0E-4],"evs":[0.0,3.03466,2.28358]},"QJo":{"weight":1.0,"played":[0.0,0.1076,0.8924],"evs":[0.0,1.88597,1.8833]},"KJo":{"weight":1.0,"played":[0.0,0.0477,0.9523],"evs":[0.0,1.96945,1.99245]},"AJo":{"weight":1.0,"played":[0.0,0.0,1.0],"evs":[0.0,1.98174,2.03704]},"Q2s":{"weight":1.0,"played":[0.0,0.7462,0.2538],"evs":[0.0,1.55628,1.57888]},"Q3s":{"weight":1.0,"played":[0.0,0.9996,4.0E-4],"evs":[0.0,1.64908,1.56781]},"Q4s":{"weight":1.0,"played":[0.0,0.0972,0.9028],"evs":[0.0,1.63973,1.67296]},"Q5s":{"weight":1.0,"played":[0.0,0.1245,0.8755],"evs":[0.0,1.58517,1.6815]},"Q6s":{"weight":1.0,"played":[0.0,0.0325,0.9675],"evs":[0.0,1.62555,1.68183]},"Q7s":{"weight":1.0,"played":[0.0,0.0638,0.9362],"evs":[0.0,1.65834,1.68404]},"Q8s":{"weight":1.0,"played":[0.0,0.0309,0.9691],"evs":[0.0,1.73323,1.74917]},"Q9s":{"weight":1.0,"played":[0.0,0.7218,0.2782],"evs":[0.0,2.05691,2.07367]},"QTs":{"weight":1.0,"played":[0.0,0.6541,0.3459],"evs":[0.0,2.03315,2.03046]},"QJs":{"weight":1.0,"played":[0.0,0.9636,0.0364],"evs":[0.0,1.99812,1.96136]},"QQ":{"weight":1.0,"played":[0.0,0.9954,0.0046],"evs":[0.0,3.31575,2.66852]},"KQo":{"weight":1.0,"played":[0.0,0.0215,0.9785],"evs":[0.0,2.04186,2.10246]},"AQo":{"weight":1.0,"played":[0.0,9.0E-4,0.9991],"evs":[0.0,2.10261,2.11148]},"K2s":{"weight":1.0,"played":[0.0,0.6028,0.3972],"evs":[0.0,1.62679,1.67241]},"K3s":{"weight":1.0,"played":[0.0,0.5817,0.4183],"evs":[0.0,1.69716,1.72393]},"K4s":{"weight":1.0,"played":[0.0,0.4917,0.5083],"evs":[0.0,1.66404,1.69462]},"K5s":{"weight":1.0,"played":[0.0,0.0089,0.9911],"evs":[0.0,1.71768,1.79479]},"K6s":{"weight":1.0,"played":[0.0,0.622,0.378],"evs":[0.0,1.73594,1.71144]},"K7s":{"weight":1.0,"played":[0.0,0.7312,0.2688],"evs":[0.0,1.83533,1.8016]},"K8s":{"weight":1.0,"played":[0.0,0.0389,0.9611],"evs":[0.0,1.87621,2.02149]},"K9s":{"weight":1.0,"played":[0.0,0.0369,0.9631],"evs":[0.0,1.98392,2.04421]},"KTs":{"weight":1.0,"played":[0.0,0.5352,0.4648],"evs":[0.0,2.22685,2.18779]},"KJs":{"weight":1.0,"played":[0.0,0.3109,0.6891],"evs":[0.0,2.16388,2.15659]},"KQs":{"weight":1.0,"played":[0.0,0.6326,0.3674],"evs":[0.0,2.17442,2.1945]},"KK":{"weight":1.0,"played":[0.0,0.9979,0.0021],"evs":[0.0,3.76293,3.06922]},"AKo":{"weight":1.0,"played":[0.0,0.0953,0.9047],"evs":[0.0,2.20045,2.23118]},"A2s":{"weight":1.0,"played":[0.0,0.9269,0.0731],"evs":[0.0,1.85916,1.81811]},"A3s":{"weight":1.0,"played":[0.0,0.7868,0.2132],"evs":[0.0,1.96407,1.84628]},"A4s":{"weight":1.0,"played":[0.0,0.1676,0.8324],"evs":[0.0,1.88196,1.88484]},"A5s":{"weight":1.0,"played":[0.0,0.41,0.59],"evs":[0.0,1.8802,1.8943]},"A6s":{"weight":1.0,"played":[0.0,0.0363,0.9637],"evs":[0.0,1.8661,1.88328]},"A7s":{"weight":1.0,"played":[0.0,0.4557,0.5443],"evs":[0.0,2.07433,2.00385]},"A8s":{"weight":1.0,"played":[0.0,0.2593,0.7407],"evs":[0.0,2.04299,2.0459]},"A9s":{"weight":1.0,"played":[0.0,0.467,0.533],"evs":[0.0,2.19205,2.13704]},"ATs":{"weight":1.0,"played":[0.0,0.3115,0.6885],"evs":[0.0,2.19997,2.21023]},"AJs":{"weight":1.0,"played":[0.0,0.0806,0.9194],"evs":[0.0,2.13811,2.24704]},"AQs":{"weight":1.0,"played":[0.0,0.5981,0.4019],"evs":[0.0,2.22273,2.20794]},"AKs":{"weight":1.0,"played":[0.0,0.2952,0.7048],"evs":[0.0,2.4028,2.42289]},"AA":{"weight":1.0,"played":[0.0,0.9998,2.0E-4],"evs":[0.0,4.1209,3.38987]}}}