{"player":2,"street":0,"children":2,"sequence":[{"player":0,"type":"F","amount":0,"street":0},{"player":1,"type":"F","amount":0,"street":0},{"player":2,"type":"R","amount":200000,"street":0},{"player":3,"type":"C","amount":200000,"street":0},{"player":4,"type":"C","amount":150000,"street":0},{"player":5,"type":"R","amount":995000,"street":0},{"player":2,"type":"C","amount":795000,"street":0},{"player":3,"type":"R","amount":2885000,"street":0},{"player":4,"type":"C","amount":1615000,"street":0}],"actions":[{"type":"F","amount":0},{"type":"C","amount":1890000}],"hands":{"22":{"weight":0.0077,"played":[0.0,1.0],"evs":[0.0,6.04007]},"32o":{"weight":0.0,"played":[0.3193,0.6807],"evs":[0.0,0.21426]},"42o":{"weight":0.0,"played":[0.1907,0.8093],"evs":[0.0,0.60972]},"52o":{"weight":0.0,"played":[0.0216,0.9784],"evs":[0.0,1.04218]},"62o":{"weight":0.0,"played":[0.9178,0.0822],"evs":[0.0,-0.61692]},"72o":{"weight":0.0,"played":[0.9913,0.0087],"evs":[0.0,-0.38461]},"82o":{"weight":0.0,"played":[0.9898,0.0102],"evs":[0.0,-0.91473]},"92o":{"weight":0.0,"played":[0.845,0.155],"evs":[0.0,-0.23709]},"T2o":{"weight":0.0,"played":[0.9958,0.0042],"evs":[0.0,-1.86959]},"J2o":{"weight":0.0,"played":[0.9855,0.0145],"evs":[0.0,-0.89239]},"Q2o":{"weight":0.0,"played":[0.1959,0.8041],"evs":[0.0,0.0495]},"K2o":{"weight":0.0,"played":[0.0013,0.9987],"evs":[0.0,1.65885]},"A2o":{"weight":0.0036,"played":[0.0,1.0],"evs":[0.0,5.12741]},"32s":{"weight":0.0,"played":[0.1108,0.8892],"evs":[0.0,1.35574]},"33":{"weight":0.5792,"played":[0.0,1.0],"evs":[0.0,7.6303]},"43o":{"weight":0.0,"played":[0.1209,0.8791],"evs":[0.0,1.62877]},"53o":{"weight":0.0,"played":[7.0E-4,0.9993],"evs":[0.0,1.25252]},"63o":{"weight":0.0,"played":[0.0187,0.9813],"evs":[0.0,1.27415]},"73o":{"weight":0.0,"played":[0.0979,0.9021],"evs":[0.0,0.93737]},"83o":{"weight":0.0,"played":[0.9921,0.0079],"evs":[0.0,-0.64884]},"93o":{"weight":0.0,"played":[0.5032,0.4968],"evs":[0.0,0.10219]},"T3o":{"weight":0.0,"played":[0.7555,0.2445],"evs":[0.0,-0.82655]},"J3o":{"weight":0.0,"played":[0.3551,0.6449],"evs":[0.0,0.14937]},"Q3o":{"weight":0.0,"played":[1.0E-4,0.9999],"evs":[0.0,0.79322]},"K3o":{"weight":0.0,"played":[0.0011,0.9989],"evs":[0.0,2.66598]},"A3o":{"weight":0.1815,"played":[0.0,1.0],"evs":[0.0,5.57689]},"42s":{"weight":0.0,"played":[9.0E-4,0.9991],"evs":[0.0,3.42555]},"43s":{"weight":0.0,"played":[0.0012,0.9988],"evs":[0.0,3.58235]},"44":{"weight":0.1528,"played":[0.0,1.0],"evs":[0.0,8.43524]},"54o":{"weight":0.0,"played":[0.0,1.0],"evs":[0.0,3.1883]},"64o":{"weight":0.0,"played":[0.002,0.998],"evs":[0.0,2.43011]},"74o":{"weight":0.0,"played":[0.0023,0.9977],"evs":[0.0,0.99649]},"84o":{"weight":0.0,"played":[0.0177,0.9823],"evs":[0.0,0.71993]},"94o":{"weight":0.0,"played":[0.9704,0.0296],"evs":[0.0,-0.74444]},"T4o":{"weight":0.0,"played":[0.9241,0.0759],"evs":[0.0,-0.52273]},"J4o":{"weight":0.0,"played":[0.0547,0.9453],"evs":[0.0,1.14903]},"Q4o":{"weight":0.0,"played":[3.0E-4,0.9997],"evs":[0.0,1.84071]},"K4o":{"weight":0.0,"played":[0.009,0.991],"evs":[0.0,2.55962]},"A4o":{"weight":0.0893,"played":[0.0,1.0],"evs":[0.0,6.23648]},"52s":{"weight":0.0,"played":[0.0,1.0],"evs":[0.0,3.28713]},"53s":{"weight":0.0,"played":[7.0E-4,0.9993],"evs":[0.0,4.49095]},"54s":{"weight":0.0,"played":[0.0,1.0],"evs":[0.0,4.87793]},"55":{"weight":0.4115,"played":[0.0,1.0],"evs":[0.0,9.61324]},"65o":{"weight":0.0,"played":[2.0E-4,0.9998],"evs":[0.0,3.46571]},"75o":{"weight":0.0,"played":[3.0E-4,0.9997],"evs":[0.0,1.61655]},"85o":{"weight":0.0,"played":[0.001,0.999],"evs":[0.0,2.07428]},"95o":{"weight":0.0,"played":[0.3256,0.6744],"evs":[0.0,0.10687]},"T5o":{"weight":0.0,"played":[0.4698,0.5302],"evs":[0.0,-0.36649]},"J5o":{"weight":0.0,"played":[0.0741,0.9259],"evs":[0.0,0.33271]},"Q5o":{"weight":0.0,"played":[7.0E-4,0.9993],"evs":[0.0,1.46864]},"K5o":{"weight":0.0,"played":[3.0E-4,0.9997],"evs":[0.0,3.96208]},"A5o":{"weight":0.0846,"played":[0.0,1.0],"evs":[0.0,6.68323]},"62s":{"weight":0.0,"played":[0.0132,0.9868],"evs":[0.0,3.07251]},"63s":{"weight":0.0,"played":[1.0E-4,0.9999],"evs":[0.0,4.62775]},"64s":{"weight":0.0,"played":[0.0,1.0],"evs":[0.0,5.65345]},"65s":{"weight":0.0041,"played":[2.0E-4,0.9998],"evs":[0.0,5.69286]},"66":{"weight":0.3554,"played":[0.0,1.0],"evs":[0.0,10.91147]},"76o":{"weight":0.0,"played":[5.0E-4,0.9995],"evs":[0.0,3.03448]},"86o":{"weight":0.0,"played":[0.0,1.0],"evs":[0.0,2.84071]},"96o":{"weight":0.0,"played":[2.0E-4,0.9998],"evs":[0.0,1.42717]},"T6o":{"weight":0.0,"played":[0.002,0.998],"evs":[0.0,1.36038]},"J6o":{"weight":0.0,"played":[0.0289,0.9711],"evs":[0.0,1.39143]},"Q6o":{"weight":0.0,"played":[0.002,0.998],"evs":[0.0,3.16278]},"K6o":{"weight":0.0,"played":[0.0,1.0],"evs":[0.0,3.66853]},"A6o":{"weight":0.2746,"played":[1.0E-4,0.9999],"evs":[0.0,6.43706]},"72s":{"weight":0.0,"played":[0.1467,0.8533],"evs":[0.0,1.36252]},"73s":{"weight":0.0,"played":[0.001,0.999],"evs":[0.0,3.75107]},"74s":{"weight":0.0,"played":[0.016,0.984],"evs":[0.0,3.65516]},"75s":{"weight":5.0E-4,"played":[0.0,1.0],"evs":[0.0,4.84889]},"76s":{"weight":0.103,"played":[0.0,1.0],"evs":[0.0,5.93655]},"77":{"weight":0.4816,"played":[0.0,1.0],"evs":[0.0,12.44768]},"87o":{"weight":0.0,"played":[0.0,1.0],"evs":[0.0,3.58515]},"97o":{"weight":0.0,"played":[5.0E-4,0.9995],"evs":[0.0,2.26766]},"T7o":{"weight":0.0,"played":[2.0E-4,0.9998],"evs":[0.0,1.46259]},"J7o":{"weight":0.0,"played":[0.0013,0.9987],"evs":[0.0,1.26832]},"Q7o":{"weight":0.0,"played":[0.0,1.0],"evs":[0.0,2.14856]},"K7o":{"weight":0.0,"played":[0.0,1.0],"evs":[0.0,3.84182]},"A7o":{"weight":0.0521,"played":[0.0,1.0],"evs":[0.0,7.13505]},"82s":{"weight":0.0,"played":[0.0678,0.9322],"evs":[0.0,2.35307]},"83s":{"weight":0.0,"played":[0.0022,0.9978],"evs":[0.0,1.21521]},"84s":{"weight":0.0,"played":[7.0E-4,0.9993],"evs":[0.0,1.4963]},"85s":{"weight":0.0,"played":[2.0E-4,0.9998],"evs":[0.0,4.40408]},"86s":{"weight":0.2013,"played":[0.0,1.0],"evs":[0.0,5.8675]},"87s":{"weight":0.0403,"played":[2.0E-4,0.9998],"evs":[0.0,6.32232]},"88":{"weight":0.0967,"played":[0.0,1.0],"evs":[0.0,13.67588]},"98o":{"weight":0.0,"played":[1.0E-4,0.9999],"evs":[0.0,3.01624]},"T8o":{"weight":0.0,"played":[1.0E-4,0.9999],"evs":[0.0,3.07573]},"J8o":{"weight":0.0,"played":[0.001,0.999],"evs":[0.0,2.70419]},"Q8o":{"weight":0.0,"played":[0.0024,0.9976],"evs":[0.0,3.96349]},"K8o":{"weight":0.0,"played":[0.0,1.0],"evs":[0.0,4.14309]},"A8o":{"weight":0.1921,"played":[0.0,1.0],"evs":[0.0,7.72199]},"92s":{"weight":0.0,"played":[0.0161,0.9839],"evs":[0.0,0.78707]},"93s":{"weight":0.0,"played":[0.0137,0.9863],"evs":[0.0,1.86709]},"94s":{"weight":0.0,"played":[7.0E-4,0.9993],"evs":[0.0,3.03492]},"95s":{"weight":0.0,"played":[1.0E-4,0.9999],"evs":[0.0,4.89336]},"96s":{"weight":0.0033,"played":[4.0E-4,0.9996],"evs":[0.0,5.45275]},"97s":{"weight":0.1104,"played":[0.0,1.0],"evs":[0.0,5.40243]},"98s":{"weight":0.1051,"played":[1.0E-4,0.9999],"evs":[0.0,6.06233]},"99":{"weight":0.2456,"played":[0.0,1.0],"evs":[0.0,15.1737]},"T9o":{"weight":0.0,"played":[2.0E-4,0.9998],"evs":[0.0,3.43449]},"J9o":{"weight":0.0,"played":[1.0E-4,0.9999],"evs":[0.0,3.58274]},"Q9o":{"weight":0.0,"played":[0.0,1.0],"evs":[0.0,4.19797]},"K9o":{"weight":0.0057,"played":[0.0,1.0],"evs":[0.0,5.13707]},"A9o":{"weight":0.1606,"played":[0.0,1.0],"evs":[0.0,8.9142]},"T2s":{"weight":0.0,"played":[0.0013,0.9987],"evs":[0.0,2.00348]},"T3s":{"weight":0.0,"played":[0.0029,0.9971],"evs":[0.0,2.4013]},"T4s":{"weight":0.0,"played":[0.0033,0.9967],"evs":[0.0,2.2591]},"T5s":{"weight":0.0,"played":[1.0E-4,0.9999],"evs":[0.0,2.37252]},"T6s":{"weight":0.0,"played":[0.0,1.0],"evs":[0.0,3.6362]},"T7s":{"weight":0.0,"played":[0.0,1.0],"evs":[0.0,4.30249]},"T8s":{"weight":0.0215,"played":[1.0E-4,0.9999],"evs":[0.0,5.605]},"T9s":{"weight":0.5741,"played":[0.0,1.0],"evs":[0.0,6.78015]},"TT":{"weight":0.3359,"played":[0.0,1.0],"evs":[0.0,18.29168]},"JTo":{"weight":0.0,"played":[4.0E-4,0.9996],"evs":[0.0,4.73487]},"QTo":{"weight":0.2308,"played":[0.0,1.0],"evs":[0.0,5.4865]},"KTo":{"weight":0.2651,"played":[0.0,1.0],"evs":[0.0,7.51366]},"ATo":{"weight":0.5237,"played":[0.0,1.0],"evs":[0.0,11.49458]},"J2s":{"weight":0.0,"played":[5.0E-4,0.9995],"evs":[0.0,0.66544]},"J3s":{"weight":0.0,"played":[0.0336,0.9664],"evs":[0.0,3.06724]},"J4s":{"weight":0.0,"played":[0.0053,0.9947],"evs":[0.0,3.32931]},"J5s":{"weight":0.0,"played":[0.0139,0.9861],"evs":[0.0,3.58994]},"J6s":{"weight":0.0,"played":[6.0E-4,0.9994],"evs":[0.0,2.44444]},"J7s":{"weight":7.0E-4,"played":[0.0,1.0],"evs":[0.0,4.31672]},"J8s":{"weight":0.003,"played":[3.0E-4,0.9997],"evs":[0.0,5.40672]},"J9s":{"weight":0.2331,"played":[0.0,1.0],"evs":[0.0,6.19487]},"JTs":{"weight":0.1554,"played":[0.0,1.0],"evs":[0.0,8.04281]},"JJ":{"weight":0.0445,"played":[0.0,1.0],"evs":[0.0,22.18712]},"QJo":{"weight":0.2211,"played":[0.0,1.0],"evs":[0.0,7.34561]},"KJo":{"weight":0.0881,"played":[0.0,1.0],"evs":[0.0,8.73204]},"AJo":{"weight":0.1599,"played":[0.0,1.0],"evs":[0.0,14.16094]},"Q2s":{"weight":0.0,"played":[0.002,0.998],"evs":[0.0,4.95302]},"Q3s":{"weight":0.0,"played":[0.0014,0.9986],"evs":[0.0,5.31237]},"Q4s":{"weight":0.0108,"played":[0.0015,0.9985],"evs":[0.0,4.17225]},"Q5s":{"weight":0.0092,"played":[0.0,1.0],"evs":[0.0,6.2283]},"Q6s":{"weight":2.0E-4,"played":[1.0E-4,0.9999],"evs":[0.0,4.66991]},"Q7s":{"weight":0.0,"played":[6.0E-4,0.9994],"evs":[0.0,4.71704]},"Q8s":{"weight":0.1542,"played":[0.0,1.0],"evs":[0.0,5.62332]},"Q9s":{"weight":0.1257,"played":[0.0,1.0],"evs":[0.0,7.45373]},"QTs":{"weight":0.2898,"played":[4.0E-4,0.9996],"evs":[0.0,8.93163]},"QJs":{"weight":0.29,"played":[0.0,1.0],"evs":[0.0,9.6617]},"QQ":{"weight":0.1751,"played":[0.0,1.0],"evs":[0.0,25.78064]},"KQo":{"weight":0.0394,"played":[0.0,1.0],"evs":[0.0,11.226]},"AQo":{"weight":4.0E-4,"played":[0.0,1.0],"evs":[0.0,14.90142]},"K2s":{"weight":0.0256,"played":[5.0E-4,0.9995],"evs":[0.0,5.1767]},"K3s":{"weight":0.0,"played":[0.0,1.0],"evs":[0.0,5.52699]},"K4s":{"weight":0.0196,"played":[5.0E-4,0.9995],"evs":[0.0,5.27364]},"K5s":{"weight":0.2153,"played":[0.0,1.0],"evs":[0.0,5.73333]},"K6s":{"weight":0.259,"played":[2.0E-4,0.9998],"evs":[0.0,5.74086]},"K7s":{"weight":0.391,"played":[1.0E-4,0.9999],"evs":[0.0,6.6289]},"K8s":{"weight":0.0841,"played":[0.0,1.0],"evs":[0.0,6.91666]},"K9s":{"weight":0.2484,"played":[0.0,1.0],"evs":[0.0,7.49429]},"KTs":{"weight":0.3437,"played":[0.0,1.0],"evs":[0.0,9.5538]},"KJs":{"weight":0.1317,"played":[0.0,1.0],"evs":[0.0,12.24964]},"KQs":{"weight":0.3799,"played":[0.0,1.0],"evs":[0.0,13.13729]},"KK":{"weight":0.1248,"played":[0.0,1.0],"evs":[0.0,30.4794]},"AKo":{"weight":0.5458,"played":[0.0,1.0],"evs":[0.0,17.01023]},"A2s":{"weight":0.0899,"played":[0.0,1.0],"evs":[0.0,8.15031]},"A3s":{"weight":0.1569,"played":[0.0,1.0],"evs":[0.0,8.35865]},"A4s":{"weight":0.0208,"played":[0.0,1.0],"evs":[0.0,9.2003]},"A5s":{"weight":0.2592,"played":[0.0,1.0],"evs":[0.0,8.48809]},"A6s":{"weight":0.0632,"played":[0.0,1.0],"evs":[0.0,9.8022]},"A7s":{"weight":0.0049,"played":[0.0,1.0],"evs":[0.0,10.83452]},"A8s":{"weight":0.3779,"played":[0.0,1.0],"evs":[0.0,12.08664]},"A9s":{"weight":0.358,"played":[0.0,1.0],"evs":[0.0,12.56979]},"ATs":{"weight":0.0566,"played":[0.0,1.0],"evs":[0.0,15.24618]},"AJs":{"weight":0.4311,"played":[0.0,1.0],"evs":[0.0,16.15964]},"AQs":{"weight":0.9205,"played":[0.0,1.0],"evs":[0.0,17.83196]},"AKs":{"weight":0.0145,"played":[0.0,1.0],"evs":[0.0,19.02968]},"AA":{"weight":0.071,"played":[0.0,1.0],"evs":[0.0,35.58287]}}}