{"player":2,"street":0,"children":3,"sequence":[{"player":0,"type":"F","amount":0,"street":0},{"player":1,"type":"F","amount":0,"street":0},{"player":2,"type":"R","amount":200000,"street":0},{"player":3,"type":"R","amount":500000,"street":0},{"player":4,"type":"F","amount":0,"street":0},{"player":5,"type":"F","amount":0,"street":0}],"actions":[{"type":"F","amount":0},{"type":"C","amount":300000},{"type":"R","amount":2885000,"node":71}],"hands":{"22":{"weight":0.9994,"played":[0.0093,0.0023,0.9884],"evs":[0.0,-0.06051,0.32625]},"32o":{"weight":0.0,"played":[1.0,0.0,0.0],"evs":[0.0,-1.14679,-2.63554]},"42o":{"weight":0.0,"played":[1.0,0.0,0.0],"evs":[0.0,-1.1974,-2.66132]},"52o":{"weight":0.0,"played":[1.0,0.0,0.0],"evs":[0.0,-0.8715,-2.08153]},"62o":{"weight":0.0,"played":[1.0,0.0,0.0],"evs":[0.0,-1.08613,-2.55774]},"72o":{"weight":0.0,"played":[1.0,0.0,0.0],"evs":[0.0,-1.12621,-2.52653]},"82o":{"weight":0.0,"played":[1.0,0.0,0.0],"evs":[0.0,-1.17148,-2.43018]},"92o":{"weight":0.0,"played":[1.0,0.0,0.0],"evs":[0.0,-1.31567,-2.78402]},"T2o":{"weight":0.0,"played":[1.0,0.0,0.0],"evs":[0.0,-1.16187,-2.02215]},"J2o":{"weight":0.0,"played":[1.0,0.0,0.0],"evs":[0.0,-1.04556,-1.86561]},"Q2o":{"weight":0.0,"played":[1.0,0.0,0.0],"evs":[0.0,-0.63871,-1.43722]},"K2o":{"weight":0.0,"played":[1.0,0.0,0.0],"evs":[0.0,-0.67645,-1.65737]},"A2o":{"weight":1.0,"played":[0.9909,0.0091,0.0],"evs":[0.0,-0.20132,-0.3004]},"32s":{"weight":0.0,"played":[1.0,0.0,0.0],"evs":[0.0,-0.8373,-1.55749]},"33":{"weight":1.0,"played":[0.0372,0.0,0.9627],"evs":[0.0,-0.13363,0.20972]},"43o":{"weight":0.0,"played":[1.0,0.0,0.0],"evs":[0.0,-0.83708,-2.285]},"53o":{"weight":0.0,"played":[1.0,0.0,0.0],"evs":[0.0,-0.76843,-1.89355]},"63o":{"weight":0.0,"played":[1.0,0.0,0.0],"evs":[0.0,-0.98682,-2.16699]},"73o":{"weight":0.0,"played":[1.0,0.0,0.0],"evs":[0.0,-1.13723,-2.38356]},"83o":{"weight":0.0,"played":[1.0,0.0,0.0],"evs":[0.0,-1.23082,-2.72692]},"93o":{"weight":0.0,"played":[1.0,0.0,0.0],"evs":[0.0,-1.2358,-2.67813]},"T3o":{"weight":0.0,"played":[1.0,0.0,0.0],"evs":[0.0,-1.12751,-2.15871]},"J3o":{"weight":0.0,"played":[1.0,0.0,0.0],"evs":[0.0,-0.99351,-1.88513]},"Q3o":{"weight":0.0,"played":[1.0,0.0,0.0],"evs":[0.0,-0.72122,-1.25177]},"K3o":{"weight":0.0,"played":[0.9999,1.0E-4,0.0],"evs":[0.0,-0.7673,-1.43509]},"A3o":{"weight":1.0,"played":[1.0,0.0,0.0],"evs":[0.0,-0.25457,-0.45321]},"42s":{"weight":0.0,"played":[1.0,0.0,0.0],"evs":[0.0,-0.60786,-1.92623]},"43s":{"weight":0.0,"played":[0.9015,0.0985,0.0],"evs":[0.0,-0.21039,-1.03174]},"44":{"weight":0.9993,"played":[9.0E-4,1.0E-4,0.999],"evs":[0.0,0.14703,0.38548]},"54o":{"weight":0.0,"played":[1.0,0.0,0.0],"evs":[0.0,-0.4529,-1.47376]},"64o":{"weight":0.0,"played":[1.0,0.0,0.0],"evs":[0.0,-0.83577,-2.1038]},"74o":{"weight":0.0,"played":[1.0,0.0,0.0],"evs":[0.0,-0.84659,-2.28989]},"84o":{"weight":0.0,"played":[1.0,0.0,0.0],"evs":[0.0,-1.09983,-2.30906]},"94o":{"weight":0.0,"played":[1.0,0.0,0.0],"evs":[0.0,-1.32236,-2.65928]},"T4o":{"weight":0.0,"played":[1.0,0.0,0.0],"evs":[0.0,-1.20292,-2.1037]},"J4o":{"weight":0.0,"played":[1.0,0.0,0.0],"evs":[0.0,-1.00132,-1.84548]},"Q4o":{"weight":0.0,"played":[0.9997,3.0E-4,0.0],"evs":[0.0,-0.6988,-1.32336]},"K4o":{"weight":0.0,"played":[0.9997,2.0E-4,1.0E-4],"evs":[0.0,-0.68972,-1.45926]},"A4o":{"weight":1.0,"played":[0.9998,2.0E-4,0.0],"evs":[0.0,-0.16629,-0.4018]},"52s":{"weight":0.0,"played":[0.9979,0.0021,0.0],"evs":[0.0,-0.29397,-1.5809]},"53s":{"weight":0.0,"played":[0.9601,0.0399,0.0],"evs":[0.0,-0.21253,-1.02678]},"54s":{"weight":0.0,"played":[0.4349,0.5523,0.0127],"evs":[0.0,-0.00448,-0.78938]},"55":{"weight":0.9999,"played":[0.0,0.5587,0.4413],"evs":[0.0,0.70448,0.67102]},"65o":{"weight":0.0,"played":[1.0,0.0,0.0],"evs":[0.0,-0.36502,-1.36699]},"75o":{"weight":0.0,"played":[1.0,0.0,0.0],"evs":[0.0,-0.61775,-1.89091]},"85o":{"weight":0.0,"played":[0.9999,1.0E-4,0.0],"evs":[0.0,-0.89471,-1.893]},"95o":{"weight":0.0,"played":[0.9999,1.0E-4,0.0],"evs":[0.0,-0.98114,-2.18208]},"T5o":{"weight":0.0,"played":[1.0,0.0,0.0],"evs":[0.0,-0.89603,-2.03948]},"J5o":{"weight":0.0,"played":[0.9998,2.0E-4,0.0],"evs":[0.0,-0.81055,-1.49689]},"Q5o":{"weight":0.0,"played":[0.9995,5.0E-4,0.0],"evs":[0.0,-0.47986,-0.9071]},"K5o":{"weight":0.0,"played":[0.9975,0.0025,0.0],"evs":[0.0,-0.63638,-1.02024]},"A5o":{"weight":1.0,"played":[0.4946,0.4371,0.0683],"evs":[0.0,-0.04184,0.01222]},"62s":{"weight":0.0,"played":[0.9877,0.0123,0.0],"evs":[0.0,-0.62404,-1.58379]},"63s":{"weight":0.0,"played":[0.9853,0.0147,0.0],"evs":[0.0,-0.27071,-1.23568]},"64s":{"weight":0.0,"played":[0.7242,0.2757,1.0E-4],"evs":[0.0,-0.21005,-0.9418]},"65s":{"weight":0.9393,"played":[0.0064,0.9935,0.0],"evs":[0.0,0.32949,-0.50102]},"66":{"weight":1.0,"played":[2.0E-4,0.2644,0.7354],"evs":[0.0,0.54752,0.57595]},"76o":{"weight":0.0,"played":[1.0,0.0,0.0],"evs":[0.0,-0.39816,-1.30079]},"86o":{"weight":0.0,"played":[1.0,0.0,0.0],"evs":[0.0,-0.52479,-1.67479]},"96o":{"weight":0.0,"played":[1.0,0.0,0.0],"evs":[0.0,-0.76754,-2.0325]},"T6o":{"weight":0.0,"played":[0.9999,0.0,0.0],"evs":[0.0,-0.97347,-1.67465]},"J6o":{"weight":0.0,"played":[1.0,0.0,0.0],"evs":[0.0,-0.89204,-1.62906]},"Q6o":{"weight":0.0,"played":[1.0,0.0,0.0],"evs":[0.0,-0.75907,-1.32824]},"K6o":{"weight":0.0,"played":[0.9945,0.0055,0.0],"evs":[0.0,-0.6766,-1.33668]},"A6o":{"weight":1.0,"played":[0.9439,0.0561,0.0],"evs":[0.0,-0.28095,-0.42312]},"72s":{"weight":0.0,"played":[1.0,0.0,0.0],"evs":[0.0,-0.70451,-1.79153]},"73s":{"weight":0.0,"played":[1.0,0.0,0.0],"evs":[0.0,-0.55861,-1.94493]},"74s":{"weight":0.0,"played":[0.9994,6.0E-4,1.0E-4],"evs":[0.0,-0.26237,-1.25596]},"75s":{"weight":0.9962,"played":[0.0612,0.9387,0.0],"evs":[0.0,0.01833,-0.69133]},"76s":{"weight":1.0,"played":[0.235,0.7649,0.0],"evs":[0.0,0.23414,-0.46499]},"77":{"weight":1.0,"played":[0.0,0.8068,0.1932],"evs":[0.0,0.74388,0.5657]},"87o":{"weight":0.0,"played":[1.0,0.0,0.0],"evs":[0.0,-0.38514,-1.16913]},"97o":{"weight":0.0,"played":[0.9998,2.0E-4,0.0],"evs":[0.0,-0.50844,-1.52462]},"T7o":{"weight":0.0,"played":[0.9996,4.0E-4,0.0],"evs":[0.0,-0.73129,-1.32099]},"J7o":{"weight":0.0,"played":[0.999,0.001,0.0],"evs":[0.0,-0.67089,-1.29683]},"Q7o":{"weight":0.0,"played":[0.9991,9.0E-4,0.0],"evs":[0.0,-0.47398,-1.11924]},"K7o":{"weight":0.9995,"played":[0.9954,0.0046,0.0],"evs":[0.0,-0.5004,-1.15311]},"A7o":{"weight":1.0,"played":[0.6992,0.3008,0.0],"evs":[0.0,-0.0112,-0.20314]},"82s":{"weight":0.0,"played":[0.9999,1.0E-4,0.0],"evs":[0.0,-0.58058,-1.66322]},"83s":{"weight":0.0,"played":[1.0,0.0,0.0],"evs":[0.0,-0.57888,-1.713]},"84s":{"weight":0.0,"played":[0.9996,2.0E-4,2.0E-4],"evs":[0.0,-0.51687,-1.54384]},"85s":{"weight":0.0,"played":[0.4414,0.5584,2.0E-4],"evs":[0.0,0.20813,-0.73373]},"86s":{"weight":0.9991,"played":[0.6827,0.3173,0.0],"evs":[0.0,0.03351,-0.65083]},"87s":{"weight":0.9999,"played":[0.2087,0.7913,0.0],"evs":[0.0,0.11667,-0.50836]},"88":{"weight":1.0,"played":[0.0,0.4655,0.5345],"evs":[0.0,0.81286,0.88817]},"98o":{"weight":2.0E-4,"played":[0.9998,2.0E-4,0.0],"evs":[0.0,-0.57272,-1.54639]},"T8o":{"weight":0.0,"played":[1.0,0.0,0.0],"evs":[0.0,-0.54992,-1.26557]},"J8o":{"weight":0.0,"played":[1.0,0.0,0.0],"evs":[0.0,-0.40535,-0.91353]},"Q8o":{"weight":7.0E-4,"played":[0.991,0.009,0.0],"evs":[0.0,-0.37215,-0.86872]},"K8o":{"weight":0.9999,"played":[0.9619,0.0381,0.0],"evs":[0.0,-0.38766,-1.0037]},"A8o":{"weight":1.0,"played":[0.0152,0.9846,1.0E-4],"evs":[0.0,0.0741,-0.07989]},"92s":{"weight":0.0,"played":[0.9999,1.0E-4,0.0],"evs":[0.0,-0.69198,-2.1059]},"93s":{"weight":0.0,"played":[0.9916,0.0083,1.0E-4],"evs":[0.0,-0.79423,-2.04792]},"94s":{"weight":0.0,"played":[0.9999,0.0,1.0E-4],"evs":[0.0,-0.84549,-1.8803]},"95s":{"weight":0.0,"played":[1.0,0.0,0.0],"evs":[0.0,-0.31666,-0.89476]},"96s":{"weight":0.9953,"played":[0.9797,0.0203,0.0],"evs":[0.0,-0.38131,-1.24975]},"97s":{"weight":0.9999,"played":[0.5491,0.4508,0.0],"evs":[0.0,0.11829,-0.64894]},"98s":{"weight":1.0,"played":[0.7517,0.2481,2.0E-4],"evs":[0.0,-0.00899,-0.93558]},"99":{"weight":1.0,"played":[0.0,0.3743,0.6257],"evs":[0.0,1.0827,1.08643]},"T9o":{"weight":1.0,"played":[0.9997,3.0E-4,0.0],"evs":[0.0,-0.59068,-1.25438]},"J9o":{"weight":1.0,"played":[0.9429,0.0571,0.0],"evs":[0.0,-0.1612,-0.88903]},"Q9o":{"weight":1.0,"played":[0.8729,0.1271,0.0],"evs":[0.0,-0.10759,-0.69592]},"K9o":{"weight":1.0,"played":[0.9985,0.0015,0.0],"evs":[0.0,-0.32752,-1.11824]},"A9o":{"weight":1.0,"played":[0.223,0.7768,2.0E-4],"evs":[0.0,0.05508,-0.47713]},"T2s":{"weight":0.0,"played":[1.0,0.0,0.0],"evs":[0.0,-0.68723,-1.56453]},"T3s":{"weight":0.0,"played":[0.9997,3.0E-4,0.0],"evs":[0.0,-0.50776,-1.4611]},"T4s":{"weight":0.0,"played":[0.9997,3.0E-4,0.0],"evs":[0.0,-0.63793,-1.68377]},"T5s":{"weight":0.0,"played":[0.9997,1.0E-4,2.0E-4],"evs":[0.0,-0.3172,-1.12755]},"T6s":{"weight":0.9393,"played":[0.9999,1.0E-4,0.0],"evs":[0.0,-0.28422,-0.92872]},"T7s":{"weight":1.0,"played":[0.793,0.207,0.0],"evs":[0.0,-0.13973,-0.9221]},"T8s":{"weight":1.0,"played":[0.0012,0.9987,0.0],"evs":[0.0,0.24594,-0.39947]},"T9s":{"weight":1.0,"played":[0.0027,0.9973,0.0],"evs":[0.0,0.26313,-0.31018]},"TT":{"weight":1.0,"played":[0.0,1.0E-4,0.9999],"evs":[0.0,1.80679,2.38241]},"JTo":{"weight":1.0,"played":[0.0066,0.9714,0.022],"evs":[0.0,0.17366,-0.14711]},"QTo":{"weight":1.0,"played":[0.0,0.9516,0.0484],"evs":[0.0,0.22486,0.04207]},"KTo":{"weight":1.0,"played":[0.0016,0.9961,0.0022],"evs":[0.0,0.06956,-0.30502]},"ATo":{"weight":0.9999,"played":[0.0,0.9004,0.0996],"evs":[0.0,0.48416,0.43653]},"J2s":{"weight":0.0,"played":[0.9841,0.0159,0.0],"evs":[0.0,-0.53945,-1.07038]},"J3s":{"weight":0.0,"played":[0.9406,0.0475,0.0119],"evs":[0.0,-0.29134,-1.09819]},"J4s":{"weight":0.0,"played":[0.9986,0.0014,0.0],"evs":[0.0,-0.58107,-1.22328]},"J5s":{"weight":0.0,"played":[0.9582,0.0418,0.0],"evs":[0.0,-0.28359,-0.80722]},"J6s":{"weight":0.2493,"played":[0.6386,0.3135,0.0479],"evs":[0.0,-0.20002,-0.71221]},"J7s":{"weight":1.0,"played":[0.5068,0.4932,0.0],"evs":[0.0,0.05967,-0.42982]},"J8s":{"weight":1.0,"played":[7.0E-4,0.9992,1.0E-4],"evs":[0.0,0.12072,-0.26696]},"J9s":{"weight":1.0,"played":[0.0015,0.9942,0.0043],"evs":[0.0,0.43795,-0.10116]},"JTs":{"weight":1.0,"played":[3.0E-4,0.9872,0.0126],"evs":[0.0,0.80821,0.74448]},"JJ":{"weight":1.0,"played":[0.0,0.0,1.0],"evs":[0.0,3.2958,4.08386]},"QJo":{"weight":1.0,"played":[9.0E-4,0.8868,0.1123],"evs":[0.0,0.48176,0.27638]},"KJo":{"weight":1.0,"played":[1.0E-4,0.9999,0.0],"evs":[0.0,0.41455,0.25324]},"AJo":{"weight":0.9997,"played":[0.0,0.6363,0.3637],"evs":[0.0,0.77507,0.76956]},"Q2s":{"weight":0.0,"played":[0.787,0.2129,1.0E-4],"evs":[0.0,-0.13714,-0.58383]},"Q3s":{"weight":0.0,"played":[0.9919,0.0051,0.003],"evs":[0.0,-0.3391,-0.73277]},"Q4s":{"weight":0.9798,"played":[0.7724,0.2261,0.0015],"evs":[0.0,-0.03535,-0.43946]},"Q5s":{"weight":0.9996,"played":[0.0562,0.9434,4.0E-4],"evs":[0.0,0.2598,0.01395]},"Q6s":{"weight":0.9999,"played":[0.0132,0.9057,0.081],"evs":[0.0,0.03603,-0.16646]},"Q7s":{"weight":0.9995,"played":[0.6652,0.3348,0.0],"evs":[0.0,0.04678,-0.34692]},"Q8s":{"weight":1.0,"played":[0.0028,0.9971,0.0],"evs":[0.0,0.30412,-0.09157]},"Q9s":{"weight":1.0,"played":[0.007,0.9929,1.0E-4],"evs":[0.0,0.36865,-0.17735]},"QTs":{"weight":1.0,"played":[4.0E-4,0.8872,0.1124],"evs":[0.0,1.06946,0.81498]},"QJs":{"weight":1.0,"played":[6.0E-4,0.8211,0.1783],"evs":[0.0,1.22013,0.94647]},"QQ":{"weight":1.0,"played":[0.0,0.0,1.0],"evs":[0.0,5.57137,6.33171]},"KQo":{"weight":1.0,"played":[0.0,0.7148,0.2852],"evs":[0.0,0.9045,0.89045]},"AQo":{"weight":0.9977,"played":[0.0,0.5208,0.4792],"evs":[0.0,1.34462,1.33748]},"K2s":{"weight":0.9958,"played":[0.6547,0.3452,1.0E-4],"evs":[0.0,0.02481,-0.29887]},"K3s":{"weight":1.0,"played":[0.8027,0.1973,0.0],"evs":[0.0,-0.20702,-0.6699]},"K4s":{"weight":0.9997,"played":[0.3537,0.644,0.0023],"evs":[0.0,3.0E-5,-0.45074]},"K5s":{"weight":0.9999,"played":[0.0533,0.9462,5.0E-4],"evs":[0.0,0.18728,-0.19721]},"K6s":{"weight":1.0,"played":[0.061,0.9373,0.0016],"evs":[0.0,0.34586,-0.04095]},"K7s":{"weight":1.0,"played":[9.0E-4,0.9982,9.0E-4],"evs":[0.0,0.09411,-0.25969]},"K8s":{"weight":1.0,"played":[0.0093,0.9902,5.0E-4],"evs":[0.0,0.23467,-0.09499]},"K9s":{"weight":1.0,"played":[3.0E-4,0.9996,1.0E-4],"evs":[0.0,0.22063,-0.36435]},"KTs":{"weight":0.9999,"played":[0.0,0.9496,0.0504],"evs":[0.0,0.7353,0.75339]},"KJs":{"weight":0.9999,"played":[0.0,0.9578,0.0422],"evs":[0.0,0.84652,0.67552]},"KQs":{"weight":1.0,"played":[0.0,0.2419,0.758],"evs":[0.0,1.45805,1.53785]},"KK":{"weight":1.0,"played":[0.0,3.0E-4,0.9997],"evs":[0.0,7.86881,8.33165]},"AKo":{"weight":1.0,"played":[0.0,0.0,1.0],"evs":[0.0,2.89372,3.86827]},"A2s":{"weight":0.999,"played":[0.0158,0.7279,0.2563],"evs":[0.0,0.26522,0.36159]},"A3s":{"weight":0.9992,"played":[0.0294,0.9628,0.0078],"evs":[0.0,0.54881,0.42266]},"A4s":{"weight":1.0,"played":[0.0035,0.9956,9.0E-4],"evs":[0.0,0.63889,0.50551]},"A5s":{"weight":1.0,"played":[0.0,0.7129,0.2871],"evs":[0.0,0.7754,0.69645]},"A6s":{"weight":1.0,"played":[0.0025,0.9839,0.0136],"evs":[0.0,0.68167,0.4317]},"A7s":{"weight":0.9999,"played":[2.0E-4,0.8693,0.1306],"evs":[0.0,1.02181,0.79659]},"A8s":{"weight":1.0,"played":[1.0E-4,0.5856,0.4143],"evs":[0.0,0.64177,0.72673]},"A9s":{"weight":1.0,"played":[0.0051,0.9881,0.0068],"evs":[0.0,1.01557,0.74816]},"ATs":{"weight":1.0,"played":[0.0,0.9923,0.0077],"evs":[0.0,1.4017,0.94353]},"AJs":{"weight":1.0,"played":[0.0,0.9757,0.0243],"evs":[0.0,2.02414,1.61773]},"AQs":{"weight":1.0,"played":[0.0,0.2941,0.7059],"evs":[0.0,2.11667,1.97299]},"AKs":{"weight":1.0,"played":[0.0,9.0E-4,0.9991],"evs":[0.0,3.44995,4.09311]},"AA":{"weight":1.0,"played":[0.0,0.994,0.006],"evs":[0.0,11.78459,11.38923]}}}