{"player":3,"street":0,"children":2,"sequence":[{"player":0,"type":"F","amount":0,"street":0},{"player":1,"type":"F","amount":0,"street":0},{"player":2,"type":"R","amount":200000,"street":0},{"player":3,"type":"R","amount":500000,"street":0},{"player":4,"type":"F","amount":0,"street":0},{"player":5,"type":"R","amount":995000,"street":0},{"player":2,"type":"R","amount":2885000,"street":0}],"actions":[{"type":"F","amount":0},{"type":"C","amount":2385000}],"hands":{"22":{"weight":0.0,"played":[0.0,1.0],"evs":[0.0,1.05765]},"32o":{"weight":0.0,"played":[1.0,0.0],"evs":[0.0,-4.97127]},"42o":{"weight":0.0,"played":[1.0,0.0],"evs":[0.0,-4.61767]},"52o":{"weight":0.0,"played":[1.0,0.0],"evs":[0.0,-4.38674]},"62o":{"weight":0.0,"played":[1.0,0.0],"evs":[0.0,-4.6369]},"72o":{"weight":0.0,"played":[1.0,0.0],"evs":[0.0,-5.07492]},"82o":{"weight":0.0,"played":[1.0,0.0],"evs":[0.0,-4.89444]},"92o":{"weight":0.0,"played":[1.0,0.0],"evs":[0.0,-4.6295]},"T2o":{"weight":0.0,"played":[1.0,0.0],"evs":[0.0,-4.68584]},"J2o":{"weight":0.0,"played":[1.0,0.0],"evs":[0.0,-4.71187]},"Q2o":{"weight":0.0,"played":[1.0,0.0],"evs":[0.0,-3.97243]},"K2o":{"weight":0.0,"played":[1.0,0.0],"evs":[0.0,-3.08096]},"A2o":{"weight":6.0E-4,"played":[0.9999,1.0E-4],"evs":[0.0,-1.21324]},"32s":{"weight":0.0,"played":[1.0,0.0],"evs":[0.0,-2.74215]},"33":{"weight":0.0,"played":[0.0,1.0],"evs":[0.0,1.6817]},"43o":{"weight":0.0,"played":[1.0,0.0],"evs":[0.0,-3.79882]},"53o":{"weight":0.0,"played":[1.0,0.0],"evs":[0.0,-3.37195]},"63o":{"weight":0.0,"played":[1.0,0.0],"evs":[0.0,-3.74321]},"73o":{"weight":0.0,"played":[1.0,0.0],"evs":[0.0,-3.97788]},"83o":{"weight":0.0,"played":[1.0,0.0],"evs":[0.0,-4.30604]},"93o":{"weight":0.0,"played":[1.0,0.0],"evs":[0.0,-4.19746]},"T3o":{"weight":0.0,"played":[1.0,0.0],"evs":[0.0,-4.33207]},"J3o":{"weight":0.0,"played":[1.0,0.0],"evs":[0.0,-4.34332]},"Q3o":{"weight":0.0,"played":[1.0,0.0],"evs":[0.0,-3.95496]},"K3o":{"weight":0.0,"played":[1.0,0.0],"evs":[0.0,-2.59071]},"A3o":{"weight":0.0707,"played":[0.9997,3.0E-4],"evs":[0.0,-1.01829]},"42s":{"weight":0.0,"played":[0.9999,1.0E-4],"evs":[0.0,-2.38755]},"43s":{"weight":0.0,"played":[1.0,0.0],"evs":[0.0,-1.32783]},"44":{"weight":0.0348,"played":[0.0,1.0],"evs":[0.0,2.89629]},"54o":{"weight":0.0,"played":[1.0,0.0],"evs":[0.0,-2.50416]},"64o":{"weight":0.0,"played":[1.0,0.0],"evs":[0.0,-2.67574]},"74o":{"weight":0.0,"played":[1.0,0.0],"evs":[0.0,-3.11795]},"84o":{"weight":0.0,"played":[1.0,0.0],"evs":[0.0,-3.52197]},"94o":{"weight":0.0,"played":[1.0,0.0],"evs":[0.0,-4.05595]},"T4o":{"weight":0.0,"played":[1.0,0.0],"evs":[0.0,-4.02387]},"J4o":{"weight":0.0,"played":[1.0,0.0],"evs":[0.0,-3.76281]},"Q4o":{"weight":0.0,"played":[1.0,0.0],"evs":[0.0,-3.30942]},"K4o":{"weight":0.0,"played":[1.0,0.0],"evs":[0.0,-2.47871]},"A4o":{"weight":0.0922,"played":[0.9967,0.0033],"evs":[0.0,-0.58833]},"52s":{"weight":0.0,"played":[1.0,0.0],"evs":[0.0,-1.93231]},"53s":{"weight":0.0,"played":[0.9998,2.0E-4],"evs":[0.0,-1.52285]},"54s":{"weight":0.0,"played":[0.9752,0.0248],"evs":[0.0,-0.28793]},"55":{"weight":0.0,"played":[0.0,1.0],"evs":[0.0,3.80605]},"65o":{"weight":0.0,"played":[1.0,0.0],"evs":[0.0,-1.99422]},"75o":{"weight":0.0,"played":[1.0,0.0],"evs":[0.0,-2.29664]},"85o":{"weight":0.0,"played":[1.0,0.0],"evs":[0.0,-2.59165]},"95o":{"weight":0.0,"played":[1.0,0.0],"evs":[0.0,-3.215]},"T5o":{"weight":0.0,"played":[1.0,0.0],"evs":[0.0,-3.9713]},"J5o":{"weight":0.0,"played":[1.0,0.0],"evs":[0.0,-3.74258]},"Q5o":{"weight":0.0,"played":[1.0,0.0],"evs":[0.0,-3.17885]},"K5o":{"weight":0.0,"played":[1.0,0.0],"evs":[0.0,-2.08302]},"A5o":{"weight":0.0,"played":[0.9388,0.0612],"evs":[0.0,-0.05842]},"62s":{"weight":0.0,"played":[0.9999,1.0E-4],"evs":[0.0,-2.56766]},"63s":{"weight":0.0,"played":[1.0,0.0],"evs":[0.0,-1.68156]},"64s":{"weight":0.0,"played":[0.9971,0.0029],"evs":[0.0,-0.65622]},"65s":{"weight":0.0,"played":[0.007,0.993],"evs":[0.0,0.18352]},"66":{"weight":1.0E-4,"played":[0.0,1.0],"evs":[0.0,5.22968]},"76o":{"weight":0.0,"played":[1.0,0.0],"evs":[0.0,-1.36417]},"86o":{"weight":0.0,"played":[1.0,0.0],"evs":[0.0,-1.52526]},"96o":{"weight":0.0,"played":[1.0,0.0],"evs":[0.0,-1.96081]},"T6o":{"weight":0.0,"played":[1.0,0.0],"evs":[0.0,-2.69199]},"J6o":{"weight":0.0,"played":[1.0,0.0],"evs":[0.0,-3.43434]},"Q6o":{"weight":0.0,"played":[1.0,0.0],"evs":[0.0,-2.66521]},"K6o":{"weight":0.0,"played":[0.9999,1.0E-4],"evs":[0.0,-1.58951]},"A6o":{"weight":0.1149,"played":[0.9844,0.0156],"evs":[0.0,-0.30874]},"72s":{"weight":0.0,"played":[1.0,0.0],"evs":[0.0,-2.96364]},"73s":{"weight":0.0,"played":[1.0,0.0],"evs":[0.0,-1.92334]},"74s":{"weight":0.0,"played":[0.9965,0.0035],"evs":[0.0,-1.20388]},"75s":{"weight":0.0,"played":[0.0854,0.9146],"evs":[0.0,0.11175]},"76s":{"weight":0.0,"played":[4.0E-4,0.9996],"evs":[0.0,0.54601]},"77":{"weight":1.0E-4,"played":[0.0,1.0],"evs":[0.0,6.52897]},"87o":{"weight":0.0,"played":[0.9982,0.0018],"evs":[0.0,-0.73139]},"97o":{"weight":0.0,"played":[1.0,0.0],"evs":[0.0,-1.25647]},"T7o":{"weight":0.0,"played":[1.0,0.0],"evs":[0.0,-1.88211]},"J7o":{"weight":0.0,"played":[0.9999,1.0E-4],"evs":[0.0,-2.54667]},"Q7o":{"weight":0.0,"played":[1.0,0.0],"evs":[0.0,-2.52522]},"K7o":{"weight":0.0,"played":[1.0,0.0],"evs":[0.0,-1.61284]},"A7o":{"weight":0.0028,"played":[0.2194,0.7806],"evs":[0.0,0.23511]},"82s":{"weight":0.0,"played":[1.0,0.0],"evs":[0.0,-2.55793]},"83s":{"weight":0.0,"played":[1.0,0.0],"evs":[0.0,-2.30331]},"84s":{"weight":0.0,"played":[0.9999,1.0E-4],"evs":[0.0,-1.58218]},"85s":{"weight":0.0,"played":[0.9098,0.0902],"evs":[0.0,-0.64154]},"86s":{"weight":0.0015,"played":[0.0012,0.9988],"evs":[0.0,0.61938]},"87s":{"weight":0.042,"played":[4.0E-4,0.9996],"evs":[0.0,1.066]},"88":{"weight":0.0417,"played":[0.0,1.0],"evs":[0.0,7.85432]},"98o":{"weight":0.0,"played":[1.0,0.0],"evs":[0.0,-0.59901]},"T8o":{"weight":0.0,"played":[1.0,0.0],"evs":[0.0,-1.09177]},"J8o":{"weight":0.0,"played":[0.9999,1.0E-4],"evs":[0.0,-1.71288]},"Q8o":{"weight":0.0,"played":[1.0,0.0],"evs":[0.0,-1.82249]},"K8o":{"weight":0.0,"played":[1.0,0.0],"evs":[0.0,-1.18301]},"A8o":{"weight":0.0112,"played":[0.0,1.0],"evs":[0.0,0.88543]},"92s":{"weight":0.0,"played":[1.0,0.0],"evs":[0.0,-2.33242]},"93s":{"weight":0.0,"played":[1.0,0.0],"evs":[0.0,-2.18164]},"94s":{"weight":0.0,"played":[1.0,0.0],"evs":[0.0,-1.84561]},"95s":{"weight":0.0,"played":[0.9938,0.0062],"evs":[0.0,-0.86762]},"96s":{"weight":0.0081,"played":[0.1697,0.8303],"evs":[0.0,0.14707]},"97s":{"weight":0.163,"played":[0.001,0.999],"evs":[0.0,1.05942]},"98s":{"weight":0.0824,"played":[0.0,1.0],"evs":[0.0,1.45057]},"99":{"weight":2.0E-4,"played":[0.0,1.0],"evs":[0.0,9.3264]},"T9o":{"weight":0.012,"played":[0.5812,0.4188],"evs":[0.0,-0.23273]},"J9o":{"weight":0.0715,"played":[0.9989,0.0011],"evs":[0.0,-0.87155]},"Q9o":{"weight":0.03,"played":[0.9996,4.0E-4],"evs":[0.0,-0.77069]},"K9o":{"weight":0.0114,"played":[0.997,0.003],"evs":[0.0,-0.53106]},"A9o":{"weight":0.0,"played":[0.0,1.0],"evs":[0.0,1.67363]},"T2s":{"weight":0.0,"played":[0.9992,8.0E-4],"evs":[0.0,-2.56507]},"T3s":{"weight":0.0,"played":[0.9996,4.0E-4],"evs":[0.0,-2.20602]},"T4s":{"weight":0.0,"played":[1.0,0.0],"evs":[0.0,-1.7548]},"T5s":{"weight":0.0,"played":[0.9992,8.0E-4],"evs":[0.0,-1.88608]},"T6s":{"weight":0.0,"played":[0.9966,0.0034],"evs":[0.0,-0.3798]},"T7s":{"weight":7.0E-4,"played":[0.0423,0.9577],"evs":[0.0,0.19625]},"T8s":{"weight":0.043,"played":[1.0E-4,0.9999],"evs":[0.0,1.02077]},"T9s":{"weight":0.0385,"played":[1.0E-4,0.9999],"evs":[0.0,2.24811]},"TT":{"weight":0.1858,"played":[0.0,1.0],"evs":[0.0,11.58439]},"JTo":{"weight":0.0,"played":[0.696,0.304],"evs":[0.0,-0.16296]},"QTo":{"weight":0.0643,"played":[0.2836,0.7164],"evs":[0.0,-0.09238]},"KTo":{"weight":0.0343,"played":[0.0064,0.9936],"evs":[0.0,0.6539]},"ATo":{"weight":0.0,"played":[0.0,1.0],"evs":[0.0,3.54655]},"J2s":{"weight":0.0,"played":[0.9998,2.0E-4],"evs":[0.0,-2.4266]},"J3s":{"weight":0.0,"played":[0.9998,2.0E-4],"evs":[0.0,-1.99455]},"J4s":{"weight":0.0,"played":[1.0,0.0],"evs":[0.0,-2.13766]},"J5s":{"weight":0.0,"played":[0.9995,5.0E-4],"evs":[0.0,-1.26911]},"J6s":{"weight":0.0,"played":[0.9998,2.0E-4],"evs":[0.0,-1.06797]},"J7s":{"weight":0.0035,"played":[0.5543,0.4457],"evs":[0.0,-0.51011]},"J8s":{"weight":0.025,"played":[1.0E-4,0.9999],"evs":[0.0,0.60189]},"J9s":{"weight":0.0,"played":[0.0,1.0],"evs":[0.0,1.35611]},"JTs":{"weight":0.0,"played":[0.0,1.0],"evs":[0.0,2.01079]},"JJ":{"weight":0.179,"played":[0.0,1.0],"evs":[0.0,14.30158]},"QJo":{"weight":0.0469,"played":[1.0E-4,0.9999],"evs":[0.0,0.34186]},"KJo":{"weight":0.0387,"played":[0.0,1.0],"evs":[0.0,1.74319]},"AJo":{"weight":1.0E-4,"played":[0.0,1.0],"evs":[0.0,5.7975]},"Q2s":{"weight":0.0,"played":[0.9999,1.0E-4],"evs":[0.0,-1.70392]},"Q3s":{"weight":0.0,"played":[0.9972,0.0028],"evs":[0.0,-1.38373]},"Q4s":{"weight":0.0576,"played":[1.0,0.0],"evs":[0.0,-1.45644]},"Q5s":{"weight":1.0E-4,"played":[0.9963,0.0037],"evs":[0.0,-0.81748]},"Q6s":{"weight":0.0143,"played":[0.9259,0.0741],"evs":[0.0,-0.52325]},"Q7s":{"weight":0.0,"played":[0.9512,0.0488],"evs":[0.0,-0.45491]},"Q8s":{"weight":0.076,"played":[0.0025,0.9975],"evs":[0.0,0.44155]},"Q9s":{"weight":2.0E-4,"played":[1.0E-4,0.9999],"evs":[0.0,1.25225]},"QTs":{"weight":0.0,"played":[0.0,1.0],"evs":[0.0,1.8153]},"QJs":{"weight":0.0,"played":[0.0,1.0],"evs":[0.0,2.29998]},"QQ":{"weight":0.2281,"played":[0.0,1.0],"evs":[0.0,18.16693]},"KQo":{"weight":0.0026,"played":[0.0,1.0],"evs":[0.0,3.50703]},"AQo":{"weight":0.006,"played":[0.0,1.0],"evs":[0.0,8.6001]},"K2s":{"weight":5.0E-4,"played":[0.9965,0.0035],"evs":[0.0,-1.12155]},"K3s":{"weight":0.0764,"played":[0.9924,0.0076],"evs":[0.0,-0.38057]},"K4s":{"weight":0.2247,"played":[0.9974,0.0026],"evs":[0.0,-0.38128]},"K5s":{"weight":0.0028,"played":[0.4095,0.5905],"evs":[0.0,-0.11994]},"K6s":{"weight":0.0049,"played":[0.0931,0.9069],"evs":[0.0,0.36141]},"K7s":{"weight":0.0,"played":[0.0526,0.9474],"evs":[0.0,0.68763]},"K8s":{"weight":1.0E-4,"played":[0.0157,0.9843],"evs":[0.0,0.77968]},"K9s":{"weight":0.0,"played":[0.0,1.0],"evs":[0.0,1.83979]},"KTs":{"weight":0.0,"played":[0.0,1.0],"evs":[0.0,2.64624]},"KJs":{"weight":0.0043,"played":[0.0,1.0],"evs":[0.0,3.63892]},"KQs":{"weight":0.0,"played":[0.0,1.0],"evs":[0.0,5.05021]},"KK":{"weight":0.0017,"played":[0.0,1.0],"evs":[0.0,21.87002]},"AKo":{"weight":0.0038,"played":[0.0,1.0],"evs":[0.0,11.22497]},"A2s":{"weight":0.0312,"played":[0.001,0.999],"evs":[0.0,0.97247]},"A3s":{"weight":0.0,"played":[0.0,1.0],"evs":[0.0,1.2599]},"A4s":{"weight":4.0E-4,"played":[0.0,1.0],"evs":[0.0,1.5888]},"A5s":{"weight":0.0018,"played":[0.0,1.0],"evs":[0.0,1.73146]},"A6s":{"weight":0.0059,"played":[0.0,1.0],"evs":[0.0,1.99923]},"A7s":{"weight":8.0E-4,"played":[0.0,1.0],"evs":[0.0,2.25666]},"A8s":{"weight":0.0,"played":[0.0,1.0],"evs":[0.0,2.99561]},"A9s":{"weight":2.0E-4,"played":[0.0,1.0],"evs":[0.0,3.5922]},"ATs":{"weight":0.0,"played":[0.0,1.0],"evs":[0.0,5.46289]},"AJs":{"weight":0.0,"played":[0.0,1.0],"evs":[0.0,7.57572]},"AQs":{"weight":0.0033,"played":[0.0,1.0],"evs":[0.0,9.91866]},"AKs":{"weight":0.9061,"played":[0.0,1.0],"evs":[0.0,12.37745]},"AA":{"weight":0.1825,"played":[0.0,1.0],"evs":[0.0,28.21106]}}}