{"player":5,"street":0,"children":2,"sequence":[{"player":0,"type":"F","amount":0,"street":0},{"player":1,"type":"F","amount":0,"street":0},{"player":2,"type":"R","amount":200000,"street":0},{"player":3,"type":"R","amount":500000,"street":0},{"player":4,"type":"R","amount":1815000,"street":0}],"actions":[{"type":"F","amount":0,"node":78},{"type":"C","amount":895000,"node":83}],"hands":{"22":{"weight":1.0,"played":[0.9994,6.0E-4],"evs":[0.0,-0.94496]},"32o":{"weight":1.0,"played":[1.0,0.0],"evs":[0.0,-2.53663]},"42o":{"weight":1.0,"played":[1.0,0.0],"evs":[0.0,-2.66711]},"52o":{"weight":1.0,"played":[0.9996,4.0E-4],"evs":[0.0,-2.6741]},"62o":{"weight":1.0,"played":[1.0,0.0],"evs":[0.0,-2.87065]},"72o":{"weight":1.0,"played":[1.0,0.0],"evs":[0.0,-3.32566]},"82o":{"weight":1.0,"played":[1.0,0.0],"evs":[0.0,-3.0161]},"92o":{"weight":1.0,"played":[1.0,0.0],"evs":[0.0,-3.16354]},"T2o":{"weight":1.0,"played":[1.0,0.0],"evs":[0.0,-3.28922]},"J2o":{"weight":1.0,"played":[1.0,0.0],"evs":[0.0,-2.44938]},"Q2o":{"weight":1.0,"played":[1.0,0.0],"evs":[0.0,-2.82965]},"K2o":{"weight":1.0,"played":[0.9999,1.0E-4],"evs":[0.0,-2.41545]},"A2o":{"weight":1.0,"played":[0.9999,1.0E-4],"evs":[0.0,-2.41819]},"32s":{"weight":1.0,"played":[0.9954,0.0046],"evs":[0.0,-2.05792]},"33":{"weight":1.0,"played":[0.9982,0.0018],"evs":[0.0,-0.68822]},"43o":{"weight":1.0,"played":[1.0,0.0],"evs":[0.0,-2.40593]},"53o":{"weight":1.0,"played":[0.9999,1.0E-4],"evs":[0.0,-1.95935]},"63o":{"weight":1.0,"played":[0.9987,0.0013],"evs":[0.0,-2.22871]},"73o":{"weight":1.0,"played":[0.9996,4.0E-4],"evs":[0.0,-2.84069]},"83o":{"weight":1.0,"played":[1.0,0.0],"evs":[0.0,-2.92311]},"93o":{"weight":1.0,"played":[0.9999,1.0E-4],"evs":[0.0,-2.7517]},"T3o":{"weight":1.0,"played":[0.9999,1.0E-4],"evs":[0.0,-2.62736]},"J3o":{"weight":1.0,"played":[1.0,0.0],"evs":[0.0,-2.75474]},"Q3o":{"weight":1.0,"played":[1.0,0.0],"evs":[0.0,-2.81389]},"K3o":{"weight":1.0,"played":[0.9991,9.0E-4],"evs":[0.0,-2.22933]},"A3o":{"weight":1.0,"played":[1.0,0.0],"evs":[0.0,-2.49859]},"42s":{"weight":1.0,"played":[0.9981,0.0019],"evs":[0.0,-1.93027]},"43s":{"weight":1.0,"played":[1.0,0.0],"evs":[0.0,-1.53239]},"44":{"weight":1.0,"played":[0.9714,0.0286],"evs":[0.0,-0.6742]},"54o":{"weight":1.0,"played":[1.0,0.0],"evs":[0.0,-1.70198]},"64o":{"weight":1.0,"played":[0.9999,1.0E-4],"evs":[0.0,-2.1559]},"74o":{"weight":1.0,"played":[1.0,0.0],"evs":[0.0,-2.46151]},"84o":{"weight":1.0,"played":[1.0,0.0],"evs":[0.0,-2.56161]},"94o":{"weight":1.0,"played":[1.0,0.0],"evs":[0.0,-3.07981]},"T4o":{"weight":1.0,"played":[1.0,0.0],"evs":[0.0,-2.85961]},"J4o":{"weight":1.0,"played":[1.0,0.0],"evs":[0.0,-2.7135]},"Q4o":{"weight":1.0,"played":[1.0,0.0],"evs":[0.0,-2.56849]},"K4o":{"weight":1.0,"played":[1.0,0.0],"evs":[0.0,-2.21159]},"A4o":{"weight":1.0,"played":[0.9997,3.0E-4],"evs":[0.0,-2.38743]},"52s":{"weight":1.0,"played":[0.994,0.006],"evs":[0.0,-1.44106]},"53s":{"weight":1.0,"played":[0.978,0.022],"evs":[0.0,-0.90786]},"54s":{"weight":1.0,"played":[0.9979,0.0021],"evs":[0.0,-1.51824]},"55":{"weight":1.0,"played":[0.3658,0.6342],"evs":[0.0,0.25773]},"65o":{"weight":1.0,"played":[0.9995,5.0E-4],"evs":[0.0,-1.56244]},"75o":{"weight":1.0,"played":[1.0,0.0],"evs":[0.0,-1.8388]},"85o":{"weight":1.0,"played":[0.9999,1.0E-4],"evs":[0.0,-1.9539]},"95o":{"weight":1.0,"played":[0.9999,1.0E-4],"evs":[0.0,-2.69947]},"T5o":{"weight":1.0,"played":[0.9999,1.0E-4],"evs":[0.0,-2.74148]},"J5o":{"weight":1.0,"played":[0.9998,2.0E-4],"evs":[0.0,-2.70129]},"Q5o":{"weight":1.0,"played":[1.0,0.0],"evs":[0.0,-2.21151]},"K5o":{"weight":1.0,"played":[0.9999,1.0E-4],"evs":[0.0,-1.92707]},"A5o":{"weight":1.0,"played":[0.9999,1.0E-4],"evs":[0.0,-1.80423]},"62s":{"weight":1.0,"played":[0.9914,0.0086],"evs":[0.0,-1.77021]},"63s":{"weight":1.0,"played":[0.9993,7.0E-4],"evs":[0.0,-1.4768]},"64s":{"weight":1.0,"played":[0.9988,0.0012],"evs":[0.0,-1.39717]},"65s":{"weight":1.0,"played":[0.9397,0.0603],"evs":[0.0,-0.40513]},"66":{"weight":1.0,"played":[0.2096,0.7904],"evs":[0.0,0.12178]},"76o":{"weight":1.0,"played":[0.9995,5.0E-4],"evs":[0.0,-1.67612]},"86o":{"weight":1.0,"played":[0.9992,8.0E-4],"evs":[0.0,-2.03176]},"96o":{"weight":1.0,"played":[0.9997,3.0E-4],"evs":[0.0,-2.31412]},"T6o":{"weight":1.0,"played":[1.0,0.0],"evs":[0.0,-2.35945]},"J6o":{"weight":1.0,"played":[1.0,0.0],"evs":[0.0,-2.83939]},"Q6o":{"weight":1.0,"played":[1.0,0.0],"evs":[0.0,-2.11909]},"K6o":{"weight":1.0,"played":[0.9996,4.0E-4],"evs":[0.0,-1.68355]},"A6o":{"weight":1.0,"played":[0.9999,1.0E-4],"evs":[0.0,-2.30559]},"72s":{"weight":1.0,"played":[0.9992,8.0E-4],"evs":[0.0,-1.81023]},"73s":{"weight":1.0,"played":[0.9944,0.0056],"evs":[0.0,-1.88405]},"74s":{"weight":1.0,"played":[0.9587,0.0413],"evs":[0.0,-1.84148]},"75s":{"weight":1.0,"played":[0.9954,0.0046],"evs":[0.0,-0.69321]},"76s":{"weight":1.0,"played":[0.6899,0.3101],"evs":[0.0,-0.43142]},"77":{"weight":1.0,"played":[0.4895,0.5105],"evs":[0.0,0.55546]},"87o":{"weight":1.0,"played":[0.9993,7.0E-4],"evs":[0.0,-1.54373]},"97o":{"weight":1.0,"played":[0.9999,1.0E-4],"evs":[0.0,-2.17244]},"T7o":{"weight":1.0,"played":[1.0,0.0],"evs":[0.0,-1.83477]},"J7o":{"weight":1.0,"played":[0.9997,3.0E-4],"evs":[0.0,-2.18936]},"Q7o":{"weight":1.0,"played":[0.9995,5.0E-4],"evs":[0.0,-2.04499]},"K7o":{"weight":1.0,"played":[0.9998,2.0E-4],"evs":[0.0,-2.13536]},"A7o":{"weight":1.0,"played":[0.9994,6.0E-4],"evs":[0.0,-2.22822]},"82s":{"weight":1.0,"played":[0.9999,1.0E-4],"evs":[0.0,-2.16458]},"83s":{"weight":1.0,"played":[0.9967,0.0033],"evs":[0.0,-1.82563]},"84s":{"weight":1.0,"played":[0.9835,0.0165],"evs":[0.0,-1.71818]},"85s":{"weight":1.0,"played":[0.9725,0.0275],"evs":[0.0,-1.65564]},"86s":{"weight":1.0,"played":[0.9658,0.0342],"evs":[0.0,-0.99548]},"87s":{"weight":1.0,"played":[0.9596,0.0404],"evs":[0.0,-1.10598]},"88":{"weight":1.0,"played":[0.0147,0.9853],"evs":[0.0,1.38146]},"98o":{"weight":1.0,"played":[1.0,0.0],"evs":[0.0,-1.79603]},"T8o":{"weight":1.0,"played":[0.9992,8.0E-4],"evs":[0.0,-1.42411]},"J8o":{"weight":1.0,"played":[0.9998,2.0E-4],"evs":[0.0,-1.91697]},"Q8o":{"weight":1.0,"played":[0.9999,1.0E-4],"evs":[0.0,-1.371]},"K8o":{"weight":1.0,"played":[0.9997,3.0E-4],"evs":[0.0,-1.98816]},"A8o":{"weight":1.0,"played":[0.9985,0.0015],"evs":[0.0,-2.06999]},"92s":{"weight":1.0,"played":[0.996,0.004],"evs":[0.0,-1.6191]},"93s":{"weight":1.0,"played":[0.9971,0.0029],"evs":[0.0,-1.50883]},"94s":{"weight":1.0,"played":[0.9996,4.0E-4],"evs":[0.0,-1.85735]},"95s":{"weight":1.0,"played":[0.9999,1.0E-4],"evs":[0.0,-0.33783]},"96s":{"weight":1.0,"played":[0.9975,0.0025],"evs":[0.0,-1.4226]},"97s":{"weight":1.0,"played":[0.9998,2.0E-4],"evs":[0.0,-1.86571]},"98s":{"weight":1.0,"played":[0.9996,4.0E-4],"evs":[0.0,-0.86648]},"99":{"weight":1.0,"played":[6.0E-4,0.9994],"evs":[0.0,1.11281]},"T9o":{"weight":1.0,"played":[0.9997,3.0E-4],"evs":[0.0,-1.66125]},"J9o":{"weight":1.0,"played":[0.9999,1.0E-4],"evs":[0.0,-2.0456]},"Q9o":{"weight":1.0,"played":[0.9994,6.0E-4],"evs":[0.0,-1.49145]},"K9o":{"weight":1.0,"played":[0.9998,2.0E-4],"evs":[0.0,-1.94782]},"A9o":{"weight":1.0,"played":[1.0,0.0],"evs":[0.0,-1.89403]},"T2s":{"weight":1.0,"played":[0.9985,0.0015],"evs":[0.0,-2.0376]},"T3s":{"weight":1.0,"played":[0.9959,0.0041],"evs":[0.0,-2.37306]},"T4s":{"weight":1.0,"played":[0.9991,9.0E-4],"evs":[0.0,-1.74162]},"T5s":{"weight":1.0,"played":[0.9967,0.0033],"evs":[0.0,-1.09146]},"T6s":{"weight":1.0,"played":[0.9985,0.0015],"evs":[0.0,-0.98338]},"T7s":{"weight":1.0,"played":[0.909,0.091],"evs":[0.0,-1.2148]},"T8s":{"weight":1.0,"played":[0.9557,0.0443],"evs":[0.0,-0.67185]},"T9s":{"weight":1.0,"played":[0.3275,0.6725],"evs":[0.0,-0.11394]},"TT":{"weight":1.0,"played":[0.0,1.0],"evs":[0.0,2.36117]},"JTo":{"weight":1.0,"played":[0.9945,0.0055],"evs":[0.0,-1.37438]},"QTo":{"weight":1.0,"played":[0.9834,0.0166],"evs":[0.0,-1.29042]},"KTo":{"weight":1.0,"played":[0.9992,8.0E-4],"evs":[0.0,-1.05239]},"ATo":{"weight":1.0,"played":[0.9732,0.0268],"evs":[0.0,-1.13361]},"J2s":{"weight":1.0,"played":[0.997,0.003],"evs":[0.0,-1.89769]},"J3s":{"weight":1.0,"played":[0.9997,3.0E-4],"evs":[0.0,-2.03723]},"J4s":{"weight":1.0,"played":[0.9999,1.0E-4],"evs":[0.0,-1.86998]},"J5s":{"weight":1.0,"played":[0.999,0.001],"evs":[0.0,-1.21616]},"J6s":{"weight":1.0,"played":[0.9987,0.0013],"evs":[0.0,-1.65601]},"J7s":{"weight":1.0,"played":[0.9971,0.0029],"evs":[0.0,-1.22565]},"J8s":{"weight":1.0,"played":[0.8267,0.1733],"evs":[0.0,-0.07832]},"J9s":{"weight":1.0,"played":[0.9682,0.0318],"evs":[0.0,-0.48432]},"JTs":{"weight":1.0,"played":[0.1807,0.8193],"evs":[0.0,0.37939]},"JJ":{"weight":1.0,"played":[4.0E-4,0.9996],"evs":[0.0,3.45811]},"QJo":{"weight":1.0,"played":[0.9999,1.0E-4],"evs":[0.0,-0.78597]},"KJo":{"weight":1.0,"played":[0.9751,0.0249],"evs":[0.0,-0.76441]},"AJo":{"weight":1.0,"played":[0.4354,0.5646],"evs":[0.0,0.06225]},"Q2s":{"weight":1.0,"played":[0.9931,0.0069],"evs":[0.0,-1.34161]},"Q3s":{"weight":1.0,"played":[0.975,0.025],"evs":[0.0,-1.69093]},"Q4s":{"weight":1.0,"played":[0.9778,0.0222],"evs":[0.0,-1.45628]},"Q5s":{"weight":1.0,"played":[0.9999,1.0E-4],"evs":[0.0,-1.63799]},"Q6s":{"weight":1.0,"played":[1.0,0.0],"evs":[0.0,-1.49077]},"Q7s":{"weight":1.0,"played":[0.9924,0.0076],"evs":[0.0,-1.2242]},"Q8s":{"weight":1.0,"played":[0.9752,0.0248],"evs":[0.0,-0.78149]},"Q9s":{"weight":1.0,"played":[0.3601,0.6399],"evs":[0.0,-0.133]},"QTs":{"weight":1.0,"played":[0.1315,0.8685],"evs":[0.0,0.21108]},"QJs":{"weight":1.0,"played":[0.0873,0.9127],"evs":[0.0,0.86336]},"QQ":{"weight":1.0,"played":[0.0,1.0],"evs":[0.0,6.0488]},"KQo":{"weight":1.0,"played":[0.8003,0.1997],"evs":[0.0,-0.15591]},"AQo":{"weight":1.0,"played":[0.0201,0.9799],"evs":[0.0,0.62633]},"K2s":{"weight":1.0,"played":[1.0,0.0],"evs":[0.0,-1.3631]},"K3s":{"weight":1.0,"played":[0.9979,0.0021],"evs":[0.0,-1.99233]},"K4s":{"weight":1.0,"played":[0.9998,2.0E-4],"evs":[0.0,-0.75799]},"K5s":{"weight":1.0,"played":[0.9009,0.0991],"evs":[0.0,-0.93422]},"K6s":{"weight":1.0,"played":[0.936,0.064],"evs":[0.0,-0.58394]},"K7s":{"weight":1.0,"played":[0.9989,0.0011],"evs":[0.0,-1.09911]},"K8s":{"weight":1.0,"played":[0.9533,0.0467],"evs":[0.0,-1.02547]},"K9s":{"weight":1.0,"played":[0.6994,0.3006],"evs":[0.0,-0.27931]},"KTs":{"weight":1.0,"played":[0.5435,0.4565],"evs":[0.0,0.55045]},"KJs":{"weight":1.0,"played":[0.6874,0.3126],"evs":[0.0,0.19414]},"KQs":{"weight":1.0,"played":[0.5309,0.4691],"evs":[0.0,0.26202]},"KK":{"weight":1.0,"played":[0.0,1.0],"evs":[0.0,7.83209]},"AKo":{"weight":1.0,"played":[0.0,1.0],"evs":[0.0,2.13408]},"A2s":{"weight":1.0,"played":[0.998,0.002],"evs":[0.0,-0.79514]},"A3s":{"weight":1.0,"played":[0.9984,0.0016],"evs":[0.0,-1.39671]},"A4s":{"weight":1.0,"played":[0.85,0.15],"evs":[0.0,-0.934]},"A5s":{"weight":1.0,"played":[0.8565,0.1435],"evs":[0.0,-0.59598]},"A6s":{"weight":1.0,"played":[0.9368,0.0632],"evs":[0.0,-1.23912]},"A7s":{"weight":1.0,"played":[0.989,0.011],"evs":[0.0,-1.62211]},"A8s":{"weight":1.0,"played":[0.9912,0.0088],"evs":[0.0,-0.36952]},"A9s":{"weight":1.0,"played":[0.9962,0.0038],"evs":[0.0,-0.79457]},"ATs":{"weight":1.0,"played":[0.7957,0.2043],"evs":[0.0,-0.31151]},"AJs":{"weight":1.0,"played":[0.292,0.708],"evs":[0.0,0.42289]},"AQs":{"weight":1.0,"played":[4.0E-4,0.9996],"evs":[0.0,1.51911]},"AKs":{"weight":1.0,"played":[0.0,1.0],"evs":[0.0,2.57521]},"AA":{"weight":1.0,"played":[0.0,1.0],"evs":[0.0,11.45443]}}}