{"player":3,"street":0,"children":3,"sequence":[{"player":0,"type":"F","amount":0,"street":0},{"player":1,"type":"F","amount":0,"street":0},{"player":2,"type":"R","amount":200000,"street":0},{"player":3,"type":"R","amount":500000,"street":0},{"player":4,"type":"R","amount":1815000,"street":0},{"player":5,"type":"F","amount":0,"street":0},{"player":2,"type":"C","amount":1615000,"street":0}],"actions":[{"type":"F","amount":0},{"type":"C","amount":1315000},{"type":"R","amount":2885000,"node":81}],"hands":{"22":{"weight":0.0,"played":[0.9903,0.0034,0.0063],"evs":[0.0,-1.68694,-1.45671]},"32o":{"weight":0.0,"played":[0.9989,8.0E-4,3.0E-4],"evs":[0.0,-4.15187,-6.36542]},"42o":{"weight":0.0,"played":[1.0,0.0,0.0],"evs":[0.0,-4.33414,-6.43802]},"52o":{"weight":0.0,"played":[1.0,0.0,0.0],"evs":[0.0,-3.71027,-5.60123]},"62o":{"weight":0.0,"played":[0.9999,1.0E-4,0.0],"evs":[0.0,-4.60217,-6.85303]},"72o":{"weight":0.0,"played":[1.0,0.0,0.0],"evs":[0.0,-4.79112,-7.28308]},"82o":{"weight":0.0,"played":[1.0,0.0,0.0],"evs":[0.0,-4.65521,-6.75262]},"92o":{"weight":0.0,"played":[0.9997,1.0E-4,1.0E-4],"evs":[0.0,-4.40408,-6.72561]},"T2o":{"weight":0.0,"played":[0.9999,0.0,1.0E-4],"evs":[0.0,-4.02181,-5.66458]},"J2o":{"weight":0.0,"played":[0.9999,1.0E-4,0.0],"evs":[0.0,-3.7891,-5.42595]},"Q2o":{"weight":0.0,"played":[0.9999,0.0,1.0E-4],"evs":[0.0,-3.66218,-5.23348]},"K2o":{"weight":0.0,"played":[0.9987,4.0E-4,9.0E-4],"evs":[0.0,-3.27943,-4.7877]},"A2o":{"weight":6.0E-4,"played":[1.0,0.0,0.0],"evs":[0.0,-3.49099,-4.77522]},"32s":{"weight":0.0,"played":[0.9877,0.012,3.0E-4],"evs":[0.0,-2.67188,-4.32948]},"33":{"weight":0.0,"played":[0.8809,0.0269,0.0922],"evs":[0.0,-0.9953,-0.9784]},"43o":{"weight":0.0,"played":[0.9999,1.0E-4,0.0],"evs":[0.0,-2.84645,-4.46161]},"53o":{"weight":0.0,"played":[0.9995,3.0E-4,2.0E-4],"evs":[0.0,-3.40558,-5.29896]},"63o":{"weight":0.0,"played":[1.0,0.0,0.0],"evs":[0.0,-3.88217,-5.87227]},"73o":{"weight":0.0,"played":[1.0,0.0,0.0],"evs":[0.0,-4.13875,-6.23325]},"83o":{"weight":0.0,"played":[1.0,0.0,0.0],"evs":[0.0,-4.66192,-6.79012]},"93o":{"weight":0.0,"played":[1.0,0.0,0.0],"evs":[0.0,-4.62679,-6.65264]},"T3o":{"weight":0.0,"played":[1.0,0.0,0.0],"evs":[0.0,-4.19338,-6.1127]},"J3o":{"weight":0.0,"played":[0.9999,0.0,0.0],"evs":[0.0,-3.95437,-5.42297]},"Q3o":{"weight":0.0,"played":[0.9999,1.0E-4,1.0E-4],"evs":[0.0,-3.88339,-5.44327]},"K3o":{"weight":0.0,"played":[0.9996,2.0E-4,2.0E-4],"evs":[0.0,-3.35541,-4.59032]},"A3o":{"weight":0.0707,"played":[1.0,0.0,0.0],"evs":[0.0,-3.41785,-4.51276]},"42s":{"weight":0.0,"played":[0.9953,0.0042,5.0E-4],"evs":[0.0,-2.14237,-3.71161]},"43s":{"weight":0.0,"played":[0.999,0.001,0.0],"evs":[0.0,-1.31913,-2.8091]},"44":{"weight":0.0348,"played":[0.8434,0.0106,0.1461],"evs":[0.0,-0.64422,-0.58417]},"54o":{"weight":0.0,"played":[0.9999,0.0,1.0E-4],"evs":[0.0,-2.42857,-4.13291]},"64o":{"weight":0.0,"played":[0.9977,0.0022,1.0E-4],"evs":[0.0,-2.96932,-4.76226]},"74o":{"weight":0.0,"played":[0.9999,0.0,1.0E-4],"evs":[0.0,-3.53513,-5.23356]},"84o":{"weight":0.0,"played":[0.9997,1.0E-4,2.0E-4],"evs":[0.0,-3.9668,-6.07141]},"94o":{"weight":0.0,"played":[1.0,0.0,0.0],"evs":[0.0,-3.894,-5.7346]},"T4o":{"weight":0.0,"played":[0.9999,0.0,1.0E-4],"evs":[0.0,-3.87398,-5.5858]},"J4o":{"weight":0.0,"played":[0.9992,0.0,8.0E-4],"evs":[0.0,-4.0524,-5.51058]},"Q4o":{"weight":0.0,"played":[0.9999,0.0,1.0E-4],"evs":[0.0,-2.96111,-4.38298]},"K4o":{"weight":0.0,"played":[0.9982,0.0011,6.0E-4],"evs":[0.0,-3.01676,-4.29659]},"A4o":{"weight":0.0922,"played":[0.9983,0.001,6.0E-4],"evs":[0.0,-2.62053,-3.86934]},"52s":{"weight":0.0,"played":[0.9983,0.0012,5.0E-4],"evs":[0.0,-2.61615,-4.05099]},"53s":{"weight":0.0,"played":[0.9987,2.0E-4,0.0011],"evs":[0.0,-0.18134,-1.47885]},"54s":{"weight":0.0,"played":[0.6227,0.3755,0.0018],"evs":[0.0,-0.09451,-1.15239]},"55":{"weight":0.0,"played":[0.441,0.5042,0.0548],"evs":[0.0,0.25009,0.17046]},"65o":{"weight":0.0,"played":[0.9907,0.009,3.0E-4],"evs":[0.0,-1.65835,-2.98249]},"75o":{"weight":0.0,"played":[0.9997,3.0E-4,0.0],"evs":[0.0,-2.69646,-4.55211]},"85o":{"weight":0.0,"played":[0.9997,3.0E-4,0.0],"evs":[0.0,-3.45932,-5.21645]},"95o":{"weight":0.0,"played":[0.9996,4.0E-4,0.0],"evs":[0.0,-3.10669,-4.88518]},"T5o":{"weight":0.0,"played":[0.9999,0.0,1.0E-4],"evs":[0.0,-3.667,-5.00336]},"J5o":{"weight":0.0,"played":[0.9998,0.0,2.0E-4],"evs":[0.0,-3.34009,-4.8136]},"Q5o":{"weight":0.0,"played":[0.9998,1.0E-4,1.0E-4],"evs":[0.0,-3.40971,-4.79758]},"K5o":{"weight":0.0,"played":[1.0,0.0,0.0],"evs":[0.0,-3.28363,-4.53855]},"A5o":{"weight":0.0,"played":[0.9997,0.0,2.0E-4],"evs":[0.0,-3.18756,-4.23911]},"62s":{"weight":0.0,"played":[0.9875,0.0118,7.0E-4],"evs":[0.0,-2.08191,-3.76059]},"63s":{"weight":0.0,"played":[0.944,0.0534,0.0026],"evs":[0.0,-1.39301,-2.84978]},"64s":{"weight":0.0,"played":[0.9128,0.086,0.0012],"evs":[0.0,-0.75935,-2.06922]},"65s":{"weight":0.0,"played":[0.9332,0.0652,0.0016],"evs":[0.0,-0.46071,-1.28341]},"66":{"weight":1.0E-4,"played":[0.6686,0.2386,0.0928],"evs":[0.0,-0.4805,-0.49998]},"76o":{"weight":0.0,"played":[1.0,0.0,0.0],"evs":[0.0,-2.33641,-4.06577]},"86o":{"weight":0.0,"played":[0.9942,0.0055,2.0E-4],"evs":[0.0,-2.49184,-4.12069]},"96o":{"weight":0.0,"played":[0.9995,3.0E-4,2.0E-4],"evs":[0.0,-3.13637,-4.50386]},"T6o":{"weight":0.0,"played":[0.9999,0.0,1.0E-4],"evs":[0.0,-3.45576,-5.10933]},"J6o":{"weight":0.0,"played":[0.9999,1.0E-4,0.0],"evs":[0.0,-3.34246,-4.96076]},"Q6o":{"weight":0.0,"played":[0.9995,0.0,5.0E-4],"evs":[0.0,-3.13744,-4.68521]},"K6o":{"weight":0.0,"played":[0.9998,1.0E-4,1.0E-4],"evs":[0.0,-3.08624,-4.30302]},"A6o":{"weight":0.1149,"played":[0.9996,4.0E-4,0.0],"evs":[0.0,-3.99023,-5.14759]},"72s":{"weight":0.0,"played":[1.0,0.0,0.0],"evs":[0.0,-2.77058,-4.67167]},"73s":{"weight":0.0,"played":[0.9622,0.0378,0.0],"evs":[0.0,-2.08849,-3.12669]},"74s":{"weight":0.0,"played":[0.9138,0.0858,4.0E-4],"evs":[0.0,-1.06663,-2.69128]},"75s":{"weight":0.0,"played":[0.9064,0.0916,0.002],"evs":[0.0,-1.1463,-2.57302]},"76s":{"weight":0.0,"played":[0.9674,0.0257,0.0068],"evs":[0.0,-1.04352,-2.37268]},"77":{"weight":1.0E-4,"played":[0.0,0.8295,0.1705],"evs":[0.0,0.67591,0.70028]},"87o":{"weight":0.0,"played":[0.9896,0.0091,0.0013],"evs":[0.0,-2.74155,-4.393]},"97o":{"weight":0.0,"played":[1.0,0.0,0.0],"evs":[0.0,-2.50628,-3.91606]},"T7o":{"weight":0.0,"played":[0.9947,0.0041,0.0012],"evs":[0.0,-2.97236,-4.24038]},"J7o":{"weight":0.0,"played":[0.9996,1.0E-4,3.0E-4],"evs":[0.0,-3.29526,-4.52579]},"Q7o":{"weight":0.0,"played":[1.0,0.0,0.0],"evs":[0.0,-3.14763,-4.58775]},"K7o":{"weight":0.0,"played":[0.9998,1.0E-4,2.0E-4],"evs":[0.0,-2.97853,-4.43791]},"A7o":{"weight":0.0028,"played":[0.9995,0.0,5.0E-4],"evs":[0.0,-4.26218,-5.31168]},"82s":{"weight":0.0,"played":[0.9954,0.0031,0.0015],"evs":[0.0,-4.03822,-5.73354]},"83s":{"weight":0.0,"played":[0.9941,0.0028,0.0031],"evs":[0.0,-4.1792,-5.30039]},"84s":{"weight":0.0,"played":[0.9633,0.0338,0.0029],"evs":[0.0,-2.36583,-3.60505]},"85s":{"weight":0.0,"played":[0.9547,0.0389,0.0064],"evs":[0.0,-1.38363,-2.42142]},"86s":{"weight":0.0015,"played":[0.4228,0.5757,0.0015],"evs":[0.0,-0.69977,-2.06499]},"87s":{"weight":0.042,"played":[0.909,0.0869,0.0041],"evs":[0.0,-0.73049,-1.87994]},"88":{"weight":0.0417,"played":[0.0,0.7046,0.2954],"evs":[0.0,1.93783,1.97686]},"98o":{"weight":0.0,"played":[0.9647,0.0348,5.0E-4],"evs":[0.0,-1.94126,-3.26088]},"T8o":{"weight":0.0,"played":[0.9688,0.0312,0.0],"evs":[0.0,-1.91007,-3.02782]},"J8o":{"weight":0.0,"played":[0.9995,2.0E-4,2.0E-4],"evs":[0.0,-2.11718,-3.50496]},"Q8o":{"weight":0.0,"played":[0.9963,0.0013,0.0024],"evs":[0.0,-2.68383,-3.88942]},"K8o":{"weight":0.0,"played":[0.9996,0.0,4.0E-4],"evs":[0.0,-2.39409,-3.66486]},"A8o":{"weight":0.0112,"played":[0.9994,1.0E-4,4.0E-4],"evs":[0.0,-3.48459,-4.48007]},"92s":{"weight":0.0,"played":[0.9999,0.0,0.0],"evs":[0.0,-3.07741,-4.97311]},"93s":{"weight":0.0,"played":[0.9905,0.0061,0.0034],"evs":[0.0,-2.816,-4.00982]},"94s":{"weight":0.0,"played":[0.9972,0.0028,0.0],"evs":[0.0,-1.70495,-3.11672]},"95s":{"weight":0.0,"played":[0.9809,0.0176,0.0015],"evs":[0.0,-1.4407,-2.73896]},"96s":{"weight":0.0081,"played":[0.9973,0.0015,0.0012],"evs":[0.0,-1.43632,-2.54886]},"97s":{"weight":0.163,"played":[0.7596,0.2196,0.0208],"evs":[0.0,-0.73464,-1.98723]},"98s":{"weight":0.0824,"played":[0.5193,0.4729,0.0078],"evs":[0.0,0.23066,-0.62204]},"99":{"weight":2.0E-4,"played":[0.0,0.3548,0.6452],"evs":[0.0,4.13923,4.16952]},"T9o":{"weight":0.012,"played":[0.8896,0.1056,0.0048],"evs":[0.0,-1.14235,-2.21868]},"J9o":{"weight":0.0715,"played":[0.9573,0.0348,0.0079],"evs":[0.0,-1.64607,-2.68857]},"Q9o":{"weight":0.03,"played":[0.9985,0.0,0.0015],"evs":[0.0,-2.45221,-3.50514]},"K9o":{"weight":0.0114,"played":[0.9753,0.0098,0.0148],"evs":[0.0,-1.97717,-2.85994]},"A9o":{"weight":0.0,"played":[0.9849,0.0088,0.0064],"evs":[0.0,-3.5117,-4.45141]},"T2s":{"weight":0.0,"played":[0.9969,0.0025,7.0E-4],"evs":[0.0,-2.00734,-3.45707]},"T3s":{"weight":0.0,"played":[0.9995,3.0E-4,2.0E-4],"evs":[0.0,-1.82487,-3.14916]},"T4s":{"weight":0.0,"played":[0.9514,0.0421,0.0065],"evs":[0.0,-1.88066,-3.16162]},"T5s":{"weight":0.0,"played":[0.9853,0.0095,0.0053],"evs":[0.0,-1.88459,-3.11865]},"T6s":{"weight":0.0,"played":[0.9548,0.0282,0.017],"evs":[0.0,-1.56604,-2.41275]},"T7s":{"weight":7.0E-4,"played":[0.8049,0.1946,4.0E-4],"evs":[0.0,-1.39998,-2.22803]},"T8s":{"weight":0.043,"played":[0.8997,0.0899,0.0104],"evs":[0.0,-0.09617,-0.97509]},"T9s":{"weight":0.0385,"played":[0.1054,0.8588,0.0358],"evs":[0.0,1.25518,0.72397]},"TT":{"weight":0.1858,"played":[0.0,0.0,1.0],"evs":[0.0,8.60127,8.82294]},"JTo":{"weight":0.0,"played":[0.9871,0.0094,0.0035],"evs":[0.0,-0.86307,-1.46768]},"QTo":{"weight":0.0643,"played":[0.9732,0.001,0.0258],"evs":[0.0,-0.37648,-0.68305]},"KTo":{"weight":0.0343,"played":[0.9926,0.005,0.0025],"evs":[0.0,-1.23087,-1.66017]},"ATo":{"weight":0.0,"played":[0.8948,0.0359,0.0694],"evs":[0.0,-1.74329,-1.63217]},"J2s":{"weight":0.0,"played":[0.9967,7.0E-4,0.0025],"evs":[0.0,-2.47814,-3.6218]},"J3s":{"weight":0.0,"played":[0.938,0.0584,0.0037],"evs":[0.0,-2.25021,-3.44097]},"J4s":{"weight":0.0,"played":[0.9966,5.0E-4,0.0029],"evs":[0.0,-2.00116,-2.98681]},"J5s":{"weight":0.0,"played":[0.997,7.0E-4,0.0023],"evs":[0.0,-2.05476,-3.52693]},"J6s":{"weight":0.0,"played":[0.9841,0.0134,0.0025],"evs":[0.0,-0.76378,-1.78991]},"J7s":{"weight":0.0035,"played":[0.8554,0.1097,0.0349],"evs":[0.0,-1.76951,-2.83033]},"J8s":{"weight":0.025,"played":[0.7271,0.2509,0.022],"evs":[0.0,-0.57712,-1.37616]},"J9s":{"weight":0.0,"played":[0.3944,0.4208,0.1847],"evs":[0.0,-5.9E-4,-0.18347]},"JTs":{"weight":0.0,"played":[0.0021,0.9658,0.0321],"evs":[0.0,0.56421,0.41856]},"JJ":{"weight":0.179,"played":[0.0,7.0E-4,0.9993],"evs":[0.0,11.02468,11.19038]},"QJo":{"weight":0.0469,"played":[0.9899,0.003,0.0071],"evs":[0.0,-0.76711,-1.21203]},"KJo":{"weight":0.0387,"played":[0.4418,0.5298,0.0284],"evs":[0.0,-0.45859,-0.93355]},"AJo":{"weight":1.0E-4,"played":[0.1195,0.8474,0.0331],"evs":[0.0,0.09827,-0.00269]},"Q2s":{"weight":0.0,"played":[0.9976,0.0022,2.0E-4],"evs":[0.0,-2.33942,-3.44471]},"Q3s":{"weight":0.0,"played":[0.9949,0.0032,0.0019],"evs":[0.0,-2.13154,-3.11712]},"Q4s":{"weight":0.0576,"played":[0.9778,0.019,0.0032],"evs":[0.0,-1.9989,-2.81057]},"Q5s":{"weight":1.0E-4,"played":[0.9536,0.0343,0.0121],"evs":[0.0,-1.21517,-2.44384]},"Q6s":{"weight":0.0143,"played":[0.9891,0.0018,0.0091],"evs":[0.0,-1.41943,-2.11586]},"Q7s":{"weight":0.0,"played":[0.9811,0.0156,0.0033],"evs":[0.0,-0.61008,-2.01611]},"Q8s":{"weight":0.076,"played":[0.9686,0.0226,0.0088],"evs":[0.0,-1.17474,-2.14239]},"Q9s":{"weight":2.0E-4,"played":[0.2496,0.748,0.0025],"evs":[0.0,0.33984,-0.71147]},"QTs":{"weight":0.0,"played":[0.3914,0.4815,0.1271],"evs":[0.0,0.36505,0.09204]},"QJs":{"weight":0.0,"played":[0.009,0.9503,0.0407],"evs":[0.0,1.89027,1.39273]},"QQ":{"weight":0.2281,"played":[0.0,0.0,1.0],"evs":[0.0,14.21711,14.46171]},"KQo":{"weight":0.0026,"played":[0.3554,0.4107,0.2339],"evs":[0.0,0.25463,0.03721]},"AQo":{"weight":0.006,"played":[0.0,0.6376,0.3624],"evs":[0.0,1.75118,1.83378]},"K2s":{"weight":5.0E-4,"played":[0.9804,0.0177,0.002],"evs":[0.0,-1.79174,-2.94617]},"K3s":{"weight":0.0764,"played":[0.9914,0.0035,0.0051],"evs":[0.0,-1.46581,-2.6242]},"K4s":{"weight":0.2247,"played":[0.872,0.1031,0.0249],"evs":[0.0,-1.50114,-2.21285]},"K5s":{"weight":0.0028,"played":[0.9917,0.0043,0.0041],"evs":[0.0,-1.14917,-2.10283]},"K6s":{"weight":0.0049,"played":[0.8588,0.1259,0.0154],"evs":[0.0,-1.19466,-2.06782]},"K7s":{"weight":0.0,"played":[0.7493,0.2164,0.0343],"evs":[0.0,-1.38985,-2.0874]},"K8s":{"weight":1.0E-4,"played":[0.7998,0.1871,0.0131],"evs":[0.0,-0.43439,-0.8459]},"K9s":{"weight":0.0,"played":[0.8056,0.0931,0.1013],"evs":[0.0,-1.5677,-2.15204]},"KTs":{"weight":0.0,"played":[0.0284,0.5869,0.3846],"evs":[0.0,0.64427,0.52166]},"KJs":{"weight":0.0043,"played":[0.0034,0.9871,0.0095],"evs":[0.0,1.36681,0.95754]},"KQs":{"weight":0.0,"played":[2.0E-4,0.3572,0.6425],"evs":[0.0,1.85125,1.84095]},"KK":{"weight":0.0017,"played":[0.0,0.0,1.0],"evs":[0.0,21.24534,21.50527]},"AKo":{"weight":0.0038,"played":[0.0,0.1814,0.8186],"evs":[0.0,6.53318,6.65949]},"A2s":{"weight":0.0312,"played":[0.9867,0.0123,0.001],"evs":[0.0,-1.04303,-1.86827]},"A3s":{"weight":0.0,"played":[0.9568,0.0399,0.0033],"evs":[0.0,-1.95511,-2.58129]},"A4s":{"weight":4.0E-4,"played":[0.8026,0.197,5.0E-4],"evs":[0.0,-0.42951,-1.48493]},"A5s":{"weight":0.0018,"played":[0.9626,0.0195,0.0179],"evs":[0.0,-1.04209,-1.90529]},"A6s":{"weight":0.0059,"played":[0.9586,0.0249,0.0165],"evs":[0.0,-1.68273,-2.15461]},"A7s":{"weight":8.0E-4,"played":[0.9129,0.0816,0.0055],"evs":[0.0,-1.40203,-2.12167]},"A8s":{"weight":0.0,"played":[0.9244,0.0368,0.0388],"evs":[0.0,-1.91765,-2.73965]},"A9s":{"weight":2.0E-4,"played":[0.6003,0.2192,0.1804],"evs":[0.0,-0.95291,-1.19537]},"ATs":{"weight":0.0,"played":[0.0,0.8093,0.1907],"evs":[0.0,0.71708,0.56834]},"AJs":{"weight":0.0,"played":[3.0E-4,0.2998,0.6999],"evs":[0.0,1.24484,1.22295]},"AQs":{"weight":0.0033,"played":[0.0,0.7701,0.2299],"evs":[0.0,4.64303,4.55282]},"AKs":{"weight":0.9061,"played":[0.0,0.1173,0.8827],"evs":[0.0,8.90269,8.99364]},"AA":{"weight":0.1825,"played":[0.0,0.0,1.0],"evs":[0.0,28.7236,29.09065]}}}