{"player":4,"street":0,"children":2,"sequence":[{"player":0,"type":"F","amount":0,"street":0},{"player":1,"type":"F","amount":0,"street":0},{"player":2,"type":"R","amount":200000,"street":0},{"player":3,"type":"R","amount":2885000,"street":0}],"actions":[{"type":"F","amount":0,"node":87},{"type":"C","amount":1765000,"node":90}],"hands":{"22":{"weight":1.0,"played":[1.0,0.0],"evs":[0.0,-0.93481]},"32o":{"weight":1.0,"played":[1.0,0.0],"evs":[0.0,-5.65029]},"42o":{"weight":1.0,"played":[1.0,0.0],"evs":[0.0,-5.36366]},"52o":{"weight":1.0,"played":[1.0,0.0],"evs":[0.0,-5.2358]},"62o":{"weight":1.0,"played":[1.0,0.0],"evs":[0.0,-5.47439]},"72o":{"weight":1.0,"played":[1.0,0.0],"evs":[0.0,-5.80957]},"82o":{"weight":1.0,"played":[1.0,0.0],"evs":[0.0,-5.74211]},"92o":{"weight":1.0,"played":[1.0,0.0],"evs":[0.0,-5.14517]},"T2o":{"weight":1.0,"played":[1.0,0.0],"evs":[0.0,-4.68912]},"J2o":{"weight":1.0,"played":[1.0,0.0],"evs":[0.0,-4.52927]},"Q2o":{"weight":1.0,"played":[1.0,0.0],"evs":[0.0,-4.9779]},"K2o":{"weight":1.0,"played":[1.0,0.0],"evs":[0.0,-4.48056]},"A2o":{"weight":1.0,"played":[1.0,0.0],"evs":[0.0,-2.75534]},"32s":{"weight":1.0,"played":[1.0,0.0],"evs":[0.0,-4.365]},"33":{"weight":1.0,"played":[0.9999,1.0E-4],"evs":[0.0,-0.32424]},"43o":{"weight":1.0,"played":[1.0,0.0],"evs":[0.0,-4.84491]},"53o":{"weight":1.0,"played":[1.0,0.0],"evs":[0.0,-4.66781]},"63o":{"weight":1.0,"played":[1.0,0.0],"evs":[0.0,-4.97673]},"73o":{"weight":1.0,"played":[1.0,0.0],"evs":[0.0,-5.2481]},"83o":{"weight":1.0,"played":[1.0,0.0],"evs":[0.0,-5.54059]},"93o":{"weight":1.0,"played":[1.0,0.0],"evs":[0.0,-5.01089]},"T3o":{"weight":1.0,"played":[1.0,0.0],"evs":[0.0,-4.55878]},"J3o":{"weight":1.0,"played":[1.0,0.0],"evs":[0.0,-4.33825]},"Q3o":{"weight":1.0,"played":[1.0,0.0],"evs":[0.0,-4.74942]},"K3o":{"weight":1.0,"played":[1.0,0.0],"evs":[0.0,-4.3131]},"A3o":{"weight":1.0,"played":[1.0,0.0],"evs":[0.0,-2.56229]},"42s":{"weight":1.0,"played":[1.0,0.0],"evs":[0.0,-4.05684]},"43s":{"weight":1.0,"played":[1.0,0.0],"evs":[0.0,-3.48099]},"44":{"weight":1.0,"played":[0.8365,0.1635],"evs":[0.0,-0.01266]},"54o":{"weight":1.0,"played":[1.0,0.0],"evs":[0.0,-4.10703]},"64o":{"weight":1.0,"played":[1.0,0.0],"evs":[0.0,-4.383]},"74o":{"weight":1.0,"played":[1.0,0.0],"evs":[0.0,-4.62243]},"84o":{"weight":1.0,"played":[1.0,0.0],"evs":[0.0,-5.06281]},"94o":{"weight":1.0,"played":[1.0,0.0],"evs":[0.0,-4.81981]},"T4o":{"weight":1.0,"played":[1.0,0.0],"evs":[0.0,-4.27448]},"J4o":{"weight":1.0,"played":[1.0,0.0],"evs":[0.0,-4.11184]},"Q4o":{"weight":1.0,"played":[1.0,0.0],"evs":[0.0,-4.60136]},"K4o":{"weight":1.0,"played":[1.0,0.0],"evs":[0.0,-4.17454]},"A4o":{"weight":1.0,"played":[1.0,0.0],"evs":[0.0,-2.42828]},"52s":{"weight":1.0,"played":[1.0,0.0],"evs":[0.0,-3.95288]},"53s":{"weight":1.0,"played":[1.0,0.0],"evs":[0.0,-3.39504]},"54s":{"weight":1.0,"played":[1.0,0.0],"evs":[0.0,-2.90558]},"55":{"weight":1.0,"played":[0.0769,0.9231],"evs":[0.0,0.51009]},"65o":{"weight":1.0,"played":[1.0,0.0],"evs":[0.0,-3.81847]},"75o":{"weight":1.0,"played":[1.0,0.0],"evs":[0.0,-4.11585]},"85o":{"weight":1.0,"played":[1.0,0.0],"evs":[0.0,-4.48782]},"95o":{"weight":1.0,"played":[1.0,0.0],"evs":[0.0,-4.40071]},"T5o":{"weight":1.0,"played":[1.0,0.0],"evs":[0.0,-4.16517]},"J5o":{"weight":1.0,"played":[1.0,0.0],"evs":[0.0,-3.96524]},"Q5o":{"weight":1.0,"played":[1.0,0.0],"evs":[0.0,-4.3649]},"K5o":{"weight":1.0,"played":[1.0,0.0],"evs":[0.0,-3.94492]},"A5o":{"weight":1.0,"played":[1.0,0.0],"evs":[0.0,-2.08409]},"62s":{"weight":1.0,"played":[1.0,0.0],"evs":[0.0,-4.23904]},"63s":{"weight":1.0,"played":[1.0,0.0],"evs":[0.0,-3.81785]},"64s":{"weight":1.0,"played":[1.0,0.0],"evs":[0.0,-3.00897]},"65s":{"weight":1.0,"played":[1.0,0.0],"evs":[0.0,-2.60427]},"66":{"weight":1.0,"played":[0.0,1.0],"evs":[0.0,1.00521]},"76o":{"weight":1.0,"played":[1.0,0.0],"evs":[0.0,-3.71816]},"86o":{"weight":1.0,"played":[1.0,0.0],"evs":[0.0,-3.96894]},"96o":{"weight":1.0,"played":[1.0,0.0],"evs":[0.0,-3.8459]},"T6o":{"weight":1.0,"played":[1.0,0.0],"evs":[0.0,-3.70235]},"J6o":{"weight":1.0,"played":[1.0,0.0],"evs":[0.0,-3.91741]},"Q6o":{"weight":1.0,"played":[1.0,0.0],"evs":[0.0,-4.31897]},"K6o":{"weight":1.0,"played":[1.0,0.0],"evs":[0.0,-3.56432]},"A6o":{"weight":1.0,"played":[1.0,0.0],"evs":[0.0,-2.00606]},"72s":{"weight":1.0,"played":[1.0,0.0],"evs":[0.0,-4.20856]},"73s":{"weight":1.0,"played":[1.0,0.0],"evs":[0.0,-3.89259]},"74s":{"weight":1.0,"played":[1.0,0.0],"evs":[0.0,-3.32385]},"75s":{"weight":1.0,"played":[1.0,0.0],"evs":[0.0,-2.96105]},"76s":{"weight":1.0,"played":[1.0,0.0],"evs":[0.0,-2.58523]},"77":{"weight":1.0,"played":[0.0,1.0],"evs":[0.0,1.74713]},"87o":{"weight":1.0,"played":[1.0,0.0],"evs":[0.0,-3.58943]},"97o":{"weight":1.0,"played":[1.0,0.0],"evs":[0.0,-3.33122]},"T7o":{"weight":1.0,"played":[1.0,0.0],"evs":[0.0,-3.17235]},"J7o":{"weight":1.0,"played":[1.0,0.0],"evs":[0.0,-3.42348]},"Q7o":{"weight":1.0,"played":[1.0,0.0],"evs":[0.0,-4.02024]},"K7o":{"weight":1.0,"played":[1.0,0.0],"evs":[0.0,-3.22806]},"A7o":{"weight":1.0,"played":[1.0,0.0],"evs":[0.0,-1.50366]},"82s":{"weight":1.0,"played":[1.0,0.0],"evs":[0.0,-4.34805]},"83s":{"weight":1.0,"played":[1.0,0.0],"evs":[0.0,-4.22798]},"84s":{"weight":1.0,"played":[1.0,0.0],"evs":[0.0,-3.67539]},"85s":{"weight":1.0,"played":[1.0,0.0],"evs":[0.0,-3.01024]},"86s":{"weight":1.0,"played":[0.9999,1.0E-4],"evs":[0.0,-2.63726]},"87s":{"weight":1.0,"played":[0.9997,3.0E-4],"evs":[0.0,-2.35702]},"88":{"weight":1.0,"played":[0.0,1.0],"evs":[0.0,2.63258]},"98o":{"weight":1.0,"played":[1.0,0.0],"evs":[0.0,-2.91397]},"T8o":{"weight":1.0,"played":[1.0,0.0],"evs":[0.0,-2.86025]},"J8o":{"weight":1.0,"played":[1.0,0.0],"evs":[0.0,-2.97937]},"Q8o":{"weight":1.0,"played":[1.0,0.0],"evs":[0.0,-3.46441]},"K8o":{"weight":1.0,"played":[1.0,0.0],"evs":[0.0,-2.4308]},"A8o":{"weight":1.0,"played":[1.0,0.0],"evs":[0.0,-1.23149]},"92s":{"weight":1.0,"played":[1.0,0.0],"evs":[0.0,-3.97851]},"93s":{"weight":1.0,"played":[1.0,0.0],"evs":[0.0,-3.66711]},"94s":{"weight":1.0,"played":[1.0,0.0],"evs":[0.0,-3.6208]},"95s":{"weight":1.0,"played":[1.0,0.0],"evs":[0.0,-3.14523]},"96s":{"weight":1.0,"played":[1.0,0.0],"evs":[0.0,-2.42627]},"97s":{"weight":1.0,"played":[0.9999,1.0E-4],"evs":[0.0,-2.20349]},"98s":{"weight":1.0,"played":[0.9997,3.0E-4],"evs":[0.0,-1.89237]},"99":{"weight":1.0,"played":[0.0,1.0],"evs":[0.0,4.56145]},"T9o":{"weight":1.0,"played":[1.0,0.0],"evs":[0.0,-1.71756]},"J9o":{"weight":1.0,"played":[1.0,0.0],"evs":[0.0,-1.98641]},"Q9o":{"weight":1.0,"played":[1.0,0.0],"evs":[0.0,-2.74217]},"K9o":{"weight":1.0,"played":[1.0,0.0],"evs":[0.0,-1.75294]},"A9o":{"weight":1.0,"played":[1.0,0.0],"evs":[0.0,-0.93049]},"T2s":{"weight":1.0,"played":[1.0,0.0],"evs":[0.0,-3.30044]},"T3s":{"weight":1.0,"played":[1.0,0.0],"evs":[0.0,-3.19755]},"T4s":{"weight":1.0,"played":[1.0,0.0],"evs":[0.0,-2.90245]},"T5s":{"weight":1.0,"played":[1.0,0.0],"evs":[0.0,-2.88524]},"T6s":{"weight":1.0,"played":[0.9999,1.0E-4],"evs":[0.0,-2.29108]},"T7s":{"weight":1.0,"played":[1.0,0.0],"evs":[0.0,-2.01081]},"T8s":{"weight":1.0,"played":[0.9993,7.0E-4],"evs":[0.0,-1.57766]},"T9s":{"weight":1.0,"played":[0.992,0.008],"evs":[0.0,-0.57655]},"TT":{"weight":1.0,"played":[0.0,1.0],"evs":[0.0,6.05103]},"JTo":{"weight":1.0,"played":[1.0,0.0],"evs":[0.0,-1.26277]},"QTo":{"weight":1.0,"played":[1.0,0.0],"evs":[0.0,-1.58999]},"KTo":{"weight":1.0,"played":[0.9999,1.0E-4],"evs":[0.0,-0.84827]},"ATo":{"weight":1.0,"played":[0.7699,0.2301],"evs":[0.0,-0.16784]},"J2s":{"weight":1.0,"played":[1.0,0.0],"evs":[0.0,-3.20867]},"J3s":{"weight":1.0,"played":[1.0,0.0],"evs":[0.0,-3.08496]},"J4s":{"weight":1.0,"played":[1.0,0.0],"evs":[0.0,-3.01008]},"J5s":{"weight":1.0,"played":[1.0,0.0],"evs":[0.0,-2.79906]},"J6s":{"weight":1.0,"played":[1.0,0.0],"evs":[0.0,-2.49869]},"J7s":{"weight":1.0,"played":[0.9999,1.0E-4],"evs":[0.0,-2.16002]},"J8s":{"weight":1.0,"played":[0.9999,1.0E-4],"evs":[0.0,-1.6961]},"J9s":{"weight":1.0,"played":[0.9994,6.0E-4],"evs":[0.0,-0.99852]},"JTs":{"weight":1.0,"played":[0.9451,0.0549],"evs":[0.0,-0.04426]},"JJ":{"weight":1.0,"played":[0.0,1.0],"evs":[0.0,6.50893]},"QJo":{"weight":1.0,"played":[0.9999,1.0E-4],"evs":[0.0,-1.49747]},"KJo":{"weight":1.0,"played":[0.9999,1.0E-4],"evs":[0.0,-0.57997]},"AJo":{"weight":1.0,"played":[0.0,1.0],"evs":[0.0,0.29153]},"Q2s":{"weight":1.0,"played":[1.0,0.0],"evs":[0.0,-3.50895]},"Q3s":{"weight":1.0,"played":[1.0,0.0],"evs":[0.0,-3.37092]},"Q4s":{"weight":1.0,"played":[1.0,0.0],"evs":[0.0,-3.25956]},"Q5s":{"weight":1.0,"played":[1.0,0.0],"evs":[0.0,-3.05113]},"Q6s":{"weight":1.0,"played":[1.0,0.0],"evs":[0.0,-2.80543]},"Q7s":{"weight":1.0,"played":[1.0,0.0],"evs":[0.0,-2.91986]},"Q8s":{"weight":1.0,"played":[1.0,0.0],"evs":[0.0,-2.27912]},"Q9s":{"weight":1.0,"played":[0.9996,4.0E-4],"evs":[0.0,-1.21317]},"QTs":{"weight":1.0,"played":[0.9913,0.0087],"evs":[0.0,-0.57956]},"QJs":{"weight":1.0,"played":[0.9855,0.0145],"evs":[0.0,-0.5009]},"QQ":{"weight":1.0,"played":[0.0,1.0],"evs":[0.0,7.82217]},"KQo":{"weight":1.0,"played":[0.9999,1.0E-4],"evs":[0.0,-0.80176]},"AQo":{"weight":1.0,"played":[0.0,1.0],"evs":[0.0,1.51825]},"K2s":{"weight":1.0,"played":[1.0,0.0],"evs":[0.0,-3.06351]},"K3s":{"weight":1.0,"played":[1.0,0.0],"evs":[0.0,-3.10131]},"K4s":{"weight":1.0,"played":[1.0,0.0],"evs":[0.0,-2.79285]},"K5s":{"weight":1.0,"played":[1.0,0.0],"evs":[0.0,-2.59143]},"K6s":{"weight":1.0,"played":[1.0,0.0],"evs":[0.0,-2.05867]},"K7s":{"weight":1.0,"played":[1.0,0.0],"evs":[0.0,-1.75926]},"K8s":{"weight":1.0,"played":[1.0,0.0],"evs":[0.0,-1.33636]},"K9s":{"weight":1.0,"played":[0.9987,0.0013],"evs":[0.0,-0.4522]},"KTs":{"weight":1.0,"played":[0.0,1.0],"evs":[0.0,0.46625]},"KJs":{"weight":1.0,"played":[1.0E-4,0.9999],"evs":[0.0,0.63523]},"KQs":{"weight":1.0,"played":[0.2234,0.7766],"evs":[0.0,0.07221]},"KK":{"weight":1.0,"played":[0.0,1.0],"evs":[0.0,10.18047]},"AKo":{"weight":1.0,"played":[0.0,1.0],"evs":[0.0,4.84012]},"A2s":{"weight":1.0,"played":[1.0,0.0],"evs":[0.0,-1.31218]},"A3s":{"weight":1.0,"played":[1.0,0.0],"evs":[0.0,-1.44803]},"A4s":{"weight":1.0,"played":[0.9999,1.0E-4],"evs":[0.0,-1.18114]},"A5s":{"weight":1.0,"played":[0.9997,3.0E-4],"evs":[0.0,-0.96953]},"A6s":{"weight":1.0,"played":[1.0,0.0],"evs":[0.0,-0.74731]},"A7s":{"weight":1.0,"played":[1.0,0.0],"evs":[0.0,-0.32739]},"A8s":{"weight":1.0,"played":[0.1616,0.8384],"evs":[0.0,0.13864]},"A9s":{"weight":1.0,"played":[0.0031,0.9969],"evs":[0.0,0.52797]},"ATs":{"weight":1.0,"played":[1.0E-4,0.9999],"evs":[0.0,1.29775]},"AJs":{"weight":1.0,"played":[0.0,1.0],"evs":[0.0,1.49237]},"AQs":{"weight":1.0,"played":[0.0,1.0],"evs":[0.0,2.58343]},"AKs":{"weight":1.0,"played":[0.0,1.0],"evs":[0.0,5.36722]},"AA":{"weight":1.0,"played":[0.0,1.0],"evs":[0.0,14.05484]}}}