{"player":2,"street":0,"children":2,"sequence":[{"player":0,"type":"F","amount":0,"street":0},{"player":1,"type":"F","amount":0,"street":0},{"player":2,"type":"R","amount":200000,"street":0},{"player":3,"type":"R","amount":2885000,"street":0},{"player":4,"type":"C","amount":1765000,"street":0},{"player":5,"type":"C","amount":895000,"street":0}],"actions":[{"type":"F","amount":0},{"type":"C","amount":2685000}],"hands":{"22":{"weight":0.9994,"played":[0.7938,0.2062],"evs":[0.0,-1.08765]},"32o":{"weight":0.0,"played":[1.0,0.0],"evs":[0.0,-7.20382]},"42o":{"weight":0.0,"played":[1.0,0.0],"evs":[0.0,-6.8846]},"52o":{"weight":0.0,"played":[0.9987,0.0013],"evs":[0.0,-8.02796]},"62o":{"weight":0.0,"played":[0.9998,2.0E-4],"evs":[0.0,-7.17795]},"72o":{"weight":0.0,"played":[1.0,0.0],"evs":[0.0,-8.01143]},"82o":{"weight":0.0,"played":[1.0,0.0],"evs":[0.0,-8.39368]},"92o":{"weight":0.0,"played":[1.0,0.0],"evs":[0.0,-7.56355]},"T2o":{"weight":0.0,"played":[0.9981,0.0019],"evs":[0.0,-6.47007]},"J2o":{"weight":0.0,"played":[0.9998,2.0E-4],"evs":[0.0,-7.45865]},"Q2o":{"weight":0.0,"played":[0.9998,2.0E-4],"evs":[0.0,-6.84935]},"K2o":{"weight":0.0,"played":[0.9989,0.0011],"evs":[0.0,-7.43861]},"A2o":{"weight":1.0,"played":[0.999,0.001],"evs":[0.0,-5.10881]},"32s":{"weight":0.0,"played":[0.9987,0.0013],"evs":[0.0,-5.06537]},"33":{"weight":1.0,"played":[0.7161,0.2839],"evs":[0.0,-0.61419]},"43o":{"weight":0.0,"played":[0.9999,1.0E-4],"evs":[0.0,-5.88162]},"53o":{"weight":0.0,"played":[0.9992,8.0E-4],"evs":[0.0,-6.13978]},"63o":{"weight":0.0,"played":[0.9995,5.0E-4],"evs":[0.0,-6.84881]},"73o":{"weight":0.0,"played":[0.9999,1.0E-4],"evs":[0.0,-6.43828]},"83o":{"weight":0.0,"played":[0.9999,1.0E-4],"evs":[0.0,-7.88387]},"93o":{"weight":0.0,"played":[0.9994,6.0E-4],"evs":[0.0,-7.21056]},"T3o":{"weight":0.0,"played":[0.9976,0.0024],"evs":[0.0,-6.85422]},"J3o":{"weight":0.0,"played":[0.9998,2.0E-4],"evs":[0.0,-7.50025]},"Q3o":{"weight":0.0,"played":[0.9936,0.0064],"evs":[0.0,-6.65869]},"K3o":{"weight":0.0,"played":[0.9987,0.0013],"evs":[0.0,-6.41773]},"A3o":{"weight":1.0,"played":[0.9999,1.0E-4],"evs":[0.0,-4.35834]},"42s":{"weight":0.0,"played":[0.9985,0.0015],"evs":[0.0,-6.16897]},"43s":{"weight":0.0,"played":[1.0,0.0],"evs":[0.0,-1.35995]},"44":{"weight":0.9993,"played":[0.7927,0.2073],"evs":[0.0,-1.03973]},"54o":{"weight":0.0,"played":[0.9999,1.0E-4],"evs":[0.0,-3.34948]},"64o":{"weight":0.0,"played":[0.9997,3.0E-4],"evs":[0.0,-4.83637]},"74o":{"weight":0.0,"played":[0.9998,2.0E-4],"evs":[0.0,-5.95205]},"84o":{"weight":0.0,"played":[0.9997,3.0E-4],"evs":[0.0,-6.64601]},"94o":{"weight":0.0,"played":[0.9995,5.0E-4],"evs":[0.0,-6.36894]},"T4o":{"weight":0.0,"played":[1.0,0.0],"evs":[0.0,-5.58862]},"J4o":{"weight":0.0,"played":[1.0,0.0],"evs":[0.0,-5.6381]},"Q4o":{"weight":0.0,"played":[0.9999,1.0E-4],"evs":[0.0,-5.62717]},"K4o":{"weight":0.0,"played":[0.9992,8.0E-4],"evs":[0.0,-7.42274]},"A4o":{"weight":1.0,"played":[0.9996,4.0E-4],"evs":[0.0,-5.58278]},"52s":{"weight":0.0,"played":[0.9993,7.0E-4],"evs":[0.0,-3.67714]},"53s":{"weight":0.0,"played":[0.9985,0.0015],"evs":[0.0,-3.42968]},"54s":{"weight":0.0,"played":[0.8645,0.1355],"evs":[0.0,-4.52662]},"55":{"weight":0.9999,"played":[0.2597,0.7403],"evs":[0.0,0.92406]},"65o":{"weight":0.0,"played":[0.9994,6.0E-4],"evs":[0.0,-3.68296]},"75o":{"weight":0.0,"played":[0.9955,0.0045],"evs":[0.0,-5.18772]},"85o":{"weight":0.0,"played":[0.9992,8.0E-4],"evs":[0.0,-5.62011]},"95o":{"weight":0.0,"played":[1.0,0.0],"evs":[0.0,-5.44562]},"T5o":{"weight":0.0,"played":[0.9999,1.0E-4],"evs":[0.0,-6.74283]},"J5o":{"weight":0.0,"played":[0.9961,0.0039],"evs":[0.0,-6.59731]},"Q5o":{"weight":0.0,"played":[0.9999,1.0E-4],"evs":[0.0,-7.579]},"K5o":{"weight":0.0,"played":[0.9981,0.0019],"evs":[0.0,-6.50592]},"A5o":{"weight":1.0,"played":[0.9958,0.0042],"evs":[0.0,-5.1886]},"62s":{"weight":0.0,"played":[0.9926,0.0074],"evs":[0.0,-5.11233]},"63s":{"weight":0.0,"played":[0.9029,0.0971],"evs":[0.0,-1.62512]},"64s":{"weight":0.0,"played":[0.8576,0.1424],"evs":[0.0,-1.45015]},"65s":{"weight":0.9393,"played":[0.861,0.139],"evs":[0.0,-2.83943]},"66":{"weight":1.0,"played":[0.1282,0.8718],"evs":[0.0,1.84962]},"76o":{"weight":0.0,"played":[1.0,0.0],"evs":[0.0,-4.67401]},"86o":{"weight":0.0,"played":[1.0,0.0],"evs":[0.0,-4.30344]},"96o":{"weight":0.0,"played":[0.9985,0.0015],"evs":[0.0,-4.28296]},"T6o":{"weight":0.0,"played":[0.9903,0.0097],"evs":[0.0,-5.51351]},"J6o":{"weight":0.0,"played":[0.9997,3.0E-4],"evs":[0.0,-5.31463]},"Q6o":{"weight":0.0,"played":[0.9918,0.0082],"evs":[0.0,-6.76407]},"K6o":{"weight":0.0,"played":[0.9984,0.0016],"evs":[0.0,-6.12797]},"A6o":{"weight":1.0,"played":[0.9861,0.0139],"evs":[0.0,-5.88807]},"72s":{"weight":0.0,"played":[0.9979,0.0021],"evs":[0.0,-5.38649]},"73s":{"weight":0.0,"played":[0.8627,0.1373],"evs":[0.0,-3.77934]},"74s":{"weight":0.0,"played":[0.9992,8.0E-4],"evs":[0.0,-4.09757]},"75s":{"weight":0.9962,"played":[0.9747,0.0253],"evs":[0.0,-3.31052]},"76s":{"weight":1.0,"played":[0.9683,0.0317],"evs":[0.0,-3.61106]},"77":{"weight":1.0,"played":[1.0E-4,0.9999],"evs":[0.0,3.5125]},"87o":{"weight":0.0,"played":[0.9955,0.0045],"evs":[0.0,-3.57198]},"97o":{"weight":0.0,"played":[0.9951,0.0049],"evs":[0.0,-3.67213]},"T7o":{"weight":0.0,"played":[0.9999,1.0E-4],"evs":[0.0,-4.2464]},"J7o":{"weight":0.0,"played":[0.9995,5.0E-4],"evs":[0.0,-5.09616]},"Q7o":{"weight":0.0,"played":[1.0,0.0],"evs":[0.0,-5.19809]},"K7o":{"weight":0.9995,"played":[0.9996,4.0E-4],"evs":[0.0,-4.59508]},"A7o":{"weight":1.0,"played":[0.9997,3.0E-4],"evs":[0.0,-4.24514]},"82s":{"weight":0.0,"played":[0.9758,0.0242],"evs":[0.0,-5.18827]},"83s":{"weight":0.0,"played":[0.9045,0.0955],"evs":[0.0,-4.44178]},"84s":{"weight":0.0,"played":[0.994,0.006],"evs":[0.0,-5.22171]},"85s":{"weight":0.0,"played":[0.9964,0.0036],"evs":[0.0,-3.77896]},"86s":{"weight":0.9991,"played":[0.9598,0.0402],"evs":[0.0,-0.10242]},"87s":{"weight":0.9999,"played":[0.2664,0.7336],"evs":[0.0,0.72306]},"88":{"weight":1.0,"played":[1.0E-4,0.9999],"evs":[0.0,5.0919]},"98o":{"weight":2.0E-4,"played":[0.9782,0.0218],"evs":[0.0,-4.1275]},"T8o":{"weight":0.0,"played":[0.9989,0.0011],"evs":[0.0,-3.83462]},"J8o":{"weight":0.0,"played":[0.9623,0.0377],"evs":[0.0,-4.58216]},"Q8o":{"weight":7.0E-4,"played":[0.9929,0.0071],"evs":[0.0,-3.61364]},"K8o":{"weight":0.9999,"played":[0.9979,0.0021],"evs":[0.0,-5.05504]},"A8o":{"weight":1.0,"played":[0.9988,0.0012],"evs":[0.0,-4.70696]},"92s":{"weight":0.0,"played":[0.9989,0.0011],"evs":[0.0,-6.54417]},"93s":{"weight":0.0,"played":[0.9174,0.0826],"evs":[0.0,-6.07971]},"94s":{"weight":0.0,"played":[0.9966,0.0034],"evs":[0.0,-5.21177]},"95s":{"weight":0.0,"played":[0.9766,0.0234],"evs":[0.0,-3.207]},"96s":{"weight":0.9953,"played":[0.8625,0.1375],"evs":[0.0,-0.6854]},"97s":{"weight":0.9999,"played":[0.9985,0.0015],"evs":[0.0,-1.03315]},"98s":{"weight":1.0,"played":[0.4248,0.5752],"evs":[0.0,-0.49421]},"99":{"weight":1.0,"played":[0.0,1.0],"evs":[0.0,8.7625]},"T9o":{"weight":1.0,"played":[0.9921,0.0079],"evs":[0.0,-0.66469]},"J9o":{"weight":1.0,"played":[0.9927,0.0073],"evs":[0.0,-2.46561]},"Q9o":{"weight":1.0,"played":[0.9966,0.0034],"evs":[0.0,-3.46469]},"K9o":{"weight":1.0,"played":[0.9963,0.0037],"evs":[0.0,-2.32398]},"A9o":{"weight":1.0,"played":[0.9961,0.0039],"evs":[0.0,-4.09636]},"T2s":{"weight":0.0,"played":[0.9999,1.0E-4],"evs":[0.0,-4.79143]},"T3s":{"weight":0.0,"played":[0.9826,0.0174],"evs":[0.0,-3.45135]},"T4s":{"weight":0.0,"played":[0.9535,0.0465],"evs":[0.0,-1.82123]},"T5s":{"weight":0.0,"played":[0.9892,0.0108],"evs":[0.0,-3.44119]},"T6s":{"weight":0.9393,"played":[0.9998,2.0E-4],"evs":[0.0,-0.97526]},"T7s":{"weight":1.0,"played":[0.9305,0.0695],"evs":[0.0,-2.83448]},"T8s":{"weight":1.0,"played":[0.7744,0.2256],"evs":[0.0,-0.88812]},"T9s":{"weight":1.0,"played":[0.1601,0.8399],"evs":[0.0,0.89252]},"TT":{"weight":1.0,"played":[0.0,1.0],"evs":[0.0,10.69331]},"JTo":{"weight":1.0,"played":[0.9428,0.0572],"evs":[0.0,-1.89271]},"QTo":{"weight":1.0,"played":[0.9841,0.0159],"evs":[0.0,-1.24173]},"KTo":{"weight":1.0,"played":[0.9426,0.0574],"evs":[0.0,-1.05521]},"ATo":{"weight":0.9999,"played":[0.9684,0.0316],"evs":[0.0,-1.46892]},"J2s":{"weight":0.0,"played":[0.9841,0.0159],"evs":[0.0,-5.037]},"J3s":{"weight":0.0,"played":[0.5871,0.4129],"evs":[0.0,-0.6841]},"J4s":{"weight":0.0,"played":[0.9893,0.0107],"evs":[0.0,-2.95409]},"J5s":{"weight":0.0,"played":[0.9999,1.0E-4],"evs":[0.0,-5.59847]},"J6s":{"weight":0.2493,"played":[0.8838,0.1162],"evs":[0.0,-4.70252]},"J7s":{"weight":1.0,"played":[0.9146,0.0854],"evs":[0.0,-1.97079]},"J8s":{"weight":1.0,"played":[0.9063,0.0937],"evs":[0.0,-0.35168]},"J9s":{"weight":1.0,"played":[0.8075,0.1925],"evs":[0.0,-0.84895]},"JTs":{"weight":1.0,"played":[0.2743,0.7257],"evs":[0.0,-0.30857]},"JJ":{"weight":1.0,"played":[0.0,1.0],"evs":[0.0,13.01159]},"QJo":{"weight":1.0,"played":[0.981,0.019],"evs":[0.0,-2.00274]},"KJo":{"weight":1.0,"played":[0.9302,0.0698],"evs":[0.0,-1.14736]},"AJo":{"weight":0.9997,"played":[0.0341,0.9659],"evs":[0.0,-0.28184]},"Q2s":{"weight":0.0,"played":[0.9358,0.0642],"evs":[0.0,-6.57796]},"Q3s":{"weight":0.0,"played":[0.9074,0.0926],"evs":[0.0,-4.3697]},"Q4s":{"weight":0.9798,"played":[0.97,0.03],"evs":[0.0,-3.7528]},"Q5s":{"weight":0.9996,"played":[0.9968,0.0032],"evs":[0.0,-5.24014]},"Q6s":{"weight":0.9999,"played":[0.9819,0.0181],"evs":[0.0,-3.32345]},"Q7s":{"weight":0.9995,"played":[0.8221,0.1779],"evs":[0.0,-1.4936]},"Q8s":{"weight":1.0,"played":[0.966,0.034],"evs":[0.0,-3.09219]},"Q9s":{"weight":1.0,"played":[0.3497,0.6503],"evs":[0.0,-0.12206]},"QTs":{"weight":1.0,"played":[0.0658,0.9342],"evs":[0.0,3.34527]},"QJs":{"weight":1.0,"played":[0.1572,0.8428],"evs":[0.0,1.62153]},"QQ":{"weight":1.0,"played":[0.0,1.0],"evs":[0.0,14.92493]},"KQo":{"weight":1.0,"played":[0.975,0.025],"evs":[0.0,-1.49826]},"AQo":{"weight":0.9977,"played":[0.0113,0.9887],"evs":[0.0,3.28586]},"K2s":{"weight":0.9958,"played":[0.9848,0.0152],"evs":[0.0,-2.25875]},"K3s":{"weight":1.0,"played":[0.9466,0.0534],"evs":[0.0,-4.29284]},"K4s":{"weight":0.9997,"played":[0.9851,0.0149],"evs":[0.0,-3.58456]},"K5s":{"weight":0.9999,"played":[0.8507,0.1493],"evs":[0.0,-2.12153]},"K6s":{"weight":1.0,"played":[0.9804,0.0196],"evs":[0.0,-2.35917]},"K7s":{"weight":1.0,"played":[0.8708,0.1292],"evs":[0.0,-2.33221]},"K8s":{"weight":1.0,"played":[0.2752,0.7248],"evs":[0.0,-0.30027]},"K9s":{"weight":1.0,"played":[0.1867,0.8133],"evs":[0.0,1.56425]},"KTs":{"weight":0.9999,"played":[0.2011,0.7989],"evs":[0.0,1.7719]},"KJs":{"weight":0.9999,"played":[0.0187,0.9813],"evs":[0.0,4.36635]},"KQs":{"weight":1.0,"played":[0.3855,0.6145],"evs":[0.0,-0.67935]},"KK":{"weight":1.0,"played":[0.0,1.0],"evs":[0.0,22.35616]},"AKo":{"weight":1.0,"played":[5.0E-4,0.9995],"evs":[0.0,5.44613]},"A2s":{"weight":0.999,"played":[0.9955,0.0045],"evs":[0.0,-3.13857]},"A3s":{"weight":0.9992,"played":[0.998,0.002],"evs":[0.0,-2.58632]},"A4s":{"weight":1.0,"played":[0.9911,0.0089],"evs":[0.0,-2.96491]},"A5s":{"weight":1.0,"played":[0.8599,0.1401],"evs":[0.0,-1.34416]},"A6s":{"weight":1.0,"played":[0.9446,0.0554],"evs":[0.0,-4.39044]},"A7s":{"weight":0.9999,"played":[0.9431,0.0569],"evs":[0.0,-3.8781]},"A8s":{"weight":1.0,"played":[0.179,0.821],"evs":[0.0,-0.21907]},"A9s":{"weight":1.0,"played":[0.922,0.078],"evs":[0.0,-2.18808]},"ATs":{"weight":1.0,"played":[0.1288,0.8712],"evs":[0.0,1.23622]},"AJs":{"weight":1.0,"played":[0.0353,0.9647],"evs":[0.0,2.17574]},"AQs":{"weight":1.0,"played":[0.0,1.0],"evs":[0.0,4.02164]},"AKs":{"weight":1.0,"played":[1.0E-4,0.9999],"evs":[0.0,5.27546]},"AA":{"weight":1.0,"played":[0.0,1.0],"evs":[0.0,31.4284]}}}