{"player":3,"street":0,"children":3,"sequence":[{"player":0,"type":"F","amount":0,"street":0},{"player":1,"type":"R","amount":985000,"street":0},{"player":2,"type":"F","amount":0,"street":0}],"actions":[{"type":"F","amount":0,"node":95},{"type":"C","amount":985000,"node":100},{"type":"R","amount":1815000,"node":109}],"hands":{"22":{"weight":1.0,"played":[0.0,0.7606,0.2394],"evs":[0.0,0.16074,0.17006]},"32o":{"weight":1.0,"played":[1.0,0.0,0.0],"evs":[0.0,-2.63325,-2.63474]},"42o":{"weight":1.0,"played":[1.0,0.0,0.0],"evs":[0.0,-2.48633,-2.48539]},"52o":{"weight":1.0,"played":[1.0,0.0,0.0],"evs":[0.0,-2.31565,-2.31864]},"62o":{"weight":1.0,"played":[1.0,0.0,0.0],"evs":[0.0,-2.4928,-2.4985]},"72o":{"weight":1.0,"played":[1.0,0.0,0.0],"evs":[0.0,-2.66043,-2.65982]},"82o":{"weight":1.0,"played":[1.0,0.0,0.0],"evs":[0.0,-2.48882,-2.49348]},"92o":{"weight":1.0,"played":[1.0,0.0,0.0],"evs":[0.0,-2.43241,-2.4256]},"T2o":{"weight":1.0,"played":[1.0,0.0,0.0],"evs":[0.0,-2.34588,-2.36353]},"J2o":{"weight":1.0,"played":[1.0,0.0,0.0],"evs":[0.0,-2.2467,-2.27176]},"Q2o":{"weight":1.0,"played":[1.0,0.0,0.0],"evs":[0.0,-1.97623,-1.97627]},"K2o":{"weight":1.0,"played":[1.0,0.0,0.0],"evs":[0.0,-1.74907,-1.745]},"A2o":{"weight":1.0,"played":[1.0,0.0,0.0],"evs":[0.0,-0.86861,-0.84487]},"32s":{"weight":1.0,"played":[1.0,0.0,0.0],"evs":[0.0,-1.74346,-1.73599]},"33":{"weight":1.0,"played":[0.0,0.8968,0.1032],"evs":[0.0,0.4056,0.40683]},"43o":{"weight":1.0,"played":[1.0,0.0,0.0],"evs":[0.0,-2.13219,-2.13157]},"53o":{"weight":1.0,"played":[1.0,0.0,0.0],"evs":[0.0,-1.94121,-1.9432]},"63o":{"weight":1.0,"played":[1.0,0.0,0.0],"evs":[0.0,-2.14708,-2.15116]},"73o":{"weight":1.0,"played":[1.0,0.0,0.0],"evs":[0.0,-2.29156,-2.29249]},"83o":{"weight":1.0,"played":[1.0,0.0,0.0],"evs":[0.0,-2.44287,-2.44806]},"93o":{"weight":1.0,"played":[1.0,0.0,0.0],"evs":[0.0,-2.30374,-2.30652]},"T3o":{"weight":1.0,"played":[1.0,0.0,0.0],"evs":[0.0,-2.22771,-2.24658]},"J3o":{"weight":1.0,"played":[1.0,0.0,0.0],"evs":[0.0,-2.12063,-2.1449]},"Q3o":{"weight":1.0,"played":[1.0,0.0,0.0],"evs":[0.0,-1.87205,-1.87033]},"K3o":{"weight":1.0,"played":[1.0,0.0,0.0],"evs":[0.0,-1.60194,-1.59858]},"A3o":{"weight":1.0,"played":[1.0,0.0,0.0],"evs":[0.0,-0.76195,-0.74107]},"42s":{"weight":1.0,"played":[1.0,0.0,0.0],"evs":[0.0,-1.60636,-1.60312]},"43s":{"weight":1.0,"played":[1.0,0.0,0.0],"evs":[0.0,-1.26623,-1.2673]},"44":{"weight":1.0,"played":[0.0,0.8734,0.1266],"evs":[0.0,0.78767,0.78706]},"54o":{"weight":1.0,"played":[1.0,0.0,0.0],"evs":[0.0,-1.59484,-1.59631]},"64o":{"weight":1.0,"played":[1.0,0.0,0.0],"evs":[0.0,-1.74601,-1.75126]},"74o":{"weight":1.0,"played":[1.0,0.0,0.0],"evs":[0.0,-1.92648,-1.9328]},"84o":{"weight":1.0,"played":[1.0,0.0,0.0],"evs":[0.0,-2.07068,-2.07607]},"94o":{"weight":1.0,"played":[1.0,0.0,0.0],"evs":[0.0,-2.22962,-2.22768]},"T4o":{"weight":1.0,"played":[1.0,0.0,0.0],"evs":[0.0,-2.07726,-2.09434]},"J4o":{"weight":1.0,"played":[1.0,0.0,0.0],"evs":[0.0,-1.96397,-1.99114]},"Q4o":{"weight":1.0,"played":[1.0,0.0,0.0],"evs":[0.0,-1.70555,-1.70668]},"K4o":{"weight":1.0,"played":[1.0,0.0,0.0],"evs":[0.0,-1.4751,-1.46826]},"A4o":{"weight":1.0,"played":[1.0,0.0,0.0],"evs":[0.0,-0.62109,-0.60058]},"52s":{"weight":1.0,"played":[1.0,0.0,0.0],"evs":[0.0,-1.49339,-1.49029]},"53s":{"weight":1.0,"played":[1.0,0.0,0.0],"evs":[0.0,-1.10698,-1.10034]},"54s":{"weight":1.0,"played":[1.0,0.0,0.0],"evs":[0.0,-0.75753,-0.75858]},"55":{"weight":1.0,"played":[0.0,0.8937,0.1063],"evs":[0.0,1.2211,1.22384]},"65o":{"weight":1.0,"played":[1.0,0.0,0.0],"evs":[0.0,-1.36139,-1.36463]},"75o":{"weight":1.0,"played":[1.0,0.0,0.0],"evs":[0.0,-1.52917,-1.53341]},"85o":{"weight":1.0,"played":[1.0,0.0,0.0],"evs":[0.0,-1.65025,-1.65403]},"95o":{"weight":1.0,"played":[1.0,0.0,0.0],"evs":[0.0,-1.82541,-1.82359]},"T5o":{"weight":1.0,"played":[1.0,0.0,0.0],"evs":[0.0,-1.99623,-2.0149]},"J5o":{"weight":1.0,"played":[1.0,0.0,0.0],"evs":[0.0,-1.82919,-1.85248]},"Q5o":{"weight":1.0,"played":[1.0,0.0,0.0],"evs":[0.0,-1.55969,-1.5598]},"K5o":{"weight":1.0,"played":[1.0,0.0,0.0],"evs":[0.0,-1.3443,-1.34419]},"A5o":{"weight":1.0,"played":[0.9997,0.0,3.0E-4],"evs":[0.0,-0.44267,-0.4178]},"62s":{"weight":1.0,"played":[1.0,0.0,0.0],"evs":[0.0,-1.62629,-1.62588]},"63s":{"weight":1.0,"played":[1.0,0.0,0.0],"evs":[0.0,-1.25948,-1.26677]},"64s":{"weight":1.0,"played":[1.0,0.0,0.0],"evs":[0.0,-0.94948,-0.95632]},"65s":{"weight":1.0,"played":[0.9999,0.0,0.0],"evs":[0.0,-0.58783,-0.59395]},"66":{"weight":1.0,"played":[0.0,0.8868,0.1132],"evs":[0.0,1.67544,1.66219]},"76o":{"weight":1.0,"played":[1.0,0.0,0.0],"evs":[0.0,-1.1876,-1.19057]},"86o":{"weight":1.0,"played":[1.0,0.0,0.0],"evs":[0.0,-1.28593,-1.2908]},"96o":{"weight":1.0,"played":[1.0,0.0,0.0],"evs":[0.0,-1.44229,-1.4432]},"T6o":{"weight":1.0,"played":[1.0,0.0,0.0],"evs":[0.0,-1.59811,-1.61883]},"J6o":{"weight":1.0,"played":[1.0,0.0,0.0],"evs":[0.0,-1.75337,-1.77372]},"Q6o":{"weight":1.0,"played":[1.0,0.0,0.0],"evs":[0.0,-1.42904,-1.4277]},"K6o":{"weight":1.0,"played":[1.0,0.0,0.0],"evs":[0.0,-1.1862,-1.18186]},"A6o":{"weight":1.0,"played":[1.0,0.0,0.0],"evs":[0.0,-0.49768,-0.47471]},"72s":{"weight":1.0,"played":[1.0,0.0,0.0],"evs":[0.0,-1.74793,-1.7539]},"73s":{"weight":1.0,"played":[1.0,0.0,0.0],"evs":[0.0,-1.4978,-1.49893]},"74s":{"weight":1.0,"played":[1.0,0.0,0.0],"evs":[0.0,-1.04787,-1.05709]},"75s":{"weight":1.0,"played":[1.0,0.0,0.0],"evs":[0.0,-0.75595,-0.75493]},"76s":{"weight":1.0,"played":[1.0,0.0,0.0],"evs":[0.0,-0.42087,-0.42813]},"77":{"weight":1.0,"played":[0.0,0.8833,0.1167],"evs":[0.0,2.19072,2.18073]},"87o":{"weight":1.0,"played":[1.0,0.0,0.0],"evs":[0.0,-1.02035,-1.02775]},"97o":{"weight":1.0,"played":[1.0,0.0,0.0],"evs":[0.0,-1.17977,-1.18161]},"T7o":{"weight":1.0,"played":[1.0,0.0,0.0],"evs":[0.0,-1.31522,-1.33606]},"J7o":{"weight":1.0,"played":[1.0,0.0,0.0],"evs":[0.0,-1.45754,-1.48257]},"Q7o":{"weight":1.0,"played":[1.0,0.0,0.0],"evs":[0.0,-1.42395,-1.42738]},"K7o":{"weight":1.0,"played":[1.0,0.0,0.0],"evs":[0.0,-1.1452,-1.14056]},"A7o":{"weight":1.0,"played":[0.9981,2.0E-4,0.0017],"evs":[0.0,-0.21162,-0.19433]},"82s":{"weight":1.0,"played":[1.0,0.0,0.0],"evs":[0.0,-1.60687,-1.61555]},"83s":{"weight":1.0,"played":[1.0,0.0,0.0],"evs":[0.0,-1.57331,-1.57969]},"84s":{"weight":1.0,"played":[1.0,0.0,0.0],"evs":[0.0,-1.20384,-1.21191]},"85s":{"weight":1.0,"played":[1.0,0.0,0.0],"evs":[0.0,-0.85379,-0.85671]},"86s":{"weight":1.0,"played":[1.0,0.0,0.0],"evs":[0.0,-0.51665,-0.5214]},"87s":{"weight":1.0,"played":[0.9997,2.0E-4,0.0],"evs":[0.0,-0.28896,-0.29079]},"88":{"weight":1.0,"played":[0.0,0.8927,0.1073],"evs":[0.0,2.82038,2.80092]},"98o":{"weight":1.0,"played":[1.0,0.0,0.0],"evs":[0.0,-0.8728,-0.87913]},"T8o":{"weight":1.0,"played":[1.0,0.0,0.0],"evs":[0.0,-0.95875,-0.98442]},"J8o":{"weight":1.0,"played":[1.0,0.0,0.0],"evs":[0.0,-1.12436,-1.15611]},"Q8o":{"weight":1.0,"played":[1.0,0.0,0.0],"evs":[0.0,-1.08795,-1.08626]},"K8o":{"weight":1.0,"played":[1.0,0.0,0.0],"evs":[0.0,-1.06231,-1.0602]},"A8o":{"weight":1.0,"played":[0.0,0.5268,0.4732],"evs":[0.0,0.20397,0.22112]},"92s":{"weight":1.0,"played":[1.0,0.0,0.0],"evs":[0.0,-1.51872,-1.51163]},"93s":{"weight":1.0,"played":[1.0,0.0,0.0],"evs":[0.0,-1.43296,-1.43882]},"94s":{"weight":1.0,"played":[1.0,0.0,0.0],"evs":[0.0,-1.36179,-1.36318]},"95s":{"weight":1.0,"played":[1.0,0.0,0.0],"evs":[0.0,-0.99174,-0.99667]},"96s":{"weight":1.0,"played":[1.0,0.0,0.0],"evs":[0.0,-0.67409,-0.67321]},"97s":{"weight":1.0,"played":[0.9999,0.0,1.0E-4],"evs":[0.0,-0.3779,-0.37304]},"98s":{"weight":1.0,"played":[0.9415,0.0338,0.0248],"evs":[0.0,-0.07986,-0.08446]},"99":{"weight":1.0,"played":[0.0,0.8839,0.1161],"evs":[0.0,3.44151,3.42439]},"T9o":{"weight":1.0,"played":[1.0,0.0,0.0],"evs":[0.0,-0.63679,-0.64989]},"J9o":{"weight":1.0,"played":[1.0,0.0,0.0],"evs":[0.0,-0.7908,-0.80816]},"Q9o":{"weight":1.0,"played":[1.0,0.0,0.0],"evs":[0.0,-0.7707,-0.76136]},"K9o":{"weight":1.0,"played":[1.0,0.0,0.0],"evs":[0.0,-0.71819,-0.7102]},"A9o":{"weight":1.0,"played":[0.0,0.5949,0.4051],"evs":[0.0,0.7342,0.74748]},"T2s":{"weight":1.0,"played":[1.0,0.0,0.0],"evs":[0.0,-1.45908,-1.47732]},"T3s":{"weight":1.0,"played":[1.0,0.0,0.0],"evs":[0.0,-1.34573,-1.36624]},"T4s":{"weight":1.0,"played":[1.0,0.0,0.0],"evs":[0.0,-1.22454,-1.24325]},"T5s":{"weight":1.0,"played":[1.0,0.0,0.0],"evs":[0.0,-1.12678,-1.14797]},"T6s":{"weight":1.0,"played":[1.0,0.0,0.0],"evs":[0.0,-0.74548,-0.76176]},"T7s":{"weight":1.0,"played":[0.9999,0.0,1.0E-4],"evs":[0.0,-0.54253,-0.55663]},"T8s":{"weight":1.0,"played":[0.9996,1.0E-4,2.0E-4],"evs":[0.0,-0.19513,-0.22619]},"T9s":{"weight":1.0,"played":[0.0,0.951,0.049],"evs":[0.0,0.13548,0.11495]},"TT":{"weight":1.0,"played":[0.0,0.8486,0.1514],"evs":[0.0,4.31872,4.29009]},"JTo":{"weight":1.0,"played":[1.0,0.0,0.0],"evs":[0.0,-0.33398,-0.36065]},"QTo":{"weight":1.0,"played":[0.9999,0.0,1.0E-4],"evs":[0.0,-0.28008,-0.27841]},"KTo":{"weight":1.0,"played":[0.9981,8.0E-4,0.0011],"evs":[0.0,-0.13298,-0.1222]},"ATo":{"weight":1.0,"played":[0.0,0.7688,0.2312],"evs":[0.0,1.66225,1.67952]},"J2s":{"weight":1.0,"played":[1.0,0.0,0.0],"evs":[0.0,-1.33461,-1.35764]},"J3s":{"weight":1.0,"played":[1.0,0.0,0.0],"evs":[0.0,-1.25418,-1.28161]},"J4s":{"weight":1.0,"played":[1.0,0.0,0.0],"evs":[0.0,-1.10177,-1.1325]},"J5s":{"weight":1.0,"played":[1.0,0.0,0.0],"evs":[0.0,-0.97485,-0.98987]},"J6s":{"weight":1.0,"played":[1.0,0.0,0.0],"evs":[0.0,-0.90578,-0.92203]},"J7s":{"weight":1.0,"played":[0.9999,0.0,0.0],"evs":[0.0,-0.62201,-0.65218]},"J8s":{"weight":1.0,"played":[0.9999,1.0E-4,0.0],"evs":[0.0,-0.3011,-0.33292]},"J9s":{"weight":1.0,"played":[0.7991,0.1987,0.0021],"evs":[0.0,-0.02524,-0.04867]},"JTs":{"weight":1.0,"played":[0.0,0.8947,0.1053],"evs":[0.0,0.36974,0.34228]},"JJ":{"weight":1.0,"played":[0.0,0.9154,0.0846],"evs":[0.0,5.24339,5.20926]},"QJo":{"weight":1.0,"played":[0.9968,0.0021,0.0011],"evs":[0.0,-0.12211,-0.12989]},"KJo":{"weight":1.0,"played":[0.0,0.8335,0.1665],"evs":[0.0,0.28859,0.30128]},"AJo":{"weight":1.0,"played":[0.0,0.8751,0.1249],"evs":[0.0,2.47997,2.47845]},"Q2s":{"weight":1.0,"played":[1.0,0.0,0.0],"evs":[0.0,-1.11764,-1.11846]},"Q3s":{"weight":1.0,"played":[1.0,0.0,0.0],"evs":[0.0,-1.01795,-1.01638]},"Q4s":{"weight":1.0,"played":[1.0,0.0,0.0],"evs":[0.0,-0.85347,-0.85308]},"Q5s":{"weight":1.0,"played":[1.0,0.0,0.0],"evs":[0.0,-0.71261,-0.71194]},"Q6s":{"weight":1.0,"played":[1.0,0.0,0.0],"evs":[0.0,-0.60925,-0.60624]},"Q7s":{"weight":1.0,"played":[1.0,0.0,0.0],"evs":[0.0,-0.59705,-0.6033]},"Q8s":{"weight":1.0,"played":[0.9999,1.0E-4,0.0],"evs":[0.0,-0.27013,-0.27628]},"Q9s":{"weight":1.0,"played":[0.4068,0.4931,0.1001],"evs":[0.0,-0.02514,-0.01737]},"QTs":{"weight":1.0,"played":[0.0,0.9146,0.0854],"evs":[0.0,0.42082,0.42391]},"QJs":{"weight":1.0,"played":[0.0,0.9571,0.0429],"evs":[0.0,0.61786,0.60702]},"QQ":{"weight":1.0,"played":[0.0,0.9215,0.0785],"evs":[0.0,6.31876,6.31007]},"KQo":{"weight":1.0,"played":[0.0,0.7912,0.2088],"evs":[0.0,0.90569,0.92313]},"AQo":{"weight":1.0,"played":[0.0,0.8764,0.1236],"evs":[0.0,3.37697,3.36879]},"K2s":{"weight":1.0,"played":[1.0,0.0,0.0],"evs":[0.0,-0.86214,-0.85853]},"K3s":{"weight":1.0,"played":[1.0,0.0,0.0],"evs":[0.0,-0.77177,-0.77687]},"K4s":{"weight":1.0,"played":[0.9999,0.0,1.0E-4],"evs":[0.0,-0.65078,-0.63877]},"K5s":{"weight":1.0,"played":[0.9999,1.0E-4,0.0],"evs":[0.0,-0.50181,-0.49421]},"K6s":{"weight":1.0,"played":[0.9999,0.0,1.0E-4],"evs":[0.0,-0.33013,-0.32581]},"K7s":{"weight":1.0,"played":[0.9998,1.0E-4,1.0E-4],"evs":[0.0,-0.34275,-0.34341]},"K8s":{"weight":1.0,"played":[0.9997,1.0E-4,2.0E-4],"evs":[0.0,-0.28187,-0.2774]},"K9s":{"weight":1.0,"played":[0.0678,0.605,0.3271],"evs":[0.0,0.05597,0.07333]},"KTs":{"weight":1.0,"played":[0.0,0.8746,0.1254],"evs":[0.0,0.66202,0.6667]},"KJs":{"weight":1.0,"played":[0.0,0.8482,0.1518],"evs":[0.0,1.01402,1.02569]},"KQs":{"weight":1.0,"played":[0.0,0.8883,0.1117],"evs":[0.0,1.61665,1.62996]},"KK":{"weight":1.0,"played":[0.0,0.8797,0.1203],"evs":[0.0,7.60608,7.60149]},"AKo":{"weight":1.0,"played":[0.0,0.8992,0.1008],"evs":[0.0,4.3945,4.39055]},"A2s":{"weight":1.0,"played":[0.5473,0.3757,0.077],"evs":[0.0,-0.0574,-0.02811]},"A3s":{"weight":1.0,"played":[0.0,0.8013,0.1987],"evs":[0.0,0.02671,0.04359]},"A4s":{"weight":1.0,"played":[0.0,0.8052,0.1948],"evs":[0.0,0.20694,0.22094]},"A5s":{"weight":1.0,"played":[0.0,0.848,0.152],"evs":[0.0,0.34182,0.35985]},"A6s":{"weight":1.0,"played":[0.0,0.7478,0.2522],"evs":[0.0,0.30936,0.3234]},"A7s":{"weight":1.0,"played":[0.0,0.7402,0.2598],"evs":[0.0,0.62546,0.64236]},"A8s":{"weight":1.0,"played":[0.0,0.8102,0.1898],"evs":[0.0,0.95444,0.96754]},"A9s":{"weight":1.0,"played":[0.0,0.7017,0.2983],"evs":[0.0,1.41581,1.43277]},"ATs":{"weight":1.0,"played":[0.0,0.8214,0.1786],"evs":[0.0,2.3155,2.3293]},"AJs":{"weight":1.0,"played":[0.0,0.9319,0.0681],"evs":[0.0,3.07932,3.0707]},"AQs":{"weight":1.0,"played":[0.0,0.8874,0.1126],"evs":[0.0,3.93737,3.93455]},"AKs":{"weight":1.0,"played":[0.0,0.882,0.118],"evs":[0.0,4.86624,4.86291]},"AA":{"weight":1.0,"played":[0.0,0.9324,0.0676],"evs":[0.0,10.17142,10.15842]}}}