{"player":5,"street":0,"children":3,"sequence":[{"player":0,"type":"F","amount":0,"street":0},{"player":1,"type":"R","amount":985000,"street":0},{"player":2,"type":"F","amount":0,"street":0},{"player":3,"type":"F","amount":0,"street":0},{"player":4,"type":"C","amount":935000,"street":0}],"actions":[{"type":"F","amount":0},{"type":"C","amount":885000},{"type":"R","amount":995000,"node":98}],"hands":{"22":{"weight":1.0,"played":[0.9776,0.009,0.0134],"evs":[0.0,-0.30439,-0.30169]},"32o":{"weight":1.0,"played":[1.0,0.0,0.0],"evs":[0.0,-2.5395,-2.53663]},"42o":{"weight":1.0,"played":[1.0,0.0,0.0],"evs":[0.0,-2.30216,-2.30227]},"52o":{"weight":1.0,"played":[1.0,0.0,0.0],"evs":[0.0,-2.17466,-2.1717]},"62o":{"weight":1.0,"played":[1.0,0.0,0.0],"evs":[0.0,-2.28349,-2.2821]},"72o":{"weight":1.0,"played":[1.0,0.0,0.0],"evs":[0.0,-2.57538,-2.57375]},"82o":{"weight":1.0,"played":[1.0,0.0,0.0],"evs":[0.0,-2.41489,-2.41341]},"92o":{"weight":1.0,"played":[1.0,0.0,0.0],"evs":[0.0,-2.39652,-2.39362]},"T2o":{"weight":1.0,"played":[1.0,0.0,0.0],"evs":[0.0,-2.35077,-2.34984]},"J2o":{"weight":1.0,"played":[1.0,0.0,0.0],"evs":[0.0,-2.33702,-2.33551]},"Q2o":{"weight":1.0,"played":[1.0,0.0,0.0],"evs":[0.0,-2.03596,-2.03409]},"K2o":{"weight":1.0,"played":[1.0,0.0,0.0],"evs":[0.0,-1.85578,-1.85537]},"A2o":{"weight":1.0,"played":[1.0,0.0,0.0],"evs":[0.0,-1.94339,-1.94155]},"32s":{"weight":1.0,"played":[1.0,0.0,0.0],"evs":[0.0,-1.41607,-1.41458]},"33":{"weight":1.0,"played":[0.1616,0.3522,0.4862],"evs":[0.0,0.09728,0.09757]},"43o":{"weight":1.0,"played":[1.0,0.0,0.0],"evs":[0.0,-1.84554,-1.84322]},"53o":{"weight":1.0,"played":[1.0,0.0,0.0],"evs":[0.0,-1.73543,-1.73508]},"63o":{"weight":1.0,"played":[1.0,0.0,0.0],"evs":[0.0,-1.83599,-1.83421]},"73o":{"weight":1.0,"played":[1.0,0.0,0.0],"evs":[0.0,-2.10644,-2.10185]},"83o":{"weight":1.0,"played":[1.0,0.0,0.0],"evs":[0.0,-2.39063,-2.38975]},"93o":{"weight":1.0,"played":[1.0,0.0,0.0],"evs":[0.0,-2.24814,-2.24528]},"T3o":{"weight":1.0,"played":[1.0,0.0,0.0],"evs":[0.0,-2.23226,-2.23191]},"J3o":{"weight":1.0,"played":[1.0,0.0,0.0],"evs":[0.0,-2.11788,-2.11414]},"Q3o":{"weight":1.0,"played":[1.0,0.0,0.0],"evs":[0.0,-1.88354,-1.88229]},"K3o":{"weight":1.0,"played":[1.0,0.0,0.0],"evs":[0.0,-1.67843,-1.67735]},"A3o":{"weight":1.0,"played":[1.0,0.0,0.0],"evs":[0.0,-1.81056,-1.80849]},"42s":{"weight":1.0,"played":[1.0,0.0,0.0],"evs":[0.0,-1.3393,-1.33699]},"43s":{"weight":1.0,"played":[1.0,0.0,0.0],"evs":[0.0,-0.87466,-0.87405]},"44":{"weight":1.0,"played":[0.0036,0.4146,0.5818],"evs":[0.0,0.52723,0.52913]},"54o":{"weight":1.0,"played":[1.0,0.0,0.0],"evs":[0.0,-1.13898,-1.13697]},"64o":{"weight":1.0,"played":[1.0,0.0,0.0],"evs":[0.0,-1.35663,-1.35386]},"74o":{"weight":1.0,"played":[1.0,0.0,0.0],"evs":[0.0,-1.63383,-1.63127]},"84o":{"weight":1.0,"played":[1.0,0.0,0.0],"evs":[0.0,-1.80375,-1.80306]},"94o":{"weight":1.0,"played":[1.0,0.0,0.0],"evs":[0.0,-2.21347,-2.21164]},"T4o":{"weight":1.0,"played":[1.0,0.0,0.0],"evs":[0.0,-2.05557,-2.05461]},"J4o":{"weight":1.0,"played":[1.0,0.0,0.0],"evs":[0.0,-1.86548,-1.86443]},"Q4o":{"weight":1.0,"played":[1.0,0.0,0.0],"evs":[0.0,-1.70008,-1.69744]},"K4o":{"weight":1.0,"played":[1.0,0.0,0.0],"evs":[0.0,-1.44211,-1.44082]},"A4o":{"weight":1.0,"played":[1.0,0.0,0.0],"evs":[0.0,-1.55942,-1.55895]},"52s":{"weight":1.0,"played":[1.0,0.0,0.0],"evs":[0.0,-1.2473,-1.24879]},"53s":{"weight":1.0,"played":[0.9999,0.0,1.0E-4],"evs":[0.0,-0.76801,-0.76519]},"54s":{"weight":1.0,"played":[0.9848,0.0059,0.0093],"evs":[0.0,-0.287,-0.28262]},"55":{"weight":1.0,"played":[0.0,0.0034,0.9966],"evs":[0.0,1.1687,1.16988]},"65o":{"weight":1.0,"played":[1.0,0.0,0.0],"evs":[0.0,-0.92435,-0.92286]},"75o":{"weight":1.0,"played":[1.0,0.0,0.0],"evs":[0.0,-1.15057,-1.1472]},"85o":{"weight":1.0,"played":[1.0,0.0,0.0],"evs":[0.0,-1.36914,-1.36708]},"95o":{"weight":1.0,"played":[1.0,0.0,0.0],"evs":[0.0,-1.72374,-1.72232]},"T5o":{"weight":1.0,"played":[1.0,0.0,0.0],"evs":[0.0,-1.91471,-1.91162]},"J5o":{"weight":1.0,"played":[1.0,0.0,0.0],"evs":[0.0,-1.71376,-1.71206]},"Q5o":{"weight":1.0,"played":[1.0,0.0,0.0],"evs":[0.0,-1.51917,-1.51679]},"K5o":{"weight":1.0,"played":[1.0,0.0,0.0],"evs":[0.0,-1.35897,-1.35632]},"A5o":{"weight":1.0,"played":[0.9999,0.0,0.0],"evs":[0.0,-1.3804,-1.37871]},"62s":{"weight":1.0,"played":[1.0,0.0,0.0],"evs":[0.0,-1.20278,-1.20235]},"63s":{"weight":1.0,"played":[1.0,0.0,0.0],"evs":[0.0,-0.90854,-0.90629]},"64s":{"weight":1.0,"played":[0.9911,0.0046,0.0043],"evs":[0.0,-0.48586,-0.4853]},"65s":{"weight":1.0,"played":[0.593,0.1867,0.2203],"evs":[0.0,-0.11979,-0.11828]},"66":{"weight":1.0,"played":[0.0,0.0085,0.9915],"evs":[0.0,1.53359,1.53517]},"76o":{"weight":1.0,"played":[1.0,0.0,0.0],"evs":[0.0,-0.83647,-0.83265]},"86o":{"weight":1.0,"played":[1.0,0.0,0.0],"evs":[0.0,-0.98004,-0.97829]},"96o":{"weight":1.0,"played":[1.0,0.0,0.0],"evs":[0.0,-1.20454,-1.20184]},"T6o":{"weight":1.0,"played":[1.0,0.0,0.0],"evs":[0.0,-1.34303,-1.3419]},"J6o":{"weight":1.0,"played":[1.0,0.0,0.0],"evs":[0.0,-1.60784,-1.60555]},"Q6o":{"weight":1.0,"played":[1.0,0.0,0.0],"evs":[0.0,-1.40052,-1.40027]},"K6o":{"weight":1.0,"played":[0.9999,0.0,1.0E-4],"evs":[0.0,-1.11256,-1.11096]},"A6o":{"weight":1.0,"played":[1.0,0.0,0.0],"evs":[0.0,-1.4746,-1.47274]},"72s":{"weight":1.0,"played":[1.0,0.0,0.0],"evs":[0.0,-1.65554,-1.65172]},"73s":{"weight":1.0,"played":[1.0,0.0,0.0],"evs":[0.0,-1.10692,-1.10496]},"74s":{"weight":1.0,"played":[0.9996,1.0E-4,3.0E-4],"evs":[0.0,-0.48045,-0.4754]},"75s":{"weight":1.0,"played":[1.0,0.0,0.0],"evs":[0.0,-0.34915,-0.34364]},"76s":{"weight":1.0,"played":[0.1622,0.3872,0.4506],"evs":[0.0,-0.00399,-0.00141]},"77":{"weight":1.0,"played":[0.0,4.0E-4,0.9996],"evs":[0.0,2.08511,2.08902]},"87o":{"weight":1.0,"played":[1.0,0.0,0.0],"evs":[0.0,-0.75963,-0.75756]},"97o":{"weight":1.0,"played":[1.0,0.0,0.0],"evs":[0.0,-0.93621,-0.93408]},"T7o":{"weight":1.0,"played":[1.0,0.0,0.0],"evs":[0.0,-1.11813,-1.11597]},"J7o":{"weight":1.0,"played":[1.0,0.0,0.0],"evs":[0.0,-1.32031,-1.31916]},"Q7o":{"weight":1.0,"played":[1.0,0.0,0.0],"evs":[0.0,-1.34328,-1.34245]},"K7o":{"weight":1.0,"played":[1.0,0.0,0.0],"evs":[0.0,-1.17542,-1.17303]},"A7o":{"weight":1.0,"played":[0.9998,1.0E-4,1.0E-4],"evs":[0.0,-1.2132,-1.21142]},"82s":{"weight":1.0,"played":[1.0,0.0,0.0],"evs":[0.0,-1.37645,-1.37378]},"83s":{"weight":1.0,"played":[1.0,0.0,0.0],"evs":[0.0,-1.23304,-1.23187]},"84s":{"weight":1.0,"played":[0.9999,0.0,1.0E-4],"evs":[0.0,-0.84193,-0.84109]},"85s":{"weight":1.0,"played":[1.0,0.0,0.0],"evs":[0.0,-0.37768,-0.37478]},"86s":{"weight":1.0,"played":[0.9683,0.0132,0.0184],"evs":[0.0,-0.27492,-0.27308]},"87s":{"weight":1.0,"played":[0.054,0.4487,0.4972],"evs":[0.0,0.27353,0.27487]},"88":{"weight":1.0,"played":[0.0,0.0,1.0],"evs":[0.0,2.65539,2.66126]},"98o":{"weight":1.0,"played":[1.0,0.0,0.0],"evs":[0.0,-0.6267,-0.62334]},"T8o":{"weight":1.0,"played":[1.0,0.0,0.0],"evs":[0.0,-0.74993,-0.74778]},"J8o":{"weight":1.0,"played":[1.0,0.0,0.0],"evs":[0.0,-0.96434,-0.9624]},"Q8o":{"weight":1.0,"played":[1.0,0.0,0.0],"evs":[0.0,-1.03008,-1.02774]},"K8o":{"weight":1.0,"played":[1.0,0.0,0.0],"evs":[0.0,-1.11721,-1.11663]},"A8o":{"weight":1.0,"played":[0.9984,6.0E-4,9.0E-4],"evs":[0.0,-0.80762,-0.80445]},"92s":{"weight":1.0,"played":[1.0,0.0,0.0],"evs":[0.0,-1.23234,-1.2325]},"93s":{"weight":1.0,"played":[0.9997,1.0E-4,2.0E-4],"evs":[0.0,-1.24824,-1.24813]},"94s":{"weight":1.0,"played":[0.9997,1.0E-4,2.0E-4],"evs":[0.0,-1.02667,-1.02384]},"95s":{"weight":1.0,"played":[0.9978,9.0E-4,0.0013],"evs":[0.0,-0.76089,-0.75875]},"96s":{"weight":1.0,"played":[0.8995,0.0495,0.051],"evs":[0.0,-0.08977,-0.08824]},"97s":{"weight":1.0,"played":[0.2815,0.3443,0.3743],"evs":[0.0,0.02988,0.03122]},"98s":{"weight":1.0,"played":[0.0,5.0E-4,0.9994],"evs":[0.0,0.31301,0.31591]},"99":{"weight":1.0,"played":[0.0,0.121,0.879],"evs":[0.0,3.35941,3.35876]},"T9o":{"weight":1.0,"played":[0.9994,1.0E-4,5.0E-4],"evs":[0.0,-0.37531,-0.3725]},"J9o":{"weight":1.0,"played":[0.9999,0.0,1.0E-4],"evs":[0.0,-0.54517,-0.5444]},"Q9o":{"weight":1.0,"played":[1.0,0.0,0.0],"evs":[0.0,-0.61316,-0.61091]},"K9o":{"weight":1.0,"played":[0.9999,0.0,1.0E-4],"evs":[0.0,-0.62376,-0.62157]},"A9o":{"weight":1.0,"played":[0.8264,0.0635,0.1101],"evs":[0.0,-0.21924,-0.21804]},"T2s":{"weight":1.0,"played":[1.0,0.0,0.0],"evs":[0.0,-1.37914,-1.37731]},"T3s":{"weight":1.0,"played":[0.9999,0.0,0.0],"evs":[0.0,-1.16837,-1.16879]},"T4s":{"weight":1.0,"played":[1.0,0.0,0.0],"evs":[0.0,-0.97873,-0.97398]},"T5s":{"weight":1.0,"played":[0.9998,1.0E-4,1.0E-4],"evs":[0.0,-0.99264,-0.9859]},"T6s":{"weight":1.0,"played":[0.9998,0.0,2.0E-4],"evs":[0.0,-0.27189,-0.27024]},"T7s":{"weight":1.0,"played":[0.7401,0.1132,0.1467],"evs":[0.0,-0.24723,-0.2434]},"T8s":{"weight":1.0,"played":[0.0099,0.3248,0.6652],"evs":[0.0,0.28554,0.29139]},"T9s":{"weight":1.0,"played":[0.0124,0.0699,0.9177],"evs":[0.0,0.53952,0.54132]},"TT":{"weight":1.0,"played":[0.0,0.0117,0.9883],"evs":[0.0,4.34295,4.34815]},"JTo":{"weight":1.0,"played":[0.8221,0.0802,0.0978],"evs":[0.0,-0.09605,-0.09246]},"QTo":{"weight":1.0,"played":[0.9728,0.0104,0.0168],"evs":[0.0,-0.08221,-0.08106]},"KTo":{"weight":1.0,"played":[0.533,0.1883,0.2787],"evs":[0.0,0.0035,0.00523]},"ATo":{"weight":1.0,"played":[0.0,0.0016,0.9984],"evs":[0.0,0.62687,0.63142]},"J2s":{"weight":1.0,"played":[1.0,0.0,0.0],"evs":[0.0,-1.2256,-1.2254]},"J3s":{"weight":1.0,"played":[0.9999,0.0,1.0E-4],"evs":[0.0,-1.09291,-1.08851]},"J4s":{"weight":1.0,"played":[1.0,0.0,0.0],"evs":[0.0,-0.98946,-0.99007]},"J5s":{"weight":1.0,"played":[0.9999,0.0,0.0],"evs":[0.0,-0.7573,-0.75896]},"J6s":{"weight":1.0,"played":[0.9999,0.0,1.0E-4],"evs":[0.0,-0.63345,-0.63297]},"J7s":{"weight":1.0,"played":[1.0,0.0,0.0],"evs":[0.0,-0.44809,-0.44353]},"J8s":{"weight":1.0,"played":[0.2963,0.3486,0.3551],"evs":[0.0,0.02461,0.02568]},"J9s":{"weight":1.0,"played":[0.0,4.0E-4,0.9995],"evs":[0.0,0.28628,0.29072]},"JTs":{"weight":1.0,"played":[7.0E-4,0.0187,0.9806],"evs":[0.0,0.79688,0.7994]},"JJ":{"weight":1.0,"played":[0.0,0.0,1.0],"evs":[0.0,5.46001,5.46383]},"QJo":{"weight":1.0,"played":[0.0246,0.1445,0.8309],"evs":[0.0,0.11311,0.11605]},"KJo":{"weight":1.0,"played":[0.0,7.0E-4,0.9993],"evs":[0.0,0.22533,0.22684]},"AJo":{"weight":1.0,"played":[0.0,0.0,1.0],"evs":[0.0,1.56799,1.57248]},"Q2s":{"weight":1.0,"played":[1.0,0.0,0.0],"evs":[0.0,-1.04076,-1.03921]},"Q3s":{"weight":1.0,"played":[0.9999,0.0,1.0E-4],"evs":[0.0,-0.82922,-0.82638]},"Q4s":{"weight":1.0,"played":[0.9999,0.0,0.0],"evs":[0.0,-0.66196,-0.65919]},"Q5s":{"weight":1.0,"played":[0.9998,1.0E-4,2.0E-4],"evs":[0.0,-0.57614,-0.57521]},"Q6s":{"weight":1.0,"played":[0.9999,0.0,0.0],"evs":[0.0,-0.42969,-0.42786]},"Q7s":{"weight":1.0,"played":[0.9993,4.0E-4,4.0E-4],"evs":[0.0,-0.55041,-0.54686]},"Q8s":{"weight":1.0,"played":[0.5447,0.1984,0.2569],"evs":[0.0,-0.08031,-0.07865]},"Q9s":{"weight":1.0,"played":[0.0144,0.3627,0.6229],"evs":[0.0,0.31599,0.3211]},"QTs":{"weight":1.0,"played":[0.0,0.0188,0.9812],"evs":[0.0,0.75051,0.7578]},"QJs":{"weight":1.0,"played":[0.0,0.0,1.0],"evs":[0.0,0.84072,0.84371]},"QQ":{"weight":1.0,"played":[0.0,0.0,1.0],"evs":[0.0,6.94666,6.94953]},"KQo":{"weight":1.0,"played":[0.0,0.0029,0.9971],"evs":[0.0,0.86118,0.86469]},"AQo":{"weight":1.0,"played":[0.0,0.0,1.0],"evs":[0.0,2.56288,2.56447]},"K2s":{"weight":1.0,"played":[0.9998,1.0E-4,1.0E-4],"evs":[0.0,-0.76661,-0.76322]},"K3s":{"weight":1.0,"played":[1.0,0.0,0.0],"evs":[0.0,-0.52992,-0.52811]},"K4s":{"weight":1.0,"played":[0.9979,9.0E-4,0.0012],"evs":[0.0,-0.4928,-0.49235]},"K5s":{"weight":1.0,"played":[0.9988,4.0E-4,8.0E-4],"evs":[0.0,-0.29082,-0.29102]},"K6s":{"weight":1.0,"played":[0.9912,0.0042,0.0046],"evs":[0.0,-0.22205,-0.21907]},"K7s":{"weight":1.0,"played":[0.4248,0.2797,0.2955],"evs":[0.0,-0.02927,-0.02815]},"K8s":{"weight":1.0,"played":[0.8459,0.0768,0.0773],"evs":[0.0,-0.11279,-0.1128]},"K9s":{"weight":1.0,"played":[0.0415,0.471,0.4875],"evs":[0.0,0.23143,0.23341]},"KTs":{"weight":1.0,"played":[0.0,1.0E-4,0.9999],"evs":[0.0,0.76683,0.77069]},"KJs":{"weight":1.0,"played":[0.0,0.0,1.0],"evs":[0.0,1.27566,1.28049]},"KQs":{"weight":1.0,"played":[0.0,0.1529,0.8471],"evs":[0.0,1.68288,1.68728]},"KK":{"weight":1.0,"played":[0.0,0.0,1.0],"evs":[0.0,8.82868,8.83251]},"AKo":{"weight":1.0,"played":[0.0,0.0173,0.9827],"evs":[0.0,3.86537,3.86645]},"A2s":{"weight":1.0,"played":[0.9983,9.0E-4,8.0E-4],"evs":[0.0,-0.93002,-0.92501]},"A3s":{"weight":1.0,"played":[0.9997,1.0E-4,1.0E-4],"evs":[0.0,-0.54989,-0.54964]},"A4s":{"weight":1.0,"played":[0.91,0.035,0.055],"evs":[0.0,-0.47217,-0.46594]},"A5s":{"weight":1.0,"played":[0.8687,0.0657,0.0657],"evs":[0.0,-0.27782,-0.27766]},"A6s":{"weight":1.0,"played":[0.9788,0.0091,0.0121],"evs":[0.0,-0.32561,-0.32062]},"A7s":{"weight":1.0,"played":[0.7769,0.1098,0.1132],"evs":[0.0,-0.16806,-0.1678]},"A8s":{"weight":1.0,"played":[0.0044,0.3324,0.6632],"evs":[0.0,0.2528,0.25378]},"A9s":{"weight":1.0,"played":[0.0,0.006,0.994],"evs":[0.0,0.55676,0.56334]},"ATs":{"weight":1.0,"played":[0.0,0.0846,0.9154],"evs":[0.0,1.57884,1.58969]},"AJs":{"weight":1.0,"played":[0.0,3.0E-4,0.9997],"evs":[0.0,2.49382,2.50037]},"AQs":{"weight":1.0,"played":[0.0,0.0,1.0],"evs":[0.0,3.29672,3.30039]},"AKs":{"weight":1.0,"played":[0.0,0.0,1.0],"evs":[0.0,4.71751,4.71946]},"AA":{"weight":1.0,"played":[0.0,0.0,1.0],"evs":[0.0,12.08812,12.09236]}}}