{"player":1,"street":0,"children":2,"sequence":[{"player":0,"type":"F","amount":0,"street":0}],"actions":[{"type":"F","amount":0,"node":2},{"type":"C","amount":3750000,"node":36}],"hands":{"22":{"weight":1.0,"played":[0.0,1.0],"evs":[0.0,0.26107]},"32o":{"weight":1.0,"played":[1.0,0.0],"evs":[0.0,-0.53228]},"42o":{"weight":1.0,"played":[1.0,0.0],"evs":[0.0,-0.48235]},"52o":{"weight":1.0,"played":[1.0,0.0],"evs":[0.0,-0.43416]},"62o":{"weight":1.0,"played":[1.0,0.0],"evs":[0.0,-0.50089]},"72o":{"weight":1.0,"played":[1.0,0.0],"evs":[0.0,-0.53838]},"82o":{"weight":1.0,"played":[1.0,0.0],"evs":[0.0,-0.47832]},"92o":{"weight":1.0,"played":[1.0,0.0],"evs":[0.0,-0.4296]},"T2o":{"weight":1.0,"played":[1.0,0.0],"evs":[0.0,-0.3468]},"J2o":{"weight":1.0,"played":[1.0,0.0],"evs":[0.0,-0.26559]},"Q2o":{"weight":1.0,"played":[1.0,0.0],"evs":[0.0,-0.16144]},"K2o":{"weight":1.0,"played":[0.0,1.0],"evs":[0.0,0.00783]},"A2o":{"weight":1.0,"played":[0.0,1.0],"evs":[0.0,0.43084]},"32s":{"weight":1.0,"played":[1.0,0.0],"evs":[0.0,-0.25817]},"33":{"weight":1.0,"played":[0.0,1.0],"evs":[0.0,0.38805]},"43o":{"weight":1.0,"played":[1.0,0.0],"evs":[0.0,-0.36972]},"53o":{"weight":1.0,"played":[1.0,0.0],"evs":[0.0,-0.31664]},"63o":{"weight":1.0,"played":[1.0,0.0],"evs":[0.0,-0.38196]},"73o":{"weight":1.0,"played":[1.0,0.0],"evs":[0.0,-0.42071]},"83o":{"weight":1.0,"played":[1.0,0.0],"evs":[0.0,-0.45463]},"93o":{"weight":1.0,"played":[1.0,0.0],"evs":[0.0,-0.38815]},"T3o":{"weight":1.0,"played":[1.0,0.0],"evs":[0.0,-0.30456]},"J3o":{"weight":1.0,"played":[1.0,0.0],"evs":[0.0,-0.22269]},"Q3o":{"weight":1.0,"played":[1.0,0.0],"evs":[0.0,-0.11608]},"K3o":{"weight":1.0,"played":[0.0,1.0],"evs":[0.0,0.05187]},"A3o":{"weight":1.0,"played":[0.0,1.0],"evs":[0.0,0.48279]},"42s":{"weight":1.0,"played":[1.0,0.0],"evs":[0.0,-0.21086]},"43s":{"weight":1.0,"played":[1.0,0.0],"evs":[0.0,-0.10505]},"44":{"weight":1.0,"played":[0.0,1.0],"evs":[0.0,0.52883]},"54o":{"weight":1.0,"played":[1.0,0.0],"evs":[0.0,-0.2033]},"64o":{"weight":1.0,"played":[1.0,0.0],"evs":[0.0,-0.26059]},"74o":{"weight":1.0,"played":[1.0,0.0],"evs":[0.0,-0.29939]},"84o":{"weight":1.0,"played":[1.0,0.0],"evs":[0.0,-0.33396]},"94o":{"weight":1.0,"played":[1.0,0.0],"evs":[0.0,-0.35893]},"T4o":{"weight":1.0,"played":[1.0,0.0],"evs":[0.0,-0.25805]},"J4o":{"weight":1.0,"played":[1.0,0.0],"evs":[0.0,-0.17589]},"Q4o":{"weight":1.0,"played":[1.0,0.0],"evs":[0.0,-0.06999]},"K4o":{"weight":1.0,"played":[0.0,1.0],"evs":[0.0,0.10165]},"A4o":{"weight":1.0,"played":[0.0,1.0],"evs":[0.0,0.53654]},"52s":{"weight":1.0,"played":[1.0,0.0],"evs":[0.0,-0.16421]},"53s":{"weight":1.0,"played":[1.0,0.0],"evs":[0.0,-0.05512]},"54s":{"weight":1.0,"played":[0.0,1.0],"evs":[0.0,0.04996]},"55":{"weight":1.0,"played":[0.0,1.0],"evs":[0.0,0.68643]},"65o":{"weight":1.0,"played":[1.0,0.0],"evs":[0.0,-0.14813]},"75o":{"weight":1.0,"played":[1.0,0.0],"evs":[0.0,-0.17854]},"85o":{"weight":1.0,"played":[1.0,0.0],"evs":[0.0,-0.21072]},"95o":{"weight":1.0,"played":[1.0,0.0],"evs":[0.0,-0.2378]},"T5o":{"weight":1.0,"played":[1.0,0.0],"evs":[0.0,-0.22659]},"J5o":{"weight":1.0,"played":[1.0,0.0],"evs":[0.0,-0.1286]},"Q5o":{"weight":1.0,"played":[1.0,0.0],"evs":[0.0,-0.01849]},"K5o":{"weight":1.0,"played":[0.0,1.0],"evs":[0.0,0.15766]},"A5o":{"weight":1.0,"played":[0.0,1.0],"evs":[0.0,0.60599]},"62s":{"weight":1.0,"played":[1.0,0.0],"evs":[0.0,-0.22614]},"63s":{"weight":1.0,"played":[1.0,0.0],"evs":[0.0,-0.11613]},"64s":{"weight":1.0,"played":[0.9831,0.0169],"evs":[0.0,-0.00211]},"65s":{"weight":1.0,"played":[0.0,1.0],"evs":[0.0,0.10203]},"66":{"weight":1.0,"played":[0.0,1.0],"evs":[0.0,0.83542]},"76o":{"weight":1.0,"played":[1.0,0.0],"evs":[0.0,-0.07382]},"86o":{"weight":1.0,"played":[1.0,0.0],"evs":[0.0,-0.09646]},"96o":{"weight":1.0,"played":[1.0,0.0],"evs":[0.0,-0.1196]},"T6o":{"weight":1.0,"played":[1.0,0.0],"evs":[0.0,-0.10866]},"J6o":{"weight":1.0,"played":[1.0,0.0],"evs":[0.0,-0.09707]},"Q6o":{"weight":1.0,"played":[0.0,1.0],"evs":[0.0,0.02934]},"K6o":{"weight":1.0,"played":[0.0,1.0],"evs":[0.0,0.21522]},"A6o":{"weight":1.0,"played":[0.0,1.0],"evs":[0.0,0.60366]},"72s":{"weight":1.0,"played":[1.0,0.0],"evs":[0.0,-0.26051]},"73s":{"weight":1.0,"played":[1.0,0.0],"evs":[0.0,-0.15258]},"74s":{"weight":1.0,"played":[1.0,0.0],"evs":[0.0,-0.03754]},"75s":{"weight":1.0,"played":[0.0,1.0],"evs":[0.0,0.07525]},"76s":{"weight":1.0,"played":[0.0,1.0],"evs":[0.0,0.17471]},"77":{"weight":1.0,"played":[0.0,1.0],"evs":[0.0,1.00012]},"87o":{"weight":1.0,"played":[0.0,1.0],"evs":[0.0,0.00686]},"97o":{"weight":1.0,"played":[1.0,0.0],"evs":[0.0,-0.00636]},"T7o":{"weight":1.0,"played":[0.0,1.0],"evs":[0.0,0.00569]},"J7o":{"weight":1.0,"played":[0.0,1.0],"evs":[0.0,0.01665]},"Q7o":{"weight":1.0,"played":[0.0,1.0],"evs":[0.0,0.06044]},"K7o":{"weight":1.0,"played":[0.0,1.0],"evs":[0.0,0.27564]},"A7o":{"weight":1.0,"played":[0.0,1.0],"evs":[0.0,0.70223]},"82s":{"weight":1.0,"played":[1.0,0.0],"evs":[0.0,-0.20368]},"83s":{"weight":1.0,"played":[1.0,0.0],"evs":[0.0,-0.18247]},"84s":{"weight":1.0,"played":[1.0,0.0],"evs":[0.0,-0.06898]},"85s":{"weight":1.0,"played":[0.0,1.0],"evs":[0.0,0.04706]},"86s":{"weight":1.0,"played":[0.0,1.0],"evs":[0.0,0.15405]},"87s":{"weight":1.0,"played":[0.0,1.0],"evs":[0.0,0.24958]},"88":{"weight":1.0,"played":[0.0,1.0],"evs":[0.0,1.19119]},"98o":{"weight":1.0,"played":[0.0,1.0],"evs":[0.0,0.09503]},"T8o":{"weight":1.0,"played":[0.0,1.0],"evs":[0.0,0.12485]},"J8o":{"weight":1.0,"played":[0.0,1.0],"evs":[0.0,0.13943]},"Q8o":{"weight":1.0,"played":[0.0,1.0],"evs":[0.0,0.18811]},"K8o":{"weight":1.0,"played":[0.0,1.0],"evs":[0.0,0.33769]},"A8o":{"weight":1.0,"played":[0.0,1.0],"evs":[0.0,0.81393]},"92s":{"weight":1.0,"played":[1.0,0.0],"evs":[0.0,-0.15497]},"93s":{"weight":1.0,"played":[1.0,0.0],"evs":[0.0,-0.11818]},"94s":{"weight":1.0,"played":[1.0,0.0],"evs":[0.0,-0.09158]},"95s":{"weight":1.0,"played":[0.0,1.0],"evs":[0.0,0.02148]},"96s":{"weight":1.0,"played":[0.0,1.0],"evs":[0.0,0.13339]},"97s":{"weight":1.0,"played":[0.0,1.0],"evs":[0.0,0.23701]},"98s":{"weight":1.0,"played":[0.0,1.0],"evs":[0.0,0.33286]},"99":{"weight":1.0,"played":[0.0,1.0],"evs":[0.0,1.41894]},"T9o":{"weight":1.0,"played":[0.0,1.0],"evs":[0.0,0.25235]},"J9o":{"weight":1.0,"played":[0.0,1.0],"evs":[0.0,0.27403]},"Q9o":{"weight":1.0,"played":[0.0,1.0],"evs":[0.0,0.33322]},"K9o":{"weight":1.0,"played":[0.0,1.0],"evs":[0.0,0.50212]},"A9o":{"weight":1.0,"played":[0.0,1.0],"evs":[0.0,0.94085]},"T2s":{"weight":1.0,"played":[1.0,0.0],"evs":[0.0,-0.07608]},"T3s":{"weight":1.0,"played":[1.0,0.0],"evs":[0.0,-0.03703]},"T4s":{"weight":1.0,"played":[2.0E-4,0.9998],"evs":[0.0,0.00471]},"T5s":{"weight":1.0,"played":[0.0,1.0],"evs":[0.0,0.03263]},"T6s":{"weight":1.0,"played":[0.0,1.0],"evs":[0.0,0.14196]},"T7s":{"weight":1.0,"played":[0.0,1.0],"evs":[0.0,0.25182]},"T8s":{"weight":1.0,"played":[0.0,1.0],"evs":[0.0,0.36086]},"T9s":{"weight":1.0,"played":[0.0,1.0],"evs":[0.0,0.47866]},"TT":{"weight":1.0,"played":[0.0,1.0],"evs":[0.0,1.69945]},"JTo":{"weight":1.0,"played":[0.0,1.0],"evs":[0.0,0.46578]},"QTo":{"weight":1.0,"played":[0.0,1.0],"evs":[0.0,0.536]},"KTo":{"weight":1.0,"played":[0.0,1.0],"evs":[0.0,0.71933]},"ATo":{"weight":1.0,"played":[0.0,1.0],"evs":[0.0,1.17681]},"J2s":{"weight":1.0,"played":[0.0012,0.9988],"evs":[0.0,0.00233]},"J3s":{"weight":1.0,"played":[0.0,1.0],"evs":[0.0,0.04177]},"J4s":{"weight":1.0,"played":[0.0,1.0],"evs":[0.0,0.08417]},"J5s":{"weight":1.0,"played":[0.0,1.0],"evs":[0.0,0.1283]},"J6s":{"weight":1.0,"played":[0.0,1.0],"evs":[0.0,0.1571]},"J7s":{"weight":1.0,"played":[0.0,1.0],"evs":[0.0,0.26286]},"J8s":{"weight":1.0,"played":[0.0,1.0],"evs":[0.0,0.37852]},"J9s":{"weight":1.0,"played":[0.0,1.0],"evs":[0.0,0.50511]},"JTs":{"weight":1.0,"played":[0.0,1.0],"evs":[0.0,0.68067]},"JJ":{"weight":1.0,"played":[0.0,1.0],"evs":[0.0,1.96144]},"QJo":{"weight":1.0,"played":[0.0,1.0],"evs":[0.0,0.6271]},"KJo":{"weight":1.0,"played":[0.0,1.0],"evs":[0.0,0.82495]},"AJo":{"weight":1.0,"played":[0.0,1.0],"evs":[0.0,1.31026]},"Q2s":{"weight":1.0,"played":[0.0,1.0],"evs":[0.0,0.10713]},"Q3s":{"weight":1.0,"played":[0.0,1.0],"evs":[0.0,0.14714]},"Q4s":{"weight":1.0,"played":[0.0,1.0],"evs":[0.0,0.1886]},"Q5s":{"weight":1.0,"played":[0.0,1.0],"evs":[0.0,0.23503]},"Q6s":{"weight":1.0,"played":[0.0,1.0],"evs":[0.0,0.28032]},"Q7s":{"weight":1.0,"played":[0.0,1.0],"evs":[0.0,0.30842]},"Q8s":{"weight":1.0,"played":[0.0,1.0],"evs":[0.0,0.42976]},"Q9s":{"weight":1.0,"played":[0.0,1.0],"evs":[0.0,0.56283]},"QTs":{"weight":1.0,"played":[0.0,1.0],"evs":[0.0,0.74979]},"QJs":{"weight":1.0,"played":[0.0,1.0],"evs":[0.0,0.83636]},"QQ":{"weight":1.0,"played":[0.0,1.0],"evs":[0.0,2.25596]},"KQo":{"weight":1.0,"played":[0.0,1.0],"evs":[0.0,0.94578]},"AQo":{"weight":1.0,"played":[0.0,1.0],"evs":[0.0,1.46005]},"K2s":{"weight":1.0,"played":[0.0,1.0],"evs":[0.0,0.27047]},"K3s":{"weight":1.0,"played":[0.0,1.0],"evs":[0.0,0.30997]},"K4s":{"weight":1.0,"played":[0.0,1.0],"evs":[0.0,0.35623]},"K5s":{"weight":1.0,"played":[0.0,1.0],"evs":[0.0,0.40577]},"K6s":{"weight":1.0,"played":[0.0,1.0],"evs":[0.0,0.46042]},"K7s":{"weight":1.0,"played":[0.0,1.0],"evs":[0.0,0.51601]},"K8s":{"weight":1.0,"played":[0.0,1.0],"evs":[0.0,0.57497]},"K9s":{"weight":1.0,"played":[0.0,1.0],"evs":[0.0,0.72629]},"KTs":{"weight":1.0,"played":[0.0,1.0],"evs":[0.0,0.93185]},"KJs":{"weight":1.0,"played":[0.0,1.0],"evs":[0.0,1.02701]},"KQs":{"weight":1.0,"played":[0.0,1.0],"evs":[0.0,1.13971]},"KK":{"weight":1.0,"played":[0.0,1.0],"evs":[0.0,2.6531]},"AKo":{"weight":1.0,"played":[0.0,1.0],"evs":[0.0,1.6616]},"A2s":{"weight":1.0,"played":[0.0,1.0],"evs":[0.0,0.67289]},"A3s":{"weight":1.0,"played":[0.0,1.0],"evs":[0.0,0.72109]},"A4s":{"weight":1.0,"played":[0.0,1.0],"evs":[0.0,0.76891]},"A5s":{"weight":1.0,"played":[0.0,1.0],"evs":[0.0,0.83447]},"A6s":{"weight":1.0,"played":[0.0,1.0],"evs":[0.0,0.83199]},"A7s":{"weight":1.0,"played":[0.0,1.0],"evs":[0.0,0.92437]},"A8s":{"weight":1.0,"played":[0.0,1.0],"evs":[0.0,1.02671]},"A9s":{"weight":1.0,"played":[0.0,1.0],"evs":[0.0,1.14396]},"ATs":{"weight":1.0,"played":[0.0,1.0],"evs":[0.0,1.36541]},"AJs":{"weight":1.0,"played":[0.0,1.0],"evs":[0.0,1.48934]},"AQs":{"weight":1.0,"played":[0.0,1.0],"evs":[0.0,1.62875]},"AKs":{"weight":1.0,"played":[0.0,1.0],"evs":[0.0,1.81286]},"AA":{"weight":1.0,"played":[0.0,1.0],"evs":[0.0,3.30126]}}}