{"player":5,"street":0,"children":2,"sequence":[{"player":0,"type":"R","amount":29750000,"street":0},{"player":1,"type":"C","amount":3750000,"street":0},{"player":2,"type":"F","amount":0,"street":0},{"player":3,"type":"F","amount":0,"street":0},{"player":4,"type":"R","amount":57250000,"street":0}],"actions":[{"type":"F","amount":0},{"type":"C","amount":52250000}],"hands":{"22":{"weight":1.0,"played":[1.0,0.0],"evs":[0.0,-0.70509]},"32o":{"weight":1.0,"played":[1.0,0.0],"evs":[0.0,-3.68713]},"42o":{"weight":1.0,"played":[1.0,0.0],"evs":[0.0,-3.482]},"52o":{"weight":1.0,"played":[1.0,0.0],"evs":[0.0,-3.24007]},"62o":{"weight":1.0,"played":[1.0,0.0],"evs":[0.0,-3.42027]},"72o":{"weight":1.0,"played":[1.0,0.0],"evs":[0.0,-3.75567]},"82o":{"weight":1.0,"played":[1.0,0.0],"evs":[0.0,-3.68416]},"92o":{"weight":1.0,"played":[1.0,0.0],"evs":[0.0,-3.66184]},"T2o":{"weight":1.0,"played":[1.0,0.0],"evs":[0.0,-3.55909]},"J2o":{"weight":1.0,"played":[1.0,0.0],"evs":[0.0,-3.4805]},"Q2o":{"weight":1.0,"played":[1.0,0.0],"evs":[0.0,-3.18057]},"K2o":{"weight":1.0,"played":[1.0,0.0],"evs":[0.0,-2.9989]},"A2o":{"weight":1.0,"played":[1.0,0.0],"evs":[0.0,-2.43601]},"32s":{"weight":1.0,"played":[1.0,0.0],"evs":[0.0,-2.65894]},"33":{"weight":1.0,"played":[0.9998,2.0E-4],"evs":[0.0,-0.18104]},"43o":{"weight":1.0,"played":[1.0,0.0],"evs":[0.0,-2.96554]},"53o":{"weight":1.0,"played":[1.0,0.0],"evs":[0.0,-2.71008]},"63o":{"weight":1.0,"played":[1.0,0.0],"evs":[0.0,-2.87025]},"73o":{"weight":1.0,"played":[1.0,0.0],"evs":[0.0,-3.21865]},"83o":{"weight":1.0,"played":[1.0,0.0],"evs":[0.0,-3.56831]},"93o":{"weight":1.0,"played":[1.0,0.0],"evs":[0.0,-3.44105]},"T3o":{"weight":1.0,"played":[1.0,0.0],"evs":[0.0,-3.33178]},"J3o":{"weight":1.0,"played":[1.0,0.0],"evs":[0.0,-3.25821]},"Q3o":{"weight":1.0,"played":[1.0,0.0],"evs":[0.0,-2.98044]},"K3o":{"weight":1.0,"played":[1.0,0.0],"evs":[0.0,-2.78739]},"A3o":{"weight":1.0,"played":[1.0,0.0],"evs":[0.0,-2.22873]},"42s":{"weight":1.0,"played":[1.0,0.0],"evs":[0.0,-2.46613]},"43s":{"weight":1.0,"played":[1.0,0.0],"evs":[0.0,-1.99255]},"44":{"weight":1.0,"played":[2.0E-4,0.9998],"evs":[0.0,0.41556]},"54o":{"weight":1.0,"played":[1.0,0.0],"evs":[0.0,-2.20189]},"64o":{"weight":1.0,"played":[1.0,0.0],"evs":[0.0,-2.36834]},"74o":{"weight":1.0,"played":[1.0,0.0],"evs":[0.0,-2.7588]},"84o":{"weight":1.0,"played":[1.0,0.0],"evs":[0.0,-3.03979]},"94o":{"weight":1.0,"played":[1.0,0.0],"evs":[0.0,-3.31985]},"T4o":{"weight":1.0,"played":[1.0,0.0],"evs":[0.0,-3.17415]},"J4o":{"weight":1.0,"played":[1.0,0.0],"evs":[0.0,-3.07443]},"Q4o":{"weight":1.0,"played":[1.0,0.0],"evs":[0.0,-2.79543]},"K4o":{"weight":1.0,"played":[1.0,0.0],"evs":[0.0,-2.63406]},"A4o":{"weight":1.0,"played":[1.0,0.0],"evs":[0.0,-2.02328]},"52s":{"weight":1.0,"played":[1.0,0.0],"evs":[0.0,-2.27061]},"53s":{"weight":1.0,"played":[1.0,0.0],"evs":[0.0,-1.7522]},"54s":{"weight":1.0,"played":[1.0,0.0],"evs":[0.0,-1.21601]},"55":{"weight":1.0,"played":[0.0,1.0],"evs":[0.0,1.08391]},"65o":{"weight":1.0,"played":[1.0,0.0],"evs":[0.0,-1.89198]},"75o":{"weight":1.0,"played":[1.0,0.0],"evs":[0.0,-2.19653]},"85o":{"weight":1.0,"played":[1.0,0.0],"evs":[0.0,-2.50996]},"95o":{"weight":1.0,"played":[1.0,0.0],"evs":[0.0,-2.81648]},"T5o":{"weight":1.0,"played":[1.0,0.0],"evs":[0.0,-2.98692]},"J5o":{"weight":1.0,"played":[1.0,0.0],"evs":[0.0,-2.83508]},"Q5o":{"weight":1.0,"played":[1.0,0.0],"evs":[0.0,-2.54628]},"K5o":{"weight":1.0,"played":[1.0,0.0],"evs":[0.0,-2.37537]},"A5o":{"weight":1.0,"played":[1.0,0.0],"evs":[0.0,-1.74255]},"62s":{"weight":1.0,"played":[1.0,0.0],"evs":[0.0,-2.39316]},"63s":{"weight":1.0,"played":[1.0,0.0],"evs":[0.0,-1.90252]},"64s":{"weight":1.0,"played":[1.0,0.0],"evs":[0.0,-1.43527]},"65s":{"weight":1.0,"played":[1.0,0.0],"evs":[0.0,-1.01011]},"66":{"weight":1.0,"played":[0.0,1.0],"evs":[0.0,1.70967]},"76o":{"weight":1.0,"played":[1.0,0.0],"evs":[0.0,-1.75074]},"86o":{"weight":1.0,"played":[1.0,0.0],"evs":[0.0,-1.99873]},"96o":{"weight":1.0,"played":[1.0,0.0],"evs":[0.0,-2.30669]},"T6o":{"weight":1.0,"played":[1.0,0.0],"evs":[0.0,-2.48646]},"J6o":{"weight":1.0,"played":[1.0,0.0],"evs":[0.0,-2.71409]},"Q6o":{"weight":1.0,"played":[1.0,0.0],"evs":[0.0,-2.35349]},"K6o":{"weight":1.0,"played":[1.0,0.0],"evs":[0.0,-2.20357]},"A6o":{"weight":1.0,"played":[1.0,0.0],"evs":[0.0,-1.88727]},"72s":{"weight":1.0,"played":[1.0,0.0],"evs":[0.0,-2.74452]},"73s":{"weight":1.0,"played":[1.0,0.0],"evs":[0.0,-2.2425]},"74s":{"weight":1.0,"played":[1.0,0.0],"evs":[0.0,-1.76882]},"75s":{"weight":1.0,"played":[1.0,0.0],"evs":[0.0,-1.22276]},"76s":{"weight":1.0,"played":[1.0,0.0],"evs":[0.0,-0.80044]},"77":{"weight":1.0,"played":[0.0,1.0],"evs":[0.0,2.212]},"87o":{"weight":1.0,"played":[1.0,0.0],"evs":[0.0,-1.72916]},"97o":{"weight":1.0,"played":[1.0,0.0],"evs":[0.0,-1.98456]},"T7o":{"weight":1.0,"played":[1.0,0.0],"evs":[0.0,-2.15557]},"J7o":{"weight":1.0,"played":[1.0,0.0],"evs":[0.0,-2.39035]},"Q7o":{"weight":1.0,"played":[1.0,0.0],"evs":[0.0,-2.38724]},"K7o":{"weight":1.0,"played":[1.0,0.0],"evs":[0.0,-2.12167]},"A7o":{"weight":1.0,"played":[1.0,0.0],"evs":[0.0,-1.59596]},"82s":{"weight":1.0,"played":[1.0,0.0],"evs":[0.0,-2.61609]},"83s":{"weight":1.0,"played":[1.0,0.0],"evs":[0.0,-2.51004]},"84s":{"weight":1.0,"played":[1.0,0.0],"evs":[0.0,-2.07466]},"85s":{"weight":1.0,"played":[1.0,0.0],"evs":[0.0,-1.49539]},"86s":{"weight":1.0,"played":[1.0,0.0],"evs":[0.0,-1.0576]},"87s":{"weight":1.0,"played":[1.0,0.0],"evs":[0.0,-0.82023]},"88":{"weight":1.0,"played":[0.0,1.0],"evs":[0.0,2.92012]},"98o":{"weight":1.0,"played":[1.0,0.0],"evs":[0.0,-1.6943]},"T8o":{"weight":1.0,"played":[1.0,0.0],"evs":[0.0,-1.85047]},"J8o":{"weight":1.0,"played":[1.0,0.0],"evs":[0.0,-2.08668]},"Q8o":{"weight":1.0,"played":[1.0,0.0],"evs":[0.0,-2.11758]},"K8o":{"weight":1.0,"played":[1.0,0.0],"evs":[0.0,-2.15918]},"A8o":{"weight":1.0,"played":[1.0,0.0],"evs":[0.0,-1.23229]},"92s":{"weight":1.0,"played":[1.0,0.0],"evs":[0.0,-2.56136]},"93s":{"weight":1.0,"played":[1.0,0.0],"evs":[0.0,-2.41804]},"94s":{"weight":1.0,"played":[1.0,0.0],"evs":[0.0,-2.34295]},"95s":{"weight":1.0,"played":[1.0,0.0],"evs":[0.0,-1.81747]},"96s":{"weight":1.0,"played":[1.0,0.0],"evs":[0.0,-1.35043]},"97s":{"weight":1.0,"played":[0.9999,1.0E-4],"evs":[0.0,-1.03635]},"98s":{"weight":1.0,"played":[1.0,0.0],"evs":[0.0,-0.81176]},"99":{"weight":1.0,"played":[0.0,1.0],"evs":[0.0,3.92364]},"T9o":{"weight":1.0,"played":[1.0,0.0],"evs":[0.0,-1.51139]},"J9o":{"weight":1.0,"played":[1.0,0.0],"evs":[0.0,-1.73902]},"Q9o":{"weight":1.0,"played":[1.0,0.0],"evs":[0.0,-1.73946]},"K9o":{"weight":1.0,"played":[1.0,0.0],"evs":[0.0,-1.74296]},"A9o":{"weight":1.0,"played":[1.0,0.0],"evs":[0.0,-0.56522]},"T2s":{"weight":1.0,"played":[1.0,0.0],"evs":[0.0,-2.4843]},"T3s":{"weight":1.0,"played":[1.0,0.0],"evs":[0.0,-2.33392]},"T4s":{"weight":1.0,"played":[1.0,0.0],"evs":[0.0,-2.14677]},"T5s":{"weight":1.0,"played":[1.0,0.0],"evs":[0.0,-1.8982]},"T6s":{"weight":1.0,"played":[1.0,0.0],"evs":[0.0,-1.4195]},"T7s":{"weight":1.0,"played":[1.0,0.0],"evs":[0.0,-1.19657]},"T8s":{"weight":1.0,"played":[1.0,0.0],"evs":[0.0,-0.91809]},"T9s":{"weight":1.0,"played":[1.0,0.0],"evs":[0.0,-0.64747]},"TT":{"weight":1.0,"played":[0.0,1.0],"evs":[0.0,5.01507]},"JTo":{"weight":1.0,"played":[1.0,0.0],"evs":[0.0,-1.19491]},"QTo":{"weight":1.0,"played":[1.0,0.0],"evs":[0.0,-1.12201]},"KTo":{"weight":1.0,"played":[1.0,0.0],"evs":[0.0,-1.14694]},"ATo":{"weight":1.0,"played":[2.0E-4,0.9998],"evs":[0.0,0.31791]},"J2s":{"weight":1.0,"played":[1.0,0.0],"evs":[0.0,-2.36456]},"J3s":{"weight":1.0,"played":[1.0,0.0],"evs":[0.0,-2.19374]},"J4s":{"weight":1.0,"played":[1.0,0.0],"evs":[0.0,-2.08249]},"J5s":{"weight":1.0,"played":[1.0,0.0],"evs":[0.0,-1.81553]},"J6s":{"weight":1.0,"played":[1.0,0.0],"evs":[0.0,-1.69809]},"J7s":{"weight":1.0,"played":[1.0,0.0],"evs":[0.0,-1.34583]},"J8s":{"weight":1.0,"played":[1.0,0.0],"evs":[0.0,-1.12507]},"J9s":{"weight":1.0,"played":[1.0,0.0],"evs":[0.0,-0.7621]},"JTs":{"weight":1.0,"played":[0.9995,5.0E-4],"evs":[0.0,-0.30968]},"JJ":{"weight":1.0,"played":[0.0,1.0],"evs":[0.0,6.18244]},"QJo":{"weight":1.0,"played":[1.0,0.0],"evs":[0.0,-1.01111]},"KJo":{"weight":1.0,"played":[1.0,0.0],"evs":[0.0,-0.79453]},"AJo":{"weight":1.0,"played":[0.0,1.0],"evs":[0.0,1.1657]},"Q2s":{"weight":1.0,"played":[1.0,0.0],"evs":[0.0,-2.10107]},"Q3s":{"weight":1.0,"played":[1.0,0.0],"evs":[0.0,-1.98439]},"Q4s":{"weight":1.0,"played":[1.0,0.0],"evs":[0.0,-1.71464]},"Q5s":{"weight":1.0,"played":[1.0,0.0],"evs":[0.0,-1.52395]},"Q6s":{"weight":1.0,"played":[1.0,0.0],"evs":[0.0,-1.37515]},"Q7s":{"weight":1.0,"played":[1.0,0.0],"evs":[0.0,-1.34356]},"Q8s":{"weight":1.0,"played":[1.0,0.0],"evs":[0.0,-1.15161]},"Q9s":{"weight":1.0,"played":[1.0,0.0],"evs":[0.0,-0.79337]},"QTs":{"weight":1.0,"played":[0.9997,3.0E-4],"evs":[0.0,-0.26302]},"QJs":{"weight":1.0,"played":[0.9683,0.0317],"evs":[0.0,-0.10281]},"QQ":{"weight":1.0,"played":[0.0,1.0],"evs":[0.0,7.4643]},"KQo":{"weight":1.0,"played":[0.5441,0.4559],"evs":[0.0,-0.03351]},"AQo":{"weight":1.0,"played":[0.0,1.0],"evs":[0.0,2.07425]},"K2s":{"weight":1.0,"played":[1.0,0.0],"evs":[0.0,-1.96193]},"K3s":{"weight":1.0,"played":[1.0,0.0],"evs":[0.0,-1.72602]},"K4s":{"weight":1.0,"played":[1.0,0.0],"evs":[0.0,-1.54998]},"K5s":{"weight":1.0,"played":[1.0,0.0],"evs":[0.0,-1.36834]},"K6s":{"weight":1.0,"played":[1.0,0.0],"evs":[0.0,-1.15639]},"K7s":{"weight":1.0,"played":[1.0,0.0],"evs":[0.0,-1.15041]},"K8s":{"weight":1.0,"played":[1.0,0.0],"evs":[0.0,-1.14299]},"K9s":{"weight":1.0,"played":[1.0,0.0],"evs":[0.0,-0.69953]},"KTs":{"weight":1.0,"played":[0.9968,0.0032],"evs":[0.0,-0.17404]},"KJs":{"weight":1.0,"played":[0.0033,0.9967],"evs":[0.0,0.16824]},"KQs":{"weight":1.0,"played":[0.0,1.0],"evs":[0.0,0.87102]},"KK":{"weight":1.0,"played":[0.0,1.0],"evs":[0.0,9.01863]},"AKo":{"weight":1.0,"played":[0.0,1.0],"evs":[0.0,3.01193]},"A2s":{"weight":1.0,"played":[1.0,0.0],"evs":[0.0,-1.36904]},"A3s":{"weight":1.0,"played":[1.0,0.0],"evs":[0.0,-1.16163]},"A4s":{"weight":1.0,"played":[1.0,0.0],"evs":[0.0,-0.96816]},"A5s":{"weight":1.0,"played":[1.0,0.0],"evs":[0.0,-0.65524]},"A6s":{"weight":1.0,"played":[1.0,0.0],"evs":[0.0,-0.81679]},"A7s":{"weight":1.0,"played":[1.0,0.0],"evs":[0.0,-0.54108]},"A8s":{"weight":1.0,"played":[0.9959,0.0041],"evs":[0.0,-0.23163]},"A9s":{"weight":1.0,"played":[1.0E-4,0.9999],"evs":[0.0,0.39662]},"ATs":{"weight":1.0,"played":[0.0,1.0],"evs":[0.0,1.2516]},"AJs":{"weight":1.0,"played":[0.0,1.0],"evs":[0.0,2.07144]},"AQs":{"weight":1.0,"played":[0.0,1.0],"evs":[0.0,2.85717]},"AKs":{"weight":1.0,"played":[0.0,1.0],"evs":[0.0,3.75048]},"AA":{"weight":1.0,"played":[0.0,1.0],"evs":[0.0,11.45103]}}}