{"player":3,"street":0,"children":2,"sequence":[{"player":0,"type":"R","amount":29750000,"street":0},{"player":1,"type":"C","amount":3750000,"street":0},{"player":2,"type":"F","amount":0,"street":0},{"player":3,"type":"C","amount":29750000,"street":0},{"player":4,"type":"F","amount":0,"street":0},{"player":5,"type":"R","amount":35250000,"street":0}],"actions":[{"type":"F","amount":0},{"type":"C","amount":5500000}],"hands":{"22":{"weight":0.0,"played":[0.0,1.0],"evs":[0.0,5.09355]},"32o":{"weight":0.0,"played":[0.0,1.0],"evs":[0.0,2.98017]},"42o":{"weight":0.0,"played":[0.0,1.0],"evs":[0.0,3.1311]},"52o":{"weight":0.0,"played":[0.0,1.0],"evs":[0.0,3.35491]},"62o":{"weight":0.0,"played":[0.0,1.0],"evs":[0.0,3.08715]},"72o":{"weight":0.0,"played":[0.0,1.0],"evs":[0.0,2.7286]},"82o":{"weight":0.0,"played":[0.0,1.0],"evs":[0.0,2.82977]},"92o":{"weight":0.0,"played":[0.0,1.0],"evs":[0.0,2.79688]},"T2o":{"weight":0.0,"played":[0.0,1.0],"evs":[0.0,2.91343]},"J2o":{"weight":0.0,"played":[0.0,1.0],"evs":[0.0,3.02888]},"Q2o":{"weight":0.0,"played":[0.0,1.0],"evs":[0.0,3.40763]},"K2o":{"weight":0.0,"played":[0.0,1.0],"evs":[0.0,3.84818]},"A2o":{"weight":0.0,"played":[0.0,1.0],"evs":[0.0,4.57872]},"32s":{"weight":0.0,"played":[0.0,1.0],"evs":[0.0,3.86543]},"33":{"weight":0.0,"played":[0.0,1.0],"evs":[0.0,5.48552]},"43o":{"weight":0.0,"played":[0.0,1.0],"evs":[0.0,3.53821]},"53o":{"weight":0.0,"played":[0.0,1.0],"evs":[0.0,3.74654]},"63o":{"weight":0.0,"played":[0.0,1.0],"evs":[0.0,3.54653]},"73o":{"weight":0.0,"played":[0.0,1.0],"evs":[0.0,3.16457]},"83o":{"weight":0.0,"played":[0.0,1.0],"evs":[0.0,2.9131]},"93o":{"weight":0.0,"played":[0.0,1.0],"evs":[0.0,2.93212]},"T3o":{"weight":0.0,"played":[0.0,1.0],"evs":[0.0,3.06614]},"J3o":{"weight":0.0,"played":[0.0,1.0],"evs":[0.0,3.1903]},"Q3o":{"weight":0.0,"played":[0.0,1.0],"evs":[0.0,3.53776]},"K3o":{"weight":0.0,"played":[0.0,1.0],"evs":[0.0,3.94553]},"A3o":{"weight":0.0,"played":[0.0,1.0],"evs":[0.0,4.80785]},"42s":{"weight":0.0,"played":[0.0,1.0],"evs":[0.0,3.97559]},"43s":{"weight":0.0,"played":[0.0,1.0],"evs":[0.0,4.53373]},"44":{"weight":0.0,"played":[0.0,1.0],"evs":[0.0,5.80384]},"54o":{"weight":0.0,"played":[0.0,1.0],"evs":[0.0,4.17807]},"64o":{"weight":0.0,"played":[0.0,1.0],"evs":[0.0,3.9311]},"74o":{"weight":0.0,"played":[0.0,1.0],"evs":[0.0,3.60975]},"84o":{"weight":0.0,"played":[0.0,1.0],"evs":[0.0,3.33422]},"94o":{"weight":0.0,"played":[0.0,1.0],"evs":[0.0,3.01068]},"T4o":{"weight":0.0,"played":[0.0,1.0],"evs":[0.0,3.20909]},"J4o":{"weight":0.0,"played":[0.0,1.0],"evs":[0.0,3.31837]},"Q4o":{"weight":0.0,"played":[0.0,1.0],"evs":[0.0,3.65456]},"K4o":{"weight":0.0,"played":[0.0,1.0],"evs":[0.0,4.06698]},"A4o":{"weight":0.0,"played":[0.0,1.0],"evs":[0.0,4.89527]},"52s":{"weight":0.0,"played":[0.0,1.0],"evs":[0.0,4.21896]},"53s":{"weight":0.0,"played":[0.0,1.0],"evs":[0.0,4.66082]},"54s":{"weight":0.0,"played":[0.0,1.0],"evs":[0.0,5.00659]},"55":{"weight":0.3484,"played":[0.0,1.0],"evs":[0.0,6.33371]},"65o":{"weight":0.0,"played":[0.0,1.0],"evs":[0.0,4.35184]},"75o":{"weight":0.0,"played":[0.0,1.0],"evs":[0.0,4.03421]},"85o":{"weight":0.0,"played":[0.0,1.0],"evs":[0.0,3.7525]},"95o":{"weight":0.0,"played":[0.0,1.0],"evs":[0.0,3.49841]},"T5o":{"weight":0.0,"played":[0.0,1.0],"evs":[0.0,3.31381]},"J5o":{"weight":0.0,"played":[0.0,1.0],"evs":[0.0,3.47812]},"Q5o":{"weight":0.0,"played":[0.0,1.0],"evs":[0.0,3.90184]},"K5o":{"weight":0.0,"played":[0.0,1.0],"evs":[0.0,4.35694]},"A5o":{"weight":0.0,"played":[0.0,1.0],"evs":[0.0,5.1496]},"62s":{"weight":0.0,"played":[0.0,1.0],"evs":[0.0,4.02343]},"63s":{"weight":0.0,"played":[0.0,1.0],"evs":[0.0,4.39897]},"64s":{"weight":0.0,"played":[0.0,1.0],"evs":[0.0,4.83169]},"65s":{"weight":0.0,"played":[0.0,1.0],"evs":[0.0,5.27944]},"66":{"weight":0.1823,"played":[0.0,1.0],"evs":[0.0,6.79886]},"76o":{"weight":0.0,"played":[0.0,1.0],"evs":[0.0,4.36458]},"86o":{"weight":0.0,"played":[0.0,1.0],"evs":[0.0,4.17302]},"96o":{"weight":0.0,"played":[0.0,1.0],"evs":[0.0,3.82516]},"T6o":{"weight":0.0,"played":[0.0,1.0],"evs":[0.0,3.67074]},"J6o":{"weight":0.0,"played":[0.0,1.0],"evs":[0.0,3.57911]},"Q6o":{"weight":0.0,"played":[0.0,1.0],"evs":[0.0,3.99158]},"K6o":{"weight":0.0,"played":[0.0,1.0],"evs":[0.0,4.40565]},"A6o":{"weight":0.0,"played":[0.0,1.0],"evs":[0.0,4.95126]},"72s":{"weight":0.0,"played":[0.0,1.0],"evs":[0.0,3.69415]},"73s":{"weight":0.0,"played":[0.0,1.0],"evs":[0.0,4.02487]},"74s":{"weight":0.0,"played":[0.0,1.0],"evs":[0.0,4.50462]},"75s":{"weight":0.0,"played":[0.0,1.0],"evs":[0.0,4.95164]},"76s":{"weight":0.0,"played":[0.0,1.0],"evs":[0.0,5.22403]},"77":{"weight":0.251,"played":[0.0,1.0],"evs":[0.0,7.28544]},"87o":{"weight":0.0,"played":[0.0,1.0],"evs":[0.0,4.36971]},"97o":{"weight":0.0,"played":[0.0,1.0],"evs":[0.0,4.1529]},"T7o":{"weight":0.0,"played":[0.0,1.0],"evs":[0.0,3.98097]},"J7o":{"weight":0.0,"played":[0.0,1.0],"evs":[0.0,3.80369]},"Q7o":{"weight":0.0,"played":[0.0,1.0],"evs":[0.0,3.92685]},"K7o":{"weight":0.0,"played":[0.0,1.0],"evs":[0.0,4.43928]},"A7o":{"weight":0.0,"played":[0.0,1.0],"evs":[0.0,5.18083]},"82s":{"weight":0.0,"played":[0.0,1.0],"evs":[0.0,3.75968]},"83s":{"weight":0.0,"played":[0.0,1.0],"evs":[0.0,3.89848]},"84s":{"weight":0.0,"played":[0.0,1.0],"evs":[0.0,4.25236]},"85s":{"weight":0.0,"played":[0.0,1.0],"evs":[0.0,4.75804]},"86s":{"weight":0.0,"played":[0.0,1.0],"evs":[0.0,5.01824]},"87s":{"weight":0.0,"played":[0.0,1.0],"evs":[0.0,5.21293]},"88":{"weight":0.4103,"played":[0.0,1.0],"evs":[0.0,7.89533]},"98o":{"weight":0.0,"played":[0.0,1.0],"evs":[0.0,4.46901]},"T8o":{"weight":0.0,"played":[0.0,1.0],"evs":[0.0,4.31774]},"J8o":{"weight":0.0,"played":[0.0,1.0],"evs":[0.0,4.20584]},"Q8o":{"weight":0.0,"played":[0.0,1.0],"evs":[0.0,4.3654]},"K8o":{"weight":0.0,"played":[0.0,1.0],"evs":[0.0,4.55073]},"A8o":{"weight":0.0,"played":[0.0,1.0],"evs":[0.0,5.50651]},"92s":{"weight":0.0,"played":[0.0,1.0],"evs":[0.0,3.80597]},"93s":{"weight":0.0,"played":[0.0,1.0],"evs":[0.0,3.98819]},"94s":{"weight":0.0,"played":[0.0,1.0],"evs":[0.0,3.96991]},"95s":{"weight":0.0,"played":[0.0,1.0],"evs":[0.0,4.52265]},"96s":{"weight":0.0,"played":[0.0,1.0],"evs":[0.0,4.73679]},"97s":{"weight":0.0,"played":[0.0,1.0],"evs":[0.0,5.07262]},"98s":{"weight":0.0,"played":[0.0,1.0],"evs":[0.0,5.3269]},"99":{"weight":0.543,"played":[0.0,1.0],"evs":[0.0,8.73264]},"T9o":{"weight":0.0,"played":[0.0,1.0],"evs":[0.0,4.66939]},"J9o":{"weight":0.0,"played":[0.0,1.0],"evs":[0.0,4.57279]},"Q9o":{"weight":0.0,"played":[0.0,1.0],"evs":[0.0,4.69553]},"K9o":{"weight":0.0,"played":[0.0,1.0],"evs":[0.0,4.99317]},"A9o":{"weight":0.0,"played":[0.0,1.0],"evs":[0.0,5.94694]},"T2s":{"weight":0.0,"played":[0.0,1.0],"evs":[0.0,3.93962]},"T3s":{"weight":0.0,"played":[0.0,1.0],"evs":[0.0,4.08739]},"T4s":{"weight":0.0,"played":[0.0,1.0],"evs":[0.0,4.16805]},"T5s":{"weight":0.0,"played":[0.0,1.0],"evs":[0.0,4.21475]},"T6s":{"weight":0.0,"played":[0.0,1.0],"evs":[0.0,4.68548]},"T7s":{"weight":0.0,"played":[0.0,1.0],"evs":[0.0,4.96767]},"T8s":{"weight":0.0,"played":[0.0,1.0],"evs":[0.0,5.18302]},"T9s":{"weight":0.0,"played":[0.0,1.0],"evs":[0.0,5.48789]},"TT":{"weight":0.4489,"played":[0.0,1.0],"evs":[0.0,9.81274]},"JTo":{"weight":0.0,"played":[0.0,1.0],"evs":[0.0,5.12166]},"QTo":{"weight":0.0,"played":[0.0,1.0],"evs":[0.0,5.32781]},"KTo":{"weight":0.0,"played":[0.0,1.0],"evs":[0.0,5.59402]},"ATo":{"weight":0.3571,"played":[0.0,1.0],"evs":[0.0,6.6511]},"J2s":{"weight":0.0,"played":[0.0,1.0],"evs":[0.0,4.08049]},"J3s":{"weight":0.0,"played":[0.0,1.0],"evs":[0.0,4.12573]},"J4s":{"weight":0.0,"played":[0.0,1.0],"evs":[0.0,4.34322]},"J5s":{"weight":0.0,"played":[0.0,1.0],"evs":[0.0,4.45287]},"J6s":{"weight":0.0,"played":[0.0,1.0],"evs":[0.0,4.45276]},"J7s":{"weight":0.0,"played":[0.0,1.0],"evs":[0.0,4.81807]},"J8s":{"weight":0.0,"played":[0.0,1.0],"evs":[0.0,5.14133]},"J9s":{"weight":0.0,"played":[0.0,1.0],"evs":[0.0,5.40763]},"JTs":{"weight":0.0,"played":[0.0,1.0],"evs":[0.0,5.93731]},"JJ":{"weight":0.3565,"played":[0.0,1.0],"evs":[0.0,11.09568]},"QJo":{"weight":0.0,"played":[0.0,1.0],"evs":[0.0,5.49316]},"KJo":{"weight":0.0,"played":[0.0,1.0],"evs":[0.0,6.02996]},"AJo":{"weight":0.4887,"played":[0.0,1.0],"evs":[0.0,7.28664]},"Q2s":{"weight":0.0,"played":[0.0,1.0],"evs":[0.0,4.44062]},"Q3s":{"weight":0.0,"played":[0.0,1.0],"evs":[0.0,4.49914]},"Q4s":{"weight":0.0,"played":[0.0,1.0],"evs":[0.0,4.73395]},"Q5s":{"weight":0.0,"played":[0.0,1.0],"evs":[0.0,4.85746]},"Q6s":{"weight":0.0,"played":[0.0,1.0],"evs":[0.0,4.99944]},"Q7s":{"weight":0.0,"played":[0.0,1.0],"evs":[0.0,4.99702]},"Q8s":{"weight":0.0,"played":[0.0,1.0],"evs":[0.0,5.3014]},"Q9s":{"weight":0.0,"played":[0.0,1.0],"evs":[0.0,5.64769]},"QTs":{"weight":0.0,"played":[0.0,1.0],"evs":[0.0,6.16464]},"QJs":{"weight":0.0,"played":[0.0,1.0],"evs":[0.0,6.38311]},"QQ":{"weight":0.0464,"played":[0.0,1.0],"evs":[0.0,12.45969]},"KQo":{"weight":0.0,"played":[0.0,1.0],"evs":[0.0,6.64777]},"AQo":{"weight":0.2753,"played":[0.0,1.0],"evs":[0.0,7.97939]},"K2s":{"weight":0.0,"played":[0.0,1.0],"evs":[0.0,4.88768]},"K3s":{"weight":0.0,"played":[0.0,1.0],"evs":[0.0,4.89457]},"K4s":{"weight":0.0,"played":[0.0,1.0],"evs":[0.0,5.13812]},"K5s":{"weight":0.0,"played":[0.0,1.0],"evs":[0.0,5.27133]},"K6s":{"weight":0.0,"played":[0.0,1.0],"evs":[0.0,5.42518]},"K7s":{"weight":0.0,"played":[0.0,1.0],"evs":[0.0,5.45335]},"K8s":{"weight":0.0,"played":[0.0,1.0],"evs":[0.0,5.54349]},"K9s":{"weight":0.0,"played":[0.0,1.0],"evs":[0.0,5.93257]},"KTs":{"weight":0.0,"played":[0.0,1.0],"evs":[0.0,6.45092]},"KJs":{"weight":3.0E-4,"played":[0.0,1.0],"evs":[0.0,6.96492]},"KQs":{"weight":0.147,"played":[0.0,1.0],"evs":[0.0,7.52711]},"KK":{"weight":0.6108,"played":[0.0,1.0],"evs":[0.0,14.05632]},"AKo":{"weight":0.2574,"played":[0.0,1.0],"evs":[0.0,8.6333]},"A2s":{"weight":0.0,"played":[0.0,1.0],"evs":[0.0,5.59683]},"A3s":{"weight":0.0,"played":[0.0,1.0],"evs":[0.0,5.75691]},"A4s":{"weight":0.0,"played":[0.0,1.0],"evs":[0.0,5.80816]},"A5s":{"weight":0.0,"played":[0.0,1.0],"evs":[0.0,6.0324]},"A6s":{"weight":0.0,"played":[0.0,1.0],"evs":[0.0,5.8895]},"A7s":{"weight":0.0,"played":[0.0,1.0],"evs":[0.0,6.17807]},"A8s":{"weight":0.0,"played":[0.0,1.0],"evs":[0.0,6.45141]},"A9s":{"weight":0.4386,"played":[0.0,1.0],"evs":[0.0,6.82944]},"ATs":{"weight":0.6367,"played":[0.0,1.0],"evs":[0.0,7.48505]},"AJs":{"weight":0.1338,"played":[0.0,1.0],"evs":[0.0,8.06194]},"AQs":{"weight":0.2038,"played":[0.0,1.0],"evs":[0.0,8.77886]},"AKs":{"weight":0.2362,"played":[0.0,1.0],"evs":[0.0,9.49044]},"AA":{"weight":0.1838,"played":[0.0,1.0],"evs":[0.0,16.56067]}}}