{"player":3,"street":0,"children":2,"sequence":[{"player":0,"type":"R","amount":29750000,"street":0},{"player":1,"type":"C","amount":3750000,"street":0},{"player":2,"type":"F","amount":0,"street":0},{"player":3,"type":"C","amount":29750000,"street":0},{"player":4,"type":"R","amount":57250000,"street":0},{"player":5,"type":"C","amount":52250000,"street":0}],"actions":[{"type":"F","amount":0},{"type":"C","amount":5500000}],"hands":{"22":{"weight":0.0,"played":[0.0,1.0],"evs":[0.0,1.70842]},"32o":{"weight":0.0,"played":[0.0023,0.9977],"evs":[0.0,0.39415]},"42o":{"weight":0.0,"played":[4.0E-4,0.9996],"evs":[0.0,0.43777]},"52o":{"weight":0.0,"played":[1.0E-4,0.9999],"evs":[0.0,0.67647]},"62o":{"weight":0.0,"played":[0.0,1.0],"evs":[0.0,0.15253]},"72o":{"weight":0.0,"played":[0.9277,0.0723],"evs":[0.0,-0.18353]},"82o":{"weight":0.0,"played":[0.8903,0.1097],"evs":[0.0,-0.18467]},"92o":{"weight":0.0,"played":[0.0642,0.9358],"evs":[0.0,0.00462]},"T2o":{"weight":0.0,"played":[0.5511,0.4489],"evs":[0.0,-0.00943]},"J2o":{"weight":0.0,"played":[0.6845,0.3155],"evs":[0.0,-0.16341]},"Q2o":{"weight":0.0,"played":[0.9417,0.0583],"evs":[0.0,-0.35025]},"K2o":{"weight":0.0,"played":[0.0,1.0],"evs":[0.0,0.09252]},"A2o":{"weight":0.0,"played":[0.0,1.0],"evs":[0.0,0.63962]},"32s":{"weight":0.0,"played":[0.0,1.0],"evs":[0.0,1.05395]},"33":{"weight":0.0,"played":[0.0,1.0],"evs":[0.0,1.81526]},"43o":{"weight":0.0,"played":[0.0,1.0],"evs":[0.0,0.95049]},"53o":{"weight":0.0,"played":[0.0,1.0],"evs":[0.0,1.04401]},"63o":{"weight":0.0,"played":[0.0,1.0],"evs":[0.0,0.6568]},"73o":{"weight":0.0,"played":[0.0,1.0],"evs":[0.0,0.18166]},"83o":{"weight":0.0,"played":[0.0011,0.9989],"evs":[0.0,0.07502]},"93o":{"weight":0.0,"played":[0.7459,0.2541],"evs":[0.0,-0.03114]},"T3o":{"weight":0.0,"played":[0.2472,0.7528],"evs":[0.0,0.10544]},"J3o":{"weight":0.0,"played":[0.0026,0.9974],"evs":[0.0,0.12564]},"Q3o":{"weight":0.0,"played":[0.0,1.0],"evs":[0.0,0.08862]},"K3o":{"weight":0.0,"played":[0.0,1.0],"evs":[0.0,0.19947]},"A3o":{"weight":0.0,"played":[0.0,1.0],"evs":[0.0,0.58525]},"42s":{"weight":0.0,"played":[0.0,1.0],"evs":[0.0,1.4262]},"43s":{"weight":0.0,"played":[0.0,1.0],"evs":[0.0,1.48811]},"44":{"weight":0.0,"played":[0.0,1.0],"evs":[0.0,1.86414]},"54o":{"weight":0.0,"played":[0.0,1.0],"evs":[0.0,1.15918]},"64o":{"weight":0.0,"played":[0.0,1.0],"evs":[0.0,1.19344]},"74o":{"weight":0.0,"played":[0.0,1.0],"evs":[0.0,0.62244]},"84o":{"weight":0.0,"played":[1.0E-4,0.9999],"evs":[0.0,0.46634]},"94o":{"weight":0.0,"played":[0.2656,0.7344],"evs":[0.0,0.09231]},"T4o":{"weight":0.0,"played":[0.0337,0.9663],"evs":[0.0,0.04717]},"J4o":{"weight":0.0,"played":[0.0316,0.9684],"evs":[0.0,0.18275]},"Q4o":{"weight":0.0,"played":[0.0,1.0],"evs":[0.0,0.10352]},"K4o":{"weight":0.0,"played":[0.0,1.0],"evs":[0.0,0.13057]},"A4o":{"weight":0.0,"played":[0.0,1.0],"evs":[0.0,0.69344]},"52s":{"weight":0.0,"played":[1.0E-4,0.9999],"evs":[0.0,1.7698]},"53s":{"weight":0.0,"played":[0.0,1.0],"evs":[0.0,1.94129]},"54s":{"weight":0.0,"played":[0.0,1.0],"evs":[0.0,2.06748]},"55":{"weight":0.3484,"played":[0.0,1.0],"evs":[0.0,2.25468]},"65o":{"weight":0.0,"played":[0.0,1.0],"evs":[0.0,1.71826]},"75o":{"weight":0.0,"played":[0.0,1.0],"evs":[0.0,0.99787]},"85o":{"weight":0.0,"played":[0.0,1.0],"evs":[0.0,0.85456]},"95o":{"weight":0.0,"played":[0.0,1.0],"evs":[0.0,0.39264]},"T5o":{"weight":0.0,"played":[1.0E-4,0.9999],"evs":[0.0,0.03869]},"J5o":{"weight":0.0,"played":[0.0023,0.9977],"evs":[0.0,0.35232]},"Q5o":{"weight":0.0,"played":[2.0E-4,0.9998],"evs":[0.0,0.19526]},"K5o":{"weight":0.0,"played":[0.0,1.0],"evs":[0.0,0.286]},"A5o":{"weight":0.0,"played":[0.0,1.0],"evs":[0.0,0.84157]},"62s":{"weight":0.0,"played":[0.0,1.0],"evs":[0.0,1.2512]},"63s":{"weight":0.0,"played":[0.0,1.0],"evs":[0.0,1.56474]},"64s":{"weight":0.0,"played":[0.0,1.0],"evs":[0.0,1.6708]},"65s":{"weight":0.0,"played":[0.0,1.0],"evs":[0.0,2.20882]},"66":{"weight":0.1823,"played":[0.0,1.0],"evs":[0.0,2.77255]},"76o":{"weight":0.0,"played":[0.0,1.0],"evs":[0.0,1.31161]},"86o":{"weight":0.0,"played":[1.0E-4,0.9999],"evs":[0.0,1.16148]},"96o":{"weight":0.0,"played":[0.0,1.0],"evs":[0.0,0.75289]},"T6o":{"weight":0.0,"played":[0.0,1.0],"evs":[0.0,0.52909]},"J6o":{"weight":0.0,"played":[0.0,1.0],"evs":[0.0,0.39886]},"Q6o":{"weight":0.0,"played":[0.0,1.0],"evs":[0.0,0.28653]},"K6o":{"weight":0.0,"played":[0.0,1.0],"evs":[0.0,0.79361]},"A6o":{"weight":0.0,"played":[0.0,1.0],"evs":[0.0,0.53905]},"72s":{"weight":0.0,"played":[0.0035,0.9965],"evs":[0.0,0.50201]},"73s":{"weight":0.0,"played":[3.0E-4,0.9997],"evs":[0.0,1.22509]},"74s":{"weight":0.0,"played":[0.0,1.0],"evs":[0.0,1.63286]},"75s":{"weight":0.0,"played":[0.0,1.0],"evs":[0.0,1.97596]},"76s":{"weight":0.0,"played":[0.0,1.0],"evs":[0.0,2.61619]},"77":{"weight":0.251,"played":[0.0,1.0],"evs":[0.0,2.87995]},"87o":{"weight":0.0,"played":[0.0,1.0],"evs":[0.0,1.35948]},"97o":{"weight":0.0,"played":[0.0,1.0],"evs":[0.0,1.00332]},"T7o":{"weight":0.0,"played":[0.0,1.0],"evs":[0.0,0.84869]},"J7o":{"weight":0.0,"played":[0.0,1.0],"evs":[0.0,0.6767]},"Q7o":{"weight":0.0,"played":[0.0,1.0],"evs":[0.0,0.10472]},"K7o":{"weight":0.0,"played":[0.0,1.0],"evs":[0.0,0.37468]},"A7o":{"weight":0.0,"played":[0.0,1.0],"evs":[0.0,0.60162]},"82s":{"weight":0.0,"played":[3.0E-4,0.9997],"evs":[0.0,1.16157]},"83s":{"weight":0.0,"played":[0.0,1.0],"evs":[0.0,0.74655]},"84s":{"weight":0.0,"played":[1.0E-4,0.9999],"evs":[0.0,1.36267]},"85s":{"weight":0.0,"played":[0.0,1.0],"evs":[0.0,1.93669]},"86s":{"weight":0.0,"played":[0.0,1.0],"evs":[0.0,2.08153]},"87s":{"weight":0.0,"played":[0.0,1.0],"evs":[0.0,2.22099]},"88":{"weight":0.4103,"played":[0.0,1.0],"evs":[0.0,3.11468]},"98o":{"weight":0.0,"played":[0.0,1.0],"evs":[0.0,1.20757]},"T8o":{"weight":0.0,"played":[0.0,1.0],"evs":[0.0,1.15743]},"J8o":{"weight":0.0,"played":[0.0,1.0],"evs":[0.0,0.80698]},"Q8o":{"weight":0.0,"played":[0.0,1.0],"evs":[0.0,0.7099]},"K8o":{"weight":0.0,"played":[0.0,1.0],"evs":[0.0,0.51405]},"A8o":{"weight":0.0,"played":[0.0,1.0],"evs":[0.0,0.65459]},"92s":{"weight":0.0,"played":[0.0,1.0],"evs":[0.0,1.02413]},"93s":{"weight":0.0,"played":[0.0,1.0],"evs":[0.0,1.04908]},"94s":{"weight":0.0,"played":[0.0,1.0],"evs":[0.0,1.11878]},"95s":{"weight":0.0,"played":[0.0,1.0],"evs":[0.0,1.35065]},"96s":{"weight":0.0,"played":[0.0,1.0],"evs":[0.0,1.91191]},"97s":{"weight":0.0,"played":[0.0,1.0],"evs":[0.0,2.02279]},"98s":{"weight":0.0,"played":[0.0,1.0],"evs":[0.0,2.36771]},"99":{"weight":0.543,"played":[0.0,1.0],"evs":[0.0,3.94851]},"T9o":{"weight":0.0,"played":[0.0,1.0],"evs":[0.0,1.28269]},"J9o":{"weight":0.0,"played":[0.0,1.0],"evs":[0.0,1.06301]},"Q9o":{"weight":0.0,"played":[0.0,1.0],"evs":[0.0,0.70054]},"K9o":{"weight":0.0,"played":[0.0,1.0],"evs":[0.0,0.96109]},"A9o":{"weight":0.0,"played":[0.0,1.0],"evs":[0.0,0.89195]},"T2s":{"weight":0.0,"played":[1.0E-4,0.9999],"evs":[0.0,1.27557]},"T3s":{"weight":0.0,"played":[1.0E-4,0.9999],"evs":[0.0,1.3338]},"T4s":{"weight":0.0,"played":[0.0,1.0],"evs":[0.0,1.02356]},"T5s":{"weight":0.0,"played":[0.0,1.0],"evs":[0.0,0.9937]},"T6s":{"weight":0.0,"played":[0.0,1.0],"evs":[0.0,1.85639]},"T7s":{"weight":0.0,"played":[0.0,1.0],"evs":[0.0,1.91236]},"T8s":{"weight":0.0,"played":[0.0,1.0],"evs":[0.0,2.11074]},"T9s":{"weight":0.0,"played":[0.0,1.0],"evs":[0.0,2.39293]},"TT":{"weight":0.4489,"played":[0.0,1.0],"evs":[0.0,4.67322]},"JTo":{"weight":0.0,"played":[0.0,1.0],"evs":[0.0,1.4285]},"QTo":{"weight":0.0,"played":[0.0,1.0],"evs":[0.0,1.35209]},"KTo":{"weight":0.0,"played":[0.0,1.0],"evs":[0.0,1.61146]},"ATo":{"weight":0.3571,"played":[0.0,1.0],"evs":[0.0,1.38958]},"J2s":{"weight":0.0,"played":[0.0,1.0],"evs":[0.0,1.16987]},"J3s":{"weight":0.0,"played":[0.0,1.0],"evs":[0.0,1.30999]},"J4s":{"weight":0.0,"played":[0.0,1.0],"evs":[0.0,1.4641]},"J5s":{"weight":0.0,"played":[0.0,1.0],"evs":[0.0,1.34111]},"J6s":{"weight":0.0,"played":[0.0,1.0],"evs":[0.0,1.05719]},"J7s":{"weight":0.0,"played":[0.0,1.0],"evs":[0.0,1.81541]},"J8s":{"weight":0.0,"played":[0.0,1.0],"evs":[0.0,1.74302]},"J9s":{"weight":0.0,"played":[0.0,1.0],"evs":[0.0,2.45075]},"JTs":{"weight":0.0,"played":[0.0,1.0],"evs":[0.0,2.52534]},"JJ":{"weight":0.3565,"played":[0.0,1.0],"evs":[0.0,6.19747]},"QJo":{"weight":0.0,"played":[0.0,1.0],"evs":[0.0,1.52075]},"KJo":{"weight":0.0,"played":[0.0,1.0],"evs":[0.0,1.69716]},"AJo":{"weight":0.4887,"played":[0.0,1.0],"evs":[0.0,1.7807]},"Q2s":{"weight":0.0,"played":[0.0,1.0],"evs":[0.0,0.90913]},"Q3s":{"weight":0.0,"played":[0.0,1.0],"evs":[0.0,1.48755]},"Q4s":{"weight":0.0,"played":[0.0,1.0],"evs":[0.0,0.96201]},"Q5s":{"weight":0.0,"played":[1.0E-4,0.9999],"evs":[0.0,1.22035]},"Q6s":{"weight":0.0,"played":[0.0,1.0],"evs":[0.0,1.16246]},"Q7s":{"weight":0.0,"played":[1.0E-4,0.9999],"evs":[0.0,1.28775]},"Q8s":{"weight":0.0,"played":[0.0,1.0],"evs":[0.0,1.4269]},"Q9s":{"weight":0.0,"played":[0.0,1.0],"evs":[0.0,1.71151]},"QTs":{"weight":0.0,"played":[0.0,1.0],"evs":[0.0,2.31033]},"QJs":{"weight":0.0,"played":[0.0,1.0],"evs":[0.0,2.42025]},"QQ":{"weight":0.0464,"played":[0.0,1.0],"evs":[0.0,8.09382]},"KQo":{"weight":0.0,"played":[0.0,1.0],"evs":[0.0,1.92797]},"AQo":{"weight":0.2753,"played":[0.0,1.0],"evs":[0.0,2.87138]},"K2s":{"weight":0.0,"played":[0.0,1.0],"evs":[0.0,1.30905]},"K3s":{"weight":0.0,"played":[0.0,1.0],"evs":[0.0,1.24994]},"K4s":{"weight":0.0,"played":[1.0E-4,0.9999],"evs":[0.0,1.55518]},"K5s":{"weight":0.0,"played":[0.0,1.0],"evs":[0.0,1.59125]},"K6s":{"weight":0.0,"played":[0.0,1.0],"evs":[0.0,1.49522]},"K7s":{"weight":0.0,"played":[0.0,1.0],"evs":[0.0,1.81268]},"K8s":{"weight":0.0,"played":[0.0,1.0],"evs":[0.0,1.60452]},"K9s":{"weight":0.0,"played":[0.0,1.0],"evs":[0.0,1.85239]},"KTs":{"weight":0.0,"played":[0.0,1.0],"evs":[0.0,2.55481]},"KJs":{"weight":3.0E-4,"played":[0.0,1.0],"evs":[0.0,3.13319]},"KQs":{"weight":0.147,"played":[0.0,1.0],"evs":[0.0,2.92124]},"KK":{"weight":0.6108,"played":[0.0,1.0],"evs":[0.0,10.66309]},"AKo":{"weight":0.2574,"played":[0.0,1.0],"evs":[0.0,3.6459]},"A2s":{"weight":0.0,"played":[0.0,1.0],"evs":[0.0,1.72754]},"A3s":{"weight":0.0,"played":[0.0,1.0],"evs":[0.0,1.38037]},"A4s":{"weight":0.0,"played":[0.0,1.0],"evs":[0.0,2.2765]},"A5s":{"weight":0.0,"played":[0.0,1.0],"evs":[0.0,1.99711]},"A6s":{"weight":0.0,"played":[0.0,1.0],"evs":[0.0,1.3688]},"A7s":{"weight":0.0,"played":[0.0,1.0],"evs":[0.0,2.10738]},"A8s":{"weight":0.0,"played":[0.0,1.0],"evs":[0.0,1.99704]},"A9s":{"weight":0.4386,"played":[0.0,1.0],"evs":[0.0,2.48791]},"ATs":{"weight":0.6367,"played":[0.0,1.0],"evs":[0.0,2.59135]},"AJs":{"weight":0.1338,"played":[0.0,1.0],"evs":[0.0,2.81352]},"AQs":{"weight":0.2038,"played":[0.0,1.0],"evs":[0.0,3.8287]},"AKs":{"weight":0.2362,"played":[0.0,1.0],"evs":[0.0,4.30366]},"AA":{"weight":0.1838,"played":[0.0,1.0],"evs":[0.0,13.76671]}}}