{"player":5,"street":0,"children":2,"sequence":[{"player":0,"type":"R","amount":29750000,"street":0},{"player":1,"type":"C","amount":3750000,"street":0},{"player":2,"type":"F","amount":0,"street":0},{"player":3,"type":"R","amount":35250000,"street":0},{"player":4,"type":"F","amount":0,"street":0}],"actions":[{"type":"F","amount":0},{"type":"C","amount":30250000}],"hands":{"22":{"weight":1.0,"played":[0.0,1.0],"evs":[0.0,0.45044]},"32o":{"weight":1.0,"played":[1.0,0.0],"evs":[0.0,-1.18223]},"42o":{"weight":1.0,"played":[1.0,0.0],"evs":[0.0,-1.05219]},"52o":{"weight":1.0,"played":[1.0,0.0],"evs":[0.0,-0.9308]},"62o":{"weight":1.0,"played":[1.0,0.0],"evs":[0.0,-1.05718]},"72o":{"weight":1.0,"played":[1.0,0.0],"evs":[0.0,-1.30657]},"82o":{"weight":1.0,"played":[1.0,0.0],"evs":[0.0,-1.1794]},"92o":{"weight":1.0,"played":[1.0,0.0],"evs":[0.0,-1.09156]},"T2o":{"weight":1.0,"played":[1.0,0.0],"evs":[0.0,-1.20327]},"J2o":{"weight":1.0,"played":[1.0,0.0],"evs":[0.0,-1.1082]},"Q2o":{"weight":1.0,"played":[1.0,0.0],"evs":[0.0,-0.96291]},"K2o":{"weight":1.0,"played":[1.0,0.0],"evs":[0.0,-0.79169]},"A2o":{"weight":1.0,"played":[1.0,0.0],"evs":[0.0,-1.2121]},"32s":{"weight":1.0,"played":[0.9998,2.0E-4],"evs":[0.0,-0.378]},"33":{"weight":1.0,"played":[0.0,1.0],"evs":[0.0,0.55473]},"43o":{"weight":1.0,"played":[1.0,0.0],"evs":[0.0,-0.79542]},"53o":{"weight":1.0,"played":[1.0,0.0],"evs":[0.0,-0.59638]},"63o":{"weight":1.0,"played":[1.0,0.0],"evs":[0.0,-0.734]},"73o":{"weight":1.0,"played":[1.0,0.0],"evs":[0.0,-0.99661]},"83o":{"weight":1.0,"played":[1.0,0.0],"evs":[0.0,-1.12974]},"93o":{"weight":1.0,"played":[1.0,0.0],"evs":[0.0,-1.04645]},"T3o":{"weight":1.0,"played":[1.0,0.0],"evs":[0.0,-1.14248]},"J3o":{"weight":1.0,"played":[1.0,0.0],"evs":[0.0,-1.03393]},"Q3o":{"weight":1.0,"played":[1.0,0.0],"evs":[0.0,-0.89851]},"K3o":{"weight":1.0,"played":[1.0,0.0],"evs":[0.0,-0.71274]},"A3o":{"weight":1.0,"played":[1.0,0.0],"evs":[0.0,-1.12057]},"42s":{"weight":1.0,"played":[1.0,0.0],"evs":[0.0,-0.374]},"43s":{"weight":1.0,"played":[0.859,0.141],"evs":[0.0,-0.02697]},"44":{"weight":1.0,"played":[0.0,1.0],"evs":[0.0,0.71162]},"54o":{"weight":1.0,"played":[1.0,0.0],"evs":[0.0,-0.30069]},"64o":{"weight":1.0,"played":[1.0,0.0],"evs":[0.0,-0.38326]},"74o":{"weight":1.0,"played":[1.0,0.0],"evs":[0.0,-0.60725]},"84o":{"weight":1.0,"played":[1.0,0.0],"evs":[0.0,-0.78522]},"94o":{"weight":1.0,"played":[1.0,0.0],"evs":[0.0,-0.98357]},"T4o":{"weight":1.0,"played":[1.0,0.0],"evs":[0.0,-1.08826]},"J4o":{"weight":1.0,"played":[1.0,0.0],"evs":[0.0,-0.92461]},"Q4o":{"weight":1.0,"played":[1.0,0.0],"evs":[0.0,-0.80291]},"K4o":{"weight":1.0,"played":[1.0,0.0],"evs":[0.0,-0.63421]},"A4o":{"weight":1.0,"played":[1.0,0.0],"evs":[0.0,-1.06414]},"52s":{"weight":1.0,"played":[0.999,0.001],"evs":[0.0,-0.15032]},"53s":{"weight":1.0,"played":[0.0588,0.9412],"evs":[0.0,0.11462]},"54s":{"weight":1.0,"played":[0.0,1.0],"evs":[0.0,0.50329]},"55":{"weight":1.0,"played":[0.0,1.0],"evs":[0.0,1.02185]},"65o":{"weight":1.0,"played":[0.8877,0.1123],"evs":[0.0,-0.05257]},"75o":{"weight":1.0,"played":[0.9998,2.0E-4],"evs":[0.0,-0.28879]},"85o":{"weight":1.0,"played":[1.0,0.0],"evs":[0.0,-0.49366]},"95o":{"weight":1.0,"played":[1.0,0.0],"evs":[0.0,-0.70746]},"T5o":{"weight":1.0,"played":[1.0,0.0],"evs":[0.0,-0.99203]},"J5o":{"weight":1.0,"played":[1.0,0.0],"evs":[0.0,-0.87458]},"Q5o":{"weight":1.0,"played":[1.0,0.0],"evs":[0.0,-0.72941]},"K5o":{"weight":1.0,"played":[1.0,0.0],"evs":[0.0,-0.51397]},"A5o":{"weight":1.0,"played":[1.0,0.0],"evs":[0.0,-0.92943]},"62s":{"weight":1.0,"played":[0.9998,2.0E-4],"evs":[0.0,-0.2823]},"63s":{"weight":1.0,"played":[0.6033,0.3967],"evs":[0.0,-0.02953]},"64s":{"weight":1.0,"played":[2.0E-4,0.9998],"evs":[0.0,0.34194]},"65s":{"weight":1.0,"played":[0.0,1.0],"evs":[0.0,0.63408]},"66":{"weight":1.0,"played":[0.0,1.0],"evs":[0.0,1.58677]},"76o":{"weight":1.0,"played":[0.6306,0.3694],"evs":[0.0,0.01542]},"86o":{"weight":1.0,"played":[0.9992,8.0E-4],"evs":[0.0,-0.14221]},"96o":{"weight":1.0,"played":[1.0,0.0],"evs":[0.0,-0.30246]},"T6o":{"weight":1.0,"played":[1.0,0.0],"evs":[0.0,-0.65921]},"J6o":{"weight":1.0,"played":[1.0,0.0],"evs":[0.0,-0.76278]},"Q6o":{"weight":1.0,"played":[1.0,0.0],"evs":[0.0,-0.5923]},"K6o":{"weight":1.0,"played":[1.0,0.0],"evs":[0.0,-0.35246]},"A6o":{"weight":1.0,"played":[1.0,0.0],"evs":[0.0,-1.09994]},"72s":{"weight":1.0,"played":[1.0,0.0],"evs":[0.0,-0.47646]},"73s":{"weight":1.0,"played":[0.9981,0.0019],"evs":[0.0,-0.1567]},"74s":{"weight":1.0,"played":[0.0097,0.9903],"evs":[0.0,0.05351]},"75s":{"weight":1.0,"played":[4.0E-4,0.9996],"evs":[0.0,0.45699]},"76s":{"weight":1.0,"played":[0.0,1.0],"evs":[0.0,0.81675]},"77":{"weight":1.0,"played":[0.0,1.0],"evs":[0.0,2.07164]},"87o":{"weight":1.0,"played":[0.4717,0.5283],"evs":[0.0,0.12107]},"97o":{"weight":1.0,"played":[0.9998,2.0E-4],"evs":[0.0,-0.10776]},"T7o":{"weight":1.0,"played":[0.9999,1.0E-4],"evs":[0.0,-0.3257]},"J7o":{"weight":1.0,"played":[1.0,0.0],"evs":[0.0,-0.48191]},"Q7o":{"weight":1.0,"played":[1.0,0.0],"evs":[0.0,-0.51549]},"K7o":{"weight":1.0,"played":[1.0,0.0],"evs":[0.0,-0.30499]},"A7o":{"weight":1.0,"played":[1.0,0.0],"evs":[0.0,-0.87426]},"82s":{"weight":1.0,"played":[0.9998,2.0E-4],"evs":[0.0,-0.43417]},"83s":{"weight":1.0,"played":[1.0,0.0],"evs":[0.0,-0.35258]},"84s":{"weight":1.0,"played":[0.976,0.024],"evs":[0.0,-0.03462]},"85s":{"weight":1.0,"played":[0.0,1.0],"evs":[0.0,0.33898]},"86s":{"weight":1.0,"played":[1.0E-4,0.9999],"evs":[0.0,0.63486]},"87s":{"weight":1.0,"played":[0.0,1.0],"evs":[0.0,0.82354]},"88":{"weight":1.0,"played":[0.0,1.0],"evs":[0.0,2.56935]},"98o":{"weight":1.0,"played":[0.0012,0.9988],"evs":[0.0,0.18801]},"T8o":{"weight":1.0,"played":[0.9973,0.0027],"evs":[0.0,-0.0822]},"J8o":{"weight":1.0,"played":[0.9987,0.0013],"evs":[0.0,-0.22446]},"Q8o":{"weight":1.0,"played":[0.9999,1.0E-4],"evs":[0.0,-0.26288]},"K8o":{"weight":1.0,"played":[1.0,0.0],"evs":[0.0,-0.24449]},"A8o":{"weight":1.0,"played":[1.0,0.0],"evs":[0.0,-0.72727]},"92s":{"weight":1.0,"played":[0.9974,0.0026],"evs":[0.0,-0.29493]},"93s":{"weight":1.0,"played":[0.9999,1.0E-4],"evs":[0.0,-0.25319]},"94s":{"weight":1.0,"played":[0.9999,1.0E-4],"evs":[0.0,-0.23417]},"95s":{"weight":1.0,"played":[4.0E-4,0.9996],"evs":[0.0,0.10132]},"96s":{"weight":1.0,"played":[0.0017,0.9983],"evs":[0.0,0.44434]},"97s":{"weight":1.0,"played":[0.0,1.0],"evs":[0.0,0.67483]},"98s":{"weight":1.0,"played":[0.0,1.0],"evs":[0.0,0.87626]},"99":{"weight":1.0,"played":[0.0,1.0],"evs":[0.0,3.07321]},"T9o":{"weight":1.0,"played":[0.0136,0.9864],"evs":[0.0,0.15149]},"J9o":{"weight":1.0,"played":[0.0167,0.9833],"evs":[0.0,0.05762]},"Q9o":{"weight":1.0,"played":[0.4988,0.5012],"evs":[0.0,9.5E-4]},"K9o":{"weight":1.0,"played":[0.2716,0.7284],"evs":[0.0,0.00369]},"A9o":{"weight":1.0,"played":[1.0,0.0],"evs":[0.0,-0.54554]},"T2s":{"weight":1.0,"played":[0.9998,2.0E-4],"evs":[0.0,-0.45853]},"T3s":{"weight":1.0,"played":[0.9991,9.0E-4],"evs":[0.0,-0.36617]},"T4s":{"weight":1.0,"played":[0.9919,0.0081],"evs":[0.0,-0.2949]},"T5s":{"weight":1.0,"played":[0.9979,0.0021],"evs":[0.0,-0.23772]},"T6s":{"weight":1.0,"played":[0.0418,0.9582],"evs":[0.0,0.16533]},"T7s":{"weight":1.0,"played":[0.0,1.0],"evs":[0.0,0.40272]},"T8s":{"weight":1.0,"played":[0.0,1.0],"evs":[0.0,0.73864]},"T9s":{"weight":1.0,"played":[0.0,1.0],"evs":[0.0,0.92626]},"TT":{"weight":1.0,"played":[0.0,1.0],"evs":[0.0,3.82122]},"JTo":{"weight":1.0,"played":[0.0,1.0],"evs":[0.0,0.27771]},"QTo":{"weight":1.0,"played":[2.0E-4,0.9998],"evs":[0.0,0.25286]},"KTo":{"weight":1.0,"played":[0.0,1.0],"evs":[0.0,0.20672]},"ATo":{"weight":1.0,"played":[0.3566,0.6434],"evs":[0.0,-0.02463]},"J2s":{"weight":1.0,"played":[0.9999,1.0E-4],"evs":[0.0,-0.3658]},"J3s":{"weight":1.0,"played":[1.0,0.0],"evs":[0.0,-0.20199]},"J4s":{"weight":1.0,"played":[0.9259,0.0741],"evs":[0.0,-0.10629]},"J5s":{"weight":1.0,"played":[0.9504,0.0496],"evs":[0.0,-0.05269]},"J6s":{"weight":1.0,"played":[0.1876,0.8124],"evs":[0.0,-0.01293]},"J7s":{"weight":1.0,"played":[5.0E-4,0.9995],"evs":[0.0,0.20925]},"J8s":{"weight":1.0,"played":[0.0,1.0],"evs":[0.0,0.59292]},"J9s":{"weight":1.0,"played":[0.0,1.0],"evs":[0.0,0.81196]},"JTs":{"weight":1.0,"played":[0.0,1.0],"evs":[0.0,0.99565]},"JJ":{"weight":1.0,"played":[0.0,1.0],"evs":[0.0,4.81422]},"QJo":{"weight":1.0,"played":[1.0E-4,0.9999],"evs":[0.0,0.38732]},"KJo":{"weight":1.0,"played":[0.0,1.0],"evs":[0.0,0.42183]},"AJo":{"weight":1.0,"played":[0.0,1.0],"evs":[0.0,0.6665]},"Q2s":{"weight":1.0,"played":[0.9926,0.0074],"evs":[0.0,-0.18755]},"Q3s":{"weight":1.0,"played":[0.9005,0.0995],"evs":[0.0,-0.04057]},"Q4s":{"weight":1.0,"played":[0.1014,0.8986],"evs":[0.0,0.04175]},"Q5s":{"weight":1.0,"played":[0.0122,0.9878],"evs":[0.0,0.14924]},"Q6s":{"weight":1.0,"played":[0.004,0.996],"evs":[0.0,0.19102]},"Q7s":{"weight":1.0,"played":[0.0015,0.9985],"evs":[0.0,0.26468]},"Q8s":{"weight":1.0,"played":[0.0,1.0],"evs":[0.0,0.46435]},"Q9s":{"weight":1.0,"played":[0.0,1.0],"evs":[0.0,0.79452]},"QTs":{"weight":1.0,"played":[0.0,1.0],"evs":[0.0,1.06983]},"QJs":{"weight":1.0,"played":[0.0,1.0],"evs":[0.0,1.10519]},"QQ":{"weight":1.0,"played":[0.0,1.0],"evs":[0.0,6.33767]},"KQo":{"weight":1.0,"played":[0.0,1.0],"evs":[0.0,0.77507]},"AQo":{"weight":1.0,"played":[0.0,1.0],"evs":[0.0,1.65353]},"K2s":{"weight":1.0,"played":[0.3211,0.6789],"evs":[0.0,0.03402]},"K3s":{"weight":1.0,"played":[0.0041,0.9959],"evs":[0.0,0.09182]},"K4s":{"weight":1.0,"played":[3.0E-4,0.9997],"evs":[0.0,0.22956]},"K5s":{"weight":1.0,"played":[8.0E-4,0.9992],"evs":[0.0,0.2376]},"K6s":{"weight":1.0,"played":[7.0E-4,0.9993],"evs":[0.0,0.46347]},"K7s":{"weight":1.0,"played":[0.0,1.0],"evs":[0.0,0.48709]},"K8s":{"weight":1.0,"played":[2.0E-4,0.9998],"evs":[0.0,0.54274]},"K9s":{"weight":1.0,"played":[0.0,1.0],"evs":[0.0,0.76213]},"KTs":{"weight":1.0,"played":[0.0,1.0],"evs":[0.0,0.91884]},"KJs":{"weight":1.0,"played":[0.0,1.0],"evs":[0.0,1.13951]},"KQs":{"weight":1.0,"played":[0.0,1.0],"evs":[0.0,1.44868]},"KK":{"weight":1.0,"played":[0.0,1.0],"evs":[0.0,7.68084]},"AKo":{"weight":1.0,"played":[0.0,1.0],"evs":[0.0,2.62824]},"A2s":{"weight":1.0,"played":[0.9987,0.0013],"evs":[0.0,-0.33616]},"A3s":{"weight":1.0,"played":[0.9998,2.0E-4],"evs":[0.0,-0.22818]},"A4s":{"weight":1.0,"played":[0.9992,8.0E-4],"evs":[0.0,-0.15298]},"A5s":{"weight":1.0,"played":[0.8677,0.1323],"evs":[0.0,-0.07899]},"A6s":{"weight":1.0,"played":[0.9993,7.0E-4],"evs":[0.0,-0.22896]},"A7s":{"weight":1.0,"played":[0.9535,0.0465],"evs":[0.0,-0.12619]},"A8s":{"weight":1.0,"played":[0.3145,0.6855],"evs":[0.0,0.16587]},"A9s":{"weight":1.0,"played":[5.0E-4,0.9995],"evs":[0.0,0.30787]},"ATs":{"weight":1.0,"played":[0.0,1.0],"evs":[0.0,0.84116]},"AJs":{"weight":1.0,"played":[0.0,1.0],"evs":[0.0,1.43148]},"AQs":{"weight":1.0,"played":[0.0,1.0],"evs":[0.0,2.28787]},"AKs":{"weight":1.0,"played":[0.0,1.0],"evs":[0.0,3.34896]},"AA":{"weight":1.0,"played":[0.0,1.0],"evs":[0.0,10.04879]}}}