{"player":5,"street":0,"children":2,"sequence":[{"player":0,"type":"R","amount":29750000,"street":0},{"player":1,"type":"C","amount":3750000,"street":0},{"player":2,"type":"C","amount":12250000,"street":0},{"player":3,"type":"F","amount":0,"street":0},{"player":4,"type":"F","amount":0,"street":0}],"actions":[{"type":"F","amount":0},{"type":"C","amount":24750000}],"hands":{"22":{"weight":1.0,"played":[0.0,1.0],"evs":[0.0,1.33845]},"32o":{"weight":1.0,"played":[1.0,0.0],"evs":[0.0,-0.4593]},"42o":{"weight":1.0,"played":[1.0,0.0],"evs":[0.0,-0.35537]},"52o":{"weight":1.0,"played":[1.0,0.0],"evs":[0.0,-0.24029]},"62o":{"weight":1.0,"played":[1.0,0.0],"evs":[0.0,-0.3588]},"72o":{"weight":1.0,"played":[1.0,0.0],"evs":[0.0,-0.61253]},"82o":{"weight":1.0,"played":[1.0,0.0],"evs":[0.0,-0.52012]},"92o":{"weight":1.0,"played":[1.0,0.0],"evs":[0.0,-0.49091]},"T2o":{"weight":1.0,"played":[1.0,0.0],"evs":[0.0,-0.57923]},"J2o":{"weight":1.0,"played":[1.0,0.0],"evs":[0.0,-0.49125]},"Q2o":{"weight":1.0,"played":[1.0,0.0],"evs":[0.0,-0.40714]},"K2o":{"weight":1.0,"played":[1.0,0.0],"evs":[0.0,-0.2884]},"A2o":{"weight":1.0,"played":[0.0034,0.9966],"evs":[0.0,0.0516]},"32s":{"weight":1.0,"played":[5.0E-4,0.9995],"evs":[0.0,0.1573]},"33":{"weight":1.0,"played":[0.0,1.0],"evs":[0.0,1.51158]},"43o":{"weight":1.0,"played":[1.0,0.0],"evs":[0.0,-0.10377]},"53o":{"weight":1.0,"played":[0.0034,0.9966],"evs":[0.0,0.05979]},"63o":{"weight":1.0,"played":[0.9989,0.0011],"evs":[0.0,-0.09206]},"73o":{"weight":1.0,"played":[1.0,0.0],"evs":[0.0,-0.33441]},"83o":{"weight":1.0,"played":[1.0,0.0],"evs":[0.0,-0.48588]},"93o":{"weight":1.0,"played":[1.0,0.0],"evs":[0.0,-0.41175]},"T3o":{"weight":1.0,"played":[1.0,0.0],"evs":[0.0,-0.47202]},"J3o":{"weight":1.0,"played":[1.0,0.0],"evs":[0.0,-0.42419]},"Q3o":{"weight":1.0,"played":[1.0,0.0],"evs":[0.0,-0.33334]},"K3o":{"weight":1.0,"played":[1.0,0.0],"evs":[0.0,-0.20849]},"A3o":{"weight":1.0,"played":[0.001,0.999],"evs":[0.0,0.1285]},"42s":{"weight":1.0,"played":[0.0,1.0],"evs":[0.0,0.30163]},"43s":{"weight":1.0,"played":[0.0,1.0],"evs":[0.0,0.49395]},"44":{"weight":1.0,"played":[0.0,1.0],"evs":[0.0,1.66901]},"54o":{"weight":1.0,"played":[0.0,1.0],"evs":[0.0,0.34275]},"64o":{"weight":1.0,"played":[0.0,1.0],"evs":[0.0,0.22993]},"74o":{"weight":1.0,"played":[0.9499,0.0501],"evs":[0.0,-0.0555]},"84o":{"weight":1.0,"played":[1.0,0.0],"evs":[0.0,-0.21295]},"94o":{"weight":1.0,"played":[1.0,0.0],"evs":[0.0,-0.39375]},"T4o":{"weight":1.0,"played":[1.0,0.0],"evs":[0.0,-0.39068]},"J4o":{"weight":1.0,"played":[1.0,0.0],"evs":[0.0,-0.34585]},"Q4o":{"weight":1.0,"played":[1.0,0.0],"evs":[0.0,-0.25765]},"K4o":{"weight":1.0,"played":[0.9998,2.0E-4],"evs":[0.0,-0.12866]},"A4o":{"weight":1.0,"played":[0.0,1.0],"evs":[0.0,0.27467]},"52s":{"weight":1.0,"played":[0.0,1.0],"evs":[0.0,0.44261]},"53s":{"weight":1.0,"played":[0.0,1.0],"evs":[0.0,0.67568]},"54s":{"weight":1.0,"played":[0.0,1.0],"evs":[0.0,0.90079]},"55":{"weight":1.0,"played":[0.0,1.0],"evs":[0.0,2.0894]},"65o":{"weight":1.0,"played":[0.0,1.0],"evs":[0.0,0.51937]},"75o":{"weight":1.0,"played":[0.0,1.0],"evs":[0.0,0.28081]},"85o":{"weight":1.0,"played":[2.0E-4,0.9998],"evs":[0.0,0.1322]},"95o":{"weight":1.0,"played":[0.9963,0.0037],"evs":[0.0,-0.0661]},"T5o":{"weight":1.0,"played":[1.0,0.0],"evs":[0.0,-0.37332]},"J5o":{"weight":1.0,"played":[1.0,0.0],"evs":[0.0,-0.25112]},"Q5o":{"weight":1.0,"played":[1.0,0.0],"evs":[0.0,-0.11896]},"K5o":{"weight":1.0,"played":[0.9908,0.0092],"evs":[0.0,-0.06118]},"A5o":{"weight":1.0,"played":[0.0,1.0],"evs":[0.0,0.38086]},"62s":{"weight":1.0,"played":[0.0,1.0],"evs":[0.0,0.25651]},"63s":{"weight":1.0,"played":[0.0,1.0],"evs":[0.0,0.58614]},"64s":{"weight":1.0,"played":[0.0,1.0],"evs":[0.0,0.86373]},"65s":{"weight":1.0,"played":[0.0,1.0],"evs":[0.0,1.17035]},"66":{"weight":1.0,"played":[0.0,1.0],"evs":[0.0,2.41372]},"76o":{"weight":1.0,"played":[0.0,1.0],"evs":[0.0,0.57366]},"86o":{"weight":1.0,"played":[0.0,1.0],"evs":[0.0,0.3832]},"96o":{"weight":1.0,"played":[0.0,1.0],"evs":[0.0,0.26565]},"T6o":{"weight":1.0,"played":[0.9695,0.0305],"evs":[0.0,-0.03077]},"J6o":{"weight":1.0,"played":[1.0,0.0],"evs":[0.0,-0.16415]},"Q6o":{"weight":1.0,"played":[0.9976,0.0024],"evs":[0.0,-0.00915]},"K6o":{"weight":1.0,"played":[6.0E-4,0.9994],"evs":[0.0,0.07933]},"A6o":{"weight":1.0,"played":[0.0,1.0],"evs":[0.0,0.22703]},"72s":{"weight":1.0,"played":[0.0134,0.9866],"evs":[0.0,0.10078]},"73s":{"weight":1.0,"played":[0.0,1.0],"evs":[0.0,0.32146]},"74s":{"weight":1.0,"played":[0.0,1.0],"evs":[0.0,0.60129]},"75s":{"weight":1.0,"played":[0.0,1.0],"evs":[0.0,0.89713]},"76s":{"weight":1.0,"played":[0.0,1.0],"evs":[0.0,1.2208]},"77":{"weight":1.0,"played":[0.0,1.0],"evs":[0.0,2.84744]},"87o":{"weight":1.0,"played":[0.0,1.0],"evs":[0.0,0.541]},"97o":{"weight":1.0,"played":[0.0,1.0],"evs":[0.0,0.40543]},"T7o":{"weight":1.0,"played":[2.0E-4,0.9998],"evs":[0.0,0.10804]},"J7o":{"weight":1.0,"played":[0.8,0.2],"evs":[0.0,-0.02998]},"Q7o":{"weight":1.0,"played":[0.9992,8.0E-4],"evs":[0.0,-0.0884]},"K7o":{"weight":1.0,"played":[2.0E-4,0.9998],"evs":[0.0,0.10438]},"A7o":{"weight":1.0,"played":[0.0,1.0],"evs":[0.0,0.43553]},"82s":{"weight":1.0,"played":[0.0,1.0],"evs":[0.0,0.1979]},"83s":{"weight":1.0,"played":[0.0013,0.9987],"evs":[0.0,0.15679]},"84s":{"weight":1.0,"played":[0.0,1.0],"evs":[0.0,0.42324]},"85s":{"weight":1.0,"played":[0.0,1.0],"evs":[0.0,0.77186]},"86s":{"weight":1.0,"played":[0.0,1.0],"evs":[0.0,1.04896]},"87s":{"weight":1.0,"played":[0.0,1.0],"evs":[0.0,1.14346]},"88":{"weight":1.0,"played":[0.0,1.0],"evs":[0.0,3.28359]},"98o":{"weight":1.0,"played":[0.0,1.0],"evs":[0.0,0.58515]},"T8o":{"weight":1.0,"played":[0.0,1.0],"evs":[0.0,0.3862]},"J8o":{"weight":1.0,"played":[0.0,1.0],"evs":[0.0,0.22916]},"Q8o":{"weight":1.0,"played":[0.0,1.0],"evs":[0.0,0.1239]},"K8o":{"weight":1.0,"played":[0.0029,0.9971],"evs":[0.0,0.12829]},"A8o":{"weight":1.0,"played":[0.0,1.0],"evs":[0.0,0.67771]},"92s":{"weight":1.0,"played":[0.0,1.0],"evs":[0.0,0.23137]},"93s":{"weight":1.0,"played":[5.0E-4,0.9995],"evs":[0.0,0.31005]},"94s":{"weight":1.0,"played":[0.0,1.0],"evs":[0.0,0.29582]},"95s":{"weight":1.0,"played":[0.0,1.0],"evs":[0.0,0.62841]},"96s":{"weight":1.0,"played":[0.0,1.0],"evs":[0.0,0.84007]},"97s":{"weight":1.0,"played":[0.0,1.0],"evs":[0.0,1.0523]},"98s":{"weight":1.0,"played":[0.0,1.0],"evs":[0.0,1.15717]},"99":{"weight":1.0,"played":[0.0,1.0],"evs":[0.0,3.68929]},"T9o":{"weight":1.0,"played":[0.0,1.0],"evs":[0.0,0.61726]},"J9o":{"weight":1.0,"played":[0.0,1.0],"evs":[0.0,0.41538]},"Q9o":{"weight":1.0,"played":[0.0,1.0],"evs":[0.0,0.37041]},"K9o":{"weight":1.0,"played":[0.0,1.0],"evs":[0.0,0.36127]},"A9o":{"weight":1.0,"played":[0.0,1.0],"evs":[0.0,1.04117]},"T2s":{"weight":1.0,"played":[0.027,0.973],"evs":[0.0,0.14031]},"T3s":{"weight":1.0,"played":[0.001,0.999],"evs":[0.0,0.16428]},"T4s":{"weight":1.0,"played":[0.0,1.0],"evs":[0.0,0.3192]},"T5s":{"weight":1.0,"played":[0.0,1.0],"evs":[0.0,0.32467]},"T6s":{"weight":1.0,"played":[0.0,1.0],"evs":[0.0,0.66765]},"T7s":{"weight":1.0,"played":[0.0,1.0],"evs":[0.0,0.72669]},"T8s":{"weight":1.0,"played":[0.0,1.0],"evs":[0.0,1.06403]},"T9s":{"weight":1.0,"played":[0.0,1.0],"evs":[0.0,1.20207]},"TT":{"weight":1.0,"played":[0.0,1.0],"evs":[0.0,4.29666]},"JTo":{"weight":1.0,"played":[0.0,1.0],"evs":[0.0,0.59746]},"QTo":{"weight":1.0,"played":[0.0,1.0],"evs":[0.0,0.59945]},"KTo":{"weight":1.0,"played":[0.0,1.0],"evs":[0.0,0.65757]},"ATo":{"weight":1.0,"played":[0.0,1.0],"evs":[0.0,1.60917]},"J2s":{"weight":1.0,"played":[0.0,1.0],"evs":[0.0,0.17428]},"J3s":{"weight":1.0,"played":[5.0E-4,0.9995],"evs":[0.0,0.22806]},"J4s":{"weight":1.0,"played":[0.0,1.0],"evs":[0.0,0.32637]},"J5s":{"weight":1.0,"played":[0.0,1.0],"evs":[0.0,0.41198]},"J6s":{"weight":1.0,"played":[2.0E-4,0.9998],"evs":[0.0,0.50957]},"J7s":{"weight":1.0,"played":[0.0,1.0],"evs":[0.0,0.69493]},"J8s":{"weight":1.0,"played":[0.0,1.0],"evs":[0.0,0.85722]},"J9s":{"weight":1.0,"played":[0.0,1.0],"evs":[0.0,1.08541]},"JTs":{"weight":1.0,"played":[0.0,1.0],"evs":[0.0,1.29268]},"JJ":{"weight":1.0,"played":[0.0,1.0],"evs":[0.0,5.08919]},"QJo":{"weight":1.0,"played":[0.0,1.0],"evs":[0.0,0.73029]},"KJo":{"weight":1.0,"played":[0.0,1.0],"evs":[0.0,0.91434]},"AJo":{"weight":1.0,"played":[0.0,1.0],"evs":[0.0,2.24464]},"Q2s":{"weight":1.0,"played":[4.0E-4,0.9996],"evs":[0.0,0.28668]},"Q3s":{"weight":1.0,"played":[0.0,1.0],"evs":[0.0,0.37944]},"Q4s":{"weight":1.0,"played":[1.0E-4,0.9999],"evs":[0.0,0.44365]},"Q5s":{"weight":1.0,"played":[0.0,1.0],"evs":[0.0,0.51686]},"Q6s":{"weight":1.0,"played":[0.0,1.0],"evs":[0.0,0.71859]},"Q7s":{"weight":1.0,"played":[0.0,1.0],"evs":[0.0,0.62372]},"Q8s":{"weight":1.0,"played":[0.0,1.0],"evs":[0.0,0.84833]},"Q9s":{"weight":1.0,"played":[0.0,1.0],"evs":[0.0,1.05263]},"QTs":{"weight":1.0,"played":[0.0,1.0],"evs":[0.0,1.1888]},"QJs":{"weight":1.0,"played":[0.0,1.0],"evs":[0.0,1.36061]},"QQ":{"weight":1.0,"played":[0.0,1.0],"evs":[0.0,6.09238]},"KQo":{"weight":1.0,"played":[0.0,1.0],"evs":[0.0,1.3957]},"AQo":{"weight":1.0,"played":[0.0,1.0],"evs":[0.0,2.88791]},"K2s":{"weight":1.0,"played":[0.0,1.0],"evs":[0.0,0.42348]},"K3s":{"weight":1.0,"played":[0.0,1.0],"evs":[0.0,0.45709]},"K4s":{"weight":1.0,"played":[0.0,1.0],"evs":[0.0,0.61156]},"K5s":{"weight":1.0,"played":[0.0,1.0],"evs":[0.0,0.68202]},"K6s":{"weight":1.0,"played":[0.0,1.0],"evs":[0.0,0.75448]},"K7s":{"weight":1.0,"played":[0.0,1.0],"evs":[0.0,0.74536]},"K8s":{"weight":1.0,"played":[0.0,1.0],"evs":[0.0,0.78479]},"K9s":{"weight":1.0,"played":[0.0,1.0],"evs":[0.0,1.07242]},"KTs":{"weight":1.0,"played":[0.0,1.0],"evs":[0.0,1.29131]},"KJs":{"weight":1.0,"played":[0.0,1.0],"evs":[0.0,1.50851]},"KQs":{"weight":1.0,"played":[0.0,1.0],"evs":[0.0,1.93816]},"KK":{"weight":1.0,"played":[0.0,1.0],"evs":[0.0,7.28977]},"AKo":{"weight":1.0,"played":[0.0,1.0],"evs":[0.0,3.5697]},"A2s":{"weight":1.0,"played":[0.0,1.0],"evs":[0.0,0.74727]},"A3s":{"weight":1.0,"played":[0.0,1.0],"evs":[0.0,0.84337]},"A4s":{"weight":1.0,"played":[0.0,1.0],"evs":[0.0,0.96688]},"A5s":{"weight":1.0,"played":[0.0,1.0],"evs":[0.0,1.10525]},"A6s":{"weight":1.0,"played":[0.0,1.0],"evs":[0.0,0.92164]},"A7s":{"weight":1.0,"played":[0.0,1.0],"evs":[0.0,1.13767]},"A8s":{"weight":1.0,"played":[0.0,1.0],"evs":[0.0,1.39375]},"A9s":{"weight":1.0,"played":[0.0,1.0],"evs":[0.0,1.65742]},"ATs":{"weight":1.0,"played":[0.0,1.0],"evs":[0.0,2.2529]},"AJs":{"weight":1.0,"played":[0.0,1.0],"evs":[0.0,2.7754]},"AQs":{"weight":1.0,"played":[0.0,1.0],"evs":[0.0,3.4069]},"AKs":{"weight":1.0,"played":[0.0,1.0],"evs":[0.0,4.07752]},"AA":{"weight":1.0,"played":[0.0,1.0],"evs":[0.0,9.25376]}}}