{"player":4,"street":0,"children":2,"sequence":[{"player":0,"type":"R","amount":29750000,"street":0},{"player":1,"type":"C","amount":3750000,"street":0},{"player":2,"type":"C","amount":12250000,"street":0},{"player":3,"type":"R","amount":35250000,"street":0}],"actions":[{"type":"F","amount":0,"node":115},{"type":"R","amount":57250000,"node":116}],"hands":{"22":{"weight":1.0,"played":[0.022,0.978],"evs":[0.0,0.16158]},"32o":{"weight":1.0,"played":[1.0,0.0],"evs":[0.0,-1.7294]},"42o":{"weight":1.0,"played":[1.0,0.0],"evs":[0.0,-1.6192]},"52o":{"weight":1.0,"played":[1.0,0.0],"evs":[0.0,-1.38752]},"62o":{"weight":1.0,"played":[1.0,0.0],"evs":[0.0,-1.496]},"72o":{"weight":1.0,"played":[1.0,0.0],"evs":[0.0,-1.93065]},"82o":{"weight":1.0,"played":[1.0,0.0],"evs":[0.0,-1.83343]},"92o":{"weight":1.0,"played":[1.0,0.0],"evs":[0.0,-1.71059]},"T2o":{"weight":1.0,"played":[1.0,0.0],"evs":[0.0,-2.00458]},"J2o":{"weight":1.0,"played":[1.0,0.0],"evs":[0.0,-1.86787]},"Q2o":{"weight":1.0,"played":[1.0,0.0],"evs":[0.0,-1.77308]},"K2o":{"weight":1.0,"played":[1.0,0.0],"evs":[0.0,-1.56484]},"A2o":{"weight":1.0,"played":[1.0,0.0],"evs":[0.0,-1.38738]},"32s":{"weight":1.0,"played":[1.0,0.0],"evs":[0.0,-1.02202]},"33":{"weight":1.0,"played":[0.0,1.0],"evs":[0.0,0.44455]},"43o":{"weight":1.0,"played":[1.0,0.0],"evs":[0.0,-1.12881]},"53o":{"weight":1.0,"played":[1.0,0.0],"evs":[0.0,-1.07426]},"63o":{"weight":1.0,"played":[1.0,0.0],"evs":[0.0,-1.06845]},"73o":{"weight":1.0,"played":[1.0,0.0],"evs":[0.0,-1.54288]},"83o":{"weight":1.0,"played":[1.0,0.0],"evs":[0.0,-1.71689]},"93o":{"weight":1.0,"played":[1.0,0.0],"evs":[0.0,-1.63276]},"T3o":{"weight":1.0,"played":[1.0,0.0],"evs":[0.0,-1.82268]},"J3o":{"weight":1.0,"played":[1.0,0.0],"evs":[0.0,-1.7826]},"Q3o":{"weight":1.0,"played":[1.0,0.0],"evs":[0.0,-1.56318]},"K3o":{"weight":1.0,"played":[1.0,0.0],"evs":[0.0,-1.35846]},"A3o":{"weight":1.0,"played":[0.9997,3.0E-4],"evs":[0.0,-1.28949]},"42s":{"weight":1.0,"played":[1.0,0.0],"evs":[0.0,-0.79986]},"43s":{"weight":1.0,"played":[0.9916,0.0084],"evs":[0.0,-0.41678]},"44":{"weight":1.0,"played":[0.0,1.0],"evs":[0.0,0.66022]},"54o":{"weight":1.0,"played":[0.9971,0.0029],"evs":[0.0,-0.57165]},"64o":{"weight":1.0,"played":[1.0,0.0],"evs":[0.0,-0.66618]},"74o":{"weight":1.0,"played":[1.0,0.0],"evs":[0.0,-1.13862]},"84o":{"weight":1.0,"played":[1.0,0.0],"evs":[0.0,-1.47532]},"94o":{"weight":1.0,"played":[1.0,0.0],"evs":[0.0,-1.61739]},"T4o":{"weight":1.0,"played":[1.0,0.0],"evs":[0.0,-1.78254]},"J4o":{"weight":1.0,"played":[1.0,0.0],"evs":[0.0,-1.74201]},"Q4o":{"weight":1.0,"played":[0.9999,1.0E-4],"evs":[0.0,-1.52696]},"K4o":{"weight":1.0,"played":[1.0,0.0],"evs":[0.0,-1.30312]},"A4o":{"weight":1.0,"played":[1.0,0.0],"evs":[0.0,-1.11777]},"52s":{"weight":1.0,"played":[0.9996,4.0E-4],"evs":[0.0,-0.33702]},"53s":{"weight":1.0,"played":[0.6604,0.3396],"evs":[0.0,0.03106]},"54s":{"weight":1.0,"played":[0.0017,0.9983],"evs":[0.0,0.33751]},"55":{"weight":1.0,"played":[0.0,1.0],"evs":[0.0,1.11023]},"65o":{"weight":1.0,"played":[0.9992,8.0E-4],"evs":[0.0,-0.39473]},"75o":{"weight":1.0,"played":[1.0,0.0],"evs":[0.0,-0.59859]},"85o":{"weight":1.0,"played":[1.0,0.0],"evs":[0.0,-0.90523]},"95o":{"weight":1.0,"played":[1.0,0.0],"evs":[0.0,-1.13754]},"T5o":{"weight":1.0,"played":[1.0,0.0],"evs":[0.0,-1.53474]},"J5o":{"weight":1.0,"played":[1.0,0.0],"evs":[0.0,-1.43686]},"Q5o":{"weight":1.0,"played":[1.0,0.0],"evs":[0.0,-1.38339]},"K5o":{"weight":1.0,"played":[1.0,0.0],"evs":[0.0,-1.1863]},"A5o":{"weight":1.0,"played":[1.0,0.0],"evs":[0.0,-0.92596]},"62s":{"weight":1.0,"played":[1.0,0.0],"evs":[0.0,-0.58828]},"63s":{"weight":1.0,"played":[0.9112,0.0888],"evs":[0.0,-0.27029]},"64s":{"weight":1.0,"played":[0.0163,0.9837],"evs":[0.0,0.14985]},"65s":{"weight":1.0,"played":[6.0E-4,0.9994],"evs":[0.0,0.44841]},"66":{"weight":1.0,"played":[0.0,1.0],"evs":[0.0,1.77369]},"76o":{"weight":1.0,"played":[0.9999,1.0E-4],"evs":[0.0,-0.25355]},"86o":{"weight":1.0,"played":[1.0,0.0],"evs":[0.0,-0.56061]},"96o":{"weight":1.0,"played":[1.0,0.0],"evs":[0.0,-0.74754]},"T6o":{"weight":1.0,"played":[1.0,0.0],"evs":[0.0,-1.21698]},"J6o":{"weight":1.0,"played":[1.0,0.0],"evs":[0.0,-1.34848]},"Q6o":{"weight":1.0,"played":[1.0,0.0],"evs":[0.0,-1.17151]},"K6o":{"weight":1.0,"played":[1.0,0.0],"evs":[0.0,-0.93228]},"A6o":{"weight":1.0,"played":[1.0,0.0],"evs":[0.0,-1.21453]},"72s":{"weight":1.0,"played":[0.9998,2.0E-4],"evs":[0.0,-1.1087]},"73s":{"weight":1.0,"played":[0.9965,0.0035],"evs":[0.0,-0.64987]},"74s":{"weight":1.0,"played":[0.9999,1.0E-4],"evs":[0.0,-0.27094]},"75s":{"weight":1.0,"played":[0.1095,0.8905],"evs":[0.0,0.02066]},"76s":{"weight":1.0,"played":[3.0E-4,0.9997],"evs":[0.0,0.49128]},"77":{"weight":1.0,"played":[0.0,1.0],"evs":[0.0,2.20205]},"87o":{"weight":1.0,"played":[0.9991,9.0E-4],"evs":[0.0,-0.37855]},"97o":{"weight":1.0,"played":[1.0,0.0],"evs":[0.0,-0.53214]},"T7o":{"weight":1.0,"played":[0.9997,3.0E-4],"evs":[0.0,-0.97098]},"J7o":{"weight":1.0,"played":[1.0,0.0],"evs":[0.0,-1.07135]},"Q7o":{"weight":1.0,"played":[1.0,0.0],"evs":[0.0,-1.24057]},"K7o":{"weight":1.0,"played":[1.0,0.0],"evs":[0.0,-0.93346]},"A7o":{"weight":1.0,"played":[0.9999,1.0E-4],"evs":[0.0,-1.02508]},"82s":{"weight":1.0,"played":[1.0,0.0],"evs":[0.0,-0.79833]},"83s":{"weight":1.0,"played":[1.0,0.0],"evs":[0.0,-0.81495]},"84s":{"weight":1.0,"played":[0.9986,0.0014],"evs":[0.0,-0.50605]},"85s":{"weight":1.0,"played":[0.8735,0.1265],"evs":[0.0,-0.12309]},"86s":{"weight":1.0,"played":[6.0E-4,0.9994],"evs":[0.0,0.31461]},"87s":{"weight":1.0,"played":[0.0026,0.9974],"evs":[0.0,0.62443]},"88":{"weight":1.0,"played":[0.0,1.0],"evs":[0.0,2.77203]},"98o":{"weight":1.0,"played":[0.9999,1.0E-4],"evs":[0.0,-0.24673]},"T8o":{"weight":1.0,"played":[0.9999,1.0E-4],"evs":[0.0,-0.54954]},"J8o":{"weight":1.0,"played":[1.0,0.0],"evs":[0.0,-0.81806]},"Q8o":{"weight":1.0,"played":[1.0,0.0],"evs":[0.0,-0.9908]},"K8o":{"weight":1.0,"played":[1.0,0.0],"evs":[0.0,-0.86937]},"A8o":{"weight":1.0,"played":[0.9992,8.0E-4],"evs":[0.0,-0.7544]},"92s":{"weight":1.0,"played":[0.9993,7.0E-4],"evs":[0.0,-0.75829]},"93s":{"weight":1.0,"played":[0.9995,5.0E-4],"evs":[0.0,-0.80603]},"94s":{"weight":1.0,"played":[0.9996,4.0E-4],"evs":[0.0,-0.7013]},"95s":{"weight":1.0,"played":[0.9981,0.0019],"evs":[0.0,-0.15901]},"96s":{"weight":1.0,"played":[0.2202,0.7798],"evs":[0.0,0.129]},"97s":{"weight":1.0,"played":[0.0042,0.9958],"evs":[0.0,0.2357]},"98s":{"weight":1.0,"played":[0.0,1.0],"evs":[0.0,0.66991]},"99":{"weight":1.0,"played":[0.0,1.0],"evs":[0.0,3.33144]},"T9o":{"weight":1.0,"played":[0.9999,1.0E-4],"evs":[0.0,-0.38066]},"J9o":{"weight":1.0,"played":[0.9996,4.0E-4],"evs":[0.0,-0.51077]},"Q9o":{"weight":1.0,"played":[0.9984,0.0016],"evs":[0.0,-0.57397]},"K9o":{"weight":1.0,"played":[0.9996,4.0E-4],"evs":[0.0,-0.42541]},"A9o":{"weight":1.0,"played":[0.9979,0.0021],"evs":[0.0,-0.50798]},"T2s":{"weight":1.0,"played":[0.9994,6.0E-4],"evs":[0.0,-1.06928]},"T3s":{"weight":1.0,"played":[0.9997,3.0E-4],"evs":[0.0,-0.80939]},"T4s":{"weight":1.0,"played":[1.0,0.0],"evs":[0.0,-0.80713]},"T5s":{"weight":1.0,"played":[1.0,0.0],"evs":[0.0,-0.5288]},"T6s":{"weight":1.0,"played":[0.9686,0.0314],"evs":[0.0,-0.22559]},"T7s":{"weight":1.0,"played":[0.0775,0.9225],"evs":[0.0,-0.07703]},"T8s":{"weight":1.0,"played":[0.1975,0.8025],"evs":[0.0,0.10323]},"T9s":{"weight":1.0,"played":[9.0E-4,0.9991],"evs":[0.0,0.47916]},"TT":{"weight":1.0,"played":[0.0,1.0],"evs":[0.0,4.22937]},"JTo":{"weight":1.0,"played":[0.9961,0.0039],"evs":[0.0,-0.28983]},"QTo":{"weight":1.0,"played":[0.9819,0.0181],"evs":[0.0,-0.35445]},"KTo":{"weight":1.0,"played":[0.9754,0.0246],"evs":[0.0,-0.30364]},"ATo":{"weight":1.0,"played":[0.909,0.091],"evs":[0.0,-0.07988]},"J2s":{"weight":1.0,"played":[1.0,0.0],"evs":[0.0,-0.78683]},"J3s":{"weight":1.0,"played":[0.9996,4.0E-4],"evs":[0.0,-0.7743]},"J4s":{"weight":1.0,"played":[0.9996,4.0E-4],"evs":[0.0,-0.67923]},"J5s":{"weight":1.0,"played":[0.9935,0.0065],"evs":[0.0,-0.55132]},"J6s":{"weight":1.0,"played":[0.9992,8.0E-4],"evs":[0.0,-0.2689]},"J7s":{"weight":1.0,"played":[0.9235,0.0765],"evs":[0.0,-0.04612]},"J8s":{"weight":1.0,"played":[0.1707,0.8293],"evs":[0.0,0.24791]},"J9s":{"weight":1.0,"played":[0.0066,0.9934],"evs":[0.0,0.41965]},"JTs":{"weight":1.0,"played":[0.0016,0.9984],"evs":[0.0,0.7022]},"JJ":{"weight":1.0,"played":[0.0,1.0],"evs":[0.0,5.41234]},"QJo":{"weight":1.0,"played":[0.9949,0.0051],"evs":[0.0,-0.07564]},"KJo":{"weight":1.0,"played":[0.0383,0.9617],"evs":[0.0,0.05219]},"AJo":{"weight":1.0,"played":[4.0E-4,0.9996],"evs":[0.0,0.49962]},"Q2s":{"weight":1.0,"played":[0.9997,3.0E-4],"evs":[0.0,-0.56723]},"Q3s":{"weight":1.0,"played":[1.0,0.0],"evs":[0.0,-0.72754]},"Q4s":{"weight":1.0,"played":[0.9631,0.0369],"evs":[0.0,-0.54116]},"Q5s":{"weight":1.0,"played":[0.9995,5.0E-4],"evs":[0.0,-0.24323]},"Q6s":{"weight":1.0,"played":[0.9498,0.0502],"evs":[0.0,-0.24403]},"Q7s":{"weight":1.0,"played":[0.99,0.01],"evs":[0.0,-0.34031]},"Q8s":{"weight":1.0,"played":[0.138,0.862],"evs":[0.0,-0.01912]},"Q9s":{"weight":1.0,"played":[0.0059,0.9941],"evs":[0.0,0.3968]},"QTs":{"weight":1.0,"played":[7.0E-4,0.9993],"evs":[0.0,0.55761]},"QJs":{"weight":1.0,"played":[0.0,1.0],"evs":[0.0,0.7882]},"QQ":{"weight":1.0,"played":[0.0,1.0],"evs":[0.0,6.90575]},"KQo":{"weight":1.0,"played":[0.0,1.0],"evs":[0.0,0.50794]},"AQo":{"weight":1.0,"played":[0.0,1.0],"evs":[0.0,1.32826]},"K2s":{"weight":1.0,"played":[0.9995,5.0E-4],"evs":[0.0,-0.52876]},"K3s":{"weight":1.0,"played":[0.9872,0.0128],"evs":[0.0,-0.47862]},"K4s":{"weight":1.0,"played":[0.9995,5.0E-4],"evs":[0.0,-0.36572]},"K5s":{"weight":1.0,"played":[0.9835,0.0165],"evs":[0.0,-0.20922]},"K6s":{"weight":1.0,"played":[0.2684,0.7316],"evs":[0.0,0.05913]},"K7s":{"weight":1.0,"played":[0.0774,0.9226],"evs":[0.0,0.0296]},"K8s":{"weight":1.0,"played":[0.0234,0.9766],"evs":[0.0,0.08517]},"K9s":{"weight":1.0,"played":[7.0E-4,0.9993],"evs":[0.0,0.57351]},"KTs":{"weight":1.0,"played":[0.0,1.0],"evs":[0.0,0.47909]},"KJs":{"weight":1.0,"played":[0.0,1.0],"evs":[0.0,0.99744]},"KQs":{"weight":1.0,"played":[0.0,1.0],"evs":[0.0,1.79503]},"KK":{"weight":1.0,"played":[0.0,1.0],"evs":[0.0,8.62727]},"AKo":{"weight":1.0,"played":[0.0,1.0],"evs":[0.0,2.2019]},"A2s":{"weight":1.0,"played":[0.9998,2.0E-4],"evs":[0.0,-0.4545]},"A3s":{"weight":1.0,"played":[0.9877,0.0123],"evs":[0.0,-0.32555]},"A4s":{"weight":1.0,"played":[0.6952,0.3048],"evs":[0.0,0.00371]},"A5s":{"weight":1.0,"played":[0.0628,0.9372],"evs":[0.0,0.2794]},"A6s":{"weight":1.0,"played":[0.7393,0.2607],"evs":[0.0,0.01777]},"A7s":{"weight":1.0,"played":[0.1402,0.8598],"evs":[0.0,-0.04721]},"A8s":{"weight":1.0,"played":[0.0173,0.9827],"evs":[0.0,0.16404]},"A9s":{"weight":1.0,"played":[0.0175,0.9825],"evs":[0.0,0.42138]},"ATs":{"weight":1.0,"played":[1.0E-4,0.9999],"evs":[0.0,0.85117]},"AJs":{"weight":1.0,"played":[2.0E-4,0.9998],"evs":[0.0,1.73713]},"AQs":{"weight":1.0,"played":[0.0,1.0],"evs":[0.0,2.0263]},"AKs":{"weight":1.0,"played":[0.0,1.0],"evs":[0.0,2.95967]},"AA":{"weight":1.0,"played":[0.0,1.0],"evs":[0.0,10.91685]}}}