{"player":5,"street":0,"children":2,"sequence":[{"player":0,"type":"R","amount":29750000,"street":0},{"player":1,"type":"C","amount":3750000,"street":0},{"player":2,"type":"C","amount":12250000,"street":0},{"player":3,"type":"R","amount":35250000,"street":0},{"player":4,"type":"R","amount":57250000,"street":0}],"actions":[{"type":"F","amount":0},{"type":"C","amount":52250000}],"hands":{"22":{"weight":1.0,"played":[0.0309,0.9691],"evs":[0.0,0.46731]},"32o":{"weight":1.0,"played":[1.0,0.0],"evs":[0.0,-1.75877]},"42o":{"weight":1.0,"played":[1.0,0.0],"evs":[0.0,-1.66069]},"52o":{"weight":1.0,"played":[1.0,0.0],"evs":[0.0,-1.25354]},"62o":{"weight":1.0,"played":[1.0,0.0],"evs":[0.0,-1.54391]},"72o":{"weight":1.0,"played":[0.9998,2.0E-4],"evs":[0.0,-2.16252]},"82o":{"weight":1.0,"played":[1.0,0.0],"evs":[0.0,-1.98045]},"92o":{"weight":1.0,"played":[1.0,0.0],"evs":[0.0,-1.6263]},"T2o":{"weight":1.0,"played":[1.0,0.0],"evs":[0.0,-1.72513]},"J2o":{"weight":1.0,"played":[0.9999,1.0E-4],"evs":[0.0,-1.81925]},"Q2o":{"weight":1.0,"played":[1.0,0.0],"evs":[0.0,-1.86689]},"K2o":{"weight":1.0,"played":[0.9996,4.0E-4],"evs":[0.0,-1.45968]},"A2o":{"weight":1.0,"played":[0.9974,0.0026],"evs":[0.0,-1.22317]},"32s":{"weight":1.0,"played":[0.9996,4.0E-4],"evs":[0.0,-0.7641]},"33":{"weight":1.0,"played":[1.0E-4,0.9999],"evs":[0.0,0.61371]},"43o":{"weight":1.0,"played":[0.9995,5.0E-4],"evs":[0.0,-1.1309]},"53o":{"weight":1.0,"played":[0.9985,0.0015],"evs":[0.0,-0.842]},"63o":{"weight":1.0,"played":[1.0,0.0],"evs":[0.0,-1.20381]},"73o":{"weight":1.0,"played":[0.9992,8.0E-4],"evs":[0.0,-1.42674]},"83o":{"weight":1.0,"played":[1.0,0.0],"evs":[0.0,-1.9922]},"93o":{"weight":1.0,"played":[1.0,0.0],"evs":[0.0,-1.49212]},"T3o":{"weight":1.0,"played":[1.0,0.0],"evs":[0.0,-1.69637]},"J3o":{"weight":1.0,"played":[1.0,0.0],"evs":[0.0,-1.6082]},"Q3o":{"weight":1.0,"played":[0.9999,1.0E-4],"evs":[0.0,-1.36337]},"K3o":{"weight":1.0,"played":[0.9995,5.0E-4],"evs":[0.0,-1.27975]},"A3o":{"weight":1.0,"played":[0.9986,0.0014],"evs":[0.0,-0.70481]},"42s":{"weight":1.0,"played":[0.9811,0.0189],"evs":[0.0,-0.59266]},"43s":{"weight":1.0,"played":[0.9715,0.0285],"evs":[0.0,-0.18108]},"44":{"weight":1.0,"played":[1.0E-4,0.9999],"evs":[0.0,1.29761]},"54o":{"weight":1.0,"played":[0.9995,5.0E-4],"evs":[0.0,-0.54778]},"64o":{"weight":1.0,"played":[0.9971,0.0029],"evs":[0.0,-0.75684]},"74o":{"weight":1.0,"played":[1.0,0.0],"evs":[0.0,-1.05127]},"84o":{"weight":1.0,"played":[0.9999,1.0E-4],"evs":[0.0,-1.34983]},"94o":{"weight":1.0,"played":[0.9998,2.0E-4],"evs":[0.0,-1.33947]},"T4o":{"weight":1.0,"played":[0.9999,1.0E-4],"evs":[0.0,-1.48408]},"J4o":{"weight":1.0,"played":[0.9999,1.0E-4],"evs":[0.0,-1.22673]},"Q4o":{"weight":1.0,"played":[0.9999,1.0E-4],"evs":[0.0,-1.13203]},"K4o":{"weight":1.0,"played":[0.9986,0.0014],"evs":[0.0,-1.40992]},"A4o":{"weight":1.0,"played":[0.992,0.008],"evs":[0.0,-0.50763]},"52s":{"weight":1.0,"played":[0.9995,5.0E-4],"evs":[0.0,-0.73323]},"53s":{"weight":1.0,"played":[0.6313,0.3687],"evs":[0.0,-0.15981]},"54s":{"weight":1.0,"played":[0.0213,0.9787],"evs":[0.0,0.55311]},"55":{"weight":1.0,"played":[0.0,1.0],"evs":[0.0,1.84331]},"65o":{"weight":1.0,"played":[0.9969,0.0031],"evs":[0.0,-0.58932]},"75o":{"weight":1.0,"played":[0.998,0.002],"evs":[0.0,-0.27665]},"85o":{"weight":1.0,"played":[0.9997,3.0E-4],"evs":[0.0,-0.67021]},"95o":{"weight":1.0,"played":[0.9997,3.0E-4],"evs":[0.0,-1.03256]},"T5o":{"weight":1.0,"played":[0.9999,1.0E-4],"evs":[0.0,-1.25338]},"J5o":{"weight":1.0,"played":[1.0,0.0],"evs":[0.0,-0.97839]},"Q5o":{"weight":1.0,"played":[0.9999,1.0E-4],"evs":[0.0,-1.06652]},"K5o":{"weight":1.0,"played":[0.9966,0.0034],"evs":[0.0,-0.86947]},"A5o":{"weight":1.0,"played":[0.8863,0.1137],"evs":[0.0,-0.48666]},"62s":{"weight":1.0,"played":[0.9992,8.0E-4],"evs":[0.0,-0.9632]},"63s":{"weight":1.0,"played":[0.9946,0.0054],"evs":[0.0,-0.02035]},"64s":{"weight":1.0,"played":[0.588,0.412],"evs":[0.0,-0.05869]},"65s":{"weight":1.0,"played":[0.0145,0.9855],"evs":[0.0,1.00806]},"66":{"weight":1.0,"played":[0.0,1.0],"evs":[0.0,3.04651]},"76o":{"weight":1.0,"played":[0.9438,0.0562],"evs":[0.0,-0.34933]},"86o":{"weight":1.0,"played":[0.9863,0.0137],"evs":[0.0,-0.43071]},"96o":{"weight":1.0,"played":[0.9964,0.0036],"evs":[0.0,-0.53997]},"T6o":{"weight":1.0,"played":[0.9999,1.0E-4],"evs":[0.0,-0.76024]},"J6o":{"weight":1.0,"played":[0.9999,1.0E-4],"evs":[0.0,-1.01455]},"Q6o":{"weight":1.0,"played":[0.9952,0.0048],"evs":[0.0,-0.71743]},"K6o":{"weight":1.0,"played":[0.989,0.011],"evs":[0.0,-1.04353]},"A6o":{"weight":1.0,"played":[0.9991,9.0E-4],"evs":[0.0,-0.84237]},"72s":{"weight":1.0,"played":[0.9992,8.0E-4],"evs":[0.0,-0.80615]},"73s":{"weight":1.0,"played":[0.9384,0.0616],"evs":[0.0,-0.33927]},"74s":{"weight":1.0,"played":[0.6705,0.3295],"evs":[0.0,-0.05715]},"75s":{"weight":1.0,"played":[0.014,0.986],"evs":[0.0,0.38497]},"76s":{"weight":1.0,"played":[0.0043,0.9957],"evs":[0.0,0.83927]},"77":{"weight":1.0,"played":[0.0,1.0],"evs":[0.0,3.22942]},"87o":{"weight":1.0,"played":[0.9796,0.0204],"evs":[0.0,-0.37932]},"97o":{"weight":1.0,"played":[0.6355,0.3645],"evs":[0.0,-0.05243]},"T7o":{"weight":1.0,"played":[0.9943,0.0057],"evs":[0.0,-0.66079]},"J7o":{"weight":1.0,"played":[0.9785,0.0215],"evs":[0.0,-0.57786]},"Q7o":{"weight":1.0,"played":[0.9993,7.0E-4],"evs":[0.0,-0.93304]},"K7o":{"weight":1.0,"played":[0.9761,0.0239],"evs":[0.0,-0.50121]},"A7o":{"weight":1.0,"played":[0.9925,0.0075],"evs":[0.0,-0.49736]},"82s":{"weight":1.0,"played":[0.9865,0.0135],"evs":[0.0,-1.20506]},"83s":{"weight":1.0,"played":[0.9997,3.0E-4],"evs":[0.0,-0.83849]},"84s":{"weight":1.0,"played":[0.3786,0.6214],"evs":[0.0,0.11901]},"85s":{"weight":1.0,"played":[0.9723,0.0277],"evs":[0.0,-0.04966]},"86s":{"weight":1.0,"played":[0.0011,0.9989],"evs":[0.0,0.30801]},"87s":{"weight":1.0,"played":[1.0E-4,0.9999],"evs":[0.0,0.54729]},"88":{"weight":1.0,"played":[0.0,1.0],"evs":[0.0,4.02214]},"98o":{"weight":1.0,"played":[0.991,0.009],"evs":[0.0,-0.23039]},"T8o":{"weight":1.0,"played":[0.9913,0.0087],"evs":[0.0,-0.32729]},"J8o":{"weight":1.0,"played":[0.9528,0.0472],"evs":[0.0,-0.62279]},"Q8o":{"weight":1.0,"played":[0.9993,7.0E-4],"evs":[0.0,-0.8394]},"K8o":{"weight":1.0,"played":[0.9904,0.0096],"evs":[0.0,-0.40857]},"A8o":{"weight":1.0,"played":[0.9914,0.0086],"evs":[0.0,-0.22173]},"92s":{"weight":1.0,"played":[0.9934,0.0066],"evs":[0.0,-1.3313]},"93s":{"weight":1.0,"played":[1.0,0.0],"evs":[0.0,-0.76611]},"94s":{"weight":1.0,"played":[0.7577,0.2423],"evs":[0.0,-0.32441]},"95s":{"weight":1.0,"played":[0.7043,0.2957],"evs":[0.0,-0.05955]},"96s":{"weight":1.0,"played":[0.033,0.967],"evs":[0.0,0.82162]},"97s":{"weight":1.0,"played":[0.0018,0.9982],"evs":[0.0,1.23991]},"98s":{"weight":1.0,"played":[1.0E-4,0.9999],"evs":[0.0,1.53785]},"99":{"weight":1.0,"played":[0.0,1.0],"evs":[0.0,4.75795]},"T9o":{"weight":1.0,"played":[0.2847,0.7153],"evs":[0.0,0.10304]},"J9o":{"weight":1.0,"played":[0.2679,0.7321],"evs":[0.0,-0.1583]},"Q9o":{"weight":1.0,"played":[0.8951,0.1049],"evs":[0.0,-0.29979]},"K9o":{"weight":1.0,"played":[0.2176,0.7824],"evs":[0.0,0.09855]},"A9o":{"weight":1.0,"played":[0.9961,0.0039],"evs":[0.0,-0.08301]},"T2s":{"weight":1.0,"played":[0.9618,0.0382],"evs":[0.0,-0.61512]},"T3s":{"weight":1.0,"played":[0.9966,0.0034],"evs":[0.0,-0.70639]},"T4s":{"weight":1.0,"played":[0.9145,0.0855],"evs":[0.0,-0.3676]},"T5s":{"weight":1.0,"played":[0.624,0.376],"evs":[0.0,-0.14799]},"T6s":{"weight":1.0,"played":[0.3982,0.6018],"evs":[0.0,-0.2571]},"T7s":{"weight":1.0,"played":[0.0628,0.9372],"evs":[0.0,0.22746]},"T8s":{"weight":1.0,"played":[0.0379,0.9621],"evs":[0.0,0.87356]},"T9s":{"weight":1.0,"played":[1.0E-4,0.9999],"evs":[0.0,1.14184]},"TT":{"weight":1.0,"played":[0.0,1.0],"evs":[0.0,5.23457]},"JTo":{"weight":1.0,"played":[0.1999,0.8001],"evs":[0.0,0.15418]},"QTo":{"weight":1.0,"played":[0.2272,0.7728],"evs":[0.0,0.14974]},"KTo":{"weight":1.0,"played":[0.0506,0.9494],"evs":[0.0,0.08662]},"ATo":{"weight":1.0,"played":[4.0E-4,0.9996],"evs":[0.0,0.69242]},"J2s":{"weight":1.0,"played":[0.9868,0.0132],"evs":[0.0,-1.09059]},"J3s":{"weight":1.0,"played":[0.9667,0.0333],"evs":[0.0,-0.11084]},"J4s":{"weight":1.0,"played":[0.9781,0.0219],"evs":[0.0,-0.25442]},"J5s":{"weight":1.0,"played":[0.9357,0.0643],"evs":[0.0,-0.66811]},"J6s":{"weight":1.0,"played":[0.9235,0.0765],"evs":[0.0,-0.59448]},"J7s":{"weight":1.0,"played":[0.4933,0.5067],"evs":[0.0,0.01881]},"J8s":{"weight":1.0,"played":[0.002,0.998],"evs":[0.0,0.48418]},"J9s":{"weight":1.0,"played":[0.0039,0.9961],"evs":[0.0,0.80025]},"JTs":{"weight":1.0,"played":[0.0,1.0],"evs":[0.0,1.32765]},"JJ":{"weight":1.0,"played":[0.0,1.0],"evs":[0.0,6.60266]},"QJo":{"weight":1.0,"played":[2.0E-4,0.9998],"evs":[0.0,0.14727]},"KJo":{"weight":1.0,"played":[0.0,1.0],"evs":[0.0,0.49103]},"AJo":{"weight":1.0,"played":[0.0,1.0],"evs":[0.0,0.70864]},"Q2s":{"weight":1.0,"played":[0.9469,0.0531],"evs":[0.0,-0.55595]},"Q3s":{"weight":1.0,"played":[0.3744,0.6256],"evs":[0.0,-0.32197]},"Q4s":{"weight":1.0,"played":[0.996,0.004],"evs":[0.0,-0.36464]},"Q5s":{"weight":1.0,"played":[0.9647,0.0353],"evs":[0.0,-0.47861]},"Q6s":{"weight":1.0,"played":[0.1127,0.8873],"evs":[0.0,0.10093]},"Q7s":{"weight":1.0,"played":[0.503,0.497],"evs":[0.0,0.1049]},"Q8s":{"weight":1.0,"played":[0.0155,0.9845],"evs":[0.0,0.5241]},"Q9s":{"weight":1.0,"played":[2.0E-4,0.9998],"evs":[0.0,0.35182]},"QTs":{"weight":1.0,"played":[0.1014,0.8986],"evs":[0.0,0.78497]},"QJs":{"weight":1.0,"played":[1.0E-4,0.9999],"evs":[0.0,1.26905]},"QQ":{"weight":1.0,"played":[0.0,1.0],"evs":[0.0,8.27206]},"KQo":{"weight":1.0,"played":[1.0E-4,0.9999],"evs":[0.0,0.71547]},"AQo":{"weight":1.0,"played":[0.0,1.0],"evs":[0.0,1.62638]},"K2s":{"weight":1.0,"played":[0.9946,0.0054],"evs":[0.0,-1.01745]},"K3s":{"weight":1.0,"played":[0.9087,0.0913],"evs":[0.0,0.03497]},"K4s":{"weight":1.0,"played":[0.172,0.828],"evs":[0.0,-0.17008]},"K5s":{"weight":1.0,"played":[0.2888,0.7112],"evs":[0.0,0.02186]},"K6s":{"weight":1.0,"played":[0.013,0.987],"evs":[0.0,0.16225]},"K7s":{"weight":1.0,"played":[0.2975,0.7025],"evs":[0.0,0.0032]},"K8s":{"weight":1.0,"played":[0.0196,0.9804],"evs":[0.0,1.20603]},"K9s":{"weight":1.0,"played":[0.0237,0.9763],"evs":[0.0,0.87124]},"KTs":{"weight":1.0,"played":[6.0E-4,0.9994],"evs":[0.0,1.16186]},"KJs":{"weight":1.0,"played":[1.0E-4,0.9999],"evs":[0.0,1.52345]},"KQs":{"weight":1.0,"played":[0.0,1.0],"evs":[0.0,1.48485]},"KK":{"weight":1.0,"played":[0.0,1.0],"evs":[0.0,10.09478]},"AKo":{"weight":1.0,"played":[0.0,1.0],"evs":[0.0,1.88093]},"A2s":{"weight":1.0,"played":[0.5992,0.4008],"evs":[0.0,0.04172]},"A3s":{"weight":1.0,"played":[0.0909,0.9091],"evs":[0.0,0.66303]},"A4s":{"weight":1.0,"played":[1.0E-4,0.9999],"evs":[0.0,0.41412]},"A5s":{"weight":1.0,"played":[0.0884,0.9116],"evs":[0.0,0.93803]},"A6s":{"weight":1.0,"played":[0.0045,0.9955],"evs":[0.0,0.8527]},"A7s":{"weight":1.0,"played":[0.0127,0.9873],"evs":[0.0,0.66458]},"A8s":{"weight":1.0,"played":[7.0E-4,0.9993],"evs":[0.0,0.80517]},"A9s":{"weight":1.0,"played":[5.0E-4,0.9995],"evs":[0.0,1.41909]},"ATs":{"weight":1.0,"played":[1.0E-4,0.9999],"evs":[0.0,1.69941]},"AJs":{"weight":1.0,"played":[2.0E-4,0.9998],"evs":[0.0,1.95933]},"AQs":{"weight":1.0,"played":[0.001,0.999],"evs":[0.0,2.57157]},"AKs":{"weight":1.0,"played":[0.0,1.0],"evs":[0.0,2.90091]},"AA":{"weight":1.0,"played":[0.0,1.0],"evs":[0.0,11.52484]}}}