{"player":5,"street":0,"children":3,"sequence":[{"player":0,"type":"F","amount":0,"street":0},{"player":1,"type":"F","amount":0,"street":0},{"player":2,"type":"F","amount":0,"street":0},{"player":3,"type":"R","amount":35250000,"street":0},{"player":4,"type":"C","amount":32750000,"street":0}],"actions":[{"type":"F","amount":0},{"type":"C","amount":30250000},{"type":"R","amount":57250000,"node":15}],"hands":{"22":{"weight":1.0,"played":[1.0,0.0,0.0],"evs":[0.0,-1.25566,-1.11094]},"32o":{"weight":1.0,"played":[1.0,0.0,0.0],"evs":[0.0,-2.85755,-3.5549]},"42o":{"weight":1.0,"played":[1.0,0.0,0.0],"evs":[0.0,-2.73946,-3.40498]},"52o":{"weight":1.0,"played":[1.0,0.0,0.0],"evs":[0.0,-2.64357,-3.21515]},"62o":{"weight":1.0,"played":[1.0,0.0,0.0],"evs":[0.0,-2.73178,-3.38605]},"72o":{"weight":1.0,"played":[1.0,0.0,0.0],"evs":[0.0,-2.93115,-3.5554]},"82o":{"weight":1.0,"played":[1.0,0.0,0.0],"evs":[0.0,-3.26044,-3.75881]},"92o":{"weight":1.0,"played":[1.0,0.0,0.0],"evs":[0.0,-3.06976,-3.66191]},"T2o":{"weight":1.0,"played":[1.0,0.0,0.0],"evs":[0.0,-2.59525,-3.3168]},"J2o":{"weight":1.0,"played":[1.0,0.0,0.0],"evs":[0.0,-2.5563,-3.31169]},"Q2o":{"weight":1.0,"played":[1.0,0.0,0.0],"evs":[0.0,-2.43892,-3.13597]},"K2o":{"weight":1.0,"played":[1.0,0.0,0.0],"evs":[0.0,-2.2279,-2.51909]},"A2o":{"weight":1.0,"played":[1.0,0.0,0.0],"evs":[0.0,-2.5147,-2.00936]},"32s":{"weight":1.0,"played":[1.0,0.0,0.0],"evs":[0.0,-2.09916,-2.59088]},"33":{"weight":1.0,"played":[1.0,0.0,0.0],"evs":[0.0,-1.16289,-0.97314]},"43o":{"weight":1.0,"played":[1.0,0.0,0.0],"evs":[0.0,-2.46395,-3.02009]},"53o":{"weight":1.0,"played":[1.0,0.0,0.0],"evs":[0.0,-2.34056,-2.85547]},"63o":{"weight":1.0,"played":[1.0,0.0,0.0],"evs":[0.0,-2.46982,-3.05623]},"73o":{"weight":1.0,"played":[1.0,0.0,0.0],"evs":[0.0,-2.66077,-3.15727]},"83o":{"weight":1.0,"played":[1.0,0.0,0.0],"evs":[0.0,-3.27593,-3.76606]},"93o":{"weight":1.0,"played":[1.0,0.0,0.0],"evs":[0.0,-3.02167,-3.57549]},"T3o":{"weight":1.0,"played":[1.0,0.0,0.0],"evs":[0.0,-2.57618,-3.26184]},"J3o":{"weight":1.0,"played":[1.0,0.0,0.0],"evs":[0.0,-2.51974,-3.18616]},"Q3o":{"weight":1.0,"played":[1.0,0.0,0.0],"evs":[0.0,-2.41386,-3.05188]},"K3o":{"weight":1.0,"played":[1.0,0.0,0.0],"evs":[0.0,-2.2562,-2.47531]},"A3o":{"weight":1.0,"played":[1.0,0.0,0.0],"evs":[0.0,-2.40979,-1.86226]},"42s":{"weight":1.0,"played":[1.0,0.0,0.0],"evs":[0.0,-2.04267,-2.5458]},"43s":{"weight":1.0,"played":[1.0,0.0,0.0],"evs":[0.0,-1.66588,-2.01869]},"44":{"weight":1.0,"played":[1.0,0.0,0.0],"evs":[0.0,-0.81165,-0.50165]},"54o":{"weight":1.0,"played":[1.0,0.0,0.0],"evs":[0.0,-2.04436,-2.43729]},"64o":{"weight":1.0,"played":[1.0,0.0,0.0],"evs":[0.0,-2.13852,-2.60232]},"74o":{"weight":1.0,"played":[1.0,0.0,0.0],"evs":[0.0,-2.35446,-2.75632]},"84o":{"weight":1.0,"played":[1.0,0.0,0.0],"evs":[0.0,-2.98277,-3.3443]},"94o":{"weight":1.0,"played":[1.0,0.0,0.0],"evs":[0.0,-2.91703,-3.46794]},"T4o":{"weight":1.0,"played":[1.0,0.0,0.0],"evs":[0.0,-2.47944,-3.06476]},"J4o":{"weight":1.0,"played":[1.0,0.0,0.0],"evs":[0.0,-2.44765,-3.09478]},"Q4o":{"weight":1.0,"played":[1.0,0.0,0.0],"evs":[0.0,-2.33227,-2.89616]},"K4o":{"weight":1.0,"played":[1.0,0.0,0.0],"evs":[0.0,-2.13814,-2.31272]},"A4o":{"weight":1.0,"played":[1.0,0.0,0.0],"evs":[0.0,-2.28657,-1.75409]},"52s":{"weight":1.0,"played":[1.0,0.0,0.0],"evs":[0.0,-1.92744,-2.34704]},"53s":{"weight":1.0,"played":[1.0,0.0,0.0],"evs":[0.0,-1.65641,-2.0248]},"54s":{"weight":1.0,"played":[1.0,0.0,0.0],"evs":[0.0,-1.34837,-1.59544]},"55":{"weight":1.0,"played":[0.9992,0.0,8.0E-4],"evs":[0.0,-0.59061,-0.25737]},"65o":{"weight":1.0,"played":[1.0,0.0,0.0],"evs":[0.0,-1.85032,-2.20462]},"75o":{"weight":1.0,"played":[1.0,0.0,0.0],"evs":[0.0,-2.05131,-2.3378]},"85o":{"weight":1.0,"played":[1.0,0.0,0.0],"evs":[0.0,-2.61303,-2.95674]},"95o":{"weight":1.0,"played":[1.0,0.0,0.0],"evs":[0.0,-2.69025,-3.12983]},"T5o":{"weight":1.0,"played":[1.0,0.0,0.0],"evs":[0.0,-2.42818,-3.01003]},"J5o":{"weight":1.0,"played":[1.0,0.0,0.0],"evs":[0.0,-2.356,-2.9199]},"Q5o":{"weight":1.0,"played":[1.0,0.0,0.0],"evs":[0.0,-2.24897,-2.74395]},"K5o":{"weight":1.0,"played":[1.0,0.0,0.0],"evs":[0.0,-2.04524,-2.16929]},"A5o":{"weight":1.0,"played":[1.0,0.0,0.0],"evs":[0.0,-2.13241,-1.56294]},"62s":{"weight":1.0,"played":[1.0,0.0,0.0],"evs":[0.0,-2.14931,-2.60032]},"63s":{"weight":1.0,"played":[1.0,0.0,0.0],"evs":[0.0,-1.68696,-2.08971]},"64s":{"weight":1.0,"played":[1.0,0.0,0.0],"evs":[0.0,-1.48685,-1.85238]},"65s":{"weight":1.0,"played":[1.0,0.0,0.0],"evs":[0.0,-1.19481,-1.45909]},"66":{"weight":1.0,"played":[0.4453,0.0,0.5547],"evs":[0.0,-0.37656,0.02761]},"76o":{"weight":1.0,"played":[1.0,0.0,0.0],"evs":[0.0,-1.7414,-1.97311]},"86o":{"weight":1.0,"played":[1.0,0.0,0.0],"evs":[0.0,-2.31006,-2.57644]},"96o":{"weight":1.0,"played":[1.0,0.0,0.0],"evs":[0.0,-2.32454,-2.72985]},"T6o":{"weight":1.0,"played":[1.0,0.0,0.0],"evs":[0.0,-2.12868,-2.64386]},"J6o":{"weight":1.0,"played":[1.0,0.0,0.0],"evs":[0.0,-2.25551,-2.85314]},"Q6o":{"weight":1.0,"played":[1.0,0.0,0.0],"evs":[0.0,-2.13691,-2.66152]},"K6o":{"weight":1.0,"played":[1.0,0.0,0.0],"evs":[0.0,-1.92254,-2.0291]},"A6o":{"weight":1.0,"played":[1.0,0.0,0.0],"evs":[0.0,-2.20238,-1.65907]},"72s":{"weight":1.0,"played":[1.0,0.0,0.0],"evs":[0.0,-2.14828,-2.54495]},"73s":{"weight":1.0,"played":[1.0,0.0,0.0],"evs":[0.0,-1.93186,-2.19072]},"74s":{"weight":1.0,"played":[1.0,0.0,0.0],"evs":[0.0,-1.65367,-1.94565]},"75s":{"weight":1.0,"played":[1.0,0.0,0.0],"evs":[0.0,-1.28397,-1.51016]},"76s":{"weight":1.0,"played":[1.0,0.0,0.0],"evs":[0.0,-1.14007,-1.29487]},"77":{"weight":1.0,"played":[1.0E-4,0.0,0.9999],"evs":[0.0,0.00845,0.67537]},"87o":{"weight":1.0,"played":[1.0,0.0,0.0],"evs":[0.0,-2.11261,-2.24352]},"97o":{"weight":1.0,"played":[1.0,0.0,0.0],"evs":[0.0,-2.01983,-2.29702]},"T7o":{"weight":1.0,"played":[1.0,0.0,0.0],"evs":[0.0,-1.86251,-2.28279]},"J7o":{"weight":1.0,"played":[1.0,0.0,0.0],"evs":[0.0,-2.03193,-2.48917]},"Q7o":{"weight":1.0,"played":[1.0,0.0,0.0],"evs":[0.0,-2.18849,-2.60739]},"K7o":{"weight":1.0,"played":[1.0,0.0,0.0],"evs":[0.0,-1.85097,-1.88861]},"A7o":{"weight":1.0,"played":[1.0,0.0,0.0],"evs":[0.0,-2.11064,-1.35105]},"82s":{"weight":1.0,"played":[1.0,0.0,0.0],"evs":[0.0,-2.485,-2.81114]},"83s":{"weight":1.0,"played":[1.0,0.0,0.0],"evs":[0.0,-2.53152,-2.8339]},"84s":{"weight":1.0,"played":[1.0,0.0,0.0],"evs":[0.0,-2.23755,-2.41438]},"85s":{"weight":1.0,"played":[1.0,0.0,0.0],"evs":[0.0,-1.87226,-2.09051]},"86s":{"weight":1.0,"played":[1.0,0.0,0.0],"evs":[0.0,-1.5985,-1.74462]},"87s":{"weight":1.0,"played":[1.0,0.0,0.0],"evs":[0.0,-1.33285,-1.36862]},"88":{"weight":1.0,"played":[0.3071,0.0,0.6929],"evs":[0.0,-0.17134,0.11865]},"98o":{"weight":1.0,"played":[1.0,0.0,0.0],"evs":[0.0,-2.30254,-2.41796]},"T8o":{"weight":1.0,"played":[1.0,0.0,0.0],"evs":[0.0,-2.02547,-2.2984]},"J8o":{"weight":1.0,"played":[1.0,0.0,0.0],"evs":[0.0,-2.27484,-2.54956]},"Q8o":{"weight":1.0,"played":[1.0,0.0,0.0],"evs":[0.0,-2.40321,-2.61917]},"K8o":{"weight":1.0,"played":[1.0,0.0,0.0],"evs":[0.0,-2.52858,-2.36927]},"A8o":{"weight":1.0,"played":[1.0,0.0,0.0],"evs":[0.0,-1.87831,-1.48139]},"92s":{"weight":1.0,"played":[1.0,0.0,0.0],"evs":[0.0,-2.30086,-2.69744]},"93s":{"weight":1.0,"played":[1.0,0.0,0.0],"evs":[0.0,-2.31577,-2.66976]},"94s":{"weight":1.0,"played":[1.0,0.0,0.0],"evs":[0.0,-2.18312,-2.58692]},"95s":{"weight":1.0,"played":[1.0,0.0,0.0],"evs":[0.0,-1.97365,-2.26388]},"96s":{"weight":1.0,"played":[1.0,0.0,0.0],"evs":[0.0,-1.43352,-1.70626]},"97s":{"weight":1.0,"played":[1.0,0.0,0.0],"evs":[0.0,-1.24523,-1.43703]},"98s":{"weight":1.0,"played":[1.0,0.0,0.0],"evs":[0.0,-1.63324,-1.68535]},"99":{"weight":1.0,"played":[0.0,0.0152,0.9848],"evs":[0.0,0.52009,0.62887]},"T9o":{"weight":1.0,"played":[1.0,0.0,0.0],"evs":[0.0,-1.59916,-1.92753]},"J9o":{"weight":1.0,"played":[1.0,0.0,0.0],"evs":[0.0,-1.81793,-2.1511]},"Q9o":{"weight":1.0,"played":[1.0,0.0,0.0],"evs":[0.0,-1.95935,-2.30479]},"K9o":{"weight":1.0,"played":[1.0,0.0,0.0],"evs":[0.0,-1.917,-1.84917]},"A9o":{"weight":1.0,"played":[1.0,0.0,0.0],"evs":[0.0,-1.21111,-1.11935]},"T2s":{"weight":1.0,"played":[1.0,0.0,0.0],"evs":[0.0,-1.86609,-2.42384]},"T3s":{"weight":1.0,"played":[1.0,0.0,0.0],"evs":[0.0,-1.88877,-2.42279]},"T4s":{"weight":1.0,"played":[1.0,0.0,0.0],"evs":[0.0,-1.70191,-2.1449]},"T5s":{"weight":1.0,"played":[1.0,0.0,0.0],"evs":[0.0,-1.61389,-2.10993]},"T6s":{"weight":1.0,"played":[1.0,0.0,0.0],"evs":[0.0,-1.41461,-1.85789]},"T7s":{"weight":1.0,"played":[1.0,0.0,0.0],"evs":[0.0,-1.15348,-1.4923]},"T8s":{"weight":1.0,"played":[1.0,0.0,0.0],"evs":[0.0,-1.33925,-1.47415]},"T9s":{"weight":1.0,"played":[1.0,0.0,0.0],"evs":[0.0,-0.86438,-1.09343]},"TT":{"weight":1.0,"played":[0.0,0.0,1.0],"evs":[0.0,1.44561,1.70191]},"JTo":{"weight":1.0,"played":[1.0,0.0,0.0],"evs":[0.0,-1.15033,-1.58298]},"QTo":{"weight":1.0,"played":[1.0,0.0,0.0],"evs":[0.0,-1.25689,-1.66374]},"KTo":{"weight":1.0,"played":[1.0,0.0,0.0],"evs":[0.0,-1.17967,-1.07315]},"ATo":{"weight":1.0,"played":[1.0,0.0,0.0],"evs":[0.0,-0.38883,-0.24473]},"J2s":{"weight":1.0,"played":[1.0,0.0,0.0],"evs":[0.0,-1.82458,-2.34915]},"J3s":{"weight":1.0,"played":[1.0,0.0,0.0],"evs":[0.0,-1.7732,-2.33333]},"J4s":{"weight":1.0,"played":[1.0,0.0,0.0],"evs":[0.0,-1.6952,-2.15315]},"J5s":{"weight":1.0,"played":[1.0,0.0,0.0],"evs":[0.0,-1.65172,-2.04014]},"J6s":{"weight":1.0,"played":[1.0,0.0,0.0],"evs":[0.0,-1.58015,-2.02609]},"J7s":{"weight":1.0,"played":[1.0,0.0,0.0],"evs":[0.0,-1.30277,-1.63814]},"J8s":{"weight":1.0,"played":[1.0,0.0,0.0],"evs":[0.0,-1.55307,-1.7312]},"J9s":{"weight":1.0,"played":[1.0,0.0,0.0],"evs":[0.0,-1.10199,-1.34485]},"JTs":{"weight":1.0,"played":[1.0,0.0,0.0],"evs":[0.0,-0.44818,-0.80014]},"JJ":{"weight":1.0,"played":[0.0,0.0,1.0],"evs":[0.0,1.67304,2.1034]},"QJo":{"weight":1.0,"played":[1.0,0.0,0.0],"evs":[0.0,-1.16487,-1.48007]},"KJo":{"weight":1.0,"played":[1.0,0.0,0.0],"evs":[0.0,-0.92531,-0.70442]},"AJo":{"weight":1.0,"played":[0.888,0.0171,0.0949],"evs":[0.0,-0.13731,0.02562]},"Q2s":{"weight":1.0,"played":[1.0,0.0,0.0],"evs":[0.0,-1.71194,-2.22672]},"Q3s":{"weight":1.0,"played":[1.0,0.0,0.0],"evs":[0.0,-1.68055,-2.13014]},"Q4s":{"weight":1.0,"played":[1.0,0.0,0.0],"evs":[0.0,-1.61978,-2.0427]},"Q5s":{"weight":1.0,"played":[1.0,0.0,0.0],"evs":[0.0,-1.49839,-1.8796]},"Q6s":{"weight":1.0,"played":[1.0,0.0,0.0],"evs":[0.0,-1.39804,-1.76767]},"Q7s":{"weight":1.0,"played":[1.0,0.0,0.0],"evs":[0.0,-1.42245,-1.74929]},"Q8s":{"weight":1.0,"played":[1.0,0.0,0.0],"evs":[0.0,-1.71406,-1.82027]},"Q9s":{"weight":1.0,"played":[1.0,0.0,0.0],"evs":[0.0,-1.30723,-1.47326]},"QTs":{"weight":1.0,"played":[1.0,0.0,0.0],"evs":[0.0,-0.54699,-0.84698]},"QJs":{"weight":1.0,"played":[0.9998,1.0E-4,1.0E-4],"evs":[0.0,-0.46018,-0.66506]},"QQ":{"weight":1.0,"played":[0.0,0.0,1.0],"evs":[0.0,2.43998,2.97498]},"KQo":{"weight":1.0,"played":[1.0,0.0,0.0],"evs":[0.0,-0.74549,-0.34741]},"AQo":{"weight":1.0,"played":[1.0E-4,0.0169,0.9831],"evs":[0.0,0.29494,0.58197]},"K2s":{"weight":1.0,"played":[1.0,0.0,0.0],"evs":[0.0,-1.48692,-1.66002]},"K3s":{"weight":1.0,"played":[1.0,0.0,0.0],"evs":[0.0,-1.52769,-1.603]},"K4s":{"weight":1.0,"played":[1.0,0.0,0.0],"evs":[0.0,-1.33057,-1.39595]},"K5s":{"weight":1.0,"played":[1.0,0.0,0.0],"evs":[0.0,-1.33781,-1.31329]},"K6s":{"weight":1.0,"played":[1.0,0.0,0.0],"evs":[0.0,-1.21397,-1.24844]},"K7s":{"weight":1.0,"played":[1.0,0.0,0.0],"evs":[0.0,-1.10477,-1.0096]},"K8s":{"weight":1.0,"played":[1.0,0.0,0.0],"evs":[0.0,-1.72309,-1.4617]},"K9s":{"weight":1.0,"played":[1.0,0.0,0.0],"evs":[0.0,-1.24556,-1.07772]},"KTs":{"weight":1.0,"played":[1.0,0.0,0.0],"evs":[0.0,-0.45138,-0.21933]},"KJs":{"weight":1.0,"played":[0.7879,0.0,0.2121],"evs":[0.0,-0.30055,0.05186]},"KQs":{"weight":1.0,"played":[8.0E-4,0.0,0.9991],"evs":[0.0,-0.03951,0.4825]},"KK":{"weight":1.0,"played":[0.0,0.0,1.0],"evs":[0.0,4.9592,5.89809]},"AKo":{"weight":1.0,"played":[0.0,0.0,1.0],"evs":[0.0,1.33525,2.12627]},"A2s":{"weight":1.0,"played":[1.0,0.0,0.0],"evs":[0.0,-1.7781,-1.12008]},"A3s":{"weight":1.0,"played":[1.0,0.0,0.0],"evs":[0.0,-1.6797,-1.04616]},"A4s":{"weight":1.0,"played":[1.0,0.0,0.0],"evs":[0.0,-1.5793,-0.93375]},"A5s":{"weight":1.0,"played":[1.0,0.0,0.0],"evs":[0.0,-1.40704,-0.79245]},"A6s":{"weight":1.0,"played":[1.0,0.0,0.0],"evs":[0.0,-1.53874,-0.88093]},"A7s":{"weight":1.0,"played":[1.0,0.0,0.0],"evs":[0.0,-1.28678,-0.53995]},"A8s":{"weight":1.0,"played":[1.0,0.0,0.0],"evs":[0.0,-1.09897,-0.73237]},"A9s":{"weight":1.0,"played":[1.0,0.0,0.0],"evs":[0.0,-0.37763,-0.27215]},"ATs":{"weight":1.0,"played":[0.0576,0.0042,0.9383],"evs":[0.0,0.28887,0.5278]},"AJs":{"weight":1.0,"played":[1.0E-4,0.0354,0.9645],"evs":[0.0,0.59426,0.86506]},"AQs":{"weight":1.0,"played":[0.0,0.0013,0.9986],"evs":[0.0,1.05004,1.37767]},"AKs":{"weight":1.0,"played":[0.0,0.0,1.0],"evs":[0.0,2.04174,2.7447]},"AA":{"weight":1.0,"played":[0.0,0.0731,0.9269],"evs":[0.0,9.59001,9.61757]}}}