{"player":4,"street":0,"children":3,"sequence":[{"player":0,"type":"F","amount":0,"street":0},{"player":1,"type":"F","amount":0,"street":0},{"player":2,"type":"R","amount":12250000,"street":0},{"player":3,"type":"F","amount":0,"street":0}],"actions":[{"type":"F","amount":0,"node":19},{"type":"C","amount":9750000,"node":20},{"type":"R","amount":57250000,"node":22}],"hands":{"22":{"weight":1.0,"played":[0.0,0.0,1.0],"evs":[0.0,0.16263,0.40863]},"32o":{"weight":1.0,"played":[1.0,0.0,0.0],"evs":[0.0,-0.64598,-1.01454]},"42o":{"weight":1.0,"played":[1.0,0.0,0.0],"evs":[0.0,-0.61683,-0.97286]},"52o":{"weight":1.0,"played":[1.0,0.0,0.0],"evs":[0.0,-0.58203,-0.89203]},"62o":{"weight":1.0,"played":[1.0,0.0,0.0],"evs":[0.0,-0.65688,-0.97715]},"72o":{"weight":1.0,"played":[1.0,0.0,0.0],"evs":[0.0,-0.70962,-1.05328]},"82o":{"weight":1.0,"played":[1.0,0.0,0.0],"evs":[0.0,-0.66472,-0.95412]},"92o":{"weight":1.0,"played":[1.0,0.0,0.0],"evs":[0.0,-0.63387,-0.91852]},"T2o":{"weight":1.0,"played":[1.0,0.0,0.0],"evs":[0.0,-0.60454,-0.8681]},"J2o":{"weight":1.0,"played":[1.0,0.0,0.0],"evs":[0.0,-0.55671,-0.78765]},"Q2o":{"weight":1.0,"played":[1.0,0.0,0.0],"evs":[0.0,-0.49149,-0.69622]},"K2o":{"weight":1.0,"played":[1.0,0.0,0.0],"evs":[0.0,-0.42584,-0.59562]},"A2o":{"weight":1.0,"played":[0.546,0.454,0.0],"evs":[0.0,-4.0E-4,-0.023]},"32s":{"weight":1.0,"played":[1.0,0.0,0.0],"evs":[0.0,-0.39285,-0.62981]},"33":{"weight":1.0,"played":[0.0,0.0,1.0],"evs":[0.0,0.21438,0.46455]},"43o":{"weight":1.0,"played":[1.0,0.0,0.0],"evs":[0.0,-0.53564,-0.84448]},"53o":{"weight":1.0,"played":[1.0,0.0,0.0],"evs":[0.0,-0.49205,-0.76135]},"63o":{"weight":1.0,"played":[1.0,0.0,0.0],"evs":[0.0,-0.56592,-0.84748]},"73o":{"weight":1.0,"played":[1.0,0.0,0.0],"evs":[0.0,-0.62922,-0.92263]},"83o":{"weight":1.0,"played":[1.0,0.0,0.0],"evs":[0.0,-0.67368,-0.96473]},"93o":{"weight":1.0,"played":[1.0,0.0,0.0],"evs":[0.0,-0.62382,-0.88543]},"T3o":{"weight":1.0,"played":[1.0,0.0,0.0],"evs":[0.0,-0.60296,-0.84125]},"J3o":{"weight":1.0,"played":[1.0,0.0,0.0],"evs":[0.0,-0.54681,-0.75676]},"Q3o":{"weight":1.0,"played":[1.0,0.0,0.0],"evs":[0.0,-0.48304,-0.67095]},"K3o":{"weight":1.0,"played":[1.0,0.0,0.0],"evs":[0.0,-0.42102,-0.57159]},"A3o":{"weight":1.0,"played":[3.0E-4,0.9996,1.0E-4],"evs":[0.0,0.01933,0.00297]},"42s":{"weight":1.0,"played":[1.0,0.0,0.0],"evs":[0.0,-0.36942,-0.57526]},"43s":{"weight":1.0,"played":[1.0,0.0,0.0],"evs":[0.0,-0.28805,-0.46644]},"44":{"weight":1.0,"played":[0.0,0.0,1.0],"evs":[0.0,0.29008,0.53414]},"54o":{"weight":1.0,"played":[1.0,0.0,0.0],"evs":[0.0,-0.39725,-0.61336]},"64o":{"weight":1.0,"played":[1.0,0.0,0.0],"evs":[0.0,-0.46387,-0.69689]},"74o":{"weight":1.0,"played":[1.0,0.0,0.0],"evs":[0.0,-0.52587,-0.77521]},"84o":{"weight":1.0,"played":[1.0,0.0,0.0],"evs":[0.0,-0.57705,-0.81398]},"94o":{"weight":1.0,"played":[1.0,0.0,0.0],"evs":[0.0,-0.61575,-0.87958]},"T4o":{"weight":1.0,"played":[1.0,0.0,0.0],"evs":[0.0,-0.57357,-0.79509]},"J4o":{"weight":1.0,"played":[1.0,0.0,0.0],"evs":[0.0,-0.52267,-0.71354]},"Q4o":{"weight":1.0,"played":[1.0,0.0,0.0],"evs":[0.0,-0.45693,-0.62763]},"K4o":{"weight":1.0,"played":[1.0,0.0,0.0],"evs":[0.0,-0.39386,-0.53116]},"A4o":{"weight":1.0,"played":[0.0,0.9814,0.0186],"evs":[0.0,0.05757,0.04311]},"52s":{"weight":1.0,"played":[1.0,0.0,0.0],"evs":[0.0,-0.32337,-0.50509]},"53s":{"weight":1.0,"played":[1.0,0.0,0.0],"evs":[0.0,-0.24648,-0.38007]},"54s":{"weight":1.0,"played":[1.0,0.0,0.0],"evs":[0.0,-0.14615,-0.25185]},"55":{"weight":1.0,"played":[0.0,0.0,1.0],"evs":[0.0,0.46712,0.71117]},"65o":{"weight":1.0,"played":[1.0,0.0,0.0],"evs":[0.0,-0.34969,-0.52183]},"75o":{"weight":1.0,"played":[1.0,0.0,0.0],"evs":[0.0,-0.40289,-0.6023]},"85o":{"weight":1.0,"played":[1.0,0.0,0.0],"evs":[0.0,-0.44709,-0.63589]},"95o":{"weight":1.0,"played":[1.0,0.0,0.0],"evs":[0.0,-0.50132,-0.70879]},"T5o":{"weight":1.0,"played":[1.0,0.0,0.0],"evs":[0.0,-0.55041,-0.76245]},"J5o":{"weight":1.0,"played":[1.0,0.0,0.0],"evs":[0.0,-0.48122,-0.64814]},"Q5o":{"weight":1.0,"played":[1.0,0.0,0.0],"evs":[0.0,-0.41744,-0.56558]},"K5o":{"weight":1.0,"played":[1.0,0.0,0.0],"evs":[0.0,-0.35509,-0.47275]},"A5o":{"weight":1.0,"played":[0.0,2.0E-4,0.9998],"evs":[0.0,0.11687,0.12033]},"62s":{"weight":1.0,"played":[1.0,0.0,0.0],"evs":[0.0,-0.40245,-0.58742]},"63s":{"weight":1.0,"played":[1.0,0.0,0.0],"evs":[0.0,-0.31246,-0.46904]},"64s":{"weight":1.0,"played":[1.0,0.0,0.0],"evs":[0.0,-0.2156,-0.32893]},"65s":{"weight":1.0,"played":[1.0,0.0,0.0],"evs":[0.0,-0.08897,-0.15749]},"66":{"weight":1.0,"played":[0.0,0.0,1.0],"evs":[0.0,0.67808,0.94248]},"76o":{"weight":1.0,"played":[1.0,0.0,0.0],"evs":[0.0,-0.29621,-0.43469]},"86o":{"weight":1.0,"played":[1.0,0.0,0.0],"evs":[0.0,-0.33389,-0.47628]},"96o":{"weight":1.0,"played":[1.0,0.0,0.0],"evs":[0.0,-0.38536,-0.54118]},"T6o":{"weight":1.0,"played":[1.0,0.0,0.0],"evs":[0.0,-0.44549,-0.59742]},"J6o":{"weight":1.0,"played":[1.0,0.0,0.0],"evs":[0.0,-0.46679,-0.62328]},"Q6o":{"weight":1.0,"played":[1.0,0.0,0.0],"evs":[0.0,-0.3917,-0.513]},"K6o":{"weight":1.0,"played":[1.0,0.0,0.0],"evs":[0.0,-0.31788,-0.41071]},"A6o":{"weight":1.0,"played":[0.0,0.6198,0.3802],"evs":[0.0,0.08043,0.0774]},"72s":{"weight":1.0,"played":[1.0,0.0,0.0],"evs":[0.0,-0.44637,-0.65733]},"73s":{"weight":1.0,"played":[1.0,0.0,0.0],"evs":[0.0,-0.37065,-0.53939]},"74s":{"weight":1.0,"played":[1.0,0.0,0.0],"evs":[0.0,-0.26935,-0.39267]},"75s":{"weight":1.0,"played":[1.0,0.0,0.0],"evs":[0.0,-0.14581,-0.24009]},"76s":{"weight":1.0,"played":[1.0,0.0,0.0],"evs":[0.0,-0.03638,-0.07728]},"77":{"weight":1.0,"played":[0.0,0.0,1.0],"evs":[0.0,0.93029,1.1716]},"87o":{"weight":1.0,"played":[1.0,0.0,0.0],"evs":[0.0,-0.25841,-0.35741]},"97o":{"weight":1.0,"played":[1.0,0.0,0.0],"evs":[0.0,-0.28629,-0.40198]},"T7o":{"weight":1.0,"played":[1.0,0.0,0.0],"evs":[0.0,-0.35065,-0.46198]},"J7o":{"weight":1.0,"played":[1.0,0.0,0.0],"evs":[0.0,-0.37131,-0.49158]},"Q7o":{"weight":1.0,"played":[1.0,0.0,0.0],"evs":[0.0,-0.38569,-0.51862]},"K7o":{"weight":1.0,"played":[1.0,0.0,0.0],"evs":[0.0,-0.29821,-0.39903]},"A7o":{"weight":1.0,"played":[0.0,1.0E-4,0.9999],"evs":[0.0,0.16731,0.21078]},"82s":{"weight":1.0,"played":[1.0,0.0,0.0],"evs":[0.0,-0.39732,-0.5677]},"83s":{"weight":1.0,"played":[1.0,0.0,0.0],"evs":[0.0,-0.40869,-0.58323]},"84s":{"weight":1.0,"played":[1.0,0.0,0.0],"evs":[0.0,-0.31141,-0.42901]},"85s":{"weight":1.0,"played":[1.0,0.0,0.0],"evs":[0.0,-0.17795,-0.2666]},"86s":{"weight":1.0,"played":[1.0,0.0,0.0],"evs":[0.0,-0.0776,-0.1149]},"87s":{"weight":1.0,"played":[0.6196,0.3734,0.007],"evs":[0.0,-0.00186,-0.00546]},"88":{"weight":1.0,"played":[0.0,0.0,1.0],"evs":[0.0,1.27684,1.47984]},"98o":{"weight":1.0,"played":[1.0,0.0,0.0],"evs":[0.0,-0.19222,-0.25862]},"T8o":{"weight":1.0,"played":[1.0,0.0,0.0],"evs":[0.0,-0.2356,-0.29866]},"J8o":{"weight":1.0,"played":[1.0,0.0,0.0],"evs":[0.0,-0.25663,-0.33309]},"Q8o":{"weight":1.0,"played":[1.0,0.0,0.0],"evs":[0.0,-0.2702,-0.35335]},"K8o":{"weight":1.0,"played":[1.0,0.0,0.0],"evs":[0.0,-0.25755,-0.35367]},"A8o":{"weight":1.0,"played":[0.0,0.0,1.0],"evs":[0.0,0.306,0.43084]},"92s":{"weight":1.0,"played":[1.0,0.0,0.0],"evs":[0.0,-0.3719,-0.53687]},"93s":{"weight":1.0,"played":[1.0,0.0,0.0],"evs":[0.0,-0.35449,-0.50386]},"94s":{"weight":1.0,"played":[1.0,0.0,0.0],"evs":[0.0,-0.34512,-0.49801]},"95s":{"weight":1.0,"played":[1.0,0.0,0.0],"evs":[0.0,-0.22631,-0.3394]},"96s":{"weight":1.0,"played":[1.0,0.0,0.0],"evs":[0.0,-0.11971,-0.17745]},"97s":{"weight":1.0,"played":[0.9998,1.0E-4,1.0E-4],"evs":[0.0,-0.03554,-0.05572]},"98s":{"weight":1.0,"played":[0.0,0.018,0.9819],"evs":[0.0,0.05457,0.0866]},"99":{"weight":1.0,"played":[0.0,0.0,1.0],"evs":[0.0,1.60875,1.79399]},"T9o":{"weight":1.0,"played":[1.0,0.0,0.0],"evs":[0.0,-0.1052,-0.14987]},"J9o":{"weight":1.0,"played":[1.0,0.0,0.0],"evs":[0.0,-0.1265,-0.18654]},"Q9o":{"weight":1.0,"played":[1.0,0.0,0.0],"evs":[0.0,-0.14263,-0.20768]},"K9o":{"weight":1.0,"played":[1.0,0.0,0.0],"evs":[0.0,-0.10392,-0.19233]},"A9o":{"weight":1.0,"played":[0.0,0.0,1.0],"evs":[0.0,0.50015,0.71511]},"T2s":{"weight":1.0,"played":[1.0,0.0,0.0],"evs":[0.0,-0.33935,-0.48333]},"T3s":{"weight":1.0,"played":[1.0,0.0,0.0],"evs":[0.0,-0.33246,-0.47077]},"T4s":{"weight":1.0,"played":[1.0,0.0,0.0],"evs":[0.0,-0.31288,-0.42084]},"T5s":{"weight":1.0,"played":[1.0,0.0,0.0],"evs":[0.0,-0.2856,-0.37656]},"T6s":{"weight":1.0,"played":[1.0,0.0,0.0],"evs":[0.0,-0.17926,-0.2281]},"T7s":{"weight":1.0,"played":[1.0,0.0,0.0],"evs":[0.0,-0.08361,-0.10614]},"T8s":{"weight":1.0,"played":[0.0,0.0066,0.9934],"evs":[0.0,0.02336,0.05163]},"T9s":{"weight":1.0,"played":[0.0,0.0,1.0],"evs":[0.0,0.16321,0.19641]},"TT":{"weight":1.0,"played":[0.0,0.0,1.0],"evs":[0.0,2.06119,2.23316]},"JTo":{"weight":1.0,"played":[0.0091,0.4064,0.5845],"evs":[0.0,0.00802,0.00658]},"QTo":{"weight":1.0,"played":[0.0101,0.621,0.3689],"evs":[0.0,0.0117,0.01218]},"KTo":{"weight":1.0,"played":[0.0,0.2449,0.7551],"evs":[0.0,0.11117,0.11547]},"ATo":{"weight":1.0,"played":[0.0,0.0,1.0],"evs":[0.0,0.91672,1.22107]},"J2s":{"weight":1.0,"played":[1.0,0.0,0.0],"evs":[0.0,-0.28647,-0.39522]},"J3s":{"weight":1.0,"played":[1.0,0.0,0.0],"evs":[0.0,-0.27714,-0.37937]},"J4s":{"weight":1.0,"played":[1.0,0.0,0.0],"evs":[0.0,-0.24936,-0.34529]},"J5s":{"weight":1.0,"played":[1.0,0.0,0.0],"evs":[0.0,-0.20526,-0.28071]},"J6s":{"weight":1.0,"played":[1.0,0.0,0.0],"evs":[0.0,-0.19695,-0.25465]},"J7s":{"weight":1.0,"played":[1.0,0.0,0.0],"evs":[0.0,-0.10545,-0.13092]},"J8s":{"weight":1.0,"played":[8.0E-4,0.0097,0.9895],"evs":[0.0,0.00785,0.01985]},"J9s":{"weight":1.0,"played":[0.0,2.0E-4,0.9998],"evs":[0.0,0.13401,0.16434]},"JTs":{"weight":1.0,"played":[0.0,0.0,1.0],"evs":[0.0,0.26481,0.35027]},"JJ":{"weight":1.0,"played":[0.0,0.0,1.0],"evs":[0.0,2.55889,2.65277]},"QJo":{"weight":1.0,"played":[0.0,0.4204,0.5796],"evs":[0.0,0.1242,0.12697]},"KJo":{"weight":1.0,"played":[0.0,0.0,1.0],"evs":[0.0,0.31724,0.3786]},"AJo":{"weight":1.0,"played":[0.0,0.0,1.0],"evs":[0.0,1.31691,1.62686]},"Q2s":{"weight":1.0,"played":[1.0,0.0,0.0],"evs":[0.0,-0.21536,-0.30964]},"Q3s":{"weight":1.0,"played":[1.0,0.0,0.0],"evs":[0.0,-0.21019,-0.29305]},"Q4s":{"weight":1.0,"played":[1.0,0.0,0.0],"evs":[0.0,-0.18312,-0.24714]},"Q5s":{"weight":1.0,"played":[1.0,0.0,0.0],"evs":[0.0,-0.14237,-0.1806]},"Q6s":{"weight":1.0,"played":[1.0,0.0,0.0],"evs":[0.0,-0.11615,-0.14143]},"Q7s":{"weight":1.0,"played":[1.0,0.0,0.0],"evs":[0.0,-0.11324,-0.15779]},"Q8s":{"weight":1.0,"played":[0.2289,0.2215,0.5497],"evs":[0.0,-0.00587,-0.0029]},"Q9s":{"weight":1.0,"played":[0.0,0.0027,0.9973],"evs":[0.0,0.12601,0.14187]},"QTs":{"weight":1.0,"played":[0.0,3.0E-4,0.9997],"evs":[0.0,0.28032,0.35635]},"QJs":{"weight":1.0,"played":[0.0,0.0,1.0],"evs":[0.0,0.37361,0.45691]},"QQ":{"weight":1.0,"played":[0.0,0.0809,0.9191],"evs":[0.0,3.09679,3.10314]},"KQo":{"weight":1.0,"played":[0.0,0.0,1.0],"evs":[0.0,0.53614,0.67397]},"AQo":{"weight":1.0,"played":[0.0,0.0,1.0],"evs":[0.0,1.7493,2.04326]},"K2s":{"weight":1.0,"played":[1.0,0.0,0.0],"evs":[0.0,-0.14172,-0.21089]},"K3s":{"weight":1.0,"played":[1.0,0.0,0.0],"evs":[0.0,-0.13756,-0.19529]},"K4s":{"weight":1.0,"played":[1.0,0.0,0.0],"evs":[0.0,-0.10222,-0.15135]},"K5s":{"weight":1.0,"played":[1.0,0.0,0.0],"evs":[0.0,-0.0672,-0.09785]},"K6s":{"weight":1.0,"played":[0.9998,1.0E-4,1.0E-4],"evs":[0.0,-0.03332,-0.04291]},"K7s":{"weight":1.0,"played":[0.9086,0.0912,2.0E-4],"evs":[0.0,-0.01428,-0.02761]},"K8s":{"weight":1.0,"played":[6.0E-4,0.9978,0.0016],"evs":[0.0,0.01965,0.00851]},"K9s":{"weight":1.0,"played":[0.0,0.8084,0.1916],"evs":[0.0,0.16435,0.15951]},"KTs":{"weight":1.0,"played":[0.0,0.0,1.0],"evs":[0.0,0.37905,0.4481]},"KJs":{"weight":1.0,"played":[0.0,0.0,1.0],"evs":[0.0,0.56564,0.69015]},"KQs":{"weight":1.0,"played":[0.0,0.0,1.0],"evs":[0.0,0.78994,0.9733]},"KK":{"weight":1.0,"played":[0.0,1.0,0.0],"evs":[0.0,3.81302,3.66545]},"AKo":{"weight":1.0,"played":[0.0,0.0,1.0],"evs":[0.0,2.3094,2.56593]},"A2s":{"weight":1.0,"played":[0.0,0.0,1.0],"evs":[0.0,0.27967,0.32524]},"A3s":{"weight":1.0,"played":[0.0,0.0,1.0],"evs":[0.0,0.31325,0.36255]},"A4s":{"weight":1.0,"played":[0.0,0.0,1.0],"evs":[0.0,0.34052,0.38378]},"A5s":{"weight":1.0,"played":[0.0,0.0,1.0],"evs":[0.0,0.39899,0.45603]},"A6s":{"weight":1.0,"played":[0.0,0.0,1.0],"evs":[0.0,0.36174,0.41581]},"A7s":{"weight":1.0,"played":[0.0,0.0,1.0],"evs":[0.0,0.45547,0.54137]},"A8s":{"weight":1.0,"played":[0.0,0.0,1.0],"evs":[0.0,0.58062,0.74883]},"A9s":{"weight":1.0,"played":[0.0,0.0,1.0],"evs":[0.0,0.80823,1.00175]},"ATs":{"weight":1.0,"played":[0.0,0.0,1.0],"evs":[0.0,1.26768,1.48169]},"AJs":{"weight":1.0,"played":[0.0,0.0,1.0],"evs":[0.0,1.63692,1.8589]},"AQs":{"weight":1.0,"played":[0.0,0.0,1.0],"evs":[0.0,2.05689,2.2526]},"AKs":{"weight":1.0,"played":[0.0,0.0,1.0],"evs":[0.0,2.58147,2.73789]},"AA":{"weight":1.0,"played":[0.0,1.0,0.0],"evs":[0.0,5.21147,4.85514]}}}