{"player":5,"street":0,"children":2,"sequence":[{"player":0,"type":"F","amount":0,"street":0},{"player":1,"type":"F","amount":0,"street":0},{"player":2,"type":"R","amount":12250000,"street":0},{"player":3,"type":"F","amount":0,"street":0},{"player":4,"type":"F","amount":0,"street":0}],"actions":[{"type":"F","amount":0},{"type":"C","amount":7250000}],"hands":{"22":{"weight":1.0,"played":[0.0,1.0],"evs":[0.0,1.40648]},"32o":{"weight":1.0,"played":[0.0,1.0],"evs":[0.0,0.37897]},"42o":{"weight":1.0,"played":[0.0,1.0],"evs":[0.0,0.4062]},"52o":{"weight":1.0,"played":[0.0,1.0],"evs":[0.0,0.44655]},"62o":{"weight":1.0,"played":[0.0,1.0],"evs":[0.0,0.37708]},"72o":{"weight":1.0,"played":[0.0,1.0],"evs":[0.0,0.3241]},"82o":{"weight":1.0,"played":[0.0,1.0],"evs":[0.0,0.39016]},"92o":{"weight":1.0,"played":[0.0,1.0],"evs":[0.0,0.41435]},"T2o":{"weight":1.0,"played":[0.0,1.0],"evs":[0.0,0.44778]},"J2o":{"weight":1.0,"played":[0.0,1.0],"evs":[0.0,0.49795]},"Q2o":{"weight":1.0,"played":[0.0,1.0],"evs":[0.0,0.55347]},"K2o":{"weight":1.0,"played":[0.0,1.0],"evs":[0.0,0.62201]},"A2o":{"weight":1.0,"played":[0.0,1.0],"evs":[0.0,1.10022]},"32s":{"weight":1.0,"played":[0.0,1.0],"evs":[0.0,0.64174]},"33":{"weight":1.0,"played":[0.0,1.0],"evs":[0.0,1.44973]},"43o":{"weight":1.0,"played":[0.0,1.0],"evs":[0.0,0.49485]},"53o":{"weight":1.0,"played":[0.0,1.0],"evs":[0.0,0.5267]},"63o":{"weight":1.0,"played":[0.0,1.0],"evs":[0.0,0.45919]},"73o":{"weight":1.0,"played":[0.0,1.0],"evs":[0.0,0.40679]},"83o":{"weight":1.0,"played":[0.0,1.0],"evs":[0.0,0.38322]},"93o":{"weight":1.0,"played":[0.0,1.0],"evs":[0.0,0.42631]},"T3o":{"weight":1.0,"played":[0.0,1.0],"evs":[0.0,0.46351]},"J3o":{"weight":1.0,"played":[0.0,1.0],"evs":[0.0,0.51635]},"Q3o":{"weight":1.0,"played":[0.0,1.0],"evs":[0.0,0.57149]},"K3o":{"weight":1.0,"played":[0.0,1.0],"evs":[0.0,0.63383]},"A3o":{"weight":1.0,"played":[0.0,1.0],"evs":[0.0,1.12308]},"42s":{"weight":1.0,"played":[0.0,1.0],"evs":[0.0,0.67358]},"43s":{"weight":1.0,"played":[0.0,1.0],"evs":[0.0,0.74561]},"44":{"weight":1.0,"played":[0.0,1.0],"evs":[0.0,1.51238]},"54o":{"weight":1.0,"played":[0.0,1.0],"evs":[0.0,0.62888]},"64o":{"weight":1.0,"played":[0.0,1.0],"evs":[0.0,0.56258]},"74o":{"weight":1.0,"played":[0.0,1.0],"evs":[0.0,0.50532]},"84o":{"weight":1.0,"played":[0.0,1.0],"evs":[0.0,0.48089]},"94o":{"weight":1.0,"played":[0.0,1.0],"evs":[0.0,0.43943]},"T4o":{"weight":1.0,"played":[0.0,1.0],"evs":[0.0,0.48926]},"J4o":{"weight":1.0,"played":[0.0,1.0],"evs":[0.0,0.54478]},"Q4o":{"weight":1.0,"played":[0.0,1.0],"evs":[0.0,0.59788]},"K4o":{"weight":1.0,"played":[0.0,1.0],"evs":[0.0,0.6631]},"A4o":{"weight":1.0,"played":[0.0,1.0],"evs":[0.0,1.14466]},"52s":{"weight":1.0,"played":[0.0,1.0],"evs":[0.0,0.70765]},"53s":{"weight":1.0,"played":[0.0,1.0],"evs":[0.0,0.79456]},"54s":{"weight":1.0,"played":[0.0,1.0],"evs":[0.0,0.88139]},"55":{"weight":1.0,"played":[0.0,1.0],"evs":[0.0,1.59997]},"65o":{"weight":1.0,"played":[0.0,1.0],"evs":[0.0,0.65871]},"75o":{"weight":1.0,"played":[0.0,1.0],"evs":[0.0,0.60727]},"85o":{"weight":1.0,"played":[0.0,1.0],"evs":[0.0,0.5895]},"95o":{"weight":1.0,"played":[0.0,1.0],"evs":[0.0,0.53631]},"T5o":{"weight":1.0,"played":[0.0,1.0],"evs":[0.0,0.49738]},"J5o":{"weight":1.0,"played":[0.0,1.0],"evs":[0.0,0.5737]},"Q5o":{"weight":1.0,"played":[0.0,1.0],"evs":[0.0,0.62895]},"K5o":{"weight":1.0,"played":[0.0,1.0],"evs":[0.0,0.69449]},"A5o":{"weight":1.0,"played":[0.0,1.0],"evs":[0.0,1.18132]},"62s":{"weight":1.0,"played":[0.0,1.0],"evs":[0.0,0.64232]},"63s":{"weight":1.0,"played":[0.0,1.0],"evs":[0.0,0.72475]},"64s":{"weight":1.0,"played":[0.0,1.0],"evs":[0.0,0.81858]},"65s":{"weight":1.0,"played":[0.0,1.0],"evs":[0.0,0.91174]},"66":{"weight":1.0,"played":[0.0,1.0],"evs":[0.0,1.7293]},"76o":{"weight":1.0,"played":[0.0,1.0],"evs":[0.0,0.7145]},"86o":{"weight":1.0,"played":[0.0,1.0],"evs":[0.0,0.69373]},"96o":{"weight":1.0,"played":[0.0,1.0],"evs":[0.0,0.64605]},"T6o":{"weight":1.0,"played":[0.0,1.0],"evs":[0.0,0.60876]},"J6o":{"weight":1.0,"played":[0.0,1.0],"evs":[0.0,0.58315]},"Q6o":{"weight":1.0,"played":[0.0,1.0],"evs":[0.0,0.66032]},"K6o":{"weight":1.0,"played":[0.0,1.0],"evs":[0.0,0.72277]},"A6o":{"weight":1.0,"played":[0.0,1.0],"evs":[0.0,1.15941]},"72s":{"weight":1.0,"played":[0.0,1.0],"evs":[0.0,0.59303]},"73s":{"weight":1.0,"played":[0.0,1.0],"evs":[0.0,0.67755]},"74s":{"weight":1.0,"played":[0.0,1.0],"evs":[0.0,0.76298]},"75s":{"weight":1.0,"played":[0.0,1.0],"evs":[0.0,0.85866]},"76s":{"weight":1.0,"played":[0.0,1.0],"evs":[0.0,0.96553]},"77":{"weight":1.0,"played":[0.0,1.0],"evs":[0.0,1.88222]},"87o":{"weight":1.0,"played":[0.0,1.0],"evs":[0.0,0.76511]},"97o":{"weight":1.0,"played":[0.0,1.0],"evs":[0.0,0.72294]},"T7o":{"weight":1.0,"played":[0.0,1.0],"evs":[0.0,0.68835]},"J7o":{"weight":1.0,"played":[0.0,1.0],"evs":[0.0,0.6618]},"Q7o":{"weight":1.0,"played":[0.0,1.0],"evs":[0.0,0.64158]},"K7o":{"weight":1.0,"played":[0.0,1.0],"evs":[0.0,0.72683]},"A7o":{"weight":1.0,"played":[0.0,1.0],"evs":[0.0,1.26721]},"82s":{"weight":1.0,"played":[0.0,1.0],"evs":[0.0,0.65326]},"83s":{"weight":1.0,"played":[0.0,1.0],"evs":[0.0,0.6505]},"84s":{"weight":1.0,"played":[0.0,1.0],"evs":[0.0,0.74444]},"85s":{"weight":1.0,"played":[0.0,1.0],"evs":[0.0,0.83565]},"86s":{"weight":1.0,"played":[0.0,1.0],"evs":[0.0,0.93614]},"87s":{"weight":1.0,"played":[0.0,1.0],"evs":[0.0,1.00501]},"88":{"weight":1.0,"played":[0.0,1.0],"evs":[0.0,2.07862]},"98o":{"weight":1.0,"played":[0.0,1.0],"evs":[0.0,0.83191]},"T8o":{"weight":1.0,"played":[0.0,1.0],"evs":[0.0,0.81141]},"J8o":{"weight":1.0,"played":[0.0,1.0],"evs":[0.0,0.78461]},"Q8o":{"weight":1.0,"played":[0.0,1.0],"evs":[0.0,0.76091]},"K8o":{"weight":1.0,"played":[0.0,1.0],"evs":[0.0,0.76009]},"A8o":{"weight":1.0,"played":[0.0,1.0],"evs":[0.0,1.44486]},"92s":{"weight":1.0,"played":[0.0,1.0],"evs":[0.0,0.67705]},"93s":{"weight":1.0,"played":[0.0,1.0],"evs":[0.0,0.6908]},"94s":{"weight":1.0,"played":[0.0,1.0],"evs":[0.0,0.69865]},"95s":{"weight":1.0,"played":[0.0,1.0],"evs":[0.0,0.79346]},"96s":{"weight":1.0,"played":[0.0,1.0],"evs":[0.0,0.89735]},"97s":{"weight":1.0,"played":[0.0,1.0],"evs":[0.0,0.96963]},"98s":{"weight":1.0,"played":[0.0,1.0],"evs":[0.0,1.07007]},"99":{"weight":1.0,"played":[0.0,1.0],"evs":[0.0,2.27319]},"T9o":{"weight":1.0,"played":[0.0,1.0],"evs":[0.0,0.91357]},"J9o":{"weight":1.0,"played":[0.0,1.0],"evs":[0.0,0.88869]},"Q9o":{"weight":1.0,"played":[0.0,1.0],"evs":[0.0,0.86368]},"K9o":{"weight":1.0,"played":[0.0,1.0],"evs":[0.0,0.86979]},"A9o":{"weight":1.0,"played":[0.0,1.0],"evs":[0.0,1.65732]},"T2s":{"weight":1.0,"played":[0.0,1.0],"evs":[0.0,0.70937]},"T3s":{"weight":1.0,"played":[0.0,1.0],"evs":[0.0,0.72311]},"T4s":{"weight":1.0,"played":[0.0,1.0],"evs":[0.0,0.74704]},"T5s":{"weight":1.0,"played":[0.0,1.0],"evs":[0.0,0.7561]},"T6s":{"weight":1.0,"played":[0.0,1.0],"evs":[0.0,0.86181]},"T7s":{"weight":1.0,"played":[0.0,1.0],"evs":[0.0,0.94056]},"T8s":{"weight":1.0,"played":[0.0,1.0],"evs":[0.0,1.04765]},"T9s":{"weight":1.0,"played":[0.0,1.0],"evs":[0.0,1.14082]},"TT":{"weight":1.0,"played":[0.0,1.0],"evs":[0.0,2.57363]},"JTo":{"weight":1.0,"played":[0.0,1.0],"evs":[0.0,1.02609]},"QTo":{"weight":1.0,"played":[0.0,1.0],"evs":[0.0,1.01872]},"KTo":{"weight":1.0,"played":[0.0,1.0],"evs":[0.0,1.12298]},"ATo":{"weight":1.0,"played":[0.0,1.0],"evs":[0.0,2.03109]},"J2s":{"weight":1.0,"played":[0.0,1.0],"evs":[0.0,0.76445]},"J3s":{"weight":1.0,"played":[0.0,1.0],"evs":[0.0,0.76937]},"J4s":{"weight":1.0,"played":[0.0,1.0],"evs":[0.0,0.80389]},"J5s":{"weight":1.0,"played":[0.0,1.0],"evs":[0.0,0.82618]},"J6s":{"weight":1.0,"played":[0.0,1.0],"evs":[0.0,0.84541]},"J7s":{"weight":1.0,"played":[0.0,1.0],"evs":[0.0,0.91717]},"J8s":{"weight":1.0,"played":[0.0,1.0],"evs":[0.0,1.02617]},"J9s":{"weight":1.0,"played":[0.0,1.0],"evs":[0.0,1.12226]},"JTs":{"weight":1.0,"played":[0.0,1.0],"evs":[0.0,1.25453]},"JJ":{"weight":1.0,"played":[0.0,1.0],"evs":[0.0,2.84457]},"QJo":{"weight":1.0,"played":[0.0,1.0],"evs":[0.0,1.11476]},"KJo":{"weight":1.0,"played":[0.0,1.0],"evs":[0.0,1.32676]},"AJo":{"weight":1.0,"played":[0.0,1.0],"evs":[0.0,2.28762]},"Q2s":{"weight":1.0,"played":[0.0,1.0],"evs":[0.0,0.81715]},"Q3s":{"weight":1.0,"played":[0.0,1.0],"evs":[0.0,0.82802]},"Q4s":{"weight":1.0,"played":[0.0,1.0],"evs":[0.0,0.85862]},"Q5s":{"weight":1.0,"played":[0.0,1.0],"evs":[0.0,0.88021]},"Q6s":{"weight":1.0,"played":[0.0,1.0],"evs":[0.0,0.90678]},"Q7s":{"weight":1.0,"played":[0.0,1.0],"evs":[0.0,0.8925]},"Q8s":{"weight":1.0,"played":[0.0,1.0],"evs":[0.0,1.00942]},"Q9s":{"weight":1.0,"played":[0.0,1.0],"evs":[0.0,1.10075]},"QTs":{"weight":1.0,"played":[0.0,1.0],"evs":[0.0,1.25616]},"QJs":{"weight":1.0,"played":[0.0,1.0],"evs":[0.0,1.33898]},"QQ":{"weight":1.0,"played":[0.0,1.0],"evs":[0.0,3.12025]},"KQo":{"weight":1.0,"played":[0.0,1.0],"evs":[0.0,1.55435]},"AQo":{"weight":1.0,"played":[0.0,1.0],"evs":[0.0,2.56139]},"K2s":{"weight":1.0,"played":[0.0,1.0],"evs":[0.0,0.87414]},"K3s":{"weight":1.0,"played":[0.0,1.0],"evs":[0.0,0.8966]},"K4s":{"weight":1.0,"played":[0.0,1.0],"evs":[0.0,0.92069]},"K5s":{"weight":1.0,"played":[0.0,1.0],"evs":[0.0,0.947]},"K6s":{"weight":1.0,"played":[0.0,1.0],"evs":[0.0,0.97554]},"K7s":{"weight":1.0,"played":[0.0,1.0],"evs":[0.0,0.97898]},"K8s":{"weight":1.0,"played":[0.0,1.0],"evs":[0.0,1.00191]},"K9s":{"weight":1.0,"played":[0.0,1.0],"evs":[0.0,1.11348]},"KTs":{"weight":1.0,"played":[0.0,1.0],"evs":[0.0,1.33669]},"KJs":{"weight":1.0,"played":[0.0,1.0],"evs":[0.0,1.53337]},"KQs":{"weight":1.0,"played":[0.0,1.0],"evs":[0.0,1.74406]},"KK":{"weight":1.0,"played":[0.0,1.0],"evs":[0.0,3.49779]},"AKo":{"weight":1.0,"played":[0.0,1.0],"evs":[0.0,2.92435]},"A2s":{"weight":1.0,"played":[0.0,1.0],"evs":[0.0,1.3287]},"A3s":{"weight":1.0,"played":[0.0,1.0],"evs":[0.0,1.35142]},"A4s":{"weight":1.0,"played":[0.0,1.0],"evs":[0.0,1.36873]},"A5s":{"weight":1.0,"played":[0.0,1.0],"evs":[0.0,1.41263]},"A6s":{"weight":1.0,"played":[0.0,1.0],"evs":[0.0,1.39748]},"A7s":{"weight":1.0,"played":[0.0,1.0],"evs":[0.0,1.49064]},"A8s":{"weight":1.0,"played":[0.0,1.0],"evs":[0.0,1.65513]},"A9s":{"weight":1.0,"played":[0.0,1.0],"evs":[0.0,1.85563]},"ATs":{"weight":1.0,"played":[0.0,1.0],"evs":[0.0,2.19304]},"AJs":{"weight":1.0,"played":[0.0,1.0],"evs":[0.0,2.43878]},"AQs":{"weight":1.0,"played":[0.0,1.0],"evs":[0.0,2.70666]},"AKs":{"weight":1.0,"played":[0.0,1.0],"evs":[0.0,3.0296]},"AA":{"weight":1.0,"played":[0.0,1.0],"evs":[0.0,4.44923]}}}