{"player":2,"street":0,"children":2,"sequence":[{"player":0,"type":"F","amount":0,"street":0},{"player":1,"type":"F","amount":0,"street":0}],"actions":[{"type":"F","amount":0,"node":3},{"type":"R","amount":12250000,"node":17}],"hands":{"22":{"weight":1.0,"played":[1.0,0.0],"evs":[0.0,-0.70198]},"32o":{"weight":1.0,"played":[1.0,0.0],"evs":[0.0,-2.49927]},"42o":{"weight":1.0,"played":[1.0,0.0],"evs":[0.0,-2.41475]},"52o":{"weight":1.0,"played":[1.0,0.0],"evs":[0.0,-2.31592]},"62o":{"weight":1.0,"played":[1.0,0.0],"evs":[0.0,-2.38206]},"72o":{"weight":1.0,"played":[1.0,0.0],"evs":[0.0,-2.34275]},"82o":{"weight":1.0,"played":[1.0,0.0],"evs":[0.0,-2.16355]},"92o":{"weight":1.0,"played":[1.0,0.0],"evs":[0.0,-2.00785]},"T2o":{"weight":1.0,"played":[1.0,0.0],"evs":[0.0,-1.78797]},"J2o":{"weight":1.0,"played":[1.0,0.0],"evs":[0.0,-1.56683]},"Q2o":{"weight":1.0,"played":[1.0,0.0],"evs":[0.0,-1.30433]},"K2o":{"weight":1.0,"played":[1.0,0.0],"evs":[0.0,-0.96823]},"A2o":{"weight":1.0,"played":[1.0,0.0],"evs":[0.0,-0.31956]},"32s":{"weight":1.0,"played":[1.0,0.0],"evs":[0.0,-2.07288]},"33":{"weight":1.0,"played":[1.0,0.0],"evs":[0.0,-0.46034]},"43o":{"weight":1.0,"played":[1.0,0.0],"evs":[0.0,-2.23476]},"53o":{"weight":1.0,"played":[1.0,0.0],"evs":[0.0,-2.13011]},"63o":{"weight":1.0,"played":[1.0,0.0],"evs":[0.0,-2.19437]},"73o":{"weight":1.0,"played":[1.0,0.0],"evs":[0.0,-2.15867]},"83o":{"weight":1.0,"played":[1.0,0.0],"evs":[0.0,-2.11816]},"93o":{"weight":1.0,"played":[1.0,0.0],"evs":[0.0,-1.93634]},"T3o":{"weight":1.0,"played":[1.0,0.0],"evs":[0.0,-1.71431]},"J3o":{"weight":1.0,"played":[1.0,0.0],"evs":[0.0,-1.49171]},"Q3o":{"weight":1.0,"played":[1.0,0.0],"evs":[0.0,-1.23246]},"K3o":{"weight":1.0,"played":[1.0,0.0],"evs":[0.0,-0.89767]},"A3o":{"weight":1.0,"played":[1.0,0.0],"evs":[0.0,-0.24252]},"42s":{"weight":1.0,"played":[1.0,0.0],"evs":[0.0,-1.9948]},"43s":{"weight":1.0,"played":[1.0,0.0],"evs":[0.0,-1.82756]},"44":{"weight":1.0,"played":[1.0,0.0],"evs":[0.0,-0.19728]},"54o":{"weight":1.0,"played":[1.0,0.0],"evs":[0.0,-1.93938]},"64o":{"weight":1.0,"played":[1.0,0.0],"evs":[0.0,-1.99672]},"74o":{"weight":1.0,"played":[1.0,0.0],"evs":[0.0,-1.96079]},"84o":{"weight":1.0,"played":[1.0,0.0],"evs":[0.0,-1.9204]},"94o":{"weight":1.0,"played":[1.0,0.0],"evs":[0.0,-1.88413]},"T4o":{"weight":1.0,"played":[1.0,0.0],"evs":[0.0,-1.63456]},"J4o":{"weight":1.0,"played":[1.0,0.0],"evs":[0.0,-1.40798]},"Q4o":{"weight":1.0,"played":[1.0,0.0],"evs":[0.0,-1.14965]},"K4o":{"weight":1.0,"played":[1.0,0.0],"evs":[0.0,-0.81856]},"A4o":{"weight":1.0,"played":[1.0,0.0],"evs":[0.0,-0.16317]},"52s":{"weight":1.0,"played":[1.0,0.0],"evs":[0.0,-1.90492]},"53s":{"weight":1.0,"played":[1.0,0.0],"evs":[0.0,-1.7295]},"54s":{"weight":1.0,"played":[1.0,0.0],"evs":[0.0,-1.55154]},"55":{"weight":1.0,"played":[0.0,1.0],"evs":[0.0,0.09203]},"65o":{"weight":1.0,"played":[1.0,0.0],"evs":[0.0,-1.79712]},"75o":{"weight":1.0,"played":[1.0,0.0],"evs":[0.0,-1.76534]},"85o":{"weight":1.0,"played":[1.0,0.0],"evs":[0.0,-1.7214]},"95o":{"weight":1.0,"played":[1.0,0.0],"evs":[0.0,-1.67792]},"T5o":{"weight":1.0,"played":[1.0,0.0],"evs":[0.0,-1.56601]},"J5o":{"weight":1.0,"played":[1.0,0.0],"evs":[0.0,-1.31732]},"Q5o":{"weight":1.0,"played":[1.0,0.0],"evs":[0.0,-1.05781]},"K5o":{"weight":1.0,"played":[1.0,0.0],"evs":[0.0,-0.72453]},"A5o":{"weight":1.0,"played":[1.0,0.0],"evs":[0.0,-0.05888]},"62s":{"weight":1.0,"played":[1.0,0.0],"evs":[0.0,-1.95681]},"63s":{"weight":1.0,"played":[1.0,0.0],"evs":[0.0,-1.78217]},"64s":{"weight":1.0,"played":[1.0,0.0],"evs":[0.0,-1.60281]},"65s":{"weight":1.0,"played":[1.0,0.0],"evs":[0.0,-1.41689]},"66":{"weight":1.0,"played":[0.0,1.0],"evs":[0.0,0.36625]},"76o":{"weight":1.0,"played":[1.0,0.0],"evs":[0.0,-1.5734]},"86o":{"weight":1.0,"played":[1.0,0.0],"evs":[0.0,-1.5268]},"96o":{"weight":1.0,"played":[1.0,0.0],"evs":[0.0,-1.48267]},"T6o":{"weight":1.0,"played":[1.0,0.0],"evs":[0.0,-1.37385]},"J6o":{"weight":1.0,"played":[1.0,0.0],"evs":[0.0,-1.2635]},"Q6o":{"weight":1.0,"played":[1.0,0.0],"evs":[0.0,-0.97599]},"K6o":{"weight":1.0,"played":[1.0,0.0],"evs":[0.0,-0.63955]},"A6o":{"weight":1.0,"played":[1.0,0.0],"evs":[0.0,-0.06124]},"72s":{"weight":1.0,"played":[1.0,0.0],"evs":[0.0,-1.92574]},"73s":{"weight":1.0,"played":[1.0,0.0],"evs":[0.0,-1.75666]},"74s":{"weight":1.0,"played":[1.0,0.0],"evs":[0.0,-1.57753]},"75s":{"weight":1.0,"played":[1.0,0.0],"evs":[0.0,-1.38511]},"76s":{"weight":1.0,"played":[1.0,0.0],"evs":[0.0,-1.2117]},"77":{"weight":1.0,"played":[0.0,1.0],"evs":[0.0,0.68027]},"87o":{"weight":1.0,"played":[1.0,0.0],"evs":[0.0,-1.33533]},"97o":{"weight":1.0,"played":[1.0,0.0],"evs":[0.0,-1.27965]},"T7o":{"weight":1.0,"played":[1.0,0.0],"evs":[0.0,-1.16875]},"J7o":{"weight":1.0,"played":[1.0,0.0],"evs":[0.0,-1.05635]},"Q7o":{"weight":1.0,"played":[1.0,0.0],"evs":[0.0,-0.90053]},"K7o":{"weight":1.0,"played":[1.0,0.0],"evs":[0.0,-0.53637]},"A7o":{"weight":1.0,"played":[0.0,1.0],"evs":[0.0,0.09573]},"82s":{"weight":1.0,"played":[1.0,0.0],"evs":[0.0,-1.75664]},"83s":{"weight":1.0,"played":[1.0,0.0],"evs":[0.0,-1.71501]},"84s":{"weight":1.0,"played":[1.0,0.0],"evs":[0.0,-1.53014]},"85s":{"weight":1.0,"played":[1.0,0.0],"evs":[0.0,-1.34331]},"86s":{"weight":1.0,"played":[1.0,0.0],"evs":[0.0,-1.16092]},"87s":{"weight":1.0,"played":[1.0,0.0],"evs":[0.0,-0.98083]},"88":{"weight":1.0,"played":[0.0,1.0],"evs":[0.0,1.00841]},"98o":{"weight":1.0,"played":[1.0,0.0],"evs":[0.0,-1.08991]},"T8o":{"weight":1.0,"played":[1.0,0.0],"evs":[0.0,-0.96261]},"J8o":{"weight":1.0,"played":[1.0,0.0],"evs":[0.0,-0.84786]},"Q8o":{"weight":1.0,"played":[1.0,0.0],"evs":[0.0,-0.69015]},"K8o":{"weight":1.0,"played":[1.0,0.0],"evs":[0.0,-0.44709]},"A8o":{"weight":1.0,"played":[0.0,1.0],"evs":[0.0,0.25712]},"92s":{"weight":1.0,"played":[1.0,0.0],"evs":[0.0,-1.6113]},"93s":{"weight":1.0,"played":[1.0,0.0],"evs":[0.0,-1.54281]},"94s":{"weight":1.0,"played":[1.0,0.0],"evs":[0.0,-1.49114]},"95s":{"weight":1.0,"played":[1.0,0.0],"evs":[0.0,-1.3033]},"96s":{"weight":1.0,"played":[1.0,0.0],"evs":[0.0,-1.11768]},"97s":{"weight":1.0,"played":[1.0,0.0],"evs":[0.0,-0.92912]},"98s":{"weight":1.0,"played":[1.0,0.0],"evs":[0.0,-0.75147]},"99":{"weight":1.0,"played":[0.0,1.0],"evs":[0.0,1.34095]},"T9o":{"weight":1.0,"played":[1.0,0.0],"evs":[0.0,-0.76948]},"J9o":{"weight":1.0,"played":[1.0,0.0],"evs":[0.0,-0.6564]},"Q9o":{"weight":1.0,"played":[1.0,0.0],"evs":[0.0,-0.50095]},"K9o":{"weight":1.0,"played":[1.0,0.0],"evs":[0.0,-0.25581]},"A9o":{"weight":1.0,"played":[0.0,1.0],"evs":[0.0,0.41825]},"T2s":{"weight":1.0,"played":[1.0,0.0],"evs":[0.0,-1.40165]},"T3s":{"weight":1.0,"played":[1.0,0.0],"evs":[0.0,-1.33195]},"T4s":{"weight":1.0,"played":[1.0,0.0],"evs":[0.0,-1.25719]},"T5s":{"weight":1.0,"played":[1.0,0.0],"evs":[0.0,-1.1983]},"T6s":{"weight":1.0,"played":[1.0,0.0],"evs":[0.0,-1.01827]},"T7s":{"weight":1.0,"played":[1.0,0.0],"evs":[0.0,-0.82274]},"T8s":{"weight":1.0,"played":[1.0,0.0],"evs":[0.0,-0.63203]},"T9s":{"weight":1.0,"played":[1.0,0.0],"evs":[0.0,-0.45481]},"TT":{"weight":1.0,"played":[0.0,1.0],"evs":[0.0,1.77748]},"JTo":{"weight":1.0,"played":[1.0,0.0],"evs":[0.0,-0.36944]},"QTo":{"weight":1.0,"played":[1.0,0.0],"evs":[0.0,-0.20716]},"KTo":{"weight":1.0,"played":[0.0,1.0],"evs":[0.0,0.04408]},"ATo":{"weight":1.0,"played":[0.0,1.0],"evs":[0.0,0.78728]},"J2s":{"weight":1.0,"played":[1.0,0.0],"evs":[0.0,-1.18805]},"J3s":{"weight":1.0,"played":[1.0,0.0],"evs":[0.0,-1.11886]},"J4s":{"weight":1.0,"played":[1.0,0.0],"evs":[0.0,-1.04708]},"J5s":{"weight":1.0,"played":[1.0,0.0],"evs":[0.0,-0.9583]},"J6s":{"weight":1.0,"played":[1.0,0.0],"evs":[0.0,-0.90718]},"J7s":{"weight":1.0,"played":[1.0,0.0],"evs":[0.0,-0.71511]},"J8s":{"weight":1.0,"played":[1.0,0.0],"evs":[0.0,-0.52076]},"J9s":{"weight":1.0,"played":[1.0,0.0],"evs":[0.0,-0.34762]},"JTs":{"weight":1.0,"played":[1.0,0.0],"evs":[0.0,-0.07651]},"JJ":{"weight":1.0,"played":[0.0,1.0],"evs":[0.0,2.14114]},"QJo":{"weight":1.0,"played":[1.0,0.0],"evs":[0.0,-0.08146]},"KJo":{"weight":1.0,"played":[0.0,1.0],"evs":[0.0,0.18935]},"AJo":{"weight":1.0,"played":[0.0,1.0],"evs":[0.0,1.00189]},"Q2s":{"weight":1.0,"played":[1.0,0.0],"evs":[0.0,-0.93791]},"Q3s":{"weight":1.0,"played":[1.0,0.0],"evs":[0.0,-0.87103]},"Q4s":{"weight":1.0,"played":[1.0,0.0],"evs":[0.0,-0.79265]},"Q5s":{"weight":1.0,"played":[1.0,0.0],"evs":[0.0,-0.71059]},"Q6s":{"weight":1.0,"played":[1.0,0.0],"evs":[0.0,-0.63704]},"Q7s":{"weight":1.0,"played":[1.0,0.0],"evs":[0.0,-0.56632]},"Q8s":{"weight":1.0,"played":[1.0,0.0],"evs":[0.0,-0.37298]},"Q9s":{"weight":1.0,"played":[1.0,0.0],"evs":[0.0,-0.1939]},"QTs":{"weight":1.0,"played":[0.0,1.0],"evs":[0.0,0.07647]},"QJs":{"weight":1.0,"played":[0.0,1.0],"evs":[0.0,0.1968]},"QQ":{"weight":1.0,"played":[0.0,1.0],"evs":[0.0,2.5303]},"KQo":{"weight":1.0,"played":[0.0,1.0],"evs":[0.0,0.37283]},"AQo":{"weight":1.0,"played":[0.0,1.0],"evs":[0.0,1.23735]},"K2s":{"weight":1.0,"played":[1.0,0.0],"evs":[0.0,-0.61966]},"K3s":{"weight":1.0,"played":[1.0,0.0],"evs":[0.0,-0.55418]},"K4s":{"weight":1.0,"played":[1.0,0.0],"evs":[0.0,-0.48317]},"K5s":{"weight":1.0,"played":[1.0,0.0],"evs":[0.0,-0.39866]},"K6s":{"weight":1.0,"played":[1.0,0.0],"evs":[0.0,-0.32132]},"K7s":{"weight":1.0,"played":[1.0,0.0],"evs":[0.0,-0.22309]},"K8s":{"weight":1.0,"played":[1.0,0.0],"evs":[0.0,-0.13979]},"K9s":{"weight":1.0,"played":[0.0,1.0],"evs":[0.0,0.04026]},"KTs":{"weight":1.0,"played":[0.0,1.0],"evs":[0.0,0.32219]},"KJs":{"weight":1.0,"played":[0.0,1.0],"evs":[0.0,0.45437]},"KQs":{"weight":1.0,"played":[0.0,1.0],"evs":[0.0,0.62736]},"KK":{"weight":1.0,"played":[0.0,1.0],"evs":[0.0,2.96579]},"AKo":{"weight":1.0,"played":[0.0,1.0],"evs":[0.0,1.50401]},"A2s":{"weight":1.0,"played":[0.9774,0.0226],"evs":[0.0,-0.00977]},"A3s":{"weight":1.0,"played":[0.0,1.0],"evs":[0.0,0.05951]},"A4s":{"weight":1.0,"played":[0.0,1.0],"evs":[0.0,0.1328]},"A5s":{"weight":1.0,"played":[0.0,1.0],"evs":[0.0,0.22851]},"A6s":{"weight":1.0,"played":[0.0,1.0],"evs":[0.0,0.22764]},"A7s":{"weight":1.0,"played":[0.0,1.0],"evs":[0.0,0.36798]},"A8s":{"weight":1.0,"played":[0.0,1.0],"evs":[0.0,0.5196]},"A9s":{"weight":1.0,"played":[0.0,1.0],"evs":[0.0,0.67645]},"ATs":{"weight":1.0,"played":[0.0,1.0],"evs":[0.0,1.01567]},"AJs":{"weight":1.0,"played":[0.0,1.0],"evs":[0.0,1.21933]},"AQs":{"weight":1.0,"played":[0.0,1.0],"evs":[0.0,1.43816]},"AKs":{"weight":1.0,"played":[0.0,1.0],"evs":[0.0,1.69043]},"AA":{"weight":1.0,"played":[0.0,1.0],"evs":[0.0,3.73929]}}}