{"player":2,"street":0,"children":2,"sequence":[{"player":0,"type":"F","amount":0,"street":0},{"player":1,"type":"C","amount":3750000,"street":0}],"actions":[{"type":"F","amount":0,"node":37},{"type":"R","amount":12250000,"node":49}],"hands":{"22":{"weight":1.0,"played":[0.0,1.0],"evs":[0.0,0.2718]},"32o":{"weight":1.0,"played":[1.0,0.0],"evs":[0.0,-1.37342]},"42o":{"weight":1.0,"played":[1.0,0.0],"evs":[0.0,-1.27048]},"52o":{"weight":1.0,"played":[1.0,0.0],"evs":[0.0,-1.17658]},"62o":{"weight":1.0,"played":[1.0,0.0],"evs":[0.0,-1.31254]},"72o":{"weight":1.0,"played":[1.0,0.0],"evs":[0.0,-1.41251]},"82o":{"weight":1.0,"played":[1.0,0.0],"evs":[0.0,-1.28236]},"92o":{"weight":1.0,"played":[1.0,0.0],"evs":[0.0,-1.15694]},"T2o":{"weight":1.0,"played":[1.0,0.0],"evs":[0.0,-0.99794]},"J2o":{"weight":1.0,"played":[1.0,0.0],"evs":[0.0,-0.82147]},"Q2o":{"weight":1.0,"played":[1.0,0.0],"evs":[0.0,-0.59233]},"K2o":{"weight":1.0,"played":[1.0,0.0],"evs":[0.0,-0.28493]},"A2o":{"weight":1.0,"played":[0.0,1.0],"evs":[0.0,0.52169]},"32s":{"weight":1.0,"played":[1.0,0.0],"evs":[0.0,-0.8084]},"33":{"weight":1.0,"played":[0.0,1.0],"evs":[0.0,0.55457]},"43o":{"weight":1.0,"played":[1.0,0.0],"evs":[0.0,-1.03373]},"53o":{"weight":1.0,"played":[1.0,0.0],"evs":[0.0,-0.92935]},"63o":{"weight":1.0,"played":[1.0,0.0],"evs":[0.0,-1.06123]},"73o":{"weight":1.0,"played":[1.0,0.0],"evs":[0.0,-1.16428]},"83o":{"weight":1.0,"played":[1.0,0.0],"evs":[0.0,-1.23054]},"93o":{"weight":1.0,"played":[1.0,0.0],"evs":[0.0,-1.07277]},"T3o":{"weight":1.0,"played":[1.0,0.0],"evs":[0.0,-0.90841]},"J3o":{"weight":1.0,"played":[1.0,0.0],"evs":[0.0,-0.73022]},"Q3o":{"weight":1.0,"played":[1.0,0.0],"evs":[0.0,-0.50118]},"K3o":{"weight":1.0,"played":[1.0,0.0],"evs":[0.0,-0.18991]},"A3o":{"weight":1.0,"played":[0.0,1.0],"evs":[0.0,0.63491]},"42s":{"weight":1.0,"played":[1.0,0.0],"evs":[0.0,-0.71483]},"43s":{"weight":1.0,"played":[1.0,0.0],"evs":[0.0,-0.49386]},"44":{"weight":1.0,"played":[0.0,1.0],"evs":[0.0,0.86131]},"54o":{"weight":1.0,"played":[1.0,0.0],"evs":[0.0,-0.69961]},"64o":{"weight":1.0,"played":[1.0,0.0],"evs":[0.0,-0.81603]},"74o":{"weight":1.0,"played":[1.0,0.0],"evs":[0.0,-0.90857]},"84o":{"weight":1.0,"played":[1.0,0.0],"evs":[0.0,-0.98002]},"94o":{"weight":1.0,"played":[1.0,0.0],"evs":[0.0,-1.01363]},"T4o":{"weight":1.0,"played":[1.0,0.0],"evs":[0.0,-0.81334]},"J4o":{"weight":1.0,"played":[1.0,0.0],"evs":[0.0,-0.63449]},"Q4o":{"weight":1.0,"played":[1.0,0.0],"evs":[0.0,-0.40372]},"K4o":{"weight":1.0,"played":[1.0,0.0],"evs":[0.0,-0.08152]},"A4o":{"weight":1.0,"played":[0.0,1.0],"evs":[0.0,0.75137]},"52s":{"weight":1.0,"played":[1.0,0.0],"evs":[0.0,-0.62139]},"53s":{"weight":1.0,"played":[1.0,0.0],"evs":[0.0,-0.38987]},"54s":{"weight":1.0,"played":[1.0,0.0],"evs":[0.0,-0.17537]},"55":{"weight":1.0,"played":[0.0,1.0],"evs":[0.0,1.19485]},"65o":{"weight":1.0,"played":[1.0,0.0],"evs":[0.0,-0.58376]},"75o":{"weight":1.0,"played":[1.0,0.0],"evs":[0.0,-0.66069]},"85o":{"weight":1.0,"played":[1.0,0.0],"evs":[0.0,-0.7244]},"95o":{"weight":1.0,"played":[1.0,0.0],"evs":[0.0,-0.75894]},"T5o":{"weight":1.0,"played":[1.0,0.0],"evs":[0.0,-0.74782]},"J5o":{"weight":1.0,"played":[1.0,0.0],"evs":[0.0,-0.53526]},"Q5o":{"weight":1.0,"played":[1.0,0.0],"evs":[0.0,-0.2983]},"K5o":{"weight":1.0,"played":[0.0,1.0],"evs":[0.0,0.03404]},"A5o":{"weight":1.0,"played":[0.0,1.0],"evs":[0.0,0.89333]},"62s":{"weight":1.0,"played":[1.0,0.0],"evs":[0.0,-0.74586]},"63s":{"weight":1.0,"played":[1.0,0.0],"evs":[0.0,-0.5116]},"64s":{"weight":1.0,"played":[1.0,0.0],"evs":[0.0,-0.28078]},"65s":{"weight":1.0,"played":[1.0,0.0],"evs":[0.0,-0.06809]},"66":{"weight":1.0,"played":[0.0,1.0],"evs":[0.0,1.51619]},"76o":{"weight":1.0,"played":[1.0,0.0],"evs":[0.0,-0.44634]},"86o":{"weight":1.0,"played":[1.0,0.0],"evs":[0.0,-0.49178]},"96o":{"weight":1.0,"played":[1.0,0.0],"evs":[0.0,-0.52332]},"T6o":{"weight":1.0,"played":[1.0,0.0],"evs":[0.0,-0.51216]},"J6o":{"weight":1.0,"played":[1.0,0.0],"evs":[0.0,-0.47938]},"Q6o":{"weight":1.0,"played":[1.0,0.0],"evs":[0.0,-0.20354]},"K6o":{"weight":1.0,"played":[0.0,1.0],"evs":[0.0,0.15599]},"A6o":{"weight":1.0,"played":[0.0,1.0],"evs":[0.0,0.87659]},"72s":{"weight":1.0,"played":[1.0,0.0],"evs":[0.0,-0.83993]},"73s":{"weight":1.0,"played":[1.0,0.0],"evs":[0.0,-0.60612]},"74s":{"weight":1.0,"played":[1.0,0.0],"evs":[0.0,-0.36577]},"75s":{"weight":1.0,"played":[1.0,0.0],"evs":[0.0,-0.13774]},"76s":{"weight":1.0,"played":[0.0,1.0],"evs":[0.0,0.06627]},"77":{"weight":1.0,"played":[0.0,1.0],"evs":[0.0,1.85789]},"87o":{"weight":1.0,"played":[1.0,0.0],"evs":[0.0,-0.29199]},"97o":{"weight":1.0,"played":[1.0,0.0],"evs":[0.0,-0.30703]},"T7o":{"weight":1.0,"played":[1.0,0.0],"evs":[0.0,-0.2859]},"J7o":{"weight":1.0,"played":[1.0,0.0],"evs":[0.0,-0.25202]},"Q7o":{"weight":1.0,"played":[1.0,0.0],"evs":[0.0,-0.14379]},"K7o":{"weight":1.0,"played":[0.0,1.0],"evs":[0.0,0.27567]},"A7o":{"weight":1.0,"played":[0.0,1.0],"evs":[0.0,1.07687]},"82s":{"weight":1.0,"played":[1.0,0.0],"evs":[0.0,-0.71225]},"83s":{"weight":1.0,"played":[1.0,0.0],"evs":[0.0,-0.66564]},"84s":{"weight":1.0,"played":[1.0,0.0],"evs":[0.0,-0.43546]},"85s":{"weight":1.0,"played":[1.0,0.0],"evs":[0.0,-0.19554]},"86s":{"weight":1.0,"played":[1.0E-4,0.9999],"evs":[0.0,0.02557]},"87s":{"weight":1.0,"played":[0.0,1.0],"evs":[0.0,0.21106]},"88":{"weight":1.0,"played":[0.0,1.0],"evs":[0.0,2.26588]},"98o":{"weight":1.0,"played":[1.0,0.0],"evs":[0.0,-0.08596]},"T8o":{"weight":1.0,"played":[1.0,0.0],"evs":[0.0,-0.03057]},"J8o":{"weight":1.0,"played":[0.0,1.0],"evs":[0.0,0.00912]},"Q8o":{"weight":1.0,"played":[0.0,1.0],"evs":[0.0,0.12401]},"K8o":{"weight":1.0,"played":[0.0,1.0],"evs":[0.0,0.40242]},"A8o":{"weight":1.0,"played":[0.0,1.0],"evs":[0.0,1.29469]},"92s":{"weight":1.0,"played":[1.0,0.0],"evs":[0.0,-0.58991]},"93s":{"weight":1.0,"played":[1.0,0.0],"evs":[0.0,-0.51189]},"94s":{"weight":1.0,"played":[1.0,0.0],"evs":[0.0,-0.45563]},"95s":{"weight":1.0,"played":[1.0,0.0],"evs":[0.0,-0.22281]},"96s":{"weight":1.0,"played":[0.9561,0.0439],"evs":[0.0,-0.00539]},"97s":{"weight":1.0,"played":[0.0,1.0],"evs":[0.0,0.19901]},"98s":{"weight":1.0,"played":[0.0,1.0],"evs":[0.0,0.40775]},"99":{"weight":1.0,"played":[0.0,1.0],"evs":[0.0,2.76209]},"T9o":{"weight":1.0,"played":[0.0,1.0],"evs":[0.0,0.24399]},"J9o":{"weight":1.0,"played":[0.0,1.0],"evs":[0.0,0.29777]},"Q9o":{"weight":1.0,"played":[0.0,1.0],"evs":[0.0,0.43393]},"K9o":{"weight":1.0,"played":[0.0,1.0],"evs":[0.0,0.75194]},"A9o":{"weight":1.0,"played":[0.0,1.0],"evs":[0.0,1.54847]},"T2s":{"weight":1.0,"played":[1.0,0.0],"evs":[0.0,-0.43511]},"T3s":{"weight":1.0,"played":[1.0,0.0],"evs":[0.0,-0.36409]},"T4s":{"weight":1.0,"played":[1.0,0.0],"evs":[0.0,-0.27099]},"T5s":{"weight":1.0,"played":[1.0,0.0],"evs":[0.0,-0.21133]},"T6s":{"weight":1.0,"played":[7.0E-4,0.9993],"evs":[0.0,0.00867]},"T7s":{"weight":1.0,"played":[0.0,1.0],"evs":[0.0,0.22034]},"T8s":{"weight":1.0,"played":[0.0,1.0],"evs":[0.0,0.4592]},"T9s":{"weight":1.0,"played":[0.0,1.0],"evs":[0.0,0.7157]},"TT":{"weight":1.0,"played":[0.0,1.0],"evs":[0.0,3.33968]},"JTo":{"weight":1.0,"played":[0.0,1.0],"evs":[0.0,0.67665]},"QTo":{"weight":1.0,"played":[0.0,1.0],"evs":[0.0,0.83244]},"KTo":{"weight":1.0,"played":[0.0,1.0],"evs":[0.0,1.18722]},"ATo":{"weight":1.0,"played":[0.0,1.0],"evs":[0.0,2.02289]},"J2s":{"weight":1.0,"played":[1.0,0.0],"evs":[0.0,-0.26582]},"J3s":{"weight":1.0,"played":[1.0,0.0],"evs":[0.0,-0.18204]},"J4s":{"weight":1.0,"played":[1.0,0.0],"evs":[0.0,-0.09548]},"J5s":{"weight":1.0,"played":[0.6097,0.3903],"evs":[0.0,2.4E-4]},"J6s":{"weight":1.0,"played":[0.0,1.0],"evs":[0.0,0.04893]},"J7s":{"weight":1.0,"played":[0.0,1.0],"evs":[0.0,0.26193]},"J8s":{"weight":1.0,"played":[0.0,1.0],"evs":[0.0,0.50894]},"J9s":{"weight":1.0,"played":[0.0,1.0],"evs":[0.0,0.77347]},"JTs":{"weight":1.0,"played":[0.0,1.0],"evs":[0.0,1.12622]},"JJ":{"weight":1.0,"played":[0.0,1.0],"evs":[0.0,3.88936]},"QJo":{"weight":1.0,"played":[0.0,1.0],"evs":[0.0,1.01715]},"KJo":{"weight":1.0,"played":[0.0,1.0],"evs":[0.0,1.39438]},"AJo":{"weight":1.0,"played":[0.0,1.0],"evs":[0.0,2.28197]},"Q2s":{"weight":1.0,"played":[1.0,0.0],"evs":[0.0,-0.04283]},"Q3s":{"weight":1.0,"played":[0.0,1.0],"evs":[0.0,0.04073]},"Q4s":{"weight":1.0,"played":[0.0,1.0],"evs":[0.0,0.13142]},"Q5s":{"weight":1.0,"played":[0.0,1.0],"evs":[0.0,0.22623]},"Q6s":{"weight":1.0,"played":[0.0,1.0],"evs":[0.0,0.3204]},"Q7s":{"weight":1.0,"played":[0.0,1.0],"evs":[0.0,0.37369]},"Q8s":{"weight":1.0,"played":[0.0,1.0],"evs":[0.0,0.62441]},"Q9s":{"weight":1.0,"played":[0.0,1.0],"evs":[0.0,0.90862]},"QTs":{"weight":1.0,"played":[0.0,1.0],"evs":[0.0,1.2805]},"QJs":{"weight":1.0,"played":[0.0,1.0],"evs":[0.0,1.45281]},"QQ":{"weight":1.0,"played":[0.0,1.0],"evs":[0.0,4.48401]},"KQo":{"weight":1.0,"played":[0.0,1.0],"evs":[0.0,1.63934]},"AQo":{"weight":1.0,"played":[0.0,1.0],"evs":[0.0,2.5661]},"K2s":{"weight":1.0,"played":[0.0,1.0],"evs":[0.0,0.26209]},"K3s":{"weight":1.0,"played":[0.0,1.0],"evs":[0.0,0.35174]},"K4s":{"weight":1.0,"played":[0.0,1.0],"evs":[0.0,0.44699]},"K5s":{"weight":1.0,"played":[0.0,1.0],"evs":[0.0,0.55259]},"K6s":{"weight":1.0,"played":[0.0,1.0],"evs":[0.0,0.66694]},"K7s":{"weight":1.0,"played":[0.0,1.0],"evs":[0.0,0.77919]},"K8s":{"weight":1.0,"played":[0.0,1.0],"evs":[0.0,0.89743]},"K9s":{"weight":1.0,"played":[0.0,1.0],"evs":[0.0,1.21985]},"KTs":{"weight":1.0,"played":[0.0,1.0],"evs":[0.0,1.62729]},"KJs":{"weight":1.0,"played":[0.0,1.0],"evs":[0.0,1.8284]},"KQs":{"weight":1.0,"played":[0.0,1.0],"evs":[0.0,2.04741]},"KK":{"weight":1.0,"played":[0.0,1.0],"evs":[0.0,5.27085]},"AKo":{"weight":1.0,"played":[0.0,1.0],"evs":[0.0,2.93146]},"A2s":{"weight":1.0,"played":[0.0,1.0],"evs":[0.0,1.03405]},"A3s":{"weight":1.0,"played":[0.0,1.0],"evs":[0.0,1.13494]},"A4s":{"weight":1.0,"played":[0.0,1.0],"evs":[0.0,1.24272]},"A5s":{"weight":1.0,"played":[0.0,1.0],"evs":[0.0,1.37293]},"A6s":{"weight":1.0,"played":[0.0,1.0],"evs":[0.0,1.36216]},"A7s":{"weight":1.0,"played":[0.0,1.0],"evs":[0.0,1.54417]},"A8s":{"weight":1.0,"played":[0.0,1.0],"evs":[0.0,1.74847]},"A9s":{"weight":1.0,"played":[0.0,1.0],"evs":[0.0,1.98055]},"ATs":{"weight":1.0,"played":[0.0,1.0],"evs":[0.0,2.42171]},"AJs":{"weight":1.0,"played":[0.0,1.0],"evs":[0.0,2.66823]},"AQs":{"weight":1.0,"played":[0.0,1.0],"evs":[0.0,2.93475]},"AKs":{"weight":1.0,"played":[0.0,1.0],"evs":[0.0,3.26935]},"AA":{"weight":1.0,"played":[0.0,1.0],"evs":[0.0,6.49768]}}}