{"player":4,"street":0,"children":3,"sequence":[{"player":0,"type":"F","amount":0,"street":0},{"player":1,"type":"C","amount":3750000,"street":0},{"player":2,"type":"F","amount":0,"street":0},{"player":3,"type":"R","amount":35250000,"street":0}],"actions":[{"type":"F","amount":0,"node":45},{"type":"C","amount":32750000,"node":46},{"type":"R","amount":57250000,"node":48}],"hands":{"22":{"weight":1.0,"played":[0.0,0.0048,0.9952],"evs":[0.0,0.19989,0.1998]},"32o":{"weight":1.0,"played":[1.0,0.0,0.0],"evs":[0.0,-2.51905,-2.58269]},"42o":{"weight":1.0,"played":[1.0,0.0,0.0],"evs":[0.0,-2.39668,-2.4351]},"52o":{"weight":1.0,"played":[1.0,0.0,0.0],"evs":[0.0,-2.27437,-2.28139]},"62o":{"weight":1.0,"played":[1.0,0.0,0.0],"evs":[0.0,-2.42354,-2.45718]},"72o":{"weight":1.0,"played":[1.0,0.0,0.0],"evs":[0.0,-2.57516,-2.65258]},"82o":{"weight":1.0,"played":[1.0,0.0,0.0],"evs":[0.0,-2.44583,-2.49191]},"92o":{"weight":1.0,"played":[1.0,0.0,0.0],"evs":[0.0,-2.41879,-2.46889]},"T2o":{"weight":1.0,"played":[1.0,0.0,0.0],"evs":[0.0,-2.33679,-2.37207]},"J2o":{"weight":1.0,"played":[1.0,0.0,0.0],"evs":[0.0,-2.23898,-2.25295]},"Q2o":{"weight":1.0,"played":[1.0,0.0,0.0],"evs":[0.0,-2.109,-2.11369]},"K2o":{"weight":1.0,"played":[1.0,0.0,0.0],"evs":[0.0,-1.73912,-1.73879]},"A2o":{"weight":1.0,"played":[1.0,0.0,0.0],"evs":[0.0,-0.37524,-0.37576]},"32s":{"weight":1.0,"played":[1.0,0.0,0.0],"evs":[0.0,-1.81077,-1.81278]},"33":{"weight":1.0,"played":[0.0,6.0E-4,0.9994],"evs":[0.0,0.49988,0.50113]},"43o":{"weight":1.0,"played":[1.0,0.0,0.0],"evs":[0.0,-2.11218,-2.11409]},"53o":{"weight":1.0,"played":[1.0,0.0,0.0],"evs":[0.0,-1.95403,-1.95643]},"63o":{"weight":1.0,"played":[1.0,0.0,0.0],"evs":[0.0,-2.13254,-2.13489]},"73o":{"weight":1.0,"played":[1.0,0.0,0.0],"evs":[0.0,-2.31724,-2.32205]},"83o":{"weight":1.0,"played":[1.0,0.0,0.0],"evs":[0.0,-2.41278,-2.45736]},"93o":{"weight":1.0,"played":[1.0,0.0,0.0],"evs":[0.0,-2.33331,-2.36924]},"T3o":{"weight":1.0,"played":[1.0,0.0,0.0],"evs":[0.0,-2.25605,-2.27222]},"J3o":{"weight":1.0,"played":[1.0,0.0,0.0],"evs":[0.0,-2.15279,-2.15547]},"Q3o":{"weight":1.0,"played":[1.0,0.0,0.0],"evs":[0.0,-2.01439,-2.01669]},"K3o":{"weight":1.0,"played":[1.0,0.0,0.0],"evs":[0.0,-1.63976,-1.63936]},"A3o":{"weight":1.0,"played":[1.0,0.0,0.0],"evs":[0.0,-0.26986,-0.2699]},"42s":{"weight":1.0,"played":[1.0,0.0,0.0],"evs":[0.0,-1.64573,-1.64814]},"43s":{"weight":1.0,"played":[1.0,0.0,0.0],"evs":[0.0,-1.34448,-1.34607]},"44":{"weight":1.0,"played":[0.0,0.0028,0.9972],"evs":[0.0,0.92403,0.92475]},"54o":{"weight":1.0,"played":[1.0,0.0,0.0],"evs":[0.0,-1.60283,-1.60362]},"64o":{"weight":1.0,"played":[1.0,0.0,0.0],"evs":[0.0,-1.76788,-1.77027]},"74o":{"weight":1.0,"played":[1.0,0.0,0.0],"evs":[0.0,-1.95873,-1.96095]},"84o":{"weight":1.0,"played":[1.0,0.0,0.0],"evs":[0.0,-2.09226,-2.09443]},"94o":{"weight":1.0,"played":[1.0,0.0,0.0],"evs":[0.0,-2.26236,-2.28726]},"T4o":{"weight":1.0,"played":[1.0,0.0,0.0],"evs":[0.0,-2.13806,-2.13953]},"J4o":{"weight":1.0,"played":[1.0,0.0,0.0],"evs":[0.0,-2.00089,-2.00281]},"Q4o":{"weight":1.0,"played":[1.0,0.0,0.0],"evs":[0.0,-1.87396,-1.87615]},"K4o":{"weight":1.0,"played":[1.0,0.0,0.0],"evs":[0.0,-1.49493,-1.49493]},"A4o":{"weight":1.0,"played":[1.0,0.0,0.0],"evs":[0.0,-0.11218,-0.1121]},"52s":{"weight":1.0,"played":[1.0,0.0,0.0],"evs":[0.0,-1.51423,-1.51611]},"53s":{"weight":1.0,"played":[1.0,0.0,0.0],"evs":[0.0,-1.20124,-1.20297]},"54s":{"weight":1.0,"played":[1.0,0.0,0.0],"evs":[0.0,-0.87915,-0.88021]},"55":{"weight":1.0,"played":[0.0,0.0395,0.9605],"evs":[0.0,1.36954,1.36993]},"65o":{"weight":1.0,"played":[1.0,0.0,0.0],"evs":[0.0,-1.41229,-1.41339]},"75o":{"weight":1.0,"played":[1.0,0.0,0.0],"evs":[0.0,-1.59026,-1.59203]},"85o":{"weight":1.0,"played":[1.0,0.0,0.0],"evs":[0.0,-1.72629,-1.72797]},"95o":{"weight":1.0,"played":[1.0,0.0,0.0],"evs":[0.0,-1.91222,-1.91467]},"T5o":{"weight":1.0,"played":[1.0,0.0,0.0],"evs":[0.0,-2.04234,-2.04465]},"J5o":{"weight":1.0,"played":[1.0,0.0,0.0],"evs":[0.0,-1.85491,-1.85687]},"Q5o":{"weight":1.0,"played":[1.0,0.0,0.0],"evs":[0.0,-1.72092,-1.72241]},"K5o":{"weight":1.0,"played":[1.0,0.0,0.0],"evs":[0.0,-1.34602,-1.34568]},"A5o":{"weight":1.0,"played":[0.0,0.0201,0.9799],"evs":[0.0,0.10819,0.10854]},"62s":{"weight":1.0,"played":[1.0,0.0,0.0],"evs":[0.0,-1.67666,-1.67924]},"63s":{"weight":1.0,"played":[1.0,0.0,0.0],"evs":[0.0,-1.36238,-1.36443]},"64s":{"weight":1.0,"played":[1.0,0.0,0.0],"evs":[0.0,-1.02896,-1.03138]},"65s":{"weight":1.0,"played":[1.0,0.0,0.0],"evs":[0.0,-0.70695,-0.70892]},"66":{"weight":1.0,"played":[0.0,0.0084,0.9916],"evs":[0.0,1.77575,1.77703]},"76o":{"weight":1.0,"played":[1.0,0.0,0.0],"evs":[0.0,-1.27939,-1.28097]},"86o":{"weight":1.0,"played":[1.0,0.0,0.0],"evs":[0.0,-1.38759,-1.38891]},"96o":{"weight":1.0,"played":[1.0,0.0,0.0],"evs":[0.0,-1.57014,-1.57181]},"T6o":{"weight":1.0,"played":[1.0,0.0,0.0],"evs":[0.0,-1.69873,-1.70049]},"J6o":{"weight":1.0,"played":[1.0,0.0,0.0],"evs":[0.0,-1.79203,-1.79368]},"Q6o":{"weight":1.0,"played":[1.0,0.0,0.0],"evs":[0.0,-1.59912,-1.60143]},"K6o":{"weight":1.0,"played":[1.0,0.0,0.0],"evs":[0.0,-1.2082,-1.20835]},"A6o":{"weight":1.0,"played":[0.0,0.0902,0.9098],"evs":[0.0,0.11872,0.11865]},"72s":{"weight":1.0,"played":[1.0,0.0,0.0],"evs":[0.0,-1.85493,-1.85708]},"73s":{"weight":1.0,"played":[1.0,0.0,0.0],"evs":[0.0,-1.55427,-1.55631]},"74s":{"weight":1.0,"played":[1.0,0.0,0.0],"evs":[0.0,-1.20406,-1.20584]},"75s":{"weight":1.0,"played":[1.0,0.0,0.0],"evs":[0.0,-0.85886,-0.86024]},"76s":{"weight":1.0,"played":[1.0,0.0,0.0],"evs":[0.0,-0.57119,-0.573]},"77":{"weight":1.0,"played":[0.0,0.0153,0.9847],"evs":[0.0,2.17585,2.17616]},"87o":{"weight":1.0,"played":[1.0,0.0,0.0],"evs":[0.0,-1.14735,-1.14892]},"97o":{"weight":1.0,"played":[1.0,0.0,0.0],"evs":[0.0,-1.31725,-1.31892]},"T7o":{"weight":1.0,"played":[1.0,0.0,0.0],"evs":[0.0,-1.43481,-1.43648]},"J7o":{"weight":1.0,"played":[1.0,0.0,0.0],"evs":[0.0,-1.53524,-1.53734]},"Q7o":{"weight":1.0,"played":[1.0,0.0,0.0],"evs":[0.0,-1.5958,-1.59709]},"K7o":{"weight":1.0,"played":[1.0,0.0,0.0],"evs":[0.0,-1.12293,-1.12243]},"A7o":{"weight":1.0,"played":[0.0,0.1268,0.8732],"evs":[0.0,0.46215,0.46225]},"82s":{"weight":1.0,"played":[1.0,0.0,0.0],"evs":[0.0,-1.6884,-1.69063]},"83s":{"weight":1.0,"played":[1.0,0.0,0.0],"evs":[0.0,-1.65602,-1.65792]},"84s":{"weight":1.0,"played":[1.0,0.0,0.0],"evs":[0.0,-1.3249,-1.32637]},"85s":{"weight":1.0,"played":[1.0,0.0,0.0],"evs":[0.0,-0.99414,-0.99597]},"86s":{"weight":1.0,"played":[1.0,0.0,0.0],"evs":[0.0,-0.66711,-0.66849]},"87s":{"weight":1.0,"played":[1.0,0.0,0.0],"evs":[0.0,-0.44819,-0.44907]},"88":{"weight":1.0,"played":[0.0,0.0202,0.9798],"evs":[0.0,2.65753,2.65832]},"98o":{"weight":1.0,"played":[1.0,0.0,0.0],"evs":[0.0,-1.02725,-1.02848]},"T8o":{"weight":1.0,"played":[1.0,0.0,0.0],"evs":[0.0,-1.09818,-1.09958]},"J8o":{"weight":1.0,"played":[1.0,0.0,0.0],"evs":[0.0,-1.21262,-1.21411]},"Q8o":{"weight":1.0,"played":[1.0,0.0,0.0],"evs":[0.0,-1.27894,-1.28059]},"K8o":{"weight":1.0,"played":[1.0,0.0,0.0],"evs":[0.0,-1.02896,-1.02815]},"A8o":{"weight":1.0,"played":[0.0,0.3123,0.6877],"evs":[0.0,0.86148,0.86161]},"92s":{"weight":1.0,"played":[1.0,0.0,0.0],"evs":[0.0,-1.67125,-1.67376]},"93s":{"weight":1.0,"played":[1.0,0.0,0.0],"evs":[0.0,-1.56995,-1.57229]},"94s":{"weight":1.0,"played":[1.0,0.0,0.0],"evs":[0.0,-1.49871,-1.50037]},"95s":{"weight":1.0,"played":[1.0,0.0,0.0],"evs":[0.0,-1.15678,-1.15814]},"96s":{"weight":1.0,"played":[1.0,0.0,0.0],"evs":[0.0,-0.83712,-0.83777]},"97s":{"weight":1.0,"played":[1.0,0.0,0.0],"evs":[0.0,-0.59782,-0.59908]},"98s":{"weight":1.0,"played":[1.0,0.0,0.0],"evs":[0.0,-0.31036,-0.31219]},"99":{"weight":1.0,"played":[0.0,0.016,0.984],"evs":[0.0,3.23514,3.23615]},"T9o":{"weight":1.0,"played":[1.0,0.0,0.0],"evs":[0.0,-0.86033,-0.86161]},"J9o":{"weight":1.0,"played":[1.0,0.0,0.0],"evs":[0.0,-0.94511,-0.94655]},"Q9o":{"weight":1.0,"played":[1.0,0.0,0.0],"evs":[0.0,-0.99589,-0.99746]},"K9o":{"weight":1.0,"played":[1.0,0.0,0.0],"evs":[0.0,-0.59333,-0.59255]},"A9o":{"weight":1.0,"played":[0.0,6.0E-4,0.9994],"evs":[0.0,1.38703,1.38784]},"T2s":{"weight":1.0,"played":[1.0,0.0,0.0],"evs":[0.0,-1.57653,-1.57835]},"T3s":{"weight":1.0,"played":[1.0,0.0,0.0],"evs":[0.0,-1.49331,-1.49467]},"T4s":{"weight":1.0,"played":[1.0,0.0,0.0],"evs":[0.0,-1.37009,-1.37263]},"T5s":{"weight":1.0,"played":[1.0,0.0,0.0],"evs":[0.0,-1.27998,-1.28165]},"T6s":{"weight":1.0,"played":[1.0,0.0,0.0],"evs":[0.0,-0.96078,-0.96165]},"T7s":{"weight":1.0,"played":[1.0,0.0,0.0],"evs":[0.0,-0.69877,-0.70053]},"T8s":{"weight":1.0,"played":[1.0,0.0,0.0],"evs":[0.0,-0.39644,-0.39722]},"T9s":{"weight":1.0,"played":[1.0,0.0,0.0],"evs":[0.0,-0.18731,-0.18858]},"TT":{"weight":1.0,"played":[0.0,0.4368,0.5632],"evs":[0.0,4.02972,4.02971]},"JTo":{"weight":1.0,"played":[1.0,0.0,0.0],"evs":[0.0,-0.51146,-0.51293]},"QTo":{"weight":1.0,"played":[1.0,0.0,0.0],"evs":[0.0,-0.44266,-0.44341]},"KTo":{"weight":1.0,"played":[0.0,0.0302,0.9698],"evs":[0.0,0.08647,0.08617]},"ATo":{"weight":1.0,"played":[0.0,0.1385,0.8615],"evs":[0.0,2.20218,2.20255]},"J2s":{"weight":1.0,"played":[1.0,0.0,0.0],"evs":[0.0,-1.44484,-1.44614]},"J3s":{"weight":1.0,"played":[1.0,0.0,0.0],"evs":[0.0,-1.37717,-1.37937]},"J4s":{"weight":1.0,"played":[1.0,0.0,0.0],"evs":[0.0,-1.22994,-1.23206]},"J5s":{"weight":1.0,"played":[1.0,0.0,0.0],"evs":[0.0,-1.10826,-1.10959]},"J6s":{"weight":1.0,"played":[1.0,0.0,0.0],"evs":[0.0,-1.03974,-1.04138]},"J7s":{"weight":1.0,"played":[1.0,0.0,0.0],"evs":[0.0,-0.79434,-0.7953]},"J8s":{"weight":1.0,"played":[1.0,0.0,0.0],"evs":[0.0,-0.48964,-0.49036]},"J9s":{"weight":1.0,"played":[1.0,0.0,0.0],"evs":[0.0,-0.24846,-0.24965]},"JTs":{"weight":1.0,"played":[0.0,0.778,0.222],"evs":[0.0,0.15545,0.15476]},"JJ":{"weight":1.0,"played":[0.0,0.0457,0.9543],"evs":[0.0,4.78217,4.78298]},"QJo":{"weight":1.0,"played":[1.0,0.0,0.0],"evs":[0.0,-0.08702,-0.08641]},"KJo":{"weight":1.0,"played":[0.0,5.0E-4,0.9995],"evs":[0.0,0.47062,0.47077]},"AJo":{"weight":1.0,"played":[0.0,0.0142,0.9858],"evs":[0.0,2.78879,2.78976]},"Q2s":{"weight":1.0,"played":[1.0,0.0,0.0],"evs":[0.0,-1.32076,-1.32416]},"Q3s":{"weight":1.0,"played":[1.0,0.0,0.0],"evs":[0.0,-1.23456,-1.23566]},"Q4s":{"weight":1.0,"played":[1.0,0.0,0.0],"evs":[0.0,-1.09384,-1.09529]},"Q5s":{"weight":1.0,"played":[1.0,0.0,0.0],"evs":[0.0,-0.96889,-0.97047]},"Q6s":{"weight":1.0,"played":[1.0,0.0,0.0],"evs":[0.0,-0.83504,-0.83582]},"Q7s":{"weight":1.0,"played":[1.0,0.0,0.0],"evs":[0.0,-0.83401,-0.835]},"Q8s":{"weight":1.0,"played":[1.0,0.0,0.0],"evs":[0.0,-0.56005,-0.56214]},"Q9s":{"weight":1.0,"played":[1.0,0.0,0.0],"evs":[0.0,-0.28712,-0.28813]},"QTs":{"weight":1.0,"played":[0.0,0.6073,0.3927],"evs":[0.0,0.22225,0.22188]},"QJs":{"weight":1.0,"played":[0.0,0.0648,0.9352],"evs":[0.0,0.55246,0.55237]},"QQ":{"weight":1.0,"played":[0.0,1.0E-4,0.9999],"evs":[0.0,5.61429,5.61527]},"KQo":{"weight":1.0,"played":[0.0,0.0048,0.9952],"evs":[0.0,0.91504,0.91575]},"AQo":{"weight":1.0,"played":[0.0,0.0,1.0],"evs":[0.0,3.42285,3.42396]},"K2s":{"weight":1.0,"played":[1.0,0.0,0.0],"evs":[0.0,-0.94853,-0.94849]},"K3s":{"weight":1.0,"played":[1.0,0.0,0.0],"evs":[0.0,-0.85874,-0.85867]},"K4s":{"weight":1.0,"played":[1.0,0.0,0.0],"evs":[0.0,-0.74081,-0.73885]},"K5s":{"weight":1.0,"played":[1.0,0.0,0.0],"evs":[0.0,-0.60098,-0.60042]},"K6s":{"weight":1.0,"played":[1.0,0.0,0.0],"evs":[0.0,-0.46884,-0.46836]},"K7s":{"weight":1.0,"played":[1.0,0.0,0.0],"evs":[0.0,-0.40177,-0.4004]},"K8s":{"weight":1.0,"played":[1.0,0.0,0.0],"evs":[0.0,-0.28722,-0.28717]},"K9s":{"weight":1.0,"played":[0.0,0.0505,0.9495],"evs":[0.0,0.11514,0.11592]},"KTs":{"weight":1.0,"played":[0.0,0.1172,0.8828],"evs":[0.0,0.74158,0.74143]},"KJs":{"weight":1.0,"played":[0.0,0.2202,0.7798],"evs":[0.0,1.09267,1.09244]},"KQs":{"weight":1.0,"played":[0.0,0.5679,0.4321],"evs":[0.0,1.50344,1.5029]},"KK":{"weight":1.0,"played":[0.0,0.0433,0.9567],"evs":[0.0,6.67236,6.67283]},"AKo":{"weight":1.0,"played":[0.0,0.035,0.965],"evs":[0.0,4.1203,4.12084]},"A2s":{"weight":1.0,"played":[0.0,0.0567,0.9433],"evs":[0.0,0.31885,0.31925]},"A3s":{"weight":1.0,"played":[0.0,0.1676,0.8324],"evs":[0.0,0.43343,0.43335]},"A4s":{"weight":1.0,"played":[0.0,0.0367,0.9633],"evs":[0.0,0.57316,0.57324]},"A5s":{"weight":1.0,"played":[0.0,0.0261,0.9739],"evs":[0.0,0.77488,0.77563]},"A6s":{"weight":1.0,"played":[0.0,0.4545,0.5455],"evs":[0.0,0.78296,0.78229]},"A7s":{"weight":1.0,"played":[0.0,0.01,0.99],"evs":[0.0,1.08945,1.09058]},"A8s":{"weight":1.0,"played":[0.0,0.1257,0.8743],"evs":[0.0,1.48284,1.48312]},"A9s":{"weight":1.0,"played":[0.0,0.0238,0.9762],"evs":[0.0,1.97693,1.97749]},"ATs":{"weight":1.0,"played":[0.0,0.8712,0.1288],"evs":[0.0,2.73871,2.73874]},"AJs":{"weight":1.0,"played":[0.0,0.0574,0.9426],"evs":[0.0,3.29197,3.2926]},"AQs":{"weight":1.0,"played":[0.0,0.0126,0.9874],"evs":[0.0,3.88504,3.88602]},"AKs":{"weight":1.0,"played":[0.0,0.1843,0.8157],"evs":[0.0,4.52257,4.52299]},"AA":{"weight":1.0,"played":[0.0,0.5754,0.4246],"evs":[0.0,9.00752,9.0081]}}}