{"player":4,"street":0,"children":2,"sequence":[{"player":0,"type":"F","amount":0,"street":0},{"player":1,"type":"C","amount":3750000,"street":0},{"player":2,"type":"F","amount":0,"street":0},{"player":3,"type":"R","amount":35250000,"street":0},{"player":4,"type":"C","amount":32750000,"street":0},{"player":5,"type":"R","amount":57250000,"street":0}],"actions":[{"type":"F","amount":0},{"type":"C","amount":22000000}],"hands":{"22":{"weight":0.0048,"played":[0.0,1.0],"evs":[0.0,2.52872]},"32o":{"weight":0.0,"played":[1.0,0.0],"evs":[0.0,-0.45771]},"42o":{"weight":0.0,"played":[1.0,0.0],"evs":[0.0,-0.28648]},"52o":{"weight":0.0,"played":[0.995,0.005],"evs":[0.0,-0.03886]},"62o":{"weight":0.0,"played":[1.0,0.0],"evs":[0.0,-0.2391]},"72o":{"weight":0.0,"played":[1.0,0.0],"evs":[0.0,-0.58582]},"82o":{"weight":0.0,"played":[1.0,0.0],"evs":[0.0,-0.34311]},"92o":{"weight":0.0,"played":[0.9999,1.0E-4],"evs":[0.0,-0.33604]},"T2o":{"weight":0.0,"played":[1.0,0.0],"evs":[0.0,-0.24918]},"J2o":{"weight":0.0,"played":[0.9995,5.0E-4],"evs":[0.0,-0.04816]},"Q2o":{"weight":0.0,"played":[0.9872,0.0128],"evs":[0.0,-0.04596]},"K2o":{"weight":0.0,"played":[0.0,1.0],"evs":[0.0,0.27512]},"A2o":{"weight":0.0,"played":[8.0E-4,0.9992],"evs":[0.0,0.68305]},"32s":{"weight":0.0,"played":[0.0,1.0],"evs":[0.0,0.69609]},"33":{"weight":6.0E-4,"played":[0.0,1.0],"evs":[0.0,2.80878]},"43o":{"weight":0.0,"played":[0.0028,0.9972],"evs":[0.0,0.10963]},"53o":{"weight":0.0,"played":[0.0,1.0],"evs":[0.0,0.46658]},"63o":{"weight":0.0,"played":[8.0E-4,0.9992],"evs":[0.0,0.20271]},"73o":{"weight":0.0,"played":[0.7621,0.2379],"evs":[0.0,-0.00448]},"83o":{"weight":0.0,"played":[1.0,0.0],"evs":[0.0,-0.32517]},"93o":{"weight":0.0,"played":[0.9996,4.0E-4],"evs":[0.0,-0.28699]},"T3o":{"weight":0.0,"played":[1.0,0.0],"evs":[0.0,-0.0884]},"J3o":{"weight":0.0,"played":[0.0235,0.9765],"evs":[0.0,0.03435]},"Q3o":{"weight":0.0,"played":[1.0E-4,0.9999],"evs":[0.0,0.04989]},"K3o":{"weight":0.0,"played":[0.0,1.0],"evs":[0.0,0.37003]},"A3o":{"weight":0.0,"played":[2.0E-4,0.9998],"evs":[0.0,0.80528]},"42s":{"weight":0.0,"played":[0.0,1.0],"evs":[0.0,0.88127]},"43s":{"weight":0.0,"played":[0.0,1.0],"evs":[0.0,1.35129]},"44":{"weight":0.0028,"played":[0.0,1.0],"evs":[0.0,3.29392]},"54o":{"weight":0.0,"played":[0.0,1.0],"evs":[0.0,0.92708]},"64o":{"weight":0.0,"played":[0.0,1.0],"evs":[0.0,0.73858]},"74o":{"weight":0.0,"played":[0.0,1.0],"evs":[0.0,0.42647]},"84o":{"weight":0.0,"played":[0.0037,0.9963],"evs":[0.0,0.13509]},"94o":{"weight":0.0,"played":[0.9998,2.0E-4],"evs":[0.0,-0.20645]},"T4o":{"weight":0.0,"played":[0.2632,0.7368],"evs":[0.0,0.01485]},"J4o":{"weight":0.0,"played":[1.0E-4,0.9999],"evs":[0.0,0.1677]},"Q4o":{"weight":0.0,"played":[0.0,1.0],"evs":[0.0,0.24453]},"K4o":{"weight":0.0,"played":[0.0,1.0],"evs":[0.0,0.47374]},"A4o":{"weight":0.0,"played":[0.0,1.0],"evs":[0.0,1.00783]},"52s":{"weight":0.0,"played":[0.0,1.0],"evs":[0.0,1.09871]},"53s":{"weight":0.0,"played":[0.0,1.0],"evs":[0.0,1.55511]},"54s":{"weight":0.0,"played":[0.0,1.0],"evs":[0.0,2.06534]},"55":{"weight":0.0395,"played":[0.0,1.0],"evs":[0.0,3.89142]},"65o":{"weight":0.0,"played":[0.0,1.0],"evs":[0.0,1.3038]},"75o":{"weight":0.0,"played":[0.0,1.0],"evs":[0.0,0.96396]},"85o":{"weight":0.0,"played":[0.0,1.0],"evs":[0.0,0.75139]},"95o":{"weight":0.0,"played":[0.0,1.0],"evs":[0.0,0.37987]},"T5o":{"weight":0.0,"played":[0.0013,0.9987],"evs":[0.0,0.1778]},"J5o":{"weight":0.0,"played":[1.0E-4,0.9999],"evs":[0.0,0.44576]},"Q5o":{"weight":0.0,"played":[0.0,1.0],"evs":[0.0,0.52042]},"K5o":{"weight":0.0,"played":[0.0,1.0],"evs":[0.0,0.78417]},"A5o":{"weight":0.0201,"played":[0.0,1.0],"evs":[0.0,1.29558]},"62s":{"weight":0.0,"played":[0.0,1.0],"evs":[0.0,0.92313]},"63s":{"weight":0.0,"played":[0.0,1.0],"evs":[0.0,1.40196]},"64s":{"weight":0.0,"played":[0.0,1.0],"evs":[0.0,1.93867]},"65s":{"weight":0.0,"played":[0.0,1.0],"evs":[0.0,2.34406]},"66":{"weight":0.0084,"played":[0.0,1.0],"evs":[0.0,4.61857]},"76o":{"weight":0.0,"played":[0.0,1.0],"evs":[0.0,1.4605]},"86o":{"weight":0.0,"played":[0.0,1.0],"evs":[0.0,1.22037]},"96o":{"weight":0.0,"played":[0.0,1.0],"evs":[0.0,0.89586]},"T6o":{"weight":0.0,"played":[0.0,1.0],"evs":[0.0,0.72623]},"J6o":{"weight":0.0,"played":[0.0,1.0],"evs":[0.0,0.53432]},"Q6o":{"weight":0.0,"played":[0.0,1.0],"evs":[0.0,0.6798]},"K6o":{"weight":0.0,"played":[0.0,1.0],"evs":[0.0,0.98781]},"A6o":{"weight":0.0902,"played":[0.0,1.0],"evs":[0.0,1.05932]},"72s":{"weight":0.0,"played":[0.0,1.0],"evs":[0.0,0.61207]},"73s":{"weight":0.0,"played":[0.0,1.0],"evs":[0.0,1.09937]},"74s":{"weight":0.0,"played":[0.0,1.0],"evs":[0.0,1.57065]},"75s":{"weight":0.0,"played":[0.0,1.0],"evs":[0.0,2.07797]},"76s":{"weight":0.0,"played":[0.0,1.0],"evs":[0.0,2.49115]},"77":{"weight":0.0153,"played":[0.0,1.0],"evs":[0.0,5.22359]},"87o":{"weight":0.0,"played":[0.0,1.0],"evs":[0.0,1.61947]},"97o":{"weight":0.0,"played":[0.0,1.0],"evs":[0.0,1.29071]},"T7o":{"weight":0.0,"played":[0.0,1.0],"evs":[0.0,1.13724]},"J7o":{"weight":0.0,"played":[0.0,1.0],"evs":[0.0,0.96113]},"Q7o":{"weight":0.0,"played":[0.0,1.0],"evs":[0.0,0.68558]},"K7o":{"weight":0.0,"played":[0.0,1.0],"evs":[0.0,1.13408]},"A7o":{"weight":0.1268,"played":[0.0,1.0],"evs":[0.0,1.26764]},"82s":{"weight":0.0,"played":[0.0,1.0],"evs":[0.0,0.91367]},"83s":{"weight":0.0,"played":[0.0,1.0],"evs":[0.0,0.85791]},"84s":{"weight":0.0,"played":[0.0,1.0],"evs":[0.0,1.2212]},"85s":{"weight":0.0,"played":[0.0,1.0],"evs":[0.0,1.84163]},"86s":{"weight":0.0,"played":[0.0,1.0],"evs":[0.0,2.2779]},"87s":{"weight":0.0,"played":[0.0,1.0],"evs":[0.0,2.60936]},"88":{"weight":0.0202,"played":[0.0,1.0],"evs":[0.0,5.99398]},"98o":{"weight":0.0,"played":[0.0,1.0],"evs":[0.0,1.67582]},"T8o":{"weight":0.0,"played":[0.0,1.0],"evs":[0.0,1.5783]},"J8o":{"weight":0.0,"played":[0.0,1.0],"evs":[0.0,1.37106]},"Q8o":{"weight":0.0,"played":[0.0,1.0],"evs":[0.0,1.11944]},"K8o":{"weight":0.0,"played":[0.0,1.0],"evs":[0.0,1.10626]},"A8o":{"weight":0.3123,"played":[0.0,1.0],"evs":[0.0,1.58133]},"92s":{"weight":0.0,"played":[0.0,1.0],"evs":[0.0,0.80346]},"93s":{"weight":0.0,"played":[0.0,1.0],"evs":[0.0,0.93641]},"94s":{"weight":0.0,"played":[0.0,1.0],"evs":[0.0,1.02305]},"95s":{"weight":0.0,"played":[0.0,1.0],"evs":[0.0,1.49637]},"96s":{"weight":0.0,"played":[0.0,1.0],"evs":[0.0,2.04803]},"97s":{"weight":0.0,"played":[0.0,1.0],"evs":[0.0,2.49515]},"98s":{"weight":0.0,"played":[0.0,1.0],"evs":[0.0,2.7885]},"99":{"weight":0.016,"played":[0.0,1.0],"evs":[0.0,6.88259]},"T9o":{"weight":0.0,"played":[0.0,1.0],"evs":[0.0,1.83971]},"J9o":{"weight":0.0,"played":[0.0,1.0],"evs":[0.0,1.66668]},"Q9o":{"weight":0.0,"played":[0.0,1.0],"evs":[0.0,1.46021]},"K9o":{"weight":0.0,"played":[0.0,1.0],"evs":[0.0,1.44673]},"A9o":{"weight":6.0E-4,"played":[0.0,1.0],"evs":[0.0,2.15452]},"T2s":{"weight":0.0,"played":[0.0,1.0],"evs":[0.0,0.91824]},"T3s":{"weight":0.0,"played":[0.0,1.0],"evs":[0.0,1.05173]},"T4s":{"weight":0.0,"played":[0.0,1.0],"evs":[0.0,1.19398]},"T5s":{"weight":0.0,"played":[0.0,1.0],"evs":[0.0,1.29215]},"T6s":{"weight":0.0,"played":[0.0,1.0],"evs":[0.0,1.78307]},"T7s":{"weight":0.0,"played":[0.0,1.0],"evs":[0.0,2.31197]},"T8s":{"weight":0.0,"played":[0.0,1.0],"evs":[0.0,2.65677]},"T9s":{"weight":0.0,"played":[0.0,1.0],"evs":[0.0,2.90201]},"TT":{"weight":0.4368,"played":[0.0,1.0],"evs":[0.0,8.12925]},"JTo":{"weight":0.0,"played":[0.0,1.0],"evs":[0.0,2.19305]},"QTo":{"weight":0.0,"played":[0.0,1.0],"evs":[0.0,2.0662]},"KTo":{"weight":0.0302,"played":[0.0,1.0],"evs":[0.0,2.20712]},"ATo":{"weight":0.1385,"played":[0.0,1.0],"evs":[0.0,3.40716]},"J2s":{"weight":0.0,"played":[0.0,1.0],"evs":[0.0,1.15094]},"J3s":{"weight":0.0,"played":[0.0,1.0],"evs":[0.0,1.18132]},"J4s":{"weight":0.0,"played":[0.0,1.0],"evs":[0.0,1.39047]},"J5s":{"weight":0.0,"played":[0.0,1.0],"evs":[0.0,1.61519]},"J6s":{"weight":0.0,"played":[0.0,1.0],"evs":[0.0,1.77891]},"J7s":{"weight":0.0,"played":[0.0,1.0],"evs":[0.0,2.08344]},"J8s":{"weight":0.0,"played":[0.0,1.0],"evs":[0.0,2.47785]},"J9s":{"weight":0.0,"played":[0.0,1.0],"evs":[0.0,2.75856]},"JTs":{"weight":0.778,"played":[0.0,1.0],"evs":[0.0,3.27537]},"JJ":{"weight":0.0457,"played":[0.0,1.0],"evs":[0.0,9.59064]},"QJo":{"weight":0.0,"played":[0.0,1.0],"evs":[0.0,2.3538]},"KJo":{"weight":5.0E-4,"played":[0.0,1.0],"evs":[0.0,2.52248]},"AJo":{"weight":0.0142,"played":[0.0,1.0],"evs":[0.0,4.59029]},"Q2s":{"weight":0.0,"played":[0.0,1.0],"evs":[0.0,1.19385]},"Q3s":{"weight":0.0,"played":[0.0,1.0],"evs":[0.0,1.28105]},"Q4s":{"weight":0.0,"played":[0.0,1.0],"evs":[0.0,1.39188]},"Q5s":{"weight":0.0,"played":[0.0,1.0],"evs":[0.0,1.66389]},"Q6s":{"weight":0.0,"played":[0.0,1.0],"evs":[0.0,1.89164]},"Q7s":{"weight":0.0,"played":[0.0,1.0],"evs":[0.0,1.92894]},"Q8s":{"weight":0.0,"played":[0.0,1.0],"evs":[0.0,2.24836]},"Q9s":{"weight":0.0,"played":[0.0,1.0],"evs":[0.0,2.56091]},"QTs":{"weight":0.6073,"played":[0.0,1.0],"evs":[0.0,3.13783]},"QJs":{"weight":0.0648,"played":[0.0,1.0],"evs":[0.0,3.39893]},"QQ":{"weight":1.0E-4,"played":[0.0,1.0],"evs":[0.0,11.21065]},"KQo":{"weight":0.0048,"played":[0.0,1.0],"evs":[0.0,3.25818]},"AQo":{"weight":0.0,"played":[0.0,1.0],"evs":[0.0,5.92846]},"K2s":{"weight":0.0,"played":[0.0,1.0],"evs":[0.0,1.46873]},"K3s":{"weight":0.0,"played":[0.0,1.0],"evs":[0.0,1.60822]},"K4s":{"weight":0.0,"played":[0.0,1.0],"evs":[0.0,1.70266]},"K5s":{"weight":0.0,"played":[0.0,1.0],"evs":[0.0,1.92022]},"K6s":{"weight":0.0,"played":[0.0,1.0],"evs":[0.0,2.11473]},"K7s":{"weight":0.0,"played":[0.0,1.0],"evs":[0.0,2.22717]},"K8s":{"weight":0.0,"played":[0.0,1.0],"evs":[0.0,2.26707]},"K9s":{"weight":0.0505,"played":[0.0,1.0],"evs":[0.0,2.62659]},"KTs":{"weight":0.1172,"played":[0.0,1.0],"evs":[0.0,3.20122]},"KJs":{"weight":0.2202,"played":[0.0,1.0],"evs":[0.0,3.53677]},"KQs":{"weight":0.5679,"played":[0.0,1.0],"evs":[0.0,4.28538]},"KK":{"weight":0.0433,"played":[0.0,1.0],"evs":[0.0,13.28986]},"AKo":{"weight":0.035,"played":[0.0,1.0],"evs":[0.0,7.27104]},"A2s":{"weight":0.0567,"played":[0.0,1.0],"evs":[0.0,1.80525]},"A3s":{"weight":0.1676,"played":[0.0,1.0],"evs":[0.0,1.99964]},"A4s":{"weight":0.0367,"played":[0.0,1.0],"evs":[0.0,2.14814]},"A5s":{"weight":0.0261,"played":[0.0,1.0],"evs":[0.0,2.46373]},"A6s":{"weight":0.4545,"played":[0.0,1.0],"evs":[0.0,2.26325]},"A7s":{"weight":0.01,"played":[0.0,1.0],"evs":[0.0,2.45119]},"A8s":{"weight":0.1257,"played":[0.0,1.0],"evs":[0.0,2.79372]},"A9s":{"weight":0.0238,"played":[0.0,1.0],"evs":[0.0,3.36209]},"ATs":{"weight":0.8712,"played":[0.0,1.0],"evs":[0.0,4.47411]},"AJs":{"weight":0.0574,"played":[0.0,1.0],"evs":[0.0,5.56997]},"AQs":{"weight":0.0126,"played":[0.0,1.0],"evs":[0.0,6.7953]},"AKs":{"weight":0.1843,"played":[0.0,1.0],"evs":[0.0,7.99393]},"AA":{"weight":0.5754,"played":[0.0,1.0],"evs":[0.0,16.78529]}}}