{"player":3,"street":0,"children":3,"sequence":[{"player":0,"type":"F","amount":0,"street":0},{"player":1,"type":"C","amount":3750000,"street":0},{"player":2,"type":"R","amount":12250000,"street":0}],"actions":[{"type":"F","amount":0,"node":50},{"type":"C","amount":12250000},{"type":"R","amount":35250000,"node":55}],"hands":{"22":{"weight":1.0,"played":[1.0,0.0,0.0],"evs":[0.0,-0.15891,-0.10434]},"32o":{"weight":1.0,"played":[1.0,0.0,0.0],"evs":[0.0,-1.77403,-2.52717]},"42o":{"weight":1.0,"played":[1.0,0.0,0.0],"evs":[0.0,-1.71877,-2.38549]},"52o":{"weight":1.0,"played":[1.0,0.0,0.0],"evs":[0.0,-1.69186,-2.2654]},"62o":{"weight":1.0,"played":[1.0,0.0,0.0],"evs":[0.0,-1.75385,-2.45622]},"72o":{"weight":1.0,"played":[1.0,0.0,0.0],"evs":[0.0,-1.77852,-2.63007]},"82o":{"weight":1.0,"played":[1.0,0.0,0.0],"evs":[0.0,-1.73998,-2.48511]},"92o":{"weight":1.0,"played":[1.0,0.0,0.0],"evs":[0.0,-1.67778,-2.33024]},"T2o":{"weight":1.0,"played":[1.0,0.0,0.0],"evs":[0.0,-1.61039,-2.13729]},"J2o":{"weight":1.0,"played":[1.0,0.0,0.0],"evs":[0.0,-1.5457,-1.93575]},"Q2o":{"weight":1.0,"played":[1.0,0.0,0.0],"evs":[0.0,-1.42364,-1.63981]},"K2o":{"weight":1.0,"played":[1.0,0.0,0.0],"evs":[0.0,-1.20984,-1.24974]},"A2o":{"weight":1.0,"played":[1.0,0.0,0.0],"evs":[0.0,-0.12952,-0.06565]},"32s":{"weight":1.0,"played":[1.0,0.0,0.0],"evs":[0.0,-1.45626,-1.76379]},"33":{"weight":1.0,"played":[0.0,0.0,1.0],"evs":[0.0,0.13524,0.25555]},"43o":{"weight":1.0,"played":[1.0,0.0,0.0],"evs":[0.0,-1.61902,-2.05177]},"53o":{"weight":1.0,"played":[1.0,0.0,0.0],"evs":[0.0,-1.58234,-1.91555]},"63o":{"weight":1.0,"played":[1.0,0.0,0.0],"evs":[0.0,-1.65112,-2.1043]},"73o":{"weight":1.0,"played":[1.0,0.0,0.0],"evs":[0.0,-1.68225,-2.27851]},"83o":{"weight":1.0,"played":[1.0,0.0,0.0],"evs":[0.0,-1.72349,-2.41722]},"93o":{"weight":1.0,"played":[1.0,0.0,0.0],"evs":[0.0,-1.65255,-2.20804]},"T3o":{"weight":1.0,"played":[1.0,0.0,0.0],"evs":[0.0,-1.58444,-2.01389]},"J3o":{"weight":1.0,"played":[1.0,0.0,0.0],"evs":[0.0,-1.51509,-1.812]},"Q3o":{"weight":1.0,"played":[1.0,0.0,0.0],"evs":[0.0,-1.38484,-1.51247]},"K3o":{"weight":1.0,"played":[1.0,0.0,0.0],"evs":[0.0,-1.11175,-1.12319]},"A3o":{"weight":1.0,"played":[0.0,0.0,1.0],"evs":[0.0,-0.00641,0.07784]},"42s":{"weight":1.0,"played":[1.0,0.0,0.0],"evs":[0.0,-1.34182,-1.63459]},"43s":{"weight":1.0,"played":[1.0,0.0,0.0],"evs":[0.0,-1.08505,-1.32699]},"44":{"weight":1.0,"played":[0.0,0.0,1.0],"evs":[0.0,0.541,0.66747]},"54o":{"weight":1.0,"played":[1.0,0.0,0.0],"evs":[0.0,-1.3155,-1.60311]},"64o":{"weight":1.0,"played":[1.0,0.0,0.0],"evs":[0.0,-1.46651,-1.76178]},"74o":{"weight":1.0,"played":[1.0,0.0,0.0],"evs":[0.0,-1.55527,-1.92929]},"84o":{"weight":1.0,"played":[1.0,0.0,0.0],"evs":[0.0,-1.60312,-2.06436]},"94o":{"weight":1.0,"played":[1.0,0.0,0.0],"evs":[0.0,-1.60249,-2.12384]},"T4o":{"weight":1.0,"played":[1.0,0.0,0.0],"evs":[0.0,-1.51711,-1.87465]},"J4o":{"weight":1.0,"played":[1.0,0.0,0.0],"evs":[0.0,-1.441,-1.66725]},"Q4o":{"weight":1.0,"played":[1.0,0.0,0.0],"evs":[0.0,-1.30069,-1.37354]},"K4o":{"weight":1.0,"played":[1.0,0.0,0.0],"evs":[0.0,-0.9621,-0.97149]},"A4o":{"weight":1.0,"played":[0.0,0.0,1.0],"evs":[0.0,0.17743,0.2503]},"52s":{"weight":1.0,"played":[1.0,0.0,0.0],"evs":[0.0,-1.24185,-1.51773]},"53s":{"weight":1.0,"played":[1.0,0.0,0.0],"evs":[0.0,-0.96898,-1.19317]},"54s":{"weight":1.0,"played":[1.0,0.0,0.0],"evs":[0.0,-0.70811,-0.89613]},"55":{"weight":1.0,"played":[0.0,0.0,1.0],"evs":[0.0,0.96959,1.10752]},"65o":{"weight":1.0,"played":[1.0,0.0,0.0],"evs":[0.0,-1.19081,-1.45552]},"75o":{"weight":1.0,"played":[1.0,0.0,0.0],"evs":[0.0,-1.32798,-1.59608]},"85o":{"weight":1.0,"played":[1.0,0.0,0.0],"evs":[0.0,-1.47635,-1.73934]},"95o":{"weight":1.0,"played":[1.0,0.0,0.0],"evs":[0.0,-1.51049,-1.80013]},"T5o":{"weight":1.0,"played":[1.0,0.0,0.0],"evs":[0.0,-1.49498,-1.80781]},"J5o":{"weight":1.0,"played":[1.0,0.0,0.0],"evs":[0.0,-1.41155,-1.55002]},"Q5o":{"weight":1.0,"played":[1.0,0.0,0.0],"evs":[0.0,-1.22203,-1.24504]},"K5o":{"weight":1.0,"played":[1.0,0.0,0.0],"evs":[0.0,-0.83506,-0.81322]},"A5o":{"weight":1.0,"played":[0.0,0.0,1.0],"evs":[0.0,0.34082,0.4573]},"62s":{"weight":1.0,"played":[1.0,0.0,0.0],"evs":[0.0,-1.38698,-1.68609]},"63s":{"weight":1.0,"played":[1.0,0.0,0.0],"evs":[0.0,-1.12129,-1.36456]},"64s":{"weight":1.0,"played":[1.0,0.0,0.0],"evs":[0.0,-0.84164,-1.03516]},"65s":{"weight":1.0,"played":[1.0,0.0,0.0],"evs":[0.0,-0.57972,-0.75523]},"66":{"weight":1.0,"played":[0.0,0.0,1.0],"evs":[0.0,1.40364,1.55615]},"76o":{"weight":1.0,"played":[1.0,0.0,0.0],"evs":[0.0,-1.07563,-1.31173]},"86o":{"weight":1.0,"played":[1.0,0.0,0.0],"evs":[0.0,-1.1951,-1.41475]},"96o":{"weight":1.0,"played":[1.0,0.0,0.0],"evs":[0.0,-1.28696,-1.46852]},"T6o":{"weight":1.0,"played":[1.0,0.0,0.0],"evs":[0.0,-1.3457,-1.48651]},"J6o":{"weight":1.0,"played":[1.0,0.0,0.0],"evs":[0.0,-1.37476,-1.47343]},"Q6o":{"weight":1.0,"played":[1.0,0.0,0.0],"evs":[0.0,-1.10237,-1.10791]},"K6o":{"weight":1.0,"played":[1.0,0.0,0.0],"evs":[0.0,-0.69229,-0.63777]},"A6o":{"weight":1.0,"played":[0.0,0.0,1.0],"evs":[0.0,0.30905,0.4427]},"72s":{"weight":1.0,"played":[1.0,0.0,0.0],"evs":[0.0,-1.519,-1.85085]},"73s":{"weight":1.0,"played":[1.0,0.0,0.0],"evs":[0.0,-1.26419,-1.51403]},"74s":{"weight":1.0,"played":[1.0,0.0,0.0],"evs":[0.0,-0.98454,-1.19327]},"75s":{"weight":1.0,"played":[1.0,0.0,0.0],"evs":[0.0,-0.72402,-0.90187]},"76s":{"weight":1.0,"played":[1.0,0.0,0.0],"evs":[0.0,-0.46857,-0.62119]},"77":{"weight":1.0,"played":[0.0,0.0,1.0],"evs":[0.0,1.86059,2.02373]},"87o":{"weight":1.0,"played":[1.0,0.0,0.0],"evs":[0.0,-0.96883,-1.15559]},"97o":{"weight":1.0,"played":[1.0,0.0,0.0],"evs":[0.0,-1.0454,-1.19086]},"T7o":{"weight":1.0,"played":[1.0,0.0,0.0],"evs":[0.0,-1.09234,-1.19065]},"J7o":{"weight":1.0,"played":[1.0,0.0,0.0],"evs":[0.0,-1.13051,-1.17938]},"Q7o":{"weight":1.0,"played":[1.0,0.0,0.0],"evs":[0.0,-1.0488,-1.04966]},"K7o":{"weight":1.0,"played":[1.0,0.0,0.0],"evs":[0.0,-0.56938,-0.484]},"A7o":{"weight":1.0,"played":[0.0,0.0,1.0],"evs":[0.0,0.56339,0.72507]},"82s":{"weight":1.0,"played":[1.0,0.0,0.0],"evs":[0.0,-1.44011,-1.71175]},"83s":{"weight":1.0,"played":[1.0,0.0,0.0],"evs":[0.0,-1.3938,-1.64211]},"84s":{"weight":1.0,"played":[1.0,0.0,0.0],"evs":[0.0,-1.11896,-1.31885]},"85s":{"weight":1.0,"played":[1.0,0.0,0.0],"evs":[0.0,-0.84556,-1.01974]},"86s":{"weight":1.0,"played":[1.0,0.0,0.0],"evs":[0.0,-0.58084,-0.71496]},"87s":{"weight":1.0,"played":[1.0,0.0,0.0],"evs":[0.0,-0.3512,-0.46296]},"88":{"weight":1.0,"played":[0.0,0.0,1.0],"evs":[0.0,2.40952,2.5992]},"98o":{"weight":1.0,"played":[1.0,0.0,0.0],"evs":[0.0,-0.81737,-0.9258]},"T8o":{"weight":1.0,"played":[1.0,0.0,0.0],"evs":[0.0,-0.82895,-0.8988]},"J8o":{"weight":1.0,"played":[1.0,0.0,0.0],"evs":[0.0,-0.84368,-0.85519]},"Q8o":{"weight":1.0,"played":[1.0,0.0,0.0],"evs":[0.0,-0.76019,-0.69386]},"K8o":{"weight":1.0,"played":[1.0,0.0,0.0],"evs":[0.0,-0.42242,-0.28367]},"A8o":{"weight":1.0,"played":[0.0,0.0,1.0],"evs":[0.0,0.83378,1.06363]},"92s":{"weight":1.0,"played":[1.0,0.0,0.0],"evs":[0.0,-1.33903,-1.55262]},"93s":{"weight":1.0,"played":[1.0,0.0,0.0],"evs":[0.0,-1.26553,-1.44328]},"94s":{"weight":1.0,"played":[1.0,0.0,0.0],"evs":[0.0,-1.19427,-1.36519]},"95s":{"weight":1.0,"played":[1.0,0.0,0.0],"evs":[0.0,-0.93618,-1.07434]},"96s":{"weight":1.0,"played":[1.0,0.0,0.0],"evs":[0.0,-0.6652,-0.766]},"97s":{"weight":1.0,"played":[1.0,0.0,0.0],"evs":[0.0,-0.43298,-0.50347]},"98s":{"weight":1.0,"played":[1.0,0.0,0.0],"evs":[0.0,-0.20478,-0.25353]},"99":{"weight":1.0,"played":[0.0,0.0,1.0],"evs":[0.0,3.05952,3.27224]},"T9o":{"weight":1.0,"played":[1.0,0.0,0.0],"evs":[0.0,-0.51405,-0.51702]},"J9o":{"weight":1.0,"played":[1.0,0.0,0.0],"evs":[0.0,-0.50564,-0.44459]},"Q9o":{"weight":1.0,"played":[1.0,0.0,0.0],"evs":[0.0,-0.4049,-0.26895]},"K9o":{"weight":1.0,"played":[0.0,0.0,1.0],"evs":[0.0,-0.01249,0.16971]},"A9o":{"weight":1.0,"played":[0.0,0.0,1.0],"evs":[0.0,1.15143,1.4045]},"T2s":{"weight":1.0,"played":[1.0,0.0,0.0],"evs":[0.0,-1.21864,-1.36788]},"T3s":{"weight":1.0,"played":[1.0,0.0,0.0],"evs":[0.0,-1.13401,-1.24963]},"T4s":{"weight":1.0,"played":[1.0,0.0,0.0],"evs":[0.0,-1.02696,-1.12796]},"T5s":{"weight":1.0,"played":[1.0,0.0,0.0],"evs":[0.0,-0.97257,-1.07243]},"T6s":{"weight":1.0,"played":[1.0,0.0,0.0],"evs":[0.0,-0.70991,-0.76586]},"T7s":{"weight":1.0,"played":[1.0,0.0,0.0],"evs":[0.0,-0.46183,-0.49108]},"T8s":{"weight":1.0,"played":[1.0,0.0,0.0],"evs":[0.0,-0.21251,-0.22062]},"T9s":{"weight":1.0,"played":[0.0,1.0E-4,0.9999],"evs":[0.0,0.09685,0.13974]},"TT":{"weight":1.0,"played":[0.0,0.0,1.0],"evs":[0.0,3.82277,4.01026]},"JTo":{"weight":1.0,"played":[2.0E-4,0.0,0.9998],"evs":[0.0,-0.07075,0.03434]},"QTo":{"weight":1.0,"played":[0.0,0.0,1.0],"evs":[0.0,0.07861,0.22277]},"KTo":{"weight":1.0,"played":[0.0,0.0,1.0],"evs":[0.0,0.53304,0.71475]},"ATo":{"weight":1.0,"played":[0.0,0.0,1.0],"evs":[0.0,1.74026,2.0188]},"J2s":{"weight":1.0,"played":[1.0,0.0,0.0],"evs":[0.0,-1.0942,-1.17044]},"J3s":{"weight":1.0,"played":[1.0,0.0,0.0],"evs":[0.0,-1.00424,-1.05515]},"J4s":{"weight":1.0,"played":[1.0,0.0,0.0],"evs":[0.0,-0.88832,-0.92548]},"J5s":{"weight":1.0,"played":[1.0,0.0,0.0],"evs":[0.0,-0.7889,-0.81181]},"J6s":{"weight":1.0,"played":[1.0,0.0,0.0],"evs":[0.0,-0.72349,-0.74593]},"J7s":{"weight":1.0,"played":[1.0,0.0,0.0],"evs":[0.0,-0.49033,-0.47511]},"J8s":{"weight":1.0,"played":[1.0,0.0,0.0],"evs":[0.0,-0.19744,-0.15367]},"J9s":{"weight":1.0,"played":[0.0,0.0,1.0],"evs":[0.0,0.11208,0.20847]},"JTs":{"weight":1.0,"played":[0.0,0.0,1.0],"evs":[0.0,0.53547,0.66698]},"JJ":{"weight":1.0,"played":[0.0,0.0,1.0],"evs":[0.0,4.57641,4.74114]},"QJo":{"weight":1.0,"played":[0.0,0.0,1.0],"evs":[0.0,0.3368,0.48698]},"KJo":{"weight":1.0,"played":[0.0,0.0,1.0],"evs":[0.0,0.81929,1.02663]},"AJo":{"weight":1.0,"played":[0.0,0.0,1.0],"evs":[0.0,2.11527,2.40548]},"Q2s":{"weight":1.0,"played":[1.0,0.0,0.0],"evs":[0.0,-0.87914,-0.88223]},"Q3s":{"weight":1.0,"played":[1.0,0.0,0.0],"evs":[0.0,-0.79333,-0.77017]},"Q4s":{"weight":1.0,"played":[1.0,0.0,0.0],"evs":[0.0,-0.66288,-0.63837]},"Q5s":{"weight":1.0,"played":[1.0,0.0,0.0],"evs":[0.0,-0.56897,-0.52682]},"Q6s":{"weight":1.0,"played":[1.0,0.0,0.0],"evs":[0.0,-0.44439,-0.39046]},"Q7s":{"weight":1.0,"played":[1.0,0.0,0.0],"evs":[0.0,-0.39782,-0.34079]},"Q8s":{"weight":1.0,"played":[0.6545,0.0,0.3455],"evs":[0.0,-0.10355,0.00686]},"Q9s":{"weight":1.0,"played":[0.0,0.0,1.0],"evs":[0.0,0.22178,0.39089]},"QTs":{"weight":1.0,"played":[0.0,0.0,1.0],"evs":[0.0,0.69524,0.85455]},"QJs":{"weight":1.0,"played":[0.0,0.0,1.0],"evs":[0.0,0.95414,1.1069]},"QQ":{"weight":1.0,"played":[0.0,0.0,1.0],"evs":[0.0,5.44291,5.54071]},"KQo":{"weight":1.0,"played":[0.0,0.0,1.0],"evs":[0.0,1.14148,1.35937]},"AQo":{"weight":1.0,"played":[0.0,0.0,1.0],"evs":[0.0,2.52815,2.7998]},"K2s":{"weight":1.0,"played":[1.0,0.0,0.0],"evs":[0.0,-0.53508,-0.49181]},"K3s":{"weight":1.0,"played":[1.0,0.0,0.0],"evs":[0.0,-0.43544,-0.3748]},"K4s":{"weight":1.0,"played":[1.0,0.0,0.0],"evs":[0.0,-0.30159,-0.2489]},"K5s":{"weight":1.0,"played":[1.0,0.0,0.0],"evs":[0.0,-0.16821,-0.08968]},"K6s":{"weight":1.0,"played":[0.0,0.0,1.0],"evs":[0.0,-0.03931,0.06557]},"K7s":{"weight":1.0,"played":[0.0,0.0,1.0],"evs":[0.0,0.09631,0.22528]},"K8s":{"weight":1.0,"played":[0.0,0.0,1.0],"evs":[0.0,0.22297,0.39507]},"K9s":{"weight":1.0,"played":[0.0,0.0,1.0],"evs":[0.0,0.62372,0.83085]},"KTs":{"weight":1.0,"played":[0.0,0.0,1.0],"evs":[0.0,1.1445,1.33687]},"KJs":{"weight":1.0,"played":[0.0,0.0,1.0],"evs":[0.0,1.42731,1.62839]},"KQs":{"weight":1.0,"played":[0.0,0.0,1.0],"evs":[0.0,1.74459,1.93498]},"KK":{"weight":1.0,"played":[0.0,0.0,1.0],"evs":[0.0,6.47851,6.52991]},"AKo":{"weight":1.0,"played":[0.0,0.0,1.0],"evs":[0.0,2.97178,3.26095]},"A2s":{"weight":1.0,"played":[0.0,0.0,1.0],"evs":[0.0,0.52027,0.63129]},"A3s":{"weight":1.0,"played":[0.0,0.0,1.0],"evs":[0.0,0.63789,0.76117]},"A4s":{"weight":1.0,"played":[0.0,0.0,1.0],"evs":[0.0,0.80819,0.91852]},"A5s":{"weight":1.0,"played":[0.0,0.0,1.0],"evs":[0.0,0.96506,1.11934]},"A6s":{"weight":1.0,"played":[0.0,0.0,1.0],"evs":[0.0,0.93849,1.10533]},"A7s":{"weight":1.0,"played":[0.0,0.0,1.0],"evs":[0.0,1.18199,1.37517]},"A8s":{"weight":1.0,"played":[0.0,0.0,1.0],"evs":[0.0,1.4396,1.68703]},"A9s":{"weight":1.0,"played":[0.0,0.0,1.0],"evs":[0.0,1.74852,2.0111]},"ATs":{"weight":1.0,"played":[0.0,0.0,1.0],"evs":[0.0,2.32093,2.57296]},"AJs":{"weight":1.0,"played":[0.0,0.0,1.0],"evs":[0.0,2.68691,2.943]},"AQs":{"weight":1.0,"played":[0.0,0.0,1.0],"evs":[0.0,3.06259,3.3027]},"AKs":{"weight":1.0,"played":[0.0,0.0,1.0],"evs":[0.0,3.47198,3.73226]},"AA":{"weight":1.0,"played":[0.0,0.001,0.999],"evs":[0.0,8.09319,8.13611]}}}