{"player":5,"street":0,"children":3,"sequence":[{"player":0,"type":"F","amount":0,"street":0},{"player":1,"type":"C","amount":3750000,"street":0},{"player":2,"type":"R","amount":12250000,"street":0},{"player":3,"type":"F","amount":0,"street":0},{"player":4,"type":"C","amount":9750000,"street":0}],"actions":[{"type":"F","amount":0},{"type":"C","amount":7250000},{"type":"R","amount":57250000,"node":53}],"hands":{"22":{"weight":1.0,"played":[0.0,0.7339,0.2661],"evs":[0.0,1.2907,1.28808]},"32o":{"weight":1.0,"played":[0.0,1.0,0.0],"evs":[0.0,0.22192,-0.11615]},"42o":{"weight":1.0,"played":[0.0,1.0,0.0],"evs":[0.0,0.21661,-0.09596]},"52o":{"weight":1.0,"played":[0.0,1.0,0.0],"evs":[0.0,0.23616,-0.04192]},"62o":{"weight":1.0,"played":[1.0E-4,0.9999,0.0],"evs":[0.0,0.12842,-0.16437]},"72o":{"weight":1.0,"played":[0.0096,0.9904,0.0],"evs":[0.0,0.05195,-0.27528]},"82o":{"weight":1.0,"played":[1.0,0.0,0.0],"evs":[0.0,-0.08727,-0.44562]},"92o":{"weight":1.0,"played":[0.0,1.0,0.0],"evs":[0.0,0.11803,-0.21799]},"T2o":{"weight":1.0,"played":[4.0E-4,0.9996,0.0],"evs":[0.0,0.17349,-0.15949]},"J2o":{"weight":1.0,"played":[1.0E-4,0.9999,0.0],"evs":[0.0,0.19887,-0.07125]},"Q2o":{"weight":1.0,"played":[0.0,1.0,0.0],"evs":[0.0,0.30309,0.19448]},"K2o":{"weight":1.0,"played":[0.0,1.0,0.0],"evs":[0.0,0.64605,0.60503]},"A2o":{"weight":1.0,"played":[0.0,0.0,1.0],"evs":[0.0,1.51778,1.79855]},"32s":{"weight":1.0,"played":[0.0,1.0,0.0],"evs":[0.0,0.62134,0.47579]},"33":{"weight":1.0,"played":[0.0,0.0019,0.9981],"evs":[0.0,1.39447,1.46136]},"43o":{"weight":1.0,"played":[0.0,1.0,0.0],"evs":[0.0,0.34766,0.11811]},"53o":{"weight":1.0,"played":[0.0,1.0,0.0],"evs":[0.0,0.41895,0.2016]},"63o":{"weight":1.0,"played":[0.0,1.0,0.0],"evs":[0.0,0.30652,0.066]},"73o":{"weight":1.0,"played":[0.0,1.0,0.0],"evs":[0.0,0.2096,-0.05297]},"83o":{"weight":1.0,"played":[1.0,0.0,0.0],"evs":[0.0,-0.0838,-0.44623]},"93o":{"weight":1.0,"played":[1.0E-4,0.9999,0.0],"evs":[0.0,0.1339,-0.16568]},"T3o":{"weight":1.0,"played":[2.0E-4,0.9998,0.0],"evs":[0.0,0.18834,-0.08267]},"J3o":{"weight":1.0,"played":[1.0E-4,0.9999,0.0],"evs":[0.0,0.20985,-0.01017]},"Q3o":{"weight":1.0,"played":[0.0,0.9987,0.0013],"evs":[0.0,0.34038,0.25976]},"K3o":{"weight":1.0,"played":[0.0,0.3658,0.6342],"evs":[0.0,0.68421,0.68885]},"A3o":{"weight":1.0,"played":[0.0,0.0,1.0],"evs":[0.0,1.59584,1.88218]},"42s":{"weight":1.0,"played":[0.0,1.0,0.0],"evs":[0.0,0.59426,0.46749]},"43s":{"weight":1.0,"played":[0.0,1.0,0.0],"evs":[0.0,0.75033,0.66151]},"44":{"weight":1.0,"played":[0.0,0.5635,0.4365],"evs":[0.0,1.50549,1.49758]},"54o":{"weight":1.0,"played":[0.0,1.0,0.0],"evs":[0.0,0.52305,0.36711]},"64o":{"weight":1.0,"played":[0.0,1.0,0.0],"evs":[0.0,0.44759,0.25476]},"74o":{"weight":1.0,"played":[0.0,1.0,0.0],"evs":[0.0,0.30565,0.1096]},"84o":{"weight":1.0,"played":[1.0,0.0,0.0],"evs":[0.0,-0.01468,-0.28054]},"94o":{"weight":1.0,"played":[3.0E-4,0.9997,0.0],"evs":[0.0,0.06806,-0.21941]},"T4o":{"weight":1.0,"played":[2.0E-4,0.9998,0.0],"evs":[0.0,0.14107,-0.09609]},"J4o":{"weight":1.0,"played":[1.0E-4,0.9999,0.0],"evs":[0.0,0.16682,-0.03971]},"Q4o":{"weight":1.0,"played":[0.0,0.9964,0.0036],"evs":[0.0,0.29751,0.25648]},"K4o":{"weight":1.0,"played":[0.0,0.0864,0.9136],"evs":[0.0,0.6988,0.71348]},"A4o":{"weight":1.0,"played":[0.0,0.0,1.0],"evs":[0.0,1.64881,1.91312]},"52s":{"weight":1.0,"played":[0.0,1.0,0.0],"evs":[0.0,0.61896,0.49169]},"53s":{"weight":1.0,"played":[0.0,0.9992,8.0E-4],"evs":[0.0,0.80009,0.75061]},"54s":{"weight":1.0,"played":[0.0,0.9885,0.0115],"evs":[0.0,0.9326,0.88455]},"55":{"weight":1.0,"played":[0.0,0.1073,0.8927],"evs":[0.0,1.64578,1.66629]},"65o":{"weight":1.0,"played":[0.0,1.0,0.0],"evs":[0.0,0.59267,0.45545]},"75o":{"weight":1.0,"played":[0.0,1.0,0.0],"evs":[0.0,0.47631,0.34224]},"85o":{"weight":1.0,"played":[5.0E-4,0.9995,0.0],"evs":[0.0,0.13641,-0.04716]},"95o":{"weight":1.0,"played":[0.0,1.0,0.0],"evs":[0.0,0.2162,0.00645]},"T5o":{"weight":1.0,"played":[9.0E-4,0.9991,0.0],"evs":[0.0,0.16503,-0.07909]},"J5o":{"weight":1.0,"played":[1.0E-4,0.9999,0.0],"evs":[0.0,0.19425,0.01831]},"Q5o":{"weight":1.0,"played":[0.0,0.9948,0.0052],"evs":[0.0,0.33941,0.32185]},"K5o":{"weight":1.0,"played":[0.0,0.7375,0.2625],"evs":[0.0,0.78698,0.78514]},"A5o":{"weight":1.0,"played":[0.0,0.0,1.0],"evs":[0.0,1.73275,2.02009]},"62s":{"weight":1.0,"played":[0.0,1.0,0.0],"evs":[0.0,0.52268,0.37703]},"63s":{"weight":1.0,"played":[0.0,0.9992,8.0E-4],"evs":[0.0,0.76605,0.65452]},"64s":{"weight":1.0,"played":[0.0,0.9971,0.0029],"evs":[0.0,0.85999,0.81314]},"65s":{"weight":1.0,"played":[0.0,0.9792,0.0208],"evs":[0.0,1.04162,1.00652]},"66":{"weight":1.0,"played":[0.0,0.0,1.0],"evs":[0.0,1.79735,1.95855]},"76o":{"weight":1.0,"played":[0.0,1.0,0.0],"evs":[0.0,0.67134,0.58484]},"86o":{"weight":1.0,"played":[0.0,1.0,0.0],"evs":[0.0,0.39184,0.24846]},"96o":{"weight":1.0,"played":[0.0,1.0,0.0],"evs":[0.0,0.43605,0.29735]},"T6o":{"weight":1.0,"played":[0.0,1.0,0.0],"evs":[0.0,0.34914,0.18954]},"J6o":{"weight":1.0,"played":[0.0,1.0,0.0],"evs":[0.0,0.31517,0.10744]},"Q6o":{"weight":1.0,"played":[0.0,0.5045,0.4955],"evs":[0.0,0.47259,0.45793]},"K6o":{"weight":1.0,"played":[0.0,0.4487,0.5513],"evs":[0.0,0.93819,0.92374]},"A6o":{"weight":1.0,"played":[0.0,0.0,1.0],"evs":[0.0,1.67226,1.99933]},"72s":{"weight":1.0,"played":[0.0,1.0,0.0],"evs":[0.0,0.45594,0.27831]},"73s":{"weight":1.0,"played":[0.0,1.0,0.0],"evs":[0.0,0.63214,0.5384]},"74s":{"weight":1.0,"played":[0.0,0.9997,3.0E-4],"evs":[0.0,0.72784,0.67741]},"75s":{"weight":1.0,"played":[0.0,0.9444,0.0556],"evs":[0.0,0.90312,0.88195]},"76s":{"weight":1.0,"played":[0.0,0.0576,0.9424],"evs":[0.0,1.08407,1.08799]},"77":{"weight":1.0,"played":[0.0,0.0,1.0],"evs":[0.0,1.88536,2.27212]},"87o":{"weight":1.0,"played":[0.0,0.9987,0.0013],"evs":[0.0,0.53147,0.48541]},"97o":{"weight":1.0,"played":[0.0,1.0,0.0],"evs":[0.0,0.60226,0.52231]},"T7o":{"weight":1.0,"played":[0.0,0.9994,6.0E-4],"evs":[0.0,0.51432,0.44781]},"J7o":{"weight":1.0,"played":[0.0,0.9999,1.0E-4],"evs":[0.0,0.47093,0.37599]},"Q7o":{"weight":1.0,"played":[0.0,0.0809,0.9191],"evs":[0.0,0.50639,0.52248]},"K7o":{"weight":1.0,"played":[0.0,0.0048,0.9952],"evs":[0.0,1.02852,1.06597]},"A7o":{"weight":1.0,"played":[0.0,0.0,1.0],"evs":[0.0,1.72278,2.20342]},"82s":{"weight":1.0,"played":[1.0E-4,0.9999,0.0],"evs":[0.0,0.30496,0.13486]},"83s":{"weight":1.0,"played":[0.0,1.0,0.0],"evs":[0.0,0.32556,0.16765]},"84s":{"weight":1.0,"played":[0.0,0.9996,4.0E-4],"evs":[0.0,0.39522,0.29952]},"85s":{"weight":1.0,"played":[0.0,0.9999,1.0E-4],"evs":[0.0,0.56343,0.49375]},"86s":{"weight":1.0,"played":[0.0,0.8298,0.1702],"evs":[0.0,0.83249,0.79974]},"87s":{"weight":1.0,"played":[0.0,0.0092,0.9908],"evs":[0.0,0.98283,1.01529]},"88":{"weight":1.0,"played":[0.0,0.0,1.0],"evs":[0.0,1.90876,2.07704]},"98o":{"weight":1.0,"played":[0.0,0.8628,0.1371],"evs":[0.0,0.53285,0.49756]},"T8o":{"weight":1.0,"played":[0.0,1.0,0.0],"evs":[0.0,0.53102,0.43638]},"J8o":{"weight":1.0,"played":[0.0,0.9999,1.0E-4],"evs":[0.0,0.51246,0.35774]},"Q8o":{"weight":1.0,"played":[0.0,1.0,0.0],"evs":[0.0,0.69397,0.56512]},"K8o":{"weight":1.0,"played":[0.0,1.0,0.0],"evs":[0.0,1.16996,0.90211]},"A8o":{"weight":1.0,"played":[0.0,0.0,1.0],"evs":[0.0,1.92327,2.19381]},"92s":{"weight":1.0,"played":[0.0,1.0,0.0],"evs":[0.0,0.51726,0.35459]},"93s":{"weight":1.0,"played":[0.0,1.0,0.0],"evs":[0.0,0.58007,0.43354]},"94s":{"weight":1.0,"played":[0.0,0.9999,1.0E-4],"evs":[0.0,0.48163,0.3684]},"95s":{"weight":1.0,"played":[0.0,1.0,0.0],"evs":[0.0,0.65763,0.57961]},"96s":{"weight":1.0,"played":[0.0,0.9795,0.0205],"evs":[0.0,0.84298,0.79614]},"97s":{"weight":1.0,"played":[0.0,0.2077,0.7923],"evs":[0.0,1.01548,1.0171]},"98s":{"weight":1.0,"played":[0.0,0.0,1.0],"evs":[0.0,1.00676,1.02761]},"99":{"weight":1.0,"played":[0.0,0.0,1.0],"evs":[0.0,2.35763,2.73454]},"T9o":{"weight":1.0,"played":[0.0,1.0,0.0],"evs":[0.0,0.91232,0.77839]},"J9o":{"weight":1.0,"played":[0.0,1.0,0.0],"evs":[0.0,0.88948,0.74724]},"Q9o":{"weight":1.0,"played":[0.0,1.0,0.0],"evs":[0.0,1.03956,0.98854]},"K9o":{"weight":1.0,"played":[0.0,0.5886,0.4114],"evs":[0.0,1.41435,1.38884]},"A9o":{"weight":1.0,"played":[0.0,0.0,1.0],"evs":[0.0,1.9991,2.5122]},"T2s":{"weight":1.0,"played":[0.0,1.0,0.0],"evs":[0.0,0.59576,0.41033]},"T3s":{"weight":1.0,"played":[0.0,1.0,0.0],"evs":[0.0,0.64073,0.52913]},"T4s":{"weight":1.0,"played":[0.0,0.9994,5.0E-4],"evs":[0.0,0.55894,0.48391]},"T5s":{"weight":1.0,"played":[0.0,0.9842,0.0158],"evs":[0.0,0.57093,0.48056]},"T6s":{"weight":1.0,"played":[0.0,0.9857,0.0143],"evs":[0.0,0.77622,0.73569]},"T7s":{"weight":1.0,"played":[0.0,0.0053,0.9947],"evs":[0.0,0.95956,0.99719]},"T8s":{"weight":1.0,"played":[0.0,0.7601,0.2399],"evs":[0.0,0.98274,0.97347]},"T9s":{"weight":1.0,"played":[0.0,0.9858,0.0142],"evs":[0.0,1.31954,1.28135]},"TT":{"weight":1.0,"played":[0.0,0.0,1.0],"evs":[0.0,2.5577,3.06361]},"JTo":{"weight":1.0,"played":[0.0,0.9999,1.0E-4],"evs":[0.0,1.11984,1.01671]},"QTo":{"weight":1.0,"played":[0.0,0.9966,0.0034],"evs":[0.0,1.28778,1.25819]},"KTo":{"weight":1.0,"played":[0.0,0.6409,0.3591],"evs":[0.0,1.67584,1.67482]},"ATo":{"weight":1.0,"played":[0.0,0.0,1.0],"evs":[0.0,2.23768,2.8587]},"J2s":{"weight":1.0,"played":[0.0,0.9999,1.0E-4],"evs":[0.0,0.61742,0.48195]},"J3s":{"weight":1.0,"played":[0.0,0.9473,0.0527],"evs":[0.0,0.62609,0.55441]},"J4s":{"weight":1.0,"played":[0.0,0.9381,0.0619],"evs":[0.0,0.6255,0.57665]},"J5s":{"weight":1.0,"played":[0.0,0.6675,0.3325],"evs":[0.0,0.62494,0.61003]},"J6s":{"weight":1.0,"played":[0.0,0.9615,0.0385],"evs":[0.0,0.73652,0.67867]},"J7s":{"weight":1.0,"played":[0.0,0.6116,0.3884],"evs":[0.0,0.92792,0.91141]},"J8s":{"weight":1.0,"played":[0.0,0.9999,1.0E-4],"evs":[0.0,0.96249,0.90035]},"J9s":{"weight":1.0,"played":[0.0,1.0,0.0],"evs":[0.0,1.31624,1.25977]},"JTs":{"weight":1.0,"played":[0.0,0.9972,0.0028],"evs":[0.0,1.57051,1.53196]},"JJ":{"weight":1.0,"played":[0.0,0.0,1.0],"evs":[0.0,2.98931,3.38687]},"QJo":{"weight":1.0,"played":[0.0,1.0,0.0],"evs":[0.0,1.43027,1.35757]},"KJo":{"weight":1.0,"played":[0.0,0.6425,0.3575],"evs":[0.0,1.82941,1.82424]},"AJo":{"weight":1.0,"played":[0.0,0.0,1.0],"evs":[0.0,2.40399,3.03792]},"Q2s":{"weight":1.0,"played":[0.0,0.01,0.99],"evs":[0.0,0.75199,0.78315]},"Q3s":{"weight":1.0,"played":[0.0,0.0039,0.9961],"evs":[0.0,0.77946,0.83459]},"Q4s":{"weight":1.0,"played":[0.0,0.0073,0.9927],"evs":[0.0,0.74776,0.80135]},"Q5s":{"weight":1.0,"played":[0.0,0.0035,0.9965],"evs":[0.0,0.78298,0.86282]},"Q6s":{"weight":1.0,"played":[0.0,1.0E-4,0.9999],"evs":[0.0,0.94538,1.00705]},"Q7s":{"weight":1.0,"played":[0.0,9.0E-4,0.9991],"evs":[0.0,0.99013,1.06846]},"Q8s":{"weight":1.0,"played":[0.0,0.9988,0.0012],"evs":[0.0,1.15438,1.08919]},"Q9s":{"weight":1.0,"played":[0.0,0.609,0.391],"evs":[0.0,1.48572,1.46883]},"QTs":{"weight":1.0,"played":[0.0,0.9771,0.0229],"evs":[0.0,1.75768,1.73835]},"QJs":{"weight":1.0,"played":[0.0,0.9927,0.0073],"evs":[0.0,1.88151,1.86263]},"QQ":{"weight":1.0,"played":[0.0,3.0E-4,0.9997],"evs":[0.0,4.20134,4.37034]},"KQo":{"weight":1.0,"played":[0.0,0.9711,0.0289],"evs":[0.0,2.17228,2.13314]},"AQo":{"weight":1.0,"played":[0.0,0.0,1.0],"evs":[0.0,2.75839,3.40276]},"K2s":{"weight":1.0,"played":[0.0,0.0146,0.9854],"evs":[0.0,1.1348,1.1777]},"K3s":{"weight":1.0,"played":[0.0,0.0013,0.9987],"evs":[0.0,1.15414,1.22643]},"K4s":{"weight":1.0,"played":[0.0,3.0E-4,0.9997],"evs":[0.0,1.18776,1.26023]},"K5s":{"weight":1.0,"played":[0.0,0.0575,0.9425],"evs":[0.0,1.29338,1.33406]},"K6s":{"weight":1.0,"played":[0.0,0.0202,0.9798],"evs":[0.0,1.4386,1.47725]},"K7s":{"weight":1.0,"played":[0.0,3.0E-4,0.9997],"evs":[0.0,1.5291,1.59144]},"K8s":{"weight":1.0,"played":[0.0,1.0,0.0],"evs":[0.0,1.6688,1.44043]},"K9s":{"weight":1.0,"played":[0.0,0.0131,0.9869],"evs":[0.0,1.88352,1.90448]},"KTs":{"weight":1.0,"played":[0.0,0.0298,0.9702],"evs":[0.0,2.15114,2.17336]},"KJs":{"weight":1.0,"played":[0.0,0.5036,0.4964],"evs":[0.0,2.27031,2.26952]},"KQs":{"weight":1.0,"played":[0.0,0.8549,0.1451],"evs":[0.0,2.61724,2.5804]},"KK":{"weight":1.0,"played":[0.0,1.0,0.0],"evs":[0.0,6.29208,5.92809]},"AKo":{"weight":1.0,"played":[0.0,0.0,1.0],"evs":[0.0,3.15751,3.82925]},"A2s":{"weight":1.0,"played":[0.0,0.0,1.0],"evs":[0.0,1.99836,2.29416]},"A3s":{"weight":1.0,"played":[0.0,0.0,1.0],"evs":[0.0,2.05787,2.34696]},"A4s":{"weight":1.0,"played":[0.0,0.0,1.0],"evs":[0.0,2.15018,2.40842]},"A5s":{"weight":1.0,"played":[0.0,0.0,1.0],"evs":[0.0,2.22244,2.47947]},"A6s":{"weight":1.0,"played":[0.0,0.0,1.0],"evs":[0.0,2.14143,2.45705]},"A7s":{"weight":1.0,"played":[0.0,0.0,1.0],"evs":[0.0,2.21709,2.68681]},"A8s":{"weight":1.0,"played":[0.0,0.0,1.0],"evs":[0.0,2.41016,2.6494]},"A9s":{"weight":1.0,"played":[0.0,0.0,1.0],"evs":[0.0,2.47298,2.96887]},"ATs":{"weight":1.0,"played":[0.0,0.0,1.0],"evs":[0.0,2.70232,3.27409]},"AJs":{"weight":1.0,"played":[0.0,0.0,1.0],"evs":[0.0,2.87628,3.45012]},"AQs":{"weight":1.0,"played":[0.0,0.0,1.0],"evs":[0.0,3.1796,3.78421]},"AKs":{"weight":1.0,"played":[0.0,0.0,1.0],"evs":[0.0,3.60622,4.18752]},"AA":{"weight":1.0,"played":[0.0,1.0,0.0],"evs":[0.0,8.30843,8.05062]}}}