{"player":5,"street":0,"children":2,"sequence":[{"player":0,"type":"F","amount":0,"street":0},{"player":1,"type":"C","amount":3750000,"street":0},{"player":2,"type":"R","amount":12250000,"street":0},{"player":3,"type":"R","amount":35250000,"street":0},{"player":4,"type":"F","amount":0,"street":0}],"actions":[{"type":"F","amount":0},{"type":"C","amount":30250000}],"hands":{"22":{"weight":1.0,"played":[0.0,1.0],"evs":[0.0,1.44021]},"32o":{"weight":1.0,"played":[1.0,0.0],"evs":[0.0,-0.83601]},"42o":{"weight":1.0,"played":[1.0,0.0],"evs":[0.0,-0.67929]},"52o":{"weight":1.0,"played":[1.0,0.0],"evs":[0.0,-0.56687]},"62o":{"weight":1.0,"played":[1.0,0.0],"evs":[0.0,-0.77338]},"72o":{"weight":1.0,"played":[1.0,0.0],"evs":[0.0,-1.00006]},"82o":{"weight":1.0,"played":[1.0,0.0],"evs":[0.0,-0.90389]},"92o":{"weight":1.0,"played":[1.0,0.0],"evs":[0.0,-0.90583]},"T2o":{"weight":1.0,"played":[1.0,0.0],"evs":[0.0,-0.83888]},"J2o":{"weight":1.0,"played":[1.0,0.0],"evs":[0.0,-0.72006]},"Q2o":{"weight":1.0,"played":[1.0,0.0],"evs":[0.0,-0.49594]},"K2o":{"weight":1.0,"played":[1.0,0.0],"evs":[0.0,-0.2599]},"A2o":{"weight":1.0,"played":[0.0,1.0],"evs":[0.0,0.83015]},"32s":{"weight":1.0,"played":[1.0,0.0],"evs":[0.0,-0.11941]},"33":{"weight":1.0,"played":[0.0,1.0],"evs":[0.0,1.70242]},"43o":{"weight":1.0,"played":[1.0,0.0],"evs":[0.0,-0.42232]},"53o":{"weight":1.0,"played":[1.0,0.0],"evs":[0.0,-0.30384]},"63o":{"weight":1.0,"played":[1.0,0.0],"evs":[0.0,-0.52125]},"73o":{"weight":1.0,"played":[1.0,0.0],"evs":[0.0,-0.71417]},"83o":{"weight":1.0,"played":[1.0,0.0],"evs":[0.0,-0.92874]},"93o":{"weight":1.0,"played":[1.0,0.0],"evs":[0.0,-0.87093]},"T3o":{"weight":1.0,"played":[1.0,0.0],"evs":[0.0,-0.81264]},"J3o":{"weight":1.0,"played":[1.0,0.0],"evs":[0.0,-0.68096]},"Q3o":{"weight":1.0,"played":[1.0,0.0],"evs":[0.0,-0.45233]},"K3o":{"weight":1.0,"played":[1.0,0.0],"evs":[0.0,-0.20366]},"A3o":{"weight":1.0,"played":[0.0,1.0],"evs":[0.0,0.93706]},"42s":{"weight":1.0,"played":[0.005,0.995],"evs":[0.0,0.04695]},"43s":{"weight":1.0,"played":[0.0,1.0],"evs":[0.0,0.26851]},"44":{"weight":1.0,"played":[0.0,1.0],"evs":[0.0,2.11981]},"54o":{"weight":1.0,"played":[1.0E-4,0.9999],"evs":[0.0,0.02587]},"64o":{"weight":1.0,"played":[1.0,0.0],"evs":[0.0,-0.14863]},"74o":{"weight":1.0,"played":[1.0,0.0],"evs":[0.0,-0.36972]},"84o":{"weight":1.0,"played":[1.0,0.0],"evs":[0.0,-0.57239]},"94o":{"weight":1.0,"played":[1.0,0.0],"evs":[0.0,-0.79481]},"T4o":{"weight":1.0,"played":[1.0,0.0],"evs":[0.0,-0.66774]},"J4o":{"weight":1.0,"played":[1.0,0.0],"evs":[0.0,-0.54564]},"Q4o":{"weight":1.0,"played":[1.0,0.0],"evs":[0.0,-0.3271]},"K4o":{"weight":1.0,"played":[1.0,0.0],"evs":[0.0,-0.07419]},"A4o":{"weight":1.0,"played":[0.0,1.0],"evs":[0.0,1.08846]},"52s":{"weight":1.0,"played":[0.0,1.0],"evs":[0.0,0.15332]},"53s":{"weight":1.0,"played":[0.0,1.0],"evs":[0.0,0.40275]},"54s":{"weight":1.0,"played":[0.0,1.0],"evs":[0.0,0.72375]},"55":{"weight":1.0,"played":[0.0,1.0],"evs":[0.0,2.48957]},"65o":{"weight":1.0,"played":[0.0,1.0],"evs":[0.0,0.12877]},"75o":{"weight":1.0,"played":[0.9999,1.0E-4],"evs":[0.0,-0.05572]},"85o":{"weight":1.0,"played":[1.0,0.0],"evs":[0.0,-0.25581]},"95o":{"weight":1.0,"played":[1.0,0.0],"evs":[0.0,-0.47247]},"T5o":{"weight":1.0,"played":[1.0,0.0],"evs":[0.0,-0.62034]},"J5o":{"weight":1.0,"played":[1.0,0.0],"evs":[0.0,-0.44762]},"Q5o":{"weight":1.0,"played":[1.0,0.0],"evs":[0.0,-0.21136]},"K5o":{"weight":1.0,"played":[3.0E-4,0.9997],"evs":[0.0,0.04726]},"A5o":{"weight":1.0,"played":[0.0,1.0],"evs":[0.0,1.27024]},"62s":{"weight":1.0,"played":[1.0,0.0],"evs":[0.0,-0.04436]},"63s":{"weight":1.0,"played":[0.0,1.0],"evs":[0.0,0.22013]},"64s":{"weight":1.0,"played":[0.0,1.0],"evs":[0.0,0.5529]},"65s":{"weight":1.0,"played":[0.0,1.0],"evs":[0.0,0.79911]},"66":{"weight":1.0,"played":[0.0,1.0],"evs":[0.0,2.84225]},"76o":{"weight":1.0,"played":[0.0,1.0],"evs":[0.0,0.20612]},"86o":{"weight":1.0,"played":[0.0,1.0],"evs":[0.0,0.04141]},"96o":{"weight":1.0,"played":[1.0,0.0],"evs":[0.0,-0.18379]},"T6o":{"weight":1.0,"played":[1.0,0.0],"evs":[0.0,-0.331]},"J6o":{"weight":1.0,"played":[1.0,0.0],"evs":[0.0,-0.40571]},"Q6o":{"weight":1.0,"played":[1.0,0.0],"evs":[0.0,-0.12959]},"K6o":{"weight":1.0,"played":[0.0,1.0],"evs":[0.0,0.1753]},"A6o":{"weight":1.0,"played":[0.0,1.0],"evs":[0.0,1.2375]},"72s":{"weight":1.0,"played":[1.0,0.0],"evs":[0.0,-0.23665]},"73s":{"weight":1.0,"played":[0.2124,0.7876],"evs":[0.0,0.00949]},"74s":{"weight":1.0,"played":[0.0,1.0],"evs":[0.0,0.3314]},"75s":{"weight":1.0,"played":[0.0,1.0],"evs":[0.0,0.63369]},"76s":{"weight":1.0,"played":[0.0,1.0],"evs":[0.0,0.88525]},"77":{"weight":1.0,"played":[0.0,1.0],"evs":[0.0,3.20633]},"87o":{"weight":1.0,"played":[0.0,1.0],"evs":[0.0,0.26341]},"97o":{"weight":1.0,"played":[1.0E-4,0.9999],"evs":[0.0,0.07576]},"T7o":{"weight":1.0,"played":[0.9998,2.0E-4],"evs":[0.0,-0.07685]},"J7o":{"weight":1.0,"played":[1.0,0.0],"evs":[0.0,-0.15199]},"Q7o":{"weight":1.0,"played":[1.0,0.0],"evs":[0.0,-0.10753]},"K7o":{"weight":1.0,"played":[0.0,1.0],"evs":[0.0,0.27291]},"A7o":{"weight":1.0,"played":[0.0,1.0],"evs":[0.0,1.5487]},"82s":{"weight":1.0,"played":[0.9998,2.0E-4],"evs":[0.0,-0.16205]},"83s":{"weight":1.0,"played":[1.0,0.0],"evs":[0.0,-0.17924]},"84s":{"weight":1.0,"played":[0.0,1.0],"evs":[0.0,0.15736]},"85s":{"weight":1.0,"played":[0.0,1.0],"evs":[0.0,0.46395]},"86s":{"weight":1.0,"played":[0.0,1.0],"evs":[0.0,0.71498]},"87s":{"weight":1.0,"played":[0.0,1.0],"evs":[0.0,0.94074]},"88":{"weight":1.0,"played":[0.0,1.0],"evs":[0.0,3.63371]},"98o":{"weight":1.0,"played":[0.0,1.0],"evs":[0.0,0.28802]},"T8o":{"weight":1.0,"played":[0.0,1.0],"evs":[0.0,0.18395]},"J8o":{"weight":1.0,"played":[0.0,1.0],"evs":[0.0,0.10824]},"Q8o":{"weight":1.0,"played":[0.0,1.0],"evs":[0.0,0.15845]},"K8o":{"weight":1.0,"played":[0.0,1.0],"evs":[0.0,0.36019]},"A8o":{"weight":1.0,"played":[0.0,1.0],"evs":[0.0,1.87917]},"92s":{"weight":1.0,"played":[1.0,0.0],"evs":[0.0,-0.15671]},"93s":{"weight":1.0,"played":[1.0,0.0],"evs":[0.0,-0.13303]},"94s":{"weight":1.0,"played":[0.999,0.001],"evs":[0.0,-0.04261]},"95s":{"weight":1.0,"played":[0.0,1.0],"evs":[0.0,0.2569]},"96s":{"weight":1.0,"played":[0.0,1.0],"evs":[0.0,0.53512]},"97s":{"weight":1.0,"played":[0.0,1.0],"evs":[0.0,0.76506]},"98s":{"weight":1.0,"played":[0.0,1.0],"evs":[0.0,0.9758]},"99":{"weight":1.0,"played":[0.0,1.0],"evs":[0.0,4.18246]},"T9o":{"weight":1.0,"played":[0.0,1.0],"evs":[0.0,0.42779]},"J9o":{"weight":1.0,"played":[0.0,1.0],"evs":[0.0,0.37504]},"Q9o":{"weight":1.0,"played":[0.0,1.0],"evs":[0.0,0.44692]},"K9o":{"weight":1.0,"played":[0.0,1.0],"evs":[0.0,0.78284]},"A9o":{"weight":1.0,"played":[0.0,1.0],"evs":[0.0,2.32976]},"T2s":{"weight":1.0,"played":[0.9999,1.0E-4],"evs":[0.0,-0.10891]},"T3s":{"weight":1.0,"played":[1.0,0.0],"evs":[0.0,-0.05694]},"T4s":{"weight":1.0,"played":[0.0,1.0],"evs":[0.0,0.06815]},"T5s":{"weight":1.0,"played":[1.0E-4,0.9999],"evs":[0.0,0.1282]},"T6s":{"weight":1.0,"played":[0.0,1.0],"evs":[0.0,0.38907]},"T7s":{"weight":1.0,"played":[0.0,1.0],"evs":[0.0,0.63429]},"T8s":{"weight":1.0,"played":[0.0,1.0],"evs":[0.0,0.88499]},"T9s":{"weight":1.0,"played":[0.0,1.0],"evs":[0.0,1.09793]},"TT":{"weight":1.0,"played":[0.0,1.0],"evs":[0.0,4.95786]},"JTo":{"weight":1.0,"played":[0.0,1.0],"evs":[0.0,0.80944]},"QTo":{"weight":1.0,"played":[0.0,1.0],"evs":[0.0,0.97058]},"KTo":{"weight":1.0,"played":[0.0,1.0],"evs":[0.0,1.41619]},"ATo":{"weight":1.0,"played":[0.0,1.0],"evs":[0.0,3.06773]},"J2s":{"weight":1.0,"played":[0.0,1.0],"evs":[0.0,0.05553]},"J3s":{"weight":1.0,"played":[1.0E-4,0.9999],"evs":[0.0,0.06062]},"J4s":{"weight":1.0,"played":[0.0,1.0],"evs":[0.0,0.18601]},"J5s":{"weight":1.0,"played":[0.0,1.0],"evs":[0.0,0.31115]},"J6s":{"weight":1.0,"played":[0.0,1.0],"evs":[0.0,0.3504]},"J7s":{"weight":1.0,"played":[0.0,1.0],"evs":[0.0,0.58271]},"J8s":{"weight":1.0,"played":[0.0,1.0],"evs":[0.0,0.81782]},"J9s":{"weight":1.0,"played":[0.0,1.0],"evs":[0.0,1.04963]},"JTs":{"weight":1.0,"played":[0.0,1.0],"evs":[0.0,1.46632]},"JJ":{"weight":1.0,"played":[0.0,1.0],"evs":[0.0,5.74543]},"QJo":{"weight":1.0,"played":[0.0,1.0],"evs":[0.0,1.28815]},"KJo":{"weight":1.0,"played":[0.0,1.0],"evs":[0.0,1.75227]},"AJo":{"weight":1.0,"played":[0.0,1.0],"evs":[0.0,3.54102]},"Q2s":{"weight":1.0,"played":[0.0,1.0],"evs":[0.0,0.26317]},"Q3s":{"weight":1.0,"played":[0.0,1.0],"evs":[0.0,0.27913]},"Q4s":{"weight":1.0,"played":[0.0,1.0],"evs":[0.0,0.4169]},"Q5s":{"weight":1.0,"played":[0.0,1.0],"evs":[0.0,0.52724]},"Q6s":{"weight":1.0,"played":[0.0,1.0],"evs":[0.0,0.61801]},"Q7s":{"weight":1.0,"played":[0.0,1.0],"evs":[0.0,0.62153]},"Q8s":{"weight":1.0,"played":[0.0,1.0],"evs":[0.0,0.87511]},"Q9s":{"weight":1.0,"played":[0.0,1.0],"evs":[0.0,1.14227]},"QTs":{"weight":1.0,"played":[0.0,1.0],"evs":[0.0,1.63244]},"QJs":{"weight":1.0,"played":[0.0,1.0],"evs":[0.0,1.9352]},"QQ":{"weight":1.0,"played":[0.0,1.0],"evs":[0.0,6.58428]},"KQo":{"weight":1.0,"played":[0.0,1.0],"evs":[0.0,2.14026]},"AQo":{"weight":1.0,"played":[0.0,1.0],"evs":[0.0,4.01803]},"K2s":{"weight":1.0,"played":[0.0,1.0],"evs":[0.0,0.49557]},"K3s":{"weight":1.0,"played":[0.0,1.0],"evs":[0.0,0.54894]},"K4s":{"weight":1.0,"played":[0.0,1.0],"evs":[0.0,0.6541]},"K5s":{"weight":1.0,"played":[0.0,1.0],"evs":[0.0,0.79289]},"K6s":{"weight":1.0,"played":[0.0,1.0],"evs":[0.0,0.908]},"K7s":{"weight":1.0,"played":[0.0,1.0],"evs":[0.0,0.99086]},"K8s":{"weight":1.0,"played":[0.0,1.0],"evs":[0.0,1.08023]},"K9s":{"weight":1.0,"played":[0.0,1.0],"evs":[0.0,1.48255]},"KTs":{"weight":1.0,"played":[0.0,1.0],"evs":[0.0,2.08025]},"KJs":{"weight":1.0,"played":[0.0,1.0],"evs":[0.0,2.38116]},"KQs":{"weight":1.0,"played":[0.0,1.0],"evs":[0.0,2.73544]},"KK":{"weight":1.0,"played":[0.0,1.0],"evs":[0.0,7.64482]},"AKo":{"weight":1.0,"played":[0.0,1.0],"evs":[0.0,4.55173]},"A2s":{"weight":1.0,"played":[0.0,1.0],"evs":[0.0,1.53902]},"A3s":{"weight":1.0,"played":[0.0,1.0],"evs":[0.0,1.64565]},"A4s":{"weight":1.0,"played":[0.0,1.0],"evs":[0.0,1.78961]},"A5s":{"weight":1.0,"played":[0.0,1.0],"evs":[0.0,1.96118]},"A6s":{"weight":1.0,"played":[0.0,1.0],"evs":[0.0,1.93371]},"A7s":{"weight":1.0,"played":[0.0,1.0],"evs":[0.0,2.20546]},"A8s":{"weight":1.0,"played":[0.0,1.0],"evs":[0.0,2.53996]},"A9s":{"weight":1.0,"played":[0.0,1.0],"evs":[0.0,2.93823]},"ATs":{"weight":1.0,"played":[0.0,1.0],"evs":[0.0,3.63812]},"AJs":{"weight":1.0,"played":[0.0,1.0],"evs":[0.0,4.0831]},"AQs":{"weight":1.0,"played":[0.0,1.0],"evs":[0.0,4.54162]},"AKs":{"weight":1.0,"played":[0.0,1.0],"evs":[0.0,5.01347]},"AA":{"weight":1.0,"played":[0.0,1.0],"evs":[0.0,9.66417]}}}