{"player":3,"street":0,"children":3,"sequence":[{"player":0,"type":"R","amount":29750000,"street":0},{"player":1,"type":"F","amount":0,"street":0},{"player":2,"type":"F","amount":0,"street":0}],"actions":[{"type":"F","amount":0,"node":61},{"type":"C","amount":29750000,"node":66},{"type":"R","amount":35250000,"node":76}],"hands":{"22":{"weight":1.0,"played":[1.0,0.0,0.0],"evs":[0.0,-1.51173,-1.50989]},"32o":{"weight":1.0,"played":[1.0,0.0,0.0],"evs":[0.0,-4.0421,-4.07799]},"42o":{"weight":1.0,"played":[1.0,0.0,0.0],"evs":[0.0,-3.93414,-3.96697]},"52o":{"weight":1.0,"played":[1.0,0.0,0.0],"evs":[0.0,-3.79776,-3.82845]},"62o":{"weight":1.0,"played":[1.0,0.0,0.0],"evs":[0.0,-3.98435,-4.01899]},"72o":{"weight":1.0,"played":[1.0,0.0,0.0],"evs":[0.0,-4.20324,-4.23999]},"82o":{"weight":1.0,"played":[1.0,0.0,0.0],"evs":[0.0,-4.02533,-4.05979]},"92o":{"weight":1.0,"played":[1.0,0.0,0.0],"evs":[0.0,-3.93946,-3.9725]},"T2o":{"weight":1.0,"played":[1.0,0.0,0.0],"evs":[0.0,-3.81507,-3.84427]},"J2o":{"weight":1.0,"played":[1.0,0.0,0.0],"evs":[0.0,-3.74109,-3.76865]},"Q2o":{"weight":1.0,"played":[1.0,0.0,0.0],"evs":[0.0,-3.55143,-3.57687]},"K2o":{"weight":1.0,"played":[1.0,0.0,0.0],"evs":[0.0,-3.36334,-3.38274]},"A2o":{"weight":1.0,"played":[1.0,0.0,0.0],"evs":[0.0,-2.3564,-2.36252]},"32s":{"weight":1.0,"played":[1.0,0.0,0.0],"evs":[0.0,-3.32726,-3.35423]},"33":{"weight":1.0,"played":[1.0,0.0,0.0],"evs":[0.0,-1.36712,-1.36991]},"43o":{"weight":1.0,"played":[1.0,0.0,0.0],"evs":[0.0,-3.66209,-3.69174]},"53o":{"weight":1.0,"played":[1.0,0.0,0.0],"evs":[0.0,-3.52064,-3.54908]},"63o":{"weight":1.0,"played":[1.0,0.0,0.0],"evs":[0.0,-3.70183,-3.73331]},"73o":{"weight":1.0,"played":[1.0,0.0,0.0],"evs":[0.0,-3.92309,-3.9562]},"83o":{"weight":1.0,"played":[1.0,0.0,0.0],"evs":[0.0,-4.00382,-4.03783]},"93o":{"weight":1.0,"played":[1.0,0.0,0.0],"evs":[0.0,-3.86234,-3.89293]},"T3o":{"weight":1.0,"played":[1.0,0.0,0.0],"evs":[0.0,-3.73902,-3.76658]},"J3o":{"weight":1.0,"played":[1.0,0.0,0.0],"evs":[0.0,-3.66629,-3.69248]},"Q3o":{"weight":1.0,"played":[1.0,0.0,0.0],"evs":[0.0,-3.47115,-3.49452]},"K3o":{"weight":1.0,"played":[1.0,0.0,0.0],"evs":[0.0,-3.28783,-3.30643]},"A3o":{"weight":1.0,"played":[1.0,0.0,0.0],"evs":[0.0,-2.27584,-2.28288]},"42s":{"weight":1.0,"played":[1.0,0.0,0.0],"evs":[0.0,-3.22263,-3.24644]},"43s":{"weight":1.0,"played":[1.0,0.0,0.0],"evs":[0.0,-2.96371,-2.98612]},"44":{"weight":1.0,"played":[1.0,0.0,0.0],"evs":[0.0,-1.09801,-1.09765]},"54o":{"weight":1.0,"played":[1.0,0.0,0.0],"evs":[0.0,-3.2407,-3.26419]},"64o":{"weight":1.0,"played":[1.0,0.0,0.0],"evs":[0.0,-3.41008,-3.43653]},"74o":{"weight":1.0,"played":[1.0,0.0,0.0],"evs":[0.0,-3.63817,-3.66594]},"84o":{"weight":1.0,"played":[1.0,0.0,0.0],"evs":[0.0,-3.72552,-3.75471]},"94o":{"weight":1.0,"played":[1.0,0.0,0.0],"evs":[0.0,-3.8398,-3.86987]},"T4o":{"weight":1.0,"played":[1.0,0.0,0.0],"evs":[0.0,-3.65491,-3.68054]},"J4o":{"weight":1.0,"played":[1.0,0.0,0.0],"evs":[0.0,-3.58979,-3.61362]},"Q4o":{"weight":1.0,"played":[1.0,0.0,0.0],"evs":[0.0,-3.39675,-3.41786]},"K4o":{"weight":1.0,"played":[1.0,0.0,0.0],"evs":[0.0,-3.20177,-3.21818]},"A4o":{"weight":1.0,"played":[1.0,0.0,0.0],"evs":[0.0,-2.18543,-2.18976]},"52s":{"weight":1.0,"played":[1.0,0.0,0.0],"evs":[0.0,-3.09532,-3.11813]},"53s":{"weight":1.0,"played":[1.0,0.0,0.0],"evs":[0.0,-2.82173,-2.84353]},"54s":{"weight":1.0,"played":[1.0,0.0,0.0],"evs":[0.0,-2.5606,-2.57875]},"55":{"weight":1.0,"played":[1.0,0.0,0.0],"evs":[0.0,-0.69434,-0.69346]},"65o":{"weight":1.0,"played":[1.0,0.0,0.0],"evs":[0.0,-3.08811,-3.11149]},"75o":{"weight":1.0,"played":[1.0,0.0,0.0],"evs":[0.0,-3.29484,-3.31906]},"85o":{"weight":1.0,"played":[1.0,0.0,0.0],"evs":[0.0,-3.38671,-3.41144]},"95o":{"weight":1.0,"played":[1.0,0.0,0.0],"evs":[0.0,-3.50787,-3.53438]},"T5o":{"weight":1.0,"played":[1.0,0.0,0.0],"evs":[0.0,-3.58152,-3.606]},"J5o":{"weight":1.0,"played":[1.0,0.0,0.0],"evs":[0.0,-3.4591,-3.48146]},"Q5o":{"weight":1.0,"played":[1.0,0.0,0.0],"evs":[0.0,-3.26012,-3.27995]},"K5o":{"weight":1.0,"played":[1.0,0.0,0.0],"evs":[0.0,-3.06981,-3.08416]},"A5o":{"weight":1.0,"played":[1.0,0.0,0.0],"evs":[0.0,-2.02629,-2.03091]},"62s":{"weight":1.0,"played":[1.0,0.0,0.0],"evs":[0.0,-3.26823,-3.29344]},"63s":{"weight":1.0,"played":[1.0,0.0,0.0],"evs":[0.0,-2.99723,-3.0207]},"64s":{"weight":1.0,"played":[1.0,0.0,0.0],"evs":[0.0,-2.71789,-2.73688]},"65s":{"weight":1.0,"played":[1.0,0.0,0.0],"evs":[0.0,-2.41681,-2.43315]},"66":{"weight":1.0,"played":[1.0,0.0,0.0],"evs":[0.0,-0.33891,-0.33702]},"76o":{"weight":1.0,"played":[1.0,0.0,0.0],"evs":[0.0,-3.0076,-3.02951]},"86o":{"weight":1.0,"played":[1.0,0.0,0.0],"evs":[0.0,-3.09098,-3.11316]},"96o":{"weight":1.0,"played":[1.0,0.0,0.0],"evs":[0.0,-3.20465,-3.22831]},"T6o":{"weight":1.0,"played":[1.0,0.0,0.0],"evs":[0.0,-3.28531,-3.30807]},"J6o":{"weight":1.0,"played":[1.0,0.0,0.0],"evs":[0.0,-3.41805,-3.44093]},"Q6o":{"weight":1.0,"played":[1.0,0.0,0.0],"evs":[0.0,-3.17227,-3.19118]},"K6o":{"weight":1.0,"played":[1.0,0.0,0.0],"evs":[0.0,-2.97345,-2.98857]},"A6o":{"weight":1.0,"played":[1.0,0.0,0.0],"evs":[0.0,-2.12111,-2.12732]},"72s":{"weight":1.0,"played":[1.0,0.0,0.0],"evs":[0.0,-3.46585,-3.49302]},"73s":{"weight":1.0,"played":[1.0,0.0,0.0],"evs":[0.0,-3.20196,-3.22533]},"74s":{"weight":1.0,"played":[1.0,0.0,0.0],"evs":[0.0,-2.93255,-2.95277]},"75s":{"weight":1.0,"played":[1.0,0.0,0.0],"evs":[0.0,-2.61757,-2.63395]},"76s":{"weight":1.0,"played":[1.0,0.0,0.0],"evs":[0.0,-2.35157,-2.36749]},"77":{"weight":1.0,"played":[4.0E-4,0.2123,0.7873],"evs":[0.0,0.03415,0.03626]},"87o":{"weight":1.0,"played":[1.0,0.0,0.0],"evs":[0.0,-2.92648,-2.94614]},"97o":{"weight":1.0,"played":[1.0,0.0,0.0],"evs":[0.0,-3.02296,-3.04401]},"T7o":{"weight":1.0,"played":[1.0,0.0,0.0],"evs":[0.0,-3.10234,-3.12271]},"J7o":{"weight":1.0,"played":[1.0,0.0,0.0],"evs":[0.0,-3.23547,-3.25499]},"Q7o":{"weight":1.0,"played":[1.0,0.0,0.0],"evs":[0.0,-3.24794,-3.26687]},"K7o":{"weight":1.0,"played":[1.0,0.0,0.0],"evs":[0.0,-2.99892,-3.01364]},"A7o":{"weight":1.0,"played":[1.0,0.0,0.0],"evs":[0.0,-1.85009,-1.85516]},"82s":{"weight":1.0,"played":[1.0,0.0,0.0],"evs":[0.0,-3.293,-3.31782]},"83s":{"weight":1.0,"played":[1.0,0.0,0.0],"evs":[0.0,-3.272,-3.29677]},"84s":{"weight":1.0,"played":[1.0,0.0,0.0],"evs":[0.0,-3.01833,-3.0394]},"85s":{"weight":1.0,"played":[1.0,0.0,0.0],"evs":[0.0,-2.6953,-2.71387]},"86s":{"weight":1.0,"played":[1.0,0.0,0.0],"evs":[0.0,-2.41564,-2.43322]},"87s":{"weight":1.0,"played":[1.0,0.0,0.0],"evs":[0.0,-2.25495,-2.27033]},"88":{"weight":1.0,"played":[0.0,0.4393,0.5607],"evs":[0.0,0.57069,0.57159]},"98o":{"weight":1.0,"played":[1.0,0.0,0.0],"evs":[0.0,-2.73883,-2.75698]},"T8o":{"weight":1.0,"played":[1.0,0.0,0.0],"evs":[0.0,-2.77625,-2.79293]},"J8o":{"weight":1.0,"played":[1.0,0.0,0.0],"evs":[0.0,-2.92052,-2.93607]},"Q8o":{"weight":1.0,"played":[1.0,0.0,0.0],"evs":[0.0,-2.92908,-2.94442]},"K8o":{"weight":1.0,"played":[1.0,0.0,0.0],"evs":[0.0,-2.9179,-2.93158]},"A8o":{"weight":1.0,"played":[1.0,0.0,0.0],"evs":[0.0,-1.41082,-1.41436]},"92s":{"weight":1.0,"played":[1.0,0.0,0.0],"evs":[0.0,-3.21687,-3.24051]},"93s":{"weight":1.0,"played":[1.0,0.0,0.0],"evs":[0.0,-3.15774,-3.18134]},"94s":{"weight":1.0,"played":[1.0,0.0,0.0],"evs":[0.0,-3.12316,-3.14456]},"95s":{"weight":1.0,"played":[1.0,0.0,0.0],"evs":[0.0,-2.81149,-2.82985]},"96s":{"weight":1.0,"played":[1.0,0.0,0.0],"evs":[0.0,-2.52936,-2.54566]},"97s":{"weight":1.0,"played":[1.0,0.0,0.0],"evs":[0.0,-2.36136,-2.37672]},"98s":{"weight":1.0,"played":[1.0,0.0,0.0],"evs":[0.0,-2.09068,-2.10257]},"99":{"weight":1.0,"played":[0.0,0.4776,0.5224],"evs":[0.0,1.16771,1.16693]},"T9o":{"weight":1.0,"played":[1.0,0.0,0.0],"evs":[0.0,-2.48429,-2.495]},"J9o":{"weight":1.0,"played":[1.0,0.0,0.0],"evs":[0.0,-2.62019,-2.63233]},"Q9o":{"weight":1.0,"played":[1.0,0.0,0.0],"evs":[0.0,-2.62035,-2.63302]},"K9o":{"weight":1.0,"played":[1.0,0.0,0.0],"evs":[0.0,-2.57688,-2.5873]},"A9o":{"weight":1.0,"played":[1.0,0.0,0.0],"evs":[0.0,-0.8739,-0.87813]},"T2s":{"weight":1.0,"played":[1.0,0.0,0.0],"evs":[0.0,-3.07658,-3.09651]},"T3s":{"weight":1.0,"played":[1.0,0.0,0.0],"evs":[0.0,-3.01849,-3.03902]},"T4s":{"weight":1.0,"played":[1.0,0.0,0.0],"evs":[0.0,-2.93235,-2.94973]},"T5s":{"weight":1.0,"played":[1.0,0.0,0.0],"evs":[0.0,-2.8722,-2.89044]},"T6s":{"weight":1.0,"played":[1.0,0.0,0.0],"evs":[0.0,-2.59978,-2.61565]},"T7s":{"weight":1.0,"played":[1.0,0.0,0.0],"evs":[0.0,-2.41675,-2.43113]},"T8s":{"weight":1.0,"played":[1.0,0.0,0.0],"evs":[0.0,-2.11727,-2.12884]},"T9s":{"weight":1.0,"played":[1.0,0.0,0.0],"evs":[0.0,-1.84118,-1.84899]},"TT":{"weight":1.0,"played":[0.0,0.1979,0.8021],"evs":[0.0,1.97706,1.97729]},"JTo":{"weight":1.0,"played":[1.0,0.0,0.0],"evs":[0.0,-2.16637,-2.17326]},"QTo":{"weight":1.0,"played":[1.0,0.0,0.0],"evs":[0.0,-2.11967,-2.12806]},"KTo":{"weight":1.0,"played":[1.0,0.0,0.0],"evs":[0.0,-2.01097,-2.01612]},"ATo":{"weight":1.0,"played":[0.7709,0.0889,0.1402],"evs":[0.0,-0.00213,-0.00206]},"J2s":{"weight":1.0,"played":[1.0,0.0,0.0],"evs":[0.0,-3.0129,-3.03221]},"J3s":{"weight":1.0,"played":[1.0,0.0,0.0],"evs":[0.0,-2.94397,-2.96353]},"J4s":{"weight":1.0,"played":[1.0,0.0,0.0],"evs":[0.0,-2.86961,-2.88608]},"J5s":{"weight":1.0,"played":[1.0,0.0,0.0],"evs":[0.0,-2.74784,-2.76173]},"J6s":{"weight":1.0,"played":[1.0,0.0,0.0],"evs":[0.0,-2.71655,-2.73213]},"J7s":{"weight":1.0,"played":[1.0,0.0,0.0],"evs":[0.0,-2.54507,-2.55825]},"J8s":{"weight":1.0,"played":[1.0,0.0,0.0],"evs":[0.0,-2.2448,-2.25501]},"J9s":{"weight":1.0,"played":[1.0,0.0,0.0],"evs":[0.0,-1.96917,-1.97673]},"JTs":{"weight":1.0,"played":[1.0,0.0,0.0],"evs":[0.0,-1.52869,-1.53255]},"JJ":{"weight":1.0,"played":[0.0,0.2288,0.7712],"evs":[0.0,2.74163,2.74188]},"QJo":{"weight":1.0,"played":[1.0,0.0,0.0],"evs":[0.0,-1.98629,-1.99372]},"KJo":{"weight":1.0,"played":[1.0,0.0,0.0],"evs":[0.0,-1.65716,-1.66108]},"AJo":{"weight":1.0,"played":[0.0,0.5198,0.4802],"evs":[0.0,0.68601,0.68564]},"Q2s":{"weight":1.0,"played":[1.0,0.0,0.0],"evs":[0.0,-2.83672,-2.85228]},"Q3s":{"weight":1.0,"played":[1.0,0.0,0.0],"evs":[0.0,-2.76629,-2.78223]},"Q4s":{"weight":1.0,"played":[1.0,0.0,0.0],"evs":[0.0,-2.68262,-2.69537]},"Q5s":{"weight":1.0,"played":[1.0,0.0,0.0],"evs":[0.0,-2.54865,-2.56165]},"Q6s":{"weight":1.0,"played":[1.0,0.0,0.0],"evs":[0.0,-2.47426,-2.4866]},"Q7s":{"weight":1.0,"played":[1.0,0.0,0.0],"evs":[0.0,-2.54237,-2.5559]},"Q8s":{"weight":1.0,"played":[1.0,0.0,0.0],"evs":[0.0,-2.23626,-2.24629]},"Q9s":{"weight":1.0,"played":[1.0,0.0,0.0],"evs":[0.0,-1.95991,-1.96834]},"QTs":{"weight":1.0,"played":[1.0,0.0,0.0],"evs":[0.0,-1.47733,-1.48257]},"QJs":{"weight":1.0,"played":[1.0,0.0,0.0],"evs":[0.0,-1.3441,-1.35021]},"QQ":{"weight":1.0,"played":[0.0,0.1731,0.8269],"evs":[0.0,3.67632,3.67601]},"KQo":{"weight":1.0,"played":[1.0,0.0,0.0],"evs":[0.0,-1.0894,-1.09126]},"AQo":{"weight":1.0,"played":[0.0,0.1453,0.8547],"evs":[0.0,1.45024,1.45058]},"K2s":{"weight":1.0,"played":[1.0,0.0,0.0],"evs":[0.0,-2.64854,-2.66185]},"K3s":{"weight":1.0,"played":[1.0,0.0,0.0],"evs":[0.0,-2.56684,-2.58042]},"K4s":{"weight":1.0,"played":[1.0,0.0,0.0],"evs":[0.0,-2.48384,-2.4954]},"K5s":{"weight":1.0,"played":[1.0,0.0,0.0],"evs":[0.0,-2.36198,-2.37289]},"K6s":{"weight":1.0,"played":[1.0,0.0,0.0],"evs":[0.0,-2.26644,-2.27648]},"K7s":{"weight":1.0,"played":[1.0,0.0,0.0],"evs":[0.0,-2.28654,-2.29605]},"K8s":{"weight":1.0,"played":[1.0,0.0,0.0],"evs":[0.0,-2.21879,-2.22677]},"K9s":{"weight":1.0,"played":[1.0,0.0,0.0],"evs":[0.0,-1.88769,-1.89438]},"KTs":{"weight":1.0,"played":[1.0,0.0,0.0],"evs":[0.0,-1.38479,-1.38892]},"KJs":{"weight":1.0,"played":[1.0,0.0,0.0],"evs":[0.0,-1.04676,-1.05029]},"KQs":{"weight":1.0,"played":[1.0,0.0,0.0],"evs":[0.0,-0.51003,-0.51136]},"KK":{"weight":1.0,"played":[0.0,0.6844,0.3156],"evs":[0.0,4.73653,4.73613]},"AKo":{"weight":1.0,"played":[0.0,0.3495,0.6505],"evs":[0.0,2.32403,2.32505]},"A2s":{"weight":1.0,"played":[1.0,0.0,0.0],"evs":[0.0,-1.65582,-1.65934]},"A3s":{"weight":1.0,"played":[1.0,0.0,0.0],"evs":[0.0,-1.59387,-1.59916]},"A4s":{"weight":1.0,"played":[1.0,0.0,0.0],"evs":[0.0,-1.51371,-1.51613]},"A5s":{"weight":1.0,"played":[1.0,0.0,0.0],"evs":[0.0,-1.35547,-1.35792]},"A6s":{"weight":1.0,"played":[1.0,0.0,0.0],"evs":[0.0,-1.44298,-1.4464]},"A7s":{"weight":1.0,"played":[1.0,0.0,0.0],"evs":[0.0,-1.20852,-1.21079]},"A8s":{"weight":1.0,"played":[1.0,0.0,0.0],"evs":[0.0,-0.79125,-0.79285]},"A9s":{"weight":1.0,"played":[1.0,0.0,0.0],"evs":[0.0,-0.29459,-0.29761]},"ATs":{"weight":1.0,"played":[0.0,0.087,0.913],"evs":[0.0,0.51365,0.51438]},"AJs":{"weight":1.0,"played":[0.0,0.4399,0.5601],"evs":[0.0,1.16314,1.16322]},"AQs":{"weight":1.0,"played":[0.0,0.2527,0.7473],"evs":[0.0,1.87735,1.87733]},"AKs":{"weight":1.0,"played":[0.0,0.7073,0.2927],"evs":[0.0,2.68887,2.689]},"AA":{"weight":1.0,"played":[0.0,0.3023,0.6977],"evs":[0.0,7.15874,7.15925]}}}