{"player":5,"street":0,"children":2,"sequence":[{"player":0,"type":"R","amount":29750000,"street":0},{"player":1,"type":"F","amount":0,"street":0},{"player":2,"type":"F","amount":0,"street":0},{"player":3,"type":"F","amount":0,"street":0},{"player":4,"type":"F","amount":0,"street":0}],"actions":[{"type":"F","amount":0},{"type":"C","amount":24750000}],"hands":{"22":{"weight":1.0,"played":[0.0,1.0],"evs":[0.0,0.65616]},"32o":{"weight":1.0,"played":[1.0,0.0],"evs":[0.0,-1.29141]},"42o":{"weight":1.0,"played":[1.0,0.0],"evs":[0.0,-1.21994]},"52o":{"weight":1.0,"played":[1.0,0.0],"evs":[0.0,-1.11698]},"62o":{"weight":1.0,"played":[1.0,0.0],"evs":[0.0,-1.25232]},"72o":{"weight":1.0,"played":[1.0,0.0],"evs":[0.0,-1.39818]},"82o":{"weight":1.0,"played":[1.0,0.0],"evs":[0.0,-1.27789]},"92o":{"weight":1.0,"played":[1.0,0.0],"evs":[0.0,-1.21807]},"T2o":{"weight":1.0,"played":[1.0,0.0],"evs":[0.0,-1.12931]},"J2o":{"weight":1.0,"played":[1.0,0.0],"evs":[0.0,-1.08142]},"Q2o":{"weight":1.0,"played":[1.0,0.0],"evs":[0.0,-0.9421]},"K2o":{"weight":1.0,"played":[1.0,0.0],"evs":[0.0,-0.81569]},"A2o":{"weight":1.0,"played":[1.0,0.0],"evs":[0.0,-0.05365]},"32s":{"weight":1.0,"played":[1.0,0.0],"evs":[0.0,-0.78358]},"33":{"weight":1.0,"played":[0.0,1.0],"evs":[0.0,0.7592]},"43o":{"weight":1.0,"played":[1.0,0.0],"evs":[0.0,-1.03526]},"53o":{"weight":1.0,"played":[1.0,0.0],"evs":[0.0,-0.93214]},"63o":{"weight":1.0,"played":[1.0,0.0],"evs":[0.0,-1.06061]},"73o":{"weight":1.0,"played":[1.0,0.0],"evs":[0.0,-1.20659]},"83o":{"weight":1.0,"played":[1.0,0.0],"evs":[0.0,-1.25843]},"93o":{"weight":1.0,"played":[1.0,0.0],"evs":[0.0,-1.16178]},"T3o":{"weight":1.0,"played":[1.0,0.0],"evs":[0.0,-1.07523]},"J3o":{"weight":1.0,"played":[1.0,0.0],"evs":[0.0,-1.03469]},"Q3o":{"weight":1.0,"played":[1.0,0.0],"evs":[0.0,-0.88122]},"K3o":{"weight":1.0,"played":[1.0,0.0],"evs":[0.0,-0.7638]},"A3o":{"weight":1.0,"played":[0.2749,0.7251],"evs":[0.0,0.0037]},"42s":{"weight":1.0,"played":[1.0,0.0],"evs":[0.0,-0.72426]},"43s":{"weight":1.0,"played":[1.0,0.0],"evs":[0.0,-0.5492]},"44":{"weight":1.0,"played":[0.0,1.0],"evs":[0.0,0.94201]},"54o":{"weight":1.0,"played":[1.0,0.0],"evs":[0.0,-0.74104]},"64o":{"weight":1.0,"played":[1.0,0.0],"evs":[0.0,-0.86959]},"74o":{"weight":1.0,"played":[1.0,0.0],"evs":[0.0,-1.01147]},"84o":{"weight":1.0,"played":[1.0,0.0],"evs":[0.0,-1.07276]},"94o":{"weight":1.0,"played":[1.0,0.0],"evs":[0.0,-1.14731]},"T4o":{"weight":1.0,"played":[1.0,0.0],"evs":[0.0,-1.02765]},"J4o":{"weight":1.0,"played":[1.0,0.0],"evs":[0.0,-0.98376]},"Q4o":{"weight":1.0,"played":[1.0,0.0],"evs":[0.0,-0.83388]},"K4o":{"weight":1.0,"played":[1.0,0.0],"evs":[0.0,-0.7103]},"A4o":{"weight":1.0,"played":[0.0,1.0],"evs":[0.0,0.05831]},"52s":{"weight":1.0,"played":[1.0,0.0],"evs":[0.0,-0.62312]},"53s":{"weight":1.0,"played":[1.0,0.0],"evs":[0.0,-0.45148]},"54s":{"weight":1.0,"played":[1.0,0.0],"evs":[0.0,-0.27151]},"55":{"weight":1.0,"played":[0.0,1.0],"evs":[0.0,1.23558]},"65o":{"weight":1.0,"played":[1.0,0.0],"evs":[0.0,-0.64074]},"75o":{"weight":1.0,"played":[1.0,0.0],"evs":[0.0,-0.77937]},"85o":{"weight":1.0,"played":[1.0,0.0],"evs":[0.0,-0.84305]},"95o":{"weight":1.0,"played":[1.0,0.0],"evs":[0.0,-0.91782]},"T5o":{"weight":1.0,"played":[1.0,0.0],"evs":[0.0,-0.97366]},"J5o":{"weight":1.0,"played":[1.0,0.0],"evs":[0.0,-0.8864]},"Q5o":{"weight":1.0,"played":[1.0,0.0],"evs":[0.0,-0.7419]},"K5o":{"weight":1.0,"played":[1.0,0.0],"evs":[0.0,-0.6182]},"A5o":{"weight":1.0,"played":[0.0,1.0],"evs":[0.0,0.17759]},"62s":{"weight":1.0,"played":[1.0,0.0],"evs":[0.0,-0.7517]},"63s":{"weight":1.0,"played":[1.0,0.0],"evs":[0.0,-0.56538]},"64s":{"weight":1.0,"played":[1.0,0.0],"evs":[0.0,-0.39796]},"65s":{"weight":1.0,"played":[1.0,0.0],"evs":[0.0,-0.17591]},"66":{"weight":1.0,"played":[0.0,1.0],"evs":[0.0,1.50051]},"76o":{"weight":1.0,"played":[1.0,0.0],"evs":[0.0,-0.57561]},"86o":{"weight":1.0,"played":[1.0,0.0],"evs":[0.0,-0.63211]},"96o":{"weight":1.0,"played":[1.0,0.0],"evs":[0.0,-0.70531]},"T6o":{"weight":1.0,"played":[1.0,0.0],"evs":[0.0,-0.76414]},"J6o":{"weight":1.0,"played":[1.0,0.0],"evs":[0.0,-0.85954]},"Q6o":{"weight":1.0,"played":[1.0,0.0],"evs":[0.0,-0.6777]},"K6o":{"weight":1.0,"played":[1.0,0.0],"evs":[0.0,-0.55469]},"A6o":{"weight":1.0,"played":[0.0,1.0],"evs":[0.0,0.12565]},"72s":{"weight":1.0,"played":[1.0,0.0],"evs":[0.0,-0.88741]},"73s":{"weight":1.0,"played":[1.0,0.0],"evs":[0.0,-0.70993]},"74s":{"weight":1.0,"played":[1.0,0.0],"evs":[0.0,-0.53452]},"75s":{"weight":1.0,"played":[1.0,0.0],"evs":[0.0,-0.30734]},"76s":{"weight":1.0,"played":[1.0,0.0],"evs":[0.0,-0.12364]},"77":{"weight":1.0,"played":[0.0,1.0],"evs":[0.0,1.77832]},"87o":{"weight":1.0,"played":[1.0,0.0],"evs":[0.0,-0.51489]},"97o":{"weight":1.0,"played":[1.0,0.0],"evs":[0.0,-0.58179]},"T7o":{"weight":1.0,"played":[1.0,0.0],"evs":[0.0,-0.63467]},"J7o":{"weight":1.0,"played":[1.0,0.0],"evs":[0.0,-0.73192]},"Q7o":{"weight":1.0,"played":[1.0,0.0],"evs":[0.0,-0.72927]},"K7o":{"weight":1.0,"played":[1.0,0.0],"evs":[0.0,-0.56623]},"A7o":{"weight":1.0,"played":[0.0,1.0],"evs":[0.0,0.33034]},"82s":{"weight":1.0,"played":[1.0,0.0],"evs":[0.0,-0.77111]},"83s":{"weight":1.0,"played":[1.0,0.0],"evs":[0.0,-0.75589]},"84s":{"weight":1.0,"played":[1.0,0.0],"evs":[0.0,-0.57585]},"85s":{"weight":1.0,"played":[1.0,0.0],"evs":[0.0,-0.36689]},"86s":{"weight":1.0,"played":[1.0,0.0],"evs":[0.0,-0.17386]},"87s":{"weight":1.0,"played":[0.9999,1.0E-4],"evs":[0.0,-0.05197]},"88":{"weight":1.0,"played":[0.0,1.0],"evs":[0.0,2.15072]},"98o":{"weight":1.0,"played":[1.0,0.0],"evs":[0.0,-0.37503]},"T8o":{"weight":1.0,"played":[1.0,0.0],"evs":[0.0,-0.41278]},"J8o":{"weight":1.0,"played":[1.0,0.0],"evs":[0.0,-0.51765]},"Q8o":{"weight":1.0,"played":[1.0,0.0],"evs":[0.0,-0.49828]},"K8o":{"weight":1.0,"played":[1.0,0.0],"evs":[0.0,-0.51701]},"A8o":{"weight":1.0,"played":[0.0,1.0],"evs":[0.0,0.66395]},"92s":{"weight":1.0,"played":[1.0,0.0],"evs":[0.0,-0.71231]},"93s":{"weight":1.0,"played":[1.0,0.0],"evs":[0.0,-0.66424]},"94s":{"weight":1.0,"played":[1.0,0.0],"evs":[0.0,-0.65248]},"95s":{"weight":1.0,"played":[1.0,0.0],"evs":[0.0,-0.43293]},"96s":{"weight":1.0,"played":[1.0,0.0],"evs":[0.0,-0.23684]},"97s":{"weight":1.0,"played":[1.0,0.0],"evs":[0.0,-0.12126]},"98s":{"weight":1.0,"played":[0.0,1.0],"evs":[0.0,0.07276]},"99":{"weight":1.0,"played":[0.0,1.0],"evs":[0.0,2.53138]},"T9o":{"weight":1.0,"played":[1.0,0.0],"evs":[0.0,-0.20736]},"J9o":{"weight":1.0,"played":[1.0,0.0],"evs":[0.0,-0.30487]},"Q9o":{"weight":1.0,"played":[1.0,0.0],"evs":[0.0,-0.30532]},"K9o":{"weight":1.0,"played":[1.0,0.0],"evs":[0.0,-0.2751]},"A9o":{"weight":1.0,"played":[0.0,1.0],"evs":[0.0,1.08731]},"T2s":{"weight":1.0,"played":[1.0,0.0],"evs":[0.0,-0.63261]},"T3s":{"weight":1.0,"played":[1.0,0.0],"evs":[0.0,-0.57386]},"T4s":{"weight":1.0,"played":[1.0,0.0],"evs":[0.0,-0.52898]},"T5s":{"weight":1.0,"played":[1.0,0.0],"evs":[0.0,-0.48366]},"T6s":{"weight":1.0,"played":[1.0,0.0],"evs":[0.0,-0.28482]},"T7s":{"weight":1.0,"played":[1.0,0.0],"evs":[0.0,-0.16311]},"T8s":{"weight":1.0,"played":[0.0,1.0],"evs":[0.0,0.03964]},"T9s":{"weight":1.0,"played":[0.0,1.0],"evs":[0.0,0.22306]},"TT":{"weight":1.0,"played":[0.0,1.0],"evs":[0.0,3.07267]},"JTo":{"weight":1.0,"played":[0.0578,0.9422],"evs":[0.0,0.00394]},"QTo":{"weight":1.0,"played":[0.0,1.0],"evs":[0.0,0.04739]},"KTo":{"weight":1.0,"played":[0.0,1.0],"evs":[0.0,0.10638]},"ATo":{"weight":1.0,"played":[0.0,1.0],"evs":[0.0,1.73012]},"J2s":{"weight":1.0,"played":[1.0,0.0],"evs":[0.0,-0.58394]},"J3s":{"weight":1.0,"played":[1.0,0.0],"evs":[0.0,-0.53104]},"J4s":{"weight":1.0,"played":[1.0,0.0],"evs":[0.0,-0.48655]},"J5s":{"weight":1.0,"played":[1.0,0.0],"evs":[0.0,-0.41041]},"J6s":{"weight":1.0,"played":[1.0,0.0],"evs":[0.0,-0.36672]},"J7s":{"weight":1.0,"played":[1.0,0.0],"evs":[0.0,-0.26302]},"J8s":{"weight":1.0,"played":[0.9993,7.0E-4],"evs":[0.0,-0.04334]},"J9s":{"weight":1.0,"played":[0.0,1.0],"evs":[0.0,0.14679]},"JTs":{"weight":1.0,"played":[0.0,1.0],"evs":[0.0,0.4336]},"JJ":{"weight":1.0,"played":[0.0,1.0],"evs":[0.0,3.57177]},"QJo":{"weight":1.0,"played":[0.0,1.0],"evs":[0.0,0.13051]},"KJo":{"weight":1.0,"played":[0.0,1.0],"evs":[0.0,0.36788]},"AJo":{"weight":1.0,"played":[0.0,1.0],"evs":[0.0,2.26915]},"Q2s":{"weight":1.0,"played":[1.0,0.0],"evs":[0.0,-0.44579]},"Q3s":{"weight":1.0,"played":[1.0,0.0],"evs":[0.0,-0.39356]},"Q4s":{"weight":1.0,"played":[1.0,0.0],"evs":[0.0,-0.33378]},"Q5s":{"weight":1.0,"played":[1.0,0.0],"evs":[0.0,-0.25944]},"Q6s":{"weight":1.0,"played":[1.0,0.0],"evs":[0.0,-0.20077]},"Q7s":{"weight":1.0,"played":[1.0,0.0],"evs":[0.0,-0.2504]},"Q8s":{"weight":1.0,"played":[0.9999,1.0E-4],"evs":[0.0,-0.04105]},"Q9s":{"weight":1.0,"played":[0.0,1.0],"evs":[0.0,0.15281]},"QTs":{"weight":1.0,"played":[0.0,1.0],"evs":[0.0,0.48584]},"QJs":{"weight":1.0,"played":[0.0,1.0],"evs":[0.0,0.56535]},"QQ":{"weight":1.0,"played":[0.0,1.0],"evs":[0.0,4.12842]},"KQo":{"weight":1.0,"played":[0.0,1.0],"evs":[0.0,0.78544]},"AQo":{"weight":1.0,"played":[0.0,1.0],"evs":[0.0,2.77366]},"K2s":{"weight":1.0,"played":[1.0,0.0],"evs":[0.0,-0.32191]},"K3s":{"weight":1.0,"played":[1.0,0.0],"evs":[0.0,-0.27116]},"K4s":{"weight":1.0,"played":[1.0,0.0],"evs":[0.0,-0.22174]},"K5s":{"weight":1.0,"played":[1.0,0.0],"evs":[0.0,-0.1348]},"K6s":{"weight":1.0,"played":[1.0,0.0],"evs":[0.0,-0.06772]},"K7s":{"weight":1.0,"played":[1.0,0.0],"evs":[0.0,-0.09083]},"K8s":{"weight":1.0,"played":[1.0,0.0],"evs":[0.0,-0.03856]},"K9s":{"weight":1.0,"played":[0.0,1.0],"evs":[0.0,0.17731]},"KTs":{"weight":1.0,"played":[0.0,1.0],"evs":[0.0,0.55016]},"KJs":{"weight":1.0,"played":[0.0,1.0],"evs":[0.0,0.77079]},"KQs":{"weight":1.0,"played":[0.0,1.0],"evs":[0.0,1.17004]},"KK":{"weight":1.0,"played":[0.0,1.0],"evs":[0.0,4.7507]},"AKo":{"weight":1.0,"played":[0.0,1.0],"evs":[0.0,3.34333]},"A2s":{"weight":1.0,"played":[0.0,1.0],"evs":[0.0,0.42012]},"A3s":{"weight":1.0,"played":[0.0,1.0],"evs":[0.0,0.45766]},"A4s":{"weight":1.0,"played":[0.0,1.0],"evs":[0.0,0.5237]},"A5s":{"weight":1.0,"played":[0.0,1.0],"evs":[0.0,0.62138]},"A6s":{"weight":1.0,"played":[0.0,1.0],"evs":[0.0,0.57506]},"A7s":{"weight":1.0,"played":[0.0,1.0],"evs":[0.0,0.76216]},"A8s":{"weight":1.0,"played":[0.0,1.0],"evs":[0.0,1.08128]},"A9s":{"weight":1.0,"played":[0.0,1.0],"evs":[0.0,1.46776]},"ATs":{"weight":1.0,"played":[0.0,1.0],"evs":[0.0,2.07158]},"AJs":{"weight":1.0,"played":[0.0,1.0],"evs":[0.0,2.56103]},"AQs":{"weight":1.0,"played":[0.0,1.0],"evs":[0.0,3.042]},"AKs":{"weight":1.0,"played":[0.0,1.0],"evs":[0.0,3.57944]},"AA":{"weight":1.0,"played":[0.0,1.0],"evs":[0.0,6.4575]}}}