{"player":4,"street":0,"children":2,"sequence":[{"player":0,"type":"R","amount":29750000,"street":0},{"player":1,"type":"F","amount":0,"street":0},{"player":2,"type":"F","amount":0,"street":0},{"player":3,"type":"C","amount":29750000,"street":0},{"player":4,"type":"C","amount":27250000,"street":0},{"player":5,"type":"R","amount":57250000,"street":0},{"player":3,"type":"F","amount":0,"street":0}],"actions":[{"type":"F","amount":0},{"type":"C","amount":27500000}],"hands":{"22":{"weight":0.0,"played":[0.9909,0.0091],"evs":[0.0,-6.54666]},"32o":{"weight":0.0,"played":[0.9193,0.0807],"evs":[0.0,-9.78115]},"42o":{"weight":0.0,"played":[0.9905,0.0095],"evs":[0.0,-11.01545]},"52o":{"weight":0.0,"played":[0.9624,0.0376],"evs":[0.0,-11.06639]},"62o":{"weight":0.0,"played":[1.0,0.0],"evs":[0.0,-8.48349]},"72o":{"weight":0.0,"played":[0.9804,0.0196],"evs":[0.0,-11.01545]},"82o":{"weight":0.0,"played":[0.7903,0.2097],"evs":[0.0,-9.01241]},"92o":{"weight":0.0,"played":[0.3543,0.6457],"evs":[0.0,7.27837]},"T2o":{"weight":0.0,"played":[0.8337,0.1663],"evs":[0.0,-10.13791]},"J2o":{"weight":0.0,"played":[1.0,0.0],"evs":[0.0,-11.08773]},"Q2o":{"weight":0.0,"played":[0.9529,0.0471],"evs":[0.0,-9.01558]},"K2o":{"weight":0.0,"played":[0.7384,0.2616],"evs":[0.0,-1.09455]},"A2o":{"weight":0.0,"played":[0.41,0.59],"evs":[0.0,-3.94805]},"32s":{"weight":0.0,"played":[0.5,0.5],"evs":[0.0,24.14822]},"33":{"weight":0.0,"played":[0.9775,0.0225],"evs":[0.0,-11.01545]},"43o":{"weight":0.0,"played":[0.8944,0.1056],"evs":[0.0,-0.29793]},"53o":{"weight":0.0,"played":[0.8891,0.1109],"evs":[0.0,-10.65745]},"63o":{"weight":0.0,"played":[0.4548,0.5452],"evs":[0.0,-2.92283]},"73o":{"weight":0.0,"played":[1.0,0.0],"evs":[0.0,-4.48305]},"83o":{"weight":0.0,"played":[0.8018,0.1982],"evs":[0.0,1.7654]},"93o":{"weight":0.0,"played":[0.5235,0.4765],"evs":[0.0,-10.61862]},"T3o":{"weight":0.0,"played":[0.4362,0.5638],"evs":[0.0,1.34546]},"J3o":{"weight":0.0,"played":[0.8825,0.1175],"evs":[0.0,-8.83256]},"Q3o":{"weight":0.0,"played":[0.7662,0.2338],"evs":[0.0,-5.79982]},"K3o":{"weight":0.0,"played":[0.774,0.226],"evs":[0.0,-0.54178]},"A3o":{"weight":0.0,"played":[0.3296,0.6704],"evs":[0.0,12.95786]},"42s":{"weight":0.0,"played":[0.1414,0.8586],"evs":[0.0,-1.07262]},"43s":{"weight":0.0,"played":[0.6059,0.3941],"evs":[0.0,11.60824]},"44":{"weight":0.0,"played":[0.5554,0.4446],"evs":[0.0,-0.01922]},"54o":{"weight":0.0,"played":[1.0,0.0],"evs":[0.0,-1.91617]},"64o":{"weight":0.0,"played":[0.6299,0.3701],"evs":[0.0,-0.32781]},"74o":{"weight":0.0,"played":[0.8335,0.1665],"evs":[0.0,-9.21805]},"84o":{"weight":0.0,"played":[0.749,0.251],"evs":[0.0,-9.31415]},"94o":{"weight":0.0,"played":[0.7657,0.2343],"evs":[0.0,-4.48758]},"T4o":{"weight":0.0,"played":[0.8772,0.1228],"evs":[0.0,-6.40215]},"J4o":{"weight":0.0,"played":[0.9347,0.0653],"evs":[0.0,-3.64777]},"Q4o":{"weight":0.0,"played":[0.5185,0.4815],"evs":[0.0,-6.9035]},"K4o":{"weight":0.0,"played":[0.8901,0.1099],"evs":[0.0,-4.173]},"A4o":{"weight":0.0,"played":[0.9654,0.0346],"evs":[0.0,-0.17485]},"52s":{"weight":0.0,"played":[0.2089,0.7911],"evs":[0.0,1.2735]},"53s":{"weight":0.0,"played":[0.3438,0.6562],"evs":[0.0,6.71816]},"54s":{"weight":0.0,"played":[0.5,0.5],"evs":[0.0,13.2227]},"55":{"weight":0.0,"played":[0.0737,0.9263],"evs":[0.0,-2.01075]},"65o":{"weight":0.0,"played":[0.3818,0.6182],"evs":[0.0,-2.2421]},"75o":{"weight":0.0,"played":[0.9723,0.0277],"evs":[0.0,-11.06883]},"85o":{"weight":0.0,"played":[0.7194,0.2806],"evs":[0.0,-7.88017]},"95o":{"weight":0.0,"played":[0.7526,0.2474],"evs":[0.0,-2.16272]},"T5o":{"weight":0.0,"played":[0.8865,0.1135],"evs":[0.0,-3.2941]},"J5o":{"weight":0.0,"played":[0.6892,0.3108],"evs":[0.0,1.68708]},"Q5o":{"weight":0.0,"played":[0.986,0.014],"evs":[0.0,-11.1199]},"K5o":{"weight":0.0,"played":[0.7414,0.2586],"evs":[0.0,-9.59769]},"A5o":{"weight":0.0,"played":[0.9145,0.0855],"evs":[0.0,-10.31438]},"62s":{"weight":0.0,"played":[0.5566,0.4434],"evs":[0.0,9.09928]},"63s":{"weight":0.0,"played":[0.3055,0.6945],"evs":[0.0,-1.01046]},"64s":{"weight":0.0,"played":[0.5636,0.4364],"evs":[0.0,0.19513]},"65s":{"weight":0.0,"played":[0.6404,0.3596],"evs":[0.0,-11.26916]},"66":{"weight":2.0E-4,"played":[0.1089,0.8911],"evs":[0.0,8.47929]},"76o":{"weight":0.0,"played":[0.3645,0.6355],"evs":[0.0,-5.94193]},"86o":{"weight":0.0,"played":[0.578,0.422],"evs":[0.0,-3.70354]},"96o":{"weight":0.0,"played":[0.9217,0.0783],"evs":[0.0,-11.16731]},"T6o":{"weight":0.0,"played":[0.5458,0.4542],"evs":[0.0,-6.31905]},"J6o":{"weight":0.0,"played":[0.8056,0.1944],"evs":[0.0,6.88227]},"Q6o":{"weight":0.0,"played":[0.9781,0.0219],"evs":[0.0,-10.25947]},"K6o":{"weight":0.0,"played":[0.3076,0.6924],"evs":[0.0,-0.73017]},"A6o":{"weight":0.0,"played":[0.4305,0.5695],"evs":[0.0,-7.15053]},"72s":{"weight":0.0,"played":[0.958,0.042],"evs":[0.0,-11.0978]},"73s":{"weight":0.0,"played":[0.5,0.5],"evs":[0.0,0.0]},"74s":{"weight":0.0,"played":[0.5908,0.4092],"evs":[0.0,-6.60834]},"75s":{"weight":0.0,"played":[0.6667,0.3333],"evs":[0.0,14.63221]},"76s":{"weight":0.0,"played":[0.7896,0.2104],"evs":[0.0,8.41714]},"77":{"weight":8.0E-4,"played":[0.0249,0.9751],"evs":[0.0,6.90903]},"87o":{"weight":0.0,"played":[0.7677,0.2323],"evs":[0.0,7.06103]},"97o":{"weight":0.0,"played":[0.1328,0.8672],"evs":[0.0,18.69235]},"T7o":{"weight":0.0,"played":[0.4875,0.5125],"evs":[0.0,6.20288]},"J7o":{"weight":0.0,"played":[0.9688,0.0312],"evs":[0.0,-1.31405]},"Q7o":{"weight":0.0,"played":[0.8866,0.1134],"evs":[0.0,-11.05509]},"K7o":{"weight":0.0,"played":[0.7051,0.2949],"evs":[0.0,-1.84486]},"A7o":{"weight":0.0,"played":[0.5827,0.4173],"evs":[0.0,-5.26918]},"82s":{"weight":0.0,"played":[0.6777,0.3223],"evs":[0.0,-6.31567]},"83s":{"weight":0.0,"played":[0.4063,0.5937],"evs":[0.0,9.96114]},"84s":{"weight":0.0,"played":[0.5,0.5],"evs":[0.0,-10.97865]},"85s":{"weight":0.0,"played":[0.6334,0.3666],"evs":[0.0,-1.66626]},"86s":{"weight":0.0,"played":[0.1147,0.8853],"evs":[0.0,4.5151]},"87s":{"weight":0.0,"played":[0.0818,0.9182],"evs":[0.0,-8.23259]},"88":{"weight":0.0699,"played":[0.9679,0.0321],"evs":[0.0,1.59414]},"98o":{"weight":0.0,"played":[0.6745,0.3255],"evs":[0.0,-7.72781]},"T8o":{"weight":0.0,"played":[0.4383,0.5617],"evs":[0.0,2.9934]},"J8o":{"weight":0.0,"played":[0.7194,0.2806],"evs":[0.0,-4.18038]},"Q8o":{"weight":0.0,"played":[0.4496,0.5504],"evs":[0.0,-0.94643]},"K8o":{"weight":0.0,"played":[0.3191,0.6809],"evs":[0.0,14.6566]},"A8o":{"weight":0.0,"played":[0.5306,0.4694],"evs":[0.0,-11.13454]},"92s":{"weight":0.0,"played":[0.0,1.0],"evs":[0.0,-3.53272]},"93s":{"weight":0.0,"played":[0.5,0.5],"evs":[0.0,-11.01545]},"94s":{"weight":0.0,"played":[0.798,0.202],"evs":[0.0,8.19066]},"95s":{"weight":0.0,"played":[0.5,0.5],"evs":[0.0,0.0]},"96s":{"weight":0.0,"played":[0.5935,0.4065],"evs":[0.0,9.65163]},"97s":{"weight":0.0,"played":[0.6279,0.3721],"evs":[0.0,0.51305]},"98s":{"weight":0.0,"played":[0.9419,0.0581],"evs":[0.0,-11.01545]},"99":{"weight":0.0246,"played":[0.8554,0.1446],"evs":[0.0,-9.13642]},"T9o":{"weight":0.0,"played":[0.5324,0.4676],"evs":[0.0,0.20251]},"J9o":{"weight":0.0,"played":[0.5047,0.4953],"evs":[0.0,-3.63649]},"Q9o":{"weight":0.0,"played":[0.229,0.771],"evs":[0.0,3.02668]},"K9o":{"weight":0.0,"played":[1.0,0.0],"evs":[0.0,-11.0207]},"A9o":{"weight":0.0,"played":[0.329,0.671],"evs":[0.0,-1.59885]},"T2s":{"weight":0.0,"played":[0.5246,0.4754],"evs":[0.0,-3.84998]},"T3s":{"weight":0.0,"played":[0.4561,0.5439],"evs":[0.0,0.86065]},"T4s":{"weight":0.0,"played":[0.8056,0.1944],"evs":[0.0,-11.01545]},"T5s":{"weight":0.0,"played":[0.7516,0.2484],"evs":[0.0,-11.14147]},"T6s":{"weight":0.0,"played":[1.0,0.0],"evs":[0.0,-11.05093]},"T7s":{"weight":0.0,"played":[0.0509,0.9491],"evs":[0.0,-3.65731]},"T8s":{"weight":0.0,"played":[0.0,1.0],"evs":[0.0,11.02909]},"T9s":{"weight":0.0,"played":[0.1858,0.8142],"evs":[0.0,-1.13094]},"TT":{"weight":0.0427,"played":[1.0,0.0],"evs":[0.0,-11.01545]},"JTo":{"weight":0.0,"played":[0.5134,0.4866],"evs":[0.0,-8.18144]},"QTo":{"weight":0.0,"played":[0.6086,0.3914],"evs":[0.0,-8.98394]},"KTo":{"weight":0.0,"played":[0.8819,0.1181],"evs":[0.0,-7.22979]},"ATo":{"weight":0.0,"played":[0.2699,0.7301],"evs":[0.0,-0.13296]},"J2s":{"weight":0.0,"played":[0.1002,0.8998],"evs":[0.0,-4.29029]},"J3s":{"weight":0.0,"played":[1.0,0.0],"evs":[0.0,-11.13864]},"J4s":{"weight":0.0,"played":[0.9598,0.0402],"evs":[0.0,-11.03587]},"J5s":{"weight":0.0,"played":[0.3667,0.6333],"evs":[0.0,-5.24246]},"J6s":{"weight":0.0,"played":[0.9,0.1],"evs":[0.0,-6.67054]},"J7s":{"weight":0.0,"played":[0.5,0.5],"evs":[0.0,22.53518]},"J8s":{"weight":0.0,"played":[0.9117,0.0883],"evs":[0.0,3.92553]},"J9s":{"weight":0.0,"played":[0.5,0.5],"evs":[0.0,6.0049]},"JTs":{"weight":0.0,"played":[1.0,0.0],"evs":[0.0,-11.01545]},"JJ":{"weight":0.0017,"played":[0.5,0.5],"evs":[0.0,22.53518]},"QJo":{"weight":0.0,"played":[0.6877,0.3123],"evs":[0.0,-2.77122]},"KJo":{"weight":0.0,"played":[0.4277,0.5723],"evs":[0.0,-2.02509]},"AJo":{"weight":0.0,"played":[0.5859,0.4141],"evs":[0.0,-9.62113]},"Q2s":{"weight":0.0,"played":[0.7862,0.2138],"evs":[0.0,3.58458]},"Q3s":{"weight":0.0,"played":[0.5,0.5],"evs":[0.0,-11.26916]},"Q4s":{"weight":0.0,"played":[0.9653,0.0347],"evs":[0.0,-11.09929]},"Q5s":{"weight":0.0,"played":[0.5841,0.4159],"evs":[0.0,-1.13681]},"Q6s":{"weight":0.0,"played":[0.5159,0.4841],"evs":[0.0,1.59156]},"Q7s":{"weight":0.0,"played":[0.5,0.5],"evs":[0.0,0.0]},"Q8s":{"weight":0.0,"played":[0.9777,0.0223],"evs":[0.0,2.61528]},"Q9s":{"weight":0.0,"played":[0.1197,0.8803],"evs":[0.0,-6.9424]},"QTs":{"weight":0.0,"played":[0.057,0.943],"evs":[0.0,-6.60603]},"QJs":{"weight":0.0,"played":[0.0,1.0],"evs":[0.0,0.92689]},"QQ":{"weight":0.0011,"played":[0.0203,0.9797],"evs":[0.0,2.24442]},"KQo":{"weight":0.0,"played":[0.7198,0.2802],"evs":[0.0,-11.08653]},"AQo":{"weight":0.1244,"played":[0.585,0.415],"evs":[0.0,-2.66677]},"K2s":{"weight":0.0,"played":[0.3913,0.6087],"evs":[0.0,22.09426]},"K3s":{"weight":0.0,"played":[0.8175,0.1825],"evs":[0.0,-11.10803]},"K4s":{"weight":0.0,"played":[0.0384,0.9616],"evs":[0.0,-9.70864]},"K5s":{"weight":0.0,"played":[0.5,0.5],"evs":[0.0,-11.01545]},"K6s":{"weight":0.0,"played":[0.5,0.5],"evs":[0.0,-11.26916]},"K7s":{"weight":0.0,"played":[0.5,0.5],"evs":[0.0,0.0]},"K8s":{"weight":0.0,"played":[0.5361,0.4639],"evs":[0.0,13.2212]},"K9s":{"weight":0.0,"played":[0.3794,0.6206],"evs":[0.0,-5.19982]},"KTs":{"weight":3.0E-4,"played":[0.9492,0.0508],"evs":[0.0,-11.1096]},"KJs":{"weight":4.0E-4,"played":[0.5,0.5],"evs":[0.0,-11.01545]},"KQs":{"weight":0.545,"played":[0.9312,0.0688],"evs":[0.0,-6.73766]},"KK":{"weight":0.2235,"played":[0.3109,0.6891],"evs":[0.0,11.13942]},"AKo":{"weight":0.0011,"played":[1.0,0.0],"evs":[0.0,-4.48405]},"A2s":{"weight":0.0,"played":[0.8756,0.1244],"evs":[0.0,-11.01545]},"A3s":{"weight":0.0,"played":[0.5,0.5],"evs":[0.0,24.14822]},"A4s":{"weight":0.0,"played":[0.5,0.5],"evs":[0.0,-11.26916]},"A5s":{"weight":0.0,"played":[0.0019,0.9981],"evs":[0.0,13.30745]},"A6s":{"weight":0.0,"played":[0.9277,0.0723],"evs":[0.0,0.76454]},"A7s":{"weight":0.0,"played":[1.0,0.0],"evs":[0.0,2.89295]},"A8s":{"weight":0.0,"played":[0.8942,0.1058],"evs":[0.0,-0.71735]},"A9s":{"weight":0.0,"played":[0.5,0.5],"evs":[0.0,6.0049]},"ATs":{"weight":0.0,"played":[0.5,0.5],"evs":[0.0,0.0]},"AJs":{"weight":0.0047,"played":[0.5,0.5],"evs":[0.0,15.21567]},"AQs":{"weight":0.004,"played":[0.5,0.5],"evs":[0.0,-11.01545]},"AKs":{"weight":0.0065,"played":[0.5,0.5],"evs":[0.0,-6.13519]},"AA":{"weight":0.0146,"played":[0.5,0.5],"evs":[0.0,-11.01545]}}}