{"player":5,"street":0,"children":2,"sequence":[{"player":0,"type":"R","amount":29750000,"street":0},{"player":1,"type":"F","amount":0,"street":0},{"player":2,"type":"F","amount":0,"street":0},{"player":3,"type":"C","amount":29750000,"street":0},{"player":4,"type":"R","amount":57250000,"street":0}],"actions":[{"type":"F","amount":0,"node":74},{"type":"C","amount":52250000,"node":75}],"hands":{"22":{"weight":1.0,"played":[1.0,0.0],"evs":[0.0,-2.58482]},"32o":{"weight":1.0,"played":[1.0,0.0],"evs":[0.0,-4.49887]},"42o":{"weight":1.0,"played":[1.0,0.0],"evs":[0.0,-4.51956]},"52o":{"weight":1.0,"played":[1.0,0.0],"evs":[0.0,-4.21607]},"62o":{"weight":1.0,"played":[1.0,0.0],"evs":[0.0,-4.46553]},"72o":{"weight":1.0,"played":[1.0,0.0],"evs":[0.0,-5.11359]},"82o":{"weight":1.0,"played":[1.0,0.0],"evs":[0.0,-4.9655]},"92o":{"weight":1.0,"played":[1.0,0.0],"evs":[0.0,-4.92477]},"T2o":{"weight":1.0,"played":[1.0,0.0],"evs":[0.0,-4.51719]},"J2o":{"weight":1.0,"played":[1.0,0.0],"evs":[0.0,-4.51974]},"Q2o":{"weight":1.0,"played":[1.0,0.0],"evs":[0.0,-4.70918]},"K2o":{"weight":1.0,"played":[1.0,0.0],"evs":[0.0,-4.26914]},"A2o":{"weight":1.0,"played":[1.0,0.0],"evs":[0.0,-4.46216]},"32s":{"weight":1.0,"played":[1.0,0.0],"evs":[0.0,-3.2434]},"33":{"weight":1.0,"played":[0.9999,1.0E-4],"evs":[0.0,-2.30388]},"43o":{"weight":1.0,"played":[1.0,0.0],"evs":[0.0,-3.827]},"53o":{"weight":1.0,"played":[1.0,0.0],"evs":[0.0,-3.80179]},"63o":{"weight":1.0,"played":[1.0,0.0],"evs":[0.0,-3.98006]},"73o":{"weight":1.0,"played":[1.0,0.0],"evs":[0.0,-4.52731]},"83o":{"weight":1.0,"played":[1.0,0.0],"evs":[0.0,-4.99996]},"93o":{"weight":1.0,"played":[1.0,0.0],"evs":[0.0,-4.68625]},"T3o":{"weight":1.0,"played":[1.0,0.0],"evs":[0.0,-4.37674]},"J3o":{"weight":1.0,"played":[1.0,0.0],"evs":[0.0,-4.32949]},"Q3o":{"weight":1.0,"played":[1.0,0.0],"evs":[0.0,-4.48354]},"K3o":{"weight":1.0,"played":[1.0,0.0],"evs":[0.0,-4.44714]},"A3o":{"weight":1.0,"played":[1.0,0.0],"evs":[0.0,-4.35015]},"42s":{"weight":1.0,"played":[1.0,0.0],"evs":[0.0,-3.07083]},"43s":{"weight":1.0,"played":[1.0,0.0],"evs":[0.0,-2.54455]},"44":{"weight":1.0,"played":[0.9999,1.0E-4],"evs":[0.0,-2.20284]},"54o":{"weight":1.0,"played":[1.0,0.0],"evs":[0.0,-3.37272]},"64o":{"weight":1.0,"played":[1.0,0.0],"evs":[0.0,-3.61045]},"74o":{"weight":1.0,"played":[1.0,0.0],"evs":[0.0,-3.95791]},"84o":{"weight":1.0,"played":[1.0,0.0],"evs":[0.0,-4.52445]},"94o":{"weight":1.0,"played":[1.0,0.0],"evs":[0.0,-4.70103]},"T4o":{"weight":1.0,"played":[1.0,0.0],"evs":[0.0,-4.25869]},"J4o":{"weight":1.0,"played":[1.0,0.0],"evs":[0.0,-4.06694]},"Q4o":{"weight":1.0,"played":[1.0,0.0],"evs":[0.0,-4.1592]},"K4o":{"weight":1.0,"played":[1.0,0.0],"evs":[0.0,-3.78115]},"A4o":{"weight":1.0,"played":[1.0,0.0],"evs":[0.0,-4.19666]},"52s":{"weight":1.0,"played":[1.0,0.0],"evs":[0.0,-3.51256]},"53s":{"weight":1.0,"played":[1.0,0.0],"evs":[0.0,-2.76015]},"54s":{"weight":1.0,"played":[1.0,0.0],"evs":[0.0,-2.06492]},"55":{"weight":1.0,"played":[1.0,0.0],"evs":[0.0,-1.74695]},"65o":{"weight":1.0,"played":[1.0,0.0],"evs":[0.0,-3.17848]},"75o":{"weight":1.0,"played":[1.0,0.0],"evs":[0.0,-3.64991]},"85o":{"weight":1.0,"played":[1.0,0.0],"evs":[0.0,-4.2359]},"95o":{"weight":1.0,"played":[1.0,0.0],"evs":[0.0,-4.23386]},"T5o":{"weight":1.0,"played":[1.0,0.0],"evs":[0.0,-4.16686]},"J5o":{"weight":1.0,"played":[1.0,0.0],"evs":[0.0,-4.16448]},"Q5o":{"weight":1.0,"played":[1.0,0.0],"evs":[0.0,-3.89773]},"K5o":{"weight":1.0,"played":[1.0,0.0],"evs":[0.0,-4.12237]},"A5o":{"weight":1.0,"played":[1.0,0.0],"evs":[0.0,-4.08046]},"62s":{"weight":1.0,"played":[1.0,0.0],"evs":[0.0,-3.62559]},"63s":{"weight":1.0,"played":[1.0,0.0],"evs":[0.0,-2.91445]},"64s":{"weight":1.0,"played":[0.9996,4.0E-4],"evs":[0.0,-2.29178]},"65s":{"weight":1.0,"played":[1.0,0.0],"evs":[0.0,-2.15811]},"66":{"weight":1.0,"played":[1.0,0.0],"evs":[0.0,-1.34996]},"76o":{"weight":1.0,"played":[1.0,0.0],"evs":[0.0,-3.48953]},"86o":{"weight":1.0,"played":[1.0,0.0],"evs":[0.0,-3.76824]},"96o":{"weight":1.0,"played":[1.0,0.0],"evs":[0.0,-3.8221]},"T6o":{"weight":1.0,"played":[1.0,0.0],"evs":[0.0,-4.07024]},"J6o":{"weight":1.0,"played":[1.0,0.0],"evs":[0.0,-4.24578]},"Q6o":{"weight":1.0,"played":[1.0,0.0],"evs":[0.0,-4.09387]},"K6o":{"weight":1.0,"played":[1.0,0.0],"evs":[0.0,-3.77791]},"A6o":{"weight":1.0,"played":[1.0,0.0],"evs":[0.0,-4.60773]},"72s":{"weight":1.0,"played":[1.0,0.0],"evs":[0.0,-4.13003]},"73s":{"weight":1.0,"played":[0.9999,1.0E-4],"evs":[0.0,-3.34463]},"74s":{"weight":1.0,"played":[1.0,0.0],"evs":[0.0,-2.94995]},"75s":{"weight":1.0,"played":[1.0,0.0],"evs":[0.0,-2.852]},"76s":{"weight":1.0,"played":[0.9998,2.0E-4],"evs":[0.0,-2.71301]},"77":{"weight":1.0,"played":[1.0,0.0],"evs":[0.0,-1.74722]},"87o":{"weight":1.0,"played":[1.0,0.0],"evs":[0.0,-3.69514]},"97o":{"weight":1.0,"played":[1.0,0.0],"evs":[0.0,-3.62706]},"T7o":{"weight":1.0,"played":[1.0,0.0],"evs":[0.0,-3.90706]},"J7o":{"weight":1.0,"played":[1.0,0.0],"evs":[0.0,-4.06237]},"Q7o":{"weight":1.0,"played":[1.0,0.0],"evs":[0.0,-4.46894]},"K7o":{"weight":1.0,"played":[1.0,0.0],"evs":[0.0,-3.89843]},"A7o":{"weight":1.0,"played":[1.0,0.0],"evs":[0.0,-4.5062]},"82s":{"weight":1.0,"played":[1.0,0.0],"evs":[0.0,-4.01846]},"83s":{"weight":1.0,"played":[1.0,0.0],"evs":[0.0,-3.53393]},"84s":{"weight":1.0,"played":[1.0,0.0],"evs":[0.0,-3.60279]},"85s":{"weight":1.0,"played":[1.0,0.0],"evs":[0.0,-2.83718]},"86s":{"weight":1.0,"played":[1.0,0.0],"evs":[0.0,-2.9277]},"87s":{"weight":1.0,"played":[0.9999,1.0E-4],"evs":[0.0,-2.8135]},"88":{"weight":1.0,"played":[0.9976,0.0024],"evs":[0.0,-0.99933]},"98o":{"weight":1.0,"played":[1.0,0.0],"evs":[0.0,-3.62254]},"T8o":{"weight":1.0,"played":[1.0,0.0],"evs":[0.0,-3.51852]},"J8o":{"weight":1.0,"played":[1.0,0.0],"evs":[0.0,-3.81272]},"Q8o":{"weight":1.0,"played":[1.0,0.0],"evs":[0.0,-3.965]},"K8o":{"weight":1.0,"played":[1.0,0.0],"evs":[0.0,-4.26305]},"A8o":{"weight":1.0,"played":[1.0,0.0],"evs":[0.0,-4.38165]},"92s":{"weight":1.0,"played":[1.0,0.0],"evs":[0.0,-3.54262]},"93s":{"weight":1.0,"played":[1.0,0.0],"evs":[0.0,-3.59305]},"94s":{"weight":1.0,"played":[1.0,0.0],"evs":[0.0,-3.75982]},"95s":{"weight":1.0,"played":[1.0,0.0],"evs":[0.0,-3.14353]},"96s":{"weight":1.0,"played":[1.0,0.0],"evs":[0.0,-2.85352]},"97s":{"weight":1.0,"played":[0.9999,1.0E-4],"evs":[0.0,-2.5619]},"98s":{"weight":1.0,"played":[1.0,0.0],"evs":[0.0,-2.59762]},"99":{"weight":1.0,"played":[0.8239,0.1761],"evs":[0.0,-0.32649]},"T9o":{"weight":1.0,"played":[1.0,0.0],"evs":[0.0,-2.92889]},"J9o":{"weight":1.0,"played":[1.0,0.0],"evs":[0.0,-3.3756]},"Q9o":{"weight":1.0,"played":[1.0,0.0],"evs":[0.0,-3.67965]},"K9o":{"weight":1.0,"played":[1.0,0.0],"evs":[0.0,-3.67049]},"A9o":{"weight":1.0,"played":[1.0,0.0],"evs":[0.0,-4.26699]},"T2s":{"weight":1.0,"played":[1.0,0.0],"evs":[0.0,-3.46818]},"T3s":{"weight":1.0,"played":[1.0,0.0],"evs":[0.0,-3.17888]},"T4s":{"weight":1.0,"played":[1.0,0.0],"evs":[0.0,-3.21488]},"T5s":{"weight":1.0,"played":[1.0,0.0],"evs":[0.0,-3.16373]},"T6s":{"weight":1.0,"played":[1.0,0.0],"evs":[0.0,-2.45199]},"T7s":{"weight":1.0,"played":[1.0,0.0],"evs":[0.0,-2.48322]},"T8s":{"weight":1.0,"played":[1.0,0.0],"evs":[0.0,-2.45363]},"T9s":{"weight":1.0,"played":[0.9996,4.0E-4],"evs":[0.0,-2.38505]},"TT":{"weight":1.0,"played":[4.0E-4,0.9996],"evs":[0.0,1.47624]},"JTo":{"weight":1.0,"played":[1.0,0.0],"evs":[0.0,-2.76186]},"QTo":{"weight":1.0,"played":[1.0,0.0],"evs":[0.0,-2.75744]},"KTo":{"weight":1.0,"played":[1.0,0.0],"evs":[0.0,-2.86515]},"ATo":{"weight":1.0,"played":[1.0,0.0],"evs":[0.0,-3.37319]},"J2s":{"weight":1.0,"played":[1.0,0.0],"evs":[0.0,-3.61184]},"J3s":{"weight":1.0,"played":[1.0,0.0],"evs":[0.0,-3.43097]},"J4s":{"weight":1.0,"played":[1.0,0.0],"evs":[0.0,-3.46505]},"J5s":{"weight":1.0,"played":[1.0,0.0],"evs":[0.0,-3.17023]},"J6s":{"weight":1.0,"played":[0.9999,1.0E-4],"evs":[0.0,-2.93738]},"J7s":{"weight":1.0,"played":[0.9995,5.0E-4],"evs":[0.0,-2.46358]},"J8s":{"weight":1.0,"played":[0.9999,1.0E-4],"evs":[0.0,-2.62967]},"J9s":{"weight":1.0,"played":[1.0,0.0],"evs":[0.0,-2.41913]},"JTs":{"weight":1.0,"played":[0.9998,2.0E-4],"evs":[0.0,-1.6638]},"JJ":{"weight":1.0,"played":[0.0,1.0],"evs":[0.0,2.5318]},"QJo":{"weight":1.0,"played":[1.0,0.0],"evs":[0.0,-2.75918]},"KJo":{"weight":1.0,"played":[1.0,0.0],"evs":[0.0,-2.97994]},"AJo":{"weight":1.0,"played":[0.9999,1.0E-4],"evs":[0.0,-3.24998]},"Q2s":{"weight":1.0,"played":[0.9999,1.0E-4],"evs":[0.0,-3.44273]},"Q3s":{"weight":1.0,"played":[1.0,0.0],"evs":[0.0,-3.63493]},"Q4s":{"weight":1.0,"played":[1.0,0.0],"evs":[0.0,-3.13489]},"Q5s":{"weight":1.0,"played":[1.0,0.0],"evs":[0.0,-3.50181]},"Q6s":{"weight":1.0,"played":[1.0,0.0],"evs":[0.0,-3.09757]},"Q7s":{"weight":1.0,"played":[0.9999,1.0E-4],"evs":[0.0,-2.81519]},"Q8s":{"weight":1.0,"played":[1.0,0.0],"evs":[0.0,-3.08744]},"Q9s":{"weight":1.0,"played":[1.0,0.0],"evs":[0.0,-1.9807]},"QTs":{"weight":1.0,"played":[0.9999,1.0E-4],"evs":[0.0,-2.03523]},"QJs":{"weight":1.0,"played":[0.9999,1.0E-4],"evs":[0.0,-1.90753]},"QQ":{"weight":1.0,"played":[0.0,1.0],"evs":[0.0,4.69899]},"KQo":{"weight":1.0,"played":[0.9999,1.0E-4],"evs":[0.0,-2.66726]},"AQo":{"weight":1.0,"played":[0.9998,2.0E-4],"evs":[0.0,-1.8765]},"K2s":{"weight":1.0,"played":[0.9997,3.0E-4],"evs":[0.0,-3.02214]},"K3s":{"weight":1.0,"played":[1.0,0.0],"evs":[0.0,-2.69095]},"K4s":{"weight":1.0,"played":[0.9998,2.0E-4],"evs":[0.0,-2.71243]},"K5s":{"weight":1.0,"played":[0.9999,1.0E-4],"evs":[0.0,-2.58675]},"K6s":{"weight":1.0,"played":[0.9999,1.0E-4],"evs":[0.0,-2.6295]},"K7s":{"weight":1.0,"played":[0.9999,1.0E-4],"evs":[0.0,-2.80323]},"K8s":{"weight":1.0,"played":[1.0,0.0],"evs":[0.0,-2.82653]},"K9s":{"weight":1.0,"played":[1.0,0.0],"evs":[0.0,-2.67632]},"KTs":{"weight":1.0,"played":[0.9989,0.0011],"evs":[0.0,-1.77894]},"KJs":{"weight":1.0,"played":[0.9956,0.0044],"evs":[0.0,-1.71657]},"KQs":{"weight":1.0,"played":[0.9986,0.0014],"evs":[0.0,-1.82646]},"KK":{"weight":1.0,"played":[0.0,1.0],"evs":[0.0,7.74974]},"AKo":{"weight":1.0,"played":[0.4493,0.5507],"evs":[0.0,-0.07062]},"A2s":{"weight":1.0,"played":[1.0,0.0],"evs":[0.0,-3.57988]},"A3s":{"weight":1.0,"played":[0.9999,1.0E-4],"evs":[0.0,-2.9027]},"A4s":{"weight":1.0,"played":[0.9996,4.0E-4],"evs":[0.0,-2.79005]},"A5s":{"weight":1.0,"played":[0.9998,2.0E-4],"evs":[0.0,-2.45177]},"A6s":{"weight":1.0,"played":[1.0,0.0],"evs":[0.0,-3.63494]},"A7s":{"weight":1.0,"played":[0.9998,2.0E-4],"evs":[0.0,-3.19095]},"A8s":{"weight":1.0,"played":[1.0,0.0],"evs":[0.0,-3.54525]},"A9s":{"weight":1.0,"played":[1.0,0.0],"evs":[0.0,-2.4929]},"ATs":{"weight":1.0,"played":[1.0,0.0],"evs":[0.0,-2.55977]},"AJs":{"weight":1.0,"played":[0.9999,1.0E-4],"evs":[0.0,-2.46078]},"AQs":{"weight":1.0,"played":[0.9761,0.0239],"evs":[0.0,-1.22507]},"AKs":{"weight":1.0,"played":[0.0352,0.9648],"evs":[0.0,0.78024]},"AA":{"weight":1.0,"played":[0.0,1.0],"evs":[0.0,11.32392]}}}