{"player":3,"street":0,"children":2,"sequence":[{"player":0,"type":"R","amount":29750000,"street":0},{"player":1,"type":"F","amount":0,"street":0},{"player":2,"type":"F","amount":0,"street":0},{"player":3,"type":"C","amount":29750000,"street":0},{"player":4,"type":"R","amount":57250000,"street":0},{"player":5,"type":"F","amount":0,"street":0}],"actions":[{"type":"F","amount":0},{"type":"C","amount":5500000}],"hands":{"22":{"weight":0.0,"played":[0.0,1.0],"evs":[0.0,3.03861]},"32o":{"weight":0.0,"played":[0.0,1.0],"evs":[0.0,1.13728]},"42o":{"weight":0.0,"played":[0.0,1.0],"evs":[0.0,1.27619]},"52o":{"weight":0.0,"played":[0.0,1.0],"evs":[0.0,1.40722]},"62o":{"weight":0.0,"played":[0.0,1.0],"evs":[0.0,1.07581]},"72o":{"weight":0.0,"played":[0.0,1.0],"evs":[0.0,0.67557]},"82o":{"weight":0.0,"played":[0.0,1.0],"evs":[0.0,0.80528]},"92o":{"weight":0.0,"played":[0.0,1.0],"evs":[0.0,0.95679]},"T2o":{"weight":0.0,"played":[0.0,1.0],"evs":[0.0,1.20117]},"J2o":{"weight":0.0,"played":[0.0,1.0],"evs":[0.0,1.35775]},"Q2o":{"weight":0.0,"played":[0.0,1.0],"evs":[0.0,1.21137]},"K2o":{"weight":0.0,"played":[0.0,1.0],"evs":[0.0,1.46923]},"A2o":{"weight":0.0,"played":[0.0,1.0],"evs":[0.0,1.50129]},"32s":{"weight":0.0,"played":[0.0,1.0],"evs":[0.0,2.07301]},"33":{"weight":0.0,"played":[0.0,1.0],"evs":[0.0,3.16239]},"43o":{"weight":0.0,"played":[0.0,1.0],"evs":[0.0,1.71534]},"53o":{"weight":0.0,"played":[0.0,1.0],"evs":[0.0,1.81481]},"63o":{"weight":0.0,"played":[0.0,1.0],"evs":[0.0,1.4369]},"73o":{"weight":0.0,"played":[0.0,1.0],"evs":[0.0,1.07658]},"83o":{"weight":0.0,"played":[0.0,1.0],"evs":[0.0,0.82561]},"93o":{"weight":0.0,"played":[0.0,1.0],"evs":[0.0,1.07538]},"T3o":{"weight":0.0,"played":[0.0,1.0],"evs":[0.0,1.2823]},"J3o":{"weight":0.0,"played":[0.0,1.0],"evs":[0.0,1.44723]},"Q3o":{"weight":0.0,"played":[0.0,1.0],"evs":[0.0,1.3211]},"K3o":{"weight":0.0,"played":[0.0,1.0],"evs":[0.0,1.59009]},"A3o":{"weight":0.0,"played":[0.0,1.0],"evs":[0.0,1.61316]},"42s":{"weight":0.0,"played":[0.0,1.0],"evs":[0.0,2.25286]},"43s":{"weight":0.0,"played":[0.0,1.0],"evs":[0.0,2.60577]},"44":{"weight":0.0,"played":[0.0,1.0],"evs":[0.0,3.34446]},"54o":{"weight":0.0,"played":[0.0,1.0],"evs":[0.0,2.13184]},"64o":{"weight":0.0,"played":[0.0,1.0],"evs":[0.0,1.91023]},"74o":{"weight":0.0,"played":[0.0,1.0],"evs":[0.0,1.46034]},"84o":{"weight":0.0,"played":[0.0,1.0],"evs":[0.0,1.22514]},"94o":{"weight":0.0,"played":[0.0,1.0],"evs":[0.0,1.072]},"T4o":{"weight":0.0,"played":[0.0,1.0],"evs":[0.0,1.37406]},"J4o":{"weight":0.0,"played":[0.0,1.0],"evs":[0.0,1.56903]},"Q4o":{"weight":0.0,"played":[0.0,1.0],"evs":[0.0,1.4104]},"K4o":{"weight":0.0,"played":[0.0,1.0],"evs":[0.0,1.74027]},"A4o":{"weight":0.0,"played":[0.0,1.0],"evs":[0.0,1.72954]},"52s":{"weight":0.0,"played":[0.0,1.0],"evs":[0.0,2.37078]},"53s":{"weight":0.0,"played":[0.0,1.0],"evs":[0.0,2.70929]},"54s":{"weight":0.0,"played":[0.0,1.0],"evs":[0.0,3.03768]},"55":{"weight":0.0,"played":[0.0,1.0],"evs":[0.0,3.54794]},"65o":{"weight":0.0,"played":[0.0,1.0],"evs":[0.0,2.25982]},"75o":{"weight":0.0,"played":[0.0,1.0],"evs":[0.0,1.82111]},"85o":{"weight":0.0,"played":[0.0,1.0],"evs":[0.0,1.62458]},"95o":{"weight":0.0,"played":[0.0,1.0],"evs":[0.0,1.5034]},"T5o":{"weight":0.0,"played":[0.0,1.0],"evs":[0.0,1.42449]},"J5o":{"weight":0.0,"played":[0.0,1.0],"evs":[0.0,1.65819]},"Q5o":{"weight":0.0,"played":[0.0,1.0],"evs":[0.0,1.51981]},"K5o":{"weight":0.0,"played":[0.0,1.0],"evs":[0.0,1.88285]},"A5o":{"weight":0.0,"played":[0.0,1.0],"evs":[0.0,1.86704]},"62s":{"weight":0.0,"played":[0.0,1.0],"evs":[0.0,2.00818]},"63s":{"weight":0.0,"played":[0.0,1.0],"evs":[0.0,2.43819]},"64s":{"weight":0.0,"played":[0.0,1.0],"evs":[0.0,2.86277]},"65s":{"weight":0.0,"played":[0.0,1.0],"evs":[0.0,3.1275]},"66":{"weight":0.0,"played":[0.0,1.0],"evs":[0.0,3.62978]},"76o":{"weight":0.0,"played":[0.0,1.0],"evs":[0.0,2.12514]},"86o":{"weight":0.0,"played":[0.0,1.0],"evs":[0.0,1.90054]},"96o":{"weight":0.0,"played":[0.0,1.0],"evs":[0.0,1.75646]},"T6o":{"weight":0.0,"played":[0.0,1.0],"evs":[0.0,1.7434]},"J6o":{"weight":0.0,"played":[0.0,1.0],"evs":[0.0,1.66959]},"Q6o":{"weight":0.0,"played":[0.0,1.0],"evs":[0.0,1.55393]},"K6o":{"weight":0.0,"played":[0.0,1.0],"evs":[0.0,1.89571]},"A6o":{"weight":0.0,"played":[0.0,1.0],"evs":[0.0,1.47516]},"72s":{"weight":0.0,"played":[0.0,1.0],"evs":[0.0,1.65902]},"73s":{"weight":0.0,"played":[0.0,1.0],"evs":[0.0,2.0359]},"74s":{"weight":0.0,"played":[0.0,1.0],"evs":[0.0,2.39803]},"75s":{"weight":0.0,"played":[0.0,1.0],"evs":[0.0,2.81357]},"76s":{"weight":0.0,"played":[0.0,1.0],"evs":[0.0,3.04226]},"77":{"weight":0.2123,"played":[0.0,1.0],"evs":[0.0,3.75179]},"87o":{"weight":0.0,"played":[0.0,1.0],"evs":[0.0,2.07475]},"97o":{"weight":0.0,"played":[0.0,1.0],"evs":[0.0,1.95613]},"T7o":{"weight":0.0,"played":[0.0,1.0],"evs":[0.0,1.90893]},"J7o":{"weight":0.0,"played":[0.0,1.0],"evs":[0.0,1.84111]},"Q7o":{"weight":0.0,"played":[0.0,1.0],"evs":[0.0,1.46917]},"K7o":{"weight":0.0,"played":[0.0,1.0],"evs":[0.0,1.80284]},"A7o":{"weight":0.0,"played":[0.0,1.0],"evs":[0.0,1.5682]},"82s":{"weight":0.0,"played":[0.0,1.0],"evs":[0.0,1.80586]},"83s":{"weight":0.0,"played":[0.0,1.0],"evs":[0.0,1.79444]},"84s":{"weight":0.0,"played":[0.0,1.0],"evs":[0.0,2.18917]},"85s":{"weight":0.0,"played":[0.0,1.0],"evs":[0.0,2.62044]},"86s":{"weight":0.0,"played":[0.0,1.0],"evs":[0.0,2.82154]},"87s":{"weight":0.0,"played":[0.0,1.0],"evs":[0.0,3.00861]},"88":{"weight":0.4393,"played":[0.0,1.0],"evs":[0.0,4.11314]},"98o":{"weight":0.0,"played":[0.0,1.0],"evs":[0.0,2.15517]},"T8o":{"weight":0.0,"played":[0.0,1.0],"evs":[0.0,2.18456]},"J8o":{"weight":0.0,"played":[0.0,1.0],"evs":[0.0,2.15385]},"Q8o":{"weight":0.0,"played":[0.0,1.0],"evs":[0.0,1.69262]},"K8o":{"weight":0.0,"played":[0.0,1.0],"evs":[0.0,1.81413]},"A8o":{"weight":0.0,"played":[0.0,1.0],"evs":[0.0,1.60596]},"92s":{"weight":0.0,"played":[0.0,1.0],"evs":[0.0,1.97779]},"93s":{"weight":0.0,"played":[0.0,1.0],"evs":[0.0,2.04858]},"94s":{"weight":0.0,"played":[0.0,1.0],"evs":[0.0,2.07752]},"95s":{"weight":0.0,"played":[0.0,1.0],"evs":[0.0,2.43108]},"96s":{"weight":0.0,"played":[0.0,1.0],"evs":[0.0,2.76914]},"97s":{"weight":0.0,"played":[0.0,1.0],"evs":[0.0,2.87606]},"98s":{"weight":0.0,"played":[0.0,1.0],"evs":[0.0,3.02503]},"99":{"weight":0.4776,"played":[0.0,1.0],"evs":[0.0,5.1611]},"T9o":{"weight":0.0,"played":[0.0,1.0],"evs":[0.0,2.63542]},"J9o":{"weight":0.0,"played":[0.0,1.0],"evs":[0.0,2.5373]},"Q9o":{"weight":0.0,"played":[0.0,1.0],"evs":[0.0,2.12768]},"K9o":{"weight":0.0,"played":[0.0,1.0],"evs":[0.0,2.21317]},"A9o":{"weight":0.0,"played":[0.0,1.0],"evs":[0.0,1.95385]},"T2s":{"weight":0.0,"played":[0.0,1.0],"evs":[0.0,2.18122]},"T3s":{"weight":0.0,"played":[0.0,1.0],"evs":[0.0,2.31894]},"T4s":{"weight":0.0,"played":[0.0,1.0],"evs":[0.0,2.37501]},"T5s":{"weight":0.0,"played":[0.0,1.0],"evs":[0.0,2.34933]},"T6s":{"weight":0.0,"played":[0.0,1.0],"evs":[0.0,2.73216]},"T7s":{"weight":0.0,"played":[0.0,1.0],"evs":[0.0,2.82828]},"T8s":{"weight":0.0,"played":[0.0,1.0],"evs":[0.0,3.09683]},"T9s":{"weight":0.0,"played":[0.0,1.0],"evs":[0.0,3.50889]},"TT":{"weight":0.1979,"played":[0.0,1.0],"evs":[0.0,6.40144]},"JTo":{"weight":0.0,"played":[0.0,1.0],"evs":[0.0,3.14326]},"QTo":{"weight":0.0,"played":[0.0,1.0],"evs":[0.0,2.76324]},"KTo":{"weight":0.0,"played":[0.0,1.0],"evs":[0.0,2.83616]},"ATo":{"weight":0.0889,"played":[0.0,1.0],"evs":[0.0,2.60736]},"J2s":{"weight":0.0,"played":[0.0,1.0],"evs":[0.0,2.33026]},"J3s":{"weight":0.0,"played":[0.0,1.0],"evs":[0.0,2.47556]},"J4s":{"weight":0.0,"played":[0.0,1.0],"evs":[0.0,2.48292]},"J5s":{"weight":0.0,"played":[0.0,1.0],"evs":[0.0,2.64227]},"J6s":{"weight":0.0,"played":[0.0,1.0],"evs":[0.0,2.62494]},"J7s":{"weight":0.0,"played":[0.0,1.0],"evs":[0.0,2.67066]},"J8s":{"weight":0.0,"played":[0.0,1.0],"evs":[0.0,3.09362]},"J9s":{"weight":0.0,"played":[0.0,1.0],"evs":[0.0,3.49926]},"JTs":{"weight":0.0,"played":[0.0,1.0],"evs":[0.0,3.91012]},"JJ":{"weight":0.2288,"played":[0.0,1.0],"evs":[0.0,7.70601]},"QJo":{"weight":0.0,"played":[0.0,1.0],"evs":[0.0,2.99309]},"KJo":{"weight":0.0,"played":[0.0,1.0],"evs":[0.0,3.13695]},"AJo":{"weight":0.5198,"played":[0.0,1.0],"evs":[0.0,3.06657]},"Q2s":{"weight":0.0,"played":[0.0,1.0],"evs":[0.0,2.2086]},"Q3s":{"weight":0.0,"played":[0.0,1.0],"evs":[0.0,2.28828]},"Q4s":{"weight":0.0,"played":[0.0,1.0],"evs":[0.0,2.43212]},"Q5s":{"weight":0.0,"played":[0.0,1.0],"evs":[0.0,2.60557]},"Q6s":{"weight":0.0,"played":[0.0,1.0],"evs":[0.0,2.62585]},"Q7s":{"weight":0.0,"played":[0.0,1.0],"evs":[0.0,2.42847]},"Q8s":{"weight":0.0,"played":[0.0,1.0],"evs":[0.0,2.75885]},"Q9s":{"weight":0.0,"played":[0.0,1.0],"evs":[0.0,2.98962]},"QTs":{"weight":0.0,"played":[0.0,1.0],"evs":[0.0,3.73726]},"QJs":{"weight":0.0,"played":[0.0,1.0],"evs":[0.0,3.89903]},"QQ":{"weight":0.1731,"played":[0.0,1.0],"evs":[0.0,9.45837]},"KQo":{"weight":0.0,"played":[0.0,1.0],"evs":[0.0,3.13443]},"AQo":{"weight":0.1453,"played":[0.0,1.0],"evs":[0.0,4.16017]},"K2s":{"weight":0.0,"played":[0.0,1.0],"evs":[0.0,2.49209]},"K3s":{"weight":0.0,"played":[0.0,1.0],"evs":[0.0,2.67579]},"K4s":{"weight":0.0,"played":[0.0,1.0],"evs":[0.0,2.7401]},"K5s":{"weight":0.0,"played":[0.0,1.0],"evs":[0.0,2.78374]},"K6s":{"weight":0.0,"played":[0.0,1.0],"evs":[0.0,2.85365]},"K7s":{"weight":0.0,"played":[0.0,1.0],"evs":[0.0,2.79215]},"K8s":{"weight":0.0,"played":[0.0,1.0],"evs":[0.0,2.80999]},"K9s":{"weight":0.0,"played":[0.0,1.0],"evs":[0.0,3.20724]},"KTs":{"weight":0.0,"played":[0.0,1.0],"evs":[0.0,3.7852]},"KJs":{"weight":0.0,"played":[0.0,1.0],"evs":[0.0,4.14926]},"KQs":{"weight":0.0,"played":[0.0,1.0],"evs":[0.0,4.02291]},"KK":{"weight":0.6844,"played":[0.0,1.0],"evs":[0.0,11.74911]},"AKo":{"weight":0.3495,"played":[0.0,1.0],"evs":[0.0,6.21908]},"A2s":{"weight":0.0,"played":[0.0,1.0],"evs":[0.0,2.65693]},"A3s":{"weight":0.0,"played":[0.0,1.0],"evs":[0.0,2.60199]},"A4s":{"weight":0.0,"played":[0.0,1.0],"evs":[0.0,2.70109]},"A5s":{"weight":0.0,"played":[0.0,1.0],"evs":[0.0,2.89117]},"A6s":{"weight":0.0,"played":[0.0,1.0],"evs":[0.0,2.64415]},"A7s":{"weight":0.0,"played":[0.0,1.0],"evs":[0.0,2.6036]},"A8s":{"weight":0.0,"played":[0.0,1.0],"evs":[0.0,2.72431]},"A9s":{"weight":0.0,"played":[0.0,1.0],"evs":[0.0,2.93065]},"ATs":{"weight":0.087,"played":[0.0,1.0],"evs":[0.0,3.63317]},"AJs":{"weight":0.4399,"played":[0.0,1.0],"evs":[0.0,4.08653]},"AQs":{"weight":0.2527,"played":[0.0,1.0],"evs":[0.0,5.02993]},"AKs":{"weight":0.7073,"played":[0.0,1.0],"evs":[0.0,6.95292]},"AA":{"weight":0.3023,"played":[0.0,1.0],"evs":[0.0,15.31632]}}}