{"player":5,"street":0,"children":2,"sequence":[{"player":0,"type":"R","amount":29750000,"street":0},{"player":1,"type":"F","amount":0,"street":0},{"player":2,"type":"F","amount":0,"street":0},{"player":3,"type":"R","amount":35250000,"street":0},{"player":4,"type":"R","amount":57250000,"street":0}],"actions":[{"type":"F","amount":0},{"type":"C","amount":52250000}],"hands":{"22":{"weight":1.0,"played":[1.0,0.0],"evs":[0.0,-2.40406]},"32o":{"weight":1.0,"played":[1.0,0.0],"evs":[0.0,-4.42151]},"42o":{"weight":1.0,"played":[1.0,0.0],"evs":[0.0,-4.32416]},"52o":{"weight":1.0,"played":[1.0,0.0],"evs":[0.0,-4.26042]},"62o":{"weight":1.0,"played":[1.0,0.0],"evs":[0.0,-4.43345]},"72o":{"weight":1.0,"played":[1.0,0.0],"evs":[0.0,-5.14512]},"82o":{"weight":1.0,"played":[1.0,0.0],"evs":[0.0,-4.93182]},"92o":{"weight":1.0,"played":[1.0,0.0],"evs":[0.0,-4.72024]},"T2o":{"weight":1.0,"played":[1.0,0.0],"evs":[0.0,-4.65475]},"J2o":{"weight":1.0,"played":[1.0,0.0],"evs":[0.0,-4.48896]},"Q2o":{"weight":1.0,"played":[1.0,0.0],"evs":[0.0,-4.75825]},"K2o":{"weight":1.0,"played":[1.0,0.0],"evs":[0.0,-4.1213]},"A2o":{"weight":1.0,"played":[1.0,0.0],"evs":[0.0,-4.33318]},"32s":{"weight":1.0,"played":[1.0,0.0],"evs":[0.0,-3.42834]},"33":{"weight":1.0,"played":[1.0,0.0],"evs":[0.0,-2.224]},"43o":{"weight":1.0,"played":[1.0,0.0],"evs":[0.0,-3.89036]},"53o":{"weight":1.0,"played":[1.0,0.0],"evs":[0.0,-3.77024]},"63o":{"weight":1.0,"played":[1.0,0.0],"evs":[0.0,-3.93198]},"73o":{"weight":1.0,"played":[1.0,0.0],"evs":[0.0,-4.61716]},"83o":{"weight":1.0,"played":[1.0,0.0],"evs":[0.0,-4.85177]},"93o":{"weight":1.0,"played":[1.0,0.0],"evs":[0.0,-4.50857]},"T3o":{"weight":1.0,"played":[1.0,0.0],"evs":[0.0,-4.59826]},"J3o":{"weight":1.0,"played":[1.0,0.0],"evs":[0.0,-4.42106]},"Q3o":{"weight":1.0,"played":[1.0,0.0],"evs":[0.0,-4.42985]},"K3o":{"weight":1.0,"played":[1.0,0.0],"evs":[0.0,-4.025]},"A3o":{"weight":1.0,"played":[1.0,0.0],"evs":[0.0,-4.16887]},"42s":{"weight":1.0,"played":[1.0,0.0],"evs":[0.0,-3.24398]},"43s":{"weight":1.0,"played":[1.0,0.0],"evs":[0.0,-2.55147]},"44":{"weight":1.0,"played":[0.9999,1.0E-4],"evs":[0.0,-2.19508]},"54o":{"weight":1.0,"played":[1.0,0.0],"evs":[0.0,-3.26772]},"64o":{"weight":1.0,"played":[1.0,0.0],"evs":[0.0,-3.40033]},"74o":{"weight":1.0,"played":[1.0,0.0],"evs":[0.0,-4.14903]},"84o":{"weight":1.0,"played":[1.0,0.0],"evs":[0.0,-4.49478]},"94o":{"weight":1.0,"played":[1.0,0.0],"evs":[0.0,-4.68519]},"T4o":{"weight":1.0,"played":[1.0,0.0],"evs":[0.0,-4.49216]},"J4o":{"weight":1.0,"played":[1.0,0.0],"evs":[0.0,-4.15977]},"Q4o":{"weight":1.0,"played":[1.0,0.0],"evs":[0.0,-4.56383]},"K4o":{"weight":1.0,"played":[1.0,0.0],"evs":[0.0,-3.88962]},"A4o":{"weight":1.0,"played":[1.0,0.0],"evs":[0.0,-4.07696]},"52s":{"weight":1.0,"played":[1.0,0.0],"evs":[0.0,-2.87349]},"53s":{"weight":1.0,"played":[1.0,0.0],"evs":[0.0,-2.6122]},"54s":{"weight":1.0,"played":[1.0,0.0],"evs":[0.0,-2.36947]},"55":{"weight":1.0,"played":[1.0,0.0],"evs":[0.0,-1.93977]},"65o":{"weight":1.0,"played":[1.0,0.0],"evs":[0.0,-3.22493]},"75o":{"weight":1.0,"played":[1.0,0.0],"evs":[0.0,-3.76675]},"85o":{"weight":1.0,"played":[1.0,0.0],"evs":[0.0,-4.01213]},"95o":{"weight":1.0,"played":[1.0,0.0],"evs":[0.0,-4.08541]},"T5o":{"weight":1.0,"played":[1.0,0.0],"evs":[0.0,-4.39401]},"J5o":{"weight":1.0,"played":[1.0,0.0],"evs":[0.0,-4.15222]},"Q5o":{"weight":1.0,"played":[1.0,0.0],"evs":[0.0,-4.28142]},"K5o":{"weight":1.0,"played":[1.0,0.0],"evs":[0.0,-3.87658]},"A5o":{"weight":1.0,"played":[1.0,0.0],"evs":[0.0,-4.03045]},"62s":{"weight":1.0,"played":[1.0,0.0],"evs":[0.0,-3.40072]},"63s":{"weight":1.0,"played":[1.0,0.0],"evs":[0.0,-2.99125]},"64s":{"weight":1.0,"played":[1.0,0.0],"evs":[0.0,-2.52172]},"65s":{"weight":1.0,"played":[1.0,0.0],"evs":[0.0,-2.36841]},"66":{"weight":1.0,"played":[1.0,0.0],"evs":[0.0,-2.05146]},"76o":{"weight":1.0,"played":[1.0,0.0],"evs":[0.0,-3.48528]},"86o":{"weight":1.0,"played":[1.0,0.0],"evs":[0.0,-3.69642]},"96o":{"weight":1.0,"played":[1.0,0.0],"evs":[0.0,-3.82104]},"T6o":{"weight":1.0,"played":[1.0,0.0],"evs":[0.0,-4.0405]},"J6o":{"weight":1.0,"played":[1.0,0.0],"evs":[0.0,-4.2355]},"Q6o":{"weight":1.0,"played":[1.0,0.0],"evs":[0.0,-4.24552]},"K6o":{"weight":1.0,"played":[1.0,0.0],"evs":[0.0,-3.75668]},"A6o":{"weight":1.0,"played":[1.0,0.0],"evs":[0.0,-4.63883]},"72s":{"weight":1.0,"played":[1.0,0.0],"evs":[0.0,-3.81339]},"73s":{"weight":1.0,"played":[1.0,0.0],"evs":[0.0,-3.48657]},"74s":{"weight":1.0,"played":[1.0,0.0],"evs":[0.0,-3.07723]},"75s":{"weight":1.0,"played":[1.0,0.0],"evs":[0.0,-2.38269]},"76s":{"weight":1.0,"played":[1.0,0.0],"evs":[0.0,-2.29567]},"77":{"weight":1.0,"played":[1.0,0.0],"evs":[0.0,-2.02422]},"87o":{"weight":1.0,"played":[1.0,0.0],"evs":[0.0,-3.4569]},"97o":{"weight":1.0,"played":[1.0,0.0],"evs":[0.0,-3.74957]},"T7o":{"weight":1.0,"played":[1.0,0.0],"evs":[0.0,-3.85484]},"J7o":{"weight":1.0,"played":[1.0,0.0],"evs":[0.0,-4.08585]},"Q7o":{"weight":1.0,"played":[1.0,0.0],"evs":[0.0,-4.47324]},"K7o":{"weight":1.0,"played":[1.0,0.0],"evs":[0.0,-3.92994]},"A7o":{"weight":1.0,"played":[1.0,0.0],"evs":[0.0,-4.58206]},"82s":{"weight":1.0,"played":[1.0,0.0],"evs":[0.0,-3.68911]},"83s":{"weight":1.0,"played":[1.0,0.0],"evs":[0.0,-3.88083]},"84s":{"weight":1.0,"played":[1.0,0.0],"evs":[0.0,-3.30476]},"85s":{"weight":1.0,"played":[1.0,0.0],"evs":[0.0,-3.23672]},"86s":{"weight":1.0,"played":[1.0,0.0],"evs":[0.0,-2.48026]},"87s":{"weight":1.0,"played":[0.9999,1.0E-4],"evs":[0.0,-2.72286]},"88":{"weight":1.0,"played":[0.9997,3.0E-4],"evs":[0.0,-1.39002]},"98o":{"weight":1.0,"played":[1.0,0.0],"evs":[0.0,-3.55404]},"T8o":{"weight":1.0,"played":[1.0,0.0],"evs":[0.0,-3.65395]},"J8o":{"weight":1.0,"played":[1.0,0.0],"evs":[0.0,-3.60566]},"Q8o":{"weight":1.0,"played":[1.0,0.0],"evs":[0.0,-4.4021]},"K8o":{"weight":1.0,"played":[1.0,0.0],"evs":[0.0,-3.99362]},"A8o":{"weight":1.0,"played":[1.0,0.0],"evs":[0.0,-4.51153]},"92s":{"weight":1.0,"played":[1.0,0.0],"evs":[0.0,-3.54025]},"93s":{"weight":1.0,"played":[1.0,0.0],"evs":[0.0,-3.49311]},"94s":{"weight":1.0,"played":[1.0,0.0],"evs":[0.0,-3.38917]},"95s":{"weight":1.0,"played":[1.0,0.0],"evs":[0.0,-3.17342]},"96s":{"weight":1.0,"played":[1.0,0.0],"evs":[0.0,-2.791]},"97s":{"weight":1.0,"played":[0.9998,2.0E-4],"evs":[0.0,-2.52113]},"98s":{"weight":1.0,"played":[1.0,0.0],"evs":[0.0,-2.57258]},"99":{"weight":1.0,"played":[0.982,0.018],"evs":[0.0,-0.30871]},"T9o":{"weight":1.0,"played":[1.0,0.0],"evs":[0.0,-3.10007]},"J9o":{"weight":1.0,"played":[1.0,0.0],"evs":[0.0,-3.27715]},"Q9o":{"weight":1.0,"played":[1.0,0.0],"evs":[0.0,-3.76539]},"K9o":{"weight":1.0,"played":[1.0,0.0],"evs":[0.0,-3.46488]},"A9o":{"weight":1.0,"played":[1.0,0.0],"evs":[0.0,-4.30983]},"T2s":{"weight":1.0,"played":[1.0,0.0],"evs":[0.0,-3.74696]},"T3s":{"weight":1.0,"played":[1.0,0.0],"evs":[0.0,-3.46891]},"T4s":{"weight":1.0,"played":[1.0,0.0],"evs":[0.0,-3.24933]},"T5s":{"weight":1.0,"played":[1.0,0.0],"evs":[0.0,-3.07303]},"T6s":{"weight":1.0,"played":[1.0,0.0],"evs":[0.0,-3.1141]},"T7s":{"weight":1.0,"played":[1.0,0.0],"evs":[0.0,-2.5759]},"T8s":{"weight":1.0,"played":[1.0,0.0],"evs":[0.0,-2.51597]},"T9s":{"weight":1.0,"played":[0.9999,1.0E-4],"evs":[0.0,-2.19049]},"TT":{"weight":1.0,"played":[5.0E-4,0.9995],"evs":[0.0,1.27732]},"JTo":{"weight":1.0,"played":[1.0,0.0],"evs":[0.0,-2.76514]},"QTo":{"weight":1.0,"played":[1.0,0.0],"evs":[0.0,-3.31063]},"KTo":{"weight":1.0,"played":[1.0,0.0],"evs":[0.0,-2.90109]},"ATo":{"weight":1.0,"played":[1.0,0.0],"evs":[0.0,-3.60369]},"J2s":{"weight":1.0,"played":[1.0,0.0],"evs":[0.0,-3.37299]},"J3s":{"weight":1.0,"played":[1.0,0.0],"evs":[0.0,-3.34154]},"J4s":{"weight":1.0,"played":[1.0,0.0],"evs":[0.0,-3.12298]},"J5s":{"weight":1.0,"played":[1.0,0.0],"evs":[0.0,-2.99531]},"J6s":{"weight":1.0,"played":[1.0,0.0],"evs":[0.0,-3.06127]},"J7s":{"weight":1.0,"played":[1.0,0.0],"evs":[0.0,-2.75966]},"J8s":{"weight":1.0,"played":[0.9999,1.0E-4],"evs":[0.0,-2.49122]},"J9s":{"weight":1.0,"played":[1.0,0.0],"evs":[0.0,-2.08621]},"JTs":{"weight":1.0,"played":[1.0,0.0],"evs":[0.0,-1.45249]},"JJ":{"weight":1.0,"played":[0.0,1.0],"evs":[0.0,2.49463]},"QJo":{"weight":1.0,"played":[1.0,0.0],"evs":[0.0,-3.06092]},"KJo":{"weight":1.0,"played":[1.0,0.0],"evs":[0.0,-2.68694]},"AJo":{"weight":1.0,"played":[1.0,0.0],"evs":[0.0,-3.18202]},"Q2s":{"weight":1.0,"played":[1.0,0.0],"evs":[0.0,-3.5258]},"Q3s":{"weight":1.0,"played":[1.0,0.0],"evs":[0.0,-3.48594]},"Q4s":{"weight":1.0,"played":[1.0,0.0],"evs":[0.0,-3.29761]},"Q5s":{"weight":1.0,"played":[1.0,0.0],"evs":[0.0,-3.19545]},"Q6s":{"weight":1.0,"played":[1.0,0.0],"evs":[0.0,-3.1856]},"Q7s":{"weight":1.0,"played":[1.0,0.0],"evs":[0.0,-3.34382]},"Q8s":{"weight":1.0,"played":[1.0,0.0],"evs":[0.0,-3.38338]},"Q9s":{"weight":1.0,"played":[1.0,0.0],"evs":[0.0,-2.55619]},"QTs":{"weight":1.0,"played":[0.9986,0.0014],"evs":[0.0,-1.90943]},"QJs":{"weight":1.0,"played":[0.9999,1.0E-4],"evs":[0.0,-1.91912]},"QQ":{"weight":1.0,"played":[0.0,1.0],"evs":[0.0,4.96144]},"KQo":{"weight":1.0,"played":[1.0,0.0],"evs":[0.0,-2.52915]},"AQo":{"weight":1.0,"played":[1.0,0.0],"evs":[0.0,-2.12154]},"K2s":{"weight":1.0,"played":[1.0,0.0],"evs":[0.0,-2.89438]},"K3s":{"weight":1.0,"played":[1.0,0.0],"evs":[0.0,-2.75357]},"K4s":{"weight":1.0,"played":[1.0,0.0],"evs":[0.0,-2.65603]},"K5s":{"weight":1.0,"played":[1.0,0.0],"evs":[0.0,-2.65742]},"K6s":{"weight":1.0,"played":[1.0,0.0],"evs":[0.0,-2.63326]},"K7s":{"weight":1.0,"played":[1.0,0.0],"evs":[0.0,-2.34461]},"K8s":{"weight":1.0,"played":[1.0,0.0],"evs":[0.0,-2.87863]},"K9s":{"weight":1.0,"played":[1.0,0.0],"evs":[0.0,-2.15806]},"KTs":{"weight":1.0,"played":[0.9998,2.0E-4],"evs":[0.0,-1.73823]},"KJs":{"weight":1.0,"played":[0.9967,0.0033],"evs":[0.0,-1.59802]},"KQs":{"weight":1.0,"played":[1.0,0.0],"evs":[0.0,-1.49413]},"KK":{"weight":1.0,"played":[0.0,1.0],"evs":[0.0,7.80145]},"AKo":{"weight":1.0,"played":[0.2074,0.7926],"evs":[0.0,0.14608]},"A2s":{"weight":1.0,"played":[1.0,0.0],"evs":[0.0,-3.12538]},"A3s":{"weight":1.0,"played":[1.0,0.0],"evs":[0.0,-3.29243]},"A4s":{"weight":1.0,"played":[1.0,0.0],"evs":[0.0,-2.79812]},"A5s":{"weight":1.0,"played":[0.9999,1.0E-4],"evs":[0.0,-3.06229]},"A6s":{"weight":1.0,"played":[1.0,0.0],"evs":[0.0,-3.29657]},"A7s":{"weight":1.0,"played":[1.0,0.0],"evs":[0.0,-3.25713]},"A8s":{"weight":1.0,"played":[1.0,0.0],"evs":[0.0,-3.1806]},"A9s":{"weight":1.0,"played":[1.0,0.0],"evs":[0.0,-2.76583]},"ATs":{"weight":1.0,"played":[1.0,0.0],"evs":[0.0,-2.62615]},"AJs":{"weight":1.0,"played":[1.0,0.0],"evs":[0.0,-1.68624]},"AQs":{"weight":1.0,"played":[0.9999,1.0E-4],"evs":[0.0,-1.03371]},"AKs":{"weight":1.0,"played":[0.0021,0.9979],"evs":[0.0,1.31151]},"AA":{"weight":1.0,"played":[0.0,1.0],"evs":[0.0,11.07691]}}}