{"player":4,"street":0,"children":2,"sequence":[{"player":0,"type":"R","amount":29750000,"street":0},{"player":1,"type":"F","amount":0,"street":0},{"player":2,"type":"C","amount":12250000,"street":0},{"player":3,"type":"F","amount":0,"street":0},{"player":4,"type":"C","amount":27250000,"street":0},{"player":5,"type":"R","amount":57250000,"street":0}],"actions":[{"type":"F","amount":0},{"type":"C","amount":27500000}],"hands":{"22":{"weight":0.0064,"played":[0.9983,0.0017],"evs":[0.0,-0.26218]},"32o":{"weight":0.0,"played":[1.0,0.0],"evs":[0.0,-2.66144]},"42o":{"weight":0.0,"played":[1.0,0.0],"evs":[0.0,-2.62129]},"52o":{"weight":0.0,"played":[1.0,0.0],"evs":[0.0,-2.46476]},"62o":{"weight":0.0,"played":[1.0,0.0],"evs":[0.0,-2.5731]},"72o":{"weight":0.0,"played":[1.0,0.0],"evs":[0.0,-2.88987]},"82o":{"weight":0.0,"played":[1.0,0.0],"evs":[0.0,-2.47759]},"92o":{"weight":0.0,"played":[1.0,0.0],"evs":[0.0,-2.35525]},"T2o":{"weight":0.0,"played":[0.9999,1.0E-4],"evs":[0.0,-2.23899]},"J2o":{"weight":0.0,"played":[1.0,0.0],"evs":[0.0,-2.33594]},"Q2o":{"weight":0.0,"played":[1.0,0.0],"evs":[0.0,-2.25721]},"K2o":{"weight":0.0,"played":[1.0,0.0],"evs":[0.0,-2.09248]},"A2o":{"weight":0.0,"played":[1.0,0.0],"evs":[0.0,-2.26135]},"32s":{"weight":0.0,"played":[0.9977,0.0023],"evs":[0.0,-1.68834]},"33":{"weight":0.9275,"played":[0.9983,0.0017],"evs":[0.0,-0.24668]},"43o":{"weight":0.0,"played":[1.0,0.0],"evs":[0.0,-2.15824]},"53o":{"weight":0.0,"played":[1.0,0.0],"evs":[0.0,-1.7693]},"63o":{"weight":0.0,"played":[1.0,0.0],"evs":[0.0,-2.13174]},"73o":{"weight":0.0,"played":[1.0,0.0],"evs":[0.0,-2.38508]},"83o":{"weight":0.0,"played":[1.0,0.0],"evs":[0.0,-2.7987]},"93o":{"weight":0.0,"played":[1.0,0.0],"evs":[0.0,-2.26525]},"T3o":{"weight":0.0,"played":[1.0,0.0],"evs":[0.0,-2.18259]},"J3o":{"weight":0.0,"played":[1.0,0.0],"evs":[0.0,-2.14135]},"Q3o":{"weight":0.0,"played":[1.0,0.0],"evs":[0.0,-1.92659]},"K3o":{"weight":0.0,"played":[0.9999,1.0E-4],"evs":[0.0,-1.75484]},"A3o":{"weight":0.0,"played":[0.9998,2.0E-4],"evs":[0.0,-2.04064]},"42s":{"weight":0.0,"played":[0.9999,1.0E-4],"evs":[0.0,-1.42236]},"43s":{"weight":0.0,"played":[0.9994,6.0E-4],"evs":[0.0,-1.17873]},"44":{"weight":0.5422,"played":[0.9943,0.0057],"evs":[0.0,-0.24024]},"54o":{"weight":0.0,"played":[0.9995,5.0E-4],"evs":[0.0,-1.51213]},"64o":{"weight":0.0,"played":[0.9997,3.0E-4],"evs":[0.0,-1.70708]},"74o":{"weight":0.0,"played":[1.0,0.0],"evs":[0.0,-2.09336]},"84o":{"weight":0.0,"played":[0.9998,2.0E-4],"evs":[0.0,-2.12408]},"94o":{"weight":0.0,"played":[1.0,0.0],"evs":[0.0,-2.32378]},"T4o":{"weight":0.0,"played":[1.0,0.0],"evs":[0.0,-1.73741]},"J4o":{"weight":0.0,"played":[1.0,0.0],"evs":[0.0,-2.0196]},"Q4o":{"weight":0.0,"played":[1.0,0.0],"evs":[0.0,-1.85698]},"K4o":{"weight":0.0,"played":[0.9999,1.0E-4],"evs":[0.0,-1.84277]},"A4o":{"weight":0.0,"played":[0.9996,4.0E-4],"evs":[0.0,-1.81826]},"52s":{"weight":0.0,"played":[0.9967,0.0033],"evs":[0.0,-1.1974]},"53s":{"weight":0.0,"played":[0.9971,0.0029],"evs":[0.0,-0.74562]},"54s":{"weight":0.0,"played":[0.949,0.051],"evs":[0.0,-0.03013]},"55":{"weight":0.0428,"played":[0.1058,0.8942],"evs":[0.0,0.31294]},"65o":{"weight":0.0,"played":[0.9998,2.0E-4],"evs":[0.0,-1.27551]},"75o":{"weight":0.0,"played":[0.9998,2.0E-4],"evs":[0.0,-1.69221]},"85o":{"weight":0.0,"played":[1.0,0.0],"evs":[0.0,-1.68246]},"95o":{"weight":0.0,"played":[0.9999,1.0E-4],"evs":[0.0,-1.96856]},"T5o":{"weight":0.0,"played":[0.9998,2.0E-4],"evs":[0.0,-2.02998]},"J5o":{"weight":0.0,"played":[1.0,0.0],"evs":[0.0,-1.82933]},"Q5o":{"weight":0.0,"played":[1.0,0.0],"evs":[0.0,-1.96852]},"K5o":{"weight":0.0,"played":[0.9998,2.0E-4],"evs":[0.0,-1.70115]},"A5o":{"weight":0.0,"played":[0.9995,5.0E-4],"evs":[0.0,-1.8168]},"62s":{"weight":0.0,"played":[0.9999,1.0E-4],"evs":[0.0,-1.65298]},"63s":{"weight":0.0,"played":[0.9999,1.0E-4],"evs":[0.0,-0.9018]},"64s":{"weight":0.0,"played":[0.9998,2.0E-4],"evs":[0.0,-0.6236]},"65s":{"weight":0.0,"played":[0.9867,0.0133],"evs":[0.0,-0.27436]},"66":{"weight":0.0295,"played":[0.0348,0.9652],"evs":[0.0,0.48101]},"76o":{"weight":0.0,"played":[0.9996,4.0E-4],"evs":[0.0,-1.10694]},"86o":{"weight":0.0,"played":[0.9997,3.0E-4],"evs":[0.0,-1.31267]},"96o":{"weight":0.0,"played":[1.0,0.0],"evs":[0.0,-1.57466]},"T6o":{"weight":0.0,"played":[1.0,0.0],"evs":[0.0,-1.55096]},"J6o":{"weight":0.0,"played":[1.0,0.0],"evs":[0.0,-1.96205]},"Q6o":{"weight":0.0,"played":[0.9998,2.0E-4],"evs":[0.0,-1.86624]},"K6o":{"weight":0.0,"played":[0.9999,1.0E-4],"evs":[0.0,-1.46163]},"A6o":{"weight":0.0,"played":[0.9999,1.0E-4],"evs":[0.0,-2.10484]},"72s":{"weight":0.0,"played":[0.9999,1.0E-4],"evs":[0.0,-1.89453]},"73s":{"weight":0.0,"played":[1.0,0.0],"evs":[0.0,-1.07444]},"74s":{"weight":0.0,"played":[0.9977,0.0023],"evs":[0.0,-1.05929]},"75s":{"weight":0.0,"played":[0.9989,0.0011],"evs":[0.0,-0.65172]},"76s":{"weight":0.0,"played":[0.0702,0.9298],"evs":[0.0,0.21203]},"77":{"weight":0.005,"played":[0.0,1.0],"evs":[0.0,1.93348]},"87o":{"weight":0.0,"played":[0.9991,9.0E-4],"evs":[0.0,-0.79908]},"97o":{"weight":0.0,"played":[0.9993,7.0E-4],"evs":[0.0,-1.03944]},"T7o":{"weight":0.0,"played":[0.9996,4.0E-4],"evs":[0.0,-1.03268]},"J7o":{"weight":0.0,"played":[0.9999,1.0E-4],"evs":[0.0,-1.44684]},"Q7o":{"weight":0.0,"played":[0.9999,1.0E-4],"evs":[0.0,-1.51058]},"K7o":{"weight":0.0,"played":[0.9997,3.0E-4],"evs":[0.0,-1.32117]},"A7o":{"weight":0.0,"played":[0.9999,1.0E-4],"evs":[0.0,-1.89888]},"82s":{"weight":0.0,"played":[0.9995,5.0E-4],"evs":[0.0,-1.31295]},"83s":{"weight":0.0,"played":[0.9998,2.0E-4],"evs":[0.0,-1.71181]},"84s":{"weight":0.0,"played":[1.0,0.0],"evs":[0.0,-0.84147]},"85s":{"weight":0.0,"played":[1.0,0.0],"evs":[0.0,-0.52221]},"86s":{"weight":0.0,"played":[0.6721,0.3279],"evs":[0.0,0.18329]},"87s":{"weight":0.0,"played":[0.004,0.996],"evs":[0.0,0.19814]},"88":{"weight":0.0048,"played":[0.0,1.0],"evs":[0.0,2.83125]},"98o":{"weight":0.0,"played":[0.9969,0.0031],"evs":[0.0,-0.5173]},"T8o":{"weight":0.0,"played":[0.9999,1.0E-4],"evs":[0.0,-0.57922]},"J8o":{"weight":0.0,"played":[0.9986,0.0014],"evs":[0.0,-0.87187]},"Q8o":{"weight":0.0,"played":[0.9998,2.0E-4],"evs":[0.0,-1.13361]},"K8o":{"weight":0.0,"played":[0.9996,4.0E-4],"evs":[0.0,-1.10506]},"A8o":{"weight":0.0,"played":[0.9997,3.0E-4],"evs":[0.0,-1.3386]},"92s":{"weight":0.0,"played":[0.9998,2.0E-4],"evs":[0.0,-1.41875]},"93s":{"weight":0.0,"played":[0.9945,0.0055],"evs":[0.0,-1.08472]},"94s":{"weight":0.0,"played":[0.9993,7.0E-4],"evs":[0.0,-1.26787]},"95s":{"weight":0.0,"played":[0.9999,1.0E-4],"evs":[0.0,-0.73039]},"96s":{"weight":0.0,"played":[0.9364,0.0636],"evs":[0.0,-0.18102]},"97s":{"weight":0.0,"played":[0.4173,0.5827],"evs":[0.0,0.12359]},"98s":{"weight":0.0,"played":[0.0305,0.9695],"evs":[0.0,1.12238]},"99":{"weight":0.0179,"played":[0.0,1.0],"evs":[0.0,4.16414]},"T9o":{"weight":0.0,"played":[0.2441,0.7559],"evs":[0.0,0.03518]},"J9o":{"weight":0.0,"played":[0.9801,0.0199],"evs":[0.0,-0.43436]},"Q9o":{"weight":0.0,"played":[0.9996,4.0E-4],"evs":[0.0,-0.55493]},"K9o":{"weight":0.0,"played":[0.9986,0.0014],"evs":[0.0,-0.70497]},"A9o":{"weight":0.0,"played":[0.9989,0.0011],"evs":[0.0,-1.36192]},"T2s":{"weight":0.0,"played":[0.9927,0.0073],"evs":[0.0,-0.94431]},"T3s":{"weight":0.0,"played":[0.9997,3.0E-4],"evs":[0.0,-0.78662]},"T4s":{"weight":0.0,"played":[0.9989,0.0011],"evs":[0.0,-0.56012]},"T5s":{"weight":0.0,"played":[0.9965,0.0035],"evs":[0.0,-0.68678]},"T6s":{"weight":0.0,"played":[0.9997,3.0E-4],"evs":[0.0,-0.4672]},"T7s":{"weight":0.0,"played":[0.4522,0.5478],"evs":[0.0,0.3493]},"T8s":{"weight":0.0,"played":[0.0388,0.9612],"evs":[0.0,0.49309]},"T9s":{"weight":0.0,"played":[0.0,1.0],"evs":[0.0,1.53465]},"TT":{"weight":0.0025,"played":[0.0,1.0],"evs":[0.0,5.75101]},"JTo":{"weight":0.0,"played":[0.0772,0.9228],"evs":[0.0,0.16318]},"QTo":{"weight":0.0,"played":[0.7719,0.2281],"evs":[0.0,-0.03677]},"KTo":{"weight":0.0,"played":[0.8543,0.1457],"evs":[0.0,0.04873]},"ATo":{"weight":0.9283,"played":[0.9966,0.0034],"evs":[0.0,-0.60103]},"J2s":{"weight":0.0,"played":[0.9953,0.0047],"evs":[0.0,-0.70655]},"J3s":{"weight":0.0,"played":[0.9996,4.0E-4],"evs":[0.0,-0.85772]},"J4s":{"weight":0.0,"played":[0.9994,6.0E-4],"evs":[0.0,-0.91223]},"J5s":{"weight":0.0,"played":[0.999,0.001],"evs":[0.0,-0.73345]},"J6s":{"weight":0.0,"played":[0.9999,1.0E-4],"evs":[0.0,-0.98084]},"J7s":{"weight":0.0,"played":[0.9787,0.0213],"evs":[0.0,-0.23141]},"J8s":{"weight":0.0,"played":[0.0147,0.9853],"evs":[0.0,0.29843]},"J9s":{"weight":0.0,"played":[3.0E-4,0.9997],"evs":[0.0,0.86592]},"JTs":{"weight":0.0018,"played":[1.0E-4,0.9999],"evs":[0.0,1.10829]},"JJ":{"weight":0.8766,"played":[0.0,1.0],"evs":[0.0,6.91934]},"QJo":{"weight":0.0,"played":[0.2003,0.7997],"evs":[0.0,0.13139]},"KJo":{"weight":0.0,"played":[0.0532,0.9468],"evs":[0.0,0.12039]},"AJo":{"weight":0.4453,"played":[0.9983,0.0017],"evs":[0.0,-0.1027]},"Q2s":{"weight":0.0,"played":[0.9998,2.0E-4],"evs":[0.0,-0.8498]},"Q3s":{"weight":0.0,"played":[0.9929,0.0071],"evs":[0.0,-0.84366]},"Q4s":{"weight":0.0,"played":[0.9964,0.0036],"evs":[0.0,-0.85083]},"Q5s":{"weight":0.0,"played":[0.9962,0.0038],"evs":[0.0,-0.84671]},"Q6s":{"weight":0.0,"played":[0.9987,0.0013],"evs":[0.0,-0.43888]},"Q7s":{"weight":0.0,"played":[0.9997,3.0E-4],"evs":[0.0,-0.68579]},"Q8s":{"weight":0.0,"played":[0.987,0.013],"evs":[0.0,-0.06786]},"Q9s":{"weight":0.0,"played":[0.1147,0.8853],"evs":[0.0,0.64649]},"QTs":{"weight":4.0E-4,"played":[0.0112,0.9888],"evs":[0.0,1.13235]},"QJs":{"weight":0.0012,"played":[0.0,1.0],"evs":[0.0,0.75426]},"QQ":{"weight":0.8474,"played":[0.0,1.0],"evs":[0.0,9.09063]},"KQo":{"weight":0.0014,"played":[0.0029,0.9971],"evs":[0.0,0.38135]},"AQo":{"weight":0.0862,"played":[0.0,1.0],"evs":[0.0,1.18086]},"K2s":{"weight":0.0,"played":[0.9905,0.0095],"evs":[0.0,-0.68872]},"K3s":{"weight":0.0,"played":[0.9967,0.0033],"evs":[0.0,-0.51325]},"K4s":{"weight":0.0,"played":[0.9984,0.0016],"evs":[0.0,-0.23589]},"K5s":{"weight":0.0,"played":[0.9621,0.0379],"evs":[0.0,-0.29758]},"K6s":{"weight":0.0,"played":[0.4886,0.5114],"evs":[0.0,-0.16075]},"K7s":{"weight":0.0,"played":[0.8762,0.1238],"evs":[0.0,-0.04685]},"K8s":{"weight":0.0,"played":[0.4019,0.5981],"evs":[0.0,0.02017]},"K9s":{"weight":0.0,"played":[0.2002,0.7998],"evs":[0.0,0.57436]},"KTs":{"weight":0.1332,"played":[6.0E-4,0.9994],"evs":[0.0,1.13045]},"KJs":{"weight":0.0032,"played":[1.0E-4,0.9999],"evs":[0.0,1.69546]},"KQs":{"weight":0.0111,"played":[0.0,1.0],"evs":[0.0,1.30846]},"KK":{"weight":0.9581,"played":[0.0,1.0],"evs":[0.0,11.91385]},"AKo":{"weight":0.1121,"played":[0.0,1.0],"evs":[0.0,2.82252]},"A2s":{"weight":0.0,"played":[0.9757,0.0243],"evs":[0.0,-1.02034]},"A3s":{"weight":0.0,"played":[0.9754,0.0246],"evs":[0.0,-0.75798]},"A4s":{"weight":0.0,"played":[0.9986,0.0014],"evs":[0.0,-0.60838]},"A5s":{"weight":0.0,"played":[0.9769,0.0231],"evs":[0.0,-0.32645]},"A6s":{"weight":0.0,"played":[0.9974,0.0026],"evs":[0.0,-1.02331]},"A7s":{"weight":0.0,"played":[0.9971,0.0029],"evs":[0.0,-0.7367]},"A8s":{"weight":1.0E-4,"played":[0.9981,0.0019],"evs":[0.0,-0.30405]},"A9s":{"weight":0.0111,"played":[0.4594,0.5406],"evs":[0.0,-0.1248]},"ATs":{"weight":5.0E-4,"played":[0.0124,0.9876],"evs":[0.0,0.65021]},"AJs":{"weight":9.0E-4,"played":[0.0049,0.9951],"evs":[0.0,1.11246]},"AQs":{"weight":0.4499,"played":[0.0,1.0],"evs":[0.0,2.21153]},"AKs":{"weight":0.7413,"played":[0.0,1.0],"evs":[0.0,3.67528]},"AA":{"weight":0.9947,"played":[0.0,1.0],"evs":[0.0,14.55863]}}}