{"player":5,"street":0,"children":2,"sequence":[{"player":0,"type":"R","amount":29750000,"street":0},{"player":1,"type":"F","amount":0,"street":0},{"player":2,"type":"C","amount":12250000,"street":0},{"player":3,"type":"F","amount":0,"street":0},{"player":4,"type":"R","amount":57250000,"street":0}],"actions":[{"type":"F","amount":0},{"type":"C","amount":52250000}],"hands":{"22":{"weight":1.0,"played":[1.0,0.0],"evs":[0.0,-1.98029]},"32o":{"weight":1.0,"played":[1.0,0.0],"evs":[0.0,-4.53836]},"42o":{"weight":1.0,"played":[1.0,0.0],"evs":[0.0,-4.32204]},"52o":{"weight":1.0,"played":[1.0,0.0],"evs":[0.0,-4.07859]},"62o":{"weight":1.0,"played":[1.0,0.0],"evs":[0.0,-4.20615]},"72o":{"weight":1.0,"played":[1.0,0.0],"evs":[0.0,-4.43266]},"82o":{"weight":1.0,"played":[1.0,0.0],"evs":[0.0,-4.0902]},"92o":{"weight":1.0,"played":[1.0,0.0],"evs":[0.0,-3.94567]},"T2o":{"weight":1.0,"played":[1.0,0.0],"evs":[0.0,-3.76899]},"J2o":{"weight":1.0,"played":[1.0,0.0],"evs":[0.0,-3.89353]},"Q2o":{"weight":1.0,"played":[1.0,0.0],"evs":[0.0,-3.71324]},"K2o":{"weight":1.0,"played":[1.0,0.0],"evs":[0.0,-3.90183]},"A2o":{"weight":1.0,"played":[1.0,0.0],"evs":[0.0,-4.04283]},"32s":{"weight":1.0,"played":[1.0,0.0],"evs":[0.0,-3.60218]},"33":{"weight":1.0,"played":[1.0,0.0],"evs":[0.0,-1.7213]},"43o":{"weight":1.0,"played":[1.0,0.0],"evs":[0.0,-3.9403]},"53o":{"weight":1.0,"played":[1.0,0.0],"evs":[0.0,-3.69807]},"63o":{"weight":1.0,"played":[1.0,0.0],"evs":[0.0,-3.70181]},"73o":{"weight":1.0,"played":[1.0,0.0],"evs":[0.0,-4.0162]},"83o":{"weight":1.0,"played":[1.0,0.0],"evs":[0.0,-4.03843]},"93o":{"weight":1.0,"played":[1.0,0.0],"evs":[0.0,-3.86574]},"T3o":{"weight":1.0,"played":[1.0,0.0],"evs":[0.0,-3.72542]},"J3o":{"weight":1.0,"played":[1.0,0.0],"evs":[0.0,-3.83133]},"Q3o":{"weight":1.0,"played":[1.0,0.0],"evs":[0.0,-3.55224]},"K3o":{"weight":1.0,"played":[1.0,0.0],"evs":[0.0,-3.69699]},"A3o":{"weight":1.0,"played":[1.0,0.0],"evs":[0.0,-4.02106]},"42s":{"weight":1.0,"played":[1.0,0.0],"evs":[0.0,-3.2887]},"43s":{"weight":1.0,"played":[1.0,0.0],"evs":[0.0,-2.80359]},"44":{"weight":1.0,"played":[0.9999,1.0E-4],"evs":[0.0,-1.71588]},"54o":{"weight":1.0,"played":[1.0,0.0],"evs":[0.0,-3.26558]},"64o":{"weight":1.0,"played":[1.0,0.0],"evs":[0.0,-3.28754]},"74o":{"weight":1.0,"played":[1.0,0.0],"evs":[0.0,-3.53294]},"84o":{"weight":1.0,"played":[1.0,0.0],"evs":[0.0,-3.67328]},"94o":{"weight":1.0,"played":[1.0,0.0],"evs":[0.0,-3.78851]},"T4o":{"weight":1.0,"played":[1.0,0.0],"evs":[0.0,-3.64403]},"J4o":{"weight":1.0,"played":[1.0,0.0],"evs":[0.0,-3.5898]},"Q4o":{"weight":1.0,"played":[1.0,0.0],"evs":[0.0,-3.55286]},"K4o":{"weight":1.0,"played":[1.0,0.0],"evs":[0.0,-3.50271]},"A4o":{"weight":1.0,"played":[1.0,0.0],"evs":[0.0,-3.81949]},"52s":{"weight":1.0,"played":[1.0,0.0],"evs":[0.0,-2.96517]},"53s":{"weight":1.0,"played":[1.0,0.0],"evs":[0.0,-2.57257]},"54s":{"weight":1.0,"played":[1.0,0.0],"evs":[0.0,-2.44068]},"55":{"weight":1.0,"played":[0.9989,0.0011],"evs":[0.0,-0.7515]},"65o":{"weight":1.0,"played":[1.0,0.0],"evs":[0.0,-2.68121]},"75o":{"weight":1.0,"played":[1.0,0.0],"evs":[0.0,-3.08107]},"85o":{"weight":1.0,"played":[1.0,0.0],"evs":[0.0,-3.01136]},"95o":{"weight":1.0,"played":[1.0,0.0],"evs":[0.0,-3.24762]},"T5o":{"weight":1.0,"played":[1.0,0.0],"evs":[0.0,-3.46448]},"J5o":{"weight":1.0,"played":[1.0,0.0],"evs":[0.0,-3.42656]},"Q5o":{"weight":1.0,"played":[1.0,0.0],"evs":[0.0,-3.31359]},"K5o":{"weight":1.0,"played":[1.0,0.0],"evs":[0.0,-3.17602]},"A5o":{"weight":1.0,"played":[1.0,0.0],"evs":[0.0,-3.44361]},"62s":{"weight":1.0,"played":[1.0,0.0],"evs":[0.0,-3.19704]},"63s":{"weight":1.0,"played":[1.0,0.0],"evs":[0.0,-2.80375]},"64s":{"weight":1.0,"played":[1.0,0.0],"evs":[0.0,-2.31326]},"65s":{"weight":1.0,"played":[0.9998,2.0E-4],"evs":[0.0,-1.86091]},"66":{"weight":1.0,"played":[0.0069,0.9931],"evs":[0.0,0.2155]},"76o":{"weight":1.0,"played":[1.0,0.0],"evs":[0.0,-2.46947]},"86o":{"weight":1.0,"played":[1.0,0.0],"evs":[0.0,-2.57337]},"96o":{"weight":1.0,"played":[1.0,0.0],"evs":[0.0,-2.69717]},"T6o":{"weight":1.0,"played":[1.0,0.0],"evs":[0.0,-2.85715]},"J6o":{"weight":1.0,"played":[1.0,0.0],"evs":[0.0,-3.24624]},"Q6o":{"weight":1.0,"played":[1.0,0.0],"evs":[0.0,-3.01373]},"K6o":{"weight":1.0,"played":[1.0,0.0],"evs":[0.0,-3.04468]},"A6o":{"weight":1.0,"played":[1.0,0.0],"evs":[0.0,-3.67204]},"72s":{"weight":1.0,"played":[1.0,0.0],"evs":[0.0,-3.45313]},"73s":{"weight":1.0,"played":[1.0,0.0],"evs":[0.0,-3.00131]},"74s":{"weight":1.0,"played":[1.0,0.0],"evs":[0.0,-2.44044]},"75s":{"weight":1.0,"played":[1.0,0.0],"evs":[0.0,-1.97591]},"76s":{"weight":1.0,"played":[1.0,0.0],"evs":[0.0,-1.38441]},"77":{"weight":1.0,"played":[0.0,1.0],"evs":[0.0,1.1698]},"87o":{"weight":1.0,"played":[1.0,0.0],"evs":[0.0,-2.08882]},"97o":{"weight":1.0,"played":[1.0,0.0],"evs":[0.0,-2.31462]},"T7o":{"weight":1.0,"played":[1.0,0.0],"evs":[0.0,-2.5072]},"J7o":{"weight":1.0,"played":[1.0,0.0],"evs":[0.0,-2.75078]},"Q7o":{"weight":1.0,"played":[1.0,0.0],"evs":[0.0,-2.8834]},"K7o":{"weight":1.0,"played":[1.0,0.0],"evs":[0.0,-2.85549]},"A7o":{"weight":1.0,"played":[1.0,0.0],"evs":[0.0,-3.33149]},"82s":{"weight":1.0,"played":[1.0,0.0],"evs":[0.0,-3.15612]},"83s":{"weight":1.0,"played":[1.0,0.0],"evs":[0.0,-2.85902]},"84s":{"weight":1.0,"played":[1.0,0.0],"evs":[0.0,-2.69163]},"85s":{"weight":1.0,"played":[1.0,0.0],"evs":[0.0,-2.0764]},"86s":{"weight":1.0,"played":[1.0,0.0],"evs":[0.0,-1.57454]},"87s":{"weight":1.0,"played":[1.0,0.0],"evs":[0.0,-1.33855]},"88":{"weight":1.0,"played":[0.0,1.0],"evs":[0.0,2.4174]},"98o":{"weight":1.0,"played":[1.0,0.0],"evs":[0.0,-1.84179]},"T8o":{"weight":1.0,"played":[1.0,0.0],"evs":[0.0,-2.02218]},"J8o":{"weight":1.0,"played":[1.0,0.0],"evs":[0.0,-2.31513]},"Q8o":{"weight":1.0,"played":[1.0,0.0],"evs":[0.0,-2.38302]},"K8o":{"weight":1.0,"played":[1.0,0.0],"evs":[0.0,-2.65442]},"A8o":{"weight":1.0,"played":[1.0,0.0],"evs":[0.0,-2.96748]},"92s":{"weight":1.0,"played":[1.0,0.0],"evs":[0.0,-2.89532]},"93s":{"weight":1.0,"played":[1.0,0.0],"evs":[0.0,-2.8059]},"94s":{"weight":1.0,"played":[1.0,0.0],"evs":[0.0,-2.88605]},"95s":{"weight":1.0,"played":[1.0,0.0],"evs":[0.0,-2.48506]},"96s":{"weight":1.0,"played":[1.0,0.0],"evs":[0.0,-1.76835]},"97s":{"weight":1.0,"played":[0.9998,2.0E-4],"evs":[0.0,-1.43132]},"98s":{"weight":1.0,"played":[1.0,0.0],"evs":[0.0,-0.86775]},"99":{"weight":1.0,"played":[0.0,1.0],"evs":[0.0,3.49986]},"T9o":{"weight":1.0,"played":[1.0,0.0],"evs":[0.0,-1.4311]},"J9o":{"weight":1.0,"played":[1.0,0.0],"evs":[0.0,-1.97932]},"Q9o":{"weight":1.0,"played":[1.0,0.0],"evs":[0.0,-1.96248]},"K9o":{"weight":1.0,"played":[1.0,0.0],"evs":[0.0,-2.35106]},"A9o":{"weight":1.0,"played":[1.0,0.0],"evs":[0.0,-2.68214]},"T2s":{"weight":1.0,"played":[1.0,0.0],"evs":[0.0,-2.69631]},"T3s":{"weight":1.0,"played":[1.0,0.0],"evs":[0.0,-2.49717]},"T4s":{"weight":1.0,"played":[1.0,0.0],"evs":[0.0,-2.45591]},"T5s":{"weight":1.0,"played":[1.0,0.0],"evs":[0.0,-2.37896]},"T6s":{"weight":1.0,"played":[1.0,0.0],"evs":[0.0,-1.88387]},"T7s":{"weight":1.0,"played":[1.0,0.0],"evs":[0.0,-1.48684]},"T8s":{"weight":1.0,"played":[0.9999,1.0E-4],"evs":[0.0,-0.88701]},"T9s":{"weight":1.0,"played":[0.9999,1.0E-4],"evs":[0.0,-0.64944]},"TT":{"weight":1.0,"played":[0.0,1.0],"evs":[0.0,5.19087]},"JTo":{"weight":1.0,"played":[1.0,0.0],"evs":[0.0,-1.34024]},"QTo":{"weight":1.0,"played":[1.0,0.0],"evs":[0.0,-1.38433]},"KTo":{"weight":1.0,"played":[1.0,0.0],"evs":[0.0,-1.67695]},"ATo":{"weight":1.0,"played":[1.0,0.0],"evs":[0.0,-1.84709]},"J2s":{"weight":1.0,"played":[1.0,0.0],"evs":[0.0,-2.87248]},"J3s":{"weight":1.0,"played":[1.0,0.0],"evs":[0.0,-2.83695]},"J4s":{"weight":1.0,"played":[1.0,0.0],"evs":[0.0,-2.60744]},"J5s":{"weight":1.0,"played":[1.0,0.0],"evs":[0.0,-2.1936]},"J6s":{"weight":1.0,"played":[1.0,0.0],"evs":[0.0,-2.33514]},"J7s":{"weight":1.0,"played":[1.0,0.0],"evs":[0.0,-1.8225]},"J8s":{"weight":1.0,"played":[0.9996,4.0E-4],"evs":[0.0,-1.43257]},"J9s":{"weight":1.0,"played":[1.0,0.0],"evs":[0.0,-0.77622]},"JTs":{"weight":1.0,"played":[0.9996,4.0E-4],"evs":[0.0,-0.50816]},"JJ":{"weight":1.0,"played":[0.0,1.0],"evs":[0.0,6.19518]},"QJo":{"weight":1.0,"played":[1.0,0.0],"evs":[0.0,-1.61777]},"KJo":{"weight":1.0,"played":[1.0,0.0],"evs":[0.0,-1.52672]},"AJo":{"weight":1.0,"played":[1.0,0.0],"evs":[0.0,-1.1081]},"Q2s":{"weight":1.0,"played":[1.0,0.0],"evs":[0.0,-2.83524]},"Q3s":{"weight":1.0,"played":[1.0,0.0],"evs":[0.0,-2.59655]},"Q4s":{"weight":1.0,"played":[1.0,0.0],"evs":[0.0,-2.36691]},"Q5s":{"weight":1.0,"played":[1.0,0.0],"evs":[0.0,-2.20196]},"Q6s":{"weight":1.0,"played":[1.0,0.0],"evs":[0.0,-1.93415]},"Q7s":{"weight":1.0,"played":[1.0,0.0],"evs":[0.0,-1.69723]},"Q8s":{"weight":1.0,"played":[1.0,0.0],"evs":[0.0,-1.35652]},"Q9s":{"weight":1.0,"played":[0.9999,1.0E-4],"evs":[0.0,-0.98221]},"QTs":{"weight":1.0,"played":[0.9999,1.0E-4],"evs":[0.0,-0.40568]},"QJs":{"weight":1.0,"played":[0.9991,9.0E-4],"evs":[0.0,-0.88742]},"QQ":{"weight":1.0,"played":[0.0,1.0],"evs":[0.0,7.37399]},"KQo":{"weight":1.0,"played":[0.9998,2.0E-4],"evs":[0.0,-1.03734]},"AQo":{"weight":1.0,"played":[0.3795,0.6205],"evs":[0.0,0.0291]},"K2s":{"weight":1.0,"played":[1.0,0.0],"evs":[0.0,-2.78597]},"K3s":{"weight":1.0,"played":[1.0,0.0],"evs":[0.0,-2.57862]},"K4s":{"weight":1.0,"played":[1.0,0.0],"evs":[0.0,-2.41681]},"K5s":{"weight":1.0,"played":[1.0,0.0],"evs":[0.0,-2.22443]},"K6s":{"weight":1.0,"played":[0.9998,2.0E-4],"evs":[0.0,-2.06966]},"K7s":{"weight":1.0,"played":[1.0,0.0],"evs":[0.0,-1.73137]},"K8s":{"weight":1.0,"played":[1.0,0.0],"evs":[0.0,-1.75472]},"K9s":{"weight":1.0,"played":[1.0,0.0],"evs":[0.0,-1.17427]},"KTs":{"weight":1.0,"played":[0.9998,2.0E-4],"evs":[0.0,-0.63545]},"KJs":{"weight":1.0,"played":[0.9978,0.0022],"evs":[0.0,-0.43345]},"KQs":{"weight":1.0,"played":[0.3234,0.6766],"evs":[0.0,0.0378]},"KK":{"weight":1.0,"played":[0.0,1.0],"evs":[0.0,8.92926]},"AKo":{"weight":1.0,"played":[0.0,1.0],"evs":[0.0,1.17994]},"A2s":{"weight":1.0,"played":[1.0,0.0],"evs":[0.0,-2.73597]},"A3s":{"weight":1.0,"played":[1.0,0.0],"evs":[0.0,-2.81214]},"A4s":{"weight":1.0,"played":[1.0,0.0],"evs":[0.0,-2.65713]},"A5s":{"weight":1.0,"played":[1.0,0.0],"evs":[0.0,-2.44464]},"A6s":{"weight":1.0,"played":[1.0,0.0],"evs":[0.0,-2.67808]},"A7s":{"weight":1.0,"played":[1.0,0.0],"evs":[0.0,-2.04383]},"A8s":{"weight":1.0,"played":[1.0,0.0],"evs":[0.0,-1.9118]},"A9s":{"weight":1.0,"played":[1.0,0.0],"evs":[0.0,-1.52451]},"ATs":{"weight":1.0,"played":[1.0,0.0],"evs":[0.0,-0.54546]},"AJs":{"weight":1.0,"played":[0.9243,0.0757],"evs":[0.0,-0.1203]},"AQs":{"weight":1.0,"played":[0.0,1.0],"evs":[0.0,1.10723]},"AKs":{"weight":1.0,"played":[0.0,1.0],"evs":[0.0,2.10028]},"AA":{"weight":1.0,"played":[0.0,1.0],"evs":[0.0,10.52947]}}}