{"player":5,"street":0,"children":2,"sequence":[{"player":0,"type":"R","amount":29750000,"street":0},{"player":1,"type":"F","amount":0,"street":0},{"player":2,"type":"C","amount":12250000,"street":0},{"player":3,"type":"R","amount":35250000,"street":0},{"player":4,"type":"F","amount":0,"street":0}],"actions":[{"type":"F","amount":0},{"type":"C","amount":30250000}],"hands":{"22":{"weight":1.0,"played":[0.9999,1.0E-4],"evs":[0.0,-0.24134]},"32o":{"weight":1.0,"played":[1.0,0.0],"evs":[0.0,-1.61575]},"42o":{"weight":1.0,"played":[1.0,0.0],"evs":[0.0,-1.44863]},"52o":{"weight":1.0,"played":[1.0,0.0],"evs":[0.0,-1.39238]},"62o":{"weight":1.0,"played":[1.0,0.0],"evs":[0.0,-1.70378]},"72o":{"weight":1.0,"played":[1.0,0.0],"evs":[0.0,-2.00034]},"82o":{"weight":1.0,"played":[1.0,0.0],"evs":[0.0,-1.73438]},"92o":{"weight":1.0,"played":[1.0,0.0],"evs":[0.0,-1.70712]},"T2o":{"weight":1.0,"played":[1.0,0.0],"evs":[0.0,-1.47081]},"J2o":{"weight":1.0,"played":[1.0,0.0],"evs":[0.0,-1.71502]},"Q2o":{"weight":1.0,"played":[1.0,0.0],"evs":[0.0,-1.55612]},"K2o":{"weight":1.0,"played":[1.0,0.0],"evs":[0.0,-1.28235]},"A2o":{"weight":1.0,"played":[1.0,0.0],"evs":[0.0,-1.83131]},"32s":{"weight":1.0,"played":[0.9996,4.0E-4],"evs":[0.0,-0.88649]},"33":{"weight":1.0,"played":[0.989,0.011],"evs":[0.0,-0.26212]},"43o":{"weight":1.0,"played":[1.0,0.0],"evs":[0.0,-1.20856]},"53o":{"weight":1.0,"played":[1.0,0.0],"evs":[0.0,-1.10195]},"63o":{"weight":1.0,"played":[1.0,0.0],"evs":[0.0,-1.21657]},"73o":{"weight":1.0,"played":[1.0,0.0],"evs":[0.0,-1.60239]},"83o":{"weight":1.0,"played":[1.0,0.0],"evs":[0.0,-1.75837]},"93o":{"weight":1.0,"played":[1.0,0.0],"evs":[0.0,-1.64845]},"T3o":{"weight":1.0,"played":[1.0,0.0],"evs":[0.0,-1.61751]},"J3o":{"weight":1.0,"played":[1.0,0.0],"evs":[0.0,-1.48348]},"Q3o":{"weight":1.0,"played":[1.0,0.0],"evs":[0.0,-1.44792]},"K3o":{"weight":1.0,"played":[1.0,0.0],"evs":[0.0,-1.11238]},"A3o":{"weight":1.0,"played":[1.0,0.0],"evs":[0.0,-1.74728]},"42s":{"weight":1.0,"played":[0.9999,1.0E-4],"evs":[0.0,-0.75766]},"43s":{"weight":1.0,"played":[1.0,0.0],"evs":[0.0,-0.2389]},"44":{"weight":1.0,"played":[0.6023,0.3977],"evs":[0.0,-0.11069]},"54o":{"weight":1.0,"played":[1.0,0.0],"evs":[0.0,-0.72292]},"64o":{"weight":1.0,"played":[1.0,0.0],"evs":[0.0,-1.03934]},"74o":{"weight":1.0,"played":[1.0,0.0],"evs":[0.0,-1.3092]},"84o":{"weight":1.0,"played":[1.0,0.0],"evs":[0.0,-1.4324]},"94o":{"weight":1.0,"played":[1.0,0.0],"evs":[0.0,-1.60444]},"T4o":{"weight":1.0,"played":[1.0,0.0],"evs":[0.0,-1.37274]},"J4o":{"weight":1.0,"played":[1.0,0.0],"evs":[0.0,-1.3947]},"Q4o":{"weight":1.0,"played":[1.0,0.0],"evs":[0.0,-1.49442]},"K4o":{"weight":1.0,"played":[0.9999,1.0E-4],"evs":[0.0,-1.06333]},"A4o":{"weight":1.0,"played":[1.0,0.0],"evs":[0.0,-1.50601]},"52s":{"weight":1.0,"played":[0.9998,2.0E-4],"evs":[0.0,-0.60338]},"53s":{"weight":1.0,"played":[0.9899,0.0101],"evs":[0.0,-0.37419]},"54s":{"weight":1.0,"played":[0.2413,0.7587],"evs":[0.0,0.11461]},"55":{"weight":1.0,"played":[0.0294,0.9706],"evs":[0.0,0.27591]},"65o":{"weight":1.0,"played":[1.0,0.0],"evs":[0.0,-0.64336]},"75o":{"weight":1.0,"played":[1.0,0.0],"evs":[0.0,-1.00196]},"85o":{"weight":1.0,"played":[1.0,0.0],"evs":[0.0,-1.08403]},"95o":{"weight":1.0,"played":[1.0,0.0],"evs":[0.0,-1.26068]},"T5o":{"weight":1.0,"played":[1.0,0.0],"evs":[0.0,-1.44323]},"J5o":{"weight":1.0,"played":[1.0,0.0],"evs":[0.0,-1.22836]},"Q5o":{"weight":1.0,"played":[1.0,0.0],"evs":[0.0,-1.30956]},"K5o":{"weight":1.0,"played":[1.0,0.0],"evs":[0.0,-1.04398]},"A5o":{"weight":1.0,"played":[1.0,0.0],"evs":[0.0,-1.53598]},"62s":{"weight":1.0,"played":[0.9999,1.0E-4],"evs":[0.0,-0.91564]},"63s":{"weight":1.0,"played":[0.9986,0.0014],"evs":[0.0,-0.28816]},"64s":{"weight":1.0,"played":[0.9928,0.0072],"evs":[0.0,-0.15347]},"65s":{"weight":1.0,"played":[0.0847,0.9153],"evs":[0.0,0.32043]},"66":{"weight":1.0,"played":[0.2819,0.7181],"evs":[0.0,0.07621]},"76o":{"weight":1.0,"played":[1.0,0.0],"evs":[0.0,-0.68128]},"86o":{"weight":1.0,"played":[1.0,0.0],"evs":[0.0,-0.80247]},"96o":{"weight":1.0,"played":[1.0,0.0],"evs":[0.0,-1.07397]},"T6o":{"weight":1.0,"played":[1.0,0.0],"evs":[0.0,-1.26873]},"J6o":{"weight":1.0,"played":[1.0,0.0],"evs":[0.0,-1.3031]},"Q6o":{"weight":1.0,"played":[1.0,0.0],"evs":[0.0,-1.27188]},"K6o":{"weight":1.0,"played":[0.9998,2.0E-4],"evs":[0.0,-0.99061]},"A6o":{"weight":1.0,"played":[1.0,0.0],"evs":[0.0,-1.84498]},"72s":{"weight":1.0,"played":[1.0,0.0],"evs":[0.0,-1.42337]},"73s":{"weight":1.0,"played":[0.9999,1.0E-4],"evs":[0.0,-0.92178]},"74s":{"weight":1.0,"played":[0.9885,0.0115],"evs":[0.0,-0.43585]},"75s":{"weight":1.0,"played":[0.9973,0.0027],"evs":[0.0,-0.1888]},"76s":{"weight":1.0,"played":[0.1832,0.8168],"evs":[0.0,0.14078]},"77":{"weight":1.0,"played":[0.0,1.0],"evs":[0.0,0.41742]},"87o":{"weight":1.0,"played":[0.9999,1.0E-4],"evs":[0.0,-0.69639]},"97o":{"weight":1.0,"played":[0.9999,1.0E-4],"evs":[0.0,-0.90476]},"T7o":{"weight":1.0,"played":[0.9999,1.0E-4],"evs":[0.0,-1.07738]},"J7o":{"weight":1.0,"played":[0.9999,1.0E-4],"evs":[0.0,-1.20566]},"Q7o":{"weight":1.0,"played":[1.0,0.0],"evs":[0.0,-1.40198]},"K7o":{"weight":1.0,"played":[0.9999,1.0E-4],"evs":[0.0,-0.98895]},"A7o":{"weight":1.0,"played":[1.0,0.0],"evs":[0.0,-1.77063]},"82s":{"weight":1.0,"played":[1.0,0.0],"evs":[0.0,-0.99839]},"83s":{"weight":1.0,"played":[1.0,0.0],"evs":[0.0,-1.12]},"84s":{"weight":1.0,"played":[0.998,0.002],"evs":[0.0,-0.61612]},"85s":{"weight":1.0,"played":[0.9978,0.0022],"evs":[0.0,-0.56793]},"86s":{"weight":1.0,"played":[0.9987,0.0013],"evs":[0.0,-0.2361]},"87s":{"weight":1.0,"played":[0.2615,0.7385],"evs":[0.0,-0.08681]},"88":{"weight":1.0,"played":[0.0,1.0],"evs":[0.0,1.23033]},"98o":{"weight":1.0,"played":[1.0,0.0],"evs":[0.0,-0.71112]},"T8o":{"weight":1.0,"played":[0.9995,5.0E-4],"evs":[0.0,-0.69652]},"J8o":{"weight":1.0,"played":[0.9998,2.0E-4],"evs":[0.0,-0.82771]},"Q8o":{"weight":1.0,"played":[1.0,0.0],"evs":[0.0,-0.99322]},"K8o":{"weight":1.0,"played":[1.0,0.0],"evs":[0.0,-0.85129]},"A8o":{"weight":1.0,"played":[1.0,0.0],"evs":[0.0,-1.58613]},"92s":{"weight":1.0,"played":[0.9994,6.0E-4],"evs":[0.0,-0.84433]},"93s":{"weight":1.0,"played":[1.0,0.0],"evs":[0.0,-0.85021]},"94s":{"weight":1.0,"played":[0.999,0.001],"evs":[0.0,-0.70581]},"95s":{"weight":1.0,"played":[0.9995,5.0E-4],"evs":[0.0,-0.66278]},"96s":{"weight":1.0,"played":[0.9482,0.0518],"evs":[0.0,-0.07065]},"97s":{"weight":1.0,"played":[0.8441,0.1559],"evs":[0.0,-0.0993]},"98s":{"weight":1.0,"played":[0.0417,0.9583],"evs":[0.0,0.3338]},"99":{"weight":1.0,"played":[0.0,1.0],"evs":[0.0,1.86866]},"T9o":{"weight":1.0,"played":[0.9998,2.0E-4],"evs":[0.0,-0.40853]},"J9o":{"weight":1.0,"played":[0.9999,1.0E-4],"evs":[0.0,-0.59655]},"Q9o":{"weight":1.0,"played":[1.0,0.0],"evs":[0.0,-0.77582]},"K9o":{"weight":1.0,"played":[1.0,0.0],"evs":[0.0,-0.6015]},"A9o":{"weight":1.0,"played":[1.0,0.0],"evs":[0.0,-1.4676]},"T2s":{"weight":1.0,"played":[1.0,0.0],"evs":[0.0,-0.82191]},"T3s":{"weight":1.0,"played":[0.9999,1.0E-4],"evs":[0.0,-0.7968]},"T4s":{"weight":1.0,"played":[0.9998,2.0E-4],"evs":[0.0,-0.54789]},"T5s":{"weight":1.0,"played":[0.9976,0.0024],"evs":[0.0,-0.61395]},"T6s":{"weight":1.0,"played":[0.9909,0.0091],"evs":[0.0,-0.25372]},"T7s":{"weight":1.0,"played":[0.9998,2.0E-4],"evs":[0.0,-0.31343]},"T8s":{"weight":1.0,"played":[0.8167,0.1833],"evs":[0.0,-0.09904]},"T9s":{"weight":1.0,"played":[3.0E-4,0.9997],"evs":[0.0,0.44523]},"TT":{"weight":1.0,"played":[0.0,1.0],"evs":[0.0,2.7234]},"JTo":{"weight":1.0,"played":[0.7623,0.2377],"evs":[0.0,-0.15599]},"QTo":{"weight":1.0,"played":[0.998,0.002],"evs":[0.0,-0.48707]},"KTo":{"weight":1.0,"played":[0.9956,0.0044],"evs":[0.0,-0.23968]},"ATo":{"weight":1.0,"played":[1.0,0.0],"evs":[0.0,-1.10944]},"J2s":{"weight":1.0,"played":[1.0,0.0],"evs":[0.0,-0.88392]},"J3s":{"weight":1.0,"played":[0.9999,1.0E-4],"evs":[0.0,-0.66778]},"J4s":{"weight":1.0,"played":[1.0,0.0],"evs":[0.0,-0.64117]},"J5s":{"weight":1.0,"played":[0.9992,8.0E-4],"evs":[0.0,-0.40955]},"J6s":{"weight":1.0,"played":[0.999,0.001],"evs":[0.0,-0.40796]},"J7s":{"weight":1.0,"played":[0.9999,1.0E-4],"evs":[0.0,-0.52577]},"J8s":{"weight":1.0,"played":[0.7619,0.2381],"evs":[0.0,-0.03065]},"J9s":{"weight":1.0,"played":[0.0013,0.9987],"evs":[0.0,0.13917]},"JTs":{"weight":1.0,"played":[8.0E-4,0.9992],"evs":[0.0,0.48184]},"JJ":{"weight":1.0,"played":[0.0,1.0],"evs":[0.0,3.72084]},"QJo":{"weight":1.0,"played":[0.9973,0.0027],"evs":[0.0,-0.38793]},"KJo":{"weight":1.0,"played":[0.9782,0.0218],"evs":[0.0,-0.14932]},"AJo":{"weight":1.0,"played":[0.999,0.001],"evs":[0.0,-0.69116]},"Q2s":{"weight":1.0,"played":[0.9999,1.0E-4],"evs":[0.0,-0.68762]},"Q3s":{"weight":1.0,"played":[0.9927,0.0073],"evs":[0.0,-0.86746]},"Q4s":{"weight":1.0,"played":[1.0,0.0],"evs":[0.0,-0.64254]},"Q5s":{"weight":1.0,"played":[0.9996,4.0E-4],"evs":[0.0,-0.5487]},"Q6s":{"weight":1.0,"played":[0.9995,5.0E-4],"evs":[0.0,-0.55028]},"Q7s":{"weight":1.0,"played":[0.9937,0.0063],"evs":[0.0,-0.6341]},"Q8s":{"weight":1.0,"played":[0.9329,0.0671],"evs":[0.0,-0.32051]},"Q9s":{"weight":1.0,"played":[0.9295,0.0705],"evs":[0.0,-0.23842]},"QTs":{"weight":1.0,"played":[7.0E-4,0.9993],"evs":[0.0,0.47326]},"QJs":{"weight":1.0,"played":[0.0012,0.9988],"evs":[0.0,0.50813]},"QQ":{"weight":1.0,"played":[0.0,1.0],"evs":[0.0,5.26338]},"KQo":{"weight":1.0,"played":[0.948,0.052],"evs":[0.0,-0.15957]},"AQo":{"weight":1.0,"played":[0.2451,0.7549],"evs":[0.0,9.2E-4]},"K2s":{"weight":1.0,"played":[0.9727,0.0273],"evs":[0.0,-0.64242]},"K3s":{"weight":1.0,"played":[0.9715,0.0285],"evs":[0.0,-0.47314]},"K4s":{"weight":1.0,"played":[0.9993,7.0E-4],"evs":[0.0,-0.10594]},"K5s":{"weight":1.0,"played":[0.9816,0.0184],"evs":[0.0,-0.49472]},"K6s":{"weight":1.0,"played":[0.981,0.019],"evs":[0.0,-0.21287]},"K7s":{"weight":1.0,"played":[0.9997,3.0E-4],"evs":[0.0,-0.14909]},"K8s":{"weight":1.0,"played":[0.349,0.651],"evs":[0.0,0.08751]},"K9s":{"weight":1.0,"played":[0.0041,0.9959],"evs":[0.0,0.37696]},"KTs":{"weight":1.0,"played":[9.0E-4,0.9991],"evs":[0.0,0.6464]},"KJs":{"weight":1.0,"played":[0.0,1.0],"evs":[0.0,0.7752]},"KQs":{"weight":1.0,"played":[4.0E-4,0.9996],"evs":[0.0,0.75351]},"KK":{"weight":1.0,"played":[0.0,1.0],"evs":[0.0,7.00022]},"AKo":{"weight":1.0,"played":[0.0,1.0],"evs":[0.0,1.46079]},"A2s":{"weight":1.0,"played":[0.9939,0.0061],"evs":[0.0,-0.96405]},"A3s":{"weight":1.0,"played":[1.0,0.0],"evs":[0.0,-0.9421]},"A4s":{"weight":1.0,"played":[0.9972,0.0028],"evs":[0.0,-0.98911]},"A5s":{"weight":1.0,"played":[0.9998,2.0E-4],"evs":[0.0,-0.58419]},"A6s":{"weight":1.0,"played":[0.9999,1.0E-4],"evs":[0.0,-0.96606]},"A7s":{"weight":1.0,"played":[1.0,0.0],"evs":[0.0,-0.85658]},"A8s":{"weight":1.0,"played":[0.9974,0.0026],"evs":[0.0,-0.84012]},"A9s":{"weight":1.0,"played":[0.9975,0.0025],"evs":[0.0,-0.4162]},"ATs":{"weight":1.0,"played":[0.7197,0.2803],"evs":[0.0,-0.20212]},"AJs":{"weight":1.0,"played":[0.0074,0.9926],"evs":[0.0,0.20284]},"AQs":{"weight":1.0,"played":[0.0209,0.9791],"evs":[0.0,0.7809]},"AKs":{"weight":1.0,"played":[0.0,1.0],"evs":[0.0,2.18375]},"AA":{"weight":1.0,"played":[0.0,1.0],"evs":[0.0,9.75587]}}}