{"player":3,"street":0,"children":3,"sequence":[{"player":0,"type":"R","amount":29750000,"street":0},{"player":1,"type":"C","amount":3750000,"street":0},{"player":2,"type":"F","amount":0,"street":0}],"actions":[{"type":"F","amount":0,"node":96},{"type":"C","amount":29750000,"node":101},{"type":"R","amount":35250000,"node":107}],"hands":{"22":{"weight":1.0,"played":[1.0,0.0,0.0],"evs":[0.0,-0.9905,-0.98909]},"32o":{"weight":1.0,"played":[1.0,0.0,0.0],"evs":[0.0,-3.43121,-3.46302]},"42o":{"weight":1.0,"played":[1.0,0.0,0.0],"evs":[0.0,-3.27423,-3.30564]},"52o":{"weight":1.0,"played":[1.0,0.0,0.0],"evs":[0.0,-3.11936,-3.1489]},"62o":{"weight":1.0,"played":[1.0,0.0,0.0],"evs":[0.0,-3.29849,-3.3254]},"72o":{"weight":1.0,"played":[1.0,0.0,0.0],"evs":[0.0,-3.57469,-3.60302]},"82o":{"weight":1.0,"played":[1.0,0.0,0.0],"evs":[0.0,-3.45371,-3.47237]},"92o":{"weight":1.0,"played":[1.0,0.0,0.0],"evs":[0.0,-3.39393,-3.40402]},"T2o":{"weight":1.0,"played":[1.0,0.0,0.0],"evs":[0.0,-3.35959,-3.36356]},"J2o":{"weight":1.0,"played":[1.0,0.0,0.0],"evs":[0.0,-3.25841,-3.25885]},"Q2o":{"weight":1.0,"played":[1.0,0.0,0.0],"evs":[0.0,-3.00089,-3.00291]},"K2o":{"weight":1.0,"played":[1.0,0.0,0.0],"evs":[0.0,-2.76177,-2.759]},"A2o":{"weight":1.0,"played":[1.0,0.0,0.0],"evs":[0.0,-2.00168,-1.99984]},"32s":{"weight":1.0,"played":[1.0,0.0,0.0],"evs":[0.0,-2.59231,-2.61676]},"33":{"weight":1.0,"played":[1.0,0.0,0.0],"evs":[0.0,-0.7503,-0.75261]},"43o":{"weight":1.0,"played":[1.0,0.0,0.0],"evs":[0.0,-2.94307,-2.97561]},"53o":{"weight":1.0,"played":[1.0,0.0,0.0],"evs":[0.0,-2.74589,-2.77311]},"63o":{"weight":1.0,"played":[1.0,0.0,0.0],"evs":[0.0,-2.93816,-2.96723]},"73o":{"weight":1.0,"played":[1.0,0.0,0.0],"evs":[0.0,-3.23074,-3.25636]},"83o":{"weight":1.0,"played":[1.0,0.0,0.0],"evs":[0.0,-3.42493,-3.44811]},"93o":{"weight":1.0,"played":[1.0,0.0,0.0],"evs":[0.0,-3.29436,-3.30665]},"T3o":{"weight":1.0,"played":[1.0,0.0,0.0],"evs":[0.0,-3.25827,-3.26372]},"J3o":{"weight":1.0,"played":[1.0,0.0,0.0],"evs":[0.0,-3.15833,-3.16397]},"Q3o":{"weight":1.0,"played":[1.0,0.0,0.0],"evs":[0.0,-2.90771,-2.91132]},"K3o":{"weight":1.0,"played":[1.0,0.0,0.0],"evs":[0.0,-2.66453,-2.66263]},"A3o":{"weight":1.0,"played":[1.0,0.0,0.0],"evs":[0.0,-1.88356,-1.8861]},"42s":{"weight":1.0,"played":[1.0,0.0,0.0],"evs":[0.0,-2.45906,-2.48525]},"43s":{"weight":1.0,"played":[1.0,0.0,0.0],"evs":[0.0,-2.1206,-2.14287]},"44":{"weight":1.0,"played":[1.0,0.0,0.0],"evs":[0.0,-0.43322,-0.43294]},"54o":{"weight":1.0,"played":[1.0,0.0,0.0],"evs":[0.0,-2.40331,-2.42596]},"64o":{"weight":1.0,"played":[1.0,0.0,0.0],"evs":[0.0,-2.57781,-2.6017]},"74o":{"weight":1.0,"played":[1.0,0.0,0.0],"evs":[0.0,-2.85907,-2.88084]},"84o":{"weight":1.0,"played":[1.0,0.0,0.0],"evs":[0.0,-3.05972,-3.07426]},"94o":{"weight":1.0,"played":[1.0,0.0,0.0],"evs":[0.0,-3.26283,-3.27219]},"T4o":{"weight":1.0,"played":[1.0,0.0,0.0],"evs":[0.0,-3.14539,-3.15367]},"J4o":{"weight":1.0,"played":[1.0,0.0,0.0],"evs":[0.0,-3.04595,-3.04984]},"Q4o":{"weight":1.0,"played":[1.0,0.0,0.0],"evs":[0.0,-2.79171,-2.79146]},"K4o":{"weight":1.0,"played":[1.0,0.0,0.0],"evs":[0.0,-2.55285,-2.55045]},"A4o":{"weight":1.0,"played":[1.0,0.0,0.0],"evs":[0.0,-1.76169,-1.7599]},"52s":{"weight":1.0,"played":[1.0,0.0,0.0],"evs":[0.0,-2.29951,-2.32474]},"53s":{"weight":1.0,"played":[1.0,0.0,0.0],"evs":[0.0,-1.94108,-1.96342]},"54s":{"weight":1.0,"played":[1.0,0.0,0.0],"evs":[0.0,-1.63202,-1.65022]},"55":{"weight":1.0,"played":[1.0E-4,0.3484,0.6515],"evs":[0.0,0.06118,0.06092]},"65o":{"weight":1.0,"played":[1.0,0.0,0.0],"evs":[0.0,-2.20749,-2.22522]},"75o":{"weight":1.0,"played":[1.0,0.0,0.0],"evs":[0.0,-2.45913,-2.47549]},"85o":{"weight":1.0,"played":[1.0,0.0,0.0],"evs":[0.0,-2.6489,-2.65914]},"95o":{"weight":1.0,"played":[1.0,0.0,0.0],"evs":[0.0,-2.83303,-2.83861]},"T5o":{"weight":1.0,"played":[1.0,0.0,0.0],"evs":[0.0,-3.04878,-3.05087]},"J5o":{"weight":1.0,"played":[1.0,0.0,0.0],"evs":[0.0,-2.88856,-2.88992]},"Q5o":{"weight":1.0,"played":[1.0,0.0,0.0],"evs":[0.0,-2.61647,-2.61405]},"K5o":{"weight":1.0,"played":[1.0,0.0,0.0],"evs":[0.0,-2.36626,-2.3609]},"A5o":{"weight":1.0,"played":[1.0,0.0,0.0],"evs":[0.0,-1.53894,-1.53794]},"62s":{"weight":1.0,"played":[1.0,0.0,0.0],"evs":[0.0,-2.45696,-2.47556]},"63s":{"weight":1.0,"played":[1.0,0.0,0.0],"evs":[0.0,-2.1171,-2.13662]},"64s":{"weight":1.0,"played":[1.0,0.0,0.0],"evs":[0.0,-1.76971,-1.78793]},"65s":{"weight":1.0,"played":[1.0,0.0,0.0],"evs":[0.0,-1.41602,-1.43106]},"66":{"weight":1.0,"played":[0.0,0.1823,0.8177],"evs":[0.0,0.54518,0.54466]},"76o":{"weight":1.0,"played":[1.0,0.0,0.0],"evs":[0.0,-2.1321,-2.14632]},"86o":{"weight":1.0,"played":[1.0,0.0,0.0],"evs":[0.0,-2.27597,-2.28559]},"96o":{"weight":1.0,"played":[1.0,0.0,0.0],"evs":[0.0,-2.46078,-2.46616]},"T6o":{"weight":1.0,"played":[1.0,0.0,0.0],"evs":[0.0,-2.66345,-2.66653]},"J6o":{"weight":1.0,"played":[1.0,0.0,0.0],"evs":[0.0,-2.78562,-2.7864]},"Q6o":{"weight":1.0,"played":[1.0,0.0,0.0],"evs":[0.0,-2.47445,-2.47191]},"K6o":{"weight":1.0,"played":[1.0,0.0,0.0],"evs":[0.0,-2.22212,-2.21669]},"A6o":{"weight":1.0,"played":[1.0,0.0,0.0],"evs":[0.0,-1.68455,-1.68456]},"72s":{"weight":1.0,"played":[1.0,0.0,0.0],"evs":[0.0,-2.73568,-2.75625]},"73s":{"weight":1.0,"played":[1.0,0.0,0.0],"evs":[0.0,-2.38555,-2.40329]},"74s":{"weight":1.0,"played":[1.0,0.0,0.0],"evs":[0.0,-2.05982,-2.07852]},"75s":{"weight":1.0,"played":[1.0,0.0,0.0],"evs":[0.0,-1.66191,-1.67192]},"76s":{"weight":1.0,"played":[1.0,0.0,0.0],"evs":[0.0,-1.36008,-1.3731]},"77":{"weight":1.0,"played":[0.0,0.251,0.749],"evs":[0.0,1.00846,1.01218]},"87o":{"weight":1.0,"played":[1.0,0.0,0.0],"evs":[0.0,-2.08039,-2.0887]},"97o":{"weight":1.0,"played":[1.0,0.0,0.0],"evs":[0.0,-2.23084,-2.2382]},"T7o":{"weight":1.0,"played":[1.0,0.0,0.0],"evs":[0.0,-2.42384,-2.42807]},"J7o":{"weight":1.0,"played":[1.0,0.0,0.0],"evs":[0.0,-2.57393,-2.57403]},"Q7o":{"weight":1.0,"played":[1.0,0.0,0.0],"evs":[0.0,-2.52968,-2.528]},"K7o":{"weight":1.0,"played":[1.0,0.0,0.0],"evs":[0.0,-2.23611,-2.23478]},"A7o":{"weight":1.0,"played":[1.0,0.0,0.0],"evs":[0.0,-1.39231,-1.3925]},"82s":{"weight":1.0,"played":[1.0,0.0,0.0],"evs":[0.0,-2.60334,-2.61351]},"83s":{"weight":1.0,"played":[1.0,0.0,0.0],"evs":[0.0,-2.56006,-2.57423]},"84s":{"weight":1.0,"played":[1.0,0.0,0.0],"evs":[0.0,-2.20335,-2.21909]},"85s":{"weight":1.0,"played":[1.0,0.0,0.0],"evs":[0.0,-1.81856,-1.8279]},"86s":{"weight":1.0,"played":[1.0,0.0,0.0],"evs":[0.0,-1.47066,-1.48105]},"87s":{"weight":1.0,"played":[1.0,0.0,0.0],"evs":[0.0,-1.30421,-1.30783]},"88":{"weight":1.0,"played":[0.0,0.4103,0.5897],"evs":[0.0,1.62468,1.62678]},"98o":{"weight":1.0,"played":[1.0,0.0,0.0],"evs":[0.0,-1.9499,-1.95531]},"T8o":{"weight":1.0,"played":[1.0,0.0,0.0],"evs":[0.0,-2.08693,-2.08901]},"J8o":{"weight":1.0,"played":[1.0,0.0,0.0],"evs":[0.0,-2.24342,-2.24651]},"Q8o":{"weight":1.0,"played":[1.0,0.0,0.0],"evs":[0.0,-2.22723,-2.22687]},"K8o":{"weight":1.0,"played":[1.0,0.0,0.0],"evs":[0.0,-2.17398,-2.1708]},"A8o":{"weight":1.0,"played":[1.0,0.0,0.0],"evs":[0.0,-1.00664,-1.00694]},"92s":{"weight":1.0,"played":[1.0,0.0,0.0],"evs":[0.0,-2.50266,-2.5082]},"93s":{"weight":1.0,"played":[1.0,0.0,0.0],"evs":[0.0,-2.43483,-2.44456]},"94s":{"weight":1.0,"played":[1.0,0.0,0.0],"evs":[0.0,-2.39297,-2.40225]},"95s":{"weight":1.0,"played":[1.0,0.0,0.0],"evs":[0.0,-1.98873,-1.99369]},"96s":{"weight":1.0,"played":[1.0,0.0,0.0],"evs":[0.0,-1.64297,-1.64915]},"97s":{"weight":1.0,"played":[1.0,0.0,0.0],"evs":[0.0,-1.42733,-1.43108]},"98s":{"weight":1.0,"played":[1.0,0.0,0.0],"evs":[0.0,-1.20358,-1.20826]},"99":{"weight":1.0,"played":[0.0,0.543,0.457],"evs":[0.0,2.33244,2.33271]},"T9o":{"weight":1.0,"played":[1.0,0.0,0.0],"evs":[0.0,-1.78273,-1.78281]},"J9o":{"weight":1.0,"played":[1.0,0.0,0.0],"evs":[0.0,-1.9123,-1.90912]},"Q9o":{"weight":1.0,"played":[1.0,0.0,0.0],"evs":[0.0,-1.86682,-1.86262]},"K9o":{"weight":1.0,"played":[1.0,0.0,0.0],"evs":[0.0,-1.78499,-1.78208]},"A9o":{"weight":1.0,"played":[1.0,0.0,0.0],"evs":[0.0,-0.48576,-0.48446]},"T2s":{"weight":1.0,"played":[1.0,0.0,0.0],"evs":[0.0,-2.48343,-2.48676]},"T3s":{"weight":1.0,"played":[1.0,0.0,0.0],"evs":[0.0,-2.36438,-2.37297]},"T4s":{"weight":1.0,"played":[1.0,0.0,0.0],"evs":[0.0,-2.30176,-2.30642]},"T5s":{"weight":1.0,"played":[1.0,0.0,0.0],"evs":[0.0,-2.20752,-2.20791]},"T6s":{"weight":1.0,"played":[1.0,0.0,0.0],"evs":[0.0,-1.81552,-1.81703]},"T7s":{"weight":1.0,"played":[1.0,0.0,0.0],"evs":[0.0,-1.60936,-1.61358]},"T8s":{"weight":1.0,"played":[1.0,0.0,0.0],"evs":[0.0,-1.28895,-1.29072]},"T9s":{"weight":1.0,"played":[1.0,0.0,0.0],"evs":[0.0,-0.99835,-0.99908]},"TT":{"weight":1.0,"played":[0.0,0.4489,0.5511],"evs":[0.0,3.21824,3.21977]},"JTo":{"weight":1.0,"played":[1.0,0.0,0.0],"evs":[0.0,-1.5019,-1.49679]},"QTo":{"weight":1.0,"played":[1.0,0.0,0.0],"evs":[0.0,-1.39993,-1.40055]},"KTo":{"weight":1.0,"played":[1.0,0.0,0.0],"evs":[0.0,-1.25517,-1.25585]},"ATo":{"weight":1.0,"played":[0.0,0.3571,0.6429],"evs":[0.0,0.33749,0.34046]},"J2s":{"weight":1.0,"played":[1.0,0.0,0.0],"evs":[0.0,-2.37409,-2.37572]},"J3s":{"weight":1.0,"played":[1.0,0.0,0.0],"evs":[0.0,-2.28192,-2.28727]},"J4s":{"weight":1.0,"played":[1.0,0.0,0.0],"evs":[0.0,-2.18076,-2.18286]},"J5s":{"weight":1.0,"played":[1.0,0.0,0.0],"evs":[0.0,-2.03229,-2.03006]},"J6s":{"weight":1.0,"played":[1.0,0.0,0.0],"evs":[0.0,-1.94695,-1.94813]},"J7s":{"weight":1.0,"played":[1.0,0.0,0.0],"evs":[0.0,-1.73367,-1.73181]},"J8s":{"weight":1.0,"played":[1.0,0.0,0.0],"evs":[0.0,-1.4282,-1.42724]},"J9s":{"weight":1.0,"played":[1.0,0.0,0.0],"evs":[0.0,-1.10337,-1.1019]},"JTs":{"weight":1.0,"played":[1.0,0.0,0.0],"evs":[0.0,-0.72934,-0.72825]},"JJ":{"weight":1.0,"played":[0.0,0.3565,0.6435],"evs":[0.0,4.22565,4.23168]},"QJo":{"weight":1.0,"played":[1.0,0.0,0.0],"evs":[0.0,-1.21785,-1.21623]},"KJo":{"weight":1.0,"played":[1.0,0.0,0.0],"evs":[0.0,-0.86483,-0.86365]},"AJo":{"weight":1.0,"played":[0.0,0.4887,0.5113],"evs":[0.0,1.04826,1.04939]},"Q2s":{"weight":1.0,"played":[1.0,0.0,0.0],"evs":[0.0,-2.14068,-2.14116]},"Q3s":{"weight":1.0,"played":[1.0,0.0,0.0],"evs":[0.0,-2.04836,-2.05031]},"Q4s":{"weight":1.0,"played":[1.0,0.0,0.0],"evs":[0.0,-1.92983,-1.92586]},"Q5s":{"weight":1.0,"played":[1.0,0.0,0.0],"evs":[0.0,-1.77304,-1.76911]},"Q6s":{"weight":1.0,"played":[1.0,0.0,0.0],"evs":[0.0,-1.63787,-1.63684]},"Q7s":{"weight":1.0,"played":[1.0,0.0,0.0],"evs":[0.0,-1.66166,-1.66135]},"Q8s":{"weight":1.0,"played":[1.0,0.0,0.0],"evs":[0.0,-1.38573,-1.38305]},"Q9s":{"weight":1.0,"played":[1.0,0.0,0.0],"evs":[0.0,-1.07751,-1.07367]},"QTs":{"weight":1.0,"played":[1.0,0.0,0.0],"evs":[0.0,-0.62354,-0.62212]},"QJs":{"weight":1.0,"played":[1.0,0.0,0.0],"evs":[0.0,-0.46224,-0.46035]},"QQ":{"weight":1.0,"played":[0.0,0.0464,0.9536],"evs":[0.0,5.39771,5.3993]},"KQo":{"weight":1.0,"played":[1.0,0.0,0.0],"evs":[0.0,-0.21465,-0.2144]},"AQo":{"weight":1.0,"played":[0.0,0.2753,0.7247],"evs":[0.0,1.84041,1.84001]},"K2s":{"weight":1.0,"played":[1.0,0.0,0.0],"evs":[0.0,-1.88316,-1.88286]},"K3s":{"weight":1.0,"played":[1.0,0.0,0.0],"evs":[0.0,-1.76943,-1.7668]},"K4s":{"weight":1.0,"played":[1.0,0.0,0.0],"evs":[0.0,-1.67263,-1.67323]},"K5s":{"weight":1.0,"played":[1.0,0.0,0.0],"evs":[0.0,-1.50076,-1.49948]},"K6s":{"weight":1.0,"played":[1.0,0.0,0.0],"evs":[0.0,-1.35857,-1.35706]},"K7s":{"weight":1.0,"played":[1.0,0.0,0.0],"evs":[0.0,-1.36214,-1.36157]},"K8s":{"weight":1.0,"played":[1.0,0.0,0.0],"evs":[0.0,-1.31727,-1.31522]},"K9s":{"weight":1.0,"played":[1.0,0.0,0.0],"evs":[0.0,-0.93837,-0.93734]},"KTs":{"weight":1.0,"played":[1.0,0.0,0.0],"evs":[0.0,-0.43929,-0.439]},"KJs":{"weight":1.0,"played":[0.9983,3.0E-4,0.0014],"evs":[0.0,-0.0995,-0.09721]},"KQs":{"weight":1.0,"played":[0.0,0.147,0.853],"evs":[0.0,0.50393,0.50579]},"KK":{"weight":1.0,"played":[0.0,0.6108,0.3892],"evs":[0.0,6.75595,6.7513]},"AKo":{"weight":1.0,"played":[0.0,0.2574,0.7426],"evs":[0.0,2.66956,2.67202]},"A2s":{"weight":1.0,"played":[1.0,0.0,0.0],"evs":[0.0,-1.11995,-1.12015]},"A3s":{"weight":1.0,"played":[1.0,0.0,0.0],"evs":[0.0,-1.02859,-1.03107]},"A4s":{"weight":1.0,"played":[1.0,0.0,0.0],"evs":[0.0,-0.90852,-0.90685]},"A5s":{"weight":1.0,"played":[1.0,0.0,0.0],"evs":[0.0,-0.72665,-0.72644]},"A6s":{"weight":1.0,"played":[1.0,0.0,0.0],"evs":[0.0,-0.84501,-0.84589]},"A7s":{"weight":1.0,"played":[1.0,0.0,0.0],"evs":[0.0,-0.55366,-0.55664]},"A8s":{"weight":1.0,"played":[0.9998,0.0,2.0E-4],"evs":[0.0,-0.18249,-0.18474]},"A9s":{"weight":1.0,"played":[0.0,0.4386,0.5613],"evs":[0.0,0.30231,0.30253]},"ATs":{"weight":1.0,"played":[0.0,0.6367,0.3633],"evs":[0.0,1.04775,1.04922]},"AJs":{"weight":1.0,"played":[0.0,0.1338,0.8662],"evs":[0.0,1.73551,1.73982]},"AQs":{"weight":1.0,"played":[0.0,0.2038,0.7962],"evs":[0.0,2.45177,2.45174]},"AKs":{"weight":1.0,"played":[0.0,0.2362,0.7638],"evs":[0.0,3.25259,3.25481]},"AA":{"weight":1.0,"played":[0.0,0.1838,0.8162],"evs":[0.0,9.15871,9.15713]}}}