{"player":4,"street":0,"children":3,"sequence":[{"player":0,"type":"R","amount":29750000,"street":0},{"player":1,"type":"C","amount":3750000,"street":0},{"player":2,"type":"F","amount":0,"street":0},{"player":3,"type":"F","amount":0,"street":0}],"actions":[{"type":"F","amount":0,"node":97},{"type":"C","amount":27250000,"node":98},{"type":"R","amount":57250000,"node":100}],"hands":{"22":{"weight":1.0,"played":[0.0,0.002,0.998],"evs":[0.0,0.44613,0.45666]},"32o":{"weight":1.0,"played":[1.0,0.0,0.0],"evs":[0.0,-1.64523,-1.80895]},"42o":{"weight":1.0,"played":[1.0,0.0,0.0],"evs":[0.0,-1.53739,-1.67872]},"52o":{"weight":1.0,"played":[1.0,0.0,0.0],"evs":[0.0,-1.40437,-1.51727]},"62o":{"weight":1.0,"played":[1.0,0.0,0.0],"evs":[0.0,-1.54259,-1.66701]},"72o":{"weight":1.0,"played":[1.0,0.0,0.0],"evs":[0.0,-1.72812,-1.88873]},"82o":{"weight":1.0,"played":[1.0,0.0,0.0],"evs":[0.0,-1.64548,-1.78357]},"92o":{"weight":1.0,"played":[1.0,0.0,0.0],"evs":[0.0,-1.59893,-1.72539]},"T2o":{"weight":1.0,"played":[1.0,0.0,0.0],"evs":[0.0,-1.58475,-1.72044]},"J2o":{"weight":1.0,"played":[1.0,0.0,0.0],"evs":[0.0,-1.52747,-1.65368]},"Q2o":{"weight":1.0,"played":[1.0,0.0,0.0],"evs":[0.0,-1.35352,-1.4573]},"K2o":{"weight":1.0,"played":[1.0,0.0,0.0],"evs":[0.0,-1.23006,-1.31945]},"A2o":{"weight":1.0,"played":[1.0,0.0,0.0],"evs":[0.0,-0.55908,-0.63179]},"32s":{"weight":1.0,"played":[1.0,0.0,0.0],"evs":[0.0,-1.06815,-1.1079]},"33":{"weight":1.0,"played":[0.0,0.1516,0.8484],"evs":[0.0,0.61348,0.61461]},"43o":{"weight":1.0,"played":[1.0,0.0,0.0],"evs":[0.0,-1.3044,-1.4014]},"53o":{"weight":1.0,"played":[1.0,0.0,0.0],"evs":[0.0,-1.17253,-1.23568]},"63o":{"weight":1.0,"played":[1.0,0.0,0.0],"evs":[0.0,-1.30337,-1.38544]},"73o":{"weight":1.0,"played":[1.0,0.0,0.0],"evs":[0.0,-1.49926,-1.61079]},"83o":{"weight":1.0,"played":[1.0,0.0,0.0],"evs":[0.0,-1.63994,-1.781]},"93o":{"weight":1.0,"played":[1.0,0.0,0.0],"evs":[0.0,-1.54076,-1.66012]},"T3o":{"weight":1.0,"played":[1.0,0.0,0.0],"evs":[0.0,-1.52257,-1.64923]},"J3o":{"weight":1.0,"played":[1.0,0.0,0.0],"evs":[0.0,-1.46368,-1.58289]},"Q3o":{"weight":1.0,"played":[1.0,0.0,0.0],"evs":[0.0,-1.29675,-1.39197]},"K3o":{"weight":1.0,"played":[1.0,0.0,0.0],"evs":[0.0,-1.1638,-1.24118]},"A3o":{"weight":1.0,"played":[1.0,0.0,0.0],"evs":[0.0,-0.49346,-0.56119]},"42s":{"weight":1.0,"played":[1.0,0.0,0.0],"evs":[0.0,-0.96183,-0.98144]},"43s":{"weight":1.0,"played":[1.0,0.0,0.0],"evs":[0.0,-0.7236,-0.72246]},"44":{"weight":1.0,"played":[0.0,1.0E-4,0.9999],"evs":[0.0,0.91537,0.91848]},"54o":{"weight":1.0,"played":[1.0,0.0,0.0],"evs":[0.0,-0.90944,-0.91404]},"64o":{"weight":1.0,"played":[1.0,0.0,0.0],"evs":[0.0,-1.05106,-1.07456]},"74o":{"weight":1.0,"played":[1.0,0.0,0.0],"evs":[0.0,-1.24824,-1.31166]},"84o":{"weight":1.0,"played":[1.0,0.0,0.0],"evs":[0.0,-1.37404,-1.45321]},"94o":{"weight":1.0,"played":[1.0,0.0,0.0],"evs":[0.0,-1.51453,-1.62359]},"T4o":{"weight":1.0,"played":[1.0,0.0,0.0],"evs":[0.0,-1.44472,-1.55635]},"J4o":{"weight":1.0,"played":[1.0,0.0,0.0],"evs":[0.0,-1.39117,-1.49362]},"Q4o":{"weight":1.0,"played":[1.0,0.0,0.0],"evs":[0.0,-1.21018,-1.28071]},"K4o":{"weight":1.0,"played":[1.0,0.0,0.0],"evs":[0.0,-1.08211,-1.13559]},"A4o":{"weight":1.0,"played":[1.0,0.0,0.0],"evs":[0.0,-0.39578,-0.44409]},"52s":{"weight":1.0,"played":[1.0,0.0,0.0],"evs":[0.0,-0.81509,-0.81138]},"53s":{"weight":1.0,"played":[1.0,0.0,0.0],"evs":[0.0,-0.56312,-0.56112]},"54s":{"weight":1.0,"played":[1.0,0.0,0.0],"evs":[0.0,-0.30108,-0.29654]},"55":{"weight":1.0,"played":[0.0,5.0E-4,0.9995],"evs":[0.0,1.35143,1.3557]},"65o":{"weight":1.0,"played":[1.0,0.0,0.0],"evs":[0.0,-0.75077,-0.74904]},"75o":{"weight":1.0,"played":[1.0,0.0,0.0],"evs":[0.0,-0.95123,-0.94604]},"85o":{"weight":1.0,"played":[1.0,0.0,0.0],"evs":[0.0,-1.08579,-1.10296]},"95o":{"weight":1.0,"played":[1.0,0.0,0.0],"evs":[0.0,-1.20798,-1.25424]},"T5o":{"weight":1.0,"played":[1.0,0.0,0.0],"evs":[0.0,-1.35957,-1.45406]},"J5o":{"weight":1.0,"played":[1.0,0.0,0.0],"evs":[0.0,-1.25777,-1.3253]},"Q5o":{"weight":1.0,"played":[1.0,0.0,0.0],"evs":[0.0,-1.09599,-1.14577]},"K5o":{"weight":1.0,"played":[1.0,0.0,0.0],"evs":[0.0,-0.96079,-0.9894]},"A5o":{"weight":1.0,"played":[1.0,0.0,0.0],"evs":[0.0,-0.24164,-0.26011]},"62s":{"weight":1.0,"played":[1.0,0.0,0.0],"evs":[0.0,-0.9676,-0.97232]},"63s":{"weight":1.0,"played":[1.0,0.0,0.0],"evs":[0.0,-0.71183,-0.71125]},"64s":{"weight":1.0,"played":[1.0,0.0,0.0],"evs":[0.0,-0.4239,-0.42195]},"65s":{"weight":1.0,"played":[1.0,0.0,0.0],"evs":[0.0,-0.11206,-0.10967]},"66":{"weight":1.0,"played":[0.0,3.0E-4,0.9997],"evs":[0.0,1.75245,1.75418]},"76o":{"weight":1.0,"played":[1.0,0.0,0.0],"evs":[0.0,-0.67156,-0.67037]},"86o":{"weight":1.0,"played":[1.0,0.0,0.0],"evs":[0.0,-0.79652,-0.79535]},"96o":{"weight":1.0,"played":[1.0,0.0,0.0],"evs":[0.0,-0.93902,-0.93916]},"T6o":{"weight":1.0,"played":[1.0,0.0,0.0],"evs":[0.0,-1.10185,-1.14029]},"J6o":{"weight":1.0,"played":[1.0,0.0,0.0],"evs":[0.0,-1.21016,-1.26425]},"Q6o":{"weight":1.0,"played":[1.0,0.0,0.0],"evs":[0.0,-1.00004,-1.026]},"K6o":{"weight":1.0,"played":[1.0,0.0,0.0],"evs":[0.0,-0.85911,-0.86634]},"A6o":{"weight":1.0,"played":[1.0,0.0,0.0],"evs":[0.0,-0.33328,-0.3697]},"72s":{"weight":1.0,"played":[1.0,0.0,0.0],"evs":[0.0,-1.14838,-1.19074]},"73s":{"weight":1.0,"played":[1.0,0.0,0.0],"evs":[0.0,-0.93818,-0.93941]},"74s":{"weight":1.0,"played":[1.0,0.0,0.0],"evs":[0.0,-0.63347,-0.62988]},"75s":{"weight":1.0,"played":[1.0,0.0,0.0],"evs":[0.0,-0.29369,-0.29098]},"76s":{"weight":1.0,"played":[0.997,0.0,0.003],"evs":[0.0,-0.0376,-0.03517]},"77":{"weight":1.0,"played":[0.0,0.0,1.0],"evs":[0.0,2.13322,2.13799]},"87o":{"weight":1.0,"played":[1.0,0.0,0.0],"evs":[0.0,-0.63677,-0.63462]},"97o":{"weight":1.0,"played":[1.0,0.0,0.0],"evs":[0.0,-0.78896,-0.78744]},"T7o":{"weight":1.0,"played":[1.0,0.0,0.0],"evs":[0.0,-0.95326,-0.95266]},"J7o":{"weight":1.0,"played":[1.0,0.0,0.0],"evs":[0.0,-1.07026,-1.0848]},"Q7o":{"weight":1.0,"played":[1.0,0.0,0.0],"evs":[0.0,-1.06371,-1.08333]},"K7o":{"weight":1.0,"played":[1.0,0.0,0.0],"evs":[0.0,-0.88571,-0.88611]},"A7o":{"weight":1.0,"played":[1.0,0.0,0.0],"evs":[0.0,-0.11626,-0.13247]},"82s":{"weight":1.0,"played":[1.0,0.0,0.0],"evs":[0.0,-1.05774,-1.07299]},"83s":{"weight":1.0,"played":[1.0,0.0,0.0],"evs":[0.0,-1.04477,-1.06694]},"84s":{"weight":1.0,"played":[1.0,0.0,0.0],"evs":[0.0,-0.78416,-0.78265]},"85s":{"weight":1.0,"played":[1.0,0.0,0.0],"evs":[0.0,-0.44926,-0.44779]},"86s":{"weight":1.0,"played":[1.0,0.0,0.0],"evs":[0.0,-0.15397,-0.14986]},"87s":{"weight":1.0,"played":[0.5732,0.0493,0.3775],"evs":[0.0,-0.02373,-0.0211]},"88":{"weight":1.0,"played":[0.0,7.0E-4,0.9993],"evs":[0.0,2.63439,2.63886]},"98o":{"weight":1.0,"played":[1.0,0.0,0.0],"evs":[0.0,-0.56079,-0.55903]},"T8o":{"weight":1.0,"played":[1.0,0.0,0.0],"evs":[0.0,-0.69906,-0.69783]},"J8o":{"weight":1.0,"played":[1.0,0.0,0.0],"evs":[0.0,-0.8529,-0.85131]},"Q8o":{"weight":1.0,"played":[1.0,0.0,0.0],"evs":[0.0,-0.85864,-0.85747]},"K8o":{"weight":1.0,"played":[1.0,0.0,0.0],"evs":[0.0,-0.85373,-0.85169]},"A8o":{"weight":1.0,"played":[0.0,0.2904,0.7096],"evs":[0.0,0.21714,0.21878]},"92s":{"weight":1.0,"played":[1.0,0.0,0.0],"evs":[0.0,-1.01651,-1.01868]},"93s":{"weight":1.0,"played":[1.0,0.0,0.0],"evs":[0.0,-0.95239,-0.94832]},"94s":{"weight":1.0,"played":[1.0,0.0,0.0],"evs":[0.0,-0.92708,-0.91632]},"95s":{"weight":1.0,"played":[1.0,0.0,0.0],"evs":[0.0,-0.5994,-0.59432]},"96s":{"weight":1.0,"played":[1.0,0.0,0.0],"evs":[0.0,-0.31353,-0.31146]},"97s":{"weight":1.0,"played":[1.0,0.0,0.0],"evs":[0.0,-0.11359,-0.11092]},"98s":{"weight":1.0,"played":[2.0E-4,0.1047,0.8951],"evs":[0.0,0.06982,0.07266]},"99":{"weight":1.0,"played":[0.0,0.001,0.999],"evs":[0.0,3.16836,3.17045]},"T9o":{"weight":1.0,"played":[1.0,0.0,0.0],"evs":[0.0,-0.45803,-0.45732]},"J9o":{"weight":1.0,"played":[1.0,0.0,0.0],"evs":[0.0,-0.5886,-0.58741]},"Q9o":{"weight":1.0,"played":[1.0,0.0,0.0],"evs":[0.0,-0.58896,-0.58769]},"K9o":{"weight":1.0,"played":[1.0,0.0,0.0],"evs":[0.0,-0.58079,-0.57952]},"A9o":{"weight":1.0,"played":[0.0,0.0977,0.9023],"evs":[0.0,0.66691,0.67079]},"T2s":{"weight":1.0,"played":[1.0,0.0,0.0],"evs":[0.0,-0.99263,-1.00817]},"T3s":{"weight":1.0,"played":[1.0,0.0,0.0],"evs":[0.0,-0.94283,-0.96319]},"T4s":{"weight":1.0,"played":[1.0,0.0,0.0],"evs":[0.0,-0.86565,-0.86827]},"T5s":{"weight":1.0,"played":[1.0,0.0,0.0],"evs":[0.0,-0.75966,-0.75619]},"T6s":{"weight":1.0,"played":[1.0,0.0,0.0],"evs":[0.0,-0.4397,-0.43788]},"T7s":{"weight":1.0,"played":[1.0,0.0,0.0],"evs":[0.0,-0.2951,-0.29372]},"T8s":{"weight":1.0,"played":[0.9995,3.0E-4,2.0E-4],"evs":[0.0,-0.06551,-0.06518]},"T9s":{"weight":1.0,"played":[0.0,0.2437,0.7563],"evs":[0.0,0.17217,0.17292]},"TT":{"weight":1.0,"played":[0.0,0.0661,0.9339],"evs":[0.0,3.88482,3.8869]},"JTo":{"weight":1.0,"played":[1.0,0.0,0.0],"evs":[0.0,-0.28171,-0.2804]},"QTo":{"weight":1.0,"played":[1.0,0.0,0.0],"evs":[0.0,-0.2358,-0.23395]},"KTo":{"weight":1.0,"played":[1.0,0.0,0.0],"evs":[0.0,-0.1705,-0.17111]},"ATo":{"weight":1.0,"played":[0.0,0.0933,0.9067],"evs":[0.0,1.41692,1.42132]},"J2s":{"weight":1.0,"played":[1.0,0.0,0.0],"evs":[0.0,-0.94242,-0.94774]},"J3s":{"weight":1.0,"played":[1.0,0.0,0.0],"evs":[0.0,-0.87511,-0.87158]},"J4s":{"weight":1.0,"played":[1.0,0.0,0.0],"evs":[0.0,-0.79246,-0.78868]},"J5s":{"weight":1.0,"played":[1.0,0.0,0.0],"evs":[0.0,-0.65162,-0.65003]},"J6s":{"weight":1.0,"played":[1.0,0.0,0.0],"evs":[0.0,-0.56604,-0.56462]},"J7s":{"weight":1.0,"played":[1.0,0.0,0.0],"evs":[0.0,-0.41663,-0.41536]},"J8s":{"weight":1.0,"played":[1.0,0.0,0.0],"evs":[0.0,-0.17017,-0.16956]},"J9s":{"weight":1.0,"played":[6.0E-4,0.3268,0.6726],"evs":[0.0,0.04894,0.04998]},"JTs":{"weight":1.0,"played":[0.0,0.19,0.81],"evs":[0.0,0.35957,0.36129]},"JJ":{"weight":1.0,"played":[0.0,0.0776,0.9224],"evs":[0.0,4.64145,4.64579]},"QJo":{"weight":1.0,"played":[1.0,0.0,0.0],"evs":[0.0,-0.10311,-0.10317]},"KJo":{"weight":1.0,"played":[0.0,0.0883,0.9117],"evs":[0.0,0.15576,0.15693]},"AJo":{"weight":1.0,"played":[0.0,0.0,1.0],"evs":[0.0,2.10923,2.11616]},"Q2s":{"weight":1.0,"played":[1.0,0.0,0.0],"evs":[0.0,-0.75507,-0.75298]},"Q3s":{"weight":1.0,"played":[1.0,0.0,0.0],"evs":[0.0,-0.68809,-0.68641]},"Q4s":{"weight":1.0,"played":[1.0,0.0,0.0],"evs":[0.0,-0.60028,-0.59953]},"Q5s":{"weight":1.0,"played":[1.0,0.0,0.0],"evs":[0.0,-0.46532,-0.46247]},"Q6s":{"weight":1.0,"played":[1.0,0.0,0.0],"evs":[0.0,-0.35594,-0.35377]},"Q7s":{"weight":1.0,"played":[1.0,0.0,0.0],"evs":[0.0,-0.40557,-0.40374]},"Q8s":{"weight":1.0,"played":[1.0,0.0,0.0],"evs":[0.0,-0.18647,-0.18332]},"Q9s":{"weight":1.0,"played":[1.0E-4,0.0553,0.9446],"evs":[0.0,0.07419,0.07552]},"QTs":{"weight":1.0,"played":[0.0,0.0637,0.9363],"evs":[0.0,0.38912,0.39079]},"QJs":{"weight":1.0,"played":[0.0,0.2959,0.7041],"evs":[0.0,0.52557,0.52594]},"QQ":{"weight":1.0,"played":[0.0,0.5146,0.4854],"evs":[0.0,5.5723,5.57193]},"KQo":{"weight":1.0,"played":[0.0,0.0021,0.9979],"evs":[0.0,0.70208,0.704]},"AQo":{"weight":1.0,"played":[0.0,0.0266,0.9734],"evs":[0.0,2.80628,2.8133]},"K2s":{"weight":1.0,"played":[1.0,0.0,0.0],"evs":[0.0,-0.59626,-0.59619]},"K3s":{"weight":1.0,"played":[1.0,0.0,0.0],"evs":[0.0,-0.54766,-0.54935]},"K4s":{"weight":1.0,"played":[1.0,0.0,0.0],"evs":[0.0,-0.4211,-0.42062]},"K5s":{"weight":1.0,"played":[1.0,0.0,0.0],"evs":[0.0,-0.29975,-0.29693]},"K6s":{"weight":1.0,"played":[1.0,0.0,0.0],"evs":[0.0,-0.18278,-0.18152]},"K7s":{"weight":1.0,"played":[0.9999,0.0,0.0],"evs":[0.0,-0.20915,-0.20821]},"K8s":{"weight":1.0,"played":[0.9999,0.0,1.0E-4],"evs":[0.0,-0.1564,-0.15483]},"K9s":{"weight":1.0,"played":[2.0E-4,0.1343,0.8655],"evs":[0.0,0.09228,0.09344]},"KTs":{"weight":1.0,"played":[0.0,0.3212,0.6788],"evs":[0.0,0.45692,0.45552]},"KJs":{"weight":1.0,"played":[0.0,0.2954,0.7046],"evs":[0.0,0.77724,0.77735]},"KQs":{"weight":1.0,"played":[0.0,0.0,1.0],"evs":[0.0,1.28155,1.28411]},"KK":{"weight":1.0,"played":[0.0,0.1732,0.8268],"evs":[0.0,6.58426,6.58485]},"AKo":{"weight":1.0,"played":[0.0,0.0073,0.9927],"evs":[0.0,3.56187,3.57079]},"A2s":{"weight":1.0,"played":[3.0E-4,0.0523,0.9474],"evs":[0.0,0.05019,0.05404]},"A3s":{"weight":1.0,"played":[7.0E-4,0.0504,0.9489],"evs":[0.0,0.11183,0.11474]},"A4s":{"weight":1.0,"played":[0.0,0.0157,0.9843],"evs":[0.0,0.21895,0.22232]},"A5s":{"weight":1.0,"played":[0.0,0.0132,0.9868],"evs":[0.0,0.4021,0.40595]},"A6s":{"weight":1.0,"played":[0.0,0.0222,0.9778],"evs":[0.0,0.30998,0.31152]},"A7s":{"weight":1.0,"played":[0.0,0.0138,0.9862],"evs":[0.0,0.51482,0.5161]},"A8s":{"weight":1.0,"played":[0.0,0.0552,0.9448],"evs":[0.0,0.86301,0.86504]},"A9s":{"weight":1.0,"played":[0.0,0.2313,0.7687],"evs":[0.0,1.27747,1.27886]},"ATs":{"weight":1.0,"played":[0.0,0.1534,0.8466],"evs":[0.0,1.99665,1.99861]},"AJs":{"weight":1.0,"played":[0.0,0.246,0.754],"evs":[0.0,2.60529,2.6108]},"AQs":{"weight":1.0,"played":[0.0,0.0036,0.9964],"evs":[0.0,3.2602,3.26712]},"AKs":{"weight":1.0,"played":[0.0,0.2545,0.7455],"evs":[0.0,3.98294,3.99037]},"AA":{"weight":1.0,"played":[0.0,0.5444,0.4556],"evs":[0.0,8.644,8.64395]}}}