{"player":4,"street":0,"children":2,"sequence":[{"player":0,"type":"R","amount":29750000,"street":0},{"player":1,"type":"C","amount":3750000,"street":0},{"player":2,"type":"F","amount":0,"street":0},{"player":3,"type":"F","amount":0,"street":0},{"player":4,"type":"C","amount":27250000,"street":0},{"player":5,"type":"R","amount":57250000,"street":0}],"actions":[{"type":"F","amount":0},{"type":"C","amount":27500000}],"hands":{"22":{"weight":0.002,"played":[0.0,1.0],"evs":[0.0,1.18996]},"32o":{"weight":0.0,"played":[1.0,0.0],"evs":[0.0,-1.52285]},"42o":{"weight":0.0,"played":[1.0,0.0],"evs":[0.0,-1.41477]},"52o":{"weight":0.0,"played":[1.0,0.0],"evs":[0.0,-1.10837]},"62o":{"weight":0.0,"played":[1.0,0.0],"evs":[0.0,-1.18865]},"72o":{"weight":0.0,"played":[1.0,0.0],"evs":[0.0,-1.55236]},"82o":{"weight":0.0,"played":[1.0,0.0],"evs":[0.0,-1.35819]},"92o":{"weight":0.0,"played":[1.0,0.0],"evs":[0.0,-1.20516]},"T2o":{"weight":0.0,"played":[1.0,0.0],"evs":[0.0,-1.34449]},"J2o":{"weight":0.0,"played":[1.0,0.0],"evs":[0.0,-1.23073]},"Q2o":{"weight":0.0,"played":[1.0,0.0],"evs":[0.0,-1.08158]},"K2o":{"weight":0.0,"played":[0.9998,2.0E-4],"evs":[0.0,-0.91074]},"A2o":{"weight":0.0,"played":[1.0,0.0],"evs":[0.0,-0.8383]},"32s":{"weight":0.0,"played":[0.9999,1.0E-4],"evs":[0.0,-0.3395]},"33":{"weight":0.1516,"played":[0.0,1.0],"evs":[0.0,1.52863]},"43o":{"weight":0.0,"played":[1.0,0.0],"evs":[0.0,-0.93655]},"53o":{"weight":0.0,"played":[1.0,0.0],"evs":[0.0,-0.64135]},"63o":{"weight":0.0,"played":[1.0,0.0],"evs":[0.0,-0.7534]},"73o":{"weight":0.0,"played":[1.0,0.0],"evs":[0.0,-1.11328]},"83o":{"weight":0.0,"played":[1.0,0.0],"evs":[0.0,-1.32822]},"93o":{"weight":0.0,"played":[1.0,0.0],"evs":[0.0,-1.12123]},"T3o":{"weight":0.0,"played":[1.0,0.0],"evs":[0.0,-1.2002]},"J3o":{"weight":0.0,"played":[1.0,0.0],"evs":[0.0,-1.10592]},"Q3o":{"weight":0.0,"played":[1.0,0.0],"evs":[0.0,-0.94534]},"K3o":{"weight":0.0,"played":[1.0,0.0],"evs":[0.0,-0.77778]},"A3o":{"weight":0.0,"played":[0.9997,3.0E-4],"evs":[0.0,-0.81323]},"42s":{"weight":0.0,"played":[0.9905,0.0095],"evs":[0.0,-0.291]},"43s":{"weight":0.0,"played":[0.0021,0.9979],"evs":[0.0,0.29117]},"44":{"weight":1.0E-4,"played":[0.0,1.0],"evs":[0.0,1.97496]},"54o":{"weight":0.0,"played":[0.9519,0.0481],"evs":[0.0,-0.08564]},"64o":{"weight":0.0,"played":[1.0,0.0],"evs":[0.0,-0.26198]},"74o":{"weight":0.0,"played":[1.0,0.0],"evs":[0.0,-0.62732]},"84o":{"weight":0.0,"played":[1.0,0.0],"evs":[0.0,-0.81145]},"94o":{"weight":0.0,"played":[1.0,0.0],"evs":[0.0,-1.09084]},"T4o":{"weight":0.0,"played":[1.0,0.0],"evs":[0.0,-1.1567]},"J4o":{"weight":0.0,"played":[1.0,0.0],"evs":[0.0,-1.03493]},"Q4o":{"weight":0.0,"played":[1.0,0.0],"evs":[0.0,-0.68581]},"K4o":{"weight":0.0,"played":[0.9999,1.0E-4],"evs":[0.0,-0.55397]},"A4o":{"weight":0.0,"played":[0.9997,3.0E-4],"evs":[0.0,-0.58265]},"52s":{"weight":0.0,"played":[5.0E-4,0.9995],"evs":[0.0,0.106]},"53s":{"weight":0.0,"played":[1.0E-4,0.9999],"evs":[0.0,0.4191]},"54s":{"weight":0.0,"played":[0.0,1.0],"evs":[0.0,0.92989]},"55":{"weight":5.0E-4,"played":[0.0,1.0],"evs":[0.0,2.76702]},"65o":{"weight":0.0,"played":[0.0,1.0],"evs":[0.0,0.35939]},"75o":{"weight":0.0,"played":[0.549,0.451],"evs":[0.0,0.01833]},"85o":{"weight":0.0,"played":[0.9998,2.0E-4],"evs":[0.0,-0.16386]},"95o":{"weight":0.0,"played":[1.0,0.0],"evs":[0.0,-0.48982]},"T5o":{"weight":0.0,"played":[1.0,0.0],"evs":[0.0,-1.02271]},"J5o":{"weight":0.0,"played":[1.0,0.0],"evs":[0.0,-0.73708]},"Q5o":{"weight":0.0,"played":[1.0,0.0],"evs":[0.0,-0.54353]},"K5o":{"weight":0.0,"played":[1.0,0.0],"evs":[0.0,-0.37395]},"A5o":{"weight":0.0,"played":[0.9987,0.0013],"evs":[0.0,-0.24017]},"62s":{"weight":0.0,"played":[0.7457,0.2543],"evs":[0.0,-0.05582]},"63s":{"weight":0.0,"played":[0.0,1.0],"evs":[0.0,0.2223]},"64s":{"weight":0.0,"played":[0.0,1.0],"evs":[0.0,0.89118]},"65s":{"weight":0.0,"played":[0.0,1.0],"evs":[0.0,1.37177]},"66":{"weight":3.0E-4,"played":[0.0,1.0],"evs":[0.0,3.59743]},"76o":{"weight":0.0,"played":[0.0,1.0],"evs":[0.0,0.47153]},"86o":{"weight":0.0,"played":[0.0,1.0],"evs":[0.0,0.29832]},"96o":{"weight":0.0,"played":[0.0054,0.9946],"evs":[0.0,0.05711]},"T6o":{"weight":0.0,"played":[0.9991,9.0E-4],"evs":[0.0,-0.40096]},"J6o":{"weight":0.0,"played":[1.0,0.0],"evs":[0.0,-0.56755]},"Q6o":{"weight":0.0,"played":[0.9999,1.0E-4],"evs":[0.0,-0.25922]},"K6o":{"weight":0.0,"played":[0.9973,0.0027],"evs":[0.0,-0.11212]},"A6o":{"weight":0.0,"played":[0.9999,1.0E-4],"evs":[0.0,-0.48015]},"72s":{"weight":0.0,"played":[0.997,0.003],"evs":[0.0,-0.41677]},"73s":{"weight":0.0,"played":[0.5386,0.4614],"evs":[0.0,-0.06306]},"74s":{"weight":0.0,"played":[0.0,1.0],"evs":[0.0,0.50059]},"75s":{"weight":0.0,"played":[0.0,1.0],"evs":[0.0,1.13332]},"76s":{"weight":0.0,"played":[0.0,1.0],"evs":[0.0,1.49082]},"77":{"weight":0.0,"played":[0.0,1.0],"evs":[0.0,4.23432]},"87o":{"weight":0.0,"played":[0.0,1.0],"evs":[0.0,0.61828]},"97o":{"weight":0.0,"played":[0.0,1.0],"evs":[0.0,0.33697]},"T7o":{"weight":0.0,"played":[0.0394,0.9606],"evs":[0.0,0.0481]},"J7o":{"weight":0.0,"played":[0.9982,0.0018],"evs":[0.0,-0.16259]},"Q7o":{"weight":0.0,"played":[0.9995,5.0E-4],"evs":[0.0,-0.20053]},"K7o":{"weight":0.0,"played":[0.883,0.117],"evs":[0.0,-0.01831]},"A7o":{"weight":0.0,"played":[0.9981,0.0019],"evs":[0.0,-0.22471]},"82s":{"weight":0.0,"played":[0.9523,0.0477],"evs":[0.0,-0.27284]},"83s":{"weight":0.0,"played":[0.9985,0.0015],"evs":[0.0,-0.27372]},"84s":{"weight":0.0,"played":[0.0,1.0],"evs":[0.0,0.23393]},"85s":{"weight":0.0,"played":[0.0,1.0],"evs":[0.0,0.79345]},"86s":{"weight":0.0,"played":[0.0,1.0],"evs":[0.0,1.18858]},"87s":{"weight":0.0493,"played":[0.0,1.0],"evs":[0.0,1.65878]},"88":{"weight":7.0E-4,"played":[0.0,1.0],"evs":[0.0,5.09215]},"98o":{"weight":0.0,"played":[0.0,1.0],"evs":[0.0,0.80945]},"T8o":{"weight":0.0,"played":[0.0,1.0],"evs":[0.0,0.48416]},"J8o":{"weight":0.0,"played":[9.0E-4,0.9991],"evs":[0.0,0.28189]},"Q8o":{"weight":0.0,"played":[0.011,0.989],"evs":[0.0,0.11977]},"K8o":{"weight":0.0,"played":[0.0264,0.9736],"evs":[0.0,0.07082]},"A8o":{"weight":0.2904,"played":[0.5187,0.4813],"evs":[0.0,0.01721]},"92s":{"weight":0.0,"played":[0.2549,0.7451],"evs":[0.0,-0.05149]},"93s":{"weight":0.0,"played":[0.1343,0.8657],"evs":[0.0,0.17771]},"94s":{"weight":0.0,"played":[0.6181,0.3819],"evs":[0.0,0.00481]},"95s":{"weight":0.0,"played":[0.0,1.0],"evs":[0.0,0.63916]},"96s":{"weight":0.0,"played":[0.0,1.0],"evs":[0.0,1.12795]},"97s":{"weight":0.0,"played":[0.0,1.0],"evs":[0.0,1.56931]},"98s":{"weight":0.1047,"played":[0.0,1.0],"evs":[0.0,1.78888]},"99":{"weight":0.001,"played":[0.0,1.0],"evs":[0.0,5.84512]},"T9o":{"weight":0.0,"played":[0.0,1.0],"evs":[0.0,0.80942]},"J9o":{"weight":0.0,"played":[0.0,1.0],"evs":[0.0,0.6545]},"Q9o":{"weight":0.0,"played":[0.0,1.0],"evs":[0.0,0.50804]},"K9o":{"weight":0.0,"played":[0.0,1.0],"evs":[0.0,0.47159]},"A9o":{"weight":0.0977,"played":[0.0,1.0],"evs":[0.0,0.34612]},"T2s":{"weight":0.0,"played":[0.9652,0.0348],"evs":[0.0,-0.19805]},"T3s":{"weight":0.0,"played":[0.9918,0.0082],"evs":[0.0,-0.28571]},"T4s":{"weight":0.0,"played":[0.6996,0.3004],"evs":[0.0,-0.08984]},"T5s":{"weight":0.0,"played":[0.0,1.0],"evs":[0.0,0.25135]},"T6s":{"weight":0.0,"played":[0.0,1.0],"evs":[0.0,0.88281]},"T7s":{"weight":0.0,"played":[0.0,1.0],"evs":[0.0,0.96432]},"T8s":{"weight":3.0E-4,"played":[0.0,1.0],"evs":[0.0,1.55661]},"T9s":{"weight":0.2437,"played":[0.0,1.0],"evs":[0.0,1.89064]},"TT":{"weight":0.0661,"played":[0.0,1.0],"evs":[0.0,7.13296]},"JTo":{"weight":0.0,"played":[0.0,1.0],"evs":[0.0,0.93237]},"QTo":{"weight":0.0,"played":[0.0,1.0],"evs":[0.0,0.84405]},"KTo":{"weight":0.0,"played":[0.0,1.0],"evs":[0.0,0.81523]},"ATo":{"weight":0.0933,"played":[0.0,1.0],"evs":[0.0,1.31167]},"J2s":{"weight":0.0,"played":[0.9248,0.0752],"evs":[0.0,-0.12764]},"J3s":{"weight":0.0,"played":[0.0573,0.9427],"evs":[0.0,0.10952]},"J4s":{"weight":0.0,"played":[1.0E-4,0.9999],"evs":[0.0,0.14871]},"J5s":{"weight":0.0,"played":[1.0E-4,0.9999],"evs":[0.0,0.44628]},"J6s":{"weight":0.0,"played":[0.0,1.0],"evs":[0.0,0.58723]},"J7s":{"weight":0.0,"played":[0.0,1.0],"evs":[0.0,0.82724]},"J8s":{"weight":0.0,"played":[0.0,1.0],"evs":[0.0,1.38995]},"J9s":{"weight":0.3268,"played":[0.0,1.0],"evs":[0.0,1.62965]},"JTs":{"weight":0.19,"played":[0.0,1.0],"evs":[0.0,1.96884]},"JJ":{"weight":0.0776,"played":[0.0,1.0],"evs":[0.0,8.59398]},"QJo":{"weight":0.0,"played":[0.0,1.0],"evs":[0.0,1.00807]},"KJo":{"weight":0.0883,"played":[0.0,1.0],"evs":[0.0,1.12444]},"AJo":{"weight":0.0,"played":[0.0,1.0],"evs":[0.0,2.40229]},"Q2s":{"weight":0.0,"played":[0.0086,0.9914],"evs":[0.0,0.08107]},"Q3s":{"weight":0.0,"played":[3.0E-4,0.9997],"evs":[0.0,0.29897]},"Q4s":{"weight":0.0,"played":[0.0,1.0],"evs":[0.0,0.49614]},"Q5s":{"weight":0.0,"played":[0.0,1.0],"evs":[0.0,0.61516]},"Q6s":{"weight":0.0,"played":[0.0,1.0],"evs":[0.0,0.83299]},"Q7s":{"weight":0.0,"played":[0.0,1.0],"evs":[0.0,0.88276]},"Q8s":{"weight":0.0,"played":[0.0,1.0],"evs":[0.0,1.30101]},"Q9s":{"weight":0.0553,"played":[0.0,1.0],"evs":[0.0,1.68125]},"QTs":{"weight":0.0637,"played":[0.0,1.0],"evs":[0.0,1.79064]},"QJs":{"weight":0.2959,"played":[0.0,1.0],"evs":[0.0,2.08857]},"QQ":{"weight":0.5146,"played":[0.0,1.0],"evs":[0.0,10.26678]},"KQo":{"weight":0.0021,"played":[0.0,1.0],"evs":[0.0,1.96773]},"AQo":{"weight":0.0266,"played":[0.0,1.0],"evs":[0.0,3.77717]},"K2s":{"weight":0.0,"played":[0.002,0.998],"evs":[0.0,0.45302]},"K3s":{"weight":0.0,"played":[0.0052,0.9948],"evs":[0.0,0.40222]},"K4s":{"weight":0.0,"played":[0.0,1.0],"evs":[0.0,0.6609]},"K5s":{"weight":0.0,"played":[1.0E-4,0.9999],"evs":[0.0,0.88082]},"K6s":{"weight":0.0,"played":[3.0E-4,0.9997],"evs":[0.0,1.07686]},"K7s":{"weight":0.0,"played":[0.0,1.0],"evs":[0.0,1.07137]},"K8s":{"weight":0.0,"played":[0.0,1.0],"evs":[0.0,1.26404]},"K9s":{"weight":0.1343,"played":[0.0,1.0],"evs":[0.0,1.46365]},"KTs":{"weight":0.3212,"played":[0.0,1.0],"evs":[0.0,1.83703]},"KJs":{"weight":0.2954,"played":[0.0,1.0],"evs":[0.0,2.35274]},"KQs":{"weight":0.0,"played":[0.0,1.0],"evs":[0.0,2.99326]},"KK":{"weight":0.1732,"played":[0.0,1.0],"evs":[0.0,12.41866]},"AKo":{"weight":0.0073,"played":[0.0,1.0],"evs":[0.0,5.202]},"A2s":{"weight":0.0523,"played":[8.0E-4,0.9992],"evs":[0.0,0.27751]},"A3s":{"weight":0.0504,"played":[4.0E-4,0.9996],"evs":[0.0,0.38596]},"A4s":{"weight":0.0157,"played":[0.0023,0.9977],"evs":[0.0,0.61296]},"A5s":{"weight":0.0132,"played":[0.0,1.0],"evs":[0.0,0.94342]},"A6s":{"weight":0.0222,"played":[1.0E-4,0.9999],"evs":[0.0,0.74899]},"A7s":{"weight":0.0138,"played":[0.0,1.0],"evs":[0.0,0.96161]},"A8s":{"weight":0.0552,"played":[0.0,1.0],"evs":[0.0,1.29289]},"A9s":{"weight":0.2313,"played":[0.0,1.0],"evs":[0.0,1.5028]},"ATs":{"weight":0.1534,"played":[0.0,1.0],"evs":[0.0,2.36436]},"AJs":{"weight":0.246,"played":[0.0,1.0],"evs":[0.0,3.47778]},"AQs":{"weight":0.0036,"played":[0.0,1.0],"evs":[0.0,4.72102]},"AKs":{"weight":0.2545,"played":[0.0,1.0],"evs":[0.0,5.95044]},"AA":{"weight":0.5444,"played":[0.0,1.0],"evs":[0.0,15.29582]}}}