{"player":3,"street":0,"children":2,"sequence":[{"player":0,"type":"F","amount":0,"street":0},{"player":1,"type":"F","amount":0,"street":0},{"player":2,"type":"F","amount":0,"street":0},{"player":3,"type":"R","amount":200000,"street":0},{"player":4,"type":"F","amount":0,"street":0},{"player":5,"type":"R","amount":985000,"street":0}],"actions":[{"type":"F","amount":0},{"type":"C","amount":785000}],"hands":{"22":{"weight":0.3908,"played":[0.0,1.0],"evs":[0.0,1.78191]},"32o":{"weight":0.0,"played":[1.0,0.0],"evs":[0.0,-1.26232]},"42o":{"weight":0.0,"played":[1.0,0.0],"evs":[0.0,-1.10846]},"52o":{"weight":0.0,"played":[1.0,0.0],"evs":[0.0,-0.9829]},"62o":{"weight":0.0,"played":[1.0,0.0],"evs":[0.0,-1.16513]},"72o":{"weight":0.0,"played":[1.0,0.0],"evs":[0.0,-1.23065]},"82o":{"weight":0.0,"played":[1.0,0.0],"evs":[0.0,-1.07071]},"92o":{"weight":0.0,"played":[1.0,0.0],"evs":[0.0,-0.97001]},"T2o":{"weight":0.0,"played":[1.0,0.0],"evs":[0.0,-0.8434]},"J2o":{"weight":0.0,"played":[1.0,0.0],"evs":[0.0,-0.76982]},"Q2o":{"weight":0.0,"played":[1.0,0.0],"evs":[0.0,-0.6717]},"K2o":{"weight":0.0,"played":[1.0,0.0],"evs":[0.0,-0.60193]},"A2o":{"weight":1.0,"played":[0.0,1.0],"evs":[0.0,0.80088]},"32s":{"weight":0.0,"played":[1.0,0.0],"evs":[0.0,-0.51543]},"33":{"weight":0.9519,"played":[0.0,1.0],"evs":[0.0,2.00157]},"43o":{"weight":0.0,"played":[1.0,0.0],"evs":[0.0,-0.89354]},"53o":{"weight":0.0,"played":[1.0,0.0],"evs":[0.0,-0.74331]},"63o":{"weight":0.0,"played":[1.0,0.0],"evs":[0.0,-0.94259]},"73o":{"weight":0.0,"played":[1.0,0.0],"evs":[0.0,-0.99896]},"83o":{"weight":0.0,"played":[1.0,0.0],"evs":[0.0,-1.12441]},"93o":{"weight":0.0,"played":[1.0,0.0],"evs":[0.0,-0.97245]},"T3o":{"weight":0.0,"played":[1.0,0.0],"evs":[0.0,-0.83769]},"J3o":{"weight":0.0,"played":[1.0,0.0],"evs":[0.0,-0.75531]},"Q3o":{"weight":0.0,"played":[1.0,0.0],"evs":[0.0,-0.63113]},"K3o":{"weight":0.0,"played":[1.0,0.0],"evs":[0.0,-0.5898]},"A3o":{"weight":1.0,"played":[0.0,1.0],"evs":[0.0,0.89591]},"42s":{"weight":0.0,"played":[1.0,0.0],"evs":[0.0,-0.39153]},"43s":{"weight":0.0,"played":[0.9987,0.0013],"evs":[0.0,-0.15726]},"44":{"weight":1.0E-4,"played":[0.0,1.0],"evs":[0.0,2.4849]},"54o":{"weight":0.0,"played":[1.0,0.0],"evs":[0.0,-0.40663]},"64o":{"weight":0.0,"played":[1.0,0.0],"evs":[0.0,-0.56768]},"74o":{"weight":0.0,"played":[1.0,0.0],"evs":[0.0,-0.68444]},"84o":{"weight":0.0,"played":[1.0,0.0],"evs":[0.0,-0.78371]},"94o":{"weight":0.0,"played":[1.0,0.0],"evs":[0.0,-0.87539]},"T4o":{"weight":0.0,"played":[1.0,0.0],"evs":[0.0,-0.68958]},"J4o":{"weight":0.0,"played":[1.0,0.0],"evs":[0.0,-0.64241]},"Q4o":{"weight":0.0,"played":[1.0,0.0],"evs":[0.0,-0.49353]},"K4o":{"weight":0.0,"played":[0.9999,1.0E-4],"evs":[0.0,-0.46212]},"A4o":{"weight":1.0,"played":[0.0,1.0],"evs":[0.0,1.01963]},"52s":{"weight":0.0,"played":[1.0,0.0],"evs":[0.0,-0.22386]},"53s":{"weight":0.0,"played":[0.999,0.001],"evs":[0.0,-0.03515]},"54s":{"weight":5.0E-4,"played":[0.0,1.0],"evs":[0.0,0.27431]},"55":{"weight":1.0,"played":[0.0,1.0],"evs":[0.0,2.96476]},"65o":{"weight":0.0,"played":[1.0,0.0],"evs":[0.0,-0.24166]},"75o":{"weight":0.0,"played":[1.0,0.0],"evs":[0.0,-0.3389]},"85o":{"weight":0.0,"played":[1.0,0.0],"evs":[0.0,-0.42753]},"95o":{"weight":0.0,"played":[1.0,0.0],"evs":[0.0,-0.49381]},"T5o":{"weight":0.0,"played":[1.0,0.0],"evs":[0.0,-0.59546]},"J5o":{"weight":0.0,"played":[1.0,0.0],"evs":[0.0,-0.46173]},"Q5o":{"weight":0.0,"played":[1.0,0.0],"evs":[0.0,-0.3608]},"K5o":{"weight":0.0,"played":[1.0,0.0],"evs":[0.0,-0.30376]},"A5o":{"weight":1.0,"played":[0.0,1.0],"evs":[0.0,1.27856]},"62s":{"weight":0.0,"played":[1.0,0.0],"evs":[0.0,-0.42716]},"63s":{"weight":0.0,"played":[0.9995,5.0E-4],"evs":[0.0,-0.19761]},"64s":{"weight":0.0,"played":[0.0025,0.9975],"evs":[0.0,0.12972]},"65s":{"weight":0.9999,"played":[0.0,1.0],"evs":[0.0,0.46186]},"66":{"weight":1.0,"played":[0.0,1.0],"evs":[0.0,3.36923]},"76o":{"weight":0.0,"played":[0.4818,0.5182],"evs":[0.0,-0.00345]},"86o":{"weight":0.0,"played":[1.0,0.0],"evs":[0.0,-0.06493]},"96o":{"weight":0.0,"played":[0.9999,1.0E-4],"evs":[0.0,-0.20935]},"T6o":{"weight":0.0,"played":[1.0,0.0],"evs":[0.0,-0.28249]},"J6o":{"weight":0.0,"played":[1.0,0.0],"evs":[0.0,-0.40457]},"Q6o":{"weight":0.0,"played":[1.0,0.0],"evs":[0.0,-0.22976]},"K6o":{"weight":1.0E-4,"played":[0.9992,8.0E-4],"evs":[0.0,-0.15952]},"A6o":{"weight":1.0,"played":[0.0,1.0],"evs":[0.0,1.36538]},"72s":{"weight":0.0,"played":[1.0,0.0],"evs":[0.0,-0.47341]},"73s":{"weight":0.0,"played":[1.0,0.0],"evs":[0.0,-0.28737]},"74s":{"weight":0.0,"played":[0.1079,0.8921],"evs":[0.0,0.04113]},"75s":{"weight":0.9431,"played":[0.0,1.0],"evs":[0.0,0.38067]},"76s":{"weight":1.0,"played":[0.0,1.0],"evs":[0.0,0.66078]},"77":{"weight":1.0,"played":[0.0,1.0],"evs":[0.0,3.81626]},"87o":{"weight":0.0,"played":[5.0E-4,0.9995],"evs":[0.0,0.20311]},"97o":{"weight":0.0,"played":[8.0E-4,0.9992],"evs":[0.0,0.10502]},"T7o":{"weight":0.0,"played":[0.0995,0.9005],"evs":[0.0,0.02328]},"J7o":{"weight":0.0,"played":[0.9998,2.0E-4],"evs":[0.0,-0.11383]},"Q7o":{"weight":0.0,"played":[1.0,0.0],"evs":[0.0,-0.18758]},"K7o":{"weight":1.0,"played":[0.9997,3.0E-4],"evs":[0.0,-0.05426]},"A7o":{"weight":1.0,"played":[0.0,1.0],"evs":[0.0,1.83596]},"82s":{"weight":0.0,"played":[1.0,0.0],"evs":[0.0,-0.3333]},"83s":{"weight":0.0,"played":[1.0,0.0],"evs":[0.0,-0.34938]},"84s":{"weight":0.0,"played":[0.8599,0.1401],"evs":[0.0,-0.0369]},"85s":{"weight":0.0015,"played":[0.0,1.0],"evs":[0.0,0.26686]},"86s":{"weight":1.0,"played":[0.0,1.0],"evs":[0.0,0.58338]},"87s":{"weight":1.0,"played":[0.0,1.0],"evs":[0.0,0.85645]},"88":{"weight":1.0,"played":[0.0,1.0],"evs":[0.0,4.20198]},"98o":{"weight":0.714,"played":[0.0,1.0],"evs":[0.0,0.39109]},"T8o":{"weight":0.9998,"played":[0.0,1.0],"evs":[0.0,0.32731]},"J8o":{"weight":0.5615,"played":[0.0,1.0],"evs":[0.0,0.22081]},"Q8o":{"weight":0.3994,"played":[0.0,1.0],"evs":[0.0,0.13594]},"K8o":{"weight":1.0,"played":[0.5753,0.4247],"evs":[0.0,-0.00399]},"A8o":{"weight":0.9001,"played":[0.0,1.0],"evs":[0.0,2.3479]},"92s":{"weight":0.0,"played":[0.9998,2.0E-4],"evs":[0.0,-0.20877]},"93s":{"weight":0.0,"played":[0.9998,2.0E-4],"evs":[0.0,-0.23415]},"94s":{"weight":0.0,"played":[0.9997,3.0E-4],"evs":[0.0,-0.11614]},"95s":{"weight":0.0,"played":[0.0013,0.9987],"evs":[0.0,0.22263]},"96s":{"weight":1.0,"played":[0.0,1.0],"evs":[0.0,0.51447]},"97s":{"weight":1.0,"played":[0.0,1.0],"evs":[0.0,0.78128]},"98s":{"weight":1.0,"played":[0.0,1.0],"evs":[0.0,1.05894]},"99":{"weight":1.0,"played":[0.0,1.0],"evs":[0.0,4.71404]},"T9o":{"weight":1.0,"played":[0.0,1.0],"evs":[0.0,0.63403]},"J9o":{"weight":1.0,"played":[0.0,1.0],"evs":[0.0,0.53224]},"Q9o":{"weight":1.0,"played":[0.0,1.0],"evs":[0.0,0.43355]},"K9o":{"weight":1.0,"played":[0.0,1.0],"evs":[0.0,0.3293]},"A9o":{"weight":0.6024,"played":[0.0,1.0],"evs":[0.0,2.96162]},"T2s":{"weight":0.0,"played":[1.0,0.0],"evs":[0.0,-0.10018]},"T3s":{"weight":0.0,"played":[0.9955,0.0045],"evs":[0.0,-0.14981]},"T4s":{"weight":0.0,"played":[0.7922,0.2078],"evs":[0.0,-0.03056]},"T5s":{"weight":0.0,"played":[0.0061,0.9939],"evs":[0.0,0.11361]},"T6s":{"weight":1.0,"played":[0.0,1.0],"evs":[0.0,0.44142]},"T7s":{"weight":1.0,"played":[0.0,1.0],"evs":[0.0,0.69016]},"T8s":{"weight":1.0,"played":[0.0,1.0],"evs":[0.0,1.00215]},"T9s":{"weight":1.0,"played":[0.0,1.0],"evs":[0.0,1.25978]},"TT":{"weight":1.0,"played":[0.0,1.0],"evs":[0.0,5.42359]},"JTo":{"weight":1.0,"played":[0.0,1.0],"evs":[0.0,0.93481]},"QTo":{"weight":1.0,"played":[0.0,1.0],"evs":[0.0,0.83947]},"KTo":{"weight":1.0,"played":[0.0,1.0],"evs":[0.0,0.93814]},"ATo":{"weight":1.0,"played":[0.0,1.0],"evs":[0.0,3.9033]},"J2s":{"weight":0.0,"played":[0.9588,0.0412],"evs":[0.0,-0.04141]},"J3s":{"weight":0.0,"played":[0.2155,0.7845],"evs":[0.0,0.02099]},"J4s":{"weight":0.0,"played":[0.0032,0.9968],"evs":[0.0,0.06929]},"J5s":{"weight":0.9957,"played":[0.0,1.0],"evs":[0.0,0.22086]},"J6s":{"weight":0.9999,"played":[0.0,1.0],"evs":[0.0,0.2667]},"J7s":{"weight":1.0,"played":[0.0,1.0],"evs":[0.0,0.61902]},"J8s":{"weight":1.0,"played":[0.0,1.0],"evs":[0.0,0.88397]},"J9s":{"weight":1.0,"played":[0.0,1.0],"evs":[0.0,1.19138]},"JTs":{"weight":1.0,"played":[0.0,1.0],"evs":[0.0,1.52318]},"JJ":{"weight":1.0,"played":[0.0,1.0],"evs":[0.0,5.98146]},"QJo":{"weight":1.0,"played":[0.0,1.0],"evs":[0.0,0.97546]},"KJo":{"weight":1.0,"played":[0.0,1.0],"evs":[0.0,1.39754]},"AJo":{"weight":1.0,"played":[0.0,1.0],"evs":[0.0,4.56816]},"Q2s":{"weight":0.0,"played":[0.0068,0.9932],"evs":[0.0,0.08827]},"Q3s":{"weight":0.0,"played":[0.0027,0.9973],"evs":[0.0,0.10269]},"Q4s":{"weight":0.9991,"played":[0.0,1.0],"evs":[0.0,0.22992]},"Q5s":{"weight":1.0,"played":[0.0,1.0],"evs":[0.0,0.35889]},"Q6s":{"weight":1.0,"played":[0.0,1.0],"evs":[0.0,0.47223]},"Q7s":{"weight":1.0,"played":[0.0,1.0],"evs":[0.0,0.49889]},"Q8s":{"weight":1.0,"played":[0.0,1.0],"evs":[0.0,0.7844]},"Q9s":{"weight":1.0,"played":[0.0,1.0],"evs":[0.0,1.10985]},"QTs":{"weight":1.0,"played":[0.0,1.0],"evs":[0.0,1.50049]},"QJs":{"weight":0.9988,"played":[0.0,1.0],"evs":[0.0,1.56435]},"QQ":{"weight":1.0,"played":[0.0,1.0],"evs":[0.0,6.57472]},"KQo":{"weight":0.6729,"played":[0.0,1.0],"evs":[0.0,1.86702]},"AQo":{"weight":1.0,"played":[0.0,1.0],"evs":[0.0,5.19784]},"K2s":{"weight":0.9993,"played":[8.0E-4,0.9992],"evs":[0.0,0.12911]},"K3s":{"weight":1.0,"played":[0.0,1.0],"evs":[0.0,0.17156]},"K4s":{"weight":1.0,"played":[0.0,1.0],"evs":[0.0,0.29036]},"K5s":{"weight":1.0,"played":[0.0,1.0],"evs":[0.0,0.43237]},"K6s":{"weight":1.0,"played":[0.0,1.0],"evs":[0.0,0.54619]},"K7s":{"weight":1.0,"played":[0.0,1.0],"evs":[0.0,0.58601]},"K8s":{"weight":1.0,"played":[0.0,1.0],"evs":[0.0,0.67628]},"K9s":{"weight":1.0,"played":[0.0,1.0],"evs":[0.0,1.01631]},"KTs":{"weight":0.9974,"played":[0.0,1.0],"evs":[0.0,1.56831]},"KJs":{"weight":1.0,"played":[0.0,1.0],"evs":[0.0,1.99692]},"KQs":{"weight":1.0,"played":[0.0,1.0],"evs":[0.0,2.43184]},"KK":{"weight":1.0,"played":[0.0,1.0],"evs":[0.0,7.38681]},"AKo":{"weight":1.0,"played":[0.0,1.0],"evs":[0.0,6.04683]},"A2s":{"weight":1.0,"played":[0.0,1.0],"evs":[0.0,1.46283]},"A3s":{"weight":1.0,"played":[0.0,1.0],"evs":[0.0,1.49437]},"A4s":{"weight":1.0,"played":[0.0,1.0],"evs":[0.0,1.68232]},"A5s":{"weight":0.9918,"played":[0.0,1.0],"evs":[0.0,1.91012]},"A6s":{"weight":0.9998,"played":[0.0,1.0],"evs":[0.0,1.9369]},"A7s":{"weight":1.0,"played":[0.0,1.0],"evs":[0.0,2.42313]},"A8s":{"weight":1.0,"played":[0.0,1.0],"evs":[0.0,2.89728]},"A9s":{"weight":1.0,"played":[0.0,1.0],"evs":[0.0,3.46619]},"ATs":{"weight":1.0,"played":[0.0,1.0],"evs":[0.0,4.37843]},"AJs":{"weight":1.0,"played":[0.0,1.0],"evs":[0.0,4.92569]},"AQs":{"weight":1.0,"played":[0.0,1.0],"evs":[0.0,5.62515]},"AKs":{"weight":1.0,"played":[0.0,1.0],"evs":[0.0,6.38057]},"AA":{"weight":1.0,"played":[0.0,1.0],"evs":[0.0,10.37745]}}}