{"player":5,"street":0,"children":2,"sequence":[{"player":0,"type":"F","amount":0,"street":0},{"player":1,"type":"R","amount":200000,"street":0},{"player":2,"type":"F","amount":0,"street":0},{"player":3,"type":"F","amount":0,"street":0},{"player":4,"type":"R","amount":1265000,"street":0}],"actions":[{"type":"F","amount":0,"node":101},{"type":"C","amount":885000,"node":102}],"hands":{"22":{"weight":1.0,"played":[0.9998,2.0E-4],"evs":[0.0,-0.93543]},"32o":{"weight":1.0,"played":[1.0,0.0],"evs":[0.0,-3.01297]},"42o":{"weight":1.0,"played":[1.0,0.0],"evs":[0.0,-2.90056]},"52o":{"weight":1.0,"played":[1.0,0.0],"evs":[0.0,-2.81723]},"62o":{"weight":1.0,"played":[1.0,0.0],"evs":[0.0,-2.88594]},"72o":{"weight":1.0,"played":[1.0,0.0],"evs":[0.0,-3.29721]},"82o":{"weight":1.0,"played":[1.0,0.0],"evs":[0.0,-2.95052]},"92o":{"weight":1.0,"played":[1.0,0.0],"evs":[0.0,-3.20287]},"T2o":{"weight":1.0,"played":[1.0,0.0],"evs":[0.0,-3.31137]},"J2o":{"weight":1.0,"played":[1.0,0.0],"evs":[0.0,-3.19415]},"Q2o":{"weight":1.0,"played":[1.0,0.0],"evs":[0.0,-2.77726]},"K2o":{"weight":1.0,"played":[1.0,0.0],"evs":[0.0,-2.42439]},"A2o":{"weight":1.0,"played":[0.9999,1.0E-4],"evs":[0.0,-1.95149]},"32s":{"weight":1.0,"played":[1.0,0.0],"evs":[0.0,-2.39159]},"33":{"weight":1.0,"played":[1.0,0.0],"evs":[0.0,-0.56531]},"43o":{"weight":1.0,"played":[1.0,0.0],"evs":[0.0,-2.30999]},"53o":{"weight":1.0,"played":[1.0,0.0],"evs":[0.0,-2.48368]},"63o":{"weight":1.0,"played":[1.0,0.0],"evs":[0.0,-2.67328]},"73o":{"weight":1.0,"played":[1.0,0.0],"evs":[0.0,-2.98489]},"83o":{"weight":1.0,"played":[1.0,0.0],"evs":[0.0,-2.99757]},"93o":{"weight":1.0,"played":[1.0,0.0],"evs":[0.0,-2.93302]},"T3o":{"weight":1.0,"played":[1.0,0.0],"evs":[0.0,-3.08158]},"J3o":{"weight":1.0,"played":[1.0,0.0],"evs":[0.0,-3.00179]},"Q3o":{"weight":1.0,"played":[1.0,0.0],"evs":[0.0,-2.67973]},"K3o":{"weight":1.0,"played":[1.0,0.0],"evs":[0.0,-2.29106]},"A3o":{"weight":1.0,"played":[1.0,0.0],"evs":[0.0,-1.68338]},"42s":{"weight":1.0,"played":[1.0,0.0],"evs":[0.0,-2.30187]},"43s":{"weight":1.0,"played":[1.0,0.0],"evs":[0.0,-1.51549]},"44":{"weight":1.0,"played":[0.9812,0.0188],"evs":[0.0,-0.25427]},"54o":{"weight":1.0,"played":[1.0,0.0],"evs":[0.0,-1.91852]},"64o":{"weight":1.0,"played":[1.0,0.0],"evs":[0.0,-2.13138]},"74o":{"weight":1.0,"played":[1.0,0.0],"evs":[0.0,-2.62059]},"84o":{"weight":1.0,"played":[1.0,0.0],"evs":[0.0,-2.65441]},"94o":{"weight":1.0,"played":[1.0,0.0],"evs":[0.0,-3.10805]},"T4o":{"weight":1.0,"played":[1.0,0.0],"evs":[0.0,-3.0517]},"J4o":{"weight":1.0,"played":[1.0,0.0],"evs":[0.0,-2.85659]},"Q4o":{"weight":1.0,"played":[1.0,0.0],"evs":[0.0,-2.73542]},"K4o":{"weight":1.0,"played":[1.0,0.0],"evs":[0.0,-2.14578]},"A4o":{"weight":1.0,"played":[1.0,0.0],"evs":[0.0,-1.3558]},"52s":{"weight":1.0,"played":[1.0,0.0],"evs":[0.0,-1.56928]},"53s":{"weight":1.0,"played":[0.9995,5.0E-4],"evs":[0.0,-1.73725]},"54s":{"weight":1.0,"played":[0.9999,1.0E-4],"evs":[0.0,-1.28782]},"55":{"weight":1.0,"played":[0.2301,0.7699],"evs":[0.0,0.20499]},"65o":{"weight":1.0,"played":[1.0,0.0],"evs":[0.0,-1.78449]},"75o":{"weight":1.0,"played":[1.0,0.0],"evs":[0.0,-2.16895]},"85o":{"weight":1.0,"played":[1.0,0.0],"evs":[0.0,-2.27557]},"95o":{"weight":1.0,"played":[1.0,0.0],"evs":[0.0,-2.48112]},"T5o":{"weight":1.0,"played":[1.0,0.0],"evs":[0.0,-2.89511]},"J5o":{"weight":1.0,"played":[1.0,0.0],"evs":[0.0,-2.78027]},"Q5o":{"weight":1.0,"played":[1.0,0.0],"evs":[0.0,-2.45608]},"K5o":{"weight":1.0,"played":[1.0,0.0],"evs":[0.0,-2.00541]},"A5o":{"weight":1.0,"played":[0.9999,1.0E-4],"evs":[0.0,-1.26152]},"62s":{"weight":1.0,"played":[1.0,0.0],"evs":[0.0,-2.10398]},"63s":{"weight":1.0,"played":[1.0,0.0],"evs":[0.0,-1.84521]},"64s":{"weight":1.0,"played":[1.0,0.0],"evs":[0.0,-1.13608]},"65s":{"weight":1.0,"played":[0.9992,8.0E-4],"evs":[0.0,-1.14609]},"66":{"weight":1.0,"played":[0.0017,0.9983],"evs":[0.0,0.49415]},"76o":{"weight":1.0,"played":[1.0,0.0],"evs":[0.0,-1.90427]},"86o":{"weight":1.0,"played":[1.0,0.0],"evs":[0.0,-1.84603]},"96o":{"weight":1.0,"played":[1.0,0.0],"evs":[0.0,-2.19566]},"T6o":{"weight":1.0,"played":[1.0,0.0],"evs":[0.0,-2.53959]},"J6o":{"weight":1.0,"played":[1.0,0.0],"evs":[0.0,-2.77099]},"Q6o":{"weight":1.0,"played":[1.0,0.0],"evs":[0.0,-2.31077]},"K6o":{"weight":1.0,"played":[1.0,0.0],"evs":[0.0,-1.82411]},"A6o":{"weight":1.0,"played":[0.9998,2.0E-4],"evs":[0.0,-1.17287]},"72s":{"weight":1.0,"played":[0.9997,3.0E-4],"evs":[0.0,-2.35525]},"73s":{"weight":1.0,"played":[1.0,0.0],"evs":[0.0,-2.26492]},"74s":{"weight":1.0,"played":[1.0,0.0],"evs":[0.0,-1.69753]},"75s":{"weight":1.0,"played":[0.9998,2.0E-4],"evs":[0.0,-1.44712]},"76s":{"weight":1.0,"played":[0.9996,4.0E-4],"evs":[0.0,-1.08838]},"77":{"weight":1.0,"played":[0.0096,0.9904],"evs":[0.0,0.60199]},"87o":{"weight":1.0,"played":[1.0,0.0],"evs":[0.0,-1.71357]},"97o":{"weight":1.0,"played":[1.0,0.0],"evs":[0.0,-2.13714]},"T7o":{"weight":1.0,"played":[1.0,0.0],"evs":[0.0,-2.67568]},"J7o":{"weight":1.0,"played":[1.0,0.0],"evs":[0.0,-2.87867]},"Q7o":{"weight":1.0,"played":[1.0,0.0],"evs":[0.0,-2.701]},"K7o":{"weight":1.0,"played":[1.0,0.0],"evs":[0.0,-2.11917]},"A7o":{"weight":1.0,"played":[1.0,0.0],"evs":[0.0,-1.38475]},"82s":{"weight":1.0,"played":[1.0,0.0],"evs":[0.0,-2.13897]},"83s":{"weight":1.0,"played":[0.9998,2.0E-4],"evs":[0.0,-1.75524]},"84s":{"weight":1.0,"played":[0.9999,1.0E-4],"evs":[0.0,-1.87879]},"85s":{"weight":1.0,"played":[0.9998,2.0E-4],"evs":[0.0,-1.32077]},"86s":{"weight":1.0,"played":[0.9984,0.0016],"evs":[0.0,-1.01309]},"87s":{"weight":1.0,"played":[0.9993,7.0E-4],"evs":[0.0,-0.72239]},"88":{"weight":1.0,"played":[0.0,1.0],"evs":[0.0,1.14302]},"98o":{"weight":1.0,"played":[0.9998,2.0E-4],"evs":[0.0,-1.60918]},"T8o":{"weight":1.0,"played":[1.0,0.0],"evs":[0.0,-1.99145]},"J8o":{"weight":1.0,"played":[1.0,0.0],"evs":[0.0,-2.15114]},"Q8o":{"weight":1.0,"played":[1.0,0.0],"evs":[0.0,-2.01692]},"K8o":{"weight":1.0,"played":[1.0,0.0],"evs":[0.0,-1.94942]},"A8o":{"weight":1.0,"played":[0.9999,1.0E-4],"evs":[0.0,-0.6232]},"92s":{"weight":1.0,"played":[1.0,0.0],"evs":[0.0,-2.30579]},"93s":{"weight":1.0,"played":[1.0,0.0],"evs":[0.0,-2.19793]},"94s":{"weight":1.0,"played":[1.0,0.0],"evs":[0.0,-1.86754]},"95s":{"weight":1.0,"played":[0.9998,2.0E-4],"evs":[0.0,-1.8017]},"96s":{"weight":1.0,"played":[0.9998,2.0E-4],"evs":[0.0,-1.55559]},"97s":{"weight":1.0,"played":[0.9908,0.0092],"evs":[0.0,-1.2099]},"98s":{"weight":1.0,"played":[0.9994,6.0E-4],"evs":[0.0,-0.95025]},"99":{"weight":1.0,"played":[0.0,1.0],"evs":[0.0,1.42698]},"T9o":{"weight":1.0,"played":[0.9999,1.0E-4],"evs":[0.0,-1.7164]},"J9o":{"weight":1.0,"played":[1.0,0.0],"evs":[0.0,-1.91666]},"Q9o":{"weight":1.0,"played":[0.9999,1.0E-4],"evs":[0.0,-1.76639]},"K9o":{"weight":1.0,"played":[1.0,0.0],"evs":[0.0,-1.61908]},"A9o":{"weight":1.0,"played":[0.993,0.007],"evs":[0.0,-0.34512]},"T2s":{"weight":1.0,"played":[0.999,0.001],"evs":[0.0,-2.41327]},"T3s":{"weight":1.0,"played":[0.9996,4.0E-4],"evs":[0.0,-2.23612]},"T4s":{"weight":1.0,"played":[0.9999,1.0E-4],"evs":[0.0,-1.93961]},"T5s":{"weight":1.0,"played":[1.0,0.0],"evs":[0.0,-2.04468]},"T6s":{"weight":1.0,"played":[0.9997,3.0E-4],"evs":[0.0,-1.61766]},"T7s":{"weight":1.0,"played":[0.9994,6.0E-4],"evs":[0.0,-1.92266]},"T8s":{"weight":1.0,"played":[0.9993,7.0E-4],"evs":[0.0,-1.18177]},"T9s":{"weight":1.0,"played":[0.9975,0.0025],"evs":[0.0,-0.56839]},"TT":{"weight":1.0,"played":[0.0,1.0],"evs":[0.0,1.9285]},"JTo":{"weight":1.0,"played":[0.9999,1.0E-4],"evs":[0.0,-1.80861]},"QTo":{"weight":1.0,"played":[0.9999,1.0E-4],"evs":[0.0,-1.32004]},"KTo":{"weight":1.0,"played":[0.9997,3.0E-4],"evs":[0.0,-1.11412]},"ATo":{"weight":1.0,"played":[0.0,1.0],"evs":[0.0,0.46425]},"J2s":{"weight":1.0,"played":[0.9998,2.0E-4],"evs":[0.0,-2.1885]},"J3s":{"weight":1.0,"played":[0.9998,2.0E-4],"evs":[0.0,-2.05845]},"J4s":{"weight":1.0,"played":[0.9989,0.0011],"evs":[0.0,-1.94029]},"J5s":{"weight":1.0,"played":[0.9998,2.0E-4],"evs":[0.0,-1.82844]},"J6s":{"weight":1.0,"played":[1.0,0.0],"evs":[0.0,-1.93011]},"J7s":{"weight":1.0,"played":[0.9996,4.0E-4],"evs":[0.0,-1.97357]},"J8s":{"weight":1.0,"played":[0.9986,0.0014],"evs":[0.0,-1.64316]},"J9s":{"weight":1.0,"played":[0.9973,0.0027],"evs":[0.0,-1.257]},"JTs":{"weight":1.0,"played":[0.9939,0.0061],"evs":[0.0,-0.85166]},"JJ":{"weight":1.0,"played":[0.0,1.0],"evs":[0.0,3.01424]},"QJo":{"weight":1.0,"played":[0.9995,5.0E-4],"evs":[0.0,-0.86414]},"KJo":{"weight":1.0,"played":[0.9997,3.0E-4],"evs":[0.0,-0.78879]},"AJo":{"weight":1.0,"played":[0.0,1.0],"evs":[0.0,0.88513]},"Q2s":{"weight":1.0,"played":[0.9992,8.0E-4],"evs":[0.0,-1.91182]},"Q3s":{"weight":1.0,"played":[0.9998,2.0E-4],"evs":[0.0,-1.69943]},"Q4s":{"weight":1.0,"played":[0.9992,8.0E-4],"evs":[0.0,-1.73202]},"Q5s":{"weight":1.0,"played":[0.9999,1.0E-4],"evs":[0.0,-1.4743]},"Q6s":{"weight":1.0,"played":[0.9999,1.0E-4],"evs":[0.0,-1.58849]},"Q7s":{"weight":1.0,"played":[0.9999,1.0E-4],"evs":[0.0,-1.69685]},"Q8s":{"weight":1.0,"played":[0.9996,4.0E-4],"evs":[0.0,-1.22943]},"Q9s":{"weight":1.0,"played":[0.9978,0.0022],"evs":[0.0,-0.83468]},"QTs":{"weight":1.0,"played":[0.9928,0.0072],"evs":[0.0,-0.63431]},"QJs":{"weight":1.0,"played":[0.9881,0.0119],"evs":[0.0,-0.42102]},"QQ":{"weight":1.0,"played":[0.0,1.0],"evs":[0.0,4.00899]},"KQo":{"weight":1.0,"played":[0.9816,0.0184],"evs":[0.0,-0.39609]},"AQo":{"weight":1.0,"played":[0.0,1.0],"evs":[0.0,1.51407]},"K2s":{"weight":1.0,"played":[0.9998,2.0E-4],"evs":[0.0,-1.59304]},"K3s":{"weight":1.0,"played":[0.9998,2.0E-4],"evs":[0.0,-1.50414]},"K4s":{"weight":1.0,"played":[0.9998,2.0E-4],"evs":[0.0,-1.39533]},"K5s":{"weight":1.0,"played":[0.9996,4.0E-4],"evs":[0.0,-0.9877]},"K6s":{"weight":1.0,"played":[0.9999,1.0E-4],"evs":[0.0,-0.67547]},"K7s":{"weight":1.0,"played":[1.0,0.0],"evs":[0.0,-1.28915]},"K8s":{"weight":1.0,"played":[0.9998,2.0E-4],"evs":[0.0,-1.12571]},"K9s":{"weight":1.0,"played":[0.9996,4.0E-4],"evs":[0.0,-0.58489]},"KTs":{"weight":1.0,"played":[0.1091,0.8909],"evs":[0.0,0.03025]},"KJs":{"weight":1.0,"played":[0.6619,0.3381],"evs":[0.0,-0.02523]},"KQs":{"weight":1.0,"played":[2.0E-4,0.9998],"evs":[0.0,0.24352]},"KK":{"weight":1.0,"played":[0.0,1.0],"evs":[0.0,4.69444]},"AKo":{"weight":1.0,"played":[0.0,1.0],"evs":[0.0,2.11685]},"A2s":{"weight":1.0,"played":[1.0,0.0],"evs":[0.0,-0.86481]},"A3s":{"weight":1.0,"played":[0.9999,1.0E-4],"evs":[0.0,-1.00704]},"A4s":{"weight":1.0,"played":[0.9804,0.0196],"evs":[0.0,-0.54555]},"A5s":{"weight":1.0,"played":[0.8166,0.1834],"evs":[0.0,-0.1446]},"A6s":{"weight":1.0,"played":[0.9965,0.0035],"evs":[0.0,-0.76663]},"A7s":{"weight":1.0,"played":[0.9859,0.0141],"evs":[0.0,-0.55213]},"A8s":{"weight":1.0,"played":[0.0097,0.9903],"evs":[0.0,0.33585]},"A9s":{"weight":1.0,"played":[0.0099,0.9901],"evs":[0.0,0.41122]},"ATs":{"weight":1.0,"played":[0.001,0.999],"evs":[0.0,0.99566]},"AJs":{"weight":1.0,"played":[0.0,1.0],"evs":[0.0,1.93237]},"AQs":{"weight":1.0,"played":[0.0,1.0],"evs":[0.0,2.42057]},"AKs":{"weight":1.0,"played":[0.0,1.0],"evs":[0.0,2.62596]},"AA":{"weight":1.0,"played":[0.0,1.0],"evs":[0.0,9.36873]}}}