{"player":1,"street":0,"children":2,"sequence":[{"player":0,"type":"F","amount":0,"street":0},{"player":1,"type":"R","amount":200000,"street":0},{"player":2,"type":"F","amount":0,"street":0},{"player":3,"type":"F","amount":0,"street":0},{"player":4,"type":"R","amount":1265000,"street":0},{"player":5,"type":"F","amount":0,"street":0}],"actions":[{"type":"F","amount":0},{"type":"C","amount":1065000}],"hands":{"22":{"weight":0.0,"played":[0.0,1.0],"evs":[0.0,0.4975]},"32o":{"weight":0.0,"played":[1.0,0.0],"evs":[0.0,-2.90694]},"42o":{"weight":0.0,"played":[1.0,0.0],"evs":[0.0,-2.80171]},"52o":{"weight":0.0,"played":[1.0,0.0],"evs":[0.0,-2.61497]},"62o":{"weight":0.0,"played":[1.0,0.0],"evs":[0.0,-2.77196]},"72o":{"weight":0.0,"played":[1.0,0.0],"evs":[0.0,-2.97275]},"82o":{"weight":0.0,"played":[1.0,0.0],"evs":[0.0,-2.7237]},"92o":{"weight":0.0,"played":[1.0,0.0],"evs":[0.0,-2.63837]},"T2o":{"weight":0.0,"played":[1.0,0.0],"evs":[0.0,-2.59968]},"J2o":{"weight":0.0,"played":[1.0,0.0],"evs":[0.0,-2.42298]},"Q2o":{"weight":0.0,"played":[1.0,0.0],"evs":[0.0,-2.3106]},"K2o":{"weight":0.0,"played":[1.0,0.0],"evs":[0.0,-1.84682]},"A2o":{"weight":0.0,"played":[1.0,0.0],"evs":[0.0,-0.5865]},"32s":{"weight":0.0,"played":[1.0,0.0],"evs":[0.0,-1.99212]},"33":{"weight":0.0633,"played":[0.0,1.0],"evs":[0.0,0.87115]},"43o":{"weight":0.0,"played":[1.0,0.0],"evs":[0.0,-2.46821]},"53o":{"weight":0.0,"played":[1.0,0.0],"evs":[0.0,-2.26269]},"63o":{"weight":0.0,"played":[1.0,0.0],"evs":[0.0,-2.41064]},"73o":{"weight":0.0,"played":[1.0,0.0],"evs":[0.0,-2.6208]},"83o":{"weight":0.0,"played":[1.0,0.0],"evs":[0.0,-2.71416]},"93o":{"weight":0.0,"played":[1.0,0.0],"evs":[0.0,-2.54917]},"T3o":{"weight":0.0,"played":[1.0,0.0],"evs":[0.0,-2.51073]},"J3o":{"weight":0.0,"played":[1.0,0.0],"evs":[0.0,-2.32313]},"Q3o":{"weight":0.0,"played":[1.0,0.0],"evs":[0.0,-2.17215]},"K3o":{"weight":0.0,"played":[1.0,0.0],"evs":[0.0,-1.71901]},"A3o":{"weight":0.0,"played":[1.0,0.0],"evs":[0.0,-0.50373]},"42s":{"weight":0.0,"played":[1.0,0.0],"evs":[0.0,-1.95837]},"43s":{"weight":0.0,"played":[1.0,0.0],"evs":[0.0,-1.60509]},"44":{"weight":0.0,"played":[0.0,1.0],"evs":[0.0,1.30686]},"54o":{"weight":0.0,"played":[1.0,0.0],"evs":[0.0,-1.93812]},"64o":{"weight":0.0,"played":[1.0,0.0],"evs":[0.0,-2.08841]},"74o":{"weight":0.0,"played":[1.0,0.0],"evs":[0.0,-2.31358]},"84o":{"weight":0.0,"played":[1.0,0.0],"evs":[0.0,-2.38591]},"94o":{"weight":0.0,"played":[1.0,0.0],"evs":[0.0,-2.54294]},"T4o":{"weight":0.0,"played":[1.0,0.0],"evs":[0.0,-2.43474]},"J4o":{"weight":0.0,"played":[1.0,0.0],"evs":[0.0,-2.23628]},"Q4o":{"weight":0.0,"played":[1.0,0.0],"evs":[0.0,-2.09565]},"K4o":{"weight":0.0,"played":[1.0,0.0],"evs":[0.0,-1.62252]},"A4o":{"weight":0.0,"played":[0.9983,0.0017],"evs":[0.0,-0.32557]},"52s":{"weight":0.0,"played":[1.0,0.0],"evs":[0.0,-1.75674]},"53s":{"weight":0.0,"played":[1.0,0.0],"evs":[0.0,-1.42632]},"54s":{"weight":0.0,"played":[1.0,0.0],"evs":[0.0,-1.12705]},"55":{"weight":0.0,"played":[0.0,1.0],"evs":[0.0,1.98464]},"65o":{"weight":0.0,"played":[1.0,0.0],"evs":[0.0,-1.67497]},"75o":{"weight":0.0,"played":[1.0,0.0],"evs":[0.0,-1.88635]},"85o":{"weight":0.0,"played":[1.0,0.0],"evs":[0.0,-1.97352]},"95o":{"weight":0.0,"played":[1.0,0.0],"evs":[0.0,-2.1183]},"T5o":{"weight":0.0,"played":[1.0,0.0],"evs":[0.0,-2.31932]},"J5o":{"weight":0.0,"played":[1.0,0.0],"evs":[0.0,-2.04477]},"Q5o":{"weight":0.0,"played":[1.0,0.0],"evs":[0.0,-1.91187]},"K5o":{"weight":0.0,"played":[1.0,0.0],"evs":[0.0,-1.45596]},"A5o":{"weight":0.0159,"played":[0.8578,0.1422],"evs":[0.0,-0.07931]},"62s":{"weight":0.0,"played":[1.0,0.0],"evs":[0.0,-1.92351]},"63s":{"weight":0.0,"played":[1.0,0.0],"evs":[0.0,-1.59966]},"64s":{"weight":0.0,"played":[1.0,0.0],"evs":[0.0,-1.23136]},"65s":{"weight":0.0,"played":[1.0,0.0],"evs":[0.0,-0.93471]},"66":{"weight":0.0,"played":[0.0,1.0],"evs":[0.0,2.4163]},"76o":{"weight":0.0,"played":[1.0,0.0],"evs":[0.0,-1.46112]},"86o":{"weight":0.0,"played":[1.0,0.0],"evs":[0.0,-1.55904]},"96o":{"weight":0.0,"played":[1.0,0.0],"evs":[0.0,-1.68209]},"T6o":{"weight":0.0,"played":[1.0,0.0],"evs":[0.0,-1.89093]},"J6o":{"weight":0.0,"played":[1.0,0.0],"evs":[0.0,-1.93539]},"Q6o":{"weight":0.0,"played":[1.0,0.0],"evs":[0.0,-1.73975]},"K6o":{"weight":0.0,"played":[1.0,0.0],"evs":[0.0,-1.25387]},"A6o":{"weight":0.0,"played":[0.6746,0.3254],"evs":[0.0,-0.01432]},"72s":{"weight":0.0,"played":[1.0,0.0],"evs":[0.0,-2.06929]},"73s":{"weight":0.0,"played":[1.0,0.0],"evs":[0.0,-1.78019]},"74s":{"weight":0.0,"played":[1.0,0.0],"evs":[0.0,-1.457]},"75s":{"weight":0.0,"played":[1.0,0.0],"evs":[0.0,-1.06294]},"76s":{"weight":0.0,"played":[1.0,0.0],"evs":[0.0,-0.63765]},"77":{"weight":0.0,"played":[0.0,1.0],"evs":[0.0,2.91281]},"87o":{"weight":0.0,"played":[1.0,0.0],"evs":[0.0,-1.28826]},"97o":{"weight":0.0,"played":[1.0,0.0],"evs":[0.0,-1.41132]},"T7o":{"weight":0.0,"played":[1.0,0.0],"evs":[0.0,-1.61757]},"J7o":{"weight":0.0,"played":[1.0,0.0],"evs":[0.0,-1.64494]},"Q7o":{"weight":0.0,"played":[1.0,0.0],"evs":[0.0,-1.74833]},"K7o":{"weight":0.0,"played":[1.0,0.0],"evs":[0.0,-1.25042]},"A7o":{"weight":0.1683,"played":[0.0,1.0],"evs":[0.0,0.45887]},"82s":{"weight":0.0,"played":[1.0,0.0],"evs":[0.0,-1.84165]},"83s":{"weight":0.0,"played":[1.0,0.0],"evs":[0.0,-1.87703]},"84s":{"weight":0.0,"played":[1.0,0.0],"evs":[0.0,-1.54108]},"85s":{"weight":0.0,"played":[1.0,0.0],"evs":[0.0,-1.11974]},"86s":{"weight":0.0,"played":[1.0,0.0],"evs":[0.0,-0.76336]},"87s":{"weight":0.0,"played":[1.0,0.0],"evs":[0.0,-0.5224]},"88":{"weight":0.0,"played":[0.0,1.0],"evs":[0.0,3.50609]},"98o":{"weight":0.0,"played":[1.0,0.0],"evs":[0.0,-1.05104]},"T8o":{"weight":0.0,"played":[1.0,0.0],"evs":[0.0,-1.22168]},"J8o":{"weight":0.0,"played":[1.0,0.0],"evs":[0.0,-1.24133]},"Q8o":{"weight":0.0,"played":[1.0,0.0],"evs":[0.0,-1.39117]},"K8o":{"weight":0.0,"played":[1.0,0.0],"evs":[0.0,-1.14239]},"A8o":{"weight":0.0158,"played":[0.0,1.0],"evs":[0.0,1.05718]},"92s":{"weight":0.0,"played":[1.0,0.0],"evs":[0.0,-1.75365]},"93s":{"weight":0.0,"played":[1.0,0.0],"evs":[0.0,-1.67888]},"94s":{"weight":0.0,"played":[1.0,0.0],"evs":[0.0,-1.68997]},"95s":{"weight":0.0,"played":[1.0,0.0],"evs":[0.0,-1.26829]},"96s":{"weight":0.0,"played":[1.0,0.0],"evs":[0.0,-0.89462]},"97s":{"weight":0.0,"played":[1.0,0.0],"evs":[0.0,-0.6127]},"98s":{"weight":0.0,"played":[0.9999,1.0E-4],"evs":[0.0,-0.25859]},"99":{"weight":1.0E-4,"played":[0.0,1.0],"evs":[0.0,4.07615]},"T9o":{"weight":0.0,"played":[1.0,0.0],"evs":[0.0,-0.85463]},"J9o":{"weight":0.0,"played":[1.0,0.0],"evs":[0.0,-0.90176]},"Q9o":{"weight":0.0,"played":[1.0,0.0],"evs":[0.0,-1.04422]},"K9o":{"weight":0.0,"played":[1.0,0.0],"evs":[0.0,-0.74484]},"A9o":{"weight":0.0363,"played":[0.0,1.0],"evs":[0.0,1.70569]},"T2s":{"weight":0.0,"played":[1.0,0.0],"evs":[0.0,-1.75014]},"T3s":{"weight":0.0,"played":[1.0,0.0],"evs":[0.0,-1.61067]},"T4s":{"weight":0.0,"played":[1.0,0.0],"evs":[0.0,-1.5433]},"T5s":{"weight":0.0,"played":[1.0,0.0],"evs":[0.0,-1.49066]},"T6s":{"weight":0.0,"played":[1.0,0.0],"evs":[0.0,-1.03035]},"T7s":{"weight":0.0,"played":[1.0,0.0],"evs":[0.0,-0.78719]},"T8s":{"weight":0.0,"played":[1.0,0.0],"evs":[0.0,-0.39804]},"T9s":{"weight":0.0041,"played":[0.9909,0.0091],"evs":[0.0,-0.10266]},"TT":{"weight":0.0,"played":[0.0,1.0],"evs":[0.0,4.99232]},"JTo":{"weight":0.0,"played":[1.0,0.0],"evs":[0.0,-0.56404]},"QTo":{"weight":0.0,"played":[0.9999,1.0E-4],"evs":[0.0,-0.45537]},"KTo":{"weight":0.0273,"played":[0.8189,0.1811],"evs":[0.0,-0.01402]},"ATo":{"weight":0.0,"played":[0.0,1.0],"evs":[0.0,2.92813]},"J2s":{"weight":0.0,"played":[1.0,0.0],"evs":[0.0,-1.58161]},"J3s":{"weight":0.0,"played":[1.0,0.0],"evs":[0.0,-1.44164]},"J4s":{"weight":0.0,"played":[1.0,0.0],"evs":[0.0,-1.41286]},"J5s":{"weight":0.0,"played":[1.0,0.0],"evs":[0.0,-1.24074]},"J6s":{"weight":0.0,"played":[1.0,0.0],"evs":[0.0,-1.10012]},"J7s":{"weight":0.0,"played":[1.0,0.0],"evs":[0.0,-0.83611]},"J8s":{"weight":0.0,"played":[1.0,0.0],"evs":[0.0,-0.46944]},"J9s":{"weight":0.0,"played":[0.9998,2.0E-4],"evs":[0.0,-0.14077]},"JTs":{"weight":0.3519,"played":[0.0,1.0],"evs":[0.0,0.1847]},"JJ":{"weight":0.0,"played":[0.0,1.0],"evs":[0.0,5.78772]},"QJo":{"weight":0.038,"played":[0.4596,0.5404],"evs":[0.0,0.00252]},"KJo":{"weight":0.0,"played":[0.0,1.0],"evs":[0.0,0.44389]},"AJo":{"weight":0.0,"played":[0.0,1.0],"evs":[0.0,3.58599]},"Q2s":{"weight":0.0,"played":[1.0,0.0],"evs":[0.0,-1.42501]},"Q3s":{"weight":0.0,"played":[1.0,0.0],"evs":[0.0,-1.34351]},"Q4s":{"weight":0.0,"played":[1.0,0.0],"evs":[0.0,-1.27304]},"Q5s":{"weight":0.0,"played":[1.0,0.0],"evs":[0.0,-1.14741]},"Q6s":{"weight":0.0,"played":[1.0,0.0],"evs":[0.0,-0.91773]},"Q7s":{"weight":0.0,"played":[1.0,0.0],"evs":[0.0,-0.91566]},"Q8s":{"weight":0.0,"played":[1.0,0.0],"evs":[0.0,-0.57366]},"Q9s":{"weight":0.0314,"played":[0.9998,2.0E-4],"evs":[0.0,-0.26997]},"QTs":{"weight":4.0E-4,"played":[0.0,1.0],"evs":[0.0,0.29219]},"QJs":{"weight":0.0249,"played":[0.0,1.0],"evs":[0.0,0.74729]},"QQ":{"weight":0.0,"played":[0.0,1.0],"evs":[0.0,6.53511]},"KQo":{"weight":0.0,"played":[0.0,1.0],"evs":[0.0,0.80782]},"AQo":{"weight":0.0,"played":[0.0,1.0],"evs":[0.0,4.40281]},"K2s":{"weight":0.0,"played":[1.0,0.0],"evs":[0.0,-0.98103]},"K3s":{"weight":0.0,"played":[1.0,0.0],"evs":[0.0,-0.89667]},"K4s":{"weight":0.0,"played":[1.0,0.0],"evs":[0.0,-0.81626]},"K5s":{"weight":0.0,"played":[1.0,0.0],"evs":[0.0,-0.67761]},"K6s":{"weight":0.0,"played":[1.0,0.0],"evs":[0.0,-0.47991]},"K7s":{"weight":0.0,"played":[1.0,0.0],"evs":[0.0,-0.44047]},"K8s":{"weight":0.0,"played":[1.0,0.0],"evs":[0.0,-0.35564]},"K9s":{"weight":0.0118,"played":[0.7125,0.2875],"evs":[0.0,0.01242]},"KTs":{"weight":0.0091,"played":[0.0,1.0],"evs":[0.0,0.70165]},"KJs":{"weight":0.0164,"played":[0.0,1.0],"evs":[0.0,1.16175]},"KQs":{"weight":0.0,"played":[0.0,1.0],"evs":[0.0,1.52036]},"KK":{"weight":0.0019,"played":[0.0,1.0],"evs":[0.0,7.41386]},"AKo":{"weight":0.0,"played":[0.0,1.0],"evs":[0.0,5.26653]},"A2s":{"weight":0.0124,"played":[0.0,1.0],"evs":[0.0,0.15648]},"A3s":{"weight":0.0,"played":[1.0E-4,0.9999],"evs":[0.0,0.25461]},"A4s":{"weight":3.0E-4,"played":[0.0,1.0],"evs":[0.0,0.40032]},"A5s":{"weight":0.0,"played":[0.0,1.0],"evs":[0.0,0.6842]},"A6s":{"weight":0.0,"played":[0.0,1.0],"evs":[0.0,0.76168]},"A7s":{"weight":0.0,"played":[0.0,1.0],"evs":[0.0,1.11811]},"A8s":{"weight":0.0,"played":[0.0,1.0],"evs":[0.0,1.73952]},"A9s":{"weight":0.0,"played":[0.0,1.0],"evs":[0.0,2.30851]},"ATs":{"weight":0.0,"played":[0.0,1.0],"evs":[0.0,3.45033]},"AJs":{"weight":0.0,"played":[0.0,1.0],"evs":[0.0,4.11136]},"AQs":{"weight":2.0E-4,"played":[0.0,1.0],"evs":[0.0,4.79783]},"AKs":{"weight":7.0E-4,"played":[0.0,1.0],"evs":[0.0,5.65529]},"AA":{"weight":0.367,"played":[0.0,1.0],"evs":[0.0,10.55337]}}}