{"player":5,"street":0,"children":3,"sequence":[{"player":0,"type":"F","amount":0,"street":0},{"player":1,"type":"R","amount":200000,"street":0},{"player":2,"type":"F","amount":0,"street":0},{"player":3,"type":"C","amount":200000,"street":0},{"player":4,"type":"F","amount":0,"street":0}],"actions":[{"type":"F","amount":0},{"type":"C","amount":100000},{"type":"R","amount":985000,"node":105}],"hands":{"22":{"weight":1.0,"played":[0.2961,0.6967,0.0072],"evs":[0.0,0.23431,-1.06978]},"32o":{"weight":1.0,"played":[0.999,0.001,0.0],"evs":[0.0,-0.44994,-2.70953]},"42o":{"weight":1.0,"played":[0.9999,0.0,1.0E-4],"evs":[0.0,-0.4835,-2.62894]},"52o":{"weight":1.0,"played":[1.0,0.0,0.0],"evs":[0.0,-0.37808,-2.62573]},"62o":{"weight":1.0,"played":[0.9999,1.0E-4,0.0],"evs":[0.0,-0.46583,-2.83761]},"72o":{"weight":1.0,"played":[0.9996,4.0E-4,0.0],"evs":[0.0,-0.57184,-3.38322]},"82o":{"weight":1.0,"played":[1.0,0.0,0.0],"evs":[0.0,-0.55916,-3.12244]},"92o":{"weight":1.0,"played":[0.9998,2.0E-4,0.0],"evs":[0.0,-0.53155,-3.08334]},"T2o":{"weight":1.0,"played":[1.0,0.0,0.0],"evs":[0.0,-0.58428,-3.07966]},"J2o":{"weight":1.0,"played":[1.0,0.0,0.0],"evs":[0.0,-0.53915,-2.89984]},"Q2o":{"weight":1.0,"played":[0.9997,3.0E-4,0.0],"evs":[0.0,-0.45196,-2.45153]},"K2o":{"weight":1.0,"played":[0.9999,1.0E-4,0.0],"evs":[0.0,-0.42803,-2.27755]},"A2o":{"weight":1.0,"played":[0.9993,7.0E-4,0.0],"evs":[0.0,-0.13169,-0.70553]},"32s":{"weight":1.0,"played":[0.9681,0.0315,4.0E-4],"evs":[0.0,-0.37818,-2.25262]},"33":{"weight":1.0,"played":[0.0409,0.8773,0.0818],"evs":[0.0,0.45367,-0.30945]},"43o":{"weight":1.0,"played":[0.9999,1.0E-4,1.0E-4],"evs":[0.0,-0.26244,-2.3433]},"53o":{"weight":1.0,"played":[1.0,0.0,0.0],"evs":[0.0,-0.28138,-2.07004]},"63o":{"weight":1.0,"played":[0.9988,0.0012,0.0],"evs":[0.0,-0.31346,-2.32527]},"73o":{"weight":1.0,"played":[1.0,0.0,0.0],"evs":[0.0,-0.57689,-3.06639]},"83o":{"weight":1.0,"played":[1.0,0.0,0.0],"evs":[0.0,-0.57605,-3.14993]},"93o":{"weight":1.0,"played":[1.0,0.0,0.0],"evs":[0.0,-0.62699,-2.92338]},"T3o":{"weight":1.0,"played":[0.9998,2.0E-4,0.0],"evs":[0.0,-0.43866,-2.67462]},"J3o":{"weight":1.0,"played":[0.9999,1.0E-4,0.0],"evs":[0.0,-0.52526,-2.70935]},"Q3o":{"weight":1.0,"played":[1.0,0.0,0.0],"evs":[0.0,-0.36297,-2.34525]},"K3o":{"weight":1.0,"played":[0.9999,0.0,0.0],"evs":[0.0,-0.30424,-1.87006]},"A3o":{"weight":1.0,"played":[0.9993,5.0E-4,3.0E-4],"evs":[0.0,-0.36335,-0.94208]},"42s":{"weight":1.0,"played":[0.9998,2.0E-4,0.0],"evs":[0.0,-0.14254,-1.95717]},"43s":{"weight":1.0,"played":[0.9588,0.0399,0.0013],"evs":[0.0,-0.04272,-1.30869]},"44":{"weight":1.0,"played":[0.0836,0.844,0.0724],"evs":[0.0,0.40365,0.19583]},"54o":{"weight":1.0,"played":[0.9991,9.0E-4,0.0],"evs":[0.0,-0.24465,-1.8909]},"64o":{"weight":1.0,"played":[1.0,0.0,0.0],"evs":[0.0,-0.27025,-2.02358]},"74o":{"weight":1.0,"played":[1.0,0.0,0.0],"evs":[0.0,-0.37718,-2.25409]},"84o":{"weight":1.0,"played":[1.0,0.0,0.0],"evs":[0.0,-0.32388,-2.34314]},"94o":{"weight":1.0,"played":[0.9998,2.0E-4,0.0],"evs":[0.0,-0.53085,-2.7257]},"T4o":{"weight":1.0,"played":[1.0,0.0,0.0],"evs":[0.0,-0.46908,-2.50723]},"J4o":{"weight":1.0,"played":[0.9989,0.0011,0.0],"evs":[0.0,-0.36755,-2.59583]},"Q4o":{"weight":1.0,"played":[0.9999,1.0E-4,0.0],"evs":[0.0,-0.31384,-1.92019]},"K4o":{"weight":1.0,"played":[0.9994,6.0E-4,0.0],"evs":[0.0,-0.30346,-1.74708]},"A4o":{"weight":1.0,"played":[0.7685,0.2313,2.0E-4],"evs":[0.0,-0.00215,-0.17731]},"52s":{"weight":1.0,"played":[0.9875,0.0122,3.0E-4],"evs":[0.0,-0.07775,-1.63242]},"53s":{"weight":1.0,"played":[0.9987,0.0012,1.0E-4],"evs":[0.0,-0.38911,-1.74901]},"54s":{"weight":1.0,"played":[0.1189,0.8788,0.0023],"evs":[0.0,0.19487,-0.92498]},"55":{"weight":1.0,"played":[0.0011,0.7618,0.2371],"evs":[0.0,0.38842,0.24873]},"65o":{"weight":1.0,"played":[1.0,0.0,0.0],"evs":[0.0,-0.21105,-1.68719]},"75o":{"weight":1.0,"played":[0.9999,1.0E-4,0.0],"evs":[0.0,-0.36001,-1.84361]},"85o":{"weight":1.0,"played":[1.0,0.0,0.0],"evs":[0.0,-0.31597,-2.00957]},"95o":{"weight":1.0,"played":[0.9999,1.0E-4,0.0],"evs":[0.0,-0.5624,-2.42202]},"T5o":{"weight":1.0,"played":[1.0,0.0,0.0],"evs":[0.0,-0.53376,-2.77125]},"J5o":{"weight":1.0,"played":[0.9999,0.0,1.0E-4],"evs":[0.0,-0.45156,-2.46788]},"Q5o":{"weight":1.0,"played":[1.0,0.0,0.0],"evs":[0.0,-0.24633,-1.81093]},"K5o":{"weight":1.0,"played":[0.9997,2.0E-4,1.0E-4],"evs":[0.0,-0.27483,-1.83349]},"A5o":{"weight":1.0,"played":[0.9997,1.0E-4,1.0E-4],"evs":[0.0,-0.20183,-0.48833]},"62s":{"weight":1.0,"played":[0.9684,0.0316,0.0],"evs":[0.0,-0.24546,-2.03568]},"63s":{"weight":1.0,"played":[0.5852,0.414,8.0E-4],"evs":[0.0,-0.065,-1.10047]},"64s":{"weight":1.0,"played":[0.9755,0.0243,2.0E-4],"evs":[0.0,-0.12586,-1.55858]},"65s":{"weight":1.0,"played":[0.0937,0.9044,0.0019],"evs":[0.0,0.33565,-1.10401]},"66":{"weight":1.0,"played":[0.1317,0.5075,0.3608],"evs":[0.0,0.33192,0.1904]},"76o":{"weight":1.0,"played":[0.9998,0.0,2.0E-4],"evs":[0.0,-0.19868,-1.76236]},"86o":{"weight":1.0,"played":[1.0,0.0,0.0],"evs":[0.0,-0.32402,-2.19166]},"96o":{"weight":1.0,"played":[0.9999,0.0,0.0],"evs":[0.0,-0.32205,-2.09683]},"T6o":{"weight":1.0,"played":[0.9998,1.0E-4,1.0E-4],"evs":[0.0,-0.37486,-2.30699]},"J6o":{"weight":1.0,"played":[0.9998,2.0E-4,0.0],"evs":[0.0,-0.42942,-2.48383]},"Q6o":{"weight":1.0,"played":[0.9994,4.0E-4,2.0E-4],"evs":[0.0,-0.29551,-1.94981]},"K6o":{"weight":1.0,"played":[0.9992,7.0E-4,1.0E-4],"evs":[0.0,-0.31665,-1.42139]},"A6o":{"weight":1.0,"played":[0.9932,0.0065,2.0E-4],"evs":[0.0,-0.12955,-0.43531]},"72s":{"weight":1.0,"played":[0.998,0.002,0.0],"evs":[0.0,-0.36954,-2.42085]},"73s":{"weight":1.0,"played":[1.0,0.0,0.0],"evs":[0.0,-0.20534,-1.87828]},"74s":{"weight":1.0,"played":[0.6211,0.3788,1.0E-4],"evs":[0.0,-0.07389,-1.13891]},"75s":{"weight":1.0,"played":[0.3435,0.6546,0.002],"evs":[0.0,0.15996,-0.97412]},"76s":{"weight":1.0,"played":[0.0843,0.9062,0.0096],"evs":[0.0,0.03242,-0.97985]},"77":{"weight":1.0,"played":[0.0875,0.0041,0.9084],"evs":[0.0,0.31527,0.58623]},"87o":{"weight":1.0,"played":[0.9903,0.0097,0.0],"evs":[0.0,-0.12928,-1.51565]},"97o":{"weight":1.0,"played":[0.9997,3.0E-4,0.0],"evs":[0.0,-0.40378,-2.33112]},"T7o":{"weight":1.0,"played":[0.9998,2.0E-4,0.0],"evs":[0.0,-0.46883,-2.27529]},"J7o":{"weight":1.0,"played":[0.9999,1.0E-4,0.0],"evs":[0.0,-0.45171,-2.37527]},"Q7o":{"weight":1.0,"played":[0.9997,3.0E-4,0.0],"evs":[0.0,-0.53359,-2.23607]},"K7o":{"weight":1.0,"played":[1.0,0.0,0.0],"evs":[0.0,-0.47374,-1.74988]},"A7o":{"weight":1.0,"played":[0.9611,0.0387,3.0E-4],"evs":[0.0,-0.05995,-0.49354]},"82s":{"weight":1.0,"played":[0.993,0.0068,2.0E-4],"evs":[0.0,-0.05915,-2.356]},"83s":{"weight":1.0,"played":[0.9992,8.0E-4,0.0],"evs":[0.0,-0.27302,-2.09141]},"84s":{"weight":1.0,"played":[0.7299,0.27,0.0],"evs":[0.0,0.10469,-1.58719]},"85s":{"weight":1.0,"played":[0.9404,0.0592,4.0E-4],"evs":[0.0,-0.05634,-1.20807]},"86s":{"weight":1.0,"played":[0.7985,0.2011,4.0E-4],"evs":[0.0,-0.09849,-1.37316]},"87s":{"weight":1.0,"played":[0.7828,0.2052,0.012],"evs":[0.0,-0.02806,-1.05723]},"88":{"weight":1.0,"played":[0.0045,0.6335,0.362],"evs":[0.0,0.65894,0.72131]},"98o":{"weight":1.0,"played":[0.9989,0.001,1.0E-4],"evs":[0.0,-0.2486,-1.74876]},"T8o":{"weight":1.0,"played":[0.9984,0.0016,0.0],"evs":[0.0,-0.34809,-1.80888]},"J8o":{"weight":1.0,"played":[0.9997,3.0E-4,0.0],"evs":[0.0,-0.25774,-1.93375]},"Q8o":{"weight":1.0,"played":[1.0,0.0,0.0],"evs":[0.0,-0.25463,-1.85624]},"K8o":{"weight":1.0,"played":[0.998,0.002,0.0],"evs":[0.0,-0.34271,-1.84682]},"A8o":{"weight":1.0,"played":[0.1222,0.8515,0.0263],"evs":[0.0,0.18621,-0.1064]},"92s":{"weight":1.0,"played":[0.9995,5.0E-4,0.0],"evs":[0.0,-0.25155,-2.1386]},"93s":{"weight":1.0,"played":[0.9976,0.002,4.0E-4],"evs":[0.0,-0.25865,-1.74628]},"94s":{"weight":1.0,"played":[1.0,0.0,0.0],"evs":[0.0,-0.30053,-2.05105]},"95s":{"weight":1.0,"played":[0.8531,0.1469,0.0],"evs":[0.0,0.01486,-1.75792]},"96s":{"weight":1.0,"played":[0.5091,0.4887,0.0022],"evs":[0.0,0.10157,-1.36967]},"97s":{"weight":1.0,"played":[0.4372,0.5625,3.0E-4],"evs":[0.0,0.09533,-0.80647]},"98s":{"weight":1.0,"played":[0.1528,0.7749,0.0724],"evs":[0.0,0.18565,-0.69773]},"99":{"weight":1.0,"played":[0.0,0.0,1.0],"evs":[0.0,0.46226,1.02239]},"T9o":{"weight":1.0,"played":[1.0,0.0,0.0],"evs":[0.0,-0.16018,-1.49776]},"J9o":{"weight":1.0,"played":[0.9992,5.0E-4,3.0E-4],"evs":[0.0,-0.22256,-1.51295]},"Q9o":{"weight":1.0,"played":[0.9984,0.0016,0.0],"evs":[0.0,-0.21126,-1.49791]},"K9o":{"weight":1.0,"played":[1.0,0.0,0.0],"evs":[0.0,-0.29658,-1.19286]},"A9o":{"weight":1.0,"played":[2.0E-4,0.1404,0.8594],"evs":[0.0,0.38075,0.48812]},"T2s":{"weight":1.0,"played":[0.995,0.0049,1.0E-4],"evs":[0.0,-0.4852,-1.92261]},"T3s":{"weight":1.0,"played":[0.9986,0.0013,0.0],"evs":[0.0,-0.34092,-1.94239]},"T4s":{"weight":1.0,"played":[0.5904,0.4093,4.0E-4],"evs":[0.0,-0.17405,-1.65607]},"T5s":{"weight":1.0,"played":[0.828,0.1719,2.0E-4],"evs":[0.0,-0.31289,-1.8951]},"T6s":{"weight":1.0,"played":[0.4183,0.5817,1.0E-4],"evs":[0.0,0.09942,-1.3761]},"T7s":{"weight":1.0,"played":[0.9723,0.0272,5.0E-4],"evs":[0.0,-0.03341,-1.2271]},"T8s":{"weight":1.0,"played":[0.1245,0.8514,0.0242],"evs":[0.0,0.20042,-0.23318]},"T9s":{"weight":1.0,"played":[0.4802,0.5055,0.0143],"evs":[0.0,-0.09517,-1.14743]},"TT":{"weight":1.0,"played":[2.0E-4,0.0039,0.9959],"evs":[0.0,0.90411,2.25256]},"JTo":{"weight":1.0,"played":[0.9979,0.002,1.0E-4],"evs":[0.0,-0.07307,-0.96711]},"QTo":{"weight":1.0,"played":[0.4255,0.5744,1.0E-4],"evs":[0.0,0.11843,-0.74087]},"KTo":{"weight":1.0,"played":[0.3366,0.6413,0.0221],"evs":[0.0,0.11901,-0.33807]},"ATo":{"weight":1.0,"played":[6.0E-4,0.0028,0.9966],"evs":[0.0,0.55234,1.1248]},"J2s":{"weight":1.0,"played":[0.9994,5.0E-4,0.0],"evs":[0.0,-0.15478,-1.49182]},"J3s":{"weight":1.0,"played":[0.9994,4.0E-4,2.0E-4],"evs":[0.0,-0.17332,-1.98956]},"J4s":{"weight":1.0,"played":[0.9056,0.0943,1.0E-4],"evs":[0.0,-0.12073,-1.67383]},"J5s":{"weight":1.0,"played":[0.9143,0.0857,0.0],"evs":[0.0,-0.10203,-1.66421]},"J6s":{"weight":1.0,"played":[0.9945,0.0044,0.0012],"evs":[0.0,-0.16982,-1.75213]},"J7s":{"weight":1.0,"played":[0.9942,0.0057,0.0],"evs":[0.0,-0.22735,-1.66138]},"J8s":{"weight":1.0,"played":[0.8321,0.1677,2.0E-4],"evs":[0.0,0.0155,-0.82426]},"J9s":{"weight":1.0,"played":[0.0326,0.9647,0.0027],"evs":[0.0,0.21885,-0.70768]},"JTs":{"weight":1.0,"played":[0.2574,0.7404,0.0022],"evs":[0.0,0.38764,-0.23292]},"JJ":{"weight":1.0,"played":[0.0,0.0,1.0],"evs":[0.0,0.86486,2.35834]},"QJo":{"weight":1.0,"played":[0.956,0.0404,0.0036],"evs":[0.0,-0.11469,-0.86524]},"KJo":{"weight":1.0,"played":[0.5897,0.4075,0.0028],"evs":[0.0,0.0681,-0.33205]},"AJo":{"weight":1.0,"played":[0.0,0.0161,0.9839],"evs":[0.0,0.94726,1.12946]},"Q2s":{"weight":1.0,"played":[0.9993,1.0E-4,5.0E-4],"evs":[0.0,-0.20735,-1.33468]},"Q3s":{"weight":1.0,"played":[0.2244,0.7744,0.0012],"evs":[0.0,0.10765,-1.02532]},"Q4s":{"weight":1.0,"played":[0.8211,0.1786,4.0E-4],"evs":[0.0,0.02899,-0.93666]},"Q5s":{"weight":1.0,"played":[0.7909,0.2087,4.0E-4],"evs":[0.0,0.06902,-0.76992]},"Q6s":{"weight":1.0,"played":[0.1759,0.8228,0.0013],"evs":[0.0,0.122,-0.45001]},"Q7s":{"weight":1.0,"played":[0.8658,0.134,2.0E-4],"evs":[0.0,-0.16179,-1.30793]},"Q8s":{"weight":1.0,"played":[0.6361,0.3639,0.0],"evs":[0.0,0.04585,-1.1085]},"Q9s":{"weight":1.0,"played":[0.2977,0.7008,0.0015],"evs":[0.0,0.20845,-0.73263]},"QTs":{"weight":1.0,"played":[0.0943,0.8717,0.034],"evs":[0.0,0.47432,-0.03189]},"QJs":{"weight":1.0,"played":[0.2158,0.6499,0.1343],"evs":[0.0,0.16333,0.06278]},"QQ":{"weight":1.0,"played":[0.0,0.0,1.0],"evs":[0.0,1.65312,3.47218]},"KQo":{"weight":1.0,"played":[0.0152,0.381,0.6038],"evs":[0.0,0.22111,0.38308]},"AQo":{"weight":1.0,"played":[0.0,3.0E-4,0.9997],"evs":[0.0,1.07856,1.66423]},"K2s":{"weight":1.0,"played":[0.972,0.028,0.0],"evs":[0.0,-0.08181,-1.51041]},"K3s":{"weight":1.0,"played":[0.6747,0.3237,0.0016],"evs":[0.0,-0.07073,-1.27809]},"K4s":{"weight":1.0,"played":[0.192,0.807,0.001],"evs":[0.0,0.02056,-1.04299]},"K5s":{"weight":1.0,"played":[0.9981,3.0E-4,0.0016],"evs":[0.0,-0.11541,-0.77981]},"K6s":{"weight":1.0,"played":[0.6727,0.3248,0.0025],"evs":[0.0,0.04093,-0.79306]},"K7s":{"weight":1.0,"played":[0.9644,0.0299,0.0057],"evs":[0.0,-0.06966,-0.8368]},"K8s":{"weight":1.0,"played":[0.9386,0.0614,1.0E-4],"evs":[0.0,-0.04923,-0.94926]},"K9s":{"weight":1.0,"played":[0.2919,0.7055,0.0026],"evs":[0.0,0.20966,-0.18397]},"KTs":{"weight":1.0,"played":[0.0032,0.6721,0.3247],"evs":[0.0,0.49298,0.22068]},"KJs":{"weight":1.0,"played":[0.0,1.0E-4,0.9999],"evs":[0.0,0.44925,0.89162]},"KQs":{"weight":1.0,"played":[8.0E-4,0.0171,0.9821],"evs":[0.0,0.56024,0.91163]},"KK":{"weight":1.0,"played":[0.0,0.0,1.0],"evs":[0.0,2.35773,4.47386]},"AKo":{"weight":1.0,"played":[0.0,0.0,1.0],"evs":[0.0,1.01403,1.89041]},"A2s":{"weight":1.0,"played":[0.2446,0.1459,0.6096],"evs":[0.0,0.24428,0.69353]},"A3s":{"weight":1.0,"played":[0.0543,0.6476,0.2981],"evs":[0.0,0.31136,0.33107]},"A4s":{"weight":1.0,"played":[0.0018,0.0026,0.9956],"evs":[0.0,0.5816,0.99545]},"A5s":{"weight":1.0,"played":[0.0085,0.353,0.6385],"evs":[0.0,0.24396,0.49679]},"A6s":{"weight":1.0,"played":[0.004,0.3533,0.6426],"evs":[0.0,0.13161,0.32773]},"A7s":{"weight":1.0,"played":[0.0505,0.2187,0.7308],"evs":[0.0,0.31574,0.63215]},"A8s":{"weight":1.0,"played":[4.0E-4,0.001,0.9986],"evs":[0.0,0.89231,1.48951]},"A9s":{"weight":1.0,"played":[0.001,0.0026,0.9964],"evs":[0.0,0.79507,1.30729]},"ATs":{"weight":1.0,"played":[0.0,1.0E-4,0.9999],"evs":[0.0,0.75321,1.94899]},"AJs":{"weight":1.0,"played":[0.0,6.0E-4,0.9994],"evs":[0.0,1.38716,2.10624]},"AQs":{"weight":1.0,"played":[0.0,1.0E-4,0.9999],"evs":[0.0,1.03791,1.83838]},"AKs":{"weight":1.0,"played":[0.0,1.0E-4,0.9999],"evs":[0.0,1.5031,2.80265]},"AA":{"weight":1.0,"played":[0.0,0.0,1.0],"evs":[0.0,6.13751,9.1545]}}}