{"player":3,"street":0,"children":2,"sequence":[{"player":0,"type":"F","amount":0,"street":0},{"player":1,"type":"R","amount":200000,"street":0},{"player":2,"type":"F","amount":0,"street":0},{"player":3,"type":"C","amount":200000,"street":0},{"player":4,"type":"F","amount":0,"street":0},{"player":5,"type":"R","amount":985000,"street":0},{"player":1,"type":"R","amount":1265000,"street":0}],"actions":[{"type":"F","amount":0},{"type":"C","amount":1065000}],"hands":{"22":{"weight":0.4631,"played":[0.0279,0.9721],"evs":[0.0,1.58575]},"32o":{"weight":0.0,"played":[0.9988,0.0012],"evs":[0.0,-1.32962]},"42o":{"weight":0.0,"played":[0.992,0.008],"evs":[0.0,-1.95172]},"52o":{"weight":0.0,"played":[0.9955,0.0045],"evs":[0.0,-1.26174]},"62o":{"weight":0.0,"played":[0.9998,2.0E-4],"evs":[0.0,-2.25808]},"72o":{"weight":0.0,"played":[0.9998,2.0E-4],"evs":[0.0,-2.91843]},"82o":{"weight":0.0,"played":[0.9988,0.0012],"evs":[0.0,-1.96939]},"92o":{"weight":0.0,"played":[0.9956,0.0044],"evs":[0.0,-3.0499]},"T2o":{"weight":0.0,"played":[0.9984,0.0016],"evs":[0.0,-3.03782]},"J2o":{"weight":0.0,"played":[0.9894,0.0106],"evs":[0.0,-2.18727]},"Q2o":{"weight":0.0,"played":[0.9994,6.0E-4],"evs":[0.0,-1.78646]},"K2o":{"weight":0.0,"played":[0.9704,0.0296],"evs":[0.0,-1.11547]},"A2o":{"weight":0.0,"played":[0.573,0.427],"evs":[0.0,0.15636]},"32s":{"weight":0.0,"played":[0.9482,0.0518],"evs":[0.0,-1.41536]},"33":{"weight":0.8792,"played":[0.0148,0.9852],"evs":[0.0,0.94193]},"43o":{"weight":0.0,"played":[0.9999,1.0E-4],"evs":[0.0,-1.25623]},"53o":{"weight":0.0,"played":[0.8321,0.1679],"evs":[0.0,-0.68394]},"63o":{"weight":0.0,"played":[0.9614,0.0386],"evs":[0.0,-1.32165]},"73o":{"weight":0.0,"played":[0.996,0.004],"evs":[0.0,-2.15483]},"83o":{"weight":0.0,"played":[0.9992,8.0E-4],"evs":[0.0,-2.25057]},"93o":{"weight":0.0,"played":[0.9999,1.0E-4],"evs":[0.0,-2.47463]},"T3o":{"weight":0.0,"played":[0.9991,9.0E-4],"evs":[0.0,-2.78038]},"J3o":{"weight":0.0,"played":[0.9968,0.0032],"evs":[0.0,-2.62025]},"Q3o":{"weight":0.0,"played":[0.9998,2.0E-4],"evs":[0.0,-0.91878]},"K3o":{"weight":0.0,"played":[0.9568,0.0432],"evs":[0.0,-0.8117]},"A3o":{"weight":2.0E-4,"played":[0.0775,0.9225],"evs":[0.0,0.30645]},"42s":{"weight":0.0,"played":[0.2748,0.7252],"evs":[0.0,0.66401]},"43s":{"weight":0.0,"played":[0.7336,0.2664],"evs":[0.0,0.27647]},"44":{"weight":0.0,"played":[0.0,1.0],"evs":[0.0,2.29771]},"54o":{"weight":0.0,"played":[0.8592,0.1408],"evs":[0.0,-0.08861]},"64o":{"weight":0.0,"played":[0.995,0.005],"evs":[0.0,-0.58024]},"74o":{"weight":0.0,"played":[0.9631,0.0369],"evs":[0.0,-1.30088]},"84o":{"weight":0.0,"played":[0.7679,0.2321],"evs":[0.0,-1.17133]},"94o":{"weight":0.0,"played":[0.9999,1.0E-4],"evs":[0.0,-2.9197]},"T4o":{"weight":0.0,"played":[0.9989,0.0011],"evs":[0.0,-2.64603]},"J4o":{"weight":0.0,"played":[0.9979,0.0021],"evs":[0.0,-2.43184]},"Q4o":{"weight":0.0,"played":[0.9589,0.0411],"evs":[0.0,-0.52032]},"K4o":{"weight":0.0,"played":[0.6931,0.3069],"evs":[0.0,-0.09448]},"A4o":{"weight":8.0E-4,"played":[0.1517,0.8483],"evs":[0.0,0.47118]},"52s":{"weight":0.0,"played":[0.5106,0.4894],"evs":[0.0,-0.2534]},"53s":{"weight":0.0,"played":[0.5012,0.4988],"evs":[0.0,0.05374]},"54s":{"weight":0.9407,"played":[0.0035,0.9965],"evs":[0.0,1.45202]},"55":{"weight":0.0101,"played":[0.0,1.0],"evs":[0.0,2.34415]},"65o":{"weight":0.0,"played":[0.6812,0.3188],"evs":[0.0,-0.57417]},"75o":{"weight":0.0,"played":[0.8949,0.1051],"evs":[0.0,-0.61524]},"85o":{"weight":0.0,"played":[0.9965,0.0035],"evs":[0.0,-1.56805]},"95o":{"weight":0.0,"played":[0.9999,1.0E-4],"evs":[0.0,-1.15013]},"T5o":{"weight":0.0,"played":[0.9983,0.0017],"evs":[0.0,-1.97188]},"J5o":{"weight":0.0,"played":[0.9973,0.0027],"evs":[0.0,-2.26185]},"Q5o":{"weight":0.0,"played":[0.8032,0.1968],"evs":[0.0,-0.51616]},"K5o":{"weight":0.0,"played":[0.9992,8.0E-4],"evs":[0.0,-0.63079]},"A5o":{"weight":0.0041,"played":[4.0E-4,0.9996],"evs":[0.0,1.33275]},"62s":{"weight":0.0,"played":[0.5472,0.4528],"evs":[0.0,-0.28284]},"63s":{"weight":0.0,"played":[0.1112,0.8888],"evs":[0.0,0.13384]},"64s":{"weight":0.7303,"played":[0.0033,0.9967],"evs":[0.0,0.885]},"65s":{"weight":0.9591,"played":[0.0,1.0],"evs":[0.0,0.52082]},"66":{"weight":0.0464,"played":[0.0,1.0],"evs":[0.0,2.45229]},"76o":{"weight":0.0,"played":[0.7721,0.2279],"evs":[0.0,-0.48056]},"86o":{"weight":0.0,"played":[0.6257,0.3743],"evs":[0.0,-0.42646]},"96o":{"weight":0.0,"played":[0.8828,0.1172],"evs":[0.0,-1.16442]},"T6o":{"weight":0.0,"played":[0.9997,3.0E-4],"evs":[0.0,-1.90073]},"J6o":{"weight":0.0,"played":[0.9885,0.0115],"evs":[0.0,-2.2817]},"Q6o":{"weight":0.0,"played":[0.777,0.223],"evs":[0.0,-0.56591]},"K6o":{"weight":0.0,"played":[0.6205,0.3795],"evs":[0.0,-0.27304]},"A6o":{"weight":0.0,"played":[0.0638,0.9362],"evs":[0.0,1.32251]},"72s":{"weight":0.0,"played":[0.7524,0.2476],"evs":[0.0,-0.84755]},"73s":{"weight":0.0,"played":[0.8978,0.1022],"evs":[0.0,-0.37596]},"74s":{"weight":1.0E-4,"played":[0.0946,0.9054],"evs":[0.0,0.68184]},"75s":{"weight":2.0E-4,"played":[0.0036,0.9964],"evs":[0.0,1.15005]},"76s":{"weight":0.6258,"played":[0.0027,0.9973],"evs":[0.0,1.7684]},"77":{"weight":0.083,"played":[0.0,1.0],"evs":[0.0,3.06886]},"87o":{"weight":0.0,"played":[0.9775,0.0225],"evs":[0.0,-0.46128]},"97o":{"weight":0.0,"played":[0.4647,0.5353],"evs":[0.0,-0.24806]},"T7o":{"weight":0.0,"played":[0.8727,0.1273],"evs":[0.0,-1.12433]},"J7o":{"weight":0.0,"played":[0.9969,0.0031],"evs":[0.0,-1.9923]},"Q7o":{"weight":0.0,"played":[0.9989,0.0011],"evs":[0.0,-1.3035]},"K7o":{"weight":0.0,"played":[0.5844,0.4156],"evs":[0.0,-0.47949]},"A7o":{"weight":8.0E-4,"played":[0.0601,0.9399],"evs":[0.0,1.06423]},"82s":{"weight":0.0,"played":[0.8169,0.1831],"evs":[0.0,-1.08793]},"83s":{"weight":0.0,"played":[0.6609,0.3391],"evs":[0.0,-0.67452]},"84s":{"weight":1.0E-4,"played":[0.0286,0.9714],"evs":[0.0,1.31234]},"85s":{"weight":0.0,"played":[0.0822,0.9178],"evs":[0.0,0.66514]},"86s":{"weight":0.794,"played":[0.0084,0.9916],"evs":[0.0,0.87256]},"87s":{"weight":0.5917,"played":[0.0452,0.9548],"evs":[0.0,1.44193]},"88":{"weight":0.1526,"played":[2.0E-4,0.9998],"evs":[0.0,2.32682]},"98o":{"weight":0.0,"played":[0.1338,0.8662],"evs":[0.0,-0.02739]},"T8o":{"weight":0.0,"played":[0.9989,0.0011],"evs":[0.0,-0.76002]},"J8o":{"weight":0.0,"played":[0.8905,0.1095],"evs":[0.0,-1.22259]},"Q8o":{"weight":0.0,"played":[0.7912,0.2088],"evs":[0.0,-0.17336]},"K8o":{"weight":0.0,"played":[0.9347,0.0653],"evs":[0.0,-0.37228]},"A8o":{"weight":0.6312,"played":[0.0,1.0],"evs":[0.0,1.08577]},"92s":{"weight":0.0,"played":[0.5446,0.4554],"evs":[0.0,-0.65448]},"93s":{"weight":0.0,"played":[0.9978,0.0022],"evs":[0.0,-0.64156]},"94s":{"weight":0.0,"played":[0.9729,0.0271],"evs":[0.0,-1.36846]},"95s":{"weight":0.0,"played":[0.9585,0.0415],"evs":[0.0,-1.43863]},"96s":{"weight":0.0134,"played":[0.0114,0.9886],"evs":[0.0,0.92807]},"97s":{"weight":1.0E-4,"played":[0.574,0.426],"evs":[0.0,0.15789]},"98s":{"weight":0.8378,"played":[0.0325,0.9675],"evs":[0.0,1.36514]},"99":{"weight":0.0868,"played":[1.0E-4,0.9999],"evs":[0.0,3.21032]},"T9o":{"weight":0.0,"played":[0.9676,0.0324],"evs":[0.0,-1.1058]},"J9o":{"weight":0.0,"played":[0.9732,0.0268],"evs":[0.0,-1.44358]},"Q9o":{"weight":0.0,"played":[0.5023,0.4977],"evs":[0.0,-0.61824]},"K9o":{"weight":0.0,"played":[0.9404,0.0596],"evs":[0.0,-0.4477]},"A9o":{"weight":0.2976,"played":[0.0,1.0],"evs":[0.0,0.78964]},"T2s":{"weight":0.0,"played":[0.9968,0.0032],"evs":[0.0,-1.4174]},"T3s":{"weight":0.0,"played":[0.9632,0.0368],"evs":[0.0,-1.73727]},"T4s":{"weight":0.0,"played":[0.9152,0.0848],"evs":[0.0,-1.28326]},"T5s":{"weight":0.0,"played":[0.4232,0.5768],"evs":[0.0,-0.17677]},"T6s":{"weight":0.0025,"played":[0.4816,0.5184],"evs":[0.0,0.13561]},"T7s":{"weight":0.0,"played":[0.6384,0.3616],"evs":[0.0,-0.45536]},"T8s":{"weight":0.8454,"played":[0.1783,0.8217],"evs":[0.0,0.28095]},"T9s":{"weight":0.8515,"played":[0.0494,0.9506],"evs":[0.0,0.44098]},"TT":{"weight":0.0662,"played":[0.0,1.0],"evs":[0.0,4.29174]},"JTo":{"weight":9.0E-4,"played":[0.4147,0.5853],"evs":[0.0,-0.86097]},"QTo":{"weight":0.0179,"played":[0.0014,0.9986],"evs":[0.0,1.08394]},"KTo":{"weight":0.0684,"played":[0.023,0.977],"evs":[0.0,0.76023]},"ATo":{"weight":0.0,"played":[0.0,1.0],"evs":[0.0,3.16884]},"J2s":{"weight":1.0E-4,"played":[0.8618,0.1382],"evs":[0.0,-0.6088]},"J3s":{"weight":0.0,"played":[0.9923,0.0077],"evs":[0.0,-0.90073]},"J4s":{"weight":1.0E-4,"played":[0.7042,0.2958],"evs":[0.0,-0.76439]},"J5s":{"weight":1.0E-4,"played":[0.4345,0.5655],"evs":[0.0,-0.0984]},"J6s":{"weight":0.0,"played":[0.3021,0.6979],"evs":[0.0,-0.31344]},"J7s":{"weight":0.0,"played":[0.0366,0.9634],"evs":[0.0,1.10038]},"J8s":{"weight":0.0795,"played":[0.039,0.961],"evs":[0.0,0.50242]},"J9s":{"weight":0.8001,"played":[8.0E-4,0.9992],"evs":[0.0,1.01381]},"JTs":{"weight":0.981,"played":[0.0028,0.9972],"evs":[0.0,0.7512]},"JJ":{"weight":0.1421,"played":[0.0,1.0],"evs":[0.0,5.20269]},"QJo":{"weight":0.0189,"played":[1.0E-4,0.9999],"evs":[0.0,0.63639]},"KJo":{"weight":0.4614,"played":[0.0016,0.9984],"evs":[0.0,1.27741]},"AJo":{"weight":0.0,"played":[0.0,1.0],"evs":[0.0,4.01547]},"Q2s":{"weight":0.0,"played":[0.1289,0.8711],"evs":[0.0,1.06995]},"Q3s":{"weight":1.0E-4,"played":[0.3827,0.6173],"evs":[0.0,-0.38879]},"Q4s":{"weight":0.0025,"played":[0.1836,0.8164],"evs":[0.0,0.1324]},"Q5s":{"weight":0.0,"played":[0.0621,0.9379],"evs":[0.0,0.30726]},"Q6s":{"weight":0.0857,"played":[0.0424,0.9576],"evs":[0.0,1.75009]},"Q7s":{"weight":2.0E-4,"played":[1.0E-4,0.9999],"evs":[0.0,1.01623]},"Q8s":{"weight":0.0557,"played":[0.5543,0.4457],"evs":[0.0,-0.30792]},"Q9s":{"weight":0.7912,"played":[0.0207,0.9793],"evs":[0.0,0.5703]},"QTs":{"weight":0.0036,"played":[0.0,1.0],"evs":[0.0,2.03381]},"QJs":{"weight":0.0178,"played":[1.0E-4,0.9999],"evs":[0.0,2.45616]},"QQ":{"weight":0.1139,"played":[0.0,1.0],"evs":[0.0,8.04014]},"KQo":{"weight":0.7371,"played":[2.0E-4,0.9998],"evs":[0.0,1.68912]},"AQo":{"weight":0.0023,"played":[0.0,1.0],"evs":[0.0,4.4304]},"K2s":{"weight":0.0016,"played":[0.1395,0.8605],"evs":[0.0,0.55049]},"K3s":{"weight":4.0E-4,"played":[0.1647,0.8353],"evs":[0.0,0.04758]},"K4s":{"weight":0.0718,"played":[0.0985,0.9015],"evs":[0.0,0.01393]},"K5s":{"weight":0.0916,"played":[0.024,0.976],"evs":[0.0,1.74262]},"K6s":{"weight":0.5927,"played":[0.005,0.995],"evs":[0.0,1.49698]},"K7s":{"weight":1.0E-4,"played":[0.2246,0.7754],"evs":[0.0,0.52793]},"K8s":{"weight":0.6041,"played":[0.002,0.998],"evs":[0.0,1.62338]},"K9s":{"weight":0.8221,"played":[0.0075,0.9925],"evs":[0.0,1.15336]},"KTs":{"weight":0.0,"played":[0.0025,0.9975],"evs":[0.0,1.68333]},"KJs":{"weight":0.0042,"played":[1.0E-4,0.9999],"evs":[0.0,1.42708]},"KQs":{"weight":0.0859,"played":[0.0,1.0],"evs":[0.0,2.72367]},"KK":{"weight":0.844,"played":[0.0,1.0],"evs":[0.0,9.63251]},"AKo":{"weight":0.0171,"played":[0.0,1.0],"evs":[0.0,6.10739]},"A2s":{"weight":0.5994,"played":[7.0E-4,0.9993],"evs":[0.0,1.747]},"A3s":{"weight":0.2013,"played":[1.0E-4,0.9999],"evs":[0.0,1.86948]},"A4s":{"weight":0.0048,"played":[2.0E-4,0.9998],"evs":[0.0,1.08207]},"A5s":{"weight":0.0068,"played":[1.0E-4,0.9999],"evs":[0.0,1.72644]},"A6s":{"weight":0.3218,"played":[2.0E-4,0.9998],"evs":[0.0,1.83259]},"A7s":{"weight":0.1322,"played":[0.0015,0.9985],"evs":[0.0,2.50475]},"A8s":{"weight":0.0047,"played":[0.003,0.997],"evs":[0.0,1.31009]},"A9s":{"weight":0.1443,"played":[0.0,1.0],"evs":[0.0,2.74823]},"ATs":{"weight":0.0328,"played":[0.0,1.0],"evs":[0.0,4.74988]},"AJs":{"weight":0.0221,"played":[1.0E-4,0.9999],"evs":[0.0,6.53357]},"AQs":{"weight":0.0633,"played":[0.0,1.0],"evs":[0.0,5.63668]},"AKs":{"weight":0.4087,"played":[0.0,1.0],"evs":[0.0,6.29095]},"AA":{"weight":0.9943,"played":[0.0,1.0],"evs":[0.0,18.94704]}}}