{"player":4,"street":0,"children":2,"sequence":[{"player":0,"type":"F","amount":0,"street":0},{"player":1,"type":"F","amount":0,"street":0},{"player":2,"type":"F","amount":0,"street":0},{"player":3,"type":"R","amount":200000,"street":0},{"player":4,"type":"C","amount":150000,"street":0},{"player":5,"type":"R","amount":985000,"street":0},{"player":3,"type":"F","amount":0,"street":0}],"actions":[{"type":"F","amount":0},{"type":"C","amount":785000}],"hands":{"22":{"weight":0.0,"played":[0.0,1.0],"evs":[0.0,2.38756]},"32o":{"weight":0.0,"played":[1.0,0.0],"evs":[0.0,-0.71373]},"42o":{"weight":0.0,"played":[1.0,0.0],"evs":[0.0,-0.53734]},"52o":{"weight":0.0,"played":[1.0,0.0],"evs":[0.0,-0.42808]},"62o":{"weight":0.0,"played":[1.0,0.0],"evs":[0.0,-0.61983]},"72o":{"weight":0.0,"played":[1.0,0.0],"evs":[0.0,-0.83402]},"82o":{"weight":0.0,"played":[1.0,0.0],"evs":[0.0,-0.65391]},"92o":{"weight":0.0,"played":[1.0,0.0],"evs":[0.0,-0.6217]},"T2o":{"weight":0.0,"played":[1.0,0.0],"evs":[0.0,-0.42846]},"J2o":{"weight":0.0,"played":[1.0,0.0],"evs":[0.0,-0.35597]},"Q2o":{"weight":0.0,"played":[1.0,0.0],"evs":[0.0,-0.30948]},"K2o":{"weight":0.0,"played":[0.9995,5.0E-4],"evs":[0.0,-0.30463]},"A2o":{"weight":0.4232,"played":[0.0,1.0],"evs":[0.0,1.1323]},"32s":{"weight":0.0,"played":[0.0758,0.9242],"evs":[0.0,0.06773]},"33":{"weight":0.0,"played":[0.0,1.0],"evs":[0.0,2.95468]},"43o":{"weight":0.0,"played":[1.0,0.0],"evs":[0.0,-0.15447]},"53o":{"weight":0.0,"played":[0.5529,0.4471],"evs":[0.0,0.01454]},"63o":{"weight":0.0,"played":[1.0,0.0],"evs":[0.0,-0.18412]},"73o":{"weight":0.0,"played":[1.0,0.0],"evs":[0.0,-0.39427]},"83o":{"weight":0.0,"played":[1.0,0.0],"evs":[0.0,-0.51432]},"93o":{"weight":0.0,"played":[1.0,0.0],"evs":[0.0,-0.47261]},"T3o":{"weight":0.0,"played":[1.0,0.0],"evs":[0.0,-0.23259]},"J3o":{"weight":0.0,"played":[0.9995,5.0E-4],"evs":[0.0,-0.17989]},"Q3o":{"weight":0.0,"played":[0.9907,0.0093],"evs":[0.0,-0.10943]},"K3o":{"weight":0.0,"played":[1.0,0.0],"evs":[0.0,-0.1108]},"A3o":{"weight":0.7968,"played":[0.0,1.0],"evs":[0.0,1.32022]},"42s":{"weight":0.0,"played":[1.0E-4,0.9999],"evs":[0.0,0.22554]},"43s":{"weight":0.0377,"played":[0.0,1.0],"evs":[0.0,0.56803]},"44":{"weight":0.0019,"played":[0.0,1.0],"evs":[0.0,3.47732]},"54o":{"weight":0.0,"played":[0.0,1.0],"evs":[0.0,0.3121]},"64o":{"weight":0.0,"played":[0.001,0.999],"evs":[0.0,0.18185]},"74o":{"weight":0.0,"played":[0.5999,0.4001],"evs":[0.0,0.02618]},"84o":{"weight":0.0,"played":[1.0,0.0],"evs":[0.0,-0.16725]},"94o":{"weight":0.0,"played":[1.0,0.0],"evs":[0.0,-0.38247]},"T4o":{"weight":0.0,"played":[1.0,0.0],"evs":[0.0,-0.13244]},"J4o":{"weight":0.0,"played":[0.9456,0.0544],"evs":[0.0,-0.03467]},"Q4o":{"weight":0.0,"played":[0.0168,0.9832],"evs":[0.0,0.10873]},"K4o":{"weight":0.0,"played":[0.473,0.527],"evs":[0.0,-0.02613]},"A4o":{"weight":0.5478,"played":[0.0,1.0],"evs":[0.0,1.49537]},"52s":{"weight":0.0,"played":[0.0,1.0],"evs":[0.0,0.42442]},"53s":{"weight":0.9999,"played":[0.0,1.0],"evs":[0.0,0.7521]},"54s":{"weight":1.0,"played":[0.0,1.0],"evs":[0.0,1.10646]},"55":{"weight":0.0131,"played":[0.0,1.0],"evs":[0.0,4.13362]},"65o":{"weight":0.0,"played":[0.0,1.0],"evs":[0.0,0.46758]},"75o":{"weight":0.0,"played":[0.0,1.0],"evs":[0.0,0.36689]},"85o":{"weight":0.0,"played":[0.0031,0.9969],"evs":[0.0,0.164]},"95o":{"weight":0.0,"played":[1.0E-4,0.9999],"evs":[0.0,0.03036]},"T5o":{"weight":0.0,"played":[0.1524,0.8476],"evs":[0.0,0.01719]},"J5o":{"weight":0.0,"played":[6.0E-4,0.9994],"evs":[0.0,0.13277]},"Q5o":{"weight":0.0,"played":[1.0E-4,0.9999],"evs":[0.0,0.24195]},"K5o":{"weight":0.0,"played":[0.0069,0.9931],"evs":[0.0,0.15338]},"A5o":{"weight":0.032,"played":[0.0,1.0],"evs":[0.0,1.8136]},"62s":{"weight":0.0,"played":[0.019,0.981],"evs":[0.0,0.17481]},"63s":{"weight":0.0034,"played":[1.0E-4,0.9999],"evs":[0.0,0.58948]},"64s":{"weight":0.9968,"played":[0.0,1.0],"evs":[0.0,0.93667]},"65s":{"weight":1.0,"played":[0.0,1.0],"evs":[0.0,1.19185]},"66":{"weight":0.0,"played":[0.0,1.0],"evs":[0.0,4.3613]},"76o":{"weight":0.0,"played":[0.0,1.0],"evs":[0.0,0.64959]},"86o":{"weight":0.0,"played":[0.0,1.0],"evs":[0.0,0.55908]},"96o":{"weight":0.0,"played":[0.0,1.0],"evs":[0.0,0.34119]},"T6o":{"weight":0.0,"played":[4.0E-4,0.9996],"evs":[0.0,0.3168]},"J6o":{"weight":0.0,"played":[0.0,1.0],"evs":[0.0,0.20928]},"Q6o":{"weight":0.0,"played":[1.0E-4,0.9999],"evs":[0.0,0.28713]},"K6o":{"weight":0.0,"played":[1.0E-4,0.9999],"evs":[0.0,0.27712]},"A6o":{"weight":0.9999,"played":[0.0,1.0],"evs":[0.0,1.83586]},"72s":{"weight":0.0,"played":[0.0535,0.9465],"evs":[0.0,0.05446]},"73s":{"weight":0.0,"played":[0.0,1.0],"evs":[0.0,0.37103]},"74s":{"weight":0.0,"played":[0.0,1.0],"evs":[0.0,0.70604]},"75s":{"weight":1.0,"played":[0.0,1.0],"evs":[0.0,1.02064]},"76s":{"weight":0.9999,"played":[0.0,1.0],"evs":[0.0,1.34835]},"77":{"weight":0.0,"played":[0.0,1.0],"evs":[0.0,4.8858]},"87o":{"weight":0.0,"played":[0.0,1.0],"evs":[0.0,0.77037]},"97o":{"weight":0.0,"played":[0.0,1.0],"evs":[0.0,0.60302]},"T7o":{"weight":0.0,"played":[0.0,1.0],"evs":[0.0,0.54309]},"J7o":{"weight":0.0,"played":[0.0,1.0],"evs":[0.0,0.42571]},"Q7o":{"weight":0.0,"played":[0.0,1.0],"evs":[0.0,0.3475]},"K7o":{"weight":0.0,"played":[0.0,1.0],"evs":[0.0,0.34811]},"A7o":{"weight":0.1902,"played":[0.0,1.0],"evs":[0.0,2.41161]},"82s":{"weight":0.0,"played":[0.0152,0.9848],"evs":[0.0,0.12068]},"83s":{"weight":0.0,"played":[0.0012,0.9988],"evs":[0.0,0.25047]},"84s":{"weight":0.0,"played":[0.0,1.0],"evs":[0.0,0.53717]},"85s":{"weight":0.9462,"played":[0.0,1.0],"evs":[0.0,0.93862]},"86s":{"weight":0.9998,"played":[0.0,1.0],"evs":[0.0,1.26341]},"87s":{"weight":0.0114,"played":[0.0,1.0],"evs":[0.0,1.46505]},"88":{"weight":0.0,"played":[0.0,1.0],"evs":[0.0,5.2577]},"98o":{"weight":0.0,"played":[0.0,1.0],"evs":[0.0,0.87992]},"T8o":{"weight":0.0,"played":[0.0,1.0],"evs":[0.0,0.86012]},"J8o":{"weight":0.0,"played":[0.0,1.0],"evs":[0.0,0.69003]},"Q8o":{"weight":0.0,"played":[0.0,1.0],"evs":[0.0,0.61773]},"K8o":{"weight":1.0E-4,"played":[0.0,1.0],"evs":[0.0,0.36224]},"A8o":{"weight":0.6842,"played":[0.0,1.0],"evs":[0.0,2.90954]},"92s":{"weight":0.0,"played":[0.001,0.999],"evs":[0.0,0.16731]},"93s":{"weight":0.0,"played":[2.0E-4,0.9998],"evs":[0.0,0.30172]},"94s":{"weight":0.0,"played":[2.0E-4,0.9998],"evs":[0.0,0.49218]},"95s":{"weight":0.0,"played":[0.0,1.0],"evs":[0.0,0.72588]},"96s":{"weight":0.9933,"played":[0.0,1.0],"evs":[0.0,1.07782]},"97s":{"weight":0.8568,"played":[0.0,1.0],"evs":[0.0,1.33512]},"98s":{"weight":0.0041,"played":[0.0,1.0],"evs":[0.0,1.58942]},"99":{"weight":0.0,"played":[0.0,1.0],"evs":[0.0,5.70189]},"T9o":{"weight":0.9491,"played":[0.0,1.0],"evs":[0.0,1.12266]},"J9o":{"weight":0.5283,"played":[0.0,1.0],"evs":[0.0,1.00237]},"Q9o":{"weight":0.4894,"played":[0.0,1.0],"evs":[0.0,0.84912]},"K9o":{"weight":1.0,"played":[0.0,1.0],"evs":[0.0,0.62128]},"A9o":{"weight":0.0176,"played":[0.0,1.0],"evs":[0.0,3.52767]},"T2s":{"weight":0.0,"played":[3.0E-4,0.9997],"evs":[0.0,0.32443]},"T3s":{"weight":0.0,"played":[2.0E-4,0.9998],"evs":[0.0,0.53684]},"T4s":{"weight":0.0,"played":[1.0E-4,0.9999],"evs":[0.0,0.62144]},"T5s":{"weight":0.0,"played":[0.0,1.0],"evs":[0.0,0.75906]},"T6s":{"weight":0.4414,"played":[0.0,1.0],"evs":[0.0,1.01756]},"T7s":{"weight":0.9982,"played":[0.0,1.0],"evs":[0.0,1.25177]},"T8s":{"weight":0.0595,"played":[0.0,1.0],"evs":[0.0,1.61124]},"T9s":{"weight":1.0E-4,"played":[0.0,1.0],"evs":[0.0,1.76541]},"TT":{"weight":0.0,"played":[0.0,1.0],"evs":[0.0,6.26106]},"JTo":{"weight":0.3379,"played":[0.0,1.0],"evs":[0.0,1.44319]},"QTo":{"weight":0.7964,"played":[0.0,1.0],"evs":[0.0,1.32775]},"KTo":{"weight":0.1324,"played":[0.0,1.0],"evs":[0.0,1.0662]},"ATo":{"weight":1.0E-4,"played":[0.0,1.0],"evs":[0.0,4.44126]},"J2s":{"weight":0.0,"played":[0.0047,0.9953],"evs":[0.0,0.45885]},"J3s":{"weight":0.0,"played":[0.0,1.0],"evs":[0.0,0.58743]},"J4s":{"weight":9.0E-4,"played":[0.0,1.0],"evs":[0.0,0.75863]},"J5s":{"weight":0.3736,"played":[0.0,1.0],"evs":[0.0,0.8149]},"J6s":{"weight":0.1532,"played":[0.0,1.0],"evs":[0.0,0.91878]},"J7s":{"weight":0.9999,"played":[0.0,1.0],"evs":[0.0,1.1669]},"J8s":{"weight":0.1419,"played":[0.0,1.0],"evs":[0.0,1.43671]},"J9s":{"weight":8.0E-4,"played":[0.0,1.0],"evs":[0.0,1.75288]},"JTs":{"weight":3.0E-4,"played":[0.0,1.0],"evs":[0.0,2.18086]},"JJ":{"weight":0.0,"played":[0.0,1.0],"evs":[0.0,6.90506]},"QJo":{"weight":0.167,"played":[0.0,1.0],"evs":[0.0,1.34184]},"KJo":{"weight":0.8994,"played":[0.0,1.0],"evs":[0.0,1.37237]},"AJo":{"weight":0.0,"played":[0.0,1.0],"evs":[0.0,5.26902]},"Q2s":{"weight":0.0,"played":[0.0,1.0],"evs":[0.0,0.48503]},"Q3s":{"weight":0.0424,"played":[0.0,1.0],"evs":[0.0,0.60673]},"Q4s":{"weight":0.997,"played":[0.0,1.0],"evs":[0.0,0.76856]},"Q5s":{"weight":0.9999,"played":[0.0,1.0],"evs":[0.0,0.95201]},"Q6s":{"weight":0.9994,"played":[0.0,1.0],"evs":[0.0,1.07468]},"Q7s":{"weight":1.0,"played":[0.0,1.0],"evs":[0.0,1.01668]},"Q8s":{"weight":0.6567,"played":[0.0,1.0],"evs":[0.0,1.37895]},"Q9s":{"weight":0.0227,"played":[0.0,1.0],"evs":[0.0,1.56706]},"QTs":{"weight":0.9541,"played":[0.0,1.0],"evs":[0.0,2.03405]},"QJs":{"weight":0.9926,"played":[0.0,1.0],"evs":[0.0,2.02292]},"QQ":{"weight":0.0,"played":[0.0,1.0],"evs":[0.0,7.40123]},"KQo":{"weight":0.0189,"played":[0.0,1.0],"evs":[0.0,1.80164]},"AQo":{"weight":0.0,"played":[0.0,1.0],"evs":[0.0,5.88329]},"K2s":{"weight":0.9996,"played":[0.0,1.0],"evs":[0.0,0.46294]},"K3s":{"weight":0.9999,"played":[0.0,1.0],"evs":[0.0,0.65521]},"K4s":{"weight":0.9981,"played":[0.0,1.0],"evs":[0.0,0.81762]},"K5s":{"weight":0.8065,"played":[0.0,1.0],"evs":[0.0,0.97564]},"K6s":{"weight":0.4631,"played":[0.0,1.0],"evs":[0.0,0.97457]},"K7s":{"weight":0.1959,"played":[0.0,1.0],"evs":[0.0,1.09434]},"K8s":{"weight":0.6383,"played":[0.0,1.0],"evs":[0.0,1.13992]},"K9s":{"weight":0.1843,"played":[0.0,1.0],"evs":[0.0,1.37599]},"KTs":{"weight":0.9999,"played":[0.0,1.0],"evs":[0.0,1.79708]},"KJs":{"weight":0.9999,"played":[0.0,1.0],"evs":[0.0,2.09695]},"KQs":{"weight":1.0,"played":[0.0,1.0],"evs":[0.0,2.435]},"KK":{"weight":2.0E-4,"played":[0.0,1.0],"evs":[0.0,7.98039]},"AKo":{"weight":0.0,"played":[0.0,1.0],"evs":[0.0,6.65256]},"A2s":{"weight":0.0,"played":[0.0,1.0],"evs":[0.0,1.87094]},"A3s":{"weight":1.0E-4,"played":[0.0,1.0],"evs":[0.0,1.9672]},"A4s":{"weight":0.0,"played":[0.0,1.0],"evs":[0.0,2.08509]},"A5s":{"weight":2.0E-4,"played":[0.0,1.0],"evs":[0.0,2.36174]},"A6s":{"weight":4.0E-4,"played":[0.0,1.0],"evs":[0.0,2.5625]},"A7s":{"weight":0.9999,"played":[0.0,1.0],"evs":[0.0,2.92917]},"A8s":{"weight":1.0,"played":[0.0,1.0],"evs":[0.0,3.48398]},"A9s":{"weight":1.0,"played":[0.0,1.0],"evs":[0.0,4.04136]},"ATs":{"weight":0.9355,"played":[0.0,1.0],"evs":[0.0,4.92626]},"AJs":{"weight":0.0,"played":[0.0,1.0],"evs":[0.0,5.70014]},"AQs":{"weight":0.0,"played":[0.0,1.0],"evs":[0.0,6.30682]},"AKs":{"weight":0.0,"played":[0.0,1.0],"evs":[0.0,6.95378]},"AA":{"weight":0.6497,"played":[0.0,1.0],"evs":[0.0,11.41908]}}}