{"player":3,"street":0,"children":2,"sequence":[{"player":0,"type":"F","amount":0,"street":0},{"player":1,"type":"R","amount":200000,"street":0},{"player":2,"type":"F","amount":0,"street":0},{"player":3,"type":"C","amount":200000,"street":0},{"player":4,"type":"R","amount":2985000,"street":0},{"player":5,"type":"F","amount":0,"street":0},{"player":1,"type":"F","amount":0,"street":0}],"actions":[{"type":"F","amount":0},{"type":"C","amount":2785000}],"hands":{"22":{"weight":0.4631,"played":[0.9999,1.0E-4],"evs":[0.0,-0.54658]},"32o":{"weight":0.0,"played":[1.0,0.0],"evs":[0.0,-9.28202]},"42o":{"weight":0.0,"played":[1.0,0.0],"evs":[0.0,-9.5345]},"52o":{"weight":0.0,"played":[1.0,0.0],"evs":[0.0,-9.73032]},"62o":{"weight":0.0,"played":[1.0,0.0],"evs":[0.0,-8.59229]},"72o":{"weight":0.0,"played":[1.0,0.0],"evs":[0.0,-9.59176]},"82o":{"weight":0.0,"played":[1.0,0.0],"evs":[0.0,-9.34267]},"92o":{"weight":0.0,"played":[1.0,0.0],"evs":[0.0,-8.66636]},"T2o":{"weight":0.0,"played":[1.0,0.0],"evs":[0.0,-8.41588]},"J2o":{"weight":0.0,"played":[1.0,0.0],"evs":[0.0,-8.64282]},"Q2o":{"weight":0.0,"played":[1.0,0.0],"evs":[0.0,-7.87727]},"K2o":{"weight":0.0,"played":[1.0,0.0],"evs":[0.0,-7.02051]},"A2o":{"weight":0.0,"played":[0.9994,6.0E-4],"evs":[0.0,-5.35688]},"32s":{"weight":0.0,"played":[1.0,0.0],"evs":[0.0,-5.60594]},"33":{"weight":0.8792,"played":[0.1777,0.8223],"evs":[0.0,0.22192]},"43o":{"weight":0.0,"played":[1.0,0.0],"evs":[0.0,-7.43338]},"53o":{"weight":0.0,"played":[1.0,0.0],"evs":[0.0,-6.83001]},"63o":{"weight":0.0,"played":[1.0,0.0],"evs":[0.0,-6.55059]},"73o":{"weight":0.0,"played":[1.0,0.0],"evs":[0.0,-9.47209]},"83o":{"weight":0.0,"played":[1.0,0.0],"evs":[0.0,-9.01555]},"93o":{"weight":0.0,"played":[1.0,0.0],"evs":[0.0,-7.87583]},"T3o":{"weight":0.0,"played":[1.0,0.0],"evs":[0.0,-8.35964]},"J3o":{"weight":0.0,"played":[0.9989,0.0011],"evs":[0.0,-8.349]},"Q3o":{"weight":0.0,"played":[0.9999,1.0E-4],"evs":[0.0,-6.44258]},"K3o":{"weight":0.0,"played":[1.0,0.0],"evs":[0.0,-6.16583]},"A3o":{"weight":2.0E-4,"played":[0.9979,0.0021],"evs":[0.0,-4.56136]},"42s":{"weight":0.0,"played":[0.9991,9.0E-4],"evs":[0.0,-5.22914]},"43s":{"weight":0.0,"played":[0.9957,0.0043],"evs":[0.0,-6.99082]},"44":{"weight":0.0,"played":[0.3147,0.6853],"evs":[0.0,0.01841]},"54o":{"weight":0.0,"played":[0.9998,2.0E-4],"evs":[0.0,-6.40185]},"64o":{"weight":0.0,"played":[1.0,0.0],"evs":[0.0,-5.94825]},"74o":{"weight":0.0,"played":[1.0,0.0],"evs":[0.0,-7.60552]},"84o":{"weight":0.0,"played":[1.0,0.0],"evs":[0.0,-8.34944]},"94o":{"weight":0.0,"played":[1.0,0.0],"evs":[0.0,-7.09953]},"T4o":{"weight":0.0,"played":[0.9998,2.0E-4],"evs":[0.0,-8.27549]},"J4o":{"weight":0.0,"played":[1.0,0.0],"evs":[0.0,-7.21372]},"Q4o":{"weight":0.0,"played":[1.0,0.0],"evs":[0.0,-7.16089]},"K4o":{"weight":0.0,"played":[0.9998,2.0E-4],"evs":[0.0,-6.76087]},"A4o":{"weight":8.0E-4,"played":[0.9979,0.0021],"evs":[0.0,-4.67284]},"52s":{"weight":0.0,"played":[0.9996,4.0E-4],"evs":[0.0,-5.34459]},"53s":{"weight":0.0,"played":[0.9999,1.0E-4],"evs":[0.0,-6.06189]},"54s":{"weight":0.9407,"played":[0.9922,0.0078],"evs":[0.0,-3.37721]},"55":{"weight":0.0101,"played":[0.0547,0.9453],"evs":[0.0,1.86036]},"65o":{"weight":0.0,"played":[0.9999,1.0E-4],"evs":[0.0,-6.59292]},"75o":{"weight":0.0,"played":[1.0,0.0],"evs":[0.0,-7.42543]},"85o":{"weight":0.0,"played":[1.0,0.0],"evs":[0.0,-7.5583]},"95o":{"weight":0.0,"played":[0.9999,1.0E-4],"evs":[0.0,-7.8906]},"T5o":{"weight":0.0,"played":[0.9999,1.0E-4],"evs":[0.0,-8.44835]},"J5o":{"weight":0.0,"played":[1.0,0.0],"evs":[0.0,-7.66278]},"Q5o":{"weight":0.0,"played":[1.0,0.0],"evs":[0.0,-8.0431]},"K5o":{"weight":0.0,"played":[1.0,0.0],"evs":[0.0,-6.07881]},"A5o":{"weight":0.0041,"played":[0.9992,8.0E-4],"evs":[0.0,-3.65507]},"62s":{"weight":0.0,"played":[0.9971,0.0029],"evs":[0.0,-7.95957]},"63s":{"weight":0.0,"played":[0.999,0.001],"evs":[0.0,-5.45004]},"64s":{"weight":0.7303,"played":[0.9989,0.0011],"evs":[0.0,-3.86214]},"65s":{"weight":0.9591,"played":[1.0,0.0],"evs":[0.0,-4.89826]},"66":{"weight":0.0464,"played":[0.0226,0.9774],"evs":[0.0,2.70843]},"76o":{"weight":0.0,"played":[1.0,0.0],"evs":[0.0,-6.43458]},"86o":{"weight":0.0,"played":[1.0,0.0],"evs":[0.0,-4.69679]},"96o":{"weight":0.0,"played":[0.9999,1.0E-4],"evs":[0.0,-5.84576]},"T6o":{"weight":0.0,"played":[1.0,0.0],"evs":[0.0,-7.05099]},"J6o":{"weight":0.0,"played":[1.0,0.0],"evs":[0.0,-7.67287]},"Q6o":{"weight":0.0,"played":[1.0,0.0],"evs":[0.0,-6.24013]},"K6o":{"weight":0.0,"played":[0.9991,9.0E-4],"evs":[0.0,-5.9614]},"A6o":{"weight":0.0,"played":[0.9983,0.0017],"evs":[0.0,-4.46975]},"72s":{"weight":0.0,"played":[1.0,0.0],"evs":[0.0,-7.49967]},"73s":{"weight":0.0,"played":[0.9921,0.0079],"evs":[0.0,-7.36867]},"74s":{"weight":1.0E-4,"played":[0.9975,0.0025],"evs":[0.0,-5.13158]},"75s":{"weight":2.0E-4,"played":[0.987,0.013],"evs":[0.0,-4.79444]},"76s":{"weight":0.6258,"played":[0.9947,0.0053],"evs":[0.0,-4.39559]},"77":{"weight":0.083,"played":[0.0035,0.9965],"evs":[0.0,3.07307]},"87o":{"weight":0.0,"played":[0.9998,2.0E-4],"evs":[0.0,-7.06667]},"97o":{"weight":0.0,"played":[0.9987,0.0013],"evs":[0.0,-5.82584]},"T7o":{"weight":0.0,"played":[1.0,0.0],"evs":[0.0,-6.31673]},"J7o":{"weight":0.0,"played":[0.9996,4.0E-4],"evs":[0.0,-7.52173]},"Q7o":{"weight":0.0,"played":[1.0,0.0],"evs":[0.0,-8.3767]},"K7o":{"weight":0.0,"played":[1.0,0.0],"evs":[0.0,-6.64772]},"A7o":{"weight":8.0E-4,"played":[0.998,0.002],"evs":[0.0,-3.7787]},"82s":{"weight":0.0,"played":[1.0,0.0],"evs":[0.0,-6.66967]},"83s":{"weight":0.0,"played":[0.9992,8.0E-4],"evs":[0.0,-6.23406]},"84s":{"weight":1.0E-4,"played":[0.9994,6.0E-4],"evs":[0.0,-6.18906]},"85s":{"weight":0.0,"played":[0.9991,9.0E-4],"evs":[0.0,-6.70232]},"86s":{"weight":0.794,"played":[1.0,0.0],"evs":[0.0,-3.8667]},"87s":{"weight":0.5917,"played":[0.9998,2.0E-4],"evs":[0.0,-6.02801]},"88":{"weight":0.1526,"played":[0.0016,0.9984],"evs":[0.0,2.07894]},"98o":{"weight":0.0,"played":[1.0,0.0],"evs":[0.0,-4.86624]},"T8o":{"weight":0.0,"played":[0.9998,2.0E-4],"evs":[0.0,-5.36876]},"J8o":{"weight":0.0,"played":[1.0,0.0],"evs":[0.0,-5.60437]},"Q8o":{"weight":0.0,"played":[0.9996,4.0E-4],"evs":[0.0,-6.00475]},"K8o":{"weight":0.0,"played":[0.9984,0.0016],"evs":[0.0,-5.67968]},"A8o":{"weight":0.6312,"played":[0.9975,0.0025],"evs":[0.0,-2.3356]},"92s":{"weight":0.0,"played":[0.9999,1.0E-4],"evs":[0.0,-6.17225]},"93s":{"weight":0.0,"played":[0.9993,7.0E-4],"evs":[0.0,-6.02404]},"94s":{"weight":0.0,"played":[0.9999,1.0E-4],"evs":[0.0,-5.52643]},"95s":{"weight":0.0,"played":[0.9915,0.0085],"evs":[0.0,-5.0499]},"96s":{"weight":0.0134,"played":[0.9948,0.0052],"evs":[0.0,-5.223]},"97s":{"weight":1.0E-4,"played":[0.9995,5.0E-4],"evs":[0.0,-5.10467]},"98s":{"weight":0.8378,"played":[0.9995,5.0E-4],"evs":[0.0,-4.37734]},"99":{"weight":0.0868,"played":[1.0E-4,0.9999],"evs":[0.0,5.88798]},"T9o":{"weight":0.0,"played":[1.0,0.0],"evs":[0.0,-3.47408]},"J9o":{"weight":0.0,"played":[0.9995,5.0E-4],"evs":[0.0,-5.91775]},"Q9o":{"weight":0.0,"played":[0.9999,1.0E-4],"evs":[0.0,-5.76278]},"K9o":{"weight":0.0,"played":[0.9991,9.0E-4],"evs":[0.0,-5.04199]},"A9o":{"weight":0.2976,"played":[0.9377,0.0623],"evs":[0.0,0.02995]},"T2s":{"weight":0.0,"played":[0.9996,4.0E-4],"evs":[0.0,-5.31917]},"T3s":{"weight":0.0,"played":[0.9991,9.0E-4],"evs":[0.0,-4.65781]},"T4s":{"weight":0.0,"played":[0.9993,7.0E-4],"evs":[0.0,-6.2268]},"T5s":{"weight":0.0,"played":[0.9989,0.0011],"evs":[0.0,-7.64816]},"T6s":{"weight":0.0025,"played":[0.9981,0.0019],"evs":[0.0,-4.89013]},"T7s":{"weight":0.0,"played":[0.9696,0.0304],"evs":[0.0,-6.31833]},"T8s":{"weight":0.8454,"played":[0.9916,0.0084],"evs":[0.0,-3.09178]},"T9s":{"weight":0.8515,"played":[0.9768,0.0232],"evs":[0.0,-2.87268]},"TT":{"weight":0.0662,"played":[1.0E-4,0.9999],"evs":[0.0,8.10177]},"JTo":{"weight":9.0E-4,"played":[0.9992,8.0E-4],"evs":[0.0,-6.30931]},"QTo":{"weight":0.0179,"played":[0.9997,3.0E-4],"evs":[0.0,-3.87091]},"KTo":{"weight":0.0684,"played":[0.975,0.025],"evs":[0.0,-2.46909]},"ATo":{"weight":0.0,"played":[0.0044,0.9956],"evs":[0.0,1.58884]},"J2s":{"weight":1.0E-4,"played":[0.9995,5.0E-4],"evs":[0.0,-7.81024]},"J3s":{"weight":0.0,"played":[0.982,0.018],"evs":[0.0,-6.46]},"J4s":{"weight":1.0E-4,"played":[0.9998,2.0E-4],"evs":[0.0,-6.20542]},"J5s":{"weight":1.0E-4,"played":[0.9743,0.0257],"evs":[0.0,-7.00271]},"J6s":{"weight":0.0,"played":[0.9918,0.0082],"evs":[0.0,-5.28435]},"J7s":{"weight":0.0,"played":[0.9958,0.0042],"evs":[0.0,-3.44747]},"J8s":{"weight":0.0795,"played":[0.9761,0.0239],"evs":[0.0,-3.58496]},"J9s":{"weight":0.8001,"played":[0.9995,5.0E-4],"evs":[0.0,-2.63108]},"JTs":{"weight":0.981,"played":[0.9998,2.0E-4],"evs":[0.0,-1.42795]},"JJ":{"weight":0.1421,"played":[0.0,1.0],"evs":[0.0,11.25871]},"QJo":{"weight":0.0189,"played":[0.998,0.002],"evs":[0.0,-3.82203]},"KJo":{"weight":0.4614,"played":[0.9998,2.0E-4],"evs":[0.0,-3.03002]},"AJo":{"weight":0.0,"played":[0.005,0.995],"evs":[0.0,2.46584]},"Q2s":{"weight":0.0,"played":[0.9994,6.0E-4],"evs":[0.0,-4.21009]},"Q3s":{"weight":1.0E-4,"played":[0.9998,2.0E-4],"evs":[0.0,-6.42844]},"Q4s":{"weight":0.0025,"played":[0.9971,0.0029],"evs":[0.0,-5.11146]},"Q5s":{"weight":0.0,"played":[0.9976,0.0024],"evs":[0.0,-6.19099]},"Q6s":{"weight":0.0857,"played":[0.9999,1.0E-4],"evs":[0.0,-3.19857]},"Q7s":{"weight":2.0E-4,"played":[0.995,0.005],"evs":[0.0,-6.24222]},"Q8s":{"weight":0.0557,"played":[0.9972,0.0028],"evs":[0.0,-5.46553]},"Q9s":{"weight":0.7912,"played":[0.889,0.111],"evs":[0.0,-3.60073]},"QTs":{"weight":0.0036,"played":[0.9471,0.0529],"evs":[0.0,-2.71391]},"QJs":{"weight":0.0178,"played":[0.822,0.178],"evs":[0.0,-2.16251]},"QQ":{"weight":0.1139,"played":[0.0,1.0],"evs":[0.0,12.33]},"KQo":{"weight":0.7371,"played":[0.9665,0.0335],"evs":[0.0,-1.54374]},"AQo":{"weight":0.0023,"played":[3.0E-4,0.9997],"evs":[0.0,5.82503]},"K2s":{"weight":0.0016,"played":[0.997,0.003],"evs":[0.0,-5.72323]},"K3s":{"weight":4.0E-4,"played":[0.9998,2.0E-4],"evs":[0.0,-6.20366]},"K4s":{"weight":0.0718,"played":[0.9999,1.0E-4],"evs":[0.0,-3.44409]},"K5s":{"weight":0.0916,"played":[1.0,0.0],"evs":[0.0,-3.14853]},"K6s":{"weight":0.5927,"played":[0.9703,0.0297],"evs":[0.0,-4.04445]},"K7s":{"weight":1.0E-4,"played":[1.0,0.0],"evs":[0.0,-6.70591]},"K8s":{"weight":0.6041,"played":[0.9999,1.0E-4],"evs":[0.0,-4.71268]},"K9s":{"weight":0.8221,"played":[0.9922,0.0078],"evs":[0.0,-3.51956]},"KTs":{"weight":0.0,"played":[0.9946,0.0054],"evs":[0.0,-1.07349]},"KJs":{"weight":0.0042,"played":[0.0611,0.9389],"evs":[0.0,0.67261]},"KQs":{"weight":0.0859,"played":[0.6204,0.3796],"evs":[0.0,1.30475]},"KK":{"weight":0.844,"played":[0.0,1.0],"evs":[0.0,14.4304]},"AKo":{"weight":0.0171,"played":[0.0,1.0],"evs":[0.0,6.55626]},"A2s":{"weight":0.5994,"played":[0.9983,0.0017],"evs":[0.0,-3.3222]},"A3s":{"weight":0.2013,"played":[0.9991,9.0E-4],"evs":[0.0,-2.40785]},"A4s":{"weight":0.0048,"played":[0.9593,0.0407],"evs":[0.0,-3.50413]},"A5s":{"weight":0.0068,"played":[0.7474,0.2526],"evs":[0.0,-1.37874]},"A6s":{"weight":0.3218,"played":[0.9985,0.0015],"evs":[0.0,-3.88421]},"A7s":{"weight":0.1322,"played":[0.9335,0.0665],"evs":[0.0,-4.28161]},"A8s":{"weight":0.0047,"played":[0.8384,0.1616],"evs":[0.0,-0.6293]},"A9s":{"weight":0.1443,"played":[0.4719,0.5281],"evs":[0.0,-0.31677]},"ATs":{"weight":0.0328,"played":[0.0017,0.9983],"evs":[0.0,0.74664]},"AJs":{"weight":0.0221,"played":[2.0E-4,0.9998],"evs":[0.0,5.16339]},"AQs":{"weight":0.0633,"played":[7.0E-4,0.9993],"evs":[0.0,7.40578]},"AKs":{"weight":0.4087,"played":[0.0,1.0],"evs":[0.0,8.60455]},"AA":{"weight":0.9943,"played":[0.0,1.0],"evs":[0.0,20.84398]}}}