{"player":3,"street":0,"children":2,"sequence":[{"player":0,"type":"F","amount":0,"street":0},{"player":1,"type":"R","amount":200000,"street":0},{"player":2,"type":"F","amount":0,"street":0},{"player":3,"type":"C","amount":200000,"street":0},{"player":4,"type":"R","amount":2985000,"street":0},{"player":5,"type":"F","amount":0,"street":0},{"player":1,"type":"C","amount":1065000,"street":0}],"actions":[{"type":"F","amount":0},{"type":"C","amount":2785000}],"hands":{"22":{"weight":0.4631,"played":[0.9983,0.0017],"evs":[0.0,-2.77079]},"32o":{"weight":0.0,"played":[1.0,0.0],"evs":[0.0,-8.8566]},"42o":{"weight":0.0,"played":[1.0,0.0],"evs":[0.0,-8.21]},"52o":{"weight":0.0,"played":[1.0,0.0],"evs":[0.0,-8.54326]},"62o":{"weight":0.0,"played":[1.0,0.0],"evs":[0.0,-8.4457]},"72o":{"weight":0.0,"played":[1.0,0.0],"evs":[0.0,-9.90386]},"82o":{"weight":0.0,"played":[1.0,0.0],"evs":[0.0,-9.48682]},"92o":{"weight":0.0,"played":[1.0,0.0],"evs":[0.0,-8.58953]},"T2o":{"weight":0.0,"played":[1.0,0.0],"evs":[0.0,-8.99526]},"J2o":{"weight":0.0,"played":[1.0,0.0],"evs":[0.0,-8.59915]},"Q2o":{"weight":0.0,"played":[0.9999,1.0E-4],"evs":[0.0,-7.06441]},"K2o":{"weight":0.0,"played":[1.0,0.0],"evs":[0.0,-7.19273]},"A2o":{"weight":0.0,"played":[0.9979,0.0021],"evs":[0.0,-6.457]},"32s":{"weight":0.0,"played":[0.9999,1.0E-4],"evs":[0.0,-6.8354]},"33":{"weight":0.8792,"played":[0.9982,0.0018],"evs":[0.0,-1.75437]},"43o":{"weight":0.0,"played":[1.0,0.0],"evs":[0.0,-7.63484]},"53o":{"weight":0.0,"played":[1.0,0.0],"evs":[0.0,-7.25332]},"63o":{"weight":0.0,"played":[1.0,0.0],"evs":[0.0,-7.7511]},"73o":{"weight":0.0,"played":[1.0,0.0],"evs":[0.0,-8.35791]},"83o":{"weight":0.0,"played":[1.0,0.0],"evs":[0.0,-9.35622]},"93o":{"weight":0.0,"played":[1.0,0.0],"evs":[0.0,-9.26459]},"T3o":{"weight":0.0,"played":[1.0,0.0],"evs":[0.0,-8.80589]},"J3o":{"weight":0.0,"played":[1.0,0.0],"evs":[0.0,-8.50275]},"Q3o":{"weight":0.0,"played":[1.0,0.0],"evs":[0.0,-6.96422]},"K3o":{"weight":0.0,"played":[0.9999,1.0E-4],"evs":[0.0,-6.38996]},"A3o":{"weight":2.0E-4,"played":[0.9997,3.0E-4],"evs":[0.0,-6.12854]},"42s":{"weight":0.0,"played":[1.0,0.0],"evs":[0.0,-6.40839]},"43s":{"weight":0.0,"played":[0.9853,0.0147],"evs":[0.0,-5.10451]},"44":{"weight":0.0,"played":[0.1975,0.8025],"evs":[0.0,0.47524]},"54o":{"weight":0.0,"played":[1.0,0.0],"evs":[0.0,-6.16129]},"64o":{"weight":0.0,"played":[0.9994,6.0E-4],"evs":[0.0,-6.28644]},"74o":{"weight":0.0,"played":[1.0,0.0],"evs":[0.0,-7.66676]},"84o":{"weight":0.0,"played":[1.0,0.0],"evs":[0.0,-7.40734]},"94o":{"weight":0.0,"played":[1.0,0.0],"evs":[0.0,-8.28408]},"T4o":{"weight":0.0,"played":[0.9999,1.0E-4],"evs":[0.0,-8.26744]},"J4o":{"weight":0.0,"played":[1.0,0.0],"evs":[0.0,-8.62856]},"Q4o":{"weight":0.0,"played":[0.9998,2.0E-4],"evs":[0.0,-6.54425]},"K4o":{"weight":0.0,"played":[1.0,0.0],"evs":[0.0,-5.79805]},"A4o":{"weight":8.0E-4,"played":[0.9993,7.0E-4],"evs":[0.0,-5.6095]},"52s":{"weight":0.0,"played":[1.0,0.0],"evs":[0.0,-7.26114]},"53s":{"weight":0.0,"played":[0.9928,0.0072],"evs":[0.0,-5.99621]},"54s":{"weight":0.9407,"played":[0.9988,0.0012],"evs":[0.0,-4.14581]},"55":{"weight":0.0101,"played":[0.0234,0.9766],"evs":[0.0,2.05128]},"65o":{"weight":0.0,"played":[0.9998,2.0E-4],"evs":[0.0,-5.01266]},"75o":{"weight":0.0,"played":[1.0,0.0],"evs":[0.0,-7.0335]},"85o":{"weight":0.0,"played":[0.9999,1.0E-4],"evs":[0.0,-6.84634]},"95o":{"weight":0.0,"played":[1.0,0.0],"evs":[0.0,-7.93698]},"T5o":{"weight":0.0,"played":[1.0,0.0],"evs":[0.0,-8.42213]},"J5o":{"weight":0.0,"played":[1.0,0.0],"evs":[0.0,-7.68996]},"Q5o":{"weight":0.0,"played":[1.0,0.0],"evs":[0.0,-6.14774]},"K5o":{"weight":0.0,"played":[0.999,0.001],"evs":[0.0,-6.24545]},"A5o":{"weight":0.0041,"played":[0.9958,0.0042],"evs":[0.0,-6.23701]},"62s":{"weight":0.0,"played":[1.0,0.0],"evs":[0.0,-6.25461]},"63s":{"weight":0.0,"played":[0.9999,1.0E-4],"evs":[0.0,-5.97959]},"64s":{"weight":0.7303,"played":[0.9966,0.0034],"evs":[0.0,-3.08196]},"65s":{"weight":0.9591,"played":[0.9985,0.0015],"evs":[0.0,-2.97645]},"66":{"weight":0.0464,"played":[0.0025,0.9975],"evs":[0.0,1.60773]},"76o":{"weight":0.0,"played":[0.9999,1.0E-4],"evs":[0.0,-5.15747]},"86o":{"weight":0.0,"played":[0.9999,1.0E-4],"evs":[0.0,-5.37102]},"96o":{"weight":0.0,"played":[1.0,0.0],"evs":[0.0,-6.43171]},"T6o":{"weight":0.0,"played":[1.0,0.0],"evs":[0.0,-7.46622]},"J6o":{"weight":0.0,"played":[1.0,0.0],"evs":[0.0,-6.97286]},"Q6o":{"weight":0.0,"played":[0.9994,6.0E-4],"evs":[0.0,-5.67969]},"K6o":{"weight":0.0,"played":[0.9994,6.0E-4],"evs":[0.0,-5.87878]},"A6o":{"weight":0.0,"played":[0.9991,9.0E-4],"evs":[0.0,-5.76339]},"72s":{"weight":0.0,"played":[0.9996,4.0E-4],"evs":[0.0,-6.81967]},"73s":{"weight":0.0,"played":[0.9999,1.0E-4],"evs":[0.0,-6.31452]},"74s":{"weight":1.0E-4,"played":[0.9961,0.0039],"evs":[0.0,-4.79814]},"75s":{"weight":2.0E-4,"played":[0.9971,0.0029],"evs":[0.0,-5.04028]},"76s":{"weight":0.6258,"played":[0.9999,1.0E-4],"evs":[0.0,-3.80119]},"77":{"weight":0.083,"played":[2.0E-4,0.9998],"evs":[0.0,1.78901]},"87o":{"weight":0.0,"played":[0.9999,1.0E-4],"evs":[0.0,-6.20376]},"97o":{"weight":0.0,"played":[0.9999,1.0E-4],"evs":[0.0,-7.07752]},"T7o":{"weight":0.0,"played":[0.9998,2.0E-4],"evs":[0.0,-7.06149]},"J7o":{"weight":0.0,"played":[0.9999,1.0E-4],"evs":[0.0,-7.96845]},"Q7o":{"weight":0.0,"played":[0.9997,3.0E-4],"evs":[0.0,-7.55168]},"K7o":{"weight":0.0,"played":[0.9999,1.0E-4],"evs":[0.0,-6.24367]},"A7o":{"weight":8.0E-4,"played":[0.9972,0.0028],"evs":[0.0,-5.60481]},"82s":{"weight":0.0,"played":[1.0,0.0],"evs":[0.0,-6.73808]},"83s":{"weight":0.0,"played":[1.0,0.0],"evs":[0.0,-6.41911]},"84s":{"weight":1.0E-4,"played":[0.9999,1.0E-4],"evs":[0.0,-4.4854]},"85s":{"weight":0.0,"played":[0.9998,2.0E-4],"evs":[0.0,-3.54583]},"86s":{"weight":0.794,"played":[0.9991,9.0E-4],"evs":[0.0,-3.16613]},"87s":{"weight":0.5917,"played":[0.9999,1.0E-4],"evs":[0.0,-3.12331]},"88":{"weight":0.1526,"played":[0.0,1.0],"evs":[0.0,4.58528]},"98o":{"weight":0.0,"played":[1.0,0.0],"evs":[0.0,-4.92091]},"T8o":{"weight":0.0,"played":[0.9996,4.0E-4],"evs":[0.0,-5.44055]},"J8o":{"weight":0.0,"played":[0.9999,1.0E-4],"evs":[0.0,-6.36392]},"Q8o":{"weight":0.0,"played":[0.9999,1.0E-4],"evs":[0.0,-4.76344]},"K8o":{"weight":0.0,"played":[0.9992,8.0E-4],"evs":[0.0,-5.22373]},"A8o":{"weight":0.6312,"played":[0.9996,4.0E-4],"evs":[0.0,-4.11666]},"92s":{"weight":0.0,"played":[1.0,0.0],"evs":[0.0,-6.6787]},"93s":{"weight":0.0,"played":[0.9985,0.0015],"evs":[0.0,-5.53482]},"94s":{"weight":0.0,"played":[0.9999,1.0E-4],"evs":[0.0,-6.36936]},"95s":{"weight":0.0,"played":[1.0,0.0],"evs":[0.0,-6.83041]},"96s":{"weight":0.0134,"played":[0.9969,0.0031],"evs":[0.0,-5.35034]},"97s":{"weight":1.0E-4,"played":[0.9999,1.0E-4],"evs":[0.0,-4.02371]},"98s":{"weight":0.8378,"played":[0.9987,0.0013],"evs":[0.0,-2.83039]},"99":{"weight":0.0868,"played":[0.0,1.0],"evs":[0.0,4.92236]},"T9o":{"weight":0.0,"played":[0.9999,1.0E-4],"evs":[0.0,-4.39693]},"J9o":{"weight":0.0,"played":[1.0,0.0],"evs":[0.0,-4.54091]},"Q9o":{"weight":0.0,"played":[0.9972,0.0028],"evs":[0.0,-4.37159]},"K9o":{"weight":0.0,"played":[0.9998,2.0E-4],"evs":[0.0,-4.34081]},"A9o":{"weight":0.2976,"played":[0.9931,0.0069],"evs":[0.0,-2.51529]},"T2s":{"weight":0.0,"played":[0.9998,2.0E-4],"evs":[0.0,-5.88372]},"T3s":{"weight":0.0,"played":[0.9997,3.0E-4],"evs":[0.0,-6.77053]},"T4s":{"weight":0.0,"played":[0.9999,1.0E-4],"evs":[0.0,-6.52076]},"T5s":{"weight":0.0,"played":[0.9997,3.0E-4],"evs":[0.0,-7.02416]},"T6s":{"weight":0.0025,"played":[0.9999,1.0E-4],"evs":[0.0,-4.61446]},"T7s":{"weight":0.0,"played":[0.9998,2.0E-4],"evs":[0.0,-5.42055]},"T8s":{"weight":0.8454,"played":[0.9764,0.0236],"evs":[0.0,-3.77411]},"T9s":{"weight":0.8515,"played":[0.9784,0.0216],"evs":[0.0,-1.18054]},"TT":{"weight":0.0662,"played":[0.0,1.0],"evs":[0.0,8.28313]},"JTo":{"weight":9.0E-4,"played":[0.9986,0.0014],"evs":[0.0,-3.82377]},"QTo":{"weight":0.0179,"played":[0.9976,0.0024],"evs":[0.0,-3.15871]},"KTo":{"weight":0.0684,"played":[0.9991,9.0E-4],"evs":[0.0,-3.01068]},"ATo":{"weight":0.0,"played":[0.7913,0.2087],"evs":[0.0,0.12326]},"J2s":{"weight":1.0E-4,"played":[1.0,0.0],"evs":[0.0,-6.45446]},"J3s":{"weight":0.0,"played":[0.9999,1.0E-4],"evs":[0.0,-6.76603]},"J4s":{"weight":1.0E-4,"played":[0.9999,1.0E-4],"evs":[0.0,-5.21058]},"J5s":{"weight":1.0E-4,"played":[0.9993,7.0E-4],"evs":[0.0,-5.33571]},"J6s":{"weight":0.0,"played":[0.9999,1.0E-4],"evs":[0.0,-4.94414]},"J7s":{"weight":0.0,"played":[0.9999,1.0E-4],"evs":[0.0,-3.38035]},"J8s":{"weight":0.0795,"played":[0.994,0.006],"evs":[0.0,-4.74254]},"J9s":{"weight":0.8001,"played":[0.9965,0.0035],"evs":[0.0,-2.6947]},"JTs":{"weight":0.981,"played":[0.9937,0.0063],"evs":[0.0,-2.646]},"JJ":{"weight":0.1421,"played":[0.0,1.0],"evs":[0.0,9.84439]},"QJo":{"weight":0.0189,"played":[0.9978,0.0022],"evs":[0.0,-4.00661]},"KJo":{"weight":0.4614,"played":[0.9944,0.0056],"evs":[0.0,-2.19363]},"AJo":{"weight":0.0,"played":[2.0E-4,0.9998],"evs":[0.0,3.16279]},"Q2s":{"weight":0.0,"played":[0.9992,8.0E-4],"evs":[0.0,-6.03578]},"Q3s":{"weight":1.0E-4,"played":[0.9984,0.0016],"evs":[0.0,-4.17313]},"Q4s":{"weight":0.0025,"played":[1.0,0.0],"evs":[0.0,-4.02515]},"Q5s":{"weight":0.0,"played":[0.9985,0.0015],"evs":[0.0,-4.36178]},"Q6s":{"weight":0.0857,"played":[0.9999,1.0E-4],"evs":[0.0,-4.22774]},"Q7s":{"weight":2.0E-4,"played":[0.9972,0.0028],"evs":[0.0,-3.52382]},"Q8s":{"weight":0.0557,"played":[0.9863,0.0137],"evs":[0.0,-2.18037]},"Q9s":{"weight":0.7912,"played":[0.9997,3.0E-4],"evs":[0.0,-2.26855]},"QTs":{"weight":0.0036,"played":[0.1461,0.8539],"evs":[0.0,0.85752]},"QJs":{"weight":0.0178,"played":[0.9262,0.0738],"evs":[0.0,-0.70545]},"QQ":{"weight":0.1139,"played":[0.0,1.0],"evs":[0.0,13.26324]},"KQo":{"weight":0.7371,"played":[0.9762,0.0238],"evs":[0.0,-0.53046]},"AQo":{"weight":0.0023,"played":[0.0,1.0],"evs":[0.0,3.92925]},"K2s":{"weight":0.0016,"played":[0.9999,1.0E-4],"evs":[0.0,-5.06892]},"K3s":{"weight":4.0E-4,"played":[0.9933,0.0067],"evs":[0.0,-4.9529]},"K4s":{"weight":0.0718,"played":[0.9939,0.0061],"evs":[0.0,-2.67906]},"K5s":{"weight":0.0916,"played":[0.9971,0.0029],"evs":[0.0,-4.56993]},"K6s":{"weight":0.5927,"played":[0.9951,0.0049],"evs":[0.0,-3.36609]},"K7s":{"weight":1.0E-4,"played":[0.9988,0.0012],"evs":[0.0,-3.84802]},"K8s":{"weight":0.6041,"played":[0.9966,0.0034],"evs":[0.0,-2.48375]},"K9s":{"weight":0.8221,"played":[0.9921,0.0079],"evs":[0.0,-3.22785]},"KTs":{"weight":0.0,"played":[0.8113,0.1887],"evs":[0.0,-0.73144]},"KJs":{"weight":0.0042,"played":[0.796,0.204],"evs":[0.0,-0.68319]},"KQs":{"weight":0.0859,"played":[0.0779,0.9221],"evs":[0.0,1.02902]},"KK":{"weight":0.844,"played":[0.0,1.0],"evs":[0.0,15.39815]},"AKo":{"weight":0.0171,"played":[0.0,1.0],"evs":[0.0,6.49346]},"A2s":{"weight":0.5994,"played":[0.9935,0.0065],"evs":[0.0,-4.23151]},"A3s":{"weight":0.2013,"played":[0.9671,0.0329],"evs":[0.0,-3.78742]},"A4s":{"weight":0.0048,"played":[0.9107,0.0893],"evs":[0.0,-3.11984]},"A5s":{"weight":0.0068,"played":[0.9906,0.0094],"evs":[0.0,-4.8375]},"A6s":{"weight":0.3218,"played":[0.996,0.004],"evs":[0.0,-3.30182]},"A7s":{"weight":0.1322,"played":[0.9407,0.0593],"evs":[0.0,-3.19591]},"A8s":{"weight":0.0047,"played":[0.8967,0.1033],"evs":[0.0,-1.69445]},"A9s":{"weight":0.1443,"played":[0.0173,0.9827],"evs":[0.0,1.95086]},"ATs":{"weight":0.0328,"played":[1.0E-4,0.9999],"evs":[0.0,3.31144]},"AJs":{"weight":0.0221,"played":[0.0,1.0],"evs":[0.0,4.43068]},"AQs":{"weight":0.0633,"played":[0.0,1.0],"evs":[0.0,4.55742]},"AKs":{"weight":0.4087,"played":[0.0,1.0],"evs":[0.0,8.26983]},"AA":{"weight":0.9943,"played":[0.0,1.0],"evs":[0.0,26.50252]}}}