{"player":4,"street":0,"children":2,"sequence":[{"player":0,"type":"F","amount":0,"street":0},{"player":1,"type":"R","amount":200000,"street":0},{"player":2,"type":"F","amount":0,"street":0},{"player":3,"type":"R","amount":500000,"street":0}],"actions":[{"type":"F","amount":0,"node":136},{"type":"R","amount":2985000,"node":144}],"hands":{"22":{"weight":1.0,"played":[0.8309,0.1691],"evs":[0.0,-1.60503]},"32o":{"weight":1.0,"played":[1.0,0.0],"evs":[0.0,-5.16628]},"42o":{"weight":1.0,"played":[0.9999,1.0E-4],"evs":[0.0,-6.22526]},"52o":{"weight":1.0,"played":[0.9934,0.0066],"evs":[0.0,-5.91471]},"62o":{"weight":1.0,"played":[0.9998,2.0E-4],"evs":[0.0,-6.9747]},"72o":{"weight":1.0,"played":[0.9999,1.0E-4],"evs":[0.0,-7.04677]},"82o":{"weight":1.0,"played":[1.0,0.0],"evs":[0.0,-7.60846]},"92o":{"weight":1.0,"played":[0.9999,1.0E-4],"evs":[0.0,-8.32538]},"T2o":{"weight":1.0,"played":[0.9999,1.0E-4],"evs":[0.0,-6.35784]},"J2o":{"weight":1.0,"played":[0.9964,0.0036],"evs":[0.0,-6.44456]},"Q2o":{"weight":1.0,"played":[0.9991,9.0E-4],"evs":[0.0,-5.93158]},"K2o":{"weight":1.0,"played":[0.9962,0.0038],"evs":[0.0,-3.65714]},"A2o":{"weight":1.0,"played":[0.9975,0.0025],"evs":[0.0,-4.32517]},"32s":{"weight":1.0,"played":[0.9974,0.0026],"evs":[0.0,-4.61]},"33":{"weight":1.0,"played":[0.7929,0.2071],"evs":[0.0,-1.48897]},"43o":{"weight":1.0,"played":[0.9995,5.0E-4],"evs":[0.0,-6.23597]},"53o":{"weight":1.0,"played":[1.0,0.0],"evs":[0.0,-5.42447]},"63o":{"weight":1.0,"played":[0.999,0.001],"evs":[0.0,-3.68045]},"73o":{"weight":1.0,"played":[0.9935,0.0065],"evs":[0.0,-6.59556]},"83o":{"weight":1.0,"played":[1.0,0.0],"evs":[0.0,-6.67806]},"93o":{"weight":1.0,"played":[0.995,0.005],"evs":[0.0,-4.79134]},"T3o":{"weight":1.0,"played":[0.9999,1.0E-4],"evs":[0.0,-7.06177]},"J3o":{"weight":1.0,"played":[0.9995,5.0E-4],"evs":[0.0,-7.13908]},"Q3o":{"weight":1.0,"played":[0.9996,4.0E-4],"evs":[0.0,-3.33758]},"K3o":{"weight":1.0,"played":[0.9971,0.0029],"evs":[0.0,-4.8419]},"A3o":{"weight":1.0,"played":[0.9879,0.0121],"evs":[0.0,-3.12797]},"42s":{"weight":1.0,"played":[0.9704,0.0296],"evs":[0.0,-1.97051]},"43s":{"weight":1.0,"played":[0.9673,0.0327],"evs":[0.0,-3.33925]},"44":{"weight":1.0,"played":[0.5561,0.4439],"evs":[0.0,0.52732]},"54o":{"weight":1.0,"played":[1.0,0.0],"evs":[0.0,-3.9523]},"64o":{"weight":1.0,"played":[0.9992,8.0E-4],"evs":[0.0,-4.17405]},"74o":{"weight":1.0,"played":[0.9948,0.0052],"evs":[0.0,-5.35015]},"84o":{"weight":1.0,"played":[0.9994,6.0E-4],"evs":[0.0,-5.05314]},"94o":{"weight":1.0,"played":[0.9996,4.0E-4],"evs":[0.0,-6.02786]},"T4o":{"weight":1.0,"played":[1.0,0.0],"evs":[0.0,-6.40113]},"J4o":{"weight":1.0,"played":[1.0,0.0],"evs":[0.0,-4.5492]},"Q4o":{"weight":1.0,"played":[0.9999,1.0E-4],"evs":[0.0,-5.17065]},"K4o":{"weight":1.0,"played":[0.997,0.003],"evs":[0.0,-1.59021]},"A4o":{"weight":1.0,"played":[0.994,0.006],"evs":[0.0,-1.94211]},"52s":{"weight":1.0,"played":[0.9922,0.0078],"evs":[0.0,-4.00769]},"53s":{"weight":1.0,"played":[1.0,0.0],"evs":[0.0,-4.53002]},"54s":{"weight":1.0,"played":[0.8823,0.1177],"evs":[0.0,-1.31036]},"55":{"weight":1.0,"played":[0.2596,0.7404],"evs":[0.0,-0.9024]},"65o":{"weight":1.0,"played":[0.9928,0.0072],"evs":[0.0,-3.74179]},"75o":{"weight":1.0,"played":[0.9954,0.0046],"evs":[0.0,-4.94497]},"85o":{"weight":1.0,"played":[0.9943,0.0057],"evs":[0.0,-5.44549]},"95o":{"weight":1.0,"played":[0.9996,4.0E-4],"evs":[0.0,-7.65718]},"T5o":{"weight":1.0,"played":[1.0,0.0],"evs":[0.0,-6.89502]},"J5o":{"weight":1.0,"played":[0.9983,0.0017],"evs":[0.0,-6.30896]},"Q5o":{"weight":1.0,"played":[0.9982,0.0018],"evs":[0.0,-5.36927]},"K5o":{"weight":1.0,"played":[0.9992,8.0E-4],"evs":[0.0,-2.92545]},"A5o":{"weight":1.0,"played":[0.3468,0.6532],"evs":[0.0,-0.38063]},"62s":{"weight":1.0,"played":[0.9965,0.0035],"evs":[0.0,-4.30194]},"63s":{"weight":1.0,"played":[0.9991,9.0E-4],"evs":[0.0,-3.74063]},"64s":{"weight":1.0,"played":[0.9953,0.0047],"evs":[0.0,-2.4746]},"65s":{"weight":1.0,"played":[0.8888,0.1112],"evs":[0.0,-2.68351]},"66":{"weight":1.0,"played":[0.2371,0.7629],"evs":[0.0,1.10523]},"76o":{"weight":1.0,"played":[0.9993,7.0E-4],"evs":[0.0,-4.18227]},"86o":{"weight":1.0,"played":[0.9974,0.0026],"evs":[0.0,-5.22963]},"96o":{"weight":1.0,"played":[0.9955,0.0045],"evs":[0.0,-5.98654]},"T6o":{"weight":1.0,"played":[0.9999,1.0E-4],"evs":[0.0,-5.71096]},"J6o":{"weight":1.0,"played":[0.9999,1.0E-4],"evs":[0.0,-6.28251]},"Q6o":{"weight":1.0,"played":[0.9999,1.0E-4],"evs":[0.0,-5.4913]},"K6o":{"weight":1.0,"played":[0.9995,5.0E-4],"evs":[0.0,-3.96662]},"A6o":{"weight":1.0,"played":[0.9861,0.0139],"evs":[0.0,-3.45153]},"72s":{"weight":1.0,"played":[0.9974,0.0026],"evs":[0.0,-6.34818]},"73s":{"weight":1.0,"played":[0.9997,3.0E-4],"evs":[0.0,-3.43426]},"74s":{"weight":1.0,"played":[0.9612,0.0388],"evs":[0.0,-4.59682]},"75s":{"weight":1.0,"played":[0.9923,0.0077],"evs":[0.0,-3.94881]},"76s":{"weight":1.0,"played":[0.9901,0.0099],"evs":[0.0,-5.94613]},"77":{"weight":1.0,"played":[0.4657,0.5343],"evs":[0.0,0.30079]},"87o":{"weight":1.0,"played":[0.9978,0.0022],"evs":[0.0,-4.47761]},"97o":{"weight":1.0,"played":[0.9865,0.0135],"evs":[0.0,-5.44036]},"T7o":{"weight":1.0,"played":[0.9994,6.0E-4],"evs":[0.0,-4.93508]},"J7o":{"weight":1.0,"played":[0.9996,4.0E-4],"evs":[0.0,-4.59273]},"Q7o":{"weight":1.0,"played":[0.9999,1.0E-4],"evs":[0.0,-5.05012]},"K7o":{"weight":1.0,"played":[0.9815,0.0185],"evs":[0.0,-3.79043]},"A7o":{"weight":1.0,"played":[0.9972,0.0028],"evs":[0.0,-3.80311]},"82s":{"weight":1.0,"played":[0.9519,0.0481],"evs":[0.0,-4.65796]},"83s":{"weight":1.0,"played":[0.9714,0.0286],"evs":[0.0,-1.98245]},"84s":{"weight":1.0,"played":[0.9798,0.0202],"evs":[0.0,-2.6821]},"85s":{"weight":1.0,"played":[0.9805,0.0195],"evs":[0.0,-3.96896]},"86s":{"weight":1.0,"played":[0.975,0.025],"evs":[0.0,-3.04376]},"87s":{"weight":1.0,"played":[0.9205,0.0795],"evs":[0.0,-4.5611]},"88":{"weight":1.0,"played":[6.0E-4,0.9994],"evs":[0.0,3.74468]},"98o":{"weight":1.0,"played":[0.9905,0.0095],"evs":[0.0,-3.97835]},"T8o":{"weight":1.0,"played":[0.9944,0.0056],"evs":[0.0,-4.3372]},"J8o":{"weight":1.0,"played":[0.9935,0.0065],"evs":[0.0,-4.18086]},"Q8o":{"weight":1.0,"played":[0.9998,2.0E-4],"evs":[0.0,-4.10188]},"K8o":{"weight":1.0,"played":[0.9925,0.0075],"evs":[0.0,-3.94537]},"A8o":{"weight":1.0,"played":[0.9585,0.0415],"evs":[0.0,-3.13998]},"92s":{"weight":1.0,"played":[0.9997,3.0E-4],"evs":[0.0,-5.42879]},"93s":{"weight":1.0,"played":[0.9721,0.0279],"evs":[0.0,-7.51529]},"94s":{"weight":1.0,"played":[0.9954,0.0046],"evs":[0.0,-6.46921]},"95s":{"weight":1.0,"played":[0.9083,0.0917],"evs":[0.0,-6.09049]},"96s":{"weight":1.0,"played":[0.9989,0.0011],"evs":[0.0,-4.90177]},"97s":{"weight":1.0,"played":[0.9427,0.0573],"evs":[0.0,-2.71449]},"98s":{"weight":1.0,"played":[0.974,0.026],"evs":[0.0,-4.82277]},"99":{"weight":1.0,"played":[0.0,1.0],"evs":[0.0,0.68087]},"T9o":{"weight":1.0,"played":[0.9634,0.0366],"evs":[0.0,-5.25126]},"J9o":{"weight":1.0,"played":[0.9997,3.0E-4],"evs":[0.0,-3.92103]},"Q9o":{"weight":1.0,"played":[1.0,0.0],"evs":[0.0,-4.5013]},"K9o":{"weight":1.0,"played":[0.9947,0.0053],"evs":[0.0,-2.53296]},"A9o":{"weight":1.0,"played":[0.8083,0.1917],"evs":[0.0,-4.34037]},"T2s":{"weight":1.0,"played":[0.9907,0.0093],"evs":[0.0,-3.76135]},"T3s":{"weight":1.0,"played":[0.999,0.001],"evs":[0.0,-5.53327]},"T4s":{"weight":1.0,"played":[0.8893,0.1107],"evs":[0.0,-1.39673]},"T5s":{"weight":1.0,"played":[0.9949,0.0051],"evs":[0.0,-5.7483]},"T6s":{"weight":1.0,"played":[0.9993,7.0E-4],"evs":[0.0,-5.02168]},"T7s":{"weight":1.0,"played":[0.8338,0.1662],"evs":[0.0,-5.34663]},"T8s":{"weight":1.0,"played":[0.9232,0.0768],"evs":[0.0,-0.98194]},"T9s":{"weight":1.0,"played":[0.9159,0.0841],"evs":[0.0,-5.24051]},"TT":{"weight":1.0,"played":[0.0015,0.9985],"evs":[0.0,2.06377]},"JTo":{"weight":1.0,"played":[0.9871,0.0129],"evs":[0.0,-3.23311]},"QTo":{"weight":1.0,"played":[0.995,0.005],"evs":[0.0,-2.0933]},"KTo":{"weight":1.0,"played":[0.9904,0.0096],"evs":[0.0,-2.22449]},"ATo":{"weight":1.0,"played":[0.671,0.329],"evs":[0.0,-0.65113]},"J2s":{"weight":1.0,"played":[0.9982,0.0018],"evs":[0.0,-4.28556]},"J3s":{"weight":1.0,"played":[0.9912,0.0088],"evs":[0.0,-2.58057]},"J4s":{"weight":1.0,"played":[0.9995,5.0E-4],"evs":[0.0,-5.0521]},"J5s":{"weight":1.0,"played":[0.9952,0.0048],"evs":[0.0,-2.92519]},"J6s":{"weight":1.0,"played":[0.9774,0.0226],"evs":[0.0,-2.84864]},"J7s":{"weight":1.0,"played":[1.0,0.0],"evs":[0.0,-4.74666]},"J8s":{"weight":1.0,"played":[0.8941,0.1059],"evs":[0.0,-4.50358]},"J9s":{"weight":1.0,"played":[0.767,0.233],"evs":[0.0,-1.62552]},"JTs":{"weight":1.0,"played":[0.9195,0.0805],"evs":[0.0,-2.07159]},"JJ":{"weight":1.0,"played":[1.0E-4,0.9999],"evs":[0.0,6.20079]},"QJo":{"weight":1.0,"played":[0.953,0.047],"evs":[0.0,-1.76709]},"KJo":{"weight":1.0,"played":[0.888,0.112],"evs":[0.0,-0.7299]},"AJo":{"weight":1.0,"played":[0.0011,0.9989],"evs":[0.0,1.67947]},"Q2s":{"weight":1.0,"played":[0.952,0.048],"evs":[0.0,-0.6294]},"Q3s":{"weight":1.0,"played":[0.9661,0.0339],"evs":[0.0,-2.82168]},"Q4s":{"weight":1.0,"played":[0.919,0.081],"evs":[0.0,-0.31512]},"Q5s":{"weight":1.0,"played":[0.9988,0.0012],"evs":[0.0,-1.7703]},"Q6s":{"weight":1.0,"played":[0.9951,0.0049],"evs":[0.0,-2.89084]},"Q7s":{"weight":1.0,"played":[0.9147,0.0853],"evs":[0.0,-2.42804]},"Q8s":{"weight":1.0,"played":[0.9865,0.0135],"evs":[0.0,-0.79789]},"Q9s":{"weight":1.0,"played":[0.9938,0.0062],"evs":[0.0,-3.25169]},"QTs":{"weight":1.0,"played":[0.6507,0.3493],"evs":[0.0,-1.40656]},"QJs":{"weight":1.0,"played":[0.1056,0.8944],"evs":[0.0,1.09737]},"QQ":{"weight":1.0,"played":[0.0,1.0],"evs":[0.0,10.38304]},"KQo":{"weight":1.0,"played":[0.3052,0.6948],"evs":[0.0,1.67284]},"AQo":{"weight":1.0,"played":[0.0,1.0],"evs":[0.0,1.83629]},"K2s":{"weight":1.0,"played":[0.9937,0.0063],"evs":[0.0,-1.75811]},"K3s":{"weight":1.0,"played":[0.967,0.033],"evs":[0.0,-2.79863]},"K4s":{"weight":1.0,"played":[0.9827,0.0173],"evs":[0.0,-2.8975]},"K5s":{"weight":1.0,"played":[0.4715,0.5285],"evs":[0.0,-1.10141]},"K6s":{"weight":1.0,"played":[0.8144,0.1856],"evs":[0.0,-1.19134]},"K7s":{"weight":1.0,"played":[0.9422,0.0578],"evs":[0.0,0.03529]},"K8s":{"weight":1.0,"played":[0.7081,0.2919],"evs":[0.0,-0.47694]},"K9s":{"weight":1.0,"played":[0.9549,0.0451],"evs":[0.0,-3.79177]},"KTs":{"weight":1.0,"played":[0.7216,0.2784],"evs":[0.0,-0.54774]},"KJs":{"weight":1.0,"played":[0.1664,0.8336],"evs":[0.0,0.26246]},"KQs":{"weight":1.0,"played":[0.6414,0.3586],"evs":[0.0,0.59561]},"KK":{"weight":1.0,"played":[1.0E-4,0.9999],"evs":[0.0,11.75297]},"AKo":{"weight":1.0,"played":[0.0,1.0],"evs":[0.0,4.73779]},"A2s":{"weight":1.0,"played":[0.7969,0.2031],"evs":[0.0,-0.38494]},"A3s":{"weight":1.0,"played":[0.7289,0.2711],"evs":[0.0,-0.58611]},"A4s":{"weight":1.0,"played":[0.8296,0.1704],"evs":[0.0,0.09813]},"A5s":{"weight":1.0,"played":[0.2367,0.7633],"evs":[0.0,1.71803]},"A6s":{"weight":1.0,"played":[0.9743,0.0257],"evs":[0.0,-4.17572]},"A7s":{"weight":1.0,"played":[0.9148,0.0852],"evs":[0.0,-0.84189]},"A8s":{"weight":1.0,"played":[0.5336,0.4664],"evs":[0.0,-0.26787]},"A9s":{"weight":1.0,"played":[0.0052,0.9948],"evs":[0.0,1.214]},"ATs":{"weight":1.0,"played":[0.5319,0.4681],"evs":[0.0,0.00632]},"AJs":{"weight":1.0,"played":[0.2534,0.7466],"evs":[0.0,0.27312]},"AQs":{"weight":1.0,"played":[0.0038,0.9962],"evs":[0.0,2.5687]},"AKs":{"weight":1.0,"played":[1.0E-4,0.9999],"evs":[0.0,4.62882]},"AA":{"weight":1.0,"played":[0.0,1.0],"evs":[0.0,20.59126]}}}