{"player":1,"street":0,"children":3,"sequence":[{"player":0,"type":"F","amount":0,"street":0},{"player":1,"type":"R","amount":200000,"street":0},{"player":2,"type":"F","amount":0,"street":0},{"player":3,"type":"R","amount":500000,"street":0},{"player":4,"type":"F","amount":0,"street":0},{"player":5,"type":"R","amount":985000,"street":0}],"actions":[{"type":"F","amount":0,"node":140},{"type":"C","amount":785000,"node":141},{"type":"R","amount":1265000,"node":143}],"hands":{"22":{"weight":0.0,"played":[0.1063,0.4018,0.4919],"evs":[0.0,0.57857,0.63513]},"32o":{"weight":0.0,"played":[1.0,0.0,0.0],"evs":[0.0,-2.8338,-2.7984]},"42o":{"weight":0.0,"played":[1.0,0.0,0.0],"evs":[0.0,-3.1833,-3.19081]},"52o":{"weight":0.0,"played":[0.9997,2.0E-4,1.0E-4],"evs":[0.0,-2.48202,-2.44495]},"62o":{"weight":0.0,"played":[0.9999,1.0E-4,0.0],"evs":[0.0,-3.43052,-3.40397]},"72o":{"weight":0.0,"played":[0.9999,0.0,0.0],"evs":[0.0,-3.63367,-3.66077]},"82o":{"weight":0.0,"played":[0.9999,0.0,1.0E-4],"evs":[0.0,-2.98459,-2.9688]},"92o":{"weight":0.0,"played":[1.0,0.0,0.0],"evs":[0.0,-3.51542,-3.5124]},"T2o":{"weight":0.0,"played":[0.9995,5.0E-4,0.0],"evs":[0.0,-3.00815,-2.97978]},"J2o":{"weight":0.0,"played":[1.0,0.0,0.0],"evs":[0.0,-2.76839,-2.77023]},"Q2o":{"weight":0.0,"played":[0.9959,0.0028,0.0013],"evs":[0.0,-1.99594,-1.96938]},"K2o":{"weight":0.0,"played":[0.9979,2.0E-4,0.0019],"evs":[0.0,-1.3479,-1.35966]},"A2o":{"weight":0.0,"played":[0.9729,0.0038,0.0233],"evs":[0.0,-2.19747,-2.1864]},"32s":{"weight":0.0,"played":[0.9998,2.0E-4,0.0],"evs":[0.0,-2.19125,-2.15708]},"33":{"weight":0.0633,"played":[0.1068,0.4618,0.4314],"evs":[0.0,0.35239,0.38069]},"43o":{"weight":0.0,"played":[0.9994,0.0,6.0E-4],"evs":[0.0,-1.93165,-1.89395]},"53o":{"weight":0.0,"played":[0.9982,2.0E-4,0.0016],"evs":[0.0,-1.64689,-1.61755]},"63o":{"weight":0.0,"played":[0.9997,1.0E-4,3.0E-4],"evs":[0.0,-3.26132,-3.2641]},"73o":{"weight":0.0,"played":[1.0,0.0,0.0],"evs":[0.0,-2.29045,-2.23065]},"83o":{"weight":0.0,"played":[0.9996,2.0E-4,2.0E-4],"evs":[0.0,-3.60241,-3.59256]},"93o":{"weight":0.0,"played":[0.9992,2.0E-4,6.0E-4],"evs":[0.0,-2.94935,-2.8998]},"T3o":{"weight":0.0,"played":[0.9999,0.0,0.0],"evs":[0.0,-2.68641,-2.63674]},"J3o":{"weight":0.0,"played":[0.9992,0.0,8.0E-4],"evs":[0.0,-2.21235,-2.20859]},"Q3o":{"weight":0.0,"played":[0.9984,0.0011,5.0E-4],"evs":[0.0,-2.03824,-2.02826]},"K3o":{"weight":0.0,"played":[0.999,0.0,0.001],"evs":[0.0,-1.04178,-1.05484]},"A3o":{"weight":0.0,"played":[0.9929,0.0018,0.0053],"evs":[0.0,-1.89411,-1.87638]},"42s":{"weight":0.0,"played":[0.9974,7.0E-4,0.0019],"evs":[0.0,-2.19913,-2.20169]},"43s":{"weight":0.0,"played":[0.9554,0.0164,0.0282],"evs":[0.0,-0.87477,-0.88469]},"44":{"weight":0.0,"played":[0.2187,0.3801,0.4011],"evs":[0.0,0.10198,0.10365]},"54o":{"weight":0.0,"played":[0.9999,0.0,1.0E-4],"evs":[0.0,-1.47059,-1.47703]},"64o":{"weight":0.0,"played":[0.9996,0.0,4.0E-4],"evs":[0.0,-2.38542,-2.33555]},"74o":{"weight":0.0,"played":[0.9984,1.0E-4,0.0015],"evs":[0.0,-2.44611,-2.42062]},"84o":{"weight":0.0,"played":[0.9886,0.0032,0.0082],"evs":[0.0,-2.88673,-2.83867]},"94o":{"weight":0.0,"played":[0.9999,0.0,1.0E-4],"evs":[0.0,-3.64332,-3.64272]},"T4o":{"weight":0.0,"played":[0.9961,0.0017,0.0022],"evs":[0.0,-2.7642,-2.74683]},"J4o":{"weight":0.0,"played":[0.9969,0.0014,0.0017],"evs":[0.0,-2.86827,-2.87949]},"Q4o":{"weight":0.0,"played":[0.9985,8.0E-4,7.0E-4],"evs":[0.0,-1.38706,-1.33974]},"K4o":{"weight":0.0,"played":[0.9964,0.0017,0.0019],"evs":[0.0,-0.81817,-0.78972]},"A4o":{"weight":0.0,"played":[0.9556,0.0442,3.0E-4],"evs":[0.0,-2.16379,-2.16924]},"52s":{"weight":0.0,"played":[0.8528,0.0548,0.0923],"evs":[0.0,-1.99065,-1.9188]},"53s":{"weight":0.0,"played":[0.7063,0.1053,0.1884],"evs":[0.0,-0.66861,-0.66163]},"54s":{"weight":0.0,"played":[0.6934,0.1429,0.1637],"evs":[0.0,-0.03702,-0.0345]},"55":{"weight":0.0,"played":[0.0046,0.3835,0.6118],"evs":[0.0,1.05205,1.0867]},"65o":{"weight":0.0,"played":[0.9707,0.0053,0.024],"evs":[0.0,-1.87614,-1.8204]},"75o":{"weight":0.0,"played":[0.9994,5.0E-4,1.0E-4],"evs":[0.0,-1.78777,-1.777]},"85o":{"weight":0.0,"played":[0.979,0.0078,0.0132],"evs":[0.0,-2.06034,-2.06785]},"95o":{"weight":0.0,"played":[1.0,0.0,0.0],"evs":[0.0,-2.60826,-2.61537]},"T5o":{"weight":0.0,"played":[0.9995,4.0E-4,1.0E-4],"evs":[0.0,-2.48444,-2.43712]},"J5o":{"weight":0.0,"played":[0.9986,0.0013,1.0E-4],"evs":[0.0,-2.12582,-2.13165]},"Q5o":{"weight":0.0,"played":[0.9974,0.002,6.0E-4],"evs":[0.0,-1.6833,-1.65284]},"K5o":{"weight":0.0,"played":[0.992,0.0052,0.0028],"evs":[0.0,-1.26081,-1.25854]},"A5o":{"weight":0.0159,"played":[0.9297,0.0084,0.062],"evs":[0.0,-1.15022,-1.1552]},"62s":{"weight":0.0,"played":[0.9956,0.0024,0.002],"evs":[0.0,-2.44231,-2.4319]},"63s":{"weight":0.0,"played":[0.9501,0.0233,0.0266],"evs":[0.0,-1.62649,-1.65582]},"64s":{"weight":0.0,"played":[0.6169,0.1671,0.216],"evs":[0.0,-0.6303,-0.6172]},"65s":{"weight":0.0,"played":[0.2029,0.3314,0.4657],"evs":[0.0,0.64738,0.67186]},"66":{"weight":0.0,"played":[0.0042,0.1422,0.8536],"evs":[0.0,1.40651,1.41755]},"76o":{"weight":0.0,"played":[0.9995,4.0E-4,1.0E-4],"evs":[0.0,-2.04207,-2.04376]},"86o":{"weight":0.0,"played":[0.9967,0.0017,0.0016],"evs":[0.0,-1.66245,-1.66083]},"96o":{"weight":0.0,"played":[0.991,0.0055,0.0035],"evs":[0.0,-2.6923,-2.66189]},"T6o":{"weight":0.0,"played":[0.9873,0.0056,0.0072],"evs":[0.0,-2.45172,-2.42128]},"J6o":{"weight":0.0,"played":[0.9972,0.0016,0.0012],"evs":[0.0,-2.77455,-2.78727]},"Q6o":{"weight":0.0,"played":[0.9953,0.0031,0.0016],"evs":[0.0,-2.0139,-1.993]},"K6o":{"weight":0.0,"played":[0.9963,0.0013,0.0024],"evs":[0.0,-1.81084,-1.79722]},"A6o":{"weight":0.0,"played":[0.9786,0.0108,0.0106],"evs":[0.0,-2.3185,-2.24516]},"72s":{"weight":0.0,"played":[0.9966,8.0E-4,0.0026],"evs":[0.0,-1.09802,-1.0524]},"73s":{"weight":0.0,"played":[0.9933,0.0035,0.0032],"evs":[0.0,-2.10733,-2.07199]},"74s":{"weight":0.0,"played":[0.9974,1.0E-4,0.0024],"evs":[0.0,-0.9111,-0.86185]},"75s":{"weight":0.0,"played":[0.3366,0.345,0.3184],"evs":[0.0,-0.53905,-0.54629]},"76s":{"weight":0.0,"played":[0.5269,0.1702,0.303],"evs":[0.0,-0.82968,-0.80093]},"77":{"weight":0.0,"played":[0.0012,0.9954,0.0034],"evs":[0.0,1.14141,1.12414]},"87o":{"weight":0.0,"played":[0.9936,0.0032,0.0032],"evs":[0.0,-1.75112,-1.73783]},"97o":{"weight":0.0,"played":[0.999,1.0E-4,9.0E-4],"evs":[0.0,-2.43417,-2.39144]},"T7o":{"weight":0.0,"played":[0.9986,9.0E-4,6.0E-4],"evs":[0.0,-1.81838,-1.76461]},"J7o":{"weight":0.0,"played":[0.9349,0.0306,0.0345],"evs":[0.0,-2.11146,-2.10955]},"Q7o":{"weight":0.0,"played":[0.9861,0.0066,0.0072],"evs":[0.0,-1.36322,-1.35058]},"K7o":{"weight":0.0,"played":[0.9711,0.0052,0.0237],"evs":[0.0,-1.27872,-1.28033]},"A7o":{"weight":0.1683,"played":[0.9206,0.0352,0.0441],"evs":[0.0,-1.76394,-1.72757]},"82s":{"weight":0.0,"played":[0.9994,2.0E-4,4.0E-4],"evs":[0.0,-2.24823,-2.20247]},"83s":{"weight":0.0,"played":[0.9926,0.0065,0.001],"evs":[0.0,-2.75642,-2.77453]},"84s":{"weight":0.0,"played":[0.9997,1.0E-4,2.0E-4],"evs":[0.0,-2.22569,-2.05004]},"85s":{"weight":0.0,"played":[0.6979,0.0832,0.2188],"evs":[0.0,-1.49127,-1.47995]},"86s":{"weight":0.0,"played":[0.8239,0.0988,0.0773],"evs":[0.0,-1.04881,-1.0613]},"87s":{"weight":0.0,"played":[0.5781,0.1743,0.2477],"evs":[0.0,-1.12921,-1.09716]},"88":{"weight":0.0,"played":[2.0E-4,0.6133,0.3865],"evs":[0.0,2.16749,2.17634]},"98o":{"weight":0.0,"played":[0.938,0.0246,0.0374],"evs":[0.0,-1.54356,-1.5076]},"T8o":{"weight":0.0,"played":[0.9975,0.0011,0.0014],"evs":[0.0,-2.1597,-2.12148]},"J8o":{"weight":0.0,"played":[0.9819,0.0096,0.0085],"evs":[0.0,-1.66396,-1.6702]},"Q8o":{"weight":0.0,"played":[0.9732,0.0128,0.014],"evs":[0.0,-1.25267,-1.23296]},"K8o":{"weight":0.0,"played":[0.9936,4.0E-4,0.006],"evs":[0.0,-1.79323,-1.7861]},"A8o":{"weight":0.0158,"played":[0.9124,0.0406,0.047],"evs":[0.0,-1.49517,-1.50065]},"92s":{"weight":0.0,"played":[0.9785,0.0046,0.0169],"evs":[0.0,-2.84946,-2.85765]},"93s":{"weight":0.0,"played":[0.9888,1.0E-4,0.0111],"evs":[0.0,-1.54472,-1.49307]},"94s":{"weight":0.0,"played":[0.9804,0.0087,0.0109],"evs":[0.0,-2.35542,-2.27547]},"95s":{"weight":0.0,"played":[0.9737,0.0035,0.0228],"evs":[0.0,-2.4808,-2.49112]},"96s":{"weight":0.0,"played":[0.7555,0.1229,0.1216],"evs":[0.0,-1.12582,-1.12866]},"97s":{"weight":0.0,"played":[0.8745,0.0784,0.0471],"evs":[0.0,-0.02551,-0.0039]},"98s":{"weight":0.0,"played":[0.9093,0.035,0.0557],"evs":[0.0,-1.30432,-1.30604]},"99":{"weight":1.0E-4,"played":[0.0,1.0E-4,0.9999],"evs":[0.0,2.28025,2.27064]},"T9o":{"weight":0.0,"played":[0.9763,0.0131,0.0106],"evs":[0.0,-1.73247,-1.75009]},"J9o":{"weight":0.0,"played":[0.9456,0.0257,0.0287],"evs":[0.0,-1.22307,-1.24825]},"Q9o":{"weight":0.0,"played":[0.9653,0.0224,0.0123],"evs":[0.0,-1.74196,-1.75761]},"K9o":{"weight":0.0,"played":[0.9818,0.0113,0.0069],"evs":[0.0,-1.79621,-1.82108]},"A9o":{"weight":0.0363,"played":[0.8949,0.0562,0.049],"evs":[0.0,-0.7383,-0.77869]},"T2s":{"weight":0.0,"played":[0.9972,3.0E-4,0.0026],"evs":[0.0,-1.17215,-1.07888]},"T3s":{"weight":0.0,"played":[0.9519,0.0106,0.0376],"evs":[0.0,-0.20855,-0.153]},"T4s":{"weight":0.0,"played":[0.9935,0.0044,0.002],"evs":[0.0,-1.23739,-1.24452]},"T5s":{"weight":0.0,"played":[0.9959,6.0E-4,0.0035],"evs":[0.0,-1.25128,-1.16689]},"T6s":{"weight":0.0,"played":[0.98,0.0136,0.0064],"evs":[0.0,-1.7415,-1.74919]},"T7s":{"weight":0.0,"played":[0.6586,0.1316,0.2099],"evs":[0.0,-1.08135,-1.09363]},"T8s":{"weight":0.0,"played":[0.366,0.3242,0.3098],"evs":[0.0,-0.22046,-0.17946]},"T9s":{"weight":0.0041,"played":[0.0065,0.3189,0.6746],"evs":[0.0,0.60452,0.66403]},"TT":{"weight":0.0,"played":[0.0,2.0E-4,0.9998],"evs":[0.0,4.77968,4.78764]},"JTo":{"weight":0.0,"played":[0.2587,0.2228,0.5185],"evs":[0.0,0.0777,0.08589]},"QTo":{"weight":0.0,"played":[0.4383,0.2691,0.2926],"evs":[0.0,0.11511,0.11048]},"KTo":{"weight":0.0273,"played":[0.8832,0.0284,0.0884],"evs":[0.0,-0.03088,-0.05859]},"ATo":{"weight":0.0,"played":[0.0,0.2643,0.7357],"evs":[0.0,0.4671,0.48763]},"J2s":{"weight":0.0,"played":[0.9694,0.0199,0.0107],"evs":[0.0,-1.81277,-1.81418]},"J3s":{"weight":0.0,"played":[0.8678,0.0599,0.0722],"evs":[0.0,-1.84409,-1.88566]},"J4s":{"weight":0.0,"played":[0.9587,0.0258,0.0155],"evs":[0.0,-1.41357,-1.42248]},"J5s":{"weight":0.0,"played":[0.4246,0.1953,0.38],"evs":[0.0,-0.80961,-0.77429]},"J6s":{"weight":0.0,"played":[0.3029,0.4638,0.2334],"evs":[0.0,-0.34778,-0.32531]},"J7s":{"weight":0.0,"played":[0.6304,0.1714,0.1981],"evs":[0.0,-0.33102,-0.28296]},"J8s":{"weight":0.0,"played":[0.8172,0.0351,0.1477],"evs":[0.0,-1.52467,-1.53972]},"J9s":{"weight":0.0,"played":[0.3839,0.2661,0.35],"evs":[0.0,-0.37849,-0.35718]},"JTs":{"weight":0.3519,"played":[0.2347,0.3844,0.3809],"evs":[0.0,0.53369,0.52844]},"JJ":{"weight":0.0,"played":[0.0,0.3844,0.6156],"evs":[0.0,7.22914,7.24627]},"QJo":{"weight":0.038,"played":[0.3334,0.37,0.2966],"evs":[0.0,0.06321,0.02652]},"KJo":{"weight":0.0,"played":[1.0E-4,0.8798,0.1201],"evs":[0.0,0.30531,0.3311]},"AJo":{"weight":0.0,"played":[2.0E-4,0.0142,0.9856],"evs":[0.0,1.54514,1.56267]},"Q2s":{"weight":0.0,"played":[0.8885,0.0353,0.0762],"evs":[0.0,-0.36248,-0.32574]},"Q3s":{"weight":0.0,"played":[0.9391,0.0364,0.0245],"evs":[0.0,-0.5696,-0.52919]},"Q4s":{"weight":0.0,"played":[0.9851,0.0024,0.0125],"evs":[0.0,-1.57674,-1.55191]},"Q5s":{"weight":0.0,"played":[0.9898,0.0022,0.008],"evs":[0.0,-0.50843,-0.43905]},"Q6s":{"weight":0.0,"played":[0.6956,0.1267,0.1777],"evs":[0.0,-0.31245,-0.30931]},"Q7s":{"weight":0.0,"played":[0.3555,0.3012,0.3432],"evs":[0.0,0.73131,0.79196]},"Q8s":{"weight":0.0,"played":[0.0205,0.5086,0.4708],"evs":[0.0,0.12501,0.10729]},"Q9s":{"weight":0.0314,"played":[0.9306,0.0054,0.064],"evs":[0.0,-0.96721,-0.93007]},"QTs":{"weight":4.0E-4,"played":[0.0463,0.5269,0.4268],"evs":[0.0,0.57644,0.55001]},"QJs":{"weight":0.0249,"played":[0.0,0.2516,0.7484],"evs":[0.0,1.51141,1.58141]},"QQ":{"weight":0.0,"played":[0.0,0.969,0.031],"evs":[0.0,9.1801,9.13383]},"KQo":{"weight":0.0,"played":[1.0E-4,0.2378,0.7621],"evs":[0.0,0.90413,0.90977]},"AQo":{"weight":0.0,"played":[0.0,0.0516,0.9484],"evs":[0.0,2.80485,2.82624]},"K2s":{"weight":0.0,"played":[0.6203,0.1926,0.1871],"evs":[0.0,-0.38299,-0.38412]},"K3s":{"weight":0.0,"played":[0.993,0.0043,0.0027],"evs":[0.0,-0.88576,-0.841]},"K4s":{"weight":0.0,"played":[0.9872,0.0058,0.0069],"evs":[0.0,-0.72118,-0.76335]},"K5s":{"weight":0.0,"played":[0.6159,0.2229,0.1612],"evs":[0.0,-0.59751,-0.59759]},"K6s":{"weight":0.0,"played":[0.1409,0.4988,0.3604],"evs":[0.0,0.25587,0.21462]},"K7s":{"weight":0.0,"played":[0.8413,0.0601,0.0986],"evs":[0.0,0.09335,0.13459]},"K8s":{"weight":0.0,"played":[0.5249,0.2202,0.2549],"evs":[0.0,0.3259,0.33698]},"K9s":{"weight":0.0118,"played":[0.2499,0.3376,0.4125],"evs":[0.0,0.27363,0.36812]},"KTs":{"weight":0.0091,"played":[0.0989,0.4202,0.4808],"evs":[0.0,0.4871,0.55171]},"KJs":{"weight":0.0164,"played":[4.0E-4,0.3796,0.62],"evs":[0.0,2.11796,2.12357]},"KQs":{"weight":0.0,"played":[1.0E-4,0.0695,0.9304],"evs":[0.0,2.47441,2.53279]},"KK":{"weight":0.0019,"played":[0.0,0.0,1.0],"evs":[0.0,11.47933,11.4983]},"AKo":{"weight":0.0,"played":[0.0,0.5844,0.4156],"evs":[0.0,4.94283,4.91423]},"A2s":{"weight":0.0124,"played":[0.7806,0.0609,0.1585],"evs":[0.0,-0.67311,-0.56982]},"A3s":{"weight":0.0,"played":[0.4533,0.2623,0.2844],"evs":[0.0,-0.02369,-0.03361]},"A4s":{"weight":3.0E-4,"played":[0.882,0.067,0.051],"evs":[0.0,-0.80896,-0.85176]},"A5s":{"weight":0.0,"played":[0.3577,0.1808,0.4615],"evs":[0.0,-0.20401,-0.15441]},"A6s":{"weight":0.0,"played":[0.6475,0.1437,0.2088],"evs":[0.0,-0.61356,-0.62471]},"A7s":{"weight":0.0,"played":[0.3577,0.3211,0.3212],"evs":[0.0,0.64377,0.65053]},"A8s":{"weight":0.0,"played":[0.876,0.0241,0.0999],"evs":[0.0,-0.49289,-0.50563]},"A9s":{"weight":0.0,"played":[5.0E-4,0.0536,0.9459],"evs":[0.0,0.7255,0.74073]},"ATs":{"weight":0.0,"played":[5.0E-4,0.6895,0.31],"evs":[0.0,2.17739,2.12322]},"AJs":{"weight":0.0,"played":[0.0,0.4157,0.5843],"evs":[0.0,2.97157,3.048]},"AQs":{"weight":2.0E-4,"played":[1.0E-4,0.6418,0.3581],"evs":[0.0,4.01893,4.00515]},"AKs":{"weight":7.0E-4,"played":[0.0,0.8731,0.1269],"evs":[0.0,4.51,4.49114]},"AA":{"weight":0.367,"played":[0.0,3.0E-4,0.9997],"evs":[0.0,15.27406,15.35969]}}}