{"player":3,"street":0,"children":2,"sequence":[{"player":0,"type":"F","amount":0,"street":0},{"player":1,"type":"R","amount":200000,"street":0},{"player":2,"type":"F","amount":0,"street":0},{"player":3,"type":"R","amount":500000,"street":0},{"player":4,"type":"F","amount":0,"street":0},{"player":5,"type":"R","amount":985000,"street":0},{"player":1,"type":"R","amount":1265000,"street":0}],"actions":[{"type":"F","amount":0},{"type":"C","amount":765000}],"hands":{"22":{"weight":0.0,"played":[1.0E-4,0.9999],"evs":[0.0,1.28806]},"32o":{"weight":0.0,"played":[0.9291,0.0709],"evs":[0.0,-0.68216]},"42o":{"weight":0.0,"played":[0.8909,0.1091],"evs":[0.0,-0.79236]},"52o":{"weight":0.0,"played":[0.9406,0.0594],"evs":[0.0,-0.33334]},"62o":{"weight":0.0,"played":[0.9645,0.0355],"evs":[0.0,-0.7126]},"72o":{"weight":0.0,"played":[0.9791,0.0209],"evs":[0.0,-1.328]},"82o":{"weight":0.0,"played":[0.9837,0.0163],"evs":[0.0,-0.43694]},"92o":{"weight":0.0,"played":[0.9893,0.0107],"evs":[0.0,-0.97864]},"T2o":{"weight":0.0,"played":[0.9999,1.0E-4],"evs":[0.0,-1.03206]},"J2o":{"weight":0.0,"played":[0.949,0.051],"evs":[0.0,-1.09553]},"Q2o":{"weight":0.0,"played":[0.9429,0.0571],"evs":[0.0,-0.52085]},"K2o":{"weight":0.0,"played":[0.9122,0.0878],"evs":[0.0,-0.4923]},"A2o":{"weight":0.0,"played":[0.0052,0.9948],"evs":[0.0,0.43601]},"32s":{"weight":0.0,"played":[8.0E-4,0.9992],"evs":[0.0,1.21417]},"33":{"weight":1.0E-4,"played":[0.0,1.0],"evs":[0.0,0.72257]},"43o":{"weight":0.0,"played":[0.3112,0.6888],"evs":[0.0,0.12812]},"53o":{"weight":0.0,"played":[0.0039,0.9961],"evs":[0.0,0.62457]},"63o":{"weight":0.0,"played":[0.0018,0.9982],"evs":[0.0,0.31419]},"73o":{"weight":0.0,"played":[0.9884,0.0116],"evs":[0.0,-0.62808]},"83o":{"weight":0.0,"played":[0.9534,0.0466],"evs":[0.0,-1.03771]},"93o":{"weight":0.0,"played":[0.9771,0.0229],"evs":[0.0,-0.86152]},"T3o":{"weight":0.0,"played":[0.9816,0.0184],"evs":[0.0,-1.41412]},"J3o":{"weight":0.0,"played":[0.941,0.059],"evs":[0.0,-1.41632]},"Q3o":{"weight":0.0,"played":[0.9513,0.0487],"evs":[0.0,-0.87016]},"K3o":{"weight":0.0,"played":[0.6786,0.3214],"evs":[0.0,-0.27594]},"A3o":{"weight":0.0,"played":[0.0162,0.9838],"evs":[0.0,0.97322]},"42s":{"weight":0.0,"played":[2.0E-4,0.9998],"evs":[0.0,1.98888]},"43s":{"weight":0.0,"played":[1.0E-4,0.9999],"evs":[0.0,1.80779]},"44":{"weight":3.0E-4,"played":[0.0,1.0],"evs":[0.0,2.39116]},"54o":{"weight":0.0,"played":[0.0828,0.9172],"evs":[0.0,1.6175]},"64o":{"weight":0.0,"played":[0.0902,0.9098],"evs":[0.0,1.04902]},"74o":{"weight":0.0,"played":[0.2149,0.7851],"evs":[0.0,0.24084]},"84o":{"weight":0.0,"played":[2.0E-4,0.9998],"evs":[0.0,0.21152]},"94o":{"weight":0.0,"played":[0.9458,0.0542],"evs":[0.0,-0.51316]},"T4o":{"weight":0.0,"played":[0.8403,0.1597],"evs":[0.0,-1.17853]},"J4o":{"weight":0.0,"played":[0.9729,0.0271],"evs":[0.0,-0.72637]},"Q4o":{"weight":0.0,"played":[0.909,0.091],"evs":[0.0,-0.18624]},"K4o":{"weight":0.0,"played":[0.3213,0.6787],"evs":[0.0,0.45021]},"A4o":{"weight":2.0E-4,"played":[0.0,1.0],"evs":[0.0,0.98289]},"52s":{"weight":0.0,"played":[0.7108,0.2892],"evs":[0.0,0.02836]},"53s":{"weight":0.0,"played":[0.1301,0.8699],"evs":[0.0,1.59425]},"54s":{"weight":0.0,"played":[0.0,1.0],"evs":[0.0,3.71309]},"55":{"weight":0.0,"played":[0.0,1.0],"evs":[0.0,2.33084]},"65o":{"weight":0.0,"played":[6.0E-4,0.9994],"evs":[0.0,1.42464]},"75o":{"weight":0.0,"played":[1.0E-4,0.9999],"evs":[0.0,1.0511]},"85o":{"weight":0.0,"played":[0.0439,0.9561],"evs":[0.0,0.57813]},"95o":{"weight":0.0,"played":[0.5926,0.4074],"evs":[0.0,-0.09993]},"T5o":{"weight":0.0,"played":[0.7257,0.2743],"evs":[0.0,-0.76982]},"J5o":{"weight":0.0,"played":[0.862,0.138],"evs":[0.0,-0.83614]},"Q5o":{"weight":0.0,"played":[0.6288,0.3712],"evs":[0.0,-0.22207]},"K5o":{"weight":0.0,"played":[0.5823,0.4177],"evs":[0.0,-0.06845]},"A5o":{"weight":0.0,"played":[0.025,0.975],"evs":[0.0,0.74475]},"62s":{"weight":0.0,"played":[6.0E-4,0.9994],"evs":[0.0,1.64166]},"63s":{"weight":0.0,"played":[0.1482,0.8518],"evs":[0.0,1.2493]},"64s":{"weight":0.0,"played":[1.0E-4,0.9999],"evs":[0.0,2.60418]},"65s":{"weight":0.0,"played":[0.0,1.0],"evs":[0.0,2.67085]},"66":{"weight":0.005,"played":[0.0,1.0],"evs":[0.0,3.37463]},"76o":{"weight":0.0,"played":[0.0,1.0],"evs":[0.0,0.86881]},"86o":{"weight":0.0,"played":[0.0329,0.9671],"evs":[0.0,0.8232]},"96o":{"weight":0.0,"played":[0.9104,0.0896],"evs":[0.0,0.0258]},"T6o":{"weight":0.0,"played":[0.6286,0.3714],"evs":[0.0,-0.19081]},"J6o":{"weight":0.0,"played":[0.8024,0.1976],"evs":[0.0,-0.24607]},"Q6o":{"weight":0.0,"played":[0.9273,0.0727],"evs":[0.0,-0.46258]},"K6o":{"weight":0.0,"played":[0.1272,0.8728],"evs":[0.0,0.41849]},"A6o":{"weight":0.0,"played":[0.0,1.0],"evs":[0.0,0.89531]},"72s":{"weight":0.0,"played":[0.6209,0.3791],"evs":[0.0,0.10526]},"73s":{"weight":0.0,"played":[2.0E-4,0.9998],"evs":[0.0,1.49899]},"74s":{"weight":0.0,"played":[0.0183,0.9817],"evs":[0.0,1.17769]},"75s":{"weight":0.0,"played":[0.018,0.982],"evs":[0.0,1.65409]},"76s":{"weight":0.0,"played":[2.0E-4,0.9998],"evs":[0.0,3.13301]},"77":{"weight":2.0E-4,"played":[0.0,1.0],"evs":[0.0,3.416]},"87o":{"weight":0.0,"played":[4.0E-4,0.9996],"evs":[0.0,0.40774]},"97o":{"weight":0.0,"played":[0.0,1.0],"evs":[0.0,0.73011]},"T7o":{"weight":0.0,"played":[0.0474,0.9526],"evs":[0.0,0.20192]},"J7o":{"weight":0.0,"played":[0.4948,0.5052],"evs":[0.0,-0.3339]},"Q7o":{"weight":0.0,"played":[0.939,0.061],"evs":[0.0,-0.05472]},"K7o":{"weight":0.0,"played":[0.9339,0.0661],"evs":[0.0,-0.17239]},"A7o":{"weight":0.0126,"played":[0.0,1.0],"evs":[0.0,1.38363]},"82s":{"weight":0.0,"played":[0.6424,0.3576],"evs":[0.0,-0.18605]},"83s":{"weight":0.0,"played":[0.0187,0.9813],"evs":[0.0,0.91282]},"84s":{"weight":0.0,"played":[0.2711,0.7289],"evs":[0.0,1.07148]},"85s":{"weight":0.0,"played":[0.0,1.0],"evs":[0.0,1.8336]},"86s":{"weight":0.0,"played":[0.0,1.0],"evs":[0.0,2.53438]},"87s":{"weight":1.0E-4,"played":[0.0069,0.9931],"evs":[0.0,3.12343]},"88":{"weight":5.0E-4,"played":[1.0E-4,0.9999],"evs":[0.0,2.88603]},"98o":{"weight":0.0,"played":[6.0E-4,0.9994],"evs":[0.0,0.92608]},"T8o":{"weight":0.0,"played":[1.0E-4,0.9999],"evs":[0.0,0.53352]},"J8o":{"weight":0.0,"played":[0.5846,0.4154],"evs":[0.0,-0.26153]},"Q8o":{"weight":0.0,"played":[0.1461,0.8539],"evs":[0.0,0.25038]},"K8o":{"weight":0.0,"played":[0.4077,0.5923],"evs":[0.0,-0.06955]},"A8o":{"weight":0.0273,"played":[0.0141,0.9859],"evs":[0.0,1.0018]},"92s":{"weight":0.0,"played":[0.3224,0.6776],"evs":[0.0,-0.26232]},"93s":{"weight":0.0,"played":[0.7573,0.2427],"evs":[0.0,0.32466]},"94s":{"weight":0.0,"played":[0.3602,0.6398],"evs":[0.0,0.01322]},"95s":{"weight":0.0,"played":[0.3491,0.6509],"evs":[0.0,0.24949]},"96s":{"weight":0.0,"played":[7.0E-4,0.9993],"evs":[0.0,1.78445]},"97s":{"weight":1.0E-4,"played":[0.0832,0.9168],"evs":[0.0,1.05556]},"98s":{"weight":2.0E-4,"played":[1.0E-4,0.9999],"evs":[0.0,2.85076]},"99":{"weight":0.0016,"played":[0.0,1.0],"evs":[0.0,3.01524]},"T9o":{"weight":0.0,"played":[0.0,1.0],"evs":[0.0,1.19448]},"J9o":{"weight":0.0,"played":[9.0E-4,0.9991],"evs":[0.0,0.27159]},"Q9o":{"weight":0.0,"played":[0.0443,0.9557],"evs":[0.0,0.55784]},"K9o":{"weight":0.0,"played":[0.088,0.912],"evs":[0.0,1.0654]},"A9o":{"weight":0.1466,"played":[0.0,1.0],"evs":[0.0,0.98241]},"T2s":{"weight":0.0,"played":[0.1979,0.8021],"evs":[0.0,0.43389]},"T3s":{"weight":0.0,"played":[0.2955,0.7045],"evs":[0.0,0.64977]},"T4s":{"weight":0.0,"played":[0.003,0.997],"evs":[0.0,0.25113]},"T5s":{"weight":0.0,"played":[1.0E-4,0.9999],"evs":[0.0,0.8537]},"T6s":{"weight":0.0,"played":[3.0E-4,0.9997],"evs":[0.0,2.05075]},"T7s":{"weight":0.0,"played":[0.0013,0.9987],"evs":[0.0,1.96569]},"T8s":{"weight":9.0E-4,"played":[1.0E-4,0.9999],"evs":[0.0,1.63256]},"T9s":{"weight":7.0E-4,"played":[0.0045,0.9955],"evs":[0.0,2.06073]},"TT":{"weight":0.058,"played":[0.0,1.0],"evs":[0.0,4.29157]},"JTo":{"weight":0.0,"played":[0.0,1.0],"evs":[0.0,0.86437]},"QTo":{"weight":0.0,"played":[0.0,1.0],"evs":[0.0,0.77877]},"KTo":{"weight":1.0E-4,"played":[0.0,1.0],"evs":[0.0,1.29221]},"ATo":{"weight":0.0017,"played":[0.0,1.0],"evs":[0.0,1.64355]},"J2s":{"weight":0.0,"played":[0.0035,0.9965],"evs":[0.0,0.57199]},"J3s":{"weight":0.0,"played":[0.2791,0.7209],"evs":[0.0,0.37831]},"J4s":{"weight":0.0,"played":[0.0077,0.9923],"evs":[0.0,0.503]},"J5s":{"weight":0.0,"played":[0.0,1.0],"evs":[0.0,0.70734]},"J6s":{"weight":0.0,"played":[0.2493,0.7507],"evs":[0.0,0.66472]},"J7s":{"weight":0.0,"played":[0.0027,0.9973],"evs":[0.0,0.70056]},"J8s":{"weight":1.0E-4,"played":[7.0E-4,0.9993],"evs":[0.0,1.37013]},"J9s":{"weight":0.0,"played":[0.0088,0.9912],"evs":[0.0,2.05683]},"JTs":{"weight":2.0E-4,"played":[2.0E-4,0.9998],"evs":[0.0,1.36678]},"JJ":{"weight":0.1987,"played":[0.0,1.0],"evs":[0.0,3.14538]},"QJo":{"weight":0.0,"played":[0.1253,0.8747],"evs":[0.0,0.48144]},"KJo":{"weight":0.0188,"played":[0.0,1.0],"evs":[0.0,1.16603]},"AJo":{"weight":3.0E-4,"played":[0.0,1.0],"evs":[0.0,2.74357]},"Q2s":{"weight":0.0,"played":[0.052,0.948],"evs":[0.0,1.69739]},"Q3s":{"weight":0.0,"played":[0.2707,0.7293],"evs":[0.0,0.74848]},"Q4s":{"weight":0.0,"played":[0.0223,0.9777],"evs":[0.0,1.24434]},"Q5s":{"weight":0.0,"played":[0.1632,0.8368],"evs":[0.0,1.33733]},"Q6s":{"weight":0.0,"played":[2.0E-4,0.9998],"evs":[0.0,2.78403]},"Q7s":{"weight":1.0E-4,"played":[0.0484,0.9516],"evs":[0.0,0.79488]},"Q8s":{"weight":0.0,"played":[0.6055,0.3945],"evs":[0.0,-0.37832]},"Q9s":{"weight":0.0,"played":[1.0E-4,0.9999],"evs":[0.0,0.5944]},"QTs":{"weight":1.0E-4,"played":[0.0,1.0],"evs":[0.0,1.55263]},"QJs":{"weight":9.0E-4,"played":[0.0,1.0],"evs":[0.0,2.08036]},"QQ":{"weight":0.0018,"played":[0.0,1.0],"evs":[0.0,4.88511]},"KQo":{"weight":0.0013,"played":[0.2149,0.7851],"evs":[0.0,1.06124]},"AQo":{"weight":3.0E-4,"played":[0.0,1.0],"evs":[0.0,2.83425]},"K2s":{"weight":0.0,"played":[0.2175,0.7825],"evs":[0.0,0.65118]},"K3s":{"weight":0.0,"played":[0.1963,0.8037],"evs":[0.0,0.58601]},"K4s":{"weight":0.0,"played":[0.0202,0.9798],"evs":[0.0,1.03783]},"K5s":{"weight":0.0011,"played":[0.0,1.0],"evs":[0.0,1.95764]},"K6s":{"weight":1.0E-4,"played":[2.0E-4,0.9998],"evs":[0.0,1.83413]},"K7s":{"weight":0.0,"played":[0.0742,0.9258],"evs":[0.0,1.0865]},"K8s":{"weight":0.0,"played":[2.0E-4,0.9998],"evs":[0.0,2.39474]},"K9s":{"weight":0.0024,"played":[0.0,1.0],"evs":[0.0,3.17605]},"KTs":{"weight":0.0015,"played":[0.0,1.0],"evs":[0.0,2.40825]},"KJs":{"weight":0.1254,"played":[0.0,1.0],"evs":[0.0,1.74423]},"KQs":{"weight":3.0E-4,"played":[0.0149,0.9851],"evs":[0.0,3.33744]},"KK":{"weight":0.0488,"played":[0.0,1.0],"evs":[0.0,6.15166]},"AKo":{"weight":0.0021,"played":[0.0,1.0],"evs":[0.0,3.99152]},"A2s":{"weight":2.0E-4,"played":[0.0,1.0],"evs":[0.0,1.85479]},"A3s":{"weight":0.0022,"played":[5.0E-4,0.9995],"evs":[0.0,2.32562]},"A4s":{"weight":9.0E-4,"played":[2.0E-4,0.9998],"evs":[0.0,3.74785]},"A5s":{"weight":1.0E-4,"played":[2.0E-4,0.9998],"evs":[0.0,1.27358]},"A6s":{"weight":0.2146,"played":[2.0E-4,0.9998],"evs":[0.0,2.35361]},"A7s":{"weight":0.0068,"played":[0.0289,0.9711],"evs":[0.0,1.39311]},"A8s":{"weight":0.0015,"played":[0.0,1.0],"evs":[0.0,2.85299]},"A9s":{"weight":0.0058,"played":[2.0E-4,0.9998],"evs":[0.0,0.54614]},"ATs":{"weight":0.0042,"played":[0.0,1.0],"evs":[0.0,3.67031]},"AJs":{"weight":0.0019,"played":[0.0,1.0],"evs":[0.0,3.66031]},"AQs":{"weight":0.0922,"played":[0.0,1.0],"evs":[0.0,5.44597]},"AKs":{"weight":0.0082,"played":[0.0,1.0],"evs":[0.0,6.01682]},"AA":{"weight":0.0015,"played":[0.0,1.0],"evs":[0.0,19.85326]}}}