{"player":3,"street":0,"children":2,"sequence":[{"player":0,"type":"F","amount":0,"street":0},{"player":1,"type":"R","amount":200000,"street":0},{"player":2,"type":"F","amount":0,"street":0},{"player":3,"type":"R","amount":500000,"street":0},{"player":4,"type":"R","amount":2985000,"street":0},{"player":5,"type":"C","amount":885000,"street":0},{"player":1,"type":"F","amount":0,"street":0}],"actions":[{"type":"F","amount":0},{"type":"C","amount":2485000}],"hands":{"22":{"weight":0.0,"played":[0.325,0.675],"evs":[0.0,2.22366]},"32o":{"weight":0.0,"played":[0.9999,1.0E-4],"evs":[0.0,-7.44246]},"42o":{"weight":0.0,"played":[0.9999,1.0E-4],"evs":[0.0,-7.54655]},"52o":{"weight":0.0,"played":[0.9987,0.0013],"evs":[0.0,-7.16713]},"62o":{"weight":0.0,"played":[0.9979,0.0021],"evs":[0.0,-6.50382]},"72o":{"weight":0.0,"played":[0.9982,0.0018],"evs":[0.0,-8.06227]},"82o":{"weight":0.0,"played":[0.9935,0.0065],"evs":[0.0,-4.07554]},"92o":{"weight":0.0,"played":[0.996,0.004],"evs":[0.0,-9.60233]},"T2o":{"weight":0.0,"played":[0.991,0.009],"evs":[0.0,-7.72661]},"J2o":{"weight":0.0,"played":[0.998,0.002],"evs":[0.0,-6.06277]},"Q2o":{"weight":0.0,"played":[0.9755,0.0245],"evs":[0.0,-6.11449]},"K2o":{"weight":0.0,"played":[0.964,0.036],"evs":[0.0,-3.6169]},"A2o":{"weight":0.0,"played":[0.9218,0.0782],"evs":[0.0,-1.60065]},"32s":{"weight":0.0,"played":[0.9847,0.0153],"evs":[0.0,-7.50215]},"33":{"weight":1.0E-4,"played":[0.9405,0.0595],"evs":[0.0,-4.37377]},"43o":{"weight":0.0,"played":[1.0,0.0],"evs":[0.0,-5.83297]},"53o":{"weight":0.0,"played":[0.9945,0.0055],"evs":[0.0,-6.53239]},"63o":{"weight":0.0,"played":[0.9974,0.0026],"evs":[0.0,-6.23421]},"73o":{"weight":0.0,"played":[0.9925,0.0075],"evs":[0.0,-7.42861]},"83o":{"weight":0.0,"played":[0.9993,7.0E-4],"evs":[0.0,-6.59165]},"93o":{"weight":0.0,"played":[0.992,0.008],"evs":[0.0,-8.5073]},"T3o":{"weight":0.0,"played":[0.9801,0.0199],"evs":[0.0,-5.62158]},"J3o":{"weight":0.0,"played":[0.996,0.004],"evs":[0.0,-6.78329]},"Q3o":{"weight":0.0,"played":[0.9507,0.0493],"evs":[0.0,-5.96141]},"K3o":{"weight":0.0,"played":[0.9805,0.0195],"evs":[0.0,-6.24908]},"A3o":{"weight":0.0,"played":[0.9694,0.0306],"evs":[0.0,-4.20047]},"42s":{"weight":0.0,"played":[0.9934,0.0066],"evs":[0.0,-4.76724]},"43s":{"weight":0.0,"played":[0.9941,0.0059],"evs":[0.0,-5.62405]},"44":{"weight":3.0E-4,"played":[0.7337,0.2663],"evs":[0.0,-0.37931]},"54o":{"weight":0.0,"played":[0.9997,3.0E-4],"evs":[0.0,-6.05072]},"64o":{"weight":0.0,"played":[0.9841,0.0159],"evs":[0.0,-4.55202]},"74o":{"weight":0.0,"played":[0.9993,7.0E-4],"evs":[0.0,-5.09802]},"84o":{"weight":0.0,"played":[0.9991,9.0E-4],"evs":[0.0,-5.67369]},"94o":{"weight":0.0,"played":[0.9996,4.0E-4],"evs":[0.0,-5.60515]},"T4o":{"weight":0.0,"played":[0.9956,0.0044],"evs":[0.0,-6.40301]},"J4o":{"weight":0.0,"played":[0.9926,0.0074],"evs":[0.0,-6.88952]},"Q4o":{"weight":0.0,"played":[0.9547,0.0453],"evs":[0.0,-6.71183]},"K4o":{"weight":0.0,"played":[0.9967,0.0033],"evs":[0.0,-6.93381]},"A4o":{"weight":2.0E-4,"played":[0.9217,0.0783],"evs":[0.0,-3.05291]},"52s":{"weight":0.0,"played":[0.9998,2.0E-4],"evs":[0.0,-3.60442]},"53s":{"weight":0.0,"played":[0.918,0.082],"evs":[0.0,-5.93026]},"54s":{"weight":0.0,"played":[0.9416,0.0584],"evs":[0.0,-0.37312]},"55":{"weight":0.0,"played":[0.326,0.674],"evs":[0.0,0.93542]},"65o":{"weight":0.0,"played":[0.9983,0.0017],"evs":[0.0,-5.48708]},"75o":{"weight":0.0,"played":[0.9969,0.0031],"evs":[0.0,-4.83221]},"85o":{"weight":0.0,"played":[0.9975,0.0025],"evs":[0.0,-4.58312]},"95o":{"weight":0.0,"played":[0.9924,0.0076],"evs":[0.0,-5.93437]},"T5o":{"weight":0.0,"played":[0.9967,0.0033],"evs":[0.0,-5.7374]},"J5o":{"weight":0.0,"played":[0.9663,0.0337],"evs":[0.0,-7.50011]},"Q5o":{"weight":0.0,"played":[0.9661,0.0339],"evs":[0.0,-7.75537]},"K5o":{"weight":0.0,"played":[0.998,0.002],"evs":[0.0,-5.8333]},"A5o":{"weight":0.0,"played":[0.7425,0.2575],"evs":[0.0,-1.51024]},"62s":{"weight":0.0,"played":[0.9947,0.0053],"evs":[0.0,-6.56296]},"63s":{"weight":0.0,"played":[0.9636,0.0364],"evs":[0.0,-5.52025]},"64s":{"weight":0.0,"played":[0.82,0.18],"evs":[0.0,1.06045]},"65s":{"weight":0.0,"played":[0.9513,0.0487],"evs":[0.0,-4.44457]},"66":{"weight":0.005,"played":[0.0147,0.9853],"evs":[0.0,0.85012]},"76o":{"weight":0.0,"played":[0.9951,0.0049],"evs":[0.0,-7.87311]},"86o":{"weight":0.0,"played":[0.9983,0.0017],"evs":[0.0,-3.8476]},"96o":{"weight":0.0,"played":[0.9999,1.0E-4],"evs":[0.0,-5.35613]},"T6o":{"weight":0.0,"played":[0.9378,0.0622],"evs":[0.0,-3.93432]},"J6o":{"weight":0.0,"played":[0.9987,0.0013],"evs":[0.0,-6.51927]},"Q6o":{"weight":0.0,"played":[0.9989,0.0011],"evs":[0.0,-5.17847]},"K6o":{"weight":0.0,"played":[0.904,0.096],"evs":[0.0,-1.00718]},"A6o":{"weight":0.0,"played":[0.9872,0.0128],"evs":[0.0,-5.21603]},"72s":{"weight":0.0,"played":[0.9881,0.0119],"evs":[0.0,-6.77165]},"73s":{"weight":0.0,"played":[0.8314,0.1686],"evs":[0.0,-2.41802]},"74s":{"weight":0.0,"played":[0.9892,0.0108],"evs":[0.0,-1.85915]},"75s":{"weight":0.0,"played":[0.5817,0.4183],"evs":[0.0,-1.93177]},"76s":{"weight":0.0,"played":[0.566,0.434],"evs":[0.0,2.2592]},"77":{"weight":2.0E-4,"played":[0.001,0.999],"evs":[0.0,0.69405]},"87o":{"weight":0.0,"played":[0.9841,0.0159],"evs":[0.0,-2.29641]},"97o":{"weight":0.0,"played":[0.9998,2.0E-4],"evs":[0.0,-4.27515]},"T7o":{"weight":0.0,"played":[0.9961,0.0039],"evs":[0.0,-2.91986]},"J7o":{"weight":0.0,"played":[0.9827,0.0173],"evs":[0.0,-5.66572]},"Q7o":{"weight":0.0,"played":[0.9476,0.0524],"evs":[0.0,-5.327]},"K7o":{"weight":0.0,"played":[0.9978,0.0022],"evs":[0.0,-4.24027]},"A7o":{"weight":0.0126,"played":[0.8638,0.1362],"evs":[0.0,-4.49653]},"82s":{"weight":0.0,"played":[0.8624,0.1376],"evs":[0.0,-2.33618]},"83s":{"weight":0.0,"played":[0.9998,2.0E-4],"evs":[0.0,-7.50191]},"84s":{"weight":0.0,"played":[0.8225,0.1775],"evs":[0.0,-1.99156]},"85s":{"weight":0.0,"played":[0.6351,0.3649],"evs":[0.0,-1.05962]},"86s":{"weight":0.0,"played":[0.9876,0.0124],"evs":[0.0,-3.60733]},"87s":{"weight":1.0E-4,"played":[0.8125,0.1875],"evs":[0.0,-0.87241]},"88":{"weight":5.0E-4,"played":[0.1014,0.8986],"evs":[0.0,5.99474]},"98o":{"weight":0.0,"played":[0.7312,0.2688],"evs":[0.0,-0.73271]},"T8o":{"weight":0.0,"played":[0.9951,0.0049],"evs":[0.0,-2.99075]},"J8o":{"weight":0.0,"played":[0.9036,0.0964],"evs":[0.0,-3.25485]},"Q8o":{"weight":0.0,"played":[0.9624,0.0376],"evs":[0.0,-3.66988]},"K8o":{"weight":0.0,"played":[0.9552,0.0448],"evs":[0.0,-3.39087]},"A8o":{"weight":0.0273,"played":[0.9915,0.0085],"evs":[0.0,-2.3013]},"92s":{"weight":0.0,"played":[0.9984,0.0016],"evs":[0.0,-7.49582]},"93s":{"weight":0.0,"played":[0.9979,0.0021],"evs":[0.0,-6.87544]},"94s":{"weight":0.0,"played":[0.9223,0.0777],"evs":[0.0,-3.32167]},"95s":{"weight":0.0,"played":[0.9995,5.0E-4],"evs":[0.0,-6.42526]},"96s":{"weight":0.0,"played":[0.9601,0.0399],"evs":[0.0,0.87796]},"97s":{"weight":1.0E-4,"played":[0.9947,0.0053],"evs":[0.0,-2.12428]},"98s":{"weight":2.0E-4,"played":[0.1822,0.8178],"evs":[0.0,0.65661]},"99":{"weight":0.0016,"played":[0.0014,0.9986],"evs":[0.0,8.59601]},"T9o":{"weight":0.0,"played":[0.8854,0.1146],"evs":[0.0,-1.38637]},"J9o":{"weight":0.0,"played":[0.7797,0.2203],"evs":[0.0,-1.45744]},"Q9o":{"weight":0.0,"played":[0.7158,0.2842],"evs":[0.0,-0.78177]},"K9o":{"weight":0.0,"played":[0.6859,0.3141],"evs":[0.0,-1.4146]},"A9o":{"weight":0.1466,"played":[0.7181,0.2819],"evs":[0.0,-3.66873]},"T2s":{"weight":0.0,"played":[0.6105,0.3895],"evs":[0.0,-4.3166]},"T3s":{"weight":0.0,"played":[0.9924,0.0076],"evs":[0.0,-5.54664]},"T4s":{"weight":0.0,"played":[0.9644,0.0356],"evs":[0.0,-6.0223]},"T5s":{"weight":0.0,"played":[0.9888,0.0112],"evs":[0.0,-5.27222]},"T6s":{"weight":0.0,"played":[0.9963,0.0037],"evs":[0.0,-1.07548]},"T7s":{"weight":0.0,"played":[0.9639,0.0361],"evs":[0.0,-3.80432]},"T8s":{"weight":9.0E-4,"played":[0.1523,0.8477],"evs":[0.0,3.87309]},"T9s":{"weight":7.0E-4,"played":[0.0828,0.9172],"evs":[0.0,2.9293]},"TT":{"weight":0.058,"played":[6.0E-4,0.9994],"evs":[0.0,9.97517]},"JTo":{"weight":0.0,"played":[0.9107,0.0893],"evs":[0.0,-1.24762]},"QTo":{"weight":0.0,"played":[0.6895,0.3105],"evs":[0.0,-1.24968]},"KTo":{"weight":1.0E-4,"played":[0.0778,0.9222],"evs":[0.0,0.98959]},"ATo":{"weight":0.0017,"played":[3.0E-4,0.9997],"evs":[0.0,1.25082]},"J2s":{"weight":0.0,"played":[0.9928,0.0072],"evs":[0.0,-6.99447]},"J3s":{"weight":0.0,"played":[0.8627,0.1373],"evs":[0.0,-4.11828]},"J4s":{"weight":0.0,"played":[0.9814,0.0186],"evs":[0.0,-3.71596]},"J5s":{"weight":0.0,"played":[0.9598,0.0402],"evs":[0.0,-6.31874]},"J6s":{"weight":0.0,"played":[0.9796,0.0204],"evs":[0.0,-3.24784]},"J7s":{"weight":0.0,"played":[0.4402,0.5598],"evs":[0.0,-1.76578]},"J8s":{"weight":1.0E-4,"played":[0.0955,0.9045],"evs":[0.0,1.34469]},"J9s":{"weight":0.0,"played":[0.7729,0.2271],"evs":[0.0,-1.1828]},"JTs":{"weight":2.0E-4,"played":[0.1216,0.8784],"evs":[0.0,2.11802]},"JJ":{"weight":0.1987,"played":[1.0E-4,0.9999],"evs":[0.0,11.16097]},"QJo":{"weight":0.0,"played":[0.1207,0.8793],"evs":[0.0,0.35048]},"KJo":{"weight":0.0188,"played":[0.2893,0.7107],"evs":[0.0,-0.83656]},"AJo":{"weight":3.0E-4,"played":[0.0,1.0],"evs":[0.0,1.81417]},"Q2s":{"weight":0.0,"played":[0.9996,4.0E-4],"evs":[0.0,-4.08415]},"Q3s":{"weight":0.0,"played":[0.5448,0.4552],"evs":[0.0,-0.10631]},"Q4s":{"weight":0.0,"played":[0.82,0.18],"evs":[0.0,-5.63653]},"Q5s":{"weight":0.0,"played":[0.9895,0.0105],"evs":[0.0,-2.61659]},"Q6s":{"weight":0.0,"played":[0.8835,0.1165],"evs":[0.0,-5.87424]},"Q7s":{"weight":1.0E-4,"played":[0.3329,0.6671],"evs":[0.0,0.86452]},"Q8s":{"weight":0.0,"played":[0.9502,0.0498],"evs":[0.0,-6.04441]},"Q9s":{"weight":0.0,"played":[0.413,0.587],"evs":[0.0,-1.00426]},"QTs":{"weight":1.0E-4,"played":[0.0768,0.9232],"evs":[0.0,3.06514]},"QJs":{"weight":9.0E-4,"played":[0.676,0.324],"evs":[0.0,1.21685]},"QQ":{"weight":0.0018,"played":[2.0E-4,0.9998],"evs":[0.0,16.97754]},"KQo":{"weight":0.0013,"played":[1.0E-4,0.9999],"evs":[0.0,2.71461]},"AQo":{"weight":3.0E-4,"played":[1.0E-4,0.9999],"evs":[0.0,3.86017]},"K2s":{"weight":0.0,"played":[0.3535,0.6465],"evs":[0.0,2.17505]},"K3s":{"weight":0.0,"played":[0.9759,0.0241],"evs":[0.0,-1.76549]},"K4s":{"weight":0.0,"played":[0.7325,0.2675],"evs":[0.0,1.59]},"K5s":{"weight":0.0011,"played":[0.8346,0.1654],"evs":[0.0,-1.08569]},"K6s":{"weight":1.0E-4,"played":[0.8272,0.1728],"evs":[0.0,-1.08239]},"K7s":{"weight":0.0,"played":[0.2532,0.7468],"evs":[0.0,0.6684]},"K8s":{"weight":0.0,"played":[0.0788,0.9212],"evs":[0.0,0.31307]},"K9s":{"weight":0.0024,"played":[0.0497,0.9503],"evs":[0.0,3.84612]},"KTs":{"weight":0.0015,"played":[0.0447,0.9553],"evs":[0.0,1.09745]},"KJs":{"weight":0.1254,"played":[0.2746,0.7254],"evs":[0.0,0.53074]},"KQs":{"weight":3.0E-4,"played":[0.1448,0.8552],"evs":[0.0,4.245]},"KK":{"weight":0.0488,"played":[0.0,1.0],"evs":[0.0,23.9799]},"AKo":{"weight":0.0021,"played":[0.0,1.0],"evs":[0.0,5.87145]},"A2s":{"weight":2.0E-4,"played":[0.0388,0.9612],"evs":[0.0,1.82576]},"A3s":{"weight":0.0022,"played":[0.978,0.022],"evs":[0.0,-2.95283]},"A4s":{"weight":9.0E-4,"played":[0.3338,0.6662],"evs":[0.0,1.16692]},"A5s":{"weight":1.0E-4,"played":[0.1193,0.8807],"evs":[0.0,-1.49401]},"A6s":{"weight":0.2146,"played":[0.3959,0.6041],"evs":[0.0,0.47784]},"A7s":{"weight":0.0068,"played":[0.5622,0.4378],"evs":[0.0,-0.17322]},"A8s":{"weight":0.0015,"played":[0.9057,0.0943],"evs":[0.0,-1.45307]},"A9s":{"weight":0.0058,"played":[0.6896,0.3104],"evs":[0.0,-1.09461]},"ATs":{"weight":0.0042,"played":[0.5965,0.4035],"evs":[0.0,-2.7651]},"AJs":{"weight":0.0019,"played":[0.0271,0.9729],"evs":[0.0,0.90256]},"AQs":{"weight":0.0922,"played":[0.0022,0.9978],"evs":[0.0,7.6221]},"AKs":{"weight":0.0082,"played":[0.0322,0.9678],"evs":[0.0,7.03236]},"AA":{"weight":0.0015,"played":[5.0E-4,0.9995],"evs":[0.0,25.79569]}}}