{"player":3,"street":0,"children":2,"sequence":[{"player":0,"type":"F","amount":0,"street":0},{"player":1,"type":"F","amount":0,"street":0},{"player":2,"type":"F","amount":0,"street":0},{"player":3,"type":"R","amount":200000,"street":0},{"player":4,"type":"C","amount":150000,"street":0},{"player":5,"type":"R","amount":985000,"street":0},{"player":3,"type":"C","amount":785000,"street":0},{"player":4,"type":"R","amount":2985000,"street":0}],"actions":[{"type":"F","amount":0},{"type":"C","amount":2000000}],"hands":{"22":{"weight":0.0637,"played":[1.0E-4,0.9999],"evs":[0.0,5.84596]},"32o":{"weight":0.0,"played":[0.9999,1.0E-4],"evs":[0.0,-1.46861]},"42o":{"weight":0.0,"played":[0.9999,1.0E-4],"evs":[0.0,-1.27668]},"52o":{"weight":0.0,"played":[0.9922,0.0078],"evs":[0.0,-0.96083]},"62o":{"weight":0.0,"played":[1.0,0.0],"evs":[0.0,-1.70853]},"72o":{"weight":0.0,"played":[0.9999,1.0E-4],"evs":[0.0,-2.87404]},"82o":{"weight":0.0,"played":[1.0,0.0],"evs":[0.0,-2.79951]},"92o":{"weight":0.0,"played":[0.9983,0.0017],"evs":[0.0,-1.93167]},"T2o":{"weight":0.0,"played":[1.0,0.0],"evs":[0.0,-2.31133]},"J2o":{"weight":0.0,"played":[0.9997,3.0E-4],"evs":[0.0,-2.42521]},"Q2o":{"weight":0.0,"played":[1.0,0.0],"evs":[0.0,-1.88011]},"K2o":{"weight":0.0,"played":[0.9999,1.0E-4],"evs":[0.0,-1.10324]},"A2o":{"weight":0.0772,"played":[0.0,1.0],"evs":[0.0,3.83774]},"32s":{"weight":0.0,"played":[0.3679,0.6321],"evs":[0.0,0.11809]},"33":{"weight":0.6376,"played":[0.0,1.0],"evs":[0.0,7.07074]},"43o":{"weight":0.0,"played":[0.9998,2.0E-4],"evs":[0.0,-0.55401]},"53o":{"weight":0.0,"played":[0.0744,0.9256],"evs":[0.0,0.04766]},"63o":{"weight":0.0,"played":[1.0,0.0],"evs":[0.0,-0.77915]},"73o":{"weight":0.0,"played":[0.9999,1.0E-4],"evs":[0.0,-1.55008]},"83o":{"weight":0.0,"played":[0.9999,1.0E-4],"evs":[0.0,-2.24863]},"93o":{"weight":0.0,"played":[1.0,0.0],"evs":[0.0,-1.36201]},"T3o":{"weight":0.0,"played":[1.0,0.0],"evs":[0.0,-1.61641]},"J3o":{"weight":0.0,"played":[1.0,0.0],"evs":[0.0,-2.2379]},"Q3o":{"weight":0.0,"played":[1.0,0.0],"evs":[0.0,-1.13919]},"K3o":{"weight":0.0,"played":[0.9595,0.0405],"evs":[0.0,-0.82878]},"A3o":{"weight":0.0046,"played":[0.0,1.0],"evs":[0.0,3.99913]},"42s":{"weight":0.0,"played":[0.0091,0.9909],"evs":[0.0,1.31961]},"43s":{"weight":0.0,"played":[0.001,0.999],"evs":[0.0,1.50349]},"44":{"weight":0.0,"played":[0.0,1.0],"evs":[0.0,7.6418]},"54o":{"weight":0.0,"played":[0.0046,0.9954],"evs":[0.0,0.90163]},"64o":{"weight":0.0,"played":[0.3388,0.6612],"evs":[0.0,-0.21298]},"74o":{"weight":0.0,"played":[0.9798,0.0202],"evs":[0.0,-0.67439]},"84o":{"weight":0.0,"played":[0.9998,2.0E-4],"evs":[0.0,-1.55753]},"94o":{"weight":0.0,"played":[1.0,0.0],"evs":[0.0,-1.44464]},"T4o":{"weight":0.0,"played":[1.0,0.0],"evs":[0.0,-1.27567]},"J4o":{"weight":0.0,"played":[0.9994,6.0E-4],"evs":[0.0,-1.92286]},"Q4o":{"weight":0.0,"played":[0.9977,0.0023],"evs":[0.0,-0.38594]},"K4o":{"weight":0.0,"played":[0.9964,0.0036],"evs":[0.0,-0.3136]},"A4o":{"weight":0.0029,"played":[0.0,1.0],"evs":[0.0,4.36063]},"52s":{"weight":0.0,"played":[0.0033,0.9967],"evs":[0.0,0.81812]},"53s":{"weight":0.0,"played":[0.001,0.999],"evs":[0.0,2.25616]},"54s":{"weight":0.0,"played":[0.0014,0.9986],"evs":[0.0,2.05198]},"55":{"weight":2.0E-4,"played":[0.0,1.0],"evs":[0.0,8.30668]},"65o":{"weight":0.0,"played":[0.0488,0.9512],"evs":[0.0,1.0966]},"75o":{"weight":0.0,"played":[0.1426,0.8574],"evs":[0.0,0.12785]},"85o":{"weight":0.0,"played":[0.9982,0.0018],"evs":[0.0,-0.64574]},"95o":{"weight":0.0,"played":[0.9999,1.0E-4],"evs":[0.0,-0.57202]},"T5o":{"weight":0.0,"played":[1.0,0.0],"evs":[0.0,-1.49907]},"J5o":{"weight":0.0,"played":[0.9996,4.0E-4],"evs":[0.0,-1.57695]},"Q5o":{"weight":0.0,"played":[0.9888,0.0112],"evs":[0.0,-0.48256]},"K5o":{"weight":0.0,"played":[0.7063,0.2937],"evs":[0.0,-0.3511]},"A5o":{"weight":0.0,"played":[0.0,1.0],"evs":[0.0,4.67306]},"62s":{"weight":0.0,"played":[0.268,0.732],"evs":[0.0,0.42216]},"63s":{"weight":0.0,"played":[4.0E-4,0.9996],"evs":[0.0,1.29603]},"64s":{"weight":0.0,"played":[2.0E-4,0.9998],"evs":[0.0,2.51458]},"65s":{"weight":0.0122,"played":[0.0,1.0],"evs":[0.0,3.01167]},"66":{"weight":0.0013,"played":[0.0,1.0],"evs":[0.0,9.01196]},"76o":{"weight":0.0,"played":[0.0033,0.9967],"evs":[0.0,0.74037]},"86o":{"weight":0.0,"played":[0.5616,0.4384],"evs":[0.0,-0.10535]},"96o":{"weight":0.0,"played":[0.0197,0.9803],"evs":[0.0,0.04496]},"T6o":{"weight":0.0,"played":[0.9821,0.0179],"evs":[0.0,-0.60423]},"J6o":{"weight":0.0,"played":[0.9979,0.0021],"evs":[0.0,-1.35094]},"Q6o":{"weight":0.0,"played":[0.9894,0.0106],"evs":[0.0,-0.55554]},"K6o":{"weight":0.0,"played":[0.0252,0.9748],"evs":[0.0,0.28353]},"A6o":{"weight":0.006,"played":[0.0,1.0],"evs":[0.0,4.39253]},"72s":{"weight":0.0,"played":[0.6243,0.3757],"evs":[0.0,0.09173]},"73s":{"weight":0.0,"played":[0.0666,0.9334],"evs":[0.0,0.746]},"74s":{"weight":0.0,"played":[0.0347,0.9653],"evs":[0.0,1.33348]},"75s":{"weight":0.0,"played":[0.0,1.0],"evs":[0.0,2.42502]},"76s":{"weight":0.4347,"played":[0.0,1.0],"evs":[0.0,2.6137]},"77":{"weight":0.2584,"played":[0.0,1.0],"evs":[0.0,9.41917]},"87o":{"weight":0.0,"played":[5.0E-4,0.9995],"evs":[0.0,0.41079]},"97o":{"weight":0.0,"played":[0.0086,0.9914],"evs":[0.0,0.44535]},"T7o":{"weight":0.0,"played":[0.9963,0.0037],"evs":[0.0,-0.51958]},"J7o":{"weight":0.0,"played":[1.0,0.0],"evs":[0.0,-1.20643]},"Q7o":{"weight":0.0,"played":[1.0,0.0],"evs":[0.0,-0.96558]},"K7o":{"weight":0.0,"played":[0.5855,0.4145],"evs":[0.0,-0.19284]},"A7o":{"weight":0.3197,"played":[0.0,1.0],"evs":[0.0,5.01567]},"82s":{"weight":0.0,"played":[0.9062,0.0938],"evs":[0.0,0.00532]},"83s":{"weight":0.0,"played":[0.5678,0.4322],"evs":[0.0,0.20143]},"84s":{"weight":0.0,"played":[0.0569,0.9431],"evs":[0.0,0.2002]},"85s":{"weight":0.0,"played":[2.0E-4,0.9998],"evs":[0.0,1.00161]},"86s":{"weight":0.0051,"played":[5.0E-4,0.9995],"evs":[0.0,2.08404]},"87s":{"weight":0.4986,"played":[0.0,1.0],"evs":[0.0,2.38652]},"88":{"weight":0.3687,"played":[0.0,1.0],"evs":[0.0,10.80496]},"98o":{"weight":0.0,"played":[0.0073,0.9927],"evs":[0.0,0.49183]},"T8o":{"weight":0.0,"played":[0.9875,0.0125],"evs":[0.0,-0.00925]},"J8o":{"weight":0.0,"played":[0.9968,0.0032],"evs":[0.0,-1.02447]},"Q8o":{"weight":0.0,"played":[0.9999,1.0E-4],"evs":[0.0,-1.09185]},"K8o":{"weight":0.0,"played":[0.9999,1.0E-4],"evs":[0.0,-0.7706]},"A8o":{"weight":0.1589,"played":[0.0,1.0],"evs":[0.0,6.50796]},"92s":{"weight":0.0,"played":[0.5441,0.4559],"evs":[0.0,-0.38833]},"93s":{"weight":0.0,"played":[0.1643,0.8357],"evs":[0.0,0.73831]},"94s":{"weight":0.0,"played":[0.208,0.792],"evs":[0.0,0.64842]},"95s":{"weight":0.0,"played":[1.0E-4,0.9999],"evs":[0.0,0.91285]},"96s":{"weight":0.0,"played":[3.0E-4,0.9997],"evs":[0.0,2.19499]},"97s":{"weight":0.0049,"played":[0.0,1.0],"evs":[0.0,2.22765]},"98s":{"weight":0.5062,"played":[5.0E-4,0.9995],"evs":[0.0,2.52147]},"99":{"weight":0.0597,"played":[0.0,1.0],"evs":[0.0,12.28047]},"T9o":{"weight":0.0,"played":[0.0,1.0],"evs":[0.0,1.5723]},"J9o":{"weight":0.0,"played":[3.0E-4,0.9997],"evs":[0.0,0.61134]},"Q9o":{"weight":0.0,"played":[0.0071,0.9929],"evs":[0.0,0.88678]},"K9o":{"weight":0.0,"played":[0.0073,0.9927],"evs":[0.0,1.03542]},"A9o":{"weight":0.0,"played":[0.0,1.0],"evs":[0.0,8.8636]},"T2s":{"weight":0.0,"played":[0.7891,0.2109],"evs":[0.0,-0.09019]},"T3s":{"weight":0.0,"played":[0.0359,0.9641],"evs":[0.0,0.25289]},"T4s":{"weight":0.0,"played":[0.0057,0.9943],"evs":[0.0,0.25591]},"T5s":{"weight":0.0,"played":[0.0816,0.9184],"evs":[0.0,0.55295]},"T6s":{"weight":0.0,"played":[0.0023,0.9977],"evs":[0.0,1.44]},"T7s":{"weight":0.0271,"played":[1.0E-4,0.9999],"evs":[0.0,1.68228]},"T8s":{"weight":0.5902,"played":[0.0023,0.9977],"evs":[0.0,1.78482]},"T9s":{"weight":0.3356,"played":[1.0E-4,0.9999],"evs":[0.0,3.14459]},"TT":{"weight":0.296,"played":[0.0,1.0],"evs":[0.0,14.17556]},"JTo":{"weight":0.2704,"played":[2.0E-4,0.9998],"evs":[0.0,1.16019]},"QTo":{"weight":0.0841,"played":[0.0,1.0],"evs":[0.0,1.79741]},"KTo":{"weight":0.1271,"played":[0.0,1.0],"evs":[0.0,2.52264]},"ATo":{"weight":0.02,"played":[0.0,1.0],"evs":[0.0,11.78772]},"J2s":{"weight":0.0,"played":[0.4615,0.5385],"evs":[0.0,0.18146]},"J3s":{"weight":0.0,"played":[0.0297,0.9703],"evs":[0.0,0.77219]},"J4s":{"weight":0.0,"played":[0.1457,0.8543],"evs":[0.0,0.15289]},"J5s":{"weight":0.0,"played":[0.0013,0.9987],"evs":[0.0,0.58052]},"J6s":{"weight":0.0,"played":[0.0042,0.9958],"evs":[0.0,0.53799]},"J7s":{"weight":0.0,"played":[1.0E-4,0.9999],"evs":[0.0,0.93279]},"J8s":{"weight":0.2902,"played":[0.0,1.0],"evs":[0.0,0.88518]},"J9s":{"weight":0.9442,"played":[0.0,1.0],"evs":[0.0,2.48385]},"JTs":{"weight":0.7116,"played":[0.0,1.0],"evs":[0.0,2.63563]},"JJ":{"weight":0.1133,"played":[0.0,1.0],"evs":[0.0,16.64743]},"QJo":{"weight":0.0124,"played":[2.0E-4,0.9998],"evs":[0.0,2.40143]},"KJo":{"weight":0.118,"played":[0.0,1.0],"evs":[0.0,5.46356]},"AJo":{"weight":0.0122,"played":[0.0,1.0],"evs":[0.0,14.55607]},"Q2s":{"weight":0.0,"played":[0.0782,0.9218],"evs":[0.0,0.8344]},"Q3s":{"weight":0.0,"played":[0.0064,0.9936],"evs":[0.0,1.19975]},"Q4s":{"weight":0.0,"played":[0.0024,0.9976],"evs":[0.0,1.06433]},"Q5s":{"weight":0.0,"played":[3.0E-4,0.9997],"evs":[0.0,1.59237]},"Q6s":{"weight":0.0,"played":[0.0083,0.9917],"evs":[0.0,1.49869]},"Q7s":{"weight":0.0,"played":[0.0,1.0],"evs":[0.0,0.9427]},"Q8s":{"weight":0.0031,"played":[1.0E-4,0.9999],"evs":[0.0,1.3481]},"Q9s":{"weight":0.5148,"played":[3.0E-4,0.9997],"evs":[0.0,2.79707]},"QTs":{"weight":0.0377,"played":[1.0E-4,0.9999],"evs":[0.0,3.92139]},"QJs":{"weight":0.6797,"played":[1.0E-4,0.9999],"evs":[0.0,4.29335]},"QQ":{"weight":0.223,"played":[0.0,1.0],"evs":[0.0,18.87838]},"KQo":{"weight":0.2834,"played":[0.0,1.0],"evs":[0.0,8.72477]},"AQo":{"weight":0.0151,"played":[0.0,1.0],"evs":[0.0,14.6759]},"K2s":{"weight":0.0,"played":[0.0013,0.9987],"evs":[0.0,1.08079]},"K3s":{"weight":0.0,"played":[0.0024,0.9976],"evs":[0.0,1.89094]},"K4s":{"weight":0.0,"played":[0.0011,0.9989],"evs":[0.0,1.38675]},"K5s":{"weight":0.0,"played":[0.0021,0.9979],"evs":[0.0,2.21328]},"K6s":{"weight":0.0,"played":[0.001,0.999],"evs":[0.0,2.03684]},"K7s":{"weight":0.0,"played":[0.0,1.0],"evs":[0.0,2.08264]},"K8s":{"weight":0.0016,"played":[0.0,1.0],"evs":[0.0,1.14445]},"K9s":{"weight":0.8219,"played":[1.0E-4,0.9999],"evs":[0.0,2.82549]},"KTs":{"weight":0.0875,"played":[0.0,1.0],"evs":[0.0,4.44703]},"KJs":{"weight":0.1734,"played":[0.0,1.0],"evs":[0.0,6.9648]},"KQs":{"weight":0.3004,"played":[0.0,1.0],"evs":[0.0,10.21223]},"KK":{"weight":0.907,"played":[0.0,1.0],"evs":[0.0,22.7259]},"AKo":{"weight":0.0232,"played":[0.0,1.0],"evs":[0.0,16.67762]},"A2s":{"weight":0.3736,"played":[0.0,1.0],"evs":[0.0,6.30563]},"A3s":{"weight":0.0287,"played":[0.0,1.0],"evs":[0.0,5.90617]},"A4s":{"weight":0.0121,"played":[0.0,1.0],"evs":[0.0,5.78499]},"A5s":{"weight":0.1046,"played":[0.0,1.0],"evs":[0.0,6.57689]},"A6s":{"weight":0.13,"played":[0.0,1.0],"evs":[0.0,6.062]},"A7s":{"weight":0.1726,"played":[0.0,1.0],"evs":[0.0,6.8457]},"A8s":{"weight":0.0981,"played":[0.0,1.0],"evs":[0.0,8.57067]},"A9s":{"weight":1.0E-4,"played":[0.0,1.0],"evs":[0.0,10.0513]},"ATs":{"weight":0.6566,"played":[0.0,1.0],"evs":[0.0,13.18638]},"AJs":{"weight":0.0214,"played":[0.0,1.0],"evs":[0.0,15.45978]},"AQs":{"weight":6.0E-4,"played":[0.0,1.0],"evs":[0.0,15.86561]},"AKs":{"weight":0.4728,"played":[0.0,1.0],"evs":[0.0,17.82471]},"AA":{"weight":0.6841,"played":[0.0,1.0],"evs":[0.0,30.17684]}}}