{"player":1,"street":0,"children":2,"sequence":[{"player":0,"type":"F","amount":0,"street":0},{"player":1,"type":"R","amount":200000,"street":0},{"player":2,"type":"F","amount":0,"street":0},{"player":3,"type":"R","amount":2985000,"street":0},{"player":4,"type":"C","amount":2935000,"street":0},{"player":5,"type":"C","amount":885000,"street":0}],"actions":[{"type":"F","amount":0},{"type":"C","amount":1065000}],"hands":{"22":{"weight":0.0,"played":[0.9912,0.0088],"evs":[0.0,-1.17829]},"32o":{"weight":0.0,"played":[0.9999,1.0E-4],"evs":[0.0,-3.23231]},"42o":{"weight":0.0,"played":[1.0,0.0],"evs":[0.0,-3.18524]},"52o":{"weight":0.0,"played":[0.9999,1.0E-4],"evs":[0.0,-2.66648]},"62o":{"weight":0.0,"played":[1.0,0.0],"evs":[0.0,-3.00297]},"72o":{"weight":0.0,"played":[1.0,0.0],"evs":[0.0,-4.06266]},"82o":{"weight":0.0,"played":[1.0,0.0],"evs":[0.0,-3.531]},"92o":{"weight":0.0,"played":[1.0,0.0],"evs":[0.0,-3.56204]},"T2o":{"weight":0.0,"played":[1.0,0.0],"evs":[0.0,-3.46707]},"J2o":{"weight":0.0,"played":[1.0,0.0],"evs":[0.0,-3.32659]},"Q2o":{"weight":0.0,"played":[0.9996,4.0E-4],"evs":[0.0,-3.30006]},"K2o":{"weight":0.0,"played":[1.0,0.0],"evs":[0.0,-2.92992]},"A2o":{"weight":0.0,"played":[1.0,0.0],"evs":[0.0,-3.66999]},"32s":{"weight":0.0,"played":[0.9979,0.0021],"evs":[0.0,-1.58209]},"33":{"weight":0.0633,"played":[0.975,0.025],"evs":[0.0,-0.58058]},"43o":{"weight":0.0,"played":[0.9997,3.0E-4],"evs":[0.0,-2.64388]},"53o":{"weight":0.0,"played":[0.9982,0.0018],"evs":[0.0,-2.33322]},"63o":{"weight":0.0,"played":[0.9998,2.0E-4],"evs":[0.0,-2.40406]},"73o":{"weight":0.0,"played":[1.0,0.0],"evs":[0.0,-3.5658]},"83o":{"weight":0.0,"played":[1.0,0.0],"evs":[0.0,-3.58797]},"93o":{"weight":0.0,"played":[1.0,0.0],"evs":[0.0,-3.53638]},"T3o":{"weight":0.0,"played":[1.0,0.0],"evs":[0.0,-3.31026]},"J3o":{"weight":0.0,"played":[0.9999,1.0E-4],"evs":[0.0,-3.4444]},"Q3o":{"weight":0.0,"played":[1.0,0.0],"evs":[0.0,-3.39646]},"K3o":{"weight":0.0,"played":[0.9988,0.0012],"evs":[0.0,-2.89731]},"A3o":{"weight":0.0,"played":[1.0,0.0],"evs":[0.0,-3.38355]},"42s":{"weight":0.0,"played":[0.9979,0.0021],"evs":[0.0,-1.68327]},"43s":{"weight":0.0,"played":[0.9978,0.0022],"evs":[0.0,-1.40926]},"44":{"weight":0.0,"played":[0.8642,0.1358],"evs":[0.0,-1.78516]},"54o":{"weight":0.0,"played":[0.9983,0.0017],"evs":[0.0,-1.48933]},"64o":{"weight":0.0,"played":[0.9995,5.0E-4],"evs":[0.0,-2.17441]},"74o":{"weight":0.0,"played":[0.9997,3.0E-4],"evs":[0.0,-2.308]},"84o":{"weight":0.0,"played":[0.999,0.001],"evs":[0.0,-2.73628]},"94o":{"weight":0.0,"played":[1.0,0.0],"evs":[0.0,-3.20808]},"T4o":{"weight":0.0,"played":[0.9999,1.0E-4],"evs":[0.0,-2.72944]},"J4o":{"weight":0.0,"played":[1.0,0.0],"evs":[0.0,-2.83817]},"Q4o":{"weight":0.0,"played":[0.9999,1.0E-4],"evs":[0.0,-2.80605]},"K4o":{"weight":0.0,"played":[1.0,0.0],"evs":[0.0,-2.91697]},"A4o":{"weight":0.0,"played":[0.9999,1.0E-4],"evs":[0.0,-2.87075]},"52s":{"weight":0.0,"played":[0.9983,0.0017],"evs":[0.0,-1.0241]},"53s":{"weight":0.0,"played":[0.9669,0.0331],"evs":[0.0,-0.77612]},"54s":{"weight":0.0,"played":[0.7581,0.2419],"evs":[0.0,-0.29776]},"55":{"weight":0.0,"played":[0.933,0.067],"evs":[0.0,-0.58679]},"65o":{"weight":0.0,"played":[0.9989,0.0011],"evs":[0.0,-1.56728]},"75o":{"weight":0.0,"played":[0.9996,4.0E-4],"evs":[0.0,-1.69135]},"85o":{"weight":0.0,"played":[1.0,0.0],"evs":[0.0,-2.20665]},"95o":{"weight":0.0,"played":[1.0,0.0],"evs":[0.0,-2.94351]},"T5o":{"weight":0.0,"played":[0.9994,6.0E-4],"evs":[0.0,-3.14974]},"J5o":{"weight":0.0,"played":[0.9987,0.0013],"evs":[0.0,-3.13429]},"Q5o":{"weight":0.0,"played":[1.0,0.0],"evs":[0.0,-3.12847]},"K5o":{"weight":0.0,"played":[0.9993,7.0E-4],"evs":[0.0,-2.70869]},"A5o":{"weight":0.0159,"played":[0.9998,2.0E-4],"evs":[0.0,-2.9087]},"62s":{"weight":0.0,"played":[0.9999,1.0E-4],"evs":[0.0,-1.50747]},"63s":{"weight":0.0,"played":[0.9804,0.0196],"evs":[0.0,-1.26135]},"64s":{"weight":0.0,"played":[0.8391,0.1609],"evs":[0.0,-0.95216]},"65s":{"weight":0.0,"played":[0.3398,0.6602],"evs":[0.0,0.07623]},"66":{"weight":0.0,"played":[0.0937,0.9063],"evs":[0.0,0.38037]},"76o":{"weight":0.0,"played":[0.9979,0.0021],"evs":[0.0,-1.40862]},"86o":{"weight":0.0,"played":[0.9994,6.0E-4],"evs":[0.0,-1.6711]},"96o":{"weight":0.0,"played":[1.0,0.0],"evs":[0.0,-2.4006]},"T6o":{"weight":0.0,"played":[0.9992,8.0E-4],"evs":[0.0,-2.68013]},"J6o":{"weight":0.0,"played":[1.0,0.0],"evs":[0.0,-3.05341]},"Q6o":{"weight":0.0,"played":[0.9998,2.0E-4],"evs":[0.0,-2.67216]},"K6o":{"weight":0.0,"played":[1.0,0.0],"evs":[0.0,-2.22484]},"A6o":{"weight":0.0,"played":[1.0,0.0],"evs":[0.0,-3.4975]},"72s":{"weight":0.0,"played":[0.9994,6.0E-4],"evs":[0.0,-2.38872]},"73s":{"weight":0.0,"played":[0.9804,0.0196],"evs":[0.0,-1.26717]},"74s":{"weight":0.0,"played":[0.9745,0.0255],"evs":[0.0,-1.10961]},"75s":{"weight":0.0,"played":[0.7121,0.2879],"evs":[0.0,-0.70768]},"76s":{"weight":0.0,"played":[0.5516,0.4484],"evs":[0.0,0.55214]},"77":{"weight":0.0,"played":[1.0E-4,0.9999],"evs":[0.0,1.41396]},"87o":{"weight":0.0,"played":[0.9961,0.0039],"evs":[0.0,-1.48926]},"97o":{"weight":0.0,"played":[0.9999,1.0E-4],"evs":[0.0,-1.66212]},"T7o":{"weight":0.0,"played":[0.9997,3.0E-4],"evs":[0.0,-2.01268]},"J7o":{"weight":0.0,"played":[0.9993,7.0E-4],"evs":[0.0,-2.56482]},"Q7o":{"weight":0.0,"played":[0.9998,2.0E-4],"evs":[0.0,-2.73023]},"K7o":{"weight":0.0,"played":[0.9998,2.0E-4],"evs":[0.0,-2.11582]},"A7o":{"weight":0.1683,"played":[0.9999,1.0E-4],"evs":[0.0,-2.96732]},"82s":{"weight":0.0,"played":[0.9999,1.0E-4],"evs":[0.0,-2.20514]},"83s":{"weight":0.0,"played":[0.9955,0.0045],"evs":[0.0,-1.42406]},"84s":{"weight":0.0,"played":[0.998,0.002],"evs":[0.0,-2.29683]},"85s":{"weight":0.0,"played":[0.7849,0.2151],"evs":[0.0,-0.77344]},"86s":{"weight":0.0,"played":[0.9571,0.0429],"evs":[0.0,-0.03373]},"87s":{"weight":0.0,"played":[0.1201,0.8799],"evs":[0.0,0.43174]},"88":{"weight":0.0,"played":[0.0,1.0],"evs":[0.0,1.32938]},"98o":{"weight":0.0,"played":[0.9992,8.0E-4],"evs":[0.0,-0.96569]},"T8o":{"weight":0.0,"played":[0.9995,5.0E-4],"evs":[0.0,-1.52947]},"J8o":{"weight":0.0,"played":[0.9998,2.0E-4],"evs":[0.0,-2.06544]},"Q8o":{"weight":0.0,"played":[0.9987,0.0013],"evs":[0.0,-2.32227]},"K8o":{"weight":0.0,"played":[0.9984,0.0016],"evs":[0.0,-2.06602]},"A8o":{"weight":0.0158,"played":[0.9987,0.0013],"evs":[0.0,-2.45694]},"92s":{"weight":0.0,"played":[0.9995,5.0E-4],"evs":[0.0,-1.69778]},"93s":{"weight":0.0,"played":[0.9977,0.0023],"evs":[0.0,-1.51211]},"94s":{"weight":0.0,"played":[0.988,0.012],"evs":[0.0,-1.6217]},"95s":{"weight":0.0,"played":[0.9745,0.0255],"evs":[0.0,-0.40362]},"96s":{"weight":0.0,"played":[0.8859,0.1141],"evs":[0.0,-0.28969]},"97s":{"weight":0.0,"played":[0.8245,0.1755],"evs":[0.0,-0.29939]},"98s":{"weight":0.0,"played":[0.7166,0.2834],"evs":[0.0,-0.22306]},"99":{"weight":1.0E-4,"played":[0.0,1.0],"evs":[0.0,2.3188]},"T9o":{"weight":0.0,"played":[0.9998,2.0E-4],"evs":[0.0,-0.8437]},"J9o":{"weight":0.0,"played":[0.9816,0.0184],"evs":[0.0,-1.6228]},"Q9o":{"weight":0.0,"played":[0.9894,0.0106],"evs":[0.0,-1.78365]},"K9o":{"weight":0.0,"played":[0.9996,4.0E-4],"evs":[0.0,-1.936]},"A9o":{"weight":0.0363,"played":[0.9989,0.0011],"evs":[0.0,-2.55117]},"T2s":{"weight":0.0,"played":[0.9999,1.0E-4],"evs":[0.0,-1.4877]},"T3s":{"weight":0.0,"played":[0.9952,0.0048],"evs":[0.0,-2.54848]},"T4s":{"weight":0.0,"played":[0.9893,0.0107],"evs":[0.0,-1.74687]},"T5s":{"weight":0.0,"played":[0.9957,0.0043],"evs":[0.0,-1.5806]},"T6s":{"weight":0.0,"played":[0.9897,0.0103],"evs":[0.0,-1.45627]},"T7s":{"weight":0.0,"played":[0.9721,0.0279],"evs":[0.0,-1.46816]},"T8s":{"weight":0.0,"played":[0.8584,0.1416],"evs":[0.0,-0.00121]},"T9s":{"weight":0.0041,"played":[0.016,0.984],"evs":[0.0,0.63006]},"TT":{"weight":0.0,"played":[0.0,1.0],"evs":[0.0,3.93814]},"JTo":{"weight":0.0,"played":[0.9935,0.0065],"evs":[0.0,-0.85744]},"QTo":{"weight":0.0,"played":[0.9958,0.0042],"evs":[0.0,-1.05642]},"KTo":{"weight":0.0273,"played":[0.9948,0.0052],"evs":[0.0,-1.28038]},"ATo":{"weight":0.0,"played":[0.9959,0.0041],"evs":[0.0,-1.63843]},"J2s":{"weight":0.0,"played":[0.9946,0.0054],"evs":[0.0,-1.60543]},"J3s":{"weight":0.0,"played":[0.9997,3.0E-4],"evs":[0.0,-0.88507]},"J4s":{"weight":0.0,"played":[0.9987,0.0013],"evs":[0.0,-1.71245]},"J5s":{"weight":0.0,"played":[0.9974,0.0026],"evs":[0.0,-1.39173]},"J6s":{"weight":0.0,"played":[0.9992,8.0E-4],"evs":[0.0,-1.32483]},"J7s":{"weight":0.0,"played":[0.9873,0.0127],"evs":[0.0,-1.09341]},"J8s":{"weight":0.0,"played":[0.9832,0.0168],"evs":[0.0,-1.24935]},"J9s":{"weight":0.0,"played":[0.4213,0.5787],"evs":[0.0,-0.26708]},"JTs":{"weight":0.3519,"played":[0.1726,0.8274],"evs":[0.0,0.33736]},"JJ":{"weight":0.0,"played":[0.0,1.0],"evs":[0.0,5.6154]},"QJo":{"weight":0.038,"played":[0.9797,0.0203],"evs":[0.0,-1.08534]},"KJo":{"weight":0.0,"played":[0.9839,0.0161],"evs":[0.0,-0.47325]},"AJo":{"weight":0.0,"played":[0.9281,0.0719],"evs":[0.0,-0.783]},"Q2s":{"weight":0.0,"played":[0.9999,1.0E-4],"evs":[0.0,-1.9535]},"Q3s":{"weight":0.0,"played":[0.9876,0.0124],"evs":[0.0,-1.69325]},"Q4s":{"weight":0.0,"played":[0.9804,0.0196],"evs":[0.0,-1.33749]},"Q5s":{"weight":0.0,"played":[0.9177,0.0823],"evs":[0.0,-0.4501]},"Q6s":{"weight":0.0,"played":[0.9735,0.0265],"evs":[0.0,-0.50428]},"Q7s":{"weight":0.0,"played":[0.988,0.012],"evs":[0.0,-0.79365]},"Q8s":{"weight":0.0,"played":[0.9918,0.0082],"evs":[0.0,-1.24226]},"Q9s":{"weight":0.0314,"played":[0.9283,0.0717],"evs":[0.0,-0.57228]},"QTs":{"weight":4.0E-4,"played":[0.0355,0.9645],"evs":[0.0,0.30009]},"QJs":{"weight":0.0249,"played":[0.1529,0.8471],"evs":[0.0,1.1246]},"QQ":{"weight":0.0,"played":[0.0,1.0],"evs":[0.0,8.63992]},"KQo":{"weight":0.0,"played":[0.9746,0.0254],"evs":[0.0,-0.31341]},"AQo":{"weight":0.0,"played":[0.0,1.0],"evs":[0.0,0.42448]},"K2s":{"weight":0.0,"played":[0.9942,0.0058],"evs":[0.0,-1.59341]},"K3s":{"weight":0.0,"played":[0.9534,0.0466],"evs":[0.0,-0.85797]},"K4s":{"weight":0.0,"played":[0.7564,0.2436],"evs":[0.0,-0.92781]},"K5s":{"weight":0.0,"played":[0.9742,0.0258],"evs":[0.0,-1.29928]},"K6s":{"weight":0.0,"played":[0.6651,0.3349],"evs":[0.0,-0.734]},"K7s":{"weight":0.0,"played":[0.9783,0.0217],"evs":[0.0,-0.71657]},"K8s":{"weight":0.0,"played":[0.9848,0.0152],"evs":[0.0,-0.12886]},"K9s":{"weight":0.0118,"played":[0.5344,0.4656],"evs":[0.0,-0.19457]},"KTs":{"weight":0.0091,"played":[0.4404,0.5596],"evs":[0.0,0.29389]},"KJs":{"weight":0.0164,"played":[4.0E-4,0.9996],"evs":[0.0,1.20593]},"KQs":{"weight":0.0,"played":[4.0E-4,0.9996],"evs":[0.0,2.25053]},"KK":{"weight":0.0019,"played":[0.0,1.0],"evs":[0.0,12.50934]},"AKo":{"weight":0.0,"played":[0.0,1.0],"evs":[0.0,2.11961]},"A2s":{"weight":0.0124,"played":[0.9925,0.0075],"evs":[0.0,-1.42559]},"A3s":{"weight":0.0,"played":[0.9485,0.0515],"evs":[0.0,-0.37624]},"A4s":{"weight":3.0E-4,"played":[0.9506,0.0494],"evs":[0.0,-0.76093]},"A5s":{"weight":0.0,"played":[0.8003,0.1997],"evs":[0.0,-1.69484]},"A6s":{"weight":0.0,"played":[0.9932,0.0068],"evs":[0.0,-1.60962]},"A7s":{"weight":0.0,"played":[0.9717,0.0283],"evs":[0.0,-0.916]},"A8s":{"weight":0.0,"played":[0.989,0.011],"evs":[0.0,-0.98771]},"A9s":{"weight":0.0,"played":[0.8834,0.1166],"evs":[0.0,-1.03843]},"ATs":{"weight":0.0,"played":[0.0808,0.9192],"evs":[0.0,0.54803]},"AJs":{"weight":0.0,"played":[0.0027,0.9973],"evs":[0.0,1.03831]},"AQs":{"weight":2.0E-4,"played":[0.0,1.0],"evs":[0.0,1.31054]},"AKs":{"weight":7.0E-4,"played":[0.0012,0.9988],"evs":[0.0,3.2573]},"AA":{"weight":0.367,"played":[0.0,1.0],"evs":[0.0,17.83173]}}}