{"player":4,"street":0,"children":2,"sequence":[{"player":0,"type":"F","amount":0,"street":0},{"player":1,"type":"R","amount":200000,"street":0},{"player":2,"type":"C","amount":200000,"street":0},{"player":3,"type":"F","amount":0,"street":0},{"player":4,"type":"C","amount":150000,"street":0},{"player":5,"type":"R","amount":985000,"street":0},{"player":1,"type":"F","amount":0,"street":0},{"player":2,"type":"F","amount":0,"street":0}],"actions":[{"type":"F","amount":0},{"type":"C","amount":785000}],"hands":{"22":{"weight":0.3807,"played":[0.0722,0.9278],"evs":[0.0,5.79791]},"32o":{"weight":5.0E-4,"played":[0.0774,0.9226],"evs":[0.0,0.43082]},"42o":{"weight":2.0E-4,"played":[0.0218,0.9782],"evs":[0.0,7.67642]},"52o":{"weight":1.0E-4,"played":[0.9719,0.0281],"evs":[0.0,-6.39094]},"62o":{"weight":0.0,"played":[0.0309,0.9691],"evs":[0.0,1.21378]},"72o":{"weight":0.0,"played":[0.6175,0.3825],"evs":[0.0,-2.56075]},"82o":{"weight":0.0,"played":[0.1709,0.8291],"evs":[0.0,0.18058]},"92o":{"weight":1.0E-4,"played":[0.979,0.021],"evs":[0.0,-6.39094]},"T2o":{"weight":1.0E-4,"played":[0.5789,0.4211],"evs":[0.0,-1.94226]},"J2o":{"weight":1.0E-4,"played":[0.4258,0.5742],"evs":[0.0,5.04708]},"Q2o":{"weight":0.0,"played":[0.8032,0.1968],"evs":[0.0,-6.32778]},"K2o":{"weight":9.0E-4,"played":[0.3268,0.6732],"evs":[0.0,-2.0853]},"A2o":{"weight":0.0057,"played":[0.41,0.59],"evs":[0.0,5.11528]},"32s":{"weight":0.037,"played":[0.4241,0.5759],"evs":[0.0,2.93729]},"33":{"weight":0.0281,"played":[0.5506,0.4494],"evs":[0.0,5.71877]},"43o":{"weight":2.0E-4,"played":[0.0985,0.9015],"evs":[0.0,1.00474]},"53o":{"weight":1.0E-4,"played":[0.229,0.771],"evs":[0.0,2.74861]},"63o":{"weight":9.0E-4,"played":[0.6357,0.3643],"evs":[0.0,-2.10044]},"73o":{"weight":0.0,"played":[0.2345,0.7655],"evs":[0.0,10.27451]},"83o":{"weight":0.0,"played":[0.8524,0.1476],"evs":[0.0,-6.28958]},"93o":{"weight":4.0E-4,"played":[1.0,0.0],"evs":[0.0,-6.39094]},"T3o":{"weight":4.0E-4,"played":[0.147,0.853],"evs":[0.0,-0.7721]},"J3o":{"weight":3.0E-4,"played":[0.0481,0.9519],"evs":[0.0,4.04112]},"Q3o":{"weight":7.0E-4,"played":[1.0,0.0],"evs":[0.0,-6.39094]},"K3o":{"weight":4.0E-4,"played":[0.2186,0.7814],"evs":[0.0,8.8831]},"A3o":{"weight":0.0042,"played":[0.4564,0.5436],"evs":[0.0,-4.51256]},"42s":{"weight":0.0,"played":[0.5,0.5],"evs":[0.0,0.0]},"43s":{"weight":5.0E-4,"played":[0.5,0.5],"evs":[0.0,-6.39094]},"44":{"weight":0.5515,"played":[0.4568,0.5432],"evs":[0.0,6.97646]},"54o":{"weight":2.0E-4,"played":[0.4926,0.5074],"evs":[0.0,1.21563]},"64o":{"weight":1.0E-4,"played":[0.9438,0.0562],"evs":[0.0,-6.33449]},"74o":{"weight":0.0,"played":[0.0,1.0],"evs":[0.0,5.66754]},"84o":{"weight":5.0E-4,"played":[0.4045,0.5955],"evs":[0.0,3.22964]},"94o":{"weight":0.0,"played":[0.3794,0.6206],"evs":[0.0,-0.6991]},"T4o":{"weight":0.0,"played":[0.0607,0.9393],"evs":[0.0,-0.39829]},"J4o":{"weight":8.0E-4,"played":[0.0121,0.9879],"evs":[0.0,2.45779]},"Q4o":{"weight":0.0,"played":[0.8173,0.1827],"evs":[0.0,-6.39094]},"K4o":{"weight":1.0E-4,"played":[0.4733,0.5267],"evs":[0.0,-0.61209]},"A4o":{"weight":0.0045,"played":[0.0626,0.9374],"evs":[0.0,2.88545]},"52s":{"weight":0.001,"played":[0.5,0.5],"evs":[0.0,-6.39094]},"53s":{"weight":0.0015,"played":[0.5,0.5],"evs":[0.0,-6.39094]},"54s":{"weight":0.1103,"played":[0.8042,0.1958],"evs":[0.0,6.99167]},"55":{"weight":0.0379,"played":[0.1522,0.8478],"evs":[0.0,0.30325]},"65o":{"weight":0.001,"played":[1.0,0.0],"evs":[0.0,2.22849]},"75o":{"weight":1.0E-4,"played":[0.6538,0.3462],"evs":[0.0,0.24523]},"85o":{"weight":2.0E-4,"played":[0.9914,0.0086],"evs":[0.0,-5.6048]},"95o":{"weight":0.0039,"played":[0.704,0.296],"evs":[0.0,-3.64154]},"T5o":{"weight":1.0E-4,"played":[0.0,1.0],"evs":[0.0,7.49512]},"J5o":{"weight":0.0,"played":[0.3679,0.6321],"evs":[0.0,7.45319]},"Q5o":{"weight":1.0E-4,"played":[0.8886,0.1114],"evs":[0.0,2.02657]},"K5o":{"weight":0.0,"played":[1.0,0.0],"evs":[0.0,-6.39094]},"A5o":{"weight":0.0026,"played":[0.1474,0.8526],"evs":[0.0,5.57167]},"62s":{"weight":0.0037,"played":[0.5,0.5],"evs":[0.0,15.60424]},"63s":{"weight":0.0453,"played":[0.5,0.5],"evs":[0.0,15.60424]},"64s":{"weight":0.1114,"played":[0.5,0.5],"evs":[0.0,15.60424]},"65s":{"weight":0.0327,"played":[0.957,0.043],"evs":[0.0,-6.39094]},"66":{"weight":0.1025,"played":[0.4525,0.5475],"evs":[0.0,15.60424]},"76o":{"weight":3.0E-4,"played":[0.9676,0.0324],"evs":[0.0,-6.39094]},"86o":{"weight":0.0012,"played":[0.3021,0.6979],"evs":[0.0,4.6618]},"96o":{"weight":0.0013,"played":[0.5269,0.4731],"evs":[0.0,1.46823]},"T6o":{"weight":0.0,"played":[0.3738,0.6262],"evs":[0.0,10.56205]},"J6o":{"weight":0.001,"played":[0.2006,0.7994],"evs":[0.0,3.37374]},"Q6o":{"weight":0.001,"played":[0.9706,0.0294],"evs":[0.0,-6.39094]},"K6o":{"weight":0.0,"played":[1.0,0.0],"evs":[0.0,4.35304]},"A6o":{"weight":0.0035,"played":[0.5246,0.4754],"evs":[0.0,-6.39094]},"72s":{"weight":4.0E-4,"played":[0.9091,0.0909],"evs":[0.0,-6.39094]},"73s":{"weight":0.0123,"played":[0.543,0.457],"evs":[0.0,-3.39293]},"74s":{"weight":0.0021,"played":[0.0,1.0],"evs":[0.0,0.14817]},"75s":{"weight":0.0642,"played":[0.4818,0.5182],"evs":[0.0,15.60424]},"76s":{"weight":0.1645,"played":[0.5516,0.4484],"evs":[0.0,-6.39094]},"77":{"weight":0.0043,"played":[0.3302,0.6698],"evs":[0.0,-0.59491]},"87o":{"weight":1.0E-4,"played":[0.5965,0.4035],"evs":[0.0,5.53951]},"97o":{"weight":1.0E-4,"played":[1.0,0.0],"evs":[0.0,-6.39094]},"T7o":{"weight":0.0021,"played":[0.8892,0.1108],"evs":[0.0,-6.39094]},"J7o":{"weight":4.0E-4,"played":[0.0126,0.9874],"evs":[0.0,7.18825]},"Q7o":{"weight":0.0,"played":[0.6758,0.3242],"evs":[0.0,-4.7266]},"K7o":{"weight":0.0015,"played":[0.3832,0.6168],"evs":[0.0,0.93223]},"A7o":{"weight":0.0287,"played":[0.3218,0.6782],"evs":[0.0,-3.14636]},"82s":{"weight":0.0036,"played":[0.2303,0.7697],"evs":[0.0,3.73842]},"83s":{"weight":0.0024,"played":[0.3255,0.6745],"evs":[0.0,0.76843]},"84s":{"weight":0.0034,"played":[0.0,1.0],"evs":[0.0,15.60424]},"85s":{"weight":0.0035,"played":[0.8175,0.1825],"evs":[0.0,-6.39094]},"86s":{"weight":0.0483,"played":[0.3269,0.6731],"evs":[0.0,2.49512]},"87s":{"weight":0.314,"played":[0.4284,0.5716],"evs":[0.0,3.03233]},"88":{"weight":0.0149,"played":[0.0,1.0],"evs":[0.0,4.29797]},"98o":{"weight":2.0E-4,"played":[0.9951,0.0049],"evs":[0.0,-6.39094]},"T8o":{"weight":0.0016,"played":[0.0692,0.9308],"evs":[0.0,9.56583]},"J8o":{"weight":0.0,"played":[1.0,0.0],"evs":[0.0,-6.39094]},"Q8o":{"weight":4.0E-4,"played":[0.119,0.881],"evs":[0.0,1.82245]},"K8o":{"weight":7.0E-4,"played":[0.2967,0.7033],"evs":[0.0,1.46448]},"A8o":{"weight":0.0179,"played":[0.6797,0.3203],"evs":[0.0,-5.16634]},"92s":{"weight":0.0187,"played":[0.3425,0.6575],"evs":[0.0,3.31623]},"93s":{"weight":0.0419,"played":[0.764,0.236],"evs":[0.0,-6.39094]},"94s":{"weight":0.0274,"played":[0.7878,0.2122],"evs":[0.0,-6.39094]},"95s":{"weight":1.0E-4,"played":[0.5,0.5],"evs":[0.0,15.60424]},"96s":{"weight":0.0066,"played":[0.5,0.5],"evs":[0.0,0.0]},"97s":{"weight":0.0129,"played":[0.5,0.5],"evs":[0.0,-6.39094]},"98s":{"weight":0.6013,"played":[0.9661,0.0339],"evs":[0.0,-2.31022]},"99":{"weight":0.2479,"played":[0.0,1.0],"evs":[0.0,15.60424]},"T9o":{"weight":5.0E-4,"played":[0.4039,0.5961],"evs":[0.0,9.17942]},"J9o":{"weight":0.003,"played":[0.0,1.0],"evs":[0.0,7.41463]},"Q9o":{"weight":0.0037,"played":[1.0,0.0],"evs":[0.0,-6.39094]},"K9o":{"weight":0.0124,"played":[0.523,0.477],"evs":[0.0,5.70034]},"A9o":{"weight":0.117,"played":[8.0E-4,0.9992],"evs":[0.0,10.40514]},"T2s":{"weight":8.0E-4,"played":[0.5,0.5],"evs":[0.0,-6.39094]},"T3s":{"weight":0.0157,"played":[0.309,0.691],"evs":[0.0,-2.93759]},"T4s":{"weight":0.3213,"played":[0.2079,0.7921],"evs":[0.0,-2.29975]},"T5s":{"weight":0.0018,"played":[0.982,0.018],"evs":[0.0,-6.39094]},"T6s":{"weight":0.0035,"played":[0.5,0.5],"evs":[0.0,0.0]},"T7s":{"weight":0.0749,"played":[0.1834,0.8166],"evs":[0.0,15.60424]},"T8s":{"weight":0.3504,"played":[0.8401,0.1599],"evs":[0.0,8.56912]},"T9s":{"weight":4.0E-4,"played":[0.5,0.5],"evs":[0.0,0.0]},"TT":{"weight":0.0423,"played":[0.5,0.5],"evs":[0.0,15.60424]},"JTo":{"weight":0.0018,"played":[0.1199,0.8801],"evs":[0.0,15.60424]},"QTo":{"weight":0.0315,"played":[0.0395,0.9605],"evs":[0.0,14.61938]},"KTo":{"weight":2.0E-4,"played":[0.0286,0.9714],"evs":[0.0,6.66281]},"ATo":{"weight":0.0943,"played":[0.486,0.514],"evs":[0.0,-5.37916]},"J2s":{"weight":0.0,"played":[0.5,0.5],"evs":[0.0,-6.39094]},"J3s":{"weight":0.0,"played":[0.2221,0.7779],"evs":[0.0,15.60424]},"J4s":{"weight":2.0E-4,"played":[0.0741,0.9259],"evs":[0.0,13.12092]},"J5s":{"weight":0.3866,"played":[0.1444,0.8556],"evs":[0.0,15.60424]},"J6s":{"weight":9.0E-4,"played":[1.0,0.0],"evs":[0.0,-6.39094]},"J7s":{"weight":0.0198,"played":[0.9574,0.0426],"evs":[0.0,-5.11032]},"J8s":{"weight":0.0101,"played":[0.9966,0.0034],"evs":[0.0,15.45563]},"J9s":{"weight":0.2468,"played":[0.9226,0.0774],"evs":[0.0,-6.39094]},"JTs":{"weight":0.0704,"played":[0.1032,0.8968],"evs":[0.0,-1.85225]},"JJ":{"weight":0.0684,"played":[0.0,1.0],"evs":[0.0,-6.39094]},"QJo":{"weight":0.3037,"played":[0.0259,0.9741],"evs":[0.0,1.37901]},"KJo":{"weight":0.0925,"played":[0.0222,0.9778],"evs":[0.0,5.2987]},"AJo":{"weight":0.3243,"played":[0.4607,0.5393],"evs":[0.0,-1.83654]},"Q2s":{"weight":2.0E-4,"played":[0.6171,0.3829],"evs":[0.0,-5.54071]},"Q3s":{"weight":0.0033,"played":[0.5475,0.4525],"evs":[0.0,-6.39094]},"Q4s":{"weight":0.1686,"played":[0.5,0.5],"evs":[0.0,-6.39094]},"Q5s":{"weight":0.3316,"played":[0.0,1.0],"evs":[0.0,7.13426]},"Q6s":{"weight":0.6309,"played":[0.216,0.784],"evs":[0.0,15.60424]},"Q7s":{"weight":2.0E-4,"played":[0.0323,0.9677],"evs":[0.0,5.44422]},"Q8s":{"weight":0.0694,"played":[0.5,0.5],"evs":[0.0,0.0]},"Q9s":{"weight":0.0075,"played":[0.8591,0.1409],"evs":[0.0,2.72823]},"QTs":{"weight":0.3338,"played":[0.4612,0.5388],"evs":[0.0,15.60424]},"QJs":{"weight":0.3992,"played":[0.7576,0.2424],"evs":[0.0,-6.39094]},"QQ":{"weight":0.0,"played":[0.0,1.0],"evs":[0.0,15.60424]},"KQo":{"weight":0.7789,"played":[0.3972,0.6028],"evs":[0.0,4.67092]},"AQo":{"weight":0.1292,"played":[0.134,0.866],"evs":[0.0,11.37682]},"K2s":{"weight":0.0302,"played":[0.0,1.0],"evs":[0.0,3.57562]},"K3s":{"weight":4.0E-4,"played":[1.0,0.0],"evs":[0.0,-6.39094]},"K4s":{"weight":0.0624,"played":[0.3969,0.6031],"evs":[0.0,-1.59578]},"K5s":{"weight":0.1686,"played":[0.9964,0.0036],"evs":[0.0,-6.39094]},"K6s":{"weight":0.8446,"played":[0.3871,0.6129],"evs":[0.0,14.57139]},"K7s":{"weight":0.0067,"played":[0.928,0.072],"evs":[0.0,-6.39094]},"K8s":{"weight":0.2192,"played":[0.5,0.5],"evs":[0.0,-6.39094]},"K9s":{"weight":0.3624,"played":[0.9458,0.0542],"evs":[0.0,-6.39094]},"KTs":{"weight":0.5999,"played":[0.0212,0.9788],"evs":[0.0,4.4129]},"KJs":{"weight":0.7947,"played":[0.0313,0.9687],"evs":[0.0,5.86523]},"KQs":{"weight":1.0E-4,"played":[0.5,0.5],"evs":[0.0,15.60424]},"KK":{"weight":0.0149,"played":[0.5,0.5],"evs":[0.0,15.60424]},"AKo":{"weight":0.0,"played":[0.0153,0.9847],"evs":[0.0,-1.47761]},"A2s":{"weight":1.0E-4,"played":[1.0,0.0],"evs":[0.0,-6.39094]},"A3s":{"weight":2.0E-4,"played":[0.0,1.0],"evs":[0.0,15.60424]},"A4s":{"weight":0.123,"played":[0.6218,0.3782],"evs":[0.0,-6.39094]},"A5s":{"weight":0.0062,"played":[0.5,0.5],"evs":[0.0,0.0]},"A6s":{"weight":0.0191,"played":[0.5,0.5],"evs":[0.0,-6.39094]},"A7s":{"weight":0.1411,"played":[0.053,0.947],"evs":[0.0,-5.22483]},"A8s":{"weight":0.2373,"played":[0.1077,0.8923],"evs":[0.0,15.60424]},"A9s":{"weight":0.1198,"played":[0.2319,0.7681],"evs":[0.0,3.80973]},"ATs":{"weight":0.0184,"played":[0.5,0.5],"evs":[0.0,-6.39094]},"AJs":{"weight":0.0055,"played":[0.5,0.5],"evs":[0.0,15.60424]},"AQs":{"weight":0.3551,"played":[0.5,0.5],"evs":[0.0,15.60424]},"AKs":{"weight":0.0039,"played":[0.5,0.5],"evs":[0.0,0.0]},"AA":{"weight":0.0,"played":[0.0,1.0],"evs":[0.0,15.60424]}}}