{"player":5,"street":0,"children":2,"sequence":[{"player":0,"type":"F","amount":0,"street":0},{"player":1,"type":"F","amount":0,"street":0},{"player":2,"type":"F","amount":0,"street":0},{"player":3,"type":"R","amount":200000,"street":0},{"player":4,"type":"R","amount":2985000,"street":0}],"actions":[{"type":"F","amount":0,"node":18},{"type":"C","amount":885000,"node":19}],"hands":{"22":{"weight":1.0,"played":[0.0059,0.9941],"evs":[0.0,0.10974]},"32o":{"weight":1.0,"played":[1.0,0.0],"evs":[0.0,-2.51185]},"42o":{"weight":1.0,"played":[1.0,0.0],"evs":[0.0,-2.36508]},"52o":{"weight":1.0,"played":[1.0,0.0],"evs":[0.0,-2.23918]},"62o":{"weight":1.0,"played":[1.0,0.0],"evs":[0.0,-2.40017]},"72o":{"weight":1.0,"played":[1.0,0.0],"evs":[0.0,-2.61694]},"82o":{"weight":1.0,"played":[1.0,0.0],"evs":[0.0,-2.46525]},"92o":{"weight":1.0,"played":[1.0,0.0],"evs":[0.0,-2.39797]},"T2o":{"weight":1.0,"played":[1.0,0.0],"evs":[0.0,-2.30321]},"J2o":{"weight":1.0,"played":[1.0,0.0],"evs":[0.0,-2.07498]},"Q2o":{"weight":1.0,"played":[1.0,0.0],"evs":[0.0,-1.75124]},"K2o":{"weight":1.0,"played":[1.0,0.0],"evs":[0.0,-1.39179]},"A2o":{"weight":1.0,"played":[1.0,0.0],"evs":[0.0,-0.56703]},"32s":{"weight":1.0,"played":[1.0,0.0],"evs":[0.0,-1.68412]},"33":{"weight":1.0,"played":[0.0,1.0],"evs":[0.0,0.44871]},"43o":{"weight":1.0,"played":[1.0,0.0],"evs":[0.0,-1.99857]},"53o":{"weight":1.0,"played":[1.0,0.0],"evs":[0.0,-1.85913]},"63o":{"weight":1.0,"played":[1.0,0.0],"evs":[0.0,-2.02392]},"73o":{"weight":1.0,"played":[1.0,0.0],"evs":[0.0,-2.23877]},"83o":{"weight":1.0,"played":[1.0,0.0],"evs":[0.0,-2.39401]},"93o":{"weight":1.0,"played":[1.0,0.0],"evs":[0.0,-2.28058]},"T3o":{"weight":1.0,"played":[1.0,0.0],"evs":[0.0,-2.17186]},"J3o":{"weight":1.0,"played":[1.0,0.0],"evs":[0.0,-1.92895]},"Q3o":{"weight":1.0,"played":[1.0,0.0],"evs":[0.0,-1.59572]},"K3o":{"weight":1.0,"played":[1.0,0.0],"evs":[0.0,-1.2376]},"A3o":{"weight":1.0,"played":[1.0,0.0],"evs":[0.0,-0.44799]},"42s":{"weight":1.0,"played":[1.0,0.0],"evs":[0.0,-1.54837]},"43s":{"weight":1.0,"played":[1.0,0.0],"evs":[0.0,-1.24306]},"44":{"weight":1.0,"played":[0.0,1.0],"evs":[0.0,0.81699]},"54o":{"weight":1.0,"played":[1.0,0.0],"evs":[0.0,-1.55184]},"64o":{"weight":1.0,"played":[1.0,0.0],"evs":[0.0,-1.69486]},"74o":{"weight":1.0,"played":[1.0,0.0],"evs":[0.0,-1.90105]},"84o":{"weight":1.0,"played":[1.0,0.0],"evs":[0.0,-2.04688]},"94o":{"weight":1.0,"played":[1.0,0.0],"evs":[0.0,-2.21727]},"T4o":{"weight":1.0,"played":[1.0,0.0],"evs":[0.0,-2.02869]},"J4o":{"weight":1.0,"played":[1.0,0.0],"evs":[0.0,-1.80856]},"Q4o":{"weight":1.0,"played":[1.0,0.0],"evs":[0.0,-1.47584]},"K4o":{"weight":1.0,"played":[1.0,0.0],"evs":[0.0,-1.12366]},"A4o":{"weight":1.0,"played":[1.0,0.0],"evs":[0.0,-0.29319]},"52s":{"weight":1.0,"played":[1.0,0.0],"evs":[0.0,-1.49442]},"53s":{"weight":1.0,"played":[1.0,0.0],"evs":[0.0,-1.13637]},"54s":{"weight":1.0,"played":[1.0,0.0],"evs":[0.0,-0.80032]},"55":{"weight":1.0,"played":[0.0,1.0],"evs":[0.0,1.27393]},"65o":{"weight":1.0,"played":[1.0,0.0],"evs":[0.0,-1.38945]},"75o":{"weight":1.0,"played":[1.0,0.0],"evs":[0.0,-1.58432]},"85o":{"weight":1.0,"played":[1.0,0.0],"evs":[0.0,-1.71963]},"95o":{"weight":1.0,"played":[1.0,0.0],"evs":[0.0,-1.91107]},"T5o":{"weight":1.0,"played":[1.0,0.0],"evs":[0.0,-1.97644]},"J5o":{"weight":1.0,"played":[1.0,0.0],"evs":[0.0,-1.70722]},"Q5o":{"weight":1.0,"played":[1.0,0.0],"evs":[0.0,-1.39192]},"K5o":{"weight":1.0,"played":[1.0,0.0],"evs":[0.0,-1.03831]},"A5o":{"weight":1.0,"played":[0.9981,0.0019],"evs":[0.0,-0.06626]},"62s":{"weight":1.0,"played":[1.0,0.0],"evs":[0.0,-1.59781]},"63s":{"weight":1.0,"played":[1.0,0.0],"evs":[0.0,-1.26702]},"64s":{"weight":1.0,"played":[1.0,0.0],"evs":[0.0,-0.92869]},"65s":{"weight":1.0,"played":[1.0,0.0],"evs":[0.0,-0.68818]},"66":{"weight":1.0,"played":[0.0,1.0],"evs":[0.0,1.6801]},"76o":{"weight":1.0,"played":[1.0,0.0],"evs":[0.0,-1.21718]},"86o":{"weight":1.0,"played":[1.0,0.0],"evs":[0.0,-1.36313]},"96o":{"weight":1.0,"played":[1.0,0.0],"evs":[0.0,-1.5164]},"T6o":{"weight":1.0,"played":[1.0,0.0],"evs":[0.0,-1.61757]},"J6o":{"weight":1.0,"played":[1.0,0.0],"evs":[0.0,-1.56927]},"Q6o":{"weight":1.0,"played":[1.0,0.0],"evs":[0.0,-1.21329]},"K6o":{"weight":1.0,"played":[1.0,0.0],"evs":[0.0,-0.81538]},"A6o":{"weight":1.0,"played":[1.0,0.0],"evs":[0.0,-0.11809]},"72s":{"weight":1.0,"played":[1.0,0.0],"evs":[0.0,-1.77649]},"73s":{"weight":1.0,"played":[1.0,0.0],"evs":[0.0,-1.48032]},"74s":{"weight":1.0,"played":[1.0,0.0],"evs":[0.0,-1.15396]},"75s":{"weight":1.0,"played":[1.0,0.0],"evs":[0.0,-0.83577]},"76s":{"weight":1.0,"played":[1.0,0.0],"evs":[0.0,-0.48761]},"77":{"weight":1.0,"played":[0.0,1.0],"evs":[0.0,2.09508]},"87o":{"weight":1.0,"played":[1.0,0.0],"evs":[0.0,-1.10663]},"97o":{"weight":1.0,"played":[1.0,0.0],"evs":[0.0,-1.27208]},"T7o":{"weight":1.0,"played":[1.0,0.0],"evs":[0.0,-1.33496]},"J7o":{"weight":1.0,"played":[1.0,0.0],"evs":[0.0,-1.32874]},"Q7o":{"weight":1.0,"played":[1.0,0.0],"evs":[0.0,-1.20796]},"K7o":{"weight":1.0,"played":[1.0,0.0],"evs":[0.0,-0.72074]},"A7o":{"weight":1.0,"played":[3.0E-4,0.9997],"evs":[0.0,0.15797]},"82s":{"weight":1.0,"played":[1.0,0.0],"evs":[0.0,-1.66772]},"83s":{"weight":1.0,"played":[1.0,0.0],"evs":[0.0,-1.58275]},"84s":{"weight":1.0,"played":[1.0,0.0],"evs":[0.0,-1.28624]},"85s":{"weight":1.0,"played":[1.0,0.0],"evs":[0.0,-0.98004]},"86s":{"weight":1.0,"played":[1.0,0.0],"evs":[0.0,-0.63176]},"87s":{"weight":1.0,"played":[1.0,0.0],"evs":[0.0,-0.4218]},"88":{"weight":1.0,"played":[0.0,1.0],"evs":[0.0,2.59477]},"98o":{"weight":1.0,"played":[1.0,0.0],"evs":[0.0,-0.99468]},"T8o":{"weight":1.0,"played":[1.0,0.0],"evs":[0.0,-1.0184]},"J8o":{"weight":1.0,"played":[1.0,0.0],"evs":[0.0,-0.99254]},"Q8o":{"weight":1.0,"played":[1.0,0.0],"evs":[0.0,-0.84903]},"K8o":{"weight":1.0,"played":[1.0,0.0],"evs":[0.0,-0.58437]},"A8o":{"weight":1.0,"played":[0.0,1.0],"evs":[0.0,0.43366]},"92s":{"weight":1.0,"played":[1.0,0.0],"evs":[0.0,-1.6164]},"93s":{"weight":1.0,"played":[1.0,0.0],"evs":[0.0,-1.44582]},"94s":{"weight":1.0,"played":[1.0,0.0],"evs":[0.0,-1.40903]},"95s":{"weight":1.0,"played":[1.0,0.0],"evs":[0.0,-1.09371]},"96s":{"weight":1.0,"played":[1.0,0.0],"evs":[0.0,-0.76317]},"97s":{"weight":1.0,"played":[1.0,0.0],"evs":[0.0,-0.51911]},"98s":{"weight":1.0,"played":[1.0,0.0],"evs":[0.0,-0.256]},"99":{"weight":1.0,"played":[0.0,1.0],"evs":[0.0,3.20836]},"T9o":{"weight":1.0,"played":[1.0,0.0],"evs":[0.0,-0.72081]},"J9o":{"weight":1.0,"played":[1.0,0.0],"evs":[0.0,-0.7296]},"Q9o":{"weight":1.0,"played":[1.0,0.0],"evs":[0.0,-0.54028]},"K9o":{"weight":1.0,"played":[1.0,0.0],"evs":[0.0,-0.31574]},"A9o":{"weight":1.0,"played":[0.0,1.0],"evs":[0.0,0.7824]},"T2s":{"weight":1.0,"played":[1.0,0.0],"evs":[0.0,-1.51448]},"T3s":{"weight":1.0,"played":[1.0,0.0],"evs":[0.0,-1.32736]},"T4s":{"weight":1.0,"played":[1.0,0.0],"evs":[0.0,-1.23752]},"T5s":{"weight":1.0,"played":[1.0,0.0],"evs":[0.0,-1.21684]},"T6s":{"weight":1.0,"played":[1.0,0.0],"evs":[0.0,-0.81496]},"T7s":{"weight":1.0,"played":[1.0,0.0],"evs":[0.0,-0.61262]},"T8s":{"weight":1.0,"played":[0.9996,4.0E-4],"evs":[0.0,-0.25561]},"T9s":{"weight":1.0,"played":[0.8649,0.1351],"evs":[0.0,-0.0192]},"TT":{"weight":1.0,"played":[0.0,1.0],"evs":[0.0,4.08899]},"JTo":{"weight":1.0,"played":[0.9999,1.0E-4],"evs":[0.0,-0.17882]},"QTo":{"weight":1.0,"played":[0.9988,0.0012],"evs":[0.0,-0.08144]},"KTo":{"weight":1.0,"played":[0.0,1.0],"evs":[0.0,0.26566]},"ATo":{"weight":1.0,"played":[0.0,1.0],"evs":[0.0,1.60643]},"J2s":{"weight":1.0,"played":[1.0,0.0],"evs":[0.0,-1.26223]},"J3s":{"weight":1.0,"played":[1.0,0.0],"evs":[0.0,-1.19085]},"J4s":{"weight":1.0,"played":[1.0,0.0],"evs":[0.0,-1.0046]},"J5s":{"weight":1.0,"played":[1.0,0.0],"evs":[0.0,-0.97035]},"J6s":{"weight":1.0,"played":[1.0,0.0],"evs":[0.0,-0.8502]},"J7s":{"weight":1.0,"played":[1.0,0.0],"evs":[0.0,-0.60923]},"J8s":{"weight":1.0,"played":[1.0,0.0],"evs":[0.0,-0.2421]},"J9s":{"weight":1.0,"played":[0.9765,0.0235],"evs":[0.0,-0.03011]},"JTs":{"weight":1.0,"played":[0.0,1.0],"evs":[0.0,0.51658]},"JJ":{"weight":1.0,"played":[0.0,1.0],"evs":[0.0,5.02508]},"QJo":{"weight":1.0,"played":[0.0,1.0],"evs":[0.0,0.20436]},"KJo":{"weight":1.0,"played":[0.0,1.0],"evs":[0.0,0.56233]},"AJo":{"weight":1.0,"played":[0.0,1.0],"evs":[0.0,2.24079]},"Q2s":{"weight":1.0,"played":[1.0,0.0],"evs":[0.0,-0.98259]},"Q3s":{"weight":1.0,"played":[1.0,0.0],"evs":[0.0,-0.83731]},"Q4s":{"weight":1.0,"played":[1.0,0.0],"evs":[0.0,-0.7325]},"Q5s":{"weight":1.0,"played":[1.0,0.0],"evs":[0.0,-0.60857]},"Q6s":{"weight":1.0,"played":[1.0,0.0],"evs":[0.0,-0.48506]},"Q7s":{"weight":1.0,"played":[1.0,0.0],"evs":[0.0,-0.4462]},"Q8s":{"weight":1.0,"played":[0.9995,5.0E-4],"evs":[0.0,-0.15677]},"Q9s":{"weight":1.0,"played":[2.0E-4,0.9998],"evs":[0.0,0.19524]},"QTs":{"weight":1.0,"played":[0.0,1.0],"evs":[0.0,0.57055]},"QJs":{"weight":1.0,"played":[0.0,1.0],"evs":[0.0,0.86747]},"QQ":{"weight":1.0,"played":[0.0,1.0],"evs":[0.0,5.98347]},"KQo":{"weight":1.0,"played":[0.0,1.0],"evs":[0.0,0.87447]},"AQo":{"weight":1.0,"played":[0.0,1.0],"evs":[0.0,3.02598]},"K2s":{"weight":1.0,"played":[1.0,0.0],"evs":[0.0,-0.59117]},"K3s":{"weight":1.0,"played":[1.0,0.0],"evs":[0.0,-0.48723]},"K4s":{"weight":1.0,"played":[1.0,0.0],"evs":[0.0,-0.39654]},"K5s":{"weight":1.0,"played":[0.9998,2.0E-4],"evs":[0.0,-0.27629]},"K6s":{"weight":1.0,"played":[0.8981,0.1019],"evs":[0.0,-0.06653]},"K7s":{"weight":1.0,"played":[0.0287,0.9713],"evs":[0.0,0.02796]},"K8s":{"weight":1.0,"played":[0.0053,0.9947],"evs":[0.0,0.08219]},"K9s":{"weight":1.0,"played":[0.0,1.0],"evs":[0.0,0.41153]},"KTs":{"weight":1.0,"played":[0.0,1.0],"evs":[0.0,0.93348]},"KJs":{"weight":1.0,"played":[0.0,1.0],"evs":[0.0,1.20035]},"KQs":{"weight":1.0,"played":[0.0,1.0],"evs":[0.0,1.50402]},"KK":{"weight":1.0,"played":[0.0,1.0],"evs":[0.0,7.09607]},"AKo":{"weight":1.0,"played":[0.0,1.0],"evs":[0.0,3.76703]},"A2s":{"weight":1.0,"played":[1.0E-4,0.9999],"evs":[0.0,0.18043]},"A3s":{"weight":1.0,"played":[0.0,1.0],"evs":[0.0,0.33451]},"A4s":{"weight":1.0,"played":[0.0,1.0],"evs":[0.0,0.42063]},"A5s":{"weight":1.0,"played":[0.0,1.0],"evs":[0.0,0.5716]},"A6s":{"weight":1.0,"played":[0.0,1.0],"evs":[0.0,0.59727]},"A7s":{"weight":1.0,"played":[0.0,1.0],"evs":[0.0,0.83147]},"A8s":{"weight":1.0,"played":[0.0,1.0],"evs":[0.0,1.12487]},"A9s":{"weight":1.0,"played":[0.0,1.0],"evs":[0.0,1.42293]},"ATs":{"weight":1.0,"played":[0.0,1.0],"evs":[0.0,2.16804]},"AJs":{"weight":1.0,"played":[0.0,1.0],"evs":[0.0,2.82171]},"AQs":{"weight":1.0,"played":[0.0,1.0],"evs":[0.0,3.54415]},"AKs":{"weight":1.0,"played":[0.0,1.0],"evs":[0.0,4.26768]},"AA":{"weight":1.0,"played":[0.0,1.0],"evs":[0.0,9.10981]}}}