{"player":2,"street":0,"children":2,"sequence":[{"player":0,"type":"F","amount":0,"street":0},{"player":1,"type":"R","amount":200000,"street":0},{"player":2,"type":"C","amount":200000,"street":0},{"player":3,"type":"F","amount":0,"street":0},{"player":4,"type":"C","amount":150000,"street":0},{"player":5,"type":"R","amount":985000,"street":0},{"player":1,"type":"C","amount":785000,"street":0}],"actions":[{"type":"F","amount":0,"node":174},{"type":"R","amount":2215000,"node":176}],"hands":{"22":{"weight":1.0E-4,"played":[0.1753,0.8247],"evs":[0.0,2.99665]},"32o":{"weight":0.0,"played":[0.9481,0.0519],"evs":[0.0,-3.81807]},"42o":{"weight":0.0,"played":[0.9039,0.0961],"evs":[0.0,0.05578]},"52o":{"weight":0.0,"played":[0.7716,0.2284],"evs":[0.0,-1.07657]},"62o":{"weight":0.0,"played":[0.9798,0.0202],"evs":[0.0,-5.58896]},"72o":{"weight":0.0,"played":[0.9976,0.0024],"evs":[0.0,-5.58737]},"82o":{"weight":0.0,"played":[0.996,0.004],"evs":[0.0,-2.35524]},"92o":{"weight":0.0,"played":[0.9927,0.0073],"evs":[0.0,-4.07481]},"T2o":{"weight":0.0,"played":[0.9797,0.0203],"evs":[0.0,-5.90189]},"J2o":{"weight":0.0,"played":[0.9494,0.0506],"evs":[0.0,-2.20843]},"Q2o":{"weight":0.0,"played":[0.9274,0.0726],"evs":[0.0,-1.38561]},"K2o":{"weight":0.0,"played":[0.9978,0.0022],"evs":[0.0,-3.50984]},"A2o":{"weight":0.0,"played":[0.6083,0.3917],"evs":[0.0,-0.10415]},"32s":{"weight":0.0,"played":[0.5357,0.4643],"evs":[0.0,-1.24042]},"33":{"weight":0.003,"played":[0.0051,0.9949],"evs":[0.0,2.55723]},"43o":{"weight":0.0,"played":[0.9835,0.0165],"evs":[0.0,-3.19042]},"53o":{"weight":0.0,"played":[0.7279,0.2721],"evs":[0.0,-3.57987]},"63o":{"weight":0.0,"played":[0.9649,0.0351],"evs":[0.0,-2.97751]},"73o":{"weight":0.0,"played":[0.9989,0.0011],"evs":[0.0,-5.16346]},"83o":{"weight":0.0,"played":[0.9498,0.0502],"evs":[0.0,-4.67716]},"93o":{"weight":0.0,"played":[0.9958,0.0042],"evs":[0.0,-5.22116]},"T3o":{"weight":0.0,"played":[0.9646,0.0354],"evs":[0.0,-5.54339]},"J3o":{"weight":0.0,"played":[0.9922,0.0078],"evs":[0.0,-3.41213]},"Q3o":{"weight":0.0,"played":[0.7766,0.2234],"evs":[0.0,-4.41288]},"K3o":{"weight":0.0,"played":[0.9927,0.0073],"evs":[0.0,-1.73466]},"A3o":{"weight":0.0,"played":[0.9838,0.0162],"evs":[0.0,-3.13793]},"42s":{"weight":0.0,"played":[0.8184,0.1816],"evs":[0.0,-2.34601]},"43s":{"weight":0.0,"played":[0.3416,0.6584],"evs":[0.0,2.74478]},"44":{"weight":0.727,"played":[1.0E-4,0.9999],"evs":[0.0,3.28484]},"54o":{"weight":0.0,"played":[0.9049,0.0951],"evs":[0.0,-4.55314]},"64o":{"weight":0.0,"played":[0.7898,0.2102],"evs":[0.0,-3.55187]},"74o":{"weight":0.0,"played":[0.9744,0.0256],"evs":[0.0,-6.99778]},"84o":{"weight":0.0,"played":[0.7661,0.2339],"evs":[0.0,-1.63983]},"94o":{"weight":0.0,"played":[0.896,0.104],"evs":[0.0,-4.53815]},"T4o":{"weight":0.0,"played":[0.9782,0.0218],"evs":[0.0,-2.97023]},"J4o":{"weight":0.0,"played":[0.991,0.009],"evs":[0.0,-3.49075]},"Q4o":{"weight":0.0,"played":[0.4093,0.5907],"evs":[0.0,-2.278]},"K4o":{"weight":0.0,"played":[0.6566,0.3434],"evs":[0.0,-2.64191]},"A4o":{"weight":1.0E-4,"played":[0.5958,0.4042],"evs":[0.0,-0.06044]},"52s":{"weight":0.0,"played":[0.89,0.11],"evs":[0.0,-0.67121]},"53s":{"weight":0.0,"played":[0.8967,0.1033],"evs":[0.0,-1.98125]},"54s":{"weight":0.0,"played":[0.3293,0.6707],"evs":[0.0,4.18351]},"55":{"weight":0.172,"played":[0.0,1.0],"evs":[0.0,3.50509]},"65o":{"weight":0.0,"played":[0.7431,0.2569],"evs":[0.0,-0.29535]},"75o":{"weight":0.0,"played":[0.6463,0.3537],"evs":[0.0,-1.96764]},"85o":{"weight":0.0,"played":[0.887,0.113],"evs":[0.0,-2.45737]},"95o":{"weight":0.0,"played":[0.9969,0.0031],"evs":[0.0,-5.25681]},"T5o":{"weight":0.0,"played":[0.7599,0.2401],"evs":[0.0,-2.095]},"J5o":{"weight":0.0,"played":[0.9806,0.0194],"evs":[0.0,-4.17649]},"Q5o":{"weight":0.0,"played":[0.1676,0.8324],"evs":[0.0,0.22639]},"K5o":{"weight":0.0,"played":[0.8083,0.1917],"evs":[0.0,-1.53052]},"A5o":{"weight":1.0E-4,"played":[0.533,0.467],"evs":[0.0,-1.9534]},"62s":{"weight":0.0,"played":[0.9664,0.0336],"evs":[0.0,-5.53456]},"63s":{"weight":0.0,"played":[0.0936,0.9064],"evs":[0.0,0.10025]},"64s":{"weight":0.0,"played":[0.174,0.826],"evs":[0.0,10.26551]},"65s":{"weight":0.8105,"played":[0.018,0.982],"evs":[0.0,1.67699]},"66":{"weight":0.0495,"played":[0.1418,0.8582],"evs":[0.0,1.87661]},"76o":{"weight":0.0,"played":[0.3846,0.6154],"evs":[0.0,-0.40511]},"86o":{"weight":0.0,"played":[0.3548,0.6452],"evs":[0.0,0.32223]},"96o":{"weight":0.0,"played":[0.3337,0.6663],"evs":[0.0,0.81724]},"T6o":{"weight":0.0,"played":[0.6198,0.3802],"evs":[0.0,-1.7349]},"J6o":{"weight":0.0,"played":[0.9235,0.0765],"evs":[0.0,-5.22168]},"Q6o":{"weight":0.0,"played":[0.6987,0.3013],"evs":[0.0,-2.83943]},"K6o":{"weight":0.0,"played":[0.7026,0.2974],"evs":[0.0,0.91339]},"A6o":{"weight":3.0E-4,"played":[0.0944,0.9056],"evs":[0.0,1.35107]},"72s":{"weight":0.0,"played":[0.462,0.538],"evs":[0.0,2.84477]},"73s":{"weight":0.0,"played":[0.9723,0.0277],"evs":[0.0,-2.37343]},"74s":{"weight":0.0,"played":[0.3952,0.6048],"evs":[0.0,2.86896]},"75s":{"weight":4.0E-4,"played":[0.9395,0.0605],"evs":[0.0,-5.47761]},"76s":{"weight":0.0,"played":[0.0688,0.9312],"evs":[0.0,6.48888]},"77":{"weight":0.2662,"played":[0.1752,0.8248],"evs":[0.0,0.28625]},"87o":{"weight":0.0,"played":[0.8928,0.1072],"evs":[0.0,-4.25318]},"97o":{"weight":0.0,"played":[0.9082,0.0918],"evs":[0.0,-5.37237]},"T7o":{"weight":0.0,"played":[0.8414,0.1586],"evs":[0.0,-1.69248]},"J7o":{"weight":0.0,"played":[0.8076,0.1924],"evs":[0.0,-3.18027]},"Q7o":{"weight":0.0,"played":[0.8424,0.1576],"evs":[0.0,-1.98732]},"K7o":{"weight":0.0,"played":[0.5646,0.4354],"evs":[0.0,-4.49364]},"A7o":{"weight":0.0,"played":[0.0529,0.9471],"evs":[0.0,0.33439]},"82s":{"weight":0.0,"played":[0.7615,0.2385],"evs":[0.0,-2.90856]},"83s":{"weight":0.0,"played":[0.8385,0.1615],"evs":[0.0,0.96985]},"84s":{"weight":0.0,"played":[0.2436,0.7564],"evs":[0.0,2.90518]},"85s":{"weight":0.0,"played":[0.2614,0.7386],"evs":[0.0,0.75685]},"86s":{"weight":0.2271,"played":[0.1602,0.8398],"evs":[0.0,1.92767]},"87s":{"weight":0.0,"played":[0.0744,0.9256],"evs":[0.0,1.03125]},"88":{"weight":0.0329,"played":[0.0029,0.9971],"evs":[0.0,5.84626]},"98o":{"weight":0.0,"played":[0.7645,0.2355],"evs":[0.0,-2.0008]},"T8o":{"weight":0.0,"played":[0.0589,0.9411],"evs":[0.0,1.74544]},"J8o":{"weight":0.0,"played":[0.2167,0.7833],"evs":[0.0,-1.35631]},"Q8o":{"weight":0.0,"played":[0.8637,0.1363],"evs":[0.0,-3.79752]},"K8o":{"weight":0.0,"played":[0.9133,0.0867],"evs":[0.0,-2.19245]},"A8o":{"weight":0.2714,"played":[0.0579,0.9421],"evs":[0.0,1.3501]},"92s":{"weight":0.0,"played":[0.7887,0.2113],"evs":[0.0,-1.43531]},"93s":{"weight":0.0,"played":[0.6351,0.3649],"evs":[0.0,1.99392]},"94s":{"weight":0.0,"played":[0.7027,0.2973],"evs":[0.0,-3.8582]},"95s":{"weight":0.0,"played":[0.9108,0.0892],"evs":[0.0,-7.86988]},"96s":{"weight":5.0E-4,"played":[0.8464,0.1536],"evs":[0.0,-5.03659]},"97s":{"weight":1.0E-4,"played":[0.8803,0.1197],"evs":[0.0,-2.64827]},"98s":{"weight":0.1054,"played":[0.1058,0.8942],"evs":[0.0,5.97546]},"99":{"weight":0.0046,"played":[0.0372,0.9628],"evs":[0.0,8.015]},"T9o":{"weight":0.0,"played":[0.6392,0.3608],"evs":[0.0,-2.2683]},"J9o":{"weight":0.0,"played":[0.8041,0.1959],"evs":[0.0,-3.00385]},"Q9o":{"weight":1.0E-4,"played":[0.0188,0.9812],"evs":[0.0,1.90662]},"K9o":{"weight":2.0E-4,"played":[0.6234,0.3766],"evs":[0.0,-0.46968]},"A9o":{"weight":0.9795,"played":[0.6796,0.3204],"evs":[0.0,-1.98134]},"T2s":{"weight":1.0E-4,"played":[0.4154,0.5846],"evs":[0.0,1.39383]},"T3s":{"weight":0.0,"played":[0.9432,0.0568],"evs":[0.0,-4.67388]},"T4s":{"weight":0.0,"played":[0.9141,0.0859],"evs":[0.0,-2.65514]},"T5s":{"weight":0.0,"played":[0.9112,0.0888],"evs":[0.0,-2.75423]},"T6s":{"weight":1.0E-4,"played":[0.9863,0.0137],"evs":[0.0,-9.86784]},"T7s":{"weight":1.0E-4,"played":[0.8881,0.1119],"evs":[0.0,-6.84027]},"T8s":{"weight":3.0E-4,"played":[0.0797,0.9203],"evs":[0.0,2.33257]},"T9s":{"weight":0.7904,"played":[0.0039,0.9961],"evs":[0.0,1.11404]},"TT":{"weight":0.1165,"played":[0.0015,0.9985],"evs":[0.0,14.62033]},"JTo":{"weight":0.0,"played":[0.7257,0.2743],"evs":[0.0,-0.47684]},"QTo":{"weight":2.0E-4,"played":[0.4483,0.5517],"evs":[0.0,1.22968]},"KTo":{"weight":0.002,"played":[0.9607,0.0393],"evs":[0.0,-3.1968]},"ATo":{"weight":1.0E-4,"played":[3.0E-4,0.9997],"evs":[0.0,6.13122]},"J2s":{"weight":0.0,"played":[0.3656,0.6344],"evs":[0.0,-1.23928]},"J3s":{"weight":0.0,"played":[0.1933,0.8067],"evs":[0.0,0.44228]},"J4s":{"weight":0.0,"played":[0.1966,0.8034],"evs":[0.0,3.81729]},"J5s":{"weight":0.0,"played":[0.548,0.452],"evs":[0.0,-3.17006]},"J6s":{"weight":0.0,"played":[0.3851,0.6149],"evs":[0.0,5.74242]},"J7s":{"weight":0.0,"played":[0.5881,0.4119],"evs":[0.0,-4.84207]},"J8s":{"weight":0.0,"played":[0.0863,0.9137],"evs":[0.0,7.02444]},"J9s":{"weight":0.4801,"played":[0.7753,0.2247],"evs":[0.0,-1.35977]},"JTs":{"weight":0.9474,"played":[0.0719,0.9281],"evs":[0.0,1.97586]},"JJ":{"weight":0.266,"played":[0.0,1.0],"evs":[0.0,11.07327]},"QJo":{"weight":0.0146,"played":[0.3133,0.6867],"evs":[0.0,0.98558]},"KJo":{"weight":0.0837,"played":[0.0205,0.9795],"evs":[0.0,3.61713]},"AJo":{"weight":0.0032,"played":[0.039,0.961],"evs":[0.0,10.96771]},"Q2s":{"weight":0.0,"played":[0.7484,0.2516],"evs":[0.0,-0.92411]},"Q3s":{"weight":0.0,"played":[0.9744,0.0256],"evs":[0.0,-1.44322]},"Q4s":{"weight":0.0,"played":[0.5604,0.4396],"evs":[0.0,-0.04961]},"Q5s":{"weight":0.0,"played":[0.6862,0.3138],"evs":[0.0,-0.04104]},"Q6s":{"weight":0.0,"played":[0.4341,0.5659],"evs":[0.0,2.32949]},"Q7s":{"weight":0.0,"played":[0.6297,0.3703],"evs":[0.0,-4.01585]},"Q8s":{"weight":0.0213,"played":[0.1732,0.8268],"evs":[0.0,1.24751]},"Q9s":{"weight":0.6388,"played":[0.0868,0.9132],"evs":[0.0,2.24607]},"QTs":{"weight":0.0109,"played":[0.0024,0.9976],"evs":[0.0,7.26634]},"QJs":{"weight":0.0017,"played":[0.0622,0.9378],"evs":[0.0,8.88923]},"QQ":{"weight":0.0044,"played":[0.0,1.0],"evs":[0.0,16.55765]},"KQo":{"weight":0.3604,"played":[0.0032,0.9968],"evs":[0.0,3.04634]},"AQo":{"weight":0.0655,"played":[1.0E-4,0.9999],"evs":[0.0,7.07583]},"K2s":{"weight":0.0,"played":[0.6407,0.3593],"evs":[0.0,-0.13682]},"K3s":{"weight":0.0,"played":[0.3963,0.6037],"evs":[0.0,1.23901]},"K4s":{"weight":4.0E-4,"played":[0.7977,0.2023],"evs":[0.0,-2.19015]},"K5s":{"weight":0.0094,"played":[0.9843,0.0157],"evs":[0.0,-2.84942]},"K6s":{"weight":0.0064,"played":[0.2954,0.7046],"evs":[0.0,2.3567]},"K7s":{"weight":4.0E-4,"played":[0.0674,0.9326],"evs":[0.0,-0.61586]},"K8s":{"weight":0.0228,"played":[0.4783,0.5217],"evs":[0.0,2.34418]},"K9s":{"weight":0.009,"played":[0.0107,0.9893],"evs":[0.0,4.22123]},"KTs":{"weight":0.006,"played":[4.0E-4,0.9996],"evs":[0.0,5.92909]},"KJs":{"weight":0.0174,"played":[0.2522,0.7478],"evs":[0.0,-0.32802]},"KQs":{"weight":0.0963,"played":[0.1087,0.8913],"evs":[0.0,1.96952]},"KK":{"weight":0.4186,"played":[0.0012,0.9988],"evs":[0.0,18.22939]},"AKo":{"weight":0.0289,"played":[3.0E-4,0.9997],"evs":[0.0,8.91147]},"A2s":{"weight":1.0E-4,"played":[0.9001,0.0999],"evs":[0.0,0.34234]},"A3s":{"weight":0.0226,"played":[0.4091,0.5909],"evs":[0.0,2.64955]},"A4s":{"weight":0.0081,"played":[0.4115,0.5885],"evs":[0.0,0.07826]},"A5s":{"weight":0.0,"played":[0.0976,0.9024],"evs":[0.0,-0.965]},"A6s":{"weight":0.0181,"played":[0.4123,0.5877],"evs":[0.0,-0.93555]},"A7s":{"weight":0.1218,"played":[0.0796,0.9204],"evs":[0.0,0.59523]},"A8s":{"weight":0.1727,"played":[0.0082,0.9918],"evs":[0.0,2.9666]},"A9s":{"weight":0.1063,"played":[0.0,1.0],"evs":[0.0,6.69852]},"ATs":{"weight":0.0051,"played":[4.0E-4,0.9996],"evs":[0.0,10.81733]},"AJs":{"weight":0.0607,"played":[0.0636,0.9364],"evs":[0.0,-0.93945]},"AQs":{"weight":0.1735,"played":[0.0212,0.9788],"evs":[0.0,9.24457]},"AKs":{"weight":0.4444,"played":[0.0,1.0],"evs":[0.0,11.53231]},"AA":{"weight":0.9976,"played":[0.0,1.0],"evs":[0.0,23.42684]}}}