{"player":2,"street":0,"children":2,"sequence":[{"player":0,"type":"F","amount":0,"street":0},{"player":1,"type":"R","amount":200000,"street":0},{"player":2,"type":"C","amount":200000,"street":0},{"player":3,"type":"F","amount":0,"street":0},{"player":4,"type":"R","amount":2215000,"street":0},{"player":5,"type":"F","amount":0,"street":0},{"player":1,"type":"F","amount":0,"street":0}],"actions":[{"type":"F","amount":0},{"type":"C","amount":2015000}],"hands":{"22":{"weight":1.0E-4,"played":[0.8963,0.1037],"evs":[0.0,-1.70567]},"32o":{"weight":0.0,"played":[1.0,0.0],"evs":[0.0,-6.32055]},"42o":{"weight":0.0,"played":[1.0,0.0],"evs":[0.0,-6.42847]},"52o":{"weight":0.0,"played":[1.0,0.0],"evs":[0.0,-5.90691]},"62o":{"weight":0.0,"played":[1.0,0.0],"evs":[0.0,-5.82265]},"72o":{"weight":0.0,"played":[1.0,0.0],"evs":[0.0,-7.4832]},"82o":{"weight":0.0,"played":[0.9999,1.0E-4],"evs":[0.0,-5.56817]},"92o":{"weight":0.0,"played":[1.0,0.0],"evs":[0.0,-5.89035]},"T2o":{"weight":0.0,"played":[1.0,0.0],"evs":[0.0,-6.19806]},"J2o":{"weight":0.0,"played":[1.0,0.0],"evs":[0.0,-5.24518]},"Q2o":{"weight":0.0,"played":[0.9997,3.0E-4],"evs":[0.0,-5.37892]},"K2o":{"weight":0.0,"played":[1.0,0.0],"evs":[0.0,-4.44058]},"A2o":{"weight":0.0,"played":[0.9997,3.0E-4],"evs":[0.0,-3.48683]},"32s":{"weight":0.0,"played":[1.0,0.0],"evs":[0.0,-4.88759]},"33":{"weight":0.003,"played":[0.0127,0.9873],"evs":[0.0,0.93517]},"43o":{"weight":0.0,"played":[1.0,0.0],"evs":[0.0,-5.27253]},"53o":{"weight":0.0,"played":[1.0,0.0],"evs":[0.0,-5.44283]},"63o":{"weight":0.0,"played":[1.0,0.0],"evs":[0.0,-5.8142]},"73o":{"weight":0.0,"played":[1.0,0.0],"evs":[0.0,-6.35154]},"83o":{"weight":0.0,"played":[1.0,0.0],"evs":[0.0,-5.88315]},"93o":{"weight":0.0,"played":[1.0,0.0],"evs":[0.0,-5.65729]},"T3o":{"weight":0.0,"played":[1.0,0.0],"evs":[0.0,-5.51246]},"J3o":{"weight":0.0,"played":[0.9999,1.0E-4],"evs":[0.0,-5.67162]},"Q3o":{"weight":0.0,"played":[1.0,0.0],"evs":[0.0,-4.91961]},"K3o":{"weight":0.0,"played":[1.0,0.0],"evs":[0.0,-4.22168]},"A3o":{"weight":0.0,"played":[0.9922,0.0078],"evs":[0.0,-3.1434]},"42s":{"weight":0.0,"played":[0.9993,7.0E-4],"evs":[0.0,-4.56273]},"43s":{"weight":0.0,"played":[0.9969,0.0031],"evs":[0.0,-4.59402]},"44":{"weight":0.727,"played":[0.0954,0.9046],"evs":[0.0,0.01333]},"54o":{"weight":0.0,"played":[1.0,0.0],"evs":[0.0,-4.43509]},"64o":{"weight":0.0,"played":[1.0,0.0],"evs":[0.0,-4.64248]},"74o":{"weight":0.0,"played":[1.0,0.0],"evs":[0.0,-5.03438]},"84o":{"weight":0.0,"played":[0.9999,1.0E-4],"evs":[0.0,-5.23869]},"94o":{"weight":0.0,"played":[1.0,0.0],"evs":[0.0,-5.51783]},"T4o":{"weight":0.0,"played":[0.9999,1.0E-4],"evs":[0.0,-5.05612]},"J4o":{"weight":0.0,"played":[0.9998,2.0E-4],"evs":[0.0,-5.67143]},"Q4o":{"weight":0.0,"played":[1.0,0.0],"evs":[0.0,-4.7832]},"K4o":{"weight":0.0,"played":[0.9999,1.0E-4],"evs":[0.0,-3.87595]},"A4o":{"weight":1.0E-4,"played":[0.9973,0.0027],"evs":[0.0,-3.37389]},"52s":{"weight":0.0,"played":[0.9989,0.0011],"evs":[0.0,-4.431]},"53s":{"weight":0.0,"played":[0.9978,0.0022],"evs":[0.0,-4.61591]},"54s":{"weight":0.0,"played":[1.0,0.0],"evs":[0.0,-3.37333]},"55":{"weight":0.172,"played":[0.0,1.0],"evs":[0.0,1.83926]},"65o":{"weight":0.0,"played":[1.0,0.0],"evs":[0.0,-4.27678]},"75o":{"weight":0.0,"played":[1.0,0.0],"evs":[0.0,-5.28774]},"85o":{"weight":0.0,"played":[1.0,0.0],"evs":[0.0,-4.88389]},"95o":{"weight":0.0,"played":[0.9999,1.0E-4],"evs":[0.0,-4.70353]},"T5o":{"weight":0.0,"played":[1.0,0.0],"evs":[0.0,-5.589]},"J5o":{"weight":0.0,"played":[1.0,0.0],"evs":[0.0,-4.40084]},"Q5o":{"weight":0.0,"played":[1.0,0.0],"evs":[0.0,-3.94483]},"K5o":{"weight":0.0,"played":[0.9999,1.0E-4],"evs":[0.0,-3.22653]},"A5o":{"weight":1.0E-4,"played":[0.9998,2.0E-4],"evs":[0.0,-2.38175]},"62s":{"weight":0.0,"played":[0.9996,4.0E-4],"evs":[0.0,-4.14173]},"63s":{"weight":0.0,"played":[0.9996,4.0E-4],"evs":[0.0,-3.75991]},"64s":{"weight":0.0,"played":[0.9999,1.0E-4],"evs":[0.0,-4.67441]},"65s":{"weight":0.8105,"played":[1.0,0.0],"evs":[0.0,-3.23338]},"66":{"weight":0.0495,"played":[0.0,1.0],"evs":[0.0,1.84577]},"76o":{"weight":0.0,"played":[1.0,0.0],"evs":[0.0,-4.1292]},"86o":{"weight":0.0,"played":[0.9999,1.0E-4],"evs":[0.0,-3.96164]},"96o":{"weight":0.0,"played":[1.0,0.0],"evs":[0.0,-3.99869]},"T6o":{"weight":0.0,"played":[1.0,0.0],"evs":[0.0,-4.44068]},"J6o":{"weight":0.0,"played":[0.9999,1.0E-4],"evs":[0.0,-4.06203]},"Q6o":{"weight":0.0,"played":[0.9999,1.0E-4],"evs":[0.0,-4.15044]},"K6o":{"weight":0.0,"played":[0.999,0.001],"evs":[0.0,-2.7262]},"A6o":{"weight":3.0E-4,"played":[0.9915,0.0085],"evs":[0.0,-2.4169]},"72s":{"weight":0.0,"played":[0.9999,1.0E-4],"evs":[0.0,-5.56521]},"73s":{"weight":0.0,"played":[0.9999,1.0E-4],"evs":[0.0,-5.28564]},"74s":{"weight":0.0,"played":[1.0,0.0],"evs":[0.0,-3.87063]},"75s":{"weight":4.0E-4,"played":[0.9813,0.0187],"evs":[0.0,-3.81948]},"76s":{"weight":0.0,"played":[0.9949,0.0051],"evs":[0.0,-2.63183]},"77":{"weight":0.2662,"played":[5.0E-4,0.9995],"evs":[0.0,2.3855]},"87o":{"weight":0.0,"played":[0.9997,3.0E-4],"evs":[0.0,-4.16562]},"97o":{"weight":0.0,"played":[0.9997,3.0E-4],"evs":[0.0,-3.52767]},"T7o":{"weight":0.0,"played":[0.9994,6.0E-4],"evs":[0.0,-4.13667]},"J7o":{"weight":0.0,"played":[1.0,0.0],"evs":[0.0,-3.94273]},"Q7o":{"weight":0.0,"played":[1.0,0.0],"evs":[0.0,-4.78318]},"K7o":{"weight":0.0,"played":[0.9999,1.0E-4],"evs":[0.0,-3.7308]},"A7o":{"weight":0.0,"played":[0.9972,0.0028],"evs":[0.0,-2.44869]},"82s":{"weight":0.0,"played":[0.9999,1.0E-4],"evs":[0.0,-3.79471]},"83s":{"weight":0.0,"played":[1.0,0.0],"evs":[0.0,-5.14517]},"84s":{"weight":0.0,"played":[1.0,0.0],"evs":[0.0,-3.82858]},"85s":{"weight":0.0,"played":[0.9789,0.0211],"evs":[0.0,-2.57787]},"86s":{"weight":0.2271,"played":[0.9822,0.0178],"evs":[0.0,-2.42669]},"87s":{"weight":0.0,"played":[0.9995,5.0E-4],"evs":[0.0,-2.8413]},"88":{"weight":0.0329,"played":[0.0,1.0],"evs":[0.0,4.49176]},"98o":{"weight":0.0,"played":[0.9995,5.0E-4],"evs":[0.0,-2.48656]},"T8o":{"weight":0.0,"played":[1.0,0.0],"evs":[0.0,-2.6576]},"J8o":{"weight":0.0,"played":[1.0,0.0],"evs":[0.0,-3.90403]},"Q8o":{"weight":0.0,"played":[1.0,0.0],"evs":[0.0,-3.42621]},"K8o":{"weight":0.0,"played":[1.0,0.0],"evs":[0.0,-3.06946]},"A8o":{"weight":0.2714,"played":[0.8945,0.1055],"evs":[0.0,-0.96222]},"92s":{"weight":0.0,"played":[0.9993,7.0E-4],"evs":[0.0,-4.85635]},"93s":{"weight":0.0,"played":[0.9999,1.0E-4],"evs":[0.0,-4.10545]},"94s":{"weight":0.0,"played":[0.9974,0.0026],"evs":[0.0,-3.79341]},"95s":{"weight":0.0,"played":[0.9998,2.0E-4],"evs":[0.0,-4.27479]},"96s":{"weight":5.0E-4,"played":[0.9979,0.0021],"evs":[0.0,-3.32697]},"97s":{"weight":1.0E-4,"played":[0.9997,3.0E-4],"evs":[0.0,-2.96405]},"98s":{"weight":0.1054,"played":[0.8765,0.1235],"evs":[0.0,-1.44829]},"99":{"weight":0.0046,"played":[0.0,1.0],"evs":[0.0,4.79369]},"T9o":{"weight":0.0,"played":[0.9997,3.0E-4],"evs":[0.0,-2.25028]},"J9o":{"weight":0.0,"played":[0.9999,1.0E-4],"evs":[0.0,-2.60063]},"Q9o":{"weight":1.0E-4,"played":[0.9999,1.0E-4],"evs":[0.0,-2.86046]},"K9o":{"weight":2.0E-4,"played":[0.9996,4.0E-4],"evs":[0.0,-2.38993]},"A9o":{"weight":0.9795,"played":[0.8295,0.1705],"evs":[0.0,-0.791]},"T2s":{"weight":1.0E-4,"played":[0.9998,2.0E-4],"evs":[0.0,-3.24751]},"T3s":{"weight":0.0,"played":[0.9999,1.0E-4],"evs":[0.0,-3.15311]},"T4s":{"weight":0.0,"played":[0.9946,0.0054],"evs":[0.0,-4.25494]},"T5s":{"weight":0.0,"played":[0.9972,0.0028],"evs":[0.0,-3.69257]},"T6s":{"weight":1.0E-4,"played":[0.9961,0.0039],"evs":[0.0,-2.9942]},"T7s":{"weight":1.0E-4,"played":[0.9999,1.0E-4],"evs":[0.0,-2.9681]},"T8s":{"weight":3.0E-4,"played":[0.995,0.005],"evs":[0.0,-2.31078]},"T9s":{"weight":0.7904,"played":[0.9665,0.0335],"evs":[0.0,-1.7496]},"TT":{"weight":0.1165,"played":[0.0,1.0],"evs":[0.0,7.627]},"JTo":{"weight":0.0,"played":[1.0,0.0],"evs":[0.0,-1.4196]},"QTo":{"weight":2.0E-4,"played":[0.9964,0.0036],"evs":[0.0,-1.09646]},"KTo":{"weight":0.002,"played":[0.9968,0.0032],"evs":[0.0,-1.33163]},"ATo":{"weight":1.0E-4,"played":[0.0,1.0],"evs":[0.0,0.924]},"J2s":{"weight":0.0,"played":[0.9988,0.0012],"evs":[0.0,-4.76923]},"J3s":{"weight":0.0,"played":[0.993,0.007],"evs":[0.0,-4.07384]},"J4s":{"weight":0.0,"played":[0.9956,0.0044],"evs":[0.0,-3.73935]},"J5s":{"weight":0.0,"played":[0.9972,0.0028],"evs":[0.0,-3.30059]},"J6s":{"weight":0.0,"played":[0.9988,0.0012],"evs":[0.0,-2.6839]},"J7s":{"weight":0.0,"played":[0.9999,1.0E-4],"evs":[0.0,-2.86345]},"J8s":{"weight":0.0,"played":[0.9766,0.0234],"evs":[0.0,-1.89162]},"J9s":{"weight":0.4801,"played":[0.9984,0.0016],"evs":[0.0,-2.69847]},"JTs":{"weight":0.9474,"played":[0.9662,0.0338],"evs":[0.0,-0.80439]},"JJ":{"weight":0.266,"played":[0.0,1.0],"evs":[0.0,9.51908]},"QJo":{"weight":0.0146,"played":[0.9985,0.0015],"evs":[0.0,-1.58285]},"KJo":{"weight":0.0837,"played":[0.9948,0.0052],"evs":[0.0,-1.38933]},"AJo":{"weight":0.0032,"played":[0.0,1.0],"evs":[0.0,2.18926]},"Q2s":{"weight":0.0,"played":[1.0,0.0],"evs":[0.0,-3.90787]},"Q3s":{"weight":0.0,"played":[0.9996,4.0E-4],"evs":[0.0,-3.00077]},"Q4s":{"weight":0.0,"played":[0.9996,4.0E-4],"evs":[0.0,-3.43657]},"Q5s":{"weight":0.0,"played":[0.9995,5.0E-4],"evs":[0.0,-3.44476]},"Q6s":{"weight":0.0,"played":[0.9969,0.0031],"evs":[0.0,-3.57553]},"Q7s":{"weight":0.0,"played":[0.9043,0.0957],"evs":[0.0,-3.11907]},"Q8s":{"weight":0.0213,"played":[0.9905,0.0095],"evs":[0.0,-1.88993]},"Q9s":{"weight":0.6388,"played":[0.9963,0.0037],"evs":[0.0,-1.07207]},"QTs":{"weight":0.0109,"played":[0.9018,0.0982],"evs":[0.0,-0.93961]},"QJs":{"weight":0.0017,"played":[0.2269,0.7731],"evs":[0.0,0.10033]},"QQ":{"weight":0.0044,"played":[0.0,1.0],"evs":[0.0,9.64169]},"KQo":{"weight":0.3604,"played":[0.5503,0.4497],"evs":[0.0,-0.10834]},"AQo":{"weight":0.0655,"played":[0.0,1.0],"evs":[0.0,4.20026]},"K2s":{"weight":0.0,"played":[0.9945,0.0055],"evs":[0.0,-2.90673]},"K3s":{"weight":0.0,"played":[0.9983,0.0017],"evs":[0.0,-2.48862]},"K4s":{"weight":4.0E-4,"played":[1.0,0.0],"evs":[0.0,-2.51031]},"K5s":{"weight":0.0094,"played":[0.9984,0.0016],"evs":[0.0,-3.13733]},"K6s":{"weight":0.0064,"played":[0.9972,0.0028],"evs":[0.0,-2.46263]},"K7s":{"weight":4.0E-4,"played":[0.9727,0.0273],"evs":[0.0,-2.36909]},"K8s":{"weight":0.0228,"played":[0.9942,0.0058],"evs":[0.0,-0.66923]},"K9s":{"weight":0.009,"played":[0.9937,0.0063],"evs":[0.0,-0.38041]},"KTs":{"weight":0.006,"played":[0.9191,0.0809],"evs":[0.0,-0.55576]},"KJs":{"weight":0.0174,"played":[0.463,0.537],"evs":[0.0,0.4294]},"KQs":{"weight":0.0963,"played":[0.0039,0.9961],"evs":[0.0,0.76129]},"KK":{"weight":0.4186,"played":[0.0,1.0],"evs":[0.0,11.89341]},"AKo":{"weight":0.0289,"played":[0.0,1.0],"evs":[0.0,6.12453]},"A2s":{"weight":1.0E-4,"played":[0.9955,0.0045],"evs":[0.0,-2.08333]},"A3s":{"weight":0.0226,"played":[0.9966,0.0034],"evs":[0.0,-2.12985]},"A4s":{"weight":0.0081,"played":[0.718,0.282],"evs":[0.0,-1.01926]},"A5s":{"weight":0.0,"played":[0.5921,0.4079],"evs":[0.0,-0.10502]},"A6s":{"weight":0.0181,"played":[0.9892,0.0108],"evs":[0.0,-0.7308]},"A7s":{"weight":0.1218,"played":[0.5959,0.4041],"evs":[0.0,-1.49561]},"A8s":{"weight":0.1727,"played":[0.6634,0.3366],"evs":[0.0,0.32223]},"A9s":{"weight":0.1063,"played":[0.0367,0.9633],"evs":[0.0,0.25666]},"ATs":{"weight":0.0051,"played":[0.0868,0.9132],"evs":[0.0,2.14729]},"AJs":{"weight":0.0607,"played":[0.0015,0.9985],"evs":[0.0,3.77546]},"AQs":{"weight":0.1735,"played":[0.0,1.0],"evs":[0.0,5.31203]},"AKs":{"weight":0.4444,"played":[2.0E-4,0.9998],"evs":[0.0,6.6252]},"AA":{"weight":0.9976,"played":[0.0,1.0],"evs":[0.0,16.76941]}}}