{"player":2,"street":0,"children":2,"sequence":[{"player":0,"type":"F","amount":0,"street":0},{"player":1,"type":"R","amount":200000,"street":0},{"player":2,"type":"C","amount":200000,"street":0},{"player":3,"type":"C","amount":200000,"street":0},{"player":4,"type":"F","amount":0,"street":0},{"player":5,"type":"R","amount":985000,"street":0},{"player":1,"type":"F","amount":0,"street":0},{"player":2,"type":"C","amount":785000,"street":0},{"player":3,"type":"R","amount":2215000,"street":0}],"actions":[{"type":"F","amount":0},{"type":"C","amount":1230000}],"hands":{"22":{"weight":0.0,"played":[0.0634,0.9366],"evs":[0.0,2.54187]},"32o":{"weight":0.0,"played":[0.0112,0.9888],"evs":[0.0,1.9134]},"42o":{"weight":0.0,"played":[0.6374,0.3626],"evs":[0.0,5.93691]},"52o":{"weight":0.0,"played":[0.8547,0.1453],"evs":[0.0,0.26906]},"62o":{"weight":0.0,"played":[0.4631,0.5369],"evs":[0.0,-0.71929]},"72o":{"weight":0.0,"played":[0.6143,0.3857],"evs":[0.0,1.28298]},"82o":{"weight":0.0,"played":[0.9968,0.0032],"evs":[0.0,-4.30339]},"92o":{"weight":0.0,"played":[0.6851,0.3149],"evs":[0.0,-3.62228]},"T2o":{"weight":0.0,"played":[0.5166,0.4834],"evs":[0.0,0.58756]},"J2o":{"weight":0.0,"played":[0.0349,0.9651],"evs":[0.0,1.41297]},"Q2o":{"weight":0.0,"played":[0.747,0.253],"evs":[0.0,-2.53635]},"K2o":{"weight":0.0,"played":[0.1532,0.8468],"evs":[0.0,6.88627]},"A2o":{"weight":0.0,"played":[0.8163,0.1837],"evs":[0.0,-2.71415]},"32s":{"weight":0.0,"played":[0.952,0.048],"evs":[0.0,-8.7575]},"33":{"weight":0.0013,"played":[0.1327,0.8673],"evs":[0.0,5.31015]},"43o":{"weight":0.0,"played":[0.7625,0.2375],"evs":[0.0,4.99003]},"53o":{"weight":0.0,"played":[0.9985,0.0015],"evs":[0.0,-3.8511]},"63o":{"weight":0.0,"played":[0.3956,0.6044],"evs":[0.0,1.72917]},"73o":{"weight":0.0,"played":[0.7638,0.2362],"evs":[0.0,-5.10835]},"83o":{"weight":0.0,"played":[0.0572,0.9428],"evs":[0.0,1.08907]},"93o":{"weight":0.0,"played":[0.418,0.582],"evs":[0.0,0.27261]},"T3o":{"weight":0.0,"played":[0.8159,0.1841],"evs":[0.0,0.22821]},"J3o":{"weight":0.0,"played":[0.5914,0.4086],"evs":[0.0,-0.43815]},"Q3o":{"weight":0.0,"played":[0.4929,0.5071],"evs":[0.0,-4.40226]},"K3o":{"weight":0.0,"played":[0.9865,0.0135],"evs":[0.0,-1.51439]},"A3o":{"weight":0.0,"played":[0.0227,0.9773],"evs":[0.0,5.97497]},"42s":{"weight":0.0,"played":[0.105,0.895],"evs":[0.0,1.16663]},"43s":{"weight":0.0,"played":[0.4528,0.5472],"evs":[0.0,0.00427]},"44":{"weight":0.0196,"played":[0.2907,0.7093],"evs":[0.0,1.23552]},"54o":{"weight":0.0,"played":[0.997,0.003],"evs":[0.0,-3.09826]},"64o":{"weight":0.0,"played":[0.4686,0.5314],"evs":[0.0,-0.96893]},"74o":{"weight":0.0,"played":[0.574,0.426],"evs":[0.0,3.03766]},"84o":{"weight":0.0,"played":[0.2148,0.7852],"evs":[0.0,1.92666]},"94o":{"weight":0.0,"played":[0.7665,0.2335],"evs":[0.0,-2.69208]},"T4o":{"weight":0.0,"played":[0.3488,0.6512],"evs":[0.0,1.43904]},"J4o":{"weight":0.0,"played":[0.4033,0.5967],"evs":[0.0,1.75996]},"Q4o":{"weight":0.0,"played":[0.7473,0.2527],"evs":[0.0,-4.4306]},"K4o":{"weight":0.0,"played":[0.3988,0.6012],"evs":[0.0,-2.03324]},"A4o":{"weight":0.0,"played":[0.4699,0.5301],"evs":[0.0,0.49217]},"52s":{"weight":0.0,"played":[0.1946,0.8054],"evs":[0.0,3.17972]},"53s":{"weight":0.0,"played":[0.4858,0.5142],"evs":[0.0,-4.82252]},"54s":{"weight":0.0,"played":[0.0286,0.9714],"evs":[0.0,1.45765]},"55":{"weight":0.0987,"played":[0.0346,0.9654],"evs":[0.0,4.51166]},"65o":{"weight":0.0,"played":[0.6269,0.3731],"evs":[0.0,-3.14158]},"75o":{"weight":0.0,"played":[0.9985,0.0015],"evs":[0.0,-5.9083]},"85o":{"weight":0.0,"played":[0.0654,0.9346],"evs":[0.0,0.43071]},"95o":{"weight":0.0,"played":[0.3646,0.6354],"evs":[0.0,-0.85114]},"T5o":{"weight":0.0,"played":[0.8098,0.1902],"evs":[0.0,-0.28738]},"J5o":{"weight":0.0,"played":[0.3615,0.6385],"evs":[0.0,2.72823]},"Q5o":{"weight":0.0,"played":[0.9033,0.0967],"evs":[0.0,-3.44268]},"K5o":{"weight":0.0,"played":[0.1494,0.8506],"evs":[0.0,-0.07062]},"A5o":{"weight":0.0,"played":[0.0125,0.9875],"evs":[0.0,4.29681]},"62s":{"weight":0.0,"played":[0.2072,0.7928],"evs":[0.0,-2.3445]},"63s":{"weight":0.0,"played":[0.4131,0.5869],"evs":[0.0,2.53304]},"64s":{"weight":0.0,"played":[0.5445,0.4555],"evs":[0.0,7.8638]},"65s":{"weight":0.4755,"played":[0.042,0.958],"evs":[0.0,6.71851]},"66":{"weight":0.0082,"played":[0.4529,0.5471],"evs":[0.0,2.00035]},"76o":{"weight":0.0,"played":[0.9691,0.0309],"evs":[0.0,-5.11112]},"86o":{"weight":0.0,"played":[0.9288,0.0712],"evs":[0.0,-2.06698]},"96o":{"weight":0.0,"played":[0.6176,0.3824],"evs":[0.0,-4.35121]},"T6o":{"weight":0.0,"played":[0.8278,0.1722],"evs":[0.0,-0.74257]},"J6o":{"weight":0.0,"played":[0.6988,0.3012],"evs":[0.0,-2.46932]},"Q6o":{"weight":0.0,"played":[0.9436,0.0564],"evs":[0.0,-7.77642]},"K6o":{"weight":0.0,"played":[0.341,0.659],"evs":[0.0,5.11655]},"A6o":{"weight":1.0E-4,"played":[0.0017,0.9983],"evs":[0.0,2.71807]},"72s":{"weight":0.0,"played":[0.9614,0.0386],"evs":[0.0,-1.49629]},"73s":{"weight":0.0,"played":[0.1217,0.8783],"evs":[0.0,3.84735]},"74s":{"weight":0.0,"played":[0.1965,0.8035],"evs":[0.0,6.11689]},"75s":{"weight":0.0,"played":[0.5026,0.4974],"evs":[0.0,1.98552]},"76s":{"weight":0.0,"played":[0.398,0.602],"evs":[0.0,-2.14259]},"77":{"weight":0.0438,"played":[0.0,1.0],"evs":[0.0,5.96505]},"87o":{"weight":0.0,"played":[0.6628,0.3372],"evs":[0.0,3.32999]},"97o":{"weight":0.0,"played":[0.6516,0.3484],"evs":[0.0,-3.22216]},"T7o":{"weight":0.0,"played":[0.0564,0.9436],"evs":[0.0,3.66644]},"J7o":{"weight":0.0,"played":[0.6814,0.3186],"evs":[0.0,0.97923]},"Q7o":{"weight":0.0,"played":[0.3196,0.6804],"evs":[0.0,1.27203]},"K7o":{"weight":0.0,"played":[0.7797,0.2203],"evs":[0.0,0.30002]},"A7o":{"weight":0.0,"played":[0.0435,0.9565],"evs":[0.0,-0.59612]},"82s":{"weight":0.0,"played":[0.5261,0.4739],"evs":[0.0,0.80926]},"83s":{"weight":0.0,"played":[0.1077,0.8923],"evs":[0.0,1.11193]},"84s":{"weight":0.0,"played":[0.0774,0.9226],"evs":[0.0,3.15073]},"85s":{"weight":0.0,"played":[0.0691,0.9309],"evs":[0.0,5.49517]},"86s":{"weight":0.0407,"played":[0.4151,0.5849],"evs":[0.0,7.02129]},"87s":{"weight":0.0,"played":[0.0048,0.9952],"evs":[0.0,14.35293]},"88":{"weight":8.0E-4,"played":[0.0491,0.9509],"evs":[0.0,13.86181]},"98o":{"weight":0.0,"played":[0.1484,0.8516],"evs":[0.0,3.73606]},"T8o":{"weight":0.0,"played":[0.1292,0.8708],"evs":[0.0,6.20649]},"J8o":{"weight":0.0,"played":[0.1026,0.8974],"evs":[0.0,4.06213]},"Q8o":{"weight":0.0,"played":[0.6958,0.3042],"evs":[0.0,-1.83741]},"K8o":{"weight":0.0,"played":[0.3778,0.6222],"evs":[0.0,0.70934]},"A8o":{"weight":2.0E-4,"played":[0.4136,0.5864],"evs":[0.0,-0.6725]},"92s":{"weight":0.0,"played":[0.054,0.946],"evs":[0.0,1.56157]},"93s":{"weight":0.0,"played":[0.5872,0.4128],"evs":[0.0,3.67386]},"94s":{"weight":0.0,"played":[0.4939,0.5061],"evs":[0.0,-5.12225]},"95s":{"weight":0.0,"played":[0.3628,0.6372],"evs":[0.0,-3.3884]},"96s":{"weight":0.0,"played":[0.1336,0.8664],"evs":[0.0,8.24624]},"97s":{"weight":0.0,"played":[0.6737,0.3263],"evs":[0.0,-5.55086]},"98s":{"weight":0.011,"played":[0.7889,0.2111],"evs":[0.0,-3.62586]},"99":{"weight":6.0E-4,"played":[0.0492,0.9508],"evs":[0.0,13.25433]},"T9o":{"weight":0.0,"played":[0.2402,0.7598],"evs":[0.0,0.69702]},"J9o":{"weight":0.0,"played":[0.7924,0.2076],"evs":[0.0,-0.36099]},"Q9o":{"weight":0.0,"played":[0.4312,0.5688],"evs":[0.0,1.26657]},"K9o":{"weight":0.0,"played":[0.0159,0.9841],"evs":[0.0,0.97133]},"A9o":{"weight":0.3582,"played":[9.0E-4,0.9991],"evs":[0.0,4.21352]},"T2s":{"weight":0.0,"played":[0.5444,0.4556],"evs":[0.0,4.46779]},"T3s":{"weight":0.0,"played":[0.4255,0.5745],"evs":[0.0,-3.99778]},"T4s":{"weight":0.0,"played":[0.413,0.587],"evs":[0.0,-4.63082]},"T5s":{"weight":0.0,"played":[0.4971,0.5029],"evs":[0.0,0.06461]},"T6s":{"weight":0.0,"played":[0.1901,0.8099],"evs":[0.0,7.97312]},"T7s":{"weight":0.0,"played":[0.9903,0.0097],"evs":[0.0,-5.03924]},"T8s":{"weight":1.0E-4,"played":[0.5629,0.4371],"evs":[0.0,5.34724]},"T9s":{"weight":0.0019,"played":[0.6363,0.3637],"evs":[0.0,-1.40841]},"TT":{"weight":9.0E-4,"played":[0.0104,0.9896],"evs":[0.0,16.35949]},"JTo":{"weight":0.0,"played":[0.7576,0.2424],"evs":[0.0,1.00674]},"QTo":{"weight":1.0E-4,"played":[0.0185,0.9815],"evs":[0.0,3.26411]},"KTo":{"weight":3.0E-4,"played":[0.1876,0.8124],"evs":[0.0,4.84498]},"ATo":{"weight":0.0,"played":[0.2044,0.7956],"evs":[0.0,3.81883]},"J2s":{"weight":0.0,"played":[0.807,0.193],"evs":[0.0,-3.24328]},"J3s":{"weight":0.0,"played":[0.1255,0.8745],"evs":[0.0,9.05292]},"J4s":{"weight":0.0,"played":[0.3861,0.6139],"evs":[0.0,-4.09422]},"J5s":{"weight":0.0,"played":[0.3637,0.6363],"evs":[0.0,2.36033]},"J6s":{"weight":0.0,"played":[0.0,1.0],"evs":[0.0,4.03851]},"J7s":{"weight":0.0,"played":[0.4799,0.5201],"evs":[0.0,-4.24427]},"J8s":{"weight":0.0,"played":[0.0014,0.9986],"evs":[0.0,0.4303]},"J9s":{"weight":0.002,"played":[0.7879,0.2121],"evs":[0.0,-3.65116]},"JTs":{"weight":0.1291,"played":[0.295,0.705],"evs":[0.0,4.88176]},"JJ":{"weight":0.1733,"played":[0.0048,0.9952],"evs":[0.0,19.40133]},"QJo":{"weight":7.0E-4,"played":[0.2753,0.7247],"evs":[0.0,1.47795]},"KJo":{"weight":0.0098,"played":[0.0102,0.9898],"evs":[0.0,9.71166]},"AJo":{"weight":0.0013,"played":[0.0057,0.9943],"evs":[0.0,1.6503]},"Q2s":{"weight":0.0,"played":[0.0253,0.9747],"evs":[0.0,8.00405]},"Q3s":{"weight":0.0,"played":[0.344,0.656],"evs":[0.0,0.49722]},"Q4s":{"weight":0.0,"played":[0.4427,0.5573],"evs":[0.0,4.12365]},"Q5s":{"weight":0.0,"played":[0.1395,0.8605],"evs":[0.0,6.71507]},"Q6s":{"weight":0.0,"played":[0.4022,0.5978],"evs":[0.0,6.04534]},"Q7s":{"weight":0.0,"played":[0.2585,0.7415],"evs":[0.0,10.69539]},"Q8s":{"weight":0.0047,"played":[0.0113,0.9887],"evs":[0.0,9.64236]},"Q9s":{"weight":0.0127,"played":[0.0092,0.9908],"evs":[0.0,7.10624]},"QTs":{"weight":0.0019,"played":[0.674,0.326],"evs":[0.0,8.25182]},"QJs":{"weight":0.0,"played":[0.6864,0.3136],"evs":[0.0,-3.04035]},"QQ":{"weight":0.0035,"played":[0.0032,0.9968],"evs":[0.0,12.90173]},"KQo":{"weight":0.168,"played":[0.0409,0.9591],"evs":[0.0,4.60119]},"AQo":{"weight":0.0319,"played":[0.0615,0.9385],"evs":[0.0,5.45747]},"K2s":{"weight":0.0,"played":[0.2836,0.7164],"evs":[0.0,13.01512]},"K3s":{"weight":0.0,"played":[0.0114,0.9886],"evs":[0.0,10.32727]},"K4s":{"weight":1.0E-4,"played":[0.6928,0.3072],"evs":[0.0,2.68492]},"K5s":{"weight":9.0E-4,"played":[0.0739,0.9261],"evs":[0.0,2.87853]},"K6s":{"weight":0.0014,"played":[0.5538,0.4462],"evs":[0.0,3.57423]},"K7s":{"weight":1.0E-4,"played":[0.0,1.0],"evs":[0.0,9.29317]},"K8s":{"weight":0.0021,"played":[0.214,0.786],"evs":[0.0,8.85653]},"K9s":{"weight":2.0E-4,"played":[0.0712,0.9288],"evs":[0.0,5.45691]},"KTs":{"weight":2.0E-4,"played":[0.4191,0.5809],"evs":[0.0,-0.98548]},"KJs":{"weight":0.0063,"played":[0.3334,0.6666],"evs":[0.0,4.29519]},"KQs":{"weight":0.0076,"played":[0.9812,0.0188],"evs":[0.0,-6.87031]},"KK":{"weight":0.0025,"played":[0.0,1.0],"evs":[0.0,20.52455]},"AKo":{"weight":0.0249,"played":[0.0061,0.9939],"evs":[0.0,13.98096]},"A2s":{"weight":0.0,"played":[0.0486,0.9514],"evs":[0.0,3.96435]},"A3s":{"weight":0.0026,"played":[0.9481,0.0519],"evs":[0.0,-3.88939]},"A4s":{"weight":0.0,"played":[0.8255,0.1745],"evs":[0.0,-8.72178]},"A5s":{"weight":0.0,"played":[0.1109,0.8891],"evs":[0.0,3.50071]},"A6s":{"weight":0.0027,"played":[0.1137,0.8863],"evs":[0.0,12.89267]},"A7s":{"weight":0.0424,"played":[0.9737,0.0263],"evs":[0.0,-5.65902]},"A8s":{"weight":0.031,"played":[0.5144,0.4856],"evs":[0.0,0.4594]},"A9s":{"weight":0.0695,"played":[0.2734,0.7266],"evs":[0.0,11.0435]},"ATs":{"weight":0.004,"played":[0.002,0.998],"evs":[0.0,3.16048]},"AJs":{"weight":0.0246,"played":[0.1177,0.8823],"evs":[0.0,11.84231]},"AQs":{"weight":0.1205,"played":[0.0189,0.9811],"evs":[0.0,11.74456]},"AKs":{"weight":0.2512,"played":[4.0E-4,0.9996],"evs":[0.0,21.80639]},"AA":{"weight":0.5336,"played":[0.0155,0.9845],"evs":[0.0,26.88336]}}}