{"player":5,"street":0,"children":2,"sequence":[{"player":0,"type":"F","amount":0,"street":0},{"player":1,"type":"F","amount":0,"street":0},{"player":2,"type":"F","amount":0,"street":0},{"player":3,"type":"R","amount":2985000,"street":0},{"player":4,"type":"F","amount":0,"street":0}],"actions":[{"type":"F","amount":0},{"type":"C","amount":885000}],"hands":{"22":{"weight":1.0,"played":[0.9982,0.0018],"evs":[0.0,-0.53711]},"32o":{"weight":1.0,"played":[1.0,0.0],"evs":[0.0,-2.96574]},"42o":{"weight":1.0,"played":[1.0,0.0],"evs":[0.0,-2.46013]},"52o":{"weight":1.0,"played":[1.0,0.0],"evs":[0.0,-1.90306]},"62o":{"weight":1.0,"played":[1.0,0.0],"evs":[0.0,-2.07241]},"72o":{"weight":1.0,"played":[1.0,0.0],"evs":[0.0,-2.25172]},"82o":{"weight":1.0,"played":[1.0,0.0],"evs":[0.0,-2.20604]},"92o":{"weight":1.0,"played":[1.0,0.0],"evs":[0.0,-2.43904]},"T2o":{"weight":1.0,"played":[1.0,0.0],"evs":[0.0,-1.74542]},"J2o":{"weight":1.0,"played":[1.0,0.0],"evs":[0.0,-1.83265]},"Q2o":{"weight":1.0,"played":[1.0,0.0],"evs":[0.0,-2.05599]},"K2o":{"weight":1.0,"played":[1.0,0.0],"evs":[0.0,-1.9837]},"A2o":{"weight":1.0,"played":[1.0,0.0],"evs":[0.0,-0.60702]},"32s":{"weight":1.0,"played":[1.0,0.0],"evs":[0.0,-2.21155]},"33":{"weight":1.0,"played":[0.0,1.0],"evs":[0.0,0.82308]},"43o":{"weight":1.0,"played":[1.0,0.0],"evs":[0.0,-1.76415]},"53o":{"weight":1.0,"played":[1.0,0.0],"evs":[0.0,-1.32172]},"63o":{"weight":1.0,"played":[1.0,0.0],"evs":[0.0,-1.52048]},"73o":{"weight":1.0,"played":[1.0,0.0],"evs":[0.0,-1.57878]},"83o":{"weight":1.0,"played":[1.0,0.0],"evs":[0.0,-1.81338]},"93o":{"weight":1.0,"played":[1.0,0.0],"evs":[0.0,-1.84701]},"T3o":{"weight":1.0,"played":[1.0,0.0],"evs":[0.0,-1.31825]},"J3o":{"weight":1.0,"played":[1.0,0.0],"evs":[0.0,-1.34587]},"Q3o":{"weight":1.0,"played":[1.0,0.0],"evs":[0.0,-1.52926]},"K3o":{"weight":1.0,"played":[1.0,0.0],"evs":[0.0,-1.45939]},"A3o":{"weight":1.0,"played":[0.9996,4.0E-4],"evs":[0.0,-0.22561]},"42s":{"weight":1.0,"played":[1.0,0.0],"evs":[0.0,-1.76106]},"43s":{"weight":1.0,"played":[1.0,0.0],"evs":[0.0,-1.16196]},"44":{"weight":1.0,"played":[0.0,1.0],"evs":[0.0,2.8903]},"54o":{"weight":1.0,"played":[1.0,0.0],"evs":[0.0,-0.81177]},"64o":{"weight":1.0,"played":[1.0,0.0],"evs":[0.0,-0.95156]},"74o":{"weight":1.0,"played":[1.0,0.0],"evs":[0.0,-1.08077]},"84o":{"weight":1.0,"played":[1.0,0.0],"evs":[0.0,-1.40532]},"94o":{"weight":1.0,"played":[1.0,0.0],"evs":[0.0,-1.73034]},"T4o":{"weight":1.0,"played":[1.0,0.0],"evs":[0.0,-1.13214]},"J4o":{"weight":1.0,"played":[1.0,0.0],"evs":[0.0,-1.12244]},"Q4o":{"weight":1.0,"played":[1.0,0.0],"evs":[0.0,-1.34114]},"K4o":{"weight":1.0,"played":[1.0,0.0],"evs":[0.0,-1.25334]},"A4o":{"weight":1.0,"played":[0.1909,0.8091],"evs":[0.0,0.1709]},"52s":{"weight":1.0,"played":[1.0,0.0],"evs":[0.0,-1.23895]},"53s":{"weight":1.0,"played":[1.0,0.0],"evs":[0.0,-0.66811]},"54s":{"weight":1.0,"played":[0.9188,0.0812],"evs":[0.0,-0.14399]},"55":{"weight":1.0,"played":[0.0,1.0],"evs":[0.0,4.22053]},"65o":{"weight":1.0,"played":[1.0,0.0],"evs":[0.0,-0.26507]},"75o":{"weight":1.0,"played":[1.0,0.0],"evs":[0.0,-0.31445]},"85o":{"weight":1.0,"played":[1.0,0.0],"evs":[0.0,-0.5985]},"95o":{"weight":1.0,"played":[1.0,0.0],"evs":[0.0,-0.80133]},"T5o":{"weight":1.0,"played":[1.0,0.0],"evs":[0.0,-0.56184]},"J5o":{"weight":1.0,"played":[1.0,0.0],"evs":[0.0,-0.56278]},"Q5o":{"weight":1.0,"played":[1.0,0.0],"evs":[0.0,-0.66143]},"K5o":{"weight":1.0,"played":[1.0,0.0],"evs":[0.0,-0.56403]},"A5o":{"weight":1.0,"played":[4.0E-4,0.9996],"evs":[0.0,0.58132]},"62s":{"weight":1.0,"played":[1.0,0.0],"evs":[0.0,-1.44879]},"63s":{"weight":1.0,"played":[1.0,0.0],"evs":[0.0,-0.89977]},"64s":{"weight":1.0,"played":[1.0,0.0],"evs":[0.0,-0.30587]},"65s":{"weight":1.0,"played":[0.001,0.999],"evs":[0.0,0.1606]},"66":{"weight":1.0,"played":[0.0,1.0],"evs":[0.0,4.26003]},"76o":{"weight":1.0,"played":[0.999,0.001],"evs":[0.0,-0.19296]},"86o":{"weight":1.0,"played":[0.9999,1.0E-4],"evs":[0.0,-0.36016]},"96o":{"weight":1.0,"played":[1.0,0.0],"evs":[0.0,-0.61354]},"T6o":{"weight":1.0,"played":[1.0,0.0],"evs":[0.0,-0.35062]},"J6o":{"weight":1.0,"played":[1.0,0.0],"evs":[0.0,-0.53689]},"Q6o":{"weight":1.0,"played":[1.0,0.0],"evs":[0.0,-0.64464]},"K6o":{"weight":1.0,"played":[1.0,0.0],"evs":[0.0,-0.56061]},"A6o":{"weight":1.0,"played":[0.0,1.0],"evs":[0.0,0.46218]},"72s":{"weight":1.0,"played":[1.0,0.0],"evs":[0.0,-1.54098]},"73s":{"weight":1.0,"played":[1.0,0.0],"evs":[0.0,-0.89597]},"74s":{"weight":1.0,"played":[0.9998,2.0E-4],"evs":[0.0,-0.54971]},"75s":{"weight":1.0,"played":[4.0E-4,0.9996],"evs":[0.0,0.11177]},"76s":{"weight":1.0,"played":[1.0E-4,0.9999],"evs":[0.0,0.37835]},"77":{"weight":1.0,"played":[0.0,1.0],"evs":[0.0,4.23177]},"87o":{"weight":1.0,"played":[1.0,0.0],"evs":[0.0,-0.1733]},"97o":{"weight":1.0,"played":[1.0,0.0],"evs":[0.0,-0.27857]},"T7o":{"weight":1.0,"played":[1.0,0.0],"evs":[0.0,-0.17517]},"J7o":{"weight":1.0,"played":[1.0,0.0],"evs":[0.0,-0.36854]},"Q7o":{"weight":1.0,"played":[1.0,0.0],"evs":[0.0,-0.64602]},"K7o":{"weight":1.0,"played":[0.9999,1.0E-4],"evs":[0.0,-0.50384]},"A7o":{"weight":1.0,"played":[0.0021,0.9979],"evs":[0.0,0.56214]},"82s":{"weight":1.0,"played":[1.0,0.0],"evs":[0.0,-1.57223]},"83s":{"weight":1.0,"played":[1.0,0.0],"evs":[0.0,-1.17233]},"84s":{"weight":1.0,"played":[1.0,0.0],"evs":[0.0,-0.84163]},"85s":{"weight":1.0,"played":[0.9685,0.0315],"evs":[0.0,0.00502]},"86s":{"weight":1.0,"played":[0.283,0.717],"evs":[0.0,0.19343]},"87s":{"weight":1.0,"played":[6.0E-4,0.9994],"evs":[0.0,0.40943]},"88":{"weight":1.0,"played":[0.0,1.0],"evs":[0.0,4.44022]},"98o":{"weight":1.0,"played":[0.9998,2.0E-4],"evs":[0.0,-0.28983]},"T8o":{"weight":1.0,"played":[0.9687,0.0313],"evs":[0.0,-0.03376]},"J8o":{"weight":1.0,"played":[1.0,0.0],"evs":[0.0,-0.16472]},"Q8o":{"weight":1.0,"played":[1.0,0.0],"evs":[0.0,-0.57597]},"K8o":{"weight":1.0,"played":[1.0,0.0],"evs":[0.0,-0.59887]},"A8o":{"weight":1.0,"played":[0.0,1.0],"evs":[0.0,0.71475]},"92s":{"weight":1.0,"played":[1.0,0.0],"evs":[0.0,-1.66905]},"93s":{"weight":1.0,"played":[1.0,0.0],"evs":[0.0,-1.23044]},"94s":{"weight":1.0,"played":[0.9999,1.0E-4],"evs":[0.0,-1.08945]},"95s":{"weight":1.0,"played":[0.9947,0.0053],"evs":[0.0,-0.16211]},"96s":{"weight":1.0,"played":[0.7735,0.2265],"evs":[0.0,-0.08811]},"97s":{"weight":1.0,"played":[0.0101,0.9899],"evs":[0.0,0.24626]},"98s":{"weight":1.0,"played":[0.0088,0.9912],"evs":[0.0,0.29286]},"99":{"weight":1.0,"played":[0.0,1.0],"evs":[0.0,5.3389]},"T9o":{"weight":1.0,"played":[0.2957,0.7043],"evs":[0.0,0.03436]},"J9o":{"weight":1.0,"played":[1.0,0.0],"evs":[0.0,-0.19316]},"Q9o":{"weight":1.0,"played":[1.0,0.0],"evs":[0.0,-0.55392]},"K9o":{"weight":1.0,"played":[1.0,0.0],"evs":[0.0,-0.68236]},"A9o":{"weight":1.0,"played":[0.0,1.0],"evs":[0.0,1.71672]},"T2s":{"weight":1.0,"played":[1.0,0.0],"evs":[0.0,-1.28478]},"T3s":{"weight":1.0,"played":[1.0,0.0],"evs":[0.0,-0.68971]},"T4s":{"weight":1.0,"played":[1.0,0.0],"evs":[0.0,-0.55237]},"T5s":{"weight":1.0,"played":[0.7816,0.2184],"evs":[0.0,0.01363]},"T6s":{"weight":1.0,"played":[0.0417,0.9583],"evs":[0.0,0.17452]},"T7s":{"weight":1.0,"played":[0.0033,0.9967],"evs":[0.0,0.42071]},"T8s":{"weight":1.0,"played":[0.0,1.0],"evs":[0.0,0.57144]},"T9s":{"weight":1.0,"played":[0.0,1.0],"evs":[0.0,0.54046]},"TT":{"weight":1.0,"played":[0.0,1.0],"evs":[0.0,5.36791]},"JTo":{"weight":1.0,"played":[1.0E-4,0.9999],"evs":[0.0,0.64495]},"QTo":{"weight":1.0,"played":[1.0E-4,0.9999],"evs":[0.0,0.24105]},"KTo":{"weight":1.0,"played":[7.0E-4,0.9993],"evs":[0.0,0.11746]},"ATo":{"weight":1.0,"played":[0.0,1.0],"evs":[0.0,2.72425]},"J2s":{"weight":1.0,"played":[1.0,0.0],"evs":[0.0,-1.13477]},"J3s":{"weight":1.0,"played":[1.0,0.0],"evs":[0.0,-0.78557]},"J4s":{"weight":1.0,"played":[1.0,0.0],"evs":[0.0,-0.56237]},"J5s":{"weight":1.0,"played":[0.6675,0.3325],"evs":[0.0,-0.02451]},"J6s":{"weight":1.0,"played":[0.4332,0.5668],"evs":[0.0,0.04847]},"J7s":{"weight":1.0,"played":[0.0403,0.9597],"evs":[0.0,0.25434]},"J8s":{"weight":1.0,"played":[0.0129,0.9871],"evs":[0.0,0.41879]},"J9s":{"weight":1.0,"played":[0.0012,0.9988],"evs":[0.0,0.38531]},"JTs":{"weight":1.0,"played":[0.0,1.0],"evs":[0.0,1.05033]},"JJ":{"weight":1.0,"played":[0.0,1.0],"evs":[0.0,5.33922]},"QJo":{"weight":1.0,"played":[1.0E-4,0.9999],"evs":[0.0,0.25798]},"KJo":{"weight":1.0,"played":[0.0,1.0],"evs":[0.0,0.07606]},"AJo":{"weight":1.0,"played":[0.0,1.0],"evs":[0.0,2.83124]},"Q2s":{"weight":1.0,"played":[1.0,0.0],"evs":[0.0,-1.30577]},"Q3s":{"weight":1.0,"played":[1.0,0.0],"evs":[0.0,-0.89996]},"Q4s":{"weight":1.0,"played":[0.9995,5.0E-4],"evs":[0.0,-0.68203]},"Q5s":{"weight":1.0,"played":[0.9391,0.0609],"evs":[0.0,-0.04113]},"Q6s":{"weight":1.0,"played":[0.9131,0.0869],"evs":[0.0,-0.07547]},"Q7s":{"weight":1.0,"played":[0.6569,0.3431],"evs":[0.0,-0.04516]},"Q8s":{"weight":1.0,"played":[0.8746,0.1254],"evs":[0.0,0.00592]},"Q9s":{"weight":1.0,"played":[0.0382,0.9618],"evs":[0.0,0.16764]},"QTs":{"weight":1.0,"played":[0.0,1.0],"evs":[0.0,0.79228]},"QJs":{"weight":1.0,"played":[0.0,1.0],"evs":[0.0,0.75664]},"QQ":{"weight":1.0,"played":[0.0,1.0],"evs":[0.0,5.87963]},"KQo":{"weight":1.0,"played":[0.0,1.0],"evs":[0.0,0.70565]},"AQo":{"weight":1.0,"played":[0.0,1.0],"evs":[0.0,3.25331]},"K2s":{"weight":1.0,"played":[0.9999,1.0E-4],"evs":[0.0,-1.26138]},"K3s":{"weight":1.0,"played":[0.9997,3.0E-4],"evs":[0.0,-0.87086]},"K4s":{"weight":1.0,"played":[0.9998,2.0E-4],"evs":[0.0,-0.55885]},"K5s":{"weight":1.0,"played":[0.5283,0.4717],"evs":[0.0,0.06076]},"K6s":{"weight":1.0,"played":[0.437,0.563],"evs":[0.0,-0.01205]},"K7s":{"weight":1.0,"played":[0.2379,0.7621],"evs":[0.0,0.05787]},"K8s":{"weight":1.0,"played":[0.9815,0.0185],"evs":[0.0,-0.16465]},"K9s":{"weight":1.0,"played":[0.4821,0.5179],"evs":[0.0,-0.08466]},"KTs":{"weight":1.0,"played":[0.0,1.0],"evs":[0.0,0.6755]},"KJs":{"weight":1.0,"played":[0.0,1.0],"evs":[0.0,0.72562]},"KQs":{"weight":1.0,"played":[0.0,1.0],"evs":[0.0,1.25852]},"KK":{"weight":1.0,"played":[0.0,1.0],"evs":[0.0,6.44062]},"AKo":{"weight":1.0,"played":[0.0,1.0],"evs":[0.0,3.27057]},"A2s":{"weight":1.0,"played":[0.5018,0.4982],"evs":[0.0,-0.06437]},"A3s":{"weight":1.0,"played":[0.0105,0.9895],"evs":[0.0,0.25628]},"A4s":{"weight":1.0,"played":[4.0E-4,0.9996],"evs":[0.0,0.73219]},"A5s":{"weight":1.0,"played":[0.0,1.0],"evs":[0.0,1.14343]},"A6s":{"weight":1.0,"played":[0.0,1.0],"evs":[0.0,0.83873]},"A7s":{"weight":1.0,"played":[2.0E-4,0.9998],"evs":[0.0,1.11411]},"A8s":{"weight":1.0,"played":[0.0,1.0],"evs":[0.0,1.18326]},"A9s":{"weight":1.0,"played":[0.0,1.0],"evs":[0.0,2.22839]},"ATs":{"weight":1.0,"played":[0.0,1.0],"evs":[0.0,3.02291]},"AJs":{"weight":1.0,"played":[0.0,1.0],"evs":[0.0,3.10412]},"AQs":{"weight":1.0,"played":[0.0,1.0],"evs":[0.0,3.66713]},"AKs":{"weight":1.0,"played":[0.0,1.0],"evs":[0.0,3.58644]},"AA":{"weight":1.0,"played":[0.0,1.0],"evs":[0.0,7.70152]}}}