{"player":1,"street":0,"children":2,"sequence":[{"player":0,"type":"F","amount":0,"street":0},{"player":1,"type":"R","amount":200000,"street":0},{"player":2,"type":"C","amount":200000,"street":0},{"player":3,"type":"C","amount":200000,"street":0},{"player":4,"type":"R","amount":2985000,"street":0},{"player":5,"type":"F","amount":0,"street":0}],"actions":[{"type":"F","amount":0,"node":212},{"type":"C","amount":1065000,"node":215}],"hands":{"22":{"weight":0.0,"played":[0.3394,0.6606],"evs":[0.0,-0.74795]},"32o":{"weight":0.0,"played":[0.9998,2.0E-4],"evs":[0.0,-3.51659]},"42o":{"weight":0.0,"played":[0.9998,2.0E-4],"evs":[0.0,-3.19139]},"52o":{"weight":0.0,"played":[0.9993,7.0E-4],"evs":[0.0,-3.19653]},"62o":{"weight":0.0,"played":[0.9979,0.0021],"evs":[0.0,-3.32503]},"72o":{"weight":0.0,"played":[0.9985,0.0015],"evs":[0.0,-3.8634]},"82o":{"weight":0.0,"played":[0.9996,4.0E-4],"evs":[0.0,-3.82527]},"92o":{"weight":0.0,"played":[0.9997,3.0E-4],"evs":[0.0,-3.78097]},"T2o":{"weight":0.0,"played":[0.9999,1.0E-4],"evs":[0.0,-3.6074]},"J2o":{"weight":0.0,"played":[0.9984,0.0016],"evs":[0.0,-3.68256]},"Q2o":{"weight":0.0,"played":[0.9991,9.0E-4],"evs":[0.0,-3.23361]},"K2o":{"weight":0.0,"played":[0.9996,4.0E-4],"evs":[0.0,-2.68654]},"A2o":{"weight":0.0,"played":[0.9596,0.0404],"evs":[0.0,-1.7927]},"32s":{"weight":0.0,"played":[0.9729,0.0271],"evs":[0.0,-3.05288]},"33":{"weight":0.0633,"played":[0.9915,0.0085],"evs":[0.0,-1.9791]},"43o":{"weight":0.0,"played":[0.9998,2.0E-4],"evs":[0.0,-2.32466]},"53o":{"weight":0.0,"played":[0.9994,6.0E-4],"evs":[0.0,-2.66928]},"63o":{"weight":0.0,"played":[0.999,0.001],"evs":[0.0,-3.05089]},"73o":{"weight":0.0,"played":[0.9999,1.0E-4],"evs":[0.0,-2.754]},"83o":{"weight":0.0,"played":[0.9997,3.0E-4],"evs":[0.0,-3.1805]},"93o":{"weight":0.0,"played":[0.9996,4.0E-4],"evs":[0.0,-3.34389]},"T3o":{"weight":0.0,"played":[0.9997,3.0E-4],"evs":[0.0,-3.11124]},"J3o":{"weight":0.0,"played":[0.9999,1.0E-4],"evs":[0.0,-2.86291]},"Q3o":{"weight":0.0,"played":[0.9998,2.0E-4],"evs":[0.0,-2.83506]},"K3o":{"weight":0.0,"played":[0.999,0.001],"evs":[0.0,-1.80465]},"A3o":{"weight":0.0,"played":[0.9919,0.0081],"evs":[0.0,-1.68782]},"42s":{"weight":0.0,"played":[0.9908,0.0092],"evs":[0.0,-1.96077]},"43s":{"weight":0.0,"played":[0.9097,0.0903],"evs":[0.0,-1.02133]},"44":{"weight":0.0,"played":[0.4172,0.5828],"evs":[0.0,-0.10693]},"54o":{"weight":0.0,"played":[1.0,0.0],"evs":[0.0,-2.09373]},"64o":{"weight":0.0,"played":[0.9997,3.0E-4],"evs":[0.0,-1.92848]},"74o":{"weight":0.0,"played":[0.9998,2.0E-4],"evs":[0.0,-2.40047]},"84o":{"weight":0.0,"played":[1.0,0.0],"evs":[0.0,-2.67749]},"94o":{"weight":0.0,"played":[0.9999,1.0E-4],"evs":[0.0,-3.94767]},"T4o":{"weight":0.0,"played":[0.9998,2.0E-4],"evs":[0.0,-3.24415]},"J4o":{"weight":0.0,"played":[0.9998,2.0E-4],"evs":[0.0,-3.4512]},"Q4o":{"weight":0.0,"played":[0.9771,0.0229],"evs":[0.0,-2.79404]},"K4o":{"weight":0.0,"played":[0.9999,1.0E-4],"evs":[0.0,-2.57676]},"A4o":{"weight":0.0,"played":[0.9828,0.0172],"evs":[0.0,-1.26433]},"52s":{"weight":0.0,"played":[0.9919,0.0081],"evs":[0.0,-2.19434]},"53s":{"weight":0.0,"played":[0.9941,0.0059],"evs":[0.0,-1.48081]},"54s":{"weight":0.0,"played":[0.1382,0.8618],"evs":[0.0,-0.13243]},"55":{"weight":0.0,"played":[0.0675,0.9325],"evs":[0.0,0.2099]},"65o":{"weight":0.0,"played":[0.984,0.016],"evs":[0.0,-2.28626]},"75o":{"weight":0.0,"played":[0.9965,0.0035],"evs":[0.0,-2.69317]},"85o":{"weight":0.0,"played":[0.9969,0.0031],"evs":[0.0,-1.73827]},"95o":{"weight":0.0,"played":[1.0,0.0],"evs":[0.0,-3.4771]},"T5o":{"weight":0.0,"played":[1.0,0.0],"evs":[0.0,-2.8069]},"J5o":{"weight":0.0,"played":[1.0,0.0],"evs":[0.0,-2.57617]},"Q5o":{"weight":0.0,"played":[0.9948,0.0052],"evs":[0.0,-2.62186]},"K5o":{"weight":0.0,"played":[0.9952,0.0048],"evs":[0.0,-2.14336]},"A5o":{"weight":0.0159,"played":[0.9759,0.0241],"evs":[0.0,-1.80543]},"62s":{"weight":0.0,"played":[0.4974,0.5026],"evs":[0.0,-1.49601]},"63s":{"weight":0.0,"played":[0.9634,0.0366],"evs":[0.0,-1.88657]},"64s":{"weight":0.0,"played":[0.9694,0.0306],"evs":[0.0,-1.74132]},"65s":{"weight":0.0,"played":[0.4364,0.5636],"evs":[0.0,-0.86003]},"66":{"weight":0.0,"played":[0.0846,0.9154],"evs":[0.0,0.66995]},"76o":{"weight":0.0,"played":[0.7691,0.2309],"evs":[0.0,-1.83792]},"86o":{"weight":0.0,"played":[0.9745,0.0255],"evs":[0.0,-2.28797]},"96o":{"weight":0.0,"played":[0.9994,6.0E-4],"evs":[0.0,-2.47138]},"T6o":{"weight":0.0,"played":[0.9934,0.0066],"evs":[0.0,-2.54025]},"J6o":{"weight":0.0,"played":[0.9978,0.0022],"evs":[0.0,-2.83691]},"Q6o":{"weight":0.0,"played":[0.9976,0.0024],"evs":[0.0,-1.88343]},"K6o":{"weight":0.0,"played":[0.9582,0.0418],"evs":[0.0,-1.54897]},"A6o":{"weight":0.0,"played":[0.96,0.04],"evs":[0.0,-2.36108]},"72s":{"weight":0.0,"played":[0.989,0.011],"evs":[0.0,-2.55028]},"73s":{"weight":0.0,"played":[0.936,0.064],"evs":[0.0,-1.95045]},"74s":{"weight":0.0,"played":[0.9834,0.0166],"evs":[0.0,-1.23726]},"75s":{"weight":0.0,"played":[0.7275,0.2725],"evs":[0.0,-1.43348]},"76s":{"weight":0.0,"played":[0.154,0.846],"evs":[0.0,0.32441]},"77":{"weight":0.0,"played":[0.0095,0.9905],"evs":[0.0,1.39376]},"87o":{"weight":0.0,"played":[0.9811,0.0189],"evs":[0.0,-1.41469]},"97o":{"weight":0.0,"played":[0.999,0.001],"evs":[0.0,-2.14609]},"T7o":{"weight":0.0,"played":[0.9996,4.0E-4],"evs":[0.0,-2.16344]},"J7o":{"weight":0.0,"played":[0.9975,0.0025],"evs":[0.0,-1.75417]},"Q7o":{"weight":0.0,"played":[0.9969,0.0031],"evs":[0.0,-3.06375]},"K7o":{"weight":0.0,"played":[0.972,0.028],"evs":[0.0,-1.74104]},"A7o":{"weight":0.1683,"played":[0.9202,0.0798],"evs":[0.0,-1.89938]},"82s":{"weight":0.0,"played":[0.9957,0.0043],"evs":[0.0,-3.31263]},"83s":{"weight":0.0,"played":[0.9806,0.0194],"evs":[0.0,-1.21356]},"84s":{"weight":0.0,"played":[0.8773,0.1227],"evs":[0.0,-1.19344]},"85s":{"weight":0.0,"played":[0.994,0.006],"evs":[0.0,-1.10654]},"86s":{"weight":0.0,"played":[0.0966,0.9034],"evs":[0.0,0.7603]},"87s":{"weight":0.0,"played":[0.5244,0.4756],"evs":[0.0,-0.65203]},"88":{"weight":0.0,"played":[0.0,1.0],"evs":[0.0,1.33935]},"98o":{"weight":0.0,"played":[0.9787,0.0213],"evs":[0.0,-1.99504]},"T8o":{"weight":0.0,"played":[0.9992,8.0E-4],"evs":[0.0,-1.31834]},"J8o":{"weight":0.0,"played":[0.9849,0.0151],"evs":[0.0,-1.71147]},"Q8o":{"weight":0.0,"played":[0.9981,0.0019],"evs":[0.0,-1.95304]},"K8o":{"weight":0.0,"played":[0.9794,0.0206],"evs":[0.0,-1.67152]},"A8o":{"weight":0.0158,"played":[0.8154,0.1846],"evs":[0.0,-1.63839]},"92s":{"weight":0.0,"played":[0.9774,0.0226],"evs":[0.0,-2.7911]},"93s":{"weight":0.0,"played":[0.9992,8.0E-4],"evs":[0.0,-1.78419]},"94s":{"weight":0.0,"played":[0.9243,0.0757],"evs":[0.0,-2.40505]},"95s":{"weight":0.0,"played":[0.9428,0.0572],"evs":[0.0,-2.10525]},"96s":{"weight":0.0,"played":[0.594,0.406],"evs":[0.0,-0.96363]},"97s":{"weight":0.0,"played":[0.7907,0.2093],"evs":[0.0,-1.00009]},"98s":{"weight":0.0,"played":[0.2817,0.7183],"evs":[0.0,-0.15723]},"99":{"weight":1.0E-4,"played":[0.0,1.0],"evs":[0.0,2.52496]},"T9o":{"weight":0.0,"played":[0.9824,0.0176],"evs":[0.0,-2.0963]},"J9o":{"weight":0.0,"played":[0.895,0.105],"evs":[0.0,-1.60725]},"Q9o":{"weight":0.0,"played":[0.9559,0.0441],"evs":[0.0,-2.57796]},"K9o":{"weight":0.0,"played":[0.962,0.038],"evs":[0.0,-1.45436]},"A9o":{"weight":0.0363,"played":[0.9383,0.0617],"evs":[0.0,-2.03847]},"T2s":{"weight":0.0,"played":[0.9998,2.0E-4],"evs":[0.0,-2.44453]},"T3s":{"weight":0.0,"played":[0.8468,0.1532],"evs":[0.0,-1.91066]},"T4s":{"weight":0.0,"played":[0.8684,0.1316],"evs":[0.0,-1.24178]},"T5s":{"weight":0.0,"played":[0.8285,0.1715],"evs":[0.0,-0.56705]},"T6s":{"weight":0.0,"played":[0.369,0.631],"evs":[0.0,0.06997]},"T7s":{"weight":0.0,"played":[0.7491,0.2509],"evs":[0.0,-0.82587]},"T8s":{"weight":0.0,"played":[0.9383,0.0617],"evs":[0.0,-0.64949]},"T9s":{"weight":0.0041,"played":[0.0367,0.9633],"evs":[0.0,0.0013]},"TT":{"weight":0.0,"played":[5.0E-4,0.9995],"evs":[0.0,2.87538]},"JTo":{"weight":0.0,"played":[0.8003,0.1997],"evs":[0.0,-0.48225]},"QTo":{"weight":0.0,"played":[0.8264,0.1736],"evs":[0.0,-1.1327]},"KTo":{"weight":0.0273,"played":[0.2731,0.7269],"evs":[0.0,-0.21103]},"ATo":{"weight":0.0,"played":[0.7535,0.2465],"evs":[0.0,-1.36029]},"J2s":{"weight":0.0,"played":[0.9237,0.0763],"evs":[0.0,-2.21048]},"J3s":{"weight":0.0,"played":[0.998,0.002],"evs":[0.0,-2.66986]},"J4s":{"weight":0.0,"played":[0.9973,0.0027],"evs":[0.0,-1.84345]},"J5s":{"weight":0.0,"played":[0.6574,0.3426],"evs":[0.0,0.17726]},"J6s":{"weight":0.0,"played":[0.7087,0.2913],"evs":[0.0,-0.64722]},"J7s":{"weight":0.0,"played":[0.9955,0.0045],"evs":[0.0,-1.36283]},"J8s":{"weight":0.0,"played":[0.6917,0.3083],"evs":[0.0,-0.34456]},"J9s":{"weight":0.0,"played":[0.4883,0.5117],"evs":[0.0,-0.72781]},"JTs":{"weight":0.3519,"played":[0.7373,0.2627],"evs":[0.0,0.29452]},"JJ":{"weight":0.0,"played":[0.0,1.0],"evs":[0.0,4.25749]},"QJo":{"weight":0.038,"played":[0.8976,0.1024],"evs":[0.0,-1.18672]},"KJo":{"weight":0.0,"played":[0.0571,0.9429],"evs":[0.0,-2.6E-4]},"AJo":{"weight":0.0,"played":[0.6874,0.3126],"evs":[0.0,-0.41819]},"Q2s":{"weight":0.0,"played":[0.9493,0.0507],"evs":[0.0,-2.15344]},"Q3s":{"weight":0.0,"played":[0.8683,0.1317],"evs":[0.0,-1.82066]},"Q4s":{"weight":0.0,"played":[0.9317,0.0683],"evs":[0.0,-1.3738]},"Q5s":{"weight":0.0,"played":[0.8825,0.1175],"evs":[0.0,-2.65448]},"Q6s":{"weight":0.0,"played":[0.8739,0.1261],"evs":[0.0,-1.70157]},"Q7s":{"weight":0.0,"played":[0.629,0.371],"evs":[0.0,-1.61707]},"Q8s":{"weight":0.0,"played":[0.4257,0.5743],"evs":[0.0,-0.72698]},"Q9s":{"weight":0.0314,"played":[0.6892,0.3108],"evs":[0.0,-0.57858]},"QTs":{"weight":4.0E-4,"played":[0.105,0.895],"evs":[0.0,1.10812]},"QJs":{"weight":0.0249,"played":[0.3698,0.6302],"evs":[0.0,-0.23346]},"QQ":{"weight":0.0,"played":[0.0,1.0],"evs":[0.0,6.51015]},"KQo":{"weight":0.0,"played":[0.7407,0.2593],"evs":[0.0,-1.12966]},"AQo":{"weight":0.0,"played":[0.0,1.0],"evs":[0.0,1.48838]},"K2s":{"weight":0.0,"played":[0.8053,0.1947],"evs":[0.0,-0.14388]},"K3s":{"weight":0.0,"played":[0.9919,0.0081],"evs":[0.0,-2.03701]},"K4s":{"weight":0.0,"played":[0.1193,0.8807],"evs":[0.0,0.98103]},"K5s":{"weight":0.0,"played":[0.9752,0.0248],"evs":[0.0,-0.26861]},"K6s":{"weight":0.0,"played":[0.1647,0.8353],"evs":[0.0,0.88938]},"K7s":{"weight":0.0,"played":[0.6803,0.3197],"evs":[0.0,-1.43899]},"K8s":{"weight":0.0,"played":[0.9825,0.0175],"evs":[0.0,-1.11997]},"K9s":{"weight":0.0118,"played":[0.0067,0.9933],"evs":[0.0,0.36877]},"KTs":{"weight":0.0091,"played":[0.0035,0.9965],"evs":[0.0,1.69943]},"KJs":{"weight":0.0164,"played":[0.0263,0.9737],"evs":[0.0,1.45194]},"KQs":{"weight":0.0,"played":[2.0E-4,0.9998],"evs":[0.0,2.09257]},"KK":{"weight":0.0019,"played":[0.0,1.0],"evs":[0.0,10.40718]},"AKo":{"weight":0.0,"played":[0.0,1.0],"evs":[0.0,3.0588]},"A2s":{"weight":0.0124,"played":[0.9141,0.0859],"evs":[0.0,-1.46053]},"A3s":{"weight":0.0,"played":[0.7151,0.2849],"evs":[0.0,-1.1537]},"A4s":{"weight":3.0E-4,"played":[0.3935,0.6065],"evs":[0.0,0.45877]},"A5s":{"weight":0.0,"played":[0.5079,0.4921],"evs":[0.0,0.96156]},"A6s":{"weight":0.0,"played":[0.4605,0.5395],"evs":[0.0,0.06826]},"A7s":{"weight":0.0,"played":[0.5625,0.4375],"evs":[0.0,0.10192]},"A8s":{"weight":0.0,"played":[0.2231,0.7769],"evs":[0.0,0.43418]},"A9s":{"weight":0.0,"played":[0.4124,0.5876],"evs":[0.0,0.2908]},"ATs":{"weight":0.0,"played":[0.2435,0.7565],"evs":[0.0,0.68998]},"AJs":{"weight":0.0,"played":[0.0013,0.9987],"evs":[0.0,1.92712]},"AQs":{"weight":2.0E-4,"played":[0.0059,0.9941],"evs":[0.0,1.03172]},"AKs":{"weight":7.0E-4,"played":[2.0E-4,0.9998],"evs":[0.0,4.08763]},"AA":{"weight":0.367,"played":[0.0,1.0],"evs":[0.0,14.88083]}}}