{"player":3,"street":0,"children":2,"sequence":[{"player":0,"type":"F","amount":0,"street":0},{"player":1,"type":"R","amount":200000,"street":0},{"player":2,"type":"C","amount":200000,"street":0},{"player":3,"type":"C","amount":200000,"street":0},{"player":4,"type":"R","amount":2985000,"street":0},{"player":5,"type":"F","amount":0,"street":0},{"player":1,"type":"C","amount":1065000,"street":0},{"player":2,"type":"F","amount":0,"street":0}],"actions":[{"type":"F","amount":0},{"type":"C","amount":2785000}],"hands":{"22":{"weight":0.001,"played":[0.9518,0.0482],"evs":[0.0,-7.08443]},"32o":{"weight":2.0E-4,"played":[0.9988,0.0012],"evs":[0.0,-9.29045]},"42o":{"weight":0.0,"played":[0.7605,0.2395],"evs":[0.0,-8.12061]},"52o":{"weight":0.0,"played":[0.9319,0.0681],"evs":[0.0,-6.45374]},"62o":{"weight":0.0,"played":[0.9732,0.0268],"evs":[0.0,-14.48343]},"72o":{"weight":0.0,"played":[0.9975,0.0025],"evs":[0.0,-7.57163]},"82o":{"weight":0.0,"played":[0.9863,0.0137],"evs":[0.0,-14.1703]},"92o":{"weight":6.0E-4,"played":[0.9173,0.0827],"evs":[0.0,-11.39865]},"T2o":{"weight":0.0,"played":[0.9575,0.0425],"evs":[0.0,-12.9997]},"J2o":{"weight":0.0,"played":[0.9527,0.0473],"evs":[0.0,-6.47964]},"Q2o":{"weight":1.0E-4,"played":[0.898,0.102],"evs":[0.0,-4.23754]},"K2o":{"weight":6.0E-4,"played":[0.9305,0.0695],"evs":[0.0,-5.61558]},"A2o":{"weight":8.0E-4,"played":[0.5558,0.4442],"evs":[0.0,-5.39563]},"32s":{"weight":2.0E-4,"played":[0.9609,0.0391],"evs":[0.0,-6.66248]},"33":{"weight":0.0143,"played":[0.6142,0.3858],"evs":[0.0,-4.51281]},"43o":{"weight":0.0,"played":[0.9291,0.0709],"evs":[0.0,-5.39217]},"53o":{"weight":0.0,"played":[0.8754,0.1246],"evs":[0.0,-3.42463]},"63o":{"weight":0.0,"played":[0.9969,0.0031],"evs":[0.0,-11.01267]},"73o":{"weight":0.0,"played":[0.931,0.069],"evs":[0.0,-8.02452]},"83o":{"weight":0.0,"played":[0.9588,0.0412],"evs":[0.0,-11.1976]},"93o":{"weight":0.0,"played":[0.8192,0.1808],"evs":[0.0,-7.72]},"T3o":{"weight":0.0,"played":[0.9731,0.0269],"evs":[0.0,-9.61693]},"J3o":{"weight":5.0E-4,"played":[0.9995,5.0E-4],"evs":[0.0,-10.10157]},"Q3o":{"weight":2.0E-4,"played":[0.9981,0.0019],"evs":[0.0,-7.7221]},"K3o":{"weight":0.0,"played":[0.9106,0.0894],"evs":[0.0,-10.29878]},"A3o":{"weight":4.0E-4,"played":[0.9762,0.0238],"evs":[0.0,-3.13293]},"42s":{"weight":0.0028,"played":[0.8889,0.1111],"evs":[0.0,-7.2747]},"43s":{"weight":1.0E-4,"played":[0.0369,0.9631],"evs":[0.0,1.73713]},"44":{"weight":0.1728,"played":[0.7268,0.2732],"evs":[0.0,-3.71661]},"54o":{"weight":0.0,"played":[0.6734,0.3266],"evs":[0.0,-6.13673]},"64o":{"weight":0.0,"played":[0.7575,0.2425],"evs":[0.0,-3.8064]},"74o":{"weight":0.0,"played":[0.9974,0.0026],"evs":[0.0,-9.74614]},"84o":{"weight":0.0,"played":[0.9576,0.0424],"evs":[0.0,-8.43305]},"94o":{"weight":0.0,"played":[0.5861,0.4139],"evs":[0.0,-7.90798]},"T4o":{"weight":0.0,"played":[0.8919,0.1081],"evs":[0.0,-3.90525]},"J4o":{"weight":1.0E-4,"played":[0.7943,0.2057],"evs":[0.0,-7.96034]},"Q4o":{"weight":0.0017,"played":[0.9341,0.0659],"evs":[0.0,-3.2874]},"K4o":{"weight":0.0,"played":[0.3756,0.6244],"evs":[0.0,-1.07013]},"A4o":{"weight":0.0012,"played":[0.8291,0.1709],"evs":[0.0,-5.99268]},"52s":{"weight":0.0,"played":[0.9736,0.0264],"evs":[0.0,-6.92744]},"53s":{"weight":2.0E-4,"played":[0.6266,0.3734],"evs":[0.0,-7.43632]},"54s":{"weight":0.0046,"played":[0.9375,0.0625],"evs":[0.0,-10.49988]},"55":{"weight":0.3112,"played":[0.4478,0.5522],"evs":[0.0,-5.12684]},"65o":{"weight":6.0E-4,"played":[0.5894,0.4106],"evs":[0.0,-8.33221]},"75o":{"weight":2.0E-4,"played":[0.9712,0.0288],"evs":[0.0,-5.6077]},"85o":{"weight":0.0,"played":[0.7919,0.2081],"evs":[0.0,-2.82285]},"95o":{"weight":3.0E-4,"played":[0.9687,0.0313],"evs":[0.0,-9.27324]},"T5o":{"weight":0.0,"played":[0.9322,0.0678],"evs":[0.0,-8.22194]},"J5o":{"weight":3.0E-4,"played":[0.991,0.009],"evs":[0.0,-12.74547]},"Q5o":{"weight":7.0E-4,"played":[0.9486,0.0514],"evs":[0.0,-7.95726]},"K5o":{"weight":0.0,"played":[0.9052,0.0948],"evs":[0.0,-8.49913]},"A5o":{"weight":0.0017,"played":[0.5778,0.4222],"evs":[0.0,-2.14179]},"62s":{"weight":1.0E-4,"played":[0.909,0.091],"evs":[0.0,-6.72662]},"63s":{"weight":0.003,"played":[0.5182,0.4818],"evs":[0.0,-0.58116]},"64s":{"weight":0.0035,"played":[0.4397,0.5603],"evs":[0.0,-0.09327]},"65s":{"weight":0.0044,"played":[0.8975,0.1025],"evs":[0.0,-8.29366]},"66":{"weight":0.1111,"played":[0.28,0.72],"evs":[0.0,-0.38564]},"76o":{"weight":0.0,"played":[0.7606,0.2394],"evs":[0.0,-5.98774]},"86o":{"weight":0.0,"played":[0.378,0.622],"evs":[0.0,-0.86682]},"96o":{"weight":2.0E-4,"played":[0.845,0.155],"evs":[0.0,-4.40527]},"T6o":{"weight":0.0,"played":[0.9725,0.0275],"evs":[0.0,-11.25569]},"J6o":{"weight":1.0E-4,"played":[0.6763,0.3237],"evs":[0.0,-1.63378]},"Q6o":{"weight":3.0E-4,"played":[0.8818,0.1182],"evs":[0.0,-3.51406]},"K6o":{"weight":1.0E-4,"played":[0.8,0.2],"evs":[0.0,-0.80072]},"A6o":{"weight":0.0,"played":[0.8529,0.1471],"evs":[0.0,-2.26049]},"72s":{"weight":5.0E-4,"played":[0.824,0.176],"evs":[0.0,-6.35165]},"73s":{"weight":1.0E-4,"played":[0.8688,0.1312],"evs":[0.0,-14.05947]},"74s":{"weight":4.0E-4,"played":[0.7725,0.2275],"evs":[0.0,-8.77749]},"75s":{"weight":7.0E-4,"played":[0.8586,0.1414],"evs":[0.0,-8.89831]},"76s":{"weight":0.0043,"played":[0.7151,0.2849],"evs":[0.0,-10.00995]},"77":{"weight":0.5054,"played":[0.3696,0.6304],"evs":[0.0,5.02318]},"87o":{"weight":1.0E-4,"played":[0.9712,0.0288],"evs":[0.0,-10.56411]},"97o":{"weight":5.0E-4,"played":[0.8425,0.1575],"evs":[0.0,-7.16758]},"T7o":{"weight":0.0028,"played":[0.8472,0.1528],"evs":[0.0,-5.89874]},"J7o":{"weight":0.0,"played":[0.8771,0.1229],"evs":[0.0,-4.61075]},"Q7o":{"weight":2.0E-4,"played":[0.9232,0.0768],"evs":[0.0,-11.33756]},"K7o":{"weight":0.0,"played":[0.9994,6.0E-4],"evs":[0.0,-7.01903]},"A7o":{"weight":0.0,"played":[0.9626,0.0374],"evs":[0.0,-10.02666]},"82s":{"weight":0.0014,"played":[0.8804,0.1196],"evs":[0.0,-3.29639]},"83s":{"weight":0.0,"played":[0.0325,0.9675],"evs":[0.0,4.20285]},"84s":{"weight":1.0E-4,"played":[0.9716,0.0284],"evs":[0.0,-8.10584]},"85s":{"weight":3.0E-4,"played":[0.9628,0.0372],"evs":[0.0,-6.28952]},"86s":{"weight":0.0024,"played":[0.5159,0.4841],"evs":[0.0,-0.91692]},"87s":{"weight":0.0,"played":[0.981,0.019],"evs":[0.0,-11.24794]},"88":{"weight":0.839,"played":[0.0786,0.9214],"evs":[0.0,3.90371]},"98o":{"weight":2.0E-4,"played":[0.9997,3.0E-4],"evs":[0.0,-4.1176]},"T8o":{"weight":1.0E-4,"played":[0.9978,0.0022],"evs":[0.0,-7.28299]},"J8o":{"weight":6.0E-4,"played":[0.9724,0.0276],"evs":[0.0,-8.41393]},"Q8o":{"weight":0.0,"played":[0.9864,0.0136],"evs":[0.0,-9.30673]},"K8o":{"weight":2.0E-4,"played":[0.9677,0.0323],"evs":[0.0,-5.02335]},"A8o":{"weight":0.0093,"played":[0.2219,0.7781],"evs":[0.0,-0.76721]},"92s":{"weight":0.0046,"played":[0.6892,0.3108],"evs":[0.0,-0.78808]},"93s":{"weight":2.0E-4,"played":[0.8084,0.1916],"evs":[0.0,-5.05658]},"94s":{"weight":0.0042,"played":[0.9807,0.0193],"evs":[0.0,-11.44737]},"95s":{"weight":9.0E-4,"played":[0.8573,0.1427],"evs":[0.0,-4.36947]},"96s":{"weight":0.0018,"played":[0.8735,0.1265],"evs":[0.0,-8.70363]},"97s":{"weight":4.0E-4,"played":[0.8281,0.1719],"evs":[0.0,-3.19694]},"98s":{"weight":0.0022,"played":[0.4787,0.5213],"evs":[0.0,2.52012]},"99":{"weight":0.1131,"played":[0.1281,0.8719],"evs":[0.0,-2.72838]},"T9o":{"weight":3.0E-4,"played":[0.9632,0.0368],"evs":[0.0,-2.96848]},"J9o":{"weight":7.0E-4,"played":[0.7854,0.2146],"evs":[0.0,-6.16291]},"Q9o":{"weight":0.0031,"played":[0.9939,0.0061],"evs":[0.0,-2.80755]},"K9o":{"weight":0.0037,"played":[0.0037,0.9963],"evs":[0.0,2.53438]},"A9o":{"weight":0.0384,"played":[0.2634,0.7366],"evs":[0.0,-0.47058]},"T2s":{"weight":0.0013,"played":[0.5577,0.4423],"evs":[0.0,-5.66915]},"T3s":{"weight":0.0016,"played":[0.5651,0.4349],"evs":[0.0,1.3485]},"T4s":{"weight":0.0,"played":[0.6821,0.3179],"evs":[0.0,-5.41694]},"T5s":{"weight":0.0015,"played":[0.8693,0.1307],"evs":[0.0,-7.58345]},"T6s":{"weight":4.0E-4,"played":[0.2302,0.7698],"evs":[0.0,5.83854]},"T7s":{"weight":0.0038,"played":[0.6022,0.3978],"evs":[0.0,-4.78895]},"T8s":{"weight":0.0178,"played":[0.6245,0.3755],"evs":[0.0,-2.83028]},"T9s":{"weight":0.1463,"played":[0.6813,0.3187],"evs":[0.0,-9.13481]},"TT":{"weight":0.4179,"played":[0.005,0.995],"evs":[0.0,8.76807]},"JTo":{"weight":1.0E-4,"played":[0.6883,0.3117],"evs":[0.0,-3.95523]},"QTo":{"weight":0.0024,"played":[0.7055,0.2945],"evs":[0.0,-6.88748]},"KTo":{"weight":0.0016,"played":[0.7911,0.2089],"evs":[0.0,-7.9361]},"ATo":{"weight":0.1798,"played":[0.0231,0.9769],"evs":[0.0,7.55359]},"J2s":{"weight":1.0E-4,"played":[0.9772,0.0228],"evs":[0.0,-12.97845]},"J3s":{"weight":4.0E-4,"played":[0.9556,0.0444],"evs":[0.0,-4.96349]},"J4s":{"weight":0.0012,"played":[0.6342,0.3658],"evs":[0.0,1.52994]},"J5s":{"weight":0.0082,"played":[0.914,0.086],"evs":[0.0,-12.3672]},"J6s":{"weight":0.0241,"played":[0.3338,0.6662],"evs":[0.0,5.33542]},"J7s":{"weight":4.0E-4,"played":[0.9236,0.0764],"evs":[0.0,-3.82773]},"J8s":{"weight":0.0018,"played":[0.1557,0.8443],"evs":[0.0,4.26216]},"J9s":{"weight":0.0046,"played":[0.1063,0.8937],"evs":[0.0,0.28852]},"JTs":{"weight":0.0087,"played":[0.6403,0.3597],"evs":[0.0,-4.05201]},"JJ":{"weight":0.2732,"played":[0.0027,0.9973],"evs":[0.0,9.37821]},"QJo":{"weight":0.0029,"played":[0.0753,0.9247],"evs":[0.0,-1.42609]},"KJo":{"weight":3.0E-4,"played":[0.4222,0.5778],"evs":[0.0,-5.72132]},"AJo":{"weight":0.3098,"played":[0.736,0.264],"evs":[0.0,-5.40094]},"Q2s":{"weight":0.0488,"played":[0.8373,0.1627],"evs":[0.0,-13.79987]},"Q3s":{"weight":0.0035,"played":[0.4134,0.5866],"evs":[0.0,2.97206]},"Q4s":{"weight":0.0,"played":[0.9703,0.0297],"evs":[0.0,-15.50424]},"Q5s":{"weight":5.0E-4,"played":[0.8992,0.1008],"evs":[0.0,-10.39496]},"Q6s":{"weight":0.025,"played":[0.9314,0.0686],"evs":[0.0,-5.35318]},"Q7s":{"weight":0.0112,"played":[0.7803,0.2197],"evs":[0.0,-18.08461]},"Q8s":{"weight":0.0029,"played":[0.9053,0.0947],"evs":[0.0,-0.14009]},"Q9s":{"weight":0.0149,"played":[0.3254,0.6746],"evs":[0.0,2.44008]},"QTs":{"weight":0.3185,"played":[0.4557,0.5443],"evs":[0.0,-8.44168]},"QJs":{"weight":0.2136,"played":[0.2642,0.7358],"evs":[0.0,-3.883]},"QQ":{"weight":0.5407,"played":[0.0019,0.9981],"evs":[0.0,10.58395]},"KQo":{"weight":0.0587,"played":[0.0458,0.9542],"evs":[0.0,7.7702]},"AQo":{"weight":0.9408,"played":[0.2137,0.7863],"evs":[0.0,-2.47359]},"K2s":{"weight":0.0015,"played":[0.7382,0.2618],"evs":[0.0,-3.92688]},"K3s":{"weight":0.0234,"played":[0.4952,0.5048],"evs":[0.0,-7.77324]},"K4s":{"weight":1.0E-4,"played":[0.9662,0.0338],"evs":[0.0,-12.69034]},"K5s":{"weight":0.019,"played":[0.9606,0.0394],"evs":[0.0,-7.75854]},"K6s":{"weight":0.2836,"played":[0.5205,0.4795],"evs":[0.0,10.36852]},"K7s":{"weight":0.0022,"played":[0.7704,0.2296],"evs":[0.0,-6.47104]},"K8s":{"weight":0.0108,"played":[0.4252,0.5748],"evs":[0.0,-0.44221]},"K9s":{"weight":0.0914,"played":[0.4597,0.5403],"evs":[0.0,-4.82112]},"KTs":{"weight":0.0299,"played":[0.778,0.222],"evs":[0.0,-8.75253]},"KJs":{"weight":0.0181,"played":[0.6303,0.3697],"evs":[0.0,1.77892]},"KQs":{"weight":0.0137,"played":[0.9625,0.0375],"evs":[0.0,-1.83491]},"KK":{"weight":0.9069,"played":[0.0027,0.9973],"evs":[0.0,7.80252]},"AKo":{"weight":0.1091,"played":[0.6772,0.3228],"evs":[0.0,-1.26863]},"A2s":{"weight":0.0883,"played":[0.0937,0.9063],"evs":[0.0,0.77503]},"A3s":{"weight":0.0085,"played":[0.007,0.993],"evs":[0.0,24.64765]},"A4s":{"weight":0.0329,"played":[0.9714,0.0286],"evs":[0.0,-19.8703]},"A5s":{"weight":0.0087,"played":[0.2903,0.7097],"evs":[0.0,-2.95992]},"A6s":{"weight":0.0448,"played":[0.1193,0.8807],"evs":[0.0,8.80869]},"A7s":{"weight":0.0015,"played":[0.1481,0.8519],"evs":[0.0,7.64896]},"A8s":{"weight":0.1089,"played":[0.0307,0.9693],"evs":[0.0,8.95635]},"A9s":{"weight":0.3432,"played":[0.5272,0.4728],"evs":[0.0,7.3985]},"ATs":{"weight":0.2117,"played":[0.0,1.0],"evs":[0.0,4.43198]},"AJs":{"weight":0.6987,"played":[0.0492,0.9508],"evs":[0.0,3.39602]},"AQs":{"weight":0.9443,"played":[0.0173,0.9827],"evs":[0.0,8.15458]},"AKs":{"weight":0.2719,"played":[0.8815,0.1185],"evs":[0.0,-4.95952]},"AA":{"weight":0.1319,"played":[0.0,1.0],"evs":[0.0,21.14782]}}}