{"player":2,"street":0,"children":2,"sequence":[{"player":0,"type":"F","amount":0,"street":0},{"player":1,"type":"R","amount":200000,"street":0},{"player":2,"type":"C","amount":200000,"street":0},{"player":3,"type":"C","amount":200000,"street":0},{"player":4,"type":"R","amount":2985000,"street":0},{"player":5,"type":"C","amount":885000,"street":0},{"player":1,"type":"F","amount":0,"street":0}],"actions":[{"type":"F","amount":0,"node":220},{"type":"C","amount":2015000,"node":221}],"hands":{"22":{"weight":1.0E-4,"played":[0.5572,0.4428],"evs":[0.0,0.9432]},"32o":{"weight":0.0,"played":[0.9457,0.0543],"evs":[0.0,-5.23584]},"42o":{"weight":0.0,"played":[0.9773,0.0227],"evs":[0.0,-5.05315]},"52o":{"weight":0.0,"played":[0.9751,0.0249],"evs":[0.0,-5.45097]},"62o":{"weight":0.0,"played":[0.8584,0.1416],"evs":[0.0,-6.03219]},"72o":{"weight":0.0,"played":[0.9999,1.0E-4],"evs":[0.0,-9.26339]},"82o":{"weight":0.0,"played":[0.9993,7.0E-4],"evs":[0.0,-5.12185]},"92o":{"weight":0.0,"played":[0.968,0.032],"evs":[0.0,-5.59859]},"T2o":{"weight":0.0,"played":[0.8411,0.1589],"evs":[0.0,-2.76278]},"J2o":{"weight":0.0,"played":[0.577,0.423],"evs":[0.0,-1.21922]},"Q2o":{"weight":0.0,"played":[0.8414,0.1586],"evs":[0.0,-4.08171]},"K2o":{"weight":0.0,"played":[0.5794,0.4206],"evs":[0.0,0.00851]},"A2o":{"weight":0.0,"played":[0.9461,0.0539],"evs":[0.0,-6.77042]},"32s":{"weight":0.0,"played":[0.8773,0.1227],"evs":[0.0,-8.9203]},"33":{"weight":0.003,"played":[0.8521,0.1479],"evs":[0.0,-2.85263]},"43o":{"weight":0.0,"played":[0.7215,0.2785],"evs":[0.0,-2.57462]},"53o":{"weight":0.0,"played":[0.9429,0.0571],"evs":[0.0,-6.22249]},"63o":{"weight":0.0,"played":[0.9971,0.0029],"evs":[0.0,-9.12775]},"73o":{"weight":0.0,"played":[1.0,0.0],"evs":[0.0,-11.07275]},"83o":{"weight":0.0,"played":[0.9912,0.0088],"evs":[0.0,-5.91697]},"93o":{"weight":0.0,"played":[0.9782,0.0218],"evs":[0.0,-8.7548]},"T3o":{"weight":0.0,"played":[1.0,0.0],"evs":[0.0,-9.57626]},"J3o":{"weight":0.0,"played":[0.8095,0.1905],"evs":[0.0,-2.82544]},"Q3o":{"weight":0.0,"played":[0.97,0.03],"evs":[0.0,-8.4979]},"K3o":{"weight":0.0,"played":[0.1256,0.8744],"evs":[0.0,1.06256]},"A3o":{"weight":0.0,"played":[0.9307,0.0693],"evs":[0.0,-3.747]},"42s":{"weight":0.0,"played":[0.8858,0.1142],"evs":[0.0,-5.63228]},"43s":{"weight":0.0,"played":[0.125,0.875],"evs":[0.0,5.86501]},"44":{"weight":0.727,"played":[0.4198,0.5802],"evs":[0.0,-3.47507]},"54o":{"weight":0.0,"played":[0.7989,0.2011],"evs":[0.0,-4.7695]},"64o":{"weight":0.0,"played":[0.9979,0.0021],"evs":[0.0,-6.65604]},"74o":{"weight":0.0,"played":[0.6858,0.3142],"evs":[0.0,-0.08428]},"84o":{"weight":0.0,"played":[0.6463,0.3537],"evs":[0.0,-1.95728]},"94o":{"weight":0.0,"played":[0.9788,0.0212],"evs":[0.0,-9.73139]},"T4o":{"weight":0.0,"played":[0.9891,0.0109],"evs":[0.0,-6.92158]},"J4o":{"weight":0.0,"played":[0.6664,0.3336],"evs":[0.0,-2.08953]},"Q4o":{"weight":0.0,"played":[0.928,0.072],"evs":[0.0,-6.26518]},"K4o":{"weight":0.0,"played":[0.5953,0.4047],"evs":[0.0,-4.41187]},"A4o":{"weight":1.0E-4,"played":[0.2801,0.7199],"evs":[0.0,0.99355]},"52s":{"weight":0.0,"played":[0.8648,0.1352],"evs":[0.0,-5.50176]},"53s":{"weight":0.0,"played":[0.9017,0.0983],"evs":[0.0,-6.09558]},"54s":{"weight":0.0,"played":[0.3516,0.6484],"evs":[0.0,-1.11799]},"55":{"weight":0.172,"played":[0.8441,0.1559],"evs":[0.0,-3.31356]},"65o":{"weight":0.0,"played":[0.9382,0.0618],"evs":[0.0,-8.63646]},"75o":{"weight":0.0,"played":[0.7503,0.2497],"evs":[0.0,-3.27012]},"85o":{"weight":0.0,"played":[0.7861,0.2139],"evs":[0.0,-4.55949]},"95o":{"weight":0.0,"played":[0.9657,0.0343],"evs":[0.0,-5.20307]},"T5o":{"weight":0.0,"played":[0.9907,0.0093],"evs":[0.0,-5.73105]},"J5o":{"weight":0.0,"played":[0.9954,0.0046],"evs":[0.0,-8.27965]},"Q5o":{"weight":0.0,"played":[0.9718,0.0282],"evs":[0.0,-4.30618]},"K5o":{"weight":0.0,"played":[0.7424,0.2576],"evs":[0.0,-2.7103]},"A5o":{"weight":1.0E-4,"played":[0.4626,0.5374],"evs":[0.0,-4.99249]},"62s":{"weight":0.0,"played":[0.764,0.236],"evs":[0.0,0.11196]},"63s":{"weight":0.0,"played":[0.7908,0.2092],"evs":[0.0,-0.98042]},"64s":{"weight":0.0,"played":[0.5115,0.4885],"evs":[0.0,8.26439]},"65s":{"weight":0.8105,"played":[0.8963,0.1037],"evs":[0.0,-5.17276]},"66":{"weight":0.0495,"played":[0.557,0.443],"evs":[0.0,1.76989]},"76o":{"weight":0.0,"played":[0.5482,0.4518],"evs":[0.0,-1.12043]},"86o":{"weight":0.0,"played":[1.0,0.0],"evs":[0.0,-8.11631]},"96o":{"weight":0.0,"played":[0.7881,0.2119],"evs":[0.0,-3.79292]},"T6o":{"weight":0.0,"played":[0.8886,0.1114],"evs":[0.0,-6.59259]},"J6o":{"weight":0.0,"played":[0.8336,0.1664],"evs":[0.0,-2.94353]},"Q6o":{"weight":0.0,"played":[0.9369,0.0631],"evs":[0.0,-1.53622]},"K6o":{"weight":0.0,"played":[0.9643,0.0357],"evs":[0.0,-8.02717]},"A6o":{"weight":3.0E-4,"played":[0.4997,0.5003],"evs":[0.0,-4.33554]},"72s":{"weight":0.0,"played":[0.9078,0.0922],"evs":[0.0,-7.29773]},"73s":{"weight":0.0,"played":[0.668,0.332],"evs":[0.0,-5.98423]},"74s":{"weight":0.0,"played":[0.8881,0.1119],"evs":[0.0,-9.97948]},"75s":{"weight":4.0E-4,"played":[0.9941,0.0059],"evs":[0.0,-6.20019]},"76s":{"weight":0.0,"played":[0.9411,0.0589],"evs":[0.0,-3.76119]},"77":{"weight":0.2662,"played":[0.3168,0.6832],"evs":[0.0,-0.44883]},"87o":{"weight":0.0,"played":[0.7715,0.2285],"evs":[0.0,-5.28011]},"97o":{"weight":0.0,"played":[0.7602,0.2398],"evs":[0.0,-4.81379]},"T7o":{"weight":0.0,"played":[0.3155,0.6845],"evs":[0.0,-1.25742]},"J7o":{"weight":0.0,"played":[0.1896,0.8104],"evs":[0.0,-1.2468]},"Q7o":{"weight":0.0,"played":[0.9549,0.0451],"evs":[0.0,-7.0439]},"K7o":{"weight":0.0,"played":[0.4953,0.5047],"evs":[0.0,-1.66629]},"A7o":{"weight":0.0,"played":[0.7806,0.2194],"evs":[0.0,-6.92101]},"82s":{"weight":0.0,"played":[0.6331,0.3669],"evs":[0.0,-0.95736]},"83s":{"weight":0.0,"played":[0.9301,0.0699],"evs":[0.0,-0.94347]},"84s":{"weight":0.0,"played":[1.0,0.0],"evs":[0.0,-8.51334]},"85s":{"weight":0.0,"played":[0.8522,0.1478],"evs":[0.0,-2.48534]},"86s":{"weight":0.2271,"played":[0.5948,0.4052],"evs":[0.0,0.47368]},"87s":{"weight":0.0,"played":[0.6554,0.3446],"evs":[0.0,-3.17622]},"88":{"weight":0.0329,"played":[0.0501,0.9499],"evs":[0.0,8.84449]},"98o":{"weight":0.0,"played":[0.8582,0.1418],"evs":[0.0,-2.51252]},"T8o":{"weight":0.0,"played":[0.1968,0.8032],"evs":[0.0,0.04441]},"J8o":{"weight":0.0,"played":[0.7031,0.2969],"evs":[0.0,-3.49521]},"Q8o":{"weight":0.0,"played":[0.9432,0.0568],"evs":[0.0,-4.73677]},"K8o":{"weight":0.0,"played":[0.9699,0.0301],"evs":[0.0,-3.09686]},"A8o":{"weight":0.2714,"played":[0.7054,0.2946],"evs":[0.0,-5.98937]},"92s":{"weight":0.0,"played":[0.5061,0.4939],"evs":[0.0,-4.20926]},"93s":{"weight":0.0,"played":[0.9922,0.0078],"evs":[0.0,-8.00359]},"94s":{"weight":0.0,"played":[0.7584,0.2416],"evs":[0.0,-4.16416]},"95s":{"weight":0.0,"played":[0.4144,0.5856],"evs":[0.0,-0.37389]},"96s":{"weight":5.0E-4,"played":[0.8641,0.1359],"evs":[0.0,-0.5714]},"97s":{"weight":1.0E-4,"played":[0.3572,0.6428],"evs":[0.0,7.49997]},"98s":{"weight":0.1054,"played":[0.4535,0.5465],"evs":[0.0,2.41876]},"99":{"weight":0.0046,"played":[0.0,1.0],"evs":[0.0,7.97563]},"T9o":{"weight":0.0,"played":[0.8165,0.1835],"evs":[0.0,-1.82433]},"J9o":{"weight":0.0,"played":[0.0133,0.9867],"evs":[0.0,3.47657]},"Q9o":{"weight":1.0E-4,"played":[0.6291,0.3709],"evs":[0.0,-6.21894]},"K9o":{"weight":2.0E-4,"played":[0.5328,0.4672],"evs":[0.0,2.44487]},"A9o":{"weight":0.9795,"played":[0.7609,0.2391],"evs":[0.0,-2.97786]},"T2s":{"weight":1.0E-4,"played":[0.8829,0.1171],"evs":[0.0,-6.29492]},"T3s":{"weight":0.0,"played":[0.7482,0.2518],"evs":[0.0,-5.22458]},"T4s":{"weight":0.0,"played":[0.2202,0.7798],"evs":[0.0,4.06276]},"T5s":{"weight":0.0,"played":[0.9399,0.0601],"evs":[0.0,-9.5762]},"T6s":{"weight":1.0E-4,"played":[0.5005,0.4995],"evs":[0.0,-4.54096]},"T7s":{"weight":1.0E-4,"played":[0.9643,0.0357],"evs":[0.0,-2.73441]},"T8s":{"weight":3.0E-4,"played":[0.6137,0.3863],"evs":[0.0,-5.45421]},"T9s":{"weight":0.7904,"played":[0.9049,0.0951],"evs":[0.0,-5.04366]},"TT":{"weight":0.1165,"played":[0.0148,0.9852],"evs":[0.0,5.43383]},"JTo":{"weight":0.0,"played":[0.1653,0.8347],"evs":[0.0,3.09122]},"QTo":{"weight":2.0E-4,"played":[0.0224,0.9776],"evs":[0.0,2.34285]},"KTo":{"weight":0.002,"played":[0.2969,0.7031],"evs":[0.0,-0.13983]},"ATo":{"weight":1.0E-4,"played":[0.3099,0.6901],"evs":[0.0,1.07493]},"J2s":{"weight":0.0,"played":[0.4332,0.5668],"evs":[0.0,0.97979]},"J3s":{"weight":0.0,"played":[0.6449,0.3551],"evs":[0.0,-8.0472]},"J4s":{"weight":0.0,"played":[0.8703,0.1297],"evs":[0.0,-3.52408]},"J5s":{"weight":0.0,"played":[0.1235,0.8765],"evs":[0.0,-1.38448]},"J6s":{"weight":0.0,"played":[0.4963,0.5037],"evs":[0.0,4.57715]},"J7s":{"weight":0.0,"played":[0.4803,0.5197],"evs":[0.0,-2.27674]},"J8s":{"weight":0.0,"played":[0.3746,0.6254],"evs":[0.0,6.93447]},"J9s":{"weight":0.4801,"played":[0.4632,0.5368],"evs":[0.0,3.68877]},"JTs":{"weight":0.9474,"played":[0.4052,0.5948],"evs":[0.0,-0.64576]},"JJ":{"weight":0.266,"played":[0.0112,0.9888],"evs":[0.0,10.88498]},"QJo":{"weight":0.0146,"played":[0.4151,0.5849],"evs":[0.0,-0.33546]},"KJo":{"weight":0.0837,"played":[0.1308,0.8692],"evs":[0.0,1.81718]},"AJo":{"weight":0.0032,"played":[0.4048,0.5952],"evs":[0.0,-0.14027]},"Q2s":{"weight":0.0,"played":[0.9939,0.0061],"evs":[0.0,-6.93198]},"Q3s":{"weight":0.0,"played":[0.5655,0.4345],"evs":[0.0,1.91819]},"Q4s":{"weight":0.0,"played":[0.727,0.273],"evs":[0.0,-6.77034]},"Q5s":{"weight":0.0,"played":[0.5675,0.4325],"evs":[0.0,-7.74843]},"Q6s":{"weight":0.0,"played":[0.6919,0.3081],"evs":[0.0,-2.84852]},"Q7s":{"weight":0.0,"played":[0.3759,0.6241],"evs":[0.0,-4.33116]},"Q8s":{"weight":0.0213,"played":[0.4216,0.5784],"evs":[0.0,2.09759]},"Q9s":{"weight":0.6388,"played":[0.2486,0.7514],"evs":[0.0,2.53642]},"QTs":{"weight":0.0109,"played":[0.3707,0.6293],"evs":[0.0,15.50073]},"QJs":{"weight":0.0017,"played":[0.5973,0.4027],"evs":[0.0,-2.86036]},"QQ":{"weight":0.0044,"played":[0.0023,0.9977],"evs":[0.0,16.96002]},"KQo":{"weight":0.3604,"played":[0.9735,0.0265],"evs":[0.0,-4.13955]},"AQo":{"weight":0.0655,"played":[8.0E-4,0.9992],"evs":[0.0,3.8671]},"K2s":{"weight":0.0,"played":[0.5006,0.4994],"evs":[0.0,-0.36413]},"K3s":{"weight":0.0,"played":[0.8499,0.1501],"evs":[0.0,-1.66508]},"K4s":{"weight":4.0E-4,"played":[0.5081,0.4919],"evs":[0.0,-0.69591]},"K5s":{"weight":0.0094,"played":[0.2506,0.7494],"evs":[0.0,-0.25719]},"K6s":{"weight":0.0064,"played":[0.4815,0.5185],"evs":[0.0,-4.16399]},"K7s":{"weight":4.0E-4,"played":[0.2893,0.7107],"evs":[0.0,3.26844]},"K8s":{"weight":0.0228,"played":[0.0067,0.9933],"evs":[0.0,2.37808]},"K9s":{"weight":0.009,"played":[0.5676,0.4324],"evs":[0.0,6.31484]},"KTs":{"weight":0.006,"played":[0.1626,0.8374],"evs":[0.0,8.37758]},"KJs":{"weight":0.0174,"played":[0.2524,0.7476],"evs":[0.0,5.18714]},"KQs":{"weight":0.0963,"played":[0.002,0.998],"evs":[0.0,11.84128]},"KK":{"weight":0.4186,"played":[0.0,1.0],"evs":[0.0,22.81266]},"AKo":{"weight":0.0289,"played":[0.1046,0.8954],"evs":[0.0,5.51151]},"A2s":{"weight":1.0E-4,"played":[0.9002,0.0998],"evs":[0.0,-12.19501]},"A3s":{"weight":0.0226,"played":[0.2046,0.7954],"evs":[0.0,-1.54438]},"A4s":{"weight":0.0081,"played":[0.2741,0.7259],"evs":[0.0,-2.31668]},"A5s":{"weight":0.0,"played":[0.2692,0.7308],"evs":[0.0,10.3897]},"A6s":{"weight":0.0181,"played":[0.3881,0.6119],"evs":[0.0,-1.59323]},"A7s":{"weight":0.1218,"played":[0.459,0.541],"evs":[0.0,0.78133]},"A8s":{"weight":0.1727,"played":[0.2146,0.7854],"evs":[0.0,2.25737]},"A9s":{"weight":0.1063,"played":[0.3806,0.6194],"evs":[0.0,6.95623]},"ATs":{"weight":0.0051,"played":[0.1893,0.8107],"evs":[0.0,9.49462]},"AJs":{"weight":0.0607,"played":[0.3046,0.6954],"evs":[0.0,2.91725]},"AQs":{"weight":0.1735,"played":[0.0748,0.9252],"evs":[0.0,0.57744]},"AKs":{"weight":0.4444,"played":[0.3608,0.6392],"evs":[0.0,1.70258]},"AA":{"weight":0.9976,"played":[0.0,1.0],"evs":[0.0,26.34857]}}}