{"player":2,"street":0,"children":2,"sequence":[{"player":0,"type":"F","amount":0,"street":0},{"player":1,"type":"R","amount":200000,"street":0},{"player":2,"type":"C","amount":200000,"street":0},{"player":3,"type":"C","amount":200000,"street":0},{"player":4,"type":"R","amount":2985000,"street":0},{"player":5,"type":"C","amount":885000,"street":0},{"player":1,"type":"C","amount":1065000,"street":0}],"actions":[{"type":"F","amount":0,"node":223},{"type":"C","amount":2015000,"node":224}],"hands":{"22":{"weight":1.0E-4,"played":[0.7929,0.2071],"evs":[0.0,-3.7881]},"32o":{"weight":0.0,"played":[0.949,0.051],"evs":[0.0,-5.53892]},"42o":{"weight":0.0,"played":[1.0,0.0],"evs":[0.0,-7.71781]},"52o":{"weight":0.0,"played":[0.9933,0.0067],"evs":[0.0,-7.77276]},"62o":{"weight":0.0,"played":[0.9205,0.0795],"evs":[0.0,-5.62445]},"72o":{"weight":0.0,"played":[0.9633,0.0367],"evs":[0.0,-7.38613]},"82o":{"weight":0.0,"played":[0.9706,0.0294],"evs":[0.0,-1.64831]},"92o":{"weight":0.0,"played":[0.994,0.006],"evs":[0.0,-7.95552]},"T2o":{"weight":0.0,"played":[0.9839,0.0161],"evs":[0.0,-4.94524]},"J2o":{"weight":0.0,"played":[0.9045,0.0955],"evs":[0.0,-5.65867]},"Q2o":{"weight":0.0,"played":[0.6033,0.3967],"evs":[0.0,-2.3693]},"K2o":{"weight":0.0,"played":[0.7442,0.2558],"evs":[0.0,-3.63468]},"A2o":{"weight":0.0,"played":[0.5323,0.4677],"evs":[0.0,-3.28323]},"32s":{"weight":0.0,"played":[0.0174,0.9826],"evs":[0.0,9.15522]},"33":{"weight":0.003,"played":[0.9909,0.0091],"evs":[0.0,-1.61455]},"43o":{"weight":0.0,"played":[0.9838,0.0162],"evs":[0.0,-5.3771]},"53o":{"weight":0.0,"played":[0.9889,0.0111],"evs":[0.0,-3.02737]},"63o":{"weight":0.0,"played":[0.9963,0.0037],"evs":[0.0,-4.86477]},"73o":{"weight":0.0,"played":[0.975,0.025],"evs":[0.0,-6.89103]},"83o":{"weight":0.0,"played":[0.9991,9.0E-4],"evs":[0.0,-5.75672]},"93o":{"weight":0.0,"played":[0.9996,4.0E-4],"evs":[0.0,-6.33371]},"T3o":{"weight":0.0,"played":[0.9777,0.0223],"evs":[0.0,-8.55486]},"J3o":{"weight":0.0,"played":[0.6391,0.3609],"evs":[0.0,-5.11371]},"Q3o":{"weight":0.0,"played":[0.8473,0.1527],"evs":[0.0,-3.58037]},"K3o":{"weight":0.0,"played":[0.8513,0.1487],"evs":[0.0,-3.15257]},"A3o":{"weight":0.0,"played":[0.3434,0.6566],"evs":[0.0,-1.48293]},"42s":{"weight":0.0,"played":[0.5767,0.4233],"evs":[0.0,-0.94036]},"43s":{"weight":0.0,"played":[0.4138,0.5862],"evs":[0.0,0.42518]},"44":{"weight":0.727,"played":[0.3459,0.6541],"evs":[0.0,-2.21355]},"54o":{"weight":0.0,"played":[0.8992,0.1008],"evs":[0.0,-3.92744]},"64o":{"weight":0.0,"played":[0.9522,0.0478],"evs":[0.0,-6.0724]},"74o":{"weight":0.0,"played":[0.926,0.074],"evs":[0.0,-4.4925]},"84o":{"weight":0.0,"played":[0.9309,0.0691],"evs":[0.0,-5.3047]},"94o":{"weight":0.0,"played":[0.9999,1.0E-4],"evs":[0.0,-8.86235]},"T4o":{"weight":0.0,"played":[0.9726,0.0274],"evs":[0.0,-5.79658]},"J4o":{"weight":0.0,"played":[0.9982,0.0018],"evs":[0.0,-2.26225]},"Q4o":{"weight":0.0,"played":[0.8965,0.1035],"evs":[0.0,-4.98856]},"K4o":{"weight":0.0,"played":[0.9729,0.0271],"evs":[0.0,-6.04994]},"A4o":{"weight":1.0E-4,"played":[0.951,0.049],"evs":[0.0,-2.80567]},"52s":{"weight":0.0,"played":[0.4236,0.5764],"evs":[0.0,7.09677]},"53s":{"weight":0.0,"played":[0.9262,0.0738],"evs":[0.0,-4.9993]},"54s":{"weight":0.0,"played":[0.632,0.368],"evs":[0.0,-1.71115]},"55":{"weight":0.172,"played":[0.0146,0.9854],"evs":[0.0,8.19829]},"65o":{"weight":0.0,"played":[0.8526,0.1474],"evs":[0.0,-3.6302]},"75o":{"weight":0.0,"played":[0.9783,0.0217],"evs":[0.0,-5.30628]},"85o":{"weight":0.0,"played":[0.906,0.094],"evs":[0.0,0.4793]},"95o":{"weight":0.0,"played":[0.7349,0.2651],"evs":[0.0,-3.25299]},"T5o":{"weight":0.0,"played":[0.9908,0.0092],"evs":[0.0,-7.4475]},"J5o":{"weight":0.0,"played":[0.7868,0.2132],"evs":[0.0,-3.07158]},"Q5o":{"weight":0.0,"played":[0.9705,0.0295],"evs":[0.0,-6.3159]},"K5o":{"weight":0.0,"played":[0.8139,0.1861],"evs":[0.0,-1.99935]},"A5o":{"weight":1.0E-4,"played":[0.5965,0.4035],"evs":[0.0,-0.55416]},"62s":{"weight":0.0,"played":[0.5784,0.4216],"evs":[0.0,-2.72926]},"63s":{"weight":0.0,"played":[0.9691,0.0309],"evs":[0.0,-3.05871]},"64s":{"weight":0.0,"played":[0.7942,0.2058],"evs":[0.0,-2.35473]},"65s":{"weight":0.8105,"played":[0.5057,0.4943],"evs":[0.0,0.77355]},"66":{"weight":0.0495,"played":[0.1656,0.8344],"evs":[0.0,7.0909]},"76o":{"weight":0.0,"played":[0.8963,0.1037],"evs":[0.0,-1.44082]},"86o":{"weight":0.0,"played":[0.9405,0.0595],"evs":[0.0,-4.87806]},"96o":{"weight":0.0,"played":[0.8209,0.1791],"evs":[0.0,-2.66731]},"T6o":{"weight":0.0,"played":[0.8886,0.1114],"evs":[0.0,-4.10715]},"J6o":{"weight":0.0,"played":[0.9942,0.0058],"evs":[0.0,-6.83186]},"Q6o":{"weight":0.0,"played":[0.8763,0.1237],"evs":[0.0,-4.80577]},"K6o":{"weight":0.0,"played":[0.4608,0.5392],"evs":[0.0,1.85693]},"A6o":{"weight":3.0E-4,"played":[0.6047,0.3953],"evs":[0.0,-1.25436]},"72s":{"weight":0.0,"played":[0.9836,0.0164],"evs":[0.0,-5.0861]},"73s":{"weight":0.0,"played":[0.9548,0.0452],"evs":[0.0,-5.41008]},"74s":{"weight":0.0,"played":[0.7094,0.2906],"evs":[0.0,-6.00422]},"75s":{"weight":4.0E-4,"played":[0.8538,0.1462],"evs":[0.0,-4.20668]},"76s":{"weight":0.0,"played":[0.0822,0.9178],"evs":[0.0,1.40343]},"77":{"weight":0.2662,"played":[0.0074,0.9926],"evs":[0.0,6.7192]},"87o":{"weight":0.0,"played":[0.5656,0.4344],"evs":[0.0,-1.63526]},"97o":{"weight":0.0,"played":[0.2134,0.7866],"evs":[0.0,0.09926]},"T7o":{"weight":0.0,"played":[0.608,0.392],"evs":[0.0,0.17045]},"J7o":{"weight":0.0,"played":[0.9979,0.0021],"evs":[0.0,-3.33176]},"Q7o":{"weight":0.0,"played":[0.9561,0.0439],"evs":[0.0,-7.81406]},"K7o":{"weight":0.0,"played":[0.7831,0.2169],"evs":[0.0,-1.55607]},"A7o":{"weight":0.0,"played":[0.6886,0.3114],"evs":[0.0,-3.27028]},"82s":{"weight":0.0,"played":[0.3633,0.6367],"evs":[0.0,0.84572]},"83s":{"weight":0.0,"played":[0.9907,0.0093],"evs":[0.0,-4.62524]},"84s":{"weight":0.0,"played":[0.8076,0.1924],"evs":[0.0,-0.96271]},"85s":{"weight":0.0,"played":[0.5222,0.4778],"evs":[0.0,-1.76641]},"86s":{"weight":0.2271,"played":[0.586,0.414],"evs":[0.0,1.54309]},"87s":{"weight":0.0,"played":[0.018,0.982],"evs":[0.0,7.8524]},"88":{"weight":0.0329,"played":[0.0,1.0],"evs":[0.0,10.20391]},"98o":{"weight":0.0,"played":[0.9141,0.0859],"evs":[0.0,-0.72364]},"T8o":{"weight":0.0,"played":[0.6553,0.3447],"evs":[0.0,-5.87043]},"J8o":{"weight":0.0,"played":[0.2489,0.7511],"evs":[0.0,0.01391]},"Q8o":{"weight":0.0,"played":[0.4303,0.5697],"evs":[0.0,-3.30337]},"K8o":{"weight":0.0,"played":[0.7465,0.2535],"evs":[0.0,-4.90147]},"A8o":{"weight":0.2714,"played":[0.3734,0.6266],"evs":[0.0,-2.74305]},"92s":{"weight":0.0,"played":[0.3087,0.6913],"evs":[0.0,1.36878]},"93s":{"weight":0.0,"played":[0.9951,0.0049],"evs":[0.0,-8.76375]},"94s":{"weight":0.0,"played":[0.8886,0.1114],"evs":[0.0,-7.55179]},"95s":{"weight":0.0,"played":[0.794,0.206],"evs":[0.0,-5.15166]},"96s":{"weight":5.0E-4,"played":[0.5227,0.4773],"evs":[0.0,-3.88559]},"97s":{"weight":1.0E-4,"played":[0.5288,0.4712],"evs":[0.0,1.06024]},"98s":{"weight":0.1054,"played":[0.3747,0.6253],"evs":[0.0,0.90197]},"99":{"weight":0.0046,"played":[0.0579,0.9421],"evs":[0.0,6.21935]},"T9o":{"weight":0.0,"played":[0.8969,0.1031],"evs":[0.0,-4.81587]},"J9o":{"weight":0.0,"played":[0.9872,0.0128],"evs":[0.0,-5.61625]},"Q9o":{"weight":1.0E-4,"played":[0.6951,0.3049],"evs":[0.0,-5.64769]},"K9o":{"weight":2.0E-4,"played":[0.8771,0.1229],"evs":[0.0,-3.91435]},"A9o":{"weight":0.9795,"played":[0.7386,0.2614],"evs":[0.0,-2.00448]},"T2s":{"weight":1.0E-4,"played":[0.9499,0.0501],"evs":[0.0,-5.27139]},"T3s":{"weight":0.0,"played":[0.9332,0.0668],"evs":[0.0,-5.43062]},"T4s":{"weight":0.0,"played":[0.5779,0.4221],"evs":[0.0,0.46768]},"T5s":{"weight":0.0,"played":[0.0719,0.9281],"evs":[0.0,5.10185]},"T6s":{"weight":1.0E-4,"played":[0.169,0.831],"evs":[0.0,-0.60385]},"T7s":{"weight":1.0E-4,"played":[0.1561,0.8439],"evs":[0.0,-1.90248]},"T8s":{"weight":3.0E-4,"played":[0.957,0.043],"evs":[0.0,-2.19045]},"T9s":{"weight":0.7904,"played":[0.0496,0.9504],"evs":[0.0,-0.93175]},"TT":{"weight":0.1165,"played":[1.0E-4,0.9999],"evs":[0.0,4.5988]},"JTo":{"weight":0.0,"played":[0.3772,0.6228],"evs":[0.0,2.35718]},"QTo":{"weight":2.0E-4,"played":[0.4435,0.5565],"evs":[0.0,-1.7825]},"KTo":{"weight":0.002,"played":[0.3554,0.6446],"evs":[0.0,-3.39421]},"ATo":{"weight":1.0E-4,"played":[0.3942,0.6058],"evs":[0.0,-1.03436]},"J2s":{"weight":0.0,"played":[0.9916,0.0084],"evs":[0.0,-2.98116]},"J3s":{"weight":0.0,"played":[0.6081,0.3919],"evs":[0.0,-7.09106]},"J4s":{"weight":0.0,"played":[0.9886,0.0114],"evs":[0.0,-2.52083]},"J5s":{"weight":0.0,"played":[0.8734,0.1266],"evs":[0.0,-5.68432]},"J6s":{"weight":0.0,"played":[1.0,0.0],"evs":[0.0,-11.80858]},"J7s":{"weight":0.0,"played":[0.2203,0.7797],"evs":[0.0,7.28627]},"J8s":{"weight":0.0,"played":[0.5732,0.4268],"evs":[0.0,5.19517]},"J9s":{"weight":0.4801,"played":[0.3171,0.6829],"evs":[0.0,0.87325]},"JTs":{"weight":0.9474,"played":[0.4441,0.5559],"evs":[0.0,-4.15311]},"JJ":{"weight":0.266,"played":[0.0011,0.9989],"evs":[0.0,9.94481]},"QJo":{"weight":0.0146,"played":[0.4451,0.5549],"evs":[0.0,-4.21715]},"KJo":{"weight":0.0837,"played":[0.4554,0.5446],"evs":[0.0,-0.29735]},"AJo":{"weight":0.0032,"played":[0.0905,0.9095],"evs":[0.0,0.6305]},"Q2s":{"weight":0.0,"played":[0.583,0.417],"evs":[0.0,-2.58172]},"Q3s":{"weight":0.0,"played":[0.9972,0.0028],"evs":[0.0,-3.72305]},"Q4s":{"weight":0.0,"played":[0.6946,0.3054],"evs":[0.0,-4.35551]},"Q5s":{"weight":0.0,"played":[0.7434,0.2566],"evs":[0.0,-4.85668]},"Q6s":{"weight":0.0,"played":[0.9001,0.0999],"evs":[0.0,0.38127]},"Q7s":{"weight":0.0,"played":[0.757,0.243],"evs":[0.0,-9.00559]},"Q8s":{"weight":0.0213,"played":[0.4779,0.5221],"evs":[0.0,-5.43825]},"Q9s":{"weight":0.6388,"played":[0.9945,0.0055],"evs":[0.0,-7.57024]},"QTs":{"weight":0.0109,"played":[0.0397,0.9603],"evs":[0.0,3.84702]},"QJs":{"weight":0.0017,"played":[0.0,1.0],"evs":[0.0,3.25792]},"QQ":{"weight":0.0044,"played":[0.0012,0.9988],"evs":[0.0,16.66984]},"KQo":{"weight":0.3604,"played":[0.0,1.0],"evs":[0.0,1.75869]},"AQo":{"weight":0.0655,"played":[0.0313,0.9687],"evs":[0.0,4.70836]},"K2s":{"weight":0.0,"played":[0.7613,0.2387],"evs":[0.0,1.78194]},"K3s":{"weight":0.0,"played":[0.0444,0.9556],"evs":[0.0,2.22441]},"K4s":{"weight":4.0E-4,"played":[0.6195,0.3805],"evs":[0.0,-4.96946]},"K5s":{"weight":0.0094,"played":[0.5078,0.4922],"evs":[0.0,-0.76832]},"K6s":{"weight":0.0064,"played":[0.0947,0.9053],"evs":[0.0,-1.45943]},"K7s":{"weight":4.0E-4,"played":[0.0044,0.9956],"evs":[0.0,10.23843]},"K8s":{"weight":0.0228,"played":[0.0594,0.9406],"evs":[0.0,0.81024]},"K9s":{"weight":0.009,"played":[0.7263,0.2737],"evs":[0.0,-7.63049]},"KTs":{"weight":0.006,"played":[0.0305,0.9695],"evs":[0.0,5.99002]},"KJs":{"weight":0.0174,"played":[0.7501,0.2499],"evs":[0.0,-4.22528]},"KQs":{"weight":0.0963,"played":[0.0082,0.9918],"evs":[0.0,7.07447]},"KK":{"weight":0.4186,"played":[0.0,1.0],"evs":[0.0,17.31474]},"AKo":{"weight":0.0289,"played":[0.011,0.989],"evs":[0.0,9.42632]},"A2s":{"weight":1.0E-4,"played":[0.2128,0.7872],"evs":[0.0,2.20423]},"A3s":{"weight":0.0226,"played":[0.1752,0.8248],"evs":[0.0,-2.33065]},"A4s":{"weight":0.0081,"played":[0.5848,0.4152],"evs":[0.0,-4.70979]},"A5s":{"weight":0.0,"played":[0.0271,0.9729],"evs":[0.0,6.25073]},"A6s":{"weight":0.0181,"played":[0.5568,0.4432],"evs":[0.0,3.70673]},"A7s":{"weight":0.1218,"played":[0.1354,0.8646],"evs":[0.0,2.94039]},"A8s":{"weight":0.1727,"played":[0.1102,0.8898],"evs":[0.0,-1.09468]},"A9s":{"weight":0.1063,"played":[0.2918,0.7082],"evs":[0.0,-1.37534]},"ATs":{"weight":0.0051,"played":[0.1222,0.8778],"evs":[0.0,12.31157]},"AJs":{"weight":0.0607,"played":[0.0,1.0],"evs":[0.0,10.87937]},"AQs":{"weight":0.1735,"played":[0.0472,0.9528],"evs":[0.0,7.36577]},"AKs":{"weight":0.4444,"played":[0.0033,0.9967],"evs":[0.0,15.15199]},"AA":{"weight":0.9976,"played":[5.0E-4,0.9995],"evs":[0.0,23.97336]}}}