{"player":3,"street":0,"children":2,"sequence":[{"player":0,"type":"F","amount":0,"street":0},{"player":1,"type":"R","amount":200000,"street":0},{"player":2,"type":"C","amount":200000,"street":0},{"player":3,"type":"C","amount":200000,"street":0},{"player":4,"type":"R","amount":2985000,"street":0},{"player":5,"type":"C","amount":885000,"street":0},{"player":1,"type":"C","amount":1065000,"street":0},{"player":2,"type":"F","amount":0,"street":0}],"actions":[{"type":"F","amount":0},{"type":"C","amount":2785000}],"hands":{"22":{"weight":0.001,"played":[0.4914,0.5086],"evs":[0.0,23.62311]},"32o":{"weight":2.0E-4,"played":[0.2596,0.7404],"evs":[0.0,-0.34867]},"42o":{"weight":0.0,"played":[0.9958,0.0042],"evs":[0.0,-3.08205]},"52o":{"weight":0.0,"played":[0.7696,0.2304],"evs":[0.0,-9.67196]},"62o":{"weight":0.0,"played":[0.8108,0.1892],"evs":[0.0,-2.71824]},"72o":{"weight":0.0,"played":[0.9943,0.0057],"evs":[0.0,-7.97055]},"82o":{"weight":0.0,"played":[1.0,0.0],"evs":[0.0,-16.72399]},"92o":{"weight":6.0E-4,"played":[0.9364,0.0636],"evs":[0.0,-9.91967]},"T2o":{"weight":0.0,"played":[0.9295,0.0705],"evs":[0.0,-0.02588]},"J2o":{"weight":0.0,"played":[0.7013,0.2987],"evs":[0.0,-0.31578]},"Q2o":{"weight":1.0E-4,"played":[0.9951,0.0049],"evs":[0.0,-12.46109]},"K2o":{"weight":6.0E-4,"played":[0.5057,0.4943],"evs":[0.0,1.38514]},"A2o":{"weight":8.0E-4,"played":[0.263,0.737],"evs":[0.0,0.43947]},"32s":{"weight":2.0E-4,"played":[0.8119,0.1881],"evs":[0.0,1.3982]},"33":{"weight":0.0143,"played":[0.8831,0.1169],"evs":[0.0,-6.48936]},"43o":{"weight":0.0,"played":[0.7975,0.2025],"evs":[0.0,-9.26821]},"53o":{"weight":0.0,"played":[0.3679,0.6321],"evs":[0.0,-4.1817]},"63o":{"weight":0.0,"played":[0.812,0.188],"evs":[0.0,-9.0809]},"73o":{"weight":0.0,"played":[1.0,0.0],"evs":[0.0,-10.41259]},"83o":{"weight":0.0,"played":[1.0,0.0],"evs":[0.0,-10.30007]},"93o":{"weight":0.0,"played":[0.8386,0.1614],"evs":[0.0,-10.86534]},"T3o":{"weight":0.0,"played":[0.6905,0.3095],"evs":[0.0,-5.11909]},"J3o":{"weight":5.0E-4,"played":[0.4055,0.5945],"evs":[0.0,-5.47508]},"Q3o":{"weight":2.0E-4,"played":[0.5844,0.4156],"evs":[0.0,0.50276]},"K3o":{"weight":0.0,"played":[0.2476,0.7524],"evs":[0.0,-1.39739]},"A3o":{"weight":4.0E-4,"played":[0.7327,0.2673],"evs":[0.0,-3.49799]},"42s":{"weight":0.0028,"played":[0.9516,0.0484],"evs":[0.0,-2.71792]},"43s":{"weight":1.0E-4,"played":[0.3057,0.6943],"evs":[0.0,11.03574]},"44":{"weight":0.1728,"played":[0.1509,0.8491],"evs":[0.0,3.95677]},"54o":{"weight":0.0,"played":[0.9865,0.0135],"evs":[0.0,-8.13279]},"64o":{"weight":0.0,"played":[0.8127,0.1873],"evs":[0.0,-6.58765]},"74o":{"weight":0.0,"played":[0.8634,0.1366],"evs":[0.0,-3.67553]},"84o":{"weight":0.0,"played":[0.9967,0.0033],"evs":[0.0,-0.82759]},"94o":{"weight":0.0,"played":[0.9847,0.0153],"evs":[0.0,-13.51255]},"T4o":{"weight":0.0,"played":[0.7822,0.2178],"evs":[0.0,-9.86779]},"J4o":{"weight":1.0E-4,"played":[0.7975,0.2025],"evs":[0.0,-7.89567]},"Q4o":{"weight":0.0017,"played":[0.1526,0.8474],"evs":[0.0,-2.31585]},"K4o":{"weight":0.0,"played":[0.9653,0.0347],"evs":[0.0,-0.32443]},"A4o":{"weight":0.0012,"played":[0.2095,0.7905],"evs":[0.0,-1.52762]},"52s":{"weight":0.0,"played":[0.7865,0.2135],"evs":[0.0,-5.29891]},"53s":{"weight":2.0E-4,"played":[0.2988,0.7012],"evs":[0.0,33.99692]},"54s":{"weight":0.0046,"played":[0.3378,0.6622],"evs":[0.0,-4.17416]},"55":{"weight":0.3112,"played":[0.5623,0.4377],"evs":[0.0,-1.29602]},"65o":{"weight":6.0E-4,"played":[0.952,0.048],"evs":[0.0,-8.13174]},"75o":{"weight":2.0E-4,"played":[0.9561,0.0439],"evs":[0.0,-7.14378]},"85o":{"weight":0.0,"played":[0.2483,0.7517],"evs":[0.0,-0.51055]},"95o":{"weight":3.0E-4,"played":[0.8316,0.1684],"evs":[0.0,-10.97334]},"T5o":{"weight":0.0,"played":[0.8068,0.1932],"evs":[0.0,-16.45002]},"J5o":{"weight":3.0E-4,"played":[0.8015,0.1985],"evs":[0.0,-14.28223]},"Q5o":{"weight":7.0E-4,"played":[0.6893,0.3107],"evs":[0.0,-6.8527]},"K5o":{"weight":0.0,"played":[0.9479,0.0521],"evs":[0.0,-5.96211]},"A5o":{"weight":0.0017,"played":[0.8209,0.1791],"evs":[0.0,-9.5661]},"62s":{"weight":1.0E-4,"played":[0.9903,0.0097],"evs":[0.0,-23.35955]},"63s":{"weight":0.003,"played":[0.6679,0.3321],"evs":[0.0,-1.36791]},"64s":{"weight":0.0035,"played":[0.79,0.21],"evs":[0.0,-13.95003]},"65s":{"weight":0.0044,"played":[0.536,0.464],"evs":[0.0,-9.42802]},"66":{"weight":0.1111,"played":[0.1502,0.8498],"evs":[0.0,-1.16231]},"76o":{"weight":0.0,"played":[0.9125,0.0875],"evs":[0.0,-5.97544]},"86o":{"weight":0.0,"played":[0.7362,0.2638],"evs":[0.0,-4.87096]},"96o":{"weight":2.0E-4,"played":[0.7985,0.2015],"evs":[0.0,-11.82717]},"T6o":{"weight":0.0,"played":[0.9862,0.0138],"evs":[0.0,-15.36092]},"J6o":{"weight":1.0E-4,"played":[0.6687,0.3313],"evs":[0.0,-0.18873]},"Q6o":{"weight":3.0E-4,"played":[0.7299,0.2701],"evs":[0.0,-5.52383]},"K6o":{"weight":1.0E-4,"played":[0.6294,0.3706],"evs":[0.0,-4.60741]},"A6o":{"weight":0.0,"played":[0.891,0.109],"evs":[0.0,-10.21272]},"72s":{"weight":5.0E-4,"played":[0.9145,0.0855],"evs":[0.0,-20.65958]},"73s":{"weight":1.0E-4,"played":[0.3012,0.6988],"evs":[0.0,3.11472]},"74s":{"weight":4.0E-4,"played":[0.1794,0.8206],"evs":[0.0,12.07393]},"75s":{"weight":7.0E-4,"played":[0.316,0.684],"evs":[0.0,0.59048]},"76s":{"weight":0.0043,"played":[0.2519,0.7481],"evs":[0.0,5.91994]},"77":{"weight":0.5054,"played":[0.0422,0.9578],"evs":[0.0,13.20611]},"87o":{"weight":1.0E-4,"played":[0.4985,0.5015],"evs":[0.0,-0.81447]},"97o":{"weight":5.0E-4,"played":[0.8225,0.1775],"evs":[0.0,-7.1317]},"T7o":{"weight":0.0028,"played":[0.9608,0.0392],"evs":[0.0,-8.46781]},"J7o":{"weight":0.0,"played":[0.8622,0.1378],"evs":[0.0,-8.75323]},"Q7o":{"weight":2.0E-4,"played":[1.0,0.0],"evs":[0.0,-8.69434]},"K7o":{"weight":0.0,"played":[0.6127,0.3873],"evs":[0.0,4.52477]},"A7o":{"weight":0.0,"played":[0.326,0.674],"evs":[0.0,-5.73199]},"82s":{"weight":0.0014,"played":[0.9586,0.0414],"evs":[0.0,-22.80022]},"83s":{"weight":0.0,"played":[0.2467,0.7533],"evs":[0.0,0.87905]},"84s":{"weight":1.0E-4,"played":[0.4391,0.5609],"evs":[0.0,-7.78574]},"85s":{"weight":3.0E-4,"played":[0.8458,0.1542],"evs":[0.0,-0.21812]},"86s":{"weight":0.0024,"played":[0.2582,0.7418],"evs":[0.0,11.77846]},"87s":{"weight":0.0,"played":[0.6082,0.3918],"evs":[0.0,-6.84524]},"88":{"weight":0.839,"played":[0.1051,0.8949],"evs":[0.0,9.85084]},"98o":{"weight":2.0E-4,"played":[0.137,0.863],"evs":[0.0,-0.101]},"T8o":{"weight":1.0E-4,"played":[0.6483,0.3517],"evs":[0.0,-8.62916]},"J8o":{"weight":6.0E-4,"played":[0.9998,2.0E-4],"evs":[0.0,-6.83928]},"Q8o":{"weight":0.0,"played":[0.9483,0.0517],"evs":[0.0,-4.81555]},"K8o":{"weight":2.0E-4,"played":[0.3911,0.6089],"evs":[0.0,1.3756]},"A8o":{"weight":0.0093,"played":[0.5195,0.4805],"evs":[0.0,-8.31353]},"92s":{"weight":0.0046,"played":[0.6933,0.3067],"evs":[0.0,4.07973]},"93s":{"weight":2.0E-4,"played":[0.8053,0.1947],"evs":[0.0,-18.50128]},"94s":{"weight":0.0042,"played":[0.6609,0.3391],"evs":[0.0,-14.52897]},"95s":{"weight":9.0E-4,"played":[0.9876,0.0124],"evs":[0.0,-23.03693]},"96s":{"weight":0.0018,"played":[0.2946,0.7054],"evs":[0.0,5.37844]},"97s":{"weight":4.0E-4,"played":[0.9635,0.0365],"evs":[0.0,-2.29016]},"98s":{"weight":0.0022,"played":[0.8399,0.1601],"evs":[0.0,-12.38717]},"99":{"weight":0.1131,"played":[0.0,1.0],"evs":[0.0,28.76882]},"T9o":{"weight":3.0E-4,"played":[0.9041,0.0959],"evs":[0.0,1.04957]},"J9o":{"weight":7.0E-4,"played":[0.7124,0.2876],"evs":[0.0,-7.05416]},"Q9o":{"weight":0.0031,"played":[0.6082,0.3918],"evs":[0.0,-9.63011]},"K9o":{"weight":0.0037,"played":[0.801,0.199],"evs":[0.0,-11.39262]},"A9o":{"weight":0.0384,"played":[0.5109,0.4891],"evs":[0.0,11.12829]},"T2s":{"weight":0.0013,"played":[0.3132,0.6868],"evs":[0.0,-6.78215]},"T3s":{"weight":0.0016,"played":[0.4513,0.5487],"evs":[0.0,-6.98332]},"T4s":{"weight":0.0,"played":[1.0,0.0],"evs":[0.0,-23.37057]},"T5s":{"weight":0.0015,"played":[0.5968,0.4032],"evs":[0.0,-6.26]},"T6s":{"weight":4.0E-4,"played":[0.834,0.166],"evs":[0.0,-19.5438]},"T7s":{"weight":0.0038,"played":[0.6127,0.3873],"evs":[0.0,-14.91609]},"T8s":{"weight":0.0178,"played":[0.2895,0.7105],"evs":[0.0,1.43643]},"T9s":{"weight":0.1463,"played":[0.4264,0.5736],"evs":[0.0,-0.37706]},"TT":{"weight":0.4179,"played":[0.0384,0.9616],"evs":[0.0,7.92782]},"JTo":{"weight":1.0E-4,"played":[0.0599,0.9401],"evs":[0.0,14.15568]},"QTo":{"weight":0.0024,"played":[0.9502,0.0498],"evs":[0.0,-15.65972]},"KTo":{"weight":0.0016,"played":[0.0,1.0],"evs":[0.0,7.76841]},"ATo":{"weight":0.1798,"played":[0.0044,0.9956],"evs":[0.0,5.69118]},"J2s":{"weight":1.0E-4,"played":[0.8032,0.1968],"evs":[0.0,10.84816]},"J3s":{"weight":4.0E-4,"played":[0.6722,0.3278],"evs":[0.0,-8.26864]},"J4s":{"weight":0.0012,"played":[0.9925,0.0075],"evs":[0.0,-20.16118]},"J5s":{"weight":0.0082,"played":[0.7474,0.2526],"evs":[0.0,-10.60962]},"J6s":{"weight":0.0241,"played":[0.4049,0.5951],"evs":[0.0,-3.75712]},"J7s":{"weight":4.0E-4,"played":[0.8064,0.1936],"evs":[0.0,-11.05212]},"J8s":{"weight":0.0018,"played":[0.4799,0.5201],"evs":[0.0,-4.78915]},"J9s":{"weight":0.0046,"played":[0.5886,0.4114],"evs":[0.0,-2.18213]},"JTs":{"weight":0.0087,"played":[0.0452,0.9548],"evs":[0.0,5.39701]},"JJ":{"weight":0.2732,"played":[0.0936,0.9064],"evs":[0.0,4.22917]},"QJo":{"weight":0.0029,"played":[0.6539,0.3461],"evs":[0.0,2.28314]},"KJo":{"weight":3.0E-4,"played":[0.1289,0.8711],"evs":[0.0,10.3424]},"AJo":{"weight":0.3098,"played":[0.45,0.55],"evs":[0.0,4.47168]},"Q2s":{"weight":0.0488,"played":[0.5385,0.4615],"evs":[0.0,10.11591]},"Q3s":{"weight":0.0035,"played":[0.9712,0.0288],"evs":[0.0,-14.53809]},"Q4s":{"weight":0.0,"played":[0.8064,0.1936],"evs":[0.0,-2.26413]},"Q5s":{"weight":5.0E-4,"played":[0.8412,0.1588],"evs":[0.0,-3.01429]},"Q6s":{"weight":0.025,"played":[0.9846,0.0154],"evs":[0.0,-7.46273]},"Q7s":{"weight":0.0112,"played":[0.9917,0.0083],"evs":[0.0,-4.52153]},"Q8s":{"weight":0.0029,"played":[0.342,0.658],"evs":[0.0,12.36952]},"Q9s":{"weight":0.0149,"played":[0.2845,0.7155],"evs":[0.0,9.01954]},"QTs":{"weight":0.3185,"played":[0.2588,0.7412],"evs":[0.0,13.82366]},"QJs":{"weight":0.2136,"played":[0.4301,0.5699],"evs":[0.0,-2.62818]},"QQ":{"weight":0.5407,"played":[0.0,1.0],"evs":[0.0,18.34333]},"KQo":{"weight":0.0587,"played":[0.9798,0.0202],"evs":[0.0,-7.45068]},"AQo":{"weight":0.9408,"played":[0.069,0.931],"evs":[0.0,9.09966]},"K2s":{"weight":0.0015,"played":[0.6516,0.3484],"evs":[0.0,2.80279]},"K3s":{"weight":0.0234,"played":[0.0242,0.9758],"evs":[0.0,19.12598]},"K4s":{"weight":1.0E-4,"played":[0.9851,0.0149],"evs":[0.0,-0.85754]},"K5s":{"weight":0.019,"played":[0.7733,0.2267],"evs":[0.0,-0.52657]},"K6s":{"weight":0.2836,"played":[0.1075,0.8925],"evs":[0.0,2.35245]},"K7s":{"weight":0.0022,"played":[0.6106,0.3894],"evs":[0.0,-3.94931]},"K8s":{"weight":0.0108,"played":[0.7878,0.2122],"evs":[0.0,-4.44365]},"K9s":{"weight":0.0914,"played":[0.0205,0.9795],"evs":[0.0,-1.41452]},"KTs":{"weight":0.0299,"played":[0.0676,0.9324],"evs":[0.0,12.64703]},"KJs":{"weight":0.0181,"played":[0.3517,0.6483],"evs":[0.0,7.76343]},"KQs":{"weight":0.0137,"played":[0.2965,0.7035],"evs":[0.0,15.17103]},"KK":{"weight":0.9069,"played":[0.021,0.979],"evs":[0.0,26.82814]},"AKo":{"weight":0.1091,"played":[0.0,1.0],"evs":[0.0,6.43579]},"A2s":{"weight":0.0883,"played":[0.5638,0.4362],"evs":[0.0,-3.46545]},"A3s":{"weight":0.0085,"played":[0.3544,0.6456],"evs":[0.0,-6.08286]},"A4s":{"weight":0.0329,"played":[0.7258,0.2742],"evs":[0.0,24.66717]},"A5s":{"weight":0.0087,"played":[0.1536,0.8464],"evs":[0.0,17.63988]},"A6s":{"weight":0.0448,"played":[0.1047,0.8953],"evs":[0.0,13.81629]},"A7s":{"weight":0.0015,"played":[1.0,0.0],"evs":[0.0,-23.34542]},"A8s":{"weight":0.1089,"played":[0.0016,0.9984],"evs":[0.0,11.09825]},"A9s":{"weight":0.3432,"played":[0.3209,0.6791],"evs":[0.0,-2.71957]},"ATs":{"weight":0.2117,"played":[0.0,1.0],"evs":[0.0,16.86619]},"AJs":{"weight":0.6987,"played":[0.039,0.961],"evs":[0.0,21.52381]},"AQs":{"weight":0.9443,"played":[0.0304,0.9696],"evs":[0.0,9.19618]},"AKs":{"weight":0.2719,"played":[0.1295,0.8705],"evs":[0.0,0.42219]},"AA":{"weight":0.1319,"played":[0.0233,0.9767],"evs":[0.0,13.91119]}}}