{"player":1,"street":0,"children":2,"sequence":[{"player":0,"type":"F","amount":0,"street":0},{"player":1,"type":"R","amount":200000,"street":0},{"player":2,"type":"C","amount":200000,"street":0},{"player":3,"type":"R","amount":2985000,"street":0},{"player":4,"type":"F","amount":0,"street":0},{"player":5,"type":"F","amount":0,"street":0}],"actions":[{"type":"F","amount":0,"node":228},{"type":"C","amount":1065000,"node":229}],"hands":{"22":{"weight":0.0,"played":[0.048,0.952],"evs":[0.0,0.35048]},"32o":{"weight":0.0,"played":[1.0,0.0],"evs":[0.0,-2.84516]},"42o":{"weight":0.0,"played":[1.0,0.0],"evs":[0.0,-2.6915]},"52o":{"weight":0.0,"played":[1.0,0.0],"evs":[0.0,-2.65231]},"62o":{"weight":0.0,"played":[1.0,0.0],"evs":[0.0,-2.76313]},"72o":{"weight":0.0,"played":[1.0,0.0],"evs":[0.0,-2.96711]},"82o":{"weight":0.0,"played":[1.0,0.0],"evs":[0.0,-2.92789]},"92o":{"weight":0.0,"played":[1.0,0.0],"evs":[0.0,-3.01163]},"T2o":{"weight":0.0,"played":[1.0,0.0],"evs":[0.0,-2.9564]},"J2o":{"weight":0.0,"played":[1.0,0.0],"evs":[0.0,-2.43117]},"Q2o":{"weight":0.0,"played":[1.0,0.0],"evs":[0.0,-2.19519]},"K2o":{"weight":0.0,"played":[1.0,0.0],"evs":[0.0,-2.10365]},"A2o":{"weight":0.0,"played":[0.9998,2.0E-4],"evs":[0.0,-1.48378]},"32s":{"weight":0.0,"played":[1.0,0.0],"evs":[0.0,-1.95046]},"33":{"weight":0.0633,"played":[0.6074,0.3926],"evs":[0.0,0.05255]},"43o":{"weight":0.0,"played":[1.0,0.0],"evs":[0.0,-2.34311]},"53o":{"weight":0.0,"played":[1.0,0.0],"evs":[0.0,-2.52972]},"63o":{"weight":0.0,"played":[1.0,0.0],"evs":[0.0,-2.36903]},"73o":{"weight":0.0,"played":[1.0,0.0],"evs":[0.0,-2.48361]},"83o":{"weight":0.0,"played":[1.0,0.0],"evs":[0.0,-2.7857]},"93o":{"weight":0.0,"played":[1.0,0.0],"evs":[0.0,-2.76153]},"T3o":{"weight":0.0,"played":[1.0,0.0],"evs":[0.0,-2.91064]},"J3o":{"weight":0.0,"played":[1.0,0.0],"evs":[0.0,-2.31737]},"Q3o":{"weight":0.0,"played":[1.0,0.0],"evs":[0.0,-2.2686]},"K3o":{"weight":0.0,"played":[1.0,0.0],"evs":[0.0,-2.22511]},"A3o":{"weight":0.0,"played":[0.9999,1.0E-4],"evs":[0.0,-1.49531]},"42s":{"weight":0.0,"played":[0.9997,3.0E-4],"evs":[0.0,-1.87972]},"43s":{"weight":0.0,"played":[0.9997,3.0E-4],"evs":[0.0,-1.43555]},"44":{"weight":0.0,"played":[0.1062,0.8938],"evs":[0.0,0.68422]},"54o":{"weight":0.0,"played":[1.0,0.0],"evs":[0.0,-1.86348]},"64o":{"weight":0.0,"played":[1.0,0.0],"evs":[0.0,-2.11261]},"74o":{"weight":0.0,"played":[1.0,0.0],"evs":[0.0,-2.12798]},"84o":{"weight":0.0,"played":[1.0,0.0],"evs":[0.0,-2.47249]},"94o":{"weight":0.0,"played":[1.0,0.0],"evs":[0.0,-3.05492]},"T4o":{"weight":0.0,"played":[1.0,0.0],"evs":[0.0,-2.80213]},"J4o":{"weight":0.0,"played":[1.0,0.0],"evs":[0.0,-2.52313]},"Q4o":{"weight":0.0,"played":[0.9999,1.0E-4],"evs":[0.0,-2.17823]},"K4o":{"weight":0.0,"played":[1.0,0.0],"evs":[0.0,-2.2348]},"A4o":{"weight":0.0,"played":[0.9996,4.0E-4],"evs":[0.0,-1.32976]},"52s":{"weight":0.0,"played":[0.9998,2.0E-4],"evs":[0.0,-1.45803]},"53s":{"weight":0.0,"played":[0.998,0.002],"evs":[0.0,-1.59178]},"54s":{"weight":0.0,"played":[0.9999,1.0E-4],"evs":[0.0,-0.92555]},"55":{"weight":0.0,"played":[0.0017,0.9983],"evs":[0.0,0.78775]},"65o":{"weight":0.0,"played":[0.9998,2.0E-4],"evs":[0.0,-1.65955]},"75o":{"weight":0.0,"played":[1.0,0.0],"evs":[0.0,-1.89535]},"85o":{"weight":0.0,"played":[0.9999,1.0E-4],"evs":[0.0,-1.93211]},"95o":{"weight":0.0,"played":[1.0,0.0],"evs":[0.0,-2.65778]},"T5o":{"weight":0.0,"played":[1.0,0.0],"evs":[0.0,-2.81736]},"J5o":{"weight":0.0,"played":[1.0,0.0],"evs":[0.0,-2.21423]},"Q5o":{"weight":0.0,"played":[1.0,0.0],"evs":[0.0,-2.10127]},"K5o":{"weight":0.0,"played":[1.0,0.0],"evs":[0.0,-1.94252]},"A5o":{"weight":0.0159,"played":[0.999,0.001],"evs":[0.0,-0.96423]},"62s":{"weight":0.0,"played":[0.9998,2.0E-4],"evs":[0.0,-1.79525]},"63s":{"weight":0.0,"played":[0.999,0.001],"evs":[0.0,-1.46749]},"64s":{"weight":0.0,"played":[1.0,0.0],"evs":[0.0,-1.25086]},"65s":{"weight":0.0,"played":[0.9961,0.0039],"evs":[0.0,-0.4109]},"66":{"weight":0.0,"played":[0.0,1.0],"evs":[0.0,1.84805]},"76o":{"weight":0.0,"played":[1.0,0.0],"evs":[0.0,-1.40645]},"86o":{"weight":0.0,"played":[1.0,0.0],"evs":[0.0,-1.67294]},"96o":{"weight":0.0,"played":[1.0,0.0],"evs":[0.0,-2.24179]},"T6o":{"weight":0.0,"played":[1.0,0.0],"evs":[0.0,-2.32754]},"J6o":{"weight":0.0,"played":[1.0,0.0],"evs":[0.0,-2.22478]},"Q6o":{"weight":0.0,"played":[1.0,0.0],"evs":[0.0,-1.97006]},"K6o":{"weight":0.0,"played":[0.9999,1.0E-4],"evs":[0.0,-1.87833]},"A6o":{"weight":0.0,"played":[0.9998,2.0E-4],"evs":[0.0,-1.46969]},"72s":{"weight":0.0,"played":[1.0,0.0],"evs":[0.0,-1.88703]},"73s":{"weight":0.0,"played":[1.0,0.0],"evs":[0.0,-1.64608]},"74s":{"weight":0.0,"played":[1.0,0.0],"evs":[0.0,-1.68493]},"75s":{"weight":0.0,"played":[0.9997,3.0E-4],"evs":[0.0,-0.80902]},"76s":{"weight":0.0,"played":[0.9968,0.0032],"evs":[0.0,-0.46566]},"77":{"weight":0.0,"played":[0.0,1.0],"evs":[0.0,2.28926]},"87o":{"weight":0.0,"played":[0.9997,3.0E-4],"evs":[0.0,-1.36989]},"97o":{"weight":0.0,"played":[0.9999,1.0E-4],"evs":[0.0,-1.5836]},"T7o":{"weight":0.0,"played":[0.9998,2.0E-4],"evs":[0.0,-1.87235]},"J7o":{"weight":0.0,"played":[0.9999,1.0E-4],"evs":[0.0,-1.57379]},"Q7o":{"weight":0.0,"played":[0.9998,2.0E-4],"evs":[0.0,-1.68733]},"K7o":{"weight":0.0,"played":[1.0,0.0],"evs":[0.0,-1.74336]},"A7o":{"weight":0.1683,"played":[0.9995,5.0E-4],"evs":[0.0,-0.76347]},"82s":{"weight":0.0,"played":[1.0,0.0],"evs":[0.0,-1.70682]},"83s":{"weight":0.0,"played":[0.9999,1.0E-4],"evs":[0.0,-1.67109]},"84s":{"weight":0.0,"played":[0.9998,2.0E-4],"evs":[0.0,-1.27226]},"85s":{"weight":0.0,"played":[1.0,0.0],"evs":[0.0,-1.19638]},"86s":{"weight":0.0,"played":[0.9989,0.0011],"evs":[0.0,-0.62207]},"87s":{"weight":0.0,"played":[0.9985,0.0015],"evs":[0.0,-0.5426]},"88":{"weight":0.0,"played":[0.0,1.0],"evs":[0.0,2.62379]},"98o":{"weight":0.0,"played":[1.0,0.0],"evs":[0.0,-1.45421]},"T8o":{"weight":0.0,"played":[0.9995,5.0E-4],"evs":[0.0,-1.54835]},"J8o":{"weight":0.0,"played":[1.0,0.0],"evs":[0.0,-1.47171]},"Q8o":{"weight":0.0,"played":[1.0,0.0],"evs":[0.0,-1.31736]},"K8o":{"weight":0.0,"played":[1.0,0.0],"evs":[0.0,-1.63795]},"A8o":{"weight":0.0158,"played":[0.9621,0.0379],"evs":[0.0,-0.34999]},"92s":{"weight":0.0,"played":[1.0,0.0],"evs":[0.0,-2.26293]},"93s":{"weight":0.0,"played":[1.0,0.0],"evs":[0.0,-1.91669]},"94s":{"weight":0.0,"played":[1.0,0.0],"evs":[0.0,-1.66566]},"95s":{"weight":0.0,"played":[0.9988,0.0012],"evs":[0.0,-1.61424]},"96s":{"weight":0.0,"played":[1.0,0.0],"evs":[0.0,-1.26548]},"97s":{"weight":0.0,"played":[0.9986,0.0014],"evs":[0.0,-0.78152]},"98s":{"weight":0.0,"played":[0.9681,0.0319],"evs":[0.0,-0.57096]},"99":{"weight":1.0E-4,"played":[0.0,1.0],"evs":[0.0,2.8158]},"T9o":{"weight":0.0,"played":[0.9993,7.0E-4],"evs":[0.0,-1.47464]},"J9o":{"weight":0.0,"played":[0.9998,2.0E-4],"evs":[0.0,-1.39858]},"Q9o":{"weight":0.0,"played":[0.9987,0.0013],"evs":[0.0,-1.18444]},"K9o":{"weight":0.0,"played":[0.9998,2.0E-4],"evs":[0.0,-1.63297]},"A9o":{"weight":0.0363,"played":[0.9993,7.0E-4],"evs":[0.0,-0.2433]},"T2s":{"weight":0.0,"played":[0.9999,1.0E-4],"evs":[0.0,-2.0574]},"T3s":{"weight":0.0,"played":[1.0,0.0],"evs":[0.0,-1.45447]},"T4s":{"weight":0.0,"played":[0.9999,1.0E-4],"evs":[0.0,-1.72452]},"T5s":{"weight":0.0,"played":[1.0,0.0],"evs":[0.0,-1.37388]},"T6s":{"weight":0.0,"played":[0.9996,4.0E-4],"evs":[0.0,-1.30593]},"T7s":{"weight":0.0,"played":[0.991,0.009],"evs":[0.0,-0.79643]},"T8s":{"weight":0.0,"played":[0.9971,0.0029],"evs":[0.0,-0.60671]},"T9s":{"weight":0.0041,"played":[0.9405,0.0595],"evs":[0.0,-0.29657]},"TT":{"weight":0.0,"played":[0.0,1.0],"evs":[0.0,3.98717]},"JTo":{"weight":0.0,"played":[0.9996,4.0E-4],"evs":[0.0,-0.86411]},"QTo":{"weight":0.0,"played":[0.9999,1.0E-4],"evs":[0.0,-0.84811]},"KTo":{"weight":0.0273,"played":[0.9942,0.0058],"evs":[0.0,-0.92208]},"ATo":{"weight":0.0,"played":[0.0,1.0],"evs":[0.0,0.86367]},"J2s":{"weight":0.0,"played":[0.9998,2.0E-4],"evs":[0.0,-1.47935]},"J3s":{"weight":0.0,"played":[0.9997,3.0E-4],"evs":[0.0,-1.19754]},"J4s":{"weight":0.0,"played":[0.9996,4.0E-4],"evs":[0.0,-1.51836]},"J5s":{"weight":0.0,"played":[0.9988,0.0012],"evs":[0.0,-1.45314]},"J6s":{"weight":0.0,"played":[1.0,0.0],"evs":[0.0,-1.33893]},"J7s":{"weight":0.0,"played":[0.9995,5.0E-4],"evs":[0.0,-0.99943]},"J8s":{"weight":0.0,"played":[0.9524,0.0476],"evs":[0.0,-0.27517]},"J9s":{"weight":0.0,"played":[0.6901,0.3099],"evs":[0.0,-0.16249]},"JTs":{"weight":0.3519,"played":[0.7159,0.2841],"evs":[0.0,-0.04615]},"JJ":{"weight":0.0,"played":[0.0,1.0],"evs":[0.0,5.39907]},"QJo":{"weight":0.038,"played":[0.9716,0.0284],"evs":[0.0,-0.344]},"KJo":{"weight":0.0,"played":[0.9116,0.0884],"evs":[0.0,-0.43406]},"AJo":{"weight":0.0,"played":[0.0,1.0],"evs":[0.0,1.89401]},"Q2s":{"weight":0.0,"played":[0.9976,0.0024],"evs":[0.0,-1.14222]},"Q3s":{"weight":0.0,"played":[0.9988,0.0012],"evs":[0.0,-0.78714]},"Q4s":{"weight":0.0,"played":[0.9975,0.0025],"evs":[0.0,-0.95786]},"Q5s":{"weight":0.0,"played":[0.9999,1.0E-4],"evs":[0.0,-1.45796]},"Q6s":{"weight":0.0,"played":[0.9961,0.0039],"evs":[0.0,-1.02132]},"Q7s":{"weight":0.0,"played":[0.9986,0.0014],"evs":[0.0,-0.75618]},"Q8s":{"weight":0.0,"played":[0.9145,0.0855],"evs":[0.0,-0.41441]},"Q9s":{"weight":0.0314,"played":[0.9167,0.0833],"evs":[0.0,-0.13551]},"QTs":{"weight":4.0E-4,"played":[0.0194,0.9806],"evs":[0.0,0.28445]},"QJs":{"weight":0.0249,"played":[0.1049,0.8951],"evs":[0.0,0.16074]},"QQ":{"weight":0.0,"played":[0.0,1.0],"evs":[0.0,6.3341]},"KQo":{"weight":0.0,"played":[0.01,0.99],"evs":[0.0,0.1133]},"AQo":{"weight":0.0,"played":[0.0,1.0],"evs":[0.0,2.90096]},"K2s":{"weight":0.0,"played":[1.0,0.0],"evs":[0.0,-1.15988]},"K3s":{"weight":0.0,"played":[1.0,0.0],"evs":[0.0,-0.74031]},"K4s":{"weight":0.0,"played":[0.9984,0.0016],"evs":[0.0,-1.22052]},"K5s":{"weight":0.0,"played":[0.9846,0.0154],"evs":[0.0,-0.72828]},"K6s":{"weight":0.0,"played":[0.9878,0.0122],"evs":[0.0,-0.94016]},"K7s":{"weight":0.0,"played":[0.9993,7.0E-4],"evs":[0.0,-0.42042]},"K8s":{"weight":0.0,"played":[0.998,0.002],"evs":[0.0,-0.80014]},"K9s":{"weight":0.0118,"played":[0.9938,0.0062],"evs":[0.0,-0.83143]},"KTs":{"weight":0.0091,"played":[0.0932,0.9068],"evs":[0.0,0.18965]},"KJs":{"weight":0.0164,"played":[0.0072,0.9928],"evs":[0.0,0.53955]},"KQs":{"weight":0.0,"played":[0.0,1.0],"evs":[0.0,1.28044]},"KK":{"weight":0.0019,"played":[0.0,1.0],"evs":[0.0,7.682]},"AKo":{"weight":0.0,"played":[0.0,1.0],"evs":[0.0,4.23299]},"A2s":{"weight":0.0124,"played":[0.8522,0.1478],"evs":[0.0,-0.22767]},"A3s":{"weight":0.0,"played":[0.9111,0.0889],"evs":[0.0,-0.33218]},"A4s":{"weight":3.0E-4,"played":[0.8244,0.1756],"evs":[0.0,-0.17186]},"A5s":{"weight":0.0,"played":[0.739,0.261],"evs":[0.0,-0.24454]},"A6s":{"weight":0.0,"played":[0.9737,0.0263],"evs":[0.0,-0.24833]},"A7s":{"weight":0.0,"played":[0.2317,0.7683],"evs":[0.0,0.11698]},"A8s":{"weight":0.0,"played":[0.0146,0.9854],"evs":[0.0,0.82106]},"A9s":{"weight":0.0,"played":[0.0067,0.9933],"evs":[0.0,0.40109]},"ATs":{"weight":0.0,"played":[0.0,1.0],"evs":[0.0,1.79623]},"AJs":{"weight":0.0,"played":[0.0,1.0],"evs":[0.0,2.97942]},"AQs":{"weight":2.0E-4,"played":[0.0,1.0],"evs":[0.0,3.64493]},"AKs":{"weight":7.0E-4,"played":[0.0,1.0],"evs":[0.0,4.73427]},"AA":{"weight":0.367,"played":[0.0,1.0],"evs":[0.0,12.2272]}}}