{"player":2,"street":0,"children":2,"sequence":[{"player":0,"type":"F","amount":0,"street":0},{"player":1,"type":"R","amount":200000,"street":0},{"player":2,"type":"C","amount":200000,"street":0},{"player":3,"type":"R","amount":2985000,"street":0},{"player":4,"type":"F","amount":0,"street":0},{"player":5,"type":"F","amount":0,"street":0},{"player":1,"type":"C","amount":1065000,"street":0}],"actions":[{"type":"F","amount":0},{"type":"C","amount":2015000}],"hands":{"22":{"weight":1.0E-4,"played":[0.9666,0.0334],"evs":[0.0,-3.28647]},"32o":{"weight":0.0,"played":[0.9999,1.0E-4],"evs":[0.0,-6.77517]},"42o":{"weight":0.0,"played":[1.0,0.0],"evs":[0.0,-7.53513]},"52o":{"weight":0.0,"played":[0.9999,1.0E-4],"evs":[0.0,-7.70369]},"62o":{"weight":0.0,"played":[1.0,0.0],"evs":[0.0,-7.67169]},"72o":{"weight":0.0,"played":[0.9991,9.0E-4],"evs":[0.0,-8.49341]},"82o":{"weight":0.0,"played":[0.9957,0.0043],"evs":[0.0,-7.93175]},"92o":{"weight":0.0,"played":[1.0,0.0],"evs":[0.0,-7.14268]},"T2o":{"weight":0.0,"played":[1.0,0.0],"evs":[0.0,-8.36446]},"J2o":{"weight":0.0,"played":[0.9998,2.0E-4],"evs":[0.0,-8.16893]},"Q2o":{"weight":0.0,"played":[0.9984,0.0016],"evs":[0.0,-7.19015]},"K2o":{"weight":0.0,"played":[1.0,0.0],"evs":[0.0,-6.46148]},"A2o":{"weight":0.0,"played":[0.9832,0.0168],"evs":[0.0,-6.03205]},"32s":{"weight":0.0,"played":[0.9999,1.0E-4],"evs":[0.0,-4.77902]},"33":{"weight":0.003,"played":[0.9845,0.0155],"evs":[0.0,-2.95964]},"43o":{"weight":0.0,"played":[0.9999,1.0E-4],"evs":[0.0,-6.1195]},"53o":{"weight":0.0,"played":[0.9991,9.0E-4],"evs":[0.0,-6.54592]},"63o":{"weight":0.0,"played":[0.9999,1.0E-4],"evs":[0.0,-5.91708]},"73o":{"weight":0.0,"played":[1.0,0.0],"evs":[0.0,-7.6315]},"83o":{"weight":0.0,"played":[1.0,0.0],"evs":[0.0,-6.70379]},"93o":{"weight":0.0,"played":[0.999,0.001],"evs":[0.0,-7.87171]},"T3o":{"weight":0.0,"played":[0.9995,5.0E-4],"evs":[0.0,-7.91181]},"J3o":{"weight":0.0,"played":[0.9998,2.0E-4],"evs":[0.0,-6.30373]},"Q3o":{"weight":0.0,"played":[0.9995,5.0E-4],"evs":[0.0,-7.53365]},"K3o":{"weight":0.0,"played":[0.9981,0.0019],"evs":[0.0,-7.31804]},"A3o":{"weight":0.0,"played":[0.9732,0.0268],"evs":[0.0,-5.08565]},"42s":{"weight":0.0,"played":[0.9999,1.0E-4],"evs":[0.0,-2.64676]},"43s":{"weight":0.0,"played":[0.989,0.011],"evs":[0.0,-5.28629]},"44":{"weight":0.727,"played":[0.9386,0.0614],"evs":[0.0,-2.43053]},"54o":{"weight":0.0,"played":[0.9974,0.0026],"evs":[0.0,-6.22457]},"64o":{"weight":0.0,"played":[0.9996,4.0E-4],"evs":[0.0,-5.85004]},"74o":{"weight":0.0,"played":[0.9998,2.0E-4],"evs":[0.0,-6.21669]},"84o":{"weight":0.0,"played":[1.0,0.0],"evs":[0.0,-6.85328]},"94o":{"weight":0.0,"played":[0.9992,8.0E-4],"evs":[0.0,-7.16981]},"T4o":{"weight":0.0,"played":[1.0,0.0],"evs":[0.0,-8.03046]},"J4o":{"weight":0.0,"played":[1.0,0.0],"evs":[0.0,-7.18353]},"Q4o":{"weight":0.0,"played":[0.9998,2.0E-4],"evs":[0.0,-5.71371]},"K4o":{"weight":0.0,"played":[0.9996,4.0E-4],"evs":[0.0,-6.98439]},"A4o":{"weight":1.0E-4,"played":[0.9902,0.0098],"evs":[0.0,-5.05727]},"52s":{"weight":0.0,"played":[0.9789,0.0211],"evs":[0.0,-4.38822]},"53s":{"weight":0.0,"played":[0.9628,0.0372],"evs":[0.0,-4.4873]},"54s":{"weight":0.0,"played":[0.9948,0.0052],"evs":[0.0,-3.01738]},"55":{"weight":0.172,"played":[0.929,0.071],"evs":[0.0,-2.64279]},"65o":{"weight":0.0,"played":[0.9969,0.0031],"evs":[0.0,-4.65193]},"75o":{"weight":0.0,"played":[0.9939,0.0061],"evs":[0.0,-6.20926]},"85o":{"weight":0.0,"played":[0.9971,0.0029],"evs":[0.0,-5.21785]},"95o":{"weight":0.0,"played":[0.9999,1.0E-4],"evs":[0.0,-6.24495]},"T5o":{"weight":0.0,"played":[0.9995,5.0E-4],"evs":[0.0,-7.19137]},"J5o":{"weight":0.0,"played":[0.9996,4.0E-4],"evs":[0.0,-7.1776]},"Q5o":{"weight":0.0,"played":[0.9991,9.0E-4],"evs":[0.0,-5.81683]},"K5o":{"weight":0.0,"played":[0.998,0.002],"evs":[0.0,-6.31807]},"A5o":{"weight":1.0E-4,"played":[0.9877,0.0123],"evs":[0.0,-6.17235]},"62s":{"weight":0.0,"played":[0.9961,0.0039],"evs":[0.0,-6.0344]},"63s":{"weight":0.0,"played":[0.9836,0.0164],"evs":[0.0,-4.19341]},"64s":{"weight":0.0,"played":[0.993,0.007],"evs":[0.0,-2.77676]},"65s":{"weight":0.8105,"played":[0.9785,0.0215],"evs":[0.0,-2.71504]},"66":{"weight":0.0495,"played":[0.3081,0.6919],"evs":[0.0,-1.17258]},"76o":{"weight":0.0,"played":[0.9975,0.0025],"evs":[0.0,-4.60801]},"86o":{"weight":0.0,"played":[0.9997,3.0E-4],"evs":[0.0,-4.53999]},"96o":{"weight":0.0,"played":[0.9996,4.0E-4],"evs":[0.0,-4.62046]},"T6o":{"weight":0.0,"played":[0.9987,0.0013],"evs":[0.0,-6.30649]},"J6o":{"weight":0.0,"played":[0.9999,1.0E-4],"evs":[0.0,-5.73329]},"Q6o":{"weight":0.0,"played":[0.999,0.001],"evs":[0.0,-5.86681]},"K6o":{"weight":0.0,"played":[0.9924,0.0076],"evs":[0.0,-4.79561]},"A6o":{"weight":3.0E-4,"played":[0.9804,0.0196],"evs":[0.0,-6.37329]},"72s":{"weight":0.0,"played":[0.9995,5.0E-4],"evs":[0.0,-6.558]},"73s":{"weight":0.0,"played":[0.9989,0.0011],"evs":[0.0,-5.19019]},"74s":{"weight":0.0,"played":[0.9986,0.0014],"evs":[0.0,-3.28571]},"75s":{"weight":4.0E-4,"played":[0.9992,8.0E-4],"evs":[0.0,-5.13577]},"76s":{"weight":0.0,"played":[0.9977,0.0023],"evs":[0.0,-1.48002]},"77":{"weight":0.2662,"played":[0.1943,0.8057],"evs":[0.0,0.71952]},"87o":{"weight":0.0,"played":[0.9982,0.0018],"evs":[0.0,-4.85991]},"97o":{"weight":0.0,"played":[0.9945,0.0055],"evs":[0.0,-4.65281]},"T7o":{"weight":0.0,"played":[0.9963,0.0037],"evs":[0.0,-5.66899]},"J7o":{"weight":0.0,"played":[0.9997,3.0E-4],"evs":[0.0,-6.06013]},"Q7o":{"weight":0.0,"played":[0.9999,1.0E-4],"evs":[0.0,-5.3814]},"K7o":{"weight":0.0,"played":[0.9936,0.0064],"evs":[0.0,-6.30701]},"A7o":{"weight":0.0,"played":[0.9784,0.0216],"evs":[0.0,-4.74992]},"82s":{"weight":0.0,"played":[0.9854,0.0146],"evs":[0.0,-5.38845]},"83s":{"weight":0.0,"played":[0.9986,0.0014],"evs":[0.0,-4.91186]},"84s":{"weight":0.0,"played":[0.9847,0.0153],"evs":[0.0,-5.34766]},"85s":{"weight":0.0,"played":[0.9739,0.0261],"evs":[0.0,-1.91213]},"86s":{"weight":0.2271,"played":[0.9879,0.0121],"evs":[0.0,-2.38864]},"87s":{"weight":0.0,"played":[0.999,0.001],"evs":[0.0,-1.70465]},"88":{"weight":0.0329,"played":[0.0651,0.9349],"evs":[0.0,1.65549]},"98o":{"weight":0.0,"played":[0.9985,0.0015],"evs":[0.0,-4.76159]},"T8o":{"weight":0.0,"played":[0.9936,0.0064],"evs":[0.0,-4.65554]},"J8o":{"weight":0.0,"played":[0.9926,0.0074],"evs":[0.0,-5.08043]},"Q8o":{"weight":0.0,"played":[0.9999,1.0E-4],"evs":[0.0,-5.01202]},"K8o":{"weight":0.0,"played":[0.9937,0.0063],"evs":[0.0,-5.76068]},"A8o":{"weight":0.2714,"played":[0.9746,0.0254],"evs":[0.0,-5.09397]},"92s":{"weight":0.0,"played":[0.9862,0.0138],"evs":[0.0,-5.83614]},"93s":{"weight":0.0,"played":[0.9754,0.0246],"evs":[0.0,-6.24186]},"94s":{"weight":0.0,"played":[0.9991,9.0E-4],"evs":[0.0,-5.43415]},"95s":{"weight":0.0,"played":[0.9447,0.0553],"evs":[0.0,-4.18849]},"96s":{"weight":5.0E-4,"played":[0.9964,0.0036],"evs":[0.0,-3.51033]},"97s":{"weight":1.0E-4,"played":[0.8854,0.1146],"evs":[0.0,-3.13851]},"98s":{"weight":0.1054,"played":[0.8676,0.1324],"evs":[0.0,-3.44875]},"99":{"weight":0.0046,"played":[2.0E-4,0.9998],"evs":[0.0,1.5003]},"T9o":{"weight":0.0,"played":[0.9996,4.0E-4],"evs":[0.0,-2.52859]},"J9o":{"weight":0.0,"played":[0.9892,0.0108],"evs":[0.0,-4.97593]},"Q9o":{"weight":1.0E-4,"played":[0.9996,4.0E-4],"evs":[0.0,-4.38526]},"K9o":{"weight":2.0E-4,"played":[0.988,0.012],"evs":[0.0,-4.82813]},"A9o":{"weight":0.9795,"played":[0.9668,0.0332],"evs":[0.0,-4.69878]},"T2s":{"weight":1.0E-4,"played":[0.9962,0.0038],"evs":[0.0,-5.88564]},"T3s":{"weight":0.0,"played":[0.9984,0.0016],"evs":[0.0,-6.63918]},"T4s":{"weight":0.0,"played":[0.9992,8.0E-4],"evs":[0.0,-4.72036]},"T5s":{"weight":0.0,"played":[0.983,0.017],"evs":[0.0,-4.54429]},"T6s":{"weight":1.0E-4,"played":[0.9866,0.0134],"evs":[0.0,-3.76139]},"T7s":{"weight":1.0E-4,"played":[0.9622,0.0378],"evs":[0.0,-5.48756]},"T8s":{"weight":3.0E-4,"played":[0.74,0.26],"evs":[0.0,-1.19311]},"T9s":{"weight":0.7904,"played":[0.9692,0.0308],"evs":[0.0,-2.08519]},"TT":{"weight":0.1165,"played":[0.0,1.0],"evs":[0.0,1.86446]},"JTo":{"weight":0.0,"played":[0.984,0.016],"evs":[0.0,-4.0068]},"QTo":{"weight":2.0E-4,"played":[0.9992,8.0E-4],"evs":[0.0,-2.91912]},"KTo":{"weight":0.002,"played":[0.9902,0.0098],"evs":[0.0,-4.92284]},"ATo":{"weight":1.0E-4,"played":[0.9127,0.0873],"evs":[0.0,-3.36457]},"J2s":{"weight":0.0,"played":[0.9973,0.0027],"evs":[0.0,-5.70974]},"J3s":{"weight":0.0,"played":[0.9977,0.0023],"evs":[0.0,-6.05421]},"J4s":{"weight":0.0,"played":[0.9904,0.0096],"evs":[0.0,-6.67289]},"J5s":{"weight":0.0,"played":[0.9959,0.0041],"evs":[0.0,-6.54619]},"J6s":{"weight":0.0,"played":[0.9807,0.0193],"evs":[0.0,-5.11541]},"J7s":{"weight":0.0,"played":[0.9966,0.0034],"evs":[0.0,-3.07322]},"J8s":{"weight":0.0,"played":[0.974,0.026],"evs":[0.0,-3.94184]},"J9s":{"weight":0.4801,"played":[0.999,0.001],"evs":[0.0,-2.13135]},"JTs":{"weight":0.9474,"played":[0.9517,0.0483],"evs":[0.0,-2.27085]},"JJ":{"weight":0.266,"played":[0.0,1.0],"evs":[0.0,4.77806]},"QJo":{"weight":0.0146,"played":[0.9729,0.0271],"evs":[0.0,-4.53373]},"KJo":{"weight":0.0837,"played":[0.9782,0.0218],"evs":[0.0,-3.95554]},"AJo":{"weight":0.0032,"played":[0.929,0.071],"evs":[0.0,-2.52926]},"Q2s":{"weight":0.0,"played":[0.9567,0.0433],"evs":[0.0,-5.5006]},"Q3s":{"weight":0.0,"played":[0.9908,0.0092],"evs":[0.0,-4.34719]},"Q4s":{"weight":0.0,"played":[0.9978,0.0022],"evs":[0.0,-4.30056]},"Q5s":{"weight":0.0,"played":[0.9996,4.0E-4],"evs":[0.0,-3.82029]},"Q6s":{"weight":0.0,"played":[0.9796,0.0204],"evs":[0.0,-4.12437]},"Q7s":{"weight":0.0,"played":[0.9888,0.0112],"evs":[0.0,-2.99158]},"Q8s":{"weight":0.0213,"played":[0.9128,0.0872],"evs":[0.0,-2.56449]},"Q9s":{"weight":0.6388,"played":[0.8989,0.1011],"evs":[0.0,-1.88216]},"QTs":{"weight":0.0109,"played":[0.901,0.099],"evs":[0.0,-1.63793]},"QJs":{"weight":0.0017,"played":[0.816,0.184],"evs":[0.0,-2.10891]},"QQ":{"weight":0.0044,"played":[0.0,1.0],"evs":[0.0,7.47289]},"KQo":{"weight":0.3604,"played":[0.9747,0.0253],"evs":[0.0,-2.99083]},"AQo":{"weight":0.0655,"played":[0.9335,0.0665],"evs":[0.0,-0.79039]},"K2s":{"weight":0.0,"played":[0.9961,0.0039],"evs":[0.0,-5.30766]},"K3s":{"weight":0.0,"played":[0.9945,0.0055],"evs":[0.0,-5.34644]},"K4s":{"weight":4.0E-4,"played":[0.7491,0.2509],"evs":[0.0,-3.18948]},"K5s":{"weight":0.0094,"played":[0.9758,0.0242],"evs":[0.0,-5.81552]},"K6s":{"weight":0.0064,"played":[0.781,0.219],"evs":[0.0,-1.41851]},"K7s":{"weight":4.0E-4,"played":[0.9743,0.0257],"evs":[0.0,-2.63279]},"K8s":{"weight":0.0228,"played":[0.9311,0.0689],"evs":[0.0,-4.1926]},"K9s":{"weight":0.009,"played":[0.9151,0.0849],"evs":[0.0,-3.94458]},"KTs":{"weight":0.006,"played":[0.9757,0.0243],"evs":[0.0,-3.22705]},"KJs":{"weight":0.0174,"played":[0.878,0.122],"evs":[0.0,-2.4606]},"KQs":{"weight":0.0963,"played":[0.6078,0.3922],"evs":[0.0,0.03555]},"KK":{"weight":0.4186,"played":[0.0,1.0],"evs":[0.0,8.84556]},"AKo":{"weight":0.0289,"played":[0.148,0.852],"evs":[0.0,0.94955]},"A2s":{"weight":1.0E-4,"played":[0.9719,0.0281],"evs":[0.0,-5.26462]},"A3s":{"weight":0.0226,"played":[0.944,0.056],"evs":[0.0,-1.81711]},"A4s":{"weight":0.0081,"played":[0.8306,0.1694],"evs":[0.0,-5.34345]},"A5s":{"weight":0.0,"played":[0.8833,0.1167],"evs":[0.0,-5.08951]},"A6s":{"weight":0.0181,"played":[0.976,0.024],"evs":[0.0,-3.36745]},"A7s":{"weight":0.1218,"played":[0.9265,0.0735],"evs":[0.0,-1.22991]},"A8s":{"weight":0.1727,"played":[0.955,0.045],"evs":[0.0,-3.57107]},"A9s":{"weight":0.1063,"played":[0.8761,0.1239],"evs":[0.0,-1.75584]},"ATs":{"weight":0.0051,"played":[0.5613,0.4387],"evs":[0.0,-3.11926]},"AJs":{"weight":0.0607,"played":[0.3943,0.6057],"evs":[0.0,0.21753]},"AQs":{"weight":0.1735,"played":[1.0E-4,0.9999],"evs":[0.0,2.14537]},"AKs":{"weight":0.4444,"played":[0.0,1.0],"evs":[0.0,2.19521]},"AA":{"weight":0.9976,"played":[0.0,1.0],"evs":[0.0,20.2621]}}}