{"player":4,"street":0,"children":3,"sequence":[{"player":0,"type":"F","amount":0,"street":0},{"player":1,"type":"F","amount":0,"street":0},{"player":2,"type":"R","amount":200000,"street":0},{"player":3,"type":"F","amount":0,"street":0}],"actions":[{"type":"F","amount":0,"node":25},{"type":"C","amount":150000,"node":27},{"type":"R","amount":2215000,"node":33}],"hands":{"22":{"weight":1.0,"played":[0.0,0.0,1.0],"evs":[0.0,0.54427,0.69374]},"32o":{"weight":1.0,"played":[1.0,0.0,0.0],"evs":[0.0,-0.47066,-1.77501]},"42o":{"weight":1.0,"played":[1.0,0.0,0.0],"evs":[0.0,-0.43924,-1.6576]},"52o":{"weight":1.0,"played":[1.0,0.0,0.0],"evs":[0.0,-0.414,-1.48638]},"62o":{"weight":1.0,"played":[1.0,0.0,0.0],"evs":[0.0,-0.50457,-1.68377]},"72o":{"weight":1.0,"played":[1.0,0.0,0.0],"evs":[0.0,-0.57884,-1.86666]},"82o":{"weight":1.0,"played":[1.0,0.0,0.0],"evs":[0.0,-0.54333,-1.65844]},"92o":{"weight":1.0,"played":[1.0,0.0,0.0],"evs":[0.0,-0.53715,-1.62413]},"T2o":{"weight":1.0,"played":[1.0,0.0,0.0],"evs":[0.0,-0.53617,-1.51448]},"J2o":{"weight":1.0,"played":[1.0,0.0,0.0],"evs":[0.0,-0.49442,-1.36923]},"Q2o":{"weight":1.0,"played":[1.0,0.0,0.0],"evs":[0.0,-0.4258,-1.17025]},"K2o":{"weight":1.0,"played":[1.0,0.0,0.0],"evs":[0.0,-0.38147,-0.9417]},"A2o":{"weight":1.0,"played":[0.9999,0.0,1.0E-4],"evs":[0.0,-0.11498,-0.234]},"32s":{"weight":1.0,"played":[1.0,0.0,0.0],"evs":[0.0,-0.17765,-1.03767]},"33":{"weight":1.0,"played":[0.0,0.0,1.0],"evs":[0.0,0.69928,0.81401]},"43o":{"weight":1.0,"played":[1.0,0.0,0.0],"evs":[0.0,-0.35714,-1.3981]},"53o":{"weight":1.0,"played":[1.0,0.0,0.0],"evs":[0.0,-0.30849,-1.22876]},"63o":{"weight":1.0,"played":[1.0,0.0,0.0],"evs":[0.0,-0.39687,-1.41594]},"73o":{"weight":1.0,"played":[1.0,0.0,0.0],"evs":[0.0,-0.49232,-1.59698]},"83o":{"weight":1.0,"played":[1.0,0.0,0.0],"evs":[0.0,-0.53623,-1.69286]},"93o":{"weight":1.0,"played":[1.0,0.0,0.0],"evs":[0.0,-0.51814,-1.57745]},"T3o":{"weight":1.0,"played":[1.0,0.0,0.0],"evs":[0.0,-0.50727,-1.46043]},"J3o":{"weight":1.0,"played":[1.0,0.0,0.0],"evs":[0.0,-0.46991,-1.30332]},"Q3o":{"weight":1.0,"played":[1.0,0.0,0.0],"evs":[0.0,-0.40085,-1.11703]},"K3o":{"weight":1.0,"played":[1.0,0.0,0.0],"evs":[0.0,-0.3591,-0.8712]},"A3o":{"weight":1.0,"played":[1.0,0.0,0.0],"evs":[0.0,-0.04656,-0.19321]},"42s":{"weight":1.0,"played":[0.9999,1.0E-4,0.0],"evs":[0.0,-0.16195,-0.9117]},"43s":{"weight":1.0,"played":[0.9985,0.0015,0.0],"evs":[0.0,-0.02104,-0.691]},"44":{"weight":1.0,"played":[0.0,1.0E-4,0.9999],"evs":[0.0,0.90823,1.02915]},"54o":{"weight":1.0,"played":[1.0,0.0,0.0],"evs":[0.0,-0.21622,-0.92603]},"64o":{"weight":1.0,"played":[1.0,0.0,0.0],"evs":[0.0,-0.30128,-1.09923]},"74o":{"weight":1.0,"played":[1.0,0.0,0.0],"evs":[0.0,-0.40942,-1.28844]},"84o":{"weight":1.0,"played":[1.0,0.0,0.0],"evs":[0.0,-0.46035,-1.38758]},"94o":{"weight":1.0,"played":[1.0,0.0,0.0],"evs":[0.0,-0.50299,-1.53183]},"T4o":{"weight":1.0,"played":[1.0,0.0,0.0],"evs":[0.0,-0.49298,-1.38821]},"J4o":{"weight":1.0,"played":[1.0,0.0,0.0],"evs":[0.0,-0.4528,-1.19619]},"Q4o":{"weight":1.0,"played":[1.0,0.0,0.0],"evs":[0.0,-0.39143,-1.03136]},"K4o":{"weight":1.0,"played":[1.0,0.0,0.0],"evs":[0.0,-0.34625,-0.77578]},"A4o":{"weight":1.0,"played":[0.4878,0.5079,0.0043],"evs":[0.0,-0.00109,-0.07156]},"52s":{"weight":1.0,"played":[0.9999,1.0E-4,0.0],"evs":[0.0,-0.10947,-0.77895]},"53s":{"weight":1.0,"played":[9.0E-4,0.9991,0.0],"evs":[0.0,0.04387,-0.50094]},"54s":{"weight":1.0,"played":[1.0E-4,0.9999,0.0],"evs":[0.0,0.14823,-0.21706]},"55":{"weight":1.0,"played":[0.0,0.0,1.0],"evs":[0.0,1.20143,1.47069]},"65o":{"weight":1.0,"played":[1.0,0.0,0.0],"evs":[0.0,-0.17467,-0.7769]},"75o":{"weight":1.0,"played":[1.0,0.0,0.0],"evs":[0.0,-0.28067,-0.95448]},"85o":{"weight":1.0,"played":[1.0,0.0,0.0],"evs":[0.0,-0.34494,-1.02887]},"95o":{"weight":1.0,"played":[1.0,0.0,0.0],"evs":[0.0,-0.41594,-1.19706]},"T5o":{"weight":1.0,"played":[1.0,0.0,0.0],"evs":[0.0,-0.47237,-1.28877]},"J5o":{"weight":1.0,"played":[1.0,0.0,0.0],"evs":[0.0,-0.42284,-1.0581]},"Q5o":{"weight":1.0,"played":[1.0,0.0,0.0],"evs":[0.0,-0.35783,-0.88282]},"K5o":{"weight":1.0,"played":[1.0,0.0,0.0],"evs":[0.0,-0.30573,-0.63549]},"A5o":{"weight":1.0,"played":[1.0E-4,0.1553,0.8446],"evs":[0.0,0.06663,0.07251]},"62s":{"weight":1.0,"played":[1.0,0.0,0.0],"evs":[0.0,-0.20936,-0.94451]},"63s":{"weight":1.0,"played":[1.0,0.0,0.0],"evs":[0.0,-0.08684,-0.68887]},"64s":{"weight":1.0,"played":[0.0028,0.9972,0.0],"evs":[0.0,0.05969,-0.3941]},"65s":{"weight":1.0,"played":[3.0E-4,0.9997,0.0],"evs":[0.0,0.16334,-0.09736]},"66":{"weight":1.0,"played":[0.0,0.0,1.0],"evs":[0.0,1.44068,1.94228]},"76o":{"weight":1.0,"played":[1.0,0.0,0.0],"evs":[0.0,-0.20408,-0.64098]},"86o":{"weight":1.0,"played":[1.0,0.0,0.0],"evs":[0.0,-0.24481,-0.72841]},"96o":{"weight":1.0,"played":[1.0,0.0,0.0],"evs":[0.0,-0.32085,-0.87959]},"T6o":{"weight":1.0,"played":[1.0,0.0,0.0],"evs":[0.0,-0.39526,-0.95611]},"J6o":{"weight":1.0,"played":[1.0,0.0,0.0],"evs":[0.0,-0.40151,-1.01246]},"Q6o":{"weight":1.0,"played":[1.0,0.0,0.0],"evs":[0.0,-0.3314,-0.7755]},"K6o":{"weight":1.0,"played":[1.0,0.0,0.0],"evs":[0.0,-0.26005,-0.52733]},"A6o":{"weight":1.0,"played":[0.7594,0.24,6.0E-4],"evs":[0.0,-0.00439,-0.06316]},"72s":{"weight":1.0,"played":[1.0,0.0,0.0],"evs":[0.0,-0.27441,-1.0881]},"73s":{"weight":1.0,"played":[1.0,0.0,0.0],"evs":[0.0,-0.17063,-0.84215]},"74s":{"weight":1.0,"played":[0.9997,3.0E-4,0.0],"evs":[0.0,-0.07277,-0.55276]},"75s":{"weight":1.0,"played":[7.0E-4,0.9993,0.0],"evs":[0.0,0.05568,-0.22489]},"76s":{"weight":1.0,"played":[0.0,0.9999,1.0E-4],"evs":[0.0,0.15305,0.06566]},"77":{"weight":1.0,"played":[0.0,0.0,1.0],"evs":[0.0,1.72996,2.39822]},"87o":{"weight":1.0,"played":[1.0,0.0,0.0],"evs":[0.0,-0.15917,-0.49685]},"97o":{"weight":1.0,"played":[1.0,0.0,0.0],"evs":[0.0,-0.21409,-0.64206]},"T7o":{"weight":1.0,"played":[1.0,0.0,0.0],"evs":[0.0,-0.27842,-0.71057]},"J7o":{"weight":1.0,"played":[1.0,0.0,0.0],"evs":[0.0,-0.30252,-0.75976]},"Q7o":{"weight":1.0,"played":[1.0,0.0,0.0],"evs":[0.0,-0.29268,-0.79522]},"K7o":{"weight":1.0,"played":[1.0,0.0,0.0],"evs":[0.0,-0.22191,-0.50574]},"A7o":{"weight":1.0,"played":[0.0,0.9136,0.0864],"evs":[0.0,0.09278,0.08099]},"82s":{"weight":1.0,"played":[1.0,0.0,0.0],"evs":[0.0,-0.22274,-0.91086]},"83s":{"weight":1.0,"played":[1.0,0.0,0.0],"evs":[0.0,-0.23643,-0.9535]},"84s":{"weight":1.0,"played":[1.0,0.0,0.0],"evs":[0.0,-0.14066,-0.67429]},"85s":{"weight":1.0,"played":[0.1275,0.8725,0.0],"evs":[0.0,0.0075,-0.33296]},"86s":{"weight":1.0,"played":[1.0E-4,0.9999,0.0],"evs":[0.0,0.09727,-0.00471]},"87s":{"weight":1.0,"played":[0.0,0.0489,0.9511],"evs":[0.0,0.20734,0.23394]},"88":{"weight":1.0,"played":[0.0,0.0,1.0],"evs":[0.0,2.12231,2.91075]},"98o":{"weight":1.0,"played":[1.0,0.0,0.0],"evs":[0.0,-0.09864,-0.33864]},"T8o":{"weight":1.0,"played":[1.0,0.0,0.0],"evs":[0.0,-0.13671,-0.39691]},"J8o":{"weight":1.0,"played":[1.0,0.0,0.0],"evs":[0.0,-0.15315,-0.44625]},"Q8o":{"weight":1.0,"played":[1.0,0.0,0.0],"evs":[0.0,-0.16562,-0.48678]},"K8o":{"weight":1.0,"played":[1.0,0.0,0.0],"evs":[0.0,-0.15888,-0.43143]},"A8o":{"weight":1.0,"played":[0.0,0.6071,0.3929],"evs":[0.0,0.2833,0.27532]},"92s":{"weight":1.0,"played":[1.0,0.0,0.0],"evs":[0.0,-0.23462,-0.87625]},"93s":{"weight":1.0,"played":[1.0,0.0,0.0],"evs":[0.0,-0.20777,-0.82712]},"94s":{"weight":1.0,"played":[1.0,0.0,0.0],"evs":[0.0,-0.18494,-0.80573]},"95s":{"weight":1.0,"played":[1.0,0.0,0.0],"evs":[0.0,-0.08183,-0.46544]},"96s":{"weight":1.0,"played":[1.0E-4,0.9999,0.0],"evs":[0.0,0.03937,-0.15918]},"97s":{"weight":1.0,"played":[0.0,0.9995,5.0E-4],"evs":[0.0,0.14286,0.06447]},"98s":{"weight":1.0,"played":[0.0,0.01,0.9899],"evs":[0.0,0.31308,0.34791]},"99":{"weight":1.0,"played":[0.0,0.0,1.0],"evs":[0.0,2.53865,3.48512]},"T9o":{"weight":1.0,"played":[0.9577,0.0423,0.0],"evs":[0.0,-0.00898,-0.16217]},"J9o":{"weight":1.0,"played":[0.9992,8.0E-4,0.0],"evs":[0.0,-0.0416,-0.22827]},"Q9o":{"weight":1.0,"played":[1.0,0.0,0.0],"evs":[0.0,-0.04874,-0.26335]},"K9o":{"weight":1.0,"played":[0.9985,0.0015,0.0],"evs":[0.0,-0.02647,-0.21967]},"A9o":{"weight":1.0,"played":[0.0,0.0011,0.9989],"evs":[0.0,0.63535,0.68112]},"T2s":{"weight":1.0,"played":[1.0,0.0,0.0],"evs":[0.0,-0.20171,-0.75873]},"T3s":{"weight":1.0,"played":[1.0,0.0,0.0],"evs":[0.0,-0.18062,-0.70519]},"T4s":{"weight":1.0,"played":[1.0,0.0,0.0],"evs":[0.0,-0.17181,-0.63826]},"T5s":{"weight":1.0,"played":[1.0,0.0,0.0],"evs":[0.0,-0.14079,-0.57506]},"T6s":{"weight":1.0,"played":[0.9995,5.0E-4,0.0],"evs":[0.0,-0.0448,-0.26069]},"T7s":{"weight":1.0,"played":[1.0E-4,0.9998,1.0E-4],"evs":[0.0,0.09254,-0.01681]},"T8s":{"weight":1.0,"played":[0.0,4.0E-4,0.9996],"evs":[0.0,0.26733,0.28251]},"T9s":{"weight":1.0,"played":[0.0,0.7515,0.2485],"evs":[0.0,0.50627,0.50029]},"TT":{"weight":1.0,"played":[0.0,0.0,1.0],"evs":[0.0,3.19271,4.39295]},"JTo":{"weight":1.0,"played":[1.0E-4,0.0067,0.9932],"evs":[0.0,0.145,0.17406]},"QTo":{"weight":1.0,"played":[0.0,0.9092,0.0908],"evs":[0.0,0.17303,0.15941]},"KTo":{"weight":1.0,"played":[0.0,0.9998,2.0E-4],"evs":[0.0,0.32341,0.28632]},"ATo":{"weight":1.0,"played":[0.0,0.0,1.0],"evs":[0.0,1.33422,1.66291]},"J2s":{"weight":1.0,"played":[1.0,0.0,0.0],"evs":[0.0,-0.14757,-0.61903]},"J3s":{"weight":1.0,"played":[1.0,0.0,0.0],"evs":[0.0,-0.11308,-0.54019]},"J4s":{"weight":1.0,"played":[1.0,0.0,0.0],"evs":[0.0,-0.09867,-0.48519]},"J5s":{"weight":1.0,"played":[0.9995,5.0E-4,0.0],"evs":[0.0,-0.06548,-0.34702]},"J6s":{"weight":1.0,"played":[0.9988,0.0012,0.0],"evs":[0.0,-0.03336,-0.28666]},"J7s":{"weight":1.0,"played":[4.0E-4,0.9996,0.0],"evs":[0.0,0.07949,-0.07034]},"J8s":{"weight":1.0,"played":[0.0,0.0696,0.9304],"evs":[0.0,0.22696,0.24982]},"J9s":{"weight":1.0,"played":[0.0,0.924,0.076],"evs":[0.0,0.47241,0.47124]},"JTs":{"weight":1.0,"played":[0.0,0.015,0.985],"evs":[0.0,0.80321,0.83232]},"JJ":{"weight":1.0,"played":[0.0,0.0,1.0],"evs":[0.0,4.09208,5.27943]},"QJo":{"weight":1.0,"played":[0.0,0.8267,0.1733],"evs":[0.0,0.40656,0.3947]},"KJo":{"weight":1.0,"played":[0.0,0.8416,0.1584],"evs":[0.0,0.66539,0.637]},"AJo":{"weight":1.0,"played":[0.0,0.0,1.0],"evs":[0.0,1.87923,2.5616]},"Q2s":{"weight":1.0,"played":[0.9998,2.0E-4,0.0],"evs":[0.0,-0.066,-0.41041]},"Q3s":{"weight":1.0,"played":[0.9997,3.0E-4,0.0],"evs":[0.0,-0.03662,-0.34807]},"Q4s":{"weight":1.0,"played":[0.0749,0.9251,0.0],"evs":[0.0,0.00677,-0.27211]},"Q5s":{"weight":1.0,"played":[0.0137,0.9862,0.0],"evs":[0.0,0.02737,-0.16467]},"Q6s":{"weight":1.0,"played":[0.0021,0.9976,4.0E-4],"evs":[0.0,0.04848,-0.06153]},"Q7s":{"weight":1.0,"played":[2.0E-4,0.9998,0.0],"evs":[0.0,0.08344,-0.07224]},"Q8s":{"weight":1.0,"played":[0.0,0.0481,0.9519],"evs":[0.0,0.21676,0.22565]},"Q9s":{"weight":1.0,"played":[0.0,0.9364,0.0636],"evs":[0.0,0.43779,0.43274]},"QTs":{"weight":1.0,"played":[0.0,0.6294,0.3706],"evs":[0.0,0.80625,0.80535]},"QJs":{"weight":1.0,"played":[0.0,0.9992,8.0E-4],"evs":[0.0,1.04858,1.02536]},"QQ":{"weight":1.0,"played":[0.0,0.0,1.0],"evs":[0.0,5.20648,6.21344]},"KQo":{"weight":1.0,"played":[0.0,0.0256,0.9744],"evs":[0.0,1.08202,1.10247]},"AQo":{"weight":1.0,"played":[0.0,0.0,1.0],"evs":[0.0,2.46639,3.5234]},"K2s":{"weight":1.0,"played":[0.0128,0.9872,0.0],"evs":[0.0,0.02669,-0.1564]},"K3s":{"weight":1.0,"played":[1.0E-4,0.9999,0.0],"evs":[0.0,0.03577,-0.1371]},"K4s":{"weight":1.0,"played":[3.0E-4,0.9997,0.0],"evs":[0.0,0.08105,-0.01089]},"K5s":{"weight":1.0,"played":[0.0,0.7703,0.2296],"evs":[0.0,0.1111,0.10922]},"K6s":{"weight":1.0,"played":[1.0E-4,5.0E-4,0.9994],"evs":[0.0,0.15066,0.19856]},"K7s":{"weight":1.0,"played":[0.0,0.0067,0.9933],"evs":[0.0,0.19032,0.20277]},"K8s":{"weight":1.0,"played":[0.0,0.1007,0.8993],"evs":[0.0,0.28661,0.29225]},"K9s":{"weight":1.0,"played":[0.0,0.993,0.007],"evs":[0.0,0.53382,0.47851]},"KTs":{"weight":1.0,"played":[0.0,0.9966,0.0034],"evs":[0.0,1.0139,0.94882]},"KJs":{"weight":1.0,"played":[0.0,0.8893,0.1107],"evs":[0.0,1.3389,1.28994]},"KQs":{"weight":1.0,"played":[0.0,0.5539,0.4461],"evs":[0.0,1.68779,1.67532]},"KK":{"weight":1.0,"played":[0.0,0.0,1.0],"evs":[0.0,6.69694,7.30747]},"AKo":{"weight":1.0,"played":[0.0,0.0,1.0],"evs":[0.0,3.1806,4.50767]},"A2s":{"weight":1.0,"played":[0.0,3.0E-4,0.9997],"evs":[0.0,0.34554,0.44017]},"A3s":{"weight":1.0,"played":[0.0,4.0E-4,0.9996],"evs":[0.0,0.43678,0.5149]},"A4s":{"weight":1.0,"played":[0.0,1.0E-4,0.9999],"evs":[0.0,0.48721,0.60086]},"A5s":{"weight":1.0,"played":[0.0,5.0E-4,0.9995],"evs":[0.0,0.60472,0.72251]},"A6s":{"weight":1.0,"played":[0.0,1.0E-4,0.9999],"evs":[0.0,0.54267,0.63246]},"A7s":{"weight":1.0,"played":[0.0,0.6432,0.3568],"evs":[0.0,0.71399,0.7108]},"A8s":{"weight":1.0,"played":[0.0,0.999,0.001],"evs":[0.0,0.99005,0.93779]},"A9s":{"weight":1.0,"played":[0.0,1.0,0.0],"evs":[0.0,1.3222,1.29355]},"ATs":{"weight":1.0,"played":[0.0,3.0E-4,0.9997],"evs":[0.0,2.02454,2.22771]},"AJs":{"weight":1.0,"played":[0.0,0.0,1.0],"evs":[0.0,2.53895,3.04283]},"AQs":{"weight":1.0,"played":[0.0,0.0,1.0],"evs":[0.0,3.07239,3.94456]},"AKs":{"weight":1.0,"played":[0.0,0.0,1.0],"evs":[0.0,3.75166,4.877]},"AA":{"weight":1.0,"played":[0.0,0.0028,0.9972],"evs":[0.0,8.92435,9.20319]}}}