{"player":5,"street":0,"children":2,"sequence":[{"player":0,"type":"F","amount":0,"street":0},{"player":1,"type":"R","amount":200000,"street":0},{"player":2,"type":"R","amount":2215000,"street":0},{"player":3,"type":"F","amount":0,"street":0},{"player":4,"type":"F","amount":0,"street":0}],"actions":[{"type":"F","amount":0,"node":243},{"type":"C","amount":885000,"node":244}],"hands":{"22":{"weight":1.0,"played":[1.0,0.0],"evs":[0.0,-0.64415]},"32o":{"weight":1.0,"played":[1.0,0.0],"evs":[0.0,-2.96464]},"42o":{"weight":1.0,"played":[1.0,0.0],"evs":[0.0,-2.76938]},"52o":{"weight":1.0,"played":[1.0,0.0],"evs":[0.0,-2.76562]},"62o":{"weight":1.0,"played":[1.0,0.0],"evs":[0.0,-2.79213]},"72o":{"weight":1.0,"played":[1.0,0.0],"evs":[0.0,-3.29972]},"82o":{"weight":1.0,"played":[1.0,0.0],"evs":[0.0,-2.89813]},"92o":{"weight":1.0,"played":[1.0,0.0],"evs":[0.0,-3.09259]},"T2o":{"weight":1.0,"played":[1.0,0.0],"evs":[0.0,-3.07313]},"J2o":{"weight":1.0,"played":[1.0,0.0],"evs":[0.0,-3.21849]},"Q2o":{"weight":1.0,"played":[1.0,0.0],"evs":[0.0,-2.6184]},"K2o":{"weight":1.0,"played":[0.9999,1.0E-4],"evs":[0.0,-2.48086]},"A2o":{"weight":1.0,"played":[1.0,0.0],"evs":[0.0,-1.83192]},"32s":{"weight":1.0,"played":[1.0,0.0],"evs":[0.0,-2.27956]},"33":{"weight":1.0,"played":[0.9946,0.0054],"evs":[0.0,-0.63951]},"43o":{"weight":1.0,"played":[1.0,0.0],"evs":[0.0,-2.57256]},"53o":{"weight":1.0,"played":[1.0,0.0],"evs":[0.0,-2.3446]},"63o":{"weight":1.0,"played":[1.0,0.0],"evs":[0.0,-2.5807]},"73o":{"weight":1.0,"played":[1.0,0.0],"evs":[0.0,-2.97178]},"83o":{"weight":1.0,"played":[1.0,0.0],"evs":[0.0,-3.01553]},"93o":{"weight":1.0,"played":[1.0,0.0],"evs":[0.0,-2.93518]},"T3o":{"weight":1.0,"played":[1.0,0.0],"evs":[0.0,-3.14962]},"J3o":{"weight":1.0,"played":[1.0,0.0],"evs":[0.0,-3.22816]},"Q3o":{"weight":1.0,"played":[1.0,0.0],"evs":[0.0,-2.56691]},"K3o":{"weight":1.0,"played":[1.0,0.0],"evs":[0.0,-2.34259]},"A3o":{"weight":1.0,"played":[1.0,0.0],"evs":[0.0,-1.58092]},"42s":{"weight":1.0,"played":[0.9996,4.0E-4],"evs":[0.0,-1.86854]},"43s":{"weight":1.0,"played":[0.9993,7.0E-4],"evs":[0.0,-1.53675]},"44":{"weight":1.0,"played":[0.9517,0.0483],"evs":[0.0,-0.19267]},"54o":{"weight":1.0,"played":[1.0,0.0],"evs":[0.0,-1.94718]},"64o":{"weight":1.0,"played":[1.0,0.0],"evs":[0.0,-2.07035]},"74o":{"weight":1.0,"played":[1.0,0.0],"evs":[0.0,-2.44875]},"84o":{"weight":1.0,"played":[1.0,0.0],"evs":[0.0,-2.73404]},"94o":{"weight":1.0,"played":[1.0,0.0],"evs":[0.0,-3.00271]},"T4o":{"weight":1.0,"played":[1.0,0.0],"evs":[0.0,-2.868]},"J4o":{"weight":1.0,"played":[1.0,0.0],"evs":[0.0,-2.84777]},"Q4o":{"weight":1.0,"played":[1.0,0.0],"evs":[0.0,-2.53272]},"K4o":{"weight":1.0,"played":[1.0,0.0],"evs":[0.0,-1.98436]},"A4o":{"weight":1.0,"played":[1.0,0.0],"evs":[0.0,-1.60673]},"52s":{"weight":1.0,"played":[0.9991,9.0E-4],"evs":[0.0,-1.94377]},"53s":{"weight":1.0,"played":[1.0,0.0],"evs":[0.0,-1.47427]},"54s":{"weight":1.0,"played":[0.9993,7.0E-4],"evs":[0.0,-1.20722]},"55":{"weight":1.0,"played":[0.7266,0.2734],"evs":[0.0,-0.11712]},"65o":{"weight":1.0,"played":[1.0,0.0],"evs":[0.0,-1.85558]},"75o":{"weight":1.0,"played":[0.9993,7.0E-4],"evs":[0.0,-2.3779]},"85o":{"weight":1.0,"played":[0.9999,1.0E-4],"evs":[0.0,-2.15507]},"95o":{"weight":1.0,"played":[1.0,0.0],"evs":[0.0,-2.5857]},"T5o":{"weight":1.0,"played":[1.0,0.0],"evs":[0.0,-2.92269]},"J5o":{"weight":1.0,"played":[1.0,0.0],"evs":[0.0,-2.77082]},"Q5o":{"weight":1.0,"played":[1.0,0.0],"evs":[0.0,-2.28457]},"K5o":{"weight":1.0,"played":[1.0,0.0],"evs":[0.0,-2.06862]},"A5o":{"weight":1.0,"played":[1.0,0.0],"evs":[0.0,-1.40367]},"62s":{"weight":1.0,"played":[0.9999,1.0E-4],"evs":[0.0,-2.07137]},"63s":{"weight":1.0,"played":[0.9998,2.0E-4],"evs":[0.0,-1.67319]},"64s":{"weight":1.0,"played":[0.9984,0.0016],"evs":[0.0,-1.54333]},"65s":{"weight":1.0,"played":[0.9998,2.0E-4],"evs":[0.0,-1.01706]},"66":{"weight":1.0,"played":[0.0028,0.9972],"evs":[0.0,0.38365]},"76o":{"weight":1.0,"played":[0.999,0.001],"evs":[0.0,-1.61469]},"86o":{"weight":1.0,"played":[1.0,0.0],"evs":[0.0,-2.01647]},"96o":{"weight":1.0,"played":[1.0,0.0],"evs":[0.0,-2.25751]},"T6o":{"weight":1.0,"played":[1.0,0.0],"evs":[0.0,-2.53216]},"J6o":{"weight":1.0,"played":[0.9999,1.0E-4],"evs":[0.0,-2.61769]},"Q6o":{"weight":1.0,"played":[1.0,0.0],"evs":[0.0,-2.20306]},"K6o":{"weight":1.0,"played":[1.0,0.0],"evs":[0.0,-2.12777]},"A6o":{"weight":1.0,"played":[1.0,0.0],"evs":[0.0,-1.60324]},"72s":{"weight":1.0,"played":[1.0,0.0],"evs":[0.0,-2.35063]},"73s":{"weight":1.0,"played":[1.0,0.0],"evs":[0.0,-2.3941]},"74s":{"weight":1.0,"played":[1.0,0.0],"evs":[0.0,-1.56213]},"75s":{"weight":1.0,"played":[0.9956,0.0044],"evs":[0.0,-1.29604]},"76s":{"weight":1.0,"played":[0.9991,9.0E-4],"evs":[0.0,-1.30989]},"77":{"weight":1.0,"played":[0.0036,0.9964],"evs":[0.0,0.40338]},"87o":{"weight":1.0,"played":[0.9997,3.0E-4],"evs":[0.0,-1.86071]},"97o":{"weight":1.0,"played":[1.0,0.0],"evs":[0.0,-2.0954]},"T7o":{"weight":1.0,"played":[0.9999,1.0E-4],"evs":[0.0,-2.51912]},"J7o":{"weight":1.0,"played":[0.9999,1.0E-4],"evs":[0.0,-2.71736]},"Q7o":{"weight":1.0,"played":[1.0,0.0],"evs":[0.0,-2.41769]},"K7o":{"weight":1.0,"played":[0.9999,1.0E-4],"evs":[0.0,-2.0882]},"A7o":{"weight":1.0,"played":[0.9999,1.0E-4],"evs":[0.0,-1.36553]},"82s":{"weight":1.0,"played":[1.0,0.0],"evs":[0.0,-2.20726]},"83s":{"weight":1.0,"played":[1.0,0.0],"evs":[0.0,-2.04072]},"84s":{"weight":1.0,"played":[1.0,0.0],"evs":[0.0,-1.72135]},"85s":{"weight":1.0,"played":[0.9998,2.0E-4],"evs":[0.0,-1.62681]},"86s":{"weight":1.0,"played":[0.9997,3.0E-4],"evs":[0.0,-1.0645]},"87s":{"weight":1.0,"played":[0.9941,0.0059],"evs":[0.0,-0.90071]},"88":{"weight":1.0,"played":[0.0,1.0],"evs":[0.0,0.99311]},"98o":{"weight":1.0,"played":[0.9996,4.0E-4],"evs":[0.0,-1.64441]},"T8o":{"weight":1.0,"played":[1.0,0.0],"evs":[0.0,-2.11663]},"J8o":{"weight":1.0,"played":[0.9996,4.0E-4],"evs":[0.0,-2.08739]},"Q8o":{"weight":1.0,"played":[1.0,0.0],"evs":[0.0,-2.17542]},"K8o":{"weight":1.0,"played":[1.0,0.0],"evs":[0.0,-1.9141]},"A8o":{"weight":1.0,"played":[0.9997,3.0E-4],"evs":[0.0,-1.17568]},"92s":{"weight":1.0,"played":[1.0,0.0],"evs":[0.0,-2.12251]},"93s":{"weight":1.0,"played":[0.9974,0.0026],"evs":[0.0,-2.47892]},"94s":{"weight":1.0,"played":[1.0,0.0],"evs":[0.0,-2.0817]},"95s":{"weight":1.0,"played":[0.9998,2.0E-4],"evs":[0.0,-1.73627]},"96s":{"weight":1.0,"played":[1.0,0.0],"evs":[0.0,-1.52479]},"97s":{"weight":1.0,"played":[0.9998,2.0E-4],"evs":[0.0,-1.2592]},"98s":{"weight":1.0,"played":[0.9985,0.0015],"evs":[0.0,-0.8333]},"99":{"weight":1.0,"played":[0.0,1.0],"evs":[0.0,1.54696]},"T9o":{"weight":1.0,"played":[0.9999,1.0E-4],"evs":[0.0,-1.7979]},"J9o":{"weight":1.0,"played":[1.0,0.0],"evs":[0.0,-1.98556]},"Q9o":{"weight":1.0,"played":[0.9999,1.0E-4],"evs":[0.0,-1.91243]},"K9o":{"weight":1.0,"played":[0.9996,4.0E-4],"evs":[0.0,-1.71248]},"A9o":{"weight":1.0,"played":[0.9984,0.0016],"evs":[0.0,-1.16853]},"T2s":{"weight":1.0,"played":[1.0,0.0],"evs":[0.0,-2.16315]},"T3s":{"weight":1.0,"played":[1.0,0.0],"evs":[0.0,-2.38509]},"T4s":{"weight":1.0,"played":[0.9999,1.0E-4],"evs":[0.0,-2.07263]},"T5s":{"weight":1.0,"played":[0.9998,2.0E-4],"evs":[0.0,-2.09858]},"T6s":{"weight":1.0,"played":[0.9999,1.0E-4],"evs":[0.0,-1.83067]},"T7s":{"weight":1.0,"played":[0.9988,0.0012],"evs":[0.0,-1.89067]},"T8s":{"weight":1.0,"played":[1.0,0.0],"evs":[0.0,-1.23681]},"T9s":{"weight":1.0,"played":[0.9897,0.0103],"evs":[0.0,-1.07257]},"TT":{"weight":1.0,"played":[0.0,1.0],"evs":[0.0,1.94737]},"JTo":{"weight":1.0,"played":[0.9997,3.0E-4],"evs":[0.0,-1.88582]},"QTo":{"weight":1.0,"played":[0.9994,6.0E-4],"evs":[0.0,-1.56531]},"KTo":{"weight":1.0,"played":[0.9998,2.0E-4],"evs":[0.0,-1.31106]},"ATo":{"weight":1.0,"played":[0.7555,0.2445],"evs":[0.0,-0.05828]},"J2s":{"weight":1.0,"played":[1.0,0.0],"evs":[0.0,-2.32929]},"J3s":{"weight":1.0,"played":[0.9999,1.0E-4],"evs":[0.0,-2.32415]},"J4s":{"weight":1.0,"played":[0.9984,0.0016],"evs":[0.0,-1.97064]},"J5s":{"weight":1.0,"played":[1.0,0.0],"evs":[0.0,-1.95389]},"J6s":{"weight":1.0,"played":[1.0,0.0],"evs":[0.0,-1.81808]},"J7s":{"weight":1.0,"played":[1.0,0.0],"evs":[0.0,-1.90511]},"J8s":{"weight":1.0,"played":[0.9996,4.0E-4],"evs":[0.0,-1.4092]},"J9s":{"weight":1.0,"played":[0.9976,0.0024],"evs":[0.0,-1.21536]},"JTs":{"weight":1.0,"played":[0.9997,3.0E-4],"evs":[0.0,-0.84556]},"JJ":{"weight":1.0,"played":[0.0,1.0],"evs":[0.0,2.81543]},"QJo":{"weight":1.0,"played":[0.9981,0.0019],"evs":[0.0,-1.36032]},"KJo":{"weight":1.0,"played":[0.9997,3.0E-4],"evs":[0.0,-0.95204]},"AJo":{"weight":1.0,"played":[0.0,1.0],"evs":[0.0,0.43997]},"Q2s":{"weight":1.0,"played":[1.0,0.0],"evs":[0.0,-2.21102]},"Q3s":{"weight":1.0,"played":[0.9999,1.0E-4],"evs":[0.0,-1.69745]},"Q4s":{"weight":1.0,"played":[0.9994,6.0E-4],"evs":[0.0,-1.72276]},"Q5s":{"weight":1.0,"played":[0.9997,3.0E-4],"evs":[0.0,-1.56529]},"Q6s":{"weight":1.0,"played":[0.9999,1.0E-4],"evs":[0.0,-1.68953]},"Q7s":{"weight":1.0,"played":[0.9982,0.0018],"evs":[0.0,-1.58627]},"Q8s":{"weight":1.0,"played":[0.9987,0.0013],"evs":[0.0,-1.01626]},"Q9s":{"weight":1.0,"played":[0.9998,2.0E-4],"evs":[0.0,-0.84495]},"QTs":{"weight":1.0,"played":[0.9941,0.0059],"evs":[0.0,-0.97627]},"QJs":{"weight":1.0,"played":[0.9992,8.0E-4],"evs":[0.0,-0.70984]},"QQ":{"weight":1.0,"played":[0.0,1.0],"evs":[0.0,4.07694]},"KQo":{"weight":1.0,"played":[0.9976,0.0024],"evs":[0.0,-0.80875]},"AQo":{"weight":1.0,"played":[0.0,1.0],"evs":[0.0,1.48747]},"K2s":{"weight":1.0,"played":[0.9986,0.0014],"evs":[0.0,-1.6496]},"K3s":{"weight":1.0,"played":[0.9992,8.0E-4],"evs":[0.0,-1.65536]},"K4s":{"weight":1.0,"played":[1.0,0.0],"evs":[0.0,-1.12218]},"K5s":{"weight":1.0,"played":[0.9995,5.0E-4],"evs":[0.0,-1.35719]},"K6s":{"weight":1.0,"played":[0.9999,1.0E-4],"evs":[0.0,-1.27412]},"K7s":{"weight":1.0,"played":[0.9997,3.0E-4],"evs":[0.0,-1.66617]},"K8s":{"weight":1.0,"played":[0.9999,1.0E-4],"evs":[0.0,-1.27763]},"K9s":{"weight":1.0,"played":[0.9993,7.0E-4],"evs":[0.0,-1.03815]},"KTs":{"weight":1.0,"played":[0.9725,0.0275],"evs":[0.0,-0.56809]},"KJs":{"weight":1.0,"played":[0.8284,0.1716],"evs":[0.0,-0.09748]},"KQs":{"weight":1.0,"played":[0.0463,0.9537],"evs":[0.0,0.00793]},"KK":{"weight":1.0,"played":[0.0,1.0],"evs":[0.0,4.80068]},"AKo":{"weight":1.0,"played":[0.0,1.0],"evs":[0.0,2.38277]},"A2s":{"weight":1.0,"played":[0.9994,6.0E-4],"evs":[0.0,-0.78601]},"A3s":{"weight":1.0,"played":[1.0,0.0],"evs":[0.0,-0.65483]},"A4s":{"weight":1.0,"played":[0.9933,0.0067],"evs":[0.0,-0.89793]},"A5s":{"weight":1.0,"played":[0.8598,0.1402],"evs":[0.0,-0.34858]},"A6s":{"weight":1.0,"played":[0.9996,4.0E-4],"evs":[0.0,-0.53585]},"A7s":{"weight":1.0,"played":[0.9975,0.0025],"evs":[0.0,-0.60173]},"A8s":{"weight":1.0,"played":[0.7053,0.2947],"evs":[0.0,-0.18928]},"A9s":{"weight":1.0,"played":[0.7726,0.2274],"evs":[0.0,-0.45455]},"ATs":{"weight":1.0,"played":[0.0,1.0],"evs":[0.0,0.95575]},"AJs":{"weight":1.0,"played":[0.0,1.0],"evs":[0.0,1.54306]},"AQs":{"weight":1.0,"played":[6.0E-4,0.9994],"evs":[0.0,1.78579]},"AKs":{"weight":1.0,"played":[0.0,1.0],"evs":[0.0,2.80589]},"AA":{"weight":1.0,"played":[0.0,1.0],"evs":[0.0,9.07048]}}}