{"player":1,"street":0,"children":2,"sequence":[{"player":0,"type":"F","amount":0,"street":0},{"player":1,"type":"R","amount":200000,"street":0},{"player":2,"type":"R","amount":2215000,"street":0},{"player":3,"type":"R","amount":2985000,"street":0},{"player":4,"type":"F","amount":0,"street":0},{"player":5,"type":"F","amount":0,"street":0}],"actions":[{"type":"F","amount":0},{"type":"C","amount":1065000}],"hands":{"22":{"weight":0.0,"played":[0.9982,0.0018],"evs":[0.0,-1.20672]},"32o":{"weight":0.0,"played":[1.0,0.0],"evs":[0.0,-3.42827]},"42o":{"weight":0.0,"played":[1.0,0.0],"evs":[0.0,-3.23857]},"52o":{"weight":0.0,"played":[1.0,0.0],"evs":[0.0,-3.22808]},"62o":{"weight":0.0,"played":[1.0,0.0],"evs":[0.0,-3.41472]},"72o":{"weight":0.0,"played":[1.0,0.0],"evs":[0.0,-3.8378]},"82o":{"weight":0.0,"played":[1.0,0.0],"evs":[0.0,-3.53163]},"92o":{"weight":0.0,"played":[1.0,0.0],"evs":[0.0,-3.29183]},"T2o":{"weight":0.0,"played":[1.0,0.0],"evs":[0.0,-3.48786]},"J2o":{"weight":0.0,"played":[1.0,0.0],"evs":[0.0,-3.37832]},"Q2o":{"weight":0.0,"played":[1.0,0.0],"evs":[0.0,-3.09458]},"K2o":{"weight":0.0,"played":[1.0,0.0],"evs":[0.0,-2.8136]},"A2o":{"weight":0.0,"played":[1.0,0.0],"evs":[0.0,-3.35531]},"32s":{"weight":0.0,"played":[0.9999,1.0E-4],"evs":[0.0,-2.25937]},"33":{"weight":0.0633,"played":[0.9998,2.0E-4],"evs":[0.0,-0.965]},"43o":{"weight":0.0,"played":[1.0,0.0],"evs":[0.0,-2.8924]},"53o":{"weight":0.0,"played":[1.0,0.0],"evs":[0.0,-2.79388]},"63o":{"weight":0.0,"played":[1.0,0.0],"evs":[0.0,-2.99947]},"73o":{"weight":0.0,"played":[1.0,0.0],"evs":[0.0,-3.35816]},"83o":{"weight":0.0,"played":[1.0,0.0],"evs":[0.0,-3.52225]},"93o":{"weight":0.0,"played":[1.0,0.0],"evs":[0.0,-3.29131]},"T3o":{"weight":0.0,"played":[1.0,0.0],"evs":[0.0,-3.33311]},"J3o":{"weight":0.0,"played":[1.0,0.0],"evs":[0.0,-3.3004]},"Q3o":{"weight":0.0,"played":[1.0,0.0],"evs":[0.0,-2.96553]},"K3o":{"weight":0.0,"played":[1.0,0.0],"evs":[0.0,-2.45524]},"A3o":{"weight":0.0,"played":[1.0,0.0],"evs":[0.0,-3.11923]},"42s":{"weight":0.0,"played":[0.9999,1.0E-4],"evs":[0.0,-2.12228]},"43s":{"weight":0.0,"played":[1.0,0.0],"evs":[0.0,-1.75566]},"44":{"weight":0.0,"played":[0.997,0.003],"evs":[0.0,-0.74559]},"54o":{"weight":0.0,"played":[1.0,0.0],"evs":[0.0,-2.14878]},"64o":{"weight":0.0,"played":[1.0,0.0],"evs":[0.0,-2.50333]},"74o":{"weight":0.0,"played":[1.0,0.0],"evs":[0.0,-2.76387]},"84o":{"weight":0.0,"played":[1.0,0.0],"evs":[0.0,-2.94775]},"94o":{"weight":0.0,"played":[1.0,0.0],"evs":[0.0,-3.26725]},"T4o":{"weight":0.0,"played":[1.0,0.0],"evs":[0.0,-3.24986]},"J4o":{"weight":0.0,"played":[1.0,0.0],"evs":[0.0,-3.07884]},"Q4o":{"weight":0.0,"played":[1.0,0.0],"evs":[0.0,-2.79291]},"K4o":{"weight":0.0,"played":[1.0,0.0],"evs":[0.0,-2.36726]},"A4o":{"weight":0.0,"played":[1.0,0.0],"evs":[0.0,-3.02536]},"52s":{"weight":0.0,"played":[1.0,0.0],"evs":[0.0,-1.92911]},"53s":{"weight":0.0,"played":[0.9999,1.0E-4],"evs":[0.0,-1.28815]},"54s":{"weight":0.0,"played":[0.9938,0.0062],"evs":[0.0,-1.19181]},"55":{"weight":0.0,"played":[0.9394,0.0606],"evs":[0.0,-0.46839]},"65o":{"weight":0.0,"played":[1.0,0.0],"evs":[0.0,-1.93624]},"75o":{"weight":0.0,"played":[1.0,0.0],"evs":[0.0,-2.31294]},"85o":{"weight":0.0,"played":[1.0,0.0],"evs":[0.0,-2.43306]},"95o":{"weight":0.0,"played":[1.0,0.0],"evs":[0.0,-2.77834]},"T5o":{"weight":0.0,"played":[1.0,0.0],"evs":[0.0,-3.07861]},"J5o":{"weight":0.0,"played":[1.0,0.0],"evs":[0.0,-3.05085]},"Q5o":{"weight":0.0,"played":[1.0,0.0],"evs":[0.0,-2.66445]},"K5o":{"weight":0.0,"played":[1.0,0.0],"evs":[0.0,-2.21696]},"A5o":{"weight":0.0159,"played":[1.0,0.0],"evs":[0.0,-2.93515]},"62s":{"weight":0.0,"played":[0.9999,1.0E-4],"evs":[0.0,-2.10639]},"63s":{"weight":0.0,"played":[0.9992,8.0E-4],"evs":[0.0,-1.81756]},"64s":{"weight":0.0,"played":[0.9998,2.0E-4],"evs":[0.0,-1.32508]},"65s":{"weight":0.0,"played":[0.9909,0.0091],"evs":[0.0,-0.78477]},"66":{"weight":0.0,"played":[0.0,1.0],"evs":[0.0,0.10268]},"76o":{"weight":0.0,"played":[0.9999,1.0E-4],"evs":[0.0,-1.84837]},"86o":{"weight":0.0,"played":[1.0,0.0],"evs":[0.0,-2.10944]},"96o":{"weight":0.0,"played":[1.0,0.0],"evs":[0.0,-2.28772]},"T6o":{"weight":0.0,"played":[1.0,0.0],"evs":[0.0,-2.61126]},"J6o":{"weight":0.0,"played":[1.0,0.0],"evs":[0.0,-2.98069]},"Q6o":{"weight":0.0,"played":[1.0,0.0],"evs":[0.0,-2.6598]},"K6o":{"weight":0.0,"played":[1.0,0.0],"evs":[0.0,-2.04768]},"A6o":{"weight":0.0,"played":[1.0,0.0],"evs":[0.0,-3.2455]},"72s":{"weight":0.0,"played":[1.0,0.0],"evs":[0.0,-2.58335]},"73s":{"weight":0.0,"played":[1.0,0.0],"evs":[0.0,-1.99205]},"74s":{"weight":0.0,"played":[1.0,0.0],"evs":[0.0,-1.49675]},"75s":{"weight":0.0,"played":[0.9996,4.0E-4],"evs":[0.0,-1.3137]},"76s":{"weight":0.0,"played":[0.9999,1.0E-4],"evs":[0.0,-0.53875]},"77":{"weight":0.0,"played":[0.0,1.0],"evs":[0.0,0.71125]},"87o":{"weight":0.0,"played":[1.0,0.0],"evs":[0.0,-1.63815]},"97o":{"weight":0.0,"played":[1.0,0.0],"evs":[0.0,-1.73906]},"T7o":{"weight":0.0,"played":[1.0,0.0],"evs":[0.0,-2.20097]},"J7o":{"weight":0.0,"played":[1.0,0.0],"evs":[0.0,-2.47664]},"Q7o":{"weight":0.0,"played":[1.0,0.0],"evs":[0.0,-2.52629]},"K7o":{"weight":0.0,"played":[1.0,0.0],"evs":[0.0,-1.99415]},"A7o":{"weight":0.1683,"played":[1.0,0.0],"evs":[0.0,-2.96573]},"82s":{"weight":0.0,"played":[1.0,0.0],"evs":[0.0,-2.42837]},"83s":{"weight":0.0,"played":[1.0,0.0],"evs":[0.0,-2.29789]},"84s":{"weight":0.0,"played":[0.9999,1.0E-4],"evs":[0.0,-1.85606]},"85s":{"weight":0.0,"played":[0.9996,4.0E-4],"evs":[0.0,-1.28074]},"86s":{"weight":0.0,"played":[0.9999,1.0E-4],"evs":[0.0,-0.8073]},"87s":{"weight":0.0,"played":[0.9713,0.0287],"evs":[0.0,-0.3936]},"88":{"weight":0.0,"played":[0.0,1.0],"evs":[0.0,1.67686]},"98o":{"weight":0.0,"played":[1.0,0.0],"evs":[0.0,-1.40151]},"T8o":{"weight":0.0,"played":[1.0,0.0],"evs":[0.0,-1.51689]},"J8o":{"weight":0.0,"played":[1.0,0.0],"evs":[0.0,-1.90967]},"Q8o":{"weight":0.0,"played":[1.0,0.0],"evs":[0.0,-1.94554]},"K8o":{"weight":0.0,"played":[0.9999,1.0E-4],"evs":[0.0,-1.73621]},"A8o":{"weight":0.0158,"played":[1.0,0.0],"evs":[0.0,-2.75126]},"92s":{"weight":0.0,"played":[1.0,0.0],"evs":[0.0,-2.1862]},"93s":{"weight":0.0,"played":[1.0,0.0],"evs":[0.0,-1.93705]},"94s":{"weight":0.0,"played":[0.9999,1.0E-4],"evs":[0.0,-2.07981]},"95s":{"weight":0.0,"played":[1.0,0.0],"evs":[0.0,-1.57425]},"96s":{"weight":0.0,"played":[0.9998,2.0E-4],"evs":[0.0,-1.17095]},"97s":{"weight":0.0,"played":[0.9875,0.0125],"evs":[0.0,-0.75077]},"98s":{"weight":0.0,"played":[0.9017,0.0983],"evs":[0.0,-0.05684]},"99":{"weight":1.0E-4,"played":[0.0,1.0],"evs":[0.0,2.3969]},"T9o":{"weight":0.0,"played":[0.9998,2.0E-4],"evs":[0.0,-1.01768]},"J9o":{"weight":0.0,"played":[1.0,0.0],"evs":[0.0,-1.53178]},"Q9o":{"weight":0.0,"played":[1.0,0.0],"evs":[0.0,-1.54725]},"K9o":{"weight":0.0,"played":[1.0,0.0],"evs":[0.0,-1.4635]},"A9o":{"weight":0.0363,"played":[0.9997,3.0E-4],"evs":[0.0,-2.37085]},"T2s":{"weight":0.0,"played":[0.9999,1.0E-4],"evs":[0.0,-2.20602]},"T3s":{"weight":0.0,"played":[0.9998,2.0E-4],"evs":[0.0,-2.13859]},"T4s":{"weight":0.0,"played":[1.0,0.0],"evs":[0.0,-1.84865]},"T5s":{"weight":0.0,"played":[1.0,0.0],"evs":[0.0,-1.99782]},"T6s":{"weight":0.0,"played":[0.9979,0.0021],"evs":[0.0,-1.41005]},"T7s":{"weight":0.0,"played":[0.9999,1.0E-4],"evs":[0.0,-1.03094]},"T8s":{"weight":0.0,"played":[0.991,0.009],"evs":[0.0,-0.20733]},"T9s":{"weight":0.0041,"played":[0.2649,0.7351],"evs":[0.0,0.18187]},"TT":{"weight":0.0,"played":[0.0,1.0],"evs":[0.0,3.82557]},"JTo":{"weight":0.0,"played":[0.9986,0.0014],"evs":[0.0,-0.86559]},"QTo":{"weight":0.0,"played":[0.9998,2.0E-4],"evs":[0.0,-1.07025]},"KTo":{"weight":0.0273,"played":[0.9994,6.0E-4],"evs":[0.0,-0.81926]},"ATo":{"weight":0.0,"played":[0.9995,5.0E-4],"evs":[0.0,-1.71509]},"J2s":{"weight":0.0,"played":[1.0,0.0],"evs":[0.0,-1.99236]},"J3s":{"weight":0.0,"played":[1.0,0.0],"evs":[0.0,-2.04573]},"J4s":{"weight":0.0,"played":[1.0,0.0],"evs":[0.0,-1.73966]},"J5s":{"weight":0.0,"played":[1.0,0.0],"evs":[0.0,-1.63553]},"J6s":{"weight":0.0,"played":[0.9998,2.0E-4],"evs":[0.0,-1.52344]},"J7s":{"weight":0.0,"played":[0.9999,1.0E-4],"evs":[0.0,-1.23177]},"J8s":{"weight":0.0,"played":[0.9985,0.0015],"evs":[0.0,-0.60369]},"J9s":{"weight":0.0,"played":[0.9563,0.0437],"evs":[0.0,-0.13683]},"JTs":{"weight":0.3519,"played":[1.0E-4,0.9999],"evs":[0.0,0.36124]},"JJ":{"weight":0.0,"played":[0.0,1.0],"evs":[0.0,5.45396]},"QJo":{"weight":0.038,"played":[0.9996,4.0E-4],"evs":[0.0,-0.93979]},"KJo":{"weight":0.0,"played":[0.9973,0.0027],"evs":[0.0,-0.64852]},"AJo":{"weight":0.0,"played":[0.9819,0.0181],"evs":[0.0,-0.63175]},"Q2s":{"weight":0.0,"played":[1.0,0.0],"evs":[0.0,-1.77191]},"Q3s":{"weight":0.0,"played":[0.9999,1.0E-4],"evs":[0.0,-1.7164]},"Q4s":{"weight":0.0,"played":[0.9995,5.0E-4],"evs":[0.0,-1.72363]},"Q5s":{"weight":0.0,"played":[0.9994,6.0E-4],"evs":[0.0,-1.46154]},"Q6s":{"weight":0.0,"played":[0.998,0.002],"evs":[0.0,-1.43583]},"Q7s":{"weight":0.0,"played":[0.9989,0.0011],"evs":[0.0,-1.09197]},"Q8s":{"weight":0.0,"played":[0.9944,0.0056],"evs":[0.0,-0.78684]},"Q9s":{"weight":0.0314,"played":[0.9985,0.0015],"evs":[0.0,-0.23397]},"QTs":{"weight":4.0E-4,"played":[0.0581,0.9419],"evs":[0.0,0.29486]},"QJs":{"weight":0.0249,"played":[0.0,1.0],"evs":[0.0,0.10726]},"QQ":{"weight":0.0,"played":[0.0,1.0],"evs":[0.0,7.89044]},"KQo":{"weight":0.0,"played":[0.7329,0.2671],"evs":[0.0,-0.09199]},"AQo":{"weight":0.0,"played":[0.0,1.0],"evs":[0.0,0.78753]},"K2s":{"weight":0.0,"played":[0.9998,2.0E-4],"evs":[0.0,-1.39297]},"K3s":{"weight":0.0,"played":[1.0,0.0],"evs":[0.0,-1.28836]},"K4s":{"weight":0.0,"played":[0.9996,4.0E-4],"evs":[0.0,-1.02853]},"K5s":{"weight":0.0,"played":[0.9983,0.0017],"evs":[0.0,-0.95711]},"K6s":{"weight":0.0,"played":[0.9999,1.0E-4],"evs":[0.0,-0.96379]},"K7s":{"weight":0.0,"played":[0.9992,8.0E-4],"evs":[0.0,-0.67251]},"K8s":{"weight":0.0,"played":[0.9992,8.0E-4],"evs":[0.0,-0.38462]},"K9s":{"weight":0.0118,"played":[0.5485,0.4515],"evs":[0.0,0.03694]},"KTs":{"weight":0.0091,"played":[0.0033,0.9967],"evs":[0.0,0.27717]},"KJs":{"weight":0.0164,"played":[6.0E-4,0.9994],"evs":[0.0,0.42523]},"KQs":{"weight":0.0,"played":[0.0,1.0],"evs":[0.0,0.9425]},"KK":{"weight":0.0019,"played":[0.0,1.0],"evs":[0.0,10.56226]},"AKo":{"weight":0.0,"played":[0.0,1.0],"evs":[0.0,2.88045]},"A2s":{"weight":0.0124,"played":[1.0,0.0],"evs":[0.0,-1.77881]},"A3s":{"weight":0.0,"played":[0.9998,2.0E-4],"evs":[0.0,-1.75894]},"A4s":{"weight":3.0E-4,"played":[0.9997,3.0E-4],"evs":[0.0,-1.64826]},"A5s":{"weight":0.0,"played":[0.9997,3.0E-4],"evs":[0.0,-1.57387]},"A6s":{"weight":0.0,"played":[0.9995,5.0E-4],"evs":[0.0,-1.98767]},"A7s":{"weight":0.0,"played":[0.9975,0.0025],"evs":[0.0,-1.60376]},"A8s":{"weight":0.0,"played":[0.9979,0.0021],"evs":[0.0,-1.40931]},"A9s":{"weight":0.0,"played":[0.9948,0.0052],"evs":[0.0,-1.0197]},"ATs":{"weight":0.0,"played":[0.719,0.281],"evs":[0.0,-0.2846]},"AJs":{"weight":0.0,"played":[0.0,1.0],"evs":[0.0,0.55814]},"AQs":{"weight":2.0E-4,"played":[0.0,1.0],"evs":[0.0,2.20357]},"AKs":{"weight":7.0E-4,"played":[0.0,1.0],"evs":[0.0,4.09317]},"AA":{"weight":0.367,"played":[0.0,1.0],"evs":[0.0,14.79358]}}}