{"player":1,"street":0,"children":2,"sequence":[{"player":0,"type":"F","amount":0,"street":0},{"player":1,"type":"R","amount":200000,"street":0},{"player":2,"type":"R","amount":2215000,"street":0},{"player":3,"type":"R","amount":2985000,"street":0},{"player":4,"type":"F","amount":0,"street":0},{"player":5,"type":"C","amount":885000,"street":0}],"actions":[{"type":"F","amount":0},{"type":"C","amount":1065000}],"hands":{"22":{"weight":0.0,"played":[0.9958,0.0042],"evs":[0.0,-1.53618]},"32o":{"weight":0.0,"played":[0.9999,1.0E-4],"evs":[0.0,-2.9842]},"42o":{"weight":0.0,"played":[0.9995,5.0E-4],"evs":[0.0,-3.17816]},"52o":{"weight":0.0,"played":[0.9999,1.0E-4],"evs":[0.0,-3.11626]},"62o":{"weight":0.0,"played":[0.9999,1.0E-4],"evs":[0.0,-3.62268]},"72o":{"weight":0.0,"played":[1.0,0.0],"evs":[0.0,-3.56989]},"82o":{"weight":0.0,"played":[0.9999,1.0E-4],"evs":[0.0,-3.53308]},"92o":{"weight":0.0,"played":[1.0,0.0],"evs":[0.0,-3.51809]},"T2o":{"weight":0.0,"played":[0.9996,4.0E-4],"evs":[0.0,-3.35343]},"J2o":{"weight":0.0,"played":[0.9999,1.0E-4],"evs":[0.0,-3.53738]},"Q2o":{"weight":0.0,"played":[0.9998,2.0E-4],"evs":[0.0,-3.35507]},"K2o":{"weight":0.0,"played":[1.0,0.0],"evs":[0.0,-3.24683]},"A2o":{"weight":0.0,"played":[1.0,0.0],"evs":[0.0,-3.55499]},"32s":{"weight":0.0,"played":[0.998,0.002],"evs":[0.0,-2.29637]},"33":{"weight":0.0633,"played":[0.9956,0.0044],"evs":[0.0,-0.99349]},"43o":{"weight":0.0,"played":[1.0,0.0],"evs":[0.0,-2.19218]},"53o":{"weight":0.0,"played":[0.9993,7.0E-4],"evs":[0.0,-2.46371]},"63o":{"weight":0.0,"played":[0.9999,1.0E-4],"evs":[0.0,-2.40436]},"73o":{"weight":0.0,"played":[0.9999,1.0E-4],"evs":[0.0,-3.18253]},"83o":{"weight":0.0,"played":[0.9999,1.0E-4],"evs":[0.0,-3.42014]},"93o":{"weight":0.0,"played":[1.0,0.0],"evs":[0.0,-3.34001]},"T3o":{"weight":0.0,"played":[1.0,0.0],"evs":[0.0,-3.03778]},"J3o":{"weight":0.0,"played":[1.0,0.0],"evs":[0.0,-3.15676]},"Q3o":{"weight":0.0,"played":[1.0,0.0],"evs":[0.0,-2.81756]},"K3o":{"weight":0.0,"played":[1.0,0.0],"evs":[0.0,-2.65033]},"A3o":{"weight":0.0,"played":[0.9998,2.0E-4],"evs":[0.0,-2.6633]},"42s":{"weight":0.0,"played":[0.9849,0.0151],"evs":[0.0,-1.75799]},"43s":{"weight":0.0,"played":[0.9947,0.0053],"evs":[0.0,-1.5811]},"44":{"weight":0.0,"played":[0.9898,0.0102],"evs":[0.0,-0.76958]},"54o":{"weight":0.0,"played":[0.9981,0.0019],"evs":[0.0,-1.87945]},"64o":{"weight":0.0,"played":[0.9997,3.0E-4],"evs":[0.0,-2.14704]},"74o":{"weight":0.0,"played":[1.0,0.0],"evs":[0.0,-2.48106]},"84o":{"weight":0.0,"played":[0.9998,2.0E-4],"evs":[0.0,-2.68656]},"94o":{"weight":0.0,"played":[1.0,0.0],"evs":[0.0,-3.22699]},"T4o":{"weight":0.0,"played":[1.0,0.0],"evs":[0.0,-3.07669]},"J4o":{"weight":0.0,"played":[1.0,0.0],"evs":[0.0,-3.16116]},"Q4o":{"weight":0.0,"played":[0.9989,0.0011],"evs":[0.0,-2.65269]},"K4o":{"weight":0.0,"played":[0.9999,1.0E-4],"evs":[0.0,-2.5748]},"A4o":{"weight":0.0,"played":[0.9963,0.0037],"evs":[0.0,-2.91715]},"52s":{"weight":0.0,"played":[0.9691,0.0309],"evs":[0.0,-2.04366]},"53s":{"weight":0.0,"played":[0.9916,0.0084],"evs":[0.0,-0.86066]},"54s":{"weight":0.0,"played":[0.7545,0.2455],"evs":[0.0,0.39771]},"55":{"weight":0.0,"played":[0.7291,0.2709],"evs":[0.0,-0.65541]},"65o":{"weight":0.0,"played":[0.9957,0.0043],"evs":[0.0,-1.65983]},"75o":{"weight":0.0,"played":[0.9997,3.0E-4],"evs":[0.0,-2.04386]},"85o":{"weight":0.0,"played":[0.9986,0.0014],"evs":[0.0,-2.23556]},"95o":{"weight":0.0,"played":[1.0,0.0],"evs":[0.0,-2.74888]},"T5o":{"weight":0.0,"played":[1.0,0.0],"evs":[0.0,-3.20827]},"J5o":{"weight":0.0,"played":[1.0,0.0],"evs":[0.0,-3.06355]},"Q5o":{"weight":0.0,"played":[0.9997,3.0E-4],"evs":[0.0,-3.25696]},"K5o":{"weight":0.0,"played":[1.0,0.0],"evs":[0.0,-2.76616]},"A5o":{"weight":0.0159,"played":[0.9975,0.0025],"evs":[0.0,-3.27427]},"62s":{"weight":0.0,"played":[0.997,0.003],"evs":[0.0,-1.40782]},"63s":{"weight":0.0,"played":[0.9905,0.0095],"evs":[0.0,-0.74309]},"64s":{"weight":0.0,"played":[0.9533,0.0467],"evs":[0.0,-0.76949]},"65s":{"weight":0.0,"played":[0.7346,0.2654],"evs":[0.0,0.25994]},"66":{"weight":0.0,"played":[0.3674,0.6326],"evs":[0.0,0.25602]},"76o":{"weight":0.0,"played":[0.9997,3.0E-4],"evs":[0.0,-1.45068]},"86o":{"weight":0.0,"played":[0.9991,9.0E-4],"evs":[0.0,-1.75668]},"96o":{"weight":0.0,"played":[1.0,0.0],"evs":[0.0,-2.12785]},"T6o":{"weight":0.0,"played":[1.0,0.0],"evs":[0.0,-2.47996]},"J6o":{"weight":0.0,"played":[1.0,0.0],"evs":[0.0,-2.97411]},"Q6o":{"weight":0.0,"played":[1.0,0.0],"evs":[0.0,-3.00021]},"K6o":{"weight":0.0,"played":[0.9939,0.0061],"evs":[0.0,-2.28498]},"A6o":{"weight":0.0,"played":[0.9998,2.0E-4],"evs":[0.0,-3.35784]},"72s":{"weight":0.0,"played":[0.9946,0.0054],"evs":[0.0,-2.67013]},"73s":{"weight":0.0,"played":[0.9999,1.0E-4],"evs":[0.0,-1.36755]},"74s":{"weight":0.0,"played":[0.9755,0.0245],"evs":[0.0,-1.42915]},"75s":{"weight":0.0,"played":[0.9452,0.0548],"evs":[0.0,-0.2288]},"76s":{"weight":0.0,"played":[0.1513,0.8487],"evs":[0.0,0.39213]},"77":{"weight":0.0,"played":[0.0,1.0],"evs":[0.0,0.31725]},"87o":{"weight":0.0,"played":[0.9988,0.0012],"evs":[0.0,-1.6889]},"97o":{"weight":0.0,"played":[0.9956,0.0044],"evs":[0.0,-2.0136]},"T7o":{"weight":0.0,"played":[0.9882,0.0118],"evs":[0.0,-2.05129]},"J7o":{"weight":0.0,"played":[0.9949,0.0051],"evs":[0.0,-2.72984]},"Q7o":{"weight":0.0,"played":[1.0,0.0],"evs":[0.0,-2.79219]},"K7o":{"weight":0.0,"played":[0.9971,0.0029],"evs":[0.0,-2.2148]},"A7o":{"weight":0.1683,"played":[0.9979,0.0021],"evs":[0.0,-3.57394]},"82s":{"weight":0.0,"played":[0.9993,7.0E-4],"evs":[0.0,-1.68598]},"83s":{"weight":0.0,"played":[0.9993,7.0E-4],"evs":[0.0,-2.38859]},"84s":{"weight":0.0,"played":[0.8805,0.1195],"evs":[0.0,-1.29608]},"85s":{"weight":0.0,"played":[0.983,0.017],"evs":[0.0,-0.70133]},"86s":{"weight":0.0,"played":[0.5392,0.4608],"evs":[0.0,-0.14928]},"87s":{"weight":0.0,"played":[0.0027,0.9973],"evs":[0.0,0.87433]},"88":{"weight":0.0,"played":[0.0,1.0],"evs":[0.0,0.95888]},"98o":{"weight":0.0,"played":[0.9891,0.0109],"evs":[0.0,-1.8167]},"T8o":{"weight":0.0,"played":[0.9961,0.0039],"evs":[0.0,-1.71833]},"J8o":{"weight":0.0,"played":[0.9954,0.0046],"evs":[0.0,-1.897]},"Q8o":{"weight":0.0,"played":[0.9997,3.0E-4],"evs":[0.0,-2.62242]},"K8o":{"weight":0.0,"played":[0.9979,0.0021],"evs":[0.0,-2.10456]},"A8o":{"weight":0.0158,"played":[0.9991,9.0E-4],"evs":[0.0,-3.13494]},"92s":{"weight":0.0,"played":[0.9994,6.0E-4],"evs":[0.0,-2.37455]},"93s":{"weight":0.0,"played":[0.9987,0.0013],"evs":[0.0,-1.90374]},"94s":{"weight":0.0,"played":[0.9996,4.0E-4],"evs":[0.0,-0.86937]},"95s":{"weight":0.0,"played":[0.9964,0.0036],"evs":[0.0,-1.32789]},"96s":{"weight":0.0,"played":[0.9259,0.0741],"evs":[0.0,-0.80541]},"97s":{"weight":0.0,"played":[0.9237,0.0763],"evs":[0.0,-0.63726]},"98s":{"weight":0.0,"played":[0.5452,0.4548],"evs":[0.0,0.17663]},"99":{"weight":1.0E-4,"played":[0.0,1.0],"evs":[0.0,2.17445]},"T9o":{"weight":0.0,"played":[0.993,0.007],"evs":[0.0,-0.97662]},"J9o":{"weight":0.0,"played":[0.9887,0.0113],"evs":[0.0,-1.45764]},"Q9o":{"weight":0.0,"played":[0.9946,0.0054],"evs":[0.0,-1.40919]},"K9o":{"weight":0.0,"played":[0.9868,0.0132],"evs":[0.0,-1.64087]},"A9o":{"weight":0.0363,"played":[0.999,0.001],"evs":[0.0,-2.95411]},"T2s":{"weight":0.0,"played":[0.9994,6.0E-4],"evs":[0.0,-1.86457]},"T3s":{"weight":0.0,"played":[0.9713,0.0287],"evs":[0.0,-1.2915]},"T4s":{"weight":0.0,"played":[0.9824,0.0176],"evs":[0.0,-1.51018]},"T5s":{"weight":0.0,"played":[0.9902,0.0098],"evs":[0.0,-1.15156]},"T6s":{"weight":0.0,"played":[0.945,0.055],"evs":[0.0,-1.61425]},"T7s":{"weight":0.0,"played":[0.805,0.195],"evs":[0.0,-0.58349]},"T8s":{"weight":0.0,"played":[0.5553,0.4447],"evs":[0.0,-0.62229]},"T9s":{"weight":0.0041,"played":[1.0E-4,0.9999],"evs":[0.0,0.73648]},"TT":{"weight":0.0,"played":[0.0,1.0],"evs":[0.0,4.39037]},"JTo":{"weight":0.0,"played":[0.9613,0.0387],"evs":[0.0,-1.27832]},"QTo":{"weight":0.0,"played":[0.9965,0.0035],"evs":[0.0,-1.08076]},"KTo":{"weight":0.0273,"played":[0.9335,0.0665],"evs":[0.0,-0.84208]},"ATo":{"weight":0.0,"played":[0.9809,0.0191],"evs":[0.0,-1.99905]},"J2s":{"weight":0.0,"played":[0.9783,0.0217],"evs":[0.0,-1.78926]},"J3s":{"weight":0.0,"played":[0.9987,0.0013],"evs":[0.0,-1.84284]},"J4s":{"weight":0.0,"played":[0.9991,9.0E-4],"evs":[0.0,-1.74808]},"J5s":{"weight":0.0,"played":[0.9938,0.0062],"evs":[0.0,-1.44752]},"J6s":{"weight":0.0,"played":[0.9814,0.0186],"evs":[0.0,-1.33268]},"J7s":{"weight":0.0,"played":[0.8656,0.1344],"evs":[0.0,-1.07443]},"J8s":{"weight":0.0,"played":[0.5788,0.4212],"evs":[0.0,-0.42608]},"J9s":{"weight":0.0,"played":[0.3265,0.6735],"evs":[0.0,0.47431]},"JTs":{"weight":0.3519,"played":[0.004,0.996],"evs":[0.0,0.50158]},"JJ":{"weight":0.0,"played":[0.0,1.0],"evs":[0.0,5.07522]},"QJo":{"weight":0.038,"played":[0.9692,0.0308],"evs":[0.0,-0.98965]},"KJo":{"weight":0.0,"played":[0.7335,0.2665],"evs":[0.0,-0.74623]},"AJo":{"weight":0.0,"played":[0.9441,0.0559],"evs":[0.0,-1.12322]},"Q2s":{"weight":0.0,"played":[0.9628,0.0372],"evs":[0.0,-1.9499]},"Q3s":{"weight":0.0,"played":[0.9977,0.0023],"evs":[0.0,-0.94486]},"Q4s":{"weight":0.0,"played":[0.9885,0.0115],"evs":[0.0,-1.08006]},"Q5s":{"weight":0.0,"played":[0.9817,0.0183],"evs":[0.0,-1.02548]},"Q6s":{"weight":0.0,"played":[0.8086,0.1914],"evs":[0.0,-2.39249]},"Q7s":{"weight":0.0,"played":[0.995,0.005],"evs":[0.0,-1.28797]},"Q8s":{"weight":0.0,"played":[0.5368,0.4632],"evs":[0.0,-0.21818]},"Q9s":{"weight":0.0314,"played":[0.6118,0.3882],"evs":[0.0,-0.74746]},"QTs":{"weight":4.0E-4,"played":[0.0,1.0],"evs":[0.0,0.76029]},"QJs":{"weight":0.0249,"played":[0.413,0.587],"evs":[0.0,0.29779]},"QQ":{"weight":0.0,"played":[0.0,1.0],"evs":[0.0,7.72932]},"KQo":{"weight":0.0,"played":[0.0,1.0],"evs":[0.0,0.03639]},"AQo":{"weight":0.0,"played":[0.0,1.0],"evs":[0.0,0.57775]},"K2s":{"weight":0.0,"played":[0.9943,0.0057],"evs":[0.0,-1.14132]},"K3s":{"weight":0.0,"played":[0.9734,0.0266],"evs":[0.0,-1.65061]},"K4s":{"weight":0.0,"played":[0.9407,0.0593],"evs":[0.0,-0.60369]},"K5s":{"weight":0.0,"played":[0.6893,0.3107],"evs":[0.0,-0.50503]},"K6s":{"weight":0.0,"played":[0.8889,0.1111],"evs":[0.0,-1.83474]},"K7s":{"weight":0.0,"played":[0.9959,0.0041],"evs":[0.0,-0.86306]},"K8s":{"weight":0.0,"played":[0.4415,0.5585],"evs":[0.0,-0.1337]},"K9s":{"weight":0.0118,"played":[0.3851,0.6149],"evs":[0.0,-0.23806]},"KTs":{"weight":0.0091,"played":[0.6323,0.3677],"evs":[0.0,-0.75178]},"KJs":{"weight":0.0164,"played":[0.0022,0.9978],"evs":[0.0,1.37046]},"KQs":{"weight":0.0,"played":[2.0E-4,0.9998],"evs":[0.0,1.072]},"KK":{"weight":0.0019,"played":[0.0,1.0],"evs":[0.0,11.73579]},"AKo":{"weight":0.0,"played":[1.0E-4,0.9999],"evs":[0.0,2.00659]},"A2s":{"weight":0.0124,"played":[0.9987,0.0013],"evs":[0.0,-1.84945]},"A3s":{"weight":0.0,"played":[0.9769,0.0231],"evs":[0.0,-1.54685]},"A4s":{"weight":3.0E-4,"played":[0.8534,0.1466],"evs":[0.0,-1.34988]},"A5s":{"weight":0.0,"played":[0.8716,0.1284],"evs":[0.0,-1.80768]},"A6s":{"weight":0.0,"played":[0.9559,0.0441],"evs":[0.0,-1.98117]},"A7s":{"weight":0.0,"played":[0.975,0.025],"evs":[0.0,-2.24041]},"A8s":{"weight":0.0,"played":[0.9952,0.0048],"evs":[0.0,-1.89854]},"A9s":{"weight":0.0,"played":[0.6016,0.3984],"evs":[0.0,-0.25613]},"ATs":{"weight":0.0,"played":[0.3401,0.6599],"evs":[0.0,-0.07075]},"AJs":{"weight":0.0,"played":[1.0E-4,0.9999],"evs":[0.0,0.53325]},"AQs":{"weight":2.0E-4,"played":[0.0027,0.9973],"evs":[0.0,1.75832]},"AKs":{"weight":7.0E-4,"played":[3.0E-4,0.9997],"evs":[0.0,3.32782]},"AA":{"weight":0.367,"played":[0.0,1.0],"evs":[0.0,16.5413]}}}