{"player":2,"street":0,"children":3,"sequence":[{"player":0,"type":"F","amount":0,"street":0},{"player":1,"type":"R","amount":1265000,"street":0}],"actions":[{"type":"F","amount":0,"node":256},{"type":"C","amount":1265000,"node":269},{"type":"R","amount":2215000,"node":292}],"hands":{"22":{"weight":1.0,"played":[0.0772,0.548,0.3748],"evs":[0.0,-0.00362,-0.00724]},"32o":{"weight":1.0,"played":[1.0,0.0,0.0],"evs":[0.0,-4.12034,-4.15778]},"42o":{"weight":1.0,"played":[1.0,0.0,0.0],"evs":[0.0,-3.88861,-3.92849]},"52o":{"weight":1.0,"played":[1.0,0.0,0.0],"evs":[0.0,-3.6235,-3.65502]},"62o":{"weight":1.0,"played":[1.0,0.0,0.0],"evs":[0.0,-3.93117,-3.9705]},"72o":{"weight":1.0,"played":[1.0,0.0,0.0],"evs":[0.0,-4.3047,-4.34983]},"82o":{"weight":1.0,"played":[1.0,0.0,0.0],"evs":[0.0,-4.03101,-4.07044]},"92o":{"weight":1.0,"played":[1.0,0.0,0.0],"evs":[0.0,-3.90484,-3.94665]},"T2o":{"weight":1.0,"played":[1.0,0.0,0.0],"evs":[0.0,-3.76403,-3.79657]},"J2o":{"weight":1.0,"played":[1.0,0.0,0.0],"evs":[0.0,-3.64392,-3.66978]},"Q2o":{"weight":1.0,"played":[1.0,0.0,0.0],"evs":[0.0,-3.33161,-3.35296]},"K2o":{"weight":1.0,"played":[1.0,0.0,0.0],"evs":[0.0,-2.95288,-2.96733]},"A2o":{"weight":1.0,"played":[1.0,0.0,0.0],"evs":[0.0,-1.75609,-1.75353]},"32s":{"weight":1.0,"played":[1.0,0.0,0.0],"evs":[0.0,-2.80762,-2.83368]},"33":{"weight":1.0,"played":[0.0,0.5497,0.4503],"evs":[0.0,0.42004,0.42453]},"43o":{"weight":1.0,"played":[1.0,0.0,0.0],"evs":[0.0,-3.32982,-3.35912]},"53o":{"weight":1.0,"played":[1.0,0.0,0.0],"evs":[0.0,-3.05676,-3.08715]},"63o":{"weight":1.0,"played":[1.0,0.0,0.0],"evs":[0.0,-3.36311,-3.3936]},"73o":{"weight":1.0,"played":[1.0,0.0,0.0],"evs":[0.0,-3.77834,-3.81129]},"83o":{"weight":1.0,"played":[1.0,0.0,0.0],"evs":[0.0,-3.97809,-4.01393]},"93o":{"weight":1.0,"played":[1.0,0.0,0.0],"evs":[0.0,-3.75914,-3.79949]},"T3o":{"weight":1.0,"played":[1.0,0.0,0.0],"evs":[0.0,-3.62018,-3.64311]},"J3o":{"weight":1.0,"played":[1.0,0.0,0.0],"evs":[0.0,-3.48798,-3.50794]},"Q3o":{"weight":1.0,"played":[1.0,0.0,0.0],"evs":[0.0,-3.15699,-3.17368]},"K3o":{"weight":1.0,"played":[1.0,0.0,0.0],"evs":[0.0,-2.82153,-2.8281]},"A3o":{"weight":1.0,"played":[1.0,0.0,0.0],"evs":[0.0,-1.58581,-1.57694]},"42s":{"weight":1.0,"played":[1.0,0.0,0.0],"evs":[0.0,-2.50422,-2.53267]},"43s":{"weight":1.0,"played":[1.0,0.0,0.0],"evs":[0.0,-2.04244,-2.0696]},"44":{"weight":1.0,"played":[0.0,0.1258,0.8742],"evs":[0.0,1.09764,1.11186]},"54o":{"weight":1.0,"played":[1.0,0.0,0.0],"evs":[0.0,-2.4618,-2.48459]},"64o":{"weight":1.0,"played":[1.0,0.0,0.0],"evs":[0.0,-2.75771,-2.78499]},"74o":{"weight":1.0,"played":[1.0,0.0,0.0],"evs":[0.0,-3.12023,-3.14816]},"84o":{"weight":1.0,"played":[1.0,0.0,0.0],"evs":[0.0,-3.36503,-3.39642]},"94o":{"weight":1.0,"played":[1.0,0.0,0.0],"evs":[0.0,-3.60432,-3.63825]},"T4o":{"weight":1.0,"played":[1.0,0.0,0.0],"evs":[0.0,-3.37548,-3.39963]},"J4o":{"weight":1.0,"played":[1.0,0.0,0.0],"evs":[0.0,-3.22792,-3.24998]},"Q4o":{"weight":1.0,"played":[1.0,0.0,0.0],"evs":[0.0,-2.92895,-2.94105]},"K4o":{"weight":1.0,"played":[1.0,0.0,0.0],"evs":[0.0,-2.56928,-2.5754]},"A4o":{"weight":1.0,"played":[1.0,0.0,0.0],"evs":[0.0,-1.33043,-1.32279]},"52s":{"weight":1.0,"played":[1.0,0.0,0.0],"evs":[0.0,-2.27859,-2.31023]},"53s":{"weight":1.0,"played":[1.0,0.0,0.0],"evs":[0.0,-1.76857,-1.78767]},"54s":{"weight":1.0,"played":[1.0,0.0,0.0],"evs":[0.0,-1.20351,-1.22481]},"55":{"weight":1.0,"played":[0.0,0.0945,0.9055],"evs":[0.0,1.84754,1.86623]},"65o":{"weight":1.0,"played":[1.0,0.0,0.0],"evs":[0.0,-2.15873,-2.18103]},"75o":{"weight":1.0,"played":[1.0,0.0,0.0],"evs":[0.0,-2.50271,-2.5268]},"85o":{"weight":1.0,"played":[1.0,0.0,0.0],"evs":[0.0,-2.73809,-2.75978]},"95o":{"weight":1.0,"played":[1.0,0.0,0.0],"evs":[0.0,-3.0086,-3.03923]},"T5o":{"weight":1.0,"played":[1.0,0.0,0.0],"evs":[0.0,-3.25455,-3.27431]},"J5o":{"weight":1.0,"played":[1.0,0.0,0.0],"evs":[0.0,-2.99305,-3.0087]},"Q5o":{"weight":1.0,"played":[1.0,0.0,0.0],"evs":[0.0,-2.68032,-2.68912]},"K5o":{"weight":1.0,"played":[1.0,0.0,0.0],"evs":[0.0,-2.32383,-2.32741]},"A5o":{"weight":1.0,"played":[1.0,0.0,0.0],"evs":[0.0,-1.02433,-1.01912]},"62s":{"weight":1.0,"played":[1.0,0.0,0.0],"evs":[0.0,-2.61301,-2.64039]},"63s":{"weight":1.0,"played":[1.0,0.0,0.0],"evs":[0.0,-2.07037,-2.09171]},"64s":{"weight":1.0,"played":[1.0,0.0,0.0],"evs":[0.0,-1.53438,-1.55288]},"65s":{"weight":1.0,"played":[1.0,0.0,0.0],"evs":[0.0,-0.91359,-0.92446]},"66":{"weight":1.0,"played":[0.0,1.0E-4,0.9999],"evs":[0.0,2.54036,2.56338]},"76o":{"weight":1.0,"played":[1.0,0.0,0.0],"evs":[0.0,-1.96904,-1.99143]},"86o":{"weight":1.0,"played":[1.0,0.0,0.0],"evs":[0.0,-2.17965,-2.2044]},"96o":{"weight":1.0,"played":[1.0,0.0,0.0],"evs":[0.0,-2.42165,-2.45056]},"T6o":{"weight":1.0,"played":[1.0,0.0,0.0],"evs":[0.0,-2.65681,-2.67566]},"J6o":{"weight":1.0,"played":[1.0,0.0,0.0],"evs":[0.0,-2.88852,-2.90851]},"Q6o":{"weight":1.0,"played":[1.0,0.0,0.0],"evs":[0.0,-2.4535,-2.4637]},"K6o":{"weight":1.0,"played":[1.0,0.0,0.0],"evs":[0.0,-2.12101,-2.12934]},"A6o":{"weight":1.0,"played":[1.0,0.0,0.0],"evs":[0.0,-1.19097,-1.18251]},"72s":{"weight":1.0,"played":[1.0,0.0,0.0],"evs":[0.0,-2.95045,-2.98489]},"73s":{"weight":1.0,"played":[1.0,0.0,0.0],"evs":[0.0,-2.40733,-2.44029]},"74s":{"weight":1.0,"played":[1.0,0.0,0.0],"evs":[0.0,-1.85389,-1.87882]},"75s":{"weight":1.0,"played":[1.0,0.0,0.0],"evs":[0.0,-1.25727,-1.27695]},"76s":{"weight":1.0,"played":[1.0,0.0,0.0],"evs":[0.0,-0.74443,-0.7684]},"77":{"weight":1.0,"played":[0.0,0.1007,0.8993],"evs":[0.0,3.21958,3.23165]},"87o":{"weight":1.0,"played":[1.0,0.0,0.0],"evs":[0.0,-1.83124,-1.85368]},"97o":{"weight":1.0,"played":[1.0,0.0,0.0],"evs":[0.0,-2.03675,-2.06311]},"T7o":{"weight":1.0,"played":[1.0,0.0,0.0],"evs":[0.0,-2.26466,-2.28318]},"J7o":{"weight":1.0,"played":[1.0,0.0,0.0],"evs":[0.0,-2.53972,-2.55484]},"Q7o":{"weight":1.0,"played":[1.0,0.0,0.0],"evs":[0.0,-2.56106,-2.57191]},"K7o":{"weight":1.0,"played":[1.0,0.0,0.0],"evs":[0.0,-2.13219,-2.13933]},"A7o":{"weight":1.0,"played":[1.0,0.0,0.0],"evs":[0.0,-0.81183,-0.80328]},"82s":{"weight":1.0,"played":[1.0,0.0,0.0],"evs":[0.0,-2.67075,-2.70414]},"83s":{"weight":1.0,"played":[1.0,0.0,0.0],"evs":[0.0,-2.64257,-2.67328]},"84s":{"weight":1.0,"played":[1.0,0.0,0.0],"evs":[0.0,-2.06014,-2.07978]},"85s":{"weight":1.0,"played":[1.0,0.0,0.0],"evs":[0.0,-1.47597,-1.49315]},"86s":{"weight":1.0,"played":[1.0,0.0,0.0],"evs":[0.0,-0.95084,-0.96675]},"87s":{"weight":1.0,"played":[1.0,0.0,0.0],"evs":[0.0,-0.65989,-0.67263]},"88":{"weight":1.0,"played":[0.0,0.4815,0.5185],"evs":[0.0,4.19368,4.19965]},"98o":{"weight":1.0,"played":[1.0,0.0,0.0],"evs":[0.0,-1.58486,-1.60605]},"T8o":{"weight":1.0,"played":[1.0,0.0,0.0],"evs":[0.0,-1.70843,-1.71715]},"J8o":{"weight":1.0,"played":[1.0,0.0,0.0],"evs":[0.0,-1.98939,-1.99947]},"Q8o":{"weight":1.0,"played":[1.0,0.0,0.0],"evs":[0.0,-2.04501,-2.0508]},"K8o":{"weight":1.0,"played":[1.0,0.0,0.0],"evs":[0.0,-2.00517,-2.00718]},"A8o":{"weight":1.0,"played":[1.0,0.0,0.0],"evs":[0.0,-0.19909,-0.19506]},"92s":{"weight":1.0,"played":[1.0,0.0,0.0],"evs":[0.0,-2.5483,-2.57733]},"93s":{"weight":1.0,"played":[1.0,0.0,0.0],"evs":[0.0,-2.43349,-2.46585]},"94s":{"weight":1.0,"played":[1.0,0.0,0.0],"evs":[0.0,-2.27206,-2.30241]},"95s":{"weight":1.0,"played":[1.0,0.0,0.0],"evs":[0.0,-1.714,-1.73573]},"96s":{"weight":1.0,"played":[1.0,0.0,0.0],"evs":[0.0,-1.16842,-1.19055]},"97s":{"weight":1.0,"played":[1.0,0.0,0.0],"evs":[0.0,-0.80329,-0.82407]},"98s":{"weight":1.0,"played":[1.0,0.0,0.0],"evs":[0.0,-0.3837,-0.39773]},"99":{"weight":1.0,"played":[0.0,0.5122,0.4878],"evs":[0.0,5.18918,5.19443]},"T9o":{"weight":1.0,"played":[1.0,0.0,0.0],"evs":[0.0,-1.23236,-1.24275]},"J9o":{"weight":1.0,"played":[1.0,0.0,0.0],"evs":[0.0,-1.46422,-1.47462]},"Q9o":{"weight":1.0,"played":[1.0,0.0,0.0],"evs":[0.0,-1.51595,-1.53143]},"K9o":{"weight":1.0,"played":[1.0,0.0,0.0],"evs":[0.0,-1.46484,-1.4691]},"A9o":{"weight":1.0,"played":[0.0,0.1795,0.8205],"evs":[0.0,0.63048,0.63318]},"T2s":{"weight":1.0,"played":[1.0,0.0,0.0],"evs":[0.0,-2.40168,-2.42493]},"T3s":{"weight":1.0,"played":[1.0,0.0,0.0],"evs":[0.0,-2.24724,-2.26762]},"T4s":{"weight":1.0,"played":[1.0,0.0,0.0],"evs":[0.0,-2.08096,-2.09775]},"T5s":{"weight":1.0,"played":[1.0,0.0,0.0],"evs":[0.0,-1.91618,-1.93032]},"T6s":{"weight":1.0,"played":[1.0,0.0,0.0],"evs":[0.0,-1.34673,-1.35711]},"T7s":{"weight":1.0,"played":[1.0,0.0,0.0],"evs":[0.0,-1.02912,-1.03487]},"T8s":{"weight":1.0,"played":[1.0,0.0,0.0],"evs":[0.0,-0.49786,-0.50332]},"T9s":{"weight":1.0,"played":[0.6742,0.3063,0.0195],"evs":[0.0,-0.02344,-0.03332]},"TT":{"weight":1.0,"played":[0.0,0.5663,0.4337],"evs":[0.0,6.59245,6.5917]},"JTo":{"weight":1.0,"played":[1.0,0.0,0.0],"evs":[0.0,-0.77143,-0.7742]},"QTo":{"weight":1.0,"played":[1.0,0.0,0.0],"evs":[0.0,-0.71129,-0.71811]},"KTo":{"weight":1.0,"played":[1.0,0.0,0.0],"evs":[0.0,-0.56715,-0.55903]},"ATo":{"weight":1.0,"played":[0.0,0.0049,0.9951],"evs":[0.0,2.13014,2.13103]},"J2s":{"weight":1.0,"played":[1.0,0.0,0.0],"evs":[0.0,-2.28759,-2.30707]},"J3s":{"weight":1.0,"played":[1.0,0.0,0.0],"evs":[0.0,-2.15307,-2.16472]},"J4s":{"weight":1.0,"played":[1.0,0.0,0.0],"evs":[0.0,-1.93359,-1.94934]},"J5s":{"weight":1.0,"played":[1.0,0.0,0.0],"evs":[0.0,-1.68348,-1.6971]},"J6s":{"weight":1.0,"played":[1.0,0.0,0.0],"evs":[0.0,-1.59712,-1.60615]},"J7s":{"weight":1.0,"played":[1.0,0.0,0.0],"evs":[0.0,-1.20014,-1.21363]},"J8s":{"weight":1.0,"played":[1.0,0.0,0.0],"evs":[0.0,-0.73605,-0.7394]},"J9s":{"weight":1.0,"played":[0.9998,1.0E-4,1.0E-4],"evs":[0.0,-0.23726,-0.24741]},"JTs":{"weight":1.0,"played":[0.0,0.1901,0.8099],"evs":[0.0,0.42553,0.42967]},"JJ":{"weight":1.0,"played":[0.0,0.5101,0.4899],"evs":[0.0,8.10779,8.10581]},"QJo":{"weight":1.0,"played":[1.0,0.0,0.0],"evs":[0.0,-0.47244,-0.48247]},"KJo":{"weight":1.0,"played":[0.968,0.0062,0.0258],"evs":[0.0,-0.0479,-0.05113]},"AJo":{"weight":1.0,"played":[0.0,0.478,0.522],"evs":[0.0,3.3924,3.39442]},"Q2s":{"weight":1.0,"played":[1.0,0.0,0.0],"evs":[0.0,-1.9681,-1.99257]},"Q3s":{"weight":1.0,"played":[1.0,0.0,0.0],"evs":[0.0,-1.81608,-1.8257]},"Q4s":{"weight":1.0,"played":[1.0,0.0,0.0],"evs":[0.0,-1.55764,-1.56164]},"Q5s":{"weight":1.0,"played":[1.0,0.0,0.0],"evs":[0.0,-1.36701,-1.38004]},"Q6s":{"weight":1.0,"played":[1.0,0.0,0.0],"evs":[0.0,-1.16207,-1.1642]},"Q7s":{"weight":1.0,"played":[1.0,0.0,0.0],"evs":[0.0,-1.27033,-1.27952]},"Q8s":{"weight":1.0,"played":[1.0,0.0,0.0],"evs":[0.0,-0.73632,-0.74084]},"Q9s":{"weight":1.0,"played":[1.0,0.0,0.0],"evs":[0.0,-0.27441,-0.28655]},"QTs":{"weight":1.0,"played":[0.0,0.3303,0.6697],"evs":[0.0,0.43916,0.43612]},"QJs":{"weight":1.0,"played":[0.0,0.5999,0.4001],"evs":[0.0,0.64062,0.63503]},"QQ":{"weight":1.0,"played":[0.0,0.2902,0.7098],"evs":[0.0,9.87717,9.87875]},"KQo":{"weight":1.0,"played":[0.0,0.5015,0.4985],"evs":[0.0,0.95776,0.95554]},"AQo":{"weight":1.0,"played":[0.0,0.1169,0.8831],"evs":[0.0,4.84833,4.85805]},"K2s":{"weight":1.0,"played":[1.0,0.0,0.0],"evs":[0.0,-1.60071,-1.60897]},"K3s":{"weight":1.0,"played":[1.0,0.0,0.0],"evs":[0.0,-1.49562,-1.50117]},"K4s":{"weight":1.0,"played":[1.0,0.0,0.0],"evs":[0.0,-1.22982,-1.23618]},"K5s":{"weight":1.0,"played":[1.0,0.0,0.0],"evs":[0.0,-1.0135,-1.02366]},"K6s":{"weight":1.0,"played":[1.0,0.0,0.0],"evs":[0.0,-0.84644,-0.85251]},"K7s":{"weight":1.0,"played":[1.0,0.0,0.0],"evs":[0.0,-0.83187,-0.83571]},"K8s":{"weight":1.0,"played":[1.0,0.0,0.0],"evs":[0.0,-0.76572,-0.77283]},"K9s":{"weight":1.0,"played":[0.9981,0.001,9.0E-4],"evs":[0.0,-0.2056,-0.21434]},"KTs":{"weight":1.0,"played":[0.0,0.1091,0.8909],"evs":[0.0,0.64372,0.64302]},"KJs":{"weight":1.0,"played":[0.0,0.1553,0.8447],"evs":[0.0,1.11414,1.11545]},"KQs":{"weight":1.0,"played":[0.0,0.2668,0.7332],"evs":[0.0,2.03923,2.03749]},"KK":{"weight":1.0,"played":[0.0,0.1668,0.8332],"evs":[0.0,11.92716,11.94122]},"AKo":{"weight":1.0,"played":[0.0,0.4224,0.5776],"evs":[0.0,6.35344,6.36041]},"A2s":{"weight":1.0,"played":[1.0,0.0,0.0],"evs":[0.0,-0.42365,-0.4211]},"A3s":{"weight":1.0,"played":[0.9999,1.0E-4,0.0],"evs":[0.0,-0.286,-0.28144]},"A4s":{"weight":1.0,"played":[0.9942,0.0023,0.0035],"evs":[0.0,-0.03504,-0.02986]},"A5s":{"weight":1.0,"played":[0.0,0.2554,0.7446],"evs":[0.0,0.20773,0.21521]},"A6s":{"weight":1.0,"played":[0.0027,0.2752,0.722],"evs":[0.0,0.04588,0.04772]},"A7s":{"weight":1.0,"played":[0.0,0.0041,0.9959],"evs":[0.0,0.42972,0.44532]},"A8s":{"weight":1.0,"played":[0.0,0.043,0.957],"evs":[0.0,1.00499,1.0161]},"A9s":{"weight":1.0,"played":[0.0,0.2334,0.7666],"evs":[0.0,1.77468,1.77529]},"ATs":{"weight":1.0,"played":[0.0,0.0145,0.9855],"evs":[0.0,3.14771,3.15391]},"AJs":{"weight":1.0,"played":[0.0,0.5406,0.4594],"evs":[0.0,4.34485,4.34389]},"AQs":{"weight":1.0,"played":[0.0,0.117,0.883],"evs":[0.0,5.72074,5.72747]},"AKs":{"weight":1.0,"played":[0.0,0.1513,0.8487],"evs":[0.0,7.13066,7.13472]},"AA":{"weight":1.0,"played":[0.0,0.1659,0.8341],"evs":[0.0,15.79136,15.81559]}}}