{"player":5,"street":0,"children":2,"sequence":[{"player":0,"type":"F","amount":0,"street":0},{"player":1,"type":"R","amount":1265000,"street":0},{"player":2,"type":"F","amount":0,"street":0},{"player":3,"type":"F","amount":0,"street":0},{"player":4,"type":"C","amount":1215000,"street":0}],"actions":[{"type":"F","amount":0},{"type":"C","amount":885000}],"hands":{"22":{"weight":1.0,"played":[1.0,0.0],"evs":[0.0,-0.72917]},"32o":{"weight":1.0,"played":[1.0,0.0],"evs":[0.0,-2.8351]},"42o":{"weight":1.0,"played":[1.0,0.0],"evs":[0.0,-2.67193]},"52o":{"weight":1.0,"played":[1.0,0.0],"evs":[0.0,-2.51934]},"62o":{"weight":1.0,"played":[1.0,0.0],"evs":[0.0,-2.75373]},"72o":{"weight":1.0,"played":[1.0,0.0],"evs":[0.0,-3.07626]},"82o":{"weight":1.0,"played":[1.0,0.0],"evs":[0.0,-2.92256]},"92o":{"weight":1.0,"played":[1.0,0.0],"evs":[0.0,-2.80405]},"T2o":{"weight":1.0,"played":[1.0,0.0],"evs":[0.0,-2.73069]},"J2o":{"weight":1.0,"played":[1.0,0.0],"evs":[0.0,-2.59311]},"Q2o":{"weight":1.0,"played":[1.0,0.0],"evs":[0.0,-2.40524]},"K2o":{"weight":1.0,"played":[1.0,0.0],"evs":[0.0,-2.23229]},"A2o":{"weight":1.0,"played":[1.0,0.0],"evs":[0.0,-2.03212]},"32s":{"weight":1.0,"played":[1.0,0.0],"evs":[0.0,-1.85865]},"33":{"weight":1.0,"played":[1.0,0.0],"evs":[0.0,-0.40157]},"43o":{"weight":1.0,"played":[1.0,0.0],"evs":[0.0,-2.27758]},"53o":{"weight":1.0,"played":[1.0,0.0],"evs":[0.0,-2.10933]},"63o":{"weight":1.0,"played":[1.0,0.0],"evs":[0.0,-2.36742]},"73o":{"weight":1.0,"played":[1.0,0.0],"evs":[0.0,-2.69905]},"83o":{"weight":1.0,"played":[1.0,0.0],"evs":[0.0,-2.83526]},"93o":{"weight":1.0,"played":[1.0,0.0],"evs":[0.0,-2.68478]},"T3o":{"weight":1.0,"played":[1.0,0.0],"evs":[0.0,-2.63623]},"J3o":{"weight":1.0,"played":[1.0,0.0],"evs":[0.0,-2.48498]},"Q3o":{"weight":1.0,"played":[1.0,0.0],"evs":[0.0,-2.262]},"K3o":{"weight":1.0,"played":[1.0,0.0],"evs":[0.0,-2.09441]},"A3o":{"weight":1.0,"played":[1.0,0.0],"evs":[0.0,-1.8663]},"42s":{"weight":1.0,"played":[1.0,0.0],"evs":[0.0,-1.71722]},"43s":{"weight":1.0,"played":[1.0,0.0],"evs":[0.0,-1.35748]},"44":{"weight":1.0,"played":[0.8688,0.1312],"evs":[0.0,-0.02497]},"54o":{"weight":1.0,"played":[1.0,0.0],"evs":[0.0,-1.7295]},"64o":{"weight":1.0,"played":[1.0,0.0],"evs":[0.0,-1.95691]},"74o":{"weight":1.0,"played":[1.0,0.0],"evs":[0.0,-2.25271]},"84o":{"weight":1.0,"played":[1.0,0.0],"evs":[0.0,-2.43547]},"94o":{"weight":1.0,"played":[1.0,0.0],"evs":[0.0,-2.64838]},"T4o":{"weight":1.0,"played":[1.0,0.0],"evs":[0.0,-2.51573]},"J4o":{"weight":1.0,"played":[1.0,0.0],"evs":[0.0,-2.38782]},"Q4o":{"weight":1.0,"played":[1.0,0.0],"evs":[0.0,-2.16612]},"K4o":{"weight":1.0,"played":[1.0,0.0],"evs":[0.0,-2.01468]},"A4o":{"weight":1.0,"played":[1.0,0.0],"evs":[0.0,-1.69216]},"52s":{"weight":1.0,"played":[1.0,0.0],"evs":[0.0,-1.5831]},"53s":{"weight":1.0,"played":[1.0,0.0],"evs":[0.0,-1.18473]},"54s":{"weight":1.0,"played":[1.0,0.0],"evs":[0.0,-0.75025]},"55":{"weight":1.0,"played":[0.0,1.0],"evs":[0.0,0.44181]},"65o":{"weight":1.0,"played":[1.0,0.0],"evs":[0.0,-1.61358]},"75o":{"weight":1.0,"played":[1.0,0.0],"evs":[0.0,-1.81964]},"85o":{"weight":1.0,"played":[1.0,0.0],"evs":[0.0,-2.0128]},"95o":{"weight":1.0,"played":[1.0,0.0],"evs":[0.0,-2.24154]},"T5o":{"weight":1.0,"played":[1.0,0.0],"evs":[0.0,-2.42475]},"J5o":{"weight":1.0,"played":[1.0,0.0],"evs":[0.0,-2.24207]},"Q5o":{"weight":1.0,"played":[1.0,0.0],"evs":[0.0,-2.01168]},"K5o":{"weight":1.0,"played":[1.0,0.0],"evs":[0.0,-1.82305]},"A5o":{"weight":1.0,"played":[1.0,0.0],"evs":[0.0,-1.49431]},"62s":{"weight":1.0,"played":[1.0,0.0],"evs":[0.0,-1.79229]},"63s":{"weight":1.0,"played":[1.0,0.0],"evs":[0.0,-1.35381]},"64s":{"weight":1.0,"played":[1.0,0.0],"evs":[0.0,-1.00495]},"65s":{"weight":1.0,"played":[1.0,0.0],"evs":[0.0,-0.68813]},"66":{"weight":1.0,"played":[0.0,1.0],"evs":[0.0,0.94124]},"76o":{"weight":1.0,"played":[1.0,0.0],"evs":[0.0,-1.48168]},"86o":{"weight":1.0,"played":[1.0,0.0],"evs":[0.0,-1.65809]},"96o":{"weight":1.0,"played":[1.0,0.0],"evs":[0.0,-1.82266]},"T6o":{"weight":1.0,"played":[1.0,0.0],"evs":[0.0,-2.0282]},"J6o":{"weight":1.0,"played":[1.0,0.0],"evs":[0.0,-2.14136]},"Q6o":{"weight":1.0,"played":[1.0,0.0],"evs":[0.0,-1.8593]},"K6o":{"weight":1.0,"played":[1.0,0.0],"evs":[0.0,-1.72372]},"A6o":{"weight":1.0,"played":[1.0,0.0],"evs":[0.0,-1.64134]},"72s":{"weight":1.0,"played":[1.0,0.0],"evs":[0.0,-2.07594]},"73s":{"weight":1.0,"played":[1.0,0.0],"evs":[0.0,-1.73013]},"74s":{"weight":1.0,"played":[1.0,0.0],"evs":[0.0,-1.36507]},"75s":{"weight":1.0,"played":[1.0,0.0],"evs":[0.0,-0.99435]},"76s":{"weight":1.0,"played":[1.0,0.0],"evs":[0.0,-0.57167]},"77":{"weight":1.0,"played":[0.0,1.0],"evs":[0.0,1.35239]},"87o":{"weight":1.0,"played":[1.0,0.0],"evs":[0.0,-1.41941]},"97o":{"weight":1.0,"played":[1.0,0.0],"evs":[0.0,-1.53192]},"T7o":{"weight":1.0,"played":[1.0,0.0],"evs":[0.0,-1.73799]},"J7o":{"weight":1.0,"played":[1.0,0.0],"evs":[0.0,-1.9009]},"Q7o":{"weight":1.0,"played":[1.0,0.0],"evs":[0.0,-1.90156]},"K7o":{"weight":1.0,"played":[1.0,0.0],"evs":[0.0,-1.66963]},"A7o":{"weight":1.0,"played":[1.0,0.0],"evs":[0.0,-1.32658]},"82s":{"weight":1.0,"played":[1.0,0.0],"evs":[0.0,-1.93663]},"83s":{"weight":1.0,"played":[1.0,0.0],"evs":[0.0,-1.91061]},"84s":{"weight":1.0,"played":[1.0,0.0],"evs":[0.0,-1.45147]},"85s":{"weight":1.0,"played":[1.0,0.0],"evs":[0.0,-1.14922]},"86s":{"weight":1.0,"played":[1.0,0.0],"evs":[0.0,-0.75124]},"87s":{"weight":1.0,"played":[1.0,0.0],"evs":[0.0,-0.50791]},"88":{"weight":1.0,"played":[0.0,1.0],"evs":[0.0,2.00429]},"98o":{"weight":1.0,"played":[1.0,0.0],"evs":[0.0,-1.26056]},"T8o":{"weight":1.0,"played":[1.0,0.0],"evs":[0.0,-1.32203]},"J8o":{"weight":1.0,"played":[1.0,0.0],"evs":[0.0,-1.51554]},"Q8o":{"weight":1.0,"played":[1.0,0.0],"evs":[0.0,-1.52591]},"K8o":{"weight":1.0,"played":[1.0,0.0],"evs":[0.0,-1.58569]},"A8o":{"weight":1.0,"played":[1.0,0.0],"evs":[0.0,-0.95219]},"92s":{"weight":1.0,"played":[1.0,0.0],"evs":[0.0,-1.88427]},"93s":{"weight":1.0,"played":[1.0,0.0],"evs":[0.0,-1.74307]},"94s":{"weight":1.0,"played":[1.0,0.0],"evs":[0.0,-1.699]},"95s":{"weight":1.0,"played":[1.0,0.0],"evs":[0.0,-1.28997]},"96s":{"weight":1.0,"played":[1.0,0.0],"evs":[0.0,-0.8883]},"97s":{"weight":1.0,"played":[0.9999,1.0E-4],"evs":[0.0,-0.59138]},"98s":{"weight":1.0,"played":[0.9993,7.0E-4],"evs":[0.0,-0.33376]},"99":{"weight":1.0,"played":[0.0,1.0],"evs":[0.0,2.74774]},"T9o":{"weight":1.0,"played":[1.0,0.0],"evs":[0.0,-0.92072]},"J9o":{"weight":1.0,"played":[1.0,0.0],"evs":[0.0,-1.09664]},"Q9o":{"weight":1.0,"played":[1.0,0.0],"evs":[0.0,-1.11889]},"K9o":{"weight":1.0,"played":[1.0,0.0],"evs":[0.0,-1.14622]},"A9o":{"weight":1.0,"played":[1.0,0.0],"evs":[0.0,-0.44452]},"T2s":{"weight":1.0,"played":[1.0,0.0],"evs":[0.0,-1.80881]},"T3s":{"weight":1.0,"played":[1.0,0.0],"evs":[0.0,-1.65172]},"T4s":{"weight":1.0,"played":[1.0,0.0],"evs":[0.0,-1.52505]},"T5s":{"weight":1.0,"played":[1.0,0.0],"evs":[0.0,-1.48336]},"T6s":{"weight":1.0,"played":[1.0,0.0],"evs":[0.0,-1.07901]},"T7s":{"weight":1.0,"played":[1.0,0.0],"evs":[0.0,-0.78767]},"T8s":{"weight":1.0,"played":[1.0,0.0],"evs":[0.0,-0.4705]},"T9s":{"weight":1.0,"played":[0.9754,0.0246],"evs":[0.0,-0.07871]},"TT":{"weight":1.0,"played":[0.0,1.0],"evs":[0.0,3.79033]},"JTo":{"weight":1.0,"played":[1.0,0.0],"evs":[0.0,-0.62254]},"QTo":{"weight":1.0,"played":[1.0,0.0],"evs":[0.0,-0.55679]},"KTo":{"weight":1.0,"played":[1.0,0.0],"evs":[0.0,-0.49881]},"ATo":{"weight":1.0,"played":[0.0,1.0],"evs":[0.0,0.62546]},"J2s":{"weight":1.0,"played":[1.0,0.0],"evs":[0.0,-1.65348]},"J3s":{"weight":1.0,"played":[1.0,0.0],"evs":[0.0,-1.51078]},"J4s":{"weight":1.0,"played":[1.0,0.0],"evs":[0.0,-1.4241]},"J5s":{"weight":1.0,"played":[1.0,0.0],"evs":[0.0,-1.19346]},"J6s":{"weight":1.0,"played":[1.0,0.0],"evs":[0.0,-1.21291]},"J7s":{"weight":1.0,"played":[1.0,0.0],"evs":[0.0,-0.95142]},"J8s":{"weight":1.0,"played":[0.9999,1.0E-4],"evs":[0.0,-0.60104]},"J9s":{"weight":1.0,"played":[0.9995,5.0E-4],"evs":[0.0,-0.25128]},"JTs":{"weight":1.0,"played":[3.0E-4,0.9997],"evs":[0.0,0.28912]},"JJ":{"weight":1.0,"played":[0.0,1.0],"evs":[0.0,4.94222]},"QJo":{"weight":1.0,"played":[1.0,0.0],"evs":[0.0,-0.34439]},"KJo":{"weight":1.0,"played":[0.9972,0.0028],"evs":[0.0,-0.13515]},"AJo":{"weight":1.0,"played":[0.0,1.0],"evs":[0.0,1.38084]},"Q2s":{"weight":1.0,"played":[1.0,0.0],"evs":[0.0,-1.40841]},"Q3s":{"weight":1.0,"played":[1.0,0.0],"evs":[0.0,-1.31266]},"Q4s":{"weight":1.0,"played":[1.0,0.0],"evs":[0.0,-1.21985]},"Q5s":{"weight":1.0,"played":[1.0,0.0],"evs":[0.0,-1.03463]},"Q6s":{"weight":1.0,"played":[1.0,0.0],"evs":[0.0,-0.97615]},"Q7s":{"weight":1.0,"played":[1.0,0.0],"evs":[0.0,-0.96578]},"Q8s":{"weight":1.0,"played":[1.0,0.0],"evs":[0.0,-0.62899]},"Q9s":{"weight":1.0,"played":[0.9982,0.0018],"evs":[0.0,-0.2014]},"QTs":{"weight":1.0,"played":[1.0E-4,0.9999],"evs":[0.0,0.28503]},"QJs":{"weight":1.0,"played":[0.0,1.0],"evs":[0.0,0.52826]},"QQ":{"weight":1.0,"played":[0.0,1.0],"evs":[0.0,6.25442]},"KQo":{"weight":1.0,"played":[0.0,1.0],"evs":[0.0,0.37091]},"AQo":{"weight":1.0,"played":[0.0,1.0],"evs":[0.0,2.2313]},"K2s":{"weight":1.0,"played":[1.0,0.0],"evs":[0.0,-1.26631]},"K3s":{"weight":1.0,"played":[1.0,0.0],"evs":[0.0,-1.11018]},"K4s":{"weight":1.0,"played":[1.0,0.0],"evs":[0.0,-1.03097]},"K5s":{"weight":1.0,"played":[1.0,0.0],"evs":[0.0,-0.84805]},"K6s":{"weight":1.0,"played":[1.0,0.0],"evs":[0.0,-0.71299]},"K7s":{"weight":1.0,"played":[1.0,0.0],"evs":[0.0,-0.68733]},"K8s":{"weight":1.0,"played":[1.0,0.0],"evs":[0.0,-0.64678]},"K9s":{"weight":1.0,"played":[0.9963,0.0037],"evs":[0.0,-0.1978]},"KTs":{"weight":1.0,"played":[0.0,1.0],"evs":[0.0,0.32118]},"KJs":{"weight":1.0,"played":[0.0,1.0],"evs":[0.0,0.77133]},"KQs":{"weight":1.0,"played":[0.0,1.0],"evs":[0.0,1.26378]},"KK":{"weight":1.0,"played":[0.0,1.0],"evs":[0.0,7.85748]},"AKo":{"weight":1.0,"played":[0.0,1.0],"evs":[0.0,3.20889]},"A2s":{"weight":1.0,"played":[1.0,0.0],"evs":[0.0,-0.91252]},"A3s":{"weight":1.0,"played":[1.0,0.0],"evs":[0.0,-0.83365]},"A4s":{"weight":1.0,"played":[1.0,0.0],"evs":[0.0,-0.66616]},"A5s":{"weight":1.0,"played":[0.9999,1.0E-4],"evs":[0.0,-0.49298]},"A6s":{"weight":1.0,"played":[1.0,0.0],"evs":[0.0,-0.60739]},"A7s":{"weight":1.0,"played":[0.9997,3.0E-4],"evs":[0.0,-0.34016]},"A8s":{"weight":1.0,"played":[0.0301,0.9699],"evs":[0.0,0.09549]},"A9s":{"weight":1.0,"played":[0.0,1.0],"evs":[0.0,0.50107]},"ATs":{"weight":1.0,"played":[0.0,1.0],"evs":[0.0,1.42742]},"AJs":{"weight":1.0,"played":[0.0,1.0],"evs":[0.0,2.22132]},"AQs":{"weight":1.0,"played":[0.0,1.0],"evs":[0.0,2.97878]},"AKs":{"weight":1.0,"played":[0.0,1.0],"evs":[0.0,3.87574]},"AA":{"weight":1.0,"played":[0.0,1.0],"evs":[0.0,10.94445]}}}