{"player":5,"street":0,"children":2,"sequence":[{"player":0,"type":"F","amount":0,"street":0},{"player":1,"type":"R","amount":1265000,"street":0},{"player":2,"type":"F","amount":0,"street":0},{"player":3,"type":"C","amount":1265000,"street":0},{"player":4,"type":"F","amount":0,"street":0}],"actions":[{"type":"F","amount":0},{"type":"C","amount":885000}],"hands":{"22":{"weight":1.0,"played":[0.9998,2.0E-4],"evs":[0.0,-1.06339]},"32o":{"weight":1.0,"played":[1.0,0.0],"evs":[0.0,-2.96549]},"42o":{"weight":1.0,"played":[1.0,0.0],"evs":[0.0,-2.80349]},"52o":{"weight":1.0,"played":[1.0,0.0],"evs":[0.0,-2.71886]},"62o":{"weight":1.0,"played":[1.0,0.0],"evs":[0.0,-2.90824]},"72o":{"weight":1.0,"played":[1.0,0.0],"evs":[0.0,-3.31288]},"82o":{"weight":1.0,"played":[1.0,0.0],"evs":[0.0,-3.31348]},"92o":{"weight":1.0,"played":[1.0,0.0],"evs":[0.0,-3.25832]},"T2o":{"weight":1.0,"played":[1.0,0.0],"evs":[0.0,-3.19517]},"J2o":{"weight":1.0,"played":[1.0,0.0],"evs":[0.0,-3.12761]},"Q2o":{"weight":1.0,"played":[1.0,0.0],"evs":[0.0,-2.65054]},"K2o":{"weight":1.0,"played":[1.0,0.0],"evs":[0.0,-2.60417]},"A2o":{"weight":1.0,"played":[1.0,0.0],"evs":[0.0,-2.13534]},"32s":{"weight":1.0,"played":[1.0,0.0],"evs":[0.0,-1.99278]},"33":{"weight":1.0,"played":[0.9938,0.0062],"evs":[0.0,-0.75121]},"43o":{"weight":1.0,"played":[1.0,0.0],"evs":[0.0,-2.2931]},"53o":{"weight":1.0,"played":[1.0,0.0],"evs":[0.0,-2.22342]},"63o":{"weight":1.0,"played":[1.0,0.0],"evs":[0.0,-2.45259]},"73o":{"weight":1.0,"played":[1.0,0.0],"evs":[0.0,-2.76363]},"83o":{"weight":1.0,"played":[1.0,0.0],"evs":[0.0,-3.27054]},"93o":{"weight":1.0,"played":[1.0,0.0],"evs":[0.0,-3.13051]},"T3o":{"weight":1.0,"played":[1.0,0.0],"evs":[0.0,-3.1188]},"J3o":{"weight":1.0,"played":[1.0,0.0],"evs":[0.0,-2.91425]},"Q3o":{"weight":1.0,"played":[1.0,0.0],"evs":[0.0,-2.57604]},"K3o":{"weight":1.0,"played":[1.0,0.0],"evs":[0.0,-2.29936]},"A3o":{"weight":1.0,"played":[1.0,0.0],"evs":[0.0,-1.85759]},"42s":{"weight":1.0,"played":[1.0,0.0],"evs":[0.0,-1.92438]},"43s":{"weight":1.0,"played":[1.0,0.0],"evs":[0.0,-1.40704]},"44":{"weight":1.0,"played":[0.8637,0.1363],"evs":[0.0,-0.13097]},"54o":{"weight":1.0,"played":[1.0,0.0],"evs":[0.0,-1.70265]},"64o":{"weight":1.0,"played":[1.0,0.0],"evs":[0.0,-1.97533]},"74o":{"weight":1.0,"played":[1.0,0.0],"evs":[0.0,-2.22631]},"84o":{"weight":1.0,"played":[1.0,0.0],"evs":[0.0,-2.53124]},"94o":{"weight":1.0,"played":[1.0,0.0],"evs":[0.0,-2.8665]},"T4o":{"weight":1.0,"played":[1.0,0.0],"evs":[0.0,-2.85094]},"J4o":{"weight":1.0,"played":[1.0,0.0],"evs":[0.0,-2.5796]},"Q4o":{"weight":1.0,"played":[1.0,0.0],"evs":[0.0,-2.27832]},"K4o":{"weight":1.0,"played":[1.0,0.0],"evs":[0.0,-2.15889]},"A4o":{"weight":1.0,"played":[1.0,0.0],"evs":[0.0,-1.61856]},"52s":{"weight":1.0,"played":[1.0,0.0],"evs":[0.0,-1.62651]},"53s":{"weight":1.0,"played":[1.0,0.0],"evs":[0.0,-1.22499]},"54s":{"weight":1.0,"played":[0.9998,2.0E-4],"evs":[0.0,-0.93895]},"55":{"weight":1.0,"played":[0.2792,0.7208],"evs":[0.0,0.17277]},"65o":{"weight":1.0,"played":[1.0,0.0],"evs":[0.0,-1.56471]},"75o":{"weight":1.0,"played":[1.0,0.0],"evs":[0.0,-1.82585]},"85o":{"weight":1.0,"played":[1.0,0.0],"evs":[0.0,-2.09384]},"95o":{"weight":1.0,"played":[1.0,0.0],"evs":[0.0,-2.43874]},"T5o":{"weight":1.0,"played":[1.0,0.0],"evs":[0.0,-2.68733]},"J5o":{"weight":1.0,"played":[1.0,0.0],"evs":[0.0,-2.45898]},"Q5o":{"weight":1.0,"played":[1.0,0.0],"evs":[0.0,-2.14922]},"K5o":{"weight":1.0,"played":[1.0,0.0],"evs":[0.0,-2.07158]},"A5o":{"weight":1.0,"played":[1.0,0.0],"evs":[0.0,-1.49534]},"62s":{"weight":1.0,"played":[1.0,0.0],"evs":[0.0,-1.78666]},"63s":{"weight":1.0,"played":[1.0,0.0],"evs":[0.0,-1.38845]},"64s":{"weight":1.0,"played":[0.9981,0.0019],"evs":[0.0,-0.93661]},"65s":{"weight":1.0,"played":[0.9921,0.0079],"evs":[0.0,-0.69455]},"66":{"weight":1.0,"played":[0.0,1.0],"evs":[0.0,0.477]},"76o":{"weight":1.0,"played":[1.0,0.0],"evs":[0.0,-1.57302]},"86o":{"weight":1.0,"played":[1.0,0.0],"evs":[0.0,-1.90727]},"96o":{"weight":1.0,"played":[1.0,0.0],"evs":[0.0,-2.10407]},"T6o":{"weight":1.0,"played":[1.0,0.0],"evs":[0.0,-2.28673]},"J6o":{"weight":1.0,"played":[1.0,0.0],"evs":[0.0,-2.41264]},"Q6o":{"weight":1.0,"played":[1.0,0.0],"evs":[0.0,-2.1222]},"K6o":{"weight":1.0,"played":[1.0,0.0],"evs":[0.0,-1.91669]},"A6o":{"weight":1.0,"played":[1.0,0.0],"evs":[0.0,-1.7142]},"72s":{"weight":1.0,"played":[1.0,0.0],"evs":[0.0,-2.36601]},"73s":{"weight":1.0,"played":[1.0,0.0],"evs":[0.0,-1.97049]},"74s":{"weight":1.0,"played":[1.0,0.0],"evs":[0.0,-1.31842]},"75s":{"weight":1.0,"played":[1.0,0.0],"evs":[0.0,-1.00231]},"76s":{"weight":1.0,"played":[0.9987,0.0013],"evs":[0.0,-0.78342]},"77":{"weight":1.0,"played":[0.0,1.0],"evs":[0.0,0.54311]},"87o":{"weight":1.0,"played":[1.0,0.0],"evs":[0.0,-1.62916]},"97o":{"weight":1.0,"played":[1.0,0.0],"evs":[0.0,-1.85413]},"T7o":{"weight":1.0,"played":[1.0,0.0],"evs":[0.0,-2.18663]},"J7o":{"weight":1.0,"played":[1.0,0.0],"evs":[0.0,-2.23649]},"Q7o":{"weight":1.0,"played":[1.0,0.0],"evs":[0.0,-2.23809]},"K7o":{"weight":1.0,"played":[1.0,0.0],"evs":[0.0,-1.87398]},"A7o":{"weight":1.0,"played":[1.0,0.0],"evs":[0.0,-1.54227]},"82s":{"weight":1.0,"played":[0.9999,1.0E-4],"evs":[0.0,-2.36778]},"83s":{"weight":1.0,"played":[1.0,0.0],"evs":[0.0,-2.19488]},"84s":{"weight":1.0,"played":[1.0,0.0],"evs":[0.0,-1.78266]},"85s":{"weight":1.0,"played":[0.9999,1.0E-4],"evs":[0.0,-1.19414]},"86s":{"weight":1.0,"played":[0.9997,3.0E-4],"evs":[0.0,-0.93691]},"87s":{"weight":1.0,"played":[0.9987,0.0013],"evs":[0.0,-0.85927]},"88":{"weight":1.0,"played":[0.0,1.0],"evs":[0.0,0.84386]},"98o":{"weight":1.0,"played":[1.0,0.0],"evs":[0.0,-1.8268]},"T8o":{"weight":1.0,"played":[1.0,0.0],"evs":[0.0,-1.865]},"J8o":{"weight":1.0,"played":[1.0,0.0],"evs":[0.0,-1.95166]},"Q8o":{"weight":1.0,"played":[1.0,0.0],"evs":[0.0,-1.89958]},"K8o":{"weight":1.0,"played":[1.0,0.0],"evs":[0.0,-2.02762]},"A8o":{"weight":1.0,"played":[1.0,0.0],"evs":[0.0,-1.33433]},"92s":{"weight":1.0,"played":[1.0,0.0],"evs":[0.0,-2.38924]},"93s":{"weight":1.0,"played":[1.0,0.0],"evs":[0.0,-2.1087]},"94s":{"weight":1.0,"played":[1.0,0.0],"evs":[0.0,-1.93208]},"95s":{"weight":1.0,"played":[0.9998,2.0E-4],"evs":[0.0,-1.51787]},"96s":{"weight":1.0,"played":[0.9994,6.0E-4],"evs":[0.0,-1.08159]},"97s":{"weight":1.0,"played":[1.0,0.0],"evs":[0.0,-1.07469]},"98s":{"weight":1.0,"played":[1.0,0.0],"evs":[0.0,-0.96828]},"99":{"weight":1.0,"played":[0.0,1.0],"evs":[0.0,1.38558]},"T9o":{"weight":1.0,"played":[1.0,0.0],"evs":[0.0,-1.64306]},"J9o":{"weight":1.0,"played":[1.0,0.0],"evs":[0.0,-1.62358]},"Q9o":{"weight":1.0,"played":[1.0,0.0],"evs":[0.0,-1.68402]},"K9o":{"weight":1.0,"played":[1.0,0.0],"evs":[0.0,-1.71032]},"A9o":{"weight":1.0,"played":[1.0,0.0],"evs":[0.0,-1.12238]},"T2s":{"weight":1.0,"played":[1.0,0.0],"evs":[0.0,-2.20096]},"T3s":{"weight":1.0,"played":[1.0,0.0],"evs":[0.0,-2.13258]},"T4s":{"weight":1.0,"played":[1.0,0.0],"evs":[0.0,-1.73649]},"T5s":{"weight":1.0,"played":[1.0,0.0],"evs":[0.0,-1.74829]},"T6s":{"weight":1.0,"played":[0.9999,1.0E-4],"evs":[0.0,-1.37875]},"T7s":{"weight":1.0,"played":[1.0,0.0],"evs":[0.0,-1.16091]},"T8s":{"weight":1.0,"played":[0.9971,0.0029],"evs":[0.0,-1.07]},"T9s":{"weight":1.0,"played":[0.9976,0.0024],"evs":[0.0,-0.74143]},"TT":{"weight":1.0,"played":[0.0,1.0],"evs":[0.0,2.53339]},"JTo":{"weight":1.0,"played":[1.0,0.0],"evs":[0.0,-1.24017]},"QTo":{"weight":1.0,"played":[1.0,0.0],"evs":[0.0,-1.1102]},"KTo":{"weight":1.0,"played":[0.9994,6.0E-4],"evs":[0.0,-1.16873]},"ATo":{"weight":1.0,"played":[0.5804,0.4196],"evs":[0.0,-0.21022]},"J2s":{"weight":1.0,"played":[1.0,0.0],"evs":[0.0,-2.14251]},"J3s":{"weight":1.0,"played":[1.0,0.0],"evs":[0.0,-1.7416]},"J4s":{"weight":1.0,"played":[1.0,0.0],"evs":[0.0,-1.55152]},"J5s":{"weight":1.0,"played":[0.9998,2.0E-4],"evs":[0.0,-1.73332]},"J6s":{"weight":1.0,"played":[1.0,0.0],"evs":[0.0,-1.50281]},"J7s":{"weight":1.0,"played":[0.9999,1.0E-4],"evs":[0.0,-1.36057]},"J8s":{"weight":1.0,"played":[0.9997,3.0E-4],"evs":[0.0,-0.96302]},"J9s":{"weight":1.0,"played":[0.999,0.001],"evs":[0.0,-0.67839]},"JTs":{"weight":1.0,"played":[0.7447,0.2553],"evs":[0.0,-0.47859]},"JJ":{"weight":1.0,"played":[0.0,1.0],"evs":[0.0,4.6157]},"QJo":{"weight":1.0,"played":[0.9998,2.0E-4],"evs":[0.0,-0.77819]},"KJo":{"weight":1.0,"played":[0.9978,0.0022],"evs":[0.0,-0.52557]},"AJo":{"weight":1.0,"played":[0.0,1.0],"evs":[0.0,0.51492]},"Q2s":{"weight":1.0,"played":[0.9998,2.0E-4],"evs":[0.0,-1.84356]},"Q3s":{"weight":1.0,"played":[1.0,0.0],"evs":[0.0,-1.46206]},"Q4s":{"weight":1.0,"played":[0.9999,1.0E-4],"evs":[0.0,-1.30301]},"Q5s":{"weight":1.0,"played":[0.9996,4.0E-4],"evs":[0.0,-1.14817]},"Q6s":{"weight":1.0,"played":[0.9949,0.0051],"evs":[0.0,-1.10238]},"Q7s":{"weight":1.0,"played":[1.0,0.0],"evs":[0.0,-1.09138]},"Q8s":{"weight":1.0,"played":[0.9999,1.0E-4],"evs":[0.0,-1.1189]},"Q9s":{"weight":1.0,"played":[0.9988,0.0012],"evs":[0.0,-0.80385]},"QTs":{"weight":1.0,"played":[0.84,0.16],"evs":[0.0,-0.24479]},"QJs":{"weight":1.0,"played":[0.4441,0.5559],"evs":[0.0,0.20353]},"QQ":{"weight":1.0,"played":[0.0,1.0],"evs":[0.0,6.0823]},"KQo":{"weight":1.0,"played":[0.6341,0.3659],"evs":[0.0,0.02973]},"AQo":{"weight":1.0,"played":[0.0,1.0],"evs":[0.0,1.42644]},"K2s":{"weight":1.0,"played":[1.0,0.0],"evs":[0.0,-1.65376]},"K3s":{"weight":1.0,"played":[0.9999,1.0E-4],"evs":[0.0,-1.35612]},"K4s":{"weight":1.0,"played":[1.0,0.0],"evs":[0.0,-1.16037]},"K5s":{"weight":1.0,"played":[1.0,0.0],"evs":[0.0,-1.08583]},"K6s":{"weight":1.0,"played":[0.9993,7.0E-4],"evs":[0.0,-1.06297]},"K7s":{"weight":1.0,"played":[0.9981,0.0019],"evs":[0.0,-0.89364]},"K8s":{"weight":1.0,"played":[1.0,0.0],"evs":[0.0,-1.0492]},"K9s":{"weight":1.0,"played":[0.9989,0.0011],"evs":[0.0,-0.80392]},"KTs":{"weight":1.0,"played":[0.8028,0.1972],"evs":[0.0,-0.37165]},"KJs":{"weight":1.0,"played":[0.1245,0.8755],"evs":[0.0,0.39554]},"KQs":{"weight":1.0,"played":[0.0,1.0],"evs":[0.0,1.03736]},"KK":{"weight":1.0,"played":[0.0,1.0],"evs":[0.0,8.00792]},"AKo":{"weight":1.0,"played":[0.0,1.0],"evs":[0.0,2.50419]},"A2s":{"weight":1.0,"played":[1.0,0.0],"evs":[0.0,-1.08971]},"A3s":{"weight":1.0,"played":[0.9997,3.0E-4],"evs":[0.0,-0.65158]},"A4s":{"weight":1.0,"played":[0.9983,0.0017],"evs":[0.0,-0.61972]},"A5s":{"weight":1.0,"played":[0.9987,0.0013],"evs":[0.0,-0.53915]},"A6s":{"weight":1.0,"played":[0.9997,3.0E-4],"evs":[0.0,-0.6112]},"A7s":{"weight":1.0,"played":[0.9994,6.0E-4],"evs":[0.0,-0.56226]},"A8s":{"weight":1.0,"played":[0.9817,0.0183],"evs":[0.0,-0.34759]},"A9s":{"weight":1.0,"played":[0.3598,0.6402],"evs":[0.0,-0.03797]},"ATs":{"weight":1.0,"played":[4.0E-4,0.9996],"evs":[0.0,0.60906]},"AJs":{"weight":1.0,"played":[0.0,1.0],"evs":[0.0,1.20005]},"AQs":{"weight":1.0,"played":[0.0,1.0],"evs":[0.0,2.14875]},"AKs":{"weight":1.0,"played":[0.0,1.0],"evs":[0.0,3.0718]},"AA":{"weight":1.0,"played":[0.0,1.0],"evs":[0.0,10.94563]}}}