{"player":4,"street":0,"children":2,"sequence":[{"player":0,"type":"F","amount":0,"street":0},{"player":1,"type":"R","amount":1265000,"street":0},{"player":2,"type":"C","amount":1265000,"street":0},{"player":3,"type":"R","amount":2985000,"street":0}],"actions":[{"type":"F","amount":0,"node":286},{"type":"C","amount":2935000,"node":289}],"hands":{"22":{"weight":1.0,"played":[0.9994,6.0E-4],"evs":[0.0,-3.78661]},"32o":{"weight":1.0,"played":[1.0,0.0],"evs":[0.0,-9.39842]},"42o":{"weight":1.0,"played":[1.0,0.0],"evs":[0.0,-8.56141]},"52o":{"weight":1.0,"played":[1.0,0.0],"evs":[0.0,-8.60008]},"62o":{"weight":1.0,"played":[1.0,0.0],"evs":[0.0,-8.64663]},"72o":{"weight":1.0,"played":[1.0,0.0],"evs":[0.0,-9.64628]},"82o":{"weight":1.0,"played":[1.0,0.0],"evs":[0.0,-9.38519]},"92o":{"weight":1.0,"played":[1.0,0.0],"evs":[0.0,-10.18902]},"T2o":{"weight":1.0,"played":[1.0,0.0],"evs":[0.0,-9.65424]},"J2o":{"weight":1.0,"played":[1.0,0.0],"evs":[0.0,-9.83832]},"Q2o":{"weight":1.0,"played":[1.0,0.0],"evs":[0.0,-8.89053]},"K2o":{"weight":1.0,"played":[1.0,0.0],"evs":[0.0,-8.06348]},"A2o":{"weight":1.0,"played":[0.9999,1.0E-4],"evs":[0.0,-7.20588]},"32s":{"weight":1.0,"played":[1.0,0.0],"evs":[0.0,-6.68831]},"33":{"weight":1.0,"played":[0.9945,0.0055],"evs":[0.0,-2.25842]},"43o":{"weight":1.0,"played":[1.0,0.0],"evs":[0.0,-7.73629]},"53o":{"weight":1.0,"played":[1.0,0.0],"evs":[0.0,-6.13068]},"63o":{"weight":1.0,"played":[1.0,0.0],"evs":[0.0,-7.42765]},"73o":{"weight":1.0,"played":[1.0,0.0],"evs":[0.0,-8.65222]},"83o":{"weight":1.0,"played":[1.0,0.0],"evs":[0.0,-8.84789]},"93o":{"weight":1.0,"played":[1.0,0.0],"evs":[0.0,-9.2348]},"T3o":{"weight":1.0,"played":[1.0,0.0],"evs":[0.0,-9.52178]},"J3o":{"weight":1.0,"played":[1.0,0.0],"evs":[0.0,-9.29164]},"Q3o":{"weight":1.0,"played":[1.0,0.0],"evs":[0.0,-9.12227]},"K3o":{"weight":1.0,"played":[1.0,0.0],"evs":[0.0,-8.50295]},"A3o":{"weight":1.0,"played":[0.9999,1.0E-4],"evs":[0.0,-7.08388]},"42s":{"weight":1.0,"played":[0.9994,6.0E-4],"evs":[0.0,-6.52282]},"43s":{"weight":1.0,"played":[0.9999,1.0E-4],"evs":[0.0,-4.41415]},"44":{"weight":1.0,"played":[0.9821,0.0179],"evs":[0.0,-0.76088]},"54o":{"weight":1.0,"played":[1.0,0.0],"evs":[0.0,-5.54275]},"64o":{"weight":1.0,"played":[1.0,0.0],"evs":[0.0,-6.00602]},"74o":{"weight":1.0,"played":[1.0,0.0],"evs":[0.0,-7.12062]},"84o":{"weight":1.0,"played":[1.0,0.0],"evs":[0.0,-7.15484]},"94o":{"weight":1.0,"played":[1.0,0.0],"evs":[0.0,-8.71004]},"T4o":{"weight":1.0,"played":[1.0,0.0],"evs":[0.0,-8.65331]},"J4o":{"weight":1.0,"played":[1.0,0.0],"evs":[0.0,-8.56273]},"Q4o":{"weight":1.0,"played":[1.0,0.0],"evs":[0.0,-8.20365]},"K4o":{"weight":1.0,"played":[1.0,0.0],"evs":[0.0,-7.01372]},"A4o":{"weight":1.0,"played":[1.0,0.0],"evs":[0.0,-6.96959]},"52s":{"weight":1.0,"played":[0.9999,1.0E-4],"evs":[0.0,-5.25534]},"53s":{"weight":1.0,"played":[0.9989,0.0011],"evs":[0.0,-4.49188]},"54s":{"weight":1.0,"played":[0.9996,4.0E-4],"evs":[0.0,-2.99369]},"55":{"weight":1.0,"played":[0.0685,0.9315],"evs":[0.0,0.95809]},"65o":{"weight":1.0,"played":[1.0,0.0],"evs":[0.0,-5.15232]},"75o":{"weight":1.0,"played":[1.0,0.0],"evs":[0.0,-4.63639]},"85o":{"weight":1.0,"played":[1.0,0.0],"evs":[0.0,-5.96691]},"95o":{"weight":1.0,"played":[1.0,0.0],"evs":[0.0,-6.96972]},"T5o":{"weight":1.0,"played":[1.0,0.0],"evs":[0.0,-8.32403]},"J5o":{"weight":1.0,"played":[1.0,0.0],"evs":[0.0,-8.41234]},"Q5o":{"weight":1.0,"played":[1.0,0.0],"evs":[0.0,-8.10891]},"K5o":{"weight":1.0,"played":[0.9996,4.0E-4],"evs":[0.0,-6.98472]},"A5o":{"weight":1.0,"played":[0.9999,1.0E-4],"evs":[0.0,-5.97184]},"62s":{"weight":1.0,"played":[0.9998,2.0E-4],"evs":[0.0,-5.65804]},"63s":{"weight":1.0,"played":[1.0,0.0],"evs":[0.0,-3.59037]},"64s":{"weight":1.0,"played":[0.9916,0.0084],"evs":[0.0,-3.02478]},"65s":{"weight":1.0,"played":[0.9852,0.0148],"evs":[0.0,-1.30754]},"66":{"weight":1.0,"played":[5.0E-4,0.9995],"evs":[0.0,1.94315]},"76o":{"weight":1.0,"played":[1.0,0.0],"evs":[0.0,-4.27461]},"86o":{"weight":1.0,"played":[0.9999,1.0E-4],"evs":[0.0,-4.6205]},"96o":{"weight":1.0,"played":[1.0,0.0],"evs":[0.0,-5.63858]},"T6o":{"weight":1.0,"played":[1.0,0.0],"evs":[0.0,-7.4372]},"J6o":{"weight":1.0,"played":[1.0,0.0],"evs":[0.0,-7.89591]},"Q6o":{"weight":1.0,"played":[1.0,0.0],"evs":[0.0,-6.77052]},"K6o":{"weight":1.0,"played":[1.0,0.0],"evs":[0.0,-6.11074]},"A6o":{"weight":1.0,"played":[0.9994,6.0E-4],"evs":[0.0,-6.78185]},"72s":{"weight":1.0,"played":[0.9986,0.0014],"evs":[0.0,-6.06648]},"73s":{"weight":1.0,"played":[0.9994,6.0E-4],"evs":[0.0,-5.2457]},"74s":{"weight":1.0,"played":[0.9998,2.0E-4],"evs":[0.0,-3.58951]},"75s":{"weight":1.0,"played":[0.9847,0.0153],"evs":[0.0,-1.6443]},"76s":{"weight":1.0,"played":[0.9932,0.0068],"evs":[0.0,-2.15333]},"77":{"weight":1.0,"played":[2.0E-4,0.9998],"evs":[0.0,2.60554]},"87o":{"weight":1.0,"played":[1.0,0.0],"evs":[0.0,-4.16526]},"97o":{"weight":1.0,"played":[1.0,0.0],"evs":[0.0,-5.56327]},"T7o":{"weight":1.0,"played":[0.9999,1.0E-4],"evs":[0.0,-6.18157]},"J7o":{"weight":1.0,"played":[1.0,0.0],"evs":[0.0,-6.37767]},"Q7o":{"weight":1.0,"played":[1.0,0.0],"evs":[0.0,-7.3249]},"K7o":{"weight":1.0,"played":[0.9997,3.0E-4],"evs":[0.0,-5.51258]},"A7o":{"weight":1.0,"played":[0.9999,1.0E-4],"evs":[0.0,-5.41842]},"82s":{"weight":1.0,"played":[0.9998,2.0E-4],"evs":[0.0,-6.27379]},"83s":{"weight":1.0,"played":[1.0,0.0],"evs":[0.0,-6.12227]},"84s":{"weight":1.0,"played":[0.9986,0.0014],"evs":[0.0,-3.88633]},"85s":{"weight":1.0,"played":[0.9975,0.0025],"evs":[0.0,-1.99207]},"86s":{"weight":1.0,"played":[0.9772,0.0228],"evs":[0.0,-2.06294]},"87s":{"weight":1.0,"played":[0.9703,0.0297],"evs":[0.0,-0.83379]},"88":{"weight":1.0,"played":[0.0,1.0],"evs":[0.0,4.19829]},"98o":{"weight":1.0,"played":[0.9984,0.0016],"evs":[0.0,-4.07706]},"T8o":{"weight":1.0,"played":[1.0,0.0],"evs":[0.0,-4.89951]},"J8o":{"weight":1.0,"played":[0.9999,1.0E-4],"evs":[0.0,-5.32482]},"Q8o":{"weight":1.0,"played":[1.0,0.0],"evs":[0.0,-6.6335]},"K8o":{"weight":1.0,"played":[1.0,0.0],"evs":[0.0,-5.41211]},"A8o":{"weight":1.0,"played":[0.9999,1.0E-4],"evs":[0.0,-6.20127]},"92s":{"weight":1.0,"played":[1.0,0.0],"evs":[0.0,-5.92077]},"93s":{"weight":1.0,"played":[0.9993,7.0E-4],"evs":[0.0,-4.08468]},"94s":{"weight":1.0,"played":[0.9999,1.0E-4],"evs":[0.0,-5.52893]},"95s":{"weight":1.0,"played":[0.9985,0.0015],"evs":[0.0,-3.63712]},"96s":{"weight":1.0,"played":[0.9936,0.0064],"evs":[0.0,-2.8025]},"97s":{"weight":1.0,"played":[0.9194,0.0806],"evs":[0.0,-2.09004]},"98s":{"weight":1.0,"played":[0.6372,0.3628],"evs":[0.0,-0.21493]},"99":{"weight":1.0,"played":[0.0,1.0],"evs":[0.0,6.13829]},"T9o":{"weight":1.0,"played":[0.9998,2.0E-4],"evs":[0.0,-3.93816]},"J9o":{"weight":1.0,"played":[0.9999,1.0E-4],"evs":[0.0,-5.50437]},"Q9o":{"weight":1.0,"played":[0.9999,1.0E-4],"evs":[0.0,-5.04775]},"K9o":{"weight":1.0,"played":[0.9997,3.0E-4],"evs":[0.0,-4.9069]},"A9o":{"weight":1.0,"played":[0.9996,4.0E-4],"evs":[0.0,-5.22219]},"T2s":{"weight":1.0,"played":[1.0,0.0],"evs":[0.0,-6.04784]},"T3s":{"weight":1.0,"played":[0.9998,2.0E-4],"evs":[0.0,-5.76437]},"T4s":{"weight":1.0,"played":[0.9998,2.0E-4],"evs":[0.0,-4.87921]},"T5s":{"weight":1.0,"played":[0.9999,1.0E-4],"evs":[0.0,-4.02621]},"T6s":{"weight":1.0,"played":[0.9985,0.0015],"evs":[0.0,-4.0902]},"T7s":{"weight":1.0,"played":[0.9975,0.0025],"evs":[0.0,-2.71499]},"T8s":{"weight":1.0,"played":[0.9994,6.0E-4],"evs":[0.0,-1.63331]},"T9s":{"weight":1.0,"played":[0.8037,0.1963],"evs":[0.0,-0.98901]},"TT":{"weight":1.0,"played":[0.0,1.0],"evs":[0.0,9.55677]},"JTo":{"weight":1.0,"played":[1.0,0.0],"evs":[0.0,-3.73472]},"QTo":{"weight":1.0,"played":[0.9974,0.0026],"evs":[0.0,-3.88411]},"KTo":{"weight":1.0,"played":[0.9994,6.0E-4],"evs":[0.0,-3.46767]},"ATo":{"weight":1.0,"played":[0.9995,5.0E-4],"evs":[0.0,-3.12368]},"J2s":{"weight":1.0,"played":[0.9995,5.0E-4],"evs":[0.0,-5.81066]},"J3s":{"weight":1.0,"played":[0.9978,0.0022],"evs":[0.0,-6.1914]},"J4s":{"weight":1.0,"played":[0.9963,0.0037],"evs":[0.0,-5.00208]},"J5s":{"weight":1.0,"played":[0.9999,1.0E-4],"evs":[0.0,-5.49731]},"J6s":{"weight":1.0,"played":[0.9997,3.0E-4],"evs":[0.0,-5.19643]},"J7s":{"weight":1.0,"played":[0.9997,3.0E-4],"evs":[0.0,-3.35871]},"J8s":{"weight":1.0,"played":[0.972,0.028],"evs":[0.0,-2.16573]},"J9s":{"weight":1.0,"played":[0.9329,0.0671],"evs":[0.0,-1.16449]},"JTs":{"weight":1.0,"played":[0.259,0.741],"evs":[0.0,0.11391]},"JJ":{"weight":1.0,"played":[0.0,1.0],"evs":[0.0,14.31774]},"QJo":{"weight":1.0,"played":[0.995,0.005],"evs":[0.0,-2.73874]},"KJo":{"weight":1.0,"played":[0.9993,7.0E-4],"evs":[0.0,-2.80235]},"AJo":{"weight":1.0,"played":[0.9828,0.0172],"evs":[0.0,-1.31004]},"Q2s":{"weight":1.0,"played":[0.9999,1.0E-4],"evs":[0.0,-6.31344]},"Q3s":{"weight":1.0,"played":[1.0,0.0],"evs":[0.0,-4.20009]},"Q4s":{"weight":1.0,"played":[1.0,0.0],"evs":[0.0,-4.56644]},"Q5s":{"weight":1.0,"played":[0.9979,0.0021],"evs":[0.0,-4.69994]},"Q6s":{"weight":1.0,"played":[0.9998,2.0E-4],"evs":[0.0,-5.10676]},"Q7s":{"weight":1.0,"played":[0.9998,2.0E-4],"evs":[0.0,-4.55064]},"Q8s":{"weight":1.0,"played":[1.0,0.0],"evs":[0.0,-2.7318]},"Q9s":{"weight":1.0,"played":[0.9989,0.0011],"evs":[0.0,-1.82955]},"QTs":{"weight":1.0,"played":[0.8487,0.1513],"evs":[0.0,0.03033]},"QJs":{"weight":1.0,"played":[0.7694,0.2306],"evs":[0.0,-1.33617]},"QQ":{"weight":1.0,"played":[0.0,1.0],"evs":[0.0,19.57736]},"KQo":{"weight":1.0,"played":[0.9986,0.0014],"evs":[0.0,-0.93187]},"AQo":{"weight":1.0,"played":[0.0,1.0],"evs":[0.0,3.34295]},"K2s":{"weight":1.0,"played":[0.9999,1.0E-4],"evs":[0.0,-5.23782]},"K3s":{"weight":1.0,"played":[0.9999,1.0E-4],"evs":[0.0,-5.16223]},"K4s":{"weight":1.0,"played":[0.9998,2.0E-4],"evs":[0.0,-3.31992]},"K5s":{"weight":1.0,"played":[0.9965,0.0035],"evs":[0.0,-2.0189]},"K6s":{"weight":1.0,"played":[0.9996,4.0E-4],"evs":[0.0,-2.90466]},"K7s":{"weight":1.0,"played":[0.999,0.001],"evs":[0.0,-2.74657]},"K8s":{"weight":1.0,"played":[0.9986,0.0014],"evs":[0.0,-2.86703]},"K9s":{"weight":1.0,"played":[0.977,0.023],"evs":[0.0,-2.55532]},"KTs":{"weight":1.0,"played":[0.31,0.69],"evs":[0.0,0.1259]},"KJs":{"weight":1.0,"played":[0.0292,0.9708],"evs":[0.0,0.93562]},"KQs":{"weight":1.0,"played":[0.0064,0.9936],"evs":[0.0,2.46994]},"KK":{"weight":1.0,"played":[0.0,1.0],"evs":[0.0,26.73258]},"AKo":{"weight":1.0,"played":[0.0,1.0],"evs":[0.0,5.56321]},"A2s":{"weight":1.0,"played":[0.9999,1.0E-4],"evs":[0.0,-4.22984]},"A3s":{"weight":1.0,"played":[0.9996,4.0E-4],"evs":[0.0,-3.6837]},"A4s":{"weight":1.0,"played":[1.0,0.0],"evs":[0.0,-3.95289]},"A5s":{"weight":1.0,"played":[1.0,0.0],"evs":[0.0,-2.10036]},"A6s":{"weight":1.0,"played":[1.0,0.0],"evs":[0.0,-3.75619]},"A7s":{"weight":1.0,"played":[0.9999,1.0E-4],"evs":[0.0,-3.05172]},"A8s":{"weight":1.0,"played":[0.9996,4.0E-4],"evs":[0.0,-2.69688]},"A9s":{"weight":1.0,"played":[0.9983,0.0017],"evs":[0.0,-1.90371]},"ATs":{"weight":1.0,"played":[0.9132,0.0868],"evs":[0.0,0.11782]},"AJs":{"weight":1.0,"played":[0.0014,0.9986],"evs":[0.0,2.4831]},"AQs":{"weight":1.0,"played":[1.0E-4,0.9999],"evs":[0.0,4.73546]},"AKs":{"weight":1.0,"played":[5.0E-4,0.9995],"evs":[0.0,8.28941]},"AA":{"weight":1.0,"played":[0.0,1.0],"evs":[0.0,34.68963]}}}