{"player":2,"street":0,"children":2,"sequence":[{"player":0,"type":"F","amount":0,"street":0},{"player":1,"type":"R","amount":1265000,"street":0},{"player":2,"type":"C","amount":1265000,"street":0},{"player":3,"type":"R","amount":2985000,"street":0},{"player":4,"type":"C","amount":2935000,"street":0},{"player":5,"type":"C","amount":885000,"street":0}],"actions":[{"type":"F","amount":0},{"type":"C","amount":950000}],"hands":{"22":{"weight":0.548,"played":[2.0E-4,0.9998],"evs":[0.0,6.67276]},"32o":{"weight":0.0,"played":[0.002,0.998],"evs":[0.0,2.32568]},"42o":{"weight":0.0,"played":[0.0053,0.9947],"evs":[0.0,3.16458]},"52o":{"weight":0.0,"played":[0.0016,0.9984],"evs":[0.0,4.06571]},"62o":{"weight":0.0,"played":[0.0074,0.9926],"evs":[0.0,2.27941]},"72o":{"weight":0.0,"played":[0.0193,0.9807],"evs":[0.0,1.31487]},"82o":{"weight":0.0,"played":[2.0E-4,0.9998],"evs":[0.0,1.84198]},"92o":{"weight":0.0,"played":[0.0158,0.9842],"evs":[0.0,1.30128]},"T2o":{"weight":0.0,"played":[1.0E-4,0.9999],"evs":[0.0,2.90416]},"J2o":{"weight":0.0,"played":[7.0E-4,0.9993],"evs":[0.0,1.17964]},"Q2o":{"weight":0.0,"played":[0.0,1.0],"evs":[0.0,1.81282]},"K2o":{"weight":0.0,"played":[0.0019,0.9981],"evs":[0.0,1.85316]},"A2o":{"weight":0.0,"played":[1.0E-4,0.9999],"evs":[0.0,3.16624]},"32s":{"weight":0.0,"played":[0.0,1.0],"evs":[0.0,3.45393]},"33":{"weight":0.5497,"played":[3.0E-4,0.9997],"evs":[0.0,6.9821]},"43o":{"weight":0.0,"played":[0.0016,0.9984],"evs":[0.0,4.8501]},"53o":{"weight":0.0,"played":[2.0E-4,0.9998],"evs":[0.0,4.65654]},"63o":{"weight":0.0,"played":[0.0,1.0],"evs":[0.0,2.28049]},"73o":{"weight":0.0,"played":[0.0124,0.9876],"evs":[0.0,2.39467]},"83o":{"weight":0.0,"played":[0.0078,0.9922],"evs":[0.0,1.38124]},"93o":{"weight":0.0,"played":[7.0E-4,0.9993],"evs":[0.0,2.90088]},"T3o":{"weight":0.0,"played":[7.0E-4,0.9993],"evs":[0.0,1.88485]},"J3o":{"weight":0.0,"played":[0.0321,0.9679],"evs":[0.0,1.24411]},"Q3o":{"weight":0.0,"played":[0.0,1.0],"evs":[0.0,1.64193]},"K3o":{"weight":0.0,"played":[0.0,1.0],"evs":[0.0,1.49027]},"A3o":{"weight":0.0,"played":[1.0E-4,0.9999],"evs":[0.0,2.94154]},"42s":{"weight":0.0,"played":[0.0018,0.9982],"evs":[0.0,5.69153]},"43s":{"weight":0.0,"played":[8.0E-4,0.9992],"evs":[0.0,6.29441]},"44":{"weight":0.1258,"played":[0.0,1.0],"evs":[0.0,6.35065]},"54o":{"weight":0.0,"played":[5.0E-4,0.9995],"evs":[0.0,5.22814]},"64o":{"weight":0.0,"played":[3.0E-4,0.9997],"evs":[0.0,4.85414]},"74o":{"weight":0.0,"played":[1.0E-4,0.9999],"evs":[0.0,3.11908]},"84o":{"weight":0.0,"played":[0.0163,0.9837],"evs":[0.0,2.47705]},"94o":{"weight":0.0,"played":[0.0033,0.9967],"evs":[0.0,3.46558]},"T4o":{"weight":0.0,"played":[7.0E-4,0.9993],"evs":[0.0,1.66608]},"J4o":{"weight":0.0,"played":[0.002,0.998],"evs":[0.0,2.05613]},"Q4o":{"weight":0.0,"played":[0.0017,0.9983],"evs":[0.0,3.04611]},"K4o":{"weight":0.0,"played":[2.0E-4,0.9998],"evs":[0.0,2.52466]},"A4o":{"weight":0.0,"played":[0.0,1.0],"evs":[0.0,3.67406]},"52s":{"weight":0.0,"played":[2.0E-4,0.9998],"evs":[0.0,5.80427]},"53s":{"weight":0.0,"played":[1.0E-4,0.9999],"evs":[0.0,6.98284]},"54s":{"weight":0.0,"played":[0.0029,0.9971],"evs":[0.0,9.03987]},"55":{"weight":0.0945,"played":[0.0,1.0],"evs":[0.0,7.7586]},"65o":{"weight":0.0,"played":[0.0,1.0],"evs":[0.0,4.76982]},"75o":{"weight":0.0,"played":[1.0E-4,0.9999],"evs":[0.0,4.94822]},"85o":{"weight":0.0,"played":[3.0E-4,0.9997],"evs":[0.0,3.9729]},"95o":{"weight":0.0,"played":[0.0022,0.9978],"evs":[0.0,2.12232]},"T5o":{"weight":0.0,"played":[0.0115,0.9885],"evs":[0.0,2.11631]},"J5o":{"weight":0.0,"played":[0.0337,0.9663],"evs":[0.0,2.48605]},"Q5o":{"weight":0.0,"played":[6.0E-4,0.9994],"evs":[0.0,4.4214]},"K5o":{"weight":0.0,"played":[0.0011,0.9989],"evs":[0.0,3.44427]},"A5o":{"weight":0.0,"played":[4.0E-4,0.9996],"evs":[0.0,5.40951]},"62s":{"weight":0.0,"played":[0.0016,0.9984],"evs":[0.0,4.83093]},"63s":{"weight":0.0,"played":[0.0,1.0],"evs":[0.0,7.65984]},"64s":{"weight":0.0,"played":[0.0036,0.9964],"evs":[0.0,6.89975]},"65s":{"weight":0.0,"played":[2.0E-4,0.9998],"evs":[0.0,8.55367]},"66":{"weight":1.0E-4,"played":[0.0,1.0],"evs":[0.0,7.92893]},"76o":{"weight":0.0,"played":[1.0E-4,0.9999],"evs":[0.0,4.65797]},"86o":{"weight":0.0,"played":[0.0,1.0],"evs":[0.0,4.30916]},"96o":{"weight":0.0,"played":[1.0E-4,0.9999],"evs":[0.0,4.45545]},"T6o":{"weight":0.0,"played":[3.0E-4,0.9997],"evs":[0.0,2.79034]},"J6o":{"weight":0.0,"played":[0.0012,0.9988],"evs":[0.0,3.71585]},"Q6o":{"weight":0.0,"played":[2.0E-4,0.9998],"evs":[0.0,3.97298]},"K6o":{"weight":0.0,"played":[0.0,1.0],"evs":[0.0,3.2104]},"A6o":{"weight":0.0,"played":[0.0,1.0],"evs":[0.0,2.09954]},"72s":{"weight":0.0,"played":[1.0E-4,0.9999],"evs":[0.0,2.61985]},"73s":{"weight":0.0,"played":[7.0E-4,0.9993],"evs":[0.0,5.06929]},"74s":{"weight":0.0,"played":[5.0E-4,0.9995],"evs":[0.0,8.85871]},"75s":{"weight":0.0,"played":[0.0018,0.9982],"evs":[0.0,5.15017]},"76s":{"weight":0.0,"played":[2.0E-4,0.9998],"evs":[0.0,8.17353]},"77":{"weight":0.1007,"played":[0.0,1.0],"evs":[0.0,9.45197]},"87o":{"weight":0.0,"played":[0.0,1.0],"evs":[0.0,4.30703]},"97o":{"weight":0.0,"played":[0.0019,0.9981],"evs":[0.0,4.81253]},"T7o":{"weight":0.0,"played":[0.0022,0.9978],"evs":[0.0,2.6361]},"J7o":{"weight":0.0,"played":[0.0017,0.9983],"evs":[0.0,3.32131]},"Q7o":{"weight":0.0,"played":[8.0E-4,0.9992],"evs":[0.0,2.80153]},"K7o":{"weight":0.0,"played":[1.0E-4,0.9999],"evs":[0.0,3.01793]},"A7o":{"weight":0.0,"played":[2.0E-4,0.9998],"evs":[0.0,1.33584]},"82s":{"weight":0.0,"played":[0.0118,0.9882],"evs":[0.0,3.81179]},"83s":{"weight":0.0,"played":[0.0037,0.9963],"evs":[0.0,2.75814]},"84s":{"weight":0.0,"played":[0.0021,0.9979],"evs":[0.0,6.17189]},"85s":{"weight":0.0,"played":[0.0034,0.9966],"evs":[0.0,5.40815]},"86s":{"weight":0.0,"played":[0.0,1.0],"evs":[0.0,6.46258]},"87s":{"weight":0.0,"played":[2.0E-4,0.9998],"evs":[0.0,6.15241]},"88":{"weight":0.4815,"played":[0.0,1.0],"evs":[0.0,11.53764]},"98o":{"weight":0.0,"played":[0.0,1.0],"evs":[0.0,5.8243]},"T8o":{"weight":0.0,"played":[0.0,1.0],"evs":[0.0,4.46707]},"J8o":{"weight":0.0,"played":[9.0E-4,0.9991],"evs":[0.0,5.03279]},"Q8o":{"weight":0.0,"played":[0.0,1.0],"evs":[0.0,4.60755]},"K8o":{"weight":0.0,"played":[3.0E-4,0.9997],"evs":[0.0,3.37078]},"A8o":{"weight":0.0,"played":[0.0,1.0],"evs":[0.0,2.9125]},"92s":{"weight":0.0,"played":[0.0023,0.9977],"evs":[0.0,3.40379]},"93s":{"weight":0.0,"played":[6.0E-4,0.9994],"evs":[0.0,5.59471]},"94s":{"weight":0.0,"played":[0.0034,0.9966],"evs":[0.0,7.2545]},"95s":{"weight":0.0,"played":[0.0333,0.9667],"evs":[0.0,4.57484]},"96s":{"weight":0.0,"played":[5.0E-4,0.9995],"evs":[0.0,6.29291]},"97s":{"weight":0.0,"played":[0.0,1.0],"evs":[0.0,7.87178]},"98s":{"weight":0.0,"played":[5.0E-4,0.9995],"evs":[0.0,8.3326]},"99":{"weight":0.5122,"played":[0.0,1.0],"evs":[0.0,12.92521]},"T9o":{"weight":0.0,"played":[1.0E-4,0.9999],"evs":[0.0,6.36012]},"J9o":{"weight":0.0,"played":[0.0,1.0],"evs":[0.0,5.1075]},"Q9o":{"weight":0.0,"played":[0.0,1.0],"evs":[0.0,4.47691]},"K9o":{"weight":0.0,"played":[0.0,1.0],"evs":[0.0,4.75847]},"A9o":{"weight":0.1795,"played":[2.0E-4,0.9998],"evs":[0.0,4.2927]},"T2s":{"weight":0.0,"played":[0.0136,0.9864],"evs":[0.0,7.12286]},"T3s":{"weight":0.0,"played":[1.0E-4,0.9999],"evs":[0.0,4.95482]},"T4s":{"weight":0.0,"played":[2.0E-4,0.9998],"evs":[0.0,3.07152]},"T5s":{"weight":0.0,"played":[0.0048,0.9952],"evs":[0.0,7.27758]},"T6s":{"weight":0.0,"played":[0.0286,0.9714],"evs":[0.0,4.66052]},"T7s":{"weight":0.0,"played":[1.0E-4,0.9999],"evs":[0.0,5.03642]},"T8s":{"weight":0.0,"played":[4.0E-4,0.9996],"evs":[0.0,8.92694]},"T9s":{"weight":0.3063,"played":[1.0E-4,0.9999],"evs":[0.0,8.54609]},"TT":{"weight":0.5663,"played":[0.0,1.0],"evs":[0.0,14.84399]},"JTo":{"weight":0.0,"played":[1.0E-4,0.9999],"evs":[0.0,6.39037]},"QTo":{"weight":0.0,"played":[0.0,1.0],"evs":[0.0,6.60441]},"KTo":{"weight":0.0,"played":[0.0,1.0],"evs":[0.0,6.47376]},"ATo":{"weight":0.0049,"played":[1.0E-4,0.9999],"evs":[0.0,6.85773]},"J2s":{"weight":0.0,"played":[1.0E-4,0.9999],"evs":[0.0,3.53213]},"J3s":{"weight":0.0,"played":[4.0E-4,0.9996],"evs":[0.0,4.33067]},"J4s":{"weight":0.0,"played":[0.0,1.0],"evs":[0.0,6.14314]},"J5s":{"weight":0.0,"played":[0.0026,0.9974],"evs":[0.0,4.42236]},"J6s":{"weight":0.0,"played":[0.0,1.0],"evs":[0.0,4.19943]},"J7s":{"weight":0.0,"played":[0.002,0.998],"evs":[0.0,5.76479]},"J8s":{"weight":0.0,"played":[0.0,1.0],"evs":[0.0,5.45308]},"J9s":{"weight":1.0E-4,"played":[1.0E-4,0.9999],"evs":[0.0,9.93464]},"JTs":{"weight":0.1901,"played":[0.0,1.0],"evs":[0.0,8.93937]},"JJ":{"weight":0.5101,"played":[0.0,1.0],"evs":[0.0,17.41478]},"QJo":{"weight":0.0,"played":[0.0,1.0],"evs":[0.0,7.20038]},"KJo":{"weight":0.0062,"played":[0.0,1.0],"evs":[0.0,5.93454]},"AJo":{"weight":0.478,"played":[0.0,1.0],"evs":[0.0,6.98451]},"Q2s":{"weight":0.0,"played":[1.0E-4,0.9999],"evs":[0.0,5.97081]},"Q3s":{"weight":0.0,"played":[1.0E-4,0.9999],"evs":[0.0,3.14241]},"Q4s":{"weight":0.0,"played":[0.0025,0.9975],"evs":[0.0,4.58249]},"Q5s":{"weight":0.0,"played":[3.0E-4,0.9997],"evs":[0.0,7.77589]},"Q6s":{"weight":0.0,"played":[0.0,1.0],"evs":[0.0,5.41778]},"Q7s":{"weight":0.0,"played":[4.0E-4,0.9996],"evs":[0.0,5.76139]},"Q8s":{"weight":0.0,"played":[0.0312,0.9688],"evs":[0.0,5.68357]},"Q9s":{"weight":0.0,"played":[0.0,1.0],"evs":[0.0,5.43572]},"QTs":{"weight":0.3303,"played":[0.0,1.0],"evs":[0.0,7.8683]},"QJs":{"weight":0.5999,"played":[0.0,1.0],"evs":[0.0,10.16283]},"QQ":{"weight":0.2902,"played":[0.0,1.0],"evs":[0.0,20.80503]},"KQo":{"weight":0.5015,"played":[0.0,1.0],"evs":[0.0,7.86969]},"AQo":{"weight":0.1169,"played":[0.0,1.0],"evs":[0.0,10.477]},"K2s":{"weight":0.0,"played":[0.0125,0.9875],"evs":[0.0,5.5783]},"K3s":{"weight":0.0,"played":[0.0,1.0],"evs":[0.0,5.20877]},"K4s":{"weight":0.0,"played":[4.0E-4,0.9996],"evs":[0.0,4.28461]},"K5s":{"weight":0.0,"played":[0.001,0.999],"evs":[0.0,7.86659]},"K6s":{"weight":0.0,"played":[3.0E-4,0.9997],"evs":[0.0,4.97201]},"K7s":{"weight":0.0,"played":[1.0E-4,0.9999],"evs":[0.0,4.06674]},"K8s":{"weight":0.0,"played":[0.0611,0.9389],"evs":[0.0,8.51284]},"K9s":{"weight":0.001,"played":[0.0093,0.9907],"evs":[0.0,8.5924]},"KTs":{"weight":0.1091,"played":[2.0E-4,0.9998],"evs":[0.0,12.55623]},"KJs":{"weight":0.1553,"played":[1.0E-4,0.9999],"evs":[0.0,8.17387]},"KQs":{"weight":0.2668,"played":[1.0E-4,0.9999],"evs":[0.0,9.3526]},"KK":{"weight":0.1668,"played":[0.0,1.0],"evs":[0.0,28.7607]},"AKo":{"weight":0.4224,"played":[0.0,1.0],"evs":[0.0,11.82821]},"A2s":{"weight":0.0,"played":[0.001,0.999],"evs":[0.0,7.60116]},"A3s":{"weight":1.0E-4,"played":[0.0,1.0],"evs":[0.0,6.53033]},"A4s":{"weight":0.0023,"played":[0.0018,0.9982],"evs":[0.0,6.99771]},"A5s":{"weight":0.2554,"played":[1.0E-4,0.9999],"evs":[0.0,5.52172]},"A6s":{"weight":0.2752,"played":[0.0013,0.9987],"evs":[0.0,7.79835]},"A7s":{"weight":0.0041,"played":[1.0E-4,0.9999],"evs":[0.0,7.15837]},"A8s":{"weight":0.043,"played":[0.0033,0.9967],"evs":[0.0,5.37606]},"A9s":{"weight":0.2334,"played":[2.0E-4,0.9998],"evs":[0.0,7.82264]},"ATs":{"weight":0.0145,"played":[0.0,1.0],"evs":[0.0,7.94734]},"AJs":{"weight":0.5406,"played":[1.0E-4,0.9999],"evs":[0.0,11.3462]},"AQs":{"weight":0.117,"played":[0.0,1.0],"evs":[0.0,11.62419]},"AKs":{"weight":0.1513,"played":[1.0E-4,0.9999],"evs":[0.0,15.94666]},"AA":{"weight":0.1659,"played":[0.0,1.0],"evs":[0.0,38.88804]}}}