{"player":3,"street":0,"children":2,"sequence":[{"player":0,"type":"F","amount":0,"street":0},{"player":1,"type":"R","amount":1265000,"street":0},{"player":2,"type":"R","amount":2215000,"street":0}],"actions":[{"type":"F","amount":0,"node":293},{"type":"R","amount":2985000,"node":296}],"hands":{"22":{"weight":1.0,"played":[1.0,0.0],"evs":[0.0,-1.64911]},"32o":{"weight":1.0,"played":[1.0,0.0],"evs":[0.0,-6.93836]},"42o":{"weight":1.0,"played":[1.0,0.0],"evs":[0.0,-6.45287]},"52o":{"weight":1.0,"played":[1.0,0.0],"evs":[0.0,-6.01147]},"62o":{"weight":1.0,"played":[1.0,0.0],"evs":[0.0,-6.45181]},"72o":{"weight":1.0,"played":[1.0,0.0],"evs":[0.0,-6.98491]},"82o":{"weight":1.0,"played":[1.0,0.0],"evs":[0.0,-6.51573]},"92o":{"weight":1.0,"played":[1.0,0.0],"evs":[0.0,-6.63538]},"T2o":{"weight":1.0,"played":[1.0,0.0],"evs":[0.0,-6.48208]},"J2o":{"weight":1.0,"played":[1.0,0.0],"evs":[0.0,-5.99463]},"Q2o":{"weight":1.0,"played":[1.0,0.0],"evs":[0.0,-5.8368]},"K2o":{"weight":1.0,"played":[1.0,0.0],"evs":[0.0,-5.1955]},"A2o":{"weight":1.0,"played":[1.0,0.0],"evs":[0.0,-5.40316]},"32s":{"weight":1.0,"played":[1.0,0.0],"evs":[0.0,-4.67265]},"33":{"weight":1.0,"played":[0.9995,5.0E-4],"evs":[0.0,-0.66358]},"43o":{"weight":1.0,"played":[1.0,0.0],"evs":[0.0,-5.50681]},"53o":{"weight":1.0,"played":[1.0,0.0],"evs":[0.0,-5.06946]},"63o":{"weight":1.0,"played":[1.0,0.0],"evs":[0.0,-5.48644]},"73o":{"weight":1.0,"played":[1.0,0.0],"evs":[0.0,-5.99958]},"83o":{"weight":1.0,"played":[1.0,0.0],"evs":[0.0,-6.4373]},"93o":{"weight":1.0,"played":[1.0,0.0],"evs":[0.0,-6.28076]},"T3o":{"weight":1.0,"played":[1.0,0.0],"evs":[0.0,-6.21199]},"J3o":{"weight":1.0,"played":[1.0,0.0],"evs":[0.0,-5.76095]},"Q3o":{"weight":1.0,"played":[1.0,0.0],"evs":[0.0,-5.50207]},"K3o":{"weight":1.0,"played":[1.0,0.0],"evs":[0.0,-4.9487]},"A3o":{"weight":1.0,"played":[1.0,0.0],"evs":[0.0,-5.2626]},"42s":{"weight":1.0,"played":[1.0,0.0],"evs":[0.0,-4.34768]},"43s":{"weight":1.0,"played":[1.0,0.0],"evs":[0.0,-3.42573]},"44":{"weight":1.0,"played":[9.0E-4,0.9991],"evs":[0.0,0.27288]},"54o":{"weight":1.0,"played":[1.0,0.0],"evs":[0.0,-4.05997]},"64o":{"weight":1.0,"played":[1.0,0.0],"evs":[0.0,-4.47606]},"74o":{"weight":1.0,"played":[1.0,0.0],"evs":[0.0,-5.08012]},"84o":{"weight":1.0,"played":[1.0,0.0],"evs":[0.0,-5.44643]},"94o":{"weight":1.0,"played":[1.0,0.0],"evs":[0.0,-6.00881]},"T4o":{"weight":1.0,"played":[1.0,0.0],"evs":[0.0,-5.92011]},"J4o":{"weight":1.0,"played":[1.0,0.0],"evs":[0.0,-5.30253]},"Q4o":{"weight":1.0,"played":[1.0,0.0],"evs":[0.0,-5.18769]},"K4o":{"weight":1.0,"played":[1.0,0.0],"evs":[0.0,-4.56168]},"A4o":{"weight":1.0,"played":[1.0,0.0],"evs":[0.0,-4.68759]},"52s":{"weight":1.0,"played":[1.0,0.0],"evs":[0.0,-3.93573]},"53s":{"weight":1.0,"played":[1.0,0.0],"evs":[0.0,-3.01812]},"54s":{"weight":1.0,"played":[1.0,0.0],"evs":[0.0,-2.02416]},"55":{"weight":1.0,"played":[0.0,1.0],"evs":[0.0,1.62228]},"65o":{"weight":1.0,"played":[1.0,0.0],"evs":[0.0,-3.34263]},"75o":{"weight":1.0,"played":[1.0,0.0],"evs":[0.0,-3.96003]},"85o":{"weight":1.0,"played":[1.0,0.0],"evs":[0.0,-4.30174]},"95o":{"weight":1.0,"played":[1.0,0.0],"evs":[0.0,-5.0709]},"T5o":{"weight":1.0,"played":[1.0,0.0],"evs":[0.0,-5.67305]},"J5o":{"weight":1.0,"played":[1.0,0.0],"evs":[0.0,-5.08681]},"Q5o":{"weight":1.0,"played":[1.0,0.0],"evs":[0.0,-4.79748]},"K5o":{"weight":1.0,"played":[1.0,0.0],"evs":[0.0,-4.25502]},"A5o":{"weight":1.0,"played":[1.0,0.0],"evs":[0.0,-4.20226]},"62s":{"weight":1.0,"played":[1.0,0.0],"evs":[0.0,-4.23966]},"63s":{"weight":1.0,"played":[1.0,0.0],"evs":[0.0,-3.33981]},"64s":{"weight":1.0,"played":[1.0,0.0],"evs":[0.0,-2.28006]},"65s":{"weight":1.0,"played":[0.9999,1.0E-4],"evs":[0.0,-1.63471]},"66":{"weight":1.0,"played":[0.0,1.0],"evs":[0.0,3.09406]},"76o":{"weight":1.0,"played":[1.0,0.0],"evs":[0.0,-2.99222]},"86o":{"weight":1.0,"played":[1.0,0.0],"evs":[0.0,-3.35986]},"96o":{"weight":1.0,"played":[1.0,0.0],"evs":[0.0,-4.09975]},"T6o":{"weight":1.0,"played":[1.0,0.0],"evs":[0.0,-4.6253]},"J6o":{"weight":1.0,"played":[1.0,0.0],"evs":[0.0,-4.8121]},"Q6o":{"weight":1.0,"played":[1.0,0.0],"evs":[0.0,-4.38101]},"K6o":{"weight":1.0,"played":[1.0,0.0],"evs":[0.0,-3.81687]},"A6o":{"weight":1.0,"played":[1.0,0.0],"evs":[0.0,-4.54119]},"72s":{"weight":1.0,"played":[1.0,0.0],"evs":[0.0,-4.7935]},"73s":{"weight":1.0,"played":[1.0,0.0],"evs":[0.0,-3.63545]},"74s":{"weight":1.0,"played":[1.0,0.0],"evs":[0.0,-2.91276]},"75s":{"weight":1.0,"played":[1.0,0.0],"evs":[0.0,-1.99273]},"76s":{"weight":1.0,"played":[0.9978,0.0022],"evs":[0.0,-1.18208]},"77":{"weight":1.0,"played":[0.0,1.0],"evs":[0.0,4.47628]},"87o":{"weight":1.0,"played":[1.0,0.0],"evs":[0.0,-2.80414]},"97o":{"weight":1.0,"played":[1.0,0.0],"evs":[0.0,-3.25931]},"T7o":{"weight":1.0,"played":[1.0,0.0],"evs":[0.0,-3.72332]},"J7o":{"weight":1.0,"played":[1.0,0.0],"evs":[0.0,-4.02085]},"Q7o":{"weight":1.0,"played":[1.0,0.0],"evs":[0.0,-4.47744]},"K7o":{"weight":1.0,"played":[1.0,0.0],"evs":[0.0,-3.63649]},"A7o":{"weight":1.0,"played":[1.0,0.0],"evs":[0.0,-3.88795]},"82s":{"weight":1.0,"played":[1.0,0.0],"evs":[0.0,-4.25227]},"83s":{"weight":1.0,"played":[1.0,0.0],"evs":[0.0,-4.3151]},"84s":{"weight":1.0,"played":[1.0,0.0],"evs":[0.0,-3.40579]},"85s":{"weight":1.0,"played":[0.9999,1.0E-4],"evs":[0.0,-2.33995]},"86s":{"weight":1.0,"played":[1.0,0.0],"evs":[0.0,-1.35142]},"87s":{"weight":1.0,"played":[0.998,0.002],"evs":[0.0,-0.6768]},"88":{"weight":1.0,"played":[0.0,1.0],"evs":[0.0,5.76114]},"98o":{"weight":1.0,"played":[1.0,0.0],"evs":[0.0,-2.47288]},"T8o":{"weight":1.0,"played":[1.0,0.0],"evs":[0.0,-2.84692]},"J8o":{"weight":1.0,"played":[1.0,0.0],"evs":[0.0,-3.11865]},"Q8o":{"weight":1.0,"played":[1.0,0.0],"evs":[0.0,-3.43773]},"K8o":{"weight":1.0,"played":[1.0,0.0],"evs":[0.0,-3.45158]},"A8o":{"weight":1.0,"played":[1.0,0.0],"evs":[0.0,-3.17199]},"92s":{"weight":1.0,"played":[1.0,0.0],"evs":[0.0,-4.35245]},"93s":{"weight":1.0,"played":[1.0,0.0],"evs":[0.0,-4.00565]},"94s":{"weight":1.0,"played":[1.0,0.0],"evs":[0.0,-3.84817]},"95s":{"weight":1.0,"played":[1.0,0.0],"evs":[0.0,-3.01956]},"96s":{"weight":1.0,"played":[1.0,0.0],"evs":[0.0,-1.91366]},"97s":{"weight":1.0,"played":[1.0,0.0],"evs":[0.0,-1.31389]},"98s":{"weight":1.0,"played":[0.9964,0.0036],"evs":[0.0,-0.60087]},"99":{"weight":1.0,"played":[0.0,1.0],"evs":[0.0,7.20757]},"T9o":{"weight":1.0,"played":[1.0,0.0],"evs":[0.0,-2.33382]},"J9o":{"weight":1.0,"played":[1.0,0.0],"evs":[0.0,-2.55168]},"Q9o":{"weight":1.0,"played":[1.0,0.0],"evs":[0.0,-2.92888]},"K9o":{"weight":1.0,"played":[1.0,0.0],"evs":[0.0,-2.95538]},"A9o":{"weight":1.0,"played":[1.0,0.0],"evs":[0.0,-2.22866]},"T2s":{"weight":1.0,"played":[1.0,0.0],"evs":[0.0,-4.28393]},"T3s":{"weight":1.0,"played":[1.0,0.0],"evs":[0.0,-3.80449]},"T4s":{"weight":1.0,"played":[1.0,0.0],"evs":[0.0,-3.73052]},"T5s":{"weight":1.0,"played":[1.0,0.0],"evs":[0.0,-3.36185]},"T6s":{"weight":1.0,"played":[1.0,0.0],"evs":[0.0,-2.37328]},"T7s":{"weight":1.0,"played":[0.9999,1.0E-4],"evs":[0.0,-1.71782]},"T8s":{"weight":1.0,"played":[0.9979,0.0021],"evs":[0.0,-0.64836]},"T9s":{"weight":1.0,"played":[0.89,0.11],"evs":[0.0,-0.38879]},"TT":{"weight":1.0,"played":[0.0,1.0],"evs":[0.0,9.53849]},"JTo":{"weight":1.0,"played":[1.0,0.0],"evs":[0.0,-1.59956]},"QTo":{"weight":1.0,"played":[1.0,0.0],"evs":[0.0,-1.67679]},"KTo":{"weight":1.0,"played":[1.0,0.0],"evs":[0.0,-1.66194]},"ATo":{"weight":1.0,"played":[0.2828,0.7172],"evs":[0.0,0.06379]},"J2s":{"weight":1.0,"played":[1.0,0.0],"evs":[0.0,-3.66589]},"J3s":{"weight":1.0,"played":[1.0,0.0],"evs":[0.0,-3.60242]},"J4s":{"weight":1.0,"played":[1.0,0.0],"evs":[0.0,-3.1387]},"J5s":{"weight":1.0,"played":[1.0,0.0],"evs":[0.0,-2.75959]},"J6s":{"weight":1.0,"played":[1.0,0.0],"evs":[0.0,-2.66264]},"J7s":{"weight":1.0,"played":[1.0,0.0],"evs":[0.0,-2.05222]},"J8s":{"weight":1.0,"played":[1.0,0.0],"evs":[0.0,-0.99221]},"J9s":{"weight":1.0,"played":[0.9997,3.0E-4],"evs":[0.0,-0.61005]},"JTs":{"weight":1.0,"played":[1.0E-4,0.9999],"evs":[0.0,0.4982]},"JJ":{"weight":1.0,"played":[0.0,1.0],"evs":[0.0,11.82866]},"QJo":{"weight":1.0,"played":[0.9999,1.0E-4],"evs":[0.0,-1.04145]},"KJo":{"weight":1.0,"played":[1.0,0.0],"evs":[0.0,-0.81325]},"AJo":{"weight":1.0,"played":[0.0,1.0],"evs":[0.0,2.11233]},"Q2s":{"weight":1.0,"played":[1.0,0.0],"evs":[0.0,-3.621]},"Q3s":{"weight":1.0,"played":[1.0,0.0],"evs":[0.0,-3.33818]},"Q4s":{"weight":1.0,"played":[1.0,0.0],"evs":[0.0,-2.94429]},"Q5s":{"weight":1.0,"played":[1.0,0.0],"evs":[0.0,-2.59528]},"Q6s":{"weight":1.0,"played":[0.9999,1.0E-4],"evs":[0.0,-2.10548]},"Q7s":{"weight":1.0,"played":[1.0,0.0],"evs":[0.0,-2.30165]},"Q8s":{"weight":1.0,"played":[0.9995,5.0E-4],"evs":[0.0,-1.24533]},"Q9s":{"weight":1.0,"played":[0.9997,3.0E-4],"evs":[0.0,-0.97292]},"QTs":{"weight":1.0,"played":[0.0154,0.9846],"evs":[0.0,0.31209]},"QJs":{"weight":1.0,"played":[0.0018,0.9982],"evs":[0.0,0.88684]},"QQ":{"weight":1.0,"played":[0.0,1.0],"evs":[0.0,15.16325]},"KQo":{"weight":1.0,"played":[0.0,1.0],"evs":[0.0,0.09195]},"AQo":{"weight":1.0,"played":[0.0,1.0],"evs":[0.0,4.19066]},"K2s":{"weight":1.0,"played":[1.0,0.0],"evs":[0.0,-3.01317]},"K3s":{"weight":1.0,"played":[1.0,0.0],"evs":[0.0,-2.79615]},"K4s":{"weight":1.0,"played":[1.0,0.0],"evs":[0.0,-2.46706]},"K5s":{"weight":1.0,"played":[1.0,0.0],"evs":[0.0,-1.98005]},"K6s":{"weight":1.0,"played":[1.0,0.0],"evs":[0.0,-1.65313]},"K7s":{"weight":1.0,"played":[1.0,0.0],"evs":[0.0,-1.58247]},"K8s":{"weight":1.0,"played":[1.0,0.0],"evs":[0.0,-1.35962]},"K9s":{"weight":1.0,"played":[0.9998,2.0E-4],"evs":[0.0,-0.79552]},"KTs":{"weight":1.0,"played":[0.023,0.977],"evs":[0.0,0.30607]},"KJs":{"weight":1.0,"played":[0.0,1.0],"evs":[0.0,1.25305]},"KQs":{"weight":1.0,"played":[0.0,1.0],"evs":[0.0,2.08973]},"KK":{"weight":1.0,"played":[0.0,1.0],"evs":[0.0,18.76176]},"AKo":{"weight":1.0,"played":[0.0,1.0],"evs":[0.0,6.73511]},"A2s":{"weight":1.0,"played":[1.0,0.0],"evs":[0.0,-3.15908]},"A3s":{"weight":1.0,"played":[0.9999,1.0E-4],"evs":[0.0,-2.62331]},"A4s":{"weight":1.0,"played":[1.0,0.0],"evs":[0.0,-2.40586]},"A5s":{"weight":1.0,"played":[1.0,0.0],"evs":[0.0,-1.92657]},"A6s":{"weight":1.0,"played":[1.0,0.0],"evs":[0.0,-2.17503]},"A7s":{"weight":1.0,"played":[0.9998,2.0E-4],"evs":[0.0,-1.54782]},"A8s":{"weight":1.0,"played":[0.9997,3.0E-4],"evs":[0.0,-0.98092]},"A9s":{"weight":1.0,"played":[0.0125,0.9875],"evs":[0.0,0.10168]},"ATs":{"weight":1.0,"played":[0.0,1.0],"evs":[0.0,2.24534]},"AJs":{"weight":1.0,"played":[0.0,1.0],"evs":[0.0,3.91599]},"AQs":{"weight":1.0,"played":[0.0,1.0],"evs":[0.0,5.9436]},"AKs":{"weight":1.0,"played":[0.0,1.0],"evs":[0.0,8.17068]},"AA":{"weight":1.0,"played":[0.0,1.0],"evs":[0.0,25.33708]}}}