{"player":2,"street":0,"children":3,"sequence":[{"player":0,"type":"R","amount":955000,"street":0},{"player":1,"type":"F","amount":0,"street":0}],"actions":[{"type":"F","amount":0,"node":301},{"type":"C","amount":955000,"node":319},{"type":"R","amount":2215000,"node":348}],"hands":{"22":{"weight":1.0,"played":[1.0,0.0,0.0],"evs":[0.0,-0.7153,-0.71267]},"32o":{"weight":1.0,"played":[1.0,0.0,0.0],"evs":[0.0,-3.36519,-3.5987]},"42o":{"weight":1.0,"played":[1.0,0.0,0.0],"evs":[0.0,-3.22306,-3.42949]},"52o":{"weight":1.0,"played":[1.0,0.0,0.0],"evs":[0.0,-3.08308,-3.25982]},"62o":{"weight":1.0,"played":[1.0,0.0,0.0],"evs":[0.0,-3.21525,-3.46]},"72o":{"weight":1.0,"played":[1.0,0.0,0.0],"evs":[0.0,-3.34853,-3.65082]},"82o":{"weight":1.0,"played":[1.0,0.0,0.0],"evs":[0.0,-3.28113,-3.51153]},"92o":{"weight":1.0,"played":[1.0,0.0,0.0],"evs":[0.0,-3.22154,-3.42907]},"T2o":{"weight":1.0,"played":[1.0,0.0,0.0],"evs":[0.0,-3.13227,-3.27097]},"J2o":{"weight":1.0,"played":[1.0,0.0,0.0],"evs":[0.0,-3.07726,-3.20348]},"Q2o":{"weight":1.0,"played":[1.0,0.0,0.0],"evs":[0.0,-2.83468,-2.94611]},"K2o":{"weight":1.0,"played":[1.0,0.0,0.0],"evs":[0.0,-2.66831,-2.71979]},"A2o":{"weight":1.0,"played":[1.0,0.0,0.0],"evs":[0.0,-1.7174,-1.76311]},"32s":{"weight":1.0,"played":[1.0,0.0,0.0],"evs":[0.0,-2.66271,-2.66154]},"33":{"weight":1.0,"played":[1.0,0.0,0.0],"evs":[0.0,-0.4306,-0.431]},"43o":{"weight":1.0,"played":[1.0,0.0,0.0],"evs":[0.0,-2.94852,-3.05408]},"53o":{"weight":1.0,"played":[1.0,0.0,0.0],"evs":[0.0,-2.80765,-2.88481]},"63o":{"weight":1.0,"played":[1.0,0.0,0.0],"evs":[0.0,-2.94439,-3.09168]},"73o":{"weight":1.0,"played":[1.0,0.0,0.0],"evs":[0.0,-3.07639,-3.27378]},"83o":{"weight":1.0,"played":[1.0,0.0,0.0],"evs":[0.0,-3.28817,-3.52378]},"93o":{"weight":1.0,"played":[1.0,0.0,0.0],"evs":[0.0,-3.16034,-3.33201]},"T3o":{"weight":1.0,"played":[1.0,0.0,0.0],"evs":[0.0,-3.06657,-3.17987]},"J3o":{"weight":1.0,"played":[1.0,0.0,0.0],"evs":[0.0,-3.00906,-3.11247]},"Q3o":{"weight":1.0,"played":[1.0,0.0,0.0],"evs":[0.0,-2.76241,-2.85892]},"K3o":{"weight":1.0,"played":[1.0,0.0,0.0],"evs":[0.0,-2.59903,-2.61524]},"A3o":{"weight":1.0,"played":[1.0,0.0,0.0],"evs":[0.0,-1.63666,-1.65607]},"42s":{"weight":1.0,"played":[1.0,0.0,0.0],"evs":[0.0,-2.50958,-2.50962]},"43s":{"weight":1.0,"played":[1.0,0.0,0.0],"evs":[0.0,-2.15395,-2.16028]},"44":{"weight":1.0,"played":[0.2503,0.2313,0.5184],"evs":[0.0,0.00691,0.00466]},"54o":{"weight":1.0,"played":[1.0,0.0,0.0],"evs":[0.0,-2.47161,-2.47706]},"64o":{"weight":1.0,"played":[1.0,0.0,0.0],"evs":[0.0,-2.6216,-2.67651]},"74o":{"weight":1.0,"played":[1.0,0.0,0.0],"evs":[0.0,-2.75685,-2.84826]},"84o":{"weight":1.0,"played":[1.0,0.0,0.0],"evs":[0.0,-2.93626,-3.07418]},"94o":{"weight":1.0,"played":[1.0,0.0,0.0],"evs":[0.0,-3.0752,-3.23974]},"T4o":{"weight":1.0,"played":[1.0,0.0,0.0],"evs":[0.0,-2.93121,-3.02612]},"J4o":{"weight":1.0,"played":[1.0,0.0,0.0],"evs":[0.0,-2.865,-2.94037]},"Q4o":{"weight":1.0,"played":[1.0,0.0,0.0],"evs":[0.0,-2.64091,-2.70636]},"K4o":{"weight":1.0,"played":[1.0,0.0,0.0],"evs":[0.0,-2.45403,-2.46919]},"A4o":{"weight":1.0,"played":[1.0,0.0,0.0],"evs":[0.0,-1.50048,-1.49728]},"52s":{"weight":1.0,"played":[1.0,0.0,0.0],"evs":[0.0,-2.33556,-2.34066]},"53s":{"weight":1.0,"played":[1.0,0.0,0.0],"evs":[0.0,-1.96615,-1.97283]},"54s":{"weight":1.0,"played":[1.0,0.0,0.0],"evs":[0.0,-1.55784,-1.5666]},"55":{"weight":1.0,"played":[0.0,0.1347,0.8653],"evs":[0.0,0.436,0.43616]},"65o":{"weight":1.0,"played":[1.0,0.0,0.0],"evs":[0.0,-2.27232,-2.27299]},"75o":{"weight":1.0,"played":[1.0,0.0,0.0],"evs":[0.0,-2.43242,-2.4387]},"85o":{"weight":1.0,"played":[1.0,0.0,0.0],"evs":[0.0,-2.61213,-2.65709]},"95o":{"weight":1.0,"played":[1.0,0.0,0.0],"evs":[0.0,-2.75206,-2.82494]},"T5o":{"weight":1.0,"played":[1.0,0.0,0.0],"evs":[0.0,-2.86174,-2.95358]},"J5o":{"weight":1.0,"played":[1.0,0.0,0.0],"evs":[0.0,-2.73993,-2.79149]},"Q5o":{"weight":1.0,"played":[1.0,0.0,0.0],"evs":[0.0,-2.49743,-2.53825]},"K5o":{"weight":1.0,"played":[1.0,0.0,0.0],"evs":[0.0,-2.27438,-2.28907]},"A5o":{"weight":1.0,"played":[1.0,0.0,0.0],"evs":[0.0,-1.31137,-1.30347]},"62s":{"weight":1.0,"played":[1.0,0.0,0.0],"evs":[0.0,-2.50733,-2.50273]},"63s":{"weight":1.0,"played":[1.0,0.0,0.0],"evs":[0.0,-2.15851,-2.15992]},"64s":{"weight":1.0,"played":[1.0,0.0,0.0],"evs":[0.0,-1.77356,-1.77563]},"65s":{"weight":1.0,"played":[1.0,0.0,0.0],"evs":[0.0,-1.40566,-1.40901]},"66":{"weight":1.0,"played":[0.0,0.2139,0.7861],"evs":[0.0,0.90269,0.90546]},"76o":{"weight":1.0,"played":[1.0,0.0,0.0],"evs":[0.0,-2.05717,-2.06068]},"86o":{"weight":1.0,"played":[1.0,0.0,0.0],"evs":[0.0,-2.24795,-2.25334]},"96o":{"weight":1.0,"played":[1.0,0.0,0.0],"evs":[0.0,-2.41709,-2.42484]},"T6o":{"weight":1.0,"played":[1.0,0.0,0.0],"evs":[0.0,-2.52311,-2.53584]},"J6o":{"weight":1.0,"played":[1.0,0.0,0.0],"evs":[0.0,-2.65262,-2.71744]},"Q6o":{"weight":1.0,"played":[1.0,0.0,0.0],"evs":[0.0,-2.36291,-2.40152]},"K6o":{"weight":1.0,"played":[1.0,0.0,0.0],"evs":[0.0,-2.15106,-2.16225]},"A6o":{"weight":1.0,"played":[1.0,0.0,0.0],"evs":[0.0,-1.38071,-1.43012]},"72s":{"weight":1.0,"played":[1.0,0.0,0.0],"evs":[0.0,-2.63905,-2.6813]},"73s":{"weight":1.0,"played":[1.0,0.0,0.0],"evs":[0.0,-2.34481,-2.34695]},"74s":{"weight":1.0,"played":[1.0,0.0,0.0],"evs":[0.0,-1.96855,-1.97263]},"75s":{"weight":1.0,"played":[1.0,0.0,0.0],"evs":[0.0,-1.54465,-1.54936]},"76s":{"weight":1.0,"played":[1.0,0.0,0.0],"evs":[0.0,-1.20074,-1.20273]},"77":{"weight":1.0,"played":[0.0,0.3648,0.6352],"evs":[0.0,1.4488,1.44825]},"87o":{"weight":1.0,"played":[1.0,0.0,0.0],"evs":[0.0,-1.91878,-1.92211]},"97o":{"weight":1.0,"played":[1.0,0.0,0.0],"evs":[0.0,-2.05211,-2.06245]},"T7o":{"weight":1.0,"played":[1.0,0.0,0.0],"evs":[0.0,-2.16368,-2.16954]},"J7o":{"weight":1.0,"played":[1.0,0.0,0.0],"evs":[0.0,-2.31908,-2.32863]},"Q7o":{"weight":1.0,"played":[1.0,0.0,0.0],"evs":[0.0,-2.33962,-2.35726]},"K7o":{"weight":1.0,"played":[1.0,0.0,0.0],"evs":[0.0,-2.02469,-2.03652]},"A7o":{"weight":1.0,"played":[1.0,0.0,0.0],"evs":[0.0,-1.15485,-1.1503]},"82s":{"weight":1.0,"played":[1.0,0.0,0.0],"evs":[0.0,-2.57215,-2.57753]},"83s":{"weight":1.0,"played":[1.0,0.0,0.0],"evs":[0.0,-2.58012,-2.57731]},"84s":{"weight":1.0,"played":[1.0,0.0,0.0],"evs":[0.0,-2.14224,-2.14721]},"85s":{"weight":1.0,"played":[1.0,0.0,0.0],"evs":[0.0,-1.77645,-1.78067]},"86s":{"weight":1.0,"played":[1.0,0.0,0.0],"evs":[0.0,-1.39275,-1.39787]},"87s":{"weight":1.0,"played":[1.0,0.0,0.0],"evs":[0.0,-1.06581,-1.06591]},"88":{"weight":1.0,"played":[0.0,0.0025,0.9975],"evs":[0.0,2.10505,2.10854]},"98o":{"weight":1.0,"played":[1.0,0.0,0.0],"evs":[0.0,-1.80033,-1.80727]},"T8o":{"weight":1.0,"played":[1.0,0.0,0.0],"evs":[0.0,-1.8732,-1.87585]},"J8o":{"weight":1.0,"played":[1.0,0.0,0.0],"evs":[0.0,-2.05658,-2.06421]},"Q8o":{"weight":1.0,"played":[1.0,0.0,0.0],"evs":[0.0,-2.07688,-2.08797]},"K8o":{"weight":1.0,"played":[1.0,0.0,0.0],"evs":[0.0,-2.04256,-2.05527]},"A8o":{"weight":1.0,"played":[1.0,0.0,0.0],"evs":[0.0,-0.83883,-0.83401]},"92s":{"weight":1.0,"played":[1.0,0.0,0.0],"evs":[0.0,-2.44965,-2.45809]},"93s":{"weight":1.0,"played":[1.0,0.0,0.0],"evs":[0.0,-2.39361,-2.40088]},"94s":{"weight":1.0,"played":[1.0,0.0,0.0],"evs":[0.0,-2.28676,-2.29672]},"95s":{"weight":1.0,"played":[1.0,0.0,0.0],"evs":[0.0,-1.89103,-1.89859]},"96s":{"weight":1.0,"played":[1.0,0.0,0.0],"evs":[0.0,-1.51768,-1.52398]},"97s":{"weight":1.0,"played":[1.0,0.0,0.0],"evs":[0.0,-1.19139,-1.20098]},"98s":{"weight":1.0,"played":[1.0,0.0,0.0],"evs":[0.0,-0.96684,-0.9743]},"99":{"weight":1.0,"played":[0.0,0.017,0.983],"evs":[0.0,2.87183,2.87997]},"T9o":{"weight":1.0,"played":[1.0,0.0,0.0],"evs":[0.0,-1.49371,-1.50316]},"J9o":{"weight":1.0,"played":[1.0,0.0,0.0],"evs":[0.0,-1.69187,-1.70058]},"Q9o":{"weight":1.0,"played":[1.0,0.0,0.0],"evs":[0.0,-1.70524,-1.71296]},"K9o":{"weight":1.0,"played":[1.0,0.0,0.0],"evs":[0.0,-1.65627,-1.66132]},"A9o":{"weight":1.0,"played":[1.0,0.0,0.0],"evs":[0.0,-0.28476,-0.2679]},"T2s":{"weight":1.0,"played":[1.0,0.0,0.0],"evs":[0.0,-2.32077,-2.32538]},"T3s":{"weight":1.0,"played":[1.0,0.0,0.0],"evs":[0.0,-2.23964,-2.24551]},"T4s":{"weight":1.0,"played":[1.0,0.0,0.0],"evs":[0.0,-2.0695,-2.07363]},"T5s":{"weight":1.0,"played":[1.0,0.0,0.0],"evs":[0.0,-2.00997,-2.01818]},"T6s":{"weight":1.0,"played":[1.0,0.0,0.0],"evs":[0.0,-1.64725,-1.64925]},"T7s":{"weight":1.0,"played":[1.0,0.0,0.0],"evs":[0.0,-1.31305,-1.31664]},"T8s":{"weight":1.0,"played":[1.0,0.0,0.0],"evs":[0.0,-1.02615,-1.02993]},"T9s":{"weight":1.0,"played":[1.0,0.0,0.0],"evs":[0.0,-0.67721,-0.68729]},"TT":{"weight":1.0,"played":[0.0,0.0109,0.9891],"evs":[0.0,3.89788,3.90353]},"JTo":{"weight":1.0,"played":[1.0,0.0,0.0],"evs":[0.0,-1.16764,-1.17]},"QTo":{"weight":1.0,"played":[1.0,0.0,0.0],"evs":[0.0,-1.11104,-1.11431]},"KTo":{"weight":1.0,"played":[1.0,0.0,0.0],"evs":[0.0,-0.99628,-0.99645]},"ATo":{"weight":1.0,"played":[0.0,0.0433,0.9567],"evs":[0.0,0.70303,0.71411]},"J2s":{"weight":1.0,"played":[1.0,0.0,0.0],"evs":[0.0,-2.24503,-2.25336]},"J3s":{"weight":1.0,"played":[1.0,0.0,0.0],"evs":[0.0,-2.1477,-2.1543]},"J4s":{"weight":1.0,"played":[1.0,0.0,0.0],"evs":[0.0,-2.00548,-2.01556]},"J5s":{"weight":1.0,"played":[1.0,0.0,0.0],"evs":[0.0,-1.89084,-1.89607]},"J6s":{"weight":1.0,"played":[1.0,0.0,0.0],"evs":[0.0,-1.80766,-1.81505]},"J7s":{"weight":1.0,"played":[1.0,0.0,0.0],"evs":[0.0,-1.45838,-1.46659]},"J8s":{"weight":1.0,"played":[1.0,0.0,0.0],"evs":[0.0,-1.20673,-1.21081]},"J9s":{"weight":1.0,"played":[1.0,0.0,0.0],"evs":[0.0,-0.82268,-0.83419]},"JTs":{"weight":1.0,"played":[1.0,0.0,0.0],"evs":[0.0,-0.3527,-0.35231]},"JJ":{"weight":1.0,"played":[0.0,0.3028,0.6972],"evs":[0.0,4.92911,4.93084]},"QJo":{"weight":1.0,"played":[1.0,0.0,0.0],"evs":[0.0,-0.97066,-0.97791]},"KJo":{"weight":1.0,"played":[1.0,0.0,0.0],"evs":[0.0,-0.644,-0.64502]},"AJo":{"weight":1.0,"played":[0.0,0.0243,0.9757],"evs":[0.0,1.49906,1.50468]},"Q2s":{"weight":1.0,"played":[1.0,0.0,0.0],"evs":[0.0,-2.02973,-2.03993]},"Q3s":{"weight":1.0,"played":[1.0,0.0,0.0],"evs":[0.0,-1.9078,-1.91531]},"Q4s":{"weight":1.0,"played":[1.0,0.0,0.0],"evs":[0.0,-1.76492,-1.77209]},"Q5s":{"weight":1.0,"played":[1.0,0.0,0.0],"evs":[0.0,-1.62102,-1.63123]},"Q6s":{"weight":1.0,"played":[1.0,0.0,0.0],"evs":[0.0,-1.46545,-1.47475]},"Q7s":{"weight":1.0,"played":[1.0,0.0,0.0],"evs":[0.0,-1.44318,-1.44683]},"Q8s":{"weight":1.0,"played":[1.0,0.0,0.0],"evs":[0.0,-1.2055,-1.21057]},"Q9s":{"weight":1.0,"played":[1.0,0.0,0.0],"evs":[0.0,-0.84644,-0.85402]},"QTs":{"weight":1.0,"played":[1.0,0.0,0.0],"evs":[0.0,-0.27192,-0.27895]},"QJs":{"weight":1.0,"played":[0.9998,1.0E-4,1.0E-4],"evs":[0.0,-0.17865,-0.18744]},"QQ":{"weight":1.0,"played":[0.0,0.0056,0.9944],"evs":[0.0,6.18991,6.19398]},"KQo":{"weight":1.0,"played":[0.9185,0.0143,0.0672],"evs":[0.0,-0.0098,-0.00576]},"AQo":{"weight":1.0,"played":[0.0,0.1964,0.8036],"evs":[0.0,2.51202,2.5141]},"K2s":{"weight":1.0,"played":[1.0,0.0,0.0],"evs":[0.0,-1.7813,-1.78673]},"K3s":{"weight":1.0,"played":[1.0,0.0,0.0],"evs":[0.0,-1.6908,-1.69648]},"K4s":{"weight":1.0,"played":[1.0,0.0,0.0],"evs":[0.0,-1.52075,-1.52492]},"K5s":{"weight":1.0,"played":[1.0,0.0,0.0],"evs":[0.0,-1.36192,-1.37159]},"K6s":{"weight":1.0,"played":[1.0,0.0,0.0],"evs":[0.0,-1.25437,-1.26249]},"K7s":{"weight":1.0,"played":[1.0,0.0,0.0],"evs":[0.0,-1.14403,-1.14763]},"K8s":{"weight":1.0,"played":[1.0,0.0,0.0],"evs":[0.0,-1.149,-1.15547]},"K9s":{"weight":1.0,"played":[1.0,0.0,0.0],"evs":[0.0,-0.77687,-0.78314]},"KTs":{"weight":1.0,"played":[0.9997,1.0E-4,2.0E-4],"evs":[0.0,-0.18299,-0.18413]},"KJs":{"weight":1.0,"played":[0.0,0.5833,0.4167],"evs":[0.0,0.15473,0.15745]},"KQs":{"weight":1.0,"played":[0.0,0.3302,0.6698],"evs":[0.0,0.72198,0.72971]},"KK":{"weight":1.0,"played":[0.0,0.4388,0.5612],"evs":[0.0,7.68121,7.68612]},"AKo":{"weight":1.0,"played":[0.0,7.0E-4,0.9993],"evs":[0.0,3.68761,3.69198]},"A2s":{"weight":1.0,"played":[1.0,0.0,0.0],"evs":[0.0,-0.89223,-0.87867]},"A3s":{"weight":1.0,"played":[1.0,0.0,0.0],"evs":[0.0,-0.75512,-0.74376]},"A4s":{"weight":1.0,"played":[1.0,0.0,0.0],"evs":[0.0,-0.59492,-0.58239]},"A5s":{"weight":1.0,"played":[1.0,0.0,0.0],"evs":[0.0,-0.45996,-0.44689]},"A6s":{"weight":1.0,"played":[1.0,0.0,0.0],"evs":[0.0,-0.5556,-0.54922]},"A7s":{"weight":1.0,"played":[1.0,0.0,0.0],"evs":[0.0,-0.30496,-0.29439]},"A8s":{"weight":1.0,"played":[0.1856,0.3658,0.4487],"evs":[0.0,-0.005,0.00263]},"A9s":{"weight":1.0,"played":[0.0,0.0187,0.9813],"evs":[0.0,0.51442,0.53146]},"ATs":{"weight":1.0,"played":[0.0,0.2372,0.7628],"evs":[0.0,1.41966,1.42674]},"AJs":{"weight":1.0,"played":[0.0,0.4213,0.5787],"evs":[0.0,2.20608,2.21196]},"AQs":{"weight":1.0,"played":[0.0,0.1294,0.8706],"evs":[0.0,3.14338,3.14204]},"AKs":{"weight":1.0,"played":[0.0,0.1308,0.8692],"evs":[0.0,4.215,4.21451]},"AA":{"weight":1.0,"played":[0.0,0.1549,0.8451],"evs":[0.0,10.37087,10.38259]}}}