{"player":5,"street":0,"children":2,"sequence":[{"player":0,"type":"R","amount":955000,"street":0},{"player":1,"type":"F","amount":0,"street":0},{"player":2,"type":"F","amount":0,"street":0},{"player":3,"type":"F","amount":0,"street":0},{"player":4,"type":"F","amount":0,"street":0}],"actions":[{"type":"F","amount":0},{"type":"C","amount":855000}],"hands":{"22":{"weight":1.0,"played":[0.0,1.0],"evs":[0.0,0.69205]},"32o":{"weight":1.0,"played":[1.0,0.0],"evs":[0.0,-2.10714]},"42o":{"weight":1.0,"played":[1.0,0.0],"evs":[0.0,-1.93505]},"52o":{"weight":1.0,"played":[1.0,0.0],"evs":[0.0,-1.81341]},"62o":{"weight":1.0,"played":[1.0,0.0],"evs":[0.0,-1.98094]},"72o":{"weight":1.0,"played":[1.0,0.0],"evs":[0.0,-2.11461]},"82o":{"weight":1.0,"played":[1.0,0.0],"evs":[0.0,-2.05821]},"92o":{"weight":1.0,"played":[1.0,0.0],"evs":[0.0,-1.97466]},"T2o":{"weight":1.0,"played":[1.0,0.0],"evs":[0.0,-1.85666]},"J2o":{"weight":1.0,"played":[1.0,0.0],"evs":[0.0,-1.7782]},"Q2o":{"weight":1.0,"played":[1.0,0.0],"evs":[0.0,-1.57001]},"K2o":{"weight":1.0,"played":[1.0,0.0],"evs":[0.0,-1.37247]},"A2o":{"weight":1.0,"played":[1.0,0.0],"evs":[0.0,-0.22986]},"32s":{"weight":1.0,"played":[1.0,0.0],"evs":[0.0,-1.37786]},"33":{"weight":1.0,"played":[0.0,1.0],"evs":[0.0,0.94711]},"43o":{"weight":1.0,"played":[1.0,0.0],"evs":[0.0,-1.68204]},"53o":{"weight":1.0,"played":[1.0,0.0],"evs":[0.0,-1.53115]},"63o":{"weight":1.0,"played":[1.0,0.0],"evs":[0.0,-1.70205]},"73o":{"weight":1.0,"played":[1.0,0.0],"evs":[0.0,-1.84099]},"83o":{"weight":1.0,"played":[1.0,0.0],"evs":[0.0,-2.05445]},"93o":{"weight":1.0,"played":[1.0,0.0],"evs":[0.0,-1.90086]},"T3o":{"weight":1.0,"played":[1.0,0.0],"evs":[0.0,-1.79794]},"J3o":{"weight":1.0,"played":[1.0,0.0],"evs":[0.0,-1.71723]},"Q3o":{"weight":1.0,"played":[1.0,0.0],"evs":[0.0,-1.48504]},"K3o":{"weight":1.0,"played":[1.0,0.0],"evs":[0.0,-1.29354]},"A3o":{"weight":1.0,"played":[1.0,0.0],"evs":[0.0,-0.14387]},"42s":{"weight":1.0,"played":[1.0,0.0],"evs":[0.0,-1.23036]},"43s":{"weight":1.0,"played":[1.0,0.0],"evs":[0.0,-0.95287]},"44":{"weight":1.0,"played":[0.0,1.0],"evs":[0.0,1.38012]},"54o":{"weight":1.0,"played":[1.0,0.0],"evs":[0.0,-1.17629]},"64o":{"weight":1.0,"played":[1.0,0.0],"evs":[0.0,-1.35527]},"74o":{"weight":1.0,"played":[1.0,0.0],"evs":[0.0,-1.50371]},"84o":{"weight":1.0,"played":[1.0,0.0],"evs":[0.0,-1.68409]},"94o":{"weight":1.0,"played":[1.0,0.0],"evs":[0.0,-1.81452]},"T4o":{"weight":1.0,"played":[1.0,0.0],"evs":[0.0,-1.63807]},"J4o":{"weight":1.0,"played":[1.0,0.0],"evs":[0.0,-1.55941]},"Q4o":{"weight":1.0,"played":[1.0,0.0],"evs":[0.0,-1.33441]},"K4o":{"weight":1.0,"played":[1.0,0.0],"evs":[0.0,-1.14937]},"A4o":{"weight":1.0,"played":[0.1713,0.8287],"evs":[0.0,0.00615]},"52s":{"weight":1.0,"played":[1.0,0.0],"evs":[0.0,-1.07138]},"53s":{"weight":1.0,"played":[1.0,0.0],"evs":[0.0,-0.81388]},"54s":{"weight":1.0,"played":[1.0,0.0],"evs":[0.0,-0.49325]},"55":{"weight":1.0,"played":[0.0,1.0],"evs":[0.0,1.82077]},"65o":{"weight":1.0,"played":[1.0,0.0],"evs":[0.0,-1.01636]},"75o":{"weight":1.0,"played":[1.0,0.0],"evs":[0.0,-1.16766]},"85o":{"weight":1.0,"played":[1.0,0.0],"evs":[0.0,-1.33746]},"95o":{"weight":1.0,"played":[1.0,0.0],"evs":[0.0,-1.46158]},"T5o":{"weight":1.0,"played":[1.0,0.0],"evs":[0.0,-1.55599]},"J5o":{"weight":1.0,"played":[1.0,0.0],"evs":[0.0,-1.41748]},"Q5o":{"weight":1.0,"played":[1.0,0.0],"evs":[0.0,-1.20198]},"K5o":{"weight":1.0,"played":[1.0,0.0],"evs":[0.0,-1.00353]},"A5o":{"weight":1.0,"played":[0.0,1.0],"evs":[0.0,0.18291]},"62s":{"weight":1.0,"played":[1.0,0.0],"evs":[0.0,-1.24443]},"63s":{"weight":1.0,"played":[1.0,0.0],"evs":[0.0,-0.96294]},"64s":{"weight":1.0,"played":[1.0,0.0],"evs":[0.0,-0.65816]},"65s":{"weight":1.0,"played":[1.0,0.0],"evs":[0.0,-0.33424]},"66":{"weight":1.0,"played":[0.0,1.0],"evs":[0.0,2.20338]},"76o":{"weight":1.0,"played":[1.0,0.0],"evs":[0.0,-0.85845]},"86o":{"weight":1.0,"played":[1.0,0.0],"evs":[0.0,-1.02193]},"96o":{"weight":1.0,"played":[1.0,0.0],"evs":[0.0,-1.15397]},"T6o":{"weight":1.0,"played":[1.0,0.0],"evs":[0.0,-1.23091]},"J6o":{"weight":1.0,"played":[1.0,0.0],"evs":[0.0,-1.36413]},"Q6o":{"weight":1.0,"played":[1.0,0.0],"evs":[0.0,-1.09525]},"K6o":{"weight":1.0,"played":[1.0,0.0],"evs":[0.0,-0.90032]},"A6o":{"weight":1.0,"played":[0.0,1.0],"evs":[0.0,0.12142]},"72s":{"weight":1.0,"played":[1.0,0.0],"evs":[0.0,-1.38487]},"73s":{"weight":1.0,"played":[1.0,0.0],"evs":[0.0,-1.10222]},"74s":{"weight":1.0,"played":[1.0,0.0],"evs":[0.0,-0.77179]},"75s":{"weight":1.0,"played":[1.0,0.0],"evs":[0.0,-0.44375]},"76s":{"weight":1.0,"played":[0.9996,4.0E-4],"evs":[0.0,-0.15656]},"77":{"weight":1.0,"played":[0.0,1.0],"evs":[0.0,2.59675]},"87o":{"weight":1.0,"played":[1.0,0.0],"evs":[0.0,-0.75749]},"97o":{"weight":1.0,"played":[1.0,0.0],"evs":[0.0,-0.87343]},"T7o":{"weight":1.0,"played":[1.0,0.0],"evs":[0.0,-0.94672]},"J7o":{"weight":1.0,"played":[1.0,0.0],"evs":[0.0,-1.09915]},"Q7o":{"weight":1.0,"played":[1.0,0.0],"evs":[0.0,-1.07204]},"K7o":{"weight":1.0,"played":[1.0,0.0],"evs":[0.0,-0.81744]},"A7o":{"weight":1.0,"played":[0.0,1.0],"evs":[0.0,0.35442]},"82s":{"weight":1.0,"played":[1.0,0.0],"evs":[0.0,-1.32484]},"83s":{"weight":1.0,"played":[1.0,0.0],"evs":[0.0,-1.28447]},"84s":{"weight":1.0,"played":[1.0,0.0],"evs":[0.0,-0.96885]},"85s":{"weight":1.0,"played":[1.0,0.0],"evs":[0.0,-0.64481]},"86s":{"weight":1.0,"played":[1.0,0.0],"evs":[0.0,-0.32874]},"87s":{"weight":1.0,"played":[0.9999,1.0E-4],"evs":[0.0,-0.09965]},"88":{"weight":1.0,"played":[0.0,1.0],"evs":[0.0,3.05162]},"98o":{"weight":1.0,"played":[1.0,0.0],"evs":[0.0,-0.69884]},"T8o":{"weight":1.0,"played":[1.0,0.0],"evs":[0.0,-0.75471]},"J8o":{"weight":1.0,"played":[1.0,0.0],"evs":[0.0,-0.90171]},"Q8o":{"weight":1.0,"played":[1.0,0.0],"evs":[0.0,-0.87494]},"K8o":{"weight":1.0,"played":[1.0,0.0],"evs":[0.0,-0.86972]},"A8o":{"weight":1.0,"played":[0.0,1.0],"evs":[0.0,0.67765]},"92s":{"weight":1.0,"played":[1.0,0.0],"evs":[0.0,-1.22177]},"93s":{"weight":1.0,"played":[1.0,0.0],"evs":[0.0,-1.15891]},"94s":{"weight":1.0,"played":[1.0,0.0],"evs":[0.0,-1.0685]},"95s":{"weight":1.0,"played":[1.0,0.0],"evs":[0.0,-0.77152]},"96s":{"weight":1.0,"played":[1.0,0.0],"evs":[0.0,-0.44782]},"97s":{"weight":1.0,"played":[1.0,0.0],"evs":[0.0,-0.19056]},"98s":{"weight":1.0,"played":[0.8357,0.1643],"evs":[0.0,-0.0309]},"99":{"weight":1.0,"played":[0.0,1.0],"evs":[0.0,3.63038]},"T9o":{"weight":1.0,"played":[1.0,0.0],"evs":[0.0,-0.45909]},"J9o":{"weight":1.0,"played":[1.0,0.0],"evs":[0.0,-0.60477]},"Q9o":{"weight":1.0,"played":[1.0,0.0],"evs":[0.0,-0.58908]},"K9o":{"weight":1.0,"played":[1.0,0.0],"evs":[0.0,-0.52054]},"A9o":{"weight":1.0,"played":[0.0,1.0],"evs":[0.0,1.28889]},"T2s":{"weight":1.0,"played":[1.0,0.0],"evs":[0.0,-1.1113]},"T3s":{"weight":1.0,"played":[1.0,0.0],"evs":[0.0,-1.05301]},"T4s":{"weight":1.0,"played":[1.0,0.0],"evs":[0.0,-0.92378]},"T5s":{"weight":1.0,"played":[1.0,0.0],"evs":[0.0,-0.83544]},"T6s":{"weight":1.0,"played":[1.0,0.0],"evs":[0.0,-0.54583]},"T7s":{"weight":1.0,"played":[1.0,0.0],"evs":[0.0,-0.26093]},"T8s":{"weight":1.0,"played":[0.9994,6.0E-4],"evs":[0.0,-0.08497]},"T9s":{"weight":1.0,"played":[2.0E-4,0.9998],"evs":[0.0,0.19276]},"TT":{"weight":1.0,"played":[0.0,1.0],"evs":[0.0,4.43526]},"JTo":{"weight":1.0,"played":[1.0,0.0],"evs":[0.0,-0.14552]},"QTo":{"weight":1.0,"played":[1.0,0.0],"evs":[0.0,-0.07352]},"KTo":{"weight":1.0,"played":[1.0E-4,0.9999],"evs":[0.0,0.05946]},"ATo":{"weight":1.0,"played":[0.0,1.0],"evs":[0.0,2.22282]},"J2s":{"weight":1.0,"played":[1.0,0.0],"evs":[0.0,-1.06627]},"J3s":{"weight":1.0,"played":[1.0,0.0],"evs":[0.0,-0.98284]},"J4s":{"weight":1.0,"played":[1.0,0.0],"evs":[0.0,-0.82653]},"J5s":{"weight":1.0,"played":[1.0,0.0],"evs":[0.0,-0.72883]},"J6s":{"weight":1.0,"played":[1.0,0.0],"evs":[0.0,-0.64604]},"J7s":{"weight":1.0,"played":[1.0,0.0],"evs":[0.0,-0.40952]},"J8s":{"weight":1.0,"played":[1.0,0.0],"evs":[0.0,-0.23257]},"J9s":{"weight":1.0,"played":[4.0E-4,0.9996],"evs":[0.0,0.06333]},"JTs":{"weight":1.0,"played":[0.0,1.0],"evs":[0.0,0.51076]},"JJ":{"weight":1.0,"played":[0.0,1.0],"evs":[0.0,5.18769]},"QJo":{"weight":1.0,"played":[0.0,1.0],"evs":[0.0,0.04318]},"KJo":{"weight":1.0,"played":[0.0,1.0],"evs":[0.0,0.40412]},"AJo":{"weight":1.0,"played":[0.0,1.0],"evs":[0.0,3.01391]},"Q2s":{"weight":1.0,"played":[1.0,0.0],"evs":[0.0,-0.80015]},"Q3s":{"weight":1.0,"played":[1.0,0.0],"evs":[0.0,-0.7671]},"Q4s":{"weight":1.0,"played":[1.0,0.0],"evs":[0.0,-0.60462]},"Q5s":{"weight":1.0,"played":[1.0,0.0],"evs":[0.0,-0.49705]},"Q6s":{"weight":1.0,"played":[1.0,0.0],"evs":[0.0,-0.3851]},"Q7s":{"weight":1.0,"played":[1.0,0.0],"evs":[0.0,-0.37379]},"Q8s":{"weight":1.0,"played":[0.9999,1.0E-4],"evs":[0.0,-0.20328]},"Q9s":{"weight":1.0,"played":[0.0,1.0],"evs":[0.0,0.07946]},"QTs":{"weight":1.0,"played":[0.0,1.0],"evs":[0.0,0.56777]},"QJs":{"weight":1.0,"played":[0.0,1.0],"evs":[0.0,0.67014]},"QQ":{"weight":1.0,"played":[0.0,1.0],"evs":[0.0,6.04961]},"KQo":{"weight":1.0,"played":[0.0,1.0],"evs":[0.0,1.05189]},"AQo":{"weight":1.0,"played":[0.0,1.0],"evs":[0.0,3.79678]},"K2s":{"weight":1.0,"played":[1.0,0.0],"evs":[0.0,-0.64372]},"K3s":{"weight":1.0,"played":[1.0,0.0],"evs":[0.0,-0.56659]},"K4s":{"weight":1.0,"played":[1.0,0.0],"evs":[0.0,-0.42902]},"K5s":{"weight":1.0,"played":[1.0,0.0],"evs":[0.0,-0.29615]},"K6s":{"weight":1.0,"played":[1.0,0.0],"evs":[0.0,-0.18043]},"K7s":{"weight":1.0,"played":[0.9998,2.0E-4],"evs":[0.0,-0.11274]},"K8s":{"weight":1.0,"played":[1.0,0.0],"evs":[0.0,-0.21406]},"K9s":{"weight":1.0,"played":[0.0,1.0],"evs":[0.0,0.16753]},"KTs":{"weight":1.0,"played":[0.0,1.0],"evs":[0.0,0.70807]},"KJs":{"weight":1.0,"played":[0.0,1.0],"evs":[0.0,1.03912]},"KQs":{"weight":1.0,"played":[0.0,1.0],"evs":[0.0,1.65324]},"KK":{"weight":1.0,"played":[0.0,1.0],"evs":[0.0,7.01683]},"AKo":{"weight":1.0,"played":[0.0,1.0],"evs":[0.0,4.6669]},"A2s":{"weight":1.0,"played":[0.0,1.0],"evs":[0.0,0.45251]},"A3s":{"weight":1.0,"played":[0.0,1.0],"evs":[0.0,0.54168]},"A4s":{"weight":1.0,"played":[0.0,1.0],"evs":[0.0,0.69411]},"A5s":{"weight":1.0,"played":[0.0,1.0],"evs":[0.0,0.84203]},"A6s":{"weight":1.0,"played":[0.0,1.0],"evs":[0.0,0.80738]},"A7s":{"weight":1.0,"played":[0.0,1.0],"evs":[0.0,0.98144]},"A8s":{"weight":1.0,"played":[0.0,1.0],"evs":[0.0,1.31064]},"A9s":{"weight":1.0,"played":[0.0,1.0],"evs":[0.0,1.87776]},"ATs":{"weight":1.0,"played":[0.0,1.0],"evs":[0.0,2.73597]},"AJs":{"weight":1.0,"played":[0.0,1.0],"evs":[0.0,3.48049]},"AQs":{"weight":1.0,"played":[0.0,1.0],"evs":[0.0,4.16472]},"AKs":{"weight":1.0,"played":[0.0,1.0],"evs":[0.0,5.03001]},"AA":{"weight":1.0,"played":[0.0,1.0],"evs":[0.0,9.42373]}}}