{"player":4,"street":0,"children":3,"sequence":[{"player":0,"type":"R","amount":955000,"street":0},{"player":1,"type":"F","amount":0,"street":0},{"player":2,"type":"F","amount":0,"street":0},{"player":3,"type":"C","amount":955000,"street":0}],"actions":[{"type":"F","amount":0,"node":308},{"type":"C","amount":905000,"node":310},{"type":"R","amount":2985000,"node":313}],"hands":{"22":{"weight":1.0,"played":[1.0,0.0,0.0],"evs":[0.0,-1.63768,-2.61614]},"32o":{"weight":1.0,"played":[1.0,0.0,0.0],"evs":[0.0,-3.64606,-7.24765]},"42o":{"weight":1.0,"played":[1.0,0.0,0.0],"evs":[0.0,-3.5019,-6.94907]},"52o":{"weight":1.0,"played":[1.0,0.0,0.0],"evs":[0.0,-3.42656,-6.5699]},"62o":{"weight":1.0,"played":[1.0,0.0,0.0],"evs":[0.0,-3.50242,-6.84942]},"72o":{"weight":1.0,"played":[1.0,0.0,0.0],"evs":[0.0,-3.85864,-7.19042]},"82o":{"weight":1.0,"played":[1.0,0.0,0.0],"evs":[0.0,-3.73113,-6.90216]},"92o":{"weight":1.0,"played":[1.0,0.0,0.0],"evs":[0.0,-4.05284,-7.02503]},"T2o":{"weight":1.0,"played":[1.0,0.0,0.0],"evs":[0.0,-3.85838,-6.825]},"J2o":{"weight":1.0,"played":[1.0,0.0,0.0],"evs":[0.0,-3.47283,-6.67839]},"Q2o":{"weight":1.0,"played":[1.0,0.0,0.0],"evs":[0.0,-3.17459,-6.14045]},"K2o":{"weight":1.0,"played":[1.0,0.0,0.0],"evs":[0.0,-3.03256,-5.80001]},"A2o":{"weight":1.0,"played":[1.0,0.0,0.0],"evs":[0.0,-4.22992,-5.72656]},"32s":{"weight":1.0,"played":[1.0,0.0,0.0],"evs":[0.0,-2.41574,-5.32538]},"33":{"weight":1.0,"played":[1.0,0.0,0.0],"evs":[0.0,-1.35621,-2.33302]},"43o":{"weight":1.0,"played":[1.0,0.0,0.0],"evs":[0.0,-3.09381,-6.41832]},"53o":{"weight":1.0,"played":[1.0,0.0,0.0],"evs":[0.0,-2.92697,-5.90278]},"63o":{"weight":1.0,"played":[1.0,0.0,0.0],"evs":[0.0,-2.92932,-6.1369]},"73o":{"weight":1.0,"played":[1.0,0.0,0.0],"evs":[0.0,-3.46226,-6.467]},"83o":{"weight":1.0,"played":[1.0,0.0,0.0],"evs":[0.0,-3.57981,-6.66283]},"93o":{"weight":1.0,"played":[1.0,0.0,0.0],"evs":[0.0,-3.97012,-6.93915]},"T3o":{"weight":1.0,"played":[1.0,0.0,0.0],"evs":[0.0,-3.62331,-6.58088]},"J3o":{"weight":1.0,"played":[1.0,0.0,0.0],"evs":[0.0,-3.44034,-6.55803]},"Q3o":{"weight":1.0,"played":[1.0,0.0,0.0],"evs":[0.0,-2.97908,-5.94662]},"K3o":{"weight":1.0,"played":[1.0,0.0,0.0],"evs":[0.0,-3.00117,-5.70096]},"A3o":{"weight":1.0,"played":[1.0,0.0,0.0],"evs":[0.0,-3.98587,-5.37418]},"42s":{"weight":1.0,"played":[1.0,0.0,0.0],"evs":[0.0,-2.43628,-5.20378]},"43s":{"weight":1.0,"played":[1.0,0.0,0.0],"evs":[0.0,-1.79724,-4.43397]},"44":{"weight":1.0,"played":[0.9998,0.0,2.0E-4],"evs":[0.0,-0.97251,-1.74983]},"54o":{"weight":1.0,"played":[1.0,0.0,0.0],"evs":[0.0,-2.31288,-4.99359]},"64o":{"weight":1.0,"played":[1.0,0.0,0.0],"evs":[0.0,-2.56722,-5.45586]},"74o":{"weight":1.0,"played":[1.0,0.0,0.0],"evs":[0.0,-2.92569,-5.60736]},"84o":{"weight":1.0,"played":[1.0,0.0,0.0],"evs":[0.0,-3.2134,-5.96357]},"94o":{"weight":1.0,"played":[1.0,0.0,0.0],"evs":[0.0,-3.79548,-6.69173]},"T4o":{"weight":1.0,"played":[1.0,0.0,0.0],"evs":[0.0,-3.60169,-6.4325]},"J4o":{"weight":1.0,"played":[1.0,0.0,0.0],"evs":[0.0,-3.23525,-6.24108]},"Q4o":{"weight":1.0,"played":[1.0,0.0,0.0],"evs":[0.0,-2.9364,-5.66969]},"K4o":{"weight":1.0,"played":[1.0,0.0,0.0],"evs":[0.0,-2.82819,-5.44823]},"A4o":{"weight":1.0,"played":[1.0,0.0,0.0],"evs":[0.0,-3.93455,-5.33127]},"52s":{"weight":1.0,"played":[1.0,0.0,0.0],"evs":[0.0,-2.30328,-4.95659]},"53s":{"weight":1.0,"played":[1.0,0.0,0.0],"evs":[0.0,-1.69037,-4.20939]},"54s":{"weight":1.0,"played":[1.0,0.0,0.0],"evs":[0.0,-1.18302,-3.37432]},"55":{"weight":1.0,"played":[0.9948,2.0E-4,0.005],"evs":[0.0,-0.26556,-0.64063]},"65o":{"weight":1.0,"played":[1.0,0.0,0.0],"evs":[0.0,-1.943,-4.52545]},"75o":{"weight":1.0,"played":[1.0,0.0,0.0],"evs":[0.0,-2.36015,-4.75081]},"85o":{"weight":1.0,"played":[1.0,0.0,0.0],"evs":[0.0,-2.8003,-5.14481]},"95o":{"weight":1.0,"played":[1.0,0.0,0.0],"evs":[0.0,-3.44555,-5.901]},"T5o":{"weight":1.0,"played":[1.0,0.0,0.0],"evs":[0.0,-3.60434,-6.32234]},"J5o":{"weight":1.0,"played":[1.0,0.0,0.0],"evs":[0.0,-3.27478,-6.01251]},"Q5o":{"weight":1.0,"played":[1.0,0.0,0.0],"evs":[0.0,-2.81307,-5.31449]},"K5o":{"weight":1.0,"played":[1.0,0.0,0.0],"evs":[0.0,-2.75071,-5.17619]},"A5o":{"weight":1.0,"played":[1.0,0.0,0.0],"evs":[0.0,-3.61319,-4.80606]},"62s":{"weight":1.0,"played":[1.0,0.0,0.0],"evs":[0.0,-2.21306,-5.05576]},"63s":{"weight":1.0,"played":[1.0,0.0,0.0],"evs":[0.0,-1.8142,-4.31763]},"64s":{"weight":1.0,"played":[1.0,0.0,0.0],"evs":[0.0,-1.25216,-3.71388]},"65s":{"weight":1.0,"played":[0.9988,0.0012,0.0],"evs":[0.0,-0.72203,-3.03084]},"66":{"weight":1.0,"played":[0.0067,0.1374,0.8559],"evs":[0.0,0.36047,0.42883]},"76o":{"weight":1.0,"played":[1.0,0.0,0.0],"evs":[0.0,-1.68645,-3.85721]},"86o":{"weight":1.0,"played":[1.0,0.0,0.0],"evs":[0.0,-2.09551,-4.21667]},"96o":{"weight":1.0,"played":[1.0,0.0,0.0],"evs":[0.0,-2.71814,-4.94676]},"T6o":{"weight":1.0,"played":[1.0,0.0,0.0],"evs":[0.0,-3.03445,-5.40393]},"J6o":{"weight":1.0,"played":[1.0,0.0,0.0],"evs":[0.0,-2.80809,-5.60297]},"Q6o":{"weight":1.0,"played":[1.0,0.0,0.0],"evs":[0.0,-2.54921,-4.9669]},"K6o":{"weight":1.0,"played":[1.0,0.0,0.0],"evs":[0.0,-2.54631,-4.83045]},"A6o":{"weight":1.0,"played":[1.0,0.0,0.0],"evs":[0.0,-3.65807,-4.94436]},"72s":{"weight":1.0,"played":[1.0,0.0,0.0],"evs":[0.0,-2.83071,-5.50759]},"73s":{"weight":1.0,"played":[1.0,0.0,0.0],"evs":[0.0,-2.29022,-4.72815]},"74s":{"weight":1.0,"played":[1.0,0.0,0.0],"evs":[0.0,-1.67801,-3.83348]},"75s":{"weight":1.0,"played":[0.9999,1.0E-4,0.0],"evs":[0.0,-1.24777,-3.27087]},"76s":{"weight":1.0,"played":[1.0,0.0,0.0],"evs":[0.0,-0.66368,-2.33419]},"77":{"weight":1.0,"played":[0.0,0.0,1.0],"evs":[0.0,0.9744,2.08011]},"87o":{"weight":1.0,"played":[1.0,0.0,0.0],"evs":[0.0,-1.69884,-3.40109]},"97o":{"weight":1.0,"played":[1.0,0.0,0.0],"evs":[0.0,-2.27796,-4.00576]},"T7o":{"weight":1.0,"played":[1.0,0.0,0.0],"evs":[0.0,-2.59667,-4.6029]},"J7o":{"weight":1.0,"played":[1.0,0.0,0.0],"evs":[0.0,-2.54892,-4.8354]},"Q7o":{"weight":1.0,"played":[1.0,0.0,0.0],"evs":[0.0,-2.65159,-4.99294]},"K7o":{"weight":1.0,"played":[1.0,0.0,0.0],"evs":[0.0,-2.49244,-4.42654]},"A7o":{"weight":1.0,"played":[1.0,0.0,0.0],"evs":[0.0,-3.76011,-4.50198]},"82s":{"weight":1.0,"played":[1.0,0.0,0.0],"evs":[0.0,-2.65501,-5.08808]},"83s":{"weight":1.0,"played":[1.0,0.0,0.0],"evs":[0.0,-2.38541,-4.86785]},"84s":{"weight":1.0,"played":[1.0,0.0,0.0],"evs":[0.0,-2.05035,-4.14436]},"85s":{"weight":1.0,"played":[0.9999,1.0E-4,0.0],"evs":[0.0,-1.49718,-3.3151]},"86s":{"weight":1.0,"played":[0.9999,1.0E-4,0.0],"evs":[0.0,-0.86629,-2.4168]},"87s":{"weight":1.0,"played":[1.0,0.0,0.0],"evs":[0.0,-0.41655,-1.70788]},"88":{"weight":1.0,"played":[0.0,0.0,1.0],"evs":[0.0,2.33569,4.26366]},"98o":{"weight":1.0,"played":[1.0,0.0,0.0],"evs":[0.0,-2.06456,-3.49443]},"T8o":{"weight":1.0,"played":[1.0,0.0,0.0],"evs":[0.0,-2.17585,-3.72549]},"J8o":{"weight":1.0,"played":[1.0,0.0,0.0],"evs":[0.0,-2.15655,-4.0895]},"Q8o":{"weight":1.0,"played":[1.0,0.0,0.0],"evs":[0.0,-2.2331,-4.17469]},"K8o":{"weight":1.0,"played":[1.0,0.0,0.0],"evs":[0.0,-2.49305,-4.32811]},"A8o":{"weight":1.0,"played":[1.0,0.0,0.0],"evs":[0.0,-3.28562,-3.73217]},"92s":{"weight":1.0,"played":[1.0,0.0,0.0],"evs":[0.0,-2.72586,-5.06529]},"93s":{"weight":1.0,"played":[1.0,0.0,0.0],"evs":[0.0,-2.76353,-5.03935]},"94s":{"weight":1.0,"played":[1.0,0.0,0.0],"evs":[0.0,-2.46762,-4.81963]},"95s":{"weight":1.0,"played":[1.0,0.0,0.0],"evs":[0.0,-2.15918,-4.19416]},"96s":{"weight":1.0,"played":[1.0,0.0,0.0],"evs":[0.0,-1.54334,-3.20647]},"97s":{"weight":1.0,"played":[0.9999,1.0E-4,0.0],"evs":[0.0,-1.05953,-2.45865]},"98s":{"weight":1.0,"played":[1.0,0.0,0.0],"evs":[0.0,-0.82369,-1.79122]},"99":{"weight":1.0,"played":[0.0,0.0,1.0],"evs":[0.0,3.03224,4.9931]},"T9o":{"weight":1.0,"played":[1.0,0.0,0.0],"evs":[0.0,-2.25533,-3.23491]},"J9o":{"weight":1.0,"played":[1.0,0.0,0.0],"evs":[0.0,-2.25939,-3.80758]},"Q9o":{"weight":1.0,"played":[1.0,0.0,0.0],"evs":[0.0,-2.28815,-3.66672]},"K9o":{"weight":1.0,"played":[1.0,0.0,0.0],"evs":[0.0,-2.72167,-3.96149]},"A9o":{"weight":1.0,"played":[1.0,0.0,0.0],"evs":[0.0,-2.89623,-3.25224]},"T2s":{"weight":1.0,"played":[1.0,0.0,0.0],"evs":[0.0,-2.61737,-4.88319]},"T3s":{"weight":1.0,"played":[1.0,0.0,0.0],"evs":[0.0,-2.69376,-4.8573]},"T4s":{"weight":1.0,"played":[1.0,0.0,0.0],"evs":[0.0,-2.4015,-4.48031]},"T5s":{"weight":1.0,"played":[1.0,0.0,0.0],"evs":[0.0,-2.33453,-4.32202]},"T6s":{"weight":1.0,"played":[1.0,0.0,0.0],"evs":[0.0,-1.66731,-3.50899]},"T7s":{"weight":1.0,"played":[1.0,0.0,0.0],"evs":[0.0,-1.16242,-2.71066]},"T8s":{"weight":1.0,"played":[1.0,0.0,0.0],"evs":[0.0,-0.90673,-1.866]},"T9s":{"weight":1.0,"played":[0.9995,5.0E-4,0.0],"evs":[0.0,-1.03325,-1.69581]},"TT":{"weight":1.0,"played":[0.0,0.0,1.0],"evs":[0.0,4.63431,5.96219]},"JTo":{"weight":1.0,"played":[1.0,0.0,0.0],"evs":[0.0,-1.62116,-2.97911]},"QTo":{"weight":1.0,"played":[1.0,0.0,0.0],"evs":[0.0,-1.64139,-2.88933]},"KTo":{"weight":1.0,"played":[1.0,0.0,0.0],"evs":[0.0,-1.94479,-3.00491]},"ATo":{"weight":1.0,"played":[0.9999,0.0,1.0E-4],"evs":[0.0,-1.38706,-1.9311]},"J2s":{"weight":1.0,"played":[1.0,0.0,0.0],"evs":[0.0,-2.30102,-4.86628]},"J3s":{"weight":1.0,"played":[1.0,0.0,0.0],"evs":[0.0,-1.9307,-4.27375]},"J4s":{"weight":1.0,"played":[1.0,0.0,0.0],"evs":[0.0,-2.03,-4.45521]},"J5s":{"weight":1.0,"played":[1.0,0.0,0.0],"evs":[0.0,-1.97865,-4.37049]},"J6s":{"weight":1.0,"played":[1.0,0.0,0.0],"evs":[0.0,-1.76646,-3.8891]},"J7s":{"weight":1.0,"played":[1.0,0.0,0.0],"evs":[0.0,-1.20682,-2.93905]},"J8s":{"weight":1.0,"played":[1.0,0.0,0.0],"evs":[0.0,-0.96626,-2.4891]},"J9s":{"weight":1.0,"played":[0.9997,3.0E-4,0.0],"evs":[0.0,-0.91135,-2.07088]},"JTs":{"weight":1.0,"played":[0.9968,0.0032,0.0],"evs":[0.0,-0.49161,-1.50506]},"JJ":{"weight":1.0,"played":[0.0,0.0,1.0],"evs":[0.0,6.20241,7.39713]},"QJo":{"weight":1.0,"played":[1.0,0.0,0.0],"evs":[0.0,-1.34741,-2.94106]},"KJo":{"weight":1.0,"played":[1.0,0.0,0.0],"evs":[0.0,-1.27118,-2.39582]},"AJo":{"weight":1.0,"played":[0.9905,0.006,0.0036],"evs":[0.0,-0.19204,-0.52164]},"Q2s":{"weight":1.0,"played":[1.0,0.0,0.0],"evs":[0.0,-2.02658,-4.43448]},"Q3s":{"weight":1.0,"played":[1.0,0.0,0.0],"evs":[0.0,-1.6365,-3.96138]},"Q4s":{"weight":1.0,"played":[1.0,0.0,0.0],"evs":[0.0,-1.73486,-3.84347]},"Q5s":{"weight":1.0,"played":[1.0,0.0,0.0],"evs":[0.0,-1.54108,-3.5423]},"Q6s":{"weight":1.0,"played":[1.0,0.0,0.0],"evs":[0.0,-1.43539,-3.19968]},"Q7s":{"weight":1.0,"played":[1.0,0.0,0.0],"evs":[0.0,-1.45455,-3.13667]},"Q8s":{"weight":1.0,"played":[1.0,0.0,0.0],"evs":[0.0,-1.07018,-2.42645]},"Q9s":{"weight":1.0,"played":[1.0,0.0,0.0],"evs":[0.0,-1.30669,-2.16591]},"QTs":{"weight":1.0,"played":[0.9859,0.0141,0.0],"evs":[0.0,-0.38824,-1.33664]},"QJs":{"weight":1.0,"played":[0.6935,0.3065,0.0],"evs":[0.0,-0.01572,-1.1494]},"QQ":{"weight":1.0,"played":[0.0,0.0,1.0],"evs":[0.0,7.49541,9.02306]},"KQo":{"weight":1.0,"played":[0.9995,5.0E-4,0.0],"evs":[0.0,-1.00287,-1.43805]},"AQo":{"weight":1.0,"played":[0.0,3.0E-4,0.9997],"evs":[0.0,0.82487,1.15737]},"K2s":{"weight":1.0,"played":[1.0,0.0,0.0],"evs":[0.0,-1.83106,-4.01121]},"K3s":{"weight":1.0,"played":[1.0,0.0,0.0],"evs":[0.0,-1.778,-4.11809]},"K4s":{"weight":1.0,"played":[0.9999,1.0E-4,0.0],"evs":[0.0,-1.5742,-3.57812]},"K5s":{"weight":1.0,"played":[1.0,0.0,0.0],"evs":[0.0,-1.42565,-3.23084]},"K6s":{"weight":1.0,"played":[1.0,0.0,0.0],"evs":[0.0,-1.37202,-3.0544]},"K7s":{"weight":1.0,"played":[0.9999,1.0E-4,0.0],"evs":[0.0,-1.0878,-2.59896]},"K8s":{"weight":1.0,"played":[1.0,0.0,0.0],"evs":[0.0,-1.3658,-2.69035]},"K9s":{"weight":1.0,"played":[1.0,0.0,0.0],"evs":[0.0,-1.69574,-2.40342]},"KTs":{"weight":1.0,"played":[1.0,0.0,0.0],"evs":[0.0,-0.92049,-1.38243]},"KJs":{"weight":1.0,"played":[0.6031,0.3969,0.0],"evs":[0.0,0.01327,-0.65012]},"KQs":{"weight":1.0,"played":[0.0027,0.5661,0.4311],"evs":[0.0,0.43028,0.41755]},"KK":{"weight":1.0,"played":[0.0,0.0,1.0],"evs":[0.0,11.46808,12.94609]},"AKo":{"weight":1.0,"played":[0.0,0.0,1.0],"evs":[0.0,2.76932,3.71632]},"A2s":{"weight":1.0,"played":[1.0,0.0,0.0],"evs":[0.0,-2.63835,-3.76858]},"A3s":{"weight":1.0,"played":[1.0,0.0,0.0],"evs":[0.0,-2.3267,-3.54401]},"A4s":{"weight":1.0,"played":[0.9999,0.0,0.0],"evs":[0.0,-2.30231,-3.12478]},"A5s":{"weight":1.0,"played":[1.0,0.0,0.0],"evs":[0.0,-2.25485,-3.06608]},"A6s":{"weight":1.0,"played":[1.0,0.0,0.0],"evs":[0.0,-2.22093,-2.9955]},"A7s":{"weight":1.0,"played":[0.9971,0.001,0.0019],"evs":[0.0,-2.3626,-2.73297]},"A8s":{"weight":1.0,"played":[1.0,0.0,0.0],"evs":[0.0,-2.23488,-1.92612]},"A9s":{"weight":1.0,"played":[0.9996,0.0,3.0E-4],"evs":[0.0,-1.41515,-1.45262]},"ATs":{"weight":1.0,"played":[0.611,0.3725,0.0164],"evs":[0.0,-0.07196,-0.60734]},"AJs":{"weight":1.0,"played":[0.0,0.5593,0.4407],"evs":[0.0,1.36825,1.14168]},"AQs":{"weight":1.0,"played":[0.0,0.0,1.0],"evs":[0.0,2.53224,2.81269]},"AKs":{"weight":1.0,"played":[0.0,0.0,1.0],"evs":[0.0,4.28414,5.12166]},"AA":{"weight":1.0,"played":[0.0,0.0,1.0],"evs":[0.0,20.00507,20.72976]}}}