{"player":4,"street":0,"children":2,"sequence":[{"player":0,"type":"R","amount":955000,"street":0},{"player":1,"type":"F","amount":0,"street":0},{"player":2,"type":"C","amount":955000,"street":0},{"player":3,"type":"F","amount":0,"street":0},{"player":4,"type":"C","amount":905000,"street":0},{"player":5,"type":"R","amount":985000,"street":0},{"player":2,"type":"C","amount":30000,"street":0}],"actions":[{"type":"F","amount":0},{"type":"C","amount":30000}],"hands":{"22":{"weight":0.0,"played":[5.0E-4,0.9995],"evs":[0.0,5.29738]},"32o":{"weight":0.0,"played":[0.0,1.0],"evs":[0.0,3.53523]},"42o":{"weight":0.0,"played":[0.0,1.0],"evs":[0.0,3.93014]},"52o":{"weight":0.0,"played":[0.0,1.0],"evs":[0.0,3.85108]},"62o":{"weight":0.0,"played":[1.0E-4,0.9999],"evs":[0.0,3.79654]},"72o":{"weight":0.0,"played":[0.0,1.0],"evs":[0.0,3.28984]},"82o":{"weight":0.0,"played":[0.0,1.0],"evs":[0.0,3.80744]},"92o":{"weight":0.0,"played":[0.0,1.0],"evs":[0.0,3.63734]},"T2o":{"weight":0.0,"played":[0.0,1.0],"evs":[0.0,3.75348]},"J2o":{"weight":0.0,"played":[0.0,1.0],"evs":[0.0,3.47614]},"Q2o":{"weight":0.0,"played":[0.0,1.0],"evs":[0.0,3.8562]},"K2o":{"weight":0.0,"played":[0.0,1.0],"evs":[0.0,4.03852]},"A2o":{"weight":0.0,"played":[0.0,1.0],"evs":[0.0,4.0103]},"32s":{"weight":0.0,"played":[0.001,0.999],"evs":[0.0,4.40149]},"33":{"weight":0.0,"played":[0.0,1.0],"evs":[0.0,6.17335]},"43o":{"weight":0.0,"played":[0.0,1.0],"evs":[0.0,3.9163]},"53o":{"weight":0.0,"played":[1.0E-4,0.9999],"evs":[0.0,3.91569]},"63o":{"weight":0.0,"played":[2.0E-4,0.9998],"evs":[0.0,4.14292]},"73o":{"weight":0.0,"played":[0.0,1.0],"evs":[0.0,3.76019]},"83o":{"weight":0.0,"played":[0.0,1.0],"evs":[0.0,3.83277]},"93o":{"weight":0.0,"played":[0.0,1.0],"evs":[0.0,3.87013]},"T3o":{"weight":0.0,"played":[0.0,1.0],"evs":[0.0,4.35751]},"J3o":{"weight":0.0,"played":[0.0,1.0],"evs":[0.0,3.54728]},"Q3o":{"weight":0.0,"played":[0.0,1.0],"evs":[0.0,3.81283]},"K3o":{"weight":0.0,"played":[0.0,1.0],"evs":[0.0,4.40997]},"A3o":{"weight":0.0,"played":[0.0,1.0],"evs":[0.0,4.42867]},"42s":{"weight":0.0,"played":[1.0E-4,0.9999],"evs":[0.0,5.21813]},"43s":{"weight":0.0,"played":[0.0,1.0],"evs":[0.0,5.89974]},"44":{"weight":2.0E-4,"played":[0.0,1.0],"evs":[0.0,5.27525]},"54o":{"weight":0.0,"played":[0.0,1.0],"evs":[0.0,4.72148]},"64o":{"weight":0.0,"played":[0.0,1.0],"evs":[0.0,4.8367]},"74o":{"weight":0.0,"played":[1.0E-4,0.9999],"evs":[0.0,4.73475]},"84o":{"weight":0.0,"played":[0.0,1.0],"evs":[0.0,4.27836]},"94o":{"weight":0.0,"played":[0.0,1.0],"evs":[0.0,3.93202]},"T4o":{"weight":0.0,"played":[0.0,1.0],"evs":[0.0,3.65423]},"J4o":{"weight":0.0,"played":[2.0E-4,0.9998],"evs":[0.0,3.20146]},"Q4o":{"weight":0.0,"played":[0.0,1.0],"evs":[0.0,4.38615]},"K4o":{"weight":0.0,"played":[0.0,1.0],"evs":[0.0,4.64863]},"A4o":{"weight":0.0,"played":[0.0,1.0],"evs":[0.0,4.32272]},"52s":{"weight":0.0,"played":[0.0,1.0],"evs":[0.0,5.37294]},"53s":{"weight":0.0,"played":[3.0E-4,0.9997],"evs":[0.0,5.21754]},"54s":{"weight":0.0,"played":[3.0E-4,0.9997],"evs":[0.0,5.91971]},"55":{"weight":0.019,"played":[0.0,1.0],"evs":[0.0,7.046]},"65o":{"weight":0.0,"played":[0.0,1.0],"evs":[0.0,4.99478]},"75o":{"weight":0.0,"played":[1.0E-4,0.9999],"evs":[0.0,5.14212]},"85o":{"weight":0.0,"played":[0.0,1.0],"evs":[0.0,4.13324]},"95o":{"weight":0.0,"played":[0.0,1.0],"evs":[0.0,4.64659]},"T5o":{"weight":0.0,"played":[2.0E-4,0.9998],"evs":[0.0,4.26518]},"J5o":{"weight":0.0,"played":[5.0E-4,0.9995],"evs":[0.0,3.85049]},"Q5o":{"weight":0.0,"played":[0.0,1.0],"evs":[0.0,4.59721]},"K5o":{"weight":0.0,"played":[0.0,1.0],"evs":[0.0,4.48675]},"A5o":{"weight":0.0,"played":[0.0,1.0],"evs":[0.0,4.95417]},"62s":{"weight":0.0,"played":[3.0E-4,0.9997],"evs":[0.0,5.07348]},"63s":{"weight":0.0,"played":[4.0E-4,0.9996],"evs":[0.0,6.07306]},"64s":{"weight":0.0,"played":[0.0,1.0],"evs":[0.0,6.37749]},"65s":{"weight":0.0,"played":[1.0E-4,0.9999],"evs":[0.0,6.44229]},"66":{"weight":0.0125,"played":[0.0,1.0],"evs":[0.0,8.72308]},"76o":{"weight":0.0,"played":[0.0,1.0],"evs":[0.0,5.52179]},"86o":{"weight":0.0,"played":[0.0,1.0],"evs":[0.0,5.45151]},"96o":{"weight":0.0,"played":[0.0,1.0],"evs":[0.0,4.85347]},"T6o":{"weight":0.0,"played":[0.0,1.0],"evs":[0.0,4.74461]},"J6o":{"weight":0.0,"played":[0.0,1.0],"evs":[0.0,3.85713]},"Q6o":{"weight":0.0,"played":[0.0,1.0],"evs":[0.0,4.57665]},"K6o":{"weight":0.0,"played":[0.0,1.0],"evs":[0.0,4.4013]},"A6o":{"weight":0.0,"played":[0.0,1.0],"evs":[0.0,4.84796]},"72s":{"weight":0.0,"played":[2.0E-4,0.9998],"evs":[0.0,5.81248]},"73s":{"weight":0.0,"played":[0.0,1.0],"evs":[0.0,4.66751]},"74s":{"weight":0.0,"played":[0.0,1.0],"evs":[0.0,4.99985]},"75s":{"weight":1.0E-4,"played":[0.0,1.0],"evs":[0.0,6.82163]},"76s":{"weight":0.0022,"played":[0.0,1.0],"evs":[0.0,8.57357]},"77":{"weight":5.0E-4,"played":[0.0,1.0],"evs":[0.0,9.07652]},"87o":{"weight":0.0,"played":[0.0,1.0],"evs":[0.0,5.76646]},"97o":{"weight":0.0,"played":[0.0,1.0],"evs":[0.0,5.38839]},"T7o":{"weight":0.0,"played":[0.0,1.0],"evs":[0.0,5.04064]},"J7o":{"weight":0.0,"played":[0.0,1.0],"evs":[0.0,4.46488]},"Q7o":{"weight":0.0,"played":[0.0,1.0],"evs":[0.0,5.28031]},"K7o":{"weight":0.0,"played":[1.0E-4,0.9999],"evs":[0.0,5.0993]},"A7o":{"weight":0.0,"played":[0.0,1.0],"evs":[0.0,4.69728]},"82s":{"weight":0.0,"played":[0.0,1.0],"evs":[0.0,5.42665]},"83s":{"weight":0.0,"played":[0.0,1.0],"evs":[0.0,4.7174]},"84s":{"weight":0.0,"played":[0.0,1.0],"evs":[0.0,5.01215]},"85s":{"weight":0.0,"played":[1.0E-4,0.9999],"evs":[0.0,6.1551]},"86s":{"weight":0.0,"played":[1.0E-4,0.9999],"evs":[0.0,5.92198]},"87s":{"weight":0.0112,"played":[0.0,1.0],"evs":[0.0,7.00869]},"88":{"weight":7.0E-4,"played":[1.0E-4,0.9999],"evs":[0.0,11.12556]},"98o":{"weight":0.0,"played":[1.0E-4,0.9999],"evs":[0.0,5.97348]},"T8o":{"weight":0.0,"played":[0.0,1.0],"evs":[0.0,5.53818]},"J8o":{"weight":0.0,"played":[0.0,1.0],"evs":[0.0,4.91044]},"Q8o":{"weight":0.0,"played":[0.0,1.0],"evs":[0.0,4.46212]},"K8o":{"weight":0.0,"played":[0.0,1.0],"evs":[0.0,4.89422]},"A8o":{"weight":0.0,"played":[0.0,1.0],"evs":[0.0,5.16742]},"92s":{"weight":0.0,"played":[1.0E-4,0.9999],"evs":[0.0,5.33426]},"93s":{"weight":0.0,"played":[0.0,1.0],"evs":[0.0,4.82407]},"94s":{"weight":0.0,"played":[9.0E-4,0.9991],"evs":[0.0,5.74117]},"95s":{"weight":0.0,"played":[1.0E-4,0.9999],"evs":[0.0,5.08314]},"96s":{"weight":0.0,"played":[0.0,1.0],"evs":[0.0,6.69289]},"97s":{"weight":0.0,"played":[0.0,1.0],"evs":[0.0,6.24985]},"98s":{"weight":1.0E-4,"played":[0.0,1.0],"evs":[0.0,7.69425]},"99":{"weight":0.0,"played":[0.0,1.0],"evs":[0.0,10.5884]},"T9o":{"weight":0.0,"played":[0.0,1.0],"evs":[0.0,6.2656]},"J9o":{"weight":1.0E-4,"played":[0.0,1.0],"evs":[0.0,5.2327]},"Q9o":{"weight":0.0,"played":[0.0,1.0],"evs":[0.0,5.36614]},"K9o":{"weight":0.0,"played":[1.0E-4,0.9999],"evs":[0.0,5.7029]},"A9o":{"weight":0.0,"played":[0.0,1.0],"evs":[0.0,5.32524]},"T2s":{"weight":0.0,"played":[0.0,1.0],"evs":[0.0,4.93405]},"T3s":{"weight":0.0,"played":[1.0E-4,0.9999],"evs":[0.0,4.93389]},"T4s":{"weight":0.0,"played":[0.0,1.0],"evs":[0.0,4.23974]},"T5s":{"weight":0.0,"played":[7.0E-4,0.9993],"evs":[0.0,6.40755]},"T6s":{"weight":0.0,"played":[0.0,1.0],"evs":[0.0,6.22101]},"T7s":{"weight":0.0,"played":[0.0019,0.9981],"evs":[0.0,6.6753]},"T8s":{"weight":0.0022,"played":[0.0,1.0],"evs":[0.0,7.23562]},"T9s":{"weight":0.0945,"played":[0.0,1.0],"evs":[0.0,7.23565]},"TT":{"weight":0.0,"played":[0.0,1.0],"evs":[0.0,12.27691]},"JTo":{"weight":0.0,"played":[0.0,1.0],"evs":[0.0,5.9347]},"QTo":{"weight":0.0,"played":[0.0,1.0],"evs":[0.0,6.34665]},"KTo":{"weight":0.0,"played":[0.0,1.0],"evs":[0.0,5.62815]},"ATo":{"weight":3.0E-4,"played":[0.0,1.0],"evs":[0.0,6.00499]},"J2s":{"weight":1.0E-4,"played":[1.0E-4,0.9999],"evs":[0.0,4.90924]},"J3s":{"weight":0.0,"played":[3.0E-4,0.9997],"evs":[0.0,4.3094]},"J4s":{"weight":0.0,"played":[2.0E-4,0.9998],"evs":[0.0,5.40564]},"J5s":{"weight":0.0,"played":[0.0,1.0],"evs":[0.0,6.06693]},"J6s":{"weight":0.0,"played":[0.0,1.0],"evs":[0.0,5.01426]},"J7s":{"weight":0.0,"played":[1.0E-4,0.9999],"evs":[0.0,6.17718]},"J8s":{"weight":2.0E-4,"played":[0.0,1.0],"evs":[0.0,6.78457]},"J9s":{"weight":0.0223,"played":[0.0,1.0],"evs":[0.0,7.4306]},"JTs":{"weight":0.0355,"played":[0.0,1.0],"evs":[0.0,8.4659]},"JJ":{"weight":0.0,"played":[0.0,1.0],"evs":[0.0,16.11166]},"QJo":{"weight":0.0,"played":[0.0,1.0],"evs":[0.0,5.36596]},"KJo":{"weight":0.0,"played":[0.0,1.0],"evs":[0.0,5.82109]},"AJo":{"weight":0.0056,"played":[0.0,1.0],"evs":[0.0,7.6303]},"Q2s":{"weight":0.0,"played":[0.0,1.0],"evs":[0.0,6.01738]},"Q3s":{"weight":0.0,"played":[0.0,1.0],"evs":[0.0,6.06217]},"Q4s":{"weight":3.0E-4,"played":[1.0E-4,0.9999],"evs":[0.0,6.99759]},"Q5s":{"weight":0.0,"played":[0.0,1.0],"evs":[0.0,5.89751]},"Q6s":{"weight":0.0,"played":[1.0E-4,0.9999],"evs":[0.0,6.7458]},"Q7s":{"weight":1.0E-4,"played":[0.0,1.0],"evs":[0.0,5.76124]},"Q8s":{"weight":0.0,"played":[0.0,1.0],"evs":[0.0,6.14421]},"Q9s":{"weight":9.0E-4,"played":[0.0,1.0],"evs":[0.0,6.64636]},"QTs":{"weight":0.0435,"played":[0.0,1.0],"evs":[0.0,7.04582]},"QJs":{"weight":0.0019,"played":[0.0,1.0],"evs":[0.0,7.68031]},"QQ":{"weight":1.0E-4,"played":[0.0,1.0],"evs":[0.0,17.6631]},"KQo":{"weight":1.0E-4,"played":[0.0,1.0],"evs":[0.0,6.64964]},"AQo":{"weight":4.0E-4,"played":[0.0,1.0],"evs":[0.0,9.75611]},"K2s":{"weight":0.0,"played":[0.0,1.0],"evs":[0.0,5.91541]},"K3s":{"weight":0.0,"played":[2.0E-4,0.9998],"evs":[0.0,5.38231]},"K4s":{"weight":0.0,"played":[0.0,1.0],"evs":[0.0,6.54195]},"K5s":{"weight":0.0018,"played":[1.0E-4,0.9999],"evs":[0.0,5.54683]},"K6s":{"weight":0.0,"played":[0.0,1.0],"evs":[0.0,6.14868]},"K7s":{"weight":0.0,"played":[5.0E-4,0.9995],"evs":[0.0,6.28839]},"K8s":{"weight":0.0,"played":[0.0,1.0],"evs":[0.0,6.78237]},"K9s":{"weight":0.0015,"played":[0.0,1.0],"evs":[0.0,7.20785]},"KTs":{"weight":0.0024,"played":[2.0E-4,0.9998],"evs":[0.0,6.77362]},"KJs":{"weight":0.0331,"played":[0.0,1.0],"evs":[0.0,7.31734]},"KQs":{"weight":0.9228,"played":[0.0,1.0],"evs":[0.0,7.78645]},"KK":{"weight":0.0,"played":[0.0,1.0],"evs":[0.0,24.219]},"AKo":{"weight":1.0E-4,"played":[0.0,1.0],"evs":[0.0,10.97625]},"A2s":{"weight":2.0E-4,"played":[0.0,1.0],"evs":[0.0,5.83349]},"A3s":{"weight":7.0E-4,"played":[0.0,1.0],"evs":[0.0,5.35542]},"A4s":{"weight":0.0,"played":[1.0E-4,0.9999],"evs":[0.0,5.72212]},"A5s":{"weight":0.0,"played":[0.0,1.0],"evs":[0.0,6.92556]},"A6s":{"weight":0.0,"played":[3.0E-4,0.9997],"evs":[0.0,6.86133]},"A7s":{"weight":0.0,"played":[3.0E-4,0.9997],"evs":[0.0,6.48503]},"A8s":{"weight":0.0077,"played":[0.0,1.0],"evs":[0.0,6.98548]},"A9s":{"weight":7.0E-4,"played":[0.001,0.999],"evs":[0.0,7.18404]},"ATs":{"weight":0.1536,"played":[0.0,1.0],"evs":[0.0,8.91075]},"AJs":{"weight":0.0681,"played":[0.0,1.0],"evs":[0.0,8.73027]},"AQs":{"weight":1.0E-4,"played":[0.0,1.0],"evs":[0.0,11.02383]},"AKs":{"weight":0.0,"played":[0.0,1.0],"evs":[0.0,12.2388]},"AA":{"weight":0.0,"played":[0.0,1.0],"evs":[0.0,28.48096]}}}