{"player":5,"street":0,"children":2,"sequence":[{"player":0,"type":"R","amount":955000,"street":0},{"player":1,"type":"F","amount":0,"street":0},{"player":2,"type":"C","amount":955000,"street":0},{"player":3,"type":"F","amount":0,"street":0},{"player":4,"type":"R","amount":2215000,"street":0}],"actions":[{"type":"F","amount":0,"node":327},{"type":"C","amount":885000,"node":328}],"hands":{"22":{"weight":1.0,"played":[0.9981,0.0019],"evs":[0.0,-1.76735]},"32o":{"weight":1.0,"played":[1.0,0.0],"evs":[0.0,-2.87461]},"42o":{"weight":1.0,"played":[1.0,0.0],"evs":[0.0,-3.04595]},"52o":{"weight":1.0,"played":[1.0,0.0],"evs":[0.0,-2.50705]},"62o":{"weight":1.0,"played":[1.0,0.0],"evs":[0.0,-3.27381]},"72o":{"weight":1.0,"played":[0.9999,1.0E-4],"evs":[0.0,-3.52251]},"82o":{"weight":1.0,"played":[1.0,0.0],"evs":[0.0,-3.42432]},"92o":{"weight":1.0,"played":[1.0,0.0],"evs":[0.0,-2.96979]},"T2o":{"weight":1.0,"played":[1.0,0.0],"evs":[0.0,-3.06428]},"J2o":{"weight":1.0,"played":[1.0,0.0],"evs":[0.0,-3.63833]},"Q2o":{"weight":1.0,"played":[1.0,0.0],"evs":[0.0,-3.36206]},"K2o":{"weight":1.0,"played":[0.9977,0.0023],"evs":[0.0,-3.07693]},"A2o":{"weight":1.0,"played":[1.0,0.0],"evs":[0.0,-3.51431]},"32s":{"weight":1.0,"played":[0.9913,0.0087],"evs":[0.0,-2.6171]},"33":{"weight":1.0,"played":[0.9992,8.0E-4],"evs":[0.0,-0.75928]},"43o":{"weight":1.0,"played":[0.9986,0.0014],"evs":[0.0,-2.41355]},"53o":{"weight":1.0,"played":[0.9991,9.0E-4],"evs":[0.0,-2.55458]},"63o":{"weight":1.0,"played":[1.0,0.0],"evs":[0.0,-2.57498]},"73o":{"weight":1.0,"played":[1.0,0.0],"evs":[0.0,-2.46373]},"83o":{"weight":1.0,"played":[0.9998,2.0E-4],"evs":[0.0,-3.52253]},"93o":{"weight":1.0,"played":[0.9993,7.0E-4],"evs":[0.0,-2.77173]},"T3o":{"weight":1.0,"played":[1.0,0.0],"evs":[0.0,-3.27617]},"J3o":{"weight":1.0,"played":[1.0,0.0],"evs":[0.0,-2.97407]},"Q3o":{"weight":1.0,"played":[0.9999,1.0E-4],"evs":[0.0,-3.18354]},"K3o":{"weight":1.0,"played":[0.9999,1.0E-4],"evs":[0.0,-2.70788]},"A3o":{"weight":1.0,"played":[0.9993,7.0E-4],"evs":[0.0,-3.07484]},"42s":{"weight":1.0,"played":[0.9983,0.0017],"evs":[0.0,-1.74174]},"43s":{"weight":1.0,"played":[0.9575,0.0425],"evs":[0.0,-1.86746]},"44":{"weight":1.0,"played":[0.9751,0.0249],"evs":[0.0,-1.77767]},"54o":{"weight":1.0,"played":[0.9999,1.0E-4],"evs":[0.0,-2.07671]},"64o":{"weight":1.0,"played":[0.9999,1.0E-4],"evs":[0.0,-1.85725]},"74o":{"weight":1.0,"played":[0.9997,3.0E-4],"evs":[0.0,-2.54969]},"84o":{"weight":1.0,"played":[0.9998,2.0E-4],"evs":[0.0,-3.11163]},"94o":{"weight":1.0,"played":[1.0,0.0],"evs":[0.0,-3.2729]},"T4o":{"weight":1.0,"played":[0.9998,2.0E-4],"evs":[0.0,-3.07151]},"J4o":{"weight":1.0,"played":[0.9998,2.0E-4],"evs":[0.0,-2.97291]},"Q4o":{"weight":1.0,"played":[1.0,0.0],"evs":[0.0,-3.22729]},"K4o":{"weight":1.0,"played":[0.9998,2.0E-4],"evs":[0.0,-2.81866]},"A4o":{"weight":1.0,"played":[1.0,0.0],"evs":[0.0,-2.57557]},"52s":{"weight":1.0,"played":[0.9708,0.0292],"evs":[0.0,-1.25091]},"53s":{"weight":1.0,"played":[0.9746,0.0254],"evs":[0.0,-1.05687]},"54s":{"weight":1.0,"played":[0.9887,0.0113],"evs":[0.0,-0.66588]},"55":{"weight":1.0,"played":[0.9875,0.0125],"evs":[0.0,-0.76038]},"65o":{"weight":1.0,"played":[0.9991,9.0E-4],"evs":[0.0,-1.78937]},"75o":{"weight":1.0,"played":[1.0,0.0],"evs":[0.0,-1.53384]},"85o":{"weight":1.0,"played":[0.9966,0.0034],"evs":[0.0,-2.82246]},"95o":{"weight":1.0,"played":[1.0,0.0],"evs":[0.0,-2.73242]},"T5o":{"weight":1.0,"played":[1.0,0.0],"evs":[0.0,-2.7263]},"J5o":{"weight":1.0,"played":[0.9999,1.0E-4],"evs":[0.0,-3.01704]},"Q5o":{"weight":1.0,"played":[0.9994,6.0E-4],"evs":[0.0,-2.75953]},"K5o":{"weight":1.0,"played":[0.9998,2.0E-4],"evs":[0.0,-2.21677]},"A5o":{"weight":1.0,"played":[0.9999,1.0E-4],"evs":[0.0,-2.90509]},"62s":{"weight":1.0,"played":[0.9982,0.0018],"evs":[0.0,-2.16326]},"63s":{"weight":1.0,"played":[0.9331,0.0669],"evs":[0.0,-1.98099]},"64s":{"weight":1.0,"played":[0.536,0.464],"evs":[0.0,0.06785]},"65s":{"weight":1.0,"played":[0.8598,0.1402],"evs":[0.0,0.05726]},"66":{"weight":1.0,"played":[0.9273,0.0727],"evs":[0.0,-0.35682]},"76o":{"weight":1.0,"played":[0.9984,0.0016],"evs":[0.0,-1.43777]},"86o":{"weight":1.0,"played":[0.9968,0.0032],"evs":[0.0,-1.69026]},"96o":{"weight":1.0,"played":[0.9992,8.0E-4],"evs":[0.0,-2.11317]},"T6o":{"weight":1.0,"played":[0.9969,0.0031],"evs":[0.0,-2.40442]},"J6o":{"weight":1.0,"played":[0.9999,1.0E-4],"evs":[0.0,-3.49005]},"Q6o":{"weight":1.0,"played":[0.9996,4.0E-4],"evs":[0.0,-2.64002]},"K6o":{"weight":1.0,"played":[0.9997,3.0E-4],"evs":[0.0,-2.73119]},"A6o":{"weight":1.0,"played":[0.9994,6.0E-4],"evs":[0.0,-3.08732]},"72s":{"weight":1.0,"played":[0.9999,1.0E-4],"evs":[0.0,-1.94363]},"73s":{"weight":1.0,"played":[0.9996,4.0E-4],"evs":[0.0,-1.59499]},"74s":{"weight":1.0,"played":[0.9999,1.0E-4],"evs":[0.0,-2.02682]},"75s":{"weight":1.0,"played":[0.965,0.035],"evs":[0.0,-0.85496]},"76s":{"weight":1.0,"played":[0.5279,0.4721],"evs":[0.0,-0.24216]},"77":{"weight":1.0,"played":[0.4517,0.5483],"evs":[0.0,0.216]},"87o":{"weight":1.0,"played":[0.9994,6.0E-4],"evs":[0.0,-1.1494]},"97o":{"weight":1.0,"played":[1.0,0.0],"evs":[0.0,-1.34846]},"T7o":{"weight":1.0,"played":[0.9999,1.0E-4],"evs":[0.0,-2.01792]},"J7o":{"weight":1.0,"played":[0.9996,4.0E-4],"evs":[0.0,-2.75344]},"Q7o":{"weight":1.0,"played":[1.0,0.0],"evs":[0.0,-2.73269]},"K7o":{"weight":1.0,"played":[0.9989,0.0011],"evs":[0.0,-2.34996]},"A7o":{"weight":1.0,"played":[1.0,0.0],"evs":[0.0,-2.95922]},"82s":{"weight":1.0,"played":[0.9994,6.0E-4],"evs":[0.0,-2.03998]},"83s":{"weight":1.0,"played":[0.9876,0.0124],"evs":[0.0,-2.10538]},"84s":{"weight":1.0,"played":[0.9952,0.0048],"evs":[0.0,-1.68463]},"85s":{"weight":1.0,"played":[0.932,0.068],"evs":[0.0,-1.02929]},"86s":{"weight":1.0,"played":[0.9933,0.0067],"evs":[0.0,-1.07902]},"87s":{"weight":1.0,"played":[0.8624,0.1376],"evs":[0.0,0.13345]},"88":{"weight":1.0,"played":[0.142,0.858],"evs":[0.0,0.68828]},"98o":{"weight":1.0,"played":[0.9999,1.0E-4],"evs":[0.0,-1.49141]},"T8o":{"weight":1.0,"played":[0.9997,3.0E-4],"evs":[0.0,-1.86622]},"J8o":{"weight":1.0,"played":[0.9999,1.0E-4],"evs":[0.0,-2.03557]},"Q8o":{"weight":1.0,"played":[0.9999,1.0E-4],"evs":[0.0,-2.94513]},"K8o":{"weight":1.0,"played":[0.9997,3.0E-4],"evs":[0.0,-2.39698]},"A8o":{"weight":1.0,"played":[0.9998,2.0E-4],"evs":[0.0,-2.93736]},"92s":{"weight":1.0,"played":[0.9963,0.0037],"evs":[0.0,-1.87249]},"93s":{"weight":1.0,"played":[0.9767,0.0233],"evs":[0.0,-1.95774]},"94s":{"weight":1.0,"played":[0.999,0.001],"evs":[0.0,-2.08382]},"95s":{"weight":1.0,"played":[0.977,0.023],"evs":[0.0,-1.48271]},"96s":{"weight":1.0,"played":[0.9447,0.0553],"evs":[0.0,-1.48591]},"97s":{"weight":1.0,"played":[0.8781,0.1219],"evs":[0.0,-0.90148]},"98s":{"weight":1.0,"played":[0.987,0.013],"evs":[0.0,-1.23904]},"99":{"weight":1.0,"played":[0.1485,0.8515],"evs":[0.0,1.46061]},"T9o":{"weight":1.0,"played":[0.9988,0.0012],"evs":[0.0,-1.95786]},"J9o":{"weight":1.0,"played":[0.9996,4.0E-4],"evs":[0.0,-1.43789]},"Q9o":{"weight":1.0,"played":[1.0,0.0],"evs":[0.0,-1.9891]},"K9o":{"weight":1.0,"played":[0.9999,1.0E-4],"evs":[0.0,-2.18289]},"A9o":{"weight":1.0,"played":[0.9989,0.0011],"evs":[0.0,-2.42999]},"T2s":{"weight":1.0,"played":[0.9994,6.0E-4],"evs":[0.0,-2.03668]},"T3s":{"weight":1.0,"played":[0.9999,1.0E-4],"evs":[0.0,-1.43347]},"T4s":{"weight":1.0,"played":[0.9997,3.0E-4],"evs":[0.0,-1.59475]},"T5s":{"weight":1.0,"played":[0.9999,1.0E-4],"evs":[0.0,-2.02619]},"T6s":{"weight":1.0,"played":[0.949,0.051],"evs":[0.0,-1.52906]},"T7s":{"weight":1.0,"played":[0.6573,0.3427],"evs":[0.0,-0.60376]},"T8s":{"weight":1.0,"played":[0.423,0.577],"evs":[0.0,0.05415]},"T9s":{"weight":1.0,"played":[0.9251,0.0749],"evs":[0.0,-0.78971]},"TT":{"weight":1.0,"played":[0.0,1.0],"evs":[0.0,2.48048]},"JTo":{"weight":1.0,"played":[0.9692,0.0308],"evs":[0.0,-0.98596]},"QTo":{"weight":1.0,"played":[0.9832,0.0168],"evs":[0.0,-1.63532]},"KTo":{"weight":1.0,"played":[0.9977,0.0023],"evs":[0.0,-1.26752]},"ATo":{"weight":1.0,"played":[0.9994,6.0E-4],"evs":[0.0,-2.05105]},"J2s":{"weight":1.0,"played":[0.9983,0.0017],"evs":[0.0,-2.24402]},"J3s":{"weight":1.0,"played":[0.9894,0.0106],"evs":[0.0,-1.9635]},"J4s":{"weight":1.0,"played":[0.9865,0.0135],"evs":[0.0,-2.1599]},"J5s":{"weight":1.0,"played":[0.9775,0.0225],"evs":[0.0,-1.80779]},"J6s":{"weight":1.0,"played":[0.9915,0.0085],"evs":[0.0,-1.21395]},"J7s":{"weight":1.0,"played":[0.9999,1.0E-4],"evs":[0.0,-1.21308]},"J8s":{"weight":1.0,"played":[0.8746,0.1254],"evs":[0.0,-1.04968]},"J9s":{"weight":1.0,"played":[0.9409,0.0591],"evs":[0.0,-0.28333]},"JTs":{"weight":1.0,"played":[0.9571,0.0429],"evs":[0.0,-0.54792]},"JJ":{"weight":1.0,"played":[0.0,1.0],"evs":[0.0,2.99523]},"QJo":{"weight":1.0,"played":[0.999,0.001],"evs":[0.0,-1.48282]},"KJo":{"weight":1.0,"played":[0.9996,4.0E-4],"evs":[0.0,-1.19578]},"AJo":{"weight":1.0,"played":[0.9933,0.0067],"evs":[0.0,-1.08071]},"Q2s":{"weight":1.0,"played":[1.0,0.0],"evs":[0.0,-1.58305]},"Q3s":{"weight":1.0,"played":[0.9951,0.0049],"evs":[0.0,-1.74283]},"Q4s":{"weight":1.0,"played":[0.9995,5.0E-4],"evs":[0.0,-1.05271]},"Q5s":{"weight":1.0,"played":[0.9622,0.0378],"evs":[0.0,-1.42065]},"Q6s":{"weight":1.0,"played":[0.8555,0.1445],"evs":[0.0,-0.60413]},"Q7s":{"weight":1.0,"played":[0.9847,0.0153],"evs":[0.0,-1.2849]},"Q8s":{"weight":1.0,"played":[0.8023,0.1977],"evs":[0.0,-1.22708]},"Q9s":{"weight":1.0,"played":[0.9943,0.0057],"evs":[0.0,-1.30503]},"QTs":{"weight":1.0,"played":[0.991,0.009],"evs":[0.0,-0.7029]},"QJs":{"weight":1.0,"played":[0.7491,0.2509],"evs":[0.0,-0.32193]},"QQ":{"weight":1.0,"played":[0.0,1.0],"evs":[0.0,5.48523]},"KQo":{"weight":1.0,"played":[0.9769,0.0231],"evs":[0.0,-0.96283]},"AQo":{"weight":1.0,"played":[0.7763,0.2237],"evs":[0.0,-0.36187]},"K2s":{"weight":1.0,"played":[1.0,0.0],"evs":[0.0,-2.344]},"K3s":{"weight":1.0,"played":[0.9999,1.0E-4],"evs":[0.0,-2.21856]},"K4s":{"weight":1.0,"played":[0.9994,6.0E-4],"evs":[0.0,-2.38705]},"K5s":{"weight":1.0,"played":[0.7285,0.2715],"evs":[0.0,-1.01786]},"K6s":{"weight":1.0,"played":[0.9916,0.0084],"evs":[0.0,-1.05581]},"K7s":{"weight":1.0,"played":[0.9472,0.0528],"evs":[0.0,-0.77633]},"K8s":{"weight":1.0,"played":[0.9044,0.0956],"evs":[0.0,-1.27493]},"K9s":{"weight":1.0,"played":[0.9927,0.0073],"evs":[0.0,-1.04642]},"KTs":{"weight":1.0,"played":[0.7091,0.2909],"evs":[0.0,-0.85115]},"KJs":{"weight":1.0,"played":[0.6552,0.3448],"evs":[0.0,-0.87544]},"KQs":{"weight":1.0,"played":[0.0238,0.9762],"evs":[0.0,0.47528]},"KK":{"weight":1.0,"played":[0.0,1.0],"evs":[0.0,9.49048]},"AKo":{"weight":1.0,"played":[0.0044,0.9956],"evs":[0.0,1.19559]},"A2s":{"weight":1.0,"played":[0.9841,0.0159],"evs":[0.0,-1.66434]},"A3s":{"weight":1.0,"played":[0.9972,0.0028],"evs":[0.0,-2.09529]},"A4s":{"weight":1.0,"played":[0.9917,0.0083],"evs":[0.0,-2.14324]},"A5s":{"weight":1.0,"played":[0.7038,0.2962],"evs":[0.0,-0.73545]},"A6s":{"weight":1.0,"played":[0.9978,0.0022],"evs":[0.0,-3.22025]},"A7s":{"weight":1.0,"played":[0.9942,0.0058],"evs":[0.0,-0.82197]},"A8s":{"weight":1.0,"played":[0.8916,0.1084],"evs":[0.0,-0.77967]},"A9s":{"weight":1.0,"played":[0.9994,6.0E-4],"evs":[0.0,-1.26384]},"ATs":{"weight":1.0,"played":[0.978,0.022],"evs":[0.0,-0.69626]},"AJs":{"weight":1.0,"played":[0.3431,0.6569],"evs":[0.0,0.0679]},"AQs":{"weight":1.0,"played":[0.0185,0.9815],"evs":[0.0,0.65943]},"AKs":{"weight":1.0,"played":[9.0E-4,0.9991],"evs":[0.0,2.79796]},"AA":{"weight":1.0,"played":[0.0,1.0],"evs":[0.0,13.03103]}}}