{"player":4,"street":0,"children":2,"sequence":[{"player":0,"type":"R","amount":955000,"street":0},{"player":1,"type":"F","amount":0,"street":0},{"player":2,"type":"C","amount":955000,"street":0},{"player":3,"type":"C","amount":955000,"street":0}],"actions":[{"type":"F","amount":0,"node":330},{"type":"R","amount":2985000,"node":334}],"hands":{"22":{"weight":1.0,"played":[0.6963,0.3037],"evs":[0.0,-2.37033]},"32o":{"weight":1.0,"played":[0.9985,0.0015],"evs":[0.0,-12.23223]},"42o":{"weight":1.0,"played":[0.9951,0.0049],"evs":[0.0,-5.56624]},"52o":{"weight":1.0,"played":[0.9767,0.0233],"evs":[0.0,-7.35019]},"62o":{"weight":1.0,"played":[1.0,0.0],"evs":[0.0,-8.40366]},"72o":{"weight":1.0,"played":[0.9996,4.0E-4],"evs":[0.0,-7.85674]},"82o":{"weight":1.0,"played":[1.0,0.0],"evs":[0.0,-10.78935]},"92o":{"weight":1.0,"played":[0.9853,0.0147],"evs":[0.0,-6.50897]},"T2o":{"weight":1.0,"played":[0.9997,3.0E-4],"evs":[0.0,-8.14712]},"J2o":{"weight":1.0,"played":[0.996,0.004],"evs":[0.0,-4.4139]},"Q2o":{"weight":1.0,"played":[0.9994,6.0E-4],"evs":[0.0,-11.47703]},"K2o":{"weight":1.0,"played":[0.9898,0.0102],"evs":[0.0,-8.14358]},"A2o":{"weight":1.0,"played":[0.7928,0.2072],"evs":[0.0,-0.37913]},"32s":{"weight":1.0,"played":[0.9806,0.0194],"evs":[0.0,-11.81952]},"33":{"weight":1.0,"played":[0.8957,0.1043],"evs":[0.0,1.0539]},"43o":{"weight":1.0,"played":[0.9966,0.0034],"evs":[0.0,-6.65614]},"53o":{"weight":1.0,"played":[0.9987,0.0013],"evs":[0.0,-4.79286]},"63o":{"weight":1.0,"played":[0.9982,0.0018],"evs":[0.0,-11.05542]},"73o":{"weight":1.0,"played":[0.9998,2.0E-4],"evs":[0.0,-7.23569]},"83o":{"weight":1.0,"played":[0.9983,0.0017],"evs":[0.0,-9.50184]},"93o":{"weight":1.0,"played":[0.9917,0.0083],"evs":[0.0,-10.0605]},"T3o":{"weight":1.0,"played":[0.9952,0.0048],"evs":[0.0,-9.49677]},"J3o":{"weight":1.0,"played":[0.9537,0.0463],"evs":[0.0,-6.3013]},"Q3o":{"weight":1.0,"played":[0.9994,6.0E-4],"evs":[0.0,-12.68277]},"K3o":{"weight":1.0,"played":[0.9998,2.0E-4],"evs":[0.0,-11.11707]},"A3o":{"weight":1.0,"played":[0.9982,0.0018],"evs":[0.0,-4.50509]},"42s":{"weight":1.0,"played":[0.9976,0.0024],"evs":[0.0,-5.83756]},"43s":{"weight":1.0,"played":[0.7516,0.2484],"evs":[0.0,-5.70772]},"44":{"weight":1.0,"played":[0.9616,0.0384],"evs":[0.0,-3.59089]},"54o":{"weight":1.0,"played":[0.9864,0.0136],"evs":[0.0,-5.26716]},"64o":{"weight":1.0,"played":[0.9964,0.0036],"evs":[0.0,-7.57578]},"74o":{"weight":1.0,"played":[0.9998,2.0E-4],"evs":[0.0,-8.35849]},"84o":{"weight":1.0,"played":[0.9935,0.0065],"evs":[0.0,-9.88291]},"94o":{"weight":1.0,"played":[1.0,0.0],"evs":[0.0,-10.08843]},"T4o":{"weight":1.0,"played":[0.9876,0.0124],"evs":[0.0,-5.89124]},"J4o":{"weight":1.0,"played":[0.979,0.021],"evs":[0.0,-10.99436]},"Q4o":{"weight":1.0,"played":[0.9957,0.0043],"evs":[0.0,-5.82168]},"K4o":{"weight":1.0,"played":[0.9943,0.0057],"evs":[0.0,-10.83146]},"A4o":{"weight":1.0,"played":[0.798,0.202],"evs":[0.0,0.31192]},"52s":{"weight":1.0,"played":[0.944,0.056],"evs":[0.0,-3.60375]},"53s":{"weight":1.0,"played":[0.9585,0.0415],"evs":[0.0,0.16036]},"54s":{"weight":1.0,"played":[0.8927,0.1073],"evs":[0.0,-6.07323]},"55":{"weight":1.0,"played":[0.4616,0.5384],"evs":[0.0,1.36472]},"65o":{"weight":1.0,"played":[0.9764,0.0236],"evs":[0.0,-1.46193]},"75o":{"weight":1.0,"played":[0.9989,0.0011],"evs":[0.0,-6.21428]},"85o":{"weight":1.0,"played":[0.9998,2.0E-4],"evs":[0.0,-5.28383]},"95o":{"weight":1.0,"played":[1.0,0.0],"evs":[0.0,-5.37616]},"T5o":{"weight":1.0,"played":[0.9992,8.0E-4],"evs":[0.0,-7.87267]},"J5o":{"weight":1.0,"played":[0.9938,0.0062],"evs":[0.0,-10.32564]},"Q5o":{"weight":1.0,"played":[0.9988,0.0012],"evs":[0.0,-11.71512]},"K5o":{"weight":1.0,"played":[0.9967,0.0033],"evs":[0.0,-8.12793]},"A5o":{"weight":1.0,"played":[0.9816,0.0184],"evs":[0.0,-2.87977]},"62s":{"weight":1.0,"played":[0.7013,0.2987],"evs":[0.0,1.86236]},"63s":{"weight":1.0,"played":[0.7186,0.2814],"evs":[0.0,-2.09039]},"64s":{"weight":1.0,"played":[0.6563,0.3437],"evs":[0.0,-0.60085]},"65s":{"weight":1.0,"played":[0.3011,0.6989],"evs":[0.0,-4.36396]},"66":{"weight":1.0,"played":[0.2469,0.7531],"evs":[0.0,1.23836]},"76o":{"weight":1.0,"played":[0.9933,0.0067],"evs":[0.0,-6.99595]},"86o":{"weight":1.0,"played":[0.8053,0.1947],"evs":[0.0,-1.9105]},"96o":{"weight":1.0,"played":[0.9937,0.0063],"evs":[0.0,-9.47015]},"T6o":{"weight":1.0,"played":[0.9995,5.0E-4],"evs":[0.0,-7.85622]},"J6o":{"weight":1.0,"played":[0.9955,0.0045],"evs":[0.0,-7.50952]},"Q6o":{"weight":1.0,"played":[1.0,0.0],"evs":[0.0,-9.09607]},"K6o":{"weight":1.0,"played":[0.9754,0.0246],"evs":[0.0,-11.07852]},"A6o":{"weight":1.0,"played":[0.9889,0.0111],"evs":[0.0,-4.50424]},"72s":{"weight":1.0,"played":[0.9996,4.0E-4],"evs":[0.0,-12.59369]},"73s":{"weight":1.0,"played":[1.0,0.0],"evs":[0.0,-9.87977]},"74s":{"weight":1.0,"played":[0.9814,0.0186],"evs":[0.0,-4.40916]},"75s":{"weight":1.0,"played":[0.6641,0.3359],"evs":[0.0,-1.76973]},"76s":{"weight":1.0,"played":[0.5386,0.4614],"evs":[0.0,2.95803]},"77":{"weight":1.0,"played":[0.2181,0.7819],"evs":[0.0,1.53697]},"87o":{"weight":1.0,"played":[0.9987,0.0013],"evs":[0.0,-3.41081]},"97o":{"weight":1.0,"played":[0.9992,8.0E-4],"evs":[0.0,-4.17375]},"T7o":{"weight":1.0,"played":[0.999,0.001],"evs":[0.0,-3.76524]},"J7o":{"weight":1.0,"played":[0.9818,0.0182],"evs":[0.0,-9.4418]},"Q7o":{"weight":1.0,"played":[0.9937,0.0063],"evs":[0.0,-9.58559]},"K7o":{"weight":1.0,"played":[0.9894,0.0106],"evs":[0.0,-9.57626]},"A7o":{"weight":1.0,"played":[0.9981,0.0019],"evs":[0.0,-4.01024]},"82s":{"weight":1.0,"played":[0.9175,0.0825],"evs":[0.0,-6.13917]},"83s":{"weight":1.0,"played":[0.9857,0.0143],"evs":[0.0,-7.12033]},"84s":{"weight":1.0,"played":[0.9999,1.0E-4],"evs":[0.0,-8.93106]},"85s":{"weight":1.0,"played":[0.8232,0.1768],"evs":[0.0,-4.36152]},"86s":{"weight":1.0,"played":[0.9756,0.0244],"evs":[0.0,-4.42458]},"87s":{"weight":1.0,"played":[0.3206,0.6794],"evs":[0.0,3.40806]},"88":{"weight":1.0,"played":[0.1333,0.8667],"evs":[0.0,9.85301]},"98o":{"weight":1.0,"played":[0.9958,0.0042],"evs":[0.0,-7.56922]},"T8o":{"weight":1.0,"played":[0.9297,0.0703],"evs":[0.0,-4.03611]},"J8o":{"weight":1.0,"played":[0.9988,0.0012],"evs":[0.0,-6.52036]},"Q8o":{"weight":1.0,"played":[0.9985,0.0015],"evs":[0.0,-8.14078]},"K8o":{"weight":1.0,"played":[0.9958,0.0042],"evs":[0.0,-7.86548]},"A8o":{"weight":1.0,"played":[0.9542,0.0458],"evs":[0.0,-0.23911]},"92s":{"weight":1.0,"played":[0.9921,0.0079],"evs":[0.0,-3.29877]},"93s":{"weight":1.0,"played":[0.4019,0.5981],"evs":[0.0,-1.94746]},"94s":{"weight":1.0,"played":[0.8621,0.1379],"evs":[0.0,-3.98076]},"95s":{"weight":1.0,"played":[0.8142,0.1858],"evs":[0.0,-3.04115]},"96s":{"weight":1.0,"played":[0.9962,0.0038],"evs":[0.0,-8.07395]},"97s":{"weight":1.0,"played":[0.5056,0.4944],"evs":[0.0,-1.8721]},"98s":{"weight":1.0,"played":[0.9602,0.0398],"evs":[0.0,-3.77985]},"99":{"weight":1.0,"played":[0.0037,0.9963],"evs":[0.0,5.6402]},"T9o":{"weight":1.0,"played":[0.9998,2.0E-4],"evs":[0.0,-3.29962]},"J9o":{"weight":1.0,"played":[0.9397,0.0603],"evs":[0.0,-5.33365]},"Q9o":{"weight":1.0,"played":[0.9619,0.0381],"evs":[0.0,-5.57397]},"K9o":{"weight":1.0,"played":[0.9005,0.0995],"evs":[0.0,-4.69205]},"A9o":{"weight":1.0,"played":[0.9768,0.0232],"evs":[0.0,-1.37833]},"T2s":{"weight":1.0,"played":[0.8344,0.1656],"evs":[0.0,-6.30876]},"T3s":{"weight":1.0,"played":[0.9979,0.0021],"evs":[0.0,-12.38335]},"T4s":{"weight":1.0,"played":[0.8296,0.1704],"evs":[0.0,-3.05509]},"T5s":{"weight":1.0,"played":[0.0077,0.9923],"evs":[0.0,4.32696]},"T6s":{"weight":1.0,"played":[0.0754,0.9246],"evs":[0.0,3.19926]},"T7s":{"weight":1.0,"played":[0.9805,0.0195],"evs":[0.0,-7.15873]},"T8s":{"weight":1.0,"played":[0.8738,0.1262],"evs":[0.0,-4.04769]},"T9s":{"weight":1.0,"played":[0.8356,0.1644],"evs":[0.0,-2.58402]},"TT":{"weight":1.0,"played":[0.0152,0.9848],"evs":[0.0,9.86223]},"JTo":{"weight":1.0,"played":[0.937,0.063],"evs":[0.0,-2.33081]},"QTo":{"weight":1.0,"played":[0.965,0.035],"evs":[0.0,-7.53134]},"KTo":{"weight":1.0,"played":[0.9228,0.0772],"evs":[0.0,-6.76825]},"ATo":{"weight":1.0,"played":[0.9547,0.0453],"evs":[0.0,-0.59184]},"J2s":{"weight":1.0,"played":[0.9653,0.0347],"evs":[0.0,-9.27157]},"J3s":{"weight":1.0,"played":[0.467,0.533],"evs":[0.0,5.75753]},"J4s":{"weight":1.0,"played":[0.8037,0.1963],"evs":[0.0,-6.16936]},"J5s":{"weight":1.0,"played":[0.9172,0.0828],"evs":[0.0,1.61669]},"J6s":{"weight":1.0,"played":[0.9599,0.0401],"evs":[0.0,-10.57264]},"J7s":{"weight":1.0,"played":[0.9769,0.0231],"evs":[0.0,-6.5777]},"J8s":{"weight":1.0,"played":[0.8315,0.1685],"evs":[0.0,-5.6009]},"J9s":{"weight":1.0,"played":[0.128,0.872],"evs":[0.0,3.00032]},"JTs":{"weight":1.0,"played":[0.9398,0.0602],"evs":[0.0,-4.64996]},"JJ":{"weight":1.0,"played":[6.0E-4,0.9994],"evs":[0.0,11.67602]},"QJo":{"weight":1.0,"played":[0.9987,0.0013],"evs":[0.0,-6.28396]},"KJo":{"weight":1.0,"played":[0.8899,0.1101],"evs":[0.0,-8.55495]},"AJo":{"weight":1.0,"played":[0.393,0.607],"evs":[0.0,2.99782]},"Q2s":{"weight":1.0,"played":[0.8916,0.1084],"evs":[0.0,-6.13053]},"Q3s":{"weight":1.0,"played":[0.9485,0.0515],"evs":[0.0,-7.97975]},"Q4s":{"weight":1.0,"played":[0.9837,0.0163],"evs":[0.0,-13.83947]},"Q5s":{"weight":1.0,"played":[1.0,0.0],"evs":[0.0,-8.57086]},"Q6s":{"weight":1.0,"played":[0.966,0.034],"evs":[0.0,-7.33586]},"Q7s":{"weight":1.0,"played":[0.9453,0.0547],"evs":[0.0,-1.92932]},"Q8s":{"weight":1.0,"played":[0.9988,0.0012],"evs":[0.0,-5.76682]},"Q9s":{"weight":1.0,"played":[0.6847,0.3153],"evs":[0.0,-2.01782]},"QTs":{"weight":1.0,"played":[0.1648,0.8352],"evs":[0.0,-0.20181]},"QJs":{"weight":1.0,"played":[0.8524,0.1476],"evs":[0.0,-3.80345]},"QQ":{"weight":1.0,"played":[0.0,1.0],"evs":[0.0,14.18657]},"KQo":{"weight":1.0,"played":[0.8711,0.1289],"evs":[0.0,-7.35141]},"AQo":{"weight":1.0,"played":[0.0369,0.9631],"evs":[0.0,8.06467]},"K2s":{"weight":1.0,"played":[0.9559,0.0441],"evs":[0.0,-4.26052]},"K3s":{"weight":1.0,"played":[0.6322,0.3678],"evs":[0.0,0.04532]},"K4s":{"weight":1.0,"played":[0.9982,0.0018],"evs":[0.0,-2.39641]},"K5s":{"weight":1.0,"played":[0.9804,0.0196],"evs":[0.0,-11.13631]},"K6s":{"weight":1.0,"played":[0.4885,0.5115],"evs":[0.0,-1.95165]},"K7s":{"weight":1.0,"played":[0.9092,0.0908],"evs":[0.0,-3.09674]},"K8s":{"weight":1.0,"played":[0.9963,0.0037],"evs":[0.0,-3.7672]},"K9s":{"weight":1.0,"played":[0.8849,0.1151],"evs":[0.0,-9.26248]},"KTs":{"weight":1.0,"played":[0.4597,0.5403],"evs":[0.0,-2.40382]},"KJs":{"weight":1.0,"played":[0.8663,0.1337],"evs":[0.0,-2.44688]},"KQs":{"weight":1.0,"played":[0.2281,0.7719],"evs":[0.0,-0.99319]},"KK":{"weight":1.0,"played":[0.0,1.0],"evs":[0.0,28.9647]},"AKo":{"weight":1.0,"played":[0.0064,0.9936],"evs":[0.0,8.10887]},"A2s":{"weight":1.0,"played":[0.9947,0.0053],"evs":[0.0,-5.9443]},"A3s":{"weight":1.0,"played":[0.7558,0.2442],"evs":[0.0,-3.1963]},"A4s":{"weight":1.0,"played":[0.9124,0.0876],"evs":[0.0,3.41099]},"A5s":{"weight":1.0,"played":[0.9035,0.0965],"evs":[0.0,-3.97566]},"A6s":{"weight":1.0,"played":[0.2441,0.7559],"evs":[0.0,3.57326]},"A7s":{"weight":1.0,"played":[0.0071,0.9929],"evs":[0.0,7.89005]},"A8s":{"weight":1.0,"played":[0.9233,0.0767],"evs":[0.0,-2.28253]},"A9s":{"weight":1.0,"played":[0.7091,0.2909],"evs":[0.0,-1.04842]},"ATs":{"weight":1.0,"played":[0.5651,0.4349],"evs":[0.0,0.24375]},"AJs":{"weight":1.0,"played":[0.7328,0.2672],"evs":[0.0,4.53521]},"AQs":{"weight":1.0,"played":[0.0086,0.9914],"evs":[0.0,11.23856]},"AKs":{"weight":1.0,"played":[0.0208,0.9792],"evs":[0.0,6.81693]},"AA":{"weight":1.0,"played":[0.0,1.0],"evs":[0.0,32.99993]}}}