{"player":2,"street":0,"children":2,"sequence":[{"player":0,"type":"R","amount":955000,"street":0},{"player":1,"type":"F","amount":0,"street":0},{"player":2,"type":"C","amount":955000,"street":0},{"player":3,"type":"C","amount":955000,"street":0},{"player":4,"type":"F","amount":0,"street":0},{"player":5,"type":"R","amount":985000,"street":0}],"actions":[{"type":"F","amount":0,"node":332},{"type":"C","amount":30000,"node":333}],"hands":{"22":{"weight":0.0,"played":[6.0E-4,0.9994],"evs":[0.0,6.30254]},"32o":{"weight":0.0,"played":[1.0E-4,0.9999],"evs":[0.0,3.51482]},"42o":{"weight":0.0,"played":[2.0E-4,0.9998],"evs":[0.0,4.49149]},"52o":{"weight":0.0,"played":[0.0066,0.9934],"evs":[0.0,4.58107]},"62o":{"weight":0.0,"played":[9.0E-4,0.9991],"evs":[0.0,3.62831]},"72o":{"weight":0.0,"played":[0.001,0.999],"evs":[0.0,3.03231]},"82o":{"weight":0.0,"played":[0.0156,0.9844],"evs":[0.0,2.90416]},"92o":{"weight":0.0,"played":[0.0064,0.9936],"evs":[0.0,4.0896]},"T2o":{"weight":0.0,"played":[5.0E-4,0.9995],"evs":[0.0,4.33726]},"J2o":{"weight":0.0,"played":[0.0,1.0],"evs":[0.0,3.38462]},"Q2o":{"weight":0.0,"played":[0.0013,0.9987],"evs":[0.0,2.9545]},"K2o":{"weight":0.0,"played":[1.0E-4,0.9999],"evs":[0.0,4.303]},"A2o":{"weight":0.0,"played":[9.0E-4,0.9991],"evs":[0.0,5.43527]},"32s":{"weight":0.0,"played":[0.0034,0.9966],"evs":[0.0,5.05126]},"33":{"weight":0.0,"played":[0.0,1.0],"evs":[0.0,6.58331]},"43o":{"weight":0.0,"played":[1.0E-4,0.9999],"evs":[0.0,5.01286]},"53o":{"weight":0.0,"played":[1.0E-4,0.9999],"evs":[0.0,4.64684]},"63o":{"weight":0.0,"played":[0.0,1.0],"evs":[0.0,4.36802]},"73o":{"weight":0.0,"played":[0.0,1.0],"evs":[0.0,4.95055]},"83o":{"weight":0.0,"played":[3.0E-4,0.9997],"evs":[0.0,4.38656]},"93o":{"weight":0.0,"played":[8.0E-4,0.9992],"evs":[0.0,4.03495]},"T3o":{"weight":0.0,"played":[0.0,1.0],"evs":[0.0,4.41406]},"J3o":{"weight":0.0,"played":[0.0016,0.9984],"evs":[0.0,4.09883]},"Q3o":{"weight":0.0,"played":[0.0122,0.9878],"evs":[0.0,3.43674]},"K3o":{"weight":0.0,"played":[0.0037,0.9963],"evs":[0.0,3.87954]},"A3o":{"weight":0.0,"played":[0.0,1.0],"evs":[0.0,4.97661]},"42s":{"weight":0.0,"played":[0.0016,0.9984],"evs":[0.0,6.36528]},"43s":{"weight":0.0,"played":[1.0E-4,0.9999],"evs":[0.0,6.26093]},"44":{"weight":0.2313,"played":[3.0E-4,0.9997],"evs":[0.0,6.85888]},"54o":{"weight":0.0,"played":[0.0,1.0],"evs":[0.0,6.08651]},"64o":{"weight":0.0,"played":[0.0072,0.9928],"evs":[0.0,5.05193]},"74o":{"weight":0.0,"played":[0.0,1.0],"evs":[0.0,5.31625]},"84o":{"weight":0.0,"played":[0.003,0.997],"evs":[0.0,4.5648]},"94o":{"weight":0.0,"played":[0.0,1.0],"evs":[0.0,3.85489]},"T4o":{"weight":0.0,"played":[0.0,1.0],"evs":[0.0,4.05368]},"J4o":{"weight":0.0,"played":[0.0,1.0],"evs":[0.0,3.97726]},"Q4o":{"weight":0.0,"played":[0.0131,0.9869],"evs":[0.0,3.16174]},"K4o":{"weight":0.0,"played":[0.006,0.994],"evs":[0.0,3.74792]},"A4o":{"weight":0.0,"played":[0.0,1.0],"evs":[0.0,5.34295]},"52s":{"weight":0.0,"played":[0.0034,0.9966],"evs":[0.0,5.67537]},"53s":{"weight":0.0,"played":[0.0028,0.9972],"evs":[0.0,7.85455]},"54s":{"weight":0.0,"played":[6.0E-4,0.9994],"evs":[0.0,8.83604]},"55":{"weight":0.1347,"played":[5.0E-4,0.9995],"evs":[0.0,7.62218]},"65o":{"weight":0.0,"played":[3.0E-4,0.9997],"evs":[0.0,5.37495]},"75o":{"weight":0.0,"played":[0.0,1.0],"evs":[0.0,5.35625]},"85o":{"weight":0.0,"played":[0.0,1.0],"evs":[0.0,5.05794]},"95o":{"weight":0.0,"played":[2.0E-4,0.9998],"evs":[0.0,5.08257]},"T5o":{"weight":0.0,"played":[1.0E-4,0.9999],"evs":[0.0,4.85758]},"J5o":{"weight":0.0,"played":[0.001,0.999],"evs":[0.0,4.16781]},"Q5o":{"weight":0.0,"played":[0.0017,0.9983],"evs":[0.0,4.5115]},"K5o":{"weight":0.0,"played":[0.003,0.997],"evs":[0.0,3.79554]},"A5o":{"weight":0.0,"played":[1.0E-4,0.9999],"evs":[0.0,5.65332]},"62s":{"weight":0.0,"played":[0.0145,0.9855],"evs":[0.0,4.12976]},"63s":{"weight":0.0,"played":[0.0064,0.9936],"evs":[0.0,5.33296]},"64s":{"weight":0.0,"played":[2.0E-4,0.9998],"evs":[0.0,7.07654]},"65s":{"weight":0.0,"played":[0.0,1.0],"evs":[0.0,7.17483]},"66":{"weight":0.2139,"played":[1.0E-4,0.9999],"evs":[0.0,8.63255]},"76o":{"weight":0.0,"played":[3.0E-4,0.9997],"evs":[0.0,6.83686]},"86o":{"weight":0.0,"played":[2.0E-4,0.9998],"evs":[0.0,5.2904]},"96o":{"weight":0.0,"played":[7.0E-4,0.9993],"evs":[0.0,5.63402]},"T6o":{"weight":0.0,"played":[0.0013,0.9987],"evs":[0.0,4.39737]},"J6o":{"weight":0.0,"played":[2.0E-4,0.9998],"evs":[0.0,4.52258]},"Q6o":{"weight":0.0,"played":[6.0E-4,0.9994],"evs":[0.0,3.11565]},"K6o":{"weight":0.0,"played":[1.0E-4,0.9999],"evs":[0.0,3.95218]},"A6o":{"weight":0.0,"played":[0.0,1.0],"evs":[0.0,6.35151]},"72s":{"weight":0.0,"played":[0.0105,0.9895],"evs":[0.0,4.79351]},"73s":{"weight":0.0,"played":[4.0E-4,0.9996],"evs":[0.0,7.13189]},"74s":{"weight":0.0,"played":[2.0E-4,0.9998],"evs":[0.0,5.21591]},"75s":{"weight":0.0,"played":[1.0E-4,0.9999],"evs":[0.0,6.50742]},"76s":{"weight":0.0,"played":[1.0E-4,0.9999],"evs":[0.0,7.39997]},"77":{"weight":0.3648,"played":[0.0,1.0],"evs":[0.0,8.07965]},"87o":{"weight":0.0,"played":[1.0E-4,0.9999],"evs":[0.0,5.77048]},"97o":{"weight":0.0,"played":[0.0,1.0],"evs":[0.0,5.9809]},"T7o":{"weight":0.0,"played":[0.0,1.0],"evs":[0.0,4.61002]},"J7o":{"weight":0.0,"played":[1.0E-4,0.9999],"evs":[0.0,5.79753]},"Q7o":{"weight":0.0,"played":[0.0,1.0],"evs":[0.0,4.04712]},"K7o":{"weight":0.0,"played":[0.0018,0.9982],"evs":[0.0,3.2238]},"A7o":{"weight":0.0,"played":[0.0,1.0],"evs":[0.0,5.50674]},"82s":{"weight":0.0,"played":[3.0E-4,0.9997],"evs":[0.0,4.21371]},"83s":{"weight":0.0,"played":[8.0E-4,0.9992],"evs":[0.0,3.69562]},"84s":{"weight":0.0,"played":[1.0E-4,0.9999],"evs":[0.0,6.01728]},"85s":{"weight":0.0,"played":[1.0E-4,0.9999],"evs":[0.0,5.69219]},"86s":{"weight":0.0,"played":[3.0E-4,0.9997],"evs":[0.0,7.16141]},"87s":{"weight":0.0,"played":[1.0E-4,0.9999],"evs":[0.0,5.57767]},"88":{"weight":0.0025,"played":[1.0E-4,0.9999],"evs":[0.0,10.21229]},"98o":{"weight":0.0,"played":[0.0,1.0],"evs":[0.0,5.93484]},"T8o":{"weight":0.0,"played":[0.0,1.0],"evs":[0.0,5.62441]},"J8o":{"weight":0.0,"played":[0.0,1.0],"evs":[0.0,5.27559]},"Q8o":{"weight":0.0,"played":[1.0E-4,0.9999],"evs":[0.0,4.27202]},"K8o":{"weight":0.0,"played":[0.0,1.0],"evs":[0.0,4.57722]},"A8o":{"weight":0.0,"played":[0.0,1.0],"evs":[0.0,6.14851]},"92s":{"weight":0.0,"played":[0.0045,0.9955],"evs":[0.0,4.64065]},"93s":{"weight":0.0,"played":[1.0E-4,0.9999],"evs":[0.0,5.70719]},"94s":{"weight":0.0,"played":[0.0046,0.9954],"evs":[0.0,3.64009]},"95s":{"weight":0.0,"played":[0.0026,0.9974],"evs":[0.0,5.85377]},"96s":{"weight":0.0,"played":[0.0022,0.9978],"evs":[0.0,5.04898]},"97s":{"weight":0.0,"played":[0.0034,0.9966],"evs":[0.0,5.49248]},"98s":{"weight":0.0,"played":[0.0017,0.9983],"evs":[0.0,6.63861]},"99":{"weight":0.017,"played":[0.0,1.0],"evs":[0.0,10.78184]},"T9o":{"weight":0.0,"played":[2.0E-4,0.9998],"evs":[0.0,6.55824]},"J9o":{"weight":0.0,"played":[0.0,1.0],"evs":[0.0,5.64758]},"Q9o":{"weight":0.0,"played":[0.0,1.0],"evs":[0.0,4.45325]},"K9o":{"weight":0.0,"played":[0.0,1.0],"evs":[0.0,4.07756]},"A9o":{"weight":0.0,"played":[0.0,1.0],"evs":[0.0,5.66459]},"T2s":{"weight":0.0,"played":[0.0073,0.9927],"evs":[0.0,4.24846]},"T3s":{"weight":0.0,"played":[0.0011,0.9989],"evs":[0.0,6.56088]},"T4s":{"weight":0.0,"played":[2.0E-4,0.9998],"evs":[0.0,6.16336]},"T5s":{"weight":0.0,"played":[0.0,1.0],"evs":[0.0,4.37733]},"T6s":{"weight":0.0,"played":[0.0,1.0],"evs":[0.0,5.70742]},"T7s":{"weight":0.0,"played":[0.001,0.999],"evs":[0.0,5.59237]},"T8s":{"weight":0.0,"played":[3.0E-4,0.9997],"evs":[0.0,5.90036]},"T9s":{"weight":0.0,"played":[0.0,1.0],"evs":[0.0,6.63922]},"TT":{"weight":0.0109,"played":[0.0,1.0],"evs":[0.0,12.57338]},"JTo":{"weight":0.0,"played":[5.0E-4,0.9995],"evs":[0.0,6.11972]},"QTo":{"weight":0.0,"played":[0.0,1.0],"evs":[0.0,5.00757]},"KTo":{"weight":0.0,"played":[0.0,1.0],"evs":[0.0,4.12326]},"ATo":{"weight":0.0433,"played":[0.0,1.0],"evs":[0.0,7.61612]},"J2s":{"weight":0.0,"played":[0.0025,0.9975],"evs":[0.0,5.43954]},"J3s":{"weight":0.0,"played":[2.0E-4,0.9998],"evs":[0.0,7.06939]},"J4s":{"weight":0.0,"played":[9.0E-4,0.9991],"evs":[0.0,4.8745]},"J5s":{"weight":0.0,"played":[1.0E-4,0.9999],"evs":[0.0,6.74169]},"J6s":{"weight":0.0,"played":[0.009,0.991],"evs":[0.0,5.32493]},"J7s":{"weight":0.0,"played":[2.0E-4,0.9998],"evs":[0.0,6.47369]},"J8s":{"weight":0.0,"played":[4.0E-4,0.9996],"evs":[0.0,7.32826]},"J9s":{"weight":0.0,"played":[3.0E-4,0.9997],"evs":[0.0,5.9241]},"JTs":{"weight":0.0,"played":[6.0E-4,0.9994],"evs":[0.0,8.79609]},"JJ":{"weight":0.3028,"played":[0.0,1.0],"evs":[0.0,14.14736]},"QJo":{"weight":0.0,"played":[0.0,1.0],"evs":[0.0,5.18883]},"KJo":{"weight":0.0,"played":[8.0E-4,0.9992],"evs":[0.0,5.24404]},"AJo":{"weight":0.0243,"played":[0.0,1.0],"evs":[0.0,9.07884]},"Q2s":{"weight":0.0,"played":[0.0016,0.9984],"evs":[0.0,3.3979]},"Q3s":{"weight":0.0,"played":[0.0122,0.9878],"evs":[0.0,5.85617]},"Q4s":{"weight":0.0,"played":[7.0E-4,0.9993],"evs":[0.0,3.80722]},"Q5s":{"weight":0.0,"played":[0.0194,0.9806],"evs":[0.0,4.54041]},"Q6s":{"weight":0.0,"played":[2.0E-4,0.9998],"evs":[0.0,5.62878]},"Q7s":{"weight":0.0,"played":[7.0E-4,0.9993],"evs":[0.0,5.39328]},"Q8s":{"weight":0.0,"played":[0.0014,0.9986],"evs":[0.0,5.51135]},"Q9s":{"weight":0.0,"played":[0.0,1.0],"evs":[0.0,5.94912]},"QTs":{"weight":0.0,"played":[1.0E-4,0.9999],"evs":[0.0,6.91312]},"QJs":{"weight":1.0E-4,"played":[0.0,1.0],"evs":[0.0,7.21293]},"QQ":{"weight":0.0056,"played":[0.0,1.0],"evs":[0.0,15.75187]},"KQo":{"weight":0.0143,"played":[0.0,1.0],"evs":[0.0,6.49776]},"AQo":{"weight":0.1964,"played":[0.0,1.0],"evs":[0.0,12.01211]},"K2s":{"weight":0.0,"played":[0.0069,0.9931],"evs":[0.0,4.67182]},"K3s":{"weight":0.0,"played":[0.0065,0.9935],"evs":[0.0,6.22315]},"K4s":{"weight":0.0,"played":[0.0026,0.9974],"evs":[0.0,5.71307]},"K5s":{"weight":0.0,"played":[0.002,0.998],"evs":[0.0,6.22343]},"K6s":{"weight":0.0,"played":[0.0024,0.9976],"evs":[0.0,5.29683]},"K7s":{"weight":0.0,"played":[0.0023,0.9977],"evs":[0.0,6.771]},"K8s":{"weight":0.0,"played":[1.0E-4,0.9999],"evs":[0.0,5.17321]},"K9s":{"weight":0.0,"played":[0.0,1.0],"evs":[0.0,7.14424]},"KTs":{"weight":1.0E-4,"played":[0.0074,0.9926],"evs":[0.0,8.08349]},"KJs":{"weight":0.5833,"played":[0.0,1.0],"evs":[0.0,7.23387]},"KQs":{"weight":0.3302,"played":[0.0,1.0],"evs":[0.0,7.49951]},"KK":{"weight":0.4388,"played":[0.0,1.0],"evs":[0.0,20.30448]},"AKo":{"weight":7.0E-4,"played":[0.0,1.0],"evs":[0.0,11.71418]},"A2s":{"weight":0.0,"played":[0.0029,0.9971],"evs":[0.0,8.34764]},"A3s":{"weight":0.0,"played":[0.0,1.0],"evs":[0.0,7.69219]},"A4s":{"weight":0.0,"played":[0.0097,0.9903],"evs":[0.0,7.68371]},"A5s":{"weight":0.0,"played":[2.0E-4,0.9998],"evs":[0.0,8.74816]},"A6s":{"weight":0.0,"played":[1.0E-4,0.9999],"evs":[0.0,8.9236]},"A7s":{"weight":0.0,"played":[0.0,1.0],"evs":[0.0,7.2588]},"A8s":{"weight":0.3658,"played":[0.0,1.0],"evs":[0.0,8.76893]},"A9s":{"weight":0.0187,"played":[2.0E-4,0.9998],"evs":[0.0,9.30247]},"ATs":{"weight":0.2372,"played":[1.0E-4,0.9999],"evs":[0.0,9.44119]},"AJs":{"weight":0.4213,"played":[1.0E-4,0.9999],"evs":[0.0,8.46441]},"AQs":{"weight":0.1294,"played":[0.0,1.0],"evs":[0.0,15.76248]},"AKs":{"weight":0.1308,"played":[0.0,1.0],"evs":[0.0,13.88342]},"AA":{"weight":0.1549,"played":[0.0,1.0],"evs":[0.0,25.51759]}}}