{"player":5,"street":0,"children":2,"sequence":[{"player":0,"type":"R","amount":955000,"street":0},{"player":1,"type":"F","amount":0,"street":0},{"player":2,"type":"C","amount":955000,"street":0},{"player":3,"type":"C","amount":955000,"street":0},{"player":4,"type":"R","amount":2985000,"street":0}],"actions":[{"type":"F","amount":0,"node":335},{"type":"C","amount":885000,"node":338}],"hands":{"22":{"weight":1.0,"played":[0.1922,0.8078],"evs":[0.0,1.43432]},"32o":{"weight":1.0,"played":[0.4513,0.5487],"evs":[0.0,-0.48943]},"42o":{"weight":1.0,"played":[0.6652,0.3348],"evs":[0.0,-0.8918]},"52o":{"weight":1.0,"played":[0.9937,0.0063],"evs":[0.0,-2.89315]},"62o":{"weight":1.0,"played":[0.902,0.098],"evs":[0.0,-4.60907]},"72o":{"weight":1.0,"played":[0.7403,0.2597],"evs":[0.0,-2.27921]},"82o":{"weight":1.0,"played":[0.9551,0.0449],"evs":[0.0,-5.15004]},"92o":{"weight":1.0,"played":[0.9146,0.0854],"evs":[0.0,-2.87616]},"T2o":{"weight":1.0,"played":[0.8155,0.1845],"evs":[0.0,1.16767]},"J2o":{"weight":1.0,"played":[0.935,0.065],"evs":[0.0,-2.35453]},"Q2o":{"weight":1.0,"played":[0.6067,0.3933],"evs":[0.0,-3.19844]},"K2o":{"weight":1.0,"played":[1.0,0.0],"evs":[0.0,-4.44186]},"A2o":{"weight":1.0,"played":[0.9999,1.0E-4],"evs":[0.0,-5.01526]},"32s":{"weight":1.0,"played":[0.2745,0.7255],"evs":[0.0,-0.63206]},"33":{"weight":1.0,"played":[0.8546,0.1454],"evs":[0.0,0.03452]},"43o":{"weight":1.0,"played":[0.9633,0.0367],"evs":[0.0,-4.44923]},"53o":{"weight":1.0,"played":[0.7841,0.2159],"evs":[0.0,-4.9714]},"63o":{"weight":1.0,"played":[0.0729,0.9271],"evs":[0.0,2.35062]},"73o":{"weight":1.0,"played":[0.9876,0.0124],"evs":[0.0,-0.99838]},"83o":{"weight":1.0,"played":[0.8289,0.1711],"evs":[0.0,-3.76132]},"93o":{"weight":1.0,"played":[0.6073,0.3927],"evs":[0.0,1.09891]},"T3o":{"weight":1.0,"played":[0.9687,0.0313],"evs":[0.0,-3.38761]},"J3o":{"weight":1.0,"played":[0.9554,0.0446],"evs":[0.0,-3.7565]},"Q3o":{"weight":1.0,"played":[1.0,0.0],"evs":[0.0,-4.45483]},"K3o":{"weight":1.0,"played":[0.9721,0.0279],"evs":[0.0,-4.09615]},"A3o":{"weight":1.0,"played":[0.9352,0.0648],"evs":[0.0,-5.45728]},"42s":{"weight":1.0,"played":[0.8054,0.1946],"evs":[0.0,0.26614]},"43s":{"weight":1.0,"played":[0.5685,0.4315],"evs":[0.0,2.94421]},"44":{"weight":1.0,"played":[0.3029,0.6971],"evs":[0.0,2.25594]},"54o":{"weight":1.0,"played":[0.9439,0.0561],"evs":[0.0,-5.67507]},"64o":{"weight":1.0,"played":[0.9879,0.0121],"evs":[0.0,-3.90082]},"74o":{"weight":1.0,"played":[0.4157,0.5843],"evs":[0.0,-2.02226]},"84o":{"weight":1.0,"played":[0.9937,0.0063],"evs":[0.0,-6.28113]},"94o":{"weight":1.0,"played":[0.9903,0.0097],"evs":[0.0,-2.71715]},"T4o":{"weight":1.0,"played":[1.0,0.0],"evs":[0.0,-4.36788]},"J4o":{"weight":1.0,"played":[0.9225,0.0775],"evs":[0.0,-5.32784]},"Q4o":{"weight":1.0,"played":[0.996,0.004],"evs":[0.0,-2.24405]},"K4o":{"weight":1.0,"played":[0.9992,8.0E-4],"evs":[0.0,-2.4046]},"A4o":{"weight":1.0,"played":[0.3471,0.6529],"evs":[0.0,4.10421]},"52s":{"weight":1.0,"played":[0.5098,0.4902],"evs":[0.0,0.94105]},"53s":{"weight":1.0,"played":[0.4739,0.5261],"evs":[0.0,-3.17239]},"54s":{"weight":1.0,"played":[1.0,0.0],"evs":[0.0,-7.60212]},"55":{"weight":1.0,"played":[0.2366,0.7634],"evs":[0.0,4.15448]},"65o":{"weight":1.0,"played":[0.3696,0.6304],"evs":[0.0,0.57194]},"75o":{"weight":1.0,"played":[0.3006,0.6994],"evs":[0.0,2.40246]},"85o":{"weight":1.0,"played":[0.9803,0.0197],"evs":[0.0,-2.19004]},"95o":{"weight":1.0,"played":[0.6941,0.3059],"evs":[0.0,-2.64791]},"T5o":{"weight":1.0,"played":[0.8698,0.1302],"evs":[0.0,-2.11151]},"J5o":{"weight":1.0,"played":[0.5532,0.4468],"evs":[0.0,-0.00592]},"Q5o":{"weight":1.0,"played":[0.9995,5.0E-4],"evs":[0.0,-4.83731]},"K5o":{"weight":1.0,"played":[0.9808,0.0192],"evs":[0.0,-5.32046]},"A5o":{"weight":1.0,"played":[0.8706,0.1294],"evs":[0.0,-4.85479]},"62s":{"weight":1.0,"played":[0.1337,0.8663],"evs":[0.0,0.23691]},"63s":{"weight":1.0,"played":[0.0034,0.9966],"evs":[0.0,0.07253]},"64s":{"weight":1.0,"played":[0.193,0.807],"evs":[0.0,0.72189]},"65s":{"weight":1.0,"played":[0.8254,0.1746],"evs":[0.0,-5.76417]},"66":{"weight":1.0,"played":[0.4043,0.5957],"evs":[0.0,-0.36741]},"76o":{"weight":1.0,"played":[0.7871,0.2129],"evs":[0.0,-2.05713]},"86o":{"weight":1.0,"played":[0.2944,0.7056],"evs":[0.0,2.38384]},"96o":{"weight":1.0,"played":[0.9422,0.0578],"evs":[0.0,-5.93421]},"T6o":{"weight":1.0,"played":[0.2372,0.7628],"evs":[0.0,-1.0057]},"J6o":{"weight":1.0,"played":[0.9479,0.0521],"evs":[0.0,-5.83082]},"Q6o":{"weight":1.0,"played":[0.9791,0.0209],"evs":[0.0,-3.75391]},"K6o":{"weight":1.0,"played":[0.5614,0.4386],"evs":[0.0,-2.05797]},"A6o":{"weight":1.0,"played":[0.7435,0.2565],"evs":[0.0,1.04181]},"72s":{"weight":1.0,"played":[0.1379,0.8621],"evs":[0.0,5.66718]},"73s":{"weight":1.0,"played":[0.9381,0.0619],"evs":[0.0,-4.84957]},"74s":{"weight":1.0,"played":[0.2979,0.7021],"evs":[0.0,-0.76745]},"75s":{"weight":1.0,"played":[0.3245,0.6755],"evs":[0.0,2.85521]},"76s":{"weight":1.0,"played":[0.9079,0.0921],"evs":[0.0,-5.93308]},"77":{"weight":1.0,"played":[0.3498,0.6502],"evs":[0.0,-2.61638]},"87o":{"weight":1.0,"played":[0.8813,0.1187],"evs":[0.0,-1.92405]},"97o":{"weight":1.0,"played":[0.691,0.309],"evs":[0.0,1.19997]},"T7o":{"weight":1.0,"played":[0.5251,0.4749],"evs":[0.0,-1.97923]},"J7o":{"weight":1.0,"played":[0.3543,0.6457],"evs":[0.0,0.71821]},"Q7o":{"weight":1.0,"played":[0.8425,0.1575],"evs":[0.0,-3.7131]},"K7o":{"weight":1.0,"played":[0.9238,0.0762],"evs":[0.0,-5.99739]},"A7o":{"weight":1.0,"played":[0.8782,0.1218],"evs":[0.0,2.24153]},"82s":{"weight":1.0,"played":[0.7593,0.2407],"evs":[0.0,4.66668]},"83s":{"weight":1.0,"played":[0.497,0.503],"evs":[0.0,-1.9442]},"84s":{"weight":1.0,"played":[0.5543,0.4457],"evs":[0.0,-0.69407]},"85s":{"weight":1.0,"played":[0.2425,0.7575],"evs":[0.0,-0.89444]},"86s":{"weight":1.0,"played":[0.968,0.032],"evs":[0.0,-7.43718]},"87s":{"weight":1.0,"played":[0.8933,0.1067],"evs":[0.0,1.03786]},"88":{"weight":1.0,"played":[0.4461,0.5539],"evs":[0.0,-2.38068]},"98o":{"weight":1.0,"played":[0.2253,0.7747],"evs":[0.0,1.99667]},"T8o":{"weight":1.0,"played":[0.8926,0.1074],"evs":[0.0,1.75939]},"J8o":{"weight":1.0,"played":[0.9699,0.0301],"evs":[0.0,-2.87627]},"Q8o":{"weight":1.0,"played":[0.8715,0.1285],"evs":[0.0,-1.92375]},"K8o":{"weight":1.0,"played":[0.7415,0.2585],"evs":[0.0,-5.64768]},"A8o":{"weight":1.0,"played":[0.9371,0.0629],"evs":[0.0,-1.4033]},"92s":{"weight":1.0,"played":[0.7895,0.2105],"evs":[0.0,-2.29327]},"93s":{"weight":1.0,"played":[0.8247,0.1753],"evs":[0.0,-3.44059]},"94s":{"weight":1.0,"played":[0.6443,0.3557],"evs":[0.0,-2.25864]},"95s":{"weight":1.0,"played":[0.3046,0.6954],"evs":[0.0,2.39802]},"96s":{"weight":1.0,"played":[0.2118,0.7882],"evs":[0.0,1.55761]},"97s":{"weight":1.0,"played":[0.069,0.931],"evs":[0.0,2.5061]},"98s":{"weight":1.0,"played":[0.4067,0.5933],"evs":[0.0,-2.33533]},"99":{"weight":1.0,"played":[0.3647,0.6353],"evs":[0.0,1.96667]},"T9o":{"weight":1.0,"played":[0.6148,0.3852],"evs":[0.0,-2.82045]},"J9o":{"weight":1.0,"played":[0.8104,0.1896],"evs":[0.0,-5.79305]},"Q9o":{"weight":1.0,"played":[0.6344,0.3656],"evs":[0.0,-4.85516]},"K9o":{"weight":1.0,"played":[0.7013,0.2987],"evs":[0.0,-1.64526]},"A9o":{"weight":1.0,"played":[0.7155,0.2845],"evs":[0.0,-1.22472]},"T2s":{"weight":1.0,"played":[0.1413,0.8587],"evs":[0.0,0.70301]},"T3s":{"weight":1.0,"played":[0.9957,0.0043],"evs":[0.0,-4.58986]},"T4s":{"weight":1.0,"played":[0.8975,0.1025],"evs":[0.0,-6.84801]},"T5s":{"weight":1.0,"played":[0.7602,0.2398],"evs":[0.0,-3.03119]},"T6s":{"weight":1.0,"played":[0.0976,0.9024],"evs":[0.0,10.65909]},"T7s":{"weight":1.0,"played":[0.4997,0.5003],"evs":[0.0,6.97686]},"T8s":{"weight":1.0,"played":[0.1325,0.8675],"evs":[0.0,3.00918]},"T9s":{"weight":1.0,"played":[0.6913,0.3087],"evs":[0.0,-0.05208]},"TT":{"weight":1.0,"played":[0.0411,0.9589],"evs":[0.0,-0.03307]},"JTo":{"weight":1.0,"played":[0.3246,0.6754],"evs":[0.0,0.82995]},"QTo":{"weight":1.0,"played":[0.9041,0.0959],"evs":[0.0,-3.10696]},"KTo":{"weight":1.0,"played":[0.6258,0.3742],"evs":[0.0,-4.56461]},"ATo":{"weight":1.0,"played":[0.6827,0.3173],"evs":[0.0,-0.78349]},"J2s":{"weight":1.0,"played":[0.1751,0.8249],"evs":[0.0,1.64663]},"J3s":{"weight":1.0,"played":[0.8748,0.1252],"evs":[0.0,-4.80445]},"J4s":{"weight":1.0,"played":[0.7994,0.2006],"evs":[0.0,-5.99166]},"J5s":{"weight":1.0,"played":[0.635,0.365],"evs":[0.0,4.0914]},"J6s":{"weight":1.0,"played":[0.3119,0.6881],"evs":[0.0,2.32322]},"J7s":{"weight":1.0,"played":[0.2867,0.7133],"evs":[0.0,1.70022]},"J8s":{"weight":1.0,"played":[1.0,0.0],"evs":[0.0,4.50183]},"J9s":{"weight":1.0,"played":[0.3437,0.6563],"evs":[0.0,-1.99344]},"JTs":{"weight":1.0,"played":[0.7958,0.2042],"evs":[0.0,1.87237]},"JJ":{"weight":1.0,"played":[0.019,0.981],"evs":[0.0,10.41573]},"QJo":{"weight":1.0,"played":[0.9223,0.0777],"evs":[0.0,-3.6285]},"KJo":{"weight":1.0,"played":[0.0099,0.9901],"evs":[0.0,2.78874]},"AJo":{"weight":1.0,"played":[0.537,0.463],"evs":[0.0,-4.18884]},"Q2s":{"weight":1.0,"played":[0.6105,0.3895],"evs":[0.0,-5.03722]},"Q3s":{"weight":1.0,"played":[0.986,0.014],"evs":[0.0,-7.60147]},"Q4s":{"weight":1.0,"played":[0.4194,0.5806],"evs":[0.0,-0.7509]},"Q5s":{"weight":1.0,"played":[1.0,0.0],"evs":[0.0,-6.92486]},"Q6s":{"weight":1.0,"played":[0.0578,0.9422],"evs":[0.0,5.12267]},"Q7s":{"weight":1.0,"played":[0.5647,0.4353],"evs":[0.0,-1.51622]},"Q8s":{"weight":1.0,"played":[0.1483,0.8517],"evs":[0.0,12.29844]},"Q9s":{"weight":1.0,"played":[0.1435,0.8565],"evs":[0.0,5.71593]},"QTs":{"weight":1.0,"played":[0.0,1.0],"evs":[0.0,4.75521]},"QJs":{"weight":1.0,"played":[0.6117,0.3883],"evs":[0.0,1.95893]},"QQ":{"weight":1.0,"played":[0.0224,0.9776],"evs":[0.0,14.8777]},"KQo":{"weight":1.0,"played":[0.1614,0.8386],"evs":[0.0,0.8812]},"AQo":{"weight":1.0,"played":[0.3305,0.6695],"evs":[0.0,0.55954]},"K2s":{"weight":1.0,"played":[0.8203,0.1797],"evs":[0.0,-6.3281]},"K3s":{"weight":1.0,"played":[0.0192,0.9808],"evs":[0.0,5.29374]},"K4s":{"weight":1.0,"played":[0.2018,0.7982],"evs":[0.0,-0.08717]},"K5s":{"weight":1.0,"played":[0.7789,0.2211],"evs":[0.0,-2.34189]},"K6s":{"weight":1.0,"played":[0.054,0.946],"evs":[0.0,2.90184]},"K7s":{"weight":1.0,"played":[0.8686,0.1314],"evs":[0.0,-1.42834]},"K8s":{"weight":1.0,"played":[0.0747,0.9253],"evs":[0.0,3.46405]},"K9s":{"weight":1.0,"played":[0.3531,0.6469],"evs":[0.0,0.52382]},"KTs":{"weight":1.0,"played":[0.7244,0.2756],"evs":[0.0,-5.45448]},"KJs":{"weight":1.0,"played":[0.61,0.39],"evs":[0.0,5.3766]},"KQs":{"weight":1.0,"played":[0.8855,0.1145],"evs":[0.0,-4.38773]},"KK":{"weight":1.0,"played":[0.2458,0.7542],"evs":[0.0,3.28633]},"AKo":{"weight":1.0,"played":[0.0927,0.9073],"evs":[0.0,5.66228]},"A2s":{"weight":1.0,"played":[1.0,0.0],"evs":[0.0,-7.58781]},"A3s":{"weight":1.0,"played":[0.3733,0.6267],"evs":[0.0,-2.92738]},"A4s":{"weight":1.0,"played":[0.5648,0.4352],"evs":[0.0,-0.94301]},"A5s":{"weight":1.0,"played":[0.5809,0.4191],"evs":[0.0,8.14839]},"A6s":{"weight":1.0,"played":[0.5,0.5],"evs":[0.0,6.32306]},"A7s":{"weight":1.0,"played":[0.873,0.127],"evs":[0.0,-0.73704]},"A8s":{"weight":1.0,"played":[0.556,0.444],"evs":[0.0,-4.08408]},"A9s":{"weight":1.0,"played":[0.1695,0.8305],"evs":[0.0,2.84237]},"ATs":{"weight":1.0,"played":[1.0,0.0],"evs":[0.0,0.16776]},"AJs":{"weight":1.0,"played":[0.9264,0.0736],"evs":[0.0,-2.45663]},"AQs":{"weight":1.0,"played":[0.1175,0.8825],"evs":[0.0,12.25119]},"AKs":{"weight":1.0,"played":[0.267,0.733],"evs":[0.0,0.07695]},"AA":{"weight":1.0,"played":[0.1218,0.8782],"evs":[0.0,10.05819]}}}