{"player":3,"street":0,"children":2,"sequence":[{"player":0,"type":"R","amount":955000,"street":0},{"player":1,"type":"F","amount":0,"street":0},{"player":2,"type":"C","amount":955000,"street":0},{"player":3,"type":"C","amount":955000,"street":0},{"player":4,"type":"R","amount":2985000,"street":0},{"player":5,"type":"F","amount":0,"street":0},{"player":2,"type":"F","amount":0,"street":0}],"actions":[{"type":"F","amount":0},{"type":"C","amount":2030000}],"hands":{"22":{"weight":0.0,"played":[0.2507,0.7493],"evs":[0.0,18.1857]},"32o":{"weight":0.0,"played":[0.3458,0.6542],"evs":[0.0,-2.07199]},"42o":{"weight":0.0,"played":[0.6374,0.3626],"evs":[0.0,0.99977]},"52o":{"weight":0.0,"played":[0.469,0.531],"evs":[0.0,-1.74698]},"62o":{"weight":0.0,"played":[0.7184,0.2816],"evs":[0.0,-6.46919]},"72o":{"weight":0.0,"played":[0.3505,0.6495],"evs":[0.0,-2.67063]},"82o":{"weight":0.0,"played":[0.5176,0.4824],"evs":[0.0,-1.07413]},"92o":{"weight":0.0,"played":[0.7671,0.2329],"evs":[0.0,-3.26693]},"T2o":{"weight":0.0,"played":[0.1079,0.8921],"evs":[0.0,3.21306]},"J2o":{"weight":0.0,"played":[0.933,0.067],"evs":[0.0,-2.61035]},"Q2o":{"weight":0.0,"played":[0.7641,0.2359],"evs":[0.0,0.60208]},"K2o":{"weight":0.0,"played":[0.0506,0.9494],"evs":[0.0,4.13264]},"A2o":{"weight":0.0,"played":[0.3458,0.6542],"evs":[0.0,-2.86241]},"32s":{"weight":0.0,"played":[0.9378,0.0622],"evs":[0.0,-13.39631]},"33":{"weight":0.0,"played":[0.6285,0.3715],"evs":[0.0,1.82081]},"43o":{"weight":0.0,"played":[0.2985,0.7015],"evs":[0.0,4.28034]},"53o":{"weight":0.0,"played":[0.0373,0.9627],"evs":[0.0,14.26096]},"63o":{"weight":0.0,"played":[0.8631,0.1369],"evs":[0.0,-5.86565]},"73o":{"weight":0.0,"played":[0.6365,0.3635],"evs":[0.0,-4.82321]},"83o":{"weight":0.0,"played":[0.4684,0.5316],"evs":[0.0,-1.94367]},"93o":{"weight":0.0,"played":[0.8912,0.1088],"evs":[0.0,-3.73747]},"T3o":{"weight":0.0,"played":[0.8724,0.1276],"evs":[0.0,-3.16712]},"J3o":{"weight":0.0,"played":[0.3768,0.6232],"evs":[0.0,-0.22131]},"Q3o":{"weight":0.0,"played":[0.3007,0.6993],"evs":[0.0,-0.48095]},"K3o":{"weight":0.0,"played":[0.5672,0.4328],"evs":[0.0,-4.78951]},"A3o":{"weight":0.0,"played":[0.2506,0.7494],"evs":[0.0,8.61366]},"42s":{"weight":0.0,"played":[0.2656,0.7344],"evs":[0.0,13.40585]},"43s":{"weight":0.0,"played":[0.4989,0.5011],"evs":[0.0,2.48509]},"44":{"weight":0.0,"played":[0.0215,0.9785],"evs":[0.0,3.47398]},"54o":{"weight":0.0,"played":[0.4645,0.5355],"evs":[0.0,0.26578]},"64o":{"weight":0.0,"played":[0.887,0.113],"evs":[0.0,-5.69174]},"74o":{"weight":0.0,"played":[0.0759,0.9241],"evs":[0.0,6.92305]},"84o":{"weight":0.0,"played":[0.9617,0.0383],"evs":[0.0,-4.35302]},"94o":{"weight":0.0,"played":[0.7518,0.2482],"evs":[0.0,-4.27939]},"T4o":{"weight":0.0,"played":[0.9627,0.0373],"evs":[0.0,-3.73387]},"J4o":{"weight":0.0,"played":[0.0488,0.9512],"evs":[0.0,4.38388]},"Q4o":{"weight":0.0,"played":[0.0083,0.9917],"evs":[0.0,2.51602]},"K4o":{"weight":0.0,"played":[0.3103,0.6897],"evs":[0.0,2.45578]},"A4o":{"weight":0.0,"played":[0.9944,0.0056],"evs":[0.0,-7.99146]},"52s":{"weight":0.0,"played":[0.5316,0.4684],"evs":[0.0,-9.13298]},"53s":{"weight":0.0,"played":[0.2579,0.7421],"evs":[0.0,11.31343]},"54s":{"weight":0.0,"played":[0.1001,0.8999],"evs":[0.0,43.80048]},"55":{"weight":7.0E-4,"played":[0.9532,0.0468],"evs":[0.0,-17.20658]},"65o":{"weight":0.0,"played":[1.0,0.0],"evs":[0.0,-16.55172]},"75o":{"weight":0.0,"played":[0.2682,0.7318],"evs":[0.0,8.19842]},"85o":{"weight":0.0,"played":[0.878,0.122],"evs":[0.0,-3.8913]},"95o":{"weight":0.0,"played":[0.9626,0.0374],"evs":[0.0,-3.65506]},"T5o":{"weight":0.0,"played":[0.6522,0.3478],"evs":[0.0,-5.86566]},"J5o":{"weight":0.0,"played":[0.6826,0.3174],"evs":[0.0,3.02351]},"Q5o":{"weight":0.0,"played":[0.2529,0.7471],"evs":[0.0,-2.20267]},"K5o":{"weight":0.0,"played":[0.7285,0.2715],"evs":[0.0,-1.28787]},"A5o":{"weight":0.0,"played":[0.8584,0.1416],"evs":[0.0,-2.10469]},"62s":{"weight":0.0,"played":[0.1523,0.8477],"evs":[0.0,10.77434]},"63s":{"weight":0.0,"played":[0.4033,0.5967],"evs":[0.0,12.3724]},"64s":{"weight":0.0,"played":[0.0452,0.9548],"evs":[0.0,26.99744]},"65s":{"weight":0.0,"played":[0.9994,6.0E-4],"evs":[0.0,3.70832]},"66":{"weight":0.1125,"played":[0.0,1.0],"evs":[0.0,21.68923]},"76o":{"weight":0.0,"played":[0.9026,0.0974],"evs":[0.0,-7.20566]},"86o":{"weight":0.0,"played":[0.1876,0.8124],"evs":[0.0,0.89741]},"96o":{"weight":0.0,"played":[0.3069,0.6931],"evs":[0.0,2.14211]},"T6o":{"weight":0.0,"played":[0.7779,0.2221],"evs":[0.0,1.56421]},"J6o":{"weight":0.0,"played":[0.4643,0.5357],"evs":[0.0,1.13999]},"Q6o":{"weight":0.0,"played":[0.118,0.882],"evs":[0.0,11.49903]},"K6o":{"weight":0.0,"played":[0.1205,0.8795],"evs":[0.0,0.04661]},"A6o":{"weight":0.0,"played":[0.1726,0.8274],"evs":[0.0,7.48227]},"72s":{"weight":0.0,"played":[0.998,0.002],"evs":[0.0,-8.21856]},"73s":{"weight":0.0,"played":[0.494,0.506],"evs":[0.0,6.43706]},"74s":{"weight":0.0,"played":[0.2298,0.7702],"evs":[0.0,11.96051]},"75s":{"weight":0.0,"played":[0.6528,0.3472],"evs":[0.0,10.81645]},"76s":{"weight":0.0,"played":[0.6142,0.3858],"evs":[0.0,-8.57416]},"77":{"weight":0.0024,"played":[0.7302,0.2698],"evs":[0.0,3.57402]},"87o":{"weight":0.0,"played":[0.5874,0.4126],"evs":[0.0,2.62773]},"97o":{"weight":0.0,"played":[0.7962,0.2038],"evs":[0.0,3.62896]},"T7o":{"weight":0.0,"played":[0.2214,0.7786],"evs":[0.0,13.33648]},"J7o":{"weight":0.0,"played":[0.7283,0.2717],"evs":[0.0,5.40497]},"Q7o":{"weight":0.0,"played":[0.3391,0.6609],"evs":[0.0,9.20239]},"K7o":{"weight":0.0,"played":[0.3924,0.6076],"evs":[0.0,6.80407]},"A7o":{"weight":0.0,"played":[0.0068,0.9932],"evs":[0.0,2.72544]},"82s":{"weight":0.0,"played":[0.4859,0.5141],"evs":[0.0,3.90155]},"83s":{"weight":0.0,"played":[0.4762,0.5238],"evs":[0.0,5.0183]},"84s":{"weight":0.0,"played":[0.0085,0.9915],"evs":[0.0,5.51584]},"85s":{"weight":0.0,"played":[0.6896,0.3104],"evs":[0.0,-8.51123]},"86s":{"weight":0.0,"played":[0.21,0.79],"evs":[0.0,14.93271]},"87s":{"weight":0.0,"played":[0.8532,0.1468],"evs":[0.0,8.89661]},"88":{"weight":0.0014,"played":[0.2729,0.7271],"evs":[0.0,11.42905]},"98o":{"weight":0.0,"played":[0.0115,0.9885],"evs":[0.0,5.94336]},"T8o":{"weight":0.0,"played":[0.0109,0.9891],"evs":[0.0,6.74198]},"J8o":{"weight":0.0,"played":[0.7686,0.2314],"evs":[0.0,-0.27946]},"Q8o":{"weight":0.0,"played":[0.3406,0.6594],"evs":[0.0,4.6929]},"K8o":{"weight":0.0,"played":[0.2985,0.7015],"evs":[0.0,-6.09777]},"A8o":{"weight":0.0,"played":[0.5044,0.4956],"evs":[0.0,1.09035]},"92s":{"weight":0.0,"played":[0.0614,0.9386],"evs":[0.0,12.95462]},"93s":{"weight":0.0,"played":[0.0772,0.9228],"evs":[0.0,6.82748]},"94s":{"weight":0.0,"played":[0.6403,0.3597],"evs":[0.0,-8.43832]},"95s":{"weight":0.0,"played":[0.4885,0.5115],"evs":[0.0,-0.9458]},"96s":{"weight":0.0,"played":[0.3949,0.6051],"evs":[0.0,0.59927]},"97s":{"weight":0.0,"played":[0.3783,0.6217],"evs":[0.0,13.85326]},"98s":{"weight":0.0,"played":[0.0779,0.9221],"evs":[0.0,10.12734]},"99":{"weight":3.0E-4,"played":[0.1563,0.8437],"evs":[0.0,24.28973]},"T9o":{"weight":0.0,"played":[0.117,0.883],"evs":[0.0,8.01155]},"J9o":{"weight":0.0,"played":[0.9232,0.0768],"evs":[0.0,-6.78496]},"Q9o":{"weight":0.0,"played":[0.017,0.983],"evs":[0.0,9.2926]},"K9o":{"weight":0.0,"played":[0.0041,0.9959],"evs":[0.0,10.07525]},"A9o":{"weight":0.0,"played":[7.0E-4,0.9993],"evs":[0.0,14.09059]},"T2s":{"weight":0.0,"played":[0.7676,0.2324],"evs":[0.0,-3.49508]},"T3s":{"weight":0.0,"played":[0.3365,0.6635],"evs":[0.0,3.88649]},"T4s":{"weight":0.0,"played":[0.3932,0.6068],"evs":[0.0,-1.42604]},"T5s":{"weight":0.0,"played":[0.9743,0.0257],"evs":[0.0,-17.20681]},"T6s":{"weight":0.0,"played":[0.3175,0.6825],"evs":[0.0,-6.85195]},"T7s":{"weight":0.0,"played":[0.1386,0.8614],"evs":[0.0,11.5728]},"T8s":{"weight":9.0E-4,"played":[0.6902,0.3098],"evs":[0.0,14.0562]},"T9s":{"weight":0.0,"played":[0.6082,0.3918],"evs":[0.0,0.98044]},"TT":{"weight":6.0E-4,"played":[0.0,1.0],"evs":[0.0,13.93199]},"JTo":{"weight":0.0,"played":[0.2006,0.7994],"evs":[0.0,6.51923]},"QTo":{"weight":0.0,"played":[0.2352,0.7648],"evs":[0.0,2.90573]},"KTo":{"weight":1.0E-4,"played":[0.997,0.003],"evs":[0.0,-6.21421]},"ATo":{"weight":0.0,"played":[0.0,1.0],"evs":[0.0,0.30064]},"J2s":{"weight":0.0,"played":[0.0264,0.9736],"evs":[0.0,14.44939]},"J3s":{"weight":0.0,"played":[0.874,0.126],"evs":[0.0,-10.23304]},"J4s":{"weight":0.0,"played":[0.3154,0.6846],"evs":[0.0,17.75143]},"J5s":{"weight":0.0,"played":[0.835,0.165],"evs":[0.0,-3.48288]},"J6s":{"weight":0.0,"played":[0.1768,0.8232],"evs":[0.0,15.44137]},"J7s":{"weight":0.0,"played":[0.9363,0.0637],"evs":[0.0,-17.20769]},"J8s":{"weight":0.0,"played":[0.5075,0.4925],"evs":[0.0,5.14169]},"J9s":{"weight":0.0,"played":[1.0,0.0],"evs":[0.0,-17.20969]},"JTs":{"weight":9.0E-4,"played":[0.766,0.234],"evs":[0.0,-8.11245]},"JJ":{"weight":0.0201,"played":[0.0202,0.9798],"evs":[0.0,10.90517]},"QJo":{"weight":0.0,"played":[0.0683,0.9317],"evs":[0.0,9.60587]},"KJo":{"weight":0.0,"played":[0.2417,0.7583],"evs":[0.0,4.34025]},"AJo":{"weight":0.0051,"played":[0.2422,0.7578],"evs":[0.0,0.55505]},"Q2s":{"weight":0.0,"played":[0.3897,0.6103],"evs":[0.0,3.53742]},"Q3s":{"weight":0.0,"played":[0.1206,0.8794],"evs":[0.0,18.90922]},"Q4s":{"weight":0.0,"played":[0.3191,0.6809],"evs":[0.0,9.15656]},"Q5s":{"weight":0.0,"played":[0.0063,0.9937],"evs":[0.0,0.70194]},"Q6s":{"weight":0.0,"played":[0.0661,0.9339],"evs":[0.0,16.86519]},"Q7s":{"weight":0.0,"played":[0.8319,0.1681],"evs":[0.0,-5.67029]},"Q8s":{"weight":1.0E-4,"played":[0.0984,0.9016],"evs":[0.0,33.677]},"Q9s":{"weight":1.0E-4,"played":[0.0,1.0],"evs":[0.0,35.41952]},"QTs":{"weight":0.0189,"played":[0.2345,0.7655],"evs":[0.0,20.83258]},"QJs":{"weight":0.0038,"played":[0.0,1.0],"evs":[0.0,15.15122]},"QQ":{"weight":0.0,"played":[2.0E-4,0.9998],"evs":[0.0,33.35589]},"KQo":{"weight":2.0E-4,"played":[0.0,1.0],"evs":[0.0,14.66171]},"AQo":{"weight":0.0061,"played":[0.1637,0.8363],"evs":[0.0,11.1549]},"K2s":{"weight":0.0,"played":[0.4043,0.5957],"evs":[0.0,0.71503]},"K3s":{"weight":0.0,"played":[0.8396,0.1604],"evs":[0.0,6.28878]},"K4s":{"weight":2.0E-4,"played":[0.0426,0.9574],"evs":[0.0,4.68343]},"K5s":{"weight":0.0,"played":[0.7711,0.2289],"evs":[0.0,10.70454]},"K6s":{"weight":0.0,"played":[0.341,0.659],"evs":[0.0,-1.7191]},"K7s":{"weight":0.0,"played":[0.3882,0.6118],"evs":[0.0,-6.76769]},"K8s":{"weight":0.0,"played":[0.944,0.056],"evs":[0.0,-10.33216]},"K9s":{"weight":1.0E-4,"played":[0.0,1.0],"evs":[0.0,14.02652]},"KTs":{"weight":0.0016,"played":[0.0,1.0],"evs":[0.0,22.05211]},"KJs":{"weight":0.0032,"played":[0.6186,0.3814],"evs":[0.0,2.94474]},"KQs":{"weight":0.8039,"played":[0.348,0.652],"evs":[0.0,1.63831]},"KK":{"weight":0.0,"played":[0.0027,0.9973],"evs":[0.0,22.91829]},"AKo":{"weight":0.0,"played":[0.0493,0.9507],"evs":[0.0,19.8708]},"A2s":{"weight":0.0,"played":[0.0158,0.9842],"evs":[0.0,15.26477]},"A3s":{"weight":0.0,"played":[0.4093,0.5907],"evs":[0.0,-6.1955]},"A4s":{"weight":0.0,"played":[0.8216,0.1784],"evs":[0.0,-3.96614]},"A5s":{"weight":0.0,"played":[0.0489,0.9511],"evs":[0.0,-0.24002]},"A6s":{"weight":1.0E-4,"played":[0.1982,0.8018],"evs":[0.0,6.60319]},"A7s":{"weight":0.0,"played":[0.6609,0.3391],"evs":[0.0,-1.57529]},"A8s":{"weight":0.0,"played":[0.0369,0.9631],"evs":[0.0,17.77597]},"A9s":{"weight":0.0034,"played":[0.1474,0.8526],"evs":[0.0,20.47914]},"ATs":{"weight":0.0687,"played":[0.1297,0.8703],"evs":[0.0,38.98634]},"AJs":{"weight":0.1538,"played":[0.6553,0.3447],"evs":[0.0,3.51065]},"AQs":{"weight":0.0,"played":[0.1958,0.8042],"evs":[0.0,7.39779]},"AKs":{"weight":0.0,"played":[0.1054,0.8946],"evs":[0.0,16.23152]},"AA":{"weight":0.0085,"played":[0.0151,0.9849],"evs":[0.0,33.69472]}}}