{"player":3,"street":0,"children":2,"sequence":[{"player":0,"type":"R","amount":955000,"street":0},{"player":1,"type":"F","amount":0,"street":0},{"player":2,"type":"C","amount":955000,"street":0},{"player":3,"type":"C","amount":955000,"street":0},{"player":4,"type":"R","amount":2985000,"street":0},{"player":5,"type":"C","amount":885000,"street":0},{"player":2,"type":"C","amount":1260000,"street":0}],"actions":[{"type":"F","amount":0},{"type":"C","amount":2030000}],"hands":{"22":{"weight":0.0,"played":[0.2779,0.7221],"evs":[0.0,2.1883]},"32o":{"weight":0.0,"played":[0.9842,0.0158],"evs":[0.0,-2.41169]},"42o":{"weight":0.0,"played":[0.9981,0.0019],"evs":[0.0,-2.94422]},"52o":{"weight":0.0,"played":[0.7879,0.2121],"evs":[0.0,-1.18493]},"62o":{"weight":0.0,"played":[0.9973,0.0027],"evs":[0.0,-4.58271]},"72o":{"weight":0.0,"played":[0.9302,0.0698],"evs":[0.0,-4.23737]},"82o":{"weight":0.0,"played":[0.9971,0.0029],"evs":[0.0,-2.4874]},"92o":{"weight":0.0,"played":[0.9779,0.0221],"evs":[0.0,-2.73864]},"T2o":{"weight":0.0,"played":[0.9991,9.0E-4],"evs":[0.0,-1.96935]},"J2o":{"weight":0.0,"played":[0.9708,0.0292],"evs":[0.0,-3.54985]},"Q2o":{"weight":0.0,"played":[0.9366,0.0634],"evs":[0.0,-0.77018]},"K2o":{"weight":0.0,"played":[0.0117,0.9883],"evs":[0.0,0.87196]},"A2o":{"weight":0.0,"played":[0.9403,0.0597],"evs":[0.0,-1.77743]},"32s":{"weight":0.0,"played":[0.8648,0.1352],"evs":[0.0,0.14741]},"33":{"weight":0.0,"played":[0.2071,0.7929],"evs":[0.0,2.39485]},"43o":{"weight":0.0,"played":[0.7061,0.2939],"evs":[0.0,-0.18998]},"53o":{"weight":0.0,"played":[0.8969,0.1031],"evs":[0.0,-0.7563]},"63o":{"weight":0.0,"played":[0.9852,0.0148],"evs":[0.0,-2.00888]},"73o":{"weight":0.0,"played":[0.9995,5.0E-4],"evs":[0.0,-3.75057]},"83o":{"weight":0.0,"played":[0.957,0.043],"evs":[0.0,-2.70016]},"93o":{"weight":0.0,"played":[0.9926,0.0074],"evs":[0.0,-2.99148]},"T3o":{"weight":0.0,"played":[0.9862,0.0138],"evs":[0.0,-0.10095]},"J3o":{"weight":0.0,"played":[0.9896,0.0104],"evs":[0.0,-1.6631]},"Q3o":{"weight":0.0,"played":[0.6567,0.3433],"evs":[0.0,-1.39341]},"K3o":{"weight":0.0,"played":[0.946,0.054],"evs":[0.0,-0.75737]},"A3o":{"weight":0.0,"played":[0.7538,0.2462],"evs":[0.0,-0.61484]},"42s":{"weight":0.0,"played":[0.2711,0.7289],"evs":[0.0,-0.50415]},"43s":{"weight":0.0,"played":[0.8797,0.1203],"evs":[0.0,-0.61818]},"44":{"weight":0.0,"played":[0.0131,0.9869],"evs":[0.0,5.04673]},"54o":{"weight":0.0,"played":[0.234,0.766],"evs":[0.0,0.09708]},"64o":{"weight":0.0,"played":[0.9467,0.0533],"evs":[0.0,-2.39529]},"74o":{"weight":0.0,"played":[0.9633,0.0367],"evs":[0.0,-0.62583]},"84o":{"weight":0.0,"played":[0.9968,0.0032],"evs":[0.0,-2.28196]},"94o":{"weight":0.0,"played":[1.0,0.0],"evs":[0.0,-3.67378]},"T4o":{"weight":0.0,"played":[0.9777,0.0223],"evs":[0.0,-3.01174]},"J4o":{"weight":0.0,"played":[0.8833,0.1167],"evs":[0.0,-2.45315]},"Q4o":{"weight":0.0,"played":[0.9951,0.0049],"evs":[0.0,-1.19122]},"K4o":{"weight":0.0,"played":[0.4975,0.5025],"evs":[0.0,-0.34876]},"A4o":{"weight":0.0,"played":[0.5954,0.4046],"evs":[0.0,-1.19652]},"52s":{"weight":0.0,"played":[3.0E-4,0.9997],"evs":[0.0,1.05273]},"53s":{"weight":0.0,"played":[0.1041,0.8959],"evs":[0.0,1.97632]},"54s":{"weight":0.0,"played":[0.0893,0.9107],"evs":[0.0,1.76549]},"55":{"weight":7.0E-4,"played":[0.0,1.0],"evs":[0.0,3.36515]},"65o":{"weight":0.0,"played":[5.0E-4,0.9995],"evs":[0.0,1.51548]},"75o":{"weight":0.0,"played":[0.3369,0.6631],"evs":[0.0,1.68121]},"85o":{"weight":0.0,"played":[0.5014,0.4986],"evs":[0.0,-0.19893]},"95o":{"weight":0.0,"played":[0.7048,0.2952],"evs":[0.0,0.20969]},"T5o":{"weight":0.0,"played":[0.5625,0.4375],"evs":[0.0,-0.02483]},"J5o":{"weight":0.0,"played":[0.9536,0.0464],"evs":[0.0,-1.68804]},"Q5o":{"weight":0.0,"played":[0.7132,0.2868],"evs":[0.0,0.47032]},"K5o":{"weight":0.0,"played":[0.6735,0.3265],"evs":[0.0,0.21848]},"A5o":{"weight":0.0,"played":[0.035,0.965],"evs":[0.0,1.51647]},"62s":{"weight":0.0,"played":[0.9769,0.0231],"evs":[0.0,-1.70293]},"63s":{"weight":0.0,"played":[0.3755,0.6245],"evs":[0.0,2.42166]},"64s":{"weight":0.0,"played":[0.6143,0.3857],"evs":[0.0,0.43371]},"65s":{"weight":0.0,"played":[0.1505,0.8495],"evs":[0.0,2.7194]},"66":{"weight":0.1125,"played":[1.0E-4,0.9999],"evs":[0.0,8.23549]},"76o":{"weight":0.0,"played":[0.4197,0.5803],"evs":[0.0,-0.31815]},"86o":{"weight":0.0,"played":[0.5973,0.4027],"evs":[0.0,0.2325]},"96o":{"weight":0.0,"played":[0.7665,0.2335],"evs":[0.0,-0.75256]},"T6o":{"weight":0.0,"played":[0.5174,0.4826],"evs":[0.0,0.78622]},"J6o":{"weight":0.0,"played":[0.8814,0.1186],"evs":[0.0,-2.56001]},"Q6o":{"weight":0.0,"played":[0.7294,0.2706],"evs":[0.0,0.14814]},"K6o":{"weight":0.0,"played":[0.6823,0.3177],"evs":[0.0,-0.2658]},"A6o":{"weight":0.0,"played":[0.5909,0.4091],"evs":[0.0,-0.48325]},"72s":{"weight":0.0,"played":[0.0303,0.9697],"evs":[0.0,1.06935]},"73s":{"weight":0.0,"played":[0.5397,0.4603],"evs":[0.0,0.32711]},"74s":{"weight":0.0,"played":[0.016,0.984],"evs":[0.0,0.60974]},"75s":{"weight":0.0,"played":[0.1101,0.8899],"evs":[0.0,1.72982]},"76s":{"weight":0.0,"played":[5.0E-4,0.9995],"evs":[0.0,5.55972]},"77":{"weight":0.0024,"played":[0.0,1.0],"evs":[0.0,11.18451]},"87o":{"weight":0.0,"played":[0.0273,0.9727],"evs":[0.0,2.75104]},"97o":{"weight":0.0,"played":[0.8094,0.1906],"evs":[0.0,-0.13504]},"T7o":{"weight":0.0,"played":[0.2812,0.7188],"evs":[0.0,1.31603]},"J7o":{"weight":0.0,"played":[0.7175,0.2825],"evs":[0.0,-0.41848]},"Q7o":{"weight":0.0,"played":[0.7536,0.2464],"evs":[0.0,-0.89135]},"K7o":{"weight":0.0,"played":[0.1386,0.8614],"evs":[0.0,1.50944]},"A7o":{"weight":0.0,"played":[7.0E-4,0.9993],"evs":[0.0,1.33126]},"82s":{"weight":0.0,"played":[0.5776,0.4224],"evs":[0.0,-0.67354]},"83s":{"weight":0.0,"played":[0.7009,0.2991],"evs":[0.0,-1.41403]},"84s":{"weight":0.0,"played":[0.0215,0.9785],"evs":[0.0,3.34297]},"85s":{"weight":0.0,"played":[0.1144,0.8856],"evs":[0.0,1.5809]},"86s":{"weight":0.0,"played":[4.0E-4,0.9996],"evs":[0.0,0.81301]},"87s":{"weight":0.0,"played":[0.0012,0.9988],"evs":[0.0,5.24884]},"88":{"weight":0.0014,"played":[0.0,1.0],"evs":[0.0,11.02365]},"98o":{"weight":0.0,"played":[0.012,0.988],"evs":[0.0,0.63213]},"T8o":{"weight":0.0,"played":[0.0013,0.9987],"evs":[0.0,4.83094]},"J8o":{"weight":0.0,"played":[0.0654,0.9346],"evs":[0.0,0.04766]},"Q8o":{"weight":0.0,"played":[0.3693,0.6307],"evs":[0.0,1.08196]},"K8o":{"weight":0.0,"played":[0.0,1.0],"evs":[0.0,2.27902]},"A8o":{"weight":0.0,"played":[9.0E-4,0.9991],"evs":[0.0,2.15935]},"92s":{"weight":0.0,"played":[0.1719,0.8281],"evs":[0.0,3.26552]},"93s":{"weight":0.0,"played":[0.0497,0.9503],"evs":[0.0,0.7092]},"94s":{"weight":0.0,"played":[0.573,0.427],"evs":[0.0,0.05889]},"95s":{"weight":0.0,"played":[0.3451,0.6549],"evs":[0.0,0.70291]},"96s":{"weight":0.0,"played":[0.0016,0.9984],"evs":[0.0,7.28984]},"97s":{"weight":0.0,"played":[0.041,0.959],"evs":[0.0,6.41725]},"98s":{"weight":0.0,"played":[0.069,0.931],"evs":[0.0,8.17997]},"99":{"weight":3.0E-4,"played":[0.0,1.0],"evs":[0.0,14.25992]},"T9o":{"weight":0.0,"played":[0.0099,0.9901],"evs":[0.0,4.58675]},"J9o":{"weight":0.0,"played":[0.0022,0.9978],"evs":[0.0,2.50667]},"Q9o":{"weight":0.0,"played":[0.0531,0.9469],"evs":[0.0,4.1497]},"K9o":{"weight":0.0,"played":[0.0072,0.9928],"evs":[0.0,2.36254]},"A9o":{"weight":0.0,"played":[7.0E-4,0.9993],"evs":[0.0,3.00514]},"T2s":{"weight":0.0,"played":[0.5083,0.4917],"evs":[0.0,-1.01599]},"T3s":{"weight":0.0,"played":[0.081,0.919],"evs":[0.0,-0.17444]},"T4s":{"weight":0.0,"played":[0.5362,0.4638],"evs":[0.0,-1.31687]},"T5s":{"weight":0.0,"played":[0.0685,0.9315],"evs":[0.0,0.50911]},"T6s":{"weight":0.0,"played":[0.0028,0.9972],"evs":[0.0,2.26224]},"T7s":{"weight":0.0,"played":[0.411,0.589],"evs":[0.0,2.29241]},"T8s":{"weight":9.0E-4,"played":[0.008,0.992],"evs":[0.0,7.19912]},"T9s":{"weight":0.0,"played":[7.0E-4,0.9993],"evs":[0.0,5.13232]},"TT":{"weight":6.0E-4,"played":[3.0E-4,0.9997],"evs":[0.0,13.86826]},"JTo":{"weight":0.0,"played":[0.0026,0.9974],"evs":[0.0,3.22079]},"QTo":{"weight":0.0,"played":[3.0E-4,0.9997],"evs":[0.0,3.99478]},"KTo":{"weight":1.0E-4,"played":[0.0,1.0],"evs":[0.0,5.34245]},"ATo":{"weight":0.0,"played":[1.0E-4,0.9999],"evs":[0.0,3.19128]},"J2s":{"weight":0.0,"played":[0.1259,0.8741],"evs":[0.0,0.49695]},"J3s":{"weight":0.0,"played":[0.4934,0.5066],"evs":[0.0,0.6103]},"J4s":{"weight":0.0,"played":[0.1415,0.8585],"evs":[0.0,2.14001]},"J5s":{"weight":0.0,"played":[0.1271,0.8729],"evs":[0.0,2.73011]},"J6s":{"weight":0.0,"played":[0.4231,0.5769],"evs":[0.0,0.47799]},"J7s":{"weight":0.0,"played":[0.0222,0.9778],"evs":[0.0,3.09757]},"J8s":{"weight":0.0,"played":[0.0197,0.9803],"evs":[0.0,3.52645]},"J9s":{"weight":0.0,"played":[0.0183,0.9817],"evs":[0.0,4.66525]},"JTs":{"weight":9.0E-4,"played":[0.0305,0.9695],"evs":[0.0,9.14627]},"JJ":{"weight":0.0201,"played":[0.0,1.0],"evs":[0.0,17.71486]},"QJo":{"weight":0.0,"played":[1.0E-4,0.9999],"evs":[0.0,4.57607]},"KJo":{"weight":0.0,"played":[8.0E-4,0.9992],"evs":[0.0,2.7669]},"AJo":{"weight":0.0051,"played":[0.0,1.0],"evs":[0.0,2.36128]},"Q2s":{"weight":0.0,"played":[0.2423,0.7577],"evs":[0.0,0.62047]},"Q3s":{"weight":0.0,"played":[0.2786,0.7214],"evs":[0.0,3.5225]},"Q4s":{"weight":0.0,"played":[0.4318,0.5682],"evs":[0.0,0.45453]},"Q5s":{"weight":0.0,"played":[0.4577,0.5423],"evs":[0.0,3.33304]},"Q6s":{"weight":0.0,"played":[0.0036,0.9964],"evs":[0.0,4.19183]},"Q7s":{"weight":0.0,"played":[0.1413,0.8587],"evs":[0.0,2.47087]},"Q8s":{"weight":1.0E-4,"played":[0.031,0.969],"evs":[0.0,0.26786]},"Q9s":{"weight":1.0E-4,"played":[0.0043,0.9957],"evs":[0.0,4.53907]},"QTs":{"weight":0.0189,"played":[0.0166,0.9834],"evs":[0.0,6.48624]},"QJs":{"weight":0.0038,"played":[0.0068,0.9932],"evs":[0.0,4.36196]},"QQ":{"weight":0.0,"played":[0.0,1.0],"evs":[0.0,22.63947]},"KQo":{"weight":2.0E-4,"played":[1.0E-4,0.9999],"evs":[0.0,6.06061]},"AQo":{"weight":0.0061,"played":[0.0,1.0],"evs":[0.0,8.31872]},"K2s":{"weight":0.0,"played":[0.259,0.741],"evs":[0.0,3.88246]},"K3s":{"weight":0.0,"played":[0.1455,0.8545],"evs":[0.0,3.38477]},"K4s":{"weight":2.0E-4,"played":[5.0E-4,0.9995],"evs":[0.0,4.52706]},"K5s":{"weight":0.0,"played":[0.0039,0.9961],"evs":[0.0,3.16026]},"K6s":{"weight":0.0,"played":[0.005,0.995],"evs":[0.0,2.44438]},"K7s":{"weight":0.0,"played":[0.001,0.999],"evs":[0.0,3.35942]},"K8s":{"weight":0.0,"played":[0.146,0.854],"evs":[0.0,3.21582]},"K9s":{"weight":1.0E-4,"played":[2.0E-4,0.9998],"evs":[0.0,4.23701]},"KTs":{"weight":0.0016,"played":[2.0E-4,0.9998],"evs":[0.0,7.35905]},"KJs":{"weight":0.0032,"played":[0.0038,0.9962],"evs":[0.0,9.43607]},"KQs":{"weight":0.8039,"played":[0.0,1.0],"evs":[0.0,10.23678]},"KK":{"weight":0.0,"played":[0.0,1.0],"evs":[0.0,24.31048]},"AKo":{"weight":0.0,"played":[0.0,1.0],"evs":[0.0,9.7939]},"A2s":{"weight":0.0,"played":[0.0197,0.9803],"evs":[0.0,2.90072]},"A3s":{"weight":0.0,"played":[0.018,0.982],"evs":[0.0,2.47847]},"A4s":{"weight":0.0,"played":[0.0286,0.9714],"evs":[0.0,3.57565]},"A5s":{"weight":0.0,"played":[0.0016,0.9984],"evs":[0.0,5.66845]},"A6s":{"weight":1.0E-4,"played":[0.0141,0.9859],"evs":[0.0,2.30837]},"A7s":{"weight":0.0,"played":[0.2779,0.7221],"evs":[0.0,1.55187]},"A8s":{"weight":0.0,"played":[0.0303,0.9697],"evs":[0.0,5.98581]},"A9s":{"weight":0.0034,"played":[0.0186,0.9814],"evs":[0.0,5.71399]},"ATs":{"weight":0.0687,"played":[0.0,1.0],"evs":[0.0,9.12106]},"AJs":{"weight":0.1538,"played":[0.0,1.0],"evs":[0.0,5.3386]},"AQs":{"weight":0.0,"played":[3.0E-4,0.9997],"evs":[0.0,12.32778]},"AKs":{"weight":0.0,"played":[5.0E-4,0.9995],"evs":[0.0,12.08294]},"AA":{"weight":0.0085,"played":[0.0,1.0],"evs":[0.0,40.44691]}}}