{"player":4,"street":0,"children":2,"sequence":[{"player":0,"type":"R","amount":955000,"street":0},{"player":1,"type":"F","amount":0,"street":0},{"player":2,"type":"R","amount":2215000,"street":0},{"player":3,"type":"F","amount":0,"street":0}],"actions":[{"type":"F","amount":0,"node":350},{"type":"C","amount":2165000,"node":351}],"hands":{"22":{"weight":1.0,"played":[1.0,0.0],"evs":[0.0,-2.3978]},"32o":{"weight":1.0,"played":[1.0,0.0],"evs":[0.0,-7.18477]},"42o":{"weight":1.0,"played":[1.0,0.0],"evs":[0.0,-6.97059]},"52o":{"weight":1.0,"played":[1.0,0.0],"evs":[0.0,-6.62035]},"62o":{"weight":1.0,"played":[1.0,0.0],"evs":[0.0,-6.82001]},"72o":{"weight":1.0,"played":[1.0,0.0],"evs":[0.0,-7.33262]},"82o":{"weight":1.0,"played":[1.0,0.0],"evs":[0.0,-7.06915]},"92o":{"weight":1.0,"played":[1.0,0.0],"evs":[0.0,-6.73937]},"T2o":{"weight":1.0,"played":[1.0,0.0],"evs":[0.0,-6.89808]},"J2o":{"weight":1.0,"played":[1.0,0.0],"evs":[0.0,-6.60764]},"Q2o":{"weight":1.0,"played":[1.0,0.0],"evs":[0.0,-6.07644]},"K2o":{"weight":1.0,"played":[1.0,0.0],"evs":[0.0,-5.8405]},"A2o":{"weight":1.0,"played":[1.0,0.0],"evs":[0.0,-6.4109]},"32s":{"weight":1.0,"played":[1.0,0.0],"evs":[0.0,-5.3218]},"33":{"weight":1.0,"played":[1.0,0.0],"evs":[0.0,-2.23854]},"43o":{"weight":1.0,"played":[1.0,0.0],"evs":[0.0,-6.25635]},"53o":{"weight":1.0,"played":[1.0,0.0],"evs":[0.0,-5.82406]},"63o":{"weight":1.0,"played":[1.0,0.0],"evs":[0.0,-6.28595]},"73o":{"weight":1.0,"played":[1.0,0.0],"evs":[0.0,-6.59445]},"83o":{"weight":1.0,"played":[1.0,0.0],"evs":[0.0,-7.0051]},"93o":{"weight":1.0,"played":[1.0,0.0],"evs":[0.0,-6.69036]},"T3o":{"weight":1.0,"played":[1.0,0.0],"evs":[0.0,-6.68738]},"J3o":{"weight":1.0,"played":[1.0,0.0],"evs":[0.0,-6.40119]},"Q3o":{"weight":1.0,"played":[1.0,0.0],"evs":[0.0,-5.75767]},"K3o":{"weight":1.0,"played":[1.0,0.0],"evs":[0.0,-5.65821]},"A3o":{"weight":1.0,"played":[1.0,0.0],"evs":[0.0,-6.19383]},"42s":{"weight":1.0,"played":[1.0,0.0],"evs":[0.0,-5.133]},"43s":{"weight":1.0,"played":[1.0,0.0],"evs":[0.0,-4.5803]},"44":{"weight":1.0,"played":[0.9999,1.0E-4],"evs":[0.0,-1.65576]},"54o":{"weight":1.0,"played":[1.0,0.0],"evs":[0.0,-5.01141]},"64o":{"weight":1.0,"played":[1.0,0.0],"evs":[0.0,-5.37747]},"74o":{"weight":1.0,"played":[1.0,0.0],"evs":[0.0,-5.86603]},"84o":{"weight":1.0,"played":[1.0,0.0],"evs":[0.0,-6.35133]},"94o":{"weight":1.0,"played":[1.0,0.0],"evs":[0.0,-6.61684]},"T4o":{"weight":1.0,"played":[1.0,0.0],"evs":[0.0,-6.48613]},"J4o":{"weight":1.0,"played":[1.0,0.0],"evs":[0.0,-6.11912]},"Q4o":{"weight":1.0,"played":[1.0,0.0],"evs":[0.0,-5.56745]},"K4o":{"weight":1.0,"played":[1.0,0.0],"evs":[0.0,-5.36139]},"A4o":{"weight":1.0,"played":[1.0,0.0],"evs":[0.0,-5.949]},"52s":{"weight":1.0,"played":[1.0,0.0],"evs":[0.0,-4.76543]},"53s":{"weight":1.0,"played":[1.0,0.0],"evs":[0.0,-3.9271]},"54s":{"weight":1.0,"played":[1.0,0.0],"evs":[0.0,-3.28512]},"55":{"weight":1.0,"played":[0.9991,9.0E-4],"evs":[0.0,-0.54614]},"65o":{"weight":1.0,"played":[1.0,0.0],"evs":[0.0,-4.45732]},"75o":{"weight":1.0,"played":[1.0,0.0],"evs":[0.0,-4.91697]},"85o":{"weight":1.0,"played":[1.0,0.0],"evs":[0.0,-5.30985]},"95o":{"weight":1.0,"played":[1.0,0.0],"evs":[0.0,-5.74715]},"T5o":{"weight":1.0,"played":[1.0,0.0],"evs":[0.0,-6.25822]},"J5o":{"weight":1.0,"played":[1.0,0.0],"evs":[0.0,-5.77985]},"Q5o":{"weight":1.0,"played":[1.0,0.0],"evs":[0.0,-5.3506]},"K5o":{"weight":1.0,"played":[1.0,0.0],"evs":[0.0,-4.96929]},"A5o":{"weight":1.0,"played":[1.0,0.0],"evs":[0.0,-5.50765]},"62s":{"weight":1.0,"played":[1.0,0.0],"evs":[0.0,-5.08085]},"63s":{"weight":1.0,"played":[1.0,0.0],"evs":[0.0,-4.21779]},"64s":{"weight":1.0,"played":[1.0,0.0],"evs":[0.0,-3.37406]},"65s":{"weight":1.0,"played":[1.0,0.0],"evs":[0.0,-2.65174]},"66":{"weight":1.0,"played":[0.0,1.0],"evs":[0.0,0.79449]},"76o":{"weight":1.0,"played":[1.0,0.0],"evs":[0.0,-4.07692]},"86o":{"weight":1.0,"played":[1.0,0.0],"evs":[0.0,-4.49609]},"96o":{"weight":1.0,"played":[1.0,0.0],"evs":[0.0,-4.82421]},"T6o":{"weight":1.0,"played":[1.0,0.0],"evs":[0.0,-5.33172]},"J6o":{"weight":1.0,"played":[1.0,0.0],"evs":[0.0,-5.51145]},"Q6o":{"weight":1.0,"played":[1.0,0.0],"evs":[0.0,-4.94338]},"K6o":{"weight":1.0,"played":[1.0,0.0],"evs":[0.0,-4.69193]},"A6o":{"weight":1.0,"played":[1.0,0.0],"evs":[0.0,-5.90527]},"72s":{"weight":1.0,"played":[1.0,0.0],"evs":[0.0,-5.42163]},"73s":{"weight":1.0,"played":[1.0,0.0],"evs":[0.0,-4.59881]},"74s":{"weight":1.0,"played":[1.0,0.0],"evs":[0.0,-3.98682]},"75s":{"weight":1.0,"played":[1.0,0.0],"evs":[0.0,-3.04259]},"76s":{"weight":1.0,"played":[1.0,0.0],"evs":[0.0,-2.38459]},"77":{"weight":1.0,"played":[0.0,1.0],"evs":[0.0,1.75718]},"87o":{"weight":1.0,"played":[1.0,0.0],"evs":[0.0,-3.84145]},"97o":{"weight":1.0,"played":[1.0,0.0],"evs":[0.0,-4.05821]},"T7o":{"weight":1.0,"played":[1.0,0.0],"evs":[0.0,-4.54631]},"J7o":{"weight":1.0,"played":[1.0,0.0],"evs":[0.0,-4.77874]},"Q7o":{"weight":1.0,"played":[1.0,0.0],"evs":[0.0,-4.83723]},"K7o":{"weight":1.0,"played":[1.0,0.0],"evs":[0.0,-4.37164]},"A7o":{"weight":1.0,"played":[1.0,0.0],"evs":[0.0,-5.56556]},"82s":{"weight":1.0,"played":[1.0,0.0],"evs":[0.0,-5.15111]},"83s":{"weight":1.0,"played":[1.0,0.0],"evs":[0.0,-5.08103]},"84s":{"weight":1.0,"played":[1.0,0.0],"evs":[0.0,-4.42617]},"85s":{"weight":1.0,"played":[1.0,0.0],"evs":[0.0,-3.54236]},"86s":{"weight":1.0,"played":[1.0,0.0],"evs":[0.0,-2.70236]},"87s":{"weight":1.0,"played":[1.0,0.0],"evs":[0.0,-2.27186]},"88":{"weight":1.0,"played":[0.0,1.0],"evs":[0.0,3.11567]},"98o":{"weight":1.0,"played":[1.0,0.0],"evs":[0.0,-3.60228]},"T8o":{"weight":1.0,"played":[1.0,0.0],"evs":[0.0,-4.10497]},"J8o":{"weight":1.0,"played":[1.0,0.0],"evs":[0.0,-4.25168]},"Q8o":{"weight":1.0,"played":[1.0,0.0],"evs":[0.0,-4.19985]},"K8o":{"weight":1.0,"played":[1.0,0.0],"evs":[0.0,-4.45182]},"A8o":{"weight":1.0,"played":[1.0,0.0],"evs":[0.0,-5.22301]},"92s":{"weight":1.0,"played":[1.0,0.0],"evs":[0.0,-4.93124]},"93s":{"weight":1.0,"played":[1.0,0.0],"evs":[0.0,-4.7105]},"94s":{"weight":1.0,"played":[1.0,0.0],"evs":[0.0,-4.62949]},"95s":{"weight":1.0,"played":[1.0,0.0],"evs":[0.0,-3.90524]},"96s":{"weight":1.0,"played":[1.0,0.0],"evs":[0.0,-2.98347]},"97s":{"weight":1.0,"played":[1.0,0.0],"evs":[0.0,-2.34854]},"98s":{"weight":1.0,"played":[1.0,0.0],"evs":[0.0,-1.89041]},"99":{"weight":1.0,"played":[0.0,1.0],"evs":[0.0,4.68974]},"T9o":{"weight":1.0,"played":[1.0,0.0],"evs":[0.0,-3.17287]},"J9o":{"weight":1.0,"played":[1.0,0.0],"evs":[0.0,-3.4796]},"Q9o":{"weight":1.0,"played":[1.0,0.0],"evs":[0.0,-3.50166]},"K9o":{"weight":1.0,"played":[1.0,0.0],"evs":[0.0,-3.79779]},"A9o":{"weight":1.0,"played":[1.0,0.0],"evs":[0.0,-4.63303]},"T2s":{"weight":1.0,"played":[1.0,0.0],"evs":[0.0,-4.71598]},"T3s":{"weight":1.0,"played":[1.0,0.0],"evs":[0.0,-4.7969]},"T4s":{"weight":1.0,"played":[1.0,0.0],"evs":[0.0,-4.44051]},"T5s":{"weight":1.0,"played":[1.0,0.0],"evs":[0.0,-4.371]},"T6s":{"weight":1.0,"played":[1.0,0.0],"evs":[0.0,-3.40002]},"T7s":{"weight":1.0,"played":[1.0,0.0],"evs":[0.0,-2.76713]},"T8s":{"weight":1.0,"played":[1.0,0.0],"evs":[0.0,-1.98848]},"T9s":{"weight":1.0,"played":[0.9998,2.0E-4],"evs":[0.0,-1.44205]},"TT":{"weight":1.0,"played":[0.0,1.0],"evs":[0.0,7.09469]},"JTo":{"weight":1.0,"played":[1.0,0.0],"evs":[0.0,-2.81884]},"QTo":{"weight":1.0,"played":[1.0,0.0],"evs":[0.0,-2.63786]},"KTo":{"weight":1.0,"played":[1.0,0.0],"evs":[0.0,-2.94974]},"ATo":{"weight":1.0,"played":[1.0,0.0],"evs":[0.0,-2.81283]},"J2s":{"weight":1.0,"played":[1.0,0.0],"evs":[0.0,-4.44842]},"J3s":{"weight":1.0,"played":[1.0,0.0],"evs":[0.0,-4.47525]},"J4s":{"weight":1.0,"played":[1.0,0.0],"evs":[0.0,-4.27626]},"J5s":{"weight":1.0,"played":[1.0,0.0],"evs":[0.0,-3.8732]},"J6s":{"weight":1.0,"played":[1.0,0.0],"evs":[0.0,-3.65969]},"J7s":{"weight":1.0,"played":[1.0,0.0],"evs":[0.0,-2.96427]},"J8s":{"weight":1.0,"played":[1.0,0.0],"evs":[0.0,-2.33894]},"J9s":{"weight":1.0,"played":[1.0,0.0],"evs":[0.0,-1.78176]},"JTs":{"weight":1.0,"played":[1.0,0.0],"evs":[0.0,-0.99991]},"JJ":{"weight":1.0,"played":[0.0,1.0],"evs":[0.0,9.61896]},"QJo":{"weight":1.0,"played":[1.0,0.0],"evs":[0.0,-2.44472]},"KJo":{"weight":1.0,"played":[1.0,0.0],"evs":[0.0,-2.45806]},"AJo":{"weight":1.0,"played":[0.9811,0.0189],"evs":[0.0,-0.60627]},"Q2s":{"weight":1.0,"played":[1.0,0.0],"evs":[0.0,-3.96435]},"Q3s":{"weight":1.0,"played":[1.0,0.0],"evs":[0.0,-3.94372]},"Q4s":{"weight":1.0,"played":[1.0,0.0],"evs":[0.0,-3.66914]},"Q5s":{"weight":1.0,"played":[1.0,0.0],"evs":[0.0,-3.37796]},"Q6s":{"weight":1.0,"played":[1.0,0.0],"evs":[0.0,-3.02809]},"Q7s":{"weight":1.0,"played":[1.0,0.0],"evs":[0.0,-2.95891]},"Q8s":{"weight":1.0,"played":[1.0,0.0],"evs":[0.0,-2.52836]},"Q9s":{"weight":1.0,"played":[1.0,0.0],"evs":[0.0,-1.83444]},"QTs":{"weight":1.0,"played":[0.9998,2.0E-4],"evs":[0.0,-0.97473]},"QJs":{"weight":1.0,"played":[0.9997,3.0E-4],"evs":[0.0,-0.65904]},"QQ":{"weight":1.0,"played":[0.0,1.0],"evs":[0.0,12.51028]},"KQo":{"weight":1.0,"played":[0.9999,1.0E-4],"evs":[0.0,-1.45029]},"AQo":{"weight":1.0,"played":[0.0,1.0],"evs":[0.0,1.91979]},"K2s":{"weight":1.0,"played":[1.0,0.0],"evs":[0.0,-3.89407]},"K3s":{"weight":1.0,"played":[1.0,0.0],"evs":[0.0,-3.78929]},"K4s":{"weight":1.0,"played":[1.0,0.0],"evs":[0.0,-3.4985]},"K5s":{"weight":1.0,"played":[1.0,0.0],"evs":[0.0,-3.0278]},"K6s":{"weight":1.0,"played":[1.0,0.0],"evs":[0.0,-2.77096]},"K7s":{"weight":1.0,"played":[1.0,0.0],"evs":[0.0,-2.58828]},"K8s":{"weight":1.0,"played":[1.0,0.0],"evs":[0.0,-2.60218]},"K9s":{"weight":1.0,"played":[1.0,0.0],"evs":[0.0,-1.87273]},"KTs":{"weight":1.0,"played":[1.0,0.0],"evs":[0.0,-0.9717]},"KJs":{"weight":1.0,"played":[0.9998,2.0E-4],"evs":[0.0,-0.73607]},"KQs":{"weight":1.0,"played":[0.0023,0.9977],"evs":[0.0,0.33678]},"KK":{"weight":1.0,"played":[0.0,1.0],"evs":[0.0,15.41491]},"AKo":{"weight":1.0,"played":[0.0,1.0],"evs":[0.0,4.44249]},"A2s":{"weight":1.0,"played":[1.0,0.0],"evs":[0.0,-4.41072]},"A3s":{"weight":1.0,"played":[1.0,0.0],"evs":[0.0,-4.20103]},"A4s":{"weight":1.0,"played":[1.0,0.0],"evs":[0.0,-3.73739]},"A5s":{"weight":1.0,"played":[0.9999,1.0E-4],"evs":[0.0,-3.32975]},"A6s":{"weight":1.0,"played":[1.0,0.0],"evs":[0.0,-3.89658]},"A7s":{"weight":1.0,"played":[0.9999,1.0E-4],"evs":[0.0,-3.35478]},"A8s":{"weight":1.0,"played":[1.0,0.0],"evs":[0.0,-3.09154]},"A9s":{"weight":1.0,"played":[0.9999,1.0E-4],"evs":[0.0,-2.57337]},"ATs":{"weight":1.0,"played":[0.9862,0.0138],"evs":[0.0,-0.80066]},"AJs":{"weight":1.0,"played":[0.0,1.0],"evs":[0.0,1.1204]},"AQs":{"weight":1.0,"played":[0.0,1.0],"evs":[0.0,3.63913]},"AKs":{"weight":1.0,"played":[0.0,1.0],"evs":[0.0,5.88861]},"AA":{"weight":1.0,"played":[0.0,1.0],"evs":[0.0,21.20463]}}}