{"player":1,"street":0,"children":2,"sequence":[{"player":0,"type":"R","amount":955000,"street":0},{"player":1,"type":"C","amount":955000,"street":0},{"player":2,"type":"F","amount":0,"street":0},{"player":3,"type":"F","amount":0,"street":0},{"player":4,"type":"F","amount":0,"street":0},{"player":5,"type":"R","amount":985000,"street":0}],"actions":[{"type":"F","amount":0},{"type":"C","amount":30000}],"hands":{"22":{"weight":0.0,"played":[0.0,1.0],"evs":[0.0,7.73384]},"32o":{"weight":0.0,"played":[0.0,1.0],"evs":[0.0,5.32231]},"42o":{"weight":0.0,"played":[0.0,1.0],"evs":[0.0,5.39949]},"52o":{"weight":0.0,"played":[0.0,1.0],"evs":[0.0,5.71051]},"62o":{"weight":0.0,"played":[0.0,1.0],"evs":[0.0,5.40083]},"72o":{"weight":0.0,"played":[0.0,1.0],"evs":[0.0,5.01338]},"82o":{"weight":0.0,"played":[0.0,1.0],"evs":[0.0,5.21132]},"92o":{"weight":0.0,"played":[0.0,1.0],"evs":[0.0,5.25299]},"T2o":{"weight":0.0,"played":[0.0,1.0],"evs":[0.0,5.30888]},"J2o":{"weight":0.0,"played":[0.0,1.0],"evs":[0.0,5.08639]},"Q2o":{"weight":0.0,"played":[0.0,1.0],"evs":[0.0,5.28475]},"K2o":{"weight":0.0,"played":[0.0,1.0],"evs":[0.0,5.88059]},"A2o":{"weight":0.0,"played":[0.0,1.0],"evs":[0.0,6.06589]},"32s":{"weight":0.0,"played":[0.0,1.0],"evs":[0.0,6.36549]},"33":{"weight":0.0,"played":[0.0,1.0],"evs":[0.0,8.01686]},"43o":{"weight":0.0,"played":[0.0,1.0],"evs":[0.0,5.94248]},"53o":{"weight":0.0,"played":[0.0,1.0],"evs":[0.0,6.03127]},"63o":{"weight":0.0,"played":[0.0,1.0],"evs":[0.0,5.90703]},"73o":{"weight":0.0,"played":[0.0,1.0],"evs":[0.0,5.61971]},"83o":{"weight":0.0,"played":[0.0,1.0],"evs":[0.0,5.31909]},"93o":{"weight":0.0,"played":[0.0,1.0],"evs":[0.0,5.38718]},"T3o":{"weight":0.0,"played":[0.0,1.0],"evs":[0.0,5.33796]},"J3o":{"weight":0.0,"played":[0.0,1.0],"evs":[0.0,5.21717]},"Q3o":{"weight":0.0,"played":[0.0,1.0],"evs":[0.0,5.46398]},"K3o":{"weight":0.0,"played":[0.0,1.0],"evs":[0.0,6.00917]},"A3o":{"weight":0.0,"played":[0.0,1.0],"evs":[0.0,6.03762]},"42s":{"weight":0.0,"played":[0.0,1.0],"evs":[0.0,6.40346]},"43s":{"weight":0.0,"played":[0.0,1.0],"evs":[0.0,6.92327]},"44":{"weight":0.0011,"played":[0.0,1.0],"evs":[0.0,8.2771]},"54o":{"weight":0.0,"played":[0.0,1.0],"evs":[0.0,6.6463]},"64o":{"weight":0.0,"played":[0.0,1.0],"evs":[0.0,6.19353]},"74o":{"weight":0.0,"played":[0.0,1.0],"evs":[0.0,6.19081]},"84o":{"weight":0.0,"played":[0.0,1.0],"evs":[0.0,5.75811]},"94o":{"weight":0.0,"played":[0.0,1.0],"evs":[0.0,5.48471]},"T4o":{"weight":0.0,"played":[0.0,1.0],"evs":[0.0,5.52197]},"J4o":{"weight":0.0,"played":[0.0,1.0],"evs":[0.0,5.34219]},"Q4o":{"weight":0.0,"played":[0.0,1.0],"evs":[0.0,5.54369]},"K4o":{"weight":0.0,"played":[0.0,1.0],"evs":[0.0,6.07072]},"A4o":{"weight":0.0,"played":[0.0,1.0],"evs":[0.0,6.28609]},"52s":{"weight":0.0,"played":[0.0,1.0],"evs":[0.0,6.80796]},"53s":{"weight":0.0,"played":[0.0,1.0],"evs":[0.0,7.16215]},"54s":{"weight":0.0,"played":[0.0,1.0],"evs":[0.0,7.66775]},"55":{"weight":0.4004,"played":[0.0,1.0],"evs":[0.0,8.84382]},"65o":{"weight":0.0,"played":[0.0,1.0],"evs":[0.0,6.77833]},"75o":{"weight":0.0,"played":[0.0,1.0],"evs":[0.0,6.48113]},"85o":{"weight":0.0,"played":[0.0,1.0],"evs":[0.0,6.29285]},"95o":{"weight":0.0,"played":[0.0,1.0],"evs":[0.0,5.98662]},"T5o":{"weight":0.0,"played":[0.0,1.0],"evs":[0.0,5.67168]},"J5o":{"weight":0.0,"played":[0.0,1.0],"evs":[0.0,5.5327]},"Q5o":{"weight":0.0,"played":[0.0,1.0],"evs":[0.0,5.81285]},"K5o":{"weight":0.0,"played":[0.0,1.0],"evs":[0.0,6.48029]},"A5o":{"weight":0.0,"played":[0.0,1.0],"evs":[0.0,6.61866]},"62s":{"weight":0.0,"played":[0.0,1.0],"evs":[0.0,6.63684]},"63s":{"weight":0.0,"played":[0.0,1.0],"evs":[0.0,7.06092]},"64s":{"weight":0.0,"played":[0.0,1.0],"evs":[0.0,7.40661]},"65s":{"weight":0.0,"played":[0.0,1.0],"evs":[0.0,7.76135]},"66":{"weight":0.3918,"played":[0.0,1.0],"evs":[0.0,9.243]},"76o":{"weight":0.0,"played":[0.0,1.0],"evs":[0.0,6.96574]},"86o":{"weight":0.0,"played":[0.0,1.0],"evs":[0.0,6.68357]},"96o":{"weight":0.0,"played":[0.0,1.0],"evs":[0.0,6.37311]},"T6o":{"weight":0.0,"played":[0.0,1.0],"evs":[0.0,6.18721]},"J6o":{"weight":0.0,"played":[0.0,1.0],"evs":[0.0,5.60957]},"Q6o":{"weight":0.0,"played":[0.0,1.0],"evs":[0.0,5.85304]},"K6o":{"weight":0.0,"played":[0.0,1.0],"evs":[0.0,6.51296]},"A6o":{"weight":0.0,"played":[0.0,1.0],"evs":[0.0,6.21522]},"72s":{"weight":0.0,"played":[0.0,1.0],"evs":[0.0,6.34032]},"73s":{"weight":0.0,"played":[0.0,1.0],"evs":[0.0,6.72157]},"74s":{"weight":0.0,"played":[0.0,1.0],"evs":[0.0,7.10716]},"75s":{"weight":0.0,"played":[0.0,1.0],"evs":[0.0,7.58712]},"76s":{"weight":0.0,"played":[0.0,1.0],"evs":[0.0,8.0603]},"77":{"weight":0.2788,"played":[0.0,1.0],"evs":[0.0,9.71745]},"87o":{"weight":0.0,"played":[0.0,1.0],"evs":[0.0,7.06758]},"97o":{"weight":0.0,"played":[0.0,1.0],"evs":[0.0,6.80472]},"T7o":{"weight":0.0,"played":[0.0,1.0],"evs":[0.0,6.56122]},"J7o":{"weight":0.0,"played":[0.0,1.0],"evs":[0.0,6.03768]},"Q7o":{"weight":0.0,"played":[0.0,1.0],"evs":[0.0,5.91329]},"K7o":{"weight":0.0,"played":[0.0,1.0],"evs":[0.0,6.62806]},"A7o":{"weight":0.0,"played":[0.0,1.0],"evs":[0.0,6.40119]},"82s":{"weight":0.0,"played":[0.0,1.0],"evs":[0.0,6.33438]},"83s":{"weight":0.0,"played":[0.0,1.0],"evs":[0.0,6.6447]},"84s":{"weight":0.0,"played":[0.0,1.0],"evs":[0.0,6.8431]},"85s":{"weight":0.0,"played":[0.0,1.0],"evs":[0.0,7.17438]},"86s":{"weight":0.0,"played":[0.0,1.0],"evs":[0.0,7.80197]},"87s":{"weight":0.0,"played":[0.0,1.0],"evs":[0.0,8.0219]},"88":{"weight":0.3658,"played":[0.0,1.0],"evs":[0.0,10.38948]},"98o":{"weight":0.0,"played":[0.0,1.0],"evs":[0.0,7.15747]},"T8o":{"weight":0.0,"played":[0.0,1.0],"evs":[0.0,7.02693]},"J8o":{"weight":0.0,"played":[0.0,1.0],"evs":[0.0,6.50486]},"Q8o":{"weight":0.0,"played":[0.0,1.0],"evs":[0.0,6.3165]},"K8o":{"weight":0.0,"played":[0.0,1.0],"evs":[0.0,6.58218]},"A8o":{"weight":0.0,"played":[0.0,1.0],"evs":[0.0,6.62062]},"92s":{"weight":0.0,"played":[0.0,1.0],"evs":[0.0,6.36401]},"93s":{"weight":0.0,"played":[0.0,1.0],"evs":[0.0,6.5644]},"94s":{"weight":0.0,"played":[0.0,1.0],"evs":[0.0,6.59257]},"95s":{"weight":0.0,"played":[0.0,1.0],"evs":[0.0,7.09106]},"96s":{"weight":0.0,"played":[0.0,1.0],"evs":[0.0,7.62879]},"97s":{"weight":0.0,"played":[0.0,1.0],"evs":[0.0,7.85488]},"98s":{"weight":0.0,"played":[0.0,1.0],"evs":[0.0,8.01394]},"99":{"weight":0.3736,"played":[0.0,1.0],"evs":[0.0,10.90873]},"T9o":{"weight":0.0,"played":[0.0,1.0],"evs":[0.0,7.32138]},"J9o":{"weight":0.0,"played":[0.0,1.0],"evs":[0.0,6.85653]},"Q9o":{"weight":0.0,"played":[0.0,1.0],"evs":[0.0,6.65727]},"K9o":{"weight":0.0,"played":[0.0,1.0],"evs":[0.0,6.88651]},"A9o":{"weight":0.0,"played":[0.0,1.0],"evs":[0.0,6.99978]},"T2s":{"weight":0.0,"played":[0.0,1.0],"evs":[0.0,6.33351]},"T3s":{"weight":0.0,"played":[0.0,1.0],"evs":[0.0,6.55399]},"T4s":{"weight":0.0,"played":[0.0,1.0],"evs":[0.0,6.61395]},"T5s":{"weight":0.0,"played":[0.0,1.0],"evs":[0.0,6.91172]},"T6s":{"weight":0.0,"played":[0.0,1.0],"evs":[0.0,7.30178]},"T7s":{"weight":0.0,"played":[0.0,1.0],"evs":[0.0,7.79174]},"T8s":{"weight":0.0,"played":[0.0,1.0],"evs":[0.0,8.11108]},"T9s":{"weight":1.0E-4,"played":[0.0,1.0],"evs":[0.0,8.36452]},"TT":{"weight":0.4584,"played":[0.0,1.0],"evs":[0.0,11.8739]},"JTo":{"weight":0.0,"played":[0.0,1.0],"evs":[0.0,7.20839]},"QTo":{"weight":0.0,"played":[0.0,1.0],"evs":[0.0,7.24846]},"KTo":{"weight":0.0,"played":[0.0,1.0],"evs":[0.0,7.60928]},"ATo":{"weight":0.4891,"played":[0.0,1.0],"evs":[0.0,7.84507]},"J2s":{"weight":0.0,"played":[0.0,1.0],"evs":[0.0,6.42027]},"J3s":{"weight":0.0,"played":[0.0,1.0],"evs":[0.0,6.40077]},"J4s":{"weight":0.0,"played":[0.0,1.0],"evs":[0.0,6.55563]},"J5s":{"weight":0.0,"played":[0.0,1.0],"evs":[0.0,6.75707]},"J6s":{"weight":0.0,"played":[0.0,1.0],"evs":[0.0,6.86074]},"J7s":{"weight":0.0,"played":[0.0,1.0],"evs":[0.0,7.04229]},"J8s":{"weight":0.0,"played":[0.0,1.0],"evs":[0.0,7.6672]},"J9s":{"weight":0.0,"played":[0.0,1.0],"evs":[0.0,7.83739]},"JTs":{"weight":0.0158,"played":[0.0,1.0],"evs":[0.0,8.46065]},"JJ":{"weight":0.5697,"played":[0.0,1.0],"evs":[0.0,12.77895]},"QJo":{"weight":0.0,"played":[0.0,1.0],"evs":[0.0,6.96349]},"KJo":{"weight":2.0E-4,"played":[0.0,1.0],"evs":[0.0,7.528]},"AJo":{"weight":0.6395,"played":[0.0,1.0],"evs":[0.0,8.47411]},"Q2s":{"weight":0.0,"played":[0.0,1.0],"evs":[0.0,6.30897]},"Q3s":{"weight":0.0,"played":[0.0,1.0],"evs":[0.0,6.52969]},"Q4s":{"weight":0.0,"played":[0.0,1.0],"evs":[0.0,6.60959]},"Q5s":{"weight":0.0,"played":[0.0,1.0],"evs":[0.0,6.91409]},"Q6s":{"weight":0.0,"played":[0.0,1.0],"evs":[0.0,7.09102]},"Q7s":{"weight":0.0,"played":[0.0,1.0],"evs":[0.0,6.98948]},"Q8s":{"weight":0.0,"played":[0.0,1.0],"evs":[0.0,7.54223]},"Q9s":{"weight":0.0,"played":[0.0,1.0],"evs":[0.0,7.67573]},"QTs":{"weight":0.319,"played":[0.0,1.0],"evs":[0.0,8.33861]},"QJs":{"weight":0.5443,"played":[0.0,1.0],"evs":[0.0,8.10277]},"QQ":{"weight":0.5456,"played":[0.0,1.0],"evs":[0.0,15.05842]},"KQo":{"weight":0.5306,"played":[0.0,1.0],"evs":[0.0,8.17753]},"AQo":{"weight":0.5083,"played":[0.0,1.0],"evs":[0.0,9.98267]},"K2s":{"weight":0.0,"played":[0.0,1.0],"evs":[0.0,7.19793]},"K3s":{"weight":0.0,"played":[0.0,1.0],"evs":[0.0,7.29932]},"K4s":{"weight":0.0,"played":[0.0,1.0],"evs":[0.0,7.37619]},"K5s":{"weight":0.0,"played":[0.0,1.0],"evs":[0.0,7.42449]},"K6s":{"weight":0.0,"played":[0.0,1.0],"evs":[0.0,7.71642]},"K7s":{"weight":0.0,"played":[0.0,1.0],"evs":[0.0,7.79293]},"K8s":{"weight":0.0,"played":[0.0,1.0],"evs":[0.0,7.68536]},"K9s":{"weight":1.0E-4,"played":[0.0,1.0],"evs":[0.0,8.05115]},"KTs":{"weight":0.4154,"played":[0.0,1.0],"evs":[0.0,8.68888]},"KJs":{"weight":0.4882,"played":[0.0,1.0],"evs":[0.0,8.5254]},"KQs":{"weight":0.5421,"played":[0.0,1.0],"evs":[0.0,9.10203]},"KK":{"weight":0.5279,"played":[0.0,1.0],"evs":[0.0,17.79492]},"AKo":{"weight":0.5983,"played":[0.0,1.0],"evs":[0.0,11.84428]},"A2s":{"weight":0.0,"played":[0.0,1.0],"evs":[0.0,7.27828]},"A3s":{"weight":0.0,"played":[0.0,1.0],"evs":[0.0,7.1688]},"A4s":{"weight":0.0,"played":[0.0,1.0],"evs":[0.0,7.65413]},"A5s":{"weight":2.0E-4,"played":[0.0,1.0],"evs":[0.0,7.93317]},"A6s":{"weight":0.0,"played":[0.0,1.0],"evs":[0.0,7.5596]},"A7s":{"weight":0.0,"played":[0.0,1.0],"evs":[0.0,7.72426]},"A8s":{"weight":0.4724,"played":[0.0,1.0],"evs":[0.0,8.14323]},"A9s":{"weight":0.4569,"played":[0.0,1.0],"evs":[0.0,8.22064]},"ATs":{"weight":0.6578,"played":[0.0,1.0],"evs":[0.0,8.98709]},"AJs":{"weight":0.6187,"played":[0.0,1.0],"evs":[0.0,9.51482]},"AQs":{"weight":0.7262,"played":[0.0,1.0],"evs":[0.0,11.04112]},"AKs":{"weight":0.5689,"played":[0.0,1.0],"evs":[0.0,12.6923]},"AA":{"weight":0.5586,"played":[0.0,1.0],"evs":[0.0,21.64491]}}}