{"player":5,"street":0,"children":3,"sequence":[{"player":0,"type":"R","amount":955000,"street":0},{"player":1,"type":"C","amount":955000,"street":0},{"player":2,"type":"F","amount":0,"street":0},{"player":3,"type":"F","amount":0,"street":0},{"player":4,"type":"C","amount":905000,"street":0}],"actions":[{"type":"F","amount":0},{"type":"C","amount":855000},{"type":"R","amount":985000,"node":361}],"hands":{"22":{"weight":1.0,"played":[0.9557,0.026,0.0183],"evs":[0.0,-0.24846,-0.26002]},"32o":{"weight":1.0,"played":[1.0,0.0,0.0],"evs":[0.0,-2.61606,-2.59977]},"42o":{"weight":1.0,"played":[1.0,0.0,0.0],"evs":[0.0,-2.32817,-2.31343]},"52o":{"weight":1.0,"played":[1.0,0.0,0.0],"evs":[0.0,-2.34206,-2.34181]},"62o":{"weight":1.0,"played":[1.0,0.0,0.0],"evs":[0.0,-2.60652,-2.60973]},"72o":{"weight":1.0,"played":[1.0,0.0,0.0],"evs":[0.0,-2.68373,-2.67852]},"82o":{"weight":1.0,"played":[1.0,0.0,0.0],"evs":[0.0,-2.89884,-2.89412]},"92o":{"weight":1.0,"played":[1.0,0.0,0.0],"evs":[0.0,-2.69734,-2.69385]},"T2o":{"weight":1.0,"played":[1.0,0.0,0.0],"evs":[0.0,-2.79785,-2.79887]},"J2o":{"weight":1.0,"played":[1.0,0.0,0.0],"evs":[0.0,-2.91677,-2.90858]},"Q2o":{"weight":1.0,"played":[1.0,0.0,0.0],"evs":[0.0,-2.75027,-2.74639]},"K2o":{"weight":1.0,"played":[1.0,0.0,0.0],"evs":[0.0,-2.4919,-2.4801]},"A2o":{"weight":1.0,"played":[1.0,0.0,0.0],"evs":[0.0,-2.84766,-2.84854]},"32s":{"weight":1.0,"played":[0.9985,0.0,0.0015],"evs":[0.0,-1.10811,-1.08796]},"33":{"weight":1.0,"played":[0.992,0.0028,0.0052],"evs":[0.0,-0.39337,-0.39128]},"43o":{"weight":1.0,"played":[1.0,0.0,0.0],"evs":[0.0,-2.08056,-2.06301]},"53o":{"weight":1.0,"played":[1.0,0.0,0.0],"evs":[0.0,-1.89201,-1.87094]},"63o":{"weight":1.0,"played":[1.0,0.0,0.0],"evs":[0.0,-2.09983,-2.09224]},"73o":{"weight":1.0,"played":[1.0,0.0,0.0],"evs":[0.0,-2.50034,-2.48555]},"83o":{"weight":1.0,"played":[1.0,0.0,0.0],"evs":[0.0,-2.7694,-2.76559]},"93o":{"weight":1.0,"played":[1.0,0.0,0.0],"evs":[0.0,-2.63397,-2.61931]},"T3o":{"weight":1.0,"played":[1.0,0.0,0.0],"evs":[0.0,-2.93781,-2.93284]},"J3o":{"weight":1.0,"played":[1.0,0.0,0.0],"evs":[0.0,-2.56312,-2.5601]},"Q3o":{"weight":1.0,"played":[0.9999,0.0,1.0E-4],"evs":[0.0,-2.79278,-2.79413]},"K3o":{"weight":1.0,"played":[1.0,0.0,0.0],"evs":[0.0,-2.44349,-2.44531]},"A3o":{"weight":1.0,"played":[1.0,0.0,0.0],"evs":[0.0,-2.60625,-2.62066]},"42s":{"weight":1.0,"played":[0.9853,0.0063,0.0084],"evs":[0.0,-1.26945,-1.27506]},"43s":{"weight":1.0,"played":[0.9858,0.002,0.0122],"evs":[0.0,-0.79756,-0.79518]},"44":{"weight":1.0,"played":[0.9629,0.0164,0.0207],"evs":[0.0,-0.00365,-0.00536]},"54o":{"weight":1.0,"played":[1.0,0.0,0.0],"evs":[0.0,-1.2411,-1.24626]},"64o":{"weight":1.0,"played":[0.9997,0.0,2.0E-4],"evs":[0.0,-1.78259,-1.76295]},"74o":{"weight":1.0,"played":[1.0,0.0,0.0],"evs":[0.0,-1.98576,-1.96893]},"84o":{"weight":1.0,"played":[0.9999,0.0,1.0E-4],"evs":[0.0,-2.20421,-2.20521]},"94o":{"weight":1.0,"played":[1.0,0.0,0.0],"evs":[0.0,-2.82033,-2.80312]},"T4o":{"weight":1.0,"played":[1.0,0.0,0.0],"evs":[0.0,-2.53527,-2.52354]},"J4o":{"weight":1.0,"played":[1.0,0.0,0.0],"evs":[0.0,-2.43774,-2.4236]},"Q4o":{"weight":1.0,"played":[1.0,0.0,0.0],"evs":[0.0,-2.48069,-2.47698]},"K4o":{"weight":1.0,"played":[1.0,0.0,0.0],"evs":[0.0,-2.23576,-2.23625]},"A4o":{"weight":1.0,"played":[1.0,0.0,0.0],"evs":[0.0,-2.31525,-2.29702]},"52s":{"weight":1.0,"played":[0.9895,0.0055,0.0049],"evs":[0.0,-0.90994,-0.90018]},"53s":{"weight":1.0,"played":[0.9884,0.0045,0.0071],"evs":[0.0,-0.30912,-0.29045]},"54s":{"weight":1.0,"played":[0.9157,0.023,0.0613],"evs":[0.0,-0.07359,-0.06392]},"55":{"weight":1.0,"played":[0.0164,0.5322,0.4514],"evs":[0.0,0.25112,0.24672]},"65o":{"weight":1.0,"played":[0.9996,0.0,4.0E-4],"evs":[0.0,-0.88875,-0.87526]},"75o":{"weight":1.0,"played":[1.0,0.0,0.0],"evs":[0.0,-1.54282,-1.52676]},"85o":{"weight":1.0,"played":[1.0,0.0,0.0],"evs":[0.0,-1.54601,-1.52715]},"95o":{"weight":1.0,"played":[1.0,0.0,0.0],"evs":[0.0,-2.22117,-2.20091]},"T5o":{"weight":1.0,"played":[1.0,0.0,0.0],"evs":[0.0,-2.6847,-2.68459]},"J5o":{"weight":1.0,"played":[1.0,0.0,0.0],"evs":[0.0,-2.16634,-2.17145]},"Q5o":{"weight":1.0,"played":[1.0,0.0,0.0],"evs":[0.0,-2.28916,-2.28348]},"K5o":{"weight":1.0,"played":[0.9997,1.0E-4,2.0E-4],"evs":[0.0,-2.24644,-2.25117]},"A5o":{"weight":1.0,"played":[0.9999,0.0,1.0E-4],"evs":[0.0,-2.42221,-2.42902]},"62s":{"weight":1.0,"played":[0.999,2.0E-4,9.0E-4],"evs":[0.0,-1.22292,-1.20193]},"63s":{"weight":1.0,"played":[1.0,0.0,0.0],"evs":[0.0,-0.22585,-0.19151]},"64s":{"weight":1.0,"played":[0.9926,0.0018,0.0056],"evs":[0.0,-0.80396,-0.79314]},"65s":{"weight":1.0,"played":[0.7121,0.1216,0.1663],"evs":[0.0,-0.40016,-0.38627]},"66":{"weight":1.0,"played":[0.0021,0.4406,0.5573],"evs":[0.0,0.91952,0.91623]},"76o":{"weight":1.0,"played":[0.9997,1.0E-4,2.0E-4],"evs":[0.0,-1.04369,-1.03083]},"86o":{"weight":1.0,"played":[1.0,0.0,0.0],"evs":[0.0,-1.12472,-1.14203]},"96o":{"weight":1.0,"played":[1.0,0.0,0.0],"evs":[0.0,-1.54273,-1.53735]},"T6o":{"weight":1.0,"played":[1.0,0.0,0.0],"evs":[0.0,-2.04378,-2.03323]},"J6o":{"weight":1.0,"played":[1.0,0.0,0.0],"evs":[0.0,-2.23071,-2.22311]},"Q6o":{"weight":1.0,"played":[1.0,0.0,0.0],"evs":[0.0,-2.07393,-2.06189]},"K6o":{"weight":1.0,"played":[1.0,0.0,0.0],"evs":[0.0,-1.74004,-1.73144]},"A6o":{"weight":1.0,"played":[1.0,0.0,0.0],"evs":[0.0,-2.45118,-2.44036]},"72s":{"weight":1.0,"played":[0.9999,1.0E-4,0.0],"evs":[0.0,-2.09641,-2.09088]},"73s":{"weight":1.0,"played":[0.9997,0.0,2.0E-4],"evs":[0.0,-1.02911,-1.03965]},"74s":{"weight":1.0,"played":[1.0,0.0,0.0],"evs":[0.0,-0.82057,-0.8243]},"75s":{"weight":1.0,"played":[0.798,0.0838,0.1182],"evs":[0.0,-0.10235,-0.08382]},"76s":{"weight":1.0,"played":[0.3389,0.2787,0.3824],"evs":[0.0,0.49711,0.51316]},"77":{"weight":1.0,"played":[0.001,0.1913,0.8077],"evs":[0.0,1.64139,1.65021]},"87o":{"weight":1.0,"played":[0.9999,0.0,1.0E-4],"evs":[0.0,-0.92222,-0.91409]},"97o":{"weight":1.0,"played":[1.0,0.0,0.0],"evs":[0.0,-1.26403,-1.25261]},"T7o":{"weight":1.0,"played":[1.0,0.0,0.0],"evs":[0.0,-1.41187,-1.39743]},"J7o":{"weight":1.0,"played":[1.0,0.0,0.0],"evs":[0.0,-1.82626,-1.82916]},"Q7o":{"weight":1.0,"played":[1.0,0.0,0.0],"evs":[0.0,-2.38788,-2.38861]},"K7o":{"weight":1.0,"played":[1.0,0.0,0.0],"evs":[0.0,-1.68408,-1.68356]},"A7o":{"weight":1.0,"played":[1.0,0.0,0.0],"evs":[0.0,-2.516,-2.52137]},"82s":{"weight":1.0,"played":[1.0,0.0,0.0],"evs":[0.0,-1.63512,-1.62677]},"83s":{"weight":1.0,"played":[0.9989,4.0E-4,7.0E-4],"evs":[0.0,-1.5148,-1.51338]},"84s":{"weight":1.0,"played":[0.9999,0.0,1.0E-4],"evs":[0.0,-1.08578,-1.0652]},"85s":{"weight":1.0,"played":[0.9999,0.0,1.0E-4],"evs":[0.0,-0.79458,-0.78747]},"86s":{"weight":1.0,"played":[0.2512,0.3499,0.3989],"evs":[0.0,0.29119,0.30341]},"87s":{"weight":1.0,"played":[0.5255,0.2348,0.2397],"evs":[0.0,0.53972,0.5464]},"88":{"weight":1.0,"played":[0.0,0.0293,0.9707],"evs":[0.0,1.85401,1.86406]},"98o":{"weight":1.0,"played":[0.9999,0.0,1.0E-4],"evs":[0.0,-0.98336,-0.96326]},"T8o":{"weight":1.0,"played":[1.0,0.0,0.0],"evs":[0.0,-1.20079,-1.18214]},"J8o":{"weight":1.0,"played":[0.9995,0.0,5.0E-4],"evs":[0.0,-1.51868,-1.51698]},"Q8o":{"weight":1.0,"played":[0.9998,0.0,2.0E-4],"evs":[0.0,-1.76929,-1.76137]},"K8o":{"weight":1.0,"played":[1.0,0.0,0.0],"evs":[0.0,-1.89114,-1.90431]},"A8o":{"weight":1.0,"played":[1.0,0.0,0.0],"evs":[0.0,-2.2481,-2.24208]},"92s":{"weight":1.0,"played":[0.9999,0.0,1.0E-4],"evs":[0.0,-1.77713,-1.76664]},"93s":{"weight":1.0,"played":[0.9975,5.0E-4,0.0021],"evs":[0.0,-1.73162,-1.72722]},"94s":{"weight":1.0,"played":[0.9997,1.0E-4,2.0E-4],"evs":[0.0,-1.37598,-1.35572]},"95s":{"weight":1.0,"played":[0.9996,1.0E-4,3.0E-4],"evs":[0.0,-0.31419,-0.3208]},"96s":{"weight":1.0,"played":[0.9955,7.0E-4,0.0038],"evs":[0.0,-0.65921,-0.61717]},"97s":{"weight":1.0,"played":[0.9201,0.0281,0.0519],"evs":[0.0,-0.26339,-0.23245]},"98s":{"weight":1.0,"played":[0.445,0.214,0.341],"evs":[0.0,0.38715,0.40872]},"99":{"weight":1.0,"played":[0.0,0.1655,0.8345],"evs":[0.0,2.72776,2.73857]},"T9o":{"weight":1.0,"played":[0.9997,0.0,2.0E-4],"evs":[0.0,-0.95609,-0.93756]},"J9o":{"weight":1.0,"played":[0.9998,0.0,2.0E-4],"evs":[0.0,-0.89864,-0.89741]},"Q9o":{"weight":1.0,"played":[0.9999,0.0,1.0E-4],"evs":[0.0,-1.38013,-1.37368]},"K9o":{"weight":1.0,"played":[1.0,0.0,0.0],"evs":[0.0,-1.29926,-1.31108]},"A9o":{"weight":1.0,"played":[1.0,0.0,0.0],"evs":[0.0,-1.77975,-1.77785]},"T2s":{"weight":1.0,"played":[0.9993,1.0E-4,5.0E-4],"evs":[0.0,-1.52932,-1.50909]},"T3s":{"weight":1.0,"played":[0.9997,0.0,3.0E-4],"evs":[0.0,-1.22505,-1.20954]},"T4s":{"weight":1.0,"played":[0.9996,0.0,4.0E-4],"evs":[0.0,-1.36723,-1.36024]},"T5s":{"weight":1.0,"played":[0.996,0.001,0.003],"evs":[0.0,-1.46398,-1.45832]},"T6s":{"weight":1.0,"played":[1.0,0.0,0.0],"evs":[0.0,-0.88398,-0.8652]},"T7s":{"weight":1.0,"played":[0.9236,0.0289,0.0476],"evs":[0.0,-0.47748,-0.46156]},"T8s":{"weight":1.0,"played":[0.1984,0.3791,0.4225],"evs":[0.0,0.06166,0.06921]},"T9s":{"weight":1.0,"played":[0.0058,0.1016,0.8926],"evs":[0.0,0.87429,0.88916]},"TT":{"weight":1.0,"played":[0.0,0.8893,0.1107],"evs":[0.0,2.95142,2.93349]},"JTo":{"weight":1.0,"played":[1.0,0.0,0.0],"evs":[0.0,-0.83788,-0.81984]},"QTo":{"weight":1.0,"played":[0.9963,1.0E-4,0.0036],"evs":[0.0,-0.67035,-0.65211]},"KTo":{"weight":1.0,"played":[0.9987,2.0E-4,0.0012],"evs":[0.0,-0.90833,-0.90452]},"ATo":{"weight":1.0,"played":[0.9991,6.0E-4,3.0E-4],"evs":[0.0,-1.09716,-1.11275]},"J2s":{"weight":1.0,"played":[0.9999,0.0,0.0],"evs":[0.0,-1.50523,-1.49788]},"J3s":{"weight":1.0,"played":[1.0,0.0,0.0],"evs":[0.0,-1.28257,-1.28367]},"J4s":{"weight":1.0,"played":[0.9971,4.0E-4,0.0025],"evs":[0.0,-1.03631,-1.03082]},"J5s":{"weight":1.0,"played":[0.9994,5.0E-4,1.0E-4],"evs":[0.0,-1.18945,-1.17833]},"J6s":{"weight":1.0,"played":[0.924,0.0356,0.0404],"evs":[0.0,-0.39139,-0.39668]},"J7s":{"weight":1.0,"played":[0.9968,9.0E-4,0.0023],"evs":[0.0,-0.70615,-0.71411]},"J8s":{"weight":1.0,"played":[0.366,0.2477,0.3863],"evs":[0.0,-0.0393,-0.02061]},"J9s":{"weight":1.0,"played":[0.0789,0.3806,0.5405],"evs":[0.0,0.45978,0.473]},"JTs":{"weight":1.0,"played":[0.0104,0.5387,0.4509],"evs":[0.0,0.82645,0.81684]},"JJ":{"weight":1.0,"played":[0.0,0.2407,0.7593],"evs":[0.0,5.00814,5.03205]},"QJo":{"weight":1.0,"played":[0.9796,0.0,0.0203],"evs":[0.0,-0.5361,-0.53395]},"KJo":{"weight":1.0,"played":[0.9973,4.0E-4,0.0023],"evs":[0.0,-0.66753,-0.65963]},"AJo":{"weight":1.0,"played":[0.2634,0.2798,0.4568],"evs":[0.0,0.06129,0.05594]},"Q2s":{"weight":1.0,"played":[0.9973,0.0014,0.0013],"evs":[0.0,-1.24088,-1.25426]},"Q3s":{"weight":1.0,"played":[0.9993,0.0,7.0E-4],"evs":[0.0,-1.3491,-1.32767]},"Q4s":{"weight":1.0,"played":[0.996,0.0013,0.0026],"evs":[0.0,-1.2233,-1.22309]},"Q5s":{"weight":1.0,"played":[0.999,5.0E-4,5.0E-4],"evs":[0.0,-0.83018,-0.82259]},"Q6s":{"weight":1.0,"played":[0.9982,7.0E-4,0.0011],"evs":[0.0,-0.98252,-0.93848]},"Q7s":{"weight":1.0,"played":[0.9947,0.0017,0.0036],"evs":[0.0,-1.04248,-1.0323]},"Q8s":{"weight":1.0,"played":[0.8153,0.0817,0.103],"evs":[0.0,-0.22643,-0.2204]},"Q9s":{"weight":1.0,"played":[0.193,0.3326,0.4745],"evs":[0.0,0.07723,0.09081]},"QTs":{"weight":1.0,"played":[0.1802,0.4059,0.4139],"evs":[0.0,0.37986,0.38005]},"QJs":{"weight":1.0,"played":[0.0841,0.4923,0.4236],"evs":[0.0,0.73041,0.72507]},"QQ":{"weight":1.0,"played":[0.0,0.7168,0.2832],"evs":[0.0,6.91954,6.92842]},"KQo":{"weight":1.0,"played":[1.0E-4,0.0534,0.9465],"evs":[0.0,0.17571,0.1779]},"AQo":{"weight":1.0,"played":[0.0,0.2483,0.7517],"evs":[0.0,1.12081,1.12525]},"K2s":{"weight":1.0,"played":[0.9987,4.0E-4,9.0E-4],"evs":[0.0,-1.23275,-1.23898]},"K3s":{"weight":1.0,"played":[0.9994,0.0,6.0E-4],"evs":[0.0,-1.51904,-1.50123]},"K4s":{"weight":1.0,"played":[0.9984,3.0E-4,0.0013],"evs":[0.0,-0.65379,-0.65833]},"K5s":{"weight":1.0,"played":[0.9935,0.0034,0.0031],"evs":[0.0,-0.53727,-0.509]},"K6s":{"weight":1.0,"played":[0.9919,0.0031,0.005],"evs":[0.0,-0.67536,-0.69038]},"K7s":{"weight":1.0,"played":[0.6341,0.2061,0.1598],"evs":[0.0,-0.29076,-0.31022]},"K8s":{"weight":1.0,"played":[0.9942,0.003,0.0028],"evs":[0.0,-0.76808,-0.75911]},"K9s":{"weight":1.0,"played":[0.4441,0.2269,0.3289],"evs":[0.0,0.08849,0.1066]},"KTs":{"weight":1.0,"played":[0.0116,0.4953,0.4931],"evs":[0.0,0.42052,0.42754]},"KJs":{"weight":1.0,"played":[0.0,0.3513,0.6487],"evs":[0.0,0.90702,0.92745]},"KQs":{"weight":1.0,"played":[4.0E-4,0.0019,0.9978],"evs":[0.0,1.21498,1.23216]},"KK":{"weight":1.0,"played":[0.0,0.2071,0.7929],"evs":[0.0,10.07633,10.10039]},"AKo":{"weight":1.0,"played":[0.0,0.9975,0.0025],"evs":[0.0,2.69061,2.68975]},"A2s":{"weight":1.0,"played":[0.9998,0.0,1.0E-4],"evs":[0.0,-1.10665,-1.10346]},"A3s":{"weight":1.0,"played":[0.9991,4.0E-4,4.0E-4],"evs":[0.0,-0.95192,-0.9426]},"A4s":{"weight":1.0,"played":[0.991,0.0055,0.0035],"evs":[0.0,-0.90777,-0.89145]},"A5s":{"weight":1.0,"played":[0.9884,0.0049,0.0067],"evs":[0.0,-0.53583,-0.51556]},"A6s":{"weight":1.0,"played":[0.9976,7.0E-4,0.0016],"evs":[0.0,-0.8452,-0.83431]},"A7s":{"weight":1.0,"played":[0.9994,0.0,6.0E-4],"evs":[0.0,-0.68723,-0.69828]},"A8s":{"weight":1.0,"played":[0.9881,0.0064,0.0055],"evs":[0.0,-0.32984,-0.33086]},"A9s":{"weight":1.0,"played":[0.7115,0.1455,0.1429],"evs":[0.0,-0.24901,-0.23718]},"ATs":{"weight":1.0,"played":[0.0026,0.5033,0.494],"evs":[0.0,0.18597,0.18893]},"AJs":{"weight":1.0,"played":[0.0051,0.0662,0.9287],"evs":[0.0,1.06802,1.08765]},"AQs":{"weight":1.0,"played":[0.0,0.1415,0.8585],"evs":[0.0,2.51857,2.52774]},"AKs":{"weight":1.0,"played":[0.0,0.9736,0.0264],"evs":[0.0,3.61306,3.56353]},"AA":{"weight":1.0,"played":[0.0,0.8977,0.1023],"evs":[0.0,13.76998,13.7229]}}}