{"player":1,"street":0,"children":2,"sequence":[{"player":0,"type":"R","amount":955000,"street":0},{"player":1,"type":"C","amount":955000,"street":0},{"player":2,"type":"F","amount":0,"street":0},{"player":3,"type":"F","amount":0,"street":0},{"player":4,"type":"C","amount":905000,"street":0},{"player":5,"type":"R","amount":985000,"street":0}],"actions":[{"type":"F","amount":0},{"type":"C","amount":30000,"node":362}],"hands":{"22":{"weight":0.0,"played":[0.0,1.0],"evs":[0.0,6.55131]},"32o":{"weight":0.0,"played":[0.0,1.0],"evs":[0.0,4.23591]},"42o":{"weight":0.0,"played":[0.0,1.0],"evs":[0.0,4.55443]},"52o":{"weight":0.0,"played":[0.0,1.0],"evs":[0.0,4.62174]},"62o":{"weight":0.0,"played":[0.0,1.0],"evs":[0.0,4.27636]},"72o":{"weight":0.0,"played":[0.0,1.0],"evs":[0.0,4.04938]},"82o":{"weight":0.0,"played":[0.0,1.0],"evs":[0.0,3.98876]},"92o":{"weight":0.0,"played":[0.0,1.0],"evs":[0.0,4.00643]},"T2o":{"weight":0.0,"played":[0.0,1.0],"evs":[0.0,4.24587]},"J2o":{"weight":0.0,"played":[0.0,1.0],"evs":[0.0,4.37615]},"Q2o":{"weight":0.0,"played":[0.0,1.0],"evs":[0.0,4.12433]},"K2o":{"weight":0.0,"played":[0.0,1.0],"evs":[0.0,4.83882]},"A2o":{"weight":0.0,"played":[0.0,1.0],"evs":[0.0,5.24228]},"32s":{"weight":0.0,"played":[0.0,1.0],"evs":[0.0,5.71954]},"33":{"weight":0.0,"played":[0.0,1.0],"evs":[0.0,6.96197]},"43o":{"weight":0.0,"played":[0.0,1.0],"evs":[0.0,4.80653]},"53o":{"weight":0.0,"played":[0.0,1.0],"evs":[0.0,5.36309]},"63o":{"weight":0.0,"played":[0.0,1.0],"evs":[0.0,4.86853]},"73o":{"weight":0.0,"played":[0.0,1.0],"evs":[0.0,4.20376]},"83o":{"weight":0.0,"played":[0.0,1.0],"evs":[0.0,4.08806]},"93o":{"weight":0.0,"played":[0.0,1.0],"evs":[0.0,4.06571]},"T3o":{"weight":0.0,"played":[0.0,1.0],"evs":[0.0,4.38969]},"J3o":{"weight":0.0,"played":[0.0,1.0],"evs":[0.0,4.14741]},"Q3o":{"weight":0.0,"played":[0.0,1.0],"evs":[0.0,4.24323]},"K3o":{"weight":0.0,"played":[0.0,1.0],"evs":[0.0,5.01807]},"A3o":{"weight":0.0,"played":[0.0,1.0],"evs":[0.0,5.46267]},"42s":{"weight":0.0,"played":[0.0,1.0],"evs":[0.0,5.74516]},"43s":{"weight":0.0,"played":[0.0,1.0],"evs":[0.0,6.64904]},"44":{"weight":0.0011,"played":[0.0,1.0],"evs":[0.0,7.58584]},"54o":{"weight":0.0,"played":[0.0,1.0],"evs":[0.0,5.61658]},"64o":{"weight":0.0,"played":[0.0,1.0],"evs":[0.0,5.48758]},"74o":{"weight":0.0,"played":[0.0,1.0],"evs":[0.0,5.17991]},"84o":{"weight":0.0,"played":[0.0,1.0],"evs":[0.0,4.39625]},"94o":{"weight":0.0,"played":[0.0,1.0],"evs":[0.0,4.45205]},"T4o":{"weight":0.0,"played":[0.0,1.0],"evs":[0.0,4.53999]},"J4o":{"weight":0.0,"played":[0.0,1.0],"evs":[0.0,4.60706]},"Q4o":{"weight":0.0,"played":[0.0,1.0],"evs":[0.0,4.40467]},"K4o":{"weight":0.0,"played":[0.0,1.0],"evs":[0.0,5.16645]},"A4o":{"weight":0.0,"played":[0.0,1.0],"evs":[0.0,5.40284]},"52s":{"weight":0.0,"played":[0.0,1.0],"evs":[0.0,5.26277]},"53s":{"weight":0.0,"played":[0.0,1.0],"evs":[0.0,6.72172]},"54s":{"weight":0.0,"played":[0.0,1.0],"evs":[0.0,6.92713]},"55":{"weight":0.4004,"played":[0.0,1.0],"evs":[0.0,8.01613]},"65o":{"weight":0.0,"played":[0.0,1.0],"evs":[0.0,6.02345]},"75o":{"weight":0.0,"played":[0.0,1.0],"evs":[0.0,5.62125]},"85o":{"weight":0.0,"played":[0.0,1.0],"evs":[0.0,5.11945]},"95o":{"weight":0.0,"played":[0.0,1.0],"evs":[0.0,4.88412]},"T5o":{"weight":0.0,"played":[0.0,1.0],"evs":[0.0,4.72541]},"J5o":{"weight":0.0,"played":[0.0,1.0],"evs":[0.0,4.8116]},"Q5o":{"weight":0.0,"played":[0.0,1.0],"evs":[0.0,4.74362]},"K5o":{"weight":0.0,"played":[0.0,1.0],"evs":[0.0,5.58189]},"A5o":{"weight":0.0,"played":[0.0,1.0],"evs":[0.0,6.06397]},"62s":{"weight":0.0,"played":[0.0,1.0],"evs":[0.0,5.70397]},"63s":{"weight":0.0,"played":[0.0,1.0],"evs":[0.0,6.20344]},"64s":{"weight":0.0,"played":[0.0,1.0],"evs":[0.0,6.87776]},"65s":{"weight":0.0,"played":[0.0,1.0],"evs":[0.0,7.53274]},"66":{"weight":0.3918,"played":[0.0,1.0],"evs":[0.0,8.45909]},"76o":{"weight":0.0,"played":[0.0,1.0],"evs":[0.0,6.20026]},"86o":{"weight":0.0,"played":[0.0,1.0],"evs":[0.0,5.47419]},"96o":{"weight":0.0,"played":[0.0,1.0],"evs":[0.0,5.5198]},"T6o":{"weight":0.0,"played":[0.0,1.0],"evs":[0.0,5.27244]},"J6o":{"weight":0.0,"played":[0.0,1.0],"evs":[0.0,5.0721]},"Q6o":{"weight":0.0,"played":[0.0,1.0],"evs":[0.0,4.88402]},"K6o":{"weight":0.0,"played":[0.0,1.0],"evs":[0.0,5.66919]},"A6o":{"weight":0.0,"played":[0.0,1.0],"evs":[0.0,5.76972]},"72s":{"weight":0.0,"played":[0.0,1.0],"evs":[0.0,5.5368]},"73s":{"weight":0.0,"played":[0.0,1.0],"evs":[0.0,6.00782]},"74s":{"weight":0.0,"played":[0.0,1.0],"evs":[0.0,6.32001]},"75s":{"weight":0.0,"played":[0.0,1.0],"evs":[0.0,6.99268]},"76s":{"weight":0.0,"played":[0.0,1.0],"evs":[0.0,7.65194]},"77":{"weight":0.2788,"played":[0.0,1.0],"evs":[0.0,9.60089]},"87o":{"weight":0.0,"played":[0.0,1.0],"evs":[0.0,6.32496]},"97o":{"weight":0.0,"played":[0.0,1.0],"evs":[0.0,6.23471]},"T7o":{"weight":0.0,"played":[0.0,1.0],"evs":[0.0,5.80304]},"J7o":{"weight":0.0,"played":[0.0,1.0],"evs":[0.0,5.63144]},"Q7o":{"weight":0.0,"played":[0.0,1.0],"evs":[0.0,4.84402]},"K7o":{"weight":0.0,"played":[0.0,1.0],"evs":[0.0,5.83263]},"A7o":{"weight":0.0,"played":[0.0,1.0],"evs":[0.0,5.83609]},"82s":{"weight":0.0,"played":[0.0,1.0],"evs":[0.0,5.62473]},"83s":{"weight":0.0,"played":[0.0,1.0],"evs":[0.0,5.24276]},"84s":{"weight":0.0,"played":[0.0,1.0],"evs":[0.0,6.43188]},"85s":{"weight":0.0,"played":[0.0,1.0],"evs":[0.0,6.66536]},"86s":{"weight":0.0,"played":[0.0,1.0],"evs":[0.0,7.0797]},"87s":{"weight":0.0,"played":[0.0,1.0],"evs":[0.0,7.731]},"88":{"weight":0.3658,"played":[0.0,1.0],"evs":[0.0,10.43363]},"98o":{"weight":0.0,"played":[0.0,1.0],"evs":[0.0,6.68024]},"T8o":{"weight":0.0,"played":[0.0,1.0],"evs":[0.0,6.29407]},"J8o":{"weight":0.0,"played":[0.0,1.0],"evs":[0.0,6.01594]},"Q8o":{"weight":0.0,"played":[0.0,1.0],"evs":[0.0,5.49908]},"K8o":{"weight":0.0,"played":[0.0,1.0],"evs":[0.0,5.87145]},"A8o":{"weight":0.0,"played":[0.0,1.0],"evs":[0.0,6.33984]},"92s":{"weight":0.0,"played":[0.0,1.0],"evs":[0.0,5.68505]},"93s":{"weight":0.0,"played":[0.0,1.0],"evs":[0.0,6.11553]},"94s":{"weight":0.0,"played":[0.0,1.0],"evs":[0.0,5.50041]},"95s":{"weight":0.0,"played":[0.0,1.0],"evs":[0.0,6.85254]},"96s":{"weight":0.0,"played":[0.0,1.0],"evs":[0.0,6.84153]},"97s":{"weight":0.0,"played":[0.0,1.0],"evs":[0.0,7.77422]},"98s":{"weight":0.0,"played":[0.0,1.0],"evs":[0.0,8.01777]},"99":{"weight":0.3736,"played":[0.0,1.0],"evs":[0.0,11.9806]},"T9o":{"weight":0.0,"played":[0.0,1.0],"evs":[0.0,6.75379]},"J9o":{"weight":0.0,"played":[0.0,1.0],"evs":[0.0,6.60658]},"Q9o":{"weight":0.0,"played":[0.0,1.0],"evs":[0.0,6.34578]},"K9o":{"weight":0.0,"played":[0.0,1.0],"evs":[0.0,6.41132]},"A9o":{"weight":0.0,"played":[0.0,1.0],"evs":[0.0,6.77585]},"T2s":{"weight":0.0,"played":[0.0,1.0],"evs":[0.0,6.09796]},"T3s":{"weight":0.0,"played":[0.0,1.0],"evs":[0.0,6.62774]},"T4s":{"weight":0.0,"played":[0.0,1.0],"evs":[0.0,6.08935]},"T5s":{"weight":0.0,"played":[0.0,1.0],"evs":[0.0,7.0008]},"T6s":{"weight":0.0,"played":[0.0,1.0],"evs":[0.0,7.08623]},"T7s":{"weight":0.0,"played":[0.0,1.0],"evs":[0.0,7.14042]},"T8s":{"weight":0.0,"played":[0.0,1.0],"evs":[0.0,7.74279]},"T9s":{"weight":1.0E-4,"played":[0.0,1.0],"evs":[0.0,8.34402]},"TT":{"weight":0.4584,"played":[0.0,1.0],"evs":[0.0,12.58281]},"JTo":{"weight":0.0,"played":[0.0,1.0],"evs":[0.0,7.23923]},"QTo":{"weight":0.0,"played":[0.0,1.0],"evs":[0.0,7.12801]},"KTo":{"weight":0.0,"played":[0.0,1.0],"evs":[0.0,7.28958]},"ATo":{"weight":0.4891,"played":[0.0,1.0],"evs":[0.0,7.49756]},"J2s":{"weight":0.0,"played":[0.0,1.0],"evs":[0.0,5.79619]},"J3s":{"weight":0.0,"played":[0.0,1.0],"evs":[0.0,5.61351]},"J4s":{"weight":0.0,"played":[0.0,1.0],"evs":[0.0,6.36521]},"J5s":{"weight":0.0,"played":[0.0,1.0],"evs":[0.0,6.40924]},"J6s":{"weight":0.0,"played":[0.0,1.0],"evs":[0.0,6.09203]},"J7s":{"weight":0.0,"played":[0.0,1.0],"evs":[0.0,7.01425]},"J8s":{"weight":0.0,"played":[0.0,1.0],"evs":[0.0,7.30527]},"J9s":{"weight":0.0,"played":[0.0,1.0],"evs":[0.0,8.31803]},"JTs":{"weight":0.0158,"played":[0.0,1.0],"evs":[0.0,8.82609]},"JJ":{"weight":0.5697,"played":[0.0,1.0],"evs":[0.0,14.2161]},"QJo":{"weight":0.0,"played":[0.0,1.0],"evs":[0.0,7.13178]},"KJo":{"weight":2.0E-4,"played":[0.0,1.0],"evs":[0.0,7.6881]},"AJo":{"weight":0.6395,"played":[0.0,1.0],"evs":[0.0,8.31763]},"Q2s":{"weight":0.0,"played":[0.0,1.0],"evs":[0.0,5.6152]},"Q3s":{"weight":0.0,"played":[0.0,1.0],"evs":[0.0,6.23933]},"Q4s":{"weight":0.0,"played":[0.0,1.0],"evs":[0.0,6.46703]},"Q5s":{"weight":0.0,"played":[0.0,1.0],"evs":[0.0,6.24819]},"Q6s":{"weight":0.0,"played":[0.0,1.0],"evs":[0.0,6.91482]},"Q7s":{"weight":0.0,"played":[0.0,1.0],"evs":[0.0,6.9095]},"Q8s":{"weight":0.0,"played":[0.0,1.0],"evs":[0.0,7.33485]},"Q9s":{"weight":0.0,"played":[0.0,1.0],"evs":[0.0,7.31807]},"QTs":{"weight":0.319,"played":[0.0,1.0],"evs":[0.0,8.07201]},"QJs":{"weight":0.5443,"played":[0.0,1.0],"evs":[0.0,8.37388]},"QQ":{"weight":0.5456,"played":[0.0,1.0],"evs":[0.0,16.1132]},"KQo":{"weight":0.5306,"played":[0.0,1.0],"evs":[0.0,7.98596]},"AQo":{"weight":0.5083,"played":[0.0,1.0],"evs":[0.0,9.70082]},"K2s":{"weight":0.0,"played":[0.0,1.0],"evs":[0.0,6.68473]},"K3s":{"weight":0.0,"played":[0.0,1.0],"evs":[0.0,6.81258]},"K4s":{"weight":0.0,"played":[0.0,1.0],"evs":[0.0,7.01374]},"K5s":{"weight":0.0,"played":[0.0,1.0],"evs":[0.0,6.99739]},"K6s":{"weight":0.0,"played":[0.0,1.0],"evs":[0.0,6.95748]},"K7s":{"weight":0.0,"played":[0.0,1.0],"evs":[0.0,7.29415]},"K8s":{"weight":0.0,"played":[0.0,1.0],"evs":[0.0,7.46417]},"K9s":{"weight":1.0E-4,"played":[1.0E-4,0.9999],"evs":[0.0,8.6625]},"KTs":{"weight":0.4154,"played":[0.0,1.0],"evs":[0.0,8.90712]},"KJs":{"weight":0.4882,"played":[0.0,1.0],"evs":[0.0,9.33782]},"KQs":{"weight":0.5421,"played":[0.0,1.0],"evs":[0.0,9.34098]},"KK":{"weight":0.5279,"played":[0.0,1.0],"evs":[0.0,19.47483]},"AKo":{"weight":0.5983,"played":[0.0,1.0],"evs":[0.0,10.96856]},"A2s":{"weight":0.0,"played":[0.0,1.0],"evs":[0.0,6.58748]},"A3s":{"weight":0.0,"played":[0.0,1.0],"evs":[0.0,6.46959]},"A4s":{"weight":0.0,"played":[0.0,1.0],"evs":[0.0,7.16196]},"A5s":{"weight":2.0E-4,"played":[0.0,1.0],"evs":[0.0,8.05116]},"A6s":{"weight":0.0,"played":[0.0,1.0],"evs":[0.0,7.53336]},"A7s":{"weight":0.0,"played":[0.0,1.0],"evs":[0.0,7.97778]},"A8s":{"weight":0.4724,"played":[0.0,1.0],"evs":[0.0,7.80905]},"A9s":{"weight":0.4569,"played":[0.0,1.0],"evs":[0.0,8.08556]},"ATs":{"weight":0.6578,"played":[0.0,1.0],"evs":[0.0,9.14484]},"AJs":{"weight":0.6187,"played":[0.0,1.0],"evs":[0.0,9.98921]},"AQs":{"weight":0.7262,"played":[0.0,1.0],"evs":[0.0,11.29397]},"AKs":{"weight":0.5689,"played":[0.0,1.0],"evs":[0.0,12.17329]},"AA":{"weight":0.5586,"played":[0.0,1.0],"evs":[0.0,24.00557]}}}