{"player":4,"street":0,"children":2,"sequence":[{"player":0,"type":"R","amount":955000,"street":0},{"player":1,"type":"C","amount":955000,"street":0},{"player":2,"type":"F","amount":0,"street":0},{"player":3,"type":"F","amount":0,"street":0},{"player":4,"type":"C","amount":905000,"street":0},{"player":5,"type":"R","amount":985000,"street":0},{"player":1,"type":"C","amount":30000,"street":0}],"actions":[{"type":"F","amount":0},{"type":"C","amount":30000}],"hands":{"22":{"weight":0.0,"played":[0.0,1.0],"evs":[0.0,8.7335]},"32o":{"weight":0.0,"played":[0.0,1.0],"evs":[0.0,5.74424]},"42o":{"weight":0.0,"played":[0.0,1.0],"evs":[0.0,5.67991]},"52o":{"weight":0.0,"played":[0.0,1.0],"evs":[0.0,6.19209]},"62o":{"weight":0.0,"played":[0.0,1.0],"evs":[0.0,5.44049]},"72o":{"weight":0.0,"played":[0.0,1.0],"evs":[0.0,5.07105]},"82o":{"weight":0.0,"played":[0.0,1.0],"evs":[0.0,5.60494]},"92o":{"weight":0.0,"played":[0.0,1.0],"evs":[0.0,5.18001]},"T2o":{"weight":0.0,"played":[0.0,1.0],"evs":[0.0,5.09527]},"J2o":{"weight":0.0,"played":[0.0,1.0],"evs":[0.0,5.06446]},"Q2o":{"weight":0.0,"played":[0.0,1.0],"evs":[0.0,4.76509]},"K2o":{"weight":0.0,"played":[0.0,1.0],"evs":[0.0,5.87136]},"A2o":{"weight":0.0,"played":[0.0,1.0],"evs":[0.0,6.35416]},"32s":{"weight":0.0,"played":[0.0,1.0],"evs":[0.0,7.91996]},"33":{"weight":0.0734,"played":[0.0,1.0],"evs":[0.0,9.33133]},"43o":{"weight":0.0,"played":[0.0,1.0],"evs":[0.0,6.02187]},"53o":{"weight":0.0,"played":[0.0,1.0],"evs":[0.0,7.03817]},"63o":{"weight":0.0,"played":[0.0,1.0],"evs":[0.0,6.10592]},"73o":{"weight":0.0,"played":[0.0,1.0],"evs":[0.0,5.79669]},"83o":{"weight":0.0,"played":[0.0,1.0],"evs":[0.0,4.98833]},"93o":{"weight":0.0,"played":[0.0,1.0],"evs":[0.0,5.47538]},"T3o":{"weight":0.0,"played":[0.0,1.0],"evs":[0.0,5.15245]},"J3o":{"weight":0.0,"played":[0.0,1.0],"evs":[0.0,4.87712]},"Q3o":{"weight":0.0,"played":[0.0,1.0],"evs":[0.0,5.04022]},"K3o":{"weight":0.0,"played":[0.0,1.0],"evs":[0.0,6.02992]},"A3o":{"weight":2.0E-4,"played":[0.0,1.0],"evs":[0.0,6.79755]},"42s":{"weight":0.0,"played":[0.0,1.0],"evs":[0.0,7.35584]},"43s":{"weight":0.2597,"played":[3.0E-4,0.9997],"evs":[0.0,8.6814]},"44":{"weight":0.8692,"played":[0.0,1.0],"evs":[0.0,9.69643]},"54o":{"weight":0.0,"played":[0.0,1.0],"evs":[0.0,7.69991]},"64o":{"weight":0.0,"played":[0.0,1.0],"evs":[0.0,6.71675]},"74o":{"weight":0.0,"played":[0.0,1.0],"evs":[0.0,6.63728]},"84o":{"weight":0.0,"played":[0.0,1.0],"evs":[0.0,5.608]},"94o":{"weight":0.0,"played":[0.0,1.0],"evs":[0.0,5.56065]},"T4o":{"weight":0.0,"played":[0.0,1.0],"evs":[0.0,5.36668]},"J4o":{"weight":0.0,"played":[0.0,1.0],"evs":[0.0,5.29388]},"Q4o":{"weight":0.0,"played":[0.0,1.0],"evs":[0.0,5.11001]},"K4o":{"weight":0.0,"played":[0.0,1.0],"evs":[0.0,6.09906]},"A4o":{"weight":0.0,"played":[0.0,1.0],"evs":[0.0,7.1718]},"52s":{"weight":0.0072,"played":[0.0,1.0],"evs":[0.0,7.28076]},"53s":{"weight":0.8142,"played":[0.0,1.0],"evs":[0.0,8.52189]},"54s":{"weight":0.9961,"played":[0.0,1.0],"evs":[0.0,8.93515]},"55":{"weight":0.0307,"played":[0.0,1.0],"evs":[0.0,9.55584]},"65o":{"weight":0.0017,"played":[0.0,1.0],"evs":[0.0,7.79075]},"75o":{"weight":0.0,"played":[0.0,1.0],"evs":[0.0,6.68737]},"85o":{"weight":0.0,"played":[0.0,1.0],"evs":[0.0,6.73173]},"95o":{"weight":0.0,"played":[0.0,1.0],"evs":[0.0,6.00097]},"T5o":{"weight":0.0,"played":[0.0,1.0],"evs":[0.0,5.5288]},"J5o":{"weight":0.0,"played":[0.0,1.0],"evs":[0.0,5.36025]},"Q5o":{"weight":0.0,"played":[0.0,1.0],"evs":[0.0,5.29686]},"K5o":{"weight":0.0,"played":[0.0,1.0],"evs":[0.0,6.19811]},"A5o":{"weight":1.0E-4,"played":[0.0,1.0],"evs":[0.0,6.95034]},"62s":{"weight":0.0,"played":[0.0,1.0],"evs":[0.0,6.71156]},"63s":{"weight":0.3503,"played":[0.0,1.0],"evs":[0.0,7.91384]},"64s":{"weight":0.9925,"played":[0.0,1.0],"evs":[0.0,8.77587]},"65s":{"weight":1.0,"played":[0.0,1.0],"evs":[0.0,8.75476]},"66":{"weight":0.1298,"played":[0.0,1.0],"evs":[0.0,10.79751]},"76o":{"weight":0.027,"played":[0.0,1.0],"evs":[0.0,7.44154]},"86o":{"weight":2.0E-4,"played":[0.0,1.0],"evs":[0.0,6.866]},"96o":{"weight":0.0,"played":[0.0,1.0],"evs":[0.0,6.81181]},"T6o":{"weight":0.0,"played":[0.0,1.0],"evs":[0.0,6.09571]},"J6o":{"weight":0.0,"played":[0.0,1.0],"evs":[0.0,5.29131]},"Q6o":{"weight":1.0E-4,"played":[0.0,1.0],"evs":[0.0,5.72254]},"K6o":{"weight":0.0,"played":[0.0,1.0],"evs":[0.0,5.78728]},"A6o":{"weight":0.0,"played":[0.0,1.0],"evs":[0.0,6.4526]},"72s":{"weight":0.0,"played":[0.0,1.0],"evs":[0.0,6.49587]},"73s":{"weight":0.0,"played":[0.0,1.0],"evs":[0.0,7.38459]},"74s":{"weight":0.6333,"played":[0.0,1.0],"evs":[0.0,7.87526]},"75s":{"weight":0.9952,"played":[0.0,1.0],"evs":[0.0,8.60687]},"76s":{"weight":0.9948,"played":[0.0,1.0],"evs":[0.0,9.53574]},"77":{"weight":0.2792,"played":[0.0,1.0],"evs":[0.0,10.99789]},"87o":{"weight":0.2933,"played":[0.0,1.0],"evs":[0.0,7.44083]},"97o":{"weight":0.0117,"played":[0.0,1.0],"evs":[0.0,6.7887]},"T7o":{"weight":0.0,"played":[0.0,1.0],"evs":[0.0,6.37365]},"J7o":{"weight":0.0,"played":[0.0,1.0],"evs":[0.0,5.87462]},"Q7o":{"weight":0.0,"played":[0.0,1.0],"evs":[0.0,5.46903]},"K7o":{"weight":0.0,"played":[0.0,1.0],"evs":[0.0,6.1104]},"A7o":{"weight":1.0E-4,"played":[0.0,1.0],"evs":[0.0,6.48925]},"82s":{"weight":0.0029,"played":[0.0,1.0],"evs":[0.0,7.43821]},"83s":{"weight":0.0,"played":[0.0,1.0],"evs":[0.0,7.9915]},"84s":{"weight":0.1633,"played":[0.0,1.0],"evs":[0.0,8.11893]},"85s":{"weight":0.4289,"played":[0.0,1.0],"evs":[0.0,7.83917]},"86s":{"weight":0.9779,"played":[0.0,1.0],"evs":[0.0,7.66711]},"87s":{"weight":0.9866,"played":[0.0,1.0],"evs":[0.0,8.7584]},"88":{"weight":0.0989,"played":[0.0,1.0],"evs":[0.0,12.26359]},"98o":{"weight":0.115,"played":[0.0,1.0],"evs":[0.0,7.42636]},"T8o":{"weight":0.01,"played":[0.0,1.0],"evs":[0.0,7.0471]},"J8o":{"weight":0.0,"played":[0.0,1.0],"evs":[0.0,6.53841]},"Q8o":{"weight":0.0,"played":[0.0,1.0],"evs":[0.0,6.27022]},"K8o":{"weight":1.0E-4,"played":[0.0,1.0],"evs":[0.0,6.37432]},"A8o":{"weight":0.0026,"played":[0.0,1.0],"evs":[0.0,6.57825]},"92s":{"weight":0.0,"played":[0.0,1.0],"evs":[0.0,7.14351]},"93s":{"weight":0.0,"played":[0.0,1.0],"evs":[0.0,7.47974]},"94s":{"weight":0.0,"played":[0.0,1.0],"evs":[0.0,7.64253]},"95s":{"weight":0.5281,"played":[0.0,1.0],"evs":[0.0,7.73293]},"96s":{"weight":0.972,"played":[0.0,1.0],"evs":[0.0,9.17255]},"97s":{"weight":0.2332,"played":[0.0,1.0],"evs":[0.0,8.87]},"98s":{"weight":0.7854,"played":[0.0,1.0],"evs":[0.0,8.98933]},"99":{"weight":0.0843,"played":[0.0,1.0],"evs":[0.0,12.43055]},"T9o":{"weight":0.0218,"played":[0.0,1.0],"evs":[0.0,7.61392]},"J9o":{"weight":0.0138,"played":[0.0,1.0],"evs":[0.0,7.6516]},"Q9o":{"weight":5.0E-4,"played":[0.0,1.0],"evs":[0.0,6.60026]},"K9o":{"weight":9.0E-4,"played":[0.0,1.0],"evs":[0.0,7.25673]},"A9o":{"weight":0.1597,"played":[0.0,1.0],"evs":[0.0,7.11323]},"T2s":{"weight":1.0E-4,"played":[0.0,1.0],"evs":[0.0,6.7275]},"T3s":{"weight":0.0,"played":[1.0E-4,0.9999],"evs":[0.0,6.82766]},"T4s":{"weight":0.0,"played":[3.0E-4,0.9997],"evs":[0.0,7.24892]},"T5s":{"weight":0.001,"played":[0.0,1.0],"evs":[0.0,7.69138]},"T6s":{"weight":0.7634,"played":[0.0,1.0],"evs":[0.0,7.28396]},"T7s":{"weight":0.4113,"played":[0.0,1.0],"evs":[0.0,8.59945]},"T8s":{"weight":0.0942,"played":[0.0,1.0],"evs":[0.0,8.494]},"T9s":{"weight":0.104,"played":[0.0,1.0],"evs":[0.0,9.21793]},"TT":{"weight":0.018,"played":[0.0,1.0],"evs":[0.0,14.58416]},"JTo":{"weight":0.0,"played":[0.0,1.0],"evs":[0.0,6.95223]},"QTo":{"weight":0.0115,"played":[0.0,1.0],"evs":[0.0,7.13748]},"KTo":{"weight":0.1631,"played":[0.0,1.0],"evs":[0.0,7.53586]},"ATo":{"weight":0.5675,"played":[0.0,1.0],"evs":[0.0,7.85046]},"J2s":{"weight":0.0,"played":[0.0,1.0],"evs":[0.0,6.28677]},"J3s":{"weight":0.0014,"played":[0.0,1.0],"evs":[0.0,7.27379]},"J4s":{"weight":0.0026,"played":[1.0E-4,0.9999],"evs":[0.0,6.92459]},"J5s":{"weight":0.0284,"played":[0.0,1.0],"evs":[0.0,7.62291]},"J6s":{"weight":0.0074,"played":[0.0,1.0],"evs":[0.0,8.1183]},"J7s":{"weight":0.2296,"played":[0.0,1.0],"evs":[0.0,7.5182]},"J8s":{"weight":0.2913,"played":[0.0,1.0],"evs":[0.0,8.63341]},"J9s":{"weight":0.118,"played":[0.0,1.0],"evs":[0.0,9.88729]},"JTs":{"weight":0.0178,"played":[0.0,1.0],"evs":[0.0,9.4896]},"JJ":{"weight":0.2898,"played":[0.0,1.0],"evs":[0.0,16.25555]},"QJo":{"weight":0.0018,"played":[0.0,1.0],"evs":[0.0,7.79332]},"KJo":{"weight":0.0255,"played":[0.0,1.0],"evs":[0.0,8.13306]},"AJo":{"weight":0.5672,"played":[0.0,1.0],"evs":[0.0,8.90487]},"Q2s":{"weight":1.0E-4,"played":[0.0,1.0],"evs":[0.0,6.9838]},"Q3s":{"weight":0.0017,"played":[0.0,1.0],"evs":[0.0,7.03205]},"Q4s":{"weight":0.0102,"played":[0.0,1.0],"evs":[0.0,6.9117]},"Q5s":{"weight":0.0023,"played":[0.0,1.0],"evs":[0.0,7.83113]},"Q6s":{"weight":0.388,"played":[0.0,1.0],"evs":[0.0,7.97945]},"Q7s":{"weight":0.3476,"played":[0.0,1.0],"evs":[0.0,7.82515]},"Q8s":{"weight":0.8064,"played":[0.0,1.0],"evs":[0.0,7.72108]},"Q9s":{"weight":0.6532,"played":[0.0,1.0],"evs":[0.0,8.42906]},"QTs":{"weight":0.0581,"played":[0.0,1.0],"evs":[0.0,8.50969]},"QJs":{"weight":0.0073,"played":[0.0,1.0],"evs":[0.0,8.17284]},"QQ":{"weight":0.9177,"played":[0.0,1.0],"evs":[0.0,19.00694]},"KQo":{"weight":0.2062,"played":[0.0,1.0],"evs":[0.0,8.69384]},"AQo":{"weight":0.9901,"played":[0.0,1.0],"evs":[0.0,11.39214]},"K2s":{"weight":2.0E-4,"played":[0.0,1.0],"evs":[0.0,7.4874]},"K3s":{"weight":0.3405,"played":[0.0,1.0],"evs":[0.0,7.3484]},"K4s":{"weight":0.361,"played":[0.0,1.0],"evs":[0.0,7.85315]},"K5s":{"weight":0.2533,"played":[0.0,1.0],"evs":[0.0,7.85202]},"K6s":{"weight":0.0928,"played":[0.0,1.0],"evs":[0.0,8.20762]},"K7s":{"weight":0.2782,"played":[0.0,1.0],"evs":[0.0,7.37764]},"K8s":{"weight":0.0766,"played":[0.0,1.0],"evs":[0.0,8.06389]},"K9s":{"weight":0.0251,"played":[0.0,1.0],"evs":[0.0,7.85975]},"KTs":{"weight":0.1653,"played":[0.0,1.0],"evs":[0.0,9.11184]},"KJs":{"weight":0.0078,"played":[0.0,1.0],"evs":[0.0,9.53799]},"KQs":{"weight":0.9824,"played":[0.0,1.0],"evs":[0.0,10.07865]},"KK":{"weight":0.9205,"played":[0.0,1.0],"evs":[0.0,22.90246]},"AKo":{"weight":0.9205,"played":[0.0,1.0],"evs":[0.0,13.50129]},"A2s":{"weight":0.0729,"played":[0.0,1.0],"evs":[0.0,7.91467]},"A3s":{"weight":0.305,"played":[0.0,1.0],"evs":[0.0,8.18665]},"A4s":{"weight":0.3861,"played":[0.0,1.0],"evs":[0.0,8.85209]},"A5s":{"weight":0.8453,"played":[0.0,1.0],"evs":[0.0,8.653]},"A6s":{"weight":0.6119,"played":[0.0,1.0],"evs":[0.0,9.02007]},"A7s":{"weight":0.047,"played":[0.0,1.0],"evs":[0.0,7.81218]},"A8s":{"weight":0.041,"played":[0.0,1.0],"evs":[0.0,9.32979]},"A9s":{"weight":0.6663,"played":[0.0,1.0],"evs":[0.0,8.47323]},"ATs":{"weight":0.6041,"played":[0.0,1.0],"evs":[0.0,10.44]},"AJs":{"weight":0.1161,"played":[0.0,1.0],"evs":[0.0,11.17339]},"AQs":{"weight":0.7333,"played":[0.0,1.0],"evs":[0.0,13.44167]},"AKs":{"weight":0.9979,"played":[0.0,1.0],"evs":[0.0,14.59132]},"AA":{"weight":0.7226,"played":[0.0,1.0],"evs":[0.0,28.84528]}}}