{"player":1,"street":0,"children":2,"sequence":[{"player":0,"type":"R","amount":955000,"street":0},{"player":1,"type":"C","amount":955000,"street":0},{"player":2,"type":"F","amount":0,"street":0},{"player":3,"type":"C","amount":955000,"street":0},{"player":4,"type":"R","amount":2985000,"street":0},{"player":5,"type":"C","amount":885000,"street":0}],"actions":[{"type":"F","amount":0},{"type":"C","amount":310000,"node":374}],"hands":{"22":{"weight":0.0,"played":[1.0E-4,0.9999],"evs":[0.0,6.65085]},"32o":{"weight":0.0,"played":[0.0,1.0],"evs":[0.0,3.63154]},"42o":{"weight":0.0,"played":[0.0,1.0],"evs":[0.0,4.33464]},"52o":{"weight":0.0,"played":[0.0,1.0],"evs":[0.0,4.5295]},"62o":{"weight":0.0,"played":[0.0,1.0],"evs":[0.0,4.01622]},"72o":{"weight":0.0,"played":[1.0E-4,0.9999],"evs":[0.0,3.01836]},"82o":{"weight":0.0,"played":[0.0,1.0],"evs":[0.0,2.69001]},"92o":{"weight":0.0,"played":[0.0,1.0],"evs":[0.0,4.04889]},"T2o":{"weight":0.0,"played":[0.0,1.0],"evs":[0.0,2.72591]},"J2o":{"weight":0.0,"played":[0.0,1.0],"evs":[0.0,3.3457]},"Q2o":{"weight":0.0,"played":[0.0,1.0],"evs":[0.0,3.02642]},"K2o":{"weight":0.0,"played":[0.0,1.0],"evs":[0.0,3.30968]},"A2o":{"weight":0.0,"played":[2.0E-4,0.9998],"evs":[0.0,4.2007]},"32s":{"weight":0.0,"played":[0.0,1.0],"evs":[0.0,5.55503]},"33":{"weight":0.0,"played":[0.0,1.0],"evs":[0.0,6.31422]},"43o":{"weight":0.0,"played":[0.0,1.0],"evs":[0.0,4.84477]},"53o":{"weight":0.0,"played":[0.0,1.0],"evs":[0.0,5.60419]},"63o":{"weight":0.0,"played":[0.0,1.0],"evs":[0.0,4.08086]},"73o":{"weight":0.0,"played":[0.0,1.0],"evs":[0.0,3.0441]},"83o":{"weight":0.0,"played":[0.0,1.0],"evs":[0.0,3.48716]},"93o":{"weight":0.0,"played":[0.0,1.0],"evs":[0.0,2.67869]},"T3o":{"weight":0.0,"played":[1.0E-4,0.9999],"evs":[0.0,3.41618]},"J3o":{"weight":0.0,"played":[1.0E-4,0.9999],"evs":[0.0,2.96998]},"Q3o":{"weight":0.0,"played":[5.0E-4,0.9995],"evs":[0.0,3.58663]},"K3o":{"weight":0.0,"played":[0.0,1.0],"evs":[0.0,3.89428]},"A3o":{"weight":0.0,"played":[0.0,1.0],"evs":[0.0,4.16043]},"42s":{"weight":0.0,"played":[0.0017,0.9983],"evs":[0.0,4.96317]},"43s":{"weight":0.0,"played":[2.0E-4,0.9998],"evs":[0.0,6.93936]},"44":{"weight":0.0011,"played":[0.0,1.0],"evs":[0.0,7.06041]},"54o":{"weight":0.0,"played":[0.0,1.0],"evs":[0.0,5.78734]},"64o":{"weight":0.0,"played":[0.0,1.0],"evs":[0.0,5.15532]},"74o":{"weight":0.0,"played":[0.0,1.0],"evs":[0.0,4.19022]},"84o":{"weight":0.0,"played":[1.0E-4,0.9999],"evs":[0.0,4.19426]},"94o":{"weight":0.0,"played":[1.0E-4,0.9999],"evs":[0.0,4.22374]},"T4o":{"weight":0.0,"played":[0.0,1.0],"evs":[0.0,3.67614]},"J4o":{"weight":0.0,"played":[0.0,1.0],"evs":[0.0,2.56167]},"Q4o":{"weight":0.0,"played":[0.0,1.0],"evs":[0.0,3.53842]},"K4o":{"weight":0.0,"played":[0.0,1.0],"evs":[0.0,4.69344]},"A4o":{"weight":0.0,"played":[0.0,1.0],"evs":[0.0,4.5676]},"52s":{"weight":0.0,"played":[3.0E-4,0.9997],"evs":[0.0,5.96584]},"53s":{"weight":0.0,"played":[1.0E-4,0.9999],"evs":[0.0,6.46773]},"54s":{"weight":0.0,"played":[9.0E-4,0.9991],"evs":[0.0,6.31488]},"55":{"weight":0.4004,"played":[0.0,1.0],"evs":[0.0,7.29919]},"65o":{"weight":0.0,"played":[2.0E-4,0.9998],"evs":[0.0,5.29306]},"75o":{"weight":0.0,"played":[0.0,1.0],"evs":[0.0,4.86987]},"85o":{"weight":0.0,"played":[0.0,1.0],"evs":[0.0,5.66835]},"95o":{"weight":0.0,"played":[0.0,1.0],"evs":[0.0,3.65107]},"T5o":{"weight":0.0,"played":[0.0,1.0],"evs":[0.0,3.12798]},"J5o":{"weight":0.0,"played":[0.0,1.0],"evs":[0.0,3.62832]},"Q5o":{"weight":0.0,"played":[0.0,1.0],"evs":[0.0,3.96369]},"K5o":{"weight":0.0,"played":[0.0,1.0],"evs":[0.0,4.13484]},"A5o":{"weight":0.0,"played":[0.0,1.0],"evs":[0.0,5.15404]},"62s":{"weight":0.0,"played":[1.0E-4,0.9999],"evs":[0.0,4.22554]},"63s":{"weight":0.0,"played":[1.0E-4,0.9999],"evs":[0.0,6.28127]},"64s":{"weight":0.0,"played":[1.0E-4,0.9999],"evs":[0.0,7.41407]},"65s":{"weight":0.0,"played":[2.0E-4,0.9998],"evs":[0.0,7.38646]},"66":{"weight":0.3918,"played":[0.0,1.0],"evs":[0.0,8.87964]},"76o":{"weight":0.0,"played":[0.0,1.0],"evs":[0.0,5.66135]},"86o":{"weight":0.0,"played":[1.0E-4,0.9999],"evs":[0.0,5.45118]},"96o":{"weight":0.0,"played":[0.0,1.0],"evs":[0.0,4.684]},"T6o":{"weight":0.0,"played":[1.0E-4,0.9999],"evs":[0.0,3.97734]},"J6o":{"weight":0.0,"played":[0.0,1.0],"evs":[0.0,3.72083]},"Q6o":{"weight":0.0,"played":[0.0,1.0],"evs":[0.0,4.55977]},"K6o":{"weight":0.0,"played":[0.0,1.0],"evs":[0.0,4.08309]},"A6o":{"weight":0.0,"played":[0.0,1.0],"evs":[0.0,4.25622]},"72s":{"weight":0.0,"played":[0.0,1.0],"evs":[0.0,6.11131]},"73s":{"weight":0.0,"played":[9.0E-4,0.9991],"evs":[0.0,5.7878]},"74s":{"weight":0.0,"played":[0.0,1.0],"evs":[0.0,6.40344]},"75s":{"weight":0.0,"played":[4.0E-4,0.9996],"evs":[0.0,5.71112]},"76s":{"weight":0.0,"played":[0.0,1.0],"evs":[0.0,6.89803]},"77":{"weight":0.2788,"played":[0.0,1.0],"evs":[0.0,7.76344]},"87o":{"weight":0.0,"played":[0.0,1.0],"evs":[0.0,5.71142]},"97o":{"weight":0.0,"played":[0.0,1.0],"evs":[0.0,4.88179]},"T7o":{"weight":0.0,"played":[0.0,1.0],"evs":[0.0,4.30399]},"J7o":{"weight":0.0,"played":[0.0,1.0],"evs":[0.0,4.41125]},"Q7o":{"weight":0.0,"played":[2.0E-4,0.9998],"evs":[0.0,4.33961]},"K7o":{"weight":0.0,"played":[0.0,1.0],"evs":[0.0,4.99039]},"A7o":{"weight":0.0,"played":[0.0,1.0],"evs":[0.0,5.27386]},"82s":{"weight":0.0,"played":[0.0,1.0],"evs":[0.0,5.2056]},"83s":{"weight":0.0,"played":[0.001,0.999],"evs":[0.0,4.88791]},"84s":{"weight":0.0,"played":[1.0E-4,0.9999],"evs":[0.0,6.17986]},"85s":{"weight":0.0,"played":[1.0E-4,0.9999],"evs":[0.0,7.75785]},"86s":{"weight":0.0,"played":[2.0E-4,0.9998],"evs":[0.0,5.89411]},"87s":{"weight":0.0,"played":[0.0,1.0],"evs":[0.0,8.13202]},"88":{"weight":0.3658,"played":[1.0E-4,0.9999],"evs":[0.0,9.04332]},"98o":{"weight":0.0,"played":[0.0,1.0],"evs":[0.0,5.01079]},"T8o":{"weight":0.0,"played":[0.0,1.0],"evs":[0.0,5.31206]},"J8o":{"weight":0.0,"played":[0.0,1.0],"evs":[0.0,4.45638]},"Q8o":{"weight":0.0,"played":[1.0E-4,0.9999],"evs":[0.0,4.69829]},"K8o":{"weight":0.0,"played":[0.0,1.0],"evs":[0.0,5.13403]},"A8o":{"weight":0.0,"played":[0.0,1.0],"evs":[0.0,4.54534]},"92s":{"weight":0.0,"played":[2.0E-4,0.9998],"evs":[0.0,5.0533]},"93s":{"weight":0.0,"played":[2.0E-4,0.9998],"evs":[0.0,6.03888]},"94s":{"weight":0.0,"played":[0.0,1.0],"evs":[0.0,6.01439]},"95s":{"weight":0.0,"played":[5.0E-4,0.9995],"evs":[0.0,6.7306]},"96s":{"weight":0.0,"played":[0.0,1.0],"evs":[0.0,6.7207]},"97s":{"weight":0.0,"played":[3.0E-4,0.9997],"evs":[0.0,7.62514]},"98s":{"weight":0.0,"played":[0.0,1.0],"evs":[0.0,6.5907]},"99":{"weight":0.3736,"played":[0.0,1.0],"evs":[0.0,9.52701]},"T9o":{"weight":0.0,"played":[0.0,1.0],"evs":[0.0,4.68707]},"J9o":{"weight":0.0,"played":[0.0,1.0],"evs":[0.0,5.16909]},"Q9o":{"weight":0.0,"played":[0.0,1.0],"evs":[0.0,5.02893]},"K9o":{"weight":0.0,"played":[0.0,1.0],"evs":[0.0,5.57816]},"A9o":{"weight":0.0,"played":[0.0,1.0],"evs":[0.0,4.36754]},"T2s":{"weight":0.0,"played":[8.0E-4,0.9992],"evs":[0.0,5.21417]},"T3s":{"weight":0.0,"played":[1.0E-4,0.9999],"evs":[0.0,4.6019]},"T4s":{"weight":0.0,"played":[2.0E-4,0.9998],"evs":[0.0,5.24727]},"T5s":{"weight":0.0,"played":[9.0E-4,0.9991],"evs":[0.0,4.2183]},"T6s":{"weight":0.0,"played":[0.0,1.0],"evs":[0.0,6.17048]},"T7s":{"weight":0.0,"played":[0.0,1.0],"evs":[0.0,6.82957]},"T8s":{"weight":0.0,"played":[0.0,1.0],"evs":[0.0,7.17643]},"T9s":{"weight":1.0E-4,"played":[0.0,1.0],"evs":[0.0,7.46984]},"TT":{"weight":0.4584,"played":[0.0,1.0],"evs":[0.0,11.07233]},"JTo":{"weight":0.0,"played":[1.0E-4,0.9999],"evs":[0.0,5.86935]},"QTo":{"weight":0.0,"played":[1.0E-4,0.9999],"evs":[0.0,5.77005]},"KTo":{"weight":0.0,"played":[0.0,1.0],"evs":[0.0,5.40189]},"ATo":{"weight":0.4891,"played":[0.0,1.0],"evs":[0.0,5.63152]},"J2s":{"weight":0.0,"played":[4.0E-4,0.9996],"evs":[0.0,5.56642]},"J3s":{"weight":0.0,"played":[0.0,1.0],"evs":[0.0,5.55012]},"J4s":{"weight":0.0,"played":[0.0,1.0],"evs":[0.0,5.44389]},"J5s":{"weight":0.0,"played":[0.0011,0.9989],"evs":[0.0,6.1468]},"J6s":{"weight":0.0,"played":[0.0,1.0],"evs":[0.0,5.81094]},"J7s":{"weight":0.0,"played":[0.0,1.0],"evs":[0.0,6.11376]},"J8s":{"weight":0.0,"played":[0.0,1.0],"evs":[0.0,6.43877]},"J9s":{"weight":0.0,"played":[0.0,1.0],"evs":[0.0,4.88482]},"JTs":{"weight":0.0158,"played":[0.0,1.0],"evs":[0.0,8.67247]},"JJ":{"weight":0.5697,"played":[0.0,1.0],"evs":[0.0,13.25234]},"QJo":{"weight":0.0,"played":[0.0,1.0],"evs":[0.0,5.99735]},"KJo":{"weight":2.0E-4,"played":[1.0E-4,0.9999],"evs":[0.0,4.7166]},"AJo":{"weight":0.6395,"played":[1.0E-4,0.9999],"evs":[0.0,6.03788]},"Q2s":{"weight":0.0,"played":[3.0E-4,0.9997],"evs":[0.0,5.23689]},"Q3s":{"weight":0.0,"played":[1.0E-4,0.9999],"evs":[0.0,6.04118]},"Q4s":{"weight":0.0,"played":[0.0,1.0],"evs":[0.0,5.31562]},"Q5s":{"weight":0.0,"played":[0.0,1.0],"evs":[0.0,7.04515]},"Q6s":{"weight":0.0,"played":[8.0E-4,0.9992],"evs":[0.0,7.24061]},"Q7s":{"weight":0.0,"played":[0.0014,0.9986],"evs":[0.0,7.36688]},"Q8s":{"weight":0.0,"played":[0.0021,0.9979],"evs":[0.0,7.02764]},"Q9s":{"weight":0.0,"played":[3.0E-4,0.9997],"evs":[0.0,7.9334]},"QTs":{"weight":0.319,"played":[0.0,1.0],"evs":[0.0,7.43566]},"QJs":{"weight":0.5443,"played":[1.0E-4,0.9999],"evs":[0.0,7.22902]},"QQ":{"weight":0.5456,"played":[0.0,1.0],"evs":[0.0,15.6244]},"KQo":{"weight":0.5306,"played":[0.0,1.0],"evs":[0.0,7.88198]},"AQo":{"weight":0.5083,"played":[0.0,1.0],"evs":[0.0,8.52203]},"K2s":{"weight":0.0,"played":[1.0E-4,0.9999],"evs":[0.0,6.04616]},"K3s":{"weight":0.0,"played":[1.0E-4,0.9999],"evs":[0.0,3.87542]},"K4s":{"weight":0.0,"played":[3.0E-4,0.9997],"evs":[0.0,6.31136]},"K5s":{"weight":0.0,"played":[7.0E-4,0.9993],"evs":[0.0,5.93089]},"K6s":{"weight":0.0,"played":[0.0,1.0],"evs":[0.0,6.7738]},"K7s":{"weight":0.0,"played":[5.0E-4,0.9995],"evs":[0.0,6.98206]},"K8s":{"weight":0.0,"played":[0.0,1.0],"evs":[0.0,6.4081]},"K9s":{"weight":1.0E-4,"played":[0.0,1.0],"evs":[0.0,6.57954]},"KTs":{"weight":0.4154,"played":[0.0,1.0],"evs":[0.0,7.76727]},"KJs":{"weight":0.4882,"played":[4.0E-4,0.9996],"evs":[0.0,8.32567]},"KQs":{"weight":0.5421,"played":[0.0,1.0],"evs":[0.0,9.75345]},"KK":{"weight":0.5279,"played":[0.0,1.0],"evs":[0.0,20.59421]},"AKo":{"weight":0.5983,"played":[0.0,1.0],"evs":[0.0,9.54569]},"A2s":{"weight":0.0,"played":[0.0,1.0],"evs":[0.0,6.93809]},"A3s":{"weight":0.0,"played":[0.0,1.0],"evs":[0.0,5.37574]},"A4s":{"weight":0.0,"played":[1.0E-4,0.9999],"evs":[0.0,8.21028]},"A5s":{"weight":2.0E-4,"played":[0.0,1.0],"evs":[0.0,6.05382]},"A6s":{"weight":0.0,"played":[0.0,1.0],"evs":[0.0,5.31417]},"A7s":{"weight":0.0,"played":[0.0,1.0],"evs":[0.0,5.80252]},"A8s":{"weight":0.4724,"played":[0.0,1.0],"evs":[0.0,5.35027]},"A9s":{"weight":0.4569,"played":[1.0E-4,0.9999],"evs":[0.0,6.24827]},"ATs":{"weight":0.6578,"played":[0.0,1.0],"evs":[0.0,7.73923]},"AJs":{"weight":0.6187,"played":[1.0E-4,0.9999],"evs":[0.0,7.77815]},"AQs":{"weight":0.7262,"played":[0.0,1.0],"evs":[0.0,9.95448]},"AKs":{"weight":0.5689,"played":[0.0,1.0],"evs":[0.0,11.78132]},"AA":{"weight":0.5586,"played":[0.0,1.0],"evs":[0.0,26.68169]}}}