{"player":4,"street":0,"children":2,"sequence":[{"player":0,"type":"R","amount":955000,"street":0},{"player":1,"type":"C","amount":955000,"street":0},{"player":2,"type":"F","amount":0,"street":0},{"player":3,"type":"R","amount":2985000,"street":0}],"actions":[{"type":"F","amount":0,"node":376},{"type":"C","amount":2935000,"node":379}],"hands":{"22":{"weight":1.0,"played":[0.9996,4.0E-4],"evs":[0.0,-2.47349]},"32o":{"weight":1.0,"played":[1.0,0.0],"evs":[0.0,-8.93155]},"42o":{"weight":1.0,"played":[1.0,0.0],"evs":[0.0,-8.31151]},"52o":{"weight":1.0,"played":[1.0,0.0],"evs":[0.0,-7.39322]},"62o":{"weight":1.0,"played":[1.0,0.0],"evs":[0.0,-7.50632]},"72o":{"weight":1.0,"played":[1.0,0.0],"evs":[0.0,-9.06441]},"82o":{"weight":1.0,"played":[1.0,0.0],"evs":[0.0,-8.60294]},"92o":{"weight":1.0,"played":[1.0,0.0],"evs":[0.0,-8.11373]},"T2o":{"weight":1.0,"played":[1.0,0.0],"evs":[0.0,-8.67718]},"J2o":{"weight":1.0,"played":[1.0,0.0],"evs":[0.0,-7.78534]},"Q2o":{"weight":1.0,"played":[1.0,0.0],"evs":[0.0,-7.7667]},"K2o":{"weight":1.0,"played":[1.0,0.0],"evs":[0.0,-6.54559]},"A2o":{"weight":1.0,"played":[0.9999,1.0E-4],"evs":[0.0,-6.49582]},"32s":{"weight":1.0,"played":[0.9999,1.0E-4],"evs":[0.0,-6.88229]},"33":{"weight":1.0,"played":[0.994,0.006],"evs":[0.0,-1.46078]},"43o":{"weight":1.0,"played":[1.0,0.0],"evs":[0.0,-6.51196]},"53o":{"weight":1.0,"played":[1.0,0.0],"evs":[0.0,-6.24886]},"63o":{"weight":1.0,"played":[1.0,0.0],"evs":[0.0,-6.69327]},"73o":{"weight":1.0,"played":[1.0,0.0],"evs":[0.0,-7.56112]},"83o":{"weight":1.0,"played":[1.0,0.0],"evs":[0.0,-8.62658]},"93o":{"weight":1.0,"played":[1.0,0.0],"evs":[0.0,-7.94524]},"T3o":{"weight":1.0,"played":[1.0,0.0],"evs":[0.0,-7.25832]},"J3o":{"weight":1.0,"played":[1.0,0.0],"evs":[0.0,-7.15838]},"Q3o":{"weight":1.0,"played":[1.0,0.0],"evs":[0.0,-6.96469]},"K3o":{"weight":1.0,"played":[1.0,0.0],"evs":[0.0,-6.28639]},"A3o":{"weight":1.0,"played":[0.9999,1.0E-4],"evs":[0.0,-5.90351]},"42s":{"weight":1.0,"played":[0.9999,1.0E-4],"evs":[0.0,-6.42014]},"43s":{"weight":1.0,"played":[0.9991,9.0E-4],"evs":[0.0,-3.51743]},"44":{"weight":1.0,"played":[0.0293,0.9707],"evs":[0.0,0.54562]},"54o":{"weight":1.0,"played":[1.0,0.0],"evs":[0.0,-5.00631]},"64o":{"weight":1.0,"played":[1.0,0.0],"evs":[0.0,-4.94619]},"74o":{"weight":1.0,"played":[1.0,0.0],"evs":[0.0,-6.28346]},"84o":{"weight":1.0,"played":[1.0,0.0],"evs":[0.0,-6.93027]},"94o":{"weight":1.0,"played":[1.0,0.0],"evs":[0.0,-6.99633]},"T4o":{"weight":1.0,"played":[1.0,0.0],"evs":[0.0,-7.40352]},"J4o":{"weight":1.0,"played":[1.0,0.0],"evs":[0.0,-6.54146]},"Q4o":{"weight":1.0,"played":[1.0,0.0],"evs":[0.0,-6.51495]},"K4o":{"weight":1.0,"played":[0.9998,2.0E-4],"evs":[0.0,-5.42185]},"A4o":{"weight":1.0,"played":[0.9983,0.0017],"evs":[0.0,-5.22262]},"52s":{"weight":1.0,"played":[0.9995,5.0E-4],"evs":[0.0,-5.45516]},"53s":{"weight":1.0,"played":[0.998,0.002],"evs":[0.0,-3.99406]},"54s":{"weight":1.0,"played":[0.984,0.016],"evs":[0.0,-2.80085]},"55":{"weight":1.0,"played":[0.0024,0.9976],"evs":[0.0,1.96972]},"65o":{"weight":1.0,"played":[0.9998,2.0E-4],"evs":[0.0,-4.19854]},"75o":{"weight":1.0,"played":[1.0,0.0],"evs":[0.0,-4.9087]},"85o":{"weight":1.0,"played":[1.0,0.0],"evs":[0.0,-5.49419]},"95o":{"weight":1.0,"played":[1.0,0.0],"evs":[0.0,-5.58075]},"T5o":{"weight":1.0,"played":[1.0,0.0],"evs":[0.0,-6.7651]},"J5o":{"weight":1.0,"played":[1.0,0.0],"evs":[0.0,-5.71158]},"Q5o":{"weight":1.0,"played":[1.0,0.0],"evs":[0.0,-5.54796]},"K5o":{"weight":1.0,"played":[0.9999,1.0E-4],"evs":[0.0,-5.68295]},"A5o":{"weight":1.0,"played":[0.9983,0.0017],"evs":[0.0,-4.14688]},"62s":{"weight":1.0,"played":[1.0,0.0],"evs":[0.0,-5.11225]},"63s":{"weight":1.0,"played":[1.0,0.0],"evs":[0.0,-4.86658]},"64s":{"weight":1.0,"played":[1.0,0.0],"evs":[0.0,-2.82082]},"65s":{"weight":1.0,"played":[0.9966,0.0034],"evs":[0.0,-1.17517]},"66":{"weight":1.0,"played":[0.0,1.0],"evs":[0.0,3.72119]},"76o":{"weight":1.0,"played":[1.0,0.0],"evs":[0.0,-3.85746]},"86o":{"weight":1.0,"played":[1.0,0.0],"evs":[0.0,-4.23289]},"96o":{"weight":1.0,"played":[1.0,0.0],"evs":[0.0,-4.40721]},"T6o":{"weight":1.0,"played":[0.9999,1.0E-4],"evs":[0.0,-5.636]},"J6o":{"weight":1.0,"played":[1.0,0.0],"evs":[0.0,-5.59863]},"Q6o":{"weight":1.0,"played":[1.0,0.0],"evs":[0.0,-4.65918]},"K6o":{"weight":1.0,"played":[1.0,0.0],"evs":[0.0,-4.35471]},"A6o":{"weight":1.0,"played":[0.9994,6.0E-4],"evs":[0.0,-4.77256]},"72s":{"weight":1.0,"played":[1.0,0.0],"evs":[0.0,-7.10273]},"73s":{"weight":1.0,"played":[1.0,0.0],"evs":[0.0,-5.1858]},"74s":{"weight":1.0,"played":[1.0,0.0],"evs":[0.0,-3.21811]},"75s":{"weight":1.0,"played":[0.9958,0.0042],"evs":[0.0,-2.90335]},"76s":{"weight":1.0,"played":[0.9981,0.0019],"evs":[0.0,-0.38313]},"77":{"weight":1.0,"played":[0.0,1.0],"evs":[0.0,4.5845]},"87o":{"weight":1.0,"played":[0.9996,4.0E-4],"evs":[0.0,-3.76902]},"97o":{"weight":1.0,"played":[1.0,0.0],"evs":[0.0,-4.00304]},"T7o":{"weight":1.0,"played":[0.9999,1.0E-4],"evs":[0.0,-4.27779]},"J7o":{"weight":1.0,"played":[1.0,0.0],"evs":[0.0,-4.92814]},"Q7o":{"weight":1.0,"played":[1.0,0.0],"evs":[0.0,-4.77403]},"K7o":{"weight":1.0,"played":[0.9995,5.0E-4],"evs":[0.0,-3.85772]},"A7o":{"weight":1.0,"played":[0.9995,5.0E-4],"evs":[0.0,-4.27948]},"82s":{"weight":1.0,"played":[0.9998,2.0E-4],"evs":[0.0,-5.03752]},"83s":{"weight":1.0,"played":[1.0,0.0],"evs":[0.0,-5.72728]},"84s":{"weight":1.0,"played":[0.9982,0.0018],"evs":[0.0,-3.88832]},"85s":{"weight":1.0,"played":[0.9972,0.0028],"evs":[0.0,-2.37249]},"86s":{"weight":1.0,"played":[0.92,0.08],"evs":[0.0,-1.52176]},"87s":{"weight":1.0,"played":[0.8893,0.1107],"evs":[0.0,-1.31812]},"88":{"weight":1.0,"played":[0.0,1.0],"evs":[0.0,6.46409]},"98o":{"weight":1.0,"played":[0.9997,3.0E-4],"evs":[0.0,-3.13746]},"T8o":{"weight":1.0,"played":[0.9999,1.0E-4],"evs":[0.0,-3.14725]},"J8o":{"weight":1.0,"played":[0.9999,1.0E-4],"evs":[0.0,-3.38158]},"Q8o":{"weight":1.0,"played":[1.0,0.0],"evs":[0.0,-3.66784]},"K8o":{"weight":1.0,"played":[0.9995,5.0E-4],"evs":[0.0,-4.14735]},"A8o":{"weight":1.0,"played":[0.9989,0.0011],"evs":[0.0,-4.10914]},"92s":{"weight":1.0,"played":[1.0,0.0],"evs":[0.0,-4.96494]},"93s":{"weight":1.0,"played":[1.0,0.0],"evs":[0.0,-5.1673]},"94s":{"weight":1.0,"played":[0.9999,1.0E-4],"evs":[0.0,-4.22387]},"95s":{"weight":1.0,"played":[0.9999,1.0E-4],"evs":[0.0,-3.11145]},"96s":{"weight":1.0,"played":[0.9981,0.0019],"evs":[0.0,-2.30227]},"97s":{"weight":1.0,"played":[0.9999,1.0E-4],"evs":[0.0,-0.96638]},"98s":{"weight":1.0,"played":[0.9823,0.0177],"evs":[0.0,-0.32884]},"99":{"weight":1.0,"played":[0.0,1.0],"evs":[0.0,9.10934]},"T9o":{"weight":1.0,"played":[0.9989,0.0011],"evs":[0.0,-2.70017]},"J9o":{"weight":1.0,"played":[0.9999,1.0E-4],"evs":[0.0,-2.97133]},"Q9o":{"weight":1.0,"played":[0.9997,3.0E-4],"evs":[0.0,-3.20846]},"K9o":{"weight":1.0,"played":[0.9986,0.0014],"evs":[0.0,-3.5289]},"A9o":{"weight":1.0,"played":[0.9996,4.0E-4],"evs":[0.0,-3.0923]},"T2s":{"weight":1.0,"played":[1.0,0.0],"evs":[0.0,-5.54906]},"T3s":{"weight":1.0,"played":[0.9997,3.0E-4],"evs":[0.0,-3.89232]},"T4s":{"weight":1.0,"played":[0.9999,1.0E-4],"evs":[0.0,-4.51711]},"T5s":{"weight":1.0,"played":[1.0,0.0],"evs":[0.0,-3.11707]},"T6s":{"weight":1.0,"played":[0.9995,5.0E-4],"evs":[0.0,-2.94122]},"T7s":{"weight":1.0,"played":[0.9534,0.0466],"evs":[0.0,-1.51634]},"T8s":{"weight":1.0,"played":[0.9444,0.0556],"evs":[0.0,-0.38383]},"T9s":{"weight":1.0,"played":[0.039,0.961],"evs":[0.0,1.84617]},"TT":{"weight":1.0,"played":[0.0,1.0],"evs":[0.0,11.73158]},"JTo":{"weight":1.0,"played":[0.9989,0.0011],"evs":[0.0,-2.29317]},"QTo":{"weight":1.0,"played":[0.9972,0.0028],"evs":[0.0,-2.15401]},"KTo":{"weight":1.0,"played":[0.9998,2.0E-4],"evs":[0.0,-2.10316]},"ATo":{"weight":1.0,"played":[0.9592,0.0408],"evs":[0.0,-1.5761]},"J2s":{"weight":1.0,"played":[1.0,0.0],"evs":[0.0,-5.04664]},"J3s":{"weight":1.0,"played":[1.0,0.0],"evs":[0.0,-4.97454]},"J4s":{"weight":1.0,"played":[0.9976,0.0024],"evs":[0.0,-3.74591]},"J5s":{"weight":1.0,"played":[0.9977,0.0023],"evs":[0.0,-3.12567]},"J6s":{"weight":1.0,"played":[0.9985,0.0015],"evs":[0.0,-3.9154]},"J7s":{"weight":1.0,"played":[0.9995,5.0E-4],"evs":[0.0,-1.95354]},"J8s":{"weight":1.0,"played":[0.9786,0.0214],"evs":[0.0,-1.57251]},"J9s":{"weight":1.0,"played":[0.9581,0.0419],"evs":[0.0,-1.28941]},"JTs":{"weight":1.0,"played":[0.3474,0.6526],"evs":[0.0,-0.00649]},"JJ":{"weight":1.0,"played":[0.0,1.0],"evs":[0.0,15.25877]},"QJo":{"weight":1.0,"played":[0.999,0.001],"evs":[0.0,-1.77761]},"KJo":{"weight":1.0,"played":[0.9342,0.0658],"evs":[0.0,-1.75293]},"AJo":{"weight":1.0,"played":[0.05,0.95],"evs":[0.0,0.12406]},"Q2s":{"weight":1.0,"played":[0.9996,4.0E-4],"evs":[0.0,-4.29382]},"Q3s":{"weight":1.0,"played":[0.9987,0.0013],"evs":[0.0,-4.80158]},"Q4s":{"weight":1.0,"played":[0.9977,0.0023],"evs":[0.0,-3.8114]},"Q5s":{"weight":1.0,"played":[0.9987,0.0013],"evs":[0.0,-3.00292]},"Q6s":{"weight":1.0,"played":[0.9973,0.0027],"evs":[0.0,-2.39883]},"Q7s":{"weight":1.0,"played":[0.9985,0.0015],"evs":[0.0,-2.22412]},"Q8s":{"weight":1.0,"played":[0.6767,0.3233],"evs":[0.0,-0.79066]},"Q9s":{"weight":1.0,"played":[0.9402,0.0598],"evs":[0.0,-0.73951]},"QTs":{"weight":1.0,"played":[0.025,0.975],"evs":[0.0,1.19727]},"QJs":{"weight":1.0,"played":[0.1339,0.8661],"evs":[0.0,1.43686]},"QQ":{"weight":1.0,"played":[0.0,1.0],"evs":[0.0,19.14718]},"KQo":{"weight":1.0,"played":[0.0672,0.9328],"evs":[0.0,0.20198]},"AQo":{"weight":1.0,"played":[1.0E-4,0.9999],"evs":[0.0,2.47249]},"K2s":{"weight":1.0,"played":[0.9991,9.0E-4],"evs":[0.0,-3.82069]},"K3s":{"weight":1.0,"played":[0.9994,6.0E-4],"evs":[0.0,-2.38607]},"K4s":{"weight":1.0,"played":[0.9988,0.0012],"evs":[0.0,-2.79559]},"K5s":{"weight":1.0,"played":[0.9878,0.0122],"evs":[0.0,-1.4801]},"K6s":{"weight":1.0,"played":[0.9894,0.0106],"evs":[0.0,-2.24406]},"K7s":{"weight":1.0,"played":[0.8841,0.1159],"evs":[0.0,-2.12215]},"K8s":{"weight":1.0,"played":[0.8871,0.1129],"evs":[0.0,-0.19878]},"K9s":{"weight":1.0,"played":[0.9348,0.0652],"evs":[0.0,-0.50205]},"KTs":{"weight":1.0,"played":[3.0E-4,0.9997],"evs":[0.0,0.42333]},"KJs":{"weight":1.0,"played":[0.0149,0.9851],"evs":[0.0,0.87265]},"KQs":{"weight":1.0,"played":[2.0E-4,0.9998],"evs":[0.0,2.35995]},"KK":{"weight":1.0,"played":[0.0,1.0],"evs":[0.0,23.93306]},"AKo":{"weight":1.0,"played":[0.0,1.0],"evs":[0.0,5.54218]},"A2s":{"weight":1.0,"played":[0.9925,0.0075],"evs":[0.0,-3.05915]},"A3s":{"weight":1.0,"played":[1.0,0.0],"evs":[0.0,-2.95223]},"A4s":{"weight":1.0,"played":[0.9912,0.0088],"evs":[0.0,-1.64275]},"A5s":{"weight":1.0,"played":[0.8202,0.1798],"evs":[0.0,-1.14647]},"A6s":{"weight":1.0,"played":[0.989,0.011],"evs":[0.0,-1.65505]},"A7s":{"weight":1.0,"played":[0.9749,0.0251],"evs":[0.0,-2.09231]},"A8s":{"weight":1.0,"played":[0.7766,0.2234],"evs":[0.0,-0.88429]},"A9s":{"weight":1.0,"played":[0.1763,0.8237],"evs":[0.0,-0.23642]},"ATs":{"weight":1.0,"played":[0.0048,0.9952],"evs":[0.0,0.49523]},"AJs":{"weight":1.0,"played":[1.0E-4,0.9999],"evs":[0.0,4.42289]},"AQs":{"weight":1.0,"played":[0.0,1.0],"evs":[0.0,4.79921]},"AKs":{"weight":1.0,"played":[0.0,1.0],"evs":[0.0,7.84999]},"AA":{"weight":1.0,"played":[0.0,1.0],"evs":[0.0,30.89957]}}}