{"player":1,"street":0,"children":2,"sequence":[{"player":0,"type":"R","amount":955000,"street":0},{"player":1,"type":"C","amount":955000,"street":0},{"player":2,"type":"F","amount":0,"street":0},{"player":3,"type":"R","amount":2985000,"street":0},{"player":4,"type":"F","amount":0,"street":0},{"player":5,"type":"F","amount":0,"street":0}],"actions":[{"type":"F","amount":0},{"type":"C","amount":310000}],"hands":{"22":{"weight":0.0,"played":[0.0,1.0],"evs":[0.0,6.26442]},"32o":{"weight":0.0,"played":[0.0,1.0],"evs":[0.0,3.58524]},"42o":{"weight":0.0,"played":[0.0,1.0],"evs":[0.0,3.92419]},"52o":{"weight":0.0,"played":[0.0,1.0],"evs":[0.0,4.03408]},"62o":{"weight":0.0,"played":[0.0,1.0],"evs":[0.0,3.86854]},"72o":{"weight":0.0,"played":[0.0,1.0],"evs":[0.0,3.49313]},"82o":{"weight":0.0,"played":[0.0,1.0],"evs":[0.0,3.61356]},"92o":{"weight":0.0,"played":[0.0,1.0],"evs":[0.0,3.71737]},"T2o":{"weight":0.0,"played":[0.0,1.0],"evs":[0.0,3.92706]},"J2o":{"weight":0.0,"played":[0.0,1.0],"evs":[0.0,4.09874]},"Q2o":{"weight":0.0,"played":[0.0,1.0],"evs":[0.0,4.40782]},"K2o":{"weight":0.0,"played":[0.0,1.0],"evs":[0.0,4.55436]},"A2o":{"weight":0.0,"played":[0.0,1.0],"evs":[0.0,4.92882]},"32s":{"weight":0.0,"played":[0.0,1.0],"evs":[0.0,4.73869]},"33":{"weight":0.0,"played":[0.0,1.0],"evs":[0.0,6.7625]},"43o":{"weight":0.0,"played":[0.0,1.0],"evs":[0.0,4.38377]},"53o":{"weight":0.0,"played":[0.0,1.0],"evs":[0.0,4.65925]},"63o":{"weight":0.0,"played":[0.0,1.0],"evs":[0.0,4.34752]},"73o":{"weight":0.0,"played":[0.0,1.0],"evs":[0.0,4.01453]},"83o":{"weight":0.0,"played":[0.0,1.0],"evs":[0.0,3.69832]},"93o":{"weight":0.0,"played":[0.0,1.0],"evs":[0.0,3.83554]},"T3o":{"weight":0.0,"played":[0.0,1.0],"evs":[0.0,4.12494]},"J3o":{"weight":0.0,"played":[0.0,1.0],"evs":[0.0,4.26468]},"Q3o":{"weight":0.0,"played":[0.0,1.0],"evs":[0.0,4.48296]},"K3o":{"weight":0.0,"played":[0.0,1.0],"evs":[0.0,4.7635]},"A3o":{"weight":0.0,"played":[0.0,1.0],"evs":[0.0,5.09372]},"42s":{"weight":0.0,"played":[0.0,1.0],"evs":[0.0,5.12452]},"43s":{"weight":0.0,"played":[0.0,1.0],"evs":[0.0,5.52462]},"44":{"weight":0.0011,"played":[0.0,1.0],"evs":[0.0,7.36202]},"54o":{"weight":0.0,"played":[0.0,1.0],"evs":[0.0,5.32158]},"64o":{"weight":0.0,"played":[0.0,1.0],"evs":[0.0,4.98387]},"74o":{"weight":0.0,"played":[0.0,1.0],"evs":[0.0,4.55698]},"84o":{"weight":0.0,"played":[0.0,1.0],"evs":[0.0,4.30966]},"94o":{"weight":0.0,"played":[0.0,1.0],"evs":[0.0,4.06163]},"T4o":{"weight":0.0,"played":[0.0,1.0],"evs":[0.0,4.27407]},"J4o":{"weight":0.0,"played":[0.0,1.0],"evs":[0.0,4.46889]},"Q4o":{"weight":0.0,"played":[0.0,1.0],"evs":[0.0,4.75906]},"K4o":{"weight":0.0,"played":[0.0,1.0],"evs":[0.0,4.97656]},"A4o":{"weight":0.0,"played":[0.0,1.0],"evs":[0.0,5.37588]},"52s":{"weight":0.0,"played":[0.0,1.0],"evs":[0.0,5.2001]},"53s":{"weight":0.0,"played":[0.0,1.0],"evs":[0.0,5.97518]},"54s":{"weight":0.0,"played":[0.0,1.0],"evs":[0.0,6.42929]},"55":{"weight":0.4004,"played":[0.0,1.0],"evs":[0.0,8.26592]},"65o":{"weight":0.0,"played":[0.0,1.0],"evs":[0.0,5.58292]},"75o":{"weight":0.0,"played":[0.0,1.0],"evs":[0.0,5.12739]},"85o":{"weight":0.0,"played":[0.0,1.0],"evs":[0.0,4.99444]},"95o":{"weight":0.0,"played":[0.0,1.0],"evs":[0.0,4.74062]},"T5o":{"weight":0.0,"played":[0.0,1.0],"evs":[0.0,4.46644]},"J5o":{"weight":0.0,"played":[0.0,1.0],"evs":[0.0,4.7209]},"Q5o":{"weight":0.0,"played":[0.0,1.0],"evs":[0.0,5.05236]},"K5o":{"weight":0.0,"played":[0.0,1.0],"evs":[0.0,5.21362]},"A5o":{"weight":0.0,"played":[0.0,1.0],"evs":[0.0,5.71133]},"62s":{"weight":0.0,"played":[0.0,1.0],"evs":[0.0,5.04021]},"63s":{"weight":0.0,"played":[0.0,1.0],"evs":[0.0,5.50633]},"64s":{"weight":0.0,"played":[0.0,1.0],"evs":[0.0,6.21107]},"65s":{"weight":0.0,"played":[0.0,1.0],"evs":[0.0,6.56735]},"66":{"weight":0.3918,"played":[0.0,1.0],"evs":[0.0,8.81073]},"76o":{"weight":0.0,"played":[0.0,1.0],"evs":[0.0,5.7496]},"86o":{"weight":0.0,"played":[0.0,1.0],"evs":[0.0,5.46562]},"96o":{"weight":0.0,"played":[0.0,1.0],"evs":[0.0,5.20287]},"T6o":{"weight":0.0,"played":[0.0,1.0],"evs":[0.0,5.03745]},"J6o":{"weight":0.0,"played":[0.0,1.0],"evs":[0.0,4.86466]},"Q6o":{"weight":0.0,"played":[0.0,1.0],"evs":[0.0,5.25469]},"K6o":{"weight":0.0,"played":[0.0,1.0],"evs":[0.0,5.52794]},"A6o":{"weight":0.0,"played":[0.0,1.0],"evs":[0.0,5.56332]},"72s":{"weight":0.0,"played":[0.0,1.0],"evs":[0.0,4.66643]},"73s":{"weight":0.0,"played":[0.0,1.0],"evs":[0.0,5.21333]},"74s":{"weight":0.0,"played":[0.0,1.0],"evs":[0.0,5.79424]},"75s":{"weight":0.0,"played":[0.0,1.0],"evs":[0.0,6.16098]},"76s":{"weight":0.0,"played":[0.0,1.0],"evs":[0.0,6.70961]},"77":{"weight":0.2788,"played":[0.0,1.0],"evs":[0.0,9.28646]},"87o":{"weight":0.0,"played":[0.0,1.0],"evs":[0.0,5.83379]},"97o":{"weight":0.0,"played":[0.0,1.0],"evs":[0.0,5.62012]},"T7o":{"weight":0.0,"played":[0.0,1.0],"evs":[0.0,5.56216]},"J7o":{"weight":0.0,"played":[0.0,1.0],"evs":[0.0,5.34535]},"Q7o":{"weight":0.0,"played":[0.0,1.0],"evs":[0.0,5.24984]},"K7o":{"weight":0.0,"played":[0.0,1.0],"evs":[0.0,5.63313]},"A7o":{"weight":0.0,"played":[0.0,1.0],"evs":[0.0,5.8447]},"82s":{"weight":0.0,"played":[0.0,1.0],"evs":[0.0,4.90076]},"83s":{"weight":0.0,"played":[0.0,1.0],"evs":[0.0,4.99543]},"84s":{"weight":0.0,"played":[0.0,1.0],"evs":[0.0,5.58159]},"85s":{"weight":0.0,"played":[0.0,1.0],"evs":[0.0,5.99567]},"86s":{"weight":0.0,"played":[0.0,1.0],"evs":[0.0,6.57604]},"87s":{"weight":0.0,"played":[0.0,1.0],"evs":[0.0,7.04576]},"88":{"weight":0.3658,"played":[0.0,1.0],"evs":[0.0,9.97891]},"98o":{"weight":0.0,"played":[0.0,1.0],"evs":[0.0,5.9647]},"T8o":{"weight":0.0,"played":[0.0,1.0],"evs":[0.0,5.87816]},"J8o":{"weight":0.0,"played":[0.0,1.0],"evs":[0.0,5.6417]},"Q8o":{"weight":0.0,"played":[0.0,1.0],"evs":[0.0,5.59645]},"K8o":{"weight":0.0,"played":[0.0,1.0],"evs":[0.0,5.46521]},"A8o":{"weight":0.0,"played":[0.0,1.0],"evs":[0.0,5.96664]},"92s":{"weight":0.0,"played":[0.0,1.0],"evs":[0.0,4.94165]},"93s":{"weight":0.0,"played":[0.0,1.0],"evs":[0.0,5.20729]},"94s":{"weight":0.0,"played":[0.0,1.0],"evs":[0.0,5.28627]},"95s":{"weight":0.0,"played":[0.0,1.0],"evs":[0.0,5.88652]},"96s":{"weight":0.0,"played":[0.0,1.0],"evs":[0.0,6.42903]},"97s":{"weight":0.0,"played":[0.0,1.0],"evs":[0.0,6.63398]},"98s":{"weight":0.0,"played":[0.0,1.0],"evs":[0.0,7.07206]},"99":{"weight":0.3736,"played":[0.0,1.0],"evs":[0.0,11.26299]},"T9o":{"weight":0.0,"played":[0.0,1.0],"evs":[0.0,6.28011]},"J9o":{"weight":0.0,"played":[0.0,1.0],"evs":[0.0,6.15329]},"Q9o":{"weight":0.0,"played":[0.0,1.0],"evs":[0.0,6.05126]},"K9o":{"weight":0.0,"played":[0.0,1.0],"evs":[0.0,6.00233]},"A9o":{"weight":0.0,"played":[0.0,1.0],"evs":[0.0,6.50932]},"T2s":{"weight":0.0,"played":[0.0,1.0],"evs":[0.0,5.17435]},"T3s":{"weight":0.0,"played":[0.0,1.0],"evs":[0.0,5.33815]},"T4s":{"weight":0.0,"played":[0.0,1.0],"evs":[0.0,5.62561]},"T5s":{"weight":0.0,"played":[0.0,1.0],"evs":[0.0,5.67303]},"T6s":{"weight":0.0,"played":[0.0,1.0],"evs":[0.0,6.26619]},"T7s":{"weight":0.0,"played":[0.0,1.0],"evs":[0.0,6.66387]},"T8s":{"weight":0.0,"played":[0.0,1.0],"evs":[0.0,6.91636]},"T9s":{"weight":1.0E-4,"played":[0.0,1.0],"evs":[0.0,7.50187]},"TT":{"weight":0.4584,"played":[0.0,1.0],"evs":[0.0,12.57052]},"JTo":{"weight":0.0,"played":[0.0,1.0],"evs":[0.0,6.8769]},"QTo":{"weight":0.0,"played":[0.0,1.0],"evs":[0.0,6.80979]},"KTo":{"weight":0.0,"played":[0.0,1.0],"evs":[0.0,6.88938]},"ATo":{"weight":0.4891,"played":[0.0,1.0],"evs":[0.0,7.75405]},"J2s":{"weight":0.0,"played":[0.0,1.0],"evs":[0.0,5.3584]},"J3s":{"weight":0.0,"played":[0.0,1.0],"evs":[0.0,5.59763]},"J4s":{"weight":0.0,"played":[0.0,1.0],"evs":[0.0,5.72996]},"J5s":{"weight":0.0,"played":[0.0,1.0],"evs":[0.0,5.99894]},"J6s":{"weight":0.0,"played":[0.0,1.0],"evs":[0.0,6.03718]},"J7s":{"weight":0.0,"played":[0.0,1.0],"evs":[0.0,6.46068]},"J8s":{"weight":0.0,"played":[0.0,1.0],"evs":[0.0,6.85718]},"J9s":{"weight":0.0,"played":[0.0,1.0],"evs":[0.0,7.42261]},"JTs":{"weight":0.0158,"played":[0.0,1.0],"evs":[0.0,7.89445]},"JJ":{"weight":0.5697,"played":[0.0,1.0],"evs":[0.0,14.10556]},"QJo":{"weight":0.0,"played":[0.0,1.0],"evs":[0.0,7.11978]},"KJo":{"weight":2.0E-4,"played":[0.0,1.0],"evs":[0.0,7.30489]},"AJo":{"weight":0.6395,"played":[0.0,1.0],"evs":[0.0,8.58566]},"Q2s":{"weight":0.0,"played":[0.0,1.0],"evs":[0.0,5.68148]},"Q3s":{"weight":0.0,"played":[0.0,1.0],"evs":[0.0,5.7552]},"Q4s":{"weight":0.0,"played":[0.0,1.0],"evs":[0.0,5.96716]},"Q5s":{"weight":0.0,"played":[0.0,1.0],"evs":[0.0,6.43889]},"Q6s":{"weight":0.0,"played":[0.0,1.0],"evs":[0.0,6.39859]},"Q7s":{"weight":0.0,"played":[0.0,1.0],"evs":[0.0,6.4413]},"Q8s":{"weight":0.0,"played":[0.0,1.0],"evs":[0.0,6.73026]},"Q9s":{"weight":0.0,"played":[0.0,1.0],"evs":[0.0,7.25665]},"QTs":{"weight":0.319,"played":[0.0,1.0],"evs":[0.0,7.98689]},"QJs":{"weight":0.5443,"played":[0.0,1.0],"evs":[0.0,8.0279]},"QQ":{"weight":0.5456,"played":[0.0,1.0],"evs":[0.0,15.82177]},"KQo":{"weight":0.5306,"played":[0.0,1.0],"evs":[0.0,7.94932]},"AQo":{"weight":0.5083,"played":[0.0,1.0],"evs":[0.0,9.6993]},"K2s":{"weight":0.0,"played":[0.0,1.0],"evs":[0.0,5.84474]},"K3s":{"weight":0.0,"played":[0.0,1.0],"evs":[0.0,6.01539]},"K4s":{"weight":0.0,"played":[0.0,1.0],"evs":[0.0,6.17042]},"K5s":{"weight":0.0,"played":[0.0,1.0],"evs":[0.0,6.57224]},"K6s":{"weight":0.0,"played":[0.0,1.0],"evs":[0.0,6.63115]},"K7s":{"weight":0.0,"played":[0.0,1.0],"evs":[0.0,6.6899]},"K8s":{"weight":0.0,"played":[0.0,1.0],"evs":[0.0,6.7748]},"K9s":{"weight":1.0E-4,"played":[0.0,1.0],"evs":[0.0,7.34712]},"KTs":{"weight":0.4154,"played":[0.0,1.0],"evs":[0.0,7.80266]},"KJs":{"weight":0.4882,"played":[0.0,1.0],"evs":[0.0,8.4522]},"KQs":{"weight":0.5421,"played":[0.0,1.0],"evs":[0.0,8.99176]},"KK":{"weight":0.5279,"played":[0.0,1.0],"evs":[0.0,18.28723]},"AKo":{"weight":0.5983,"played":[0.0,1.0],"evs":[0.0,11.10332]},"A2s":{"weight":0.0,"played":[0.0,1.0],"evs":[0.0,6.27631]},"A3s":{"weight":0.0,"played":[0.0,1.0],"evs":[0.0,6.51459]},"A4s":{"weight":0.0,"played":[0.0,1.0],"evs":[0.0,6.6642]},"A5s":{"weight":2.0E-4,"played":[0.0,1.0],"evs":[0.0,7.07178]},"A6s":{"weight":0.0,"played":[0.0,1.0],"evs":[0.0,6.83789]},"A7s":{"weight":0.0,"played":[0.0,1.0],"evs":[0.0,7.09143]},"A8s":{"weight":0.4724,"played":[0.0,1.0],"evs":[0.0,7.32552]},"A9s":{"weight":0.4569,"played":[0.0,1.0],"evs":[0.0,7.81274]},"ATs":{"weight":0.6578,"played":[0.0,1.0],"evs":[0.0,8.88739]},"AJs":{"weight":0.6187,"played":[0.0,1.0],"evs":[0.0,9.78231]},"AQs":{"weight":0.7262,"played":[0.0,1.0],"evs":[0.0,10.69801]},"AKs":{"weight":0.5689,"played":[0.0,1.0],"evs":[0.0,12.13409]},"AA":{"weight":0.5586,"played":[0.0,1.0],"evs":[0.0,21.54468]}}}