{"player":5,"street":0,"children":2,"sequence":[{"player":0,"type":"R","amount":955000,"street":0},{"player":1,"type":"C","amount":955000,"street":0},{"player":2,"type":"C","amount":955000,"street":0},{"player":3,"type":"F","amount":0,"street":0},{"player":4,"type":"R","amount":2215000,"street":0}],"actions":[{"type":"F","amount":0,"node":388},{"type":"C","amount":885000,"node":390}],"hands":{"22":{"weight":1.0,"played":[0.641,0.359],"evs":[0.0,-0.02052]},"32o":{"weight":1.0,"played":[0.9999,1.0E-4],"evs":[0.0,-2.45235]},"42o":{"weight":1.0,"played":[0.9993,7.0E-4],"evs":[0.0,-2.10418]},"52o":{"weight":1.0,"played":[1.0,0.0],"evs":[0.0,-1.87419]},"62o":{"weight":1.0,"played":[1.0,0.0],"evs":[0.0,-2.46488]},"72o":{"weight":1.0,"played":[0.9994,6.0E-4],"evs":[0.0,-3.00768]},"82o":{"weight":1.0,"played":[1.0,0.0],"evs":[0.0,-3.25905]},"92o":{"weight":1.0,"played":[0.9994,6.0E-4],"evs":[0.0,-2.97082]},"T2o":{"weight":1.0,"played":[0.9983,0.0017],"evs":[0.0,-3.93844]},"J2o":{"weight":1.0,"played":[0.9985,0.0015],"evs":[0.0,-2.62909]},"Q2o":{"weight":1.0,"played":[1.0,0.0],"evs":[0.0,-2.44008]},"K2o":{"weight":1.0,"played":[1.0,0.0],"evs":[0.0,-3.00154]},"A2o":{"weight":1.0,"played":[0.9997,3.0E-4],"evs":[0.0,-2.3058]},"32s":{"weight":1.0,"played":[0.9301,0.0699],"evs":[0.0,-2.23803]},"33":{"weight":1.0,"played":[0.4559,0.5441],"evs":[0.0,0.1573]},"43o":{"weight":1.0,"played":[0.9996,4.0E-4],"evs":[0.0,-1.28039]},"53o":{"weight":1.0,"played":[0.9508,0.0492],"evs":[0.0,-1.54588]},"63o":{"weight":1.0,"played":[0.996,0.004],"evs":[0.0,-1.77199]},"73o":{"weight":1.0,"played":[0.9993,7.0E-4],"evs":[0.0,-2.66876]},"83o":{"weight":1.0,"played":[1.0,0.0],"evs":[0.0,-2.91071]},"93o":{"weight":1.0,"played":[1.0,0.0],"evs":[0.0,-2.69745]},"T3o":{"weight":1.0,"played":[1.0,0.0],"evs":[0.0,-2.48489]},"J3o":{"weight":1.0,"played":[0.9999,1.0E-4],"evs":[0.0,-2.95477]},"Q3o":{"weight":1.0,"played":[0.9978,0.0022],"evs":[0.0,-3.18501]},"K3o":{"weight":1.0,"played":[0.9998,2.0E-4],"evs":[0.0,-3.44677]},"A3o":{"weight":1.0,"played":[1.0,0.0],"evs":[0.0,-2.46992]},"42s":{"weight":1.0,"played":[0.9346,0.0654],"evs":[0.0,-1.59951]},"43s":{"weight":1.0,"played":[0.9938,0.0062],"evs":[0.0,-0.4284]},"44":{"weight":1.0,"played":[0.898,0.102],"evs":[0.0,-0.54959]},"54o":{"weight":1.0,"played":[0.9767,0.0233],"evs":[0.0,-0.5113]},"64o":{"weight":1.0,"played":[0.9966,0.0034],"evs":[0.0,-1.55832]},"74o":{"weight":1.0,"played":[0.9969,0.0031],"evs":[0.0,-1.34107]},"84o":{"weight":1.0,"played":[0.9764,0.0236],"evs":[0.0,-1.40487]},"94o":{"weight":1.0,"played":[0.9995,5.0E-4],"evs":[0.0,-2.39097]},"T4o":{"weight":1.0,"played":[0.9999,1.0E-4],"evs":[0.0,-3.0137]},"J4o":{"weight":1.0,"played":[0.997,0.003],"evs":[0.0,-3.00495]},"Q4o":{"weight":1.0,"played":[0.9998,2.0E-4],"evs":[0.0,-3.13518]},"K4o":{"weight":1.0,"played":[0.9891,0.0109],"evs":[0.0,-3.48966]},"A4o":{"weight":1.0,"played":[0.9996,4.0E-4],"evs":[0.0,-3.36675]},"52s":{"weight":1.0,"played":[0.8857,0.1143],"evs":[0.0,-0.369]},"53s":{"weight":1.0,"played":[0.9348,0.0652],"evs":[0.0,-0.92864]},"54s":{"weight":1.0,"played":[0.2649,0.7351],"evs":[0.0,0.57324]},"55":{"weight":1.0,"played":[0.0031,0.9969],"evs":[0.0,0.50202]},"65o":{"weight":1.0,"played":[0.8394,0.1606],"evs":[0.0,-0.91435]},"75o":{"weight":1.0,"played":[0.9992,8.0E-4],"evs":[0.0,-1.32498]},"85o":{"weight":1.0,"played":[0.9996,4.0E-4],"evs":[0.0,-1.75209]},"95o":{"weight":1.0,"played":[1.0,0.0],"evs":[0.0,-1.17767]},"T5o":{"weight":1.0,"played":[1.0,0.0],"evs":[0.0,-2.84954]},"J5o":{"weight":1.0,"played":[0.9998,2.0E-4],"evs":[0.0,-3.27962]},"Q5o":{"weight":1.0,"played":[0.9997,3.0E-4],"evs":[0.0,-2.08749]},"K5o":{"weight":1.0,"played":[1.0,0.0],"evs":[0.0,-2.24254]},"A5o":{"weight":1.0,"played":[1.0,0.0],"evs":[0.0,-2.29365]},"62s":{"weight":1.0,"played":[0.8694,0.1306],"evs":[0.0,-1.82277]},"63s":{"weight":1.0,"played":[0.7814,0.2186],"evs":[0.0,-1.19179]},"64s":{"weight":1.0,"played":[0.3754,0.6246],"evs":[0.0,0.00903]},"65s":{"weight":1.0,"played":[0.0446,0.9554],"evs":[0.0,0.34587]},"66":{"weight":1.0,"played":[0.0016,0.9984],"evs":[0.0,0.52493]},"76o":{"weight":1.0,"played":[0.7595,0.2405],"evs":[0.0,0.01657]},"86o":{"weight":1.0,"played":[0.9988,0.0012],"evs":[0.0,-1.01588]},"96o":{"weight":1.0,"played":[0.9958,0.0042],"evs":[0.0,-1.8373]},"T6o":{"weight":1.0,"played":[0.9925,0.0075],"evs":[0.0,-2.8492]},"J6o":{"weight":1.0,"played":[0.9996,4.0E-4],"evs":[0.0,-2.85643]},"Q6o":{"weight":1.0,"played":[0.9997,3.0E-4],"evs":[0.0,-2.32525]},"K6o":{"weight":1.0,"played":[0.9997,3.0E-4],"evs":[0.0,-3.36109]},"A6o":{"weight":1.0,"played":[0.9976,0.0024],"evs":[0.0,-3.07746]},"72s":{"weight":1.0,"played":[1.0,0.0],"evs":[0.0,-1.4756]},"73s":{"weight":1.0,"played":[0.9461,0.0539],"evs":[0.0,-1.84953]},"74s":{"weight":1.0,"played":[0.9076,0.0924],"evs":[0.0,-0.78214]},"75s":{"weight":1.0,"played":[0.6827,0.3173],"evs":[0.0,-0.87968]},"76s":{"weight":1.0,"played":[0.0416,0.9584],"evs":[0.0,0.62525]},"77":{"weight":1.0,"played":[0.0468,0.9532],"evs":[0.0,1.05849]},"87o":{"weight":1.0,"played":[0.9524,0.0476],"evs":[0.0,-1.80955]},"97o":{"weight":1.0,"played":[0.985,0.015],"evs":[0.0,-1.03857]},"T7o":{"weight":1.0,"played":[0.9989,0.0011],"evs":[0.0,-2.67547]},"J7o":{"weight":1.0,"played":[0.9999,1.0E-4],"evs":[0.0,-2.19315]},"Q7o":{"weight":1.0,"played":[0.9997,3.0E-4],"evs":[0.0,-2.80135]},"K7o":{"weight":1.0,"played":[0.9992,8.0E-4],"evs":[0.0,-2.70002]},"A7o":{"weight":1.0,"played":[1.0,0.0],"evs":[0.0,-2.80036]},"82s":{"weight":1.0,"played":[0.9767,0.0233],"evs":[0.0,-2.32292]},"83s":{"weight":1.0,"played":[0.9709,0.0291],"evs":[0.0,-1.28176]},"84s":{"weight":1.0,"played":[0.9999,1.0E-4],"evs":[0.0,-1.37204]},"85s":{"weight":1.0,"played":[0.9956,0.0044],"evs":[0.0,-1.63632]},"86s":{"weight":1.0,"played":[0.7039,0.2961],"evs":[0.0,-0.44982]},"87s":{"weight":1.0,"played":[0.3731,0.6269],"evs":[0.0,0.65403]},"88":{"weight":1.0,"played":[0.0021,0.9979],"evs":[0.0,0.59263]},"98o":{"weight":1.0,"played":[0.9924,0.0076],"evs":[0.0,-1.39576]},"T8o":{"weight":1.0,"played":[0.9949,0.0051],"evs":[0.0,-1.62292]},"J8o":{"weight":1.0,"played":[0.9968,0.0032],"evs":[0.0,-2.15142]},"Q8o":{"weight":1.0,"played":[0.9998,2.0E-4],"evs":[0.0,-2.20415]},"K8o":{"weight":1.0,"played":[0.9999,1.0E-4],"evs":[0.0,-2.66059]},"A8o":{"weight":1.0,"played":[1.0,0.0],"evs":[0.0,-2.52487]},"92s":{"weight":1.0,"played":[0.9581,0.0419],"evs":[0.0,-1.92949]},"93s":{"weight":1.0,"played":[0.987,0.013],"evs":[0.0,-1.11081]},"94s":{"weight":1.0,"played":[0.8621,0.1379],"evs":[0.0,-1.85355]},"95s":{"weight":1.0,"played":[0.0403,0.9597],"evs":[0.0,0.44845]},"96s":{"weight":1.0,"played":[0.9956,0.0044],"evs":[0.0,-0.38624]},"97s":{"weight":1.0,"played":[0.2908,0.7092],"evs":[0.0,0.78165]},"98s":{"weight":1.0,"played":[1.0,0.0],"evs":[0.0,-1.12891]},"99":{"weight":1.0,"played":[8.0E-4,0.9992],"evs":[0.0,2.28161]},"T9o":{"weight":1.0,"played":[0.9967,0.0033],"evs":[0.0,-0.57162]},"J9o":{"weight":1.0,"played":[0.9998,2.0E-4],"evs":[0.0,-2.14728]},"Q9o":{"weight":1.0,"played":[1.0,0.0],"evs":[0.0,-1.49469]},"K9o":{"weight":1.0,"played":[1.0,0.0],"evs":[0.0,-2.69863]},"A9o":{"weight":1.0,"played":[0.9995,5.0E-4],"evs":[0.0,-2.87022]},"T2s":{"weight":1.0,"played":[0.955,0.045],"evs":[0.0,-1.56332]},"T3s":{"weight":1.0,"played":[0.9675,0.0325],"evs":[0.0,-2.49041]},"T4s":{"weight":1.0,"played":[0.9929,0.0071],"evs":[0.0,-1.26142]},"T5s":{"weight":1.0,"played":[0.9983,0.0017],"evs":[0.0,-1.92115]},"T6s":{"weight":1.0,"played":[0.9518,0.0482],"evs":[0.0,-2.25206]},"T7s":{"weight":1.0,"played":[0.9668,0.0332],"evs":[0.0,-0.81022]},"T8s":{"weight":1.0,"played":[0.978,0.022],"evs":[0.0,-0.82737]},"T9s":{"weight":1.0,"played":[0.042,0.958],"evs":[0.0,0.17556]},"TT":{"weight":1.0,"played":[3.0E-4,0.9997],"evs":[0.0,3.11801]},"JTo":{"weight":1.0,"played":[0.9949,0.0051],"evs":[0.0,-1.86388]},"QTo":{"weight":1.0,"played":[0.999,0.001],"evs":[0.0,-1.7007]},"KTo":{"weight":1.0,"played":[0.9991,9.0E-4],"evs":[0.0,-2.08968]},"ATo":{"weight":1.0,"played":[0.9997,3.0E-4],"evs":[0.0,-1.89084]},"J2s":{"weight":1.0,"played":[0.9756,0.0244],"evs":[0.0,-1.55055]},"J3s":{"weight":1.0,"played":[0.9869,0.0131],"evs":[0.0,-1.9368]},"J4s":{"weight":1.0,"played":[0.9652,0.0348],"evs":[0.0,-1.20225]},"J5s":{"weight":1.0,"played":[0.8793,0.1207],"evs":[0.0,0.07404]},"J6s":{"weight":1.0,"played":[0.9992,8.0E-4],"evs":[0.0,-1.77056]},"J7s":{"weight":1.0,"played":[0.9394,0.0606],"evs":[0.0,-1.60627]},"J8s":{"weight":1.0,"played":[0.858,0.142],"evs":[0.0,-1.15138]},"J9s":{"weight":1.0,"played":[0.6352,0.3648],"evs":[0.0,-0.36376]},"JTs":{"weight":1.0,"played":[0.5144,0.4856],"evs":[0.0,-0.66353]},"JJ":{"weight":1.0,"played":[6.0E-4,0.9994],"evs":[0.0,3.86903]},"QJo":{"weight":1.0,"played":[0.9419,0.0581],"evs":[0.0,-1.27665]},"KJo":{"weight":1.0,"played":[0.8627,0.1373],"evs":[0.0,-1.18981]},"AJo":{"weight":1.0,"played":[0.9858,0.0142],"evs":[0.0,-1.63988]},"Q2s":{"weight":1.0,"played":[0.9999,1.0E-4],"evs":[0.0,-2.09247]},"Q3s":{"weight":1.0,"played":[0.9836,0.0164],"evs":[0.0,-1.04912]},"Q4s":{"weight":1.0,"played":[0.6325,0.3675],"evs":[0.0,-0.34365]},"Q5s":{"weight":1.0,"played":[0.9652,0.0348],"evs":[0.0,-1.54534]},"Q6s":{"weight":1.0,"played":[0.771,0.229],"evs":[0.0,-0.59129]},"Q7s":{"weight":1.0,"played":[0.9881,0.0119],"evs":[0.0,-1.23023]},"Q8s":{"weight":1.0,"played":[0.9729,0.0271],"evs":[0.0,-0.98052]},"Q9s":{"weight":1.0,"played":[0.0742,0.9258],"evs":[0.0,0.17753]},"QTs":{"weight":1.0,"played":[0.9656,0.0344],"evs":[0.0,-0.39256]},"QJs":{"weight":1.0,"played":[0.1113,0.8887],"evs":[0.0,0.37836]},"QQ":{"weight":1.0,"played":[0.0,1.0],"evs":[0.0,6.39186]},"KQo":{"weight":1.0,"played":[0.9978,0.0022],"evs":[0.0,-1.43509]},"AQo":{"weight":1.0,"played":[0.1749,0.8251],"evs":[0.0,0.32376]},"K2s":{"weight":1.0,"played":[0.912,0.088],"evs":[0.0,-0.59438]},"K3s":{"weight":1.0,"played":[0.9989,0.0011],"evs":[0.0,-1.3935]},"K4s":{"weight":1.0,"played":[0.8078,0.1922],"evs":[0.0,-0.31934]},"K5s":{"weight":1.0,"played":[0.9959,0.0041],"evs":[0.0,-0.75164]},"K6s":{"weight":1.0,"played":[0.8383,0.1617],"evs":[0.0,-1.4877]},"K7s":{"weight":1.0,"played":[0.9103,0.0897],"evs":[0.0,-1.80347]},"K8s":{"weight":1.0,"played":[0.6768,0.3232],"evs":[0.0,-1.3641]},"K9s":{"weight":1.0,"played":[0.3567,0.6433],"evs":[0.0,-0.27507]},"KTs":{"weight":1.0,"played":[0.7168,0.2832],"evs":[0.0,0.56696]},"KJs":{"weight":1.0,"played":[0.4658,0.5342],"evs":[0.0,0.2986]},"KQs":{"weight":1.0,"played":[0.0304,0.9696],"evs":[0.0,2.17388]},"KK":{"weight":1.0,"played":[0.0,1.0],"evs":[0.0,9.2858]},"AKo":{"weight":1.0,"played":[0.0561,0.9439],"evs":[0.0,0.95134]},"A2s":{"weight":1.0,"played":[0.9907,0.0093],"evs":[0.0,-2.05201]},"A3s":{"weight":1.0,"played":[0.9261,0.0739],"evs":[0.0,-0.3679]},"A4s":{"weight":1.0,"played":[0.9454,0.0546],"evs":[0.0,-1.30295]},"A5s":{"weight":1.0,"played":[0.9921,0.0079],"evs":[0.0,-1.39063]},"A6s":{"weight":1.0,"played":[0.9303,0.0697],"evs":[0.0,-2.89068]},"A7s":{"weight":1.0,"played":[0.0774,0.9226],"evs":[0.0,0.78527]},"A8s":{"weight":1.0,"played":[0.7651,0.2349],"evs":[0.0,-0.94342]},"A9s":{"weight":1.0,"played":[0.9502,0.0498],"evs":[0.0,-0.88247]},"ATs":{"weight":1.0,"played":[0.812,0.188],"evs":[0.0,-0.05292]},"AJs":{"weight":1.0,"played":[0.0533,0.9467],"evs":[0.0,0.42212]},"AQs":{"weight":1.0,"played":[0.0056,0.9944],"evs":[0.0,2.90823]},"AKs":{"weight":1.0,"played":[0.0164,0.9836],"evs":[0.0,1.97117]},"AA":{"weight":1.0,"played":[2.0E-4,0.9998],"evs":[0.0,15.14935]}}}