{"player":1,"street":0,"children":2,"sequence":[{"player":0,"type":"R","amount":955000,"street":0},{"player":1,"type":"C","amount":955000,"street":0},{"player":2,"type":"C","amount":955000,"street":0},{"player":3,"type":"R","amount":2985000,"street":0},{"player":4,"type":"C","amount":2935000,"street":0},{"player":5,"type":"F","amount":0,"street":0}],"actions":[{"type":"F","amount":0},{"type":"C","amount":310000,"node":400}],"hands":{"22":{"weight":0.0,"played":[0.0011,0.9989],"evs":[0.0,6.01507]},"32o":{"weight":0.0,"played":[0.0,1.0],"evs":[0.0,3.94585]},"42o":{"weight":0.0,"played":[9.0E-4,0.9991],"evs":[0.0,3.70451]},"52o":{"weight":0.0,"played":[4.0E-4,0.9996],"evs":[0.0,3.39436]},"62o":{"weight":0.0,"played":[0.0,1.0],"evs":[0.0,3.51197]},"72o":{"weight":0.0,"played":[2.0E-4,0.9998],"evs":[0.0,2.46277]},"82o":{"weight":0.0,"played":[0.0,1.0],"evs":[0.0,3.16803]},"92o":{"weight":0.0,"played":[0.0,1.0],"evs":[0.0,2.73936]},"T2o":{"weight":0.0,"played":[1.0E-4,0.9999],"evs":[0.0,3.29001]},"J2o":{"weight":0.0,"played":[0.0,1.0],"evs":[0.0,3.50544]},"Q2o":{"weight":0.0,"played":[0.0,1.0],"evs":[0.0,3.38352]},"K2o":{"weight":0.0,"played":[1.0E-4,0.9999],"evs":[0.0,3.07532]},"A2o":{"weight":0.0,"played":[3.0E-4,0.9997],"evs":[0.0,3.3134]},"32s":{"weight":0.0,"played":[0.0022,0.9978],"evs":[0.0,4.05199]},"33":{"weight":0.0,"played":[2.0E-4,0.9998],"evs":[0.0,7.028]},"43o":{"weight":0.0,"played":[2.0E-4,0.9998],"evs":[0.0,4.35081]},"53o":{"weight":0.0,"played":[0.0,1.0],"evs":[0.0,5.19496]},"63o":{"weight":0.0,"played":[0.0,1.0],"evs":[0.0,3.99885]},"73o":{"weight":0.0,"played":[3.0E-4,0.9997],"evs":[0.0,3.10267]},"83o":{"weight":0.0,"played":[8.0E-4,0.9992],"evs":[0.0,3.05098]},"93o":{"weight":0.0,"played":[0.001,0.999],"evs":[0.0,2.92418]},"T3o":{"weight":0.0,"played":[3.0E-4,0.9997],"evs":[0.0,2.26631]},"J3o":{"weight":0.0,"played":[3.0E-4,0.9997],"evs":[0.0,2.97381]},"Q3o":{"weight":0.0,"played":[0.0,1.0],"evs":[0.0,2.61339]},"K3o":{"weight":0.0,"played":[0.0,1.0],"evs":[0.0,3.4041]},"A3o":{"weight":0.0,"played":[0.0,1.0],"evs":[0.0,3.83566]},"42s":{"weight":0.0,"played":[0.0099,0.9901],"evs":[0.0,4.94175]},"43s":{"weight":0.0,"played":[9.0E-4,0.9991],"evs":[0.0,4.50597]},"44":{"weight":0.0011,"played":[1.0E-4,0.9999],"evs":[0.0,6.72274]},"54o":{"weight":0.0,"played":[1.0E-4,0.9999],"evs":[0.0,5.73258]},"64o":{"weight":0.0,"played":[3.0E-4,0.9997],"evs":[0.0,5.54178]},"74o":{"weight":0.0,"played":[5.0E-4,0.9995],"evs":[0.0,4.22796]},"84o":{"weight":0.0,"played":[1.0E-4,0.9999],"evs":[0.0,3.55755]},"94o":{"weight":0.0,"played":[7.0E-4,0.9993],"evs":[0.0,3.08351]},"T4o":{"weight":0.0,"played":[1.0E-4,0.9999],"evs":[0.0,2.97636]},"J4o":{"weight":0.0,"played":[1.0E-4,0.9999],"evs":[0.0,3.43489]},"Q4o":{"weight":0.0,"played":[1.0E-4,0.9999],"evs":[0.0,3.87651]},"K4o":{"weight":0.0,"played":[0.0,1.0],"evs":[0.0,3.98561]},"A4o":{"weight":0.0,"played":[0.0,1.0],"evs":[0.0,4.26175]},"52s":{"weight":0.0,"played":[5.0E-4,0.9995],"evs":[0.0,6.21772]},"53s":{"weight":0.0,"played":[0.0023,0.9977],"evs":[0.0,5.18308]},"54s":{"weight":0.0,"played":[0.0016,0.9984],"evs":[0.0,5.28126]},"55":{"weight":0.4004,"played":[0.0,1.0],"evs":[0.0,6.76814]},"65o":{"weight":0.0,"played":[2.0E-4,0.9998],"evs":[0.0,5.98059]},"75o":{"weight":0.0,"played":[0.0,1.0],"evs":[0.0,5.28774]},"85o":{"weight":0.0,"played":[0.0,1.0],"evs":[0.0,4.32032]},"95o":{"weight":0.0,"played":[0.0,1.0],"evs":[0.0,4.12327]},"T5o":{"weight":0.0,"played":[0.0,1.0],"evs":[0.0,3.37769]},"J5o":{"weight":0.0,"played":[0.0,1.0],"evs":[0.0,3.11071]},"Q5o":{"weight":0.0,"played":[0.0,1.0],"evs":[0.0,3.17213]},"K5o":{"weight":0.0,"played":[0.0,1.0],"evs":[0.0,3.95918]},"A5o":{"weight":0.0,"played":[0.0,1.0],"evs":[0.0,3.76897]},"62s":{"weight":0.0,"played":[0.0038,0.9962],"evs":[0.0,4.43536]},"63s":{"weight":0.0,"played":[7.0E-4,0.9993],"evs":[0.0,5.95568]},"64s":{"weight":0.0,"played":[0.0,1.0],"evs":[0.0,6.56166]},"65s":{"weight":0.0,"played":[5.0E-4,0.9995],"evs":[0.0,6.98041]},"66":{"weight":0.3918,"played":[0.0,1.0],"evs":[0.0,7.99322]},"76o":{"weight":0.0,"played":[0.0,1.0],"evs":[0.0,4.98627]},"86o":{"weight":0.0,"played":[0.0,1.0],"evs":[0.0,4.66806]},"96o":{"weight":0.0,"played":[4.0E-4,0.9996],"evs":[0.0,4.49468]},"T6o":{"weight":0.0,"played":[0.0,1.0],"evs":[0.0,3.91518]},"J6o":{"weight":0.0,"played":[3.0E-4,0.9997],"evs":[0.0,4.12529]},"Q6o":{"weight":0.0,"played":[0.0,1.0],"evs":[0.0,3.6405]},"K6o":{"weight":0.0,"played":[0.0,1.0],"evs":[0.0,3.7461]},"A6o":{"weight":0.0,"played":[0.0,1.0],"evs":[0.0,3.26007]},"72s":{"weight":0.0,"played":[2.0E-4,0.9998],"evs":[0.0,4.76623]},"73s":{"weight":0.0,"played":[3.0E-4,0.9997],"evs":[0.0,4.3625]},"74s":{"weight":0.0,"played":[0.0,1.0],"evs":[0.0,6.15874]},"75s":{"weight":0.0,"played":[0.0,1.0],"evs":[0.0,5.79221]},"76s":{"weight":0.0,"played":[1.0E-4,0.9999],"evs":[0.0,8.54369]},"77":{"weight":0.2788,"played":[0.0,1.0],"evs":[0.0,7.41945]},"87o":{"weight":0.0,"played":[0.0,1.0],"evs":[0.0,5.14105]},"97o":{"weight":0.0,"played":[7.0E-4,0.9993],"evs":[0.0,5.13]},"T7o":{"weight":0.0,"played":[3.0E-4,0.9997],"evs":[0.0,3.96826]},"J7o":{"weight":0.0,"played":[0.0,1.0],"evs":[0.0,3.76867]},"Q7o":{"weight":0.0,"played":[0.0,1.0],"evs":[0.0,4.48322]},"K7o":{"weight":0.0,"played":[0.0,1.0],"evs":[0.0,3.67305]},"A7o":{"weight":0.0,"played":[1.0E-4,0.9999],"evs":[0.0,4.22836]},"82s":{"weight":0.0,"played":[2.0E-4,0.9998],"evs":[0.0,4.38216]},"83s":{"weight":0.0,"played":[3.0E-4,0.9997],"evs":[0.0,3.46844]},"84s":{"weight":0.0,"played":[1.0E-4,0.9999],"evs":[0.0,5.52206]},"85s":{"weight":0.0,"played":[5.0E-4,0.9995],"evs":[0.0,4.92334]},"86s":{"weight":0.0,"played":[0.0039,0.9961],"evs":[0.0,7.13722]},"87s":{"weight":0.0,"played":[1.0E-4,0.9999],"evs":[0.0,6.76969]},"88":{"weight":0.3658,"played":[0.0,1.0],"evs":[0.0,8.50523]},"98o":{"weight":0.0,"played":[0.0,1.0],"evs":[0.0,5.76911]},"T8o":{"weight":0.0,"played":[1.0E-4,0.9999],"evs":[0.0,4.52026]},"J8o":{"weight":0.0,"played":[1.0E-4,0.9999],"evs":[0.0,5.18054]},"Q8o":{"weight":0.0,"played":[1.0E-4,0.9999],"evs":[0.0,4.4636]},"K8o":{"weight":0.0,"played":[0.0,1.0],"evs":[0.0,3.87283]},"A8o":{"weight":0.0,"played":[0.0,1.0],"evs":[0.0,4.91029]},"92s":{"weight":0.0,"played":[0.0047,0.9953],"evs":[0.0,3.71079]},"93s":{"weight":0.0,"played":[5.0E-4,0.9995],"evs":[0.0,4.67971]},"94s":{"weight":0.0,"played":[0.003,0.997],"evs":[0.0,4.81471]},"95s":{"weight":0.0,"played":[0.001,0.999],"evs":[0.0,5.96222]},"96s":{"weight":0.0,"played":[8.0E-4,0.9992],"evs":[0.0,6.96232]},"97s":{"weight":0.0,"played":[3.0E-4,0.9997],"evs":[0.0,6.28381]},"98s":{"weight":0.0,"played":[0.0014,0.9986],"evs":[0.0,6.58484]},"99":{"weight":0.3736,"played":[0.0,1.0],"evs":[0.0,8.56531]},"T9o":{"weight":0.0,"played":[1.0E-4,0.9999],"evs":[0.0,5.78044]},"J9o":{"weight":0.0,"played":[0.0,1.0],"evs":[0.0,4.91358]},"Q9o":{"weight":0.0,"played":[0.0,1.0],"evs":[0.0,5.46196]},"K9o":{"weight":0.0,"played":[0.0,1.0],"evs":[0.0,4.06002]},"A9o":{"weight":0.0,"played":[0.0,1.0],"evs":[0.0,4.20161]},"T2s":{"weight":0.0,"played":[2.0E-4,0.9998],"evs":[0.0,5.19775]},"T3s":{"weight":0.0,"played":[0.001,0.999],"evs":[0.0,4.79658]},"T4s":{"weight":0.0,"played":[1.0E-4,0.9999],"evs":[0.0,5.06638]},"T5s":{"weight":0.0,"played":[4.0E-4,0.9996],"evs":[0.0,4.22499]},"T6s":{"weight":0.0,"played":[2.0E-4,0.9998],"evs":[0.0,4.00752]},"T7s":{"weight":0.0,"played":[1.0E-4,0.9999],"evs":[0.0,6.35695]},"T8s":{"weight":0.0,"played":[0.0,1.0],"evs":[0.0,6.4012]},"T9s":{"weight":1.0E-4,"played":[0.0,1.0],"evs":[0.0,7.04762]},"TT":{"weight":0.4584,"played":[0.0,1.0],"evs":[0.0,10.6824]},"JTo":{"weight":0.0,"played":[0.0,1.0],"evs":[0.0,5.63152]},"QTo":{"weight":0.0,"played":[0.0,1.0],"evs":[0.0,6.07509]},"KTo":{"weight":0.0,"played":[0.0,1.0],"evs":[0.0,4.45832]},"ATo":{"weight":0.4891,"played":[0.0,1.0],"evs":[0.0,4.85179]},"J2s":{"weight":0.0,"played":[2.0E-4,0.9998],"evs":[0.0,3.17645]},"J3s":{"weight":0.0,"played":[3.0E-4,0.9997],"evs":[0.0,5.91409]},"J4s":{"weight":0.0,"played":[0.0024,0.9976],"evs":[0.0,3.62173]},"J5s":{"weight":0.0,"played":[0.0,1.0],"evs":[0.0,6.66073]},"J6s":{"weight":0.0,"played":[0.0049,0.9951],"evs":[0.0,4.58219]},"J7s":{"weight":0.0,"played":[0.0,1.0],"evs":[0.0,6.21709]},"J8s":{"weight":0.0,"played":[8.0E-4,0.9992],"evs":[0.0,6.08366]},"J9s":{"weight":0.0,"played":[0.0,1.0],"evs":[0.0,7.53413]},"JTs":{"weight":0.0158,"played":[0.0,1.0],"evs":[0.0,7.67112]},"JJ":{"weight":0.5697,"played":[0.0,1.0],"evs":[0.0,12.32519]},"QJo":{"weight":0.0,"played":[0.0,1.0],"evs":[0.0,5.51568]},"KJo":{"weight":2.0E-4,"played":[0.0,1.0],"evs":[0.0,5.8677]},"AJo":{"weight":0.6395,"played":[0.0,1.0],"evs":[0.0,5.82561]},"Q2s":{"weight":0.0,"played":[0.0,1.0],"evs":[0.0,4.87578]},"Q3s":{"weight":0.0,"played":[7.0E-4,0.9993],"evs":[0.0,6.4141]},"Q4s":{"weight":0.0,"played":[0.0,1.0],"evs":[0.0,4.77987]},"Q5s":{"weight":0.0,"played":[0.0,1.0],"evs":[0.0,6.16537]},"Q6s":{"weight":0.0,"played":[2.0E-4,0.9998],"evs":[0.0,4.6883]},"Q7s":{"weight":0.0,"played":[7.0E-4,0.9993],"evs":[0.0,6.14119]},"Q8s":{"weight":0.0,"played":[1.0E-4,0.9999],"evs":[0.0,6.43953]},"Q9s":{"weight":0.0,"played":[3.0E-4,0.9997],"evs":[0.0,5.7056]},"QTs":{"weight":0.319,"played":[0.0,1.0],"evs":[0.0,8.07867]},"QJs":{"weight":0.5443,"played":[1.0E-4,0.9999],"evs":[0.0,7.06655]},"QQ":{"weight":0.5456,"played":[0.0,1.0],"evs":[0.0,16.70124]},"KQo":{"weight":0.5306,"played":[0.0,1.0],"evs":[0.0,7.39441]},"AQo":{"weight":0.5083,"played":[0.0,1.0],"evs":[0.0,7.05433]},"K2s":{"weight":0.0,"played":[2.0E-4,0.9998],"evs":[0.0,4.86647]},"K3s":{"weight":0.0,"played":[3.0E-4,0.9997],"evs":[0.0,4.38988]},"K4s":{"weight":0.0,"played":[1.0E-4,0.9999],"evs":[0.0,3.52149]},"K5s":{"weight":0.0,"played":[0.0,1.0],"evs":[0.0,5.2462]},"K6s":{"weight":0.0,"played":[0.0,1.0],"evs":[0.0,5.84302]},"K7s":{"weight":0.0,"played":[1.0E-4,0.9999],"evs":[0.0,4.94932]},"K8s":{"weight":0.0,"played":[0.0,1.0],"evs":[0.0,5.91495]},"K9s":{"weight":1.0E-4,"played":[0.0016,0.9984],"evs":[0.0,4.74526]},"KTs":{"weight":0.4154,"played":[4.0E-4,0.9996],"evs":[0.0,7.53531]},"KJs":{"weight":0.4882,"played":[2.0E-4,0.9998],"evs":[0.0,8.2809]},"KQs":{"weight":0.5421,"played":[0.0,1.0],"evs":[0.0,9.85174]},"KK":{"weight":0.5279,"played":[0.0,1.0],"evs":[0.0,18.58253]},"AKo":{"weight":0.5983,"played":[0.0,1.0],"evs":[0.0,8.25332]},"A2s":{"weight":0.0,"played":[0.0011,0.9989],"evs":[0.0,6.39582]},"A3s":{"weight":0.0,"played":[0.001,0.999],"evs":[0.0,4.98786]},"A4s":{"weight":0.0,"played":[3.0E-4,0.9997],"evs":[0.0,6.3789]},"A5s":{"weight":2.0E-4,"played":[3.0E-4,0.9997],"evs":[0.0,4.88664]},"A6s":{"weight":0.0,"played":[7.0E-4,0.9993],"evs":[0.0,5.10821]},"A7s":{"weight":0.0,"played":[5.0E-4,0.9995],"evs":[0.0,4.90228]},"A8s":{"weight":0.4724,"played":[0.0,1.0],"evs":[0.0,7.93275]},"A9s":{"weight":0.4569,"played":[8.0E-4,0.9992],"evs":[0.0,6.73978]},"ATs":{"weight":0.6578,"played":[0.0,1.0],"evs":[0.0,7.97365]},"AJs":{"weight":0.6187,"played":[0.0,1.0],"evs":[0.0,8.1004]},"AQs":{"weight":0.7262,"played":[0.0,1.0],"evs":[0.0,8.61719]},"AKs":{"weight":0.5689,"played":[0.0,1.0],"evs":[0.0,9.59166]},"AA":{"weight":0.5586,"played":[0.0,1.0],"evs":[0.0,25.75885]}}}