{"player":2,"street":0,"children":2,"sequence":[{"player":0,"type":"R","amount":955000,"street":0},{"player":1,"type":"C","amount":955000,"street":0},{"player":2,"type":"C","amount":955000,"street":0},{"player":3,"type":"R","amount":2985000,"street":0},{"player":4,"type":"C","amount":2935000,"street":0},{"player":5,"type":"F","amount":0,"street":0},{"player":1,"type":"C","amount":310000,"street":0}],"actions":[{"type":"F","amount":0},{"type":"C","amount":1260000}],"hands":{"22":{"weight":0.1378,"played":[0.0031,0.9969],"evs":[0.0,3.1935]},"32o":{"weight":0.0,"played":[0.9195,0.0805],"evs":[0.0,-0.42903]},"42o":{"weight":0.0,"played":[0.0113,0.9887],"evs":[0.0,1.01886]},"52o":{"weight":0.0,"played":[0.002,0.998],"evs":[0.0,1.39073]},"62o":{"weight":0.0,"played":[0.3958,0.6042],"evs":[0.0,0.13115]},"72o":{"weight":0.0,"played":[0.7311,0.2689],"evs":[0.0,-1.15615]},"82o":{"weight":0.0,"played":[0.8737,0.1263],"evs":[0.0,-0.98926]},"92o":{"weight":0.0,"played":[0.3889,0.6111],"evs":[0.0,-0.55511]},"T2o":{"weight":0.0,"played":[0.4115,0.5885],"evs":[0.0,-0.35807]},"J2o":{"weight":0.0,"played":[0.0035,0.9965],"evs":[0.0,1.04308]},"Q2o":{"weight":0.0,"played":[0.0616,0.9384],"evs":[0.0,-0.24979]},"K2o":{"weight":0.0,"played":[0.0894,0.9106],"evs":[0.0,0.67436]},"A2o":{"weight":0.0,"played":[0.4514,0.5486],"evs":[0.0,0.6201]},"32s":{"weight":0.0,"played":[4.0E-4,0.9996],"evs":[0.0,4.95593]},"33":{"weight":0.2205,"played":[0.0,1.0],"evs":[0.0,4.29305]},"43o":{"weight":0.0,"played":[0.0292,0.9708],"evs":[0.0,1.39677]},"53o":{"weight":0.0,"played":[0.0019,0.9981],"evs":[0.0,0.48258]},"63o":{"weight":0.0,"played":[3.0E-4,0.9997],"evs":[0.0,2.22452]},"73o":{"weight":0.0,"played":[0.0182,0.9818],"evs":[0.0,0.96423]},"83o":{"weight":0.0,"played":[0.7771,0.2229],"evs":[0.0,-0.04889]},"93o":{"weight":0.0,"played":[0.5123,0.4877],"evs":[0.0,-0.88779]},"T3o":{"weight":0.0,"played":[0.642,0.358],"evs":[0.0,-0.98061]},"J3o":{"weight":0.0,"played":[0.8973,0.1027],"evs":[0.0,-0.69634]},"Q3o":{"weight":0.0,"played":[0.7781,0.2219],"evs":[0.0,0.29149]},"K3o":{"weight":0.0,"played":[0.2084,0.7916],"evs":[0.0,-0.12423]},"A3o":{"weight":0.0,"played":[0.0036,0.9964],"evs":[0.0,1.1136]},"42s":{"weight":0.0,"played":[0.007,0.993],"evs":[0.0,4.23358]},"43s":{"weight":0.0,"played":[0.0268,0.9732],"evs":[0.0,4.3018]},"44":{"weight":0.5675,"played":[1.0E-4,0.9999],"evs":[0.0,5.10257]},"54o":{"weight":0.0,"played":[2.0E-4,0.9998],"evs":[0.0,2.91971]},"64o":{"weight":0.0,"played":[7.0E-4,0.9993],"evs":[0.0,2.36203]},"74o":{"weight":0.0,"played":[0.0306,0.9694],"evs":[0.0,1.33435]},"84o":{"weight":0.0,"played":[1.0E-4,0.9999],"evs":[0.0,1.45724]},"94o":{"weight":0.0,"played":[0.0626,0.9374],"evs":[0.0,-0.26984]},"T4o":{"weight":0.0,"played":[0.1234,0.8766],"evs":[0.0,0.98037]},"J4o":{"weight":0.0,"played":[0.032,0.968],"evs":[0.0,0.09187]},"Q4o":{"weight":0.0,"played":[0.8715,0.1285],"evs":[0.0,-0.97489]},"K4o":{"weight":0.0,"played":[4.0E-4,0.9996],"evs":[0.0,1.64398]},"A4o":{"weight":0.0,"played":[0.0,1.0],"evs":[0.0,1.14056]},"52s":{"weight":0.0,"played":[0.0014,0.9986],"evs":[0.0,6.64819]},"53s":{"weight":0.0,"played":[3.0E-4,0.9997],"evs":[0.0,5.5864]},"54s":{"weight":0.0,"played":[0.003,0.997],"evs":[0.0,5.78081]},"55":{"weight":0.0077,"played":[4.0E-4,0.9996],"evs":[0.0,7.64351]},"65o":{"weight":0.0,"played":[4.0E-4,0.9996],"evs":[0.0,2.93434]},"75o":{"weight":0.0,"played":[1.0E-4,0.9999],"evs":[0.0,2.26645]},"85o":{"weight":0.0,"played":[0.0107,0.9893],"evs":[0.0,1.83508]},"95o":{"weight":0.0,"played":[0.0722,0.9278],"evs":[0.0,0.82125]},"T5o":{"weight":0.0,"played":[0.0015,0.9985],"evs":[0.0,0.7424]},"J5o":{"weight":0.0,"played":[2.0E-4,0.9998],"evs":[0.0,0.13667]},"Q5o":{"weight":0.0,"played":[0.0866,0.9134],"evs":[0.0,1.91909]},"K5o":{"weight":0.0,"played":[0.0023,0.9977],"evs":[0.0,2.31709]},"A5o":{"weight":0.0,"played":[0.0015,0.9985],"evs":[0.0,1.0029]},"62s":{"weight":0.0,"played":[0.012,0.988],"evs":[0.0,5.32533]},"63s":{"weight":0.0,"played":[0.0159,0.9841],"evs":[0.0,5.57015]},"64s":{"weight":0.0,"played":[0.0112,0.9888],"evs":[0.0,4.80166]},"65s":{"weight":0.4594,"played":[2.0E-4,0.9998],"evs":[0.0,6.87147]},"66":{"weight":0.4386,"played":[0.0,1.0],"evs":[0.0,8.11828]},"76o":{"weight":0.0,"played":[1.0E-4,0.9999],"evs":[0.0,4.49513]},"86o":{"weight":0.0,"played":[1.0E-4,0.9999],"evs":[0.0,2.17]},"96o":{"weight":0.0,"played":[2.0E-4,0.9998],"evs":[0.0,2.08148]},"T6o":{"weight":0.0,"played":[7.0E-4,0.9993],"evs":[0.0,1.22044]},"J6o":{"weight":0.0,"played":[0.1738,0.8262],"evs":[0.0,0.48426]},"Q6o":{"weight":0.0,"played":[0.0515,0.9485],"evs":[0.0,0.16766]},"K6o":{"weight":0.0,"played":[0.0169,0.9831],"evs":[0.0,0.88834]},"A6o":{"weight":0.0,"played":[0.0474,0.9526],"evs":[0.0,0.38108]},"72s":{"weight":0.0,"played":[0.5136,0.4864],"evs":[0.0,1.91828]},"73s":{"weight":0.0,"played":[0.0025,0.9975],"evs":[0.0,2.74971]},"74s":{"weight":0.0,"played":[0.0036,0.9964],"evs":[0.0,6.68525]},"75s":{"weight":3.0E-4,"played":[1.0E-4,0.9999],"evs":[0.0,5.65615]},"76s":{"weight":0.5515,"played":[8.0E-4,0.9992],"evs":[0.0,4.72146]},"77":{"weight":0.6672,"played":[0.0,1.0],"evs":[0.0,8.5542]},"87o":{"weight":0.0,"played":[1.0E-4,0.9999],"evs":[0.0,3.33884]},"97o":{"weight":0.0,"played":[1.0E-4,0.9999],"evs":[0.0,2.40378]},"T7o":{"weight":0.0,"played":[0.0024,0.9976],"evs":[0.0,1.62216]},"J7o":{"weight":0.0,"played":[1.0E-4,0.9999],"evs":[0.0,3.25004]},"Q7o":{"weight":0.0,"played":[0.001,0.999],"evs":[0.0,1.16991]},"K7o":{"weight":0.0,"played":[0.0046,0.9954],"evs":[0.0,2.60892]},"A7o":{"weight":0.0,"played":[0.0,1.0],"evs":[0.0,2.54585]},"82s":{"weight":0.0,"played":[0.0914,0.9086],"evs":[0.0,2.32192]},"83s":{"weight":0.0,"played":[0.004,0.996],"evs":[0.0,1.32484]},"84s":{"weight":0.0,"played":[2.0E-4,0.9998],"evs":[0.0,4.10177]},"85s":{"weight":0.0,"played":[4.0E-4,0.9996],"evs":[0.0,3.52882]},"86s":{"weight":0.033,"played":[0.0286,0.9714],"evs":[0.0,7.31732]},"87s":{"weight":0.2836,"played":[0.0,1.0],"evs":[0.0,6.92561]},"88":{"weight":0.3462,"played":[0.0,1.0],"evs":[0.0,11.97966]},"98o":{"weight":0.0,"played":[0.0,1.0],"evs":[0.0,4.25395]},"T8o":{"weight":0.0,"played":[1.0E-4,0.9999],"evs":[0.0,2.10135]},"J8o":{"weight":0.0,"played":[4.0E-4,0.9996],"evs":[0.0,2.15494]},"Q8o":{"weight":0.0,"played":[9.0E-4,0.9991],"evs":[0.0,2.96309]},"K8o":{"weight":0.0,"played":[0.0,1.0],"evs":[0.0,1.43553]},"A8o":{"weight":2.0E-4,"played":[1.0E-4,0.9999],"evs":[0.0,2.13547]},"92s":{"weight":0.0,"played":[1.0E-4,0.9999],"evs":[0.0,3.52383]},"93s":{"weight":0.0,"played":[0.2426,0.7574],"evs":[0.0,2.35919]},"94s":{"weight":0.0,"played":[1.0E-4,0.9999],"evs":[0.0,4.08077]},"95s":{"weight":0.0,"played":[0.0338,0.9662],"evs":[0.0,4.84131]},"96s":{"weight":3.0E-4,"played":[7.0E-4,0.9993],"evs":[0.0,6.85579]},"97s":{"weight":0.204,"played":[1.0E-4,0.9999],"evs":[0.0,4.45724]},"98s":{"weight":0.377,"played":[0.0013,0.9987],"evs":[0.0,5.74148]},"99":{"weight":0.3939,"played":[1.0E-4,0.9999],"evs":[0.0,11.9152]},"T9o":{"weight":0.0,"played":[0.0,1.0],"evs":[0.0,5.01086]},"J9o":{"weight":0.0,"played":[2.0E-4,0.9998],"evs":[0.0,1.44724]},"Q9o":{"weight":0.0,"played":[4.0E-4,0.9996],"evs":[0.0,3.52351]},"K9o":{"weight":0.0,"played":[0.006,0.994],"evs":[0.0,2.3492]},"A9o":{"weight":0.0,"played":[2.0E-4,0.9998],"evs":[0.0,2.4618]},"T2s":{"weight":0.0,"played":[3.0E-4,0.9997],"evs":[0.0,2.09946]},"T3s":{"weight":0.0,"played":[9.0E-4,0.9991],"evs":[0.0,2.44369]},"T4s":{"weight":0.0,"played":[0.0078,0.9922],"evs":[0.0,4.40088]},"T5s":{"weight":0.0,"played":[0.503,0.497],"evs":[0.0,-0.30687]},"T6s":{"weight":0.0,"played":[0.0079,0.9921],"evs":[0.0,3.70938]},"T7s":{"weight":0.0,"played":[0.0038,0.9962],"evs":[0.0,2.94604]},"T8s":{"weight":0.4172,"played":[0.0,1.0],"evs":[0.0,4.89378]},"T9s":{"weight":0.1861,"played":[5.0E-4,0.9995],"evs":[0.0,9.01383]},"TT":{"weight":0.047,"played":[0.0,1.0],"evs":[0.0,13.54116]},"JTo":{"weight":2.0E-4,"played":[7.0E-4,0.9993],"evs":[0.0,5.01714]},"QTo":{"weight":4.0E-4,"played":[0.0,1.0],"evs":[0.0,3.56221]},"KTo":{"weight":0.0011,"played":[0.0,1.0],"evs":[0.0,3.70208]},"ATo":{"weight":0.1652,"played":[0.0,1.0],"evs":[0.0,4.67672]},"J2s":{"weight":0.0,"played":[4.0E-4,0.9996],"evs":[0.0,4.67915]},"J3s":{"weight":0.0,"played":[0.1162,0.8838],"evs":[0.0,2.73792]},"J4s":{"weight":0.0,"played":[0.0032,0.9968],"evs":[0.0,4.02693]},"J5s":{"weight":0.0,"played":[0.0024,0.9976],"evs":[0.0,3.29188]},"J6s":{"weight":0.0,"played":[0.0484,0.9516],"evs":[0.0,6.99873]},"J7s":{"weight":1.0E-4,"played":[0.0032,0.9968],"evs":[0.0,4.15155]},"J8s":{"weight":0.0146,"played":[4.0E-4,0.9996],"evs":[0.0,2.25249]},"J9s":{"weight":0.6551,"played":[0.001,0.999],"evs":[0.0,7.39174]},"JTs":{"weight":0.714,"played":[0.0021,0.9979],"evs":[0.0,8.76227]},"JJ":{"weight":0.1417,"played":[1.0E-4,0.9999],"evs":[0.0,17.44085]},"QJo":{"weight":0.0074,"played":[0.0,1.0],"evs":[0.0,4.00279]},"KJo":{"weight":0.1155,"played":[4.0E-4,0.9996],"evs":[0.0,7.53216]},"AJo":{"weight":0.1622,"played":[0.0,1.0],"evs":[0.0,5.66834]},"Q2s":{"weight":0.0,"played":[0.0049,0.9951],"evs":[0.0,5.62409]},"Q3s":{"weight":0.0,"played":[0.0519,0.9481],"evs":[0.0,1.9645]},"Q4s":{"weight":1.0E-4,"played":[0.0551,0.9449],"evs":[0.0,3.91202]},"Q5s":{"weight":0.0,"played":[0.012,0.988],"evs":[0.0,2.57203]},"Q6s":{"weight":0.0,"played":[0.0053,0.9947],"evs":[0.0,5.06095]},"Q7s":{"weight":0.0,"played":[0.0016,0.9984],"evs":[0.0,4.98917]},"Q8s":{"weight":0.0,"played":[0.0025,0.9975],"evs":[0.0,4.46641]},"Q9s":{"weight":0.5461,"played":[3.0E-4,0.9997],"evs":[0.0,4.6447]},"QTs":{"weight":0.1327,"played":[6.0E-4,0.9994],"evs":[0.0,6.27099]},"QJs":{"weight":0.7948,"played":[2.0E-4,0.9998],"evs":[0.0,5.92642]},"QQ":{"weight":0.6144,"played":[0.0,1.0],"evs":[0.0,17.16164]},"KQo":{"weight":0.0263,"played":[0.0,1.0],"evs":[0.0,4.81238]},"AQo":{"weight":0.0713,"played":[0.0,1.0],"evs":[0.0,5.80919]},"K2s":{"weight":1.0E-4,"played":[2.0E-4,0.9998],"evs":[0.0,2.68052]},"K3s":{"weight":0.0,"played":[4.0E-4,0.9996],"evs":[0.0,5.55583]},"K4s":{"weight":0.0,"played":[0.0,1.0],"evs":[0.0,2.12432]},"K5s":{"weight":0.0,"played":[2.0E-4,0.9998],"evs":[0.0,5.62942]},"K6s":{"weight":0.0189,"played":[0.0132,0.9868],"evs":[0.0,7.02141]},"K7s":{"weight":0.0232,"played":[0.0,1.0],"evs":[0.0,3.94733]},"K8s":{"weight":0.0124,"played":[0.0014,0.9986],"evs":[0.0,4.04135]},"K9s":{"weight":0.567,"played":[1.0E-4,0.9999],"evs":[0.0,4.47896]},"KTs":{"weight":0.8367,"played":[3.0E-4,0.9997],"evs":[0.0,5.11839]},"KJs":{"weight":0.5534,"played":[0.0,1.0],"evs":[0.0,7.1267]},"KQs":{"weight":0.0506,"played":[2.0E-4,0.9998],"evs":[0.0,7.25594]},"KK":{"weight":0.7812,"played":[0.0,1.0],"evs":[0.0,29.41488]},"AKo":{"weight":0.6365,"played":[2.0E-4,0.9998],"evs":[0.0,8.72394]},"A2s":{"weight":3.0E-4,"played":[0.0059,0.9941],"evs":[0.0,4.40463]},"A3s":{"weight":2.0E-4,"played":[4.0E-4,0.9996],"evs":[0.0,6.98655]},"A4s":{"weight":0.0011,"played":[1.0E-4,0.9999],"evs":[0.0,5.51167]},"A5s":{"weight":0.0023,"played":[6.0E-4,0.9994],"evs":[0.0,5.17702]},"A6s":{"weight":3.0E-4,"played":[1.0E-4,0.9999],"evs":[0.0,2.95495]},"A7s":{"weight":0.1095,"played":[1.0E-4,0.9999],"evs":[0.0,3.21522]},"A8s":{"weight":0.4424,"played":[0.0058,0.9942],"evs":[0.0,3.38126]},"A9s":{"weight":0.5004,"played":[2.0E-4,0.9998],"evs":[0.0,8.87178]},"ATs":{"weight":0.2885,"played":[0.0077,0.9923],"evs":[0.0,9.82688]},"AJs":{"weight":0.1155,"played":[7.0E-4,0.9993],"evs":[0.0,8.5533]},"AQs":{"weight":0.0695,"played":[4.0E-4,0.9996],"evs":[0.0,11.54463]},"AKs":{"weight":0.3594,"played":[1.0E-4,0.9999],"evs":[0.0,13.93612]},"AA":{"weight":0.3484,"played":[0.0,1.0],"evs":[0.0,33.34445]}}}