{"player":2,"street":0,"children":2,"sequence":[{"player":0,"type":"R","amount":955000,"street":0},{"player":1,"type":"C","amount":955000,"street":0},{"player":2,"type":"C","amount":955000,"street":0},{"player":3,"type":"R","amount":2985000,"street":0},{"player":4,"type":"C","amount":2935000,"street":0},{"player":5,"type":"C","amount":885000,"street":0},{"player":1,"type":"C","amount":310000,"street":0}],"actions":[{"type":"F","amount":0},{"type":"C","amount":1260000}],"hands":{"22":{"weight":0.1378,"played":[7.0E-4,0.9993],"evs":[0.0,5.48501]},"32o":{"weight":0.0,"played":[0.1721,0.8279],"evs":[0.0,0.01986]},"42o":{"weight":0.0,"played":[0.117,0.883],"evs":[0.0,1.70329]},"52o":{"weight":0.0,"played":[0.6557,0.3443],"evs":[0.0,-0.17611]},"62o":{"weight":0.0,"played":[0.246,0.754],"evs":[0.0,-0.8001]},"72o":{"weight":0.0,"played":[0.9405,0.0595],"evs":[0.0,-1.01132]},"82o":{"weight":0.0,"played":[0.8136,0.1864],"evs":[0.0,-0.01772]},"92o":{"weight":0.0,"played":[0.838,0.162],"evs":[0.0,-0.61828]},"T2o":{"weight":0.0,"played":[0.232,0.768],"evs":[0.0,1.0324]},"J2o":{"weight":0.0,"played":[0.044,0.956],"evs":[0.0,1.27197]},"Q2o":{"weight":0.0,"played":[0.4536,0.5464],"evs":[0.0,-0.44758]},"K2o":{"weight":0.0,"played":[0.8493,0.1507],"evs":[0.0,-1.84408]},"A2o":{"weight":0.0,"played":[0.713,0.287],"evs":[0.0,-0.67816]},"32s":{"weight":0.0,"played":[0.103,0.897],"evs":[0.0,2.52608]},"33":{"weight":0.2205,"played":[0.0033,0.9967],"evs":[0.0,4.8639]},"43o":{"weight":0.0,"played":[0.0795,0.9205],"evs":[0.0,3.23841]},"53o":{"weight":0.0,"played":[0.0167,0.9833],"evs":[0.0,1.29998]},"63o":{"weight":0.0,"played":[0.2501,0.7499],"evs":[0.0,2.21825]},"73o":{"weight":0.0,"played":[0.1528,0.8472],"evs":[0.0,1.12733]},"83o":{"weight":0.0,"played":[0.1055,0.8945],"evs":[0.0,0.73878]},"93o":{"weight":0.0,"played":[0.3335,0.6665],"evs":[0.0,-0.38326]},"T3o":{"weight":0.0,"played":[0.6988,0.3012],"evs":[0.0,0.02209]},"J3o":{"weight":0.0,"played":[0.0558,0.9442],"evs":[0.0,2.54811]},"Q3o":{"weight":0.0,"played":[0.4721,0.5279],"evs":[0.0,-0.66551]},"K3o":{"weight":0.0,"played":[0.0135,0.9865],"evs":[0.0,1.03513]},"A3o":{"weight":0.0,"played":[8.0E-4,0.9992],"evs":[0.0,2.09593]},"42s":{"weight":0.0,"played":[0.0739,0.9261],"evs":[0.0,4.78998]},"43s":{"weight":0.0,"played":[0.008,0.992],"evs":[0.0,10.36482]},"44":{"weight":0.5675,"played":[0.0015,0.9985],"evs":[0.0,6.73782]},"54o":{"weight":0.0,"played":[0.0359,0.9641],"evs":[0.0,3.51303]},"64o":{"weight":0.0,"played":[0.0235,0.9765],"evs":[0.0,4.71918]},"74o":{"weight":0.0,"played":[0.3911,0.6089],"evs":[0.0,-0.69349]},"84o":{"weight":0.0,"played":[0.2362,0.7638],"evs":[0.0,0.31402]},"94o":{"weight":0.0,"played":[0.3359,0.6641],"evs":[0.0,2.28179]},"T4o":{"weight":0.0,"played":[0.2844,0.7156],"evs":[0.0,1.517]},"J4o":{"weight":0.0,"played":[0.064,0.936],"evs":[0.0,2.62679]},"Q4o":{"weight":0.0,"played":[0.163,0.837],"evs":[0.0,-0.43683]},"K4o":{"weight":0.0,"played":[0.1429,0.8571],"evs":[0.0,1.06816]},"A4o":{"weight":0.0,"played":[0.0585,0.9415],"evs":[0.0,3.4426]},"52s":{"weight":0.0,"played":[0.062,0.938],"evs":[0.0,7.01474]},"53s":{"weight":0.0,"played":[0.0399,0.9601],"evs":[0.0,3.59586]},"54s":{"weight":0.0,"played":[5.0E-4,0.9995],"evs":[0.0,1.16749]},"55":{"weight":0.0077,"played":[0.0348,0.9652],"evs":[0.0,3.33384]},"65o":{"weight":0.0,"played":[0.0101,0.9899],"evs":[0.0,4.70316]},"75o":{"weight":0.0,"played":[0.0659,0.9341],"evs":[0.0,1.19324]},"85o":{"weight":0.0,"played":[6.0E-4,0.9994],"evs":[0.0,2.02585]},"95o":{"weight":0.0,"played":[0.0956,0.9044],"evs":[0.0,0.19099]},"T5o":{"weight":0.0,"played":[0.2316,0.7684],"evs":[0.0,-0.57222]},"J5o":{"weight":0.0,"played":[0.2442,0.7558],"evs":[0.0,1.13499]},"Q5o":{"weight":0.0,"played":[0.2304,0.7696],"evs":[0.0,-0.06718]},"K5o":{"weight":0.0,"played":[5.0E-4,0.9995],"evs":[0.0,2.76609]},"A5o":{"weight":0.0,"played":[0.0097,0.9903],"evs":[0.0,6.53365]},"62s":{"weight":0.0,"played":[0.0224,0.9776],"evs":[0.0,5.51062]},"63s":{"weight":0.0,"played":[0.0041,0.9959],"evs":[0.0,2.26573]},"64s":{"weight":0.0,"played":[0.3514,0.6486],"evs":[0.0,0.67882]},"65s":{"weight":0.4594,"played":[0.0178,0.9822],"evs":[0.0,11.58137]},"66":{"weight":0.4386,"played":[2.0E-4,0.9998],"evs":[0.0,8.76848]},"76o":{"weight":0.0,"played":[3.0E-4,0.9997],"evs":[0.0,4.52416]},"86o":{"weight":0.0,"played":[0.0014,0.9986],"evs":[0.0,3.95415]},"96o":{"weight":0.0,"played":[0.284,0.716],"evs":[0.0,1.65383]},"T6o":{"weight":0.0,"played":[0.0015,0.9985],"evs":[0.0,2.7521]},"J6o":{"weight":0.0,"played":[0.0234,0.9766],"evs":[0.0,0.72226]},"Q6o":{"weight":0.0,"played":[0.5381,0.4619],"evs":[0.0,-1.52842]},"K6o":{"weight":0.0,"played":[0.0298,0.9702],"evs":[0.0,3.03166]},"A6o":{"weight":0.0,"played":[0.0445,0.9555],"evs":[0.0,2.07283]},"72s":{"weight":0.0,"played":[0.8186,0.1814],"evs":[0.0,-0.99758]},"73s":{"weight":0.0,"played":[0.0113,0.9887],"evs":[0.0,3.41489]},"74s":{"weight":0.0,"played":[0.0664,0.9336],"evs":[0.0,3.83453]},"75s":{"weight":3.0E-4,"played":[0.1107,0.8893],"evs":[0.0,8.59619]},"76s":{"weight":0.5515,"played":[1.0E-4,0.9999],"evs":[0.0,15.22405]},"77":{"weight":0.6672,"played":[0.0,1.0],"evs":[0.0,7.57698]},"87o":{"weight":0.0,"played":[4.0E-4,0.9996],"evs":[0.0,3.0896]},"97o":{"weight":0.0,"played":[0.0057,0.9943],"evs":[0.0,6.37213]},"T7o":{"weight":0.0,"played":[0.0043,0.9957],"evs":[0.0,0.99793]},"J7o":{"weight":0.0,"played":[0.0641,0.9359],"evs":[0.0,4.07942]},"Q7o":{"weight":0.0,"played":[2.0E-4,0.9998],"evs":[0.0,2.58041]},"K7o":{"weight":0.0,"played":[1.0E-4,0.9999],"evs":[0.0,3.47861]},"A7o":{"weight":0.0,"played":[0.0485,0.9515],"evs":[0.0,0.05486]},"82s":{"weight":0.0,"played":[0.0387,0.9613],"evs":[0.0,6.13304]},"83s":{"weight":0.0,"played":[0.2464,0.7536],"evs":[0.0,3.89401]},"84s":{"weight":0.0,"played":[0.0017,0.9983],"evs":[0.0,1.98492]},"85s":{"weight":0.0,"played":[0.0011,0.9989],"evs":[0.0,7.86864]},"86s":{"weight":0.033,"played":[1.0E-4,0.9999],"evs":[0.0,4.43841]},"87s":{"weight":0.2836,"played":[0.0,1.0],"evs":[0.0,3.42807]},"88":{"weight":0.3462,"played":[1.0E-4,0.9999],"evs":[0.0,13.49618]},"98o":{"weight":0.0,"played":[1.0E-4,0.9999],"evs":[0.0,3.52251]},"T8o":{"weight":0.0,"played":[1.0E-4,0.9999],"evs":[0.0,4.08364]},"J8o":{"weight":0.0,"played":[0.0026,0.9974],"evs":[0.0,0.76378]},"Q8o":{"weight":0.0,"played":[0.0872,0.9128],"evs":[0.0,3.87247]},"K8o":{"weight":0.0,"played":[0.3625,0.6375],"evs":[0.0,0.43262]},"A8o":{"weight":2.0E-4,"played":[1.0E-4,0.9999],"evs":[0.0,4.74613]},"92s":{"weight":0.0,"played":[0.3934,0.6066],"evs":[0.0,-0.18878]},"93s":{"weight":0.0,"played":[0.1275,0.8725],"evs":[0.0,9.94055]},"94s":{"weight":0.0,"played":[0.022,0.978],"evs":[0.0,0.49694]},"95s":{"weight":0.0,"played":[4.0E-4,0.9996],"evs":[0.0,4.86618]},"96s":{"weight":3.0E-4,"played":[0.0023,0.9977],"evs":[0.0,6.98644]},"97s":{"weight":0.204,"played":[0.0189,0.9811],"evs":[0.0,5.3665]},"98s":{"weight":0.377,"played":[0.0089,0.9911],"evs":[0.0,8.39789]},"99":{"weight":0.3939,"played":[0.0,1.0],"evs":[0.0,11.5444]},"T9o":{"weight":0.0,"played":[0.013,0.987],"evs":[0.0,2.90532]},"J9o":{"weight":0.0,"played":[0.0022,0.9978],"evs":[0.0,5.17454]},"Q9o":{"weight":0.0,"played":[0.0047,0.9953],"evs":[0.0,4.09647]},"K9o":{"weight":0.0,"played":[0.0068,0.9932],"evs":[0.0,1.61757]},"A9o":{"weight":0.0,"played":[0.0344,0.9656],"evs":[0.0,3.0178]},"T2s":{"weight":0.0,"played":[0.0073,0.9927],"evs":[0.0,3.0201]},"T3s":{"weight":0.0,"played":[0.1554,0.8446],"evs":[0.0,1.95837]},"T4s":{"weight":0.0,"played":[0.1263,0.8737],"evs":[0.0,4.20044]},"T5s":{"weight":0.0,"played":[0.3067,0.6933],"evs":[0.0,3.64431]},"T6s":{"weight":0.0,"played":[0.0219,0.9781],"evs":[0.0,7.35905]},"T7s":{"weight":0.0,"played":[0.0866,0.9134],"evs":[0.0,7.56549]},"T8s":{"weight":0.4172,"played":[0.0207,0.9793],"evs":[0.0,6.20506]},"T9s":{"weight":0.1861,"played":[0.0015,0.9985],"evs":[0.0,4.8439]},"TT":{"weight":0.047,"played":[0.0,1.0],"evs":[0.0,11.0379]},"JTo":{"weight":2.0E-4,"played":[0.0028,0.9972],"evs":[0.0,6.03023]},"QTo":{"weight":4.0E-4,"played":[0.003,0.997],"evs":[0.0,5.43397]},"KTo":{"weight":0.0011,"played":[0.0038,0.9962],"evs":[0.0,5.03922]},"ATo":{"weight":0.1652,"played":[2.0E-4,0.9998],"evs":[0.0,6.28655]},"J2s":{"weight":0.0,"played":[0.4995,0.5005],"evs":[0.0,-1.3498]},"J3s":{"weight":0.0,"played":[0.0411,0.9589],"evs":[0.0,6.48117]},"J4s":{"weight":0.0,"played":[0.1567,0.8433],"evs":[0.0,0.96517]},"J5s":{"weight":0.0,"played":[0.0121,0.9879],"evs":[0.0,6.79876]},"J6s":{"weight":0.0,"played":[0.2722,0.7278],"evs":[0.0,1.85849]},"J7s":{"weight":1.0E-4,"played":[0.0591,0.9409],"evs":[0.0,2.33284]},"J8s":{"weight":0.0146,"played":[0.0391,0.9609],"evs":[0.0,10.62344]},"J9s":{"weight":0.6551,"played":[0.0013,0.9987],"evs":[0.0,8.7686]},"JTs":{"weight":0.714,"played":[0.0,1.0],"evs":[0.0,10.63543]},"JJ":{"weight":0.1417,"played":[4.0E-4,0.9996],"evs":[0.0,17.64285]},"QJo":{"weight":0.0074,"played":[0.0014,0.9986],"evs":[0.0,2.89182]},"KJo":{"weight":0.1155,"played":[0.0,1.0],"evs":[0.0,5.64221]},"AJo":{"weight":0.1622,"played":[6.0E-4,0.9994],"evs":[0.0,6.04086]},"Q2s":{"weight":0.0,"played":[0.0015,0.9985],"evs":[0.0,1.7543]},"Q3s":{"weight":0.0,"played":[0.0261,0.9739],"evs":[0.0,8.5443]},"Q4s":{"weight":1.0E-4,"played":[0.121,0.879],"evs":[0.0,-0.37013]},"Q5s":{"weight":0.0,"played":[0.0761,0.9239],"evs":[0.0,5.3257]},"Q6s":{"weight":0.0,"played":[0.5234,0.4766],"evs":[0.0,1.42201]},"Q7s":{"weight":0.0,"played":[0.1462,0.8538],"evs":[0.0,1.69888]},"Q8s":{"weight":0.0,"played":[0.0165,0.9835],"evs":[0.0,6.6758]},"Q9s":{"weight":0.5461,"played":[0.0228,0.9772],"evs":[0.0,13.9386]},"QTs":{"weight":0.1327,"played":[2.0E-4,0.9998],"evs":[0.0,8.17806]},"QJs":{"weight":0.7948,"played":[0.004,0.996],"evs":[0.0,8.57535]},"QQ":{"weight":0.6144,"played":[0.0,1.0],"evs":[0.0,22.14502]},"KQo":{"weight":0.0263,"played":[5.0E-4,0.9995],"evs":[0.0,6.18461]},"AQo":{"weight":0.0713,"played":[3.0E-4,0.9997],"evs":[0.0,5.84517]},"K2s":{"weight":1.0E-4,"played":[0.0162,0.9838],"evs":[0.0,5.02799]},"K3s":{"weight":0.0,"played":[0.0205,0.9795],"evs":[0.0,3.20665]},"K4s":{"weight":0.0,"played":[0.0038,0.9962],"evs":[0.0,5.89803]},"K5s":{"weight":0.0,"played":[0.0072,0.9928],"evs":[0.0,8.91216]},"K6s":{"weight":0.0189,"played":[0.0504,0.9496],"evs":[0.0,8.205]},"K7s":{"weight":0.0232,"played":[0.0,1.0],"evs":[0.0,9.7732]},"K8s":{"weight":0.0124,"played":[0.0086,0.9914],"evs":[0.0,7.2498]},"K9s":{"weight":0.567,"played":[0.0024,0.9976],"evs":[0.0,8.78756]},"KTs":{"weight":0.8367,"played":[0.0061,0.9939],"evs":[0.0,14.14344]},"KJs":{"weight":0.5534,"played":[8.0E-4,0.9992],"evs":[0.0,8.02175]},"KQs":{"weight":0.0506,"played":[0.0,1.0],"evs":[0.0,11.03158]},"KK":{"weight":0.7812,"played":[0.0,1.0],"evs":[0.0,28.09292]},"AKo":{"weight":0.6365,"played":[2.0E-4,0.9998],"evs":[0.0,13.07515]},"A2s":{"weight":3.0E-4,"played":[0.0146,0.9854],"evs":[0.0,10.19301]},"A3s":{"weight":2.0E-4,"played":[0.1257,0.8743],"evs":[0.0,6.20367]},"A4s":{"weight":0.0011,"played":[0.0333,0.9667],"evs":[0.0,5.74058]},"A5s":{"weight":0.0023,"played":[0.0054,0.9946],"evs":[0.0,4.53201]},"A6s":{"weight":3.0E-4,"played":[0.1081,0.8919],"evs":[0.0,6.90424]},"A7s":{"weight":0.1095,"played":[8.0E-4,0.9992],"evs":[0.0,3.14424]},"A8s":{"weight":0.4424,"played":[0.0576,0.9424],"evs":[0.0,9.6823]},"A9s":{"weight":0.5004,"played":[0.0134,0.9866],"evs":[0.0,4.95467]},"ATs":{"weight":0.2885,"played":[0.0941,0.9059],"evs":[0.0,1.15587]},"AJs":{"weight":0.1155,"played":[3.0E-4,0.9997],"evs":[0.0,9.86459]},"AQs":{"weight":0.0695,"played":[0.0301,0.9699],"evs":[0.0,11.49719]},"AKs":{"weight":0.3594,"played":[0.0014,0.9986],"evs":[0.0,9.04623]},"AA":{"weight":0.3484,"played":[0.0,1.0],"evs":[0.0,32.18674]}}}