{"player":1,"street":0,"children":2,"sequence":[{"player":0,"type":"R","amount":955000,"street":0},{"player":1,"type":"C","amount":955000,"street":0},{"player":2,"type":"R","amount":2215000,"street":0},{"player":3,"type":"F","amount":0,"street":0},{"player":4,"type":"F","amount":0,"street":0},{"player":5,"type":"F","amount":0,"street":0}],"actions":[{"type":"F","amount":0},{"type":"C","amount":310000}],"hands":{"22":{"weight":0.0,"played":[0.0,1.0],"evs":[0.0,6.51951]},"32o":{"weight":0.0,"played":[0.0,1.0],"evs":[0.0,3.81431]},"42o":{"weight":0.0,"played":[0.0,1.0],"evs":[0.0,4.04472]},"52o":{"weight":0.0,"played":[0.0,1.0],"evs":[0.0,4.25285]},"62o":{"weight":0.0,"played":[0.0,1.0],"evs":[0.0,3.94619]},"72o":{"weight":0.0,"played":[0.0,1.0],"evs":[0.0,3.632]},"82o":{"weight":0.0,"played":[0.0,1.0],"evs":[0.0,3.75084]},"92o":{"weight":0.0,"played":[0.0,1.0],"evs":[0.0,3.85977]},"T2o":{"weight":0.0,"played":[0.0,1.0],"evs":[0.0,3.89589]},"J2o":{"weight":0.0,"played":[0.0,1.0],"evs":[0.0,4.03377]},"Q2o":{"weight":0.0,"played":[0.0,1.0],"evs":[0.0,4.24212]},"K2o":{"weight":0.0,"played":[0.0,1.0],"evs":[0.0,4.4927]},"A2o":{"weight":0.0,"played":[0.0,1.0],"evs":[0.0,4.97622]},"32s":{"weight":0.0,"played":[0.0,1.0],"evs":[0.0,5.0166]},"33":{"weight":0.0,"played":[0.0,1.0],"evs":[0.0,6.88956]},"43o":{"weight":0.0,"played":[0.0,1.0],"evs":[0.0,4.44503]},"53o":{"weight":0.0,"played":[0.0,1.0],"evs":[0.0,4.75185]},"63o":{"weight":0.0,"played":[0.0,1.0],"evs":[0.0,4.55392]},"73o":{"weight":0.0,"played":[0.0,1.0],"evs":[0.0,4.20951]},"83o":{"weight":0.0,"played":[0.0,1.0],"evs":[0.0,3.77488]},"93o":{"weight":0.0,"played":[0.0,1.0],"evs":[0.0,3.89818]},"T3o":{"weight":0.0,"played":[0.0,1.0],"evs":[0.0,4.09665]},"J3o":{"weight":0.0,"played":[0.0,1.0],"evs":[0.0,4.23375]},"Q3o":{"weight":0.0,"played":[0.0,1.0],"evs":[0.0,4.38852]},"K3o":{"weight":0.0,"played":[0.0,1.0],"evs":[0.0,4.72479]},"A3o":{"weight":0.0,"played":[0.0,1.0],"evs":[0.0,5.1351]},"42s":{"weight":0.0,"played":[0.0,1.0],"evs":[0.0,5.17366]},"43s":{"weight":0.0,"played":[0.0,1.0],"evs":[0.0,5.73997]},"44":{"weight":0.0011,"played":[0.0,1.0],"evs":[0.0,7.41546]},"54o":{"weight":0.0,"played":[0.0,1.0],"evs":[0.0,5.35737]},"64o":{"weight":0.0,"played":[0.0,1.0],"evs":[0.0,5.04597]},"74o":{"weight":0.0,"played":[0.0,1.0],"evs":[0.0,4.61606]},"84o":{"weight":0.0,"played":[0.0,1.0],"evs":[0.0,4.27999]},"94o":{"weight":0.0,"played":[0.0,1.0],"evs":[0.0,4.0134]},"T4o":{"weight":0.0,"played":[0.0,1.0],"evs":[0.0,4.26111]},"J4o":{"weight":0.0,"played":[0.0,1.0],"evs":[0.0,4.34499]},"Q4o":{"weight":0.0,"played":[0.0,1.0],"evs":[0.0,4.5797]},"K4o":{"weight":0.0,"played":[0.0,1.0],"evs":[0.0,4.90606]},"A4o":{"weight":0.0,"played":[0.0,1.0],"evs":[0.0,5.3153]},"52s":{"weight":0.0,"played":[0.0,1.0],"evs":[0.0,5.32085]},"53s":{"weight":0.0,"played":[0.0,1.0],"evs":[0.0,6.04598]},"54s":{"weight":0.0,"played":[0.0,1.0],"evs":[0.0,6.35502]},"55":{"weight":0.4004,"played":[0.0,1.0],"evs":[0.0,8.22846]},"65o":{"weight":0.0,"played":[0.0,1.0],"evs":[0.0,5.65717]},"75o":{"weight":0.0,"played":[0.0,1.0],"evs":[0.0,5.28491]},"85o":{"weight":0.0,"played":[0.0,1.0],"evs":[0.0,4.9778]},"95o":{"weight":0.0,"played":[0.0,1.0],"evs":[0.0,4.61692]},"T5o":{"weight":0.0,"played":[0.0,1.0],"evs":[0.0,4.37869]},"J5o":{"weight":0.0,"played":[0.0,1.0],"evs":[0.0,4.65003]},"Q5o":{"weight":0.0,"played":[0.0,1.0],"evs":[0.0,4.75425]},"K5o":{"weight":0.0,"played":[0.0,1.0],"evs":[0.0,5.11117]},"A5o":{"weight":0.0,"played":[0.0,1.0],"evs":[0.0,5.58294]},"62s":{"weight":0.0,"played":[0.0,1.0],"evs":[0.0,5.32281]},"63s":{"weight":0.0,"played":[0.0,1.0],"evs":[0.0,5.69786]},"64s":{"weight":0.0,"played":[0.0,1.0],"evs":[0.0,6.16713]},"65s":{"weight":0.0,"played":[0.0,1.0],"evs":[0.0,6.6049]},"66":{"weight":0.3918,"played":[0.0,1.0],"evs":[0.0,8.76527]},"76o":{"weight":0.0,"played":[0.0,1.0],"evs":[0.0,5.86676]},"86o":{"weight":0.0,"played":[0.0,1.0],"evs":[0.0,5.53137]},"96o":{"weight":0.0,"played":[0.0,1.0],"evs":[0.0,5.25926]},"T6o":{"weight":0.0,"played":[0.0,1.0],"evs":[0.0,4.96585]},"J6o":{"weight":0.0,"played":[0.0,1.0],"evs":[0.0,4.80224]},"Q6o":{"weight":0.0,"played":[0.0,1.0],"evs":[0.0,5.00655]},"K6o":{"weight":0.0,"played":[0.0,1.0],"evs":[0.0,5.32662]},"A6o":{"weight":0.0,"played":[0.0,1.0],"evs":[0.0,5.50057]},"72s":{"weight":0.0,"played":[0.0,1.0],"evs":[0.0,4.91188]},"73s":{"weight":0.0,"played":[0.0,1.0],"evs":[0.0,5.20624]},"74s":{"weight":0.0,"played":[0.0,1.0],"evs":[0.0,5.73942]},"75s":{"weight":0.0,"played":[0.0,1.0],"evs":[0.0,6.30647]},"76s":{"weight":0.0,"played":[0.0,1.0],"evs":[0.0,6.87296]},"77":{"weight":0.2788,"played":[0.0,1.0],"evs":[0.0,9.24837]},"87o":{"weight":0.0,"played":[0.0,1.0],"evs":[0.0,5.7863]},"97o":{"weight":0.0,"played":[0.0,1.0],"evs":[0.0,5.65357]},"T7o":{"weight":0.0,"played":[0.0,1.0],"evs":[0.0,5.48918]},"J7o":{"weight":0.0,"played":[0.0,1.0],"evs":[0.0,5.31079]},"Q7o":{"weight":0.0,"played":[0.0,1.0],"evs":[0.0,5.0875]},"K7o":{"weight":0.0,"played":[0.0,1.0],"evs":[0.0,5.49674]},"A7o":{"weight":0.0,"played":[0.0,1.0],"evs":[0.0,5.68345]},"82s":{"weight":0.0,"played":[0.0,1.0],"evs":[0.0,4.96845]},"83s":{"weight":0.0,"played":[0.0,1.0],"evs":[0.0,4.9331]},"84s":{"weight":0.0,"played":[0.0,1.0],"evs":[0.0,5.53628]},"85s":{"weight":0.0,"played":[0.0,1.0],"evs":[0.0,6.14363]},"86s":{"weight":0.0,"played":[0.0,1.0],"evs":[0.0,6.67932]},"87s":{"weight":0.0,"played":[0.0,1.0],"evs":[0.0,6.99567]},"88":{"weight":0.3658,"played":[0.0,1.0],"evs":[0.0,9.9807]},"98o":{"weight":0.0,"played":[0.0,1.0],"evs":[0.0,5.80172]},"T8o":{"weight":0.0,"played":[0.0,1.0],"evs":[0.0,5.80386]},"J8o":{"weight":0.0,"played":[0.0,1.0],"evs":[0.0,5.68365]},"Q8o":{"weight":0.0,"played":[0.0,1.0],"evs":[0.0,5.48819]},"K8o":{"weight":0.0,"played":[0.0,1.0],"evs":[0.0,5.42099]},"A8o":{"weight":0.0,"played":[0.0,1.0],"evs":[0.0,5.85522]},"92s":{"weight":0.0,"played":[0.0,1.0],"evs":[0.0,5.03666]},"93s":{"weight":0.0,"played":[0.0,1.0],"evs":[0.0,5.21985]},"94s":{"weight":0.0,"played":[0.0,1.0],"evs":[0.0,5.31123]},"95s":{"weight":0.0,"played":[0.0,1.0],"evs":[0.0,5.96237]},"96s":{"weight":0.0,"played":[0.0,1.0],"evs":[0.0,6.40999]},"97s":{"weight":0.0,"played":[0.0,1.0],"evs":[0.0,6.91887]},"98s":{"weight":0.0,"played":[0.0,1.0],"evs":[0.0,7.01738]},"99":{"weight":0.3736,"played":[0.0,1.0],"evs":[0.0,10.83068]},"T9o":{"weight":0.0,"played":[0.0,1.0],"evs":[0.0,6.30194]},"J9o":{"weight":0.0,"played":[0.0,1.0],"evs":[0.0,6.03531]},"Q9o":{"weight":0.0,"played":[0.0,1.0],"evs":[0.0,5.7811]},"K9o":{"weight":0.0,"played":[0.0,1.0],"evs":[0.0,5.9443]},"A9o":{"weight":0.0,"played":[0.0,1.0],"evs":[0.0,6.32488]},"T2s":{"weight":0.0,"played":[0.0,1.0],"evs":[0.0,5.03044]},"T3s":{"weight":0.0,"played":[0.0,1.0],"evs":[0.0,5.34215]},"T4s":{"weight":0.0,"played":[0.0,1.0],"evs":[0.0,5.59616]},"T5s":{"weight":0.0,"played":[0.0,1.0],"evs":[0.0,5.64444]},"T6s":{"weight":0.0,"played":[0.0,1.0],"evs":[0.0,6.22857]},"T7s":{"weight":0.0,"played":[0.0,1.0],"evs":[0.0,6.8125]},"T8s":{"weight":0.0,"played":[0.0,1.0],"evs":[0.0,6.86625]},"T9s":{"weight":1.0E-4,"played":[0.0,1.0],"evs":[0.0,7.29546]},"TT":{"weight":0.4584,"played":[0.0,1.0],"evs":[0.0,12.36106]},"JTo":{"weight":0.0,"played":[0.0,1.0],"evs":[0.0,6.63683]},"QTo":{"weight":0.0,"played":[0.0,1.0],"evs":[0.0,6.5551]},"KTo":{"weight":0.0,"played":[0.0,1.0],"evs":[0.0,6.53538]},"ATo":{"weight":0.4891,"played":[0.0,1.0],"evs":[0.0,7.46328]},"J2s":{"weight":0.0,"played":[0.0,1.0],"evs":[0.0,5.37652]},"J3s":{"weight":0.0,"played":[0.0,1.0],"evs":[0.0,5.59477]},"J4s":{"weight":0.0,"played":[0.0,1.0],"evs":[0.0,5.68031]},"J5s":{"weight":0.0,"played":[0.0,1.0],"evs":[0.0,5.89023]},"J6s":{"weight":0.0,"played":[0.0,1.0],"evs":[0.0,5.93494]},"J7s":{"weight":0.0,"played":[0.0,1.0],"evs":[0.0,6.38348]},"J8s":{"weight":0.0,"played":[0.0,1.0],"evs":[0.0,6.74349]},"J9s":{"weight":0.0,"played":[0.0,1.0],"evs":[0.0,7.25425]},"JTs":{"weight":0.0158,"played":[0.0,1.0],"evs":[0.0,7.79222]},"JJ":{"weight":0.5697,"played":[0.0,1.0],"evs":[0.0,13.89909]},"QJo":{"weight":0.0,"played":[0.0,1.0],"evs":[0.0,6.69938]},"KJo":{"weight":2.0E-4,"played":[0.0,1.0],"evs":[0.0,6.94821]},"AJo":{"weight":0.6395,"played":[0.0,1.0],"evs":[0.0,8.40732]},"Q2s":{"weight":0.0,"played":[0.0,1.0],"evs":[0.0,5.52516]},"Q3s":{"weight":0.0,"played":[0.0,1.0],"evs":[0.0,5.64171]},"Q4s":{"weight":0.0,"played":[0.0,1.0],"evs":[0.0,5.85132]},"Q5s":{"weight":0.0,"played":[0.0,1.0],"evs":[0.0,5.84651]},"Q6s":{"weight":0.0,"played":[0.0,1.0],"evs":[0.0,6.29516]},"Q7s":{"weight":0.0,"played":[0.0,1.0],"evs":[0.0,6.31496]},"Q8s":{"weight":0.0,"played":[0.0,1.0],"evs":[0.0,6.52908]},"Q9s":{"weight":0.0,"played":[0.0,1.0],"evs":[0.0,7.09524]},"QTs":{"weight":0.319,"played":[0.0,1.0],"evs":[0.0,7.67827]},"QJs":{"weight":0.5443,"played":[0.0,1.0],"evs":[0.0,7.75771]},"QQ":{"weight":0.5456,"played":[0.0,1.0],"evs":[0.0,16.09667]},"KQo":{"weight":0.5306,"played":[0.0,1.0],"evs":[0.0,7.71095]},"AQo":{"weight":0.5083,"played":[0.0,1.0],"evs":[0.0,9.92782]},"K2s":{"weight":0.0,"played":[0.0,1.0],"evs":[0.0,5.95934]},"K3s":{"weight":0.0,"played":[0.0,1.0],"evs":[0.0,6.11802]},"K4s":{"weight":0.0,"played":[0.0,1.0],"evs":[0.0,6.22929]},"K5s":{"weight":0.0,"played":[0.0,1.0],"evs":[0.0,6.44031]},"K6s":{"weight":0.0,"played":[0.0,1.0],"evs":[0.0,6.64277]},"K7s":{"weight":0.0,"played":[0.0,1.0],"evs":[0.0,6.7652]},"K8s":{"weight":0.0,"played":[0.0,1.0],"evs":[0.0,6.65861]},"K9s":{"weight":1.0E-4,"played":[0.0,1.0],"evs":[0.0,6.99225]},"KTs":{"weight":0.4154,"played":[0.0,1.0],"evs":[0.0,7.68187]},"KJs":{"weight":0.4882,"played":[0.0,1.0],"evs":[0.0,8.14108]},"KQs":{"weight":0.5421,"played":[0.0,1.0],"evs":[0.0,8.81386]},"KK":{"weight":0.5279,"played":[0.0,1.0],"evs":[0.0,18.17903]},"AKo":{"weight":0.5983,"played":[0.0,1.0],"evs":[0.0,11.47728]},"A2s":{"weight":0.0,"played":[0.0,1.0],"evs":[0.0,6.21322]},"A3s":{"weight":0.0,"played":[0.0,1.0],"evs":[0.0,6.37059]},"A4s":{"weight":0.0,"played":[0.0,1.0],"evs":[0.0,6.77024]},"A5s":{"weight":2.0E-4,"played":[0.0,1.0],"evs":[0.0,6.92525]},"A6s":{"weight":0.0,"played":[0.0,1.0],"evs":[0.0,6.74462]},"A7s":{"weight":0.0,"played":[0.0,1.0],"evs":[0.0,6.97954]},"A8s":{"weight":0.4724,"played":[0.0,1.0],"evs":[0.0,7.26641]},"A9s":{"weight":0.4569,"played":[0.0,1.0],"evs":[0.0,7.61327]},"ATs":{"weight":0.6578,"played":[0.0,1.0],"evs":[0.0,8.61052]},"AJs":{"weight":0.6187,"played":[0.0,1.0],"evs":[0.0,9.40434]},"AQs":{"weight":0.7262,"played":[0.0,1.0],"evs":[0.0,11.15542]},"AKs":{"weight":0.5689,"played":[0.0,1.0],"evs":[0.0,12.37274]},"AA":{"weight":0.5586,"played":[0.0,1.0],"evs":[0.0,21.87417]}}}