{"player":5,"street":0,"children":2,"sequence":[{"player":0,"type":"R","amount":955000,"street":0},{"player":1,"type":"C","amount":955000,"street":0},{"player":2,"type":"R","amount":2215000,"street":0},{"player":3,"type":"F","amount":0,"street":0},{"player":4,"type":"C","amount":2165000,"street":0}],"actions":[{"type":"F","amount":0,"node":410},{"type":"C","amount":885000,"node":411}],"hands":{"22":{"weight":1.0,"played":[0.8307,0.1693],"evs":[0.0,-0.3868]},"32o":{"weight":1.0,"played":[1.0,0.0],"evs":[0.0,-2.48273]},"42o":{"weight":1.0,"played":[0.9989,0.0011],"evs":[0.0,-2.04222]},"52o":{"weight":1.0,"played":[1.0,0.0],"evs":[0.0,-2.22507]},"62o":{"weight":1.0,"played":[0.9993,7.0E-4],"evs":[0.0,-2.41103]},"72o":{"weight":1.0,"played":[0.9997,3.0E-4],"evs":[0.0,-3.11982]},"82o":{"weight":1.0,"played":[1.0,0.0],"evs":[0.0,-3.32862]},"92o":{"weight":1.0,"played":[0.9988,0.0012],"evs":[0.0,-2.92417]},"T2o":{"weight":1.0,"played":[0.9996,4.0E-4],"evs":[0.0,-3.04682]},"J2o":{"weight":1.0,"played":[1.0,0.0],"evs":[0.0,-3.19204]},"Q2o":{"weight":1.0,"played":[0.9998,2.0E-4],"evs":[0.0,-3.74599]},"K2o":{"weight":1.0,"played":[0.9986,0.0014],"evs":[0.0,-2.53661]},"A2o":{"weight":1.0,"played":[0.999,0.001],"evs":[0.0,-2.81584]},"32s":{"weight":1.0,"played":[0.9965,0.0035],"evs":[0.0,-1.26337]},"33":{"weight":1.0,"played":[0.5706,0.4294],"evs":[0.0,-0.61092]},"43o":{"weight":1.0,"played":[0.9999,1.0E-4],"evs":[0.0,-1.95591]},"53o":{"weight":1.0,"played":[0.9999,1.0E-4],"evs":[0.0,-1.0751]},"63o":{"weight":1.0,"played":[1.0,0.0],"evs":[0.0,-2.07556]},"73o":{"weight":1.0,"played":[1.0,0.0],"evs":[0.0,-2.19415]},"83o":{"weight":1.0,"played":[0.9999,1.0E-4],"evs":[0.0,-2.98568]},"93o":{"weight":1.0,"played":[1.0,0.0],"evs":[0.0,-2.5881]},"T3o":{"weight":1.0,"played":[1.0,0.0],"evs":[0.0,-2.40777]},"J3o":{"weight":1.0,"played":[0.9993,7.0E-4],"evs":[0.0,-3.49987]},"Q3o":{"weight":1.0,"played":[1.0,0.0],"evs":[0.0,-3.27357]},"K3o":{"weight":1.0,"played":[0.9994,6.0E-4],"evs":[0.0,-2.82975]},"A3o":{"weight":1.0,"played":[0.9995,5.0E-4],"evs":[0.0,-2.43088]},"42s":{"weight":1.0,"played":[0.9618,0.0382],"evs":[0.0,-0.01785]},"43s":{"weight":1.0,"played":[0.0866,0.9134],"evs":[0.0,-0.12192]},"44":{"weight":1.0,"played":[0.4572,0.5428],"evs":[0.0,0.30037]},"54o":{"weight":1.0,"played":[0.9967,0.0033],"evs":[0.0,-0.36378]},"64o":{"weight":1.0,"played":[0.99,0.01],"evs":[0.0,-0.9812]},"74o":{"weight":1.0,"played":[0.992,0.008],"evs":[0.0,-2.23308]},"84o":{"weight":1.0,"played":[1.0,0.0],"evs":[0.0,-1.96077]},"94o":{"weight":1.0,"played":[0.9975,0.0025],"evs":[0.0,-3.11607]},"T4o":{"weight":1.0,"played":[1.0,0.0],"evs":[0.0,-2.99452]},"J4o":{"weight":1.0,"played":[1.0,0.0],"evs":[0.0,-3.05455]},"Q4o":{"weight":1.0,"played":[0.9996,4.0E-4],"evs":[0.0,-2.86981]},"K4o":{"weight":1.0,"played":[0.9998,2.0E-4],"evs":[0.0,-2.64]},"A4o":{"weight":1.0,"played":[0.9982,0.0018],"evs":[0.0,-2.82849]},"52s":{"weight":1.0,"played":[0.9437,0.0563],"evs":[0.0,-0.4483]},"53s":{"weight":1.0,"played":[0.9518,0.0482],"evs":[0.0,-0.55836]},"54s":{"weight":1.0,"played":[0.3324,0.6676],"evs":[0.0,1.22317]},"55":{"weight":1.0,"played":[0.3742,0.6258],"evs":[0.0,-0.19474]},"65o":{"weight":1.0,"played":[0.7565,0.2435],"evs":[0.0,-0.45075]},"75o":{"weight":1.0,"played":[0.9855,0.0145],"evs":[0.0,-0.45904]},"85o":{"weight":1.0,"played":[0.9991,9.0E-4],"evs":[0.0,-1.0929]},"95o":{"weight":1.0,"played":[0.9995,5.0E-4],"evs":[0.0,-2.28691]},"T5o":{"weight":1.0,"played":[0.9997,3.0E-4],"evs":[0.0,-2.60236]},"J5o":{"weight":1.0,"played":[0.9999,1.0E-4],"evs":[0.0,-2.09983]},"Q5o":{"weight":1.0,"played":[0.9999,1.0E-4],"evs":[0.0,-3.42067]},"K5o":{"weight":1.0,"played":[1.0,0.0],"evs":[0.0,-2.43335]},"A5o":{"weight":1.0,"played":[1.0,0.0],"evs":[0.0,-2.34251]},"62s":{"weight":1.0,"played":[0.9871,0.0129],"evs":[0.0,-1.60323]},"63s":{"weight":1.0,"played":[0.5993,0.4007],"evs":[0.0,0.28312]},"64s":{"weight":1.0,"played":[0.3304,0.6696],"evs":[0.0,0.02927]},"65s":{"weight":1.0,"played":[0.0354,0.9646],"evs":[0.0,0.06268]},"66":{"weight":1.0,"played":[1.0E-4,0.9999],"evs":[0.0,0.42236]},"76o":{"weight":1.0,"played":[0.9924,0.0076],"evs":[0.0,-0.93568]},"86o":{"weight":1.0,"played":[0.989,0.011],"evs":[0.0,-1.2062]},"96o":{"weight":1.0,"played":[0.999,0.001],"evs":[0.0,-1.36914]},"T6o":{"weight":1.0,"played":[1.0,0.0],"evs":[0.0,-1.32171]},"J6o":{"weight":1.0,"played":[1.0,0.0],"evs":[0.0,-2.6808]},"Q6o":{"weight":1.0,"played":[0.999,0.001],"evs":[0.0,-3.14585]},"K6o":{"weight":1.0,"played":[0.9963,0.0037],"evs":[0.0,-2.07456]},"A6o":{"weight":1.0,"played":[0.9999,1.0E-4],"evs":[0.0,-3.12062]},"72s":{"weight":1.0,"played":[0.9528,0.0472],"evs":[0.0,-1.34148]},"73s":{"weight":1.0,"played":[0.9199,0.0801],"evs":[0.0,-2.01885]},"74s":{"weight":1.0,"played":[0.9885,0.0115],"evs":[0.0,-0.84948]},"75s":{"weight":1.0,"played":[0.3036,0.6964],"evs":[0.0,1.06333]},"76s":{"weight":1.0,"played":[0.0475,0.9525],"evs":[0.0,-0.05183]},"77":{"weight":1.0,"played":[0.0016,0.9984],"evs":[0.0,0.62195]},"87o":{"weight":1.0,"played":[0.934,0.066],"evs":[0.0,-0.77407]},"97o":{"weight":1.0,"played":[0.9918,0.0082],"evs":[0.0,-1.6109]},"T7o":{"weight":1.0,"played":[0.9875,0.0125],"evs":[0.0,-2.40396]},"J7o":{"weight":1.0,"played":[0.9996,4.0E-4],"evs":[0.0,-2.41718]},"Q7o":{"weight":1.0,"played":[0.9993,7.0E-4],"evs":[0.0,-2.18454]},"K7o":{"weight":1.0,"played":[0.9852,0.0148],"evs":[0.0,-2.73565]},"A7o":{"weight":1.0,"played":[0.9948,0.0052],"evs":[0.0,-2.55107]},"82s":{"weight":1.0,"played":[0.9998,2.0E-4],"evs":[0.0,-1.75139]},"83s":{"weight":1.0,"played":[0.9994,6.0E-4],"evs":[0.0,-1.63221]},"84s":{"weight":1.0,"played":[0.8877,0.1123],"evs":[0.0,-0.79045]},"85s":{"weight":1.0,"played":[1.0,0.0],"evs":[0.0,-0.2089]},"86s":{"weight":1.0,"played":[0.8246,0.1754],"evs":[0.0,-0.88243]},"87s":{"weight":1.0,"played":[0.0163,0.9837],"evs":[0.0,0.70014]},"88":{"weight":1.0,"played":[2.0E-4,0.9998],"evs":[0.0,1.57778]},"98o":{"weight":1.0,"played":[0.992,0.008],"evs":[0.0,-1.69589]},"T8o":{"weight":1.0,"played":[0.965,0.035],"evs":[0.0,-0.90775]},"J8o":{"weight":1.0,"played":[0.9955,0.0045],"evs":[0.0,-2.32971]},"Q8o":{"weight":1.0,"played":[0.999,0.001],"evs":[0.0,-2.34783]},"K8o":{"weight":1.0,"played":[1.0,0.0],"evs":[0.0,-2.04842]},"A8o":{"weight":1.0,"played":[0.9999,1.0E-4],"evs":[0.0,-3.28153]},"92s":{"weight":1.0,"played":[0.9863,0.0137],"evs":[0.0,-0.78503]},"93s":{"weight":1.0,"played":[0.8423,0.1577],"evs":[0.0,-1.55378]},"94s":{"weight":1.0,"played":[0.8512,0.1488],"evs":[0.0,-0.92494]},"95s":{"weight":1.0,"played":[0.8822,0.1178],"evs":[0.0,-1.20964]},"96s":{"weight":1.0,"played":[0.7995,0.2005],"evs":[0.0,0.10764]},"97s":{"weight":1.0,"played":[0.2513,0.7487],"evs":[0.0,-0.13684]},"98s":{"weight":1.0,"played":[0.9024,0.0976],"evs":[0.0,-0.84679]},"99":{"weight":1.0,"played":[0.0,1.0],"evs":[0.0,1.64196]},"T9o":{"weight":1.0,"played":[0.9628,0.0372],"evs":[0.0,-0.88239]},"J9o":{"weight":1.0,"played":[0.996,0.004],"evs":[0.0,-1.83544]},"Q9o":{"weight":1.0,"played":[0.9995,5.0E-4],"evs":[0.0,-2.28688]},"K9o":{"weight":1.0,"played":[0.9981,0.0019],"evs":[0.0,-1.91423]},"A9o":{"weight":1.0,"played":[0.9996,4.0E-4],"evs":[0.0,-2.9765]},"T2s":{"weight":1.0,"played":[0.9966,0.0034],"evs":[0.0,-2.42577]},"T3s":{"weight":1.0,"played":[0.994,0.006],"evs":[0.0,-1.78143]},"T4s":{"weight":1.0,"played":[0.9997,3.0E-4],"evs":[0.0,-0.83401]},"T5s":{"weight":1.0,"played":[0.9964,0.0036],"evs":[0.0,-1.74111]},"T6s":{"weight":1.0,"played":[0.9515,0.0485],"evs":[0.0,-2.36934]},"T7s":{"weight":1.0,"played":[0.7309,0.2691],"evs":[0.0,-0.23054]},"T8s":{"weight":1.0,"played":[0.8554,0.1446],"evs":[0.0,-0.8415]},"T9s":{"weight":1.0,"played":[0.6595,0.3405],"evs":[0.0,-1.04115]},"TT":{"weight":1.0,"played":[6.0E-4,0.9994],"evs":[0.0,1.97882]},"JTo":{"weight":1.0,"played":[0.9777,0.0223],"evs":[0.0,-1.34711]},"QTo":{"weight":1.0,"played":[0.9889,0.0111],"evs":[0.0,-1.66772]},"KTo":{"weight":1.0,"played":[0.9934,0.0066],"evs":[0.0,-2.12092]},"ATo":{"weight":1.0,"played":[0.9999,1.0E-4],"evs":[0.0,-1.93865]},"J2s":{"weight":1.0,"played":[0.9933,0.0067],"evs":[0.0,-1.84166]},"J3s":{"weight":1.0,"played":[0.9991,9.0E-4],"evs":[0.0,-1.33245]},"J4s":{"weight":1.0,"played":[0.9874,0.0126],"evs":[0.0,-0.31869]},"J5s":{"weight":1.0,"played":[0.8961,0.1039],"evs":[0.0,-2.10818]},"J6s":{"weight":1.0,"played":[0.9205,0.0795],"evs":[0.0,-0.34125]},"J7s":{"weight":1.0,"played":[0.7913,0.2087],"evs":[0.0,-1.08509]},"J8s":{"weight":1.0,"played":[0.8382,0.1618],"evs":[0.0,-0.77992]},"J9s":{"weight":1.0,"played":[0.6198,0.3802],"evs":[0.0,-0.38994]},"JTs":{"weight":1.0,"played":[0.2379,0.7621],"evs":[0.0,1.49155]},"JJ":{"weight":1.0,"played":[0.0,1.0],"evs":[0.0,5.17548]},"QJo":{"weight":1.0,"played":[0.9636,0.0364],"evs":[0.0,-1.31957]},"KJo":{"weight":1.0,"played":[0.9644,0.0356],"evs":[0.0,-1.35789]},"AJo":{"weight":1.0,"played":[0.9773,0.0227],"evs":[0.0,-1.77809]},"Q2s":{"weight":1.0,"played":[0.992,0.008],"evs":[0.0,-2.19512]},"Q3s":{"weight":1.0,"played":[1.0,0.0],"evs":[0.0,-2.28035]},"Q4s":{"weight":1.0,"played":[0.7172,0.2828],"evs":[0.0,-0.28325]},"Q5s":{"weight":1.0,"played":[0.9851,0.0149],"evs":[0.0,-0.35114]},"Q6s":{"weight":1.0,"played":[0.8431,0.1569],"evs":[0.0,-0.30061]},"Q7s":{"weight":1.0,"played":[0.8805,0.1195],"evs":[0.0,-0.84314]},"Q8s":{"weight":1.0,"played":[0.5688,0.4312],"evs":[0.0,-0.12015]},"Q9s":{"weight":1.0,"played":[0.5045,0.4955],"evs":[0.0,0.19987]},"QTs":{"weight":1.0,"played":[0.8026,0.1974],"evs":[0.0,-0.0797]},"QJs":{"weight":1.0,"played":[0.933,0.067],"evs":[0.0,-0.5617]},"QQ":{"weight":1.0,"played":[0.0,1.0],"evs":[0.0,6.15901]},"KQo":{"weight":1.0,"played":[0.9262,0.0738],"evs":[0.0,-0.475]},"AQo":{"weight":1.0,"played":[0.5347,0.4653],"evs":[0.0,0.01438]},"K2s":{"weight":1.0,"played":[0.9255,0.0745],"evs":[0.0,-1.07288]},"K3s":{"weight":1.0,"played":[0.9696,0.0304],"evs":[0.0,-1.08384]},"K4s":{"weight":1.0,"played":[0.838,0.162],"evs":[0.0,-1.03748]},"K5s":{"weight":1.0,"played":[0.996,0.004],"evs":[0.0,-1.4955]},"K6s":{"weight":1.0,"played":[0.9857,0.0143],"evs":[0.0,-0.61113]},"K7s":{"weight":1.0,"played":[0.6225,0.3775],"evs":[0.0,-0.74444]},"K8s":{"weight":1.0,"played":[0.1992,0.8008],"evs":[0.0,1.195]},"K9s":{"weight":1.0,"played":[0.673,0.327],"evs":[0.0,0.00556]},"KTs":{"weight":1.0,"played":[0.432,0.568],"evs":[0.0,0.58672]},"KJs":{"weight":1.0,"played":[0.136,0.864],"evs":[0.0,1.5816]},"KQs":{"weight":1.0,"played":[0.0032,0.9968],"evs":[0.0,0.84528]},"KK":{"weight":1.0,"played":[1.0E-4,0.9999],"evs":[0.0,9.36302]},"AKo":{"weight":1.0,"played":[0.0,1.0],"evs":[0.0,1.87068]},"A2s":{"weight":1.0,"played":[0.7145,0.2855],"evs":[0.0,-0.31484]},"A3s":{"weight":1.0,"played":[0.4905,0.5095],"evs":[0.0,-0.46595]},"A4s":{"weight":1.0,"played":[0.9999,1.0E-4],"evs":[0.0,-1.343]},"A5s":{"weight":1.0,"played":[0.9632,0.0368],"evs":[0.0,-1.56392]},"A6s":{"weight":1.0,"played":[0.5326,0.4674],"evs":[0.0,0.96821]},"A7s":{"weight":1.0,"played":[0.9946,0.0054],"evs":[0.0,-0.88904]},"A8s":{"weight":1.0,"played":[0.9704,0.0296],"evs":[0.0,-1.02523]},"A9s":{"weight":1.0,"played":[0.3714,0.6286],"evs":[0.0,-0.20832]},"ATs":{"weight":1.0,"played":[0.8752,0.1248],"evs":[0.0,-0.1279]},"AJs":{"weight":1.0,"played":[0.0433,0.9567],"evs":[0.0,0.90782]},"AQs":{"weight":1.0,"played":[0.0,1.0],"evs":[0.0,2.7855]},"AKs":{"weight":1.0,"played":[1.0E-4,0.9999],"evs":[0.0,3.19854]},"AA":{"weight":1.0,"played":[0.0,1.0],"evs":[0.0,14.7749]}}}