{"player":1,"street":0,"children":2,"sequence":[{"player":0,"type":"R","amount":955000,"street":0},{"player":1,"type":"C","amount":955000,"street":0},{"player":2,"type":"R","amount":2215000,"street":0},{"player":3,"type":"R","amount":2985000,"street":0},{"player":4,"type":"C","amount":2935000,"street":0},{"player":5,"type":"F","amount":0,"street":0}],"actions":[{"type":"F","amount":0},{"type":"C","amount":310000}],"hands":{"22":{"weight":0.0,"played":[0.0,1.0],"evs":[0.0,5.05762]},"32o":{"weight":0.0,"played":[0.0,1.0],"evs":[0.0,3.24922]},"42o":{"weight":0.0,"played":[3.0E-4,0.9997],"evs":[0.0,4.22396]},"52o":{"weight":0.0,"played":[0.0,1.0],"evs":[0.0,3.52725]},"62o":{"weight":0.0,"played":[1.0E-4,0.9999],"evs":[0.0,3.19366]},"72o":{"weight":0.0,"played":[0.0,1.0],"evs":[0.0,2.70247]},"82o":{"weight":0.0,"played":[0.0,1.0],"evs":[0.0,3.47707]},"92o":{"weight":0.0,"played":[0.0,1.0],"evs":[0.0,2.69224]},"T2o":{"weight":0.0,"played":[0.0,1.0],"evs":[0.0,2.34857]},"J2o":{"weight":0.0,"played":[2.0E-4,0.9998],"evs":[0.0,3.54862]},"Q2o":{"weight":0.0,"played":[1.0E-4,0.9999],"evs":[0.0,2.98177]},"K2o":{"weight":0.0,"played":[1.0E-4,0.9999],"evs":[0.0,3.09679]},"A2o":{"weight":0.0,"played":[0.0,1.0],"evs":[0.0,3.56212]},"32s":{"weight":0.0,"played":[8.0E-4,0.9992],"evs":[0.0,4.28676]},"33":{"weight":0.0,"played":[0.0,1.0],"evs":[0.0,6.1942]},"43o":{"weight":0.0,"played":[0.0,1.0],"evs":[0.0,4.50912]},"53o":{"weight":0.0,"played":[0.0,1.0],"evs":[0.0,5.37708]},"63o":{"weight":0.0,"played":[0.0,1.0],"evs":[0.0,4.22827]},"73o":{"weight":0.0,"played":[1.0E-4,0.9999],"evs":[0.0,3.5262]},"83o":{"weight":0.0,"played":[2.0E-4,0.9998],"evs":[0.0,3.53474]},"93o":{"weight":0.0,"played":[0.0,1.0],"evs":[0.0,3.18338]},"T3o":{"weight":0.0,"played":[0.0,1.0],"evs":[0.0,2.55262]},"J3o":{"weight":0.0,"played":[0.0,1.0],"evs":[0.0,2.96059]},"Q3o":{"weight":0.0,"played":[0.0,1.0],"evs":[0.0,2.68111]},"K3o":{"weight":0.0,"played":[0.0,1.0],"evs":[0.0,3.59562]},"A3o":{"weight":0.0,"played":[0.0,1.0],"evs":[0.0,3.58944]},"42s":{"weight":0.0,"played":[0.0015,0.9985],"evs":[0.0,6.6556]},"43s":{"weight":0.0,"played":[0.0,1.0],"evs":[0.0,6.59352]},"44":{"weight":0.0011,"played":[0.0,1.0],"evs":[0.0,5.68627]},"54o":{"weight":0.0,"played":[0.0,1.0],"evs":[0.0,5.89579]},"64o":{"weight":0.0,"played":[1.0E-4,0.9999],"evs":[0.0,5.43268]},"74o":{"weight":0.0,"played":[0.0,1.0],"evs":[0.0,4.6247]},"84o":{"weight":0.0,"played":[0.0,1.0],"evs":[0.0,4.55809]},"94o":{"weight":0.0,"played":[2.0E-4,0.9998],"evs":[0.0,3.10676]},"T4o":{"weight":0.0,"played":[0.0,1.0],"evs":[0.0,3.59069]},"J4o":{"weight":0.0,"played":[1.0E-4,0.9999],"evs":[0.0,3.7345]},"Q4o":{"weight":0.0,"played":[0.0,1.0],"evs":[0.0,2.92592]},"K4o":{"weight":0.0,"played":[0.0,1.0],"evs":[0.0,3.69645]},"A4o":{"weight":0.0,"played":[0.0,1.0],"evs":[0.0,4.24883]},"52s":{"weight":0.0,"played":[1.0E-4,0.9999],"evs":[0.0,4.85878]},"53s":{"weight":0.0,"played":[0.0,1.0],"evs":[0.0,6.24468]},"54s":{"weight":0.0,"played":[0.0,1.0],"evs":[0.0,7.55586]},"55":{"weight":0.4004,"played":[1.0E-4,0.9999],"evs":[0.0,7.98632]},"65o":{"weight":0.0,"played":[0.0,1.0],"evs":[0.0,6.27268]},"75o":{"weight":0.0,"played":[1.0E-4,0.9999],"evs":[0.0,4.66914]},"85o":{"weight":0.0,"played":[0.0,1.0],"evs":[0.0,3.99998]},"95o":{"weight":0.0,"played":[0.0,1.0],"evs":[0.0,4.20629]},"T5o":{"weight":0.0,"played":[2.0E-4,0.9998],"evs":[0.0,3.48629]},"J5o":{"weight":0.0,"played":[0.0013,0.9987],"evs":[0.0,3.59449]},"Q5o":{"weight":0.0,"played":[2.0E-4,0.9998],"evs":[0.0,3.25246]},"K5o":{"weight":0.0,"played":[0.0,1.0],"evs":[0.0,2.98228]},"A5o":{"weight":0.0,"played":[0.0,1.0],"evs":[0.0,4.6967]},"62s":{"weight":0.0,"played":[1.0E-4,0.9999],"evs":[0.0,5.35499]},"63s":{"weight":0.0,"played":[0.0028,0.9972],"evs":[0.0,5.95291]},"64s":{"weight":0.0,"played":[1.0E-4,0.9999],"evs":[0.0,6.73276]},"65s":{"weight":0.0,"played":[2.0E-4,0.9998],"evs":[0.0,7.71775]},"66":{"weight":0.3918,"played":[0.0,1.0],"evs":[0.0,7.30148]},"76o":{"weight":0.0,"played":[0.0,1.0],"evs":[0.0,5.96325]},"86o":{"weight":0.0,"played":[0.0,1.0],"evs":[0.0,4.35444]},"96o":{"weight":0.0,"played":[0.0,1.0],"evs":[0.0,4.2247]},"T6o":{"weight":0.0,"played":[0.0,1.0],"evs":[0.0,3.74509]},"J6o":{"weight":0.0,"played":[4.0E-4,0.9996],"evs":[0.0,4.14671]},"Q6o":{"weight":0.0,"played":[0.0,1.0],"evs":[0.0,3.62116]},"K6o":{"weight":0.0,"played":[0.0,1.0],"evs":[0.0,4.19742]},"A6o":{"weight":0.0,"played":[0.0,1.0],"evs":[0.0,3.33789]},"72s":{"weight":0.0,"played":[0.0013,0.9987],"evs":[0.0,5.77071]},"73s":{"weight":0.0,"played":[0.0,1.0],"evs":[0.0,5.04854]},"74s":{"weight":0.0,"played":[0.0,1.0],"evs":[0.0,6.223]},"75s":{"weight":0.0,"played":[2.0E-4,0.9998],"evs":[0.0,6.27679]},"76s":{"weight":0.0,"played":[0.0012,0.9988],"evs":[0.0,6.90608]},"77":{"weight":0.2788,"played":[0.0,1.0],"evs":[0.0,7.89788]},"87o":{"weight":0.0,"played":[0.0,1.0],"evs":[0.0,5.1195]},"97o":{"weight":0.0,"played":[1.0E-4,0.9999],"evs":[0.0,4.71439]},"T7o":{"weight":0.0,"played":[0.0,1.0],"evs":[0.0,5.07786]},"J7o":{"weight":0.0,"played":[0.0,1.0],"evs":[0.0,4.14701]},"Q7o":{"weight":0.0,"played":[0.0,1.0],"evs":[0.0,3.34431]},"K7o":{"weight":0.0,"played":[0.0,1.0],"evs":[0.0,4.38803]},"A7o":{"weight":0.0,"played":[2.0E-4,0.9998],"evs":[0.0,3.51863]},"82s":{"weight":0.0,"played":[4.0E-4,0.9996],"evs":[0.0,5.00938]},"83s":{"weight":0.0,"played":[1.0E-4,0.9999],"evs":[0.0,4.9343]},"84s":{"weight":0.0,"played":[0.0,1.0],"evs":[0.0,5.10125]},"85s":{"weight":0.0,"played":[0.0,1.0],"evs":[0.0,7.06103]},"86s":{"weight":0.0,"played":[0.0,1.0],"evs":[0.0,7.56587]},"87s":{"weight":0.0,"played":[0.0,1.0],"evs":[0.0,9.18114]},"88":{"weight":0.3658,"played":[0.0,1.0],"evs":[0.0,8.0059]},"98o":{"weight":0.0,"played":[0.0,1.0],"evs":[0.0,5.46743]},"T8o":{"weight":0.0,"played":[0.0,1.0],"evs":[0.0,4.20168]},"J8o":{"weight":0.0,"played":[0.0,1.0],"evs":[0.0,3.78423]},"Q8o":{"weight":0.0,"played":[0.0,1.0],"evs":[0.0,4.02614]},"K8o":{"weight":0.0,"played":[1.0E-4,0.9999],"evs":[0.0,4.12137]},"A8o":{"weight":0.0,"played":[0.0,1.0],"evs":[0.0,3.35539]},"92s":{"weight":0.0,"played":[0.0,1.0],"evs":[0.0,4.23597]},"93s":{"weight":0.0,"played":[0.0,1.0],"evs":[0.0,4.71246]},"94s":{"weight":0.0,"played":[0.0,1.0],"evs":[0.0,4.70909]},"95s":{"weight":0.0,"played":[0.0,1.0],"evs":[0.0,6.15453]},"96s":{"weight":0.0,"played":[8.0E-4,0.9992],"evs":[0.0,6.61484]},"97s":{"weight":0.0,"played":[1.0E-4,0.9999],"evs":[0.0,7.92469]},"98s":{"weight":0.0,"played":[0.0,1.0],"evs":[0.0,7.46619]},"99":{"weight":0.3736,"played":[0.0,1.0],"evs":[0.0,9.3004]},"T9o":{"weight":0.0,"played":[0.0,1.0],"evs":[0.0,5.29158]},"J9o":{"weight":0.0,"played":[0.0,1.0],"evs":[0.0,4.33655]},"Q9o":{"weight":0.0,"played":[1.0E-4,0.9999],"evs":[0.0,4.82728]},"K9o":{"weight":0.0,"played":[0.0,1.0],"evs":[0.0,4.48917]},"A9o":{"weight":0.0,"played":[0.0,1.0],"evs":[0.0,4.44605]},"T2s":{"weight":0.0,"played":[1.0E-4,0.9999],"evs":[0.0,4.81126]},"T3s":{"weight":0.0,"played":[0.0,1.0],"evs":[0.0,3.48368]},"T4s":{"weight":0.0,"played":[3.0E-4,0.9997],"evs":[0.0,4.75912]},"T5s":{"weight":0.0,"played":[0.0,1.0],"evs":[0.0,5.58136]},"T6s":{"weight":0.0,"played":[1.0E-4,0.9999],"evs":[0.0,6.955]},"T7s":{"weight":0.0,"played":[1.0E-4,0.9999],"evs":[0.0,5.68189]},"T8s":{"weight":0.0,"played":[2.0E-4,0.9998],"evs":[0.0,8.45842]},"T9s":{"weight":1.0E-4,"played":[0.0,1.0],"evs":[0.0,6.08029]},"TT":{"weight":0.4584,"played":[0.0,1.0],"evs":[0.0,10.1933]},"JTo":{"weight":0.0,"played":[0.0,1.0],"evs":[0.0,5.47243]},"QTo":{"weight":0.0,"played":[0.0,1.0],"evs":[0.0,5.76828]},"KTo":{"weight":0.0,"played":[0.0,1.0],"evs":[0.0,4.3344]},"ATo":{"weight":0.4891,"played":[0.0,1.0],"evs":[0.0,5.58889]},"J2s":{"weight":0.0,"played":[0.0,1.0],"evs":[0.0,4.07363]},"J3s":{"weight":0.0,"played":[1.0E-4,0.9999],"evs":[0.0,5.33143]},"J4s":{"weight":0.0,"played":[0.0,1.0],"evs":[0.0,5.23317]},"J5s":{"weight":0.0,"played":[1.0E-4,0.9999],"evs":[0.0,5.17615]},"J6s":{"weight":0.0,"played":[1.0E-4,0.9999],"evs":[0.0,5.52135]},"J7s":{"weight":0.0,"played":[3.0E-4,0.9997],"evs":[0.0,5.2273]},"J8s":{"weight":0.0,"played":[3.0E-4,0.9997],"evs":[0.0,6.76395]},"J9s":{"weight":0.0,"played":[1.0E-4,0.9999],"evs":[0.0,7.206]},"JTs":{"weight":0.0158,"played":[0.0,1.0],"evs":[0.0,7.76256]},"JJ":{"weight":0.5697,"played":[1.0E-4,0.9999],"evs":[0.0,12.47228]},"QJo":{"weight":0.0,"played":[0.0,1.0],"evs":[0.0,5.32406]},"KJo":{"weight":2.0E-4,"played":[0.0,1.0],"evs":[0.0,6.48445]},"AJo":{"weight":0.6395,"played":[0.0,1.0],"evs":[0.0,6.34486]},"Q2s":{"weight":0.0,"played":[0.0,1.0],"evs":[0.0,4.31206]},"Q3s":{"weight":0.0,"played":[1.0E-4,0.9999],"evs":[0.0,4.96172]},"Q4s":{"weight":0.0,"played":[0.0,1.0],"evs":[0.0,4.67774]},"Q5s":{"weight":0.0,"played":[3.0E-4,0.9997],"evs":[0.0,6.45634]},"Q6s":{"weight":0.0,"played":[2.0E-4,0.9998],"evs":[0.0,4.67529]},"Q7s":{"weight":0.0,"played":[1.0E-4,0.9999],"evs":[0.0,5.33417]},"Q8s":{"weight":0.0,"played":[1.0E-4,0.9999],"evs":[0.0,6.30636]},"Q9s":{"weight":0.0,"played":[0.0,1.0],"evs":[0.0,6.44446]},"QTs":{"weight":0.319,"played":[0.0,1.0],"evs":[0.0,7.34984]},"QJs":{"weight":0.5443,"played":[0.0,1.0],"evs":[0.0,7.244]},"QQ":{"weight":0.5456,"played":[0.0,1.0],"evs":[0.0,16.6691]},"KQo":{"weight":0.5306,"played":[0.0,1.0],"evs":[0.0,6.75797]},"AQo":{"weight":0.5083,"played":[0.0,1.0],"evs":[0.0,7.42129]},"K2s":{"weight":0.0,"played":[1.0E-4,0.9999],"evs":[0.0,5.276]},"K3s":{"weight":0.0,"played":[0.0,1.0],"evs":[0.0,5.26584]},"K4s":{"weight":0.0,"played":[0.0,1.0],"evs":[0.0,5.98687]},"K5s":{"weight":0.0,"played":[0.0,1.0],"evs":[0.0,6.57009]},"K6s":{"weight":0.0,"played":[0.0,1.0],"evs":[0.0,5.76662]},"K7s":{"weight":0.0,"played":[7.0E-4,0.9993],"evs":[0.0,6.09669]},"K8s":{"weight":0.0,"played":[0.0,1.0],"evs":[0.0,7.10027]},"K9s":{"weight":1.0E-4,"played":[3.0E-4,0.9997],"evs":[0.0,5.81062]},"KTs":{"weight":0.4154,"played":[1.0E-4,0.9999],"evs":[0.0,6.94104]},"KJs":{"weight":0.4882,"played":[0.0,1.0],"evs":[0.0,6.60925]},"KQs":{"weight":0.5421,"played":[0.0,1.0],"evs":[0.0,8.41004]},"KK":{"weight":0.5279,"played":[0.0,1.0],"evs":[0.0,19.28002]},"AKo":{"weight":0.5983,"played":[0.0,1.0],"evs":[0.0,8.53577]},"A2s":{"weight":0.0,"played":[0.0,1.0],"evs":[0.0,5.38469]},"A3s":{"weight":0.0,"played":[1.0E-4,0.9999],"evs":[0.0,6.65968]},"A4s":{"weight":0.0,"played":[2.0E-4,0.9998],"evs":[0.0,6.70592]},"A5s":{"weight":2.0E-4,"played":[0.0,1.0],"evs":[0.0,7.35935]},"A6s":{"weight":0.0,"played":[4.0E-4,0.9996],"evs":[0.0,6.93165]},"A7s":{"weight":0.0,"played":[3.0E-4,0.9997],"evs":[0.0,7.17136]},"A8s":{"weight":0.4724,"played":[1.0E-4,0.9999],"evs":[0.0,5.33855]},"A9s":{"weight":0.4569,"played":[0.0,1.0],"evs":[0.0,7.07722]},"ATs":{"weight":0.6578,"played":[2.0E-4,0.9998],"evs":[0.0,6.92412]},"AJs":{"weight":0.6187,"played":[1.0E-4,0.9999],"evs":[0.0,7.65866]},"AQs":{"weight":0.7262,"played":[1.0E-4,0.9999],"evs":[0.0,8.68853]},"AKs":{"weight":0.5689,"played":[1.0E-4,0.9999],"evs":[0.0,10.27625]},"AA":{"weight":0.5586,"played":[0.0,1.0],"evs":[0.0,24.88724]}}}