{"player":3,"street":0,"children":2,"sequence":[{"player":0,"type":"R","amount":955000,"street":0},{"player":1,"type":"R","amount":1265000,"street":0},{"player":2,"type":"R","amount":2215000,"street":0}],"actions":[{"type":"F","amount":0,"node":428},{"type":"R","amount":2985000,"node":431}],"hands":{"22":{"weight":1.0,"played":[0.9979,0.0021],"evs":[0.0,-1.41918]},"32o":{"weight":1.0,"played":[1.0,0.0],"evs":[0.0,-6.36606]},"42o":{"weight":1.0,"played":[1.0,0.0],"evs":[0.0,-6.12382]},"52o":{"weight":1.0,"played":[1.0,0.0],"evs":[0.0,-5.61304]},"62o":{"weight":1.0,"played":[1.0,0.0],"evs":[0.0,-6.03779]},"72o":{"weight":1.0,"played":[1.0,0.0],"evs":[0.0,-6.95984]},"82o":{"weight":1.0,"played":[1.0,0.0],"evs":[0.0,-6.46672]},"92o":{"weight":1.0,"played":[1.0,0.0],"evs":[0.0,-6.58899]},"T2o":{"weight":1.0,"played":[1.0,0.0],"evs":[0.0,-6.53586]},"J2o":{"weight":1.0,"played":[1.0,0.0],"evs":[0.0,-5.98452]},"Q2o":{"weight":1.0,"played":[1.0,0.0],"evs":[0.0,-5.81116]},"K2o":{"weight":1.0,"played":[1.0,0.0],"evs":[0.0,-5.21262]},"A2o":{"weight":1.0,"played":[1.0,0.0],"evs":[0.0,-4.57197]},"32s":{"weight":1.0,"played":[0.9992,8.0E-4],"evs":[0.0,-3.89192]},"33":{"weight":1.0,"played":[0.9987,0.0013],"evs":[0.0,-0.85865]},"43o":{"weight":1.0,"played":[1.0,0.0],"evs":[0.0,-5.2752]},"53o":{"weight":1.0,"played":[0.9999,1.0E-4],"evs":[0.0,-4.50065]},"63o":{"weight":1.0,"played":[1.0,0.0],"evs":[0.0,-5.39053]},"73o":{"weight":1.0,"played":[1.0,0.0],"evs":[0.0,-6.03408]},"83o":{"weight":1.0,"played":[1.0,0.0],"evs":[0.0,-6.48394]},"93o":{"weight":1.0,"played":[1.0,0.0],"evs":[0.0,-6.3353]},"T3o":{"weight":1.0,"played":[1.0,0.0],"evs":[0.0,-6.36865]},"J3o":{"weight":1.0,"played":[1.0,0.0],"evs":[0.0,-6.14748]},"Q3o":{"weight":1.0,"played":[1.0,0.0],"evs":[0.0,-5.7226]},"K3o":{"weight":1.0,"played":[1.0,0.0],"evs":[0.0,-5.29498]},"A3o":{"weight":1.0,"played":[1.0,0.0],"evs":[0.0,-3.99716]},"42s":{"weight":1.0,"played":[1.0,0.0],"evs":[0.0,-4.10239]},"43s":{"weight":1.0,"played":[0.9956,0.0044],"evs":[0.0,-2.5932]},"44":{"weight":1.0,"played":[0.0153,0.9847],"evs":[0.0,0.29446]},"54o":{"weight":1.0,"played":[1.0,0.0],"evs":[0.0,-3.50341]},"64o":{"weight":1.0,"played":[1.0,0.0],"evs":[0.0,-4.21183]},"74o":{"weight":1.0,"played":[1.0,0.0],"evs":[0.0,-4.77471]},"84o":{"weight":1.0,"played":[1.0,0.0],"evs":[0.0,-5.80144]},"94o":{"weight":1.0,"played":[1.0,0.0],"evs":[0.0,-6.14312]},"T4o":{"weight":1.0,"played":[1.0,0.0],"evs":[0.0,-5.9777]},"J4o":{"weight":1.0,"played":[1.0,0.0],"evs":[0.0,-5.48426]},"Q4o":{"weight":1.0,"played":[1.0,0.0],"evs":[0.0,-5.37717]},"K4o":{"weight":1.0,"played":[1.0,0.0],"evs":[0.0,-4.78505]},"A4o":{"weight":1.0,"played":[0.9999,1.0E-4],"evs":[0.0,-3.94156]},"52s":{"weight":1.0,"played":[0.9999,1.0E-4],"evs":[0.0,-3.12638]},"53s":{"weight":1.0,"played":[1.0,0.0],"evs":[0.0,-2.99549]},"54s":{"weight":1.0,"played":[0.9979,0.0021],"evs":[0.0,-1.69508]},"55":{"weight":1.0,"played":[0.0,1.0],"evs":[0.0,0.99738]},"65o":{"weight":1.0,"played":[0.9999,1.0E-4],"evs":[0.0,-3.08051]},"75o":{"weight":1.0,"played":[1.0,0.0],"evs":[0.0,-3.32072]},"85o":{"weight":1.0,"played":[1.0,0.0],"evs":[0.0,-4.6606]},"95o":{"weight":1.0,"played":[1.0,0.0],"evs":[0.0,-5.1612]},"T5o":{"weight":1.0,"played":[1.0,0.0],"evs":[0.0,-5.6735]},"J5o":{"weight":1.0,"played":[1.0,0.0],"evs":[0.0,-5.12599]},"Q5o":{"weight":1.0,"played":[1.0,0.0],"evs":[0.0,-4.987]},"K5o":{"weight":1.0,"played":[1.0,0.0],"evs":[0.0,-4.4296]},"A5o":{"weight":1.0,"played":[0.9998,2.0E-4],"evs":[0.0,-3.14159]},"62s":{"weight":1.0,"played":[0.9997,3.0E-4],"evs":[0.0,-3.4737]},"63s":{"weight":1.0,"played":[0.9996,4.0E-4],"evs":[0.0,-2.5448]},"64s":{"weight":1.0,"played":[0.9972,0.0028],"evs":[0.0,-2.0816]},"65s":{"weight":1.0,"played":[0.9948,0.0052],"evs":[0.0,-0.80701]},"66":{"weight":1.0,"played":[0.0,1.0],"evs":[0.0,2.43915]},"76o":{"weight":1.0,"played":[1.0,0.0],"evs":[0.0,-3.04341]},"86o":{"weight":1.0,"played":[0.9999,1.0E-4],"evs":[0.0,-3.39173]},"96o":{"weight":1.0,"played":[0.9999,1.0E-4],"evs":[0.0,-4.00847]},"T6o":{"weight":1.0,"played":[0.9999,1.0E-4],"evs":[0.0,-5.13634]},"J6o":{"weight":1.0,"played":[1.0,0.0],"evs":[0.0,-5.39601]},"Q6o":{"weight":1.0,"played":[1.0,0.0],"evs":[0.0,-4.85407]},"K6o":{"weight":1.0,"played":[1.0,0.0],"evs":[0.0,-3.78229]},"A6o":{"weight":1.0,"played":[1.0,0.0],"evs":[0.0,-4.00836]},"72s":{"weight":1.0,"played":[1.0,0.0],"evs":[0.0,-4.15789]},"73s":{"weight":1.0,"played":[1.0,0.0],"evs":[0.0,-3.51405]},"74s":{"weight":1.0,"played":[0.9994,6.0E-4],"evs":[0.0,-2.70757]},"75s":{"weight":1.0,"played":[0.9836,0.0164],"evs":[0.0,-1.31823]},"76s":{"weight":1.0,"played":[0.9718,0.0282],"evs":[0.0,-0.68878]},"77":{"weight":1.0,"played":[0.0,1.0],"evs":[0.0,3.57778]},"87o":{"weight":1.0,"played":[1.0,0.0],"evs":[0.0,-2.59931]},"97o":{"weight":1.0,"played":[1.0,0.0],"evs":[0.0,-3.33771]},"T7o":{"weight":1.0,"played":[1.0,0.0],"evs":[0.0,-3.64303]},"J7o":{"weight":1.0,"played":[1.0,0.0],"evs":[0.0,-4.33889]},"Q7o":{"weight":1.0,"played":[0.9999,1.0E-4],"evs":[0.0,-4.51341]},"K7o":{"weight":1.0,"played":[0.9999,1.0E-4],"evs":[0.0,-3.57176]},"A7o":{"weight":1.0,"played":[0.9999,1.0E-4],"evs":[0.0,-3.6016]},"82s":{"weight":1.0,"played":[1.0,0.0],"evs":[0.0,-4.14581]},"83s":{"weight":1.0,"played":[1.0,0.0],"evs":[0.0,-3.67323]},"84s":{"weight":1.0,"played":[1.0,0.0],"evs":[0.0,-2.53185]},"85s":{"weight":1.0,"played":[0.9982,0.0018],"evs":[0.0,-2.28937]},"86s":{"weight":1.0,"played":[0.9472,0.0528],"evs":[0.0,-1.10606]},"87s":{"weight":1.0,"played":[0.9612,0.0388],"evs":[0.0,-0.78004]},"88":{"weight":1.0,"played":[0.0,1.0],"evs":[0.0,5.64609]},"98o":{"weight":1.0,"played":[1.0,0.0],"evs":[0.0,-2.57433]},"T8o":{"weight":1.0,"played":[1.0,0.0],"evs":[0.0,-3.06962]},"J8o":{"weight":1.0,"played":[0.9998,2.0E-4],"evs":[0.0,-3.07229]},"Q8o":{"weight":1.0,"played":[0.9999,1.0E-4],"evs":[0.0,-3.52174]},"K8o":{"weight":1.0,"played":[0.9999,1.0E-4],"evs":[0.0,-3.73301]},"A8o":{"weight":1.0,"played":[0.9985,0.0015],"evs":[0.0,-2.95671]},"92s":{"weight":1.0,"played":[1.0,0.0],"evs":[0.0,-3.26838]},"93s":{"weight":1.0,"played":[1.0,0.0],"evs":[0.0,-3.93637]},"94s":{"weight":1.0,"played":[1.0,0.0],"evs":[0.0,-3.52051]},"95s":{"weight":1.0,"played":[0.9999,1.0E-4],"evs":[0.0,-2.57545]},"96s":{"weight":1.0,"played":[0.9982,0.0018],"evs":[0.0,-1.24378]},"97s":{"weight":1.0,"played":[0.9954,0.0046],"evs":[0.0,-0.62484]},"98s":{"weight":1.0,"played":[0.8911,0.1089],"evs":[0.0,-0.98895]},"99":{"weight":1.0,"played":[0.0,1.0],"evs":[0.0,6.63529]},"T9o":{"weight":1.0,"played":[0.9998,2.0E-4],"evs":[0.0,-2.34644]},"J9o":{"weight":1.0,"played":[0.9999,1.0E-4],"evs":[0.0,-2.43438]},"Q9o":{"weight":1.0,"played":[0.9998,2.0E-4],"evs":[0.0,-2.49916]},"K9o":{"weight":1.0,"played":[0.9992,8.0E-4],"evs":[0.0,-2.23876]},"A9o":{"weight":1.0,"played":[0.9984,0.0016],"evs":[0.0,-2.37267]},"T2s":{"weight":1.0,"played":[1.0,0.0],"evs":[0.0,-4.06073]},"T3s":{"weight":1.0,"played":[0.9999,1.0E-4],"evs":[0.0,-4.00044]},"T4s":{"weight":1.0,"played":[0.9998,2.0E-4],"evs":[0.0,-3.40905]},"T5s":{"weight":1.0,"played":[1.0,0.0],"evs":[0.0,-3.22101]},"T6s":{"weight":1.0,"played":[0.9994,6.0E-4],"evs":[0.0,-2.12827]},"T7s":{"weight":1.0,"played":[0.9975,0.0025],"evs":[0.0,-1.65545]},"T8s":{"weight":1.0,"played":[0.8679,0.1321],"evs":[0.0,-0.42664]},"T9s":{"weight":1.0,"played":[0.0444,0.9556],"evs":[0.0,0.26792]},"TT":{"weight":1.0,"played":[0.0,1.0],"evs":[0.0,9.51543]},"JTo":{"weight":1.0,"played":[0.9983,0.0017],"evs":[0.0,-1.56271]},"QTo":{"weight":1.0,"played":[0.9979,0.0021],"evs":[0.0,-1.96089]},"KTo":{"weight":1.0,"played":[0.9982,0.0018],"evs":[0.0,-1.40416]},"ATo":{"weight":1.0,"played":[0.9682,0.0318],"evs":[0.0,-0.98701]},"J2s":{"weight":1.0,"played":[0.9999,1.0E-4],"evs":[0.0,-3.5363]},"J3s":{"weight":1.0,"played":[0.9994,6.0E-4],"evs":[0.0,-3.90183]},"J4s":{"weight":1.0,"played":[0.9999,1.0E-4],"evs":[0.0,-3.00673]},"J5s":{"weight":1.0,"played":[0.9999,1.0E-4],"evs":[0.0,-2.66094]},"J6s":{"weight":1.0,"played":[0.9984,0.0016],"evs":[0.0,-2.72679]},"J7s":{"weight":1.0,"played":[0.998,0.002],"evs":[0.0,-1.46143]},"J8s":{"weight":1.0,"played":[0.9916,0.0084],"evs":[0.0,-1.20546]},"J9s":{"weight":1.0,"played":[0.7841,0.2159],"evs":[0.0,-0.28273]},"JTs":{"weight":1.0,"played":[3.0E-4,0.9997],"evs":[0.0,0.73207]},"JJ":{"weight":1.0,"played":[0.0,1.0],"evs":[0.0,12.16024]},"QJo":{"weight":1.0,"played":[0.9957,0.0043],"evs":[0.0,-1.31208]},"KJo":{"weight":1.0,"played":[0.9345,0.0655],"evs":[0.0,-0.35945]},"AJo":{"weight":1.0,"played":[0.0,1.0],"evs":[0.0,0.65658]},"Q2s":{"weight":1.0,"played":[1.0,0.0],"evs":[0.0,-3.0734]},"Q3s":{"weight":1.0,"played":[0.9991,9.0E-4],"evs":[0.0,-2.98718]},"Q4s":{"weight":1.0,"played":[0.9987,0.0013],"evs":[0.0,-3.02695]},"Q5s":{"weight":1.0,"played":[1.0,0.0],"evs":[0.0,-2.19546]},"Q6s":{"weight":1.0,"played":[0.9717,0.0283],"evs":[0.0,-1.84893]},"Q7s":{"weight":1.0,"played":[0.9991,9.0E-4],"evs":[0.0,-1.9236]},"Q8s":{"weight":1.0,"played":[0.9685,0.0315],"evs":[0.0,-1.03734]},"Q9s":{"weight":1.0,"played":[0.819,0.181],"evs":[0.0,-0.35526]},"QTs":{"weight":1.0,"played":[0.0129,0.9871],"evs":[0.0,0.37733]},"QJs":{"weight":1.0,"played":[0.0094,0.9906],"evs":[0.0,0.63351]},"QQ":{"weight":1.0,"played":[0.0,1.0],"evs":[0.0,15.9995]},"KQo":{"weight":1.0,"played":[0.3371,0.6629],"evs":[0.0,0.62424]},"AQo":{"weight":1.0,"played":[0.0,1.0],"evs":[0.0,3.01487]},"K2s":{"weight":1.0,"played":[0.9997,3.0E-4],"evs":[0.0,-2.74314]},"K3s":{"weight":1.0,"played":[0.996,0.004],"evs":[0.0,-2.49197]},"K4s":{"weight":1.0,"played":[0.9994,6.0E-4],"evs":[0.0,-1.90076]},"K5s":{"weight":1.0,"played":[0.9938,0.0062],"evs":[0.0,-1.78793]},"K6s":{"weight":1.0,"played":[0.9997,3.0E-4],"evs":[0.0,-1.61969]},"K7s":{"weight":1.0,"played":[0.9976,0.0024],"evs":[0.0,-1.20337]},"K8s":{"weight":1.0,"played":[0.9651,0.0349],"evs":[0.0,-0.88039]},"K9s":{"weight":1.0,"played":[0.4018,0.5982],"evs":[0.0,-0.01426]},"KTs":{"weight":1.0,"played":[0.0012,0.9988],"evs":[0.0,0.47298]},"KJs":{"weight":1.0,"played":[0.0,1.0],"evs":[0.0,1.92487]},"KQs":{"weight":1.0,"played":[0.0,1.0],"evs":[0.0,3.28884]},"KK":{"weight":1.0,"played":[0.0,1.0],"evs":[0.0,21.3654]},"AKo":{"weight":1.0,"played":[0.0,1.0],"evs":[0.0,5.37613]},"A2s":{"weight":1.0,"played":[0.9759,0.0241],"evs":[0.0,-1.62357]},"A3s":{"weight":1.0,"played":[0.9714,0.0286],"evs":[0.0,-2.04395]},"A4s":{"weight":1.0,"played":[0.9967,0.0033],"evs":[0.0,-0.95055]},"A5s":{"weight":1.0,"played":[0.9486,0.0514],"evs":[0.0,-1.08344]},"A6s":{"weight":1.0,"played":[0.9915,0.0085],"evs":[0.0,-1.06208]},"A7s":{"weight":1.0,"played":[0.9882,0.0118],"evs":[0.0,-0.58965]},"A8s":{"weight":1.0,"played":[0.3997,0.6003],"evs":[0.0,-0.05706]},"A9s":{"weight":1.0,"played":[1.0E-4,0.9999],"evs":[0.0,0.41609]},"ATs":{"weight":1.0,"played":[0.0,1.0],"evs":[0.0,1.83143]},"AJs":{"weight":1.0,"played":[0.0,1.0],"evs":[0.0,3.56081]},"AQs":{"weight":1.0,"played":[0.0,1.0],"evs":[0.0,4.86613]},"AKs":{"weight":1.0,"played":[0.0,1.0],"evs":[0.0,7.95412]},"AA":{"weight":1.0,"played":[0.0,1.0],"evs":[0.0,27.52829]}}}