{"player":5,"street":0,"children":2,"sequence":[{"player":0,"type":"R","amount":955000,"street":0},{"player":1,"type":"R","amount":1265000,"street":0},{"player":2,"type":"R","amount":2215000,"street":0},{"player":3,"type":"F","amount":0,"street":0},{"player":4,"type":"C","amount":2165000,"street":0}],"actions":[{"type":"F","amount":0},{"type":"C","amount":885000}],"hands":{"22":{"weight":1.0,"played":[0.9952,0.0048],"evs":[0.0,-1.03136]},"32o":{"weight":1.0,"played":[0.9995,5.0E-4],"evs":[0.0,-2.54983]},"42o":{"weight":1.0,"played":[0.9996,4.0E-4],"evs":[0.0,-2.34927]},"52o":{"weight":1.0,"played":[0.9945,0.0055],"evs":[0.0,-2.01075]},"62o":{"weight":1.0,"played":[1.0,0.0],"evs":[0.0,-2.45958]},"72o":{"weight":1.0,"played":[1.0,0.0],"evs":[0.0,-3.5109]},"82o":{"weight":1.0,"played":[1.0,0.0],"evs":[0.0,-2.97475]},"92o":{"weight":1.0,"played":[1.0,0.0],"evs":[0.0,-3.05681]},"T2o":{"weight":1.0,"played":[1.0,0.0],"evs":[0.0,-3.10367]},"J2o":{"weight":1.0,"played":[0.9999,1.0E-4],"evs":[0.0,-3.41049]},"Q2o":{"weight":1.0,"played":[0.9999,1.0E-4],"evs":[0.0,-3.04729]},"K2o":{"weight":1.0,"played":[0.9999,1.0E-4],"evs":[0.0,-2.88324]},"A2o":{"weight":1.0,"played":[1.0,0.0],"evs":[0.0,-2.93705]},"32s":{"weight":1.0,"played":[0.9999,1.0E-4],"evs":[0.0,-1.23562]},"33":{"weight":1.0,"played":[0.7835,0.2165],"evs":[0.0,-0.91308]},"43o":{"weight":1.0,"played":[0.9976,0.0024],"evs":[0.0,-1.93724]},"53o":{"weight":1.0,"played":[0.9992,8.0E-4],"evs":[0.0,-1.44645]},"63o":{"weight":1.0,"played":[0.9999,1.0E-4],"evs":[0.0,-1.72992]},"73o":{"weight":1.0,"played":[0.9994,6.0E-4],"evs":[0.0,-2.3237]},"83o":{"weight":1.0,"played":[0.9999,1.0E-4],"evs":[0.0,-3.16892]},"93o":{"weight":1.0,"played":[1.0,0.0],"evs":[0.0,-3.34404]},"T3o":{"weight":1.0,"played":[1.0,0.0],"evs":[0.0,-3.28177]},"J3o":{"weight":1.0,"played":[1.0,0.0],"evs":[0.0,-3.0868]},"Q3o":{"weight":1.0,"played":[0.9995,5.0E-4],"evs":[0.0,-3.16023]},"K3o":{"weight":1.0,"played":[0.9997,3.0E-4],"evs":[0.0,-2.94487]},"A3o":{"weight":1.0,"played":[1.0,0.0],"evs":[0.0,-2.16116]},"42s":{"weight":1.0,"played":[0.8452,0.1548],"evs":[0.0,-0.94019]},"43s":{"weight":1.0,"played":[0.72,0.28],"evs":[0.0,-0.33799]},"44":{"weight":1.0,"played":[0.477,0.523],"evs":[0.0,-0.15408]},"54o":{"weight":1.0,"played":[0.9731,0.0269],"evs":[0.0,-0.65052]},"64o":{"weight":1.0,"played":[0.996,0.004],"evs":[0.0,-1.4924]},"74o":{"weight":1.0,"played":[0.9996,4.0E-4],"evs":[0.0,-2.00714]},"84o":{"weight":1.0,"played":[0.9999,1.0E-4],"evs":[0.0,-2.77036]},"94o":{"weight":1.0,"played":[0.9995,5.0E-4],"evs":[0.0,-2.70104]},"T4o":{"weight":1.0,"played":[1.0,0.0],"evs":[0.0,-3.12605]},"J4o":{"weight":1.0,"played":[1.0,0.0],"evs":[0.0,-2.79217]},"Q4o":{"weight":1.0,"played":[1.0,0.0],"evs":[0.0,-3.20287]},"K4o":{"weight":1.0,"played":[1.0,0.0],"evs":[0.0,-2.83319]},"A4o":{"weight":1.0,"played":[0.9998,2.0E-4],"evs":[0.0,-2.76306]},"52s":{"weight":1.0,"played":[0.8982,0.1018],"evs":[0.0,-0.94241]},"53s":{"weight":1.0,"played":[0.5356,0.4644],"evs":[0.0,-0.50393]},"54s":{"weight":1.0,"played":[0.5296,0.4704],"evs":[0.0,0.2182]},"55":{"weight":1.0,"played":[0.2067,0.7933],"evs":[0.0,0.43438]},"65o":{"weight":1.0,"played":[0.9736,0.0264],"evs":[0.0,-1.15577]},"75o":{"weight":1.0,"played":[0.9995,5.0E-4],"evs":[0.0,-1.51671]},"85o":{"weight":1.0,"played":[0.9998,2.0E-4],"evs":[0.0,-2.04275]},"95o":{"weight":1.0,"played":[0.9999,1.0E-4],"evs":[0.0,-2.48769]},"T5o":{"weight":1.0,"played":[1.0,0.0],"evs":[0.0,-3.29218]},"J5o":{"weight":1.0,"played":[0.9999,1.0E-4],"evs":[0.0,-2.94712]},"Q5o":{"weight":1.0,"played":[0.999,0.001],"evs":[0.0,-2.70534]},"K5o":{"weight":1.0,"played":[1.0,0.0],"evs":[0.0,-2.74774]},"A5o":{"weight":1.0,"played":[0.9998,2.0E-4],"evs":[0.0,-2.35275]},"62s":{"weight":1.0,"played":[0.993,0.007],"evs":[0.0,-1.19475]},"63s":{"weight":1.0,"played":[0.9966,0.0034],"evs":[0.0,-0.81616]},"64s":{"weight":1.0,"played":[0.9331,0.0669],"evs":[0.0,-0.83579]},"65s":{"weight":1.0,"played":[0.0136,0.9864],"evs":[0.0,0.80332]},"66":{"weight":1.0,"played":[9.0E-4,0.9991],"evs":[0.0,0.94396]},"76o":{"weight":1.0,"played":[0.9984,0.0016],"evs":[0.0,-1.18841]},"86o":{"weight":1.0,"played":[0.9991,9.0E-4],"evs":[0.0,-1.9567]},"96o":{"weight":1.0,"played":[1.0,0.0],"evs":[0.0,-2.22419]},"T6o":{"weight":1.0,"played":[0.9997,3.0E-4],"evs":[0.0,-2.30327]},"J6o":{"weight":1.0,"played":[0.9999,1.0E-4],"evs":[0.0,-2.76754]},"Q6o":{"weight":1.0,"played":[0.9999,1.0E-4],"evs":[0.0,-2.7693]},"K6o":{"weight":1.0,"played":[1.0,0.0],"evs":[0.0,-2.49772]},"A6o":{"weight":1.0,"played":[0.999,0.001],"evs":[0.0,-2.90447]},"72s":{"weight":1.0,"played":[0.9891,0.0109],"evs":[0.0,-1.81482]},"73s":{"weight":1.0,"played":[0.9874,0.0126],"evs":[0.0,-0.98013]},"74s":{"weight":1.0,"played":[0.9543,0.0457],"evs":[0.0,-1.47357]},"75s":{"weight":1.0,"played":[0.0296,0.9704],"evs":[0.0,0.72024]},"76s":{"weight":1.0,"played":[0.6175,0.3825],"evs":[0.0,-0.11717]},"77":{"weight":1.0,"played":[0.0016,0.9984],"evs":[0.0,0.62107]},"87o":{"weight":1.0,"played":[0.9986,0.0014],"evs":[0.0,-1.33017]},"97o":{"weight":1.0,"played":[0.9993,7.0E-4],"evs":[0.0,-1.52768]},"T7o":{"weight":1.0,"played":[0.9993,7.0E-4],"evs":[0.0,-2.17962]},"J7o":{"weight":1.0,"played":[1.0,0.0],"evs":[0.0,-1.91386]},"Q7o":{"weight":1.0,"played":[1.0,0.0],"evs":[0.0,-2.72362]},"K7o":{"weight":1.0,"played":[0.9998,2.0E-4],"evs":[0.0,-2.80457]},"A7o":{"weight":1.0,"played":[0.9999,1.0E-4],"evs":[0.0,-2.82311]},"82s":{"weight":1.0,"played":[0.9938,0.0062],"evs":[0.0,-1.04773]},"83s":{"weight":1.0,"played":[0.9978,0.0022],"evs":[0.0,-1.4135]},"84s":{"weight":1.0,"played":[0.8463,0.1537],"evs":[0.0,-0.2413]},"85s":{"weight":1.0,"played":[0.2846,0.7154],"evs":[0.0,0.10884]},"86s":{"weight":1.0,"played":[0.4894,0.5106],"evs":[0.0,-0.18048]},"87s":{"weight":1.0,"played":[0.1291,0.8709],"evs":[0.0,-0.11926]},"88":{"weight":1.0,"played":[0.0052,0.9948],"evs":[0.0,1.44063]},"98o":{"weight":1.0,"played":[0.9985,0.0015],"evs":[0.0,-1.62688]},"T8o":{"weight":1.0,"played":[0.999,0.001],"evs":[0.0,-1.95448]},"J8o":{"weight":1.0,"played":[0.9993,7.0E-4],"evs":[0.0,-2.88249]},"Q8o":{"weight":1.0,"played":[1.0,0.0],"evs":[0.0,-2.41119]},"K8o":{"weight":1.0,"played":[0.9998,2.0E-4],"evs":[0.0,-2.4209]},"A8o":{"weight":1.0,"played":[0.9977,0.0023],"evs":[0.0,-2.7065]},"92s":{"weight":1.0,"played":[0.9982,0.0018],"evs":[0.0,-1.60499]},"93s":{"weight":1.0,"played":[0.9885,0.0115],"evs":[0.0,-2.11906]},"94s":{"weight":1.0,"played":[1.0,0.0],"evs":[0.0,-1.87191]},"95s":{"weight":1.0,"played":[0.9895,0.0105],"evs":[0.0,-1.41492]},"96s":{"weight":1.0,"played":[0.053,0.947],"evs":[0.0,0.35688]},"97s":{"weight":1.0,"played":[0.6347,0.3653],"evs":[0.0,-0.962]},"98s":{"weight":1.0,"played":[0.2462,0.7538],"evs":[0.0,0.50425]},"99":{"weight":1.0,"played":[0.0016,0.9984],"evs":[0.0,1.85852]},"T9o":{"weight":1.0,"played":[0.9922,0.0078],"evs":[0.0,-1.87538]},"J9o":{"weight":1.0,"played":[0.9999,1.0E-4],"evs":[0.0,-1.75703]},"Q9o":{"weight":1.0,"played":[0.9995,5.0E-4],"evs":[0.0,-2.25432]},"K9o":{"weight":1.0,"played":[0.982,0.018],"evs":[0.0,-2.27794]},"A9o":{"weight":1.0,"played":[0.9996,4.0E-4],"evs":[0.0,-2.54515]},"T2s":{"weight":1.0,"played":[0.996,0.004],"evs":[0.0,-1.27085]},"T3s":{"weight":1.0,"played":[0.9812,0.0188],"evs":[0.0,-1.6899]},"T4s":{"weight":1.0,"played":[0.9955,0.0045],"evs":[0.0,-1.39413]},"T5s":{"weight":1.0,"played":[0.7378,0.2622],"evs":[0.0,-0.47141]},"T6s":{"weight":1.0,"played":[0.7939,0.2061],"evs":[0.0,-0.47436]},"T7s":{"weight":1.0,"played":[0.8073,0.1927],"evs":[0.0,-0.2476]},"T8s":{"weight":1.0,"played":[0.5792,0.4208],"evs":[0.0,-0.40885]},"T9s":{"weight":1.0,"played":[0.9514,0.0486],"evs":[0.0,-0.45818]},"TT":{"weight":1.0,"played":[0.0012,0.9988],"evs":[0.0,2.99624]},"JTo":{"weight":1.0,"played":[0.9977,0.0023],"evs":[0.0,-1.40783]},"QTo":{"weight":1.0,"played":[0.9981,0.0019],"evs":[0.0,-1.55072]},"KTo":{"weight":1.0,"played":[0.9998,2.0E-4],"evs":[0.0,-1.20185]},"ATo":{"weight":1.0,"played":[0.9985,0.0015],"evs":[0.0,-1.35497]},"J2s":{"weight":1.0,"played":[0.9929,0.0071],"evs":[0.0,-1.12063]},"J3s":{"weight":1.0,"played":[0.9882,0.0118],"evs":[0.0,-1.07115]},"J4s":{"weight":1.0,"played":[0.9936,0.0064],"evs":[0.0,-1.84873]},"J5s":{"weight":1.0,"played":[0.997,0.003],"evs":[0.0,-0.81724]},"J6s":{"weight":1.0,"played":[0.9935,0.0065],"evs":[0.0,-0.58992]},"J7s":{"weight":1.0,"played":[0.7005,0.2995],"evs":[0.0,-0.63095]},"J8s":{"weight":1.0,"played":[0.8885,0.1115],"evs":[0.0,-0.44]},"J9s":{"weight":1.0,"played":[0.3605,0.6395],"evs":[0.0,0.07649]},"JTs":{"weight":1.0,"played":[0.1818,0.8182],"evs":[0.0,0.65018]},"JJ":{"weight":1.0,"played":[0.0,1.0],"evs":[0.0,4.85047]},"QJo":{"weight":1.0,"played":[0.9847,0.0153],"evs":[0.0,-1.85121]},"KJo":{"weight":1.0,"played":[0.9936,0.0064],"evs":[0.0,-0.86843]},"AJo":{"weight":1.0,"played":[0.6695,0.3305],"evs":[0.0,-0.60739]},"Q2s":{"weight":1.0,"played":[0.99,0.01],"evs":[0.0,-1.70224]},"Q3s":{"weight":1.0,"played":[0.9986,0.0014],"evs":[0.0,-1.36348]},"Q4s":{"weight":1.0,"played":[0.9772,0.0228],"evs":[0.0,-1.75401]},"Q5s":{"weight":1.0,"played":[0.7222,0.2778],"evs":[0.0,-0.78551]},"Q6s":{"weight":1.0,"played":[0.533,0.467],"evs":[0.0,-0.75273]},"Q7s":{"weight":1.0,"played":[0.9791,0.0209],"evs":[0.0,-1.63573]},"Q8s":{"weight":1.0,"played":[0.983,0.017],"evs":[0.0,-1.50332]},"Q9s":{"weight":1.0,"played":[0.895,0.105],"evs":[0.0,-0.65391]},"QTs":{"weight":1.0,"played":[0.0344,0.9656],"evs":[0.0,0.27207]},"QJs":{"weight":1.0,"played":[0.3635,0.6365],"evs":[0.0,0.49498]},"QQ":{"weight":1.0,"played":[0.0,1.0],"evs":[0.0,7.34692]},"KQo":{"weight":1.0,"played":[0.9194,0.0806],"evs":[0.0,-0.6136]},"AQo":{"weight":1.0,"played":[0.5963,0.4037],"evs":[0.0,-0.05791]},"K2s":{"weight":1.0,"played":[0.9575,0.0425],"evs":[0.0,-1.46238]},"K3s":{"weight":1.0,"played":[0.9994,6.0E-4],"evs":[0.0,-2.0851]},"K4s":{"weight":1.0,"played":[0.8272,0.1728],"evs":[0.0,-0.89102]},"K5s":{"weight":1.0,"played":[0.9832,0.0168],"evs":[0.0,-1.32686]},"K6s":{"weight":1.0,"played":[0.8475,0.1525],"evs":[0.0,-0.91705]},"K7s":{"weight":1.0,"played":[0.9744,0.0256],"evs":[0.0,-1.2207]},"K8s":{"weight":1.0,"played":[0.7797,0.2203],"evs":[0.0,-0.35126]},"K9s":{"weight":1.0,"played":[0.2747,0.7253],"evs":[0.0,0.01727]},"KTs":{"weight":1.0,"played":[0.4949,0.5051],"evs":[0.0,-0.01815]},"KJs":{"weight":1.0,"played":[0.7243,0.2757],"evs":[0.0,0.07935]},"KQs":{"weight":1.0,"played":[0.0016,0.9984],"evs":[0.0,0.89474]},"KK":{"weight":1.0,"played":[1.0E-4,0.9999],"evs":[0.0,9.21505]},"AKo":{"weight":1.0,"played":[2.0E-4,0.9998],"evs":[0.0,0.38062]},"A2s":{"weight":1.0,"played":[0.9951,0.0049],"evs":[0.0,-1.38413]},"A3s":{"weight":1.0,"played":[0.9981,0.0019],"evs":[0.0,-1.47093]},"A4s":{"weight":1.0,"played":[0.9985,0.0015],"evs":[0.0,-1.30196]},"A5s":{"weight":1.0,"played":[0.9994,6.0E-4],"evs":[0.0,-0.81556]},"A6s":{"weight":1.0,"played":[0.8469,0.1531],"evs":[0.0,-1.2446]},"A7s":{"weight":1.0,"played":[0.9378,0.0622],"evs":[0.0,-0.5215]},"A8s":{"weight":1.0,"played":[0.9848,0.0152],"evs":[0.0,-1.09764]},"A9s":{"weight":1.0,"played":[0.0712,0.9288],"evs":[0.0,0.53702]},"ATs":{"weight":1.0,"played":[0.9626,0.0374],"evs":[0.0,-0.24802]},"AJs":{"weight":1.0,"played":[0.5701,0.4299],"evs":[0.0,0.16138]},"AQs":{"weight":1.0,"played":[0.0246,0.9754],"evs":[0.0,1.72412]},"AKs":{"weight":1.0,"played":[1.0E-4,0.9999],"evs":[0.0,2.05098]},"AA":{"weight":1.0,"played":[0.0,1.0],"evs":[0.0,14.59262]}}}