{"player":5,"street":0,"children":2,"sequence":[{"player":0,"type":"R","amount":955000,"street":0},{"player":1,"type":"R","amount":1265000,"street":0},{"player":2,"type":"R","amount":2215000,"street":0},{"player":3,"type":"R","amount":2985000,"street":0},{"player":4,"type":"F","amount":0,"street":0}],"actions":[{"type":"F","amount":0},{"type":"C","amount":885000}],"hands":{"22":{"weight":1.0,"played":[0.9048,0.0952],"evs":[0.0,-0.10157]},"32o":{"weight":1.0,"played":[0.9978,0.0022],"evs":[0.0,-2.33034]},"42o":{"weight":1.0,"played":[1.0,0.0],"evs":[0.0,-1.85605]},"52o":{"weight":1.0,"played":[0.9975,0.0025],"evs":[0.0,-2.40382]},"62o":{"weight":1.0,"played":[1.0,0.0],"evs":[0.0,-2.79045]},"72o":{"weight":1.0,"played":[0.9997,3.0E-4],"evs":[0.0,-2.77998]},"82o":{"weight":1.0,"played":[0.9996,4.0E-4],"evs":[0.0,-2.64629]},"92o":{"weight":1.0,"played":[1.0,0.0],"evs":[0.0,-3.14404]},"T2o":{"weight":1.0,"played":[1.0,0.0],"evs":[0.0,-2.98963]},"J2o":{"weight":1.0,"played":[1.0,0.0],"evs":[0.0,-3.46787]},"Q2o":{"weight":1.0,"played":[0.9974,0.0026],"evs":[0.0,-2.71686]},"K2o":{"weight":1.0,"played":[1.0,0.0],"evs":[0.0,-3.1706]},"A2o":{"weight":1.0,"played":[0.9995,5.0E-4],"evs":[0.0,-2.63821]},"32s":{"weight":1.0,"played":[1.0,0.0],"evs":[0.0,-1.26871]},"33":{"weight":1.0,"played":[0.9025,0.0975],"evs":[0.0,-0.6134]},"43o":{"weight":1.0,"played":[0.9996,4.0E-4],"evs":[0.0,-1.94847]},"53o":{"weight":1.0,"played":[0.9987,0.0013],"evs":[0.0,-1.49911]},"63o":{"weight":1.0,"played":[0.999,0.001],"evs":[0.0,-1.57422]},"73o":{"weight":1.0,"played":[1.0,0.0],"evs":[0.0,-2.44921]},"83o":{"weight":1.0,"played":[1.0,0.0],"evs":[0.0,-2.76683]},"93o":{"weight":1.0,"played":[1.0,0.0],"evs":[0.0,-3.02802]},"T3o":{"weight":1.0,"played":[0.9998,2.0E-4],"evs":[0.0,-3.13369]},"J3o":{"weight":1.0,"played":[0.9982,0.0018],"evs":[0.0,-3.2257]},"Q3o":{"weight":1.0,"played":[0.9997,3.0E-4],"evs":[0.0,-3.31063]},"K3o":{"weight":1.0,"played":[0.999,0.001],"evs":[0.0,-2.68374]},"A3o":{"weight":1.0,"played":[0.9996,4.0E-4],"evs":[0.0,-2.26288]},"42s":{"weight":1.0,"played":[0.7628,0.2372],"evs":[0.0,-0.43684]},"43s":{"weight":1.0,"played":[0.3827,0.6173],"evs":[0.0,-0.11908]},"44":{"weight":1.0,"played":[0.0537,0.9463],"evs":[0.0,0.58062]},"54o":{"weight":1.0,"played":[0.9719,0.0281],"evs":[0.0,-0.51875]},"64o":{"weight":1.0,"played":[0.9961,0.0039],"evs":[0.0,-1.13769]},"74o":{"weight":1.0,"played":[1.0,0.0],"evs":[0.0,-2.28107]},"84o":{"weight":1.0,"played":[1.0,0.0],"evs":[0.0,-2.51251]},"94o":{"weight":1.0,"played":[1.0,0.0],"evs":[0.0,-3.09296]},"T4o":{"weight":1.0,"played":[0.9999,1.0E-4],"evs":[0.0,-2.88839]},"J4o":{"weight":1.0,"played":[1.0,0.0],"evs":[0.0,-3.54366]},"Q4o":{"weight":1.0,"played":[0.9992,8.0E-4],"evs":[0.0,-3.43241]},"K4o":{"weight":1.0,"played":[0.9999,1.0E-4],"evs":[0.0,-2.51513]},"A4o":{"weight":1.0,"played":[0.9981,0.0019],"evs":[0.0,-1.76042]},"52s":{"weight":1.0,"played":[0.4552,0.5448],"evs":[0.0,0.03071]},"53s":{"weight":1.0,"played":[0.5029,0.4971],"evs":[0.0,0.15393]},"54s":{"weight":1.0,"played":[0.0841,0.9159],"evs":[0.0,0.67461]},"55":{"weight":1.0,"played":[0.053,0.947],"evs":[0.0,0.03841]},"65o":{"weight":1.0,"played":[0.9853,0.0147],"evs":[0.0,-0.90151]},"75o":{"weight":1.0,"played":[0.9998,2.0E-4],"evs":[0.0,-1.042]},"85o":{"weight":1.0,"played":[0.9995,5.0E-4],"evs":[0.0,-1.78287]},"95o":{"weight":1.0,"played":[1.0,0.0],"evs":[0.0,-2.53621]},"T5o":{"weight":1.0,"played":[0.9999,1.0E-4],"evs":[0.0,-2.95695]},"J5o":{"weight":1.0,"played":[1.0,0.0],"evs":[0.0,-2.78091]},"Q5o":{"weight":1.0,"played":[1.0,0.0],"evs":[0.0,-2.20084]},"K5o":{"weight":1.0,"played":[1.0,0.0],"evs":[0.0,-2.18629]},"A5o":{"weight":1.0,"played":[1.0,0.0],"evs":[0.0,-2.72129]},"62s":{"weight":1.0,"played":[0.9086,0.0914],"evs":[0.0,-2.18604]},"63s":{"weight":1.0,"played":[0.5404,0.4596],"evs":[0.0,-0.56914]},"64s":{"weight":1.0,"played":[0.2875,0.7125],"evs":[0.0,-0.15453]},"65s":{"weight":1.0,"played":[0.011,0.989],"evs":[0.0,0.92639]},"66":{"weight":1.0,"played":[0.0281,0.9719],"evs":[0.0,1.98859]},"76o":{"weight":1.0,"played":[0.9582,0.0418],"evs":[0.0,-0.76581]},"86o":{"weight":1.0,"played":[0.9907,0.0093],"evs":[0.0,-1.75742]},"96o":{"weight":1.0,"played":[1.0,0.0],"evs":[0.0,-2.1554]},"T6o":{"weight":1.0,"played":[1.0,0.0],"evs":[0.0,-2.13746]},"J6o":{"weight":1.0,"played":[1.0,0.0],"evs":[0.0,-2.40959]},"Q6o":{"weight":1.0,"played":[1.0,0.0],"evs":[0.0,-3.09938]},"K6o":{"weight":1.0,"played":[1.0,0.0],"evs":[0.0,-2.27934]},"A6o":{"weight":1.0,"played":[1.0,0.0],"evs":[0.0,-3.21845]},"72s":{"weight":1.0,"played":[0.9157,0.0843],"evs":[0.0,-1.89524]},"73s":{"weight":1.0,"played":[0.9916,0.0084],"evs":[0.0,-0.99483]},"74s":{"weight":1.0,"played":[0.2653,0.7347],"evs":[0.0,0.00545]},"75s":{"weight":1.0,"played":[0.7289,0.2711],"evs":[0.0,0.03014]},"76s":{"weight":1.0,"played":[0.0108,0.9892],"evs":[0.0,0.6986]},"77":{"weight":1.0,"played":[0.0031,0.9969],"evs":[0.0,0.5803]},"87o":{"weight":1.0,"played":[0.9557,0.0443],"evs":[0.0,-1.05748]},"97o":{"weight":1.0,"played":[1.0,0.0],"evs":[0.0,-1.76662]},"T7o":{"weight":1.0,"played":[0.9999,1.0E-4],"evs":[0.0,-1.94478]},"J7o":{"weight":1.0,"played":[0.9999,1.0E-4],"evs":[0.0,-2.41668]},"Q7o":{"weight":1.0,"played":[0.9999,1.0E-4],"evs":[0.0,-2.72579]},"K7o":{"weight":1.0,"played":[0.9995,5.0E-4],"evs":[0.0,-2.70993]},"A7o":{"weight":1.0,"played":[0.9998,2.0E-4],"evs":[0.0,-2.89977]},"82s":{"weight":1.0,"played":[0.9814,0.0186],"evs":[0.0,-1.72076]},"83s":{"weight":1.0,"played":[0.9922,0.0078],"evs":[0.0,-2.12125]},"84s":{"weight":1.0,"played":[0.9631,0.0369],"evs":[0.0,-0.46109]},"85s":{"weight":1.0,"played":[0.8203,0.1797],"evs":[0.0,-1.35586]},"86s":{"weight":1.0,"played":[0.3282,0.6718],"evs":[0.0,0.12428]},"87s":{"weight":1.0,"played":[0.7104,0.2896],"evs":[0.0,-0.49732]},"88":{"weight":1.0,"played":[1.0E-4,0.9999],"evs":[0.0,1.28547]},"98o":{"weight":1.0,"played":[0.9999,1.0E-4],"evs":[0.0,-1.04407]},"T8o":{"weight":1.0,"played":[0.9997,3.0E-4],"evs":[0.0,-2.36385]},"J8o":{"weight":1.0,"played":[0.9998,2.0E-4],"evs":[0.0,-2.04152]},"Q8o":{"weight":1.0,"played":[0.9994,6.0E-4],"evs":[0.0,-2.7217]},"K8o":{"weight":1.0,"played":[0.9999,1.0E-4],"evs":[0.0,-2.34212]},"A8o":{"weight":1.0,"played":[0.9999,1.0E-4],"evs":[0.0,-2.75331]},"92s":{"weight":1.0,"played":[0.9934,0.0066],"evs":[0.0,-2.06861]},"93s":{"weight":1.0,"played":[0.9759,0.0241],"evs":[0.0,-1.27813]},"94s":{"weight":1.0,"played":[0.9972,0.0028],"evs":[0.0,-1.58865]},"95s":{"weight":1.0,"played":[0.968,0.032],"evs":[0.0,-0.70616]},"96s":{"weight":1.0,"played":[0.5426,0.4574],"evs":[0.0,-1.15344]},"97s":{"weight":1.0,"played":[0.4584,0.5416],"evs":[0.0,-0.23509]},"98s":{"weight":1.0,"played":[0.0785,0.9215],"evs":[0.0,1.20007]},"99":{"weight":1.0,"played":[2.0E-4,0.9998],"evs":[0.0,2.56961]},"T9o":{"weight":1.0,"played":[0.9953,0.0047],"evs":[0.0,-1.73915]},"J9o":{"weight":1.0,"played":[0.9995,5.0E-4],"evs":[0.0,-1.82035]},"Q9o":{"weight":1.0,"played":[0.9957,0.0043],"evs":[0.0,-2.60492]},"K9o":{"weight":1.0,"played":[0.9953,0.0047],"evs":[0.0,-1.87743]},"A9o":{"weight":1.0,"played":[0.9992,8.0E-4],"evs":[0.0,-3.3889]},"T2s":{"weight":1.0,"played":[0.9995,5.0E-4],"evs":[0.0,-1.59762]},"T3s":{"weight":1.0,"played":[0.9827,0.0173],"evs":[0.0,-1.18013]},"T4s":{"weight":1.0,"played":[0.9949,0.0051],"evs":[0.0,-1.40983]},"T5s":{"weight":1.0,"played":[0.9889,0.0111],"evs":[0.0,-1.62742]},"T6s":{"weight":1.0,"played":[0.9996,4.0E-4],"evs":[0.0,-1.25969]},"T7s":{"weight":1.0,"played":[0.5011,0.4989],"evs":[0.0,-0.28109]},"T8s":{"weight":1.0,"played":[0.0121,0.9879],"evs":[0.0,0.77939]},"T9s":{"weight":1.0,"played":[0.0029,0.9971],"evs":[0.0,0.9929]},"TT":{"weight":1.0,"played":[4.0E-4,0.9996],"evs":[0.0,3.86361]},"JTo":{"weight":1.0,"played":[0.9983,0.0017],"evs":[0.0,-1.21683]},"QTo":{"weight":1.0,"played":[0.9887,0.0113],"evs":[0.0,-1.41048]},"KTo":{"weight":1.0,"played":[0.9989,0.0011],"evs":[0.0,-1.34168]},"ATo":{"weight":1.0,"played":[0.9994,6.0E-4],"evs":[0.0,-1.73141]},"J2s":{"weight":1.0,"played":[1.0,0.0],"evs":[0.0,-2.80652]},"J3s":{"weight":1.0,"played":[0.9442,0.0558],"evs":[0.0,-0.49347]},"J4s":{"weight":1.0,"played":[0.9994,6.0E-4],"evs":[0.0,-0.61097]},"J5s":{"weight":1.0,"played":[0.9925,0.0075],"evs":[0.0,-1.43705]},"J6s":{"weight":1.0,"played":[0.9789,0.0211],"evs":[0.0,-1.25276]},"J7s":{"weight":1.0,"played":[0.9597,0.0403],"evs":[0.0,-1.8066]},"J8s":{"weight":1.0,"played":[0.5109,0.4891],"evs":[0.0,-0.19293]},"J9s":{"weight":1.0,"played":[0.1629,0.8371],"evs":[0.0,1.16762]},"JTs":{"weight":1.0,"played":[0.4718,0.5282],"evs":[0.0,0.0241]},"JJ":{"weight":1.0,"played":[1.0E-4,0.9999],"evs":[0.0,4.46733]},"QJo":{"weight":1.0,"played":[0.9628,0.0372],"evs":[0.0,-0.56575]},"KJo":{"weight":1.0,"played":[0.9829,0.0171],"evs":[0.0,-0.6277]},"AJo":{"weight":1.0,"played":[0.9862,0.0138],"evs":[0.0,-0.84955]},"Q2s":{"weight":1.0,"played":[0.8647,0.1353],"evs":[0.0,-1.31123]},"Q3s":{"weight":1.0,"played":[0.9959,0.0041],"evs":[0.0,-1.48165]},"Q4s":{"weight":1.0,"played":[0.6602,0.3398],"evs":[0.0,0.13551]},"Q5s":{"weight":1.0,"played":[0.9982,0.0018],"evs":[0.0,-1.37607]},"Q6s":{"weight":1.0,"played":[0.9932,0.0068],"evs":[0.0,-1.49613]},"Q7s":{"weight":1.0,"played":[0.9978,0.0022],"evs":[0.0,-1.27643]},"Q8s":{"weight":1.0,"played":[0.9985,0.0015],"evs":[0.0,-0.78555]},"Q9s":{"weight":1.0,"played":[0.9773,0.0227],"evs":[0.0,-0.10231]},"QTs":{"weight":1.0,"played":[0.7576,0.2424],"evs":[0.0,-0.24902]},"QJs":{"weight":1.0,"played":[0.1762,0.8238],"evs":[0.0,0.80668]},"QQ":{"weight":1.0,"played":[1.0E-4,0.9999],"evs":[0.0,6.41914]},"KQo":{"weight":1.0,"played":[0.9667,0.0333],"evs":[0.0,-0.93335]},"AQo":{"weight":1.0,"played":[0.2417,0.7583],"evs":[0.0,0.39027]},"K2s":{"weight":1.0,"played":[0.9686,0.0314],"evs":[0.0,-1.19103]},"K3s":{"weight":1.0,"played":[0.9901,0.0099],"evs":[0.0,-1.27448]},"K4s":{"weight":1.0,"played":[0.9943,0.0057],"evs":[0.0,-1.09515]},"K5s":{"weight":1.0,"played":[0.8937,0.1063],"evs":[0.0,-0.22414]},"K6s":{"weight":1.0,"played":[0.8806,0.1194],"evs":[0.0,-0.68453]},"K7s":{"weight":1.0,"played":[0.5248,0.4752],"evs":[0.0,0.91448]},"K8s":{"weight":1.0,"played":[0.9921,0.0079],"evs":[0.0,-0.16011]},"K9s":{"weight":1.0,"played":[0.2911,0.7089],"evs":[0.0,0.1042]},"KTs":{"weight":1.0,"played":[0.6305,0.3695],"evs":[0.0,0.16901]},"KJs":{"weight":1.0,"played":[0.2559,0.7441],"evs":[0.0,0.29134]},"KQs":{"weight":1.0,"played":[0.0021,0.9979],"evs":[0.0,0.34607]},"KK":{"weight":1.0,"played":[0.0,1.0],"evs":[0.0,10.20628]},"AKo":{"weight":1.0,"played":[0.0113,0.9887],"evs":[0.0,1.7615]},"A2s":{"weight":1.0,"played":[0.9779,0.0221],"evs":[0.0,-1.22896]},"A3s":{"weight":1.0,"played":[0.8954,0.1046],"evs":[0.0,-0.84235]},"A4s":{"weight":1.0,"played":[0.9351,0.0649],"evs":[0.0,-0.12181]},"A5s":{"weight":1.0,"played":[0.4154,0.5846],"evs":[0.0,-0.14351]},"A6s":{"weight":1.0,"played":[0.9937,0.0063],"evs":[0.0,-1.17923]},"A7s":{"weight":1.0,"played":[0.6856,0.3144],"evs":[0.0,-0.11973]},"A8s":{"weight":1.0,"played":[0.8159,0.1841],"evs":[0.0,-0.39706]},"A9s":{"weight":1.0,"played":[0.9968,0.0032],"evs":[0.0,-0.95099]},"ATs":{"weight":1.0,"played":[0.6385,0.3615],"evs":[0.0,0.27949]},"AJs":{"weight":1.0,"played":[0.9556,0.0444],"evs":[0.0,-0.75408]},"AQs":{"weight":1.0,"played":[0.0421,0.9579],"evs":[0.0,1.30414]},"AKs":{"weight":1.0,"played":[0.2668,0.7332],"evs":[0.0,1.73746]},"AA":{"weight":1.0,"played":[0.0,1.0],"evs":[0.0,13.45262]}}}