{"player":2,"street":0,"children":3,"sequence":[{"player":0,"type":"F","amount":0,"street":0},{"player":1,"type":"F","amount":0,"street":0},{"player":2,"type":"R","amount":200000,"street":0},{"player":3,"type":"C","amount":200000,"street":0},{"player":4,"type":"C","amount":150000,"street":0},{"player":5,"type":"R","amount":985000,"street":0}],"actions":[{"type":"F","amount":0,"node":45},{"type":"C","amount":785000,"node":50},{"type":"R","amount":2215000,"node":56}],"hands":{"22":{"weight":2.0E-4,"played":[0.977,1.0E-4,0.0229],"evs":[0.0,-0.41755,-0.25057]},"32o":{"weight":0.0,"played":[1.0,0.0,0.0],"evs":[0.0,-4.52748,-4.89707]},"42o":{"weight":0.0,"played":[1.0,0.0,0.0],"evs":[0.0,-3.84177,-4.13806]},"52o":{"weight":0.0,"played":[1.0,0.0,0.0],"evs":[0.0,-3.77265,-4.23704]},"62o":{"weight":0.0,"played":[1.0,0.0,0.0],"evs":[0.0,-4.00021,-4.50379]},"72o":{"weight":0.0,"played":[1.0,0.0,0.0],"evs":[0.0,-4.42926,-4.81612]},"82o":{"weight":0.0,"played":[1.0,0.0,0.0],"evs":[0.0,-4.38132,-4.90468]},"92o":{"weight":0.0,"played":[1.0,0.0,0.0],"evs":[0.0,-4.35554,-4.91765]},"T2o":{"weight":0.0,"played":[1.0,0.0,0.0],"evs":[0.0,-4.41592,-4.85522]},"J2o":{"weight":0.0,"played":[1.0,0.0,0.0],"evs":[0.0,-4.25531,-4.48464]},"Q2o":{"weight":0.0,"played":[1.0,0.0,0.0],"evs":[0.0,-3.68327,-3.76378]},"K2o":{"weight":0.0,"played":[1.0,0.0,0.0],"evs":[0.0,-3.24611,-3.12998]},"A2o":{"weight":0.0,"played":[1.0,0.0,0.0],"evs":[0.0,-1.86586,-1.65279]},"32s":{"weight":0.0,"played":[0.9997,3.0E-4,0.0],"evs":[0.0,-2.63538,-2.8722]},"33":{"weight":0.9997,"played":[3.0E-4,0.1026,0.8971],"evs":[0.0,0.20029,0.28748]},"43o":{"weight":0.0,"played":[1.0,0.0,0.0],"evs":[0.0,-3.56265,-3.92518]},"53o":{"weight":0.0,"played":[1.0,0.0,0.0],"evs":[0.0,-2.83857,-3.23352]},"63o":{"weight":0.0,"played":[1.0,0.0,0.0],"evs":[0.0,-3.30513,-3.73726]},"73o":{"weight":0.0,"played":[1.0,0.0,0.0],"evs":[0.0,-3.73381,-4.08159]},"83o":{"weight":0.0,"played":[1.0,0.0,0.0],"evs":[0.0,-4.19171,-4.71495]},"93o":{"weight":0.0,"played":[1.0,0.0,0.0],"evs":[0.0,-4.4272,-4.86498]},"T3o":{"weight":0.0,"played":[1.0,0.0,0.0],"evs":[0.0,-4.16724,-4.4364]},"J3o":{"weight":0.0,"played":[1.0,0.0,0.0],"evs":[0.0,-3.93993,-4.16653]},"Q3o":{"weight":0.0,"played":[1.0,0.0,0.0],"evs":[0.0,-3.67353,-3.63334]},"K3o":{"weight":0.0,"played":[1.0,0.0,0.0],"evs":[0.0,-3.20586,-2.98371]},"A3o":{"weight":1.0E-4,"played":[1.0,0.0,0.0],"evs":[0.0,-2.01289,-1.85533]},"42s":{"weight":0.0,"played":[0.9999,0.0,0.0],"evs":[0.0,-2.26649,-2.61977]},"43s":{"weight":0.0,"played":[0.9996,1.0E-4,3.0E-4],"evs":[0.0,-1.20294,-1.53536]},"44":{"weight":0.9524,"played":[4.0E-4,0.0318,0.9678],"evs":[0.0,1.34007,1.45714]},"54o":{"weight":0.0,"played":[1.0,0.0,0.0],"evs":[0.0,-2.3371,-2.6384]},"64o":{"weight":0.0,"played":[1.0,0.0,0.0],"evs":[0.0,-2.45977,-2.74489]},"74o":{"weight":0.0,"played":[0.9999,1.0E-4,1.0E-4],"evs":[0.0,-3.02949,-3.24647]},"84o":{"weight":0.0,"played":[1.0,0.0,0.0],"evs":[0.0,-3.71895,-3.98003]},"94o":{"weight":0.0,"played":[1.0,0.0,0.0],"evs":[0.0,-4.14186,-4.63587]},"T4o":{"weight":0.0,"played":[1.0,0.0,0.0],"evs":[0.0,-3.94494,-4.14126]},"J4o":{"weight":0.0,"played":[1.0,0.0,0.0],"evs":[0.0,-3.92267,-3.8362]},"Q4o":{"weight":0.0,"played":[1.0,0.0,0.0],"evs":[0.0,-3.26446,-3.29262]},"K4o":{"weight":0.0,"played":[1.0,0.0,0.0],"evs":[0.0,-3.07777,-2.83788]},"A4o":{"weight":0.8848,"played":[0.9999,1.0E-4,0.0],"evs":[0.0,-1.21144,-1.04141]},"52s":{"weight":0.0,"played":[1.0,0.0,0.0],"evs":[0.0,-2.09229,-2.55308]},"53s":{"weight":0.0,"played":[0.9981,8.0E-4,0.0011],"evs":[0.0,-1.64965,-1.86367]},"54s":{"weight":0.0,"played":[0.9943,0.0049,8.0E-4],"evs":[0.0,-0.40567,-0.66872]},"55":{"weight":0.9998,"played":[0.0,0.2842,0.7158],"evs":[0.0,2.88695,2.92854]},"65o":{"weight":0.0,"played":[1.0,0.0,0.0],"evs":[0.0,-1.66169,-2.12198]},"75o":{"weight":0.0,"played":[1.0,0.0,0.0],"evs":[0.0,-1.95451,-2.1769]},"85o":{"weight":0.0,"played":[1.0,0.0,0.0],"evs":[0.0,-3.0439,-3.20255]},"95o":{"weight":0.0,"played":[1.0,0.0,0.0],"evs":[0.0,-3.20596,-3.47836]},"T5o":{"weight":0.0,"played":[1.0,0.0,0.0],"evs":[0.0,-4.0001,-4.24806]},"J5o":{"weight":0.0,"played":[1.0,0.0,0.0],"evs":[0.0,-3.53488,-3.57871]},"Q5o":{"weight":0.0,"played":[1.0,0.0,0.0],"evs":[0.0,-3.16763,-3.12759]},"K5o":{"weight":0.0,"played":[1.0,0.0,0.0],"evs":[0.0,-2.63841,-2.41344]},"A5o":{"weight":1.0,"played":[1.0,0.0,0.0],"evs":[0.0,-0.94899,-0.84263]},"62s":{"weight":0.0,"played":[1.0,0.0,0.0],"evs":[0.0,-2.29934,-2.62338]},"63s":{"weight":0.0,"played":[0.9999,0.0,1.0E-4],"evs":[0.0,-1.3216,-1.68913]},"64s":{"weight":0.0,"played":[0.9977,0.0012,0.0011],"evs":[0.0,-0.69968,-1.20507]},"65s":{"weight":0.0,"played":[0.993,0.0031,0.0039],"evs":[0.0,-0.5837,-0.84538]},"66":{"weight":1.0,"played":[0.0,0.0176,0.9824],"evs":[0.0,3.86647,4.19031]},"76o":{"weight":0.0,"played":[1.0,0.0,0.0],"evs":[0.0,-1.43471,-1.74782]},"86o":{"weight":0.0,"played":[1.0,0.0,0.0],"evs":[0.0,-2.0504,-2.22583]},"96o":{"weight":0.0,"played":[1.0,0.0,0.0],"evs":[0.0,-2.54184,-2.74339]},"T6o":{"weight":0.0,"played":[1.0,0.0,0.0],"evs":[0.0,-2.93626,-3.08796]},"J6o":{"weight":0.0,"played":[1.0,0.0,0.0],"evs":[0.0,-3.30075,-3.29044]},"Q6o":{"weight":0.0,"played":[1.0,0.0,0.0],"evs":[0.0,-2.40199,-2.34284]},"K6o":{"weight":0.0,"played":[1.0,0.0,0.0],"evs":[0.0,-2.44095,-2.26702]},"A6o":{"weight":1.0,"played":[1.0,0.0,0.0],"evs":[0.0,-0.89435,-0.74869]},"72s":{"weight":0.0,"played":[0.9994,3.0E-4,3.0E-4],"evs":[0.0,-3.07278,-3.36424]},"73s":{"weight":0.0,"played":[1.0,0.0,0.0],"evs":[0.0,-2.56761,-3.04071]},"74s":{"weight":0.0,"played":[0.9988,0.0,0.0012],"evs":[0.0,-1.98781,-2.18321]},"75s":{"weight":0.0,"played":[0.9823,6.0E-4,0.0172],"evs":[0.0,-0.41044,-0.61254]},"76s":{"weight":7.0E-4,"played":[0.2197,0.7436,0.0366],"evs":[0.0,-0.15909,-0.55434]},"77":{"weight":1.0,"played":[0.0,0.3693,0.6307],"evs":[0.0,4.12387,4.35005]},"87o":{"weight":0.0,"played":[1.0,0.0,0.0],"evs":[0.0,-1.72897,-1.95796]},"97o":{"weight":0.0,"played":[1.0,0.0,0.0],"evs":[0.0,-2.09122,-2.13414]},"T7o":{"weight":0.0,"played":[1.0,0.0,0.0],"evs":[0.0,-2.45928,-2.65803]},"J7o":{"weight":0.0,"played":[1.0,0.0,0.0],"evs":[0.0,-2.67769,-2.72276]},"Q7o":{"weight":0.0,"played":[1.0,0.0,0.0],"evs":[0.0,-2.81378,-2.79895]},"K7o":{"weight":0.0,"played":[1.0,0.0,0.0],"evs":[0.0,-2.11766,-2.09392]},"A7o":{"weight":1.0,"played":[0.9974,0.0,0.0026],"evs":[0.0,-0.66094,-0.33636]},"82s":{"weight":0.0,"played":[1.0,0.0,0.0],"evs":[0.0,-2.60989,-2.77008]},"83s":{"weight":0.0,"played":[1.0,0.0,0.0],"evs":[0.0,-3.7393,-3.56419]},"84s":{"weight":0.0,"played":[1.0,0.0,0.0],"evs":[0.0,-1.93432,-2.30523]},"85s":{"weight":0.0,"played":[0.9793,0.0018,0.0189],"evs":[0.0,-1.31075,-1.47451]},"86s":{"weight":1.0E-4,"played":[0.9843,0.0157,0.0],"evs":[0.0,-0.46686,-0.75565]},"87s":{"weight":0.9997,"played":[0.8807,0.0696,0.0497],"evs":[0.0,-0.10072,-0.14282]},"88":{"weight":1.0,"played":[0.0,0.1141,0.8859],"evs":[0.0,5.12686,5.37601]},"98o":{"weight":0.0,"played":[1.0,0.0,0.0],"evs":[0.0,-1.42783,-1.63432]},"T8o":{"weight":0.0,"played":[1.0,0.0,0.0],"evs":[0.0,-2.29996,-2.46712]},"J8o":{"weight":0.0,"played":[1.0,0.0,0.0],"evs":[0.0,-2.47132,-2.23678]},"Q8o":{"weight":0.0,"played":[1.0,0.0,0.0],"evs":[0.0,-2.40624,-2.10736]},"K8o":{"weight":0.0,"played":[1.0,0.0,0.0],"evs":[0.0,-2.04305,-1.81836]},"A8o":{"weight":1.0,"played":[0.3151,0.0464,0.6386],"evs":[0.0,-0.22446,0.06958]},"92s":{"weight":0.0,"played":[0.9999,0.0,0.0],"evs":[0.0,-2.78001,-3.28955]},"93s":{"weight":0.0,"played":[1.0,0.0,0.0],"evs":[0.0,-2.77213,-2.77727]},"94s":{"weight":0.0,"played":[1.0,0.0,0.0],"evs":[0.0,-2.63845,-2.83428]},"95s":{"weight":0.0,"played":[0.9999,0.0,1.0E-4],"evs":[0.0,-1.83258,-2.02226]},"96s":{"weight":0.0,"played":[0.9917,0.0049,0.0034],"evs":[0.0,-0.93034,-1.19919]},"97s":{"weight":0.9913,"played":[0.9896,0.0077,0.0028],"evs":[0.0,-0.55003,-0.62102]},"98s":{"weight":1.0,"played":[0.3803,0.5107,0.109],"evs":[0.0,-0.20834,-0.24562]},"99":{"weight":1.0,"played":[0.0,0.1627,0.8373],"evs":[0.0,5.90542,6.18421]},"T9o":{"weight":1.0E-4,"played":[1.0,0.0,0.0],"evs":[0.0,-1.86075,-1.71174]},"J9o":{"weight":0.0,"played":[1.0,0.0,0.0],"evs":[0.0,-1.88524,-1.85292]},"Q9o":{"weight":3.0E-4,"played":[1.0,0.0,0.0],"evs":[0.0,-1.96864,-1.77516]},"K9o":{"weight":0.9663,"played":[0.9998,0.0,2.0E-4],"evs":[0.0,-1.68347,-1.45818]},"A9o":{"weight":0.9983,"played":[6.0E-4,0.0277,0.9717],"evs":[0.0,0.90428,1.12094]},"T2s":{"weight":0.0,"played":[1.0,0.0,0.0],"evs":[0.0,-2.58856,-2.86934]},"T3s":{"weight":0.0,"played":[1.0,0.0,0.0],"evs":[0.0,-2.65015,-3.01076]},"T4s":{"weight":0.0,"played":[0.9998,1.0E-4,2.0E-4],"evs":[0.0,-2.38082,-2.72381]},"T5s":{"weight":0.0,"played":[0.9999,0.0,1.0E-4],"evs":[0.0,-1.76043,-2.02735]},"T6s":{"weight":0.0,"played":[0.9982,1.0E-4,0.0017],"evs":[0.0,-0.87524,-0.92648]},"T7s":{"weight":0.9903,"played":[1.0,0.0,0.0],"evs":[0.0,-0.94467,-0.99906]},"T8s":{"weight":1.0,"played":[0.9788,0.0046,0.0166],"evs":[0.0,-0.2101,-0.4559]},"T9s":{"weight":1.0,"played":[0.0361,0.4523,0.5115],"evs":[0.0,0.13178,0.22293]},"TT":{"weight":1.0,"played":[0.0,0.021,0.979],"evs":[0.0,7.27686,7.75909]},"JTo":{"weight":1.0,"played":[1.0,0.0,0.0],"evs":[0.0,-0.91552,-0.8114]},"QTo":{"weight":1.0,"played":[1.0,0.0,0.0],"evs":[0.0,-1.15837,-1.0181]},"KTo":{"weight":1.0,"played":[0.995,0.0037,0.0013],"evs":[0.0,-0.96765,-0.61015]},"ATo":{"weight":0.9968,"played":[0.0,0.0363,0.9637],"evs":[0.0,2.41829,2.71152]},"J2s":{"weight":0.0,"played":[1.0,0.0,0.0],"evs":[0.0,-2.75193,-2.67734]},"J3s":{"weight":0.0,"played":[1.0,0.0,0.0],"evs":[0.0,-2.37205,-2.27692]},"J4s":{"weight":0.0,"played":[0.9996,1.0E-4,3.0E-4],"evs":[0.0,-1.79138,-1.87899]},"J5s":{"weight":0.0,"played":[1.0,0.0,0.0],"evs":[0.0,-1.78555,-1.48983]},"J6s":{"weight":0.0,"played":[1.0,0.0,0.0],"evs":[0.0,-1.30296,-1.30219]},"J7s":{"weight":0.8516,"played":[0.9984,5.0E-4,0.0011],"evs":[0.0,-1.26588,-1.27597]},"J8s":{"weight":1.0,"played":[0.8444,0.1419,0.0137],"evs":[0.0,-0.62676,-0.47891]},"J9s":{"weight":1.0,"played":[0.9898,0.0095,7.0E-4],"evs":[0.0,-0.68633,-0.47354]},"JTs":{"weight":0.9998,"played":[0.0308,0.0999,0.8693],"evs":[0.0,0.12247,0.31874]},"JJ":{"weight":1.0,"played":[0.0,0.2044,0.7956],"evs":[0.0,9.11177,9.40775]},"QJo":{"weight":1.0,"played":[0.9999,0.0,1.0E-4],"evs":[0.0,-0.66554,-0.47856]},"KJo":{"weight":1.0,"played":[0.2423,0.0051,0.7526],"evs":[0.0,0.17107,0.45166]},"AJo":{"weight":0.9848,"played":[0.0,0.0349,0.9651],"evs":[0.0,4.26466,4.49616]},"Q2s":{"weight":0.0,"played":[1.0,0.0,0.0],"evs":[0.0,-1.9205,-2.01937]},"Q3s":{"weight":0.0,"played":[1.0,0.0,0.0],"evs":[0.0,-1.98641,-1.84911]},"Q4s":{"weight":0.0,"played":[0.9982,0.0,0.0018],"evs":[0.0,-1.55007,-1.4235]},"Q5s":{"weight":0.0,"played":[1.0,0.0,0.0],"evs":[0.0,-1.2208,-1.17436]},"Q6s":{"weight":1.0E-4,"played":[0.9993,0.0,7.0E-4],"evs":[0.0,-1.53211,-1.16632]},"Q7s":{"weight":0.9998,"played":[1.0,0.0,0.0],"evs":[0.0,-1.00469,-0.89654]},"Q8s":{"weight":1.0,"played":[0.9989,1.0E-4,0.001],"evs":[0.0,-0.70529,-0.55292]},"Q9s":{"weight":1.0,"played":[0.7744,0.0225,0.2032],"evs":[0.0,-0.54452,-0.35842]},"QTs":{"weight":1.0,"played":[0.1802,0.0966,0.7232],"evs":[0.0,-0.05886,0.21002]},"QJs":{"weight":0.9971,"played":[2.0E-4,0.0017,0.998],"evs":[0.0,0.77987,1.18126]},"QQ":{"weight":1.0,"played":[0.0,0.2157,0.7843],"evs":[0.0,11.67163,11.98546]},"KQo":{"weight":0.9918,"played":[1.0E-4,0.0497,0.9503],"evs":[0.0,1.21185,1.52063]},"AQo":{"weight":0.9974,"played":[0.0,0.0177,0.9823],"evs":[0.0,5.59656,5.84165]},"K2s":{"weight":0.0,"played":[0.9995,0.0,5.0E-4],"evs":[0.0,-1.42596,-1.13959]},"K3s":{"weight":0.0,"played":[0.9999,0.0,1.0E-4],"evs":[0.0,-1.45231,-1.26503]},"K4s":{"weight":0.002,"played":[0.9839,3.0E-4,0.0157],"evs":[0.0,-1.885,-1.67468]},"K5s":{"weight":0.9999,"played":[0.9998,0.0,2.0E-4],"evs":[0.0,-1.1939,-0.88161]},"K6s":{"weight":1.0,"played":[0.9403,0.0256,0.0341],"evs":[0.0,-0.41388,-0.24175]},"K7s":{"weight":1.0,"played":[0.9704,1.0E-4,0.0296],"evs":[0.0,-0.49859,-0.44619]},"K8s":{"weight":1.0,"played":[0.9999,0.0,1.0E-4],"evs":[0.0,-0.41952,-0.13365]},"K9s":{"weight":1.0,"played":[0.8345,0.0241,0.1413],"evs":[0.0,-0.25276,0.08771]},"KTs":{"weight":0.9932,"played":[0.013,0.3643,0.6228],"evs":[0.0,0.58281,0.83575]},"KJs":{"weight":1.0,"played":[0.0,0.0697,0.9303],"evs":[0.0,1.11792,1.5169]},"KQs":{"weight":0.9999,"played":[0.0,0.1879,0.8121],"evs":[0.0,2.73246,2.8731]},"KK":{"weight":1.0,"played":[0.0,0.3726,0.6274],"evs":[0.0,14.50754,14.63595]},"AKo":{"weight":1.0,"played":[0.0,0.3425,0.6575],"evs":[0.0,6.67319,6.77672]},"A2s":{"weight":1.0,"played":[0.3331,6.0E-4,0.6663],"evs":[0.0,-0.1409,0.0736]},"A3s":{"weight":1.0,"played":[0.001,0.0188,0.9802],"evs":[0.0,0.07456,0.50721]},"A4s":{"weight":0.9999,"played":[4.0E-4,0.055,0.9445],"evs":[0.0,0.85944,1.02627]},"A5s":{"weight":0.9999,"played":[4.0E-4,0.1402,0.8594],"evs":[0.0,1.08518,1.14681]},"A6s":{"weight":1.0,"played":[2.0E-4,0.9538,0.046],"evs":[0.0,0.79686,0.75827]},"A7s":{"weight":0.9847,"played":[0.0,0.0165,0.9835],"evs":[0.0,1.17918,1.59578]},"A8s":{"weight":1.0,"played":[0.0015,0.0783,0.9201],"evs":[0.0,1.52,1.72184]},"A9s":{"weight":1.0,"played":[1.0E-4,0.0233,0.9766],"evs":[0.0,2.48398,2.70478]},"ATs":{"weight":1.0,"played":[0.0,0.399,0.601],"evs":[0.0,3.76574,3.87663]},"AJs":{"weight":1.0,"played":[0.0,0.1639,0.8361],"evs":[0.0,5.96867,5.93397]},"AQs":{"weight":1.0,"played":[0.0,0.8326,0.1674],"evs":[0.0,7.05885,7.13269]},"AKs":{"weight":1.0,"played":[0.0,0.0605,0.9395],"evs":[0.0,7.83642,8.00217]},"AA":{"weight":1.0,"played":[0.0,0.0623,0.9377],"evs":[0.0,19.06322,19.21227]}}}