{"player":4,"street":0,"children":2,"sequence":[{"player":0,"type":"F","amount":0,"street":0},{"player":1,"type":"F","amount":0,"street":0},{"player":2,"type":"R","amount":200000,"street":0},{"player":3,"type":"C","amount":200000,"street":0},{"player":4,"type":"C","amount":150000,"street":0},{"player":5,"type":"R","amount":985000,"street":0},{"player":2,"type":"C","amount":785000,"street":0},{"player":3,"type":"R","amount":2985000,"street":0}],"actions":[{"type":"F","amount":0,"node":54},{"type":"C","amount":2785000,"node":55}],"hands":{"22":{"weight":0.4754,"played":[0.8808,0.1192],"evs":[0.0,-2.26437]},"32o":{"weight":0.0,"played":[1.0,0.0],"evs":[0.0,-7.7634]},"42o":{"weight":0.0,"played":[1.0,0.0],"evs":[0.0,-8.09708]},"52o":{"weight":0.0,"played":[0.9993,7.0E-4],"evs":[0.0,-6.57421]},"62o":{"weight":0.0,"played":[0.9998,2.0E-4],"evs":[0.0,-8.39922]},"72o":{"weight":0.0,"played":[1.0,0.0],"evs":[0.0,-8.81126]},"82o":{"weight":0.0,"played":[1.0,0.0],"evs":[0.0,-8.58989]},"92o":{"weight":0.0,"played":[0.9999,1.0E-4],"evs":[0.0,-9.2136]},"T2o":{"weight":0.0,"played":[0.9999,1.0E-4],"evs":[0.0,-8.7663]},"J2o":{"weight":0.0,"played":[1.0,0.0],"evs":[0.0,-7.66575]},"Q2o":{"weight":0.0,"played":[0.9998,2.0E-4],"evs":[0.0,-6.52717]},"K2o":{"weight":0.0,"played":[0.9999,1.0E-4],"evs":[0.0,-6.58799]},"A2o":{"weight":0.0,"played":[1.0,0.0],"evs":[0.0,-6.7564]},"32s":{"weight":1.0E-4,"played":[0.9988,0.0012],"evs":[0.0,-6.31341]},"33":{"weight":0.5544,"played":[0.3955,0.6045],"evs":[0.0,-0.86047]},"43o":{"weight":0.0,"played":[1.0,0.0],"evs":[0.0,-6.28764]},"53o":{"weight":0.0,"played":[1.0,0.0],"evs":[0.0,-6.58229]},"63o":{"weight":0.0,"played":[1.0,0.0],"evs":[0.0,-6.42856]},"73o":{"weight":0.0,"played":[0.9999,1.0E-4],"evs":[0.0,-8.20207]},"83o":{"weight":0.0,"played":[1.0,0.0],"evs":[0.0,-8.04127]},"93o":{"weight":0.0,"played":[1.0,0.0],"evs":[0.0,-8.0628]},"T3o":{"weight":0.0,"played":[0.9999,1.0E-4],"evs":[0.0,-8.14325]},"J3o":{"weight":0.0,"played":[0.9999,1.0E-4],"evs":[0.0,-7.4668]},"Q3o":{"weight":0.0,"played":[1.0,0.0],"evs":[0.0,-6.51068]},"K3o":{"weight":0.0,"played":[0.9669,0.0331],"evs":[0.0,-6.06292]},"A3o":{"weight":0.0,"played":[0.9999,1.0E-4],"evs":[0.0,-6.15614]},"42s":{"weight":0.0,"played":[1.0,0.0],"evs":[0.0,-4.33135]},"43s":{"weight":0.6758,"played":[0.9999,1.0E-4],"evs":[0.0,-2.55538]},"44":{"weight":0.9271,"played":[0.007,0.993],"evs":[0.0,1.19721]},"54o":{"weight":0.0,"played":[0.9979,0.0021],"evs":[0.0,-4.58093]},"64o":{"weight":0.0,"played":[0.9998,2.0E-4],"evs":[0.0,-5.68429]},"74o":{"weight":0.0,"played":[0.9995,5.0E-4],"evs":[0.0,-6.39213]},"84o":{"weight":0.0,"played":[1.0,0.0],"evs":[0.0,-6.96673]},"94o":{"weight":0.0,"played":[1.0,0.0],"evs":[0.0,-9.16349]},"T4o":{"weight":0.0,"played":[0.9988,0.0012],"evs":[0.0,-8.44878]},"J4o":{"weight":0.0,"played":[1.0,0.0],"evs":[0.0,-7.80357]},"Q4o":{"weight":0.0,"played":[1.0,0.0],"evs":[0.0,-6.30902]},"K4o":{"weight":0.0,"played":[1.0,0.0],"evs":[0.0,-4.44702]},"A4o":{"weight":0.0,"played":[0.9995,5.0E-4],"evs":[0.0,-6.07329]},"52s":{"weight":0.0,"played":[0.9967,0.0033],"evs":[0.0,-2.9161]},"53s":{"weight":0.7338,"played":[1.0,0.0],"evs":[0.0,-3.09666]},"54s":{"weight":0.996,"played":[0.8317,0.1683],"evs":[0.0,-2.62703]},"55":{"weight":0.276,"played":[0.0017,0.9983],"evs":[0.0,2.70124]},"65o":{"weight":0.0,"played":[0.9966,0.0034],"evs":[0.0,-4.79258]},"75o":{"weight":0.0,"played":[1.0,0.0],"evs":[0.0,-3.37076]},"85o":{"weight":0.0,"played":[1.0,0.0],"evs":[0.0,-5.27817]},"95o":{"weight":0.0,"played":[0.9991,9.0E-4],"evs":[0.0,-7.00962]},"T5o":{"weight":0.0,"played":[1.0,0.0],"evs":[0.0,-7.90604]},"J5o":{"weight":0.0,"played":[1.0,0.0],"evs":[0.0,-6.20307]},"Q5o":{"weight":0.0,"played":[0.9999,1.0E-4],"evs":[0.0,-6.58008]},"K5o":{"weight":0.0,"played":[0.9999,1.0E-4],"evs":[0.0,-4.6385]},"A5o":{"weight":0.0,"played":[1.0,0.0],"evs":[0.0,-4.96665]},"62s":{"weight":0.0,"played":[0.9659,0.0341],"evs":[0.0,-3.84628]},"63s":{"weight":0.0017,"played":[0.9829,0.0171],"evs":[0.0,-4.3642]},"64s":{"weight":0.9983,"played":[0.9994,6.0E-4],"evs":[0.0,-1.65046]},"65s":{"weight":0.9907,"played":[0.9782,0.0218],"evs":[0.0,-2.59593]},"66":{"weight":0.0,"played":[4.0E-4,0.9996],"evs":[0.0,4.77652]},"76o":{"weight":0.0,"played":[0.9962,0.0038],"evs":[0.0,-4.17401]},"86o":{"weight":0.0,"played":[0.9999,1.0E-4],"evs":[0.0,-5.36555]},"96o":{"weight":0.0,"played":[0.9999,1.0E-4],"evs":[0.0,-6.45787]},"T6o":{"weight":0.0,"played":[0.9995,5.0E-4],"evs":[0.0,-6.615]},"J6o":{"weight":0.0,"played":[1.0,0.0],"evs":[0.0,-6.52642]},"Q6o":{"weight":0.0,"played":[0.9995,5.0E-4],"evs":[0.0,-5.54718]},"K6o":{"weight":0.0,"played":[0.9964,0.0036],"evs":[0.0,-4.72862]},"A6o":{"weight":0.0,"played":[0.9996,4.0E-4],"evs":[0.0,-5.73963]},"72s":{"weight":0.0,"played":[0.9949,0.0051],"evs":[0.0,-5.34226]},"73s":{"weight":0.0,"played":[0.9998,2.0E-4],"evs":[0.0,-4.36204]},"74s":{"weight":1.0E-4,"played":[0.9971,0.0029],"evs":[0.0,-3.29729]},"75s":{"weight":0.9975,"played":[0.9996,4.0E-4],"evs":[0.0,-1.57285]},"76s":{"weight":0.3178,"played":[0.8959,0.1041],"evs":[0.0,-2.12048]},"77":{"weight":0.0,"played":[2.0E-4,0.9998],"evs":[0.0,4.65149]},"87o":{"weight":0.0,"played":[0.9999,1.0E-4],"evs":[0.0,-4.1826]},"97o":{"weight":0.0,"played":[0.9978,0.0022],"evs":[0.0,-4.5446]},"T7o":{"weight":0.0,"played":[0.9999,1.0E-4],"evs":[0.0,-4.96377]},"J7o":{"weight":0.0,"played":[1.0,0.0],"evs":[0.0,-6.0393]},"Q7o":{"weight":0.0,"played":[1.0,0.0],"evs":[0.0,-6.11273]},"K7o":{"weight":0.0,"played":[0.9985,0.0015],"evs":[0.0,-3.83026]},"A7o":{"weight":0.0,"played":[0.9934,0.0066],"evs":[0.0,-4.17625]},"82s":{"weight":0.0,"played":[1.0,0.0],"evs":[0.0,-4.15176]},"83s":{"weight":0.0,"played":[0.995,0.005],"evs":[0.0,-4.758]},"84s":{"weight":0.0,"played":[0.9954,0.0046],"evs":[0.0,-4.72923]},"85s":{"weight":0.1128,"played":[0.9948,0.0052],"evs":[0.0,-2.75197]},"86s":{"weight":0.7126,"played":[0.774,0.226],"evs":[0.0,-1.7594]},"87s":{"weight":0.0261,"played":[0.596,0.404],"evs":[0.0,-0.45739]},"88":{"weight":0.0,"played":[0.0,1.0],"evs":[0.0,5.70357]},"98o":{"weight":0.0,"played":[0.9962,0.0038],"evs":[0.0,-3.16135]},"T8o":{"weight":0.0,"played":[0.9994,6.0E-4],"evs":[0.0,-4.74674]},"J8o":{"weight":0.0,"played":[0.9992,8.0E-4],"evs":[0.0,-3.62725]},"Q8o":{"weight":0.0,"played":[0.9994,6.0E-4],"evs":[0.0,-4.93411]},"K8o":{"weight":0.0,"played":[0.9996,4.0E-4],"evs":[0.0,-3.95141]},"A8o":{"weight":0.0365,"played":[0.9998,2.0E-4],"evs":[0.0,-3.6848]},"92s":{"weight":0.0,"played":[0.991,0.009],"evs":[0.0,-3.92008]},"93s":{"weight":0.0,"played":[0.9956,0.0044],"evs":[0.0,-4.84876]},"94s":{"weight":0.0,"played":[0.9993,7.0E-4],"evs":[0.0,-6.29387]},"95s":{"weight":0.0,"played":[0.9208,0.0792],"evs":[0.0,-4.58785]},"96s":{"weight":0.4816,"played":[0.9281,0.0719],"evs":[0.0,-0.91012]},"97s":{"weight":0.9914,"played":[0.9867,0.0133],"evs":[0.0,-1.23814]},"98s":{"weight":0.0151,"played":[0.984,0.016],"evs":[0.0,-1.25451]},"99":{"weight":0.0,"played":[3.0E-4,0.9997],"evs":[0.0,6.81087]},"T9o":{"weight":0.0,"played":[0.9799,0.0201],"evs":[0.0,-2.96208]},"J9o":{"weight":0.0,"played":[0.993,0.007],"evs":[0.0,-4.09391]},"Q9o":{"weight":0.0,"played":[0.9997,3.0E-4],"evs":[0.0,-3.77114]},"K9o":{"weight":0.0,"played":[0.9981,0.0019],"evs":[0.0,-4.81729]},"A9o":{"weight":0.997,"played":[0.9978,0.0022],"evs":[0.0,-3.43444]},"T2s":{"weight":0.0,"played":[0.9972,0.0028],"evs":[0.0,-3.92986]},"T3s":{"weight":0.0,"played":[0.9977,0.0023],"evs":[0.0,-6.88976]},"T4s":{"weight":0.0,"played":[1.0,0.0],"evs":[0.0,-7.95472]},"T5s":{"weight":0.0,"played":[0.9273,0.0727],"evs":[0.0,-4.73412]},"T6s":{"weight":3.0E-4,"played":[0.9827,0.0173],"evs":[0.0,-5.15318]},"T7s":{"weight":0.3659,"played":[0.7983,0.2017],"evs":[0.0,-3.86538]},"T8s":{"weight":0.934,"played":[0.9619,0.0381],"evs":[0.0,-1.65629]},"T9s":{"weight":0.9481,"played":[0.6831,0.3169],"evs":[0.0,-1.82338]},"TT":{"weight":0.0,"played":[6.0E-4,0.9994],"evs":[0.0,7.92817]},"JTo":{"weight":0.0,"played":[0.9986,0.0014],"evs":[0.0,-3.48232]},"QTo":{"weight":0.0,"played":[0.9998,2.0E-4],"evs":[0.0,-1.56797]},"KTo":{"weight":0.1716,"played":[0.9999,1.0E-4],"evs":[0.0,-2.21896]},"ATo":{"weight":0.014,"played":[0.0013,0.9987],"evs":[0.0,0.24959]},"J2s":{"weight":0.0,"played":[0.9987,0.0013],"evs":[0.0,-5.83761]},"J3s":{"weight":0.0,"played":[0.9995,5.0E-4],"evs":[0.0,-4.19531]},"J4s":{"weight":0.0,"played":[0.9645,0.0355],"evs":[0.0,-4.80913]},"J5s":{"weight":0.0,"played":[0.9996,4.0E-4],"evs":[0.0,-3.31928]},"J6s":{"weight":0.0,"played":[0.9838,0.0162],"evs":[0.0,-2.89273]},"J7s":{"weight":0.001,"played":[0.9994,6.0E-4],"evs":[0.0,-2.25248]},"J8s":{"weight":0.5786,"played":[0.9051,0.0949],"evs":[0.0,-3.69227]},"J9s":{"weight":0.6569,"played":[0.4179,0.5821],"evs":[0.0,-0.83056]},"JTs":{"weight":0.7116,"played":[0.8269,0.1731],"evs":[0.0,-0.34607]},"JJ":{"weight":1.0E-4,"played":[0.0,1.0],"evs":[0.0,12.83938]},"QJo":{"weight":0.9982,"played":[0.9696,0.0304],"evs":[0.0,-1.39819]},"KJo":{"weight":0.9987,"played":[0.6486,0.3514],"evs":[0.0,-0.53421]},"AJo":{"weight":0.0,"played":[0.0027,0.9973],"evs":[0.0,2.8365]},"Q2s":{"weight":0.0,"played":[0.9998,2.0E-4],"evs":[0.0,-4.11565]},"Q3s":{"weight":0.0,"played":[0.9996,4.0E-4],"evs":[0.0,-2.76856]},"Q4s":{"weight":0.0,"played":[0.6753,0.3247],"evs":[0.0,-1.56248]},"Q5s":{"weight":0.0,"played":[0.9568,0.0432],"evs":[0.0,-4.5752]},"Q6s":{"weight":1.0E-4,"played":[0.9781,0.0219],"evs":[0.0,-4.08648]},"Q7s":{"weight":0.0067,"played":[0.9875,0.0125],"evs":[0.0,-2.8867]},"Q8s":{"weight":0.2865,"played":[0.4764,0.5236],"evs":[0.0,0.05021]},"Q9s":{"weight":0.0115,"played":[0.9883,0.0117],"evs":[0.0,-3.81051]},"QTs":{"weight":0.1163,"played":[0.3225,0.6775],"evs":[0.0,1.05041]},"QJs":{"weight":0.895,"played":[0.0296,0.9704],"evs":[0.0,3.06262]},"QQ":{"weight":0.0,"played":[0.0,1.0],"evs":[0.0,18.33279]},"KQo":{"weight":0.9867,"played":[0.0125,0.9875],"evs":[0.0,1.2459]},"AQo":{"weight":1.0E-4,"played":[0.0,1.0],"evs":[0.0,3.07802]},"K2s":{"weight":0.0,"played":[0.9577,0.0423],"evs":[0.0,-1.17919]},"K3s":{"weight":0.1436,"played":[0.8639,0.1361],"evs":[0.0,-2.58436]},"K4s":{"weight":0.9174,"played":[0.9571,0.0429],"evs":[0.0,-2.4643]},"K5s":{"weight":0.9294,"played":[0.7107,0.2893],"evs":[0.0,0.299]},"K6s":{"weight":0.0246,"played":[0.3423,0.6577],"evs":[0.0,-0.04781]},"K7s":{"weight":0.004,"played":[0.6616,0.3384],"evs":[0.0,-1.28126]},"K8s":{"weight":0.5034,"played":[0.8312,0.1688],"evs":[0.0,-0.65804]},"K9s":{"weight":0.0108,"played":[0.3683,0.6317],"evs":[0.0,-0.11009]},"KTs":{"weight":0.7004,"played":[0.2749,0.7251],"evs":[0.0,1.31771]},"KJs":{"weight":0.7344,"played":[1.0E-4,0.9999],"evs":[0.0,1.21199]},"KQs":{"weight":0.7025,"played":[0.0016,0.9984],"evs":[0.0,3.23448]},"KK":{"weight":4.0E-4,"played":[0.0,1.0],"evs":[0.0,24.80853]},"AKo":{"weight":0.0,"played":[3.0E-4,0.9997],"evs":[0.0,6.73914]},"A2s":{"weight":0.0053,"played":[0.9992,8.0E-4],"evs":[0.0,-4.75897]},"A3s":{"weight":0.0107,"played":[0.9998,2.0E-4],"evs":[0.0,-3.94234]},"A4s":{"weight":0.0064,"played":[0.9619,0.0381],"evs":[0.0,-2.13132]},"A5s":{"weight":9.0E-4,"played":[0.9778,0.0222],"evs":[0.0,-1.59414]},"A6s":{"weight":1.0E-4,"played":[0.989,0.011],"evs":[0.0,-4.08587]},"A7s":{"weight":0.0115,"played":[0.437,0.563],"evs":[0.0,0.43339]},"A8s":{"weight":2.0E-4,"played":[0.6953,0.3047],"evs":[0.0,-0.27094]},"A9s":{"weight":0.5879,"played":[0.2648,0.7352],"evs":[0.0,-0.07483]},"ATs":{"weight":0.2536,"played":[2.0E-4,0.9998],"evs":[0.0,2.71329]},"AJs":{"weight":0.0,"played":[6.0E-4,0.9994],"evs":[0.0,6.56279]},"AQs":{"weight":3.0E-4,"played":[4.0E-4,0.9996],"evs":[0.0,5.80492]},"AKs":{"weight":0.0,"played":[0.0014,0.9986],"evs":[0.0,12.73412]},"AA":{"weight":0.0242,"played":[0.0,1.0],"evs":[0.0,33.70169]}}}