{"player":2,"street":0,"children":2,"sequence":[{"player":0,"type":"F","amount":0,"street":0},{"player":1,"type":"F","amount":0,"street":0},{"player":2,"type":"R","amount":200000,"street":0},{"player":3,"type":"C","amount":200000,"street":0},{"player":4,"type":"C","amount":150000,"street":0},{"player":5,"type":"R","amount":985000,"street":0},{"player":2,"type":"C","amount":785000,"street":0},{"player":3,"type":"R","amount":2985000,"street":0},{"player":4,"type":"C","amount":2785000,"street":0}],"actions":[{"type":"F","amount":0},{"type":"C","amount":1230000}],"hands":{"22":{"weight":0.0,"played":[0.0026,0.9974],"evs":[0.0,5.13846]},"32o":{"weight":0.0,"played":[0.5369,0.4631],"evs":[0.0,-0.05047]},"42o":{"weight":0.0,"played":[0.012,0.988],"evs":[0.0,1.4894]},"52o":{"weight":0.0,"played":[0.7122,0.2878],"evs":[0.0,-0.05076]},"62o":{"weight":0.0,"played":[0.0281,0.9719],"evs":[0.0,0.53555]},"72o":{"weight":0.0,"played":[0.4621,0.5379],"evs":[0.0,0.38701]},"82o":{"weight":0.0,"played":[0.6473,0.3527],"evs":[0.0,0.01795]},"92o":{"weight":0.0,"played":[0.9196,0.0804],"evs":[0.0,-1.79508]},"T2o":{"weight":0.0,"played":[0.6752,0.3248],"evs":[0.0,-0.73798]},"J2o":{"weight":0.0,"played":[0.8764,0.1236],"evs":[0.0,-0.02961]},"Q2o":{"weight":0.0,"played":[0.9944,0.0056],"evs":[0.0,-0.46591]},"K2o":{"weight":0.0,"played":[0.0243,0.9757],"evs":[0.0,0.46503]},"A2o":{"weight":0.0,"played":[0.0015,0.9985],"evs":[0.0,1.53501]},"32s":{"weight":0.0,"played":[0.0404,0.9596],"evs":[0.0,2.36043]},"33":{"weight":0.1026,"played":[3.0E-4,0.9997],"evs":[0.0,4.96051]},"43o":{"weight":0.0,"played":[0.0162,0.9838],"evs":[0.0,0.9887]},"53o":{"weight":0.0,"played":[0.0117,0.9883],"evs":[0.0,1.91295]},"63o":{"weight":0.0,"played":[0.0026,0.9974],"evs":[0.0,1.47766]},"73o":{"weight":0.0,"played":[0.0831,0.9169],"evs":[0.0,0.9116]},"83o":{"weight":0.0,"played":[0.7026,0.2974],"evs":[0.0,0.17233]},"93o":{"weight":0.0,"played":[0.8185,0.1815],"evs":[0.0,-0.55632]},"T3o":{"weight":0.0,"played":[0.997,0.003],"evs":[0.0,-0.53033]},"J3o":{"weight":0.0,"played":[0.9939,0.0061],"evs":[0.0,-1.22849]},"Q3o":{"weight":0.0,"played":[0.7687,0.2313],"evs":[0.0,-0.65019]},"K3o":{"weight":0.0,"played":[0.776,0.224],"evs":[0.0,-0.30907]},"A3o":{"weight":0.0,"played":[4.0E-4,0.9996],"evs":[0.0,1.50567]},"42s":{"weight":0.0,"played":[0.0011,0.9989],"evs":[0.0,1.40187]},"43s":{"weight":0.0,"played":[0.0528,0.9472],"evs":[0.0,1.25951]},"44":{"weight":0.0302,"played":[0.0,1.0],"evs":[0.0,4.71921]},"54o":{"weight":0.0,"played":[0.0078,0.9922],"evs":[0.0,3.23162]},"64o":{"weight":0.0,"played":[0.0403,0.9597],"evs":[0.0,1.72991]},"74o":{"weight":0.0,"played":[0.0094,0.9906],"evs":[0.0,2.66233]},"84o":{"weight":0.0,"played":[0.2031,0.7969],"evs":[0.0,0.16715]},"94o":{"weight":0.0,"played":[0.7504,0.2496],"evs":[0.0,-1.11455]},"T4o":{"weight":0.0,"played":[0.4091,0.5909],"evs":[0.0,0.50514]},"J4o":{"weight":0.0,"played":[0.1928,0.8072],"evs":[0.0,0.00808]},"Q4o":{"weight":0.0,"played":[0.5128,0.4872],"evs":[0.0,-0.83335]},"K4o":{"weight":0.0,"played":[0.3005,0.6995],"evs":[0.0,0.10814]},"A4o":{"weight":1.0E-4,"played":[0.0,1.0],"evs":[0.0,2.55134]},"52s":{"weight":0.0,"played":[0.0014,0.9986],"evs":[0.0,2.8298]},"53s":{"weight":0.0,"played":[0.0,1.0],"evs":[0.0,3.08025]},"54s":{"weight":0.0,"played":[0.0076,0.9924],"evs":[0.0,5.43977]},"55":{"weight":0.2841,"played":[4.0E-4,0.9996],"evs":[0.0,9.39516]},"65o":{"weight":0.0,"played":[0.0087,0.9913],"evs":[0.0,4.68536]},"75o":{"weight":0.0,"played":[0.0056,0.9944],"evs":[0.0,4.16311]},"85o":{"weight":0.0,"played":[0.042,0.958],"evs":[0.0,2.47108]},"95o":{"weight":0.0,"played":[0.0226,0.9774],"evs":[0.0,1.64528]},"T5o":{"weight":0.0,"played":[0.5112,0.4888],"evs":[0.0,0.16941]},"J5o":{"weight":0.0,"played":[0.9319,0.0681],"evs":[0.0,-0.68949]},"Q5o":{"weight":0.0,"played":[3.0E-4,0.9997],"evs":[0.0,1.14384]},"K5o":{"weight":0.0,"played":[0.3312,0.6688],"evs":[0.0,0.4245]},"A5o":{"weight":0.0,"played":[0.0021,0.9979],"evs":[0.0,3.41535]},"62s":{"weight":0.0,"played":[0.0076,0.9924],"evs":[0.0,3.91166]},"63s":{"weight":0.0,"played":[0.0021,0.9979],"evs":[0.0,5.80982]},"64s":{"weight":0.0,"played":[0.0018,0.9982],"evs":[0.0,3.2701]},"65s":{"weight":0.0,"played":[3.0E-4,0.9997],"evs":[0.0,6.59167]},"66":{"weight":0.0176,"played":[0.0,1.0],"evs":[0.0,8.99583]},"76o":{"weight":0.0,"played":[0.0228,0.9772],"evs":[0.0,4.09343]},"86o":{"weight":0.0,"played":[0.0028,0.9972],"evs":[0.0,4.35714]},"96o":{"weight":0.0,"played":[0.0058,0.9942],"evs":[0.0,2.59893]},"T6o":{"weight":0.0,"played":[0.0652,0.9348],"evs":[0.0,1.67072]},"J6o":{"weight":0.0,"played":[0.2145,0.7855],"evs":[0.0,1.0219]},"Q6o":{"weight":0.0,"played":[0.0041,0.9959],"evs":[0.0,2.08905]},"K6o":{"weight":0.0,"played":[0.0219,0.9781],"evs":[0.0,2.15062]},"A6o":{"weight":0.0,"played":[0.0029,0.9971],"evs":[0.0,2.61839]},"72s":{"weight":0.0,"played":[0.1404,0.8596],"evs":[0.0,1.98223]},"73s":{"weight":0.0,"played":[0.0032,0.9968],"evs":[0.0,4.43956]},"74s":{"weight":0.0,"played":[0.0041,0.9959],"evs":[0.0,5.01029]},"75s":{"weight":0.0,"played":[0.0,1.0],"evs":[0.0,3.99395]},"76s":{"weight":5.0E-4,"played":[0.0035,0.9965],"evs":[0.0,7.67438]},"77":{"weight":0.3693,"played":[0.0,1.0],"evs":[0.0,8.87944]},"87o":{"weight":0.0,"played":[0.0097,0.9903],"evs":[0.0,4.84674]},"97o":{"weight":0.0,"played":[0.0011,0.9989],"evs":[0.0,3.33793]},"T7o":{"weight":0.0,"played":[2.0E-4,0.9998],"evs":[0.0,2.39174]},"J7o":{"weight":0.0,"played":[0.0338,0.9662],"evs":[0.0,2.39339]},"Q7o":{"weight":0.0,"played":[0.0089,0.9911],"evs":[0.0,1.61266]},"K7o":{"weight":0.0,"played":[0.0028,0.9972],"evs":[0.0,1.85925]},"A7o":{"weight":0.0,"played":[0.0043,0.9957],"evs":[0.0,4.27852]},"82s":{"weight":0.0,"played":[0.0911,0.9089],"evs":[0.0,1.86512]},"83s":{"weight":0.0,"played":[0.7849,0.2151],"evs":[0.0,0.47386]},"84s":{"weight":0.0,"played":[8.0E-4,0.9992],"evs":[0.0,3.75696]},"85s":{"weight":0.0,"played":[4.0E-4,0.9996],"evs":[0.0,4.75428]},"86s":{"weight":0.0,"played":[0.0017,0.9983],"evs":[0.0,6.30207]},"87s":{"weight":0.0695,"played":[0.0,1.0],"evs":[0.0,5.0513]},"88":{"weight":0.1141,"played":[0.0,1.0],"evs":[0.0,9.94343]},"98o":{"weight":0.0,"played":[0.0048,0.9952],"evs":[0.0,4.33765]},"T8o":{"weight":0.0,"played":[0.0299,0.9701],"evs":[0.0,3.39434]},"J8o":{"weight":0.0,"played":[0.0485,0.9515],"evs":[0.0,2.91122]},"Q8o":{"weight":0.0,"played":[0.0362,0.9638],"evs":[0.0,1.92275]},"K8o":{"weight":0.0,"played":[0.0315,0.9685],"evs":[0.0,1.74144]},"A8o":{"weight":0.0464,"played":[0.0012,0.9988],"evs":[0.0,3.01742]},"92s":{"weight":0.0,"played":[0.2222,0.7778],"evs":[0.0,0.05453]},"93s":{"weight":0.0,"played":[0.0141,0.9859],"evs":[0.0,1.1241]},"94s":{"weight":0.0,"played":[5.0E-4,0.9995],"evs":[0.0,1.22032]},"95s":{"weight":0.0,"played":[0.0087,0.9913],"evs":[0.0,2.25637]},"96s":{"weight":0.0,"played":[0.0023,0.9977],"evs":[0.0,4.43177]},"97s":{"weight":0.0076,"played":[0.0109,0.9891],"evs":[0.0,5.13806]},"98s":{"weight":0.5107,"played":[1.0E-4,0.9999],"evs":[0.0,6.43965]},"99":{"weight":0.1627,"played":[0.0,1.0],"evs":[0.0,10.97846]},"T9o":{"weight":0.0,"played":[1.0E-4,0.9999],"evs":[0.0,3.7175]},"J9o":{"weight":0.0,"played":[0.0024,0.9976],"evs":[0.0,2.97339]},"Q9o":{"weight":0.0,"played":[0.0071,0.9929],"evs":[0.0,1.26142]},"K9o":{"weight":0.0,"played":[0.0,1.0],"evs":[0.0,1.68174]},"A9o":{"weight":0.0277,"played":[0.0,1.0],"evs":[0.0,3.85988]},"T2s":{"weight":0.0,"played":[0.109,0.891],"evs":[0.0,1.75064]},"T3s":{"weight":0.0,"played":[0.0087,0.9913],"evs":[0.0,3.00679]},"T4s":{"weight":0.0,"played":[1.0E-4,0.9999],"evs":[0.0,2.48859]},"T5s":{"weight":0.0,"played":[2.0E-4,0.9998],"evs":[0.0,5.99706]},"T6s":{"weight":0.0,"played":[0.0,1.0],"evs":[0.0,4.89462]},"T7s":{"weight":0.0,"played":[4.0E-4,0.9996],"evs":[0.0,5.65873]},"T8s":{"weight":0.0046,"played":[0.0,1.0],"evs":[0.0,5.11491]},"T9s":{"weight":0.4523,"played":[0.0011,0.9989],"evs":[0.0,6.26441]},"TT":{"weight":0.021,"played":[0.0,1.0],"evs":[0.0,11.83545]},"JTo":{"weight":0.0,"played":[5.0E-4,0.9995],"evs":[0.0,3.10747]},"QTo":{"weight":0.0,"played":[0.0087,0.9913],"evs":[0.0,2.72706]},"KTo":{"weight":0.0037,"played":[0.0,1.0],"evs":[0.0,3.09312]},"ATo":{"weight":0.0361,"played":[0.0,1.0],"evs":[0.0,6.2782]},"J2s":{"weight":0.0,"played":[0.0022,0.9978],"evs":[0.0,1.69168]},"J3s":{"weight":0.0,"played":[0.0028,0.9972],"evs":[0.0,2.27856]},"J4s":{"weight":0.0,"played":[0.0051,0.9949],"evs":[0.0,3.5991]},"J5s":{"weight":0.0,"played":[0.0053,0.9947],"evs":[0.0,4.63713]},"J6s":{"weight":0.0,"played":[0.0021,0.9979],"evs":[0.0,4.91462]},"J7s":{"weight":5.0E-4,"played":[0.0021,0.9979],"evs":[0.0,3.81719]},"J8s":{"weight":0.1419,"played":[1.0E-4,0.9999],"evs":[0.0,5.19342]},"J9s":{"weight":0.0095,"played":[1.0E-4,0.9999],"evs":[0.0,4.86714]},"JTs":{"weight":0.0999,"played":[3.0E-4,0.9997],"evs":[0.0,5.80537]},"JJ":{"weight":0.2044,"played":[0.0,1.0],"evs":[0.0,14.49146]},"QJo":{"weight":0.0,"played":[8.0E-4,0.9992],"evs":[0.0,3.16168]},"KJo":{"weight":0.0051,"played":[0.0,1.0],"evs":[0.0,4.14732]},"AJo":{"weight":0.0343,"played":[0.0,1.0],"evs":[0.0,8.57826]},"Q2s":{"weight":0.0,"played":[0.2912,0.7088],"evs":[0.0,1.47585]},"Q3s":{"weight":0.0,"played":[0.131,0.869],"evs":[0.0,2.11357]},"Q4s":{"weight":0.0,"played":[0.0018,0.9982],"evs":[0.0,3.18345]},"Q5s":{"weight":0.0,"played":[0.0574,0.9426],"evs":[0.0,2.45452]},"Q6s":{"weight":0.0,"played":[0.0014,0.9986],"evs":[0.0,4.21897]},"Q7s":{"weight":0.0,"played":[0.0552,0.9448],"evs":[0.0,3.66333]},"Q8s":{"weight":1.0E-4,"played":[0.0021,0.9979],"evs":[0.0,4.49618]},"Q9s":{"weight":0.0225,"played":[8.0E-4,0.9992],"evs":[0.0,3.2154]},"QTs":{"weight":0.0966,"played":[0.0,1.0],"evs":[0.0,6.13733]},"QJs":{"weight":0.0017,"played":[2.0E-4,0.9998],"evs":[0.0,5.63609]},"QQ":{"weight":0.2157,"played":[0.0,1.0],"evs":[0.0,18.3982]},"KQo":{"weight":0.0493,"played":[1.0E-4,0.9999],"evs":[0.0,5.36743]},"AQo":{"weight":0.0177,"played":[0.0,1.0],"evs":[0.0,11.59939]},"K2s":{"weight":0.0,"played":[0.4441,0.5559],"evs":[0.0,1.5234]},"K3s":{"weight":0.0,"played":[0.0048,0.9952],"evs":[0.0,1.4927]},"K4s":{"weight":0.0,"played":[0.0155,0.9845],"evs":[0.0,2.67397]},"K5s":{"weight":0.0,"played":[0.0547,0.9453],"evs":[0.0,2.35743]},"K6s":{"weight":0.0256,"played":[1.0E-4,0.9999],"evs":[0.0,3.77279]},"K7s":{"weight":1.0E-4,"played":[3.0E-4,0.9997],"evs":[0.0,3.67944]},"K8s":{"weight":0.0,"played":[2.0E-4,0.9998],"evs":[0.0,3.08605]},"K9s":{"weight":0.0241,"played":[0.0019,0.9981],"evs":[0.0,3.33974]},"KTs":{"weight":0.3618,"played":[0.0031,0.9969],"evs":[0.0,4.73675]},"KJs":{"weight":0.0697,"played":[5.0E-4,0.9995],"evs":[0.0,6.31241]},"KQs":{"weight":0.1879,"played":[1.0E-4,0.9999],"evs":[0.0,9.4151]},"KK":{"weight":0.3726,"played":[0.0,1.0],"evs":[0.0,23.64611]},"AKo":{"weight":0.3425,"played":[0.0,1.0],"evs":[0.0,12.10275]},"A2s":{"weight":6.0E-4,"played":[0.0043,0.9957],"evs":[0.0,5.05589]},"A3s":{"weight":0.0188,"played":[1.0E-4,0.9999],"evs":[0.0,5.13868]},"A4s":{"weight":0.055,"played":[0.0,1.0],"evs":[0.0,4.87686]},"A5s":{"weight":0.1402,"played":[0.0014,0.9986],"evs":[0.0,7.87795]},"A6s":{"weight":0.9538,"played":[8.0E-4,0.9992],"evs":[0.0,5.76739]},"A7s":{"weight":0.0162,"played":[3.0E-4,0.9997],"evs":[0.0,7.6777]},"A8s":{"weight":0.0783,"played":[0.004,0.996],"evs":[0.0,8.13121]},"A9s":{"weight":0.0233,"played":[5.0E-4,0.9995],"evs":[0.0,6.75912]},"ATs":{"weight":0.399,"played":[0.0,1.0],"evs":[0.0,8.23062]},"AJs":{"weight":0.1639,"played":[0.0011,0.9989],"evs":[0.0,10.83535]},"AQs":{"weight":0.8326,"played":[0.0,1.0],"evs":[0.0,13.07593]},"AKs":{"weight":0.0605,"played":[0.0,1.0],"evs":[0.0,14.93628]},"AA":{"weight":0.0623,"played":[0.0,1.0],"evs":[0.0,31.54261]}}}