{"player":3,"street":0,"children":2,"sequence":[{"player":0,"type":"F","amount":0,"street":0},{"player":1,"type":"F","amount":0,"street":0},{"player":2,"type":"R","amount":200000,"street":0},{"player":3,"type":"C","amount":200000,"street":0},{"player":4,"type":"R","amount":2985000,"street":0},{"player":5,"type":"F","amount":0,"street":0},{"player":2,"type":"F","amount":0,"street":0}],"actions":[{"type":"F","amount":0},{"type":"C","amount":2785000}],"hands":{"22":{"weight":0.008,"played":[1.0,0.0],"evs":[0.0,-2.53162]},"32o":{"weight":0.0,"played":[1.0,0.0],"evs":[0.0,-9.55959]},"42o":{"weight":0.0,"played":[1.0,0.0],"evs":[0.0,-9.17608]},"52o":{"weight":0.0,"played":[1.0,0.0],"evs":[0.0,-9.00253]},"62o":{"weight":0.0,"played":[1.0,0.0],"evs":[0.0,-9.37826]},"72o":{"weight":0.0,"played":[1.0,0.0],"evs":[0.0,-9.79399]},"82o":{"weight":0.0,"played":[1.0,0.0],"evs":[0.0,-9.25419]},"92o":{"weight":0.0,"played":[1.0,0.0],"evs":[0.0,-8.57742]},"T2o":{"weight":0.0,"played":[1.0,0.0],"evs":[0.0,-8.50669]},"J2o":{"weight":0.0,"played":[1.0,0.0],"evs":[0.0,-8.09583]},"Q2o":{"weight":0.0,"played":[1.0,0.0],"evs":[0.0,-7.4549]},"K2o":{"weight":0.0,"played":[1.0,0.0],"evs":[0.0,-6.66509]},"A2o":{"weight":0.0,"played":[1.0,0.0],"evs":[0.0,-4.68558]},"32s":{"weight":0.0,"played":[1.0,0.0],"evs":[0.0,-7.6708]},"33":{"weight":0.6207,"played":[1.0,0.0],"evs":[0.0,-1.67731]},"43o":{"weight":0.0,"played":[1.0,0.0],"evs":[0.0,-8.26633]},"53o":{"weight":0.0,"played":[1.0,0.0],"evs":[0.0,-8.07511]},"63o":{"weight":0.0,"played":[1.0,0.0],"evs":[0.0,-8.45849]},"73o":{"weight":0.0,"played":[1.0,0.0],"evs":[0.0,-9.12009]},"83o":{"weight":0.0,"played":[1.0,0.0],"evs":[0.0,-9.08531]},"93o":{"weight":0.0,"played":[1.0,0.0],"evs":[0.0,-8.47929]},"T3o":{"weight":0.0,"played":[1.0,0.0],"evs":[0.0,-7.97456]},"J3o":{"weight":0.0,"played":[1.0,0.0],"evs":[0.0,-7.70149]},"Q3o":{"weight":0.0,"played":[1.0,0.0],"evs":[0.0,-7.21286]},"K3o":{"weight":0.0,"played":[1.0,0.0],"evs":[0.0,-6.23084]},"A3o":{"weight":0.0,"played":[1.0,0.0],"evs":[0.0,-4.33101]},"42s":{"weight":0.0,"played":[1.0,0.0],"evs":[0.0,-7.27268]},"43s":{"weight":0.0,"played":[1.0,0.0],"evs":[0.0,-6.48089]},"44":{"weight":0.9996,"played":[1.0,0.0],"evs":[0.0,-0.70592]},"54o":{"weight":0.0,"played":[1.0,0.0],"evs":[0.0,-7.23225]},"64o":{"weight":0.0,"played":[1.0,0.0],"evs":[0.0,-7.8501]},"74o":{"weight":0.0,"played":[1.0,0.0],"evs":[0.0,-8.11128]},"84o":{"weight":0.0,"played":[1.0,0.0],"evs":[0.0,-8.34965]},"94o":{"weight":0.0,"played":[1.0,0.0],"evs":[0.0,-8.3464]},"T4o":{"weight":0.0,"played":[1.0,0.0],"evs":[0.0,-7.76278]},"J4o":{"weight":0.0,"played":[1.0,0.0],"evs":[0.0,-7.36015]},"Q4o":{"weight":0.0,"played":[1.0,0.0],"evs":[0.0,-6.99013]},"K4o":{"weight":0.0,"played":[1.0,0.0],"evs":[0.0,-6.07458]},"A4o":{"weight":0.0,"played":[1.0,0.0],"evs":[0.0,-4.03172]},"52s":{"weight":0.0,"played":[1.0,0.0],"evs":[0.0,-6.90834]},"53s":{"weight":0.0,"played":[1.0,0.0],"evs":[0.0,-6.25891]},"54s":{"weight":0.794,"played":[1.0,0.0],"evs":[0.0,-5.43479]},"55":{"weight":0.9776,"played":[0.7322,0.2678],"evs":[0.0,-0.15451]},"65o":{"weight":0.0,"played":[1.0,0.0],"evs":[0.0,-7.25141]},"75o":{"weight":0.0,"played":[1.0,0.0],"evs":[0.0,-7.49638]},"85o":{"weight":0.0,"played":[1.0,0.0],"evs":[0.0,-7.68457]},"95o":{"weight":0.0,"played":[1.0,0.0],"evs":[0.0,-7.56271]},"T5o":{"weight":0.0,"played":[1.0,0.0],"evs":[0.0,-7.78333]},"J5o":{"weight":0.0,"played":[1.0,0.0],"evs":[0.0,-7.21134]},"Q5o":{"weight":0.0,"played":[1.0,0.0],"evs":[0.0,-6.68334]},"K5o":{"weight":0.0,"played":[1.0,0.0],"evs":[0.0,-5.86649]},"A5o":{"weight":0.0,"played":[1.0,0.0],"evs":[0.0,-3.53584]},"62s":{"weight":0.0,"played":[1.0,0.0],"evs":[0.0,-7.55415]},"63s":{"weight":0.0,"played":[1.0,0.0],"evs":[0.0,-6.7256]},"64s":{"weight":0.0,"played":[1.0,0.0],"evs":[0.0,-5.91758]},"65s":{"weight":0.9987,"played":[1.0,0.0],"evs":[0.0,-5.24608]},"66":{"weight":0.028,"played":[0.0,1.0],"evs":[0.0,1.31427]},"76o":{"weight":0.0,"played":[1.0,0.0],"evs":[0.0,-6.66967]},"86o":{"weight":0.0,"played":[1.0,0.0],"evs":[0.0,-6.70895]},"96o":{"weight":0.0,"played":[1.0,0.0],"evs":[0.0,-6.87404]},"T6o":{"weight":0.0,"played":[1.0,0.0],"evs":[0.0,-6.88422]},"J6o":{"weight":0.0,"played":[1.0,0.0],"evs":[0.0,-7.04695]},"Q6o":{"weight":0.0,"played":[1.0,0.0],"evs":[0.0,-6.46527]},"K6o":{"weight":0.0,"played":[1.0,0.0],"evs":[0.0,-5.37308]},"A6o":{"weight":0.0,"played":[1.0,0.0],"evs":[0.0,-3.79328]},"72s":{"weight":0.0,"played":[1.0,0.0],"evs":[0.0,-7.97702]},"73s":{"weight":0.0,"played":[1.0,0.0],"evs":[0.0,-7.13976]},"74s":{"weight":0.0,"played":[1.0,0.0],"evs":[0.0,-6.3553]},"75s":{"weight":9.0E-4,"played":[1.0,0.0],"evs":[0.0,-5.49317]},"76s":{"weight":0.9984,"played":[1.0,0.0],"evs":[0.0,-4.97098]},"77":{"weight":0.0,"played":[0.0,1.0],"evs":[0.0,2.49141]},"87o":{"weight":0.0,"played":[1.0,0.0],"evs":[0.0,-5.88137]},"97o":{"weight":0.0,"played":[1.0,0.0],"evs":[0.0,-6.02544]},"T7o":{"weight":0.0,"played":[1.0,0.0],"evs":[0.0,-6.14826]},"J7o":{"weight":0.0,"played":[1.0,0.0],"evs":[0.0,-6.26197]},"Q7o":{"weight":0.0,"played":[1.0,0.0],"evs":[0.0,-6.32333]},"K7o":{"weight":0.0,"played":[1.0,0.0],"evs":[0.0,-4.72851]},"A7o":{"weight":3.0E-4,"played":[1.0,0.0],"evs":[0.0,-2.97538]},"82s":{"weight":0.0,"played":[1.0,0.0],"evs":[0.0,-7.19465]},"83s":{"weight":0.0,"played":[1.0,0.0],"evs":[0.0,-7.09029]},"84s":{"weight":0.0,"played":[1.0,0.0],"evs":[0.0,-6.32437]},"85s":{"weight":0.0,"played":[1.0,0.0],"evs":[0.0,-5.85729]},"86s":{"weight":0.5615,"played":[1.0,0.0],"evs":[0.0,-5.02014]},"87s":{"weight":0.9993,"played":[1.0,0.0],"evs":[0.0,-4.24322]},"88":{"weight":1.0E-4,"played":[0.0,1.0],"evs":[0.0,4.55359]},"98o":{"weight":0.0,"played":[1.0,0.0],"evs":[0.0,-5.04262]},"T8o":{"weight":0.0,"played":[1.0,0.0],"evs":[0.0,-5.21047]},"J8o":{"weight":0.0,"played":[1.0,0.0],"evs":[0.0,-5.29319]},"Q8o":{"weight":0.0,"played":[1.0,0.0],"evs":[0.0,-5.36015]},"K8o":{"weight":0.0,"played":[1.0,0.0],"evs":[0.0,-4.34866]},"A8o":{"weight":0.8918,"played":[1.0,0.0],"evs":[0.0,-2.14336]},"92s":{"weight":0.0,"played":[1.0,0.0],"evs":[0.0,-6.87992]},"93s":{"weight":0.0,"played":[1.0,0.0],"evs":[0.0,-6.34868]},"94s":{"weight":0.0,"played":[1.0,0.0],"evs":[0.0,-6.41319]},"95s":{"weight":0.0,"played":[1.0,0.0],"evs":[0.0,-5.92435]},"96s":{"weight":0.0,"played":[1.0,0.0],"evs":[0.0,-5.03946]},"97s":{"weight":0.9984,"played":[1.0,0.0],"evs":[0.0,-4.14802]},"98s":{"weight":0.9992,"played":[1.0,0.0],"evs":[0.0,-3.42428]},"99":{"weight":0.0,"played":[0.0,1.0],"evs":[0.0,6.15858]},"T9o":{"weight":0.0,"played":[1.0,0.0],"evs":[0.0,-4.48385]},"J9o":{"weight":0.0,"played":[1.0,0.0],"evs":[0.0,-4.5059]},"Q9o":{"weight":0.0,"played":[1.0,0.0],"evs":[0.0,-4.42007]},"K9o":{"weight":0.0,"played":[1.0,0.0],"evs":[0.0,-3.24105]},"A9o":{"weight":0.942,"played":[1.0,0.0],"evs":[0.0,-1.25395]},"T2s":{"weight":0.0,"played":[1.0,0.0],"evs":[0.0,-6.34252]},"T3s":{"weight":0.0,"played":[1.0,0.0],"evs":[0.0,-6.12086]},"T4s":{"weight":0.0,"played":[1.0,0.0],"evs":[0.0,-6.02349]},"T5s":{"weight":0.0,"played":[1.0,0.0],"evs":[0.0,-5.92531]},"T6s":{"weight":0.0,"played":[1.0,0.0],"evs":[0.0,-5.16832]},"T7s":{"weight":0.0,"played":[1.0,0.0],"evs":[0.0,-4.44368]},"T8s":{"weight":0.9998,"played":[1.0,0.0],"evs":[0.0,-3.77734]},"T9s":{"weight":0.5889,"played":[1.0,0.0],"evs":[0.0,-2.80817]},"TT":{"weight":0.0,"played":[0.0,1.0],"evs":[0.0,8.27252]},"JTo":{"weight":0.4108,"played":[1.0,0.0],"evs":[0.0,-3.50683]},"QTo":{"weight":0.9896,"played":[1.0,0.0],"evs":[0.0,-3.30838]},"KTo":{"weight":0.9941,"played":[1.0,0.0],"evs":[0.0,-2.30057]},"ATo":{"weight":1.0,"played":[0.3616,0.6384],"evs":[0.0,0.1405]},"J2s":{"weight":0.0,"played":[1.0,0.0],"evs":[0.0,-6.18421]},"J3s":{"weight":0.0,"played":[1.0,0.0],"evs":[0.0,-5.8561]},"J4s":{"weight":0.0,"played":[1.0,0.0],"evs":[0.0,-5.79604]},"J5s":{"weight":0.0,"played":[1.0,0.0],"evs":[0.0,-5.46515]},"J6s":{"weight":0.0,"played":[1.0,0.0],"evs":[0.0,-5.24713]},"J7s":{"weight":0.0,"played":[1.0,0.0],"evs":[0.0,-4.55475]},"J8s":{"weight":0.9998,"played":[1.0,0.0],"evs":[0.0,-3.55003]},"J9s":{"weight":0.6276,"played":[1.0,0.0],"evs":[0.0,-2.90405]},"JTs":{"weight":0.0516,"played":[0.9995,5.0E-4],"evs":[0.0,-1.82412]},"JJ":{"weight":0.1997,"played":[0.0,1.0],"evs":[0.0,10.1299]},"QJo":{"weight":0.8656,"played":[1.0,0.0],"evs":[0.0,-2.6992]},"KJo":{"weight":0.9679,"played":[1.0,0.0],"evs":[0.0,-1.91863]},"AJo":{"weight":0.1532,"played":[0.0,1.0],"evs":[0.0,2.06435]},"Q2s":{"weight":0.0,"played":[1.0,0.0],"evs":[0.0,-5.53221]},"Q3s":{"weight":0.0,"played":[1.0,0.0],"evs":[0.0,-5.29027]},"Q4s":{"weight":0.0,"played":[1.0,0.0],"evs":[0.0,-5.471]},"Q5s":{"weight":0.0,"played":[1.0,0.0],"evs":[0.0,-5.08544]},"Q6s":{"weight":0.0,"played":[1.0,0.0],"evs":[0.0,-4.45283]},"Q7s":{"weight":0.0,"played":[1.0,0.0],"evs":[0.0,-4.66379]},"Q8s":{"weight":0.9984,"played":[1.0,0.0],"evs":[0.0,-3.61345]},"Q9s":{"weight":0.0991,"played":[1.0,0.0],"evs":[0.0,-2.7936]},"QTs":{"weight":0.4951,"played":[0.9993,7.0E-4],"evs":[0.0,-1.55309]},"QJs":{"weight":0.8365,"played":[0.998,0.002],"evs":[0.0,-1.16423]},"QQ":{"weight":0.8357,"played":[0.0,1.0],"evs":[0.0,12.02759]},"KQo":{"weight":0.2122,"played":[0.9999,1.0E-4],"evs":[0.0,-1.37219]},"AQo":{"weight":0.0,"played":[0.0,1.0],"evs":[0.0,4.42933]},"K2s":{"weight":0.0,"played":[1.0,0.0],"evs":[0.0,-4.95609]},"K3s":{"weight":0.0,"played":[1.0,0.0],"evs":[0.0,-4.32293]},"K4s":{"weight":2.0E-4,"played":[1.0,0.0],"evs":[0.0,-4.1906]},"K5s":{"weight":0.0605,"played":[1.0,0.0],"evs":[0.0,-3.97685]},"K6s":{"weight":0.9988,"played":[1.0,0.0],"evs":[0.0,-3.40488]},"K7s":{"weight":0.9509,"played":[1.0,0.0],"evs":[0.0,-3.29651]},"K8s":{"weight":0.9978,"played":[1.0,0.0],"evs":[0.0,-2.78612]},"K9s":{"weight":0.3021,"played":[1.0,0.0],"evs":[0.0,-1.47845]},"KTs":{"weight":0.4913,"played":[1.0,0.0],"evs":[0.0,-0.86964]},"KJs":{"weight":0.1472,"played":[0.8393,0.1607],"evs":[0.0,-0.13292]},"KQs":{"weight":0.8947,"played":[0.0217,0.9783],"evs":[0.0,0.22916]},"KK":{"weight":0.9638,"played":[0.0,1.0],"evs":[0.0,14.38309]},"AKo":{"weight":0.0,"played":[0.0,1.0],"evs":[0.0,6.60891]},"A2s":{"weight":0.9961,"played":[1.0,0.0],"evs":[0.0,-2.91155]},"A3s":{"weight":0.9986,"played":[1.0,0.0],"evs":[0.0,-2.68631]},"A4s":{"weight":0.7463,"played":[1.0,0.0],"evs":[0.0,-2.15294]},"A5s":{"weight":0.2329,"played":[1.0,0.0],"evs":[0.0,-1.69433]},"A6s":{"weight":0.8962,"played":[1.0,0.0],"evs":[0.0,-2.01752]},"A7s":{"weight":0.7684,"played":[1.0,0.0],"evs":[0.0,-1.27918]},"A8s":{"weight":0.9755,"played":[0.9985,0.0015],"evs":[0.0,-0.18537]},"A9s":{"weight":1.0,"played":[0.028,0.972],"evs":[0.0,0.20098]},"ATs":{"weight":0.9999,"played":[0.0,1.0],"evs":[0.0,1.47527]},"AJs":{"weight":0.9998,"played":[0.0,1.0],"evs":[0.0,3.45968]},"AQs":{"weight":0.0629,"played":[0.0,1.0],"evs":[0.0,5.25268]},"AKs":{"weight":1.0E-4,"played":[0.0,1.0],"evs":[0.0,7.63649]},"AA":{"weight":0.9665,"played":[0.0,1.0],"evs":[0.0,19.82334]}}}