{"player":2,"street":0,"children":2,"sequence":[{"player":0,"type":"F","amount":0,"street":0},{"player":1,"type":"F","amount":0,"street":0},{"player":2,"type":"R","amount":200000,"street":0},{"player":3,"type":"R","amount":500000,"street":0},{"player":4,"type":"R","amount":2985000,"street":0},{"player":5,"type":"C","amount":885000,"street":0}],"actions":[{"type":"F","amount":0,"node":80},{"type":"C","amount":2015000,"node":81}],"hands":{"22":{"weight":2.0E-4,"played":[0.9881,0.0119],"evs":[0.0,-4.50623]},"32o":{"weight":0.0,"played":[0.9987,0.0013],"evs":[0.0,-6.9927]},"42o":{"weight":0.0,"played":[0.9997,3.0E-4],"evs":[0.0,-7.92409]},"52o":{"weight":0.0,"played":[0.9997,3.0E-4],"evs":[0.0,-6.76782]},"62o":{"weight":0.0,"played":[0.9974,0.0026],"evs":[0.0,-6.63481]},"72o":{"weight":0.0,"played":[1.0,0.0],"evs":[0.0,-8.18114]},"82o":{"weight":0.0,"played":[0.9998,2.0E-4],"evs":[0.0,-7.97288]},"92o":{"weight":0.0,"played":[0.9999,1.0E-4],"evs":[0.0,-7.91824]},"T2o":{"weight":0.0,"played":[0.9999,1.0E-4],"evs":[0.0,-6.83315]},"J2o":{"weight":0.0,"played":[0.9997,3.0E-4],"evs":[0.0,-8.62491]},"Q2o":{"weight":0.0,"played":[0.9999,1.0E-4],"evs":[0.0,-6.02868]},"K2o":{"weight":0.0,"played":[0.9988,0.0012],"evs":[0.0,-7.87132]},"A2o":{"weight":0.0,"played":[0.9928,0.0072],"evs":[0.0,-6.44968]},"32s":{"weight":0.0,"played":[0.9946,0.0054],"evs":[0.0,-6.54889]},"33":{"weight":0.9997,"played":[0.9429,0.0571],"evs":[0.0,-2.58485]},"43o":{"weight":0.0,"played":[0.9998,2.0E-4],"evs":[0.0,-6.39441]},"53o":{"weight":0.0,"played":[0.9981,0.0019],"evs":[0.0,-5.46165]},"63o":{"weight":0.0,"played":[0.9965,0.0035],"evs":[0.0,-6.39804]},"73o":{"weight":0.0,"played":[0.9999,1.0E-4],"evs":[0.0,-7.62646]},"83o":{"weight":0.0,"played":[0.9995,5.0E-4],"evs":[0.0,-8.06552]},"93o":{"weight":0.0,"played":[0.9981,0.0019],"evs":[0.0,-7.37599]},"T3o":{"weight":0.0,"played":[0.9998,2.0E-4],"evs":[0.0,-7.55327]},"J3o":{"weight":0.0,"played":[0.9992,8.0E-4],"evs":[0.0,-8.78143]},"Q3o":{"weight":0.0,"played":[0.9987,0.0013],"evs":[0.0,-7.8073]},"K3o":{"weight":0.0,"played":[0.9919,0.0081],"evs":[0.0,-7.41999]},"A3o":{"weight":1.0E-4,"played":[0.9979,0.0021],"evs":[0.0,-6.49955]},"42s":{"weight":0.0,"played":[0.9856,0.0144],"evs":[0.0,-4.16301]},"43s":{"weight":0.0,"played":[0.9979,0.0021],"evs":[0.0,-6.40307]},"44":{"weight":0.9524,"played":[0.9958,0.0042],"evs":[0.0,-2.79173]},"54o":{"weight":0.0,"played":[0.9996,4.0E-4],"evs":[0.0,-4.73512]},"64o":{"weight":0.0,"played":[0.9824,0.0176],"evs":[0.0,-5.77028]},"74o":{"weight":0.0,"played":[0.9986,0.0014],"evs":[0.0,-6.24945]},"84o":{"weight":0.0,"played":[0.9986,0.0014],"evs":[0.0,-5.86798]},"94o":{"weight":0.0,"played":[0.9992,8.0E-4],"evs":[0.0,-8.91679]},"T4o":{"weight":0.0,"played":[0.9997,3.0E-4],"evs":[0.0,-7.46338]},"J4o":{"weight":0.0,"played":[1.0,0.0],"evs":[0.0,-7.82172]},"Q4o":{"weight":0.0,"played":[0.9981,0.0019],"evs":[0.0,-8.59783]},"K4o":{"weight":0.0,"played":[0.9987,0.0013],"evs":[0.0,-6.33284]},"A4o":{"weight":0.8848,"played":[0.9968,0.0032],"evs":[0.0,-5.16774]},"52s":{"weight":0.0,"played":[0.9981,0.0019],"evs":[0.0,-5.53143]},"53s":{"weight":0.0,"played":[0.9633,0.0367],"evs":[0.0,-4.13352]},"54s":{"weight":0.0,"played":[0.9985,0.0015],"evs":[0.0,-3.63612]},"55":{"weight":0.9998,"played":[0.9152,0.0848],"evs":[0.0,-2.04653]},"65o":{"weight":0.0,"played":[0.9988,0.0012],"evs":[0.0,-5.07653]},"75o":{"weight":0.0,"played":[0.9984,0.0016],"evs":[0.0,-6.42434]},"85o":{"weight":0.0,"played":[0.9993,7.0E-4],"evs":[0.0,-7.62141]},"95o":{"weight":0.0,"played":[0.999,0.001],"evs":[0.0,-6.84435]},"T5o":{"weight":0.0,"played":[1.0,0.0],"evs":[0.0,-8.46975]},"J5o":{"weight":0.0,"played":[0.9998,2.0E-4],"evs":[0.0,-8.25364]},"Q5o":{"weight":0.0,"played":[0.9933,0.0067],"evs":[0.0,-7.47655]},"K5o":{"weight":0.0,"played":[0.9996,4.0E-4],"evs":[0.0,-5.6925]},"A5o":{"weight":1.0,"played":[0.982,0.018],"evs":[0.0,-5.31049]},"62s":{"weight":0.0,"played":[0.9538,0.0462],"evs":[0.0,-7.17892]},"63s":{"weight":0.0,"played":[0.9909,0.0091],"evs":[0.0,-6.15442]},"64s":{"weight":0.0,"played":[0.9895,0.0105],"evs":[0.0,-4.83488]},"65s":{"weight":0.0,"played":[0.9768,0.0232],"evs":[0.0,-4.28904]},"66":{"weight":1.0,"played":[0.9955,0.0045],"evs":[0.0,-1.40716]},"76o":{"weight":0.0,"played":[0.9888,0.0112],"evs":[0.0,-4.72]},"86o":{"weight":0.0,"played":[0.9998,2.0E-4],"evs":[0.0,-5.30703]},"96o":{"weight":0.0,"played":[0.998,0.002],"evs":[0.0,-7.29983]},"T6o":{"weight":0.0,"played":[0.996,0.004],"evs":[0.0,-6.12592]},"J6o":{"weight":0.0,"played":[0.9987,0.0013],"evs":[0.0,-8.06094]},"Q6o":{"weight":0.0,"played":[0.9981,0.0019],"evs":[0.0,-6.54319]},"K6o":{"weight":0.0,"played":[0.9967,0.0033],"evs":[0.0,-7.05933]},"A6o":{"weight":1.0,"played":[0.9997,3.0E-4],"evs":[0.0,-6.05962]},"72s":{"weight":0.0,"played":[0.993,0.007],"evs":[0.0,-5.86262]},"73s":{"weight":0.0,"played":[0.9427,0.0573],"evs":[0.0,-2.21565]},"74s":{"weight":0.0,"played":[0.9985,0.0015],"evs":[0.0,-2.86551]},"75s":{"weight":0.0,"played":[0.9425,0.0575],"evs":[0.0,-3.91904]},"76s":{"weight":7.0E-4,"played":[0.8276,0.1724],"evs":[0.0,-3.4413]},"77":{"weight":1.0,"played":[0.3938,0.6062],"evs":[0.0,0.37467]},"87o":{"weight":0.0,"played":[0.9995,5.0E-4],"evs":[0.0,-4.67315]},"97o":{"weight":0.0,"played":[0.9946,0.0054],"evs":[0.0,-5.57714]},"T7o":{"weight":0.0,"played":[0.9935,0.0065],"evs":[0.0,-6.76267]},"J7o":{"weight":0.0,"played":[0.9998,2.0E-4],"evs":[0.0,-6.31538]},"Q7o":{"weight":0.0,"played":[0.9973,0.0027],"evs":[0.0,-6.20624]},"K7o":{"weight":0.0,"played":[0.9944,0.0056],"evs":[0.0,-6.50697]},"A7o":{"weight":1.0,"played":[0.9997,3.0E-4],"evs":[0.0,-5.44796]},"82s":{"weight":0.0,"played":[0.9869,0.0131],"evs":[0.0,-3.54319]},"83s":{"weight":0.0,"played":[0.9927,0.0073],"evs":[0.0,-5.40906]},"84s":{"weight":0.0,"played":[0.9969,0.0031],"evs":[0.0,-4.74792]},"85s":{"weight":0.0,"played":[0.9932,0.0068],"evs":[0.0,-7.14957]},"86s":{"weight":1.0E-4,"played":[0.8897,0.1103],"evs":[0.0,-3.03093]},"87s":{"weight":0.9997,"played":[0.9933,0.0067],"evs":[0.0,-3.6373]},"88":{"weight":1.0,"played":[0.6557,0.3443],"evs":[0.0,0.24095]},"98o":{"weight":0.0,"played":[0.9891,0.0109],"evs":[0.0,-4.23737]},"T8o":{"weight":0.0,"played":[0.9989,0.0011],"evs":[0.0,-6.2609]},"J8o":{"weight":0.0,"played":[0.9978,0.0022],"evs":[0.0,-7.01414]},"Q8o":{"weight":0.0,"played":[0.9999,1.0E-4],"evs":[0.0,-6.14567]},"K8o":{"weight":0.0,"played":[0.9896,0.0104],"evs":[0.0,-5.89321]},"A8o":{"weight":1.0,"played":[0.9994,6.0E-4],"evs":[0.0,-5.07178]},"92s":{"weight":0.0,"played":[0.9901,0.0099],"evs":[0.0,-4.22786]},"93s":{"weight":0.0,"played":[0.9759,0.0241],"evs":[0.0,-5.26926]},"94s":{"weight":0.0,"played":[0.9873,0.0127],"evs":[0.0,-5.99424]},"95s":{"weight":0.0,"played":[0.9726,0.0274],"evs":[0.0,-5.41822]},"96s":{"weight":0.0,"played":[0.999,0.001],"evs":[0.0,-2.73836]},"97s":{"weight":0.9913,"played":[0.9223,0.0777],"evs":[0.0,-3.96084]},"98s":{"weight":1.0,"played":[0.999,0.001],"evs":[0.0,-5.39481]},"99":{"weight":1.0,"played":[0.4133,0.5867],"evs":[0.0,-0.1521]},"T9o":{"weight":1.0E-4,"played":[0.9955,0.0045],"evs":[0.0,-5.43055]},"J9o":{"weight":0.0,"played":[0.9912,0.0088],"evs":[0.0,-3.03647]},"Q9o":{"weight":3.0E-4,"played":[0.9997,3.0E-4],"evs":[0.0,-4.78465]},"K9o":{"weight":0.9663,"played":[0.9937,0.0063],"evs":[0.0,-5.26676]},"A9o":{"weight":0.9983,"played":[0.9977,0.0023],"evs":[0.0,-4.88204]},"T2s":{"weight":0.0,"played":[0.9226,0.0774],"evs":[0.0,-7.99543]},"T3s":{"weight":0.0,"played":[0.9999,1.0E-4],"evs":[0.0,-6.56279]},"T4s":{"weight":0.0,"played":[0.9985,0.0015],"evs":[0.0,-5.30889]},"T5s":{"weight":0.0,"played":[0.925,0.075],"evs":[0.0,-3.68806]},"T6s":{"weight":0.0,"played":[0.9381,0.0619],"evs":[0.0,-6.29667]},"T7s":{"weight":0.9903,"played":[0.9979,0.0021],"evs":[0.0,-4.55467]},"T8s":{"weight":1.0,"played":[0.952,0.048],"evs":[0.0,-3.32318]},"T9s":{"weight":1.0,"played":[0.6816,0.3184],"evs":[0.0,-1.21348]},"TT":{"weight":1.0,"played":[1.0E-4,0.9999],"evs":[0.0,2.07879]},"JTo":{"weight":1.0,"played":[0.9958,0.0042],"evs":[0.0,-2.93284]},"QTo":{"weight":1.0,"played":[0.9993,7.0E-4],"evs":[0.0,-5.40698]},"KTo":{"weight":1.0,"played":[0.9989,0.0011],"evs":[0.0,-4.60051]},"ATo":{"weight":0.9968,"played":[0.9988,0.0012],"evs":[0.0,-5.47677]},"J2s":{"weight":0.0,"played":[0.9731,0.0269],"evs":[0.0,-5.0042]},"J3s":{"weight":0.0,"played":[0.9759,0.0241],"evs":[0.0,-7.36409]},"J4s":{"weight":0.0,"played":[0.9759,0.0241],"evs":[0.0,-6.4198]},"J5s":{"weight":0.0,"played":[0.927,0.073],"evs":[0.0,-5.74902]},"J6s":{"weight":0.0,"played":[0.9873,0.0127],"evs":[0.0,-6.89983]},"J7s":{"weight":0.8516,"played":[0.9988,0.0012],"evs":[0.0,-5.13747]},"J8s":{"weight":1.0,"played":[0.9868,0.0132],"evs":[0.0,-4.58936]},"J9s":{"weight":1.0,"played":[0.8963,0.1037],"evs":[0.0,-3.19543]},"JTs":{"weight":0.9998,"played":[0.9921,0.0079],"evs":[0.0,-3.57575]},"JJ":{"weight":1.0,"played":[0.0,1.0],"evs":[0.0,4.06294]},"QJo":{"weight":1.0,"played":[0.9926,0.0074],"evs":[0.0,-2.89293]},"KJo":{"weight":1.0,"played":[0.9886,0.0114],"evs":[0.0,-3.36294]},"AJo":{"weight":0.9848,"played":[0.989,0.011],"evs":[0.0,-4.43055]},"Q2s":{"weight":0.0,"played":[0.9939,0.0061],"evs":[0.0,-4.42378]},"Q3s":{"weight":0.0,"played":[0.986,0.014],"evs":[0.0,-6.56999]},"Q4s":{"weight":0.0,"played":[0.9614,0.0386],"evs":[0.0,-4.1817]},"Q5s":{"weight":0.0,"played":[0.8221,0.1779],"evs":[0.0,-4.8686]},"Q6s":{"weight":1.0E-4,"played":[0.9763,0.0237],"evs":[0.0,-4.09874]},"Q7s":{"weight":0.9998,"played":[0.997,0.003],"evs":[0.0,-4.7964]},"Q8s":{"weight":1.0,"played":[0.84,0.16],"evs":[0.0,-2.44567]},"Q9s":{"weight":1.0,"played":[0.9987,0.0013],"evs":[0.0,-3.29241]},"QTs":{"weight":1.0,"played":[0.9447,0.0553],"evs":[0.0,-3.95778]},"QJs":{"weight":0.9971,"played":[0.9851,0.0149],"evs":[0.0,-4.07362]},"QQ":{"weight":1.0,"played":[0.0,1.0],"evs":[0.0,10.20853]},"KQo":{"weight":0.9918,"played":[0.9302,0.0698],"evs":[0.0,-1.65815]},"AQo":{"weight":0.9974,"played":[0.8447,0.1553],"evs":[0.0,-1.14175]},"K2s":{"weight":0.0,"played":[0.8975,0.1025],"evs":[0.0,-3.85745]},"K3s":{"weight":0.0,"played":[0.8599,0.1401],"evs":[0.0,-3.22537]},"K4s":{"weight":0.002,"played":[0.9221,0.0779],"evs":[0.0,-4.87777]},"K5s":{"weight":0.9999,"played":[0.9966,0.0034],"evs":[0.0,-5.46973]},"K6s":{"weight":1.0,"played":[0.9992,8.0E-4],"evs":[0.0,-5.49617]},"K7s":{"weight":1.0,"played":[0.9981,0.0019],"evs":[0.0,-4.91039]},"K8s":{"weight":1.0,"played":[0.923,0.077],"evs":[0.0,-4.8554]},"K9s":{"weight":1.0,"played":[0.9997,3.0E-4],"evs":[0.0,-5.25899]},"KTs":{"weight":0.9932,"played":[0.876,0.124],"evs":[0.0,-2.98518]},"KJs":{"weight":1.0,"played":[0.7498,0.2502],"evs":[0.0,-0.78114]},"KQs":{"weight":0.9999,"played":[0.7669,0.2331],"evs":[0.0,-3.85098]},"KK":{"weight":1.0,"played":[0.0,1.0],"evs":[0.0,16.56536]},"AKo":{"weight":1.0,"played":[0.0,1.0],"evs":[0.0,1.61196]},"A2s":{"weight":1.0,"played":[0.9976,0.0024],"evs":[0.0,-5.38207]},"A3s":{"weight":1.0,"played":[0.9444,0.0556],"evs":[0.0,-2.64347]},"A4s":{"weight":0.9999,"played":[0.9178,0.0822],"evs":[0.0,-1.67507]},"A5s":{"weight":0.9999,"played":[0.9651,0.0349],"evs":[0.0,-1.09691]},"A6s":{"weight":1.0,"played":[0.9987,0.0013],"evs":[0.0,-3.56784]},"A7s":{"weight":0.9847,"played":[0.9919,0.0081],"evs":[0.0,-3.13763]},"A8s":{"weight":1.0,"played":[0.8724,0.1276],"evs":[0.0,-5.02938]},"A9s":{"weight":1.0,"played":[0.8388,0.1612],"evs":[0.0,-3.28548]},"ATs":{"weight":1.0,"played":[0.7473,0.2527],"evs":[0.0,1.50339]},"AJs":{"weight":1.0,"played":[0.6909,0.3091],"evs":[0.0,-2.90474]},"AQs":{"weight":1.0,"played":[0.9747,0.0253],"evs":[0.0,-1.96885]},"AKs":{"weight":1.0,"played":[0.0158,0.9842],"evs":[0.0,3.56591]},"AA":{"weight":1.0,"played":[0.0,1.0],"evs":[0.0,21.52061]}}}