{"player":3,"street":0,"children":2,"sequence":[{"player":0,"type":"F","amount":0,"street":0},{"player":1,"type":"C","amount":100000,"street":0},{"player":2,"type":"C","amount":0,"street":0},{"player":3,"type":"R","amount":200000,"street":0},{"player":4,"type":"R","amount":1815000,"street":0},{"player":5,"type":"F","amount":0,"street":0},{"player":1,"type":"C","amount":1705000,"street":0}],"actions":[{"type":"F","amount":0},{"type":"C","amount":1615000}],"hands":{"22":{"weight":0.9659,"played":[0.862,0.138],"evs":[0.0,-7.21249]},"32o":{"weight":0.0,"played":[0.9986,0.0014],"evs":[0.0,-9.85973]},"42o":{"weight":0.0,"played":[0.9955,0.0045],"evs":[0.0,-7.73366]},"52o":{"weight":0.0,"played":[0.9964,0.0036],"evs":[0.0,-8.52706]},"62o":{"weight":0.0,"played":[0.9987,0.0013],"evs":[0.0,-8.66147]},"72o":{"weight":0.0,"played":[0.9987,0.0013],"evs":[0.0,-10.16237]},"82o":{"weight":0.0,"played":[1.0,0.0],"evs":[0.0,-8.99454]},"92o":{"weight":0.0,"played":[0.9954,0.0046],"evs":[0.0,-9.09169]},"T2o":{"weight":0.0,"played":[0.9958,0.0042],"evs":[0.0,-9.66276]},"J2o":{"weight":0.0,"played":[0.9973,0.0027],"evs":[0.0,-10.74673]},"Q2o":{"weight":0.0,"played":[0.9681,0.0319],"evs":[0.0,-8.0219]},"K2o":{"weight":0.0,"played":[0.9434,0.0566],"evs":[0.0,-6.22176]},"A2o":{"weight":1.0E-4,"played":[0.9997,3.0E-4],"evs":[0.0,-8.44188]},"32s":{"weight":0.0,"played":[0.963,0.037],"evs":[0.0,-6.50522]},"33":{"weight":0.9357,"played":[0.9716,0.0284],"evs":[0.0,-4.93923]},"43o":{"weight":0.0,"played":[0.9968,0.0032],"evs":[0.0,-7.61088]},"53o":{"weight":0.0,"played":[0.9895,0.0105],"evs":[0.0,-5.59418]},"63o":{"weight":0.0,"played":[0.9984,0.0016],"evs":[0.0,-7.51545]},"73o":{"weight":0.0,"played":[0.9982,0.0018],"evs":[0.0,-7.33049]},"83o":{"weight":0.0,"played":[0.9966,0.0034],"evs":[0.0,-8.79878]},"93o":{"weight":0.0,"played":[1.0,0.0],"evs":[0.0,-9.04391]},"T3o":{"weight":0.0,"played":[0.9932,0.0068],"evs":[0.0,-9.92713]},"J3o":{"weight":0.0,"played":[0.9978,0.0022],"evs":[0.0,-9.06156]},"Q3o":{"weight":0.0,"played":[0.9993,7.0E-4],"evs":[0.0,-6.77931]},"K3o":{"weight":0.0,"played":[0.9783,0.0217],"evs":[0.0,-6.74481]},"A3o":{"weight":0.0104,"played":[0.938,0.062],"evs":[0.0,-6.62543]},"42s":{"weight":0.0,"played":[0.9305,0.0695],"evs":[0.0,-5.22738]},"43s":{"weight":0.0,"played":[0.983,0.017],"evs":[0.0,-2.01609]},"44":{"weight":0.3412,"played":[0.9702,0.0298],"evs":[0.0,-6.40991]},"54o":{"weight":0.0,"played":[0.9956,0.0044],"evs":[0.0,-5.46396]},"64o":{"weight":0.0,"played":[0.9942,0.0058],"evs":[0.0,-5.60417]},"74o":{"weight":0.0,"played":[0.9861,0.0139],"evs":[0.0,-7.02396]},"84o":{"weight":0.0,"played":[0.9998,2.0E-4],"evs":[0.0,-7.57902]},"94o":{"weight":0.0,"played":[0.9996,4.0E-4],"evs":[0.0,-6.62406]},"T4o":{"weight":0.0,"played":[0.9971,0.0029],"evs":[0.0,-8.03567]},"J4o":{"weight":0.0,"played":[1.0,0.0],"evs":[0.0,-7.51179]},"Q4o":{"weight":0.0,"played":[0.9977,0.0023],"evs":[0.0,-7.52197]},"K4o":{"weight":0.0,"played":[0.999,0.001],"evs":[0.0,-6.65301]},"A4o":{"weight":3.0E-4,"played":[0.9785,0.0215],"evs":[0.0,-4.62225]},"52s":{"weight":0.0,"played":[0.829,0.171],"evs":[0.0,-3.4877]},"53s":{"weight":0.0,"played":[0.8912,0.1088],"evs":[0.0,-4.77049]},"54s":{"weight":0.0,"played":[0.8979,0.1021],"evs":[0.0,-3.89136]},"55":{"weight":0.0,"played":[0.8969,0.1031],"evs":[0.0,-4.14251]},"65o":{"weight":0.0,"played":[0.9736,0.0264],"evs":[0.0,-7.766]},"75o":{"weight":0.0,"played":[0.9991,9.0E-4],"evs":[0.0,-5.47398]},"85o":{"weight":0.0,"played":[0.9898,0.0102],"evs":[0.0,-5.50798]},"95o":{"weight":0.0,"played":[0.9967,0.0033],"evs":[0.0,-6.92613]},"T5o":{"weight":0.0,"played":[0.9953,0.0047],"evs":[0.0,-8.54149]},"J5o":{"weight":0.0,"played":[0.9996,4.0E-4],"evs":[0.0,-6.50878]},"Q5o":{"weight":0.0,"played":[0.9902,0.0098],"evs":[0.0,-7.44078]},"K5o":{"weight":0.1435,"played":[0.9847,0.0153],"evs":[0.0,-6.28704]},"A5o":{"weight":3.0E-4,"played":[0.9743,0.0257],"evs":[0.0,-5.58484]},"62s":{"weight":0.0,"played":[0.9989,0.0011],"evs":[0.0,-4.6554]},"63s":{"weight":0.0,"played":[0.8067,0.1933],"evs":[0.0,0.89152]},"64s":{"weight":0.0,"played":[0.9977,0.0023],"evs":[0.0,-3.20913]},"65s":{"weight":0.1518,"played":[0.9613,0.0387],"evs":[0.0,-3.49138]},"66":{"weight":0.0018,"played":[0.4242,0.5758],"evs":[0.0,-0.03535]},"76o":{"weight":0.0,"played":[0.9775,0.0225],"evs":[0.0,-3.85196]},"86o":{"weight":0.0,"played":[0.9994,6.0E-4],"evs":[0.0,-4.79284]},"96o":{"weight":0.0,"played":[0.9997,3.0E-4],"evs":[0.0,-6.32115]},"T6o":{"weight":0.0,"played":[0.9858,0.0142],"evs":[0.0,-7.16139]},"J6o":{"weight":0.0,"played":[0.9965,0.0035],"evs":[0.0,-6.41156]},"Q6o":{"weight":1.0E-4,"played":[0.995,0.005],"evs":[0.0,-8.94679]},"K6o":{"weight":0.8678,"played":[0.9871,0.0129],"evs":[0.0,-5.89242]},"A6o":{"weight":0.0194,"played":[0.9575,0.0425],"evs":[0.0,-7.18742]},"72s":{"weight":0.0,"played":[0.9973,0.0027],"evs":[0.0,-8.6041]},"73s":{"weight":0.0,"played":[0.8617,0.1383],"evs":[0.0,-2.11068]},"74s":{"weight":0.0,"played":[0.9758,0.0242],"evs":[0.0,-2.58429]},"75s":{"weight":0.0,"played":[0.8032,0.1968],"evs":[0.0,-1.14374]},"76s":{"weight":0.2826,"played":[0.575,0.425],"evs":[0.0,-2.3556]},"77":{"weight":0.0012,"played":[0.6919,0.3081],"evs":[0.0,-0.60178]},"87o":{"weight":0.0,"played":[0.9828,0.0172],"evs":[0.0,-5.03906]},"97o":{"weight":0.0,"played":[0.9999,1.0E-4],"evs":[0.0,-4.10026]},"T7o":{"weight":0.0,"played":[0.9972,0.0028],"evs":[0.0,-5.86189]},"J7o":{"weight":0.0,"played":[0.9644,0.0356],"evs":[0.0,-6.18293]},"Q7o":{"weight":0.0,"played":[0.973,0.027],"evs":[0.0,-7.12958]},"K7o":{"weight":0.9964,"played":[0.9962,0.0038],"evs":[0.0,-5.16064]},"A7o":{"weight":0.4339,"played":[0.9751,0.0249],"evs":[0.0,-4.82324]},"82s":{"weight":0.0,"played":[0.9996,4.0E-4],"evs":[0.0,-8.62433]},"83s":{"weight":0.0,"played":[0.9565,0.0435],"evs":[0.0,-8.74372]},"84s":{"weight":0.0,"played":[0.9652,0.0348],"evs":[0.0,-4.30242]},"85s":{"weight":0.0,"played":[0.9887,0.0113],"evs":[0.0,-3.92976]},"86s":{"weight":0.7118,"played":[0.9649,0.0351],"evs":[0.0,-3.55004]},"87s":{"weight":0.9577,"played":[0.5876,0.4124],"evs":[0.0,-0.98461]},"88":{"weight":0.013,"played":[0.6978,0.3022],"evs":[0.0,-2.85622]},"98o":{"weight":0.0,"played":[0.9925,0.0075],"evs":[0.0,-4.77271]},"T8o":{"weight":0.0,"played":[0.994,0.006],"evs":[0.0,-5.15952]},"J8o":{"weight":0.0541,"played":[0.9856,0.0144],"evs":[0.0,-6.31171]},"Q8o":{"weight":0.9926,"played":[0.9969,0.0031],"evs":[0.0,-6.87385]},"K8o":{"weight":0.9967,"played":[0.999,0.001],"evs":[0.0,-5.33969]},"A8o":{"weight":0.0091,"played":[0.9187,0.0813],"evs":[0.0,-2.02292]},"92s":{"weight":0.0,"played":[0.9865,0.0135],"evs":[0.0,-3.19326]},"93s":{"weight":0.0,"played":[0.6397,0.3603],"evs":[0.0,-1.83806]},"94s":{"weight":0.0,"played":[0.9883,0.0117],"evs":[0.0,-4.29881]},"95s":{"weight":0.0,"played":[0.8458,0.1542],"evs":[0.0,-2.3648]},"96s":{"weight":2.0E-4,"played":[0.6962,0.3038],"evs":[0.0,-4.22307]},"97s":{"weight":0.0108,"played":[0.7485,0.2515],"evs":[0.0,-1.11075]},"98s":{"weight":0.1446,"played":[0.9796,0.0204],"evs":[0.0,-2.45599]},"99":{"weight":0.3105,"played":[0.8217,0.1783],"evs":[0.0,0.18935]},"T9o":{"weight":0.1936,"played":[0.9929,0.0071],"evs":[0.0,-4.32612]},"J9o":{"weight":0.9992,"played":[0.978,0.022],"evs":[0.0,-5.80231]},"Q9o":{"weight":0.9998,"played":[0.9909,0.0091],"evs":[0.0,-6.35364]},"K9o":{"weight":0.9642,"played":[0.9871,0.0129],"evs":[0.0,-5.30925]},"A9o":{"weight":0.0266,"played":[0.9575,0.0425],"evs":[0.0,-4.76672]},"T2s":{"weight":0.0,"played":[0.9746,0.0254],"evs":[0.0,-4.81117]},"T3s":{"weight":0.0,"played":[0.9981,0.0019],"evs":[0.0,-4.10561]},"T4s":{"weight":0.0,"played":[0.9991,9.0E-4],"evs":[0.0,-3.3705]},"T5s":{"weight":0.0,"played":[0.993,0.007],"evs":[0.0,-7.01855]},"T6s":{"weight":0.0116,"played":[0.9986,0.0014],"evs":[0.0,-6.40759]},"T7s":{"weight":0.0374,"played":[0.8047,0.1953],"evs":[0.0,-4.33662]},"T8s":{"weight":0.1111,"played":[0.667,0.333],"evs":[0.0,-0.71609]},"T9s":{"weight":0.0174,"played":[0.7815,0.2185],"evs":[0.0,-0.3689]},"TT":{"weight":0.3412,"played":[0.6172,0.3828],"evs":[0.0,0.07471]},"JTo":{"weight":0.3258,"played":[0.977,0.023],"evs":[0.0,-3.9226]},"QTo":{"weight":0.0525,"played":[0.9548,0.0452],"evs":[0.0,-3.24724]},"KTo":{"weight":0.1553,"played":[0.9337,0.0663],"evs":[0.0,-2.71242]},"ATo":{"weight":0.0061,"played":[0.9298,0.0702],"evs":[0.0,-2.63579]},"J2s":{"weight":0.0,"played":[0.9977,0.0023],"evs":[0.0,-6.67701]},"J3s":{"weight":0.0018,"played":[0.9848,0.0152],"evs":[0.0,-4.83312]},"J4s":{"weight":0.0,"played":[0.9793,0.0207],"evs":[0.0,-4.6062]},"J5s":{"weight":0.0,"played":[0.9975,0.0025],"evs":[0.0,-4.82054]},"J6s":{"weight":0.4314,"played":[0.9847,0.0153],"evs":[0.0,-5.60396]},"J7s":{"weight":0.6541,"played":[0.9782,0.0218],"evs":[0.0,-6.81523]},"J8s":{"weight":0.0801,"played":[0.8752,0.1248],"evs":[0.0,-2.17212]},"J9s":{"weight":0.0014,"played":[0.8139,0.1861],"evs":[0.0,-2.97297]},"JTs":{"weight":0.0065,"played":[0.7755,0.2245],"evs":[0.0,-1.86697]},"JJ":{"weight":0.9538,"played":[0.0891,0.9109],"evs":[0.0,1.05564]},"QJo":{"weight":0.6618,"played":[0.9662,0.0338],"evs":[0.0,-5.31085]},"KJo":{"weight":0.336,"played":[0.9307,0.0693],"evs":[0.0,-4.63655]},"AJo":{"weight":0.0165,"played":[0.8669,0.1331],"evs":[0.0,-4.27302]},"Q2s":{"weight":0.002,"played":[0.9989,0.0011],"evs":[0.0,-6.58025]},"Q3s":{"weight":0.1458,"played":[0.9798,0.0202],"evs":[0.0,-6.65359]},"Q4s":{"weight":0.7961,"played":[0.92,0.08],"evs":[0.0,-6.03201]},"Q5s":{"weight":0.3126,"played":[0.9886,0.0114],"evs":[0.0,-6.54935]},"Q6s":{"weight":0.1839,"played":[0.9372,0.0628],"evs":[0.0,-7.27164]},"Q7s":{"weight":0.0142,"played":[0.9276,0.0724],"evs":[0.0,-3.06817]},"Q8s":{"weight":0.0017,"played":[0.8268,0.1732],"evs":[0.0,-4.37494]},"Q9s":{"weight":0.4883,"played":[0.9533,0.0467],"evs":[0.0,-4.04189]},"QTs":{"weight":0.1372,"played":[0.9798,0.0202],"evs":[0.0,-1.15308]},"QJs":{"weight":0.5928,"played":[0.9348,0.0652],"evs":[0.0,-2.09304]},"QQ":{"weight":0.9743,"played":[0.0,1.0],"evs":[0.0,4.00264]},"KQo":{"weight":0.6959,"played":[0.85,0.15],"evs":[0.0,-1.89498]},"AQo":{"weight":0.2215,"played":[0.8362,0.1638],"evs":[0.0,-0.98903]},"K2s":{"weight":0.9756,"played":[0.9941,0.0059],"evs":[0.0,-3.42323]},"K3s":{"weight":0.0168,"played":[0.9791,0.0209],"evs":[0.0,-2.26234]},"K4s":{"weight":0.019,"played":[0.9889,0.0111],"evs":[0.0,-4.73225]},"K5s":{"weight":0.0089,"played":[0.778,0.222],"evs":[0.0,-3.8047]},"K6s":{"weight":0.0251,"played":[0.9642,0.0358],"evs":[0.0,-0.42981]},"K7s":{"weight":0.7583,"played":[0.9785,0.0215],"evs":[0.0,-2.88826]},"K8s":{"weight":0.06,"played":[0.9914,0.0086],"evs":[0.0,-1.77086]},"K9s":{"weight":0.9758,"played":[0.8724,0.1276],"evs":[0.0,-2.43096]},"KTs":{"weight":0.3283,"played":[0.8088,0.1912],"evs":[0.0,-0.40419]},"KJs":{"weight":0.1212,"played":[0.2345,0.7655],"evs":[0.0,0.59244]},"KQs":{"weight":0.8091,"played":[0.8586,0.1414],"evs":[0.0,-2.09471]},"KK":{"weight":1.0,"played":[0.0,1.0],"evs":[0.0,18.76288]},"AKo":{"weight":0.9975,"played":[0.0,1.0],"evs":[0.0,6.25386]},"A2s":{"weight":0.0,"played":[0.9799,0.0201],"evs":[0.0,-3.52939]},"A3s":{"weight":2.0E-4,"played":[0.7301,0.2699],"evs":[0.0,-2.60164]},"A4s":{"weight":0.0028,"played":[0.753,0.247],"evs":[0.0,-8.17254]},"A5s":{"weight":0.0046,"played":[0.0792,0.9208],"evs":[0.0,2.11585]},"A6s":{"weight":0.014,"played":[0.9373,0.0627],"evs":[0.0,-2.03972]},"A7s":{"weight":0.3022,"played":[0.8937,0.1063],"evs":[0.0,1.08989]},"A8s":{"weight":0.1678,"played":[0.8447,0.1553],"evs":[0.0,-1.61337]},"A9s":{"weight":0.0053,"played":[0.5757,0.4243],"evs":[0.0,-1.16754]},"ATs":{"weight":0.3761,"played":[0.9498,0.0502],"evs":[0.0,-1.32932]},"AJs":{"weight":0.1397,"played":[0.5591,0.4409],"evs":[0.0,0.14847]},"AQs":{"weight":0.9741,"played":[0.0267,0.9733],"evs":[0.0,4.26636]},"AKs":{"weight":0.9801,"played":[0.0012,0.9988],"evs":[0.0,9.30948]},"AA":{"weight":0.9998,"played":[0.0,1.0],"evs":[0.0,30.75616]}}}