{"player":5,"street":0,"children":2,"sequence":[{"player":0,"type":"F","amount":0,"street":0},{"player":1,"type":"C","amount":100000,"street":0},{"player":2,"type":"C","amount":0,"street":0},{"player":3,"type":"R","amount":1815000,"street":0},{"player":4,"type":"F","amount":0,"street":0}],"actions":[{"type":"F","amount":0,"node":106},{"type":"C","amount":345000,"node":107}],"hands":{"22":{"weight":1.0,"played":[0.0,1.0],"evs":[0.0,1.88964]},"32o":{"weight":1.0,"played":[0.9983,0.0017],"evs":[0.0,-0.18938]},"42o":{"weight":1.0,"played":[0.9993,7.0E-4],"evs":[0.0,-0.09245]},"52o":{"weight":1.0,"played":[0.3979,0.6021],"evs":[0.0,0.02424]},"62o":{"weight":1.0,"played":[0.9998,2.0E-4],"evs":[0.0,-0.11383]},"72o":{"weight":1.0,"played":[1.0,0.0],"evs":[0.0,-0.31328]},"82o":{"weight":1.0,"played":[1.0,0.0],"evs":[0.0,-0.25208]},"92o":{"weight":1.0,"played":[1.0,0.0],"evs":[0.0,-0.2354]},"T2o":{"weight":1.0,"played":[0.0336,0.9664],"evs":[0.0,0.06772]},"J2o":{"weight":1.0,"played":[7.0E-4,0.9993],"evs":[0.0,0.1432]},"Q2o":{"weight":1.0,"played":[2.0E-4,0.9998],"evs":[0.0,0.4026]},"K2o":{"weight":1.0,"played":[0.0,1.0],"evs":[0.0,0.63924]},"A2o":{"weight":1.0,"played":[0.0,1.0],"evs":[0.0,1.92304]},"32s":{"weight":1.0,"played":[0.0,1.0],"evs":[0.0,0.42826]},"33":{"weight":1.0,"played":[0.0,1.0],"evs":[0.0,2.22156]},"43o":{"weight":1.0,"played":[7.0E-4,0.9993],"evs":[0.0,0.29698]},"53o":{"weight":1.0,"played":[0.0,1.0],"evs":[0.0,0.39142]},"63o":{"weight":1.0,"played":[0.001,0.999],"evs":[0.0,0.22028]},"73o":{"weight":1.0,"played":[0.014,0.986],"evs":[0.0,0.09687]},"83o":{"weight":1.0,"played":[0.9997,3.0E-4],"evs":[0.0,-0.13365]},"93o":{"weight":1.0,"played":[0.9986,0.0014],"evs":[0.0,-0.14948]},"T3o":{"weight":1.0,"played":[0.0026,0.9974],"evs":[0.0,0.12214]},"J3o":{"weight":1.0,"played":[0.0,1.0],"evs":[0.0,0.34758]},"Q3o":{"weight":1.0,"played":[0.0,1.0],"evs":[0.0,0.56273]},"K3o":{"weight":1.0,"played":[0.0,1.0],"evs":[0.0,0.79871]},"A3o":{"weight":1.0,"played":[0.0,1.0],"evs":[0.0,2.06565]},"42s":{"weight":1.0,"played":[1.0E-4,0.9999],"evs":[0.0,0.64164]},"43s":{"weight":1.0,"played":[0.0,1.0],"evs":[0.0,0.96219]},"44":{"weight":1.0,"played":[0.0,1.0],"evs":[0.0,2.57748]},"54o":{"weight":1.0,"played":[0.0,1.0],"evs":[0.0,0.65423]},"64o":{"weight":1.0,"played":[0.0,1.0],"evs":[0.0,0.56207]},"74o":{"weight":1.0,"played":[5.0E-4,0.9995],"evs":[0.0,0.40139]},"84o":{"weight":1.0,"played":[0.0024,0.9976],"evs":[0.0,0.24111]},"94o":{"weight":1.0,"played":[0.9556,0.0444],"evs":[0.0,-0.06296]},"T4o":{"weight":1.0,"played":[7.0E-4,0.9993],"evs":[0.0,0.30078]},"J4o":{"weight":1.0,"played":[2.0E-4,0.9998],"evs":[0.0,0.45932]},"Q4o":{"weight":1.0,"played":[0.0,1.0],"evs":[0.0,0.676]},"K4o":{"weight":1.0,"played":[0.0,1.0],"evs":[0.0,0.93772]},"A4o":{"weight":1.0,"played":[0.0,1.0],"evs":[0.0,2.20886]},"52s":{"weight":1.0,"played":[0.0,1.0],"evs":[0.0,0.66148]},"53s":{"weight":1.0,"played":[0.0,1.0],"evs":[0.0,1.04189]},"54s":{"weight":1.0,"played":[0.0,1.0],"evs":[0.0,1.2678]},"55":{"weight":1.0,"played":[0.0,1.0],"evs":[0.0,3.05432]},"65o":{"weight":1.0,"played":[0.0,1.0],"evs":[0.0,0.80819]},"75o":{"weight":1.0,"played":[0.0,1.0],"evs":[0.0,0.65588]},"85o":{"weight":1.0,"played":[0.0,1.0],"evs":[0.0,0.46999]},"95o":{"weight":1.0,"played":[3.0E-4,0.9997],"evs":[0.0,0.26505]},"T5o":{"weight":1.0,"played":[2.0E-4,0.9998],"evs":[0.0,0.38938]},"J5o":{"weight":1.0,"played":[0.0,1.0],"evs":[0.0,0.51642]},"Q5o":{"weight":1.0,"played":[0.0,1.0],"evs":[0.0,0.85076]},"K5o":{"weight":1.0,"played":[0.0,1.0],"evs":[0.0,1.15556]},"A5o":{"weight":1.0,"played":[0.0,1.0],"evs":[0.0,2.38661]},"62s":{"weight":1.0,"played":[1.0E-4,0.9999],"evs":[0.0,0.45531]},"63s":{"weight":1.0,"played":[3.0E-4,0.9997],"evs":[0.0,0.75781]},"64s":{"weight":1.0,"played":[0.0,1.0],"evs":[0.0,1.29935]},"65s":{"weight":1.0,"played":[1.0E-4,0.9999],"evs":[0.0,1.5016]},"66":{"weight":1.0,"played":[0.0,1.0],"evs":[0.0,3.29092]},"76o":{"weight":1.0,"played":[0.0,1.0],"evs":[0.0,0.97777]},"86o":{"weight":1.0,"played":[0.0,1.0],"evs":[0.0,0.84559]},"96o":{"weight":1.0,"played":[1.0E-4,0.9999],"evs":[0.0,0.53283]},"T6o":{"weight":1.0,"played":[0.0,1.0],"evs":[0.0,0.58838]},"J6o":{"weight":1.0,"played":[7.0E-4,0.9993],"evs":[0.0,0.61298]},"Q6o":{"weight":1.0,"played":[0.0,1.0],"evs":[0.0,0.96561]},"K6o":{"weight":1.0,"played":[0.0,1.0],"evs":[0.0,1.27964]},"A6o":{"weight":1.0,"played":[0.0,1.0],"evs":[0.0,2.40877]},"72s":{"weight":1.0,"played":[0.0,1.0],"evs":[0.0,0.29833]},"73s":{"weight":1.0,"played":[0.0,1.0],"evs":[0.0,0.79782]},"74s":{"weight":1.0,"played":[0.0,1.0],"evs":[0.0,1.01747]},"75s":{"weight":1.0,"played":[0.0,1.0],"evs":[0.0,1.32717]},"76s":{"weight":1.0,"played":[0.0,1.0],"evs":[0.0,1.65149]},"77":{"weight":1.0,"played":[0.0,1.0],"evs":[0.0,3.57179]},"87o":{"weight":1.0,"played":[0.0,1.0],"evs":[0.0,1.00294]},"97o":{"weight":1.0,"played":[0.0,1.0],"evs":[0.0,0.82566]},"T7o":{"weight":1.0,"played":[0.0,1.0],"evs":[0.0,0.93381]},"J7o":{"weight":1.0,"played":[0.0,1.0],"evs":[0.0,0.83835]},"Q7o":{"weight":1.0,"played":[0.0,1.0],"evs":[0.0,1.0038]},"K7o":{"weight":1.0,"played":[0.0,1.0],"evs":[0.0,1.35478]},"A7o":{"weight":1.0,"played":[0.0,1.0],"evs":[0.0,2.62949]},"82s":{"weight":1.0,"played":[0.0,1.0],"evs":[0.0,0.55168]},"83s":{"weight":1.0,"played":[1.0E-4,0.9999],"evs":[0.0,0.58421]},"84s":{"weight":1.0,"played":[0.0,1.0],"evs":[0.0,0.91776]},"85s":{"weight":1.0,"played":[0.0,1.0],"evs":[0.0,1.24812]},"86s":{"weight":1.0,"played":[0.0,1.0],"evs":[0.0,1.4424]},"87s":{"weight":1.0,"played":[0.0,1.0],"evs":[0.0,1.65868]},"88":{"weight":1.0,"played":[0.0,1.0],"evs":[0.0,4.09186]},"98o":{"weight":1.0,"played":[0.0,1.0],"evs":[0.0,1.06687]},"T8o":{"weight":1.0,"played":[0.0,1.0],"evs":[0.0,1.11002]},"J8o":{"weight":1.0,"played":[0.0,1.0],"evs":[0.0,1.05228]},"Q8o":{"weight":1.0,"played":[0.0,1.0],"evs":[0.0,1.22661]},"K8o":{"weight":1.0,"played":[0.0,1.0],"evs":[0.0,1.5069]},"A8o":{"weight":1.0,"played":[0.0,1.0],"evs":[0.0,3.11376]},"92s":{"weight":1.0,"played":[4.0E-4,0.9996],"evs":[0.0,0.40984]},"93s":{"weight":1.0,"played":[1.0E-4,0.9999],"evs":[0.0,0.59859]},"94s":{"weight":1.0,"played":[0.0,1.0],"evs":[0.0,0.57885]},"95s":{"weight":1.0,"played":[0.0,1.0],"evs":[0.0,0.95155]},"96s":{"weight":1.0,"played":[0.0,1.0],"evs":[0.0,1.18288]},"97s":{"weight":1.0,"played":[0.0,1.0],"evs":[0.0,1.60714]},"98s":{"weight":1.0,"played":[0.0,1.0],"evs":[0.0,1.59297]},"99":{"weight":1.0,"played":[0.0,1.0],"evs":[0.0,4.47581]},"T9o":{"weight":1.0,"played":[0.0,1.0],"evs":[0.0,1.38402]},"J9o":{"weight":1.0,"played":[0.0,1.0],"evs":[0.0,1.4401]},"Q9o":{"weight":1.0,"played":[0.0,1.0],"evs":[0.0,1.49337]},"K9o":{"weight":1.0,"played":[0.0,1.0],"evs":[0.0,1.7704]},"A9o":{"weight":1.0,"played":[0.0,1.0],"evs":[0.0,3.35016]},"T2s":{"weight":1.0,"played":[1.0E-4,0.9999],"evs":[0.0,0.7533]},"T3s":{"weight":1.0,"played":[0.0,1.0],"evs":[0.0,0.85004]},"T4s":{"weight":1.0,"played":[0.0,1.0],"evs":[0.0,1.06757]},"T5s":{"weight":1.0,"played":[0.0,1.0],"evs":[0.0,1.01276]},"T6s":{"weight":1.0,"played":[0.0,1.0],"evs":[0.0,1.41267]},"T7s":{"weight":1.0,"played":[0.0,1.0],"evs":[0.0,1.49628]},"T8s":{"weight":1.0,"played":[0.0,1.0],"evs":[0.0,1.72417]},"T9s":{"weight":1.0,"played":[0.0,1.0],"evs":[0.0,2.01832]},"TT":{"weight":1.0,"played":[0.0,1.0],"evs":[0.0,5.30846]},"JTo":{"weight":1.0,"played":[0.0,1.0],"evs":[0.0,1.86765]},"QTo":{"weight":1.0,"played":[0.0,1.0],"evs":[0.0,2.08403]},"KTo":{"weight":1.0,"played":[0.0,1.0],"evs":[0.0,2.53744]},"ATo":{"weight":1.0,"played":[0.0,1.0],"evs":[0.0,4.21333]},"J2s":{"weight":1.0,"played":[0.0,1.0],"evs":[0.0,0.7792]},"J3s":{"weight":1.0,"played":[0.0,1.0],"evs":[0.0,0.98887]},"J4s":{"weight":1.0,"played":[0.0,1.0],"evs":[0.0,1.19973]},"J5s":{"weight":1.0,"played":[0.0,1.0],"evs":[0.0,1.25048]},"J6s":{"weight":1.0,"played":[0.0,1.0],"evs":[0.0,1.26893]},"J7s":{"weight":1.0,"played":[0.0,1.0],"evs":[0.0,1.49312]},"J8s":{"weight":1.0,"played":[0.0,1.0],"evs":[0.0,1.76207]},"J9s":{"weight":1.0,"played":[0.0,1.0],"evs":[0.0,2.01659]},"JTs":{"weight":1.0,"played":[0.0,1.0],"evs":[0.0,2.37282]},"JJ":{"weight":1.0,"played":[0.0,1.0],"evs":[0.0,5.82699]},"QJo":{"weight":1.0,"played":[0.0,1.0],"evs":[0.0,2.32924]},"KJo":{"weight":1.0,"played":[0.0,1.0],"evs":[0.0,2.66385]},"AJo":{"weight":1.0,"played":[0.0,1.0],"evs":[0.0,4.56072]},"Q2s":{"weight":1.0,"played":[0.0,1.0],"evs":[0.0,1.15425]},"Q3s":{"weight":1.0,"played":[0.0,1.0],"evs":[0.0,1.25047]},"Q4s":{"weight":1.0,"played":[1.0E-4,0.9999],"evs":[0.0,1.31978]},"Q5s":{"weight":1.0,"played":[0.0,1.0],"evs":[0.0,1.44642]},"Q6s":{"weight":1.0,"played":[1.0E-4,0.9999],"evs":[0.0,1.51922]},"Q7s":{"weight":1.0,"played":[0.0,1.0],"evs":[0.0,1.60217]},"Q8s":{"weight":1.0,"played":[0.0,1.0],"evs":[0.0,1.87164]},"Q9s":{"weight":1.0,"played":[0.0,1.0],"evs":[0.0,2.04889]},"QTs":{"weight":1.0,"played":[0.0,1.0],"evs":[0.0,2.77525]},"QJs":{"weight":1.0,"played":[0.0,1.0],"evs":[0.0,2.79599]},"QQ":{"weight":1.0,"played":[0.0,1.0],"evs":[0.0,6.4057]},"KQo":{"weight":1.0,"played":[0.0,1.0],"evs":[0.0,2.93688]},"AQo":{"weight":1.0,"played":[0.0,1.0],"evs":[0.0,4.94463]},"K2s":{"weight":1.0,"played":[0.0,1.0],"evs":[0.0,1.34684]},"K3s":{"weight":1.0,"played":[1.0E-4,0.9999],"evs":[0.0,1.52583]},"K4s":{"weight":1.0,"played":[0.0,1.0],"evs":[0.0,1.63274]},"K5s":{"weight":1.0,"played":[0.0,1.0],"evs":[0.0,1.76107]},"K6s":{"weight":1.0,"played":[0.0,1.0],"evs":[0.0,1.84435]},"K7s":{"weight":1.0,"played":[0.0,1.0],"evs":[0.0,2.02434]},"K8s":{"weight":1.0,"played":[0.0,1.0],"evs":[0.0,2.10323]},"K9s":{"weight":1.0,"played":[0.0,1.0],"evs":[0.0,2.48704]},"KTs":{"weight":1.0,"played":[0.0,1.0],"evs":[0.0,3.00778]},"KJs":{"weight":1.0,"played":[0.0,1.0],"evs":[0.0,3.16206]},"KQs":{"weight":1.0,"played":[0.0,1.0],"evs":[0.0,3.48689]},"KK":{"weight":1.0,"played":[0.0,1.0],"evs":[0.0,7.40551]},"AKo":{"weight":1.0,"played":[0.0,1.0],"evs":[0.0,5.45793]},"A2s":{"weight":1.0,"played":[0.0,1.0],"evs":[0.0,2.53287]},"A3s":{"weight":1.0,"played":[0.0,1.0],"evs":[0.0,2.73363]},"A4s":{"weight":1.0,"played":[0.0,1.0],"evs":[0.0,2.78928]},"A5s":{"weight":1.0,"played":[0.0,1.0],"evs":[0.0,2.98147]},"A6s":{"weight":1.0,"played":[0.0,1.0],"evs":[0.0,2.96488]},"A7s":{"weight":1.0,"played":[0.0,1.0],"evs":[0.0,3.38827]},"A8s":{"weight":1.0,"played":[0.0,1.0],"evs":[0.0,3.64482]},"A9s":{"weight":1.0,"played":[0.0,1.0],"evs":[0.0,3.95499]},"ATs":{"weight":1.0,"played":[0.0,1.0],"evs":[0.0,4.72293]},"AJs":{"weight":1.0,"played":[0.0,1.0],"evs":[0.0,4.99126]},"AQs":{"weight":1.0,"played":[0.0,1.0],"evs":[0.0,5.40839]},"AKs":{"weight":1.0,"played":[0.0,1.0],"evs":[0.0,5.82869]},"AA":{"weight":1.0,"played":[0.0,1.0],"evs":[0.0,9.77196]}}}