{"player":1,"street":0,"children":2,"sequence":[{"player":0,"type":"F","amount":0,"street":0},{"player":1,"type":"C","amount":100000,"street":0},{"player":2,"type":"C","amount":0,"street":0},{"player":3,"type":"R","amount":1815000,"street":0},{"player":4,"type":"F","amount":0,"street":0},{"player":5,"type":"F","amount":0,"street":0}],"actions":[{"type":"F","amount":0},{"type":"C","amount":1705000}],"hands":{"22":{"weight":0.5496,"played":[0.991,0.009],"evs":[0.0,-0.42526]},"32o":{"weight":0.0,"played":[1.0,0.0],"evs":[0.0,-8.30228]},"42o":{"weight":0.0,"played":[1.0,0.0],"evs":[0.0,-7.8842]},"52o":{"weight":0.0,"played":[1.0,0.0],"evs":[0.0,-6.93369]},"62o":{"weight":0.0,"played":[1.0,0.0],"evs":[0.0,-7.40273]},"72o":{"weight":0.0,"played":[1.0,0.0],"evs":[0.0,-7.43494]},"82o":{"weight":0.0,"played":[1.0,0.0],"evs":[0.0,-7.29589]},"92o":{"weight":0.0,"played":[1.0,0.0],"evs":[0.0,-7.54152]},"T2o":{"weight":0.0,"played":[1.0,0.0],"evs":[0.0,-6.8142]},"J2o":{"weight":0.0,"played":[1.0,0.0],"evs":[0.0,-5.79235]},"Q2o":{"weight":0.0,"played":[1.0,0.0],"evs":[0.0,-5.05179]},"K2o":{"weight":0.0,"played":[1.0,0.0],"evs":[0.0,-3.12059]},"A2o":{"weight":0.5341,"played":[0.995,0.005],"evs":[0.0,-0.21446]},"32s":{"weight":0.0,"played":[1.0,0.0],"evs":[0.0,-6.58075]},"33":{"weight":0.0,"played":[0.0,1.0],"evs":[0.0,0.59526]},"43o":{"weight":0.0,"played":[1.0,0.0],"evs":[0.0,-6.79818]},"53o":{"weight":0.0,"played":[1.0,0.0],"evs":[0.0,-6.17091]},"63o":{"weight":0.0,"played":[1.0,0.0],"evs":[0.0,-6.38838]},"73o":{"weight":0.0,"played":[1.0,0.0],"evs":[0.0,-6.46949]},"83o":{"weight":0.0,"played":[1.0,0.0],"evs":[0.0,-6.72608]},"93o":{"weight":0.0,"played":[1.0,0.0],"evs":[0.0,-6.57721]},"T3o":{"weight":0.0,"played":[1.0,0.0],"evs":[0.0,-6.10708]},"J3o":{"weight":0.0,"played":[1.0,0.0],"evs":[0.0,-5.19751]},"Q3o":{"weight":0.0,"played":[1.0,0.0],"evs":[0.0,-3.9995]},"K3o":{"weight":0.0,"played":[1.0,0.0],"evs":[0.0,-2.64042]},"A3o":{"weight":0.0051,"played":[0.2405,0.7595],"evs":[0.0,0.06103]},"42s":{"weight":0.0,"played":[0.9998,2.0E-4],"evs":[0.0,-6.28532]},"43s":{"weight":0.0,"played":[1.0,0.0],"evs":[0.0,-4.83876]},"44":{"weight":0.0,"played":[0.0,1.0],"evs":[0.0,2.30125]},"54o":{"weight":0.0,"played":[1.0,0.0],"evs":[0.0,-5.15548]},"64o":{"weight":0.0,"played":[1.0,0.0],"evs":[0.0,-5.69907]},"74o":{"weight":0.0,"played":[1.0,0.0],"evs":[0.0,-5.41925]},"84o":{"weight":0.0,"played":[1.0,0.0],"evs":[0.0,-6.1754]},"94o":{"weight":0.0,"played":[1.0,0.0],"evs":[0.0,-6.39467]},"T4o":{"weight":0.0,"played":[1.0,0.0],"evs":[0.0,-5.10249]},"J4o":{"weight":0.0,"played":[1.0,0.0],"evs":[0.0,-4.81472]},"Q4o":{"weight":0.0,"played":[1.0,0.0],"evs":[0.0,-3.75743]},"K4o":{"weight":0.0,"played":[0.9999,1.0E-4],"evs":[0.0,-2.22525]},"A4o":{"weight":0.0013,"played":[0.0388,0.9612],"evs":[0.0,0.59821]},"52s":{"weight":0.0,"played":[1.0,0.0],"evs":[0.0,-5.72425]},"53s":{"weight":0.0,"played":[1.0,0.0],"evs":[0.0,-3.82526]},"54s":{"weight":0.0,"played":[0.9999,1.0E-4],"evs":[0.0,-3.74493]},"55":{"weight":0.0,"played":[0.0,1.0],"evs":[0.0,3.27421]},"65o":{"weight":0.0,"played":[1.0,0.0],"evs":[0.0,-4.55913]},"75o":{"weight":0.0,"played":[1.0,0.0],"evs":[0.0,-4.83836]},"85o":{"weight":0.0,"played":[1.0,0.0],"evs":[0.0,-4.97184]},"95o":{"weight":0.0,"played":[1.0,0.0],"evs":[0.0,-5.36604]},"T5o":{"weight":0.0,"played":[0.9999,1.0E-4],"evs":[0.0,-5.29411]},"J5o":{"weight":0.0,"played":[1.0,0.0],"evs":[0.0,-4.36217]},"Q5o":{"weight":0.0,"played":[1.0,0.0],"evs":[0.0,-3.44106]},"K5o":{"weight":0.0044,"played":[0.9999,1.0E-4],"evs":[0.0,-1.68373]},"A5o":{"weight":7.0E-4,"played":[0.0,1.0],"evs":[0.0,1.42983]},"62s":{"weight":0.0,"played":[1.0,0.0],"evs":[0.0,-5.51854]},"63s":{"weight":0.0,"played":[0.9999,1.0E-4],"evs":[0.0,-4.96193]},"64s":{"weight":0.0,"played":[1.0,0.0],"evs":[0.0,-3.5682]},"65s":{"weight":0.0,"played":[0.9994,6.0E-4],"evs":[0.0,-2.62516]},"66":{"weight":0.0,"played":[0.0,1.0],"evs":[0.0,4.89986]},"76o":{"weight":0.0,"played":[1.0,0.0],"evs":[0.0,-3.78458]},"86o":{"weight":0.0,"played":[1.0,0.0],"evs":[0.0,-4.10507]},"96o":{"weight":0.0,"played":[1.0,0.0],"evs":[0.0,-4.67337]},"T6o":{"weight":0.0,"played":[1.0,0.0],"evs":[0.0,-4.42613]},"J6o":{"weight":0.0,"played":[1.0,0.0],"evs":[0.0,-3.86133]},"Q6o":{"weight":0.0,"played":[1.0,0.0],"evs":[0.0,-2.81687]},"K6o":{"weight":0.4598,"played":[0.9999,1.0E-4],"evs":[0.0,-1.30384]},"A6o":{"weight":7.0E-4,"played":[0.0,1.0],"evs":[0.0,1.66752]},"72s":{"weight":0.0,"played":[1.0,0.0],"evs":[0.0,-5.58258]},"73s":{"weight":0.0,"played":[0.9998,2.0E-4],"evs":[0.0,-4.51946]},"74s":{"weight":0.0,"played":[0.9999,1.0E-4],"evs":[0.0,-3.89235]},"75s":{"weight":0.0,"played":[0.9999,1.0E-4],"evs":[0.0,-2.61328]},"76s":{"weight":0.0,"played":[0.9971,0.0029],"evs":[0.0,-2.31091]},"77":{"weight":0.0,"played":[0.0,1.0],"evs":[0.0,6.54706]},"87o":{"weight":0.0,"played":[1.0,0.0],"evs":[0.0,-3.30934]},"97o":{"weight":0.0,"played":[1.0,0.0],"evs":[0.0,-3.47576]},"T7o":{"weight":0.0,"played":[1.0,0.0],"evs":[0.0,-3.5192]},"J7o":{"weight":0.0,"played":[1.0,0.0],"evs":[0.0,-3.20586]},"Q7o":{"weight":0.0,"played":[0.9999,1.0E-4],"evs":[0.0,-2.4003]},"K7o":{"weight":0.9841,"played":[0.9945,0.0055],"evs":[0.0,-0.5849]},"A7o":{"weight":0.0,"played":[0.0,1.0],"evs":[0.0,2.96499]},"82s":{"weight":0.0,"played":[1.0,0.0],"evs":[0.0,-5.43073]},"83s":{"weight":0.0,"played":[1.0,0.0],"evs":[0.0,-5.36673]},"84s":{"weight":0.0,"played":[1.0,0.0],"evs":[0.0,-3.79759]},"85s":{"weight":0.0,"played":[1.0,0.0],"evs":[0.0,-3.43653]},"86s":{"weight":0.0,"played":[1.0,0.0],"evs":[0.0,-2.75287]},"87s":{"weight":0.3766,"played":[1.0,0.0],"evs":[0.0,-2.13456]},"88":{"weight":0.4863,"played":[0.0,1.0],"evs":[0.0,7.37836]},"98o":{"weight":0.0,"played":[1.0,0.0],"evs":[0.0,-2.75256]},"T8o":{"weight":0.0,"played":[1.0,0.0],"evs":[0.0,-2.35398]},"J8o":{"weight":0.0,"played":[1.0,0.0],"evs":[0.0,-2.61392]},"Q8o":{"weight":0.0182,"played":[0.9999,1.0E-4],"evs":[0.0,-1.53374]},"K8o":{"weight":0.9752,"played":[0.982,0.018],"evs":[0.0,-0.50063]},"A8o":{"weight":0.0,"played":[0.0,1.0],"evs":[0.0,4.30496]},"92s":{"weight":0.0,"played":[0.9999,1.0E-4],"evs":[0.0,-5.7215]},"93s":{"weight":0.0,"played":[0.9999,1.0E-4],"evs":[0.0,-5.46603]},"94s":{"weight":0.0,"played":[0.9999,1.0E-4],"evs":[0.0,-4.52541]},"95s":{"weight":0.0,"played":[1.0,0.0],"evs":[0.0,-3.97204]},"96s":{"weight":0.0,"played":[0.9999,1.0E-4],"evs":[0.0,-2.80272]},"97s":{"weight":0.0041,"played":[0.9999,1.0E-4],"evs":[0.0,-1.98632]},"98s":{"weight":0.6855,"played":[1.0,0.0],"evs":[0.0,-1.37744]},"99":{"weight":0.0495,"played":[0.0,1.0],"evs":[0.0,8.22818]},"T9o":{"weight":0.8671,"played":[0.9997,3.0E-4],"evs":[0.0,-1.88128]},"J9o":{"weight":0.9728,"played":[0.9997,3.0E-4],"evs":[0.0,-1.50635]},"Q9o":{"weight":0.994,"played":[1.0,0.0],"evs":[0.0,-0.89018]},"K9o":{"weight":0.4882,"played":[0.0345,0.9655],"evs":[0.0,0.45741]},"A9o":{"weight":0.0,"played":[0.0,1.0],"evs":[0.0,5.28246]},"T2s":{"weight":0.0,"played":[0.9999,1.0E-4],"evs":[0.0,-4.86033]},"T3s":{"weight":0.0,"played":[1.0,0.0],"evs":[0.0,-3.94425]},"T4s":{"weight":0.0,"played":[1.0,0.0],"evs":[0.0,-3.78731]},"T5s":{"weight":0.0,"played":[1.0,0.0],"evs":[0.0,-3.32098]},"T6s":{"weight":0.0,"played":[1.0,0.0],"evs":[0.0,-2.72228]},"T7s":{"weight":0.7778,"played":[0.9966,0.0034],"evs":[0.0,-1.51886]},"T8s":{"weight":0.0088,"played":[0.9997,3.0E-4],"evs":[0.0,-0.70041]},"T9s":{"weight":6.0E-4,"played":[0.6206,0.3794],"evs":[0.0,-0.18289]},"TT":{"weight":0.0017,"played":[0.0,1.0],"evs":[0.0,11.02564]},"JTo":{"weight":0.0,"played":[0.6209,0.3791],"evs":[0.0,0.06876]},"QTo":{"weight":0.0,"played":[0.0021,0.9979],"evs":[0.0,1.15781]},"KTo":{"weight":0.0,"played":[1.0E-4,0.9999],"evs":[0.0,2.54266]},"ATo":{"weight":0.0,"played":[0.0,1.0],"evs":[0.0,8.10534]},"J2s":{"weight":0.0,"played":[0.9998,2.0E-4],"evs":[0.0,-4.10795]},"J3s":{"weight":0.0,"played":[1.0,0.0],"evs":[0.0,-3.70538]},"J4s":{"weight":0.0,"played":[0.9994,6.0E-4],"evs":[0.0,-3.58937]},"J5s":{"weight":0.0,"played":[1.0,0.0],"evs":[0.0,-2.33233]},"J6s":{"weight":0.0,"played":[1.0,0.0],"evs":[0.0,-2.57225]},"J7s":{"weight":0.3631,"played":[0.9992,8.0E-4],"evs":[0.0,-1.41881]},"J8s":{"weight":0.0114,"played":[0.9989,0.0011],"evs":[0.0,-0.39859]},"J9s":{"weight":0.0,"played":[0.9331,0.0669],"evs":[0.0,-0.11681]},"JTs":{"weight":0.0,"played":[0.0279,0.9721],"evs":[0.0,1.71619]},"JJ":{"weight":0.1167,"played":[0.0,1.0],"evs":[0.0,12.4362]},"QJo":{"weight":0.0,"played":[0.0011,0.9989],"evs":[0.0,1.9635]},"KJo":{"weight":0.0,"played":[0.0,1.0],"evs":[0.0,3.21812]},"AJo":{"weight":0.0,"played":[0.0,1.0],"evs":[0.0,9.17157]},"Q2s":{"weight":0.0,"played":[0.9991,9.0E-4],"evs":[0.0,-2.95847]},"Q3s":{"weight":0.0,"played":[1.0,0.0],"evs":[0.0,-2.47238]},"Q4s":{"weight":0.0,"played":[0.9999,1.0E-4],"evs":[0.0,-2.16433]},"Q5s":{"weight":0.0178,"played":[1.0,0.0],"evs":[0.0,-1.79775]},"Q6s":{"weight":0.9959,"played":[0.993,0.007],"evs":[0.0,-1.37012]},"Q7s":{"weight":0.9963,"played":[0.9985,0.0015],"evs":[0.0,-0.80506]},"Q8s":{"weight":0.0,"played":[0.961,0.039],"evs":[0.0,-0.42099]},"Q9s":{"weight":0.0,"played":[0.006,0.994],"evs":[0.0,0.29732]},"QTs":{"weight":1.0E-4,"played":[0.0,1.0],"evs":[0.0,2.6557]},"QJs":{"weight":0.0,"played":[0.0,1.0],"evs":[0.0,3.29109]},"QQ":{"weight":0.9701,"played":[0.0,1.0],"evs":[0.0,14.02928]},"KQo":{"weight":0.0,"played":[0.0,1.0],"evs":[0.0,3.9119]},"AQo":{"weight":0.0,"played":[0.0,1.0],"evs":[0.0,10.44687]},"K2s":{"weight":0.999,"played":[0.9999,1.0E-4],"evs":[0.0,-1.4547]},"K3s":{"weight":0.9926,"played":[0.9978,0.0022],"evs":[0.0,-1.11715]},"K4s":{"weight":8.0E-4,"played":[0.999,0.001],"evs":[0.0,-0.83881]},"K5s":{"weight":0.0,"played":[0.399,0.601],"evs":[0.0,-0.16158]},"K6s":{"weight":0.0011,"played":[0.0036,0.9964],"evs":[0.0,0.47361]},"K7s":{"weight":0.0,"played":[3.0E-4,0.9997],"evs":[0.0,0.9078]},"K8s":{"weight":2.0E-4,"played":[1.0E-4,0.9999],"evs":[0.0,0.96892]},"K9s":{"weight":0.0027,"played":[0.014,0.986],"evs":[0.0,1.62977]},"KTs":{"weight":0.0,"played":[0.0,1.0],"evs":[0.0,3.71068]},"KJs":{"weight":1.0E-4,"played":[0.0,1.0],"evs":[0.0,4.23405]},"KQs":{"weight":0.0,"played":[0.0,1.0],"evs":[0.0,4.90786]},"KK":{"weight":0.9947,"played":[0.0,1.0],"evs":[0.0,15.06865]},"AKo":{"weight":0.0,"played":[0.0,1.0],"evs":[0.0,11.32061]},"A2s":{"weight":3.0E-4,"played":[0.0114,0.9886],"evs":[0.0,1.1127]},"A3s":{"weight":0.0,"played":[0.0039,0.9961],"evs":[0.0,2.00038]},"A4s":{"weight":0.0,"played":[0.0058,0.9942],"evs":[0.0,2.68545]},"A5s":{"weight":0.0,"played":[7.0E-4,0.9993],"evs":[0.0,3.1312]},"A6s":{"weight":0.0,"played":[0.0,1.0],"evs":[0.0,3.36951]},"A7s":{"weight":0.0,"played":[0.0,1.0],"evs":[0.0,4.26509]},"A8s":{"weight":0.0051,"played":[0.0,1.0],"evs":[0.0,5.13085]},"A9s":{"weight":0.0,"played":[0.0,1.0],"evs":[0.0,6.03761]},"ATs":{"weight":0.0,"played":[0.0,1.0],"evs":[0.0,9.04645]},"AJs":{"weight":0.0,"played":[0.0,1.0],"evs":[0.0,10.5467]},"AQs":{"weight":4.0E-4,"played":[0.0,1.0],"evs":[0.0,11.14346]},"AKs":{"weight":0.0016,"played":[0.0,1.0],"evs":[0.0,12.0036]},"AA":{"weight":1.0,"played":[0.0,1.0],"evs":[0.0,19.77974]}}}