{"player":3,"street":0,"children":3,"sequence":[{"player":0,"type":"F","amount":0,"street":0},{"player":1,"type":"F","amount":0,"street":0},{"player":2,"type":"C","amount":0,"street":0},{"player":3,"type":"C","amount":100000,"street":0},{"player":4,"type":"C","amount":50000,"street":0},{"player":5,"type":"R","amount":445000,"street":0}],"actions":[{"type":"F","amount":0,"node":12},{"type":"C","amount":345000,"node":13},{"type":"R","amount":1815000,"node":15}],"hands":{"22":{"weight":0.0,"played":[0.0,0.102,0.898],"evs":[0.0,2.76277,2.828]},"32o":{"weight":0.0,"played":[1.0,0.0,0.0],"evs":[0.0,-1.14493,-2.14113]},"42o":{"weight":0.0,"played":[1.0,0.0,0.0],"evs":[0.0,-1.0732,-1.87591]},"52o":{"weight":0.0,"played":[1.0,0.0,0.0],"evs":[0.0,-1.11434,-1.70331]},"62o":{"weight":0.0,"played":[1.0,0.0,0.0],"evs":[0.0,-1.17266,-2.02136]},"72o":{"weight":0.0,"played":[1.0,0.0,0.0],"evs":[0.0,-1.18688,-2.03142]},"82o":{"weight":0.0,"played":[1.0,0.0,0.0],"evs":[0.0,-1.08277,-1.76425]},"92o":{"weight":0.0,"played":[1.0,0.0,0.0],"evs":[0.0,-1.03136,-1.47019]},"T2o":{"weight":0.0,"played":[1.0,0.0,0.0],"evs":[0.0,-0.84732,-1.25188]},"J2o":{"weight":0.0,"played":[1.0,0.0,0.0],"evs":[0.0,-0.66499,-0.77943]},"Q2o":{"weight":0.0166,"played":[0.97,0.009,0.021],"evs":[0.0,-0.23395,-0.21484]},"K2o":{"weight":0.1302,"played":[0.0,0.0451,0.9549],"evs":[0.0,2.30457,2.42513]},"A2o":{"weight":0.0,"played":[0.0,0.0022,0.9978],"evs":[0.0,4.60085,4.71916]},"32s":{"weight":0.0,"played":[0.9981,1.0E-4,0.0019],"evs":[0.0,-0.69366,-0.66498]},"33":{"weight":0.0,"played":[0.0,1.0E-4,0.9999],"evs":[0.0,3.22236,3.36101]},"43o":{"weight":0.0,"played":[1.0,0.0,0.0],"evs":[0.0,-0.88012,-1.39368]},"53o":{"weight":0.0,"played":[1.0,0.0,0.0],"evs":[0.0,-0.88517,-1.06674]},"63o":{"weight":0.0,"played":[1.0,0.0,0.0],"evs":[0.0,-0.93583,-1.41908]},"73o":{"weight":0.0,"played":[1.0,0.0,0.0],"evs":[0.0,-0.97688,-1.55207]},"83o":{"weight":0.0,"played":[1.0,0.0,0.0],"evs":[0.0,-1.01904,-1.74217]},"93o":{"weight":0.0,"played":[1.0,0.0,0.0],"evs":[0.0,-0.92066,-1.35767]},"T3o":{"weight":0.0,"played":[1.0,0.0,0.0],"evs":[0.0,-0.74648,-1.1034]},"J3o":{"weight":4.0E-4,"played":[1.0,0.0,0.0],"evs":[0.0,-0.55013,-0.63773]},"Q3o":{"weight":0.3827,"played":[0.0476,0.1827,0.7697],"evs":[0.0,9.7E-4,0.04862]},"K3o":{"weight":7.0E-4,"played":[0.0,0.0,1.0],"evs":[0.0,2.41851,2.59062]},"A3o":{"weight":0.0,"played":[0.0,2.0E-4,0.9998],"evs":[0.0,4.90239,5.0788]},"42s":{"weight":0.0,"played":[0.9878,0.0055,0.0067],"evs":[0.0,-0.26729,-0.23894]},"43s":{"weight":1.0E-4,"played":[0.0945,0.5802,0.3253],"evs":[0.0,-0.01285,-0.03102]},"44":{"weight":0.0,"played":[0.0,0.001,0.999],"evs":[0.0,3.97983,4.27627]},"54o":{"weight":0.0,"played":[0.9954,0.0018,0.0027],"evs":[0.0,-0.39794,-0.41509]},"64o":{"weight":0.0,"played":[1.0,0.0,0.0],"evs":[0.0,-0.78728,-0.74534]},"74o":{"weight":0.0,"played":[1.0,0.0,0.0],"evs":[0.0,-0.90242,-0.92005]},"84o":{"weight":0.0,"played":[1.0,0.0,0.0],"evs":[0.0,-0.87421,-1.1418]},"94o":{"weight":0.0,"played":[1.0,0.0,0.0],"evs":[0.0,-0.87055,-1.22079]},"T4o":{"weight":0.0,"played":[1.0,0.0,0.0],"evs":[0.0,-0.65034,-0.76037]},"J4o":{"weight":0.0036,"played":[1.0,0.0,0.0],"evs":[0.0,-0.46766,-0.49262]},"Q4o":{"weight":0.0198,"played":[3.0E-4,0.3269,0.6728],"evs":[0.0,0.21308,0.26178]},"K4o":{"weight":0.0,"played":[0.0,0.0014,0.9986],"evs":[0.0,2.80801,3.01193]},"A4o":{"weight":0.0,"played":[0.0,0.0022,0.9978],"evs":[0.0,5.10147,5.31989]},"52s":{"weight":0.0,"played":[0.9967,9.0E-4,0.0025],"evs":[0.0,-0.16784,-0.18288]},"53s":{"weight":8.0E-4,"played":[0.0112,0.5064,0.4824],"evs":[0.0,0.31909,0.31893]},"54s":{"weight":0.9727,"played":[0.0,0.0938,0.9062],"evs":[0.0,0.77726,0.81395]},"55":{"weight":0.0,"played":[0.0,3.0E-4,0.9997],"evs":[0.0,4.69054,5.00318]},"65o":{"weight":0.0,"played":[0.9656,0.001,0.0335],"evs":[0.0,-0.13284,-0.12187]},"75o":{"weight":0.0,"played":[0.9993,7.0E-4,0.0],"evs":[0.0,-0.28254,-0.26986]},"85o":{"weight":0.0,"played":[1.0,0.0,0.0],"evs":[0.0,-0.47295,-0.4463]},"95o":{"weight":0.0,"played":[1.0,0.0,0.0],"evs":[0.0,-0.58994,-0.56923]},"T5o":{"weight":3.0E-4,"played":[1.0,0.0,0.0],"evs":[0.0,-0.70008,-0.63897]},"J5o":{"weight":0.0152,"played":[0.9954,0.0,0.0046],"evs":[0.0,-0.18251,-0.17044]},"Q5o":{"weight":0.0022,"played":[0.0,0.0035,0.9965],"evs":[0.0,0.46454,0.52587]},"K5o":{"weight":0.0,"played":[0.0,0.0912,0.9088],"evs":[0.0,3.09443,3.25536]},"A5o":{"weight":0.0,"played":[0.0,0.0,1.0],"evs":[0.0,5.41132,5.58725]},"62s":{"weight":0.0,"played":[0.9998,1.0E-4,1.0E-4],"evs":[0.0,-0.47027,-0.44981]},"63s":{"weight":0.0,"played":[0.5117,0.3337,0.1545],"evs":[0.0,-0.04092,-0.08524]},"64s":{"weight":0.3086,"played":[1.0E-4,0.3949,0.605],"evs":[0.0,0.41758,0.45031]},"65s":{"weight":0.1456,"played":[0.0,0.1335,0.8665],"evs":[0.0,1.22868,1.28898]},"66":{"weight":1.0E-4,"played":[0.0,0.0,1.0],"evs":[0.0,5.61244,5.89985]},"76o":{"weight":0.0011,"played":[1.0E-4,0.784,0.2159],"evs":[0.0,0.1958,0.17835]},"86o":{"weight":0.0017,"played":[0.3436,0.2271,0.4294],"evs":[0.0,0.00491,-0.00538]},"96o":{"weight":0.0056,"played":[0.3366,0.0369,0.6265],"evs":[0.0,0.01975,0.05211]},"T6o":{"weight":0.0135,"played":[0.992,0.0,0.008],"evs":[0.0,-0.1659,-0.12189]},"J6o":{"weight":0.4906,"played":[0.7118,0.0622,0.226],"evs":[0.0,-0.02202,-0.02436]},"Q6o":{"weight":0.0,"played":[0.0,0.0836,0.9164],"evs":[0.0,0.89382,0.96014]},"K6o":{"weight":0.0,"played":[0.0,3.0E-4,0.9997],"evs":[0.0,3.50766,3.72086]},"A6o":{"weight":0.0,"played":[0.0,0.002,0.998],"evs":[0.0,5.59131,5.78639]},"72s":{"weight":0.0,"played":[0.9999,0.0,1.0E-4],"evs":[0.0,-0.74327,-0.75353]},"73s":{"weight":0.0,"played":[0.4396,0.5603,0.0],"evs":[0.0,-0.05223,-0.08675]},"74s":{"weight":0.5827,"played":[2.0E-4,0.2822,0.7175],"evs":[0.0,0.39505,0.41914]},"75s":{"weight":0.4113,"played":[0.0,0.6291,0.3709],"evs":[0.0,0.94693,0.93976]},"76s":{"weight":9.0E-4,"played":[0.0,0.0074,0.9926],"evs":[0.0,1.56393,1.61245]},"77":{"weight":0.0,"played":[0.0,0.0,1.0],"evs":[0.0,6.65105,6.93238]},"87o":{"weight":0.0025,"played":[0.0,0.9346,0.0654],"evs":[0.0,0.68164,0.68084]},"97o":{"weight":0.0,"played":[2.0E-4,0.3805,0.6193],"evs":[0.0,0.58267,0.64008]},"T7o":{"weight":3.0E-4,"played":[0.0,0.6846,0.3154],"evs":[0.0,0.48636,0.51075]},"J7o":{"weight":0.0041,"played":[2.0E-4,0.8756,0.1242],"evs":[0.0,0.66187,0.62228]},"Q7o":{"weight":0.0,"played":[0.0,0.2297,0.7703],"evs":[0.0,1.29908,1.42025]},"K7o":{"weight":0.0,"played":[0.0,5.0E-4,0.9995],"evs":[0.0,3.97001,4.15943]},"A7o":{"weight":0.0,"played":[0.0,0.0135,0.9865],"evs":[0.0,5.83937,6.03414]},"82s":{"weight":1.0E-4,"played":[0.9988,9.0E-4,3.0E-4],"evs":[0.0,-0.40261,-0.38894]},"83s":{"weight":0.0,"played":[1.0,0.0,0.0],"evs":[0.0,-0.19152,-0.15615]},"84s":{"weight":0.0265,"played":[0.0011,0.7351,0.2637],"evs":[0.0,0.22048,0.21427]},"85s":{"weight":0.1542,"played":[0.0,0.897,0.103],"evs":[0.0,0.86806,0.85182]},"86s":{"weight":0.0205,"played":[0.0,0.2392,0.7608],"evs":[0.0,1.36145,1.36697]},"87s":{"weight":0.0014,"played":[0.0,0.3431,0.6569],"evs":[0.0,1.76048,1.78436]},"88":{"weight":1.0E-4,"played":[0.0,0.0,1.0],"evs":[0.0,7.71114,7.9557]},"98o":{"weight":0.0,"played":[0.0,0.2268,0.7732],"evs":[0.0,1.14501,1.19008]},"T8o":{"weight":0.0,"played":[0.0,0.2941,0.7059],"evs":[0.0,1.18306,1.18195]},"J8o":{"weight":0.0,"played":[0.0,0.6328,0.3672],"evs":[0.0,1.34503,1.32818]},"Q8o":{"weight":0.0469,"played":[0.0,0.0511,0.9489],"evs":[0.0,2.28931,2.4283]},"K8o":{"weight":1.0E-4,"played":[0.0,0.0026,0.9974],"evs":[0.0,4.47653,4.6147]},"A8o":{"weight":0.0,"played":[0.0,0.0013,0.9987],"evs":[0.0,6.37239,6.58334]},"92s":{"weight":5.0E-4,"played":[0.7992,0.1655,0.0353],"evs":[0.0,-0.13594,-0.10054]},"93s":{"weight":0.0018,"played":[0.6465,0.0518,0.3017],"evs":[0.0,-0.01359,0.05228]},"94s":{"weight":0.0664,"played":[0.0163,0.1811,0.8026],"evs":[0.0,0.12903,0.20906]},"95s":{"weight":0.0016,"played":[2.0E-4,0.6389,0.361],"evs":[0.0,0.90245,0.92535]},"96s":{"weight":0.0014,"played":[0.0,0.0078,0.9922],"evs":[0.0,1.269,1.3229]},"97s":{"weight":0.0016,"played":[0.0,0.8843,0.1157],"evs":[0.0,1.84065,1.84044]},"98s":{"weight":3.0E-4,"played":[0.0,0.4662,0.5338],"evs":[0.0,2.52356,2.55455]},"99":{"weight":3.0E-4,"played":[0.0,0.0047,0.9953],"evs":[0.0,9.06543,9.21557]},"T9o":{"weight":2.0E-4,"played":[0.0,0.1579,0.8421],"evs":[0.0,1.97928,1.97702]},"J9o":{"weight":0.0341,"played":[0.0,0.2497,0.7503],"evs":[0.0,2.26593,2.28436]},"Q9o":{"weight":1.0E-4,"played":[0.0,0.0222,0.9778],"evs":[0.0,3.23709,3.36728]},"K9o":{"weight":0.0,"played":[0.0,0.0,1.0],"evs":[0.0,5.29231,5.48295]},"A9o":{"weight":0.0,"played":[0.0,0.009,0.991],"evs":[0.0,6.78379,6.97125]},"T2s":{"weight":0.4883,"played":[9.0E-4,0.4871,0.5119],"evs":[0.0,0.12118,0.15122]},"T3s":{"weight":0.0584,"played":[0.0013,0.0511,0.9476],"evs":[0.0,0.21467,0.23964]},"T4s":{"weight":0.0022,"played":[2.0E-4,0.0371,0.9627],"evs":[0.0,0.50851,0.60425]},"T5s":{"weight":1.0E-4,"played":[2.0E-4,0.31,0.6898],"evs":[0.0,0.51946,0.59005]},"T6s":{"weight":0.0,"played":[1.0E-4,0.1858,0.8141],"evs":[0.0,1.00675,1.06658]},"T7s":{"weight":1.0E-4,"played":[0.0,0.3145,0.6855],"evs":[0.0,1.90138,1.91007]},"T8s":{"weight":0.0,"played":[0.0,0.0263,0.9737],"evs":[0.0,2.39174,2.39491]},"T9s":{"weight":0.002,"played":[0.0,0.2649,0.7351],"evs":[0.0,3.16694,3.13827]},"TT":{"weight":0.0013,"played":[0.0,4.0E-4,0.9996],"evs":[0.0,10.38874,10.42636]},"JTo":{"weight":3.0E-4,"played":[0.0,0.2704,0.7296],"evs":[0.0,3.21796,3.22815]},"QTo":{"weight":0.0,"played":[0.0,0.0344,0.9656],"evs":[0.0,4.457,4.54423]},"KTo":{"weight":2.0E-4,"played":[0.0,0.0,1.0],"evs":[0.0,6.33933,6.51523]},"ATo":{"weight":0.0,"played":[0.0,0.0014,0.9986],"evs":[0.0,7.7875,7.91963]},"J2s":{"weight":0.0172,"played":[4.0E-4,0.239,0.7606],"evs":[0.0,0.82073,0.81474]},"J3s":{"weight":1.0E-4,"played":[0.0,0.8817,0.1183],"evs":[0.0,0.51189,0.46641]},"J4s":{"weight":0.0,"played":[0.0,0.882,0.1179],"evs":[0.0,0.95424,0.93508]},"J5s":{"weight":1.0E-4,"played":[0.0,0.3757,0.6243],"evs":[0.0,1.11488,1.07645]},"J6s":{"weight":3.0E-4,"played":[0.0,0.6871,0.3129],"evs":[0.0,1.19913,1.15054]},"J7s":{"weight":0.0,"played":[0.0,0.9361,0.0639],"evs":[0.0,1.85446,1.82002]},"J8s":{"weight":0.0,"played":[0.0,0.2232,0.7768],"evs":[0.0,2.619,2.63064]},"J9s":{"weight":0.1655,"played":[0.0,0.2982,0.7018],"evs":[0.0,3.4411,3.45046]},"JTs":{"weight":0.1752,"played":[0.0,0.3477,0.6523],"evs":[0.0,4.37,4.37816]},"JJ":{"weight":0.002,"played":[0.0,0.327,0.673],"evs":[0.0,11.79659,11.71794]},"QJo":{"weight":1.0E-4,"played":[0.0,0.0433,0.9567],"evs":[0.0,5.15613,5.2697]},"KJo":{"weight":8.0E-4,"played":[0.0,0.0034,0.9966],"evs":[0.0,6.82363,6.97934]},"AJo":{"weight":0.0,"played":[0.0,1.0E-4,0.9999],"evs":[0.0,8.24871,8.44595]},"Q2s":{"weight":0.0,"played":[0.0,0.7793,0.2206],"evs":[0.0,1.17232,1.16432]},"Q3s":{"weight":0.0,"played":[0.0,0.7787,0.2213],"evs":[0.0,1.4215,1.41058]},"Q4s":{"weight":0.0,"played":[0.0,0.1601,0.8399],"evs":[0.0,1.51916,1.54054]},"Q5s":{"weight":1.0E-4,"played":[0.0,0.3628,0.6372],"evs":[0.0,1.7888,1.7864]},"Q6s":{"weight":0.0,"played":[0.0,0.0108,0.9892],"evs":[0.0,2.07595,2.11869]},"Q7s":{"weight":0.2352,"played":[0.0,0.1067,0.8933],"evs":[0.0,2.44929,2.53019]},"Q8s":{"weight":0.253,"played":[0.0,0.1782,0.8218],"evs":[0.0,3.30438,3.39382]},"Q9s":{"weight":0.1831,"played":[0.0,0.0,1.0],"evs":[0.0,4.39221,4.51282]},"QTs":{"weight":0.001,"played":[0.0,0.0804,0.9196],"evs":[0.0,5.39063,5.48893]},"QJs":{"weight":1.0E-4,"played":[0.0,0.1021,0.8979],"evs":[0.0,6.01454,6.09164]},"QQ":{"weight":0.0899,"played":[0.0,0.704,0.296],"evs":[0.0,13.57935,13.45823]},"KQo":{"weight":3.0E-4,"played":[0.0,0.0211,0.9789],"evs":[0.0,7.64033,7.82252]},"AQo":{"weight":0.0,"played":[0.0,0.0,1.0],"evs":[0.0,8.98348,9.15862]},"K2s":{"weight":0.0,"played":[0.0,0.1051,0.8949],"evs":[0.0,3.44419,3.54413]},"K3s":{"weight":0.0,"played":[0.0,0.2283,0.7717],"evs":[0.0,3.64138,3.7731]},"K4s":{"weight":0.0,"played":[0.0,3.0E-4,0.9997],"evs":[0.0,3.91235,4.00685]},"K5s":{"weight":0.0,"played":[0.0,0.2151,0.7849],"evs":[0.0,4.19715,4.29694]},"K6s":{"weight":0.0014,"played":[0.0,0.0808,0.9192],"evs":[0.0,4.54429,4.69052]},"K7s":{"weight":0.0011,"played":[0.0,0.0019,0.9981],"evs":[0.0,5.18142,5.35393]},"K8s":{"weight":0.0022,"played":[0.0,0.0102,0.9898],"evs":[0.0,5.56168,5.72392]},"K9s":{"weight":0.0011,"played":[0.0,0.0,1.0],"evs":[0.0,6.39579,6.54466]},"KTs":{"weight":8.0E-4,"played":[0.0,0.0242,0.9758],"evs":[0.0,7.31667,7.48078]},"KJs":{"weight":1.0E-4,"played":[0.0,0.0023,0.9977],"evs":[0.0,7.77073,7.88491]},"KQs":{"weight":0.0,"played":[0.0,0.1513,0.8487],"evs":[0.0,8.49169,8.63221]},"KK":{"weight":0.281,"played":[0.0,0.4305,0.5695],"evs":[0.0,15.78739,15.76248]},"AKo":{"weight":0.0,"played":[0.0,0.0023,0.9977],"evs":[0.0,9.57614,9.77992]},"A2s":{"weight":1.0E-4,"played":[0.0,0.0056,0.9944],"evs":[0.0,5.82544,5.96085]},"A3s":{"weight":0.0,"played":[0.0,0.0346,0.9654],"evs":[0.0,5.91913,6.08443]},"A4s":{"weight":0.0,"played":[0.0,0.0391,0.9609],"evs":[0.0,6.10965,6.25267]},"A5s":{"weight":2.0E-4,"played":[0.0,0.0778,0.9222],"evs":[0.0,6.3848,6.53759]},"A6s":{"weight":0.0,"played":[0.0,0.0369,0.9631],"evs":[0.0,6.55246,6.72078]},"A7s":{"weight":1.0E-4,"played":[0.0,0.014,0.986],"evs":[0.0,6.94253,7.1282]},"A8s":{"weight":2.0E-4,"played":[0.0,0.007,0.993],"evs":[0.0,7.43682,7.60051]},"A9s":{"weight":0.0,"played":[0.0,0.0204,0.9796],"evs":[0.0,7.64799,7.82268]},"ATs":{"weight":1.0E-4,"played":[0.0,7.0E-4,0.9993],"evs":[0.0,8.68086,8.8254]},"AJs":{"weight":2.0E-4,"played":[0.0,0.0032,0.9968],"evs":[0.0,9.06749,9.19092]},"AQs":{"weight":0.0,"played":[0.0,0.0235,0.9765],"evs":[0.0,9.59034,9.78748]},"AKs":{"weight":1.0E-4,"played":[0.0,0.0107,0.9893],"evs":[0.0,10.29894,10.47693]},"AA":{"weight":0.4221,"played":[0.0,0.4429,0.5571],"evs":[0.0,17.82247,17.7911]}}}