{"player":1,"street":0,"children":2,"sequence":[{"player":0,"type":"F","amount":0,"street":0},{"player":1,"type":"C","amount":100000,"street":0},{"player":2,"type":"C","amount":0,"street":0},{"player":3,"type":"R","amount":1815000,"street":0},{"player":4,"type":"C","amount":1765000,"street":0},{"player":5,"type":"C","amount":345000,"street":0}],"actions":[{"type":"F","amount":0},{"type":"C","amount":1705000}],"hands":{"22":{"weight":0.5496,"played":[1.0,0.0],"evs":[0.0,-1.81519]},"32o":{"weight":0.0,"played":[1.0,0.0],"evs":[0.0,-7.5788]},"42o":{"weight":0.0,"played":[1.0,0.0],"evs":[0.0,-7.01239]},"52o":{"weight":0.0,"played":[1.0,0.0],"evs":[0.0,-6.86897]},"62o":{"weight":0.0,"played":[1.0,0.0],"evs":[0.0,-7.42156]},"72o":{"weight":0.0,"played":[1.0,0.0],"evs":[0.0,-7.69735]},"82o":{"weight":0.0,"played":[1.0,0.0],"evs":[0.0,-7.26038]},"92o":{"weight":0.0,"played":[1.0,0.0],"evs":[0.0,-7.09041]},"T2o":{"weight":0.0,"played":[1.0,0.0],"evs":[0.0,-6.95018]},"J2o":{"weight":0.0,"played":[1.0,0.0],"evs":[0.0,-6.92857]},"Q2o":{"weight":0.0,"played":[1.0,0.0],"evs":[0.0,-5.68695]},"K2o":{"weight":0.0,"played":[1.0,0.0],"evs":[0.0,-5.37633]},"A2o":{"weight":0.5341,"played":[1.0,0.0],"evs":[0.0,-5.15685]},"32s":{"weight":0.0,"played":[1.0,0.0],"evs":[0.0,-4.821]},"33":{"weight":0.0,"played":[0.9993,7.0E-4],"evs":[0.0,-0.67294]},"43o":{"weight":0.0,"played":[1.0,0.0],"evs":[0.0,-5.81273]},"53o":{"weight":0.0,"played":[1.0,0.0],"evs":[0.0,-5.63014]},"63o":{"weight":0.0,"played":[1.0,0.0],"evs":[0.0,-6.2114]},"73o":{"weight":0.0,"played":[1.0,0.0],"evs":[0.0,-6.69969]},"83o":{"weight":0.0,"played":[1.0,0.0],"evs":[0.0,-7.24356]},"93o":{"weight":0.0,"played":[1.0,0.0],"evs":[0.0,-6.67183]},"T3o":{"weight":0.0,"played":[1.0,0.0],"evs":[0.0,-7.00142]},"J3o":{"weight":0.0,"played":[1.0,0.0],"evs":[0.0,-6.23593]},"Q3o":{"weight":0.0,"played":[1.0,0.0],"evs":[0.0,-5.45549]},"K3o":{"weight":0.0,"played":[1.0,0.0],"evs":[0.0,-5.2125]},"A3o":{"weight":0.0051,"played":[1.0,0.0],"evs":[0.0,-4.73903]},"42s":{"weight":0.0,"played":[1.0,0.0],"evs":[0.0,-4.47351]},"43s":{"weight":0.0,"played":[0.9999,1.0E-4],"evs":[0.0,-3.4265]},"44":{"weight":0.0,"played":[0.0025,0.9975],"evs":[0.0,0.41372]},"54o":{"weight":0.0,"played":[1.0,0.0],"evs":[0.0,-4.26522]},"64o":{"weight":0.0,"played":[1.0,0.0],"evs":[0.0,-5.06]},"74o":{"weight":0.0,"played":[1.0,0.0],"evs":[0.0,-5.47844]},"84o":{"weight":0.0,"played":[1.0,0.0],"evs":[0.0,-6.0457]},"94o":{"weight":0.0,"played":[1.0,0.0],"evs":[0.0,-6.77118]},"T4o":{"weight":0.0,"played":[1.0,0.0],"evs":[0.0,-6.54029]},"J4o":{"weight":0.0,"played":[1.0,0.0],"evs":[0.0,-5.90637]},"Q4o":{"weight":0.0,"played":[1.0,0.0],"evs":[0.0,-5.40463]},"K4o":{"weight":0.0,"played":[1.0,0.0],"evs":[0.0,-4.50966]},"A4o":{"weight":0.0013,"played":[1.0,0.0],"evs":[0.0,-4.38904]},"52s":{"weight":0.0,"played":[1.0,0.0],"evs":[0.0,-4.22592]},"53s":{"weight":0.0,"played":[0.9998,2.0E-4],"evs":[0.0,-2.83708]},"54s":{"weight":0.0,"played":[1.0,0.0],"evs":[0.0,-1.54616]},"55":{"weight":0.0,"played":[0.0,1.0],"evs":[0.0,1.5706]},"65o":{"weight":0.0,"played":[1.0,0.0],"evs":[0.0,-3.89169]},"75o":{"weight":0.0,"played":[1.0,0.0],"evs":[0.0,-4.53182]},"85o":{"weight":0.0,"played":[1.0,0.0],"evs":[0.0,-4.88699]},"95o":{"weight":0.0,"played":[1.0,0.0],"evs":[0.0,-5.22154]},"T5o":{"weight":0.0,"played":[1.0,0.0],"evs":[0.0,-6.20054]},"J5o":{"weight":0.0,"played":[1.0,0.0],"evs":[0.0,-5.46493]},"Q5o":{"weight":0.0,"played":[1.0,0.0],"evs":[0.0,-4.67257]},"K5o":{"weight":0.0044,"played":[1.0,0.0],"evs":[0.0,-4.0726]},"A5o":{"weight":7.0E-4,"played":[1.0,0.0],"evs":[0.0,-3.9722]},"62s":{"weight":0.0,"played":[1.0,0.0],"evs":[0.0,-4.49332]},"63s":{"weight":0.0,"played":[1.0,0.0],"evs":[0.0,-3.8154]},"64s":{"weight":0.0,"played":[0.9977,0.0023],"evs":[0.0,-2.47678]},"65s":{"weight":0.0,"played":[0.9934,0.0066],"evs":[0.0,-1.45044]},"66":{"weight":0.0,"played":[0.0,1.0],"evs":[0.0,2.82188]},"76o":{"weight":0.0,"played":[1.0,0.0],"evs":[0.0,-3.50645]},"86o":{"weight":0.0,"played":[1.0,0.0],"evs":[0.0,-3.84535]},"96o":{"weight":0.0,"played":[1.0,0.0],"evs":[0.0,-4.24033]},"T6o":{"weight":0.0,"played":[1.0,0.0],"evs":[0.0,-4.92121]},"J6o":{"weight":0.0,"played":[1.0,0.0],"evs":[0.0,-5.52361]},"Q6o":{"weight":0.0,"played":[1.0,0.0],"evs":[0.0,-4.47601]},"K6o":{"weight":0.4598,"played":[1.0,0.0],"evs":[0.0,-3.93346]},"A6o":{"weight":7.0E-4,"played":[1.0,0.0],"evs":[0.0,-4.30587]},"72s":{"weight":0.0,"played":[1.0,0.0],"evs":[0.0,-4.87299]},"73s":{"weight":0.0,"played":[1.0,0.0],"evs":[0.0,-3.80777]},"74s":{"weight":0.0,"played":[0.9995,5.0E-4],"evs":[0.0,-2.5205]},"75s":{"weight":0.0,"played":[0.9997,3.0E-4],"evs":[0.0,-2.06486]},"76s":{"weight":0.0,"played":[0.9927,0.0073],"evs":[0.0,-0.4339]},"77":{"weight":0.0,"played":[0.0,1.0],"evs":[0.0,4.85651]},"87o":{"weight":0.0,"played":[0.9999,1.0E-4],"evs":[0.0,-2.67344]},"97o":{"weight":0.0,"played":[1.0,0.0],"evs":[0.0,-3.23761]},"T7o":{"weight":0.0,"played":[1.0,0.0],"evs":[0.0,-3.81496]},"J7o":{"weight":0.0,"played":[1.0,0.0],"evs":[0.0,-4.07087]},"Q7o":{"weight":0.0,"played":[1.0,0.0],"evs":[0.0,-4.08415]},"K7o":{"weight":0.9841,"played":[1.0,0.0],"evs":[0.0,-3.26138]},"A7o":{"weight":0.0,"played":[1.0,0.0],"evs":[0.0,-2.84824]},"82s":{"weight":0.0,"played":[1.0,0.0],"evs":[0.0,-4.39402]},"83s":{"weight":0.0,"played":[1.0,0.0],"evs":[0.0,-4.69811]},"84s":{"weight":0.0,"played":[1.0,0.0],"evs":[0.0,-3.2722]},"85s":{"weight":0.0,"played":[1.0,0.0],"evs":[0.0,-2.11476]},"86s":{"weight":0.0,"played":[0.9976,0.0024],"evs":[0.0,-1.16007]},"87s":{"weight":0.3766,"played":[0.64,0.36],"evs":[0.0,-0.07169]},"88":{"weight":0.4863,"played":[0.0,1.0],"evs":[0.0,6.9871]},"98o":{"weight":0.0,"played":[1.0,0.0],"evs":[0.0,-2.24158]},"T8o":{"weight":0.0,"played":[1.0,0.0],"evs":[0.0,-2.6175]},"J8o":{"weight":0.0,"played":[1.0,0.0],"evs":[0.0,-3.00187]},"Q8o":{"weight":0.0182,"played":[1.0,0.0],"evs":[0.0,-3.05041]},"K8o":{"weight":0.9752,"played":[1.0,0.0],"evs":[0.0,-3.04022]},"A8o":{"weight":0.0,"played":[0.9986,0.0014],"evs":[0.0,-1.39714]},"92s":{"weight":0.0,"played":[1.0,0.0],"evs":[0.0,-3.94819]},"93s":{"weight":0.0,"played":[1.0,0.0],"evs":[0.0,-4.47732]},"94s":{"weight":0.0,"played":[0.9999,1.0E-4],"evs":[0.0,-4.23139]},"95s":{"weight":0.0,"played":[1.0,0.0],"evs":[0.0,-2.29569]},"96s":{"weight":0.0,"played":[0.9999,1.0E-4],"evs":[0.0,-1.62797]},"97s":{"weight":0.0041,"played":[0.922,0.078],"evs":[0.0,-0.73996]},"98s":{"weight":0.6855,"played":[0.0557,0.9443],"evs":[0.0,0.16092]},"99":{"weight":0.0495,"played":[0.0,1.0],"evs":[0.0,8.89234]},"T9o":{"weight":0.8671,"played":[1.0,0.0],"evs":[0.0,-1.3339]},"J9o":{"weight":0.9728,"played":[1.0,0.0],"evs":[0.0,-1.83166]},"Q9o":{"weight":0.994,"played":[1.0,0.0],"evs":[0.0,-1.65988]},"K9o":{"weight":0.4882,"played":[1.0,0.0],"evs":[0.0,-1.51867]},"A9o":{"weight":0.0,"played":[0.9741,0.0259],"evs":[0.0,-0.30032]},"T2s":{"weight":0.0,"played":[1.0,0.0],"evs":[0.0,-4.24672]},"T3s":{"weight":0.0,"played":[0.9999,1.0E-4],"evs":[0.0,-4.18841]},"T4s":{"weight":0.0,"played":[1.0,0.0],"evs":[0.0,-4.20224]},"T5s":{"weight":0.0,"played":[0.9997,3.0E-4],"evs":[0.0,-3.4388]},"T6s":{"weight":0.0,"played":[0.9992,8.0E-4],"evs":[0.0,-2.25158]},"T7s":{"weight":0.7778,"played":[0.9995,5.0E-4],"evs":[0.0,-0.94806]},"T8s":{"weight":0.0088,"played":[0.4501,0.5499],"evs":[0.0,-0.22361]},"T9s":{"weight":6.0E-4,"played":[0.0043,0.9957],"evs":[0.0,0.99483]},"TT":{"weight":0.0017,"played":[0.0,1.0],"evs":[0.0,12.16581]},"JTo":{"weight":0.0,"played":[0.9475,0.0525],"evs":[0.0,-0.55377]},"QTo":{"weight":0.0,"played":[0.9401,0.0599],"evs":[0.0,-0.41878]},"KTo":{"weight":0.0,"played":[0.0027,0.9973],"evs":[0.0,0.15864]},"ATo":{"weight":0.0,"played":[1.0E-4,0.9999],"evs":[0.0,3.03878]},"J2s":{"weight":0.0,"played":[1.0,0.0],"evs":[0.0,-3.4659]},"J3s":{"weight":0.0,"played":[1.0,0.0],"evs":[0.0,-3.15988]},"J4s":{"weight":0.0,"played":[0.9998,2.0E-4],"evs":[0.0,-3.16089]},"J5s":{"weight":0.0,"played":[0.9983,0.0017],"evs":[0.0,-2.98085]},"J6s":{"weight":0.0,"played":[1.0,0.0],"evs":[0.0,-2.82778]},"J7s":{"weight":0.3631,"played":[0.9997,3.0E-4],"evs":[0.0,-1.11055]},"J8s":{"weight":0.0114,"played":[0.63,0.37],"evs":[0.0,-0.14477]},"J9s":{"weight":0.0,"played":[0.026,0.974],"evs":[0.0,1.10105]},"JTs":{"weight":0.0,"played":[0.013,0.987],"evs":[0.0,1.63593]},"JJ":{"weight":0.1167,"played":[0.0,1.0],"evs":[0.0,14.64676]},"QJo":{"weight":0.0,"played":[0.0133,0.9867],"evs":[0.0,0.60878]},"KJo":{"weight":0.0,"played":[1.0E-4,0.9999],"evs":[0.0,1.34284]},"AJo":{"weight":0.0,"played":[0.0,1.0],"evs":[0.0,4.46211]},"Q2s":{"weight":0.0,"played":[1.0,0.0],"evs":[0.0,-3.12776]},"Q3s":{"weight":0.0,"played":[1.0,0.0],"evs":[0.0,-2.43858]},"Q4s":{"weight":0.0,"played":[1.0,0.0],"evs":[0.0,-1.73709]},"Q5s":{"weight":0.0178,"played":[1.0,0.0],"evs":[0.0,-1.68825]},"Q6s":{"weight":0.9959,"played":[0.999,0.001],"evs":[0.0,-1.93242]},"Q7s":{"weight":0.9963,"played":[0.9936,0.0064],"evs":[0.0,-1.01786]},"Q8s":{"weight":0.0,"played":[0.9978,0.0022],"evs":[0.0,-0.16768]},"Q9s":{"weight":0.0,"played":[1.0E-4,0.9999],"evs":[0.0,0.60489]},"QTs":{"weight":1.0E-4,"played":[0.001,0.999],"evs":[0.0,1.68947]},"QJs":{"weight":0.0,"played":[0.0,1.0],"evs":[0.0,3.05069]},"QQ":{"weight":0.9701,"played":[0.0,1.0],"evs":[0.0,18.40353]},"KQo":{"weight":0.0,"played":[0.0,1.0],"evs":[0.0,2.98175]},"AQo":{"weight":0.0,"played":[0.0,1.0],"evs":[0.0,7.19316]},"K2s":{"weight":0.999,"played":[1.0,0.0],"evs":[0.0,-2.53339]},"K3s":{"weight":0.9926,"played":[1.0,0.0],"evs":[0.0,-1.82331]},"K4s":{"weight":8.0E-4,"played":[1.0,0.0],"evs":[0.0,-1.9023]},"K5s":{"weight":0.0,"played":[1.0,0.0],"evs":[0.0,-1.18119]},"K6s":{"weight":0.0011,"played":[1.0,0.0],"evs":[0.0,-0.65241]},"K7s":{"weight":0.0,"played":[0.9963,0.0037],"evs":[0.0,-0.55884]},"K8s":{"weight":2.0E-4,"played":[0.5956,0.4044],"evs":[0.0,-0.2234]},"K9s":{"weight":0.0027,"played":[4.0E-4,0.9996],"evs":[0.0,1.35222]},"KTs":{"weight":0.0,"played":[2.0E-4,0.9998],"evs":[0.0,2.66253]},"KJs":{"weight":1.0E-4,"played":[0.0,1.0],"evs":[0.0,3.92196]},"KQs":{"weight":0.0,"played":[0.0,1.0],"evs":[0.0,4.99967]},"KK":{"weight":0.9947,"played":[0.0,1.0],"evs":[0.0,22.52995]},"AKo":{"weight":0.0,"played":[0.0,1.0],"evs":[0.0,9.44761]},"A2s":{"weight":3.0E-4,"played":[0.9999,1.0E-4],"evs":[0.0,-1.95472]},"A3s":{"weight":0.0,"played":[0.9999,1.0E-4],"evs":[0.0,-2.04608]},"A4s":{"weight":0.0,"played":[0.9999,1.0E-4],"evs":[0.0,-1.58945]},"A5s":{"weight":0.0,"played":[0.9996,4.0E-4],"evs":[0.0,-1.06654]},"A6s":{"weight":0.0,"played":[0.9968,0.0032],"evs":[0.0,-1.47679]},"A7s":{"weight":0.0,"played":[0.3414,0.6586],"evs":[0.0,0.03656]},"A8s":{"weight":0.0051,"played":[0.0,1.0],"evs":[0.0,1.63557]},"A9s":{"weight":0.0,"played":[0.0,1.0],"evs":[0.0,2.58816]},"ATs":{"weight":0.0,"played":[0.0,1.0],"evs":[0.0,5.43126]},"AJs":{"weight":0.0,"played":[0.0,1.0],"evs":[0.0,7.68918]},"AQs":{"weight":4.0E-4,"played":[0.0,1.0],"evs":[0.0,8.46504]},"AKs":{"weight":0.0016,"played":[0.0,1.0],"evs":[0.0,11.58368]},"AA":{"weight":1.0,"played":[0.0,1.0],"evs":[0.0,30.10325]}}}