{"player":5,"street":0,"children":2,"sequence":[{"player":0,"type":"F","amount":0,"street":0},{"player":1,"type":"R","amount":200000,"street":0},{"player":2,"type":"C","amount":0,"street":0},{"player":3,"type":"F","amount":0,"street":0},{"player":4,"type":"R","amount":1805000,"street":0}],"actions":[{"type":"F","amount":0,"node":122},{"type":"C","amount":345000,"node":123}],"hands":{"22":{"weight":1.0,"played":[0.0056,0.9944],"evs":[0.0,1.8155]},"32o":{"weight":1.0,"played":[0.9986,0.0014],"evs":[0.0,-0.57063]},"42o":{"weight":1.0,"played":[0.9886,0.0114],"evs":[0.0,-0.35132]},"52o":{"weight":1.0,"played":[0.4708,0.5292],"evs":[0.0,0.08926]},"62o":{"weight":1.0,"played":[0.9117,0.0883],"evs":[0.0,-0.54701]},"72o":{"weight":1.0,"played":[0.9995,5.0E-4],"evs":[0.0,-0.77858]},"82o":{"weight":1.0,"played":[0.9941,0.0059],"evs":[0.0,-0.53791]},"92o":{"weight":1.0,"played":[0.9964,0.0036],"evs":[0.0,-0.5333]},"T2o":{"weight":1.0,"played":[0.6769,0.3231],"evs":[0.0,-0.36518]},"J2o":{"weight":1.0,"played":[0.573,0.427],"evs":[0.0,-0.10482]},"Q2o":{"weight":1.0,"played":[0.2382,0.7618],"evs":[0.0,0.19031]},"K2o":{"weight":1.0,"played":[0.3744,0.6256],"evs":[0.0,0.04044]},"A2o":{"weight":1.0,"played":[0.0,1.0],"evs":[0.0,1.56415]},"32s":{"weight":1.0,"played":[0.1527,0.8473],"evs":[0.0,0.33438]},"33":{"weight":1.0,"played":[3.0E-4,0.9997],"evs":[0.0,1.80308]},"43o":{"weight":1.0,"played":[0.3205,0.6795],"evs":[0.0,-0.04542]},"53o":{"weight":1.0,"played":[0.0089,0.9911],"evs":[0.0,0.17335]},"63o":{"weight":1.0,"played":[0.4343,0.5657],"evs":[0.0,0.05861]},"73o":{"weight":1.0,"played":[0.8077,0.1923],"evs":[0.0,-0.06849]},"83o":{"weight":1.0,"played":[0.8725,0.1275],"evs":[0.0,-0.59842]},"93o":{"weight":1.0,"played":[0.9712,0.0288],"evs":[0.0,-0.66488]},"T3o":{"weight":1.0,"played":[0.8589,0.1411],"evs":[0.0,-0.11689]},"J3o":{"weight":1.0,"played":[0.9677,0.0323],"evs":[0.0,-0.36575]},"Q3o":{"weight":1.0,"played":[0.075,0.925],"evs":[0.0,0.22534]},"K3o":{"weight":1.0,"played":[0.044,0.956],"evs":[0.0,0.18754]},"A3o":{"weight":1.0,"played":[5.0E-4,0.9995],"evs":[0.0,1.54961]},"42s":{"weight":1.0,"played":[0.6478,0.3522],"evs":[0.0,-0.31963]},"43s":{"weight":1.0,"played":[1.0E-4,0.9999],"evs":[0.0,0.86888]},"44":{"weight":1.0,"played":[0.0,1.0],"evs":[0.0,2.09436]},"54o":{"weight":1.0,"played":[0.1012,0.8988],"evs":[0.0,0.38228]},"64o":{"weight":1.0,"played":[1.0E-4,0.9999],"evs":[0.0,0.16877]},"74o":{"weight":1.0,"played":[0.3661,0.6339],"evs":[0.0,-0.00537]},"84o":{"weight":1.0,"played":[0.1475,0.8525],"evs":[0.0,-0.04219]},"94o":{"weight":1.0,"played":[0.9494,0.0506],"evs":[0.0,-0.42901]},"T4o":{"weight":1.0,"played":[0.5505,0.4495],"evs":[0.0,0.01579]},"J4o":{"weight":1.0,"played":[0.0014,0.9986],"evs":[0.0,0.15731]},"Q4o":{"weight":1.0,"played":[0.2594,0.7406],"evs":[0.0,-0.11743]},"K4o":{"weight":1.0,"played":[0.0797,0.9203],"evs":[0.0,0.24197]},"A4o":{"weight":1.0,"played":[0.0041,0.9959],"evs":[0.0,1.35655]},"52s":{"weight":1.0,"played":[0.1669,0.8331],"evs":[0.0,0.60198]},"53s":{"weight":1.0,"played":[0.0106,0.9894],"evs":[0.0,0.49788]},"54s":{"weight":1.0,"played":[3.0E-4,0.9997],"evs":[0.0,0.42864]},"55":{"weight":1.0,"played":[0.0043,0.9957],"evs":[0.0,2.7906]},"65o":{"weight":1.0,"played":[0.0297,0.9703],"evs":[0.0,0.74325]},"75o":{"weight":1.0,"played":[2.0E-4,0.9998],"evs":[0.0,0.5128]},"85o":{"weight":1.0,"played":[0.0025,0.9975],"evs":[0.0,0.26166]},"95o":{"weight":1.0,"played":[0.5739,0.4261],"evs":[0.0,-0.0419]},"T5o":{"weight":1.0,"played":[0.4676,0.5324],"evs":[0.0,-0.14333]},"J5o":{"weight":1.0,"played":[0.0044,0.9956],"evs":[0.0,0.28595]},"Q5o":{"weight":1.0,"played":[0.0818,0.9182],"evs":[0.0,0.15378]},"K5o":{"weight":1.0,"played":[0.0068,0.9932],"evs":[0.0,0.2947]},"A5o":{"weight":1.0,"played":[0.0,1.0],"evs":[0.0,1.79028]},"62s":{"weight":1.0,"played":[0.2614,0.7386],"evs":[0.0,0.99567]},"63s":{"weight":1.0,"played":[0.0024,0.9976],"evs":[0.0,0.74019]},"64s":{"weight":1.0,"played":[4.0E-4,0.9996],"evs":[0.0,1.23199]},"65s":{"weight":1.0,"played":[0.0337,0.9663],"evs":[0.0,1.66452]},"66":{"weight":1.0,"played":[1.0E-4,0.9999],"evs":[0.0,3.18787]},"76o":{"weight":1.0,"played":[0.0,1.0],"evs":[0.0,0.30264]},"86o":{"weight":1.0,"played":[0.0,1.0],"evs":[0.0,0.80504]},"96o":{"weight":1.0,"played":[0.0,1.0],"evs":[0.0,0.38197]},"T6o":{"weight":1.0,"played":[0.0613,0.9387],"evs":[0.0,0.41947]},"J6o":{"weight":1.0,"played":[0.0621,0.9379],"evs":[0.0,0.6733]},"Q6o":{"weight":1.0,"played":[2.0E-4,0.9998],"evs":[0.0,0.50724]},"K6o":{"weight":1.0,"played":[0.0013,0.9987],"evs":[0.0,1.01734]},"A6o":{"weight":1.0,"played":[1.0E-4,0.9999],"evs":[0.0,1.44047]},"72s":{"weight":1.0,"played":[0.2736,0.7264],"evs":[0.0,0.21996]},"73s":{"weight":1.0,"played":[0.0188,0.9812],"evs":[0.0,0.41544]},"74s":{"weight":1.0,"played":[0.0024,0.9976],"evs":[0.0,0.51842]},"75s":{"weight":1.0,"played":[0.0034,0.9966],"evs":[0.0,1.0558]},"76s":{"weight":1.0,"played":[0.0046,0.9954],"evs":[0.0,1.54556]},"77":{"weight":1.0,"played":[0.0,1.0],"evs":[0.0,3.3108]},"87o":{"weight":1.0,"played":[3.0E-4,0.9997],"evs":[0.0,0.70953]},"97o":{"weight":1.0,"played":[3.0E-4,0.9997],"evs":[0.0,0.51872]},"T7o":{"weight":1.0,"played":[2.0E-4,0.9998],"evs":[0.0,0.47683]},"J7o":{"weight":1.0,"played":[0.0928,0.9072],"evs":[0.0,0.40804]},"Q7o":{"weight":1.0,"played":[0.1281,0.8719],"evs":[0.0,0.47054]},"K7o":{"weight":1.0,"played":[0.0011,0.9989],"evs":[0.0,0.94921]},"A7o":{"weight":1.0,"played":[1.0E-4,0.9999],"evs":[0.0,1.51664]},"82s":{"weight":1.0,"played":[0.9075,0.0925],"evs":[0.0,-0.24112]},"83s":{"weight":1.0,"played":[0.0064,0.9936],"evs":[0.0,0.71389]},"84s":{"weight":1.0,"played":[0.2356,0.7644],"evs":[0.0,0.46707]},"85s":{"weight":1.0,"played":[0.0017,0.9983],"evs":[0.0,0.16851]},"86s":{"weight":1.0,"played":[4.0E-4,0.9996],"evs":[0.0,1.28333]},"87s":{"weight":1.0,"played":[0.0022,0.9978],"evs":[0.0,1.71343]},"88":{"weight":1.0,"played":[0.0,1.0],"evs":[0.0,3.14424]},"98o":{"weight":1.0,"played":[0.0017,0.9983],"evs":[0.0,0.59738]},"T8o":{"weight":1.0,"played":[3.0E-4,0.9997],"evs":[0.0,0.47781]},"J8o":{"weight":1.0,"played":[5.0E-4,0.9995],"evs":[0.0,0.9349]},"Q8o":{"weight":1.0,"played":[0.0036,0.9964],"evs":[0.0,0.67456]},"K8o":{"weight":1.0,"played":[3.0E-4,0.9997],"evs":[0.0,0.88179]},"A8o":{"weight":1.0,"played":[8.0E-4,0.9992],"evs":[0.0,1.60063]},"92s":{"weight":1.0,"played":[0.2944,0.7056],"evs":[0.0,0.20743]},"93s":{"weight":1.0,"played":[1.0E-4,0.9999],"evs":[0.0,0.83531]},"94s":{"weight":1.0,"played":[0.4012,0.5988],"evs":[0.0,0.80189]},"95s":{"weight":1.0,"played":[2.0E-4,0.9998],"evs":[0.0,1.17693]},"96s":{"weight":1.0,"played":[1.0E-4,0.9999],"evs":[0.0,0.64574]},"97s":{"weight":1.0,"played":[2.0E-4,0.9998],"evs":[0.0,0.77677]},"98s":{"weight":1.0,"played":[0.0199,0.9801],"evs":[0.0,1.60125]},"99":{"weight":1.0,"played":[0.0,1.0],"evs":[0.0,3.68041]},"T9o":{"weight":1.0,"played":[2.0E-4,0.9998],"evs":[0.0,1.2121]},"J9o":{"weight":1.0,"played":[0.0,1.0],"evs":[0.0,1.03364]},"Q9o":{"weight":1.0,"played":[0.0144,0.9856],"evs":[0.0,0.96252]},"K9o":{"weight":1.0,"played":[0.0,1.0],"evs":[0.0,1.66651]},"A9o":{"weight":1.0,"played":[1.0E-4,0.9999],"evs":[0.0,2.46756]},"T2s":{"weight":1.0,"played":[0.3013,0.6987],"evs":[0.0,0.13938]},"T3s":{"weight":1.0,"played":[0.0955,0.9045],"evs":[0.0,-0.10112]},"T4s":{"weight":1.0,"played":[4.0E-4,0.9996],"evs":[0.0,1.26485]},"T5s":{"weight":1.0,"played":[0.0297,0.9703],"evs":[0.0,1.47046]},"T6s":{"weight":1.0,"played":[0.0235,0.9765],"evs":[0.0,1.52952]},"T7s":{"weight":1.0,"played":[2.0E-4,0.9998],"evs":[0.0,2.01172]},"T8s":{"weight":1.0,"played":[0.0051,0.9949],"evs":[0.0,1.41576]},"T9s":{"weight":1.0,"played":[0.0015,0.9985],"evs":[0.0,1.83144]},"TT":{"weight":1.0,"played":[0.0,1.0],"evs":[0.0,4.95165]},"JTo":{"weight":1.0,"played":[1.0E-4,0.9999],"evs":[0.0,1.73581]},"QTo":{"weight":1.0,"played":[0.0,1.0],"evs":[0.0,1.81508]},"KTo":{"weight":1.0,"played":[2.0E-4,0.9998],"evs":[0.0,2.03771]},"ATo":{"weight":1.0,"played":[1.0E-4,0.9999],"evs":[0.0,3.48665]},"J2s":{"weight":1.0,"played":[0.3076,0.6924],"evs":[0.0,0.54761]},"J3s":{"weight":1.0,"played":[0.0287,0.9713],"evs":[0.0,1.13019]},"J4s":{"weight":1.0,"played":[0.0176,0.9824],"evs":[0.0,0.89553]},"J5s":{"weight":1.0,"played":[4.0E-4,0.9996],"evs":[0.0,1.18943]},"J6s":{"weight":1.0,"played":[7.0E-4,0.9993],"evs":[0.0,1.18284]},"J7s":{"weight":1.0,"played":[0.0051,0.9949],"evs":[0.0,0.7193]},"J8s":{"weight":1.0,"played":[0.0692,0.9308],"evs":[0.0,1.00549]},"J9s":{"weight":1.0,"played":[0.0084,0.9916],"evs":[0.0,2.19463]},"JTs":{"weight":1.0,"played":[0.0015,0.9985],"evs":[0.0,1.34725]},"JJ":{"weight":1.0,"played":[1.0E-4,0.9999],"evs":[0.0,5.53223]},"QJo":{"weight":1.0,"played":[1.0E-4,0.9999],"evs":[0.0,1.77673]},"KJo":{"weight":1.0,"played":[0.0,1.0],"evs":[0.0,2.34119]},"AJo":{"weight":1.0,"played":[0.0,1.0],"evs":[0.0,3.65232]},"Q2s":{"weight":1.0,"played":[0.0033,0.9967],"evs":[0.0,1.16953]},"Q3s":{"weight":1.0,"played":[0.0048,0.9952],"evs":[0.0,0.97016]},"Q4s":{"weight":1.0,"played":[0.0057,0.9943],"evs":[0.0,0.80443]},"Q5s":{"weight":1.0,"played":[0.0076,0.9924],"evs":[0.0,0.82236]},"Q6s":{"weight":1.0,"played":[0.0117,0.9883],"evs":[0.0,1.094]},"Q7s":{"weight":1.0,"played":[0.0059,0.9941],"evs":[0.0,1.12406]},"Q8s":{"weight":1.0,"played":[0.0499,0.9501],"evs":[0.0,1.23423]},"Q9s":{"weight":1.0,"played":[0.0031,0.9969],"evs":[0.0,1.82215]},"QTs":{"weight":1.0,"played":[4.0E-4,0.9996],"evs":[0.0,1.9116]},"QJs":{"weight":1.0,"played":[0.0036,0.9964],"evs":[0.0,2.26311]},"QQ":{"weight":1.0,"played":[0.0,1.0],"evs":[0.0,6.63908]},"KQo":{"weight":1.0,"played":[1.0E-4,0.9999],"evs":[0.0,2.59947]},"AQo":{"weight":1.0,"played":[0.0,1.0],"evs":[0.0,4.0396]},"K2s":{"weight":1.0,"played":[0.0641,0.9359],"evs":[0.0,0.44873]},"K3s":{"weight":1.0,"played":[0.002,0.998],"evs":[0.0,1.28733]},"K4s":{"weight":1.0,"played":[0.0047,0.9953],"evs":[0.0,1.48607]},"K5s":{"weight":1.0,"played":[0.361,0.639],"evs":[0.0,0.08865]},"K6s":{"weight":1.0,"played":[0.0,1.0],"evs":[0.0,1.28277]},"K7s":{"weight":1.0,"played":[0.0015,0.9985],"evs":[0.0,1.65007]},"K8s":{"weight":1.0,"played":[1.0E-4,0.9999],"evs":[0.0,2.31368]},"K9s":{"weight":1.0,"played":[1.0E-4,0.9999],"evs":[0.0,2.1444]},"KTs":{"weight":1.0,"played":[0.0013,0.9987],"evs":[0.0,3.14326]},"KJs":{"weight":1.0,"played":[3.0E-4,0.9997],"evs":[0.0,2.94155]},"KQs":{"weight":1.0,"played":[1.0E-4,0.9999],"evs":[0.0,2.73884]},"KK":{"weight":1.0,"played":[0.0,1.0],"evs":[0.0,8.87186]},"AKo":{"weight":1.0,"played":[0.0,1.0],"evs":[0.0,4.85151]},"A2s":{"weight":1.0,"played":[0.0194,0.9806],"evs":[0.0,1.62846]},"A3s":{"weight":1.0,"played":[0.0052,0.9948],"evs":[0.0,1.89628]},"A4s":{"weight":1.0,"played":[0.0059,0.9941],"evs":[0.0,2.33816]},"A5s":{"weight":1.0,"played":[1.0E-4,0.9999],"evs":[0.0,3.27431]},"A6s":{"weight":1.0,"played":[1.0E-4,0.9999],"evs":[0.0,3.14082]},"A7s":{"weight":1.0,"played":[0.0021,0.9979],"evs":[0.0,2.26872]},"A8s":{"weight":1.0,"played":[1.0E-4,0.9999],"evs":[0.0,2.54135]},"A9s":{"weight":1.0,"played":[0.0049,0.9951],"evs":[0.0,2.98707]},"ATs":{"weight":1.0,"played":[1.0E-4,0.9999],"evs":[0.0,3.72487]},"AJs":{"weight":1.0,"played":[0.0,1.0],"evs":[0.0,4.14027]},"AQs":{"weight":1.0,"played":[0.0,1.0],"evs":[0.0,4.31361]},"AKs":{"weight":1.0,"played":[0.0,1.0],"evs":[0.0,4.97907]},"AA":{"weight":1.0,"played":[0.0,1.0],"evs":[0.0,10.00355]}}}