{"player":1,"street":0,"children":3,"sequence":[{"player":0,"type":"F","amount":0,"street":0},{"player":1,"type":"R","amount":200000,"street":0},{"player":2,"type":"C","amount":0,"street":0},{"player":3,"type":"C","amount":200000,"street":0},{"player":4,"type":"F","amount":0,"street":0},{"player":5,"type":"R","amount":445000,"street":0}],"actions":[{"type":"F","amount":0,"node":127},{"type":"C","amount":245000,"node":128},{"type":"R","amount":1805000,"node":130}],"hands":{"22":{"weight":0.0,"played":[0.0034,0.1288,0.8678],"evs":[0.0,0.68056,0.85777]},"32o":{"weight":0.0,"played":[1.0,0.0,0.0],"evs":[0.0,-2.3326,-5.62459]},"42o":{"weight":0.0,"played":[1.0,0.0,0.0],"evs":[0.0,-2.31968,-5.18135]},"52o":{"weight":0.0,"played":[1.0,0.0,0.0],"evs":[0.0,-2.33112,-4.63596]},"62o":{"weight":0.0,"played":[0.9999,0.0,1.0E-4],"evs":[0.0,-2.36392,-5.13755]},"72o":{"weight":0.0,"played":[1.0,0.0,0.0],"evs":[0.0,-2.42492,-5.61971]},"82o":{"weight":0.0,"played":[1.0,0.0,0.0],"evs":[0.0,-2.40366,-5.45304]},"92o":{"weight":0.0,"played":[1.0,0.0,0.0],"evs":[0.0,-2.47982,-5.14502]},"T2o":{"weight":0.0,"played":[1.0,0.0,0.0],"evs":[0.0,-2.21837,-4.95264]},"J2o":{"weight":0.0,"played":[1.0,0.0,0.0],"evs":[0.0,-2.29052,-4.18624]},"Q2o":{"weight":0.0,"played":[1.0,0.0,0.0],"evs":[0.0,-1.93833,-3.00615]},"K2o":{"weight":0.0,"played":[0.9991,7.0E-4,3.0E-4],"evs":[0.0,-1.4953,-1.44576]},"A2o":{"weight":0.003,"played":[0.0,0.0021,0.9979],"evs":[0.0,1.45046,1.60858]},"32s":{"weight":0.0,"played":[0.9997,0.0,2.0E-4],"evs":[0.0,-2.3029,-4.03515]},"33":{"weight":0.0,"played":[0.0038,0.0819,0.9143],"evs":[0.0,0.79664,1.03429]},"43o":{"weight":0.0,"played":[1.0,0.0,0.0],"evs":[0.0,-2.27636,-4.47179]},"53o":{"weight":0.0,"played":[1.0,0.0,0.0],"evs":[0.0,-2.28897,-4.2956]},"63o":{"weight":0.0,"played":[1.0,0.0,0.0],"evs":[0.0,-2.26117,-4.83363]},"73o":{"weight":0.0,"played":[1.0,0.0,0.0],"evs":[0.0,-2.37687,-4.86379]},"83o":{"weight":0.0,"played":[1.0,0.0,0.0],"evs":[0.0,-2.36568,-5.17672]},"93o":{"weight":0.0,"played":[1.0,0.0,0.0],"evs":[0.0,-2.41339,-4.91395]},"T3o":{"weight":0.0,"played":[1.0,0.0,0.0],"evs":[0.0,-2.21934,-5.0377]},"J3o":{"weight":0.0,"played":[0.9999,0.0,0.0],"evs":[0.0,-2.3134,-4.44699]},"Q3o":{"weight":0.0,"played":[0.9995,3.0E-4,2.0E-4],"evs":[0.0,-2.00348,-2.87443]},"K3o":{"weight":0.0,"played":[0.9998,1.0E-4,1.0E-4],"evs":[0.0,-1.55391,-1.46157]},"A3o":{"weight":1.0E-4,"played":[0.0,0.0479,0.9521],"evs":[0.0,1.7622,1.89092]},"42s":{"weight":0.0,"played":[0.9997,3.0E-4,0.0],"evs":[0.0,-2.35748,-3.66482]},"43s":{"weight":0.0,"played":[1.0,0.0,0.0],"evs":[0.0,-2.1904,-2.38234]},"44":{"weight":0.0,"played":[0.0,6.0E-4,0.9994],"evs":[0.0,2.34515,2.54615]},"54o":{"weight":0.0,"played":[1.0,0.0,0.0],"evs":[0.0,-2.2972,-3.55177]},"64o":{"weight":0.0,"played":[1.0,0.0,0.0],"evs":[0.0,-2.19102,-3.99431]},"74o":{"weight":0.0,"played":[0.9999,0.0,0.0],"evs":[0.0,-2.32072,-4.23911]},"84o":{"weight":0.0,"played":[1.0,0.0,0.0],"evs":[0.0,-2.31326,-4.49529]},"94o":{"weight":0.0,"played":[1.0,0.0,0.0],"evs":[0.0,-2.42689,-4.90633]},"T4o":{"weight":0.0,"played":[1.0,0.0,0.0],"evs":[0.0,-2.20082,-4.24797]},"J4o":{"weight":0.0,"played":[1.0,0.0,0.0],"evs":[0.0,-2.32099,-3.99522]},"Q4o":{"weight":0.0,"played":[0.9998,0.0,1.0E-4],"evs":[0.0,-1.90514,-2.40255]},"K4o":{"weight":0.0,"played":[0.9976,0.0018,6.0E-4],"evs":[0.0,-0.7626,-0.51137]},"A4o":{"weight":4.0E-4,"played":[0.0,0.0212,0.9788],"evs":[0.0,2.15557,2.28892]},"52s":{"weight":0.0,"played":[0.999,5.0E-4,5.0E-4],"evs":[0.0,-2.34371,-2.94235]},"53s":{"weight":0.0,"played":[0.9997,0.0,3.0E-4],"evs":[0.0,-2.16441,-2.34183]},"54s":{"weight":0.0,"played":[0.9989,8.0E-4,3.0E-4],"evs":[0.0,-1.47061,-1.46038]},"55":{"weight":1.0E-4,"played":[0.0,0.2892,0.7108],"evs":[0.0,3.39469,3.46758]},"65o":{"weight":0.0,"played":[0.9998,1.0E-4,1.0E-4],"evs":[0.0,-2.28215,-3.33405]},"75o":{"weight":0.0,"played":[1.0,0.0,0.0],"evs":[0.0,-2.33903,-3.1924]},"85o":{"weight":0.0,"played":[1.0,0.0,0.0],"evs":[0.0,-2.18478,-3.52105]},"95o":{"weight":0.0,"played":[1.0,0.0,0.0],"evs":[0.0,-2.34145,-3.87005]},"T5o":{"weight":0.0,"played":[1.0,0.0,0.0],"evs":[0.0,-2.15801,-3.62489]},"J5o":{"weight":0.0,"played":[1.0,0.0,0.0],"evs":[0.0,-2.29786,-3.61713]},"Q5o":{"weight":0.0,"played":[0.9998,1.0E-4,1.0E-4],"evs":[0.0,-1.93619,-1.83546]},"K5o":{"weight":0.0,"played":[0.9991,3.0E-4,7.0E-4],"evs":[0.0,-0.67911,-0.59629]},"A5o":{"weight":4.0E-4,"played":[0.0,9.0E-4,0.9991],"evs":[0.0,2.61418,2.76004]},"62s":{"weight":0.0,"played":[0.9999,0.0,0.0],"evs":[0.0,-2.19257,-3.36466]},"63s":{"weight":0.0,"played":[0.9993,3.0E-4,4.0E-4],"evs":[0.0,-2.52038,-3.04923]},"64s":{"weight":0.0,"played":[0.9992,4.0E-4,4.0E-4],"evs":[0.0,-2.25974,-2.54784]},"65s":{"weight":0.0,"played":[0.9972,0.0018,0.001],"evs":[0.0,-1.35874,-1.33727]},"66":{"weight":0.0,"played":[0.0,0.001,0.999],"evs":[0.0,3.67795,3.9586]},"76o":{"weight":0.0,"played":[0.9997,2.0E-4,1.0E-4],"evs":[0.0,-2.33096,-2.4919]},"86o":{"weight":0.0,"played":[0.9992,5.0E-4,3.0E-4],"evs":[0.0,-2.33389,-2.79979]},"96o":{"weight":0.0,"played":[0.9998,1.0E-4,1.0E-4],"evs":[0.0,-2.33759,-3.20322]},"T6o":{"weight":0.0,"played":[0.9999,0.0,0.0],"evs":[0.0,-2.1165,-3.46984]},"J6o":{"weight":0.0,"played":[0.9995,4.0E-4,2.0E-4],"evs":[0.0,-2.29192,-3.64063]},"Q6o":{"weight":0.0,"played":[0.9992,4.0E-4,4.0E-4],"evs":[0.0,-1.87558,-1.73221]},"K6o":{"weight":0.004,"played":[0.9891,0.0033,0.0076],"evs":[0.0,-0.24771,-0.08077]},"A6o":{"weight":3.0E-4,"played":[0.0,0.0103,0.9897],"evs":[0.0,2.38982,2.60299]},"72s":{"weight":0.0,"played":[1.0,0.0,0.0],"evs":[0.0,-2.28736,-3.86307]},"73s":{"weight":0.0,"played":[0.9998,1.0E-4,2.0E-4],"evs":[0.0,-2.40362,-3.442]},"74s":{"weight":0.0,"played":[0.9971,0.0,0.0028],"evs":[0.0,-2.11397,-2.62316]},"75s":{"weight":0.0,"played":[0.9599,0.0284,0.0117],"evs":[0.0,-1.06422,-1.09608]},"76s":{"weight":0.0,"played":[0.8642,0.0615,0.0743],"evs":[0.0,-0.65292,-0.49408]},"77":{"weight":0.0,"played":[0.0,0.0343,0.9657],"evs":[0.0,5.72503,5.8561]},"87o":{"weight":0.0,"played":[0.9996,1.0E-4,3.0E-4],"evs":[0.0,-2.22031,-2.25341]},"97o":{"weight":0.0,"played":[0.9998,0.0,2.0E-4],"evs":[0.0,-2.49838,-2.77576]},"T7o":{"weight":0.0,"played":[1.0,0.0,0.0],"evs":[0.0,-2.15642,-3.00682]},"J7o":{"weight":0.0,"played":[1.0,0.0,0.0],"evs":[0.0,-2.21824,-3.03702]},"Q7o":{"weight":0.0,"played":[1.0,0.0,0.0],"evs":[0.0,-1.90643,-1.93245]},"K7o":{"weight":0.0159,"played":[0.6334,0.0973,0.2693],"evs":[0.0,0.08452,0.18703]},"A7o":{"weight":0.0,"played":[0.0,0.1577,0.8423],"evs":[0.0,3.1083,3.26393]},"82s":{"weight":0.0,"played":[1.0,0.0,0.0],"evs":[0.0,-2.3314,-2.98842]},"83s":{"weight":0.0,"played":[0.9987,0.0013,0.0],"evs":[0.0,-2.20332,-3.24298]},"84s":{"weight":0.0,"played":[0.9989,8.0E-4,4.0E-4],"evs":[0.0,-2.12139,-2.442]},"85s":{"weight":0.0,"played":[0.9996,1.0E-4,3.0E-4],"evs":[0.0,-1.78052,-1.74205]},"86s":{"weight":0.0,"played":[0.9369,0.0556,0.0074],"evs":[0.0,-1.20538,-1.1926]},"87s":{"weight":0.0,"played":[0.8421,0.067,0.0909],"evs":[0.0,-0.7038,-0.92121]},"88":{"weight":2.0E-4,"played":[0.0,0.1259,0.8741],"evs":[0.0,7.4014,7.50921]},"98o":{"weight":0.0,"played":[0.9984,0.0016,0.0],"evs":[0.0,-1.70787,-1.60078]},"T8o":{"weight":0.0,"played":[0.9998,1.0E-4,1.0E-4],"evs":[0.0,-1.87867,-1.79247]},"J8o":{"weight":0.0,"played":[0.9996,3.0E-4,0.0],"evs":[0.0,-1.83272,-1.86779]},"Q8o":{"weight":0.0,"played":[0.9935,0.0,0.0065],"evs":[0.0,-0.89236,-0.75025]},"K8o":{"weight":0.0248,"played":[0.0939,0.0208,0.8853],"evs":[0.0,0.57301,0.73505]},"A8o":{"weight":1.0E-4,"played":[0.0,0.0,1.0],"evs":[0.0,3.95206,4.13357]},"92s":{"weight":0.0,"played":[0.9998,1.0E-4,1.0E-4],"evs":[0.0,-2.41433,-3.26874]},"93s":{"weight":0.0,"played":[0.9996,1.0E-4,2.0E-4],"evs":[0.0,-2.61753,-3.44124]},"94s":{"weight":0.0,"played":[0.9997,2.0E-4,1.0E-4],"evs":[0.0,-2.31788,-3.00404]},"95s":{"weight":0.0,"played":[0.9898,0.0076,0.0026],"evs":[0.0,-2.31588,-2.41133]},"96s":{"weight":0.0,"played":[0.993,0.0047,0.0023],"evs":[0.0,-1.68951,-1.58074]},"97s":{"weight":0.0,"played":[0.9845,0.006,0.0095],"evs":[0.0,-0.88346,-0.86263]},"98s":{"weight":0.0358,"played":[0.7339,0.0716,0.1945],"evs":[0.0,0.20681,0.33992]},"99":{"weight":0.0026,"played":[0.0,0.0591,0.9409],"evs":[0.0,9.78673,9.84884]},"T9o":{"weight":0.0,"played":[0.9869,0.0024,0.0107],"evs":[0.0,-0.80556,-0.96878]},"J9o":{"weight":0.0,"played":[0.9995,2.0E-4,3.0E-4],"evs":[0.0,-1.00395,-1.1057]},"Q9o":{"weight":0.006,"played":[0.9633,0.0078,0.0289],"evs":[0.0,-0.12963,0.03233]},"K9o":{"weight":0.0084,"played":[0.0,2.0E-4,0.9998],"evs":[0.0,1.46885,1.64727]},"A9o":{"weight":0.0,"played":[0.0,0.0,1.0],"evs":[0.0,5.42942,5.67158]},"T2s":{"weight":0.0,"played":[0.9999,1.0E-4,0.0],"evs":[0.0,-2.10943,-2.51951]},"T3s":{"weight":0.0,"played":[0.9996,1.0E-4,3.0E-4],"evs":[0.0,-2.06447,-3.09536]},"T4s":{"weight":0.0,"played":[0.9989,4.0E-4,7.0E-4],"evs":[0.0,-2.03318,-2.79828]},"T5s":{"weight":0.0,"played":[1.0,0.0,0.0],"evs":[0.0,-2.09829,-2.35189]},"T6s":{"weight":0.0,"played":[0.9977,4.0E-4,0.0018],"evs":[0.0,-1.55178,-1.32579]},"T7s":{"weight":0.0,"played":[0.9738,0.0067,0.0195],"evs":[0.0,-0.85072,-0.79303]},"T8s":{"weight":9.0E-4,"played":[0.8896,0.0103,0.1001],"evs":[0.0,0.00119,0.10676]},"T9s":{"weight":0.0016,"played":[0.6162,0.1638,0.22],"evs":[0.0,0.46113,0.41737]},"TT":{"weight":0.0035,"played":[0.0,0.0014,0.9986],"evs":[0.0,11.95595,11.95705]},"JTo":{"weight":3.0E-4,"played":[0.5091,0.1063,0.3846],"evs":[0.0,0.83664,0.8957]},"QTo":{"weight":1.0E-4,"played":[0.0,0.0628,0.9372],"evs":[0.0,2.34006,2.46119]},"KTo":{"weight":0.0,"played":[0.0,9.0E-4,0.9991],"evs":[0.0,3.99317,4.11416]},"ATo":{"weight":0.0,"played":[0.0,0.0,1.0],"evs":[0.0,8.15999,8.24714]},"J2s":{"weight":0.0,"played":[0.9994,4.0E-4,2.0E-4],"evs":[0.0,-2.22068,-2.54624]},"J3s":{"weight":0.0,"played":[0.9999,1.0E-4,0.0],"evs":[0.0,-2.09329,-1.94217]},"J4s":{"weight":0.0,"played":[0.9992,5.0E-4,3.0E-4],"evs":[0.0,-2.28674,-2.51236]},"J5s":{"weight":0.0,"played":[0.9994,1.0E-4,5.0E-4],"evs":[0.0,-1.45576,-1.54513]},"J6s":{"weight":0.0,"played":[0.9728,0.0085,0.0187],"evs":[0.0,-1.31692,-1.17917]},"J7s":{"weight":0.0,"played":[0.9999,1.0E-4,0.0],"evs":[0.0,-0.9565,-0.99803]},"J8s":{"weight":0.0,"played":[0.8399,0.143,0.0171],"evs":[0.0,0.12155,0.0443]},"J9s":{"weight":2.0E-4,"played":[0.523,0.2458,0.2312],"evs":[0.0,0.77255,0.67689]},"JTs":{"weight":1.0E-4,"played":[0.0,0.1716,0.8284],"evs":[0.0,2.71276,2.68911]},"JJ":{"weight":0.0045,"played":[0.0,0.0583,0.9417],"evs":[0.0,13.56886,13.54183]},"QJo":{"weight":0.0,"played":[0.0,0.3034,0.6966],"evs":[0.0,3.4605,3.51861]},"KJo":{"weight":0.0,"played":[0.0,0.0028,0.9972],"evs":[0.0,4.23262,4.46871]},"AJo":{"weight":0.0,"played":[0.0,0.0,1.0],"evs":[0.0,8.19704,8.36645]},"Q2s":{"weight":0.0,"played":[0.9993,3.0E-4,4.0E-4],"evs":[0.0,-1.28275,-1.14791]},"Q3s":{"weight":0.0,"played":[0.9877,0.0047,0.0076],"evs":[0.0,-1.47693,-1.27202]},"Q4s":{"weight":0.0,"played":[0.9936,1.0E-4,0.0062],"evs":[0.0,-0.78808,-0.49411]},"Q5s":{"weight":0.0,"played":[0.9931,0.003,0.0039],"evs":[0.0,-0.1696,-0.11341]},"Q6s":{"weight":2.0E-4,"played":[0.9016,0.0196,0.0788],"evs":[0.0,-0.20362,-0.11888]},"Q7s":{"weight":2.0E-4,"played":[0.9858,0.0,0.0142],"evs":[0.0,-0.21311,-0.12588]},"Q8s":{"weight":0.0,"played":[0.3416,0.1069,0.5515],"evs":[0.0,0.49492,0.65476]},"Q9s":{"weight":0.0,"played":[0.1376,0.1572,0.7053],"evs":[0.0,1.15479,1.50939]},"QTs":{"weight":5.0E-4,"played":[0.0,9.0E-4,0.9991],"evs":[0.0,4.17229,4.40811]},"QJs":{"weight":0.0,"played":[0.0,5.0E-4,0.9995],"evs":[0.0,4.65653,4.75909]},"QQ":{"weight":0.0297,"played":[0.0,0.2133,0.7867],"evs":[0.0,15.87698,15.93918]},"KQo":{"weight":3.0E-4,"played":[0.0,3.0E-4,0.9997],"evs":[0.0,6.0482,6.20153]},"AQo":{"weight":0.0,"played":[0.0,0.0,1.0],"evs":[0.0,9.0483,9.28818]},"K2s":{"weight":2.0E-4,"played":[0.0707,0.1587,0.7706],"evs":[0.0,0.23621,0.41918]},"K3s":{"weight":0.0012,"played":[0.0522,0.65,0.2979],"evs":[0.0,0.50806,0.40081]},"K4s":{"weight":4.0E-4,"played":[0.0223,0.0886,0.8891],"evs":[0.0,0.45116,0.53502]},"K5s":{"weight":0.0,"played":[0.0038,0.1293,0.8669],"evs":[0.0,1.27135,1.46411]},"K6s":{"weight":1.0E-4,"played":[0.0,0.0284,0.9715],"evs":[0.0,1.70521,1.8234]},"K7s":{"weight":0.0,"played":[0.0,0.3922,0.6078],"evs":[0.0,1.89432,2.0337]},"K8s":{"weight":1.0E-4,"played":[0.0,0.3786,0.6214],"evs":[0.0,1.98278,2.10822]},"K9s":{"weight":0.001,"played":[0.0,0.0534,0.9466],"evs":[0.0,3.72755,3.83574]},"KTs":{"weight":6.0E-4,"played":[0.0,0.0088,0.9912],"evs":[0.0,5.0146,5.09505]},"KJs":{"weight":0.0,"played":[0.0,0.0,1.0],"evs":[0.0,5.45833,5.75373]},"KQs":{"weight":0.0,"played":[0.0,0.0092,0.9908],"evs":[0.0,6.61584,6.82903]},"KK":{"weight":0.0053,"played":[0.0,0.2091,0.7909],"evs":[0.0,19.47709,19.46346]},"AKo":{"weight":0.0,"played":[0.0,1.0E-4,0.9999],"evs":[0.0,9.95161,10.13117]},"A2s":{"weight":0.0,"played":[0.0,7.0E-4,0.9993],"evs":[0.0,3.16349,3.4281]},"A3s":{"weight":0.0,"played":[0.0,0.0063,0.9937],"evs":[0.0,3.86603,3.94907]},"A4s":{"weight":0.0,"played":[0.0,3.0E-4,0.9997],"evs":[0.0,3.82631,4.01653]},"A5s":{"weight":0.0,"played":[0.0,0.0038,0.9962],"evs":[0.0,3.95337,4.09527]},"A6s":{"weight":0.0,"played":[0.0,0.0,1.0],"evs":[0.0,4.22758,4.32671]},"A7s":{"weight":0.0,"played":[0.0,0.2507,0.7493],"evs":[0.0,3.81893,4.08957]},"A8s":{"weight":1.0E-4,"played":[0.0,0.0038,0.9962],"evs":[0.0,5.51502,5.67509]},"A9s":{"weight":0.0,"played":[0.0,0.0091,0.9909],"evs":[0.0,6.47773,6.67292]},"ATs":{"weight":0.0,"played":[0.0,0.0134,0.9866],"evs":[0.0,9.94975,10.14989]},"AJs":{"weight":6.0E-4,"played":[0.0,0.004,0.996],"evs":[0.0,9.39067,9.57704]},"AQs":{"weight":0.0296,"played":[0.0,1.0E-4,0.9999],"evs":[0.0,9.87535,10.13264]},"AKs":{"weight":0.0032,"played":[0.0,1.0E-4,0.9999],"evs":[0.0,11.39827,11.54767]},"AA":{"weight":0.0,"played":[0.0,0.0,1.0],"evs":[0.0,22.20609,22.24285]}}}