{"player":1,"street":0,"children":2,"sequence":[{"player":0,"type":"F","amount":0,"street":0},{"player":1,"type":"R","amount":200000,"street":0},{"player":2,"type":"C","amount":0,"street":0},{"player":3,"type":"C","amount":200000,"street":0},{"player":4,"type":"R","amount":1815000,"street":0},{"player":5,"type":"F","amount":0,"street":0}],"actions":[{"type":"F","amount":0,"node":133},{"type":"C","amount":1605000,"node":134}],"hands":{"22":{"weight":0.0,"played":[0.965,0.035],"evs":[0.0,-2.99066]},"32o":{"weight":0.0,"played":[1.0,0.0],"evs":[0.0,-7.91819]},"42o":{"weight":0.0,"played":[0.9999,1.0E-4],"evs":[0.0,-6.94681]},"52o":{"weight":0.0,"played":[0.9995,5.0E-4],"evs":[0.0,-6.47935]},"62o":{"weight":0.0,"played":[1.0,0.0],"evs":[0.0,-7.21605]},"72o":{"weight":0.0,"played":[1.0,0.0],"evs":[0.0,-7.4721]},"82o":{"weight":0.0,"played":[0.9997,3.0E-4],"evs":[0.0,-6.81051]},"92o":{"weight":0.0,"played":[0.9998,2.0E-4],"evs":[0.0,-7.2401]},"T2o":{"weight":0.0,"played":[1.0,0.0],"evs":[0.0,-7.32591]},"J2o":{"weight":0.0,"played":[0.9995,5.0E-4],"evs":[0.0,-6.82827]},"Q2o":{"weight":0.0,"played":[1.0,0.0],"evs":[0.0,-6.14844]},"K2o":{"weight":0.0,"played":[0.9997,3.0E-4],"evs":[0.0,-5.14129]},"A2o":{"weight":0.003,"played":[0.9917,0.0083],"evs":[0.0,-2.18228]},"32s":{"weight":0.0,"played":[0.9887,0.0113],"evs":[0.0,-5.93711]},"33":{"weight":0.0,"played":[0.9625,0.0375],"evs":[0.0,-1.59666]},"43o":{"weight":0.0,"played":[0.9995,5.0E-4],"evs":[0.0,-6.08629]},"53o":{"weight":0.0,"played":[1.0,0.0],"evs":[0.0,-5.69292]},"63o":{"weight":0.0,"played":[0.9999,1.0E-4],"evs":[0.0,-6.56779]},"73o":{"weight":0.0,"played":[0.9999,1.0E-4],"evs":[0.0,-6.3866]},"83o":{"weight":0.0,"played":[1.0,0.0],"evs":[0.0,-7.5082]},"93o":{"weight":0.0,"played":[1.0,0.0],"evs":[0.0,-7.15093]},"T3o":{"weight":0.0,"played":[0.9998,2.0E-4],"evs":[0.0,-7.37249]},"J3o":{"weight":0.0,"played":[0.9995,5.0E-4],"evs":[0.0,-6.19491]},"Q3o":{"weight":0.0,"played":[1.0,0.0],"evs":[0.0,-5.91498]},"K3o":{"weight":0.0,"played":[0.9996,4.0E-4],"evs":[0.0,-4.07507]},"A3o":{"weight":1.0E-4,"played":[0.9448,0.0552],"evs":[0.0,-1.98834]},"42s":{"weight":0.0,"played":[0.9983,0.0017],"evs":[0.0,-4.52125]},"43s":{"weight":0.0,"played":[0.9999,1.0E-4],"evs":[0.0,-5.35026]},"44":{"weight":0.0,"played":[0.3186,0.6814],"evs":[0.0,-0.83697]},"54o":{"weight":0.0,"played":[1.0,0.0],"evs":[0.0,-4.45186]},"64o":{"weight":0.0,"played":[1.0,0.0],"evs":[0.0,-3.84504]},"74o":{"weight":0.0,"played":[1.0,0.0],"evs":[0.0,-4.80287]},"84o":{"weight":0.0,"played":[0.9994,6.0E-4],"evs":[0.0,-6.11828]},"94o":{"weight":0.0,"played":[0.9999,1.0E-4],"evs":[0.0,-7.24631]},"T4o":{"weight":0.0,"played":[1.0,0.0],"evs":[0.0,-5.52874]},"J4o":{"weight":0.0,"played":[1.0,0.0],"evs":[0.0,-5.88672]},"Q4o":{"weight":0.0,"played":[0.9988,0.0012],"evs":[0.0,-4.41531]},"K4o":{"weight":0.0,"played":[0.9987,0.0013],"evs":[0.0,-4.67323]},"A4o":{"weight":4.0E-4,"played":[0.8839,0.1161],"evs":[0.0,-1.76937]},"52s":{"weight":0.0,"played":[0.9997,3.0E-4],"evs":[0.0,-6.2809]},"53s":{"weight":0.0,"played":[0.9981,0.0019],"evs":[0.0,-2.28372]},"54s":{"weight":0.0,"played":[0.2695,0.7305],"evs":[0.0,-0.28223]},"55":{"weight":1.0E-4,"played":[0.1419,0.8581],"evs":[0.0,1.06742]},"65o":{"weight":0.0,"played":[0.9987,0.0013],"evs":[0.0,-4.3365]},"75o":{"weight":0.0,"played":[1.0,0.0],"evs":[0.0,-4.27486]},"85o":{"weight":0.0,"played":[0.9999,1.0E-4],"evs":[0.0,-5.38201]},"95o":{"weight":0.0,"played":[1.0,0.0],"evs":[0.0,-4.93254]},"T5o":{"weight":0.0,"played":[0.9997,3.0E-4],"evs":[0.0,-6.81727]},"J5o":{"weight":0.0,"played":[1.0,0.0],"evs":[0.0,-5.46581]},"Q5o":{"weight":0.0,"played":[0.9988,0.0012],"evs":[0.0,-4.88067]},"K5o":{"weight":0.0,"played":[0.9967,0.0033],"evs":[0.0,-3.57391]},"A5o":{"weight":4.0E-4,"played":[0.7785,0.2215],"evs":[0.0,-0.76926]},"62s":{"weight":0.0,"played":[0.998,0.002],"evs":[0.0,-4.52937]},"63s":{"weight":0.0,"played":[0.9993,7.0E-4],"evs":[0.0,-2.17868]},"64s":{"weight":0.0,"played":[0.9998,2.0E-4],"evs":[0.0,-2.77424]},"65s":{"weight":0.0,"played":[0.8084,0.1916],"evs":[0.0,-1.71212]},"66":{"weight":0.0,"played":[1.0E-4,0.9999],"evs":[0.0,1.99817]},"76o":{"weight":0.0,"played":[0.998,0.002],"evs":[0.0,-3.60825]},"86o":{"weight":0.0,"played":[0.9998,2.0E-4],"evs":[0.0,-3.46334]},"96o":{"weight":0.0,"played":[0.9996,4.0E-4],"evs":[0.0,-4.1902]},"T6o":{"weight":0.0,"played":[1.0,0.0],"evs":[0.0,-4.97925]},"J6o":{"weight":0.0,"played":[1.0,0.0],"evs":[0.0,-5.5481]},"Q6o":{"weight":0.0,"played":[1.0,0.0],"evs":[0.0,-4.66463]},"K6o":{"weight":0.004,"played":[0.9956,0.0044],"evs":[0.0,-3.00568]},"A6o":{"weight":3.0E-4,"played":[0.7473,0.2527],"evs":[0.0,-0.85124]},"72s":{"weight":0.0,"played":[0.9973,0.0027],"evs":[0.0,-2.52531]},"73s":{"weight":0.0,"played":[1.0,0.0],"evs":[0.0,-2.90015]},"74s":{"weight":0.0,"played":[0.8053,0.1947],"evs":[0.0,-2.1691]},"75s":{"weight":0.0,"played":[0.9623,0.0377],"evs":[0.0,-1.01393]},"76s":{"weight":0.0,"played":[0.7205,0.2795],"evs":[0.0,-3.29573]},"77":{"weight":0.0,"played":[2.0E-4,0.9998],"evs":[0.0,4.09019]},"87o":{"weight":0.0,"played":[0.9866,0.0134],"evs":[0.0,-3.14686]},"97o":{"weight":0.0,"played":[0.9772,0.0228],"evs":[0.0,-3.5562]},"T7o":{"weight":0.0,"played":[0.9987,0.0013],"evs":[0.0,-3.99075]},"J7o":{"weight":0.0,"played":[0.9998,2.0E-4],"evs":[0.0,-4.88884]},"Q7o":{"weight":0.0,"played":[0.9961,0.0039],"evs":[0.0,-3.74587]},"K7o":{"weight":0.0159,"played":[0.9882,0.0118],"evs":[0.0,-4.01631]},"A7o":{"weight":0.0,"played":[0.5794,0.4206],"evs":[0.0,-0.73828]},"82s":{"weight":0.0,"played":[0.9938,0.0062],"evs":[0.0,-5.14934]},"83s":{"weight":0.0,"played":[1.0,0.0],"evs":[0.0,-4.15979]},"84s":{"weight":0.0,"played":[0.9998,2.0E-4],"evs":[0.0,-2.94142]},"85s":{"weight":0.0,"played":[0.9936,0.0064],"evs":[0.0,-2.36869]},"86s":{"weight":0.0,"played":[0.3938,0.6062],"evs":[0.0,0.91101]},"87s":{"weight":0.0,"played":[0.8431,0.1569],"evs":[0.0,-0.5435]},"88":{"weight":2.0E-4,"played":[5.0E-4,0.9995],"evs":[0.0,6.88206]},"98o":{"weight":0.0,"played":[0.9994,6.0E-4],"evs":[0.0,-3.07793]},"T8o":{"weight":0.0,"played":[0.9963,0.0037],"evs":[0.0,-2.17693]},"J8o":{"weight":0.0,"played":[0.9996,4.0E-4],"evs":[0.0,-3.99371]},"Q8o":{"weight":0.0,"played":[0.9991,9.0E-4],"evs":[0.0,-3.81332]},"K8o":{"weight":0.0248,"played":[0.9959,0.0041],"evs":[0.0,-2.70781]},"A8o":{"weight":1.0E-4,"played":[3.0E-4,0.9997],"evs":[0.0,0.83748]},"92s":{"weight":0.0,"played":[0.9995,5.0E-4],"evs":[0.0,-3.69403]},"93s":{"weight":0.0,"played":[0.9983,0.0017],"evs":[0.0,-3.89187]},"94s":{"weight":0.0,"played":[0.9997,3.0E-4],"evs":[0.0,-4.31504]},"95s":{"weight":0.0,"played":[0.9998,2.0E-4],"evs":[0.0,-3.2342]},"96s":{"weight":0.0,"played":[0.9689,0.0311],"evs":[0.0,-1.53052]},"97s":{"weight":0.0,"played":[0.8459,0.1541],"evs":[0.0,-1.68494]},"98s":{"weight":0.0358,"played":[0.9894,0.0106],"evs":[0.0,-1.04425]},"99":{"weight":0.0026,"played":[0.0,1.0],"evs":[0.0,6.30789]},"T9o":{"weight":0.0,"played":[0.9818,0.0182],"evs":[0.0,-2.19961]},"J9o":{"weight":0.0,"played":[0.9863,0.0137],"evs":[0.0,-3.04363]},"Q9o":{"weight":0.006,"played":[0.9958,0.0042],"evs":[0.0,-3.33303]},"K9o":{"weight":0.0084,"played":[0.9496,0.0504],"evs":[0.0,-2.58853]},"A9o":{"weight":0.0,"played":[0.0,1.0],"evs":[0.0,2.14088]},"T2s":{"weight":0.0,"played":[0.912,0.088],"evs":[0.0,-5.38909]},"T3s":{"weight":0.0,"played":[0.9926,0.0074],"evs":[0.0,-3.96632]},"T4s":{"weight":0.0,"played":[0.999,0.001],"evs":[0.0,-3.89955]},"T5s":{"weight":0.0,"played":[0.9921,0.0079],"evs":[0.0,-4.32433]},"T6s":{"weight":0.0,"played":[0.965,0.035],"evs":[0.0,-2.44544]},"T7s":{"weight":0.0,"played":[0.95,0.05],"evs":[0.0,-2.58677]},"T8s":{"weight":9.0E-4,"played":[0.9607,0.0393],"evs":[0.0,-0.58368]},"T9s":{"weight":0.0016,"played":[0.9226,0.0774],"evs":[0.0,-1.93718]},"TT":{"weight":0.0035,"played":[0.0,1.0],"evs":[0.0,9.16287]},"JTo":{"weight":3.0E-4,"played":[0.994,0.006],"evs":[0.0,-1.33922]},"QTo":{"weight":1.0E-4,"played":[0.97,0.03],"evs":[0.0,-2.42673]},"KTo":{"weight":0.0,"played":[0.9903,0.0097],"evs":[0.0,-0.36416]},"ATo":{"weight":0.0,"played":[0.0,1.0],"evs":[0.0,5.38876]},"J2s":{"weight":0.0,"played":[0.9892,0.0108],"evs":[0.0,-5.01707]},"J3s":{"weight":0.0,"played":[0.9647,0.0353],"evs":[0.0,-4.38747]},"J4s":{"weight":0.0,"played":[0.9994,6.0E-4],"evs":[0.0,-3.19922]},"J5s":{"weight":0.0,"played":[0.9982,0.0018],"evs":[0.0,-2.85949]},"J6s":{"weight":0.0,"played":[0.9964,0.0036],"evs":[0.0,-2.79877]},"J7s":{"weight":0.0,"played":[0.9981,0.0019],"evs":[0.0,-2.63389]},"J8s":{"weight":0.0,"played":[0.6706,0.3294],"evs":[0.0,-0.15189]},"J9s":{"weight":2.0E-4,"played":[0.9614,0.0386],"evs":[0.0,-1.50075]},"JTs":{"weight":1.0E-4,"played":[0.4676,0.5324],"evs":[0.0,1.31142]},"JJ":{"weight":0.0045,"played":[0.0,1.0],"evs":[0.0,13.19274]},"QJo":{"weight":0.0,"played":[0.6761,0.3239],"evs":[0.0,-0.33086]},"KJo":{"weight":0.0,"played":[1.0E-4,0.9999],"evs":[0.0,1.33723]},"AJo":{"weight":0.0,"played":[0.0,1.0],"evs":[0.0,5.45835]},"Q2s":{"weight":0.0,"played":[0.9984,0.0016],"evs":[0.0,-2.60171]},"Q3s":{"weight":0.0,"played":[0.9177,0.0823],"evs":[0.0,-3.03826]},"Q4s":{"weight":0.0,"played":[0.9896,0.0104],"evs":[0.0,-1.67322]},"Q5s":{"weight":0.0,"played":[0.9569,0.0431],"evs":[0.0,-0.73606]},"Q6s":{"weight":2.0E-4,"played":[0.9341,0.0659],"evs":[0.0,-1.82607]},"Q7s":{"weight":2.0E-4,"played":[0.9713,0.0287],"evs":[0.0,-2.06849]},"Q8s":{"weight":0.0,"played":[0.9056,0.0944],"evs":[0.0,-0.31007]},"Q9s":{"weight":0.0,"played":[0.4674,0.5326],"evs":[0.0,-0.4687]},"QTs":{"weight":5.0E-4,"played":[0.2089,0.7911],"evs":[0.0,1.1466]},"QJs":{"weight":0.0,"played":[0.0374,0.9626],"evs":[0.0,2.2958]},"QQ":{"weight":0.0297,"played":[0.0,1.0],"evs":[0.0,15.174]},"KQo":{"weight":3.0E-4,"played":[0.0,1.0],"evs":[0.0,2.33007]},"AQo":{"weight":0.0,"played":[0.0,1.0],"evs":[0.0,6.89583]},"K2s":{"weight":2.0E-4,"played":[0.9872,0.0128],"evs":[0.0,-0.85239]},"K3s":{"weight":0.0012,"played":[0.9984,0.0016],"evs":[0.0,-2.78828]},"K4s":{"weight":4.0E-4,"played":[0.9898,0.0102],"evs":[0.0,-1.805]},"K5s":{"weight":0.0,"played":[0.9397,0.0603],"evs":[0.0,-1.30106]},"K6s":{"weight":1.0E-4,"played":[0.9629,0.0371],"evs":[0.0,-1.6266]},"K7s":{"weight":0.0,"played":[0.8949,0.1051],"evs":[0.0,-0.98268]},"K8s":{"weight":1.0E-4,"played":[0.7939,0.2061],"evs":[0.0,-1.40159]},"K9s":{"weight":0.001,"played":[0.9163,0.0837],"evs":[0.0,-0.83923]},"KTs":{"weight":6.0E-4,"played":[0.0,1.0],"evs":[0.0,2.9336]},"KJs":{"weight":0.0,"played":[3.0E-4,0.9997],"evs":[0.0,4.20997]},"KQs":{"weight":0.0,"played":[5.0E-4,0.9995],"evs":[0.0,6.14257]},"KK":{"weight":0.0053,"played":[0.0,1.0],"evs":[0.0,20.05123]},"AKo":{"weight":0.0,"played":[0.0,1.0],"evs":[0.0,9.89059]},"A2s":{"weight":0.0,"played":[0.0081,0.9919],"evs":[0.0,1.27415]},"A3s":{"weight":0.0,"played":[0.5865,0.4135],"evs":[0.0,0.0431]},"A4s":{"weight":0.0,"played":[0.4062,0.5938],"evs":[0.0,0.87261]},"A5s":{"weight":0.0,"played":[0.0772,0.9228],"evs":[0.0,1.13601]},"A6s":{"weight":0.0,"played":[0.0177,0.9823],"evs":[0.0,0.01618]},"A7s":{"weight":0.0,"played":[0.0554,0.9446],"evs":[0.0,1.07197]},"A8s":{"weight":1.0E-4,"played":[5.0E-4,0.9995],"evs":[0.0,1.72458]},"A9s":{"weight":0.0,"played":[0.0,1.0],"evs":[0.0,4.26341]},"ATs":{"weight":0.0,"played":[4.0E-4,0.9996],"evs":[0.0,6.4551]},"AJs":{"weight":6.0E-4,"played":[0.0,1.0],"evs":[0.0,6.55508]},"AQs":{"weight":0.0296,"played":[3.0E-4,0.9997],"evs":[0.0,10.2215]},"AKs":{"weight":0.0032,"played":[0.0,1.0],"evs":[0.0,12.02726]},"AA":{"weight":0.0,"played":[0.0,1.0],"evs":[0.0,27.57983]}}}