{"player":1,"street":0,"children":2,"sequence":[{"player":0,"type":"F","amount":0,"street":0},{"player":1,"type":"R","amount":200000,"street":0},{"player":2,"type":"C","amount":0,"street":0},{"player":3,"type":"R","amount":1815000,"street":0},{"player":4,"type":"F","amount":0,"street":0},{"player":5,"type":"C","amount":345000,"street":0}],"actions":[{"type":"F","amount":0},{"type":"C","amount":1605000}],"hands":{"22":{"weight":0.0,"played":[0.0,1.0],"evs":[0.0,1.19171]},"32o":{"weight":0.0,"played":[1.0,0.0],"evs":[0.0,-6.01748]},"42o":{"weight":0.0,"played":[1.0,0.0],"evs":[0.0,-5.77101]},"52o":{"weight":0.0,"played":[1.0,0.0],"evs":[0.0,-5.50157]},"62o":{"weight":0.0,"played":[1.0,0.0],"evs":[0.0,-5.79274]},"72o":{"weight":0.0,"played":[1.0,0.0],"evs":[0.0,-5.95425]},"82o":{"weight":0.0,"played":[1.0,0.0],"evs":[0.0,-5.58818]},"92o":{"weight":0.0,"played":[1.0,0.0],"evs":[0.0,-5.61821]},"T2o":{"weight":0.0,"played":[1.0,0.0],"evs":[0.0,-5.22249]},"J2o":{"weight":0.0,"played":[1.0,0.0],"evs":[0.0,-4.85926]},"Q2o":{"weight":0.0,"played":[1.0,0.0],"evs":[0.0,-4.03849]},"K2o":{"weight":0.0,"played":[1.0,0.0],"evs":[0.0,-2.77036]},"A2o":{"weight":0.003,"played":[0.0022,0.9978],"evs":[0.0,0.62282]},"32s":{"weight":0.0,"played":[1.0,0.0],"evs":[0.0,-3.7765]},"33":{"weight":0.0,"played":[0.0,1.0],"evs":[0.0,2.44164]},"43o":{"weight":0.0,"played":[1.0,0.0],"evs":[0.0,-4.77983]},"53o":{"weight":0.0,"played":[1.0,0.0],"evs":[0.0,-4.48938]},"63o":{"weight":0.0,"played":[1.0,0.0],"evs":[0.0,-4.80302]},"73o":{"weight":0.0,"played":[1.0,0.0],"evs":[0.0,-5.04564]},"83o":{"weight":0.0,"played":[1.0,0.0],"evs":[0.0,-5.36569]},"93o":{"weight":0.0,"played":[1.0,0.0],"evs":[0.0,-5.14307]},"T3o":{"weight":0.0,"played":[1.0,0.0],"evs":[0.0,-4.87395]},"J3o":{"weight":0.0,"played":[1.0,0.0],"evs":[0.0,-4.60826]},"Q3o":{"weight":0.0,"played":[1.0,0.0],"evs":[0.0,-3.71953]},"K3o":{"weight":0.0,"played":[1.0,0.0],"evs":[0.0,-2.28814]},"A3o":{"weight":1.0E-4,"played":[0.0,1.0],"evs":[0.0,1.00109]},"42s":{"weight":0.0,"played":[1.0,0.0],"evs":[0.0,-3.56441]},"43s":{"weight":0.0,"played":[1.0,0.0],"evs":[0.0,-2.87256]},"44":{"weight":0.0,"played":[0.0,1.0],"evs":[0.0,3.65488]},"54o":{"weight":0.0,"played":[1.0,0.0],"evs":[0.0,-3.48402]},"64o":{"weight":0.0,"played":[1.0,0.0],"evs":[0.0,-3.78534]},"74o":{"weight":0.0,"played":[1.0,0.0],"evs":[0.0,-3.99995]},"84o":{"weight":0.0,"played":[1.0,0.0],"evs":[0.0,-4.29872]},"94o":{"weight":0.0,"played":[1.0,0.0],"evs":[0.0,-4.80929]},"T4o":{"weight":0.0,"played":[1.0,0.0],"evs":[0.0,-4.41278]},"J4o":{"weight":0.0,"played":[1.0,0.0],"evs":[0.0,-4.0872]},"Q4o":{"weight":0.0,"played":[1.0,0.0],"evs":[0.0,-3.22533]},"K4o":{"weight":0.0,"played":[1.0,0.0],"evs":[0.0,-2.0024]},"A4o":{"weight":4.0E-4,"played":[0.0,1.0],"evs":[0.0,1.39679]},"52s":{"weight":0.0,"played":[1.0,0.0],"evs":[0.0,-3.40111]},"53s":{"weight":0.0,"played":[1.0,0.0],"evs":[0.0,-2.42359]},"54s":{"weight":0.0,"played":[1.0,0.0],"evs":[0.0,-1.69271]},"55":{"weight":1.0E-4,"played":[0.0,1.0],"evs":[0.0,4.7051]},"65o":{"weight":0.0,"played":[1.0,0.0],"evs":[0.0,-2.99108]},"75o":{"weight":0.0,"played":[1.0,0.0],"evs":[0.0,-3.25435]},"85o":{"weight":0.0,"played":[1.0,0.0],"evs":[0.0,-3.5652]},"95o":{"weight":0.0,"played":[1.0,0.0],"evs":[0.0,-4.14132]},"T5o":{"weight":0.0,"played":[1.0,0.0],"evs":[0.0,-4.34128]},"J5o":{"weight":0.0,"played":[1.0,0.0],"evs":[0.0,-3.8425]},"Q5o":{"weight":0.0,"played":[1.0,0.0],"evs":[0.0,-3.08661]},"K5o":{"weight":0.0,"played":[1.0,0.0],"evs":[0.0,-1.67272]},"A5o":{"weight":4.0E-4,"played":[0.0,1.0],"evs":[0.0,2.00106]},"62s":{"weight":0.0,"played":[1.0,0.0],"evs":[0.0,-3.63019]},"63s":{"weight":0.0,"played":[1.0,0.0],"evs":[0.0,-2.7826]},"64s":{"weight":0.0,"played":[1.0,0.0],"evs":[0.0,-1.86553]},"65s":{"weight":0.0,"played":[0.9999,1.0E-4],"evs":[0.0,-1.00294]},"66":{"weight":0.0,"played":[0.0,1.0],"evs":[0.0,5.77843]},"76o":{"weight":0.0,"played":[1.0,0.0],"evs":[0.0,-2.21929]},"86o":{"weight":0.0,"played":[1.0,0.0],"evs":[0.0,-2.4883]},"96o":{"weight":0.0,"played":[1.0,0.0],"evs":[0.0,-2.96043]},"T6o":{"weight":0.0,"played":[1.0,0.0],"evs":[0.0,-3.31844]},"J6o":{"weight":0.0,"played":[1.0,0.0],"evs":[0.0,-3.64432]},"Q6o":{"weight":0.0,"played":[1.0,0.0],"evs":[0.0,-2.56656]},"K6o":{"weight":0.004,"played":[1.0,0.0],"evs":[0.0,-1.12253]},"A6o":{"weight":3.0E-4,"played":[0.0,1.0],"evs":[0.0,2.10632]},"72s":{"weight":0.0,"played":[1.0,0.0],"evs":[0.0,-3.76955]},"73s":{"weight":0.0,"played":[1.0,0.0],"evs":[0.0,-3.00187]},"74s":{"weight":0.0,"played":[1.0,0.0],"evs":[0.0,-2.04815]},"75s":{"weight":0.0,"played":[1.0,0.0],"evs":[0.0,-1.2054]},"76s":{"weight":0.0,"played":[1.0,0.0],"evs":[0.0,-0.46337]},"77":{"weight":0.0,"played":[0.0,1.0],"evs":[0.0,7.25194]},"87o":{"weight":0.0,"played":[1.0,0.0],"evs":[0.0,-1.68934]},"97o":{"weight":0.0,"played":[1.0,0.0],"evs":[0.0,-2.04211]},"T7o":{"weight":0.0,"played":[1.0,0.0],"evs":[0.0,-2.30872]},"J7o":{"weight":0.0,"played":[1.0,0.0],"evs":[0.0,-2.55624]},"Q7o":{"weight":0.0,"played":[1.0,0.0],"evs":[0.0,-2.25563]},"K7o":{"weight":0.0159,"played":[1.0,0.0],"evs":[0.0,-0.66544]},"A7o":{"weight":0.0,"played":[0.0,1.0],"evs":[0.0,3.22445]},"82s":{"weight":0.0,"played":[1.0,0.0],"evs":[0.0,-3.35225]},"83s":{"weight":0.0,"played":[1.0,0.0],"evs":[0.0,-3.2392]},"84s":{"weight":0.0,"played":[1.0,0.0],"evs":[0.0,-2.45803]},"85s":{"weight":0.0,"played":[1.0,0.0],"evs":[0.0,-1.56793]},"86s":{"weight":0.0,"played":[1.0,0.0],"evs":[0.0,-0.47916]},"87s":{"weight":0.0,"played":[0.0148,0.9852],"evs":[0.0,0.12589]},"88":{"weight":2.0E-4,"played":[0.0,1.0],"evs":[0.0,8.13325]},"98o":{"weight":0.0,"played":[1.0,0.0],"evs":[0.0,-1.35382]},"T8o":{"weight":0.0,"played":[1.0,0.0],"evs":[0.0,-1.58405]},"J8o":{"weight":0.0,"played":[1.0,0.0],"evs":[0.0,-1.69769]},"Q8o":{"weight":0.0,"played":[1.0,0.0],"evs":[0.0,-1.32873]},"K8o":{"weight":0.0248,"played":[0.9003,0.0997],"evs":[0.0,-0.22124]},"A8o":{"weight":1.0E-4,"played":[0.0,1.0],"evs":[0.0,4.20342]},"92s":{"weight":0.0,"played":[1.0,0.0],"evs":[0.0,-3.26975]},"93s":{"weight":0.0,"played":[1.0,0.0],"evs":[0.0,-3.01713]},"94s":{"weight":0.0,"played":[1.0,0.0],"evs":[0.0,-2.80731]},"95s":{"weight":0.0,"played":[1.0,0.0],"evs":[0.0,-2.06463]},"96s":{"weight":0.0,"played":[0.9999,1.0E-4],"evs":[0.0,-0.8949]},"97s":{"weight":0.0,"played":[0.8681,0.1319],"evs":[0.0,-0.19845]},"98s":{"weight":0.0358,"played":[1.0E-4,0.9999],"evs":[0.0,0.46355]},"99":{"weight":0.0026,"played":[0.0,1.0],"evs":[0.0,9.68717]},"T9o":{"weight":0.0,"played":[0.9995,5.0E-4],"evs":[0.0,-0.78668]},"J9o":{"weight":0.0,"played":[0.9999,1.0E-4],"evs":[0.0,-0.85284]},"Q9o":{"weight":0.006,"played":[0.9859,0.0141],"evs":[0.0,-0.53608]},"K9o":{"weight":0.0084,"played":[0.0,1.0],"evs":[0.0,0.84601]},"A9o":{"weight":0.0,"played":[0.0,1.0],"evs":[0.0,5.16067]},"T2s":{"weight":0.0,"played":[1.0,0.0],"evs":[0.0,-3.15487]},"T3s":{"weight":0.0,"played":[1.0,0.0],"evs":[0.0,-2.87355]},"T4s":{"weight":0.0,"played":[1.0,0.0],"evs":[0.0,-2.50726]},"T5s":{"weight":0.0,"played":[1.0,0.0],"evs":[0.0,-2.47582]},"T6s":{"weight":0.0,"played":[1.0,0.0],"evs":[0.0,-1.35213]},"T7s":{"weight":0.0,"played":[0.9948,0.0052],"evs":[0.0,-0.55408]},"T8s":{"weight":9.0E-4,"played":[3.0E-4,0.9997],"evs":[0.0,0.31893]},"T9s":{"weight":0.0016,"played":[0.0,1.0],"evs":[0.0,1.05288]},"TT":{"weight":0.0035,"played":[0.0,1.0],"evs":[0.0,11.72109]},"JTo":{"weight":3.0E-4,"played":[0.0,1.0],"evs":[0.0,0.44902]},"QTo":{"weight":1.0E-4,"played":[0.0,1.0],"evs":[0.0,1.02793]},"KTo":{"weight":0.0,"played":[0.0,1.0],"evs":[0.0,2.77282]},"ATo":{"weight":0.0,"played":[0.0,1.0],"evs":[0.0,7.38197]},"J2s":{"weight":0.0,"played":[1.0,0.0],"evs":[0.0,-2.79434]},"J3s":{"weight":0.0,"played":[1.0,0.0],"evs":[0.0,-2.5106]},"J4s":{"weight":0.0,"played":[1.0,0.0],"evs":[0.0,-2.01375]},"J5s":{"weight":0.0,"played":[1.0,0.0],"evs":[0.0,-1.96172]},"J6s":{"weight":0.0,"played":[1.0,0.0],"evs":[0.0,-1.64019]},"J7s":{"weight":0.0,"played":[0.9999,1.0E-4],"evs":[0.0,-0.76163]},"J8s":{"weight":0.0,"played":[5.0E-4,0.9995],"evs":[0.0,0.2073]},"J9s":{"weight":2.0E-4,"played":[0.0,1.0],"evs":[0.0,0.95831]},"JTs":{"weight":1.0E-4,"played":[0.0,1.0],"evs":[0.0,2.18252]},"JJ":{"weight":0.0045,"played":[0.0,1.0],"evs":[0.0,13.66586]},"QJo":{"weight":0.0,"played":[0.0,1.0],"evs":[0.0,1.95383]},"KJo":{"weight":0.0,"played":[0.0,1.0],"evs":[0.0,3.64797]},"AJo":{"weight":0.0,"played":[0.0,1.0],"evs":[0.0,8.63043]},"Q2s":{"weight":0.0,"played":[1.0,0.0],"evs":[0.0,-1.82246]},"Q3s":{"weight":0.0,"played":[1.0,0.0],"evs":[0.0,-1.74966]},"Q4s":{"weight":0.0,"played":[0.9999,1.0E-4],"evs":[0.0,-1.34702]},"Q5s":{"weight":0.0,"played":[0.9998,2.0E-4],"evs":[0.0,-1.15474]},"Q6s":{"weight":2.0E-4,"played":[0.9996,4.0E-4],"evs":[0.0,-0.65657]},"Q7s":{"weight":2.0E-4,"played":[0.9994,6.0E-4],"evs":[0.0,-0.37026]},"Q8s":{"weight":0.0,"played":[4.0E-4,0.9996],"evs":[0.0,0.69783]},"Q9s":{"weight":0.0,"played":[0.0,1.0],"evs":[0.0,1.41018]},"QTs":{"weight":5.0E-4,"played":[0.0,1.0],"evs":[0.0,2.91268]},"QJs":{"weight":0.0,"played":[0.0,1.0],"evs":[0.0,3.60207]},"QQ":{"weight":0.0297,"played":[0.0,1.0],"evs":[0.0,16.02227]},"KQo":{"weight":3.0E-4,"played":[0.0,1.0],"evs":[0.0,4.81236]},"AQo":{"weight":0.0,"played":[0.0,1.0],"evs":[0.0,10.10022]},"K2s":{"weight":2.0E-4,"played":[0.9999,1.0E-4],"evs":[0.0,-0.59468]},"K3s":{"weight":0.0012,"played":[0.9451,0.0549],"evs":[0.0,-0.27205]},"K4s":{"weight":4.0E-4,"played":[0.4175,0.5825],"evs":[0.0,-0.03679]},"K5s":{"weight":0.0,"played":[6.0E-4,0.9994],"evs":[0.0,0.24183]},"K6s":{"weight":1.0E-4,"played":[0.0014,0.9986],"evs":[0.0,0.70809]},"K7s":{"weight":0.0,"played":[0.0,1.0],"evs":[0.0,1.30567]},"K8s":{"weight":1.0E-4,"played":[0.0,1.0],"evs":[0.0,1.60695]},"K9s":{"weight":0.001,"played":[0.0,1.0],"evs":[0.0,2.7166]},"KTs":{"weight":6.0E-4,"played":[0.0,1.0],"evs":[0.0,4.42429]},"KJs":{"weight":0.0,"played":[0.0,1.0],"evs":[0.0,5.21071]},"KQs":{"weight":0.0,"played":[0.0,1.0],"evs":[0.0,6.37683]},"KK":{"weight":0.0053,"played":[0.0,1.0],"evs":[0.0,18.6887]},"AKo":{"weight":0.0,"played":[0.0,1.0],"evs":[0.0,11.81935]},"A2s":{"weight":0.0,"played":[0.0,1.0],"evs":[0.0,2.603]},"A3s":{"weight":0.0,"played":[0.0,1.0],"evs":[0.0,2.9048]},"A4s":{"weight":0.0,"played":[0.0,1.0],"evs":[0.0,3.20626]},"A5s":{"weight":0.0,"played":[0.0,1.0],"evs":[0.0,3.89343]},"A6s":{"weight":0.0,"played":[0.0,1.0],"evs":[0.0,3.92533]},"A7s":{"weight":0.0,"played":[0.0,1.0],"evs":[0.0,4.68483]},"A8s":{"weight":1.0E-4,"played":[0.0,1.0],"evs":[0.0,5.79396]},"A9s":{"weight":0.0,"played":[0.0,1.0],"evs":[0.0,6.7497]},"ATs":{"weight":0.0,"played":[0.0,1.0],"evs":[0.0,8.87262]},"AJs":{"weight":6.0E-4,"played":[0.0,1.0],"evs":[0.0,9.9576]},"AQs":{"weight":0.0296,"played":[0.0,1.0],"evs":[0.0,11.43174]},"AKs":{"weight":0.0032,"played":[0.0,1.0],"evs":[0.0,12.67567]},"AA":{"weight":0.0,"played":[0.0,1.0],"evs":[0.0,24.26606]}}}