{"player":1,"street":0,"children":3,"sequence":[{"player":0,"type":"R","amount":275000,"street":0}],"actions":[{"type":"F","amount":0,"node":158},{"type":"C","amount":275000},{"type":"R","amount":1805000,"node":166}],"hands":{"22":{"weight":1.0,"played":[0.0,5.0E-4,0.9995],"evs":[0.0,0.98381,1.04466]},"32o":{"weight":1.0,"played":[1.0,0.0,0.0],"evs":[0.0,-1.91988,-4.5504]},"42o":{"weight":1.0,"played":[1.0,0.0,0.0],"evs":[0.0,-1.86185,-4.25275]},"52o":{"weight":1.0,"played":[1.0,0.0,0.0],"evs":[0.0,-1.79498,-3.94539]},"62o":{"weight":1.0,"played":[1.0,0.0,0.0],"evs":[0.0,-1.87599,-4.4198]},"72o":{"weight":1.0,"played":[1.0,0.0,0.0],"evs":[0.0,-1.91144,-4.81643]},"82o":{"weight":1.0,"played":[1.0,0.0,0.0],"evs":[0.0,-1.79444,-4.40656]},"92o":{"weight":1.0,"played":[1.0,0.0,0.0],"evs":[0.0,-1.64324,-4.08046]},"T2o":{"weight":1.0,"played":[1.0,0.0,0.0],"evs":[0.0,-1.50663,-3.64071]},"J2o":{"weight":1.0,"played":[1.0,0.0,0.0],"evs":[0.0,-1.34953,-3.18561]},"Q2o":{"weight":1.0,"played":[1.0,0.0,0.0],"evs":[0.0,-1.15412,-2.54624]},"K2o":{"weight":1.0,"played":[1.0,0.0,0.0],"evs":[0.0,-0.85721,-1.39065]},"A2o":{"weight":1.0,"played":[0.0,0.0021,0.9979],"evs":[0.0,1.1887,1.21232]},"32s":{"weight":1.0,"played":[1.0,0.0,0.0],"evs":[0.0,-1.5718,-2.69865]},"33":{"weight":1.0,"played":[0.0,0.0,1.0],"evs":[0.0,1.82885,1.92967]},"43o":{"weight":1.0,"played":[1.0,0.0,0.0],"evs":[0.0,-1.72155,-3.48076]},"53o":{"weight":1.0,"played":[1.0,0.0,0.0],"evs":[0.0,-1.64692,-3.12192]},"63o":{"weight":1.0,"played":[1.0,0.0,0.0],"evs":[0.0,-1.72038,-3.56853]},"73o":{"weight":1.0,"played":[1.0,0.0,0.0],"evs":[0.0,-1.75413,-4.00156]},"83o":{"weight":1.0,"played":[1.0,0.0,0.0],"evs":[0.0,-1.7542,-4.26309]},"93o":{"weight":1.0,"played":[1.0,0.0,0.0],"evs":[0.0,-1.57917,-3.8012]},"T3o":{"weight":1.0,"played":[1.0,0.0,0.0],"evs":[0.0,-1.43681,-3.35791]},"J3o":{"weight":1.0,"played":[1.0,0.0,0.0],"evs":[0.0,-1.28219,-2.89494]},"Q3o":{"weight":1.0,"played":[1.0,0.0,0.0],"evs":[0.0,-1.07905,-2.22778]},"K3o":{"weight":1.0,"played":[1.0,0.0,0.0],"evs":[0.0,-0.77918,-1.10041]},"A3o":{"weight":1.0,"played":[0.0,0.0,1.0],"evs":[0.0,1.47408,1.5293]},"42s":{"weight":1.0,"played":[1.0,0.0,0.0],"evs":[0.0,-1.50968,-2.41962]},"43s":{"weight":1.0,"played":[1.0,0.0,0.0],"evs":[0.0,-1.40484,-1.69436]},"44":{"weight":1.0,"played":[0.0,1.0E-4,0.9999],"evs":[0.0,2.70349,2.80899]},"54o":{"weight":1.0,"played":[1.0,0.0,0.0],"evs":[0.0,-1.5116,-2.38529]},"64o":{"weight":1.0,"played":[1.0,0.0,0.0],"evs":[0.0,-1.56722,-2.78194]},"74o":{"weight":1.0,"played":[1.0,0.0,0.0],"evs":[0.0,-1.60719,-3.18832]},"84o":{"weight":1.0,"played":[1.0,0.0,0.0],"evs":[0.0,-1.59372,-3.4505]},"94o":{"weight":1.0,"played":[1.0,0.0,0.0],"evs":[0.0,-1.53456,-3.6486]},"T4o":{"weight":1.0,"played":[1.0,0.0,0.0],"evs":[0.0,-1.37229,-3.07455]},"J4o":{"weight":1.0,"played":[1.0,0.0,0.0],"evs":[0.0,-1.21387,-2.62402]},"Q4o":{"weight":1.0,"played":[1.0,0.0,0.0],"evs":[0.0,-1.01308,-1.96555]},"K4o":{"weight":1.0,"played":[1.0,0.0,0.0],"evs":[0.0,-0.67002,-0.8221]},"A4o":{"weight":1.0,"played":[0.0,0.0,1.0],"evs":[0.0,1.77533,1.87205]},"52s":{"weight":1.0,"played":[1.0,0.0,0.0],"evs":[0.0,-1.46455,-2.11558]},"53s":{"weight":1.0,"played":[1.0,0.0,0.0],"evs":[0.0,-1.28657,-1.38237]},"54s":{"weight":1.0,"played":[1.0,0.0,0.0],"evs":[0.0,-0.73804,-0.7021]},"55":{"weight":1.0,"played":[0.0,0.0,1.0],"evs":[0.0,3.76604,3.8577]},"65o":{"weight":1.0,"played":[1.0,0.0,0.0],"evs":[0.0,-1.42288,-2.06891]},"75o":{"weight":1.0,"played":[1.0,0.0,0.0],"evs":[0.0,-1.43978,-2.3858]},"85o":{"weight":1.0,"played":[1.0,0.0,0.0],"evs":[0.0,-1.42423,-2.62327]},"95o":{"weight":1.0,"played":[1.0,0.0,0.0],"evs":[0.0,-1.36796,-2.82867]},"T5o":{"weight":1.0,"played":[1.0,0.0,0.0],"evs":[0.0,-1.32482,-2.88814]},"J5o":{"weight":1.0,"played":[1.0,0.0,0.0],"evs":[0.0,-1.14281,-2.30755]},"Q5o":{"weight":1.0,"played":[1.0,0.0,0.0],"evs":[0.0,-0.93267,-1.62815]},"K5o":{"weight":1.0,"played":[1.0,0.0,0.0],"evs":[0.0,-0.38362,-0.44999]},"A5o":{"weight":1.0,"played":[0.0,1.0E-4,0.9999],"evs":[0.0,2.17048,2.28855]},"62s":{"weight":1.0,"played":[1.0,0.0,0.0],"evs":[0.0,-1.52835,-2.52393]},"63s":{"weight":1.0,"played":[1.0,0.0,0.0],"evs":[0.0,-1.38933,-1.79514]},"64s":{"weight":1.0,"played":[1.0,0.0,0.0],"evs":[0.0,-1.06068,-1.04013]},"65s":{"weight":1.0,"played":[1.0,0.0,0.0],"evs":[0.0,-0.39567,-0.35662]},"66":{"weight":1.0,"played":[0.0,0.0,1.0],"evs":[0.0,4.69571,4.80307]},"76o":{"weight":1.0,"played":[1.0,0.0,0.0],"evs":[0.0,-1.28457,-1.66527]},"86o":{"weight":1.0,"played":[1.0,0.0,0.0],"evs":[0.0,-1.2654,-1.87874]},"96o":{"weight":1.0,"played":[1.0,0.0,0.0],"evs":[0.0,-1.2087,-2.08272]},"T6o":{"weight":1.0,"played":[1.0,0.0,0.0],"evs":[0.0,-1.15295,-2.10756]},"J6o":{"weight":1.0,"played":[1.0,0.0,0.0],"evs":[0.0,-1.08863,-2.14796]},"Q6o":{"weight":1.0,"played":[1.0,0.0,0.0],"evs":[0.0,-0.84953,-1.32756]},"K6o":{"weight":1.0,"played":[0.9994,3.0E-4,3.0E-4],"evs":[0.0,-0.08093,-0.10768]},"A6o":{"weight":1.0,"played":[0.0,0.0,1.0],"evs":[0.0,2.10054,2.2099]},"72s":{"weight":1.0,"played":[1.0,0.0,0.0],"evs":[0.0,-1.56708,-2.88542]},"73s":{"weight":1.0,"played":[1.0,0.0,0.0],"evs":[0.0,-1.4112,-2.16788]},"74s":{"weight":1.0,"played":[1.0,0.0,0.0],"evs":[0.0,-1.2723,-1.44102]},"75s":{"weight":1.0,"played":[1.0,0.0,0.0],"evs":[0.0,-0.71909,-0.68661]},"76s":{"weight":1.0,"played":[0.6452,2.0E-4,0.3545],"evs":[0.0,-0.06836,-0.03242]},"77":{"weight":1.0,"played":[0.0,1.0E-4,0.9999],"evs":[0.0,5.74846,5.91048]},"87o":{"weight":1.0,"played":[1.0,0.0,0.0],"evs":[0.0,-1.11722,-1.26511]},"97o":{"weight":1.0,"played":[1.0,0.0,0.0],"evs":[0.0,-1.03316,-1.42397]},"T7o":{"weight":1.0,"played":[1.0,0.0,0.0],"evs":[0.0,-0.97683,-1.41962]},"J7o":{"weight":1.0,"played":[1.0,0.0,0.0],"evs":[0.0,-0.90298,-1.43599]},"Q7o":{"weight":1.0,"played":[1.0,0.0,0.0],"evs":[0.0,-0.77718,-1.14383]},"K7o":{"weight":1.0,"played":[0.0,7.0E-4,0.9993],"evs":[0.0,0.22179,0.24703]},"A7o":{"weight":1.0,"played":[0.0,0.0,1.0],"evs":[0.0,2.75981,2.88823]},"82s":{"weight":1.0,"played":[1.0,0.0,0.0],"evs":[0.0,-1.44942,-2.58765]},"83s":{"weight":1.0,"played":[1.0,0.0,0.0],"evs":[0.0,-1.40205,-2.40277]},"84s":{"weight":1.0,"played":[1.0,0.0,0.0],"evs":[0.0,-1.26575,-1.65387]},"85s":{"weight":1.0,"played":[1.0,0.0,0.0],"evs":[0.0,-0.9386,-0.87881]},"86s":{"weight":1.0,"played":[1.0,0.0,0.0],"evs":[0.0,-0.26987,-0.20072]},"87s":{"weight":1.0,"played":[0.0,0.0,1.0],"evs":[0.0,0.34807,0.41608]},"88":{"weight":1.0,"played":[0.0,1.0E-4,0.9999],"evs":[0.0,6.97657,7.17283]},"98o":{"weight":1.0,"played":[1.0,0.0,0.0],"evs":[0.0,-0.79173,-0.68799]},"T8o":{"weight":1.0,"played":[1.0,0.0,0.0],"evs":[0.0,-0.68796,-0.6181]},"J8o":{"weight":1.0,"played":[1.0,0.0,0.0],"evs":[0.0,-0.64259,-0.59359]},"Q8o":{"weight":1.0,"played":[1.0,0.0,0.0],"evs":[0.0,-0.30145,-0.28749]},"K8o":{"weight":1.0,"played":[0.0,0.001,0.999],"evs":[0.0,0.63401,0.70555]},"A8o":{"weight":1.0,"played":[0.0,0.0,1.0],"evs":[0.0,3.48643,3.61553]},"92s":{"weight":1.0,"played":[1.0,0.0,0.0],"evs":[0.0,-1.28924,-2.24951]},"93s":{"weight":1.0,"played":[1.0,0.0,0.0],"evs":[0.0,-1.23094,-1.9515]},"94s":{"weight":1.0,"played":[1.0,0.0,0.0],"evs":[0.0,-1.19633,-1.81542]},"95s":{"weight":1.0,"played":[1.0,0.0,0.0],"evs":[0.0,-1.04777,-1.02957]},"96s":{"weight":1.0,"played":[1.0,0.0,0.0],"evs":[0.0,-0.50414,-0.37911]},"97s":{"weight":1.0,"played":[0.0,0.0,0.9999],"evs":[0.0,0.13616,0.25978]},"98s":{"weight":1.0,"played":[0.0,0.0,1.0],"evs":[0.0,0.7805,0.93192]},"99":{"weight":1.0,"played":[0.0,0.0,1.0],"evs":[0.0,8.49262,8.65847]},"T9o":{"weight":1.0,"played":[0.0,0.0,1.0],"evs":[0.0,0.05873,0.22505]},"J9o":{"weight":1.0,"played":[0.0,0.0,1.0],"evs":[0.0,0.17094,0.29512]},"Q9o":{"weight":1.0,"played":[0.0,1.0E-4,0.9999],"evs":[0.0,0.64487,0.69283]},"K9o":{"weight":1.0,"played":[0.0,0.0,1.0],"evs":[0.0,1.74394,1.83149]},"A9o":{"weight":1.0,"played":[0.0,0.0,1.0],"evs":[0.0,4.359,4.3913]},"T2s":{"weight":1.0,"played":[1.0,0.0,0.0],"evs":[0.0,-1.15362,-1.80535]},"T3s":{"weight":1.0,"played":[1.0,0.0,0.0],"evs":[0.0,-1.08595,-1.5276]},"T4s":{"weight":1.0,"played":[1.0,0.0,0.0],"evs":[0.0,-1.03876,-1.29337]},"T5s":{"weight":1.0,"played":[1.0,0.0,0.0],"evs":[0.0,-0.99316,-1.09955]},"T6s":{"weight":1.0,"played":[1.0,0.0,0.0],"evs":[0.0,-0.50771,-0.38543]},"T7s":{"weight":1.0,"played":[1.0E-4,1.0E-4,0.9998],"evs":[0.0,0.14395,0.26367]},"T8s":{"weight":1.0,"played":[0.0,0.0,1.0],"evs":[0.0,0.86592,1.01005]},"T9s":{"weight":1.0,"played":[0.0,1.0E-4,0.9999],"evs":[0.0,1.60273,1.77379]},"TT":{"weight":1.0,"played":[0.0,1.0E-4,0.9999],"evs":[0.0,10.30889,10.42967]},"JTo":{"weight":1.0,"played":[0.0,2.0E-4,0.9998],"evs":[0.0,1.43793,1.48959]},"QTo":{"weight":1.0,"played":[0.0,0.0,1.0],"evs":[0.0,1.95414,2.02242]},"KTo":{"weight":1.0,"played":[0.0,0.0,1.0],"evs":[0.0,3.14048,3.24468]},"ATo":{"weight":1.0,"played":[0.0,0.0,1.0],"evs":[0.0,5.81608,5.88138]},"J2s":{"weight":1.0,"played":[1.0,0.0,0.0],"evs":[0.0,-1.0115,-1.35665]},"J3s":{"weight":1.0,"played":[1.0,0.0,0.0],"evs":[0.0,-0.92874,-1.04883]},"J4s":{"weight":1.0,"played":[1.0,0.0,0.0],"evs":[0.0,-0.85836,-0.81861]},"J5s":{"weight":1.0,"played":[1.0,0.0,0.0],"evs":[0.0,-0.62333,-0.5468]},"J6s":{"weight":1.0,"played":[1.0,0.0,0.0],"evs":[0.0,-0.47749,-0.38361]},"J7s":{"weight":1.0,"played":[0.0,1.0E-4,0.9999],"evs":[0.0,0.1095,0.22635]},"J8s":{"weight":1.0,"played":[0.0,0.0,1.0],"evs":[0.0,0.87464,1.02557]},"J9s":{"weight":1.0,"played":[0.0,0.0,1.0],"evs":[0.0,1.7359,1.86614]},"JTs":{"weight":1.0,"played":[0.0,3.0E-4,0.9997],"evs":[0.0,2.88964,2.9422]},"JJ":{"weight":1.0,"played":[0.0,0.0013,0.9987],"evs":[0.0,12.07744,12.16472]},"QJo":{"weight":1.0,"played":[0.0,1.0E-4,0.9999],"evs":[0.0,2.63606,2.70264]},"KJo":{"weight":1.0,"played":[0.0,0.0,1.0],"evs":[0.0,3.87325,3.97275]},"AJo":{"weight":1.0,"played":[0.0,1.0E-4,0.9999],"evs":[0.0,6.67341,6.7285]},"Q2s":{"weight":1.0,"played":[1.0,0.0,0.0],"evs":[0.0,-0.69506,-0.73057]},"Q3s":{"weight":1.0,"played":[1.0,0.0,0.0],"evs":[0.0,-0.49443,-0.43609]},"Q4s":{"weight":1.0,"played":[0.9997,1.0E-4,2.0E-4],"evs":[0.0,-0.28723,-0.21697]},"Q5s":{"weight":1.0,"played":[0.0,0.0,1.0],"evs":[0.0,0.08087,0.15034]},"Q6s":{"weight":1.0,"played":[0.0,3.0E-4,0.9997],"evs":[0.0,0.31121,0.38085]},"Q7s":{"weight":1.0,"played":[0.0,0.0,1.0],"evs":[0.0,0.46166,0.54531]},"Q8s":{"weight":1.0,"played":[0.0,2.0E-4,0.9998],"evs":[0.0,1.26803,1.3555]},"Q9s":{"weight":1.0,"played":[0.0,6.0E-4,0.9994],"evs":[0.0,2.24871,2.30327]},"QTs":{"weight":1.0,"played":[0.0,0.0,1.0],"evs":[0.0,3.41737,3.49005]},"QJs":{"weight":1.0,"played":[0.0,1.0E-4,0.9999],"evs":[0.0,4.04666,4.11623]},"QQ":{"weight":1.0,"played":[0.0,0.0011,0.9989],"evs":[0.0,13.91298,13.99471]},"KQo":{"weight":1.0,"played":[0.0,1.0E-4,0.9999],"evs":[0.0,4.63062,4.74287]},"AQo":{"weight":1.0,"played":[0.0,1.0E-4,0.9999],"evs":[0.0,7.5503,7.62017]},"K2s":{"weight":1.0,"played":[0.0,0.0,1.0],"evs":[0.0,0.29015,0.39347]},"K3s":{"weight":1.0,"played":[0.0,0.0,1.0],"evs":[0.0,0.55446,0.65672]},"K4s":{"weight":1.0,"played":[0.0,0.0,1.0],"evs":[0.0,0.81746,0.92637]},"K5s":{"weight":1.0,"played":[0.0,0.0,1.0],"evs":[0.0,1.13719,1.2678]},"K6s":{"weight":1.0,"played":[0.0,0.0,1.0],"evs":[0.0,1.46549,1.58667]},"K7s":{"weight":1.0,"played":[0.0,0.0,1.0],"evs":[0.0,1.76818,1.90446]},"K8s":{"weight":1.0,"played":[0.0,0.0,1.0],"evs":[0.0,2.16162,2.31545]},"K9s":{"weight":1.0,"played":[0.0,1.0E-4,0.9999],"evs":[0.0,3.33582,3.42371]},"KTs":{"weight":1.0,"played":[0.0,2.0E-4,0.9998],"evs":[0.0,4.5658,4.67592]},"KJs":{"weight":1.0,"played":[0.0,0.0,1.0],"evs":[0.0,5.26841,5.37575]},"KQs":{"weight":1.0,"played":[0.0,0.0,1.0],"evs":[0.0,5.97519,6.09739]},"KK":{"weight":1.0,"played":[0.0,0.0,1.0],"evs":[0.0,16.18481,16.28138]},"AKo":{"weight":1.0,"played":[0.0,0.0,1.0],"evs":[0.0,8.60266,8.67526]},"A2s":{"weight":1.0,"played":[0.0,0.0,1.0],"evs":[0.0,2.74811,2.86663]},"A3s":{"weight":1.0,"played":[0.0,0.0,1.0],"evs":[0.0,3.05132,3.1626]},"A4s":{"weight":1.0,"played":[0.0,0.0,1.0],"evs":[0.0,3.37717,3.48992]},"A5s":{"weight":1.0,"played":[0.0,1.0E-4,0.9999],"evs":[0.0,3.76332,3.87603]},"A6s":{"weight":1.0,"played":[0.0,0.0,1.0],"evs":[0.0,3.65971,3.7749]},"A7s":{"weight":1.0,"played":[0.0,1.0E-4,0.9999],"evs":[0.0,4.26147,4.38371]},"A8s":{"weight":1.0,"played":[0.0,0.0,1.0],"evs":[0.0,4.96038,5.07196]},"A9s":{"weight":1.0,"played":[0.0,1.0E-4,0.9999],"evs":[0.0,5.77027,5.81949]},"ATs":{"weight":1.0,"played":[0.0,5.0E-4,0.9995],"evs":[0.0,7.14062,7.22605]},"AJs":{"weight":1.0,"played":[0.0,3.0E-4,0.9997],"evs":[0.0,7.94085,8.0092]},"AQs":{"weight":1.0,"played":[0.0,0.0,1.0],"evs":[0.0,8.73815,8.81347]},"AKs":{"weight":1.0,"played":[0.0,0.0,1.0],"evs":[0.0,9.69847,9.77701]},"AA":{"weight":1.0,"played":[0.0,4.0E-4,0.9996],"evs":[0.0,19.34636,19.46067]}}}