{"player":3,"street":0,"children":2,"sequence":[{"player":0,"type":"R","amount":275000,"street":0},{"player":1,"type":"R","amount":1805000,"street":0},{"player":2,"type":"C","amount":0,"street":0}],"actions":[{"type":"F","amount":0,"node":167},{"type":"R","amount":1815000,"node":170}],"hands":{"22":{"weight":1.0,"played":[0.0,1.0],"evs":[0.0,1.93859]},"32o":{"weight":1.0,"played":[1.0,0.0],"evs":[0.0,-5.35163]},"42o":{"weight":1.0,"played":[1.0,0.0],"evs":[0.0,-4.98206]},"52o":{"weight":1.0,"played":[1.0,0.0],"evs":[0.0,-4.60874]},"62o":{"weight":1.0,"played":[1.0,0.0],"evs":[0.0,-5.30705]},"72o":{"weight":1.0,"played":[1.0,0.0],"evs":[0.0,-6.09884]},"82o":{"weight":1.0,"played":[1.0,0.0],"evs":[0.0,-5.66933]},"92o":{"weight":1.0,"played":[1.0,0.0],"evs":[0.0,-5.55287]},"T2o":{"weight":1.0,"played":[1.0,0.0],"evs":[0.0,-5.04983]},"J2o":{"weight":1.0,"played":[1.0,0.0],"evs":[0.0,-4.40395]},"Q2o":{"weight":1.0,"played":[1.0,0.0],"evs":[0.0,-3.52938]},"K2o":{"weight":1.0,"played":[1.0,0.0],"evs":[0.0,-2.33581]},"A2o":{"weight":1.0,"played":[0.0,1.0],"evs":[0.0,1.02923]},"32s":{"weight":1.0,"played":[1.0,0.0],"evs":[0.0,-2.85728]},"33":{"weight":1.0,"played":[0.0,1.0],"evs":[0.0,3.0281]},"43o":{"weight":1.0,"played":[1.0,0.0],"evs":[0.0,-3.87604]},"53o":{"weight":1.0,"played":[1.0,0.0],"evs":[0.0,-3.5073]},"63o":{"weight":1.0,"played":[1.0,0.0],"evs":[0.0,-4.15004]},"73o":{"weight":1.0,"played":[1.0,0.0],"evs":[0.0,-5.01294]},"83o":{"weight":1.0,"played":[1.0,0.0],"evs":[0.0,-5.47469]},"93o":{"weight":1.0,"played":[1.0,0.0],"evs":[0.0,-5.13952]},"T3o":{"weight":1.0,"played":[1.0,0.0],"evs":[0.0,-4.65054]},"J3o":{"weight":1.0,"played":[1.0,0.0],"evs":[0.0,-3.95041]},"Q3o":{"weight":1.0,"played":[1.0,0.0],"evs":[0.0,-3.15322]},"K3o":{"weight":1.0,"played":[1.0,0.0],"evs":[0.0,-1.9048]},"A3o":{"weight":1.0,"played":[0.0,1.0],"evs":[0.0,1.53007]},"42s":{"weight":1.0,"played":[1.0,0.0],"evs":[0.0,-2.38181]},"43s":{"weight":1.0,"played":[1.0,0.0],"evs":[0.0,-1.47741]},"44":{"weight":1.0,"played":[0.0,1.0],"evs":[0.0,4.22136]},"54o":{"weight":1.0,"played":[1.0,0.0],"evs":[0.0,-2.45448]},"64o":{"weight":1.0,"played":[1.0,0.0],"evs":[0.0,-3.12144]},"74o":{"weight":1.0,"played":[1.0,0.0],"evs":[0.0,-3.92065]},"84o":{"weight":1.0,"played":[1.0,0.0],"evs":[0.0,-4.37248]},"94o":{"weight":1.0,"played":[1.0,0.0],"evs":[0.0,-4.98488]},"T4o":{"weight":1.0,"played":[1.0,0.0],"evs":[0.0,-4.27282]},"J4o":{"weight":1.0,"played":[1.0,0.0],"evs":[0.0,-3.61085]},"Q4o":{"weight":1.0,"played":[1.0,0.0],"evs":[0.0,-2.72266]},"K4o":{"weight":1.0,"played":[1.0,0.0],"evs":[0.0,-1.53381]},"A4o":{"weight":1.0,"played":[0.0,1.0],"evs":[0.0,1.88314]},"52s":{"weight":1.0,"played":[1.0,0.0],"evs":[0.0,-2.12877]},"53s":{"weight":1.0,"played":[1.0,0.0],"evs":[0.0,-1.06646]},"54s":{"weight":1.0,"played":[0.9999,1.0E-4],"evs":[0.0,-0.11312]},"55":{"weight":1.0,"played":[0.0,1.0],"evs":[0.0,5.36504]},"65o":{"weight":1.0,"played":[1.0,0.0],"evs":[0.0,-2.12893]},"75o":{"weight":1.0,"played":[1.0,0.0],"evs":[0.0,-2.79777]},"85o":{"weight":1.0,"played":[1.0,0.0],"evs":[0.0,-3.29278]},"95o":{"weight":1.0,"played":[1.0,0.0],"evs":[0.0,-3.89691]},"T5o":{"weight":1.0,"played":[1.0,0.0],"evs":[0.0,-4.07058]},"J5o":{"weight":1.0,"played":[1.0,0.0],"evs":[0.0,-3.26561]},"Q5o":{"weight":1.0,"played":[1.0,0.0],"evs":[0.0,-2.35957]},"K5o":{"weight":1.0,"played":[1.0,0.0],"evs":[0.0,-1.04799]},"A5o":{"weight":1.0,"played":[0.0,1.0],"evs":[0.0,2.47659]},"62s":{"weight":1.0,"played":[1.0,0.0],"evs":[0.0,-2.73115]},"63s":{"weight":1.0,"played":[1.0,0.0],"evs":[0.0,-1.75691]},"64s":{"weight":1.0,"played":[1.0,0.0],"evs":[0.0,-0.68038]},"65s":{"weight":1.0,"played":[0.0045,0.9955],"evs":[0.0,0.20645]},"66":{"weight":1.0,"played":[0.0,1.0],"evs":[0.0,6.46338]},"76o":{"weight":1.0,"played":[1.0,0.0],"evs":[0.0,-1.93904]},"86o":{"weight":1.0,"played":[1.0,0.0],"evs":[0.0,-2.32839]},"96o":{"weight":1.0,"played":[1.0,0.0],"evs":[0.0,-2.91466]},"T6o":{"weight":1.0,"played":[1.0,0.0],"evs":[0.0,-3.09831]},"J6o":{"weight":1.0,"played":[1.0,0.0],"evs":[0.0,-3.06072]},"Q6o":{"weight":1.0,"played":[1.0,0.0],"evs":[0.0,-2.01791]},"K6o":{"weight":1.0,"played":[1.0,0.0],"evs":[0.0,-0.61757]},"A6o":{"weight":1.0,"played":[0.0,1.0],"evs":[0.0,2.27491]},"72s":{"weight":1.0,"played":[1.0,0.0],"evs":[0.0,-3.48075]},"73s":{"weight":1.0,"played":[1.0,0.0],"evs":[0.0,-2.56969]},"74s":{"weight":1.0,"played":[1.0,0.0],"evs":[0.0,-1.45242]},"75s":{"weight":1.0,"played":[0.9999,1.0E-4],"evs":[0.0,-0.51333]},"76s":{"weight":1.0,"played":[2.0E-4,0.9998],"evs":[0.0,0.42344]},"77":{"weight":1.0,"played":[0.0,1.0],"evs":[0.0,7.79765]},"87o":{"weight":1.0,"played":[1.0,0.0],"evs":[0.0,-1.69612]},"97o":{"weight":1.0,"played":[1.0,0.0],"evs":[0.0,-2.16764]},"T7o":{"weight":1.0,"played":[1.0,0.0],"evs":[0.0,-2.33933]},"J7o":{"weight":1.0,"played":[1.0,0.0],"evs":[0.0,-2.30506]},"Q7o":{"weight":1.0,"played":[1.0,0.0],"evs":[0.0,-1.98289]},"K7o":{"weight":1.0,"played":[0.9998,2.0E-4],"evs":[0.0,-0.26625]},"A7o":{"weight":1.0,"played":[0.0,1.0],"evs":[0.0,3.20328]},"82s":{"weight":1.0,"played":[1.0,0.0],"evs":[0.0,-3.15334]},"83s":{"weight":1.0,"played":[1.0,0.0],"evs":[0.0,-2.89231]},"84s":{"weight":1.0,"played":[1.0,0.0],"evs":[0.0,-1.87962]},"85s":{"weight":1.0,"played":[1.0,0.0],"evs":[0.0,-0.9218]},"86s":{"weight":1.0,"played":[0.0771,0.9229],"evs":[0.0,0.05612]},"87s":{"weight":1.0,"played":[0.0,1.0],"evs":[0.0,0.62425]},"88":{"weight":1.0,"played":[0.0,1.0],"evs":[0.0,9.49993]},"98o":{"weight":1.0,"played":[1.0,0.0],"evs":[0.0,-1.22334]},"T8o":{"weight":1.0,"played":[1.0,0.0],"evs":[0.0,-1.24972]},"J8o":{"weight":1.0,"played":[1.0,0.0],"evs":[0.0,-1.15614]},"Q8o":{"weight":1.0,"played":[1.0,0.0],"evs":[0.0,-0.82245]},"K8o":{"weight":1.0,"played":[0.0,1.0],"evs":[0.0,0.337]},"A8o":{"weight":1.0,"played":[0.0,1.0],"evs":[0.0,4.24772]},"92s":{"weight":1.0,"played":[1.0,0.0],"evs":[0.0,-2.96545]},"93s":{"weight":1.0,"played":[1.0,0.0],"evs":[0.0,-2.64373]},"94s":{"weight":1.0,"played":[1.0,0.0],"evs":[0.0,-2.4319]},"95s":{"weight":1.0,"played":[1.0,0.0],"evs":[0.0,-1.42221]},"96s":{"weight":1.0,"played":[1.0,0.0],"evs":[0.0,-0.51564]},"97s":{"weight":1.0,"played":[5.0E-4,0.9995],"evs":[0.0,0.19374]},"98s":{"weight":1.0,"played":[0.0,1.0],"evs":[0.0,1.05115]},"99":{"weight":1.0,"played":[0.0,1.0],"evs":[0.0,11.54261]},"T9o":{"weight":1.0,"played":[0.9987,0.0013],"evs":[0.0,-0.20291]},"J9o":{"weight":1.0,"played":[0.7066,0.2934],"evs":[0.0,-0.01884]},"Q9o":{"weight":1.0,"played":[0.0,1.0],"evs":[0.0,0.46503]},"K9o":{"weight":1.0,"played":[0.0,1.0],"evs":[0.0,1.93996]},"A9o":{"weight":1.0,"played":[0.0,1.0],"evs":[0.0,5.51331]},"T2s":{"weight":1.0,"played":[1.0,0.0],"evs":[0.0,-2.42091]},"T3s":{"weight":1.0,"played":[1.0,0.0],"evs":[0.0,-2.1491]},"T4s":{"weight":1.0,"played":[1.0,0.0],"evs":[0.0,-1.7664]},"T5s":{"weight":1.0,"played":[1.0,0.0],"evs":[0.0,-1.59677]},"T6s":{"weight":1.0,"played":[1.0,0.0],"evs":[0.0,-0.64889]},"T7s":{"weight":1.0,"played":[0.6515,0.3485],"evs":[0.0,-0.04133]},"T8s":{"weight":1.0,"played":[0.0,1.0],"evs":[0.0,1.06397]},"T9s":{"weight":1.0,"played":[0.0,1.0],"evs":[0.0,1.99002]},"TT":{"weight":1.0,"played":[0.0,1.0],"evs":[0.0,14.24029]},"JTo":{"weight":1.0,"played":[0.0,1.0],"evs":[0.0,1.60931]},"QTo":{"weight":1.0,"played":[0.0,1.0],"evs":[0.0,2.28369]},"KTo":{"weight":1.0,"played":[0.0,1.0],"evs":[0.0,3.91093]},"ATo":{"weight":1.0,"played":[0.0,1.0],"evs":[0.0,7.68672]},"J2s":{"weight":1.0,"played":[1.0,0.0],"evs":[0.0,-1.79904]},"J3s":{"weight":1.0,"played":[1.0,0.0],"evs":[0.0,-1.43131]},"J4s":{"weight":1.0,"played":[1.0,0.0],"evs":[0.0,-1.08359]},"J5s":{"weight":1.0,"played":[0.9999,1.0E-4],"evs":[0.0,-0.8129]},"J6s":{"weight":1.0,"played":[1.0,0.0],"evs":[0.0,-0.62886]},"J7s":{"weight":1.0,"played":[0.0,1.0],"evs":[0.0,0.14043]},"J8s":{"weight":1.0,"played":[0.0,1.0],"evs":[0.0,1.2044]},"J9s":{"weight":1.0,"played":[0.0,1.0],"evs":[0.0,2.24122]},"JTs":{"weight":1.0,"played":[0.0,1.0],"evs":[0.0,3.74957]},"JJ":{"weight":1.0,"played":[0.0,1.0],"evs":[0.0,16.75579]},"QJo":{"weight":1.0,"played":[0.0,1.0],"evs":[0.0,3.31552]},"KJo":{"weight":1.0,"played":[0.0,1.0],"evs":[0.0,4.99253]},"AJo":{"weight":1.0,"played":[0.0,1.0],"evs":[0.0,8.94]},"Q2s":{"weight":1.0,"played":[1.0,0.0],"evs":[0.0,-0.92759]},"Q3s":{"weight":1.0,"played":[1.0,0.0],"evs":[0.0,-0.62964]},"Q4s":{"weight":1.0,"played":[1.0,0.0],"evs":[0.0,-0.26588]},"Q5s":{"weight":1.0,"played":[1.0E-4,0.9999],"evs":[0.0,0.12398]},"Q6s":{"weight":1.0,"played":[4.0E-4,0.9996],"evs":[0.0,0.43815]},"Q7s":{"weight":1.0,"played":[0.0,1.0],"evs":[0.0,0.46638]},"Q8s":{"weight":1.0,"played":[0.0,1.0],"evs":[0.0,1.52818]},"Q9s":{"weight":1.0,"played":[0.0,1.0],"evs":[0.0,2.81959]},"QTs":{"weight":1.0,"played":[0.0,1.0],"evs":[0.0,4.4472]},"QJs":{"weight":1.0,"played":[0.0,1.0],"evs":[0.0,5.36644]},"QQ":{"weight":1.0,"played":[0.0,1.0],"evs":[0.0,19.58024]},"KQo":{"weight":1.0,"played":[0.0,1.0],"evs":[0.0,6.09501]},"AQo":{"weight":1.0,"played":[0.0,1.0],"evs":[0.0,10.28601]},"K2s":{"weight":1.0,"played":[0.0,1.0],"evs":[0.0,0.19608]},"K3s":{"weight":1.0,"played":[0.0,1.0],"evs":[0.0,0.61857]},"K4s":{"weight":1.0,"played":[0.0,1.0],"evs":[0.0,1.02096]},"K5s":{"weight":1.0,"played":[0.0,1.0],"evs":[0.0,1.40048]},"K6s":{"weight":1.0,"played":[0.0,1.0],"evs":[0.0,1.81038]},"K7s":{"weight":1.0,"played":[0.0,1.0],"evs":[0.0,2.15216]},"K8s":{"weight":1.0,"played":[0.0,1.0],"evs":[0.0,2.77137]},"K9s":{"weight":1.0,"played":[0.0,1.0],"evs":[0.0,4.1889]},"KTs":{"weight":1.0,"played":[0.0,1.0],"evs":[0.0,6.02577]},"KJs":{"weight":1.0,"played":[0.0,1.0],"evs":[0.0,7.03246]},"KQs":{"weight":1.0,"played":[0.0,1.0],"evs":[0.0,8.09192]},"KK":{"weight":1.0,"played":[0.0,1.0],"evs":[0.0,23.05352]},"AKo":{"weight":1.0,"played":[0.0,1.0],"evs":[0.0,11.89817]},"A2s":{"weight":1.0,"played":[0.0,1.0],"evs":[0.0,3.53443]},"A3s":{"weight":1.0,"played":[0.0,1.0],"evs":[0.0,3.88452]},"A4s":{"weight":1.0,"played":[0.0,1.0],"evs":[0.0,4.30878]},"A5s":{"weight":1.0,"played":[0.0,1.0],"evs":[0.0,4.8382]},"A6s":{"weight":1.0,"played":[0.0,1.0],"evs":[0.0,4.61198]},"A7s":{"weight":1.0,"played":[0.0,1.0],"evs":[0.0,5.44297]},"A8s":{"weight":1.0,"played":[0.0,1.0],"evs":[0.0,6.5084]},"A9s":{"weight":1.0,"played":[0.0,1.0],"evs":[0.0,7.64663]},"ATs":{"weight":1.0,"played":[0.0,1.0],"evs":[0.0,9.60878]},"AJs":{"weight":1.0,"played":[0.0,1.0],"evs":[0.0,10.82428]},"AQs":{"weight":1.0,"played":[0.0,1.0],"evs":[0.0,12.12033]},"AKs":{"weight":1.0,"played":[0.0,1.0],"evs":[0.0,13.54404]},"AA":{"weight":1.0,"played":[0.0,1.0],"evs":[0.0,28.37291]}}}