{"player":5,"street":0,"children":2,"sequence":[{"player":0,"type":"R","amount":275000,"street":0},{"player":1,"type":"R","amount":1805000,"street":0},{"player":2,"type":"C","amount":0,"street":0},{"player":3,"type":"F","amount":0,"street":0},{"player":4,"type":"C","amount":1755000,"street":0}],"actions":[{"type":"F","amount":0},{"type":"C","amount":345000}],"hands":{"22":{"weight":1.0,"played":[0.0,1.0],"evs":[0.0,1.84144]},"32o":{"weight":1.0,"played":[0.5621,0.4379],"evs":[0.0,-0.00315]},"42o":{"weight":1.0,"played":[1.0E-4,0.9999],"evs":[0.0,0.16121]},"52o":{"weight":1.0,"played":[0.0,1.0],"evs":[0.0,0.32112]},"62o":{"weight":1.0,"played":[0.6511,0.3489],"evs":[0.0,-0.01698]},"72o":{"weight":1.0,"played":[1.0,0.0],"evs":[0.0,-0.37432]},"82o":{"weight":1.0,"played":[1.0,0.0],"evs":[0.0,-0.22478]},"92o":{"weight":1.0,"played":[1.0,0.0],"evs":[0.0,-0.2449]},"T2o":{"weight":1.0,"played":[0.9983,0.0017],"evs":[0.0,-0.04899]},"J2o":{"weight":1.0,"played":[1.0E-4,0.9999],"evs":[0.0,0.14317]},"Q2o":{"weight":1.0,"played":[0.0,1.0],"evs":[0.0,0.22167]},"K2o":{"weight":1.0,"played":[0.0,1.0],"evs":[0.0,0.40307]},"A2o":{"weight":1.0,"played":[0.0,1.0],"evs":[0.0,1.18803]},"32s":{"weight":1.0,"played":[0.0,1.0],"evs":[0.0,0.9251]},"33":{"weight":1.0,"played":[0.0,1.0],"evs":[0.0,2.17984]},"43o":{"weight":1.0,"played":[0.0,1.0],"evs":[0.0,0.51794]},"53o":{"weight":1.0,"played":[0.0,1.0],"evs":[0.0,0.71604]},"63o":{"weight":1.0,"played":[0.0,1.0],"evs":[0.0,0.44092]},"73o":{"weight":1.0,"played":[7.0E-4,0.9993],"evs":[0.0,0.06432]},"83o":{"weight":1.0,"played":[0.9999,1.0E-4],"evs":[0.0,-0.15458]},"93o":{"weight":1.0,"played":[0.9997,3.0E-4],"evs":[0.0,-0.076]},"T3o":{"weight":1.0,"played":[3.0E-4,0.9997],"evs":[0.0,0.09883]},"J3o":{"weight":1.0,"played":[0.0,1.0],"evs":[0.0,0.2675]},"Q3o":{"weight":1.0,"played":[0.0,1.0],"evs":[0.0,0.36896]},"K3o":{"weight":1.0,"played":[0.0,1.0],"evs":[0.0,0.53081]},"A3o":{"weight":1.0,"played":[0.0,1.0],"evs":[0.0,1.40636]},"42s":{"weight":1.0,"played":[0.0,1.0],"evs":[0.0,1.08894]},"43s":{"weight":1.0,"played":[0.0,1.0],"evs":[0.0,1.53559]},"44":{"weight":1.0,"played":[0.0,1.0],"evs":[0.0,2.60376]},"54o":{"weight":1.0,"played":[0.0,1.0],"evs":[0.0,1.07454]},"64o":{"weight":1.0,"played":[0.0,1.0],"evs":[0.0,0.84422]},"74o":{"weight":1.0,"played":[0.0,1.0],"evs":[0.0,0.51295]},"84o":{"weight":1.0,"played":[0.0,1.0],"evs":[0.0,0.25549]},"94o":{"weight":1.0,"played":[1.0,0.0],"evs":[0.0,-0.01188]},"T4o":{"weight":1.0,"played":[0.0,1.0],"evs":[0.0,0.22741]},"J4o":{"weight":1.0,"played":[0.0,1.0],"evs":[0.0,0.41007]},"Q4o":{"weight":1.0,"played":[0.0,1.0],"evs":[0.0,0.52323]},"K4o":{"weight":1.0,"played":[0.0,1.0],"evs":[0.0,0.64307]},"A4o":{"weight":1.0,"played":[0.0,1.0],"evs":[0.0,1.57089]},"52s":{"weight":1.0,"played":[0.0,1.0],"evs":[0.0,1.27428]},"53s":{"weight":1.0,"played":[0.0,1.0],"evs":[0.0,1.66125]},"54s":{"weight":1.0,"played":[0.0,1.0],"evs":[0.0,2.03316]},"55":{"weight":1.0,"played":[0.0,1.0],"evs":[0.0,2.94542]},"65o":{"weight":1.0,"played":[0.0,1.0],"evs":[0.0,1.22429]},"75o":{"weight":1.0,"played":[0.0,1.0],"evs":[0.0,0.91274]},"85o":{"weight":1.0,"played":[0.0,1.0],"evs":[0.0,0.69681]},"95o":{"weight":1.0,"played":[0.0,1.0],"evs":[0.0,0.38582]},"T5o":{"weight":1.0,"played":[0.0,1.0],"evs":[0.0,0.30541]},"J5o":{"weight":1.0,"played":[0.0,1.0],"evs":[0.0,0.51544]},"Q5o":{"weight":1.0,"played":[0.0,1.0],"evs":[0.0,0.66941]},"K5o":{"weight":1.0,"played":[0.0,1.0],"evs":[0.0,0.83433]},"A5o":{"weight":1.0,"played":[0.0,1.0],"evs":[0.0,1.79015]},"62s":{"weight":1.0,"played":[0.0,1.0],"evs":[0.0,0.98795]},"63s":{"weight":1.0,"played":[0.0,1.0],"evs":[0.0,1.41674]},"64s":{"weight":1.0,"played":[0.0,1.0],"evs":[0.0,1.76276]},"65s":{"weight":1.0,"played":[0.0,1.0],"evs":[0.0,2.11651]},"66":{"weight":1.0,"played":[0.0,1.0],"evs":[0.0,3.30693]},"76o":{"weight":1.0,"played":[0.0,1.0],"evs":[0.0,1.21638]},"86o":{"weight":1.0,"played":[0.0,1.0],"evs":[0.0,1.04296]},"96o":{"weight":1.0,"played":[0.0,1.0],"evs":[0.0,0.78696]},"T6o":{"weight":1.0,"played":[0.0,1.0],"evs":[0.0,0.69183]},"J6o":{"weight":1.0,"played":[0.0,1.0],"evs":[0.0,0.58016]},"Q6o":{"weight":1.0,"played":[0.0,1.0],"evs":[0.0,0.81325]},"K6o":{"weight":1.0,"played":[0.0,1.0],"evs":[0.0,1.01586]},"A6o":{"weight":1.0,"played":[0.0,1.0],"evs":[0.0,1.64704]},"72s":{"weight":1.0,"played":[0.0,1.0],"evs":[0.0,0.67966]},"73s":{"weight":1.0,"played":[0.0,1.0],"evs":[0.0,1.09412]},"74s":{"weight":1.0,"played":[0.0,1.0],"evs":[0.0,1.51065]},"75s":{"weight":1.0,"played":[0.0,1.0],"evs":[0.0,1.94619]},"76s":{"weight":1.0,"played":[0.0,1.0],"evs":[0.0,2.17638]},"77":{"weight":1.0,"played":[0.0,1.0],"evs":[0.0,3.69773]},"87o":{"weight":1.0,"played":[0.0,1.0],"evs":[0.0,1.27831]},"97o":{"weight":1.0,"played":[0.0,1.0],"evs":[0.0,1.06062]},"T7o":{"weight":1.0,"played":[0.0,1.0],"evs":[0.0,0.97914]},"J7o":{"weight":1.0,"played":[0.0,1.0],"evs":[0.0,0.86054]},"Q7o":{"weight":1.0,"played":[0.0,1.0],"evs":[0.0,0.77732]},"K7o":{"weight":1.0,"played":[0.0,1.0],"evs":[0.0,1.10918]},"A7o":{"weight":1.0,"played":[0.0,1.0],"evs":[0.0,1.92854]},"82s":{"weight":1.0,"played":[0.0,1.0],"evs":[0.0,0.79032]},"83s":{"weight":1.0,"played":[0.0,1.0],"evs":[0.0,0.87369]},"84s":{"weight":1.0,"played":[0.0,1.0],"evs":[0.0,1.2421]},"85s":{"weight":1.0,"played":[0.0,1.0],"evs":[0.0,1.66425]},"86s":{"weight":1.0,"played":[0.0,1.0],"evs":[0.0,1.95018]},"87s":{"weight":1.0,"played":[0.0,1.0],"evs":[0.0,2.17566]},"88":{"weight":1.0,"played":[0.0,1.0],"evs":[0.0,4.3278]},"98o":{"weight":1.0,"played":[0.0,1.0],"evs":[0.0,1.41082]},"T8o":{"weight":1.0,"played":[0.0,1.0],"evs":[0.0,1.39461]},"J8o":{"weight":1.0,"played":[0.0,1.0],"evs":[0.0,1.26293]},"Q8o":{"weight":1.0,"played":[0.0,1.0],"evs":[0.0,1.18033]},"K8o":{"weight":1.0,"played":[0.0,1.0],"evs":[0.0,1.29663]},"A8o":{"weight":1.0,"played":[0.0,1.0],"evs":[0.0,2.21866]},"92s":{"weight":1.0,"played":[0.0,1.0],"evs":[0.0,0.85377]},"93s":{"weight":1.0,"played":[0.0,1.0],"evs":[0.0,0.9239]},"94s":{"weight":1.0,"played":[0.0,1.0],"evs":[0.0,1.00101]},"95s":{"weight":1.0,"played":[0.0,1.0],"evs":[0.0,1.42389]},"96s":{"weight":1.0,"played":[0.0,1.0],"evs":[0.0,1.73831]},"97s":{"weight":1.0,"played":[0.0,1.0],"evs":[0.0,2.05995]},"98s":{"weight":1.0,"played":[0.0,1.0],"evs":[0.0,2.26647]},"99":{"weight":1.0,"played":[0.0,1.0],"evs":[0.0,5.09294]},"T9o":{"weight":1.0,"played":[0.0,1.0],"evs":[0.0,1.74804]},"J9o":{"weight":1.0,"played":[0.0,1.0],"evs":[0.0,1.6896]},"Q9o":{"weight":1.0,"played":[0.0,1.0],"evs":[0.0,1.6541]},"K9o":{"weight":1.0,"played":[0.0,1.0],"evs":[0.0,1.84871]},"A9o":{"weight":1.0,"played":[0.0,1.0],"evs":[0.0,2.60964]},"T2s":{"weight":1.0,"played":[0.0,1.0],"evs":[0.0,0.96339]},"T3s":{"weight":1.0,"played":[0.0,1.0],"evs":[0.0,1.13688]},"T4s":{"weight":1.0,"played":[0.0,1.0],"evs":[0.0,1.25712]},"T5s":{"weight":1.0,"played":[0.0,1.0],"evs":[0.0,1.31409]},"T6s":{"weight":1.0,"played":[0.0,1.0],"evs":[0.0,1.68737]},"T7s":{"weight":1.0,"played":[0.0,1.0],"evs":[0.0,1.92478]},"T8s":{"weight":1.0,"played":[0.0,1.0],"evs":[0.0,2.34107]},"T9s":{"weight":1.0,"played":[0.0,1.0],"evs":[0.0,2.64751]},"TT":{"weight":1.0,"played":[0.0,1.0],"evs":[0.0,6.0847]},"JTo":{"weight":1.0,"played":[0.0,1.0],"evs":[0.0,2.28208]},"QTo":{"weight":1.0,"played":[0.0,1.0],"evs":[0.0,2.34933]},"KTo":{"weight":1.0,"played":[0.0,1.0],"evs":[0.0,2.57804]},"ATo":{"weight":1.0,"played":[0.0,1.0],"evs":[0.0,3.51272]},"J2s":{"weight":1.0,"played":[0.0,1.0],"evs":[0.0,1.18682]},"J3s":{"weight":1.0,"played":[0.0,1.0],"evs":[0.0,1.33773]},"J4s":{"weight":1.0,"played":[0.0,1.0],"evs":[0.0,1.39426]},"J5s":{"weight":1.0,"played":[0.0,1.0],"evs":[0.0,1.50753]},"J6s":{"weight":1.0,"played":[0.0,1.0],"evs":[0.0,1.59768]},"J7s":{"weight":1.0,"played":[0.0,1.0],"evs":[0.0,1.82946]},"J8s":{"weight":1.0,"played":[0.0,1.0],"evs":[0.0,2.23362]},"J9s":{"weight":1.0,"played":[0.0,1.0],"evs":[0.0,2.5933]},"JTs":{"weight":1.0,"played":[0.0,1.0],"evs":[0.0,3.16639]},"JJ":{"weight":1.0,"played":[0.0,1.0],"evs":[0.0,7.08509]},"QJo":{"weight":1.0,"played":[0.0,1.0],"evs":[0.0,2.67622]},"KJo":{"weight":1.0,"played":[0.0,1.0],"evs":[0.0,2.98907]},"AJo":{"weight":1.0,"played":[0.0,1.0],"evs":[0.0,4.0133]},"Q2s":{"weight":1.0,"played":[0.0,1.0],"evs":[0.0,1.2491]},"Q3s":{"weight":1.0,"played":[0.0,1.0],"evs":[0.0,1.38474]},"Q4s":{"weight":1.0,"played":[0.0,1.0],"evs":[0.0,1.59607]},"Q5s":{"weight":1.0,"played":[0.0,1.0],"evs":[0.0,1.72148]},"Q6s":{"weight":1.0,"played":[0.0,1.0],"evs":[0.0,1.81497]},"Q7s":{"weight":1.0,"played":[0.0,1.0],"evs":[0.0,1.77358]},"Q8s":{"weight":1.0,"played":[0.0,1.0],"evs":[0.0,2.21128]},"Q9s":{"weight":1.0,"played":[0.0,1.0],"evs":[0.0,2.64637]},"QTs":{"weight":1.0,"played":[0.0,1.0],"evs":[0.0,3.23581]},"QJs":{"weight":1.0,"played":[0.0,1.0],"evs":[0.0,3.55944]},"QQ":{"weight":1.0,"played":[0.0,1.0],"evs":[0.0,8.40297]},"KQo":{"weight":1.0,"played":[0.0,1.0],"evs":[0.0,3.42898]},"AQo":{"weight":1.0,"played":[0.0,1.0],"evs":[0.0,4.58461]},"K2s":{"weight":1.0,"played":[0.0,1.0],"evs":[0.0,1.47786]},"K3s":{"weight":1.0,"played":[0.0,1.0],"evs":[0.0,1.63652]},"K4s":{"weight":1.0,"played":[0.0,1.0],"evs":[0.0,1.71535]},"K5s":{"weight":1.0,"played":[0.0,1.0],"evs":[0.0,1.89257]},"K6s":{"weight":1.0,"played":[0.0,1.0],"evs":[0.0,1.98812]},"K7s":{"weight":1.0,"played":[0.0,1.0],"evs":[0.0,2.11836]},"K8s":{"weight":1.0,"played":[0.0,1.0],"evs":[0.0,2.30484]},"K9s":{"weight":1.0,"played":[0.0,1.0],"evs":[0.0,2.9352]},"KTs":{"weight":1.0,"played":[0.0,1.0],"evs":[0.0,3.55973]},"KJs":{"weight":1.0,"played":[0.0,1.0],"evs":[0.0,3.89571]},"KQs":{"weight":1.0,"played":[0.0,1.0],"evs":[0.0,4.26339]},"KK":{"weight":1.0,"played":[0.0,1.0],"evs":[0.0,10.1201]},"AKo":{"weight":1.0,"played":[0.0,1.0],"evs":[0.0,5.23668]},"A2s":{"weight":1.0,"played":[0.0,1.0],"evs":[0.0,2.27092]},"A3s":{"weight":1.0,"played":[0.0,1.0],"evs":[0.0,2.48502]},"A4s":{"weight":1.0,"played":[0.0,1.0],"evs":[0.0,2.6701]},"A5s":{"weight":1.0,"played":[0.0,1.0],"evs":[0.0,2.8074]},"A6s":{"weight":1.0,"played":[0.0,1.0],"evs":[0.0,2.70348]},"A7s":{"weight":1.0,"played":[0.0,1.0],"evs":[0.0,2.93399]},"A8s":{"weight":1.0,"played":[0.0,1.0],"evs":[0.0,3.26821]},"A9s":{"weight":1.0,"played":[0.0,1.0],"evs":[0.0,3.66884]},"ATs":{"weight":1.0,"played":[0.0,1.0],"evs":[0.0,4.44973]},"AJs":{"weight":1.0,"played":[0.0,1.0],"evs":[0.0,4.935]},"AQs":{"weight":1.0,"played":[0.0,1.0],"evs":[0.0,5.5392]},"AKs":{"weight":1.0,"played":[0.0,1.0],"evs":[0.0,6.11512]},"AA":{"weight":1.0,"played":[0.0,1.0],"evs":[0.0,12.74776]}}}