{"player":3,"street":0,"children":2,"sequence":[{"player":0,"type":"F","amount":0,"street":0},{"player":1,"type":"F","amount":0,"street":0},{"player":2,"type":"C","amount":0,"street":0},{"player":3,"type":"C","amount":100000,"street":0},{"player":4,"type":"R","amount":1815000,"street":0},{"player":5,"type":"F","amount":0,"street":0}],"actions":[{"type":"F","amount":0},{"type":"C","amount":1715000}],"hands":{"22":{"weight":0.0,"played":[0.0,1.0],"evs":[0.0,4.74719]},"32o":{"weight":0.0,"played":[1.0,0.0],"evs":[0.0,-5.32442]},"42o":{"weight":0.0,"played":[1.0,0.0],"evs":[0.0,-5.04868]},"52o":{"weight":0.0,"played":[1.0,0.0],"evs":[0.0,-4.42327]},"62o":{"weight":0.0,"played":[1.0,0.0],"evs":[0.0,-4.97008]},"72o":{"weight":0.0,"played":[1.0,0.0],"evs":[0.0,-5.02616]},"82o":{"weight":0.0,"played":[1.0,0.0],"evs":[0.0,-5.01008]},"92o":{"weight":0.0,"played":[1.0,0.0],"evs":[0.0,-4.82798]},"T2o":{"weight":0.0,"played":[1.0,0.0],"evs":[0.0,-3.62892]},"J2o":{"weight":0.0,"played":[1.0,0.0],"evs":[0.0,-2.6612]},"Q2o":{"weight":0.0166,"played":[1.0,0.0],"evs":[0.0,-1.57151]},"K2o":{"weight":0.1302,"played":[0.9997,3.0E-4],"evs":[0.0,-0.49486]},"A2o":{"weight":0.0,"played":[0.0,1.0],"evs":[0.0,3.81641]},"32s":{"weight":0.0,"played":[1.0,0.0],"evs":[0.0,-3.43406]},"33":{"weight":0.0,"played":[1.0E-4,0.9999],"evs":[0.0,5.58043]},"43o":{"weight":0.0,"played":[1.0,0.0],"evs":[0.0,-3.58686]},"53o":{"weight":0.0,"played":[1.0,0.0],"evs":[0.0,-3.56588]},"63o":{"weight":0.0,"played":[1.0,0.0],"evs":[0.0,-3.9125]},"73o":{"weight":0.0,"played":[1.0,0.0],"evs":[0.0,-3.92121]},"83o":{"weight":0.0,"played":[1.0,0.0],"evs":[0.0,-4.57807]},"93o":{"weight":0.0,"played":[1.0,0.0],"evs":[0.0,-4.26908]},"T3o":{"weight":0.0,"played":[1.0,0.0],"evs":[0.0,-3.49381]},"J3o":{"weight":4.0E-4,"played":[1.0,0.0],"evs":[0.0,-2.31834]},"Q3o":{"weight":0.3827,"played":[1.0,0.0],"evs":[0.0,-1.11819]},"K3o":{"weight":7.0E-4,"played":[0.9888,0.0112],"evs":[0.0,-0.23085]},"A3o":{"weight":0.0,"played":[0.0,1.0],"evs":[0.0,4.15075]},"42s":{"weight":0.0,"played":[1.0,0.0],"evs":[0.0,-2.50859]},"43s":{"weight":1.0E-4,"played":[0.9999,1.0E-4],"evs":[0.0,-2.00833]},"44":{"weight":0.0,"played":[0.0,1.0],"evs":[0.0,6.5998]},"54o":{"weight":0.0,"played":[1.0,0.0],"evs":[0.0,-2.79349]},"64o":{"weight":0.0,"played":[1.0,0.0],"evs":[0.0,-2.836]},"74o":{"weight":0.0,"played":[1.0,0.0],"evs":[0.0,-3.04263]},"84o":{"weight":0.0,"played":[1.0,0.0],"evs":[0.0,-3.50063]},"94o":{"weight":0.0,"played":[1.0,0.0],"evs":[0.0,-3.98265]},"T4o":{"weight":0.0,"played":[1.0,0.0],"evs":[0.0,-2.87115]},"J4o":{"weight":0.0036,"played":[1.0,0.0],"evs":[0.0,-2.07515]},"Q4o":{"weight":0.0198,"played":[0.9993,7.0E-4],"evs":[0.0,-0.48466]},"K4o":{"weight":0.0,"played":[0.711,0.289],"evs":[0.0,0.01187]},"A4o":{"weight":0.0,"played":[0.0,1.0],"evs":[0.0,4.47202]},"52s":{"weight":0.0,"played":[1.0,0.0],"evs":[0.0,-2.5319]},"53s":{"weight":8.0E-4,"played":[1.0,0.0],"evs":[0.0,-1.33898]},"54s":{"weight":0.9727,"played":[0.9869,0.0131],"evs":[0.0,-0.82626]},"55":{"weight":0.0,"played":[0.0,1.0],"evs":[0.0,7.69142]},"65o":{"weight":0.0,"played":[1.0,0.0],"evs":[0.0,-2.10139]},"75o":{"weight":0.0,"played":[1.0,0.0],"evs":[0.0,-1.97715]},"85o":{"weight":0.0,"played":[1.0,0.0],"evs":[0.0,-2.47524]},"95o":{"weight":0.0,"played":[1.0,0.0],"evs":[0.0,-3.20515]},"T5o":{"weight":3.0E-4,"played":[1.0,0.0],"evs":[0.0,-2.65621]},"J5o":{"weight":0.0152,"played":[0.9999,1.0E-4],"evs":[0.0,-1.51698]},"Q5o":{"weight":0.0022,"played":[0.8454,0.1546],"evs":[0.0,-0.327]},"K5o":{"weight":0.0,"played":[0.0128,0.9872],"evs":[0.0,0.63495]},"A5o":{"weight":0.0,"played":[0.0,1.0],"evs":[0.0,5.25714]},"62s":{"weight":0.0,"played":[1.0,0.0],"evs":[0.0,-2.93858]},"63s":{"weight":0.0,"played":[0.9998,2.0E-4],"evs":[0.0,-1.63164]},"64s":{"weight":0.3086,"played":[0.9715,0.0285],"evs":[0.0,-0.85155]},"65s":{"weight":0.1456,"played":[0.7768,0.2232],"evs":[0.0,-0.25467]},"66":{"weight":1.0E-4,"played":[0.0,1.0],"evs":[0.0,8.12768]},"76o":{"weight":0.0011,"played":[0.9998,2.0E-4],"evs":[0.0,-1.39891]},"86o":{"weight":0.0017,"played":[0.9942,0.0058],"evs":[0.0,-1.61155]},"96o":{"weight":0.0056,"played":[1.0,0.0],"evs":[0.0,-2.27533]},"T6o":{"weight":0.0135,"played":[1.0,0.0],"evs":[0.0,-1.66942]},"J6o":{"weight":0.4906,"played":[1.0,0.0],"evs":[0.0,-1.36099]},"Q6o":{"weight":0.0,"played":[0.616,0.384],"evs":[0.0,0.01617]},"K6o":{"weight":0.0,"played":[8.0E-4,0.9992],"evs":[0.0,1.69997]},"A6o":{"weight":0.0,"played":[0.0,1.0],"evs":[0.0,5.52428]},"72s":{"weight":0.0,"played":[1.0,0.0],"evs":[0.0,-2.53095]},"73s":{"weight":0.0,"played":[0.9986,0.0014],"evs":[0.0,-1.66026]},"74s":{"weight":0.5827,"played":[0.9858,0.0142],"evs":[0.0,-1.29589]},"75s":{"weight":0.4113,"played":[0.9873,0.0127],"evs":[0.0,-0.33219]},"76s":{"weight":9.0E-4,"played":[0.4879,0.5121],"evs":[0.0,0.10154]},"77":{"weight":0.0,"played":[0.0,1.0],"evs":[0.0,9.56757]},"87o":{"weight":0.0025,"played":[0.9999,1.0E-4],"evs":[0.0,-0.90712]},"97o":{"weight":0.0,"played":[0.9998,2.0E-4],"evs":[0.0,-1.08167]},"T7o":{"weight":3.0E-4,"played":[0.9969,0.0031],"evs":[0.0,-1.00557]},"J7o":{"weight":0.0041,"played":[0.998,0.002],"evs":[0.0,-0.45495]},"Q7o":{"weight":0.0,"played":[0.0412,0.9588],"evs":[0.0,0.5492]},"K7o":{"weight":0.0,"played":[0.0,1.0],"evs":[0.0,2.05011]},"A7o":{"weight":0.0,"played":[0.0,1.0],"evs":[0.0,6.54877]},"82s":{"weight":1.0E-4,"played":[1.0,0.0],"evs":[0.0,-2.62256]},"83s":{"weight":0.0,"played":[0.9998,2.0E-4],"evs":[0.0,-2.22565]},"84s":{"weight":0.0265,"played":[0.9968,0.0032],"evs":[0.0,-1.46907]},"85s":{"weight":0.1542,"played":[0.9997,3.0E-4],"evs":[0.0,-0.58946]},"86s":{"weight":0.0205,"played":[0.7844,0.2156],"evs":[0.0,0.1748]},"87s":{"weight":0.0014,"played":[5.0E-4,0.9995],"evs":[0.0,0.65369]},"88":{"weight":1.0E-4,"played":[0.0,1.0],"evs":[0.0,11.04057]},"98o":{"weight":0.0,"played":[0.8576,0.1424],"evs":[0.0,-0.3573]},"T8o":{"weight":0.0,"played":[0.1244,0.8756],"evs":[0.0,0.1088]},"J8o":{"weight":0.0,"played":[0.032,0.968],"evs":[0.0,0.384]},"Q8o":{"weight":0.0469,"played":[0.0,1.0],"evs":[0.0,1.07501]},"K8o":{"weight":1.0E-4,"played":[0.0,1.0],"evs":[0.0,2.85786]},"A8o":{"weight":0.0,"played":[0.0,1.0],"evs":[0.0,7.66884]},"92s":{"weight":5.0E-4,"played":[1.0,0.0],"evs":[0.0,-2.75537]},"93s":{"weight":0.0018,"played":[1.0,0.0],"evs":[0.0,-1.91246]},"94s":{"weight":0.0664,"played":[0.9972,0.0028],"evs":[0.0,-1.91029]},"95s":{"weight":0.0016,"played":[0.9966,0.0034],"evs":[0.0,-0.45516]},"96s":{"weight":0.0014,"played":[0.6014,0.3986],"evs":[0.0,-0.58372]},"97s":{"weight":0.0016,"played":[0.0066,0.9934],"evs":[0.0,0.8572]},"98s":{"weight":3.0E-4,"played":[0.0025,0.9975],"evs":[0.0,1.19241]},"99":{"weight":3.0E-4,"played":[0.0,1.0],"evs":[0.0,12.28807]},"T9o":{"weight":2.0E-4,"played":[0.001,0.999],"evs":[0.0,0.98882]},"J9o":{"weight":0.0341,"played":[4.0E-4,0.9996],"evs":[0.0,1.67896]},"Q9o":{"weight":1.0E-4,"played":[0.0,1.0],"evs":[0.0,2.14638]},"K9o":{"weight":0.0,"played":[0.0,1.0],"evs":[0.0,4.65092]},"A9o":{"weight":0.0,"played":[0.0,1.0],"evs":[0.0,9.39655]},"T2s":{"weight":0.4883,"played":[0.9999,1.0E-4],"evs":[0.0,-1.84225]},"T3s":{"weight":0.0584,"played":[1.0,0.0],"evs":[0.0,-1.32585]},"T4s":{"weight":0.0022,"played":[0.9995,5.0E-4],"evs":[0.0,-1.0174]},"T5s":{"weight":1.0E-4,"played":[0.9826,0.0174],"evs":[0.0,-0.29516]},"T6s":{"weight":0.0,"played":[0.0821,0.9179],"evs":[0.0,0.27922]},"T7s":{"weight":1.0E-4,"played":[0.0013,0.9987],"evs":[0.0,1.257]},"T8s":{"weight":0.0,"played":[0.0,1.0],"evs":[0.0,2.15999]},"T9s":{"weight":0.002,"played":[0.0,1.0],"evs":[0.0,2.33125]},"TT":{"weight":0.0013,"played":[0.0,1.0],"evs":[0.0,14.27182]},"JTo":{"weight":3.0E-4,"played":[0.0,1.0],"evs":[0.0,3.45536]},"QTo":{"weight":0.0,"played":[0.0,1.0],"evs":[0.0,4.09911]},"KTo":{"weight":2.0E-4,"played":[0.0,1.0],"evs":[0.0,6.71996]},"ATo":{"weight":0.0,"played":[0.0,1.0],"evs":[0.0,11.24335]},"J2s":{"weight":0.0172,"played":[0.9973,0.0027],"evs":[0.0,-0.77241]},"J3s":{"weight":1.0E-4,"played":[0.9588,0.0412],"evs":[0.0,-0.06267]},"J4s":{"weight":0.0,"played":[0.1866,0.8134],"evs":[0.0,0.21777]},"J5s":{"weight":1.0E-4,"played":[0.0292,0.9708],"evs":[0.0,0.60627]},"J6s":{"weight":3.0E-4,"played":[0.0593,0.9407],"evs":[0.0,0.83106]},"J7s":{"weight":0.0,"played":[4.0E-4,0.9996],"evs":[0.0,1.6856]},"J8s":{"weight":0.0,"played":[2.0E-4,0.9998],"evs":[0.0,1.76927]},"J9s":{"weight":0.1655,"played":[0.0025,0.9975],"evs":[0.0,3.12639]},"JTs":{"weight":0.1752,"played":[0.0,1.0],"evs":[0.0,4.8343]},"JJ":{"weight":0.002,"played":[0.0,1.0],"evs":[0.0,15.50534]},"QJo":{"weight":1.0E-4,"played":[0.0,1.0],"evs":[0.0,4.33464]},"KJo":{"weight":8.0E-4,"played":[0.0,1.0],"evs":[0.0,7.60237]},"AJo":{"weight":0.0,"played":[0.0,1.0],"evs":[0.0,12.66225]},"Q2s":{"weight":0.0,"played":[0.0226,0.9774],"evs":[0.0,0.23454]},"Q3s":{"weight":0.0,"played":[0.3397,0.6603],"evs":[0.0,0.15553]},"Q4s":{"weight":0.0,"played":[8.0E-4,0.9992],"evs":[0.0,0.95723]},"Q5s":{"weight":1.0E-4,"played":[0.0011,0.9989],"evs":[0.0,1.38177]},"Q6s":{"weight":0.0,"played":[0.0,1.0],"evs":[0.0,1.3974]},"Q7s":{"weight":0.2352,"played":[1.0E-4,0.9999],"evs":[0.0,1.77118]},"Q8s":{"weight":0.253,"played":[0.0,1.0],"evs":[0.0,2.71301]},"Q9s":{"weight":0.1831,"played":[0.0,1.0],"evs":[0.0,3.51131]},"QTs":{"weight":0.001,"played":[2.0E-4,0.9998],"evs":[0.0,5.29725]},"QJs":{"weight":1.0E-4,"played":[0.0,1.0],"evs":[0.0,6.0415]},"QQ":{"weight":0.0899,"played":[0.0,1.0],"evs":[0.0,16.26638]},"KQo":{"weight":3.0E-4,"played":[0.0,1.0],"evs":[0.0,8.38228]},"AQo":{"weight":0.0,"played":[0.0,1.0],"evs":[0.0,13.38156]},"K2s":{"weight":0.0,"played":[1.0E-4,0.9999],"evs":[0.0,1.0484]},"K3s":{"weight":0.0,"played":[0.0301,0.9699],"evs":[0.0,1.50594]},"K4s":{"weight":0.0,"played":[5.0E-4,0.9995],"evs":[0.0,2.27078]},"K5s":{"weight":0.0,"played":[4.0E-4,0.9996],"evs":[0.0,2.64989]},"K6s":{"weight":0.0014,"played":[3.0E-4,0.9997],"evs":[0.0,3.2792]},"K7s":{"weight":0.0011,"played":[0.0,1.0],"evs":[0.0,3.80485]},"K8s":{"weight":0.0022,"played":[0.0,1.0],"evs":[0.0,4.07397]},"K9s":{"weight":0.0011,"played":[0.0,1.0],"evs":[0.0,6.05137]},"KTs":{"weight":8.0E-4,"played":[0.0,1.0],"evs":[0.0,7.51997]},"KJs":{"weight":1.0E-4,"played":[0.0,1.0],"evs":[0.0,8.41349]},"KQs":{"weight":0.0,"played":[0.0,1.0],"evs":[0.0,9.09047]},"KK":{"weight":0.281,"played":[0.0,1.0],"evs":[0.0,19.36638]},"AKo":{"weight":0.0,"played":[0.0,1.0],"evs":[0.0,16.07422]},"A2s":{"weight":1.0E-4,"played":[0.0,1.0],"evs":[0.0,5.90854]},"A3s":{"weight":0.0,"played":[0.0,1.0],"evs":[0.0,5.76213]},"A4s":{"weight":0.0,"played":[0.0,1.0],"evs":[0.0,5.96258]},"A5s":{"weight":2.0E-4,"played":[0.0,1.0],"evs":[0.0,6.44081]},"A6s":{"weight":0.0,"played":[1.0E-4,0.9999],"evs":[0.0,7.03325]},"A7s":{"weight":1.0E-4,"played":[0.0,1.0],"evs":[0.0,8.20482]},"A8s":{"weight":2.0E-4,"played":[0.0,1.0],"evs":[0.0,9.13961]},"A9s":{"weight":0.0,"played":[0.0,1.0],"evs":[0.0,10.15515]},"ATs":{"weight":1.0E-4,"played":[0.0,1.0],"evs":[0.0,12.62428]},"AJs":{"weight":2.0E-4,"played":[0.0,1.0],"evs":[0.0,13.48527]},"AQs":{"weight":0.0,"played":[0.0,1.0],"evs":[0.0,14.39495]},"AKs":{"weight":1.0E-4,"played":[0.0,1.0],"evs":[0.0,16.67605]},"AA":{"weight":0.4221,"played":[0.0,1.0],"evs":[0.0,24.50039]}}}