{"player":3,"street":0,"children":2,"sequence":[{"player":0,"type":"F","amount":0,"street":0},{"player":1,"type":"F","amount":0,"street":0},{"player":2,"type":"C","amount":0,"street":0},{"player":3,"type":"C","amount":100000,"street":0},{"player":4,"type":"R","amount":1815000,"street":0},{"player":5,"type":"C","amount":345000,"street":0}],"actions":[{"type":"F","amount":0},{"type":"C","amount":1715000}],"hands":{"22":{"weight":0.0,"played":[0.0,1.0],"evs":[0.0,5.15564]},"32o":{"weight":0.0,"played":[1.0,0.0],"evs":[0.0,-4.05347]},"42o":{"weight":0.0,"played":[1.0,0.0],"evs":[0.0,-3.67161]},"52o":{"weight":0.0,"played":[1.0,0.0],"evs":[0.0,-3.622]},"62o":{"weight":0.0,"played":[1.0,0.0],"evs":[0.0,-3.97953]},"72o":{"weight":0.0,"played":[1.0,0.0],"evs":[0.0,-4.31924]},"82o":{"weight":0.0,"played":[1.0,0.0],"evs":[0.0,-4.10314]},"92o":{"weight":0.0,"played":[1.0,0.0],"evs":[0.0,-3.81131]},"T2o":{"weight":0.0,"played":[1.0,0.0],"evs":[0.0,-2.99135]},"J2o":{"weight":0.0,"played":[1.0,0.0],"evs":[0.0,-2.31306]},"Q2o":{"weight":0.0166,"played":[1.0,0.0],"evs":[0.0,-1.0216]},"K2o":{"weight":0.1302,"played":[0.9997,3.0E-4],"evs":[0.0,-0.11522]},"A2o":{"weight":0.0,"played":[0.0,1.0],"evs":[0.0,4.20764]},"32s":{"weight":0.0,"played":[1.0,0.0],"evs":[0.0,-1.73384]},"33":{"weight":0.0,"played":[0.0,1.0],"evs":[0.0,6.19045]},"43o":{"weight":0.0,"played":[1.0,0.0],"evs":[0.0,-2.63894]},"53o":{"weight":0.0,"played":[1.0,0.0],"evs":[0.0,-2.51576]},"63o":{"weight":0.0,"played":[1.0,0.0],"evs":[0.0,-2.93602]},"73o":{"weight":0.0,"played":[1.0,0.0],"evs":[0.0,-3.14929]},"83o":{"weight":0.0,"played":[1.0,0.0],"evs":[0.0,-3.57662]},"93o":{"weight":0.0,"played":[1.0,0.0],"evs":[0.0,-3.26418]},"T3o":{"weight":0.0,"played":[1.0,0.0],"evs":[0.0,-2.4391]},"J3o":{"weight":4.0E-4,"played":[1.0,0.0],"evs":[0.0,-1.72842]},"Q3o":{"weight":0.3827,"played":[1.0,0.0],"evs":[0.0,-0.62397]},"K3o":{"weight":7.0E-4,"played":[0.2514,0.7486],"evs":[0.0,0.27455]},"A3o":{"weight":0.0,"played":[0.0,1.0],"evs":[0.0,4.53764]},"42s":{"weight":0.0,"played":[1.0,0.0],"evs":[0.0,-1.45671]},"43s":{"weight":1.0E-4,"played":[1.0,0.0],"evs":[0.0,-0.49969]},"44":{"weight":0.0,"played":[0.0,1.0],"evs":[0.0,7.17167]},"54o":{"weight":0.0,"played":[1.0,0.0],"evs":[0.0,-1.59194]},"64o":{"weight":0.0,"played":[1.0,0.0],"evs":[0.0,-2.05478]},"74o":{"weight":0.0,"played":[1.0,0.0],"evs":[0.0,-2.30993]},"84o":{"weight":0.0,"played":[1.0,0.0],"evs":[0.0,-2.66565]},"94o":{"weight":0.0,"played":[1.0,0.0],"evs":[0.0,-2.99957]},"T4o":{"weight":0.0,"played":[1.0,0.0],"evs":[0.0,-2.15404]},"J4o":{"weight":0.0036,"played":[1.0,0.0],"evs":[0.0,-1.49779]},"Q4o":{"weight":0.0198,"played":[1.0,0.0],"evs":[0.0,-0.22987]},"K4o":{"weight":0.0,"played":[0.0024,0.9976],"evs":[0.0,0.56256]},"A4o":{"weight":0.0,"played":[0.0,1.0],"evs":[0.0,4.79773]},"52s":{"weight":0.0,"played":[1.0,0.0],"evs":[0.0,-1.4025]},"53s":{"weight":8.0E-4,"played":[0.998,0.002],"evs":[0.0,-0.26279]},"54s":{"weight":0.9727,"played":[0.009,0.991],"evs":[0.0,0.56358]},"55":{"weight":0.0,"played":[0.0,1.0],"evs":[0.0,8.10319]},"65o":{"weight":0.0,"played":[1.0,0.0],"evs":[0.0,-1.3325]},"75o":{"weight":0.0,"played":[1.0,0.0],"evs":[0.0,-1.48394]},"85o":{"weight":0.0,"played":[1.0,0.0],"evs":[0.0,-2.06902]},"95o":{"weight":0.0,"played":[1.0,0.0],"evs":[0.0,-2.3592]},"T5o":{"weight":3.0E-4,"played":[1.0,0.0],"evs":[0.0,-2.21471]},"J5o":{"weight":0.0152,"played":[1.0,0.0],"evs":[0.0,-1.63245]},"Q5o":{"weight":0.0022,"played":[0.963,0.037],"evs":[0.0,-0.13316]},"K5o":{"weight":0.0,"played":[2.0E-4,0.9998],"evs":[0.0,0.89998]},"A5o":{"weight":0.0,"played":[0.0,1.0],"evs":[0.0,5.41256]},"62s":{"weight":0.0,"played":[1.0,0.0],"evs":[0.0,-1.92953]},"63s":{"weight":0.0,"played":[1.0,0.0],"evs":[0.0,-0.58438]},"64s":{"weight":0.3086,"played":[0.1916,0.8084],"evs":[0.0,0.03998]},"65s":{"weight":0.1456,"played":[0.0,1.0],"evs":[0.0,1.01798]},"66":{"weight":1.0E-4,"played":[0.0,1.0],"evs":[0.0,9.37299]},"76o":{"weight":0.0011,"played":[0.9998,2.0E-4],"evs":[0.0,-0.50636]},"86o":{"weight":0.0017,"played":[1.0,0.0],"evs":[0.0,-0.91358]},"96o":{"weight":0.0056,"played":[1.0,0.0],"evs":[0.0,-1.20061]},"T6o":{"weight":0.0135,"played":[1.0,0.0],"evs":[0.0,-1.09066]},"J6o":{"weight":0.4906,"played":[1.0,0.0],"evs":[0.0,-1.10551]},"Q6o":{"weight":0.0,"played":[9.0E-4,0.9991],"evs":[0.0,0.35318]},"K6o":{"weight":0.0,"played":[0.0,1.0],"evs":[0.0,1.56345]},"A6o":{"weight":0.0,"played":[0.0,1.0],"evs":[0.0,5.75934]},"72s":{"weight":0.0,"played":[1.0,0.0],"evs":[0.0,-2.21974]},"73s":{"weight":0.0,"played":[1.0,0.0],"evs":[0.0,-1.15802]},"74s":{"weight":0.5827,"played":[0.9874,0.0126],"evs":[0.0,-0.18305]},"75s":{"weight":0.4113,"played":[0.0105,0.9895],"evs":[0.0,0.58953]},"76s":{"weight":9.0E-4,"played":[0.0,1.0],"evs":[0.0,1.42474]},"77":{"weight":0.0,"played":[0.0,1.0],"evs":[0.0,10.693]},"87o":{"weight":0.0025,"played":[0.8204,0.1796],"evs":[0.0,-0.09311]},"97o":{"weight":0.0,"played":[0.9943,0.0057],"evs":[0.0,-0.41792]},"T7o":{"weight":3.0E-4,"played":[0.8937,0.1063],"evs":[0.0,-0.08414]},"J7o":{"weight":0.0041,"played":[0.3128,0.6872],"evs":[0.0,0.05403]},"Q7o":{"weight":0.0,"played":[2.0E-4,0.9998],"evs":[0.0,0.70665]},"K7o":{"weight":0.0,"played":[0.0,1.0],"evs":[0.0,2.40989]},"A7o":{"weight":0.0,"played":[0.0,1.0],"evs":[0.0,6.9907]},"82s":{"weight":1.0E-4,"played":[1.0,0.0],"evs":[0.0,-1.64366]},"83s":{"weight":0.0,"played":[0.9999,1.0E-4],"evs":[0.0,-1.50713]},"84s":{"weight":0.0265,"played":[0.9991,9.0E-4],"evs":[0.0,-0.68613]},"85s":{"weight":0.1542,"played":[0.0903,0.9097],"evs":[0.0,-0.04268]},"86s":{"weight":0.0205,"played":[0.0,1.0],"evs":[0.0,1.07273]},"87s":{"weight":0.0014,"played":[0.0,1.0],"evs":[0.0,1.95588]},"88":{"weight":1.0E-4,"played":[0.0,1.0],"evs":[0.0,12.10856]},"98o":{"weight":0.0,"played":[1.0E-4,0.9999],"evs":[0.0,0.40386]},"T8o":{"weight":0.0,"played":[0.0,1.0],"evs":[0.0,0.74578]},"J8o":{"weight":0.0,"played":[0.0,1.0],"evs":[0.0,1.11518]},"Q8o":{"weight":0.0469,"played":[0.0,1.0],"evs":[0.0,1.83694]},"K8o":{"weight":1.0E-4,"played":[0.0,1.0],"evs":[0.0,3.16123]},"A8o":{"weight":0.0,"played":[0.0,1.0],"evs":[0.0,8.14035]},"92s":{"weight":5.0E-4,"played":[1.0,0.0],"evs":[0.0,-1.39603]},"93s":{"weight":0.0018,"played":[1.0,0.0],"evs":[0.0,-0.8834]},"94s":{"weight":0.0664,"played":[1.0,0.0],"evs":[0.0,-1.10544]},"95s":{"weight":0.0016,"played":[0.9214,0.0786],"evs":[0.0,-0.40764]},"96s":{"weight":0.0014,"played":[1.0E-4,0.9999],"evs":[0.0,0.92373]},"97s":{"weight":0.0016,"played":[0.0,1.0],"evs":[0.0,1.64213]},"98s":{"weight":3.0E-4,"played":[0.0,1.0],"evs":[0.0,2.29536]},"99":{"weight":3.0E-4,"played":[0.0,1.0],"evs":[0.0,14.05164]},"T9o":{"weight":2.0E-4,"played":[0.0,1.0],"evs":[0.0,1.94289]},"J9o":{"weight":0.0341,"played":[0.0,1.0],"evs":[0.0,2.22882]},"Q9o":{"weight":1.0E-4,"played":[0.0,1.0],"evs":[0.0,3.03042]},"K9o":{"weight":0.0,"played":[0.0,1.0],"evs":[0.0,4.91018]},"A9o":{"weight":0.0,"played":[0.0,1.0],"evs":[0.0,9.55391]},"T2s":{"weight":0.4883,"played":[1.0,0.0],"evs":[0.0,-0.78741]},"T3s":{"weight":0.0584,"played":[0.9604,0.0396],"evs":[0.0,-0.08477]},"T4s":{"weight":0.0022,"played":[0.0156,0.9844],"evs":[0.0,0.10831]},"T5s":{"weight":1.0E-4,"played":[0.5678,0.4322],"evs":[0.0,-0.08426]},"T6s":{"weight":0.0,"played":[0.0,1.0],"evs":[0.0,0.87539]},"T7s":{"weight":1.0E-4,"played":[0.0,1.0],"evs":[0.0,1.82807]},"T8s":{"weight":0.0,"played":[0.0,1.0],"evs":[0.0,2.94601]},"T9s":{"weight":0.002,"played":[0.0,1.0],"evs":[0.0,3.81988]},"TT":{"weight":0.0013,"played":[0.0,1.0],"evs":[0.0,16.2061]},"JTo":{"weight":3.0E-4,"played":[0.0,1.0],"evs":[0.0,4.13687]},"QTo":{"weight":0.0,"played":[0.0,1.0],"evs":[0.0,4.82935]},"KTo":{"weight":2.0E-4,"played":[0.0,1.0],"evs":[0.0,7.06199]},"ATo":{"weight":0.0,"played":[0.0,1.0],"evs":[0.0,11.66593]},"J2s":{"weight":0.0172,"played":[0.9999,1.0E-4],"evs":[0.0,-0.2181]},"J3s":{"weight":1.0E-4,"played":[0.3481,0.6519],"evs":[0.0,0.39895]},"J4s":{"weight":0.0,"played":[2.0E-4,0.9998],"evs":[0.0,0.57956]},"J5s":{"weight":1.0E-4,"played":[0.0043,0.9957],"evs":[0.0,0.66398]},"J6s":{"weight":3.0E-4,"played":[0.0,1.0],"evs":[0.0,1.15281]},"J7s":{"weight":0.0,"played":[0.0,1.0],"evs":[0.0,1.78655]},"J8s":{"weight":0.0,"played":[0.0,1.0],"evs":[0.0,2.94264]},"J9s":{"weight":0.1655,"played":[0.0,1.0],"evs":[0.0,3.96408]},"JTs":{"weight":0.1752,"played":[0.0,1.0],"evs":[0.0,5.88275]},"JJ":{"weight":0.002,"played":[0.0,1.0],"evs":[0.0,17.76122]},"QJo":{"weight":1.0E-4,"played":[0.0,1.0],"evs":[0.0,5.10193]},"KJo":{"weight":8.0E-4,"played":[0.0,1.0],"evs":[0.0,7.67664]},"AJo":{"weight":0.0,"played":[0.0,1.0],"evs":[0.0,12.77684]},"Q2s":{"weight":0.0,"played":[4.0E-4,0.9996],"evs":[0.0,1.17759]},"Q3s":{"weight":0.0,"played":[3.0E-4,0.9997],"evs":[0.0,1.56134]},"Q4s":{"weight":0.0,"played":[3.0E-4,0.9997],"evs":[0.0,1.7391]},"Q5s":{"weight":1.0E-4,"played":[0.0,1.0],"evs":[0.0,1.95866]},"Q6s":{"weight":0.0,"played":[1.0E-4,0.9999],"evs":[0.0,2.47917]},"Q7s":{"weight":0.2352,"played":[2.0E-4,0.9998],"evs":[0.0,2.55362]},"Q8s":{"weight":0.253,"played":[0.0,1.0],"evs":[0.0,3.63078]},"Q9s":{"weight":0.1831,"played":[0.0,1.0],"evs":[0.0,4.61891]},"QTs":{"weight":0.001,"played":[0.0,1.0],"evs":[0.0,6.33308]},"QJs":{"weight":1.0E-4,"played":[0.0,1.0],"evs":[0.0,6.6113]},"QQ":{"weight":0.0899,"played":[0.0,1.0],"evs":[0.0,19.05445]},"KQo":{"weight":3.0E-4,"played":[0.0,1.0],"evs":[0.0,8.7444]},"AQo":{"weight":0.0,"played":[0.0,1.0],"evs":[0.0,13.94857]},"K2s":{"weight":0.0,"played":[1.0E-4,0.9999],"evs":[0.0,1.92657]},"K3s":{"weight":0.0,"played":[0.0,1.0],"evs":[0.0,2.46708]},"K4s":{"weight":0.0,"played":[0.0,1.0],"evs":[0.0,2.65516]},"K5s":{"weight":0.0,"played":[0.0,1.0],"evs":[0.0,2.91338]},"K6s":{"weight":0.0014,"played":[0.0,1.0],"evs":[0.0,3.5151]},"K7s":{"weight":0.0011,"played":[0.0,1.0],"evs":[0.0,4.50711]},"K8s":{"weight":0.0022,"played":[0.0,1.0],"evs":[0.0,5.08735]},"K9s":{"weight":0.0011,"played":[0.0,1.0],"evs":[0.0,6.95899]},"KTs":{"weight":8.0E-4,"played":[0.0,1.0],"evs":[0.0,8.35736]},"KJs":{"weight":1.0E-4,"played":[0.0,1.0],"evs":[0.0,9.51116]},"KQs":{"weight":0.0,"played":[0.0,1.0],"evs":[0.0,10.21047]},"KK":{"weight":0.281,"played":[0.0,1.0],"evs":[0.0,22.15905]},"AKo":{"weight":0.0,"played":[0.0,1.0],"evs":[0.0,16.52562]},"A2s":{"weight":1.0E-4,"played":[0.0,1.0],"evs":[0.0,6.03237]},"A3s":{"weight":0.0,"played":[0.0,1.0],"evs":[0.0,6.2728]},"A4s":{"weight":0.0,"played":[0.0,1.0],"evs":[0.0,6.85345]},"A5s":{"weight":2.0E-4,"played":[0.0,1.0],"evs":[0.0,7.28829]},"A6s":{"weight":0.0,"played":[0.0,1.0],"evs":[0.0,7.72913]},"A7s":{"weight":1.0E-4,"played":[0.0,1.0],"evs":[0.0,8.50528]},"A8s":{"weight":2.0E-4,"played":[0.0,1.0],"evs":[0.0,9.7643]},"A9s":{"weight":0.0,"played":[0.0,1.0],"evs":[0.0,11.16461]},"ATs":{"weight":1.0E-4,"played":[0.0,1.0],"evs":[0.0,13.03093]},"AJs":{"weight":2.0E-4,"played":[0.0,1.0],"evs":[0.0,13.93521]},"AQs":{"weight":0.0,"played":[0.0,1.0],"evs":[0.0,15.19678]},"AKs":{"weight":1.0E-4,"played":[0.0,1.0],"evs":[0.0,17.31563]},"AA":{"weight":0.4221,"played":[0.0,1.0],"evs":[0.0,27.81882]}}}