{"player":4,"street":0,"children":3,"sequence":[{"player":0,"type":"F","amount":0,"street":0},{"player":1,"type":"F","amount":0,"street":0},{"player":2,"type":"C","amount":0,"street":0},{"player":3,"type":"R","amount":200000,"street":0}],"actions":[{"type":"F","amount":0,"node":20},{"type":"C","amount":150000,"node":22},{"type":"R","amount":1815000,"node":28}],"hands":{"22":{"weight":1.0,"played":[0.815,0.1464,0.0387],"evs":[0.0,-0.03957,-0.28157]},"32o":{"weight":1.0,"played":[1.0,0.0,0.0],"evs":[0.0,-0.9773,-5.00062]},"42o":{"weight":1.0,"played":[1.0,0.0,0.0],"evs":[0.0,-0.87679,-4.52849]},"52o":{"weight":1.0,"played":[1.0,0.0,0.0],"evs":[0.0,-0.83215,-4.30806]},"62o":{"weight":1.0,"played":[1.0,0.0,0.0],"evs":[0.0,-0.90031,-4.59523]},"72o":{"weight":1.0,"played":[1.0,0.0,0.0],"evs":[0.0,-0.868,-4.23856]},"82o":{"weight":1.0,"played":[1.0,0.0,0.0],"evs":[0.0,-0.79897,-3.71154]},"92o":{"weight":1.0,"played":[1.0,0.0,0.0],"evs":[0.0,-0.74094,-3.17143]},"T2o":{"weight":1.0,"played":[1.0,0.0,0.0],"evs":[0.0,-0.69141,-2.83419]},"J2o":{"weight":1.0,"played":[1.0,0.0,0.0],"evs":[0.0,-0.64644,-2.61762]},"Q2o":{"weight":1.0,"played":[0.9999,0.0,1.0E-4],"evs":[0.0,-0.52297,-1.39621]},"K2o":{"weight":1.0,"played":[0.0052,0.8112,0.1836],"evs":[0.0,0.36201,0.35953]},"A2o":{"weight":1.0,"played":[0.0,0.007,0.993],"evs":[0.0,1.99936,2.3416]},"32s":{"weight":1.0,"played":[1.0,0.0,0.0],"evs":[0.0,-0.67149,-3.76264]},"33":{"weight":1.0,"played":[0.0,0.9162,0.0837],"evs":[0.0,0.17572,-0.05383]},"43o":{"weight":1.0,"played":[1.0,0.0,0.0],"evs":[0.0,-0.73641,-4.25431]},"53o":{"weight":1.0,"played":[1.0,0.0,0.0],"evs":[0.0,-0.70787,-3.83846]},"63o":{"weight":1.0,"played":[1.0,0.0,0.0],"evs":[0.0,-0.84866,-4.42765]},"73o":{"weight":1.0,"played":[1.0,0.0,0.0],"evs":[0.0,-0.80802,-3.68631]},"83o":{"weight":1.0,"played":[1.0,0.0,0.0],"evs":[0.0,-0.81227,-3.4915]},"93o":{"weight":1.0,"played":[1.0,0.0,0.0],"evs":[0.0,-0.7618,-3.14097]},"T3o":{"weight":1.0,"played":[1.0,0.0,0.0],"evs":[0.0,-0.66001,-2.69687]},"J3o":{"weight":1.0,"played":[1.0,0.0,0.0],"evs":[0.0,-0.6779,-2.60933]},"Q3o":{"weight":1.0,"played":[1.0,0.0,0.0],"evs":[0.0,-0.5016,-1.46931]},"K3o":{"weight":1.0,"played":[0.0049,0.7673,0.2277],"evs":[0.0,0.5981,0.44427]},"A3o":{"weight":1.0,"played":[0.0,0.0,1.0],"evs":[0.0,2.44779,2.62587]},"42s":{"weight":1.0,"played":[1.0,0.0,0.0],"evs":[0.0,-0.52058,-3.30949]},"43s":{"weight":1.0,"played":[1.0,0.0,0.0],"evs":[0.0,-0.28186,-2.65955]},"44":{"weight":1.0,"played":[0.0,0.9227,0.0773],"evs":[0.0,1.13377,0.7468]},"54o":{"weight":1.0,"played":[1.0,0.0,0.0],"evs":[0.0,-0.44506,-3.20354]},"64o":{"weight":1.0,"played":[1.0,0.0,0.0],"evs":[0.0,-0.57359,-3.42103]},"74o":{"weight":1.0,"played":[1.0,0.0,0.0],"evs":[0.0,-0.51219,-2.90497]},"84o":{"weight":1.0,"played":[1.0,0.0,0.0],"evs":[0.0,-0.5185,-2.75916]},"94o":{"weight":1.0,"played":[1.0,0.0,0.0],"evs":[0.0,-0.62681,-2.80232]},"T4o":{"weight":1.0,"played":[1.0,0.0,0.0],"evs":[0.0,-0.46886,-2.15154]},"J4o":{"weight":1.0,"played":[1.0,0.0,0.0],"evs":[0.0,-0.50156,-2.0282]},"Q4o":{"weight":1.0,"played":[0.9895,0.0104,0.0],"evs":[0.0,-0.39048,-0.99874]},"K4o":{"weight":1.0,"played":[4.0E-4,0.6465,0.353],"evs":[0.0,0.8451,0.83101]},"A4o":{"weight":1.0,"played":[0.0,0.002,0.998],"evs":[0.0,2.566,2.8588]},"52s":{"weight":1.0,"played":[1.0,0.0,0.0],"evs":[0.0,-0.4816,-3.01872]},"53s":{"weight":1.0,"played":[1.0,0.0,0.0],"evs":[0.0,-0.35393,-2.45571]},"54s":{"weight":1.0,"played":[0.7592,0.2408,1.0E-4],"evs":[0.0,-0.00707,-1.64115]},"55":{"weight":1.0,"played":[0.0,0.6859,0.3141],"evs":[0.0,1.65228,1.6457]},"65o":{"weight":1.0,"played":[1.0,0.0,0.0],"evs":[0.0,-0.41696,-3.01041]},"75o":{"weight":1.0,"played":[1.0,0.0,0.0],"evs":[0.0,-0.32403,-2.24825]},"85o":{"weight":1.0,"played":[1.0,0.0,0.0],"evs":[0.0,-0.41539,-1.9359]},"95o":{"weight":1.0,"played":[1.0,0.0,0.0],"evs":[0.0,-0.42701,-1.89847]},"T5o":{"weight":1.0,"played":[1.0,0.0,0.0],"evs":[0.0,-0.34899,-1.83528]},"J5o":{"weight":1.0,"played":[1.0,0.0,0.0],"evs":[0.0,-0.44281,-1.70629]},"Q5o":{"weight":1.0,"played":[0.9895,0.0012,0.0093],"evs":[0.0,-0.18911,-0.41426]},"K5o":{"weight":1.0,"played":[4.0E-4,0.0954,0.9043],"evs":[0.0,1.23211,1.41893]},"A5o":{"weight":1.0,"played":[0.0,0.0,1.0],"evs":[0.0,3.04265,3.58565]},"62s":{"weight":1.0,"played":[0.9997,3.0E-4,0.0],"evs":[0.0,-0.59732,-3.47575]},"63s":{"weight":1.0,"played":[0.9999,0.0,0.0],"evs":[0.0,-0.39089,-2.86947]},"64s":{"weight":1.0,"played":[1.0,0.0,0.0],"evs":[0.0,-0.14327,-2.02538]},"65s":{"weight":1.0,"played":[0.5428,0.4572,0.0],"evs":[0.0,0.0622,-1.45435]},"66":{"weight":1.0,"played":[0.0,0.5983,0.4017],"evs":[0.0,2.50516,2.4134]},"76o":{"weight":1.0,"played":[1.0,0.0,0.0],"evs":[0.0,-0.27282,-1.85528]},"86o":{"weight":1.0,"played":[1.0,0.0,0.0],"evs":[0.0,-0.32406,-1.73775]},"96o":{"weight":1.0,"played":[1.0,0.0,0.0],"evs":[0.0,-0.39843,-1.83396]},"T6o":{"weight":1.0,"played":[1.0,0.0,0.0],"evs":[0.0,-0.30532,-1.39615]},"J6o":{"weight":1.0,"played":[1.0,0.0,0.0],"evs":[0.0,-0.44676,-1.74846]},"Q6o":{"weight":1.0,"played":[0.2356,0.7638,7.0E-4],"evs":[0.0,0.05262,-0.49651]},"K6o":{"weight":1.0,"played":[0.0,0.7625,0.2375],"evs":[0.0,1.511,1.44675]},"A6o":{"weight":1.0,"played":[0.0,0.0,1.0],"evs":[0.0,3.04532,3.30527]},"72s":{"weight":1.0,"played":[0.9999,1.0E-4,0.0],"evs":[0.0,-0.49203,-2.99965]},"73s":{"weight":1.0,"played":[0.9999,0.0,0.0],"evs":[0.0,-0.37362,-2.33115]},"74s":{"weight":1.0,"played":[0.7631,0.2369,0.0],"evs":[0.0,-0.01762,-1.59066]},"75s":{"weight":1.0,"played":[0.2556,0.7444,0.0],"evs":[0.0,0.21113,-0.77839]},"76s":{"weight":1.0,"played":[0.2486,0.7513,1.0E-4],"evs":[0.0,0.19298,-0.46195]},"77":{"weight":1.0,"played":[0.0,2.0E-4,0.9998],"evs":[0.0,3.87919,4.13252]},"87o":{"weight":1.0,"played":[0.9662,0.0338,0.0],"evs":[0.0,0.00596,-0.66897]},"97o":{"weight":1.0,"played":[0.9596,0.0404,0.0],"evs":[0.0,-0.07326,-0.84608]},"T7o":{"weight":1.0,"played":[0.7801,0.2198,0.0],"evs":[0.0,0.03219,-0.56402]},"J7o":{"weight":1.0,"played":[0.8822,0.1178,0.0],"evs":[0.0,-0.06642,-0.99371]},"Q7o":{"weight":1.0,"played":[0.0075,0.9898,0.0027],"evs":[0.0,0.20214,-0.00577]},"K7o":{"weight":1.0,"played":[0.0,0.0148,0.9852],"evs":[0.0,1.67099,1.98553]},"A7o":{"weight":1.0,"played":[0.0,0.0,1.0],"evs":[0.0,3.20253,3.73182]},"82s":{"weight":1.0,"played":[1.0,0.0,0.0],"evs":[0.0,-0.5108,-2.31896]},"83s":{"weight":1.0,"played":[1.0,0.0,0.0],"evs":[0.0,-0.41196,-2.18193]},"84s":{"weight":1.0,"played":[1.0,0.0,0.0],"evs":[0.0,-0.17184,-1.66789]},"85s":{"weight":1.0,"played":[0.7877,0.2122,1.0E-4],"evs":[0.0,-0.0422,-0.73841]},"86s":{"weight":1.0,"played":[0.3269,0.6383,0.0348],"evs":[0.0,0.11328,-0.19535]},"87s":{"weight":1.0,"played":[0.0346,0.9007,0.0648],"evs":[0.0,0.62356,0.55754]},"88":{"weight":1.0,"played":[0.0,0.012,0.988],"evs":[0.0,4.62444,5.03703]},"98o":{"weight":1.0,"played":[0.3332,0.6265,0.0403],"evs":[0.0,0.09725,-0.28701]},"T8o":{"weight":1.0,"played":[0.1494,0.8492,0.0015],"evs":[0.0,0.16023,-0.23132]},"J8o":{"weight":1.0,"played":[0.3978,0.5906,0.0115],"evs":[0.0,0.04578,-0.38476]},"Q8o":{"weight":1.0,"played":[0.0,0.8497,0.1503],"evs":[0.0,1.04191,0.95496]},"K8o":{"weight":1.0,"played":[0.0,0.0035,0.9965],"evs":[0.0,1.91363,2.32897]},"A8o":{"weight":1.0,"played":[0.0,4.0E-4,0.9996],"evs":[0.0,3.57978,4.13543]},"92s":{"weight":1.0,"played":[0.9999,1.0E-4,0.0],"evs":[0.0,-0.27844,-1.77785]},"93s":{"weight":1.0,"played":[1.0,0.0,0.0],"evs":[0.0,-0.22298,-1.51102]},"94s":{"weight":1.0,"played":[0.992,0.008,0.0],"evs":[0.0,-0.12645,-1.31209]},"95s":{"weight":1.0,"played":[0.838,0.162,0.0],"evs":[0.0,0.04938,-0.71766]},"96s":{"weight":1.0,"played":[0.1198,0.8433,0.0369],"evs":[0.0,0.09797,-0.34706]},"97s":{"weight":1.0,"played":[0.0391,0.0159,0.945],"evs":[0.0,0.32667,0.54843]},"98s":{"weight":1.0,"played":[7.0E-4,0.0306,0.9687],"evs":[0.0,0.85766,0.92798]},"99":{"weight":1.0,"played":[0.0,4.0E-4,0.9996],"evs":[0.0,5.35529,5.98505]},"T9o":{"weight":1.0,"played":[0.0018,0.2353,0.7629],"evs":[0.0,0.3759,0.44946]},"J9o":{"weight":1.0,"played":[1.0E-4,0.5681,0.4319],"evs":[0.0,0.65124,0.62676]},"Q9o":{"weight":1.0,"played":[0.0,0.2107,0.7893],"evs":[0.0,1.75914,1.79374]},"K9o":{"weight":1.0,"played":[0.0,0.0513,0.9487],"evs":[0.0,2.47497,2.8029]},"A9o":{"weight":1.0,"played":[0.0,1.0E-4,0.9999],"evs":[0.0,3.7282,4.44211]},"T2s":{"weight":1.0,"played":[0.999,0.001,0.0],"evs":[0.0,-0.18732,-1.42135]},"T3s":{"weight":1.0,"played":[1.0,0.0,0.0],"evs":[0.0,-0.22683,-1.33325]},"T4s":{"weight":1.0,"played":[0.9986,0.0013,0.0],"evs":[0.0,-0.04386,-0.74387]},"T5s":{"weight":1.0,"played":[0.6199,0.3795,6.0E-4],"evs":[0.0,0.01832,-0.67532]},"T6s":{"weight":1.0,"played":[0.3504,0.6473,0.0024],"evs":[0.0,0.10324,-0.16016]},"T7s":{"weight":1.0,"played":[4.0E-4,0.3834,0.6162],"evs":[0.0,0.5579,0.57369]},"T8s":{"weight":1.0,"played":[8.0E-4,0.1127,0.8865],"evs":[0.0,1.09924,1.14337]},"T9s":{"weight":1.0,"played":[0.0,0.6493,0.3507],"evs":[0.0,1.44529,1.38779]},"TT":{"weight":1.0,"played":[0.0,0.0,1.0],"evs":[0.0,5.88888,6.68142]},"JTo":{"weight":1.0,"played":[0.0,0.0568,0.9432],"evs":[0.0,1.71757,1.77248]},"QTo":{"weight":1.0,"played":[0.0,0.8524,0.1476],"evs":[0.0,2.65004,2.62236]},"KTo":{"weight":1.0,"played":[0.0,5.0E-4,0.9995],"evs":[0.0,3.15539,3.39014]},"ATo":{"weight":1.0,"played":[0.0,1.0E-4,0.9999],"evs":[0.0,4.41963,5.03221]},"J2s":{"weight":1.0,"played":[0.9994,6.0E-4,0.0],"evs":[0.0,-0.22546,-1.21909]},"J3s":{"weight":1.0,"played":[0.9981,0.0019,0.0],"evs":[0.0,-0.2848,-1.35607]},"J4s":{"weight":1.0,"played":[0.908,0.0919,1.0E-4],"evs":[0.0,-0.05342,-0.83346]},"J5s":{"weight":1.0,"played":[0.8139,0.1007,0.0854],"evs":[0.0,-0.02538,-0.58199]},"J6s":{"weight":1.0,"played":[0.4456,0.3819,0.1725],"evs":[0.0,0.03634,-0.40382]},"J7s":{"weight":1.0,"played":[0.0031,0.3657,0.6312],"evs":[0.0,0.66405,0.42555]},"J8s":{"weight":1.0,"played":[0.0,0.9356,0.0644],"evs":[0.0,1.25822,0.98305]},"J9s":{"weight":1.0,"played":[0.0,0.7302,0.2697],"evs":[0.0,2.14204,2.04214]},"JTs":{"weight":1.0,"played":[0.0,0.4411,0.5589],"evs":[0.0,2.7266,2.5939]},"JJ":{"weight":1.0,"played":[0.0,0.0,1.0],"evs":[0.0,6.94038,7.39156]},"QJo":{"weight":1.0,"played":[0.0,0.9319,0.0681],"evs":[0.0,3.01411,2.79867]},"KJo":{"weight":1.0,"played":[0.0,5.0E-4,0.9995],"evs":[0.0,3.49563,3.61363]},"AJo":{"weight":1.0,"played":[0.0,0.0,1.0],"evs":[0.0,4.73666,5.25743]},"Q2s":{"weight":1.0,"played":[0.2252,0.7549,0.0199],"evs":[0.0,0.13841,-0.16886]},"Q3s":{"weight":1.0,"played":[0.0038,0.9172,0.079],"evs":[0.0,0.13681,-0.11584]},"Q4s":{"weight":1.0,"played":[0.022,0.7675,0.2104],"evs":[0.0,0.81763,0.64463]},"Q5s":{"weight":1.0,"played":[2.0E-4,0.9764,0.0234],"evs":[0.0,0.86033,0.66075]},"Q6s":{"weight":1.0,"played":[4.0E-4,0.9969,0.0027],"evs":[0.0,1.07771,0.66718]},"Q7s":{"weight":1.0,"played":[2.0E-4,0.4699,0.5299],"evs":[0.0,1.24077,1.23739]},"Q8s":{"weight":1.0,"played":[0.0,0.6785,0.3215],"evs":[0.0,2.11434,2.08336]},"Q9s":{"weight":1.0,"played":[0.0,0.8557,0.1443],"evs":[0.0,3.04423,3.00972]},"QTs":{"weight":1.0,"played":[0.0,0.9206,0.0794],"evs":[0.0,3.62084,3.45375]},"QJs":{"weight":1.0,"played":[0.0,0.9416,0.0584],"evs":[0.0,3.79085,3.71625]},"QQ":{"weight":1.0,"played":[0.0,0.5544,0.4456],"evs":[0.0,9.7511,9.64379]},"KQo":{"weight":1.0,"played":[0.0,0.0361,0.9639],"evs":[0.0,4.26859,4.41266]},"AQo":{"weight":1.0,"played":[0.0,0.0,1.0],"evs":[0.0,5.61602,5.99357]},"K2s":{"weight":1.0,"played":[0.0,0.9289,0.0711],"evs":[0.0,1.66019,1.60615]},"K3s":{"weight":1.0,"played":[0.0,0.887,0.113],"evs":[0.0,1.90907,1.70653]},"K4s":{"weight":1.0,"played":[0.0,0.3389,0.6611],"evs":[0.0,2.15042,2.25333]},"K5s":{"weight":1.0,"played":[0.0,0.1261,0.8739],"evs":[0.0,2.40231,2.64741]},"K6s":{"weight":1.0,"played":[0.0,0.781,0.219],"evs":[0.0,2.78598,2.80228]},"K7s":{"weight":1.0,"played":[1.0E-4,0.0071,0.9928],"evs":[0.0,2.73746,2.96768]},"K8s":{"weight":1.0,"played":[0.0,0.0057,0.9943],"evs":[0.0,3.11003,3.44113]},"K9s":{"weight":1.0,"played":[0.0,6.0E-4,0.9994],"evs":[0.0,3.53096,3.82559]},"KTs":{"weight":1.0,"played":[0.0,0.0035,0.9965],"evs":[0.0,4.24183,4.55087]},"KJs":{"weight":1.0,"played":[0.0,0.0016,0.9984],"evs":[0.0,4.63616,4.80858]},"KQs":{"weight":1.0,"played":[0.0,0.0271,0.9729],"evs":[0.0,5.18147,5.24088]},"KK":{"weight":1.0,"played":[0.0,0.6503,0.3497],"evs":[0.0,11.9726,11.86548]},"AKo":{"weight":1.0,"played":[0.0,0.0,1.0],"evs":[0.0,5.86592,6.54791]},"A2s":{"weight":1.0,"played":[0.0,4.0E-4,0.9996],"evs":[0.0,3.33089,3.63509]},"A3s":{"weight":1.0,"played":[0.0,0.0648,0.9352],"evs":[0.0,3.87353,3.92962]},"A4s":{"weight":1.0,"played":[0.0,2.0E-4,0.9998],"evs":[0.0,3.72049,4.11126]},"A5s":{"weight":1.0,"played":[0.0,0.003,0.997],"evs":[0.0,4.31774,4.74993]},"A6s":{"weight":1.0,"played":[0.0,0.1268,0.8732],"evs":[0.0,4.02415,4.20008]},"A7s":{"weight":1.0,"played":[0.0,0.0,1.0],"evs":[0.0,4.54577,5.08417]},"A8s":{"weight":1.0,"played":[0.0,1.0E-4,0.9999],"evs":[0.0,4.88976,5.36789]},"A9s":{"weight":1.0,"played":[0.0,1.0E-4,0.9999],"evs":[0.0,4.62243,5.26374]},"ATs":{"weight":1.0,"played":[0.0,0.0,1.0],"evs":[0.0,5.31525,5.97349]},"AJs":{"weight":1.0,"played":[0.0,0.0,1.0],"evs":[0.0,5.8432,6.1877]},"AQs":{"weight":1.0,"played":[0.0,1.0E-4,0.9999],"evs":[0.0,6.47005,6.65814]},"AKs":{"weight":1.0,"played":[0.0,0.0,1.0],"evs":[0.0,6.77347,7.37872]},"AA":{"weight":1.0,"played":[0.0,0.7679,0.2321],"evs":[0.0,15.06426,14.95621]}}}