{"player":3,"street":0,"children":3,"sequence":[{"player":0,"type":"F","amount":0,"street":0},{"player":1,"type":"F","amount":0,"street":0},{"player":2,"type":"C","amount":0,"street":0},{"player":3,"type":"R","amount":200000,"street":0},{"player":4,"type":"C","amount":150000,"street":0},{"player":5,"type":"R","amount":445000,"street":0}],"actions":[{"type":"F","amount":0,"node":24},{"type":"C","amount":245000,"node":25},{"type":"R","amount":1815000,"node":27}],"hands":{"22":{"weight":1.0E-4,"played":[0.0,0.0017,0.9983],"evs":[0.0,4.03458,4.35051]},"32o":{"weight":0.0,"played":[1.0,0.0,0.0],"evs":[0.0,-1.27359,-2.84056]},"42o":{"weight":0.0,"played":[1.0,0.0,0.0],"evs":[0.0,-1.19834,-2.07396]},"52o":{"weight":0.0,"played":[1.0,0.0,0.0],"evs":[0.0,-1.16464,-1.75831]},"62o":{"weight":0.0,"played":[1.0,0.0,0.0],"evs":[0.0,-1.21681,-2.38445]},"72o":{"weight":0.0,"played":[1.0,0.0,0.0],"evs":[0.0,-1.31165,-2.36918]},"82o":{"weight":0.0,"played":[1.0,0.0,0.0],"evs":[0.0,-1.36077,-2.16357]},"92o":{"weight":0.0,"played":[1.0,0.0,0.0],"evs":[0.0,-1.18235,-1.80946]},"T2o":{"weight":0.0,"played":[1.0,0.0,0.0],"evs":[0.0,-1.12416,-1.61992]},"J2o":{"weight":0.0,"played":[1.0,0.0,0.0],"evs":[0.0,-0.92783,-1.03602]},"Q2o":{"weight":0.2805,"played":[0.9997,1.0E-4,2.0E-4],"evs":[0.0,-0.44714,-0.45925]},"K2o":{"weight":0.0253,"played":[0.0,0.0036,0.9964],"evs":[0.0,4.07974,4.34206]},"A2o":{"weight":1.0E-4,"played":[0.0,0.0,1.0],"evs":[0.0,6.81373,7.4065]},"32s":{"weight":0.0,"played":[0.9851,0.0145,4.0E-4],"evs":[0.0,-0.29817,-0.66841]},"33":{"weight":2.0E-4,"played":[0.0,0.0,1.0],"evs":[0.0,4.63225,5.45017]},"43o":{"weight":0.0,"played":[1.0,0.0,0.0],"evs":[0.0,-0.97022,-1.30427]},"53o":{"weight":0.0,"played":[0.9933,0.0018,0.0049],"evs":[0.0,-0.61043,-0.71387]},"63o":{"weight":0.0,"played":[1.0,0.0,0.0],"evs":[0.0,-1.12027,-1.4364]},"73o":{"weight":0.0,"played":[1.0,0.0,0.0],"evs":[0.0,-1.1541,-1.49731]},"83o":{"weight":0.0,"played":[1.0,0.0,0.0],"evs":[0.0,-1.26989,-1.9476]},"93o":{"weight":0.0,"played":[1.0,0.0,0.0],"evs":[0.0,-1.09908,-1.4301]},"T3o":{"weight":0.0,"played":[0.9999,0.0,1.0E-4],"evs":[0.0,-1.05841,-1.28232]},"J3o":{"weight":0.0,"played":[0.9997,3.0E-4,0.0],"evs":[0.0,-0.91083,-0.92161]},"Q3o":{"weight":0.6173,"played":[0.5488,0.0179,0.4333],"evs":[0.0,-0.11065,0.0173]},"K3o":{"weight":0.0,"played":[0.0,0.0035,0.9965],"evs":[0.0,4.34007,4.75659]},"A3o":{"weight":0.0,"played":[0.0,2.0E-4,0.9998],"evs":[0.0,7.1724,7.87406]},"42s":{"weight":0.0,"played":[0.6613,0.3303,0.0084],"evs":[0.0,0.00771,-0.19243]},"43s":{"weight":0.0,"played":[1.0E-4,0.985,0.0149],"evs":[0.0,0.60389,0.48539]},"44":{"weight":0.0,"played":[0.0,5.0E-4,0.9995],"evs":[0.0,5.7799,6.99086]},"54o":{"weight":0.0,"played":[0.0268,0.6682,0.305],"evs":[0.0,0.11429,0.08379]},"64o":{"weight":0.0,"played":[0.9999,0.0,1.0E-4],"evs":[0.0,-0.40568,-0.37614]},"74o":{"weight":0.0,"played":[0.9999,0.0,1.0E-4],"evs":[0.0,-0.36438,-0.49928]},"84o":{"weight":0.0,"played":[0.9996,4.0E-4,0.0],"evs":[0.0,-1.01761,-1.14068]},"94o":{"weight":0.0,"played":[1.0,0.0,0.0],"evs":[0.0,-1.04311,-1.07891]},"T4o":{"weight":0.0,"played":[0.9998,1.0E-4,1.0E-4],"evs":[0.0,-0.74724,-0.78682]},"J4o":{"weight":0.0,"played":[0.995,0.0,0.005],"evs":[0.0,-0.54239,-0.44954]},"Q4o":{"weight":0.0221,"played":[3.0E-4,0.0024,0.9973],"evs":[0.0,0.44923,0.71013]},"K4o":{"weight":0.0,"played":[0.0,0.0024,0.9976],"evs":[0.0,4.92314,5.35337]},"A4o":{"weight":2.0E-4,"played":[0.0,1.0E-4,0.9999],"evs":[0.0,7.48757,8.20868]},"52s":{"weight":0.0,"played":[0.0227,0.9561,0.0213],"evs":[0.0,0.22019,-0.03187]},"53s":{"weight":0.0,"played":[0.0151,0.9785,0.0064],"evs":[0.0,1.01471,0.93394]},"54s":{"weight":0.0269,"played":[1.0E-4,0.0291,0.9708],"evs":[0.0,1.82202,1.94655]},"55":{"weight":0.0172,"played":[0.0,0.0,1.0],"evs":[0.0,7.00707,8.17164]},"65o":{"weight":0.0,"played":[3.0E-4,0.0787,0.9211],"evs":[0.0,0.65283,0.69853]},"75o":{"weight":0.0,"played":[0.0071,0.3161,0.6768],"evs":[0.0,0.61689,0.62065]},"85o":{"weight":0.0,"played":[0.0986,0.1076,0.7938],"evs":[0.0,0.09524,0.12944]},"95o":{"weight":0.0,"played":[0.3523,0.1493,0.4984],"evs":[0.0,-0.0248,-0.04582]},"T5o":{"weight":0.0,"played":[1.0,0.0,0.0],"evs":[0.0,-0.39279,-0.43248]},"J5o":{"weight":0.0116,"played":[0.4766,0.007,0.5164],"evs":[0.0,-0.12248,0.00683]},"Q5o":{"weight":3.0E-4,"played":[2.0E-4,3.0E-4,0.9995],"evs":[0.0,0.7598,0.97402]},"K5o":{"weight":0.0,"played":[0.0,0.004,0.996],"evs":[0.0,5.45632,5.93707]},"A5o":{"weight":2.0E-4,"played":[0.0,0.0,1.0],"evs":[0.0,7.97134,8.66468]},"62s":{"weight":0.0,"played":[0.9623,0.019,0.0187],"evs":[0.0,-0.36938,-0.57092]},"63s":{"weight":0.0,"played":[0.0036,0.9825,0.0139],"evs":[0.0,0.2448,0.16992]},"64s":{"weight":0.0498,"played":[7.0E-4,0.2185,0.7808],"evs":[0.0,1.13851,1.17543]},"65s":{"weight":0.8542,"played":[0.0,0.0211,0.9789],"evs":[0.0,2.18654,2.30563]},"66":{"weight":1.0E-4,"played":[0.0,1.0E-4,0.9999],"evs":[0.0,8.54369,9.65105]},"76o":{"weight":0.0,"played":[5.0E-4,0.0015,0.998],"evs":[0.0,0.83929,0.86908]},"86o":{"weight":0.0,"played":[7.0E-4,0.1461,0.8533],"evs":[0.0,0.46816,0.48185]},"96o":{"weight":0.0018,"played":[0.0098,0.0057,0.9845],"evs":[0.0,0.61828,0.70134]},"T6o":{"weight":0.1395,"played":[0.0037,0.0145,0.9818],"evs":[0.0,0.18739,0.22853]},"J6o":{"weight":0.5094,"played":[0.5087,0.0015,0.4897],"evs":[0.0,-0.10617,-0.0423]},"Q6o":{"weight":4.0E-4,"played":[0.0,0.0,1.0],"evs":[0.0,1.05829,1.31518]},"K6o":{"weight":0.0,"played":[0.0,0.0054,0.9946],"evs":[0.0,6.32927,6.83606]},"A6o":{"weight":1.0E-4,"played":[0.0,3.0E-4,0.9997],"evs":[0.0,8.40109,9.02056]},"72s":{"weight":0.0,"played":[1.0,0.0,0.0],"evs":[0.0,-0.21097,-0.43512]},"73s":{"weight":0.0,"played":[0.0088,0.692,0.2992],"evs":[0.0,0.54847,0.52643]},"74s":{"weight":0.0098,"played":[5.0E-4,0.0025,0.9971],"evs":[0.0,1.12882,1.18841]},"75s":{"weight":0.5797,"played":[0.0,0.0049,0.9951],"evs":[0.0,1.99307,2.05405]},"76s":{"weight":0.2317,"played":[0.0,0.2563,0.7437],"evs":[0.0,2.52016,2.51395]},"77":{"weight":4.0E-4,"played":[0.0,0.0,1.0],"evs":[0.0,10.20247,11.10079]},"87o":{"weight":4.0E-4,"played":[1.0E-4,0.3426,0.6573],"evs":[0.0,1.50489,1.48075]},"97o":{"weight":2.0E-4,"played":[0.0,0.0378,0.9622],"evs":[0.0,1.49629,1.51546]},"T7o":{"weight":0.0,"played":[0.0,0.3555,0.6445],"evs":[0.0,1.30973,1.24585]},"J7o":{"weight":3.0E-4,"played":[2.0E-4,0.0067,0.9931],"evs":[0.0,0.93068,1.08338]},"Q7o":{"weight":0.0,"played":[0.0,3.0E-4,0.9997],"evs":[0.0,2.18541,2.53419]},"K7o":{"weight":2.0E-4,"played":[0.0,0.0,1.0],"evs":[0.0,6.99725,7.53119]},"A7o":{"weight":0.0,"played":[0.0,0.0,1.0],"evs":[0.0,8.4989,9.19942]},"82s":{"weight":0.0,"played":[0.748,0.2519,1.0E-4],"evs":[0.0,0.04611,-0.16988]},"83s":{"weight":0.0,"played":[0.4827,0.4002,0.1171],"evs":[0.0,0.13212,-0.07767]},"84s":{"weight":0.0,"played":[0.0013,0.0012,0.9976],"evs":[0.0,0.78634,0.80255]},"85s":{"weight":0.0446,"played":[1.0E-4,0.2925,0.7074],"evs":[0.0,1.69831,1.73436]},"86s":{"weight":0.0512,"played":[0.0,0.0109,0.9891],"evs":[0.0,2.24683,2.34241]},"87s":{"weight":3.0E-4,"played":[0.0,0.0129,0.9871],"evs":[0.0,2.84171,2.92834]},"88":{"weight":3.0E-4,"played":[0.0,8.0E-4,0.9992],"evs":[0.0,11.28695,11.96428]},"98o":{"weight":0.0,"played":[0.0,0.014,0.986],"evs":[0.0,1.9793,2.01435]},"T8o":{"weight":0.0,"played":[0.0,0.0129,0.9871],"evs":[0.0,1.85664,1.94014]},"J8o":{"weight":4.0E-4,"played":[0.0,0.0101,0.9899],"evs":[0.0,1.57303,1.77901]},"Q8o":{"weight":0.0091,"played":[0.0,0.0033,0.9967],"evs":[0.0,3.35493,3.6822]},"K8o":{"weight":0.0,"played":[0.0,0.0017,0.9983],"evs":[0.0,7.54811,8.07089]},"A8o":{"weight":0.0,"played":[0.0,7.0E-4,0.9993],"evs":[0.0,9.21735,9.75539]},"92s":{"weight":0.0,"played":[0.0271,0.8243,0.1486],"evs":[0.0,0.30026,0.06866]},"93s":{"weight":0.0,"played":[0.1456,0.0764,0.778],"evs":[0.0,0.29721,0.27996]},"94s":{"weight":0.1089,"played":[0.009,0.1487,0.8423],"evs":[0.0,0.92793,0.93964]},"95s":{"weight":0.0068,"played":[1.0E-4,0.0138,0.9861],"evs":[0.0,1.45904,1.61535]},"96s":{"weight":0.0019,"played":[0.0,0.041,0.959],"evs":[0.0,2.31746,2.39128]},"97s":{"weight":0.0012,"played":[0.0,0.0014,0.9986],"evs":[0.0,2.89886,2.99208]},"98s":{"weight":1.0E-4,"played":[0.0,0.5054,0.4946],"evs":[0.0,3.90617,3.83407]},"99":{"weight":0.0029,"played":[0.0,0.0067,0.9933],"evs":[0.0,12.78582,13.30823]},"T9o":{"weight":0.0,"played":[0.0,0.102,0.898],"evs":[0.0,2.97635,2.94875]},"J9o":{"weight":0.0583,"played":[0.0,0.075,0.925],"evs":[0.0,2.94367,3.17717]},"Q9o":{"weight":6.0E-4,"played":[0.0,8.0E-4,0.9992],"evs":[0.0,5.04418,5.44053]},"K9o":{"weight":0.0,"played":[0.0,0.001,0.999],"evs":[0.0,8.61547,9.19445]},"A9o":{"weight":0.0,"played":[0.0,0.0,1.0],"evs":[0.0,9.43721,10.12667]},"T2s":{"weight":0.0051,"played":[0.0021,0.9051,0.0929],"evs":[0.0,0.83296,0.68941]},"T3s":{"weight":0.0,"played":[7.0E-4,0.524,0.4753],"evs":[0.0,0.69267,0.54795]},"T4s":{"weight":3.0E-4,"played":[0.0,1.0E-4,0.9999],"evs":[0.0,1.16991,1.27682]},"T5s":{"weight":2.0E-4,"played":[1.0E-4,0.0214,0.9785],"evs":[0.0,1.26748,1.34287]},"T6s":{"weight":0.0,"played":[0.0,0.1598,0.8402],"evs":[0.0,1.77166,1.79751]},"T7s":{"weight":3.0E-4,"played":[0.0,0.5547,0.4453],"evs":[0.0,2.75395,2.70401]},"T8s":{"weight":0.0023,"played":[0.0,0.0066,0.9934],"evs":[0.0,3.63254,3.62948]},"T9s":{"weight":1.0E-4,"played":[0.0,0.0286,0.9714],"evs":[0.0,4.48371,4.58118]},"TT":{"weight":0.002,"played":[0.0,0.0014,0.9986],"evs":[0.0,14.34845,14.71867]},"JTo":{"weight":0.0071,"played":[0.0,0.0202,0.9798],"evs":[0.0,4.07411,4.2633]},"QTo":{"weight":0.0,"played":[0.0,0.0472,0.9528],"evs":[0.0,6.43681,6.72755]},"KTo":{"weight":0.0049,"played":[0.0,0.0011,0.9989],"evs":[0.0,9.81812,10.44978]},"ATo":{"weight":0.0,"played":[0.0,0.0,1.0],"evs":[0.0,10.54424,11.20943]},"J2s":{"weight":2.0E-4,"played":[0.0384,0.7486,0.213],"evs":[0.0,0.70931,0.52626]},"J3s":{"weight":0.0,"played":[1.0E-4,0.6029,0.397],"evs":[0.0,0.7889,0.74251]},"J4s":{"weight":0.0,"played":[2.0E-4,0.0092,0.9906],"evs":[0.0,1.28518,1.50075]},"J5s":{"weight":0.0,"played":[0.0,0.0079,0.9921],"evs":[0.0,1.39201,1.45472]},"J6s":{"weight":0.0,"played":[0.0,0.0181,0.9819],"evs":[0.0,1.41945,1.50572]},"J7s":{"weight":0.0,"played":[0.0,0.0,1.0],"evs":[0.0,2.66429,2.7728]},"J8s":{"weight":0.4984,"played":[0.0,0.0036,0.9964],"evs":[0.0,3.4989,3.64451]},"J9s":{"weight":0.2275,"played":[0.0,6.0E-4,0.9994],"evs":[0.0,4.6841,4.85279]},"JTs":{"weight":0.0026,"played":[0.0,0.0079,0.9921],"evs":[0.0,5.78333,5.97331]},"JJ":{"weight":0.0945,"played":[0.0,0.0181,0.9819],"evs":[0.0,15.73182,16.07937]},"QJo":{"weight":1.0E-4,"played":[0.0,0.0156,0.9844],"evs":[0.0,7.80025,8.06905]},"KJo":{"weight":0.0,"played":[0.0,0.0,1.0],"evs":[0.0,10.31337,10.88787]},"AJo":{"weight":0.0,"played":[0.0,7.0E-4,0.9993],"evs":[0.0,11.04549,11.65951]},"Q2s":{"weight":0.0,"played":[0.0,0.3263,0.6737],"evs":[0.0,1.42099,1.47048]},"Q3s":{"weight":0.0,"played":[0.0,0.0398,0.9602],"evs":[0.0,1.77248,1.90211]},"Q4s":{"weight":0.0,"played":[0.0,0.0023,0.9977],"evs":[0.0,1.93054,2.25475]},"Q5s":{"weight":0.0,"played":[0.0,0.0071,0.9929],"evs":[0.0,2.28724,2.54163]},"Q6s":{"weight":0.0,"played":[0.0,0.0403,0.9597],"evs":[0.0,2.76158,3.04823]},"Q7s":{"weight":0.0443,"played":[0.0,0.0058,0.9942],"evs":[0.0,4.06524,4.40209]},"Q8s":{"weight":0.2641,"played":[0.0,0.0033,0.9967],"evs":[0.0,5.02932,5.3196]},"Q9s":{"weight":0.4136,"played":[0.0,0.0,1.0],"evs":[0.0,6.51166,6.86104]},"QTs":{"weight":0.0403,"played":[0.0,0.0256,0.9744],"evs":[0.0,7.92225,8.25067]},"QJs":{"weight":0.0012,"played":[0.0,0.0059,0.9941],"evs":[0.0,9.25766,9.41506]},"QQ":{"weight":0.2842,"played":[0.0,0.0394,0.9606],"evs":[0.0,18.46793,18.59548]},"KQo":{"weight":0.0026,"played":[0.0,6.0E-4,0.9994],"evs":[0.0,11.57323,12.17989]},"AQo":{"weight":0.0,"played":[0.0,0.0015,0.9985],"evs":[0.0,12.12719,12.79823]},"K2s":{"weight":1.0E-4,"played":[0.0,0.0058,0.9942],"evs":[0.0,5.57466,5.85714]},"K3s":{"weight":0.0,"played":[0.0,0.001,0.999],"evs":[0.0,6.10562,6.45251]},"K4s":{"weight":0.0,"played":[0.0,0.0161,0.9839],"evs":[0.0,6.49057,6.97441]},"K5s":{"weight":0.0,"played":[0.0,0.0137,0.9863],"evs":[0.0,6.96803,7.40621]},"K6s":{"weight":9.0E-4,"played":[0.0,0.0054,0.9946],"evs":[0.0,7.48105,7.96291]},"K7s":{"weight":3.0E-4,"played":[0.0,0.0052,0.9948],"evs":[0.0,8.53843,9.03458]},"K8s":{"weight":0.0024,"played":[0.0,0.0,1.0],"evs":[0.0,9.06948,9.56912]},"K9s":{"weight":3.0E-4,"played":[0.0,1.0E-4,0.9999],"evs":[0.0,10.11612,10.73622]},"KTs":{"weight":0.0125,"played":[0.0,0.0067,0.9933],"evs":[0.0,11.03387,11.66525]},"KJs":{"weight":0.0029,"played":[0.0,8.0E-4,0.9992],"evs":[0.0,11.56517,12.06857]},"KQs":{"weight":0.2855,"played":[0.0,0.0,1.0],"evs":[0.0,12.3461,12.92749]},"KK":{"weight":0.2229,"played":[0.0,0.0147,0.9853],"evs":[0.0,22.05046,22.2591]},"AKo":{"weight":1.0E-4,"played":[0.0,0.0019,0.9981],"evs":[0.0,12.50332,13.25221]},"A2s":{"weight":0.0737,"played":[0.0,0.0016,0.9984],"evs":[0.0,8.30903,8.94789]},"A3s":{"weight":0.0248,"played":[0.0,0.0064,0.9936],"evs":[0.0,8.44866,9.05256]},"A4s":{"weight":0.0094,"played":[0.0,0.0023,0.9977],"evs":[0.0,9.19872,9.75426]},"A5s":{"weight":4.0E-4,"played":[0.0,4.0E-4,0.9996],"evs":[0.0,9.38955,10.01724]},"A6s":{"weight":1.0E-4,"played":[0.0,4.0E-4,0.9996],"evs":[0.0,9.73987,10.32614]},"A7s":{"weight":8.0E-4,"played":[0.0,0.0,1.0],"evs":[0.0,10.15111,10.74561]},"A8s":{"weight":0.0,"played":[0.0,0.0,1.0],"evs":[0.0,10.46178,10.9917]},"A9s":{"weight":4.0E-4,"played":[0.0,0.0025,0.9975],"evs":[0.0,10.80577,11.52258]},"ATs":{"weight":0.0,"played":[0.0,0.0047,0.9953],"evs":[0.0,11.68436,12.31555]},"AJs":{"weight":2.0E-4,"played":[0.0,0.0027,0.9973],"evs":[0.0,11.84897,12.36974]},"AQs":{"weight":1.0E-4,"played":[0.0,6.0E-4,0.9994],"evs":[0.0,13.0658,13.71657]},"AKs":{"weight":0.0017,"played":[0.0,4.0E-4,0.9996],"evs":[0.0,13.69497,14.3464]},"AA":{"weight":0.5779,"played":[0.0,0.0149,0.9851],"evs":[0.0,24.02531,24.39696]}}}