{"player":3,"street":0,"children":2,"sequence":[{"player":0,"type":"F","amount":0,"street":0},{"player":1,"type":"F","amount":0,"street":0},{"player":2,"type":"C","amount":0,"street":0},{"player":3,"type":"R","amount":200000,"street":0},{"player":4,"type":"R","amount":1815000,"street":0},{"player":5,"type":"C","amount":345000,"street":0}],"actions":[{"type":"F","amount":0},{"type":"C","amount":1615000}],"hands":{"22":{"weight":1.0E-4,"played":[0.0,1.0],"evs":[0.0,5.08339]},"32o":{"weight":0.0,"played":[1.0,0.0],"evs":[0.0,-3.42502]},"42o":{"weight":0.0,"played":[1.0,0.0],"evs":[0.0,-3.24243]},"52o":{"weight":0.0,"played":[1.0,0.0],"evs":[0.0,-3.12638]},"62o":{"weight":0.0,"played":[1.0,0.0],"evs":[0.0,-3.35057]},"72o":{"weight":0.0,"played":[1.0,0.0],"evs":[0.0,-3.92016]},"82o":{"weight":0.0,"played":[1.0,0.0],"evs":[0.0,-3.42229]},"92o":{"weight":0.0,"played":[1.0,0.0],"evs":[0.0,-3.17151]},"T2o":{"weight":0.0,"played":[1.0,0.0],"evs":[0.0,-2.52816]},"J2o":{"weight":0.0,"played":[1.0,0.0],"evs":[0.0,-1.74432]},"Q2o":{"weight":0.2805,"played":[1.0,0.0],"evs":[0.0,-0.85163]},"K2o":{"weight":0.0253,"played":[0.9999,1.0E-4],"evs":[0.0,-0.22185]},"A2o":{"weight":1.0E-4,"played":[0.0,1.0],"evs":[0.0,4.25494]},"32s":{"weight":0.0,"played":[1.0,0.0],"evs":[0.0,-1.13355]},"33":{"weight":2.0E-4,"played":[0.0,1.0],"evs":[0.0,5.72907]},"43o":{"weight":0.0,"played":[1.0,0.0],"evs":[0.0,-2.30391]},"53o":{"weight":0.0,"played":[1.0,0.0],"evs":[0.0,-2.10873]},"63o":{"weight":0.0,"played":[1.0,0.0],"evs":[0.0,-2.43876]},"73o":{"weight":0.0,"played":[1.0,0.0],"evs":[0.0,-2.89699]},"83o":{"weight":0.0,"played":[1.0,0.0],"evs":[0.0,-3.14207]},"93o":{"weight":0.0,"played":[1.0,0.0],"evs":[0.0,-2.87381]},"T3o":{"weight":0.0,"played":[1.0,0.0],"evs":[0.0,-2.1775]},"J3o":{"weight":0.0,"played":[1.0,0.0],"evs":[0.0,-1.46163]},"Q3o":{"weight":0.6173,"played":[1.0,0.0],"evs":[0.0,-0.4661]},"K3o":{"weight":0.0,"played":[0.2534,0.7466],"evs":[0.0,0.09841]},"A3o":{"weight":0.0,"played":[0.0,1.0],"evs":[0.0,4.60667]},"42s":{"weight":0.0,"played":[1.0,0.0],"evs":[0.0,-0.95279]},"43s":{"weight":0.0,"played":[0.9994,6.0E-4],"evs":[0.0,-0.03625]},"44":{"weight":0.0,"played":[0.0,1.0],"evs":[0.0,6.75148]},"54o":{"weight":0.0,"played":[1.0,0.0],"evs":[0.0,-1.38683]},"64o":{"weight":0.0,"played":[1.0,0.0],"evs":[0.0,-1.70245]},"74o":{"weight":0.0,"played":[1.0,0.0],"evs":[0.0,-2.127]},"84o":{"weight":0.0,"played":[1.0,0.0],"evs":[0.0,-2.42437]},"94o":{"weight":0.0,"played":[1.0,0.0],"evs":[0.0,-2.7993]},"T4o":{"weight":0.0,"played":[1.0,0.0],"evs":[0.0,-1.89573]},"J4o":{"weight":0.0,"played":[1.0,0.0],"evs":[0.0,-1.30424]},"Q4o":{"weight":0.0221,"played":[1.0,0.0],"evs":[0.0,-0.24724]},"K4o":{"weight":0.0,"played":[0.0,1.0],"evs":[0.0,0.33765]},"A4o":{"weight":2.0E-4,"played":[0.0,1.0],"evs":[0.0,4.9723]},"52s":{"weight":0.0,"played":[1.0,0.0],"evs":[0.0,-0.89242]},"53s":{"weight":0.0,"played":[0.8839,0.1161],"evs":[0.0,0.12593]},"54s":{"weight":0.0269,"played":[0.0,1.0],"evs":[0.0,0.89924]},"55":{"weight":0.0172,"played":[0.0,1.0],"evs":[0.0,7.47908]},"65o":{"weight":0.0,"played":[1.0,0.0],"evs":[0.0,-0.9486]},"75o":{"weight":0.0,"played":[1.0,0.0],"evs":[0.0,-1.31186]},"85o":{"weight":0.0,"played":[1.0,0.0],"evs":[0.0,-1.64005]},"95o":{"weight":0.0,"played":[1.0,0.0],"evs":[0.0,-2.06028]},"T5o":{"weight":0.0,"played":[1.0,0.0],"evs":[0.0,-1.91474]},"J5o":{"weight":0.0116,"played":[1.0,0.0],"evs":[0.0,-1.05684]},"Q5o":{"weight":3.0E-4,"played":[0.9998,2.0E-4],"evs":[0.0,-0.1223]},"K5o":{"weight":0.0,"played":[0.0,1.0],"evs":[0.0,0.67701]},"A5o":{"weight":2.0E-4,"played":[0.0,1.0],"evs":[0.0,5.56944]},"62s":{"weight":0.0,"played":[0.9998,2.0E-4],"evs":[0.0,-1.1872]},"63s":{"weight":0.0,"played":[0.9905,0.0095],"evs":[0.0,-0.17579]},"64s":{"weight":0.0498,"played":[5.0E-4,0.9995],"evs":[0.0,0.45267]},"65s":{"weight":0.8542,"played":[0.0,1.0],"evs":[0.0,1.31384]},"66":{"weight":1.0E-4,"played":[0.0,1.0],"evs":[0.0,8.84195]},"76o":{"weight":0.0,"played":[0.9307,0.0693],"evs":[0.0,-0.26248]},"86o":{"weight":0.0,"played":[1.0,0.0],"evs":[0.0,-0.4188]},"96o":{"weight":0.0018,"played":[0.9999,1.0E-4],"evs":[0.0,-0.77561]},"T6o":{"weight":0.1395,"played":[1.0,0.0],"evs":[0.0,-0.70498]},"J6o":{"weight":0.5094,"played":[1.0,0.0],"evs":[0.0,-0.69912]},"Q6o":{"weight":4.0E-4,"played":[9.0E-4,0.9991],"evs":[0.0,0.45961]},"K6o":{"weight":0.0,"played":[0.0,1.0],"evs":[0.0,1.32207]},"A6o":{"weight":1.0E-4,"played":[0.0,1.0],"evs":[0.0,5.72659]},"72s":{"weight":0.0,"played":[0.9999,1.0E-4],"evs":[0.0,-1.4316]},"73s":{"weight":0.0,"played":[1.0,0.0],"evs":[0.0,-0.80349]},"74s":{"weight":0.0098,"played":[0.2911,0.7089],"evs":[0.0,0.09962]},"75s":{"weight":0.5797,"played":[0.0,1.0],"evs":[0.0,0.80968]},"76s":{"weight":0.2317,"played":[0.0,1.0],"evs":[0.0,2.01142]},"77":{"weight":4.0E-4,"played":[0.0,1.0],"evs":[0.0,10.05216]},"87o":{"weight":4.0E-4,"played":[0.0026,0.9974],"evs":[0.0,0.14905]},"97o":{"weight":2.0E-4,"played":[0.7244,0.2756],"evs":[0.0,-0.14375]},"T7o":{"weight":0.0,"played":[0.5584,0.4416],"evs":[0.0,0.01106]},"J7o":{"weight":3.0E-4,"played":[0.0092,0.9908],"evs":[0.0,0.12554]},"Q7o":{"weight":0.0,"played":[0.0,1.0],"evs":[0.0,0.49973]},"K7o":{"weight":2.0E-4,"played":[0.0,1.0],"evs":[0.0,1.92791]},"A7o":{"weight":0.0,"played":[0.0,1.0],"evs":[0.0,6.93606]},"82s":{"weight":0.0,"played":[0.9999,1.0E-4],"evs":[0.0,-1.16626]},"83s":{"weight":0.0,"played":[0.9991,9.0E-4],"evs":[0.0,-1.0377]},"84s":{"weight":0.0,"played":[0.9997,3.0E-4],"evs":[0.0,-0.26104]},"85s":{"weight":0.0446,"played":[0.0,1.0],"evs":[0.0,0.7067]},"86s":{"weight":0.0512,"played":[0.0,1.0],"evs":[0.0,1.7257]},"87s":{"weight":3.0E-4,"played":[0.0,1.0],"evs":[0.0,2.08925]},"88":{"weight":3.0E-4,"played":[0.0,1.0],"evs":[0.0,11.80334]},"98o":{"weight":0.0,"played":[0.0,1.0],"evs":[0.0,0.87848]},"T8o":{"weight":0.0,"played":[0.0,1.0],"evs":[0.0,1.09467]},"J8o":{"weight":4.0E-4,"played":[0.0,1.0],"evs":[0.0,1.16734]},"Q8o":{"weight":0.0091,"played":[0.0,1.0],"evs":[0.0,1.62886]},"K8o":{"weight":0.0,"played":[0.0,1.0],"evs":[0.0,2.77232]},"A8o":{"weight":0.0,"played":[0.0,1.0],"evs":[0.0,7.95983]},"92s":{"weight":0.0,"played":[0.9999,1.0E-4],"evs":[0.0,-0.77208]},"93s":{"weight":0.0,"played":[0.9998,2.0E-4],"evs":[0.0,-0.57355]},"94s":{"weight":0.1089,"played":[1.0,0.0],"evs":[0.0,-0.72264]},"95s":{"weight":0.0068,"played":[6.0E-4,0.9994],"evs":[0.0,0.11908]},"96s":{"weight":0.0019,"played":[0.0,1.0],"evs":[0.0,1.32423]},"97s":{"weight":0.0012,"played":[0.0,1.0],"evs":[0.0,2.03595]},"98s":{"weight":1.0E-4,"played":[0.0,1.0],"evs":[0.0,2.94358]},"99":{"weight":0.0029,"played":[0.0,1.0],"evs":[0.0,13.85694]},"T9o":{"weight":0.0,"played":[0.0,1.0],"evs":[0.0,2.12869]},"J9o":{"weight":0.0583,"played":[0.0,1.0],"evs":[0.0,2.32574]},"Q9o":{"weight":6.0E-4,"played":[0.0,1.0],"evs":[0.0,2.96691]},"K9o":{"weight":0.0,"played":[0.0,1.0],"evs":[0.0,4.55401]},"A9o":{"weight":0.0,"played":[0.0,1.0],"evs":[0.0,9.51336]},"T2s":{"weight":0.0051,"played":[0.9981,0.0019],"evs":[0.0,-0.30541]},"T3s":{"weight":0.0,"played":[0.1665,0.8335],"evs":[0.0,0.23661]},"T4s":{"weight":3.0E-4,"played":[8.0E-4,0.9992],"evs":[0.0,0.3461]},"T5s":{"weight":2.0E-4,"played":[0.0019,0.9981],"evs":[0.0,0.10796]},"T6s":{"weight":0.0,"played":[2.0E-4,0.9998],"evs":[0.0,1.26942]},"T7s":{"weight":3.0E-4,"played":[0.0,1.0],"evs":[0.0,2.06428]},"T8s":{"weight":0.0023,"played":[0.0,1.0],"evs":[0.0,3.03238]},"T9s":{"weight":1.0E-4,"played":[0.0,1.0],"evs":[0.0,4.05015]},"TT":{"weight":0.002,"played":[0.0,1.0],"evs":[0.0,16.23213]},"JTo":{"weight":0.0071,"played":[0.0,1.0],"evs":[0.0,4.23391]},"QTo":{"weight":0.0,"played":[0.0,1.0],"evs":[0.0,4.70778]},"KTo":{"weight":0.0049,"played":[0.0,1.0],"evs":[0.0,6.61176]},"ATo":{"weight":0.0,"played":[0.0,1.0],"evs":[0.0,11.7004]},"J2s":{"weight":2.0E-4,"played":[0.0837,0.9163],"evs":[0.0,0.36923]},"J3s":{"weight":0.0,"played":[6.0E-4,0.9994],"evs":[0.0,0.82804]},"J4s":{"weight":0.0,"played":[0.0,1.0],"evs":[0.0,0.83007]},"J5s":{"weight":0.0,"played":[1.0E-4,0.9999],"evs":[0.0,1.23398]},"J6s":{"weight":0.0,"played":[1.0E-4,0.9999],"evs":[0.0,1.35348]},"J7s":{"weight":0.0,"played":[0.0,1.0],"evs":[0.0,2.1466]},"J8s":{"weight":0.4984,"played":[0.0,1.0],"evs":[0.0,3.18877]},"J9s":{"weight":0.2275,"played":[0.0,1.0],"evs":[0.0,4.07712]},"JTs":{"weight":0.0026,"played":[0.0,1.0],"evs":[0.0,5.87104]},"JJ":{"weight":0.0945,"played":[0.0,1.0],"evs":[0.0,18.19366]},"QJo":{"weight":1.0E-4,"played":[0.0,1.0],"evs":[0.0,5.22535]},"KJo":{"weight":0.0,"played":[0.0,1.0],"evs":[0.0,7.55716]},"AJo":{"weight":0.0,"played":[0.0,1.0],"evs":[0.0,12.82949]},"Q2s":{"weight":0.0,"played":[0.0,1.0],"evs":[0.0,1.39085]},"Q3s":{"weight":0.0,"played":[2.0E-4,0.9998],"evs":[0.0,1.68722]},"Q4s":{"weight":0.0,"played":[4.0E-4,0.9996],"evs":[0.0,1.81669]},"Q5s":{"weight":0.0,"played":[0.0,1.0],"evs":[0.0,2.05035]},"Q6s":{"weight":0.0,"played":[0.0,1.0],"evs":[0.0,2.64834]},"Q7s":{"weight":0.0443,"played":[0.0,1.0],"evs":[0.0,2.51655]},"Q8s":{"weight":0.2641,"played":[0.0,1.0],"evs":[0.0,3.6076]},"Q9s":{"weight":0.4136,"played":[0.0,1.0],"evs":[0.0,4.76704]},"QTs":{"weight":0.0403,"played":[0.0,1.0],"evs":[0.0,6.34232]},"QJs":{"weight":0.0012,"played":[0.0,1.0],"evs":[0.0,6.74885]},"QQ":{"weight":0.2842,"played":[0.0,1.0],"evs":[0.0,19.74512]},"KQo":{"weight":0.0026,"played":[0.0,1.0],"evs":[0.0,8.79029]},"AQo":{"weight":0.0,"played":[0.0,1.0],"evs":[0.0,14.26069]},"K2s":{"weight":1.0E-4,"played":[0.0,1.0],"evs":[0.0,1.8842]},"K3s":{"weight":0.0,"played":[0.0,1.0],"evs":[0.0,2.02937]},"K4s":{"weight":0.0,"played":[0.0,1.0],"evs":[0.0,2.516]},"K5s":{"weight":0.0,"played":[0.0,1.0],"evs":[0.0,2.89275]},"K6s":{"weight":9.0E-4,"played":[0.0,1.0],"evs":[0.0,3.22548]},"K7s":{"weight":3.0E-4,"played":[0.0,1.0],"evs":[0.0,4.12371]},"K8s":{"weight":0.0024,"played":[0.0,1.0],"evs":[0.0,4.74766]},"K9s":{"weight":3.0E-4,"played":[0.0,1.0],"evs":[0.0,6.47298]},"KTs":{"weight":0.0125,"played":[0.0,1.0],"evs":[0.0,8.05527]},"KJs":{"weight":0.0029,"played":[0.0,1.0],"evs":[0.0,9.1704]},"KQs":{"weight":0.2855,"played":[0.0,1.0],"evs":[0.0,10.34645]},"KK":{"weight":0.2229,"played":[0.0,1.0],"evs":[0.0,23.00346]},"AKo":{"weight":1.0E-4,"played":[0.0,1.0],"evs":[0.0,16.50666]},"A2s":{"weight":0.0737,"played":[0.0,1.0],"evs":[0.0,6.20276]},"A3s":{"weight":0.0248,"played":[0.0,1.0],"evs":[0.0,6.49921]},"A4s":{"weight":0.0094,"played":[0.0,1.0],"evs":[0.0,6.80748]},"A5s":{"weight":4.0E-4,"played":[0.0,1.0],"evs":[0.0,7.33317]},"A6s":{"weight":1.0E-4,"played":[0.0,1.0],"evs":[0.0,7.46884]},"A7s":{"weight":8.0E-4,"played":[0.0,1.0],"evs":[0.0,8.62962]},"A8s":{"weight":0.0,"played":[0.0,1.0],"evs":[0.0,9.68062]},"A9s":{"weight":4.0E-4,"played":[0.0,1.0],"evs":[0.0,10.98241]},"ATs":{"weight":0.0,"played":[0.0,1.0],"evs":[0.0,13.20837]},"AJs":{"weight":2.0E-4,"played":[0.0,1.0],"evs":[0.0,14.32488]},"AQs":{"weight":1.0E-4,"played":[0.0,1.0],"evs":[0.0,15.47134]},"AKs":{"weight":0.0017,"played":[0.0,1.0],"evs":[0.0,17.66984]},"AA":{"weight":0.5779,"played":[0.0,1.0],"evs":[0.0,28.63031]}}}