{"player":3,"street":0,"children":3,"sequence":[{"player":0,"type":"F","amount":0,"street":0},{"player":1,"type":"C","amount":100000,"street":0},{"player":2,"type":"C","amount":0,"street":0}],"actions":[{"type":"F","amount":0,"node":35},{"type":"R","amount":200000,"node":47},{"type":"R","amount":1815000,"node":104}],"hands":{"22":{"weight":1.0,"played":[0.0,0.9659,0.0341],"evs":[0.0,0.77305,0.50969]},"32o":{"weight":1.0,"played":[1.0,0.0,0.0],"evs":[0.0,-1.13308,-4.02576]},"42o":{"weight":1.0,"played":[1.0,0.0,0.0],"evs":[0.0,-1.01561,-3.60222]},"52o":{"weight":1.0,"played":[1.0,0.0,0.0],"evs":[0.0,-0.97665,-3.45428]},"62o":{"weight":1.0,"played":[1.0,0.0,0.0],"evs":[0.0,-1.09692,-3.83078]},"72o":{"weight":1.0,"played":[1.0,0.0,0.0],"evs":[0.0,-1.17306,-4.25296]},"82o":{"weight":1.0,"played":[1.0,0.0,0.0],"evs":[0.0,-1.0008,-3.79359]},"92o":{"weight":1.0,"played":[1.0,0.0,0.0],"evs":[0.0,-1.12084,-3.79651]},"T2o":{"weight":1.0,"played":[1.0,0.0,0.0],"evs":[0.0,-0.82595,-3.09245]},"J2o":{"weight":1.0,"played":[1.0,0.0,0.0],"evs":[0.0,-0.7321,-2.68556]},"Q2o":{"weight":1.0,"played":[1.0,0.0,0.0],"evs":[0.0,-0.51844,-2.17772]},"K2o":{"weight":1.0,"played":[1.0,0.0,0.0],"evs":[0.0,-0.21794,-1.43191]},"A2o":{"weight":1.0,"played":[0.0,1.0E-4,0.9999],"evs":[0.0,1.66914,1.82205]},"32s":{"weight":1.0,"played":[1.0,0.0,0.0],"evs":[0.0,-0.78619,-2.39181]},"33":{"weight":1.0,"played":[0.0,0.9357,0.0643],"evs":[0.0,1.59288,1.54646]},"43o":{"weight":1.0,"played":[1.0,0.0,0.0],"evs":[0.0,-0.89172,-2.87064]},"53o":{"weight":1.0,"played":[1.0,0.0,0.0],"evs":[0.0,-0.78728,-2.52418]},"63o":{"weight":1.0,"played":[1.0,0.0,0.0],"evs":[0.0,-0.95707,-3.04066]},"73o":{"weight":1.0,"played":[1.0,0.0,0.0],"evs":[0.0,-1.02863,-3.31242]},"83o":{"weight":1.0,"played":[1.0,0.0,0.0],"evs":[0.0,-0.94932,-3.35386]},"93o":{"weight":1.0,"played":[1.0,0.0,0.0],"evs":[0.0,-1.08192,-3.39534]},"T3o":{"weight":1.0,"played":[1.0,0.0,0.0],"evs":[0.0,-0.79312,-2.54325]},"J3o":{"weight":1.0,"played":[1.0,0.0,0.0],"evs":[0.0,-0.68818,-2.24425]},"Q3o":{"weight":1.0,"played":[1.0,0.0,0.0],"evs":[0.0,-0.45176,-1.59265]},"K3o":{"weight":1.0,"played":[1.0,0.0,0.0],"evs":[0.0,-0.16865,-0.92236]},"A3o":{"weight":1.0,"played":[0.0,0.0104,0.9896],"evs":[0.0,1.93774,2.10045]},"42s":{"weight":1.0,"played":[1.0,0.0,0.0],"evs":[0.0,-0.63549,-2.12418]},"43s":{"weight":1.0,"played":[1.0,0.0,0.0],"evs":[0.0,-0.39345,-1.41058]},"44":{"weight":1.0,"played":[0.0,0.3412,0.6588],"evs":[0.0,2.11651,2.12742]},"54o":{"weight":1.0,"played":[1.0,0.0,0.0],"evs":[0.0,-0.62841,-1.90915]},"64o":{"weight":1.0,"played":[1.0,0.0,0.0],"evs":[0.0,-0.76613,-2.3533]},"74o":{"weight":1.0,"played":[1.0,0.0,0.0],"evs":[0.0,-0.84583,-2.59158]},"84o":{"weight":1.0,"played":[1.0,0.0,0.0],"evs":[0.0,-0.81358,-2.71625]},"94o":{"weight":1.0,"played":[1.0,0.0,0.0],"evs":[0.0,-1.02937,-3.18047]},"T4o":{"weight":1.0,"played":[1.0,0.0,0.0],"evs":[0.0,-0.71122,-2.19235]},"J4o":{"weight":1.0,"played":[1.0,0.0,0.0],"evs":[0.0,-0.61478,-1.88243]},"Q4o":{"weight":1.0,"played":[1.0,0.0,0.0],"evs":[0.0,-0.38838,-1.37312]},"K4o":{"weight":1.0,"played":[1.0,0.0,0.0],"evs":[0.0,-0.10642,-0.77061]},"A4o":{"weight":1.0,"played":[0.0,3.0E-4,0.9997],"evs":[0.0,2.13939,2.35855]},"52s":{"weight":1.0,"played":[1.0,0.0,0.0],"evs":[0.0,-0.5804,-1.89633]},"53s":{"weight":1.0,"played":[1.0,0.0,0.0],"evs":[0.0,-0.40329,-1.33243]},"54s":{"weight":1.0,"played":[1.0,0.0,0.0],"evs":[0.0,-0.11266,-0.55819]},"55":{"weight":1.0,"played":[0.0,0.0,1.0],"evs":[0.0,2.72295,2.83108]},"65o":{"weight":1.0,"played":[1.0,0.0,0.0],"evs":[0.0,-0.56463,-1.7441]},"75o":{"weight":1.0,"played":[1.0,0.0,0.0],"evs":[0.0,-0.6924,-1.96613]},"85o":{"weight":1.0,"played":[1.0,0.0,0.0],"evs":[0.0,-0.66785,-2.08296]},"95o":{"weight":1.0,"played":[1.0,0.0,0.0],"evs":[0.0,-0.87146,-2.4543]},"T5o":{"weight":1.0,"played":[1.0,0.0,0.0],"evs":[0.0,-0.69168,-2.18717]},"J5o":{"weight":1.0,"played":[1.0,0.0,0.0],"evs":[0.0,-0.51057,-1.71568]},"Q5o":{"weight":1.0,"played":[1.0,0.0,0.0],"evs":[0.0,-0.26901,-1.03533]},"K5o":{"weight":1.0,"played":[0.8564,0.1435,0.0],"evs":[0.0,-0.00718,-0.50664]},"A5o":{"weight":1.0,"played":[0.0,3.0E-4,0.9997],"evs":[0.0,2.3862,2.63636]},"62s":{"weight":1.0,"played":[1.0,0.0,0.0],"evs":[0.0,-0.73437,-2.44857]},"63s":{"weight":1.0,"played":[1.0,0.0,0.0],"evs":[0.0,-0.58991,-1.52189]},"64s":{"weight":1.0,"played":[1.0,0.0,0.0],"evs":[0.0,-0.33237,-0.87466]},"65s":{"weight":1.0,"played":[0.8482,0.1518,0.0],"evs":[0.0,-0.02091,-0.32768]},"66":{"weight":1.0,"played":[0.0,0.0018,0.9982],"evs":[0.0,3.32944,3.45953]},"76o":{"weight":1.0,"played":[1.0,0.0,0.0],"evs":[0.0,-0.55829,-1.48236]},"86o":{"weight":1.0,"played":[1.0,0.0,0.0],"evs":[0.0,-0.52294,-1.58723]},"96o":{"weight":1.0,"played":[1.0,0.0,0.0],"evs":[0.0,-0.77376,-2.0567]},"T6o":{"weight":1.0,"played":[1.0,0.0,0.0],"evs":[0.0,-0.54466,-1.58019]},"J6o":{"weight":1.0,"played":[1.0,0.0,0.0],"evs":[0.0,-0.5359,-1.67407]},"Q6o":{"weight":1.0,"played":[0.9999,1.0E-4,0.0],"evs":[0.0,-0.22768,-0.99394]},"K6o":{"weight":1.0,"played":[0.1321,0.8678,1.0E-4],"evs":[0.0,0.04834,-0.28961]},"A6o":{"weight":1.0,"played":[0.0,0.0194,0.9806],"evs":[0.0,2.43856,2.57497]},"72s":{"weight":1.0,"played":[1.0,0.0,0.0],"evs":[0.0,-0.81982,-2.85347]},"73s":{"weight":1.0,"played":[1.0,0.0,0.0],"evs":[0.0,-0.65559,-1.859]},"74s":{"weight":1.0,"played":[1.0,0.0,0.0],"evs":[0.0,-0.38407,-1.12984]},"75s":{"weight":1.0,"played":[1.0,0.0,0.0],"evs":[0.0,-0.27374,-0.56535]},"76s":{"weight":1.0,"played":[0.7157,0.2826,0.0017],"evs":[0.0,-0.00664,-0.23055]},"77":{"weight":1.0,"played":[0.0,0.0012,0.9988],"evs":[0.0,3.73582,3.89488]},"87o":{"weight":1.0,"played":[1.0,0.0,0.0],"evs":[0.0,-0.36594,-1.09531]},"97o":{"weight":1.0,"played":[1.0,0.0,0.0],"evs":[0.0,-0.71208,-1.55978]},"T7o":{"weight":1.0,"played":[1.0,0.0,0.0],"evs":[0.0,-0.37747,-1.15009]},"J7o":{"weight":1.0,"played":[1.0,0.0,0.0],"evs":[0.0,-0.36835,-1.23386]},"Q7o":{"weight":1.0,"played":[1.0,0.0,0.0],"evs":[0.0,-0.20698,-1.03302]},"K7o":{"weight":1.0,"played":[0.0036,0.9964,1.0E-4],"evs":[0.0,0.14873,-0.23734]},"A7o":{"weight":1.0,"played":[0.0,0.4339,0.5661],"evs":[0.0,2.84728,2.86158]},"82s":{"weight":1.0,"played":[1.0,0.0,0.0],"evs":[0.0,-0.72033,-2.30833]},"83s":{"weight":1.0,"played":[1.0,0.0,0.0],"evs":[0.0,-0.64101,-1.96784]},"84s":{"weight":1.0,"played":[1.0,0.0,0.0],"evs":[0.0,-0.42508,-1.18465]},"85s":{"weight":1.0,"played":[1.0,0.0,0.0],"evs":[0.0,-0.13111,-0.66965]},"86s":{"weight":1.0,"played":[0.2856,0.7118,0.0026],"evs":[0.0,0.11531,-0.21846]},"87s":{"weight":1.0,"played":[0.0366,0.9577,0.0057],"evs":[0.0,0.2546,0.17174]},"88":{"weight":1.0,"played":[0.0,0.013,0.987],"evs":[0.0,4.98259,5.05773]},"98o":{"weight":1.0,"played":[1.0,0.0,0.0],"evs":[0.0,-0.37392,-1.00429]},"T8o":{"weight":1.0,"played":[1.0,0.0,0.0],"evs":[0.0,-0.10432,-0.59619]},"J8o":{"weight":1.0,"played":[0.9459,0.0541,0.0],"evs":[0.0,-0.03303,-0.5945]},"Q8o":{"weight":1.0,"played":[0.0074,0.9926,0.0],"evs":[0.0,0.06569,-0.404]},"K8o":{"weight":1.0,"played":[6.0E-4,0.9967,0.0027],"evs":[0.0,0.37034,0.25294]},"A8o":{"weight":1.0,"played":[0.0,0.0091,0.9909],"evs":[0.0,3.34284,3.55984]},"92s":{"weight":1.0,"played":[1.0,0.0,0.0],"evs":[0.0,-0.77971,-2.19773]},"93s":{"weight":1.0,"played":[1.0,0.0,0.0],"evs":[0.0,-0.76988,-1.93578]},"94s":{"weight":1.0,"played":[1.0,0.0,0.0],"evs":[0.0,-0.70419,-1.7103]},"95s":{"weight":1.0,"played":[1.0,0.0,0.0],"evs":[0.0,-0.53424,-1.04918]},"96s":{"weight":1.0,"played":[0.9998,2.0E-4,0.0],"evs":[0.0,-0.30964,-0.63777]},"97s":{"weight":1.0,"played":[0.9849,0.0108,0.0043],"evs":[0.0,-0.02813,-0.15488]},"98s":{"weight":1.0,"played":[0.0316,0.1446,0.8237],"evs":[0.0,0.33314,0.35065]},"99":{"weight":1.0,"played":[0.0,0.3105,0.6895],"evs":[0.0,5.81563,5.82847]},"T9o":{"weight":1.0,"played":[0.8064,0.1936,0.0],"evs":[0.0,-0.02029,-0.14174]},"J9o":{"weight":1.0,"played":[6.0E-4,0.9992,2.0E-4],"evs":[0.0,0.07291,-0.29791]},"Q9o":{"weight":1.0,"played":[0.0,0.9998,2.0E-4],"evs":[0.0,0.29835,0.09829]},"K9o":{"weight":1.0,"played":[0.0,0.9642,0.0358],"evs":[0.0,1.27066,1.23696]},"A9o":{"weight":1.0,"played":[0.0,0.0266,0.9734],"evs":[0.0,3.76367,3.91262]},"T2s":{"weight":1.0,"played":[1.0,0.0,0.0],"evs":[0.0,-0.44405,-1.58477]},"T3s":{"weight":1.0,"played":[1.0,0.0,0.0],"evs":[0.0,-0.43347,-0.99776]},"T4s":{"weight":1.0,"played":[1.0,0.0,0.0],"evs":[0.0,-0.36856,-0.86631]},"T5s":{"weight":1.0,"played":[1.0,0.0,0.0],"evs":[0.0,-0.24927,-0.66504]},"T6s":{"weight":1.0,"played":[0.987,0.0116,0.0014],"evs":[0.0,-0.13602,-0.31736]},"T7s":{"weight":1.0,"played":[0.0229,0.0374,0.9397],"evs":[0.0,0.12909,0.20693]},"T8s":{"weight":1.0,"played":[1.0E-4,0.1111,0.8888],"evs":[0.0,0.49308,0.57217]},"T9s":{"weight":1.0,"played":[0.0,0.0174,0.9826],"evs":[0.0,0.69985,1.00719]},"TT":{"weight":1.0,"played":[0.0,0.3412,0.6588],"evs":[0.0,7.40411,7.44456]},"JTo":{"weight":1.0,"played":[0.0,0.3258,0.6742],"evs":[0.0,0.83394,0.85521]},"QTo":{"weight":1.0,"played":[0.0,0.0525,0.9475],"evs":[0.0,1.20626,1.26231]},"KTo":{"weight":1.0,"played":[0.0,0.1553,0.8447],"evs":[0.0,2.5248,2.55804]},"ATo":{"weight":1.0,"played":[0.0,0.0061,0.9939],"evs":[0.0,4.86631,5.03293]},"J2s":{"weight":1.0,"played":[1.0,0.0,0.0],"evs":[0.0,-0.31744,-1.28114]},"J3s":{"weight":1.0,"played":[0.9981,0.0018,1.0E-4],"evs":[0.0,-0.26352,-0.8337]},"J4s":{"weight":1.0,"played":[1.0,0.0,0.0],"evs":[0.0,-0.15379,-0.62533]},"J5s":{"weight":1.0,"played":[1.0,0.0,0.0],"evs":[0.0,-0.07524,-0.34439]},"J6s":{"weight":1.0,"played":[0.5664,0.4314,0.0022],"evs":[0.0,-0.01277,-0.27831]},"J7s":{"weight":1.0,"played":[0.028,0.6541,0.3179],"evs":[0.0,0.1362,0.05088]},"J8s":{"weight":1.0,"played":[0.0,0.0801,0.9199],"evs":[0.0,0.57565,0.58357]},"J9s":{"weight":1.0,"played":[0.0,0.0014,0.9985],"evs":[0.0,0.82806,1.00492]},"JTs":{"weight":1.0,"played":[0.0,0.0065,0.9935],"evs":[0.0,1.9414,2.07661]},"JJ":{"weight":1.0,"played":[0.0,0.9538,0.0462],"evs":[0.0,8.30615,8.21953]},"QJo":{"weight":1.0,"played":[0.0,0.6618,0.3382],"evs":[0.0,1.51733,1.53169]},"KJo":{"weight":1.0,"played":[0.0,0.336,0.664],"evs":[0.0,2.8988,2.97746]},"AJo":{"weight":1.0,"played":[0.0,0.0165,0.9835],"evs":[0.0,5.33154,5.49111]},"Q2s":{"weight":1.0,"played":[0.995,0.002,0.003],"evs":[0.0,-0.11676,-0.66089]},"Q3s":{"weight":1.0,"played":[0.8534,0.1458,8.0E-4],"evs":[0.0,-0.02594,-0.21539]},"Q4s":{"weight":1.0,"played":[0.1536,0.7961,0.0503],"evs":[0.0,0.02979,-0.08324]},"Q5s":{"weight":1.0,"played":[0.0284,0.3126,0.6591],"evs":[0.0,0.24803,0.27039]},"Q6s":{"weight":1.0,"played":[8.0E-4,0.1839,0.8153],"evs":[0.0,0.29092,0.35053]},"Q7s":{"weight":1.0,"played":[0.0,0.0142,0.9858],"evs":[0.0,0.27639,0.39798]},"Q8s":{"weight":1.0,"played":[0.0,0.0017,0.9983],"evs":[0.0,0.72606,0.85908]},"Q9s":{"weight":1.0,"played":[0.0,0.4883,0.5117],"evs":[0.0,1.23027,1.26641]},"QTs":{"weight":1.0,"played":[0.0,0.1372,0.8628],"evs":[0.0,2.43413,2.51544]},"QJs":{"weight":1.0,"played":[0.0,0.5928,0.4072],"evs":[0.0,2.54938,2.57012]},"QQ":{"weight":1.0,"played":[0.0,0.9743,0.0257],"evs":[0.0,10.19256,9.91676]},"KQo":{"weight":1.0,"played":[0.0,0.6959,0.3041],"evs":[0.0,3.67606,3.68974]},"AQo":{"weight":1.0,"played":[0.0,0.2215,0.7785],"evs":[0.0,6.19414,6.22331]},"K2s":{"weight":1.0,"played":[0.02,0.9756,0.0043],"evs":[0.0,0.1414,-0.08627]},"K3s":{"weight":1.0,"played":[3.0E-4,0.0168,0.9829],"evs":[0.0,0.32173,0.49916]},"K4s":{"weight":1.0,"played":[0.0027,0.019,0.9783],"evs":[0.0,0.30318,0.61592]},"K5s":{"weight":1.0,"played":[2.0E-4,0.0089,0.9909],"evs":[0.0,0.64334,0.8471]},"K6s":{"weight":1.0,"played":[1.0E-4,0.0251,0.9748],"evs":[0.0,0.8062,0.89415]},"K7s":{"weight":1.0,"played":[0.0,0.7583,0.2417],"evs":[0.0,1.07341,1.00333]},"K8s":{"weight":1.0,"played":[0.0,0.06,0.94],"evs":[0.0,1.48393,1.4911]},"K9s":{"weight":1.0,"played":[0.0,0.9758,0.0242],"evs":[0.0,2.46078,2.34445]},"KTs":{"weight":1.0,"played":[0.0,0.3283,0.6717],"evs":[0.0,3.67357,3.69976]},"KJs":{"weight":1.0,"played":[0.0,0.1212,0.8788],"evs":[0.0,3.99368,4.04262]},"KQs":{"weight":1.0,"played":[0.0,0.8091,0.1909],"evs":[0.0,4.73359,4.75428]},"KK":{"weight":1.0,"played":[0.0,1.0,0.0],"evs":[0.0,13.45346,12.67356]},"AKo":{"weight":1.0,"played":[0.0,0.9975,0.0025],"evs":[0.0,7.35868,7.30898]},"A2s":{"weight":1.0,"played":[0.0,0.0,1.0],"evs":[0.0,2.84373,3.17624]},"A3s":{"weight":1.0,"played":[0.0,2.0E-4,0.9998],"evs":[0.0,3.04679,3.20706]},"A4s":{"weight":1.0,"played":[0.0,0.0028,0.9972],"evs":[0.0,3.18303,3.38469]},"A5s":{"weight":1.0,"played":[0.0,0.0046,0.9954],"evs":[0.0,3.49426,3.75376]},"A6s":{"weight":1.0,"played":[0.0,0.014,0.986],"evs":[0.0,3.50041,3.63571]},"A7s":{"weight":1.0,"played":[0.0,0.3022,0.6978],"evs":[0.0,3.96939,4.00053]},"A8s":{"weight":1.0,"played":[0.0,0.1678,0.8322],"evs":[0.0,4.52292,4.68946]},"A9s":{"weight":1.0,"played":[0.0,0.0053,0.9947],"evs":[0.0,4.87162,4.96383]},"ATs":{"weight":1.0,"played":[0.0,0.3761,0.6239],"evs":[0.0,5.7358,5.7744]},"AJs":{"weight":1.0,"played":[0.0,0.1397,0.8603],"evs":[0.0,6.20162,6.28849]},"AQs":{"weight":1.0,"played":[0.0,0.9741,0.0259],"evs":[0.0,7.17013,7.10937]},"AKs":{"weight":1.0,"played":[0.0,0.9801,0.0199],"evs":[0.0,8.27101,8.11214]},"AA":{"weight":1.0,"played":[0.0,0.9998,2.0E-4],"evs":[0.0,17.32533,16.38551]}}}