{"player":1,"street":0,"children":2,"sequence":[{"player":0,"type":"F","amount":0,"street":0},{"player":1,"type":"C","amount":100000,"street":0},{"player":2,"type":"C","amount":0,"street":0},{"player":3,"type":"F","amount":0,"street":0},{"player":4,"type":"F","amount":0,"street":0},{"player":5,"type":"R","amount":445000,"street":0}],"actions":[{"type":"F","amount":0},{"type":"C","amount":345000}],"hands":{"22":{"weight":0.5496,"played":[0.0,1.0],"evs":[0.0,3.12294]},"32o":{"weight":0.0,"played":[0.0,1.0],"evs":[0.0,0.33004]},"42o":{"weight":0.0,"played":[2.0E-4,0.9998],"evs":[0.0,0.44407]},"52o":{"weight":0.0,"played":[0.0,1.0],"evs":[0.0,0.59069]},"62o":{"weight":0.0,"played":[0.0,1.0],"evs":[0.0,0.32261]},"72o":{"weight":0.0,"played":[0.0,1.0],"evs":[0.0,0.33326]},"82o":{"weight":0.0,"played":[0.0,1.0],"evs":[0.0,0.39026]},"92o":{"weight":0.0,"played":[0.0,1.0],"evs":[0.0,0.39278]},"T2o":{"weight":0.0,"played":[0.0,1.0],"evs":[0.0,0.63531]},"J2o":{"weight":0.0,"played":[0.0,1.0],"evs":[0.0,0.86618]},"Q2o":{"weight":0.0,"played":[0.0,1.0],"evs":[0.0,0.93814]},"K2o":{"weight":0.0,"played":[0.0,1.0],"evs":[0.0,1.43338]},"A2o":{"weight":0.5341,"played":[0.0,1.0],"evs":[0.0,2.86562]},"32s":{"weight":0.0,"played":[0.0,1.0],"evs":[0.0,1.12715]},"33":{"weight":0.0,"played":[0.0,1.0],"evs":[0.0,3.31878]},"43o":{"weight":0.0,"played":[0.0,1.0],"evs":[0.0,0.75835]},"53o":{"weight":0.0,"played":[0.0,1.0],"evs":[0.0,0.88648]},"63o":{"weight":0.0,"played":[0.0,1.0],"evs":[0.0,0.80928]},"73o":{"weight":0.0,"played":[0.0,1.0],"evs":[0.0,0.75014]},"83o":{"weight":0.0,"played":[0.0,1.0],"evs":[0.0,0.56501]},"93o":{"weight":0.0,"played":[0.0,1.0],"evs":[0.0,0.6873]},"T3o":{"weight":0.0,"played":[0.0,1.0],"evs":[0.0,0.87261]},"J3o":{"weight":0.0,"played":[0.0,1.0],"evs":[0.0,1.03714]},"Q3o":{"weight":0.0,"played":[0.0,1.0],"evs":[0.0,1.20366]},"K3o":{"weight":0.0,"played":[0.0,1.0],"evs":[0.0,1.57914]},"A3o":{"weight":0.0051,"played":[0.0,1.0],"evs":[0.0,3.08176]},"42s":{"weight":0.0,"played":[0.0,1.0],"evs":[0.0,1.1553]},"43s":{"weight":0.0,"played":[0.0,1.0],"evs":[0.0,1.55337]},"44":{"weight":0.0,"played":[0.0,1.0],"evs":[0.0,3.62533]},"54o":{"weight":0.0,"played":[0.0,1.0],"evs":[0.0,1.1105]},"64o":{"weight":0.0,"played":[0.0,1.0],"evs":[0.0,1.1258]},"74o":{"weight":0.0,"played":[0.0,1.0],"evs":[0.0,1.11793]},"84o":{"weight":0.0,"played":[0.0,1.0],"evs":[0.0,0.98819]},"94o":{"weight":0.0,"played":[0.0,1.0],"evs":[0.0,0.81771]},"T4o":{"weight":0.0,"played":[0.0,1.0],"evs":[0.0,1.02387]},"J4o":{"weight":0.0,"played":[0.0,1.0],"evs":[0.0,1.22625]},"Q4o":{"weight":0.0,"played":[0.0,1.0],"evs":[0.0,1.2785]},"K4o":{"weight":0.0,"played":[0.0,1.0],"evs":[0.0,1.78208]},"A4o":{"weight":0.0013,"played":[0.0,1.0],"evs":[0.0,3.17476]},"52s":{"weight":0.0,"played":[0.0,1.0],"evs":[0.0,1.46061]},"53s":{"weight":0.0,"played":[0.0,1.0],"evs":[0.0,1.82315]},"54s":{"weight":0.0,"played":[0.0,1.0],"evs":[0.0,1.93179]},"55":{"weight":0.0,"played":[0.0,1.0],"evs":[0.0,4.02105]},"65o":{"weight":0.0,"played":[0.0,1.0],"evs":[0.0,1.42783]},"75o":{"weight":0.0,"played":[0.0,1.0],"evs":[0.0,1.37235]},"85o":{"weight":0.0,"played":[0.0,1.0],"evs":[0.0,1.27235]},"95o":{"weight":0.0,"played":[0.0,1.0],"evs":[0.0,1.11376]},"T5o":{"weight":0.0,"played":[0.0,1.0],"evs":[0.0,1.11129]},"J5o":{"weight":0.0,"played":[0.0,1.0],"evs":[0.0,1.24186]},"Q5o":{"weight":0.0,"played":[0.0,1.0],"evs":[0.0,1.46747]},"K5o":{"weight":0.0044,"played":[0.0,1.0],"evs":[0.0,1.89234]},"A5o":{"weight":7.0E-4,"played":[0.0,1.0],"evs":[0.0,3.32659]},"62s":{"weight":0.0,"played":[0.0,1.0],"evs":[0.0,1.20108]},"63s":{"weight":0.0,"played":[0.0,1.0],"evs":[0.0,1.59111]},"64s":{"weight":0.0,"played":[0.0,1.0],"evs":[0.0,1.84826]},"65s":{"weight":0.0,"played":[0.0,1.0],"evs":[0.0,2.12294]},"66":{"weight":0.0,"played":[0.0,1.0],"evs":[0.0,4.37946]},"76o":{"weight":0.0,"played":[0.0,1.0],"evs":[0.0,1.65614]},"86o":{"weight":0.0,"played":[0.0,1.0],"evs":[0.0,1.53034]},"96o":{"weight":0.0,"played":[0.0,1.0],"evs":[0.0,1.37601]},"T6o":{"weight":0.0,"played":[0.0,1.0],"evs":[0.0,1.35399]},"J6o":{"weight":0.0,"played":[0.0,1.0],"evs":[0.0,1.27398]},"Q6o":{"weight":0.0,"played":[0.0,1.0],"evs":[0.0,1.52556]},"K6o":{"weight":0.4598,"played":[0.0,1.0],"evs":[0.0,2.05925]},"A6o":{"weight":7.0E-4,"played":[0.0,1.0],"evs":[0.0,3.44759]},"72s":{"weight":0.0,"played":[0.0,1.0],"evs":[0.0,0.99522]},"73s":{"weight":0.0,"played":[0.0,1.0],"evs":[0.0,1.36288]},"74s":{"weight":0.0,"played":[0.0,1.0],"evs":[0.0,1.68133]},"75s":{"weight":0.0,"played":[0.0,1.0],"evs":[0.0,2.08461]},"76s":{"weight":0.0,"played":[0.0,1.0],"evs":[0.0,2.27826]},"77":{"weight":0.0,"played":[0.0,1.0],"evs":[0.0,4.8148]},"87o":{"weight":0.0,"played":[0.0,1.0],"evs":[0.0,1.82323]},"97o":{"weight":0.0,"played":[0.0,1.0],"evs":[0.0,1.62139]},"T7o":{"weight":0.0,"played":[0.0,1.0],"evs":[0.0,1.65854]},"J7o":{"weight":0.0,"played":[0.0,1.0],"evs":[0.0,1.53751]},"Q7o":{"weight":0.0,"played":[0.0,1.0],"evs":[0.0,1.51711]},"K7o":{"weight":0.9841,"played":[0.0,1.0],"evs":[0.0,2.21217]},"A7o":{"weight":0.0,"played":[0.0,1.0],"evs":[0.0,3.85413]},"82s":{"weight":0.0,"played":[0.0,1.0],"evs":[0.0,1.31917]},"83s":{"weight":0.0,"played":[0.0,1.0],"evs":[0.0,1.31307]},"84s":{"weight":0.0,"played":[0.0,1.0],"evs":[0.0,1.68525]},"85s":{"weight":0.0,"played":[0.0,1.0],"evs":[0.0,1.80169]},"86s":{"weight":0.0,"played":[0.0,1.0],"evs":[0.0,2.29555]},"87s":{"weight":0.3766,"played":[0.0,1.0],"evs":[0.0,2.40683]},"88":{"weight":0.4863,"played":[0.0,1.0],"evs":[0.0,5.20248]},"98o":{"weight":0.0,"played":[0.0,1.0],"evs":[0.0,1.90469]},"T8o":{"weight":0.0,"played":[0.0,1.0],"evs":[0.0,1.94635]},"J8o":{"weight":0.0,"played":[0.0,1.0],"evs":[0.0,1.88192]},"Q8o":{"weight":0.0182,"played":[0.0,1.0],"evs":[0.0,1.75937]},"K8o":{"weight":0.9752,"played":[0.0,1.0],"evs":[0.0,2.39974]},"A8o":{"weight":0.0,"played":[0.0,1.0],"evs":[0.0,4.17859]},"92s":{"weight":0.0,"played":[0.0,1.0],"evs":[0.0,1.01857]},"93s":{"weight":0.0,"played":[0.0,1.0],"evs":[0.0,1.44006]},"94s":{"weight":0.0,"played":[0.0,1.0],"evs":[0.0,1.47703]},"95s":{"weight":0.0,"played":[0.0,1.0],"evs":[0.0,1.779]},"96s":{"weight":0.0,"played":[0.0,1.0],"evs":[0.0,2.11953]},"97s":{"weight":0.0041,"played":[0.0,1.0],"evs":[0.0,2.5094]},"98s":{"weight":0.6855,"played":[0.0,1.0],"evs":[0.0,2.54324]},"99":{"weight":0.0495,"played":[0.0,1.0],"evs":[0.0,5.79894]},"T9o":{"weight":0.8671,"played":[0.0,1.0],"evs":[0.0,2.18765]},"J9o":{"weight":0.9728,"played":[0.0,1.0],"evs":[0.0,2.14209]},"Q9o":{"weight":0.994,"played":[0.0,1.0],"evs":[0.0,2.17127]},"K9o":{"weight":0.4882,"played":[0.0,1.0],"evs":[0.0,2.87366]},"A9o":{"weight":0.0,"played":[0.0,1.0],"evs":[0.0,4.63496]},"T2s":{"weight":0.0,"played":[0.0,1.0],"evs":[0.0,1.40194]},"T3s":{"weight":0.0,"played":[0.0,1.0],"evs":[0.0,1.3932]},"T4s":{"weight":0.0,"played":[0.0,1.0],"evs":[0.0,1.57374]},"T5s":{"weight":0.0,"played":[0.0,1.0],"evs":[0.0,1.77649]},"T6s":{"weight":0.0,"played":[0.0,1.0],"evs":[0.0,1.94323]},"T7s":{"weight":0.7778,"played":[0.0,1.0],"evs":[0.0,2.32458]},"T8s":{"weight":0.0088,"played":[0.0,1.0],"evs":[0.0,2.56126]},"T9s":{"weight":6.0E-4,"played":[0.0,1.0],"evs":[0.0,2.81625]},"TT":{"weight":0.0017,"played":[0.0,1.0],"evs":[0.0,6.67323]},"JTo":{"weight":0.0,"played":[0.0,1.0],"evs":[0.0,2.70335]},"QTo":{"weight":0.0,"played":[0.0,1.0],"evs":[0.0,2.91906]},"KTo":{"weight":0.0,"played":[0.0,1.0],"evs":[0.0,3.64027]},"ATo":{"weight":0.0,"played":[0.0,1.0],"evs":[0.0,5.49004]},"J2s":{"weight":0.0,"played":[0.0,1.0],"evs":[0.0,1.31184]},"J3s":{"weight":0.0,"played":[0.0,1.0],"evs":[0.0,1.69543]},"J4s":{"weight":0.0,"played":[0.0,1.0],"evs":[0.0,1.86422]},"J5s":{"weight":0.0,"played":[0.0,1.0],"evs":[0.0,2.02772]},"J6s":{"weight":0.0,"played":[0.0,1.0],"evs":[0.0,1.94125]},"J7s":{"weight":0.3631,"played":[0.0,1.0],"evs":[0.0,2.19302]},"J8s":{"weight":0.0114,"played":[0.0,1.0],"evs":[0.0,2.56759]},"J9s":{"weight":0.0,"played":[0.0,1.0],"evs":[0.0,2.59362]},"JTs":{"weight":0.0,"played":[0.0,1.0],"evs":[0.0,3.29216]},"JJ":{"weight":0.1167,"played":[0.0,1.0],"evs":[0.0,7.18078]},"QJo":{"weight":0.0,"played":[0.0,1.0],"evs":[0.0,3.21391]},"KJo":{"weight":0.0,"played":[0.0,1.0],"evs":[0.0,4.09126]},"AJo":{"weight":0.0,"played":[0.0,1.0],"evs":[0.0,5.91617]},"Q2s":{"weight":0.0,"played":[0.0,1.0],"evs":[0.0,1.7244]},"Q3s":{"weight":0.0,"played":[0.0,1.0],"evs":[0.0,1.79713]},"Q4s":{"weight":0.0,"played":[0.0,1.0],"evs":[0.0,2.00318]},"Q5s":{"weight":0.0178,"played":[0.0,1.0],"evs":[0.0,1.99942]},"Q6s":{"weight":0.9959,"played":[0.0,1.0],"evs":[0.0,2.21277]},"Q7s":{"weight":0.9963,"played":[0.0,1.0],"evs":[0.0,2.19415]},"Q8s":{"weight":0.0,"played":[0.0,1.0],"evs":[0.0,2.43375]},"Q9s":{"weight":0.0,"played":[0.0,1.0],"evs":[0.0,2.73004]},"QTs":{"weight":1.0E-4,"played":[0.0,1.0],"evs":[0.0,3.45347]},"QJs":{"weight":0.0,"played":[0.0,1.0],"evs":[0.0,3.68412]},"QQ":{"weight":0.9701,"played":[0.0,1.0],"evs":[0.0,7.95726]},"KQo":{"weight":0.0,"played":[0.0,1.0],"evs":[0.0,4.53855]},"AQo":{"weight":0.0,"played":[0.0,1.0],"evs":[0.0,6.52538]},"K2s":{"weight":0.999,"played":[0.0,1.0],"evs":[0.0,2.11295]},"K3s":{"weight":0.9926,"played":[0.0,1.0],"evs":[0.0,2.36082]},"K4s":{"weight":8.0E-4,"played":[0.0,1.0],"evs":[0.0,2.39264]},"K5s":{"weight":0.0,"played":[0.0,1.0],"evs":[0.0,2.48334]},"K6s":{"weight":0.0011,"played":[0.0,1.0],"evs":[0.0,2.78827]},"K7s":{"weight":0.0,"played":[0.0,1.0],"evs":[0.0,2.71791]},"K8s":{"weight":2.0E-4,"played":[0.0,1.0],"evs":[0.0,2.89239]},"K9s":{"weight":0.0027,"played":[0.0,1.0],"evs":[0.0,3.50229]},"KTs":{"weight":0.0,"played":[0.0,1.0],"evs":[0.0,4.13045]},"KJs":{"weight":1.0E-4,"played":[0.0,1.0],"evs":[0.0,4.5268]},"KQs":{"weight":0.0,"played":[0.0,1.0],"evs":[0.0,5.02746]},"KK":{"weight":0.9947,"played":[0.0,1.0],"evs":[0.0,9.03051]},"AKo":{"weight":0.0,"played":[0.0,1.0],"evs":[0.0,7.26606]},"A2s":{"weight":3.0E-4,"played":[0.0,1.0],"evs":[0.0,3.52398]},"A3s":{"weight":0.0,"played":[0.0,1.0],"evs":[0.0,3.52026]},"A4s":{"weight":0.0,"played":[0.0,1.0],"evs":[0.0,3.74274]},"A5s":{"weight":0.0,"played":[0.0,1.0],"evs":[0.0,3.756]},"A6s":{"weight":0.0,"played":[0.0,1.0],"evs":[0.0,3.91667]},"A7s":{"weight":0.0,"played":[0.0,1.0],"evs":[0.0,4.42699]},"A8s":{"weight":0.0051,"played":[0.0,1.0],"evs":[0.0,4.62229]},"A9s":{"weight":0.0,"played":[0.0,1.0],"evs":[0.0,5.15586]},"ATs":{"weight":0.0,"played":[0.0,1.0],"evs":[0.0,5.817]},"AJs":{"weight":0.0,"played":[0.0,1.0],"evs":[0.0,6.24983]},"AQs":{"weight":4.0E-4,"played":[0.0,1.0],"evs":[0.0,6.86483]},"AKs":{"weight":0.0016,"played":[0.0,1.0],"evs":[0.0,7.57902]},"AA":{"weight":1.0,"played":[0.0,1.0],"evs":[0.0,11.1145]}}}