{"player":1,"street":0,"children":3,"sequence":[{"player":0,"type":"F","amount":0,"street":0},{"player":1,"type":"C","amount":100000,"street":0},{"player":2,"type":"C","amount":0,"street":0},{"player":3,"type":"F","amount":0,"street":0},{"player":4,"type":"C","amount":50000,"street":0},{"player":5,"type":"R","amount":445000,"street":0}],"actions":[{"type":"F","amount":0,"node":40},{"type":"C","amount":345000,"node":41},{"type":"R","amount":1805000,"node":43}],"hands":{"22":{"weight":0.5496,"played":[0.0,0.0,1.0],"evs":[0.0,2.77338,2.79804]},"32o":{"weight":0.0,"played":[1.0,0.0,0.0],"evs":[0.0,-0.335,-0.99055]},"42o":{"weight":0.0,"played":[1.0,0.0,0.0],"evs":[0.0,-0.27359,-0.85842]},"52o":{"weight":0.0,"played":[1.0,0.0,0.0],"evs":[0.0,-0.13391,-0.64691]},"62o":{"weight":0.0,"played":[1.0,0.0,0.0],"evs":[0.0,-0.25109,-0.96222]},"72o":{"weight":0.0,"played":[1.0,0.0,0.0],"evs":[0.0,-0.26879,-1.02626]},"82o":{"weight":0.0,"played":[1.0,0.0,0.0],"evs":[0.0,-0.17117,-0.93951]},"92o":{"weight":0.0,"played":[1.0,0.0,0.0],"evs":[0.0,-0.01201,-0.76008]},"T2o":{"weight":0.0,"played":[0.2476,0.7524,0.0],"evs":[0.0,0.0643,-0.57291]},"J2o":{"weight":0.0,"played":[0.2737,0.7263,0.0],"evs":[0.0,0.07082,-0.51443]},"Q2o":{"weight":0.0,"played":[0.0103,0.9897,0.0],"evs":[0.0,0.30239,-0.18921]},"K2o":{"weight":0.0,"played":[0.0028,0.9725,0.0248],"evs":[0.0,0.90296,0.84932]},"A2o":{"weight":0.5341,"played":[0.0,7.0E-4,0.9993],"evs":[0.0,3.3726,3.38786]},"32s":{"weight":0.0,"played":[0.113,0.887,0.0],"evs":[0.0,0.26946,-0.03694]},"33":{"weight":0.0,"played":[0.0,0.0,1.0],"evs":[0.0,3.01799,3.13857]},"43o":{"weight":0.0,"played":[0.9837,0.0163,0.0],"evs":[0.0,-0.05263,-0.38313]},"53o":{"weight":0.0,"played":[0.4707,0.5293,0.0],"evs":[0.0,0.04918,-0.27994]},"63o":{"weight":0.0,"played":[1.0,0.0,0.0],"evs":[0.0,-0.03731,-0.44466]},"73o":{"weight":0.0,"played":[1.0,0.0,0.0],"evs":[0.0,-0.06728,-0.6889]},"83o":{"weight":0.0,"played":[1.0,0.0,0.0],"evs":[0.0,-0.12644,-0.83778]},"93o":{"weight":0.0,"played":[0.9286,0.0714,0.0],"evs":[0.0,0.0239,-0.63406]},"T3o":{"weight":0.0,"played":[0.129,0.871,0.0],"evs":[0.0,0.07306,-0.55995]},"J3o":{"weight":0.0,"played":[0.1602,0.8398,0.0],"evs":[0.0,0.18443,-0.43536]},"Q3o":{"weight":0.0,"played":[0.0115,0.9885,0.0],"evs":[0.0,0.4525,0.00103]},"K3o":{"weight":0.0,"played":[4.0E-4,0.4474,0.5523],"evs":[0.0,0.92684,0.94816]},"A3o":{"weight":0.0051,"played":[0.0,0.0,1.0],"evs":[0.0,3.508,3.55311]},"42s":{"weight":0.0,"played":[0.0413,0.9169,0.0418],"evs":[0.0,0.35877,0.31565]},"43s":{"weight":0.0,"played":[0.0075,0.3555,0.637],"evs":[0.0,0.47834,0.45823]},"44":{"weight":0.0,"played":[0.0,3.0E-4,0.9997],"evs":[0.0,3.57372,3.7406]},"54o":{"weight":0.0,"played":[0.0071,0.9929,0.0],"evs":[0.0,0.22996,0.11614]},"64o":{"weight":0.0,"played":[0.1408,0.8592,0.0],"evs":[0.0,0.16064,-0.11495]},"74o":{"weight":0.0,"played":[0.0964,0.9036,0.0],"evs":[0.0,0.17203,-0.23705]},"84o":{"weight":0.0,"played":[0.3972,0.6028,0.0],"evs":[0.0,0.09291,-0.4294]},"94o":{"weight":0.0,"played":[0.8351,0.1649,0.0],"evs":[0.0,-0.01162,-0.67263]},"T4o":{"weight":0.0,"played":[0.0799,0.9201,0.0],"evs":[0.0,0.18202,-0.27943]},"J4o":{"weight":0.0,"played":[0.0426,0.9574,0.0],"evs":[0.0,0.26758,-0.19449]},"Q4o":{"weight":0.0,"played":[0.0056,0.9944,0.0],"evs":[0.0,0.49426,0.05595]},"K4o":{"weight":0.0,"played":[7.0E-4,0.2955,0.7038],"evs":[0.0,1.08434,1.108]},"A4o":{"weight":0.0013,"played":[0.0,0.0,1.0],"evs":[0.0,3.71068,3.74914]},"52s":{"weight":0.0,"played":[0.0128,0.9872,0.0],"evs":[0.0,0.4608,0.30585]},"53s":{"weight":0.0,"played":[0.0024,0.4086,0.589],"evs":[0.0,0.60301,0.65297]},"54s":{"weight":0.0,"played":[7.0E-4,0.2261,0.7732],"evs":[0.0,1.16894,1.17522]},"55":{"weight":0.0,"played":[0.0,0.0015,0.9985],"evs":[0.0,4.11236,4.27942]},"65o":{"weight":0.0,"played":[0.0059,0.9941,0.0],"evs":[0.0,0.45354,0.31471]},"75o":{"weight":0.0,"played":[0.0044,0.9956,0.0],"evs":[0.0,0.4709,0.23794]},"85o":{"weight":0.0,"played":[0.0072,0.9928,0.0],"evs":[0.0,0.40363,0.0876]},"95o":{"weight":0.0,"played":[0.0151,0.9849,0.0],"evs":[0.0,0.30822,-0.13181]},"T5o":{"weight":0.0,"played":[0.1099,0.8901,0.0],"evs":[0.0,0.23603,-0.25746]},"J5o":{"weight":0.0,"played":[0.0055,0.9945,0.0],"evs":[0.0,0.35407,-0.0348]},"Q5o":{"weight":0.0,"played":[0.0076,0.9924,0.0],"evs":[0.0,0.55916,0.26108]},"K5o":{"weight":0.0044,"played":[5.0E-4,0.1897,0.8098],"evs":[0.0,1.25508,1.32486]},"A5o":{"weight":7.0E-4,"played":[0.0,0.0,1.0],"evs":[0.0,3.87132,3.89296]},"62s":{"weight":0.0,"played":[0.0536,0.9464,0.0],"evs":[0.0,0.36208,0.15111]},"63s":{"weight":0.0,"played":[0.0149,0.8387,0.1465],"evs":[0.0,0.54767,0.5058]},"64s":{"weight":0.0,"played":[3.0E-4,0.607,0.3927],"evs":[0.0,0.92154,0.9461]},"65s":{"weight":0.0,"played":[0.0,0.114,0.886],"evs":[0.0,1.2033,1.24577]},"66":{"weight":0.0,"played":[0.0,0.0,1.0],"evs":[0.0,4.66391,4.79295]},"76o":{"weight":0.0,"played":[0.0039,0.9961,0.0],"evs":[0.0,0.67863,0.62178]},"86o":{"weight":0.0,"played":[0.0072,0.9928,0.0],"evs":[0.0,0.6612,0.53418]},"96o":{"weight":0.0,"played":[0.0025,0.9975,0.0],"evs":[0.0,0.60583,0.28979]},"T6o":{"weight":0.0,"played":[0.0059,0.9941,0.0],"evs":[0.0,0.55722,0.26031]},"J6o":{"weight":0.0,"played":[0.0043,0.9957,0.0],"evs":[0.0,0.39637,-0.05351]},"Q6o":{"weight":0.0,"played":[0.0032,0.9947,0.0021],"evs":[0.0,0.70285,0.48313]},"K6o":{"weight":0.4598,"played":[0.0,0.0045,0.9954],"evs":[0.0,1.57036,1.58282]},"A6o":{"weight":7.0E-4,"played":[0.0,0.0033,0.9967],"evs":[0.0,3.89316,3.95474]},"72s":{"weight":0.0,"played":[0.0288,0.9712,0.0],"evs":[0.0,0.3481,-0.01365]},"73s":{"weight":0.0,"played":[0.0033,0.9967,0.0],"evs":[0.0,0.50376,0.31295]},"74s":{"weight":0.0,"played":[0.0031,0.5919,0.405],"evs":[0.0,0.80867,0.82203]},"75s":{"weight":0.0,"played":[5.0E-4,0.1422,0.8573],"evs":[0.0,1.11722,1.15369]},"76s":{"weight":0.0,"played":[1.0E-4,0.2009,0.799],"evs":[0.0,1.58028,1.58438]},"77":{"weight":0.0,"played":[0.0,0.0038,0.9962],"evs":[0.0,5.18957,5.28981]},"87o":{"weight":0.0,"played":[0.0032,0.9967,1.0E-4],"evs":[0.0,0.95022,0.86317]},"97o":{"weight":0.0,"played":[0.002,0.998,1.0E-4],"evs":[0.0,0.91154,0.64816]},"T7o":{"weight":0.0,"played":[0.0027,0.9973,0.0],"evs":[0.0,0.82354,0.49188]},"J7o":{"weight":0.0,"played":[0.0037,0.9963,0.0],"evs":[0.0,0.67157,0.34053]},"Q7o":{"weight":0.0,"played":[8.0E-4,0.9992,0.0],"evs":[0.0,0.78236,0.44871]},"K7o":{"weight":0.9841,"played":[0.0,0.0014,0.9986],"evs":[0.0,1.90631,1.94692]},"A7o":{"weight":0.0,"played":[0.0,0.0105,0.9895],"evs":[0.0,4.34456,4.39809]},"82s":{"weight":0.0,"played":[0.0115,0.9885,0.0],"evs":[0.0,0.41921,0.08638]},"83s":{"weight":0.0,"played":[0.0046,0.9954,0.0],"evs":[0.0,0.43835,0.1457]},"84s":{"weight":0.0,"played":[0.001,0.9953,0.0037],"evs":[0.0,0.69487,0.6538]},"85s":{"weight":0.0,"played":[2.0E-4,0.1631,0.8367],"evs":[0.0,0.96144,0.98464]},"86s":{"weight":0.0,"played":[0.0013,0.5264,0.4724],"evs":[0.0,1.31615,1.31169]},"87s":{"weight":0.3766,"played":[0.0,0.3185,0.6815],"evs":[0.0,1.68632,1.68245]},"88":{"weight":0.4863,"played":[0.0,0.0057,0.9943],"evs":[0.0,5.75532,5.80129]},"98o":{"weight":0.0,"played":[0.0038,0.9962,0.0],"evs":[0.0,1.1249,0.97826]},"T8o":{"weight":0.0,"played":[2.0E-4,0.9996,2.0E-4],"evs":[0.0,1.07998,0.98279]},"J8o":{"weight":0.0,"played":[0.0014,0.9986,0.0],"evs":[0.0,0.97063,0.73765]},"Q8o":{"weight":0.0182,"played":[0.0012,0.9899,0.0089],"evs":[0.0,1.11418,0.91928]},"K8o":{"weight":0.9752,"played":[0.0,0.2599,0.7401],"evs":[0.0,2.39805,2.4028]},"A8o":{"weight":0.0,"played":[0.0,2.0E-4,0.9998],"evs":[0.0,4.71982,4.77242]},"92s":{"weight":0.0,"played":[0.0098,0.9902,0.0],"evs":[0.0,0.50382,0.24856]},"93s":{"weight":0.0,"played":[0.0054,0.9946,0.0],"evs":[0.0,0.58489,0.2944]},"94s":{"weight":0.0,"played":[0.0046,0.9954,0.0],"evs":[0.0,0.71927,0.55883]},"95s":{"weight":0.0,"played":[0.0022,0.9468,0.051],"evs":[0.0,0.93083,0.86932]},"96s":{"weight":0.0,"played":[1.0E-4,0.4325,0.5674],"evs":[0.0,1.41545,1.41099]},"97s":{"weight":0.0041,"played":[3.0E-4,0.9961,0.0037],"evs":[0.0,1.58735,1.54357]},"98s":{"weight":0.6855,"played":[0.0,0.912,0.088],"evs":[0.0,2.0156,1.98653]},"99":{"weight":0.0495,"played":[0.0,0.163,0.837],"evs":[0.0,6.52858,6.54878]},"T9o":{"weight":0.8671,"played":[2.0E-4,0.6389,0.3609],"evs":[0.0,1.3682,1.35965]},"J9o":{"weight":0.9728,"played":[6.0E-4,0.7894,0.21],"evs":[0.0,1.23078,1.19924]},"Q9o":{"weight":0.994,"played":[0.0,0.1731,0.8269],"evs":[0.0,1.4538,1.4748]},"K9o":{"weight":0.4882,"played":[0.0,0.0019,0.9981],"evs":[0.0,3.23503,3.26989]},"A9o":{"weight":0.0,"played":[0.0,0.0,1.0],"evs":[0.0,5.31483,5.36779]},"T2s":{"weight":0.0,"played":[0.0054,0.9946,0.0],"evs":[0.0,0.66012,0.44852]},"T3s":{"weight":0.0,"played":[0.0053,0.9947,0.0],"evs":[0.0,0.69747,0.52428]},"T4s":{"weight":0.0,"played":[0.0031,0.4477,0.5492],"evs":[0.0,0.75294,0.81807]},"T5s":{"weight":0.0,"played":[0.003,0.9842,0.0127],"evs":[0.0,0.82091,0.6923]},"T6s":{"weight":0.0,"played":[1.0E-4,0.9925,0.0074],"evs":[0.0,1.13673,1.07707]},"T7s":{"weight":0.7778,"played":[0.0,0.5798,0.4202],"evs":[0.0,1.51226,1.48993]},"T8s":{"weight":0.0088,"played":[2.0E-4,0.0913,0.9085],"evs":[0.0,1.89467,1.90315]},"T9s":{"weight":6.0E-4,"played":[0.0,0.9137,0.0863],"evs":[0.0,2.19939,2.19638]},"TT":{"weight":0.0017,"played":[0.0,0.012,0.988],"evs":[0.0,7.44762,7.48068]},"JTo":{"weight":0.0,"played":[0.0,0.0019,0.9981],"evs":[0.0,1.98606,1.99194]},"QTo":{"weight":0.0,"played":[0.0,5.0E-4,0.9995],"evs":[0.0,2.39978,2.44842]},"KTo":{"weight":0.0,"played":[0.0,0.0023,0.9977],"evs":[0.0,4.3361,4.38548]},"ATo":{"weight":0.0,"played":[0.0,1.0E-4,0.9999],"evs":[0.0,6.03009,6.11261]},"J2s":{"weight":0.0,"played":[0.0015,0.9908,0.0078],"evs":[0.0,0.62146,0.43317]},"J3s":{"weight":0.0,"played":[0.0036,0.9889,0.0075],"evs":[0.0,0.80038,0.63027]},"J4s":{"weight":0.0,"played":[1.0E-4,0.9993,7.0E-4],"evs":[0.0,0.86039,0.76975]},"J5s":{"weight":0.0,"played":[0.0022,0.6499,0.3478],"evs":[0.0,0.99428,0.99712]},"J6s":{"weight":0.0,"played":[0.001,0.9965,0.0025],"evs":[0.0,1.14073,1.10965]},"J7s":{"weight":0.3631,"played":[3.0E-4,0.0165,0.9831],"evs":[0.0,1.31533,1.31644]},"J8s":{"weight":0.0114,"played":[0.0,0.531,0.469],"evs":[0.0,1.71867,1.72075]},"J9s":{"weight":0.0,"played":[1.0E-4,0.9995,4.0E-4],"evs":[0.0,2.01661,2.00728]},"JTs":{"weight":0.0,"played":[0.0,0.5139,0.4861],"evs":[0.0,2.88537,2.86688]},"JJ":{"weight":0.1167,"played":[0.0,0.012,0.988],"evs":[0.0,8.19516,8.26997]},"QJo":{"weight":0.0,"played":[0.0,6.0E-4,0.9994],"evs":[0.0,2.92636,2.97024]},"KJo":{"weight":0.0,"played":[0.0,3.0E-4,0.9997],"evs":[0.0,4.73707,4.78411]},"AJo":{"weight":0.0,"played":[0.0,0.0,1.0],"evs":[0.0,6.46863,6.54049]},"Q2s":{"weight":0.0,"played":[7.0E-4,0.8896,0.1097],"evs":[0.0,0.87258,0.81553]},"Q3s":{"weight":0.0,"played":[0.001,0.8987,0.1003],"evs":[0.0,1.08705,1.03848]},"Q4s":{"weight":0.0,"played":[2.0E-4,0.4492,0.5506],"evs":[0.0,1.11973,1.17288]},"Q5s":{"weight":0.0178,"played":[2.0E-4,0.0162,0.9836],"evs":[0.0,1.13418,1.19249]},"Q6s":{"weight":0.9959,"played":[5.0E-4,0.064,0.9355],"evs":[0.0,1.3112,1.33202]},"Q7s":{"weight":0.9963,"played":[1.0E-4,0.8545,0.1454],"evs":[0.0,1.30951,1.26171]},"Q8s":{"weight":0.0,"played":[0.0,0.6571,0.3429],"evs":[0.0,1.94228,1.93578]},"Q9s":{"weight":0.0,"played":[0.0,0.1145,0.8855],"evs":[0.0,2.3189,2.30916]},"QTs":{"weight":1.0E-4,"played":[0.0,0.2028,0.7972],"evs":[0.0,3.34774,3.36801]},"QJs":{"weight":0.0,"played":[0.0,0.0059,0.9941],"evs":[0.0,3.68697,3.72177]},"QQ":{"weight":0.9701,"played":[0.0,0.4078,0.5922],"evs":[0.0,9.49853,9.5145]},"KQo":{"weight":0.0,"played":[0.0,0.0033,0.9967],"evs":[0.0,5.5075,5.53312]},"AQo":{"weight":0.0,"played":[0.0,1.0E-4,0.9999],"evs":[0.0,7.09058,7.14052]},"K2s":{"weight":0.999,"played":[1.0E-4,0.4219,0.578],"evs":[0.0,1.8014,1.78454]},"K3s":{"weight":0.9926,"played":[0.0,5.0E-4,0.9995],"evs":[0.0,1.84497,1.87246]},"K4s":{"weight":8.0E-4,"played":[0.0,0.0133,0.9867],"evs":[0.0,2.0928,2.11952]},"K5s":{"weight":0.0,"played":[0.0,4.0E-4,0.9996],"evs":[0.0,2.14649,2.17222]},"K6s":{"weight":0.0011,"played":[0.0,0.0473,0.9527],"evs":[0.0,2.38415,2.40319]},"K7s":{"weight":0.0,"played":[0.0,0.1947,0.8053],"evs":[0.0,2.69496,2.7057]},"K8s":{"weight":2.0E-4,"played":[0.0,0.0085,0.9915],"evs":[0.0,3.37439,3.41843]},"K9s":{"weight":0.0027,"played":[0.0,0.2273,0.7727],"evs":[0.0,3.91189,3.93542]},"KTs":{"weight":0.0,"played":[0.0,0.0032,0.9968],"evs":[0.0,5.10317,5.15276]},"KJs":{"weight":1.0E-4,"played":[0.0,8.0E-4,0.9992],"evs":[0.0,5.28024,5.32981]},"KQs":{"weight":0.0,"played":[0.0,0.413,0.587],"evs":[0.0,6.17735,6.18347]},"KK":{"weight":0.9947,"played":[0.0,0.5414,0.4586],"evs":[0.0,11.38062,11.38802]},"AKo":{"weight":0.0,"played":[0.0,7.0E-4,0.9993],"evs":[0.0,8.07849,8.11679]},"A2s":{"weight":3.0E-4,"played":[0.0,0.1731,0.8269],"evs":[0.0,4.23487,4.23616]},"A3s":{"weight":0.0,"played":[0.0,0.0222,0.9778],"evs":[0.0,4.36972,4.38323]},"A4s":{"weight":0.0,"played":[0.0,0.1281,0.8719],"evs":[0.0,4.48686,4.51974]},"A5s":{"weight":0.0,"played":[0.0,0.2945,0.7055],"evs":[0.0,4.74923,4.75587]},"A6s":{"weight":0.0,"played":[0.0,0.0072,0.9928],"evs":[0.0,4.64078,4.66196]},"A7s":{"weight":0.0,"played":[0.0,0.0012,0.9988],"evs":[0.0,5.04737,5.12116]},"A8s":{"weight":0.0051,"played":[0.0,0.2534,0.7466],"evs":[0.0,5.49514,5.51561]},"A9s":{"weight":0.0,"played":[0.0,9.0E-4,0.9991],"evs":[0.0,5.91947,5.95287]},"ATs":{"weight":0.0,"played":[0.0,0.0,1.0],"evs":[0.0,6.78145,6.85597]},"AJs":{"weight":0.0,"played":[0.0,0.0012,0.9988],"evs":[0.0,6.96861,7.03669]},"AQs":{"weight":4.0E-4,"played":[0.0,0.052,0.948],"evs":[0.0,7.74153,7.75399]},"AKs":{"weight":0.0016,"played":[0.0,0.0027,0.9973],"evs":[0.0,8.50458,8.52641]},"AA":{"weight":1.0,"played":[0.0,0.8877,0.1123],"evs":[0.0,13.83842,13.79209]}}}