{"player":1,"street":0,"children":2,"sequence":[{"player":0,"type":"F","amount":0,"street":0},{"player":1,"type":"C","amount":100000,"street":0},{"player":2,"type":"C","amount":0,"street":0},{"player":3,"type":"F","amount":0,"street":0},{"player":4,"type":"R","amount":1805000,"street":0},{"player":5,"type":"C","amount":345000,"street":0}],"actions":[{"type":"F","amount":0},{"type":"C","amount":1705000}],"hands":{"22":{"weight":0.5496,"played":[0.0012,0.9988],"evs":[0.0,0.69613]},"32o":{"weight":0.0,"played":[1.0,0.0],"evs":[0.0,-7.11603]},"42o":{"weight":0.0,"played":[1.0,0.0],"evs":[0.0,-6.92767]},"52o":{"weight":0.0,"played":[1.0,0.0],"evs":[0.0,-6.66983]},"62o":{"weight":0.0,"played":[1.0,0.0],"evs":[0.0,-6.6897]},"72o":{"weight":0.0,"played":[1.0,0.0],"evs":[0.0,-6.89142]},"82o":{"weight":0.0,"played":[1.0,0.0],"evs":[0.0,-6.44739]},"92o":{"weight":0.0,"played":[1.0,0.0],"evs":[0.0,-6.18508]},"T2o":{"weight":0.0,"played":[1.0,0.0],"evs":[0.0,-5.87018]},"J2o":{"weight":0.0,"played":[1.0,0.0],"evs":[0.0,-5.32112]},"Q2o":{"weight":0.0,"played":[1.0,0.0],"evs":[0.0,-4.21385]},"K2o":{"weight":0.0,"played":[1.0,0.0],"evs":[0.0,-3.17699]},"A2o":{"weight":0.5341,"played":[0.7136,0.2864],"evs":[0.0,-0.03341]},"32s":{"weight":0.0,"played":[1.0,0.0],"evs":[0.0,-4.9257]},"33":{"weight":0.0,"played":[0.0,1.0],"evs":[0.0,1.60947]},"43o":{"weight":0.0,"played":[1.0,0.0],"evs":[0.0,-6.0307]},"53o":{"weight":0.0,"played":[1.0,0.0],"evs":[0.0,-5.7176]},"63o":{"weight":0.0,"played":[1.0,0.0],"evs":[0.0,-6.06758]},"73o":{"weight":0.0,"played":[1.0,0.0],"evs":[0.0,-6.10467]},"83o":{"weight":0.0,"played":[1.0,0.0],"evs":[0.0,-6.28405]},"93o":{"weight":0.0,"played":[1.0,0.0],"evs":[0.0,-5.89027]},"T3o":{"weight":0.0,"played":[1.0,0.0],"evs":[0.0,-5.52324]},"J3o":{"weight":0.0,"played":[1.0,0.0],"evs":[0.0,-5.05779]},"Q3o":{"weight":0.0,"played":[1.0,0.0],"evs":[0.0,-3.9587]},"K3o":{"weight":0.0,"played":[1.0,0.0],"evs":[0.0,-2.6981]},"A3o":{"weight":0.0051,"played":[0.0218,0.9782],"evs":[0.0,0.12108]},"42s":{"weight":0.0,"played":[1.0,0.0],"evs":[0.0,-4.86167]},"43s":{"weight":0.0,"played":[1.0,0.0],"evs":[0.0,-4.04829]},"44":{"weight":0.0,"played":[0.0,1.0],"evs":[0.0,2.64552]},"54o":{"weight":0.0,"played":[1.0,0.0],"evs":[0.0,-4.92352]},"64o":{"weight":0.0,"played":[1.0,0.0],"evs":[0.0,-5.2015]},"74o":{"weight":0.0,"played":[1.0,0.0],"evs":[0.0,-5.27934]},"84o":{"weight":0.0,"played":[1.0,0.0],"evs":[0.0,-5.39316]},"94o":{"weight":0.0,"played":[1.0,0.0],"evs":[0.0,-5.81118]},"T4o":{"weight":0.0,"played":[1.0,0.0],"evs":[0.0,-5.45582]},"J4o":{"weight":0.0,"played":[1.0,0.0],"evs":[0.0,-4.71784]},"Q4o":{"weight":0.0,"played":[1.0,0.0],"evs":[0.0,-3.74744]},"K4o":{"weight":0.0,"played":[1.0,0.0],"evs":[0.0,-2.40178]},"A4o":{"weight":0.0013,"played":[0.0,1.0],"evs":[0.0,0.72368]},"52s":{"weight":0.0,"played":[1.0,0.0],"evs":[0.0,-4.53285]},"53s":{"weight":0.0,"played":[1.0,0.0],"evs":[0.0,-3.65886]},"54s":{"weight":0.0,"played":[1.0,0.0],"evs":[0.0,-3.0369]},"55":{"weight":0.0,"played":[0.0,1.0],"evs":[0.0,3.91968]},"65o":{"weight":0.0,"played":[1.0,0.0],"evs":[0.0,-4.35826]},"75o":{"weight":0.0,"played":[1.0,0.0],"evs":[0.0,-4.32531]},"85o":{"weight":0.0,"played":[1.0,0.0],"evs":[0.0,-4.73662]},"95o":{"weight":0.0,"played":[1.0,0.0],"evs":[0.0,-4.8801]},"T5o":{"weight":0.0,"played":[1.0,0.0],"evs":[0.0,-5.20427]},"J5o":{"weight":0.0,"played":[1.0,0.0],"evs":[0.0,-4.59269]},"Q5o":{"weight":0.0,"played":[1.0,0.0],"evs":[0.0,-3.49896]},"K5o":{"weight":0.0044,"played":[1.0,0.0],"evs":[0.0,-1.87317]},"A5o":{"weight":7.0E-4,"played":[0.0,1.0],"evs":[0.0,1.35207]},"62s":{"weight":0.0,"played":[1.0,0.0],"evs":[0.0,-4.85397]},"63s":{"weight":0.0,"played":[1.0,0.0],"evs":[0.0,-3.83626]},"64s":{"weight":0.0,"played":[1.0,0.0],"evs":[0.0,-3.21635]},"65s":{"weight":0.0,"played":[1.0,0.0],"evs":[0.0,-2.48366]},"66":{"weight":0.0,"played":[0.0,1.0],"evs":[0.0,5.23717]},"76o":{"weight":0.0,"played":[1.0,0.0],"evs":[0.0,-3.4024]},"86o":{"weight":0.0,"played":[1.0,0.0],"evs":[0.0,-3.52518]},"96o":{"weight":0.0,"played":[1.0,0.0],"evs":[0.0,-3.78351]},"T6o":{"weight":0.0,"played":[1.0,0.0],"evs":[0.0,-4.10056]},"J6o":{"weight":0.0,"played":[1.0,0.0],"evs":[0.0,-4.10132]},"Q6o":{"weight":0.0,"played":[1.0,0.0],"evs":[0.0,-2.82751]},"K6o":{"weight":0.4598,"played":[1.0,0.0],"evs":[0.0,-1.12869]},"A6o":{"weight":7.0E-4,"played":[0.0,1.0],"evs":[0.0,1.61898]},"72s":{"weight":0.0,"played":[1.0,0.0],"evs":[0.0,-4.81568]},"73s":{"weight":0.0,"played":[1.0,0.0],"evs":[0.0,-4.1532]},"74s":{"weight":0.0,"played":[1.0,0.0],"evs":[0.0,-3.04423]},"75s":{"weight":0.0,"played":[1.0,0.0],"evs":[0.0,-2.28541]},"76s":{"weight":0.0,"played":[1.0,0.0],"evs":[0.0,-1.59582]},"77":{"weight":0.0,"played":[0.0,1.0],"evs":[0.0,6.97366]},"87o":{"weight":0.0,"played":[1.0,0.0],"evs":[0.0,-2.52972]},"97o":{"weight":0.0,"played":[1.0,0.0],"evs":[0.0,-2.73921]},"T7o":{"weight":0.0,"played":[1.0,0.0],"evs":[0.0,-3.00254]},"J7o":{"weight":0.0,"played":[1.0,0.0],"evs":[0.0,-2.92323]},"Q7o":{"weight":0.0,"played":[1.0,0.0],"evs":[0.0,-2.33343]},"K7o":{"weight":0.9841,"played":[0.9991,9.0E-4],"evs":[0.0,-0.43487]},"A7o":{"weight":0.0,"played":[0.0,1.0],"evs":[0.0,2.63204]},"82s":{"weight":0.0,"played":[1.0,0.0],"evs":[0.0,-4.35864]},"83s":{"weight":0.0,"played":[1.0,0.0],"evs":[0.0,-4.25729]},"84s":{"weight":0.0,"played":[1.0,0.0],"evs":[0.0,-3.34968]},"85s":{"weight":0.0,"played":[1.0,0.0],"evs":[0.0,-2.6813]},"86s":{"weight":0.0,"played":[0.9998,2.0E-4],"evs":[0.0,-1.70783]},"87s":{"weight":0.3766,"played":[1.0,0.0],"evs":[0.0,-0.68057]},"88":{"weight":0.4863,"played":[0.0,1.0],"evs":[0.0,8.32261]},"98o":{"weight":0.0,"played":[1.0,0.0],"evs":[0.0,-1.86209]},"T8o":{"weight":0.0,"played":[1.0,0.0],"evs":[0.0,-1.92564]},"J8o":{"weight":0.0,"played":[1.0,0.0],"evs":[0.0,-1.77069]},"Q8o":{"weight":0.0182,"played":[1.0,0.0],"evs":[0.0,-1.05128]},"K8o":{"weight":0.9752,"played":[0.1812,0.8188],"evs":[0.0,0.01438]},"A8o":{"weight":0.0,"played":[0.0,1.0],"evs":[0.0,3.73872]},"92s":{"weight":0.0,"played":[1.0,0.0],"evs":[0.0,-4.05734]},"93s":{"weight":0.0,"played":[1.0,0.0],"evs":[0.0,-3.85866]},"94s":{"weight":0.0,"played":[1.0,0.0],"evs":[0.0,-3.56086]},"95s":{"weight":0.0,"played":[1.0,0.0],"evs":[0.0,-2.9659]},"96s":{"weight":0.0,"played":[1.0,0.0],"evs":[0.0,-2.15386]},"97s":{"weight":0.0041,"played":[1.0,0.0],"evs":[0.0,-0.95071]},"98s":{"weight":0.6855,"played":[0.5145,0.4855],"evs":[0.0,-0.05186]},"99":{"weight":0.0495,"played":[0.0,1.0],"evs":[0.0,9.9137]},"T9o":{"weight":0.8671,"played":[1.0,0.0],"evs":[0.0,-0.83624]},"J9o":{"weight":0.9728,"played":[1.0,0.0],"evs":[0.0,-0.67959]},"Q9o":{"weight":0.994,"played":[0.6606,0.3394],"evs":[0.0,-0.0103]},"K9o":{"weight":0.4882,"played":[0.0,1.0],"evs":[0.0,1.013]},"A9o":{"weight":0.0,"played":[0.0,1.0],"evs":[0.0,4.98095]},"T2s":{"weight":0.0,"played":[1.0,0.0],"evs":[0.0,-3.78533]},"T3s":{"weight":0.0,"played":[1.0,0.0],"evs":[0.0,-3.41799]},"T4s":{"weight":0.0,"played":[1.0,0.0],"evs":[0.0,-3.34028]},"T5s":{"weight":0.0,"played":[1.0,0.0],"evs":[0.0,-3.26651]},"T6s":{"weight":0.0,"played":[1.0,0.0],"evs":[0.0,-2.05236]},"T7s":{"weight":0.7778,"played":[1.0,0.0],"evs":[0.0,-1.06472]},"T8s":{"weight":0.0088,"played":[0.4534,0.5466],"evs":[0.0,0.02731]},"T9s":{"weight":6.0E-4,"played":[4.0E-4,0.9996],"evs":[0.0,0.96135]},"TT":{"weight":0.0017,"played":[0.0,1.0],"evs":[0.0,11.89808]},"JTo":{"weight":0.0,"played":[4.0E-4,0.9996],"evs":[0.0,0.6865]},"QTo":{"weight":0.0,"played":[0.0,1.0],"evs":[0.0,1.37698]},"KTo":{"weight":0.0,"played":[0.0,1.0],"evs":[0.0,2.55205]},"ATo":{"weight":0.0,"played":[0.0,1.0],"evs":[0.0,7.04697]},"J2s":{"weight":0.0,"played":[1.0,0.0],"evs":[0.0,-3.17161]},"J3s":{"weight":0.0,"played":[1.0,0.0],"evs":[0.0,-2.98606]},"J4s":{"weight":0.0,"played":[1.0,0.0],"evs":[0.0,-2.66564]},"J5s":{"weight":0.0,"played":[1.0,0.0],"evs":[0.0,-2.56733]},"J6s":{"weight":0.0,"played":[1.0,0.0],"evs":[0.0,-2.11159]},"J7s":{"weight":0.3631,"played":[0.9999,1.0E-4],"evs":[0.0,-1.01806]},"J8s":{"weight":0.0114,"played":[0.4991,0.5009],"evs":[0.0,-0.00437]},"J9s":{"weight":0.0,"played":[4.0E-4,0.9996],"evs":[0.0,1.18354]},"JTs":{"weight":0.0,"played":[0.0,1.0],"evs":[0.0,2.23809]},"JJ":{"weight":0.1167,"played":[0.0,1.0],"evs":[0.0,13.63305]},"QJo":{"weight":0.0,"played":[0.0,1.0],"evs":[0.0,1.88551]},"KJo":{"weight":0.0,"played":[0.0,1.0],"evs":[0.0,3.56873]},"AJo":{"weight":0.0,"played":[0.0,1.0],"evs":[0.0,8.38685]},"Q2s":{"weight":0.0,"played":[1.0,0.0],"evs":[0.0,-2.14087]},"Q3s":{"weight":0.0,"played":[1.0,0.0],"evs":[0.0,-1.91243]},"Q4s":{"weight":0.0,"played":[1.0,0.0],"evs":[0.0,-1.85415]},"Q5s":{"weight":0.0178,"played":[1.0,0.0],"evs":[0.0,-1.41352]},"Q6s":{"weight":0.9959,"played":[0.9999,1.0E-4],"evs":[0.0,-0.92383]},"Q7s":{"weight":0.9963,"played":[0.9994,6.0E-4],"evs":[0.0,-0.32986]},"Q8s":{"weight":0.0,"played":[0.002,0.998],"evs":[0.0,0.66478]},"Q9s":{"weight":0.0,"played":[0.0,1.0],"evs":[0.0,1.75597]},"QTs":{"weight":1.0E-4,"played":[0.0,1.0],"evs":[0.0,2.82283]},"QJs":{"weight":0.0,"played":[0.0,1.0],"evs":[0.0,3.5615]},"QQ":{"weight":0.9701,"played":[0.0,1.0],"evs":[0.0,15.24344]},"KQo":{"weight":0.0,"played":[0.0,1.0],"evs":[0.0,4.41528]},"AQo":{"weight":0.0,"played":[0.0,1.0],"evs":[0.0,9.58084]},"K2s":{"weight":0.999,"played":[1.0,0.0],"evs":[0.0,-1.08674]},"K3s":{"weight":0.9926,"played":[0.9997,3.0E-4],"evs":[0.0,-0.79231]},"K4s":{"weight":8.0E-4,"played":[0.9739,0.0261],"evs":[0.0,-0.32745]},"K5s":{"weight":0.0,"played":[0.9296,0.0704],"evs":[0.0,-0.18009]},"K6s":{"weight":0.0011,"played":[1.0E-4,0.9999],"evs":[0.0,0.83129]},"K7s":{"weight":0.0,"played":[0.0,1.0],"evs":[0.0,1.23007]},"K8s":{"weight":2.0E-4,"played":[1.0E-4,0.9999],"evs":[0.0,1.91954]},"K9s":{"weight":0.0027,"played":[0.0,1.0],"evs":[0.0,2.64909]},"KTs":{"weight":0.0,"played":[0.0,1.0],"evs":[0.0,4.33285]},"KJs":{"weight":1.0E-4,"played":[0.0,1.0],"evs":[0.0,5.11475]},"KQs":{"weight":0.0,"played":[0.0,1.0],"evs":[0.0,5.90316]},"KK":{"weight":0.9947,"played":[0.0,1.0],"evs":[0.0,17.57543]},"AKo":{"weight":0.0,"played":[0.0,1.0],"evs":[0.0,11.40934]},"A2s":{"weight":3.0E-4,"played":[0.0,1.0],"evs":[0.0,1.73018]},"A3s":{"weight":0.0,"played":[0.0,1.0],"evs":[0.0,1.99405]},"A4s":{"weight":0.0,"played":[0.0,1.0],"evs":[0.0,2.31796]},"A5s":{"weight":0.0,"played":[0.0,1.0],"evs":[0.0,3.15798]},"A6s":{"weight":0.0,"played":[0.0,1.0],"evs":[0.0,3.35505]},"A7s":{"weight":0.0,"played":[0.0,1.0],"evs":[0.0,4.34815]},"A8s":{"weight":0.0051,"played":[0.0,1.0],"evs":[0.0,5.30919]},"A9s":{"weight":0.0,"played":[0.0,1.0],"evs":[0.0,6.24912]},"ATs":{"weight":0.0,"played":[0.0,1.0],"evs":[0.0,8.34275]},"AJs":{"weight":0.0,"played":[0.0,1.0],"evs":[0.0,9.89345]},"AQs":{"weight":4.0E-4,"played":[0.0,1.0],"evs":[0.0,10.60917]},"AKs":{"weight":0.0016,"played":[0.0,1.0],"evs":[0.0,12.33735]},"AA":{"weight":1.0,"played":[0.0,1.0],"evs":[0.0,23.03105]}}}