{"player":4,"street":0,"children":2,"sequence":[{"player":0,"type":"F","amount":0,"street":0},{"player":1,"type":"F","amount":0,"street":0},{"player":2,"type":"C","amount":0,"street":0},{"player":3,"type":"F","amount":0,"street":0},{"player":4,"type":"C","amount":50000,"street":0},{"player":5,"type":"R","amount":445000,"street":0}],"actions":[{"type":"F","amount":0},{"type":"C","amount":345000}],"hands":{"22":{"weight":0.0,"played":[0.0,1.0],"evs":[0.0,3.68953]},"32o":{"weight":0.0299,"played":[0.0,1.0],"evs":[0.0,0.55265]},"42o":{"weight":0.0014,"played":[0.0,1.0],"evs":[0.0,0.63766]},"52o":{"weight":5.0E-4,"played":[0.0,1.0],"evs":[0.0,0.78553]},"62o":{"weight":0.0,"played":[0.0,1.0],"evs":[0.0,0.71929]},"72o":{"weight":2.0E-4,"played":[0.0,1.0],"evs":[0.0,0.84543]},"82o":{"weight":0.0,"played":[0.0,1.0],"evs":[0.0,1.1771]},"92o":{"weight":0.0,"played":[0.0,1.0],"evs":[0.0,1.61462]},"T2o":{"weight":0.0,"played":[0.0,1.0],"evs":[0.0,2.02825]},"J2o":{"weight":0.0,"played":[0.0,1.0],"evs":[0.0,2.5565]},"Q2o":{"weight":0.0,"played":[0.0,1.0],"evs":[0.0,3.20068]},"K2o":{"weight":0.0,"played":[0.0,1.0],"evs":[0.0,3.82153]},"A2o":{"weight":0.0,"played":[0.0,1.0],"evs":[0.0,4.66734]},"32s":{"weight":3.0E-4,"played":[0.0,1.0],"evs":[0.0,1.33028]},"33":{"weight":3.0E-4,"played":[0.0,1.0],"evs":[0.0,4.07484]},"43o":{"weight":0.0086,"played":[0.0,1.0],"evs":[0.0,0.95039]},"53o":{"weight":0.002,"played":[0.0,1.0],"evs":[0.0,1.07151]},"63o":{"weight":2.0E-4,"played":[0.0,1.0],"evs":[0.0,1.0139]},"73o":{"weight":0.0,"played":[0.0,1.0],"evs":[0.0,1.1505]},"83o":{"weight":0.0,"played":[0.0,1.0],"evs":[0.0,1.31362]},"93o":{"weight":0.0,"played":[0.0,1.0],"evs":[0.0,1.73363]},"T3o":{"weight":0.0,"played":[0.0,1.0],"evs":[0.0,2.16066]},"J3o":{"weight":0.0,"played":[0.0,1.0],"evs":[0.0,2.64585]},"Q3o":{"weight":0.0,"played":[0.0,1.0],"evs":[0.0,3.28283]},"K3o":{"weight":0.0,"played":[0.0,1.0],"evs":[0.0,3.90573]},"A3o":{"weight":0.0,"played":[0.0,1.0],"evs":[0.0,4.78762]},"42s":{"weight":1.0E-4,"played":[0.0,1.0],"evs":[0.0,1.37893]},"43s":{"weight":0.1357,"played":[0.0,1.0],"evs":[0.0,1.59672]},"44":{"weight":0.0,"played":[0.0,1.0],"evs":[0.0,4.57148]},"54o":{"weight":0.0,"played":[0.0,1.0],"evs":[0.0,1.45528]},"64o":{"weight":0.0,"played":[0.0,1.0],"evs":[0.0,1.37478]},"74o":{"weight":0.0,"played":[0.0,1.0],"evs":[0.0,1.48957]},"84o":{"weight":0.0,"played":[0.0,1.0],"evs":[0.0,1.64116]},"94o":{"weight":0.0,"played":[0.0,1.0],"evs":[0.0,1.81471]},"T4o":{"weight":0.0,"played":[0.0,1.0],"evs":[0.0,2.31595]},"J4o":{"weight":0.0,"played":[0.0,1.0],"evs":[0.0,2.82711]},"Q4o":{"weight":0.0,"played":[0.0,1.0],"evs":[0.0,3.40754]},"K4o":{"weight":0.0,"played":[0.0,1.0],"evs":[0.0,4.10726]},"A4o":{"weight":0.0,"played":[0.0,1.0],"evs":[0.0,4.94833]},"52s":{"weight":0.0016,"played":[0.0,1.0],"evs":[0.0,1.55224]},"53s":{"weight":0.0019,"played":[0.0,1.0],"evs":[0.0,1.77813]},"54s":{"weight":0.0,"played":[0.0,1.0],"evs":[0.0,2.0539]},"55":{"weight":0.0,"played":[0.0,1.0],"evs":[0.0,4.98788]},"65o":{"weight":0.0,"played":[0.0,1.0],"evs":[0.0,1.69157]},"75o":{"weight":0.0,"played":[0.0,1.0],"evs":[0.0,1.82061]},"85o":{"weight":0.0,"played":[0.0,1.0],"evs":[0.0,1.92621]},"95o":{"weight":0.0,"played":[0.0,1.0],"evs":[0.0,2.12271]},"T5o":{"weight":0.0,"played":[0.0,1.0],"evs":[0.0,2.45722]},"J5o":{"weight":0.0,"played":[0.0,1.0],"evs":[0.0,2.96382]},"Q5o":{"weight":0.0,"played":[0.0,1.0],"evs":[0.0,3.58659]},"K5o":{"weight":0.0,"played":[0.0,1.0],"evs":[0.0,4.26557]},"A5o":{"weight":0.0,"played":[0.0,1.0],"evs":[0.0,5.07011]},"62s":{"weight":1.0E-4,"played":[0.0,1.0],"evs":[0.0,1.40084]},"63s":{"weight":0.0013,"played":[0.0,1.0],"evs":[0.0,1.68534]},"64s":{"weight":0.0,"played":[0.0,1.0],"evs":[0.0,1.98288]},"65s":{"weight":3.0E-4,"played":[0.0,1.0],"evs":[0.0,2.25439]},"66":{"weight":0.0194,"played":[0.0,1.0],"evs":[0.0,5.56022]},"76o":{"weight":0.0,"played":[0.0,1.0],"evs":[0.0,2.17542]},"86o":{"weight":0.0,"played":[0.0,1.0],"evs":[0.0,2.29573]},"96o":{"weight":0.0,"played":[0.0,1.0],"evs":[0.0,2.53225]},"T6o":{"weight":0.0,"played":[0.0,1.0],"evs":[0.0,2.82387]},"J6o":{"weight":0.0,"played":[0.0,1.0],"evs":[0.0,3.12881]},"Q6o":{"weight":0.0,"played":[0.0,1.0],"evs":[0.0,3.77753]},"K6o":{"weight":0.0,"played":[0.0,1.0],"evs":[0.0,4.46143]},"A6o":{"weight":0.0,"played":[0.0,1.0],"evs":[0.0,5.19176]},"72s":{"weight":1.0E-4,"played":[0.0,1.0],"evs":[0.0,1.55444]},"73s":{"weight":0.0,"played":[0.0,1.0],"evs":[0.0,1.84682]},"74s":{"weight":0.0,"played":[0.0,1.0],"evs":[0.0,2.11771]},"75s":{"weight":0.0,"played":[0.0,1.0],"evs":[0.0,2.46478]},"76s":{"weight":0.0,"played":[0.0,1.0],"evs":[0.0,2.82174]},"77":{"weight":0.0601,"played":[0.0,1.0],"evs":[0.0,6.23492]},"87o":{"weight":0.0,"played":[0.0,1.0],"evs":[0.0,2.68571]},"97o":{"weight":0.0,"played":[0.0,1.0],"evs":[0.0,2.95103]},"T7o":{"weight":0.0,"played":[0.0,1.0],"evs":[0.0,3.24226]},"J7o":{"weight":0.0,"played":[0.0,1.0],"evs":[0.0,3.5519]},"Q7o":{"weight":0.0,"played":[0.0,1.0],"evs":[0.0,4.01212]},"K7o":{"weight":0.0,"played":[0.0,1.0],"evs":[0.0,4.73339]},"A7o":{"weight":0.0,"played":[0.0,1.0],"evs":[0.0,5.44982]},"82s":{"weight":0.0,"played":[0.0,1.0],"evs":[0.0,1.84925]},"83s":{"weight":0.0,"played":[0.0,1.0],"evs":[0.0,1.88937]},"84s":{"weight":0.0,"played":[0.0,1.0],"evs":[0.0,2.27068]},"85s":{"weight":0.0,"played":[0.0,1.0],"evs":[0.0,2.55763]},"86s":{"weight":0.0,"played":[0.0,1.0],"evs":[0.0,2.88079]},"87s":{"weight":2.0E-4,"played":[0.0,1.0],"evs":[0.0,3.25984]},"88":{"weight":0.0072,"played":[0.0,1.0],"evs":[0.0,6.77574]},"98o":{"weight":0.0,"played":[0.0,1.0],"evs":[0.0,3.30747]},"T8o":{"weight":0.0,"played":[0.0,1.0],"evs":[0.0,3.6166]},"J8o":{"weight":0.0,"played":[0.0,1.0],"evs":[0.0,3.9314]},"Q8o":{"weight":0.0,"played":[0.0,1.0],"evs":[0.0,4.37428]},"K8o":{"weight":0.0,"played":[0.0,1.0],"evs":[0.0,4.8795]},"A8o":{"weight":0.0,"played":[0.0,1.0],"evs":[0.0,5.67451]},"92s":{"weight":0.0,"played":[0.0,1.0],"evs":[0.0,2.25645]},"93s":{"weight":0.0,"played":[0.0,1.0],"evs":[0.0,2.33223]},"94s":{"weight":0.0,"played":[0.0,1.0],"evs":[0.0,2.43217]},"95s":{"weight":0.0,"played":[0.0,1.0],"evs":[0.0,2.7869]},"96s":{"weight":0.0,"played":[0.0,1.0],"evs":[0.0,3.07708]},"97s":{"weight":0.0,"played":[0.0,1.0],"evs":[0.0,3.47297]},"98s":{"weight":0.0,"played":[0.0,1.0],"evs":[0.0,3.77654]},"99":{"weight":9.0E-4,"played":[0.0,1.0],"evs":[0.0,7.41707]},"T9o":{"weight":0.0,"played":[0.0,1.0],"evs":[0.0,4.01878]},"J9o":{"weight":0.0,"played":[0.0,1.0],"evs":[0.0,4.30521]},"Q9o":{"weight":0.0,"played":[0.0,1.0],"evs":[0.0,4.79639]},"K9o":{"weight":0.0,"played":[0.0,1.0],"evs":[0.0,5.31623]},"A9o":{"weight":0.0,"played":[0.0,1.0],"evs":[0.0,5.91729]},"T2s":{"weight":0.0053,"played":[0.0,1.0],"evs":[0.0,2.67564]},"T3s":{"weight":0.0,"played":[0.0,1.0],"evs":[0.0,2.80462]},"T4s":{"weight":0.0,"played":[0.0,1.0],"evs":[0.0,2.92292]},"T5s":{"weight":0.0,"played":[0.0,1.0],"evs":[0.0,3.03104]},"T6s":{"weight":0.0,"played":[0.0,1.0],"evs":[0.0,3.36207]},"T7s":{"weight":0.0,"played":[0.0,1.0],"evs":[0.0,3.76675]},"T8s":{"weight":0.0,"played":[0.0,1.0],"evs":[0.0,4.08608]},"T9s":{"weight":0.0,"played":[0.0,1.0],"evs":[0.0,4.5119]},"TT":{"weight":6.0E-4,"played":[0.0,1.0],"evs":[0.0,8.06644]},"JTo":{"weight":0.0,"played":[0.0,1.0],"evs":[0.0,4.84667]},"QTo":{"weight":0.0,"played":[0.0,1.0],"evs":[0.0,5.27798]},"KTo":{"weight":0.0,"played":[0.0,1.0],"evs":[0.0,5.77152]},"ATo":{"weight":0.0,"played":[0.0,1.0],"evs":[0.0,6.42114]},"J2s":{"weight":0.0,"played":[0.0,1.0],"evs":[0.0,3.09636]},"J3s":{"weight":0.0,"played":[0.0,1.0],"evs":[0.0,3.28017]},"J4s":{"weight":0.0,"played":[0.0,1.0],"evs":[0.0,3.39176]},"J5s":{"weight":0.0,"played":[0.0,1.0],"evs":[0.0,3.49067]},"J6s":{"weight":0.0,"played":[0.0,1.0],"evs":[0.0,3.66903]},"J7s":{"weight":0.0,"played":[0.0,1.0],"evs":[0.0,4.09684]},"J8s":{"weight":0.0,"played":[0.0,1.0],"evs":[0.0,4.46897]},"J9s":{"weight":0.0,"played":[0.0,1.0],"evs":[0.0,4.73139]},"JTs":{"weight":1.0E-4,"played":[0.0,1.0],"evs":[0.0,5.26852]},"JJ":{"weight":2.0E-4,"played":[0.0,1.0],"evs":[0.0,8.60461]},"QJo":{"weight":0.0,"played":[0.0,1.0],"evs":[0.0,5.48705]},"KJo":{"weight":0.0,"played":[0.0,1.0],"evs":[0.0,5.96657]},"AJo":{"weight":0.0,"played":[0.0,1.0],"evs":[0.0,6.57562]},"Q2s":{"weight":1.0E-4,"played":[0.0,1.0],"evs":[0.0,3.74654]},"Q3s":{"weight":3.0E-4,"played":[0.0,1.0],"evs":[0.0,3.81645]},"Q4s":{"weight":0.0,"played":[0.0,1.0],"evs":[0.0,3.99348]},"Q5s":{"weight":0.0,"played":[0.0,1.0],"evs":[0.0,4.08245]},"Q6s":{"weight":0.0,"played":[0.0,1.0],"evs":[0.0,4.24899]},"Q7s":{"weight":0.0,"played":[0.0,1.0],"evs":[0.0,4.45935]},"Q8s":{"weight":0.0,"played":[0.0,1.0],"evs":[0.0,4.85545]},"Q9s":{"weight":0.0,"played":[0.0,1.0],"evs":[0.0,5.18193]},"QTs":{"weight":0.0,"played":[0.0,1.0],"evs":[0.0,5.66114]},"QJs":{"weight":0.0,"played":[0.0,1.0],"evs":[0.0,5.81451]},"QQ":{"weight":0.0,"played":[0.0,1.0],"evs":[0.0,9.19876]},"KQo":{"weight":0.0,"played":[0.0,1.0],"evs":[0.0,6.28498]},"AQo":{"weight":0.0,"played":[0.0,1.0],"evs":[0.0,6.90709]},"K2s":{"weight":1.0E-4,"played":[0.0,1.0],"evs":[0.0,4.36388]},"K3s":{"weight":0.0,"played":[0.0,1.0],"evs":[0.0,4.44323]},"K4s":{"weight":0.0,"played":[0.0,1.0],"evs":[0.0,4.60727]},"K5s":{"weight":0.0,"played":[0.0,1.0],"evs":[0.0,4.73634]},"K6s":{"weight":1.0E-4,"played":[0.0,1.0],"evs":[0.0,4.90905]},"K7s":{"weight":0.0,"played":[0.0,1.0],"evs":[0.0,5.1519]},"K8s":{"weight":0.0,"played":[0.0,1.0],"evs":[0.0,5.33034]},"K9s":{"weight":0.0,"played":[0.0,1.0],"evs":[0.0,5.73929]},"KTs":{"weight":0.0,"played":[0.0,1.0],"evs":[0.0,6.13982]},"KJs":{"weight":1.0E-4,"played":[0.0,1.0],"evs":[0.0,6.37737]},"KQs":{"weight":0.0,"played":[0.0,1.0],"evs":[0.0,6.5804]},"KK":{"weight":1.0E-4,"played":[0.0,1.0],"evs":[0.0,9.84344]},"AKo":{"weight":0.0,"played":[0.0,1.0],"evs":[0.0,7.20161]},"A2s":{"weight":0.0,"played":[0.0,1.0],"evs":[0.0,5.10686]},"A3s":{"weight":0.0,"played":[0.0,1.0],"evs":[0.0,5.31747]},"A4s":{"weight":0.0,"played":[0.0,1.0],"evs":[0.0,5.44669]},"A5s":{"weight":0.0,"played":[0.0,1.0],"evs":[0.0,5.56929]},"A6s":{"weight":0.0,"played":[0.0,1.0],"evs":[0.0,5.61773]},"A7s":{"weight":1.0E-4,"played":[0.0,1.0],"evs":[0.0,5.87851]},"A8s":{"weight":0.0,"played":[0.0,1.0],"evs":[0.0,6.07013]},"A9s":{"weight":0.0,"played":[0.0,1.0],"evs":[0.0,6.30058]},"ATs":{"weight":0.0,"played":[0.0,1.0],"evs":[0.0,6.7661]},"AJs":{"weight":0.0,"played":[0.0,1.0],"evs":[0.0,6.97121]},"AQs":{"weight":0.0,"played":[0.0,1.0],"evs":[0.0,7.22645]},"AKs":{"weight":0.0,"played":[0.0,1.0],"evs":[0.0,7.49774]},"AA":{"weight":0.0103,"played":[0.0,1.0],"evs":[0.0,10.53453]}}}