{"player":3,"street":0,"children":2,"sequence":[{"player":0,"type":"F","amount":0,"street":0},{"player":1,"type":"C","amount":100000,"street":0},{"player":2,"type":"C","amount":0,"street":0},{"player":3,"type":"R","amount":200000,"street":0},{"player":4,"type":"F","amount":0,"street":0},{"player":5,"type":"R","amount":445000,"street":0},{"player":1,"type":"R","amount":1805000,"street":0}],"actions":[{"type":"F","amount":0},{"type":"C","amount":1605000}],"hands":{"22":{"weight":0.9659,"played":[0.8216,0.1784],"evs":[0.0,-0.21222]},"32o":{"weight":0.0,"played":[1.0,0.0],"evs":[0.0,-6.82517]},"42o":{"weight":0.0,"played":[1.0,0.0],"evs":[0.0,-6.29829]},"52o":{"weight":0.0,"played":[1.0,0.0],"evs":[0.0,-5.99828]},"62o":{"weight":0.0,"played":[1.0,0.0],"evs":[0.0,-6.74652]},"72o":{"weight":0.0,"played":[1.0,0.0],"evs":[0.0,-7.42816]},"82o":{"weight":0.0,"played":[1.0,0.0],"evs":[0.0,-7.33448]},"92o":{"weight":0.0,"played":[1.0,0.0],"evs":[0.0,-6.62991]},"T2o":{"weight":0.0,"played":[1.0,0.0],"evs":[0.0,-5.93838]},"J2o":{"weight":0.0,"played":[1.0,0.0],"evs":[0.0,-5.53621]},"Q2o":{"weight":0.0,"played":[1.0,0.0],"evs":[0.0,-5.45779]},"K2o":{"weight":0.0,"played":[1.0,0.0],"evs":[0.0,-3.57673]},"A2o":{"weight":1.0E-4,"played":[0.0,1.0],"evs":[0.0,3.21069]},"32s":{"weight":0.0,"played":[1.0,0.0],"evs":[0.0,-4.53522]},"33":{"weight":0.9357,"played":[7.0E-4,0.9993],"evs":[0.0,2.07359]},"43o":{"weight":0.0,"played":[1.0,0.0],"evs":[0.0,-4.33969]},"53o":{"weight":0.0,"played":[1.0,0.0],"evs":[0.0,-4.03727]},"63o":{"weight":0.0,"played":[1.0,0.0],"evs":[0.0,-4.54467]},"73o":{"weight":0.0,"played":[1.0,0.0],"evs":[0.0,-5.18205]},"83o":{"weight":0.0,"played":[1.0,0.0],"evs":[0.0,-5.93064]},"93o":{"weight":0.0,"played":[1.0,0.0],"evs":[0.0,-5.16607]},"T3o":{"weight":0.0,"played":[1.0,0.0],"evs":[0.0,-4.45917]},"J3o":{"weight":0.0,"played":[1.0,0.0],"evs":[0.0,-4.19704]},"Q3o":{"weight":0.0,"played":[0.9999,1.0E-4],"evs":[0.0,-3.46204]},"K3o":{"weight":0.0,"played":[0.9999,1.0E-4],"evs":[0.0,-2.11536]},"A3o":{"weight":0.0104,"played":[0.0,1.0],"evs":[0.0,3.71342]},"42s":{"weight":0.0,"played":[1.0,0.0],"evs":[0.0,-3.77297]},"43s":{"weight":0.0,"played":[1.0,0.0],"evs":[0.0,-2.14897]},"44":{"weight":0.3412,"played":[0.0,1.0],"evs":[0.0,2.97116]},"54o":{"weight":0.0,"played":[1.0,0.0],"evs":[0.0,-3.22445]},"64o":{"weight":0.0,"played":[1.0,0.0],"evs":[0.0,-3.5018]},"74o":{"weight":0.0,"played":[1.0,0.0],"evs":[0.0,-4.10034]},"84o":{"weight":0.0,"played":[1.0,0.0],"evs":[0.0,-4.73166]},"94o":{"weight":0.0,"played":[1.0,0.0],"evs":[0.0,-4.75955]},"T4o":{"weight":0.0,"played":[1.0,0.0],"evs":[0.0,-3.37805]},"J4o":{"weight":0.0,"played":[1.0,0.0],"evs":[0.0,-3.40843]},"Q4o":{"weight":0.0,"played":[1.0,0.0],"evs":[0.0,-3.08981]},"K4o":{"weight":0.0,"played":[1.0,0.0],"evs":[0.0,-1.78965]},"A4o":{"weight":3.0E-4,"played":[0.0,1.0],"evs":[0.0,4.10723]},"52s":{"weight":0.0,"played":[1.0,0.0],"evs":[0.0,-4.1141]},"53s":{"weight":0.0,"played":[1.0,0.0],"evs":[0.0,-2.59684]},"54s":{"weight":0.0,"played":[0.8383,0.1617],"evs":[0.0,-0.96394]},"55":{"weight":0.0,"played":[4.0E-4,0.9996],"evs":[0.0,4.29839]},"65o":{"weight":0.0,"played":[1.0,0.0],"evs":[0.0,-2.57614]},"75o":{"weight":0.0,"played":[1.0,0.0],"evs":[0.0,-3.38499]},"85o":{"weight":0.0,"played":[1.0,0.0],"evs":[0.0,-3.62076]},"95o":{"weight":0.0,"played":[1.0,0.0],"evs":[0.0,-3.7861]},"T5o":{"weight":0.0,"played":[1.0,0.0],"evs":[0.0,-3.51761]},"J5o":{"weight":0.0,"played":[1.0,0.0],"evs":[0.0,-2.97907]},"Q5o":{"weight":0.0,"played":[0.9999,1.0E-4],"evs":[0.0,-3.0745]},"K5o":{"weight":0.1435,"played":[1.0,0.0],"evs":[0.0,-1.35465]},"A5o":{"weight":3.0E-4,"played":[0.0,1.0],"evs":[0.0,4.46882]},"62s":{"weight":0.0,"played":[0.9999,1.0E-4],"evs":[0.0,-4.2304]},"63s":{"weight":0.0,"played":[0.9998,2.0E-4],"evs":[0.0,-2.06823]},"64s":{"weight":0.0,"played":[0.999,0.001],"evs":[0.0,-1.13961]},"65s":{"weight":0.1518,"played":[0.9993,7.0E-4],"evs":[0.0,-1.14201]},"66":{"weight":0.0018,"played":[4.0E-4,0.9996],"evs":[0.0,4.10671]},"76o":{"weight":0.0,"played":[1.0,0.0],"evs":[0.0,-2.19266]},"86o":{"weight":0.0,"played":[1.0,0.0],"evs":[0.0,-3.04583]},"96o":{"weight":0.0,"played":[1.0,0.0],"evs":[0.0,-3.20485]},"T6o":{"weight":0.0,"played":[1.0,0.0],"evs":[0.0,-2.56886]},"J6o":{"weight":0.0,"played":[1.0,0.0],"evs":[0.0,-3.03858]},"Q6o":{"weight":1.0E-4,"played":[0.9999,1.0E-4],"evs":[0.0,-2.43812]},"K6o":{"weight":0.8678,"played":[0.9998,2.0E-4],"evs":[0.0,-0.80267]},"A6o":{"weight":0.0194,"played":[0.0,1.0],"evs":[0.0,4.2863]},"72s":{"weight":0.0,"played":[0.9999,1.0E-4],"evs":[0.0,-5.16794]},"73s":{"weight":0.0,"played":[0.9998,2.0E-4],"evs":[0.0,-2.92802]},"74s":{"weight":0.0,"played":[0.9997,3.0E-4],"evs":[0.0,-2.27794]},"75s":{"weight":0.0,"played":[0.9999,1.0E-4],"evs":[0.0,-1.39314]},"76s":{"weight":0.2826,"played":[0.8637,0.1363],"evs":[0.0,-0.74073]},"77":{"weight":0.0012,"played":[0.0,1.0],"evs":[0.0,4.74205]},"87o":{"weight":0.0,"played":[1.0,0.0],"evs":[0.0,-2.48983]},"97o":{"weight":0.0,"played":[1.0,0.0],"evs":[0.0,-2.58197]},"T7o":{"weight":0.0,"played":[0.9999,1.0E-4],"evs":[0.0,-2.10617]},"J7o":{"weight":0.0,"played":[1.0,0.0],"evs":[0.0,-2.70219]},"Q7o":{"weight":0.0,"played":[0.9999,1.0E-4],"evs":[0.0,-2.62125]},"K7o":{"weight":0.9964,"played":[0.9982,0.0018],"evs":[0.0,-0.54147]},"A7o":{"weight":0.4339,"played":[0.0,1.0],"evs":[0.0,5.02277]},"82s":{"weight":0.0,"played":[0.9999,1.0E-4],"evs":[0.0,-5.28593]},"83s":{"weight":0.0,"played":[1.0,0.0],"evs":[0.0,-4.07336]},"84s":{"weight":0.0,"played":[1.0,0.0],"evs":[0.0,-2.38571]},"85s":{"weight":0.0,"played":[0.9999,1.0E-4],"evs":[0.0,-1.84033]},"86s":{"weight":0.7118,"played":[0.9989,0.0011],"evs":[0.0,-1.42063]},"87s":{"weight":0.9577,"played":[0.9694,0.0306],"evs":[0.0,-0.81835]},"88":{"weight":0.013,"played":[0.0,1.0],"evs":[0.0,6.17012]},"98o":{"weight":0.0,"played":[0.9999,1.0E-4],"evs":[0.0,-2.05174]},"T8o":{"weight":0.0,"played":[0.9999,1.0E-4],"evs":[0.0,-1.61762]},"J8o":{"weight":0.0541,"played":[1.0,0.0],"evs":[0.0,-2.34518]},"Q8o":{"weight":0.9926,"played":[0.9999,1.0E-4],"evs":[0.0,-1.66047]},"K8o":{"weight":0.9967,"played":[0.7579,0.2421],"evs":[0.0,-0.11167]},"A8o":{"weight":0.0091,"played":[0.0,1.0],"evs":[0.0,5.88463]},"92s":{"weight":0.0,"played":[0.9999,1.0E-4],"evs":[0.0,-4.22236]},"93s":{"weight":0.0,"played":[1.0,0.0],"evs":[0.0,-2.82328]},"94s":{"weight":0.0,"played":[0.9997,3.0E-4],"evs":[0.0,-2.70353]},"95s":{"weight":0.0,"played":[0.9997,3.0E-4],"evs":[0.0,-2.1266]},"96s":{"weight":2.0E-4,"played":[0.9708,0.0292],"evs":[0.0,-1.27523]},"97s":{"weight":0.0108,"played":[0.7584,0.2416],"evs":[0.0,-1.03711]},"98s":{"weight":0.1446,"played":[0.4912,0.5088],"evs":[0.0,0.02764]},"99":{"weight":0.3105,"played":[0.0,1.0],"evs":[0.0,8.38759]},"T9o":{"weight":0.1936,"played":[0.9998,2.0E-4],"evs":[0.0,-0.4616]},"J9o":{"weight":0.9992,"played":[0.9997,3.0E-4],"evs":[0.0,-1.20673]},"Q9o":{"weight":0.9998,"played":[0.9996,4.0E-4],"evs":[0.0,-0.19781]},"K9o":{"weight":0.9642,"played":[0.0,1.0],"evs":[0.0,2.76962]},"A9o":{"weight":0.0266,"played":[0.0,1.0],"evs":[0.0,6.23525]},"T2s":{"weight":0.0,"played":[1.0,0.0],"evs":[0.0,-3.50364]},"T3s":{"weight":0.0,"played":[0.9998,2.0E-4],"evs":[0.0,-2.3122]},"T4s":{"weight":0.0,"played":[0.9996,4.0E-4],"evs":[0.0,-1.99623]},"T5s":{"weight":0.0,"played":[0.9982,0.0018],"evs":[0.0,-1.52162]},"T6s":{"weight":0.0116,"played":[0.9792,0.0208],"evs":[0.0,-0.8675]},"T7s":{"weight":0.0374,"played":[0.5476,0.4524],"evs":[0.0,0.15821]},"T8s":{"weight":0.1111,"played":[0.3692,0.6308],"evs":[0.0,0.08992]},"T9s":{"weight":0.0174,"played":[5.0E-4,0.9995],"evs":[0.0,1.00225]},"TT":{"weight":0.3412,"played":[0.0,1.0],"evs":[0.0,9.91165]},"JTo":{"weight":0.3258,"played":[0.0012,0.9988],"evs":[0.0,0.50605]},"QTo":{"weight":0.0525,"played":[5.0E-4,0.9995],"evs":[0.0,1.22781]},"KTo":{"weight":0.1553,"played":[0.0,1.0],"evs":[0.0,4.45503]},"ATo":{"weight":0.0061,"played":[0.0,1.0],"evs":[0.0,7.15434]},"J2s":{"weight":0.0,"played":[0.9999,1.0E-4],"evs":[0.0,-3.14208]},"J3s":{"weight":0.0018,"played":[0.9999,1.0E-4],"evs":[0.0,-1.98878]},"J4s":{"weight":0.0,"played":[1.0,0.0],"evs":[0.0,-2.21537]},"J5s":{"weight":0.0,"played":[0.9915,0.0085],"evs":[0.0,-1.32315]},"J6s":{"weight":0.4314,"played":[0.9991,9.0E-4],"evs":[0.0,-1.22734]},"J7s":{"weight":0.6541,"played":[0.9849,0.0151],"evs":[0.0,-1.00095]},"J8s":{"weight":0.0801,"played":[0.9901,0.0099],"evs":[0.0,-0.44395]},"J9s":{"weight":0.0014,"played":[0.002,0.998],"evs":[0.0,0.3731]},"JTs":{"weight":0.0065,"played":[1.0E-4,0.9999],"evs":[0.0,2.66903]},"JJ":{"weight":0.9538,"played":[0.0,1.0],"evs":[0.0,10.8406]},"QJo":{"weight":0.6618,"played":[0.0,1.0],"evs":[0.0,1.65131]},"KJo":{"weight":0.336,"played":[0.0,1.0],"evs":[0.0,4.74116]},"AJo":{"weight":0.0165,"played":[0.0,1.0],"evs":[0.0,7.80526]},"Q2s":{"weight":0.002,"played":[0.9994,6.0E-4],"evs":[0.0,-2.97017]},"Q3s":{"weight":0.1458,"played":[0.9997,3.0E-4],"evs":[0.0,-1.73227]},"Q4s":{"weight":0.7961,"played":[0.9808,0.0192],"evs":[0.0,-0.83364]},"Q5s":{"weight":0.3126,"played":[0.9607,0.0393],"evs":[0.0,-0.82975]},"Q6s":{"weight":0.1839,"played":[0.9616,0.0384],"evs":[0.0,-0.70558]},"Q7s":{"weight":0.0142,"played":[0.0605,0.9395],"evs":[0.0,0.43414]},"Q8s":{"weight":0.0017,"played":[0.0763,0.9237],"evs":[0.0,0.26312]},"Q9s":{"weight":0.4883,"played":[2.0E-4,0.9998],"evs":[0.0,1.42946]},"QTs":{"weight":0.1372,"played":[0.0,1.0],"evs":[0.0,3.19463]},"QJs":{"weight":0.5928,"played":[0.0,1.0],"evs":[0.0,3.09875]},"QQ":{"weight":0.9743,"played":[0.0,1.0],"evs":[0.0,13.73038]},"KQo":{"weight":0.6959,"played":[0.0,1.0],"evs":[0.0,5.95736]},"AQo":{"weight":0.2215,"played":[0.0,1.0],"evs":[0.0,8.6968]},"K2s":{"weight":0.9756,"played":[0.9999,1.0E-4],"evs":[0.0,-1.42012]},"K3s":{"weight":0.0168,"played":[0.6864,0.3136],"evs":[0.0,0.0329]},"K4s":{"weight":0.019,"played":[0.2606,0.7394],"evs":[0.0,0.33672]},"K5s":{"weight":0.0089,"played":[0.164,0.836],"evs":[0.0,0.39872]},"K6s":{"weight":0.0251,"played":[0.0251,0.9749],"evs":[0.0,0.57594]},"K7s":{"weight":0.7583,"played":[0.001,0.999],"evs":[0.0,1.35084]},"K8s":{"weight":0.06,"played":[0.0203,0.9797],"evs":[0.0,1.65096]},"K9s":{"weight":0.9758,"played":[1.0E-4,0.9999],"evs":[0.0,4.23319]},"KTs":{"weight":0.3283,"played":[0.0,1.0],"evs":[0.0,6.27076]},"KJs":{"weight":0.1212,"played":[0.0,1.0],"evs":[0.0,6.32929]},"KQs":{"weight":0.8091,"played":[0.0,1.0],"evs":[0.0,7.06167]},"KK":{"weight":1.0,"played":[0.0,1.0],"evs":[0.0,18.90585]},"AKo":{"weight":0.9975,"played":[0.0,1.0],"evs":[0.0,10.49878]},"A2s":{"weight":0.0,"played":[2.0E-4,0.9998],"evs":[0.0,4.90472]},"A3s":{"weight":2.0E-4,"played":[0.0,1.0],"evs":[0.0,5.92512]},"A4s":{"weight":0.0028,"played":[0.0,1.0],"evs":[0.0,5.56814]},"A5s":{"weight":0.0046,"played":[0.0,1.0],"evs":[0.0,5.79718]},"A6s":{"weight":0.014,"played":[0.0,1.0],"evs":[0.0,5.67149]},"A7s":{"weight":0.3022,"played":[0.0,1.0],"evs":[0.0,6.5736]},"A8s":{"weight":0.1678,"played":[0.0,1.0],"evs":[0.0,7.39128]},"A9s":{"weight":0.0053,"played":[0.0,1.0],"evs":[0.0,7.81336]},"ATs":{"weight":0.3761,"played":[0.0,1.0],"evs":[0.0,8.20391]},"AJs":{"weight":0.1397,"played":[0.0,1.0],"evs":[0.0,8.48786]},"AQs":{"weight":0.9741,"played":[0.0,1.0],"evs":[0.0,10.3421]},"AKs":{"weight":0.9801,"played":[0.0,1.0],"evs":[0.0,11.77428]},"AA":{"weight":0.9998,"played":[0.0,1.0],"evs":[0.0,25.30473]}}}