{"player":5,"street":0,"children":2,"sequence":[{"player":0,"type":"F","amount":0,"street":0},{"player":1,"type":"C","amount":100000,"street":0},{"player":2,"type":"C","amount":0,"street":0},{"player":3,"type":"R","amount":200000,"street":0},{"player":4,"type":"C","amount":150000,"street":0},{"player":5,"type":"C","amount":100000,"street":0},{"player":1,"type":"R","amount":1805000,"street":0},{"player":3,"type":"R","amount":1815000,"street":0},{"player":4,"type":"F","amount":0,"street":0}],"actions":[{"type":"F","amount":0},{"type":"C","amount":245000}],"hands":{"22":{"weight":0.0,"played":[0.0545,0.9455],"evs":[0.0,0.10149]},"32o":{"weight":0.9631,"played":[0.4728,0.5272],"evs":[0.0,1.01715]},"42o":{"weight":0.2518,"played":[0.295,0.705],"evs":[0.0,-0.31765]},"52o":{"weight":0.2483,"played":[0.3814,0.6186],"evs":[0.0,-0.32138]},"62o":{"weight":0.0679,"played":[0.3016,0.6984],"evs":[0.0,-0.16738]},"72o":{"weight":0.0567,"played":[0.4831,0.5169],"evs":[0.0,-0.28127]},"82o":{"weight":5.0E-4,"played":[0.9325,0.0675],"evs":[0.0,-1.51516]},"92o":{"weight":0.0984,"played":[0.0104,0.9896],"evs":[0.0,0.10771]},"T2o":{"weight":0.879,"played":[0.7535,0.2465],"evs":[0.0,0.4288]},"J2o":{"weight":0.1259,"played":[0.8605,0.1395],"evs":[0.0,-0.20714]},"Q2o":{"weight":0.0901,"played":[0.8492,0.1508],"evs":[0.0,-0.3084]},"K2o":{"weight":0.7247,"played":[0.0202,0.9798],"evs":[0.0,0.79677]},"A2o":{"weight":0.1029,"played":[0.3473,0.6527],"evs":[0.0,0.33575]},"32s":{"weight":0.8327,"played":[0.5127,0.4873],"evs":[0.0,1.1619]},"33":{"weight":0.0147,"played":[0.3476,0.6524],"evs":[0.0,0.71665]},"43o":{"weight":0.9741,"played":[0.4235,0.5765],"evs":[0.0,1.50297]},"53o":{"weight":0.9906,"played":[0.0097,0.9903],"evs":[0.0,0.71483]},"63o":{"weight":0.9446,"played":[0.3139,0.6861],"evs":[0.0,0.5135]},"73o":{"weight":0.5613,"played":[0.1988,0.8012],"evs":[0.0,1.22555]},"83o":{"weight":0.949,"played":[0.9031,0.0969],"evs":[0.0,-0.81221]},"93o":{"weight":0.2431,"played":[0.1052,0.8948],"evs":[0.0,0.5858]},"T3o":{"weight":0.9207,"played":[0.0498,0.9502],"evs":[0.0,0.90627]},"J3o":{"weight":0.9922,"played":[0.2993,0.7007],"evs":[0.0,0.62638]},"Q3o":{"weight":0.9568,"played":[0.1315,0.8685],"evs":[0.0,-0.29026]},"K3o":{"weight":0.9919,"played":[0.0043,0.9957],"evs":[0.0,0.83698]},"A3o":{"weight":0.094,"played":[0.3107,0.6893],"evs":[0.0,0.07983]},"42s":{"weight":0.7811,"played":[0.0455,0.9545],"evs":[0.0,1.84327]},"43s":{"weight":0.0018,"played":[0.253,0.747],"evs":[0.0,1.94523]},"44":{"weight":0.0,"played":[0.0214,0.9786],"evs":[0.0,2.27743]},"54o":{"weight":0.5867,"played":[0.1776,0.8224],"evs":[0.0,1.23111]},"64o":{"weight":0.9094,"played":[0.0372,0.9628],"evs":[0.0,1.05389]},"74o":{"weight":0.9577,"played":[0.0038,0.9962],"evs":[0.0,1.29724]},"84o":{"weight":0.8511,"played":[0.0398,0.9602],"evs":[0.0,1.43614]},"94o":{"weight":0.2253,"played":[0.6038,0.3962],"evs":[0.0,0.14325]},"T4o":{"weight":0.9641,"played":[0.1839,0.8161],"evs":[0.0,0.7991]},"J4o":{"weight":0.9486,"played":[0.0015,0.9985],"evs":[0.0,1.49542]},"Q4o":{"weight":0.9943,"played":[0.2393,0.7607],"evs":[0.0,0.306]},"K4o":{"weight":0.9719,"played":[0.3496,0.6504],"evs":[0.0,0.00474]},"A4o":{"weight":0.0266,"played":[0.4277,0.5723],"evs":[0.0,0.41259]},"52s":{"weight":0.2476,"played":[0.5637,0.4363],"evs":[0.0,0.95438]},"53s":{"weight":0.2437,"played":[0.073,0.927],"evs":[0.0,2.4797]},"54s":{"weight":7.0E-4,"played":[0.1059,0.8941],"evs":[0.0,1.69408]},"55":{"weight":0.0,"played":[0.218,0.782],"evs":[0.0,1.21317]},"65o":{"weight":0.2951,"played":[0.0017,0.9983],"evs":[0.0,2.11927]},"75o":{"weight":0.3921,"played":[0.3371,0.6629],"evs":[0.0,0.97884]},"85o":{"weight":0.7223,"played":[0.005,0.995],"evs":[0.0,0.51021]},"95o":{"weight":0.9356,"played":[0.1568,0.8432],"evs":[0.0,0.32419]},"T5o":{"weight":0.932,"played":[0.114,0.886],"evs":[0.0,0.63214]},"J5o":{"weight":0.7513,"played":[0.0619,0.9381],"evs":[0.0,1.06677]},"Q5o":{"weight":0.9486,"played":[0.1094,0.8906],"evs":[0.0,0.3639]},"K5o":{"weight":0.7464,"played":[0.1319,0.8681],"evs":[0.0,2.43801]},"A5o":{"weight":0.0,"played":[0.0056,0.9944],"evs":[0.0,1.12216]},"62s":{"weight":0.8645,"played":[0.1827,0.8173],"evs":[0.0,1.15101]},"63s":{"weight":0.3318,"played":[0.644,0.356],"evs":[0.0,-0.08166]},"64s":{"weight":0.0,"played":[0.1585,0.8415],"evs":[0.0,0.14915]},"65s":{"weight":6.0E-4,"played":[0.2262,0.7738],"evs":[0.0,-0.04367]},"66":{"weight":0.0,"played":[0.265,0.735],"evs":[0.0,-0.06871]},"76o":{"weight":0.0094,"played":[0.2198,0.7802],"evs":[0.0,1.17238]},"86o":{"weight":0.3373,"played":[0.0051,0.9949],"evs":[0.0,0.23968]},"96o":{"weight":0.9917,"played":[0.0395,0.9605],"evs":[0.0,0.59336]},"T6o":{"weight":0.6742,"played":[0.044,0.956],"evs":[0.0,0.49619]},"J6o":{"weight":0.6483,"played":[0.0124,0.9876],"evs":[0.0,1.53825]},"Q6o":{"weight":0.6506,"played":[0.8471,0.1529],"evs":[0.0,-0.04704]},"K6o":{"weight":0.8004,"played":[0.8283,0.1717],"evs":[0.0,0.22888]},"A6o":{"weight":0.0,"played":[0.006,0.994],"evs":[0.0,2.13516]},"72s":{"weight":0.5004,"played":[0.0548,0.9452],"evs":[0.0,0.86274]},"73s":{"weight":0.3897,"played":[0.2457,0.7543],"evs":[0.0,1.17155]},"74s":{"weight":0.0236,"played":[0.0075,0.9925],"evs":[0.0,1.09223]},"75s":{"weight":0.0,"played":[0.434,0.566],"evs":[0.0,-0.42985]},"76s":{"weight":0.0054,"played":[0.0277,0.9723],"evs":[0.0,3.04821]},"77":{"weight":6.0E-4,"played":[0.0025,0.9975],"evs":[0.0,1.62056]},"87o":{"weight":0.905,"played":[1.0E-4,0.9999],"evs":[0.0,2.46009]},"97o":{"weight":0.3831,"played":[0.09,0.91],"evs":[0.0,0.8006]},"T7o":{"weight":0.7718,"played":[0.0075,0.9925],"evs":[0.0,1.80235]},"J7o":{"weight":0.7578,"played":[0.1922,0.8078],"evs":[0.0,-0.00906]},"Q7o":{"weight":0.6542,"played":[0.0609,0.9391],"evs":[0.0,0.8515]},"K7o":{"weight":0.3568,"played":[0.5021,0.4979],"evs":[0.0,0.64382]},"A7o":{"weight":0.044,"played":[0.3807,0.6193],"evs":[0.0,1.10619]},"82s":{"weight":0.822,"played":[0.462,0.538],"evs":[0.0,-0.08163]},"83s":{"weight":0.8734,"played":[0.069,0.931],"evs":[0.0,2.34301]},"84s":{"weight":0.4478,"played":[0.2715,0.7285],"evs":[0.0,1.8887]},"85s":{"weight":0.0514,"played":[0.0162,0.9838],"evs":[0.0,1.80968]},"86s":{"weight":0.0,"played":[0.7924,0.2076],"evs":[0.0,-0.31859]},"87s":{"weight":0.2121,"played":[0.0162,0.9838],"evs":[0.0,0.86629]},"88":{"weight":2.0E-4,"played":[0.0014,0.9986],"evs":[0.0,4.3027]},"98o":{"weight":0.5594,"played":[0.0394,0.9606],"evs":[0.0,1.90234]},"T8o":{"weight":0.5859,"played":[0.0247,0.9753],"evs":[0.0,1.0073]},"J8o":{"weight":0.7748,"played":[0.007,0.993],"evs":[0.0,1.80278]},"Q8o":{"weight":0.3114,"played":[0.0188,0.9812],"evs":[0.0,0.12943]},"K8o":{"weight":0.6791,"played":[0.1633,0.8367],"evs":[0.0,0.45779]},"A8o":{"weight":0.0,"played":[6.0E-4,0.9994],"evs":[0.0,2.76362]},"92s":{"weight":0.863,"played":[0.3613,0.6387],"evs":[0.0,0.05727]},"93s":{"weight":0.1849,"played":[0.588,0.412],"evs":[0.0,0.39216]},"94s":{"weight":0.1834,"played":[0.3842,0.6158],"evs":[0.0,4.24624]},"95s":{"weight":0.087,"played":[0.9229,0.0771],"evs":[0.0,-1.91256]},"96s":{"weight":0.2358,"played":[0.0232,0.9768],"evs":[0.0,0.43727]},"97s":{"weight":0.0037,"played":[0.0054,0.9946],"evs":[0.0,1.48005]},"98s":{"weight":5.0E-4,"played":[0.2458,0.7542],"evs":[0.0,2.45122]},"99":{"weight":1.0E-4,"played":[0.0033,0.9967],"evs":[0.0,3.4656]},"T9o":{"weight":0.2434,"played":[0.0567,0.9433],"evs":[0.0,2.03399]},"J9o":{"weight":0.4252,"played":[0.2535,0.7465],"evs":[0.0,1.34123]},"Q9o":{"weight":0.8841,"played":[0.1431,0.8569],"evs":[0.0,0.7595]},"K9o":{"weight":0.9138,"played":[0.1062,0.8938],"evs":[0.0,0.77078]},"A9o":{"weight":0.0,"played":[0.0,1.0],"evs":[0.0,2.00061]},"T2s":{"weight":0.941,"played":[0.0178,0.9822],"evs":[0.0,2.27683]},"T3s":{"weight":0.5811,"played":[0.2923,0.7077],"evs":[0.0,1.41984]},"T4s":{"weight":0.4961,"played":[0.3683,0.6317],"evs":[0.0,0.55796]},"T5s":{"weight":5.0E-4,"played":[0.253,0.747],"evs":[0.0,1.49874]},"T6s":{"weight":0.0017,"played":[0.0794,0.9206],"evs":[0.0,2.05769]},"T7s":{"weight":0.0731,"played":[0.1068,0.8932],"evs":[0.0,0.94278]},"T8s":{"weight":0.0,"played":[0.0012,0.9988],"evs":[0.0,5.84063]},"T9s":{"weight":0.1995,"played":[0.0307,0.9693],"evs":[0.0,0.51653]},"TT":{"weight":0.003,"played":[0.0026,0.9974],"evs":[0.0,1.48624]},"JTo":{"weight":0.9543,"played":[3.0E-4,0.9997],"evs":[0.0,2.17596]},"QTo":{"weight":0.7657,"played":[0.0421,0.9579],"evs":[0.0,1.80858]},"KTo":{"weight":0.0026,"played":[0.1084,0.8916],"evs":[0.0,0.36764]},"ATo":{"weight":0.0,"played":[0.0257,0.9743],"evs":[0.0,2.73797]},"J2s":{"weight":0.3259,"played":[0.4442,0.5558],"evs":[0.0,1.71313]},"J3s":{"weight":0.197,"played":[0.1978,0.8022],"evs":[0.0,0.65585]},"J4s":{"weight":0.1856,"played":[0.5029,0.4971],"evs":[0.0,-0.03914]},"J5s":{"weight":2.0E-4,"played":[0.1045,0.8955],"evs":[0.0,0.47836]},"J6s":{"weight":0.1586,"played":[0.0436,0.9564],"evs":[0.0,2.33437]},"J7s":{"weight":0.055,"played":[0.2849,0.7151],"evs":[0.0,0.33967]},"J8s":{"weight":0.0555,"played":[0.1532,0.8468],"evs":[0.0,1.96058]},"J9s":{"weight":0.2588,"played":[0.1501,0.8499],"evs":[0.0,2.1018]},"JTs":{"weight":0.0,"played":[0.055,0.945],"evs":[0.0,5.51593]},"JJ":{"weight":0.0,"played":[2.0E-4,0.9998],"evs":[0.0,3.70084]},"QJo":{"weight":0.4542,"played":[0.0041,0.9959],"evs":[0.0,2.1042]},"KJo":{"weight":0.0027,"played":[0.1722,0.8278],"evs":[0.0,2.09225]},"AJo":{"weight":0.0,"played":[0.0034,0.9966],"evs":[0.0,1.32369]},"Q2s":{"weight":0.2653,"played":[0.1245,0.8755],"evs":[0.0,2.49248]},"Q3s":{"weight":0.9552,"played":[0.6751,0.3249],"evs":[0.0,0.88379]},"Q4s":{"weight":0.0029,"played":[0.0078,0.9922],"evs":[0.0,4.32767]},"Q5s":{"weight":0.0,"played":[0.0319,0.9681],"evs":[0.0,3.23543]},"Q6s":{"weight":0.551,"played":[0.0011,0.9989],"evs":[0.0,2.22158]},"Q7s":{"weight":0.8232,"played":[0.0026,0.9974],"evs":[0.0,0.83325]},"Q8s":{"weight":0.0027,"played":[0.3572,0.6428],"evs":[0.0,1.0625]},"Q9s":{"weight":0.6511,"played":[0.0618,0.9382],"evs":[0.0,0.23172]},"QTs":{"weight":0.9313,"played":[0.0057,0.9943],"evs":[0.0,2.21813]},"QJs":{"weight":0.253,"played":[0.2936,0.7064],"evs":[0.0,2.29033]},"QQ":{"weight":0.0,"played":[0.0128,0.9872],"evs":[0.0,4.53043]},"KQo":{"weight":0.021,"played":[0.0123,0.9877],"evs":[0.0,3.03172]},"AQo":{"weight":0.0,"played":[0.069,0.931],"evs":[0.0,1.83647]},"K2s":{"weight":0.6348,"played":[0.8154,0.1846],"evs":[0.0,-1.73461]},"K3s":{"weight":0.5605,"played":[0.1735,0.8265],"evs":[0.0,2.07065]},"K4s":{"weight":0.1461,"played":[0.0604,0.9396],"evs":[0.0,3.23443]},"K5s":{"weight":0.5535,"played":[0.0146,0.9854],"evs":[0.0,2.23946]},"K6s":{"weight":0.4895,"played":[0.157,0.843],"evs":[0.0,2.48968]},"K7s":{"weight":0.0478,"played":[0.0447,0.9553],"evs":[0.0,2.82132]},"K8s":{"weight":0.3563,"played":[0.0197,0.9803],"evs":[0.0,4.05521]},"K9s":{"weight":0.0,"played":[0.3784,0.6216],"evs":[0.0,0.81987]},"KTs":{"weight":0.0,"played":[0.0443,0.9557],"evs":[0.0,3.63722]},"KJs":{"weight":0.0127,"played":[0.0438,0.9562],"evs":[0.0,2.04411]},"KQs":{"weight":0.0,"played":[0.8327,0.1673],"evs":[0.0,-1.18406]},"KK":{"weight":0.0,"played":[0.0,1.0],"evs":[0.0,9.02968]},"AKo":{"weight":0.0,"played":[2.0E-4,0.9998],"evs":[0.0,3.2371]},"A2s":{"weight":0.0082,"played":[0.0803,0.9197],"evs":[0.0,1.91122]},"A3s":{"weight":0.0036,"played":[0.7035,0.2965],"evs":[0.0,-0.34944]},"A4s":{"weight":0.0133,"played":[9.0E-4,0.9991],"evs":[0.0,3.34687]},"A5s":{"weight":0.0182,"played":[0.0095,0.9905],"evs":[0.0,2.68968]},"A6s":{"weight":6.0E-4,"played":[0.8183,0.1817],"evs":[0.0,-0.80768]},"A7s":{"weight":5.0E-4,"played":[0.0103,0.9897],"evs":[0.0,1.1727]},"A8s":{"weight":0.0,"played":[0.0231,0.9769],"evs":[0.0,1.78221]},"A9s":{"weight":0.0011,"played":[0.1406,0.8594],"evs":[0.0,1.39915]},"ATs":{"weight":1.0E-4,"played":[0.0174,0.9826],"evs":[0.0,1.21]},"AJs":{"weight":0.0,"played":[0.0,1.0],"evs":[0.0,2.12371]},"AQs":{"weight":1.0E-4,"played":[7.0E-4,0.9993],"evs":[0.0,-0.01916]},"AKs":{"weight":2.0E-4,"played":[0.0274,0.9726],"evs":[0.0,7.33835]},"AA":{"weight":0.0,"played":[0.0,1.0],"evs":[0.0,11.23633]}}}