{"player":3,"street":0,"children":2,"sequence":[{"player":0,"type":"F","amount":0,"street":0},{"player":1,"type":"F","amount":0,"street":0},{"player":2,"type":"C","amount":0,"street":0},{"player":3,"type":"C","amount":100000,"street":0},{"player":4,"type":"F","amount":0,"street":0},{"player":5,"type":"R","amount":445000,"street":0}],"actions":[{"type":"F","amount":0},{"type":"C","amount":345000}],"hands":{"22":{"weight":0.0,"played":[0.0,1.0],"evs":[0.0,3.37987]},"32o":{"weight":0.0,"played":[0.0,1.0],"evs":[0.0,0.45692]},"42o":{"weight":0.0,"played":[0.0,1.0],"evs":[0.0,0.62532]},"52o":{"weight":0.0,"played":[0.0,1.0],"evs":[0.0,0.77652]},"62o":{"weight":0.0,"played":[0.0,1.0],"evs":[0.0,0.66044]},"72o":{"weight":0.0,"played":[0.0,1.0],"evs":[0.0,0.65063]},"82o":{"weight":0.0,"played":[0.0,1.0],"evs":[0.0,0.83371]},"92o":{"weight":0.0,"played":[0.0,1.0],"evs":[0.0,0.91224]},"T2o":{"weight":0.0,"played":[0.0,1.0],"evs":[0.0,1.05497]},"J2o":{"weight":0.0,"played":[0.0,1.0],"evs":[0.0,1.23567]},"Q2o":{"weight":0.0166,"played":[0.0,1.0],"evs":[0.0,1.87736]},"K2o":{"weight":0.1302,"played":[0.0,1.0],"evs":[0.0,2.88239]},"A2o":{"weight":0.0,"played":[0.0,1.0],"evs":[0.0,4.11097]},"32s":{"weight":0.0,"played":[0.0,1.0],"evs":[0.0,1.23559]},"33":{"weight":0.0,"played":[0.0,1.0],"evs":[0.0,3.7859]},"43o":{"weight":0.0,"played":[0.0,1.0],"evs":[0.0,0.90655]},"53o":{"weight":0.0,"played":[0.0,1.0],"evs":[0.0,1.06175]},"63o":{"weight":0.0,"played":[0.0,1.0],"evs":[0.0,0.9436]},"73o":{"weight":0.0,"played":[0.0,1.0],"evs":[0.0,0.92274]},"83o":{"weight":0.0,"played":[0.0,1.0],"evs":[0.0,0.90137]},"93o":{"weight":0.0,"played":[0.0,1.0],"evs":[0.0,1.08159]},"T3o":{"weight":0.0,"played":[0.0,1.0],"evs":[0.0,1.18172]},"J3o":{"weight":4.0E-4,"played":[0.0,1.0],"evs":[0.0,1.33281]},"Q3o":{"weight":0.3827,"played":[0.0,1.0],"evs":[0.0,1.98966]},"K3o":{"weight":7.0E-4,"played":[0.0,1.0],"evs":[0.0,2.91046]},"A3o":{"weight":0.0,"played":[0.0,1.0],"evs":[0.0,4.24181]},"42s":{"weight":0.0,"played":[0.0,1.0],"evs":[0.0,1.32257]},"43s":{"weight":1.0E-4,"played":[0.0,1.0],"evs":[0.0,1.58088]},"44":{"weight":0.0,"played":[0.0,1.0],"evs":[0.0,4.12873]},"54o":{"weight":0.0,"played":[0.0,1.0],"evs":[0.0,1.39269]},"64o":{"weight":0.0,"played":[0.0,1.0],"evs":[0.0,1.25001]},"74o":{"weight":0.0,"played":[0.0,1.0],"evs":[0.0,1.24048]},"84o":{"weight":0.0,"played":[0.0,1.0],"evs":[0.0,1.17963]},"94o":{"weight":0.0,"played":[0.0,1.0],"evs":[0.0,1.06395]},"T4o":{"weight":0.0,"played":[0.0,1.0],"evs":[0.0,1.28511]},"J4o":{"weight":0.0036,"played":[0.0,1.0],"evs":[0.0,1.48177]},"Q4o":{"weight":0.0198,"played":[0.0,1.0],"evs":[0.0,2.09359]},"K4o":{"weight":0.0,"played":[0.0,1.0],"evs":[0.0,3.12334]},"A4o":{"weight":0.0,"played":[0.0,1.0],"evs":[0.0,4.32218]},"52s":{"weight":0.0,"played":[0.0,1.0],"evs":[0.0,1.41024]},"53s":{"weight":8.0E-4,"played":[0.0,1.0],"evs":[0.0,1.76909]},"54s":{"weight":0.9727,"played":[0.0,1.0],"evs":[0.0,2.12434]},"55":{"weight":0.0,"played":[0.0,1.0],"evs":[0.0,4.60189]},"65o":{"weight":0.0,"played":[0.0,1.0],"evs":[0.0,1.69154]},"75o":{"weight":0.0,"played":[0.0,1.0],"evs":[0.0,1.61777]},"85o":{"weight":0.0,"played":[0.0,1.0],"evs":[0.0,1.53996]},"95o":{"weight":0.0,"played":[0.0,1.0],"evs":[0.0,1.48365]},"T5o":{"weight":3.0E-4,"played":[0.0,1.0],"evs":[0.0,1.44914]},"J5o":{"weight":0.0152,"played":[0.0,1.0],"evs":[0.0,1.66836]},"Q5o":{"weight":0.0022,"played":[0.0,1.0],"evs":[0.0,2.30074]},"K5o":{"weight":0.0,"played":[0.0,1.0],"evs":[0.0,3.31627]},"A5o":{"weight":0.0,"played":[0.0,1.0],"evs":[0.0,4.51011]},"62s":{"weight":0.0,"played":[0.0,1.0],"evs":[0.0,1.38642]},"63s":{"weight":0.0,"played":[0.0,1.0],"evs":[0.0,1.70784]},"64s":{"weight":0.3086,"played":[0.0,1.0],"evs":[0.0,1.91089]},"65s":{"weight":0.1456,"played":[0.0,1.0],"evs":[0.0,2.22868]},"66":{"weight":1.0E-4,"played":[0.0,1.0],"evs":[0.0,4.9742]},"76o":{"weight":0.0011,"played":[0.0,1.0],"evs":[0.0,1.89154]},"86o":{"weight":0.0017,"played":[0.0,1.0],"evs":[0.0,1.90011]},"96o":{"weight":0.0056,"played":[0.0,1.0],"evs":[0.0,1.75496]},"T6o":{"weight":0.0135,"played":[0.0,1.0],"evs":[0.0,1.72135]},"J6o":{"weight":0.4906,"played":[0.0,1.0],"evs":[0.0,1.75174]},"Q6o":{"weight":0.0,"played":[0.0,1.0],"evs":[0.0,2.54919]},"K6o":{"weight":0.0,"played":[0.0,1.0],"evs":[0.0,3.5341]},"A6o":{"weight":0.0,"played":[0.0,1.0],"evs":[0.0,4.58939]},"72s":{"weight":0.0,"played":[0.0,1.0],"evs":[0.0,1.33106]},"73s":{"weight":0.0,"played":[0.0,1.0],"evs":[0.0,1.68212]},"74s":{"weight":0.5827,"played":[0.0,1.0],"evs":[0.0,1.8752]},"75s":{"weight":0.4113,"played":[0.0,1.0],"evs":[0.0,2.23615]},"76s":{"weight":9.0E-4,"played":[0.0,1.0],"evs":[0.0,2.42994]},"77":{"weight":0.0,"played":[0.0,1.0],"evs":[0.0,5.49836]},"87o":{"weight":0.0025,"played":[0.0,1.0],"evs":[0.0,2.12397]},"97o":{"weight":0.0,"played":[0.0,1.0],"evs":[0.0,2.14923]},"T7o":{"weight":3.0E-4,"played":[0.0,1.0],"evs":[0.0,2.06893]},"J7o":{"weight":0.0041,"played":[0.0,1.0],"evs":[0.0,2.14329]},"Q7o":{"weight":0.0,"played":[0.0,1.0],"evs":[0.0,2.75736]},"K7o":{"weight":0.0,"played":[0.0,1.0],"evs":[0.0,3.7647]},"A7o":{"weight":0.0,"played":[0.0,1.0],"evs":[0.0,4.89581]},"82s":{"weight":1.0E-4,"played":[0.0,1.0],"evs":[0.0,1.49771]},"83s":{"weight":0.0,"played":[0.0,1.0],"evs":[0.0,1.61688]},"84s":{"weight":0.0265,"played":[0.0,1.0],"evs":[0.0,1.84941]},"85s":{"weight":0.1542,"played":[0.0,1.0],"evs":[0.0,2.1538]},"86s":{"weight":0.0205,"played":[0.0,1.0],"evs":[0.0,2.49816]},"87s":{"weight":0.0014,"played":[0.0,1.0],"evs":[0.0,2.70477]},"88":{"weight":1.0E-4,"played":[0.0,1.0],"evs":[0.0,6.01739]},"98o":{"weight":0.0,"played":[0.0,1.0],"evs":[0.0,2.40106]},"T8o":{"weight":0.0,"played":[0.0,1.0],"evs":[0.0,2.46179]},"J8o":{"weight":0.0,"played":[0.0,1.0],"evs":[0.0,2.61899]},"Q8o":{"weight":0.0469,"played":[0.0,1.0],"evs":[0.0,3.25076]},"K8o":{"weight":1.0E-4,"played":[0.0,1.0],"evs":[0.0,3.99269]},"A8o":{"weight":0.0,"played":[0.0,1.0],"evs":[0.0,5.14764]},"92s":{"weight":5.0E-4,"played":[0.0,1.0],"evs":[0.0,1.63752]},"93s":{"weight":0.0018,"played":[0.0,1.0],"evs":[0.0,1.63811]},"94s":{"weight":0.0664,"played":[0.0,1.0],"evs":[0.0,1.82822]},"95s":{"weight":0.0016,"played":[0.0,1.0],"evs":[0.0,2.07168]},"96s":{"weight":0.0014,"played":[0.0,1.0],"evs":[0.0,2.4023]},"97s":{"weight":0.0016,"played":[0.0,1.0],"evs":[0.0,2.70615]},"98s":{"weight":3.0E-4,"played":[0.0,1.0],"evs":[0.0,3.03367]},"99":{"weight":3.0E-4,"played":[0.0,1.0],"evs":[0.0,6.5953]},"T9o":{"weight":2.0E-4,"played":[0.0,1.0],"evs":[0.0,2.77489]},"J9o":{"weight":0.0341,"played":[0.0,1.0],"evs":[0.0,3.00412]},"Q9o":{"weight":1.0E-4,"played":[0.0,1.0],"evs":[0.0,3.68034]},"K9o":{"weight":0.0,"played":[0.0,1.0],"evs":[0.0,4.46224]},"A9o":{"weight":0.0,"played":[0.0,1.0],"evs":[0.0,5.45065]},"T2s":{"weight":0.4883,"played":[0.0,1.0],"evs":[0.0,1.67694]},"T3s":{"weight":0.0584,"played":[0.0,1.0],"evs":[0.0,1.87436]},"T4s":{"weight":0.0022,"played":[0.0,1.0],"evs":[0.0,1.9213]},"T5s":{"weight":1.0E-4,"played":[0.0,1.0],"evs":[0.0,2.12285]},"T6s":{"weight":0.0,"played":[0.0,1.0],"evs":[0.0,2.31113]},"T7s":{"weight":1.0E-4,"played":[0.0,1.0],"evs":[0.0,2.64288]},"T8s":{"weight":0.0,"played":[0.0,1.0],"evs":[0.0,3.02598]},"T9s":{"weight":0.002,"played":[0.0,1.0],"evs":[0.0,3.45726]},"TT":{"weight":0.0013,"played":[0.0,1.0],"evs":[0.0,7.1838]},"JTo":{"weight":3.0E-4,"played":[0.0,1.0],"evs":[0.0,3.58861]},"QTo":{"weight":0.0,"played":[0.0,1.0],"evs":[0.0,4.23405]},"KTo":{"weight":2.0E-4,"played":[0.0,1.0],"evs":[0.0,5.09762]},"ATo":{"weight":0.0,"played":[0.0,1.0],"evs":[0.0,6.07366]},"J2s":{"weight":0.0172,"played":[0.0,1.0],"evs":[0.0,1.90588]},"J3s":{"weight":1.0E-4,"played":[0.0,1.0],"evs":[0.0,2.05884]},"J4s":{"weight":0.0,"played":[0.0,1.0],"evs":[0.0,2.14106]},"J5s":{"weight":1.0E-4,"played":[0.0,1.0],"evs":[0.0,2.26975]},"J6s":{"weight":3.0E-4,"played":[0.0,1.0],"evs":[0.0,2.34383]},"J7s":{"weight":0.0,"played":[0.0,1.0],"evs":[0.0,2.73587]},"J8s":{"weight":0.0,"played":[0.0,1.0],"evs":[0.0,3.14243]},"J9s":{"weight":0.1655,"played":[0.0,1.0],"evs":[0.0,3.54878]},"JTs":{"weight":0.1752,"played":[0.0,1.0],"evs":[0.0,3.99485]},"JJ":{"weight":0.002,"played":[0.0,1.0],"evs":[0.0,7.6572]},"QJo":{"weight":1.0E-4,"played":[0.0,1.0],"evs":[0.0,4.50841]},"KJo":{"weight":8.0E-4,"played":[0.0,1.0],"evs":[0.0,5.36077]},"AJo":{"weight":0.0,"played":[0.0,1.0],"evs":[0.0,6.33968]},"Q2s":{"weight":0.0,"played":[0.0,1.0],"evs":[0.0,2.65486]},"Q3s":{"weight":0.0,"played":[0.0,1.0],"evs":[0.0,2.54187]},"Q4s":{"weight":0.0,"played":[0.0,1.0],"evs":[0.0,2.72998]},"Q5s":{"weight":1.0E-4,"played":[0.0,1.0],"evs":[0.0,2.99633]},"Q6s":{"weight":0.0,"played":[0.0,1.0],"evs":[0.0,3.16604]},"Q7s":{"weight":0.2352,"played":[0.0,1.0],"evs":[0.0,3.35176]},"Q8s":{"weight":0.253,"played":[0.0,1.0],"evs":[0.0,3.73213]},"Q9s":{"weight":0.1831,"played":[0.0,1.0],"evs":[0.0,4.2373]},"QTs":{"weight":0.001,"played":[0.0,1.0],"evs":[0.0,4.70907]},"QJs":{"weight":1.0E-4,"played":[0.0,1.0],"evs":[0.0,4.92573]},"QQ":{"weight":0.0899,"played":[0.0,1.0],"evs":[0.0,8.54736]},"KQo":{"weight":3.0E-4,"played":[0.0,1.0],"evs":[0.0,5.83188]},"AQo":{"weight":0.0,"played":[0.0,1.0],"evs":[0.0,6.86877]},"K2s":{"weight":0.0,"played":[0.0,1.0],"evs":[0.0,3.40888]},"K3s":{"weight":0.0,"played":[0.0,1.0],"evs":[0.0,3.58486]},"K4s":{"weight":0.0,"played":[0.0,1.0],"evs":[0.0,3.66847]},"K5s":{"weight":0.0,"played":[0.0,1.0],"evs":[0.0,3.85605]},"K6s":{"weight":0.0014,"played":[0.0,1.0],"evs":[0.0,4.10668]},"K7s":{"weight":0.0011,"played":[0.0,1.0],"evs":[0.0,4.28832]},"K8s":{"weight":0.0022,"played":[0.0,1.0],"evs":[0.0,4.52692]},"K9s":{"weight":0.0011,"played":[0.0,1.0],"evs":[0.0,4.94963]},"KTs":{"weight":8.0E-4,"played":[0.0,1.0],"evs":[0.0,5.48723]},"KJs":{"weight":1.0E-4,"played":[0.0,1.0],"evs":[0.0,5.74063]},"KQs":{"weight":0.0,"played":[0.0,1.0],"evs":[0.0,6.12568]},"KK":{"weight":0.281,"played":[0.0,1.0],"evs":[0.0,9.6363]},"AKo":{"weight":0.0,"played":[0.0,1.0],"evs":[0.0,7.29086]},"A2s":{"weight":1.0E-4,"played":[0.0,1.0],"evs":[0.0,4.57165]},"A3s":{"weight":0.0,"played":[0.0,1.0],"evs":[0.0,4.65464]},"A4s":{"weight":0.0,"played":[0.0,1.0],"evs":[0.0,4.8612]},"A5s":{"weight":2.0E-4,"played":[0.0,1.0],"evs":[0.0,4.9981]},"A6s":{"weight":0.0,"played":[0.0,1.0],"evs":[0.0,5.05306]},"A7s":{"weight":1.0E-4,"played":[0.0,1.0],"evs":[0.0,5.35397]},"A8s":{"weight":2.0E-4,"played":[0.0,1.0],"evs":[0.0,5.64706]},"A9s":{"weight":0.0,"played":[0.0,1.0],"evs":[0.0,5.84098]},"ATs":{"weight":1.0E-4,"played":[0.0,1.0],"evs":[0.0,6.35683]},"AJs":{"weight":2.0E-4,"played":[0.0,1.0],"evs":[0.0,6.6936]},"AQs":{"weight":0.0,"played":[0.0,1.0],"evs":[0.0,7.18977]},"AKs":{"weight":1.0E-4,"played":[0.0,1.0],"evs":[0.0,7.52515]},"AA":{"weight":0.4221,"played":[0.0,1.0],"evs":[0.0,10.64116]}}}