{"player":3,"street":0,"children":3,"sequence":[{"player":0,"type":"F","amount":0,"street":0},{"player":1,"type":"C","amount":100000,"street":0},{"player":2,"type":"C","amount":0,"street":0},{"player":3,"type":"R","amount":200000,"street":0},{"player":4,"type":"C","amount":150000,"street":0},{"player":5,"type":"R","amount":445000,"street":0},{"player":1,"type":"R","amount":1805000,"street":0}],"actions":[{"type":"F","amount":0,"node":93},{"type":"C","amount":1605000,"node":94},{"type":"R","amount":1815000,"node":96}],"hands":{"22":{"weight":0.9659,"played":[0.9486,0.0163,0.0351],"evs":[0.0,-5.348,-5.45574]},"32o":{"weight":0.0,"played":[1.0,0.0,0.0],"evs":[0.0,-8.79717,-8.47787]},"42o":{"weight":0.0,"played":[0.9929,6.0E-4,0.0065],"evs":[0.0,-8.32051,-8.44402]},"52o":{"weight":0.0,"played":[0.9981,0.0,0.0019],"evs":[0.0,-8.4352,-8.24527]},"62o":{"weight":0.0,"played":[0.9994,5.0E-4,1.0E-4],"evs":[0.0,-9.34292,-9.22596]},"72o":{"weight":0.0,"played":[0.9996,0.0,4.0E-4],"evs":[0.0,-8.86297,-8.8531]},"82o":{"weight":0.0,"played":[0.9935,0.0034,0.0031],"evs":[0.0,-9.35564,-9.13689]},"92o":{"weight":0.0,"played":[0.9994,0.0,6.0E-4],"evs":[0.0,-8.99224,-9.04238]},"T2o":{"weight":0.0,"played":[0.9999,0.0,0.0],"evs":[0.0,-6.91781,-6.63402]},"J2o":{"weight":0.0,"played":[0.9998,1.0E-4,1.0E-4],"evs":[0.0,-7.68694,-7.66512]},"Q2o":{"weight":0.0,"played":[0.996,3.0E-4,0.0037],"evs":[0.0,-8.23653,-8.06517]},"K2o":{"weight":0.0,"played":[0.9852,0.0,0.0148],"evs":[0.0,-5.75149,-5.65604]},"A2o":{"weight":1.0E-4,"played":[0.9927,0.0051,0.0022],"evs":[0.0,-2.0942,-1.84967]},"32s":{"weight":0.0,"played":[0.9806,0.0058,0.0136],"evs":[0.0,-6.00035,-5.68494]},"33":{"weight":0.9357,"played":[0.3708,0.33,0.2992],"evs":[0.0,-0.50447,-0.63625]},"43o":{"weight":0.0,"played":[0.9965,3.0E-4,0.0033],"evs":[0.0,-5.4215,-5.14777]},"53o":{"weight":0.0,"played":[0.9999,0.0,1.0E-4],"evs":[0.0,-4.59518,-4.46184]},"63o":{"weight":0.0,"played":[0.9993,6.0E-4,2.0E-4],"evs":[0.0,-6.0018,-5.61411]},"73o":{"weight":0.0,"played":[1.0,0.0,0.0],"evs":[0.0,-6.0931,-5.82446]},"83o":{"weight":0.0,"played":[0.9989,7.0E-4,4.0E-4],"evs":[0.0,-7.16611,-7.23759]},"93o":{"weight":0.0,"played":[0.9992,4.0E-4,3.0E-4],"evs":[0.0,-6.56177,-6.35982]},"T3o":{"weight":0.0,"played":[0.9997,1.0E-4,2.0E-4],"evs":[0.0,-6.54466,-6.32335]},"J3o":{"weight":0.0,"played":[0.9985,1.0E-4,0.0015],"evs":[0.0,-5.77467,-5.53901]},"Q3o":{"weight":0.0,"played":[0.9961,0.002,0.0019],"evs":[0.0,-5.01243,-4.79955]},"K3o":{"weight":0.0,"played":[0.9982,0.0011,7.0E-4],"evs":[0.0,-3.10136,-3.06624]},"A3o":{"weight":0.0104,"played":[0.3139,0.1416,0.5444],"evs":[0.0,-0.61718,-0.36178]},"42s":{"weight":0.0,"played":[0.9999,0.0,1.0E-4],"evs":[0.0,-4.74787,-4.36041]},"43s":{"weight":0.0,"played":[0.9759,0.016,0.0081],"evs":[0.0,-3.52216,-2.94017]},"44":{"weight":0.3412,"played":[0.2675,0.0775,0.655],"evs":[0.0,-0.89684,-0.65482]},"54o":{"weight":0.0,"played":[0.9988,5.0E-4,8.0E-4],"evs":[0.0,-4.78579,-4.82326]},"64o":{"weight":0.0,"played":[1.0,0.0,0.0],"evs":[0.0,-5.72369,-5.5723]},"74o":{"weight":0.0,"played":[0.999,0.0,0.001],"evs":[0.0,-4.1487,-4.22492]},"84o":{"weight":0.0,"played":[0.9998,0.0,2.0E-4],"evs":[0.0,-6.59856,-6.62274]},"94o":{"weight":0.0,"played":[0.9991,0.0,9.0E-4],"evs":[0.0,-6.59487,-6.60962]},"T4o":{"weight":0.0,"played":[0.9999,0.0,0.0],"evs":[0.0,-5.55862,-5.24921]},"J4o":{"weight":0.0,"played":[0.9959,0.0013,0.0029],"evs":[0.0,-4.75482,-4.66736]},"Q4o":{"weight":0.0,"played":[0.9969,1.0E-4,0.003],"evs":[0.0,-4.16326,-4.04825]},"K4o":{"weight":0.0,"played":[0.9959,0.0038,3.0E-4],"evs":[0.0,-4.11719,-4.23019]},"A4o":{"weight":3.0E-4,"played":[0.7394,0.101,0.1596],"evs":[0.0,-0.9175,-1.18784]},"52s":{"weight":0.0,"played":[0.999,1.0E-4,9.0E-4],"evs":[0.0,-3.93584,-3.86356]},"53s":{"weight":0.0,"played":[0.9899,0.0041,0.006],"evs":[0.0,-3.23336,-2.72309]},"54s":{"weight":0.0,"played":[0.9528,0.0081,0.039],"evs":[0.0,-2.79212,-2.75055]},"55":{"weight":0.0,"played":[0.618,0.0914,0.2906],"evs":[0.0,-2.45302,-2.3136]},"65o":{"weight":0.0,"played":[0.9997,2.0E-4,0.0],"evs":[0.0,-4.06658,-3.83691]},"75o":{"weight":0.0,"played":[0.9989,0.0,0.0011],"evs":[0.0,-4.79163,-4.62229]},"85o":{"weight":0.0,"played":[0.9956,2.0E-4,0.0042],"evs":[0.0,-6.52434,-6.2299]},"95o":{"weight":0.0,"played":[1.0,0.0,0.0],"evs":[0.0,-5.21913,-4.9603]},"T5o":{"weight":0.0,"played":[0.9996,0.0,4.0E-4],"evs":[0.0,-6.05647,-6.10687]},"J5o":{"weight":0.0,"played":[1.0,0.0,0.0],"evs":[0.0,-4.30878,-4.35903]},"Q5o":{"weight":0.0,"played":[0.9968,5.0E-4,0.0027],"evs":[0.0,-3.70127,-3.62742]},"K5o":{"weight":0.1435,"played":[0.9964,0.0019,0.0017],"evs":[0.0,-3.24502,-2.94293]},"A5o":{"weight":3.0E-4,"played":[0.2954,0.2526,0.452],"evs":[0.0,-0.4374,-0.36841]},"62s":{"weight":0.0,"played":[0.9924,3.0E-4,0.0073],"evs":[0.0,-8.60713,-8.52038]},"63s":{"weight":0.0,"played":[0.9811,0.0058,0.0131],"evs":[0.0,-4.51549,-4.05599]},"64s":{"weight":0.0,"played":[0.657,0.0756,0.2674],"evs":[0.0,-3.89707,-3.66045]},"65s":{"weight":0.1518,"played":[0.9591,0.0048,0.0361],"evs":[0.0,-0.94152,-0.99844]},"66":{"weight":0.0018,"played":[0.0285,0.0484,0.9231],"evs":[0.0,1.09641,1.34271]},"76o":{"weight":0.0,"played":[0.9952,0.0017,0.0031],"evs":[0.0,-4.21542,-4.23595]},"86o":{"weight":0.0,"played":[0.9892,0.0,0.0108],"evs":[0.0,-3.34028,-3.1884]},"96o":{"weight":0.0,"played":[0.9973,2.0E-4,0.0025],"evs":[0.0,-4.69298,-4.7776]},"T6o":{"weight":0.0,"played":[0.9982,2.0E-4,0.0017],"evs":[0.0,-4.86287,-4.75758]},"J6o":{"weight":0.0,"played":[0.9998,0.0,2.0E-4],"evs":[0.0,-5.45913,-5.38236]},"Q6o":{"weight":1.0E-4,"played":[0.9934,0.0044,0.0022],"evs":[0.0,-4.67087,-4.44551]},"K6o":{"weight":0.8678,"played":[0.9402,0.0067,0.0532],"evs":[0.0,-2.29665,-2.12716]},"A6o":{"weight":0.0194,"played":[0.9892,0.0027,0.0082],"evs":[0.0,-1.29928,-1.34527]},"72s":{"weight":0.0,"played":[0.9978,4.0E-4,0.0018],"evs":[0.0,-8.36911,-8.09245]},"73s":{"weight":0.0,"played":[0.9766,0.0201,0.0033],"evs":[0.0,-4.86438,-4.80984]},"74s":{"weight":0.0,"played":[0.9866,2.0E-4,0.0133],"evs":[0.0,-4.1898,-4.14776]},"75s":{"weight":0.0,"played":[0.9913,3.0E-4,0.0084],"evs":[0.0,-3.56852,-3.39216]},"76s":{"weight":0.2826,"played":[0.933,0.0155,0.0515],"evs":[0.0,-1.75466,-1.37761]},"77":{"weight":0.0012,"played":[0.0113,0.2793,0.7095],"evs":[0.0,-0.06334,0.15245]},"87o":{"weight":0.0,"played":[0.9781,0.0071,0.0148],"evs":[0.0,-2.86126,-3.07226]},"97o":{"weight":0.0,"played":[0.9875,0.0104,0.0021],"evs":[0.0,-3.66372,-3.57682]},"T7o":{"weight":0.0,"played":[0.9984,8.0E-4,8.0E-4],"evs":[0.0,-3.81563,-3.73138]},"J7o":{"weight":0.0,"played":[0.9971,8.0E-4,0.0021],"evs":[0.0,-4.44662,-4.34992]},"Q7o":{"weight":0.0,"played":[0.9949,0.0031,0.0019],"evs":[0.0,-4.15593,-3.92239]},"K7o":{"weight":0.9964,"played":[0.9717,0.0183,0.0099],"evs":[0.0,-1.87693,-1.8572]},"A7o":{"weight":0.4339,"played":[0.994,1.0E-4,0.0059],"evs":[0.0,-1.47686,-1.66108]},"82s":{"weight":0.0,"played":[0.9996,3.0E-4,1.0E-4],"evs":[0.0,-5.32837,-5.5013]},"83s":{"weight":0.0,"played":[0.995,0.0,0.005],"evs":[0.0,-4.64023,-4.5644]},"84s":{"weight":0.0,"played":[0.9839,0.0057,0.0104],"evs":[0.0,-5.3707,-5.57812]},"85s":{"weight":0.0,"played":[0.997,0.0021,9.0E-4],"evs":[0.0,-3.9646,-3.65023]},"86s":{"weight":0.7118,"played":[0.8646,0.0024,0.1331],"evs":[0.0,-1.69444,-1.14182]},"87s":{"weight":0.9577,"played":[0.8005,0.0258,0.1737],"evs":[0.0,-0.84964,-0.603]},"88":{"weight":0.013,"played":[0.0221,0.3309,0.6471],"evs":[0.0,3.11914,3.33296]},"98o":{"weight":0.0,"played":[0.9988,8.0E-4,4.0E-4],"evs":[0.0,-3.28873,-3.28734]},"T8o":{"weight":0.0,"played":[0.9982,5.0E-4,0.0013],"evs":[0.0,-2.62778,-2.36835]},"J8o":{"weight":0.0541,"played":[0.9922,0.0073,4.0E-4],"evs":[0.0,-3.62634,-3.53194]},"Q8o":{"weight":0.9926,"played":[0.9966,1.0E-4,0.0032],"evs":[0.0,-2.76364,-2.65317]},"K8o":{"weight":0.9967,"played":[0.9947,0.0028,0.0026],"evs":[0.0,-2.82988,-2.69994]},"A8o":{"weight":0.0091,"played":[0.3066,0.0321,0.6613],"evs":[0.0,-0.64919,-0.2541]},"92s":{"weight":0.0,"played":[0.9926,1.0E-4,0.0074],"evs":[0.0,-3.64838,-3.85684]},"93s":{"weight":0.0,"played":[0.9845,0.0132,0.0023],"evs":[0.0,-4.83865,-4.59584]},"94s":{"weight":0.0,"played":[0.9934,0.0014,0.0051],"evs":[0.0,-3.75201,-3.47406]},"95s":{"weight":0.0,"played":[0.9989,7.0E-4,4.0E-4],"evs":[0.0,-3.41797,-3.57718]},"96s":{"weight":2.0E-4,"played":[0.9802,9.0E-4,0.0189],"evs":[0.0,-2.06075,-2.0792]},"97s":{"weight":0.0108,"played":[0.9763,0.0175,0.0062],"evs":[0.0,-1.63177,-1.71547]},"98s":{"weight":0.1446,"played":[0.263,0.2665,0.4705],"evs":[0.0,-0.21669,-0.24177]},"99":{"weight":0.3105,"played":[0.0,0.0366,0.9633],"evs":[0.0,5.08068,5.3134]},"T9o":{"weight":0.1936,"played":[0.9933,0.0038,0.0029],"evs":[0.0,-2.30314,-2.18101]},"J9o":{"weight":0.9992,"played":[0.9892,0.0065,0.0044],"evs":[0.0,-2.21629,-2.28748]},"Q9o":{"weight":0.9998,"played":[0.997,4.0E-4,0.0025],"evs":[0.0,-1.70115,-1.65249]},"K9o":{"weight":0.9642,"played":[0.1531,0.0585,0.7884],"evs":[0.0,-0.22569,0.13983]},"A9o":{"weight":0.0266,"played":[0.0,0.9179,0.0821],"evs":[0.0,2.004,1.84063]},"T2s":{"weight":0.0,"played":[0.9969,5.0E-4,0.0026],"evs":[0.0,-4.04058,-3.92625]},"T3s":{"weight":0.0,"played":[0.9992,0.0,8.0E-4],"evs":[0.0,-3.39355,-3.03591]},"T4s":{"weight":0.0,"played":[0.913,0.0035,0.0835],"evs":[0.0,-5.09163,-4.42803]},"T5s":{"weight":0.0,"played":[0.9878,2.0E-4,0.012],"evs":[0.0,-2.44504,-2.29006]},"T6s":{"weight":0.0116,"played":[0.9304,0.0135,0.0561],"evs":[0.0,-2.27598,-2.12195]},"T7s":{"weight":0.0374,"played":[0.8214,0.0131,0.1655],"evs":[0.0,-2.8058,-2.39841]},"T8s":{"weight":0.1111,"played":[0.7587,0.1562,0.0851],"evs":[0.0,-0.09128,-0.3308]},"T9s":{"weight":0.0174,"played":[0.1911,0.3277,0.4812],"evs":[0.0,0.62418,0.85292]},"TT":{"weight":0.3412,"played":[0.0,0.0328,0.9672],"evs":[0.0,6.4196,6.67613]},"JTo":{"weight":0.3258,"played":[0.9271,0.0358,0.0371],"evs":[0.0,-1.55624,-1.70385]},"QTo":{"weight":0.0525,"played":[0.9403,0.0482,0.0116],"evs":[0.0,-1.51991,-1.75083]},"KTo":{"weight":0.1553,"played":[0.8825,0.003,0.1145],"evs":[0.0,-0.66918,-0.62257]},"ATo":{"weight":0.0061,"played":[0.0,0.4222,0.5778],"evs":[0.0,3.12191,3.0358]},"J2s":{"weight":0.0,"played":[0.9977,0.0011,0.0013],"evs":[0.0,-5.90203,-5.89045]},"J3s":{"weight":0.0018,"played":[0.9751,0.0118,0.0131],"evs":[0.0,-5.39533,-5.17652]},"J4s":{"weight":0.0,"played":[0.9494,0.0132,0.0374],"evs":[0.0,-3.55701,-3.52965]},"J5s":{"weight":0.0,"played":[0.9867,0.0048,0.0086],"evs":[0.0,-4.09901,-4.14798]},"J6s":{"weight":0.4314,"played":[0.9743,0.0087,0.017],"evs":[0.0,-2.56921,-2.1457]},"J7s":{"weight":0.6541,"played":[0.2721,0.2758,0.4521],"evs":[0.0,0.2812,0.47663]},"J8s":{"weight":0.0801,"played":[0.7,0.0671,0.2328],"evs":[0.0,-1.49884,-1.4826]},"J9s":{"weight":0.0014,"played":[0.299,0.1519,0.549],"evs":[0.0,0.49315,0.94234]},"JTs":{"weight":0.0065,"played":[0.0901,0.4141,0.4958],"evs":[0.0,0.32149,0.39661]},"JJ":{"weight":0.9538,"played":[0.0,0.5242,0.4758],"evs":[0.0,6.15641,5.89189]},"QJo":{"weight":0.6618,"played":[0.7098,0.1823,0.1079],"evs":[0.0,-0.51553,-0.69801]},"KJo":{"weight":0.336,"played":[0.027,0.5756,0.3974],"evs":[0.0,0.66691,0.72665]},"AJo":{"weight":0.0165,"played":[0.0,0.4771,0.5229],"evs":[0.0,3.02858,2.83274]},"Q2s":{"weight":0.002,"played":[0.9989,5.0E-4,6.0E-4],"evs":[0.0,-3.83403,-3.81206]},"Q3s":{"weight":0.1458,"played":[0.959,0.0014,0.0396],"evs":[0.0,-1.23358,-0.68418]},"Q4s":{"weight":0.7961,"played":[0.9531,0.015,0.0319],"evs":[0.0,-3.29113,-3.0308]},"Q5s":{"weight":0.3126,"played":[0.9398,0.0238,0.0363],"evs":[0.0,-3.22829,-2.88294]},"Q6s":{"weight":0.1839,"played":[0.8436,0.019,0.1374],"evs":[0.0,-2.36963,-2.12003]},"Q7s":{"weight":0.0142,"played":[0.7198,0.0758,0.2044],"evs":[0.0,-2.81435,-2.41106]},"Q8s":{"weight":0.0017,"played":[0.5566,0.11,0.3334],"evs":[0.0,-2.29782,-1.91372]},"Q9s":{"weight":0.4883,"played":[0.2636,0.2004,0.536],"evs":[0.0,0.74397,0.87679]},"QTs":{"weight":0.1372,"played":[0.2168,0.3655,0.4178],"evs":[0.0,2.17862,2.18162]},"QJs":{"weight":0.5928,"played":[0.1658,0.1653,0.6689],"evs":[0.0,0.04067,0.38003]},"QQ":{"weight":0.9743,"played":[0.0,0.7908,0.2092],"evs":[0.0,10.51801,10.36418]},"KQo":{"weight":0.6959,"played":[3.0E-4,0.4557,0.544],"evs":[0.0,1.95144,1.78763]},"AQo":{"weight":0.2215,"played":[0.0,0.564,0.436],"evs":[0.0,3.20697,2.99821]},"K2s":{"weight":0.9756,"played":[0.9991,4.0E-4,5.0E-4],"evs":[0.0,-3.73894,-3.95745]},"K3s":{"weight":0.0168,"played":[0.6589,0.1557,0.1854],"evs":[0.0,-0.68189,-0.88817]},"K4s":{"weight":0.019,"played":[0.7661,0.0728,0.161],"evs":[0.0,-1.63122,-1.54549]},"K5s":{"weight":0.0089,"played":[0.5255,0.2264,0.2481],"evs":[0.0,-1.15996,-1.37844]},"K6s":{"weight":0.0251,"played":[0.0172,0.2733,0.7095],"evs":[0.0,1.00881,1.0171]},"K7s":{"weight":0.7583,"played":[0.0618,0.2942,0.644],"evs":[0.0,2.79498,2.7292]},"K8s":{"weight":0.06,"played":[0.3077,0.2988,0.3935],"evs":[0.0,0.10585,-0.04974]},"K9s":{"weight":0.9758,"played":[0.012,0.1194,0.8687],"evs":[0.0,3.44176,3.70939]},"KTs":{"weight":0.3283,"played":[0.0,0.6905,0.3095],"evs":[0.0,2.22009,2.0748]},"KJs":{"weight":0.1212,"played":[0.0,0.8917,0.1083],"evs":[0.0,4.69731,4.48604]},"KQs":{"weight":0.8091,"played":[0.014,0.5686,0.4174],"evs":[0.0,4.20588,3.90002]},"KK":{"weight":1.0,"played":[0.0,0.2659,0.7341],"evs":[0.0,19.77965,19.82915]},"AKo":{"weight":0.9975,"played":[0.0,0.7528,0.2472],"evs":[0.0,5.37193,5.18327]},"A2s":{"weight":0.0,"played":[0.1175,0.7678,0.1147],"evs":[0.0,-0.07289,-0.644]},"A3s":{"weight":2.0E-4,"played":[0.2339,0.4035,0.3627],"evs":[0.0,0.18478,0.12611]},"A4s":{"weight":0.0028,"played":[0.2121,0.1304,0.6575],"evs":[0.0,-0.28329,-0.11637]},"A5s":{"weight":0.0046,"played":[0.0045,0.8996,0.0959],"evs":[0.0,2.36345,2.22155]},"A6s":{"weight":0.014,"played":[0.1005,0.5398,0.3597],"evs":[0.0,0.54708,0.59923]},"A7s":{"weight":0.3022,"played":[0.1898,0.7202,0.09],"evs":[0.0,2.43571,1.99152]},"A8s":{"weight":0.1678,"played":[0.048,0.6262,0.3258],"evs":[0.0,1.10593,0.80725]},"A9s":{"weight":0.0053,"played":[0.0173,0.9331,0.0496],"evs":[0.0,3.65889,3.48218]},"ATs":{"weight":0.3761,"played":[8.0E-4,0.3588,0.6405],"evs":[0.0,3.0817,3.03979]},"AJs":{"weight":0.1397,"played":[0.0,0.9917,0.0083],"evs":[0.0,4.39573,3.94212]},"AQs":{"weight":0.9741,"played":[2.0E-4,0.4786,0.5212],"evs":[0.0,5.81083,5.50221]},"AKs":{"weight":0.9801,"played":[0.0,0.8443,0.1557],"evs":[0.0,6.06502,5.76699]},"AA":{"weight":0.9998,"played":[0.0,0.0266,0.9734],"evs":[0.0,27.26806,27.45092]}}}