{"player":3,"street":0,"children":2,"sequence":[{"player":0,"type":"R","amount":12750000,"street":0},{"player":1,"type":"F","amount":0,"street":0},{"player":2,"type":"R","amount":13750000,"street":0}],"actions":[{"type":"F","amount":0},{"type":"C","amount":8750000}],"hands":{"22":{"weight":1.0,"played":[0.0,1.0],"evs":[0.0,1.48901]},"32o":{"weight":1.0,"played":[0.0,1.0],"evs":[0.0,0.45585]},"42o":{"weight":1.0,"played":[0.0,1.0],"evs":[0.0,0.50353]},"52o":{"weight":1.0,"played":[0.0,1.0],"evs":[0.0,0.56767]},"62o":{"weight":1.0,"played":[0.0,1.0],"evs":[0.0,0.43214]},"72o":{"weight":1.0,"played":[0.0,1.0],"evs":[0.0,0.31263]},"82o":{"weight":1.0,"played":[0.0,1.0],"evs":[0.0,0.37224]},"92o":{"weight":1.0,"played":[0.0,1.0],"evs":[0.0,0.41304]},"T2o":{"weight":1.0,"played":[0.0,1.0],"evs":[0.0,0.48798]},"J2o":{"weight":1.0,"played":[0.0,1.0],"evs":[0.0,0.56765]},"Q2o":{"weight":1.0,"played":[0.0,1.0],"evs":[0.0,0.67093]},"K2o":{"weight":1.0,"played":[0.0,1.0],"evs":[0.0,0.79471]},"A2o":{"weight":1.0,"played":[0.0,1.0],"evs":[0.0,1.06469]},"32s":{"weight":1.0,"played":[0.0,1.0],"evs":[0.0,0.86913]},"33":{"weight":1.0,"played":[0.0,1.0],"evs":[0.0,1.61612]},"43o":{"weight":1.0,"played":[0.0,1.0],"evs":[0.0,0.68404]},"53o":{"weight":1.0,"played":[0.0,1.0],"evs":[0.0,0.74043]},"63o":{"weight":1.0,"played":[0.0,1.0],"evs":[0.0,0.62415]},"73o":{"weight":1.0,"played":[0.0,1.0],"evs":[0.0,0.50686]},"83o":{"weight":1.0,"played":[0.0,1.0],"evs":[0.0,0.39553]},"93o":{"weight":1.0,"played":[0.0,1.0],"evs":[0.0,0.46555]},"T3o":{"weight":1.0,"played":[0.0,1.0],"evs":[0.0,0.54666]},"J3o":{"weight":1.0,"played":[0.0,1.0],"evs":[0.0,0.6194]},"Q3o":{"weight":1.0,"played":[0.0,1.0],"evs":[0.0,0.71748]},"K3o":{"weight":1.0,"played":[0.0,1.0],"evs":[0.0,0.85077]},"A3o":{"weight":1.0,"played":[0.0,1.0],"evs":[0.0,1.11898]},"42s":{"weight":1.0,"played":[0.0,1.0],"evs":[0.0,0.93229]},"43s":{"weight":1.0,"played":[0.0,1.0],"evs":[0.0,1.06308]},"44":{"weight":1.0,"played":[0.0,1.0],"evs":[0.0,1.76982]},"54o":{"weight":1.0,"played":[0.0,1.0],"evs":[0.0,0.88942]},"64o":{"weight":1.0,"played":[0.0,1.0],"evs":[0.0,0.80128]},"74o":{"weight":1.0,"played":[0.0,1.0],"evs":[0.0,0.67895]},"84o":{"weight":1.0,"played":[0.0,1.0],"evs":[0.0,0.57403]},"94o":{"weight":1.0,"played":[0.0,1.0],"evs":[0.0,0.47784]},"T4o":{"weight":1.0,"played":[0.0,1.0],"evs":[0.0,0.58624]},"J4o":{"weight":1.0,"played":[0.0,1.0],"evs":[0.0,0.67779]},"Q4o":{"weight":1.0,"played":[0.0,1.0],"evs":[0.0,0.79682]},"K4o":{"weight":1.0,"played":[0.0,1.0],"evs":[0.0,0.91078]},"A4o":{"weight":1.0,"played":[0.0,1.0],"evs":[0.0,1.18833]},"52s":{"weight":1.0,"played":[0.0,1.0],"evs":[0.0,0.96771]},"53s":{"weight":1.0,"played":[0.0,1.0],"evs":[0.0,1.13924]},"54s":{"weight":1.0,"played":[0.0,1.0],"evs":[0.0,1.29948]},"55":{"weight":1.0,"played":[0.0,1.0],"evs":[0.0,1.90904]},"65o":{"weight":1.0,"played":[0.0,1.0],"evs":[0.0,0.95767]},"75o":{"weight":1.0,"played":[0.0,1.0],"evs":[0.0,0.84217]},"85o":{"weight":1.0,"played":[0.0,1.0],"evs":[0.0,0.73574]},"95o":{"weight":1.0,"played":[0.0,1.0],"evs":[0.0,0.65256]},"T5o":{"weight":1.0,"played":[0.0,1.0],"evs":[0.0,0.62199]},"J5o":{"weight":1.0,"played":[0.0,1.0],"evs":[0.0,0.7336]},"Q5o":{"weight":1.0,"played":[0.0,1.0],"evs":[0.0,0.83572]},"K5o":{"weight":1.0,"played":[0.0,1.0],"evs":[0.0,0.97969]},"A5o":{"weight":1.0,"played":[0.0,1.0],"evs":[0.0,1.26452]},"62s":{"weight":1.0,"played":[0.0,1.0],"evs":[0.0,0.84076]},"63s":{"weight":1.0,"played":[0.0,1.0],"evs":[0.0,1.0224]},"64s":{"weight":1.0,"played":[0.0,1.0],"evs":[0.0,1.20023]},"65s":{"weight":1.0,"played":[0.0,1.0],"evs":[0.0,1.35994]},"66":{"weight":1.0,"played":[0.0,1.0],"evs":[0.0,2.07172]},"76o":{"weight":1.0,"played":[0.0,1.0],"evs":[0.0,0.98902]},"86o":{"weight":1.0,"played":[0.0,1.0],"evs":[0.0,0.88652]},"96o":{"weight":1.0,"played":[0.0,1.0],"evs":[0.0,0.81488]},"T6o":{"weight":1.0,"played":[0.0,1.0],"evs":[0.0,0.77486]},"J6o":{"weight":1.0,"played":[0.0,1.0],"evs":[0.0,0.74426]},"Q6o":{"weight":1.0,"played":[0.0,1.0],"evs":[0.0,0.86995]},"K6o":{"weight":1.0,"played":[0.0,1.0],"evs":[0.0,1.02622]},"A6o":{"weight":1.0,"played":[0.0,1.0],"evs":[0.0,1.14019]},"72s":{"weight":1.0,"played":[0.0,1.0],"evs":[0.0,0.74011]},"73s":{"weight":1.0,"played":[0.0,1.0],"evs":[0.0,0.92345]},"74s":{"weight":1.0,"played":[0.0,1.0],"evs":[0.0,1.08995]},"75s":{"weight":1.0,"played":[0.0,1.0],"evs":[0.0,1.22923]},"76s":{"weight":1.0,"played":[0.0,1.0],"evs":[0.0,1.37475]},"77":{"weight":1.0,"played":[0.0,1.0],"evs":[0.0,2.30628]},"87o":{"weight":1.0,"played":[0.0,1.0],"evs":[0.0,1.00387]},"97o":{"weight":1.0,"played":[0.0,1.0],"evs":[0.0,0.95335]},"T7o":{"weight":1.0,"played":[0.0,1.0],"evs":[0.0,0.92221]},"J7o":{"weight":1.0,"played":[0.0,1.0],"evs":[0.0,0.88754]},"Q7o":{"weight":1.0,"played":[0.0,1.0],"evs":[0.0,0.88242]},"K7o":{"weight":1.0,"played":[0.0,1.0],"evs":[0.0,1.06402]},"A7o":{"weight":1.0,"played":[0.0,1.0],"evs":[0.0,1.29002]},"82s":{"weight":1.0,"played":[0.0,1.0],"evs":[0.0,0.79759]},"83s":{"weight":1.0,"played":[0.0,1.0],"evs":[0.0,0.81861]},"84s":{"weight":1.0,"played":[0.0,1.0],"evs":[0.0,0.99435]},"85s":{"weight":1.0,"played":[0.0,1.0],"evs":[0.0,1.14756]},"86s":{"weight":1.0,"played":[0.0,1.0],"evs":[0.0,1.304]},"87s":{"weight":1.0,"played":[0.0,1.0],"evs":[0.0,1.38383]},"88":{"weight":1.0,"played":[0.0,1.0],"evs":[0.0,2.61967]},"98o":{"weight":1.0,"played":[0.0,1.0],"evs":[0.0,1.06498]},"T8o":{"weight":1.0,"played":[0.0,1.0],"evs":[0.0,1.07969]},"J8o":{"weight":1.0,"played":[0.0,1.0],"evs":[0.0,1.04687]},"Q8o":{"weight":1.0,"played":[0.0,1.0],"evs":[0.0,1.05665]},"K8o":{"weight":1.0,"played":[0.0,1.0],"evs":[0.0,1.1337]},"A8o":{"weight":1.0,"played":[0.0,1.0],"evs":[0.0,1.4086]},"92s":{"weight":1.0,"played":[0.0,1.0],"evs":[0.0,0.83084]},"93s":{"weight":1.0,"played":[0.0,1.0],"evs":[0.0,0.88391]},"94s":{"weight":1.0,"played":[0.0,1.0],"evs":[0.0,0.92421]},"95s":{"weight":1.0,"played":[0.0,1.0],"evs":[0.0,1.07713]},"96s":{"weight":1.0,"played":[0.0,1.0],"evs":[0.0,1.25515]},"97s":{"weight":1.0,"played":[0.0,1.0],"evs":[0.0,1.34253]},"98s":{"weight":1.0,"played":[0.0,1.0],"evs":[0.0,1.45602]},"99":{"weight":1.0,"played":[0.0,1.0],"evs":[0.0,2.95952]},"T9o":{"weight":1.0,"played":[0.0,1.0],"evs":[0.0,1.23576]},"J9o":{"weight":1.0,"played":[0.0,1.0],"evs":[0.0,1.21509]},"Q9o":{"weight":1.0,"played":[0.0,1.0],"evs":[0.0,1.23012]},"K9o":{"weight":1.0,"played":[0.0,1.0],"evs":[0.0,1.28346]},"A9o":{"weight":1.0,"played":[0.0,1.0],"evs":[0.0,1.58124]},"T2s":{"weight":1.0,"played":[0.0,1.0],"evs":[0.0,0.92522]},"T3s":{"weight":1.0,"played":[0.0,1.0],"evs":[0.0,0.95749]},"T4s":{"weight":1.0,"played":[0.0,1.0],"evs":[0.0,1.03536]},"T5s":{"weight":1.0,"played":[0.0,1.0],"evs":[0.0,1.04968]},"T6s":{"weight":1.0,"played":[0.0,1.0],"evs":[0.0,1.19284]},"T7s":{"weight":1.0,"played":[0.0,1.0],"evs":[0.0,1.32301]},"T8s":{"weight":1.0,"played":[0.0,1.0],"evs":[0.0,1.46218]},"T9s":{"weight":1.0,"played":[0.0,1.0],"evs":[0.0,1.61345]},"TT":{"weight":1.0,"played":[0.0,1.0],"evs":[0.0,3.44343]},"JTo":{"weight":1.0,"played":[0.0,1.0],"evs":[0.0,1.45252]},"QTo":{"weight":1.0,"played":[0.0,1.0],"evs":[0.0,1.48734]},"KTo":{"weight":1.0,"played":[0.0,1.0],"evs":[0.0,1.57078]},"ATo":{"weight":1.0,"played":[0.0,1.0],"evs":[0.0,2.01318]},"J2s":{"weight":1.0,"played":[0.0,1.0],"evs":[0.0,1.00145]},"J3s":{"weight":1.0,"played":[0.0,1.0],"evs":[0.0,1.04973]},"J4s":{"weight":1.0,"played":[0.0,1.0],"evs":[0.0,1.08203]},"J5s":{"weight":1.0,"played":[0.0,1.0],"evs":[0.0,1.14429]},"J6s":{"weight":1.0,"played":[0.0,1.0],"evs":[0.0,1.16975]},"J7s":{"weight":1.0,"played":[0.0,1.0],"evs":[0.0,1.29921]},"J8s":{"weight":1.0,"played":[0.0,1.0],"evs":[0.0,1.45171]},"J9s":{"weight":1.0,"played":[0.0,1.0],"evs":[0.0,1.58185]},"JTs":{"weight":1.0,"played":[0.0,1.0],"evs":[0.0,1.81838]},"JJ":{"weight":1.0,"played":[0.0,1.0],"evs":[0.0,3.92704]},"QJo":{"weight":1.0,"played":[0.0,1.0],"evs":[0.0,1.5895]},"KJo":{"weight":1.0,"played":[0.0,1.0],"evs":[0.0,1.72326]},"AJo":{"weight":1.0,"played":[0.0,1.0],"evs":[0.0,2.33279]},"Q2s":{"weight":1.0,"played":[0.0,1.0],"evs":[0.0,1.10837]},"Q3s":{"weight":1.0,"played":[0.0,1.0],"evs":[0.0,1.16471]},"Q4s":{"weight":1.0,"played":[0.0,1.0],"evs":[0.0,1.20308]},"Q5s":{"weight":1.0,"played":[0.0,1.0],"evs":[0.0,1.27104]},"Q6s":{"weight":1.0,"played":[0.0,1.0],"evs":[0.0,1.3169]},"Q7s":{"weight":1.0,"played":[0.0,1.0],"evs":[0.0,1.29377]},"Q8s":{"weight":1.0,"played":[0.0,1.0],"evs":[0.0,1.49292]},"Q9s":{"weight":1.0,"played":[0.0,1.0],"evs":[0.0,1.60831]},"QTs":{"weight":1.0,"played":[0.0,1.0],"evs":[0.0,1.8506]},"QJs":{"weight":1.0,"played":[0.0,1.0],"evs":[0.0,1.97046]},"QQ":{"weight":1.0,"played":[0.0,1.0],"evs":[0.0,4.4963]},"KQo":{"weight":1.0,"played":[0.0,1.0],"evs":[0.0,1.96042]},"AQo":{"weight":1.0,"played":[0.0,1.0],"evs":[0.0,2.70802]},"K2s":{"weight":1.0,"played":[0.0,1.0],"evs":[0.0,1.22139]},"K3s":{"weight":1.0,"played":[0.0,1.0],"evs":[0.0,1.27848]},"K4s":{"weight":1.0,"played":[0.0,1.0],"evs":[0.0,1.35039]},"K5s":{"weight":1.0,"played":[0.0,1.0],"evs":[0.0,1.3918]},"K6s":{"weight":1.0,"played":[0.0,1.0],"evs":[0.0,1.43684]},"K7s":{"weight":1.0,"played":[0.0,1.0],"evs":[0.0,1.50475]},"K8s":{"weight":1.0,"played":[0.0,1.0],"evs":[0.0,1.55801]},"K9s":{"weight":1.0,"played":[0.0,1.0],"evs":[0.0,1.70655]},"KTs":{"weight":1.0,"played":[0.0,1.0],"evs":[0.0,1.95907]},"KJs":{"weight":1.0,"played":[0.0,1.0],"evs":[0.0,2.10282]},"KQs":{"weight":1.0,"played":[0.0,1.0],"evs":[0.0,2.32466]},"KK":{"weight":1.0,"played":[0.0,1.0],"evs":[0.0,5.21934]},"AKo":{"weight":1.0,"played":[0.0,1.0],"evs":[0.0,3.13451]},"A2s":{"weight":1.0,"played":[0.0,1.0],"evs":[0.0,1.51143]},"A3s":{"weight":1.0,"played":[0.0,1.0],"evs":[0.0,1.54376]},"A4s":{"weight":1.0,"played":[0.0,1.0],"evs":[0.0,1.60355]},"A5s":{"weight":1.0,"played":[0.0,1.0],"evs":[0.0,1.69059]},"A6s":{"weight":1.0,"played":[0.0,1.0],"evs":[0.0,1.60309]},"A7s":{"weight":1.0,"played":[0.0,1.0],"evs":[0.0,1.69631]},"A8s":{"weight":1.0,"played":[0.0,1.0],"evs":[0.0,1.84447]},"A9s":{"weight":1.0,"played":[0.0,1.0],"evs":[0.0,1.99107]},"ATs":{"weight":1.0,"played":[0.0,1.0],"evs":[0.0,2.37466]},"AJs":{"weight":1.0,"played":[0.0,1.0],"evs":[0.0,2.6648]},"AQs":{"weight":1.0,"played":[0.0,1.0],"evs":[0.0,3.0557]},"AKs":{"weight":1.0,"played":[0.0,1.0],"evs":[0.0,3.40458]},"AA":{"weight":1.0,"played":[0.0,1.0],"evs":[0.0,6.3675]}}}