{"player":1,"street":0,"children":2,"sequence":[{"player":0,"type":"R","amount":12750000,"street":0},{"player":1,"type":"C","amount":12750000,"street":0},{"player":2,"type":"C","amount":10250000,"street":0},{"player":3,"type":"R","amount":51750000,"street":0}],"actions":[{"type":"F","amount":0,"node":18},{"type":"C","amount":39000000,"node":19}],"hands":{"22":{"weight":0.0,"played":[0.0,1.0],"evs":[0.0,1.68377]},"32o":{"weight":0.0,"played":[1.0,0.0],"evs":[0.0,-1.6121]},"42o":{"weight":0.0,"played":[1.0,0.0],"evs":[0.0,-1.53248]},"52o":{"weight":0.0,"played":[0.9999,1.0E-4],"evs":[0.0,-1.42731]},"62o":{"weight":0.0,"played":[1.0,0.0],"evs":[0.0,-1.65508]},"72o":{"weight":0.0,"played":[1.0,0.0],"evs":[0.0,-2.05239]},"82o":{"weight":0.0,"played":[1.0,0.0],"evs":[0.0,-1.75622]},"92o":{"weight":0.0,"played":[1.0,0.0],"evs":[0.0,-1.77132]},"T2o":{"weight":0.0,"played":[1.0,0.0],"evs":[0.0,-1.62859]},"J2o":{"weight":0.0,"played":[0.9999,1.0E-4],"evs":[0.0,-1.57991]},"Q2o":{"weight":0.0,"played":[1.0,0.0],"evs":[0.0,-1.5208]},"K2o":{"weight":0.0,"played":[0.9999,1.0E-4],"evs":[0.0,-1.4016]},"A2o":{"weight":0.0,"played":[0.9979,0.0021],"evs":[0.0,-0.49013]},"32s":{"weight":0.0,"played":[0.9997,3.0E-4],"evs":[0.0,-0.72897]},"33":{"weight":0.0,"played":[0.0,1.0],"evs":[0.0,1.85335]},"43o":{"weight":0.0,"played":[1.0,0.0],"evs":[0.0,-1.38122]},"53o":{"weight":0.0,"played":[0.9998,2.0E-4],"evs":[0.0,-1.10356]},"63o":{"weight":0.0,"played":[1.0,0.0],"evs":[0.0,-1.02898]},"73o":{"weight":0.0,"played":[1.0,0.0],"evs":[0.0,-1.63984]},"83o":{"weight":0.0,"played":[1.0,0.0],"evs":[0.0,-1.86238]},"93o":{"weight":0.0,"played":[1.0,0.0],"evs":[0.0,-1.55961]},"T3o":{"weight":0.0,"played":[1.0,0.0],"evs":[0.0,-1.45407]},"J3o":{"weight":0.0,"played":[1.0,0.0],"evs":[0.0,-1.57224]},"Q3o":{"weight":0.0,"played":[0.9999,1.0E-4],"evs":[0.0,-1.40222]},"K3o":{"weight":0.0,"played":[0.9999,1.0E-4],"evs":[0.0,-1.3735]},"A3o":{"weight":0.0,"played":[0.9993,7.0E-4],"evs":[0.0,-0.35304]},"42s":{"weight":0.0,"played":[1.0,0.0],"evs":[0.0,-0.40325]},"43s":{"weight":0.0,"played":[0.9993,7.0E-4],"evs":[0.0,-0.13256]},"44":{"weight":0.0,"played":[0.0,1.0],"evs":[0.0,2.1646]},"54o":{"weight":0.0,"played":[1.0,0.0],"evs":[0.0,-0.66684]},"64o":{"weight":0.0,"played":[1.0,0.0],"evs":[0.0,-0.8112]},"74o":{"weight":0.0,"played":[1.0,0.0],"evs":[0.0,-1.19454]},"84o":{"weight":0.0,"played":[1.0,0.0],"evs":[0.0,-1.34928]},"94o":{"weight":0.0,"played":[1.0,0.0],"evs":[0.0,-1.61743]},"T4o":{"weight":0.0,"played":[1.0,0.0],"evs":[0.0,-1.51666]},"J4o":{"weight":0.0,"played":[1.0,0.0],"evs":[0.0,-1.32144]},"Q4o":{"weight":0.0,"played":[0.9999,1.0E-4],"evs":[0.0,-1.39472]},"K4o":{"weight":0.0,"played":[0.9999,1.0E-4],"evs":[0.0,-1.33533]},"A4o":{"weight":0.0,"played":[0.9973,0.0027],"evs":[0.0,-0.22516]},"52s":{"weight":0.0,"played":[0.9897,0.0103],"evs":[0.0,-0.49871]},"53s":{"weight":0.0,"played":[0.2859,0.7141],"evs":[0.0,0.00404]},"54s":{"weight":0.0,"played":[0.0138,0.9862],"evs":[0.0,0.54652]},"55":{"weight":0.0064,"played":[0.0,1.0],"evs":[0.0,2.60515]},"65o":{"weight":0.0,"played":[0.9845,0.0155],"evs":[0.0,-0.28439]},"75o":{"weight":0.0,"played":[0.9994,6.0E-4],"evs":[0.0,-0.8237]},"85o":{"weight":0.0,"played":[0.9995,5.0E-4],"evs":[0.0,-1.08782]},"95o":{"weight":0.0,"played":[0.9998,2.0E-4],"evs":[0.0,-1.31518]},"T5o":{"weight":0.0,"played":[1.0,0.0],"evs":[0.0,-1.55117]},"J5o":{"weight":0.0,"played":[0.9999,1.0E-4],"evs":[0.0,-1.41696]},"Q5o":{"weight":0.0,"played":[0.9999,1.0E-4],"evs":[0.0,-1.25796]},"K5o":{"weight":0.0,"played":[0.9993,7.0E-4],"evs":[0.0,-1.26487]},"A5o":{"weight":0.0,"played":[0.7807,0.2193],"evs":[0.0,0.05191]},"62s":{"weight":0.0,"played":[0.994,0.006],"evs":[0.0,-0.33162]},"63s":{"weight":0.0,"played":[0.9773,0.0227],"evs":[0.0,-0.38969]},"64s":{"weight":0.0,"played":[0.1092,0.8908],"evs":[0.0,0.08934]},"65s":{"weight":0.0,"played":[0.0011,0.9989],"evs":[0.0,0.44431]},"66":{"weight":0.001,"played":[0.0,1.0],"evs":[0.0,3.34051]},"76o":{"weight":0.0,"played":[0.9982,0.0018],"evs":[0.0,-0.24889]},"86o":{"weight":0.0,"played":[0.9987,0.0013],"evs":[0.0,-0.43956]},"96o":{"weight":0.0,"played":[1.0,0.0],"evs":[0.0,-0.69311]},"T6o":{"weight":0.0,"played":[0.9993,7.0E-4],"evs":[0.0,-0.95958]},"J6o":{"weight":0.0,"played":[0.999,0.001],"evs":[0.0,-1.29101]},"Q6o":{"weight":0.0,"played":[0.9997,3.0E-4],"evs":[0.0,-0.96451]},"K6o":{"weight":0.0,"played":[0.9997,3.0E-4],"evs":[0.0,-1.15934]},"A6o":{"weight":0.0,"played":[0.9954,0.0046],"evs":[0.0,-0.19789]},"72s":{"weight":0.0,"played":[0.9999,1.0E-4],"evs":[0.0,-0.95406]},"73s":{"weight":0.0,"played":[0.9999,1.0E-4],"evs":[0.0,-0.5469]},"74s":{"weight":0.0,"played":[0.6818,0.3182],"evs":[0.0,-0.0815]},"75s":{"weight":0.0,"played":[1.0E-4,0.9999],"evs":[0.0,0.29847]},"76s":{"weight":0.0,"played":[1.0E-4,0.9999],"evs":[0.0,0.71176]},"77":{"weight":0.0374,"played":[0.0,1.0],"evs":[0.0,3.83783]},"87o":{"weight":0.0,"played":[0.7574,0.2426],"evs":[0.0,-0.14683]},"97o":{"weight":0.0,"played":[0.9986,0.0014],"evs":[0.0,-0.42339]},"T7o":{"weight":0.0,"played":[0.9998,2.0E-4],"evs":[0.0,-0.6165]},"J7o":{"weight":0.0,"played":[0.9998,2.0E-4],"evs":[0.0,-0.89395]},"Q7o":{"weight":0.0,"played":[1.0,0.0],"evs":[0.0,-1.00106]},"K7o":{"weight":0.0,"played":[0.9986,0.0014],"evs":[0.0,-0.95532]},"A7o":{"weight":1.0E-4,"played":[0.1598,0.8402],"evs":[0.0,0.21512]},"82s":{"weight":0.0,"played":[0.9958,0.0042],"evs":[0.0,-0.67081]},"83s":{"weight":0.0,"played":[0.9988,0.0012],"evs":[0.0,-0.50902]},"84s":{"weight":0.0,"played":[0.9281,0.0719],"evs":[0.0,-0.15944]},"85s":{"weight":0.0,"played":[1.0E-4,0.9999],"evs":[0.0,0.24688]},"86s":{"weight":0.0,"played":[4.0E-4,0.9996],"evs":[0.0,0.47375]},"87s":{"weight":0.3185,"played":[1.0E-4,0.9999],"evs":[0.0,0.68207]},"88":{"weight":1.0E-4,"played":[0.0,1.0],"evs":[0.0,4.76639]},"98o":{"weight":0.0,"played":[0.1349,0.8651],"evs":[0.0,0.00411]},"T8o":{"weight":0.0,"played":[0.9844,0.0156],"evs":[0.0,-0.22134]},"J8o":{"weight":0.0,"played":[0.9983,0.0017],"evs":[0.0,-0.37693]},"Q8o":{"weight":0.0,"played":[0.9996,4.0E-4],"evs":[0.0,-0.86914]},"K8o":{"weight":0.0,"played":[0.9994,6.0E-4],"evs":[0.0,-0.83079]},"A8o":{"weight":0.2351,"played":[0.015,0.985],"evs":[0.0,0.73032]},"92s":{"weight":0.0,"played":[0.9326,0.0674],"evs":[0.0,-0.52556]},"93s":{"weight":0.0,"played":[0.9995,5.0E-4],"evs":[0.0,-0.61019]},"94s":{"weight":0.0,"played":[0.9893,0.0107],"evs":[0.0,-0.62639]},"95s":{"weight":0.0,"played":[0.7108,0.2892],"evs":[0.0,0.04903]},"96s":{"weight":0.0,"played":[9.0E-4,0.9991],"evs":[0.0,0.26759]},"97s":{"weight":0.0,"played":[0.0405,0.9595],"evs":[0.0,0.59164]},"98s":{"weight":0.0324,"played":[0.0,1.0],"evs":[0.0,0.91225]},"99":{"weight":1.0E-4,"played":[0.0,1.0],"evs":[0.0,5.48896]},"T9o":{"weight":0.0,"played":[0.0356,0.9644],"evs":[0.0,0.12896]},"J9o":{"weight":0.0,"played":[0.9767,0.0233],"evs":[0.0,-0.17798]},"Q9o":{"weight":0.0,"played":[0.998,0.002],"evs":[0.0,-0.43245]},"K9o":{"weight":0.0,"played":[0.9985,0.0015],"evs":[0.0,-0.56599]},"A9o":{"weight":0.0659,"played":[0.0,1.0],"evs":[0.0,1.42383]},"T2s":{"weight":0.0,"played":[0.9984,0.0016],"evs":[0.0,-0.19718]},"T3s":{"weight":0.0,"played":[0.9989,0.0011],"evs":[0.0,-0.32381]},"T4s":{"weight":0.0,"played":[0.9981,0.0019],"evs":[0.0,-0.4692]},"T5s":{"weight":0.0,"played":[0.8342,0.1658],"evs":[0.0,-0.4329]},"T6s":{"weight":0.0,"played":[0.8824,0.1176],"evs":[0.0,-0.17747]},"T7s":{"weight":0.0,"played":[0.0012,0.9988],"evs":[0.0,0.20816]},"T8s":{"weight":0.8423,"played":[0.003,0.997],"evs":[0.0,0.86567]},"T9s":{"weight":0.2636,"played":[0.0,1.0],"evs":[0.0,1.08557]},"TT":{"weight":0.0,"played":[0.0,1.0],"evs":[0.0,6.60739]},"JTo":{"weight":0.0,"played":[0.0128,0.9872],"evs":[0.0,0.33809]},"QTo":{"weight":0.0,"played":[0.0924,0.9076],"evs":[0.0,0.05587]},"KTo":{"weight":1.0E-4,"played":[0.0192,0.9808],"evs":[0.0,0.18125]},"ATo":{"weight":0.0,"played":[0.0,1.0],"evs":[0.0,2.58572]},"J2s":{"weight":0.0,"played":[0.9849,0.0151],"evs":[0.0,-0.54995]},"J3s":{"weight":0.0,"played":[0.9976,0.0024],"evs":[0.0,-0.37372]},"J4s":{"weight":0.0,"played":[0.9648,0.0352],"evs":[0.0,-0.44274]},"J5s":{"weight":0.0,"played":[0.8763,0.1237],"evs":[0.0,-0.20879]},"J6s":{"weight":0.0,"played":[0.6097,0.3903],"evs":[0.0,-0.13424]},"J7s":{"weight":0.0,"played":[0.0207,0.9793],"evs":[0.0,0.32247]},"J8s":{"weight":0.0,"played":[4.0E-4,0.9996],"evs":[0.0,0.6449]},"J9s":{"weight":0.0852,"played":[0.0,1.0],"evs":[0.0,1.02674]},"JTs":{"weight":1.0E-4,"played":[0.0,1.0],"evs":[0.0,1.05977]},"JJ":{"weight":2.0E-4,"played":[0.0,1.0],"evs":[0.0,7.53988]},"QJo":{"weight":0.2802,"played":[0.0,1.0],"evs":[0.0,0.3518]},"KJo":{"weight":0.1005,"played":[0.0,1.0],"evs":[0.0,0.71468]},"AJo":{"weight":0.0,"played":[0.0,1.0],"evs":[0.0,3.54316]},"Q2s":{"weight":0.0,"played":[0.9992,8.0E-4],"evs":[0.0,-0.37763]},"Q3s":{"weight":0.0,"played":[0.9681,0.0319],"evs":[0.0,-0.25006]},"Q4s":{"weight":0.0,"played":[0.5967,0.4033],"evs":[0.0,-0.0908]},"Q5s":{"weight":0.0,"played":[0.592,0.408],"evs":[0.0,-0.26834]},"Q6s":{"weight":0.0,"played":[0.018,0.982],"evs":[0.0,0.25321]},"Q7s":{"weight":0.0,"played":[0.7611,0.2389],"evs":[0.0,-0.03047]},"Q8s":{"weight":0.0233,"played":[0.0061,0.9939],"evs":[0.0,0.41853]},"Q9s":{"weight":0.0482,"played":[5.0E-4,0.9995],"evs":[0.0,0.62803]},"QTs":{"weight":4.0E-4,"played":[0.0,1.0],"evs":[0.0,1.34327]},"QJs":{"weight":0.0,"played":[0.0,1.0],"evs":[0.0,1.34959]},"QQ":{"weight":0.0716,"played":[0.0,1.0],"evs":[0.0,8.78357]},"KQo":{"weight":0.0,"played":[0.0,1.0],"evs":[0.0,1.36046]},"AQo":{"weight":0.0,"played":[0.0,1.0],"evs":[0.0,4.5212]},"K2s":{"weight":0.0,"played":[0.6903,0.3097],"evs":[0.0,-0.28488]},"K3s":{"weight":0.0,"played":[0.9948,0.0052],"evs":[0.0,-0.38385]},"K4s":{"weight":0.0,"played":[0.5983,0.4017],"evs":[0.0,-0.19239]},"K5s":{"weight":0.0,"played":[0.7135,0.2865],"evs":[0.0,-0.20625]},"K6s":{"weight":0.0,"played":[3.0E-4,0.9997],"evs":[0.0,0.22261]},"K7s":{"weight":7.0E-4,"played":[0.035,0.965],"evs":[0.0,0.27074]},"K8s":{"weight":0.0124,"played":[1.0E-4,0.9999],"evs":[0.0,0.16476]},"K9s":{"weight":0.0026,"played":[3.0E-4,0.9997],"evs":[0.0,0.70901]},"KTs":{"weight":1.0E-4,"played":[0.0,1.0],"evs":[0.0,1.22142]},"KJs":{"weight":1.0E-4,"played":[0.0,1.0],"evs":[0.0,1.66652]},"KQs":{"weight":1.0E-4,"played":[0.0,1.0],"evs":[0.0,2.66568]},"KK":{"weight":0.2188,"played":[0.0,1.0],"evs":[0.0,10.34528]},"AKo":{"weight":0.0,"played":[0.0,1.0],"evs":[0.0,5.39975]},"A2s":{"weight":0.1572,"played":[0.0,1.0],"evs":[0.0,0.73643]},"A3s":{"weight":0.0935,"played":[0.0,1.0],"evs":[0.0,0.90019]},"A4s":{"weight":0.0012,"played":[0.0,1.0],"evs":[0.0,0.83118]},"A5s":{"weight":0.0,"played":[3.0E-4,0.9997],"evs":[0.0,1.14672]},"A6s":{"weight":0.0255,"played":[0.0,1.0],"evs":[0.0,0.88263]},"A7s":{"weight":5.0E-4,"played":[0.0,1.0],"evs":[0.0,1.13323]},"A8s":{"weight":0.0,"played":[0.0,1.0],"evs":[0.0,2.04905]},"A9s":{"weight":0.014,"played":[0.0,1.0],"evs":[0.0,2.54008]},"ATs":{"weight":0.0019,"played":[0.0,1.0],"evs":[0.0,3.33741]},"AJs":{"weight":2.0E-4,"played":[0.0,1.0],"evs":[0.0,4.45921]},"AQs":{"weight":3.0E-4,"played":[0.0,1.0],"evs":[0.0,5.18031]},"AKs":{"weight":0.0074,"played":[0.0,1.0],"evs":[0.0,5.91328]},"AA":{"weight":1.0,"played":[0.0,1.0],"evs":[0.0,13.52081]}}}