{"player":1,"street":0,"children":2,"sequence":[{"player":0,"type":"R","amount":12750000,"street":0},{"player":1,"type":"C","amount":12750000,"street":0},{"player":2,"type":"R","amount":13750000,"street":0},{"player":3,"type":"F","amount":0,"street":0}],"actions":[{"type":"F","amount":0},{"type":"C","amount":1000000}],"hands":{"22":{"weight":0.0,"played":[0.0,1.0],"evs":[0.0,3.80749]},"32o":{"weight":0.0,"played":[0.0,1.0],"evs":[0.0,2.5628]},"42o":{"weight":0.0,"played":[0.0,1.0],"evs":[0.0,2.6212]},"52o":{"weight":0.0,"played":[0.0,1.0],"evs":[0.0,2.71193]},"62o":{"weight":0.0,"played":[0.0,1.0],"evs":[0.0,2.62572]},"72o":{"weight":0.0,"played":[0.0,1.0],"evs":[0.0,2.46531]},"82o":{"weight":0.0,"played":[0.0,1.0],"evs":[0.0,2.57488]},"92o":{"weight":0.0,"played":[0.0,1.0],"evs":[0.0,2.50817]},"T2o":{"weight":0.0,"played":[0.0,1.0],"evs":[0.0,2.469]},"J2o":{"weight":0.0,"played":[0.0,1.0],"evs":[0.0,2.58208]},"Q2o":{"weight":0.0,"played":[0.0,1.0],"evs":[0.0,2.65391]},"K2o":{"weight":0.0,"played":[0.0,1.0],"evs":[0.0,2.72602]},"A2o":{"weight":0.0,"played":[0.0,1.0],"evs":[0.0,2.47909]},"32s":{"weight":0.0,"played":[0.0,1.0],"evs":[0.0,3.10434]},"33":{"weight":0.0,"played":[0.0,1.0],"evs":[0.0,4.07689]},"43o":{"weight":0.0,"played":[0.0,1.0],"evs":[0.0,2.85777]},"53o":{"weight":0.0,"played":[0.0,1.0],"evs":[0.0,2.96328]},"63o":{"weight":0.0,"played":[0.0,1.0],"evs":[0.0,2.90265]},"73o":{"weight":0.0,"played":[0.0,1.0],"evs":[0.0,2.7696]},"83o":{"weight":0.0,"played":[0.0,1.0],"evs":[0.0,2.61992]},"93o":{"weight":0.0,"played":[0.0,1.0],"evs":[0.0,2.67062]},"T3o":{"weight":0.0,"played":[0.0,1.0],"evs":[0.0,2.59481]},"J3o":{"weight":0.0,"played":[0.0,1.0],"evs":[0.0,2.64518]},"Q3o":{"weight":0.0,"played":[0.0,1.0],"evs":[0.0,2.77489]},"K3o":{"weight":0.0,"played":[0.0,1.0],"evs":[0.0,2.86624]},"A3o":{"weight":0.0,"played":[0.0,1.0],"evs":[0.0,2.61607]},"42s":{"weight":0.0,"played":[0.0,1.0],"evs":[0.0,3.04921]},"43s":{"weight":0.0,"played":[0.0,1.0],"evs":[0.0,3.41719]},"44":{"weight":0.0,"played":[0.0,1.0],"evs":[0.0,4.30429]},"54o":{"weight":0.0,"played":[0.0,1.0],"evs":[0.0,3.19356]},"64o":{"weight":0.0,"played":[0.0,1.0],"evs":[0.0,3.05611]},"74o":{"weight":0.0,"played":[0.0,1.0],"evs":[0.0,2.9822]},"84o":{"weight":0.0,"played":[0.0,1.0],"evs":[0.0,2.84125]},"94o":{"weight":0.0,"played":[0.0,1.0],"evs":[0.0,2.64831]},"T4o":{"weight":0.0,"played":[0.0,1.0],"evs":[0.0,2.68697]},"J4o":{"weight":0.0,"played":[0.0,1.0],"evs":[0.0,2.80084]},"Q4o":{"weight":0.0,"played":[0.0,1.0],"evs":[0.0,2.90191]},"K4o":{"weight":0.0,"played":[0.0,1.0],"evs":[0.0,2.96169]},"A4o":{"weight":0.0,"played":[0.0,1.0],"evs":[0.0,2.71906]},"52s":{"weight":0.0,"played":[0.0,1.0],"evs":[0.0,3.23291]},"53s":{"weight":0.0,"played":[0.0,1.0],"evs":[0.0,3.40383]},"54s":{"weight":0.0,"played":[0.0,1.0],"evs":[0.0,3.67911]},"55":{"weight":0.0064,"played":[0.0,1.0],"evs":[0.0,4.48715]},"65o":{"weight":0.0,"played":[0.0,1.0],"evs":[0.0,3.29937]},"75o":{"weight":0.0,"played":[0.0,1.0],"evs":[0.0,3.18061]},"85o":{"weight":0.0,"played":[0.0,1.0],"evs":[0.0,3.05254]},"95o":{"weight":0.0,"played":[0.0,1.0],"evs":[0.0,2.89084]},"T5o":{"weight":0.0,"played":[0.0,1.0],"evs":[0.0,2.71614]},"J5o":{"weight":0.0,"played":[0.0,1.0],"evs":[0.0,2.82359]},"Q5o":{"weight":0.0,"played":[0.0,1.0],"evs":[0.0,2.96988]},"K5o":{"weight":0.0,"played":[0.0,1.0],"evs":[0.0,3.06854]},"A5o":{"weight":0.0,"played":[0.0,1.0],"evs":[0.0,2.86211]},"62s":{"weight":0.0,"played":[0.0,1.0],"evs":[0.0,3.1577]},"63s":{"weight":0.0,"played":[0.0,1.0],"evs":[0.0,3.41312]},"64s":{"weight":0.0,"played":[0.0,1.0],"evs":[0.0,3.58928]},"65s":{"weight":0.0,"played":[0.0,1.0],"evs":[0.0,3.82832]},"66":{"weight":0.001,"played":[0.0,1.0],"evs":[0.0,4.67893]},"76o":{"weight":0.0,"played":[0.0,1.0],"evs":[0.0,3.41222]},"86o":{"weight":0.0,"played":[0.0,1.0],"evs":[0.0,3.27538]},"96o":{"weight":0.0,"played":[0.0,1.0],"evs":[0.0,3.12377]},"T6o":{"weight":0.0,"played":[0.0,1.0],"evs":[0.0,2.92613]},"J6o":{"weight":0.0,"played":[0.0,1.0],"evs":[0.0,2.86893]},"Q6o":{"weight":0.0,"played":[0.0,1.0],"evs":[0.0,3.05031]},"K6o":{"weight":0.0,"played":[0.0,1.0],"evs":[0.0,3.09585]},"A6o":{"weight":0.0,"played":[0.0,1.0],"evs":[0.0,2.69889]},"72s":{"weight":0.0,"played":[0.0,1.0],"evs":[0.0,3.01652]},"73s":{"weight":0.0,"played":[0.0,1.0],"evs":[0.0,3.25933]},"74s":{"weight":0.0,"played":[0.0,1.0],"evs":[0.0,3.49458]},"75s":{"weight":0.0,"played":[0.0,1.0],"evs":[0.0,3.64788]},"76s":{"weight":0.0,"played":[0.0,1.0],"evs":[0.0,3.98019]},"77":{"weight":0.0374,"played":[0.0,1.0],"evs":[0.0,4.91008]},"87o":{"weight":0.0,"played":[0.0,1.0],"evs":[0.0,3.43146]},"97o":{"weight":0.0,"played":[0.0,1.0],"evs":[0.0,3.29932]},"T7o":{"weight":0.0,"played":[0.0,1.0],"evs":[0.0,3.10448]},"J7o":{"weight":0.0,"played":[0.0,1.0],"evs":[0.0,3.05668]},"Q7o":{"weight":0.0,"played":[0.0,1.0],"evs":[0.0,3.0064]},"K7o":{"weight":0.0,"played":[0.0,1.0],"evs":[0.0,3.20169]},"A7o":{"weight":1.0E-4,"played":[0.0,1.0],"evs":[0.0,2.76981]},"82s":{"weight":0.0,"played":[0.0,1.0],"evs":[0.0,3.0195]},"83s":{"weight":0.0,"played":[0.0,1.0],"evs":[0.0,3.1939]},"84s":{"weight":0.0,"played":[0.0,1.0],"evs":[0.0,3.3615]},"85s":{"weight":0.0,"played":[0.0,1.0],"evs":[0.0,3.67074]},"86s":{"weight":0.0,"played":[0.0,1.0],"evs":[0.0,3.74523]},"87s":{"weight":0.3185,"played":[0.0,1.0],"evs":[0.0,3.92555]},"88":{"weight":1.0E-4,"played":[0.0,1.0],"evs":[0.0,5.1419]},"98o":{"weight":0.0,"played":[0.0,1.0],"evs":[0.0,3.40754]},"T8o":{"weight":0.0,"played":[0.0,1.0],"evs":[0.0,3.29171]},"J8o":{"weight":0.0,"played":[0.0,1.0],"evs":[0.0,3.21765]},"Q8o":{"weight":0.0,"played":[0.0,1.0],"evs":[0.0,3.14329]},"K8o":{"weight":0.0,"played":[0.0,1.0],"evs":[0.0,3.20694]},"A8o":{"weight":0.2351,"played":[0.0,1.0],"evs":[0.0,2.87795]},"92s":{"weight":0.0,"played":[0.0,1.0],"evs":[0.0,3.02783]},"93s":{"weight":0.0,"played":[0.0,1.0],"evs":[0.0,3.16019]},"94s":{"weight":0.0,"played":[0.0,1.0],"evs":[0.0,3.2349]},"95s":{"weight":0.0,"played":[0.0,1.0],"evs":[0.0,3.39921]},"96s":{"weight":0.0,"played":[0.0,1.0],"evs":[0.0,3.61532]},"97s":{"weight":0.0,"played":[0.0,1.0],"evs":[0.0,3.815]},"98s":{"weight":0.0324,"played":[0.0,1.0],"evs":[0.0,3.90411]},"99":{"weight":1.0E-4,"played":[0.0,1.0],"evs":[0.0,5.27017]},"T9o":{"weight":0.0,"played":[0.0,1.0],"evs":[0.0,3.40209]},"J9o":{"weight":0.0,"played":[0.0,1.0],"evs":[0.0,3.36027]},"Q9o":{"weight":0.0,"played":[0.0,1.0],"evs":[0.0,3.25013]},"K9o":{"weight":0.0,"played":[0.0,1.0],"evs":[0.0,3.22723]},"A9o":{"weight":0.0659,"played":[0.0,1.0],"evs":[0.0,2.88463]},"T2s":{"weight":0.0,"played":[0.0,1.0],"evs":[0.0,2.94435]},"T3s":{"weight":0.0,"played":[0.0,1.0],"evs":[0.0,3.17375]},"T4s":{"weight":0.0,"played":[0.0,1.0],"evs":[0.0,3.23502]},"T5s":{"weight":0.0,"played":[0.0,1.0],"evs":[0.0,3.19013]},"T6s":{"weight":0.0,"played":[0.0,1.0],"evs":[0.0,3.45113]},"T7s":{"weight":0.0,"played":[0.0,1.0],"evs":[0.0,3.55488]},"T8s":{"weight":0.8423,"played":[0.0,1.0],"evs":[0.0,3.79048]},"T9s":{"weight":0.2636,"played":[0.0,1.0],"evs":[0.0,3.93918]},"TT":{"weight":0.0,"played":[0.0,1.0],"evs":[0.0,5.76139]},"JTo":{"weight":0.0,"played":[0.0,1.0],"evs":[0.0,3.45024]},"QTo":{"weight":0.0,"played":[0.0,1.0],"evs":[0.0,3.42333]},"KTo":{"weight":1.0E-4,"played":[0.0,1.0],"evs":[0.0,3.35088]},"ATo":{"weight":0.0,"played":[0.0,1.0],"evs":[0.0,3.2795]},"J2s":{"weight":0.0,"played":[0.0,1.0],"evs":[0.0,3.12379]},"J3s":{"weight":0.0,"played":[0.0,1.0],"evs":[0.0,3.24902]},"J4s":{"weight":0.0,"played":[0.0,1.0],"evs":[0.0,3.31944]},"J5s":{"weight":0.0,"played":[0.0,1.0],"evs":[0.0,3.41499]},"J6s":{"weight":0.0,"played":[0.0,1.0],"evs":[0.0,3.36246]},"J7s":{"weight":0.0,"played":[0.0,1.0],"evs":[0.0,3.56547]},"J8s":{"weight":0.0,"played":[0.0,1.0],"evs":[0.0,3.74027]},"J9s":{"weight":0.0852,"played":[0.0,1.0],"evs":[0.0,3.87136]},"JTs":{"weight":1.0E-4,"played":[0.0,1.0],"evs":[0.0,3.99804]},"JJ":{"weight":2.0E-4,"played":[0.0,1.0],"evs":[0.0,6.48494]},"QJo":{"weight":0.2802,"played":[0.0,1.0],"evs":[0.0,3.48904]},"KJo":{"weight":0.1005,"played":[0.0,1.0],"evs":[0.0,3.57163]},"AJo":{"weight":0.0,"played":[0.0,1.0],"evs":[0.0,3.78642]},"Q2s":{"weight":0.0,"played":[0.0,1.0],"evs":[0.0,3.19064]},"Q3s":{"weight":0.0,"played":[0.0,1.0],"evs":[0.0,3.37094]},"Q4s":{"weight":0.0,"played":[0.0,1.0],"evs":[0.0,3.44891]},"Q5s":{"weight":0.0,"played":[0.0,1.0],"evs":[0.0,3.40448]},"Q6s":{"weight":0.0,"played":[0.0,1.0],"evs":[0.0,3.57558]},"Q7s":{"weight":0.0,"played":[0.0,1.0],"evs":[0.0,3.567]},"Q8s":{"weight":0.0233,"played":[0.0,1.0],"evs":[0.0,3.68628]},"Q9s":{"weight":0.0482,"played":[0.0,1.0],"evs":[0.0,3.74763]},"QTs":{"weight":4.0E-4,"played":[0.0,1.0],"evs":[0.0,3.98072]},"QJs":{"weight":0.0,"played":[0.0,1.0],"evs":[0.0,3.94019]},"QQ":{"weight":0.0716,"played":[0.0,1.0],"evs":[0.0,7.17369]},"KQo":{"weight":0.0,"played":[0.0,1.0],"evs":[0.0,3.75996]},"AQo":{"weight":0.0,"played":[0.0,1.0],"evs":[0.0,4.43816]},"K2s":{"weight":0.0,"played":[0.0,1.0],"evs":[0.0,3.31035]},"K3s":{"weight":0.0,"played":[0.0,1.0],"evs":[0.0,3.46908]},"K4s":{"weight":0.0,"played":[0.0,1.0],"evs":[0.0,3.48011]},"K5s":{"weight":0.0,"played":[0.0,1.0],"evs":[0.0,3.57981]},"K6s":{"weight":0.0,"played":[0.0,1.0],"evs":[0.0,3.57665]},"K7s":{"weight":7.0E-4,"played":[0.0,1.0],"evs":[0.0,3.71111]},"K8s":{"weight":0.0124,"played":[0.0,1.0],"evs":[0.0,3.67155]},"K9s":{"weight":0.0026,"played":[0.0,1.0],"evs":[0.0,3.76099]},"KTs":{"weight":1.0E-4,"played":[0.0,1.0],"evs":[0.0,3.95296]},"KJs":{"weight":1.0E-4,"played":[0.0,1.0],"evs":[0.0,3.95783]},"KQs":{"weight":1.0E-4,"played":[0.0,1.0],"evs":[0.0,4.26271]},"KK":{"weight":0.2188,"played":[0.0,1.0],"evs":[0.0,8.16491]},"AKo":{"weight":0.0,"played":[0.0,1.0],"evs":[0.0,5.24191]},"A2s":{"weight":0.1572,"played":[0.0,1.0],"evs":[0.0,3.07769]},"A3s":{"weight":0.0935,"played":[0.0,1.0],"evs":[0.0,3.27419]},"A4s":{"weight":0.0012,"played":[0.0,1.0],"evs":[0.0,3.37058]},"A5s":{"weight":0.0,"played":[0.0,1.0],"evs":[0.0,3.34031]},"A6s":{"weight":0.0255,"played":[0.0,1.0],"evs":[0.0,3.21062]},"A7s":{"weight":5.0E-4,"played":[0.0,1.0],"evs":[0.0,3.30615]},"A8s":{"weight":0.0,"played":[0.0,1.0],"evs":[0.0,3.39491]},"A9s":{"weight":0.014,"played":[0.0,1.0],"evs":[0.0,3.42996]},"ATs":{"weight":0.0019,"played":[0.0,1.0],"evs":[0.0,3.73495]},"AJs":{"weight":2.0E-4,"played":[0.0,1.0],"evs":[0.0,4.2886]},"AQs":{"weight":3.0E-4,"played":[0.0,1.0],"evs":[0.0,4.97399]},"AKs":{"weight":0.0074,"played":[0.0,1.0],"evs":[0.0,5.75085]},"AA":{"weight":1.0,"played":[0.0,1.0],"evs":[0.0,9.90103]}}}