{"player":2,"street":0,"children":2,"sequence":[{"player":0,"type":"R","amount":12750000,"street":0},{"player":1,"type":"R","amount":51750000,"street":0}],"actions":[{"type":"F","amount":0,"node":24},{"type":"C","amount":11250000,"node":25}],"hands":{"22":{"weight":1.0,"played":[0.0,1.0],"evs":[0.0,0.43025]},"32o":{"weight":1.0,"played":[1.0,0.0],"evs":[0.0,-0.84554]},"42o":{"weight":1.0,"played":[1.0,0.0],"evs":[0.0,-0.74583]},"52o":{"weight":1.0,"played":[1.0,0.0],"evs":[0.0,-0.68345]},"62o":{"weight":1.0,"played":[1.0,0.0],"evs":[0.0,-0.83251]},"72o":{"weight":1.0,"played":[1.0,0.0],"evs":[0.0,-1.02169]},"82o":{"weight":1.0,"played":[1.0,0.0],"evs":[0.0,-0.94281]},"92o":{"weight":1.0,"played":[1.0,0.0],"evs":[0.0,-1.03847]},"T2o":{"weight":1.0,"played":[1.0,0.0],"evs":[0.0,-0.92803]},"J2o":{"weight":1.0,"played":[1.0,0.0],"evs":[0.0,-0.86017]},"Q2o":{"weight":1.0,"played":[1.0,0.0],"evs":[0.0,-0.73842]},"K2o":{"weight":1.0,"played":[1.0,0.0],"evs":[0.0,-0.66537]},"A2o":{"weight":1.0,"played":[1.0,0.0],"evs":[0.0,-0.55804]},"32s":{"weight":1.0,"played":[0.9995,5.0E-4],"evs":[0.0,-0.19975]},"33":{"weight":1.0,"played":[0.0,1.0],"evs":[0.0,0.62404]},"43o":{"weight":1.0,"played":[1.0,0.0],"evs":[0.0,-0.46375]},"53o":{"weight":1.0,"played":[1.0,0.0],"evs":[0.0,-0.39253]},"63o":{"weight":1.0,"played":[1.0,0.0],"evs":[0.0,-0.55589]},"73o":{"weight":1.0,"played":[1.0,0.0],"evs":[0.0,-0.75547]},"83o":{"weight":1.0,"played":[1.0,0.0],"evs":[0.0,-0.89571]},"93o":{"weight":1.0,"played":[1.0,0.0],"evs":[0.0,-0.90877]},"T3o":{"weight":1.0,"played":[1.0,0.0],"evs":[0.0,-0.8343]},"J3o":{"weight":1.0,"played":[1.0,0.0],"evs":[0.0,-0.79497]},"Q3o":{"weight":1.0,"played":[1.0,0.0],"evs":[0.0,-0.63827]},"K3o":{"weight":1.0,"played":[1.0,0.0],"evs":[0.0,-0.57064]},"A3o":{"weight":1.0,"played":[1.0,0.0],"evs":[0.0,-0.42964]},"42s":{"weight":1.0,"played":[0.9999,1.0E-4],"evs":[0.0,-0.19925]},"43s":{"weight":1.0,"played":[0.0041,0.9959],"evs":[0.0,0.09532]},"44":{"weight":1.0,"played":[0.0,1.0],"evs":[0.0,0.75845]},"54o":{"weight":1.0,"played":[1.0,0.0],"evs":[0.0,-0.13689]},"64o":{"weight":1.0,"played":[1.0,0.0],"evs":[0.0,-0.28071]},"74o":{"weight":1.0,"played":[1.0,0.0],"evs":[0.0,-0.47557]},"84o":{"weight":1.0,"played":[1.0,0.0],"evs":[0.0,-0.64479]},"94o":{"weight":1.0,"played":[1.0,0.0],"evs":[0.0,-0.90773]},"T4o":{"weight":1.0,"played":[1.0,0.0],"evs":[0.0,-0.75022]},"J4o":{"weight":1.0,"played":[1.0,0.0],"evs":[0.0,-0.70771]},"Q4o":{"weight":1.0,"played":[1.0,0.0],"evs":[0.0,-0.57263]},"K4o":{"weight":1.0,"played":[1.0,0.0],"evs":[0.0,-0.46122]},"A4o":{"weight":1.0,"played":[1.0,0.0],"evs":[0.0,-0.39316]},"52s":{"weight":1.0,"played":[0.9934,0.0066],"evs":[0.0,-0.06808]},"53s":{"weight":1.0,"played":[0.0063,0.9937],"evs":[0.0,0.18183]},"54s":{"weight":1.0,"played":[1.0E-4,0.9999],"evs":[0.0,0.41875]},"55":{"weight":1.0,"played":[0.0,1.0],"evs":[0.0,0.92387]},"65o":{"weight":1.0,"played":[0.9994,6.0E-4],"evs":[0.0,-0.05679]},"75o":{"weight":1.0,"played":[0.9999,1.0E-4],"evs":[0.0,-0.21701]},"85o":{"weight":1.0,"played":[1.0,0.0],"evs":[0.0,-0.37938]},"95o":{"weight":1.0,"played":[1.0,0.0],"evs":[0.0,-0.63069]},"T5o":{"weight":1.0,"played":[1.0,0.0],"evs":[0.0,-0.71182]},"J5o":{"weight":1.0,"played":[1.0,0.0],"evs":[0.0,-0.60271]},"Q5o":{"weight":1.0,"played":[1.0,0.0],"evs":[0.0,-0.4682]},"K5o":{"weight":1.0,"played":[1.0,0.0],"evs":[0.0,-0.37723]},"A5o":{"weight":1.0,"played":[1.0,0.0],"evs":[0.0,-0.27049]},"62s":{"weight":1.0,"played":[1.0,0.0],"evs":[0.0,-0.27239]},"63s":{"weight":1.0,"played":[0.305,0.695],"evs":[0.0,0.0362]},"64s":{"weight":1.0,"played":[1.0E-4,0.9999],"evs":[0.0,0.24011]},"65s":{"weight":1.0,"played":[0.0,1.0],"evs":[0.0,0.53302]},"66":{"weight":1.0,"played":[0.0,1.0],"evs":[0.0,1.16872]},"76o":{"weight":1.0,"played":[0.9184,0.0816],"evs":[0.0,-0.02901]},"86o":{"weight":1.0,"played":[1.0,0.0],"evs":[0.0,-0.17355]},"96o":{"weight":1.0,"played":[1.0,0.0],"evs":[0.0,-0.40164]},"T6o":{"weight":1.0,"played":[1.0,0.0],"evs":[0.0,-0.46846]},"J6o":{"weight":1.0,"played":[1.0,0.0],"evs":[0.0,-0.59887]},"Q6o":{"weight":1.0,"played":[1.0,0.0],"evs":[0.0,-0.41114]},"K6o":{"weight":1.0,"played":[1.0,0.0],"evs":[0.0,-0.34052]},"A6o":{"weight":1.0,"played":[1.0,0.0],"evs":[0.0,-0.44213]},"72s":{"weight":1.0,"played":[1.0,0.0],"evs":[0.0,-0.43676]},"73s":{"weight":1.0,"played":[0.9999,1.0E-4],"evs":[0.0,-0.16073]},"74s":{"weight":1.0,"played":[0.0051,0.9949],"evs":[0.0,0.13377]},"75s":{"weight":1.0,"played":[0.0,1.0],"evs":[0.0,0.33553]},"76s":{"weight":1.0,"played":[0.0,1.0],"evs":[0.0,0.51449]},"77":{"weight":1.0,"played":[0.0,1.0],"evs":[0.0,1.43017]},"87o":{"weight":1.0,"played":[0.8822,0.1178],"evs":[0.0,-0.02794]},"97o":{"weight":1.0,"played":[0.9999,1.0E-4],"evs":[0.0,-0.22458]},"T7o":{"weight":1.0,"played":[1.0,0.0],"evs":[0.0,-0.27689]},"J7o":{"weight":1.0,"played":[1.0,0.0],"evs":[0.0,-0.41356]},"Q7o":{"weight":1.0,"played":[1.0,0.0],"evs":[0.0,-0.43423]},"K7o":{"weight":1.0,"played":[1.0,0.0],"evs":[0.0,-0.31121]},"A7o":{"weight":1.0,"played":[1.0,0.0],"evs":[0.0,-0.34668]},"82s":{"weight":1.0,"played":[1.0,0.0],"evs":[0.0,-0.34883]},"83s":{"weight":1.0,"played":[1.0,0.0],"evs":[0.0,-0.32312]},"84s":{"weight":1.0,"played":[0.8345,0.1655],"evs":[0.0,-0.06478]},"85s":{"weight":1.0,"played":[1.0E-4,0.9999],"evs":[0.0,0.17271]},"86s":{"weight":1.0,"played":[0.0,1.0],"evs":[0.0,0.4292]},"87s":{"weight":1.0,"played":[0.0,1.0],"evs":[0.0,0.52534]},"88":{"weight":1.0,"played":[0.0,1.0],"evs":[0.0,1.7746]},"98o":{"weight":1.0,"played":[0.9929,0.0071],"evs":[0.0,-0.08306]},"T8o":{"weight":1.0,"played":[0.9691,0.0309],"evs":[0.0,-0.05322]},"J8o":{"weight":1.0,"played":[1.0,0.0],"evs":[0.0,-0.19557]},"Q8o":{"weight":1.0,"played":[1.0,0.0],"evs":[0.0,-0.22798]},"K8o":{"weight":1.0,"played":[1.0,0.0],"evs":[0.0,-0.27302]},"A8o":{"weight":1.0,"played":[0.9998,2.0E-4],"evs":[0.0,-0.21031]},"92s":{"weight":1.0,"played":[0.9999,1.0E-4],"evs":[0.0,-0.41839]},"93s":{"weight":1.0,"played":[1.0,0.0],"evs":[0.0,-0.33199]},"94s":{"weight":1.0,"played":[0.9999,1.0E-4],"evs":[0.0,-0.30079]},"95s":{"weight":1.0,"played":[0.2857,0.7143],"evs":[0.0,0.00986]},"96s":{"weight":1.0,"played":[1.0E-4,0.9999],"evs":[0.0,0.19277]},"97s":{"weight":1.0,"played":[0.0,1.0],"evs":[0.0,0.34776]},"98s":{"weight":1.0,"played":[0.0,1.0],"evs":[0.0,0.50667]},"99":{"weight":1.0,"played":[0.0,1.0],"evs":[0.0,2.21503]},"T9o":{"weight":1.0,"played":[0.0713,0.9287],"evs":[0.0,0.02924]},"J9o":{"weight":1.0,"played":[1.0,0.0],"evs":[0.0,-0.0995]},"Q9o":{"weight":1.0,"played":[1.0,0.0],"evs":[0.0,-0.10735]},"K9o":{"weight":1.0,"played":[0.9999,1.0E-4],"evs":[0.0,-0.18977]},"A9o":{"weight":1.0,"played":[0.9511,0.0489],"evs":[0.0,-0.04155]},"T2s":{"weight":1.0,"played":[1.0,0.0],"evs":[0.0,-0.26618]},"T3s":{"weight":1.0,"played":[1.0,0.0],"evs":[0.0,-0.19416]},"T4s":{"weight":1.0,"played":[1.0,0.0],"evs":[0.0,-0.11845]},"T5s":{"weight":1.0,"played":[0.9985,0.0015],"evs":[0.0,-0.11472]},"T6s":{"weight":1.0,"played":[9.0E-4,0.9991],"evs":[0.0,0.12514]},"T7s":{"weight":1.0,"played":[0.0,1.0],"evs":[0.0,0.36851]},"T8s":{"weight":1.0,"played":[0.0,1.0],"evs":[0.0,0.48824]},"T9s":{"weight":1.0,"played":[1.0E-4,0.9999],"evs":[0.0,0.57952]},"TT":{"weight":1.0,"played":[0.0,1.0],"evs":[0.0,2.87767]},"JTo":{"weight":1.0,"played":[0.0,1.0],"evs":[0.0,0.28229]},"QTo":{"weight":1.0,"played":[0.0,1.0],"evs":[0.0,0.24139]},"KTo":{"weight":1.0,"played":[0.0,1.0],"evs":[0.0,0.23615]},"ATo":{"weight":1.0,"played":[0.0,1.0],"evs":[0.0,0.61577]},"J2s":{"weight":1.0,"played":[1.0,0.0],"evs":[0.0,-0.23841]},"J3s":{"weight":1.0,"played":[0.9996,4.0E-4],"evs":[0.0,-0.11953]},"J4s":{"weight":1.0,"played":[0.9876,0.0124],"evs":[0.0,-0.07099]},"J5s":{"weight":1.0,"played":[0.2062,0.7938],"evs":[0.0,0.01223]},"J6s":{"weight":1.0,"played":[0.0962,0.9038],"evs":[0.0,0.00306]},"J7s":{"weight":1.0,"played":[2.0E-4,0.9998],"evs":[0.0,0.15698]},"J8s":{"weight":1.0,"played":[0.0,1.0],"evs":[0.0,0.40255]},"J9s":{"weight":1.0,"played":[0.0,1.0],"evs":[0.0,0.51619]},"JTs":{"weight":1.0,"played":[0.0,1.0],"evs":[0.0,0.86093]},"JJ":{"weight":1.0,"played":[0.0,1.0],"evs":[0.0,3.70927]},"QJo":{"weight":1.0,"played":[0.0,1.0],"evs":[0.0,0.33398]},"KJo":{"weight":1.0,"played":[0.0,1.0],"evs":[0.0,0.42344]},"AJo":{"weight":1.0,"played":[0.0,1.0],"evs":[0.0,1.15191]},"Q2s":{"weight":1.0,"played":[0.991,0.009],"evs":[0.0,-0.06098]},"Q3s":{"weight":1.0,"played":[0.6932,0.3068],"evs":[0.0,-0.01323]},"Q4s":{"weight":1.0,"played":[0.0017,0.9983],"evs":[0.0,0.07716]},"Q5s":{"weight":1.0,"played":[0.0012,0.9988],"evs":[0.0,0.13214]},"Q6s":{"weight":1.0,"played":[1.0E-4,0.9999],"evs":[0.0,0.15711]},"Q7s":{"weight":1.0,"played":[0.0,1.0],"evs":[0.0,0.18287]},"Q8s":{"weight":1.0,"played":[0.0,1.0],"evs":[0.0,0.36424]},"Q9s":{"weight":1.0,"played":[0.0,1.0],"evs":[0.0,0.46467]},"QTs":{"weight":1.0,"played":[0.0,1.0],"evs":[0.0,0.79658]},"QJs":{"weight":1.0,"played":[0.0,1.0],"evs":[0.0,0.89314]},"QQ":{"weight":1.0,"played":[0.0,1.0],"evs":[0.0,4.73701]},"KQo":{"weight":1.0,"played":[0.0,1.0],"evs":[0.0,0.81137]},"AQo":{"weight":1.0,"played":[0.0,1.0],"evs":[0.0,1.86142]},"K2s":{"weight":1.0,"played":[0.3529,0.6471],"evs":[0.0,0.02145]},"K3s":{"weight":1.0,"played":[0.0226,0.9774],"evs":[0.0,0.04468]},"K4s":{"weight":1.0,"played":[0.0015,0.9985],"evs":[0.0,0.12332]},"K5s":{"weight":1.0,"played":[0.0,1.0],"evs":[0.0,0.22647]},"K6s":{"weight":1.0,"played":[0.0,1.0],"evs":[0.0,0.31457]},"K7s":{"weight":1.0,"played":[0.0,1.0],"evs":[0.0,0.31393]},"K8s":{"weight":1.0,"played":[3.0E-4,0.9997],"evs":[0.0,0.34558]},"K9s":{"weight":1.0,"played":[0.0,1.0],"evs":[0.0,0.4517]},"KTs":{"weight":1.0,"played":[0.0,1.0],"evs":[0.0,0.79906]},"KJs":{"weight":1.0,"played":[0.0,1.0],"evs":[0.0,1.02722]},"KQs":{"weight":1.0,"played":[0.0,1.0],"evs":[0.0,1.37082]},"KK":{"weight":1.0,"played":[0.0,1.0],"evs":[0.0,6.01519]},"AKo":{"weight":1.0,"played":[0.0,1.0],"evs":[0.0,2.53657]},"A2s":{"weight":1.0,"played":[0.0,1.0],"evs":[0.0,0.13014]},"A3s":{"weight":1.0,"played":[0.0,1.0],"evs":[0.0,0.17495]},"A4s":{"weight":1.0,"played":[0.0,1.0],"evs":[0.0,0.22539]},"A5s":{"weight":1.0,"played":[2.0E-4,0.9998],"evs":[0.0,0.35201]},"A6s":{"weight":1.0,"played":[2.0E-4,0.9998],"evs":[0.0,0.20157]},"A7s":{"weight":1.0,"played":[1.0E-4,0.9999],"evs":[0.0,0.32416]},"A8s":{"weight":1.0,"played":[0.0,1.0],"evs":[0.0,0.44621]},"A9s":{"weight":1.0,"played":[0.0,1.0],"evs":[0.0,0.59748]},"ATs":{"weight":1.0,"played":[0.0,1.0],"evs":[0.0,1.27363]},"AJs":{"weight":1.0,"played":[0.0,1.0],"evs":[0.0,1.72804]},"AQs":{"weight":1.0,"played":[0.0,1.0],"evs":[0.0,2.40364]},"AKs":{"weight":1.0,"played":[0.0,1.0],"evs":[0.0,3.04747]},"AA":{"weight":1.0,"played":[0.0,1.0],"evs":[0.0,7.93681]}}}