{"player":3,"street":0,"children":2,"sequence":[{"player":0,"type":"F","amount":0,"street":0},{"player":1,"type":"F","amount":0,"street":0},{"player":2,"type":"R","amount":13750000,"street":0}],"actions":[{"type":"F","amount":0},{"type":"C","amount":8750000}],"hands":{"22":{"weight":1.0,"played":[0.0,1.0],"evs":[0.0,1.71423]},"32o":{"weight":1.0,"played":[0.0,1.0],"evs":[0.0,0.32954]},"42o":{"weight":1.0,"played":[0.0,1.0],"evs":[0.0,0.37892]},"52o":{"weight":1.0,"played":[0.0,1.0],"evs":[0.0,0.4167]},"62o":{"weight":1.0,"played":[0.0,1.0],"evs":[0.0,0.34221]},"72o":{"weight":1.0,"played":[0.0,1.0],"evs":[0.0,0.28905]},"82o":{"weight":1.0,"played":[0.0,1.0],"evs":[0.0,0.34276]},"92o":{"weight":1.0,"played":[0.0,1.0],"evs":[0.0,0.40296]},"T2o":{"weight":1.0,"played":[0.0,1.0],"evs":[0.0,0.50244]},"J2o":{"weight":1.0,"played":[0.0,1.0],"evs":[0.0,0.66976]},"Q2o":{"weight":1.0,"played":[0.0,1.0],"evs":[0.0,0.9635]},"K2o":{"weight":1.0,"played":[0.0,1.0],"evs":[0.0,1.38337]},"A2o":{"weight":1.0,"played":[0.0,1.0],"evs":[0.0,1.93432]},"32s":{"weight":1.0,"played":[0.0,1.0],"evs":[0.0,0.6243]},"33":{"weight":1.0,"played":[0.0,1.0],"evs":[0.0,1.87988]},"43o":{"weight":1.0,"played":[0.0,1.0],"evs":[0.0,0.50747]},"53o":{"weight":1.0,"played":[0.0,1.0],"evs":[0.0,0.55543]},"63o":{"weight":1.0,"played":[0.0,1.0],"evs":[0.0,0.48026]},"73o":{"weight":1.0,"played":[0.0,1.0],"evs":[0.0,0.41998]},"83o":{"weight":1.0,"played":[0.0,1.0],"evs":[0.0,0.37116]},"93o":{"weight":1.0,"played":[0.0,1.0],"evs":[0.0,0.44907]},"T3o":{"weight":1.0,"played":[0.0,1.0],"evs":[0.0,0.55042]},"J3o":{"weight":1.0,"played":[0.0,1.0],"evs":[0.0,0.71353]},"Q3o":{"weight":1.0,"played":[0.0,1.0],"evs":[0.0,1.01547]},"K3o":{"weight":1.0,"played":[0.0,1.0],"evs":[0.0,1.43346]},"A3o":{"weight":1.0,"played":[0.0,1.0],"evs":[0.0,1.98401]},"42s":{"weight":1.0,"played":[0.0,1.0],"evs":[0.0,0.66833]},"43s":{"weight":1.0,"played":[0.0,1.0],"evs":[0.0,0.77537]},"44":{"weight":1.0,"played":[0.0,1.0],"evs":[0.0,2.04956]},"54o":{"weight":1.0,"played":[0.0,1.0],"evs":[0.0,0.67727]},"64o":{"weight":1.0,"played":[0.0,1.0],"evs":[0.0,0.60393]},"74o":{"weight":1.0,"played":[0.0,1.0],"evs":[0.0,0.5516]},"84o":{"weight":1.0,"played":[0.0,1.0],"evs":[0.0,0.50428]},"94o":{"weight":1.0,"played":[0.0,1.0],"evs":[0.0,0.47469]},"T4o":{"weight":1.0,"played":[0.0,1.0],"evs":[0.0,0.59818]},"J4o":{"weight":1.0,"played":[0.0,1.0],"evs":[0.0,0.76123]},"Q4o":{"weight":1.0,"played":[0.0,1.0],"evs":[0.0,1.06744]},"K4o":{"weight":1.0,"played":[0.0,1.0],"evs":[0.0,1.48704]},"A4o":{"weight":1.0,"played":[0.0,1.0],"evs":[0.0,2.03468]},"52s":{"weight":1.0,"played":[0.0,1.0],"evs":[0.0,0.71135]},"53s":{"weight":1.0,"played":[0.0,1.0],"evs":[0.0,0.83381]},"54s":{"weight":1.0,"played":[0.0,1.0],"evs":[0.0,0.95311]},"55":{"weight":1.0,"played":[0.0,1.0],"evs":[0.0,2.22067]},"65o":{"weight":1.0,"played":[0.0,1.0],"evs":[0.0,0.72229]},"75o":{"weight":1.0,"played":[0.0,1.0],"evs":[0.0,0.67249]},"85o":{"weight":1.0,"played":[0.0,1.0],"evs":[0.0,0.62698]},"95o":{"weight":1.0,"played":[0.0,1.0],"evs":[0.0,0.59687]},"T5o":{"weight":1.0,"played":[0.0,1.0],"evs":[0.0,0.61727]},"J5o":{"weight":1.0,"played":[0.0,1.0],"evs":[0.0,0.81324]},"Q5o":{"weight":1.0,"played":[0.0,1.0],"evs":[0.0,1.14034]},"K5o":{"weight":1.0,"played":[0.0,1.0],"evs":[0.0,1.55584]},"A5o":{"weight":1.0,"played":[0.0,1.0],"evs":[0.0,2.11129]},"62s":{"weight":1.0,"played":[0.0,1.0],"evs":[0.0,0.63685]},"63s":{"weight":1.0,"played":[0.0,1.0],"evs":[0.0,0.7568]},"64s":{"weight":1.0,"played":[0.0,1.0],"evs":[0.0,0.88588]},"65s":{"weight":1.0,"played":[0.0,1.0],"evs":[0.0,0.98742]},"66":{"weight":1.0,"played":[0.0,1.0],"evs":[0.0,2.38388]},"76o":{"weight":1.0,"played":[0.0,1.0],"evs":[0.0,0.78838]},"86o":{"weight":1.0,"played":[0.0,1.0],"evs":[0.0,0.75032]},"96o":{"weight":1.0,"played":[0.0,1.0],"evs":[0.0,0.72373]},"T6o":{"weight":1.0,"played":[0.0,1.0],"evs":[0.0,0.75164]},"J6o":{"weight":1.0,"played":[0.0,1.0],"evs":[0.0,0.86598]},"Q6o":{"weight":1.0,"played":[0.0,1.0],"evs":[0.0,1.22008]},"K6o":{"weight":1.0,"played":[0.0,1.0],"evs":[0.0,1.63996]},"A6o":{"weight":1.0,"played":[0.0,1.0],"evs":[0.0,2.12585]},"72s":{"weight":1.0,"played":[0.0,1.0],"evs":[0.0,0.58657]},"73s":{"weight":1.0,"played":[0.0,1.0],"evs":[0.0,0.71115]},"74s":{"weight":1.0,"played":[0.0,1.0],"evs":[0.0,0.82892]},"75s":{"weight":1.0,"played":[0.0,1.0],"evs":[0.0,0.94126]},"76s":{"weight":1.0,"played":[0.0,1.0],"evs":[0.0,1.06254]},"77":{"weight":1.0,"played":[0.0,1.0],"evs":[0.0,2.57373]},"87o":{"weight":1.0,"played":[0.0,1.0],"evs":[0.0,0.85079]},"97o":{"weight":1.0,"played":[0.0,1.0],"evs":[0.0,0.8455]},"T7o":{"weight":1.0,"played":[0.0,1.0],"evs":[0.0,0.88632]},"J7o":{"weight":1.0,"played":[0.0,1.0],"evs":[0.0,1.028]},"Q7o":{"weight":1.0,"played":[0.0,1.0],"evs":[0.0,1.30594]},"K7o":{"weight":1.0,"played":[0.0,1.0],"evs":[0.0,1.7447]},"A7o":{"weight":1.0,"played":[0.0,1.0],"evs":[0.0,2.24822]},"82s":{"weight":1.0,"played":[0.0,1.0],"evs":[0.0,0.63218]},"83s":{"weight":1.0,"played":[0.0,1.0],"evs":[0.0,0.66709]},"84s":{"weight":1.0,"played":[0.0,1.0],"evs":[0.0,0.78593]},"85s":{"weight":1.0,"played":[0.0,1.0],"evs":[0.0,0.90555]},"86s":{"weight":1.0,"played":[0.0,1.0],"evs":[0.0,1.01995]},"87s":{"weight":1.0,"played":[0.0,1.0],"evs":[0.0,1.11743]},"88":{"weight":1.0,"played":[0.0,1.0],"evs":[0.0,2.78801]},"98o":{"weight":1.0,"played":[0.0,1.0],"evs":[0.0,0.97937]},"T8o":{"weight":1.0,"played":[0.0,1.0],"evs":[0.0,1.05889]},"J8o":{"weight":1.0,"played":[0.0,1.0],"evs":[0.0,1.20775]},"Q8o":{"weight":1.0,"played":[0.0,1.0],"evs":[0.0,1.48912]},"K8o":{"weight":1.0,"played":[0.0,1.0],"evs":[0.0,1.84094]},"A8o":{"weight":1.0,"played":[0.0,1.0],"evs":[0.0,2.36381]},"92s":{"weight":1.0,"played":[0.0,1.0],"evs":[0.0,0.69445]},"93s":{"weight":1.0,"played":[0.0,1.0],"evs":[0.0,0.74054]},"94s":{"weight":1.0,"played":[0.0,1.0],"evs":[0.0,0.76539]},"95s":{"weight":1.0,"played":[0.0,1.0],"evs":[0.0,0.87443]},"96s":{"weight":1.0,"played":[0.0,1.0],"evs":[0.0,0.99377]},"97s":{"weight":1.0,"played":[0.0,1.0],"evs":[0.0,1.10522]},"98s":{"weight":1.0,"played":[0.0,1.0],"evs":[0.0,1.22846]},"99":{"weight":1.0,"played":[0.0,1.0],"evs":[0.0,3.02115]},"T9o":{"weight":1.0,"played":[0.0,1.0],"evs":[0.0,1.22977]},"J9o":{"weight":1.0,"played":[0.0,1.0],"evs":[0.0,1.38814]},"Q9o":{"weight":1.0,"played":[0.0,1.0],"evs":[0.0,1.68273]},"K9o":{"weight":1.0,"played":[0.0,1.0],"evs":[0.0,2.04101]},"A9o":{"weight":1.0,"played":[0.0,1.0],"evs":[0.0,2.47583]},"T2s":{"weight":1.0,"played":[0.0,1.0],"evs":[0.0,0.78905]},"T3s":{"weight":1.0,"played":[0.0,1.0],"evs":[0.0,0.8351]},"T4s":{"weight":1.0,"played":[0.0,1.0],"evs":[0.0,0.8797]},"T5s":{"weight":1.0,"played":[0.0,1.0],"evs":[0.0,0.89425]},"T6s":{"weight":1.0,"played":[0.0,1.0],"evs":[0.0,1.0259]},"T7s":{"weight":1.0,"played":[0.0,1.0],"evs":[0.0,1.14963]},"T8s":{"weight":1.0,"played":[0.0,1.0],"evs":[0.0,1.30161]},"T9s":{"weight":1.0,"played":[0.0,1.0],"evs":[0.0,1.46352]},"TT":{"weight":1.0,"played":[0.0,1.0],"evs":[0.0,3.30104]},"JTo":{"weight":1.0,"played":[0.0,1.0],"evs":[0.0,1.60847]},"QTo":{"weight":1.0,"played":[0.0,1.0],"evs":[0.0,1.90146]},"KTo":{"weight":1.0,"played":[0.0,1.0],"evs":[0.0,2.26475]},"ATo":{"weight":1.0,"played":[0.0,1.0],"evs":[0.0,2.70729]},"J2s":{"weight":1.0,"played":[0.0,1.0],"evs":[0.0,0.9444]},"J3s":{"weight":1.0,"played":[0.0,1.0],"evs":[0.0,0.99458]},"J4s":{"weight":1.0,"played":[0.0,1.0],"evs":[0.0,1.04134]},"J5s":{"weight":1.0,"played":[0.0,1.0],"evs":[0.0,1.07947]},"J6s":{"weight":1.0,"played":[0.0,1.0],"evs":[0.0,1.13767]},"J7s":{"weight":1.0,"played":[0.0,1.0],"evs":[0.0,1.2867]},"J8s":{"weight":1.0,"played":[0.0,1.0],"evs":[0.0,1.44471]},"J9s":{"weight":1.0,"played":[0.0,1.0],"evs":[0.0,1.6225]},"JTs":{"weight":1.0,"played":[0.0,1.0],"evs":[0.0,1.82074]},"JJ":{"weight":1.0,"played":[0.0,1.0],"evs":[0.0,3.55416]},"QJo":{"weight":1.0,"played":[0.0,1.0],"evs":[0.0,2.01327]},"KJo":{"weight":1.0,"played":[0.0,1.0],"evs":[0.0,2.37765]},"AJo":{"weight":1.0,"played":[0.0,1.0],"evs":[0.0,2.83585]},"Q2s":{"weight":1.0,"played":[0.0,1.0],"evs":[0.0,1.23005]},"Q3s":{"weight":1.0,"played":[0.0,1.0],"evs":[0.0,1.27419]},"Q4s":{"weight":1.0,"played":[0.0,1.0],"evs":[0.0,1.31143]},"Q5s":{"weight":1.0,"played":[0.0,1.0],"evs":[0.0,1.38876]},"Q6s":{"weight":1.0,"played":[0.0,1.0],"evs":[0.0,1.45983]},"Q7s":{"weight":1.0,"played":[0.0,1.0],"evs":[0.0,1.54328]},"Q8s":{"weight":1.0,"played":[0.0,1.0],"evs":[0.0,1.70919]},"Q9s":{"weight":1.0,"played":[0.0,1.0],"evs":[0.0,1.89558]},"QTs":{"weight":1.0,"played":[0.0,1.0],"evs":[0.0,2.10628]},"QJs":{"weight":1.0,"played":[0.0,1.0],"evs":[0.0,2.20763]},"QQ":{"weight":1.0,"played":[0.0,1.0],"evs":[0.0,3.87797]},"KQo":{"weight":1.0,"played":[0.0,1.0],"evs":[0.0,2.51788]},"AQo":{"weight":1.0,"played":[0.0,1.0],"evs":[0.0,2.99259]},"K2s":{"weight":1.0,"played":[0.0,1.0],"evs":[0.0,1.62749]},"K3s":{"weight":1.0,"played":[0.0,1.0],"evs":[0.0,1.66646]},"K4s":{"weight":1.0,"played":[0.0,1.0],"evs":[0.0,1.71884]},"K5s":{"weight":1.0,"played":[0.0,1.0],"evs":[0.0,1.78979]},"K6s":{"weight":1.0,"played":[0.0,1.0],"evs":[0.0,1.86233]},"K7s":{"weight":1.0,"played":[0.0,1.0],"evs":[0.0,1.96855]},"K8s":{"weight":1.0,"played":[0.0,1.0],"evs":[0.0,2.05814]},"K9s":{"weight":1.0,"played":[0.0,1.0],"evs":[0.0,2.23589]},"KTs":{"weight":1.0,"played":[0.0,1.0],"evs":[0.0,2.44721]},"KJs":{"weight":1.0,"played":[0.0,1.0],"evs":[0.0,2.54808]},"KQs":{"weight":1.0,"played":[0.0,1.0],"evs":[0.0,2.67609]},"KK":{"weight":1.0,"played":[0.0,1.0],"evs":[0.0,4.23026]},"AKo":{"weight":1.0,"played":[0.0,1.0],"evs":[0.0,3.13224]},"A2s":{"weight":1.0,"played":[0.0,1.0],"evs":[0.0,2.14901]},"A3s":{"weight":1.0,"played":[0.0,1.0],"evs":[0.0,2.18716]},"A4s":{"weight":1.0,"played":[0.0,1.0],"evs":[0.0,2.24177]},"A5s":{"weight":1.0,"played":[0.0,1.0],"evs":[0.0,2.30731]},"A6s":{"weight":1.0,"played":[0.0,1.0],"evs":[0.0,2.32148]},"A7s":{"weight":1.0,"played":[0.0,1.0],"evs":[0.0,2.42942]},"A8s":{"weight":1.0,"played":[0.0,1.0],"evs":[0.0,2.54661]},"A9s":{"weight":1.0,"played":[0.0,1.0],"evs":[0.0,2.64825]},"ATs":{"weight":1.0,"played":[0.0,1.0],"evs":[0.0,2.85573]},"AJs":{"weight":1.0,"played":[0.0,1.0],"evs":[0.0,2.97942]},"AQs":{"weight":1.0,"played":[0.0,1.0],"evs":[0.0,3.1208]},"AKs":{"weight":1.0,"played":[0.0,1.0],"evs":[0.0,3.24528]},"AA":{"weight":1.0,"played":[0.0,1.0],"evs":[0.0,4.63162]}}}