{"player":2,"street":0,"children":2,"sequence":[{"player":0,"type":"F","amount":0,"street":0},{"player":1,"type":"R","amount":51750000,"street":0}],"actions":[{"type":"F","amount":0,"node":5},{"type":"C","amount":11250000,"node":6}],"hands":{"22":{"weight":1.0,"played":[1.0,0.0],"evs":[0.0,-0.17483]},"32o":{"weight":1.0,"played":[1.0,0.0],"evs":[0.0,-1.9852]},"42o":{"weight":1.0,"played":[1.0,0.0],"evs":[0.0,-1.90042]},"52o":{"weight":1.0,"played":[1.0,0.0],"evs":[0.0,-1.819]},"62o":{"weight":1.0,"played":[1.0,0.0],"evs":[0.0,-1.95704]},"72o":{"weight":1.0,"played":[1.0,0.0],"evs":[0.0,-2.0687]},"82o":{"weight":1.0,"played":[1.0,0.0],"evs":[0.0,-1.96227]},"92o":{"weight":1.0,"played":[1.0,0.0],"evs":[0.0,-1.91551]},"T2o":{"weight":1.0,"played":[1.0,0.0],"evs":[0.0,-1.81001]},"J2o":{"weight":1.0,"played":[1.0,0.0],"evs":[0.0,-1.63671]},"Q2o":{"weight":1.0,"played":[1.0,0.0],"evs":[0.0,-1.41651]},"K2o":{"weight":1.0,"played":[1.0,0.0],"evs":[0.0,-1.13885]},"A2o":{"weight":1.0,"played":[1.0,0.0],"evs":[0.0,-0.21644]},"32s":{"weight":1.0,"played":[1.0,0.0],"evs":[0.0,-1.49828]},"33":{"weight":1.0,"played":[0.0,1.0],"evs":[0.0,0.05828]},"43o":{"weight":1.0,"played":[1.0,0.0],"evs":[0.0,-1.68161]},"53o":{"weight":1.0,"played":[1.0,0.0],"evs":[0.0,-1.58905]},"63o":{"weight":1.0,"played":[1.0,0.0],"evs":[0.0,-1.72644]},"73o":{"weight":1.0,"played":[1.0,0.0],"evs":[0.0,-1.83722]},"83o":{"weight":1.0,"played":[1.0,0.0],"evs":[0.0,-1.90739]},"93o":{"weight":1.0,"played":[1.0,0.0],"evs":[0.0,-1.83354]},"T3o":{"weight":1.0,"played":[1.0,0.0],"evs":[0.0,-1.72906]},"J3o":{"weight":1.0,"played":[1.0,0.0],"evs":[0.0,-1.54692]},"Q3o":{"weight":1.0,"played":[1.0,0.0],"evs":[0.0,-1.33761]},"K3o":{"weight":1.0,"played":[1.0,0.0],"evs":[0.0,-1.04854]},"A3o":{"weight":1.0,"played":[1.0,0.0],"evs":[0.0,-0.12112]},"42s":{"weight":1.0,"played":[1.0,0.0],"evs":[0.0,-1.4188]},"43s":{"weight":1.0,"played":[1.0,0.0],"evs":[0.0,-1.21508]},"44":{"weight":1.0,"played":[0.0,1.0],"evs":[0.0,0.3117]},"54o":{"weight":1.0,"played":[1.0,0.0],"evs":[0.0,-1.39181]},"64o":{"weight":1.0,"played":[1.0,0.0],"evs":[0.0,-1.51535]},"74o":{"weight":1.0,"played":[1.0,0.0],"evs":[0.0,-1.61998]},"84o":{"weight":1.0,"played":[1.0,0.0],"evs":[0.0,-1.69551]},"94o":{"weight":1.0,"played":[1.0,0.0],"evs":[0.0,-1.79252]},"T4o":{"weight":1.0,"played":[1.0,0.0],"evs":[0.0,-1.64738]},"J4o":{"weight":1.0,"played":[1.0,0.0],"evs":[0.0,-1.46478]},"Q4o":{"weight":1.0,"played":[1.0,0.0],"evs":[0.0,-1.2613]},"K4o":{"weight":1.0,"played":[1.0,0.0],"evs":[0.0,-0.96596]},"A4o":{"weight":1.0,"played":[1.0,0.0],"evs":[0.0,-0.03125]},"52s":{"weight":1.0,"played":[1.0,0.0],"evs":[0.0,-1.34013]},"53s":{"weight":1.0,"played":[1.0,0.0],"evs":[0.0,-1.14155]},"54s":{"weight":1.0,"played":[1.0,0.0],"evs":[0.0,-0.94095]},"55":{"weight":1.0,"played":[0.0,1.0],"evs":[0.0,0.57948]},"65o":{"weight":1.0,"played":[1.0,0.0],"evs":[0.0,-1.30836]},"75o":{"weight":1.0,"played":[1.0,0.0],"evs":[0.0,-1.41153]},"85o":{"weight":1.0,"played":[1.0,0.0],"evs":[0.0,-1.47893]},"95o":{"weight":1.0,"played":[1.0,0.0],"evs":[0.0,-1.57931]},"T5o":{"weight":1.0,"played":[1.0,0.0],"evs":[0.0,-1.60549]},"J5o":{"weight":1.0,"played":[1.0,0.0],"evs":[0.0,-1.39602]},"Q5o":{"weight":1.0,"played":[1.0,0.0],"evs":[0.0,-1.18206]},"K5o":{"weight":1.0,"played":[1.0,0.0],"evs":[0.0,-0.88238]},"A5o":{"weight":1.0,"played":[0.0,1.0],"evs":[0.0,0.08749]},"62s":{"weight":1.0,"played":[1.0,0.0],"evs":[0.0,-1.46132]},"63s":{"weight":1.0,"played":[1.0,0.0],"evs":[0.0,-1.24887]},"64s":{"weight":1.0,"played":[1.0,0.0],"evs":[0.0,-1.05031]},"65s":{"weight":1.0,"played":[1.0,0.0],"evs":[0.0,-0.86759]},"66":{"weight":1.0,"played":[0.0,1.0],"evs":[0.0,0.81873]},"76o":{"weight":1.0,"played":[1.0,0.0],"evs":[0.0,-1.22872]},"86o":{"weight":1.0,"played":[1.0,0.0],"evs":[0.0,-1.27521]},"96o":{"weight":1.0,"played":[1.0,0.0],"evs":[0.0,-1.36451]},"T6o":{"weight":1.0,"played":[1.0,0.0],"evs":[0.0,-1.40074]},"J6o":{"weight":1.0,"played":[1.0,0.0],"evs":[0.0,-1.35247]},"Q6o":{"weight":1.0,"played":[1.0,0.0],"evs":[0.0,-1.09705]},"K6o":{"weight":1.0,"played":[1.0,0.0],"evs":[0.0,-0.78133]},"A6o":{"weight":1.0,"played":[0.0,1.0],"evs":[0.0,0.10486]},"72s":{"weight":1.0,"played":[1.0,0.0],"evs":[0.0,-1.56507]},"73s":{"weight":1.0,"played":[1.0,0.0],"evs":[0.0,-1.35271]},"74s":{"weight":1.0,"played":[1.0,0.0],"evs":[0.0,-1.16091]},"75s":{"weight":1.0,"played":[1.0,0.0],"evs":[0.0,-0.9593]},"76s":{"weight":1.0,"played":[1.0,0.0],"evs":[0.0,-0.78068]},"77":{"weight":1.0,"played":[0.0,1.0],"evs":[0.0,1.1032]},"87o":{"weight":1.0,"played":[1.0,0.0],"evs":[0.0,-1.11993]},"97o":{"weight":1.0,"played":[1.0,0.0],"evs":[0.0,-1.19993]},"T7o":{"weight":1.0,"played":[1.0,0.0],"evs":[0.0,-1.21156]},"J7o":{"weight":1.0,"played":[1.0,0.0],"evs":[0.0,-1.15775]},"Q7o":{"weight":1.0,"played":[1.0,0.0],"evs":[0.0,-1.05455]},"K7o":{"weight":1.0,"played":[1.0,0.0],"evs":[0.0,-0.68719]},"A7o":{"weight":1.0,"played":[0.0,1.0],"evs":[0.0,0.34316]},"82s":{"weight":1.0,"played":[1.0,0.0],"evs":[0.0,-1.47476]},"83s":{"weight":1.0,"played":[1.0,0.0],"evs":[0.0,-1.42367]},"84s":{"weight":1.0,"played":[1.0,0.0],"evs":[0.0,-1.22824]},"85s":{"weight":1.0,"played":[1.0,0.0],"evs":[0.0,-1.01165]},"86s":{"weight":1.0,"played":[1.0,0.0],"evs":[0.0,-0.83293]},"87s":{"weight":1.0,"played":[1.0,0.0],"evs":[0.0,-0.66866]},"88":{"weight":1.0,"played":[0.0,1.0],"evs":[0.0,1.43111]},"98o":{"weight":1.0,"played":[1.0,0.0],"evs":[0.0,-1.00561]},"T8o":{"weight":1.0,"played":[1.0,0.0],"evs":[0.0,-1.0078]},"J8o":{"weight":1.0,"played":[1.0,0.0],"evs":[0.0,-0.95036]},"Q8o":{"weight":1.0,"played":[1.0,0.0],"evs":[0.0,-0.84402]},"K8o":{"weight":1.0,"played":[1.0,0.0],"evs":[0.0,-0.62051]},"A8o":{"weight":1.0,"played":[0.0,1.0],"evs":[0.0,0.56636]},"92s":{"weight":1.0,"played":[1.0,0.0],"evs":[0.0,-1.43853]},"93s":{"weight":1.0,"played":[1.0,0.0],"evs":[0.0,-1.35123]},"94s":{"weight":1.0,"played":[1.0,0.0],"evs":[0.0,-1.31407]},"95s":{"weight":1.0,"played":[1.0,0.0],"evs":[0.0,-1.11477]},"96s":{"weight":1.0,"played":[1.0,0.0],"evs":[0.0,-0.91892]},"97s":{"weight":1.0,"played":[1.0,0.0],"evs":[0.0,-0.75346]},"98s":{"weight":1.0,"played":[1.0,0.0],"evs":[0.0,-0.56254]},"99":{"weight":1.0,"played":[0.0,1.0],"evs":[0.0,1.82521]},"T9o":{"weight":1.0,"played":[1.0,0.0],"evs":[0.0,-0.78242]},"J9o":{"weight":1.0,"played":[1.0,0.0],"evs":[0.0,-0.72122]},"Q9o":{"weight":1.0,"played":[1.0,0.0],"evs":[0.0,-0.62207]},"K9o":{"weight":1.0,"played":[1.0,0.0],"evs":[0.0,-0.32024]},"A9o":{"weight":1.0,"played":[0.0,1.0],"evs":[0.0,0.86726]},"T2s":{"weight":1.0,"played":[1.0,0.0],"evs":[0.0,-1.33542]},"T3s":{"weight":1.0,"played":[1.0,0.0],"evs":[0.0,-1.26475]},"T4s":{"weight":1.0,"played":[1.0,0.0],"evs":[0.0,-1.17998]},"T5s":{"weight":1.0,"played":[1.0,0.0],"evs":[0.0,-1.13037]},"T6s":{"weight":1.0,"played":[1.0,0.0],"evs":[0.0,-0.9447]},"T7s":{"weight":1.0,"played":[1.0,0.0],"evs":[0.0,-0.75381]},"T8s":{"weight":1.0,"played":[1.0,0.0],"evs":[0.0,-0.56709]},"T9s":{"weight":1.0,"played":[1.0,0.0],"evs":[0.0,-0.36562]},"TT":{"weight":1.0,"played":[0.0,1.0],"evs":[0.0,2.39247]},"JTo":{"weight":1.0,"played":[1.0,0.0],"evs":[0.0,-0.39388]},"QTo":{"weight":1.0,"played":[1.0,0.0],"evs":[0.0,-0.2581]},"KTo":{"weight":1.0,"played":[0.0,1.0],"evs":[0.0,0.1051]},"ATo":{"weight":1.0,"played":[0.0,1.0],"evs":[0.0,1.37318]},"J2s":{"weight":1.0,"played":[1.0,0.0],"evs":[0.0,-1.15386]},"J3s":{"weight":1.0,"played":[1.0,0.0],"evs":[0.0,-1.06117]},"J4s":{"weight":1.0,"played":[1.0,0.0],"evs":[0.0,-0.99541]},"J5s":{"weight":1.0,"played":[1.0,0.0],"evs":[0.0,-0.92723]},"J6s":{"weight":1.0,"played":[1.0,0.0],"evs":[0.0,-0.89952]},"J7s":{"weight":1.0,"played":[1.0,0.0],"evs":[0.0,-0.70543]},"J8s":{"weight":1.0,"played":[1.0,0.0],"evs":[0.0,-0.49931]},"J9s":{"weight":1.0,"played":[1.0,0.0],"evs":[0.0,-0.3117]},"JTs":{"weight":1.0,"played":[0.2123,0.7877],"evs":[0.0,0.00391]},"JJ":{"weight":1.0,"played":[0.0,1.0],"evs":[0.0,2.88497]},"QJo":{"weight":1.0,"played":[1.0,0.0],"evs":[0.0,-0.05114]},"KJo":{"weight":1.0,"played":[0.0,1.0],"evs":[0.0,0.33887]},"AJo":{"weight":1.0,"played":[0.0,1.0],"evs":[0.0,1.65837]},"Q2s":{"weight":1.0,"played":[1.0,0.0],"evs":[0.0,-0.9366]},"Q3s":{"weight":1.0,"played":[1.0,0.0],"evs":[0.0,-0.86346]},"Q4s":{"weight":1.0,"played":[1.0,0.0],"evs":[0.0,-0.80345]},"Q5s":{"weight":1.0,"played":[1.0,0.0],"evs":[0.0,-0.72583]},"Q6s":{"weight":1.0,"played":[1.0,0.0],"evs":[0.0,-0.64779]},"Q7s":{"weight":1.0,"played":[1.0,0.0],"evs":[0.0,-0.60985]},"Q8s":{"weight":1.0,"played":[1.0,0.0],"evs":[0.0,-0.40999]},"Q9s":{"weight":1.0,"played":[1.0,0.0],"evs":[0.0,-0.20813]},"QTs":{"weight":1.0,"played":[0.0,1.0],"evs":[0.0,0.13708]},"QJs":{"weight":1.0,"played":[0.0,1.0],"evs":[0.0,0.32954]},"QQ":{"weight":1.0,"played":[0.0,1.0],"evs":[0.0,3.36615]},"KQo":{"weight":1.0,"played":[0.0,1.0],"evs":[0.0,0.5744]},"AQo":{"weight":1.0,"played":[0.0,1.0],"evs":[0.0,1.95268]},"K2s":{"weight":1.0,"played":[1.0,0.0],"evs":[0.0,-0.66986]},"K3s":{"weight":1.0,"played":[1.0,0.0],"evs":[0.0,-0.58272]},"K4s":{"weight":1.0,"played":[1.0,0.0],"evs":[0.0,-0.51988]},"K5s":{"weight":1.0,"played":[1.0,0.0],"evs":[0.0,-0.44256]},"K6s":{"weight":1.0,"played":[1.0,0.0],"evs":[0.0,-0.33953]},"K7s":{"weight":1.0,"played":[1.0,0.0],"evs":[0.0,-0.26056]},"K8s":{"weight":1.0,"played":[1.0,0.0],"evs":[0.0,-0.19046]},"K9s":{"weight":1.0,"played":[0.0,1.0],"evs":[0.0,0.07118]},"KTs":{"weight":1.0,"played":[0.0,1.0],"evs":[0.0,0.48421]},"KJs":{"weight":1.0,"played":[0.0,1.0],"evs":[0.0,0.70408]},"KQs":{"weight":1.0,"played":[0.0,1.0],"evs":[0.0,0.92294]},"KK":{"weight":1.0,"played":[0.0,1.0],"evs":[0.0,3.9657]},"AKo":{"weight":1.0,"played":[0.0,1.0],"evs":[0.0,2.32002]},"A2s":{"weight":1.0,"played":[0.0,1.0],"evs":[0.0,0.19877]},"A3s":{"weight":1.0,"played":[0.0,1.0],"evs":[0.0,0.2727]},"A4s":{"weight":1.0,"played":[0.0,1.0],"evs":[0.0,0.36584]},"A5s":{"weight":1.0,"played":[0.0,1.0],"evs":[0.0,0.48073]},"A6s":{"weight":1.0,"played":[0.0,1.0],"evs":[0.0,0.49938]},"A7s":{"weight":1.0,"played":[0.0,1.0],"evs":[0.0,0.70865]},"A8s":{"weight":1.0,"played":[0.0,1.0],"evs":[0.0,0.95405]},"A9s":{"weight":1.0,"played":[0.0,1.0],"evs":[0.0,1.22188]},"ATs":{"weight":1.0,"played":[0.0,1.0],"evs":[0.0,1.69439]},"AJs":{"weight":1.0,"played":[0.0,1.0],"evs":[0.0,1.95554]},"AQs":{"weight":1.0,"played":[0.0,1.0],"evs":[0.0,2.22116]},"AKs":{"weight":1.0,"played":[0.0,1.0],"evs":[0.0,2.57859]},"AA":{"weight":1.0,"played":[0.0,1.0],"evs":[0.0,5.24206]}}}