{"player":1,"street":0,"children":3,"sequence":[{"player":0,"type":"R","amount":12750000,"street":0}],"actions":[{"type":"F","amount":0,"node":8},{"type":"C","amount":12750000,"node":13},{"type":"R","amount":51750000,"node":23}],"hands":{"22":{"weight":1.0,"played":[0.0,0.0,1.0],"evs":[0.0,0.29475,0.30701]},"32o":{"weight":1.0,"played":[1.0,0.0,0.0],"evs":[0.0,-0.88777,-1.28388]},"42o":{"weight":1.0,"played":[1.0,0.0,0.0],"evs":[0.0,-0.84279,-1.20912]},"52o":{"weight":1.0,"played":[1.0,0.0,0.0],"evs":[0.0,-0.79712,-1.13342]},"62o":{"weight":1.0,"played":[1.0,0.0,0.0],"evs":[0.0,-0.91144,-1.27754]},"72o":{"weight":1.0,"played":[1.0,0.0,0.0],"evs":[0.0,-1.00057,-1.41108]},"82o":{"weight":1.0,"played":[1.0,0.0,0.0],"evs":[0.0,-0.92909,-1.29508]},"92o":{"weight":1.0,"played":[1.0,0.0,0.0],"evs":[0.0,-0.9346,-1.31207]},"T2o":{"weight":1.0,"played":[1.0,0.0,0.0],"evs":[0.0,-0.87527,-1.23605]},"J2o":{"weight":1.0,"played":[1.0,0.0,0.0],"evs":[0.0,-0.81138,-1.14852]},"Q2o":{"weight":1.0,"played":[1.0,0.0,0.0],"evs":[0.0,-0.7509,-1.04035]},"K2o":{"weight":1.0,"played":[1.0,0.0,0.0],"evs":[0.0,-0.65256,-0.87916]},"A2o":{"weight":1.0,"played":[1.0,0.0,0.0],"evs":[0.0,-0.24822,-0.35121]},"32s":{"weight":1.0,"played":[1.0,0.0,0.0],"evs":[0.0,-0.52966,-0.74957]},"33":{"weight":1.0,"played":[0.0,0.0,1.0],"evs":[0.0,0.44211,0.4593]},"43o":{"weight":1.0,"played":[1.0,0.0,0.0],"evs":[0.0,-0.69872,-0.9895]},"53o":{"weight":1.0,"played":[1.0,0.0,0.0],"evs":[0.0,-0.66432,-0.91174]},"63o":{"weight":1.0,"played":[1.0,0.0,0.0],"evs":[0.0,-0.76117,-1.04908]},"73o":{"weight":1.0,"played":[1.0,0.0,0.0],"evs":[0.0,-0.85514,-1.17996]},"83o":{"weight":1.0,"played":[1.0,0.0,0.0],"evs":[0.0,-0.92412,-1.27236]},"93o":{"weight":1.0,"played":[1.0,0.0,0.0],"evs":[0.0,-0.89581,-1.2227]},"T3o":{"weight":1.0,"played":[1.0,0.0,0.0],"evs":[0.0,-0.82659,-1.16095]},"J3o":{"weight":1.0,"played":[1.0,0.0,0.0],"evs":[0.0,-0.77617,-1.06803]},"Q3o":{"weight":1.0,"played":[1.0,0.0,0.0],"evs":[0.0,-0.70795,-0.96303]},"K3o":{"weight":1.0,"played":[1.0,0.0,0.0],"evs":[0.0,-0.61473,-0.80478]},"A3o":{"weight":1.0,"played":[1.0,0.0,0.0],"evs":[0.0,-0.19958,-0.26835]},"42s":{"weight":1.0,"played":[1.0,0.0,0.0],"evs":[0.0,-0.50026,-0.69123]},"43s":{"weight":1.0,"played":[1.0,0.0,0.0],"evs":[0.0,-0.3548,-0.49223]},"44":{"weight":1.0,"played":[0.0,0.0,1.0],"evs":[0.0,0.61309,0.63972]},"54o":{"weight":1.0,"played":[1.0,0.0,0.0],"evs":[0.0,-0.52441,-0.70972]},"64o":{"weight":1.0,"played":[1.0,0.0,0.0],"evs":[0.0,-0.61724,-0.82359]},"74o":{"weight":1.0,"played":[1.0,0.0,0.0],"evs":[0.0,-0.70884,-0.96218]},"84o":{"weight":1.0,"played":[1.0,0.0,0.0],"evs":[0.0,-0.77116,-1.05222]},"94o":{"weight":1.0,"played":[1.0,0.0,0.0],"evs":[0.0,-0.87909,-1.19051]},"T4o":{"weight":1.0,"played":[1.0,0.0,0.0],"evs":[0.0,-0.79814,-1.09294]},"J4o":{"weight":1.0,"played":[1.0,0.0,0.0],"evs":[0.0,-0.72421,-0.99449]},"Q4o":{"weight":1.0,"played":[1.0,0.0,0.0],"evs":[0.0,-0.66672,-0.89478]},"K4o":{"weight":1.0,"played":[1.0,0.0,0.0],"evs":[0.0,-0.56098,-0.7256]},"A4o":{"weight":1.0,"played":[1.0,0.0,0.0],"evs":[0.0,-0.15879,-0.20317]},"52s":{"weight":1.0,"played":[1.0,0.0,0.0],"evs":[0.0,-0.46094,-0.62342]},"53s":{"weight":1.0,"played":[1.0,0.0,0.0],"evs":[0.0,-0.33432,-0.43324]},"54s":{"weight":1.0,"played":[1.0,0.0,0.0],"evs":[0.0,-0.16808,-0.22153]},"55":{"weight":1.0,"played":[0.0,0.0064,0.9936],"evs":[0.0,0.8005,0.82998]},"65o":{"weight":1.0,"played":[1.0,0.0,0.0],"evs":[0.0,-0.47151,-0.6085]},"75o":{"weight":1.0,"played":[1.0,0.0,0.0],"evs":[0.0,-0.56232,-0.75244]},"85o":{"weight":1.0,"played":[1.0,0.0,0.0],"evs":[0.0,-0.62146,-0.82392]},"95o":{"weight":1.0,"played":[1.0,0.0,0.0],"evs":[0.0,-0.73571,-0.97172]},"T5o":{"weight":1.0,"played":[1.0,0.0,0.0],"evs":[0.0,-0.77593,-1.04721]},"J5o":{"weight":1.0,"played":[1.0,0.0,0.0],"evs":[0.0,-0.69405,-0.92897]},"Q5o":{"weight":1.0,"played":[1.0,0.0,0.0],"evs":[0.0,-0.63195,-0.82261]},"K5o":{"weight":1.0,"played":[1.0,0.0,0.0],"evs":[0.0,-0.51104,-0.63496]},"A5o":{"weight":1.0,"played":[1.0,0.0,0.0],"evs":[0.0,-0.10121,-0.13032]},"62s":{"weight":1.0,"played":[1.0,0.0,0.0],"evs":[0.0,-0.56213,-0.75627]},"63s":{"weight":1.0,"played":[1.0,0.0,0.0],"evs":[0.0,-0.41525,-0.54941]},"64s":{"weight":1.0,"played":[1.0,0.0,0.0],"evs":[0.0,-0.27047,-0.35232]},"65s":{"weight":1.0,"played":[1.0,0.0,0.0],"evs":[0.0,-0.1027,-0.13607]},"66":{"weight":1.0,"played":[0.0,0.001,0.999],"evs":[0.0,1.04024,1.07374]},"76o":{"weight":1.0,"played":[1.0,0.0,0.0],"evs":[0.0,-0.4281,-0.55457]},"86o":{"weight":1.0,"played":[1.0,0.0,0.0],"evs":[0.0,-0.49374,-0.63935]},"96o":{"weight":1.0,"played":[1.0,0.0,0.0],"evs":[0.0,-0.59792,-0.77441]},"T6o":{"weight":1.0,"played":[1.0,0.0,0.0],"evs":[0.0,-0.64115,-0.8644]},"J6o":{"weight":1.0,"played":[1.0,0.0,0.0],"evs":[0.0,-0.68332,-0.91596]},"Q6o":{"weight":1.0,"played":[1.0,0.0,0.0],"evs":[0.0,-0.59276,-0.76127]},"K6o":{"weight":1.0,"played":[1.0,0.0,0.0],"evs":[0.0,-0.49454,-0.60743]},"A6o":{"weight":1.0,"played":[1.0,0.0,0.0],"evs":[0.0,-0.20276,-0.26195]},"72s":{"weight":1.0,"played":[1.0,0.0,0.0],"evs":[0.0,-0.63939,-0.88208]},"73s":{"weight":1.0,"played":[1.0,0.0,0.0],"evs":[0.0,-0.49415,-0.65959]},"74s":{"weight":1.0,"played":[1.0,0.0,0.0],"evs":[0.0,-0.34909,-0.45506]},"75s":{"weight":1.0,"played":[1.0,0.0,0.0],"evs":[0.0,-0.19928,-0.2481]},"76s":{"weight":1.0,"played":[1.0,0.0,0.0],"evs":[0.0,-0.04896,-0.08826]},"77":{"weight":1.0,"played":[0.0,0.0374,0.9626],"evs":[0.0,1.32535,1.36164]},"87o":{"weight":1.0,"played":[1.0,0.0,0.0],"evs":[0.0,-0.37879,-0.47244]},"97o":{"weight":1.0,"played":[1.0,0.0,0.0],"evs":[0.0,-0.4771,-0.60946]},"T7o":{"weight":1.0,"played":[1.0,0.0,0.0],"evs":[0.0,-0.51962,-0.68915]},"J7o":{"weight":1.0,"played":[1.0,0.0,0.0],"evs":[0.0,-0.56433,-0.74097]},"Q7o":{"weight":1.0,"played":[1.0,0.0,0.0],"evs":[0.0,-0.60088,-0.77503]},"K7o":{"weight":1.0,"played":[1.0,0.0,0.0],"evs":[0.0,-0.45416,-0.56747]},"A7o":{"weight":1.0,"played":[0.9999,1.0E-4,0.0],"evs":[0.0,-0.09996,-0.14535]},"82s":{"weight":1.0,"played":[1.0,0.0,0.0],"evs":[0.0,-0.57599,-0.77618]},"83s":{"weight":1.0,"played":[1.0,0.0,0.0],"evs":[0.0,-0.55319,-0.75044]},"84s":{"weight":1.0,"played":[1.0,0.0,0.0],"evs":[0.0,-0.42378,-0.54617]},"85s":{"weight":1.0,"played":[1.0,0.0,0.0],"evs":[0.0,-0.26049,-0.32486]},"86s":{"weight":1.0,"played":[1.0,0.0,0.0],"evs":[0.0,-0.11205,-0.15006]},"87s":{"weight":1.0,"played":[0.0938,0.3185,0.5876],"evs":[0.0,0.01107,0.01634]},"88":{"weight":1.0,"played":[0.0,1.0E-4,0.9999],"evs":[0.0,1.65093,1.72554]},"98o":{"weight":1.0,"played":[1.0,0.0,0.0],"evs":[0.0,-0.33752,-0.41262]},"T8o":{"weight":1.0,"played":[1.0,0.0,0.0],"evs":[0.0,-0.37383,-0.47817]},"J8o":{"weight":1.0,"played":[1.0,0.0,0.0],"evs":[0.0,-0.40897,-0.51563]},"Q8o":{"weight":1.0,"played":[1.0,0.0,0.0],"evs":[0.0,-0.45153,-0.57008]},"K8o":{"weight":1.0,"played":[1.0,0.0,0.0],"evs":[0.0,-0.43168,-0.52056]},"A8o":{"weight":1.0,"played":[0.4527,0.2351,0.3122],"evs":[0.0,-4.5E-4,-0.01164]},"92s":{"weight":1.0,"played":[1.0,0.0,0.0],"evs":[0.0,-0.56392,-0.76433]},"93s":{"weight":1.0,"played":[1.0,0.0,0.0],"evs":[0.0,-0.53041,-0.69573]},"94s":{"weight":1.0,"played":[1.0,0.0,0.0],"evs":[0.0,-0.5187,-0.67909]},"95s":{"weight":1.0,"played":[1.0,0.0,0.0],"evs":[0.0,-0.3825,-0.4651]},"96s":{"weight":1.0,"played":[1.0,0.0,0.0],"evs":[0.0,-0.23288,-0.29217]},"97s":{"weight":1.0,"played":[0.9997,0.0,3.0E-4],"evs":[0.0,-0.0935,-0.10703]},"98s":{"weight":1.0,"played":[2.0E-4,0.0324,0.9674],"evs":[0.0,0.05345,0.05548]},"99":{"weight":1.0,"played":[0.0,1.0E-4,0.9999],"evs":[0.0,2.01161,2.11351]},"T9o":{"weight":1.0,"played":[1.0,0.0,0.0],"evs":[0.0,-0.25261,-0.32604]},"J9o":{"weight":1.0,"played":[1.0,0.0,0.0],"evs":[0.0,-0.31275,-0.37763]},"Q9o":{"weight":1.0,"played":[1.0,0.0,0.0],"evs":[0.0,-0.35178,-0.42894]},"K9o":{"weight":1.0,"played":[1.0,0.0,0.0],"evs":[0.0,-0.32494,-0.38157]},"A9o":{"weight":1.0,"played":[0.0,0.0659,0.9341],"evs":[0.0,0.22077,0.22497]},"T2s":{"weight":1.0,"played":[1.0,0.0,0.0],"evs":[0.0,-0.49775,-0.69045]},"T3s":{"weight":1.0,"played":[1.0,0.0,0.0],"evs":[0.0,-0.45169,-0.61746]},"T4s":{"weight":1.0,"played":[1.0,0.0,0.0],"evs":[0.0,-0.41052,-0.55005]},"T5s":{"weight":1.0,"played":[1.0,0.0,0.0],"evs":[0.0,-0.42027,-0.54281]},"T6s":{"weight":1.0,"played":[1.0,0.0,0.0],"evs":[0.0,-0.28995,-0.37972]},"T7s":{"weight":1.0,"played":[0.9999,0.0,0.0],"evs":[0.0,-0.13214,-0.19027]},"T8s":{"weight":1.0,"played":[0.0025,0.8423,0.1552],"evs":[0.0,0.01962,0.00216]},"T9s":{"weight":1.0,"played":[0.0,0.2636,0.7364],"evs":[0.0,0.13723,0.14608]},"TT":{"weight":1.0,"played":[0.0,0.0,1.0],"evs":[0.0,2.64259,2.73777]},"JTo":{"weight":1.0,"played":[1.0,0.0,0.0],"evs":[0.0,-0.09099,-0.1469]},"QTo":{"weight":1.0,"played":[1.0,0.0,0.0],"evs":[0.0,-0.11672,-0.15756]},"KTo":{"weight":1.0,"played":[0.9993,1.0E-4,6.0E-4],"evs":[0.0,-0.05359,-0.05583]},"ATo":{"weight":1.0,"played":[0.0,0.0,1.0],"evs":[0.0,0.81328,0.84896]},"J2s":{"weight":1.0,"played":[1.0,0.0,0.0],"evs":[0.0,-0.43128,-0.59412]},"J3s":{"weight":1.0,"played":[1.0,0.0,0.0],"evs":[0.0,-0.3907,-0.53418]},"J4s":{"weight":1.0,"played":[1.0,0.0,0.0],"evs":[0.0,-0.37388,-0.49911]},"J5s":{"weight":1.0,"played":[1.0,0.0,0.0],"evs":[0.0,-0.32806,-0.42263]},"J6s":{"weight":1.0,"played":[1.0,0.0,0.0],"evs":[0.0,-0.31584,-0.40105]},"J7s":{"weight":1.0,"played":[1.0,0.0,0.0],"evs":[0.0,-0.16516,-0.21458]},"J8s":{"weight":1.0,"played":[1.0,0.0,0.0],"evs":[0.0,-0.033,-0.03119]},"J9s":{"weight":1.0,"played":[1.0E-4,0.0852,0.9148],"evs":[0.0,0.07236,0.08825]},"JTs":{"weight":1.0,"played":[0.0,1.0E-4,0.9999],"evs":[0.0,0.29527,0.32455]},"JJ":{"weight":1.0,"played":[0.0,2.0E-4,0.9998],"evs":[0.0,3.26112,3.35303]},"QJo":{"weight":1.0,"played":[0.7112,0.2802,0.0086],"evs":[0.0,-0.01127,-0.02115]},"KJo":{"weight":1.0,"played":[0.0,0.1005,0.8995],"evs":[0.0,0.15438,0.18851]},"AJo":{"weight":1.0,"played":[0.0,0.0,1.0],"evs":[0.0,1.34863,1.39449]},"Q2s":{"weight":1.0,"played":[1.0,0.0,0.0],"evs":[0.0,-0.38436,-0.52067]},"Q3s":{"weight":1.0,"played":[1.0,0.0,0.0],"evs":[0.0,-0.33512,-0.43356]},"Q4s":{"weight":1.0,"played":[1.0,0.0,0.0],"evs":[0.0,-0.28878,-0.3624]},"Q5s":{"weight":1.0,"played":[1.0,0.0,0.0],"evs":[0.0,-0.26769,-0.30871]},"Q6s":{"weight":1.0,"played":[1.0,0.0,0.0],"evs":[0.0,-0.2104,-0.25537]},"Q7s":{"weight":1.0,"played":[1.0,0.0,0.0],"evs":[0.0,-0.21349,-0.24199]},"Q8s":{"weight":1.0,"played":[0.9741,0.0233,0.0026],"evs":[0.0,-0.05418,-0.06239]},"Q9s":{"weight":1.0,"played":[1.0E-4,0.0482,0.9517],"evs":[0.0,0.04954,0.07314]},"QTs":{"weight":1.0,"played":[0.0,4.0E-4,0.9996],"evs":[0.0,0.28678,0.32119]},"QJs":{"weight":1.0,"played":[0.0,0.0,1.0],"evs":[0.0,0.38662,0.44081]},"QQ":{"weight":1.0,"played":[0.0,0.0716,0.9284],"evs":[0.0,4.00735,4.09984]},"KQo":{"weight":1.0,"played":[0.0,0.0,1.0],"evs":[0.0,0.47434,0.60504]},"AQo":{"weight":1.0,"played":[0.0,0.0,1.0],"evs":[0.0,1.97166,2.02988]},"K2s":{"weight":1.0,"played":[1.0,0.0,0.0],"evs":[0.0,-0.25852,-0.33397]},"K3s":{"weight":1.0,"played":[1.0,0.0,0.0],"evs":[0.0,-0.22063,-0.25715]},"K4s":{"weight":1.0,"played":[0.9999,0.0,0.0],"evs":[0.0,-0.18715,-0.19712]},"K5s":{"weight":1.0,"played":[1.0,0.0,0.0],"evs":[0.0,-0.13965,-0.14077]},"K6s":{"weight":1.0,"played":[1.0,0.0,0.0],"evs":[0.0,-0.09561,-0.08643]},"K7s":{"weight":1.0,"played":[0.9892,7.0E-4,0.0101],"evs":[0.0,-0.06606,-0.05624]},"K8s":{"weight":1.0,"played":[0.9831,0.0124,0.0046],"evs":[0.0,-0.05055,-0.00963]},"K9s":{"weight":1.0,"played":[0.0,0.0026,0.9974],"evs":[0.0,0.08068,0.14117]},"KTs":{"weight":1.0,"played":[0.0,1.0E-4,0.9999],"evs":[0.0,0.36053,0.41729]},"KJs":{"weight":1.0,"played":[0.0,1.0E-4,0.9999],"evs":[0.0,0.54001,0.64122]},"KQs":{"weight":1.0,"played":[0.0,1.0E-4,0.9999],"evs":[0.0,0.8419,1.03838]},"KK":{"weight":1.0,"played":[0.0,0.2188,0.7812],"evs":[0.0,4.87766,4.95568]},"AKo":{"weight":1.0,"played":[0.0,0.0,1.0],"evs":[0.0,2.62938,2.66201]},"A2s":{"weight":1.0,"played":[0.0,0.1572,0.8428],"evs":[0.0,0.15854,0.1608]},"A3s":{"weight":1.0,"played":[0.0,0.0935,0.9065],"evs":[0.0,0.2394,0.25512]},"A4s":{"weight":1.0,"played":[0.0,0.0012,0.9988],"evs":[0.0,0.26641,0.28373]},"A5s":{"weight":1.0,"played":[0.0,0.0,1.0],"evs":[0.0,0.32634,0.36607]},"A6s":{"weight":1.0,"played":[0.0,0.0255,0.9745],"evs":[0.0,0.22917,0.2416]},"A7s":{"weight":1.0,"played":[0.0,5.0E-4,0.9995],"evs":[0.0,0.316,0.35425]},"A8s":{"weight":1.0,"played":[0.0,0.0,1.0],"evs":[0.0,0.44895,0.48824]},"A9s":{"weight":1.0,"played":[0.0,0.014,0.986],"evs":[0.0,0.6716,0.69471]},"ATs":{"weight":1.0,"played":[0.0,0.0019,0.9981],"evs":[0.0,1.26199,1.27516]},"AJs":{"weight":1.0,"played":[0.0,2.0E-4,0.9998],"evs":[0.0,1.76091,1.78797]},"AQs":{"weight":1.0,"played":[0.0,3.0E-4,0.9997],"evs":[0.0,2.34162,2.37519]},"AKs":{"weight":1.0,"played":[0.0,0.0074,0.9926],"evs":[0.0,2.96089,2.96454]},"AA":{"weight":1.0,"played":[0.0,1.0,0.0],"evs":[0.0,6.44404,6.39103]}}}